市场代码,合约代码,时间,最新,持仓,增仓,成交额,成交量,开仓,平仓,成交类型,方向,买一价,买二价,买三价,买四价,买五价,卖一价,卖二价,卖三价,卖四价,卖五价,买一量,买二量,买三量,买四量,买五量,卖一量,卖二量,卖三量,卖四量,卖五量
SF,IC2003,2020-01-03 09:29:00.400,5342.2000,55284,0,16026600.000,15.000,-,-,-,-,5342.0000,5341.2000,5339.0000,5338.4000,5338.2000,5348.8000,5349.0000,5350.0000,5350.2000,5352.0000,1,1,1,1,1,1,1,1,1,1
SF,IC2003,2020-01-03 09:30:00.400,5348.4000,55283,-1,20305840.000,4,1,3,多平,S,5348.6000,5348.4000,5346.0000,5345.8000,5345.6000,5349.0000,5350.2000,5350.6000,5352.0000,5353.0000,1,1,1,1,1,5,1,1,2,1
SF,IC2003,2020-01-03 09:30:00.900,5348.8000,55273,-10,31003480.000,10,0,10,双平,S,5346.0000,5345.8000,5344.6000,5344.2000,5343.0000,5349.0000,5349.8000,5350.2000,5350.6000,5351.2000,1,1,1,2,5,2,1,1,1,2
SF,IC2003,2020-01-03 09:30:01.400,5348.8000,55273,0,31003480.000,0,-,-,-,-,5346.2000,5346.0000,5344.8000,5344.2000,5343.0000,5348.0000,5348.6000,5348.8000,5349.0000,5349.8000,2,1,2,2,4,1,1,2,2,1
SF,IC2003,2020-01-03 09:30:01.900,5346.2000,55272,-1,32072720.000,1,0,1,双平,S,5344.8000,5343.0000,5342.8000,5342.6000,5342.2000,5347.0000,5347.8000,5348.0000,5348.2000,5349.0000,2,4,4,1,2,1,2,2,1,2
SF,IC2003,2020-01-03 09:30:02.400,5343.0000,55275,3,38485440.000,6,4,2,空开,S,5343.4000,5343.0000,5342.8000,5342.2000,5342.0000,5346.0000,5346.8000,5348.0000,5348.2000,5349.0000,2,1,4,2,4,1,2,2,1,2
SF,IC2003,2020-01-03 09:30:02.900,5343.2000,55274,-1,39554080.000,1,0,1,双平,S,5344.8000,5343.8000,5343.6000,5343.4000,5343.0000,5345.8000,5346.0000,5348.0000,5348.2000,5349.0000,2,2,7,2,1,2,2,1,1,2
SF,IC2003,2020-01-03 09:30:03.400,5345.8000,55274,0,40623240.000,1,0,1,多换,S,5345.0000,5343.8000,5343.6000,5343.4000,5343.0000,5348.0000,5348.2000,5349.0000,5349.8000,5350.2000,7,2,1,2,1,1,1,2,1,1
SF,IC2003,2020-01-03 09:30:03.900,5345.8000,55274,0,40623240.000,0,-,-,-,-,5346.0000,5345.2000,5343.8000,5343.4000,5343.0000,5347.8000,5348.0000,5349.0000,5349.8000,5350.2000,5,1,2,2,1,1,1,2,1,1
SF,IC2003,2020-01-03 09:30:04.400,5347.8000,55273,-1,41692800.000,1,0,1,双平,S,5346.2000,5345.2000,5343.8000,5343.4000,5343.0000,5348.0000,5349.0000,5349.8000,5350.2000,5350.6000,7,1,2,2,1,1,2,1,1,3
SF,IC2003,2020-01-03 09:30:04.900,5348.0000,55270,-3,45970840.000,4,0,4,多平,S,5348.0000,5345.2000,5343.8000,5343.4000,5343.0000,5349.0000,5349.8000,5350.2000,5350.6000,5351.2000,2,1,2,2,1,2,1,1,3,2
SF,IC2003,2020-01-03 09:30:05.400,5348.0000,55268,-2,49179640.000,3,0,3,多平,S,5345.2000,5345.0000,5343.8000,5343.4000,5343.0000,5348.2000,5348.8000,5349.0000,5349.8000,5350.2000,1,20,2,2,1,1,2,2,1,1
SF,IC2003,2020-01-03 09:30:05.900,5348.2000,55267,-1,52388520.000,3,1,2,多平,S,5345.6000,5345.4000,5345.2000,5345.0000,5343.8000,5348.8000,5349.0000,5349.8000,5350.2000,5350.6000,2,2,1,20,2,2,2,1,1,3
SF,IC2003,2020-01-03 09:30:06.400,5348.2000,55267,0,52388520.000,0,-,-,-,-,5348.0000,5345.8000,5345.6000,5345.4000,5345.0000,5348.6000,5348.8000,5349.0000,5349.8000,5350.2000,1,3,1,1,20,2,1,2,1,1
SF,IC2003,2020-01-03 09:30:06.900,5345.8000,55267,0,54527280.000,2,1,1,多换,S,5345.8000,5345.6000,5345.0000,5343.8000,5343.4000,5348.0000,5348.4000,5348.6000,5348.8000,5349.0000,1,1,20,2,2,2,1,1,1,2
SF,IC2003,2020-01-03 09:30:07.400,5348.0000,55265,-2,56666480.000,2,0,2,双平,S,5348.0000,5345.8000,5345.6000,5345.0000,5343.8000,5348.4000,5348.8000,5349.0000,5349.8000,5350.2000,1,1,2,20,2,1,1,2,1,1
SF,IC2003,2020-01-03 09:30:07.900,5347.8000,55264,-1,58805640.000,2,0,2,多平,S,5345.8000,5345.6000,5345.0000,5343.8000,5343.4000,5348.4000,5348.8000,5349.0000,5349.8000,5350.2000,1,2,20,2,2,1,1,2,1,1
SF,IC2003,2020-01-03 09:30:08.400,5347.8000,55264,0,58805640.000,0,-,-,-,-,5346.0000,5345.8000,5345.6000,5345.0000,5343.8000,5348.2000,5348.4000,5348.8000,5349.0000,5349.8000,1,1,2,20,2,1,1,1,2,1
SF,IC2003,2020-01-03 09:30:08.900,5348.2000,55262,-2,62014520.000,3,0,3,多平,S,5346.2000,5345.6000,5345.0000,5343.8000,5343.4000,5348.2000,5348.4000,5348.8000,5349.0000,5349.8000,1,2,20,2,2,1,1,1,2,1
SF,IC2003,2020-01-03 09:30:09.400,5348.2000,55262,0,62014520.000,0,-,-,-,-,5346.2000,5345.6000,5345.0000,5343.8000,5343.4000,5348.2000,5348.4000,5348.6000,5348.8000,5349.0000,1,2,20,2,2,1,1,1,1,2
SF,IC2003,2020-01-03 09:30:09.900,5348.6000,55262,0,65223560.000,3,1,2,多换,S,5346.2000,5345.6000,5345.0000,5343.8000,5343.4000,5348.0000,5348.8000,5349.0000,5349.8000,5350.2000,1,2,20,2,2,1,1,2,1,1
SF,IC2003,2020-01-03 09:30:10.400,5348.2000,55260,-2,67362800.000,2,0,2,双平,S,5346.4000,5346.2000,5345.6000,5345.0000,5343.8000,5348.8000,5349.0000,5349.8000,5350.2000,5350.6000,2,2,2,20,2,1,2,1,1,3
SF,IC2003,2020-01-03 09:30:10.900,5348.2000,55260,0,67362800.000,0,-,-,-,-,5346.6000,5346.4000,5346.2000,5345.6000,5345.0000,5348.8000,5349.0000,5349.8000,5350.2000,5350.6000,1,1,1,2,20,1,2,1,1,3
SF,IC2003,2020-01-03 09:30:11.400,5348.0000,55259,-1,68432400.000,1,0,1,双平,S,5348.0000,5346.8000,5346.6000,5345.6000,5345.0000,5348.6000,5348.8000,5349.0000,5349.8000,5350.2000,2,2,1,2,20,2,1,2,1,1
SF,IC2003,2020-01-03 09:30:11.900,5348.0000,55257,-2,70571600.000,2,0,2,双平,S,5346.8000,5346.6000,5345.6000,5345.0000,5343.8000,5348.6000,5348.8000,5349.0000,5349.8000,5350.2000,2,1,2,20,2,2,1,2,1,1
SF,IC2003,2020-01-03 09:30:12.400,5347.0000,55256,-1,71641000.000,1,0,1,双平,S,5347.0000,5346.8000,5345.6000,5345.0000,5343.8000,5348.6000,5348.8000,5349.0000,5349.8000,5350.2000,1,2,2,20,2,1,1,2,1,1
SF,IC2003,2020-01-03 09:30:12.900,5347.0000,55256,0,71641000.000,0,-,-,-,-,5347.4000,5347.2000,5347.0000,5346.8000,5345.6000,5348.6000,5348.8000,5349.0000,5349.8000,5350.2000,1,1,3,2,2,1,1,2,1,1
SF,IC2003,2020-01-03 09:30:13.400,5347.6000,55255,-1,73780240.000,2,0,2,多平,S,5347.0000,5346.8000,5345.6000,5345.0000,5343.8000,5348.0000,5348.2000,5348.6000,5348.8000,5349.0000,3,2,2,20,2,1,1,1,1,2
SF,IC2003,2020-01-03 09:30:13.900,5348.6000,55252,-3,76989200.000,3,0,3,双平,S,5347.4000,5347.0000,5346.8000,5345.6000,5345.0000,5348.8000,5349.0000,5349.8000,5350.2000,5350.6000,2,3,2,2,20,1,2,1,1,3
SF,IC2003,2020-01-03 09:30:14.400,5348.6000,55252,0,76989200.000,0,-,-,-,-,5347.6000,5347.0000,5346.8000,5345.6000,5345.0000,5348.8000,5349.0000,5349.8000,5350.2000,5350.6000,2,2,2,2,20,1,2,1,1,3
SF,IC2003,2020-01-03 09:30:14.900,5348.6000,55252,0,76989200.000,0,-,-,-,-,5347.8000,5347.6000,5346.8000,5345.6000,5345.0000,5348.8000,5349.0000,5349.8000,5350.2000,5350.6000,2,2,1,2,20,1,2,1,1,3
SF,IC2003,2020-01-03 09:30:15.400,5348.6000,55251,-1,78058920.000,1,0,1,双平,S,5348.0000,5347.8000,5346.8000,5345.6000,5345.0000,5348.6000,5348.8000,5349.0000,5349.8000,5350.2000,1,2,1,2,20,1,1,2,1,1
SF,IC2003,2020-01-03 09:30:15.900,5347.8000,55250,-1,82337440.000,4,1,3,多平,S,5346.8000,5345.6000,5345.0000,5343.8000,5343.4000,5348.8000,5349.0000,5349.8000,5350.2000,5350.6000,1,2,20,2,2,1,2,1,1,3
SF,IC2003,2020-01-03 09:30:16.400,5347.6000,55249,-1,84476720.000,2,0,2,多平,S,5347.6000,5347.2000,5347.0000,5346.8000,5345.6000,5347.8000,5349.0000,5349.8000,5350.2000,5350.6000,1,2,1,2,2,1,2,1,1,1
SF,IC2003,2020-01-03 09:30:16.900,5347.8000,55249,0,85546280.000,1,0,1,多换,S,5348.0000,5347.8000,5347.2000,5346.8000,5345.6000,5348.4000,5349.0000,5349.8000,5350.2000,5350.6000,1,3,3,2,2,1,3,2,1,1
SF,IC2003,2020-01-03 09:30:17.400,5348.4000,55249,0,87685560.000,2,1,1,多换,S,5347.8000,5347.2000,5346.8000,5345.6000,5345.0000,5349.0000,5349.8000,5350.2000,5350.6000,5350.8000,1,1,1,2,20,3,2,1,1,1
SF,IC2003,2020-01-03 09:30:17.900,5348.4000,55249,0,87685560.000,0,-,-,-,-,5348.0000,5347.8000,5347.2000,5346.8000,5345.6000,5348.8000,5349.0000,5349.8000,5350.2000,5350.6000,1,1,1,1,2,1,3,2,1,1
SF,IC2003,2020-01-03 09:30:18.400,5348.4000,55249,0,87685560.000,0,-,-,-,-,5348.6000,5348.0000,5347.8000,5346.8000,5345.6000,5348.8000,5349.0000,5349.8000,5350.2000,5350.6000,1,2,1,1,2,1,3,2,1,1
SF,IC2003,2020-01-03 09:30:18.900,5348.8000,55248,-1,88755320.000,1,0,1,双平,S,5348.6000,5348.0000,5347.8000,5346.8000,5345.6000,5349.0000,5349.8000,5350.2000,5350.6000,5350.8000,1,2,2,1,2,3,2,1,1,1
SF,IC2003,2020-01-03 09:30:19.400,5348.6000,55250,2,96243800.000,7,4,3,空开,S,5348.0000,5347.8000,5346.8000,5345.6000,5345.0000,5349.8000,5350.2000,5350.6000,5350.8000,5351.2000,2,2,2,2,20,2,1,1,1,2
SF,IC2003,2020-01-03 09:30:19.900,5349.8000,55249,-1,97313760.000,1,0,1,双平,S,5348.4000,5348.2000,5348.0000,5347.8000,5346.8000,5349.8000,5350.2000,5350.6000,5350.8000,5351.2000,1,2,2,2,2,1,1,1,1,2
SF,IC2003,2020-01-03 09:30:20.400,5349.8000,55249,0,97313760.000,0,-,-,-,-,5348.8000,5348.6000,5348.4000,5348.2000,5347.8000,5349.8000,5350.2000,5350.6000,5350.8000,5351.2000,1,2,1,2,2,1,1,1,1,2
SF,IC2003,2020-01-03 09:30:20.900,5349.8000,55249,0,97313760.000,0,-,-,-,-,5349.0000,5348.8000,5348.4000,5348.2000,5347.8000,5349.8000,5350.2000,5350.6000,5350.8000,5351.2000,1,1,1,2,2,1,1,1,1,2
SF,IC2003,2020-01-03 09:30:21.400,5349.8000,55249,0,97313760.000,0,-,-,-,-,5349.0000,5348.8000,5348.2000,5347.8000,5346.8000,5349.8000,5350.2000,5350.6000,5350.8000,5351.2000,3,1,1,2,2,1,1,1,1,2
SF,IC2003,2020-01-03 09:30:21.900,5349.8000,55249,0,97313760.000,0,-,-,-,-,5349.0000,5348.8000,5348.2000,5347.8000,5346.8000,5349.8000,5350.2000,5350.6000,5350.8000,5351.2000,3,1,1,1,2,1,1,1,1,2
SF,IC2003,2020-01-03 09:30:22.400,5349.8000,55248,-1,98383720.000,1,0,1,双平,S,5349.8000,5349.0000,5348.8000,5348.2000,5347.8000,5350.2000,5350.6000,5350.8000,5351.2000,5351.4000,1,3,1,1,1,1,1,1,2,1
SF,IC2003,2020-01-03 09:30:22.900,5349.0000,55245,-3,101593280.000,3,0,3,双平,S,5348.2000,5347.8000,5346.8000,5345.0000,5343.8000,5348.8000,5350.2000,5350.6000,5350.8000,5351.2000,1,1,2,20,2,6,1,1,1,2
SF,IC2003,2020-01-03 09:30:23.400,5348.8000,55242,-3,108011920.000,6,1,5,多平,S,5348.2000,5347.8000,5346.8000,5345.0000,5343.8000,5350.2000,5350.6000,5350.8000,5351.2000,5351.4000,1,1,2,20,2,1,1,1,2,1
SF,IC2003,2020-01-03 09:30:23.900,5348.8000,55242,0,108011920.000,0,-,-,-,-,5349.8000,5348.4000,5348.2000,5347.8000,5346.8000,5350.0000,5350.2000,5350.6000,5350.8000,5351.2000,2,1,1,1,2,3,1,1,1,2
SF,IC2003,2020-01-03 09:30:24.400,5349.8000,55240,-2,110151840.000,2,0,2,双平,S,5348.4000,5348.2000,5347.8000,5346.8000,5345.0000,5349.8000,5350.0000,5350.2000,5350.6000,5350.8000,1,1,1,2,20,1,6,1,1,1
SF,IC2003,2020-01-03 09:30:24.900,5349.8000,55240,0,111221800.000,1,0,1,多换,S,5348.4000,5348.2000,5347.8000,5346.8000,5345.0000,5350.0000,5350.2000,5350.6000,5350.8000,5351.2000,1,1,1,2,20,4,1,1,1,2
SF,IC2003,2020-01-03 09:30:25.400,5350.0000,55240,0,112291800.000,1,0,1,多换,S,5348.6000,5348.4000,5348.2000,5347.8000,5346.8000,5350.0000,5350.2000,5350.6000,5350.8000,5351.2000,1,3,1,1,2,3,1,1,1,2
SF,IC2003,2020-01-03 09:30:25.900,5350.0000,55240,0,112291800.000,0,-,-,-,-,5348.8000,5348.6000,5348.4000,5348.2000,5347.8000,5350.0000,5350.2000,5350.6000,5350.8000,5351.2000,1,1,2,1,1,3,1,1,1,2
SF,IC2003,2020-01-03 09:30:26.400,5350.0000,55240,0,112291800.000,0,-,-,-,-,5349.2000,5348.8000,5348.6000,5348.4000,5348.2000,5350.0000,5350.2000,5350.6000,5350.8000,5351.2000,1,2,1,1,1,3,1,1,1,2
SF,IC2003,2020-01-03 09:30:26.900,5350.0000,55239,-1,113361800.000,1,0,1,双平,S,5349.2000,5348.8000,5348.6000,5348.4000,5348.2000,5350.0000,5350.2000,5350.6000,5350.8000,5351.2000,1,2,1,1,1,2,1,1,1,2
SF,IC2003,2020-01-03 09:30:27.400,5349.2000,55238,-1,115501640.000,2,0,2,多平,S,5348.8000,5348.6000,5348.4000,5348.2000,5347.8000,5350.0000,5350.2000,5350.6000,5350.8000,5351.4000,1,1,1,1,1,1,1,1,1,1
SF,IC2003,2020-01-03 09:30:27.900,5350.0000,55238,0,116571640.000,1,0,1,多换,S,5349.0000,5348.8000,5348.6000,5348.4000,5348.2000,5350.2000,5350.6000,5350.8000,5351.4000,5352.0000,1,1,1,1,1,1,1,1,1,1
SF,IC2003,2020-01-03 09:30:28.400,5350.0000,55238,0,116571640.000,0,-,-,-,-,5349.0000,5348.8000,5348.6000,5348.2000,5347.8000,5350.2000,5350.6000,5350.8000,5351.4000,5352.0000,1,2,1,1,1,1,1,1,1,1
SF,IC2003,2020-01-03 09:30:28.900,5350.0000,55238,0,116571640.000,0,-,-,-,-,5349.0000,5348.8000,5348.6000,5348.2000,5347.8000,5350.2000,5350.6000,5350.8000,5351.4000,5352.0000,1,2,1,1,2,1,1,1,1,1
SF,IC2003,2020-01-03 09:30:29.400,5350.2000,55238,0,117641680.000,1,0,1,多换,S,5350.2000,5349.0000,5348.8000,5348.6000,5348.2000,5350.6000,5350.8000,5351.4000,5352.0000,5353.0000,1,1,2,1,1,1,1,1,1,1
SF,IC2003,2020-01-03 09:30:29.900,5350.2000,55238,0,118711720.000,1,0,1,多换,S,5349.0000,5348.8000,5348.6000,5348.2000,5347.8000,5350.2000,5350.6000,5350.8000,5351.4000,5352.0000,1,2,1,1,2,1,1,1,1,1
SF,IC2003,2020-01-03 09:30:30.400,5350.2000,55238,0,118711720.000,0,-,-,-,-,5349.0000,5348.8000,5348.6000,5348.2000,5347.8000,5350.0000,5350.2000,5350.6000,5350.8000,5351.4000,1,2,1,1,2,1,1,1,1,1
SF,IC2003,2020-01-03 09:30:30.900,5350.2000,55238,0,118711720.000,0,-,-,-,-,5349.0000,5348.8000,5348.2000,5347.8000,5346.8000,5349.8000,5350.2000,5350.6000,5350.8000,5351.4000,1,2,1,2,1,1,1,1,1,1
SF,IC2003,2020-01-03 09:30:31.400,5349.8000,55237,-1,119781680.000,1,0,1,双平,S,5349.0000,5348.8000,5348.2000,5347.8000,5346.8000,5350.2000,5350.6000,5350.8000,5351.4000,5352.0000,2,2,1,2,1,1,1,1,1,1
SF,IC2003,2020-01-03 09:30:31.900,5349.8000,55237,0,119781680.000,0,-,-,-,-,5349.4000,5349.2000,5349.0000,5348.8000,5348.2000,5350.2000,5350.6000,5350.8000,5351.4000,5352.0000,1,1,2,2,1,1,1,1,1,1
SF,IC2003,2020-01-03 09:30:32.400,5349.0000,55234,-3,124061240.000,4,0,4,多平,S,5348.8000,5348.2000,5347.8000,5346.8000,5346.2000,5350.6000,5350.8000,5351.4000,5352.0000,5352.8000,2,1,2,1,1,1,1,1,1,1
SF,IC2003,2020-01-03 09:30:32.900,5349.0000,55234,0,124061240.000,0,-,-,-,-,5349.0000,5348.8000,5348.2000,5347.8000,5346.8000,5350.0000,5350.4000,5350.6000,5350.8000,5351.4000,1,2,1,2,1,1,3,1,1,1
SF,IC2003,2020-01-03 09:30:33.400,5350.0000,55234,0,125131240.000,1,0,1,多换,S,5350.0000,5349.0000,5348.8000,5348.2000,5347.8000,5350.2000,5350.4000,5350.6000,5350.8000,5351.4000,19,1,2,1,2,1,2,1,1,1
SF,IC2003,2020-01-03 09:30:33.900,5350.0000,55233,-1,128341280.000,3,1,2,多平,S,5350.2000,5350.0000,5348.8000,5348.2000,5347.8000,5350.4000,5350.6000,5350.8000,5351.4000,5352.0000,1,17,2,1,2,2,1,1,1,1
SF,IC2003,2020-01-03 09:30:34.400,5350.0000,55232,-1,132621480.000,4,1,3,多平,S,5350.0000,5348.8000,5348.2000,5347.8000,5346.8000,5350.2000,5350.6000,5350.8000,5351.4000,5352.0000,17,2,2,2,1,1,1,2,1,1
SF,IC2003,2020-01-03 09:30:34.900,5350.2000,55231,-1,133691520.000,1,0,1,双平,S,5350.0000,5348.8000,5348.2000,5347.8000,5346.8000,5350.6000,5350.8000,5351.4000,5352.0000,5352.8000,17,2,2,2,1,1,2,1,1,1
SF,IC2003,2020-01-03 09:30:35.400,5350.0000,55232,1,140111600.000,6,3,3,空开,S,5350.0000,5348.8000,5348.2000,5347.8000,5346.8000,5350.2000,5350.4000,5350.6000,5350.8000,5351.4000,12,2,2,2,1,1,1,1,2,1
SF,IC2003,2020-01-03 09:30:35.900,5350.2000,55241,9,154021640.000,13,11,2,空开,S,5350.2000,5348.8000,5348.2000,5347.8000,5346.8000,5350.4000,5350.6000,5350.8000,5351.4000,5352.0000,1,2,2,2,1,1,1,2,1,1
SF,IC2003,2020-01-03 09:30:36.400,5350.2000,55241,0,155091680.000,1,0,1,多换,S,5349.8000,5348.8000,5348.6000,5348.2000,5348.0000,5350.4000,5350.6000,5350.8000,5351.4000,5352.0000,3,2,1,2,1,1,1,2,1,1
SF,IC2003,2020-01-03 09:30:36.900,5350.4000,55241,0,156161760.000,1,0,1,多换,S,5350.4000,5350.2000,5349.8000,5348.8000,5348.6000,5350.6000,5350.8000,5351.4000,5352.0000,5352.8000,1,1,3,2,1,1,2,1,1,1
SF,IC2003,2020-01-03 09:30:37.400,5350.6000,55239,-2,158301960.000,2,0,2,双平,S,5350.6000,5350.2000,5349.8000,5348.8000,5348.6000,5350.8000,5351.4000,5352.0000,5352.8000,5353.0000,2,1,3,2,1,2,1,1,1,1
SF,IC2003,2020-01-03 09:30:37.900,5350.2000,55237,-2,162582280.000,4,1,3,多平,S,5349.8000,5348.8000,5348.6000,5348.2000,5348.0000,5350.0000,5350.8000,5351.4000,5352.0000,5352.8000,3,2,1,2,1,2,2,1,1,1
SF,IC2003,2020-01-03 09:30:38.400,5350.0000,55235,-2,164722280.000,2,0,2,双平,S,5349.8000,5348.8000,5348.6000,5348.2000,5348.0000,5350.8000,5351.4000,5352.0000,5352.8000,5353.0000,3,2,1,2,1,2,1,1,1,1
SF,IC2003,2020-01-03 09:30:38.900,5350.0000,55235,0,164722280.000,0,-,-,-,-,5349.8000,5348.8000,5348.6000,5348.2000,5348.0000,5350.6000,5350.8000,5351.4000,5352.0000,5352.8000,3,2,1,2,1,2,2,1,1,1
SF,IC2003,2020-01-03 09:30:39.400,5350.0000,55234,-1,165792280.000,1,0,1,双平,S,5350.0000,5349.8000,5348.8000,5348.6000,5348.2000,5350.6000,5350.8000,5351.4000,5352.0000,5352.8000,1,3,2,1,2,2,2,1,1,1
SF,IC2003,2020-01-03 09:30:39.900,5350.0000,55234,0,165792280.000,0,-,-,-,-,5350.0000,5349.8000,5349.4000,5348.8000,5348.6000,5350.6000,5350.8000,5351.0000,5351.4000,5352.0000,1,3,1,2,1,2,2,1,1,1
SF,IC2003,2020-01-03 09:30:40.400,5350.0000,55234,0,165792280.000,0,-,-,-,-,5350.0000,5349.8000,5349.4000,5348.8000,5348.6000,5350.6000,5350.8000,5351.0000,5351.4000,5352.0000,1,3,1,2,1,3,2,1,1,1
SF,IC2003,2020-01-03 09:30:40.900,5350.0000,55234,0,165792280.000,0,-,-,-,-,5350.0000,5349.8000,5349.4000,5348.8000,5348.6000,5350.6000,5350.8000,5351.0000,5351.4000,5352.0000,1,4,1,2,1,3,2,1,1,1
SF,IC2003,2020-01-03 09:30:41.400,5350.6000,55233,-1,167932400.000,2,0,2,多平,S,5349.8000,5349.4000,5348.8000,5348.6000,5348.2000,5350.6000,5350.8000,5351.0000,5351.4000,5352.0000,4,1,2,1,2,2,2,1,1,1
SF,IC2003,2020-01-03 09:30:42.400,5350.6000,55233,0,169002520.000,1,0,1,多换,S,5349.8000,5349.4000,5348.8000,5348.6000,5348.2000,5350.6000,5350.8000,5351.0000,5351.4000,5352.0000,4,1,2,1,2,1,2,1,1,1
SF,IC2003,2020-01-03 09:30:42.900,5350.4000,55233,0,171142560.000,2,1,1,多换,S,5349.8000,5349.4000,5348.8000,5348.6000,5348.2000,5350.4000,5350.6000,5350.8000,5351.0000,5351.4000,3,1,2,1,2,1,1,2,1,1
SF,IC2003,2020-01-03 09:30:43.400,5350.4000,55233,0,171142560.000,0,-,-,-,-,5349.8000,5349.4000,5348.8000,5348.6000,5348.2000,5350.4000,5350.6000,5350.8000,5351.0000,5351.4000,3,1,2,1,2,1,1,2,1,1
SF,IC2003,2020-01-03 09:30:43.900,5350.4000,55233,0,172212640.000,1,0,1,多换,S,5349.8000,5349.4000,5348.8000,5348.6000,5348.2000,5350.6000,5350.8000,5351.0000,5351.4000,5352.0000,3,1,2,1,2,1,2,1,1,1
SF,IC2003,2020-01-03 09:30:44.400,5350.4000,55233,0,172212640.000,0,-,-,-,-,5349.8000,5349.4000,5348.8000,5348.6000,5348.2000,5350.2000,5350.6000,5350.8000,5351.0000,5351.4000,3,1,2,1,2,1,1,2,1,1
SF,IC2003,2020-01-03 09:30:44.900,5350.2000,55231,-2,174352720.000,2,0,2,双平,S,5349.8000,5349.4000,5348.8000,5348.6000,5348.2000,5350.6000,5350.8000,5351.0000,5351.4000,5352.0000,3,1,2,1,2,1,2,1,1,1
SF,IC2003,2020-01-03 09:30:45.900,5349.8000,55231,0,175422680.000,1,0,1,多换,S,5349.8000,5349.4000,5348.8000,5348.6000,5348.2000,5350.2000,5350.6000,5350.8000,5351.0000,5351.4000,2,1,2,1,2,1,1,2,1,1
SF,IC2003,2020-01-03 09:30:46.400,5350.6000,55229,-2,177562840.000,2,0,2,双平,S,5350.6000,5349.8000,5349.4000,5348.8000,5348.6000,5350.8000,5351.0000,5351.4000,5352.0000,5352.8000,2,2,1,2,1,2,1,1,1,1
SF,IC2003,2020-01-03 09:30:46.900,5350.6000,55227,-2,179703080.000,2,0,2,双平,S,5349.8000,5349.4000,5349.0000,5348.8000,5348.6000,5350.8000,5351.0000,5351.4000,5352.0000,5352.8000,2,1,1,2,1,2,1,1,1,1
SF,IC2003,2020-01-03 09:30:47.400,5350.6000,55226,-1,180773200.000,1,0,1,双平,S,5349.8000,5349.4000,5349.0000,5348.8000,5348.6000,5350.8000,5351.0000,5351.4000,5352.0000,5352.8000,2,1,1,2,1,2,1,1,1,1
SF,IC2003,2020-01-03 09:30:47.900,5350.6000,55226,0,180773200.000,0,-,-,-,-,5349.8000,5349.4000,5349.0000,5348.8000,5348.6000,5350.8000,5351.0000,5351.4000,5352.0000,5352.8000,2,1,1,2,1,2,1,1,1,1
SF,IC2003,2020-01-03 09:30:48.400,5350.8000,55226,0,181843360.000,1,0,1,多换,S,5349.8000,5349.4000,5349.0000,5348.8000,5348.6000,5350.8000,5351.0000,5351.4000,5352.0000,5352.8000,2,1,1,2,1,1,1,1,1,1
SF,IC2003,2020-01-03 09:30:48.900,5350.8000,55226,0,181843360.000,0,-,-,-,-,5349.8000,5349.4000,5349.0000,5348.8000,5348.6000,5350.8000,5351.0000,5351.4000,5352.0000,5352.8000,2,1,1,2,1,1,1,1,1,1
SF,IC2003,2020-01-03 09:30:49.400,5350.8000,55226,0,183983680.000,2,1,1,多换,S,5350.8000,5349.8000,5349.4000,5349.0000,5348.8000,5351.0000,5351.4000,5352.0000,5353.0000,5353.4000,1,2,1,1,2,1,1,1,1,2
SF,IC2003,2020-01-03 09:30:49.900,5350.8000,55226,0,185053840.000,1,0,1,多换,S,5349.8000,5349.4000,5349.0000,5348.8000,5348.6000,5350.6000,5350.8000,5351.0000,5351.4000,5352.0000,2,1,1,2,1,1,1,1,1,1
SF,IC2003,2020-01-03 09:30:50.400,5350.8000,55225,-1,186124000.000,1,0,1,双平,S,5350.8000,5350.0000,5349.8000,5349.4000,5349.0000,5351.0000,5351.4000,5352.0000,5353.0000,5353.4000,1,2,2,1,1,1,1,1,1,2
SF,IC2003,2020-01-03 09:30:50.900,5351.0000,55225,0,188264400.000,2,1,1,多换,S,5350.8000,5350.4000,5350.0000,5349.8000,5349.4000,5351.4000,5352.0000,5353.0000,5353.4000,5353.6000,1,1,1,2,1,1,1,1,2,1
SF,IC2003,2020-01-03 09:30:51.400,5351.0000,55224,-1,189334600.000,1,0,1,双平,S,5350.8000,5350.4000,5350.0000,5349.8000,5349.4000,5351.4000,5352.0000,5353.0000,5353.4000,5353.6000,1,1,1,2,1,1,1,1,2,1
SF,IC2003,2020-01-03 09:30:51.900,5350.8000,55223,-1,190404760.000,1,0,1,双平,S,5350.4000,5350.0000,5349.8000,5349.6000,5349.4000,5351.4000,5352.0000,5353.0000,5353.4000,5353.6000,1,1,2,1,1,1,1,1,2,1
SF,IC2003,2020-01-03 09:30:52.400,5350.8000,55223,0,190404760.000,0,-,-,-,-,5350.4000,5350.0000,5349.8000,5349.6000,5349.4000,5351.0000,5351.4000,5352.0000,5353.0000,5353.4000,1,1,2,1,1,1,1,1,1,2
SF,IC2003,2020-01-03 09:30:52.900,5350.8000,55223,0,190404760.000,0,-,-,-,-,5350.4000,5350.0000,5349.8000,5349.6000,5349.4000,5350.6000,5351.0000,5351.4000,5352.0000,5353.0000,1,1,2,1,1,1,1,1,1,1
SF,IC2003,2020-01-03 09:30:53.900,5350.8000,55223,0,190404760.000,0,-,-,-,-,5350.4000,5350.0000,5349.8000,5349.6000,5349.4000,5350.6000,5350.8000,5351.0000,5351.4000,5352.0000,1,1,2,1,1,1,1,1,1,1
SF,IC2003,2020-01-03 09:30:54.400,5350.4000,55223,0,191474840.000,1,0,1,多换,S,5350.0000,5349.8000,5349.6000,5349.4000,5349.0000,5350.4000,5350.6000,5350.8000,5351.0000,5351.4000,1,2,1,1,1,4,1,1,1,1
SF,IC2003,2020-01-03 09:30:54.900,5350.4000,55222,-1,192544920.000,1,0,1,双平,S,5350.2000,5350.0000,5349.8000,5349.6000,5349.4000,5350.4000,5350.6000,5350.8000,5351.0000,5351.4000,1,1,2,1,1,3,1,1,1,1
SF,IC2003,2020-01-03 09:30:55.400,5350.4000,55222,0,192544920.000,0,-,-,-,-,5350.2000,5349.8000,5349.6000,5349.4000,5349.0000,5350.4000,5350.6000,5350.8000,5351.0000,5351.4000,1,2,1,1,1,3,1,1,1,1
SF,IC2003,2020-01-03 09:30:55.900,5350.2000,55221,-1,193614960.000,1,0,1,双平,S,5349.8000,5349.6000,5349.4000,5349.0000,5348.6000,5350.4000,5350.6000,5350.8000,5351.0000,5351.4000,2,2,1,1,1,3,1,1,1,1
SF,IC2003,2020-01-03 09:30:57.400,5350.4000,55220,-1,194685040.000,1,0,1,双平,S,5349.8000,5349.6000,5349.4000,5349.0000,5348.6000,5350.4000,5350.6000,5350.8000,5351.0000,5351.4000,2,2,1,1,1,2,1,1,1,1
SF,IC2003,2020-01-03 09:30:57.900,5350.4000,55219,-1,195755120.000,1,0,1,双平,S,5349.8000,5349.6000,5349.4000,5349.0000,5348.6000,5350.4000,5350.6000,5350.8000,5351.0000,5351.4000,2,2,1,1,1,1,1,1,1,1
SF,IC2003,2020-01-03 09:30:58.400,5350.4000,55219,0,195755120.000,0,-,-,-,-,5350.0000,5349.8000,5349.6000,5349.4000,5349.0000,5350.4000,5350.6000,5350.8000,5351.0000,5351.4000,1,2,2,1,1,1,1,1,1,1
SF,IC2003,2020-01-03 09:30:58.900,5350.4000,55219,0,195755120.000,0,-,-,-,-,5350.0000,5349.8000,5349.6000,5349.4000,5349.0000,5350.4000,5350.6000,5350.8000,5351.0000,5351.4000,1,2,2,1,1,1,1,1,1,1
SF,IC2003,2020-01-03 09:30:59.400,5350.4000,55218,-1,196825200.000,1,0,1,双平,S,5350.0000,5349.8000,5349.6000,5349.4000,5349.0000,5350.6000,5350.8000,5351.0000,5351.4000,5352.0000,1,2,2,1,1,1,1,1,1,2
SF,IC2003,2020-01-03 09:30:59.900,5350.0000,55219,1,197895200.000,1,1,0,双开,S,5349.8000,5349.6000,5349.4000,5349.0000,5348.6000,5350.4000,5350.6000,5350.8000,5351.0000,5351.4000,2,2,1,1,1,1,1,1,1,1
SF,IC2003,2020-01-03 09:31:00.400,5350.4000,55218,-1,198965280.000,1,0,1,双平,S,5349.8000,5349.6000,5349.4000,5349.0000,5348.6000,5350.6000,5350.8000,5351.0000,5351.4000,5352.0000,2,2,1,1,1,1,1,1,1,2
SF,IC2003,2020-01-03 09:31:00.900,5350.4000,55218,0,198965280.000,0,-,-,-,-,5349.8000,5349.6000,5349.4000,5349.0000,5348.6000,5350.6000,5350.8000,5351.0000,5352.0000,5353.0000,2,2,1,1,1,1,1,1,3,1
SF,IC2003,2020-01-03 09:31:01.400,5351.0000,55218,0,205385640.000,6,3,3,多换,S,5349.6000,5349.4000,5349.0000,5348.6000,5348.2000,5350.0000,5352.0000,5353.0000,5353.4000,5353.6000,2,1,1,1,2,1,3,1,2,1
SF,IC2003,2020-01-03 09:31:01.900,5350.2000,55216,-2,209665520.000,4,1,3,多平,S,5350.6000,5349.4000,5349.0000,5348.6000,5348.2000,5352.0000,5353.0000,5353.4000,5353.6000,5353.8000,2,1,1,1,2,3,1,2,1,1
SF,IC2003,2020-01-03 09:31:02.400,5350.6000,55214,-2,211805760.000,2,0,2,双平,S,5349.4000,5349.0000,5348.6000,5348.2000,5348.0000,5350.4000,5350.6000,5351.4000,5351.6000,5351.8000,1,1,1,2,1,3,7,1,1,2
SF,IC2003,2020-01-03 09:31:02.900,5350.6000,55214,0,211805760.000,0,-,-,-,-,5349.6000,5349.4000,5349.0000,5348.6000,5348.2000,5349.8000,5350.2000,5350.4000,5350.6000,5351.6000,1,1,1,1,2,1,1,3,2,1
SF,IC2003,2020-01-03 09:31:03.400,5349.8000,55213,-1,212875720.000,1,0,1,双平,S,5349.8000,5349.4000,5349.0000,5348.6000,5348.2000,5350.2000,5350.4000,5351.6000,5351.8000,5352.0000,2,1,1,1,2,1,1,1,1,3
SF,IC2003,2020-01-03 09:31:04.400,5349.8000,55213,0,215015640.000,2,1,1,多换,S,5349.4000,5349.0000,5348.6000,5348.2000,5348.0000,5350.4000,5351.6000,5351.8000,5352.0000,5353.0000,1,1,1,2,1,1,1,1,3,1
SF,IC2003,2020-01-03 09:31:04.900,5350.4000,55212,-1,216085720.000,1,0,1,双平,S,5349.4000,5349.0000,5348.6000,5348.2000,5348.0000,5351.6000,5351.8000,5352.0000,5353.0000,5353.4000,1,1,1,2,1,1,1,3,1,2
SF,IC2003,2020-01-03 09:31:05.400,5350.4000,55212,0,216085720.000,0,-,-,-,-,5350.2000,5349.6000,5349.4000,5349.0000,5348.6000,5351.4000,5351.8000,5352.0000,5353.0000,5353.4000,2,2,1,1,1,1,1,3,1,2
SF,IC2003,2020-01-03 09:31:05.900,5350.2000,55212,0,218225800.000,2,1,1,多换,S,5349.6000,5349.4000,5349.0000,5348.6000,5348.2000,5350.6000,5351.2000,5351.4000,5351.8000,5352.0000,2,1,1,1,2,1,2,2,1,3
SF,IC2003,2020-01-03 09:31:06.400,5350.2000,55212,0,218225800.000,0,-,-,-,-,5349.6000,5349.4000,5349.0000,5348.6000,5348.2000,5351.2000,5351.4000,5352.0000,5353.0000,5353.4000,2,1,1,1,2,1,1,3,1,2
SF,IC2003,2020-01-03 09:31:06.900,5351.0000,55212,0,220365920.000,2,1,1,多换,S,5350.0000,5349.4000,5349.0000,5348.6000,5348.2000,5351.2000,5352.0000,5353.0000,5353.4000,5353.6000,1,1,1,1,2,1,3,1,2,1
SF,IC2003,2020-01-03 09:31:07.400,5351.0000,55212,0,220365920.000,0,-,-,-,-,5350.0000,5349.4000,5349.0000,5348.6000,5348.2000,5350.6000,5351.2000,5352.0000,5353.0000,5353.4000,1,1,1,1,2,1,1,2,1,2
SF,IC2003,2020-01-03 09:31:07.900,5351.0000,55212,0,220365920.000,0,-,-,-,-,5350.0000,5349.4000,5349.0000,5348.6000,5348.2000,5350.6000,5351.2000,5352.0000,5353.0000,5353.4000,1,1,1,1,2,1,1,2,1,2
SF,IC2003,2020-01-03 09:31:08.900,5351.0000,55212,0,220365920.000,0,-,-,-,-,5350.0000,5349.4000,5349.0000,5348.6000,5348.2000,5350.6000,5352.0000,5353.0000,5353.4000,5353.6000,1,1,1,1,2,1,2,1,2,1
SF,IC2003,2020-01-03 09:31:09.400,5350.0000,55210,-2,223576160.000,3,0,3,多平,S,5349.4000,5349.0000,5348.6000,5348.2000,5348.0000,5352.0000,5353.0000,5353.4000,5353.6000,5354.0000,1,1,1,2,1,2,1,2,1,10
SF,IC2003,2020-01-03 09:31:09.900,5350.0000,55211,1,224646160.000,1,1,0,双开,S,5349.8000,5349.6000,5349.4000,5349.0000,5348.6000,5351.8000,5352.0000,5353.0000,5353.4000,5353.6000,2,3,1,1,1,3,2,2,2,1
SF,IC2003,2020-01-03 09:31:10.400,5350.0000,55211,0,224646160.000,0,-,-,-,-,5350.0000,5349.8000,5349.6000,5349.4000,5349.0000,5351.6000,5351.8000,5352.0000,5353.0000,5353.4000,2,2,2,1,1,1,3,2,2,2
SF,IC2003,2020-01-03 09:31:10.900,5350.0000,55210,-1,225716160.000,1,0,1,双平,S,5350.0000,5349.8000,5349.6000,5349.4000,5349.0000,5351.4000,5351.6000,5351.8000,5352.0000,5353.0000,1,2,1,1,1,2,1,1,2,2
SF,IC2003,2020-01-03 09:31:11.400,5350.0000,55210,0,225716160.000,0,-,-,-,-,5350.4000,5350.2000,5349.8000,5349.4000,5349.0000,5351.4000,5351.6000,5351.8000,5352.0000,5353.0000,1,2,2,1,1,2,2,1,2,2
SF,IC2003,2020-01-03 09:31:11.900,5350.8000,55209,-1,226786320.000,1,0,1,双平,S,5350.2000,5349.8000,5349.4000,5349.0000,5348.6000,5351.2000,5351.4000,5351.6000,5351.8000,5352.0000,2,2,1,1,1,1,2,2,1,2
SF,IC2003,2020-01-03 09:31:12.400,5351.2000,55209,0,228926760.000,2,1,1,多换,S,5350.2000,5349.8000,5349.4000,5349.0000,5348.6000,5351.4000,5351.6000,5351.8000,5352.0000,5353.0000,2,2,1,1,1,1,2,1,2,2
SF,IC2003,2020-01-03 09:31:12.900,5351.2000,55209,0,228926760.000,0,-,-,-,-,5350.4000,5350.2000,5349.8000,5349.4000,5349.0000,5351.4000,5351.6000,5352.0000,5353.0000,5353.4000,1,2,2,1,1,2,2,2,2,2
SF,IC2003,2020-01-03 09:31:13.400,5351.4000,55206,-3,235347120.000,6,1,5,多平,S,5349.4000,5349.0000,5348.6000,5348.2000,5348.0000,5351.6000,5352.0000,5353.0000,5353.4000,5353.6000,1,2,1,2,1,2,2,2,2,1
SF,IC2003,2020-01-03 09:31:13.900,5351.4000,55206,0,235347120.000,0,-,-,-,-,5349.6000,5349.4000,5349.0000,5348.6000,5348.2000,5351.4000,5351.6000,5352.0000,5353.0000,5353.4000,2,1,2,1,2,1,1,2,2,2
SF,IC2003,2020-01-03 09:31:14.400,5351.6000,55204,-2,237487720.000,2,0,2,双平,S,5351.2000,5350.8000,5350.0000,5349.8000,5349.6000,5352.0000,5353.0000,5353.6000,5354.0000,5354.2000,1,2,3,3,2,2,2,1,10,3
SF,IC2003,2020-01-03 09:31:14.900,5351.6000,55204,0,237487720.000,0,-,-,-,-,5351.4000,5350.8000,5350.0000,5349.8000,5349.6000,5352.0000,5353.0000,5353.6000,5354.0000,5354.2000,2,1,2,2,1,2,2,1,10,3
SF,IC2003,2020-01-03 09:31:15.400,5352.0000,55202,-2,239628400.000,2,0,2,双平,S,5350.8000,5350.0000,5349.8000,5349.4000,5349.0000,5352.0000,5353.0000,5353.6000,5354.0000,5354.2000,1,3,1,1,2,1,2,1,10,3
SF,IC2003,2020-01-03 09:31:15.900,5352.0000,55202,0,241769080.000,2,1,1,多换,S,5351.0000,5350.8000,5350.0000,5349.4000,5349.0000,5353.0000,5353.6000,5354.0000,5354.2000,5354.6000,4,3,3,1,2,2,1,10,3,1
SF,IC2003,2020-01-03 09:31:16.400,5352.0000,55202,0,241769080.000,0,-,-,-,-,5352.2000,5352.0000,5351.4000,5351.2000,5351.0000,5353.0000,5353.6000,5354.0000,5354.2000,5354.6000,1,2,2,3,4,2,1,10,3,1
SF,IC2003,2020-01-03 09:31:16.900,5353.0000,55200,-2,243910280.000,2,0,2,双平,S,5351.4000,5351.2000,5351.0000,5350.8000,5350.0000,5353.6000,5354.0000,5354.2000,5354.6000,5355.0000,2,3,3,1,3,1,10,3,1,2
SF,IC2003,2020-01-03 09:31:17.400,5353.6000,55200,0,248192720.000,4,2,2,多换,S,5353.6000,5352.2000,5351.8000,5351.6000,5351.4000,5354.0000,5354.2000,5354.6000,5355.0000,5356.0000,2,1,1,5,1,10,3,1,2,2
SF,IC2003,2020-01-03 09:31:17.900,5353.6000,55200,0,250334160.000,2,1,1,多换,S,5353.4000,5352.2000,5351.8000,5351.6000,5351.4000,5354.0000,5354.2000,5354.6000,5355.0000,5356.0000,1,1,1,4,1,10,3,1,2,2
SF,IC2003,2020-01-03 09:31:18.400,5354.0000,55200,0,252475640.000,2,1,1,多换,S,5352.2000,5351.8000,5351.6000,5351.4000,5351.2000,5354.0000,5354.2000,5354.6000,5355.0000,5356.0000,1,1,3,1,1,9,3,1,2,2
SF,IC2003,2020-01-03 09:31:18.900,5354.0000,55198,-2,254617240.000,2,0,2,双平,S,5353.2000,5352.6000,5352.4000,5352.2000,5351.8000,5354.0000,5354.2000,5354.6000,5355.0000,5356.0000,1,2,4,1,1,7,3,1,2,2
SF,IC2003,2020-01-03 09:31:19.400,5354.0000,55198,0,259971240.000,5,2,3,多换,S,5353.4000,5352.6000,5352.4000,5352.2000,5351.8000,5354.0000,5354.2000,5354.6000,5355.0000,5356.0000,1,1,2,1,1,2,3,1,2,2
SF,IC2003,2020-01-03 09:31:19.900,5354.0000,55196,-2,262112840.000,2,0,2,双平,S,5354.0000,5353.4000,5352.6000,5352.4000,5352.2000,5354.2000,5354.6000,5355.0000,5356.0000,5357.0000,2,1,1,2,1,3,1,2,2,1
SF,IC2003,2020-01-03 09:31:20.400,5354.6000,55192,-4,266396280.000,4,0,4,双平,S,5354.4000,5354.2000,5354.0000,5352.6000,5352.4000,5355.0000,5356.0000,5357.0000,5358.0000,5358.8000,1,2,2,1,2,2,2,1,1,1
SF,IC2003,2020-01-03 09:31:20.900,5355.0000,55192,0,268538280.000,2,1,1,多换,S,5354.6000,5354.4000,5354.2000,5354.0000,5352.6000,5355.0000,5356.0000,5357.0000,5358.0000,5358.8000,1,1,3,2,1,1,2,1,1,1
SF,IC2003,2020-01-03 09:31:21.400,5358.8000,55187,-5,274966440.000,6,0,6,多平,S,5355.0000,5354.8000,5354.6000,5354.4000,5354.2000,5359.0000,5360.0000,5361.2000,5362.2000,5363.0000,1,1,1,1,3,4,2,2,1,1
SF,IC2003,2020-01-03 09:31:21.900,5358.8000,55186,-1,278181720.000,3,1,2,多平,S,5355.2000,5355.0000,5354.6000,5354.4000,5354.2000,5358.6000,5358.8000,5359.0000,5360.0000,5361.2000,2,1,1,1,4,1,3,4,2,2
SF,IC2003,2020-01-03 09:31:22.400,5358.6000,55185,-1,279253440.000,1,0,1,双平,S,5355.4000,5355.2000,5355.0000,5354.6000,5354.4000,5358.4000,5358.6000,5358.8000,5359.0000,5360.0000,3,2,1,1,1,3,2,2,4,2
SF,IC2003,2020-01-03 09:31:22.900,5358.6000,55185,0,279253440.000,0,-,-,-,-,5355.6000,5355.4000,5355.2000,5355.0000,5354.6000,5358.4000,5358.6000,5358.8000,5359.0000,5360.0000,2,3,1,1,1,3,1,2,4,2
SF,IC2003,2020-01-03 09:31:23.400,5358.4000,55184,-1,282468520.000,3,1,2,多平,S,5355.8000,5355.6000,5355.4000,5355.2000,5355.0000,5358.6000,5358.8000,5359.0000,5360.0000,5361.2000,2,2,1,1,1,1,1,4,2,2
SF,IC2003,2020-01-03 09:31:23.900,5358.4000,55183,-1,284611400.000,2,0,2,多平,S,5356.0000,5355.8000,5355.6000,5355.2000,5355.0000,5358.6000,5358.8000,5359.0000,5360.0000,5361.2000,2,2,1,1,1,1,1,4,2,2
SF,IC2003,2020-01-03 09:31:24.400,5358.4000,55183,0,284611400.000,0,-,-,-,-,5356.2000,5356.0000,5355.6000,5355.2000,5355.0000,5358.4000,5358.8000,5359.0000,5360.0000,5361.2000,1,2,1,1,1,2,1,4,2,2
SF,IC2003,2020-01-03 09:31:24.900,5358.4000,55183,0,284611400.000,0,-,-,-,-,5356.4000,5356.2000,5356.0000,5355.6000,5355.0000,5358.4000,5358.8000,5359.0000,5360.0000,5361.2000,1,1,1,1,1,2,1,4,2,2
SF,IC2003,2020-01-03 09:31:25.400,5358.4000,55183,0,284611400.000,0,-,-,-,-,5356.2000,5356.0000,5355.0000,5354.6000,5354.4000,5358.0000,5358.2000,5358.4000,5358.8000,5359.0000,1,1,1,1,1,2,2,2,1,4
SF,IC2003,2020-01-03 09:31:25.900,5358.4000,55183,0,289969800.000,5,2,3,多换,S,5356.4000,5356.2000,5356.0000,5355.0000,5354.6000,5358.0000,5358.2000,5358.4000,5358.8000,5359.0000,1,1,1,1,1,1,1,1,1,4
SF,IC2003,2020-01-03 09:31:26.400,5358.0000,55181,-2,292113000.000,2,0,2,双平,S,5356.4000,5356.2000,5356.0000,5355.0000,5354.6000,5358.2000,5358.4000,5358.8000,5359.0000,5360.0000,1,1,1,1,1,1,1,1,4,2
SF,IC2003,2020-01-03 09:31:26.900,5356.6000,55180,-1,293184320.000,1,0,1,双平,S,5356.4000,5356.2000,5356.0000,5355.0000,5354.6000,5357.8000,5358.0000,5358.2000,5358.4000,5358.8000,1,1,1,1,1,1,3,1,1,1
SF,IC2003,2020-01-03 09:31:27.400,5356.4000,55179,-1,294255600.000,1,0,1,双平,S,5356.0000,5355.0000,5354.6000,5354.2000,5354.0000,5357.6000,5357.8000,5358.0000,5358.2000,5358.4000,1,1,1,3,1,1,1,2,1,1
SF,IC2003,2020-01-03 09:31:27.900,5356.4000,55179,0,294255600.000,0,-,-,-,-,5356.2000,5355.2000,5355.0000,5354.6000,5354.2000,5357.8000,5358.0000,5358.2000,5358.4000,5358.8000,1,1,1,1,3,1,2,1,1,1
SF,IC2003,2020-01-03 09:31:28.400,5356.4000,55179,0,294255600.000,0,-,-,-,-,5356.2000,5355.2000,5355.0000,5354.6000,5354.2000,5357.6000,5357.8000,5358.0000,5358.2000,5358.4000,1,1,1,1,3,3,1,2,1,1
SF,IC2003,2020-01-03 09:31:28.900,5356.4000,55179,0,294255600.000,0,-,-,-,-,5356.2000,5355.2000,5355.0000,5354.6000,5354.2000,5357.6000,5357.8000,5358.0000,5358.2000,5358.4000,1,1,1,1,3,1,1,2,1,1
SF,IC2003,2020-01-03 09:31:29.400,5356.4000,55179,0,294255600.000,0,-,-,-,-,5356.2000,5355.2000,5355.0000,5354.6000,5354.2000,5357.8000,5358.0000,5358.2000,5358.4000,5359.0000,1,1,1,1,3,1,2,1,1,4
SF,IC2003,2020-01-03 09:31:29.900,5356.4000,55179,0,295326880.000,1,0,1,多换,S,5356.2000,5355.2000,5355.0000,5354.6000,5354.2000,5357.6000,5357.8000,5358.0000,5358.2000,5358.4000,1,1,1,1,3,2,2,2,1,1
SF,IC2003,2020-01-03 09:31:30.400,5356.4000,55179,0,295326880.000,0,-,-,-,-,5356.2000,5355.2000,5355.0000,5354.6000,5354.2000,5357.6000,5357.8000,5358.0000,5358.2000,5358.4000,1,1,2,1,2,2,2,3,1,1
SF,IC2003,2020-01-03 09:31:30.900,5356.4000,55179,0,295326880.000,0,-,-,-,-,5356.2000,5355.2000,5355.0000,5354.6000,5354.2000,5357.6000,5357.8000,5358.0000,5358.2000,5358.4000,1,1,2,1,2,2,2,3,1,1
SF,IC2003,2020-01-03 09:31:31.400,5357.6000,55179,0,296398400.000,1,0,1,多换,S,5356.2000,5355.2000,5355.0000,5354.6000,5354.2000,5357.8000,5358.0000,5358.2000,5358.4000,5359.0000,1,1,2,1,2,2,3,1,1,4
SF,IC2003,2020-01-03 09:31:31.900,5357.6000,55179,0,296398400.000,0,-,-,-,-,5356.2000,5355.2000,5355.0000,5354.6000,5354.2000,5357.6000,5357.8000,5358.0000,5358.2000,5358.4000,1,1,2,1,2,1,2,3,1,1
SF,IC2003,2020-01-03 09:31:32.400,5357.6000,55179,0,296398400.000,0,-,-,-,-,5356.2000,5355.2000,5355.0000,5354.6000,5354.2000,5357.6000,5357.8000,5358.0000,5358.2000,5358.4000,1,1,2,1,2,1,2,3,1,1
SF,IC2003,2020-01-03 09:31:32.900,5356.2000,55178,-1,297469640.000,1,0,1,双平,S,5355.2000,5355.0000,5354.6000,5354.2000,5354.0000,5356.2000,5357.4000,5357.8000,5358.0000,5358.2000,1,2,1,2,1,4,2,2,3,1
SF,IC2003,2020-01-03 09:31:33.400,5356.2000,55178,0,298540880.000,1,0,1,多换,S,5355.4000,5355.2000,5355.0000,5354.6000,5354.2000,5356.2000,5357.4000,5357.8000,5358.0000,5359.0000,1,1,2,1,2,3,2,2,1,4
SF,IC2003,2020-01-03 09:31:33.900,5356.2000,55178,0,299612120.000,1,0,1,多换,S,5355.4000,5355.2000,5355.0000,5354.6000,5354.2000,5356.2000,5357.4000,5357.8000,5358.0000,5359.0000,1,1,2,1,2,2,2,2,1,4
SF,IC2003,2020-01-03 09:31:34.400,5356.2000,55178,0,299612120.000,0,-,-,-,-,5355.4000,5355.2000,5355.0000,5354.6000,5354.2000,5356.2000,5357.4000,5357.8000,5358.0000,5358.6000,1,1,2,1,2,2,2,2,1,1
SF,IC2003,2020-01-03 09:31:34.900,5356.2000,55178,0,302825840.000,3,1,2,多换,S,5356.2000,5355.4000,5355.2000,5355.0000,5354.6000,5357.4000,5357.8000,5358.0000,5358.6000,5359.0000,11,1,1,2,1,2,2,1,1,4
SF,IC2003,2020-01-03 09:31:35.400,5355.2000,55172,-6,316751600.000,13,3,10,多平,S,5355.0000,5354.2000,5354.0000,5353.4000,5352.6000,5356.0000,5356.2000,5356.8000,5357.2000,5357.4000,2,1,2,1,1,1,1,1,1,8
SF,IC2003,2020-01-03 09:31:35.900,5355.2000,55172,0,316751600.000,0,-,-,-,-,5355.2000,5355.0000,5354.2000,5354.0000,5353.4000,5356.0000,5356.2000,5357.4000,5357.8000,5358.0000,1,2,1,2,1,1,1,5,2,1
SF,IC2003,2020-01-03 09:31:36.400,5356.0000,55172,0,317822800.000,1,0,1,多换,S,5356.0000,5355.2000,5355.0000,5354.2000,5354.0000,5356.2000,5357.4000,5357.8000,5358.0000,5359.0000,9,3,2,1,2,1,2,2,1,4
SF,IC2003,2020-01-03 09:31:36.900,5356.2000,55171,-1,318894040.000,1,0,1,双平,S,5356.2000,5356.0000,5355.2000,5355.0000,5354.2000,5357.4000,5357.8000,5358.0000,5359.0000,5359.4000,1,9,3,2,1,2,2,1,4,2
SF,IC2003,2020-01-03 09:31:37.400,5357.4000,55171,0,324251440.000,5,2,3,多换,S,5357.4000,5356.0000,5355.2000,5355.0000,5354.2000,5357.8000,5358.0000,5359.0000,5359.4000,5360.0000,9,9,3,2,1,2,1,4,2,3
SF,IC2003,2020-01-03 09:31:37.900,5357.4000,55171,0,333894760.000,9,4,5,多换,S,5356.0000,5355.2000,5355.0000,5354.2000,5354.0000,5357.6000,5357.8000,5358.0000,5359.0000,5359.4000,9,3,2,1,2,2,2,2,4,2
SF,IC2003,2020-01-03 09:31:38.400,5357.6000,55171,0,334966280.000,1,0,1,多换,S,5356.4000,5356.2000,5356.0000,5355.2000,5355.0000,5357.6000,5357.8000,5358.0000,5359.0000,5359.4000,2,2,9,2,2,1,2,2,4,2
SF,IC2003,2020-01-03 09:31:38.900,5357.6000,55171,0,334966280.000,0,-,-,-,-,5356.6000,5356.0000,5355.2000,5355.0000,5354.2000,5357.6000,5357.8000,5358.0000,5359.0000,5359.4000,2,9,2,2,1,1,2,2,4,2
SF,IC2003,2020-01-03 09:31:39.400,5357.6000,55171,0,334966280.000,0,-,-,-,-,5356.6000,5356.0000,5355.2000,5355.0000,5354.2000,5357.6000,5357.8000,5358.0000,5359.0000,5359.4000,1,9,1,2,1,3,2,2,4,2
SF,IC2003,2020-01-03 09:31:39.900,5356.6000,55170,-1,336037600.000,1,0,1,双平,S,5356.0000,5355.2000,5355.0000,5354.2000,5354.0000,5357.6000,5357.8000,5358.0000,5359.0000,5359.4000,9,1,2,1,2,3,2,2,4,2
SF,IC2003,2020-01-03 09:31:40.400,5356.6000,55170,0,336037600.000,0,-,-,-,-,5356.2000,5356.0000,5355.2000,5355.0000,5354.2000,5357.6000,5357.8000,5358.0000,5359.0000,5359.4000,2,9,1,2,1,3,2,2,4,2
SF,IC2003,2020-01-03 09:31:40.900,5356.2000,55167,-3,339251880.000,3,0,3,双平,S,5356.2000,5356.0000,5355.2000,5355.0000,5354.2000,5357.4000,5357.6000,5357.8000,5358.0000,5359.0000,1,9,1,2,1,1,1,2,2,4
SF,IC2003,2020-01-03 09:31:41.400,5356.2000,55167,0,339251880.000,0,-,-,-,-,5357.4000,5356.2000,5356.0000,5355.2000,5355.0000,5357.6000,5357.8000,5358.0000,5359.0000,5359.4000,1,1,9,1,2,1,2,2,4,2
SF,IC2003,2020-01-03 09:31:41.900,5357.4000,55166,-1,340323360.000,1,0,1,双平,S,5356.2000,5356.0000,5355.2000,5355.0000,5354.2000,5357.6000,5357.8000,5358.0000,5359.0000,5359.4000,1,9,1,2,1,1,2,2,4,2
SF,IC2003,2020-01-03 09:31:42.900,5357.4000,55166,0,340323360.000,0,-,-,-,-,5356.2000,5356.0000,5355.2000,5355.0000,5354.2000,5357.6000,5357.8000,5358.0000,5359.0000,5359.4000,1,9,1,2,1,1,2,2,4,2
SF,IC2003,2020-01-03 09:31:43.400,5357.4000,55166,0,340323360.000,0,-,-,-,-,5356.2000,5356.0000,5355.2000,5355.0000,5354.2000,5357.6000,5357.8000,5358.0000,5359.0000,5359.4000,1,9,1,1,1,1,2,2,4,2
SF,IC2003,2020-01-03 09:31:43.900,5357.4000,55166,0,340323360.000,0,-,-,-,-,5356.2000,5356.0000,5355.2000,5355.0000,5354.4000,5357.6000,5357.8000,5358.0000,5359.0000,5359.4000,1,9,1,1,1,1,2,2,4,2
SF,IC2003,2020-01-03 09:31:44.400,5356.2000,55165,-1,342465840.000,2,0,2,多平,S,5356.0000,5355.2000,5355.0000,5354.4000,5354.2000,5357.6000,5357.8000,5358.0000,5359.0000,5359.4000,9,1,1,1,1,1,2,1,4,2
SF,IC2003,2020-01-03 09:31:44.900,5356.0000,55165,0,343537040.000,1,0,1,多换,S,5356.0000,5355.2000,5355.0000,5354.4000,5354.2000,5357.4000,5357.6000,5357.8000,5358.0000,5359.0000,8,1,1,1,1,5,1,2,1,4
SF,IC2003,2020-01-03 09:31:45.400,5356.0000,55165,0,343537040.000,0,-,-,-,-,5356.0000,5355.2000,5355.0000,5354.4000,5354.2000,5356.2000,5357.4000,5357.6000,5357.8000,5358.0000,8,1,1,1,1,1,5,1,2,1
SF,IC2003,2020-01-03 09:31:45.900,5356.0000,55168,3,348893120.000,5,4,1,空开,S,5356.0000,5355.2000,5355.0000,5354.4000,5354.2000,5357.4000,5357.8000,5359.0000,5359.4000,5360.0000,5,1,1,1,1,1,2,4,2,3
SF,IC2003,2020-01-03 09:31:46.400,5356.0000,55168,0,348893120.000,0,-,-,-,-,5356.0000,5355.2000,5355.0000,5354.4000,5354.2000,5357.2000,5357.4000,5357.8000,5359.0000,5359.4000,5,1,1,1,1,1,5,2,4,2
SF,IC2003,2020-01-03 09:31:46.900,5357.0000,55166,-2,355320680.000,6,2,4,多平,S,5356.2000,5356.0000,5355.2000,5355.0000,5354.4000,5357.0000,5357.2000,5357.4000,5357.8000,5359.0000,1,1,1,1,1,1,1,4,2,4
SF,IC2003,2020-01-03 09:31:47.400,5356.0000,55165,-1,357463120.000,2,0,2,多平,S,5355.2000,5355.0000,5354.4000,5354.2000,5354.0000,5356.0000,5356.6000,5357.2000,5357.4000,5357.8000,1,1,1,1,1,3,1,1,4,2
SF,IC2003,2020-01-03 09:31:47.900,5355.2000,55164,-1,358534160.000,1,0,1,双平,S,5355.0000,5354.4000,5354.2000,5354.0000,5353.0000,5355.2000,5355.8000,5356.0000,5356.6000,5357.2000,1,1,1,1,2,4,1,9,1,1
SF,IC2003,2020-01-03 09:31:48.400,5355.0000,55164,0,359605160.000,1,0,1,多换,S,5354.4000,5354.2000,5354.0000,5353.0000,5352.6000,5354.8000,5355.2000,5355.8000,5356.0000,5356.6000,1,1,1,2,2,2,4,1,9,1
SF,IC2003,2020-01-03 09:31:48.900,5354.4000,55164,0,360676040.000,1,0,1,多换,S,5354.2000,5354.0000,5353.0000,5352.6000,5350.0000,5354.4000,5354.8000,5355.2000,5355.8000,5356.0000,1,1,2,1,9,1,1,4,1,8
SF,IC2003,2020-01-03 09:31:49.400,5355.2000,55163,-1,364959680.000,4,1,3,多平,S,5353.0000,5352.6000,5350.0000,5349.0000,5348.6000,5355.2000,5356.0000,5356.6000,5357.2000,5357.4000,2,1,9,2,1,3,8,1,1,2
SF,IC2003,2020-01-03 09:31:49.900,5355.2000,55163,0,364959680.000,0,-,-,-,-,5352.6000,5350.0000,5349.0000,5348.6000,5348.2000,5355.0000,5355.2000,5356.0000,5356.6000,5357.4000,1,9,2,1,1,5,3,8,1,2
SF,IC2003,2020-01-03 09:31:50.400,5352.6000,55162,-1,366030200.000,1,0,1,双平,S,5352.6000,5350.0000,5349.0000,5348.6000,5348.2000,5354.6000,5354.8000,5355.0000,5355.2000,5356.0000,1,9,2,1,1,1,1,4,3,8
SF,IC2003,2020-01-03 09:31:50.900,5354.4000,55162,0,367101080.000,1,0,1,多换,S,5352.8000,5352.6000,5350.0000,5349.0000,5348.6000,5354.4000,5354.6000,5355.0000,5355.2000,5356.0000,2,2,9,2,1,2,1,3,3,8
SF,IC2003,2020-01-03 09:31:51.400,5354.4000,55162,0,368171960.000,1,0,1,多换,S,5352.8000,5352.6000,5350.0000,5349.0000,5348.6000,5354.2000,5354.4000,5355.0000,5355.2000,5356.0000,1,1,9,2,1,1,1,3,3,8
SF,IC2003,2020-01-03 09:31:51.900,5354.4000,55162,0,368171960.000,0,-,-,-,-,5353.0000,5350.0000,5349.0000,5348.6000,5348.2000,5354.2000,5354.4000,5355.0000,5355.2000,5356.0000,1,9,2,1,1,2,1,3,3,8
SF,IC2003,2020-01-03 09:31:52.400,5353.2000,55161,-1,369242600.000,1,0,1,双平,S,5350.0000,5349.0000,5348.6000,5348.2000,5348.0000,5354.0000,5354.2000,5355.0000,5355.2000,5356.0000,9,2,1,1,1,1,2,3,3,8
SF,IC2003,2020-01-03 09:31:52.900,5353.2000,55161,0,369242600.000,0,-,-,-,-,5350.8000,5350.4000,5350.2000,5350.0000,5349.0000,5353.8000,5354.0000,5354.2000,5355.0000,5355.2000,1,2,5,9,2,1,2,1,3,3
SF,IC2003,2020-01-03 09:31:53.400,5353.6000,55161,0,370313320.000,1,0,1,多换,S,5351.0000,5350.8000,5350.4000,5350.2000,5350.0000,5353.8000,5354.2000,5355.0000,5355.2000,5356.0000,3,1,2,4,9,1,1,1,3,8
SF,IC2003,2020-01-03 09:31:53.900,5353.6000,55161,0,370313320.000,0,-,-,-,-,5351.2000,5351.0000,5350.8000,5350.4000,5350.2000,5353.6000,5355.2000,5356.0000,5356.6000,5357.8000,3,3,1,2,4,2,3,8,1,2
SF,IC2003,2020-01-03 09:31:54.400,5353.6000,55161,0,371384040.000,1,0,1,多换,S,5351.4000,5351.2000,5351.0000,5350.4000,5350.2000,5353.6000,5355.2000,5356.0000,5356.6000,5357.8000,1,3,2,2,4,1,3,8,1,2
SF,IC2003,2020-01-03 09:31:54.900,5353.6000,55161,0,371384040.000,0,-,-,-,-,5351.4000,5351.2000,5350.4000,5350.2000,5350.0000,5353.4000,5353.6000,5355.2000,5356.0000,5356.6000,1,2,2,1,9,1,1,3,8,1
SF,IC2003,2020-01-03 09:31:55.400,5353.6000,55161,0,371384040.000,0,-,-,-,-,5351.6000,5351.4000,5350.2000,5350.0000,5349.0000,5353.0000,5353.2000,5353.4000,5355.2000,5356.0000,1,1,1,9,2,1,3,1,3,8
SF,IC2003,2020-01-03 09:31:55.900,5353.6000,55161,0,371384040.000,0,-,-,-,-,5351.8000,5351.6000,5350.0000,5349.0000,5348.6000,5353.0000,5353.2000,5353.4000,5355.2000,5356.0000,2,2,9,2,1,1,3,1,3,8
SF,IC2003,2020-01-03 09:31:56.400,5353.0000,55162,1,372454640.000,1,1,0,双开,S,5351.8000,5350.8000,5350.0000,5349.0000,5348.6000,5353.0000,5353.2000,5353.4000,5355.2000,5356.0000,1,1,10,2,1,1,3,1,3,7
SF,IC2003,2020-01-03 09:31:56.900,5353.0000,55162,0,372454640.000,0,-,-,-,-,5351.8000,5350.8000,5350.0000,5349.0000,5348.6000,5353.0000,5353.2000,5353.4000,5355.2000,5356.0000,1,1,10,2,1,1,3,1,3,8
SF,IC2003,2020-01-03 09:31:57.400,5353.0000,55162,0,372454640.000,0,-,-,-,-,5351.8000,5350.8000,5350.0000,5349.0000,5348.6000,5352.8000,5353.0000,5353.2000,5353.4000,5355.2000,1,1,10,2,1,1,1,2,1,3
SF,IC2003,2020-01-03 09:31:57.900,5352.8000,55161,-1,373525200.000,1,0,1,双平,S,5353.0000,5352.0000,5351.8000,5350.8000,5350.0000,5353.2000,5355.2000,5356.0000,5356.6000,5357.8000,1,1,2,1,10,2,3,8,1,2
SF,IC2003,2020-01-03 09:31:58.400,5353.0000,55161,0,374595800.000,1,0,1,多换,S,5351.8000,5350.8000,5350.0000,5349.0000,5348.6000,5353.0000,5353.2000,5355.2000,5356.0000,5356.6000,2,1,10,2,1,1,2,3,8,1
SF,IC2003,2020-01-03 09:31:58.900,5353.0000,55161,0,374595800.000,0,-,-,-,-,5351.8000,5350.8000,5350.0000,5349.0000,5348.6000,5352.8000,5353.2000,5355.2000,5356.0000,5356.6000,2,1,10,2,1,1,2,3,8,1
SF,IC2003,2020-01-03 09:31:59.400,5353.0000,55161,0,375666400.000,1,0,1,多换,S,5352.0000,5351.8000,5350.8000,5350.0000,5349.0000,5353.2000,5355.2000,5356.0000,5356.6000,5357.8000,1,2,1,10,2,2,3,8,1,2
SF,IC2003,2020-01-03 09:31:59.900,5352.2000,55160,-1,377807480.000,2,0,2,多平,S,5351.8000,5350.8000,5350.0000,5349.0000,5348.6000,5353.2000,5355.2000,5356.0000,5356.6000,5357.8000,1,2,10,2,1,1,3,7,1,2
SF,IC2003,2020-01-03 09:32:00.400,5353.2000,55159,-1,379948720.000,2,0,2,多平,S,5350.8000,5350.0000,5349.0000,5348.6000,5348.4000,5353.2000,5355.2000,5356.0000,5356.6000,5357.8000,2,10,2,1,1,1,3,7,1,2
SF,IC2003,2020-01-03 09:32:00.900,5353.2000,55159,0,379948720.000,0,-,-,-,-,5351.0000,5350.8000,5350.0000,5349.0000,5348.6000,5352.8000,5353.0000,5353.2000,5355.2000,5356.0000,2,2,10,2,1,1,1,1,3,7
SF,IC2003,2020-01-03 09:32:01.400,5352.8000,55158,-1,381019280.000,1,0,1,双平,S,5351.2000,5351.0000,5350.8000,5350.0000,5349.0000,5352.6000,5352.8000,5355.2000,5356.0000,5356.6000,1,2,2,10,2,1,1,3,7,1
SF,IC2003,2020-01-03 09:32:01.900,5352.8000,55158,0,385301520.000,4,2,2,多换,S,5350.8000,5350.0000,5349.6000,5349.0000,5348.6000,5352.6000,5355.2000,5356.0000,5356.6000,5357.8000,2,11,2,2,1,2,3,7,1,2
SF,IC2003,2020-01-03 09:32:02.400,5352.8000,55158,0,385301520.000,0,-,-,-,-,5350.8000,5350.0000,5349.6000,5349.0000,5348.6000,5352.4000,5352.6000,5355.2000,5356.0000,5356.6000,2,11,2,2,1,3,3,3,7,1
SF,IC2003,2020-01-03 09:32:02.900,5352.8000,55158,0,385301520.000,0,-,-,-,-,5350.8000,5350.0000,5349.0000,5348.6000,5348.4000,5352.2000,5352.4000,5352.6000,5355.2000,5356.0000,2,11,2,1,1,1,3,2,3,7
SF,IC2003,2020-01-03 09:32:03.400,5352.8000,55158,0,385301520.000,0,-,-,-,-,5350.8000,5350.0000,5349.0000,5348.6000,5348.4000,5352.0000,5352.2000,5352.4000,5352.6000,5355.2000,3,11,2,1,1,1,1,2,2,3
SF,IC2003,2020-01-03 09:32:03.900,5352.8000,55158,0,385301520.000,0,-,-,-,-,5351.0000,5350.8000,5350.0000,5349.0000,5348.6000,5352.0000,5352.2000,5352.4000,5352.6000,5355.2000,1,3,11,2,1,2,1,2,2,3
SF,IC2003,2020-01-03 09:32:04.400,5350.8000,55157,-1,389582240.000,4,1,3,多平,S,5350.0000,5349.0000,5348.6000,5348.4000,5348.2000,5350.8000,5352.0000,5352.2000,5352.6000,5355.2000,11,2,1,1,1,2,1,1,1,3
SF,IC2003,2020-01-03 09:32:04.900,5350.8000,55155,-2,391722560.000,2,0,2,双平,S,5350.2000,5350.0000,5349.0000,5348.6000,5348.4000,5352.0000,5352.2000,5352.6000,5355.2000,5356.0000,1,11,2,1,1,1,1,1,3,7
SF,IC2003,2020-01-03 09:32:05.400,5350.8000,55155,0,391722560.000,0,-,-,-,-,5350.2000,5350.0000,5349.0000,5348.6000,5348.4000,5351.8000,5352.0000,5352.6000,5355.2000,5356.0000,1,11,2,1,1,3,2,1,3,7
SF,IC2003,2020-01-03 09:32:05.900,5350.8000,55155,0,391722560.000,0,-,-,-,-,5350.2000,5350.0000,5349.0000,5348.6000,5348.4000,5350.8000,5351.6000,5351.8000,5352.0000,5352.6000,1,11,2,1,1,1,1,3,2,1
SF,IC2003,2020-01-03 09:32:06.400,5350.8000,55154,-1,393862760.000,2,0,2,多平,S,5350.0000,5349.0000,5348.6000,5348.4000,5348.2000,5351.6000,5351.8000,5352.0000,5352.6000,5353.4000,11,2,1,1,1,1,2,2,1,1
SF,IC2003,2020-01-03 09:32:06.900,5350.8000,55154,0,393862760.000,0,-,-,-,-,5350.0000,5349.0000,5348.6000,5348.4000,5348.2000,5351.4000,5351.6000,5351.8000,5352.0000,5352.6000,11,2,1,1,1,1,4,1,2,1
SF,IC2003,2020-01-03 09:32:07.400,5350.8000,55154,0,393862760.000,0,-,-,-,-,5350.2000,5350.0000,5349.0000,5348.6000,5348.4000,5351.4000,5351.6000,5351.8000,5352.0000,5352.6000,1,11,2,1,1,1,3,1,2,1
SF,IC2003,2020-01-03 09:32:07.900,5350.8000,55154,0,393862760.000,0,-,-,-,-,5350.0000,5349.0000,5348.6000,5348.4000,5348.2000,5351.4000,5351.6000,5351.8000,5352.0000,5352.6000,11,2,1,1,1,1,3,1,2,1
SF,IC2003,2020-01-03 09:32:08.900,5350.8000,55154,0,393862760.000,0,-,-,-,-,5350.0000,5349.0000,5348.6000,5348.4000,5348.2000,5350.8000,5351.4000,5351.6000,5351.8000,5352.0000,11,2,1,1,1,1,1,3,1,2
SF,IC2003,2020-01-03 09:32:09.400,5350.8000,55154,0,393862760.000,0,-,-,-,-,5350.2000,5350.0000,5349.0000,5348.6000,5348.4000,5350.8000,5351.4000,5351.6000,5351.8000,5352.0000,1,11,2,1,1,1,2,3,1,2
SF,IC2003,2020-01-03 09:32:09.900,5350.8000,55153,-1,394932920.000,1,0,1,双平,S,5351.0000,5350.2000,5350.0000,5349.0000,5348.6000,5351.4000,5351.6000,5351.8000,5352.0000,5352.6000,1,1,11,2,1,2,3,1,2,1
SF,IC2003,2020-01-03 09:32:10.400,5351.0000,55152,-1,396003120.000,1,0,1,双平,S,5350.2000,5350.0000,5349.0000,5348.6000,5348.4000,5350.8000,5351.0000,5351.4000,5351.6000,5351.8000,1,11,2,1,1,1,5,2,3,1
SF,IC2003,2020-01-03 09:32:10.900,5351.0000,55152,0,396003120.000,0,-,-,-,-,5350.2000,5350.0000,5349.0000,5348.6000,5348.4000,5350.8000,5351.0000,5351.4000,5351.6000,5351.8000,1,11,2,1,1,1,4,2,3,1
SF,IC2003,2020-01-03 09:32:11.400,5351.0000,55152,0,396003120.000,0,-,-,-,-,5350.0000,5349.0000,5348.6000,5348.4000,5348.2000,5350.8000,5351.0000,5351.4000,5351.6000,5351.8000,9,2,1,1,1,1,4,2,3,1
SF,IC2003,2020-01-03 09:32:11.900,5351.0000,55152,0,396003120.000,0,-,-,-,-,5350.0000,5349.0000,5348.6000,5348.4000,5348.2000,5350.8000,5351.0000,5351.4000,5351.6000,5351.8000,9,2,1,1,1,1,4,2,3,1
SF,IC2003,2020-01-03 09:32:12.400,5351.0000,55152,0,396003120.000,0,-,-,-,-,5350.0000,5349.0000,5348.6000,5348.4000,5348.2000,5350.8000,5351.4000,5351.6000,5351.8000,5352.0000,9,2,1,1,1,1,2,3,1,2
SF,IC2003,2020-01-03 09:32:12.900,5351.0000,55152,0,396003120.000,0,-,-,-,-,5350.0000,5349.0000,5348.6000,5348.4000,5348.2000,5350.8000,5351.4000,5351.6000,5351.8000,5352.0000,9,2,1,1,1,1,2,3,1,2
SF,IC2003,2020-01-03 09:32:13.900,5351.0000,55152,0,396003120.000,0,-,-,-,-,5350.0000,5349.0000,5348.6000,5348.4000,5348.2000,5350.8000,5351.0000,5351.4000,5351.6000,5351.8000,11,2,1,1,1,1,1,2,3,1
SF,IC2003,2020-01-03 09:32:14.400,5351.0000,55152,0,396003120.000,0,-,-,-,-,5350.0000,5349.0000,5348.6000,5348.4000,5348.2000,5350.2000,5350.8000,5351.0000,5351.4000,5351.6000,11,2,1,1,1,1,1,1,2,3
SF,IC2003,2020-01-03 09:32:14.900,5350.0000,55152,0,397073120.000,1,0,1,多换,S,5350.0000,5349.0000,5348.6000,5348.4000,5348.2000,5350.2000,5350.8000,5351.0000,5351.4000,5351.6000,11,2,1,1,1,1,1,1,2,3
SF,IC2003,2020-01-03 09:32:15.400,5350.0000,55149,-3,409913160.000,12,4,8,多平,S,5349.0000,5348.6000,5348.4000,5348.2000,5348.0000,5350.0000,5350.8000,5351.0000,5351.4000,5351.6000,2,1,1,1,1,9,1,1,2,3
SF,IC2003,2020-01-03 09:32:15.900,5350.0000,55149,0,409913160.000,0,-,-,-,-,5349.2000,5349.0000,5348.6000,5348.4000,5348.2000,5349.8000,5350.0000,5350.8000,5351.0000,5351.4000,1,2,1,1,1,1,9,1,1,2
SF,IC2003,2020-01-03 09:32:16.400,5349.8000,55148,-1,410983120.000,1,0,1,双平,S,5349.0000,5348.6000,5348.4000,5348.2000,5348.0000,5350.0000,5350.8000,5351.0000,5351.4000,5352.0000,2,1,1,1,1,9,1,1,2,2
SF,IC2003,2020-01-03 09:32:16.900,5349.8000,55148,0,410983120.000,0,-,-,-,-,5349.0000,5348.6000,5348.4000,5348.2000,5348.0000,5350.0000,5351.0000,5351.4000,5352.0000,5352.6000,2,1,1,1,1,9,1,2,1,1
SF,IC2003,2020-01-03 09:32:17.400,5349.8000,55148,0,410983120.000,0,-,-,-,-,5349.0000,5348.6000,5348.4000,5348.2000,5348.0000,5349.2000,5350.0000,5351.0000,5351.4000,5352.0000,2,1,1,1,1,3,9,1,2,1
SF,IC2003,2020-01-03 09:32:17.900,5349.2000,55145,-3,414192640.000,3,0,3,双平,S,5349.4000,5349.2000,5349.0000,5348.6000,5348.4000,5350.0000,5351.0000,5351.4000,5352.0000,5352.6000,3,2,3,1,1,10,1,2,1,1
SF,IC2003,2020-01-03 09:32:18.400,5350.0000,55145,0,415262640.000,1,0,1,多换,S,5349.4000,5349.2000,5349.0000,5348.6000,5348.4000,5350.0000,5351.0000,5351.4000,5352.0000,5352.6000,3,2,2,1,1,9,1,2,1,1
SF,IC2003,2020-01-03 09:32:18.900,5349.2000,55140,-5,420611960.000,5,0,5,双平,S,5349.0000,5348.6000,5348.4000,5348.2000,5348.0000,5349.4000,5350.0000,5351.0000,5351.4000,5352.0000,2,1,1,1,1,4,9,1,2,1
SF,IC2003,2020-01-03 09:32:19.400,5349.0000,55139,-1,422751560.000,2,0,2,多平,S,5348.6000,5348.4000,5348.2000,5348.0000,5347.8000,5349.4000,5350.0000,5351.0000,5351.4000,5352.0000,1,1,1,1,3,4,9,1,2,1
SF,IC2003,2020-01-03 09:32:19.900,5349.0000,55139,0,422751560.000,0,-,-,-,-,5348.6000,5348.4000,5348.2000,5348.0000,5347.8000,5349.4000,5350.0000,5351.0000,5351.4000,5352.0000,1,1,1,1,3,4,9,1,2,1
SF,IC2003,2020-01-03 09:32:20.900,5348.6000,55139,0,423821280.000,1,0,1,多换,S,5348.4000,5348.2000,5348.0000,5347.8000,5346.4000,5348.6000,5349.4000,5350.0000,5351.0000,5351.4000,1,1,1,3,3,10,4,9,1,2
SF,IC2003,2020-01-03 09:32:21.400,5348.6000,55139,0,423821280.000,0,-,-,-,-,5348.4000,5348.2000,5348.0000,5347.8000,5346.4000,5348.6000,5349.4000,5350.0000,5351.0000,5351.4000,1,1,1,3,3,10,4,9,1,2
SF,IC2003,2020-01-03 09:32:21.900,5348.4000,55138,-1,425960640.000,2,0,2,多平,S,5348.2000,5348.0000,5347.8000,5346.4000,5345.0000,5348.4000,5348.6000,5349.0000,5349.4000,5350.0000,2,1,3,3,1,8,10,1,4,9
SF,IC2003,2020-01-03 09:32:22.400,5348.4000,55138,0,429169600.000,3,1,2,多换,S,5348.0000,5347.8000,5346.4000,5345.0000,5344.4000,5348.4000,5348.6000,5349.0000,5349.4000,5350.0000,1,3,3,1,2,7,11,1,4,9
SF,IC2003,2020-01-03 09:32:22.900,5348.0000,55138,0,430239200.000,1,0,1,多换,S,5347.8000,5346.4000,5345.0000,5344.4000,5344.0000,5348.4000,5348.6000,5349.0000,5349.4000,5350.0000,3,3,1,2,1,7,11,1,4,9
SF,IC2003,2020-01-03 09:32:23.400,5348.0000,55138,0,430239200.000,0,-,-,-,-,5347.8000,5346.4000,5345.0000,5344.4000,5344.0000,5348.4000,5348.6000,5349.0000,5349.4000,5350.0000,3,3,1,2,1,7,11,1,4,9
SF,IC2003,2020-01-03 09:32:23.900,5347.8000,55137,-1,432378320.000,2,0,2,多平,S,5347.8000,5346.4000,5345.0000,5344.4000,5344.0000,5348.4000,5348.6000,5349.0000,5349.4000,5350.0000,1,3,1,2,1,8,11,1,4,9
SF,IC2003,2020-01-03 09:32:24.400,5347.8000,55136,-1,433447880.000,1,0,1,双平,S,5346.4000,5345.0000,5344.4000,5344.0000,5343.4000,5347.6000,5348.4000,5348.6000,5349.0000,5349.4000,3,1,2,1,2,2,8,11,1,4
SF,IC2003,2020-01-03 09:32:24.900,5346.4000,55130,-6,443071960.000,9,1,8,多平,S,5345.0000,5344.4000,5344.0000,5343.4000,5343.2000,5346.4000,5347.6000,5348.4000,5349.0000,5349.4000,1,2,1,2,2,2,1,1,1,4
SF,IC2003,2020-01-03 09:32:25.400,5346.4000,55128,-2,445210520.000,2,0,2,双平,S,5347.2000,5346.6000,5346.4000,5346.0000,5345.4000,5347.6000,5348.4000,5349.0000,5349.4000,5350.0000,2,1,4,2,4,1,1,1,4,8
SF,IC2003,2020-01-03 09:32:25.900,5347.6000,55128,0,446280040.000,1,0,1,多换,S,5347.4000,5347.2000,5346.4000,5346.0000,5345.4000,5348.4000,5349.0000,5349.4000,5350.0000,5351.0000,1,2,6,1,4,1,1,4,8,1
SF,IC2003,2020-01-03 09:32:26.400,5347.2000,55126,-2,448418920.000,2,0,2,双平,S,5346.4000,5346.0000,5345.4000,5345.2000,5345.0000,5348.4000,5349.0000,5349.4000,5350.0000,5351.0000,6,1,4,1,2,1,1,4,8,1
SF,IC2003,2020-01-03 09:32:26.900,5347.2000,55125,-1,449488360.000,1,0,1,双平,S,5346.6000,5346.4000,5346.0000,5345.4000,5345.0000,5347.2000,5348.2000,5348.4000,5349.0000,5349.4000,6,4,1,4,2,1,1,1,1,4
SF,IC2003,2020-01-03 09:32:27.400,5348.2000,55123,-2,451627440.000,2,0,2,双平,S,5346.8000,5346.6000,5346.4000,5346.0000,5345.4000,5347.0000,5348.4000,5349.0000,5349.4000,5350.0000,2,3,4,1,4,1,1,1,4,8
SF,IC2003,2020-01-03 09:32:27.900,5347.2000,55123,0,452696880.000,1,0,1,多换,S,5347.2000,5347.0000,5346.8000,5346.6000,5346.0000,5348.4000,5349.0000,5349.4000,5350.0000,5351.0000,1,5,2,3,1,1,1,4,8,1
SF,IC2003,2020-01-03 09:32:28.400,5347.2000,55122,-1,453766320.000,1,0,1,双平,S,5347.8000,5347.0000,5346.8000,5346.6000,5346.0000,5348.2000,5348.4000,5349.0000,5349.4000,5350.0000,2,2,2,2,1,2,1,1,4,8
SF,IC2003,2020-01-03 09:32:28.900,5347.2000,55122,0,455905200.000,2,1,1,多换,S,5347.0000,5346.8000,5346.6000,5346.0000,5345.4000,5348.2000,5348.4000,5349.0000,5350.0000,5351.0000,2,2,2,1,4,1,1,1,8,1
SF,IC2003,2020-01-03 09:32:29.400,5347.2000,55122,0,455905200.000,0,-,-,-,-,5347.2000,5347.0000,5346.8000,5346.6000,5346.0000,5348.4000,5349.0000,5350.0000,5351.0000,5351.4000,1,2,2,1,1,1,1,8,1,1
SF,IC2003,2020-01-03 09:32:29.900,5347.2000,55122,0,456974640.000,1,0,1,多换,S,5347.2000,5347.0000,5346.8000,5346.6000,5346.0000,5348.4000,5349.0000,5350.0000,5351.0000,5351.4000,2,2,2,1,1,1,1,8,1,1
SF,IC2003,2020-01-03 09:32:30.400,5348.4000,55121,-1,458044320.000,1,0,1,双平,S,5347.4000,5347.2000,5347.0000,5346.8000,5346.6000,5349.0000,5350.0000,5351.0000,5351.4000,5352.0000,1,2,2,1,1,1,8,1,1,1
SF,IC2003,2020-01-03 09:32:30.900,5348.4000,55121,0,458044320.000,0,-,-,-,-,5347.6000,5347.4000,5347.2000,5347.0000,5346.8000,5348.8000,5349.0000,5350.0000,5351.0000,5351.4000,1,2,1,2,1,2,1,8,1,1
SF,IC2003,2020-01-03 09:32:31.400,5347.4000,55118,-3,461252800.000,3,0,3,双平,S,5347.0000,5346.8000,5346.0000,5345.4000,5345.0000,5347.2000,5347.6000,5348.6000,5348.8000,5349.0000,2,1,1,3,1,1,1,1,1,1
SF,IC2003,2020-01-03 09:32:31.900,5347.2000,55118,0,462322240.000,1,0,1,多换,S,5347.4000,5347.2000,5347.0000,5346.8000,5346.0000,5347.6000,5348.6000,5348.8000,5349.0000,5351.0000,2,2,1,1,1,1,1,1,1,1
SF,IC2003,2020-01-03 09:32:32.400,5347.6000,55118,0,463391760.000,1,0,1,多换,S,5348.0000,5347.8000,5347.6000,5347.4000,5347.0000,5348.6000,5349.0000,5351.0000,5351.4000,5352.0000,3,1,5,2,1,1,1,1,1,1
SF,IC2003,2020-01-03 09:32:32.900,5348.6000,55118,0,464461480.000,1,0,1,多换,S,5348.2000,5347.8000,5347.6000,5347.4000,5347.0000,5349.0000,5351.0000,5351.4000,5352.0000,5352.6000,2,1,4,2,1,1,1,1,1,1
SF,IC2003,2020-01-03 09:32:33.400,5348.8000,55116,-2,466601040.000,2,0,2,双平,S,5348.2000,5347.8000,5347.6000,5347.4000,5347.0000,5351.0000,5351.4000,5352.0000,5352.6000,5353.4000,1,1,4,2,1,1,1,1,1,1
SF,IC2003,2020-01-03 09:32:33.900,5348.8000,55116,0,466601040.000,0,-,-,-,-,5348.4000,5348.2000,5347.6000,5347.0000,5346.8000,5350.6000,5350.8000,5351.0000,5351.4000,5352.0000,2,1,4,1,1,2,3,1,1,1
SF,IC2003,2020-01-03 09:32:34.400,5348.8000,55116,0,466601040.000,0,-,-,-,-,5348.4000,5347.6000,5347.0000,5346.8000,5346.6000,5350.4000,5350.6000,5350.8000,5351.0000,5351.4000,1,4,1,1,2,3,2,1,1,1
SF,IC2003,2020-01-03 09:32:34.900,5348.8000,55116,0,466601040.000,0,-,-,-,-,5348.4000,5347.6000,5347.0000,5346.8000,5346.6000,5350.2000,5350.4000,5350.6000,5351.0000,5351.4000,1,4,1,1,2,4,2,2,1,1
SF,IC2003,2020-01-03 09:32:35.400,5348.6000,55114,-2,469810280.000,3,0,3,多平,S,5348.4000,5348.2000,5347.6000,5347.0000,5346.8000,5350.2000,5350.4000,5351.0000,5351.4000,5352.0000,2,1,4,1,1,3,2,1,1,1
SF,IC2003,2020-01-03 09:32:35.900,5348.4000,55110,-4,474089120.000,4,0,4,双平,S,5348.4000,5348.2000,5347.6000,5347.0000,5346.8000,5350.2000,5350.4000,5351.0000,5351.4000,5352.0000,1,1,4,1,1,2,2,1,1,1
SF,IC2003,2020-01-03 09:32:36.400,5348.4000,55110,0,474089120.000,0,-,-,-,-,5348.6000,5348.4000,5348.2000,5347.6000,5347.0000,5350.0000,5350.4000,5351.0000,5351.4000,5352.0000,1,2,1,4,1,1,1,1,1,1
SF,IC2003,2020-01-03 09:32:36.900,5350.0000,55109,-1,475159120.000,1,0,1,双平,S,5350.2000,5348.6000,5348.4000,5348.2000,5347.6000,5351.0000,5351.4000,5352.0000,5352.6000,5355.2000,1,1,2,1,4,1,1,1,1,3
SF,IC2003,2020-01-03 09:32:37.400,5350.0000,55111,2,477299120.000,2,2,0,双开,S,5348.4000,5348.2000,5347.6000,5347.0000,5346.8000,5350.8000,5351.0000,5351.4000,5352.0000,5352.6000,2,1,4,1,1,3,1,1,1,1
SF,IC2003,2020-01-03 09:32:37.900,5350.0000,55111,0,477299120.000,0,-,-,-,-,5348.8000,5348.6000,5348.4000,5348.2000,5347.6000,5350.4000,5350.6000,5350.8000,5351.0000,5351.4000,1,1,2,1,4,2,3,2,1,1
SF,IC2003,2020-01-03 09:32:38.400,5350.0000,55111,0,477299120.000,0,-,-,-,-,5349.0000,5348.8000,5348.6000,5348.4000,5348.2000,5350.2000,5350.6000,5350.8000,5351.0000,5351.4000,1,1,1,1,1,1,3,1,1,1
SF,IC2003,2020-01-03 09:32:38.900,5350.2000,55111,0,478369160.000,1,0,1,多换,S,5349.0000,5348.8000,5348.6000,5348.4000,5348.2000,5350.6000,5350.8000,5351.0000,5351.4000,5352.0000,1,1,1,1,1,3,1,1,1,1
SF,IC2003,2020-01-03 09:32:39.400,5350.2000,55111,0,478369160.000,0,-,-,-,-,5349.2000,5349.0000,5348.8000,5348.4000,5348.2000,5350.6000,5350.8000,5351.0000,5351.2000,5351.4000,1,1,1,1,1,1,1,1,1,1
SF,IC2003,2020-01-03 09:32:40.400,5350.2000,55111,0,478369160.000,0,-,-,-,-,5349.4000,5349.2000,5349.0000,5348.8000,5348.4000,5350.8000,5351.0000,5351.2000,5351.4000,5352.0000,1,1,1,1,1,1,1,1,1,1
SF,IC2003,2020-01-03 09:32:40.900,5350.2000,55111,0,478369160.000,0,-,-,-,-,5349.6000,5349.2000,5349.0000,5348.8000,5348.4000,5350.8000,5351.0000,5351.2000,5351.4000,5352.0000,1,1,1,1,1,1,1,1,1,1
SF,IC2003,2020-01-03 09:32:41.400,5350.2000,55111,0,478369160.000,0,-,-,-,-,5349.2000,5349.0000,5348.8000,5348.4000,5348.2000,5350.8000,5351.0000,5351.2000,5351.4000,5352.6000,1,1,1,1,1,1,1,1,1,1
SF,IC2003,2020-01-03 09:32:41.900,5350.2000,55111,0,478369160.000,0,-,-,-,-,5349.4000,5349.2000,5349.0000,5348.8000,5348.4000,5350.8000,5351.0000,5351.2000,5351.4000,5352.6000,1,3,1,1,1,1,1,1,1,1
SF,IC2003,2020-01-03 09:32:42.400,5350.2000,55111,0,478369160.000,0,-,-,-,-,5349.6000,5349.2000,5349.0000,5348.8000,5348.6000,5351.2000,5351.4000,5352.6000,5355.2000,5356.0000,2,2,1,1,1,1,1,1,3,6
SF,IC2003,2020-01-03 09:32:42.900,5350.2000,55111,0,478369160.000,0,-,-,-,-,5349.8000,5349.6000,5348.8000,5348.6000,5348.4000,5351.0000,5351.2000,5351.4000,5352.6000,5355.2000,3,2,1,1,1,1,1,1,1,3
SF,IC2003,2020-01-03 09:32:43.400,5351.2000,55110,-1,480509600.000,2,0,2,多平,S,5350.0000,5349.8000,5348.8000,5348.6000,5348.4000,5351.4000,5352.6000,5355.2000,5356.0000,5357.8000,2,3,1,1,1,1,1,3,6,1
SF,IC2003,2020-01-03 09:32:43.900,5350.2000,55107,-3,483719720.000,3,0,3,双平,S,5350.0000,5349.8000,5348.8000,5348.6000,5348.4000,5351.4000,5352.6000,5355.2000,5356.0000,5357.8000,2,2,1,1,1,1,1,3,6,1
SF,IC2003,2020-01-03 09:32:44.400,5350.2000,55107,0,483719720.000,0,-,-,-,-,5351.2000,5350.0000,5349.8000,5348.8000,5348.6000,5351.4000,5352.6000,5355.2000,5356.0000,5357.8000,1,2,2,1,1,1,1,3,6,1
SF,IC2003,2020-01-03 09:32:44.900,5350.0000,55106,-1,485859960.000,2,0,2,多平,S,5349.8000,5348.8000,5348.6000,5348.4000,5348.2000,5351.2000,5351.4000,5352.6000,5355.2000,5356.0000,2,1,1,1,1,2,1,1,3,6
SF,IC2003,2020-01-03 09:32:45.400,5350.0000,55106,0,485859960.000,0,-,-,-,-,5350.0000,5349.8000,5348.8000,5348.6000,5348.4000,5351.2000,5351.4000,5352.6000,5355.2000,5356.0000,5,2,1,1,1,2,1,1,3,6
SF,IC2003,2020-01-03 09:32:45.900,5351.0000,55106,0,486930160.000,1,0,1,多换,S,5350.0000,5349.8000,5348.8000,5348.6000,5348.4000,5351.0000,5351.2000,5351.4000,5352.6000,5355.2000,3,2,1,1,1,1,2,1,1,3
SF,IC2003,2020-01-03 09:32:46.400,5351.2000,55104,-2,489070600.000,2,0,2,双平,S,5351.0000,5350.2000,5350.0000,5349.8000,5348.8000,5351.2000,5351.4000,5352.6000,5355.2000,5356.0000,2,2,3,2,1,1,1,1,3,6
SF,IC2003,2020-01-03 09:32:46.900,5351.4000,55102,-2,491211120.000,2,0,2,双平,S,5351.2000,5350.2000,5350.0000,5349.8000,5348.8000,5352.6000,5355.2000,5356.0000,5357.8000,5359.0000,4,1,3,1,1,1,3,6,1,5
SF,IC2003,2020-01-03 09:32:47.400,5351.4000,55102,0,491211120.000,0,-,-,-,-,5351.2000,5350.2000,5350.0000,5349.8000,5348.8000,5352.4000,5352.6000,5355.2000,5356.0000,5357.8000,4,1,3,1,1,1,1,3,6,1
SF,IC2003,2020-01-03 09:32:47.900,5351.4000,55102,0,491211120.000,0,-,-,-,-,5351.2000,5350.2000,5350.0000,5349.8000,5348.8000,5352.4000,5352.6000,5355.2000,5356.0000,5357.8000,4,1,3,1,1,1,1,3,6,1
SF,IC2003,2020-01-03 09:32:48.400,5351.4000,55102,0,491211120.000,0,-,-,-,-,5351.4000,5351.2000,5350.2000,5350.0000,5349.8000,5352.4000,5352.6000,5355.2000,5356.0000,5357.8000,1,4,1,3,1,1,1,3,6,1
SF,IC2003,2020-01-03 09:32:48.900,5351.4000,55101,-1,492281400.000,1,0,1,双平,S,5351.4000,5351.2000,5350.0000,5349.8000,5348.8000,5352.4000,5352.6000,5355.2000,5356.0000,5357.8000,1,4,3,1,1,1,1,3,6,1
SF,IC2003,2020-01-03 09:32:49.400,5351.4000,55101,0,492281400.000,0,-,-,-,-,5351.4000,5351.2000,5350.0000,5349.8000,5348.8000,5352.4000,5352.6000,5355.2000,5356.0000,5357.8000,2,4,3,1,1,1,1,3,6,1
SF,IC2003,2020-01-03 09:32:50.400,5351.4000,55101,0,492281400.000,0,-,-,-,-,5351.4000,5351.2000,5350.0000,5349.8000,5348.8000,5352.4000,5352.6000,5355.2000,5356.0000,5357.8000,2,4,3,1,1,1,1,3,6,1
SF,IC2003,2020-01-03 09:32:51.400,5351.4000,55101,0,492281400.000,0,-,-,-,-,5351.4000,5351.2000,5350.0000,5349.8000,5348.8000,5352.4000,5352.6000,5355.2000,5356.0000,5357.8000,4,4,3,1,1,1,1,3,6,1
SF,IC2003,2020-01-03 09:32:51.900,5352.4000,55101,0,493351880.000,1,0,1,多换,S,5351.4000,5351.2000,5350.0000,5349.8000,5348.8000,5352.6000,5355.2000,5356.0000,5357.8000,5358.6000,4,1,3,1,1,1,3,6,1,1
SF,IC2003,2020-01-03 09:32:52.400,5352.4000,55101,0,493351880.000,0,-,-,-,-,5351.6000,5351.4000,5351.2000,5350.0000,5349.8000,5352.6000,5355.2000,5356.0000,5357.8000,5358.6000,1,4,1,3,1,1,3,6,1,1
SF,IC2003,2020-01-03 09:32:52.900,5352.6000,55101,0,494422400.000,1,0,1,多换,S,5351.4000,5351.2000,5350.0000,5349.8000,5348.8000,5355.2000,5356.0000,5357.8000,5358.6000,5359.0000,4,1,3,1,1,3,6,1,1,5
SF,IC2003,2020-01-03 09:32:53.400,5352.6000,55101,0,494422400.000,0,-,-,-,-,5351.6000,5351.4000,5351.2000,5350.0000,5349.8000,5354.6000,5354.8000,5355.0000,5355.2000,5356.0000,5,4,1,3,1,2,3,4,3,6
SF,IC2003,2020-01-03 09:32:53.900,5352.6000,55101,0,494422400.000,0,-,-,-,-,5352.4000,5351.6000,5351.4000,5351.2000,5350.0000,5354.0000,5354.2000,5354.4000,5354.8000,5355.0000,1,5,3,1,3,2,2,2,3,3
SF,IC2003,2020-01-03 09:32:54.400,5352.6000,55101,0,494422400.000,0,-,-,-,-,5352.4000,5351.6000,5351.4000,5351.2000,5350.0000,5353.6000,5353.8000,5354.2000,5354.8000,5355.0000,1,3,3,1,3,2,1,2,1,2
SF,IC2003,2020-01-03 09:32:54.900,5353.6000,55102,1,495493120.000,1,1,0,双开,S,5352.4000,5351.6000,5351.4000,5351.2000,5350.0000,5353.6000,5353.8000,5354.0000,5354.2000,5354.8000,2,1,3,1,3,1,1,1,1,1
SF,IC2003,2020-01-03 09:32:55.400,5353.6000,55102,0,495493120.000,0,-,-,-,-,5352.6000,5352.4000,5351.6000,5351.4000,5351.2000,5353.6000,5353.8000,5354.0000,5354.2000,5354.8000,2,2,1,3,1,1,1,1,1,1
SF,IC2003,2020-01-03 09:32:55.900,5353.6000,55102,0,495493120.000,0,-,-,-,-,5352.6000,5352.4000,5351.6000,5351.4000,5351.2000,5353.6000,5354.2000,5355.2000,5356.0000,5357.8000,2,2,1,3,1,1,1,3,6,1
SF,IC2003,2020-01-03 09:32:56.400,5353.6000,55101,-1,496563840.000,1,0,1,双平,S,5353.6000,5352.8000,5352.6000,5352.4000,5351.4000,5355.2000,5356.0000,5357.8000,5358.6000,5359.0000,3,2,2,1,3,3,6,1,1,5
SF,IC2003,2020-01-03 09:32:56.900,5353.6000,55095,-6,502988160.000,6,0,6,双平,S,5352.8000,5352.4000,5351.4000,5350.0000,5349.8000,5353.6000,5355.0000,5355.2000,5356.0000,5357.8000,1,1,3,3,1,1,1,3,6,1
SF,IC2003,2020-01-03 09:32:57.400,5353.6000,55093,-2,505129600.000,2,0,2,双平,S,5353.6000,5353.0000,5352.8000,5352.4000,5351.4000,5355.0000,5355.2000,5356.0000,5357.8000,5358.6000,6,1,1,1,3,1,3,6,1,1
SF,IC2003,2020-01-03 09:32:57.900,5353.6000,55093,0,505129600.000,0,-,-,-,-,5353.8000,5353.6000,5352.8000,5352.4000,5351.4000,5355.0000,5355.2000,5356.0000,5357.8000,5358.6000,1,6,1,1,3,1,3,6,1,1
SF,IC2003,2020-01-03 09:32:58.400,5355.0000,55091,-2,507271600.000,2,0,2,双平,S,5353.6000,5352.8000,5352.4000,5351.4000,5350.0000,5355.2000,5356.0000,5357.8000,5358.6000,5359.0000,2,1,1,3,3,3,6,1,1,5
SF,IC2003,2020-01-03 09:32:58.900,5353.6000,55090,-1,508342320.000,1,0,1,双平,S,5353.6000,5352.8000,5352.4000,5351.4000,5350.0000,5355.0000,5355.2000,5356.0000,5357.8000,5358.6000,1,1,1,3,3,3,3,6,1,1
SF,IC2003,2020-01-03 09:32:59.400,5353.6000,55089,-1,509413040.000,1,0,1,双平,S,5352.8000,5352.4000,5351.4000,5350.0000,5349.0000,5355.0000,5355.2000,5356.0000,5357.8000,5358.6000,1,1,3,3,2,3,3,6,1,1
SF,IC2003,2020-01-03 09:32:59.900,5353.6000,55089,0,509413040.000,0,-,-,-,-,5353.0000,5352.8000,5352.4000,5351.4000,5350.0000,5353.6000,5354.6000,5355.0000,5355.2000,5356.0000,1,2,1,3,3,2,2,1,3,6
SF,IC2003,2020-01-03 09:33:00.400,5353.6000,55089,0,511554480.000,2,1,1,多换,S,5353.6000,5353.0000,5352.8000,5352.4000,5351.4000,5355.0000,5355.2000,5356.0000,5357.8000,5358.6000,1,1,2,1,3,1,3,6,1,1
SF,IC2003,2020-01-03 09:33:00.900,5353.6000,55089,0,511554480.000,0,-,-,-,-,5353.0000,5352.8000,5352.4000,5351.4000,5350.0000,5355.0000,5355.2000,5356.0000,5357.8000,5358.6000,1,2,1,3,3,1,3,6,1,1
SF,IC2003,2020-01-03 09:33:01.400,5353.6000,55089,0,511554480.000,0,-,-,-,-,5353.2000,5352.8000,5352.4000,5351.4000,5350.0000,5354.8000,5355.0000,5355.2000,5356.0000,5357.8000,1,1,1,3,3,4,1,3,6,1
SF,IC2003,2020-01-03 09:33:01.900,5353.2000,55088,-1,512625120.000,1,0,1,双平,S,5352.8000,5352.4000,5351.4000,5350.0000,5349.0000,5353.0000,5354.6000,5354.8000,5355.2000,5356.0000,1,1,3,3,2,1,1,3,3,6
SF,IC2003,2020-01-03 09:33:02.400,5353.0000,55087,-1,513695720.000,1,0,1,双平,S,5352.8000,5352.4000,5351.4000,5350.0000,5349.0000,5354.6000,5354.8000,5355.0000,5355.2000,5356.0000,1,1,3,3,2,1,1,1,3,6
SF,IC2003,2020-01-03 09:33:02.900,5353.0000,55087,0,513695720.000,0,-,-,-,-,5352.4000,5351.4000,5350.0000,5349.0000,5348.6000,5354.2000,5354.4000,5354.6000,5354.8000,5355.0000,1,3,3,2,1,2,2,1,1,1
SF,IC2003,2020-01-03 09:33:03.400,5353.0000,55087,0,513695720.000,0,-,-,-,-,5352.4000,5351.4000,5350.0000,5349.0000,5348.6000,5354.0000,5354.4000,5354.8000,5355.0000,5355.2000,1,3,3,2,1,2,1,1,1,3
SF,IC2003,2020-01-03 09:33:03.900,5353.0000,55087,0,513695720.000,0,-,-,-,-,5352.4000,5351.4000,5350.0000,5349.0000,5348.6000,5353.8000,5354.0000,5355.0000,5355.2000,5356.0000,1,3,3,2,1,1,3,1,3,6
SF,IC2003,2020-01-03 09:33:04.400,5350.0000,55082,-5,521187040.000,7,1,6,多平,S,5349.0000,5348.6000,5348.2000,5346.8000,5346.6000,5349.6000,5352.4000,5353.6000,5353.8000,5354.0000,2,1,1,1,2,3,1,2,1,1
SF,IC2003,2020-01-03 09:33:04.900,5349.6000,55081,-1,524396880.000,3,1,2,多平,S,5350.2000,5349.8000,5349.6000,5349.4000,5349.2000,5352.4000,5354.0000,5355.0000,5355.2000,5356.0000,2,2,17,2,2,2,1,3,3,6
SF,IC2003,2020-01-03 09:33:05.400,5352.0000,55080,-1,525467280.000,1,0,1,双平,S,5350.4000,5349.8000,5349.6000,5349.4000,5349.2000,5352.0000,5352.4000,5354.0000,5355.0000,5355.2000,2,1,14,2,1,1,3,1,3,3
SF,IC2003,2020-01-03 09:33:05.900,5352.0000,55080,0,525467280.000,0,-,-,-,-,5350.8000,5350.6000,5350.4000,5349.8000,5349.6000,5352.4000,5355.0000,5355.2000,5356.0000,5357.0000,1,1,2,1,14,3,3,3,6,1
SF,IC2003,2020-01-03 09:33:06.400,5352.0000,55080,0,525467280.000,0,-,-,-,-,5351.0000,5350.8000,5350.4000,5349.8000,5349.6000,5352.2000,5352.4000,5355.0000,5355.2000,5356.0000,1,1,1,1,14,1,3,1,3,6
SF,IC2003,2020-01-03 09:33:06.900,5352.0000,55080,0,525467280.000,0,-,-,-,-,5352.2000,5351.0000,5350.8000,5350.4000,5349.6000,5352.4000,5355.0000,5355.2000,5356.0000,5357.0000,3,1,1,1,11,3,1,3,7,1
SF,IC2003,2020-01-03 09:33:07.400,5352.2000,55077,-3,528678600.000,3,0,3,双平,S,5351.0000,5350.8000,5350.4000,5349.6000,5349.4000,5352.4000,5355.0000,5355.2000,5356.0000,5357.0000,1,1,1,5,2,3,1,3,7,1
SF,IC2003,2020-01-03 09:33:07.900,5352.2000,55077,0,528678600.000,0,-,-,-,-,5351.2000,5351.0000,5350.8000,5350.4000,5349.6000,5352.4000,5355.0000,5355.2000,5356.0000,5357.0000,2,1,1,1,5,3,1,3,7,1
SF,IC2003,2020-01-03 09:33:08.400,5352.4000,55076,-1,531890040.000,3,1,2,多平,S,5351.2000,5351.0000,5350.8000,5350.4000,5349.6000,5355.0000,5355.2000,5356.0000,5357.0000,5357.8000,2,1,1,1,5,1,3,7,1,1
SF,IC2003,2020-01-03 09:33:08.900,5352.4000,55076,0,531890040.000,0,-,-,-,-,5351.4000,5351.2000,5350.8000,5350.4000,5349.6000,5354.4000,5354.6000,5354.8000,5355.0000,5355.2000,5,1,1,1,5,1,3,4,1,3
SF,IC2003,2020-01-03 09:33:09.400,5353.8000,55076,0,532960800.000,1,0,1,多换,S,5352.4000,5351.4000,5350.4000,5349.6000,5349.4000,5354.0000,5354.2000,5354.6000,5354.8000,5355.0000,1,5,1,5,1,2,1,3,2,2
SF,IC2003,2020-01-03 09:33:09.900,5353.8000,55076,0,532960800.000,0,-,-,-,-,5352.4000,5351.4000,5350.4000,5349.6000,5349.4000,5353.8000,5354.0000,5354.6000,5354.8000,5355.0000,1,3,1,3,1,2,1,3,1,2
SF,IC2003,2020-01-03 09:33:10.400,5349.6000,55071,-5,542592440.000,9,2,7,多平,S,5349.4000,5349.2000,5349.0000,5348.2000,5346.8000,5349.6000,5353.4000,5353.6000,5353.8000,5354.6000,1,1,2,1,1,1,1,2,2,1
SF,IC2003,2020-01-03 09:33:10.900,5349.6000,55070,-1,543662360.000,1,0,1,双平,S,5350.0000,5349.8000,5349.6000,5349.4000,5349.2000,5353.4000,5353.6000,5354.6000,5355.0000,5355.2000,2,7,11,1,1,1,2,1,2,3
SF,IC2003,2020-01-03 09:33:11.400,5353.2000,55069,-1,544733000.000,1,0,1,双平,S,5350.6000,5350.4000,5350.2000,5349.8000,5349.6000,5353.2000,5353.4000,5353.6000,5354.0000,5354.6000,4,1,4,3,7,2,1,1,1,1
SF,IC2003,2020-01-03 09:33:11.900,5353.2000,55069,0,544733000.000,0,-,-,-,-,5351.2000,5350.8000,5350.6000,5350.4000,5350.2000,5353.0000,5353.2000,5353.4000,5354.0000,5354.6000,1,2,2,1,1,1,2,1,1,1
SF,IC2003,2020-01-03 09:33:12.400,5353.2000,55069,0,544733000.000,0,-,-,-,-,5351.6000,5351.4000,5351.2000,5350.8000,5350.6000,5352.8000,5353.0000,5353.4000,5354.0000,5354.6000,2,1,1,1,2,3,1,1,1,1
SF,IC2003,2020-01-03 09:33:12.900,5351.2000,55068,-1,545803240.000,1,0,1,双平,S,5350.4000,5349.8000,5349.6000,5349.4000,5349.2000,5350.6000,5351.6000,5352.6000,5352.8000,5353.0000,1,2,3,1,1,1,4,3,3,1
SF,IC2003,2020-01-03 09:33:13.400,5352.6000,55067,-1,547943920.000,2,0,2,多平,S,5350.8000,5350.6000,5350.4000,5349.8000,5349.6000,5352.6000,5352.8000,5353.0000,5353.4000,5354.0000,3,5,1,2,3,2,1,1,1,1
SF,IC2003,2020-01-03 09:33:13.900,5352.6000,55067,0,547943920.000,0,-,-,-,-,5351.0000,5350.6000,5350.4000,5349.8000,5349.6000,5352.4000,5352.6000,5353.0000,5353.4000,5354.0000,1,5,1,2,3,1,2,1,1,1
SF,IC2003,2020-01-03 09:33:14.400,5352.6000,55067,0,547943920.000,0,-,-,-,-,5351.0000,5350.6000,5350.4000,5349.8000,5349.6000,5352.2000,5352.4000,5352.6000,5353.0000,5353.4000,1,5,1,2,3,1,1,1,1,1
SF,IC2003,2020-01-03 09:33:14.900,5351.0000,55066,-1,549014120.000,1,0,1,双平,S,5350.6000,5349.8000,5349.6000,5349.4000,5349.0000,5352.0000,5352.2000,5352.6000,5353.0000,5353.4000,4,2,3,1,2,1,1,1,1,1
SF,IC2003,2020-01-03 09:33:15.400,5349.6000,55057,-9,558644280.000,9,0,9,双平,S,5349.4000,5349.0000,5348.8000,5348.6000,5348.2000,5349.6000,5351.8000,5352.0000,5352.6000,5353.0000,1,2,2,2,1,1,3,1,1,1
SF,IC2003,2020-01-03 09:33:15.900,5349.6000,55056,-1,559714200.000,1,0,1,双平,S,5350.0000,5349.8000,5349.6000,5349.4000,5349.0000,5351.6000,5351.8000,5352.0000,5352.6000,5353.0000,2,1,2,1,2,2,2,1,1,1
SF,IC2003,2020-01-03 09:33:16.400,5349.6000,55056,0,559714200.000,0,-,-,-,-,5349.6000,5349.4000,5349.0000,5348.8000,5348.6000,5351.4000,5351.6000,5351.8000,5353.0000,5353.4000,1,1,2,1,2,2,2,2,2,1
SF,IC2003,2020-01-03 09:33:16.900,5349.6000,55056,0,559714200.000,0,-,-,-,-,5350.2000,5350.0000,5349.8000,5349.6000,5349.4000,5351.4000,5351.6000,5351.8000,5353.0000,5353.4000,1,2,2,3,1,2,2,2,2,1
SF,IC2003,2020-01-03 09:33:17.400,5350.2000,55056,0,561854520.000,2,1,1,多换,S,5349.8000,5349.6000,5349.4000,5349.0000,5348.8000,5351.2000,5351.4000,5351.6000,5351.8000,5353.0000,2,3,1,2,1,1,1,2,2,2
SF,IC2003,2020-01-03 09:33:17.900,5351.2000,55055,-1,562924760.000,1,0,1,双平,S,5350.0000,5349.8000,5349.6000,5349.4000,5349.0000,5351.6000,5351.8000,5353.0000,5353.4000,5353.8000,1,2,3,1,2,2,2,2,1,1
SF,IC2003,2020-01-03 09:33:18.400,5351.2000,55055,0,562924760.000,0,-,-,-,-,5350.2000,5349.8000,5349.6000,5349.4000,5349.0000,5351.6000,5351.8000,5353.0000,5353.4000,5353.8000,2,1,3,1,2,2,2,2,1,1
SF,IC2003,2020-01-03 09:33:18.900,5351.2000,55055,0,562924760.000,0,-,-,-,-,5350.6000,5350.4000,5350.2000,5349.8000,5349.6000,5351.6000,5351.8000,5352.0000,5353.0000,5353.4000,1,1,4,1,3,2,2,1,2,1
SF,IC2003,2020-01-03 09:33:19.400,5351.6000,55053,-2,565065400.000,2,0,2,双平,S,5350.8000,5350.6000,5350.4000,5350.2000,5349.8000,5351.8000,5352.0000,5353.0000,5353.4000,5353.8000,2,1,1,2,1,1,1,2,1,1
SF,IC2003,2020-01-03 09:33:19.900,5352.0000,55052,-1,567206200.000,2,0,2,多平,S,5352.0000,5351.0000,5350.8000,5350.6000,5350.4000,5353.0000,5353.4000,5353.8000,5354.0000,5354.6000,1,2,2,1,1,2,1,1,1,1
SF,IC2003,2020-01-03 09:33:20.400,5352.0000,55052,0,567206200.000,0,-,-,-,-,5352.2000,5351.0000,5350.8000,5350.6000,5350.4000,5352.8000,5353.0000,5353.8000,5354.0000,5354.6000,1,2,1,1,1,2,2,1,1,1
SF,IC2003,2020-01-03 09:33:20.900,5352.2000,55052,0,568276640.000,1,0,1,多换,S,5351.0000,5350.8000,5350.6000,5350.4000,5350.0000,5352.8000,5353.0000,5353.8000,5354.0000,5355.0000,2,1,1,1,1,1,2,1,1,3
SF,IC2003,2020-01-03 09:33:21.400,5352.2000,55052,0,568276640.000,0,-,-,-,-,5351.4000,5351.2000,5351.0000,5350.6000,5350.4000,5352.8000,5353.0000,5353.8000,5354.0000,5355.0000,2,2,2,1,1,1,2,1,1,3
SF,IC2003,2020-01-03 09:33:21.900,5352.2000,55052,0,568276640.000,0,-,-,-,-,5351.6000,5351.2000,5351.0000,5350.6000,5350.4000,5352.8000,5353.0000,5353.8000,5354.0000,5355.0000,1,1,1,1,1,1,2,1,1,3
SF,IC2003,2020-01-03 09:33:22.900,5352.2000,55052,0,568276640.000,0,-,-,-,-,5351.6000,5351.2000,5351.0000,5350.6000,5350.4000,5352.6000,5352.8000,5353.0000,5353.8000,5354.0000,1,1,1,1,1,1,1,2,1,1
SF,IC2003,2020-01-03 09:33:23.900,5352.2000,55052,0,568276640.000,0,-,-,-,-,5351.6000,5351.2000,5351.0000,5350.6000,5350.4000,5352.8000,5353.0000,5353.8000,5354.0000,5355.0000,1,1,1,1,1,1,2,1,1,3
SF,IC2003,2020-01-03 09:33:24.400,5352.8000,55051,-1,569347200.000,1,0,1,双平,S,5351.6000,5351.2000,5351.0000,5350.6000,5350.4000,5353.0000,5353.8000,5354.0000,5355.0000,5355.2000,1,1,1,1,1,2,1,1,3,3
SF,IC2003,2020-01-03 09:33:24.900,5351.8000,55049,-2,571488160.000,2,0,2,双平,S,5351.0000,5350.6000,5350.4000,5350.0000,5349.0000,5353.0000,5353.8000,5354.0000,5355.0000,5355.2000,1,1,1,2,2,1,1,1,3,3
SF,IC2003,2020-01-03 09:33:25.400,5353.0000,55049,0,572558760.000,1,0,1,多换,S,5351.4000,5351.2000,5351.0000,5350.6000,5350.4000,5353.8000,5354.0000,5355.0000,5355.2000,5356.0000,1,3,1,1,1,1,1,3,3,7
SF,IC2003,2020-01-03 09:33:25.900,5353.6000,55048,-1,573629480.000,1,0,1,双平,S,5351.8000,5351.6000,5351.0000,5350.4000,5350.0000,5353.8000,5354.0000,5355.0000,5355.2000,5356.0000,3,1,1,1,2,1,1,3,3,7
SF,IC2003,2020-01-03 09:33:26.400,5353.8000,55048,0,574700240.000,1,0,1,多换,S,5352.0000,5351.8000,5351.0000,5350.4000,5350.2000,5354.0000,5355.0000,5355.2000,5356.0000,5357.0000,4,1,1,1,1,1,1,3,7,1
SF,IC2003,2020-01-03 09:33:26.900,5353.8000,55047,-1,575771000.000,1,0,1,双平,S,5352.0000,5351.8000,5351.0000,5350.4000,5350.2000,5354.0000,5355.0000,5355.2000,5356.0000,5357.0000,2,1,1,1,1,1,1,3,7,1
SF,IC2003,2020-01-03 09:33:27.400,5353.8000,55047,0,575771000.000,0,-,-,-,-,5352.4000,5352.2000,5352.0000,5351.8000,5350.4000,5354.0000,5355.0000,5355.2000,5356.0000,5357.0000,1,2,2,1,1,1,1,3,7,1
SF,IC2003,2020-01-03 09:33:27.900,5353.8000,55047,0,575771000.000,0,-,-,-,-,5352.6000,5352.0000,5351.8000,5350.4000,5350.2000,5353.8000,5354.0000,5355.0000,5355.2000,5356.0000,1,1,1,1,1,1,1,1,3,7
SF,IC2003,2020-01-03 09:33:28.900,5353.8000,55047,0,575771000.000,0,-,-,-,-,5352.8000,5352.6000,5352.0000,5351.8000,5350.2000,5353.8000,5354.0000,5355.0000,5355.2000,5356.0000,1,1,1,1,1,1,1,1,3,7
SF,IC2003,2020-01-03 09:33:29.400,5353.8000,55046,-1,576841760.000,1,0,1,双平,S,5353.0000,5352.8000,5352.0000,5351.8000,5350.2000,5354.0000,5355.0000,5355.2000,5356.0000,5357.0000,1,1,1,1,1,1,1,3,7,1
SF,IC2003,2020-01-03 09:33:29.900,5353.0000,55046,0,577912360.000,1,0,1,多换,S,5352.8000,5351.8000,5350.2000,5350.0000,5349.0000,5354.0000,5355.0000,5355.2000,5356.0000,5357.0000,1,1,1,2,2,1,1,3,7,1
SF,IC2003,2020-01-03 09:33:30.400,5354.0000,55045,-1,578983160.000,1,0,1,双平,S,5352.8000,5351.8000,5350.2000,5350.0000,5349.0000,5355.0000,5355.2000,5356.0000,5357.0000,5357.4000,1,1,1,2,2,1,3,7,1,1
SF,IC2003,2020-01-03 09:33:30.900,5354.0000,55045,0,578983160.000,0,-,-,-,-,5353.2000,5353.0000,5352.8000,5351.8000,5350.2000,5354.8000,5355.0000,5355.2000,5356.0000,5357.0000,2,1,1,1,1,2,1,3,7,1
SF,IC2003,2020-01-03 09:33:31.400,5354.8000,55044,-1,580054120.000,1,0,1,双平,S,5353.4000,5352.8000,5351.8000,5351.4000,5350.2000,5355.0000,5355.2000,5356.0000,5357.0000,5357.4000,1,1,1,2,1,1,3,7,1,1
SF,IC2003,2020-01-03 09:33:31.900,5354.8000,55044,0,580054120.000,0,-,-,-,-,5353.6000,5353.4000,5352.8000,5351.8000,5351.4000,5355.0000,5355.2000,5356.0000,5357.0000,5357.4000,1,1,1,1,2,1,3,7,1,1
SF,IC2003,2020-01-03 09:33:32.400,5355.0000,55043,-1,581125120.000,1,0,1,双平,S,5353.8000,5353.6000,5352.8000,5351.8000,5351.4000,5355.2000,5356.0000,5357.0000,5357.4000,5357.8000,1,1,1,1,2,3,7,1,1,1
SF,IC2003,2020-01-03 09:33:32.900,5355.0000,55043,0,581125120.000,0,-,-,-,-,5353.6000,5352.8000,5351.8000,5351.4000,5350.2000,5354.0000,5355.0000,5355.2000,5356.0000,5357.0000,1,1,1,2,1,1,4,3,7,1
SF,IC2003,2020-01-03 09:33:33.400,5354.0000,55042,-1,583266640.000,2,0,2,多平,S,5352.8000,5351.8000,5351.4000,5350.2000,5350.0000,5355.0000,5355.2000,5356.0000,5357.0000,5357.4000,1,1,2,1,4,4,3,7,1,1
SF,IC2003,2020-01-03 09:33:33.900,5350.2000,55042,0,587547600.000,4,2,2,多换,S,5350.0000,5349.0000,5348.8000,5348.2000,5347.8000,5354.6000,5354.8000,5355.0000,5355.2000,5356.0000,4,2,1,1,2,1,1,4,3,7
SF,IC2003,2020-01-03 09:33:34.400,5350.2000,55042,0,587547600.000,0,-,-,-,-,5351.4000,5350.4000,5350.2000,5350.0000,5349.0000,5354.4000,5354.6000,5354.8000,5355.0000,5355.2000,2,3,3,4,2,2,1,1,3,3
SF,IC2003,2020-01-03 09:33:34.900,5350.2000,55042,0,587547600.000,0,-,-,-,-,5352.0000,5351.6000,5350.4000,5350.2000,5350.0000,5354.4000,5354.6000,5354.8000,5355.0000,5355.2000,2,2,4,2,2,2,1,1,3,3
SF,IC2003,2020-01-03 09:33:35.400,5350.2000,55042,0,587547600.000,0,-,-,-,-,5352.2000,5350.8000,5350.4000,5350.2000,5350.0000,5354.2000,5354.4000,5354.6000,5354.8000,5355.0000,1,1,4,1,2,2,2,1,1,3
SF,IC2003,2020-01-03 09:33:35.900,5350.2000,55042,0,587547600.000,0,-,-,-,-,5352.4000,5352.2000,5350.8000,5350.4000,5350.2000,5354.0000,5354.2000,5354.6000,5354.8000,5355.0000,2,1,1,6,1,2,2,1,1,1
SF,IC2003,2020-01-03 09:33:36.400,5350.2000,55042,0,587547600.000,0,-,-,-,-,5352.2000,5351.2000,5350.8000,5350.4000,5350.0000,5354.0000,5354.6000,5354.8000,5355.0000,5355.2000,1,1,2,7,2,2,1,1,1,3
SF,IC2003,2020-01-03 09:33:36.900,5350.2000,55042,0,587547600.000,0,-,-,-,-,5352.6000,5352.2000,5351.2000,5350.8000,5350.4000,5353.8000,5354.0000,5354.6000,5354.8000,5355.0000,2,1,1,2,7,1,2,1,1,1
SF,IC2003,2020-01-03 09:33:37.400,5353.8000,55042,0,588618360.000,1,0,1,多换,S,5352.8000,5352.2000,5351.2000,5350.8000,5350.4000,5354.0000,5354.6000,5354.8000,5355.0000,5355.2000,1,1,1,2,7,2,1,1,1,3
SF,IC2003,2020-01-03 09:33:37.900,5353.8000,55042,0,588618360.000,0,-,-,-,-,5353.0000,5352.8000,5352.2000,5351.2000,5350.8000,5354.0000,5354.6000,5354.8000,5355.0000,5355.2000,1,1,1,1,2,2,1,1,1,3
SF,IC2003,2020-01-03 09:33:38.400,5353.8000,55042,0,588618360.000,0,-,-,-,-,5353.0000,5352.8000,5352.2000,5351.2000,5350.8000,5354.0000,5354.6000,5354.8000,5355.0000,5355.2000,2,1,1,1,2,1,1,1,1,3
SF,IC2003,2020-01-03 09:33:38.900,5353.8000,55042,0,588618360.000,0,-,-,-,-,5353.2000,5353.0000,5352.8000,5351.2000,5350.8000,5354.0000,5354.6000,5354.8000,5355.0000,5355.2000,1,2,1,1,2,1,2,1,1,3
SF,IC2003,2020-01-03 09:33:39.400,5353.8000,55042,0,588618360.000,0,-,-,-,-,5353.2000,5353.0000,5352.8000,5351.2000,5351.0000,5354.0000,5354.6000,5354.8000,5355.0000,5355.2000,1,2,1,1,1,1,2,1,1,3
SF,IC2003,2020-01-03 09:33:40.400,5353.8000,55042,0,588618360.000,0,-,-,-,-,5353.2000,5353.0000,5351.2000,5351.0000,5350.8000,5354.0000,5354.2000,5354.6000,5354.8000,5355.0000,1,2,1,1,2,1,1,2,1,1
SF,IC2003,2020-01-03 09:33:40.900,5353.8000,55042,0,588618360.000,0,-,-,-,-,5353.0000,5351.2000,5351.0000,5350.8000,5350.4000,5354.0000,5354.2000,5354.6000,5354.8000,5355.0000,2,1,1,2,5,1,1,2,1,1
SF,IC2003,2020-01-03 09:33:41.400,5353.8000,55042,0,588618360.000,0,-,-,-,-,5353.0000,5351.2000,5351.0000,5350.8000,5350.4000,5353.8000,5354.0000,5354.2000,5354.6000,5354.8000,1,1,1,2,5,1,1,1,2,1
SF,IC2003,2020-01-03 09:33:41.900,5353.8000,55042,0,588618360.000,0,-,-,-,-,5353.0000,5351.2000,5351.0000,5350.8000,5350.4000,5353.6000,5353.8000,5354.0000,5354.2000,5354.6000,1,1,2,2,6,1,1,1,1,2
SF,IC2003,2020-01-03 09:33:42.400,5353.8000,55042,0,588618360.000,0,-,-,-,-,5353.2000,5353.0000,5351.2000,5351.0000,5350.8000,5353.6000,5353.8000,5354.0000,5354.2000,5354.6000,1,1,1,2,2,1,1,1,1,2
SF,IC2003,2020-01-03 09:33:42.900,5353.8000,55042,0,588618360.000,0,-,-,-,-,5353.2000,5353.0000,5351.2000,5351.0000,5350.8000,5353.6000,5353.8000,5354.0000,5354.2000,5354.6000,1,1,1,2,1,1,1,1,1,1
SF,IC2003,2020-01-03 09:33:43.400,5353.8000,55042,0,588618360.000,0,-,-,-,-,5353.2000,5353.0000,5351.2000,5351.0000,5350.8000,5353.6000,5353.8000,5354.0000,5354.2000,5354.6000,1,1,1,2,1,1,1,3,1,1
SF,IC2003,2020-01-03 09:33:43.900,5353.6000,55041,-1,589689080.000,1,0,1,双平,S,5353.2000,5353.0000,5351.2000,5351.0000,5350.4000,5353.8000,5354.0000,5354.2000,5354.6000,5354.8000,1,1,1,2,6,1,3,1,1,1
SF,IC2003,2020-01-03 09:33:44.400,5353.6000,55041,0,589689080.000,0,-,-,-,-,5353.2000,5353.0000,5351.2000,5351.0000,5350.4000,5353.8000,5354.0000,5354.2000,5354.6000,5354.8000,1,1,1,2,6,1,3,1,1,1
SF,IC2003,2020-01-03 09:33:44.900,5353.6000,55041,0,589689080.000,0,-,-,-,-,5353.2000,5353.0000,5351.2000,5351.0000,5350.4000,5353.8000,5354.0000,5354.2000,5354.6000,5354.8000,1,1,1,2,6,1,3,1,1,1
SF,IC2003,2020-01-03 09:33:45.400,5353.0000,55039,-2,591830320.000,2,0,2,双平,S,5351.2000,5351.0000,5350.4000,5350.0000,5349.4000,5353.8000,5354.0000,5354.2000,5354.6000,5355.0000,1,2,6,3,1,1,3,1,1,1
SF,IC2003,2020-01-03 09:33:45.900,5353.0000,55039,0,591830320.000,0,-,-,-,-,5353.0000,5352.2000,5351.6000,5351.4000,5351.2000,5353.8000,5354.0000,5354.2000,5354.6000,5355.0000,1,2,2,2,2,1,3,1,1,1
SF,IC2003,2020-01-03 09:33:46.400,5353.0000,55039,0,591830320.000,0,-,-,-,-,5353.0000,5351.4000,5351.2000,5351.0000,5350.4000,5353.8000,5354.0000,5354.2000,5354.6000,5355.0000,1,2,2,2,6,1,2,1,1,1
SF,IC2003,2020-01-03 09:33:46.900,5353.0000,55039,0,591830320.000,0,-,-,-,-,5353.0000,5351.4000,5351.2000,5351.0000,5350.4000,5353.8000,5354.0000,5354.2000,5354.6000,5355.0000,1,1,2,2,6,1,2,1,1,1
SF,IC2003,2020-01-03 09:33:47.400,5353.8000,55039,0,592901080.000,1,0,1,多换,S,5353.0000,5351.4000,5351.2000,5351.0000,5350.4000,5354.0000,5354.2000,5354.6000,5355.0000,5355.2000,1,1,2,2,6,2,1,1,1,3
SF,IC2003,2020-01-03 09:33:47.900,5353.0000,55038,-1,593971680.000,1,0,1,双平,S,5351.4000,5351.2000,5351.0000,5350.4000,5350.0000,5353.0000,5354.0000,5354.2000,5354.6000,5355.0000,1,2,2,6,3,1,2,1,1,1
SF,IC2003,2020-01-03 09:33:48.400,5353.0000,55037,-1,595042280.000,1,0,1,双平,S,5351.6000,5351.4000,5351.2000,5350.4000,5350.0000,5354.0000,5354.2000,5354.6000,5355.0000,5355.2000,2,1,2,5,3,2,1,1,1,3
SF,IC2003,2020-01-03 09:33:48.900,5353.0000,55037,0,595042280.000,0,-,-,-,-,5353.2000,5352.0000,5351.8000,5351.2000,5350.4000,5353.8000,5354.0000,5354.2000,5354.6000,5355.0000,1,2,3,1,5,1,2,1,1,1
SF,IC2003,2020-01-03 09:33:49.400,5353.2000,55036,-1,596112920.000,1,0,1,双平,S,5351.8000,5351.2000,5350.4000,5350.0000,5349.4000,5354.0000,5354.2000,5354.6000,5355.0000,5355.2000,3,1,3,3,1,2,1,1,1,3
SF,IC2003,2020-01-03 09:33:49.900,5353.2000,55036,0,596112920.000,0,-,-,-,-,5352.2000,5351.8000,5351.2000,5350.4000,5350.0000,5354.0000,5354.2000,5354.6000,5355.0000,5355.2000,4,3,1,3,3,2,1,1,1,3
SF,IC2003,2020-01-03 09:33:50.400,5353.2000,55036,0,596112920.000,0,-,-,-,-,5352.6000,5352.4000,5351.8000,5351.2000,5350.4000,5354.0000,5354.2000,5354.6000,5355.0000,5355.2000,2,3,2,1,3,2,1,1,1,3
SF,IC2003,2020-01-03 09:33:50.900,5353.2000,55036,0,596112920.000,0,-,-,-,-,5352.4000,5351.8000,5351.2000,5350.4000,5350.0000,5354.0000,5354.2000,5354.6000,5355.0000,5355.2000,3,2,1,3,3,2,1,1,1,3
SF,IC2003,2020-01-03 09:33:51.400,5353.8000,55036,0,597183680.000,1,0,1,多换,S,5352.4000,5351.2000,5350.4000,5350.0000,5349.8000,5354.0000,5354.2000,5354.6000,5355.0000,5355.2000,4,1,3,3,2,2,1,1,1,3
SF,IC2003,2020-01-03 09:33:51.900,5353.8000,55036,0,597183680.000,0,-,-,-,-,5352.4000,5351.2000,5350.4000,5350.2000,5350.0000,5354.0000,5354.2000,5354.6000,5355.0000,5355.2000,2,1,3,1,3,2,1,1,1,3
SF,IC2003,2020-01-03 09:33:52.400,5353.8000,55036,0,597183680.000,0,-,-,-,-,5352.4000,5351.2000,5350.4000,5350.2000,5350.0000,5354.0000,5354.2000,5354.6000,5355.0000,5355.2000,2,1,3,1,3,3,1,1,1,3
SF,IC2003,2020-01-03 09:33:52.900,5353.8000,55036,0,597183680.000,0,-,-,-,-,5352.6000,5352.4000,5351.2000,5350.4000,5350.2000,5354.0000,5354.2000,5354.6000,5355.0000,5355.2000,1,2,1,3,1,3,1,1,1,3
SF,IC2003,2020-01-03 09:33:53.400,5353.8000,55036,0,597183680.000,0,-,-,-,-,5352.8000,5352.4000,5351.2000,5350.4000,5350.2000,5354.0000,5354.2000,5354.6000,5355.0000,5355.2000,2,1,1,3,1,3,1,1,1,3
SF,IC2003,2020-01-03 09:33:53.900,5353.8000,55036,0,597183680.000,0,-,-,-,-,5352.8000,5352.4000,5350.4000,5350.2000,5350.0000,5354.0000,5354.2000,5354.6000,5355.0000,5355.2000,2,1,3,1,2,3,1,1,1,3
SF,IC2003,2020-01-03 09:33:54.900,5353.8000,55036,0,597183680.000,0,-,-,-,-,5352.8000,5352.4000,5352.2000,5350.4000,5350.2000,5354.0000,5354.2000,5354.6000,5355.0000,5355.2000,2,1,1,3,1,3,1,1,1,3
SF,IC2003,2020-01-03 09:33:56.900,5353.8000,55036,0,597183680.000,0,-,-,-,-,5352.8000,5352.4000,5352.2000,5350.4000,5350.2000,5353.8000,5354.0000,5354.2000,5354.6000,5355.0000,2,1,1,3,1,1,3,1,1,1
SF,IC2003,2020-01-03 09:33:57.900,5353.8000,55036,0,597183680.000,0,-,-,-,-,5352.8000,5352.4000,5352.2000,5350.4000,5350.2000,5353.8000,5354.0000,5354.2000,5354.6000,5355.0000,2,1,1,2,1,1,3,1,1,1
SF,IC2003,2020-01-03 09:33:59.900,5352.8000,55036,0,598254240.000,1,0,1,多换,S,5353.0000,5352.8000,5352.4000,5352.2000,5350.4000,5353.8000,5354.0000,5354.2000,5354.6000,5355.0000,1,1,1,1,2,1,3,1,1,1
SF,IC2003,2020-01-03 09:34:00.400,5352.8000,55036,0,598254240.000,0,-,-,-,-,5353.2000,5353.0000,5352.8000,5352.4000,5352.2000,5353.8000,5354.0000,5354.2000,5354.6000,5355.0000,1,1,1,1,1,1,3,1,1,1
SF,IC2003,2020-01-03 09:34:01.900,5353.2000,55035,-1,599324880.000,1,0,1,双平,S,5353.0000,5352.8000,5352.4000,5352.2000,5352.0000,5353.2000,5353.8000,5354.0000,5354.2000,5354.6000,1,1,1,1,1,1,1,3,1,1
SF,IC2003,2020-01-03 09:34:02.400,5353.0000,55034,-1,601466080.000,2,0,2,多平,S,5352.8000,5352.4000,5352.2000,5352.0000,5350.4000,5353.8000,5354.0000,5354.2000,5354.6000,5355.0000,1,1,1,1,2,1,3,1,1,1
SF,IC2003,2020-01-03 09:34:02.900,5352.8000,55033,-1,602536640.000,1,0,1,双平,S,5352.4000,5352.0000,5350.4000,5350.2000,5350.0000,5353.8000,5354.0000,5354.2000,5354.6000,5355.0000,1,1,2,1,2,1,3,1,1,1
SF,IC2003,2020-01-03 09:34:03.400,5352.8000,55033,0,602536640.000,0,-,-,-,-,5353.0000,5352.4000,5352.0000,5350.4000,5350.2000,5353.6000,5353.8000,5354.0000,5354.2000,5354.6000,1,2,1,2,1,2,1,3,1,1
SF,IC2003,2020-01-03 09:34:03.900,5352.4000,55030,-3,605748200.000,3,0,3,双平,S,5352.0000,5350.4000,5350.2000,5350.0000,5349.0000,5352.4000,5352.8000,5353.0000,5353.6000,5353.8000,1,2,1,2,2,1,1,5,1,1
SF,IC2003,2020-01-03 09:34:04.400,5352.0000,55030,0,606818600.000,1,0,1,多换,S,5350.4000,5350.2000,5350.0000,5349.0000,5348.8000,5352.0000,5352.2000,5352.8000,5353.0000,5353.8000,1,1,2,2,1,1,1,1,3,1
SF,IC2003,2020-01-03 09:34:04.900,5352.0000,55030,0,606818600.000,0,-,-,-,-,5350.0000,5349.0000,5348.8000,5348.2000,5347.8000,5350.4000,5351.8000,5352.8000,5353.0000,5353.8000,2,2,1,1,2,1,2,1,3,1
SF,IC2003,2020-01-03 09:34:05.400,5350.4000,55029,-1,607888680.000,1,0,1,双平,S,5350.6000,5350.4000,5350.0000,5349.0000,5348.8000,5351.8000,5352.8000,5353.0000,5353.8000,5354.0000,1,6,2,2,1,1,1,2,1,3
SF,IC2003,2020-01-03 09:34:05.900,5351.8000,55028,-1,608959040.000,1,0,1,双平,S,5350.8000,5350.6000,5350.4000,5350.0000,5349.0000,5352.8000,5353.0000,5353.8000,5354.0000,5354.2000,1,1,5,2,2,1,2,1,4,1
SF,IC2003,2020-01-03 09:34:06.400,5352.0000,55027,-1,611099960.000,2,0,2,多平,S,5351.0000,5350.8000,5350.4000,5350.0000,5349.0000,5352.6000,5353.0000,5353.8000,5354.0000,5354.2000,1,2,5,2,2,1,2,1,4,1
SF,IC2003,2020-01-03 09:34:06.900,5352.0000,55027,0,611099960.000,0,-,-,-,-,5351.0000,5350.8000,5350.4000,5350.0000,5349.0000,5352.6000,5353.0000,5353.8000,5354.0000,5354.2000,1,2,5,2,2,1,2,1,4,1
SF,IC2003,2020-01-03 09:34:07.400,5352.0000,55027,0,611099960.000,0,-,-,-,-,5351.0000,5350.8000,5350.4000,5350.0000,5349.0000,5353.0000,5353.8000,5354.0000,5354.2000,5354.6000,1,2,5,2,2,2,1,4,1,1
SF,IC2003,2020-01-03 09:34:07.900,5352.0000,55027,0,611099960.000,0,-,-,-,-,5351.2000,5351.0000,5350.4000,5350.0000,5349.0000,5352.8000,5353.0000,5353.8000,5354.0000,5354.2000,3,1,5,2,2,1,2,1,4,1
SF,IC2003,2020-01-03 09:34:08.400,5351.2000,55024,-3,615381040.000,4,0,4,多平,S,5350.4000,5350.0000,5349.0000,5348.8000,5348.2000,5351.0000,5353.0000,5353.8000,5354.0000,5354.2000,5,2,2,1,1,6,2,1,4,1
SF,IC2003,2020-01-03 09:34:08.900,5351.0000,55017,-7,622872440.000,7,0,7,双平,S,5351.0000,5350.6000,5350.4000,5350.0000,5349.0000,5353.8000,5354.0000,5354.2000,5354.6000,5355.0000,3,1,2,2,2,1,4,1,1,1
SF,IC2003,2020-01-03 09:34:09.400,5351.0000,55017,0,622872440.000,0,-,-,-,-,5351.2000,5351.0000,5350.6000,5350.4000,5350.0000,5353.4000,5353.6000,5353.8000,5354.0000,5354.2000,2,3,1,2,2,1,3,1,4,1
SF,IC2003,2020-01-03 09:34:09.900,5351.0000,55017,0,622872440.000,0,-,-,-,-,5351.2000,5351.0000,5350.6000,5350.4000,5350.0000,5353.2000,5353.4000,5353.6000,5353.8000,5354.0000,2,3,1,2,2,1,1,1,1,4
SF,IC2003,2020-01-03 09:34:10.400,5351.0000,55017,0,622872440.000,0,-,-,-,-,5351.4000,5351.2000,5351.0000,5350.6000,5350.4000,5353.2000,5353.4000,5353.6000,5353.8000,5354.0000,2,2,3,1,2,1,1,1,1,4
SF,IC2003,2020-01-03 09:34:10.900,5353.0000,55016,-1,623943040.000,1,0,1,双平,S,5351.8000,5351.6000,5351.2000,5351.0000,5350.6000,5353.2000,5353.4000,5353.6000,5353.8000,5354.0000,2,1,2,3,1,1,1,1,1,4
SF,IC2003,2020-01-03 09:34:11.400,5353.0000,55016,0,623943040.000,0,-,-,-,-,5351.6000,5351.2000,5351.0000,5350.6000,5350.4000,5353.2000,5353.4000,5353.6000,5353.8000,5354.0000,1,2,3,1,2,1,1,1,1,4
SF,IC2003,2020-01-03 09:34:11.900,5353.0000,55016,0,623943040.000,0,-,-,-,-,5351.6000,5351.2000,5351.0000,5350.6000,5350.4000,5353.2000,5353.4000,5353.6000,5353.8000,5354.0000,2,1,3,1,2,1,1,1,1,4
SF,IC2003,2020-01-03 09:34:12.400,5353.2000,55015,-1,625013680.000,1,0,1,双平,S,5351.8000,5351.6000,5351.2000,5351.0000,5350.6000,5353.4000,5353.6000,5353.8000,5354.0000,5354.2000,1,1,1,3,1,1,1,1,4,1
SF,IC2003,2020-01-03 09:34:12.900,5353.2000,55015,0,625013680.000,0,-,-,-,-,5351.8000,5351.6000,5351.2000,5351.0000,5350.6000,5353.2000,5353.4000,5353.6000,5353.8000,5354.0000,1,1,1,3,1,2,1,1,1,4
SF,IC2003,2020-01-03 09:34:13.400,5353.2000,55015,0,625013680.000,0,-,-,-,-,5352.0000,5351.8000,5351.6000,5351.0000,5350.4000,5353.2000,5353.4000,5353.6000,5353.8000,5354.0000,1,1,1,3,2,1,1,1,1,4
SF,IC2003,2020-01-03 09:34:13.900,5353.2000,55015,0,625013680.000,0,-,-,-,-,5351.8000,5351.6000,5351.0000,5350.4000,5350.0000,5353.0000,5353.2000,5353.4000,5353.6000,5353.8000,1,1,3,2,3,1,1,1,1,1
SF,IC2003,2020-01-03 09:34:14.400,5353.2000,55015,0,625013680.000,0,-,-,-,-,5351.8000,5351.6000,5351.0000,5350.4000,5350.0000,5353.0000,5353.4000,5353.6000,5353.8000,5354.0000,1,1,3,2,3,1,1,1,1,4
SF,IC2003,2020-01-03 09:34:14.900,5353.2000,55015,0,625013680.000,0,-,-,-,-,5351.8000,5351.0000,5350.4000,5350.0000,5349.0000,5353.0000,5353.4000,5353.6000,5353.8000,5354.0000,1,3,2,3,2,1,1,1,1,4
SF,IC2003,2020-01-03 09:34:15.400,5353.2000,55015,0,625013680.000,0,-,-,-,-,5351.8000,5351.0000,5350.4000,5350.0000,5349.0000,5353.0000,5353.4000,5353.6000,5353.8000,5354.0000,1,5,2,2,2,1,1,1,1,4
SF,IC2003,2020-01-03 09:34:15.900,5353.2000,55015,0,625013680.000,0,-,-,-,-,5353.0000,5351.8000,5351.0000,5350.4000,5350.0000,5353.4000,5353.6000,5353.8000,5354.0000,5354.2000,1,1,5,2,2,1,1,1,4,1
SF,IC2003,2020-01-03 09:34:16.400,5353.0000,55015,0,626084280.000,1,0,1,多换,S,5351.8000,5351.0000,5350.4000,5350.0000,5349.0000,5352.8000,5353.4000,5353.6000,5353.8000,5354.0000,1,2,1,2,2,1,1,1,1,4
SF,IC2003,2020-01-03 09:34:17.900,5353.0000,55015,0,626084280.000,0,-,-,-,-,5352.8000,5351.8000,5351.0000,5350.4000,5350.0000,5353.4000,5353.6000,5353.8000,5354.0000,5354.2000,1,1,2,1,2,1,1,1,4,1
SF,IC2003,2020-01-03 09:34:18.400,5353.2000,55015,0,627154920.000,1,0,1,多换,S,5351.8000,5351.0000,5350.4000,5350.0000,5349.0000,5353.4000,5353.6000,5353.8000,5354.0000,5354.2000,1,2,1,2,2,1,1,1,4,1
SF,IC2003,2020-01-03 09:34:18.900,5353.2000,55015,0,627154920.000,0,-,-,-,-,5352.8000,5352.0000,5351.8000,5351.0000,5350.4000,5353.6000,5353.8000,5354.0000,5354.2000,5354.6000,1,1,3,2,1,1,1,4,1,1
SF,IC2003,2020-01-03 09:34:19.400,5352.8000,55015,0,629296120.000,2,1,1,多换,S,5352.0000,5351.8000,5351.0000,5350.4000,5350.0000,5352.8000,5353.8000,5354.0000,5354.2000,5354.6000,1,3,2,1,2,5,1,4,1,1
SF,IC2003,2020-01-03 09:34:19.900,5352.8000,55010,-5,634648920.000,5,0,5,双平,S,5352.8000,5352.0000,5351.8000,5351.0000,5350.0000,5353.8000,5354.0000,5354.2000,5354.6000,5355.0000,1,1,3,2,2,1,4,1,1,1
SF,IC2003,2020-01-03 09:34:20.400,5353.8000,55010,0,635719680.000,1,0,1,多换,S,5353.8000,5352.0000,5351.8000,5351.0000,5350.0000,5354.0000,5354.2000,5354.6000,5355.0000,5355.2000,1,1,2,2,2,4,1,1,1,3
SF,IC2003,2020-01-03 09:34:20.900,5353.8000,55010,0,636790440.000,1,0,1,多换,S,5352.0000,5351.8000,5351.0000,5350.0000,5349.0000,5353.6000,5353.8000,5354.0000,5354.2000,5354.6000,1,2,3,2,2,1,4,4,1,1
SF,IC2003,2020-01-03 09:34:21.400,5353.8000,55010,0,636790440.000,0,-,-,-,-,5352.0000,5351.8000,5351.0000,5350.0000,5349.0000,5353.6000,5353.8000,5354.0000,5354.2000,5354.6000,1,1,3,2,2,1,1,4,1,1
SF,IC2003,2020-01-03 09:34:21.900,5353.8000,55010,0,636790440.000,0,-,-,-,-,5353.6000,5352.2000,5352.0000,5351.0000,5350.0000,5353.8000,5354.0000,5354.2000,5354.6000,5355.0000,1,1,2,3,2,1,4,1,1,1
SF,IC2003,2020-01-03 09:34:22.400,5353.8000,55011,1,637861200.000,1,1,0,双开,S,5353.8000,5352.2000,5352.0000,5351.0000,5350.0000,5354.0000,5354.2000,5354.6000,5355.0000,5355.2000,2,1,2,3,2,3,1,1,1,3
SF,IC2003,2020-01-03 09:34:22.900,5354.0000,55011,0,640002760.000,2,1,1,多换,S,5352.2000,5352.0000,5351.8000,5351.0000,5350.0000,5354.0000,5354.2000,5354.6000,5355.0000,5355.2000,1,2,1,3,2,2,1,1,1,3
SF,IC2003,2020-01-03 09:34:23.400,5354.0000,55011,0,640002760.000,0,-,-,-,-,5352.6000,5352.4000,5352.0000,5351.8000,5351.0000,5354.0000,5354.2000,5354.6000,5355.0000,5355.2000,2,3,1,1,3,2,1,1,1,3
SF,IC2003,2020-01-03 09:34:23.900,5354.0000,55011,0,640002760.000,0,-,-,-,-,5352.8000,5352.4000,5352.0000,5351.8000,5351.0000,5354.0000,5354.2000,5354.6000,5355.0000,5355.2000,1,2,1,1,3,2,1,1,1,3
SF,IC2003,2020-01-03 09:34:24.400,5354.0000,55011,0,640002760.000,0,-,-,-,-,5352.8000,5352.4000,5352.0000,5351.8000,5351.0000,5354.0000,5354.2000,5354.6000,5355.0000,5355.2000,1,2,2,1,3,2,1,1,1,3
SF,IC2003,2020-01-03 09:34:24.900,5354.0000,55010,-1,641073560.000,1,0,1,双平,S,5352.8000,5352.4000,5352.0000,5351.8000,5351.0000,5354.0000,5354.2000,5354.6000,5355.0000,5355.2000,1,1,1,1,3,1,1,1,1,3
SF,IC2003,2020-01-03 09:34:25.400,5354.0000,55010,0,641073560.000,0,-,-,-,-,5353.0000,5352.8000,5352.4000,5352.0000,5351.8000,5354.0000,5354.2000,5354.6000,5355.0000,5355.2000,2,1,1,1,1,1,1,1,1,3
SF,IC2003,2020-01-03 09:34:25.900,5354.0000,55010,0,641073560.000,0,-,-,-,-,5353.0000,5352.8000,5352.4000,5352.0000,5351.8000,5354.0000,5354.2000,5354.6000,5355.2000,5356.0000,2,1,1,1,1,2,1,1,3,8
SF,IC2003,2020-01-03 09:34:27.400,5354.0000,55010,0,641073560.000,0,-,-,-,-,5353.0000,5352.8000,5352.4000,5352.0000,5351.8000,5354.0000,5354.6000,5355.2000,5356.0000,5357.0000,3,1,1,1,1,2,1,3,8,1
SF,IC2003,2020-01-03 09:34:27.900,5354.0000,55010,0,641073560.000,0,-,-,-,-,5353.0000,5352.4000,5352.0000,5351.8000,5351.0000,5354.0000,5354.6000,5355.2000,5356.0000,5357.0000,3,1,1,1,3,2,1,3,8,1
SF,IC2003,2020-01-03 09:34:28.400,5354.0000,55010,0,641073560.000,0,-,-,-,-,5353.0000,5352.4000,5352.0000,5351.8000,5351.0000,5354.0000,5354.6000,5355.2000,5356.0000,5357.0000,4,1,1,1,3,2,1,3,8,1
SF,IC2003,2020-01-03 09:34:28.900,5354.0000,55010,0,641073560.000,0,-,-,-,-,5353.0000,5352.4000,5352.0000,5351.8000,5351.0000,5354.0000,5354.6000,5355.2000,5356.0000,5357.0000,4,1,1,1,3,2,1,3,8,1
SF,IC2003,2020-01-03 09:34:29.900,5353.0000,55009,-1,644285360.000,3,1,2,多平,S,5353.0000,5352.4000,5352.0000,5351.8000,5351.0000,5354.0000,5354.6000,5355.2000,5356.0000,5357.0000,1,1,1,1,3,2,1,3,8,1
SF,IC2003,2020-01-03 09:34:30.400,5353.8000,55007,-2,647497320.000,3,0,3,多平,S,5352.0000,5351.8000,5351.0000,5350.0000,5349.0000,5354.0000,5354.6000,5355.2000,5356.0000,5357.0000,1,1,3,7,2,2,1,3,8,1
SF,IC2003,2020-01-03 09:34:30.900,5353.8000,55007,0,647497320.000,0,-,-,-,-,5352.2000,5352.0000,5351.8000,5351.0000,5350.0000,5353.8000,5354.0000,5354.6000,5355.2000,5356.0000,4,1,1,3,7,2,2,1,3,8
SF,IC2003,2020-01-03 09:34:31.400,5352.2000,55007,0,648567760.000,1,0,1,多换,S,5352.2000,5352.0000,5351.8000,5351.0000,5350.0000,5353.8000,5354.0000,5354.6000,5355.2000,5356.0000,1,1,1,3,7,2,2,1,3,8
SF,IC2003,2020-01-03 09:34:31.900,5352.2000,55007,0,648567760.000,0,-,-,-,-,5352.0000,5351.8000,5351.0000,5350.0000,5349.0000,5353.6000,5353.8000,5354.0000,5354.6000,5355.2000,1,1,3,7,2,1,2,2,1,3
SF,IC2003,2020-01-03 09:34:32.400,5352.2000,55007,0,648567760.000,0,-,-,-,-,5352.0000,5351.8000,5351.0000,5350.0000,5349.0000,5353.4000,5353.6000,5354.0000,5354.6000,5355.2000,1,1,3,7,2,1,1,2,1,3
SF,IC2003,2020-01-03 09:34:32.900,5352.2000,55007,0,648567760.000,0,-,-,-,-,5352.2000,5352.0000,5351.8000,5351.0000,5350.0000,5353.4000,5354.0000,5354.6000,5355.2000,5356.0000,1,1,1,3,7,1,2,1,3,8
SF,IC2003,2020-01-03 09:34:34.400,5352.2000,55007,0,648567760.000,0,-,-,-,-,5352.2000,5352.0000,5351.8000,5351.0000,5350.0000,5353.4000,5354.0000,5354.6000,5355.2000,5356.0000,1,1,1,3,7,1,2,1,3,9
SF,IC2003,2020-01-03 09:34:34.900,5352.2000,55007,0,648567760.000,0,-,-,-,-,5352.2000,5352.0000,5351.8000,5351.0000,5350.0000,5354.0000,5354.6000,5355.2000,5356.0000,5357.0000,1,1,1,3,7,2,1,3,9,1
SF,IC2003,2020-01-03 09:34:35.400,5352.2000,55007,0,648567760.000,0,-,-,-,-,5352.6000,5352.4000,5352.2000,5352.0000,5351.8000,5354.0000,5354.6000,5355.2000,5356.0000,5357.0000,2,1,1,1,1,2,1,3,9,1
SF,IC2003,2020-01-03 09:34:35.900,5352.2000,55007,0,648567760.000,0,-,-,-,-,5352.4000,5352.2000,5352.0000,5351.8000,5351.0000,5354.0000,5354.6000,5355.2000,5356.0000,5357.0000,1,1,1,1,3,2,1,3,9,1
SF,IC2003,2020-01-03 09:34:36.400,5352.2000,55007,0,648567760.000,0,-,-,-,-,5352.6000,5352.4000,5352.0000,5351.8000,5351.0000,5354.0000,5354.6000,5355.2000,5356.0000,5357.0000,1,1,1,1,3,2,1,3,9,1
SF,IC2003,2020-01-03 09:34:37.400,5354.0000,55007,0,649638560.000,1,0,1,多换,S,5352.6000,5352.4000,5352.2000,5352.0000,5351.8000,5354.0000,5354.6000,5355.2000,5356.0000,5357.0000,1,1,1,1,1,1,1,3,9,1
SF,IC2003,2020-01-03 09:34:38.400,5354.0000,55007,0,649638560.000,0,-,-,-,-,5352.6000,5352.4000,5352.2000,5352.0000,5351.8000,5354.0000,5354.6000,5355.2000,5356.0000,5357.0000,1,1,1,1,1,1,1,3,9,1
SF,IC2003,2020-01-03 09:34:39.900,5354.0000,55008,1,651780160.000,2,1,1,空开,S,5352.6000,5352.4000,5352.2000,5352.0000,5351.8000,5354.6000,5355.2000,5356.0000,5357.0000,5357.4000,1,1,1,1,1,1,3,9,1,1
SF,IC2003,2020-01-03 09:34:40.400,5354.0000,55008,0,651780160.000,0,-,-,-,-,5352.8000,5352.6000,5352.4000,5352.2000,5352.0000,5354.2000,5354.4000,5354.6000,5355.2000,5356.0000,2,1,1,1,1,2,1,1,3,9
SF,IC2003,2020-01-03 09:34:40.900,5352.8000,55007,-1,652850720.000,1,0,1,双平,S,5352.6000,5352.4000,5352.2000,5352.0000,5351.8000,5354.0000,5354.2000,5354.6000,5355.2000,5356.0000,1,1,1,1,1,1,2,1,3,9
SF,IC2003,2020-01-03 09:34:41.400,5352.8000,55007,0,652850720.000,0,-,-,-,-,5352.6000,5352.4000,5352.2000,5352.0000,5351.8000,5354.0000,5354.2000,5354.6000,5355.2000,5356.0000,1,1,1,2,1,1,2,1,3,9
SF,IC2003,2020-01-03 09:34:41.900,5352.8000,55007,0,652850720.000,0,-,-,-,-,5352.4000,5352.2000,5352.0000,5351.8000,5351.0000,5354.0000,5354.2000,5354.6000,5355.2000,5356.0000,1,1,2,1,3,1,2,1,3,9
SF,IC2003,2020-01-03 09:34:42.400,5354.2000,55007,0,654992360.000,2,1,1,多换,S,5352.6000,5352.4000,5352.2000,5352.0000,5351.8000,5354.2000,5354.6000,5355.2000,5356.0000,5357.0000,1,1,1,2,1,1,1,3,9,1
SF,IC2003,2020-01-03 09:34:42.900,5354.2000,55007,0,654992360.000,0,-,-,-,-,5352.6000,5352.4000,5352.2000,5352.0000,5351.8000,5354.0000,5354.2000,5354.6000,5355.2000,5356.0000,1,1,1,2,1,1,2,1,3,9
SF,IC2003,2020-01-03 09:34:44.400,5354.2000,55007,0,654992360.000,0,-,-,-,-,5352.6000,5352.4000,5352.2000,5352.0000,5351.8000,5354.0000,5354.2000,5354.6000,5355.2000,5356.0000,1,1,1,2,1,1,3,1,3,9
SF,IC2003,2020-01-03 09:34:44.900,5354.2000,55007,0,654992360.000,0,-,-,-,-,5352.6000,5352.4000,5352.2000,5352.0000,5351.8000,5354.0000,5354.2000,5354.6000,5355.2000,5356.0000,2,1,1,2,1,1,3,1,3,9
SF,IC2003,2020-01-03 09:34:45.400,5354.2000,55007,0,654992360.000,0,-,-,-,-,5352.6000,5352.2000,5352.0000,5351.8000,5351.0000,5354.0000,5354.2000,5354.6000,5355.2000,5356.0000,2,1,2,1,3,1,3,1,3,9
SF,IC2003,2020-01-03 09:34:45.900,5354.2000,55007,0,654992360.000,0,-,-,-,-,5352.6000,5352.2000,5352.0000,5351.8000,5351.0000,5353.6000,5353.8000,5354.0000,5354.2000,5354.6000,1,1,2,1,3,1,1,1,2,1
SF,IC2003,2020-01-03 09:34:46.400,5354.2000,55007,0,654992360.000,0,-,-,-,-,5352.6000,5352.2000,5352.0000,5351.8000,5351.0000,5353.4000,5353.6000,5353.8000,5354.2000,5354.6000,1,1,2,1,3,1,1,1,2,1
SF,IC2003,2020-01-03 09:34:46.900,5352.6000,55007,0,656062880.000,1,0,1,多换,S,5352.2000,5352.0000,5351.8000,5351.0000,5350.0000,5353.4000,5353.6000,5353.8000,5354.2000,5354.6000,1,2,1,3,6,1,1,1,2,1
SF,IC2003,2020-01-03 09:34:47.400,5352.6000,55007,0,656062880.000,0,-,-,-,-,5352.4000,5352.2000,5352.0000,5351.8000,5351.0000,5353.4000,5353.6000,5354.0000,5354.2000,5354.6000,1,1,2,1,3,1,1,1,2,1
SF,IC2003,2020-01-03 09:34:47.900,5352.6000,55007,0,656062880.000,0,-,-,-,-,5352.4000,5352.2000,5352.0000,5351.0000,5350.0000,5352.6000,5353.4000,5353.6000,5354.0000,5354.2000,1,1,2,3,6,1,1,1,1,2
SF,IC2003,2020-01-03 09:34:48.400,5352.6000,55007,0,657133400.000,1,0,1,多换,S,5352.2000,5352.0000,5351.0000,5350.0000,5349.0000,5353.4000,5353.6000,5354.0000,5354.2000,5354.6000,1,2,3,6,2,1,1,1,2,1
SF,IC2003,2020-01-03 09:34:49.400,5352.6000,55007,0,657133400.000,0,-,-,-,-,5352.2000,5352.0000,5351.0000,5350.0000,5349.0000,5353.2000,5353.4000,5353.6000,5354.0000,5354.2000,2,2,3,6,2,1,1,1,1,1
SF,IC2003,2020-01-03 09:34:49.900,5353.0000,55008,1,658204000.000,1,1,0,双开,S,5352.2000,5352.0000,5351.0000,5350.0000,5349.0000,5352.4000,5353.2000,5353.6000,5354.0000,5354.2000,2,3,3,6,2,1,1,1,1,1
SF,IC2003,2020-01-03 09:34:50.400,5352.4000,55007,-1,660344960.000,2,0,2,多平,S,5352.4000,5352.2000,5352.0000,5351.0000,5350.0000,5353.0000,5353.6000,5354.0000,5354.2000,5354.6000,2,2,3,3,6,1,1,1,1,1
SF,IC2003,2020-01-03 09:34:50.900,5352.4000,55007,0,660344960.000,0,-,-,-,-,5352.4000,5352.2000,5352.0000,5351.0000,5350.0000,5353.0000,5353.6000,5354.0000,5354.2000,5354.6000,2,2,3,3,6,1,1,2,1,1
SF,IC2003,2020-01-03 09:34:51.900,5353.0000,55006,-1,661415560.000,1,0,1,双平,S,5353.0000,5352.2000,5352.0000,5351.0000,5350.0000,5354.0000,5354.2000,5354.6000,5355.2000,5356.0000,1,2,3,3,6,2,1,1,3,9
SF,IC2003,2020-01-03 09:34:52.400,5353.0000,55006,0,661415560.000,0,-,-,-,-,5352.6000,5352.2000,5352.0000,5351.0000,5350.0000,5353.8000,5354.0000,5354.2000,5354.6000,5355.2000,1,2,3,3,6,1,2,1,1,3
SF,IC2003,2020-01-03 09:34:52.900,5353.0000,55006,0,661415560.000,0,-,-,-,-,5352.8000,5352.6000,5352.4000,5352.2000,5352.0000,5353.8000,5354.0000,5354.2000,5354.6000,5355.2000,1,1,1,2,3,1,2,1,1,3
SF,IC2003,2020-01-03 09:34:53.400,5353.0000,55006,0,661415560.000,0,-,-,-,-,5352.8000,5352.6000,5352.4000,5352.2000,5352.0000,5353.8000,5354.0000,5354.2000,5354.6000,5355.2000,1,1,1,2,3,1,2,1,1,3
SF,IC2003,2020-01-03 09:34:55.400,5352.8000,55005,-1,663556680.000,2,0,2,多平,S,5352.6000,5352.4000,5352.2000,5352.0000,5351.0000,5353.0000,5353.8000,5354.0000,5354.2000,5354.6000,1,1,2,3,3,1,1,2,1,1
SF,IC2003,2020-01-03 09:34:55.900,5352.6000,55005,0,664627200.000,1,0,1,多换,S,5352.4000,5352.2000,5352.0000,5351.0000,5350.0000,5352.6000,5353.0000,5353.8000,5354.0000,5354.2000,1,2,2,3,6,1,1,1,2,1
SF,IC2003,2020-01-03 09:34:56.400,5352.4000,55005,0,665697680.000,1,0,1,多换,S,5352.2000,5352.0000,5351.0000,5350.0000,5349.8000,5352.4000,5353.0000,5353.8000,5354.0000,5354.2000,2,2,3,6,1,1,1,1,2,1
SF,IC2003,2020-01-03 09:34:56.900,5352.4000,55005,0,665697680.000,0,-,-,-,-,5352.2000,5352.0000,5351.0000,5350.0000,5349.8000,5353.0000,5353.8000,5354.0000,5354.2000,5354.6000,2,2,3,6,1,1,1,2,1,1
SF,IC2003,2020-01-03 09:34:57.900,5352.4000,55005,0,665697680.000,0,-,-,-,-,5352.2000,5352.0000,5351.0000,5350.0000,5349.8000,5353.0000,5353.8000,5354.0000,5354.2000,5354.6000,2,2,3,6,1,1,1,2,1,1
SF,IC2003,2020-01-03 09:34:58.400,5352.4000,55005,0,665697680.000,0,-,-,-,-,5352.2000,5352.0000,5351.0000,5350.0000,5349.8000,5353.0000,5353.8000,5354.0000,5354.2000,5354.6000,2,2,3,6,1,2,1,2,1,1
SF,IC2003,2020-01-03 09:34:59.900,5352.2000,55004,-1,667838560.000,2,0,2,多平,S,5352.0000,5351.0000,5350.0000,5349.8000,5349.0000,5352.2000,5353.0000,5353.8000,5354.0000,5354.2000,2,3,6,1,2,4,2,1,2,1
SF,IC2003,2020-01-03 09:35:00.400,5352.2000,55003,-1,672120200.000,4,1,3,多平,S,5351.0000,5350.0000,5349.8000,5349.0000,5348.8000,5352.2000,5353.0000,5353.8000,5354.0000,5354.2000,3,6,1,2,2,3,2,1,2,1
SF,IC2003,2020-01-03 09:35:00.900,5352.2000,55003,0,672120200.000,0,-,-,-,-,5351.2000,5351.0000,5350.0000,5349.8000,5349.0000,5352.2000,5353.0000,5353.8000,5354.0000,5354.2000,1,3,6,1,2,3,2,1,2,1
SF,IC2003,2020-01-03 09:35:01.400,5352.2000,55003,0,672120200.000,0,-,-,-,-,5352.0000,5351.0000,5350.0000,5349.8000,5349.0000,5352.2000,5353.0000,5353.8000,5354.0000,5354.2000,1,3,6,1,2,3,2,1,2,1
SF,IC2003,2020-01-03 09:35:01.900,5352.0000,55003,0,673190600.000,1,0,1,多换,S,5351.0000,5350.0000,5349.8000,5349.0000,5348.2000,5351.4000,5351.6000,5351.8000,5352.0000,5352.2000,3,6,1,2,2,1,1,3,12,3
SF,IC2003,2020-01-03 09:35:02.400,5351.0000,54999,-4,677471480.000,4,0,4,双平,S,5350.0000,5349.8000,5349.0000,5348.2000,5348.0000,5351.0000,5351.8000,5352.0000,5352.2000,5353.0000,6,1,2,2,4,4,1,7,3,2
SF,IC2003,2020-01-03 09:35:02.900,5351.0000,54998,-1,679611880.000,2,0,2,多平,S,5350.0000,5349.8000,5349.0000,5348.2000,5348.0000,5352.0000,5352.2000,5353.0000,5353.8000,5354.0000,6,1,2,2,4,17,3,2,1,2
SF,IC2003,2020-01-03 09:35:03.400,5351.0000,54998,0,679611880.000,0,-,-,-,-,5350.2000,5350.0000,5349.8000,5349.0000,5348.2000,5350.6000,5350.8000,5351.8000,5352.0000,5352.2000,1,6,1,2,2,1,1,4,17,3
SF,IC2003,2020-01-03 09:35:03.900,5350.8000,54996,-2,681752200.000,2,0,2,双平,S,5350.2000,5350.0000,5349.8000,5349.0000,5348.2000,5351.8000,5352.0000,5352.2000,5353.0000,5353.8000,1,6,1,2,2,4,17,3,2,1
SF,IC2003,2020-01-03 09:35:04.400,5350.8000,54996,0,681752200.000,0,-,-,-,-,5350.2000,5350.0000,5349.8000,5349.0000,5348.2000,5352.0000,5352.2000,5353.0000,5353.8000,5354.0000,1,6,1,2,2,17,3,2,1,2
SF,IC2003,2020-01-03 09:35:04.900,5350.8000,54996,0,681752200.000,0,-,-,-,-,5350.8000,5350.6000,5350.2000,5350.0000,5349.8000,5352.0000,5352.2000,5353.0000,5353.8000,5354.0000,1,2,2,6,1,14,3,2,1,2
SF,IC2003,2020-01-03 09:35:05.400,5352.0000,54993,-3,684963400.000,3,0,3,双平,S,5351.0000,5350.8000,5350.0000,5349.8000,5349.0000,5352.0000,5352.2000,5353.0000,5353.8000,5354.0000,1,3,6,1,2,11,3,2,1,2
SF,IC2003,2020-01-03 09:35:05.900,5352.0000,54988,-5,690315400.000,5,0,5,双平,S,5351.0000,5350.8000,5350.0000,5349.8000,5349.0000,5352.0000,5352.2000,5353.0000,5353.8000,5354.0000,1,3,6,1,2,5,3,2,1,2
SF,IC2003,2020-01-03 09:35:06.400,5351.2000,54981,-7,697808080.000,7,0,7,双平,S,5351.0000,5350.8000,5350.0000,5349.8000,5349.0000,5352.2000,5353.0000,5353.8000,5354.0000,5354.2000,2,3,6,1,2,2,2,1,2,1
SF,IC2003,2020-01-03 09:35:06.900,5352.2000,54980,-1,699948960.000,2,0,2,多平,S,5351.2000,5351.0000,5350.8000,5350.6000,5350.0000,5353.0000,5353.8000,5354.0000,5354.2000,5354.6000,4,2,3,1,6,2,1,2,1,1
SF,IC2003,2020-01-03 09:35:07.400,5352.2000,54980,0,699948960.000,0,-,-,-,-,5351.6000,5351.4000,5351.2000,5351.0000,5350.8000,5353.0000,5353.8000,5354.0000,5354.2000,5354.6000,2,1,3,2,2,2,1,2,1,1
SF,IC2003,2020-01-03 09:35:07.900,5352.2000,54980,0,699948960.000,0,-,-,-,-,5351.4000,5351.2000,5351.0000,5350.8000,5350.6000,5353.0000,5354.0000,5354.2000,5354.6000,5354.8000,1,3,2,2,1,2,2,1,1,4
SF,IC2003,2020-01-03 09:35:08.400,5352.2000,54980,0,699948960.000,0,-,-,-,-,5351.6000,5351.2000,5351.0000,5350.8000,5350.0000,5352.8000,5353.0000,5354.0000,5354.2000,5354.6000,1,3,2,1,6,3,2,2,1,1
SF,IC2003,2020-01-03 09:35:08.900,5352.2000,54980,0,699948960.000,0,-,-,-,-,5351.2000,5351.0000,5350.8000,5350.0000,5349.8000,5352.8000,5353.0000,5354.0000,5354.2000,5354.6000,2,2,1,6,1,3,2,2,1,1
SF,IC2003,2020-01-03 09:35:09.400,5352.2000,54980,0,699948960.000,0,-,-,-,-,5352.4000,5351.4000,5351.2000,5351.0000,5350.8000,5352.8000,5353.0000,5354.0000,5354.2000,5354.6000,19,2,2,2,1,1,2,2,1,1
SF,IC2003,2020-01-03 09:35:10.400,5352.8000,54979,-1,701019520.000,1,0,1,双平,S,5352.4000,5351.4000,5351.2000,5351.0000,5350.8000,5353.0000,5354.0000,5354.2000,5354.6000,5354.8000,19,2,2,3,1,2,2,1,1,4
SF,IC2003,2020-01-03 09:35:10.900,5353.0000,54977,-2,703160720.000,2,0,2,双平,S,5353.0000,5352.6000,5351.4000,5351.2000,5351.0000,5354.0000,5354.2000,5354.6000,5354.8000,5355.2000,4,1,1,2,3,2,1,1,4,3
SF,IC2003,2020-01-03 09:35:11.400,5353.0000,54977,0,703160720.000,0,-,-,-,-,5353.2000,5353.0000,5351.4000,5351.2000,5351.0000,5354.0000,5354.2000,5354.6000,5354.8000,5355.2000,1,2,1,2,3,2,1,1,4,3
SF,IC2003,2020-01-03 09:35:11.900,5354.0000,54976,-1,704231520.000,1,0,1,双平,S,5353.2000,5353.0000,5351.4000,5351.2000,5351.0000,5354.0000,5354.2000,5354.6000,5354.8000,5355.2000,1,2,1,1,3,1,1,1,4,3
SF,IC2003,2020-01-03 09:35:12.400,5354.2000,54975,-1,706373160.000,2,0,2,多平,S,5353.4000,5353.2000,5353.0000,5352.8000,5351.2000,5354.6000,5354.8000,5355.2000,5356.0000,5357.0000,1,1,2,1,1,1,4,3,9,1
SF,IC2003,2020-01-03 09:35:12.900,5354.2000,54975,0,706373160.000,0,-,-,-,-,5353.4000,5353.0000,5352.8000,5351.2000,5351.0000,5354.6000,5354.8000,5355.2000,5356.0000,5357.0000,2,2,1,1,3,1,4,3,9,1
SF,IC2003,2020-01-03 09:35:13.900,5354.2000,54975,0,706373160.000,0,-,-,-,-,5353.4000,5353.0000,5352.8000,5351.2000,5351.0000,5354.6000,5354.8000,5355.0000,5355.2000,5356.0000,3,2,1,1,3,1,4,1,3,9
SF,IC2003,2020-01-03 09:35:14.400,5354.6000,54975,0,707444080.000,1,0,1,多换,S,5353.4000,5353.0000,5352.8000,5351.2000,5351.0000,5354.8000,5355.0000,5355.2000,5356.0000,5357.0000,3,2,1,1,3,4,1,3,9,1
SF,IC2003,2020-01-03 09:35:14.900,5354.8000,54971,-4,716011600.000,8,2,6,多平,S,5354.8000,5353.4000,5353.0000,5352.8000,5351.2000,5355.0000,5355.2000,5356.0000,5357.0000,5357.4000,11,2,2,1,1,1,3,9,1,1
SF,IC2003,2020-01-03 09:35:15.400,5353.4000,54958,-13,729933800.000,13,0,13,双平,S,5353.4000,5353.0000,5352.8000,5351.2000,5351.0000,5354.6000,5354.8000,5355.0000,5355.2000,5356.0000,1,2,1,1,3,1,9,1,3,9
SF,IC2003,2020-01-03 09:35:15.900,5353.4000,54957,-1,731004480.000,1,0,1,双平,S,5354.6000,5353.6000,5353.0000,5352.8000,5351.2000,5354.8000,5355.0000,5355.2000,5356.0000,5357.0000,1,1,2,1,1,9,1,3,9,1
SF,IC2003,2020-01-03 09:35:16.400,5354.6000,54955,-2,733146320.000,2,0,2,双平,S,5353.6000,5353.0000,5352.8000,5351.2000,5351.0000,5354.4000,5354.6000,5354.8000,5355.0000,5355.2000,1,2,1,1,3,3,7,4,1,3
SF,IC2003,2020-01-03 09:35:16.900,5353.6000,54954,-1,734217040.000,1,0,1,双平,S,5353.0000,5352.8000,5351.2000,5351.0000,5350.8000,5354.6000,5354.8000,5355.0000,5355.2000,5356.0000,2,1,1,3,1,7,4,1,3,9
SF,IC2003,2020-01-03 09:35:17.400,5353.6000,54954,0,734217040.000,0,-,-,-,-,5353.0000,5352.8000,5351.2000,5351.0000,5350.8000,5354.4000,5354.6000,5354.8000,5355.0000,5355.2000,3,1,1,3,1,2,7,4,1,3
SF,IC2003,2020-01-03 09:35:17.900,5353.0000,54952,-2,737428840.000,3,0,3,多平,S,5352.8000,5351.2000,5351.0000,5350.8000,5350.0000,5354.2000,5354.4000,5354.6000,5354.8000,5355.0000,1,1,3,1,6,3,1,7,4,1
SF,IC2003,2020-01-03 09:35:18.400,5352.8000,54951,-1,738499400.000,1,0,1,双平,S,5351.2000,5351.0000,5350.8000,5350.0000,5349.8000,5352.8000,5353.2000,5354.0000,5354.2000,5354.6000,1,3,1,6,1,1,1,1,3,7
SF,IC2003,2020-01-03 09:35:18.900,5352.8000,54951,0,738499400.000,0,-,-,-,-,5351.4000,5351.0000,5350.8000,5350.0000,5349.8000,5352.8000,5353.0000,5354.0000,5354.2000,5354.6000,1,3,1,6,1,2,8,1,1,7
SF,IC2003,2020-01-03 09:35:19.400,5352.8000,54951,0,738499400.000,0,-,-,-,-,5351.4000,5351.0000,5350.8000,5350.0000,5349.8000,5352.8000,5353.0000,5354.0000,5354.2000,5354.6000,1,3,1,8,1,1,8,1,1,7
SF,IC2003,2020-01-03 09:35:19.900,5352.8000,54951,0,738499400.000,0,-,-,-,-,5352.0000,5351.4000,5351.0000,5350.8000,5350.0000,5352.8000,5353.0000,5354.0000,5354.2000,5354.6000,2,1,3,1,8,1,8,1,1,7
SF,IC2003,2020-01-03 09:35:20.400,5352.8000,54951,0,739569960.000,1,0,1,多换,S,5352.0000,5351.4000,5351.0000,5350.8000,5350.0000,5353.0000,5354.0000,5354.2000,5354.6000,5354.8000,2,2,2,1,8,8,1,1,7,4
SF,IC2003,2020-01-03 09:35:21.400,5352.8000,54951,0,739569960.000,0,-,-,-,-,5352.0000,5351.4000,5351.0000,5350.8000,5350.0000,5353.0000,5354.0000,5354.2000,5354.6000,5354.8000,3,2,2,1,8,8,1,1,7,3
SF,IC2003,2020-01-03 09:35:21.900,5352.8000,54952,1,740640520.000,1,1,0,双开,S,5352.0000,5351.4000,5351.0000,5350.8000,5350.0000,5353.0000,5354.0000,5354.2000,5354.6000,5354.8000,3,2,2,1,8,8,1,1,3,1
SF,IC2003,2020-01-03 09:35:22.900,5353.0000,54952,0,741711120.000,1,0,1,多换,S,5352.0000,5351.4000,5351.0000,5350.8000,5350.0000,5353.0000,5354.0000,5354.2000,5354.6000,5354.8000,3,2,2,1,8,7,1,1,3,1
SF,IC2003,2020-01-03 09:35:23.400,5353.0000,54952,0,741711120.000,0,-,-,-,-,5352.2000,5352.0000,5351.4000,5351.0000,5350.8000,5353.0000,5354.0000,5354.2000,5354.6000,5354.8000,1,3,2,2,1,7,1,1,3,1
SF,IC2003,2020-01-03 09:35:24.900,5353.0000,54952,0,741711120.000,0,-,-,-,-,5352.2000,5352.0000,5351.4000,5351.0000,5350.8000,5353.0000,5354.0000,5354.2000,5354.6000,5354.8000,1,3,2,2,2,7,1,1,3,1
SF,IC2003,2020-01-03 09:35:25.400,5353.0000,54951,-1,742781720.000,1,0,1,双平,S,5352.2000,5352.0000,5351.4000,5351.0000,5350.8000,5353.0000,5354.0000,5354.2000,5354.6000,5354.8000,1,3,2,2,2,6,1,1,3,1
SF,IC2003,2020-01-03 09:35:25.900,5352.2000,54951,0,743852160.000,1,0,1,多换,S,5352.0000,5351.4000,5351.0000,5350.8000,5350.0000,5353.0000,5354.0000,5354.2000,5354.6000,5354.8000,3,2,2,2,8,6,1,1,3,1
SF,IC2003,2020-01-03 09:35:26.400,5352.2000,54951,0,743852160.000,0,-,-,-,-,5352.0000,5351.4000,5351.0000,5350.8000,5350.0000,5353.0000,5354.0000,5354.2000,5354.6000,5354.8000,4,2,2,2,8,6,1,1,3,1
SF,IC2003,2020-01-03 09:35:27.400,5352.2000,54951,0,743852160.000,0,-,-,-,-,5352.0000,5351.4000,5351.0000,5350.8000,5350.0000,5352.8000,5353.0000,5354.0000,5354.2000,5354.6000,4,2,2,2,8,1,6,1,1,3
SF,IC2003,2020-01-03 09:35:27.900,5352.2000,54951,0,743852160.000,0,-,-,-,-,5352.4000,5352.0000,5351.4000,5351.0000,5350.8000,5352.8000,5353.0000,5354.0000,5354.2000,5354.6000,1,4,2,2,2,1,6,1,1,3
SF,IC2003,2020-01-03 09:35:28.400,5352.4000,54951,0,744922640.000,1,0,1,多换,S,5352.0000,5351.4000,5351.0000,5350.8000,5350.0000,5352.4000,5352.8000,5353.0000,5354.0000,5354.2000,4,2,2,2,8,2,1,6,1,1
SF,IC2003,2020-01-03 09:35:28.900,5352.4000,54951,0,744922640.000,0,-,-,-,-,5352.0000,5351.4000,5351.0000,5350.8000,5350.0000,5352.2000,5352.4000,5352.8000,5353.0000,5354.0000,4,2,2,2,8,1,2,1,6,1
SF,IC2003,2020-01-03 09:35:29.400,5352.0000,54948,-3,750274680.000,5,1,4,多平,S,5351.4000,5351.0000,5350.8000,5350.0000,5349.8000,5352.4000,5352.8000,5353.0000,5354.0000,5354.2000,1,2,2,8,1,1,2,6,1,1
SF,IC2003,2020-01-03 09:35:29.900,5351.4000,54948,0,752415240.000,2,1,1,多换,S,5351.0000,5350.8000,5350.0000,5349.8000,5349.0000,5352.4000,5352.8000,5353.0000,5354.0000,5354.2000,2,2,8,1,3,1,2,6,1,1
SF,IC2003,2020-01-03 09:35:30.400,5351.0000,54948,0,753485440.000,1,0,1,多换,S,5351.0000,5350.8000,5350.0000,5349.8000,5349.0000,5351.4000,5352.0000,5352.2000,5352.4000,5352.8000,1,2,8,1,3,1,1,1,2,2
SF,IC2003,2020-01-03 09:35:30.900,5351.0000,54947,-1,757766200.000,4,1,3,多平,S,5350.8000,5350.0000,5349.8000,5349.0000,5348.2000,5351.0000,5352.0000,5352.2000,5352.4000,5352.8000,1,8,1,3,2,2,1,1,2,2
SF,IC2003,2020-01-03 09:35:31.400,5350.8000,54945,-2,760976680.000,3,0,3,多平,S,5350.0000,5349.8000,5349.0000,5348.2000,5348.0000,5351.0000,5352.0000,5352.2000,5352.4000,5352.8000,8,1,3,2,6,2,1,1,2,2
SF,IC2003,2020-01-03 09:35:31.900,5351.0000,54943,-2,763117080.000,2,0,2,双平,S,5351.0000,5350.2000,5350.0000,5349.8000,5349.0000,5352.0000,5352.2000,5352.4000,5352.8000,5353.0000,1,2,8,1,3,1,1,1,2,6
SF,IC2003,2020-01-03 09:35:32.400,5352.0000,54943,0,764187480.000,1,0,1,多换,S,5351.2000,5351.0000,5350.2000,5350.0000,5349.8000,5352.2000,5352.4000,5352.8000,5353.0000,5355.0000,2,1,1,8,1,1,1,1,6,2
SF,IC2003,2020-01-03 09:35:32.900,5352.0000,54943,0,764187480.000,0,-,-,-,-,5352.2000,5351.4000,5350.0000,5349.8000,5349.0000,5352.4000,5352.8000,5353.0000,5355.0000,5355.2000,2,2,8,1,3,1,1,6,2,3
SF,IC2003,2020-01-03 09:35:33.400,5352.4000,54942,-1,765257960.000,1,0,1,双平,S,5352.4000,5351.4000,5350.0000,5349.8000,5349.0000,5352.8000,5353.0000,5355.0000,5355.2000,5356.0000,2,2,8,1,3,1,6,2,3,9
SF,IC2003,2020-01-03 09:35:33.900,5352.8000,54941,-1,766328520.000,1,0,1,双平,S,5352.6000,5351.4000,5350.0000,5349.8000,5349.0000,5353.0000,5355.0000,5355.2000,5356.0000,5357.0000,2,2,8,1,3,6,2,3,9,1
SF,IC2003,2020-01-03 09:35:34.400,5353.0000,54939,-2,768469720.000,2,0,2,双平,S,5352.4000,5351.4000,5350.0000,5349.8000,5349.0000,5352.6000,5353.0000,5355.0000,5355.2000,5356.0000,1,2,8,1,3,1,4,2,3,9
SF,IC2003,2020-01-03 09:35:34.900,5353.0000,54939,0,768469720.000,0,-,-,-,-,5352.4000,5351.4000,5350.0000,5349.8000,5349.0000,5352.6000,5353.0000,5355.0000,5355.2000,5356.0000,1,2,10,1,3,1,4,2,3,9
SF,IC2003,2020-01-03 09:35:35.400,5352.6000,54938,-1,770610720.000,2,0,2,多平,S,5352.6000,5351.4000,5350.0000,5349.8000,5349.0000,5353.0000,5355.0000,5355.2000,5356.0000,5357.0000,1,2,10,1,3,4,2,3,9,1
SF,IC2003,2020-01-03 09:35:35.900,5352.6000,54937,-1,771681240.000,1,0,1,双平,S,5351.4000,5350.0000,5349.8000,5349.0000,5348.2000,5352.0000,5353.0000,5355.0000,5355.2000,5356.0000,1,10,1,3,2,1,4,2,3,9
SF,IC2003,2020-01-03 09:35:36.400,5352.0000,54936,-1,772751640.000,1,0,1,双平,S,5352.6000,5352.2000,5352.0000,5351.4000,5350.0000,5353.0000,5355.0000,5355.2000,5356.0000,5357.0000,1,1,5,1,10,4,2,3,9,1
SF,IC2003,2020-01-03 09:35:36.900,5353.0000,54935,-1,773822240.000,1,0,1,双平,S,5352.0000,5351.4000,5350.0000,5349.8000,5349.0000,5353.0000,5355.0000,5355.2000,5356.0000,5357.0000,3,1,12,1,3,3,2,3,9,1
SF,IC2003,2020-01-03 09:35:37.400,5353.0000,54935,0,773822240.000,0,-,-,-,-,5352.0000,5351.4000,5350.0000,5349.8000,5349.0000,5353.0000,5355.0000,5355.2000,5356.0000,5357.0000,3,1,12,1,3,3,2,3,9,1
SF,IC2003,2020-01-03 09:35:38.900,5353.0000,54935,0,773822240.000,0,-,-,-,-,5352.0000,5351.4000,5350.2000,5350.0000,5349.8000,5353.0000,5355.0000,5355.2000,5356.0000,5357.0000,3,1,1,12,1,3,2,3,9,1
SF,IC2003,2020-01-03 09:35:39.400,5353.0000,54935,0,773822240.000,0,-,-,-,-,5352.0000,5351.4000,5350.2000,5350.0000,5349.8000,5353.0000,5355.0000,5355.2000,5356.0000,5357.0000,2,1,1,12,1,3,2,3,9,1
SF,IC2003,2020-01-03 09:35:40.400,5353.0000,54935,0,773822240.000,0,-,-,-,-,5352.0000,5351.4000,5350.2000,5350.0000,5349.8000,5353.0000,5355.0000,5355.2000,5356.0000,5357.0000,2,1,1,12,1,3,2,3,9,1
SF,IC2003,2020-01-03 09:35:40.900,5353.0000,54935,0,773822240.000,0,-,-,-,-,5352.0000,5350.2000,5350.0000,5349.8000,5349.0000,5352.8000,5353.0000,5355.0000,5355.2000,5356.0000,2,1,12,1,3,1,3,2,3,9
SF,IC2003,2020-01-03 09:35:41.400,5352.8000,54934,-1,774892800.000,1,0,1,双平,S,5350.2000,5350.0000,5349.8000,5349.0000,5348.2000,5353.0000,5355.0000,5355.2000,5356.0000,5357.0000,1,12,1,3,3,3,2,3,9,1
SF,IC2003,2020-01-03 09:35:41.900,5352.8000,54934,0,774892800.000,0,-,-,-,-,5350.4000,5350.2000,5350.0000,5349.8000,5349.0000,5352.8000,5353.0000,5355.0000,5355.2000,5356.0000,4,1,12,1,3,1,4,2,3,9
SF,IC2003,2020-01-03 09:35:42.400,5353.0000,54935,1,780245760.000,5,3,2,空开,S,5353.0000,5350.4000,5350.2000,5350.0000,5349.8000,5355.0000,5355.2000,5356.0000,5357.0000,5357.4000,5,4,1,12,1,2,3,9,1,1
SF,IC2003,2020-01-03 09:35:42.900,5353.0000,54936,1,785598760.000,5,3,2,空开,S,5350.4000,5350.2000,5350.0000,5349.8000,5349.0000,5352.6000,5353.0000,5353.4000,5354.6000,5354.8000,1,1,12,1,3,1,1,1,3,3
SF,IC2003,2020-01-03 09:35:43.400,5353.0000,54936,0,785598760.000,0,-,-,-,-,5350.8000,5350.4000,5350.2000,5350.0000,5349.8000,5353.0000,5354.6000,5354.8000,5355.0000,5355.2000,2,1,1,12,1,2,3,3,2,3
SF,IC2003,2020-01-03 09:35:43.900,5353.0000,54936,0,785598760.000,0,-,-,-,-,5351.0000,5350.8000,5350.6000,5350.2000,5350.0000,5353.0000,5354.6000,5354.8000,5355.0000,5355.2000,3,2,1,1,12,2,3,1,2,3
SF,IC2003,2020-01-03 09:35:44.400,5353.0000,54936,0,785598760.000,0,-,-,-,-,5351.0000,5350.6000,5350.2000,5350.0000,5349.8000,5353.0000,5354.6000,5354.8000,5355.0000,5355.2000,3,1,1,12,1,2,3,1,2,3
SF,IC2003,2020-01-03 09:35:44.900,5353.0000,54936,0,785598760.000,0,-,-,-,-,5351.0000,5350.6000,5350.2000,5350.0000,5349.8000,5352.6000,5352.8000,5353.0000,5354.6000,5354.8000,3,1,1,10,1,1,1,2,3,1
SF,IC2003,2020-01-03 09:35:45.400,5353.0000,54936,0,785598760.000,0,-,-,-,-,5351.0000,5350.6000,5350.2000,5350.0000,5349.8000,5352.6000,5353.0000,5354.6000,5354.8000,5355.0000,1,1,1,10,1,1,2,3,1,2
SF,IC2003,2020-01-03 09:35:46.400,5353.0000,54936,0,785598760.000,0,-,-,-,-,5351.0000,5350.6000,5350.2000,5350.0000,5349.8000,5352.2000,5352.4000,5353.0000,5354.6000,5354.8000,3,1,1,10,1,1,1,2,3,1
SF,IC2003,2020-01-03 09:35:46.900,5352.6000,54936,0,786669280.000,1,0,1,多换,S,5351.0000,5350.2000,5350.0000,5349.8000,5349.0000,5352.4000,5352.8000,5353.0000,5354.6000,5354.8000,3,1,10,1,3,1,1,2,3,1
SF,IC2003,2020-01-03 09:35:47.400,5352.6000,54936,0,786669280.000,0,-,-,-,-,5351.0000,5350.2000,5350.0000,5349.8000,5349.0000,5352.0000,5352.4000,5352.8000,5353.0000,5354.6000,3,1,10,1,3,1,1,1,2,3
SF,IC2003,2020-01-03 09:35:47.900,5352.6000,54936,0,786669280.000,0,-,-,-,-,5351.0000,5350.2000,5350.0000,5349.8000,5349.0000,5352.0000,5352.4000,5352.8000,5353.0000,5354.6000,4,1,10,1,3,1,1,1,2,3
SF,IC2003,2020-01-03 09:35:48.400,5352.6000,54936,0,786669280.000,0,-,-,-,-,5352.0000,5351.0000,5350.2000,5350.0000,5349.8000,5352.4000,5352.8000,5353.0000,5354.6000,5354.8000,1,4,1,10,1,1,1,2,3,1
SF,IC2003,2020-01-03 09:35:48.900,5352.0000,54935,-1,787739680.000,1,0,1,双平,S,5351.0000,5350.2000,5350.0000,5349.8000,5349.0000,5351.4000,5351.8000,5352.0000,5352.2000,5352.4000,4,1,10,1,3,1,2,1,1,2
SF,IC2003,2020-01-03 09:35:49.400,5352.0000,54935,0,787739680.000,0,-,-,-,-,5351.0000,5350.2000,5350.0000,5349.8000,5349.0000,5351.4000,5351.8000,5352.0000,5352.2000,5352.4000,4,1,10,1,3,1,1,1,1,2
SF,IC2003,2020-01-03 09:35:49.900,5351.0000,54935,0,789880080.000,2,1,1,多换,S,5351.0000,5350.2000,5350.0000,5349.8000,5349.0000,5351.4000,5351.8000,5352.0000,5352.2000,5352.4000,2,1,10,1,3,1,1,1,1,2
SF,IC2003,2020-01-03 09:35:50.400,5351.0000,54935,0,789880080.000,0,-,-,-,-,5351.0000,5350.2000,5350.0000,5349.8000,5349.0000,5351.8000,5352.0000,5352.2000,5352.4000,5352.8000,2,1,10,1,3,1,1,1,2,1
SF,IC2003,2020-01-03 09:35:50.900,5351.0000,54935,0,789880080.000,0,-,-,-,-,5351.0000,5350.2000,5350.0000,5349.8000,5349.0000,5352.0000,5352.2000,5352.4000,5352.8000,5353.0000,2,1,10,1,3,1,1,2,1,2
SF,IC2003,2020-01-03 09:35:51.400,5351.0000,54935,0,789880080.000,0,-,-,-,-,5351.2000,5351.0000,5350.2000,5350.0000,5349.8000,5351.6000,5351.8000,5352.0000,5352.2000,5352.4000,1,2,1,10,1,2,1,1,1,2
SF,IC2003,2020-01-03 09:35:51.900,5351.0000,54935,0,789880080.000,0,-,-,-,-,5351.2000,5351.0000,5350.2000,5350.0000,5349.8000,5351.6000,5351.8000,5352.0000,5352.2000,5352.4000,1,2,1,10,1,1,1,1,1,2
SF,IC2003,2020-01-03 09:35:52.400,5351.0000,54935,0,789880080.000,0,-,-,-,-,5351.2000,5351.0000,5350.2000,5350.0000,5349.8000,5351.6000,5351.8000,5352.0000,5352.2000,5352.4000,1,3,1,10,1,1,1,1,1,2
SF,IC2003,2020-01-03 09:35:52.900,5351.6000,54934,-1,790950400.000,1,0,1,双平,S,5351.2000,5351.0000,5350.2000,5350.0000,5349.8000,5351.8000,5352.0000,5352.2000,5352.4000,5352.8000,1,3,1,10,1,1,1,1,2,1
SF,IC2003,2020-01-03 09:35:53.400,5351.6000,54934,0,790950400.000,0,-,-,-,-,5351.0000,5350.2000,5350.0000,5349.8000,5349.0000,5352.0000,5352.2000,5352.4000,5352.8000,5353.0000,3,1,10,1,3,1,1,2,1,2
SF,IC2003,2020-01-03 09:35:53.900,5352.0000,54933,-1,792020800.000,1,0,1,双平,S,5351.2000,5351.0000,5350.2000,5350.0000,5349.8000,5352.2000,5352.4000,5352.8000,5353.0000,5354.6000,2,3,1,10,1,1,2,1,2,2
SF,IC2003,2020-01-03 09:35:54.400,5352.0000,54933,0,792020800.000,0,-,-,-,-,5351.2000,5351.0000,5350.2000,5350.0000,5349.8000,5351.8000,5352.0000,5352.2000,5352.4000,5352.8000,2,3,1,10,1,1,1,1,2,1
SF,IC2003,2020-01-03 09:35:54.900,5351.2000,54930,-3,795231640.000,3,0,3,双平,S,5351.0000,5350.2000,5350.0000,5349.8000,5349.0000,5351.2000,5352.0000,5352.2000,5352.4000,5352.8000,3,1,10,1,3,5,1,1,2,1
SF,IC2003,2020-01-03 09:35:55.900,5351.0000,54927,-3,799512440.000,4,0,4,多平,S,5350.2000,5350.0000,5349.8000,5349.0000,5348.4000,5351.2000,5352.0000,5352.2000,5352.4000,5352.8000,1,10,1,3,1,5,1,1,2,1
SF,IC2003,2020-01-03 09:35:56.400,5351.0000,54927,0,799512440.000,0,-,-,-,-,5350.2000,5350.0000,5349.8000,5349.0000,5348.4000,5351.2000,5352.0000,5352.2000,5352.4000,5353.0000,1,10,1,3,1,5,1,1,2,2
SF,IC2003,2020-01-03 09:35:56.900,5351.0000,54927,0,799512440.000,0,-,-,-,-,5350.2000,5350.0000,5349.8000,5349.0000,5348.4000,5350.8000,5351.0000,5351.2000,5351.6000,5352.0000,1,10,1,3,1,1,2,5,1,1
SF,IC2003,2020-01-03 09:35:57.400,5351.0000,54927,0,800582640.000,1,0,1,多换,S,5350.2000,5350.0000,5349.8000,5349.0000,5348.4000,5351.0000,5351.2000,5351.6000,5352.2000,5353.0000,1,10,1,3,1,1,5,1,1,2
SF,IC2003,2020-01-03 09:35:57.900,5351.0000,54927,0,801652840.000,1,0,1,多换,S,5350.2000,5350.0000,5349.8000,5349.0000,5348.4000,5351.2000,5351.6000,5352.2000,5353.0000,5354.6000,1,10,1,3,1,5,1,1,2,2
SF,IC2003,2020-01-03 09:35:58.400,5351.0000,54927,0,801652840.000,0,-,-,-,-,5350.4000,5350.2000,5350.0000,5349.8000,5349.0000,5350.8000,5351.2000,5351.6000,5352.2000,5353.0000,1,2,10,1,3,1,5,1,1,2
SF,IC2003,2020-01-03 09:35:58.900,5350.8000,54926,-1,802723000.000,1,0,1,双平,S,5350.8000,5350.2000,5350.0000,5349.8000,5349.0000,5351.2000,5351.6000,5352.2000,5353.0000,5354.6000,1,2,10,1,3,5,1,1,2,2
SF,IC2003,2020-01-03 09:35:59.400,5351.0000,54920,-6,809144400.000,6,0,6,双平,S,5350.8000,5350.2000,5350.0000,5349.8000,5349.0000,5351.6000,5352.2000,5353.0000,5354.6000,5354.8000,1,2,12,1,3,1,1,2,2,1
SF,IC2003,2020-01-03 09:35:59.900,5351.6000,54919,-1,811285040.000,2,0,2,多平,S,5351.0000,5350.8000,5350.2000,5350.0000,5349.8000,5352.2000,5353.0000,5354.6000,5354.8000,5355.0000,2,1,1,12,1,1,2,2,1,2
SF,IC2003,2020-01-03 09:36:00.400,5351.6000,54919,0,811285040.000,0,-,-,-,-,5351.2000,5351.0000,5350.2000,5350.0000,5349.8000,5352.2000,5353.0000,5354.6000,5354.8000,5355.0000,2,2,1,12,1,1,2,2,1,2
SF,IC2003,2020-01-03 09:36:00.900,5351.6000,54919,0,811285040.000,0,-,-,-,-,5351.4000,5351.2000,5351.0000,5350.2000,5350.0000,5352.2000,5353.0000,5354.6000,5354.8000,5355.0000,1,1,1,1,12,1,2,2,1,2
SF,IC2003,2020-01-03 09:36:01.400,5351.2000,54919,0,813425560.000,2,1,1,多换,S,5351.0000,5350.2000,5350.0000,5349.8000,5349.0000,5351.2000,5351.4000,5351.8000,5352.2000,5353.0000,1,1,12,1,3,3,1,1,1,2
SF,IC2003,2020-01-03 09:36:01.900,5351.0000,54918,-1,814495760.000,1,0,1,双平,S,5350.2000,5350.0000,5349.8000,5349.0000,5348.4000,5351.0000,5351.2000,5352.2000,5353.0000,5354.6000,1,12,1,3,1,3,1,1,2,2
SF,IC2003,2020-01-03 09:36:02.400,5351.0000,54918,0,814495760.000,0,-,-,-,-,5350.2000,5350.0000,5349.8000,5349.0000,5348.4000,5351.0000,5352.2000,5353.0000,5354.6000,5354.8000,1,12,1,3,1,4,1,2,2,1
SF,IC2003,2020-01-03 09:36:02.900,5351.0000,54918,0,814495760.000,0,-,-,-,-,5350.4000,5350.2000,5350.0000,5349.8000,5349.0000,5351.0000,5352.2000,5353.0000,5354.6000,5354.8000,1,1,12,1,3,2,1,2,2,1
SF,IC2003,2020-01-03 09:36:03.400,5351.0000,54916,-2,816636160.000,2,0,2,双平,S,5350.4000,5350.2000,5350.0000,5349.8000,5349.0000,5352.2000,5353.0000,5354.6000,5354.8000,5355.0000,1,1,12,1,3,1,2,2,1,2
SF,IC2003,2020-01-03 09:36:03.900,5351.0000,54916,0,816636160.000,0,-,-,-,-,5350.6000,5350.4000,5350.2000,5350.0000,5349.8000,5352.0000,5352.2000,5353.0000,5354.6000,5355.0000,1,1,1,12,1,1,1,2,2,2
SF,IC2003,2020-01-03 09:36:04.400,5350.6000,54917,1,817706280.000,1,1,0,双开,S,5350.4000,5350.2000,5350.0000,5349.8000,5349.0000,5352.0000,5352.2000,5353.0000,5354.6000,5355.0000,1,1,12,2,3,1,1,2,2,2
SF,IC2003,2020-01-03 09:36:04.900,5350.6000,54917,0,817706280.000,0,-,-,-,-,5352.0000,5350.4000,5350.2000,5350.0000,5349.8000,5352.2000,5353.0000,5354.6000,5355.0000,5355.2000,1,1,1,12,2,1,2,2,2,3
SF,IC2003,2020-01-03 09:36:05.400,5352.0000,54915,-2,819847120.000,2,0,2,双平,S,5350.4000,5350.2000,5350.0000,5349.8000,5349.0000,5352.0000,5353.0000,5354.6000,5355.0000,5355.2000,1,1,12,2,3,1,2,1,2,3
SF,IC2003,2020-01-03 09:36:05.900,5352.0000,54915,0,819847120.000,0,-,-,-,-,5350.4000,5350.2000,5350.0000,5349.8000,5349.0000,5352.0000,5352.6000,5353.0000,5354.6000,5355.0000,1,1,12,2,3,2,1,2,1,2
SF,IC2003,2020-01-03 09:36:06.400,5352.0000,54914,-1,820917520.000,1,0,1,双平,S,5350.4000,5350.2000,5350.0000,5349.8000,5349.0000,5352.0000,5352.6000,5353.0000,5354.6000,5355.0000,3,1,12,2,3,2,1,2,1,2
SF,IC2003,2020-01-03 09:36:06.900,5352.0000,54914,0,820917520.000,0,-,-,-,-,5350.6000,5350.4000,5350.2000,5350.0000,5349.8000,5352.0000,5352.6000,5353.0000,5354.6000,5355.0000,1,2,1,12,2,2,1,2,1,2
SF,IC2003,2020-01-03 09:36:07.400,5352.0000,54914,0,820917520.000,0,-,-,-,-,5350.8000,5350.6000,5350.4000,5350.2000,5350.0000,5352.0000,5352.6000,5353.0000,5354.6000,5355.0000,1,1,1,1,12,2,1,2,1,2
SF,IC2003,2020-01-03 09:36:07.900,5352.0000,54914,0,820917520.000,0,-,-,-,-,5351.0000,5350.8000,5350.6000,5350.4000,5350.2000,5352.0000,5352.6000,5353.0000,5354.6000,5355.0000,1,1,1,1,1,2,1,2,1,2
SF,IC2003,2020-01-03 09:36:08.400,5352.0000,54914,0,820917520.000,0,-,-,-,-,5351.0000,5350.6000,5350.4000,5350.2000,5350.0000,5352.0000,5352.6000,5353.0000,5354.6000,5355.0000,1,1,1,1,12,2,1,2,1,2
SF,IC2003,2020-01-03 09:36:09.400,5352.0000,54914,0,820917520.000,0,-,-,-,-,5351.0000,5350.6000,5350.2000,5350.0000,5349.8000,5352.0000,5352.6000,5353.0000,5354.6000,5355.0000,1,1,1,12,2,2,1,2,1,2
SF,IC2003,2020-01-03 09:36:09.900,5352.0000,54914,0,820917520.000,0,-,-,-,-,5351.0000,5350.6000,5350.2000,5350.0000,5349.8000,5352.0000,5352.6000,5353.0000,5354.6000,5355.0000,1,1,1,12,2,2,1,2,1,2
SF,IC2003,2020-01-03 09:36:10.400,5352.0000,54914,0,820917520.000,0,-,-,-,-,5351.0000,5350.6000,5350.2000,5350.0000,5349.8000,5352.0000,5352.6000,5353.0000,5354.6000,5355.0000,1,1,1,12,2,2,1,2,1,2
SF,IC2003,2020-01-03 09:36:10.900,5352.0000,54914,0,820917520.000,0,-,-,-,-,5351.2000,5351.0000,5350.6000,5350.2000,5350.0000,5352.0000,5352.6000,5353.0000,5354.6000,5355.0000,1,1,1,1,12,2,1,2,1,2
SF,IC2003,2020-01-03 09:36:11.400,5352.0000,54913,-1,821987920.000,1,0,1,双平,S,5351.8000,5351.2000,5351.0000,5350.6000,5350.2000,5352.0000,5352.6000,5353.0000,5354.6000,5355.0000,1,1,1,1,1,1,1,2,1,2
SF,IC2003,2020-01-03 09:36:11.900,5352.0000,54912,-1,823058320.000,1,0,1,双平,S,5351.8000,5351.2000,5351.0000,5350.6000,5350.2000,5352.6000,5353.0000,5354.6000,5355.0000,5355.2000,1,1,1,1,1,1,2,1,2,3
SF,IC2003,2020-01-03 09:36:12.400,5352.6000,54911,-1,824128840.000,1,0,1,双平,S,5351.8000,5351.2000,5351.0000,5350.6000,5350.2000,5353.0000,5354.6000,5355.0000,5355.2000,5356.0000,1,1,1,1,1,2,1,2,3,8
SF,IC2003,2020-01-03 09:36:12.900,5352.6000,54911,0,824128840.000,0,-,-,-,-,5351.8000,5351.2000,5351.0000,5350.6000,5350.2000,5352.8000,5353.0000,5354.6000,5355.0000,5355.2000,1,1,2,1,1,1,2,1,2,3
SF,IC2003,2020-01-03 09:36:13.400,5352.6000,54911,0,824128840.000,0,-,-,-,-,5351.8000,5351.2000,5351.0000,5350.6000,5350.2000,5352.8000,5353.0000,5354.6000,5355.0000,5355.2000,1,1,2,1,1,1,2,1,2,3
SF,IC2003,2020-01-03 09:36:13.900,5352.6000,54911,0,824128840.000,0,-,-,-,-,5351.8000,5351.0000,5350.6000,5350.2000,5350.0000,5352.8000,5353.0000,5354.6000,5355.0000,5355.2000,1,2,1,1,10,1,2,1,2,3
SF,IC2003,2020-01-03 09:36:14.400,5351.8000,54911,0,825199200.000,1,0,1,多换,S,5351.0000,5350.6000,5350.2000,5350.0000,5349.8000,5351.8000,5352.8000,5353.0000,5354.6000,5355.0000,2,1,1,10,2,2,1,2,1,2
SF,IC2003,2020-01-03 09:36:14.900,5351.8000,54911,0,825199200.000,0,-,-,-,-,5351.0000,5350.6000,5350.2000,5350.0000,5349.8000,5352.8000,5353.0000,5354.6000,5355.0000,5355.2000,2,1,1,10,2,1,2,1,2,3
SF,IC2003,2020-01-03 09:36:15.400,5351.8000,54911,0,825199200.000,0,-,-,-,-,5351.0000,5350.6000,5350.2000,5350.0000,5349.8000,5352.6000,5352.8000,5353.0000,5354.6000,5355.0000,2,1,1,10,2,1,1,2,1,2
SF,IC2003,2020-01-03 09:36:15.900,5351.8000,54911,0,825199200.000,0,-,-,-,-,5351.0000,5350.6000,5350.2000,5350.0000,5349.8000,5351.8000,5352.4000,5352.6000,5353.0000,5354.6000,2,1,1,10,2,6,1,2,2,1
SF,IC2003,2020-01-03 09:36:16.400,5351.8000,54911,0,825199200.000,0,-,-,-,-,5351.0000,5350.6000,5350.2000,5350.0000,5349.8000,5351.8000,5352.4000,5352.6000,5353.0000,5354.6000,2,1,1,10,2,6,1,1,2,1
SF,IC2003,2020-01-03 09:36:16.900,5351.8000,54911,0,825199200.000,0,-,-,-,-,5351.0000,5350.6000,5350.2000,5350.0000,5349.8000,5351.8000,5352.4000,5353.0000,5354.6000,5355.0000,2,3,1,10,2,6,1,2,1,2
SF,IC2003,2020-01-03 09:36:17.400,5351.8000,54911,0,826269560.000,1,0,1,多换,S,5351.0000,5350.6000,5350.2000,5350.0000,5349.8000,5351.8000,5352.4000,5353.0000,5354.6000,5355.0000,2,3,1,10,2,5,1,2,1,2
SF,IC2003,2020-01-03 09:36:17.900,5351.8000,54911,0,827339920.000,1,0,1,多换,S,5351.0000,5350.6000,5350.2000,5350.0000,5349.8000,5351.8000,5352.4000,5353.0000,5354.6000,5355.0000,4,3,1,10,2,4,1,2,1,2
SF,IC2003,2020-01-03 09:36:18.400,5351.8000,54908,-3,831621360.000,4,0,4,多平,S,5351.2000,5351.0000,5350.6000,5350.2000,5350.0000,5353.0000,5354.6000,5355.0000,5355.2000,5356.0000,1,4,4,1,10,2,1,2,3,8
SF,IC2003,2020-01-03 09:36:18.900,5351.4000,54907,-1,832691640.000,1,0,1,双平,S,5351.2000,5351.0000,5350.6000,5350.2000,5350.0000,5353.0000,5354.6000,5355.0000,5355.2000,5356.0000,1,4,4,1,10,2,1,2,3,8
SF,IC2003,2020-01-03 09:36:19.400,5351.4000,54907,0,832691640.000,0,-,-,-,-,5351.2000,5351.0000,5350.6000,5350.2000,5350.0000,5352.8000,5353.0000,5354.6000,5355.0000,5355.2000,1,4,4,1,10,1,2,1,2,3
SF,IC2003,2020-01-03 09:36:19.900,5351.4000,54907,0,832691640.000,0,-,-,-,-,5351.2000,5351.0000,5350.6000,5350.2000,5350.0000,5353.0000,5354.6000,5355.0000,5355.2000,5356.0000,1,4,4,1,10,2,1,2,3,8
SF,IC2003,2020-01-03 09:36:20.400,5351.4000,54907,0,832691640.000,0,-,-,-,-,5351.6000,5351.2000,5351.0000,5350.6000,5350.2000,5352.8000,5353.0000,5354.6000,5355.0000,5355.2000,2,1,4,4,1,1,1,1,2,3
SF,IC2003,2020-01-03 09:36:20.900,5351.4000,54907,0,832691640.000,0,-,-,-,-,5351.2000,5351.0000,5350.6000,5350.2000,5350.0000,5352.8000,5353.0000,5354.6000,5355.0000,5355.2000,1,4,4,1,10,1,1,1,2,3
SF,IC2003,2020-01-03 09:36:21.400,5351.4000,54907,0,832691640.000,0,-,-,-,-,5351.2000,5351.0000,5350.6000,5350.2000,5350.0000,5352.8000,5353.0000,5354.6000,5355.0000,5355.2000,2,5,4,1,10,1,1,1,2,3
SF,IC2003,2020-01-03 09:36:21.900,5351.4000,54907,0,832691640.000,0,-,-,-,-,5351.2000,5351.0000,5350.6000,5350.2000,5350.0000,5353.0000,5354.6000,5355.0000,5355.2000,5356.0000,2,5,4,1,10,1,1,2,3,8
SF,IC2003,2020-01-03 09:36:22.400,5351.6000,54907,0,833761960.000,1,0,1,多换,S,5351.6000,5351.2000,5351.0000,5350.6000,5350.2000,5353.0000,5354.6000,5355.0000,5355.2000,5356.0000,1,2,5,4,1,1,1,2,3,8
SF,IC2003,2020-01-03 09:36:23.900,5351.6000,54907,0,833761960.000,0,-,-,-,-,5351.2000,5351.0000,5350.8000,5350.6000,5350.2000,5353.0000,5354.6000,5355.0000,5355.2000,5356.0000,2,5,2,4,1,1,1,2,3,8
SF,IC2003,2020-01-03 09:36:24.400,5351.6000,54907,0,833761960.000,0,-,-,-,-,5351.6000,5351.2000,5351.0000,5350.8000,5350.6000,5353.0000,5354.6000,5355.0000,5355.2000,5356.0000,1,2,5,2,4,1,1,2,3,8
SF,IC2003,2020-01-03 09:36:24.900,5351.6000,54907,0,833761960.000,0,-,-,-,-,5351.8000,5351.2000,5351.0000,5350.8000,5350.6000,5353.0000,5354.6000,5355.0000,5355.2000,5356.0000,1,1,5,2,4,1,1,2,3,8
SF,IC2003,2020-01-03 09:36:25.900,5351.6000,54907,0,833761960.000,0,-,-,-,-,5352.0000,5351.8000,5351.2000,5351.0000,5350.8000,5353.0000,5354.6000,5355.0000,5355.2000,5356.0000,1,1,1,5,2,1,1,2,3,8
SF,IC2003,2020-01-03 09:36:26.400,5351.6000,54907,0,833761960.000,0,-,-,-,-,5352.0000,5351.8000,5351.2000,5351.0000,5350.8000,5353.0000,5354.6000,5355.0000,5355.2000,5356.0000,1,1,1,7,2,1,1,2,3,8
SF,IC2003,2020-01-03 09:36:26.900,5351.6000,54907,0,833761960.000,0,-,-,-,-,5352.0000,5351.2000,5351.0000,5350.8000,5350.6000,5353.0000,5354.6000,5355.0000,5355.2000,5356.0000,1,1,7,2,4,1,1,2,3,8
SF,IC2003,2020-01-03 09:36:27.900,5352.0000,54906,-1,834832360.000,1,0,1,双平,S,5351.2000,5351.0000,5350.8000,5350.6000,5350.2000,5353.0000,5354.6000,5355.0000,5355.2000,5356.0000,1,7,2,4,1,1,1,2,3,8
SF,IC2003,2020-01-03 09:36:28.400,5352.0000,54906,0,834832360.000,0,-,-,-,-,5351.4000,5351.2000,5351.0000,5350.8000,5350.6000,5352.0000,5352.6000,5352.8000,5353.0000,5354.6000,1,1,7,2,4,1,1,2,1,1
SF,IC2003,2020-01-03 09:36:28.900,5352.0000,54906,0,834832360.000,0,-,-,-,-,5351.4000,5351.2000,5351.0000,5350.8000,5350.6000,5352.0000,5352.8000,5353.0000,5354.6000,5355.0000,1,1,7,2,4,1,2,1,1,2
SF,IC2003,2020-01-03 09:36:29.400,5351.2000,54904,-2,836972880.000,2,0,2,双平,S,5351.0000,5350.8000,5350.6000,5350.2000,5350.0000,5351.8000,5352.0000,5352.8000,5353.0000,5354.6000,7,2,4,1,10,1,1,2,2,1
SF,IC2003,2020-01-03 09:36:29.900,5351.2000,54904,0,836972880.000,0,-,-,-,-,5351.0000,5350.8000,5350.6000,5350.2000,5350.0000,5351.4000,5351.6000,5351.8000,5352.0000,5352.8000,7,2,4,1,10,1,1,3,1,1
SF,IC2003,2020-01-03 09:36:30.400,5351.2000,54904,0,836972880.000,0,-,-,-,-,5351.0000,5350.8000,5350.6000,5350.2000,5350.0000,5351.4000,5351.6000,5351.8000,5352.0000,5352.8000,7,2,4,1,10,2,1,3,1,1
SF,IC2003,2020-01-03 09:36:30.900,5351.0000,54903,-1,839113280.000,2,0,2,多平,S,5351.0000,5350.8000,5350.6000,5350.2000,5350.0000,5351.4000,5351.6000,5351.8000,5352.0000,5352.8000,5,2,4,1,10,2,1,3,1,1
SF,IC2003,2020-01-03 09:36:31.400,5351.2000,54901,-2,845534520.000,6,2,4,多平,S,5350.8000,5350.6000,5350.2000,5350.0000,5349.8000,5351.4000,5351.6000,5351.8000,5352.0000,5352.8000,2,4,1,10,2,2,1,3,1,1
SF,IC2003,2020-01-03 09:36:31.900,5350.8000,54901,0,846604680.000,1,0,1,多换,S,5350.8000,5350.6000,5350.2000,5350.0000,5349.8000,5351.4000,5351.6000,5351.8000,5352.0000,5352.8000,1,4,1,10,2,3,1,3,1,1
SF,IC2003,2020-01-03 09:36:32.400,5350.8000,54901,0,847674840.000,1,0,1,多换,S,5350.6000,5350.2000,5350.0000,5349.8000,5349.0000,5351.2000,5351.4000,5351.8000,5352.0000,5352.8000,4,1,10,2,3,2,3,3,1,1
SF,IC2003,2020-01-03 09:36:32.900,5350.6000,54901,0,848744960.000,1,0,1,多换,S,5350.6000,5350.2000,5350.0000,5349.8000,5349.0000,5351.2000,5351.4000,5351.8000,5352.0000,5353.0000,3,1,10,2,3,1,3,3,1,2
SF,IC2003,2020-01-03 09:36:33.400,5350.6000,54901,0,848744960.000,0,-,-,-,-,5351.2000,5350.6000,5350.2000,5350.0000,5349.8000,5351.4000,5351.8000,5352.0000,5353.0000,5354.6000,3,3,1,10,2,3,1,1,2,1
SF,IC2003,2020-01-03 09:36:33.900,5351.4000,54899,-2,853026080.000,4,1,3,多平,S,5351.4000,5350.6000,5350.2000,5350.0000,5349.8000,5351.8000,5352.0000,5353.0000,5354.6000,5355.0000,2,3,1,10,2,1,1,2,1,2
SF,IC2003,2020-01-03 09:36:34.400,5351.8000,54901,2,856237160.000,3,2,1,空开,S,5351.4000,5350.6000,5350.2000,5350.0000,5349.8000,5351.8000,5352.0000,5353.0000,5354.6000,5355.0000,2,3,1,10,2,3,1,2,1,2
SF,IC2003,2020-01-03 09:36:34.900,5351.8000,54904,3,859448240.000,3,3,0,双开,S,5351.4000,5350.6000,5350.2000,5350.0000,5349.8000,5351.6000,5352.0000,5353.0000,5354.6000,5355.0000,1,3,1,10,2,1,1,2,1,2
SF,IC2003,2020-01-03 09:36:35.400,5351.6000,54903,-1,860518560.000,1,0,1,双平,S,5351.6000,5351.4000,5350.6000,5350.2000,5350.0000,5352.0000,5353.0000,5354.6000,5355.0000,5355.2000,4,1,3,1,10,1,2,1,2,3
SF,IC2003,2020-01-03 09:36:35.900,5351.6000,54903,0,860518560.000,0,-,-,-,-,5351.6000,5351.4000,5350.6000,5350.2000,5350.0000,5352.0000,5353.0000,5354.6000,5355.0000,5355.2000,1,1,3,1,10,1,2,1,2,3
SF,IC2003,2020-01-03 09:36:36.400,5352.0000,54902,-1,861588960.000,1,0,1,双平,S,5352.0000,5351.4000,5350.6000,5350.2000,5350.0000,5353.0000,5354.6000,5355.0000,5355.2000,5356.0000,1,2,3,1,10,2,1,2,3,8
SF,IC2003,2020-01-03 09:36:36.900,5352.0000,54902,0,861588960.000,0,-,-,-,-,5352.0000,5351.4000,5350.6000,5350.2000,5350.0000,5352.8000,5353.0000,5354.6000,5355.0000,5355.2000,1,2,3,1,10,1,2,1,2,3
SF,IC2003,2020-01-03 09:36:37.400,5352.0000,54902,0,861588960.000,0,-,-,-,-,5352.8000,5351.4000,5350.6000,5350.2000,5350.0000,5353.0000,5354.6000,5355.0000,5355.2000,5356.0000,3,2,3,1,10,2,1,2,3,8
SF,IC2003,2020-01-03 09:36:37.900,5353.0000,54898,-4,865871360.000,4,0,4,双平,S,5353.0000,5351.4000,5350.6000,5350.2000,5350.0000,5354.6000,5355.0000,5355.2000,5356.0000,5357.0000,2,2,3,1,10,1,2,3,8,1
SF,IC2003,2020-01-03 09:36:38.400,5353.0000,54898,0,866941960.000,1,0,1,多换,S,5353.0000,5351.4000,5350.6000,5350.2000,5350.0000,5353.8000,5354.4000,5354.6000,5355.0000,5355.2000,1,2,3,1,10,1,2,1,2,3
SF,IC2003,2020-01-03 09:36:38.900,5353.0000,54898,0,868012560.000,1,0,1,多换,S,5351.4000,5351.0000,5350.6000,5350.2000,5350.0000,5354.4000,5355.0000,5355.2000,5356.0000,5357.0000,2,1,3,1,10,2,4,3,8,1
SF,IC2003,2020-01-03 09:36:39.400,5353.0000,54898,0,868012560.000,0,-,-,-,-,5352.0000,5351.6000,5351.4000,5351.0000,5350.6000,5354.2000,5354.4000,5355.0000,5355.2000,5356.0000,1,7,2,1,3,2,1,4,3,8
SF,IC2003,2020-01-03 09:36:39.900,5353.0000,54898,0,868012560.000,0,-,-,-,-,5352.4000,5352.2000,5351.6000,5351.4000,5351.0000,5353.4000,5354.0000,5354.2000,5355.0000,5355.2000,1,1,5,1,1,1,1,2,4,3
SF,IC2003,2020-01-03 09:36:40.400,5353.0000,54898,0,868012560.000,0,-,-,-,-,5352.2000,5351.6000,5351.4000,5351.0000,5350.6000,5353.4000,5354.0000,5354.2000,5355.0000,5355.2000,1,3,1,1,3,1,2,1,4,3
SF,IC2003,2020-01-03 09:36:40.900,5353.0000,54898,0,868012560.000,0,-,-,-,-,5352.2000,5351.6000,5351.4000,5351.0000,5350.8000,5353.4000,5354.0000,5354.2000,5355.0000,5355.2000,1,1,1,1,1,1,2,1,4,3
SF,IC2003,2020-01-03 09:36:41.400,5353.0000,54898,0,868012560.000,0,-,-,-,-,5351.6000,5351.4000,5351.0000,5350.8000,5350.6000,5353.2000,5353.4000,5354.0000,5354.2000,5355.0000,1,1,1,1,3,1,1,1,1,4
SF,IC2003,2020-01-03 09:36:42.400,5353.0000,54898,0,868012560.000,0,-,-,-,-,5351.4000,5351.0000,5350.8000,5350.6000,5350.2000,5353.2000,5353.4000,5354.2000,5355.0000,5355.2000,1,1,1,3,1,1,1,1,4,3
SF,IC2003,2020-01-03 09:36:42.900,5353.0000,54898,0,868012560.000,0,-,-,-,-,5351.8000,5351.6000,5351.4000,5351.0000,5350.8000,5352.8000,5353.0000,5353.2000,5353.4000,5355.0000,1,1,1,1,1,1,2,1,1,4
SF,IC2003,2020-01-03 09:36:43.400,5353.0000,54898,0,868012560.000,0,-,-,-,-,5351.6000,5351.4000,5351.0000,5350.8000,5350.6000,5352.8000,5353.0000,5353.2000,5353.4000,5355.0000,1,1,1,1,3,1,2,1,1,4
SF,IC2003,2020-01-03 09:36:43.900,5353.0000,54898,0,868012560.000,0,-,-,-,-,5351.6000,5351.4000,5351.0000,5350.8000,5350.6000,5353.0000,5353.2000,5355.0000,5355.2000,5356.0000,1,1,1,2,3,1,1,4,3,8
SF,IC2003,2020-01-03 09:36:44.400,5353.0000,54898,0,868012560.000,0,-,-,-,-,5351.6000,5351.4000,5351.0000,5350.8000,5350.6000,5353.0000,5353.2000,5355.0000,5355.2000,5356.0000,1,1,1,2,3,1,1,4,3,8
SF,IC2003,2020-01-03 09:36:45.400,5353.0000,54897,-1,869083160.000,1,0,1,双平,S,5351.8000,5351.6000,5351.4000,5351.0000,5350.8000,5353.2000,5355.0000,5355.2000,5356.0000,5357.0000,1,2,1,1,2,1,4,3,8,1
SF,IC2003,2020-01-03 09:36:45.900,5353.0000,54897,0,869083160.000,0,-,-,-,-,5352.0000,5351.8000,5351.6000,5351.4000,5351.0000,5355.0000,5355.2000,5356.0000,5357.0000,5357.4000,1,1,1,1,1,4,3,8,1,1
SF,IC2003,2020-01-03 09:36:46.400,5352.2000,54896,-1,870153600.000,1,0,1,双平,S,5352.0000,5351.8000,5351.6000,5351.4000,5351.0000,5354.4000,5354.8000,5355.0000,5355.2000,5356.0000,1,1,1,1,1,1,6,4,3,8
SF,IC2003,2020-01-03 09:36:46.900,5352.2000,54896,0,870153600.000,0,-,-,-,-,5352.4000,5351.8000,5351.6000,5351.4000,5351.0000,5354.2000,5354.4000,5354.8000,5355.0000,5355.2000,1,1,1,1,1,2,1,3,4,3
SF,IC2003,2020-01-03 09:36:47.400,5352.2000,54896,0,870153600.000,0,-,-,-,-,5351.8000,5351.6000,5351.4000,5351.0000,5350.8000,5353.0000,5353.8000,5354.0000,5354.2000,5354.4000,1,1,1,1,2,1,1,1,1,1
SF,IC2003,2020-01-03 09:36:47.900,5352.2000,54896,0,870153600.000,0,-,-,-,-,5352.0000,5351.8000,5351.6000,5351.4000,5351.0000,5353.0000,5353.6000,5354.0000,5354.2000,5355.0000,2,1,1,1,1,1,1,1,1,4
SF,IC2003,2020-01-03 09:36:48.400,5353.0000,54896,0,871224200.000,1,0,1,多换,S,5352.0000,5351.8000,5351.4000,5351.0000,5350.8000,5353.2000,5353.6000,5354.0000,5354.2000,5355.0000,2,1,1,1,2,1,1,1,1,4
SF,IC2003,2020-01-03 09:36:48.900,5353.0000,54896,0,871224200.000,0,-,-,-,-,5352.0000,5351.8000,5351.4000,5351.0000,5350.8000,5353.0000,5353.2000,5354.0000,5354.2000,5355.0000,2,1,1,1,2,1,1,1,1,4
SF,IC2003,2020-01-03 09:36:50.400,5352.0000,54894,-2,873365000.000,2,0,2,双平,S,5351.8000,5351.4000,5351.0000,5350.8000,5350.6000,5352.0000,5353.0000,5353.2000,5354.0000,5354.2000,1,1,1,2,3,1,1,1,1,1
SF,IC2003,2020-01-03 09:36:50.900,5352.0000,54893,-1,874435400.000,1,0,1,双平,S,5352.2000,5352.0000,5351.8000,5351.4000,5351.0000,5353.0000,5353.2000,5354.0000,5354.2000,5355.0000,10,9,1,1,1,1,1,1,1,4
SF,IC2003,2020-01-03 09:36:51.400,5353.0000,54892,-1,875506000.000,1,0,1,双平,S,5352.2000,5352.0000,5351.8000,5351.4000,5351.0000,5353.2000,5354.0000,5354.2000,5355.0000,5355.2000,1,7,1,1,1,1,1,1,4,3
SF,IC2003,2020-01-03 09:36:51.900,5353.0000,54892,0,875506000.000,0,-,-,-,-,5352.2000,5352.0000,5351.8000,5351.4000,5351.0000,5353.2000,5354.0000,5354.2000,5355.0000,5355.2000,1,7,1,1,1,1,1,1,4,3
SF,IC2003,2020-01-03 09:36:52.400,5353.0000,54892,0,875506000.000,0,-,-,-,-,5352.0000,5351.8000,5351.4000,5351.0000,5350.8000,5353.2000,5354.0000,5354.2000,5355.0000,5355.2000,7,1,1,1,2,1,1,1,4,3
SF,IC2003,2020-01-03 09:36:52.900,5353.0000,54892,0,875506000.000,0,-,-,-,-,5352.0000,5351.8000,5351.4000,5351.0000,5350.8000,5353.2000,5354.0000,5354.2000,5355.0000,5355.2000,6,1,1,1,2,1,1,1,4,3
SF,IC2003,2020-01-03 09:36:54.900,5353.0000,54892,0,875506000.000,0,-,-,-,-,5352.0000,5351.8000,5351.4000,5351.0000,5350.8000,5353.0000,5353.2000,5354.2000,5355.0000,5355.2000,6,1,1,1,2,1,1,1,4,3
SF,IC2003,2020-01-03 09:36:55.400,5353.0000,54892,0,875506000.000,0,-,-,-,-,5352.0000,5351.8000,5351.4000,5351.0000,5350.8000,5353.0000,5353.2000,5354.2000,5355.0000,5355.2000,6,1,1,1,2,1,1,1,4,3
SF,IC2003,2020-01-03 09:36:55.900,5353.0000,54892,0,875506000.000,0,-,-,-,-,5352.0000,5351.8000,5351.4000,5351.0000,5350.8000,5352.8000,5353.0000,5353.2000,5355.0000,5355.2000,5,1,1,1,2,1,1,1,4,3
SF,IC2003,2020-01-03 09:36:56.400,5353.0000,54892,0,875506000.000,0,-,-,-,-,5352.0000,5351.8000,5351.4000,5351.0000,5350.8000,5352.8000,5353.0000,5353.2000,5355.0000,5355.2000,3,1,1,1,2,1,1,1,4,3
SF,IC2003,2020-01-03 09:36:56.900,5353.0000,54892,0,875506000.000,0,-,-,-,-,5352.0000,5351.8000,5351.4000,5351.0000,5350.8000,5352.8000,5353.0000,5353.2000,5355.0000,5355.2000,2,1,1,1,2,1,1,1,4,3
SF,IC2003,2020-01-03 09:36:58.900,5353.0000,54892,0,875506000.000,0,-,-,-,-,5352.0000,5351.4000,5351.0000,5350.8000,5350.6000,5352.8000,5353.0000,5353.2000,5355.0000,5355.2000,2,1,1,2,3,1,1,1,4,3
SF,IC2003,2020-01-03 09:36:59.900,5352.0000,54893,1,876576400.000,1,1,0,双开,S,5352.0000,5351.4000,5351.0000,5350.8000,5350.6000,5352.8000,5353.0000,5353.2000,5355.0000,5355.2000,1,1,1,2,3,1,1,1,4,3
SF,IC2003,2020-01-03 09:37:00.400,5352.0000,54893,0,876576400.000,0,-,-,-,-,5352.0000,5351.4000,5351.0000,5350.8000,5350.6000,5352.8000,5353.0000,5353.2000,5355.0000,5355.2000,2,1,1,2,3,1,1,1,4,3
SF,IC2003,2020-01-03 09:37:01.400,5352.0000,54893,0,878717200.000,2,1,1,多换,S,5351.4000,5351.0000,5350.8000,5350.6000,5350.2000,5352.0000,5352.8000,5353.0000,5353.2000,5355.0000,1,1,2,3,1,6,1,1,1,4
SF,IC2003,2020-01-03 09:37:01.900,5352.0000,54887,-6,885139600.000,6,0,6,双平,S,5352.0000,5351.8000,5351.4000,5351.0000,5350.8000,5352.8000,5353.0000,5353.2000,5355.0000,5355.2000,1,1,1,1,2,1,1,1,4,3
SF,IC2003,2020-01-03 09:37:02.400,5352.0000,54887,0,885139600.000,0,-,-,-,-,5351.8000,5351.4000,5351.0000,5350.8000,5350.6000,5352.8000,5353.0000,5353.2000,5355.0000,5355.2000,1,1,1,2,3,1,1,1,4,3
SF,IC2003,2020-01-03 09:37:03.900,5352.0000,54887,0,885139600.000,0,-,-,-,-,5352.0000,5351.8000,5351.4000,5351.0000,5350.8000,5352.8000,5353.0000,5353.2000,5355.0000,5355.2000,1,1,1,1,2,1,1,1,4,3
SF,IC2003,2020-01-03 09:37:06.400,5352.0000,54887,0,886210000.000,1,0,1,多换,S,5351.8000,5351.4000,5351.0000,5350.8000,5350.6000,5352.8000,5353.0000,5353.2000,5355.0000,5355.2000,1,1,1,2,3,1,1,1,4,3
SF,IC2003,2020-01-03 09:37:08.400,5352.0000,54887,0,886210000.000,0,-,-,-,-,5351.8000,5351.4000,5351.0000,5350.8000,5350.6000,5352.8000,5353.0000,5353.2000,5355.0000,5355.2000,1,1,1,2,3,1,1,1,4,3
SF,IC2003,2020-01-03 09:37:09.400,5352.0000,54887,0,886210000.000,0,-,-,-,-,5352.0000,5351.8000,5351.4000,5351.0000,5350.8000,5352.8000,5353.0000,5353.2000,5355.0000,5355.2000,1,1,1,1,2,1,1,1,4,3
SF,IC2003,2020-01-03 09:37:09.900,5352.0000,54886,-1,887280400.000,1,0,1,双平,S,5351.8000,5351.4000,5351.0000,5350.8000,5350.6000,5352.8000,5353.0000,5353.2000,5355.0000,5355.2000,1,1,1,2,3,1,1,1,4,3
SF,IC2003,2020-01-03 09:37:11.900,5352.0000,54886,0,888350800.000,1,0,1,多换,S,5351.8000,5351.4000,5351.0000,5350.8000,5350.6000,5352.8000,5353.0000,5353.2000,5355.0000,5355.2000,1,1,1,2,3,1,2,1,4,3
SF,IC2003,2020-01-03 09:37:13.900,5352.0000,54886,0,888350800.000,0,-,-,-,-,5351.8000,5351.4000,5351.0000,5350.8000,5350.6000,5352.8000,5353.0000,5353.2000,5355.0000,5355.2000,1,1,1,2,3,1,3,1,4,3
SF,IC2003,2020-01-03 09:37:15.900,5352.0000,54886,0,888350800.000,0,-,-,-,-,5351.8000,5351.4000,5351.0000,5350.8000,5350.6000,5352.8000,5353.0000,5355.0000,5355.2000,5356.0000,1,1,1,2,3,1,3,4,3,8
SF,IC2003,2020-01-03 09:37:16.400,5352.0000,54886,0,888350800.000,0,-,-,-,-,5351.8000,5351.4000,5351.0000,5350.8000,5350.6000,5352.8000,5353.0000,5354.6000,5355.0000,5355.2000,1,1,1,2,3,1,3,1,4,3
SF,IC2003,2020-01-03 09:37:17.900,5351.4000,54885,-1,890491440.000,2,0,2,多平,S,5351.0000,5350.8000,5350.6000,5350.2000,5350.0000,5352.8000,5353.0000,5354.6000,5355.0000,5355.2000,1,2,3,1,10,1,3,1,4,3
SF,IC2003,2020-01-03 09:37:18.400,5351.4000,54885,0,890491440.000,0,-,-,-,-,5351.0000,5350.8000,5350.6000,5350.2000,5350.0000,5352.4000,5352.6000,5352.8000,5353.0000,5354.6000,1,2,3,1,10,1,2,1,2,1
SF,IC2003,2020-01-03 09:37:18.900,5351.4000,54885,0,890491440.000,0,-,-,-,-,5351.0000,5350.8000,5350.6000,5350.2000,5350.0000,5352.2000,5352.6000,5353.0000,5354.6000,5355.0000,1,2,3,1,10,1,2,2,1,4
SF,IC2003,2020-01-03 09:37:19.400,5352.0000,54885,0,891561840.000,1,0,1,多换,S,5351.0000,5350.8000,5350.6000,5350.2000,5350.0000,5352.2000,5352.6000,5353.0000,5354.6000,5355.0000,1,2,3,1,10,1,2,2,1,4
SF,IC2003,2020-01-03 09:37:19.900,5352.0000,54885,0,891561840.000,0,-,-,-,-,5351.0000,5350.8000,5350.6000,5350.2000,5350.0000,5352.0000,5352.2000,5352.4000,5352.6000,5353.0000,2,2,3,1,10,1,1,1,2,2
SF,IC2003,2020-01-03 09:37:20.400,5352.0000,54885,0,891561840.000,0,-,-,-,-,5351.0000,5350.8000,5350.6000,5350.2000,5350.0000,5351.8000,5352.0000,5352.4000,5352.6000,5353.0000,2,2,3,1,10,1,1,1,2,2
SF,IC2003,2020-01-03 09:37:22.400,5352.0000,54885,0,891561840.000,0,-,-,-,-,5351.0000,5350.8000,5350.6000,5350.2000,5350.0000,5351.6000,5351.8000,5352.0000,5352.4000,5352.6000,2,2,3,1,10,1,1,1,1,1
SF,IC2003,2020-01-03 09:37:22.900,5351.0000,54885,0,893702240.000,2,1,1,多换,S,5350.8000,5350.6000,5350.2000,5350.0000,5349.8000,5351.6000,5352.0000,5352.4000,5352.6000,5353.0000,2,3,1,10,2,1,1,1,1,2
SF,IC2003,2020-01-03 09:37:23.400,5350.8000,54884,-1,895842560.000,2,0,2,多平,S,5350.6000,5350.2000,5350.0000,5349.8000,5349.0000,5350.8000,5351.4000,5352.0000,5352.4000,5352.6000,3,1,10,2,3,1,1,1,1,1
SF,IC2003,2020-01-03 09:37:23.900,5350.6000,54883,-1,899052920.000,3,1,2,多平,S,5350.2000,5350.0000,5349.8000,5349.0000,5348.4000,5350.6000,5350.8000,5351.4000,5352.0000,5352.4000,1,10,2,3,2,1,1,1,1,1
SF,IC2003,2020-01-03 09:37:24.400,5350.6000,54883,0,899052920.000,0,-,-,-,-,5350.2000,5350.0000,5349.8000,5349.0000,5348.4000,5350.6000,5350.8000,5351.4000,5352.0000,5352.4000,1,10,2,3,2,1,1,1,1,1
SF,IC2003,2020-01-03 09:37:24.900,5350.6000,54882,-1,900123040.000,1,0,1,双平,S,5350.2000,5350.0000,5349.8000,5349.0000,5348.4000,5350.8000,5351.4000,5352.0000,5352.4000,5352.6000,1,10,2,3,2,1,1,1,1,1
SF,IC2003,2020-01-03 09:37:25.400,5350.2000,54882,0,901193080.000,1,0,1,多换,S,5350.0000,5349.8000,5349.0000,5348.4000,5348.2000,5350.8000,5351.4000,5352.0000,5352.4000,5352.6000,10,2,3,2,2,1,1,1,1,1
SF,IC2003,2020-01-03 09:37:25.900,5350.2000,54882,0,901193080.000,0,-,-,-,-,5350.0000,5349.8000,5349.0000,5348.4000,5348.2000,5350.8000,5351.4000,5352.0000,5352.6000,5353.0000,10,2,3,2,2,1,1,1,1,2
SF,IC2003,2020-01-03 09:37:26.400,5350.2000,54882,0,901193080.000,0,-,-,-,-,5350.0000,5349.8000,5349.0000,5348.4000,5348.2000,5350.8000,5351.4000,5352.6000,5353.0000,5354.6000,10,2,3,2,2,1,1,1,2,1
SF,IC2003,2020-01-03 09:37:27.400,5350.2000,54882,0,901193080.000,0,-,-,-,-,5350.0000,5349.8000,5349.0000,5348.4000,5348.2000,5350.8000,5351.4000,5353.0000,5354.6000,5355.0000,10,2,3,2,2,1,1,2,1,4
SF,IC2003,2020-01-03 09:37:28.400,5350.8000,54882,0,902263240.000,1,0,1,多换,S,5350.0000,5349.8000,5349.0000,5348.4000,5348.2000,5351.4000,5353.0000,5354.6000,5355.0000,5355.2000,10,2,3,2,2,1,2,1,4,3
SF,IC2003,2020-01-03 09:37:28.900,5350.8000,54882,0,902263240.000,0,-,-,-,-,5350.0000,5349.8000,5349.0000,5348.4000,5348.2000,5351.4000,5353.0000,5354.6000,5355.0000,5355.2000,10,2,3,2,2,1,3,1,4,3
SF,IC2003,2020-01-03 09:37:29.900,5350.0000,54883,1,903333240.000,1,1,0,双开,S,5350.4000,5350.0000,5349.8000,5349.0000,5348.4000,5353.0000,5354.6000,5355.0000,5355.2000,5356.0000,1,9,2,3,2,3,1,4,3,8
SF,IC2003,2020-01-03 09:37:30.400,5350.0000,54883,0,903333240.000,0,-,-,-,-,5350.6000,5350.4000,5350.0000,5349.8000,5349.0000,5352.6000,5352.8000,5353.0000,5354.6000,5355.0000,1,1,9,2,3,2,5,3,1,4
SF,IC2003,2020-01-03 09:37:30.900,5350.0000,54883,0,903333240.000,0,-,-,-,-,5350.4000,5350.0000,5349.8000,5349.0000,5348.4000,5352.4000,5352.6000,5352.8000,5353.0000,5354.6000,1,9,2,3,2,3,1,3,3,1
SF,IC2003,2020-01-03 09:37:31.400,5350.0000,54883,0,903333240.000,0,-,-,-,-,5350.6000,5350.4000,5350.0000,5349.8000,5349.0000,5352.2000,5352.4000,5352.6000,5352.8000,5353.0000,4,1,9,2,3,1,1,1,1,3
SF,IC2003,2020-01-03 09:37:31.900,5350.0000,54883,0,903333240.000,0,-,-,-,-,5351.6000,5350.8000,5350.6000,5350.4000,5350.0000,5353.0000,5354.6000,5355.0000,5355.2000,5356.0000,1,1,4,1,9,3,1,4,3,8
SF,IC2003,2020-01-03 09:37:32.400,5350.0000,54883,0,903333240.000,0,-,-,-,-,5350.8000,5350.6000,5350.4000,5350.0000,5349.8000,5352.8000,5353.0000,5354.6000,5355.0000,5355.2000,1,2,1,9,2,2,3,1,4,3
SF,IC2003,2020-01-03 09:37:32.900,5350.0000,54883,0,903333240.000,0,-,-,-,-,5352.0000,5351.0000,5350.8000,5350.6000,5350.4000,5353.0000,5354.6000,5355.0000,5355.2000,5356.0000,2,3,2,1,1,3,1,4,3,8
SF,IC2003,2020-01-03 09:37:33.400,5350.0000,54883,0,903333240.000,0,-,-,-,-,5351.0000,5350.6000,5350.4000,5350.0000,5349.8000,5353.0000,5354.6000,5355.0000,5355.2000,5356.0000,2,1,1,9,2,3,1,4,3,8
SF,IC2003,2020-01-03 09:37:33.900,5350.0000,54883,0,903333240.000,0,-,-,-,-,5351.2000,5351.0000,5350.6000,5350.4000,5350.0000,5352.8000,5353.0000,5354.6000,5355.0000,5355.2000,1,1,1,1,9,3,3,1,4,3
SF,IC2003,2020-01-03 09:37:34.400,5350.0000,54883,0,903333240.000,0,-,-,-,-,5351.0000,5350.6000,5350.4000,5350.0000,5349.8000,5352.4000,5352.8000,5353.0000,5354.6000,5355.0000,1,1,1,9,2,1,3,3,1,4
SF,IC2003,2020-01-03 09:37:34.900,5350.0000,54883,0,903333240.000,0,-,-,-,-,5350.6000,5350.4000,5350.0000,5349.8000,5349.0000,5352.2000,5352.4000,5353.0000,5354.6000,5355.0000,1,1,9,2,3,1,3,3,1,4
SF,IC2003,2020-01-03 09:37:35.400,5350.0000,54883,0,903333240.000,0,-,-,-,-,5351.4000,5350.8000,5350.6000,5350.4000,5350.0000,5352.2000,5352.4000,5353.0000,5354.6000,5355.0000,1,1,1,1,11,1,3,3,1,4
SF,IC2003,2020-01-03 09:37:35.900,5350.0000,54883,0,903333240.000,0,-,-,-,-,5350.8000,5350.6000,5350.4000,5350.0000,5349.8000,5352.2000,5352.4000,5353.0000,5354.6000,5355.0000,1,1,1,11,2,1,3,3,1,4
SF,IC2003,2020-01-03 09:37:37.400,5350.0000,54883,0,903333240.000,0,-,-,-,-,5350.8000,5350.6000,5350.4000,5350.0000,5349.8000,5352.2000,5352.4000,5353.0000,5354.0000,5354.6000,1,1,1,11,2,3,1,3,1,1
SF,IC2003,2020-01-03 09:37:37.900,5350.0000,54883,0,903333240.000,0,-,-,-,-,5351.6000,5350.8000,5350.6000,5350.4000,5350.0000,5352.2000,5352.4000,5353.0000,5354.0000,5354.6000,1,1,1,1,11,2,1,3,1,1
SF,IC2003,2020-01-03 09:37:38.400,5350.0000,54883,0,903333240.000,0,-,-,-,-,5350.8000,5350.6000,5350.4000,5350.0000,5349.8000,5352.2000,5352.4000,5353.0000,5354.0000,5354.6000,1,1,1,11,2,1,1,3,1,1
SF,IC2003,2020-01-03 09:37:38.900,5350.8000,54882,-1,904403400.000,1,0,1,双平,S,5350.8000,5350.6000,5350.4000,5350.0000,5349.8000,5352.2000,5352.4000,5353.0000,5354.0000,5354.6000,1,1,1,11,2,3,1,3,1,1
SF,IC2003,2020-01-03 09:37:39.400,5350.8000,54882,0,904403400.000,0,-,-,-,-,5351.6000,5350.8000,5350.6000,5350.4000,5350.0000,5352.2000,5352.4000,5353.0000,5354.0000,5354.6000,1,1,1,1,11,3,1,3,1,1
SF,IC2003,2020-01-03 09:37:39.900,5350.8000,54882,0,904403400.000,0,-,-,-,-,5350.8000,5350.6000,5350.4000,5350.0000,5349.8000,5352.2000,5352.4000,5353.0000,5354.0000,5354.6000,1,1,1,11,2,3,1,3,1,1
SF,IC2003,2020-01-03 09:37:41.400,5350.8000,54882,0,904403400.000,0,-,-,-,-,5350.8000,5350.6000,5350.4000,5350.0000,5349.8000,5352.0000,5352.2000,5352.4000,5353.0000,5354.0000,1,1,1,11,2,2,2,1,3,1
SF,IC2003,2020-01-03 09:37:41.900,5350.8000,54882,0,904403400.000,0,-,-,-,-,5350.8000,5350.6000,5350.4000,5350.0000,5349.8000,5352.0000,5352.2000,5352.4000,5353.0000,5354.0000,1,1,1,11,2,1,2,1,3,1
SF,IC2003,2020-01-03 09:37:42.400,5350.8000,54882,0,904403400.000,0,-,-,-,-,5351.8000,5350.8000,5350.6000,5350.4000,5350.0000,5352.2000,5352.4000,5353.0000,5354.0000,5354.6000,1,2,1,1,11,2,1,3,1,1
SF,IC2003,2020-01-03 09:37:42.900,5350.8000,54882,0,904403400.000,0,-,-,-,-,5350.8000,5350.6000,5350.4000,5350.0000,5349.8000,5352.2000,5352.4000,5353.0000,5354.0000,5354.6000,2,1,1,11,2,2,1,3,1,1
SF,IC2003,2020-01-03 09:37:43.400,5350.8000,54882,0,904403400.000,0,-,-,-,-,5350.8000,5350.6000,5350.4000,5350.0000,5349.8000,5352.2000,5352.4000,5353.0000,5354.0000,5354.6000,1,1,1,11,2,2,1,3,1,1
SF,IC2003,2020-01-03 09:37:43.900,5350.8000,54882,0,904403400.000,0,-,-,-,-,5351.6000,5350.6000,5350.4000,5350.0000,5349.8000,5352.0000,5352.2000,5352.4000,5353.0000,5354.0000,1,1,1,11,2,1,2,1,3,1
SF,IC2003,2020-01-03 09:37:44.400,5350.8000,54882,0,904403400.000,0,-,-,-,-,5350.6000,5350.4000,5350.0000,5349.8000,5349.0000,5351.4000,5352.0000,5352.2000,5352.4000,5353.0000,1,1,11,2,3,1,1,2,1,3
SF,IC2003,2020-01-03 09:37:44.900,5351.4000,54881,-1,905473680.000,1,0,1,双平,S,5350.8000,5350.6000,5350.4000,5350.0000,5349.8000,5352.0000,5352.2000,5352.4000,5353.0000,5354.0000,1,1,1,11,2,1,2,1,3,1
SF,IC2003,2020-01-03 09:37:45.400,5351.4000,54881,0,905473680.000,0,-,-,-,-,5351.6000,5350.8000,5350.6000,5350.4000,5350.0000,5352.0000,5352.2000,5352.4000,5353.0000,5354.0000,1,1,1,1,11,1,2,1,3,1
SF,IC2003,2020-01-03 09:37:45.900,5350.8000,54881,0,906543840.000,1,0,1,多换,S,5350.6000,5350.4000,5350.0000,5349.8000,5349.0000,5351.6000,5352.0000,5352.2000,5352.4000,5353.0000,1,1,11,2,3,1,1,2,1,3
SF,IC2003,2020-01-03 09:37:46.400,5350.8000,54881,0,906543840.000,0,-,-,-,-,5350.6000,5350.4000,5350.0000,5349.8000,5349.0000,5352.0000,5352.2000,5352.4000,5353.0000,5354.0000,1,1,11,2,3,1,2,1,3,1
SF,IC2003,2020-01-03 09:37:46.900,5350.8000,54881,0,906543840.000,0,-,-,-,-,5351.6000,5350.6000,5350.4000,5350.0000,5349.8000,5352.0000,5352.2000,5352.4000,5353.0000,5354.0000,1,1,1,11,2,2,2,1,3,1
SF,IC2003,2020-01-03 09:37:47.400,5350.8000,54881,0,906543840.000,0,-,-,-,-,5350.6000,5350.4000,5350.0000,5349.8000,5349.0000,5352.0000,5352.2000,5352.4000,5353.0000,5354.0000,1,1,11,2,3,2,2,1,3,1
SF,IC2003,2020-01-03 09:37:47.900,5350.8000,54881,0,906543840.000,0,-,-,-,-,5350.8000,5350.6000,5350.4000,5350.0000,5349.8000,5352.0000,5352.2000,5352.4000,5353.0000,5354.0000,1,1,1,11,2,2,2,1,3,1
SF,IC2003,2020-01-03 09:37:48.400,5350.8000,54881,0,906543840.000,0,-,-,-,-,5351.6000,5350.6000,5350.4000,5350.0000,5349.8000,5352.0000,5352.2000,5352.4000,5353.0000,5354.0000,1,1,1,11,2,2,2,1,3,1
SF,IC2003,2020-01-03 09:37:48.900,5351.6000,54880,-1,907614160.000,1,0,1,双平,S,5350.6000,5350.4000,5350.0000,5349.8000,5349.0000,5351.6000,5352.0000,5352.2000,5352.4000,5353.0000,1,1,11,2,3,2,2,2,1,3
SF,IC2003,2020-01-03 09:37:49.400,5351.6000,54880,0,908684480.000,1,0,1,多换,S,5350.6000,5350.4000,5350.0000,5349.8000,5349.0000,5352.0000,5352.2000,5352.4000,5353.0000,5354.0000,1,1,11,2,3,2,2,1,3,1
SF,IC2003,2020-01-03 09:37:49.900,5352.0000,54880,0,909754880.000,1,0,1,多换,S,5350.6000,5350.4000,5350.0000,5349.8000,5349.0000,5352.0000,5352.2000,5352.4000,5353.0000,5354.0000,1,1,11,2,3,1,2,1,3,1
SF,IC2003,2020-01-03 09:37:50.400,5352.0000,54880,0,909754880.000,0,-,-,-,-,5350.6000,5350.4000,5350.0000,5349.8000,5349.0000,5351.8000,5352.0000,5352.2000,5352.4000,5352.6000,1,1,11,2,3,2,1,2,1,1
SF,IC2003,2020-01-03 09:37:50.900,5352.0000,54880,0,909754880.000,0,-,-,-,-,5350.4000,5350.0000,5349.8000,5349.0000,5348.4000,5351.6000,5351.8000,5352.0000,5352.2000,5352.4000,1,11,2,3,2,3,1,1,2,1
SF,IC2003,2020-01-03 09:37:51.400,5352.0000,54880,0,909754880.000,0,-,-,-,-,5350.4000,5350.0000,5349.8000,5349.0000,5348.4000,5351.4000,5351.8000,5352.0000,5352.2000,5352.4000,1,11,2,3,2,1,1,1,2,1
SF,IC2003,2020-01-03 09:37:51.900,5352.0000,54880,0,909754880.000,0,-,-,-,-,5350.8000,5350.4000,5350.0000,5349.8000,5349.0000,5351.4000,5351.8000,5352.0000,5352.2000,5352.4000,1,1,11,2,3,1,1,3,2,1
SF,IC2003,2020-01-03 09:37:52.900,5350.8000,54879,-1,910825040.000,1,0,1,双平,S,5350.4000,5350.0000,5349.8000,5349.0000,5348.4000,5351.2000,5351.4000,5351.8000,5352.0000,5352.2000,1,11,2,3,2,1,1,1,3,2
SF,IC2003,2020-01-03 09:37:53.400,5350.4000,54878,-1,911895120.000,1,0,1,双平,S,5350.0000,5349.8000,5349.0000,5348.4000,5348.2000,5350.6000,5351.4000,5351.8000,5352.0000,5352.2000,11,2,3,2,1,1,1,1,3,2
SF,IC2003,2020-01-03 09:37:53.900,5350.6000,54877,-1,912965240.000,1,0,1,双平,S,5350.6000,5350.0000,5349.8000,5349.0000,5348.4000,5351.4000,5351.8000,5352.0000,5352.2000,5352.4000,1,11,2,3,2,1,1,3,2,1
SF,IC2003,2020-01-03 09:37:54.400,5350.0000,54875,-2,915105360.000,2,0,2,双平,S,5350.8000,5350.0000,5349.8000,5349.0000,5348.4000,5351.4000,5351.8000,5352.0000,5352.2000,5352.4000,1,10,2,3,2,1,1,3,2,1
SF,IC2003,2020-01-03 09:37:54.900,5350.0000,54875,0,915105360.000,0,-,-,-,-,5350.8000,5350.0000,5349.8000,5349.0000,5348.4000,5351.4000,5351.8000,5352.0000,5352.2000,5352.4000,1,10,2,3,2,1,1,3,2,1
SF,IC2003,2020-01-03 09:37:55.400,5350.8000,54874,-1,916175520.000,1,0,1,双平,S,5350.0000,5349.8000,5349.0000,5348.4000,5348.2000,5351.4000,5351.8000,5352.0000,5352.2000,5352.4000,10,2,3,2,1,1,1,3,2,1
SF,IC2003,2020-01-03 09:37:55.900,5350.8000,54874,0,916175520.000,0,-,-,-,-,5350.0000,5349.8000,5349.0000,5348.4000,5348.2000,5351.2000,5351.4000,5352.0000,5352.2000,5352.4000,10,2,3,2,1,3,4,3,2,1
SF,IC2003,2020-01-03 09:37:56.400,5350.8000,54874,0,916175520.000,0,-,-,-,-,5350.8000,5350.0000,5349.8000,5349.0000,5348.4000,5351.0000,5351.2000,5351.4000,5352.0000,5352.2000,1,10,2,3,2,1,2,4,3,2
SF,IC2003,2020-01-03 09:37:56.900,5351.0000,54873,-1,918315880.000,2,0,2,多平,S,5350.0000,5349.8000,5349.0000,5348.4000,5348.2000,5351.2000,5351.4000,5351.6000,5352.0000,5352.2000,10,2,3,2,1,1,4,1,3,2
SF,IC2003,2020-01-03 09:37:57.400,5351.0000,54873,0,918315880.000,0,-,-,-,-,5350.2000,5350.0000,5349.8000,5349.0000,5348.4000,5351.4000,5351.6000,5352.0000,5352.2000,5352.4000,1,10,2,3,2,1,1,3,2,1
SF,IC2003,2020-01-03 09:37:57.900,5351.0000,54873,0,918315880.000,0,-,-,-,-,5350.2000,5350.0000,5349.8000,5349.0000,5348.4000,5351.4000,5351.6000,5352.0000,5352.2000,5352.4000,1,10,2,3,2,1,1,3,2,1
SF,IC2003,2020-01-03 09:37:58.400,5351.0000,54872,-1,919386080.000,1,0,1,双平,S,5350.2000,5350.0000,5349.8000,5349.0000,5348.4000,5351.4000,5351.6000,5352.0000,5352.2000,5352.4000,1,10,2,3,2,1,1,3,2,1
SF,IC2003,2020-01-03 09:37:58.900,5351.0000,54872,0,919386080.000,0,-,-,-,-,5350.2000,5350.0000,5349.8000,5349.0000,5348.4000,5351.6000,5352.0000,5352.2000,5352.4000,5352.6000,1,10,2,3,2,1,3,2,1,1
SF,IC2003,2020-01-03 09:37:59.400,5351.6000,54871,-1,920456400.000,1,0,1,双平,S,5350.2000,5350.0000,5349.8000,5349.0000,5348.4000,5351.4000,5352.0000,5352.2000,5352.4000,5352.6000,1,10,2,3,2,1,3,2,1,1
SF,IC2003,2020-01-03 09:37:59.900,5352.0000,54870,-1,925808280.000,5,2,3,多平,S,5351.6000,5351.4000,5351.2000,5350.6000,5350.2000,5352.2000,5352.4000,5352.6000,5353.0000,5354.0000,2,5,2,1,2,2,1,1,3,1
SF,IC2003,2020-01-03 09:38:00.400,5352.2000,54869,-1,926878720.000,1,0,1,双平,S,5351.4000,5350.6000,5350.2000,5350.0000,5349.8000,5352.2000,5352.4000,5352.6000,5353.0000,5354.0000,2,1,2,10,2,1,1,1,3,1
SF,IC2003,2020-01-03 09:38:00.900,5352.2000,54869,0,926878720.000,0,-,-,-,-,5351.4000,5350.6000,5350.2000,5350.0000,5349.8000,5352.2000,5352.4000,5352.6000,5353.0000,5354.0000,5,1,2,10,2,1,1,1,3,1
SF,IC2003,2020-01-03 09:38:01.400,5352.4000,54867,-2,929019640.000,2,0,2,双平,S,5352.2000,5352.0000,5351.4000,5350.6000,5350.0000,5352.6000,5353.0000,5354.0000,5354.6000,5355.0000,6,2,6,1,10,1,3,1,1,4
SF,IC2003,2020-01-03 09:38:01.900,5352.2000,54866,-1,933301400.000,4,1,3,多平,S,5351.4000,5350.6000,5350.0000,5349.8000,5349.0000,5352.6000,5353.0000,5354.0000,5354.6000,5355.0000,6,1,10,2,3,1,3,1,1,4
SF,IC2003,2020-01-03 09:38:02.400,5351.4000,54864,-2,935441960.000,2,0,2,双平,S,5351.4000,5350.6000,5350.0000,5349.8000,5349.0000,5352.4000,5352.6000,5353.0000,5354.0000,5354.6000,4,1,10,2,3,1,1,3,1,1
SF,IC2003,2020-01-03 09:38:02.900,5351.4000,54864,0,935441960.000,0,-,-,-,-,5351.4000,5350.6000,5350.0000,5349.8000,5349.0000,5352.4000,5352.6000,5353.0000,5354.0000,5354.6000,4,1,10,2,3,1,1,3,1,1
SF,IC2003,2020-01-03 09:38:05.400,5351.4000,54864,0,935441960.000,0,-,-,-,-,5351.4000,5350.0000,5349.8000,5349.0000,5348.4000,5352.4000,5352.6000,5353.0000,5354.0000,5354.6000,4,10,2,3,2,1,2,3,1,1
SF,IC2003,2020-01-03 09:38:05.900,5351.4000,54863,-1,936512240.000,1,0,1,双平,S,5351.4000,5350.0000,5349.8000,5349.0000,5348.4000,5352.4000,5352.6000,5353.0000,5354.0000,5354.6000,3,10,2,3,2,1,2,3,1,1
SF,IC2003,2020-01-03 09:38:06.400,5351.4000,54862,-1,937582520.000,1,0,1,双平,S,5351.4000,5350.0000,5349.8000,5349.0000,5348.4000,5352.4000,5352.6000,5353.0000,5354.0000,5354.6000,2,10,2,3,2,1,2,3,1,1
SF,IC2003,2020-01-03 09:38:06.900,5351.4000,54862,0,937582520.000,0,-,-,-,-,5351.4000,5351.0000,5350.0000,5349.8000,5349.0000,5352.4000,5352.6000,5353.0000,5354.0000,5354.6000,2,1,10,2,3,1,2,3,1,1
SF,IC2003,2020-01-03 09:38:09.400,5351.4000,54862,0,937582520.000,0,-,-,-,-,5351.6000,5351.4000,5351.0000,5350.0000,5349.8000,5352.4000,5352.6000,5353.0000,5354.0000,5354.6000,1,2,1,10,2,1,2,3,1,1
SF,IC2003,2020-01-03 09:38:09.900,5351.4000,54862,0,937582520.000,0,-,-,-,-,5351.6000,5351.4000,5351.0000,5350.0000,5349.8000,5352.6000,5353.0000,5354.0000,5354.6000,5355.0000,1,2,1,10,2,2,3,1,1,4
SF,IC2003,2020-01-03 09:38:10.400,5351.4000,54862,0,937582520.000,0,-,-,-,-,5351.8000,5351.6000,5351.4000,5351.0000,5350.0000,5352.6000,5353.0000,5354.0000,5354.6000,5355.0000,1,1,2,1,10,2,3,1,1,4
SF,IC2003,2020-01-03 09:38:10.900,5351.4000,54862,0,937582520.000,0,-,-,-,-,5351.8000,5351.6000,5351.4000,5351.0000,5350.0000,5352.6000,5353.0000,5354.0000,5354.6000,5355.0000,1,1,2,1,10,2,3,1,1,4
SF,IC2003,2020-01-03 09:38:11.900,5351.4000,54862,0,937582520.000,0,-,-,-,-,5351.8000,5351.4000,5351.0000,5350.0000,5349.8000,5352.6000,5353.0000,5354.0000,5354.6000,5355.0000,1,2,1,10,2,2,3,1,1,4
SF,IC2003,2020-01-03 09:38:12.400,5351.4000,54862,0,937582520.000,0,-,-,-,-,5351.8000,5351.4000,5351.0000,5350.0000,5349.8000,5352.4000,5352.6000,5353.0000,5354.0000,5354.6000,1,2,1,10,2,1,2,3,1,1
SF,IC2003,2020-01-03 09:38:13.900,5351.4000,54862,0,937582520.000,0,-,-,-,-,5352.0000,5351.8000,5351.4000,5351.0000,5350.0000,5352.4000,5352.6000,5353.0000,5354.0000,5354.6000,1,1,2,1,10,1,2,3,1,1
SF,IC2003,2020-01-03 09:38:14.400,5351.4000,54862,0,937582520.000,0,-,-,-,-,5352.0000,5351.4000,5351.0000,5350.0000,5349.8000,5352.4000,5352.6000,5353.0000,5354.0000,5354.6000,1,2,1,10,2,1,2,3,1,1
SF,IC2003,2020-01-03 09:38:15.400,5352.4000,54862,0,938653000.000,1,0,1,多换,S,5352.0000,5351.4000,5351.0000,5350.0000,5349.8000,5352.6000,5353.0000,5354.0000,5354.6000,5355.0000,1,1,2,10,2,2,3,1,1,4
SF,IC2003,2020-01-03 09:38:15.900,5352.4000,54862,0,938653000.000,0,-,-,-,-,5352.4000,5352.0000,5351.4000,5351.0000,5350.0000,5352.6000,5353.0000,5354.0000,5354.6000,5355.0000,1,1,1,2,10,2,3,1,1,4
SF,IC2003,2020-01-03 09:38:16.400,5352.4000,54861,-1,939723480.000,1,0,1,双平,S,5352.4000,5352.0000,5351.4000,5351.0000,5350.0000,5352.6000,5353.0000,5354.0000,5354.6000,5355.0000,2,1,1,2,10,3,3,1,1,4
SF,IC2003,2020-01-03 09:38:16.900,5352.4000,54859,-2,941864440.000,2,0,2,双平,S,5351.4000,5351.0000,5350.0000,5349.8000,5349.0000,5352.6000,5353.0000,5354.0000,5354.6000,5355.0000,1,2,10,2,3,3,3,1,1,4
SF,IC2003,2020-01-03 09:38:17.400,5352.4000,54859,0,941864440.000,0,-,-,-,-,5351.4000,5351.0000,5350.0000,5349.8000,5349.0000,5352.4000,5352.6000,5353.0000,5354.0000,5354.6000,1,2,10,2,3,2,3,4,1,1
SF,IC2003,2020-01-03 09:38:17.900,5352.4000,54859,0,941864440.000,0,-,-,-,-,5351.4000,5351.0000,5350.0000,5349.8000,5349.0000,5352.2000,5352.4000,5352.6000,5353.0000,5354.0000,1,2,10,2,3,1,2,2,4,1
SF,IC2003,2020-01-03 09:38:18.900,5352.4000,54859,0,941864440.000,0,-,-,-,-,5351.6000,5351.4000,5351.0000,5350.0000,5349.8000,5352.2000,5352.4000,5352.6000,5353.0000,5354.0000,1,1,2,10,2,1,2,2,4,1
SF,IC2003,2020-01-03 09:38:19.900,5352.2000,54860,1,942934880.000,1,1,0,双开,S,5351.6000,5351.4000,5351.0000,5350.0000,5349.8000,5352.4000,5352.6000,5353.0000,5354.0000,5354.6000,1,1,2,10,2,2,2,4,1,1
SF,IC2003,2020-01-03 09:38:20.400,5352.2000,54860,0,942934880.000,0,-,-,-,-,5351.6000,5351.4000,5351.0000,5350.0000,5349.8000,5352.4000,5352.6000,5353.0000,5354.0000,5354.6000,1,1,2,10,2,1,2,4,1,1
SF,IC2003,2020-01-03 09:38:20.900,5352.2000,54860,0,942934880.000,0,-,-,-,-,5352.2000,5351.6000,5351.4000,5351.0000,5350.0000,5352.4000,5352.6000,5353.0000,5354.0000,5354.6000,1,1,1,2,10,1,2,4,1,1
SF,IC2003,2020-01-03 09:38:21.400,5352.2000,54860,0,944005320.000,1,0,1,多换,S,5351.6000,5351.4000,5351.0000,5350.0000,5349.8000,5352.2000,5352.4000,5352.6000,5353.0000,5354.0000,1,1,2,10,2,1,1,2,4,1
SF,IC2003,2020-01-03 09:38:21.900,5352.2000,54860,0,944005320.000,0,-,-,-,-,5351.6000,5351.4000,5351.0000,5350.0000,5349.8000,5352.0000,5352.2000,5352.6000,5353.0000,5354.0000,1,1,2,10,2,1,1,2,4,1
SF,IC2003,2020-01-03 09:38:22.900,5352.0000,54860,0,945075720.000,1,0,1,多换,S,5351.6000,5351.4000,5351.0000,5350.0000,5349.8000,5352.2000,5352.6000,5353.0000,5354.0000,5354.6000,1,1,2,10,2,1,2,4,1,1
SF,IC2003,2020-01-03 09:38:23.900,5352.0000,54860,0,945075720.000,0,-,-,-,-,5351.6000,5351.4000,5351.0000,5350.0000,5349.8000,5352.2000,5352.6000,5353.0000,5354.0000,5354.6000,1,1,2,10,2,1,2,4,1,1
SF,IC2003,2020-01-03 09:38:24.900,5352.0000,54860,0,945075720.000,0,-,-,-,-,5352.0000,5351.6000,5351.4000,5351.0000,5350.0000,5352.2000,5352.6000,5353.0000,5354.0000,5354.6000,1,1,1,2,10,1,2,4,1,1
SF,IC2003,2020-01-03 09:38:25.400,5352.0000,54860,0,946146120.000,1,0,1,多换,S,5351.6000,5351.4000,5351.0000,5350.0000,5349.8000,5352.2000,5352.6000,5353.0000,5354.0000,5354.6000,1,1,2,10,2,1,2,4,1,1
SF,IC2003,2020-01-03 09:38:26.400,5352.0000,54860,0,946146120.000,0,-,-,-,-,5351.6000,5351.4000,5351.0000,5350.0000,5349.8000,5352.2000,5352.6000,5353.0000,5354.0000,5354.6000,1,1,2,10,2,1,2,4,1,1
SF,IC2003,2020-01-03 09:38:27.400,5352.0000,54860,0,946146120.000,0,-,-,-,-,5351.6000,5351.4000,5351.0000,5350.0000,5349.8000,5352.2000,5352.6000,5353.0000,5354.0000,5354.6000,1,1,2,10,2,1,2,4,1,1
SF,IC2003,2020-01-03 09:38:28.400,5351.6000,54859,-1,947216440.000,1,0,1,双平,S,5351.4000,5351.0000,5350.0000,5349.8000,5349.0000,5352.2000,5352.6000,5353.0000,5354.0000,5354.6000,1,2,10,2,3,1,2,4,1,1
SF,IC2003,2020-01-03 09:38:28.900,5351.4000,54858,-1,948286720.000,1,0,1,双平,S,5351.0000,5350.0000,5349.8000,5349.0000,5348.4000,5351.4000,5352.0000,5352.2000,5352.6000,5353.0000,2,10,2,3,2,1,1,1,2,4
SF,IC2003,2020-01-03 09:38:29.900,5351.0000,54858,0,949356920.000,1,0,1,多换,S,5351.0000,5350.0000,5349.8000,5349.0000,5348.4000,5351.4000,5352.0000,5352.2000,5352.6000,5353.0000,1,10,2,3,2,1,1,1,2,4
SF,IC2003,2020-01-03 09:38:30.400,5351.0000,54857,-1,950427120.000,1,0,1,双平,S,5350.0000,5349.8000,5349.0000,5348.4000,5348.2000,5351.2000,5351.4000,5352.0000,5352.2000,5352.6000,10,2,3,2,1,1,1,1,1,2
SF,IC2003,2020-01-03 09:38:30.900,5351.0000,54857,0,950427120.000,0,-,-,-,-,5350.0000,5349.8000,5349.0000,5348.4000,5348.2000,5351.0000,5351.2000,5351.4000,5352.2000,5352.6000,10,2,3,2,1,1,2,1,1,2
SF,IC2003,2020-01-03 09:38:32.400,5350.0000,54855,-2,952567120.000,2,0,2,双平,S,5350.0000,5349.8000,5349.0000,5348.4000,5348.2000,5351.0000,5351.2000,5351.4000,5352.2000,5352.6000,8,2,3,2,1,1,2,1,1,2
SF,IC2003,2020-01-03 09:38:32.900,5350.0000,54851,-4,958987120.000,6,1,5,多平,S,5350.0000,5349.8000,5349.0000,5348.4000,5348.2000,5351.0000,5351.2000,5352.2000,5352.6000,5353.0000,2,2,3,2,1,3,2,1,2,4
SF,IC2003,2020-01-03 09:38:33.400,5350.0000,54851,0,961127120.000,2,1,1,多换,S,5349.8000,5349.0000,5348.4000,5348.2000,5348.0000,5350.8000,5351.0000,5351.2000,5352.2000,5352.6000,2,3,2,1,3,1,3,2,1,2
SF,IC2003,2020-01-03 09:38:33.900,5350.6000,54850,-1,963267200.000,2,0,2,多平,S,5349.8000,5349.0000,5348.4000,5348.2000,5348.0000,5350.6000,5350.8000,5351.0000,5351.2000,5352.2000,1,3,2,1,3,1,2,2,1,1
SF,IC2003,2020-01-03 09:38:34.400,5349.8000,54847,-3,966477080.000,3,0,3,双平,S,5349.0000,5348.4000,5348.2000,5348.0000,5347.8000,5350.4000,5350.8000,5351.0000,5351.2000,5352.2000,3,2,1,3,2,1,2,2,1,1
SF,IC2003,2020-01-03 09:38:34.900,5349.8000,54847,0,966477080.000,0,-,-,-,-,5349.2000,5349.0000,5348.4000,5348.2000,5348.0000,5350.2000,5350.4000,5350.8000,5351.0000,5351.2000,1,3,2,1,3,1,1,2,2,1
SF,IC2003,2020-01-03 09:38:36.400,5350.2000,54847,0,967547120.000,1,0,1,多换,S,5349.2000,5349.0000,5348.4000,5348.2000,5348.0000,5350.4000,5350.8000,5351.0000,5351.2000,5352.2000,1,3,2,1,3,1,2,2,1,1
SF,IC2003,2020-01-03 09:38:36.900,5350.2000,54847,0,967547120.000,0,-,-,-,-,5349.2000,5349.0000,5348.4000,5348.2000,5348.0000,5350.4000,5350.8000,5351.2000,5352.2000,5352.6000,1,3,2,1,3,1,1,1,1,2
SF,IC2003,2020-01-03 09:38:37.400,5350.2000,54847,0,967547120.000,0,-,-,-,-,5349.4000,5349.2000,5349.0000,5348.4000,5348.2000,5350.4000,5350.8000,5351.2000,5352.2000,5352.6000,1,3,3,1,1,1,1,1,1,2
SF,IC2003,2020-01-03 09:38:37.900,5350.4000,54847,0,968617200.000,1,0,1,多换,S,5349.4000,5349.2000,5349.0000,5348.4000,5348.2000,5350.8000,5351.2000,5352.2000,5352.6000,5353.0000,1,3,3,1,1,1,1,1,2,4
SF,IC2003,2020-01-03 09:38:38.400,5350.4000,54847,0,968617200.000,0,-,-,-,-,5349.4000,5349.2000,5349.0000,5348.4000,5348.2000,5350.8000,5351.2000,5352.2000,5352.6000,5353.0000,1,3,3,1,1,1,1,1,2,4
SF,IC2003,2020-01-03 09:38:38.900,5350.4000,54847,0,968617200.000,0,-,-,-,-,5349.6000,5349.4000,5349.2000,5349.0000,5348.4000,5350.8000,5351.2000,5352.2000,5352.6000,5353.0000,1,1,3,3,1,1,1,1,2,3
SF,IC2003,2020-01-03 09:38:39.400,5350.4000,54847,0,968617200.000,0,-,-,-,-,5349.8000,5349.6000,5349.2000,5349.0000,5348.4000,5350.8000,5351.2000,5352.2000,5352.6000,5353.0000,1,1,3,3,1,1,1,1,2,3
SF,IC2003,2020-01-03 09:38:40.400,5350.4000,54847,0,968617200.000,0,-,-,-,-,5349.8000,5349.6000,5349.2000,5349.0000,5348.4000,5350.8000,5351.2000,5352.2000,5352.6000,5353.0000,1,1,2,4,1,1,1,1,2,3
SF,IC2003,2020-01-03 09:38:40.900,5350.4000,54847,0,968617200.000,0,-,-,-,-,5349.8000,5349.6000,5349.2000,5349.0000,5348.4000,5350.8000,5351.2000,5352.2000,5352.6000,5353.0000,1,1,2,2,1,1,1,1,2,3
SF,IC2003,2020-01-03 09:38:41.400,5350.4000,54847,0,968617200.000,0,-,-,-,-,5349.8000,5349.6000,5349.2000,5349.0000,5348.6000,5350.8000,5351.2000,5352.2000,5352.6000,5353.0000,1,1,1,2,2,1,1,1,2,3
SF,IC2003,2020-01-03 09:38:41.900,5350.4000,54847,0,968617200.000,0,-,-,-,-,5349.8000,5349.6000,5349.2000,5349.0000,5348.6000,5350.8000,5351.2000,5352.2000,5352.6000,5353.0000,1,1,1,2,2,1,1,1,2,3
SF,IC2003,2020-01-03 09:38:42.900,5350.4000,54847,0,968617200.000,0,-,-,-,-,5349.8000,5349.6000,5349.2000,5349.0000,5348.6000,5350.8000,5351.2000,5352.2000,5352.6000,5353.0000,1,2,1,2,2,1,1,1,2,3
SF,IC2003,2020-01-03 09:38:43.400,5350.4000,54847,0,968617200.000,0,-,-,-,-,5349.8000,5349.6000,5349.2000,5349.0000,5348.6000,5350.8000,5351.2000,5352.2000,5352.6000,5353.0000,1,2,1,2,2,1,1,1,2,3
SF,IC2003,2020-01-03 09:38:45.900,5350.4000,54847,0,968617200.000,0,-,-,-,-,5349.8000,5349.6000,5349.2000,5349.0000,5348.6000,5350.8000,5352.2000,5352.6000,5353.0000,5354.0000,1,2,1,2,2,1,1,2,3,1
SF,IC2003,2020-01-03 09:38:46.900,5350.4000,54847,0,968617200.000,0,-,-,-,-,5349.8000,5349.6000,5349.2000,5349.0000,5348.6000,5350.8000,5352.2000,5352.6000,5353.0000,5354.0000,1,2,1,4,2,1,1,2,3,1
SF,IC2003,2020-01-03 09:38:47.400,5350.4000,54847,0,968617200.000,0,-,-,-,-,5349.8000,5349.6000,5349.2000,5349.0000,5348.6000,5350.8000,5352.2000,5352.6000,5353.0000,5354.0000,1,3,1,4,2,1,1,2,3,1
SF,IC2003,2020-01-03 09:38:48.900,5349.8000,54847,0,969687160.000,1,0,1,多换,S,5349.6000,5349.2000,5349.0000,5348.6000,5348.4000,5350.8000,5352.2000,5352.6000,5353.0000,5354.0000,3,1,4,2,1,1,1,2,3,1
SF,IC2003,2020-01-03 09:38:49.900,5349.8000,54847,0,969687160.000,0,-,-,-,-,5349.6000,5349.2000,5349.0000,5348.6000,5348.4000,5350.6000,5350.8000,5352.2000,5352.6000,5353.0000,3,1,4,3,1,1,1,1,2,3
SF,IC2003,2020-01-03 09:38:50.400,5350.6000,54846,-1,970757280.000,1,0,1,双平,S,5349.6000,5349.2000,5349.0000,5348.6000,5348.4000,5350.8000,5352.2000,5352.6000,5353.0000,5354.0000,3,1,4,3,1,1,1,2,3,1
SF,IC2003,2020-01-03 09:38:50.900,5350.6000,54846,0,970757280.000,0,-,-,-,-,5349.8000,5349.6000,5349.2000,5349.0000,5348.6000,5350.8000,5352.2000,5352.6000,5353.0000,5354.0000,1,3,1,4,3,1,1,2,2,1
SF,IC2003,2020-01-03 09:38:51.400,5350.6000,54846,0,970757280.000,0,-,-,-,-,5349.8000,5349.6000,5349.2000,5349.0000,5348.6000,5350.8000,5352.2000,5352.6000,5353.0000,5354.0000,1,4,1,4,3,1,1,2,2,1
SF,IC2003,2020-01-03 09:38:51.900,5350.6000,54846,0,970757280.000,0,-,-,-,-,5350.4000,5349.8000,5349.6000,5349.2000,5349.0000,5350.8000,5352.2000,5352.6000,5353.0000,5354.0000,1,1,4,1,4,1,1,2,2,1
SF,IC2003,2020-01-03 09:38:53.400,5350.6000,54846,0,970757280.000,0,-,-,-,-,5350.4000,5349.8000,5349.6000,5349.2000,5349.0000,5350.8000,5352.2000,5352.6000,5353.0000,5354.0000,1,1,4,1,4,1,1,2,2,1
SF,IC2003,2020-01-03 09:38:53.900,5350.6000,54846,0,970757280.000,0,-,-,-,-,5350.4000,5349.8000,5349.6000,5349.2000,5349.0000,5350.8000,5352.2000,5352.6000,5353.0000,5354.0000,1,1,4,1,4,1,1,2,2,1
SF,IC2003,2020-01-03 09:38:54.400,5350.6000,54846,0,970757280.000,0,-,-,-,-,5350.4000,5349.6000,5349.2000,5349.0000,5348.8000,5350.8000,5352.2000,5352.6000,5353.0000,5354.0000,1,4,1,4,1,1,1,2,2,1
SF,IC2003,2020-01-03 09:38:54.900,5350.6000,54846,0,970757280.000,0,-,-,-,-,5350.4000,5349.6000,5349.0000,5348.8000,5348.6000,5350.8000,5352.2000,5352.6000,5353.0000,5354.0000,1,4,4,1,3,1,1,2,2,1
SF,IC2003,2020-01-03 09:38:55.400,5350.4000,54845,-1,971827360.000,1,0,1,双平,S,5349.6000,5349.0000,5348.8000,5348.6000,5348.4000,5350.8000,5352.2000,5352.6000,5353.0000,5354.0000,4,4,1,3,1,1,1,2,2,1
SF,IC2003,2020-01-03 09:38:56.900,5350.4000,54845,0,971827360.000,0,-,-,-,-,5349.6000,5349.0000,5348.8000,5348.6000,5348.4000,5350.8000,5352.2000,5352.6000,5353.0000,5354.0000,4,15,1,3,1,1,1,2,2,1
SF,IC2003,2020-01-03 09:38:57.400,5350.4000,54845,0,971827360.000,0,-,-,-,-,5349.8000,5349.6000,5349.0000,5348.8000,5348.6000,5350.6000,5350.8000,5352.2000,5352.6000,5353.0000,1,4,15,1,3,1,1,1,2,1
SF,IC2003,2020-01-03 09:38:57.900,5349.8000,54844,-1,972897320.000,1,0,1,双平,S,5349.6000,5349.0000,5348.8000,5348.6000,5348.4000,5350.6000,5350.8000,5352.2000,5352.6000,5353.0000,4,15,1,3,1,1,1,1,2,1
SF,IC2003,2020-01-03 09:38:59.400,5349.6000,54843,-1,973967240.000,1,0,1,双平,S,5349.6000,5349.0000,5348.8000,5348.6000,5348.4000,5350.6000,5350.8000,5352.2000,5352.6000,5353.0000,3,15,1,3,1,1,1,1,2,1
SF,IC2003,2020-01-03 09:38:59.900,5350.6000,54843,0,976107480.000,2,1,1,多换,S,5350.6000,5349.6000,5349.0000,5348.8000,5348.6000,5350.8000,5352.2000,5352.6000,5353.0000,5354.0000,1,3,15,1,3,1,1,2,1,1
SF,IC2003,2020-01-03 09:39:00.400,5350.8000,54842,-1,977177640.000,1,0,1,双平,S,5350.8000,5350.6000,5349.6000,5349.0000,5348.8000,5352.2000,5352.6000,5353.0000,5354.0000,5355.0000,1,1,3,15,1,1,2,1,1,4
SF,IC2003,2020-01-03 09:39:00.900,5350.8000,54841,-1,978247800.000,1,0,1,双平,S,5350.6000,5349.8000,5349.6000,5349.0000,5348.8000,5352.0000,5352.2000,5352.6000,5353.0000,5354.0000,1,1,3,15,1,3,1,2,1,1
SF,IC2003,2020-01-03 09:39:01.400,5350.8000,54841,0,978247800.000,0,-,-,-,-,5350.6000,5349.8000,5349.6000,5349.0000,5348.8000,5351.2000,5351.4000,5352.0000,5352.2000,5352.6000,1,1,3,15,1,1,1,3,1,2
SF,IC2003,2020-01-03 09:39:01.900,5350.8000,54841,0,978247800.000,0,-,-,-,-,5350.6000,5349.8000,5349.6000,5349.0000,5348.8000,5352.0000,5352.2000,5352.6000,5353.0000,5354.0000,1,1,3,15,1,3,1,2,1,1
SF,IC2003,2020-01-03 09:39:02.900,5350.8000,54841,0,978247800.000,0,-,-,-,-,5349.8000,5349.6000,5349.4000,5349.0000,5348.8000,5351.8000,5352.0000,5352.2000,5352.6000,5353.0000,1,3,2,15,1,1,3,1,2,1
SF,IC2003,2020-01-03 09:39:03.400,5350.8000,54841,0,978247800.000,0,-,-,-,-,5350.0000,5349.8000,5349.6000,5349.4000,5349.0000,5351.6000,5351.8000,5352.0000,5352.2000,5352.6000,2,1,3,2,15,2,1,2,1,2
SF,IC2003,2020-01-03 09:39:03.900,5350.8000,54841,0,978247800.000,0,-,-,-,-,5350.0000,5349.8000,5349.6000,5349.4000,5349.0000,5351.6000,5351.8000,5352.0000,5352.2000,5352.6000,2,1,3,2,15,1,1,2,1,2
SF,IC2003,2020-01-03 09:39:04.900,5350.8000,54841,0,978247800.000,0,-,-,-,-,5350.0000,5349.8000,5349.6000,5349.4000,5349.0000,5351.6000,5352.0000,5352.2000,5352.6000,5353.0000,1,1,3,2,15,1,2,1,2,1
SF,IC2003,2020-01-03 09:39:05.400,5350.8000,54841,0,978247800.000,0,-,-,-,-,5350.2000,5350.0000,5349.8000,5349.6000,5349.4000,5351.4000,5351.6000,5352.0000,5352.2000,5352.6000,1,1,1,3,2,1,1,2,1,2
SF,IC2003,2020-01-03 09:39:06.400,5350.8000,54841,0,978247800.000,0,-,-,-,-,5350.0000,5349.8000,5349.6000,5349.4000,5349.0000,5351.4000,5351.6000,5352.0000,5352.2000,5352.6000,1,1,3,2,15,2,1,2,1,2
SF,IC2003,2020-01-03 09:39:08.900,5350.0000,54840,-1,979317800.000,1,0,1,双平,S,5349.8000,5349.6000,5349.4000,5349.0000,5348.8000,5351.4000,5351.6000,5352.0000,5352.2000,5352.6000,1,3,2,15,1,2,1,2,1,2
SF,IC2003,2020-01-03 09:39:09.400,5350.0000,54840,0,979317800.000,0,-,-,-,-,5349.8000,5349.6000,5349.4000,5349.0000,5348.8000,5351.2000,5351.4000,5352.0000,5352.2000,5352.6000,1,3,2,15,1,1,1,2,1,2
SF,IC2003,2020-01-03 09:39:10.400,5350.0000,54840,0,979317800.000,0,-,-,-,-,5349.8000,5349.6000,5349.4000,5349.0000,5348.8000,5351.0000,5351.2000,5352.0000,5352.2000,5352.6000,1,3,2,15,1,2,1,2,1,2
SF,IC2003,2020-01-03 09:39:10.900,5350.0000,54840,0,979317800.000,0,-,-,-,-,5349.8000,5349.6000,5349.4000,5349.0000,5348.8000,5351.0000,5351.2000,5352.0000,5352.2000,5352.6000,1,3,2,15,1,2,1,2,1,2
SF,IC2003,2020-01-03 09:39:11.400,5350.0000,54840,0,979317800.000,0,-,-,-,-,5349.8000,5349.6000,5349.4000,5349.0000,5348.8000,5350.8000,5351.0000,5352.0000,5352.2000,5352.6000,1,3,2,15,1,1,2,2,1,2
SF,IC2003,2020-01-03 09:39:11.900,5350.0000,54840,0,979317800.000,0,-,-,-,-,5349.8000,5349.6000,5349.4000,5349.0000,5348.8000,5350.0000,5350.8000,5351.0000,5352.0000,5352.2000,1,3,2,15,1,1,1,2,3,1
SF,IC2003,2020-01-03 09:39:12.400,5350.0000,54838,-2,981457800.000,2,0,2,双平,S,5350.0000,5349.8000,5349.6000,5349.4000,5349.0000,5350.8000,5352.0000,5352.2000,5352.6000,5353.0000,4,1,3,2,15,1,3,1,2,1
SF,IC2003,2020-01-03 09:39:14.400,5350.0000,54838,0,981457800.000,0,-,-,-,-,5350.0000,5349.8000,5349.6000,5349.4000,5349.0000,5350.8000,5352.0000,5352.2000,5352.6000,5353.0000,4,1,3,2,15,1,4,1,2,1
SF,IC2003,2020-01-03 09:39:14.900,5350.0000,54838,0,981457800.000,0,-,-,-,-,5350.8000,5350.0000,5349.8000,5349.6000,5349.4000,5352.0000,5352.2000,5352.6000,5353.0000,5354.0000,2,2,1,3,2,4,1,2,1,1
SF,IC2003,2020-01-03 09:39:15.400,5350.0000,54838,0,981457800.000,0,-,-,-,-,5351.0000,5350.8000,5350.0000,5349.8000,5349.6000,5351.8000,5352.0000,5352.2000,5352.6000,5353.0000,1,2,2,1,3,1,2,1,2,1
SF,IC2003,2020-01-03 09:39:15.900,5350.0000,54838,0,981457800.000,0,-,-,-,-,5351.8000,5351.0000,5350.0000,5349.8000,5349.6000,5352.0000,5352.2000,5352.6000,5353.0000,5354.0000,2,1,2,1,3,2,1,2,1,1
SF,IC2003,2020-01-03 09:39:16.400,5352.0000,54838,0,983598600.000,2,1,1,多换,S,5351.0000,5350.0000,5349.8000,5349.6000,5349.4000,5352.2000,5352.6000,5353.0000,5354.0000,5355.0000,1,2,1,3,2,1,2,1,1,4
SF,IC2003,2020-01-03 09:39:16.900,5352.0000,54838,0,983598600.000,0,-,-,-,-,5351.0000,5350.0000,5349.8000,5349.6000,5349.4000,5352.2000,5352.6000,5353.0000,5354.0000,5355.0000,1,2,1,3,2,1,2,1,1,4
SF,IC2003,2020-01-03 09:39:17.400,5352.0000,54838,0,983598600.000,0,-,-,-,-,5349.8000,5349.6000,5349.4000,5349.0000,5348.8000,5352.0000,5352.2000,5352.6000,5353.0000,5354.0000,1,3,2,15,1,1,1,2,1,1
SF,IC2003,2020-01-03 09:39:17.900,5352.0000,54838,0,983598600.000,0,-,-,-,-,5350.2000,5350.0000,5349.8000,5349.6000,5349.4000,5352.0000,5352.2000,5352.6000,5353.0000,5354.0000,1,2,1,3,2,1,1,2,1,1
SF,IC2003,2020-01-03 09:39:18.400,5352.0000,54838,0,983598600.000,0,-,-,-,-,5352.0000,5350.6000,5350.4000,5350.2000,5350.0000,5352.2000,5352.6000,5353.0000,5354.0000,5355.0000,3,1,1,2,1,1,2,1,1,4
SF,IC2003,2020-01-03 09:39:18.900,5352.0000,54835,-3,986809800.000,3,0,3,双平,S,5350.4000,5350.2000,5349.8000,5349.6000,5349.4000,5352.2000,5352.6000,5353.0000,5354.0000,5355.0000,1,2,1,3,2,1,2,1,1,4
SF,IC2003,2020-01-03 09:39:19.400,5350.8000,54834,-1,987879960.000,1,0,1,双平,S,5350.6000,5350.4000,5350.2000,5349.8000,5349.6000,5352.2000,5352.6000,5353.0000,5354.0000,5355.0000,1,1,2,1,3,1,2,1,1,4
SF,IC2003,2020-01-03 09:39:19.900,5352.2000,54834,0,988950400.000,1,0,1,多换,S,5350.8000,5350.6000,5350.2000,5349.8000,5349.6000,5352.6000,5353.0000,5354.0000,5355.0000,5355.2000,1,1,2,1,3,2,1,1,4,4
SF,IC2003,2020-01-03 09:39:20.400,5352.2000,54834,0,988950400.000,0,-,-,-,-,5350.8000,5350.6000,5349.8000,5349.6000,5349.4000,5352.2000,5352.4000,5352.6000,5353.0000,5354.0000,3,1,1,3,2,2,2,2,1,1
SF,IC2003,2020-01-03 09:39:20.900,5352.2000,54834,0,988950400.000,0,-,-,-,-,5351.0000,5350.8000,5349.8000,5349.6000,5349.4000,5352.0000,5352.4000,5352.6000,5353.0000,5354.0000,1,1,1,3,2,1,2,2,1,1
SF,IC2003,2020-01-03 09:39:21.400,5352.2000,54834,0,988950400.000,0,-,-,-,-,5351.0000,5350.8000,5349.8000,5349.6000,5349.4000,5352.0000,5352.2000,5352.4000,5352.6000,5353.0000,1,1,1,3,2,1,1,2,2,1
SF,IC2003,2020-01-03 09:39:21.900,5352.2000,54834,0,988950400.000,0,-,-,-,-,5351.6000,5351.0000,5350.8000,5349.8000,5349.6000,5352.0000,5352.2000,5352.4000,5352.6000,5353.0000,2,1,1,1,3,2,1,2,2,1
SF,IC2003,2020-01-03 09:39:22.400,5352.2000,54834,0,988950400.000,0,-,-,-,-,5351.6000,5350.8000,5349.8000,5349.6000,5349.4000,5352.0000,5352.4000,5352.6000,5353.0000,5354.0000,2,1,1,3,2,2,2,2,1,1
SF,IC2003,2020-01-03 09:39:23.400,5352.2000,54834,0,988950400.000,0,-,-,-,-,5351.6000,5350.8000,5350.4000,5349.8000,5349.6000,5352.0000,5352.4000,5352.6000,5353.0000,5354.0000,2,1,1,1,3,2,2,2,1,1
SF,IC2003,2020-01-03 09:39:23.900,5352.0000,54834,0,990020800.000,1,0,1,多换,S,5351.6000,5350.8000,5350.4000,5349.8000,5349.6000,5352.0000,5352.4000,5352.6000,5353.0000,5354.0000,2,1,1,1,3,1,2,2,1,1
SF,IC2003,2020-01-03 09:39:24.400,5352.0000,54834,0,990020800.000,0,-,-,-,-,5351.6000,5350.8000,5350.4000,5349.8000,5349.6000,5351.8000,5352.0000,5352.6000,5353.0000,5354.0000,2,1,1,1,3,2,1,2,1,1
SF,IC2003,2020-01-03 09:39:24.900,5351.6000,54833,-1,992161440.000,2,0,2,多平,S,5350.8000,5350.4000,5349.8000,5349.6000,5349.4000,5352.0000,5352.6000,5353.0000,5354.0000,5355.0000,1,1,1,3,2,1,2,1,1,4
SF,IC2003,2020-01-03 09:39:25.900,5351.6000,54833,0,992161440.000,0,-,-,-,-,5350.8000,5350.4000,5349.8000,5349.6000,5349.4000,5352.0000,5352.6000,5352.8000,5353.0000,5354.0000,1,1,1,3,2,1,2,1,1,1
SF,IC2003,2020-01-03 09:39:26.400,5351.6000,54833,0,992161440.000,0,-,-,-,-,5351.6000,5350.8000,5350.4000,5349.8000,5349.6000,5352.0000,5352.6000,5352.8000,5353.0000,5354.0000,1,1,1,1,3,1,2,1,1,1
SF,IC2003,2020-01-03 09:39:27.400,5352.0000,54832,-1,993231840.000,1,0,1,双平,S,5351.6000,5350.8000,5350.4000,5349.8000,5349.6000,5352.6000,5352.8000,5353.0000,5354.0000,5355.0000,1,1,1,1,3,2,1,1,1,4
SF,IC2003,2020-01-03 09:39:27.900,5352.0000,54832,0,993231840.000,0,-,-,-,-,5351.6000,5350.8000,5350.4000,5349.8000,5349.6000,5352.6000,5352.8000,5353.0000,5354.0000,5355.0000,1,1,1,1,3,2,1,1,1,4
SF,IC2003,2020-01-03 09:39:29.900,5351.6000,54832,0,994302160.000,1,0,1,多换,S,5350.8000,5350.4000,5349.8000,5349.6000,5349.4000,5352.6000,5352.8000,5353.0000,5354.0000,5355.0000,1,1,1,3,2,2,1,1,1,4
SF,IC2003,2020-01-03 09:39:30.400,5351.6000,54832,0,994302160.000,0,-,-,-,-,5350.8000,5350.4000,5349.8000,5349.6000,5349.4000,5352.2000,5352.4000,5352.6000,5352.8000,5353.0000,1,1,1,3,2,2,2,2,1,1
SF,IC2003,2020-01-03 09:39:30.900,5352.4000,54832,0,996443040.000,2,1,1,多换,S,5350.4000,5349.8000,5349.6000,5349.4000,5349.2000,5352.6000,5352.8000,5353.0000,5354.0000,5355.0000,1,1,3,2,2,2,1,1,1,4
SF,IC2003,2020-01-03 09:39:31.400,5352.4000,54832,0,996443040.000,0,-,-,-,-,5350.6000,5350.4000,5349.8000,5349.6000,5349.4000,5352.2000,5352.4000,5352.6000,5352.8000,5353.0000,1,1,1,3,2,2,3,2,1,1
SF,IC2003,2020-01-03 09:39:31.900,5352.4000,54832,0,996443040.000,0,-,-,-,-,5350.6000,5350.4000,5349.8000,5349.6000,5349.4000,5352.4000,5352.6000,5352.8000,5353.0000,5354.0000,1,1,1,3,2,3,2,1,1,1
SF,IC2003,2020-01-03 09:39:32.400,5352.4000,54832,0,996443040.000,0,-,-,-,-,5350.6000,5350.4000,5349.8000,5349.6000,5349.4000,5352.0000,5352.4000,5352.6000,5352.8000,5353.0000,1,1,1,5,2,3,2,2,1,1
SF,IC2003,2020-01-03 09:39:32.900,5352.4000,54832,0,996443040.000,0,-,-,-,-,5350.6000,5350.4000,5349.8000,5349.6000,5349.4000,5351.8000,5352.0000,5352.4000,5352.6000,5352.8000,1,1,1,5,2,1,1,1,2,1
SF,IC2003,2020-01-03 09:39:33.400,5351.8000,54832,0,997513400.000,1,0,1,多换,S,5350.6000,5350.4000,5349.8000,5349.6000,5349.4000,5352.0000,5352.4000,5352.6000,5352.8000,5353.0000,1,1,1,5,2,1,1,2,1,1
SF,IC2003,2020-01-03 09:39:33.900,5351.8000,54832,0,997513400.000,0,-,-,-,-,5350.6000,5350.4000,5349.8000,5349.6000,5349.4000,5351.6000,5352.4000,5352.6000,5352.8000,5353.0000,1,1,1,5,2,1,1,2,1,2
SF,IC2003,2020-01-03 09:39:34.400,5351.8000,54832,0,997513400.000,0,-,-,-,-,5350.6000,5350.4000,5349.8000,5349.6000,5349.4000,5351.6000,5352.4000,5352.6000,5352.8000,5353.0000,1,1,1,5,2,1,1,2,1,2
SF,IC2003,2020-01-03 09:39:35.400,5351.6000,54831,-1,998583720.000,1,0,1,双平,S,5350.6000,5350.4000,5349.8000,5349.6000,5349.4000,5352.4000,5352.6000,5352.8000,5353.0000,5353.6000,1,1,1,5,2,1,2,1,2,1
SF,IC2003,2020-01-03 09:39:35.900,5351.6000,54831,0,998583720.000,0,-,-,-,-,5350.6000,5350.4000,5349.8000,5349.6000,5349.4000,5352.0000,5352.2000,5352.4000,5352.6000,5352.8000,1,1,1,5,2,2,1,1,2,1
SF,IC2003,2020-01-03 09:39:36.400,5351.6000,54831,0,998583720.000,0,-,-,-,-,5350.6000,5350.4000,5349.8000,5349.6000,5349.4000,5352.2000,5352.4000,5352.6000,5352.8000,5353.0000,1,1,1,5,2,1,1,2,1,2
SF,IC2003,2020-01-03 09:39:36.900,5351.6000,54831,0,998583720.000,0,-,-,-,-,5350.8000,5350.6000,5350.4000,5349.8000,5349.6000,5352.2000,5352.4000,5352.6000,5352.8000,5353.0000,1,1,1,1,5,1,1,2,1,2
SF,IC2003,2020-01-03 09:39:37.400,5351.6000,54831,0,998583720.000,0,-,-,-,-,5351.0000,5350.8000,5350.4000,5349.8000,5349.6000,5352.2000,5352.4000,5352.6000,5352.8000,5353.0000,1,1,1,1,5,3,1,2,1,2
SF,IC2003,2020-01-03 09:39:37.900,5351.6000,54831,0,998583720.000,0,-,-,-,-,5351.0000,5350.8000,5350.4000,5349.8000,5349.6000,5352.0000,5352.2000,5352.4000,5352.6000,5352.8000,1,1,1,1,5,1,3,1,2,1
SF,IC2003,2020-01-03 09:39:38.400,5350.8000,54831,0,1000724080.000,2,1,1,多换,S,5350.4000,5349.8000,5349.6000,5349.4000,5349.0000,5350.8000,5352.0000,5352.2000,5352.4000,5352.6000,1,1,5,2,16,1,1,3,1,2
SF,IC2003,2020-01-03 09:39:38.900,5350.8000,54830,-1,1001794240.000,1,0,1,双平,S,5350.8000,5350.4000,5349.8000,5349.6000,5349.4000,5352.0000,5352.2000,5352.4000,5352.6000,5352.8000,3,1,1,5,2,1,2,1,2,1
SF,IC2003,2020-01-03 09:39:39.400,5352.0000,54830,0,1002864640.000,1,0,1,多换,S,5352.2000,5351.0000,5350.8000,5350.4000,5349.8000,5352.6000,5352.8000,5353.0000,5353.6000,5354.0000,2,1,4,1,1,2,1,2,1,1
SF,IC2003,2020-01-03 09:39:39.900,5352.2000,54830,0,1003935080.000,1,0,1,多换,S,5352.2000,5351.0000,5350.8000,5350.4000,5349.8000,5352.6000,5352.8000,5353.0000,5353.6000,5354.0000,1,1,4,1,1,2,1,2,1,1
SF,IC2003,2020-01-03 09:39:41.900,5352.2000,54830,0,1003935080.000,0,-,-,-,-,5352.2000,5351.0000,5350.8000,5350.4000,5349.8000,5352.6000,5352.8000,5353.0000,5353.6000,5354.0000,1,1,4,1,1,2,2,2,1,1
SF,IC2003,2020-01-03 09:39:43.900,5352.2000,54830,0,1003935080.000,0,-,-,-,-,5352.2000,5351.0000,5350.8000,5350.6000,5350.4000,5352.6000,5352.8000,5353.0000,5353.6000,5354.0000,1,1,4,1,1,2,2,2,1,1
SF,IC2003,2020-01-03 09:39:44.400,5352.2000,54830,0,1005005520.000,1,0,1,多换,S,5351.0000,5350.8000,5350.6000,5350.4000,5349.8000,5352.6000,5352.8000,5353.0000,5353.6000,5354.0000,1,4,1,1,1,3,2,2,1,1
SF,IC2003,2020-01-03 09:39:44.900,5352.2000,54830,0,1005005520.000,0,-,-,-,-,5351.2000,5351.0000,5350.8000,5350.6000,5350.4000,5352.2000,5352.6000,5352.8000,5353.0000,5353.6000,2,1,3,1,1,4,3,2,2,1
SF,IC2003,2020-01-03 09:39:46.400,5352.2000,54830,0,1005005520.000,0,-,-,-,-,5351.0000,5350.8000,5350.6000,5350.4000,5349.8000,5352.2000,5352.6000,5352.8000,5353.0000,5353.6000,1,3,1,1,1,4,3,2,2,1
SF,IC2003,2020-01-03 09:39:46.900,5352.2000,54830,0,1005005520.000,0,-,-,-,-,5350.6000,5350.4000,5349.8000,5349.6000,5349.4000,5351.0000,5352.0000,5352.2000,5352.6000,5352.8000,1,1,1,5,2,1,3,4,3,2
SF,IC2003,2020-01-03 09:39:47.900,5352.2000,54830,0,1005005520.000,0,-,-,-,-,5350.6000,5350.4000,5349.8000,5349.6000,5349.4000,5350.8000,5351.0000,5352.0000,5352.2000,5352.6000,1,1,1,5,2,1,1,3,4,3
SF,IC2003,2020-01-03 09:39:48.400,5352.2000,54830,0,1005005520.000,0,-,-,-,-,5350.6000,5350.4000,5349.8000,5349.6000,5349.4000,5350.8000,5352.0000,5352.2000,5352.6000,5352.8000,1,1,1,5,2,1,3,4,3,2
SF,IC2003,2020-01-03 09:39:48.900,5350.6000,54829,-1,1006075640.000,1,0,1,双平,S,5350.4000,5349.8000,5349.6000,5349.4000,5349.0000,5350.8000,5352.0000,5352.2000,5352.6000,5352.8000,1,1,5,2,16,1,3,4,3,2
SF,IC2003,2020-01-03 09:39:50.400,5350.6000,54829,0,1006075640.000,0,-,-,-,-,5350.4000,5349.8000,5349.6000,5349.4000,5349.0000,5350.8000,5352.0000,5352.2000,5352.6000,5352.8000,1,1,5,2,16,1,3,4,3,2
SF,IC2003,2020-01-03 09:39:50.900,5350.6000,54829,0,1006075640.000,0,-,-,-,-,5350.4000,5349.8000,5349.6000,5349.4000,5349.0000,5350.8000,5352.0000,5352.2000,5352.6000,5352.8000,1,1,5,2,16,1,3,4,3,2
SF,IC2003,2020-01-03 09:39:51.400,5350.8000,54827,-2,1008215960.000,2,0,2,双平,S,5350.8000,5350.4000,5349.8000,5349.6000,5349.4000,5352.0000,5352.2000,5352.6000,5352.8000,5353.0000,3,1,1,5,2,2,4,3,2,2
SF,IC2003,2020-01-03 09:39:51.900,5350.8000,54824,-3,1011426440.000,3,0,3,双平,S,5350.4000,5349.8000,5349.6000,5349.4000,5349.0000,5350.6000,5350.8000,5351.8000,5352.0000,5352.2000,1,1,5,2,16,1,1,1,3,4
SF,IC2003,2020-01-03 09:39:52.400,5350.4000,54823,-1,1012496520.000,1,0,1,双平,S,5349.8000,5349.6000,5349.4000,5349.0000,5348.8000,5350.8000,5351.8000,5352.0000,5352.2000,5352.6000,1,5,2,16,1,1,1,2,5,3
SF,IC2003,2020-01-03 09:39:52.900,5350.4000,54823,0,1012496520.000,0,-,-,-,-,5349.8000,5349.6000,5349.4000,5349.0000,5348.8000,5350.8000,5351.8000,5352.0000,5352.2000,5352.6000,1,5,2,16,1,1,1,1,5,3
SF,IC2003,2020-01-03 09:39:53.400,5350.4000,54823,0,1012496520.000,0,-,-,-,-,5349.8000,5349.6000,5349.4000,5349.0000,5348.8000,5351.8000,5352.0000,5352.2000,5352.6000,5352.8000,1,5,2,16,1,1,1,5,3,2
SF,IC2003,2020-01-03 09:39:53.900,5350.4000,54823,0,1012496520.000,0,-,-,-,-,5349.8000,5349.6000,5349.4000,5349.0000,5348.8000,5351.6000,5351.8000,5352.2000,5352.6000,5352.8000,1,5,2,16,1,4,1,5,3,2
SF,IC2003,2020-01-03 09:39:54.400,5350.4000,54823,0,1012496520.000,0,-,-,-,-,5350.0000,5349.8000,5349.6000,5349.4000,5349.0000,5351.2000,5351.6000,5351.8000,5352.2000,5352.6000,1,1,5,2,16,2,2,1,5,3
SF,IC2003,2020-01-03 09:39:54.900,5350.4000,54823,0,1012496520.000,0,-,-,-,-,5350.0000,5349.8000,5349.6000,5349.4000,5349.0000,5351.6000,5351.8000,5352.2000,5352.6000,5352.8000,1,1,5,2,16,1,1,5,3,2
SF,IC2003,2020-01-03 09:39:56.900,5350.0000,54822,-1,1013566520.000,1,0,1,双平,S,5349.8000,5349.6000,5349.4000,5349.0000,5348.8000,5351.2000,5351.6000,5351.8000,5352.2000,5352.6000,1,5,2,16,1,2,1,1,5,3
SF,IC2003,2020-01-03 09:39:57.400,5350.0000,54822,0,1013566520.000,0,-,-,-,-,5349.8000,5349.6000,5349.4000,5349.0000,5348.8000,5351.0000,5351.2000,5351.8000,5352.2000,5352.6000,1,5,2,16,1,1,2,1,5,3
SF,IC2003,2020-01-03 09:39:57.900,5350.0000,54822,0,1013566520.000,0,-,-,-,-,5349.8000,5349.6000,5349.4000,5349.0000,5348.8000,5350.4000,5350.6000,5350.8000,5351.0000,5351.2000,1,5,2,16,1,1,1,1,3,2
SF,IC2003,2020-01-03 09:39:58.400,5349.8000,54821,-1,1014636480.000,1,0,1,双平,S,5349.6000,5349.4000,5349.0000,5348.8000,5348.6000,5350.2000,5350.4000,5350.6000,5350.8000,5351.0000,5,2,16,1,1,1,1,1,1,1
SF,IC2003,2020-01-03 09:39:58.900,5349.6000,54818,-3,1019986080.000,5,1,4,多平,S,5349.4000,5349.0000,5348.8000,5348.6000,5348.4000,5350.0000,5350.2000,5350.4000,5350.6000,5350.8000,2,16,1,1,1,1,1,1,1,1
SF,IC2003,2020-01-03 09:39:59.400,5349.6000,54818,0,1019986080.000,0,-,-,-,-,5349.4000,5349.0000,5348.8000,5348.6000,5348.4000,5350.2000,5350.4000,5350.6000,5350.8000,5351.0000,2,16,1,1,1,1,1,1,1,1
SF,IC2003,2020-01-03 09:39:59.900,5349.4000,54818,0,1022125840.000,2,1,1,多换,S,5349.0000,5348.6000,5348.4000,5348.2000,5348.0000,5350.2000,5350.4000,5350.6000,5350.8000,5351.0000,16,1,1,1,4,1,1,1,1,1
SF,IC2003,2020-01-03 09:40:00.400,5349.4000,54818,0,1022125840.000,0,-,-,-,-,5349.0000,5348.6000,5348.4000,5348.2000,5348.0000,5349.4000,5349.6000,5349.8000,5350.0000,5350.2000,16,1,1,1,4,2,1,1,1,3
SF,IC2003,2020-01-03 09:40:00.900,5349.4000,54818,0,1024265520.000,2,1,1,多换,S,5349.0000,5348.6000,5348.4000,5348.2000,5348.0000,5349.4000,5349.6000,5349.8000,5350.0000,5350.2000,15,1,1,1,4,2,1,1,1,3
SF,IC2003,2020-01-03 09:40:01.400,5349.4000,54818,0,1024265520.000,0,-,-,-,-,5349.0000,5348.6000,5348.4000,5348.2000,5348.0000,5349.4000,5349.6000,5349.8000,5350.0000,5350.2000,15,1,1,1,4,2,1,1,1,3
SF,IC2003,2020-01-03 09:40:01.900,5349.0000,54817,-1,1030684320.000,6,2,4,多平,S,5349.0000,5348.6000,5348.4000,5348.2000,5348.0000,5349.2000,5349.4000,5349.6000,5349.8000,5350.0000,9,1,1,1,4,1,2,1,1,1
SF,IC2003,2020-01-03 09:40:02.400,5349.0000,54817,0,1039242720.000,8,4,4,多换,S,5349.0000,5348.6000,5348.4000,5348.2000,5348.0000,5349.2000,5349.4000,5349.6000,5349.8000,5350.0000,1,1,1,1,4,1,2,1,1,1
SF,IC2003,2020-01-03 09:40:02.900,5348.6000,54816,-1,1041382240.000,2,0,2,多平,S,5348.4000,5348.2000,5348.0000,5346.8000,5346.6000,5349.0000,5349.4000,5349.6000,5349.8000,5350.0000,1,1,4,2,1,2,2,1,1,1
SF,IC2003,2020-01-03 09:40:03.400,5348.4000,54816,0,1042451920.000,1,0,1,多换,S,5349.0000,5348.2000,5348.0000,5346.8000,5346.6000,5349.4000,5349.6000,5349.8000,5350.0000,5350.2000,1,1,4,2,1,2,1,1,1,1
SF,IC2003,2020-01-03 09:40:03.900,5349.0000,54815,-1,1043521720.000,1,0,1,双平,S,5348.2000,5348.0000,5346.8000,5346.6000,5346.0000,5349.0000,5349.2000,5349.4000,5349.6000,5349.8000,1,4,2,1,5,4,1,2,1,1
SF,IC2003,2020-01-03 09:40:04.400,5349.0000,54814,-1,1044591520.000,1,0,1,双平,S,5348.2000,5348.0000,5346.8000,5346.6000,5346.0000,5349.0000,5349.2000,5349.4000,5349.6000,5349.8000,1,4,2,1,5,2,1,2,1,1
SF,IC2003,2020-01-03 09:40:04.900,5349.2000,54813,-1,1047800960.000,3,1,2,多平,S,5349.2000,5348.2000,5348.0000,5346.8000,5346.6000,5349.4000,5349.6000,5349.8000,5350.2000,5350.4000,1,1,4,2,1,2,1,1,1,1
SF,IC2003,2020-01-03 09:40:05.400,5349.4000,54811,-2,1049940720.000,2,0,2,双平,S,5349.4000,5348.2000,5348.0000,5346.8000,5346.6000,5349.6000,5349.8000,5350.2000,5350.4000,5350.8000,3,1,4,2,1,1,1,1,1,1
SF,IC2003,2020-01-03 09:40:05.900,5349.6000,54808,-3,1053150480.000,3,0,3,双平,S,5349.6000,5348.2000,5348.0000,5346.8000,5346.6000,5349.8000,5350.2000,5350.4000,5350.8000,5351.2000,2,1,4,2,1,1,1,1,1,1
SF,IC2003,2020-01-03 09:40:06.400,5349.8000,54807,-1,1054220440.000,1,0,1,双平,S,5349.8000,5349.6000,5348.2000,5348.0000,5346.8000,5350.2000,5350.4000,5350.8000,5351.2000,5352.2000,1,2,1,4,2,1,1,1,1,5
SF,IC2003,2020-01-03 09:40:06.900,5349.8000,54807,0,1054220440.000,0,-,-,-,-,5349.6000,5349.4000,5348.2000,5348.0000,5346.8000,5350.2000,5350.4000,5350.8000,5351.2000,5352.2000,2,5,1,4,2,1,2,1,1,5
SF,IC2003,2020-01-03 09:40:07.400,5350.2000,54807,0,1056360480.000,2,1,1,多换,S,5349.4000,5348.2000,5348.0000,5346.8000,5346.6000,5350.2000,5350.4000,5350.8000,5351.2000,5352.2000,5,1,4,2,1,1,4,1,1,5
SF,IC2003,2020-01-03 09:40:08.400,5350.2000,54807,0,1056360480.000,0,-,-,-,-,5349.4000,5348.6000,5348.2000,5348.0000,5346.8000,5350.2000,5350.4000,5350.8000,5351.2000,5352.2000,5,1,1,4,2,1,4,1,1,5
SF,IC2003,2020-01-03 09:40:09.900,5350.2000,54807,0,1056360480.000,0,-,-,-,-,5350.0000,5349.4000,5348.6000,5348.2000,5348.0000,5350.2000,5350.4000,5350.8000,5351.2000,5352.2000,2,5,1,1,4,1,4,1,1,5
SF,IC2003,2020-01-03 09:40:10.400,5350.2000,54807,0,1056360480.000,0,-,-,-,-,5350.0000,5349.4000,5348.6000,5348.2000,5348.0000,5350.2000,5350.4000,5350.8000,5351.2000,5352.2000,2,5,1,1,6,1,4,1,1,5
SF,IC2003,2020-01-03 09:40:12.400,5350.0000,54808,1,1058500480.000,2,1,1,空开,S,5349.4000,5348.6000,5348.2000,5348.0000,5346.8000,5350.0000,5350.2000,5350.4000,5350.8000,5351.2000,5,1,1,6,2,2,1,4,1,1
SF,IC2003,2020-01-03 09:40:12.900,5350.0000,54808,0,1058500480.000,0,-,-,-,-,5349.4000,5348.6000,5348.2000,5348.0000,5346.8000,5350.0000,5350.2000,5350.4000,5350.8000,5351.2000,5,1,1,6,2,2,2,4,1,1
SF,IC2003,2020-01-03 09:40:14.400,5350.0000,54808,0,1058500480.000,0,-,-,-,-,5349.4000,5348.6000,5348.2000,5348.0000,5346.8000,5350.0000,5350.2000,5350.4000,5350.8000,5351.2000,5,1,1,6,2,2,2,4,1,1
SF,IC2003,2020-01-03 09:40:14.900,5349.4000,54801,-7,1068129800.000,9,1,8,多平,S,5348.6000,5348.2000,5348.0000,5346.8000,5346.6000,5349.4000,5350.2000,5350.4000,5351.2000,5352.2000,1,1,6,2,1,4,2,4,1,5
SF,IC2003,2020-01-03 09:40:15.400,5349.4000,54797,-4,1072409320.000,4,0,4,双平,S,5349.0000,5348.8000,5348.6000,5348.2000,5348.0000,5350.2000,5350.4000,5351.2000,5352.2000,5352.6000,1,1,3,1,6,2,4,1,5,3
SF,IC2003,2020-01-03 09:40:15.900,5349.4000,54797,0,1072409320.000,0,-,-,-,-,5348.8000,5348.6000,5348.2000,5348.0000,5346.8000,5350.2000,5350.4000,5351.2000,5352.2000,5352.6000,1,3,1,6,2,2,4,1,5,3
SF,IC2003,2020-01-03 09:40:16.400,5349.4000,54797,0,1072409320.000,0,-,-,-,-,5348.8000,5348.6000,5348.2000,5348.0000,5346.8000,5350.2000,5350.4000,5351.2000,5352.2000,5352.6000,1,1,1,6,2,2,4,1,5,3
SF,IC2003,2020-01-03 09:40:16.900,5349.4000,54797,0,1072409320.000,0,-,-,-,-,5348.8000,5348.6000,5348.2000,5348.0000,5346.8000,5350.0000,5350.2000,5350.4000,5351.2000,5352.2000,1,1,1,6,2,3,2,4,1,5
SF,IC2003,2020-01-03 09:40:17.400,5350.0000,54797,0,1073479320.000,1,0,1,多换,S,5348.6000,5348.2000,5348.0000,5346.8000,5346.6000,5350.0000,5350.2000,5350.4000,5351.2000,5352.2000,1,1,6,2,1,2,2,4,1,5
SF,IC2003,2020-01-03 09:40:17.900,5350.0000,54797,0,1073479320.000,0,-,-,-,-,5349.2000,5349.0000,5348.6000,5348.2000,5348.0000,5349.8000,5350.0000,5350.2000,5350.4000,5351.2000,1,5,1,1,6,1,2,2,4,1
SF,IC2003,2020-01-03 09:40:18.400,5350.0000,54797,0,1073479320.000,0,-,-,-,-,5349.2000,5349.0000,5348.6000,5348.2000,5348.0000,5349.8000,5350.0000,5350.2000,5350.4000,5351.2000,1,5,1,1,6,1,2,2,3,1
SF,IC2003,2020-01-03 09:40:18.900,5350.0000,54797,0,1073479320.000,0,-,-,-,-,5349.0000,5348.6000,5348.2000,5348.0000,5346.8000,5350.0000,5350.2000,5350.4000,5351.2000,5352.2000,5,1,1,6,2,2,2,3,1,5
SF,IC2003,2020-01-03 09:40:19.400,5350.0000,54797,0,1073479320.000,0,-,-,-,-,5349.2000,5349.0000,5348.6000,5348.2000,5348.0000,5350.0000,5350.2000,5350.4000,5351.2000,5352.2000,1,5,1,1,6,2,2,3,1,5
SF,IC2003,2020-01-03 09:40:19.900,5350.0000,54797,0,1073479320.000,0,-,-,-,-,5349.2000,5349.0000,5348.6000,5348.2000,5348.0000,5350.2000,5350.4000,5351.2000,5352.2000,5352.6000,1,5,1,1,6,2,3,1,5,3
SF,IC2003,2020-01-03 09:40:21.900,5350.0000,54797,0,1073479320.000,0,-,-,-,-,5349.2000,5349.0000,5348.6000,5348.2000,5348.0000,5350.2000,5350.4000,5351.2000,5352.2000,5352.6000,3,5,1,1,6,2,3,1,5,3
SF,IC2003,2020-01-03 09:40:22.400,5350.0000,54797,0,1073479320.000,0,-,-,-,-,5349.2000,5349.0000,5348.6000,5348.2000,5348.0000,5350.2000,5350.4000,5352.2000,5352.6000,5352.8000,4,5,1,1,6,2,3,5,3,2
SF,IC2003,2020-01-03 09:40:23.400,5350.0000,54797,0,1073479320.000,0,-,-,-,-,5349.2000,5349.0000,5348.6000,5348.2000,5348.0000,5350.2000,5350.4000,5352.2000,5352.6000,5352.8000,4,5,2,1,6,2,3,5,3,2
SF,IC2003,2020-01-03 09:40:23.900,5350.0000,54797,0,1073479320.000,0,-,-,-,-,5349.4000,5349.2000,5349.0000,5348.6000,5348.2000,5350.2000,5350.4000,5352.2000,5352.6000,5352.8000,1,3,5,2,1,2,3,5,3,2
SF,IC2003,2020-01-03 09:40:24.400,5350.2000,54797,0,1075619400.000,2,1,1,多换,S,5350.2000,5349.4000,5349.2000,5349.0000,5348.6000,5350.4000,5352.2000,5352.6000,5352.8000,5353.0000,1,1,3,5,2,3,5,3,2,2
SF,IC2003,2020-01-03 09:40:24.900,5350.0000,54793,-4,1082039760.000,6,1,5,多平,S,5349.4000,5349.2000,5349.0000,5348.6000,5348.2000,5350.0000,5350.2000,5352.2000,5352.6000,5352.8000,1,3,5,2,1,1,1,5,3,2
SF,IC2003,2020-01-03 09:40:25.400,5349.6000,54792,-1,1083109680.000,1,0,1,双平,S,5349.4000,5349.2000,5349.0000,5348.6000,5348.2000,5352.2000,5352.6000,5352.8000,5353.0000,5353.6000,1,3,5,2,1,5,3,2,2,1
SF,IC2003,2020-01-03 09:40:25.900,5349.6000,54792,0,1083109680.000,0,-,-,-,-,5349.4000,5349.2000,5349.0000,5348.6000,5348.2000,5351.8000,5352.0000,5352.2000,5352.6000,5352.8000,1,3,5,2,1,4,2,5,3,2
SF,IC2003,2020-01-03 09:40:26.400,5349.2000,54792,0,1085249400.000,2,1,1,多换,S,5349.2000,5349.0000,5348.6000,5348.2000,5348.0000,5351.4000,5351.6000,5351.8000,5352.0000,5352.2000,2,5,2,1,6,2,1,2,1,5
SF,IC2003,2020-01-03 09:40:26.900,5349.2000,54792,0,1085249400.000,0,-,-,-,-,5349.2000,5349.0000,5348.6000,5348.2000,5348.0000,5351.0000,5351.2000,5351.8000,5352.2000,5352.6000,2,5,2,1,6,2,1,2,5,3
SF,IC2003,2020-01-03 09:40:27.400,5349.2000,54792,0,1085249400.000,0,-,-,-,-,5349.2000,5349.0000,5348.6000,5348.2000,5348.0000,5350.6000,5350.8000,5351.8000,5352.2000,5352.6000,2,5,2,1,6,2,1,2,5,3
SF,IC2003,2020-01-03 09:40:27.900,5350.4000,54791,-1,1086319480.000,1,0,1,双平,S,5349.2000,5349.0000,5348.6000,5348.2000,5348.0000,5350.4000,5351.8000,5352.2000,5352.6000,5352.8000,2,5,2,1,6,2,2,5,3,2
SF,IC2003,2020-01-03 09:40:28.400,5350.4000,54791,0,1086319480.000,0,-,-,-,-,5349.2000,5349.0000,5348.6000,5348.2000,5348.0000,5350.2000,5350.4000,5351.8000,5352.2000,5352.6000,2,5,2,1,6,1,2,2,5,3
SF,IC2003,2020-01-03 09:40:28.900,5349.2000,54791,0,1087389320.000,1,0,1,多换,S,5349.2000,5349.0000,5348.6000,5348.2000,5348.0000,5350.2000,5350.4000,5351.8000,5352.2000,5352.6000,1,5,2,1,6,1,2,2,5,3
SF,IC2003,2020-01-03 09:40:29.400,5349.2000,54791,0,1087389320.000,0,-,-,-,-,5349.2000,5349.0000,5348.6000,5348.2000,5348.0000,5350.0000,5350.2000,5350.4000,5351.8000,5352.2000,1,5,2,1,6,1,1,2,2,5
SF,IC2003,2020-01-03 09:40:29.900,5349.2000,54791,0,1089529120.000,2,1,1,多换,S,5349.0000,5348.6000,5348.2000,5348.0000,5346.8000,5350.0000,5350.2000,5350.4000,5351.8000,5352.2000,5,2,1,6,2,1,1,2,2,5
SF,IC2003,2020-01-03 09:40:30.400,5349.2000,54791,0,1089529120.000,0,-,-,-,-,5349.0000,5348.6000,5348.2000,5348.0000,5346.8000,5349.8000,5350.0000,5350.4000,5351.8000,5352.2000,5,2,1,6,2,1,1,2,2,5
SF,IC2003,2020-01-03 09:40:30.900,5349.2000,54791,0,1089529120.000,0,-,-,-,-,5349.0000,5348.6000,5348.2000,5348.0000,5346.8000,5349.8000,5350.0000,5351.8000,5352.2000,5352.6000,5,2,1,6,2,1,2,2,5,3
SF,IC2003,2020-01-03 09:40:31.400,5349.2000,54791,0,1089529120.000,0,-,-,-,-,5349.0000,5348.6000,5348.2000,5348.0000,5346.8000,5349.2000,5349.8000,5350.0000,5351.8000,5352.2000,5,2,1,6,2,1,1,3,2,5
SF,IC2003,2020-01-03 09:40:31.900,5349.0000,54790,-1,1090598920.000,1,0,1,双平,S,5349.0000,5348.6000,5348.2000,5348.0000,5346.8000,5349.2000,5349.4000,5349.8000,5350.0000,5351.8000,4,2,1,6,2,1,1,1,2,2
SF,IC2003,2020-01-03 09:40:32.400,5349.0000,54786,-4,1094878120.000,4,0,4,双平,S,5348.6000,5348.2000,5348.0000,5346.8000,5346.6000,5349.2000,5349.8000,5350.0000,5351.8000,5352.2000,2,1,6,2,1,1,1,2,2,5
SF,IC2003,2020-01-03 09:40:32.900,5348.6000,54785,-1,1095947840.000,1,0,1,双平,S,5348.6000,5348.2000,5348.0000,5346.8000,5346.6000,5349.0000,5349.2000,5349.8000,5350.0000,5351.8000,1,1,6,2,1,1,1,1,2,2
SF,IC2003,2020-01-03 09:40:33.400,5348.6000,54785,0,1097017560.000,1,0,1,多换,S,5348.2000,5348.0000,5346.8000,5346.6000,5346.0000,5349.0000,5349.2000,5349.8000,5350.0000,5351.8000,1,6,2,1,5,1,1,1,2,2
SF,IC2003,2020-01-03 09:40:33.900,5349.0000,54784,-1,1098087360.000,1,0,1,双平,S,5348.2000,5348.0000,5346.8000,5346.6000,5346.0000,5349.0000,5349.2000,5349.8000,5350.0000,5351.8000,1,6,2,1,5,1,1,1,2,2
SF,IC2003,2020-01-03 09:40:34.400,5349.0000,54783,-1,1099157160.000,1,0,1,双平,S,5349.0000,5348.2000,5348.0000,5346.8000,5346.6000,5349.2000,5349.8000,5350.0000,5351.8000,5352.2000,2,1,6,2,1,1,1,2,2,5
SF,IC2003,2020-01-03 09:40:34.900,5349.2000,54783,0,1100227000.000,1,0,1,多换,S,5349.0000,5348.2000,5348.0000,5346.8000,5346.6000,5350.0000,5351.8000,5352.2000,5352.6000,5352.8000,3,1,6,2,1,2,2,5,3,2
SF,IC2003,2020-01-03 09:40:35.400,5349.0000,54781,-2,1103436400.000,3,0,3,多平,S,5348.2000,5348.0000,5346.8000,5346.6000,5346.0000,5350.0000,5351.8000,5352.2000,5352.6000,5352.8000,1,6,2,1,5,2,2,5,3,2
SF,IC2003,2020-01-03 09:40:35.900,5349.6000,54780,-1,1104506320.000,1,0,1,双平,S,5348.4000,5348.2000,5348.0000,5346.8000,5346.6000,5349.0000,5349.8000,5350.0000,5351.8000,5352.2000,1,1,6,2,1,1,1,2,2,5
SF,IC2003,2020-01-03 09:40:36.400,5349.6000,54780,0,1104506320.000,0,-,-,-,-,5348.4000,5348.2000,5348.0000,5346.8000,5346.6000,5349.0000,5349.8000,5350.0000,5351.8000,5352.2000,2,1,6,2,1,1,1,2,2,5
SF,IC2003,2020-01-03 09:40:37.400,5349.6000,54780,0,1104506320.000,0,-,-,-,-,5348.4000,5348.2000,5348.0000,5346.8000,5346.6000,5349.0000,5349.8000,5350.0000,5351.8000,5352.2000,2,2,6,2,1,1,1,2,2,5
SF,IC2003,2020-01-03 09:40:37.900,5349.0000,54779,-1,1105576120.000,1,0,1,双平,S,5348.4000,5348.2000,5348.0000,5346.8000,5346.6000,5349.8000,5350.0000,5351.8000,5352.2000,5352.6000,2,2,6,2,1,1,2,2,5,3
SF,IC2003,2020-01-03 09:40:38.400,5348.4000,54778,-1,1106645800.000,1,0,1,双平,S,5348.4000,5348.2000,5348.0000,5346.8000,5346.6000,5349.8000,5350.0000,5351.8000,5352.2000,5352.6000,1,2,6,2,1,1,2,2,5,3
SF,IC2003,2020-01-03 09:40:38.900,5348.4000,54778,0,1106645800.000,0,-,-,-,-,5348.6000,5348.4000,5348.2000,5348.0000,5346.8000,5349.8000,5350.0000,5351.8000,5352.2000,5352.6000,1,1,2,6,2,1,2,2,5,3
SF,IC2003,2020-01-03 09:40:39.400,5348.4000,54777,-1,1107715480.000,1,0,1,双平,S,5348.4000,5348.2000,5348.0000,5346.8000,5346.6000,5349.8000,5350.0000,5351.8000,5352.2000,5352.6000,1,2,6,2,1,1,2,2,5,3
SF,IC2003,2020-01-03 09:40:39.900,5348.4000,54777,0,1107715480.000,0,-,-,-,-,5348.4000,5348.2000,5348.0000,5346.8000,5346.6000,5349.8000,5350.0000,5351.8000,5352.2000,5352.6000,2,2,6,2,1,1,2,2,5,3
SF,IC2003,2020-01-03 09:40:40.400,5348.4000,54777,0,1107715480.000,0,-,-,-,-,5348.6000,5348.4000,5348.2000,5348.0000,5346.8000,5349.6000,5349.8000,5350.0000,5351.8000,5352.2000,2,2,2,6,2,1,1,2,2,5
SF,IC2003,2020-01-03 09:40:40.900,5348.4000,54777,0,1107715480.000,0,-,-,-,-,5348.6000,5348.4000,5348.2000,5348.0000,5346.8000,5349.4000,5349.6000,5350.0000,5351.8000,5352.2000,2,2,2,6,2,1,2,2,2,5
SF,IC2003,2020-01-03 09:40:41.400,5348.4000,54777,0,1107715480.000,0,-,-,-,-,5348.4000,5348.2000,5348.0000,5346.8000,5346.6000,5349.4000,5349.6000,5350.0000,5351.8000,5352.2000,2,2,6,2,1,1,2,2,2,5
SF,IC2003,2020-01-03 09:40:41.900,5348.4000,54777,0,1107715480.000,0,-,-,-,-,5348.4000,5348.2000,5348.0000,5346.8000,5346.6000,5349.4000,5349.6000,5350.0000,5351.8000,5352.2000,2,2,6,2,1,1,1,2,2,5
SF,IC2003,2020-01-03 09:40:42.400,5349.2000,54777,0,1108785320.000,1,0,1,多换,S,5348.4000,5348.2000,5348.0000,5346.8000,5346.6000,5349.4000,5349.6000,5349.8000,5350.0000,5351.8000,2,2,6,2,1,1,1,1,2,2
SF,IC2003,2020-01-03 09:40:42.900,5349.2000,54777,0,1108785320.000,0,-,-,-,-,5348.4000,5348.2000,5348.0000,5346.8000,5346.6000,5348.6000,5349.2000,5349.4000,5349.6000,5349.8000,2,2,6,2,1,1,1,1,1,1
SF,IC2003,2020-01-03 09:40:43.400,5348.4000,54776,-1,1110924840.000,2,0,2,多平,S,5348.4000,5348.2000,5348.0000,5346.8000,5346.6000,5349.2000,5349.4000,5349.6000,5349.8000,5350.0000,1,2,6,2,1,1,1,1,1,2
SF,IC2003,2020-01-03 09:40:43.900,5348.4000,54776,0,1110924840.000,0,-,-,-,-,5348.6000,5348.4000,5348.2000,5348.0000,5346.8000,5349.2000,5349.4000,5349.6000,5349.8000,5350.0000,1,1,2,6,2,1,1,1,1,2
SF,IC2003,2020-01-03 09:40:44.400,5348.6000,54775,-1,1113064400.000,2,0,2,多平,S,5348.4000,5348.2000,5348.0000,5346.8000,5346.6000,5349.4000,5349.6000,5349.8000,5350.0000,5351.8000,1,2,6,2,1,1,1,1,2,1
SF,IC2003,2020-01-03 09:40:44.900,5348.6000,54775,0,1113064400.000,0,-,-,-,-,5349.2000,5348.4000,5348.2000,5348.0000,5346.8000,5349.4000,5349.6000,5349.8000,5350.0000,5351.8000,1,1,3,6,2,1,1,1,2,1
SF,IC2003,2020-01-03 09:40:45.400,5349.4000,54774,-1,1115204120.000,2,0,2,多平,S,5349.4000,5349.0000,5348.4000,5348.2000,5348.0000,5349.6000,5349.8000,5350.0000,5351.8000,5352.2000,1,1,1,3,6,1,1,2,1,4
SF,IC2003,2020-01-03 09:40:45.900,5349.0000,54773,-1,1117343800.000,2,0,2,多平,S,5348.4000,5348.2000,5348.0000,5346.8000,5346.6000,5349.4000,5349.6000,5349.8000,5350.0000,5352.2000,1,3,6,2,1,2,1,1,2,4
SF,IC2003,2020-01-03 09:40:46.400,5349.0000,54773,0,1117343800.000,0,-,-,-,-,5348.4000,5348.2000,5348.0000,5346.8000,5346.6000,5349.6000,5349.8000,5350.0000,5352.2000,5352.6000,1,3,6,2,1,1,1,2,4,3
SF,IC2003,2020-01-03 09:40:47.400,5349.0000,54773,0,1117343800.000,0,-,-,-,-,5348.4000,5348.2000,5348.0000,5346.8000,5346.6000,5349.6000,5349.8000,5350.0000,5352.2000,5352.6000,1,3,6,2,1,3,1,2,4,3
SF,IC2003,2020-01-03 09:40:47.900,5349.0000,54773,0,1117343800.000,0,-,-,-,-,5348.6000,5348.4000,5348.2000,5348.0000,5346.8000,5349.4000,5349.6000,5349.8000,5350.0000,5352.2000,1,1,3,6,2,1,1,1,2,4
SF,IC2003,2020-01-03 09:40:49.400,5348.6000,54772,-1,1118413520.000,1,0,1,双平,S,5348.4000,5348.2000,5348.0000,5346.8000,5346.6000,5349.4000,5349.6000,5349.8000,5350.0000,5352.2000,1,3,6,2,1,1,1,1,2,4
SF,IC2003,2020-01-03 09:40:49.900,5348.6000,54772,0,1118413520.000,0,-,-,-,-,5348.4000,5348.2000,5348.0000,5346.8000,5346.6000,5348.6000,5349.4000,5349.6000,5349.8000,5350.0000,1,3,6,2,1,1,1,1,1,2
SF,IC2003,2020-01-03 09:40:50.400,5348.6000,54772,0,1118413520.000,0,-,-,-,-,5348.4000,5348.2000,5348.0000,5346.8000,5346.6000,5348.6000,5349.4000,5349.6000,5349.8000,5350.0000,1,3,8,2,1,1,1,1,1,2
SF,IC2003,2020-01-03 09:40:50.900,5348.6000,54770,-2,1120552960.000,2,0,2,双平,S,5348.6000,5348.4000,5348.2000,5348.0000,5346.8000,5349.4000,5349.6000,5349.8000,5350.0000,5352.2000,1,1,3,8,2,1,1,1,2,4
SF,IC2003,2020-01-03 09:40:51.400,5348.4000,54770,0,1121622640.000,1,0,1,多换,S,5348.2000,5348.0000,5346.8000,5346.6000,5346.0000,5349.2000,5349.4000,5349.6000,5349.8000,5350.0000,3,8,2,1,6,1,1,1,1,2
SF,IC2003,2020-01-03 09:40:51.900,5348.4000,54770,0,1121622640.000,0,-,-,-,-,5348.2000,5348.0000,5346.8000,5346.6000,5346.0000,5349.0000,5349.2000,5349.4000,5349.6000,5349.8000,3,8,2,1,6,1,1,1,1,1
SF,IC2003,2020-01-03 09:40:52.400,5348.4000,54770,0,1121622640.000,0,-,-,-,-,5348.6000,5348.2000,5348.0000,5346.8000,5346.6000,5349.0000,5349.2000,5349.4000,5349.6000,5349.8000,3,3,8,2,1,1,1,1,1,1
SF,IC2003,2020-01-03 09:40:52.900,5348.4000,54770,0,1121622640.000,0,-,-,-,-,5348.6000,5348.2000,5348.0000,5346.8000,5346.6000,5349.0000,5349.4000,5349.6000,5349.8000,5350.0000,3,3,8,2,1,1,1,1,1,2
SF,IC2003,2020-01-03 09:40:53.400,5348.6000,54767,-3,1124831800.000,3,0,3,双平,S,5348.2000,5348.0000,5346.8000,5346.6000,5346.0000,5348.6000,5349.0000,5349.4000,5349.6000,5349.8000,3,8,2,1,6,5,1,1,1,1
SF,IC2003,2020-01-03 09:40:53.900,5348.6000,54767,0,1124831800.000,0,-,-,-,-,5348.2000,5348.0000,5346.8000,5346.6000,5346.0000,5348.6000,5349.0000,5349.4000,5349.6000,5349.8000,3,8,2,1,6,5,1,1,1,1
SF,IC2003,2020-01-03 09:40:54.400,5348.6000,54767,0,1124831800.000,0,-,-,-,-,5348.2000,5348.0000,5346.8000,5346.6000,5346.0000,5348.6000,5349.0000,5349.6000,5349.8000,5350.0000,3,8,2,1,6,6,1,1,1,2
SF,IC2003,2020-01-03 09:40:54.900,5348.6000,54767,0,1124831800.000,0,-,-,-,-,5348.2000,5348.0000,5346.8000,5346.6000,5346.0000,5348.4000,5348.6000,5348.8000,5349.0000,5349.6000,3,8,2,1,6,1,6,1,1,1
SF,IC2003,2020-01-03 09:40:55.400,5348.6000,54767,0,1124831800.000,0,-,-,-,-,5348.2000,5348.0000,5346.8000,5346.6000,5346.0000,5348.4000,5348.6000,5348.8000,5349.0000,5349.6000,3,8,2,1,6,1,7,1,1,1
SF,IC2003,2020-01-03 09:40:55.900,5348.0000,54766,-1,1129110320.000,4,1,3,多平,S,5348.0000,5346.8000,5346.6000,5346.0000,5345.8000,5348.2000,5348.4000,5348.6000,5348.8000,5349.0000,7,2,1,6,1,8,1,3,1,1
SF,IC2003,2020-01-03 09:40:56.400,5348.0000,54763,-3,1137667120.000,8,2,6,多平,S,5346.8000,5346.6000,5346.0000,5345.8000,5345.6000,5348.2000,5348.4000,5348.6000,5348.8000,5349.0000,2,1,6,1,1,6,1,3,1,1
SF,IC2003,2020-01-03 09:40:56.900,5348.0000,54763,0,1137667120.000,0,-,-,-,-,5346.8000,5346.6000,5346.0000,5345.8000,5345.6000,5348.0000,5348.2000,5348.6000,5348.8000,5349.0000,2,1,6,1,1,1,6,4,1,1
SF,IC2003,2020-01-03 09:40:57.400,5348.0000,54763,0,1137667120.000,0,-,-,-,-,5347.0000,5346.8000,5346.6000,5346.0000,5345.8000,5348.0000,5348.2000,5348.6000,5348.8000,5349.0000,1,2,1,6,1,4,6,4,1,1
SF,IC2003,2020-01-03 09:40:57.900,5348.0000,54761,-2,1141945520.000,4,1,3,多平,S,5347.0000,5346.8000,5346.6000,5346.0000,5345.8000,5348.2000,5348.6000,5348.8000,5349.0000,5349.8000,3,2,1,6,1,6,4,1,1,1
SF,IC2003,2020-01-03 09:40:58.400,5348.0000,54761,0,1141945520.000,0,-,-,-,-,5347.2000,5347.0000,5346.8000,5346.6000,5346.0000,5348.2000,5348.6000,5348.8000,5349.0000,5349.8000,2,3,2,1,6,6,4,1,1,1
SF,IC2003,2020-01-03 09:40:58.900,5348.2000,54760,-1,1143015160.000,1,0,1,双平,S,5347.6000,5347.4000,5347.2000,5347.0000,5346.8000,5348.2000,5348.6000,5348.8000,5349.0000,5349.8000,1,1,4,2,2,2,4,1,1,1
SF,IC2003,2020-01-03 09:40:59.400,5348.2000,54755,-5,1150501760.000,7,1,6,多平,S,5347.2000,5347.0000,5346.8000,5346.6000,5346.0000,5348.6000,5348.8000,5349.0000,5349.8000,5350.0000,1,2,2,1,6,4,1,1,1,2
SF,IC2003,2020-01-03 09:40:59.900,5348.2000,54755,0,1150501760.000,0,-,-,-,-,5347.2000,5346.8000,5346.6000,5346.0000,5345.8000,5347.6000,5348.4000,5348.6000,5348.8000,5349.0000,1,2,1,6,1,1,1,4,1,1
SF,IC2003,2020-01-03 09:41:00.400,5347.6000,54755,0,1151571280.000,1,0,1,多换,S,5347.6000,5347.2000,5346.8000,5346.6000,5346.0000,5348.0000,5348.4000,5348.6000,5348.8000,5349.0000,1,1,2,1,6,1,1,4,1,1
SF,IC2003,2020-01-03 09:41:00.900,5347.6000,54755,0,1151571280.000,0,-,-,-,-,5346.8000,5346.6000,5346.0000,5345.8000,5345.6000,5348.0000,5348.4000,5348.6000,5348.8000,5349.0000,2,1,6,1,1,1,1,4,1,1
SF,IC2003,2020-01-03 09:41:01.400,5347.6000,54755,0,1151571280.000,0,-,-,-,-,5346.8000,5346.6000,5346.0000,5345.8000,5345.6000,5348.0000,5348.4000,5348.6000,5348.8000,5349.0000,2,1,6,1,1,3,1,4,1,1
SF,IC2003,2020-01-03 09:41:01.900,5348.0000,54755,0,1153710480.000,2,1,1,多换,S,5346.8000,5346.6000,5346.0000,5345.8000,5345.6000,5348.0000,5348.4000,5348.6000,5348.8000,5349.0000,2,1,6,1,1,1,1,4,1,1
SF,IC2003,2020-01-03 09:41:02.400,5348.0000,54755,0,1153710480.000,0,-,-,-,-,5346.8000,5346.6000,5346.0000,5345.8000,5345.6000,5348.0000,5348.4000,5348.6000,5348.8000,5349.0000,2,1,6,1,1,2,1,4,1,1
SF,IC2003,2020-01-03 09:41:02.900,5348.0000,54755,0,1153710480.000,0,-,-,-,-,5346.8000,5346.6000,5346.0000,5345.8000,5345.6000,5347.8000,5348.0000,5348.6000,5348.8000,5349.0000,2,1,6,1,1,3,1,4,1,1
SF,IC2003,2020-01-03 09:41:03.400,5346.8000,54755,0,1154779840.000,1,0,1,多换,S,5346.8000,5346.6000,5346.0000,5345.8000,5345.6000,5347.8000,5348.0000,5348.6000,5348.8000,5349.0000,1,1,6,1,1,2,1,4,1,1
SF,IC2003,2020-01-03 09:41:03.900,5346.6000,54755,0,1156918520.000,2,1,1,多换,S,5346.8000,5346.0000,5345.8000,5345.6000,5345.4000,5347.6000,5347.8000,5348.0000,5348.6000,5348.8000,1,6,1,1,2,2,1,4,4,1
SF,IC2003,2020-01-03 09:41:04.400,5346.8000,54754,-1,1157987880.000,1,0,1,双平,S,5346.0000,5345.8000,5345.6000,5345.4000,5345.0000,5347.6000,5347.8000,5348.0000,5348.6000,5348.8000,6,1,1,2,3,2,1,3,4,1
SF,IC2003,2020-01-03 09:41:04.900,5346.8000,54754,0,1157987880.000,0,-,-,-,-,5346.2000,5346.0000,5345.8000,5345.6000,5345.0000,5347.4000,5347.6000,5347.8000,5348.0000,5348.6000,3,6,1,1,3,1,1,1,3,4
SF,IC2003,2020-01-03 09:41:05.900,5346.4000,54754,0,1159057160.000,1,0,1,多换,S,5346.0000,5345.8000,5345.6000,5345.0000,5344.4000,5347.4000,5347.6000,5348.0000,5348.6000,5348.8000,6,1,1,3,2,1,1,3,4,1
SF,IC2003,2020-01-03 09:41:06.400,5346.4000,54754,0,1159057160.000,0,-,-,-,-,5346.2000,5346.0000,5345.8000,5345.6000,5345.0000,5347.4000,5347.6000,5348.0000,5348.6000,5348.8000,3,6,1,1,3,1,1,3,4,1
SF,IC2003,2020-01-03 09:41:06.900,5346.4000,54754,0,1159057160.000,0,-,-,-,-,5346.2000,5346.0000,5345.8000,5345.6000,5345.0000,5347.4000,5347.6000,5348.0000,5348.6000,5348.8000,3,6,1,1,3,1,1,3,3,1
SF,IC2003,2020-01-03 09:41:07.400,5346.4000,54754,0,1159057160.000,0,-,-,-,-,5346.2000,5346.0000,5345.8000,5345.6000,5345.0000,5347.6000,5348.0000,5348.6000,5348.8000,5349.0000,3,6,1,1,3,1,3,3,1,1
SF,IC2003,2020-01-03 09:41:07.900,5346.4000,54754,0,1159057160.000,0,-,-,-,-,5346.0000,5345.8000,5345.6000,5345.0000,5344.4000,5347.6000,5348.0000,5348.6000,5348.8000,5349.0000,6,1,1,3,2,3,3,3,1,1
SF,IC2003,2020-01-03 09:41:08.400,5347.4000,54752,-2,1162265200.000,3,0,3,多平,S,5346.0000,5345.8000,5345.6000,5345.0000,5344.4000,5347.6000,5348.0000,5348.6000,5348.8000,5349.0000,6,1,1,3,2,2,3,3,1,1
SF,IC2003,2020-01-03 09:41:08.900,5346.2000,54750,-2,1164403680.000,2,0,2,双平,S,5346.2000,5346.0000,5345.8000,5345.6000,5345.0000,5347.6000,5348.0000,5348.6000,5348.8000,5349.0000,2,6,1,1,3,2,3,3,1,1
SF,IC2003,2020-01-03 09:41:09.400,5346.2000,54750,0,1164403680.000,0,-,-,-,-,5346.2000,5346.0000,5345.8000,5345.6000,5345.0000,5347.4000,5347.6000,5348.0000,5348.6000,5348.8000,2,6,1,1,3,1,1,3,3,1
SF,IC2003,2020-01-03 09:41:09.900,5346.2000,54750,0,1164403680.000,0,-,-,-,-,5346.0000,5345.8000,5345.6000,5345.0000,5344.4000,5347.2000,5347.4000,5348.0000,5348.6000,5348.8000,6,1,1,3,2,2,1,3,3,1
SF,IC2003,2020-01-03 09:41:10.400,5346.2000,54750,0,1164403680.000,0,-,-,-,-,5346.0000,5345.8000,5345.6000,5345.0000,5344.4000,5347.2000,5347.4000,5348.0000,5348.6000,5348.8000,6,1,1,3,2,2,1,3,3,1
SF,IC2003,2020-01-03 09:41:10.900,5346.2000,54750,0,1164403680.000,0,-,-,-,-,5346.0000,5345.8000,5345.6000,5345.0000,5344.4000,5347.2000,5347.4000,5348.0000,5348.6000,5348.8000,6,1,1,3,2,1,1,3,3,1
SF,IC2003,2020-01-03 09:41:11.400,5346.2000,54750,0,1164403680.000,0,-,-,-,-,5346.0000,5345.8000,5345.6000,5345.0000,5344.4000,5347.0000,5347.2000,5347.4000,5348.0000,5348.6000,6,1,1,3,2,1,1,1,3,3
SF,IC2003,2020-01-03 09:41:12.400,5346.2000,54750,0,1164403680.000,0,-,-,-,-,5346.0000,5345.8000,5345.6000,5345.0000,5344.4000,5347.0000,5347.2000,5348.0000,5348.6000,5348.8000,6,1,1,3,2,1,1,3,3,1
SF,IC2003,2020-01-03 09:41:12.900,5346.0000,54749,-1,1165472880.000,1,0,1,双平,S,5346.2000,5346.0000,5345.8000,5345.6000,5345.0000,5346.8000,5347.0000,5348.0000,5348.6000,5348.8000,1,5,1,1,3,1,1,3,3,1
SF,IC2003,2020-01-03 09:41:13.400,5346.0000,54745,-4,1170818920.000,5,0,5,多平,S,5346.0000,5345.8000,5345.6000,5345.0000,5344.4000,5346.2000,5347.0000,5348.6000,5348.8000,5349.0000,2,1,1,3,2,1,5,3,1,1
SF,IC2003,2020-01-03 09:41:13.900,5346.0000,54743,-2,1172957320.000,2,0,2,双平,S,5345.8000,5345.6000,5345.0000,5344.4000,5344.0000,5346.6000,5347.0000,5348.6000,5348.8000,5349.0000,1,1,3,2,1,1,4,3,1,1
SF,IC2003,2020-01-03 09:41:14.400,5345.8000,54743,0,1175095640.000,2,1,1,多换,S,5345.6000,5345.0000,5344.4000,5344.0000,5343.4000,5345.8000,5346.0000,5346.2000,5346.4000,5346.6000,1,3,2,1,1,1,1,2,1,1
SF,IC2003,2020-01-03 09:41:14.900,5345.6000,54742,-1,1176164760.000,1,0,1,双平,S,5345.0000,5344.4000,5344.0000,5343.4000,5343.2000,5345.6000,5346.0000,5346.2000,5346.4000,5346.6000,3,2,1,1,2,2,1,2,1,1
SF,IC2003,2020-01-03 09:41:15.400,5345.6000,54740,-2,1178303000.000,2,0,2,双平,S,5345.6000,5345.0000,5344.4000,5344.0000,5343.4000,5346.0000,5346.2000,5346.4000,5346.6000,5347.0000,4,3,2,1,1,2,2,1,1,4
SF,IC2003,2020-01-03 09:41:15.900,5346.0000,54738,-2,1185787400.000,7,2,5,多平,S,5345.0000,5344.4000,5344.0000,5343.4000,5343.2000,5345.6000,5346.2000,5346.4000,5347.0000,5348.6000,3,2,1,1,2,1,2,1,4,3
SF,IC2003,2020-01-03 09:41:16.400,5345.6000,54737,-1,1186856520.000,1,0,1,双平,S,5345.8000,5345.6000,5345.2000,5345.0000,5344.4000,5346.2000,5347.0000,5348.6000,5348.8000,5349.0000,7,4,1,3,2,2,4,3,1,1
SF,IC2003,2020-01-03 09:41:16.900,5347.0000,54735,-2,1191133800.000,4,1,3,多平,S,5346.2000,5346.0000,5345.8000,5345.6000,5345.0000,5347.0000,5348.6000,5348.8000,5349.0000,5349.4000,2,1,1,2,3,2,3,1,1,1
SF,IC2003,2020-01-03 09:41:17.400,5346.4000,54733,-2,1195411160.000,4,1,3,多平,S,5346.0000,5345.8000,5345.6000,5345.0000,5344.4000,5348.6000,5348.8000,5349.0000,5349.4000,5349.8000,1,1,1,3,2,3,1,1,1,1
SF,IC2003,2020-01-03 09:41:17.900,5346.2000,54731,-2,1197549680.000,2,0,2,双平,S,5346.2000,5346.0000,5345.6000,5345.0000,5344.4000,5348.4000,5348.6000,5348.8000,5349.0000,5349.4000,1,2,1,3,2,3,3,1,1,1
SF,IC2003,2020-01-03 09:41:18.400,5346.2000,54731,0,1197549680.000,0,-,-,-,-,5346.0000,5345.6000,5345.0000,5344.4000,5344.0000,5348.0000,5348.2000,5348.4000,5348.6000,5348.8000,2,2,3,2,1,2,1,3,3,1
SF,IC2003,2020-01-03 09:41:18.900,5346.0000,54732,1,1200757320.000,3,2,1,空开,S,5346.4000,5345.6000,5345.0000,5344.4000,5344.0000,5347.8000,5348.2000,5348.4000,5348.6000,5348.8000,1,2,3,2,1,2,2,1,3,1
SF,IC2003,2020-01-03 09:41:19.400,5346.0000,54732,0,1201826520.000,1,0,1,多换,S,5346.2000,5346.0000,5345.6000,5345.0000,5344.4000,5347.8000,5348.2000,5348.6000,5348.8000,5349.0000,1,2,2,3,2,2,2,3,1,1
SF,IC2003,2020-01-03 09:41:19.900,5346.0000,54732,0,1201826520.000,0,-,-,-,-,5346.4000,5346.2000,5346.0000,5345.6000,5345.0000,5347.8000,5348.2000,5348.6000,5348.8000,5349.0000,1,1,2,2,3,1,2,3,1,1
SF,IC2003,2020-01-03 09:41:20.400,5347.8000,54732,0,1203965280.000,2,1,1,多换,S,5346.2000,5346.0000,5345.6000,5345.0000,5344.4000,5348.2000,5348.6000,5348.8000,5349.0000,5349.4000,1,2,2,3,2,2,3,1,1,1
SF,IC2003,2020-01-03 09:41:20.900,5347.8000,54732,0,1203965280.000,0,-,-,-,-,5346.4000,5346.2000,5346.0000,5345.6000,5345.0000,5347.0000,5348.0000,5348.2000,5348.6000,5348.8000,1,1,2,2,3,1,1,1,3,1
SF,IC2003,2020-01-03 09:41:21.400,5347.8000,54732,0,1203965280.000,0,-,-,-,-,5346.4000,5346.2000,5346.0000,5345.6000,5345.0000,5347.0000,5348.0000,5348.2000,5348.6000,5348.8000,1,1,2,2,3,2,1,1,3,1
SF,IC2003,2020-01-03 09:41:21.900,5346.4000,54731,-1,1205034560.000,1,0,1,双平,S,5346.2000,5346.0000,5345.6000,5345.0000,5344.4000,5347.0000,5348.0000,5348.2000,5348.6000,5348.8000,1,2,2,3,2,2,1,1,3,1
SF,IC2003,2020-01-03 09:41:22.900,5346.4000,54731,0,1205034560.000,0,-,-,-,-,5346.2000,5346.0000,5345.6000,5345.0000,5344.4000,5347.0000,5348.0000,5348.2000,5348.6000,5348.8000,1,4,2,3,2,2,1,1,3,1
SF,IC2003,2020-01-03 09:41:23.400,5346.4000,54731,0,1205034560.000,0,-,-,-,-,5346.4000,5346.2000,5346.0000,5345.6000,5345.0000,5347.0000,5348.0000,5348.2000,5348.6000,5348.8000,2,1,4,2,3,2,1,1,3,1
SF,IC2003,2020-01-03 09:41:23.900,5347.0000,54731,0,1206103960.000,1,0,1,多换,S,5346.4000,5346.2000,5346.0000,5345.6000,5345.0000,5347.0000,5348.0000,5348.2000,5348.6000,5348.8000,2,1,4,2,3,1,1,1,3,1
SF,IC2003,2020-01-03 09:41:24.400,5347.0000,54731,0,1206103960.000,0,-,-,-,-,5346.4000,5346.2000,5346.0000,5345.6000,5345.0000,5347.0000,5348.0000,5348.2000,5348.6000,5348.8000,2,1,4,1,3,1,1,1,3,1
SF,IC2003,2020-01-03 09:41:24.900,5346.4000,54728,-3,1209311840.000,3,0,3,双平,S,5346.2000,5346.0000,5345.6000,5345.2000,5345.0000,5347.0000,5348.0000,5348.2000,5348.6000,5348.8000,2,4,1,1,3,1,1,1,3,1
SF,IC2003,2020-01-03 09:41:25.900,5348.0000,54727,-1,1211450840.000,2,0,2,多平,S,5347.0000,5346.8000,5346.2000,5346.0000,5345.6000,5348.2000,5348.6000,5348.8000,5349.0000,5349.4000,2,2,1,4,1,1,3,1,1,1
SF,IC2003,2020-01-03 09:41:26.400,5347.0000,54725,-2,1213589640.000,2,0,2,双平,S,5346.2000,5346.0000,5345.6000,5345.2000,5345.0000,5348.2000,5348.6000,5348.8000,5349.0000,5349.4000,1,4,1,1,3,1,3,1,1,1
SF,IC2003,2020-01-03 09:41:26.900,5347.0000,54725,0,1213589640.000,0,-,-,-,-,5346.4000,5346.2000,5346.0000,5345.6000,5345.2000,5348.0000,5348.2000,5348.6000,5348.8000,5349.0000,1,1,4,1,1,4,1,3,1,1
SF,IC2003,2020-01-03 09:41:27.400,5347.0000,54725,0,1213589640.000,0,-,-,-,-,5347.0000,5346.2000,5346.0000,5345.6000,5345.2000,5348.0000,5348.2000,5348.6000,5348.8000,5349.0000,2,1,4,1,1,2,2,3,1,1
SF,IC2003,2020-01-03 09:41:27.900,5347.0000,54723,-2,1215728440.000,2,0,2,双平,S,5346.2000,5346.0000,5345.6000,5345.2000,5345.0000,5346.8000,5347.0000,5347.6000,5347.8000,5348.0000,1,4,1,1,4,1,5,1,1,2
SF,IC2003,2020-01-03 09:41:28.400,5346.8000,54719,-4,1220005920.000,4,0,4,双平,S,5346.4000,5346.2000,5346.0000,5345.6000,5345.2000,5347.0000,5347.8000,5348.0000,5348.2000,5348.6000,1,1,4,1,1,1,1,1,1,3
SF,IC2003,2020-01-03 09:41:28.900,5347.0000,54718,-1,1221075320.000,1,0,1,双平,S,5347.0000,5346.2000,5346.0000,5345.6000,5345.2000,5347.8000,5348.0000,5348.2000,5348.6000,5348.8000,1,1,4,1,1,1,1,1,3,1
SF,IC2003,2020-01-03 09:41:29.400,5347.0000,54717,-1,1222144720.000,1,0,1,双平,S,5347.0000,5346.2000,5346.0000,5345.6000,5345.2000,5347.8000,5348.0000,5348.2000,5348.6000,5348.8000,1,1,4,1,1,1,1,1,3,1
SF,IC2003,2020-01-03 09:41:29.900,5347.0000,54717,0,1223214120.000,1,0,1,多换,S,5346.2000,5346.0000,5345.6000,5345.2000,5345.0000,5347.6000,5347.8000,5348.2000,5348.6000,5348.8000,1,4,1,1,4,1,1,1,3,1
SF,IC2003,2020-01-03 09:41:30.900,5347.0000,54717,0,1223214120.000,0,-,-,-,-,5346.2000,5346.0000,5345.6000,5345.2000,5345.0000,5347.6000,5348.2000,5348.6000,5348.8000,5349.0000,1,4,1,1,4,1,1,3,1,1
SF,IC2003,2020-01-03 09:41:31.400,5346.4000,54718,1,1225353040.000,2,1,1,空开,S,5347.0000,5346.4000,5346.2000,5346.0000,5345.6000,5348.6000,5348.8000,5349.0000,5349.4000,5350.0000,1,1,1,4,1,3,1,1,1,3
SF,IC2003,2020-01-03 09:41:31.900,5346.4000,54718,0,1225353040.000,0,-,-,-,-,5347.0000,5346.4000,5346.2000,5346.0000,5345.6000,5348.0000,5348.2000,5348.4000,5348.6000,5348.8000,1,1,1,4,1,1,3,1,3,1
SF,IC2003,2020-01-03 09:41:32.400,5347.0000,54717,-1,1226422440.000,1,0,1,双平,S,5346.4000,5346.2000,5346.0000,5345.6000,5345.2000,5348.0000,5348.4000,5348.6000,5348.8000,5349.0000,1,1,4,1,1,1,1,3,1,1
SF,IC2003,2020-01-03 09:41:33.400,5347.0000,54717,0,1226422440.000,0,-,-,-,-,5346.6000,5346.4000,5346.2000,5346.0000,5345.6000,5348.0000,5348.4000,5348.6000,5348.8000,5349.0000,1,1,1,4,1,1,1,3,1,1
SF,IC2003,2020-01-03 09:41:33.900,5347.0000,54717,0,1226422440.000,0,-,-,-,-,5346.8000,5346.6000,5346.2000,5346.0000,5345.6000,5348.0000,5348.6000,5348.8000,5349.0000,5349.4000,2,1,1,4,1,2,3,1,1,1
SF,IC2003,2020-01-03 09:41:34.900,5347.0000,54717,0,1226422440.000,0,-,-,-,-,5346.8000,5346.6000,5346.2000,5346.0000,5345.6000,5348.0000,5348.6000,5348.8000,5349.0000,5349.4000,2,1,1,4,1,2,3,1,1,1
SF,IC2003,2020-01-03 09:41:35.400,5347.0000,54717,0,1226422440.000,0,-,-,-,-,5346.8000,5346.6000,5346.2000,5346.0000,5345.6000,5348.0000,5348.6000,5348.8000,5349.0000,5349.4000,2,1,1,4,1,2,3,1,1,1
SF,IC2003,2020-01-03 09:41:35.900,5346.8000,54716,-1,1227491800.000,1,0,1,双平,S,5346.8000,5346.2000,5346.0000,5345.6000,5345.2000,5348.0000,5348.6000,5348.8000,5349.0000,5349.4000,1,1,4,1,1,2,3,1,1,1
SF,IC2003,2020-01-03 09:41:36.400,5346.8000,54716,0,1227491800.000,0,-,-,-,-,5346.8000,5346.2000,5346.0000,5345.6000,5345.2000,5348.0000,5348.6000,5348.8000,5349.0000,5349.4000,1,1,4,1,1,2,3,2,1,1
SF,IC2003,2020-01-03 09:41:36.900,5346.8000,54716,0,1227491800.000,0,-,-,-,-,5346.8000,5346.2000,5346.0000,5345.6000,5345.2000,5348.0000,5348.6000,5348.8000,5349.0000,5349.4000,1,1,4,1,1,1,3,2,1,1
SF,IC2003,2020-01-03 09:41:37.400,5346.8000,54716,0,1227491800.000,0,-,-,-,-,5346.8000,5346.2000,5346.0000,5345.6000,5345.2000,5347.8000,5348.0000,5348.6000,5348.8000,5349.0000,1,1,4,1,1,1,1,3,2,1
SF,IC2003,2020-01-03 09:41:38.400,5348.0000,54714,-2,1229630960.000,2,0,2,双平,S,5348.0000,5346.8000,5346.2000,5346.0000,5345.6000,5348.6000,5348.8000,5349.0000,5349.4000,5350.0000,2,1,1,4,1,3,2,1,1,3
SF,IC2003,2020-01-03 09:41:38.900,5348.0000,54711,-3,1232839760.000,3,0,3,双平,S,5346.2000,5346.0000,5345.6000,5345.2000,5345.0000,5348.0000,5348.6000,5348.8000,5349.0000,5349.4000,1,4,1,1,5,2,3,2,1,1
SF,IC2003,2020-01-03 09:41:39.400,5348.0000,54711,0,1232839760.000,0,-,-,-,-,5346.4000,5346.2000,5346.0000,5345.6000,5345.2000,5348.0000,5348.6000,5348.8000,5349.0000,5349.4000,2,1,4,1,1,1,3,2,1,1
SF,IC2003,2020-01-03 09:41:40.400,5348.0000,54711,0,1232839760.000,0,-,-,-,-,5346.4000,5346.2000,5346.0000,5345.6000,5345.2000,5348.0000,5348.6000,5348.8000,5349.0000,5349.4000,2,1,4,1,1,1,3,2,1,1
SF,IC2003,2020-01-03 09:41:40.900,5348.0000,54711,0,1232839760.000,0,-,-,-,-,5346.4000,5346.2000,5346.0000,5345.6000,5345.2000,5348.0000,5348.6000,5348.8000,5349.0000,5349.4000,1,1,4,1,1,1,3,2,1,1
SF,IC2003,2020-01-03 09:41:41.400,5348.0000,54710,-1,1233909360.000,1,0,1,双平,S,5346.6000,5346.4000,5346.2000,5346.0000,5345.6000,5348.0000,5348.6000,5348.8000,5349.0000,5349.4000,1,1,1,4,1,1,3,2,1,1
SF,IC2003,2020-01-03 09:41:41.900,5348.0000,54709,-1,1234978960.000,1,0,1,双平,S,5346.8000,5346.6000,5346.2000,5346.0000,5345.6000,5348.6000,5348.8000,5349.0000,5349.4000,5350.0000,1,2,1,4,1,3,2,1,1,3
SF,IC2003,2020-01-03 09:41:42.400,5348.0000,54709,0,1234978960.000,0,-,-,-,-,5346.8000,5346.6000,5346.2000,5346.0000,5345.6000,5348.4000,5348.6000,5348.8000,5349.0000,5349.4000,3,2,1,4,1,2,3,2,1,1
SF,IC2003,2020-01-03 09:41:42.900,5348.0000,54709,0,1234978960.000,0,-,-,-,-,5346.8000,5346.6000,5346.2000,5346.0000,5345.6000,5348.4000,5348.6000,5348.8000,5349.0000,5349.4000,3,2,1,4,1,1,3,2,1,1
SF,IC2003,2020-01-03 09:41:43.400,5348.0000,54709,0,1234978960.000,0,-,-,-,-,5347.0000,5346.8000,5346.6000,5346.2000,5346.0000,5348.6000,5348.8000,5349.0000,5349.4000,5350.0000,2,4,2,1,4,3,2,1,1,3
SF,IC2003,2020-01-03 09:41:43.900,5348.0000,54709,0,1234978960.000,0,-,-,-,-,5347.2000,5347.0000,5346.8000,5346.6000,5346.2000,5348.6000,5348.8000,5349.0000,5349.4000,5350.0000,2,2,3,2,1,3,2,1,1,3
SF,IC2003,2020-01-03 09:41:44.400,5348.0000,54709,0,1234978960.000,0,-,-,-,-,5348.0000,5347.2000,5347.0000,5346.8000,5346.6000,5348.6000,5348.8000,5349.0000,5349.4000,5350.0000,1,2,2,3,2,3,2,1,1,3
SF,IC2003,2020-01-03 09:41:44.900,5348.6000,54709,0,1236048680.000,1,0,1,多换,S,5348.2000,5348.0000,5347.2000,5347.0000,5346.8000,5348.6000,5348.8000,5349.0000,5349.4000,5350.0000,1,1,2,2,3,2,2,1,1,3
SF,IC2003,2020-01-03 09:41:45.400,5348.6000,54707,-2,1238188120.000,2,0,2,双平,S,5348.6000,5348.2000,5348.0000,5347.2000,5347.0000,5348.8000,5349.4000,5350.0000,5351.8000,5352.6000,4,1,1,2,2,2,1,3,1,2
SF,IC2003,2020-01-03 09:41:45.900,5348.6000,54707,0,1238188120.000,0,-,-,-,-,5348.6000,5348.2000,5348.0000,5347.2000,5346.8000,5348.8000,5350.0000,5351.8000,5352.6000,5352.8000,2,1,1,2,3,2,3,1,2,2
SF,IC2003,2020-01-03 09:41:46.400,5348.6000,54706,-1,1239257840.000,1,0,1,双平,S,5348.6000,5348.2000,5348.0000,5347.2000,5346.8000,5348.8000,5350.0000,5351.8000,5352.6000,5352.8000,1,1,1,2,3,2,3,1,2,2
SF,IC2003,2020-01-03 09:41:46.900,5348.6000,54703,-3,1242467000.000,3,0,3,双平,S,5348.2000,5348.0000,5347.2000,5346.8000,5346.6000,5348.6000,5348.8000,5350.0000,5351.8000,5352.6000,1,1,2,3,1,1,2,3,1,2
SF,IC2003,2020-01-03 09:41:47.900,5348.0000,54701,-2,1244606240.000,2,0,2,双平,S,5347.2000,5346.8000,5346.6000,5346.2000,5346.0000,5348.0000,5348.6000,5348.8000,5350.0000,5351.8000,2,3,1,1,4,1,1,2,3,1
SF,IC2003,2020-01-03 09:41:48.400,5348.0000,54702,1,1245675840.000,1,1,0,双开,S,5346.8000,5346.6000,5346.2000,5346.0000,5345.6000,5348.6000,5348.8000,5350.0000,5351.8000,5352.6000,3,1,1,4,1,1,2,3,1,2
SF,IC2003,2020-01-03 09:41:48.900,5348.0000,54702,0,1245675840.000,0,-,-,-,-,5347.0000,5346.8000,5346.6000,5346.2000,5346.0000,5348.2000,5348.4000,5348.6000,5348.8000,5350.0000,2,3,1,1,4,2,1,1,2,3
SF,IC2003,2020-01-03 09:41:49.400,5348.0000,54702,0,1245675840.000,0,-,-,-,-,5347.2000,5347.0000,5346.8000,5346.6000,5346.2000,5348.4000,5348.6000,5348.8000,5350.0000,5351.8000,2,2,3,1,1,1,1,2,3,1
SF,IC2003,2020-01-03 09:41:49.900,5348.0000,54702,0,1245675840.000,0,-,-,-,-,5347.2000,5346.8000,5346.6000,5346.2000,5346.0000,5348.4000,5348.6000,5348.8000,5350.0000,5351.8000,2,3,1,1,4,1,1,2,3,1
SF,IC2003,2020-01-03 09:41:50.400,5348.0000,54702,0,1245675840.000,0,-,-,-,-,5346.8000,5346.6000,5346.2000,5346.0000,5345.6000,5348.4000,5348.6000,5348.8000,5350.0000,5351.8000,3,1,1,4,1,1,1,2,3,1
SF,IC2003,2020-01-03 09:41:50.900,5348.6000,54700,-2,1247815240.000,2,0,2,双平,S,5346.8000,5346.6000,5346.2000,5346.0000,5345.6000,5348.8000,5350.0000,5351.8000,5352.6000,5352.8000,3,1,1,4,1,2,3,1,2,2
SF,IC2003,2020-01-03 09:41:51.400,5348.6000,54700,0,1247815240.000,0,-,-,-,-,5347.0000,5346.8000,5346.6000,5346.2000,5346.0000,5348.4000,5348.6000,5348.8000,5350.0000,5351.8000,3,3,1,1,4,2,3,2,3,1
SF,IC2003,2020-01-03 09:41:51.900,5348.6000,54700,0,1247815240.000,0,-,-,-,-,5347.0000,5346.8000,5346.6000,5346.2000,5346.0000,5348.4000,5348.8000,5350.0000,5351.8000,5352.6000,3,3,1,1,4,2,2,3,1,2
SF,IC2003,2020-01-03 09:41:52.400,5348.4000,54699,-1,1248884920.000,1,0,1,双平,S,5347.0000,5346.8000,5346.6000,5346.2000,5346.0000,5348.4000,5348.8000,5350.0000,5351.8000,5352.6000,3,3,1,1,4,1,2,3,1,2
SF,IC2003,2020-01-03 09:41:52.900,5348.4000,54699,0,1248884920.000,0,-,-,-,-,5347.2000,5347.0000,5346.8000,5346.6000,5346.2000,5348.4000,5348.8000,5350.0000,5351.8000,5352.6000,2,3,3,1,1,1,2,3,1,2
SF,IC2003,2020-01-03 09:41:53.400,5348.4000,54699,0,1248884920.000,0,-,-,-,-,5347.2000,5347.0000,5346.8000,5346.6000,5346.2000,5348.4000,5348.8000,5350.0000,5351.8000,5352.6000,1,3,3,1,1,1,3,3,1,2
SF,IC2003,2020-01-03 09:41:53.900,5348.4000,54699,0,1248884920.000,0,-,-,-,-,5347.2000,5347.0000,5346.8000,5346.6000,5346.2000,5348.4000,5348.8000,5350.0000,5351.8000,5352.6000,1,3,3,1,1,2,3,3,1,2
SF,IC2003,2020-01-03 09:41:54.400,5348.4000,54699,0,1248884920.000,0,-,-,-,-,5347.4000,5347.2000,5347.0000,5346.8000,5346.6000,5348.4000,5348.8000,5350.0000,5351.8000,5352.6000,1,1,2,3,1,1,3,3,1,2
SF,IC2003,2020-01-03 09:41:54.900,5348.4000,54699,0,1248884920.000,0,-,-,-,-,5347.4000,5346.8000,5346.6000,5346.2000,5346.0000,5348.4000,5348.8000,5350.0000,5351.8000,5352.6000,1,3,1,1,4,1,3,3,1,2
SF,IC2003,2020-01-03 09:41:55.400,5348.4000,54699,0,1249954600.000,1,0,1,多换,S,5348.4000,5347.4000,5346.8000,5346.6000,5346.2000,5348.8000,5350.0000,5351.8000,5352.6000,5352.8000,1,1,3,1,1,3,3,1,2,2
SF,IC2003,2020-01-03 09:41:55.900,5348.4000,54699,0,1251024280.000,1,0,1,多换,S,5347.4000,5346.8000,5346.6000,5346.2000,5346.0000,5348.8000,5350.0000,5351.8000,5352.6000,5352.8000,1,3,1,1,4,3,3,1,2,2
SF,IC2003,2020-01-03 09:41:56.400,5348.4000,54699,0,1251024280.000,0,-,-,-,-,5347.4000,5346.8000,5346.6000,5346.2000,5346.0000,5348.8000,5350.0000,5351.8000,5352.6000,5352.8000,1,3,1,1,4,3,3,1,2,2
SF,IC2003,2020-01-03 09:41:56.900,5348.4000,54702,3,1254233320.000,3,3,0,双开,S,5347.4000,5346.8000,5346.6000,5346.2000,5346.0000,5348.4000,5348.6000,5348.8000,5350.0000,5351.8000,1,3,1,1,4,2,1,3,3,1
SF,IC2003,2020-01-03 09:41:57.400,5348.4000,54702,0,1254233320.000,0,-,-,-,-,5347.4000,5346.8000,5346.6000,5346.2000,5346.0000,5348.8000,5350.0000,5351.8000,5352.6000,5352.8000,1,3,1,1,4,3,3,1,2,2
SF,IC2003,2020-01-03 09:41:57.900,5348.4000,54702,0,1254233320.000,0,-,-,-,-,5347.4000,5347.0000,5346.8000,5346.6000,5346.2000,5348.6000,5348.8000,5350.0000,5351.8000,5352.6000,1,1,3,1,1,2,3,3,1,2
SF,IC2003,2020-01-03 09:41:58.400,5348.6000,54702,0,1255303040.000,1,0,1,多换,S,5347.4000,5347.0000,5346.8000,5346.6000,5346.2000,5348.6000,5348.8000,5350.0000,5351.8000,5352.6000,1,1,3,1,1,1,3,3,1,2
SF,IC2003,2020-01-03 09:41:58.900,5348.6000,54702,0,1255303040.000,0,-,-,-,-,5347.4000,5347.0000,5346.8000,5346.6000,5346.2000,5348.6000,5348.8000,5350.0000,5351.8000,5352.6000,2,1,3,1,1,1,3,3,1,2
SF,IC2003,2020-01-03 09:41:59.400,5348.6000,54703,1,1256372760.000,1,1,0,双开,S,5347.4000,5347.0000,5346.8000,5346.6000,5346.2000,5348.8000,5350.0000,5351.8000,5352.6000,5352.8000,2,1,3,1,1,3,3,1,2,2
SF,IC2003,2020-01-03 09:41:59.900,5347.4000,54703,0,1257442240.000,1,0,1,多换,S,5347.4000,5347.0000,5346.8000,5346.6000,5346.2000,5348.8000,5350.0000,5351.8000,5352.6000,5352.8000,1,1,3,1,1,3,3,1,2,2
SF,IC2003,2020-01-03 09:42:00.400,5347.4000,54703,0,1257442240.000,0,-,-,-,-,5347.4000,5347.0000,5346.8000,5346.6000,5346.2000,5348.6000,5348.8000,5349.4000,5350.0000,5351.8000,1,1,3,1,1,1,3,1,3,1
SF,IC2003,2020-01-03 09:42:00.900,5348.6000,54703,0,1258511960.000,1,0,1,多换,S,5348.6000,5347.4000,5347.0000,5346.8000,5346.6000,5348.8000,5349.4000,5350.0000,5351.8000,5352.6000,2,1,1,3,1,3,1,3,1,2
SF,IC2003,2020-01-03 09:42:01.400,5347.4000,54703,0,1261720880.000,3,1,2,多换,S,5347.0000,5346.8000,5346.6000,5346.2000,5346.0000,5347.4000,5348.2000,5348.4000,5348.6000,5348.8000,1,3,1,1,4,1,2,3,8,3
SF,IC2003,2020-01-03 09:42:01.900,5347.4000,54703,0,1261720880.000,0,-,-,-,-,5347.0000,5346.8000,5346.6000,5346.2000,5346.0000,5347.4000,5348.2000,5348.4000,5348.6000,5348.8000,1,3,1,1,4,1,2,2,4,3
SF,IC2003,2020-01-03 09:42:02.400,5348.2000,54702,-1,1263860000.000,2,0,2,多平,S,5347.6000,5347.4000,5347.0000,5346.8000,5346.6000,5348.2000,5348.4000,5348.6000,5348.8000,5349.4000,1,2,1,3,1,1,2,2,3,1
SF,IC2003,2020-01-03 09:42:02.900,5348.2000,54702,0,1264929640.000,1,0,1,多换,S,5348.2000,5347.0000,5346.8000,5346.6000,5346.2000,5348.6000,5348.8000,5349.4000,5350.0000,5351.8000,3,1,3,1,1,2,3,1,3,1
SF,IC2003,2020-01-03 09:42:03.400,5348.8000,54698,-4,1270278360.000,5,0,5,多平,S,5348.8000,5348.6000,5348.2000,5347.0000,5346.8000,5349.4000,5350.0000,5351.8000,5352.6000,5352.8000,3,1,1,1,3,1,3,1,2,2
SF,IC2003,2020-01-03 09:42:03.900,5348.8000,54698,0,1270278360.000,0,-,-,-,-,5348.8000,5348.6000,5348.2000,5347.0000,5346.8000,5349.4000,5350.0000,5351.8000,5352.6000,5352.8000,3,1,4,1,3,1,3,1,2,2
SF,IC2003,2020-01-03 09:42:04.400,5349.4000,54698,0,1272418080.000,2,1,1,多换,S,5348.8000,5348.6000,5348.2000,5347.0000,5346.8000,5350.0000,5351.8000,5352.6000,5352.8000,5353.0000,3,2,3,1,3,3,1,2,2,2
SF,IC2003,2020-01-03 09:42:04.900,5348.8000,54697,-1,1273487840.000,1,0,1,双平,S,5348.8000,5348.6000,5348.2000,5347.0000,5346.8000,5350.0000,5351.8000,5352.6000,5352.8000,5353.0000,2,2,3,1,3,3,1,2,2,2
SF,IC2003,2020-01-03 09:42:05.400,5349.6000,54696,-1,1276697280.000,3,1,2,多平,S,5349.4000,5348.6000,5348.2000,5347.0000,5346.8000,5349.6000,5350.0000,5351.8000,5352.6000,5352.8000,1,1,3,1,3,1,3,1,2,2
SF,IC2003,2020-01-03 09:42:05.900,5349.4000,54695,-1,1278837080.000,2,0,2,多平,S,5348.6000,5348.2000,5348.0000,5347.0000,5346.8000,5350.0000,5351.8000,5352.6000,5352.8000,5353.0000,1,3,1,1,3,3,1,2,2,2
SF,IC2003,2020-01-03 09:42:06.400,5349.4000,54695,0,1278837080.000,0,-,-,-,-,5348.8000,5348.6000,5348.2000,5348.0000,5347.0000,5350.0000,5351.8000,5352.6000,5352.8000,5353.0000,1,1,3,1,1,3,1,2,2,2
SF,IC2003,2020-01-03 09:42:06.900,5348.8000,54694,-1,1282046840.000,3,1,2,多平,S,5348.6000,5348.2000,5348.0000,5347.0000,5346.8000,5348.8000,5350.0000,5351.8000,5352.6000,5352.8000,1,3,1,1,3,1,1,1,2,2
SF,IC2003,2020-01-03 09:42:07.400,5348.8000,54693,-1,1283116600.000,1,0,1,双平,S,5348.8000,5348.2000,5348.0000,5347.0000,5346.8000,5350.0000,5351.8000,5352.6000,5352.8000,5353.0000,1,3,1,1,3,1,1,2,2,2
SF,IC2003,2020-01-03 09:42:07.900,5348.8000,54693,0,1283116600.000,0,-,-,-,-,5348.2000,5348.0000,5347.0000,5346.8000,5346.6000,5349.4000,5349.6000,5349.8000,5350.0000,5351.8000,3,1,6,3,1,1,1,1,1,1
SF,IC2003,2020-01-03 09:42:08.400,5348.8000,54693,0,1283116600.000,0,-,-,-,-,5348.4000,5348.2000,5348.0000,5347.0000,5346.8000,5349.8000,5350.0000,5351.8000,5352.6000,5352.8000,1,3,1,6,3,1,1,1,2,2
SF,IC2003,2020-01-03 09:42:08.900,5348.8000,54693,0,1283116600.000,0,-,-,-,-,5348.4000,5348.2000,5348.0000,5347.0000,5346.8000,5349.6000,5349.8000,5350.0000,5351.8000,5352.6000,1,3,1,6,3,1,1,1,1,2
SF,IC2003,2020-01-03 09:42:09.400,5348.8000,54693,0,1283116600.000,0,-,-,-,-,5348.4000,5348.2000,5348.0000,5347.0000,5346.8000,5349.8000,5350.0000,5351.8000,5352.6000,5352.8000,1,3,1,6,3,1,1,1,2,2
SF,IC2003,2020-01-03 09:42:09.900,5348.8000,54693,0,1283116600.000,0,-,-,-,-,5348.6000,5348.4000,5348.2000,5348.0000,5347.0000,5349.6000,5350.0000,5351.8000,5352.6000,5352.8000,1,1,3,1,6,1,1,1,2,2
SF,IC2003,2020-01-03 09:42:10.400,5348.8000,54693,0,1283116600.000,0,-,-,-,-,5348.6000,5348.4000,5348.2000,5348.0000,5347.0000,5350.0000,5351.8000,5352.6000,5352.8000,5353.0000,1,1,3,1,6,1,1,2,2,2
SF,IC2003,2020-01-03 09:42:10.900,5348.8000,54693,0,1283116600.000,0,-,-,-,-,5348.6000,5348.4000,5348.2000,5348.0000,5347.0000,5349.6000,5349.8000,5350.0000,5351.8000,5352.6000,1,1,3,1,6,1,1,1,1,2
SF,IC2003,2020-01-03 09:42:11.400,5348.8000,54693,0,1283116600.000,0,-,-,-,-,5348.6000,5348.4000,5348.2000,5348.0000,5347.0000,5349.8000,5350.0000,5351.8000,5352.6000,5352.8000,1,1,3,1,5,1,1,1,2,2
SF,IC2003,2020-01-03 09:42:11.900,5348.8000,54693,0,1283116600.000,0,-,-,-,-,5348.6000,5348.4000,5348.2000,5348.0000,5347.0000,5349.6000,5349.8000,5350.0000,5351.8000,5352.6000,1,1,3,2,5,1,1,1,1,2
SF,IC2003,2020-01-03 09:42:12.400,5348.8000,54693,0,1283116600.000,0,-,-,-,-,5348.6000,5348.4000,5348.2000,5348.0000,5347.0000,5349.8000,5350.0000,5351.8000,5352.6000,5352.8000,1,1,3,2,5,1,1,1,2,2
SF,IC2003,2020-01-03 09:42:12.900,5348.8000,54693,0,1283116600.000,0,-,-,-,-,5348.6000,5348.4000,5348.2000,5348.0000,5347.0000,5349.4000,5350.0000,5351.8000,5352.6000,5352.8000,1,1,3,2,5,1,1,1,2,2
SF,IC2003,2020-01-03 09:42:13.400,5348.8000,54693,0,1283116600.000,0,-,-,-,-,5348.6000,5348.4000,5348.2000,5348.0000,5347.0000,5350.0000,5351.8000,5352.6000,5352.8000,5353.0000,1,1,3,2,5,1,1,2,2,2
SF,IC2003,2020-01-03 09:42:13.900,5348.8000,54693,0,1283116600.000,0,-,-,-,-,5348.4000,5348.2000,5348.0000,5347.0000,5346.8000,5349.6000,5349.8000,5350.0000,5351.8000,5352.6000,1,3,2,5,3,1,1,1,1,2
SF,IC2003,2020-01-03 09:42:14.400,5348.8000,54693,0,1283116600.000,0,-,-,-,-,5348.4000,5348.2000,5348.0000,5347.0000,5346.8000,5349.8000,5350.0000,5351.8000,5352.6000,5352.8000,1,3,2,5,3,1,1,1,2,2
SF,IC2003,2020-01-03 09:42:14.900,5348.8000,54693,0,1283116600.000,0,-,-,-,-,5348.6000,5348.4000,5348.2000,5348.0000,5347.0000,5349.6000,5349.8000,5350.0000,5351.8000,5352.6000,1,1,3,2,5,1,1,1,1,2
SF,IC2003,2020-01-03 09:42:15.400,5348.8000,54693,0,1283116600.000,0,-,-,-,-,5348.6000,5348.4000,5348.2000,5348.0000,5347.0000,5349.8000,5350.0000,5351.8000,5352.6000,5352.8000,1,1,3,2,5,1,1,1,2,2
SF,IC2003,2020-01-03 09:42:15.900,5349.4000,54692,-1,1284186480.000,1,0,1,双平,S,5348.6000,5348.4000,5348.2000,5348.0000,5347.0000,5350.0000,5351.8000,5352.6000,5352.8000,5353.0000,3,1,3,2,5,1,1,2,2,2
SF,IC2003,2020-01-03 09:42:16.400,5349.4000,54692,0,1284186480.000,0,-,-,-,-,5348.8000,5348.6000,5348.4000,5348.2000,5348.0000,5350.0000,5351.8000,5352.6000,5352.8000,5353.0000,3,2,1,3,2,1,1,2,2,2
SF,IC2003,2020-01-03 09:42:16.900,5349.0000,54691,-1,1286326280.000,2,0,2,多平,S,5348.8000,5348.6000,5348.4000,5348.2000,5348.0000,5351.8000,5352.6000,5352.8000,5353.0000,5353.6000,3,2,1,3,2,1,2,2,2,1
SF,IC2003,2020-01-03 09:42:17.400,5349.0000,54691,0,1286326280.000,0,-,-,-,-,5349.0000,5348.8000,5348.6000,5348.2000,5348.0000,5350.6000,5350.8000,5351.2000,5351.4000,5351.6000,5,3,1,3,2,1,2,2,2,4
SF,IC2003,2020-01-03 09:42:17.900,5349.0000,54691,0,1286326280.000,0,-,-,-,-,5349.2000,5349.0000,5348.8000,5348.2000,5348.0000,5350.6000,5350.8000,5351.4000,5351.6000,5351.8000,4,7,2,3,2,1,1,3,4,1
SF,IC2003,2020-01-03 09:42:18.400,5349.0000,54691,0,1287396080.000,1,0,1,多换,S,5350.2000,5349.4000,5349.2000,5349.0000,5348.8000,5351.4000,5351.6000,5351.8000,5352.6000,5352.8000,3,3,3,6,2,1,4,1,2,2
SF,IC2003,2020-01-03 09:42:18.900,5349.0000,54691,0,1287396080.000,0,-,-,-,-,5349.4000,5349.2000,5349.0000,5348.2000,5348.0000,5351.0000,5351.2000,5351.4000,5351.6000,5351.8000,3,3,6,3,3,2,1,2,1,1
SF,IC2003,2020-01-03 09:42:19.400,5349.0000,54691,0,1287396080.000,0,-,-,-,-,5349.8000,5349.6000,5349.4000,5349.2000,5349.0000,5351.4000,5351.8000,5352.6000,5352.8000,5353.0000,1,5,1,2,6,1,1,2,2,2
SF,IC2003,2020-01-03 09:42:19.900,5349.0000,54691,0,1287396080.000,0,-,-,-,-,5350.0000,5349.6000,5349.4000,5349.2000,5349.0000,5351.4000,5351.8000,5352.6000,5352.8000,5353.0000,2,3,1,2,6,1,1,2,2,2
SF,IC2003,2020-01-03 09:42:20.400,5349.0000,54691,0,1287396080.000,0,-,-,-,-,5350.2000,5350.0000,5349.6000,5349.2000,5349.0000,5351.4000,5351.8000,5352.6000,5352.8000,5353.0000,3,1,2,2,5,1,1,2,2,2
SF,IC2003,2020-01-03 09:42:20.900,5351.4000,54690,-1,1288466360.000,1,0,1,双平,S,5351.4000,5350.4000,5350.2000,5349.6000,5349.2000,5351.8000,5352.6000,5352.8000,5353.0000,5353.6000,1,3,1,2,2,1,2,2,2,1
SF,IC2003,2020-01-03 09:42:21.400,5351.8000,54688,-2,1290607000.000,2,0,2,双平,S,5350.4000,5350.2000,5349.0000,5348.2000,5348.0000,5352.6000,5352.8000,5353.0000,5353.6000,5354.0000,3,1,5,3,3,2,2,2,1,1
SF,IC2003,2020-01-03 09:42:21.900,5351.8000,54688,0,1290607000.000,0,-,-,-,-,5350.6000,5350.4000,5349.0000,5348.2000,5348.0000,5352.6000,5352.8000,5353.0000,5353.6000,5354.0000,5,2,5,3,3,2,2,2,1,1
SF,IC2003,2020-01-03 09:42:22.400,5351.8000,54688,0,1290607000.000,0,-,-,-,-,5350.8000,5350.6000,5350.4000,5349.0000,5348.2000,5352.6000,5352.8000,5353.0000,5353.6000,5354.0000,2,5,1,5,3,2,2,2,1,1
SF,IC2003,2020-01-03 09:42:22.900,5351.8000,54688,0,1290607000.000,0,-,-,-,-,5351.2000,5351.0000,5350.8000,5350.6000,5350.4000,5352.6000,5352.8000,5353.0000,5353.6000,5354.0000,1,3,1,4,1,2,2,2,1,1
SF,IC2003,2020-01-03 09:42:23.400,5351.8000,54688,0,1290607000.000,0,-,-,-,-,5351.2000,5351.0000,5350.8000,5350.6000,5349.0000,5352.6000,5352.8000,5353.0000,5353.6000,5354.0000,1,2,1,2,5,2,2,2,1,1
SF,IC2003,2020-01-03 09:42:23.900,5351.8000,54688,0,1290607000.000,0,-,-,-,-,5351.4000,5350.8000,5350.6000,5349.0000,5348.2000,5352.4000,5352.6000,5352.8000,5353.0000,5353.6000,1,1,2,5,3,2,2,2,2,1
SF,IC2003,2020-01-03 09:42:24.400,5351.8000,54688,0,1290607000.000,0,-,-,-,-,5351.4000,5350.8000,5350.6000,5349.0000,5348.2000,5352.4000,5352.6000,5352.8000,5353.0000,5353.6000,1,1,2,5,3,2,2,2,2,1
SF,IC2003,2020-01-03 09:42:24.900,5351.8000,54688,0,1290607000.000,0,-,-,-,-,5351.4000,5350.8000,5350.6000,5349.0000,5348.2000,5352.4000,5352.6000,5352.8000,5353.0000,5353.6000,1,1,1,5,3,2,2,2,2,1
SF,IC2003,2020-01-03 09:42:25.400,5351.4000,54687,-1,1291677280.000,1,0,1,双平,S,5350.8000,5349.0000,5348.6000,5348.2000,5348.0000,5352.4000,5352.6000,5352.8000,5353.0000,5353.6000,1,5,1,3,3,2,2,2,2,1
SF,IC2003,2020-01-03 09:42:25.900,5352.4000,54686,-1,1293818240.000,2,0,2,多平,S,5351.0000,5349.0000,5348.6000,5348.2000,5348.0000,5352.6000,5352.8000,5353.0000,5353.6000,5354.0000,1,5,1,3,3,2,2,2,1,1
SF,IC2003,2020-01-03 09:42:26.400,5351.0000,54685,-1,1294888440.000,1,0,1,双平,S,5349.0000,5348.6000,5348.2000,5348.0000,5347.0000,5351.8000,5352.2000,5352.4000,5352.6000,5352.8000,5,1,3,3,5,1,2,1,2,2
SF,IC2003,2020-01-03 09:42:26.900,5351.0000,54685,0,1294888440.000,0,-,-,-,-,5349.2000,5349.0000,5348.6000,5348.2000,5348.0000,5351.4000,5351.6000,5351.8000,5352.2000,5352.6000,3,5,1,3,3,1,2,2,2,2
SF,IC2003,2020-01-03 09:42:27.400,5351.0000,54685,0,1294888440.000,0,-,-,-,-,5349.4000,5349.2000,5349.0000,5348.6000,5348.2000,5351.2000,5351.4000,5351.6000,5351.8000,5352.2000,3,1,5,1,3,1,1,1,1,2
SF,IC2003,2020-01-03 09:42:27.900,5351.0000,54685,0,1295958640.000,1,0,1,多换,S,5349.6000,5349.4000,5349.0000,5348.6000,5348.2000,5350.8000,5351.2000,5351.4000,5351.6000,5351.8000,2,2,5,1,3,2,1,2,1,1
SF,IC2003,2020-01-03 09:42:28.400,5351.0000,54685,0,1295958640.000,0,-,-,-,-,5349.6000,5349.4000,5349.0000,5348.6000,5348.2000,5350.8000,5351.4000,5351.8000,5352.2000,5352.6000,2,2,5,1,3,1,2,1,2,2
SF,IC2003,2020-01-03 09:42:28.900,5351.0000,54685,0,1295958640.000,0,-,-,-,-,5349.6000,5349.4000,5349.0000,5348.6000,5348.2000,5350.8000,5351.0000,5351.4000,5351.8000,5352.2000,1,1,5,1,3,1,1,2,1,2
SF,IC2003,2020-01-03 09:42:29.400,5351.0000,54685,0,1295958640.000,0,-,-,-,-,5349.6000,5349.4000,5349.0000,5348.6000,5348.2000,5350.8000,5351.0000,5351.4000,5351.8000,5352.2000,1,1,5,1,3,2,1,2,1,2
SF,IC2003,2020-01-03 09:42:29.900,5349.6000,54685,0,1297028560.000,1,0,1,多换,S,5349.4000,5349.0000,5348.6000,5348.2000,5348.0000,5350.8000,5351.0000,5351.4000,5351.8000,5352.2000,1,5,1,3,2,1,1,2,1,2
SF,IC2003,2020-01-03 09:42:30.400,5349.6000,54685,0,1297028560.000,0,-,-,-,-,5349.4000,5349.0000,5348.6000,5348.2000,5348.0000,5349.6000,5350.6000,5350.8000,5351.0000,5351.4000,1,5,1,3,2,1,1,3,1,2
SF,IC2003,2020-01-03 09:42:30.900,5349.6000,54684,-1,1298098480.000,1,0,1,双平,S,5349.4000,5349.0000,5348.6000,5348.2000,5348.0000,5350.0000,5350.6000,5350.8000,5351.0000,5351.4000,1,5,1,3,2,1,1,3,1,2
SF,IC2003,2020-01-03 09:42:31.400,5349.6000,54684,0,1298098480.000,0,-,-,-,-,5349.4000,5349.0000,5348.6000,5348.2000,5348.0000,5350.0000,5350.6000,5350.8000,5351.0000,5351.4000,1,6,1,3,2,1,1,3,1,2
SF,IC2003,2020-01-03 09:42:31.900,5349.0000,54682,-2,1300238160.000,2,0,2,双平,S,5349.0000,5348.6000,5348.2000,5348.0000,5347.0000,5349.6000,5350.0000,5350.6000,5350.8000,5351.0000,5,1,3,2,5,2,1,1,3,1
SF,IC2003,2020-01-03 09:42:32.400,5349.0000,54681,-1,1301307960.000,1,0,1,双平,S,5349.0000,5348.6000,5348.2000,5348.0000,5347.0000,5350.0000,5350.6000,5350.8000,5351.0000,5351.4000,4,1,3,2,5,1,1,3,1,2
SF,IC2003,2020-01-03 09:42:32.900,5349.0000,54681,0,1301307960.000,0,-,-,-,-,5349.0000,5348.6000,5348.2000,5348.0000,5347.0000,5350.0000,5350.6000,5350.8000,5351.0000,5351.4000,4,1,3,2,5,1,1,2,1,2
SF,IC2003,2020-01-03 09:42:33.400,5349.0000,54678,-3,1305587160.000,4,0,4,多平,S,5348.6000,5348.2000,5348.0000,5347.0000,5346.8000,5349.0000,5349.6000,5349.8000,5350.0000,5350.6000,1,3,2,5,3,2,1,1,1,1
SF,IC2003,2020-01-03 09:42:33.900,5349.0000,54677,-1,1307726760.000,2,0,2,多平,S,5348.6000,5348.2000,5348.0000,5347.0000,5346.8000,5349.6000,5350.0000,5350.6000,5350.8000,5351.0000,1,3,2,5,3,1,1,1,2,1
SF,IC2003,2020-01-03 09:42:34.400,5349.0000,54677,0,1307726760.000,0,-,-,-,-,5348.6000,5348.2000,5348.0000,5347.0000,5346.8000,5349.4000,5349.6000,5350.0000,5350.6000,5350.8000,1,3,2,5,3,1,1,1,1,2
SF,IC2003,2020-01-03 09:42:34.900,5349.0000,54677,0,1307726760.000,0,-,-,-,-,5348.8000,5348.6000,5348.2000,5348.0000,5347.0000,5350.0000,5350.6000,5350.8000,5351.0000,5351.4000,1,1,3,2,5,1,1,2,1,2
SF,IC2003,2020-01-03 09:42:35.400,5349.0000,54677,0,1307726760.000,0,-,-,-,-,5348.6000,5348.2000,5348.0000,5347.0000,5346.8000,5349.4000,5349.8000,5350.0000,5350.8000,5351.4000,1,3,2,5,3,1,2,1,2,2
SF,IC2003,2020-01-03 09:42:35.900,5349.0000,54677,0,1307726760.000,0,-,-,-,-,5348.6000,5348.2000,5348.0000,5347.0000,5346.8000,5349.4000,5349.8000,5350.0000,5350.8000,5351.4000,1,3,2,5,3,1,1,1,2,2
SF,IC2003,2020-01-03 09:42:36.400,5349.0000,54677,0,1307726760.000,0,-,-,-,-,5348.6000,5348.2000,5348.0000,5347.0000,5346.8000,5349.4000,5349.8000,5350.0000,5350.8000,5351.4000,1,3,2,5,3,1,1,1,2,2
SF,IC2003,2020-01-03 09:42:36.900,5348.6000,54677,0,1308796480.000,1,0,1,多换,S,5348.2000,5348.0000,5347.0000,5346.8000,5346.6000,5349.4000,5349.8000,5350.0000,5350.8000,5351.4000,3,2,5,3,1,1,1,1,2,2
SF,IC2003,2020-01-03 09:42:37.400,5349.4000,54676,-1,1309866360.000,1,0,1,双平,S,5348.4000,5348.2000,5348.0000,5347.0000,5346.8000,5349.8000,5350.0000,5350.8000,5351.4000,5352.2000,1,3,2,5,3,1,1,2,2,1
SF,IC2003,2020-01-03 09:42:37.900,5349.4000,54676,0,1309866360.000,0,-,-,-,-,5348.6000,5348.2000,5348.0000,5347.0000,5346.8000,5350.0000,5350.8000,5351.4000,5352.2000,5352.6000,2,3,2,5,3,1,2,2,1,2
SF,IC2003,2020-01-03 09:42:38.400,5349.4000,54676,0,1309866360.000,0,-,-,-,-,5348.8000,5348.6000,5348.2000,5348.0000,5347.0000,5350.0000,5350.8000,5351.4000,5352.2000,5352.6000,1,2,3,2,5,1,2,2,1,2
SF,IC2003,2020-01-03 09:42:38.900,5349.4000,54676,0,1309866360.000,0,-,-,-,-,5349.4000,5348.8000,5348.6000,5348.2000,5348.0000,5350.0000,5350.8000,5351.4000,5352.2000,5352.6000,1,1,3,3,2,1,2,2,1,2
SF,IC2003,2020-01-03 09:42:39.400,5349.4000,54676,0,1309866360.000,0,-,-,-,-,5349.4000,5348.6000,5348.2000,5348.0000,5347.0000,5349.8000,5350.0000,5350.8000,5351.4000,5352.2000,1,3,3,2,5,1,1,2,2,1
SF,IC2003,2020-01-03 09:42:39.900,5349.8000,54677,1,1310936320.000,1,1,0,双开,S,5349.8000,5349.4000,5348.6000,5348.2000,5348.0000,5350.0000,5350.8000,5351.4000,5352.2000,5352.6000,1,1,3,3,2,1,2,2,1,2
SF,IC2003,2020-01-03 09:42:40.400,5350.0000,54675,-2,1314146320.000,3,0,3,多平,S,5350.0000,5349.8000,5349.4000,5348.6000,5348.2000,5350.8000,5351.4000,5352.2000,5352.6000,5352.8000,1,2,1,3,3,2,2,1,2,2
SF,IC2003,2020-01-03 09:42:40.900,5350.8000,54674,-1,1317356480.000,3,1,2,多平,S,5349.8000,5349.4000,5348.6000,5348.2000,5348.0000,5350.8000,5351.4000,5352.2000,5352.6000,5352.8000,2,1,3,3,2,1,2,1,2,2
SF,IC2003,2020-01-03 09:42:41.400,5350.8000,54674,0,1317356480.000,0,-,-,-,-,5350.8000,5350.6000,5350.0000,5349.8000,5349.4000,5351.4000,5352.2000,5352.6000,5352.8000,5353.0000,1,1,1,2,1,1,1,2,2,2
SF,IC2003,2020-01-03 09:42:41.900,5350.8000,54674,0,1318426640.000,1,0,1,多换,S,5350.6000,5350.0000,5349.8000,5349.4000,5348.6000,5351.4000,5352.2000,5352.6000,5352.8000,5353.0000,1,1,2,1,2,1,1,2,2,2
SF,IC2003,2020-01-03 09:42:42.400,5350.0000,54671,-3,1321636880.000,3,0,3,双平,S,5349.8000,5349.4000,5348.6000,5348.2000,5348.0000,5350.6000,5350.8000,5351.0000,5351.2000,5351.4000,2,1,2,3,2,1,2,1,3,2
SF,IC2003,2020-01-03 09:42:42.900,5349.8000,54671,0,1322706840.000,1,0,1,多换,S,5349.8000,5349.4000,5348.6000,5348.2000,5348.0000,5350.2000,5350.8000,5351.2000,5351.4000,5352.2000,1,1,2,3,2,2,1,2,2,1
SF,IC2003,2020-01-03 09:42:43.400,5350.2000,54671,0,1323776880.000,1,0,1,多换,S,5349.8000,5349.4000,5348.6000,5348.2000,5348.0000,5350.0000,5351.2000,5351.4000,5352.2000,5352.6000,1,1,2,3,2,1,2,2,1,2
SF,IC2003,2020-01-03 09:42:43.900,5350.0000,54670,-1,1324846880.000,1,0,1,双平,S,5350.0000,5349.8000,5349.4000,5348.6000,5348.2000,5350.8000,5351.2000,5351.4000,5352.2000,5352.6000,1,1,1,2,3,2,2,2,1,2
SF,IC2003,2020-01-03 09:42:44.400,5350.0000,54670,0,1324846880.000,0,-,-,-,-,5349.8000,5349.4000,5348.6000,5348.2000,5348.0000,5350.0000,5350.4000,5350.8000,5351.2000,5351.4000,1,1,2,3,2,1,2,3,2,2
SF,IC2003,2020-01-03 09:42:44.900,5349.8000,54669,-1,1326986840.000,2,0,2,多平,S,5349.4000,5348.6000,5348.2000,5348.0000,5347.0000,5350.0000,5350.8000,5351.2000,5351.4000,5352.2000,1,2,3,2,5,1,3,1,2,1
SF,IC2003,2020-01-03 09:42:45.400,5350.0000,54668,-1,1328056840.000,1,0,1,双平,S,5350.0000,5349.6000,5349.4000,5348.6000,5348.2000,5350.8000,5351.4000,5352.2000,5352.6000,5352.8000,1,1,1,1,3,2,2,1,2,2
SF,IC2003,2020-01-03 09:42:46.400,5350.0000,54668,0,1328056840.000,0,-,-,-,-,5350.0000,5349.6000,5349.4000,5348.6000,5348.2000,5350.8000,5351.4000,5352.2000,5352.6000,5352.8000,1,1,1,1,3,2,2,1,2,2
SF,IC2003,2020-01-03 09:42:46.900,5350.0000,54668,0,1328056840.000,0,-,-,-,-,5349.6000,5349.4000,5348.6000,5348.2000,5348.0000,5350.8000,5351.4000,5352.2000,5352.6000,5352.8000,1,1,1,3,2,2,2,1,2,2
SF,IC2003,2020-01-03 09:42:48.400,5350.0000,54668,0,1328056840.000,0,-,-,-,-,5349.6000,5349.4000,5349.0000,5348.6000,5348.2000,5350.8000,5351.4000,5352.2000,5352.6000,5352.8000,3,1,2,1,3,2,2,1,2,2
SF,IC2003,2020-01-03 09:42:48.900,5350.0000,54668,0,1328056840.000,0,-,-,-,-,5350.6000,5349.6000,5349.4000,5349.0000,5348.6000,5350.8000,5351.4000,5352.2000,5352.6000,5352.8000,3,2,1,2,1,2,2,1,2,2
SF,IC2003,2020-01-03 09:42:49.400,5350.8000,54668,0,1330197160.000,2,1,1,多换,S,5350.8000,5349.6000,5349.4000,5349.0000,5348.6000,5351.4000,5352.2000,5352.6000,5352.8000,5353.0000,1,2,1,2,1,1,1,2,2,2
SF,IC2003,2020-01-03 09:42:49.900,5350.8000,54668,0,1330197160.000,0,-,-,-,-,5349.6000,5349.4000,5349.0000,5348.6000,5348.2000,5350.6000,5351.4000,5352.2000,5352.6000,5352.8000,2,1,2,1,3,1,1,1,2,2
SF,IC2003,2020-01-03 09:42:50.400,5350.6000,54667,-1,1331267280.000,1,0,1,双平,S,5350.8000,5350.6000,5350.4000,5349.6000,5349.4000,5351.4000,5352.2000,5352.6000,5352.8000,5353.0000,1,3,3,2,1,1,1,2,2,2
SF,IC2003,2020-01-03 09:42:50.900,5350.6000,54667,0,1331267280.000,0,-,-,-,-,5350.8000,5350.6000,5349.6000,5349.4000,5349.0000,5351.4000,5352.2000,5352.6000,5352.8000,5353.0000,1,3,2,1,2,1,1,2,2,2
SF,IC2003,2020-01-03 09:42:51.400,5350.6000,54667,0,1331267280.000,0,-,-,-,-,5350.6000,5349.6000,5349.4000,5349.0000,5348.6000,5350.8000,5352.2000,5352.6000,5352.8000,5353.0000,2,1,1,2,1,1,1,2,2,2
SF,IC2003,2020-01-03 09:42:51.900,5350.8000,54666,-1,1332337440.000,1,0,1,双平,S,5351.0000,5350.8000,5350.6000,5349.6000,5349.4000,5352.2000,5352.6000,5352.8000,5353.0000,5354.0000,1,2,2,1,1,1,2,2,3,1
SF,IC2003,2020-01-03 09:42:52.400,5350.8000,54666,0,1332337440.000,0,-,-,-,-,5350.8000,5350.6000,5349.6000,5349.4000,5349.0000,5352.2000,5352.6000,5352.8000,5353.0000,5354.0000,2,2,1,1,2,1,2,2,3,1
SF,IC2003,2020-01-03 09:42:52.900,5350.8000,54666,0,1332337440.000,0,-,-,-,-,5351.0000,5350.8000,5350.6000,5349.4000,5349.0000,5352.2000,5352.6000,5352.8000,5353.0000,5354.0000,2,2,2,1,3,2,2,2,3,1
SF,IC2003,2020-01-03 09:42:53.400,5350.8000,54666,0,1332337440.000,0,-,-,-,-,5351.0000,5350.8000,5350.6000,5349.4000,5349.0000,5352.6000,5352.8000,5353.0000,5354.0000,5355.0000,1,2,2,1,3,2,2,3,1,9
SF,IC2003,2020-01-03 09:42:53.900,5350.8000,54666,0,1332337440.000,0,-,-,-,-,5350.8000,5350.6000,5349.4000,5349.0000,5348.6000,5352.2000,5352.4000,5352.6000,5352.8000,5353.0000,2,2,1,3,1,1,1,2,2,3
SF,IC2003,2020-01-03 09:42:54.400,5350.8000,54666,0,1332337440.000,0,-,-,-,-,5350.8000,5350.6000,5349.4000,5349.0000,5348.6000,5351.0000,5352.0000,5352.2000,5352.6000,5352.8000,2,2,1,3,1,1,1,1,2,2
SF,IC2003,2020-01-03 09:42:54.900,5351.0000,54665,-1,1333407640.000,1,0,1,双平,S,5351.0000,5350.6000,5349.4000,5349.0000,5348.6000,5352.2000,5352.6000,5352.8000,5353.0000,5354.0000,1,2,1,3,1,1,2,2,4,1
SF,IC2003,2020-01-03 09:42:55.400,5351.0000,54665,0,1333407640.000,0,-,-,-,-,5351.0000,5350.6000,5349.4000,5349.0000,5348.6000,5352.2000,5352.6000,5352.8000,5353.0000,5354.0000,1,2,1,3,1,1,2,2,4,1
SF,IC2003,2020-01-03 09:42:55.900,5351.0000,54664,-1,1334477840.000,1,0,1,双平,S,5350.6000,5349.4000,5349.0000,5348.6000,5348.2000,5352.2000,5352.6000,5352.8000,5353.0000,5354.0000,2,1,3,1,3,1,2,2,4,1
SF,IC2003,2020-01-03 09:42:56.400,5351.0000,54664,0,1334477840.000,0,-,-,-,-,5350.6000,5350.4000,5349.4000,5349.0000,5348.6000,5352.0000,5352.2000,5352.6000,5352.8000,5353.0000,2,1,1,3,1,1,3,2,2,4
SF,IC2003,2020-01-03 09:42:56.900,5351.0000,54664,0,1334477840.000,0,-,-,-,-,5350.4000,5349.4000,5349.0000,5348.6000,5348.2000,5352.0000,5352.2000,5352.6000,5352.8000,5353.0000,1,1,3,1,3,1,3,2,2,4
SF,IC2003,2020-01-03 09:42:57.400,5351.0000,54664,0,1334477840.000,0,-,-,-,-,5350.4000,5349.4000,5349.0000,5348.6000,5348.2000,5352.0000,5352.2000,5352.6000,5352.8000,5353.0000,1,1,3,1,3,2,2,2,2,3
SF,IC2003,2020-01-03 09:42:57.900,5351.0000,54664,0,1334477840.000,0,-,-,-,-,5350.4000,5349.4000,5349.0000,5348.6000,5348.2000,5352.0000,5352.2000,5352.6000,5352.8000,5353.0000,1,1,3,1,3,2,2,2,2,3
SF,IC2003,2020-01-03 09:42:58.400,5350.6000,54662,-2,1336618080.000,2,0,2,双平,S,5350.4000,5349.4000,5349.0000,5348.6000,5348.2000,5352.0000,5352.2000,5352.6000,5352.8000,5353.0000,1,1,3,1,3,2,2,2,2,3
SF,IC2003,2020-01-03 09:42:58.900,5350.6000,54662,0,1336618080.000,0,-,-,-,-,5350.4000,5349.4000,5349.0000,5348.6000,5348.2000,5351.8000,5352.0000,5352.2000,5352.6000,5352.8000,2,1,3,1,3,1,2,2,2,2
SF,IC2003,2020-01-03 09:42:59.400,5350.6000,54662,0,1336618080.000,0,-,-,-,-,5351.0000,5350.6000,5350.4000,5349.4000,5349.0000,5351.8000,5352.0000,5352.6000,5352.8000,5353.0000,1,1,2,1,3,1,1,2,2,3
SF,IC2003,2020-01-03 09:42:59.900,5351.0000,54662,0,1337688280.000,1,0,1,多换,S,5350.6000,5350.4000,5349.4000,5349.0000,5348.6000,5351.8000,5352.0000,5352.6000,5352.8000,5353.0000,1,2,1,3,1,1,2,2,2,3
SF,IC2003,2020-01-03 09:43:00.900,5351.8000,54662,0,1338758640.000,1,0,1,多换,S,5351.6000,5351.4000,5351.2000,5350.6000,5350.4000,5352.0000,5352.6000,5352.8000,5353.0000,5354.0000,1,2,1,3,2,1,2,2,3,1
SF,IC2003,2020-01-03 09:43:01.400,5351.6000,54660,-2,1340899320.000,2,0,2,双平,S,5350.6000,5350.4000,5349.4000,5349.2000,5349.0000,5351.6000,5352.0000,5352.6000,5352.8000,5353.0000,3,2,1,2,3,1,1,2,2,3
SF,IC2003,2020-01-03 09:43:01.900,5351.6000,54660,0,1340899320.000,0,-,-,-,-,5350.4000,5349.4000,5349.2000,5349.0000,5348.6000,5350.6000,5351.6000,5352.0000,5352.6000,5352.8000,2,1,2,3,1,1,1,1,2,2
SF,IC2003,2020-01-03 09:43:02.400,5350.4000,54658,-2,1343039520.000,2,0,2,双平,S,5350.4000,5349.4000,5349.2000,5349.0000,5348.6000,5351.6000,5352.0000,5352.6000,5352.8000,5353.0000,1,1,2,3,1,1,1,2,2,3
SF,IC2003,2020-01-03 09:43:02.900,5350.4000,54658,0,1343039520.000,0,-,-,-,-,5350.4000,5349.4000,5349.2000,5349.0000,5348.6000,5351.4000,5351.6000,5352.0000,5352.6000,5352.8000,1,1,2,3,1,1,1,1,2,2
SF,IC2003,2020-01-03 09:43:04.900,5350.4000,54658,0,1343039520.000,0,-,-,-,-,5350.4000,5349.4000,5349.2000,5349.0000,5348.6000,5351.4000,5351.6000,5352.0000,5352.6000,5352.8000,1,1,2,3,1,1,1,1,2,2
SF,IC2003,2020-01-03 09:43:05.400,5350.4000,54657,-1,1344109600.000,1,0,1,双平,S,5349.4000,5349.2000,5349.0000,5348.6000,5348.2000,5350.2000,5351.4000,5351.6000,5352.0000,5352.6000,1,2,3,1,3,1,1,1,1,2
SF,IC2003,2020-01-03 09:43:05.900,5350.2000,54656,-1,1345179640.000,1,0,1,双平,S,5350.2000,5349.6000,5349.4000,5349.2000,5349.0000,5351.4000,5351.6000,5352.0000,5352.6000,5352.8000,4,1,1,2,3,1,1,1,2,2
SF,IC2003,2020-01-03 09:43:06.400,5350.2000,54656,0,1345179640.000,0,-,-,-,-,5350.4000,5349.6000,5349.4000,5349.2000,5349.0000,5351.4000,5351.6000,5352.0000,5352.6000,5352.8000,2,1,1,2,3,1,1,1,2,2
SF,IC2003,2020-01-03 09:43:06.900,5350.2000,54656,0,1345179640.000,0,-,-,-,-,5350.4000,5349.6000,5349.4000,5349.2000,5349.0000,5351.4000,5351.6000,5352.0000,5352.6000,5352.8000,1,1,1,2,3,1,1,1,2,2
SF,IC2003,2020-01-03 09:43:07.400,5350.2000,54656,0,1345179640.000,0,-,-,-,-,5350.4000,5349.6000,5349.4000,5349.2000,5349.0000,5351.4000,5352.0000,5352.6000,5352.8000,5353.0000,1,1,1,2,3,1,1,2,1,3
SF,IC2003,2020-01-03 09:43:08.900,5350.4000,54655,-1,1347320000.000,2,0,2,多平,S,5349.6000,5349.4000,5349.2000,5349.0000,5348.6000,5352.0000,5352.6000,5352.8000,5353.0000,5354.0000,1,1,2,3,1,1,2,1,3,1
SF,IC2003,2020-01-03 09:43:09.400,5350.4000,54654,-1,1348390080.000,1,0,1,双平,S,5351.0000,5350.0000,5349.8000,5349.6000,5349.4000,5351.8000,5352.0000,5352.6000,5352.8000,5353.0000,1,2,1,2,1,1,1,2,1,3
SF,IC2003,2020-01-03 09:43:09.900,5351.0000,54653,-1,1349460280.000,1,0,1,双平,S,5350.0000,5349.8000,5349.6000,5349.4000,5349.2000,5351.8000,5352.0000,5352.6000,5352.8000,5353.0000,1,1,1,1,2,1,1,2,1,3
SF,IC2003,2020-01-03 09:43:10.400,5351.0000,54653,0,1349460280.000,0,-,-,-,-,5350.4000,5350.2000,5350.0000,5349.8000,5349.4000,5352.0000,5352.6000,5352.8000,5353.0000,5354.0000,1,2,2,1,1,1,2,1,3,1
SF,IC2003,2020-01-03 09:43:10.900,5351.0000,54653,0,1349460280.000,0,-,-,-,-,5351.4000,5350.6000,5350.2000,5350.0000,5349.8000,5352.0000,5352.6000,5352.8000,5353.0000,5354.0000,1,1,1,2,1,1,2,1,3,1
SF,IC2003,2020-01-03 09:43:11.400,5351.4000,54653,0,1350530560.000,1,0,1,多换,S,5350.6000,5350.2000,5350.0000,5349.4000,5349.2000,5351.4000,5352.0000,5352.6000,5352.8000,5353.0000,1,1,1,1,2,4,1,2,1,3
SF,IC2003,2020-01-03 09:43:11.900,5351.4000,54653,0,1350530560.000,0,-,-,-,-,5350.0000,5349.4000,5349.2000,5349.0000,5348.6000,5350.6000,5351.4000,5352.0000,5352.6000,5352.8000,1,1,2,3,1,1,4,1,2,1
SF,IC2003,2020-01-03 09:43:12.400,5351.4000,54652,-1,1352671000.000,2,0,2,多平,S,5350.0000,5349.4000,5349.2000,5349.0000,5348.6000,5351.4000,5352.0000,5352.6000,5352.8000,5353.0000,1,1,2,3,1,3,1,2,1,3
SF,IC2003,2020-01-03 09:43:12.900,5351.4000,54652,0,1352671000.000,0,-,-,-,-,5350.6000,5350.2000,5350.0000,5349.4000,5349.2000,5351.4000,5352.0000,5352.6000,5352.8000,5353.0000,1,1,2,1,2,3,1,2,1,3
SF,IC2003,2020-01-03 09:43:13.900,5351.4000,54652,0,1352671000.000,0,-,-,-,-,5350.6000,5350.2000,5350.0000,5349.4000,5349.2000,5352.0000,5352.6000,5352.8000,5353.0000,5354.0000,1,1,2,1,2,1,2,1,3,1
SF,IC2003,2020-01-03 09:43:14.400,5351.4000,54652,0,1352671000.000,0,-,-,-,-,5350.8000,5350.6000,5350.0000,5349.4000,5349.2000,5352.0000,5352.6000,5352.8000,5353.0000,5354.0000,1,2,2,1,2,1,2,1,3,1
SF,IC2003,2020-01-03 09:43:14.900,5351.4000,54652,0,1352671000.000,0,-,-,-,-,5350.8000,5350.6000,5350.0000,5349.4000,5349.2000,5352.0000,5352.6000,5352.8000,5353.0000,5354.0000,1,2,3,1,2,1,2,1,3,1
SF,IC2003,2020-01-03 09:43:15.900,5351.4000,54652,0,1352671000.000,0,-,-,-,-,5350.8000,5350.6000,5350.0000,5349.4000,5349.2000,5352.0000,5352.6000,5352.8000,5353.0000,5354.0000,1,2,3,1,2,2,2,1,3,1
SF,IC2003,2020-01-03 09:43:16.400,5351.4000,54652,0,1352671000.000,0,-,-,-,-,5350.8000,5350.6000,5350.0000,5349.4000,5349.2000,5352.0000,5352.6000,5352.8000,5353.0000,5354.0000,3,2,3,1,2,2,2,1,4,1
SF,IC2003,2020-01-03 09:43:17.400,5351.8000,54650,-2,1354811760.000,2,0,2,双平,S,5351.8000,5351.2000,5351.0000,5350.8000,5350.6000,5352.0000,5352.6000,5352.8000,5353.0000,5354.0000,1,2,2,3,2,1,2,1,4,1
SF,IC2003,2020-01-03 09:43:17.900,5352.0000,54650,0,1355882160.000,1,0,1,多换,S,5351.0000,5350.8000,5350.6000,5350.0000,5349.4000,5352.6000,5352.8000,5353.0000,5354.0000,5355.0000,2,3,2,3,1,2,1,4,1,7
SF,IC2003,2020-01-03 09:43:18.400,5352.0000,54650,0,1355882160.000,0,-,-,-,-,5351.2000,5351.0000,5350.8000,5350.6000,5350.0000,5352.6000,5352.8000,5353.0000,5354.0000,5355.0000,1,2,2,2,3,2,1,4,1,7
SF,IC2003,2020-01-03 09:43:18.900,5352.0000,54650,0,1355882160.000,0,-,-,-,-,5351.2000,5351.0000,5350.8000,5350.6000,5350.0000,5352.6000,5352.8000,5353.0000,5354.0000,5355.0000,2,2,2,1,3,2,1,4,1,7
SF,IC2003,2020-01-03 09:43:19.400,5352.0000,54650,0,1355882160.000,0,-,-,-,-,5351.2000,5351.0000,5350.8000,5350.6000,5350.0000,5352.6000,5352.8000,5353.0000,5354.0000,5355.0000,2,2,2,1,3,2,1,4,1,7
SF,IC2003,2020-01-03 09:43:19.900,5352.0000,54650,0,1355882160.000,0,-,-,-,-,5351.6000,5351.2000,5351.0000,5350.8000,5350.6000,5352.6000,5353.0000,5354.0000,5355.0000,5355.2000,2,1,2,2,1,2,4,1,7,4
SF,IC2003,2020-01-03 09:43:20.400,5352.4000,54650,0,1356952640.000,1,0,1,多换,S,5351.2000,5350.8000,5350.6000,5350.0000,5349.4000,5352.4000,5352.6000,5353.0000,5354.0000,5355.0000,1,2,1,3,1,1,2,3,1,7
SF,IC2003,2020-01-03 09:43:20.900,5352.6000,54651,1,1359093640.000,2,1,1,空开,S,5351.2000,5350.8000,5350.6000,5350.0000,5349.4000,5352.6000,5353.0000,5354.0000,5355.0000,5355.2000,1,2,1,3,1,1,3,1,7,4
SF,IC2003,2020-01-03 09:43:21.400,5352.6000,54651,0,1359093640.000,0,-,-,-,-,5351.2000,5350.8000,5350.6000,5350.0000,5349.4000,5352.6000,5353.0000,5354.0000,5355.0000,5355.2000,1,2,1,2,1,1,3,1,7,4
SF,IC2003,2020-01-03 09:43:21.900,5352.6000,54651,0,1359093640.000,0,-,-,-,-,5351.6000,5351.2000,5350.8000,5350.6000,5350.0000,5352.6000,5353.0000,5354.0000,5355.0000,5355.2000,2,1,2,1,2,1,3,1,7,4
SF,IC2003,2020-01-03 09:43:22.400,5352.6000,54651,0,1359093640.000,0,-,-,-,-,5351.6000,5351.2000,5350.8000,5350.6000,5350.0000,5352.4000,5352.6000,5353.0000,5354.0000,5355.0000,2,1,2,1,2,1,1,3,1,8
SF,IC2003,2020-01-03 09:43:22.900,5352.6000,54652,1,1361234680.000,2,1,1,空开,S,5352.6000,5351.2000,5350.8000,5350.6000,5350.0000,5353.0000,5354.0000,5355.0000,5355.2000,5356.0000,3,1,2,1,2,3,1,8,4,9
SF,IC2003,2020-01-03 09:43:23.400,5351.2000,54651,-1,1365516480.000,4,1,3,多平,S,5352.4000,5350.8000,5350.6000,5350.0000,5349.4000,5352.6000,5353.0000,5354.0000,5355.0000,5355.2000,1,2,1,2,1,1,3,1,8,4
SF,IC2003,2020-01-03 09:43:23.900,5352.4000,54651,0,1366586960.000,1,0,1,多换,S,5350.8000,5350.6000,5350.0000,5349.4000,5349.2000,5352.4000,5353.0000,5354.0000,5355.0000,5355.2000,2,1,2,1,2,2,3,1,8,4
SF,IC2003,2020-01-03 09:43:24.400,5352.4000,54649,-2,1368727920.000,2,0,2,双平,S,5352.6000,5351.6000,5351.4000,5351.2000,5351.0000,5353.0000,5354.0000,5355.0000,5355.2000,5356.0000,1,1,1,2,3,3,1,8,4,9
SF,IC2003,2020-01-03 09:43:24.900,5352.4000,54649,0,1368727920.000,0,-,-,-,-,5351.4000,5351.2000,5351.0000,5350.8000,5350.6000,5353.0000,5354.0000,5355.0000,5355.2000,5356.0000,1,2,3,3,1,3,1,8,4,9
SF,IC2003,2020-01-03 09:43:25.400,5352.4000,54649,0,1368727920.000,0,-,-,-,-,5352.0000,5351.8000,5351.6000,5351.4000,5351.2000,5353.0000,5354.0000,5355.0000,5355.2000,5356.0000,2,2,1,2,2,3,1,8,4,9
SF,IC2003,2020-01-03 09:43:26.400,5353.0000,54649,0,1371939720.000,3,1,2,多换,S,5353.0000,5352.0000,5351.8000,5351.6000,5351.4000,5354.0000,5355.0000,5355.2000,5356.0000,5357.0000,2,2,2,1,2,1,8,4,9,1
SF,IC2003,2020-01-03 09:43:26.900,5353.0000,54649,0,1373010320.000,1,0,1,多换,S,5353.0000,5352.0000,5351.8000,5351.6000,5351.4000,5353.8000,5354.0000,5355.0000,5355.2000,5356.0000,1,2,2,1,2,1,1,8,4,9
SF,IC2003,2020-01-03 09:43:27.400,5353.8000,54648,-1,1374081080.000,1,0,1,双平,S,5353.0000,5352.0000,5351.8000,5351.6000,5351.4000,5354.0000,5355.0000,5355.2000,5356.0000,5357.0000,1,2,2,1,1,1,8,4,9,1
SF,IC2003,2020-01-03 09:43:27.900,5353.0000,54648,0,1375151680.000,1,0,1,多换,S,5352.0000,5351.8000,5351.6000,5351.4000,5351.2000,5354.0000,5355.0000,5355.2000,5356.0000,5357.0000,2,2,1,1,2,1,8,4,9,1
SF,IC2003,2020-01-03 09:43:28.400,5353.0000,54648,0,1375151680.000,0,-,-,-,-,5352.4000,5352.2000,5352.0000,5351.8000,5351.4000,5353.8000,5354.0000,5355.0000,5355.2000,5356.0000,1,4,2,2,1,1,1,8,4,9
SF,IC2003,2020-01-03 09:43:28.900,5353.0000,54648,0,1375151680.000,0,-,-,-,-,5352.6000,5352.4000,5352.2000,5352.0000,5351.8000,5353.0000,5354.0000,5355.0000,5355.2000,5356.0000,2,1,2,3,1,1,1,8,4,9
SF,IC2003,2020-01-03 09:43:29.400,5353.0000,54647,-1,1376222280.000,1,0,1,双平,S,5353.2000,5352.2000,5352.0000,5351.8000,5351.4000,5354.0000,5355.0000,5355.2000,5356.0000,5357.0000,1,1,3,1,1,1,8,4,9,1
SF,IC2003,2020-01-03 09:43:29.900,5353.2000,54646,-1,1377292920.000,1,0,1,双平,S,5352.0000,5350.8000,5350.6000,5350.0000,5349.4000,5352.6000,5353.0000,5353.2000,5354.0000,5355.0000,1,2,1,2,1,1,1,1,1,8
SF,IC2003,2020-01-03 09:43:30.400,5352.0000,54646,0,1378363320.000,1,0,1,多换,S,5350.8000,5350.6000,5350.0000,5349.4000,5349.2000,5352.6000,5353.0000,5354.0000,5355.0000,5355.2000,1,1,2,1,2,1,1,1,8,4
SF,IC2003,2020-01-03 09:43:30.900,5352.6000,54646,0,1380504080.000,2,1,1,多换,S,5351.0000,5350.8000,5350.6000,5350.0000,5349.4000,5353.0000,5354.0000,5355.0000,5355.2000,5356.0000,2,1,1,2,1,1,1,8,4,9
SF,IC2003,2020-01-03 09:43:31.400,5352.6000,54646,0,1380504080.000,0,-,-,-,-,5351.2000,5351.0000,5350.8000,5350.6000,5350.0000,5352.8000,5353.0000,5354.0000,5355.0000,5355.2000,1,2,1,1,2,3,1,1,8,4
SF,IC2003,2020-01-03 09:43:31.900,5351.2000,54645,-1,1382644880.000,2,0,2,多平,S,5351.0000,5350.8000,5350.6000,5350.0000,5349.4000,5353.0000,5354.0000,5355.0000,5355.2000,5356.0000,2,1,1,2,1,1,1,8,4,9
SF,IC2003,2020-01-03 09:43:32.400,5351.2000,54645,0,1382644880.000,0,-,-,-,-,5351.0000,5350.8000,5350.6000,5350.0000,5349.4000,5352.8000,5353.0000,5354.0000,5355.0000,5355.2000,2,1,1,2,1,2,1,1,8,4
SF,IC2003,2020-01-03 09:43:32.900,5351.2000,54645,0,1382644880.000,0,-,-,-,-,5351.0000,5350.8000,5350.6000,5350.0000,5349.4000,5352.0000,5353.0000,5354.0000,5355.0000,5355.2000,2,1,1,2,1,1,1,1,8,4
SF,IC2003,2020-01-03 09:43:33.900,5351.2000,54645,0,1382644880.000,0,-,-,-,-,5351.0000,5350.8000,5350.6000,5350.0000,5349.4000,5352.0000,5353.0000,5354.0000,5355.0000,5355.2000,2,1,1,2,1,1,2,1,7,4
SF,IC2003,2020-01-03 09:43:35.400,5351.0000,54644,-1,1384785280.000,2,0,2,多平,S,5350.8000,5350.6000,5350.0000,5349.4000,5349.2000,5352.0000,5353.0000,5354.0000,5355.0000,5355.2000,1,1,2,1,2,2,1,1,7,4
SF,IC2003,2020-01-03 09:43:35.900,5351.0000,54644,0,1384785280.000,0,-,-,-,-,5350.8000,5350.6000,5350.0000,5349.4000,5349.2000,5351.8000,5352.0000,5353.0000,5354.0000,5355.0000,1,1,2,1,2,3,2,1,1,7
SF,IC2003,2020-01-03 09:43:36.400,5351.0000,54644,0,1384785280.000,0,-,-,-,-,5350.8000,5350.6000,5350.0000,5349.4000,5349.2000,5351.8000,5352.0000,5353.0000,5354.0000,5355.0000,1,1,2,1,2,3,2,1,1,7
SF,IC2003,2020-01-03 09:43:36.900,5350.8000,54644,0,1386925760.000,2,1,1,多换,S,5350.6000,5350.0000,5349.4000,5349.2000,5349.0000,5351.8000,5352.0000,5353.0000,5354.0000,5355.0000,1,2,1,2,2,3,2,1,1,7
SF,IC2003,2020-01-03 09:43:37.400,5350.8000,54644,0,1386925760.000,0,-,-,-,-,5350.6000,5350.0000,5349.4000,5349.2000,5349.0000,5351.8000,5352.0000,5353.0000,5354.0000,5355.0000,1,2,1,2,2,2,2,1,1,8
SF,IC2003,2020-01-03 09:43:37.900,5350.8000,54644,0,1386925760.000,0,-,-,-,-,5350.6000,5350.0000,5349.4000,5349.2000,5349.0000,5351.6000,5351.8000,5352.0000,5353.0000,5354.0000,1,2,1,2,2,1,1,1,1,1
SF,IC2003,2020-01-03 09:43:38.400,5350.8000,54644,0,1386925760.000,0,-,-,-,-,5350.8000,5350.6000,5350.0000,5349.4000,5349.2000,5351.6000,5352.0000,5353.0000,5354.0000,5355.0000,1,1,2,1,2,1,1,1,1,8
SF,IC2003,2020-01-03 09:43:38.900,5350.8000,54644,0,1386925760.000,0,-,-,-,-,5350.8000,5350.6000,5350.0000,5349.4000,5349.2000,5351.6000,5352.0000,5353.0000,5354.0000,5355.0000,1,1,2,1,2,1,1,1,1,8
SF,IC2003,2020-01-03 09:43:39.900,5350.8000,54643,-1,1387995920.000,1,0,1,双平,S,5350.6000,5350.0000,5349.4000,5349.2000,5349.0000,5350.8000,5351.6000,5352.0000,5353.0000,5354.0000,1,2,1,2,2,1,1,1,1,1
SF,IC2003,2020-01-03 09:43:40.400,5350.8000,54642,-1,1389066080.000,1,0,1,双平,S,5351.0000,5350.8000,5350.6000,5350.0000,5349.4000,5351.6000,5352.0000,5353.0000,5354.0000,5355.0000,1,5,1,2,1,1,1,1,1,8
SF,IC2003,2020-01-03 09:43:41.400,5350.8000,54642,0,1389066080.000,0,-,-,-,-,5350.8000,5350.6000,5350.0000,5349.4000,5349.2000,5351.6000,5352.0000,5353.0000,5354.0000,5355.0000,5,1,2,1,2,1,1,1,1,8
SF,IC2003,2020-01-03 09:43:41.900,5350.8000,54642,0,1389066080.000,0,-,-,-,-,5350.8000,5350.6000,5350.0000,5349.4000,5349.2000,5351.6000,5352.0000,5353.0000,5354.0000,5355.0000,5,1,2,1,2,1,1,1,1,8
SF,IC2003,2020-01-03 09:43:42.400,5350.8000,54642,0,1389066080.000,0,-,-,-,-,5350.8000,5350.6000,5350.0000,5349.4000,5349.2000,5351.6000,5352.0000,5353.0000,5354.0000,5355.0000,5,1,2,1,2,1,1,1,1,8
SF,IC2003,2020-01-03 09:43:42.900,5351.6000,54642,0,1390136400.000,1,0,1,多换,S,5350.8000,5350.6000,5350.0000,5349.4000,5349.2000,5352.0000,5353.0000,5354.0000,5355.0000,5355.2000,5,1,2,1,2,1,1,1,8,4
SF,IC2003,2020-01-03 09:43:43.400,5352.0000,54642,0,1391206800.000,1,0,1,多换,S,5352.0000,5351.0000,5350.8000,5350.6000,5350.0000,5353.0000,5354.0000,5355.0000,5355.2000,5356.0000,3,3,2,1,2,1,1,8,4,9
SF,IC2003,2020-01-03 09:43:43.900,5352.0000,54642,0,1391206800.000,0,-,-,-,-,5351.0000,5350.8000,5350.6000,5350.0000,5349.4000,5352.8000,5353.0000,5354.0000,5355.0000,5355.2000,3,2,1,2,1,1,1,1,8,4
SF,IC2003,2020-01-03 09:43:44.400,5352.0000,54642,0,1391206800.000,0,-,-,-,-,5351.2000,5351.0000,5350.8000,5350.6000,5350.0000,5352.8000,5353.0000,5354.0000,5355.0000,5355.2000,2,3,2,1,2,1,1,1,8,4
SF,IC2003,2020-01-03 09:43:44.900,5352.0000,54642,0,1391206800.000,0,-,-,-,-,5351.4000,5351.2000,5351.0000,5350.8000,5350.6000,5352.8000,5353.0000,5354.0000,5355.0000,5355.2000,1,2,2,2,1,1,1,1,8,4
SF,IC2003,2020-01-03 09:43:45.400,5351.6000,54641,-1,1392277120.000,1,0,1,双平,S,5351.4000,5351.2000,5351.0000,5350.6000,5350.0000,5352.8000,5353.0000,5354.0000,5355.0000,5355.2000,1,2,2,1,2,1,1,1,8,4
SF,IC2003,2020-01-03 09:43:46.400,5351.6000,54641,0,1392277120.000,0,-,-,-,-,5351.4000,5351.2000,5351.0000,5350.6000,5350.0000,5352.8000,5353.0000,5354.0000,5355.0000,5355.2000,1,2,1,1,2,1,1,2,8,4
SF,IC2003,2020-01-03 09:43:46.900,5351.6000,54641,0,1392277120.000,0,-,-,-,-,5350.6000,5350.0000,5349.4000,5349.2000,5349.0000,5352.2000,5352.8000,5353.0000,5354.0000,5355.0000,1,2,1,2,2,1,1,1,2,8
SF,IC2003,2020-01-03 09:43:47.400,5351.6000,54641,0,1392277120.000,0,-,-,-,-,5351.2000,5351.0000,5350.8000,5350.6000,5350.0000,5352.2000,5352.8000,5353.0000,5354.0000,5355.0000,1,2,1,1,2,1,1,1,2,8
SF,IC2003,2020-01-03 09:43:47.900,5352.2000,54641,0,1393347560.000,1,0,1,多换,S,5352.2000,5351.4000,5351.0000,5350.8000,5350.6000,5352.8000,5353.0000,5354.0000,5355.0000,5355.2000,3,2,2,1,1,1,1,2,8,4
SF,IC2003,2020-01-03 09:43:48.400,5352.2000,54641,0,1393347560.000,0,-,-,-,-,5351.0000,5350.8000,5350.6000,5350.0000,5349.4000,5352.8000,5353.0000,5354.0000,5355.0000,5355.2000,2,1,1,2,1,1,1,2,8,4
SF,IC2003,2020-01-03 09:43:48.900,5352.2000,54641,0,1393347560.000,0,-,-,-,-,5351.6000,5351.2000,5351.0000,5350.6000,5350.0000,5352.8000,5353.0000,5354.0000,5355.0000,5355.2000,1,3,2,1,2,1,1,2,8,4
SF,IC2003,2020-01-03 09:43:50.400,5352.2000,54641,0,1393347560.000,0,-,-,-,-,5351.8000,5351.6000,5351.2000,5351.0000,5350.6000,5352.6000,5352.8000,5353.0000,5354.0000,5355.0000,3,1,3,2,1,1,1,1,2,8
SF,IC2003,2020-01-03 09:43:50.900,5352.2000,54641,0,1393347560.000,0,-,-,-,-,5351.8000,5351.6000,5351.2000,5351.0000,5350.6000,5352.6000,5353.0000,5354.0000,5355.0000,5355.2000,3,1,3,2,1,1,1,2,8,4
SF,IC2003,2020-01-03 09:43:51.400,5352.6000,54640,-1,1394418080.000,1,0,1,双平,S,5352.6000,5351.8000,5351.2000,5351.0000,5350.6000,5353.0000,5354.0000,5355.0000,5355.2000,5356.0000,1,3,3,2,1,1,2,8,4,9
SF,IC2003,2020-01-03 09:43:51.900,5352.6000,54640,0,1394418080.000,0,-,-,-,-,5352.6000,5351.8000,5351.2000,5351.0000,5350.6000,5353.0000,5354.0000,5355.0000,5355.2000,5356.0000,1,3,2,2,1,1,2,8,4,9
SF,IC2003,2020-01-03 09:43:52.400,5352.6000,54640,0,1394418080.000,0,-,-,-,-,5351.8000,5351.2000,5351.0000,5350.6000,5350.0000,5353.0000,5354.0000,5355.0000,5355.2000,5356.0000,3,2,2,1,2,1,2,8,4,9
SF,IC2003,2020-01-03 09:43:52.900,5352.6000,54640,0,1394418080.000,0,-,-,-,-,5352.4000,5351.8000,5351.2000,5351.0000,5350.6000,5353.0000,5354.0000,5355.0000,5355.2000,5356.0000,1,3,2,2,1,1,2,8,4,9
SF,IC2003,2020-01-03 09:43:53.400,5352.6000,54640,0,1394418080.000,0,-,-,-,-,5351.8000,5351.2000,5351.0000,5350.6000,5350.0000,5353.0000,5354.0000,5355.0000,5355.2000,5356.0000,3,2,2,1,2,1,2,8,4,9
SF,IC2003,2020-01-03 09:43:54.900,5352.6000,54640,0,1394418080.000,0,-,-,-,-,5351.8000,5351.2000,5351.0000,5350.6000,5350.0000,5353.0000,5354.0000,5355.0000,5355.2000,5356.0000,2,2,2,1,2,1,2,8,4,9
SF,IC2003,2020-01-03 09:43:55.400,5352.6000,54640,0,1394418080.000,0,-,-,-,-,5351.8000,5351.2000,5351.0000,5350.6000,5350.0000,5353.0000,5354.0000,5355.0000,5355.2000,5356.0000,2,1,2,1,2,1,2,8,4,9
SF,IC2003,2020-01-03 09:43:55.900,5352.6000,54640,0,1394418080.000,0,-,-,-,-,5351.0000,5350.6000,5350.0000,5349.4000,5349.2000,5352.8000,5353.0000,5354.0000,5355.0000,5355.2000,2,1,2,1,2,2,1,2,8,4
SF,IC2003,2020-01-03 09:43:56.400,5352.6000,54640,0,1394418080.000,0,-,-,-,-,5351.2000,5351.0000,5350.6000,5350.0000,5349.4000,5352.6000,5352.8000,5353.0000,5354.0000,5355.0000,2,2,1,2,1,1,2,1,2,8
SF,IC2003,2020-01-03 09:43:56.900,5352.6000,54640,0,1396559120.000,2,1,1,多换,S,5351.2000,5351.0000,5350.6000,5350.0000,5349.4000,5352.4000,5352.6000,5352.8000,5353.0000,5354.0000,2,2,1,2,1,1,1,1,1,2
SF,IC2003,2020-01-03 09:43:57.400,5352.6000,54640,0,1396559120.000,0,-,-,-,-,5351.4000,5351.2000,5351.0000,5350.6000,5350.0000,5352.6000,5352.8000,5353.0000,5354.0000,5355.0000,1,2,2,1,2,1,1,1,2,8
SF,IC2003,2020-01-03 09:43:57.900,5352.6000,54640,0,1396559120.000,0,-,-,-,-,5351.4000,5351.2000,5351.0000,5350.6000,5350.0000,5352.6000,5352.8000,5353.0000,5354.0000,5355.0000,1,2,2,1,2,1,1,1,2,8
SF,IC2003,2020-01-03 09:43:58.400,5352.6000,54640,0,1396559120.000,0,-,-,-,-,5351.8000,5351.4000,5351.2000,5351.0000,5350.6000,5352.6000,5352.8000,5353.0000,5354.0000,5355.0000,1,1,2,2,1,1,1,1,2,8
SF,IC2003,2020-01-03 09:43:58.900,5352.6000,54640,0,1396559120.000,0,-,-,-,-,5351.8000,5351.4000,5351.2000,5351.0000,5350.6000,5352.8000,5353.0000,5354.0000,5355.0000,5355.2000,1,1,2,2,1,1,1,2,8,4
SF,IC2003,2020-01-03 09:43:59.400,5352.8000,54641,1,1397629680.000,1,1,0,双开,S,5351.8000,5351.4000,5351.2000,5351.0000,5350.6000,5353.0000,5354.0000,5355.0000,5355.2000,5356.0000,1,1,2,2,1,1,2,8,4,9
SF,IC2003,2020-01-03 09:43:59.900,5351.8000,54641,0,1398700040.000,1,0,1,多换,S,5351.4000,5351.2000,5351.0000,5350.6000,5350.0000,5353.0000,5354.0000,5355.0000,5355.2000,5356.0000,1,2,2,1,2,1,2,8,4,9
SF,IC2003,2020-01-03 09:44:00.400,5351.8000,54641,0,1398700040.000,0,-,-,-,-,5351.8000,5351.4000,5351.2000,5351.0000,5350.6000,5353.0000,5354.0000,5355.0000,5355.2000,5356.0000,2,1,2,2,1,1,2,8,4,9
SF,IC2003,2020-01-03 09:44:00.900,5351.8000,54641,0,1398700040.000,0,-,-,-,-,5352.6000,5352.0000,5351.8000,5351.2000,5351.0000,5353.0000,5354.0000,5355.0000,5355.2000,5356.0000,1,1,2,2,2,1,2,8,4,9
SF,IC2003,2020-01-03 09:44:01.400,5352.6000,54641,0,1399770560.000,1,0,1,多换,S,5351.8000,5351.0000,5350.6000,5350.0000,5349.4000,5353.0000,5354.0000,5355.0000,5355.2000,5356.0000,2,2,1,2,1,1,2,8,4,9
SF,IC2003,2020-01-03 09:44:01.900,5352.6000,54641,0,1399770560.000,0,-,-,-,-,5351.8000,5351.0000,5350.6000,5350.0000,5349.4000,5352.8000,5353.0000,5354.0000,5355.0000,5355.2000,2,2,1,2,1,1,2,2,8,4
SF,IC2003,2020-01-03 09:44:02.400,5352.8000,54641,0,1400841120.000,1,0,1,多换,S,5352.2000,5351.8000,5351.0000,5350.6000,5350.0000,5353.0000,5354.0000,5355.0000,5355.2000,5356.0000,1,2,2,1,2,1,2,8,4,9
SF,IC2003,2020-01-03 09:44:02.900,5353.0000,54640,-1,1401911720.000,1,0,1,双平,S,5352.4000,5351.8000,5351.0000,5350.6000,5350.0000,5354.0000,5355.0000,5355.2000,5356.0000,5357.0000,1,2,2,1,2,1,8,4,9,1
SF,IC2003,2020-01-03 09:44:03.400,5353.0000,54640,0,1401911720.000,0,-,-,-,-,5352.6000,5352.4000,5351.8000,5351.0000,5350.6000,5353.8000,5354.0000,5355.0000,5355.2000,5356.0000,1,2,2,2,1,2,1,8,4,9
SF,IC2003,2020-01-03 09:44:03.900,5353.8000,54639,-1,1404053000.000,2,0,2,多平,S,5352.8000,5352.4000,5351.8000,5351.0000,5350.6000,5353.8000,5354.0000,5355.0000,5355.2000,5356.0000,1,1,2,2,1,1,1,8,4,9
SF,IC2003,2020-01-03 09:44:04.400,5353.8000,54639,0,1404053000.000,0,-,-,-,-,5352.8000,5352.4000,5351.8000,5351.0000,5350.6000,5353.8000,5354.0000,5355.0000,5355.2000,5356.0000,1,1,2,2,1,1,1,8,4,9
SF,IC2003,2020-01-03 09:44:04.900,5353.8000,54638,-1,1405123760.000,1,0,1,双平,S,5352.8000,5351.8000,5351.0000,5350.6000,5350.0000,5354.0000,5355.0000,5355.2000,5356.0000,5357.0000,1,2,2,1,2,1,8,4,9,1
SF,IC2003,2020-01-03 09:44:05.400,5353.8000,54638,0,1405123760.000,0,-,-,-,-,5352.8000,5351.8000,5351.0000,5350.6000,5350.0000,5353.8000,5354.0000,5355.0000,5355.2000,5356.0000,1,2,2,1,2,2,1,8,4,9
SF,IC2003,2020-01-03 09:44:05.900,5352.8000,54637,-1,1406194320.000,1,0,1,双平,S,5351.8000,5351.0000,5350.6000,5350.0000,5349.4000,5353.8000,5354.0000,5355.0000,5355.2000,5356.0000,2,2,1,2,1,2,1,8,4,9
SF,IC2003,2020-01-03 09:44:06.400,5352.8000,54637,0,1406194320.000,0,-,-,-,-,5352.0000,5351.8000,5351.0000,5350.6000,5350.0000,5353.6000,5353.8000,5354.0000,5355.0000,5355.2000,1,2,2,1,2,4,2,1,8,4
SF,IC2003,2020-01-03 09:44:06.900,5353.4000,54639,2,1408335680.000,2,2,0,双开,S,5352.0000,5351.8000,5351.0000,5350.6000,5350.0000,5353.6000,5353.8000,5354.0000,5355.0000,5355.2000,1,2,2,1,2,2,2,1,8,4
SF,IC2003,2020-01-03 09:44:07.400,5353.4000,54639,0,1408335680.000,0,-,-,-,-,5352.0000,5351.8000,5351.0000,5350.6000,5350.0000,5353.6000,5353.8000,5354.0000,5355.0000,5355.2000,1,2,2,1,3,2,2,1,8,4
SF,IC2003,2020-01-03 09:44:07.900,5353.6000,54637,-2,1410477120.000,2,0,2,双平,S,5352.0000,5351.8000,5351.0000,5350.6000,5350.0000,5353.8000,5354.0000,5355.0000,5355.2000,5356.0000,1,2,2,1,3,2,1,8,4,9
SF,IC2003,2020-01-03 09:44:08.400,5353.6000,54637,0,1410477120.000,0,-,-,-,-,5352.2000,5352.0000,5351.8000,5351.0000,5350.6000,5353.4000,5353.6000,5353.8000,5354.0000,5355.0000,1,1,2,2,1,2,1,2,1,8
SF,IC2003,2020-01-03 09:44:08.900,5353.6000,54637,0,1410477120.000,0,-,-,-,-,5352.2000,5352.0000,5351.8000,5351.0000,5350.6000,5353.2000,5353.6000,5353.8000,5354.0000,5355.0000,1,1,2,2,1,1,1,2,1,8
SF,IC2003,2020-01-03 09:44:09.400,5353.6000,54637,0,1410477120.000,0,-,-,-,-,5352.2000,5352.0000,5351.8000,5351.0000,5350.6000,5353.4000,5353.8000,5354.0000,5355.0000,5355.2000,1,1,1,2,1,1,2,1,8,4
SF,IC2003,2020-01-03 09:44:09.900,5353.6000,54637,0,1410477120.000,0,-,-,-,-,5353.4000,5352.2000,5352.0000,5351.8000,5351.0000,5353.6000,5353.8000,5354.0000,5355.0000,5355.2000,1,1,1,1,2,1,2,1,8,4
SF,IC2003,2020-01-03 09:44:10.400,5353.4000,54637,0,1411547800.000,1,0,1,多换,S,5352.2000,5352.0000,5351.0000,5350.6000,5350.0000,5353.4000,5353.6000,5353.8000,5354.0000,5355.0000,1,1,2,1,3,7,1,2,1,8
SF,IC2003,2020-01-03 09:44:10.900,5352.4000,54636,-1,1412618280.000,1,0,1,双平,S,5352.2000,5351.0000,5350.6000,5350.0000,5349.4000,5353.2000,5353.8000,5354.0000,5355.0000,5355.2000,2,2,1,4,1,1,1,1,8,4
SF,IC2003,2020-01-03 09:44:11.400,5352.2000,54636,0,1414759160.000,2,1,1,多换,S,5353.4000,5351.0000,5350.6000,5350.0000,5349.4000,5353.6000,5353.8000,5354.0000,5355.0000,5355.2000,1,2,1,4,1,1,1,1,8,4
SF,IC2003,2020-01-03 09:44:11.900,5353.4000,54635,-1,1415829840.000,1,0,1,双平,S,5351.0000,5350.6000,5350.0000,5349.4000,5349.2000,5353.4000,5353.6000,5353.8000,5354.0000,5355.0000,2,1,4,1,2,6,1,1,1,8
SF,IC2003,2020-01-03 09:44:12.400,5353.2000,54635,0,1419041360.000,3,1,2,多换,S,5351.2000,5351.0000,5350.6000,5350.0000,5349.4000,5353.4000,5353.8000,5354.0000,5355.0000,5355.2000,2,2,1,4,1,4,2,1,8,4
SF,IC2003,2020-01-03 09:44:12.900,5353.2000,54635,0,1419041360.000,0,-,-,-,-,5351.6000,5351.2000,5351.0000,5350.6000,5350.0000,5353.4000,5353.6000,5353.8000,5354.0000,5355.0000,3,2,2,1,4,4,1,2,1,8
SF,IC2003,2020-01-03 09:44:13.400,5353.2000,54635,0,1419041360.000,0,-,-,-,-,5351.8000,5351.6000,5351.2000,5351.0000,5350.6000,5353.4000,5353.6000,5353.8000,5354.0000,5355.0000,1,3,1,2,1,4,1,2,1,8
SF,IC2003,2020-01-03 09:44:14.400,5353.4000,54635,0,1421182680.000,2,1,1,多换,S,5351.8000,5351.6000,5351.0000,5350.6000,5350.0000,5353.4000,5353.6000,5353.8000,5354.0000,5355.0000,1,2,2,1,4,3,1,2,1,8
SF,IC2003,2020-01-03 09:44:16.900,5353.4000,54635,0,1422253360.000,1,0,1,多换,S,5351.8000,5351.6000,5351.0000,5350.6000,5350.0000,5353.4000,5353.6000,5353.8000,5354.0000,5355.0000,1,2,2,1,4,2,1,2,1,8
SF,IC2003,2020-01-03 09:44:17.400,5353.4000,54635,0,1422253360.000,0,-,-,-,-,5351.8000,5351.0000,5350.6000,5350.0000,5349.4000,5353.2000,5353.6000,5353.8000,5354.0000,5355.0000,1,2,1,4,1,2,1,3,1,8
SF,IC2003,2020-01-03 09:44:17.900,5351.8000,54634,-1,1423323720.000,1,0,1,双平,S,5351.0000,5350.6000,5350.0000,5349.4000,5349.2000,5351.8000,5353.2000,5353.6000,5353.8000,5354.0000,2,1,4,1,2,2,2,1,3,1
SF,IC2003,2020-01-03 09:44:18.400,5353.6000,54632,-2,1428676160.000,5,1,4,多平,S,5351.8000,5351.2000,5351.0000,5350.6000,5350.0000,5353.8000,5354.0000,5355.0000,5355.2000,5356.0000,2,2,2,1,4,3,1,8,4,9
SF,IC2003,2020-01-03 09:44:18.900,5353.6000,54632,0,1428676160.000,0,-,-,-,-,5352.0000,5351.8000,5351.2000,5351.0000,5350.6000,5353.6000,5353.8000,5354.0000,5355.0000,5355.2000,1,2,1,2,1,5,3,1,8,4
SF,IC2003,2020-01-03 09:44:19.400,5353.6000,54632,0,1428676160.000,0,-,-,-,-,5352.0000,5351.8000,5351.4000,5351.2000,5351.0000,5353.6000,5353.8000,5354.0000,5355.0000,5355.2000,1,2,2,1,2,3,3,1,8,4
SF,IC2003,2020-01-03 09:44:19.900,5353.6000,54632,0,1428676160.000,0,-,-,-,-,5353.6000,5352.2000,5352.0000,5351.8000,5351.4000,5353.8000,5354.0000,5355.0000,5355.2000,5356.0000,1,1,2,2,2,3,1,8,4,9
SF,IC2003,2020-01-03 09:44:20.400,5353.6000,54631,-1,1429746880.000,1,0,1,双平,S,5352.2000,5352.0000,5351.8000,5351.4000,5351.2000,5353.4000,5353.6000,5353.8000,5355.0000,5355.2000,1,2,2,2,1,1,2,3,8,4
SF,IC2003,2020-01-03 09:44:20.900,5353.6000,54628,-3,1432959000.000,3,0,3,双平,S,5352.4000,5352.2000,5351.4000,5351.2000,5351.0000,5353.8000,5355.0000,5355.2000,5356.0000,5357.0000,1,2,2,1,2,3,8,4,9,1
SF,IC2003,2020-01-03 09:44:21.400,5353.6000,54628,0,1432959000.000,0,-,-,-,-,5352.4000,5352.2000,5351.4000,5351.2000,5351.0000,5353.8000,5355.0000,5355.2000,5356.0000,5357.0000,2,2,2,1,2,3,8,4,9,1
SF,IC2003,2020-01-03 09:44:21.900,5353.8000,54628,0,1434029760.000,1,0,1,多换,S,5352.4000,5352.2000,5352.0000,5351.4000,5351.2000,5353.8000,5355.0000,5355.2000,5356.0000,5357.0000,2,2,1,2,1,2,8,4,9,1
SF,IC2003,2020-01-03 09:44:22.400,5353.8000,54628,0,1434029760.000,0,-,-,-,-,5352.6000,5352.4000,5352.2000,5352.0000,5351.4000,5353.8000,5355.0000,5355.2000,5356.0000,5357.0000,1,2,1,1,2,2,8,4,9,1
SF,IC2003,2020-01-03 09:44:24.400,5353.8000,54628,0,1434029760.000,0,-,-,-,-,5352.6000,5352.4000,5352.2000,5352.0000,5351.4000,5353.8000,5355.0000,5355.2000,5356.0000,5357.0000,1,2,1,1,2,2,8,4,9,1
SF,IC2003,2020-01-03 09:44:24.900,5353.8000,54628,0,1434029760.000,0,-,-,-,-,5352.8000,5352.6000,5352.4000,5352.2000,5352.0000,5353.8000,5355.0000,5355.2000,5356.0000,5357.0000,1,1,1,1,1,2,8,4,9,1
SF,IC2003,2020-01-03 09:44:25.400,5353.8000,54628,0,1434029760.000,0,-,-,-,-,5352.8000,5352.6000,5352.4000,5352.0000,5351.4000,5353.8000,5355.0000,5355.2000,5356.0000,5357.0000,1,1,1,1,2,2,8,4,9,1
SF,IC2003,2020-01-03 09:44:25.900,5353.8000,54628,0,1434029760.000,0,-,-,-,-,5352.8000,5352.6000,5352.0000,5351.2000,5351.0000,5353.8000,5355.0000,5355.2000,5356.0000,5357.0000,1,1,2,1,2,2,8,4,9,1
SF,IC2003,2020-01-03 09:44:26.400,5353.8000,54628,0,1434029760.000,0,-,-,-,-,5352.8000,5352.6000,5352.0000,5351.2000,5351.0000,5353.8000,5355.0000,5355.2000,5356.0000,5357.0000,1,3,2,1,2,2,8,4,9,1
SF,IC2003,2020-01-03 09:44:27.400,5352.8000,54627,-1,1435100320.000,1,0,1,双平,S,5352.6000,5352.0000,5351.2000,5351.0000,5350.6000,5353.8000,5355.0000,5355.2000,5356.0000,5357.0000,3,2,1,2,1,2,8,4,9,1
SF,IC2003,2020-01-03 09:44:27.900,5352.8000,54627,0,1435100320.000,0,-,-,-,-,5352.8000,5352.6000,5352.0000,5351.2000,5351.0000,5353.6000,5353.8000,5355.0000,5355.2000,5356.0000,1,2,2,1,2,1,2,8,4,9
SF,IC2003,2020-01-03 09:44:29.400,5352.8000,54627,0,1435100320.000,0,-,-,-,-,5352.8000,5352.6000,5352.0000,5351.2000,5351.0000,5353.6000,5353.8000,5355.0000,5355.2000,5356.0000,1,2,2,1,2,1,2,8,4,9
SF,IC2003,2020-01-03 09:44:29.900,5352.8000,54628,1,1436170880.000,1,1,0,双开,S,5352.8000,5352.6000,5352.0000,5351.2000,5351.0000,5353.6000,5353.8000,5355.0000,5355.2000,5356.0000,1,2,2,1,2,1,2,8,4,9
SF,IC2003,2020-01-03 09:44:30.900,5352.8000,54628,0,1436170880.000,0,-,-,-,-,5353.0000,5352.8000,5352.6000,5352.0000,5351.0000,5353.6000,5353.8000,5355.0000,5355.2000,5356.0000,2,1,2,2,2,1,2,8,4,9
SF,IC2003,2020-01-03 09:44:31.400,5352.8000,54628,0,1436170880.000,0,-,-,-,-,5353.2000,5353.0000,5352.8000,5352.6000,5352.0000,5353.8000,5355.0000,5355.2000,5356.0000,5357.0000,1,2,1,2,2,2,8,4,9,1
SF,IC2003,2020-01-03 09:44:32.900,5352.8000,54628,0,1436170880.000,0,-,-,-,-,5353.0000,5352.6000,5352.0000,5351.0000,5350.6000,5353.8000,5355.0000,5355.2000,5356.0000,5357.0000,2,2,2,2,1,2,8,4,9,1
SF,IC2003,2020-01-03 09:44:33.400,5352.8000,54628,0,1436170880.000,0,-,-,-,-,5352.6000,5352.0000,5351.0000,5350.0000,5349.4000,5353.2000,5353.8000,5355.0000,5355.2000,5356.0000,2,2,2,5,1,1,2,8,4,9
SF,IC2003,2020-01-03 09:44:33.900,5353.8000,54629,1,1439383040.000,3,2,1,空开,S,5353.2000,5352.8000,5352.6000,5352.0000,5351.0000,5355.0000,5355.2000,5356.0000,5357.0000,5357.4000,3,2,2,2,2,8,4,9,1,1
SF,IC2003,2020-01-03 09:44:34.400,5353.8000,54629,0,1439383040.000,0,-,-,-,-,5353.8000,5353.2000,5352.8000,5352.6000,5352.0000,5354.6000,5354.8000,5355.0000,5355.2000,5356.0000,1,3,2,2,2,2,2,8,4,9
SF,IC2003,2020-01-03 09:44:34.900,5353.8000,54629,0,1439383040.000,0,-,-,-,-,5353.8000,5353.2000,5352.8000,5352.6000,5352.0000,5354.4000,5354.8000,5355.0000,5355.2000,5356.0000,1,3,2,2,2,1,2,8,4,9
SF,IC2003,2020-01-03 09:44:35.400,5353.8000,54629,0,1439383040.000,0,-,-,-,-,5353.8000,5353.2000,5352.8000,5352.6000,5352.0000,5354.4000,5355.0000,5355.2000,5356.0000,5357.0000,1,3,2,2,2,1,8,4,9,1
SF,IC2003,2020-01-03 09:44:35.900,5353.8000,54629,0,1440453800.000,1,0,1,多换,S,5353.2000,5352.8000,5352.6000,5352.0000,5351.0000,5354.4000,5355.0000,5355.2000,5356.0000,5357.0000,3,2,2,2,2,1,8,4,9,1
SF,IC2003,2020-01-03 09:44:36.900,5353.8000,54629,0,1440453800.000,0,-,-,-,-,5352.8000,5352.6000,5352.0000,5351.0000,5350.0000,5354.4000,5355.0000,5355.2000,5356.0000,5357.0000,2,2,2,2,5,1,8,4,9,1
SF,IC2003,2020-01-03 09:44:37.400,5353.8000,54629,0,1440453800.000,0,-,-,-,-,5352.6000,5352.0000,5351.0000,5350.0000,5349.4000,5354.4000,5355.0000,5355.2000,5356.0000,5357.0000,2,2,2,5,1,1,8,4,9,1
SF,IC2003,2020-01-03 09:44:37.900,5352.6000,54628,-1,1441524320.000,1,0,1,双平,S,5352.6000,5352.0000,5351.0000,5350.0000,5349.4000,5354.0000,5354.2000,5354.4000,5355.0000,5355.2000,1,2,2,5,1,2,1,1,8,4
SF,IC2003,2020-01-03 09:44:38.400,5352.6000,54628,0,1441524320.000,0,-,-,-,-,5352.6000,5352.0000,5351.0000,5350.0000,5349.4000,5353.2000,5353.8000,5354.2000,5355.0000,5355.2000,1,2,2,5,1,1,1,1,8,4
SF,IC2003,2020-01-03 09:44:38.900,5352.6000,54628,0,1441524320.000,0,-,-,-,-,5352.6000,5352.0000,5351.0000,5350.0000,5349.4000,5353.2000,5353.8000,5355.0000,5355.2000,5356.0000,1,2,2,5,1,1,1,8,4,9
SF,IC2003,2020-01-03 09:44:40.400,5352.6000,54628,0,1441524320.000,0,-,-,-,-,5352.6000,5352.0000,5351.0000,5350.0000,5349.4000,5353.2000,5353.8000,5355.0000,5355.2000,5356.0000,1,2,1,5,1,1,1,8,4,9
SF,IC2003,2020-01-03 09:44:40.900,5352.6000,54628,0,1441524320.000,0,-,-,-,-,5352.6000,5352.0000,5351.0000,5350.0000,5349.4000,5353.2000,5353.8000,5355.0000,5355.2000,5356.0000,1,2,1,5,1,1,1,8,4,9
SF,IC2003,2020-01-03 09:44:41.400,5352.6000,54628,0,1442594840.000,1,0,1,多换,S,5352.0000,5351.0000,5350.0000,5349.4000,5349.0000,5353.2000,5353.8000,5355.0000,5355.2000,5356.0000,2,1,5,1,2,1,1,8,4,9
SF,IC2003,2020-01-03 09:44:41.900,5352.6000,54628,0,1442594840.000,0,-,-,-,-,5352.2000,5352.0000,5351.0000,5350.0000,5349.4000,5353.2000,5353.8000,5355.0000,5355.2000,5356.0000,5,2,1,5,1,1,1,8,4,9
SF,IC2003,2020-01-03 09:44:42.400,5352.6000,54628,0,1442594840.000,0,-,-,-,-,5352.4000,5352.2000,5352.0000,5351.0000,5350.0000,5352.6000,5353.8000,5355.0000,5355.2000,5356.0000,2,3,2,1,5,1,1,8,4,9
SF,IC2003,2020-01-03 09:44:42.900,5352.6000,54628,0,1443665360.000,1,0,1,多换,S,5352.8000,5352.6000,5352.2000,5352.0000,5351.0000,5353.8000,5355.0000,5355.2000,5356.0000,5357.0000,1,6,5,2,1,1,8,4,9,1
SF,IC2003,2020-01-03 09:44:43.900,5352.6000,54628,0,1443665360.000,0,-,-,-,-,5352.8000,5352.6000,5352.2000,5352.0000,5351.0000,5353.8000,5355.0000,5355.2000,5356.0000,5357.0000,1,6,4,2,1,1,8,4,9,1
SF,IC2003,2020-01-03 09:44:44.400,5352.6000,54628,0,1443665360.000,0,-,-,-,-,5352.6000,5352.2000,5352.0000,5351.0000,5350.0000,5353.8000,5355.0000,5355.2000,5356.0000,5357.0000,4,4,2,1,5,1,8,4,9,1
SF,IC2003,2020-01-03 09:44:44.900,5352.6000,54628,0,1443665360.000,0,-,-,-,-,5352.2000,5352.0000,5351.0000,5350.0000,5349.4000,5353.8000,5355.0000,5355.2000,5356.0000,5357.0000,3,2,1,5,1,2,8,4,9,1
SF,IC2003,2020-01-03 09:44:45.400,5352.6000,54628,0,1443665360.000,0,-,-,-,-,5352.4000,5352.2000,5352.0000,5351.0000,5350.0000,5353.8000,5355.0000,5355.2000,5356.0000,5357.0000,2,1,2,1,5,2,8,4,9,1
SF,IC2003,2020-01-03 09:44:45.900,5352.6000,54628,0,1443665360.000,0,-,-,-,-,5352.4000,5352.2000,5352.0000,5351.0000,5350.0000,5353.4000,5353.8000,5355.0000,5355.2000,5356.0000,2,1,2,1,5,1,2,8,4,9
SF,IC2003,2020-01-03 09:44:46.400,5353.4000,54628,0,1444736040.000,1,0,1,多换,S,5352.4000,5352.2000,5352.0000,5351.0000,5350.0000,5353.8000,5355.0000,5355.2000,5356.0000,5357.0000,2,1,2,1,5,1,3,4,9,1
SF,IC2003,2020-01-03 09:44:46.900,5353.4000,54628,0,1444736040.000,0,-,-,-,-,5352.6000,5352.0000,5351.0000,5350.0000,5349.4000,5355.0000,5355.2000,5356.0000,5357.0000,5357.4000,4,2,1,5,1,3,4,9,1,1
SF,IC2003,2020-01-03 09:44:47.400,5353.4000,54628,0,1444736040.000,0,-,-,-,-,5352.6000,5352.0000,5351.0000,5350.0000,5349.4000,5354.6000,5354.8000,5355.0000,5355.2000,5356.0000,2,2,1,5,1,3,1,3,4,9
SF,IC2003,2020-01-03 09:44:47.900,5353.4000,54628,0,1444736040.000,0,-,-,-,-,5352.6000,5352.0000,5351.0000,5350.0000,5349.4000,5354.4000,5354.6000,5355.0000,5355.2000,5356.0000,2,2,1,5,1,3,1,3,4,9
SF,IC2003,2020-01-03 09:44:48.400,5354.2000,54628,0,1445806880.000,1,0,1,多换,S,5352.8000,5352.6000,5352.0000,5351.0000,5350.0000,5354.2000,5354.4000,5354.6000,5355.0000,5355.2000,1,1,2,1,5,1,1,1,3,4
SF,IC2003,2020-01-03 09:44:48.900,5354.2000,54628,0,1445806880.000,0,-,-,-,-,5353.0000,5352.8000,5352.0000,5351.0000,5350.0000,5354.2000,5354.4000,5354.6000,5355.0000,5355.2000,3,1,2,1,5,1,1,1,3,4
SF,IC2003,2020-01-03 09:44:49.400,5354.2000,54628,0,1445806880.000,0,-,-,-,-,5354.2000,5353.2000,5353.0000,5352.0000,5351.0000,5354.6000,5355.0000,5355.2000,5356.0000,5357.0000,1,4,1,2,1,1,3,4,9,1
SF,IC2003,2020-01-03 09:44:49.900,5354.6000,54627,-1,1446877800.000,1,0,1,双平,S,5354.6000,5353.2000,5353.0000,5352.0000,5351.0000,5355.0000,5355.2000,5356.0000,5357.0000,5357.4000,1,4,1,2,1,3,4,9,1,1
SF,IC2003,2020-01-03 09:44:50.400,5354.6000,54627,0,1447948720.000,1,0,1,多换,S,5354.8000,5353.2000,5353.0000,5352.0000,5351.0000,5355.0000,5355.2000,5356.0000,5357.0000,5357.4000,1,4,1,2,1,3,4,9,1,1
SF,IC2003,2020-01-03 09:44:50.900,5354.8000,54626,-1,1449019680.000,1,0,1,双平,S,5353.2000,5353.0000,5352.0000,5351.0000,5350.0000,5354.6000,5355.0000,5355.2000,5356.0000,5357.0000,4,1,2,1,5,1,3,4,9,1
SF,IC2003,2020-01-03 09:44:51.400,5354.2000,54626,0,1450090520.000,1,0,1,多换,S,5353.4000,5353.2000,5352.0000,5351.0000,5350.0000,5355.0000,5355.2000,5356.0000,5357.0000,5357.4000,5,2,2,1,5,3,4,9,1,1
SF,IC2003,2020-01-03 09:44:51.900,5354.2000,54626,0,1450090520.000,0,-,-,-,-,5353.6000,5353.4000,5353.2000,5352.0000,5351.0000,5355.0000,5355.2000,5356.0000,5357.0000,5357.4000,2,3,2,2,1,3,4,9,1,1
SF,IC2003,2020-01-03 09:44:52.400,5354.2000,54626,0,1450090520.000,0,-,-,-,-,5353.8000,5353.4000,5353.2000,5352.0000,5351.0000,5355.0000,5355.2000,5356.0000,5357.0000,5357.4000,4,2,2,2,1,3,4,9,1,1
SF,IC2003,2020-01-03 09:44:52.900,5354.2000,54626,0,1450090520.000,0,-,-,-,-,5353.8000,5353.2000,5352.0000,5351.0000,5350.0000,5355.0000,5355.2000,5356.0000,5357.0000,5357.4000,2,1,2,1,5,3,4,9,1,1
SF,IC2003,2020-01-03 09:44:53.400,5354.0000,54625,-1,1451161320.000,1,0,1,双平,S,5354.0000,5353.8000,5352.0000,5351.0000,5350.0000,5355.0000,5355.2000,5356.0000,5357.0000,5357.4000,1,2,2,1,5,3,4,9,1,1
SF,IC2003,2020-01-03 09:44:53.900,5354.0000,54625,0,1451161320.000,0,-,-,-,-,5353.8000,5352.0000,5351.0000,5350.0000,5349.4000,5355.0000,5355.2000,5356.0000,5357.0000,5357.4000,2,2,1,5,1,3,4,9,1,1
SF,IC2003,2020-01-03 09:44:54.400,5354.0000,54625,0,1452232120.000,1,0,1,多换,S,5353.8000,5352.0000,5351.0000,5350.0000,5349.4000,5355.0000,5355.2000,5356.0000,5357.0000,5357.4000,2,2,1,5,1,3,4,9,1,1
SF,IC2003,2020-01-03 09:44:55.900,5355.0000,54626,1,1455445120.000,3,2,1,空开,S,5355.0000,5354.0000,5353.8000,5352.0000,5351.0000,5355.2000,5356.0000,5357.0000,5357.4000,5357.8000,2,1,2,2,1,4,9,1,1,1
SF,IC2003,2020-01-03 09:44:56.400,5355.0000,54626,0,1457587120.000,2,1,1,多换,S,5354.0000,5353.8000,5352.0000,5351.0000,5350.0000,5355.0000,5355.2000,5356.0000,5357.0000,5357.4000,1,2,2,1,5,1,4,9,1,1
SF,IC2003,2020-01-03 09:44:56.900,5353.8000,54626,0,1459728680.000,2,1,1,多换,S,5353.8000,5352.0000,5351.0000,5350.0000,5349.4000,5355.0000,5355.2000,5356.0000,5357.0000,5357.4000,1,2,1,5,1,2,4,9,1,1
SF,IC2003,2020-01-03 09:44:57.400,5353.8000,54626,0,1459728680.000,0,-,-,-,-,5353.8000,5352.0000,5351.0000,5350.0000,5349.4000,5355.0000,5355.2000,5356.0000,5357.0000,5357.4000,3,2,1,5,1,2,4,9,1,1
SF,IC2003,2020-01-03 09:44:57.900,5355.0000,54626,0,1460799680.000,1,0,1,多换,S,5354.0000,5353.8000,5352.0000,5351.0000,5350.0000,5355.0000,5355.2000,5356.0000,5357.0000,5357.4000,1,3,2,1,5,1,4,9,1,1
SF,IC2003,2020-01-03 09:44:58.900,5354.0000,54626,0,1461870480.000,1,0,1,多换,S,5353.8000,5352.0000,5351.0000,5350.0000,5349.4000,5355.0000,5355.2000,5356.0000,5357.0000,5357.4000,3,2,1,5,1,1,4,9,1,1
SF,IC2003,2020-01-03 09:44:59.400,5355.0000,54625,-1,1462941480.000,1,0,1,双平,S,5353.8000,5352.0000,5351.0000,5350.0000,5349.4000,5355.2000,5356.0000,5357.0000,5357.4000,5357.8000,3,2,1,5,1,4,9,1,1,1
SF,IC2003,2020-01-03 09:44:59.900,5353.8000,54625,0,1464012240.000,1,0,1,多换,S,5353.8000,5352.0000,5351.0000,5350.0000,5349.4000,5355.0000,5355.2000,5356.0000,5357.0000,5357.4000,2,2,1,5,1,2,4,9,1,1
SF,IC2003,2020-01-03 09:45:00.400,5353.8000,54625,0,1464012240.000,0,-,-,-,-,5354.0000,5353.8000,5352.0000,5351.0000,5350.0000,5355.0000,5355.2000,5356.0000,5357.0000,5357.4000,1,1,2,1,5,2,4,9,1,1
SF,IC2003,2020-01-03 09:45:01.400,5353.8000,54625,0,1464012240.000,0,-,-,-,-,5354.0000,5352.0000,5351.0000,5350.0000,5349.4000,5355.0000,5355.2000,5355.4000,5356.0000,5357.0000,1,2,1,5,1,2,4,1,9,1
SF,IC2003,2020-01-03 09:45:01.900,5353.8000,54625,0,1464012240.000,0,-,-,-,-,5352.0000,5351.0000,5350.0000,5349.4000,5349.0000,5355.0000,5355.2000,5355.4000,5356.0000,5357.0000,2,1,5,1,2,2,4,1,9,1
SF,IC2003,2020-01-03 09:45:02.400,5353.8000,54625,0,1464012240.000,0,-,-,-,-,5353.6000,5353.2000,5353.0000,5352.6000,5352.4000,5354.8000,5355.0000,5355.2000,5355.4000,5356.0000,1,1,1,1,2,2,2,4,1,9
SF,IC2003,2020-01-03 09:45:02.900,5353.8000,54625,0,1464012240.000,0,-,-,-,-,5353.8000,5353.2000,5353.0000,5352.6000,5352.4000,5354.6000,5355.0000,5355.2000,5355.4000,5356.0000,2,1,1,1,2,1,1,4,1,9
SF,IC2003,2020-01-03 09:45:03.400,5354.8000,54626,1,1465083200.000,1,1,0,双开,S,5354.0000,5353.8000,5353.2000,5353.0000,5352.6000,5355.0000,5355.2000,5355.4000,5356.0000,5357.0000,1,2,1,1,1,1,4,1,9,1
SF,IC2003,2020-01-03 09:45:03.900,5354.8000,54626,0,1465083200.000,0,-,-,-,-,5354.0000,5353.8000,5353.2000,5353.0000,5352.6000,5355.0000,5355.2000,5355.4000,5356.0000,5357.0000,1,2,1,1,1,1,4,1,9,1
SF,IC2003,2020-01-03 09:45:04.900,5354.8000,54626,0,1465083200.000,0,-,-,-,-,5354.0000,5353.2000,5353.0000,5352.6000,5352.4000,5355.0000,5355.2000,5355.4000,5356.0000,5357.0000,1,1,1,1,2,1,1,1,9,1
SF,IC2003,2020-01-03 09:45:05.900,5354.8000,54626,0,1465083200.000,0,-,-,-,-,5353.2000,5353.0000,5352.6000,5352.4000,5352.2000,5355.0000,5355.2000,5355.4000,5356.0000,5357.0000,1,1,1,2,2,2,1,1,9,1
SF,IC2003,2020-01-03 09:45:06.400,5354.8000,54626,0,1465083200.000,0,-,-,-,-,5353.4000,5353.2000,5353.0000,5352.6000,5352.4000,5355.0000,5355.2000,5355.4000,5356.0000,5357.0000,1,1,1,1,2,2,1,1,9,1
SF,IC2003,2020-01-03 09:45:06.900,5354.8000,54626,0,1465083200.000,0,-,-,-,-,5353.4000,5353.2000,5353.0000,5352.6000,5352.4000,5355.0000,5355.2000,5355.4000,5356.0000,5357.0000,1,1,2,1,2,2,1,1,9,1
SF,IC2003,2020-01-03 09:45:07.900,5355.0000,54626,0,1466154200.000,1,0,1,多换,S,5353.4000,5353.2000,5353.0000,5352.6000,5352.4000,5355.0000,5355.2000,5355.4000,5356.0000,5357.0000,1,1,2,1,2,1,1,1,9,1
SF,IC2003,2020-01-03 09:45:08.400,5355.0000,54626,0,1466154200.000,0,-,-,-,-,5353.6000,5353.4000,5353.2000,5353.0000,5352.6000,5355.0000,5355.2000,5355.4000,5356.0000,5357.0000,1,1,1,2,1,1,1,1,9,1
SF,IC2003,2020-01-03 09:45:08.900,5355.0000,54626,0,1466154200.000,0,-,-,-,-,5353.2000,5353.0000,5352.6000,5352.4000,5352.2000,5354.8000,5355.0000,5355.2000,5355.4000,5356.0000,1,2,1,2,1,1,1,1,1,9
SF,IC2003,2020-01-03 09:45:09.400,5355.0000,54626,0,1466154200.000,0,-,-,-,-,5353.4000,5353.2000,5353.0000,5352.6000,5352.4000,5354.8000,5355.0000,5355.2000,5355.4000,5356.0000,4,1,2,1,2,1,1,1,1,9
SF,IC2003,2020-01-03 09:45:09.900,5355.0000,54626,0,1466154200.000,0,-,-,-,-,5353.4000,5353.2000,5353.0000,5352.6000,5352.4000,5354.8000,5355.0000,5355.2000,5355.4000,5356.0000,3,1,2,1,2,1,1,1,1,9
SF,IC2003,2020-01-03 09:45:11.900,5355.0000,54626,0,1466154200.000,0,-,-,-,-,5353.4000,5353.2000,5353.0000,5352.6000,5352.4000,5354.8000,5355.0000,5355.2000,5355.4000,5356.0000,3,1,2,1,2,1,1,1,1,9
SF,IC2003,2020-01-03 09:45:12.400,5355.0000,54626,0,1466154200.000,0,-,-,-,-,5353.6000,5353.4000,5353.0000,5352.4000,5352.2000,5354.8000,5355.0000,5355.2000,5355.4000,5356.0000,1,2,1,2,1,1,1,1,1,9
SF,IC2003,2020-01-03 09:45:12.900,5353.6000,54626,0,1467224920.000,1,0,1,多换,S,5353.4000,5353.0000,5352.4000,5352.2000,5352.0000,5354.8000,5355.0000,5355.2000,5355.4000,5356.0000,1,1,2,1,2,1,1,1,1,9
SF,IC2003,2020-01-03 09:45:13.900,5353.6000,54626,0,1467224920.000,0,-,-,-,-,5353.0000,5352.4000,5352.2000,5352.0000,5350.0000,5354.8000,5355.0000,5355.2000,5355.4000,5356.0000,1,2,1,2,5,1,1,1,1,9
SF,IC2003,2020-01-03 09:45:14.400,5353.6000,54626,0,1467224920.000,0,-,-,-,-,5353.2000,5353.0000,5352.4000,5352.2000,5352.0000,5354.8000,5355.0000,5355.2000,5355.4000,5356.0000,2,1,2,1,2,1,1,1,1,9
SF,IC2003,2020-01-03 09:45:14.900,5353.6000,54626,0,1467224920.000,0,-,-,-,-,5353.2000,5353.0000,5352.4000,5352.2000,5352.0000,5354.8000,5355.0000,5355.2000,5355.4000,5356.0000,1,1,2,1,2,1,1,1,1,9
SF,IC2003,2020-01-03 09:45:15.400,5353.6000,54626,0,1467224920.000,0,-,-,-,-,5353.0000,5352.4000,5352.2000,5352.0000,5350.0000,5354.8000,5355.0000,5355.2000,5355.4000,5356.0000,1,2,1,2,5,1,1,1,1,9
SF,IC2003,2020-01-03 09:45:15.900,5353.6000,54626,0,1467224920.000,0,-,-,-,-,5353.2000,5353.0000,5352.4000,5352.2000,5352.0000,5354.4000,5354.8000,5355.0000,5355.2000,5355.4000,2,1,2,1,2,2,3,1,1,1
SF,IC2003,2020-01-03 09:45:16.400,5353.6000,54626,0,1467224920.000,0,-,-,-,-,5353.2000,5353.0000,5352.4000,5352.0000,5350.0000,5354.8000,5355.0000,5355.2000,5355.4000,5356.0000,1,1,2,2,5,3,1,1,1,9
SF,IC2003,2020-01-03 09:45:16.900,5353.6000,54626,0,1467224920.000,0,-,-,-,-,5353.0000,5352.4000,5352.0000,5350.0000,5349.4000,5353.6000,5354.6000,5354.8000,5355.0000,5355.2000,1,2,2,5,1,1,1,3,1,1
SF,IC2003,2020-01-03 09:45:17.400,5353.6000,54625,-1,1468295640.000,1,0,1,双平,S,5353.0000,5352.4000,5352.0000,5350.0000,5349.4000,5353.4000,5354.8000,5355.0000,5355.2000,5355.4000,1,2,2,5,1,1,2,1,1,1
SF,IC2003,2020-01-03 09:45:17.900,5353.4000,54625,0,1469366320.000,1,0,1,多换,S,5353.6000,5353.4000,5353.0000,5352.4000,5352.0000,5354.8000,5355.0000,5355.2000,5355.4000,5356.0000,1,1,1,2,2,2,1,1,1,9
SF,IC2003,2020-01-03 09:45:18.400,5354.8000,54625,0,1470437280.000,1,0,1,多换,S,5353.6000,5353.0000,5352.4000,5352.0000,5350.0000,5354.8000,5355.0000,5355.2000,5355.4000,5356.0000,1,1,2,2,5,1,1,1,1,9
SF,IC2003,2020-01-03 09:45:18.900,5354.8000,54625,0,1470437280.000,0,-,-,-,-,5353.6000,5353.0000,5352.4000,5352.0000,5350.0000,5355.0000,5355.2000,5355.4000,5356.0000,5357.0000,1,1,2,2,5,1,1,1,9,1
SF,IC2003,2020-01-03 09:45:19.400,5354.8000,54625,0,1470437280.000,0,-,-,-,-,5353.0000,5352.4000,5352.0000,5350.0000,5349.4000,5355.0000,5355.4000,5356.0000,5357.0000,5357.4000,1,2,2,5,1,1,1,9,1,1
SF,IC2003,2020-01-03 09:45:19.900,5354.8000,54625,0,1470437280.000,0,-,-,-,-,5353.2000,5353.0000,5352.4000,5352.0000,5350.0000,5354.8000,5355.0000,5355.4000,5356.0000,5357.0000,1,1,2,2,5,4,1,1,9,1
SF,IC2003,2020-01-03 09:45:20.400,5354.8000,54625,0,1470437280.000,0,-,-,-,-,5353.2000,5353.0000,5352.4000,5352.0000,5350.0000,5354.8000,5355.0000,5355.4000,5356.0000,5357.0000,1,1,2,2,5,2,1,1,9,1
SF,IC2003,2020-01-03 09:45:21.400,5353.2000,54624,-1,1471507920.000,1,0,1,双平,S,5353.0000,5352.4000,5352.0000,5350.0000,5349.4000,5353.2000,5354.6000,5354.8000,5355.0000,5355.4000,1,2,2,5,1,1,1,2,1,1
SF,IC2003,2020-01-03 09:45:21.900,5353.2000,54624,0,1471507920.000,0,-,-,-,-,5353.0000,5352.4000,5352.0000,5350.0000,5349.4000,5353.2000,5354.6000,5354.8000,5355.0000,5355.4000,1,2,2,5,1,1,1,1,1,1
SF,IC2003,2020-01-03 09:45:22.400,5353.2000,54623,-1,1473649200.000,2,0,2,多平,S,5353.2000,5353.0000,5352.4000,5352.0000,5350.0000,5354.6000,5354.8000,5355.0000,5355.4000,5356.0000,3,1,2,2,5,1,1,1,1,9
SF,IC2003,2020-01-03 09:45:22.900,5353.2000,54623,0,1473649200.000,0,-,-,-,-,5353.4000,5353.0000,5352.4000,5352.0000,5350.0000,5354.4000,5354.6000,5355.0000,5355.4000,5356.0000,1,1,2,2,5,1,1,1,1,9
SF,IC2003,2020-01-03 09:45:23.400,5353.2000,54623,0,1473649200.000,0,-,-,-,-,5353.4000,5353.0000,5352.4000,5352.0000,5350.0000,5354.2000,5354.4000,5354.6000,5355.0000,5355.4000,1,1,2,2,5,1,1,1,1,1
SF,IC2003,2020-01-03 09:45:24.400,5353.2000,54623,0,1473649200.000,0,-,-,-,-,5353.4000,5353.0000,5352.4000,5352.0000,5350.0000,5354.0000,5354.2000,5354.4000,5355.0000,5355.4000,1,1,2,2,5,1,1,1,1,1
SF,IC2003,2020-01-03 09:45:24.900,5353.2000,54623,0,1473649200.000,0,-,-,-,-,5353.4000,5353.0000,5352.4000,5352.0000,5350.0000,5353.8000,5354.0000,5354.4000,5354.6000,5355.0000,1,1,2,2,5,1,1,1,1,1
SF,IC2003,2020-01-03 09:45:25.400,5353.2000,54623,0,1473649200.000,0,-,-,-,-,5353.4000,5353.0000,5352.4000,5352.0000,5350.0000,5353.8000,5354.0000,5354.4000,5354.6000,5355.0000,1,2,2,2,5,1,1,1,1,1
SF,IC2003,2020-01-03 09:45:25.900,5353.4000,54623,0,1474719880.000,1,0,1,多换,S,5353.0000,5352.4000,5352.0000,5350.0000,5349.4000,5353.2000,5353.8000,5354.0000,5354.4000,5354.6000,2,2,2,5,1,1,1,1,1,1
SF,IC2003,2020-01-03 09:45:26.400,5353.2000,54623,0,1475790520.000,1,0,1,多换,S,5353.0000,5352.4000,5352.0000,5350.0000,5349.4000,5353.8000,5354.0000,5354.4000,5354.6000,5355.0000,2,2,2,5,1,1,1,1,1,1
SF,IC2003,2020-01-03 09:45:26.900,5353.2000,54623,0,1475790520.000,0,-,-,-,-,5353.0000,5352.4000,5352.0000,5350.0000,5349.4000,5353.8000,5354.4000,5354.6000,5355.0000,5355.4000,2,2,2,5,1,1,1,1,1,1
SF,IC2003,2020-01-03 09:45:27.400,5353.0000,54624,1,1476861120.000,1,1,0,双开,S,5353.0000,5352.4000,5352.0000,5350.0000,5349.4000,5353.6000,5354.2000,5354.4000,5354.6000,5355.0000,1,2,2,5,1,1,1,1,1,1
SF,IC2003,2020-01-03 09:45:27.900,5353.0000,54624,0,1477931720.000,1,0,1,多换,S,5352.4000,5352.0000,5350.0000,5349.4000,5349.0000,5353.0000,5353.4000,5353.6000,5354.6000,5355.0000,2,2,5,1,2,5,2,1,1,1
SF,IC2003,2020-01-03 09:45:28.400,5352.8000,54621,-3,1482213720.000,4,0,4,多平,S,5352.0000,5350.0000,5349.4000,5349.0000,5348.6000,5353.0000,5353.4000,5353.6000,5354.6000,5355.0000,2,5,1,2,1,3,2,1,1,1
SF,IC2003,2020-01-03 09:45:28.900,5352.0000,54621,0,1483284120.000,1,0,1,多换,S,5352.0000,5350.0000,5349.4000,5349.0000,5348.6000,5353.0000,5353.4000,5353.6000,5354.6000,5355.0000,1,5,1,2,1,3,1,1,1,1
SF,IC2003,2020-01-03 09:45:29.400,5352.0000,54621,0,1483284120.000,0,-,-,-,-,5352.0000,5350.0000,5349.4000,5349.0000,5348.6000,5353.0000,5353.4000,5354.6000,5355.0000,5355.4000,1,5,1,2,1,3,1,1,1,1
SF,IC2003,2020-01-03 09:45:29.900,5352.0000,54621,0,1484354520.000,1,0,1,多换,S,5350.0000,5349.4000,5349.0000,5348.6000,5348.0000,5352.8000,5353.0000,5353.4000,5354.6000,5355.0000,5,1,2,1,1,1,3,1,1,1
SF,IC2003,2020-01-03 09:45:30.400,5352.0000,54621,0,1484354520.000,0,-,-,-,-,5352.2000,5352.0000,5351.8000,5351.4000,5350.8000,5352.6000,5352.8000,5353.0000,5354.6000,5355.0000,1,1,2,1,1,2,1,3,1,1
SF,IC2003,2020-01-03 09:45:30.900,5352.6000,54620,-1,1485425040.000,1,0,1,双平,S,5350.4000,5350.2000,5350.0000,5349.4000,5349.0000,5352.8000,5353.0000,5354.6000,5355.0000,5355.4000,2,3,5,1,2,1,3,2,1,1
SF,IC2003,2020-01-03 09:45:31.400,5352.6000,54620,0,1485425040.000,0,-,-,-,-,5351.0000,5350.8000,5350.6000,5350.4000,5350.2000,5352.8000,5353.0000,5354.6000,5355.0000,5355.4000,1,1,2,2,2,1,3,2,1,1
SF,IC2003,2020-01-03 09:45:31.900,5352.6000,54620,0,1485425040.000,0,-,-,-,-,5351.2000,5351.0000,5350.8000,5350.6000,5350.4000,5352.8000,5353.0000,5354.6000,5355.0000,5355.4000,1,1,1,1,2,1,3,2,1,1
SF,IC2003,2020-01-03 09:45:32.400,5352.6000,54620,0,1485425040.000,0,-,-,-,-,5350.4000,5350.0000,5349.4000,5349.0000,5348.6000,5352.0000,5352.6000,5352.8000,5353.0000,5354.6000,2,5,1,2,1,1,1,3,3,2
SF,IC2003,2020-01-03 09:45:32.900,5352.6000,54620,0,1485425040.000,0,-,-,-,-,5351.6000,5351.2000,5351.0000,5350.8000,5350.6000,5352.0000,5352.6000,5352.8000,5353.0000,5354.6000,1,1,1,1,2,1,1,1,1,2
SF,IC2003,2020-01-03 09:45:33.400,5352.0000,54619,-1,1486495440.000,1,0,1,双平,S,5351.0000,5350.8000,5350.6000,5350.4000,5350.0000,5351.6000,5351.8000,5352.6000,5352.8000,5353.0000,1,1,2,2,5,1,1,1,1,1
SF,IC2003,2020-01-03 09:45:33.900,5351.8000,54617,-2,1488636120.000,2,0,2,双平,S,5351.0000,5350.8000,5350.6000,5350.4000,5350.0000,5352.8000,5354.6000,5355.0000,5355.4000,5356.0000,1,1,2,2,5,1,2,1,1,9
SF,IC2003,2020-01-03 09:45:34.400,5351.8000,54617,0,1488636120.000,0,-,-,-,-,5351.2000,5351.0000,5350.8000,5350.4000,5350.0000,5352.4000,5352.6000,5352.8000,5354.6000,5355.0000,2,1,1,2,5,2,1,1,2,1
SF,IC2003,2020-01-03 09:45:34.900,5351.8000,54617,0,1488636120.000,0,-,-,-,-,5351.2000,5351.0000,5350.8000,5350.4000,5350.0000,5352.8000,5354.6000,5355.0000,5355.4000,5356.0000,2,1,1,2,5,1,2,1,1,9
SF,IC2003,2020-01-03 09:45:35.400,5351.8000,54617,0,1488636120.000,0,-,-,-,-,5351.4000,5351.2000,5351.0000,5350.8000,5350.4000,5354.0000,5354.6000,5355.0000,5355.4000,5356.0000,1,2,1,1,2,1,2,1,1,9
SF,IC2003,2020-01-03 09:45:35.900,5351.8000,54617,0,1488636120.000,0,-,-,-,-,5351.4000,5351.2000,5351.0000,5350.8000,5350.4000,5353.6000,5353.8000,5354.0000,5354.6000,5355.0000,1,1,1,1,2,2,3,1,2,1
SF,IC2003,2020-01-03 09:45:36.400,5351.8000,54617,0,1488636120.000,0,-,-,-,-,5351.6000,5351.4000,5351.0000,5350.8000,5350.4000,5353.2000,5353.4000,5353.8000,5354.0000,5354.6000,1,1,1,1,2,2,2,2,1,2
SF,IC2003,2020-01-03 09:45:36.900,5351.8000,54617,0,1488636120.000,0,-,-,-,-,5351.4000,5351.0000,5350.8000,5350.4000,5350.0000,5353.0000,5353.4000,5353.8000,5354.0000,5354.6000,1,1,1,2,5,2,1,1,1,2
SF,IC2003,2020-01-03 09:45:37.400,5351.6000,54617,0,1489706440.000,1,0,1,多换,S,5351.4000,5350.8000,5350.4000,5350.0000,5349.4000,5353.0000,5353.8000,5354.0000,5354.6000,5355.0000,1,1,2,5,1,2,1,1,2,1
SF,IC2003,2020-01-03 09:45:38.900,5351.6000,54617,0,1489706440.000,0,-,-,-,-,5351.6000,5351.4000,5350.8000,5350.4000,5350.0000,5353.0000,5353.8000,5354.0000,5354.6000,5355.0000,1,2,1,2,5,2,1,1,2,1
SF,IC2003,2020-01-03 09:45:41.900,5351.6000,54617,0,1489706440.000,0,-,-,-,-,5351.6000,5350.8000,5350.4000,5350.0000,5349.4000,5353.0000,5353.8000,5354.0000,5354.6000,5355.0000,1,1,2,5,1,2,1,1,2,1
SF,IC2003,2020-01-03 09:45:42.400,5351.6000,54617,0,1489706440.000,0,-,-,-,-,5350.8000,5350.4000,5350.0000,5349.4000,5349.0000,5353.0000,5353.8000,5354.0000,5354.6000,5355.0000,1,2,5,1,2,2,1,1,2,1
SF,IC2003,2020-01-03 09:45:42.900,5351.6000,54617,0,1489706440.000,0,-,-,-,-,5351.0000,5350.8000,5350.4000,5350.0000,5349.4000,5353.0000,5353.8000,5354.0000,5354.6000,5355.0000,2,1,2,5,1,2,1,1,2,1
SF,IC2003,2020-01-03 09:45:43.400,5351.6000,54617,0,1489706440.000,0,-,-,-,-,5351.0000,5350.8000,5350.4000,5350.0000,5349.4000,5352.8000,5353.0000,5353.8000,5354.0000,5354.6000,2,1,2,5,1,4,2,1,1,2
SF,IC2003,2020-01-03 09:45:43.900,5351.6000,54617,0,1489706440.000,0,-,-,-,-,5351.0000,5350.8000,5350.4000,5350.0000,5349.4000,5352.4000,5352.6000,5352.8000,5353.8000,5354.0000,1,1,2,5,1,2,2,2,1,1
SF,IC2003,2020-01-03 09:45:44.400,5351.6000,54617,0,1489706440.000,0,-,-,-,-,5351.0000,5350.4000,5350.0000,5349.4000,5349.0000,5352.6000,5352.8000,5353.8000,5354.0000,5354.6000,1,2,5,1,2,2,2,1,1,2
SF,IC2003,2020-01-03 09:45:44.900,5351.6000,54617,0,1489706440.000,0,-,-,-,-,5351.0000,5350.4000,5350.0000,5349.4000,5349.0000,5352.6000,5352.8000,5353.0000,5353.8000,5354.0000,1,2,5,1,2,2,2,1,1,1
SF,IC2003,2020-01-03 09:45:45.400,5351.6000,54617,0,1489706440.000,0,-,-,-,-,5351.0000,5350.4000,5350.0000,5349.4000,5349.0000,5352.6000,5352.8000,5353.0000,5353.8000,5354.0000,1,2,5,1,2,1,2,1,1,1
SF,IC2003,2020-01-03 09:45:45.900,5351.6000,54617,0,1489706440.000,0,-,-,-,-,5351.2000,5351.0000,5350.4000,5350.0000,5349.4000,5352.6000,5352.8000,5353.0000,5353.8000,5354.0000,1,1,2,5,1,1,2,1,1,1
SF,IC2003,2020-01-03 09:45:46.400,5351.6000,54617,0,1489706440.000,0,-,-,-,-,5351.2000,5351.0000,5350.4000,5350.0000,5349.4000,5352.6000,5352.8000,5353.0000,5353.8000,5354.0000,1,1,2,5,1,1,1,1,1,1
SF,IC2003,2020-01-03 09:45:46.900,5351.6000,54617,0,1489706440.000,0,-,-,-,-,5352.6000,5351.4000,5351.2000,5350.4000,5350.0000,5353.0000,5353.8000,5354.0000,5354.6000,5355.0000,1,2,1,2,5,1,1,1,2,1
SF,IC2003,2020-01-03 09:45:47.400,5352.6000,54616,-1,1490776960.000,1,0,1,双平,S,5351.4000,5350.4000,5350.0000,5349.4000,5349.0000,5352.6000,5353.0000,5354.0000,5354.6000,5355.0000,2,2,5,1,2,2,2,1,2,1
SF,IC2003,2020-01-03 09:45:47.900,5352.6000,54616,0,1490776960.000,0,-,-,-,-,5351.4000,5350.4000,5350.0000,5349.4000,5349.0000,5352.6000,5353.0000,5354.0000,5354.6000,5355.0000,2,2,5,1,2,2,2,1,1,1
SF,IC2003,2020-01-03 09:45:48.400,5352.6000,54616,0,1490776960.000,0,-,-,-,-,5351.4000,5350.4000,5350.0000,5349.4000,5349.0000,5352.6000,5353.0000,5354.0000,5354.6000,5355.0000,1,2,5,1,2,2,2,1,1,1
SF,IC2003,2020-01-03 09:45:48.900,5352.6000,54616,0,1490776960.000,0,-,-,-,-,5351.4000,5350.4000,5350.0000,5349.4000,5349.0000,5352.6000,5353.0000,5354.0000,5354.6000,5355.0000,1,2,5,1,2,2,3,1,1,1
SF,IC2003,2020-01-03 09:45:49.400,5352.6000,54616,0,1490776960.000,0,-,-,-,-,5351.4000,5350.4000,5350.0000,5349.4000,5349.0000,5351.8000,5352.4000,5352.6000,5353.0000,5354.0000,1,1,4,1,2,2,2,2,3,1
SF,IC2003,2020-01-03 09:45:49.900,5351.4000,54615,-1,1491847240.000,1,0,1,双平,S,5350.4000,5350.0000,5349.4000,5349.0000,5348.6000,5351.4000,5352.4000,5352.6000,5353.0000,5354.0000,1,4,1,2,1,1,2,2,3,1
SF,IC2003,2020-01-03 09:45:50.400,5351.4000,54614,-1,1492917520.000,1,0,1,双平,S,5351.0000,5350.6000,5350.4000,5350.0000,5349.4000,5352.4000,5352.6000,5353.0000,5354.0000,5354.6000,1,1,1,4,1,2,2,2,1,1
SF,IC2003,2020-01-03 09:45:50.900,5351.4000,54614,0,1492917520.000,0,-,-,-,-,5350.6000,5350.4000,5350.0000,5349.4000,5349.0000,5351.2000,5351.4000,5352.4000,5352.6000,5353.0000,1,1,4,1,2,2,4,2,2,2
SF,IC2003,2020-01-03 09:45:51.400,5351.4000,54614,0,1492917520.000,0,-,-,-,-,5351.6000,5351.2000,5350.6000,5350.4000,5350.0000,5352.4000,5352.6000,5353.0000,5354.0000,5354.6000,1,1,2,1,4,2,2,2,1,1
SF,IC2003,2020-01-03 09:45:51.900,5351.2000,54612,-2,1496128400.000,3,0,3,多平,S,5350.6000,5350.4000,5350.0000,5349.4000,5349.0000,5351.4000,5351.6000,5352.4000,5353.0000,5354.0000,2,1,4,1,2,5,5,2,2,1
SF,IC2003,2020-01-03 09:45:52.400,5351.2000,54612,0,1496128400.000,0,-,-,-,-,5350.6000,5350.4000,5350.0000,5349.4000,5349.0000,5351.6000,5352.4000,5353.0000,5354.0000,5354.6000,2,1,4,1,2,4,1,2,1,1
SF,IC2003,2020-01-03 09:45:52.900,5351.2000,54612,0,1496128400.000,0,-,-,-,-,5350.6000,5350.4000,5350.0000,5349.4000,5349.0000,5351.6000,5352.4000,5353.0000,5354.0000,5354.6000,2,1,4,1,2,2,1,2,1,1
SF,IC2003,2020-01-03 09:45:53.400,5351.2000,54612,0,1496128400.000,0,-,-,-,-,5351.0000,5350.6000,5350.4000,5350.0000,5349.4000,5351.6000,5352.4000,5353.0000,5354.0000,5354.6000,1,2,1,4,1,1,1,2,1,1
SF,IC2003,2020-01-03 09:45:53.900,5350.6000,54612,0,1497198520.000,1,0,1,多换,S,5350.6000,5350.4000,5350.0000,5349.4000,5349.0000,5351.6000,5352.4000,5353.0000,5354.0000,5354.6000,1,1,4,1,2,1,1,2,1,1
SF,IC2003,2020-01-03 09:45:54.900,5350.6000,54612,0,1497198520.000,0,-,-,-,-,5350.6000,5350.4000,5350.0000,5349.4000,5349.0000,5351.6000,5352.4000,5352.6000,5353.0000,5354.0000,1,1,4,1,2,1,1,1,2,1
SF,IC2003,2020-01-03 09:45:55.400,5351.6000,54611,-1,1498268840.000,1,0,1,双平,S,5351.2000,5350.6000,5350.4000,5350.0000,5349.4000,5352.4000,5352.6000,5353.0000,5354.0000,5354.6000,1,1,1,4,1,1,1,2,1,1
SF,IC2003,2020-01-03 09:45:55.900,5350.6000,54610,-1,1499338960.000,1,0,1,双平,S,5350.4000,5350.0000,5349.4000,5349.0000,5348.6000,5352.4000,5352.6000,5353.0000,5354.0000,5354.6000,1,4,1,2,1,1,1,2,1,1
SF,IC2003,2020-01-03 09:45:56.400,5350.6000,54610,0,1499338960.000,0,-,-,-,-,5350.6000,5350.4000,5350.0000,5349.4000,5349.0000,5352.4000,5352.6000,5353.0000,5354.0000,5354.6000,3,1,4,1,2,1,1,2,1,1
SF,IC2003,2020-01-03 09:45:56.900,5350.6000,54610,0,1499338960.000,0,-,-,-,-,5350.8000,5350.6000,5350.4000,5350.0000,5349.4000,5352.4000,5352.6000,5353.0000,5354.0000,5354.6000,2,3,1,4,1,1,1,1,1,1
SF,IC2003,2020-01-03 09:45:57.400,5350.6000,54610,0,1499338960.000,0,-,-,-,-,5351.0000,5350.8000,5350.6000,5350.4000,5350.0000,5352.4000,5352.6000,5353.0000,5354.0000,5354.6000,1,2,3,1,4,1,1,1,1,1
SF,IC2003,2020-01-03 09:45:57.900,5350.6000,54610,0,1499338960.000,0,-,-,-,-,5351.2000,5351.0000,5350.8000,5350.6000,5350.4000,5352.4000,5352.6000,5353.0000,5354.0000,5354.6000,4,1,2,3,1,1,1,1,1,1
SF,IC2003,2020-01-03 09:45:58.400,5351.2000,54610,0,1500409200.000,1,0,1,多换,S,5351.0000,5350.8000,5350.6000,5350.4000,5350.0000,5352.4000,5352.6000,5353.0000,5354.0000,5354.6000,1,1,3,1,4,1,1,1,1,1
SF,IC2003,2020-01-03 09:45:58.900,5351.2000,54610,0,1500409200.000,0,-,-,-,-,5351.6000,5351.0000,5350.8000,5350.6000,5350.4000,5352.4000,5352.6000,5353.0000,5354.0000,5354.6000,1,1,1,3,1,1,1,1,1,1
SF,IC2003,2020-01-03 09:45:59.400,5351.2000,54610,0,1500409200.000,0,-,-,-,-,5351.0000,5350.8000,5350.6000,5350.4000,5350.0000,5352.4000,5352.6000,5353.0000,5354.0000,5354.6000,1,1,3,1,4,1,1,1,1,1
SF,IC2003,2020-01-03 09:45:59.900,5351.2000,54610,0,1501479440.000,1,0,1,多换,S,5351.0000,5350.6000,5350.4000,5350.0000,5349.4000,5352.4000,5352.6000,5353.0000,5354.0000,5354.6000,1,3,1,4,1,1,1,1,1,1
SF,IC2003,2020-01-03 09:46:00.900,5351.2000,54610,0,1501479440.000,0,-,-,-,-,5351.0000,5350.6000,5350.4000,5350.0000,5349.4000,5352.4000,5352.6000,5353.0000,5354.0000,5354.6000,1,3,1,4,1,1,1,1,1,1
SF,IC2003,2020-01-03 09:46:02.900,5351.0000,54609,-1,1503619840.000,2,0,2,多平,S,5350.6000,5350.0000,5349.4000,5349.0000,5348.6000,5351.0000,5352.0000,5352.4000,5352.6000,5353.0000,2,4,1,2,1,6,2,1,1,1
SF,IC2003,2020-01-03 09:46:03.400,5350.6000,54607,-2,1505760080.000,2,0,2,双平,S,5350.0000,5349.4000,5349.0000,5348.6000,5348.0000,5350.6000,5351.0000,5352.0000,5352.4000,5352.6000,4,1,2,1,1,2,1,2,1,1
SF,IC2003,2020-01-03 09:46:03.900,5350.0000,54606,-1,1507900160.000,2,0,2,多平,S,5350.0000,5349.4000,5349.0000,5348.6000,5348.0000,5352.0000,5352.4000,5352.6000,5353.0000,5354.0000,3,1,2,1,1,2,1,1,1,1
SF,IC2003,2020-01-03 09:46:04.400,5350.0000,54606,0,1507900160.000,0,-,-,-,-,5350.0000,5349.4000,5349.0000,5348.6000,5348.0000,5351.8000,5352.0000,5352.6000,5353.0000,5354.0000,3,1,2,1,1,6,2,1,1,1
SF,IC2003,2020-01-03 09:46:04.900,5350.0000,54606,0,1507900160.000,0,-,-,-,-,5350.0000,5349.4000,5349.0000,5348.6000,5348.0000,5351.4000,5351.8000,5352.0000,5352.6000,5353.0000,3,1,2,1,1,2,4,2,1,1
SF,IC2003,2020-01-03 09:46:05.400,5350.0000,54606,0,1507900160.000,0,-,-,-,-,5350.0000,5349.4000,5349.0000,5348.6000,5348.0000,5351.2000,5351.8000,5352.0000,5352.6000,5353.0000,3,1,2,1,1,1,2,2,1,1
SF,IC2003,2020-01-03 09:46:05.900,5350.0000,54606,0,1507900160.000,0,-,-,-,-,5350.0000,5349.4000,5349.0000,5348.6000,5348.0000,5351.2000,5351.8000,5352.0000,5352.6000,5352.8000,3,1,2,1,1,1,2,2,1,1
SF,IC2003,2020-01-03 09:46:06.400,5350.0000,54606,0,1507900160.000,0,-,-,-,-,5350.0000,5349.4000,5349.0000,5348.6000,5348.0000,5351.2000,5351.8000,5352.0000,5352.6000,5352.8000,3,1,2,1,1,2,1,2,1,1
SF,IC2003,2020-01-03 09:46:07.400,5350.0000,54606,0,1507900160.000,0,-,-,-,-,5350.0000,5349.4000,5349.0000,5348.6000,5348.0000,5351.0000,5351.2000,5351.8000,5352.0000,5352.6000,3,1,2,1,1,1,2,1,2,1
SF,IC2003,2020-01-03 09:46:07.900,5350.8000,54605,-1,1508970320.000,1,0,1,双平,S,5350.2000,5350.0000,5349.4000,5349.0000,5348.6000,5351.0000,5351.2000,5351.8000,5352.0000,5352.6000,1,3,1,2,1,1,1,1,2,1
SF,IC2003,2020-01-03 09:46:08.400,5350.2000,54604,-1,1510040360.000,1,0,1,双平,S,5350.0000,5349.4000,5349.0000,5348.6000,5348.0000,5351.0000,5351.2000,5351.8000,5352.0000,5352.6000,3,1,2,1,1,1,1,1,2,1
SF,IC2003,2020-01-03 09:46:08.900,5350.8000,54604,0,1511110520.000,1,0,1,多换,S,5350.0000,5349.4000,5349.0000,5348.6000,5348.0000,5351.0000,5351.2000,5351.8000,5352.0000,5352.6000,3,1,2,1,1,1,1,1,2,1
SF,IC2003,2020-01-03 09:46:09.400,5350.8000,54604,0,1511110520.000,0,-,-,-,-,5350.2000,5350.0000,5349.4000,5349.0000,5348.6000,5351.0000,5351.8000,5352.0000,5352.6000,5352.8000,1,3,1,2,1,1,1,2,1,1
SF,IC2003,2020-01-03 09:46:10.400,5350.8000,54604,0,1511110520.000,0,-,-,-,-,5350.2000,5350.0000,5349.4000,5349.0000,5348.6000,5351.0000,5352.0000,5352.6000,5352.8000,5353.0000,1,3,1,2,1,1,2,1,1,1
SF,IC2003,2020-01-03 09:46:11.900,5350.4000,54604,0,1515390720.000,4,2,2,多换,S,5350.0000,5349.4000,5349.0000,5348.6000,5348.0000,5351.0000,5352.0000,5352.6000,5352.8000,5353.0000,2,1,2,1,1,1,2,1,1,1
SF,IC2003,2020-01-03 09:46:12.400,5350.4000,54604,0,1515390720.000,0,-,-,-,-,5350.0000,5349.4000,5349.0000,5348.6000,5348.0000,5351.0000,5352.0000,5352.6000,5352.8000,5353.0000,2,1,2,1,1,1,2,1,1,1
SF,IC2003,2020-01-03 09:46:16.400,5350.4000,54604,0,1515390720.000,0,-,-,-,-,5350.0000,5349.4000,5349.0000,5348.6000,5348.0000,5351.0000,5352.0000,5352.6000,5352.8000,5353.0000,3,1,2,1,1,1,2,1,1,1
SF,IC2003,2020-01-03 09:46:16.900,5351.0000,54604,0,1516460920.000,1,0,1,多换,S,5351.6000,5350.2000,5350.0000,5349.4000,5349.0000,5352.0000,5352.6000,5352.8000,5353.0000,5354.0000,1,1,3,1,2,2,1,1,1,1
SF,IC2003,2020-01-03 09:46:17.400,5351.4000,54603,-1,1517531200.000,1,0,1,双平,S,5350.2000,5350.0000,5349.4000,5349.0000,5348.6000,5351.4000,5351.6000,5352.0000,5352.6000,5352.8000,1,3,1,2,1,1,1,2,1,1
SF,IC2003,2020-01-03 09:46:17.900,5350.4000,54601,-2,1519671560.000,2,0,2,双平,S,5350.2000,5350.0000,5349.4000,5349.0000,5348.6000,5352.6000,5352.8000,5353.0000,5354.0000,5354.6000,1,3,1,2,1,1,1,1,1,1
SF,IC2003,2020-01-03 09:46:18.400,5350.4000,54601,0,1519671560.000,0,-,-,-,-,5350.4000,5350.2000,5350.0000,5349.4000,5349.0000,5351.0000,5352.4000,5352.6000,5352.8000,5353.0000,1,1,3,1,2,2,3,1,1,1
SF,IC2003,2020-01-03 09:46:18.900,5351.0000,54599,-2,1521811960.000,2,0,2,双平,S,5351.0000,5350.4000,5350.2000,5350.0000,5349.4000,5352.4000,5352.6000,5352.8000,5353.0000,5354.0000,3,1,1,3,1,2,1,1,1,1
SF,IC2003,2020-01-03 09:46:19.400,5351.0000,54599,0,1521811960.000,0,-,-,-,-,5351.2000,5351.0000,5350.4000,5350.0000,5349.4000,5352.2000,5352.4000,5352.6000,5352.8000,5353.0000,3,3,1,3,1,1,2,1,1,1
SF,IC2003,2020-01-03 09:46:19.900,5352.2000,54599,0,1522882400.000,1,0,1,多换,S,5351.2000,5351.0000,5350.4000,5350.0000,5349.4000,5352.6000,5352.8000,5353.0000,5354.0000,5354.6000,3,3,1,3,1,1,1,1,1,1
SF,IC2003,2020-01-03 09:46:20.400,5352.2000,54599,0,1522882400.000,0,-,-,-,-,5351.4000,5351.2000,5351.0000,5350.4000,5350.0000,5352.6000,5352.8000,5353.0000,5354.0000,5354.6000,1,2,3,1,3,1,1,1,1,1
SF,IC2003,2020-01-03 09:46:20.900,5352.2000,54599,0,1522882400.000,0,-,-,-,-,5351.2000,5351.0000,5350.0000,5349.4000,5349.0000,5352.6000,5352.8000,5353.0000,5354.0000,5354.6000,1,3,3,1,2,1,1,1,1,1
SF,IC2003,2020-01-03 09:46:21.400,5352.2000,54599,0,1522882400.000,0,-,-,-,-,5351.4000,5351.2000,5351.0000,5350.0000,5349.4000,5352.6000,5352.8000,5353.0000,5354.0000,5354.6000,1,3,3,3,1,1,1,1,1,1
SF,IC2003,2020-01-03 09:46:21.900,5352.6000,54598,-1,1523952920.000,1,0,1,双平,S,5352.2000,5351.6000,5351.4000,5351.0000,5350.0000,5352.8000,5353.0000,5354.0000,5354.6000,5355.0000,2,1,3,3,3,1,1,1,1,1
SF,IC2003,2020-01-03 09:46:22.400,5352.8000,54598,0,1525023480.000,1,0,1,多换,S,5352.4000,5351.4000,5351.0000,5350.0000,5349.4000,5353.0000,5354.0000,5354.6000,5355.0000,5355.4000,1,3,3,3,1,1,1,1,1,1
SF,IC2003,2020-01-03 09:46:22.900,5353.0000,54598,0,1526094080.000,1,0,1,多换,S,5352.4000,5351.4000,5351.0000,5350.0000,5349.4000,5354.0000,5354.6000,5355.0000,5355.4000,5356.0000,1,3,3,3,1,1,1,1,1,8
SF,IC2003,2020-01-03 09:46:23.400,5353.0000,54598,0,1526094080.000,0,-,-,-,-,5352.4000,5351.4000,5351.0000,5350.0000,5349.4000,5353.8000,5354.0000,5354.6000,5355.0000,5355.4000,1,3,3,3,1,1,1,1,1,1
SF,IC2003,2020-01-03 09:46:23.900,5353.0000,54598,0,1526094080.000,0,-,-,-,-,5352.4000,5351.4000,5351.0000,5350.0000,5349.4000,5354.0000,5354.6000,5355.0000,5355.4000,5356.0000,1,2,3,3,1,1,1,1,1,8
SF,IC2003,2020-01-03 09:46:24.400,5353.0000,54598,0,1526094080.000,0,-,-,-,-,5352.6000,5351.4000,5351.0000,5350.0000,5349.4000,5353.8000,5354.0000,5354.6000,5355.0000,5355.4000,1,1,3,3,1,1,1,1,1,1
SF,IC2003,2020-01-03 09:46:24.900,5353.0000,54598,0,1526094080.000,0,-,-,-,-,5352.6000,5351.0000,5350.0000,5349.4000,5349.0000,5353.8000,5354.0000,5354.6000,5355.0000,5355.4000,1,3,3,1,2,1,1,1,1,1
SF,IC2003,2020-01-03 09:46:26.400,5352.6000,54597,-1,1527164600.000,1,0,1,双平,S,5351.0000,5350.0000,5349.4000,5349.0000,5348.6000,5352.6000,5353.8000,5354.0000,5354.6000,5355.0000,3,3,1,2,1,1,1,1,1,1
SF,IC2003,2020-01-03 09:46:26.900,5352.2000,54596,-1,1528235040.000,1,0,1,双平,S,5352.2000,5351.2000,5351.0000,5350.0000,5349.4000,5352.6000,5353.8000,5354.0000,5354.6000,5355.0000,2,2,3,3,1,1,1,1,1,1
SF,IC2003,2020-01-03 09:46:27.400,5352.2000,54594,-2,1530375920.000,2,0,2,双平,S,5351.2000,5350.0000,5349.4000,5349.0000,5348.6000,5352.6000,5353.8000,5354.0000,5354.6000,5355.0000,2,3,1,2,1,1,1,1,1,1
SF,IC2003,2020-01-03 09:46:28.400,5352.2000,54594,0,1530375920.000,0,-,-,-,-,5351.2000,5351.0000,5350.0000,5349.4000,5349.0000,5352.6000,5353.8000,5354.0000,5354.6000,5355.0000,1,1,3,1,2,1,1,1,1,1
SF,IC2003,2020-01-03 09:46:29.900,5351.2000,54594,0,1531446160.000,1,0,1,多换,S,5351.0000,5350.0000,5349.4000,5349.0000,5348.6000,5353.8000,5354.0000,5354.6000,5355.0000,5355.4000,1,3,1,2,1,1,1,1,1,1
SF,IC2003,2020-01-03 09:46:30.400,5351.2000,54594,0,1531446160.000,0,-,-,-,-,5351.4000,5351.2000,5351.0000,5350.0000,5349.4000,5353.4000,5353.6000,5353.8000,5354.0000,5354.6000,1,1,1,3,1,2,3,1,1,1
SF,IC2003,2020-01-03 09:46:30.900,5351.2000,54594,0,1531446160.000,0,-,-,-,-,5351.6000,5351.4000,5351.0000,5350.0000,5349.4000,5353.2000,5353.6000,5354.0000,5354.6000,5355.0000,1,1,1,3,1,1,2,1,1,1
SF,IC2003,2020-01-03 09:46:31.400,5351.2000,54594,0,1531446160.000,0,-,-,-,-,5351.6000,5351.4000,5351.0000,5350.0000,5349.4000,5353.2000,5354.0000,5354.6000,5355.0000,5355.4000,1,1,1,3,1,1,1,1,1,1
SF,IC2003,2020-01-03 09:46:31.900,5351.2000,54594,0,1531446160.000,0,-,-,-,-,5351.8000,5351.6000,5351.4000,5351.0000,5350.0000,5353.2000,5354.0000,5354.6000,5355.0000,5355.4000,1,1,1,1,3,1,1,1,1,1
SF,IC2003,2020-01-03 09:46:33.400,5351.2000,54594,0,1531446160.000,0,-,-,-,-,5352.0000,5351.8000,5351.6000,5351.4000,5351.0000,5353.2000,5354.0000,5354.6000,5355.0000,5355.4000,1,1,1,1,1,1,1,1,1,1
SF,IC2003,2020-01-03 09:46:33.900,5353.2000,54593,-1,1532516800.000,1,0,1,双平,S,5353.2000,5352.2000,5352.0000,5351.8000,5351.0000,5354.0000,5354.6000,5355.0000,5355.4000,5356.0000,1,1,2,1,1,1,1,1,1,8
SF,IC2003,2020-01-03 09:46:35.400,5353.2000,54593,0,1532516800.000,0,-,-,-,-,5353.2000,5352.2000,5352.0000,5351.0000,5350.0000,5354.0000,5354.6000,5355.0000,5355.4000,5356.0000,1,1,2,1,3,1,1,1,1,8
SF,IC2003,2020-01-03 09:46:40.900,5354.0000,54592,-1,1533587600.000,1,0,1,双平,S,5353.2000,5352.2000,5352.0000,5351.0000,5350.0000,5354.6000,5355.0000,5355.4000,5356.0000,5356.8000,1,1,2,1,3,1,1,1,8,1
SF,IC2003,2020-01-03 09:46:41.400,5354.6000,54591,-1,1534658520.000,1,0,1,双平,S,5353.4000,5353.2000,5352.0000,5351.0000,5350.0000,5355.0000,5355.4000,5356.0000,5356.8000,5357.0000,1,1,2,1,3,1,1,8,1,1
SF,IC2003,2020-01-03 09:46:41.900,5354.6000,54591,0,1534658520.000,0,-,-,-,-,5353.6000,5353.4000,5352.0000,5351.0000,5350.0000,5355.0000,5355.4000,5356.0000,5356.8000,5357.0000,1,1,2,1,3,1,1,8,1,1
SF,IC2003,2020-01-03 09:46:42.400,5354.6000,54591,0,1534658520.000,0,-,-,-,-,5353.8000,5353.6000,5352.0000,5351.0000,5350.0000,5355.0000,5355.4000,5356.0000,5356.8000,5357.0000,1,1,2,1,3,1,1,8,1,1
SF,IC2003,2020-01-03 09:46:42.900,5354.6000,54591,0,1534658520.000,0,-,-,-,-,5353.8000,5353.6000,5352.0000,5351.0000,5350.0000,5355.0000,5355.4000,5356.0000,5356.8000,5357.0000,1,1,1,1,3,1,1,8,1,1
SF,IC2003,2020-01-03 09:46:43.900,5355.0000,54591,0,1535729520.000,1,0,1,多换,S,5354.2000,5353.8000,5352.0000,5351.0000,5350.0000,5355.4000,5356.0000,5356.8000,5357.0000,5357.4000,4,3,1,1,3,1,8,1,1,1
SF,IC2003,2020-01-03 09:46:44.400,5355.4000,54591,0,1537871600.000,2,1,1,多换,S,5355.8000,5354.8000,5354.4000,5354.2000,5354.0000,5356.0000,5356.8000,5357.0000,5357.4000,5357.8000,1,1,2,4,1,8,1,1,1,1
SF,IC2003,2020-01-03 09:46:44.900,5356.0000,54588,-3,1541085120.000,3,0,3,双平,S,5354.4000,5354.2000,5354.0000,5353.8000,5352.0000,5356.0000,5356.8000,5357.0000,5357.4000,5357.8000,2,4,1,1,1,7,1,1,1,1
SF,IC2003,2020-01-03 09:46:45.400,5356.0000,54588,0,1541085120.000,0,-,-,-,-,5354.8000,5354.4000,5354.2000,5354.0000,5351.0000,5356.0000,5356.8000,5357.0000,5357.4000,5357.8000,2,2,4,1,1,7,1,1,1,1
SF,IC2003,2020-01-03 09:46:45.900,5356.0000,54588,0,1541085120.000,0,-,-,-,-,5354.4000,5354.2000,5354.0000,5351.0000,5350.0000,5355.8000,5356.0000,5356.8000,5357.0000,5357.4000,1,4,1,1,4,1,7,1,1,1
SF,IC2003,2020-01-03 09:46:46.400,5356.0000,54588,0,1541085120.000,0,-,-,-,-,5355.2000,5354.8000,5354.4000,5354.2000,5354.0000,5355.8000,5356.0000,5356.8000,5357.0000,5357.4000,1,2,1,4,1,1,7,1,1,1
SF,IC2003,2020-01-03 09:46:46.900,5355.2000,54587,-1,1542156160.000,1,0,1,双平,S,5354.8000,5354.4000,5354.2000,5354.0000,5351.0000,5355.2000,5355.8000,5356.0000,5356.8000,5357.0000,1,1,4,1,1,1,1,7,1,1
SF,IC2003,2020-01-03 09:46:47.400,5355.2000,54587,0,1542156160.000,0,-,-,-,-,5354.4000,5354.2000,5351.0000,5350.0000,5349.4000,5355.2000,5355.8000,5356.0000,5356.8000,5357.0000,1,4,1,4,1,1,1,7,1,1
SF,IC2003,2020-01-03 09:46:47.900,5355.2000,54587,0,1542156160.000,0,-,-,-,-,5354.4000,5354.2000,5351.0000,5350.0000,5349.4000,5355.2000,5355.8000,5356.0000,5356.8000,5357.0000,1,4,1,4,1,1,1,7,1,1
SF,IC2003,2020-01-03 09:46:48.400,5355.2000,54587,0,1542156160.000,0,-,-,-,-,5354.4000,5354.2000,5351.0000,5350.0000,5349.4000,5355.8000,5356.0000,5356.8000,5357.0000,5357.4000,1,4,1,4,1,1,7,1,1,1
SF,IC2003,2020-01-03 09:46:49.400,5355.2000,54587,0,1542156160.000,0,-,-,-,-,5354.8000,5354.6000,5354.4000,5354.2000,5351.0000,5356.0000,5356.8000,5357.0000,5357.4000,5357.8000,1,1,2,4,1,7,1,1,1,1
SF,IC2003,2020-01-03 09:46:50.400,5355.2000,54587,0,1543227200.000,1,0,1,多换,S,5354.8000,5354.6000,5354.4000,5354.2000,5351.0000,5356.0000,5356.8000,5357.0000,5357.4000,5357.8000,1,1,2,4,1,7,1,1,1,1
SF,IC2003,2020-01-03 09:46:50.900,5355.2000,54587,0,1543227200.000,0,-,-,-,-,5354.8000,5354.6000,5354.4000,5354.2000,5351.0000,5356.0000,5356.8000,5357.0000,5357.4000,5357.8000,1,1,2,4,1,7,1,1,1,1
SF,IC2003,2020-01-03 09:46:51.400,5355.2000,54587,0,1543227200.000,0,-,-,-,-,5354.8000,5354.6000,5354.4000,5354.2000,5351.0000,5356.0000,5356.8000,5357.0000,5357.4000,5357.8000,1,1,3,4,1,7,1,1,1,1
SF,IC2003,2020-01-03 09:46:52.400,5355.2000,54587,0,1543227200.000,0,-,-,-,-,5354.8000,5354.6000,5354.4000,5354.2000,5351.0000,5356.0000,5356.8000,5357.0000,5357.4000,5357.8000,1,1,2,4,1,7,1,1,1,1
SF,IC2003,2020-01-03 09:46:52.900,5355.2000,54587,0,1543227200.000,0,-,-,-,-,5354.4000,5354.2000,5351.0000,5350.0000,5349.4000,5354.8000,5356.0000,5356.8000,5357.0000,5357.4000,2,4,1,5,1,1,7,1,1,1
SF,IC2003,2020-01-03 09:46:53.400,5354.8000,54587,0,1544298160.000,1,0,1,多换,S,5354.4000,5354.2000,5351.0000,5350.0000,5349.4000,5356.0000,5356.8000,5357.0000,5357.4000,5357.8000,2,4,1,5,1,7,1,1,1,1
SF,IC2003,2020-01-03 09:46:53.900,5354.8000,54587,0,1544298160.000,0,-,-,-,-,5354.4000,5354.2000,5351.0000,5350.0000,5349.4000,5355.8000,5356.0000,5356.8000,5357.0000,5357.4000,2,4,1,5,1,1,7,1,1,1
SF,IC2003,2020-01-03 09:46:54.900,5354.8000,54587,0,1544298160.000,0,-,-,-,-,5354.4000,5354.2000,5351.0000,5350.0000,5349.4000,5355.8000,5356.0000,5356.8000,5357.0000,5357.4000,2,4,1,5,1,3,7,1,1,1
SF,IC2003,2020-01-03 09:46:55.400,5354.4000,54587,0,1545369040.000,1,0,1,多换,S,5354.6000,5354.2000,5352.2000,5351.0000,5350.0000,5355.6000,5355.8000,5356.0000,5356.8000,5357.0000,1,4,1,1,5,2,1,3,1,1
SF,IC2003,2020-01-03 09:46:55.900,5354.4000,54586,-1,1546439920.000,1,0,1,双平,S,5354.4000,5354.2000,5352.2000,5351.0000,5350.0000,5354.6000,5354.8000,5355.4000,5355.6000,5356.0000,1,1,1,1,5,4,4,1,2,3
SF,IC2003,2020-01-03 09:46:56.400,5354.4000,54584,-2,1549652560.000,3,0,3,多平,S,5352.2000,5351.0000,5350.0000,5349.4000,5349.0000,5354.4000,5354.6000,5355.6000,5356.0000,5356.8000,1,1,5,1,2,3,2,2,3,1
SF,IC2003,2020-01-03 09:46:56.900,5354.4000,54585,1,1550723440.000,1,1,0,双开,S,5353.0000,5352.8000,5352.6000,5352.4000,5352.2000,5354.0000,5354.2000,5354.4000,5354.6000,5355.6000,1,1,4,3,1,1,1,2,2,2
SF,IC2003,2020-01-03 09:46:57.400,5354.0000,54584,-1,1552865120.000,2,0,2,多平,S,5354.0000,5353.2000,5353.0000,5352.8000,5352.6000,5354.4000,5354.6000,5355.6000,5356.0000,5356.8000,1,3,1,1,4,1,2,1,3,1
SF,IC2003,2020-01-03 09:46:57.900,5354.0000,54584,0,1552865120.000,0,-,-,-,-,5354.4000,5354.0000,5353.2000,5353.0000,5352.8000,5354.6000,5355.6000,5356.0000,5356.8000,5357.0000,1,1,3,1,1,2,1,3,1,1
SF,IC2003,2020-01-03 09:46:58.400,5354.4000,54582,-2,1555006880.000,2,0,2,双平,S,5353.2000,5353.0000,5352.8000,5352.6000,5352.2000,5354.6000,5356.0000,5356.8000,5357.0000,5357.4000,3,1,1,4,1,2,3,1,1,1
SF,IC2003,2020-01-03 09:46:58.900,5354.4000,54582,0,1555006880.000,0,-,-,-,-,5353.4000,5353.2000,5352.6000,5352.2000,5351.0000,5354.6000,5356.0000,5356.8000,5357.0000,5357.4000,1,2,2,1,1,2,3,1,1,1
SF,IC2003,2020-01-03 09:46:59.900,5354.6000,54580,-2,1557148720.000,2,0,2,双平,S,5353.4000,5353.2000,5352.6000,5352.2000,5351.0000,5354.4000,5356.0000,5356.8000,5357.0000,5357.4000,3,2,2,1,1,1,3,1,1,1
SF,IC2003,2020-01-03 09:47:00.400,5354.4000,54580,0,1559290480.000,2,1,1,多换,S,5354.6000,5353.6000,5353.4000,5353.2000,5352.6000,5356.0000,5356.8000,5357.0000,5357.4000,5357.8000,1,1,2,1,2,3,1,1,1,1
SF,IC2003,2020-01-03 09:47:00.900,5354.6000,54579,-1,1560361400.000,1,0,1,双平,S,5353.6000,5353.2000,5352.6000,5352.2000,5351.0000,5355.0000,5355.8000,5356.0000,5356.8000,5357.0000,1,1,2,1,1,6,1,3,1,1
SF,IC2003,2020-01-03 09:47:01.400,5353.6000,54579,0,1561432120.000,1,0,1,多换,S,5353.2000,5352.6000,5352.2000,5351.0000,5350.4000,5355.8000,5356.0000,5356.8000,5357.0000,5357.4000,1,2,1,1,1,1,3,1,1,1
SF,IC2003,2020-01-03 09:47:01.900,5353.6000,54579,0,1561432120.000,0,-,-,-,-,5353.6000,5353.4000,5353.2000,5352.6000,5352.2000,5355.4000,5355.6000,5355.8000,5356.0000,5356.8000,3,2,1,2,1,1,1,1,3,1
SF,IC2003,2020-01-03 09:47:02.400,5353.6000,54579,0,1561432120.000,0,-,-,-,-,5353.4000,5353.2000,5352.6000,5352.2000,5351.0000,5355.2000,5355.4000,5356.0000,5356.8000,5357.0000,2,1,1,1,1,1,1,3,1,1
SF,IC2003,2020-01-03 09:47:02.900,5353.6000,54579,0,1561432120.000,0,-,-,-,-,5353.8000,5353.4000,5353.2000,5352.6000,5352.2000,5355.2000,5356.0000,5356.8000,5357.0000,5357.4000,1,1,1,1,1,2,3,1,1,1
SF,IC2003,2020-01-03 09:47:03.400,5353.6000,54579,0,1561432120.000,0,-,-,-,-,5353.2000,5352.6000,5352.2000,5351.0000,5350.8000,5355.2000,5356.0000,5356.8000,5357.0000,5357.4000,1,1,1,1,1,2,3,1,1,1
SF,IC2003,2020-01-03 09:47:03.900,5353.6000,54579,0,1561432120.000,0,-,-,-,-,5353.4000,5353.2000,5352.6000,5352.2000,5351.0000,5355.0000,5355.2000,5356.0000,5356.8000,5357.0000,1,1,1,1,1,1,2,3,1,1
SF,IC2003,2020-01-03 09:47:04.400,5353.6000,54579,0,1561432120.000,0,-,-,-,-,5353.4000,5352.6000,5352.2000,5351.0000,5350.8000,5354.8000,5355.2000,5356.0000,5356.8000,5357.0000,1,1,1,1,1,1,1,3,1,1
SF,IC2003,2020-01-03 09:47:04.900,5353.6000,54579,0,1561432120.000,0,-,-,-,-,5354.2000,5353.4000,5352.6000,5352.2000,5351.0000,5354.8000,5355.2000,5356.0000,5356.8000,5357.0000,1,1,1,1,1,1,1,3,1,1
SF,IC2003,2020-01-03 09:47:05.400,5354.2000,54579,0,1562502960.000,1,0,1,多换,S,5354.4000,5352.6000,5352.2000,5351.0000,5350.8000,5354.8000,5355.2000,5356.0000,5356.8000,5357.0000,1,1,1,1,1,1,1,3,1,1
SF,IC2003,2020-01-03 09:47:05.900,5354.4000,54578,-1,1563573840.000,1,0,1,双平,S,5354.6000,5352.6000,5352.2000,5351.0000,5350.8000,5356.0000,5356.8000,5357.0000,5357.4000,5357.8000,1,1,1,1,1,3,1,1,1,1
SF,IC2003,2020-01-03 09:47:06.400,5354.6000,54577,-1,1564644760.000,1,0,1,双平,S,5352.6000,5352.2000,5351.0000,5350.8000,5350.4000,5355.0000,5355.8000,5356.0000,5356.8000,5357.0000,1,1,1,1,1,2,1,3,1,1
SF,IC2003,2020-01-03 09:47:06.900,5354.6000,54577,0,1564644760.000,0,-,-,-,-,5353.0000,5352.8000,5352.6000,5352.2000,5351.0000,5354.8000,5356.0000,5356.8000,5357.0000,5357.4000,3,2,1,1,1,1,3,1,1,1
SF,IC2003,2020-01-03 09:47:07.400,5354.6000,54577,0,1564644760.000,0,-,-,-,-,5353.4000,5353.2000,5353.0000,5352.8000,5352.6000,5354.8000,5356.0000,5356.8000,5357.0000,5357.4000,1,3,2,1,1,1,3,1,1,1
SF,IC2003,2020-01-03 09:47:07.900,5354.8000,54576,-1,1565715720.000,1,0,1,双平,S,5354.8000,5353.6000,5353.4000,5353.0000,5352.8000,5356.0000,5356.8000,5357.0000,5357.4000,5357.8000,1,1,2,2,1,3,1,1,1,1
SF,IC2003,2020-01-03 09:47:08.400,5354.8000,54576,0,1565715720.000,0,-,-,-,-,5355.4000,5355.0000,5354.8000,5353.6000,5353.0000,5356.0000,5356.8000,5357.0000,5357.4000,5357.8000,1,1,3,1,2,3,1,1,1,1
SF,IC2003,2020-01-03 09:47:08.900,5354.8000,54576,0,1565715720.000,0,-,-,-,-,5355.6000,5355.4000,5354.8000,5353.6000,5353.0000,5356.0000,5356.8000,5357.0000,5357.4000,5357.8000,1,1,3,1,2,3,1,1,1,1
SF,IC2003,2020-01-03 09:47:09.400,5355.4000,54574,-2,1567857920.000,2,0,2,双平,S,5354.8000,5353.6000,5353.0000,5352.6000,5352.2000,5355.4000,5355.8000,5356.0000,5356.8000,5357.0000,3,1,2,1,1,2,1,3,1,1
SF,IC2003,2020-01-03 09:47:09.900,5354.8000,54574,0,1568928880.000,1,0,1,多换,S,5353.6000,5353.0000,5352.6000,5352.2000,5351.6000,5355.4000,5355.8000,5356.0000,5356.8000,5357.0000,1,2,1,1,2,2,1,3,1,1
SF,IC2003,2020-01-03 09:47:10.400,5355.2000,54573,-1,1569999920.000,1,0,1,双平,S,5354.0000,5353.6000,5353.0000,5352.6000,5352.2000,5355.2000,5355.4000,5355.8000,5356.0000,5356.8000,1,1,2,1,1,2,2,1,3,1
SF,IC2003,2020-01-03 09:47:10.900,5355.2000,54573,0,1569999920.000,0,-,-,-,-,5353.6000,5353.0000,5352.6000,5352.2000,5351.6000,5355.2000,5355.4000,5355.8000,5356.0000,5356.8000,1,2,1,1,2,1,2,1,3,1
SF,IC2003,2020-01-03 09:47:11.400,5355.2000,54573,0,1571070960.000,1,0,1,多换,S,5353.6000,5353.0000,5352.6000,5352.2000,5351.6000,5355.4000,5355.8000,5356.0000,5356.8000,5357.0000,1,1,1,1,2,2,1,3,1,1
SF,IC2003,2020-01-03 09:47:11.900,5355.2000,54573,0,1571070960.000,0,-,-,-,-,5354.0000,5353.8000,5353.6000,5353.0000,5352.6000,5355.0000,5355.4000,5355.8000,5356.0000,5356.8000,1,1,2,3,1,1,2,1,3,1
SF,IC2003,2020-01-03 09:47:12.400,5355.4000,54574,1,1573213080.000,2,1,1,空开,S,5355.0000,5354.2000,5354.0000,5353.8000,5353.6000,5355.4000,5355.8000,5356.0000,5356.8000,5357.0000,1,1,1,1,1,1,1,3,1,1
SF,IC2003,2020-01-03 09:47:12.900,5355.4000,54571,-3,1576426240.000,3,0,3,双平,S,5354.2000,5353.6000,5353.0000,5352.6000,5352.2000,5355.8000,5356.0000,5356.8000,5357.0000,5357.4000,1,1,3,1,1,1,3,1,1,1
SF,IC2003,2020-01-03 09:47:13.400,5355.4000,54571,0,1576426240.000,0,-,-,-,-,5355.2000,5354.4000,5354.2000,5353.6000,5353.0000,5355.8000,5356.0000,5356.8000,5357.0000,5357.4000,1,1,1,1,3,1,3,1,1,1
SF,IC2003,2020-01-03 09:47:13.900,5355.2000,54571,0,1577497280.000,1,0,1,多换,S,5354.4000,5353.6000,5353.0000,5352.6000,5352.2000,5354.6000,5354.8000,5355.0000,5355.2000,5355.6000,1,1,3,1,1,2,2,2,4,1
SF,IC2003,2020-01-03 09:47:14.400,5355.2000,54570,-1,1579639200.000,2,0,2,多平,S,5354.0000,5353.6000,5353.0000,5352.6000,5352.2000,5355.2000,5355.6000,5355.8000,5356.0000,5356.8000,1,1,2,1,1,3,1,1,3,1
SF,IC2003,2020-01-03 09:47:14.900,5355.2000,54570,0,1579639200.000,0,-,-,-,-,5354.0000,5353.0000,5352.6000,5352.2000,5351.6000,5355.0000,5355.2000,5355.6000,5355.8000,5356.0000,1,2,1,1,2,2,3,1,1,3
SF,IC2003,2020-01-03 09:47:15.400,5355.2000,54570,0,1579639200.000,0,-,-,-,-,5354.0000,5353.0000,5352.6000,5352.2000,5351.6000,5355.0000,5355.2000,5355.6000,5355.8000,5356.0000,1,2,1,1,2,2,3,1,3,3
SF,IC2003,2020-01-03 09:47:16.400,5355.2000,54570,0,1579639200.000,0,-,-,-,-,5354.0000,5353.0000,5352.6000,5352.2000,5351.6000,5355.0000,5355.2000,5355.6000,5355.8000,5356.0000,1,2,1,1,2,2,3,2,3,3
SF,IC2003,2020-01-03 09:47:18.400,5355.2000,54570,0,1580710240.000,1,0,1,多换,S,5354.0000,5353.0000,5352.6000,5352.2000,5351.6000,5355.0000,5355.2000,5355.6000,5355.8000,5356.0000,1,2,1,1,2,1,3,2,3,3
SF,IC2003,2020-01-03 09:47:19.400,5355.0000,54569,-1,1581781240.000,1,0,1,双平,S,5354.0000,5353.0000,5352.6000,5352.2000,5351.6000,5355.0000,5355.2000,5355.6000,5355.8000,5356.0000,1,2,1,1,2,1,3,2,3,3
SF,IC2003,2020-01-03 09:47:19.900,5355.0000,54569,0,1581781240.000,0,-,-,-,-,5354.0000,5353.0000,5352.6000,5352.2000,5351.6000,5355.0000,5355.2000,5355.6000,5355.8000,5356.0000,1,2,1,1,2,1,3,2,3,3
SF,IC2003,2020-01-03 09:47:21.400,5355.0000,54569,0,1581781240.000,0,-,-,-,-,5354.0000,5353.0000,5352.6000,5352.2000,5351.6000,5355.0000,5355.2000,5355.6000,5355.8000,5356.0000,1,2,1,1,2,1,3,2,3,3
SF,IC2003,2020-01-03 09:47:21.900,5355.0000,54568,-1,1582852240.000,1,0,1,双平,S,5355.0000,5354.2000,5354.0000,5353.0000,5352.6000,5355.6000,5355.8000,5356.0000,5356.8000,5357.0000,1,1,1,2,1,1,3,3,1,1
SF,IC2003,2020-01-03 09:47:22.400,5355.0000,54568,0,1582852240.000,0,-,-,-,-,5354.2000,5354.0000,5353.0000,5352.6000,5352.2000,5355.6000,5355.8000,5356.0000,5356.8000,5357.0000,1,1,2,1,1,1,3,3,1,1
SF,IC2003,2020-01-03 09:47:22.900,5355.0000,54568,0,1582852240.000,0,-,-,-,-,5354.2000,5354.0000,5353.0000,5352.8000,5352.6000,5355.6000,5355.8000,5356.0000,5356.8000,5357.0000,1,1,2,1,1,1,3,3,1,1
SF,IC2003,2020-01-03 09:47:23.900,5355.0000,54568,0,1582852240.000,0,-,-,-,-,5354.2000,5354.0000,5353.0000,5352.8000,5352.6000,5355.6000,5355.8000,5356.0000,5356.8000,5357.0000,2,1,2,1,1,2,3,3,1,1
SF,IC2003,2020-01-03 09:47:24.400,5355.6000,54567,-1,1586065600.000,3,1,2,多平,S,5354.4000,5354.2000,5354.0000,5353.0000,5352.8000,5355.8000,5356.0000,5356.8000,5357.0000,5357.4000,2,2,1,2,1,3,3,1,1,1
SF,IC2003,2020-01-03 09:47:24.900,5355.8000,54566,-1,1587136760.000,1,0,1,双平,S,5354.6000,5354.4000,5354.0000,5353.0000,5352.8000,5355.8000,5356.0000,5356.8000,5357.0000,5357.4000,2,2,1,2,1,2,3,1,1,1
SF,IC2003,2020-01-03 09:47:25.400,5355.8000,54565,-1,1588207920.000,1,0,1,双平,S,5355.6000,5354.6000,5354.4000,5354.0000,5353.0000,5355.8000,5356.0000,5356.8000,5357.0000,5357.4000,1,2,2,1,2,1,3,1,1,1
SF,IC2003,2020-01-03 09:47:25.900,5355.8000,54565,0,1588207920.000,0,-,-,-,-,5354.8000,5354.6000,5354.4000,5354.0000,5353.0000,5355.8000,5356.0000,5356.8000,5357.0000,5357.4000,1,2,2,1,2,1,3,1,1,1
SF,IC2003,2020-01-03 09:47:27.400,5355.8000,54564,-1,1589279080.000,1,0,1,双平,S,5355.8000,5354.8000,5354.6000,5354.4000,5354.0000,5356.0000,5356.8000,5357.0000,5357.4000,5357.8000,1,1,2,2,1,3,1,1,1,1
SF,IC2003,2020-01-03 09:47:27.900,5356.0000,54563,-1,1590350280.000,1,0,1,双平,S,5355.8000,5354.6000,5354.4000,5354.0000,5353.0000,5356.0000,5356.8000,5357.0000,5357.4000,5357.8000,1,1,2,1,2,2,1,1,1,1
SF,IC2003,2020-01-03 09:47:28.400,5356.0000,54562,-1,1591421480.000,1,0,1,双平,S,5355.8000,5354.6000,5354.4000,5354.0000,5353.0000,5356.0000,5356.8000,5357.0000,5357.4000,5357.8000,2,1,2,1,2,1,1,1,1,1
SF,IC2003,2020-01-03 09:47:28.900,5355.8000,54563,1,1593563840.000,2,1,1,空开,S,5356.0000,5355.8000,5354.6000,5354.4000,5354.0000,5356.8000,5357.0000,5357.4000,5357.8000,5358.0000,1,1,1,2,1,1,1,1,1,2
SF,IC2003,2020-01-03 09:47:29.400,5355.8000,54563,0,1593563840.000,0,-,-,-,-,5356.0000,5355.8000,5354.6000,5354.4000,5354.0000,5356.8000,5357.0000,5357.4000,5357.8000,5358.0000,1,1,1,1,1,1,1,1,1,2
SF,IC2003,2020-01-03 09:47:29.900,5356.0000,54563,0,1596777400.000,3,1,2,多换,S,5354.6000,5354.4000,5354.0000,5353.0000,5352.8000,5356.8000,5357.0000,5357.4000,5357.8000,5358.0000,1,1,1,2,1,1,1,1,1,2
SF,IC2003,2020-01-03 09:47:30.400,5356.0000,54563,0,1596777400.000,0,-,-,-,-,5355.0000,5354.8000,5354.6000,5354.4000,5354.0000,5356.8000,5357.0000,5357.4000,5357.8000,5358.0000,1,1,1,1,1,1,1,1,1,2
SF,IC2003,2020-01-03 09:47:30.900,5356.0000,54563,0,1596777400.000,0,-,-,-,-,5354.8000,5354.6000,5354.4000,5354.0000,5353.0000,5356.0000,5356.4000,5356.6000,5356.8000,5357.0000,1,1,1,1,2,1,1,1,3,1
SF,IC2003,2020-01-03 09:47:31.400,5356.0000,54563,0,1596777400.000,0,-,-,-,-,5355.0000,5354.4000,5354.0000,5353.0000,5352.8000,5356.0000,5356.6000,5356.8000,5357.0000,5357.4000,1,1,1,2,1,1,1,2,1,1
SF,IC2003,2020-01-03 09:47:31.900,5356.0000,54563,0,1596777400.000,0,-,-,-,-,5355.0000,5354.0000,5353.0000,5352.8000,5352.6000,5356.0000,5356.8000,5357.0000,5357.4000,5357.8000,1,1,2,1,1,1,1,1,1,1
SF,IC2003,2020-01-03 09:47:32.400,5356.0000,54563,0,1596777400.000,0,-,-,-,-,5355.0000,5354.0000,5353.0000,5352.8000,5352.6000,5356.0000,5356.8000,5357.0000,5357.4000,5357.8000,1,1,2,1,1,1,1,1,1,1
SF,IC2003,2020-01-03 09:47:32.900,5356.0000,54563,0,1596777400.000,0,-,-,-,-,5355.2000,5355.0000,5354.0000,5353.0000,5352.8000,5355.8000,5356.0000,5356.8000,5357.0000,5357.4000,1,1,1,2,1,1,1,1,1,1
SF,IC2003,2020-01-03 09:47:33.400,5356.0000,54563,0,1596777400.000,0,-,-,-,-,5355.2000,5355.0000,5354.0000,5353.0000,5352.8000,5355.8000,5356.0000,5356.8000,5357.0000,5357.4000,1,1,1,2,1,1,1,1,1,1
SF,IC2003,2020-01-03 09:47:33.900,5356.0000,54563,0,1596777400.000,0,-,-,-,-,5355.2000,5355.0000,5354.0000,5353.0000,5352.8000,5355.8000,5356.0000,5357.0000,5357.4000,5357.8000,1,1,1,2,1,1,1,1,1,1
SF,IC2003,2020-01-03 09:47:34.400,5356.0000,54563,0,1596777400.000,0,-,-,-,-,5355.2000,5355.0000,5354.0000,5353.0000,5352.8000,5355.8000,5356.0000,5357.0000,5357.4000,5357.8000,1,2,1,2,1,1,1,1,1,1
SF,IC2003,2020-01-03 09:47:34.900,5355.2000,54562,-1,1597848440.000,1,0,1,双平,S,5355.0000,5354.0000,5353.0000,5352.8000,5352.6000,5355.8000,5356.0000,5357.0000,5357.4000,5357.8000,2,1,2,1,1,1,1,1,1,1
SF,IC2003,2020-01-03 09:47:35.400,5355.8000,54563,1,1598919600.000,1,1,0,双开,S,5355.8000,5355.0000,5354.0000,5353.0000,5352.8000,5356.0000,5357.0000,5357.4000,5357.8000,5358.0000,3,2,1,2,1,1,1,1,1,2
SF,IC2003,2020-01-03 09:47:35.900,5356.0000,54563,0,1599990800.000,1,0,1,多换,S,5356.0000,5355.8000,5355.0000,5354.0000,5353.0000,5357.0000,5357.4000,5357.8000,5358.0000,5358.4000,2,3,2,1,2,1,1,1,2,1
SF,IC2003,2020-01-03 09:47:36.400,5356.0000,54563,0,1599990800.000,0,-,-,-,-,5356.2000,5356.0000,5355.8000,5355.0000,5354.0000,5356.8000,5357.0000,5357.4000,5357.8000,5358.0000,1,2,3,1,1,1,1,1,1,2
SF,IC2003,2020-01-03 09:47:36.900,5356.8000,54563,0,1601062160.000,1,0,1,多换,S,5356.8000,5356.4000,5356.2000,5355.8000,5355.0000,5357.0000,5357.4000,5357.8000,5358.0000,5358.4000,1,1,1,3,1,1,1,1,2,1
SF,IC2003,2020-01-03 09:47:37.400,5356.4000,54561,-2,1603204840.000,2,0,2,双平,S,5357.0000,5356.2000,5355.8000,5355.0000,5354.0000,5357.4000,5357.8000,5358.0000,5358.4000,5358.8000,1,1,3,1,1,1,1,2,1,1
SF,IC2003,2020-01-03 09:47:37.900,5356.4000,54560,-1,1604276120.000,1,0,1,双平,S,5356.2000,5355.8000,5355.0000,5354.0000,5353.0000,5357.4000,5357.8000,5358.0000,5358.4000,5358.8000,1,3,1,1,2,1,1,2,1,1
SF,IC2003,2020-01-03 09:47:38.400,5356.4000,54560,0,1604276120.000,0,-,-,-,-,5356.2000,5355.8000,5355.0000,5354.0000,5353.0000,5356.8000,5357.4000,5357.8000,5358.0000,5358.4000,1,3,1,1,2,1,1,1,2,1
SF,IC2003,2020-01-03 09:47:38.900,5356.8000,54560,0,1605347480.000,1,0,1,多换,S,5356.2000,5355.8000,5355.0000,5354.0000,5353.0000,5357.4000,5357.8000,5358.0000,5358.4000,5358.8000,1,3,1,1,2,1,1,2,1,1
SF,IC2003,2020-01-03 09:47:39.400,5356.8000,54560,0,1605347480.000,0,-,-,-,-,5356.2000,5355.8000,5355.0000,5354.0000,5353.0000,5357.4000,5357.8000,5358.0000,5358.4000,5358.8000,1,3,1,1,2,1,1,2,1,1
SF,IC2003,2020-01-03 09:47:39.900,5356.8000,54560,0,1605347480.000,0,-,-,-,-,5356.2000,5355.8000,5355.0000,5354.0000,5353.0000,5357.4000,5357.8000,5358.0000,5358.4000,5358.8000,1,3,1,1,2,1,1,2,1,1
SF,IC2003,2020-01-03 09:47:40.400,5356.8000,54560,0,1605347480.000,0,-,-,-,-,5356.2000,5355.8000,5355.0000,5354.0000,5353.0000,5357.4000,5357.8000,5358.0000,5358.4000,5358.8000,1,3,1,1,2,1,1,2,1,2
SF,IC2003,2020-01-03 09:47:40.900,5357.4000,54559,-1,1606418960.000,1,0,1,双平,S,5356.2000,5355.8000,5355.0000,5354.0000,5353.0000,5357.8000,5358.0000,5358.4000,5358.8000,5359.0000,1,3,1,1,2,1,2,1,2,5
SF,IC2003,2020-01-03 09:47:41.900,5357.4000,54559,0,1606418960.000,0,-,-,-,-,5356.2000,5355.8000,5355.0000,5354.0000,5353.0000,5357.8000,5358.0000,5358.4000,5358.8000,5359.0000,2,3,1,1,2,1,2,1,2,5
SF,IC2003,2020-01-03 09:47:42.400,5357.4000,54559,0,1606418960.000,0,-,-,-,-,5357.4000,5356.2000,5355.8000,5355.0000,5354.0000,5357.8000,5358.0000,5358.4000,5358.8000,5359.0000,4,3,3,1,1,1,2,1,2,5
SF,IC2003,2020-01-03 09:47:42.900,5357.4000,54559,0,1610704880.000,4,2,2,多换,S,5356.2000,5355.8000,5355.0000,5354.0000,5353.0000,5357.2000,5357.4000,5357.6000,5357.8000,5358.0000,2,1,1,1,2,3,3,3,1,2
SF,IC2003,2020-01-03 09:47:43.400,5356.2000,54559,0,1611776120.000,1,0,1,多换,S,5356.2000,5355.8000,5355.0000,5354.6000,5354.0000,5357.2000,5357.4000,5357.6000,5357.8000,5358.0000,1,1,1,1,1,1,3,1,1,2
SF,IC2003,2020-01-03 09:47:44.900,5356.2000,54559,0,1611776120.000,0,-,-,-,-,5356.2000,5355.8000,5355.0000,5354.6000,5354.0000,5357.2000,5357.4000,5357.6000,5357.8000,5358.0000,1,1,1,1,1,1,3,2,1,2
SF,IC2003,2020-01-03 09:47:45.900,5356.2000,54559,0,1611776120.000,0,-,-,-,-,5356.2000,5355.8000,5355.0000,5354.6000,5354.0000,5357.2000,5357.4000,5357.6000,5357.8000,5358.0000,1,1,1,1,1,2,3,2,1,2
SF,IC2003,2020-01-03 09:47:46.400,5356.2000,54559,0,1611776120.000,0,-,-,-,-,5356.2000,5355.8000,5355.0000,5354.6000,5354.0000,5357.2000,5357.4000,5357.6000,5357.8000,5358.0000,1,1,1,1,1,2,3,2,1,2
SF,IC2003,2020-01-03 09:47:47.400,5356.2000,54559,0,1611776120.000,0,-,-,-,-,5356.2000,5355.8000,5355.0000,5354.6000,5354.0000,5357.2000,5357.4000,5357.6000,5357.8000,5358.0000,1,1,1,1,1,2,3,2,1,2
SF,IC2003,2020-01-03 09:47:47.900,5356.2000,54560,1,1612847360.000,1,1,0,双开,S,5355.8000,5355.0000,5354.6000,5354.0000,5353.0000,5356.2000,5357.2000,5357.4000,5357.6000,5357.8000,1,1,1,1,2,1,2,3,2,1
SF,IC2003,2020-01-03 09:47:48.400,5356.2000,54560,0,1613918600.000,1,0,1,多换,S,5355.8000,5355.0000,5354.6000,5354.0000,5353.0000,5356.2000,5357.2000,5357.4000,5357.6000,5357.8000,1,1,1,1,2,1,2,3,2,1
SF,IC2003,2020-01-03 09:47:48.900,5356.2000,54560,0,1613918600.000,0,-,-,-,-,5355.8000,5355.0000,5354.6000,5354.0000,5353.0000,5357.0000,5357.2000,5357.4000,5357.6000,5357.8000,1,1,1,1,2,1,1,3,2,1
SF,IC2003,2020-01-03 09:47:49.400,5355.8000,54560,0,1614989760.000,1,0,1,多换,S,5355.0000,5354.6000,5354.0000,5353.0000,5352.8000,5356.8000,5357.0000,5357.2000,5357.4000,5357.6000,1,1,1,2,1,1,1,1,3,2
SF,IC2003,2020-01-03 09:47:49.900,5355.8000,54560,0,1614989760.000,0,-,-,-,-,5355.4000,5355.0000,5354.6000,5354.0000,5353.0000,5356.6000,5356.8000,5357.2000,5357.4000,5357.6000,1,1,1,1,2,2,3,1,3,2
SF,IC2003,2020-01-03 09:47:50.400,5355.8000,54560,0,1614989760.000,0,-,-,-,-,5355.0000,5354.6000,5354.0000,5353.0000,5352.8000,5356.6000,5356.8000,5357.2000,5357.4000,5357.6000,1,1,1,2,1,2,3,1,3,2
SF,IC2003,2020-01-03 09:47:50.900,5355.8000,54560,0,1614989760.000,0,-,-,-,-,5355.2000,5355.0000,5354.6000,5354.0000,5353.0000,5356.6000,5356.8000,5357.2000,5357.4000,5357.6000,1,1,1,1,2,2,3,1,3,2
SF,IC2003,2020-01-03 09:47:51.400,5355.8000,54560,0,1614989760.000,0,-,-,-,-,5355.0000,5354.6000,5354.0000,5353.0000,5352.8000,5356.2000,5356.4000,5356.6000,5356.8000,5357.2000,1,1,1,2,1,1,2,2,2,1
SF,IC2003,2020-01-03 09:47:51.900,5356.6000,54561,1,1617132280.000,2,1,1,空开,S,5355.2000,5355.0000,5354.6000,5354.0000,5353.0000,5356.8000,5357.2000,5357.4000,5357.6000,5357.8000,1,1,1,1,2,1,1,3,2,1
SF,IC2003,2020-01-03 09:47:52.400,5356.6000,54561,0,1617132280.000,0,-,-,-,-,5355.2000,5355.0000,5354.6000,5354.0000,5353.0000,5356.4000,5356.6000,5356.8000,5357.2000,5357.6000,1,1,1,1,2,1,1,1,1,2
SF,IC2003,2020-01-03 09:47:52.900,5356.6000,54561,0,1617132280.000,0,-,-,-,-,5355.0000,5354.6000,5354.0000,5353.0000,5352.8000,5356.4000,5356.6000,5357.2000,5357.6000,5357.8000,1,1,1,2,1,2,1,1,2,1
SF,IC2003,2020-01-03 09:47:53.400,5356.6000,54561,0,1617132280.000,0,-,-,-,-,5355.0000,5354.6000,5354.0000,5353.0000,5352.8000,5356.2000,5356.4000,5356.6000,5357.2000,5357.6000,1,1,1,2,1,4,1,1,1,1
SF,IC2003,2020-01-03 09:47:53.900,5356.6000,54561,0,1617132280.000,0,-,-,-,-,5355.0000,5354.6000,5354.0000,5353.0000,5352.8000,5356.2000,5356.6000,5357.2000,5357.6000,5357.8000,1,1,1,2,1,1,1,1,1,1
SF,IC2003,2020-01-03 09:47:54.400,5355.0000,54561,0,1618203280.000,1,0,1,多换,S,5354.6000,5354.0000,5353.0000,5352.8000,5352.6000,5355.8000,5356.0000,5356.2000,5356.6000,5357.2000,1,1,2,1,1,1,2,3,1,1
SF,IC2003,2020-01-03 09:47:54.900,5354.6000,54560,-1,1619274200.000,1,0,1,双平,S,5354.0000,5353.0000,5352.8000,5352.2000,5350.4000,5354.6000,5355.4000,5355.6000,5355.8000,5356.2000,1,2,1,1,1,2,1,1,3,1
SF,IC2003,2020-01-03 09:47:55.400,5354.0000,54560,0,1620345000.000,1,0,1,多换,S,5353.0000,5352.8000,5352.2000,5350.4000,5350.2000,5354.0000,5355.4000,5355.6000,5355.8000,5356.2000,2,1,1,1,1,1,1,1,2,1
SF,IC2003,2020-01-03 09:47:55.900,5354.0000,54559,-1,1621415800.000,1,0,1,双平,S,5354.2000,5353.2000,5353.0000,5352.8000,5352.2000,5355.4000,5355.6000,5355.8000,5356.2000,5357.4000,1,1,2,1,1,1,1,2,1,1
SF,IC2003,2020-01-03 09:47:56.400,5354.2000,54558,-1,1622486640.000,1,0,1,双平,S,5353.2000,5353.0000,5352.8000,5352.2000,5350.4000,5354.4000,5354.6000,5355.0000,5355.2000,5355.4000,1,2,1,1,1,2,2,1,1,3
SF,IC2003,2020-01-03 09:47:56.900,5354.2000,54558,0,1622486640.000,0,-,-,-,-,5353.2000,5353.0000,5352.8000,5352.2000,5350.4000,5354.2000,5355.2000,5355.4000,5355.8000,5356.2000,1,2,1,1,1,1,1,2,1,1
SF,IC2003,2020-01-03 09:47:57.400,5354.2000,54558,0,1622486640.000,0,-,-,-,-,5353.2000,5353.0000,5352.8000,5352.2000,5350.4000,5354.2000,5355.2000,5355.4000,5355.8000,5356.2000,1,2,1,1,1,1,1,1,1,1
SF,IC2003,2020-01-03 09:47:57.900,5354.2000,54559,1,1623557480.000,1,1,0,双开,S,5353.2000,5353.0000,5352.8000,5352.2000,5350.4000,5355.2000,5355.4000,5355.8000,5356.2000,5357.0000,1,2,1,1,1,1,1,1,1,1
SF,IC2003,2020-01-03 09:47:58.400,5354.2000,54559,0,1623557480.000,0,-,-,-,-,5353.2000,5353.0000,5352.8000,5352.2000,5350.4000,5354.0000,5355.0000,5355.2000,5355.4000,5355.8000,1,2,1,1,1,2,3,1,1,1
SF,IC2003,2020-01-03 09:47:58.900,5354.2000,54559,0,1623557480.000,0,-,-,-,-,5354.4000,5353.2000,5353.0000,5352.8000,5352.2000,5355.0000,5355.4000,5355.8000,5357.0000,5357.4000,3,1,2,1,1,2,1,1,1,1
SF,IC2003,2020-01-03 09:47:59.400,5354.4000,54559,0,1626770080.000,3,1,2,多换,S,5353.2000,5353.0000,5352.8000,5352.2000,5350.4000,5354.2000,5354.4000,5355.0000,5355.4000,5355.8000,1,2,1,1,1,1,4,2,1,1
SF,IC2003,2020-01-03 09:47:59.900,5353.2000,54559,0,1628911560.000,2,1,1,多换,S,5353.0000,5352.8000,5352.2000,5350.4000,5350.2000,5354.4000,5355.0000,5355.4000,5355.8000,5357.0000,2,1,1,1,1,4,2,1,1,1
SF,IC2003,2020-01-03 09:48:00.400,5353.4000,54558,-1,1629982240.000,1,0,1,双平,S,5353.0000,5352.8000,5352.2000,5350.4000,5350.2000,5354.2000,5354.4000,5355.0000,5355.4000,5355.8000,2,1,1,1,1,1,4,2,1,1
SF,IC2003,2020-01-03 09:48:00.900,5353.4000,54558,0,1629982240.000,0,-,-,-,-,5353.0000,5352.8000,5352.2000,5350.4000,5350.2000,5353.8000,5354.0000,5354.2000,5354.4000,5355.0000,2,1,1,1,1,1,1,1,4,2
SF,IC2003,2020-01-03 09:48:01.900,5353.4000,54558,0,1629982240.000,0,-,-,-,-,5353.2000,5353.0000,5352.8000,5352.2000,5350.4000,5354.2000,5354.4000,5355.0000,5355.8000,5357.0000,2,2,1,1,1,1,4,2,1,1
SF,IC2003,2020-01-03 09:48:02.400,5353.4000,54558,0,1629982240.000,0,-,-,-,-,5353.4000,5353.2000,5353.0000,5352.8000,5352.2000,5354.4000,5355.0000,5355.8000,5357.0000,5357.4000,1,2,2,1,1,4,2,1,1,1
SF,IC2003,2020-01-03 09:48:02.900,5353.4000,54558,0,1629982240.000,0,-,-,-,-,5353.4000,5353.2000,5353.0000,5352.8000,5352.2000,5354.4000,5355.0000,5355.8000,5357.0000,5357.4000,1,2,2,1,1,4,1,1,1,1
SF,IC2003,2020-01-03 09:48:03.400,5353.4000,54558,0,1629982240.000,0,-,-,-,-,5353.4000,5353.2000,5353.0000,5352.8000,5352.2000,5354.4000,5355.0000,5355.8000,5357.0000,5357.4000,1,2,2,1,1,4,1,1,1,1
SF,IC2003,2020-01-03 09:48:05.400,5353.4000,54552,-6,1636406280.000,6,0,6,双平,S,5354.2000,5353.2000,5353.0000,5352.8000,5352.2000,5354.4000,5355.0000,5355.8000,5357.0000,5357.4000,1,1,2,1,1,4,1,1,1,1
SF,IC2003,2020-01-03 09:48:05.900,5354.2000,54551,-1,1637477120.000,1,0,1,双平,S,5353.2000,5353.0000,5352.8000,5352.2000,5350.4000,5354.0000,5354.2000,5354.4000,5355.0000,5355.8000,1,2,1,1,1,5,10,1,1,1
SF,IC2003,2020-01-03 09:48:06.400,5353.0000,54548,-3,1640688960.000,3,0,3,双平,S,5352.8000,5352.2000,5350.4000,5350.2000,5350.0000,5353.2000,5353.8000,5354.0000,5354.2000,5354.4000,1,1,1,1,6,1,1,2,4,1
SF,IC2003,2020-01-03 09:48:06.900,5352.8000,54548,0,1641759520.000,1,0,1,多换,S,5352.2000,5350.4000,5350.2000,5350.0000,5349.4000,5353.2000,5353.8000,5354.0000,5354.2000,5354.4000,1,1,1,6,1,1,1,2,4,1
SF,IC2003,2020-01-03 09:48:07.400,5352.8000,54548,0,1641759520.000,0,-,-,-,-,5352.4000,5352.2000,5350.4000,5350.2000,5350.0000,5353.0000,5353.2000,5354.0000,5354.2000,5354.4000,1,1,1,1,6,1,1,2,4,1
SF,IC2003,2020-01-03 09:48:07.900,5354.0000,54548,0,1644971560.000,3,1,2,多换,S,5352.4000,5352.2000,5350.4000,5350.2000,5350.0000,5354.0000,5354.2000,5354.4000,5355.0000,5355.8000,1,1,1,1,6,1,4,1,1,1
SF,IC2003,2020-01-03 09:48:08.400,5352.4000,54547,-1,1646042040.000,1,0,1,双平,S,5352.4000,5352.2000,5350.4000,5350.2000,5350.0000,5352.6000,5353.4000,5353.6000,5353.8000,5354.0000,1,1,1,1,6,2,1,2,1,1
SF,IC2003,2020-01-03 09:48:08.900,5352.6000,54544,-3,1650324000.000,4,0,4,多平,S,5352.4000,5350.4000,5350.2000,5350.0000,5349.4000,5353.6000,5353.8000,5354.0000,5354.2000,5354.4000,1,1,1,6,1,2,1,1,2,1
SF,IC2003,2020-01-03 09:48:09.400,5353.2000,54543,-1,1652465240.000,2,0,2,多平,S,5353.2000,5352.4000,5350.4000,5350.2000,5350.0000,5353.4000,5353.6000,5354.2000,5354.4000,5357.0000,3,1,1,1,6,1,2,2,1,1
SF,IC2003,2020-01-03 09:48:09.900,5353.2000,54538,-5,1657818440.000,5,0,5,双平,S,5352.4000,5350.4000,5350.2000,5350.0000,5349.4000,5353.6000,5354.2000,5354.4000,5357.0000,5357.4000,1,1,1,6,1,2,2,1,1,1
SF,IC2003,2020-01-03 09:48:10.400,5353.2000,54538,0,1657818440.000,0,-,-,-,-,5352.6000,5352.4000,5350.4000,5350.2000,5350.0000,5353.0000,5354.2000,5354.4000,5357.0000,5357.4000,1,3,1,1,6,1,2,1,1,1
SF,IC2003,2020-01-03 09:48:10.900,5353.0000,54538,0,1658889040.000,1,0,1,多换,S,5353.0000,5352.6000,5352.4000,5350.4000,5350.2000,5354.2000,5354.4000,5357.0000,5357.4000,5357.6000,4,1,4,1,1,2,1,1,1,1
SF,IC2003,2020-01-03 09:48:11.400,5353.0000,54538,0,1658889040.000,0,-,-,-,-,5353.2000,5353.0000,5352.4000,5350.4000,5350.2000,5354.2000,5354.4000,5357.0000,5357.4000,5357.6000,3,3,1,1,1,2,1,1,1,1
SF,IC2003,2020-01-03 09:48:11.900,5353.0000,54538,0,1658889040.000,0,-,-,-,-,5353.2000,5353.0000,5352.4000,5350.4000,5350.2000,5354.2000,5354.4000,5357.0000,5357.4000,5357.6000,3,3,1,1,1,1,1,1,1,1
SF,IC2003,2020-01-03 09:48:12.400,5353.0000,54538,0,1658889040.000,0,-,-,-,-,5353.2000,5353.0000,5352.4000,5350.4000,5350.2000,5354.2000,5354.4000,5357.0000,5357.4000,5357.6000,1,3,1,1,1,1,1,1,1,1
SF,IC2003,2020-01-03 09:48:12.900,5353.0000,54538,0,1658889040.000,0,-,-,-,-,5353.0000,5352.4000,5350.4000,5350.2000,5350.0000,5353.8000,5354.0000,5354.2000,5354.4000,5357.0000,3,1,1,1,6,1,2,1,1,1
SF,IC2003,2020-01-03 09:48:13.400,5353.4000,54537,-1,1661030320.000,2,0,2,多平,S,5353.4000,5353.0000,5352.4000,5350.4000,5350.2000,5353.8000,5354.0000,5354.4000,5357.0000,5357.4000,2,2,1,1,1,2,1,1,1,1
SF,IC2003,2020-01-03 09:48:13.900,5353.4000,54538,1,1663171680.000,2,1,1,空开,S,5353.0000,5352.4000,5350.4000,5350.2000,5350.0000,5353.8000,5354.0000,5354.4000,5357.0000,5357.4000,2,1,1,1,6,1,1,1,1,1
SF,IC2003,2020-01-03 09:48:14.400,5353.4000,54538,0,1663171680.000,0,-,-,-,-,5353.0000,5352.4000,5350.4000,5350.2000,5350.0000,5353.2000,5353.8000,5354.0000,5354.4000,5357.0000,2,1,1,1,6,1,1,1,1,1
SF,IC2003,2020-01-03 09:48:14.900,5353.2000,54537,-1,1664242320.000,1,0,1,双平,S,5353.0000,5352.4000,5350.4000,5350.2000,5350.0000,5354.0000,5354.4000,5357.0000,5357.4000,5357.6000,2,1,1,1,6,1,1,1,1,1
SF,IC2003,2020-01-03 09:48:16.400,5353.2000,54537,0,1664242320.000,0,-,-,-,-,5353.0000,5352.4000,5350.6000,5350.4000,5350.2000,5353.8000,5354.0000,5354.4000,5357.0000,5357.4000,2,1,1,1,1,1,1,1,1,1
SF,IC2003,2020-01-03 09:48:16.900,5353.2000,54537,0,1664242320.000,0,-,-,-,-,5352.4000,5350.4000,5350.2000,5350.0000,5349.4000,5354.0000,5354.4000,5357.0000,5357.4000,5357.6000,1,1,1,6,1,1,1,1,1,1
SF,IC2003,2020-01-03 09:48:17.400,5353.2000,54537,0,1664242320.000,0,-,-,-,-,5352.6000,5352.4000,5350.4000,5350.2000,5350.0000,5354.4000,5357.0000,5357.4000,5357.6000,5357.8000,2,1,1,1,6,1,1,1,1,1
SF,IC2003,2020-01-03 09:48:17.900,5353.2000,54537,0,1664242320.000,0,-,-,-,-,5352.6000,5352.4000,5350.4000,5350.2000,5350.0000,5354.0000,5354.2000,5354.4000,5357.0000,5357.4000,1,1,1,1,6,6,2,1,1,1
SF,IC2003,2020-01-03 09:48:18.400,5353.2000,54537,0,1664242320.000,0,-,-,-,-,5352.8000,5352.6000,5352.4000,5350.4000,5350.2000,5354.0000,5354.2000,5354.4000,5357.0000,5357.4000,1,3,1,1,1,4,2,1,1,1
SF,IC2003,2020-01-03 09:48:18.900,5353.2000,54537,0,1664242320.000,0,-,-,-,-,5352.6000,5352.4000,5350.4000,5350.2000,5350.0000,5354.0000,5354.2000,5354.4000,5357.0000,5357.4000,2,1,1,1,6,4,2,1,1,1
SF,IC2003,2020-01-03 09:48:19.400,5353.2000,54537,0,1664242320.000,0,-,-,-,-,5352.6000,5352.4000,5350.4000,5350.2000,5350.0000,5353.8000,5354.0000,5354.2000,5354.4000,5357.0000,2,1,1,1,6,1,4,1,1,1
SF,IC2003,2020-01-03 09:48:19.900,5353.2000,54537,0,1664242320.000,0,-,-,-,-,5352.8000,5352.6000,5352.4000,5350.4000,5350.2000,5353.8000,5354.0000,5354.2000,5354.4000,5357.0000,1,2,1,1,1,1,4,6,1,1
SF,IC2003,2020-01-03 09:48:20.400,5353.2000,54537,0,1664242320.000,0,-,-,-,-,5353.0000,5352.6000,5352.4000,5350.4000,5350.2000,5354.0000,5354.2000,5354.4000,5357.0000,5357.4000,1,2,1,1,1,4,6,1,1,1
SF,IC2003,2020-01-03 09:48:20.900,5353.2000,54537,0,1664242320.000,0,-,-,-,-,5353.2000,5352.6000,5352.4000,5350.4000,5350.2000,5354.0000,5354.2000,5354.4000,5357.0000,5357.4000,2,2,1,1,1,1,5,1,1,1
SF,IC2003,2020-01-03 09:48:21.400,5353.2000,54537,0,1664242320.000,0,-,-,-,-,5353.2000,5352.6000,5352.4000,5352.0000,5350.4000,5354.2000,5354.4000,5357.0000,5357.4000,5357.6000,2,1,1,1,1,5,1,1,1,1
SF,IC2003,2020-01-03 09:48:21.900,5353.2000,54537,0,1665312960.000,1,0,1,多换,S,5353.2000,5352.6000,5352.4000,5352.0000,5350.4000,5354.2000,5354.4000,5357.0000,5357.4000,5357.6000,1,1,1,1,1,5,1,1,1,1
SF,IC2003,2020-01-03 09:48:22.400,5353.2000,54537,0,1665312960.000,0,-,-,-,-,5353.2000,5352.6000,5352.4000,5352.0000,5350.4000,5354.4000,5357.0000,5357.4000,5357.6000,5357.8000,1,1,1,1,1,1,1,1,1,1
SF,IC2003,2020-01-03 09:48:22.900,5353.2000,54537,0,1665312960.000,0,-,-,-,-,5353.4000,5353.2000,5352.4000,5352.0000,5350.4000,5354.4000,5357.0000,5357.4000,5357.6000,5357.8000,2,2,1,1,1,1,1,1,1,1
SF,IC2003,2020-01-03 09:48:23.400,5353.2000,54537,0,1665312960.000,0,-,-,-,-,5353.6000,5353.4000,5353.2000,5352.4000,5352.0000,5354.4000,5357.0000,5357.4000,5357.6000,5357.8000,1,1,2,1,1,1,1,1,1,1
SF,IC2003,2020-01-03 09:48:23.900,5353.6000,54536,-1,1666383680.000,1,0,1,双平,S,5353.8000,5353.4000,5353.2000,5352.4000,5352.0000,5354.4000,5357.0000,5357.4000,5357.6000,5357.8000,1,1,2,1,1,1,1,1,1,1
SF,IC2003,2020-01-03 09:48:24.900,5353.6000,54536,0,1666383680.000,0,-,-,-,-,5353.8000,5353.4000,5353.2000,5352.4000,5352.0000,5354.4000,5357.0000,5357.4000,5357.6000,5357.8000,1,1,1,1,1,1,1,1,1,1
SF,IC2003,2020-01-03 09:48:25.400,5353.8000,54535,-1,1667454440.000,1,0,1,双平,S,5353.4000,5353.2000,5352.4000,5352.0000,5350.4000,5354.4000,5357.0000,5357.4000,5357.6000,5357.8000,1,1,1,1,1,1,1,1,1,1
SF,IC2003,2020-01-03 09:48:25.900,5353.8000,54535,0,1667454440.000,0,-,-,-,-,5353.4000,5352.4000,5352.0000,5350.4000,5350.2000,5354.4000,5357.0000,5357.4000,5357.6000,5357.8000,1,1,1,1,1,1,1,1,1,1
SF,IC2003,2020-01-03 09:48:26.400,5353.8000,54535,0,1667454440.000,0,-,-,-,-,5352.4000,5352.0000,5350.4000,5350.2000,5350.0000,5354.4000,5357.0000,5357.4000,5357.6000,5357.8000,1,1,1,1,6,2,1,1,1,1
SF,IC2003,2020-01-03 09:48:26.900,5352.6000,54536,1,1669595480.000,2,1,1,空开,S,5352.4000,5352.0000,5350.4000,5350.2000,5350.0000,5354.2000,5354.4000,5357.0000,5357.4000,5357.6000,2,1,1,1,6,5,2,1,1,1
SF,IC2003,2020-01-03 09:48:27.400,5352.6000,54536,0,1669595480.000,0,-,-,-,-,5352.4000,5352.0000,5350.4000,5350.2000,5350.0000,5353.8000,5354.2000,5354.4000,5357.0000,5357.4000,2,1,1,1,6,2,3,2,1,1
SF,IC2003,2020-01-03 09:48:27.900,5352.6000,54536,0,1669595480.000,0,-,-,-,-,5352.4000,5352.0000,5350.4000,5350.2000,5350.0000,5354.2000,5354.4000,5357.0000,5357.4000,5357.6000,2,1,1,1,6,3,2,1,1,1
SF,IC2003,2020-01-03 09:48:28.400,5352.6000,54536,0,1669595480.000,0,-,-,-,-,5352.6000,5352.4000,5352.0000,5350.4000,5350.2000,5353.8000,5354.0000,5354.2000,5354.4000,5357.0000,3,2,1,1,1,2,1,1,2,1
SF,IC2003,2020-01-03 09:48:28.900,5352.6000,54536,0,1669595480.000,0,-,-,-,-,5353.0000,5352.6000,5352.4000,5352.0000,5350.4000,5354.0000,5354.2000,5354.4000,5357.0000,5357.4000,1,3,2,1,1,1,1,2,1,1
SF,IC2003,2020-01-03 09:48:29.400,5352.6000,54536,0,1669595480.000,0,-,-,-,-,5353.0000,5352.6000,5352.4000,5352.0000,5350.4000,5354.0000,5354.2000,5354.4000,5357.0000,5357.4000,1,1,3,1,1,1,1,2,1,1
SF,IC2003,2020-01-03 09:48:29.900,5353.0000,54536,0,1670666080.000,1,0,1,多换,S,5352.6000,5352.4000,5352.0000,5350.4000,5350.2000,5354.0000,5354.2000,5354.4000,5357.0000,5357.4000,1,3,1,1,1,1,1,2,1,1
SF,IC2003,2020-01-03 09:48:31.400,5354.0000,54536,0,1671736880.000,1,0,1,多换,S,5353.2000,5352.8000,5352.6000,5352.4000,5352.0000,5354.2000,5354.4000,5357.0000,5357.4000,5357.6000,1,2,3,3,1,1,2,1,1,1
SF,IC2003,2020-01-03 09:48:31.900,5354.2000,54535,-1,1672807720.000,1,0,1,双平,S,5353.4000,5353.2000,5352.8000,5352.6000,5352.4000,5354.4000,5357.0000,5357.4000,5357.6000,5357.8000,1,1,2,2,3,2,1,1,1,1
SF,IC2003,2020-01-03 09:48:32.400,5354.4000,54534,-1,1674949480.000,2,0,2,多平,S,5354.6000,5354.4000,5354.2000,5353.2000,5352.8000,5357.0000,5357.4000,5357.6000,5357.8000,5358.0000,3,6,4,1,2,1,1,1,1,2
SF,IC2003,2020-01-03 09:48:32.900,5354.4000,54534,0,1674949480.000,0,-,-,-,-,5354.8000,5354.6000,5354.4000,5353.2000,5352.8000,5356.6000,5356.8000,5357.0000,5357.4000,5357.6000,3,1,6,1,2,2,1,1,1,1
SF,IC2003,2020-01-03 09:48:33.400,5354.4000,54534,0,1674949480.000,0,-,-,-,-,5355.0000,5354.8000,5354.6000,5354.4000,5353.2000,5356.8000,5357.0000,5357.4000,5357.6000,5357.8000,3,1,1,6,1,1,1,1,1,1
SF,IC2003,2020-01-03 09:48:33.900,5354.4000,54534,0,1674949480.000,0,-,-,-,-,5355.2000,5355.0000,5354.6000,5354.4000,5353.2000,5356.8000,5357.0000,5357.4000,5357.6000,5357.8000,3,1,1,6,1,1,1,1,1,1
SF,IC2003,2020-01-03 09:48:34.400,5354.4000,54534,0,1674949480.000,0,-,-,-,-,5355.2000,5355.0000,5354.6000,5354.4000,5353.2000,5356.8000,5357.0000,5357.4000,5357.6000,5357.8000,3,1,1,6,1,1,1,1,1,1
SF,IC2003,2020-01-03 09:48:34.900,5354.4000,54534,0,1674949480.000,0,-,-,-,-,5355.4000,5355.2000,5355.0000,5354.6000,5354.4000,5356.8000,5357.0000,5357.4000,5357.6000,5357.8000,2,3,1,1,6,1,1,1,1,1
SF,IC2003,2020-01-03 09:48:35.900,5354.4000,54534,0,1674949480.000,0,-,-,-,-,5355.6000,5355.4000,5355.2000,5355.0000,5354.6000,5356.8000,5357.0000,5357.4000,5357.6000,5357.8000,1,2,2,1,1,1,1,1,1,1
SF,IC2003,2020-01-03 09:48:36.400,5354.4000,54534,0,1674949480.000,0,-,-,-,-,5355.6000,5355.4000,5355.2000,5355.0000,5354.4000,5356.8000,5357.0000,5357.4000,5357.6000,5357.8000,1,2,1,1,6,1,1,1,1,1
SF,IC2003,2020-01-03 09:48:36.900,5354.4000,54534,0,1674949480.000,0,-,-,-,-,5355.6000,5355.4000,5355.2000,5354.4000,5353.2000,5356.8000,5357.0000,5357.4000,5357.6000,5357.8000,1,2,1,6,1,1,1,1,1,1
SF,IC2003,2020-01-03 09:48:37.400,5354.4000,54534,0,1674949480.000,0,-,-,-,-,5355.6000,5355.4000,5355.2000,5353.2000,5352.8000,5356.8000,5357.0000,5357.4000,5357.6000,5357.8000,1,1,1,1,2,1,1,1,1,1
SF,IC2003,2020-01-03 09:48:37.900,5355.4000,54534,0,1676020560.000,1,0,1,多换,S,5355.4000,5355.2000,5353.2000,5352.8000,5352.4000,5356.8000,5357.0000,5357.4000,5357.6000,5357.8000,1,1,1,2,3,1,1,1,1,1
SF,IC2003,2020-01-03 09:48:38.900,5355.4000,54534,0,1676020560.000,0,-,-,-,-,5355.4000,5355.2000,5353.2000,5352.8000,5352.4000,5356.8000,5357.0000,5357.4000,5357.6000,5357.8000,1,1,1,2,3,2,1,1,1,1
SF,IC2003,2020-01-03 09:48:39.400,5355.4000,54534,0,1677091640.000,1,0,1,多换,S,5355.2000,5353.2000,5352.8000,5352.4000,5352.0000,5356.6000,5356.8000,5357.0000,5357.4000,5357.6000,1,1,2,3,1,2,1,1,1,1
SF,IC2003,2020-01-03 09:48:39.900,5355.4000,54534,0,1677091640.000,0,-,-,-,-,5355.4000,5355.2000,5353.2000,5352.8000,5352.4000,5356.4000,5356.6000,5357.0000,5357.4000,5357.6000,1,1,1,2,3,1,2,1,1,1
SF,IC2003,2020-01-03 09:48:40.400,5355.4000,54534,0,1678162720.000,1,0,1,多换,S,5353.2000,5352.8000,5352.4000,5352.0000,5350.4000,5355.2000,5356.4000,5356.6000,5357.0000,5357.4000,1,2,3,1,1,1,2,1,1,1
SF,IC2003,2020-01-03 09:48:40.900,5355.4000,54534,0,1678162720.000,0,-,-,-,-,5353.6000,5353.4000,5353.2000,5352.8000,5352.4000,5355.0000,5355.2000,5356.4000,5357.0000,5357.4000,2,2,1,2,2,2,3,1,1,1
SF,IC2003,2020-01-03 09:48:41.400,5353.6000,54535,1,1680304200.000,2,1,1,空开,S,5353.6000,5353.4000,5353.2000,5352.8000,5352.4000,5355.2000,5356.4000,5357.0000,5357.4000,5357.6000,1,1,1,1,2,1,1,1,1,1
SF,IC2003,2020-01-03 09:48:41.900,5353.6000,54535,0,1680304200.000,0,-,-,-,-,5353.8000,5353.6000,5353.4000,5353.2000,5352.8000,5355.2000,5356.4000,5357.0000,5357.4000,5357.6000,2,2,1,1,1,1,1,1,1,1
SF,IC2003,2020-01-03 09:48:42.900,5353.6000,54535,0,1680304200.000,0,-,-,-,-,5354.2000,5354.0000,5353.8000,5353.6000,5353.4000,5356.4000,5357.0000,5357.4000,5357.6000,5357.8000,1,1,2,2,1,1,1,1,1,1
SF,IC2003,2020-01-03 09:48:43.400,5353.6000,54535,0,1680304200.000,0,-,-,-,-,5354.4000,5354.2000,5354.0000,5353.8000,5353.6000,5355.4000,5356.0000,5356.2000,5356.4000,5357.0000,2,1,1,1,2,1,2,1,1,1
SF,IC2003,2020-01-03 09:48:43.900,5353.6000,54535,0,1680304200.000,0,-,-,-,-,5354.4000,5354.2000,5353.8000,5353.6000,5353.4000,5355.4000,5356.2000,5356.4000,5356.8000,5357.0000,2,1,1,2,1,2,1,1,1,1
SF,IC2003,2020-01-03 09:48:44.400,5353.6000,54535,0,1680304200.000,0,-,-,-,-,5354.8000,5354.4000,5354.2000,5353.8000,5353.6000,5355.4000,5356.2000,5356.4000,5356.8000,5357.0000,1,2,1,1,2,2,1,1,1,1
SF,IC2003,2020-01-03 09:48:44.900,5355.4000,54535,0,1682446360.000,2,1,1,多换,S,5355.4000,5355.0000,5354.8000,5354.4000,5354.2000,5356.2000,5356.4000,5356.8000,5357.0000,5357.4000,4,1,1,2,1,1,1,1,1,1
SF,IC2003,2020-01-03 09:48:45.400,5355.4000,54535,0,1682446360.000,0,-,-,-,-,5355.4000,5354.8000,5354.4000,5354.2000,5353.8000,5356.2000,5356.8000,5357.0000,5357.4000,5357.6000,4,1,2,1,1,1,1,1,1,1
SF,IC2003,2020-01-03 09:48:45.900,5356.2000,54534,-1,1683517600.000,1,0,1,双平,S,5356.2000,5356.0000,5355.4000,5354.8000,5354.4000,5356.8000,5357.0000,5357.4000,5357.6000,5357.8000,2,2,3,1,2,1,1,1,1,1
SF,IC2003,2020-01-03 09:48:46.400,5357.0000,54533,-1,1685660360.000,2,0,2,多平,S,5356.2000,5355.4000,5354.8000,5354.4000,5354.2000,5357.4000,5357.6000,5357.8000,5358.0000,5358.4000,2,3,1,2,1,1,1,1,2,1
SF,IC2003,2020-01-03 09:48:46.900,5357.0000,54533,0,1685660360.000,0,-,-,-,-,5356.4000,5356.2000,5355.4000,5354.8000,5354.4000,5357.4000,5357.6000,5357.8000,5358.0000,5358.4000,2,2,3,1,2,1,1,1,2,1
SF,IC2003,2020-01-03 09:48:47.400,5357.0000,54533,0,1685660360.000,0,-,-,-,-,5356.4000,5356.2000,5355.4000,5354.8000,5354.4000,5357.2000,5357.4000,5357.6000,5357.8000,5358.0000,1,2,3,1,1,1,1,1,1,2
SF,IC2003,2020-01-03 09:48:47.900,5357.0000,54533,0,1685660360.000,0,-,-,-,-,5355.4000,5354.4000,5354.2000,5353.6000,5352.4000,5357.2000,5357.4000,5357.6000,5357.8000,5358.0000,3,1,1,2,2,1,1,1,1,2
SF,IC2003,2020-01-03 09:48:48.400,5357.0000,54534,1,1686731760.000,1,1,0,双开,S,5355.4000,5354.4000,5354.2000,5353.6000,5352.4000,5357.2000,5357.4000,5357.6000,5357.8000,5358.0000,3,1,1,2,2,3,1,1,1,2
SF,IC2003,2020-01-03 09:48:48.900,5357.0000,54534,0,1686731760.000,0,-,-,-,-,5355.4000,5354.2000,5353.6000,5352.4000,5352.0000,5356.4000,5356.8000,5357.0000,5357.2000,5357.4000,3,1,2,2,1,1,1,4,1,1
SF,IC2003,2020-01-03 09:48:49.400,5355.4000,54533,-1,1687802840.000,1,0,1,双平,S,5355.4000,5354.2000,5353.6000,5352.4000,5352.0000,5356.2000,5356.4000,5356.8000,5357.0000,5357.4000,2,1,2,2,1,1,1,1,4,1
SF,IC2003,2020-01-03 09:48:49.900,5355.4000,54531,-2,1689945000.000,2,0,2,双平,S,5353.6000,5352.4000,5352.0000,5350.4000,5350.2000,5355.4000,5356.4000,5356.8000,5357.0000,5357.4000,2,2,1,1,1,3,1,1,5,1
SF,IC2003,2020-01-03 09:48:50.400,5355.4000,54531,0,1689945000.000,0,-,-,-,-,5353.8000,5353.6000,5352.4000,5352.0000,5350.4000,5355.0000,5355.2000,5356.4000,5356.8000,5357.0000,1,2,1,1,1,1,3,1,1,3
SF,IC2003,2020-01-03 09:48:50.900,5355.4000,54531,0,1689945000.000,0,-,-,-,-,5353.8000,5353.6000,5352.4000,5352.0000,5350.4000,5355.2000,5356.4000,5356.8000,5357.0000,5357.4000,1,2,1,1,1,3,1,1,2,1
SF,IC2003,2020-01-03 09:48:51.400,5355.4000,54531,0,1689945000.000,0,-,-,-,-,5354.4000,5354.2000,5354.0000,5353.8000,5353.6000,5356.4000,5356.8000,5357.0000,5357.4000,5357.6000,1,1,1,3,2,1,1,2,1,1
SF,IC2003,2020-01-03 09:48:51.900,5355.4000,54531,0,1689945000.000,0,-,-,-,-,5354.6000,5354.4000,5354.2000,5354.0000,5353.8000,5356.2000,5356.4000,5356.8000,5357.0000,5357.4000,1,1,1,2,1,3,1,1,2,1
SF,IC2003,2020-01-03 09:48:52.400,5355.4000,54531,0,1689945000.000,0,-,-,-,-,5354.6000,5354.4000,5354.2000,5354.0000,5353.8000,5356.2000,5356.4000,5356.8000,5357.0000,5357.4000,1,1,1,2,1,2,1,1,2,1
SF,IC2003,2020-01-03 09:48:52.900,5355.4000,54531,0,1689945000.000,0,-,-,-,-,5355.0000,5354.0000,5353.6000,5352.4000,5352.0000,5355.8000,5356.0000,5356.2000,5356.4000,5356.8000,1,1,2,1,1,1,1,2,1,1
SF,IC2003,2020-01-03 09:48:53.400,5355.4000,54531,0,1689945000.000,0,-,-,-,-,5355.0000,5354.0000,5353.6000,5352.4000,5352.0000,5356.2000,5356.4000,5356.8000,5357.0000,5357.4000,1,1,2,1,1,1,1,1,2,1
SF,IC2003,2020-01-03 09:48:53.900,5355.0000,54530,-1,1691016000.000,1,0,1,双平,S,5355.0000,5354.0000,5353.6000,5352.4000,5352.0000,5356.2000,5356.4000,5356.8000,5357.0000,5357.4000,2,1,2,1,1,1,1,1,2,1
SF,IC2003,2020-01-03 09:48:54.400,5355.0000,54530,0,1691016000.000,0,-,-,-,-,5355.0000,5354.0000,5353.6000,5352.4000,5352.0000,5356.2000,5356.4000,5356.8000,5357.0000,5357.4000,1,1,2,1,1,1,1,1,2,1
SF,IC2003,2020-01-03 09:48:54.900,5355.0000,54530,0,1691016000.000,0,-,-,-,-,5355.0000,5354.0000,5353.6000,5352.4000,5352.0000,5356.2000,5356.4000,5356.8000,5357.0000,5357.4000,2,1,2,1,1,1,1,1,2,1
SF,IC2003,2020-01-03 09:48:55.900,5355.0000,54530,0,1691016000.000,0,-,-,-,-,5355.0000,5354.0000,5353.6000,5352.4000,5352.0000,5356.2000,5356.4000,5356.8000,5357.0000,5357.4000,2,1,1,1,1,1,1,1,2,1
SF,IC2003,2020-01-03 09:48:56.900,5355.0000,54530,0,1691016000.000,0,-,-,-,-,5355.0000,5354.0000,5353.6000,5352.4000,5352.0000,5356.2000,5356.4000,5356.8000,5357.0000,5357.4000,2,1,1,1,1,1,1,1,3,1
SF,IC2003,2020-01-03 09:48:57.400,5355.0000,54529,-1,1692087000.000,1,0,1,双平,S,5355.0000,5354.0000,5353.6000,5352.4000,5352.0000,5356.2000,5356.4000,5356.8000,5357.0000,5357.4000,1,1,1,1,1,1,1,1,3,1
SF,IC2003,2020-01-03 09:48:57.900,5355.0000,54529,0,1692087000.000,0,-,-,-,-,5355.0000,5354.0000,5353.6000,5352.4000,5352.0000,5356.2000,5356.4000,5356.8000,5357.0000,5357.4000,1,1,1,1,1,1,1,1,3,1
SF,IC2003,2020-01-03 09:48:58.400,5355.0000,54529,0,1692087000.000,0,-,-,-,-,5355.0000,5354.0000,5353.6000,5352.4000,5352.0000,5356.0000,5356.2000,5356.4000,5356.8000,5357.0000,2,1,1,1,1,1,1,1,1,3
SF,IC2003,2020-01-03 09:48:58.900,5355.0000,54529,0,1692087000.000,0,-,-,-,-,5355.0000,5354.0000,5353.6000,5352.4000,5352.0000,5355.8000,5356.0000,5356.2000,5356.4000,5356.8000,2,1,1,1,1,1,1,1,1,1
SF,IC2003,2020-01-03 09:48:59.900,5355.0000,54529,0,1693158000.000,1,0,1,多换,S,5355.0000,5354.0000,5353.6000,5352.4000,5352.0000,5355.8000,5356.0000,5356.2000,5356.4000,5357.0000,1,1,1,1,1,1,1,1,1,3
SF,IC2003,2020-01-03 09:49:00.900,5355.0000,54529,0,1694229000.000,1,0,1,多换,S,5354.0000,5353.6000,5352.4000,5352.0000,5350.4000,5355.8000,5356.0000,5356.2000,5356.4000,5357.0000,1,1,1,1,1,1,1,1,1,3
SF,IC2003,2020-01-03 09:49:01.400,5355.8000,54531,2,1698513520.000,4,3,1,空开,S,5354.4000,5354.2000,5354.0000,5352.4000,5352.0000,5355.8000,5356.0000,5356.2000,5356.4000,5357.0000,1,1,1,1,1,1,1,1,1,3
SF,IC2003,2020-01-03 09:49:01.900,5355.8000,54531,0,1698513520.000,0,-,-,-,-,5354.2000,5354.0000,5352.4000,5352.0000,5350.4000,5355.6000,5355.8000,5356.0000,5356.2000,5356.4000,1,1,1,1,1,2,1,1,1,1
SF,IC2003,2020-01-03 09:49:02.400,5355.8000,54531,0,1698513520.000,0,-,-,-,-,5354.2000,5354.0000,5352.4000,5352.0000,5350.4000,5355.6000,5355.8000,5356.0000,5356.2000,5356.4000,1,1,1,1,1,2,1,1,1,1
SF,IC2003,2020-01-03 09:49:02.900,5355.8000,54531,0,1698513520.000,0,-,-,-,-,5354.2000,5354.0000,5352.4000,5352.0000,5350.4000,5355.6000,5355.8000,5356.0000,5356.2000,5356.4000,1,1,1,1,1,2,2,1,1,1
SF,IC2003,2020-01-03 09:49:03.400,5355.8000,54531,0,1698513520.000,0,-,-,-,-,5354.2000,5354.0000,5353.6000,5352.4000,5352.0000,5355.6000,5355.8000,5356.0000,5356.2000,5356.4000,1,1,1,1,1,2,2,1,1,1
SF,IC2003,2020-01-03 09:49:04.400,5355.8000,54531,0,1698513520.000,0,-,-,-,-,5354.2000,5354.0000,5353.6000,5352.4000,5352.0000,5355.6000,5355.8000,5356.0000,5356.2000,5356.4000,1,1,1,1,1,2,1,1,1,1
SF,IC2003,2020-01-03 09:49:04.900,5355.8000,54531,0,1698513520.000,0,-,-,-,-,5354.2000,5354.0000,5353.6000,5352.4000,5352.0000,5355.4000,5355.6000,5355.8000,5356.0000,5356.2000,1,1,1,1,1,1,2,1,1,1
SF,IC2003,2020-01-03 09:49:05.400,5355.4000,54531,0,1699584600.000,1,0,1,多换,S,5355.4000,5354.4000,5354.2000,5354.0000,5353.6000,5355.8000,5356.0000,5356.2000,5356.4000,5357.0000,1,1,2,1,1,1,1,1,1,3
SF,IC2003,2020-01-03 09:49:05.900,5355.4000,54531,0,1699584600.000,0,-,-,-,-,5355.4000,5354.4000,5354.2000,5354.0000,5353.6000,5355.8000,5356.0000,5356.2000,5356.4000,5357.0000,1,1,3,2,1,2,1,1,1,3
SF,IC2003,2020-01-03 09:49:06.400,5355.8000,54531,0,1700655760.000,1,0,1,多换,S,5354.4000,5354.2000,5354.0000,5353.6000,5352.4000,5356.0000,5356.2000,5356.4000,5357.0000,5357.4000,1,3,2,1,1,1,1,1,3,1
SF,IC2003,2020-01-03 09:49:06.900,5355.8000,54531,0,1700655760.000,0,-,-,-,-,5354.6000,5354.4000,5354.2000,5354.0000,5353.6000,5356.0000,5356.2000,5356.4000,5357.0000,5357.4000,1,1,2,2,1,1,1,1,3,1
SF,IC2003,2020-01-03 09:49:07.400,5355.8000,54531,0,1700655760.000,0,-,-,-,-,5354.8000,5354.6000,5354.2000,5354.0000,5353.6000,5356.0000,5356.2000,5356.4000,5357.0000,5357.4000,1,1,2,2,1,1,1,1,3,1
SF,IC2003,2020-01-03 09:49:07.900,5355.8000,54531,0,1700655760.000,0,-,-,-,-,5355.8000,5354.8000,5354.6000,5354.2000,5354.0000,5356.0000,5356.2000,5356.4000,5357.0000,5357.4000,1,1,1,2,2,1,1,1,3,1
SF,IC2003,2020-01-03 09:49:08.400,5355.8000,54531,0,1700655760.000,0,-,-,-,-,5355.8000,5354.8000,5354.2000,5354.0000,5353.6000,5356.0000,5356.2000,5356.4000,5357.0000,5357.4000,1,1,1,2,1,1,1,1,3,1
SF,IC2003,2020-01-03 09:49:08.900,5356.0000,54530,-1,1701726960.000,1,0,1,双平,S,5355.8000,5354.8000,5354.2000,5354.0000,5353.6000,5356.2000,5356.4000,5357.0000,5357.4000,5357.6000,1,2,1,2,1,1,1,3,1,1
SF,IC2003,2020-01-03 09:49:09.400,5356.4000,54528,-2,1703869480.000,2,0,2,双平,S,5356.2000,5356.0000,5355.8000,5354.8000,5354.2000,5357.0000,5357.4000,5357.6000,5357.8000,5358.0000,2,3,1,2,1,3,1,1,1,3
SF,IC2003,2020-01-03 09:49:09.900,5356.4000,54528,0,1703869480.000,0,-,-,-,-,5356.4000,5356.2000,5356.0000,5355.8000,5354.8000,5357.0000,5357.4000,5357.6000,5357.8000,5358.0000,1,2,3,1,2,3,1,1,1,3
SF,IC2003,2020-01-03 09:49:11.400,5356.4000,54528,0,1703869480.000,0,-,-,-,-,5356.4000,5356.2000,5356.0000,5355.8000,5354.8000,5357.0000,5357.4000,5357.6000,5357.8000,5358.0000,1,2,3,1,2,3,1,1,1,3
SF,IC2003,2020-01-03 09:49:11.900,5356.4000,54528,0,1703869480.000,0,-,-,-,-,5356.6000,5356.4000,5356.2000,5356.0000,5355.8000,5357.0000,5357.4000,5357.6000,5357.8000,5358.0000,1,1,2,3,1,3,1,1,1,3
SF,IC2003,2020-01-03 09:49:12.900,5356.4000,54528,0,1703869480.000,0,-,-,-,-,5356.4000,5356.2000,5356.0000,5355.8000,5354.8000,5357.0000,5357.4000,5357.6000,5357.8000,5358.0000,1,2,3,1,2,3,1,1,1,3
SF,IC2003,2020-01-03 09:49:15.900,5356.4000,54528,0,1704940760.000,1,0,1,多换,S,5356.0000,5355.8000,5354.8000,5354.2000,5354.0000,5356.8000,5357.0000,5357.4000,5357.6000,5357.8000,3,1,2,1,2,1,3,1,1,1
SF,IC2003,2020-01-03 09:49:16.400,5356.4000,54528,0,1704940760.000,0,-,-,-,-,5356.0000,5355.8000,5354.8000,5354.2000,5354.0000,5356.6000,5356.8000,5357.0000,5357.4000,5357.6000,3,1,2,1,2,1,1,3,1,1
SF,IC2003,2020-01-03 09:49:18.400,5356.0000,54528,0,1708154360.000,3,1,2,多换,S,5355.8000,5354.8000,5354.2000,5354.0000,5353.6000,5356.0000,5356.6000,5356.8000,5357.0000,5357.4000,1,2,1,2,1,1,1,1,3,1
SF,IC2003,2020-01-03 09:49:18.900,5356.0000,54527,-1,1709225560.000,1,0,1,双平,S,5356.0000,5355.8000,5354.8000,5354.2000,5354.0000,5356.6000,5356.8000,5357.0000,5357.4000,5357.6000,2,1,2,1,2,1,1,3,1,1
SF,IC2003,2020-01-03 09:49:19.400,5356.6000,54526,-1,1710296880.000,1,0,1,双平,S,5356.6000,5356.2000,5355.8000,5354.8000,5354.2000,5356.8000,5357.0000,5357.4000,5357.6000,5357.8000,2,1,1,2,1,1,3,1,1,1
SF,IC2003,2020-01-03 09:49:19.900,5357.0000,54525,-1,1714582440.000,4,1,3,多平,S,5356.8000,5356.2000,5355.8000,5354.8000,5354.2000,5357.4000,5357.6000,5357.8000,5358.0000,5358.4000,2,1,1,1,1,1,1,1,3,1
SF,IC2003,2020-01-03 09:49:20.400,5357.4000,54525,0,1715653920.000,1,0,1,多换,S,5356.8000,5355.8000,5354.8000,5354.2000,5354.0000,5357.6000,5357.8000,5358.0000,5358.4000,5358.8000,2,1,1,1,2,1,1,3,1,2
SF,IC2003,2020-01-03 09:49:20.900,5357.4000,54525,0,1715653920.000,0,-,-,-,-,5357.0000,5356.8000,5355.8000,5354.8000,5354.2000,5357.6000,5357.8000,5358.0000,5358.4000,5358.8000,2,2,1,1,1,1,1,3,1,2
SF,IC2003,2020-01-03 09:49:21.400,5358.0000,54523,-2,1721011800.000,5,1,4,多平,S,5357.8000,5357.6000,5357.0000,5356.8000,5355.8000,5358.4000,5358.8000,5359.0000,5359.4000,5359.6000,7,2,2,2,1,1,2,5,2,1
SF,IC2003,2020-01-03 09:49:21.900,5358.8000,54520,-3,1724227000.000,3,0,3,双平,S,5358.8000,5358.6000,5358.4000,5358.2000,5357.8000,5359.0000,5359.4000,5359.6000,5359.8000,5360.0000,3,2,2,1,1,5,2,1,2,9
SF,IC2003,2020-01-03 09:49:22.400,5359.0000,54513,-7,1731729600.000,7,0,7,双平,S,5359.2000,5359.0000,5358.4000,5357.8000,5357.0000,5359.4000,5359.6000,5359.8000,5360.0000,5360.6000,1,3,1,1,2,2,1,2,9,1
SF,IC2003,2020-01-03 09:49:22.900,5359.4000,54511,-2,1733873360.000,2,0,2,双平,S,5359.4000,5359.0000,5358.4000,5357.8000,5357.0000,5359.6000,5359.8000,5360.0000,5360.6000,5361.0000,3,3,1,1,1,1,2,9,1,1
SF,IC2003,2020-01-03 09:49:23.400,5359.8000,54509,-2,1737089200.000,3,0,3,多平,S,5359.6000,5359.4000,5359.0000,5358.4000,5357.8000,5360.0000,5360.6000,5361.0000,5361.2000,5361.6000,1,2,3,1,1,9,1,1,2,1
SF,IC2003,2020-01-03 09:49:23.900,5360.0000,54507,-2,1739233120.000,2,0,2,双平,S,5359.4000,5359.0000,5358.8000,5357.0000,5355.8000,5360.0000,5360.6000,5361.0000,5361.2000,5361.6000,1,3,1,1,1,8,1,1,2,1
SF,IC2003,2020-01-03 09:49:24.400,5359.0000,54507,0,1743520760.000,4,2,2,多换,S,5359.0000,5358.8000,5357.0000,5355.8000,5354.2000,5360.0000,5360.6000,5361.0000,5361.2000,5361.6000,1,1,1,1,1,7,1,1,2,1
SF,IC2003,2020-01-03 09:49:24.900,5359.0000,54507,0,1743520760.000,0,-,-,-,-,5359.0000,5358.8000,5357.0000,5355.8000,5355.0000,5360.0000,5360.6000,5361.0000,5361.2000,5361.6000,2,1,1,1,2,7,1,1,2,1
SF,IC2003,2020-01-03 09:49:25.900,5358.8000,54506,-1,1747807880.000,4,1,3,多平,S,5357.0000,5355.8000,5355.0000,5354.2000,5354.0000,5358.8000,5360.0000,5360.6000,5361.0000,5361.2000,1,1,2,1,2,1,7,1,1,2
SF,IC2003,2020-01-03 09:49:26.400,5357.8000,54505,-1,1749951000.000,2,0,2,多平,S,5357.4000,5357.2000,5357.0000,5355.8000,5355.0000,5358.6000,5358.8000,5360.0000,5360.6000,5361.0000,3,2,1,1,2,1,2,7,1,1
SF,IC2003,2020-01-03 09:49:26.900,5358.8000,54505,0,1752094480.000,2,1,1,多换,S,5357.4000,5357.2000,5357.0000,5355.8000,5355.0000,5358.8000,5360.0000,5360.6000,5361.0000,5361.2000,1,2,1,1,2,1,7,1,1,2
SF,IC2003,2020-01-03 09:49:27.400,5358.8000,54505,0,1752094480.000,0,-,-,-,-,5357.6000,5357.4000,5357.2000,5357.0000,5355.8000,5358.8000,5360.0000,5360.6000,5361.0000,5361.2000,1,1,1,1,1,1,7,1,1,2
SF,IC2003,2020-01-03 09:49:27.900,5358.8000,54505,0,1752094480.000,0,-,-,-,-,5357.6000,5357.4000,5357.0000,5355.8000,5355.0000,5358.8000,5360.0000,5360.6000,5361.0000,5361.2000,2,1,1,1,2,1,7,1,1,2
SF,IC2003,2020-01-03 09:49:28.400,5358.8000,54505,0,1753166240.000,1,0,1,多换,S,5357.8000,5357.6000,5357.4000,5357.0000,5355.8000,5359.0000,5360.0000,5360.6000,5361.0000,5361.2000,1,2,1,1,1,1,7,1,1,2
SF,IC2003,2020-01-03 09:49:28.900,5359.0000,54504,-1,1754238040.000,1,0,1,双平,S,5358.0000,5357.8000,5357.4000,5357.0000,5355.8000,5360.0000,5360.6000,5361.0000,5361.2000,5361.6000,1,2,1,1,1,7,1,1,2,1
SF,IC2003,2020-01-03 09:49:29.400,5359.0000,54504,0,1754238040.000,0,-,-,-,-,5358.2000,5358.0000,5357.8000,5357.4000,5357.0000,5360.0000,5360.6000,5361.0000,5361.2000,5361.6000,2,3,1,1,1,8,1,1,2,1
SF,IC2003,2020-01-03 09:49:29.900,5358.6000,54505,1,1755309760.000,1,1,0,双开,S,5358.6000,5358.4000,5358.2000,5358.0000,5357.8000,5360.0000,5360.6000,5361.0000,5361.2000,5361.6000,1,2,3,1,1,9,1,1,2,1
SF,IC2003,2020-01-03 09:49:30.400,5358.6000,54505,0,1755309760.000,0,-,-,-,-,5358.8000,5358.6000,5358.2000,5357.8000,5357.4000,5359.8000,5360.0000,5360.6000,5361.0000,5361.2000,1,2,3,1,1,1,9,1,1,2
SF,IC2003,2020-01-03 09:49:30.900,5358.6000,54505,0,1755309760.000,0,-,-,-,-,5358.8000,5358.6000,5357.8000,5357.4000,5357.0000,5359.8000,5360.0000,5360.6000,5361.0000,5361.2000,1,2,1,1,1,1,9,1,1,2
SF,IC2003,2020-01-03 09:49:31.400,5358.6000,54506,1,1756381480.000,1,1,0,双开,S,5358.6000,5357.8000,5357.4000,5357.0000,5355.8000,5359.8000,5360.0000,5360.2000,5360.6000,5361.0000,1,1,1,1,1,1,9,1,1,1
SF,IC2003,2020-01-03 09:49:31.900,5358.6000,54506,0,1756381480.000,0,-,-,-,-,5358.6000,5357.8000,5357.4000,5357.0000,5355.8000,5358.8000,5359.8000,5360.0000,5360.2000,5360.6000,2,1,1,1,1,6,1,9,1,1
SF,IC2003,2020-01-03 09:49:32.400,5358.8000,54502,-4,1760668520.000,4,0,4,双平,S,5358.6000,5357.8000,5357.4000,5357.0000,5356.8000,5358.8000,5359.8000,5360.0000,5360.2000,5360.6000,2,1,1,1,1,2,1,9,1,2
SF,IC2003,2020-01-03 09:49:32.900,5358.8000,54500,-2,1762812040.000,2,0,2,双平,S,5358.8000,5358.6000,5357.8000,5357.4000,5357.0000,5359.8000,5360.0000,5360.2000,5360.6000,5361.0000,2,2,1,1,1,1,9,1,2,1
SF,IC2003,2020-01-03 09:49:33.400,5358.8000,54500,0,1762812040.000,0,-,-,-,-,5358.6000,5357.8000,5357.4000,5357.0000,5356.8000,5359.8000,5360.0000,5360.2000,5360.6000,5361.0000,1,1,1,1,1,1,9,1,2,1
SF,IC2003,2020-01-03 09:49:33.900,5358.8000,54500,0,1762812040.000,0,-,-,-,-,5358.8000,5358.6000,5358.0000,5357.8000,5357.4000,5359.8000,5360.0000,5360.2000,5360.6000,5361.0000,1,2,1,1,1,1,9,1,2,1
SF,IC2003,2020-01-03 09:49:34.400,5358.8000,54499,-1,1766027760.000,3,1,2,多平,S,5358.6000,5358.0000,5357.8000,5357.4000,5356.8000,5360.0000,5360.2000,5360.6000,5361.0000,5361.2000,2,1,1,1,1,8,1,2,1,2
SF,IC2003,2020-01-03 09:49:35.400,5360.0000,54499,0,1767099760.000,1,0,1,多换,S,5358.8000,5358.6000,5358.0000,5357.8000,5357.4000,5360.0000,5360.2000,5360.6000,5361.0000,5361.2000,1,2,1,1,1,7,1,2,1,2
SF,IC2003,2020-01-03 09:49:35.900,5359.0000,54498,-1,1768171560.000,1,0,1,双平,S,5358.8000,5358.0000,5357.8000,5357.4000,5356.8000,5360.0000,5360.2000,5360.6000,5361.0000,5361.2000,2,1,1,1,1,8,1,2,1,2
SF,IC2003,2020-01-03 09:49:36.400,5359.8000,54495,-3,1771387040.000,3,0,3,双平,S,5358.0000,5357.8000,5357.4000,5356.8000,5355.8000,5359.8000,5360.0000,5360.2000,5360.6000,5361.0000,1,1,1,1,1,1,8,1,2,1
SF,IC2003,2020-01-03 09:49:36.900,5359.8000,54496,1,1773530960.000,2,1,1,空开,S,5358.4000,5358.0000,5357.8000,5357.4000,5356.8000,5359.6000,5359.8000,5360.0000,5360.2000,5360.6000,1,1,1,1,1,2,1,8,1,2
SF,IC2003,2020-01-03 09:49:37.400,5358.0000,54495,-1,1775674240.000,2,0,2,多平,S,5358.0000,5357.4000,5356.8000,5355.8000,5355.0000,5359.4000,5359.6000,5360.0000,5360.2000,5360.6000,1,1,1,1,2,2,2,8,1,2
SF,IC2003,2020-01-03 09:49:37.900,5358.0000,54494,-1,1776745840.000,1,0,1,双平,S,5356.8000,5355.8000,5355.0000,5354.2000,5354.0000,5358.0000,5358.2000,5358.8000,5359.0000,5359.2000,1,1,2,1,1,1,2,1,1,2
SF,IC2003,2020-01-03 09:49:38.400,5358.2000,54494,0,1778889120.000,2,1,1,多换,S,5358.2000,5357.0000,5356.8000,5355.8000,5355.0000,5359.0000,5359.2000,5359.4000,5359.6000,5360.0000,1,1,1,1,2,1,1,1,1,8
SF,IC2003,2020-01-03 09:49:38.900,5358.8000,54493,-1,1782104160.000,3,1,2,多平,S,5358.6000,5357.0000,5356.8000,5355.8000,5355.0000,5359.0000,5359.2000,5359.4000,5359.6000,5360.0000,1,1,1,1,2,1,1,1,1,10
SF,IC2003,2020-01-03 09:49:39.400,5359.0000,54492,-1,1785319400.000,3,1,2,多平,S,5358.0000,5357.0000,5356.8000,5355.8000,5355.0000,5359.2000,5359.6000,5360.0000,5360.2000,5360.6000,1,1,1,1,2,1,1,10,2,1
SF,IC2003,2020-01-03 09:49:39.900,5360.0000,54490,-2,1787463400.000,2,0,2,双平,S,5359.8000,5359.2000,5358.2000,5358.0000,5356.8000,5360.0000,5360.2000,5360.6000,5361.0000,5361.2000,1,1,1,3,1,8,2,1,1,2
SF,IC2003,2020-01-03 09:49:40.400,5360.0000,54487,-3,1791751320.000,4,0,4,多平,S,5358.8000,5358.2000,5358.0000,5355.8000,5355.0000,5360.0000,5360.2000,5360.6000,5361.0000,5361.2000,1,1,2,1,2,6,2,1,1,2
SF,IC2003,2020-01-03 09:49:40.900,5360.0000,54486,-1,1792823320.000,1,0,1,双平,S,5358.8000,5358.6000,5358.2000,5358.0000,5355.8000,5360.0000,5360.2000,5360.6000,5361.0000,5361.2000,1,1,1,1,1,6,2,1,1,2
SF,IC2003,2020-01-03 09:49:42.400,5360.0000,54483,-3,1799255320.000,6,1,5,多平,S,5360.0000,5358.8000,5358.6000,5358.2000,5358.0000,5360.2000,5360.6000,5361.0000,5361.2000,5361.6000,14,1,1,1,1,2,1,1,2,1
SF,IC2003,2020-01-03 09:49:42.900,5360.2000,54472,-11,1812119360.000,12,0,12,多平,S,5360.0000,5358.8000,5358.6000,5358.2000,5355.8000,5360.2000,5360.6000,5361.0000,5361.2000,5361.6000,3,1,1,1,1,1,1,1,2,1
SF,IC2003,2020-01-03 09:49:43.400,5360.0000,54469,-3,1815335360.000,3,0,3,双平,S,5358.8000,5358.6000,5358.2000,5356.8000,5356.4000,5360.2000,5360.6000,5361.0000,5361.2000,5361.4000,1,1,1,1,2,1,1,1,2,2
SF,IC2003,2020-01-03 09:49:43.900,5360.0000,54469,0,1815335360.000,0,-,-,-,-,5358.8000,5358.2000,5356.8000,5356.4000,5356.2000,5360.2000,5360.6000,5361.0000,5361.2000,5361.4000,1,1,1,2,2,1,1,1,2,2
SF,IC2003,2020-01-03 09:49:44.400,5360.0000,54469,0,1815335360.000,0,-,-,-,-,5359.4000,5359.0000,5358.8000,5356.8000,5356.4000,5360.2000,5360.6000,5361.0000,5361.2000,5361.4000,1,1,1,1,2,1,1,1,2,2
SF,IC2003,2020-01-03 09:49:44.900,5360.0000,54469,0,1815335360.000,0,-,-,-,-,5359.0000,5358.8000,5356.8000,5356.4000,5356.2000,5360.2000,5361.0000,5361.2000,5361.4000,5361.6000,2,1,1,2,2,1,1,2,2,1
SF,IC2003,2020-01-03 09:49:45.400,5360.0000,54469,0,1815335360.000,0,-,-,-,-,5359.0000,5358.8000,5356.8000,5356.4000,5356.2000,5360.2000,5360.4000,5361.0000,5361.2000,5361.4000,2,1,1,2,2,1,1,1,2,2
SF,IC2003,2020-01-03 09:49:45.900,5360.4000,54469,0,1817479480.000,2,1,1,多换,S,5359.0000,5358.8000,5356.8000,5356.4000,5356.2000,5361.0000,5361.2000,5361.4000,5361.6000,5362.8000,2,1,1,2,2,1,2,2,1,1
SF,IC2003,2020-01-03 09:49:46.400,5360.4000,54469,0,1817479480.000,0,-,-,-,-,5359.2000,5359.0000,5358.8000,5358.4000,5356.8000,5360.6000,5360.8000,5361.0000,5361.2000,5361.4000,2,2,1,1,1,5,1,1,2,2
SF,IC2003,2020-01-03 09:49:46.900,5360.2000,54470,1,1818551520.000,1,1,0,双开,S,5359.4000,5359.2000,5359.0000,5358.8000,5358.4000,5360.6000,5361.0000,5361.2000,5361.4000,5361.6000,1,1,1,1,1,5,1,2,2,1
SF,IC2003,2020-01-03 09:49:47.400,5360.6000,54470,0,1819623640.000,1,0,1,多换,S,5359.4000,5359.2000,5359.0000,5358.8000,5358.4000,5361.0000,5361.2000,5361.4000,5361.6000,5362.8000,2,1,1,1,1,1,2,2,1,1
SF,IC2003,2020-01-03 09:49:47.900,5361.2000,54468,-2,1821768080.000,2,0,2,双平,S,5361.0000,5360.8000,5360.6000,5359.6000,5359.4000,5361.2000,5361.4000,5361.6000,5362.8000,5363.0000,1,1,3,1,2,1,2,1,1,3
SF,IC2003,2020-01-03 09:49:48.400,5361.4000,54464,-4,1827129480.000,5,0,5,多平,S,5361.6000,5361.2000,5361.0000,5360.0000,5359.6000,5362.8000,5363.0000,5364.0000,5364.4000,5365.0000,1,2,1,1,1,1,5,1,1,13
SF,IC2003,2020-01-03 09:49:48.900,5361.2000,54465,1,1830346360.000,3,2,1,空开,S,5361.2000,5361.0000,5360.0000,5359.4000,5359.0000,5361.4000,5362.2000,5362.6000,5362.8000,5363.0000,1,2,1,1,1,2,1,1,1,5
SF,IC2003,2020-01-03 09:49:49.400,5361.2000,54464,-1,1834635440.000,4,1,3,多平,S,5362.0000,5361.6000,5361.4000,5361.0000,5360.0000,5362.2000,5362.6000,5362.8000,5363.0000,5364.0000,1,4,1,1,1,1,1,1,3,1
SF,IC2003,2020-01-03 09:49:49.900,5362.0000,54463,-1,1836780240.000,2,0,2,多平,S,5361.0000,5360.0000,5359.4000,5359.0000,5358.8000,5362.0000,5362.8000,5363.0000,5364.0000,5364.4000,1,1,1,1,1,3,1,3,1,1
SF,IC2003,2020-01-03 09:49:50.400,5362.0000,54463,0,1837852640.000,1,0,1,多换,S,5361.0000,5359.0000,5358.4000,5356.8000,5356.4000,5361.4000,5361.8000,5362.0000,5362.8000,5363.0000,1,1,1,1,2,4,2,3,1,3
SF,IC2003,2020-01-03 09:49:50.900,5361.0000,54462,-1,1839997040.000,2,0,2,多平,S,5360.2000,5359.0000,5358.4000,5356.8000,5356.4000,5361.0000,5361.4000,5361.8000,5362.0000,5362.8000,1,1,1,1,2,2,4,1,2,1
SF,IC2003,2020-01-03 09:49:51.400,5360.2000,54462,0,1841069080.000,1,0,1,多换,S,5359.0000,5358.4000,5356.8000,5356.4000,5356.2000,5361.0000,5361.4000,5361.8000,5362.8000,5363.0000,1,1,1,2,2,4,4,1,1,3
SF,IC2003,2020-01-03 09:49:51.900,5361.0000,54462,0,1842141280.000,1,0,1,多换,S,5359.2000,5359.0000,5358.4000,5356.8000,5356.4000,5361.0000,5361.4000,5361.8000,5362.8000,5363.0000,2,1,1,1,2,3,4,1,1,3
SF,IC2003,2020-01-03 09:49:52.400,5361.0000,54460,-2,1845357880.000,3,0,3,多平,S,5359.6000,5359.4000,5359.2000,5359.0000,5358.4000,5361.0000,5361.4000,5361.8000,5362.8000,5363.0000,1,2,1,1,1,1,4,1,1,3
SF,IC2003,2020-01-03 09:49:52.900,5361.0000,54460,0,1845357880.000,0,-,-,-,-,5359.8000,5359.4000,5359.0000,5358.4000,5356.8000,5361.0000,5361.4000,5361.8000,5362.8000,5363.0000,1,2,1,1,1,1,4,1,1,3
SF,IC2003,2020-01-03 09:49:53.400,5359.8000,54459,-1,1846429840.000,1,0,1,双平,S,5361.4000,5359.0000,5358.4000,5356.8000,5356.4000,5361.8000,5362.8000,5363.0000,5364.0000,5364.4000,1,1,1,1,2,1,1,3,1,1
SF,IC2003,2020-01-03 09:49:53.900,5361.4000,54459,0,1847502120.000,1,0,1,多换,S,5359.0000,5358.4000,5356.8000,5356.4000,5356.2000,5361.2000,5361.4000,5361.8000,5362.8000,5363.0000,1,1,1,2,2,1,6,1,1,3
SF,IC2003,2020-01-03 09:49:54.400,5359.4000,54459,0,1848574000.000,1,0,1,多换,S,5359.4000,5359.2000,5359.0000,5358.4000,5356.8000,5361.4000,5361.8000,5362.8000,5363.0000,5364.0000,1,2,1,1,1,4,1,1,3,1
SF,IC2003,2020-01-03 09:49:54.900,5359.4000,54459,0,1848574000.000,0,-,-,-,-,5359.6000,5359.4000,5359.2000,5359.0000,5358.4000,5361.2000,5361.4000,5361.8000,5362.8000,5363.0000,1,1,1,1,1,1,4,1,1,3
SF,IC2003,2020-01-03 09:49:55.400,5359.4000,54459,0,1848574000.000,0,-,-,-,-,5359.8000,5359.6000,5359.4000,5359.2000,5359.0000,5361.0000,5361.2000,5361.4000,5361.8000,5362.8000,1,1,1,1,1,1,1,4,1,1
SF,IC2003,2020-01-03 09:49:55.900,5359.4000,54459,0,1848574000.000,0,-,-,-,-,5359.8000,5359.4000,5359.0000,5358.4000,5356.8000,5360.8000,5361.0000,5361.4000,5361.8000,5362.8000,1,1,1,1,1,1,1,4,1,1
SF,IC2003,2020-01-03 09:49:56.400,5359.4000,54459,0,1848574000.000,0,-,-,-,-,5359.4000,5359.0000,5358.4000,5356.8000,5356.4000,5360.6000,5360.8000,5361.0000,5361.4000,5361.8000,1,1,1,1,2,1,1,1,4,1
SF,IC2003,2020-01-03 09:49:57.400,5359.4000,54459,0,1848574000.000,0,-,-,-,-,5359.6000,5359.4000,5359.0000,5358.4000,5356.8000,5360.6000,5360.8000,5361.0000,5361.4000,5361.8000,1,1,1,1,1,1,1,1,4,1
SF,IC2003,2020-01-03 09:49:58.400,5359.4000,54459,0,1848574000.000,0,-,-,-,-,5359.8000,5359.6000,5359.4000,5359.0000,5358.4000,5360.6000,5360.8000,5361.0000,5361.4000,5361.8000,1,1,1,1,1,1,1,1,4,1
SF,IC2003,2020-01-03 09:49:58.900,5359.4000,54459,0,1848574000.000,0,-,-,-,-,5359.8000,5359.6000,5359.4000,5359.0000,5358.4000,5360.6000,5361.0000,5361.4000,5361.8000,5362.8000,1,1,1,1,1,2,1,4,1,1
SF,IC2003,2020-01-03 09:49:59.400,5359.4000,54458,-1,1849645880.000,1,0,1,双平,S,5359.6000,5359.4000,5359.2000,5359.0000,5356.8000,5360.6000,5360.8000,5361.0000,5361.4000,5361.8000,1,1,1,1,1,1,2,1,4,1
SF,IC2003,2020-01-03 09:49:59.900,5359.6000,54459,1,1850717800.000,1,1,0,双开,S,5359.4000,5359.2000,5359.0000,5356.8000,5356.4000,5360.6000,5360.8000,5361.0000,5361.4000,5361.8000,1,1,1,1,2,1,2,1,4,1
SF,IC2003,2020-01-03 09:50:00.400,5359.6000,54459,0,1850717800.000,0,-,-,-,-,5359.4000,5359.2000,5359.0000,5356.8000,5356.4000,5360.0000,5360.4000,5360.6000,5360.8000,5361.0000,1,1,1,1,2,1,1,1,2,1
SF,IC2003,2020-01-03 09:50:00.900,5359.8000,54457,-2,1852861640.000,2,0,2,双平,S,5359.2000,5359.0000,5356.8000,5356.4000,5356.2000,5359.8000,5360.0000,5360.6000,5360.8000,5361.0000,1,1,1,2,2,1,1,1,1,1
SF,IC2003,2020-01-03 09:50:01.400,5359.8000,54457,0,1852861640.000,0,-,-,-,-,5359.2000,5359.0000,5356.8000,5356.4000,5356.2000,5359.8000,5360.0000,5360.6000,5360.8000,5361.0000,1,1,1,2,2,1,1,1,5,1
SF,IC2003,2020-01-03 09:50:01.900,5359.2000,54457,0,1855005320.000,2,1,1,多换,S,5356.8000,5356.4000,5356.2000,5355.8000,5355.0000,5359.2000,5359.4000,5359.8000,5360.0000,5360.4000,1,2,2,1,2,2,1,1,1,1
SF,IC2003,2020-01-03 09:50:02.400,5359.2000,54458,1,1857149000.000,2,1,1,空开,S,5357.2000,5357.0000,5356.8000,5356.4000,5356.2000,5359.0000,5359.2000,5359.4000,5360.0000,5360.4000,2,2,1,2,2,1,2,1,1,1
SF,IC2003,2020-01-03 09:50:02.900,5359.2000,54459,1,1858220840.000,1,1,0,双开,S,5357.4000,5357.2000,5357.0000,5356.8000,5356.4000,5358.6000,5359.0000,5359.2000,5359.4000,5360.0000,1,2,1,1,2,1,2,2,2,1
SF,IC2003,2020-01-03 09:50:03.400,5357.4000,54459,0,1859292320.000,1,0,1,多换,S,5357.2000,5356.8000,5356.4000,5356.2000,5355.8000,5358.4000,5359.0000,5359.2000,5359.4000,5360.0000,2,1,2,2,1,1,1,2,2,1
SF,IC2003,2020-01-03 09:50:03.900,5358.8000,54459,0,1861435760.000,2,1,1,多换,S,5358.4000,5357.4000,5357.2000,5356.8000,5356.4000,5359.4000,5360.0000,5360.4000,5360.6000,5360.8000,3,2,2,1,2,2,1,1,1,5
SF,IC2003,2020-01-03 09:50:04.400,5359.4000,54459,0,1863579520.000,2,1,1,多换,S,5358.4000,5357.4000,5357.2000,5356.8000,5356.4000,5360.0000,5360.4000,5360.8000,5361.0000,5361.8000,2,3,2,1,2,1,1,4,1,1
SF,IC2003,2020-01-03 09:50:04.900,5359.4000,54459,0,1863579520.000,0,-,-,-,-,5358.4000,5357.4000,5357.2000,5356.8000,5356.4000,5359.6000,5359.8000,5360.0000,5360.4000,5360.8000,2,3,2,1,2,1,2,1,1,4
SF,IC2003,2020-01-03 09:50:05.400,5359.4000,54459,0,1863579520.000,0,-,-,-,-,5358.4000,5357.4000,5357.2000,5356.8000,5356.4000,5359.4000,5359.6000,5359.8000,5360.0000,5360.4000,2,3,3,1,2,1,1,1,1,1
SF,IC2003,2020-01-03 09:50:05.900,5359.4000,54459,0,1863579520.000,0,-,-,-,-,5358.6000,5358.4000,5357.4000,5357.2000,5356.8000,5359.4000,5359.6000,5359.8000,5360.0000,5360.4000,1,2,2,3,1,1,1,1,1,1
SF,IC2003,2020-01-03 09:50:06.400,5360.0000,54456,-3,1870010400.000,6,1,5,多平,S,5359.6000,5357.2000,5356.8000,5356.4000,5356.2000,5360.4000,5360.8000,5361.0000,5361.8000,5362.8000,1,1,1,2,2,1,4,1,1,1
SF,IC2003,2020-01-03 09:50:06.900,5359.6000,54456,0,1871082320.000,1,0,1,多换,S,5356.8000,5356.4000,5356.2000,5355.8000,5355.0000,5359.2000,5359.4000,5359.6000,5360.0000,5360.4000,1,2,2,1,2,1,4,8,2,1
SF,IC2003,2020-01-03 09:50:07.400,5359.6000,54456,0,1871082320.000,0,-,-,-,-,5357.2000,5357.0000,5356.8000,5356.4000,5356.2000,5359.0000,5359.4000,5359.6000,5360.0000,5360.4000,2,2,1,2,2,2,3,6,1,1
SF,IC2003,2020-01-03 09:50:07.900,5359.6000,54456,0,1871082320.000,0,-,-,-,-,5357.4000,5357.2000,5357.0000,5356.8000,5356.4000,5358.8000,5359.0000,5359.4000,5359.6000,5360.0000,1,2,1,1,2,1,2,2,6,1
SF,IC2003,2020-01-03 09:50:08.400,5359.6000,54456,0,1871082320.000,0,-,-,-,-,5357.4000,5357.2000,5356.8000,5356.4000,5356.2000,5358.6000,5358.8000,5359.0000,5359.4000,5359.6000,1,1,1,2,2,1,1,1,2,6
SF,IC2003,2020-01-03 09:50:08.900,5357.4000,54455,-1,1872153800.000,1,0,1,双平,S,5357.2000,5356.8000,5356.2000,5355.8000,5355.0000,5358.6000,5358.8000,5359.0000,5359.4000,5359.6000,1,1,2,1,2,1,1,1,2,6
SF,IC2003,2020-01-03 09:50:09.400,5357.2000,54455,0,1873225240.000,1,0,1,多换,S,5356.8000,5355.8000,5355.0000,5354.6000,5354.2000,5358.2000,5358.4000,5358.6000,5359.4000,5359.6000,1,1,2,1,1,1,1,3,2,6
SF,IC2003,2020-01-03 09:50:09.900,5356.8000,54454,-1,1874296600.000,1,0,1,双平,S,5355.8000,5355.0000,5354.6000,5354.2000,5354.0000,5358.0000,5358.2000,5358.6000,5359.2000,5359.6000,1,2,1,1,1,2,1,1,1,6
SF,IC2003,2020-01-03 09:50:10.400,5357.6000,54455,1,1875368120.000,1,1,0,双开,S,5356.2000,5356.0000,5355.8000,5355.0000,5354.6000,5357.6000,5357.8000,5358.0000,5359.2000,5359.6000,1,1,1,2,1,1,2,2,1,6
SF,IC2003,2020-01-03 09:50:10.900,5356.0000,54454,-1,1876439320.000,1,0,1,双平,S,5355.8000,5355.0000,5354.6000,5354.2000,5354.0000,5357.4000,5357.6000,5359.2000,5359.6000,5359.8000,1,2,1,1,1,1,1,1,6,1
SF,IC2003,2020-01-03 09:50:11.400,5356.0000,54454,0,1876439320.000,0,-,-,-,-,5356.0000,5355.8000,5355.0000,5354.6000,5354.2000,5357.4000,5357.6000,5359.2000,5359.6000,5359.8000,2,1,2,1,1,1,1,1,6,1
SF,IC2003,2020-01-03 09:50:12.400,5356.0000,54454,0,1876439320.000,0,-,-,-,-,5356.0000,5355.8000,5355.0000,5354.6000,5354.2000,5357.4000,5357.6000,5359.2000,5359.6000,5359.8000,1,1,2,1,1,1,1,1,2,1
SF,IC2003,2020-01-03 09:50:12.900,5356.0000,54454,0,1876439320.000,0,-,-,-,-,5356.0000,5355.8000,5355.0000,5354.6000,5354.2000,5357.6000,5359.2000,5359.6000,5359.8000,5360.0000,1,1,2,1,1,1,1,2,1,1
SF,IC2003,2020-01-03 09:50:13.400,5356.0000,54454,0,1876439320.000,0,-,-,-,-,5356.2000,5355.8000,5355.0000,5354.6000,5354.2000,5357.4000,5357.6000,5359.2000,5359.6000,5359.8000,1,1,3,1,1,1,3,1,2,1
SF,IC2003,2020-01-03 09:50:13.900,5356.0000,54454,0,1876439320.000,0,-,-,-,-,5356.2000,5355.8000,5355.0000,5354.6000,5354.2000,5357.4000,5357.6000,5359.2000,5359.6000,5359.8000,1,1,3,1,1,1,3,1,2,1
SF,IC2003,2020-01-03 09:50:14.400,5357.2000,54454,0,1877510760.000,1,0,1,多换,S,5355.8000,5355.0000,5354.6000,5354.2000,5354.0000,5357.4000,5357.6000,5359.2000,5359.6000,5359.8000,1,3,1,1,1,1,3,1,1,1
SF,IC2003,2020-01-03 09:50:14.900,5357.2000,54454,0,1877510760.000,0,-,-,-,-,5356.0000,5355.8000,5355.0000,5354.6000,5354.2000,5357.4000,5357.6000,5359.2000,5359.6000,5359.8000,1,1,3,1,1,1,1,1,1,1
SF,IC2003,2020-01-03 09:50:15.400,5357.2000,54454,0,1877510760.000,0,-,-,-,-,5356.2000,5356.0000,5355.8000,5355.0000,5354.6000,5357.4000,5357.6000,5359.2000,5359.6000,5359.8000,1,1,1,3,1,1,1,1,1,1
SF,IC2003,2020-01-03 09:50:15.900,5357.2000,54454,0,1877510760.000,0,-,-,-,-,5356.2000,5355.8000,5355.0000,5354.6000,5354.2000,5357.4000,5357.6000,5359.2000,5359.6000,5359.8000,1,1,3,1,1,1,1,1,1,1
SF,IC2003,2020-01-03 09:50:16.400,5357.2000,54454,0,1877510760.000,0,-,-,-,-,5356.2000,5355.8000,5355.0000,5354.6000,5354.2000,5357.4000,5357.6000,5359.2000,5359.6000,5359.8000,1,1,3,1,1,1,1,1,1,1
SF,IC2003,2020-01-03 09:50:17.400,5357.2000,54454,0,1877510760.000,0,-,-,-,-,5356.4000,5356.2000,5355.8000,5355.0000,5354.6000,5357.4000,5357.6000,5359.2000,5359.6000,5359.8000,1,3,1,3,1,1,1,1,1,1
SF,IC2003,2020-01-03 09:50:18.900,5357.2000,54454,0,1877510760.000,0,-,-,-,-,5356.2000,5355.8000,5355.0000,5354.6000,5354.2000,5357.4000,5357.6000,5359.2000,5359.6000,5359.8000,1,1,3,1,1,1,1,1,1,1
SF,IC2003,2020-01-03 09:50:19.400,5357.2000,54454,0,1877510760.000,0,-,-,-,-,5355.8000,5355.0000,5354.6000,5354.2000,5354.0000,5356.4000,5357.2000,5357.4000,5357.6000,5359.2000,1,3,1,1,1,2,1,3,1,1
SF,IC2003,2020-01-03 09:50:19.900,5356.6000,54453,-1,1878582080.000,1,0,1,双平,S,5355.8000,5355.0000,5354.6000,5354.2000,5354.0000,5357.2000,5357.4000,5359.2000,5359.6000,5359.8000,1,3,1,1,1,1,3,1,1,1
SF,IC2003,2020-01-03 09:50:20.400,5356.6000,54453,0,1878582080.000,0,-,-,-,-,5355.8000,5355.0000,5354.6000,5354.2000,5354.0000,5356.8000,5357.2000,5357.4000,5359.2000,5359.6000,1,3,1,1,1,1,2,2,1,1
SF,IC2003,2020-01-03 09:50:21.900,5356.6000,54453,0,1878582080.000,0,-,-,-,-,5355.8000,5355.0000,5354.6000,5354.2000,5354.0000,5356.8000,5357.2000,5357.4000,5359.2000,5359.6000,1,3,1,1,1,1,2,1,1,1
SF,IC2003,2020-01-03 09:50:22.400,5356.6000,54453,0,1878582080.000,0,-,-,-,-,5355.8000,5355.0000,5354.6000,5354.2000,5354.0000,5357.2000,5357.4000,5359.2000,5359.6000,5359.8000,1,3,1,1,1,1,1,1,1,1
SF,IC2003,2020-01-03 09:50:22.900,5356.6000,54453,0,1878582080.000,0,-,-,-,-,5356.8000,5356.0000,5355.8000,5355.0000,5354.6000,5357.4000,5359.2000,5359.6000,5359.8000,5360.0000,1,1,1,3,1,1,1,1,1,1
SF,IC2003,2020-01-03 09:50:23.400,5357.4000,54452,-1,1879653560.000,1,0,1,双平,S,5356.8000,5356.0000,5355.8000,5355.0000,5354.6000,5359.2000,5359.6000,5359.8000,5360.0000,5360.6000,1,1,1,3,1,1,1,1,1,1
SF,IC2003,2020-01-03 09:50:23.900,5357.4000,54452,0,1879653560.000,0,-,-,-,-,5356.8000,5356.0000,5355.8000,5355.0000,5354.6000,5358.6000,5358.8000,5359.0000,5359.2000,5359.6000,1,2,1,3,1,1,5,3,1,1
SF,IC2003,2020-01-03 09:50:24.400,5357.4000,54452,0,1879653560.000,0,-,-,-,-,5357.2000,5356.8000,5356.4000,5356.0000,5355.8000,5358.4000,5358.6000,5358.8000,5359.0000,5359.2000,2,3,1,2,1,2,1,4,1,1
SF,IC2003,2020-01-03 09:50:24.900,5357.4000,54452,0,1879653560.000,0,-,-,-,-,5356.8000,5356.4000,5356.0000,5355.8000,5355.0000,5358.4000,5358.6000,5358.8000,5359.2000,5359.6000,3,1,2,1,3,2,1,4,1,1
SF,IC2003,2020-01-03 09:50:25.400,5357.4000,54452,0,1879653560.000,0,-,-,-,-,5356.8000,5356.4000,5356.0000,5355.8000,5355.0000,5358.4000,5358.6000,5358.8000,5359.2000,5359.6000,2,1,2,1,3,2,1,4,1,1
SF,IC2003,2020-01-03 09:50:25.900,5356.8000,54451,-1,1880724920.000,1,0,1,双平,S,5356.4000,5356.0000,5355.8000,5355.0000,5354.8000,5358.2000,5358.4000,5358.6000,5358.8000,5359.2000,1,2,1,3,1,1,2,1,4,1
SF,IC2003,2020-01-03 09:50:26.400,5356.8000,54451,0,1880724920.000,0,-,-,-,-,5356.8000,5356.4000,5356.0000,5355.8000,5355.0000,5358.0000,5358.2000,5358.8000,5359.2000,5359.6000,2,1,2,1,3,3,1,4,1,1
SF,IC2003,2020-01-03 09:50:26.900,5356.8000,54451,0,1880724920.000,0,-,-,-,-,5356.4000,5356.0000,5355.8000,5355.0000,5354.8000,5357.0000,5358.0000,5358.2000,5358.8000,5359.2000,1,2,1,3,1,1,3,1,4,1
SF,IC2003,2020-01-03 09:50:27.400,5356.4000,54451,0,1881796200.000,1,0,1,多换,S,5356.0000,5355.8000,5355.0000,5354.8000,5354.6000,5358.0000,5358.2000,5358.8000,5359.2000,5359.6000,1,1,3,1,1,1,1,1,1,1
SF,IC2003,2020-01-03 09:50:27.900,5356.4000,54451,0,1881796200.000,0,-,-,-,-,5356.0000,5355.8000,5355.0000,5354.8000,5354.6000,5357.6000,5357.8000,5358.0000,5358.2000,5358.8000,1,1,3,1,1,1,2,1,1,1
SF,IC2003,2020-01-03 09:50:28.400,5356.4000,54451,0,1881796200.000,0,-,-,-,-,5356.0000,5355.8000,5355.0000,5354.8000,5354.6000,5357.4000,5357.6000,5357.8000,5358.2000,5358.8000,1,1,3,1,1,2,1,1,1,1
SF,IC2003,2020-01-03 09:50:28.900,5356.4000,54451,0,1881796200.000,0,-,-,-,-,5356.0000,5355.8000,5355.0000,5354.8000,5354.6000,5357.4000,5357.6000,5358.8000,5359.2000,5359.6000,1,1,3,1,1,2,1,1,1,1
SF,IC2003,2020-01-03 09:50:29.900,5356.0000,54451,0,1882867400.000,1,0,1,多换,S,5356.4000,5355.8000,5355.0000,5354.8000,5354.6000,5357.4000,5357.6000,5358.8000,5359.2000,5359.6000,1,1,3,1,1,2,1,1,1,1
SF,IC2003,2020-01-03 09:50:30.400,5356.0000,54451,0,1882867400.000,0,-,-,-,-,5356.4000,5355.8000,5355.0000,5354.8000,5354.6000,5357.4000,5357.6000,5358.8000,5359.2000,5359.6000,1,1,3,1,1,2,1,1,1,1
SF,IC2003,2020-01-03 09:50:30.900,5356.4000,54450,-1,1883938680.000,1,0,1,双平,S,5357.0000,5355.8000,5355.0000,5354.8000,5354.6000,5357.4000,5357.6000,5358.8000,5359.2000,5359.6000,1,1,3,1,1,2,1,1,1,1
SF,IC2003,2020-01-03 09:50:31.400,5357.0000,54450,0,1885010080.000,1,0,1,多换,S,5355.8000,5355.0000,5354.8000,5354.6000,5354.2000,5357.0000,5357.4000,5357.6000,5358.8000,5359.2000,1,3,1,1,1,1,2,1,1,1
SF,IC2003,2020-01-03 09:50:31.900,5357.0000,54449,-1,1886081480.000,1,0,1,双平,S,5355.8000,5355.0000,5354.8000,5354.6000,5354.2000,5357.4000,5357.6000,5358.8000,5359.2000,5359.6000,1,3,1,1,1,1,1,1,1,1
SF,IC2003,2020-01-03 09:50:32.400,5357.0000,54449,0,1886081480.000,0,-,-,-,-,5356.0000,5355.8000,5355.0000,5354.8000,5354.6000,5357.4000,5357.6000,5358.8000,5359.2000,5359.6000,1,1,3,1,1,1,1,1,1,1
SF,IC2003,2020-01-03 09:50:33.900,5357.0000,54449,0,1886081480.000,0,-,-,-,-,5356.0000,5355.8000,5355.0000,5354.8000,5354.6000,5357.4000,5358.8000,5359.2000,5359.6000,5359.8000,1,1,3,1,1,1,1,1,1,1
SF,IC2003,2020-01-03 09:50:34.400,5357.4000,54448,-1,1887152960.000,1,0,1,双平,S,5356.6000,5356.0000,5355.8000,5355.0000,5354.8000,5358.8000,5359.2000,5359.6000,5359.8000,5360.0000,1,3,1,3,1,1,1,1,1,2
SF,IC2003,2020-01-03 09:50:34.900,5357.4000,54448,0,1887152960.000,0,-,-,-,-,5357.0000,5356.8000,5356.6000,5356.0000,5355.8000,5358.6000,5358.8000,5359.2000,5359.6000,5359.8000,2,2,1,3,1,2,1,1,1,1
SF,IC2003,2020-01-03 09:50:35.400,5357.4000,54448,0,1887152960.000,0,-,-,-,-,5357.2000,5356.8000,5356.6000,5356.4000,5356.0000,5358.6000,5358.8000,5359.2000,5359.6000,5359.8000,1,1,1,1,3,2,1,1,1,1
SF,IC2003,2020-01-03 09:50:35.900,5357.4000,54448,0,1887152960.000,0,-,-,-,-,5356.8000,5356.6000,5356.4000,5355.8000,5355.0000,5357.2000,5358.0000,5358.2000,5358.6000,5358.8000,1,1,1,1,3,1,6,4,3,1
SF,IC2003,2020-01-03 09:50:36.400,5357.2000,54447,-1,1889295840.000,2,0,2,多平,S,5356.8000,5356.4000,5355.8000,5355.0000,5354.6000,5358.2000,5358.6000,5359.2000,5359.6000,5359.8000,1,1,1,3,1,1,1,1,1,1
SF,IC2003,2020-01-03 09:50:36.900,5357.2000,54447,0,1889295840.000,0,-,-,-,-,5356.4000,5355.8000,5355.0000,5354.6000,5354.2000,5358.0000,5358.2000,5359.2000,5359.6000,5359.8000,1,1,3,1,1,1,1,1,1,1
SF,IC2003,2020-01-03 09:50:37.400,5357.2000,54447,0,1889295840.000,0,-,-,-,-,5356.6000,5355.8000,5355.0000,5354.6000,5354.2000,5358.0000,5358.2000,5359.2000,5359.6000,5359.8000,1,1,3,1,1,1,1,1,1,1
SF,IC2003,2020-01-03 09:50:37.900,5357.2000,54447,0,1889295840.000,0,-,-,-,-,5356.6000,5355.8000,5355.0000,5354.6000,5354.2000,5358.0000,5358.2000,5359.2000,5359.6000,5359.8000,1,1,3,1,1,1,1,1,1,1
SF,IC2003,2020-01-03 09:50:38.400,5357.2000,54447,0,1889295840.000,0,-,-,-,-,5356.6000,5355.8000,5355.0000,5354.6000,5354.2000,5358.0000,5358.2000,5359.2000,5359.6000,5359.8000,2,1,3,1,1,1,1,1,1,1
SF,IC2003,2020-01-03 09:50:38.900,5357.2000,54447,0,1889295840.000,0,-,-,-,-,5356.6000,5355.8000,5355.0000,5354.6000,5354.2000,5358.0000,5358.2000,5359.2000,5359.6000,5359.8000,1,1,3,1,1,1,1,1,1,1
SF,IC2003,2020-01-03 09:50:39.400,5357.2000,54447,0,1889295840.000,0,-,-,-,-,5356.6000,5355.8000,5355.0000,5354.6000,5354.2000,5358.0000,5358.2000,5359.2000,5359.6000,5359.8000,2,1,3,1,1,1,1,1,1,1
SF,IC2003,2020-01-03 09:50:39.900,5357.2000,54447,0,1889295840.000,0,-,-,-,-,5356.8000,5356.6000,5355.8000,5355.0000,5354.6000,5358.0000,5358.2000,5359.2000,5359.6000,5359.8000,1,2,1,3,1,1,1,1,1,1
SF,IC2003,2020-01-03 09:50:40.900,5357.2000,54447,0,1889295840.000,0,-,-,-,-,5356.8000,5356.6000,5355.8000,5355.0000,5354.6000,5358.0000,5358.2000,5359.2000,5359.6000,5359.8000,1,2,1,3,1,1,1,1,1,1
SF,IC2003,2020-01-03 09:50:42.400,5357.2000,54447,0,1889295840.000,0,-,-,-,-,5356.6000,5355.8000,5355.0000,5354.6000,5354.2000,5358.0000,5358.2000,5359.2000,5359.6000,5359.8000,1,1,3,1,1,1,1,1,1,1
SF,IC2003,2020-01-03 09:50:42.900,5356.6000,54447,0,1890367160.000,1,0,1,多换,S,5355.8000,5355.0000,5354.6000,5354.2000,5354.0000,5356.8000,5358.0000,5358.2000,5359.2000,5359.6000,1,3,1,1,1,1,1,1,1,1
SF,IC2003,2020-01-03 09:50:43.400,5356.6000,54447,0,1890367160.000,0,-,-,-,-,5355.8000,5355.0000,5354.6000,5354.2000,5354.0000,5358.0000,5358.2000,5359.2000,5359.6000,5359.8000,1,3,1,1,1,1,1,1,1,1
SF,IC2003,2020-01-03 09:50:43.900,5356.6000,54447,0,1890367160.000,0,-,-,-,-,5356.0000,5355.8000,5355.0000,5354.6000,5354.2000,5358.0000,5358.2000,5359.2000,5359.6000,5359.8000,2,1,3,1,1,1,1,1,1,1
SF,IC2003,2020-01-03 09:50:44.900,5356.6000,54447,0,1890367160.000,0,-,-,-,-,5356.0000,5355.8000,5355.0000,5354.6000,5354.2000,5356.8000,5357.8000,5358.0000,5358.2000,5359.2000,1,1,3,1,1,1,1,1,1,1
SF,IC2003,2020-01-03 09:50:45.400,5356.6000,54447,0,1890367160.000,0,-,-,-,-,5355.8000,5355.0000,5354.6000,5354.2000,5354.0000,5357.8000,5358.0000,5359.2000,5359.6000,5359.8000,1,3,1,1,1,1,1,1,1,1
SF,IC2003,2020-01-03 09:50:45.900,5356.6000,54447,0,1890367160.000,0,-,-,-,-,5356.0000,5355.8000,5355.0000,5354.6000,5354.2000,5356.2000,5357.4000,5357.6000,5359.2000,5359.6000,1,1,3,1,1,1,4,1,1,1
SF,IC2003,2020-01-03 09:50:46.400,5355.8000,54445,-2,1892509520.000,2,0,2,双平,S,5355.2000,5355.0000,5354.6000,5354.2000,5354.0000,5356.0000,5357.4000,5357.6000,5359.2000,5359.6000,1,3,1,1,1,1,1,1,1,1
SF,IC2003,2020-01-03 09:50:46.900,5355.2000,54444,-1,1893580560.000,1,0,1,双平,S,5355.0000,5354.6000,5354.2000,5354.0000,5353.0000,5356.0000,5357.4000,5357.6000,5359.2000,5359.6000,3,1,1,1,1,1,1,1,1,1
SF,IC2003,2020-01-03 09:50:47.400,5355.2000,54444,0,1893580560.000,0,-,-,-,-,5355.0000,5354.6000,5354.2000,5354.0000,5353.0000,5356.0000,5357.6000,5359.2000,5359.6000,5359.8000,3,1,1,1,1,1,1,1,1,1
SF,IC2003,2020-01-03 09:50:47.900,5355.2000,54444,0,1893580560.000,0,-,-,-,-,5355.0000,5354.6000,5354.2000,5354.0000,5353.0000,5356.0000,5357.6000,5359.2000,5359.6000,5359.8000,3,1,1,1,1,1,1,1,1,1
SF,IC2003,2020-01-03 09:50:48.900,5355.2000,54444,0,1893580560.000,0,-,-,-,-,5355.2000,5355.0000,5354.6000,5354.2000,5354.0000,5356.0000,5357.6000,5359.2000,5359.6000,5359.8000,2,3,1,1,1,1,1,1,1,1
SF,IC2003,2020-01-03 09:50:49.400,5355.2000,54444,0,1893580560.000,0,-,-,-,-,5355.2000,5355.0000,5354.6000,5354.2000,5354.0000,5357.6000,5359.2000,5359.6000,5359.8000,5360.0000,2,3,1,1,1,1,1,1,1,2
SF,IC2003,2020-01-03 09:50:49.900,5355.2000,54444,0,1893580560.000,0,-,-,-,-,5355.2000,5355.0000,5354.6000,5354.2000,5354.0000,5357.2000,5357.4000,5357.6000,5359.2000,5359.6000,2,3,1,1,1,6,1,1,1,1
SF,IC2003,2020-01-03 09:50:50.400,5355.2000,54444,0,1893580560.000,0,-,-,-,-,5355.2000,5355.0000,5354.6000,5354.2000,5354.0000,5356.8000,5357.0000,5357.2000,5357.4000,5359.2000,2,3,1,1,1,1,1,5,1,1
SF,IC2003,2020-01-03 09:50:50.900,5355.2000,54444,0,1893580560.000,0,-,-,-,-,5355.4000,5355.2000,5355.0000,5354.6000,5354.2000,5356.6000,5356.8000,5359.2000,5359.6000,5359.8000,2,2,3,1,1,1,1,1,1,1
SF,IC2003,2020-01-03 09:50:51.400,5355.2000,54444,0,1893580560.000,0,-,-,-,-,5355.4000,5355.2000,5355.0000,5354.6000,5354.2000,5356.6000,5356.8000,5359.2000,5359.6000,5359.8000,1,2,3,1,1,2,1,1,1,1
SF,IC2003,2020-01-03 09:50:51.900,5355.2000,54444,0,1893580560.000,0,-,-,-,-,5355.4000,5355.2000,5355.0000,5354.6000,5354.2000,5356.6000,5356.8000,5359.2000,5359.6000,5359.8000,2,2,3,1,1,1,1,1,1,1
SF,IC2003,2020-01-03 09:50:52.400,5355.4000,54443,-1,1894651640.000,1,0,1,双平,S,5355.4000,5355.2000,5355.0000,5354.6000,5354.2000,5356.6000,5356.8000,5359.2000,5359.6000,5359.8000,1,2,3,1,1,1,1,1,1,1
SF,IC2003,2020-01-03 09:50:52.900,5355.4000,54443,0,1895722720.000,1,0,1,多换,S,5355.2000,5355.0000,5354.6000,5354.2000,5354.0000,5356.6000,5356.8000,5359.2000,5359.6000,5359.8000,2,3,1,1,1,1,1,1,1,1
SF,IC2003,2020-01-03 09:50:53.400,5355.4000,54443,0,1895722720.000,0,-,-,-,-,5355.2000,5355.0000,5354.6000,5354.2000,5354.0000,5356.6000,5356.8000,5359.2000,5359.6000,5359.8000,2,3,1,1,1,3,5,1,1,1
SF,IC2003,2020-01-03 09:50:53.900,5355.2000,54443,0,1896793760.000,1,0,1,多换,S,5355.2000,5355.0000,5354.6000,5354.2000,5354.0000,5356.6000,5356.8000,5359.2000,5359.6000,5359.8000,1,3,1,1,1,3,5,1,1,1
SF,IC2003,2020-01-03 09:50:54.400,5355.2000,54443,0,1896793760.000,0,-,-,-,-,5355.2000,5355.0000,5354.6000,5354.2000,5354.0000,5356.6000,5356.8000,5359.2000,5359.6000,5359.8000,1,3,1,1,1,4,5,1,1,1
SF,IC2003,2020-01-03 09:50:54.900,5355.2000,54443,0,1896793760.000,0,-,-,-,-,5355.2000,5355.0000,5354.6000,5354.2000,5354.0000,5355.6000,5356.6000,5356.8000,5359.2000,5359.6000,1,3,1,1,1,1,4,5,1,1
SF,IC2003,2020-01-03 09:50:55.400,5355.2000,54443,0,1896793760.000,0,-,-,-,-,5355.8000,5355.2000,5355.0000,5354.6000,5354.2000,5356.6000,5356.8000,5359.2000,5359.6000,5359.8000,1,1,3,1,1,4,5,1,1,1
SF,IC2003,2020-01-03 09:50:55.900,5355.2000,54441,-2,1898935960.000,2,0,2,双平,S,5355.0000,5354.6000,5354.2000,5354.0000,5353.0000,5355.8000,5356.6000,5356.8000,5359.2000,5359.6000,3,1,1,1,1,4,4,5,1,1
SF,IC2003,2020-01-03 09:50:56.400,5355.2000,54441,0,1898935960.000,0,-,-,-,-,5355.0000,5354.6000,5354.2000,5354.0000,5353.0000,5355.6000,5355.8000,5356.6000,5356.8000,5359.2000,3,1,1,1,1,1,4,2,4,1
SF,IC2003,2020-01-03 09:50:56.900,5355.2000,54441,0,1898935960.000,0,-,-,-,-,5355.0000,5354.6000,5354.2000,5354.0000,5353.0000,5355.6000,5355.8000,5356.6000,5356.8000,5359.2000,3,1,1,1,1,1,4,1,4,1
SF,IC2003,2020-01-03 09:50:57.400,5355.2000,54441,0,1898935960.000,0,-,-,-,-,5355.0000,5354.6000,5354.2000,5354.0000,5353.0000,5355.8000,5356.6000,5356.8000,5359.2000,5359.6000,3,1,1,1,1,4,1,4,1,1
SF,IC2003,2020-01-03 09:50:57.900,5355.2000,54441,0,1898935960.000,0,-,-,-,-,5355.0000,5354.6000,5354.2000,5354.0000,5353.0000,5355.8000,5356.6000,5356.8000,5359.2000,5359.6000,3,1,1,1,1,3,1,4,1,1
SF,IC2003,2020-01-03 09:50:58.900,5355.0000,54441,0,1902148960.000,3,1,2,多换,S,5354.6000,5354.2000,5354.0000,5353.0000,5352.0000,5355.8000,5356.6000,5356.8000,5359.2000,5359.6000,1,1,1,1,1,3,1,4,1,1
SF,IC2003,2020-01-03 09:50:59.400,5355.0000,54441,0,1902148960.000,0,-,-,-,-,5354.6000,5354.2000,5354.0000,5353.0000,5352.0000,5355.6000,5355.8000,5356.6000,5356.8000,5359.2000,2,1,1,1,1,1,3,1,4,1
SF,IC2003,2020-01-03 09:50:59.900,5354.6000,54442,1,1903219880.000,1,1,0,双开,S,5354.6000,5354.2000,5354.0000,5353.0000,5352.0000,5355.6000,5355.8000,5356.6000,5356.8000,5359.2000,1,1,1,1,1,1,3,1,4,1
SF,IC2003,2020-01-03 09:51:00.900,5354.6000,54442,0,1904290800.000,1,0,1,多换,S,5354.2000,5354.0000,5353.0000,5352.0000,5351.0000,5355.6000,5355.8000,5356.6000,5356.8000,5359.2000,1,1,1,1,1,1,3,1,4,1
SF,IC2003,2020-01-03 09:51:01.900,5354.6000,54442,0,1904290800.000,0,-,-,-,-,5354.2000,5354.0000,5353.0000,5352.0000,5351.0000,5355.6000,5355.8000,5356.6000,5356.8000,5359.2000,2,1,1,1,1,3,3,1,4,1
SF,IC2003,2020-01-03 09:51:02.400,5354.6000,54442,0,1904290800.000,0,-,-,-,-,5354.2000,5354.0000,5353.0000,5352.0000,5351.0000,5355.2000,5355.6000,5356.6000,5356.8000,5359.2000,2,1,1,1,1,1,3,1,4,1
SF,IC2003,2020-01-03 09:51:02.900,5354.6000,54442,0,1904290800.000,0,-,-,-,-,5354.2000,5354.0000,5353.0000,5352.0000,5351.0000,5355.0000,5355.2000,5355.6000,5356.6000,5356.8000,2,1,1,1,1,1,2,1,1,4
SF,IC2003,2020-01-03 09:51:03.400,5354.6000,54442,0,1904290800.000,0,-,-,-,-,5354.2000,5354.0000,5353.0000,5352.0000,5351.0000,5355.0000,5355.2000,5356.6000,5356.8000,5359.2000,2,1,1,1,1,1,2,1,4,1
SF,IC2003,2020-01-03 09:51:03.900,5354.6000,54442,0,1904290800.000,0,-,-,-,-,5354.2000,5354.0000,5353.0000,5352.0000,5351.0000,5355.0000,5355.2000,5356.6000,5356.8000,5359.2000,2,1,1,1,1,1,2,1,4,1
SF,IC2003,2020-01-03 09:51:04.400,5354.2000,54441,-1,1905361640.000,1,0,1,双平,S,5354.2000,5354.0000,5353.0000,5352.0000,5351.0000,5355.0000,5355.2000,5356.6000,5356.8000,5359.2000,1,1,1,1,1,1,2,1,4,1
SF,IC2003,2020-01-03 09:51:05.400,5354.2000,54441,0,1905361640.000,0,-,-,-,-,5354.2000,5354.0000,5353.0000,5352.0000,5351.0000,5355.0000,5355.2000,5356.6000,5356.8000,5359.2000,1,1,1,1,1,1,1,1,4,1
SF,IC2003,2020-01-03 09:51:05.900,5355.0000,54440,-1,1907503640.000,2,0,2,多平,S,5355.2000,5355.0000,5354.2000,5354.0000,5353.0000,5356.6000,5356.8000,5359.2000,5359.6000,5359.8000,1,1,1,1,1,1,4,1,1,1
SF,IC2003,2020-01-03 09:51:06.400,5355.0000,54438,-2,1909645680.000,2,0,2,双平,S,5354.2000,5354.0000,5353.0000,5352.0000,5351.0000,5356.2000,5356.4000,5356.6000,5356.8000,5359.2000,1,1,1,2,1,6,1,2,5,1
SF,IC2003,2020-01-03 09:51:06.900,5355.0000,54438,0,1909645680.000,0,-,-,-,-,5354.2000,5354.0000,5353.0000,5352.4000,5352.0000,5355.6000,5355.8000,5356.0000,5356.2000,5356.6000,1,1,1,4,2,7,1,3,4,1
SF,IC2003,2020-01-03 09:51:07.400,5355.0000,54438,0,1909645680.000,0,-,-,-,-,5354.2000,5354.0000,5353.0000,5352.4000,5352.0000,5355.4000,5355.6000,5355.8000,5356.0000,5356.2000,1,1,1,4,2,1,6,1,2,4
SF,IC2003,2020-01-03 09:51:07.900,5355.4000,54437,-1,1910716760.000,1,0,1,双平,S,5354.2000,5354.0000,5353.0000,5352.4000,5352.0000,5355.6000,5355.8000,5356.0000,5356.2000,5356.6000,1,1,1,4,2,6,1,2,4,1
SF,IC2003,2020-01-03 09:51:08.400,5355.4000,54437,0,1910716760.000,0,-,-,-,-,5354.4000,5354.2000,5354.0000,5353.0000,5352.4000,5355.6000,5355.8000,5356.2000,5356.6000,5356.8000,1,1,1,1,4,6,1,4,1,5
SF,IC2003,2020-01-03 09:51:08.900,5354.4000,54437,0,1912858520.000,2,1,1,多换,S,5354.2000,5354.0000,5353.0000,5352.4000,5352.0000,5355.6000,5355.8000,5356.2000,5356.6000,5356.8000,1,1,1,4,2,1,1,4,1,5
SF,IC2003,2020-01-03 09:51:09.400,5354.4000,54437,0,1912858520.000,0,-,-,-,-,5354.4000,5354.2000,5354.0000,5353.0000,5352.4000,5355.6000,5356.2000,5356.6000,5356.8000,5359.2000,1,1,1,1,4,1,4,1,5,1
SF,IC2003,2020-01-03 09:51:09.900,5354.4000,54437,0,1912858520.000,0,-,-,-,-,5354.4000,5354.2000,5354.0000,5353.0000,5352.4000,5355.6000,5356.2000,5356.6000,5356.8000,5359.2000,2,1,1,1,4,3,4,1,5,1
SF,IC2003,2020-01-03 09:51:10.400,5354.4000,54437,0,1912858520.000,0,-,-,-,-,5354.4000,5354.2000,5354.0000,5353.0000,5352.4000,5355.6000,5356.2000,5356.6000,5356.8000,5359.2000,2,2,1,1,4,3,4,1,5,1
SF,IC2003,2020-01-03 09:51:10.900,5354.4000,54437,0,1912858520.000,0,-,-,-,-,5354.4000,5354.2000,5354.0000,5353.0000,5352.4000,5355.4000,5355.6000,5356.2000,5356.6000,5356.8000,2,2,1,1,4,2,1,4,1,5
SF,IC2003,2020-01-03 09:51:11.400,5354.4000,54437,0,1912858520.000,0,-,-,-,-,5354.4000,5354.2000,5354.0000,5353.0000,5352.4000,5355.2000,5355.4000,5355.6000,5356.2000,5356.6000,1,2,1,1,4,1,1,1,4,1
SF,IC2003,2020-01-03 09:51:11.900,5354.4000,54437,0,1912858520.000,0,-,-,-,-,5354.2000,5354.0000,5353.0000,5352.4000,5352.0000,5355.2000,5355.4000,5355.6000,5356.2000,5356.6000,2,1,1,4,2,1,1,1,4,1
SF,IC2003,2020-01-03 09:51:12.900,5354.4000,54437,0,1912858520.000,0,-,-,-,-,5354.2000,5354.0000,5353.0000,5352.4000,5352.0000,5355.2000,5355.4000,5355.6000,5356.2000,5356.6000,2,1,1,4,2,1,1,1,4,1
SF,IC2003,2020-01-03 09:51:13.400,5354.4000,54437,0,1912858520.000,0,-,-,-,-,5354.2000,5354.0000,5353.0000,5352.4000,5352.0000,5355.2000,5355.6000,5356.2000,5356.6000,5356.8000,2,1,1,4,2,1,1,4,1,5
SF,IC2003,2020-01-03 09:51:13.900,5355.2000,54437,0,1913929560.000,1,0,1,多换,S,5354.2000,5354.0000,5353.0000,5352.4000,5352.0000,5355.6000,5356.2000,5356.6000,5356.8000,5359.2000,2,1,1,4,2,1,4,1,5,1
SF,IC2003,2020-01-03 09:51:14.400,5355.2000,54437,0,1913929560.000,0,-,-,-,-,5354.2000,5354.0000,5353.0000,5352.4000,5352.0000,5355.4000,5355.6000,5356.2000,5356.6000,5356.8000,2,1,1,4,2,1,1,4,1,5
SF,IC2003,2020-01-03 09:51:14.900,5355.2000,54437,0,1913929560.000,0,-,-,-,-,5354.2000,5354.0000,5353.0000,5352.4000,5352.0000,5355.6000,5356.2000,5356.6000,5356.8000,5359.2000,2,1,1,4,2,1,1,1,4,1
SF,IC2003,2020-01-03 09:51:15.900,5355.2000,54437,0,1913929560.000,0,-,-,-,-,5354.2000,5354.0000,5353.0000,5352.4000,5352.0000,5355.6000,5356.2000,5356.6000,5356.8000,5359.2000,1,1,1,4,2,1,1,1,4,1
SF,IC2003,2020-01-03 09:51:16.400,5355.2000,54437,0,1913929560.000,0,-,-,-,-,5354.2000,5354.0000,5353.2000,5353.0000,5352.4000,5355.6000,5356.2000,5356.6000,5356.8000,5359.2000,1,1,1,1,4,1,1,1,4,1
SF,IC2003,2020-01-03 09:51:16.900,5355.2000,54437,0,1913929560.000,0,-,-,-,-,5354.2000,5354.0000,5353.2000,5353.0000,5352.4000,5355.6000,5356.2000,5356.6000,5356.8000,5359.2000,2,1,1,1,4,1,1,1,4,1
SF,IC2003,2020-01-03 09:51:17.900,5355.6000,54437,0,1915000680.000,1,0,1,多换,S,5354.2000,5354.0000,5353.2000,5353.0000,5352.4000,5355.6000,5356.2000,5356.6000,5356.8000,5359.2000,2,1,1,1,4,1,1,1,4,1
SF,IC2003,2020-01-03 09:51:18.400,5355.6000,54437,0,1915000680.000,0,-,-,-,-,5354.2000,5354.0000,5353.2000,5353.0000,5352.4000,5355.6000,5356.2000,5356.6000,5356.8000,5359.2000,2,1,1,1,4,1,1,1,4,1
SF,IC2003,2020-01-03 09:51:18.900,5355.6000,54437,0,1915000680.000,0,-,-,-,-,5354.2000,5354.0000,5353.2000,5353.0000,5352.4000,5355.6000,5355.8000,5356.2000,5356.6000,5356.8000,2,1,1,1,4,1,1,1,1,4
SF,IC2003,2020-01-03 09:51:19.400,5355.6000,54437,0,1915000680.000,0,-,-,-,-,5354.2000,5354.0000,5353.2000,5353.0000,5352.4000,5355.4000,5355.6000,5355.8000,5356.2000,5356.6000,2,1,1,1,4,1,1,1,1,1
SF,IC2003,2020-01-03 09:51:20.400,5355.6000,54437,0,1915000680.000,0,-,-,-,-,5354.4000,5354.2000,5354.0000,5353.2000,5353.0000,5355.0000,5355.4000,5355.8000,5356.2000,5356.6000,1,2,1,1,1,1,1,1,1,1
SF,IC2003,2020-01-03 09:51:20.900,5355.6000,54437,0,1915000680.000,0,-,-,-,-,5354.8000,5354.2000,5354.0000,5353.2000,5353.0000,5355.0000,5355.4000,5355.8000,5356.2000,5356.6000,1,2,1,1,1,1,1,1,1,1
SF,IC2003,2020-01-03 09:51:21.400,5354.8000,54437,0,1916071640.000,1,0,1,多换,S,5354.2000,5354.0000,5353.2000,5353.0000,5352.4000,5354.8000,5355.0000,5355.4000,5355.8000,5356.2000,2,1,1,1,4,2,1,1,1,1
SF,IC2003,2020-01-03 09:51:21.900,5354.8000,54436,-1,1917142600.000,1,0,1,双平,S,5354.2000,5354.0000,5353.2000,5353.0000,5352.4000,5355.0000,5355.4000,5355.8000,5356.2000,5356.6000,2,1,1,1,4,1,1,1,1,1
SF,IC2003,2020-01-03 09:51:22.900,5354.8000,54436,0,1917142600.000,0,-,-,-,-,5354.2000,5353.2000,5353.0000,5352.4000,5352.0000,5355.0000,5355.4000,5355.8000,5356.2000,5356.6000,2,1,1,4,2,1,1,1,1,1
SF,IC2003,2020-01-03 09:51:23.900,5354.8000,54436,0,1917142600.000,0,-,-,-,-,5354.2000,5353.2000,5353.0000,5352.4000,5352.0000,5355.0000,5355.4000,5355.8000,5356.2000,5356.6000,2,1,1,4,2,1,1,1,1,1
SF,IC2003,2020-01-03 09:51:24.400,5354.2000,54436,0,1918213440.000,1,0,1,多换,S,5354.2000,5353.2000,5353.0000,5352.4000,5352.0000,5355.0000,5355.4000,5355.6000,5355.8000,5356.2000,1,1,1,4,2,1,1,1,1,1
SF,IC2003,2020-01-03 09:51:25.900,5354.2000,54436,0,1918213440.000,0,-,-,-,-,5354.4000,5354.2000,5353.2000,5353.0000,5352.4000,5355.0000,5355.4000,5355.6000,5355.8000,5356.2000,1,1,1,1,4,1,1,1,1,1
SF,IC2003,2020-01-03 09:51:26.900,5354.2000,54436,0,1918213440.000,0,-,-,-,-,5354.2000,5353.2000,5353.0000,5352.4000,5352.0000,5355.0000,5355.4000,5355.6000,5355.8000,5356.2000,1,1,1,4,2,1,1,1,1,1
SF,IC2003,2020-01-03 09:51:27.400,5354.2000,54436,0,1918213440.000,0,-,-,-,-,5354.2000,5353.2000,5353.0000,5352.4000,5352.0000,5355.0000,5355.4000,5355.6000,5355.8000,5356.2000,1,1,1,4,2,3,1,1,1,1
SF,IC2003,2020-01-03 09:51:28.400,5354.2000,54436,0,1919284280.000,1,0,1,多换,S,5353.2000,5353.0000,5352.4000,5352.0000,5351.0000,5354.6000,5355.0000,5355.4000,5355.6000,5355.8000,1,1,4,2,1,7,3,1,1,1
SF,IC2003,2020-01-03 09:51:28.900,5354.6000,54436,0,1920355200.000,1,0,1,多换,S,5353.8000,5353.2000,5353.0000,5352.4000,5352.0000,5355.0000,5355.4000,5355.6000,5355.8000,5356.2000,1,1,1,4,2,4,1,1,1,1
SF,IC2003,2020-01-03 09:51:29.400,5353.8000,54437,1,1921425960.000,1,1,0,双开,S,5353.2000,5353.0000,5352.4000,5352.0000,5351.0000,5355.0000,5355.4000,5355.6000,5355.8000,5356.2000,1,1,4,2,1,4,1,1,1,1
SF,IC2003,2020-01-03 09:51:29.900,5353.8000,54437,0,1922496720.000,1,0,1,多换,S,5353.6000,5353.4000,5353.2000,5353.0000,5352.4000,5354.8000,5355.0000,5355.4000,5355.6000,5355.8000,3,1,2,1,4,2,4,1,1,1
SF,IC2003,2020-01-03 09:51:30.400,5353.8000,54437,0,1922496720.000,0,-,-,-,-,5353.6000,5353.4000,5353.2000,5353.0000,5352.4000,5354.8000,5355.0000,5355.4000,5355.6000,5355.8000,1,1,2,1,4,2,4,1,1,1
SF,IC2003,2020-01-03 09:51:30.900,5353.8000,54437,0,1922496720.000,0,-,-,-,-,5353.6000,5353.4000,5353.2000,5353.0000,5352.4000,5354.8000,5355.0000,5355.4000,5355.6000,5355.8000,1,1,2,1,4,3,4,1,1,1
SF,IC2003,2020-01-03 09:51:31.400,5353.8000,54436,-1,1923567480.000,1,0,1,双平,S,5353.6000,5353.2000,5353.0000,5352.4000,5352.0000,5354.8000,5355.0000,5355.4000,5355.6000,5355.8000,1,2,1,4,2,1,4,1,1,1
SF,IC2003,2020-01-03 09:51:31.900,5353.8000,54436,0,1923567480.000,0,-,-,-,-,5353.6000,5353.2000,5353.0000,5352.4000,5352.0000,5354.6000,5354.8000,5355.0000,5355.6000,5355.8000,1,2,1,4,2,1,1,4,1,1
SF,IC2003,2020-01-03 09:51:32.400,5353.8000,54436,0,1923567480.000,0,-,-,-,-,5353.6000,5353.2000,5353.0000,5352.4000,5352.0000,5354.6000,5354.8000,5355.0000,5355.6000,5355.8000,1,2,1,5,2,1,1,4,1,1
SF,IC2003,2020-01-03 09:51:32.900,5353.8000,54436,0,1923567480.000,0,-,-,-,-,5353.2000,5353.0000,5352.4000,5352.0000,5351.0000,5353.6000,5354.6000,5354.8000,5355.0000,5355.6000,1,1,5,2,1,1,1,1,4,1
SF,IC2003,2020-01-03 09:51:33.400,5353.6000,54436,0,1924638200.000,1,0,1,多换,S,5353.8000,5353.6000,5353.2000,5353.0000,5352.4000,5354.6000,5354.8000,5355.0000,5355.6000,5355.8000,1,3,1,1,5,1,1,4,5,1
SF,IC2003,2020-01-03 09:51:33.900,5354.6000,54435,-1,1925709120.000,1,0,1,双平,S,5353.2000,5352.4000,5352.0000,5351.0000,5350.4000,5354.8000,5355.0000,5355.6000,5355.8000,5356.2000,1,5,2,1,1,1,4,5,1,1
SF,IC2003,2020-01-03 09:51:34.400,5354.6000,54435,0,1925709120.000,0,-,-,-,-,5353.4000,5353.2000,5352.4000,5352.0000,5351.0000,5354.8000,5355.0000,5355.6000,5355.8000,5356.2000,1,1,5,2,1,1,4,5,1,1
SF,IC2003,2020-01-03 09:51:34.900,5354.6000,54435,0,1925709120.000,0,-,-,-,-,5353.4000,5353.2000,5352.4000,5352.0000,5351.0000,5354.8000,5355.0000,5355.6000,5355.8000,5356.2000,1,1,5,2,1,1,4,5,1,1
SF,IC2003,2020-01-03 09:51:35.400,5354.6000,54435,0,1925709120.000,0,-,-,-,-,5353.4000,5353.2000,5352.4000,5352.0000,5351.0000,5354.8000,5355.0000,5355.6000,5355.8000,5356.2000,1,1,5,2,1,1,4,5,1,1
SF,IC2003,2020-01-03 09:51:35.900,5354.8000,54434,-1,1926780080.000,1,0,1,双平,S,5353.4000,5353.2000,5352.4000,5352.0000,5351.0000,5355.0000,5355.6000,5355.8000,5356.2000,5356.6000,1,1,5,2,1,4,5,1,1,1
SF,IC2003,2020-01-03 09:51:36.400,5354.8000,54434,0,1926780080.000,0,-,-,-,-,5353.6000,5353.4000,5353.2000,5352.4000,5352.0000,5355.0000,5355.6000,5355.8000,5356.2000,5356.6000,1,1,1,5,2,4,5,1,1,1
SF,IC2003,2020-01-03 09:51:37.400,5354.8000,54434,0,1926780080.000,0,-,-,-,-,5353.6000,5353.4000,5353.2000,5352.4000,5352.0000,5355.0000,5355.6000,5355.8000,5356.2000,5356.6000,1,1,1,6,2,4,5,1,1,1
SF,IC2003,2020-01-03 09:51:37.900,5354.8000,54434,0,1926780080.000,0,-,-,-,-,5353.8000,5353.6000,5353.4000,5353.2000,5352.8000,5354.8000,5355.0000,5355.6000,5355.8000,5356.2000,1,1,1,1,1,1,4,5,1,1
SF,IC2003,2020-01-03 09:51:38.400,5354.8000,54434,0,1926780080.000,0,-,-,-,-,5353.8000,5353.6000,5353.2000,5352.8000,5352.4000,5354.8000,5355.0000,5355.6000,5355.8000,5356.2000,1,1,1,1,6,1,4,5,1,1
SF,IC2003,2020-01-03 09:51:38.900,5354.8000,54434,0,1926780080.000,0,-,-,-,-,5353.8000,5353.6000,5353.2000,5352.8000,5352.4000,5354.8000,5355.0000,5355.6000,5355.8000,5356.2000,1,1,1,1,6,1,3,5,1,1
SF,IC2003,2020-01-03 09:51:39.400,5354.8000,54434,0,1926780080.000,0,-,-,-,-,5353.8000,5353.6000,5353.2000,5352.8000,5352.4000,5354.8000,5355.0000,5355.6000,5355.8000,5356.2000,1,1,1,1,6,1,3,5,1,1
SF,IC2003,2020-01-03 09:51:39.900,5354.8000,54434,0,1927851040.000,1,0,1,多换,S,5354.6000,5354.0000,5353.8000,5353.6000,5353.2000,5355.0000,5355.6000,5355.8000,5356.2000,5356.6000,1,1,1,1,1,3,5,1,1,1
SF,IC2003,2020-01-03 09:51:40.400,5354.0000,54433,-1,1929992760.000,2,0,2,多平,S,5353.8000,5353.6000,5353.2000,5352.8000,5352.4000,5354.6000,5355.0000,5355.6000,5355.8000,5356.2000,1,2,1,1,6,2,3,5,1,1
SF,IC2003,2020-01-03 09:51:40.900,5354.0000,54433,0,1931063560.000,1,0,1,多换,S,5353.8000,5353.6000,5353.2000,5352.8000,5352.4000,5354.6000,5355.0000,5355.6000,5355.8000,5356.2000,1,2,1,1,6,2,3,4,1,1
SF,IC2003,2020-01-03 09:51:41.900,5354.2000,54433,0,1932134400.000,1,0,1,多换,S,5353.8000,5353.6000,5353.2000,5352.8000,5352.4000,5354.2000,5354.6000,5355.0000,5355.6000,5355.8000,1,2,1,1,6,2,2,3,4,1
SF,IC2003,2020-01-03 09:51:42.400,5353.6000,54431,-2,1935346600.000,3,0,3,多平,S,5353.2000,5352.8000,5352.4000,5352.0000,5351.0000,5353.6000,5354.2000,5355.0000,5355.6000,5355.8000,1,1,6,2,1,2,1,3,4,1
SF,IC2003,2020-01-03 09:51:42.900,5353.2000,54430,-1,1936417240.000,1,0,1,双平,S,5352.8000,5352.4000,5352.0000,5351.0000,5350.4000,5353.2000,5354.2000,5355.0000,5355.6000,5355.8000,1,6,2,1,1,1,1,3,4,1
SF,IC2003,2020-01-03 09:51:43.400,5353.2000,54430,0,1936417240.000,0,-,-,-,-,5352.8000,5352.4000,5352.0000,5351.0000,5350.4000,5353.8000,5354.2000,5355.0000,5355.6000,5355.8000,1,6,2,1,1,1,1,3,4,1
SF,IC2003,2020-01-03 09:51:43.900,5353.2000,54430,0,1936417240.000,0,-,-,-,-,5352.8000,5352.4000,5352.0000,5351.0000,5350.4000,5353.2000,5353.4000,5353.8000,5354.2000,5355.0000,1,6,2,1,1,4,1,1,1,3
SF,IC2003,2020-01-03 09:51:44.400,5353.2000,54430,0,1936417240.000,0,-,-,-,-,5352.8000,5352.4000,5352.0000,5351.0000,5350.4000,5353.2000,5353.4000,5353.8000,5354.2000,5355.0000,1,6,2,1,1,3,1,1,1,3
SF,IC2003,2020-01-03 09:51:44.900,5352.8000,54430,0,1937487800.000,1,0,1,多换,S,5352.4000,5352.0000,5351.0000,5350.4000,5350.2000,5353.2000,5353.4000,5354.2000,5355.0000,5355.6000,6,2,1,1,1,3,1,1,3,4
SF,IC2003,2020-01-03 09:51:45.400,5352.8000,54430,0,1937487800.000,0,-,-,-,-,5353.0000,5352.4000,5352.0000,5351.0000,5350.4000,5353.2000,5353.4000,5354.2000,5355.0000,5355.6000,1,6,2,1,1,3,1,1,3,4
SF,IC2003,2020-01-03 09:51:45.900,5353.0000,54430,0,1941770320.000,4,2,2,多换,S,5352.4000,5352.0000,5351.0000,5350.4000,5350.2000,5354.2000,5355.0000,5355.6000,5355.8000,5356.2000,6,2,1,1,1,1,3,4,1,1
SF,IC2003,2020-01-03 09:51:46.400,5352.8000,54429,-1,1942840880.000,1,0,1,双平,S,5352.6000,5352.4000,5352.0000,5351.0000,5350.4000,5354.2000,5355.0000,5355.6000,5355.8000,5356.2000,3,6,2,1,1,1,3,4,1,1
SF,IC2003,2020-01-03 09:51:46.900,5352.8000,54429,0,1942840880.000,0,-,-,-,-,5352.6000,5352.4000,5352.0000,5351.0000,5350.4000,5354.2000,5355.0000,5355.6000,5355.8000,5356.2000,3,10,2,1,1,1,3,4,1,1
SF,IC2003,2020-01-03 09:51:47.900,5352.8000,54429,0,1942840880.000,0,-,-,-,-,5352.8000,5352.6000,5352.4000,5352.0000,5351.0000,5354.2000,5355.0000,5355.6000,5355.8000,5356.2000,1,1,10,2,1,1,3,4,1,1
SF,IC2003,2020-01-03 09:51:48.400,5352.8000,54429,0,1942840880.000,0,-,-,-,-,5353.0000,5352.8000,5352.4000,5352.0000,5351.0000,5354.2000,5355.0000,5355.6000,5355.8000,5356.2000,1,1,10,2,1,1,3,4,1,1
SF,IC2003,2020-01-03 09:51:49.400,5353.0000,54428,-1,1943911480.000,1,0,1,双平,S,5352.8000,5352.4000,5352.0000,5351.0000,5350.4000,5354.0000,5354.2000,5355.0000,5355.6000,5355.8000,2,10,2,1,1,1,1,3,4,1
SF,IC2003,2020-01-03 09:51:49.900,5353.0000,54428,0,1943911480.000,0,-,-,-,-,5352.8000,5352.4000,5352.0000,5351.0000,5350.4000,5354.0000,5354.2000,5355.0000,5355.6000,5355.8000,2,10,2,1,1,1,1,3,4,1
SF,IC2003,2020-01-03 09:51:50.400,5353.0000,54428,0,1943911480.000,0,-,-,-,-,5353.0000,5352.8000,5352.4000,5352.0000,5351.0000,5354.0000,5354.2000,5355.0000,5355.6000,5355.8000,1,2,10,2,1,1,1,3,4,1
SF,IC2003,2020-01-03 09:51:50.900,5354.0000,54427,-1,1944982280.000,1,0,1,双平,S,5353.0000,5352.8000,5352.4000,5352.0000,5351.0000,5354.2000,5355.0000,5355.6000,5355.8000,5356.2000,1,2,10,2,1,1,3,4,1,1
SF,IC2003,2020-01-03 09:51:51.900,5354.0000,54427,0,1944982280.000,0,-,-,-,-,5353.0000,5352.8000,5352.4000,5352.0000,5351.0000,5354.2000,5355.0000,5355.6000,5355.8000,5356.2000,1,2,6,2,1,1,3,4,1,1
SF,IC2003,2020-01-03 09:51:53.400,5354.0000,54427,0,1944982280.000,0,-,-,-,-,5352.8000,5352.4000,5352.0000,5351.0000,5350.4000,5354.2000,5355.0000,5355.6000,5355.8000,5356.2000,2,6,2,1,1,1,3,4,1,1
SF,IC2003,2020-01-03 09:51:53.900,5354.0000,54427,0,1944982280.000,0,-,-,-,-,5353.0000,5352.8000,5352.4000,5352.0000,5351.0000,5354.2000,5355.0000,5355.6000,5355.8000,5356.2000,1,2,6,2,1,1,3,4,1,1
SF,IC2003,2020-01-03 09:51:54.900,5354.2000,54427,0,1946053120.000,1,0,1,多换,S,5353.0000,5352.8000,5352.4000,5352.2000,5352.0000,5355.0000,5355.6000,5355.8000,5356.2000,5356.6000,2,2,5,1,1,3,4,1,1,1
SF,IC2003,2020-01-03 09:51:55.400,5354.2000,54427,0,1946053120.000,0,-,-,-,-,5353.2000,5353.0000,5352.8000,5352.4000,5352.2000,5354.2000,5354.4000,5354.6000,5354.8000,5355.0000,2,2,2,5,1,6,1,1,1,3
SF,IC2003,2020-01-03 09:51:55.900,5354.2000,54426,-1,1951407320.000,5,2,3,多平,S,5353.4000,5353.2000,5353.0000,5352.8000,5352.4000,5354.2000,5354.6000,5354.8000,5355.0000,5355.6000,1,2,1,2,5,1,1,1,3,4
SF,IC2003,2020-01-03 09:51:56.400,5354.6000,54425,-1,1953549080.000,2,0,2,多平,S,5354.4000,5354.2000,5353.2000,5353.0000,5352.8000,5355.0000,5355.6000,5355.8000,5356.2000,5356.6000,4,9,2,1,2,3,4,1,1,1
SF,IC2003,2020-01-03 09:51:56.900,5355.0000,54423,-2,1956762080.000,3,0,3,多平,S,5354.4000,5354.2000,5353.2000,5353.0000,5352.8000,5355.6000,5355.8000,5356.2000,5356.6000,5356.8000,1,4,2,1,2,4,1,1,1,4
SF,IC2003,2020-01-03 09:51:57.400,5355.6000,54423,0,1957833200.000,1,0,1,多换,S,5354.4000,5354.2000,5353.2000,5353.0000,5352.8000,5355.6000,5355.8000,5356.2000,5356.6000,5356.8000,1,4,2,1,2,3,1,1,1,4
SF,IC2003,2020-01-03 09:51:58.400,5354.4000,54423,0,1958904080.000,1,0,1,多换,S,5354.2000,5353.2000,5353.0000,5352.8000,5352.4000,5355.6000,5355.8000,5356.2000,5356.6000,5356.8000,4,2,1,2,5,3,1,1,1,4
SF,IC2003,2020-01-03 09:51:58.900,5354.2000,54422,-1,1959974920.000,1,0,1,双平,S,5354.2000,5353.0000,5352.8000,5352.4000,5352.2000,5355.6000,5355.8000,5356.2000,5356.6000,5356.8000,3,1,2,5,1,3,1,1,1,4
SF,IC2003,2020-01-03 09:51:59.400,5354.2000,54422,0,1959974920.000,0,-,-,-,-,5354.2000,5353.0000,5352.8000,5352.4000,5352.2000,5355.4000,5355.6000,5355.8000,5356.2000,5356.6000,3,1,2,5,1,1,3,1,1,1
SF,IC2003,2020-01-03 09:51:59.900,5354.2000,54422,0,1961045760.000,1,0,1,多换,S,5354.2000,5353.0000,5352.8000,5352.4000,5352.2000,5355.4000,5355.6000,5355.8000,5356.2000,5356.6000,2,1,2,5,1,1,3,1,1,1
SF,IC2003,2020-01-03 09:52:01.900,5354.2000,54422,0,1961045760.000,0,-,-,-,-,5354.4000,5354.2000,5353.0000,5352.8000,5352.4000,5355.4000,5355.6000,5355.8000,5356.2000,5356.6000,2,2,1,2,5,1,3,1,1,1
SF,IC2003,2020-01-03 09:52:02.400,5354.2000,54422,0,1961045760.000,0,-,-,-,-,5354.4000,5353.0000,5352.8000,5352.4000,5352.2000,5355.6000,5355.8000,5356.2000,5356.6000,5356.8000,2,1,2,5,1,3,1,1,1,4
SF,IC2003,2020-01-03 09:52:02.900,5354.2000,54422,0,1961045760.000,0,-,-,-,-,5354.4000,5353.0000,5352.8000,5352.4000,5352.2000,5355.6000,5355.8000,5356.2000,5356.6000,5356.8000,3,1,2,5,1,3,1,1,1,4
SF,IC2003,2020-01-03 09:52:03.400,5354.2000,54422,0,1961045760.000,0,-,-,-,-,5354.4000,5353.0000,5352.8000,5352.4000,5352.2000,5355.6000,5355.8000,5356.2000,5356.6000,5356.8000,1,1,2,5,1,3,1,1,1,4
SF,IC2003,2020-01-03 09:52:03.900,5355.6000,54423,1,1962116880.000,1,1,0,双开,S,5353.0000,5352.8000,5352.4000,5352.2000,5352.0000,5355.6000,5355.8000,5356.2000,5356.6000,5356.8000,1,2,5,1,1,2,1,1,1,4
SF,IC2003,2020-01-03 09:52:04.400,5355.6000,54423,0,1962116880.000,0,-,-,-,-,5353.8000,5353.2000,5353.0000,5352.8000,5352.4000,5355.4000,5355.6000,5355.8000,5356.2000,5356.6000,1,4,1,2,5,4,3,1,1,1
SF,IC2003,2020-01-03 09:52:04.900,5355.6000,54423,0,1962116880.000,0,-,-,-,-,5354.0000,5353.8000,5353.2000,5353.0000,5352.8000,5355.4000,5355.6000,5355.8000,5356.2000,5356.6000,1,1,3,1,2,2,3,1,1,1
SF,IC2003,2020-01-03 09:52:05.400,5355.6000,54423,0,1962116880.000,0,-,-,-,-,5354.0000,5353.8000,5353.2000,5353.0000,5352.8000,5355.4000,5355.6000,5355.8000,5356.2000,5356.6000,1,1,3,1,2,2,3,1,1,1
SF,IC2003,2020-01-03 09:52:05.900,5355.6000,54423,0,1962116880.000,0,-,-,-,-,5354.0000,5353.8000,5353.2000,5353.0000,5352.8000,5355.4000,5355.6000,5355.8000,5356.2000,5356.6000,1,1,3,1,2,1,3,1,1,1
SF,IC2003,2020-01-03 09:52:06.400,5355.6000,54423,0,1962116880.000,0,-,-,-,-,5354.0000,5353.8000,5353.2000,5353.0000,5352.8000,5355.4000,5355.6000,5355.8000,5356.2000,5356.6000,1,1,3,1,1,1,3,1,1,1
SF,IC2003,2020-01-03 09:52:07.900,5355.6000,54423,0,1962116880.000,0,-,-,-,-,5354.0000,5353.8000,5353.2000,5353.0000,5352.8000,5355.6000,5355.8000,5356.2000,5356.6000,5356.8000,2,1,3,1,1,3,1,1,1,4
SF,IC2003,2020-01-03 09:52:08.400,5355.6000,54423,0,1962116880.000,0,-,-,-,-,5354.2000,5354.0000,5353.8000,5353.4000,5353.2000,5355.6000,5355.8000,5356.2000,5356.6000,5356.8000,1,2,1,1,3,3,1,1,1,4
SF,IC2003,2020-01-03 09:52:08.900,5355.6000,54423,0,1962116880.000,0,-,-,-,-,5354.4000,5354.2000,5353.8000,5353.4000,5353.2000,5355.6000,5355.8000,5356.2000,5356.6000,5356.8000,1,1,1,1,3,3,1,1,1,4
SF,IC2003,2020-01-03 09:52:09.400,5355.6000,54423,0,1962116880.000,0,-,-,-,-,5354.4000,5353.8000,5353.4000,5353.2000,5353.0000,5355.6000,5355.8000,5356.2000,5356.6000,5356.8000,3,1,1,3,1,3,1,1,1,4
SF,IC2003,2020-01-03 09:52:09.900,5355.6000,54423,0,1962116880.000,0,-,-,-,-,5354.4000,5353.4000,5353.2000,5353.0000,5352.8000,5355.6000,5355.8000,5356.2000,5356.6000,5356.8000,3,1,3,1,1,3,1,1,1,4
SF,IC2003,2020-01-03 09:52:10.900,5355.6000,54423,0,1963188000.000,1,0,1,多换,S,5354.4000,5353.4000,5353.2000,5353.0000,5352.8000,5355.6000,5355.8000,5356.2000,5356.6000,5356.8000,1,1,3,1,1,2,1,1,1,4
SF,IC2003,2020-01-03 09:52:11.400,5355.6000,54423,0,1964259120.000,1,0,1,多换,S,5354.4000,5353.4000,5353.2000,5353.0000,5352.8000,5355.6000,5355.8000,5356.6000,5356.8000,5358.0000,3,1,3,1,1,1,1,1,4,3
SF,IC2003,2020-01-03 09:52:11.900,5355.6000,54422,-1,1965330240.000,1,0,1,双平,S,5354.4000,5353.4000,5353.2000,5353.0000,5352.8000,5355.8000,5356.6000,5356.8000,5358.0000,5358.8000,3,1,3,1,1,1,1,4,3,1
SF,IC2003,2020-01-03 09:52:12.400,5355.8000,54421,-1,1966401400.000,1,0,1,双平,S,5356.2000,5356.0000,5355.8000,5354.8000,5354.6000,5356.6000,5356.8000,5358.0000,5358.8000,5359.0000,1,1,1,1,3,1,4,3,1,1
SF,IC2003,2020-01-03 09:52:12.900,5356.6000,54420,-1,1969615200.000,3,1,2,多平,S,5354.8000,5354.6000,5354.4000,5353.4000,5353.2000,5356.8000,5358.0000,5358.8000,5359.0000,5359.6000,1,3,1,1,3,4,3,1,1,1
SF,IC2003,2020-01-03 09:52:13.400,5356.6000,54420,0,1969615200.000,0,-,-,-,-,5355.0000,5354.8000,5354.6000,5353.4000,5353.2000,5356.6000,5356.8000,5358.0000,5358.8000,5359.0000,3,1,2,1,3,1,4,3,1,1
SF,IC2003,2020-01-03 09:52:13.900,5356.6000,54420,0,1969615200.000,0,-,-,-,-,5355.0000,5354.8000,5354.6000,5353.4000,5353.2000,5356.6000,5356.8000,5358.0000,5358.8000,5359.0000,3,2,2,1,2,1,4,3,1,1
SF,IC2003,2020-01-03 09:52:14.400,5356.6000,54420,0,1969615200.000,0,-,-,-,-,5355.0000,5354.8000,5354.6000,5353.4000,5353.2000,5356.6000,5356.8000,5358.0000,5358.8000,5359.0000,3,2,1,1,2,2,4,3,1,1
SF,IC2003,2020-01-03 09:52:14.900,5356.6000,54420,0,1969615200.000,0,-,-,-,-,5355.0000,5354.8000,5354.6000,5353.4000,5353.2000,5356.4000,5356.6000,5356.8000,5358.0000,5358.8000,1,2,1,1,2,2,2,4,3,1
SF,IC2003,2020-01-03 09:52:15.400,5356.6000,54420,0,1969615200.000,0,-,-,-,-,5354.8000,5353.4000,5353.2000,5353.0000,5352.8000,5356.2000,5356.4000,5356.6000,5356.8000,5358.0000,2,1,2,1,1,1,2,1,4,3
SF,IC2003,2020-01-03 09:52:15.900,5356.6000,54420,0,1969615200.000,0,-,-,-,-,5354.8000,5353.4000,5353.2000,5353.0000,5352.8000,5356.2000,5356.4000,5356.6000,5356.8000,5358.0000,2,1,3,1,1,1,2,1,4,3
SF,IC2003,2020-01-03 09:52:16.400,5356.6000,54421,1,1971757840.000,2,1,1,空开,S,5354.8000,5353.4000,5353.2000,5353.0000,5352.8000,5356.6000,5356.8000,5358.0000,5358.8000,5359.0000,2,1,3,1,1,1,4,3,1,1
SF,IC2003,2020-01-03 09:52:16.900,5356.6000,54421,0,1971757840.000,0,-,-,-,-,5355.0000,5354.8000,5353.4000,5353.2000,5353.0000,5356.2000,5356.4000,5356.6000,5356.8000,5358.0000,2,2,1,3,1,1,1,2,4,3
SF,IC2003,2020-01-03 09:52:17.400,5356.6000,54421,0,1971757840.000,0,-,-,-,-,5355.0000,5354.8000,5353.4000,5353.2000,5353.0000,5356.2000,5356.4000,5356.6000,5356.8000,5358.0000,1,2,1,3,1,1,1,2,4,3
SF,IC2003,2020-01-03 09:52:18.400,5356.6000,54421,0,1971757840.000,0,-,-,-,-,5355.0000,5354.8000,5353.4000,5353.2000,5353.0000,5356.4000,5356.6000,5356.8000,5358.0000,5359.0000,2,1,1,3,1,1,1,4,3,1
SF,IC2003,2020-01-03 09:52:18.900,5356.6000,54421,0,1971757840.000,0,-,-,-,-,5355.4000,5355.2000,5355.0000,5354.8000,5353.4000,5356.6000,5356.8000,5358.0000,5359.0000,5359.6000,1,1,2,1,1,1,4,3,1,1
SF,IC2003,2020-01-03 09:52:19.400,5356.6000,54421,0,1971757840.000,0,-,-,-,-,5355.6000,5355.4000,5355.0000,5354.8000,5353.4000,5356.4000,5356.6000,5356.8000,5358.0000,5359.0000,1,3,1,1,1,1,1,4,3,1
SF,IC2003,2020-01-03 09:52:20.400,5356.6000,54421,0,1971757840.000,0,-,-,-,-,5355.6000,5355.4000,5355.0000,5354.8000,5353.4000,5356.4000,5356.6000,5356.8000,5358.0000,5359.0000,1,3,1,1,1,1,1,4,3,1
SF,IC2003,2020-01-03 09:52:20.900,5356.6000,54421,0,1971757840.000,0,-,-,-,-,5356.0000,5355.6000,5355.4000,5355.0000,5354.8000,5356.4000,5356.6000,5356.8000,5358.0000,5359.0000,1,1,3,1,1,1,1,4,3,1
SF,IC2003,2020-01-03 09:52:21.400,5356.4000,54421,0,1972829120.000,1,0,1,多换,S,5356.0000,5355.6000,5355.4000,5355.0000,5354.8000,5356.6000,5356.8000,5358.0000,5359.0000,5359.6000,1,1,3,1,1,1,4,3,1,1
SF,IC2003,2020-01-03 09:52:21.900,5356.6000,54420,-1,1973900440.000,1,0,1,双平,S,5356.6000,5356.0000,5355.4000,5355.0000,5354.8000,5356.8000,5358.0000,5359.0000,5359.6000,5359.8000,1,1,3,1,1,4,3,1,1,1
SF,IC2003,2020-01-03 09:52:22.400,5356.8000,54420,0,1978185880.000,4,2,2,多换,S,5356.4000,5356.0000,5355.4000,5355.0000,5354.8000,5358.0000,5359.0000,5359.6000,5359.8000,5360.0000,5,1,2,1,1,3,1,1,1,2
SF,IC2003,2020-01-03 09:52:22.900,5356.8000,54420,0,1978185880.000,0,-,-,-,-,5356.4000,5356.0000,5355.4000,5354.8000,5353.4000,5357.8000,5358.0000,5359.0000,5359.6000,5359.8000,5,1,2,1,1,2,3,1,1,1
SF,IC2003,2020-01-03 09:52:23.900,5356.8000,54420,0,1978185880.000,0,-,-,-,-,5356.6000,5356.4000,5356.0000,5355.8000,5354.8000,5357.8000,5358.0000,5359.0000,5359.6000,5359.8000,3,5,1,1,1,1,3,1,1,1
SF,IC2003,2020-01-03 09:52:24.400,5356.8000,54420,0,1978185880.000,0,-,-,-,-,5356.6000,5356.4000,5356.0000,5355.8000,5354.8000,5357.8000,5358.0000,5359.0000,5359.6000,5359.8000,3,5,1,1,1,1,3,1,1,1
SF,IC2003,2020-01-03 09:52:24.900,5355.8000,54420,0,1987827280.000,9,4,5,多换,S,5354.8000,5353.4000,5353.2000,5353.0000,5352.8000,5355.0000,5356.0000,5356.4000,5356.6000,5356.8000,1,1,1,1,1,4,7,2,2,1
SF,IC2003,2020-01-03 09:52:25.400,5355.0000,54416,-4,1996395240.000,8,2,6,多平,S,5353.4000,5353.2000,5353.0000,5352.8000,5352.4000,5356.4000,5357.4000,5357.8000,5358.0000,5359.0000,1,1,1,1,1,1,1,1,3,1
SF,IC2003,2020-01-03 09:52:25.900,5355.0000,54416,0,1996395240.000,0,-,-,-,-,5355.2000,5354.0000,5353.8000,5353.6000,5353.4000,5356.2000,5357.8000,5358.0000,5359.0000,5359.8000,2,1,2,7,1,3,1,3,1,1
SF,IC2003,2020-01-03 09:52:26.400,5355.0000,54416,0,1996395240.000,0,-,-,-,-,5355.4000,5353.8000,5353.6000,5353.4000,5353.2000,5356.2000,5357.8000,5358.0000,5359.0000,5359.8000,1,2,3,1,1,1,1,3,1,1
SF,IC2003,2020-01-03 09:52:27.900,5355.0000,54416,0,1996395240.000,0,-,-,-,-,5355.4000,5353.8000,5353.6000,5353.4000,5353.2000,5356.2000,5358.0000,5359.0000,5359.8000,5360.0000,5,2,3,1,1,1,3,1,1,2
SF,IC2003,2020-01-03 09:52:28.400,5355.0000,54416,0,1996395240.000,0,-,-,-,-,5355.4000,5353.8000,5353.6000,5353.4000,5353.2000,5358.0000,5359.0000,5359.8000,5360.0000,5360.6000,5,2,3,1,1,3,1,1,2,1
SF,IC2003,2020-01-03 09:52:28.900,5355.2000,54416,0,1997466280.000,1,0,1,多换,S,5355.4000,5353.8000,5353.6000,5353.4000,5353.2000,5357.0000,5357.4000,5357.6000,5357.8000,5358.0000,4,2,2,1,1,1,2,8,3,3
SF,IC2003,2020-01-03 09:52:29.400,5355.2000,54416,0,1997466280.000,0,-,-,-,-,5355.4000,5353.8000,5353.6000,5353.4000,5353.2000,5356.8000,5357.0000,5357.4000,5357.6000,5357.8000,4,2,2,1,1,1,2,2,2,2
SF,IC2003,2020-01-03 09:52:29.900,5355.4000,54416,0,1998537360.000,1,0,1,多换,S,5355.4000,5353.8000,5353.6000,5353.4000,5353.2000,5356.8000,5357.0000,5357.4000,5357.6000,5357.8000,3,2,2,1,1,1,2,2,2,1
SF,IC2003,2020-01-03 09:52:30.400,5355.4000,54416,0,1998537360.000,0,-,-,-,-,5355.4000,5353.8000,5353.6000,5353.4000,5353.2000,5356.8000,5357.0000,5357.4000,5357.6000,5357.8000,3,2,2,1,1,1,1,2,2,1
SF,IC2003,2020-01-03 09:52:30.900,5355.4000,54416,0,1998537360.000,0,-,-,-,-,5355.4000,5353.8000,5353.6000,5353.4000,5353.2000,5356.8000,5357.0000,5357.4000,5357.6000,5357.8000,4,1,2,1,1,1,1,2,2,1
SF,IC2003,2020-01-03 09:52:31.400,5355.4000,54416,0,1998537360.000,0,-,-,-,-,5355.6000,5355.4000,5353.8000,5353.6000,5353.4000,5356.8000,5357.0000,5357.4000,5357.6000,5357.8000,2,4,1,2,1,1,1,2,2,1
SF,IC2003,2020-01-03 09:52:31.900,5355.4000,54416,0,1998537360.000,0,-,-,-,-,5355.6000,5355.4000,5353.8000,5353.6000,5353.4000,5356.8000,5357.0000,5357.4000,5357.6000,5357.8000,1,4,1,2,1,1,1,2,2,1
SF,IC2003,2020-01-03 09:52:33.400,5356.8000,54415,-1,1999608720.000,1,0,1,双平,S,5356.8000,5355.6000,5355.4000,5353.8000,5353.6000,5357.0000,5357.8000,5358.0000,5359.0000,5359.8000,3,1,4,1,2,1,1,3,2,1
SF,IC2003,2020-01-03 09:52:33.900,5356.8000,54415,0,1999608720.000,0,-,-,-,-,5356.8000,5355.6000,5355.4000,5353.8000,5353.6000,5358.0000,5359.0000,5359.8000,5360.0000,5360.6000,3,1,4,1,2,3,2,1,1,1
SF,IC2003,2020-01-03 09:52:34.400,5357.6000,54414,-1,2000680240.000,1,0,1,双平,S,5356.8000,5355.4000,5353.8000,5353.6000,5353.4000,5357.4000,5357.6000,5358.0000,5359.0000,5359.8000,3,4,1,2,1,4,6,3,2,1
SF,IC2003,2020-01-03 09:52:34.900,5357.6000,54414,0,2000680240.000,0,-,-,-,-,5356.8000,5355.4000,5353.8000,5353.6000,5353.4000,5357.6000,5358.0000,5359.0000,5359.8000,5360.0000,3,4,1,2,1,6,3,2,1,1
SF,IC2003,2020-01-03 09:52:35.400,5356.8000,54413,-1,2001751600.000,1,0,1,双平,S,5356.8000,5355.4000,5353.8000,5353.6000,5353.4000,5358.0000,5359.0000,5359.8000,5360.0000,5360.6000,2,4,1,2,1,3,2,1,1,1
SF,IC2003,2020-01-03 09:52:35.900,5356.8000,54412,-1,2003894320.000,2,0,2,多平,S,5355.4000,5353.6000,5353.4000,5353.2000,5353.0000,5356.0000,5356.6000,5356.8000,5357.0000,5357.4000,4,2,1,1,1,3,1,5,5,2
SF,IC2003,2020-01-03 09:52:36.400,5355.4000,54411,-1,2004965400.000,1,0,1,双平,S,5355.4000,5353.6000,5353.4000,5353.2000,5353.0000,5356.0000,5356.8000,5357.0000,5357.8000,5358.0000,3,2,1,1,1,3,4,5,2,3
SF,IC2003,2020-01-03 09:52:36.900,5355.4000,54411,0,2004965400.000,0,-,-,-,-,5355.4000,5353.6000,5353.4000,5353.2000,5353.0000,5355.6000,5356.0000,5356.8000,5357.0000,5357.4000,3,2,1,1,1,1,3,4,5,1
SF,IC2003,2020-01-03 09:52:37.400,5355.6000,54410,-1,2006036520.000,1,0,1,双平,S,5355.6000,5355.4000,5353.6000,5353.4000,5353.2000,5356.0000,5356.8000,5357.4000,5357.8000,5358.0000,1,3,1,1,1,3,1,1,2,3
SF,IC2003,2020-01-03 09:52:38.400,5356.0000,54410,0,2009250120.000,3,1,2,多换,S,5355.4000,5353.6000,5353.4000,5353.2000,5353.0000,5356.8000,5357.4000,5357.8000,5358.0000,5359.0000,3,1,1,1,1,1,1,2,3,2
SF,IC2003,2020-01-03 09:52:38.900,5356.0000,54411,1,2010321320.000,1,1,0,双开,S,5355.6000,5355.4000,5353.4000,5353.2000,5353.0000,5356.0000,5356.8000,5357.4000,5357.8000,5358.0000,1,3,1,1,1,4,1,1,1,3
SF,IC2003,2020-01-03 09:52:39.400,5356.0000,54411,0,2014606120.000,4,2,2,多换,S,5355.4000,5353.4000,5353.2000,5353.0000,5352.8000,5357.4000,5357.8000,5358.0000,5359.0000,5359.8000,3,1,1,1,1,1,1,3,2,1
SF,IC2003,2020-01-03 09:52:39.900,5356.0000,54411,0,2014606120.000,0,-,-,-,-,5355.8000,5355.6000,5355.4000,5353.4000,5353.2000,5357.2000,5357.4000,5357.8000,5358.0000,5359.0000,1,4,3,1,1,1,1,1,3,2
SF,IC2003,2020-01-03 09:52:40.400,5356.0000,54411,0,2014606120.000,0,-,-,-,-,5356.0000,5355.8000,5355.4000,5353.4000,5353.2000,5357.2000,5357.4000,5357.8000,5358.0000,5359.0000,1,1,3,1,1,1,1,1,3,2
SF,IC2003,2020-01-03 09:52:40.900,5356.2000,54411,0,2015677360.000,1,0,1,多换,S,5355.8000,5355.4000,5353.4000,5353.2000,5353.0000,5356.2000,5356.8000,5357.2000,5357.4000,5357.8000,1,3,1,1,1,3,1,2,1,1
SF,IC2003,2020-01-03 09:52:41.400,5357.2000,54412,1,2019962520.000,4,2,2,空开,S,5355.4000,5353.4000,5353.2000,5353.0000,5352.8000,5357.4000,5357.8000,5358.0000,5359.0000,5359.8000,3,1,1,1,1,1,1,3,2,1
SF,IC2003,2020-01-03 09:52:41.900,5357.2000,54412,0,2019962520.000,0,-,-,-,-,5355.6000,5355.4000,5353.4000,5353.2000,5353.0000,5357.0000,5357.2000,5357.4000,5358.0000,5359.0000,2,3,1,1,1,2,3,2,3,2
SF,IC2003,2020-01-03 09:52:42.400,5356.8000,54412,0,2021033880.000,1,0,1,多换,S,5355.4000,5353.4000,5353.2000,5353.0000,5352.8000,5356.8000,5357.0000,5357.2000,5357.4000,5358.0000,3,1,1,1,1,1,2,2,1,3
SF,IC2003,2020-01-03 09:52:42.900,5356.8000,54412,0,2021033880.000,0,-,-,-,-,5355.6000,5355.4000,5353.4000,5353.2000,5353.0000,5356.8000,5357.0000,5357.2000,5357.4000,5358.0000,1,3,1,1,1,1,2,1,1,3
SF,IC2003,2020-01-03 09:52:43.400,5356.8000,54412,0,2021033880.000,0,-,-,-,-,5355.6000,5355.4000,5353.4000,5353.2000,5353.0000,5357.0000,5357.4000,5358.0000,5359.0000,5359.8000,2,3,1,1,1,2,1,3,2,1
SF,IC2003,2020-01-03 09:52:43.900,5356.8000,54412,0,2021033880.000,0,-,-,-,-,5355.6000,5355.4000,5353.4000,5353.2000,5353.0000,5356.4000,5356.8000,5357.0000,5358.0000,5359.0000,2,3,1,1,1,1,1,2,3,2
SF,IC2003,2020-01-03 09:52:44.400,5356.8000,54412,0,2021033880.000,0,-,-,-,-,5355.6000,5355.4000,5353.4000,5353.2000,5353.0000,5356.2000,5356.4000,5357.0000,5358.0000,5359.0000,3,3,1,1,1,1,2,2,3,2
SF,IC2003,2020-01-03 09:52:45.400,5356.8000,54412,0,2021033880.000,0,-,-,-,-,5355.6000,5355.4000,5353.4000,5353.2000,5353.0000,5356.2000,5356.4000,5357.0000,5358.0000,5359.0000,3,3,1,1,1,1,1,2,3,2
SF,IC2003,2020-01-03 09:52:45.900,5356.8000,54413,1,2022105240.000,1,1,0,双开,S,5355.6000,5355.4000,5353.4000,5353.2000,5353.0000,5356.4000,5356.8000,5357.0000,5358.0000,5359.0000,3,3,1,1,1,1,1,2,3,2
SF,IC2003,2020-01-03 09:52:46.400,5356.8000,54413,0,2022105240.000,0,-,-,-,-,5355.6000,5355.4000,5353.4000,5353.2000,5353.0000,5356.4000,5356.8000,5357.0000,5358.0000,5359.0000,2,3,1,1,1,1,1,2,3,2
SF,IC2003,2020-01-03 09:52:48.400,5356.8000,54413,0,2022105240.000,0,-,-,-,-,5355.6000,5355.4000,5353.4000,5353.2000,5353.0000,5356.4000,5356.8000,5357.0000,5358.0000,5359.0000,2,3,1,1,1,1,1,2,3,2
SF,IC2003,2020-01-03 09:52:48.900,5356.8000,54413,0,2022105240.000,0,-,-,-,-,5355.6000,5355.4000,5353.4000,5353.2000,5353.0000,5356.4000,5356.8000,5357.0000,5358.0000,5359.0000,2,3,3,1,1,1,1,2,3,2
SF,IC2003,2020-01-03 09:52:49.400,5356.8000,54413,0,2022105240.000,0,-,-,-,-,5355.8000,5355.6000,5355.4000,5353.4000,5353.2000,5356.4000,5356.8000,5357.0000,5358.0000,5359.0000,1,2,3,3,1,1,1,1,3,2
SF,IC2003,2020-01-03 09:52:49.900,5356.4000,54412,-1,2023176520.000,1,0,1,双平,S,5356.4000,5355.8000,5355.6000,5355.4000,5353.4000,5356.8000,5357.0000,5358.0000,5359.0000,5359.8000,3,1,1,3,3,1,1,3,2,1
SF,IC2003,2020-01-03 09:52:50.400,5356.8000,54411,-1,2024247880.000,1,0,1,双平,S,5356.8000,5356.4000,5355.8000,5355.6000,5355.4000,5358.0000,5359.0000,5359.8000,5360.0000,5360.6000,1,1,1,2,3,3,2,1,1,1
SF,IC2003,2020-01-03 09:52:50.900,5357.6000,54412,1,2025319400.000,1,1,0,双开,S,5355.8000,5355.6000,5355.4000,5353.4000,5353.2000,5358.0000,5359.0000,5359.8000,5360.0000,5360.6000,1,2,3,3,1,3,2,1,1,1
SF,IC2003,2020-01-03 09:52:51.400,5357.6000,54412,0,2025319400.000,0,-,-,-,-,5356.4000,5356.2000,5356.0000,5355.8000,5355.6000,5358.0000,5359.0000,5359.8000,5360.0000,5360.6000,1,1,3,1,2,3,2,1,1,1
SF,IC2003,2020-01-03 09:52:51.900,5357.6000,54412,0,2025319400.000,0,-,-,-,-,5356.6000,5356.4000,5356.0000,5355.8000,5355.6000,5358.0000,5359.0000,5359.8000,5360.0000,5360.6000,1,1,2,1,2,3,2,1,1,1
SF,IC2003,2020-01-03 09:52:52.400,5358.0000,54411,-1,2026391000.000,1,0,1,双平,S,5356.6000,5356.4000,5356.0000,5355.6000,5355.4000,5358.0000,5359.0000,5359.8000,5360.0000,5360.6000,1,1,2,2,3,2,2,1,1,1
SF,IC2003,2020-01-03 09:52:52.900,5358.0000,54412,1,2027462600.000,1,1,0,双开,S,5356.6000,5356.4000,5356.0000,5355.6000,5355.4000,5358.0000,5359.0000,5359.8000,5360.0000,5360.6000,1,1,2,1,3,1,2,1,1,1
SF,IC2003,2020-01-03 09:52:53.400,5358.0000,54412,0,2027462600.000,0,-,-,-,-,5356.6000,5356.4000,5356.0000,5355.6000,5355.4000,5358.0000,5359.0000,5359.8000,5360.0000,5360.6000,1,1,2,1,3,1,2,1,1,1
SF,IC2003,2020-01-03 09:52:53.900,5358.0000,54412,0,2027462600.000,0,-,-,-,-,5356.6000,5356.4000,5356.0000,5355.6000,5355.4000,5358.0000,5359.0000,5359.8000,5360.0000,5360.6000,1,1,2,1,3,1,2,1,2,1
SF,IC2003,2020-01-03 09:52:54.400,5358.0000,54412,0,2027462600.000,0,-,-,-,-,5356.6000,5356.4000,5356.0000,5355.6000,5355.4000,5358.0000,5359.0000,5359.8000,5360.0000,5360.6000,2,1,2,1,3,1,2,1,2,1
SF,IC2003,2020-01-03 09:52:54.900,5358.0000,54412,0,2027462600.000,0,-,-,-,-,5356.6000,5356.4000,5356.0000,5355.6000,5355.4000,5358.0000,5359.0000,5359.8000,5360.0000,5360.6000,3,1,2,1,3,2,2,1,2,1
SF,IC2003,2020-01-03 09:52:55.400,5356.6000,54409,-3,2030676560.000,3,0,3,双平,S,5355.6000,5355.4000,5353.4000,5353.2000,5353.0000,5356.4000,5356.8000,5357.0000,5357.4000,5357.6000,1,3,2,1,1,1,1,5,2,2
SF,IC2003,2020-01-03 09:52:55.900,5356.6000,54409,0,2030676560.000,0,-,-,-,-,5355.6000,5355.4000,5353.4000,5353.2000,5353.0000,5356.8000,5357.0000,5357.6000,5357.8000,5358.0000,1,3,2,1,1,1,5,2,3,2
SF,IC2003,2020-01-03 09:52:56.400,5356.6000,54409,0,2030676560.000,0,-,-,-,-,5355.8000,5355.6000,5355.4000,5353.4000,5353.2000,5357.6000,5357.8000,5358.0000,5358.8000,5359.0000,1,2,3,2,1,1,2,2,1,2
SF,IC2003,2020-01-03 09:52:56.900,5356.6000,54409,0,2030676560.000,0,-,-,-,-,5356.2000,5356.0000,5355.8000,5355.6000,5355.4000,5357.4000,5357.6000,5358.0000,5358.8000,5359.0000,1,1,2,1,3,1,1,2,1,2
SF,IC2003,2020-01-03 09:52:57.400,5356.6000,54409,0,2030676560.000,0,-,-,-,-,5356.0000,5355.8000,5355.6000,5355.4000,5353.4000,5357.4000,5357.6000,5358.0000,5358.8000,5359.0000,1,2,2,3,2,1,1,2,1,2
SF,IC2003,2020-01-03 09:52:57.900,5357.6000,54409,0,2032819560.000,2,1,1,多换,S,5357.6000,5356.2000,5356.0000,5355.8000,5355.6000,5358.0000,5358.8000,5359.0000,5359.8000,5360.0000,3,1,1,1,2,2,1,2,1,2
SF,IC2003,2020-01-03 09:52:58.400,5357.6000,54409,0,2036034120.000,3,1,2,多换,S,5356.2000,5355.8000,5355.6000,5355.4000,5353.4000,5357.4000,5357.6000,5357.8000,5358.0000,5358.8000,1,1,2,3,2,1,6,1,2,1
SF,IC2003,2020-01-03 09:52:58.900,5357.6000,54409,0,2036034120.000,0,-,-,-,-,5356.6000,5356.2000,5355.6000,5355.4000,5353.4000,5357.4000,5357.6000,5357.8000,5358.0000,5358.8000,1,2,2,3,2,1,5,1,2,1
SF,IC2003,2020-01-03 09:52:59.400,5357.6000,54409,0,2036034120.000,0,-,-,-,-,5356.6000,5356.2000,5355.6000,5355.4000,5353.4000,5357.6000,5357.8000,5358.0000,5358.8000,5359.0000,1,2,2,3,2,5,1,2,1,2
SF,IC2003,2020-01-03 09:52:59.900,5356.6000,54409,0,2037105440.000,1,0,1,多换,S,5356.6000,5356.2000,5355.6000,5355.4000,5353.4000,5357.6000,5357.8000,5358.0000,5358.8000,5359.0000,1,2,2,3,2,6,1,2,1,2
SF,IC2003,2020-01-03 09:53:00.400,5357.6000,54409,0,2038176960.000,1,0,1,多换,S,5356.6000,5356.2000,5355.6000,5355.4000,5353.4000,5357.6000,5357.8000,5358.0000,5358.8000,5359.0000,1,2,2,3,2,5,1,2,1,2
SF,IC2003,2020-01-03 09:53:00.900,5357.6000,54409,0,2038176960.000,0,-,-,-,-,5356.8000,5356.6000,5356.2000,5355.6000,5355.4000,5357.6000,5357.8000,5358.0000,5358.8000,5359.0000,1,1,1,2,3,5,1,2,1,2
SF,IC2003,2020-01-03 09:53:01.900,5357.6000,54409,0,2038176960.000,0,-,-,-,-,5356.8000,5356.6000,5355.6000,5355.4000,5353.4000,5357.6000,5357.8000,5358.0000,5358.8000,5359.0000,1,1,2,3,2,5,1,2,1,2
SF,IC2003,2020-01-03 09:53:02.400,5357.6000,54409,0,2039248480.000,1,0,1,多换,S,5356.8000,5356.6000,5355.6000,5355.4000,5353.4000,5357.6000,5357.8000,5358.0000,5358.8000,5359.0000,1,1,2,3,2,4,1,2,1,2
SF,IC2003,2020-01-03 09:53:03.400,5357.6000,54409,0,2039248480.000,0,-,-,-,-,5356.8000,5355.6000,5355.4000,5353.4000,5353.2000,5357.6000,5357.8000,5358.0000,5358.8000,5359.0000,1,2,3,2,1,4,1,2,1,2
SF,IC2003,2020-01-03 09:53:03.900,5357.6000,54408,-1,2040320000.000,1,0,1,双平,S,5356.8000,5355.6000,5355.4000,5353.4000,5353.2000,5357.6000,5357.8000,5358.0000,5358.8000,5359.0000,1,2,3,2,1,1,1,2,1,2
SF,IC2003,2020-01-03 09:53:04.400,5357.6000,54407,-1,2041391520.000,1,0,1,双平,S,5357.6000,5356.8000,5355.6000,5355.4000,5353.4000,5357.8000,5358.0000,5358.8000,5359.0000,5359.8000,1,2,2,3,2,1,2,1,2,1
SF,IC2003,2020-01-03 09:53:04.900,5357.8000,54406,-1,2042463080.000,1,0,1,双平,S,5357.6000,5356.8000,5355.6000,5355.4000,5353.4000,5358.0000,5358.8000,5359.0000,5359.8000,5360.0000,2,2,2,3,2,2,1,2,1,2
SF,IC2003,2020-01-03 09:53:05.400,5358.0000,54406,0,2044606280.000,2,1,1,多换,S,5357.6000,5356.8000,5355.6000,5355.4000,5353.4000,5358.8000,5359.0000,5359.8000,5360.0000,5360.6000,3,2,2,3,2,1,2,1,2,1
SF,IC2003,2020-01-03 09:53:05.900,5358.0000,54406,0,2044606280.000,0,-,-,-,-,5357.8000,5357.6000,5356.8000,5355.6000,5355.4000,5358.2000,5358.8000,5359.0000,5359.8000,5360.0000,1,3,1,2,3,1,1,2,1,2
SF,IC2003,2020-01-03 09:53:06.400,5358.2000,54406,0,2045677920.000,1,0,1,多换,S,5358.2000,5357.8000,5357.6000,5356.8000,5355.6000,5358.8000,5359.0000,5359.8000,5360.0000,5360.6000,2,1,2,1,2,1,2,1,2,1
SF,IC2003,2020-01-03 09:53:06.900,5358.2000,54406,0,2046749560.000,1,0,1,多换,S,5357.8000,5357.6000,5356.8000,5355.6000,5355.4000,5358.8000,5359.0000,5359.8000,5360.0000,5360.6000,1,2,1,2,3,1,2,1,2,1
SF,IC2003,2020-01-03 09:53:07.400,5358.2000,54406,0,2046749560.000,0,-,-,-,-,5357.8000,5357.6000,5355.6000,5355.4000,5353.4000,5358.8000,5359.0000,5359.8000,5360.0000,5360.6000,1,2,2,3,2,1,2,1,2,1
SF,IC2003,2020-01-03 09:53:07.900,5358.8000,54405,-1,2047821320.000,1,0,1,双平,S,5358.8000,5357.8000,5357.6000,5355.6000,5355.4000,5359.0000,5359.8000,5360.0000,5360.6000,5361.8000,3,1,2,2,3,2,1,2,1,1
SF,IC2003,2020-01-03 09:53:08.400,5358.8000,54405,0,2051036600.000,3,1,2,多换,S,5357.8000,5357.6000,5355.6000,5355.4000,5353.4000,5359.0000,5359.8000,5360.0000,5360.6000,5361.8000,1,2,2,3,2,2,1,2,1,1
SF,IC2003,2020-01-03 09:53:08.900,5359.0000,54404,-1,2053180200.000,2,0,2,多平,S,5359.0000,5358.8000,5357.8000,5357.6000,5355.6000,5359.8000,5360.0000,5360.6000,5361.8000,5363.0000,2,2,2,1,2,1,2,1,1,3
SF,IC2003,2020-01-03 09:53:09.400,5359.0000,54404,0,2053180200.000,0,-,-,-,-,5357.8000,5357.6000,5355.6000,5355.4000,5353.4000,5359.4000,5359.8000,5360.0000,5360.6000,5361.8000,2,1,2,3,2,1,1,2,1,1
SF,IC2003,2020-01-03 09:53:09.900,5359.0000,54404,0,2053180200.000,0,-,-,-,-,5359.0000,5357.8000,5357.6000,5355.6000,5355.4000,5359.4000,5359.8000,5360.0000,5360.6000,5361.8000,1,2,1,2,3,1,1,2,1,1
SF,IC2003,2020-01-03 09:53:10.400,5359.0000,54405,1,2054252000.000,1,1,0,双开,S,5357.8000,5357.6000,5355.6000,5355.4000,5353.4000,5359.4000,5359.8000,5360.0000,5360.6000,5361.8000,1,1,2,3,2,1,1,2,1,1
SF,IC2003,2020-01-03 09:53:10.900,5359.0000,54405,0,2054252000.000,0,-,-,-,-,5357.8000,5357.6000,5355.6000,5355.4000,5353.4000,5359.8000,5360.0000,5360.6000,5361.8000,5363.0000,2,1,2,3,2,1,2,1,1,3
SF,IC2003,2020-01-03 09:53:11.400,5359.0000,54405,0,2054252000.000,0,-,-,-,-,5358.0000,5357.8000,5357.6000,5355.6000,5355.4000,5359.8000,5360.0000,5360.6000,5361.8000,5363.0000,2,2,1,2,3,1,2,1,1,3
SF,IC2003,2020-01-03 09:53:11.900,5359.0000,54405,0,2054252000.000,0,-,-,-,-,5358.2000,5358.0000,5357.8000,5357.6000,5355.6000,5359.8000,5360.0000,5360.4000,5360.6000,5361.8000,1,1,1,1,2,1,2,1,1,1
SF,IC2003,2020-01-03 09:53:12.400,5359.0000,54405,0,2054252000.000,0,-,-,-,-,5358.2000,5357.8000,5357.6000,5355.6000,5355.4000,5359.6000,5359.8000,5360.0000,5360.4000,5360.6000,1,1,1,1,3,1,1,2,1,1
SF,IC2003,2020-01-03 09:53:13.400,5359.0000,54405,0,2054252000.000,0,-,-,-,-,5359.2000,5358.2000,5357.8000,5357.6000,5355.6000,5359.8000,5360.0000,5360.4000,5360.6000,5361.8000,4,1,1,1,1,1,2,1,1,1
SF,IC2003,2020-01-03 09:53:13.900,5359.2000,54405,0,2057467520.000,3,1,2,多换,S,5359.2000,5358.2000,5357.6000,5355.6000,5355.4000,5359.8000,5360.0000,5360.4000,5360.6000,5361.8000,1,1,1,1,1,1,2,1,1,2
SF,IC2003,2020-01-03 09:53:14.900,5359.2000,54405,0,2057467520.000,0,-,-,-,-,5359.2000,5358.2000,5357.6000,5355.6000,5355.4000,5359.8000,5360.0000,5360.4000,5360.6000,5361.8000,1,1,1,1,1,2,2,1,1,2
SF,IC2003,2020-01-03 09:53:15.900,5359.2000,54405,0,2057467520.000,0,-,-,-,-,5359.2000,5358.2000,5357.6000,5355.6000,5355.4000,5359.8000,5360.0000,5360.4000,5360.6000,5361.8000,2,1,1,1,1,2,2,1,1,2
SF,IC2003,2020-01-03 09:53:16.400,5359.2000,54405,0,2057467520.000,0,-,-,-,-,5359.2000,5358.2000,5357.6000,5355.6000,5355.4000,5359.8000,5360.0000,5360.4000,5360.6000,5361.8000,2,1,1,1,1,2,2,1,1,2
SF,IC2003,2020-01-03 09:53:16.900,5359.2000,54405,0,2057467520.000,0,-,-,-,-,5359.2000,5358.2000,5355.6000,5355.4000,5353.4000,5359.8000,5360.0000,5360.4000,5360.6000,5361.8000,2,1,1,1,2,2,2,1,1,2
SF,IC2003,2020-01-03 09:53:17.400,5359.2000,54405,0,2057467520.000,0,-,-,-,-,5359.2000,5358.2000,5355.4000,5353.4000,5353.2000,5359.8000,5360.0000,5360.4000,5360.6000,5361.8000,2,1,1,2,1,2,2,1,1,2
SF,IC2003,2020-01-03 09:53:18.400,5359.8000,54404,-1,2059611440.000,2,0,2,多平,S,5359.2000,5358.2000,5355.4000,5353.4000,5353.2000,5360.0000,5360.4000,5360.6000,5361.8000,5363.0000,2,1,1,2,1,2,1,1,2,3
SF,IC2003,2020-01-03 09:53:19.900,5359.8000,54404,0,2059611440.000,0,-,-,-,-,5359.2000,5358.2000,5355.6000,5355.4000,5353.4000,5360.0000,5360.4000,5360.6000,5361.8000,5363.0000,2,1,1,1,2,2,1,1,2,3
SF,IC2003,2020-01-03 09:53:20.400,5359.8000,54404,0,2059611440.000,0,-,-,-,-,5359.4000,5359.2000,5355.6000,5353.4000,5353.2000,5360.0000,5360.4000,5360.6000,5361.8000,5363.0000,1,2,1,2,1,2,1,1,2,3
SF,IC2003,2020-01-03 09:53:20.900,5359.8000,54404,0,2059611440.000,0,-,-,-,-,5359.4000,5359.2000,5355.6000,5353.4000,5353.2000,5360.0000,5360.4000,5360.6000,5361.8000,5363.0000,1,2,1,2,1,2,1,1,2,3
SF,IC2003,2020-01-03 09:53:21.400,5359.2000,54402,-2,2061755120.000,2,0,2,双平,S,5359.2000,5355.6000,5353.4000,5353.2000,5353.0000,5360.0000,5360.4000,5360.6000,5361.8000,5363.0000,1,1,2,1,1,2,1,1,2,3
SF,IC2003,2020-01-03 09:53:21.900,5359.2000,54402,0,2062826960.000,1,0,1,多换,S,5355.6000,5353.4000,5353.2000,5353.0000,5352.8000,5359.0000,5359.2000,5359.8000,5360.0000,5360.4000,1,2,1,1,1,4,3,1,2,1
SF,IC2003,2020-01-03 09:53:22.400,5359.2000,54402,0,2062826960.000,0,-,-,-,-,5357.6000,5356.8000,5356.6000,5356.2000,5356.0000,5358.6000,5358.8000,5359.0000,5359.2000,5360.0000,1,1,1,2,3,1,2,1,3,2
SF,IC2003,2020-01-03 09:53:22.900,5359.2000,54402,0,2063898800.000,1,0,1,多换,S,5357.6000,5356.8000,5356.6000,5356.2000,5356.0000,5359.0000,5359.2000,5360.0000,5360.4000,5360.6000,1,1,1,1,3,1,4,2,1,1
SF,IC2003,2020-01-03 09:53:23.400,5359.2000,54402,0,2063898800.000,0,-,-,-,-,5356.8000,5356.6000,5356.2000,5356.0000,5355.8000,5359.0000,5359.2000,5360.0000,5360.4000,5360.6000,1,1,1,3,1,1,4,2,1,1
SF,IC2003,2020-01-03 09:53:23.900,5359.2000,54402,0,2063898800.000,0,-,-,-,-,5358.2000,5357.4000,5357.2000,5357.0000,5356.6000,5359.2000,5360.0000,5360.4000,5360.6000,5361.8000,1,1,1,5,1,4,2,1,1,2
SF,IC2003,2020-01-03 09:53:24.400,5359.0000,54401,-1,2064970600.000,1,0,1,双平,S,5357.4000,5357.0000,5356.6000,5356.2000,5356.0000,5359.2000,5360.0000,5360.4000,5360.6000,5361.8000,1,3,1,1,3,4,2,1,1,2
SF,IC2003,2020-01-03 09:53:24.900,5359.0000,54401,0,2064970600.000,0,-,-,-,-,5357.8000,5357.6000,5357.4000,5357.0000,5356.6000,5359.2000,5360.0000,5360.4000,5360.6000,5361.8000,1,1,3,2,1,4,2,1,1,2
SF,IC2003,2020-01-03 09:53:25.400,5359.0000,54401,0,2064970600.000,0,-,-,-,-,5358.0000,5357.4000,5357.2000,5357.0000,5356.6000,5359.2000,5360.0000,5360.4000,5360.6000,5361.8000,1,3,1,2,1,4,2,1,1,2
SF,IC2003,2020-01-03 09:53:25.900,5359.0000,54401,0,2064970600.000,0,-,-,-,-,5358.6000,5358.0000,5357.4000,5357.2000,5357.0000,5359.2000,5360.0000,5360.4000,5360.6000,5361.8000,1,1,3,1,1,4,2,1,1,2
SF,IC2003,2020-01-03 09:53:26.400,5359.0000,54401,0,2064970600.000,0,-,-,-,-,5358.6000,5358.0000,5357.6000,5357.4000,5357.2000,5359.0000,5359.2000,5360.0000,5360.4000,5360.6000,2,1,3,3,1,1,5,2,1,1
SF,IC2003,2020-01-03 09:53:26.900,5359.0000,54401,0,2064970600.000,0,-,-,-,-,5358.6000,5358.0000,5357.6000,5357.4000,5357.2000,5359.0000,5359.2000,5359.8000,5360.0000,5360.4000,2,1,3,3,1,1,3,1,2,1
SF,IC2003,2020-01-03 09:53:27.400,5359.0000,54401,0,2066042400.000,1,0,1,多换,S,5359.0000,5358.6000,5358.0000,5357.6000,5357.2000,5359.2000,5359.8000,5360.0000,5360.4000,5360.6000,1,2,1,3,1,2,1,2,1,1
SF,IC2003,2020-01-03 09:53:27.900,5359.0000,54399,-2,2069257880.000,3,0,3,多平,S,5358.6000,5358.0000,5357.6000,5357.2000,5356.6000,5359.8000,5360.0000,5360.4000,5360.6000,5361.8000,2,1,3,1,1,1,2,1,1,2
SF,IC2003,2020-01-03 09:53:28.400,5359.0000,54399,0,2069257880.000,0,-,-,-,-,5358.6000,5358.0000,5357.6000,5357.2000,5356.6000,5359.4000,5359.8000,5360.0000,5360.4000,5360.6000,2,1,3,1,1,1,1,2,1,1
SF,IC2003,2020-01-03 09:53:28.900,5358.6000,54397,-2,2072473040.000,3,0,3,多平,S,5357.6000,5357.2000,5356.2000,5356.0000,5355.6000,5359.0000,5359.4000,5359.8000,5360.0000,5360.4000,3,1,1,2,1,5,1,1,2,1
SF,IC2003,2020-01-03 09:53:29.400,5358.6000,54397,0,2072473040.000,0,-,-,-,-,5357.8000,5357.6000,5357.2000,5356.2000,5356.0000,5358.8000,5359.0000,5359.4000,5359.8000,5360.0000,1,3,1,1,2,1,5,1,1,2
SF,IC2003,2020-01-03 09:53:29.900,5358.6000,54397,0,2072473040.000,0,-,-,-,-,5357.6000,5357.2000,5356.2000,5355.6000,5353.4000,5357.8000,5358.4000,5358.8000,5359.0000,5359.4000,3,1,1,1,2,1,1,1,5,2
SF,IC2003,2020-01-03 09:53:30.400,5357.8000,54397,0,2073544600.000,1,0,1,多换,S,5357.6000,5357.2000,5357.0000,5355.6000,5353.4000,5358.4000,5358.8000,5359.4000,5359.8000,5360.0000,3,1,1,1,2,1,1,2,1,2
SF,IC2003,2020-01-03 09:53:30.900,5358.4000,54396,-1,2075687920.000,2,0,2,多平,S,5358.4000,5357.6000,5357.2000,5357.0000,5353.4000,5358.8000,5359.4000,5359.8000,5360.0000,5360.4000,2,3,1,1,2,1,2,1,2,1
SF,IC2003,2020-01-03 09:53:31.400,5358.4000,54394,-2,2077831280.000,2,0,2,双平,S,5358.4000,5357.6000,5357.2000,5357.0000,5353.4000,5358.8000,5359.4000,5359.8000,5360.0000,5360.4000,1,3,1,1,2,1,2,1,2,1
SF,IC2003,2020-01-03 09:53:31.900,5358.4000,54393,-1,2078902960.000,1,0,1,双平,S,5357.6000,5357.2000,5357.0000,5353.4000,5353.2000,5358.4000,5358.8000,5359.4000,5359.8000,5360.0000,3,1,1,2,1,2,3,2,1,2
SF,IC2003,2020-01-03 09:53:32.400,5358.4000,54393,0,2079974640.000,1,0,1,多换,S,5357.6000,5357.2000,5357.0000,5353.4000,5353.2000,5358.8000,5359.2000,5359.4000,5359.8000,5360.0000,3,1,1,2,1,2,1,2,1,2
SF,IC2003,2020-01-03 09:53:32.900,5358.4000,54393,0,2079974640.000,0,-,-,-,-,5357.8000,5357.6000,5357.2000,5357.0000,5353.4000,5358.8000,5359.2000,5359.4000,5359.8000,5360.0000,1,3,1,1,2,2,1,2,1,2
SF,IC2003,2020-01-03 09:53:33.400,5358.4000,54393,0,2079974640.000,0,-,-,-,-,5357.8000,5357.6000,5357.2000,5357.0000,5353.6000,5358.8000,5359.2000,5359.4000,5359.8000,5360.0000,1,3,2,1,1,2,1,2,1,2
SF,IC2003,2020-01-03 09:53:34.900,5358.4000,54393,0,2079974640.000,0,-,-,-,-,5357.8000,5357.6000,5357.2000,5357.0000,5353.6000,5358.4000,5358.8000,5359.2000,5359.4000,5359.8000,1,3,2,1,1,1,2,1,2,1
SF,IC2003,2020-01-03 09:53:35.400,5358.4000,54393,0,2079974640.000,0,-,-,-,-,5357.6000,5357.2000,5357.0000,5353.6000,5353.4000,5357.8000,5358.2000,5358.4000,5358.8000,5359.2000,3,2,1,1,2,1,1,1,2,1
SF,IC2003,2020-01-03 09:53:35.900,5357.2000,54393,0,2084260640.000,4,2,2,多换,S,5357.2000,5357.0000,5353.6000,5353.4000,5353.2000,5357.6000,5358.2000,5358.4000,5358.8000,5359.2000,1,1,1,2,1,2,1,1,2,1
SF,IC2003,2020-01-03 09:53:36.400,5357.0000,54391,-2,2086403480.000,2,0,2,双平,S,5353.6000,5353.4000,5353.2000,5353.0000,5352.8000,5357.0000,5357.4000,5358.4000,5358.8000,5359.2000,1,2,1,1,1,3,1,1,2,1
SF,IC2003,2020-01-03 09:53:36.900,5358.4000,54392,1,2089617960.000,3,2,1,空开,S,5355.8000,5355.6000,5355.4000,5355.2000,5355.0000,5357.0000,5358.8000,5359.2000,5359.4000,5359.8000,1,4,1,1,1,1,1,1,2,1
SF,IC2003,2020-01-03 09:53:37.400,5358.4000,54392,0,2089617960.000,0,-,-,-,-,5356.0000,5355.8000,5355.2000,5355.0000,5354.2000,5357.0000,5358.8000,5359.2000,5359.4000,5359.8000,1,1,1,1,2,1,1,1,2,1
SF,IC2003,2020-01-03 09:53:37.900,5358.4000,54392,0,2089617960.000,0,-,-,-,-,5356.2000,5356.0000,5355.8000,5355.2000,5355.0000,5358.8000,5359.2000,5359.4000,5359.8000,5360.0000,1,2,1,1,1,1,1,2,1,2
SF,IC2003,2020-01-03 09:53:38.400,5358.4000,54392,0,2089617960.000,0,-,-,-,-,5356.2000,5356.0000,5355.8000,5355.2000,5355.0000,5358.2000,5358.4000,5358.6000,5358.8000,5359.2000,1,1,1,1,1,6,3,6,2,1
SF,IC2003,2020-01-03 09:53:38.900,5358.4000,54392,0,2089617960.000,0,-,-,-,-,5356.2000,5356.0000,5355.8000,5355.2000,5355.0000,5357.8000,5358.0000,5358.2000,5358.4000,5358.6000,2,1,1,1,1,1,2,6,1,5
SF,IC2003,2020-01-03 09:53:39.400,5358.4000,54392,0,2089617960.000,0,-,-,-,-,5356.2000,5356.0000,5355.8000,5355.2000,5355.0000,5357.6000,5357.8000,5358.2000,5358.4000,5358.6000,2,1,1,1,1,1,1,6,1,4
SF,IC2003,2020-01-03 09:53:39.900,5358.4000,54392,0,2089617960.000,0,-,-,-,-,5356.2000,5356.0000,5355.8000,5355.2000,5355.0000,5357.6000,5357.8000,5358.2000,5358.4000,5358.6000,2,1,1,1,1,1,1,6,1,4
SF,IC2003,2020-01-03 09:53:40.400,5358.4000,54392,0,2089617960.000,0,-,-,-,-,5356.4000,5356.2000,5356.0000,5355.8000,5355.2000,5357.6000,5357.8000,5358.2000,5358.4000,5358.6000,2,1,1,1,1,1,1,6,1,4
SF,IC2003,2020-01-03 09:53:40.900,5357.8000,54391,-1,2091761040.000,2,0,2,多平,S,5356.6000,5356.4000,5356.0000,5355.8000,5355.2000,5358.2000,5358.4000,5358.6000,5359.2000,5359.4000,3,1,1,1,1,6,1,2,1,2
SF,IC2003,2020-01-03 09:53:41.400,5358.2000,54390,-1,2092832680.000,1,0,1,双平,S,5357.0000,5356.8000,5356.6000,5355.8000,5355.2000,5359.2000,5359.4000,5359.8000,5360.0000,5360.4000,1,5,2,1,1,1,2,1,2,1
SF,IC2003,2020-01-03 09:53:41.900,5358.8000,54390,0,2094976200.000,2,1,1,多换,S,5358.2000,5357.8000,5357.4000,5357.2000,5357.0000,5358.8000,5359.2000,5359.4000,5359.8000,5360.0000,1,1,2,4,1,3,2,2,1,2
SF,IC2003,2020-01-03 09:53:42.400,5358.8000,54390,0,2097119720.000,2,1,1,多换,S,5358.4000,5358.2000,5357.8000,5357.2000,5357.0000,5358.8000,5359.2000,5359.4000,5359.8000,5360.0000,1,1,1,2,1,1,2,2,1,2
SF,IC2003,2020-01-03 09:53:42.900,5358.8000,54390,0,2098191480.000,1,0,1,多换,S,5358.8000,5358.4000,5358.2000,5357.8000,5357.2000,5359.2000,5359.4000,5359.8000,5360.0000,5360.4000,1,1,1,1,1,2,2,1,2,1
SF,IC2003,2020-01-03 09:53:43.400,5358.8000,54390,0,2098191480.000,0,-,-,-,-,5358.4000,5358.2000,5357.8000,5357.2000,5357.0000,5359.2000,5359.4000,5359.8000,5360.0000,5360.4000,1,1,1,1,1,2,2,1,2,1
SF,IC2003,2020-01-03 09:53:43.900,5358.8000,54390,0,2098191480.000,0,-,-,-,-,5358.4000,5358.2000,5357.8000,5357.2000,5357.0000,5359.2000,5359.4000,5359.8000,5360.0000,5360.4000,1,1,1,1,1,2,2,1,2,1
SF,IC2003,2020-01-03 09:53:44.400,5358.8000,54390,0,2098191480.000,0,-,-,-,-,5358.4000,5357.8000,5357.2000,5357.0000,5355.8000,5359.2000,5359.4000,5359.8000,5360.0000,5360.4000,1,1,1,1,1,2,2,1,2,1
SF,IC2003,2020-01-03 09:53:44.900,5358.8000,54390,0,2098191480.000,0,-,-,-,-,5358.4000,5357.8000,5355.8000,5355.2000,5355.0000,5359.2000,5359.4000,5359.8000,5360.0000,5360.4000,1,1,1,1,1,2,2,1,2,1
SF,IC2003,2020-01-03 09:53:45.900,5358.4000,54389,-1,2099263160.000,1,0,1,双平,S,5357.8000,5355.8000,5355.2000,5355.0000,5354.2000,5359.2000,5359.4000,5359.8000,5360.0000,5360.4000,1,1,1,1,1,2,2,1,2,1
SF,IC2003,2020-01-03 09:53:46.400,5358.4000,54389,0,2099263160.000,0,-,-,-,-,5357.8000,5355.8000,5355.2000,5355.0000,5354.2000,5359.0000,5359.2000,5359.4000,5359.8000,5360.0000,1,1,1,1,1,2,2,2,1,2
SF,IC2003,2020-01-03 09:53:46.900,5358.4000,54389,0,2099263160.000,0,-,-,-,-,5358.8000,5357.8000,5355.8000,5355.2000,5355.0000,5359.0000,5359.2000,5359.4000,5359.8000,5360.0000,1,1,1,1,1,2,2,2,1,2
SF,IC2003,2020-01-03 09:53:47.400,5357.8000,54388,-1,2101406480.000,2,0,2,多平,S,5355.8000,5355.2000,5355.0000,5354.2000,5354.0000,5358.2000,5358.4000,5358.6000,5358.8000,5359.0000,1,1,1,1,2,1,2,1,3,1
SF,IC2003,2020-01-03 09:53:47.900,5357.8000,54388,0,2101406480.000,0,-,-,-,-,5356.6000,5356.2000,5356.0000,5355.8000,5355.2000,5358.0000,5358.2000,5358.6000,5358.8000,5359.2000,1,2,2,1,1,1,1,1,3,2
SF,IC2003,2020-01-03 09:53:48.400,5357.8000,54388,0,2101406480.000,0,-,-,-,-,5356.2000,5356.0000,5355.8000,5355.2000,5355.0000,5358.0000,5358.2000,5358.6000,5358.8000,5359.2000,1,1,1,1,1,1,1,1,3,2
SF,IC2003,2020-01-03 09:53:48.900,5357.8000,54388,0,2101406480.000,0,-,-,-,-,5356.6000,5356.4000,5356.2000,5355.8000,5355.2000,5357.6000,5357.8000,5358.8000,5359.2000,5359.4000,1,1,1,1,1,1,1,3,2,2
SF,IC2003,2020-01-03 09:53:49.400,5357.8000,54388,0,2101406480.000,0,-,-,-,-,5356.6000,5356.4000,5356.2000,5355.8000,5355.2000,5357.8000,5358.8000,5359.2000,5359.4000,5359.8000,2,1,1,1,1,1,3,2,2,1
SF,IC2003,2020-01-03 09:53:49.900,5357.8000,54388,0,2101406480.000,0,-,-,-,-,5356.8000,5356.2000,5355.8000,5355.2000,5355.0000,5358.8000,5359.2000,5359.4000,5359.8000,5360.0000,2,1,1,1,1,3,2,2,1,2
SF,IC2003,2020-01-03 09:53:50.400,5357.8000,54388,0,2101406480.000,0,-,-,-,-,5357.0000,5356.8000,5356.2000,5355.8000,5355.2000,5358.4000,5358.6000,5358.8000,5359.2000,5359.4000,2,2,1,1,1,2,3,3,3,2
SF,IC2003,2020-01-03 09:53:50.900,5357.8000,54388,0,2101406480.000,0,-,-,-,-,5357.0000,5356.8000,5356.2000,5355.8000,5355.2000,5358.2000,5358.4000,5358.6000,5358.8000,5359.2000,2,2,1,1,1,1,2,1,3,3
SF,IC2003,2020-01-03 09:53:51.400,5357.8000,54388,0,2101406480.000,0,-,-,-,-,5357.2000,5356.8000,5356.2000,5355.8000,5355.2000,5358.2000,5358.4000,5358.6000,5358.8000,5359.2000,2,1,1,1,1,1,2,1,3,3
SF,IC2003,2020-01-03 09:53:51.900,5357.8000,54388,0,2101406480.000,0,-,-,-,-,5357.2000,5356.8000,5356.2000,5355.8000,5355.2000,5358.2000,5358.4000,5358.6000,5358.8000,5359.2000,3,1,1,1,1,1,2,1,3,3
SF,IC2003,2020-01-03 09:53:52.400,5357.8000,54388,0,2101406480.000,0,-,-,-,-,5357.2000,5356.8000,5356.2000,5355.8000,5355.2000,5358.2000,5358.4000,5358.6000,5358.8000,5359.2000,2,1,1,1,1,2,2,1,1,3
SF,IC2003,2020-01-03 09:53:52.900,5357.8000,54388,0,2101406480.000,0,-,-,-,-,5357.2000,5356.8000,5356.2000,5355.8000,5355.2000,5358.2000,5358.4000,5358.6000,5358.8000,5359.2000,2,1,1,1,1,1,2,1,1,3
SF,IC2003,2020-01-03 09:53:54.400,5357.8000,54388,0,2101406480.000,0,-,-,-,-,5357.2000,5356.8000,5356.2000,5355.8000,5355.2000,5358.2000,5358.4000,5358.6000,5358.8000,5359.2000,1,1,1,1,1,1,2,1,1,3
SF,IC2003,2020-01-03 09:53:56.900,5357.8000,54388,0,2101406480.000,0,-,-,-,-,5357.2000,5356.8000,5355.8000,5355.2000,5355.0000,5358.2000,5358.4000,5358.6000,5358.8000,5359.2000,1,1,1,1,2,1,2,1,1,3
SF,IC2003,2020-01-03 09:53:57.900,5357.8000,54388,0,2101406480.000,0,-,-,-,-,5357.2000,5356.8000,5355.8000,5355.2000,5355.0000,5358.2000,5358.4000,5358.6000,5358.8000,5359.2000,1,1,1,1,2,2,2,1,1,2
SF,IC2003,2020-01-03 09:53:58.900,5357.2000,54388,0,2102477920.000,1,0,1,多换,S,5356.8000,5355.8000,5355.2000,5355.0000,5354.2000,5358.2000,5358.4000,5358.6000,5358.8000,5359.2000,1,1,1,2,1,2,2,1,1,2
SF,IC2003,2020-01-03 09:53:59.400,5357.2000,54388,0,2102477920.000,0,-,-,-,-,5355.8000,5355.2000,5355.0000,5354.2000,5354.0000,5358.0000,5358.2000,5358.4000,5358.6000,5358.8000,1,1,2,1,2,2,3,2,1,1
SF,IC2003,2020-01-03 09:53:59.900,5356.2000,54388,0,2103549160.000,1,0,1,多换,S,5356.2000,5356.0000,5355.8000,5355.2000,5355.0000,5357.2000,5358.0000,5358.2000,5358.4000,5358.6000,1,1,1,1,2,1,3,3,2,1
SF,IC2003,2020-01-03 09:54:00.400,5356.2000,54388,0,2103549160.000,0,-,-,-,-,5356.0000,5355.8000,5355.2000,5355.0000,5354.2000,5357.2000,5358.0000,5358.2000,5358.4000,5358.6000,1,1,1,2,1,1,3,2,1,1
SF,IC2003,2020-01-03 09:54:00.900,5356.0000,54389,1,2105691800.000,2,1,1,空开,S,5355.8000,5355.2000,5355.0000,5354.2000,5354.0000,5357.2000,5358.0000,5358.2000,5358.4000,5358.8000,1,1,2,1,2,1,3,2,1,1
SF,IC2003,2020-01-03 09:54:01.400,5356.0000,54389,0,2105691800.000,0,-,-,-,-,5355.0000,5354.2000,5354.0000,5353.6000,5353.4000,5357.0000,5357.2000,5358.0000,5358.2000,5358.4000,2,1,2,1,2,1,1,2,2,1
SF,IC2003,2020-01-03 09:54:01.900,5356.0000,54389,0,2105691800.000,0,-,-,-,-,5355.2000,5355.0000,5354.2000,5354.0000,5353.6000,5356.8000,5357.0000,5358.0000,5358.2000,5358.4000,2,2,1,2,1,2,2,2,2,1
SF,IC2003,2020-01-03 09:54:02.400,5356.0000,54389,0,2105691800.000,0,-,-,-,-,5355.0000,5354.2000,5354.0000,5353.6000,5353.4000,5356.6000,5356.8000,5357.0000,5358.0000,5358.2000,2,1,2,1,2,1,2,1,2,2
SF,IC2003,2020-01-03 09:54:02.900,5356.0000,54389,0,2105691800.000,0,-,-,-,-,5355.0000,5354.2000,5354.0000,5353.6000,5353.4000,5356.4000,5356.6000,5356.8000,5358.0000,5358.2000,2,1,2,1,2,1,3,1,1,2
SF,IC2003,2020-01-03 09:54:03.400,5356.0000,54389,0,2105691800.000,0,-,-,-,-,5355.6000,5355.2000,5355.0000,5354.2000,5354.0000,5356.4000,5356.6000,5356.8000,5358.0000,5358.2000,1,2,2,1,2,1,1,1,1,2
SF,IC2003,2020-01-03 09:54:03.900,5356.0000,54389,0,2105691800.000,0,-,-,-,-,5355.2000,5355.0000,5354.2000,5354.0000,5353.4000,5356.4000,5356.6000,5358.0000,5358.2000,5358.4000,2,2,1,2,2,1,1,1,2,1
SF,IC2003,2020-01-03 09:54:04.400,5356.0000,54389,0,2105691800.000,0,-,-,-,-,5355.2000,5355.0000,5354.2000,5354.0000,5353.4000,5356.4000,5356.6000,5358.0000,5358.2000,5358.4000,2,2,1,2,2,1,1,1,2,1
SF,IC2003,2020-01-03 09:54:04.900,5356.0000,54389,0,2105691800.000,0,-,-,-,-,5355.4000,5355.2000,5355.0000,5354.2000,5354.0000,5356.6000,5358.2000,5358.4000,5358.8000,5359.2000,1,1,2,1,2,1,2,1,1,2
SF,IC2003,2020-01-03 09:54:05.400,5356.0000,54389,0,2105691800.000,0,-,-,-,-,5355.4000,5355.2000,5355.0000,5354.2000,5354.0000,5356.6000,5358.2000,5358.4000,5358.8000,5359.2000,1,1,2,1,2,2,2,1,1,2
SF,IC2003,2020-01-03 09:54:05.900,5356.0000,54389,0,2105691800.000,0,-,-,-,-,5355.4000,5355.0000,5354.2000,5354.0000,5353.4000,5356.4000,5356.6000,5358.2000,5358.4000,5358.8000,1,2,1,2,2,1,2,2,1,1
SF,IC2003,2020-01-03 09:54:07.900,5356.4000,54389,0,2106763080.000,1,0,1,多换,S,5355.0000,5354.2000,5354.0000,5353.4000,5353.2000,5356.6000,5358.2000,5358.4000,5358.8000,5359.2000,2,1,2,2,1,2,2,1,1,2
SF,IC2003,2020-01-03 09:54:08.400,5356.4000,54389,0,2106763080.000,0,-,-,-,-,5355.2000,5355.0000,5354.2000,5354.0000,5353.4000,5356.4000,5356.6000,5358.2000,5358.4000,5358.8000,3,2,1,2,2,1,2,2,1,1
SF,IC2003,2020-01-03 09:54:08.900,5356.4000,54389,0,2106763080.000,0,-,-,-,-,5355.0000,5354.2000,5354.0000,5353.4000,5353.2000,5356.2000,5356.4000,5356.6000,5358.2000,5358.4000,2,1,2,2,1,1,1,2,2,1
SF,IC2003,2020-01-03 09:54:09.400,5356.4000,54389,0,2106763080.000,0,-,-,-,-,5355.0000,5354.2000,5353.4000,5353.2000,5353.0000,5356.2000,5356.4000,5356.6000,5358.2000,5358.4000,2,1,2,1,1,2,1,2,2,1
SF,IC2003,2020-01-03 09:54:09.900,5356.4000,54389,0,2106763080.000,0,-,-,-,-,5355.0000,5354.2000,5353.4000,5353.2000,5353.0000,5356.2000,5356.4000,5356.6000,5358.2000,5358.4000,2,1,2,1,1,1,1,2,2,1
SF,IC2003,2020-01-03 09:54:10.400,5356.4000,54389,0,2106763080.000,0,-,-,-,-,5355.0000,5354.2000,5353.4000,5353.2000,5353.0000,5356.2000,5356.4000,5356.6000,5358.2000,5358.4000,2,1,2,1,1,1,1,1,2,1
SF,IC2003,2020-01-03 09:54:10.900,5356.4000,54389,0,2106763080.000,0,-,-,-,-,5355.0000,5354.2000,5353.4000,5353.2000,5353.0000,5356.2000,5356.4000,5358.2000,5358.4000,5359.2000,2,1,2,1,1,2,1,2,1,2
SF,IC2003,2020-01-03 09:54:11.900,5356.2000,54387,-2,2108905560.000,2,0,2,双平,S,5356.2000,5355.0000,5354.2000,5353.4000,5353.2000,5356.4000,5358.2000,5358.4000,5359.2000,5359.4000,3,2,1,2,1,1,2,1,2,2
SF,IC2003,2020-01-03 09:54:12.400,5356.2000,54384,-3,2112119280.000,3,0,3,双平,S,5355.0000,5354.2000,5353.4000,5353.2000,5353.0000,5356.0000,5356.2000,5356.4000,5358.2000,5358.4000,2,1,2,1,1,3,9,1,2,1
SF,IC2003,2020-01-03 09:54:12.900,5356.2000,54384,0,2112119280.000,0,-,-,-,-,5355.0000,5354.2000,5353.4000,5353.2000,5353.0000,5356.0000,5356.2000,5356.4000,5358.2000,5358.4000,2,1,2,1,1,2,6,1,2,1
SF,IC2003,2020-01-03 09:54:13.400,5356.2000,54384,0,2112119280.000,0,-,-,-,-,5355.0000,5354.2000,5353.4000,5353.2000,5353.0000,5356.0000,5356.2000,5356.4000,5358.2000,5358.4000,2,1,2,1,1,1,6,1,2,1
SF,IC2003,2020-01-03 09:54:13.900,5356.2000,54384,0,2112119280.000,0,-,-,-,-,5355.2000,5355.0000,5354.2000,5353.4000,5353.2000,5356.0000,5356.2000,5356.4000,5358.2000,5358.4000,1,2,1,2,1,1,6,1,2,1
SF,IC2003,2020-01-03 09:54:14.400,5356.2000,54384,0,2112119280.000,0,-,-,-,-,5355.2000,5355.0000,5354.2000,5353.4000,5353.2000,5356.0000,5356.2000,5356.4000,5358.2000,5358.4000,1,2,1,2,1,1,4,1,2,1
SF,IC2003,2020-01-03 09:54:14.900,5356.2000,54384,0,2112119280.000,0,-,-,-,-,5355.2000,5355.0000,5353.4000,5353.2000,5353.0000,5356.0000,5356.2000,5356.4000,5358.2000,5358.4000,2,2,2,1,1,1,4,1,2,1
SF,IC2003,2020-01-03 09:54:15.400,5356.0000,54384,0,2113190480.000,1,0,1,多换,S,5355.2000,5355.0000,5353.4000,5353.2000,5353.0000,5356.2000,5356.4000,5358.2000,5358.4000,5359.2000,1,3,2,1,1,4,1,2,1,2
SF,IC2003,2020-01-03 09:54:16.900,5355.2000,54384,0,2114261520.000,1,0,1,多换,S,5355.0000,5353.4000,5353.2000,5353.0000,5352.6000,5355.4000,5356.2000,5356.4000,5358.2000,5358.4000,3,2,1,1,6,2,4,1,2,1
SF,IC2003,2020-01-03 09:54:17.400,5355.2000,54384,0,2114261520.000,0,-,-,-,-,5355.0000,5353.4000,5353.2000,5353.0000,5352.6000,5356.2000,5356.4000,5358.2000,5358.4000,5359.2000,3,2,1,1,6,1,1,2,1,2
SF,IC2003,2020-01-03 09:54:18.400,5355.2000,54384,0,2115332560.000,1,0,1,多换,S,5355.0000,5353.4000,5353.2000,5353.0000,5352.6000,5356.2000,5356.4000,5358.2000,5358.4000,5359.2000,4,2,1,1,6,1,1,2,1,2
SF,IC2003,2020-01-03 09:54:18.900,5355.2000,54384,0,2115332560.000,0,-,-,-,-,5355.0000,5353.4000,5353.2000,5353.0000,5352.6000,5355.8000,5356.2000,5356.4000,5358.2000,5358.4000,4,2,1,1,6,1,1,1,2,1
SF,IC2003,2020-01-03 09:54:19.400,5355.8000,54384,0,2116403720.000,1,0,1,多换,S,5355.8000,5355.2000,5355.0000,5353.4000,5353.2000,5356.2000,5356.4000,5358.2000,5358.4000,5359.2000,1,4,4,2,1,1,1,2,1,2
SF,IC2003,2020-01-03 09:54:19.900,5356.2000,54383,-1,2117474960.000,1,0,1,双平,S,5356.2000,5355.2000,5355.0000,5353.4000,5353.2000,5356.4000,5358.2000,5358.4000,5359.2000,5359.4000,3,3,4,2,1,1,2,1,2,2
SF,IC2003,2020-01-03 09:54:20.400,5356.4000,54382,-1,2119617520.000,2,0,2,多平,S,5356.4000,5356.2000,5355.2000,5355.0000,5353.4000,5358.2000,5358.4000,5359.2000,5359.4000,5359.8000,4,3,1,4,2,2,1,2,2,2
SF,IC2003,2020-01-03 09:54:20.900,5357.8000,54382,0,2120689080.000,1,0,1,多换,S,5356.8000,5356.6000,5356.4000,5356.2000,5355.2000,5358.0000,5358.2000,5358.4000,5359.2000,5359.4000,2,4,3,3,1,1,2,1,2,2
SF,IC2003,2020-01-03 09:54:21.400,5357.8000,54382,0,2120689080.000,0,-,-,-,-,5357.4000,5357.0000,5356.6000,5356.4000,5356.2000,5358.0000,5358.2000,5358.4000,5359.2000,5359.4000,1,1,3,3,3,1,2,1,2,2
SF,IC2003,2020-01-03 09:54:21.900,5357.4000,54381,-1,2121760560.000,1,0,1,双平,S,5357.0000,5356.6000,5356.4000,5356.2000,5355.2000,5357.4000,5358.0000,5358.2000,5358.4000,5359.2000,1,3,1,3,2,1,1,2,1,2
SF,IC2003,2020-01-03 09:54:22.400,5357.4000,54381,0,2121760560.000,0,-,-,-,-,5357.0000,5356.6000,5356.4000,5356.2000,5355.2000,5357.4000,5358.2000,5358.4000,5359.2000,5359.4000,1,2,1,3,2,1,2,1,2,2
SF,IC2003,2020-01-03 09:54:23.400,5357.0000,54381,0,2122831960.000,1,0,1,多换,S,5357.0000,5356.6000,5356.4000,5356.2000,5355.2000,5357.4000,5358.2000,5358.4000,5359.2000,5359.4000,1,2,1,3,2,1,2,1,2,2
SF,IC2003,2020-01-03 09:54:24.400,5357.0000,54381,0,2122831960.000,0,-,-,-,-,5357.0000,5356.6000,5356.4000,5356.2000,5355.2000,5357.4000,5358.2000,5358.4000,5359.2000,5359.4000,1,1,1,3,2,1,2,1,2,2
SF,IC2003,2020-01-03 09:54:24.900,5357.0000,54381,0,2122831960.000,0,-,-,-,-,5357.0000,5356.6000,5356.4000,5356.2000,5355.2000,5357.4000,5358.2000,5358.4000,5359.2000,5359.4000,1,1,1,2,2,1,2,1,2,2
SF,IC2003,2020-01-03 09:54:25.900,5356.6000,54380,-1,2124974680.000,2,0,2,多平,S,5356.4000,5356.2000,5355.2000,5355.0000,5353.4000,5357.0000,5358.2000,5358.4000,5359.2000,5359.4000,1,1,2,3,2,1,2,1,2,2
SF,IC2003,2020-01-03 09:54:26.400,5356.4000,54379,-1,2126045960.000,1,0,1,双平,S,5356.2000,5355.2000,5355.0000,5353.4000,5353.2000,5357.0000,5358.2000,5358.4000,5359.2000,5359.4000,1,2,3,2,1,2,2,1,2,2
SF,IC2003,2020-01-03 09:54:26.900,5356.2000,54378,-1,2127117200.000,1,0,1,双平,S,5355.2000,5355.0000,5353.4000,5353.2000,5352.6000,5357.0000,5358.2000,5358.4000,5359.2000,5359.4000,2,3,2,1,6,2,2,1,2,2
SF,IC2003,2020-01-03 09:54:27.400,5355.6000,54377,-1,2128188320.000,1,0,1,双平,S,5355.4000,5355.2000,5355.0000,5353.4000,5353.2000,5356.8000,5357.0000,5358.2000,5358.4000,5359.2000,3,2,3,2,1,1,1,2,1,2
SF,IC2003,2020-01-03 09:54:27.900,5355.4000,54377,0,2129259400.000,1,0,1,多换,S,5355.4000,5355.2000,5355.0000,5353.4000,5353.2000,5356.8000,5357.0000,5358.2000,5358.4000,5359.2000,2,2,3,2,1,1,1,2,1,2
SF,IC2003,2020-01-03 09:54:28.900,5355.4000,54377,0,2129259400.000,0,-,-,-,-,5355.4000,5355.2000,5355.0000,5353.4000,5353.2000,5356.8000,5358.2000,5358.4000,5359.2000,5359.4000,2,2,3,2,1,4,2,1,2,2
SF,IC2003,2020-01-03 09:54:29.400,5355.4000,54377,0,2129259400.000,0,-,-,-,-,5355.4000,5355.2000,5355.0000,5353.4000,5353.2000,5356.6000,5356.8000,5358.2000,5358.4000,5359.2000,1,2,3,2,1,4,4,2,1,2
SF,IC2003,2020-01-03 09:54:29.900,5355.4000,54377,0,2130330480.000,1,0,1,多换,S,5355.2000,5355.0000,5353.4000,5353.2000,5352.6000,5356.0000,5356.4000,5356.6000,5356.8000,5358.2000,2,3,2,1,6,1,1,2,4,2
SF,IC2003,2020-01-03 09:54:30.400,5355.4000,54377,0,2130330480.000,0,-,-,-,-,5355.6000,5355.2000,5355.0000,5353.4000,5353.2000,5356.0000,5356.4000,5356.6000,5356.8000,5358.2000,1,2,3,2,1,1,1,2,4,2
SF,IC2003,2020-01-03 09:54:31.400,5355.4000,54377,0,2130330480.000,0,-,-,-,-,5355.6000,5355.2000,5355.0000,5354.2000,5353.4000,5356.0000,5356.4000,5356.6000,5356.8000,5358.2000,1,2,3,1,2,1,1,2,4,2
SF,IC2003,2020-01-03 09:54:31.900,5355.6000,54377,0,2131401600.000,1,0,1,多换,S,5355.2000,5355.0000,5354.2000,5353.4000,5353.2000,5356.0000,5356.4000,5356.6000,5356.8000,5358.2000,2,3,1,2,1,1,1,2,3,2
SF,IC2003,2020-01-03 09:54:32.400,5355.0000,54374,-3,2135685640.000,4,0,4,多平,S,5354.2000,5353.4000,5353.2000,5352.6000,5352.4000,5355.2000,5355.8000,5356.0000,5356.6000,5356.8000,1,2,1,6,4,5,2,1,2,2
SF,IC2003,2020-01-03 09:54:32.900,5355.0000,54374,0,2135685640.000,0,-,-,-,-,5354.2000,5353.4000,5353.2000,5352.6000,5352.4000,5354.8000,5355.0000,5355.2000,5355.8000,5356.6000,1,2,1,6,4,1,1,5,2,2
SF,IC2003,2020-01-03 09:54:33.400,5354.2000,54374,0,2136756480.000,1,0,1,多换,S,5353.4000,5353.2000,5352.6000,5352.4000,5352.2000,5354.8000,5355.2000,5355.8000,5356.6000,5356.8000,2,1,6,4,1,1,5,1,2,2
SF,IC2003,2020-01-03 09:54:33.900,5354.2000,54374,0,2136756480.000,0,-,-,-,-,5353.4000,5353.2000,5352.6000,5352.4000,5352.2000,5354.8000,5355.2000,5355.8000,5356.6000,5356.8000,2,1,6,4,1,2,5,1,2,2
SF,IC2003,2020-01-03 09:54:34.400,5354.2000,54374,0,2136756480.000,0,-,-,-,-,5353.4000,5353.2000,5352.6000,5352.4000,5352.2000,5354.6000,5354.8000,5355.2000,5355.8000,5356.8000,2,1,6,4,1,2,2,5,1,2
SF,IC2003,2020-01-03 09:54:34.900,5353.4000,54372,-2,2138897840.000,2,0,2,双平,S,5353.2000,5352.6000,5352.4000,5352.2000,5352.0000,5354.2000,5354.4000,5354.6000,5354.8000,5355.2000,1,4,4,1,1,1,3,2,1,5
SF,IC2003,2020-01-03 09:54:35.400,5353.2000,54371,-1,2139968480.000,1,0,1,双平,S,5352.6000,5352.4000,5352.2000,5352.0000,5351.6000,5354.2000,5354.4000,5354.6000,5354.8000,5355.2000,4,4,1,1,2,1,3,2,1,5
SF,IC2003,2020-01-03 09:54:35.900,5353.2000,54371,0,2139968480.000,0,-,-,-,-,5352.8000,5352.6000,5352.4000,5352.2000,5352.0000,5354.2000,5354.4000,5354.6000,5354.8000,5355.2000,1,4,4,1,1,1,3,2,1,5
SF,IC2003,2020-01-03 09:54:36.400,5353.2000,54371,0,2139968480.000,0,-,-,-,-,5352.8000,5352.6000,5352.4000,5352.2000,5352.0000,5354.2000,5354.4000,5354.6000,5354.8000,5355.2000,1,4,4,1,1,1,2,2,1,5
SF,IC2003,2020-01-03 09:54:36.900,5353.2000,54371,0,2139968480.000,0,-,-,-,-,5352.8000,5352.6000,5352.4000,5352.2000,5352.0000,5354.2000,5354.4000,5354.6000,5354.8000,5355.2000,1,4,4,1,1,2,1,2,1,5
SF,IC2003,2020-01-03 09:54:37.400,5353.2000,54371,0,2139968480.000,0,-,-,-,-,5352.8000,5352.6000,5352.4000,5352.2000,5352.0000,5353.8000,5354.0000,5354.2000,5356.8000,5357.0000,1,6,4,1,1,1,2,2,2,1
SF,IC2003,2020-01-03 09:54:37.900,5353.2000,54371,0,2139968480.000,0,-,-,-,-,5352.6000,5352.4000,5352.2000,5352.0000,5351.6000,5353.8000,5354.0000,5354.2000,5356.8000,5357.0000,6,4,1,1,2,1,2,1,2,1
SF,IC2003,2020-01-03 09:54:38.400,5353.2000,54371,0,2139968480.000,0,-,-,-,-,5352.6000,5352.4000,5352.2000,5352.0000,5351.6000,5354.0000,5354.2000,5356.8000,5357.0000,5358.2000,6,5,1,1,2,1,1,2,1,2
SF,IC2003,2020-01-03 09:54:38.900,5353.2000,54371,0,2139968480.000,0,-,-,-,-,5352.6000,5352.4000,5352.2000,5352.0000,5351.6000,5354.0000,5356.8000,5357.0000,5358.2000,5358.4000,6,5,1,1,2,2,2,1,2,1
SF,IC2003,2020-01-03 09:54:39.400,5353.2000,54371,0,2139968480.000,0,-,-,-,-,5352.8000,5352.6000,5352.4000,5352.2000,5352.0000,5354.0000,5356.8000,5357.0000,5358.2000,5358.4000,1,6,5,1,1,3,2,1,2,1
SF,IC2003,2020-01-03 09:54:39.900,5353.2000,54371,0,2139968480.000,0,-,-,-,-,5352.6000,5352.4000,5352.2000,5352.0000,5351.6000,5353.8000,5354.0000,5356.8000,5357.0000,5358.2000,6,3,1,1,2,1,2,2,1,2
SF,IC2003,2020-01-03 09:54:40.400,5353.8000,54371,0,2141039240.000,1,0,1,多换,S,5352.6000,5352.4000,5352.2000,5352.0000,5351.6000,5354.0000,5356.8000,5357.0000,5358.2000,5358.4000,6,3,1,1,2,2,2,1,2,1
SF,IC2003,2020-01-03 09:54:40.900,5353.8000,54371,0,2141039240.000,0,-,-,-,-,5352.8000,5352.6000,5352.4000,5352.2000,5352.0000,5354.0000,5356.8000,5357.0000,5358.2000,5358.4000,1,6,3,2,1,1,2,1,2,1
SF,IC2003,2020-01-03 09:54:41.400,5353.8000,54371,0,2141039240.000,0,-,-,-,-,5352.8000,5352.6000,5352.4000,5352.2000,5352.0000,5354.0000,5356.8000,5357.0000,5358.2000,5358.4000,1,6,3,2,1,1,2,1,2,1
SF,IC2003,2020-01-03 09:54:41.900,5353.8000,54371,0,2141039240.000,0,-,-,-,-,5352.8000,5352.6000,5352.4000,5352.2000,5352.0000,5354.0000,5356.8000,5357.0000,5358.2000,5358.4000,1,6,4,2,1,1,2,1,2,1
SF,IC2003,2020-01-03 09:54:42.400,5352.8000,54370,-1,2144251000.000,3,1,2,多平,S,5352.6000,5352.4000,5352.2000,5352.0000,5351.6000,5354.0000,5356.8000,5357.0000,5358.2000,5358.4000,6,4,2,1,2,1,2,1,2,1
SF,IC2003,2020-01-03 09:54:42.900,5352.8000,54370,0,2144251000.000,0,-,-,-,-,5352.8000,5352.6000,5352.4000,5352.2000,5352.0000,5353.8000,5354.0000,5356.8000,5357.0000,5358.2000,1,6,4,2,1,1,2,2,1,2
SF,IC2003,2020-01-03 09:54:43.400,5352.6000,54369,-1,2146392080.000,2,0,2,多平,S,5352.6000,5352.4000,5352.2000,5352.0000,5351.6000,5352.8000,5353.2000,5353.4000,5353.6000,5354.0000,5,4,2,1,2,1,1,1,1,2
SF,IC2003,2020-01-03 09:54:43.900,5352.6000,54367,-2,2152815200.000,6,2,4,多平,S,5352.4000,5352.2000,5352.0000,5351.6000,5351.4000,5352.6000,5352.8000,5353.4000,5354.0000,5356.8000,4,2,1,2,1,5,1,1,2,2
SF,IC2003,2020-01-03 09:54:44.400,5352.2000,54364,-3,2159238000.000,6,1,5,多平,S,5352.0000,5351.6000,5351.4000,5351.0000,5350.4000,5352.4000,5352.6000,5354.0000,5356.8000,5357.0000,1,2,1,1,1,1,5,2,2,1
SF,IC2003,2020-01-03 09:54:44.900,5352.0000,54363,-1,2160308400.000,1,0,1,双平,S,5351.6000,5351.4000,5351.0000,5350.4000,5350.2000,5352.4000,5352.6000,5354.0000,5356.8000,5357.0000,2,1,1,1,1,1,5,2,2,1
SF,IC2003,2020-01-03 09:54:45.400,5351.6000,54364,1,2161378720.000,1,1,0,双开,S,5351.6000,5351.4000,5351.0000,5350.4000,5350.2000,5352.4000,5352.6000,5354.0000,5356.8000,5357.0000,1,1,1,1,1,1,5,1,2,1
SF,IC2003,2020-01-03 09:54:45.900,5352.4000,54364,0,2162449200.000,1,0,1,多换,S,5351.6000,5351.4000,5351.0000,5350.4000,5350.2000,5352.6000,5354.0000,5356.8000,5357.0000,5358.2000,1,1,1,1,1,5,1,2,1,2
SF,IC2003,2020-01-03 09:54:46.400,5352.4000,54364,0,2162449200.000,0,-,-,-,-,5351.6000,5351.4000,5351.0000,5350.4000,5350.2000,5352.6000,5354.0000,5356.8000,5357.0000,5358.2000,1,1,1,1,1,4,1,2,1,2
SF,IC2003,2020-01-03 09:54:46.900,5351.6000,54364,0,2163519520.000,1,0,1,多换,S,5351.4000,5351.0000,5350.4000,5350.2000,5350.0000,5352.6000,5354.0000,5356.8000,5357.0000,5358.2000,1,1,1,1,16,4,1,2,1,2
SF,IC2003,2020-01-03 09:54:47.400,5351.6000,54363,-1,2164589840.000,1,0,1,双平,S,5351.4000,5351.0000,5350.4000,5350.2000,5350.0000,5352.6000,5356.8000,5357.0000,5358.2000,5358.4000,1,1,1,1,16,4,2,1,2,1
SF,IC2003,2020-01-03 09:54:47.900,5351.6000,54363,0,2164589840.000,0,-,-,-,-,5351.8000,5351.4000,5351.0000,5350.4000,5350.2000,5352.6000,5356.8000,5357.0000,5358.2000,5358.4000,2,1,1,1,1,4,2,1,2,1
SF,IC2003,2020-01-03 09:54:48.400,5352.6000,54363,0,2165660360.000,1,0,1,多换,S,5351.4000,5351.0000,5350.4000,5350.2000,5350.0000,5352.6000,5356.8000,5357.0000,5358.2000,5358.4000,1,1,1,1,16,3,2,1,2,1
SF,IC2003,2020-01-03 09:54:48.900,5352.6000,54363,0,2165660360.000,0,-,-,-,-,5351.4000,5351.0000,5350.4000,5350.2000,5350.0000,5352.4000,5352.6000,5356.8000,5357.0000,5358.2000,1,1,1,1,16,1,3,2,1,2
SF,IC2003,2020-01-03 09:54:49.400,5352.6000,54363,0,2165660360.000,0,-,-,-,-,5351.6000,5351.4000,5351.0000,5350.4000,5350.2000,5352.4000,5352.6000,5356.8000,5357.0000,5358.2000,1,1,1,1,1,1,3,2,1,2
SF,IC2003,2020-01-03 09:54:49.900,5352.6000,54363,0,2165660360.000,0,-,-,-,-,5351.6000,5351.4000,5351.0000,5350.4000,5350.2000,5352.4000,5352.6000,5356.8000,5357.0000,5358.2000,1,1,1,1,1,2,3,2,1,2
SF,IC2003,2020-01-03 09:54:51.400,5352.4000,54361,-2,2167801320.000,2,0,2,双平,S,5352.4000,5351.6000,5351.4000,5351.0000,5350.8000,5352.6000,5356.8000,5357.0000,5358.2000,5358.4000,2,1,1,1,1,3,2,1,2,1
SF,IC2003,2020-01-03 09:54:51.900,5352.4000,54356,-5,2173153840.000,5,0,5,双平,S,5352.6000,5351.6000,5351.4000,5351.0000,5350.8000,5356.8000,5357.0000,5358.2000,5358.4000,5359.2000,1,1,1,1,1,2,1,2,1,2
SF,IC2003,2020-01-03 09:54:52.400,5355.0000,54355,-1,2176366600.000,3,1,2,多平,S,5352.8000,5351.6000,5351.4000,5351.0000,5350.8000,5354.6000,5355.2000,5355.4000,5356.0000,5356.2000,4,1,1,1,1,1,5,1,6,1
SF,IC2003,2020-01-03 09:54:52.900,5355.0000,54355,0,2176366600.000,0,-,-,-,-,5352.8000,5351.6000,5351.4000,5351.0000,5350.8000,5354.2000,5354.4000,5354.8000,5355.4000,5356.0000,1,1,1,1,1,2,1,1,1,3
SF,IC2003,2020-01-03 09:54:53.400,5355.0000,54355,0,2176366600.000,0,-,-,-,-,5352.8000,5351.6000,5351.4000,5351.0000,5350.8000,5353.0000,5354.0000,5354.2000,5354.8000,5355.4000,1,1,1,1,1,1,1,2,1,1
SF,IC2003,2020-01-03 09:54:53.900,5353.0000,54354,-1,2178507800.000,2,0,2,多平,S,5353.0000,5351.6000,5351.4000,5351.0000,5350.8000,5354.0000,5354.2000,5354.8000,5355.4000,5356.0000,3,1,1,1,1,1,1,1,1,3
SF,IC2003,2020-01-03 09:54:54.400,5353.0000,54354,0,2178507800.000,0,-,-,-,-,5353.0000,5351.6000,5351.4000,5351.0000,5350.4000,5354.0000,5354.2000,5354.8000,5355.4000,5356.0000,1,1,1,1,1,1,1,1,1,3
SF,IC2003,2020-01-03 09:54:54.900,5353.0000,54354,0,2178507800.000,0,-,-,-,-,5353.0000,5351.6000,5351.4000,5351.0000,5350.4000,5354.0000,5354.2000,5354.8000,5355.4000,5356.0000,1,1,1,1,1,2,1,1,1,3
SF,IC2003,2020-01-03 09:54:55.400,5353.0000,54353,-1,2179578400.000,1,0,1,双平,S,5353.2000,5351.6000,5351.4000,5351.0000,5350.4000,5354.0000,5354.2000,5354.8000,5355.4000,5356.0000,1,1,1,1,1,2,1,1,1,3
SF,IC2003,2020-01-03 09:54:55.900,5353.2000,54352,-1,2180649040.000,1,0,1,双平,S,5351.6000,5351.4000,5351.0000,5350.4000,5350.2000,5354.0000,5354.2000,5354.8000,5355.4000,5356.0000,1,1,1,1,1,2,1,1,1,3
SF,IC2003,2020-01-03 09:54:56.400,5353.2000,54352,0,2180649040.000,0,-,-,-,-,5352.0000,5351.8000,5351.6000,5351.4000,5351.0000,5353.6000,5354.0000,5354.2000,5354.8000,5355.4000,1,4,1,1,1,1,2,1,1,1
SF,IC2003,2020-01-03 09:54:56.900,5353.4000,54351,-1,2181719720.000,1,0,1,双平,S,5352.0000,5351.8000,5351.4000,5351.0000,5350.4000,5354.0000,5354.2000,5354.8000,5355.4000,5356.0000,1,4,1,1,1,1,1,1,2,3
SF,IC2003,2020-01-03 09:54:57.400,5353.4000,54351,0,2181719720.000,0,-,-,-,-,5352.2000,5352.0000,5351.8000,5351.4000,5351.0000,5353.8000,5354.0000,5354.2000,5354.8000,5355.4000,1,1,3,1,1,2,1,1,1,2
SF,IC2003,2020-01-03 09:54:57.900,5353.4000,54351,0,2181719720.000,0,-,-,-,-,5352.2000,5352.0000,5351.8000,5351.4000,5351.0000,5353.8000,5354.2000,5354.8000,5355.4000,5356.0000,1,1,3,1,1,1,1,1,2,3
SF,IC2003,2020-01-03 09:54:58.400,5353.4000,54351,0,2181719720.000,0,-,-,-,-,5352.2000,5352.0000,5351.8000,5351.4000,5351.0000,5353.6000,5353.8000,5354.2000,5354.8000,5355.4000,1,1,3,1,1,1,1,1,1,2
SF,IC2003,2020-01-03 09:54:58.900,5353.0000,54351,0,2182790320.000,1,0,1,多换,S,5352.2000,5352.0000,5351.8000,5351.4000,5351.0000,5353.6000,5353.8000,5354.2000,5354.8000,5355.4000,1,1,3,1,1,1,1,1,1,2
SF,IC2003,2020-01-03 09:54:59.400,5353.0000,54351,0,2182790320.000,0,-,-,-,-,5352.2000,5352.0000,5351.8000,5351.4000,5351.0000,5353.8000,5354.2000,5354.8000,5355.4000,5356.0000,1,1,2,1,1,1,1,1,2,3
SF,IC2003,2020-01-03 09:54:59.900,5352.2000,54351,0,2183860760.000,1,0,1,多换,S,5352.0000,5351.8000,5351.6000,5351.4000,5351.0000,5354.2000,5354.8000,5355.4000,5356.0000,5356.2000,1,2,1,1,1,1,1,2,3,1
SF,IC2003,2020-01-03 09:55:00.400,5352.2000,54351,0,2183860760.000,0,-,-,-,-,5352.2000,5352.0000,5351.8000,5351.6000,5351.4000,5353.8000,5354.0000,5354.2000,5354.8000,5355.4000,2,1,2,1,1,1,1,2,1,2
SF,IC2003,2020-01-03 09:55:00.900,5352.2000,54351,0,2183860760.000,0,-,-,-,-,5352.2000,5352.0000,5351.8000,5351.6000,5351.4000,5353.6000,5354.2000,5354.8000,5355.4000,5356.0000,1,1,2,1,1,1,2,1,2,3
SF,IC2003,2020-01-03 09:55:01.400,5352.2000,54351,0,2183860760.000,0,-,-,-,-,5352.8000,5352.2000,5352.0000,5351.8000,5351.6000,5353.6000,5354.2000,5354.8000,5355.4000,5356.0000,1,1,1,2,1,1,2,1,2,3
SF,IC2003,2020-01-03 09:55:01.900,5352.6000,54350,-1,2184931280.000,1,0,1,双平,S,5352.0000,5351.8000,5351.6000,5351.4000,5351.0000,5353.6000,5354.2000,5354.8000,5355.4000,5356.0000,1,2,1,1,1,1,2,1,2,3
SF,IC2003,2020-01-03 09:55:02.400,5352.6000,54350,0,2184931280.000,0,-,-,-,-,5352.4000,5352.2000,5352.0000,5351.8000,5351.6000,5354.2000,5354.8000,5355.4000,5356.0000,5356.2000,2,1,2,2,1,2,1,2,3,1
SF,IC2003,2020-01-03 09:55:02.900,5352.6000,54350,0,2184931280.000,0,-,-,-,-,5352.6000,5352.4000,5352.0000,5351.8000,5351.6000,5353.8000,5354.0000,5354.2000,5354.8000,5355.4000,3,2,2,1,1,1,1,2,1,2
SF,IC2003,2020-01-03 09:55:03.400,5352.6000,54350,0,2184931280.000,0,-,-,-,-,5352.6000,5352.4000,5352.0000,5351.6000,5351.4000,5353.8000,5354.8000,5355.4000,5356.0000,5356.2000,3,2,1,1,1,1,1,1,3,1
SF,IC2003,2020-01-03 09:55:03.900,5353.8000,54349,-1,2186002040.000,1,0,1,双平,S,5353.8000,5352.8000,5352.6000,5352.4000,5352.0000,5354.8000,5355.4000,5356.0000,5356.2000,5356.4000,2,3,3,2,1,1,1,3,1,1
SF,IC2003,2020-01-03 09:55:04.400,5353.8000,54349,0,2186002040.000,0,-,-,-,-,5354.8000,5353.8000,5352.6000,5352.4000,5352.0000,5356.0000,5356.2000,5356.6000,5356.8000,5357.0000,1,2,3,2,1,2,1,1,2,1
SF,IC2003,2020-01-03 09:55:04.900,5354.6000,54349,0,2187072960.000,1,0,1,多换,S,5353.8000,5352.6000,5352.4000,5352.0000,5351.6000,5355.8000,5356.6000,5356.8000,5357.0000,5358.2000,2,1,2,1,1,1,1,2,1,2
SF,IC2003,2020-01-03 09:55:05.400,5354.6000,54349,0,2187072960.000,0,-,-,-,-,5354.2000,5354.0000,5353.8000,5352.6000,5352.4000,5355.4000,5355.6000,5355.8000,5356.0000,5356.8000,1,4,2,1,2,1,1,2,1,2
SF,IC2003,2020-01-03 09:55:05.900,5355.4000,54348,-1,2189215120.000,2,0,2,多平,S,5354.6000,5354.4000,5354.2000,5354.0000,5352.6000,5355.8000,5356.8000,5357.0000,5358.2000,5358.4000,1,1,2,1,1,2,2,1,2,1
SF,IC2003,2020-01-03 09:55:06.400,5355.4000,54348,0,2189215120.000,0,-,-,-,-,5355.0000,5354.8000,5354.6000,5354.4000,5354.0000,5355.8000,5356.8000,5357.0000,5358.2000,5358.4000,1,2,1,1,1,1,1,1,2,1
SF,IC2003,2020-01-03 09:55:06.900,5355.6000,54346,-2,2192428280.000,3,0,3,多平,S,5352.4000,5351.6000,5351.4000,5351.0000,5350.4000,5355.8000,5356.8000,5357.0000,5358.2000,5358.4000,2,1,1,1,1,1,1,1,2,1
SF,IC2003,2020-01-03 09:55:07.400,5355.6000,54346,0,2192428280.000,0,-,-,-,-,5353.4000,5353.0000,5352.8000,5352.6000,5352.4000,5355.2000,5355.4000,5355.6000,5355.8000,5356.0000,1,2,3,6,2,1,1,3,2,1
SF,IC2003,2020-01-03 09:55:07.900,5355.6000,54346,0,2192428280.000,0,-,-,-,-,5352.8000,5352.6000,5352.4000,5351.6000,5351.4000,5354.8000,5355.0000,5355.2000,5355.6000,5355.8000,1,5,2,1,1,2,1,2,1,1
SF,IC2003,2020-01-03 09:55:08.400,5355.6000,54346,0,2192428280.000,0,-,-,-,-,5353.0000,5352.6000,5352.4000,5351.6000,5351.4000,5354.6000,5354.8000,5355.2000,5355.6000,5355.8000,2,4,2,1,1,2,2,1,1,1
SF,IC2003,2020-01-03 09:55:08.900,5355.6000,54346,0,2192428280.000,0,-,-,-,-,5353.0000,5352.6000,5352.4000,5351.6000,5351.4000,5354.2000,5354.6000,5354.8000,5355.2000,5355.6000,2,2,2,1,1,1,1,1,1,1
SF,IC2003,2020-01-03 09:55:09.400,5355.6000,54346,0,2192428280.000,0,-,-,-,-,5353.0000,5352.6000,5352.4000,5351.6000,5351.4000,5354.2000,5354.6000,5354.8000,5355.2000,5355.6000,1,2,2,1,1,1,1,1,1,1
SF,IC2003,2020-01-03 09:55:09.900,5355.6000,54346,0,2192428280.000,0,-,-,-,-,5352.6000,5352.4000,5351.6000,5351.4000,5351.0000,5354.0000,5354.2000,5354.8000,5355.2000,5355.6000,1,2,1,1,1,1,1,1,1,1
SF,IC2003,2020-01-03 09:55:10.400,5355.6000,54346,0,2192428280.000,0,-,-,-,-,5352.8000,5352.6000,5352.4000,5351.6000,5351.4000,5353.4000,5354.0000,5354.2000,5355.6000,5356.0000,2,1,2,1,1,1,1,1,1,1
SF,IC2003,2020-01-03 09:55:10.900,5355.6000,54346,0,2192428280.000,0,-,-,-,-,5352.8000,5352.6000,5351.6000,5351.4000,5351.0000,5353.2000,5353.4000,5354.0000,5354.2000,5355.6000,1,1,1,1,1,1,2,1,1,1
SF,IC2003,2020-01-03 09:55:11.900,5355.6000,54346,0,2192428280.000,0,-,-,-,-,5352.8000,5352.6000,5351.6000,5351.4000,5351.0000,5353.2000,5353.4000,5354.0000,5354.2000,5355.6000,1,1,1,1,1,1,2,1,1,1
SF,IC2003,2020-01-03 09:55:12.400,5353.4000,54343,-3,2195640280.000,3,0,3,双平,S,5353.2000,5352.8000,5352.6000,5351.6000,5351.4000,5354.2000,5355.6000,5356.0000,5356.8000,5357.0000,1,1,1,1,1,1,1,1,1,1
SF,IC2003,2020-01-03 09:55:12.900,5353.4000,54343,0,2195640280.000,0,-,-,-,-,5353.2000,5352.6000,5351.6000,5351.4000,5351.0000,5355.6000,5356.0000,5356.8000,5357.0000,5357.2000,1,1,1,1,1,1,1,1,1,1
SF,IC2003,2020-01-03 09:55:13.400,5353.4000,54343,0,2195640280.000,0,-,-,-,-,5353.6000,5353.4000,5353.2000,5351.6000,5351.4000,5355.2000,5355.4000,5355.6000,5356.0000,5356.8000,1,3,2,1,1,1,2,1,1,1
SF,IC2003,2020-01-03 09:55:13.900,5353.4000,54343,0,2195640280.000,0,-,-,-,-,5353.6000,5353.4000,5353.2000,5351.6000,5351.4000,5355.0000,5355.4000,5356.0000,5356.8000,5357.0000,1,3,1,1,1,1,1,1,1,1
SF,IC2003,2020-01-03 09:55:14.400,5353.4000,54343,0,2195640280.000,0,-,-,-,-,5353.6000,5353.4000,5353.2000,5351.6000,5351.4000,5355.0000,5356.0000,5356.8000,5357.0000,5357.2000,1,3,1,1,1,1,1,1,1,1
SF,IC2003,2020-01-03 09:55:14.900,5353.4000,54343,0,2195640280.000,0,-,-,-,-,5353.8000,5353.6000,5353.4000,5353.2000,5351.6000,5355.0000,5356.0000,5356.8000,5357.0000,5357.2000,1,2,2,1,1,1,1,1,1,1
SF,IC2003,2020-01-03 09:55:15.400,5353.4000,54343,0,2195640280.000,0,-,-,-,-,5353.8000,5353.6000,5353.4000,5353.2000,5351.6000,5355.0000,5356.0000,5356.8000,5357.0000,5357.2000,1,2,2,1,1,1,1,1,1,1
SF,IC2003,2020-01-03 09:55:15.900,5353.4000,54343,0,2195640280.000,0,-,-,-,-,5353.8000,5353.6000,5353.4000,5353.2000,5351.6000,5355.0000,5356.8000,5357.0000,5357.2000,5358.2000,2,2,1,1,1,2,1,1,1,2
SF,IC2003,2020-01-03 09:55:16.400,5353.4000,54343,0,2195640280.000,0,-,-,-,-,5354.0000,5353.8000,5353.6000,5353.4000,5353.2000,5355.0000,5356.8000,5357.0000,5357.2000,5358.2000,1,2,1,1,1,2,1,1,1,2
SF,IC2003,2020-01-03 09:55:16.900,5353.6000,54343,0,2196711000.000,1,0,1,多换,S,5353.8000,5353.6000,5353.4000,5353.2000,5351.6000,5354.8000,5355.0000,5356.4000,5356.8000,5357.0000,1,1,1,1,1,1,2,1,1,1
SF,IC2003,2020-01-03 09:55:17.400,5353.8000,54342,-1,2197781760.000,1,0,1,双平,S,5353.6000,5353.4000,5351.6000,5351.4000,5351.0000,5354.8000,5355.0000,5356.4000,5356.8000,5357.0000,1,1,1,1,1,1,2,1,1,1
SF,IC2003,2020-01-03 09:55:17.900,5353.6000,54341,-1,2198852480.000,1,0,1,双平,S,5351.6000,5351.4000,5351.0000,5350.4000,5350.2000,5353.4000,5354.6000,5354.8000,5355.0000,5356.4000,1,1,1,1,2,2,1,3,2,1
SF,IC2003,2020-01-03 09:55:18.400,5353.6000,54341,0,2198852480.000,0,-,-,-,-,5352.6000,5352.2000,5352.0000,5351.8000,5351.6000,5354.6000,5354.8000,5355.0000,5356.4000,5356.8000,1,3,3,1,1,1,2,2,1,1
SF,IC2003,2020-01-03 09:55:18.900,5353.6000,54341,0,2198852480.000,0,-,-,-,-,5352.2000,5352.0000,5351.8000,5351.6000,5351.4000,5354.2000,5354.4000,5354.6000,5354.8000,5355.0000,2,1,1,1,1,3,4,1,1,2
SF,IC2003,2020-01-03 09:55:19.400,5353.6000,54341,0,2198852480.000,0,-,-,-,-,5352.2000,5351.6000,5351.4000,5351.0000,5350.4000,5353.8000,5354.0000,5354.2000,5354.4000,5354.6000,2,1,1,1,1,1,2,2,1,1
SF,IC2003,2020-01-03 09:55:19.900,5353.6000,54341,0,2198852480.000,0,-,-,-,-,5352.2000,5351.6000,5351.4000,5351.0000,5350.4000,5353.6000,5353.8000,5354.2000,5354.4000,5354.6000,2,1,1,1,1,1,1,2,1,1
SF,IC2003,2020-01-03 09:55:20.400,5353.6000,54341,0,2198852480.000,0,-,-,-,-,5352.2000,5351.6000,5351.4000,5351.0000,5350.4000,5353.6000,5354.2000,5354.4000,5354.8000,5355.0000,2,1,1,1,1,1,2,1,1,1
SF,IC2003,2020-01-03 09:55:20.900,5353.6000,54341,0,2198852480.000,0,-,-,-,-,5352.2000,5351.6000,5351.4000,5351.0000,5350.4000,5353.6000,5354.2000,5354.4000,5355.0000,5356.4000,2,1,1,1,1,1,2,1,1,1
SF,IC2003,2020-01-03 09:55:21.400,5353.6000,54341,0,2198852480.000,0,-,-,-,-,5352.4000,5352.2000,5351.6000,5351.4000,5351.0000,5353.6000,5354.2000,5355.0000,5356.4000,5356.8000,2,2,1,1,1,1,2,1,1,1
SF,IC2003,2020-01-03 09:55:21.900,5353.6000,54341,0,2198852480.000,0,-,-,-,-,5352.2000,5351.6000,5351.4000,5351.0000,5350.4000,5353.6000,5354.2000,5355.0000,5356.4000,5356.8000,3,1,1,1,1,1,2,1,1,1
SF,IC2003,2020-01-03 09:55:22.400,5353.6000,54341,0,2198852480.000,0,-,-,-,-,5352.2000,5351.6000,5351.4000,5351.0000,5350.4000,5353.4000,5353.6000,5354.2000,5355.0000,5356.4000,3,1,1,1,1,1,1,2,1,1
SF,IC2003,2020-01-03 09:55:23.400,5353.6000,54341,0,2198852480.000,0,-,-,-,-,5352.4000,5352.2000,5351.6000,5351.4000,5351.0000,5353.4000,5353.6000,5354.2000,5355.0000,5356.4000,1,3,1,1,1,1,1,2,1,1
SF,IC2003,2020-01-03 09:55:23.900,5353.6000,54341,0,2198852480.000,0,-,-,-,-,5352.6000,5352.4000,5352.2000,5351.6000,5351.4000,5353.6000,5354.2000,5355.0000,5356.4000,5356.8000,1,1,3,1,1,1,2,1,1,1
SF,IC2003,2020-01-03 09:55:24.400,5353.6000,54341,0,2198852480.000,0,-,-,-,-,5352.8000,5352.6000,5352.4000,5352.2000,5351.6000,5353.6000,5354.2000,5355.0000,5356.4000,5356.8000,1,1,1,2,1,1,2,1,1,1
SF,IC2003,2020-01-03 09:55:24.900,5353.6000,54340,-1,2199923200.000,1,0,1,双平,S,5353.0000,5352.8000,5352.4000,5352.2000,5351.6000,5354.2000,5355.0000,5356.4000,5356.8000,5357.0000,2,1,1,1,1,1,1,1,1,1
SF,IC2003,2020-01-03 09:55:25.400,5353.6000,54340,0,2199923200.000,0,-,-,-,-,5353.0000,5352.8000,5352.2000,5351.6000,5351.4000,5355.0000,5356.4000,5356.8000,5357.0000,5357.2000,2,1,1,1,1,1,1,1,1,1
SF,IC2003,2020-01-03 09:55:25.900,5353.6000,54340,0,2199923200.000,0,-,-,-,-,5353.6000,5353.2000,5353.0000,5352.8000,5352.2000,5354.8000,5355.0000,5356.4000,5356.8000,5357.0000,1,1,2,1,1,3,1,1,1,1
SF,IC2003,2020-01-03 09:55:26.400,5353.6000,54340,0,2199923200.000,0,-,-,-,-,5353.6000,5353.2000,5353.0000,5352.2000,5351.6000,5354.8000,5355.0000,5356.4000,5356.8000,5357.0000,2,1,2,1,1,2,1,1,1,1
SF,IC2003,2020-01-03 09:55:26.900,5353.6000,54340,0,2199923200.000,0,-,-,-,-,5353.6000,5353.0000,5352.2000,5351.6000,5351.4000,5354.8000,5355.0000,5356.4000,5356.8000,5357.0000,1,2,1,1,1,2,1,1,1,1
SF,IC2003,2020-01-03 09:55:27.400,5353.6000,54340,0,2199923200.000,0,-,-,-,-,5353.6000,5353.0000,5352.2000,5351.6000,5351.4000,5354.6000,5354.8000,5355.0000,5356.4000,5356.8000,1,2,1,1,1,1,2,1,1,1
SF,IC2003,2020-01-03 09:55:27.900,5353.6000,54339,-1,2200993920.000,1,0,1,双平,S,5352.2000,5351.6000,5351.4000,5351.0000,5350.4000,5353.6000,5354.4000,5354.6000,5354.8000,5355.0000,1,1,1,1,1,2,1,1,1,1
SF,IC2003,2020-01-03 09:55:28.400,5353.6000,54339,0,2200993920.000,0,-,-,-,-,5352.6000,5352.2000,5351.6000,5351.4000,5351.0000,5353.4000,5354.4000,5354.6000,5354.8000,5355.0000,1,1,1,1,1,1,1,1,1,1
SF,IC2003,2020-01-03 09:55:28.900,5353.6000,54339,0,2200993920.000,0,-,-,-,-,5352.6000,5352.2000,5351.6000,5351.4000,5351.0000,5353.4000,5354.4000,5354.8000,5355.0000,5356.4000,1,1,1,1,1,2,1,1,1,1
SF,IC2003,2020-01-03 09:55:29.400,5353.6000,54339,0,2200993920.000,0,-,-,-,-,5352.6000,5352.2000,5351.6000,5351.4000,5351.0000,5353.4000,5354.4000,5355.0000,5356.4000,5356.8000,1,1,1,1,1,2,1,1,1,1
SF,IC2003,2020-01-03 09:55:29.900,5352.6000,54339,0,2202064440.000,1,0,1,多换,S,5352.2000,5351.6000,5351.4000,5351.0000,5350.4000,5353.4000,5354.4000,5355.0000,5356.4000,5356.8000,1,1,1,1,1,1,1,1,1,1
SF,IC2003,2020-01-03 09:55:30.900,5353.4000,54340,1,2203135120.000,1,1,0,双开,S,5352.2000,5351.6000,5351.4000,5351.0000,5350.4000,5354.4000,5355.0000,5356.4000,5356.8000,5357.0000,1,1,1,1,1,1,1,1,1,1
SF,IC2003,2020-01-03 09:55:31.400,5353.4000,54340,0,2203135120.000,0,-,-,-,-,5352.4000,5352.2000,5351.6000,5351.4000,5351.0000,5354.0000,5354.2000,5354.4000,5355.0000,5356.4000,1,1,1,1,1,1,1,1,1,1
SF,IC2003,2020-01-03 09:55:31.900,5353.4000,54340,0,2203135120.000,0,-,-,-,-,5352.4000,5352.2000,5351.6000,5351.4000,5351.0000,5354.2000,5354.4000,5355.0000,5356.4000,5356.8000,1,1,1,1,1,1,1,1,1,1
SF,IC2003,2020-01-03 09:55:32.400,5353.4000,54340,0,2203135120.000,0,-,-,-,-,5352.4000,5352.2000,5351.6000,5351.4000,5351.0000,5353.8000,5354.0000,5354.2000,5355.0000,5356.4000,1,1,1,1,1,1,1,1,1,1
SF,IC2003,2020-01-03 09:55:32.900,5353.4000,54340,0,2203135120.000,0,-,-,-,-,5352.4000,5352.2000,5351.6000,5351.4000,5351.0000,5355.0000,5356.4000,5356.8000,5357.0000,5357.2000,1,1,1,1,1,1,1,1,1,1
SF,IC2003,2020-01-03 09:55:33.400,5353.4000,54340,0,2203135120.000,0,-,-,-,-,5354.4000,5352.8000,5352.6000,5352.4000,5352.2000,5354.6000,5354.8000,5355.0000,5356.4000,5356.8000,1,3,1,2,1,1,2,1,1,1
SF,IC2003,2020-01-03 09:55:33.900,5354.4000,54340,0,2204206000.000,1,0,1,多换,S,5352.8000,5352.4000,5352.2000,5351.6000,5351.4000,5354.8000,5355.0000,5356.4000,5356.8000,5357.0000,2,2,1,1,1,1,1,1,1,1
SF,IC2003,2020-01-03 09:55:34.400,5354.4000,54340,0,2204206000.000,0,-,-,-,-,5353.4000,5353.0000,5352.8000,5352.4000,5352.2000,5355.0000,5356.4000,5356.8000,5357.0000,5357.2000,1,5,2,1,1,1,1,1,1,1
SF,IC2003,2020-01-03 09:55:34.900,5354.4000,54340,0,2204206000.000,0,-,-,-,-,5353.4000,5353.0000,5352.8000,5352.2000,5351.6000,5354.8000,5355.0000,5356.8000,5357.0000,5358.2000,1,4,1,1,1,1,1,1,1,2
SF,IC2003,2020-01-03 09:55:35.400,5354.4000,54340,0,2204206000.000,0,-,-,-,-,5353.4000,5353.0000,5352.8000,5352.2000,5351.6000,5354.0000,5354.4000,5354.8000,5355.0000,5356.8000,1,3,1,1,1,3,1,1,1,1
SF,IC2003,2020-01-03 09:55:36.400,5353.4000,54339,-1,2205276680.000,1,0,1,双平,S,5353.0000,5352.8000,5352.2000,5351.6000,5351.4000,5354.0000,5354.4000,5354.8000,5355.0000,5356.8000,3,1,1,1,1,3,1,1,1,1
SF,IC2003,2020-01-03 09:55:36.900,5354.0000,54336,-3,2208489080.000,3,0,3,双平,S,5353.0000,5352.8000,5352.2000,5351.6000,5351.4000,5354.4000,5354.8000,5355.0000,5356.8000,5357.0000,3,1,1,1,1,1,1,1,1,1
SF,IC2003,2020-01-03 09:55:37.400,5354.0000,54336,0,2208489080.000,0,-,-,-,-,5353.2000,5353.0000,5352.8000,5352.2000,5351.6000,5354.4000,5354.8000,5355.0000,5356.8000,5357.0000,1,2,1,1,1,1,1,2,1,1
SF,IC2003,2020-01-03 09:55:38.400,5354.0000,54336,0,2208489080.000,0,-,-,-,-,5353.2000,5353.0000,5352.8000,5352.2000,5351.6000,5354.4000,5354.8000,5355.0000,5356.8000,5357.0000,2,2,1,1,1,1,1,2,1,1
SF,IC2003,2020-01-03 09:55:38.900,5354.0000,54336,0,2208489080.000,0,-,-,-,-,5353.2000,5353.0000,5352.8000,5352.2000,5351.6000,5354.4000,5354.8000,5355.0000,5356.8000,5357.0000,2,2,1,1,1,1,1,2,1,1
SF,IC2003,2020-01-03 09:55:39.400,5354.0000,54336,0,2208489080.000,0,-,-,-,-,5353.2000,5353.0000,5352.8000,5352.2000,5351.6000,5354.4000,5354.8000,5355.0000,5356.8000,5357.0000,1,2,1,1,1,1,1,2,1,1
SF,IC2003,2020-01-03 09:55:39.900,5354.0000,54336,0,2208489080.000,0,-,-,-,-,5353.2000,5353.0000,5352.8000,5352.2000,5351.6000,5354.4000,5354.8000,5355.0000,5356.8000,5357.0000,1,1,1,1,1,1,1,2,1,1
SF,IC2003,2020-01-03 09:55:40.400,5354.0000,54336,0,2208489080.000,0,-,-,-,-,5353.4000,5353.2000,5352.8000,5352.2000,5351.6000,5354.2000,5354.4000,5355.0000,5356.8000,5357.0000,1,1,1,1,1,1,2,2,1,1
SF,IC2003,2020-01-03 09:55:40.900,5354.0000,54336,0,2208489080.000,0,-,-,-,-,5353.4000,5352.8000,5352.2000,5351.6000,5351.4000,5354.2000,5354.4000,5355.0000,5356.8000,5357.0000,1,1,1,1,1,1,1,3,1,1
SF,IC2003,2020-01-03 09:55:41.900,5354.0000,54336,0,2208489080.000,0,-,-,-,-,5354.0000,5353.4000,5352.8000,5351.6000,5351.4000,5354.2000,5354.4000,5355.0000,5356.8000,5357.0000,1,1,1,1,1,1,1,3,1,1
SF,IC2003,2020-01-03 09:55:42.400,5354.0000,54336,0,2209559880.000,1,0,1,多换,S,5353.4000,5351.6000,5351.4000,5351.0000,5350.4000,5353.8000,5354.0000,5354.2000,5354.4000,5355.0000,1,1,1,1,1,1,2,1,1,3
SF,IC2003,2020-01-03 09:55:42.900,5353.4000,54335,-1,2210630560.000,1,0,1,双平,S,5351.6000,5351.4000,5351.0000,5350.4000,5350.2000,5353.4000,5353.8000,5354.0000,5354.2000,5354.4000,1,1,1,1,2,2,1,1,1,1
SF,IC2003,2020-01-03 09:55:43.400,5352.2000,54333,-2,2212771480.000,2,0,2,双平,S,5352.2000,5352.0000,5351.8000,5351.6000,5351.4000,5353.4000,5354.0000,5354.2000,5354.4000,5355.0000,1,5,2,1,1,2,1,1,1,3
SF,IC2003,2020-01-03 09:55:43.900,5352.2000,54333,0,2212771480.000,0,-,-,-,-,5352.2000,5352.0000,5351.8000,5351.6000,5351.4000,5353.4000,5354.0000,5354.2000,5354.4000,5355.0000,1,4,2,1,1,2,1,1,1,3
SF,IC2003,2020-01-03 09:55:44.400,5352.2000,54333,0,2212771480.000,0,-,-,-,-,5352.2000,5352.0000,5351.8000,5351.6000,5351.4000,5353.4000,5354.0000,5354.2000,5354.4000,5355.0000,1,4,1,1,1,2,1,1,1,3
SF,IC2003,2020-01-03 09:55:44.900,5352.2000,54331,-2,2214912600.000,2,0,2,双平,S,5352.0000,5351.8000,5351.6000,5351.4000,5351.0000,5354.0000,5354.2000,5354.4000,5355.0000,5356.8000,4,1,1,1,1,1,1,1,3,1
SF,IC2003,2020-01-03 09:55:45.400,5352.2000,54330,-1,2217053480.000,2,0,2,多平,S,5352.0000,5351.6000,5351.4000,5351.0000,5350.4000,5353.8000,5354.0000,5354.4000,5355.0000,5356.8000,4,1,1,1,1,2,1,1,3,1
SF,IC2003,2020-01-03 09:55:45.900,5352.2000,54330,0,2217053480.000,0,-,-,-,-,5352.2000,5352.0000,5351.6000,5351.4000,5351.0000,5353.8000,5354.0000,5354.4000,5355.0000,5356.8000,1,4,1,1,1,2,1,1,3,1
SF,IC2003,2020-01-03 09:55:46.900,5352.2000,54330,0,2217053480.000,0,-,-,-,-,5352.8000,5352.4000,5352.2000,5352.0000,5351.6000,5353.8000,5354.0000,5354.4000,5355.0000,5356.8000,1,3,1,4,1,1,1,1,3,1
SF,IC2003,2020-01-03 09:55:47.400,5352.2000,54330,0,2217053480.000,0,-,-,-,-,5352.4000,5352.2000,5352.0000,5351.6000,5351.4000,5353.8000,5354.4000,5355.0000,5356.8000,5357.0000,3,1,4,1,1,1,1,3,1,1
SF,IC2003,2020-01-03 09:55:48.400,5352.2000,54330,0,2217053480.000,0,-,-,-,-,5353.0000,5352.2000,5352.0000,5351.6000,5351.4000,5353.8000,5354.4000,5355.0000,5356.8000,5357.0000,1,1,1,1,1,1,1,3,1,1
SF,IC2003,2020-01-03 09:55:48.900,5352.2000,54330,0,2217053480.000,0,-,-,-,-,5353.0000,5352.2000,5352.0000,5351.6000,5351.4000,5353.8000,5354.4000,5355.0000,5356.8000,5357.0000,1,1,1,1,1,1,1,3,1,1
SF,IC2003,2020-01-03 09:55:51.900,5352.2000,54329,-1,2218123920.000,1,0,1,双平,S,5352.2000,5352.0000,5351.6000,5351.4000,5351.0000,5353.8000,5354.4000,5355.0000,5357.0000,5358.2000,1,1,1,1,1,1,1,3,1,2
SF,IC2003,2020-01-03 09:55:52.400,5352.2000,54329,0,2218123920.000,0,-,-,-,-,5352.2000,5352.0000,5351.6000,5351.4000,5351.0000,5353.6000,5353.8000,5354.4000,5355.0000,5357.0000,1,1,1,1,1,1,1,1,3,1
SF,IC2003,2020-01-03 09:55:52.900,5352.2000,54329,0,2218123920.000,0,-,-,-,-,5352.2000,5352.0000,5351.6000,5351.4000,5351.0000,5353.6000,5353.8000,5354.4000,5355.0000,5357.0000,1,1,1,1,1,1,1,1,3,1
SF,IC2003,2020-01-03 09:55:53.400,5352.2000,54329,0,2218123920.000,0,-,-,-,-,5352.4000,5352.2000,5352.0000,5351.6000,5351.4000,5353.6000,5353.8000,5354.4000,5355.0000,5357.0000,1,1,1,1,1,1,1,1,3,1
SF,IC2003,2020-01-03 09:55:54.900,5352.2000,54329,0,2218123920.000,0,-,-,-,-,5352.2000,5352.0000,5351.6000,5351.4000,5351.0000,5353.6000,5353.8000,5354.4000,5355.0000,5357.0000,1,1,1,1,1,1,1,1,3,1
SF,IC2003,2020-01-03 09:55:55.400,5352.2000,54329,0,2218123920.000,0,-,-,-,-,5352.0000,5351.6000,5351.4000,5351.0000,5350.4000,5352.4000,5353.4000,5353.6000,5354.4000,5355.0000,1,1,1,1,1,1,1,1,1,3
SF,IC2003,2020-01-03 09:55:55.900,5352.4000,54328,-1,2219194400.000,1,0,1,双平,S,5352.0000,5351.6000,5351.4000,5351.0000,5350.4000,5353.4000,5354.4000,5355.0000,5357.0000,5358.2000,1,1,1,1,1,1,1,3,1,1
SF,IC2003,2020-01-03 09:55:56.900,5352.4000,54328,0,2219194400.000,0,-,-,-,-,5352.2000,5352.0000,5351.6000,5351.4000,5351.0000,5353.4000,5354.4000,5355.0000,5357.0000,5358.2000,2,1,1,1,1,1,1,3,1,1
SF,IC2003,2020-01-03 09:55:58.400,5352.2000,54328,0,2220264840.000,1,0,1,多换,S,5352.0000,5351.6000,5351.4000,5351.0000,5350.4000,5353.4000,5354.4000,5355.0000,5357.0000,5358.2000,1,1,1,1,1,2,1,3,1,1
SF,IC2003,2020-01-03 09:55:58.900,5352.0000,54327,-1,2222405640.000,2,0,2,多平,S,5351.6000,5351.4000,5351.0000,5350.4000,5350.2000,5353.0000,5353.2000,5353.4000,5354.4000,5355.0000,1,1,1,1,2,1,3,2,1,3
SF,IC2003,2020-01-03 09:55:59.400,5352.0000,54327,0,2222405640.000,0,-,-,-,-,5351.6000,5351.4000,5351.0000,5350.4000,5350.2000,5352.4000,5352.6000,5352.8000,5353.0000,5353.2000,1,1,1,1,2,1,2,1,1,1
SF,IC2003,2020-01-03 09:55:59.900,5351.6000,54326,-1,2223475960.000,1,0,1,双平,S,5351.4000,5351.0000,5350.4000,5350.2000,5350.0000,5351.6000,5352.4000,5352.6000,5352.8000,5353.0000,1,1,1,2,16,2,1,2,1,1
SF,IC2003,2020-01-03 09:56:00.400,5351.4000,54326,0,2224546240.000,1,0,1,多换,S,5351.0000,5350.4000,5350.2000,5350.0000,5349.4000,5351.6000,5352.4000,5352.6000,5352.8000,5353.0000,1,1,2,16,1,1,1,2,1,1
SF,IC2003,2020-01-03 09:56:00.900,5351.0000,54326,0,2226686760.000,2,1,1,多换,S,5350.4000,5350.2000,5350.0000,5349.4000,5349.2000,5352.4000,5352.6000,5352.8000,5353.0000,5354.4000,1,2,16,1,1,1,2,1,1,1
SF,IC2003,2020-01-03 09:56:01.400,5351.0000,54326,0,2226686760.000,0,-,-,-,-,5350.4000,5350.2000,5350.0000,5349.4000,5349.2000,5352.2000,5352.4000,5352.6000,5353.0000,5354.4000,1,2,16,1,1,4,1,1,1,1
SF,IC2003,2020-01-03 09:56:01.900,5351.8000,54326,0,2227757120.000,1,0,1,多换,S,5350.4000,5350.2000,5350.0000,5349.4000,5349.2000,5351.8000,5352.2000,5352.4000,5352.6000,5353.0000,1,2,16,1,1,1,2,1,1,1
SF,IC2003,2020-01-03 09:56:02.400,5351.8000,54326,0,2227757120.000,0,-,-,-,-,5350.4000,5350.2000,5350.0000,5349.4000,5349.2000,5352.2000,5352.4000,5352.6000,5354.4000,5355.0000,1,2,16,1,1,2,1,1,1,3
SF,IC2003,2020-01-03 09:56:02.900,5351.8000,54326,0,2227757120.000,0,-,-,-,-,5350.4000,5350.2000,5350.0000,5349.4000,5349.2000,5351.8000,5352.2000,5352.4000,5352.6000,5354.4000,1,2,16,1,1,1,2,1,1,1
SF,IC2003,2020-01-03 09:56:03.400,5351.8000,54326,0,2227757120.000,0,-,-,-,-,5350.4000,5350.2000,5350.0000,5349.4000,5349.2000,5352.2000,5352.4000,5352.6000,5353.8000,5354.4000,1,2,16,1,1,2,1,1,1,1
SF,IC2003,2020-01-03 09:56:03.900,5351.8000,54326,0,2227757120.000,0,-,-,-,-,5351.6000,5350.4000,5350.2000,5350.0000,5349.4000,5351.8000,5352.2000,5352.4000,5352.6000,5353.8000,1,1,2,16,1,1,2,1,1,1
SF,IC2003,2020-01-03 09:56:04.400,5351.6000,54326,0,2228827440.000,1,0,1,多换,S,5350.4000,5350.2000,5350.0000,5349.4000,5349.2000,5351.4000,5351.6000,5351.8000,5352.2000,5353.8000,1,2,16,1,1,2,7,1,2,1
SF,IC2003,2020-01-03 09:56:04.900,5350.4000,54326,0,2229897520.000,1,0,1,多换,S,5350.2000,5350.0000,5349.4000,5349.2000,5349.0000,5350.4000,5351.0000,5351.4000,5351.6000,5352.2000,2,16,1,1,2,1,1,1,4,1
SF,IC2003,2020-01-03 09:56:05.400,5350.4000,54323,-3,2234177840.000,4,0,4,多平,S,5350.4000,5350.2000,5350.0000,5349.4000,5349.2000,5352.2000,5353.8000,5354.4000,5355.0000,5357.0000,4,2,16,1,1,1,1,1,3,1
SF,IC2003,2020-01-03 09:56:05.900,5350.4000,54319,-4,2238458440.000,4,0,4,双平,S,5350.4000,5350.2000,5350.0000,5349.4000,5349.2000,5352.0000,5352.2000,5353.8000,5354.4000,5355.0000,1,2,16,1,1,1,1,1,1,3
SF,IC2003,2020-01-03 09:56:06.400,5350.4000,54319,0,2238458440.000,0,-,-,-,-,5350.2000,5350.0000,5349.4000,5349.2000,5349.0000,5350.4000,5351.6000,5351.8000,5352.0000,5353.8000,2,15,1,1,2,2,1,2,2,1
SF,IC2003,2020-01-03 09:56:06.900,5350.2000,54317,-2,2242738680.000,4,1,3,多平,S,5350.0000,5349.4000,5349.2000,5349.0000,5348.6000,5350.2000,5351.6000,5351.8000,5352.0000,5353.8000,16,1,1,2,1,1,1,1,2,1
SF,IC2003,2020-01-03 09:56:07.400,5350.0000,54316,-1,2245948720.000,3,1,2,多平,S,5350.0000,5349.4000,5349.2000,5349.0000,5348.6000,5350.2000,5351.8000,5352.0000,5353.8000,5354.4000,14,1,1,2,1,1,1,1,1,1
SF,IC2003,2020-01-03 09:56:07.900,5350.2000,54315,-1,2247018760.000,1,0,1,双平,S,5350.0000,5349.4000,5349.2000,5349.0000,5348.6000,5351.8000,5352.0000,5353.8000,5354.4000,5355.0000,14,1,1,2,1,1,1,1,1,3
SF,IC2003,2020-01-03 09:56:08.400,5350.2000,54314,-1,2249158840.000,2,0,2,多平,S,5350.0000,5349.4000,5349.2000,5349.0000,5348.6000,5351.6000,5351.8000,5353.8000,5354.4000,5355.0000,14,1,1,2,1,2,1,1,1,3
SF,IC2003,2020-01-03 09:56:08.900,5350.2000,54314,0,2249158840.000,0,-,-,-,-,5350.2000,5350.0000,5349.4000,5349.2000,5349.0000,5351.4000,5351.6000,5353.8000,5354.4000,5355.0000,1,14,1,1,2,2,1,1,1,3
SF,IC2003,2020-01-03 09:56:09.400,5350.2000,54314,0,2250228880.000,1,0,1,多换,S,5350.0000,5349.4000,5349.2000,5349.0000,5348.6000,5351.0000,5351.2000,5351.4000,5353.0000,5353.8000,14,1,1,2,1,1,2,1,1,1
SF,IC2003,2020-01-03 09:56:09.900,5350.2000,54314,0,2250228880.000,0,-,-,-,-,5350.0000,5349.4000,5349.2000,5349.0000,5348.6000,5351.0000,5351.2000,5351.4000,5353.0000,5353.8000,14,1,1,2,1,1,2,1,1,1
SF,IC2003,2020-01-03 09:56:10.400,5351.0000,54314,0,2251299080.000,1,0,1,多换,S,5350.0000,5349.4000,5349.2000,5349.0000,5348.6000,5351.2000,5351.4000,5353.0000,5353.8000,5354.4000,14,1,1,2,1,2,1,1,1,1
SF,IC2003,2020-01-03 09:56:10.900,5351.0000,54314,0,2251299080.000,0,-,-,-,-,5350.0000,5349.4000,5349.2000,5349.0000,5348.6000,5351.2000,5351.4000,5353.0000,5353.8000,5354.4000,14,1,1,2,1,1,1,1,1,1
SF,IC2003,2020-01-03 09:56:11.400,5351.0000,54314,0,2251299080.000,0,-,-,-,-,5350.0000,5349.4000,5349.2000,5349.0000,5348.6000,5351.0000,5351.2000,5353.0000,5353.8000,5354.4000,14,1,1,2,1,1,2,1,1,1
SF,IC2003,2020-01-03 09:56:11.900,5351.0000,54314,0,2251299080.000,0,-,-,-,-,5350.0000,5349.4000,5349.2000,5349.0000,5348.6000,5351.0000,5351.2000,5353.0000,5353.8000,5354.4000,15,1,1,2,1,1,2,1,1,1
SF,IC2003,2020-01-03 09:56:12.400,5351.2000,54311,-3,2254509760.000,3,0,3,双平,S,5351.2000,5351.0000,5350.2000,5350.0000,5349.4000,5353.0000,5353.8000,5354.4000,5355.0000,5357.0000,1,1,2,15,1,1,1,1,3,1
SF,IC2003,2020-01-03 09:56:12.900,5351.2000,54311,0,2254509760.000,0,-,-,-,-,5351.4000,5351.2000,5351.0000,5350.2000,5350.0000,5352.6000,5352.8000,5353.0000,5353.8000,5354.4000,1,2,1,1,14,1,3,1,1,1
SF,IC2003,2020-01-03 09:56:13.400,5351.2000,54311,0,2254509760.000,0,-,-,-,-,5351.6000,5351.4000,5351.2000,5351.0000,5350.2000,5352.8000,5353.0000,5353.8000,5354.4000,5355.0000,3,2,1,1,1,1,1,1,1,3
SF,IC2003,2020-01-03 09:56:13.900,5351.2000,54311,0,2254509760.000,0,-,-,-,-,5351.8000,5351.6000,5351.2000,5351.0000,5350.2000,5353.0000,5353.8000,5354.4000,5355.0000,5357.0000,2,3,1,1,1,1,1,1,3,1
SF,IC2003,2020-01-03 09:56:14.400,5351.2000,54311,0,2254509760.000,0,-,-,-,-,5351.8000,5351.6000,5351.2000,5351.0000,5350.2000,5353.0000,5353.8000,5354.4000,5355.0000,5357.0000,1,3,1,1,1,1,1,1,3,1
SF,IC2003,2020-01-03 09:56:15.900,5351.2000,54311,0,2254509760.000,0,-,-,-,-,5352.2000,5351.8000,5351.6000,5351.2000,5350.2000,5353.0000,5353.8000,5354.4000,5355.0000,5357.0000,2,1,2,1,1,1,1,1,3,1
SF,IC2003,2020-01-03 09:56:16.400,5351.2000,54311,0,2254509760.000,0,-,-,-,-,5352.2000,5351.8000,5351.6000,5351.2000,5350.2000,5353.0000,5353.8000,5354.4000,5355.0000,5357.0000,2,1,1,1,1,1,1,1,3,1
SF,IC2003,2020-01-03 09:56:16.900,5351.2000,54311,0,2254509760.000,0,-,-,-,-,5352.2000,5351.8000,5351.6000,5351.2000,5350.2000,5353.0000,5353.8000,5354.4000,5355.0000,5357.0000,3,1,1,1,1,1,1,1,3,1
SF,IC2003,2020-01-03 09:56:17.400,5351.2000,54311,0,2254509760.000,0,-,-,-,-,5352.2000,5351.8000,5351.6000,5350.2000,5350.0000,5353.0000,5353.8000,5354.4000,5355.0000,5357.0000,3,1,1,1,14,1,1,1,3,1
SF,IC2003,2020-01-03 09:56:18.900,5352.2000,54309,-2,2256650640.000,2,0,2,双平,S,5352.2000,5351.8000,5351.6000,5350.2000,5350.0000,5353.0000,5353.8000,5354.4000,5355.0000,5357.0000,1,1,1,1,14,1,1,1,3,1
SF,IC2003,2020-01-03 09:56:19.400,5352.2000,54308,-1,2257721080.000,1,0,1,双平,S,5352.4000,5350.2000,5350.0000,5349.4000,5349.2000,5352.8000,5353.0000,5353.8000,5354.4000,5355.0000,1,1,14,1,1,1,1,1,1,3
SF,IC2003,2020-01-03 09:56:19.900,5352.4000,54307,-1,2258791560.000,1,0,1,双平,S,5350.2000,5350.0000,5349.4000,5349.2000,5349.0000,5352.2000,5352.4000,5352.8000,5353.0000,5353.8000,1,14,1,1,2,1,3,1,1,1
SF,IC2003,2020-01-03 09:56:20.400,5352.4000,54307,0,2258791560.000,0,-,-,-,-,5350.8000,5350.4000,5350.2000,5350.0000,5349.4000,5352.2000,5352.4000,5352.8000,5353.0000,5353.8000,1,6,1,14,1,1,3,1,1,1
SF,IC2003,2020-01-03 09:56:20.900,5351.0000,54306,-1,2259861760.000,1,0,1,双平,S,5350.4000,5350.2000,5350.0000,5349.4000,5349.2000,5352.0000,5352.2000,5352.4000,5352.8000,5353.0000,2,1,14,1,1,1,2,2,1,1
SF,IC2003,2020-01-03 09:56:21.400,5351.0000,54306,0,2259861760.000,0,-,-,-,-,5350.4000,5350.2000,5350.0000,5349.4000,5349.2000,5351.8000,5352.0000,5352.2000,5352.4000,5352.8000,1,1,14,1,1,1,1,2,2,1
SF,IC2003,2020-01-03 09:56:21.900,5351.4000,54305,-1,2260932040.000,1,0,1,双平,S,5350.2000,5350.0000,5349.4000,5349.2000,5349.0000,5351.8000,5352.2000,5352.4000,5352.8000,5353.0000,1,14,1,1,2,1,2,2,1,1
SF,IC2003,2020-01-03 09:56:22.400,5351.4000,54305,0,2260932040.000,0,-,-,-,-,5350.0000,5349.4000,5349.2000,5349.0000,5348.6000,5351.6000,5351.8000,5352.2000,5352.4000,5353.0000,14,1,1,2,1,1,1,2,2,1
SF,IC2003,2020-01-03 09:56:22.900,5351.4000,54305,0,2260932040.000,0,-,-,-,-,5350.2000,5350.0000,5349.4000,5349.2000,5349.0000,5351.4000,5352.4000,5353.0000,5353.8000,5354.4000,2,14,1,1,2,2,2,1,1,1
SF,IC2003,2020-01-03 09:56:23.400,5351.4000,54305,0,2260932040.000,0,-,-,-,-,5350.4000,5350.2000,5350.0000,5349.4000,5349.2000,5352.4000,5352.8000,5353.0000,5353.8000,5354.4000,3,2,14,1,1,3,1,1,1,1
SF,IC2003,2020-01-03 09:56:23.900,5350.4000,54305,0,2262002120.000,1,0,1,多换,S,5350.4000,5350.2000,5350.0000,5349.4000,5349.2000,5352.2000,5352.4000,5352.8000,5353.0000,5353.8000,2,2,14,1,1,2,3,1,1,1
SF,IC2003,2020-01-03 09:56:24.400,5350.4000,54304,-1,2263072200.000,1,0,1,双平,S,5350.4000,5350.0000,5349.4000,5349.2000,5349.0000,5352.0000,5352.2000,5352.4000,5352.8000,5353.0000,1,14,1,1,2,3,2,3,1,1
SF,IC2003,2020-01-03 09:56:24.900,5350.4000,54305,1,2264142280.000,1,1,0,双开,S,5350.0000,5349.4000,5349.2000,5349.0000,5348.6000,5350.4000,5351.8000,5352.0000,5352.2000,5352.4000,14,1,1,2,1,1,2,3,1,3
SF,IC2003,2020-01-03 09:56:25.400,5350.4000,54304,-1,2265212360.000,1,0,1,双平,S,5350.4000,5350.0000,5349.4000,5349.2000,5349.0000,5351.8000,5352.0000,5352.2000,5352.4000,5352.8000,1,14,1,1,2,2,1,1,3,1
SF,IC2003,2020-01-03 09:56:25.900,5350.4000,54304,0,2265212360.000,0,-,-,-,-,5350.4000,5350.0000,5349.4000,5349.2000,5349.0000,5351.6000,5351.8000,5352.0000,5352.4000,5352.8000,1,14,1,1,2,1,2,1,3,1
SF,IC2003,2020-01-03 09:56:26.400,5350.4000,54303,-1,2266282440.000,1,0,1,双平,S,5350.0000,5349.4000,5349.2000,5349.0000,5348.6000,5351.4000,5351.8000,5352.0000,5352.4000,5352.8000,14,1,1,2,1,1,1,1,3,1
SF,IC2003,2020-01-03 09:56:27.400,5350.4000,54303,0,2266282440.000,0,-,-,-,-,5350.0000,5349.4000,5349.2000,5349.0000,5348.6000,5351.4000,5352.0000,5352.4000,5352.8000,5353.0000,14,1,1,2,1,2,1,1,1,1
SF,IC2003,2020-01-03 09:56:27.900,5351.4000,54303,0,2267352720.000,1,0,1,多换,S,5350.0000,5349.4000,5349.2000,5349.0000,5348.6000,5351.4000,5352.0000,5352.4000,5352.8000,5353.0000,14,1,1,2,1,1,1,1,1,1
SF,IC2003,2020-01-03 09:56:28.400,5351.4000,54303,0,2267352720.000,0,-,-,-,-,5350.0000,5349.4000,5349.2000,5349.0000,5348.6000,5351.2000,5351.4000,5352.0000,5352.4000,5352.8000,14,1,1,2,1,1,1,1,1,1
SF,IC2003,2020-01-03 09:56:28.900,5351.4000,54303,0,2267352720.000,0,-,-,-,-,5350.0000,5349.4000,5349.2000,5349.0000,5348.6000,5351.0000,5351.2000,5352.0000,5352.4000,5352.8000,14,1,1,2,1,1,2,1,1,1
SF,IC2003,2020-01-03 09:56:29.400,5350.0000,54303,0,2273773000.000,6,3,3,多换,S,5350.0000,5349.4000,5349.2000,5349.0000,5348.6000,5350.8000,5351.0000,5352.0000,5352.4000,5352.8000,9,1,1,2,1,1,3,1,1,1
SF,IC2003,2020-01-03 09:56:29.900,5350.0000,54304,1,2274843000.000,1,1,0,双开,S,5350.0000,5349.4000,5349.2000,5349.0000,5348.6000,5350.8000,5351.0000,5352.0000,5352.4000,5352.8000,8,1,1,2,1,1,2,1,1,1
SF,IC2003,2020-01-03 09:56:30.400,5350.0000,54304,0,2275913000.000,1,0,1,多换,S,5350.0000,5349.4000,5349.2000,5349.0000,5348.6000,5350.8000,5351.0000,5352.0000,5352.4000,5352.8000,7,1,1,2,1,1,2,1,1,1
SF,IC2003,2020-01-03 09:56:30.900,5350.0000,54303,-1,2276983000.000,1,0,1,双平,S,5350.0000,5349.4000,5349.2000,5349.0000,5348.6000,5350.6000,5350.8000,5351.0000,5352.0000,5352.4000,6,1,1,2,1,1,1,2,1,1
SF,IC2003,2020-01-03 09:56:31.400,5350.0000,54303,0,2278053000.000,1,0,1,多换,S,5350.0000,5349.4000,5349.2000,5349.0000,5348.6000,5350.6000,5350.8000,5351.0000,5352.0000,5352.4000,5,1,1,2,1,1,1,2,1,1
SF,IC2003,2020-01-03 09:56:31.900,5350.0000,54303,0,2278053000.000,0,-,-,-,-,5350.0000,5349.4000,5349.2000,5349.0000,5348.6000,5350.6000,5351.0000,5352.0000,5352.4000,5352.8000,6,1,1,2,1,2,2,1,1,1
SF,IC2003,2020-01-03 09:56:32.400,5350.0000,54303,0,2279123000.000,1,0,1,多换,S,5350.0000,5349.4000,5349.2000,5349.0000,5348.6000,5350.6000,5351.0000,5352.0000,5352.4000,5352.8000,5,1,1,2,1,2,2,1,1,1
SF,IC2003,2020-01-03 09:56:34.900,5350.0000,54303,0,2280193000.000,1,0,1,多换,S,5350.0000,5349.4000,5349.2000,5349.0000,5348.6000,5350.6000,5351.0000,5352.0000,5352.4000,5352.8000,4,1,1,2,1,2,2,1,1,1
SF,IC2003,2020-01-03 09:56:35.400,5350.0000,54303,0,2281263000.000,1,0,1,多换,S,5350.0000,5349.4000,5349.2000,5349.0000,5348.6000,5350.6000,5352.0000,5352.4000,5352.8000,5353.0000,3,1,1,2,1,2,1,1,1,1
SF,IC2003,2020-01-03 09:56:35.900,5350.6000,54302,-1,2283403200.000,2,0,2,多平,S,5350.0000,5349.4000,5349.2000,5349.0000,5348.6000,5352.0000,5352.4000,5352.8000,5353.0000,5353.8000,3,1,1,2,1,1,1,1,1,1
SF,IC2003,2020-01-03 09:56:36.400,5350.6000,54302,0,2283403200.000,0,-,-,-,-,5350.2000,5350.0000,5349.4000,5349.2000,5349.0000,5351.6000,5351.8000,5352.0000,5352.4000,5352.8000,2,3,1,1,2,1,3,1,1,1
SF,IC2003,2020-01-03 09:56:36.900,5351.6000,54301,-1,2284473520.000,1,0,1,双平,S,5350.2000,5350.0000,5349.4000,5349.2000,5349.0000,5351.8000,5352.0000,5352.4000,5352.8000,5353.0000,2,3,1,1,2,3,1,1,1,1
SF,IC2003,2020-01-03 09:56:37.400,5351.6000,54301,0,2284473520.000,0,-,-,-,-,5350.6000,5350.2000,5350.0000,5349.4000,5349.2000,5351.8000,5352.0000,5352.4000,5352.8000,5353.0000,1,2,3,1,1,1,1,1,1,1
SF,IC2003,2020-01-03 09:56:37.900,5351.6000,54301,0,2284473520.000,0,-,-,-,-,5350.6000,5350.2000,5350.0000,5349.4000,5349.2000,5352.0000,5352.4000,5352.8000,5353.0000,5353.8000,1,2,3,1,1,1,1,1,1,1
SF,IC2003,2020-01-03 09:56:38.900,5351.6000,54301,0,2284473520.000,0,-,-,-,-,5350.6000,5350.2000,5350.0000,5349.4000,5349.2000,5352.0000,5352.4000,5352.8000,5353.0000,5353.8000,1,1,3,1,1,1,1,1,1,1
SF,IC2003,2020-01-03 09:56:39.400,5351.6000,54301,0,2284473520.000,0,-,-,-,-,5350.6000,5350.0000,5349.4000,5349.2000,5349.0000,5351.6000,5351.8000,5352.0000,5352.4000,5352.8000,1,3,1,1,2,1,3,3,1,1
SF,IC2003,2020-01-03 09:56:39.900,5350.6000,54301,0,2285543640.000,1,0,1,多换,S,5350.0000,5349.4000,5349.2000,5349.0000,5348.6000,5351.4000,5351.6000,5351.8000,5352.0000,5352.4000,3,1,1,2,1,1,1,2,2,1
SF,IC2003,2020-01-03 09:56:42.400,5350.6000,54301,0,2285543640.000,0,-,-,-,-,5350.2000,5350.0000,5349.4000,5349.2000,5349.0000,5351.4000,5351.6000,5351.8000,5352.0000,5352.4000,1,3,1,1,2,1,1,2,2,1
SF,IC2003,2020-01-03 09:56:43.900,5350.6000,54301,0,2285543640.000,0,-,-,-,-,5350.2000,5350.0000,5349.4000,5349.2000,5349.0000,5351.4000,5351.6000,5351.8000,5352.0000,5352.4000,1,3,1,1,2,1,1,2,2,1
SF,IC2003,2020-01-03 09:56:45.900,5350.6000,54301,0,2285543640.000,0,-,-,-,-,5350.2000,5350.0000,5349.4000,5349.2000,5349.0000,5351.4000,5351.6000,5351.8000,5352.0000,5352.4000,2,3,1,1,2,1,1,2,2,1
SF,IC2003,2020-01-03 09:56:46.400,5350.6000,54301,0,2285543640.000,0,-,-,-,-,5350.2000,5350.0000,5349.4000,5349.2000,5349.0000,5352.0000,5352.4000,5352.8000,5353.0000,5353.8000,2,3,1,1,2,2,1,1,1,1
SF,IC2003,2020-01-03 09:56:46.900,5350.6000,54300,-1,2286613760.000,1,0,1,双平,S,5350.6000,5350.4000,5350.2000,5350.0000,5349.4000,5351.8000,5352.0000,5352.4000,5352.8000,5353.0000,1,3,1,3,1,1,2,1,1,1
SF,IC2003,2020-01-03 09:56:47.400,5350.6000,54300,0,2286613760.000,0,-,-,-,-,5350.4000,5350.2000,5350.0000,5349.4000,5349.2000,5351.8000,5352.0000,5352.4000,5352.8000,5353.0000,3,1,3,1,1,1,2,1,1,1
SF,IC2003,2020-01-03 09:56:47.900,5350.6000,54300,0,2286613760.000,0,-,-,-,-,5350.4000,5350.2000,5350.0000,5349.4000,5349.2000,5351.8000,5352.0000,5352.4000,5352.8000,5353.0000,3,1,3,1,1,1,2,1,1,1
SF,IC2003,2020-01-03 09:56:48.900,5350.4000,54300,0,2287683840.000,1,0,1,多换,S,5350.4000,5350.2000,5350.0000,5349.4000,5349.2000,5351.8000,5352.0000,5352.4000,5352.8000,5353.0000,2,1,3,1,1,1,2,1,1,1
SF,IC2003,2020-01-03 09:56:49.400,5350.4000,54300,0,2287683840.000,0,-,-,-,-,5350.2000,5350.0000,5349.4000,5349.2000,5349.0000,5351.8000,5352.0000,5352.4000,5352.8000,5353.0000,1,3,1,1,2,2,2,1,1,1
SF,IC2003,2020-01-03 09:56:49.900,5350.4000,54300,0,2287683840.000,0,-,-,-,-,5350.2000,5350.0000,5349.4000,5349.2000,5349.0000,5351.6000,5351.8000,5352.0000,5352.4000,5352.8000,1,3,1,1,2,1,1,2,1,1
SF,IC2003,2020-01-03 09:56:50.400,5350.4000,54300,0,2287683840.000,0,-,-,-,-,5350.2000,5350.0000,5349.4000,5349.2000,5349.0000,5351.4000,5351.6000,5352.0000,5352.4000,5352.8000,1,3,1,1,2,1,2,2,1,1
SF,IC2003,2020-01-03 09:56:51.400,5350.2000,54300,0,2288753880.000,1,0,1,多换,S,5350.0000,5349.4000,5349.2000,5349.0000,5348.6000,5351.0000,5351.4000,5351.6000,5352.0000,5352.4000,3,1,1,2,1,1,1,2,2,1
SF,IC2003,2020-01-03 09:56:51.900,5350.2000,54300,0,2288753880.000,0,-,-,-,-,5350.0000,5349.4000,5349.2000,5349.0000,5348.6000,5350.8000,5351.0000,5351.6000,5352.0000,5352.4000,3,1,1,2,1,1,1,1,2,1
SF,IC2003,2020-01-03 09:56:52.400,5350.2000,54300,0,2288753880.000,0,-,-,-,-,5350.0000,5349.4000,5349.2000,5349.0000,5348.6000,5351.0000,5352.0000,5352.4000,5352.8000,5353.0000,3,1,1,2,1,1,2,1,1,1
SF,IC2003,2020-01-03 09:56:54.400,5350.0000,54301,1,2289823880.000,1,1,0,双开,S,5350.0000,5349.4000,5349.2000,5349.0000,5348.6000,5351.0000,5352.0000,5352.4000,5352.8000,5353.0000,2,1,1,2,1,1,2,1,1,1
SF,IC2003,2020-01-03 09:56:55.900,5350.0000,54301,0,2289823880.000,0,-,-,-,-,5350.0000,5349.4000,5349.2000,5349.0000,5348.6000,5351.0000,5352.0000,5352.4000,5352.8000,5353.0000,3,1,1,2,1,1,2,1,1,1
SF,IC2003,2020-01-03 09:56:56.400,5350.2000,54299,-2,2291964120.000,2,0,2,双平,S,5350.0000,5349.4000,5349.2000,5349.0000,5348.6000,5352.0000,5352.4000,5352.8000,5353.0000,5353.8000,3,1,1,2,1,2,1,1,1,1
SF,IC2003,2020-01-03 09:56:56.900,5350.2000,54299,0,2291964120.000,0,-,-,-,-,5350.4000,5350.2000,5350.0000,5349.4000,5349.2000,5351.8000,5352.0000,5352.4000,5352.8000,5353.0000,1,6,3,1,1,3,2,1,1,1
SF,IC2003,2020-01-03 09:56:57.400,5350.2000,54299,0,2291964120.000,0,-,-,-,-,5351.0000,5350.8000,5350.6000,5350.4000,5350.2000,5352.0000,5352.4000,5352.8000,5353.0000,5353.8000,1,2,2,1,3,2,1,1,1,1
SF,IC2003,2020-01-03 09:56:57.900,5350.2000,54299,0,2291964120.000,0,-,-,-,-,5351.4000,5351.2000,5351.0000,5350.8000,5350.6000,5352.0000,5352.4000,5352.8000,5353.0000,5353.8000,1,1,1,1,1,2,1,1,1,1
SF,IC2003,2020-01-03 09:56:58.400,5350.2000,54299,0,2291964120.000,0,-,-,-,-,5351.4000,5351.2000,5351.0000,5350.8000,5350.6000,5352.0000,5352.4000,5352.8000,5353.0000,5353.8000,1,1,1,1,1,2,1,1,1,1
SF,IC2003,2020-01-03 09:56:59.400,5350.2000,54299,0,2291964120.000,0,-,-,-,-,5351.4000,5351.0000,5350.6000,5350.0000,5349.4000,5352.0000,5352.4000,5352.8000,5353.0000,5353.8000,1,1,1,3,1,2,1,1,1,1
SF,IC2003,2020-01-03 09:56:59.900,5350.2000,54299,0,2291964120.000,0,-,-,-,-,5351.0000,5350.6000,5350.0000,5349.4000,5349.2000,5351.4000,5352.0000,5352.4000,5352.8000,5353.0000,1,1,3,1,1,1,2,1,1,1
SF,IC2003,2020-01-03 09:57:00.400,5351.4000,54299,0,2293034400.000,1,0,1,多换,S,5351.4000,5350.6000,5350.0000,5349.4000,5349.2000,5352.0000,5352.4000,5352.8000,5353.0000,5353.8000,2,1,3,1,1,2,1,1,1,1
SF,IC2003,2020-01-03 09:57:01.900,5351.4000,54298,-1,2294104680.000,1,0,1,双平,S,5351.4000,5350.6000,5350.2000,5350.0000,5349.4000,5352.0000,5352.4000,5352.8000,5353.0000,5353.8000,1,1,1,3,1,2,1,1,1,1
SF,IC2003,2020-01-03 09:57:02.400,5351.4000,54297,-1,2295174960.000,1,0,1,双平,S,5350.2000,5350.0000,5349.4000,5349.2000,5349.0000,5351.4000,5351.8000,5352.0000,5352.4000,5352.8000,1,3,1,1,2,3,1,2,1,1
SF,IC2003,2020-01-03 09:57:03.900,5350.2000,54298,1,2296245000.000,1,1,0,双开,S,5350.0000,5349.4000,5349.2000,5349.0000,5348.6000,5351.2000,5351.4000,5351.8000,5352.0000,5352.4000,3,1,1,2,1,1,4,1,2,1
SF,IC2003,2020-01-03 09:57:04.400,5350.2000,54298,0,2296245000.000,0,-,-,-,-,5350.0000,5349.4000,5349.2000,5349.0000,5348.6000,5351.0000,5351.4000,5352.0000,5352.4000,5352.8000,3,1,1,2,1,1,3,2,1,1
SF,IC2003,2020-01-03 09:57:05.400,5351.4000,54296,-2,2298385480.000,2,0,2,双平,S,5350.0000,5349.4000,5349.2000,5349.0000,5348.6000,5351.4000,5352.0000,5352.4000,5352.8000,5353.0000,3,1,1,2,1,2,2,1,1,1
SF,IC2003,2020-01-03 09:57:05.900,5351.4000,54296,0,2298385480.000,0,-,-,-,-,5350.0000,5349.4000,5349.2000,5349.0000,5348.6000,5351.2000,5351.4000,5352.0000,5352.4000,5352.8000,3,1,1,2,1,1,2,2,1,1
SF,IC2003,2020-01-03 09:57:06.400,5351.4000,54296,0,2298385480.000,0,-,-,-,-,5350.0000,5349.4000,5349.2000,5349.0000,5348.6000,5350.2000,5351.2000,5351.4000,5352.0000,5352.4000,3,1,1,2,1,1,1,2,2,1
SF,IC2003,2020-01-03 09:57:06.900,5350.2000,54295,-1,2299455520.000,1,0,1,双平,S,5350.4000,5350.2000,5350.0000,5349.4000,5349.2000,5352.0000,5352.4000,5352.8000,5353.0000,5353.8000,1,10,3,1,1,2,1,1,1,1
SF,IC2003,2020-01-03 09:57:07.400,5350.2000,54295,0,2299455520.000,0,-,-,-,-,5350.8000,5350.6000,5350.4000,5350.2000,5350.0000,5351.8000,5352.0000,5352.4000,5352.8000,5353.0000,1,1,1,9,3,1,2,1,1,1
SF,IC2003,2020-01-03 09:57:07.900,5350.2000,54295,0,2299455520.000,0,-,-,-,-,5350.8000,5350.6000,5350.4000,5350.2000,5350.0000,5352.0000,5352.4000,5352.8000,5353.0000,5353.8000,1,1,1,9,3,2,1,1,1,1
SF,IC2003,2020-01-03 09:57:08.900,5350.2000,54295,0,2299455520.000,0,-,-,-,-,5350.8000,5350.6000,5350.2000,5350.0000,5349.4000,5352.0000,5352.4000,5352.8000,5353.0000,5353.8000,1,1,9,3,1,2,1,1,1,1
SF,IC2003,2020-01-03 09:57:09.400,5350.2000,54295,0,2299455520.000,0,-,-,-,-,5350.2000,5350.0000,5349.4000,5349.2000,5349.0000,5352.0000,5352.4000,5352.8000,5353.0000,5353.8000,9,3,1,1,2,2,1,1,1,1
SF,IC2003,2020-01-03 09:57:09.900,5350.2000,54295,0,2299455520.000,0,-,-,-,-,5350.2000,5350.0000,5349.4000,5349.2000,5349.0000,5351.6000,5351.8000,5352.0000,5352.4000,5352.8000,9,3,1,1,2,1,2,2,1,1
SF,IC2003,2020-01-03 09:57:10.400,5350.2000,54295,0,2299455520.000,0,-,-,-,-,5350.2000,5350.0000,5349.4000,5349.2000,5349.0000,5351.8000,5352.0000,5352.8000,5353.0000,5353.8000,9,3,1,1,2,2,3,1,1,1
SF,IC2003,2020-01-03 09:57:10.900,5350.2000,54295,0,2299455520.000,0,-,-,-,-,5350.4000,5350.2000,5350.0000,5349.4000,5349.2000,5351.8000,5352.0000,5352.8000,5353.0000,5353.8000,1,9,3,1,1,2,3,1,1,1
SF,IC2003,2020-01-03 09:57:11.900,5350.2000,54295,0,2299455520.000,0,-,-,-,-,5350.4000,5350.2000,5350.0000,5349.4000,5349.2000,5351.8000,5352.0000,5352.8000,5353.0000,5353.8000,1,9,3,1,1,1,3,1,1,1
SF,IC2003,2020-01-03 09:57:12.400,5350.2000,54295,0,2299455520.000,0,-,-,-,-,5350.4000,5350.2000,5350.0000,5349.4000,5349.2000,5351.6000,5351.8000,5352.0000,5352.8000,5353.0000,1,7,3,1,1,1,1,3,1,1
SF,IC2003,2020-01-03 09:57:12.900,5350.2000,54295,0,2299455520.000,0,-,-,-,-,5350.4000,5350.2000,5350.0000,5349.4000,5349.2000,5351.6000,5351.8000,5352.0000,5352.8000,5353.0000,1,6,3,1,1,1,1,3,1,1
SF,IC2003,2020-01-03 09:57:13.400,5350.2000,54295,0,2299455520.000,0,-,-,-,-,5350.4000,5350.2000,5350.0000,5349.4000,5349.0000,5351.6000,5351.8000,5352.0000,5352.8000,5353.0000,1,6,3,1,2,1,1,3,1,1
SF,IC2003,2020-01-03 09:57:13.900,5350.2000,54295,0,2299455520.000,0,-,-,-,-,5350.4000,5350.2000,5350.0000,5349.4000,5349.0000,5351.8000,5352.0000,5352.8000,5353.0000,5353.8000,1,6,3,1,2,1,3,1,1,1
SF,IC2003,2020-01-03 09:57:14.400,5350.2000,54295,0,2299455520.000,0,-,-,-,-,5350.4000,5350.2000,5350.0000,5349.4000,5349.0000,5351.8000,5352.0000,5352.8000,5353.8000,5354.4000,1,6,3,1,2,1,4,1,1,1
SF,IC2003,2020-01-03 09:57:14.900,5350.2000,54295,0,2299455520.000,0,-,-,-,-,5350.4000,5350.2000,5350.0000,5349.4000,5349.0000,5351.8000,5352.0000,5352.8000,5353.8000,5354.4000,1,5,3,1,2,1,4,1,1,1
SF,IC2003,2020-01-03 09:57:15.400,5350.2000,54295,0,2299455520.000,0,-,-,-,-,5350.4000,5350.2000,5350.0000,5349.4000,5349.0000,5351.8000,5352.0000,5352.8000,5353.8000,5354.4000,2,5,3,1,2,1,4,1,1,1
SF,IC2003,2020-01-03 09:57:15.900,5350.2000,54295,0,2299455520.000,0,-,-,-,-,5350.4000,5350.2000,5350.0000,5349.4000,5349.0000,5352.0000,5352.8000,5353.8000,5354.4000,5355.0000,1,5,3,1,2,4,1,1,1,3
SF,IC2003,2020-01-03 09:57:19.400,5350.2000,54295,0,2299455520.000,0,-,-,-,-,5350.4000,5350.2000,5350.0000,5349.4000,5349.0000,5351.8000,5352.0000,5352.8000,5353.8000,5354.4000,1,5,3,1,2,2,4,1,1,1
SF,IC2003,2020-01-03 09:57:19.900,5350.2000,54295,0,2299455520.000,0,-,-,-,-,5350.4000,5350.2000,5350.0000,5349.4000,5349.0000,5351.8000,5352.0000,5352.8000,5353.8000,5354.4000,1,3,3,1,2,3,4,1,1,1
SF,IC2003,2020-01-03 09:57:20.400,5350.2000,54295,0,2299455520.000,0,-,-,-,-,5350.4000,5350.2000,5350.0000,5349.4000,5349.0000,5351.8000,5352.0000,5352.8000,5353.8000,5354.4000,1,3,3,1,2,3,4,1,1,1
SF,IC2003,2020-01-03 09:57:25.900,5350.4000,54294,-1,2300525600.000,1,0,1,双平,S,5350.2000,5350.0000,5349.4000,5349.0000,5348.6000,5351.8000,5352.0000,5352.8000,5353.8000,5354.4000,3,3,1,2,1,3,4,1,1,1
SF,IC2003,2020-01-03 09:57:26.400,5350.4000,54294,0,2300525600.000,0,-,-,-,-,5350.4000,5350.2000,5350.0000,5349.4000,5349.0000,5351.6000,5351.8000,5352.0000,5352.8000,5353.8000,1,3,3,1,2,1,3,4,1,1
SF,IC2003,2020-01-03 09:57:26.900,5350.4000,54294,0,2300525600.000,0,-,-,-,-,5350.4000,5350.2000,5350.0000,5349.4000,5349.0000,5351.6000,5351.8000,5352.0000,5352.8000,5353.8000,1,3,3,1,2,2,2,4,1,1
SF,IC2003,2020-01-03 09:57:27.900,5350.4000,54294,0,2300525600.000,0,-,-,-,-,5350.4000,5350.2000,5350.0000,5349.4000,5349.0000,5351.6000,5351.8000,5352.0000,5352.8000,5353.8000,1,3,3,1,2,1,2,4,1,1
SF,IC2003,2020-01-03 09:57:28.400,5350.4000,54294,0,2300525600.000,0,-,-,-,-,5350.8000,5350.6000,5350.4000,5350.2000,5350.0000,5351.6000,5351.8000,5352.0000,5352.8000,5353.8000,1,1,1,3,3,1,2,4,1,1
SF,IC2003,2020-01-03 09:57:28.900,5350.4000,54294,0,2300525600.000,0,-,-,-,-,5350.8000,5350.6000,5350.4000,5350.2000,5350.0000,5351.6000,5351.8000,5352.0000,5352.8000,5353.8000,1,1,1,2,3,1,2,4,1,1
SF,IC2003,2020-01-03 09:57:29.400,5351.6000,54293,-1,2301595920.000,1,0,1,双平,S,5350.8000,5350.6000,5350.4000,5350.2000,5350.0000,5351.8000,5352.0000,5352.8000,5353.8000,5354.4000,1,1,1,2,3,2,4,1,1,1
SF,IC2003,2020-01-03 09:57:29.900,5351.0000,54291,-2,2304806840.000,3,0,3,多平,S,5350.8000,5350.6000,5350.2000,5350.0000,5349.4000,5352.0000,5352.8000,5353.8000,5354.4000,5355.0000,1,1,2,3,1,4,1,1,1,3
SF,IC2003,2020-01-03 09:57:30.400,5351.0000,54291,0,2304806840.000,0,-,-,-,-,5351.2000,5351.0000,5350.8000,5350.6000,5350.2000,5352.0000,5352.8000,5353.8000,5354.4000,5355.0000,1,1,1,1,2,4,1,1,1,3
SF,IC2003,2020-01-03 09:57:30.900,5351.0000,54291,0,2304806840.000,0,-,-,-,-,5351.2000,5350.8000,5350.6000,5350.2000,5350.0000,5352.0000,5352.8000,5353.8000,5354.4000,5355.0000,1,1,1,2,3,4,1,1,1,3
SF,IC2003,2020-01-03 09:57:31.400,5351.0000,54291,0,2304806840.000,0,-,-,-,-,5350.8000,5350.2000,5350.0000,5349.4000,5349.0000,5351.8000,5352.0000,5352.8000,5353.8000,5354.4000,1,2,3,1,2,1,4,1,1,1
SF,IC2003,2020-01-03 09:57:34.900,5351.0000,54291,0,2304806840.000,0,-,-,-,-,5350.2000,5350.0000,5349.4000,5349.0000,5348.6000,5351.8000,5352.0000,5352.8000,5353.8000,5354.4000,2,3,1,2,1,1,4,1,1,1
SF,IC2003,2020-01-03 09:57:35.400,5351.6000,54290,-1,2305877160.000,1,0,1,双平,S,5350.0000,5349.4000,5349.0000,5348.6000,5348.2000,5351.8000,5352.0000,5352.8000,5353.8000,5354.4000,3,1,2,1,2,1,4,1,1,1
SF,IC2003,2020-01-03 09:57:35.900,5351.6000,54290,0,2305877160.000,0,-,-,-,-,5350.0000,5349.4000,5349.0000,5348.6000,5348.2000,5351.4000,5351.8000,5352.0000,5352.8000,5353.8000,3,1,2,1,2,1,1,4,1,1
SF,IC2003,2020-01-03 09:57:36.400,5351.6000,54290,0,2305877160.000,0,-,-,-,-,5350.0000,5349.4000,5349.0000,5348.6000,5348.2000,5351.2000,5352.0000,5352.8000,5353.8000,5354.4000,3,1,2,1,2,1,4,1,1,1
SF,IC2003,2020-01-03 09:57:37.400,5351.6000,54290,0,2305877160.000,0,-,-,-,-,5350.4000,5350.2000,5350.0000,5349.4000,5349.0000,5351.2000,5352.0000,5352.8000,5353.8000,5354.4000,1,2,3,1,2,1,4,1,1,1
SF,IC2003,2020-01-03 09:57:38.400,5351.2000,54289,-1,2306947400.000,1,0,1,双平,S,5350.4000,5350.2000,5350.0000,5349.4000,5349.0000,5352.0000,5352.8000,5353.8000,5354.4000,5355.0000,1,2,3,1,2,4,1,1,1,3
SF,IC2003,2020-01-03 09:57:38.900,5351.2000,54289,0,2306947400.000,0,-,-,-,-,5350.4000,5350.2000,5350.0000,5349.4000,5349.0000,5351.8000,5352.0000,5352.8000,5353.8000,5354.4000,1,2,3,1,2,1,4,1,1,1
SF,IC2003,2020-01-03 09:57:39.400,5351.2000,54289,0,2306947400.000,0,-,-,-,-,5350.6000,5350.4000,5350.2000,5350.0000,5349.4000,5351.8000,5352.0000,5352.8000,5353.8000,5354.4000,1,1,2,3,1,1,4,1,1,1
SF,IC2003,2020-01-03 09:57:39.900,5351.2000,54289,0,2306947400.000,0,-,-,-,-,5350.6000,5350.4000,5350.2000,5350.0000,5349.8000,5351.8000,5352.0000,5352.8000,5353.8000,5354.4000,1,1,2,3,1,1,4,1,1,1
SF,IC2003,2020-01-03 09:57:40.900,5351.2000,54290,1,2308017640.000,1,1,0,双开,S,5350.6000,5350.4000,5350.2000,5350.0000,5349.8000,5351.8000,5352.0000,5352.8000,5353.8000,5354.4000,1,1,2,3,1,1,4,1,1,1
SF,IC2003,2020-01-03 09:57:42.400,5350.2000,54289,-1,2312297920.000,4,1,3,多平,S,5350.0000,5349.8000,5349.4000,5349.0000,5348.6000,5351.8000,5352.0000,5352.8000,5353.8000,5354.4000,3,1,1,2,1,1,4,1,1,1
SF,IC2003,2020-01-03 09:57:42.900,5350.2000,54289,0,2312297920.000,0,-,-,-,-,5350.4000,5350.0000,5349.8000,5349.4000,5349.0000,5351.2000,5351.8000,5352.0000,5352.8000,5353.8000,1,3,1,1,2,1,1,4,1,1
SF,IC2003,2020-01-03 09:57:43.400,5350.2000,54289,0,2312297920.000,0,-,-,-,-,5350.0000,5349.8000,5349.4000,5349.0000,5348.6000,5351.2000,5351.8000,5352.0000,5352.8000,5353.8000,3,1,1,2,1,1,1,4,1,1
SF,IC2003,2020-01-03 09:57:45.400,5350.2000,54289,0,2312297920.000,0,-,-,-,-,5350.0000,5349.8000,5349.4000,5349.0000,5348.6000,5350.6000,5351.2000,5351.8000,5352.0000,5352.8000,3,1,1,2,1,5,1,1,4,1
SF,IC2003,2020-01-03 09:57:45.900,5350.6000,54290,1,2316578400.000,4,2,2,空开,S,5350.0000,5349.8000,5349.4000,5349.0000,5348.6000,5350.6000,5351.2000,5351.8000,5352.0000,5352.8000,3,1,1,2,1,1,1,1,4,1
SF,IC2003,2020-01-03 09:57:46.400,5350.6000,54290,0,2317648520.000,1,0,1,多换,S,5350.6000,5350.0000,5349.8000,5349.4000,5349.0000,5351.2000,5351.8000,5352.0000,5352.8000,5353.8000,2,3,1,1,2,1,1,4,1,1
SF,IC2003,2020-01-03 09:57:46.900,5351.2000,54289,-1,2318718760.000,1,0,1,双平,S,5350.0000,5349.8000,5349.4000,5349.0000,5348.6000,5351.8000,5352.0000,5352.8000,5353.8000,5354.4000,3,1,1,2,1,1,4,1,1,1
SF,IC2003,2020-01-03 09:57:47.400,5351.2000,54289,0,2318718760.000,0,-,-,-,-,5350.4000,5350.2000,5350.0000,5349.8000,5349.4000,5351.8000,5352.0000,5352.8000,5353.8000,5354.4000,1,2,3,1,1,1,4,1,1,1
SF,IC2003,2020-01-03 09:57:47.900,5351.2000,54289,0,2318718760.000,0,-,-,-,-,5350.2000,5350.0000,5349.8000,5349.4000,5349.0000,5351.8000,5352.0000,5352.8000,5353.8000,5354.4000,2,3,1,1,2,1,4,1,1,1
SF,IC2003,2020-01-03 09:57:49.400,5351.2000,54289,0,2318718760.000,0,-,-,-,-,5350.2000,5350.0000,5349.8000,5349.4000,5349.0000,5351.6000,5351.8000,5352.0000,5352.8000,5353.8000,2,3,1,1,2,1,1,4,1,1
SF,IC2003,2020-01-03 09:57:49.900,5351.2000,54289,0,2318718760.000,0,-,-,-,-,5350.2000,5350.0000,5349.8000,5349.4000,5349.0000,5351.4000,5351.6000,5352.0000,5352.8000,5353.8000,1,3,1,1,2,1,1,4,1,1
SF,IC2003,2020-01-03 09:57:50.900,5351.2000,54289,0,2318718760.000,0,-,-,-,-,5350.2000,5350.0000,5349.8000,5349.4000,5349.0000,5351.0000,5351.4000,5352.0000,5352.8000,5353.8000,1,3,1,1,2,1,1,4,1,1
SF,IC2003,2020-01-03 09:57:51.400,5351.2000,54289,0,2318718760.000,0,-,-,-,-,5350.2000,5350.0000,5349.8000,5349.4000,5349.0000,5350.8000,5351.0000,5352.0000,5352.8000,5353.8000,1,3,2,1,2,1,1,4,1,1
SF,IC2003,2020-01-03 09:57:51.900,5351.2000,54289,0,2318718760.000,0,-,-,-,-,5350.2000,5350.0000,5349.8000,5349.4000,5349.0000,5350.8000,5352.0000,5352.8000,5353.8000,5354.4000,1,3,2,1,2,1,4,1,1,1
SF,IC2003,2020-01-03 09:57:55.400,5351.2000,54289,0,2318718760.000,0,-,-,-,-,5350.2000,5350.0000,5349.8000,5349.4000,5349.0000,5350.8000,5352.0000,5352.8000,5353.8000,5354.4000,1,4,2,1,2,1,4,1,1,1
SF,IC2003,2020-01-03 09:57:57.400,5351.2000,54289,0,2318718760.000,0,-,-,-,-,5350.2000,5350.0000,5349.8000,5349.4000,5349.0000,5350.8000,5352.0000,5352.8000,5353.8000,5354.4000,1,4,2,1,2,1,4,1,1,1
SF,IC2003,2020-01-03 09:57:58.400,5351.2000,54289,0,2318718760.000,0,-,-,-,-,5350.2000,5350.0000,5349.8000,5349.4000,5349.0000,5350.8000,5352.0000,5352.8000,5353.8000,5354.4000,1,4,2,1,2,2,4,1,1,1
SF,IC2003,2020-01-03 09:57:59.400,5350.0000,54286,-3,2324068800.000,5,1,4,多平,S,5349.8000,5349.4000,5349.0000,5348.6000,5348.2000,5350.6000,5350.8000,5352.0000,5352.8000,5353.8000,2,1,2,1,2,1,2,4,1,1
SF,IC2003,2020-01-03 09:57:59.900,5349.8000,54284,-2,2326208720.000,2,0,2,双平,S,5349.4000,5349.0000,5348.6000,5348.2000,5348.0000,5350.4000,5350.8000,5352.0000,5352.8000,5353.8000,1,2,1,2,4,1,1,4,1,1
SF,IC2003,2020-01-03 09:58:00.400,5349.4000,54284,0,2327278600.000,1,0,1,多换,S,5349.0000,5348.6000,5348.2000,5348.0000,5347.4000,5349.4000,5350.4000,5350.8000,5352.0000,5352.8000,2,1,2,4,1,3,1,1,4,1
SF,IC2003,2020-01-03 09:58:01.400,5349.4000,54284,0,2327278600.000,0,-,-,-,-,5349.0000,5348.6000,5348.2000,5348.0000,5347.4000,5349.4000,5350.4000,5350.8000,5352.0000,5352.8000,2,1,2,4,1,1,1,1,4,1
SF,IC2003,2020-01-03 09:58:02.400,5349.0000,54284,0,2328348400.000,1,0,1,多换,S,5349.0000,5348.6000,5348.2000,5348.0000,5347.4000,5349.4000,5350.4000,5350.8000,5352.0000,5352.8000,1,1,2,4,1,1,1,1,4,1
SF,IC2003,2020-01-03 09:58:02.900,5348.6000,54282,-2,2331557800.000,3,0,3,多平,S,5348.2000,5348.0000,5347.4000,5347.2000,5347.0000,5350.4000,5350.8000,5352.0000,5352.8000,5353.4000,2,4,1,1,2,1,1,4,1,5
SF,IC2003,2020-01-03 09:58:03.400,5348.6000,54282,0,2331557800.000,0,-,-,-,-,5348.2000,5348.0000,5347.4000,5347.2000,5347.0000,5350.0000,5350.2000,5350.4000,5350.8000,5352.0000,2,4,1,1,2,4,3,1,1,4
SF,IC2003,2020-01-03 09:58:03.900,5348.6000,54282,0,2331557800.000,0,-,-,-,-,5348.2000,5348.0000,5347.4000,5347.2000,5347.0000,5349.6000,5349.8000,5350.0000,5350.2000,5350.8000,2,4,1,1,2,2,1,4,2,1
SF,IC2003,2020-01-03 09:58:04.400,5348.2000,54280,-2,2333697080.000,2,0,2,双平,S,5348.0000,5347.4000,5347.2000,5347.0000,5346.8000,5349.2000,5349.4000,5349.6000,5350.0000,5350.2000,4,1,1,2,3,2,2,1,4,1
SF,IC2003,2020-01-03 09:58:04.900,5348.2000,54280,0,2333697080.000,0,-,-,-,-,5348.0000,5347.4000,5347.2000,5347.0000,5346.8000,5349.0000,5349.2000,5349.4000,5349.6000,5350.0000,4,1,1,2,3,1,3,1,1,4
SF,IC2003,2020-01-03 09:58:05.400,5348.2000,54280,0,2333697080.000,0,-,-,-,-,5348.0000,5347.4000,5347.2000,5347.0000,5346.8000,5348.8000,5349.0000,5349.2000,5349.4000,5349.6000,4,1,1,2,3,1,1,3,1,1
SF,IC2003,2020-01-03 09:58:06.900,5348.2000,54280,0,2333697080.000,0,-,-,-,-,5348.0000,5347.4000,5347.2000,5347.0000,5346.8000,5348.8000,5349.0000,5349.2000,5349.4000,5350.0000,4,1,1,2,3,1,1,3,1,4
SF,IC2003,2020-01-03 09:58:07.400,5348.0000,54279,-1,2336905880.000,3,1,2,多平,S,5348.0000,5347.4000,5347.2000,5347.0000,5346.8000,5348.6000,5348.8000,5349.2000,5349.4000,5350.0000,1,1,1,2,3,1,2,3,1,5
SF,IC2003,2020-01-03 09:58:07.900,5347.4000,54280,1,2339044960.000,2,1,1,空开,S,5347.2000,5347.0000,5346.8000,5346.6000,5346.4000,5348.0000,5348.2000,5348.8000,5349.2000,5350.0000,1,2,3,1,2,2,2,1,3,5
SF,IC2003,2020-01-03 09:58:08.400,5347.4000,54280,0,2339044960.000,0,-,-,-,-,5347.2000,5347.0000,5346.8000,5346.6000,5346.4000,5348.0000,5348.2000,5348.8000,5349.2000,5350.0000,1,2,3,1,2,3,2,1,3,5
SF,IC2003,2020-01-03 09:58:08.900,5347.4000,54280,0,2339044960.000,0,-,-,-,-,5347.2000,5347.0000,5346.8000,5346.6000,5346.4000,5347.8000,5348.0000,5348.2000,5348.8000,5349.2000,1,2,3,1,2,1,2,2,1,3
SF,IC2003,2020-01-03 09:58:09.400,5347.4000,54280,0,2339044960.000,0,-,-,-,-,5347.2000,5347.0000,5346.8000,5346.6000,5346.4000,5347.8000,5348.0000,5348.2000,5348.8000,5349.2000,1,2,3,1,2,1,2,2,1,3
SF,IC2003,2020-01-03 09:58:09.900,5347.2000,54279,-1,2340114400.000,1,0,1,双平,S,5347.0000,5346.8000,5346.6000,5346.4000,5346.2000,5347.2000,5348.2000,5348.8000,5349.2000,5350.0000,2,3,1,2,1,5,2,1,3,5
SF,IC2003,2020-01-03 09:58:10.400,5347.0000,54278,-1,2343322640.000,3,1,2,多平,S,5346.8000,5346.6000,5346.2000,5346.0000,5345.6000,5347.2000,5348.0000,5348.2000,5348.8000,5349.2000,3,1,1,6,5,2,2,2,1,3
SF,IC2003,2020-01-03 09:58:10.900,5346.6000,54280,2,2347600040.000,4,3,1,空开,S,5346.2000,5346.0000,5345.6000,5345.4000,5345.0000,5346.4000,5346.8000,5347.2000,5348.0000,5348.2000,1,6,5,1,11,3,1,2,2,2
SF,IC2003,2020-01-03 09:58:11.400,5346.4000,54280,0,2350807880.000,3,1,2,多换,S,5346.2000,5346.0000,5345.6000,5345.4000,5345.0000,5347.2000,5348.0000,5348.2000,5348.8000,5349.2000,1,6,5,1,11,3,2,2,1,2
SF,IC2003,2020-01-03 09:58:11.900,5347.2000,54279,-1,2351877320.000,1,0,1,双平,S,5346.2000,5346.0000,5345.6000,5345.4000,5345.0000,5347.2000,5348.0000,5348.2000,5348.8000,5349.2000,1,6,5,1,11,2,2,2,1,2
SF,IC2003,2020-01-03 09:58:12.900,5347.2000,54279,0,2351877320.000,0,-,-,-,-,5346.4000,5346.2000,5346.0000,5345.6000,5345.4000,5347.0000,5347.2000,5348.0000,5348.2000,5348.8000,2,1,6,5,1,1,2,2,2,1
SF,IC2003,2020-01-03 09:58:14.400,5346.4000,54278,-1,2352946600.000,1,0,1,双平,S,5346.4000,5346.2000,5346.0000,5345.6000,5345.4000,5347.0000,5347.2000,5348.0000,5348.2000,5348.8000,1,1,6,5,1,1,2,2,2,1
SF,IC2003,2020-01-03 09:58:14.900,5346.4000,54277,-1,2354015880.000,1,0,1,双平,S,5346.2000,5346.0000,5345.6000,5345.4000,5345.0000,5346.4000,5347.2000,5348.0000,5348.2000,5348.8000,1,7,5,1,11,2,2,2,2,1
SF,IC2003,2020-01-03 09:58:15.400,5346.4000,54275,-2,2356154440.000,2,0,2,双平,S,5346.4000,5346.2000,5346.0000,5345.6000,5345.4000,5347.2000,5348.0000,5348.2000,5349.2000,5350.0000,2,1,7,5,1,2,2,2,2,5
SF,IC2003,2020-01-03 09:58:15.900,5347.2000,54273,-2,2358293320.000,2,0,2,双平,S,5346.6000,5346.4000,5346.2000,5346.0000,5345.6000,5348.0000,5348.2000,5349.2000,5350.0000,5350.8000,1,2,1,7,5,2,2,2,5,1
SF,IC2003,2020-01-03 09:58:16.400,5347.2000,54273,0,2358293320.000,0,-,-,-,-,5346.6000,5346.4000,5346.2000,5346.0000,5345.6000,5348.0000,5348.2000,5349.2000,5350.0000,5350.8000,2,2,1,7,5,2,2,2,5,1
SF,IC2003,2020-01-03 09:58:16.900,5347.2000,54273,0,2358293320.000,0,-,-,-,-,5346.6000,5346.4000,5346.2000,5346.0000,5345.6000,5347.8000,5348.0000,5348.2000,5349.2000,5350.0000,1,2,1,7,5,1,2,2,2,5
SF,IC2003,2020-01-03 09:58:17.400,5347.2000,54273,0,2358293320.000,0,-,-,-,-,5347.0000,5346.8000,5346.6000,5346.4000,5346.2000,5348.0000,5348.2000,5349.2000,5350.0000,5350.8000,1,1,1,2,1,2,2,1,5,1
SF,IC2003,2020-01-03 09:58:17.900,5347.2000,54273,0,2358293320.000,0,-,-,-,-,5347.0000,5346.8000,5346.4000,5346.2000,5346.0000,5348.0000,5348.2000,5349.2000,5350.0000,5350.8000,1,2,2,1,7,2,2,1,5,1
SF,IC2003,2020-01-03 09:58:18.400,5347.2000,54273,0,2358293320.000,0,-,-,-,-,5347.0000,5346.8000,5346.4000,5346.2000,5346.0000,5347.8000,5348.0000,5348.2000,5349.2000,5350.0000,1,2,2,1,7,1,2,2,1,5
SF,IC2003,2020-01-03 09:58:18.900,5347.0000,54272,-1,2359362720.000,1,0,1,双平,S,5346.8000,5346.4000,5346.2000,5346.0000,5345.6000,5347.0000,5347.8000,5348.0000,5348.2000,5349.2000,1,2,1,7,5,6,1,2,2,1
SF,IC2003,2020-01-03 09:58:19.400,5347.0000,54272,0,2359362720.000,0,-,-,-,-,5346.8000,5346.4000,5346.2000,5346.0000,5345.6000,5347.0000,5347.8000,5348.0000,5348.2000,5349.2000,1,2,1,7,5,6,1,2,2,1
SF,IC2003,2020-01-03 09:58:19.900,5346.8000,54271,-1,2360432080.000,1,0,1,双平,S,5346.4000,5346.2000,5346.0000,5345.6000,5345.4000,5346.8000,5347.0000,5347.8000,5348.0000,5348.2000,2,1,7,5,1,4,6,1,2,2
SF,IC2003,2020-01-03 09:58:20.400,5346.8000,54271,0,2360432080.000,0,-,-,-,-,5346.2000,5346.0000,5345.6000,5345.4000,5345.0000,5346.8000,5347.0000,5347.8000,5348.0000,5348.2000,1,7,5,1,11,4,6,1,2,2
SF,IC2003,2020-01-03 09:58:20.900,5346.8000,54271,0,2360432080.000,0,-,-,-,-,5346.2000,5346.0000,5345.6000,5345.4000,5345.0000,5346.8000,5347.0000,5347.8000,5348.0000,5348.2000,1,7,5,1,11,1,6,1,2,2
SF,IC2003,2020-01-03 09:58:21.400,5346.8000,54271,0,2360432080.000,0,-,-,-,-,5346.2000,5346.0000,5345.6000,5345.4000,5345.0000,5346.8000,5347.0000,5347.8000,5348.0000,5348.2000,1,7,5,1,11,1,6,1,3,2
SF,IC2003,2020-01-03 09:58:22.400,5346.8000,54271,0,2360432080.000,0,-,-,-,-,5346.2000,5346.0000,5345.6000,5345.4000,5345.0000,5346.8000,5347.0000,5347.8000,5348.0000,5348.2000,2,7,5,1,11,1,6,1,3,2
SF,IC2003,2020-01-03 09:58:24.900,5346.8000,54271,0,2360432080.000,0,-,-,-,-,5346.2000,5346.0000,5345.6000,5345.4000,5345.0000,5346.8000,5347.0000,5347.8000,5348.0000,5348.2000,2,7,5,1,11,1,6,1,4,2
SF,IC2003,2020-01-03 09:58:25.900,5347.0000,54264,-7,2367917840.000,7,0,7,双平,S,5346.8000,5346.2000,5346.0000,5345.6000,5345.4000,5347.8000,5348.0000,5348.2000,5348.8000,5349.2000,4,2,7,5,1,1,4,2,1,1
SF,IC2003,2020-01-03 09:58:26.400,5347.0000,54264,0,2367917840.000,0,-,-,-,-,5346.2000,5346.0000,5345.6000,5345.4000,5345.0000,5347.6000,5347.8000,5348.0000,5348.2000,5348.8000,2,7,5,1,11,2,1,4,2,1
SF,IC2003,2020-01-03 09:58:26.900,5347.0000,54264,0,2367917840.000,0,-,-,-,-,5347.8000,5347.6000,5347.0000,5346.8000,5346.6000,5348.0000,5348.2000,5348.8000,5349.2000,5350.0000,1,5,2,1,1,4,2,1,1,4
SF,IC2003,2020-01-03 09:58:27.400,5347.8000,54261,-3,2372196200.000,4,0,4,多平,S,5347.0000,5346.4000,5346.2000,5346.0000,5345.6000,5348.0000,5348.2000,5348.8000,5349.2000,5350.0000,1,1,2,7,5,1,2,1,1,4
SF,IC2003,2020-01-03 09:58:27.900,5348.0000,54261,0,2373265800.000,1,0,1,多换,S,5347.2000,5347.0000,5346.4000,5346.2000,5346.0000,5348.2000,5348.8000,5349.2000,5350.0000,5350.8000,1,1,1,2,7,2,1,1,4,1
SF,IC2003,2020-01-03 09:58:28.400,5348.0000,54261,0,2373265800.000,0,-,-,-,-,5347.2000,5346.4000,5346.2000,5346.0000,5345.6000,5348.2000,5348.8000,5349.2000,5350.0000,5350.8000,1,1,2,7,5,2,1,1,4,1
SF,IC2003,2020-01-03 09:58:28.900,5348.0000,54261,0,2373265800.000,0,-,-,-,-,5346.4000,5346.2000,5346.0000,5345.6000,5345.4000,5348.2000,5348.8000,5349.2000,5350.0000,5350.8000,1,2,7,5,1,2,1,1,4,1
SF,IC2003,2020-01-03 09:58:29.400,5348.0000,54261,0,2373265800.000,0,-,-,-,-,5346.8000,5346.6000,5346.4000,5346.2000,5346.0000,5348.0000,5348.2000,5348.8000,5349.2000,5350.0000,2,5,1,2,7,2,2,1,1,4
SF,IC2003,2020-01-03 09:58:29.900,5346.8000,54260,-1,2374335160.000,1,0,1,双平,S,5346.6000,5346.4000,5346.2000,5346.0000,5345.6000,5346.8000,5348.2000,5348.8000,5349.2000,5350.0000,5,1,2,7,5,2,2,1,1,4
SF,IC2003,2020-01-03 09:58:30.400,5348.2000,54258,-2,2377543520.000,3,0,3,多平,S,5346.8000,5346.6000,5346.2000,5346.0000,5345.6000,5348.2000,5348.8000,5349.2000,5350.0000,5350.8000,3,3,2,7,5,1,1,1,4,1
SF,IC2003,2020-01-03 09:58:30.900,5348.2000,54258,0,2377543520.000,0,-,-,-,-,5346.8000,5346.6000,5346.2000,5346.0000,5345.6000,5348.0000,5348.2000,5348.8000,5349.2000,5350.0000,2,2,2,7,5,4,1,1,1,4
SF,IC2003,2020-01-03 09:58:31.400,5348.2000,54258,0,2377543520.000,0,-,-,-,-,5346.8000,5346.6000,5346.2000,5346.0000,5345.6000,5347.8000,5348.0000,5348.2000,5348.8000,5349.2000,2,1,2,7,5,2,2,1,1,1
SF,IC2003,2020-01-03 09:58:31.900,5348.2000,54258,0,2377543520.000,0,-,-,-,-,5346.8000,5346.2000,5346.0000,5345.6000,5345.4000,5348.0000,5348.2000,5348.8000,5349.2000,5350.0000,2,2,7,5,1,2,2,1,1,4
SF,IC2003,2020-01-03 09:58:32.400,5348.2000,54258,0,2377543520.000,0,-,-,-,-,5346.8000,5346.2000,5346.0000,5345.6000,5345.4000,5347.8000,5348.0000,5348.2000,5348.8000,5349.2000,1,2,7,5,1,3,2,2,1,1
SF,IC2003,2020-01-03 09:58:32.900,5348.2000,54258,0,2377543520.000,0,-,-,-,-,5346.2000,5346.0000,5345.6000,5345.4000,5345.0000,5347.4000,5347.6000,5347.8000,5348.2000,5348.8000,2,7,5,1,11,1,1,3,2,1
SF,IC2003,2020-01-03 09:58:33.400,5348.2000,54258,0,2377543520.000,0,-,-,-,-,5346.2000,5346.0000,5345.6000,5345.4000,5345.0000,5347.2000,5347.4000,5347.8000,5348.2000,5348.8000,2,7,5,1,11,1,1,3,2,1
SF,IC2003,2020-01-03 09:58:33.900,5348.2000,54258,0,2377543520.000,0,-,-,-,-,5346.2000,5346.0000,5345.6000,5345.4000,5345.0000,5347.2000,5347.4000,5347.8000,5348.2000,5348.8000,2,7,5,1,11,1,2,3,2,1
SF,IC2003,2020-01-03 09:58:34.400,5348.2000,54258,0,2377543520.000,0,-,-,-,-,5346.2000,5346.0000,5345.6000,5345.4000,5345.0000,5347.2000,5347.4000,5347.8000,5348.2000,5348.8000,2,7,5,1,11,1,1,2,2,1
SF,IC2003,2020-01-03 09:58:34.900,5348.2000,54258,0,2377543520.000,0,-,-,-,-,5346.2000,5346.0000,5345.6000,5345.4000,5345.0000,5347.2000,5347.4000,5347.8000,5348.2000,5348.8000,2,7,5,1,11,1,1,2,2,1
SF,IC2003,2020-01-03 09:58:35.400,5348.2000,54258,0,2377543520.000,0,-,-,-,-,5346.2000,5346.0000,5345.6000,5345.4000,5345.0000,5347.2000,5347.4000,5347.8000,5348.2000,5348.8000,2,7,5,1,11,1,1,2,2,1
SF,IC2003,2020-01-03 09:58:35.900,5348.2000,54258,0,2377543520.000,0,-,-,-,-,5346.2000,5346.0000,5345.6000,5345.4000,5345.0000,5347.0000,5347.2000,5347.4000,5347.8000,5348.2000,2,7,5,1,11,1,1,1,2,2
SF,IC2003,2020-01-03 09:58:36.400,5348.2000,54258,0,2377543520.000,0,-,-,-,-,5346.2000,5346.0000,5345.6000,5345.4000,5345.0000,5347.0000,5347.2000,5347.4000,5347.8000,5348.2000,3,7,5,1,11,1,1,1,2,2
SF,IC2003,2020-01-03 09:58:36.900,5348.2000,54258,0,2377543520.000,0,-,-,-,-,5346.2000,5346.0000,5345.6000,5345.4000,5345.0000,5347.2000,5347.4000,5347.8000,5348.2000,5348.8000,3,7,5,1,11,1,1,2,2,1
SF,IC2003,2020-01-03 09:58:37.900,5348.2000,54258,0,2377543520.000,0,-,-,-,-,5346.2000,5346.0000,5345.6000,5345.4000,5345.0000,5347.2000,5347.4000,5347.8000,5348.2000,5348.8000,3,7,5,1,11,1,1,2,1,1
SF,IC2003,2020-01-03 09:58:38.400,5348.2000,54258,0,2377543520.000,0,-,-,-,-,5346.2000,5346.0000,5345.6000,5345.4000,5345.0000,5347.0000,5347.2000,5347.4000,5348.2000,5348.8000,3,7,5,1,11,3,1,1,1,1
SF,IC2003,2020-01-03 09:58:40.400,5348.2000,54258,0,2377543520.000,0,-,-,-,-,5346.2000,5346.0000,5345.6000,5345.4000,5345.0000,5347.0000,5347.2000,5347.4000,5348.2000,5348.8000,4,7,5,1,11,3,1,1,1,1
SF,IC2003,2020-01-03 09:58:41.400,5348.2000,54258,0,2377543520.000,0,-,-,-,-,5346.2000,5346.0000,5345.6000,5345.4000,5345.0000,5347.0000,5347.2000,5348.2000,5348.8000,5349.2000,4,7,5,1,11,2,1,1,1,1
SF,IC2003,2020-01-03 09:58:41.900,5347.0000,54257,-1,2379682320.000,2,0,2,多平,S,5346.2000,5346.0000,5345.6000,5345.4000,5345.0000,5347.2000,5348.2000,5348.8000,5349.2000,5350.0000,4,7,5,1,11,1,1,1,1,4
SF,IC2003,2020-01-03 09:58:42.400,5347.2000,54256,-1,2380751760.000,1,0,1,双平,S,5346.4000,5346.2000,5346.0000,5345.6000,5345.4000,5348.2000,5348.8000,5349.2000,5350.0000,5350.8000,1,4,7,5,1,1,1,1,4,1
SF,IC2003,2020-01-03 09:58:42.900,5347.2000,54256,0,2380751760.000,0,-,-,-,-,5347.0000,5346.4000,5346.2000,5346.0000,5345.6000,5347.6000,5347.8000,5348.0000,5348.2000,5348.8000,1,2,4,7,5,1,1,3,1,1
SF,IC2003,2020-01-03 09:58:43.400,5347.0000,54257,1,2381821160.000,1,1,0,双开,S,5346.4000,5346.2000,5346.0000,5345.6000,5345.4000,5347.6000,5348.0000,5348.2000,5348.8000,5349.2000,2,4,7,5,1,1,3,1,1,1
SF,IC2003,2020-01-03 09:58:43.900,5347.0000,54257,0,2381821160.000,0,-,-,-,-,5347.0000,5346.4000,5346.2000,5346.0000,5345.6000,5347.6000,5348.0000,5348.2000,5348.8000,5349.2000,1,2,3,7,5,1,2,1,1,1
SF,IC2003,2020-01-03 09:58:45.900,5347.6000,54256,-1,2382890680.000,1,0,1,双平,S,5347.0000,5346.4000,5346.2000,5346.0000,5345.6000,5348.0000,5348.2000,5348.8000,5349.2000,5350.0000,1,2,3,7,5,2,1,1,1,4
SF,IC2003,2020-01-03 09:58:46.400,5347.6000,54256,0,2382890680.000,0,-,-,-,-,5347.2000,5347.0000,5346.4000,5346.2000,5346.0000,5348.2000,5348.8000,5349.2000,5350.0000,5350.8000,1,1,1,3,7,1,1,1,4,1
SF,IC2003,2020-01-03 09:58:46.900,5347.6000,54256,0,2382890680.000,0,-,-,-,-,5347.6000,5347.2000,5347.0000,5346.4000,5346.2000,5348.2000,5348.8000,5349.2000,5350.0000,5350.8000,1,1,1,1,3,1,1,1,4,1
SF,IC2003,2020-01-03 09:58:47.400,5347.6000,54256,0,2382890680.000,0,-,-,-,-,5347.6000,5347.2000,5347.0000,5346.4000,5346.2000,5348.2000,5348.8000,5349.2000,5350.0000,5350.8000,1,1,2,1,3,1,1,1,4,1
SF,IC2003,2020-01-03 09:58:47.900,5347.6000,54256,0,2382890680.000,0,-,-,-,-,5347.6000,5347.2000,5347.0000,5346.4000,5346.2000,5348.2000,5348.8000,5350.0000,5350.8000,5352.6000,1,1,2,1,3,1,1,3,1,1
SF,IC2003,2020-01-03 09:58:48.400,5347.6000,54256,0,2383960200.000,1,0,1,多换,S,5347.0000,5346.4000,5346.2000,5346.0000,5345.6000,5347.2000,5348.2000,5348.8000,5350.0000,5350.8000,2,1,3,7,5,1,1,1,3,1
SF,IC2003,2020-01-03 09:58:48.900,5347.2000,54255,-1,2385029640.000,1,0,1,双平,S,5347.0000,5346.4000,5346.2000,5346.0000,5345.6000,5348.2000,5348.8000,5350.0000,5350.8000,5352.6000,2,1,3,7,5,1,1,3,1,1
SF,IC2003,2020-01-03 09:58:49.400,5347.2000,54255,0,2385029640.000,0,-,-,-,-,5347.0000,5346.4000,5346.2000,5346.0000,5345.6000,5347.8000,5348.0000,5348.2000,5348.8000,5350.0000,1,1,3,7,5,1,4,1,1,3
SF,IC2003,2020-01-03 09:58:49.900,5347.2000,54255,0,2385029640.000,0,-,-,-,-,5347.0000,5346.4000,5346.2000,5346.0000,5345.6000,5347.8000,5348.0000,5348.2000,5348.8000,5350.0000,1,1,3,7,5,1,2,1,1,3
SF,IC2003,2020-01-03 09:58:50.400,5347.2000,54255,0,2385029640.000,0,-,-,-,-,5347.0000,5346.4000,5346.2000,5346.0000,5345.6000,5347.8000,5348.0000,5348.2000,5348.8000,5350.0000,1,1,3,5,5,1,2,1,1,3
SF,IC2003,2020-01-03 09:58:50.900,5347.8000,54254,-1,2386099200.000,1,0,1,双平,S,5347.0000,5346.4000,5346.2000,5346.0000,5345.6000,5348.0000,5348.2000,5348.8000,5350.0000,5350.8000,1,1,3,5,5,2,1,1,3,1
SF,IC2003,2020-01-03 09:58:51.400,5347.8000,54254,0,2386099200.000,0,-,-,-,-,5347.0000,5346.4000,5346.2000,5346.0000,5345.6000,5348.0000,5348.2000,5348.8000,5350.0000,5350.8000,2,1,3,5,5,1,1,1,3,1
SF,IC2003,2020-01-03 09:58:51.900,5347.8000,54254,0,2386099200.000,0,-,-,-,-,5347.0000,5346.4000,5346.2000,5346.0000,5345.6000,5348.0000,5348.2000,5348.8000,5350.0000,5350.8000,3,1,3,5,5,1,1,1,3,1
SF,IC2003,2020-01-03 09:58:52.400,5347.8000,54254,0,2386099200.000,0,-,-,-,-,5347.0000,5346.4000,5346.2000,5346.0000,5345.6000,5348.2000,5348.8000,5350.0000,5350.8000,5352.6000,3,1,3,5,5,1,1,3,1,1
SF,IC2003,2020-01-03 09:58:52.900,5347.8000,54254,0,2386099200.000,0,-,-,-,-,5347.2000,5347.0000,5346.4000,5346.2000,5346.0000,5348.2000,5348.8000,5350.0000,5350.8000,5352.6000,1,3,1,3,5,1,1,3,1,1
SF,IC2003,2020-01-03 09:58:53.400,5347.8000,54254,0,2386099200.000,0,-,-,-,-,5347.2000,5347.0000,5346.8000,5346.4000,5346.2000,5348.2000,5348.8000,5350.0000,5350.8000,5352.6000,1,3,1,1,3,1,1,3,1,1
SF,IC2003,2020-01-03 09:58:53.900,5348.0000,54254,0,2387168800.000,1,0,1,多换,S,5347.0000,5346.8000,5346.4000,5346.2000,5346.0000,5348.2000,5348.8000,5350.0000,5350.8000,5352.6000,3,1,1,3,5,1,1,3,1,1
SF,IC2003,2020-01-03 09:58:55.400,5348.0000,54254,0,2387168800.000,0,-,-,-,-,5347.0000,5346.8000,5346.4000,5346.2000,5346.0000,5348.2000,5348.8000,5349.0000,5350.0000,5350.8000,3,1,1,3,5,1,1,1,3,1
SF,IC2003,2020-01-03 09:58:56.400,5347.0000,54253,-1,2388238200.000,1,0,1,双平,S,5347.0000,5346.8000,5346.4000,5346.2000,5346.0000,5348.2000,5348.8000,5349.0000,5350.0000,5350.8000,2,1,1,3,5,1,1,1,3,1
SF,IC2003,2020-01-03 09:58:56.900,5347.0000,54253,0,2388238200.000,0,-,-,-,-,5347.0000,5346.8000,5346.4000,5346.2000,5346.0000,5348.0000,5348.2000,5348.8000,5349.0000,5350.0000,2,1,1,3,5,3,1,1,1,3
SF,IC2003,2020-01-03 09:58:57.400,5347.0000,54253,0,2388238200.000,0,-,-,-,-,5347.0000,5346.8000,5346.2000,5346.0000,5345.6000,5347.8000,5348.0000,5348.2000,5348.8000,5349.0000,2,1,3,5,5,1,3,1,1,1
SF,IC2003,2020-01-03 09:58:57.900,5347.8000,54252,-1,2389307760.000,1,0,1,双平,S,5347.0000,5346.8000,5346.2000,5346.0000,5345.6000,5348.0000,5348.2000,5348.8000,5349.0000,5350.0000,2,1,3,5,5,3,1,1,1,3
SF,IC2003,2020-01-03 09:58:58.400,5347.8000,54252,0,2389307760.000,0,-,-,-,-,5347.2000,5347.0000,5346.8000,5346.2000,5346.0000,5347.8000,5348.0000,5348.2000,5348.8000,5349.0000,2,2,1,3,5,2,1,1,1,1
SF,IC2003,2020-01-03 09:58:58.900,5347.8000,54252,0,2389307760.000,0,-,-,-,-,5347.2000,5347.0000,5346.8000,5346.2000,5346.0000,5348.2000,5348.8000,5349.0000,5350.0000,5350.8000,2,2,1,3,5,1,1,1,3,1
SF,IC2003,2020-01-03 09:58:59.400,5347.8000,54252,0,2389307760.000,0,-,-,-,-,5347.2000,5347.0000,5346.8000,5346.2000,5346.0000,5348.2000,5348.8000,5349.0000,5350.0000,5350.8000,2,2,1,3,5,1,1,1,3,1
SF,IC2003,2020-01-03 09:59:00.400,5347.8000,54252,0,2389307760.000,0,-,-,-,-,5347.2000,5347.0000,5346.8000,5346.2000,5346.0000,5348.2000,5348.8000,5349.0000,5350.0000,5350.8000,2,2,1,4,5,1,1,1,3,1
SF,IC2003,2020-01-03 09:59:00.900,5347.8000,54252,0,2389307760.000,0,-,-,-,-,5347.2000,5347.0000,5346.8000,5346.2000,5346.0000,5348.2000,5348.8000,5349.0000,5350.0000,5352.6000,2,2,1,4,5,1,1,1,3,1
SF,IC2003,2020-01-03 09:59:01.400,5346.8000,54249,-3,2394654800.000,5,1,4,多平,S,5346.2000,5346.0000,5345.6000,5345.4000,5345.0000,5347.0000,5347.4000,5347.8000,5348.0000,5348.2000,4,5,5,1,11,1,2,2,3,1
SF,IC2003,2020-01-03 09:59:01.900,5346.2000,54250,1,2397862760.000,3,2,1,空开,S,5346.2000,5346.0000,5345.6000,5345.4000,5345.0000,5346.6000,5346.8000,5347.8000,5348.0000,5348.2000,3,5,5,1,11,1,2,2,1,1
SF,IC2003,2020-01-03 09:59:02.400,5346.2000,54249,-1,2400001240.000,2,0,2,多平,S,5346.2000,5346.0000,5345.6000,5345.4000,5345.0000,5346.6000,5346.8000,5347.2000,5347.8000,5348.0000,1,5,5,1,11,1,1,1,2,1
SF,IC2003,2020-01-03 09:59:02.900,5346.0000,54245,-4,2406416480.000,6,1,5,多平,S,5345.6000,5345.4000,5345.0000,5344.6000,5344.2000,5346.2000,5346.6000,5347.2000,5347.8000,5348.0000,5,1,11,1,2,1,1,1,2,1
SF,IC2003,2020-01-03 09:59:03.400,5345.6000,54245,0,2407485600.000,1,0,1,多换,S,5345.6000,5345.4000,5345.0000,5344.6000,5344.2000,5345.8000,5346.0000,5346.6000,5347.2000,5347.8000,4,1,11,1,2,1,3,1,1,1
SF,IC2003,2020-01-03 09:59:03.900,5345.4000,54244,-1,2412831160.000,5,2,3,多平,S,5345.0000,5344.6000,5344.2000,5343.4000,5342.2000,5345.4000,5345.8000,5346.0000,5346.2000,5346.6000,11,1,2,1,1,5,1,1,1,1
SF,IC2003,2020-01-03 09:59:04.400,5345.0000,54245,1,2422452160.000,9,5,4,空开,S,5345.0000,5344.6000,5344.2000,5343.4000,5342.2000,5345.6000,5345.8000,5346.0000,5346.6000,5347.2000,2,1,2,1,1,1,1,1,1,1
SF,IC2003,2020-01-03 09:59:04.900,5344.6000,54243,-2,2425659080.000,3,0,3,多平,S,5344.2000,5343.4000,5342.2000,5342.0000,5341.6000,5344.4000,5344.8000,5345.0000,5345.2000,5345.8000,2,1,1,3,1,4,2,2,1,1
SF,IC2003,2020-01-03 09:59:05.400,5344.2000,54241,-2,2428865600.000,3,0,3,多平,S,5343.4000,5342.2000,5342.0000,5341.6000,5341.4000,5344.4000,5345.0000,5345.2000,5345.8000,5346.0000,1,1,3,1,1,4,3,1,1,1
SF,IC2003,2020-01-03 09:59:05.900,5342.2000,54240,-1,2431002720.000,2,0,2,多平,S,5342.0000,5341.6000,5341.4000,5341.2000,5341.0000,5344.0000,5344.2000,5344.4000,5345.0000,5345.2000,3,1,1,2,1,3,2,5,2,1
SF,IC2003,2020-01-03 09:59:06.400,5343.4000,54237,-3,2435277760.000,4,0,4,多平,S,5343.4000,5342.4000,5342.2000,5342.0000,5341.6000,5344.4000,5345.0000,5345.2000,5346.0000,5347.0000,1,2,5,3,1,5,2,1,1,2
SF,IC2003,2020-01-03 09:59:06.900,5343.6000,54237,0,2439553120.000,4,2,2,多换,S,5343.6000,5342.4000,5342.2000,5342.0000,5341.6000,5344.4000,5345.0000,5345.2000,5346.0000,5347.0000,1,1,2,3,3,2,2,1,1,2
SF,IC2003,2020-01-03 09:59:07.400,5344.4000,54237,0,2440622000.000,1,0,1,多换,S,5343.6000,5342.4000,5342.2000,5342.0000,5341.6000,5344.4000,5345.0000,5345.2000,5346.0000,5347.0000,1,1,2,3,3,1,2,1,1,2
SF,IC2003,2020-01-03 09:59:07.900,5344.4000,54237,0,2440622000.000,0,-,-,-,-,5343.6000,5342.4000,5342.2000,5342.0000,5341.6000,5344.4000,5345.0000,5345.2000,5346.0000,5347.0000,1,1,2,3,3,1,2,1,1,2
SF,IC2003,2020-01-03 09:59:08.400,5344.4000,54237,0,2440622000.000,0,-,-,-,-,5342.4000,5342.0000,5341.6000,5341.4000,5341.2000,5344.2000,5344.4000,5345.0000,5345.2000,5346.0000,1,3,3,1,2,1,1,2,1,1
SF,IC2003,2020-01-03 09:59:08.900,5344.4000,54237,0,2440622000.000,0,-,-,-,-,5343.0000,5342.8000,5342.6000,5342.0000,5341.6000,5343.6000,5344.2000,5344.4000,5345.0000,5345.2000,1,2,3,3,3,1,1,1,2,1
SF,IC2003,2020-01-03 09:59:09.400,5344.4000,54237,0,2440622000.000,0,-,-,-,-,5342.6000,5342.0000,5341.6000,5341.4000,5341.2000,5343.6000,5344.2000,5344.4000,5345.0000,5345.2000,3,3,3,1,2,1,1,1,2,1
SF,IC2003,2020-01-03 09:59:09.900,5344.4000,54237,0,2440622000.000,0,-,-,-,-,5342.6000,5342.0000,5341.6000,5341.4000,5341.2000,5343.6000,5344.2000,5344.4000,5345.0000,5345.2000,2,3,3,1,2,2,1,1,2,1
SF,IC2003,2020-01-03 09:59:10.400,5344.4000,54237,0,2440622000.000,0,-,-,-,-,5342.6000,5342.0000,5341.6000,5341.4000,5341.2000,5343.6000,5344.2000,5344.4000,5345.0000,5345.2000,1,3,3,1,2,2,1,1,2,1
SF,IC2003,2020-01-03 09:59:10.900,5344.4000,54237,0,2440622000.000,0,-,-,-,-,5342.6000,5342.0000,5341.6000,5341.4000,5341.2000,5343.6000,5344.2000,5344.4000,5345.0000,5345.2000,1,3,3,1,2,2,1,1,1,1
SF,IC2003,2020-01-03 09:59:11.400,5342.6000,54236,-1,2442759240.000,2,0,2,多平,S,5342.0000,5341.6000,5341.4000,5341.2000,5341.0000,5343.6000,5344.2000,5344.4000,5345.0000,5345.2000,3,3,1,2,1,1,1,1,1,1
SF,IC2003,2020-01-03 09:59:11.900,5342.6000,54236,0,2442759240.000,0,-,-,-,-,5342.4000,5342.2000,5342.0000,5341.6000,5341.4000,5342.6000,5343.6000,5344.2000,5344.4000,5345.0000,1,3,3,3,1,1,1,1,1,1
SF,IC2003,2020-01-03 09:59:12.400,5342.6000,54236,0,2443827760.000,1,0,1,多换,S,5342.8000,5342.6000,5342.0000,5341.6000,5341.4000,5343.6000,5344.2000,5344.4000,5345.0000,5345.2000,4,10,3,3,1,1,1,1,1,1
SF,IC2003,2020-01-03 09:59:12.900,5343.6000,54235,-1,2444896480.000,1,0,1,双平,S,5343.8000,5343.6000,5343.0000,5342.8000,5342.6000,5344.2000,5344.4000,5345.0000,5345.2000,5346.0000,1,2,3,4,5,1,1,1,1,1
SF,IC2003,2020-01-03 09:59:13.400,5343.6000,54233,-2,2453447480.000,8,3,5,多平,S,5343.0000,5342.8000,5342.6000,5342.0000,5341.6000,5346.0000,5347.0000,5347.6000,5347.8000,5348.2000,3,4,4,3,3,1,2,1,1,1
SF,IC2003,2020-01-03 09:59:13.900,5343.6000,54233,0,2453447480.000,0,-,-,-,-,5343.6000,5343.4000,5343.2000,5343.0000,5342.8000,5345.8000,5346.0000,5347.0000,5347.6000,5347.8000,1,1,6,3,3,1,1,2,1,1
SF,IC2003,2020-01-03 09:59:14.400,5343.6000,54233,0,2453447480.000,0,-,-,-,-,5343.6000,5343.4000,5343.2000,5343.0000,5342.8000,5345.6000,5345.8000,5347.0000,5347.6000,5347.8000,1,1,4,3,3,1,1,2,1,1
SF,IC2003,2020-01-03 09:59:14.900,5343.6000,54232,-1,2454516200.000,1,0,1,双平,S,5343.4000,5343.2000,5343.0000,5342.8000,5342.6000,5345.0000,5345.4000,5345.6000,5345.8000,5347.0000,1,1,3,3,4,1,3,1,1,2
SF,IC2003,2020-01-03 09:59:15.400,5343.2000,54231,-1,2456653520.000,2,0,2,多平,S,5343.0000,5342.8000,5342.6000,5342.0000,5341.6000,5343.6000,5344.0000,5344.2000,5344.4000,5344.6000,1,3,4,3,1,3,1,2,3,3
SF,IC2003,2020-01-03 09:59:15.900,5343.4000,54230,-1,2457722200.000,1,0,1,双平,S,5343.0000,5342.8000,5342.6000,5342.0000,5341.6000,5343.4000,5344.0000,5344.2000,5344.4000,5344.6000,1,3,2,3,1,1,1,2,1,3
SF,IC2003,2020-01-03 09:59:16.400,5342.8000,54228,-2,2459859360.000,2,0,2,双平,S,5342.8000,5342.6000,5342.0000,5341.6000,5341.4000,5343.0000,5343.2000,5344.0000,5344.2000,5344.6000,2,2,3,1,1,1,1,1,2,3
SF,IC2003,2020-01-03 09:59:16.900,5342.6000,54226,-2,2466270440.000,6,2,4,多平,S,5342.0000,5341.6000,5341.4000,5341.2000,5341.0000,5342.6000,5342.8000,5343.0000,5343.6000,5344.0000,2,1,1,2,1,1,1,1,2,1
SF,IC2003,2020-01-03 09:59:17.400,5342.6000,54226,0,2466270440.000,0,-,-,-,-,5342.0000,5341.6000,5341.4000,5341.2000,5341.0000,5342.4000,5342.6000,5343.0000,5343.6000,5344.0000,2,1,1,2,1,1,1,1,2,1
SF,IC2003,2020-01-03 09:59:17.900,5342.0000,54226,0,2469475640.000,3,1,2,多换,S,5341.6000,5341.4000,5341.2000,5341.0000,5340.6000,5342.2000,5343.0000,5343.6000,5344.0000,5344.2000,1,1,2,1,1,1,1,2,1,1
SF,IC2003,2020-01-03 09:59:18.400,5342.2000,54222,-4,2473749400.000,4,0,4,双平,S,5342.2000,5341.8000,5341.6000,5341.4000,5341.2000,5343.0000,5343.6000,5344.0000,5344.2000,5344.6000,2,1,1,1,3,1,2,1,1,2
SF,IC2003,2020-01-03 09:59:18.900,5342.2000,54222,0,2473749400.000,0,-,-,-,-,5342.2000,5341.8000,5341.6000,5341.4000,5341.2000,5343.0000,5343.6000,5344.0000,5344.2000,5344.6000,2,1,1,1,3,1,2,1,1,2
SF,IC2003,2020-01-03 09:59:20.400,5342.2000,54222,0,2473749400.000,0,-,-,-,-,5342.6000,5342.2000,5341.8000,5341.6000,5341.4000,5343.0000,5343.6000,5344.0000,5344.2000,5344.6000,3,2,1,1,1,1,2,1,1,2
SF,IC2003,2020-01-03 09:59:20.900,5342.6000,54222,0,2476954960.000,3,1,2,多换,S,5341.6000,5341.4000,5341.2000,5341.0000,5340.6000,5342.6000,5343.0000,5343.6000,5344.0000,5344.2000,1,1,3,1,1,2,1,2,1,1
SF,IC2003,2020-01-03 09:59:21.400,5342.6000,54222,0,2476954960.000,0,-,-,-,-,5342.0000,5341.6000,5341.4000,5341.2000,5341.0000,5342.6000,5343.0000,5343.6000,5344.0000,5344.2000,1,1,1,3,1,3,1,2,1,1
SF,IC2003,2020-01-03 09:59:22.400,5341.4000,54220,-2,2480159960.000,3,0,3,多平,S,5341.2000,5341.0000,5340.6000,5340.4000,5340.2000,5342.6000,5343.0000,5343.6000,5344.0000,5344.2000,3,1,1,1,5,3,1,2,1,1
SF,IC2003,2020-01-03 09:59:22.900,5342.6000,54219,-1,2481228480.000,1,0,1,双平,S,5341.4000,5341.2000,5341.0000,5340.6000,5340.4000,5342.6000,5343.0000,5343.6000,5344.0000,5344.2000,1,3,1,1,1,2,1,2,1,1
SF,IC2003,2020-01-03 09:59:23.400,5342.6000,54219,0,2481228480.000,0,-,-,-,-,5341.2000,5341.0000,5340.6000,5340.4000,5340.2000,5342.4000,5342.6000,5343.0000,5343.6000,5344.0000,3,1,1,1,5,1,3,1,2,1
SF,IC2003,2020-01-03 09:59:23.900,5342.6000,54219,0,2481228480.000,0,-,-,-,-,5341.2000,5341.0000,5340.6000,5340.4000,5340.2000,5342.4000,5342.6000,5343.0000,5343.6000,5344.0000,3,1,1,1,5,2,2,1,2,1
SF,IC2003,2020-01-03 09:59:24.400,5342.6000,54219,0,2481228480.000,0,-,-,-,-,5341.2000,5341.0000,5340.6000,5340.4000,5340.2000,5342.2000,5342.4000,5342.6000,5343.0000,5343.6000,3,1,1,1,5,1,2,2,1,2
SF,IC2003,2020-01-03 09:59:24.900,5341.2000,54217,-2,2483364960.000,2,0,2,双平,S,5341.2000,5341.0000,5340.6000,5340.4000,5340.2000,5342.0000,5342.2000,5342.6000,5343.0000,5343.6000,1,1,1,1,5,2,2,2,1,2
SF,IC2003,2020-01-03 09:59:25.400,5341.2000,54219,2,2488706160.000,5,3,2,空开,S,5341.2000,5341.0000,5340.6000,5340.4000,5340.2000,5342.0000,5342.2000,5342.6000,5343.0000,5343.6000,1,1,1,1,5,4,2,2,1,2
SF,IC2003,2020-01-03 09:59:25.900,5341.2000,54219,0,2489774400.000,1,0,1,多换,S,5341.0000,5340.6000,5340.4000,5340.2000,5340.0000,5342.0000,5342.2000,5342.6000,5343.0000,5343.6000,1,1,1,5,12,3,2,1,1,2
SF,IC2003,2020-01-03 09:59:26.400,5342.0000,54217,-2,2492979360.000,3,0,3,多平,S,5340.6000,5340.4000,5340.2000,5340.0000,5339.6000,5341.0000,5342.0000,5342.2000,5342.6000,5343.0000,1,1,5,12,1,1,2,2,1,1
SF,IC2003,2020-01-03 09:59:26.900,5341.0000,54215,-2,2495115760.000,2,0,2,双平,S,5340.6000,5340.4000,5340.2000,5340.0000,5339.6000,5342.0000,5342.2000,5342.6000,5343.0000,5343.6000,1,1,5,12,1,1,2,1,1,2
SF,IC2003,2020-01-03 09:59:27.900,5341.0000,54215,0,2495115760.000,0,-,-,-,-,5341.0000,5340.6000,5340.4000,5340.2000,5340.0000,5342.0000,5342.2000,5342.6000,5343.0000,5343.6000,1,1,3,5,12,1,2,1,1,2
SF,IC2003,2020-01-03 09:59:28.400,5341.0000,54215,0,2495115760.000,0,-,-,-,-,5341.0000,5340.6000,5340.4000,5340.2000,5340.0000,5342.2000,5342.6000,5343.0000,5343.6000,5344.0000,1,1,3,5,12,1,1,1,2,1
SF,IC2003,2020-01-03 09:59:28.900,5341.0000,54215,0,2495115760.000,0,-,-,-,-,5341.0000,5340.6000,5340.4000,5340.2000,5340.0000,5342.6000,5343.0000,5343.6000,5344.0000,5344.2000,1,1,3,5,12,1,1,2,1,1
SF,IC2003,2020-01-03 09:59:29.400,5341.0000,54215,0,2495115760.000,0,-,-,-,-,5341.2000,5341.0000,5340.6000,5340.4000,5340.2000,5342.6000,5343.6000,5344.0000,5344.2000,5344.4000,1,1,1,3,5,1,2,1,1,1
SF,IC2003,2020-01-03 09:59:29.900,5341.0000,54214,-1,2496183960.000,1,0,1,双平,S,5341.0000,5340.6000,5340.4000,5340.2000,5340.0000,5342.6000,5343.6000,5344.0000,5344.2000,5344.4000,1,1,3,5,12,1,2,1,1,1
SF,IC2003,2020-01-03 09:59:30.400,5341.0000,54214,0,2496183960.000,0,-,-,-,-,5341.2000,5341.0000,5340.6000,5340.4000,5340.2000,5342.4000,5342.6000,5343.6000,5344.0000,5344.2000,1,1,1,3,5,2,1,2,1,1
SF,IC2003,2020-01-03 09:59:30.900,5341.0000,54214,0,2496183960.000,0,-,-,-,-,5341.2000,5341.0000,5340.6000,5340.4000,5340.2000,5342.4000,5342.6000,5343.6000,5344.0000,5344.2000,1,1,1,3,5,3,1,2,1,1
SF,IC2003,2020-01-03 09:59:31.400,5341.0000,54212,-2,2498320360.000,2,0,2,双平,S,5340.6000,5340.4000,5340.2000,5340.0000,5339.6000,5342.2000,5342.4000,5342.6000,5343.6000,5344.0000,1,3,5,12,1,2,2,1,2,1
SF,IC2003,2020-01-03 09:59:31.900,5341.0000,54212,0,2498320360.000,0,-,-,-,-,5340.8000,5340.6000,5340.4000,5340.2000,5340.0000,5342.2000,5342.4000,5342.6000,5343.6000,5344.0000,1,1,3,5,12,1,2,1,2,1
SF,IC2003,2020-01-03 09:59:32.400,5341.0000,54212,0,2498320360.000,0,-,-,-,-,5340.8000,5340.6000,5340.4000,5340.2000,5340.0000,5342.4000,5342.6000,5343.6000,5344.0000,5344.2000,1,1,3,5,12,2,1,2,1,1
SF,IC2003,2020-01-03 09:59:32.900,5341.0000,54212,0,2498320360.000,0,-,-,-,-,5340.6000,5340.4000,5340.2000,5340.0000,5339.6000,5341.2000,5342.0000,5342.2000,5342.4000,5342.6000,1,3,5,12,1,3,4,2,2,1
SF,IC2003,2020-01-03 09:59:33.400,5341.0000,54212,0,2498320360.000,0,-,-,-,-,5340.6000,5340.4000,5340.2000,5340.0000,5339.6000,5341.2000,5342.4000,5342.6000,5343.6000,5344.0000,1,3,5,12,1,3,2,1,2,1
SF,IC2003,2020-01-03 09:59:33.900,5341.2000,54214,2,2500456840.000,2,2,0,双开,S,5340.6000,5340.4000,5340.2000,5340.0000,5339.6000,5341.2000,5342.4000,5342.6000,5343.6000,5344.0000,1,3,5,13,1,1,2,1,2,1
SF,IC2003,2020-01-03 09:59:34.400,5341.2000,54214,0,2500456840.000,0,-,-,-,-,5340.6000,5340.4000,5340.2000,5340.0000,5339.6000,5340.8000,5341.0000,5341.2000,5342.4000,5342.6000,1,3,5,13,1,4,1,1,1,1
SF,IC2003,2020-01-03 09:59:34.900,5341.2000,54214,0,2500456840.000,0,-,-,-,-,5340.6000,5340.4000,5340.2000,5340.0000,5339.6000,5340.8000,5341.0000,5341.2000,5342.2000,5342.4000,1,3,5,13,1,4,1,1,1,1
SF,IC2003,2020-01-03 09:59:35.400,5340.8000,54213,-1,2505797600.000,5,2,3,多平,S,5340.8000,5340.4000,5340.2000,5340.0000,5339.6000,5341.0000,5341.2000,5342.2000,5342.4000,5342.6000,7,3,5,13,1,1,1,1,1,1
SF,IC2003,2020-01-03 09:59:35.900,5340.8000,54213,0,2506865760.000,1,0,1,多换,S,5340.8000,5340.4000,5340.2000,5340.0000,5339.6000,5341.0000,5341.2000,5342.2000,5342.4000,5342.6000,6,3,5,13,1,1,1,1,1,1
SF,IC2003,2020-01-03 09:59:36.400,5340.8000,54210,-3,2514343360.000,7,2,5,多平,S,5340.8000,5340.4000,5340.2000,5340.0000,5339.6000,5342.4000,5342.6000,5343.6000,5344.0000,5344.2000,4,3,5,13,1,1,1,2,1,1
SF,IC2003,2020-01-03 09:59:36.900,5340.8000,54210,0,2514343360.000,0,-,-,-,-,5340.8000,5340.4000,5340.2000,5340.0000,5339.6000,5341.8000,5342.0000,5342.4000,5342.6000,5343.6000,5,3,5,13,1,2,3,1,1,2
SF,IC2003,2020-01-03 09:59:37.400,5340.8000,54210,0,2514343360.000,0,-,-,-,-,5340.8000,5340.4000,5340.2000,5340.0000,5339.6000,5341.8000,5342.4000,5342.6000,5343.6000,5344.0000,5,3,5,13,1,2,1,1,2,1
SF,IC2003,2020-01-03 09:59:37.900,5340.8000,54209,-1,2521820480.000,7,3,4,多平,S,5340.4000,5340.2000,5340.0000,5339.6000,5338.0000,5341.6000,5341.8000,5342.6000,5343.6000,5344.0000,3,5,13,1,3,2,2,1,2,1
SF,IC2003,2020-01-03 09:59:38.400,5340.4000,54208,-1,2522888560.000,1,0,1,双平,S,5340.4000,5340.2000,5340.0000,5339.6000,5338.0000,5341.4000,5341.6000,5341.8000,5342.6000,5343.6000,2,5,13,1,3,1,2,2,1,2
SF,IC2003,2020-01-03 09:59:38.900,5340.4000,54206,-2,2525024720.000,2,0,2,双平,S,5340.2000,5340.0000,5339.6000,5338.0000,5337.6000,5341.2000,5341.6000,5341.8000,5342.6000,5343.6000,5,13,1,3,1,3,1,1,1,2
SF,IC2003,2020-01-03 09:59:39.400,5340.8000,54206,0,2527161040.000,2,1,1,多换,S,5340.2000,5340.0000,5339.6000,5338.0000,5337.6000,5340.8000,5341.0000,5341.2000,5341.6000,5342.6000,5,13,1,3,1,2,3,3,1,1
SF,IC2003,2020-01-03 09:59:39.900,5341.2000,54209,3,2537843040.000,10,6,4,空开,S,5340.2000,5340.0000,5339.6000,5338.0000,5337.6000,5341.2000,5341.6000,5342.6000,5343.6000,5344.0000,5,13,1,3,1,1,1,1,2,1
SF,IC2003,2020-01-03 09:59:40.400,5341.2000,54209,0,2537843040.000,0,-,-,-,-,5340.2000,5340.0000,5339.6000,5338.0000,5337.6000,5340.8000,5341.2000,5341.6000,5342.6000,5342.8000,5,13,1,3,1,3,1,1,1,2
SF,IC2003,2020-01-03 09:59:40.900,5341.2000,54209,0,2537843040.000,0,-,-,-,-,5340.2000,5340.0000,5339.6000,5338.0000,5337.6000,5340.8000,5341.2000,5342.0000,5342.6000,5342.8000,5,13,1,3,1,1,1,1,1,2
SF,IC2003,2020-01-03 09:59:41.400,5340.6000,54207,-2,2542115480.000,4,1,3,多平,S,5340.8000,5340.2000,5340.0000,5339.6000,5338.0000,5341.2000,5342.0000,5342.6000,5342.8000,5343.6000,3,4,13,1,3,1,1,1,2,2
SF,IC2003,2020-01-03 09:59:41.900,5340.8000,54204,-3,2545319960.000,3,0,3,双平,S,5340.2000,5340.0000,5339.6000,5338.0000,5337.0000,5340.6000,5340.8000,5341.2000,5342.0000,5342.6000,4,13,1,3,2,1,3,1,1,1
SF,IC2003,2020-01-03 09:59:42.400,5340.8000,54203,-1,2549592560.000,4,1,3,多平,S,5340.2000,5340.0000,5339.6000,5338.0000,5337.0000,5341.2000,5342.0000,5342.6000,5342.8000,5343.6000,4,13,1,3,2,1,1,1,2,2
SF,IC2003,2020-01-03 09:59:42.900,5340.8000,54203,0,2549592560.000,0,-,-,-,-,5340.2000,5340.0000,5339.6000,5338.0000,5337.0000,5341.2000,5342.0000,5342.6000,5342.8000,5343.6000,4,13,1,3,2,1,1,1,2,2
SF,IC2003,2020-01-03 09:59:43.400,5341.2000,54202,-1,2550660800.000,1,0,1,双平,S,5341.2000,5340.8000,5340.4000,5340.2000,5340.0000,5342.0000,5342.6000,5342.8000,5343.6000,5344.4000,1,1,2,4,13,1,1,2,2,1
SF,IC2003,2020-01-03 09:59:43.900,5342.0000,54207,5,2558139200.000,7,6,1,空开,S,5342.0000,5341.2000,5340.8000,5340.4000,5340.2000,5342.6000,5342.8000,5343.6000,5344.4000,5344.6000,4,1,1,2,4,1,2,2,1,1
SF,IC2003,2020-01-03 09:59:44.400,5341.2000,54211,4,2563481040.000,5,4,1,空开,S,5340.8000,5340.4000,5340.2000,5340.0000,5339.6000,5342.0000,5342.2000,5342.6000,5342.8000,5343.6000,1,2,4,12,1,1,1,1,2,2
SF,IC2003,2020-01-03 09:59:44.900,5342.6000,54209,-2,2566686400.000,3,0,3,多平,S,5342.0000,5341.8000,5341.4000,5341.0000,5340.8000,5343.6000,5344.4000,5344.6000,5345.2000,5347.0000,4,1,2,2,2,2,1,1,3,2
SF,IC2003,2020-01-03 09:59:45.400,5342.6000,54209,0,2566686400.000,0,-,-,-,-,5342.2000,5342.0000,5341.4000,5341.0000,5340.8000,5343.6000,5344.4000,5344.6000,5345.2000,5347.0000,1,2,1,1,2,2,1,1,3,2
SF,IC2003,2020-01-03 09:59:45.900,5342.6000,54209,0,2566686400.000,0,-,-,-,-,5341.4000,5341.0000,5340.8000,5340.4000,5340.2000,5343.4000,5343.6000,5344.4000,5344.6000,5345.2000,1,1,1,2,4,2,2,1,1,3
SF,IC2003,2020-01-03 09:59:46.400,5343.4000,54208,-1,2567755080.000,1,0,1,双平,S,5342.2000,5342.0000,5341.6000,5340.8000,5340.4000,5343.4000,5343.6000,5344.4000,5344.6000,5345.2000,1,1,6,1,2,1,2,1,1,3
SF,IC2003,2020-01-03 09:59:46.900,5343.4000,54208,0,2567755080.000,0,-,-,-,-,5341.6000,5340.8000,5340.4000,5340.2000,5340.0000,5343.2000,5343.4000,5343.6000,5344.4000,5344.6000,2,1,2,4,12,1,2,2,1,1
SF,IC2003,2020-01-03 09:59:47.400,5343.4000,54208,0,2567755080.000,0,-,-,-,-,5342.2000,5342.0000,5341.8000,5341.6000,5340.8000,5343.4000,5343.6000,5344.4000,5344.6000,5345.2000,2,1,1,2,1,1,2,1,1,3
SF,IC2003,2020-01-03 09:59:47.900,5343.4000,54208,0,2567755080.000,0,-,-,-,-,5342.2000,5342.0000,5341.6000,5340.8000,5340.4000,5343.4000,5343.6000,5344.4000,5344.6000,5345.2000,1,1,1,1,2,1,2,1,1,3
SF,IC2003,2020-01-03 09:59:48.400,5343.4000,54208,0,2567755080.000,0,-,-,-,-,5342.4000,5342.0000,5340.8000,5340.4000,5340.2000,5342.6000,5343.0000,5343.2000,5343.4000,5343.6000,1,1,1,2,4,1,2,1,1,2
SF,IC2003,2020-01-03 09:59:48.900,5342.6000,54207,-1,2569892120.000,2,0,2,多平,S,5342.0000,5340.8000,5340.6000,5340.4000,5340.2000,5343.4000,5343.6000,5344.4000,5344.6000,5345.2000,1,1,1,2,4,1,2,1,1,3
SF,IC2003,2020-01-03 09:59:49.400,5342.2000,54207,0,2573097440.000,3,1,2,多换,S,5340.8000,5340.6000,5340.4000,5340.2000,5340.0000,5342.4000,5342.8000,5343.0000,5343.2000,5343.4000,1,1,2,4,13,1,1,2,1,1
SF,IC2003,2020-01-03 09:59:49.900,5342.2000,54207,0,2573097440.000,0,-,-,-,-,5341.8000,5341.2000,5340.8000,5340.6000,5340.4000,5342.0000,5342.2000,5342.4000,5342.8000,5343.0000,1,1,1,1,2,1,2,1,1,2
SF,IC2003,2020-01-03 09:59:50.400,5341.8000,54207,0,2574165800.000,1,0,1,多换,S,5341.0000,5340.8000,5340.6000,5340.4000,5340.2000,5341.2000,5341.4000,5341.6000,5341.8000,5342.0000,10,1,1,2,4,8,1,2,3,1
SF,IC2003,2020-01-03 09:59:50.900,5341.2000,54206,-1,2577370480.000,3,1,2,多平,S,5341.0000,5340.8000,5340.6000,5340.4000,5340.2000,5341.6000,5341.8000,5342.0000,5342.2000,5342.4000,9,1,1,2,4,1,1,1,2,1
SF,IC2003,2020-01-03 09:59:51.400,5341.6000,54205,-1,2579507120.000,2,0,2,多平,S,5341.0000,5340.8000,5340.6000,5340.4000,5340.2000,5341.8000,5342.0000,5342.2000,5343.0000,5343.6000,9,1,1,2,4,1,1,2,1,2
SF,IC2003,2020-01-03 09:59:51.900,5341.6000,54205,0,2579507120.000,0,-,-,-,-,5341.0000,5340.8000,5340.6000,5340.4000,5340.2000,5342.0000,5343.0000,5343.6000,5344.4000,5344.6000,9,1,1,2,4,1,1,2,1,1
SF,IC2003,2020-01-03 09:59:52.400,5341.6000,54205,0,2579507120.000,0,-,-,-,-,5341.0000,5340.8000,5340.4000,5340.2000,5340.0000,5341.6000,5342.0000,5343.0000,5343.6000,5344.4000,9,1,2,4,13,4,1,1,2,1
SF,IC2003,2020-01-03 09:59:52.900,5341.0000,54206,1,2581643560.000,2,1,1,空开,S,5341.0000,5340.8000,5340.4000,5340.2000,5340.0000,5341.2000,5341.6000,5342.0000,5343.0000,5343.6000,8,1,2,4,13,2,5,1,1,2
SF,IC2003,2020-01-03 09:59:53.400,5341.0000,54206,0,2582711760.000,1,0,1,多换,S,5341.0000,5340.8000,5340.4000,5340.2000,5340.0000,5341.4000,5341.6000,5342.0000,5343.0000,5343.6000,7,1,2,4,13,1,5,1,1,2
SF,IC2003,2020-01-03 09:59:53.900,5341.4000,54207,1,2583780040.000,1,1,0,双开,S,5341.0000,5340.8000,5340.4000,5340.2000,5340.0000,5341.6000,5342.0000,5343.0000,5343.6000,5344.4000,7,1,2,4,13,1,1,1,2,1
SF,IC2003,2020-01-03 09:59:54.400,5341.0000,54207,0,2585916520.000,2,1,1,多换,S,5341.0000,5340.8000,5340.4000,5340.2000,5340.0000,5341.6000,5342.0000,5343.0000,5343.6000,5344.4000,6,1,2,4,13,1,1,1,2,1
SF,IC2003,2020-01-03 09:59:54.900,5341.0000,54208,1,2586984720.000,1,1,0,双开,S,5341.0000,5340.8000,5340.4000,5340.2000,5340.0000,5341.6000,5342.0000,5343.0000,5343.6000,5344.4000,6,1,2,4,13,1,1,1,2,1
SF,IC2003,2020-01-03 09:59:55.400,5341.0000,54210,2,2590189320.000,3,2,1,空开,S,5341.0000,5340.8000,5340.4000,5340.2000,5340.0000,5341.2000,5341.6000,5342.0000,5343.0000,5343.6000,3,1,1,14,13,4,1,1,1,2
SF,IC2003,2020-01-03 09:59:55.900,5340.2000,54210,0,2596598200.000,6,3,3,多换,S,5340.2000,5340.0000,5339.6000,5338.0000,5337.0000,5341.0000,5341.2000,5341.6000,5342.0000,5343.0000,13,13,1,3,2,4,4,1,1,1
SF,IC2003,2020-01-03 09:59:56.400,5341.0000,54211,1,2599802480.000,3,2,1,空开,S,5340.2000,5340.0000,5339.6000,5338.0000,5337.0000,5340.8000,5341.0000,5341.2000,5341.6000,5342.0000,12,13,1,3,2,1,3,4,1,1
SF,IC2003,2020-01-03 09:59:56.900,5341.0000,54207,-4,2604075280.000,4,0,4,双平,S,5340.2000,5340.0000,5339.6000,5338.0000,5337.0000,5341.0000,5341.2000,5341.6000,5343.0000,5343.6000,12,14,1,3,2,1,4,2,1,2
SF,IC2003,2020-01-03 09:59:57.400,5341.0000,54207,0,2604075280.000,0,-,-,-,-,5340.2000,5340.0000,5339.6000,5338.0000,5337.0000,5340.6000,5341.0000,5341.2000,5341.6000,5343.0000,12,14,1,3,2,2,1,4,2,1
SF,IC2003,2020-01-03 09:59:57.900,5340.2000,54207,0,2607279560.000,3,1,2,多换,S,5340.2000,5340.0000,5339.6000,5338.0000,5337.0000,5341.0000,5341.2000,5341.6000,5343.0000,5343.6000,11,14,1,3,2,1,4,2,1,2
SF,IC2003,2020-01-03 09:59:58.400,5340.8000,54207,0,2608347720.000,1,0,1,多换,S,5340.4000,5340.2000,5340.0000,5339.6000,5338.0000,5341.0000,5341.2000,5341.6000,5343.0000,5343.6000,9,11,14,1,3,1,4,2,1,2
SF,IC2003,2020-01-03 09:59:58.900,5341.0000,54206,-1,2609415920.000,1,0,1,双平,S,5340.6000,5340.4000,5340.2000,5340.0000,5339.6000,5341.2000,5341.6000,5343.0000,5343.6000,5344.4000,1,9,11,14,1,4,2,1,2,1
SF,IC2003,2020-01-03 09:59:59.400,5341.2000,54206,0,2613688880.000,4,2,2,多换,S,5340.6000,5340.4000,5340.2000,5340.0000,5339.6000,5341.6000,5342.0000,5343.0000,5343.6000,5344.4000,1,9,11,14,1,2,1,1,2,1
SF,IC2003,2020-01-03 09:59:59.900,5341.2000,54206,0,2613688880.000,0,-,-,-,-,5340.6000,5340.4000,5340.2000,5340.0000,5339.6000,5341.0000,5341.4000,5341.6000,5342.0000,5343.0000,1,9,12,14,1,3,1,2,1,1
SF,IC2003,2020-01-03 10:00:00.400,5340.4000,54203,-3,2616893160.000,3,0,3,双平,S,5340.4000,5340.2000,5340.0000,5339.6000,5338.0000,5340.8000,5341.0000,5341.6000,5341.8000,5342.0000,7,12,14,1,3,1,3,2,1,1
SF,IC2003,2020-01-03 10:00:00.900,5340.8000,54202,-1,2621165720.000,4,1,3,多平,S,5340.8000,5340.6000,5340.4000,5340.2000,5340.0000,5341.0000,5341.6000,5341.8000,5342.0000,5343.0000,8,1,6,12,14,3,2,1,1,1
SF,IC2003,2020-01-03 10:00:01.400,5341.0000,54202,0,2626506720.000,5,2,3,多换,S,5341.0000,5340.8000,5340.6000,5340.4000,5340.2000,5341.6000,5341.8000,5342.0000,5343.0000,5343.6000,1,8,1,6,13,2,1,1,1,2
SF,IC2003,2020-01-03 10:00:01.900,5340.4000,54204,2,2638256280.000,11,6,5,空开,S,5340.4000,5340.2000,5340.0000,5339.6000,5338.0000,5340.8000,5341.0000,5341.4000,5341.6000,5341.8000,4,13,15,1,3,2,1,1,2,1
SF,IC2003,2020-01-03 10:00:02.400,5340.2000,54202,-2,2655345080.000,16,7,9,多平,S,5340.2000,5340.0000,5339.6000,5338.0000,5337.0000,5340.4000,5340.6000,5341.6000,5341.8000,5342.0000,1,15,1,3,2,6,2,2,1,1
SF,IC2003,2020-01-03 10:00:02.900,5338.0000,54194,-8,2678839760.000,22,7,15,多平,S,5337.0000,5336.4000,5336.2000,5336.0000,5335.6000,5339.4000,5340.0000,5340.2000,5340.4000,5340.6000,2,1,3,1,7,1,4,11,4,2
SF,IC2003,2020-01-03 10:00:03.400,5337.2000,54193,-1,2682042160.000,3,1,2,多平,S,5337.2000,5337.0000,5336.4000,5336.2000,5336.0000,5339.0000,5339.2000,5339.8000,5340.2000,5340.4000,1,2,1,3,1,1,3,1,7,3
SF,IC2003,2020-01-03 10:00:03.900,5337.4000,54190,-3,2685245080.000,3,0,3,双平,S,5337.2000,5337.0000,5336.4000,5336.2000,5336.0000,5339.0000,5339.2000,5339.8000,5340.2000,5340.4000,1,2,1,3,1,1,3,1,6,2
SF,IC2003,2020-01-03 10:00:04.400,5339.0000,54189,-1,2687380680.000,2,0,2,多平,S,5337.6000,5337.4000,5337.2000,5337.0000,5336.4000,5339.2000,5339.8000,5340.2000,5340.4000,5340.6000,3,1,1,2,1,2,1,4,2,1
SF,IC2003,2020-01-03 10:00:04.900,5339.0000,54189,0,2687380680.000,0,-,-,-,-,5339.0000,5337.8000,5337.6000,5337.4000,5337.0000,5340.2000,5340.4000,5340.6000,5340.8000,5341.6000,10,1,1,1,2,3,3,1,2,2
SF,IC2003,2020-01-03 10:00:05.400,5339.0000,54189,0,2687380680.000,0,-,-,-,-,5339.2000,5339.0000,5337.8000,5337.4000,5337.0000,5340.2000,5340.4000,5340.6000,5340.8000,5341.6000,1,10,1,1,2,2,2,1,2,2
SF,IC2003,2020-01-03 10:00:05.900,5339.0000,54189,0,2687380680.000,0,-,-,-,-,5339.2000,5339.0000,5337.8000,5337.0000,5336.4000,5340.4000,5340.8000,5341.6000,5341.8000,5342.0000,1,11,1,2,1,2,2,2,1,1
SF,IC2003,2020-01-03 10:00:06.400,5339.0000,54189,0,2687380680.000,0,-,-,-,-,5339.4000,5339.2000,5339.0000,5337.6000,5337.0000,5340.4000,5341.6000,5341.8000,5342.0000,5343.6000,1,1,11,1,2,2,2,1,1,2
SF,IC2003,2020-01-03 10:00:06.900,5340.4000,54190,1,2690584920.000,3,2,1,空开,S,5340.4000,5339.4000,5339.2000,5339.0000,5338.8000,5341.6000,5341.8000,5342.0000,5343.6000,5344.6000,7,1,1,11,1,2,1,1,2,1
SF,IC2003,2020-01-03 10:00:07.400,5340.4000,54190,0,2690584920.000,0,-,-,-,-,5340.4000,5339.4000,5339.2000,5339.0000,5338.8000,5341.2000,5341.4000,5341.6000,5341.8000,5342.0000,7,1,1,11,1,2,1,2,1,1
SF,IC2003,2020-01-03 10:00:07.900,5340.4000,54190,0,2690584920.000,0,-,-,-,-,5340.4000,5339.4000,5339.2000,5339.0000,5338.8000,5341.4000,5341.6000,5341.8000,5342.0000,5344.6000,7,1,1,11,1,1,2,1,1,1
SF,IC2003,2020-01-03 10:00:08.900,5340.4000,54190,0,2690584920.000,0,-,-,-,-,5340.4000,5339.4000,5339.2000,5339.0000,5338.8000,5341.4000,5341.6000,5341.8000,5342.0000,5344.6000,7,1,1,11,1,1,2,1,1,1
SF,IC2003,2020-01-03 10:00:09.400,5341.4000,54192,2,2696994160.000,6,4,2,空开,S,5341.4000,5340.4000,5339.4000,5339.2000,5339.0000,5341.6000,5341.8000,5342.0000,5344.6000,5345.2000,2,7,1,1,11,2,1,1,1,3
SF,IC2003,2020-01-03 10:00:09.900,5341.4000,54192,0,2699130720.000,2,1,1,多换,S,5340.4000,5339.4000,5339.0000,5338.8000,5337.8000,5341.2000,5341.4000,5341.6000,5341.8000,5342.0000,7,1,11,1,1,1,5,2,1,1
SF,IC2003,2020-01-03 10:00:10.400,5341.4000,54192,0,2699130720.000,0,-,-,-,-,5340.4000,5339.4000,5339.0000,5338.8000,5337.8000,5341.2000,5341.4000,5341.6000,5341.8000,5342.0000,7,1,11,1,1,1,3,2,1,1
SF,IC2003,2020-01-03 10:00:10.900,5341.4000,54192,0,2699130720.000,0,-,-,-,-,5340.4000,5339.4000,5339.0000,5338.8000,5337.8000,5341.4000,5341.6000,5341.8000,5342.0000,5344.6000,7,1,11,1,1,3,2,1,1,1
SF,IC2003,2020-01-03 10:00:11.400,5341.4000,54192,0,2699130720.000,0,-,-,-,-,5340.4000,5339.4000,5339.0000,5338.8000,5337.8000,5341.0000,5341.4000,5341.6000,5341.8000,5342.0000,7,1,11,1,1,1,3,2,1,1
SF,IC2003,2020-01-03 10:00:11.900,5340.6000,54191,-1,2700198840.000,1,0,1,双平,S,5340.4000,5339.0000,5338.8000,5337.8000,5337.6000,5341.4000,5341.6000,5341.8000,5342.0000,5344.6000,7,11,1,1,2,3,2,1,1,1
SF,IC2003,2020-01-03 10:00:12.400,5340.6000,54191,0,2700198840.000,0,-,-,-,-,5341.2000,5340.4000,5339.0000,5338.8000,5337.8000,5341.4000,5341.6000,5341.8000,5342.0000,5344.6000,4,8,11,1,1,3,2,1,1,1
SF,IC2003,2020-01-03 10:00:12.900,5341.0000,54191,0,2706608080.000,6,3,3,多换,S,5341.0000,5340.4000,5339.0000,5338.8000,5337.8000,5341.2000,5341.4000,5341.6000,5341.8000,5342.0000,9,7,11,1,1,4,1,2,1,1
SF,IC2003,2020-01-03 10:00:13.400,5341.0000,54191,0,2716221880.000,9,4,5,多换,S,5340.4000,5339.0000,5338.8000,5337.8000,5337.6000,5341.0000,5341.6000,5341.8000,5342.0000,5344.6000,7,11,1,1,2,2,2,1,1,1
SF,IC2003,2020-01-03 10:00:13.900,5340.4000,54191,0,2718358040.000,2,1,1,多换,S,5340.4000,5339.0000,5338.8000,5337.8000,5337.6000,5340.6000,5341.6000,5341.8000,5342.0000,5342.6000,5,11,1,1,2,1,2,1,1,2
SF,IC2003,2020-01-03 10:00:14.400,5340.6000,54190,-1,2719426160.000,1,0,1,双平,S,5340.6000,5340.4000,5339.0000,5338.8000,5337.8000,5341.6000,5341.8000,5342.0000,5342.6000,5344.6000,4,5,11,1,1,2,1,1,2,1
SF,IC2003,2020-01-03 10:00:14.900,5340.6000,54189,-1,2720494280.000,1,0,1,双平,S,5340.6000,5340.4000,5339.0000,5338.8000,5337.8000,5341.2000,5341.6000,5341.8000,5342.0000,5342.6000,3,5,11,1,1,1,2,1,1,2
SF,IC2003,2020-01-03 10:00:15.400,5341.2000,54188,-1,2721562520.000,1,0,1,双平,S,5341.2000,5340.4000,5339.0000,5338.8000,5337.8000,5341.6000,5341.8000,5342.0000,5342.6000,5344.6000,2,5,11,1,1,2,1,1,2,1
SF,IC2003,2020-01-03 10:00:15.900,5341.2000,54188,0,2722630760.000,1,0,1,多换,S,5341.2000,5340.4000,5339.0000,5338.8000,5337.8000,5341.6000,5341.8000,5342.0000,5342.6000,5344.6000,1,5,11,1,1,2,1,1,2,1
SF,IC2003,2020-01-03 10:00:16.400,5342.0000,54186,-2,2726904160.000,4,1,3,多平,S,5341.8000,5340.4000,5339.0000,5338.8000,5338.4000,5342.6000,5344.6000,5345.2000,5346.2000,5347.0000,2,5,11,1,1,2,1,3,2,2
SF,IC2003,2020-01-03 10:00:16.900,5342.6000,54183,-3,2731178240.000,4,0,4,多平,S,5342.0000,5340.4000,5339.0000,5338.8000,5338.4000,5344.6000,5345.2000,5346.2000,5347.0000,5347.6000,1,5,11,1,1,1,3,2,2,5
SF,IC2003,2020-01-03 10:00:17.400,5342.4000,54183,0,2732246720.000,1,0,1,多换,S,5342.4000,5342.2000,5342.0000,5341.6000,5340.4000,5344.2000,5344.4000,5344.6000,5345.2000,5346.2000,3,3,2,1,5,1,2,1,3,2
SF,IC2003,2020-01-03 10:00:17.900,5342.4000,54183,0,2732246720.000,0,-,-,-,-,5342.4000,5342.2000,5341.6000,5340.4000,5339.2000,5343.0000,5343.8000,5344.0000,5344.2000,5344.4000,2,2,1,5,1,1,2,2,1,1
SF,IC2003,2020-01-03 10:00:18.400,5342.4000,54182,-1,2733315200.000,1,0,1,双平,S,5342.4000,5342.2000,5341.6000,5340.4000,5339.2000,5343.0000,5343.8000,5344.0000,5344.2000,5344.6000,1,2,1,5,1,1,1,3,1,1
SF,IC2003,2020-01-03 10:00:18.900,5342.4000,54182,0,2733315200.000,0,-,-,-,-,5342.4000,5342.2000,5341.6000,5340.4000,5339.2000,5342.6000,5343.0000,5343.8000,5344.0000,5344.2000,1,2,1,5,1,1,1,1,3,1
SF,IC2003,2020-01-03 10:00:19.400,5343.8000,54181,-1,2737589600.000,4,1,3,多平,S,5342.4000,5342.2000,5341.6000,5340.4000,5339.2000,5344.0000,5344.2000,5344.6000,5345.2000,5346.0000,1,1,1,5,1,3,1,1,3,1
SF,IC2003,2020-01-03 10:00:19.900,5343.8000,54181,0,2737589600.000,0,-,-,-,-,5342.6000,5342.4000,5342.2000,5341.6000,5340.4000,5343.6000,5344.0000,5344.2000,5344.6000,5345.2000,1,1,1,1,5,1,2,1,1,1
SF,IC2003,2020-01-03 10:00:20.400,5343.8000,54181,0,2737589600.000,0,-,-,-,-,5342.4000,5342.2000,5341.6000,5340.4000,5339.2000,5343.6000,5344.0000,5344.2000,5344.6000,5345.2000,1,1,1,5,1,1,2,1,1,1
SF,IC2003,2020-01-03 10:00:21.400,5343.8000,54181,0,2737589600.000,0,-,-,-,-,5342.4000,5342.2000,5341.6000,5340.4000,5339.2000,5343.2000,5343.6000,5344.0000,5344.2000,5344.6000,1,1,1,5,1,1,1,2,1,1
SF,IC2003,2020-01-03 10:00:21.900,5343.8000,54181,0,2737589600.000,0,-,-,-,-,5342.6000,5342.4000,5342.2000,5341.6000,5340.4000,5343.0000,5343.2000,5343.6000,5344.0000,5344.2000,1,1,1,1,5,1,1,1,2,1
SF,IC2003,2020-01-03 10:00:22.400,5343.0000,54180,-1,2738658200.000,1,0,1,双平,S,5342.6000,5342.4000,5342.2000,5341.6000,5341.0000,5343.2000,5343.6000,5344.0000,5344.2000,5344.6000,1,1,1,1,1,1,1,2,1,1
SF,IC2003,2020-01-03 10:00:22.900,5343.2000,54180,0,2739726840.000,1,0,1,多换,S,5342.6000,5342.4000,5342.2000,5341.6000,5341.0000,5343.6000,5344.0000,5344.2000,5344.6000,5345.2000,1,1,1,1,1,1,2,1,1,1
SF,IC2003,2020-01-03 10:00:23.400,5343.6000,54180,0,2740795560.000,1,0,1,多换,S,5342.6000,5342.4000,5342.2000,5341.6000,5341.0000,5343.4000,5344.0000,5344.2000,5344.6000,5345.2000,1,1,1,1,1,1,1,1,1,1
SF,IC2003,2020-01-03 10:00:23.900,5343.4000,54180,0,2741864240.000,1,0,1,多换,S,5343.4000,5342.4000,5342.2000,5341.6000,5341.0000,5344.0000,5344.2000,5344.6000,5345.2000,5346.0000,3,1,1,1,1,1,1,1,1,2
SF,IC2003,2020-01-03 10:00:24.400,5343.4000,54180,0,2742932920.000,1,0,1,多换,S,5342.4000,5341.6000,5341.0000,5340.4000,5339.2000,5344.0000,5344.6000,5345.2000,5346.0000,5346.2000,1,1,1,5,1,1,1,1,2,2
SF,IC2003,2020-01-03 10:00:24.900,5342.8000,54179,-1,2745070280.000,2,0,2,多平,S,5342.6000,5342.4000,5341.6000,5341.0000,5340.4000,5344.6000,5345.2000,5346.0000,5346.2000,5347.0000,3,1,1,1,5,1,1,2,2,2
SF,IC2003,2020-01-03 10:00:25.400,5342.8000,54179,0,2745070280.000,0,-,-,-,-,5343.0000,5342.8000,5342.6000,5342.4000,5341.6000,5344.4000,5344.6000,5345.2000,5346.0000,5346.2000,1,1,3,1,1,3,1,1,2,2
SF,IC2003,2020-01-03 10:00:25.900,5342.8000,54179,0,2745070280.000,0,-,-,-,-,5343.2000,5343.0000,5342.6000,5342.4000,5341.6000,5344.4000,5344.6000,5345.2000,5346.0000,5346.2000,1,1,2,1,1,2,1,1,2,2
SF,IC2003,2020-01-03 10:00:26.400,5342.8000,54179,0,2745070280.000,0,-,-,-,-,5343.2000,5343.0000,5342.6000,5342.4000,5341.6000,5344.4000,5344.6000,5345.2000,5346.0000,5346.2000,1,1,2,1,1,2,1,1,2,2
SF,IC2003,2020-01-03 10:00:26.900,5342.8000,54179,0,2745070280.000,0,-,-,-,-,5343.2000,5343.0000,5342.6000,5342.4000,5341.6000,5344.6000,5345.2000,5346.0000,5346.2000,5347.0000,1,1,2,1,1,1,1,2,2,2
SF,IC2003,2020-01-03 10:00:27.400,5342.8000,54179,0,2745070280.000,0,-,-,-,-,5343.2000,5343.0000,5342.6000,5342.4000,5341.6000,5344.4000,5344.6000,5345.2000,5346.0000,5346.2000,1,1,2,1,1,1,1,1,2,2
SF,IC2003,2020-01-03 10:00:27.900,5342.8000,54179,0,2745070280.000,0,-,-,-,-,5343.2000,5343.0000,5342.6000,5342.4000,5341.6000,5344.4000,5344.6000,5345.2000,5346.0000,5346.2000,1,1,2,1,1,1,1,1,2,2
SF,IC2003,2020-01-03 10:00:28.900,5344.4000,54179,0,2746139160.000,1,0,1,多换,S,5343.2000,5343.0000,5342.6000,5342.4000,5341.6000,5344.6000,5345.2000,5346.0000,5346.2000,5347.0000,1,1,2,1,1,2,1,2,2,2
SF,IC2003,2020-01-03 10:00:29.400,5344.4000,54179,0,2746139160.000,0,-,-,-,-,5343.0000,5342.6000,5342.4000,5341.6000,5341.0000,5344.4000,5344.6000,5345.2000,5346.0000,5346.2000,1,2,1,1,1,1,2,1,2,2
SF,IC2003,2020-01-03 10:00:29.900,5343.0000,54179,0,2747207760.000,1,0,1,多换,S,5342.6000,5342.4000,5341.6000,5341.0000,5340.4000,5343.0000,5344.4000,5344.6000,5345.2000,5346.0000,1,1,1,1,5,1,2,2,1,2
SF,IC2003,2020-01-03 10:00:30.400,5342.6000,54177,-2,2749344800.000,2,0,2,双平,S,5342.4000,5341.6000,5341.0000,5340.4000,5339.2000,5343.0000,5344.4000,5344.6000,5345.2000,5346.0000,1,1,1,5,1,1,2,2,1,2
SF,IC2003,2020-01-03 10:00:30.900,5342.6000,54177,0,2749344800.000,0,-,-,-,-,5343.0000,5342.4000,5341.6000,5341.0000,5340.4000,5343.8000,5344.0000,5344.4000,5344.6000,5345.2000,1,1,1,1,5,16,2,2,2,1
SF,IC2003,2020-01-03 10:00:31.400,5343.0000,54176,-1,2750413400.000,1,0,1,双平,S,5342.4000,5341.6000,5341.0000,5340.4000,5339.2000,5342.8000,5343.0000,5343.4000,5343.8000,5344.0000,1,1,1,5,1,3,4,2,16,2
SF,IC2003,2020-01-03 10:00:31.900,5342.4000,54174,-2,2752550440.000,2,0,2,双平,S,5341.6000,5341.0000,5340.4000,5339.2000,5339.0000,5342.8000,5343.0000,5343.4000,5343.8000,5344.0000,1,1,5,1,11,1,1,2,16,2
SF,IC2003,2020-01-03 10:00:32.400,5342.4000,54174,0,2752550440.000,0,-,-,-,-,5341.8000,5341.6000,5341.0000,5340.4000,5339.2000,5342.8000,5343.0000,5343.4000,5343.8000,5344.0000,2,1,1,5,1,1,1,1,16,2
SF,IC2003,2020-01-03 10:00:32.900,5341.8000,54173,-1,2754687200.000,2,0,2,多平,S,5341.8000,5341.6000,5341.0000,5340.4000,5339.2000,5342.2000,5342.8000,5343.0000,5343.4000,5343.8000,1,1,1,5,1,1,1,1,1,16
SF,IC2003,2020-01-03 10:00:33.400,5341.8000,54172,-1,2756824000.000,2,0,2,多平,S,5341.6000,5341.0000,5340.4000,5339.2000,5339.0000,5343.0000,5343.4000,5343.8000,5344.0000,5344.4000,1,1,5,1,11,1,1,16,1,1
SF,IC2003,2020-01-03 10:00:33.900,5341.8000,54172,0,2756824000.000,0,-,-,-,-,5342.0000,5341.8000,5341.6000,5341.0000,5340.4000,5343.0000,5343.4000,5343.8000,5344.0000,5344.4000,1,1,1,1,5,1,1,16,1,1
SF,IC2003,2020-01-03 10:00:34.900,5341.8000,54172,0,2756824000.000,0,-,-,-,-,5342.0000,5341.8000,5341.6000,5341.0000,5340.4000,5343.0000,5343.4000,5343.8000,5344.0000,5344.4000,1,1,1,11,5,1,1,16,1,1
SF,IC2003,2020-01-03 10:00:35.400,5341.8000,54172,0,2756824000.000,0,-,-,-,-,5342.2000,5342.0000,5341.6000,5341.0000,5340.4000,5343.8000,5344.0000,5344.4000,5344.6000,5345.2000,1,1,1,11,5,16,1,1,3,1
SF,IC2003,2020-01-03 10:00:35.900,5341.8000,54172,0,2756824000.000,0,-,-,-,-,5342.2000,5342.0000,5341.6000,5341.0000,5340.4000,5343.6000,5343.8000,5344.0000,5344.6000,5345.2000,1,1,1,11,5,3,16,1,3,1
SF,IC2003,2020-01-03 10:00:36.400,5341.8000,54172,0,2756824000.000,0,-,-,-,-,5342.2000,5342.0000,5341.6000,5341.0000,5340.4000,5343.6000,5343.8000,5344.6000,5345.2000,5346.0000,1,1,1,11,5,2,16,3,1,2
SF,IC2003,2020-01-03 10:00:36.900,5341.8000,54172,0,2756824000.000,0,-,-,-,-,5342.4000,5342.2000,5342.0000,5341.6000,5341.0000,5343.8000,5344.6000,5345.2000,5346.0000,5346.2000,1,1,1,1,12,16,3,1,2,2
SF,IC2003,2020-01-03 10:00:37.400,5341.8000,54172,0,2756824000.000,0,-,-,-,-,5342.8000,5342.6000,5342.4000,5342.0000,5341.6000,5343.8000,5344.6000,5345.2000,5346.0000,5346.2000,1,1,3,1,1,16,3,1,2,2
SF,IC2003,2020-01-03 10:00:37.900,5341.8000,54172,0,2756824000.000,0,-,-,-,-,5343.0000,5342.8000,5342.4000,5342.0000,5341.8000,5343.8000,5344.6000,5345.2000,5345.6000,5346.0000,1,1,3,1,1,16,3,1,1,2
SF,IC2003,2020-01-03 10:00:38.900,5341.8000,54172,0,2756824000.000,0,-,-,-,-,5343.0000,5342.8000,5342.4000,5342.0000,5341.8000,5343.8000,5344.6000,5345.2000,5345.6000,5346.0000,1,1,3,1,1,16,3,1,1,2
SF,IC2003,2020-01-03 10:00:39.900,5343.8000,54172,0,2757892760.000,1,0,1,多换,S,5343.0000,5342.8000,5342.4000,5342.0000,5341.8000,5343.8000,5344.6000,5345.2000,5345.6000,5346.0000,1,1,1,1,1,15,3,1,1,2
SF,IC2003,2020-01-03 10:00:40.400,5343.0000,54171,-1,2758961360.000,1,0,1,双平,S,5342.8000,5342.4000,5342.0000,5341.8000,5341.6000,5343.8000,5344.6000,5345.2000,5345.6000,5346.0000,1,1,1,1,1,15,3,1,1,2
SF,IC2003,2020-01-03 10:00:40.900,5343.0000,54171,0,2758961360.000,0,-,-,-,-,5342.8000,5342.4000,5342.0000,5341.8000,5341.6000,5343.6000,5343.8000,5344.6000,5345.2000,5345.6000,1,2,1,1,1,1,15,3,1,1
SF,IC2003,2020-01-03 10:00:41.400,5343.0000,54171,0,2758961360.000,0,-,-,-,-,5342.8000,5342.4000,5342.0000,5341.8000,5341.6000,5343.6000,5343.8000,5344.6000,5345.2000,5345.6000,1,1,1,1,1,1,15,3,1,1
SF,IC2003,2020-01-03 10:00:42.900,5343.6000,54170,-1,2760030080.000,1,0,1,双平,S,5342.8000,5342.4000,5342.0000,5341.8000,5341.6000,5343.8000,5344.6000,5345.2000,5345.6000,5346.0000,1,1,1,1,1,15,3,1,1,2
SF,IC2003,2020-01-03 10:00:43.400,5342.8000,54170,0,2761098640.000,1,0,1,多换,S,5342.4000,5342.0000,5341.8000,5341.6000,5341.0000,5343.6000,5343.8000,5344.6000,5345.6000,5346.0000,1,1,1,1,13,2,15,3,1,2
SF,IC2003,2020-01-03 10:00:44.900,5342.8000,54170,0,2761098640.000,0,-,-,-,-,5342.4000,5342.0000,5341.8000,5341.6000,5341.0000,5343.6000,5343.8000,5344.6000,5345.6000,5346.0000,1,1,1,1,13,3,15,3,1,2
SF,IC2003,2020-01-03 10:00:45.900,5342.8000,54170,0,2761098640.000,0,-,-,-,-,5342.4000,5342.0000,5341.8000,5341.6000,5341.0000,5343.6000,5343.8000,5344.6000,5345.6000,5346.0000,1,1,1,1,13,3,15,3,1,2
SF,IC2003,2020-01-03 10:00:46.400,5342.8000,54170,0,2761098640.000,0,-,-,-,-,5342.6000,5342.4000,5342.0000,5341.8000,5341.6000,5343.6000,5343.8000,5344.6000,5345.6000,5346.0000,1,1,1,1,1,2,15,3,1,2
SF,IC2003,2020-01-03 10:00:46.900,5343.6000,54169,-1,2762167360.000,1,0,1,双平,S,5342.6000,5342.4000,5342.0000,5341.8000,5341.6000,5343.6000,5343.8000,5344.6000,5345.6000,5346.0000,1,2,1,1,1,1,15,3,1,2
SF,IC2003,2020-01-03 10:00:47.400,5343.0000,54166,-3,2765373400.000,3,0,3,双平,S,5342.6000,5342.4000,5342.0000,5341.8000,5341.6000,5343.2000,5343.8000,5344.6000,5345.6000,5346.0000,1,2,1,1,1,1,15,3,1,2
SF,IC2003,2020-01-03 10:00:47.900,5343.2000,54165,-1,2766442040.000,1,0,1,双平,S,5343.4000,5343.2000,5342.4000,5342.0000,5341.8000,5343.8000,5344.6000,5345.6000,5346.0000,5346.2000,3,7,2,1,1,15,3,1,2,2
SF,IC2003,2020-01-03 10:00:48.400,5343.8000,54162,-3,2769648320.000,3,0,3,双平,S,5343.4000,5343.2000,5342.4000,5342.0000,5341.8000,5343.8000,5344.6000,5345.6000,5346.0000,5346.2000,2,7,2,1,1,12,2,1,2,2
SF,IC2003,2020-01-03 10:00:48.900,5343.8000,54161,-1,2770717080.000,1,0,1,双平,S,5343.4000,5343.2000,5342.4000,5342.0000,5341.8000,5343.8000,5344.6000,5345.6000,5346.0000,5346.2000,2,7,2,1,1,11,2,1,2,2
SF,IC2003,2020-01-03 10:00:49.400,5343.4000,54161,0,2771785760.000,1,0,1,多换,S,5343.4000,5343.2000,5342.4000,5342.0000,5341.8000,5343.8000,5344.6000,5345.6000,5346.0000,5346.2000,1,7,2,1,1,11,2,1,2,2
SF,IC2003,2020-01-03 10:00:49.900,5343.8000,54160,-1,2772854520.000,1,0,1,双平,S,5343.4000,5343.2000,5342.4000,5342.0000,5341.8000,5343.8000,5344.6000,5345.6000,5346.0000,5346.2000,1,5,2,1,1,10,2,1,2,2
SF,IC2003,2020-01-03 10:00:50.400,5343.8000,54160,0,2776060800.000,3,1,2,多换,S,5343.4000,5343.2000,5342.4000,5342.0000,5341.8000,5343.8000,5344.6000,5345.6000,5346.0000,5346.2000,1,5,2,1,1,7,2,1,2,2
SF,IC2003,2020-01-03 10:00:50.900,5343.8000,54160,0,2776060800.000,0,-,-,-,-,5343.4000,5343.2000,5342.4000,5342.0000,5341.8000,5343.8000,5344.6000,5345.6000,5346.0000,5346.2000,1,5,2,1,1,7,2,1,2,2
SF,IC2003,2020-01-03 10:00:51.400,5343.4000,54159,-1,2778198240.000,2,0,2,多平,S,5343.2000,5342.4000,5342.0000,5341.8000,5341.6000,5343.8000,5344.6000,5345.6000,5346.0000,5346.2000,5,2,1,1,2,6,2,1,2,2
SF,IC2003,2020-01-03 10:00:51.900,5343.8000,54153,-6,2784610800.000,6,0,6,双平,S,5343.2000,5342.4000,5342.0000,5341.8000,5341.6000,5344.6000,5345.6000,5346.0000,5346.2000,5347.0000,5,2,1,1,2,2,1,2,2,2
SF,IC2003,2020-01-03 10:00:52.400,5343.8000,54153,0,2784610800.000,0,-,-,-,-,5343.2000,5342.4000,5342.0000,5341.8000,5341.6000,5344.4000,5344.6000,5345.6000,5346.0000,5346.2000,5,2,1,1,2,1,2,1,2,2
SF,IC2003,2020-01-03 10:00:52.900,5343.8000,54153,0,2784610800.000,0,-,-,-,-,5343.2000,5342.4000,5342.0000,5341.8000,5341.6000,5343.4000,5344.4000,5344.6000,5345.6000,5346.0000,3,2,1,1,2,2,1,2,1,2
SF,IC2003,2020-01-03 10:00:53.400,5343.4000,54151,-2,2786748160.000,2,0,2,双平,S,5343.4000,5342.4000,5342.0000,5341.8000,5341.6000,5344.4000,5344.6000,5345.6000,5346.0000,5346.2000,1,2,1,1,2,1,2,1,2,2
SF,IC2003,2020-01-03 10:00:53.900,5343.4000,54151,0,2786748160.000,0,-,-,-,-,5342.4000,5342.0000,5341.8000,5341.6000,5341.0000,5344.4000,5344.6000,5345.6000,5346.0000,5346.2000,2,1,1,2,13,1,2,1,2,2
SF,IC2003,2020-01-03 10:00:54.400,5343.4000,54151,0,2786748160.000,0,-,-,-,-,5342.6000,5342.4000,5342.0000,5341.8000,5341.6000,5344.4000,5344.6000,5345.6000,5346.0000,5346.2000,3,2,1,1,2,1,2,1,2,2
SF,IC2003,2020-01-03 10:00:54.900,5343.4000,54151,0,2786748160.000,0,-,-,-,-,5343.2000,5342.8000,5342.6000,5342.4000,5342.0000,5344.2000,5344.4000,5344.6000,5345.6000,5346.0000,1,1,2,2,1,1,1,2,1,2
SF,IC2003,2020-01-03 10:00:55.400,5343.4000,54151,0,2786748160.000,0,-,-,-,-,5343.2000,5342.8000,5342.6000,5342.4000,5342.0000,5344.2000,5344.4000,5344.6000,5345.6000,5346.0000,1,1,1,2,1,1,2,2,1,2
SF,IC2003,2020-01-03 10:00:56.900,5343.4000,54151,0,2786748160.000,0,-,-,-,-,5343.2000,5342.8000,5342.6000,5342.4000,5342.0000,5344.2000,5344.4000,5344.6000,5345.6000,5346.0000,1,1,1,2,1,1,2,2,1,2
SF,IC2003,2020-01-03 10:00:57.400,5344.2000,54151,0,2787817000.000,1,0,1,多换,S,5344.2000,5343.2000,5342.8000,5342.6000,5342.4000,5344.4000,5344.6000,5345.6000,5346.0000,5346.2000,1,1,1,1,2,2,2,1,2,2
SF,IC2003,2020-01-03 10:00:57.900,5344.2000,54150,-1,2788885840.000,1,0,1,双平,S,5343.2000,5342.8000,5342.6000,5342.4000,5342.0000,5344.2000,5344.4000,5344.6000,5345.6000,5346.0000,1,1,1,2,1,2,2,2,1,2
SF,IC2003,2020-01-03 10:00:58.400,5344.2000,54150,0,2788885840.000,0,-,-,-,-,5343.2000,5342.8000,5342.6000,5342.4000,5342.0000,5344.2000,5344.4000,5344.6000,5345.6000,5346.0000,1,1,1,2,1,2,2,2,1,2
SF,IC2003,2020-01-03 10:00:58.900,5344.2000,54150,0,2788885840.000,0,-,-,-,-,5343.2000,5342.8000,5342.6000,5342.4000,5342.0000,5344.0000,5344.2000,5344.4000,5344.6000,5345.6000,1,1,1,2,1,2,2,2,3,1
SF,IC2003,2020-01-03 10:01:00.400,5344.2000,54150,0,2788885840.000,0,-,-,-,-,5343.2000,5342.8000,5342.6000,5342.4000,5342.0000,5344.0000,5344.2000,5344.4000,5344.6000,5345.6000,1,1,1,2,1,2,2,2,3,1
SF,IC2003,2020-01-03 10:01:00.900,5344.2000,54150,0,2788885840.000,0,-,-,-,-,5343.2000,5342.6000,5342.4000,5342.0000,5341.8000,5344.0000,5344.2000,5344.4000,5344.6000,5345.6000,1,1,2,1,1,2,2,2,3,1
SF,IC2003,2020-01-03 10:01:01.400,5344.2000,54150,0,2788885840.000,0,-,-,-,-,5343.2000,5342.6000,5342.4000,5342.0000,5341.8000,5344.0000,5344.2000,5344.4000,5344.6000,5345.6000,1,1,2,1,1,2,2,2,3,1
SF,IC2003,2020-01-03 10:01:02.900,5344.2000,54150,0,2788885840.000,0,-,-,-,-,5342.6000,5342.4000,5342.0000,5341.8000,5341.6000,5344.0000,5344.2000,5344.4000,5344.6000,5345.6000,1,2,1,1,2,2,2,2,3,1
SF,IC2003,2020-01-03 10:01:03.400,5344.2000,54150,0,2788885840.000,0,-,-,-,-,5342.6000,5342.4000,5342.0000,5341.8000,5341.6000,5344.0000,5344.2000,5344.4000,5344.6000,5345.6000,1,2,1,1,2,3,2,2,3,1
SF,IC2003,2020-01-03 10:01:03.900,5344.2000,54150,0,2788885840.000,0,-,-,-,-,5342.6000,5342.4000,5342.0000,5341.8000,5341.6000,5343.8000,5344.0000,5344.2000,5344.4000,5344.6000,2,2,1,1,2,1,3,1,2,3
SF,IC2003,2020-01-03 10:01:04.400,5344.0000,54147,-3,2793161000.000,4,0,4,多平,S,5344.0000,5343.8000,5343.0000,5342.8000,5342.6000,5344.4000,5344.6000,5345.6000,5346.0000,5346.2000,2,3,1,1,2,1,3,1,1,2
SF,IC2003,2020-01-03 10:01:04.900,5344.4000,54147,0,2794229880.000,1,0,1,多换,S,5344.4000,5342.6000,5342.4000,5342.0000,5341.8000,5344.6000,5345.6000,5346.0000,5346.2000,5347.0000,5,2,2,1,1,3,1,1,2,2
SF,IC2003,2020-01-03 10:01:05.400,5344.6000,54147,0,2797436640.000,3,1,2,多换,S,5344.8000,5344.6000,5344.4000,5342.6000,5342.4000,5345.6000,5346.0000,5346.2000,5347.0000,5347.8000,1,5,2,2,2,1,1,2,2,1
SF,IC2003,2020-01-03 10:01:05.900,5344.6000,54147,0,2797436640.000,0,-,-,-,-,5344.6000,5344.4000,5342.6000,5342.4000,5342.0000,5345.6000,5346.0000,5346.2000,5347.0000,5347.8000,5,2,2,2,1,1,1,2,2,1
SF,IC2003,2020-01-03 10:01:06.400,5345.6000,54147,0,2798505760.000,1,0,1,多换,S,5345.6000,5345.4000,5344.8000,5344.6000,5344.4000,5346.0000,5346.2000,5347.0000,5347.8000,5348.6000,1,1,1,5,2,1,2,2,1,1
SF,IC2003,2020-01-03 10:01:06.900,5345.6000,54146,-1,2799574880.000,1,0,1,双平,S,5344.8000,5344.6000,5344.4000,5344.0000,5342.6000,5346.0000,5346.2000,5347.0000,5347.8000,5348.6000,1,5,2,1,1,1,2,2,1,1
SF,IC2003,2020-01-03 10:01:07.400,5346.0000,54146,0,2800644080.000,1,0,1,多换,S,5345.6000,5345.2000,5344.8000,5344.6000,5344.4000,5346.2000,5347.8000,5348.6000,5348.8000,5349.8000,1,1,1,5,2,2,1,1,1,1
SF,IC2003,2020-01-03 10:01:07.900,5346.0000,54146,0,2800644080.000,0,-,-,-,-,5345.2000,5344.8000,5344.6000,5344.4000,5344.0000,5346.2000,5347.8000,5348.6000,5348.8000,5349.8000,1,1,5,2,1,2,1,1,1,1
SF,IC2003,2020-01-03 10:01:08.400,5346.0000,54146,0,2800644080.000,0,-,-,-,-,5345.2000,5344.8000,5344.6000,5344.4000,5344.0000,5346.2000,5347.8000,5348.6000,5348.8000,5349.8000,1,1,5,2,1,2,1,1,1,1
SF,IC2003,2020-01-03 10:01:08.900,5346.0000,54146,0,2800644080.000,0,-,-,-,-,5345.2000,5344.8000,5344.6000,5344.4000,5344.0000,5346.2000,5347.8000,5348.6000,5348.8000,5349.8000,1,1,6,2,1,2,1,1,1,1
SF,IC2003,2020-01-03 10:01:09.400,5346.2000,54148,2,2802782560.000,2,2,0,双开,S,5345.2000,5344.8000,5344.6000,5344.4000,5344.0000,5345.6000,5347.8000,5348.6000,5348.8000,5349.8000,1,1,6,2,1,1,1,1,1,1
SF,IC2003,2020-01-03 10:01:09.900,5345.6000,54148,0,2803851680.000,1,0,1,多换,S,5345.6000,5344.8000,5344.6000,5344.4000,5344.0000,5347.8000,5348.6000,5348.8000,5349.8000,5350.0000,8,1,3,2,1,1,1,1,1,3
SF,IC2003,2020-01-03 10:01:10.400,5345.6000,54148,0,2803851680.000,0,-,-,-,-,5345.8000,5345.6000,5344.6000,5344.4000,5344.0000,5347.4000,5347.6000,5347.8000,5348.6000,5348.8000,1,6,1,2,1,1,5,1,1,1
SF,IC2003,2020-01-03 10:01:10.900,5345.6000,54148,0,2804920800.000,1,0,1,多换,S,5345.6000,5344.6000,5344.4000,5344.0000,5342.8000,5345.8000,5347.2000,5347.6000,5347.8000,5348.6000,5,1,2,1,1,1,2,3,1,1
SF,IC2003,2020-01-03 10:01:11.400,5345.8000,54145,-3,2808128280.000,3,0,3,双平,S,5345.8000,5345.6000,5344.6000,5344.4000,5344.0000,5347.0000,5347.2000,5347.6000,5347.8000,5348.6000,2,3,1,2,1,1,2,1,1,1
SF,IC2003,2020-01-03 10:01:11.900,5345.8000,54145,0,2808128280.000,0,-,-,-,-,5345.8000,5345.6000,5344.6000,5344.4000,5344.0000,5346.8000,5347.0000,5347.2000,5347.6000,5347.8000,2,3,1,2,1,1,1,1,1,1
SF,IC2003,2020-01-03 10:01:12.400,5345.8000,54145,0,2808128280.000,0,-,-,-,-,5345.8000,5345.6000,5344.6000,5344.4000,5344.0000,5346.2000,5346.8000,5347.0000,5347.2000,5347.6000,2,3,1,1,1,1,1,1,1,1
SF,IC2003,2020-01-03 10:01:12.900,5346.2000,54145,0,2809197520.000,1,0,1,多换,S,5346.2000,5344.6000,5344.4000,5344.0000,5342.8000,5346.8000,5347.0000,5347.2000,5347.6000,5347.8000,1,1,1,1,1,1,1,1,1,1
SF,IC2003,2020-01-03 10:01:13.400,5346.2000,54145,0,2809197520.000,0,-,-,-,-,5346.2000,5344.6000,5344.0000,5342.8000,5342.4000,5346.8000,5347.0000,5347.2000,5347.6000,5347.8000,1,1,1,1,2,1,1,1,1,1
SF,IC2003,2020-01-03 10:01:13.900,5346.2000,54145,0,2809197520.000,0,-,-,-,-,5344.6000,5344.0000,5342.8000,5342.4000,5342.0000,5346.8000,5347.0000,5347.2000,5347.6000,5347.8000,1,1,1,2,1,1,1,1,1,1
SF,IC2003,2020-01-03 10:01:14.400,5346.2000,54145,0,2809197520.000,0,-,-,-,-,5345.0000,5344.8000,5344.6000,5344.0000,5342.8000,5346.6000,5346.8000,5347.2000,5347.6000,5347.8000,1,3,1,1,1,1,1,1,1,1
SF,IC2003,2020-01-03 10:01:14.900,5346.6000,54145,0,2811336120.000,2,1,1,多换,S,5346.8000,5345.2000,5344.8000,5344.6000,5344.0000,5347.2000,5347.6000,5347.8000,5348.6000,5348.8000,1,1,2,1,1,1,1,1,1,1
SF,IC2003,2020-01-03 10:01:15.400,5346.8000,54144,-1,2812405480.000,1,0,1,双平,S,5345.2000,5344.6000,5344.0000,5342.8000,5342.4000,5346.2000,5346.6000,5346.8000,5347.2000,5347.6000,1,1,1,1,2,1,1,1,1,1
SF,IC2003,2020-01-03 10:01:15.900,5345.4000,54144,0,2814543640.000,2,1,1,多换,S,5345.2000,5344.6000,5344.0000,5342.8000,5342.4000,5346.2000,5346.8000,5347.2000,5347.6000,5347.8000,1,1,1,1,2,1,1,1,1,1
SF,IC2003,2020-01-03 10:01:16.400,5345.4000,54144,0,2814543640.000,0,-,-,-,-,5345.2000,5344.6000,5344.0000,5342.8000,5342.4000,5346.2000,5346.8000,5347.2000,5347.8000,5348.6000,1,1,1,1,2,3,1,1,1,1
SF,IC2003,2020-01-03 10:01:16.900,5346.2000,54145,1,2816682120.000,2,1,1,空开,S,5345.2000,5344.6000,5344.0000,5342.8000,5342.4000,5346.2000,5346.8000,5347.2000,5347.8000,5348.6000,1,1,1,1,2,1,1,1,1,1
SF,IC2003,2020-01-03 10:01:17.400,5346.2000,54145,0,2817751360.000,1,0,1,多换,S,5345.4000,5345.2000,5344.6000,5344.0000,5343.8000,5346.8000,5347.2000,5347.8000,5348.6000,5348.8000,1,1,1,1,1,1,1,1,1,1
SF,IC2003,2020-01-03 10:01:17.900,5346.2000,54145,0,2817751360.000,0,-,-,-,-,5346.0000,5345.6000,5344.6000,5344.0000,5343.8000,5346.8000,5347.2000,5347.8000,5348.6000,5348.8000,3,1,1,1,1,2,1,1,1,1
SF,IC2003,2020-01-03 10:01:18.400,5346.0000,54145,0,2818820560.000,1,0,1,多换,S,5346.0000,5345.6000,5344.6000,5344.0000,5343.8000,5346.8000,5347.2000,5347.8000,5348.6000,5348.8000,2,1,1,1,1,2,1,1,1,1
SF,IC2003,2020-01-03 10:01:18.900,5346.0000,54145,0,2818820560.000,0,-,-,-,-,5346.0000,5345.6000,5344.6000,5344.0000,5343.8000,5346.8000,5347.2000,5347.8000,5348.6000,5348.8000,2,1,1,1,1,2,1,1,1,1
SF,IC2003,2020-01-03 10:01:19.400,5346.8000,54146,1,2819889920.000,1,1,0,双开,S,5346.8000,5346.0000,5345.6000,5344.6000,5344.0000,5347.2000,5347.8000,5348.6000,5348.8000,5349.8000,1,2,1,1,1,1,1,1,1,1
SF,IC2003,2020-01-03 10:01:19.900,5346.8000,54146,0,2820959280.000,1,0,1,多换,S,5346.0000,5345.6000,5344.6000,5344.0000,5343.8000,5347.2000,5347.8000,5348.6000,5348.8000,5349.8000,2,1,1,1,1,1,1,1,1,1
SF,IC2003,2020-01-03 10:01:20.400,5346.8000,54146,0,2820959280.000,0,-,-,-,-,5346.2000,5346.0000,5344.6000,5344.0000,5343.8000,5347.8000,5348.6000,5348.8000,5349.8000,5350.0000,1,2,1,1,1,1,1,1,1,3
SF,IC2003,2020-01-03 10:01:20.900,5346.8000,54146,0,2820959280.000,0,-,-,-,-,5346.2000,5346.0000,5344.6000,5344.0000,5343.8000,5347.6000,5347.8000,5348.6000,5348.8000,5349.8000,1,2,1,1,1,1,1,1,1,1
SF,IC2003,2020-01-03 10:01:21.400,5346.8000,54146,0,2820959280.000,0,-,-,-,-,5346.2000,5346.0000,5344.6000,5344.0000,5343.8000,5347.6000,5347.8000,5348.6000,5348.8000,5349.8000,1,2,1,1,1,2,1,1,1,1
SF,IC2003,2020-01-03 10:01:21.900,5346.8000,54146,0,2820959280.000,0,-,-,-,-,5346.2000,5346.0000,5344.6000,5344.0000,5343.8000,5347.4000,5347.6000,5347.8000,5348.6000,5348.8000,1,2,1,1,1,1,2,1,1,1
SF,IC2003,2020-01-03 10:01:22.400,5346.8000,54146,0,2820959280.000,0,-,-,-,-,5346.0000,5344.6000,5344.0000,5343.8000,5343.6000,5346.4000,5347.2000,5347.4000,5347.6000,5347.8000,2,1,1,1,1,2,1,1,1,1
SF,IC2003,2020-01-03 10:01:22.900,5346.4000,54144,-2,2823097880.000,2,0,2,双平,S,5346.6000,5346.2000,5346.0000,5344.6000,5344.0000,5347.4000,5347.6000,5347.8000,5348.6000,5348.8000,1,1,2,1,1,2,1,1,1,1
SF,IC2003,2020-01-03 10:01:23.400,5346.4000,54144,0,2823097880.000,0,-,-,-,-,5346.2000,5346.0000,5344.6000,5344.0000,5343.8000,5346.4000,5347.4000,5347.6000,5347.8000,5348.6000,1,2,1,1,1,1,2,1,1,1
SF,IC2003,2020-01-03 10:01:23.900,5346.2000,54143,-1,2825236400.000,2,0,2,多平,S,5346.0000,5344.6000,5344.0000,5343.8000,5343.6000,5347.4000,5347.6000,5347.8000,5348.6000,5348.8000,2,1,1,1,1,2,1,1,1,1
SF,IC2003,2020-01-03 10:01:24.400,5346.2000,54143,0,2825236400.000,0,-,-,-,-,5346.0000,5344.6000,5344.0000,5343.8000,5343.6000,5347.2000,5347.4000,5347.6000,5347.8000,5348.6000,2,1,1,1,1,3,2,1,1,1
SF,IC2003,2020-01-03 10:01:24.900,5346.2000,54143,0,2825236400.000,0,-,-,-,-,5346.0000,5344.6000,5344.0000,5343.8000,5343.6000,5347.2000,5347.4000,5347.6000,5347.8000,5348.6000,2,1,1,1,1,2,2,1,1,1
SF,IC2003,2020-01-03 10:01:25.400,5346.2000,54143,0,2825236400.000,0,-,-,-,-,5346.0000,5344.6000,5344.0000,5343.8000,5343.6000,5347.0000,5347.2000,5347.4000,5347.6000,5347.8000,2,1,1,1,1,1,2,2,1,1
SF,IC2003,2020-01-03 10:01:26.900,5346.2000,54143,0,2825236400.000,0,-,-,-,-,5346.0000,5344.6000,5344.0000,5343.8000,5343.6000,5347.0000,5347.2000,5347.4000,5347.6000,5347.8000,3,1,1,1,1,1,2,2,1,1
SF,IC2003,2020-01-03 10:01:27.400,5346.2000,54143,0,2825236400.000,0,-,-,-,-,5346.0000,5344.6000,5344.0000,5343.8000,5343.6000,5346.8000,5347.0000,5347.2000,5347.4000,5347.6000,3,1,1,1,1,1,1,1,2,1
SF,IC2003,2020-01-03 10:01:27.900,5346.2000,54143,0,2825236400.000,0,-,-,-,-,5346.0000,5344.6000,5344.0000,5343.8000,5343.6000,5346.8000,5347.0000,5347.2000,5347.4000,5347.6000,3,1,1,1,1,1,1,1,2,1
SF,IC2003,2020-01-03 10:01:28.400,5346.2000,54143,0,2825236400.000,0,-,-,-,-,5346.0000,5344.6000,5344.0000,5343.8000,5343.6000,5346.8000,5347.0000,5347.2000,5347.4000,5347.6000,3,1,1,1,1,1,1,1,2,1
SF,IC2003,2020-01-03 10:01:30.400,5346.0000,54142,-1,2828444000.000,3,1,2,多平,S,5344.6000,5344.0000,5343.8000,5343.6000,5343.0000,5345.6000,5346.8000,5347.0000,5347.2000,5347.4000,1,1,1,1,1,1,1,1,1,2
SF,IC2003,2020-01-03 10:01:30.900,5345.6000,54142,0,2829513120.000,1,0,1,多换,S,5344.6000,5344.0000,5343.8000,5343.6000,5343.0000,5346.8000,5347.0000,5347.2000,5347.4000,5347.6000,1,1,1,1,1,1,1,1,2,1
SF,IC2003,2020-01-03 10:01:31.400,5344.6000,54143,1,2830582040.000,1,1,0,双开,S,5344.0000,5343.8000,5343.6000,5343.0000,5342.8000,5346.4000,5346.6000,5346.8000,5347.0000,5347.2000,1,1,1,1,1,2,2,1,1,1
SF,IC2003,2020-01-03 10:01:31.900,5344.6000,54143,0,2830582040.000,0,-,-,-,-,5344.4000,5344.2000,5344.0000,5343.8000,5343.6000,5346.0000,5346.2000,5346.4000,5346.6000,5347.0000,1,1,1,1,1,2,1,1,1,1
SF,IC2003,2020-01-03 10:01:32.400,5344.6000,54143,0,2830582040.000,0,-,-,-,-,5344.6000,5344.0000,5343.8000,5343.6000,5343.0000,5345.8000,5346.0000,5346.4000,5346.6000,5347.0000,1,1,1,1,1,1,1,1,1,1
SF,IC2003,2020-01-03 10:01:32.900,5344.6000,54143,0,2830582040.000,0,-,-,-,-,5344.0000,5343.8000,5343.6000,5343.0000,5342.8000,5345.8000,5346.0000,5346.4000,5346.6000,5347.0000,1,1,1,1,1,1,1,1,1,1
SF,IC2003,2020-01-03 10:01:33.400,5344.6000,54143,0,2830582040.000,0,-,-,-,-,5344.4000,5344.2000,5344.0000,5343.8000,5343.6000,5345.8000,5346.0000,5346.4000,5346.6000,5347.0000,1,1,1,1,1,1,1,1,1,1
SF,IC2003,2020-01-03 10:01:33.900,5344.6000,54143,0,2830582040.000,0,-,-,-,-,5344.6000,5344.0000,5343.8000,5343.6000,5343.0000,5345.8000,5346.0000,5346.4000,5346.6000,5347.0000,1,1,1,1,1,1,1,1,1,1
SF,IC2003,2020-01-03 10:01:34.400,5344.6000,54143,0,2830582040.000,0,-,-,-,-,5345.0000,5344.6000,5344.0000,5343.8000,5343.6000,5346.0000,5346.4000,5346.6000,5347.0000,5347.4000,2,2,2,1,1,1,1,1,1,1
SF,IC2003,2020-01-03 10:01:34.900,5346.0000,54142,-1,2831651240.000,1,0,1,双平,S,5345.2000,5345.0000,5344.6000,5344.0000,5343.8000,5346.4000,5346.6000,5347.0000,5347.4000,5347.6000,1,2,1,2,1,1,1,1,1,1
SF,IC2003,2020-01-03 10:01:35.900,5346.0000,54142,0,2831651240.000,0,-,-,-,-,5346.0000,5345.2000,5345.0000,5344.0000,5343.8000,5346.4000,5346.6000,5347.4000,5347.6000,5348.6000,1,1,2,2,1,1,1,1,1,1
SF,IC2003,2020-01-03 10:01:36.400,5346.0000,54142,0,2831651240.000,0,-,-,-,-,5346.0000,5345.2000,5345.0000,5344.0000,5343.8000,5346.6000,5347.4000,5347.6000,5348.6000,5348.8000,1,1,2,2,1,1,1,1,1,1
SF,IC2003,2020-01-03 10:01:36.900,5346.0000,54142,0,2831651240.000,0,-,-,-,-,5346.0000,5345.2000,5345.0000,5344.0000,5343.8000,5347.4000,5347.6000,5348.6000,5348.8000,5349.2000,1,1,2,2,1,1,1,1,1,3
SF,IC2003,2020-01-03 10:01:37.400,5346.0000,54142,0,2831651240.000,0,-,-,-,-,5346.0000,5345.2000,5345.0000,5344.0000,5343.8000,5347.0000,5347.2000,5347.4000,5347.6000,5348.6000,2,1,2,2,1,1,3,1,1,1
SF,IC2003,2020-01-03 10:01:37.900,5346.0000,54142,0,2831651240.000,0,-,-,-,-,5346.4000,5346.0000,5345.2000,5345.0000,5344.0000,5346.8000,5347.0000,5347.2000,5347.4000,5347.6000,1,1,1,2,2,1,1,2,1,1
SF,IC2003,2020-01-03 10:01:38.400,5346.4000,54141,-1,2832720520.000,1,0,1,双平,S,5346.0000,5345.2000,5345.0000,5344.0000,5343.8000,5346.8000,5347.0000,5347.2000,5347.4000,5347.6000,1,1,2,2,1,1,1,2,1,1
SF,IC2003,2020-01-03 10:01:38.900,5346.4000,54141,0,2832720520.000,0,-,-,-,-,5346.0000,5345.0000,5344.0000,5343.8000,5343.6000,5346.8000,5347.0000,5347.2000,5347.4000,5347.6000,1,2,2,1,1,1,1,2,1,1
SF,IC2003,2020-01-03 10:01:39.400,5346.4000,54141,0,2832720520.000,0,-,-,-,-,5345.0000,5344.0000,5343.8000,5343.6000,5343.0000,5346.8000,5347.0000,5347.2000,5347.4000,5347.6000,2,2,1,1,1,1,1,2,1,1
SF,IC2003,2020-01-03 10:01:39.900,5346.4000,54141,0,2832720520.000,0,-,-,-,-,5345.4000,5345.2000,5345.0000,5344.0000,5343.8000,5346.8000,5347.0000,5347.2000,5347.4000,5347.6000,1,1,2,2,1,1,1,2,1,1
SF,IC2003,2020-01-03 10:01:40.400,5346.4000,54141,0,2832720520.000,0,-,-,-,-,5345.2000,5345.0000,5344.0000,5343.8000,5343.6000,5346.8000,5347.0000,5347.2000,5347.4000,5347.6000,1,2,2,1,1,1,1,2,1,1
SF,IC2003,2020-01-03 10:01:40.900,5346.4000,54141,0,2832720520.000,0,-,-,-,-,5345.2000,5345.0000,5344.0000,5343.8000,5343.6000,5346.6000,5346.8000,5347.0000,5347.2000,5347.4000,1,2,2,1,1,2,1,1,2,1
SF,IC2003,2020-01-03 10:01:41.400,5346.4000,54141,0,2833789800.000,1,0,1,多换,S,5345.2000,5345.0000,5344.0000,5343.8000,5343.6000,5346.6000,5347.0000,5347.2000,5347.4000,5347.6000,1,2,2,1,1,2,1,2,1,1
SF,IC2003,2020-01-03 10:01:41.900,5346.4000,54141,0,2833789800.000,0,-,-,-,-,5345.2000,5344.0000,5343.8000,5343.6000,5343.0000,5346.6000,5347.0000,5347.2000,5347.4000,5347.6000,1,2,1,1,1,2,1,2,1,1
SF,IC2003,2020-01-03 10:01:42.900,5345.4000,54141,0,2834858880.000,1,0,1,多换,S,5345.2000,5344.0000,5343.8000,5343.6000,5343.0000,5346.6000,5347.0000,5347.2000,5347.4000,5347.6000,1,2,1,1,1,2,1,2,1,1
SF,IC2003,2020-01-03 10:01:43.400,5345.4000,54141,0,2834858880.000,0,-,-,-,-,5345.6000,5345.2000,5344.0000,5343.8000,5343.6000,5346.6000,5347.0000,5347.2000,5347.4000,5347.6000,1,1,2,1,1,2,1,1,1,1
SF,IC2003,2020-01-03 10:01:43.900,5345.4000,54141,0,2834858880.000,0,-,-,-,-,5345.6000,5345.4000,5345.2000,5344.0000,5343.8000,5346.6000,5347.0000,5347.2000,5347.4000,5347.6000,1,1,1,2,1,2,1,1,1,1
SF,IC2003,2020-01-03 10:01:44.400,5345.4000,54141,0,2834858880.000,0,-,-,-,-,5345.4000,5345.2000,5344.0000,5343.8000,5343.6000,5346.6000,5347.0000,5347.2000,5347.4000,5347.6000,1,1,2,1,1,2,1,1,1,1
SF,IC2003,2020-01-03 10:01:44.900,5345.4000,54141,0,2834858880.000,0,-,-,-,-,5345.2000,5344.0000,5343.8000,5343.6000,5343.0000,5346.4000,5346.6000,5347.0000,5347.2000,5347.4000,1,2,1,1,1,1,2,1,1,1
SF,IC2003,2020-01-03 10:01:46.400,5345.4000,54141,0,2834858880.000,0,-,-,-,-,5345.2000,5344.0000,5343.8000,5343.6000,5343.0000,5346.4000,5346.6000,5347.0000,5347.4000,5347.6000,1,2,1,1,1,1,2,1,1,1
SF,IC2003,2020-01-03 10:01:46.900,5345.4000,54141,0,2834858880.000,0,-,-,-,-,5345.2000,5344.2000,5344.0000,5343.8000,5343.6000,5346.4000,5346.6000,5347.0000,5347.4000,5347.6000,1,1,2,1,1,1,2,1,1,1
SF,IC2003,2020-01-03 10:01:47.400,5345.4000,54141,0,2834858880.000,0,-,-,-,-,5345.2000,5344.2000,5344.0000,5343.8000,5343.6000,5346.6000,5347.0000,5347.4000,5347.6000,5347.8000,1,1,2,1,1,2,1,1,1,1
SF,IC2003,2020-01-03 10:01:47.900,5345.4000,54141,0,2834858880.000,0,-,-,-,-,5345.2000,5344.2000,5344.0000,5343.8000,5343.6000,5346.6000,5347.0000,5347.4000,5347.6000,5347.8000,1,1,2,1,1,1,1,1,1,1
SF,IC2003,2020-01-03 10:01:48.400,5345.4000,54141,0,2834858880.000,0,-,-,-,-,5345.2000,5344.2000,5344.0000,5343.8000,5343.6000,5346.6000,5347.0000,5347.4000,5347.6000,5347.8000,1,1,2,1,1,1,1,1,1,1
SF,IC2003,2020-01-03 10:01:48.900,5345.4000,54141,0,2834858880.000,0,-,-,-,-,5345.2000,5344.2000,5344.0000,5343.8000,5343.6000,5346.6000,5347.0000,5347.4000,5347.6000,5347.8000,1,1,2,1,1,1,1,1,1,1
SF,IC2003,2020-01-03 10:01:49.900,5345.4000,54141,0,2834858880.000,0,-,-,-,-,5345.2000,5344.2000,5344.0000,5343.8000,5343.6000,5346.6000,5347.0000,5347.4000,5347.8000,5348.6000,1,1,2,1,1,1,1,1,1,1
SF,IC2003,2020-01-03 10:01:50.900,5345.4000,54141,0,2834858880.000,0,-,-,-,-,5345.6000,5345.2000,5344.2000,5344.0000,5343.8000,5346.6000,5347.0000,5347.4000,5347.8000,5348.6000,1,1,1,2,1,1,1,1,1,1
SF,IC2003,2020-01-03 10:01:51.400,5346.6000,54140,-1,2835928200.000,1,0,1,双平,S,5345.8000,5345.6000,5344.2000,5344.0000,5343.8000,5347.0000,5347.4000,5347.8000,5348.6000,5348.8000,1,1,1,2,1,1,1,1,1,1
SF,IC2003,2020-01-03 10:01:51.900,5347.0000,54139,-1,2836997600.000,1,0,1,双平,S,5345.8000,5345.6000,5344.2000,5344.0000,5343.8000,5347.4000,5347.8000,5348.6000,5348.8000,5349.2000,1,1,1,2,1,1,1,1,1,3
SF,IC2003,2020-01-03 10:01:52.400,5347.0000,54139,0,2836997600.000,0,-,-,-,-,5346.0000,5345.8000,5345.6000,5344.2000,5344.0000,5347.4000,5347.8000,5348.6000,5348.8000,5349.2000,1,1,1,1,2,1,1,1,1,3
SF,IC2003,2020-01-03 10:01:52.900,5347.4000,54139,0,2838067080.000,1,0,1,多换,S,5346.2000,5346.0000,5345.6000,5344.2000,5344.0000,5347.8000,5348.6000,5348.8000,5349.2000,5349.8000,1,3,1,1,2,1,1,1,3,1
SF,IC2003,2020-01-03 10:01:53.400,5347.4000,54139,0,2838067080.000,0,-,-,-,-,5347.2000,5346.6000,5346.4000,5346.2000,5346.0000,5347.8000,5348.6000,5348.8000,5349.2000,5349.8000,1,2,1,2,2,1,1,1,3,1
SF,IC2003,2020-01-03 10:01:53.900,5347.4000,54139,0,2838067080.000,0,-,-,-,-,5346.6000,5346.4000,5346.2000,5346.0000,5345.6000,5347.6000,5347.8000,5348.6000,5348.8000,5349.2000,2,1,2,2,1,1,1,1,1,3
SF,IC2003,2020-01-03 10:01:54.400,5347.4000,54139,0,2838067080.000,0,-,-,-,-,5346.6000,5346.4000,5346.2000,5346.0000,5345.6000,5347.6000,5347.8000,5348.6000,5348.8000,5349.2000,2,1,1,2,1,1,1,1,1,3
SF,IC2003,2020-01-03 10:01:55.900,5347.4000,54139,0,2838067080.000,0,-,-,-,-,5346.6000,5346.4000,5346.2000,5346.0000,5345.6000,5347.6000,5347.8000,5348.6000,5348.8000,5349.2000,2,1,1,1,1,1,1,1,1,3
SF,IC2003,2020-01-03 10:01:56.400,5347.4000,54139,0,2838067080.000,0,-,-,-,-,5346.6000,5346.4000,5346.0000,5345.6000,5345.0000,5347.4000,5347.6000,5347.8000,5348.6000,5348.8000,2,1,1,1,1,1,1,1,1,1
SF,IC2003,2020-01-03 10:01:56.900,5347.4000,54139,0,2838067080.000,0,-,-,-,-,5346.6000,5345.6000,5345.0000,5344.2000,5344.0000,5347.2000,5347.4000,5347.8000,5348.6000,5348.8000,1,1,1,1,2,2,1,1,1,1
SF,IC2003,2020-01-03 10:01:57.400,5347.4000,54139,0,2838067080.000,0,-,-,-,-,5345.6000,5345.0000,5344.2000,5344.0000,5343.6000,5347.2000,5347.4000,5347.8000,5348.6000,5348.8000,1,1,1,2,1,2,1,1,1,1
SF,IC2003,2020-01-03 10:01:57.900,5347.4000,54140,1,2839136560.000,1,1,0,双开,S,5346.0000,5345.8000,5345.6000,5345.0000,5344.2000,5347.2000,5347.6000,5347.8000,5348.6000,5348.8000,1,1,1,1,1,1,1,1,1,1
SF,IC2003,2020-01-03 10:01:58.400,5347.4000,54140,0,2839136560.000,0,-,-,-,-,5346.2000,5346.0000,5345.6000,5345.0000,5344.2000,5347.2000,5347.6000,5347.8000,5348.6000,5348.8000,1,1,1,1,1,1,1,2,1,1
SF,IC2003,2020-01-03 10:01:58.900,5347.4000,54140,0,2839136560.000,0,-,-,-,-,5346.2000,5346.0000,5345.6000,5345.0000,5344.2000,5347.6000,5347.8000,5348.6000,5348.8000,5349.2000,1,1,1,1,1,1,2,1,1,3
SF,IC2003,2020-01-03 10:01:59.400,5347.4000,54140,0,2839136560.000,0,-,-,-,-,5346.4000,5346.2000,5346.0000,5345.6000,5345.0000,5347.4000,5347.6000,5347.8000,5348.6000,5348.8000,1,1,1,1,1,1,1,2,1,1
SF,IC2003,2020-01-03 10:02:00.900,5347.4000,54140,0,2839136560.000,0,-,-,-,-,5346.2000,5346.0000,5345.6000,5345.0000,5344.2000,5347.4000,5347.6000,5347.8000,5348.6000,5348.8000,1,2,1,1,1,1,1,2,1,1
SF,IC2003,2020-01-03 10:02:01.400,5347.4000,54140,0,2839136560.000,0,-,-,-,-,5346.0000,5345.6000,5344.2000,5344.0000,5343.6000,5347.2000,5347.4000,5347.6000,5347.8000,5348.6000,2,1,1,2,1,1,1,1,2,1
SF,IC2003,2020-01-03 10:02:01.900,5347.4000,54140,0,2840206040.000,1,0,1,多换,S,5346.0000,5345.6000,5344.2000,5344.0000,5343.6000,5347.4000,5347.6000,5347.8000,5348.6000,5348.8000,2,1,1,2,1,1,1,2,1,1
SF,IC2003,2020-01-03 10:02:02.400,5347.4000,54140,0,2840206040.000,0,-,-,-,-,5346.2000,5346.0000,5345.6000,5344.2000,5344.0000,5347.4000,5347.6000,5347.8000,5348.6000,5348.8000,1,2,1,1,1,1,1,2,1,1
SF,IC2003,2020-01-03 10:02:02.900,5347.4000,54140,0,2840206040.000,0,-,-,-,-,5346.2000,5346.0000,5345.6000,5344.2000,5344.0000,5347.4000,5347.6000,5347.8000,5348.6000,5348.8000,1,3,1,1,1,1,1,2,1,1
SF,IC2003,2020-01-03 10:02:03.400,5347.4000,54140,0,2840206040.000,0,-,-,-,-,5346.4000,5346.2000,5346.0000,5345.6000,5344.2000,5347.4000,5347.6000,5347.8000,5348.6000,5348.8000,1,1,3,1,1,1,1,2,1,1
SF,IC2003,2020-01-03 10:02:03.900,5347.4000,54140,0,2840206040.000,0,-,-,-,-,5346.6000,5346.4000,5346.0000,5345.6000,5344.2000,5347.4000,5347.6000,5347.8000,5348.6000,5348.8000,1,1,3,1,1,1,1,2,1,1
SF,IC2003,2020-01-03 10:02:04.900,5347.4000,54140,0,2840206040.000,0,-,-,-,-,5346.6000,5346.0000,5345.6000,5344.2000,5344.0000,5347.4000,5347.6000,5347.8000,5348.6000,5348.8000,1,3,1,1,1,1,1,2,1,1
SF,IC2003,2020-01-03 10:02:05.400,5347.4000,54140,0,2840206040.000,0,-,-,-,-,5346.8000,5346.6000,5346.0000,5345.6000,5344.2000,5347.4000,5347.6000,5347.8000,5348.6000,5348.8000,1,1,3,1,1,1,1,2,1,1
SF,IC2003,2020-01-03 10:02:05.900,5347.4000,54139,-1,2841275520.000,1,0,1,双平,S,5347.0000,5346.8000,5346.0000,5345.6000,5344.2000,5347.6000,5347.8000,5348.0000,5348.6000,5348.8000,1,1,3,1,1,1,2,1,1,1
SF,IC2003,2020-01-03 10:02:06.400,5347.0000,54138,-1,2842344920.000,1,0,1,双平,S,5346.8000,5346.0000,5345.6000,5344.2000,5344.0000,5347.6000,5347.8000,5348.0000,5348.6000,5348.8000,1,3,1,1,1,1,2,1,1,1
SF,IC2003,2020-01-03 10:02:07.400,5347.0000,54138,0,2842344920.000,0,-,-,-,-,5346.8000,5346.0000,5345.6000,5344.2000,5344.0000,5347.6000,5347.8000,5348.0000,5348.6000,5348.8000,2,3,1,1,1,1,2,1,1,1
SF,IC2003,2020-01-03 10:02:09.400,5347.0000,54138,0,2842344920.000,0,-,-,-,-,5346.8000,5346.0000,5345.6000,5344.2000,5344.0000,5347.6000,5347.8000,5348.0000,5348.6000,5348.8000,1,2,1,1,1,1,2,1,1,1
SF,IC2003,2020-01-03 10:02:11.900,5347.0000,54138,0,2842344920.000,0,-,-,-,-,5346.8000,5346.0000,5345.6000,5344.2000,5344.0000,5347.6000,5347.8000,5348.0000,5348.6000,5348.8000,1,2,1,1,1,2,2,1,1,1
SF,IC2003,2020-01-03 10:02:12.400,5347.0000,54138,0,2842344920.000,0,-,-,-,-,5346.8000,5346.0000,5345.6000,5344.2000,5344.0000,5347.4000,5347.6000,5347.8000,5348.0000,5348.6000,1,2,1,1,1,1,2,2,1,1
SF,IC2003,2020-01-03 10:02:15.900,5347.4000,54137,-1,2843414400.000,1,0,1,双平,S,5346.8000,5346.0000,5345.6000,5344.2000,5344.0000,5347.6000,5347.8000,5348.0000,5348.6000,5348.8000,1,2,1,1,1,2,2,1,1,1
SF,IC2003,2020-01-03 10:02:16.400,5347.6000,54136,-1,2844483920.000,1,0,1,双平,S,5346.8000,5346.0000,5345.6000,5344.2000,5344.0000,5347.6000,5347.8000,5348.0000,5348.6000,5348.8000,1,2,1,1,1,1,2,1,1,1
SF,IC2003,2020-01-03 10:02:17.400,5347.6000,54136,0,2844483920.000,0,-,-,-,-,5346.8000,5346.0000,5345.6000,5344.2000,5344.0000,5347.6000,5347.8000,5348.0000,5348.6000,5348.8000,1,2,1,1,1,1,2,1,1,1
SF,IC2003,2020-01-03 10:02:17.900,5346.8000,54135,-1,2845553280.000,1,0,1,双平,S,5346.0000,5345.6000,5344.2000,5344.0000,5343.6000,5347.2000,5347.6000,5347.8000,5348.0000,5348.6000,2,1,1,1,1,1,1,2,1,1
SF,IC2003,2020-01-03 10:02:18.400,5346.8000,54135,0,2845553280.000,0,-,-,-,-,5346.2000,5346.0000,5345.6000,5344.2000,5344.0000,5347.2000,5347.6000,5347.8000,5348.0000,5348.6000,2,3,1,1,1,1,1,2,1,1
SF,IC2003,2020-01-03 10:02:18.900,5347.2000,54134,-1,2846622720.000,1,0,1,双平,S,5346.2000,5346.0000,5345.6000,5344.2000,5344.0000,5347.6000,5347.8000,5348.0000,5348.6000,5348.8000,2,3,1,1,1,1,2,1,1,1
SF,IC2003,2020-01-03 10:02:19.900,5347.2000,54134,0,2846622720.000,0,-,-,-,-,5346.4000,5346.2000,5346.0000,5345.6000,5344.2000,5347.6000,5347.8000,5348.0000,5348.6000,5348.8000,1,2,3,1,1,1,2,1,1,1
SF,IC2003,2020-01-03 10:02:20.900,5347.2000,54134,0,2846622720.000,0,-,-,-,-,5346.4000,5346.2000,5346.0000,5345.6000,5344.0000,5347.6000,5347.8000,5348.0000,5348.6000,5348.8000,1,2,3,1,1,1,2,1,1,1
SF,IC2003,2020-01-03 10:02:21.400,5347.2000,54134,0,2846622720.000,0,-,-,-,-,5346.4000,5346.2000,5346.0000,5345.6000,5344.0000,5347.6000,5347.8000,5348.0000,5348.6000,5348.8000,2,2,3,1,1,1,2,1,1,1
SF,IC2003,2020-01-03 10:02:24.400,5347.2000,54134,0,2846622720.000,0,-,-,-,-,5346.4000,5346.2000,5346.0000,5345.6000,5344.0000,5347.6000,5347.8000,5348.0000,5348.6000,5348.8000,2,2,3,1,1,1,2,1,1,1
SF,IC2003,2020-01-03 10:02:24.900,5347.2000,54134,0,2846622720.000,0,-,-,-,-,5346.4000,5346.2000,5346.0000,5345.6000,5344.0000,5347.6000,5347.8000,5348.0000,5348.6000,5348.8000,2,2,3,1,1,1,2,1,1,1
SF,IC2003,2020-01-03 10:02:26.400,5347.2000,54134,0,2846622720.000,0,-,-,-,-,5346.6000,5346.4000,5346.2000,5346.0000,5345.6000,5347.6000,5347.8000,5348.0000,5348.6000,5348.8000,1,2,2,3,1,1,2,1,1,1
SF,IC2003,2020-01-03 10:02:27.400,5347.2000,54134,0,2846622720.000,0,-,-,-,-,5346.8000,5346.6000,5346.4000,5346.2000,5346.0000,5347.6000,5347.8000,5348.0000,5348.6000,5348.8000,2,1,1,2,3,1,2,1,1,1
SF,IC2003,2020-01-03 10:02:27.900,5347.2000,54134,0,2846622720.000,0,-,-,-,-,5347.0000,5346.8000,5346.6000,5346.4000,5346.2000,5347.4000,5347.6000,5347.8000,5348.0000,5348.6000,1,2,1,1,1,1,1,2,1,1
SF,IC2003,2020-01-03 10:02:28.400,5347.4000,54134,0,2847692200.000,1,0,1,多换,S,5347.0000,5346.8000,5346.6000,5346.4000,5346.2000,5347.6000,5347.8000,5348.0000,5348.6000,5348.8000,1,2,1,1,1,1,2,1,1,1
SF,IC2003,2020-01-03 10:02:28.900,5347.4000,54134,0,2847692200.000,0,-,-,-,-,5347.4000,5347.0000,5346.8000,5346.6000,5346.4000,5347.6000,5347.8000,5348.0000,5348.6000,5348.8000,3,1,2,1,1,1,2,1,1,1
SF,IC2003,2020-01-03 10:02:29.400,5347.6000,54133,-1,2848761720.000,1,0,1,双平,S,5347.4000,5347.2000,5347.0000,5346.6000,5346.4000,5347.8000,5348.0000,5348.6000,5348.8000,5349.2000,3,2,1,1,1,2,1,1,1,3
SF,IC2003,2020-01-03 10:02:29.900,5347.8000,54133,0,2850900840.000,2,1,1,多换,S,5347.6000,5347.4000,5347.0000,5346.6000,5346.4000,5348.0000,5348.6000,5348.8000,5349.2000,5349.8000,2,3,1,1,1,1,1,1,3,1
SF,IC2003,2020-01-03 10:02:30.400,5348.0000,54133,0,2851970440.000,1,0,1,多换,S,5347.8000,5347.4000,5347.0000,5346.6000,5346.4000,5348.6000,5348.8000,5349.2000,5349.8000,5350.0000,2,3,1,1,1,1,1,3,1,3
SF,IC2003,2020-01-03 10:02:30.900,5348.0000,54133,0,2851970440.000,0,-,-,-,-,5347.8000,5347.4000,5347.0000,5346.4000,5346.2000,5348.6000,5348.8000,5349.2000,5349.8000,5350.0000,2,3,1,1,1,1,1,3,1,3
SF,IC2003,2020-01-03 10:02:31.900,5349.2000,54131,-2,2855179760.000,3,0,3,多平,S,5348.8000,5347.8000,5347.4000,5347.0000,5346.4000,5349.2000,5349.8000,5350.0000,5352.0000,5352.2000,1,2,3,1,1,2,1,3,2,1
SF,IC2003,2020-01-03 10:02:32.400,5349.2000,54131,0,2856249600.000,1,0,1,多换,S,5348.4000,5347.4000,5347.0000,5346.4000,5346.2000,5349.2000,5349.8000,5350.0000,5352.0000,5352.2000,2,3,1,1,1,1,1,3,2,1
SF,IC2003,2020-01-03 10:02:32.900,5349.2000,54131,0,2857319440.000,1,0,1,多换,S,5348.6000,5348.4000,5348.2000,5347.4000,5346.4000,5349.8000,5350.0000,5352.0000,5352.2000,5352.4000,1,2,1,3,1,1,3,2,1,2
SF,IC2003,2020-01-03 10:02:33.400,5349.2000,54131,0,2857319440.000,0,-,-,-,-,5348.8000,5348.6000,5348.2000,5347.4000,5346.4000,5349.8000,5350.0000,5352.0000,5352.2000,5352.4000,2,1,1,3,1,1,3,2,1,2
SF,IC2003,2020-01-03 10:02:33.900,5349.2000,54131,0,2857319440.000,0,-,-,-,-,5348.8000,5348.6000,5348.2000,5347.4000,5346.4000,5349.8000,5350.0000,5352.0000,5352.2000,5352.4000,2,1,1,3,1,1,3,2,1,2
SF,IC2003,2020-01-03 10:02:34.900,5349.2000,54131,0,2857319440.000,0,-,-,-,-,5348.8000,5348.6000,5347.4000,5346.4000,5346.2000,5349.8000,5350.0000,5352.0000,5352.2000,5352.4000,2,1,3,1,1,1,3,2,1,2
SF,IC2003,2020-01-03 10:02:35.400,5349.2000,54131,0,2857319440.000,0,-,-,-,-,5348.6000,5347.4000,5346.4000,5346.2000,5346.0000,5349.2000,5349.8000,5350.0000,5352.0000,5352.2000,1,3,1,1,2,1,1,3,2,1
SF,IC2003,2020-01-03 10:02:36.900,5349.2000,54131,0,2857319440.000,0,-,-,-,-,5348.6000,5347.4000,5346.4000,5346.2000,5346.0000,5349.2000,5349.8000,5350.0000,5352.0000,5352.2000,1,3,1,1,2,1,1,3,2,1
SF,IC2003,2020-01-03 10:02:37.400,5349.8000,54132,1,2859459240.000,2,1,1,空开,S,5348.6000,5347.4000,5346.4000,5346.2000,5346.0000,5350.0000,5352.0000,5352.2000,5352.8000,5353.8000,1,3,1,1,2,3,2,1,1,1
SF,IC2003,2020-01-03 10:02:37.900,5349.8000,54132,0,2859459240.000,0,-,-,-,-,5348.6000,5347.4000,5346.4000,5346.2000,5346.0000,5349.2000,5350.0000,5352.0000,5352.2000,5352.8000,1,3,1,1,2,1,3,2,1,1
SF,IC2003,2020-01-03 10:02:38.400,5349.2000,54131,-1,2860529080.000,1,0,1,双平,S,5349.2000,5348.8000,5348.6000,5347.4000,5346.4000,5350.0000,5352.0000,5352.2000,5352.8000,5353.8000,2,2,1,3,1,3,2,1,1,1
SF,IC2003,2020-01-03 10:02:39.400,5349.2000,54131,0,2860529080.000,0,-,-,-,-,5349.2000,5348.8000,5348.6000,5348.4000,5347.4000,5350.0000,5352.0000,5352.2000,5352.8000,5353.8000,3,2,1,1,3,3,2,1,1,1
SF,IC2003,2020-01-03 10:02:39.900,5349.2000,54131,0,2860529080.000,0,-,-,-,-,5349.4000,5349.2000,5348.6000,5348.4000,5347.4000,5350.0000,5352.0000,5352.2000,5352.8000,5353.8000,2,3,1,1,3,3,2,1,1,1
SF,IC2003,2020-01-03 10:02:40.400,5349.2000,54131,0,2860529080.000,0,-,-,-,-,5349.6000,5349.4000,5349.2000,5348.6000,5348.4000,5350.0000,5352.0000,5352.2000,5352.8000,5353.8000,1,2,3,1,1,3,2,1,1,1
SF,IC2003,2020-01-03 10:02:40.900,5350.0000,54130,-1,2861599080.000,1,0,1,双平,S,5349.6000,5349.2000,5348.6000,5348.4000,5347.4000,5350.0000,5352.0000,5352.2000,5352.8000,5353.8000,1,3,1,1,3,2,2,1,1,1
SF,IC2003,2020-01-03 10:02:41.400,5350.0000,54130,0,2861599080.000,0,-,-,-,-,5349.6000,5349.2000,5348.6000,5348.4000,5347.4000,5350.0000,5352.0000,5352.2000,5352.8000,5353.8000,1,3,1,1,3,2,2,1,1,1
SF,IC2003,2020-01-03 10:02:41.900,5350.0000,54129,-1,2862669080.000,1,0,1,双平,S,5349.6000,5349.2000,5348.6000,5348.4000,5347.4000,5350.0000,5352.0000,5352.2000,5352.8000,5353.8000,1,3,1,1,3,1,2,1,1,1
SF,IC2003,2020-01-03 10:02:42.400,5350.0000,54130,1,2863739080.000,1,1,0,双开,S,5350.0000,5349.6000,5349.2000,5348.6000,5348.4000,5352.0000,5352.2000,5352.8000,5353.8000,5354.0000,4,1,3,1,1,2,1,1,1,1
SF,IC2003,2020-01-03 10:02:42.900,5350.0000,54131,1,2864809080.000,1,1,0,双开,S,5350.0000,5349.6000,5349.2000,5348.6000,5348.4000,5351.4000,5351.6000,5351.8000,5352.0000,5352.2000,3,1,3,1,1,2,2,2,2,1
SF,IC2003,2020-01-03 10:02:43.400,5350.0000,54131,0,2864809080.000,0,-,-,-,-,5350.2000,5350.0000,5349.6000,5349.2000,5348.4000,5351.4000,5351.6000,5351.8000,5352.0000,5352.2000,1,9,1,1,1,2,1,1,2,1
SF,IC2003,2020-01-03 10:02:43.900,5350.0000,54131,0,2864809080.000,0,-,-,-,-,5350.0000,5349.6000,5349.2000,5348.4000,5347.4000,5351.2000,5351.4000,5351.6000,5352.0000,5352.2000,9,1,1,1,3,1,2,1,2,1
SF,IC2003,2020-01-03 10:02:44.400,5350.0000,54131,0,2864809080.000,0,-,-,-,-,5350.0000,5349.6000,5349.2000,5348.4000,5347.4000,5351.2000,5351.4000,5352.0000,5352.2000,5352.8000,9,1,1,1,3,1,1,2,1,1
SF,IC2003,2020-01-03 10:02:44.900,5350.0000,54131,0,2864809080.000,0,-,-,-,-,5350.2000,5350.0000,5349.6000,5349.2000,5348.4000,5351.2000,5351.4000,5352.0000,5352.2000,5352.8000,1,9,1,1,1,1,1,2,1,1
SF,IC2003,2020-01-03 10:02:45.400,5350.0000,54131,0,2864809080.000,0,-,-,-,-,5350.2000,5350.0000,5349.6000,5349.2000,5348.4000,5351.2000,5351.4000,5352.0000,5352.2000,5352.8000,1,9,1,1,1,1,1,2,1,1
SF,IC2003,2020-01-03 10:02:45.900,5350.0000,54131,0,2864809080.000,0,-,-,-,-,5350.2000,5350.0000,5349.6000,5349.2000,5348.4000,5351.2000,5352.0000,5352.2000,5352.8000,5353.8000,1,9,1,1,1,1,2,1,1,1
SF,IC2003,2020-01-03 10:02:46.400,5350.0000,54131,0,2864809080.000,0,-,-,-,-,5350.2000,5350.0000,5349.6000,5348.4000,5347.4000,5352.0000,5352.2000,5352.8000,5353.8000,5354.0000,1,9,1,1,3,2,1,1,1,1
SF,IC2003,2020-01-03 10:02:46.900,5350.0000,54131,0,2864809080.000,0,-,-,-,-,5350.6000,5350.4000,5350.2000,5350.0000,5349.6000,5351.8000,5352.0000,5352.2000,5352.8000,5353.8000,1,1,1,9,1,1,2,1,1,1
SF,IC2003,2020-01-03 10:02:47.400,5350.0000,54131,0,2864809080.000,0,-,-,-,-,5350.4000,5350.2000,5350.0000,5349.6000,5348.4000,5351.8000,5352.0000,5352.2000,5352.8000,5353.8000,2,1,9,1,1,1,2,1,1,1
SF,IC2003,2020-01-03 10:02:47.900,5350.0000,54131,0,2864809080.000,0,-,-,-,-,5350.4000,5350.2000,5350.0000,5349.6000,5348.4000,5351.2000,5351.8000,5352.0000,5352.2000,5352.8000,1,1,9,1,1,1,1,2,1,1
SF,IC2003,2020-01-03 10:02:49.400,5350.0000,54131,0,2864809080.000,0,-,-,-,-,5350.6000,5350.4000,5350.2000,5350.0000,5349.6000,5351.2000,5351.8000,5352.0000,5352.2000,5352.8000,1,1,1,10,1,1,1,2,1,1
SF,IC2003,2020-01-03 10:02:50.400,5350.0000,54131,0,2864809080.000,0,-,-,-,-,5350.6000,5350.4000,5350.2000,5350.0000,5349.6000,5351.2000,5351.8000,5352.0000,5352.2000,5352.8000,1,1,1,10,1,1,1,2,1,1
SF,IC2003,2020-01-03 10:02:50.900,5351.2000,54129,-2,2866949560.000,2,0,2,双平,S,5350.6000,5350.4000,5350.2000,5350.0000,5349.6000,5351.8000,5352.0000,5352.2000,5352.8000,5353.8000,1,1,1,10,1,1,2,1,1,1
SF,IC2003,2020-01-03 10:02:51.400,5351.2000,54129,0,2866949560.000,0,-,-,-,-,5350.6000,5350.4000,5350.2000,5350.0000,5349.6000,5351.8000,5352.0000,5352.2000,5352.8000,5353.8000,2,1,1,10,1,1,2,1,1,1
SF,IC2003,2020-01-03 10:02:51.900,5351.2000,54129,0,2866949560.000,0,-,-,-,-,5350.6000,5350.4000,5350.2000,5350.0000,5349.6000,5351.8000,5352.0000,5352.2000,5352.8000,5353.6000,2,1,1,10,1,1,2,1,1,1
SF,IC2003,2020-01-03 10:02:52.400,5350.6000,54129,0,2868019680.000,1,0,1,多换,S,5350.6000,5350.4000,5350.2000,5350.0000,5349.6000,5351.8000,5352.0000,5352.2000,5352.8000,5353.6000,1,1,1,10,1,1,2,1,1,1
SF,IC2003,2020-01-03 10:02:52.900,5350.6000,54129,0,2868019680.000,0,-,-,-,-,5350.6000,5350.2000,5350.0000,5349.6000,5348.4000,5351.6000,5351.8000,5352.0000,5352.2000,5352.8000,1,1,10,1,1,1,1,2,1,1
SF,IC2003,2020-01-03 10:02:53.900,5350.6000,54129,0,2868019680.000,0,-,-,-,-,5350.6000,5350.2000,5350.0000,5349.6000,5348.4000,5351.6000,5351.8000,5352.0000,5352.2000,5352.8000,1,1,10,1,1,1,1,2,1,1
SF,IC2003,2020-01-03 10:02:54.400,5350.6000,54129,0,2868019680.000,0,-,-,-,-,5350.6000,5350.0000,5349.6000,5348.4000,5347.4000,5351.4000,5351.6000,5352.0000,5352.2000,5352.8000,1,10,1,1,3,1,1,2,1,1
SF,IC2003,2020-01-03 10:02:54.900,5350.6000,54129,0,2868019680.000,0,-,-,-,-,5350.6000,5350.0000,5349.6000,5348.4000,5347.4000,5351.4000,5351.6000,5352.0000,5352.2000,5352.8000,1,11,1,1,3,1,2,2,1,1
SF,IC2003,2020-01-03 10:02:56.900,5350.6000,54129,0,2868019680.000,0,-,-,-,-,5350.6000,5350.0000,5349.6000,5348.4000,5347.4000,5351.4000,5351.6000,5352.0000,5352.2000,5352.8000,1,11,1,1,3,1,2,3,1,1
SF,IC2003,2020-01-03 10:02:57.900,5350.6000,54129,0,2868019680.000,0,-,-,-,-,5350.6000,5350.0000,5349.6000,5348.4000,5347.4000,5351.4000,5351.6000,5352.0000,5352.2000,5352.8000,1,11,1,1,3,1,1,3,1,1
SF,IC2003,2020-01-03 10:02:58.900,5350.6000,54128,-1,2870160080.000,2,0,2,多平,S,5350.0000,5349.6000,5348.4000,5347.4000,5346.2000,5351.6000,5352.0000,5352.2000,5352.8000,5353.4000,11,1,1,3,1,1,3,1,1,3
SF,IC2003,2020-01-03 10:02:59.400,5350.6000,54128,0,2870160080.000,0,-,-,-,-,5350.2000,5350.0000,5349.6000,5348.4000,5347.4000,5351.6000,5352.0000,5352.2000,5352.8000,5353.4000,1,11,1,1,3,1,3,1,1,3
SF,IC2003,2020-01-03 10:03:00.400,5350.6000,54128,0,2870160080.000,0,-,-,-,-,5350.8000,5350.2000,5350.0000,5349.6000,5348.4000,5351.6000,5352.0000,5352.2000,5352.8000,5353.4000,1,1,11,1,1,1,3,1,1,3
SF,IC2003,2020-01-03 10:03:00.900,5350.8000,54128,0,2871230240.000,1,0,1,多换,S,5350.2000,5350.0000,5349.6000,5348.4000,5347.4000,5351.6000,5352.0000,5352.2000,5352.8000,5353.4000,2,11,1,1,3,1,3,1,1,3
SF,IC2003,2020-01-03 10:03:02.400,5350.8000,54128,0,2871230240.000,0,-,-,-,-,5350.2000,5350.0000,5349.6000,5348.4000,5347.4000,5351.2000,5351.6000,5352.0000,5352.2000,5352.8000,2,11,1,1,3,1,1,3,1,1
SF,IC2003,2020-01-03 10:03:02.900,5350.8000,54128,0,2871230240.000,0,-,-,-,-,5350.4000,5350.2000,5350.0000,5349.6000,5348.4000,5351.2000,5351.6000,5352.0000,5352.2000,5352.8000,2,2,11,1,1,1,1,3,1,1
SF,IC2003,2020-01-03 10:03:03.400,5351.2000,54127,-1,2872300480.000,1,0,1,双平,S,5350.4000,5350.2000,5350.0000,5349.6000,5348.4000,5351.6000,5352.0000,5352.2000,5352.8000,5353.4000,2,2,11,1,1,1,3,1,1,3
SF,IC2003,2020-01-03 10:03:03.900,5350.6000,54127,0,2873370600.000,1,0,1,多换,S,5350.4000,5350.2000,5350.0000,5349.6000,5348.4000,5351.6000,5352.0000,5352.2000,5352.8000,5353.4000,2,1,11,1,1,1,3,1,1,3
SF,IC2003,2020-01-03 10:03:04.400,5350.6000,54127,0,2873370600.000,0,-,-,-,-,5350.4000,5350.2000,5350.0000,5349.6000,5348.4000,5351.6000,5352.0000,5352.2000,5352.8000,5353.4000,2,1,11,1,1,1,3,1,1,3
SF,IC2003,2020-01-03 10:03:05.900,5350.6000,54127,0,2873370600.000,0,-,-,-,-,5350.4000,5350.2000,5350.0000,5349.6000,5348.4000,5351.6000,5352.0000,5352.2000,5352.8000,5353.4000,2,1,10,1,1,1,3,1,1,3
SF,IC2003,2020-01-03 10:03:06.400,5350.6000,54127,0,2873370600.000,0,-,-,-,-,5350.4000,5350.2000,5350.0000,5349.6000,5348.4000,5352.0000,5352.2000,5352.8000,5353.4000,5353.6000,2,1,10,1,1,3,1,1,3,1
SF,IC2003,2020-01-03 10:03:06.900,5350.6000,54127,0,2873370600.000,0,-,-,-,-,5350.6000,5350.4000,5350.2000,5350.0000,5349.6000,5351.8000,5352.0000,5352.2000,5352.8000,5353.4000,1,2,1,10,1,1,3,1,1,3
SF,IC2003,2020-01-03 10:03:07.400,5350.6000,54127,0,2873370600.000,0,-,-,-,-,5350.6000,5350.2000,5350.0000,5349.6000,5348.4000,5351.8000,5352.0000,5352.2000,5352.8000,5353.4000,3,1,10,1,1,1,3,1,1,3
SF,IC2003,2020-01-03 10:03:07.900,5350.6000,54127,0,2873370600.000,0,-,-,-,-,5350.8000,5350.6000,5350.2000,5350.0000,5349.6000,5351.8000,5352.0000,5352.2000,5352.8000,5353.4000,2,1,1,10,1,1,3,1,1,3
SF,IC2003,2020-01-03 10:03:08.400,5350.6000,54127,0,2873370600.000,0,-,-,-,-,5350.8000,5350.6000,5350.2000,5350.0000,5349.6000,5352.0000,5352.2000,5352.8000,5353.4000,5353.6000,2,1,1,10,1,3,1,1,3,1
SF,IC2003,2020-01-03 10:03:08.900,5350.6000,54124,-3,2876580960.000,3,0,3,双平,S,5350.2000,5350.0000,5349.6000,5348.4000,5348.0000,5350.6000,5352.0000,5352.2000,5352.8000,5353.4000,1,10,1,1,1,1,3,1,1,3
SF,IC2003,2020-01-03 10:03:09.400,5350.6000,54123,-1,2877651080.000,1,0,1,双平,S,5351.2000,5350.8000,5350.6000,5350.2000,5350.0000,5352.0000,5352.2000,5352.8000,5353.4000,5353.6000,1,1,4,1,10,3,1,1,3,1
SF,IC2003,2020-01-03 10:03:09.900,5351.8000,54122,-1,2878721440.000,1,0,1,双平,S,5350.6000,5350.2000,5350.0000,5349.6000,5348.4000,5352.0000,5352.2000,5352.8000,5353.4000,5353.6000,2,1,10,1,1,3,1,1,3,1
SF,IC2003,2020-01-03 10:03:10.400,5351.8000,54122,0,2878721440.000,0,-,-,-,-,5351.6000,5350.8000,5350.6000,5350.2000,5350.0000,5352.0000,5352.2000,5352.8000,5353.4000,5353.6000,1,1,2,1,10,3,1,1,3,1
SF,IC2003,2020-01-03 10:03:10.900,5350.8000,54121,-1,2881932400.000,3,1,2,多平,S,5350.6000,5350.2000,5350.0000,5349.6000,5348.4000,5352.0000,5352.2000,5352.8000,5353.4000,5353.6000,2,1,10,1,1,2,1,1,3,1
SF,IC2003,2020-01-03 10:03:11.400,5350.8000,54121,0,2881932400.000,0,-,-,-,-,5351.6000,5351.0000,5350.8000,5350.6000,5350.2000,5352.0000,5352.2000,5352.8000,5353.4000,5353.6000,1,1,4,2,1,2,1,1,3,1
SF,IC2003,2020-01-03 10:03:11.900,5350.8000,54121,0,2881932400.000,0,-,-,-,-,5351.0000,5350.8000,5350.6000,5350.2000,5350.0000,5352.0000,5352.2000,5352.8000,5353.4000,5353.6000,1,4,2,1,11,2,1,1,3,1
SF,IC2003,2020-01-03 10:03:12.400,5350.8000,54121,0,2881932400.000,0,-,-,-,-,5351.0000,5350.8000,5350.6000,5350.2000,5350.0000,5352.0000,5352.2000,5352.8000,5353.4000,5353.6000,1,5,2,1,11,2,1,1,3,1
SF,IC2003,2020-01-03 10:03:13.400,5350.8000,54121,0,2881932400.000,0,-,-,-,-,5351.0000,5350.8000,5350.6000,5350.2000,5350.0000,5351.6000,5352.0000,5352.2000,5352.8000,5353.4000,1,5,2,1,11,1,2,1,1,3
SF,IC2003,2020-01-03 10:03:13.900,5350.8000,54121,0,2881932400.000,0,-,-,-,-,5350.8000,5350.6000,5350.2000,5350.0000,5349.6000,5351.4000,5351.6000,5352.0000,5352.2000,5352.8000,1,2,1,11,1,1,1,2,1,1
SF,IC2003,2020-01-03 10:03:14.400,5350.6000,54119,-2,2884072640.000,2,0,2,双平,S,5350.2000,5350.0000,5349.6000,5348.4000,5348.0000,5350.8000,5351.2000,5351.4000,5351.6000,5352.0000,1,11,1,1,1,1,2,1,1,2
SF,IC2003,2020-01-03 10:03:14.900,5350.0000,54120,1,2888352680.000,4,2,2,空开,S,5350.0000,5349.6000,5348.4000,5348.0000,5346.2000,5350.2000,5350.6000,5350.8000,5351.6000,5352.0000,8,1,1,1,1,2,3,1,1,2
SF,IC2003,2020-01-03 10:03:15.400,5349.6000,54120,0,2897982600.000,9,4,5,多换,S,5348.4000,5348.0000,5346.2000,5346.0000,5345.2000,5350.0000,5350.2000,5350.6000,5350.8000,5351.6000,1,1,1,2,1,9,2,2,1,1
SF,IC2003,2020-01-03 10:03:15.900,5349.6000,54120,0,2897982600.000,0,-,-,-,-,5348.6000,5348.4000,5348.2000,5348.0000,5347.0000,5349.8000,5350.0000,5350.2000,5350.8000,5351.6000,1,1,1,1,2,4,9,2,1,1
SF,IC2003,2020-01-03 10:03:16.400,5349.6000,54120,0,2897982600.000,0,-,-,-,-,5348.6000,5348.4000,5348.2000,5348.0000,5347.6000,5349.6000,5349.8000,5350.0000,5350.2000,5350.8000,1,1,1,1,1,3,3,9,2,1
SF,IC2003,2020-01-03 10:03:16.900,5349.6000,54120,0,2897982600.000,0,-,-,-,-,5348.6000,5348.4000,5348.2000,5348.0000,5347.6000,5349.4000,5349.6000,5349.8000,5350.0000,5350.2000,1,1,1,1,1,2,3,1,9,2
SF,IC2003,2020-01-03 10:03:17.400,5349.6000,54120,0,2897982600.000,0,-,-,-,-,5348.6000,5348.4000,5348.2000,5348.0000,5347.6000,5349.4000,5349.6000,5349.8000,5350.0000,5350.2000,1,1,1,1,1,2,2,1,9,2
SF,IC2003,2020-01-03 10:03:17.900,5349.6000,54120,0,2899052520.000,1,0,1,多换,S,5348.6000,5348.4000,5348.2000,5348.0000,5347.6000,5349.4000,5349.6000,5349.8000,5350.0000,5350.2000,1,1,1,1,1,1,2,1,9,2
SF,IC2003,2020-01-03 10:03:18.900,5349.6000,54120,0,2899052520.000,0,-,-,-,-,5348.6000,5348.4000,5348.2000,5348.0000,5347.6000,5349.4000,5349.6000,5349.8000,5350.0000,5350.2000,1,1,1,1,1,1,2,1,9,2
SF,IC2003,2020-01-03 10:03:19.400,5349.6000,54120,0,2899052520.000,0,-,-,-,-,5348.6000,5348.4000,5348.2000,5348.0000,5347.6000,5349.4000,5349.6000,5349.8000,5350.0000,5350.2000,1,1,1,1,1,1,2,1,9,2
SF,IC2003,2020-01-03 10:03:20.400,5349.6000,54120,0,2899052520.000,0,-,-,-,-,5348.6000,5348.4000,5348.2000,5348.0000,5347.0000,5349.4000,5349.6000,5349.8000,5350.0000,5350.2000,1,1,1,1,2,1,1,1,9,2
SF,IC2003,2020-01-03 10:03:20.900,5349.6000,54120,0,2899052520.000,0,-,-,-,-,5348.6000,5348.4000,5348.2000,5348.0000,5347.0000,5349.4000,5349.6000,5349.8000,5350.0000,5350.8000,1,1,1,1,2,1,1,1,9,1
SF,IC2003,2020-01-03 10:03:21.400,5349.6000,54120,0,2899052520.000,0,-,-,-,-,5348.6000,5348.4000,5348.2000,5348.0000,5347.0000,5349.4000,5349.6000,5349.8000,5350.0000,5350.8000,1,1,1,1,2,1,1,1,8,1
SF,IC2003,2020-01-03 10:03:22.400,5349.6000,54120,0,2899052520.000,0,-,-,-,-,5348.6000,5348.4000,5348.2000,5348.0000,5347.0000,5349.4000,5349.6000,5349.8000,5350.0000,5351.6000,1,1,1,1,2,1,1,1,6,1
SF,IC2003,2020-01-03 10:03:22.900,5349.6000,54119,-1,2901192320.000,2,0,2,多平,S,5348.8000,5348.6000,5348.4000,5348.2000,5348.0000,5350.0000,5351.6000,5352.0000,5352.2000,5352.8000,3,1,1,1,1,6,1,3,1,1
SF,IC2003,2020-01-03 10:03:23.400,5349.6000,54119,0,2901192320.000,0,-,-,-,-,5349.2000,5348.8000,5348.6000,5348.4000,5348.2000,5351.6000,5352.0000,5352.2000,5352.8000,5353.4000,2,3,1,1,1,1,3,1,1,3
SF,IC2003,2020-01-03 10:03:23.900,5349.6000,54119,0,2901192320.000,0,-,-,-,-,5349.4000,5349.2000,5348.8000,5348.6000,5348.4000,5351.0000,5351.2000,5351.4000,5351.6000,5352.0000,1,2,2,1,1,1,2,1,1,3
SF,IC2003,2020-01-03 10:03:24.400,5349.6000,54119,0,2901192320.000,0,-,-,-,-,5349.4000,5349.2000,5348.8000,5348.6000,5348.4000,5350.8000,5351.0000,5351.2000,5351.6000,5352.0000,2,2,2,1,1,1,1,1,1,3
SF,IC2003,2020-01-03 10:03:24.900,5349.6000,54119,0,2901192320.000,0,-,-,-,-,5349.8000,5349.6000,5349.4000,5349.2000,5348.8000,5351.0000,5351.2000,5351.6000,5352.0000,5352.2000,1,1,2,2,1,1,1,1,3,1
SF,IC2003,2020-01-03 10:03:25.400,5349.6000,54119,0,2901192320.000,0,-,-,-,-,5349.8000,5349.6000,5349.4000,5349.2000,5348.8000,5350.6000,5350.8000,5351.2000,5351.6000,5352.0000,1,1,2,2,1,1,1,1,1,3
SF,IC2003,2020-01-03 10:03:25.900,5350.6000,54118,-1,2902262440.000,1,0,1,双平,S,5350.2000,5349.8000,5349.4000,5349.2000,5348.8000,5351.6000,5352.0000,5352.2000,5352.8000,5353.4000,1,1,2,2,1,1,3,1,1,3
SF,IC2003,2020-01-03 10:03:26.400,5350.6000,54118,0,2902262440.000,0,-,-,-,-,5350.2000,5349.8000,5349.4000,5349.2000,5348.8000,5351.6000,5352.0000,5352.2000,5352.8000,5353.4000,2,1,1,2,1,1,3,1,1,3
SF,IC2003,2020-01-03 10:03:26.900,5350.6000,54118,0,2902262440.000,0,-,-,-,-,5350.2000,5349.8000,5349.4000,5349.2000,5348.8000,5351.4000,5351.6000,5352.0000,5352.2000,5352.8000,2,1,1,2,1,1,1,3,1,1
SF,IC2003,2020-01-03 10:03:27.400,5350.6000,54118,0,2902262440.000,0,-,-,-,-,5350.2000,5349.8000,5349.4000,5349.2000,5348.8000,5351.4000,5351.6000,5352.0000,5352.2000,5352.8000,2,1,1,2,1,1,1,2,1,1
SF,IC2003,2020-01-03 10:03:27.900,5350.2000,54118,0,2903332480.000,1,0,1,多换,S,5350.2000,5349.8000,5349.4000,5349.2000,5348.8000,5351.4000,5351.6000,5352.0000,5352.2000,5352.8000,1,1,1,2,1,1,1,2,1,1
SF,IC2003,2020-01-03 10:03:28.900,5350.2000,54118,0,2903332480.000,0,-,-,-,-,5349.8000,5349.4000,5349.2000,5348.8000,5348.4000,5351.4000,5351.6000,5352.0000,5352.2000,5352.8000,1,1,2,1,1,1,1,2,1,1
SF,IC2003,2020-01-03 10:03:31.400,5350.2000,54118,0,2903332480.000,0,-,-,-,-,5349.8000,5349.4000,5349.2000,5348.8000,5348.4000,5351.0000,5351.4000,5351.6000,5352.0000,5352.2000,1,1,2,1,1,1,1,1,2,1
SF,IC2003,2020-01-03 10:03:31.900,5350.2000,54118,0,2903332480.000,0,-,-,-,-,5349.8000,5349.4000,5349.2000,5348.8000,5348.4000,5351.0000,5351.4000,5351.6000,5352.0000,5352.2000,2,1,2,1,1,1,1,1,2,1
SF,IC2003,2020-01-03 10:03:32.400,5350.2000,54118,0,2903332480.000,0,-,-,-,-,5350.0000,5349.8000,5349.2000,5348.8000,5348.4000,5351.0000,5351.4000,5351.6000,5352.0000,5352.2000,1,1,2,1,1,1,1,1,2,1
SF,IC2003,2020-01-03 10:03:32.900,5350.2000,54118,0,2903332480.000,0,-,-,-,-,5350.0000,5349.8000,5349.2000,5348.8000,5348.4000,5351.4000,5351.6000,5352.0000,5352.2000,5352.8000,1,1,2,1,1,1,1,2,1,1
SF,IC2003,2020-01-03 10:03:34.400,5350.2000,54118,0,2903332480.000,0,-,-,-,-,5350.0000,5349.8000,5349.2000,5348.8000,5348.4000,5351.4000,5351.6000,5352.0000,5352.2000,5352.8000,1,1,2,1,1,1,1,2,1,1
SF,IC2003,2020-01-03 10:03:35.400,5350.2000,54118,0,2903332480.000,0,-,-,-,-,5350.0000,5349.8000,5349.2000,5348.8000,5348.4000,5351.4000,5351.6000,5352.0000,5352.2000,5352.8000,1,1,2,1,1,1,1,2,1,1
SF,IC2003,2020-01-03 10:03:35.900,5350.2000,54118,0,2903332480.000,0,-,-,-,-,5350.0000,5349.8000,5349.2000,5348.8000,5348.4000,5351.2000,5351.4000,5351.6000,5352.0000,5352.2000,1,1,2,1,1,1,1,1,2,1
SF,IC2003,2020-01-03 10:03:36.400,5350.0000,54117,-1,2904402480.000,1,0,1,双平,S,5349.8000,5349.2000,5348.8000,5348.4000,5348.2000,5350.0000,5351.2000,5351.4000,5351.6000,5352.0000,1,2,1,1,1,2,1,1,1,2
SF,IC2003,2020-01-03 10:03:36.900,5350.0000,54115,-2,2906542480.000,2,0,2,双平,S,5350.0000,5349.8000,5349.2000,5348.8000,5348.4000,5351.2000,5351.4000,5351.6000,5352.0000,5352.2000,1,1,2,1,1,1,1,1,2,1
SF,IC2003,2020-01-03 10:03:37.400,5350.0000,54115,0,2906542480.000,0,-,-,-,-,5350.0000,5349.8000,5349.2000,5348.8000,5348.4000,5351.0000,5351.2000,5351.6000,5352.0000,5352.2000,1,1,2,1,1,1,1,1,2,1
SF,IC2003,2020-01-03 10:03:37.900,5350.0000,54115,0,2906542480.000,0,-,-,-,-,5350.0000,5349.8000,5349.2000,5348.8000,5348.4000,5350.8000,5351.0000,5351.6000,5352.0000,5352.2000,1,1,2,1,1,1,1,1,2,1
SF,IC2003,2020-01-03 10:03:39.900,5350.8000,54115,0,2907612640.000,1,0,1,多换,S,5350.0000,5349.8000,5349.2000,5348.8000,5348.4000,5351.0000,5351.6000,5352.0000,5352.2000,5352.8000,1,1,2,1,1,1,1,2,1,1
SF,IC2003,2020-01-03 10:03:40.400,5350.8000,54115,0,2907612640.000,0,-,-,-,-,5350.0000,5349.8000,5349.2000,5348.8000,5348.4000,5351.0000,5351.6000,5352.0000,5352.2000,5352.8000,1,1,2,1,1,1,1,2,1,1
SF,IC2003,2020-01-03 10:03:41.400,5350.0000,54115,0,2908682640.000,1,0,1,多换,S,5349.8000,5349.2000,5348.8000,5348.4000,5348.2000,5351.0000,5351.6000,5352.0000,5352.2000,5352.8000,1,2,1,1,1,1,1,2,1,1
SF,IC2003,2020-01-03 10:03:42.400,5349.8000,54116,1,2909752600.000,1,1,0,双开,S,5349.2000,5348.8000,5348.4000,5348.2000,5348.0000,5350.8000,5351.0000,5351.6000,5352.0000,5352.2000,1,1,1,1,1,1,1,1,2,1
SF,IC2003,2020-01-03 10:03:42.900,5349.8000,54116,0,2909752600.000,0,-,-,-,-,5349.4000,5349.2000,5348.8000,5348.4000,5348.2000,5350.6000,5350.8000,5351.6000,5352.0000,5352.2000,1,1,1,1,1,1,1,1,2,1
SF,IC2003,2020-01-03 10:03:43.400,5349.8000,54116,0,2909752600.000,0,-,-,-,-,5349.2000,5348.8000,5348.4000,5348.2000,5348.0000,5350.6000,5350.8000,5351.6000,5352.0000,5352.2000,1,1,1,1,1,1,1,1,2,1
SF,IC2003,2020-01-03 10:03:43.900,5349.8000,54116,0,2909752600.000,0,-,-,-,-,5349.2000,5348.8000,5348.4000,5348.2000,5348.0000,5350.6000,5350.8000,5351.6000,5352.0000,5352.2000,1,1,1,1,1,2,1,1,2,1
SF,IC2003,2020-01-03 10:03:45.900,5349.8000,54116,0,2909752600.000,0,-,-,-,-,5349.2000,5348.8000,5348.4000,5348.2000,5348.0000,5350.6000,5350.8000,5351.6000,5352.0000,5352.2000,1,1,1,1,1,2,1,1,2,1
SF,IC2003,2020-01-03 10:03:46.400,5349.8000,54116,0,2909752600.000,0,-,-,-,-,5349.2000,5348.8000,5348.4000,5348.2000,5348.0000,5350.6000,5350.8000,5351.6000,5352.0000,5352.2000,1,1,1,1,1,1,1,1,2,1
SF,IC2003,2020-01-03 10:03:48.400,5349.8000,54116,0,2909752600.000,0,-,-,-,-,5349.2000,5348.8000,5348.4000,5348.2000,5348.0000,5350.6000,5351.6000,5352.0000,5352.2000,5352.8000,1,1,1,1,1,1,1,2,1,1
SF,IC2003,2020-01-03 10:03:48.900,5349.8000,54116,0,2909752600.000,0,-,-,-,-,5349.2000,5348.8000,5348.4000,5348.2000,5348.0000,5350.4000,5350.6000,5351.6000,5352.0000,5352.2000,1,1,1,1,1,1,1,1,2,1
SF,IC2003,2020-01-03 10:03:49.400,5349.8000,54116,0,2909752600.000,0,-,-,-,-,5349.2000,5348.8000,5348.4000,5348.2000,5348.0000,5350.2000,5350.4000,5351.6000,5352.0000,5352.2000,1,1,1,1,1,1,1,1,2,1
SF,IC2003,2020-01-03 10:03:49.900,5349.8000,54116,0,2909752600.000,0,-,-,-,-,5349.2000,5348.8000,5348.4000,5348.2000,5348.0000,5350.0000,5350.2000,5351.6000,5352.0000,5352.2000,1,1,1,1,1,1,1,1,2,1
SF,IC2003,2020-01-03 10:03:50.400,5349.8000,54116,0,2909752600.000,0,-,-,-,-,5349.2000,5348.8000,5348.4000,5348.2000,5348.0000,5350.0000,5350.2000,5351.6000,5352.0000,5352.2000,1,1,1,1,1,1,1,1,2,1
SF,IC2003,2020-01-03 10:03:50.900,5349.8000,54116,0,2909752600.000,0,-,-,-,-,5349.2000,5348.8000,5348.4000,5348.2000,5348.0000,5350.0000,5350.2000,5351.6000,5352.0000,5352.2000,1,1,1,1,1,2,1,1,2,1
SF,IC2003,2020-01-03 10:03:51.400,5349.8000,54116,0,2909752600.000,0,-,-,-,-,5349.2000,5348.8000,5348.4000,5348.2000,5348.0000,5349.8000,5350.0000,5351.6000,5352.0000,5352.2000,1,1,1,1,1,1,2,1,2,1
SF,IC2003,2020-01-03 10:03:51.900,5349.8000,54116,0,2909752600.000,0,-,-,-,-,5348.4000,5348.2000,5348.0000,5347.0000,5346.0000,5349.2000,5349.6000,5349.8000,5351.6000,5352.0000,1,1,1,2,2,4,3,1,1,2
SF,IC2003,2020-01-03 10:03:52.400,5349.8000,54116,0,2909752600.000,0,-,-,-,-,5348.4000,5348.2000,5348.0000,5347.0000,5346.0000,5349.2000,5349.6000,5349.8000,5351.6000,5352.0000,1,1,1,2,2,4,1,1,1,2
SF,IC2003,2020-01-03 10:03:53.400,5349.8000,54116,0,2909752600.000,0,-,-,-,-,5348.4000,5348.2000,5348.0000,5347.0000,5346.0000,5348.6000,5349.2000,5349.6000,5349.8000,5351.6000,1,1,1,2,2,2,4,1,1,1
SF,IC2003,2020-01-03 10:03:53.900,5348.4000,54116,0,2910822280.000,1,0,1,多换,S,5348.2000,5348.0000,5347.0000,5346.0000,5345.2000,5348.4000,5349.6000,5349.8000,5351.6000,5352.0000,1,1,2,2,1,3,1,1,1,2
SF,IC2003,2020-01-03 10:03:54.400,5348.2000,54115,-1,2911891920.000,1,0,1,双平,S,5348.0000,5346.0000,5345.2000,5344.0000,5343.0000,5349.8000,5351.6000,5352.0000,5352.2000,5352.8000,1,2,1,1,1,1,1,2,1,1
SF,IC2003,2020-01-03 10:03:54.900,5348.2000,54115,0,2911891920.000,0,-,-,-,-,5348.0000,5346.0000,5345.2000,5344.0000,5343.0000,5349.4000,5349.6000,5349.8000,5351.6000,5352.0000,1,2,1,1,1,3,4,1,1,2
SF,IC2003,2020-01-03 10:03:55.400,5348.2000,54115,0,2911891920.000,0,-,-,-,-,5348.0000,5346.0000,5345.2000,5344.0000,5343.0000,5349.0000,5349.2000,5349.4000,5351.6000,5352.0000,1,2,1,1,1,2,3,2,1,2
SF,IC2003,2020-01-03 10:03:55.900,5348.2000,54115,0,2911891920.000,0,-,-,-,-,5348.0000,5346.6000,5346.0000,5345.2000,5344.0000,5349.0000,5349.2000,5349.4000,5351.6000,5352.0000,1,1,2,1,1,2,1,2,1,2
SF,IC2003,2020-01-03 10:03:56.400,5349.0000,54114,-1,2912961720.000,1,0,1,双平,S,5348.2000,5348.0000,5346.6000,5346.0000,5345.2000,5349.0000,5349.2000,5349.4000,5351.6000,5352.0000,1,1,1,2,1,1,1,1,1,2
SF,IC2003,2020-01-03 10:03:56.900,5349.0000,54114,0,2912961720.000,0,-,-,-,-,5349.0000,5348.6000,5348.2000,5348.0000,5346.6000,5351.6000,5352.0000,5352.2000,5352.8000,5353.4000,1,1,1,1,1,1,2,1,1,3
SF,IC2003,2020-01-03 10:03:57.400,5349.0000,54114,0,2912961720.000,0,-,-,-,-,5349.0000,5348.6000,5348.2000,5348.0000,5346.6000,5350.8000,5351.0000,5351.2000,5351.4000,5351.6000,1,1,1,1,1,2,1,1,3,1
SF,IC2003,2020-01-03 10:03:57.900,5349.0000,54113,-1,2914031520.000,1,0,1,双平,S,5348.6000,5348.2000,5348.0000,5346.6000,5346.0000,5350.6000,5350.8000,5351.0000,5351.6000,5352.0000,1,1,1,1,2,3,2,1,1,2
SF,IC2003,2020-01-03 10:03:58.400,5349.0000,54113,0,2914031520.000,0,-,-,-,-,5348.8000,5348.6000,5348.0000,5346.6000,5346.0000,5350.6000,5350.8000,5351.0000,5351.6000,5352.0000,3,2,1,1,2,3,2,1,1,2
SF,IC2003,2020-01-03 10:03:58.900,5349.0000,54113,0,2914031520.000,0,-,-,-,-,5349.4000,5349.2000,5348.8000,5348.6000,5348.0000,5350.6000,5350.8000,5351.0000,5351.6000,5352.0000,1,1,2,1,1,3,2,1,1,2
SF,IC2003,2020-01-03 10:03:59.400,5349.0000,54113,0,2914031520.000,0,-,-,-,-,5349.4000,5348.8000,5348.0000,5346.6000,5346.0000,5350.6000,5350.8000,5351.0000,5351.6000,5352.0000,2,1,1,1,2,3,2,1,1,2
SF,IC2003,2020-01-03 10:04:01.400,5349.2000,54113,0,2915101360.000,1,0,1,多换,S,5349.4000,5348.8000,5348.0000,5346.6000,5346.0000,5350.6000,5350.8000,5351.0000,5351.6000,5352.0000,1,1,1,1,2,3,2,1,1,2
SF,IC2003,2020-01-03 10:04:01.900,5349.2000,54112,-1,2916171200.000,1,0,1,双平,S,5349.4000,5348.0000,5346.8000,5346.6000,5346.0000,5350.4000,5350.6000,5350.8000,5351.0000,5351.6000,1,1,1,1,2,1,3,2,1,1
SF,IC2003,2020-01-03 10:04:02.400,5349.2000,54112,0,2916171200.000,0,-,-,-,-,5349.4000,5348.0000,5346.8000,5346.6000,5346.0000,5350.2000,5350.8000,5351.0000,5351.6000,5352.0000,1,1,1,1,2,3,2,1,1,2
SF,IC2003,2020-01-03 10:04:02.900,5349.2000,54112,0,2916171200.000,0,-,-,-,-,5349.4000,5348.0000,5346.8000,5346.6000,5346.0000,5350.2000,5350.8000,5351.6000,5352.0000,5352.2000,1,1,1,1,2,3,1,1,2,1
SF,IC2003,2020-01-03 10:04:03.400,5349.2000,54112,0,2916171200.000,0,-,-,-,-,5349.4000,5348.0000,5346.8000,5346.6000,5346.0000,5350.2000,5350.8000,5351.6000,5352.0000,5352.2000,1,1,1,1,2,3,1,1,2,1
SF,IC2003,2020-01-03 10:04:03.900,5349.2000,54112,0,2916171200.000,0,-,-,-,-,5349.4000,5348.0000,5346.8000,5346.6000,5346.0000,5350.2000,5350.8000,5351.6000,5352.0000,5352.2000,1,1,1,1,2,4,1,1,2,1
SF,IC2003,2020-01-03 10:04:04.900,5349.2000,54112,0,2916171200.000,0,-,-,-,-,5349.4000,5348.0000,5346.6000,5346.0000,5345.2000,5350.2000,5350.8000,5351.6000,5352.0000,5352.2000,1,1,1,2,1,4,1,1,2,1
SF,IC2003,2020-01-03 10:04:05.400,5349.4000,54111,-1,2917241080.000,1,0,1,双平,S,5348.0000,5346.6000,5346.0000,5345.2000,5344.0000,5350.2000,5350.8000,5351.6000,5352.0000,5352.2000,1,1,2,1,1,4,1,1,2,1
SF,IC2003,2020-01-03 10:04:05.900,5349.4000,54111,0,2917241080.000,0,-,-,-,-,5348.4000,5348.2000,5348.0000,5346.6000,5346.0000,5350.2000,5351.6000,5352.0000,5352.2000,5352.8000,2,3,2,1,2,4,1,2,1,1
SF,IC2003,2020-01-03 10:04:06.400,5349.4000,54111,0,2917241080.000,0,-,-,-,-,5349.6000,5348.8000,5348.6000,5348.4000,5348.2000,5350.2000,5351.6000,5352.0000,5352.2000,5352.8000,1,1,1,1,2,4,1,2,1,1
SF,IC2003,2020-01-03 10:04:06.900,5349.4000,54111,0,2917241080.000,0,-,-,-,-,5349.6000,5348.6000,5348.4000,5348.2000,5348.0000,5350.2000,5351.6000,5352.0000,5352.2000,5352.8000,1,1,1,1,2,4,1,2,1,1
SF,IC2003,2020-01-03 10:04:07.400,5349.4000,54111,0,2917241080.000,0,-,-,-,-,5349.6000,5348.6000,5348.2000,5348.0000,5346.6000,5350.2000,5351.6000,5352.0000,5352.2000,5352.8000,1,1,1,2,1,3,1,2,1,1
SF,IC2003,2020-01-03 10:04:07.900,5350.2000,54111,0,2919381160.000,2,1,1,多换,S,5349.6000,5348.6000,5348.2000,5348.0000,5346.6000,5350.2000,5351.6000,5352.0000,5352.2000,5352.8000,1,1,1,1,1,1,1,2,1,1
SF,IC2003,2020-01-03 10:04:08.400,5350.2000,54110,-1,2920451200.000,1,0,1,双平,S,5349.6000,5348.6000,5348.2000,5348.0000,5346.6000,5351.4000,5351.6000,5352.0000,5352.2000,5352.8000,1,1,1,1,1,1,1,2,1,1
SF,IC2003,2020-01-03 10:04:08.900,5350.2000,54110,0,2920451200.000,0,-,-,-,-,5350.0000,5349.8000,5349.6000,5348.2000,5348.0000,5351.0000,5351.2000,5351.6000,5352.0000,5352.2000,1,1,2,1,1,1,1,1,2,1
SF,IC2003,2020-01-03 10:04:09.400,5351.0000,54109,-1,2921521400.000,1,0,1,双平,S,5350.8000,5350.2000,5350.0000,5349.6000,5348.2000,5351.6000,5352.0000,5352.2000,5352.8000,5353.4000,1,2,1,2,1,1,2,1,1,3
SF,IC2003,2020-01-03 10:04:09.900,5351.0000,54109,0,2921521400.000,0,-,-,-,-,5350.2000,5349.6000,5348.2000,5348.0000,5346.6000,5351.4000,5351.6000,5352.0000,5352.2000,5352.8000,1,1,1,1,1,1,1,2,1,1
SF,IC2003,2020-01-03 10:04:10.400,5351.0000,54109,0,2921521400.000,0,-,-,-,-,5351.0000,5350.4000,5350.2000,5349.6000,5348.2000,5351.6000,5352.0000,5352.2000,5352.8000,5353.4000,1,1,2,1,1,1,2,1,1,3
SF,IC2003,2020-01-03 10:04:10.900,5351.0000,54109,0,2921521400.000,0,-,-,-,-,5350.4000,5350.2000,5349.6000,5348.2000,5348.0000,5351.6000,5352.0000,5352.2000,5352.8000,5353.4000,1,1,1,1,1,1,2,1,1,3
SF,IC2003,2020-01-03 10:04:11.400,5351.0000,54109,0,2921521400.000,0,-,-,-,-,5350.2000,5349.6000,5348.2000,5348.0000,5346.6000,5351.4000,5351.6000,5352.0000,5352.2000,5352.8000,1,1,1,1,1,1,1,2,1,1
SF,IC2003,2020-01-03 10:04:11.900,5351.0000,54109,0,2921521400.000,0,-,-,-,-,5350.6000,5350.4000,5350.2000,5349.6000,5348.0000,5351.6000,5352.0000,5352.2000,5352.8000,5353.4000,1,3,1,1,1,1,2,1,1,3
SF,IC2003,2020-01-03 10:04:12.400,5351.0000,54109,0,2921521400.000,0,-,-,-,-,5350.8000,5350.6000,5350.4000,5349.6000,5348.0000,5351.6000,5352.0000,5352.2000,5352.8000,5353.4000,1,1,2,1,1,1,2,1,1,3
SF,IC2003,2020-01-03 10:04:12.900,5351.0000,54109,0,2921521400.000,0,-,-,-,-,5350.6000,5350.4000,5349.6000,5348.0000,5346.6000,5351.4000,5351.6000,5352.0000,5352.2000,5352.8000,1,1,1,1,1,1,1,2,1,1
SF,IC2003,2020-01-03 10:04:14.900,5351.0000,54109,0,2921521400.000,0,-,-,-,-,5349.6000,5348.0000,5346.6000,5346.0000,5345.2000,5351.4000,5351.6000,5352.0000,5352.2000,5352.8000,1,1,1,2,1,1,1,2,1,1
SF,IC2003,2020-01-03 10:04:15.400,5351.0000,54109,0,2921521400.000,0,-,-,-,-,5350.0000,5349.8000,5349.6000,5348.0000,5346.6000,5351.4000,5351.6000,5352.0000,5352.2000,5352.8000,2,2,1,1,1,1,1,2,1,1
SF,IC2003,2020-01-03 10:04:15.900,5351.6000,54109,0,2923662000.000,2,1,1,多换,S,5350.2000,5349.8000,5349.6000,5348.0000,5346.6000,5352.0000,5352.2000,5352.8000,5353.4000,5353.6000,2,1,1,1,1,2,1,1,3,1
SF,IC2003,2020-01-03 10:04:16.400,5351.6000,54109,0,2923662000.000,0,-,-,-,-,5350.6000,5350.2000,5349.8000,5349.6000,5348.0000,5352.0000,5352.2000,5352.8000,5353.4000,5353.6000,2,2,1,1,1,2,1,1,3,1
SF,IC2003,2020-01-03 10:04:16.900,5351.6000,54109,0,2923662000.000,0,-,-,-,-,5350.2000,5349.8000,5349.6000,5348.0000,5346.6000,5351.8000,5352.0000,5352.2000,5352.8000,5353.4000,2,1,1,1,1,1,2,1,1,3
SF,IC2003,2020-01-03 10:04:17.400,5351.6000,54109,0,2923662000.000,0,-,-,-,-,5350.4000,5350.2000,5349.6000,5348.0000,5346.6000,5351.8000,5352.0000,5352.2000,5352.8000,5353.4000,1,2,1,1,1,1,2,1,1,3
SF,IC2003,2020-01-03 10:04:17.900,5351.6000,54109,0,2923662000.000,0,-,-,-,-,5350.4000,5350.2000,5349.6000,5348.0000,5346.6000,5351.8000,5352.0000,5352.2000,5352.8000,5353.4000,2,2,1,1,1,1,2,1,2,3
SF,IC2003,2020-01-03 10:04:18.400,5351.6000,54109,0,2923662000.000,0,-,-,-,-,5350.6000,5350.4000,5350.2000,5349.6000,5348.0000,5351.8000,5352.0000,5352.2000,5352.8000,5353.4000,1,2,2,1,1,1,2,1,2,3
SF,IC2003,2020-01-03 10:04:18.900,5351.6000,54109,0,2923662000.000,0,-,-,-,-,5350.8000,5350.6000,5350.4000,5350.2000,5349.6000,5352.0000,5352.2000,5352.8000,5353.4000,5353.6000,2,2,1,1,1,2,1,2,3,1
SF,IC2003,2020-01-03 10:04:19.400,5351.6000,54109,0,2923662000.000,0,-,-,-,-,5351.8000,5350.8000,5350.6000,5350.4000,5350.2000,5352.0000,5352.2000,5352.8000,5353.4000,5353.6000,1,2,2,1,1,2,1,2,3,1
SF,IC2003,2020-01-03 10:04:19.900,5352.2000,54107,-2,2926873240.000,3,0,3,多平,S,5351.0000,5350.8000,5350.6000,5350.2000,5349.6000,5352.8000,5353.4000,5353.6000,5354.0000,5354.4000,1,1,1,1,1,2,3,1,1,1
SF,IC2003,2020-01-03 10:04:20.400,5352.2000,54107,0,2926873240.000,0,-,-,-,-,5351.8000,5351.4000,5351.2000,5351.0000,5350.6000,5352.8000,5353.4000,5353.6000,5354.0000,5354.4000,1,3,3,1,1,2,3,1,1,1
SF,IC2003,2020-01-03 10:04:20.900,5351.8000,54108,1,2927943600.000,1,1,0,双开,S,5351.4000,5351.2000,5351.0000,5349.6000,5348.0000,5352.8000,5353.4000,5353.6000,5354.0000,5354.4000,1,3,1,1,1,2,3,1,1,1
SF,IC2003,2020-01-03 10:04:21.400,5351.8000,54108,0,2927943600.000,0,-,-,-,-,5351.4000,5351.2000,5351.0000,5349.6000,5348.0000,5352.6000,5352.8000,5353.4000,5353.6000,5354.0000,1,2,1,1,1,1,2,3,1,1
SF,IC2003,2020-01-03 10:04:21.900,5351.8000,54108,0,2927943600.000,0,-,-,-,-,5351.2000,5350.0000,5349.6000,5348.0000,5346.6000,5352.4000,5352.6000,5352.8000,5353.4000,5353.6000,1,1,1,1,1,1,1,2,3,1
SF,IC2003,2020-01-03 10:04:22.400,5352.2000,54108,0,2929014040.000,1,0,1,多换,S,5350.0000,5349.6000,5348.0000,5346.6000,5346.0000,5352.4000,5352.8000,5353.4000,5353.6000,5354.0000,1,1,1,1,1,1,2,3,1,1
SF,IC2003,2020-01-03 10:04:22.900,5352.2000,54108,0,2929014040.000,0,-,-,-,-,5350.4000,5350.2000,5350.0000,5349.6000,5348.0000,5352.2000,5352.6000,5352.8000,5353.4000,5353.6000,3,3,1,1,1,1,1,2,3,1
SF,IC2003,2020-01-03 10:04:23.400,5352.2000,54108,0,2929014040.000,0,-,-,-,-,5350.8000,5350.6000,5350.4000,5350.2000,5350.0000,5352.0000,5352.2000,5352.8000,5353.4000,5353.6000,2,1,1,2,1,1,1,2,3,1
SF,IC2003,2020-01-03 10:04:23.900,5352.2000,54108,0,2929014040.000,0,-,-,-,-,5351.0000,5350.4000,5350.2000,5350.0000,5349.6000,5352.0000,5352.2000,5352.8000,5353.4000,5353.6000,1,1,2,1,1,1,1,2,3,1
SF,IC2003,2020-01-03 10:04:24.400,5352.2000,54108,0,2929014040.000,0,-,-,-,-,5351.0000,5350.4000,5350.2000,5350.0000,5349.6000,5352.0000,5352.8000,5353.4000,5353.6000,5354.0000,1,1,2,1,1,1,2,3,1,1
SF,IC2003,2020-01-03 10:04:24.900,5352.2000,54108,0,2929014040.000,0,-,-,-,-,5351.0000,5350.4000,5350.2000,5350.0000,5349.6000,5352.6000,5352.8000,5353.4000,5353.6000,5354.0000,1,1,2,1,1,1,2,3,1,1
SF,IC2003,2020-01-03 10:04:25.400,5352.2000,54108,0,2929014040.000,0,-,-,-,-,5351.0000,5350.4000,5350.2000,5350.0000,5349.6000,5352.6000,5352.8000,5353.4000,5353.6000,5354.0000,1,1,2,1,1,1,2,3,1,1
SF,IC2003,2020-01-03 10:04:25.900,5352.2000,54108,0,2929014040.000,0,-,-,-,-,5351.0000,5350.4000,5350.2000,5350.0000,5349.6000,5352.4000,5352.6000,5352.8000,5353.4000,5353.6000,1,1,2,1,1,1,1,2,3,1
SF,IC2003,2020-01-03 10:04:26.400,5352.2000,54108,0,2929014040.000,0,-,-,-,-,5351.0000,5350.4000,5350.2000,5350.0000,5349.6000,5352.2000,5352.4000,5352.8000,5353.4000,5353.6000,1,1,2,1,1,1,1,2,3,1
SF,IC2003,2020-01-03 10:04:27.900,5352.2000,54108,0,2929014040.000,0,-,-,-,-,5351.0000,5350.4000,5350.2000,5350.0000,5349.6000,5352.2000,5352.8000,5353.4000,5353.6000,5354.0000,1,1,1,1,1,1,2,3,1,1
SF,IC2003,2020-01-03 10:04:28.400,5352.2000,54108,0,2929014040.000,0,-,-,-,-,5351.0000,5350.4000,5350.2000,5350.0000,5349.6000,5352.6000,5352.8000,5353.4000,5353.6000,5354.0000,1,1,1,1,1,1,2,3,1,1
SF,IC2003,2020-01-03 10:04:28.900,5352.2000,54108,0,2929014040.000,0,-,-,-,-,5351.0000,5350.4000,5350.2000,5350.0000,5349.6000,5352.4000,5352.6000,5352.8000,5353.4000,5353.6000,1,1,1,1,1,1,1,2,3,1
SF,IC2003,2020-01-03 10:04:29.400,5352.2000,54108,0,2929014040.000,0,-,-,-,-,5351.0000,5350.4000,5350.2000,5350.0000,5349.6000,5352.2000,5352.4000,5352.8000,5353.4000,5353.6000,1,1,1,1,1,1,1,2,3,1
SF,IC2003,2020-01-03 10:04:30.900,5352.2000,54108,0,2929014040.000,0,-,-,-,-,5351.0000,5350.4000,5350.2000,5350.0000,5349.6000,5352.2000,5352.4000,5352.8000,5353.4000,5353.6000,1,1,2,1,1,1,1,2,3,1
SF,IC2003,2020-01-03 10:04:31.400,5352.2000,54108,0,2929014040.000,0,-,-,-,-,5351.2000,5351.0000,5350.4000,5350.2000,5350.0000,5352.2000,5352.4000,5352.8000,5353.4000,5353.6000,1,1,1,2,1,1,1,2,3,1
SF,IC2003,2020-01-03 10:04:31.900,5352.2000,54108,0,2929014040.000,0,-,-,-,-,5351.2000,5351.0000,5350.4000,5350.2000,5350.0000,5352.2000,5352.4000,5352.8000,5353.4000,5353.6000,1,1,1,2,1,1,1,2,3,1
SF,IC2003,2020-01-03 10:04:32.900,5352.2000,54108,0,2930084480.000,1,0,1,多换,S,5351.2000,5351.0000,5350.4000,5350.2000,5350.0000,5352.2000,5352.4000,5352.8000,5353.4000,5353.6000,1,1,1,2,1,1,1,2,3,1
SF,IC2003,2020-01-03 10:04:33.400,5352.2000,54108,0,2930084480.000,0,-,-,-,-,5351.4000,5351.2000,5350.4000,5350.2000,5350.0000,5352.2000,5352.8000,5353.4000,5353.6000,5354.0000,1,1,1,2,1,1,2,3,1,1
SF,IC2003,2020-01-03 10:04:33.900,5352.2000,54108,0,2930084480.000,0,-,-,-,-,5351.4000,5351.2000,5350.4000,5350.2000,5350.0000,5352.0000,5352.2000,5352.8000,5353.4000,5353.6000,1,1,1,2,1,1,1,2,3,1
SF,IC2003,2020-01-03 10:04:34.400,5351.2000,54107,-1,2932225000.000,2,0,2,多平,S,5350.4000,5350.2000,5350.0000,5349.6000,5348.0000,5351.4000,5352.0000,5352.2000,5352.8000,5353.4000,1,2,1,1,1,6,1,1,2,3
SF,IC2003,2020-01-03 10:04:34.900,5351.2000,54107,0,2932225000.000,0,-,-,-,-,5350.4000,5350.2000,5350.0000,5349.6000,5348.0000,5351.2000,5351.4000,5352.2000,5352.8000,5353.4000,1,1,1,1,1,1,1,1,2,3
SF,IC2003,2020-01-03 10:04:35.400,5350.4000,54107,0,2933295080.000,1,0,1,多换,S,5350.0000,5349.6000,5348.0000,5346.0000,5345.2000,5350.4000,5351.2000,5351.4000,5352.2000,5352.8000,1,1,1,1,1,4,1,1,1,2
SF,IC2003,2020-01-03 10:04:35.900,5350.0000,54107,0,2934365080.000,1,0,1,多换,S,5349.6000,5348.0000,5346.0000,5345.2000,5344.0000,5350.2000,5351.4000,5352.2000,5352.8000,5353.4000,1,1,1,1,1,1,1,1,2,3
SF,IC2003,2020-01-03 10:04:36.400,5350.2000,54107,0,2935435120.000,1,0,1,多换,S,5349.6000,5348.0000,5346.0000,5345.2000,5344.0000,5351.2000,5351.4000,5352.2000,5352.8000,5353.4000,1,1,1,1,1,1,1,2,2,3
SF,IC2003,2020-01-03 10:04:36.900,5350.2000,54107,0,2935435120.000,0,-,-,-,-,5349.6000,5348.0000,5346.0000,5345.2000,5344.0000,5351.0000,5351.4000,5352.2000,5352.8000,5353.4000,1,1,1,1,1,1,1,2,2,3
SF,IC2003,2020-01-03 10:04:37.900,5350.2000,54107,0,2935435120.000,0,-,-,-,-,5350.2000,5349.6000,5348.6000,5348.0000,5346.0000,5351.0000,5351.4000,5352.2000,5352.8000,5353.4000,1,1,1,1,1,1,1,2,2,3
SF,IC2003,2020-01-03 10:04:38.400,5350.2000,54107,0,2935435120.000,0,-,-,-,-,5350.2000,5349.8000,5349.6000,5348.6000,5348.0000,5351.0000,5351.4000,5352.2000,5352.8000,5353.4000,2,1,1,1,1,1,1,2,2,3
SF,IC2003,2020-01-03 10:04:40.400,5350.2000,54108,1,2936505160.000,1,1,0,双开,S,5350.2000,5349.8000,5349.6000,5348.6000,5348.0000,5351.0000,5352.2000,5352.8000,5353.4000,5353.6000,1,1,1,1,1,1,2,2,3,1
SF,IC2003,2020-01-03 10:04:40.900,5351.0000,54107,-1,2937575360.000,1,0,1,双平,S,5350.4000,5350.2000,5349.6000,5348.6000,5348.0000,5352.2000,5352.8000,5353.4000,5353.6000,5354.0000,1,1,1,1,1,2,2,3,1,1
SF,IC2003,2020-01-03 10:04:41.400,5351.0000,54107,0,2937575360.000,0,-,-,-,-,5350.8000,5350.6000,5350.4000,5350.2000,5349.6000,5352.0000,5352.2000,5352.8000,5353.4000,5353.6000,2,1,1,1,1,2,2,2,3,1
SF,IC2003,2020-01-03 10:04:41.900,5351.0000,54107,0,2937575360.000,0,-,-,-,-,5350.6000,5350.4000,5350.2000,5349.6000,5348.6000,5352.0000,5352.2000,5352.8000,5353.4000,5353.6000,1,1,1,1,1,2,2,2,3,1
SF,IC2003,2020-01-03 10:04:42.400,5351.0000,54107,0,2937575360.000,0,-,-,-,-,5350.6000,5350.4000,5350.2000,5349.6000,5348.6000,5351.6000,5352.0000,5352.2000,5352.8000,5353.4000,2,1,1,1,1,1,2,2,2,3
SF,IC2003,2020-01-03 10:04:42.900,5351.6000,54107,0,2938645680.000,1,0,1,多换,S,5350.6000,5350.2000,5349.6000,5348.6000,5348.0000,5352.0000,5352.2000,5352.8000,5353.4000,5353.6000,2,1,1,1,1,2,2,2,3,1
SF,IC2003,2020-01-03 10:04:46.400,5351.6000,54107,0,2938645680.000,0,-,-,-,-,5350.8000,5350.6000,5350.2000,5349.6000,5348.6000,5352.0000,5352.2000,5352.8000,5353.4000,5353.6000,1,2,1,1,1,1,2,2,3,1
SF,IC2003,2020-01-03 10:04:46.900,5352.2000,54105,-2,2940786520.000,2,0,2,双平,S,5351.0000,5350.8000,5350.2000,5349.6000,5348.6000,5352.2000,5352.8000,5353.4000,5353.6000,5354.0000,1,3,1,1,1,1,2,3,1,1
SF,IC2003,2020-01-03 10:04:47.400,5352.2000,54104,-1,2941856960.000,1,0,1,双平,S,5352.4000,5352.2000,5351.4000,5351.2000,5351.0000,5352.8000,5353.4000,5353.6000,5354.0000,5354.4000,1,1,2,3,2,2,3,1,1,1
SF,IC2003,2020-01-03 10:04:47.900,5352.8000,54103,-1,2943998080.000,2,0,2,多平,S,5353.0000,5352.4000,5351.4000,5351.2000,5351.0000,5353.4000,5353.6000,5354.0000,5354.4000,5354.8000,1,1,1,1,1,3,1,1,1,1
SF,IC2003,2020-01-03 10:04:48.400,5353.0000,54094,-9,2954704040.000,10,0,10,多平,S,5351.4000,5351.2000,5351.0000,5350.8000,5350.2000,5353.4000,5353.6000,5354.0000,5354.4000,5354.8000,1,1,1,1,1,3,1,1,1,1
SF,IC2003,2020-01-03 10:04:48.900,5353.0000,54094,0,2954704040.000,0,-,-,-,-,5351.8000,5351.6000,5351.4000,5350.8000,5350.2000,5353.4000,5353.6000,5354.0000,5354.4000,5354.8000,1,6,1,1,1,3,1,1,1,1
SF,IC2003,2020-01-03 10:04:49.400,5353.0000,54094,0,2954704040.000,0,-,-,-,-,5352.0000,5351.8000,5351.6000,5351.4000,5350.8000,5353.4000,5353.6000,5354.0000,5354.4000,5354.8000,1,1,3,1,1,3,1,1,1,1
SF,IC2003,2020-01-03 10:04:49.900,5353.0000,54094,0,2954704040.000,0,-,-,-,-,5352.0000,5351.8000,5351.6000,5351.4000,5350.8000,5353.4000,5353.6000,5354.0000,5354.4000,5354.8000,1,1,3,1,1,3,1,1,1,1
SF,IC2003,2020-01-03 10:04:51.400,5353.0000,54094,0,2954704040.000,0,-,-,-,-,5352.0000,5351.8000,5351.6000,5351.4000,5350.2000,5353.4000,5353.6000,5354.0000,5354.4000,5354.8000,1,1,3,1,1,3,1,1,1,1
SF,IC2003,2020-01-03 10:04:51.900,5353.0000,54094,0,2954704040.000,0,-,-,-,-,5352.2000,5352.0000,5351.8000,5351.6000,5351.4000,5353.4000,5353.6000,5354.0000,5354.4000,5354.8000,1,1,1,3,1,3,1,1,1,1
SF,IC2003,2020-01-03 10:04:52.400,5353.0000,54094,0,2954704040.000,0,-,-,-,-,5352.4000,5352.2000,5351.8000,5351.6000,5351.4000,5353.4000,5353.6000,5354.0000,5354.4000,5354.8000,1,2,1,3,1,3,1,1,1,1
SF,IC2003,2020-01-03 10:04:52.900,5352.4000,54094,0,2955774520.000,1,0,1,多换,S,5352.2000,5351.8000,5351.6000,5351.4000,5350.2000,5352.4000,5353.4000,5353.6000,5354.0000,5354.4000,2,1,3,1,1,1,3,1,1,1
SF,IC2003,2020-01-03 10:04:53.400,5352.4000,54094,0,2956845000.000,1,0,1,多换,S,5351.8000,5351.6000,5351.4000,5350.2000,5350.0000,5353.4000,5353.6000,5354.0000,5354.4000,5354.8000,1,3,1,1,2,3,1,1,1,1
SF,IC2003,2020-01-03 10:04:53.900,5352.4000,54094,0,2956845000.000,0,-,-,-,-,5352.0000,5351.8000,5351.6000,5351.4000,5350.2000,5353.4000,5353.6000,5354.0000,5354.4000,5354.8000,2,1,2,1,1,3,1,1,1,1
SF,IC2003,2020-01-03 10:04:54.400,5352.4000,54094,0,2956845000.000,0,-,-,-,-,5352.0000,5351.8000,5351.6000,5351.4000,5350.2000,5353.2000,5353.4000,5353.6000,5354.0000,5354.4000,2,1,2,1,1,1,3,1,1,1
SF,IC2003,2020-01-03 10:04:54.900,5352.4000,54094,0,2956845000.000,0,-,-,-,-,5352.0000,5351.8000,5351.6000,5351.4000,5350.2000,5353.2000,5353.4000,5353.6000,5354.0000,5354.4000,1,1,2,1,1,1,3,1,1,1
SF,IC2003,2020-01-03 10:04:55.400,5352.4000,54094,0,2956845000.000,0,-,-,-,-,5352.0000,5351.8000,5351.6000,5351.4000,5350.2000,5353.4000,5353.6000,5354.0000,5354.4000,5354.8000,1,1,1,1,1,3,1,1,1,1
SF,IC2003,2020-01-03 10:04:55.900,5352.4000,54094,0,2956845000.000,0,-,-,-,-,5352.0000,5351.8000,5351.6000,5351.4000,5350.2000,5353.4000,5353.6000,5354.0000,5354.4000,5354.8000,1,1,1,1,1,3,1,1,1,1
SF,IC2003,2020-01-03 10:04:56.400,5353.2000,54094,0,2957915640.000,1,0,1,多换,S,5352.0000,5351.8000,5351.6000,5351.4000,5350.2000,5353.4000,5353.6000,5354.0000,5354.4000,5354.8000,1,1,1,1,1,4,1,1,1,1
SF,IC2003,2020-01-03 10:04:57.900,5352.0000,54094,0,2958986040.000,1,0,1,多换,S,5351.8000,5351.6000,5351.4000,5350.2000,5350.0000,5353.4000,5353.6000,5354.0000,5354.4000,5354.8000,1,1,1,1,2,4,1,1,1,1
SF,IC2003,2020-01-03 10:04:58.400,5352.0000,54094,0,2958986040.000,0,-,-,-,-,5351.4000,5350.2000,5350.0000,5349.6000,5348.0000,5353.2000,5353.4000,5353.6000,5354.0000,5354.4000,1,1,2,1,1,3,4,1,1,1
SF,IC2003,2020-01-03 10:04:58.900,5352.0000,54094,0,2960056440.000,1,0,1,多换,S,5350.2000,5350.0000,5349.6000,5348.0000,5346.0000,5352.8000,5353.0000,5353.2000,5353.4000,5353.6000,1,2,1,1,1,1,4,2,4,1
SF,IC2003,2020-01-03 10:04:59.400,5350.2000,54093,-1,2962196560.000,2,0,2,多平,S,5349.6000,5348.0000,5346.0000,5345.2000,5344.0000,5352.2000,5352.6000,5352.8000,5353.4000,5353.6000,1,1,1,1,1,4,2,1,4,1
SF,IC2003,2020-01-03 10:04:59.900,5350.2000,54093,0,2962196560.000,0,-,-,-,-,5349.8000,5349.6000,5348.0000,5346.0000,5345.2000,5351.6000,5352.0000,5352.2000,5352.8000,5353.4000,2,1,1,1,1,3,2,1,1,4
SF,IC2003,2020-01-03 10:05:00.400,5350.2000,54093,0,2962196560.000,0,-,-,-,-,5350.2000,5349.8000,5349.6000,5348.0000,5346.0000,5351.4000,5351.6000,5352.2000,5352.8000,5353.4000,1,2,1,1,1,2,3,1,1,4
SF,IC2003,2020-01-03 10:05:00.900,5350.2000,54093,0,2962196560.000,0,-,-,-,-,5349.6000,5348.0000,5346.0000,5345.2000,5344.0000,5351.4000,5351.6000,5352.2000,5352.8000,5353.4000,1,1,1,1,1,2,3,1,1,4
SF,IC2003,2020-01-03 10:05:01.400,5351.4000,54093,0,2964337120.000,2,1,1,多换,S,5351.0000,5350.8000,5350.6000,5350.4000,5350.0000,5353.4000,5353.6000,5354.0000,5354.4000,5355.0000,1,2,1,4,4,4,1,1,1,2
SF,IC2003,2020-01-03 10:05:01.900,5351.4000,54093,0,2964337120.000,0,-,-,-,-,5351.4000,5351.2000,5350.6000,5350.4000,5350.0000,5353.2000,5353.4000,5353.6000,5354.0000,5354.4000,2,1,1,2,1,2,4,1,1,1
SF,IC2003,2020-01-03 10:05:02.400,5351.4000,54093,0,2964337120.000,0,-,-,-,-,5351.8000,5351.6000,5350.6000,5350.4000,5350.0000,5353.2000,5353.4000,5353.6000,5354.0000,5354.4000,2,2,1,2,1,2,4,1,1,1
SF,IC2003,2020-01-03 10:05:02.900,5351.4000,54093,0,2964337120.000,0,-,-,-,-,5351.6000,5350.6000,5350.4000,5350.0000,5349.8000,5353.2000,5353.4000,5353.6000,5354.0000,5354.4000,2,1,2,1,2,1,4,1,1,1
SF,IC2003,2020-01-03 10:05:03.400,5351.4000,54093,0,2964337120.000,0,-,-,-,-,5351.6000,5350.6000,5350.4000,5350.0000,5349.8000,5353.4000,5353.6000,5354.0000,5354.4000,5355.0000,2,1,2,1,2,4,1,1,1,2
SF,IC2003,2020-01-03 10:05:03.900,5351.4000,54093,0,2964337120.000,0,-,-,-,-,5352.0000,5351.6000,5350.6000,5350.4000,5350.0000,5353.2000,5353.4000,5353.6000,5354.0000,5354.4000,2,1,1,2,1,1,4,1,1,1
SF,IC2003,2020-01-03 10:05:04.400,5351.4000,54093,0,2964337120.000,0,-,-,-,-,5351.6000,5350.6000,5350.4000,5350.0000,5349.8000,5353.2000,5353.4000,5353.6000,5354.0000,5354.4000,1,1,2,1,2,1,4,1,1,1
SF,IC2003,2020-01-03 10:05:04.900,5351.4000,54093,0,2964337120.000,0,-,-,-,-,5351.6000,5350.6000,5350.4000,5350.0000,5349.8000,5353.2000,5353.4000,5353.6000,5354.0000,5354.4000,1,1,2,1,2,1,4,1,1,1
SF,IC2003,2020-01-03 10:05:06.400,5351.4000,54093,0,2964337120.000,0,-,-,-,-,5351.8000,5351.6000,5350.6000,5350.4000,5349.8000,5353.2000,5353.4000,5353.6000,5354.0000,5354.4000,1,1,1,2,1,1,4,1,1,1
SF,IC2003,2020-01-03 10:05:07.400,5351.4000,54093,0,2964337120.000,0,-,-,-,-,5352.6000,5351.8000,5351.6000,5350.6000,5350.4000,5353.2000,5353.4000,5353.6000,5354.0000,5354.4000,1,1,1,1,2,1,4,1,1,1
SF,IC2003,2020-01-03 10:05:07.900,5351.4000,54093,0,2964337120.000,0,-,-,-,-,5352.6000,5351.8000,5351.6000,5350.6000,5350.4000,5353.4000,5353.6000,5354.0000,5354.4000,5355.0000,1,1,1,1,2,4,1,1,1,2
SF,IC2003,2020-01-03 10:05:08.900,5351.4000,54093,0,2964337120.000,0,-,-,-,-,5352.6000,5351.8000,5351.6000,5350.6000,5350.4000,5353.4000,5353.6000,5354.0000,5354.4000,5355.0000,1,1,1,1,2,4,1,2,1,2
SF,IC2003,2020-01-03 10:05:09.400,5352.6000,54092,-1,2965407640.000,1,0,1,双平,S,5351.8000,5351.6000,5350.6000,5350.4000,5349.8000,5353.2000,5353.4000,5353.6000,5354.0000,5354.4000,1,1,1,2,1,1,4,1,2,1
SF,IC2003,2020-01-03 10:05:09.900,5352.6000,54092,0,2965407640.000,0,-,-,-,-,5350.6000,5350.4000,5349.8000,5349.6000,5348.0000,5353.2000,5353.4000,5353.6000,5354.0000,5354.4000,1,2,1,1,1,2,4,1,2,1
SF,IC2003,2020-01-03 10:05:10.400,5352.6000,54092,0,2965407640.000,0,-,-,-,-,5351.0000,5350.8000,5349.8000,5349.6000,5348.0000,5353.0000,5353.2000,5353.4000,5353.6000,5354.0000,2,1,1,1,1,2,2,4,1,2
SF,IC2003,2020-01-03 10:05:10.900,5352.6000,54092,0,2965407640.000,0,-,-,-,-,5351.2000,5349.8000,5349.6000,5348.0000,5346.0000,5352.8000,5353.0000,5353.2000,5353.4000,5353.6000,1,1,1,1,1,1,2,1,4,1
SF,IC2003,2020-01-03 10:05:11.400,5352.6000,54092,0,2965407640.000,0,-,-,-,-,5349.8000,5349.6000,5348.0000,5346.0000,5345.2000,5352.8000,5353.0000,5353.2000,5353.4000,5353.6000,1,1,1,1,1,1,2,1,4,1
SF,IC2003,2020-01-03 10:05:11.900,5352.6000,54091,-1,2966478160.000,1,0,1,双平,S,5350.4000,5350.2000,5350.0000,5349.8000,5349.6000,5352.8000,5353.0000,5353.2000,5353.4000,5353.6000,2,3,3,1,1,1,2,1,4,1
SF,IC2003,2020-01-03 10:05:12.400,5352.6000,54091,0,2966478160.000,0,-,-,-,-,5350.6000,5350.2000,5350.0000,5349.8000,5349.6000,5352.8000,5353.0000,5353.2000,5353.4000,5353.6000,2,3,1,1,1,1,1,1,4,1
SF,IC2003,2020-01-03 10:05:12.900,5352.6000,54091,0,2966478160.000,0,-,-,-,-,5351.0000,5350.8000,5350.6000,5350.2000,5349.8000,5352.8000,5353.0000,5353.2000,5353.4000,5353.6000,2,2,2,2,1,1,1,1,4,1
SF,IC2003,2020-01-03 10:05:13.400,5352.6000,54091,0,2966478160.000,0,-,-,-,-,5351.2000,5351.0000,5350.8000,5350.6000,5350.2000,5352.8000,5353.0000,5353.2000,5353.4000,5353.6000,1,2,2,1,2,1,1,1,4,1
SF,IC2003,2020-01-03 10:05:13.900,5352.6000,54091,0,2966478160.000,0,-,-,-,-,5351.4000,5351.2000,5350.8000,5350.2000,5349.8000,5352.8000,5353.0000,5353.2000,5353.4000,5353.6000,1,1,2,2,1,1,1,1,4,1
SF,IC2003,2020-01-03 10:05:14.400,5352.6000,54091,0,2966478160.000,0,-,-,-,-,5351.6000,5351.4000,5350.8000,5350.2000,5349.8000,5352.8000,5353.0000,5353.2000,5353.4000,5353.6000,1,1,2,2,1,1,1,1,4,1
SF,IC2003,2020-01-03 10:05:15.400,5351.6000,54090,-1,2967548480.000,1,0,1,双平,S,5351.4000,5350.8000,5350.2000,5349.8000,5349.6000,5352.8000,5353.0000,5353.2000,5353.4000,5353.6000,1,2,2,1,1,1,1,1,4,1
SF,IC2003,2020-01-03 10:05:15.900,5351.6000,54090,0,2967548480.000,0,-,-,-,-,5351.4000,5351.0000,5350.8000,5350.2000,5349.8000,5352.8000,5353.0000,5353.2000,5353.4000,5353.6000,1,1,2,2,1,1,1,1,4,1
SF,IC2003,2020-01-03 10:05:16.400,5351.6000,54090,0,2967548480.000,0,-,-,-,-,5351.4000,5351.0000,5350.8000,5350.2000,5349.8000,5352.8000,5353.0000,5353.2000,5353.4000,5353.6000,1,1,2,2,1,1,1,1,4,1
SF,IC2003,2020-01-03 10:05:16.900,5351.6000,54090,0,2967548480.000,0,-,-,-,-,5351.4000,5351.0000,5350.8000,5350.2000,5349.8000,5352.8000,5353.0000,5353.2000,5353.4000,5353.6000,1,1,2,2,1,1,1,1,4,1
SF,IC2003,2020-01-03 10:05:17.900,5351.6000,54090,0,2967548480.000,0,-,-,-,-,5351.6000,5351.4000,5351.0000,5350.8000,5350.2000,5352.8000,5353.0000,5353.2000,5353.4000,5353.6000,1,1,1,2,2,1,1,1,4,1
SF,IC2003,2020-01-03 10:05:18.400,5351.6000,54090,0,2967548480.000,0,-,-,-,-,5351.6000,5351.4000,5351.0000,5350.8000,5350.2000,5352.8000,5353.0000,5353.2000,5353.4000,5353.6000,1,1,1,2,1,1,1,1,4,1
SF,IC2003,2020-01-03 10:05:19.400,5351.6000,54090,0,2967548480.000,0,-,-,-,-,5351.6000,5351.4000,5351.0000,5350.8000,5350.2000,5352.8000,5353.0000,5353.2000,5353.4000,5353.6000,1,1,1,2,1,1,1,1,4,1
SF,IC2003,2020-01-03 10:05:20.400,5351.6000,54090,0,2968618800.000,1,0,1,多换,S,5351.4000,5351.0000,5350.8000,5350.2000,5349.8000,5352.8000,5353.0000,5353.2000,5353.4000,5353.6000,1,1,2,1,1,1,1,1,4,1
SF,IC2003,2020-01-03 10:05:20.900,5351.6000,54090,0,2968618800.000,0,-,-,-,-,5351.4000,5351.0000,5350.8000,5350.2000,5349.8000,5352.8000,5353.0000,5353.2000,5353.4000,5353.6000,1,1,2,1,1,1,1,1,4,1
SF,IC2003,2020-01-03 10:05:21.400,5351.6000,54090,0,2968618800.000,0,-,-,-,-,5351.4000,5351.0000,5350.8000,5350.2000,5349.8000,5352.8000,5353.0000,5353.2000,5353.4000,5353.6000,1,1,2,1,1,1,1,1,4,1
SF,IC2003,2020-01-03 10:05:22.900,5351.6000,54090,0,2968618800.000,0,-,-,-,-,5351.4000,5351.0000,5350.8000,5350.2000,5349.8000,5352.8000,5353.0000,5353.2000,5353.4000,5353.6000,1,1,1,1,1,2,1,1,4,1
SF,IC2003,2020-01-03 10:05:23.400,5351.6000,54090,0,2968618800.000,0,-,-,-,-,5351.4000,5351.0000,5350.8000,5349.8000,5349.6000,5352.8000,5353.0000,5353.2000,5353.4000,5353.6000,1,1,1,1,1,1,1,1,4,1
SF,IC2003,2020-01-03 10:05:24.400,5351.6000,54090,0,2968618800.000,0,-,-,-,-,5351.4000,5351.0000,5350.8000,5349.8000,5349.6000,5352.8000,5353.0000,5353.2000,5353.4000,5353.6000,1,1,1,1,1,1,1,1,4,1
SF,IC2003,2020-01-03 10:05:24.900,5351.6000,54090,0,2968618800.000,0,-,-,-,-,5351.4000,5351.0000,5350.8000,5349.8000,5349.6000,5352.8000,5353.0000,5353.2000,5353.4000,5353.6000,1,1,1,1,1,2,1,1,4,1
SF,IC2003,2020-01-03 10:05:25.400,5351.4000,54089,-1,2969689080.000,1,0,1,双平,S,5351.0000,5350.8000,5349.8000,5349.6000,5349.0000,5352.8000,5353.0000,5353.2000,5353.4000,5353.6000,1,1,1,1,1,2,1,1,4,1
SF,IC2003,2020-01-03 10:05:25.900,5351.4000,54089,0,2969689080.000,0,-,-,-,-,5351.2000,5351.0000,5349.8000,5349.6000,5349.0000,5352.8000,5353.0000,5353.2000,5353.4000,5353.6000,1,1,1,1,1,2,1,1,4,1
SF,IC2003,2020-01-03 10:05:26.400,5351.4000,54089,0,2969689080.000,0,-,-,-,-,5351.2000,5351.0000,5349.8000,5349.6000,5349.0000,5352.4000,5352.6000,5352.8000,5353.2000,5353.4000,1,1,1,1,1,3,1,2,1,4
SF,IC2003,2020-01-03 10:05:26.900,5351.4000,54089,0,2969689080.000,0,-,-,-,-,5351.2000,5351.0000,5349.8000,5349.6000,5349.0000,5352.2000,5352.4000,5352.6000,5352.8000,5353.2000,1,1,1,1,1,1,3,1,1,1
SF,IC2003,2020-01-03 10:05:27.900,5351.4000,54089,0,2969689080.000,0,-,-,-,-,5351.2000,5351.0000,5349.8000,5349.6000,5349.0000,5352.2000,5352.4000,5352.6000,5352.8000,5353.2000,1,1,1,1,1,1,3,1,1,1
SF,IC2003,2020-01-03 10:05:28.900,5351.0000,54089,0,2971829520.000,2,1,1,多换,S,5349.8000,5349.6000,5349.0000,5348.0000,5346.0000,5351.2000,5352.2000,5352.4000,5352.6000,5352.8000,1,1,1,1,1,1,1,3,1,1
SF,IC2003,2020-01-03 10:05:29.400,5350.0000,54088,-1,2972899520.000,1,0,1,双平,S,5349.8000,5349.6000,5349.0000,5348.0000,5346.0000,5352.2000,5352.4000,5352.8000,5353.2000,5353.4000,1,1,1,1,1,1,1,1,1,4
SF,IC2003,2020-01-03 10:05:29.900,5350.0000,54088,0,2972899520.000,0,-,-,-,-,5349.6000,5349.0000,5348.0000,5346.0000,5345.2000,5351.4000,5351.8000,5352.2000,5352.4000,5352.8000,1,1,1,1,1,1,2,1,1,1
SF,IC2003,2020-01-03 10:05:30.400,5350.0000,54088,0,2972899520.000,0,-,-,-,-,5349.6000,5349.0000,5348.0000,5346.0000,5345.2000,5351.2000,5351.4000,5351.8000,5352.4000,5352.8000,1,1,1,1,1,1,1,2,1,1
SF,IC2003,2020-01-03 10:05:30.900,5350.0000,54088,0,2972899520.000,0,-,-,-,-,5349.6000,5349.0000,5348.0000,5346.0000,5345.2000,5351.2000,5351.4000,5351.8000,5352.4000,5352.8000,1,1,1,1,1,1,1,2,1,1
SF,IC2003,2020-01-03 10:05:31.400,5350.0000,54088,0,2972899520.000,0,-,-,-,-,5349.8000,5349.6000,5349.0000,5348.0000,5346.0000,5351.2000,5351.4000,5351.8000,5352.4000,5352.8000,1,1,1,1,1,1,1,2,1,1
SF,IC2003,2020-01-03 10:05:31.900,5350.0000,54088,0,2972899520.000,0,-,-,-,-,5349.6000,5349.0000,5348.0000,5346.0000,5345.2000,5351.2000,5351.4000,5351.8000,5352.4000,5352.8000,1,1,1,1,1,1,1,2,1,1
SF,IC2003,2020-01-03 10:05:32.400,5350.0000,54088,0,2972899520.000,0,-,-,-,-,5350.0000,5349.6000,5349.0000,5348.6000,5348.0000,5351.2000,5351.4000,5351.8000,5352.4000,5352.8000,1,1,1,1,1,1,1,2,1,1
SF,IC2003,2020-01-03 10:05:32.900,5350.0000,54088,0,2972899520.000,0,-,-,-,-,5349.6000,5349.0000,5348.6000,5348.0000,5346.0000,5351.2000,5351.4000,5351.8000,5352.4000,5352.8000,1,1,1,1,1,1,1,2,1,1
SF,IC2003,2020-01-03 10:05:33.400,5350.0000,54088,0,2972899520.000,0,-,-,-,-,5349.8000,5349.6000,5349.0000,5348.6000,5348.0000,5351.2000,5351.4000,5351.8000,5352.4000,5352.8000,1,1,1,1,1,1,1,2,1,1
SF,IC2003,2020-01-03 10:05:33.900,5350.0000,54088,0,2972899520.000,0,-,-,-,-,5349.8000,5349.6000,5349.0000,5348.6000,5348.0000,5351.2000,5351.8000,5352.4000,5352.8000,5353.2000,1,1,1,1,1,1,1,1,1,1
SF,IC2003,2020-01-03 10:05:34.400,5350.0000,54088,0,2972899520.000,0,-,-,-,-,5350.0000,5349.8000,5349.6000,5349.0000,5348.6000,5351.2000,5351.8000,5352.4000,5352.8000,5353.2000,2,1,1,1,1,1,1,1,1,1
SF,IC2003,2020-01-03 10:05:34.900,5350.0000,54088,0,2972899520.000,0,-,-,-,-,5350.2000,5350.0000,5349.6000,5349.0000,5348.6000,5351.2000,5351.8000,5352.4000,5352.8000,5353.2000,1,2,1,1,1,1,1,1,1,1
SF,IC2003,2020-01-03 10:05:35.400,5350.0000,54088,0,2972899520.000,0,-,-,-,-,5350.2000,5350.0000,5349.6000,5349.0000,5348.6000,5351.2000,5351.8000,5352.4000,5352.8000,5353.2000,1,1,1,1,1,1,1,1,1,1
SF,IC2003,2020-01-03 10:05:36.900,5350.0000,54088,0,2972899520.000,0,-,-,-,-,5350.2000,5349.6000,5349.0000,5348.6000,5348.0000,5351.2000,5351.8000,5352.4000,5352.8000,5353.2000,1,1,1,1,1,1,1,1,1,1
SF,IC2003,2020-01-03 10:05:37.400,5350.0000,54088,0,2972899520.000,0,-,-,-,-,5350.4000,5350.2000,5349.6000,5349.0000,5348.6000,5351.2000,5351.8000,5352.4000,5352.8000,5353.2000,1,1,1,1,1,1,1,1,1,1
SF,IC2003,2020-01-03 10:05:38.900,5350.0000,54088,0,2972899520.000,0,-,-,-,-,5350.4000,5350.2000,5349.6000,5349.0000,5348.6000,5351.2000,5351.8000,5352.4000,5352.8000,5353.2000,1,1,1,1,1,1,1,1,1,1
SF,IC2003,2020-01-03 10:05:41.400,5350.0000,54088,0,2972899520.000,0,-,-,-,-,5350.2000,5349.6000,5349.0000,5348.6000,5348.0000,5351.2000,5351.8000,5352.4000,5352.8000,5353.2000,1,1,1,1,1,1,1,1,1,1
SF,IC2003,2020-01-03 10:05:41.900,5350.0000,54088,0,2972899520.000,0,-,-,-,-,5350.2000,5349.6000,5349.0000,5348.6000,5348.0000,5351.2000,5351.8000,5352.4000,5352.8000,5353.2000,1,1,1,1,1,1,1,1,2,1
SF,IC2003,2020-01-03 10:05:42.400,5350.0000,54088,0,2972899520.000,0,-,-,-,-,5350.2000,5349.6000,5349.0000,5348.6000,5348.0000,5351.2000,5351.8000,5352.4000,5352.8000,5353.2000,1,1,1,1,1,1,1,1,2,1
SF,IC2003,2020-01-03 10:05:42.900,5350.0000,54088,0,2972899520.000,0,-,-,-,-,5350.2000,5349.6000,5349.0000,5348.6000,5348.0000,5351.2000,5351.8000,5352.4000,5352.8000,5353.2000,1,1,1,1,1,1,1,1,2,1
SF,IC2003,2020-01-03 10:05:44.400,5350.0000,54088,0,2972899520.000,0,-,-,-,-,5350.4000,5350.2000,5349.6000,5349.0000,5348.6000,5351.2000,5351.8000,5352.4000,5352.8000,5353.2000,1,1,1,1,1,1,1,1,2,1
SF,IC2003,2020-01-03 10:05:44.900,5351.2000,54087,-1,2973969760.000,1,0,1,双平,S,5351.0000,5350.4000,5350.2000,5349.6000,5349.0000,5351.8000,5352.8000,5353.2000,5353.4000,5354.0000,2,1,1,1,1,1,2,1,3,2
SF,IC2003,2020-01-03 10:05:45.400,5351.2000,54087,0,2973969760.000,0,-,-,-,-,5352.0000,5350.4000,5350.2000,5349.6000,5349.0000,5352.8000,5353.2000,5353.4000,5354.0000,5354.4000,1,1,1,1,1,2,1,3,2,2
SF,IC2003,2020-01-03 10:05:45.900,5352.0000,54087,0,2975040160.000,1,0,1,多换,S,5350.4000,5350.2000,5349.6000,5349.0000,5348.6000,5352.6000,5352.8000,5353.2000,5353.4000,5354.0000,1,1,1,1,1,1,2,1,3,2
SF,IC2003,2020-01-03 10:05:46.400,5352.0000,54087,0,2975040160.000,0,-,-,-,-,5352.0000,5351.2000,5351.0000,5350.8000,5350.6000,5352.6000,5352.8000,5353.2000,5353.4000,5354.0000,2,1,1,5,2,1,2,1,3,2
SF,IC2003,2020-01-03 10:05:46.900,5352.0000,54087,0,2975040160.000,0,-,-,-,-,5351.2000,5351.0000,5350.8000,5350.6000,5350.4000,5352.6000,5352.8000,5353.2000,5353.4000,5354.0000,1,1,1,2,1,1,2,1,3,2
SF,IC2003,2020-01-03 10:05:47.400,5352.0000,54087,0,2975040160.000,0,-,-,-,-,5351.4000,5351.2000,5350.8000,5350.6000,5350.4000,5352.6000,5352.8000,5353.2000,5353.4000,5354.0000,1,1,1,1,1,1,2,1,3,2
SF,IC2003,2020-01-03 10:05:48.400,5352.0000,54087,0,2975040160.000,0,-,-,-,-,5351.6000,5351.4000,5351.2000,5350.8000,5350.6000,5352.6000,5352.8000,5353.2000,5353.4000,5354.0000,1,1,1,1,1,1,2,1,3,2
SF,IC2003,2020-01-03 10:05:49.900,5352.6000,54087,0,2976110680.000,1,0,1,多换,S,5351.6000,5351.4000,5351.2000,5350.8000,5350.6000,5352.8000,5353.2000,5353.4000,5354.0000,5354.4000,1,1,1,1,1,2,1,3,2,2
SF,IC2003,2020-01-03 10:05:50.400,5352.6000,54087,0,2976110680.000,0,-,-,-,-,5351.8000,5351.6000,5351.4000,5351.2000,5350.8000,5352.8000,5353.2000,5353.4000,5354.0000,5354.4000,1,1,1,1,1,2,1,3,2,2
SF,IC2003,2020-01-03 10:05:51.900,5352.6000,54087,0,2976110680.000,0,-,-,-,-,5351.8000,5351.4000,5351.2000,5350.8000,5350.0000,5352.8000,5353.2000,5353.4000,5354.0000,5354.4000,1,1,1,1,1,1,1,3,2,2
SF,IC2003,2020-01-03 10:05:52.400,5352.6000,54087,0,2976110680.000,0,-,-,-,-,5352.6000,5352.0000,5351.8000,5351.2000,5350.8000,5352.8000,5353.2000,5353.4000,5354.0000,5354.4000,2,2,1,1,1,1,1,3,2,2
SF,IC2003,2020-01-03 10:05:52.900,5352.8000,54087,0,2977181240.000,1,0,1,多换,S,5352.0000,5351.8000,5350.8000,5350.0000,5349.6000,5353.2000,5353.4000,5354.0000,5354.4000,5355.0000,2,1,1,1,1,1,3,2,2,2
SF,IC2003,2020-01-03 10:05:53.400,5353.2000,54086,-1,2978251880.000,1,0,1,双平,S,5353.2000,5352.2000,5352.0000,5350.8000,5350.0000,5353.4000,5354.0000,5354.4000,5355.0000,5357.0000,1,1,2,1,1,3,2,2,2,6
SF,IC2003,2020-01-03 10:05:54.400,5353.2000,54085,-1,2979322520.000,1,0,1,双平,S,5352.2000,5352.0000,5350.8000,5350.0000,5349.6000,5353.4000,5354.0000,5354.4000,5355.0000,5357.0000,1,2,1,1,1,3,2,2,2,6
SF,IC2003,2020-01-03 10:05:54.900,5353.2000,54085,0,2979322520.000,0,-,-,-,-,5352.0000,5350.8000,5350.0000,5349.6000,5349.0000,5353.2000,5353.4000,5354.0000,5354.4000,5355.0000,2,1,1,1,1,1,3,2,2,2
SF,IC2003,2020-01-03 10:05:55.400,5353.2000,54085,0,2979322520.000,0,-,-,-,-,5352.0000,5350.8000,5350.0000,5349.6000,5349.0000,5353.2000,5353.4000,5354.0000,5354.4000,5355.0000,1,1,1,1,1,1,3,2,2,2
SF,IC2003,2020-01-03 10:05:55.900,5353.2000,54085,0,2979322520.000,0,-,-,-,-,5350.8000,5350.0000,5349.6000,5349.0000,5348.6000,5353.0000,5353.2000,5353.4000,5354.0000,5354.4000,1,1,1,1,1,1,1,3,2,2
SF,IC2003,2020-01-03 10:05:56.400,5353.2000,54085,0,2979322520.000,0,-,-,-,-,5352.4000,5351.2000,5351.0000,5350.8000,5350.0000,5352.8000,5353.4000,5354.0000,5354.4000,5355.0000,2,6,3,1,1,1,3,2,2,2
SF,IC2003,2020-01-03 10:05:56.900,5353.2000,54085,0,2979322520.000,0,-,-,-,-,5351.2000,5351.0000,5350.8000,5350.0000,5349.6000,5353.4000,5354.0000,5354.4000,5355.0000,5357.0000,3,2,1,1,1,3,2,2,2,6
SF,IC2003,2020-01-03 10:05:57.400,5353.2000,54085,0,2979322520.000,0,-,-,-,-,5351.8000,5351.6000,5351.4000,5351.2000,5350.8000,5353.2000,5353.4000,5354.0000,5354.4000,5355.0000,1,2,2,1,1,1,3,2,2,2
SF,IC2003,2020-01-03 10:05:57.900,5353.2000,54085,0,2979322520.000,0,-,-,-,-,5351.8000,5351.4000,5351.2000,5350.8000,5350.0000,5353.2000,5353.4000,5354.0000,5354.4000,5355.0000,1,2,1,1,1,2,3,2,2,2
SF,IC2003,2020-01-03 10:05:58.400,5353.2000,54085,0,2979322520.000,0,-,-,-,-,5351.8000,5351.4000,5350.8000,5350.0000,5349.6000,5353.2000,5353.4000,5354.0000,5354.4000,5355.0000,1,2,1,1,1,2,3,2,2,2
SF,IC2003,2020-01-03 10:05:58.900,5353.2000,54085,0,2979322520.000,0,-,-,-,-,5352.0000,5351.8000,5351.4000,5350.8000,5350.0000,5353.2000,5353.4000,5354.0000,5354.4000,5355.0000,2,1,2,1,1,2,3,2,2,2
SF,IC2003,2020-01-03 10:05:59.400,5353.2000,54085,0,2979322520.000,0,-,-,-,-,5352.0000,5351.8000,5351.4000,5350.8000,5350.0000,5353.2000,5353.4000,5354.0000,5354.4000,5355.0000,3,1,2,1,1,2,3,2,2,2
SF,IC2003,2020-01-03 10:05:59.900,5353.2000,54085,0,2979322520.000,0,-,-,-,-,5352.2000,5352.0000,5351.8000,5351.4000,5350.8000,5353.2000,5353.4000,5354.0000,5354.4000,5355.0000,1,2,1,2,1,2,3,2,2,2
SF,IC2003,2020-01-03 10:06:00.400,5353.2000,54085,0,2979322520.000,0,-,-,-,-,5352.2000,5352.0000,5351.8000,5351.4000,5350.8000,5353.2000,5353.4000,5354.0000,5354.4000,5355.0000,1,2,1,2,1,1,3,2,2,2
SF,IC2003,2020-01-03 10:06:00.900,5353.2000,54085,0,2979322520.000,0,-,-,-,-,5352.8000,5352.2000,5352.0000,5351.8000,5351.4000,5353.2000,5353.4000,5354.0000,5354.4000,5355.0000,1,1,2,1,2,1,3,2,2,2
SF,IC2003,2020-01-03 10:06:01.400,5353.4000,54083,-2,2981463880.000,2,0,2,双平,S,5352.8000,5352.2000,5351.8000,5351.4000,5350.8000,5353.4000,5354.0000,5354.4000,5355.0000,5357.0000,1,1,1,2,1,1,2,2,2,6
SF,IC2003,2020-01-03 10:06:01.900,5353.4000,54083,0,2981463880.000,0,-,-,-,-,5353.0000,5352.8000,5352.2000,5351.8000,5351.4000,5353.4000,5354.0000,5354.4000,5355.0000,5357.0000,2,1,1,1,2,1,2,2,2,6
SF,IC2003,2020-01-03 10:06:02.400,5353.4000,54083,0,2981463880.000,0,-,-,-,-,5353.0000,5352.8000,5352.2000,5351.4000,5350.8000,5353.4000,5354.0000,5354.4000,5355.0000,5357.0000,2,1,1,2,1,1,2,2,2,6
SF,IC2003,2020-01-03 10:06:02.900,5353.4000,54082,-1,2982534560.000,1,0,1,双平,S,5353.4000,5353.0000,5352.8000,5352.2000,5351.4000,5353.6000,5354.0000,5354.4000,5355.0000,5357.0000,2,2,1,1,2,1,2,2,2,6
SF,IC2003,2020-01-03 10:06:03.400,5353.6000,54080,-2,2985746640.000,3,0,3,多平,S,5353.0000,5352.8000,5352.2000,5351.4000,5350.8000,5354.0000,5354.4000,5355.0000,5357.0000,5358.0000,2,1,1,2,1,2,2,2,6,1
SF,IC2003,2020-01-03 10:06:03.900,5353.2000,54079,-1,2986817280.000,1,0,1,双平,S,5352.8000,5351.4000,5350.8000,5350.0000,5349.6000,5354.0000,5354.4000,5355.0000,5357.0000,5358.0000,1,1,1,1,1,2,2,2,6,1
SF,IC2003,2020-01-03 10:06:04.400,5354.0000,54079,0,2988958680.000,2,1,1,多换,S,5353.2000,5353.0000,5352.8000,5350.8000,5350.0000,5354.0000,5354.4000,5355.0000,5357.0000,5358.0000,3,3,2,1,1,1,2,2,6,1
SF,IC2003,2020-01-03 10:06:04.900,5354.0000,54080,1,2990029480.000,1,1,0,双开,S,5354.2000,5354.0000,5353.4000,5353.2000,5352.8000,5354.4000,5355.0000,5357.0000,5358.0000,5358.2000,2,3,1,2,2,2,2,6,1,2
SF,IC2003,2020-01-03 10:06:05.400,5354.2000,54079,-1,2993242080.000,3,1,2,多平,S,5354.4000,5354.0000,5353.4000,5353.2000,5352.8000,5355.0000,5357.0000,5358.0000,5358.2000,5358.8000,1,1,1,1,2,2,6,1,2,1
SF,IC2003,2020-01-03 10:06:05.900,5354.2000,54079,0,2993242080.000,0,-,-,-,-,5354.6000,5354.4000,5353.4000,5353.2000,5352.8000,5354.8000,5355.0000,5357.0000,5358.0000,5358.2000,1,3,1,1,1,1,2,6,1,2
SF,IC2003,2020-01-03 10:06:06.400,5354.6000,54078,-1,2994313000.000,1,0,1,双平,S,5354.4000,5353.4000,5353.2000,5352.8000,5350.8000,5355.0000,5357.0000,5358.0000,5358.2000,5358.8000,3,1,1,1,1,2,6,1,2,1
SF,IC2003,2020-01-03 10:06:06.900,5354.4000,54077,-1,2995383880.000,1,0,1,双平,S,5354.4000,5353.4000,5353.2000,5352.8000,5350.8000,5355.0000,5357.0000,5358.0000,5358.2000,5358.8000,2,1,1,1,1,3,6,1,2,1
SF,IC2003,2020-01-03 10:06:07.400,5355.0000,54075,-2,3001809600.000,6,2,4,多平,S,5355.0000,5353.4000,5353.2000,5350.8000,5350.0000,5357.0000,5358.0000,5358.2000,5358.8000,5359.2000,1,1,1,1,1,6,1,2,1,7
SF,IC2003,2020-01-03 10:06:07.900,5355.0000,54074,-1,3002880600.000,1,0,1,双平,S,5353.2000,5350.8000,5350.0000,5349.6000,5349.0000,5354.8000,5355.0000,5355.2000,5355.6000,5356.0000,1,1,1,1,1,2,6,4,1,3
SF,IC2003,2020-01-03 10:06:08.400,5353.4000,54073,-1,3003951280.000,1,0,1,双平,S,5353.2000,5350.8000,5350.0000,5349.6000,5349.0000,5354.6000,5355.0000,5356.0000,5356.2000,5356.8000,1,1,1,1,1,2,1,1,1,1
SF,IC2003,2020-01-03 10:06:08.900,5353.2000,54073,0,3005021920.000,1,0,1,多换,S,5350.8000,5350.0000,5349.6000,5349.0000,5348.6000,5354.6000,5355.0000,5356.0000,5356.2000,5356.8000,1,1,1,1,1,1,1,1,1,1
SF,IC2003,2020-01-03 10:06:09.400,5353.2000,54073,0,3005021920.000,0,-,-,-,-,5353.0000,5352.6000,5352.2000,5352.0000,5351.8000,5354.4000,5354.6000,5355.0000,5356.0000,5356.2000,1,1,2,2,1,2,1,1,1,1
SF,IC2003,2020-01-03 10:06:09.900,5353.2000,54073,0,3005021920.000,0,-,-,-,-,5353.0000,5352.2000,5352.0000,5351.0000,5350.8000,5354.2000,5355.0000,5356.2000,5356.8000,5357.0000,1,1,2,4,2,1,1,1,1,6
SF,IC2003,2020-01-03 10:06:10.400,5353.2000,54073,0,3005021920.000,0,-,-,-,-,5353.0000,5352.2000,5352.0000,5351.0000,5350.8000,5354.2000,5355.0000,5356.2000,5356.8000,5357.0000,1,1,2,4,2,1,1,1,1,6
SF,IC2003,2020-01-03 10:06:11.400,5353.2000,54073,0,3005021920.000,0,-,-,-,-,5353.0000,5352.2000,5352.0000,5351.0000,5350.8000,5354.2000,5355.0000,5356.0000,5356.2000,5356.8000,1,1,2,4,2,1,1,1,1,1
SF,IC2003,2020-01-03 10:06:11.900,5353.2000,54073,0,3005021920.000,0,-,-,-,-,5353.2000,5353.0000,5352.2000,5352.0000,5351.0000,5355.0000,5356.0000,5356.2000,5356.8000,5357.0000,1,1,1,2,3,1,1,1,1,6
SF,IC2003,2020-01-03 10:06:12.400,5353.2000,54073,0,3005021920.000,0,-,-,-,-,5353.6000,5353.2000,5353.0000,5352.2000,5352.0000,5354.8000,5355.0000,5356.0000,5356.2000,5356.8000,2,1,1,1,2,1,2,1,1,1
SF,IC2003,2020-01-03 10:06:12.900,5353.2000,54073,0,3005021920.000,0,-,-,-,-,5353.0000,5352.2000,5352.0000,5351.0000,5350.8000,5354.8000,5355.0000,5356.0000,5356.2000,5356.8000,1,1,2,3,2,2,2,1,1,1
SF,IC2003,2020-01-03 10:06:13.400,5353.2000,54073,0,3005021920.000,0,-,-,-,-,5354.0000,5353.4000,5353.2000,5353.0000,5352.2000,5354.8000,5355.0000,5356.0000,5356.2000,5356.8000,1,2,1,1,1,1,2,1,1,1
SF,IC2003,2020-01-03 10:06:13.900,5353.2000,54073,0,3005021920.000,0,-,-,-,-,5354.0000,5353.0000,5352.0000,5351.0000,5350.8000,5354.8000,5355.0000,5356.0000,5356.2000,5356.8000,1,1,2,3,2,1,2,1,1,1
SF,IC2003,2020-01-03 10:06:14.400,5353.2000,54073,0,3005021920.000,0,-,-,-,-,5354.0000,5353.0000,5352.0000,5351.0000,5350.8000,5354.8000,5355.0000,5356.2000,5356.8000,5357.0000,1,1,2,3,2,1,2,1,1,6
SF,IC2003,2020-01-03 10:06:15.900,5353.2000,54073,0,3005021920.000,0,-,-,-,-,5354.0000,5352.0000,5351.0000,5350.8000,5350.0000,5354.8000,5355.0000,5356.2000,5356.8000,5357.0000,1,2,3,2,2,1,2,1,1,6
SF,IC2003,2020-01-03 10:06:16.400,5354.0000,54073,0,3006092720.000,1,0,1,多换,S,5352.0000,5351.0000,5350.8000,5350.0000,5349.6000,5354.8000,5355.0000,5356.2000,5356.8000,5357.0000,2,3,2,2,1,1,2,1,1,6
SF,IC2003,2020-01-03 10:06:16.900,5354.8000,54074,1,3009305520.000,3,2,1,空开,S,5354.8000,5353.0000,5352.6000,5352.4000,5352.2000,5355.0000,5356.2000,5356.8000,5357.0000,5358.0000,5,1,1,4,3,2,1,1,6,1
SF,IC2003,2020-01-03 10:06:17.400,5354.8000,54074,0,3014660320.000,5,2,3,多换,S,5352.2000,5352.0000,5351.0000,5350.8000,5350.0000,5355.0000,5356.2000,5356.8000,5357.0000,5358.0000,3,2,1,2,2,1,1,1,6,1
SF,IC2003,2020-01-03 10:06:17.900,5354.8000,54074,0,3014660320.000,0,-,-,-,-,5353.4000,5353.2000,5352.8000,5352.6000,5352.4000,5354.8000,5355.0000,5356.2000,5357.0000,5358.0000,1,1,1,3,1,1,1,1,6,1
SF,IC2003,2020-01-03 10:06:18.400,5354.8000,54074,0,3014660320.000,0,-,-,-,-,5353.6000,5353.4000,5353.2000,5352.8000,5352.6000,5354.8000,5355.0000,5356.2000,5357.0000,5358.0000,1,1,1,1,1,1,1,1,6,1
SF,IC2003,2020-01-03 10:06:18.900,5354.8000,54074,0,3014660320.000,0,-,-,-,-,5353.8000,5353.6000,5353.4000,5353.2000,5352.8000,5354.8000,5355.0000,5356.2000,5357.0000,5358.0000,1,1,1,1,1,1,1,1,6,1
SF,IC2003,2020-01-03 10:06:19.400,5354.8000,54074,0,3014660320.000,0,-,-,-,-,5353.8000,5353.6000,5353.4000,5353.2000,5352.8000,5354.8000,5355.0000,5356.2000,5357.0000,5358.0000,1,1,1,1,1,1,1,1,6,1
SF,IC2003,2020-01-03 10:06:19.900,5354.8000,54074,0,3014660320.000,0,-,-,-,-,5354.0000,5353.8000,5353.4000,5353.2000,5352.8000,5355.0000,5356.2000,5357.0000,5358.0000,5358.2000,1,1,1,1,1,1,1,6,1,2
SF,IC2003,2020-01-03 10:06:21.400,5354.0000,54074,0,3015731120.000,1,0,1,多换,S,5353.8000,5353.4000,5352.2000,5352.0000,5351.0000,5355.0000,5356.2000,5357.0000,5358.0000,5358.2000,1,1,1,2,1,1,1,6,1,2
SF,IC2003,2020-01-03 10:06:21.900,5354.0000,54074,0,3015731120.000,0,-,-,-,-,5353.8000,5353.4000,5352.2000,5352.0000,5351.0000,5354.8000,5355.0000,5356.2000,5357.0000,5358.0000,1,1,1,2,1,1,1,1,6,1
SF,IC2003,2020-01-03 10:06:22.400,5354.0000,54074,0,3015731120.000,0,-,-,-,-,5353.8000,5353.4000,5352.2000,5352.0000,5351.0000,5354.8000,5355.0000,5356.2000,5357.0000,5358.0000,1,3,1,2,1,1,1,1,6,1
SF,IC2003,2020-01-03 10:06:22.900,5354.0000,54074,0,3015731120.000,0,-,-,-,-,5353.8000,5353.4000,5352.2000,5352.0000,5351.0000,5354.6000,5354.8000,5355.0000,5355.2000,5356.2000,1,3,1,2,1,1,1,1,1,1
SF,IC2003,2020-01-03 10:06:25.900,5354.0000,54074,0,3015731120.000,0,-,-,-,-,5353.8000,5353.4000,5352.2000,5352.0000,5351.0000,5354.6000,5354.8000,5355.0000,5355.2000,5356.2000,1,3,1,7,1,1,1,1,1,1
SF,IC2003,2020-01-03 10:06:26.900,5354.6000,54074,0,3016802040.000,1,0,1,多换,S,5353.8000,5353.4000,5352.2000,5352.0000,5351.0000,5354.8000,5355.0000,5355.2000,5356.2000,5357.0000,1,3,1,7,1,1,1,1,1,6
SF,IC2003,2020-01-03 10:06:28.400,5355.0000,54073,-1,3018944000.000,2,0,2,多平,S,5353.8000,5353.4000,5352.2000,5352.0000,5351.0000,5355.2000,5356.2000,5357.0000,5358.0000,5358.2000,1,3,1,7,1,1,1,6,1,2
SF,IC2003,2020-01-03 10:06:28.900,5355.0000,54073,0,3018944000.000,0,-,-,-,-,5354.0000,5353.8000,5353.4000,5352.2000,5352.0000,5355.2000,5356.2000,5357.0000,5358.0000,5358.2000,1,1,3,1,7,1,1,6,1,2
SF,IC2003,2020-01-03 10:06:31.400,5355.0000,54073,0,3018944000.000,0,-,-,-,-,5354.0000,5353.8000,5353.4000,5352.2000,5352.0000,5355.0000,5355.2000,5356.2000,5357.0000,5358.0000,1,1,3,1,7,1,1,1,6,1
SF,IC2003,2020-01-03 10:06:31.900,5355.0000,54073,0,3018944000.000,0,-,-,-,-,5354.0000,5353.8000,5353.4000,5352.2000,5352.0000,5354.8000,5355.0000,5355.2000,5356.2000,5357.0000,1,1,3,1,7,1,1,1,1,6
SF,IC2003,2020-01-03 10:06:32.400,5355.0000,54073,0,3018944000.000,0,-,-,-,-,5353.8000,5353.4000,5352.2000,5352.0000,5351.0000,5354.8000,5355.0000,5355.2000,5356.2000,5357.0000,1,3,1,7,1,1,1,1,1,6
SF,IC2003,2020-01-03 10:06:32.900,5355.0000,54073,0,3018944000.000,0,-,-,-,-,5354.0000,5353.8000,5353.4000,5352.2000,5352.0000,5354.8000,5355.0000,5355.2000,5356.2000,5357.0000,1,1,3,1,7,1,1,1,1,6
SF,IC2003,2020-01-03 10:06:34.400,5355.0000,54073,0,3018944000.000,0,-,-,-,-,5354.0000,5353.8000,5353.4000,5352.2000,5352.0000,5354.8000,5355.0000,5355.2000,5356.2000,5357.0000,1,1,3,1,7,1,1,1,1,6
SF,IC2003,2020-01-03 10:06:34.900,5355.0000,54073,0,3018944000.000,0,-,-,-,-,5353.8000,5353.4000,5352.2000,5352.0000,5351.0000,5354.6000,5354.8000,5355.0000,5355.2000,5356.2000,1,3,1,7,1,1,1,1,1,1
SF,IC2003,2020-01-03 10:06:35.400,5353.8000,54073,0,3020014760.000,1,0,1,多换,S,5354.2000,5353.4000,5352.2000,5352.0000,5351.0000,5354.4000,5354.6000,5355.0000,5355.2000,5356.2000,1,3,1,7,1,1,1,1,1,1
SF,IC2003,2020-01-03 10:06:35.900,5353.4000,54073,0,3024297640.000,4,2,2,多换,S,5352.2000,5352.0000,5351.0000,5350.8000,5350.0000,5353.4000,5354.0000,5354.2000,5354.4000,5355.0000,1,5,1,2,1,1,5,6,1,1
SF,IC2003,2020-01-03 10:06:36.400,5353.4000,54073,0,3024297640.000,0,-,-,-,-,5352.0000,5350.8000,5350.0000,5349.6000,5349.0000,5353.2000,5354.0000,5354.2000,5355.0000,5355.2000,5,2,1,1,1,1,1,4,1,1
SF,IC2003,2020-01-03 10:06:36.900,5353.4000,54073,0,3024297640.000,0,-,-,-,-,5352.0000,5350.8000,5350.0000,5349.6000,5349.0000,5353.8000,5354.0000,5354.2000,5355.0000,5355.2000,6,1,1,1,1,1,1,4,1,1
SF,IC2003,2020-01-03 10:06:37.400,5353.4000,54074,1,3025368320.000,1,1,0,双开,S,5352.8000,5352.6000,5352.4000,5352.2000,5352.0000,5353.8000,5354.0000,5354.2000,5355.0000,5355.2000,2,3,3,2,6,1,1,4,1,2
SF,IC2003,2020-01-03 10:06:37.900,5353.4000,54074,0,3025368320.000,0,-,-,-,-,5352.2000,5352.0000,5350.8000,5350.0000,5349.6000,5353.4000,5353.6000,5353.8000,5354.2000,5355.0000,1,6,1,1,1,1,1,1,4,1
SF,IC2003,2020-01-03 10:06:38.400,5353.4000,54074,0,3025368320.000,0,-,-,-,-,5352.2000,5352.0000,5350.8000,5350.0000,5349.6000,5353.2000,5353.6000,5354.2000,5355.0000,5355.2000,2,6,1,1,1,1,1,4,1,2
SF,IC2003,2020-01-03 10:06:38.900,5353.2000,54074,0,3026438960.000,1,0,1,多换,S,5352.2000,5352.0000,5350.8000,5350.0000,5349.6000,5353.4000,5354.2000,5355.0000,5355.2000,5356.2000,2,6,1,1,1,1,4,1,2,1
SF,IC2003,2020-01-03 10:06:39.400,5353.2000,54074,0,3026438960.000,0,-,-,-,-,5352.4000,5352.2000,5352.0000,5350.8000,5350.0000,5354.2000,5355.0000,5355.2000,5356.2000,5357.0000,1,2,6,1,1,4,1,2,1,6
SF,IC2003,2020-01-03 10:06:39.900,5353.2000,54074,0,3026438960.000,0,-,-,-,-,5352.8000,5352.6000,5352.4000,5352.2000,5352.0000,5354.0000,5354.2000,5355.0000,5355.2000,5356.2000,2,1,1,1,6,1,2,1,2,1
SF,IC2003,2020-01-03 10:06:40.400,5353.2000,54074,0,3026438960.000,0,-,-,-,-,5353.0000,5352.4000,5352.2000,5352.0000,5350.8000,5354.2000,5355.0000,5355.2000,5356.2000,5357.0000,1,1,1,6,1,2,1,2,1,6
SF,IC2003,2020-01-03 10:06:40.900,5353.0000,54074,0,3027509560.000,1,0,1,多换,S,5352.4000,5352.2000,5352.0000,5350.8000,5350.0000,5355.0000,5355.2000,5356.2000,5357.0000,5358.0000,1,1,6,1,1,1,2,1,6,1
SF,IC2003,2020-01-03 10:06:41.400,5353.0000,54074,0,3027509560.000,0,-,-,-,-,5353.2000,5352.8000,5352.6000,5352.4000,5352.2000,5354.8000,5355.0000,5355.2000,5356.2000,5357.0000,1,4,3,1,1,1,1,2,1,6
SF,IC2003,2020-01-03 10:06:41.900,5353.0000,54074,0,3027509560.000,0,-,-,-,-,5353.4000,5353.2000,5352.8000,5352.6000,5352.0000,5354.0000,5355.0000,5355.2000,5356.2000,5357.0000,2,2,2,2,6,1,1,2,1,6
SF,IC2003,2020-01-03 10:06:42.400,5354.0000,54074,0,3028580360.000,1,0,1,多换,S,5354.0000,5353.4000,5353.2000,5352.8000,5352.6000,5355.0000,5355.2000,5356.2000,5357.0000,5358.0000,1,2,2,2,1,1,2,1,6,1
SF,IC2003,2020-01-03 10:06:43.400,5354.0000,54074,0,3028580360.000,0,-,-,-,-,5354.0000,5353.4000,5353.2000,5352.8000,5352.0000,5355.0000,5355.2000,5356.2000,5357.0000,5358.0000,1,2,2,2,6,1,2,1,6,1
SF,IC2003,2020-01-03 10:06:43.900,5354.0000,54074,0,3028580360.000,0,-,-,-,-,5354.0000,5353.4000,5353.2000,5352.0000,5350.8000,5355.0000,5355.2000,5356.2000,5357.0000,5358.0000,1,2,1,6,1,1,2,1,6,1
SF,IC2003,2020-01-03 10:06:45.400,5354.0000,54074,0,3028580360.000,0,-,-,-,-,5354.0000,5353.4000,5352.0000,5350.8000,5350.0000,5355.0000,5355.2000,5356.2000,5357.0000,5358.0000,1,2,6,1,2,1,2,1,6,1
SF,IC2003,2020-01-03 10:06:45.900,5354.0000,54074,0,3028580360.000,0,-,-,-,-,5354.0000,5353.4000,5352.0000,5350.8000,5350.0000,5354.8000,5355.0000,5355.2000,5356.2000,5357.0000,1,2,6,1,2,1,1,2,1,6
SF,IC2003,2020-01-03 10:06:46.400,5354.0000,54074,0,3028580360.000,0,-,-,-,-,5354.0000,5353.4000,5352.0000,5350.8000,5350.0000,5355.0000,5355.2000,5356.2000,5357.0000,5358.0000,1,2,6,1,2,1,2,1,6,1
SF,IC2003,2020-01-03 10:06:46.900,5354.0000,54074,0,3028580360.000,0,-,-,-,-,5354.0000,5353.4000,5352.0000,5350.8000,5350.0000,5354.8000,5355.0000,5355.2000,5356.2000,5357.0000,1,2,6,1,2,1,1,2,1,6
SF,IC2003,2020-01-03 10:06:47.400,5354.0000,54074,0,3028580360.000,0,-,-,-,-,5354.0000,5353.4000,5352.0000,5350.8000,5350.0000,5354.8000,5355.0000,5355.2000,5356.2000,5357.0000,1,2,6,1,2,2,1,2,1,6
SF,IC2003,2020-01-03 10:06:48.400,5354.0000,54074,0,3028580360.000,0,-,-,-,-,5353.4000,5352.0000,5350.8000,5350.0000,5349.6000,5354.8000,5355.0000,5355.2000,5356.2000,5357.0000,2,6,1,2,1,2,1,2,1,6
SF,IC2003,2020-01-03 10:06:48.900,5354.0000,54074,0,3028580360.000,0,-,-,-,-,5353.8000,5353.6000,5353.4000,5352.0000,5350.8000,5354.8000,5355.0000,5355.2000,5356.2000,5357.0000,1,1,3,6,1,2,1,2,1,6
SF,IC2003,2020-01-03 10:06:49.400,5354.8000,54072,-2,3030722280.000,2,0,2,双平,S,5353.8000,5353.6000,5353.4000,5352.0000,5350.8000,5355.0000,5355.2000,5356.2000,5357.0000,5358.0000,2,1,2,6,1,1,2,1,6,1
SF,IC2003,2020-01-03 10:06:49.900,5354.8000,54072,0,3030722280.000,0,-,-,-,-,5354.0000,5353.8000,5353.6000,5353.4000,5352.0000,5355.0000,5355.2000,5356.2000,5357.0000,5358.0000,1,2,1,1,6,1,2,1,6,1
SF,IC2003,2020-01-03 10:06:50.400,5354.8000,54072,0,3030722280.000,0,-,-,-,-,5354.0000,5353.8000,5353.6000,5353.4000,5352.0000,5355.0000,5355.2000,5356.2000,5357.0000,5358.0000,2,1,1,1,6,1,2,1,6,1
SF,IC2003,2020-01-03 10:06:50.900,5354.8000,54072,0,3030722280.000,0,-,-,-,-,5354.0000,5353.8000,5353.6000,5352.0000,5350.8000,5355.0000,5355.2000,5356.2000,5357.0000,5358.0000,1,1,1,5,1,1,2,1,6,1
SF,IC2003,2020-01-03 10:06:51.400,5354.8000,54072,0,3030722280.000,0,-,-,-,-,5354.0000,5353.8000,5352.0000,5350.8000,5350.0000,5355.0000,5355.2000,5356.2000,5357.0000,5358.0000,1,1,5,1,2,1,2,1,6,1
SF,IC2003,2020-01-03 10:06:51.900,5354.8000,54072,0,3030722280.000,0,-,-,-,-,5354.0000,5352.0000,5350.8000,5350.0000,5349.6000,5355.0000,5355.2000,5356.2000,5357.0000,5358.0000,2,5,1,2,1,1,2,1,6,1
SF,IC2003,2020-01-03 10:06:52.400,5354.8000,54072,0,3030722280.000,0,-,-,-,-,5354.0000,5352.0000,5350.8000,5350.0000,5349.6000,5355.0000,5355.2000,5356.2000,5357.0000,5358.0000,2,5,1,2,1,1,2,1,6,1
SF,IC2003,2020-01-03 10:06:52.900,5354.8000,54072,0,3030722280.000,0,-,-,-,-,5354.0000,5352.0000,5350.8000,5350.0000,5349.6000,5355.0000,5355.2000,5356.2000,5357.0000,5358.0000,2,5,1,2,1,1,2,1,6,1
SF,IC2003,2020-01-03 10:06:53.400,5354.8000,54072,0,3030722280.000,0,-,-,-,-,5354.0000,5352.0000,5350.8000,5350.0000,5349.6000,5355.0000,5355.2000,5356.2000,5357.0000,5358.0000,2,5,1,2,1,2,2,1,6,1
SF,IC2003,2020-01-03 10:06:57.400,5354.8000,54072,0,3030722280.000,0,-,-,-,-,5354.2000,5354.0000,5352.0000,5350.8000,5350.0000,5355.0000,5355.2000,5356.2000,5357.0000,5358.0000,1,2,5,1,2,2,2,1,6,1
SF,IC2003,2020-01-03 10:06:57.900,5354.8000,54072,0,3030722280.000,0,-,-,-,-,5354.2000,5354.0000,5352.0000,5350.8000,5350.0000,5355.0000,5355.2000,5356.2000,5357.0000,5358.0000,2,1,5,1,2,2,2,1,6,1
SF,IC2003,2020-01-03 10:06:59.900,5354.8000,54072,0,3030722280.000,0,-,-,-,-,5354.2000,5354.0000,5352.0000,5350.8000,5350.0000,5355.0000,5355.2000,5356.2000,5357.0000,5358.0000,1,1,5,1,2,2,2,1,6,1
SF,IC2003,2020-01-03 10:07:00.400,5354.8000,54072,0,3030722280.000,0,-,-,-,-,5354.2000,5354.0000,5352.0000,5350.8000,5350.0000,5355.0000,5355.2000,5356.2000,5357.0000,5358.0000,1,1,5,1,2,2,2,1,6,1
SF,IC2003,2020-01-03 10:07:01.900,5354.8000,54072,0,3030722280.000,0,-,-,-,-,5354.2000,5354.0000,5352.0000,5350.8000,5350.0000,5355.0000,5355.2000,5356.2000,5357.0000,5358.0000,1,1,5,1,2,2,2,1,6,1
SF,IC2003,2020-01-03 10:07:03.900,5354.8000,54072,0,3030722280.000,0,-,-,-,-,5354.2000,5354.0000,5352.0000,5350.8000,5350.0000,5355.0000,5355.2000,5356.2000,5357.0000,5358.0000,2,1,5,1,2,2,2,1,6,1
SF,IC2003,2020-01-03 10:07:04.400,5354.2000,54072,0,3032864120.000,2,1,1,多换,S,5354.2000,5354.0000,5352.0000,5350.8000,5350.0000,5355.0000,5355.2000,5356.2000,5357.0000,5358.0000,1,1,5,1,2,1,2,1,6,1
SF,IC2003,2020-01-03 10:07:04.900,5355.0000,54071,-1,3035005960.000,2,0,2,多平,S,5354.0000,5352.0000,5350.8000,5350.0000,5349.0000,5355.2000,5356.2000,5357.0000,5358.0000,5358.2000,1,5,1,2,1,2,1,6,1,2
SF,IC2003,2020-01-03 10:07:05.900,5355.2000,54070,-1,3036077000.000,1,0,1,双平,S,5352.0000,5350.8000,5350.0000,5349.0000,5348.6000,5355.2000,5356.2000,5357.0000,5358.0000,5358.2000,5,1,2,1,1,1,1,6,1,2
SF,IC2003,2020-01-03 10:07:06.400,5355.2000,54070,0,3036077000.000,0,-,-,-,-,5353.6000,5353.2000,5353.0000,5352.6000,5352.4000,5355.2000,5356.2000,5357.0000,5358.0000,5358.2000,1,2,1,2,4,1,1,6,1,2
SF,IC2003,2020-01-03 10:07:06.900,5355.2000,54070,0,3036077000.000,0,-,-,-,-,5353.8000,5353.6000,5353.2000,5352.2000,5352.0000,5355.2000,5356.2000,5357.0000,5358.0000,5358.2000,4,1,2,3,6,1,1,6,1,2
SF,IC2003,2020-01-03 10:07:07.400,5355.2000,54069,-1,3037148040.000,1,0,1,双平,S,5354.2000,5353.8000,5353.2000,5352.2000,5352.0000,5356.2000,5357.0000,5358.0000,5358.2000,5359.2000,1,4,2,3,6,1,6,1,2,2
SF,IC2003,2020-01-03 10:07:07.900,5355.2000,54069,0,3037148040.000,0,-,-,-,-,5354.4000,5354.2000,5353.8000,5353.2000,5352.2000,5357.0000,5358.0000,5358.2000,5359.2000,5359.6000,4,1,2,2,2,6,1,2,2,1
SF,IC2003,2020-01-03 10:07:08.400,5355.2000,54069,0,3037148040.000,0,-,-,-,-,5355.0000,5354.6000,5354.4000,5354.2000,5353.8000,5356.6000,5356.8000,5357.0000,5358.0000,5358.2000,4,3,2,1,2,1,1,6,1,2
SF,IC2003,2020-01-03 10:07:08.900,5355.2000,54069,0,3037148040.000,0,-,-,-,-,5355.0000,5354.6000,5354.4000,5354.2000,5353.8000,5356.4000,5356.6000,5357.0000,5358.0000,5358.2000,5,2,2,1,2,1,1,6,1,2
SF,IC2003,2020-01-03 10:07:09.400,5355.2000,54069,0,3037148040.000,0,-,-,-,-,5355.0000,5354.6000,5354.4000,5353.8000,5353.2000,5356.2000,5356.4000,5356.6000,5357.0000,5358.0000,4,2,2,1,2,1,1,1,6,1
SF,IC2003,2020-01-03 10:07:10.400,5355.2000,54069,0,3037148040.000,0,-,-,-,-,5355.2000,5355.0000,5354.6000,5354.4000,5353.8000,5356.2000,5356.4000,5356.6000,5357.0000,5358.0000,1,4,2,2,1,1,1,1,6,1
SF,IC2003,2020-01-03 10:07:11.400,5355.2000,54069,0,3038219080.000,1,0,1,多换,S,5355.0000,5354.6000,5354.4000,5353.8000,5353.2000,5355.2000,5356.2000,5356.4000,5356.6000,5357.0000,4,1,2,1,2,5,1,1,1,6
SF,IC2003,2020-01-03 10:07:11.900,5355.2000,54064,-5,3044645320.000,6,0,6,多平,S,5355.4000,5355.2000,5355.0000,5354.6000,5354.4000,5356.6000,5357.0000,5358.0000,5358.2000,5359.2000,3,6,4,1,1,1,6,1,2,2
SF,IC2003,2020-01-03 10:07:12.400,5357.0000,54063,-1,3045716720.000,1,0,1,双平,S,5355.6000,5355.2000,5355.0000,5354.6000,5354.4000,5357.0000,5358.0000,5358.2000,5359.2000,5359.6000,1,6,4,1,1,5,1,2,2,1
SF,IC2003,2020-01-03 10:07:12.900,5357.0000,54063,0,3045716720.000,0,-,-,-,-,5355.8000,5355.6000,5355.2000,5355.0000,5354.6000,5357.0000,5358.0000,5358.2000,5359.2000,5359.6000,1,1,6,4,1,5,1,2,2,1
SF,IC2003,2020-01-03 10:07:13.400,5357.0000,54063,0,3045716720.000,0,-,-,-,-,5355.8000,5355.6000,5355.2000,5355.0000,5353.8000,5357.0000,5358.0000,5358.2000,5359.2000,5359.6000,1,1,6,4,1,5,1,2,2,1
SF,IC2003,2020-01-03 10:07:14.900,5355.8000,54063,0,3046787880.000,1,0,1,多换,S,5355.6000,5355.2000,5355.0000,5353.8000,5353.2000,5357.0000,5358.0000,5358.2000,5359.2000,5359.6000,1,6,4,1,2,5,1,2,2,1
SF,IC2003,2020-01-03 10:07:15.400,5355.8000,54063,0,3046787880.000,0,-,-,-,-,5355.6000,5355.2000,5355.0000,5353.8000,5353.2000,5356.8000,5357.0000,5358.0000,5358.2000,5359.2000,1,6,4,1,2,1,5,1,2,2
SF,IC2003,2020-01-03 10:07:16.400,5355.6000,54063,0,3047859000.000,1,0,1,多换,S,5355.2000,5355.0000,5353.8000,5353.2000,5352.2000,5356.8000,5357.0000,5358.0000,5358.2000,5359.2000,5,4,1,2,1,1,5,1,2,2
SF,IC2003,2020-01-03 10:07:16.900,5355.6000,54063,0,3047859000.000,0,-,-,-,-,5355.2000,5355.0000,5353.8000,5353.2000,5352.2000,5356.8000,5357.0000,5358.0000,5358.2000,5359.2000,1,4,1,2,1,2,5,1,2,2
SF,IC2003,2020-01-03 10:07:17.400,5355.6000,54063,0,3047859000.000,0,-,-,-,-,5355.2000,5355.0000,5353.8000,5353.2000,5352.2000,5356.6000,5356.8000,5357.0000,5358.0000,5358.2000,1,4,1,2,1,3,2,5,1,2
SF,IC2003,2020-01-03 10:07:17.900,5355.6000,54063,0,3047859000.000,0,-,-,-,-,5355.0000,5353.8000,5353.2000,5352.2000,5352.0000,5356.4000,5356.6000,5357.0000,5358.0000,5358.2000,4,1,2,1,6,2,3,5,1,2
SF,IC2003,2020-01-03 10:07:18.400,5355.6000,54063,0,3047859000.000,0,-,-,-,-,5355.0000,5353.8000,5353.2000,5352.2000,5352.0000,5356.0000,5356.4000,5356.6000,5356.8000,5357.0000,4,1,2,1,6,1,2,3,1,5
SF,IC2003,2020-01-03 10:07:18.900,5355.6000,54063,0,3047859000.000,0,-,-,-,-,5355.0000,5353.8000,5353.2000,5352.2000,5352.0000,5355.8000,5356.0000,5356.6000,5356.8000,5357.0000,4,1,2,1,6,1,1,3,1,5
SF,IC2003,2020-01-03 10:07:19.900,5355.8000,54063,0,3048930160.000,1,0,1,多换,S,5355.0000,5353.8000,5353.2000,5352.2000,5352.0000,5356.0000,5356.6000,5356.8000,5357.0000,5358.0000,4,1,2,1,6,1,3,1,5,1
SF,IC2003,2020-01-03 10:07:20.900,5355.8000,54063,0,3048930160.000,0,-,-,-,-,5355.0000,5353.2000,5352.2000,5352.0000,5350.8000,5356.0000,5356.6000,5356.8000,5357.0000,5358.0000,4,2,1,6,1,1,3,1,5,1
SF,IC2003,2020-01-03 10:07:21.400,5355.8000,54063,0,3048930160.000,0,-,-,-,-,5355.0000,5353.2000,5352.2000,5352.0000,5350.8000,5356.0000,5356.6000,5356.8000,5357.0000,5358.0000,4,2,1,6,1,1,3,1,5,1
SF,IC2003,2020-01-03 10:07:21.900,5355.8000,54063,0,3048930160.000,0,-,-,-,-,5355.2000,5355.0000,5353.2000,5352.2000,5352.0000,5356.0000,5356.6000,5356.8000,5357.0000,5358.0000,1,4,2,1,6,1,3,1,5,1
SF,IC2003,2020-01-03 10:07:24.400,5355.8000,54063,0,3048930160.000,0,-,-,-,-,5355.2000,5355.0000,5353.2000,5352.2000,5352.0000,5356.0000,5356.6000,5356.8000,5357.0000,5358.0000,1,4,2,1,6,1,3,1,5,1
SF,IC2003,2020-01-03 10:07:25.400,5355.8000,54063,0,3048930160.000,0,-,-,-,-,5355.2000,5355.0000,5353.2000,5352.2000,5352.0000,5356.0000,5356.6000,5356.8000,5357.0000,5358.0000,1,4,2,1,6,1,3,1,5,1
SF,IC2003,2020-01-03 10:07:25.900,5355.8000,54063,0,3048930160.000,0,-,-,-,-,5355.2000,5355.0000,5353.2000,5352.2000,5352.0000,5356.6000,5356.8000,5357.0000,5358.0000,5358.2000,1,4,2,1,6,3,1,5,1,2
SF,IC2003,2020-01-03 10:07:26.400,5355.2000,54063,0,3050001200.000,1,0,1,多换,S,5355.0000,5353.2000,5352.2000,5352.0000,5350.8000,5356.4000,5356.6000,5356.8000,5357.0000,5358.0000,4,2,1,6,1,1,2,1,5,1
SF,IC2003,2020-01-03 10:07:26.900,5355.2000,54063,0,3050001200.000,0,-,-,-,-,5355.2000,5355.0000,5353.2000,5352.2000,5352.0000,5356.4000,5356.6000,5356.8000,5357.0000,5358.0000,1,4,2,1,6,1,2,1,5,1
SF,IC2003,2020-01-03 10:07:27.400,5355.2000,54063,0,3050001200.000,0,-,-,-,-,5355.0000,5353.2000,5352.2000,5352.0000,5350.8000,5356.4000,5356.6000,5356.8000,5357.0000,5358.0000,4,2,1,6,1,1,2,1,5,1
SF,IC2003,2020-01-03 10:07:28.400,5355.2000,54063,0,3050001200.000,0,-,-,-,-,5355.0000,5353.2000,5352.2000,5352.0000,5350.8000,5356.4000,5356.6000,5356.8000,5357.0000,5357.8000,4,2,1,6,1,1,2,1,5,1
SF,IC2003,2020-01-03 10:07:28.900,5355.2000,54063,0,3050001200.000,0,-,-,-,-,5355.0000,5353.2000,5352.2000,5352.0000,5350.8000,5356.4000,5356.6000,5356.8000,5357.0000,5357.8000,4,2,1,6,1,2,2,1,5,1
SF,IC2003,2020-01-03 10:07:29.400,5355.2000,54063,0,3050001200.000,0,-,-,-,-,5355.0000,5353.2000,5352.2000,5352.0000,5350.8000,5356.4000,5356.6000,5356.8000,5357.0000,5357.8000,4,2,1,6,1,1,2,1,5,1
SF,IC2003,2020-01-03 10:07:30.900,5355.0000,54060,-3,3053214200.000,3,0,3,双平,S,5355.0000,5353.2000,5352.2000,5352.0000,5350.8000,5356.2000,5356.4000,5356.6000,5356.8000,5357.0000,1,2,1,6,1,1,2,2,1,5
SF,IC2003,2020-01-03 10:07:31.400,5355.0000,54059,-1,3054285200.000,1,0,1,双平,S,5352.2000,5352.0000,5350.8000,5350.0000,5349.0000,5354.8000,5355.0000,5355.2000,5356.0000,5356.2000,1,6,1,1,1,2,5,4,3,1
SF,IC2003,2020-01-03 10:07:31.900,5355.0000,54059,0,3054285200.000,0,-,-,-,-,5353.2000,5352.6000,5352.4000,5352.0000,5350.8000,5354.6000,5354.8000,5355.0000,5356.0000,5356.2000,1,3,3,6,1,1,1,3,1,1
SF,IC2003,2020-01-03 10:07:32.400,5355.0000,54059,0,3054285200.000,0,-,-,-,-,5353.4000,5353.2000,5352.6000,5352.4000,5352.0000,5355.0000,5356.0000,5356.2000,5356.4000,5356.6000,1,1,1,2,6,3,1,1,1,1
SF,IC2003,2020-01-03 10:07:32.900,5355.0000,54059,0,3054285200.000,0,-,-,-,-,5353.4000,5353.2000,5352.6000,5352.4000,5352.0000,5355.0000,5356.0000,5356.2000,5356.6000,5356.8000,1,1,1,2,6,3,1,1,1,1
SF,IC2003,2020-01-03 10:07:33.400,5355.0000,54059,0,3055356200.000,1,0,1,多换,S,5353.4000,5353.2000,5352.6000,5352.4000,5352.0000,5355.0000,5356.0000,5356.2000,5356.6000,5356.8000,1,1,1,2,6,2,1,1,1,1
SF,IC2003,2020-01-03 10:07:33.900,5355.0000,54059,0,3055356200.000,0,-,-,-,-,5353.4000,5353.2000,5352.4000,5352.0000,5350.8000,5355.0000,5356.0000,5356.2000,5356.6000,5356.8000,1,1,2,6,1,2,1,1,1,1
SF,IC2003,2020-01-03 10:07:34.400,5355.0000,54059,0,3055356200.000,0,-,-,-,-,5353.6000,5353.4000,5353.2000,5352.4000,5352.0000,5355.0000,5356.0000,5356.2000,5356.6000,5356.8000,1,1,1,1,6,2,1,1,1,1
SF,IC2003,2020-01-03 10:07:34.900,5355.0000,54059,0,3055356200.000,0,-,-,-,-,5353.8000,5353.6000,5353.2000,5352.4000,5352.0000,5355.0000,5356.0000,5356.2000,5356.6000,5356.8000,1,1,1,1,6,2,1,1,1,1
SF,IC2003,2020-01-03 10:07:36.400,5355.0000,54059,0,3055356200.000,0,-,-,-,-,5353.8000,5353.6000,5353.2000,5352.4000,5352.0000,5355.0000,5356.0000,5356.2000,5356.6000,5356.8000,1,1,1,1,6,2,1,1,1,1
SF,IC2003,2020-01-03 10:07:36.900,5355.0000,54059,0,3055356200.000,0,-,-,-,-,5353.8000,5353.6000,5353.2000,5352.4000,5352.0000,5355.0000,5356.0000,5356.6000,5356.8000,5357.0000,1,1,1,1,6,1,1,1,1,5
SF,IC2003,2020-01-03 10:07:37.400,5355.0000,54059,0,3055356200.000,0,-,-,-,-,5353.8000,5353.2000,5352.4000,5352.0000,5350.8000,5355.0000,5356.0000,5356.6000,5356.8000,5357.0000,1,1,1,6,1,1,1,1,1,5
SF,IC2003,2020-01-03 10:07:37.900,5355.0000,54059,0,3055356200.000,0,-,-,-,-,5353.2000,5352.4000,5352.0000,5350.8000,5350.0000,5354.8000,5356.0000,5356.6000,5356.8000,5357.0000,1,1,6,1,1,1,1,1,1,5
SF,IC2003,2020-01-03 10:07:38.400,5355.0000,54059,0,3055356200.000,0,-,-,-,-,5353.4000,5353.2000,5352.4000,5352.0000,5350.8000,5354.8000,5356.0000,5356.6000,5356.8000,5357.0000,1,1,1,6,1,1,1,1,1,5
SF,IC2003,2020-01-03 10:07:40.400,5355.0000,54059,0,3055356200.000,0,-,-,-,-,5354.0000,5353.4000,5353.2000,5352.4000,5352.0000,5354.8000,5355.8000,5356.0000,5356.6000,5356.8000,4,1,1,1,6,1,1,1,1,1
SF,IC2003,2020-01-03 10:07:41.400,5355.0000,54059,0,3055356200.000,0,-,-,-,-,5354.0000,5353.4000,5353.2000,5352.4000,5352.0000,5354.8000,5355.8000,5356.0000,5356.6000,5356.8000,4,1,1,1,5,1,1,1,1,1
SF,IC2003,2020-01-03 10:07:41.900,5355.0000,54059,0,3055356200.000,0,-,-,-,-,5354.0000,5353.4000,5352.4000,5352.0000,5350.8000,5356.0000,5356.6000,5356.8000,5357.0000,5357.8000,4,1,1,5,1,1,1,1,5,1
SF,IC2003,2020-01-03 10:07:42.400,5355.0000,54059,0,3055356200.000,0,-,-,-,-,5354.4000,5354.2000,5354.0000,5352.4000,5352.0000,5355.8000,5356.6000,5356.8000,5357.0000,5357.8000,1,1,4,1,5,1,1,1,5,1
SF,IC2003,2020-01-03 10:07:42.900,5355.0000,54059,0,3055356200.000,0,-,-,-,-,5354.8000,5354.4000,5354.2000,5354.0000,5352.4000,5355.8000,5356.6000,5356.8000,5357.0000,5357.8000,1,1,1,4,1,1,1,1,5,1
SF,IC2003,2020-01-03 10:07:43.400,5355.0000,54059,0,3055356200.000,0,-,-,-,-,5354.8000,5354.4000,5354.2000,5354.0000,5352.4000,5355.8000,5356.6000,5356.8000,5357.0000,5357.8000,1,1,1,4,1,1,1,1,5,1
SF,IC2003,2020-01-03 10:07:44.400,5355.0000,54059,0,3055356200.000,0,-,-,-,-,5355.0000,5354.8000,5354.4000,5354.2000,5354.0000,5355.8000,5356.6000,5356.8000,5357.0000,5357.8000,1,1,1,1,4,1,1,1,5,1
SF,IC2003,2020-01-03 10:07:45.900,5355.0000,54059,0,3055356200.000,0,-,-,-,-,5355.0000,5354.8000,5354.2000,5354.0000,5352.4000,5355.8000,5356.6000,5356.8000,5357.0000,5357.8000,1,1,1,4,1,1,1,1,5,1
SF,IC2003,2020-01-03 10:07:46.400,5355.0000,54059,0,3055356200.000,0,-,-,-,-,5355.0000,5354.8000,5354.2000,5354.0000,5352.4000,5356.6000,5356.8000,5357.0000,5357.8000,5358.0000,1,1,1,4,1,1,1,5,1,1
SF,IC2003,2020-01-03 10:07:46.900,5355.0000,54059,0,3055356200.000,0,-,-,-,-,5355.2000,5355.0000,5354.8000,5354.0000,5352.4000,5356.4000,5356.6000,5356.8000,5357.0000,5357.8000,1,1,1,4,1,1,1,1,5,1
SF,IC2003,2020-01-03 10:07:47.400,5355.0000,54059,0,3055356200.000,0,-,-,-,-,5355.0000,5354.8000,5354.0000,5352.4000,5352.0000,5355.6000,5356.4000,5356.6000,5356.8000,5357.0000,1,1,4,1,5,1,1,1,1,5
SF,IC2003,2020-01-03 10:07:50.900,5355.6000,54059,0,3056427320.000,1,0,1,多换,S,5355.0000,5354.8000,5354.0000,5352.4000,5352.0000,5356.4000,5356.6000,5356.8000,5357.0000,5357.8000,1,1,4,1,5,1,1,1,5,1
SF,IC2003,2020-01-03 10:07:51.400,5355.6000,54059,0,3056427320.000,0,-,-,-,-,5355.2000,5355.0000,5354.8000,5354.0000,5352.4000,5356.4000,5356.6000,5356.8000,5357.0000,5357.8000,1,1,1,4,1,1,1,1,5,1
SF,IC2003,2020-01-03 10:07:52.400,5355.6000,54059,0,3056427320.000,0,-,-,-,-,5355.2000,5354.8000,5354.0000,5352.4000,5352.0000,5356.4000,5356.6000,5356.8000,5357.0000,5357.8000,1,1,4,1,5,1,1,1,5,1
SF,IC2003,2020-01-03 10:07:53.400,5355.2000,54058,-1,3057498360.000,1,0,1,双平,S,5354.8000,5354.0000,5352.4000,5352.0000,5350.8000,5356.4000,5356.6000,5356.8000,5357.0000,5357.8000,1,4,1,5,1,1,1,1,5,1
SF,IC2003,2020-01-03 10:07:53.900,5355.2000,54058,0,3057498360.000,0,-,-,-,-,5354.8000,5354.0000,5352.4000,5352.0000,5350.8000,5356.2000,5356.4000,5356.6000,5356.8000,5357.0000,1,4,1,5,1,1,1,1,1,5
SF,IC2003,2020-01-03 10:07:54.400,5355.2000,54058,0,3057498360.000,0,-,-,-,-,5355.0000,5354.8000,5354.0000,5352.4000,5352.0000,5356.0000,5356.2000,5356.6000,5356.8000,5357.0000,1,2,4,1,5,1,1,1,1,5
SF,IC2003,2020-01-03 10:07:54.900,5355.2000,54058,0,3057498360.000,0,-,-,-,-,5355.0000,5354.8000,5354.0000,5352.4000,5352.0000,5355.8000,5356.0000,5356.6000,5356.8000,5357.0000,1,1,4,1,5,1,1,1,1,5
SF,IC2003,2020-01-03 10:07:55.400,5355.2000,54058,0,3057498360.000,0,-,-,-,-,5355.0000,5354.8000,5354.0000,5352.4000,5352.0000,5355.6000,5355.8000,5356.6000,5356.8000,5357.0000,1,1,4,1,5,1,1,1,1,5
SF,IC2003,2020-01-03 10:07:55.900,5355.0000,54057,-1,3058569360.000,1,0,1,双平,S,5354.8000,5354.0000,5352.4000,5352.0000,5350.8000,5355.0000,5355.4000,5355.6000,5356.6000,5356.8000,1,4,1,5,1,1,1,1,1,1
SF,IC2003,2020-01-03 10:07:56.400,5354.8000,54057,0,3059640320.000,1,0,1,多换,S,5354.0000,5352.4000,5352.0000,5350.8000,5350.0000,5355.0000,5355.4000,5355.6000,5356.6000,5356.8000,4,1,5,1,1,1,2,1,1,1
SF,IC2003,2020-01-03 10:07:56.900,5354.8000,54057,0,3059640320.000,0,-,-,-,-,5354.0000,5352.4000,5352.0000,5350.8000,5350.0000,5354.8000,5355.0000,5355.4000,5355.6000,5356.6000,4,1,5,1,1,1,2,1,1,1
SF,IC2003,2020-01-03 10:07:59.400,5354.8000,54057,0,3059640320.000,0,-,-,-,-,5352.4000,5352.0000,5350.8000,5350.0000,5349.0000,5354.8000,5355.0000,5355.4000,5355.6000,5356.6000,1,5,1,1,1,1,2,1,1,1
SF,IC2003,2020-01-03 10:07:59.900,5354.8000,54057,0,3059640320.000,0,-,-,-,-,5353.2000,5353.0000,5352.8000,5352.6000,5352.4000,5354.6000,5354.8000,5355.0000,5355.4000,5356.6000,1,1,5,2,1,1,1,2,1,1
SF,IC2003,2020-01-03 10:08:00.400,5354.8000,54057,0,3059640320.000,0,-,-,-,-,5353.4000,5353.2000,5353.0000,5352.8000,5352.6000,5354.4000,5355.0000,5355.4000,5356.6000,5356.8000,2,1,1,3,1,1,2,1,1,1
SF,IC2003,2020-01-03 10:08:00.900,5354.6000,54057,0,3060711240.000,1,0,1,多换,S,5354.4000,5353.4000,5353.2000,5353.0000,5352.8000,5354.8000,5355.0000,5355.4000,5356.6000,5356.8000,1,2,1,1,3,1,2,1,1,1
SF,IC2003,2020-01-03 10:08:01.400,5354.8000,54058,1,3061782200.000,1,1,0,双开,S,5354.4000,5353.4000,5352.8000,5352.0000,5350.8000,5355.0000,5355.4000,5356.6000,5356.8000,5357.0000,1,2,2,5,1,2,1,1,1,5
SF,IC2003,2020-01-03 10:08:01.900,5355.0000,54057,-1,3062853200.000,1,0,1,双平,S,5354.4000,5353.4000,5352.8000,5352.0000,5350.8000,5355.0000,5355.4000,5356.6000,5356.8000,5357.0000,1,2,2,5,1,1,1,1,1,5
SF,IC2003,2020-01-03 10:08:03.400,5355.0000,54057,0,3062853200.000,0,-,-,-,-,5354.4000,5353.4000,5352.8000,5352.0000,5350.8000,5355.0000,5356.6000,5356.8000,5357.0000,5357.8000,2,2,2,5,1,1,1,1,5,1
SF,IC2003,2020-01-03 10:08:03.900,5354.4000,54056,-1,3063924080.000,1,0,1,双平,S,5354.4000,5353.4000,5352.8000,5352.0000,5350.8000,5355.0000,5356.6000,5356.8000,5357.0000,5357.8000,1,2,2,5,1,1,1,1,5,1
SF,IC2003,2020-01-03 10:08:04.400,5354.4000,54056,0,3063924080.000,0,-,-,-,-,5354.4000,5353.4000,5352.8000,5352.0000,5350.8000,5355.0000,5356.6000,5356.8000,5357.0000,5357.8000,1,2,2,5,1,5,1,1,5,1
SF,IC2003,2020-01-03 10:08:07.900,5355.0000,54055,-1,3064995080.000,1,0,1,双平,S,5354.4000,5353.4000,5352.8000,5352.0000,5350.8000,5355.0000,5356.6000,5356.8000,5357.0000,5357.8000,1,2,2,5,1,4,1,1,5,1
SF,IC2003,2020-01-03 10:08:08.400,5355.0000,54051,-4,3069279080.000,4,0,4,双平,S,5354.4000,5353.4000,5352.8000,5352.0000,5350.8000,5356.6000,5356.8000,5357.0000,5357.8000,5358.0000,1,2,2,5,1,1,1,5,1,1
SF,IC2003,2020-01-03 10:08:08.900,5355.0000,54051,0,3069279080.000,0,-,-,-,-,5354.8000,5354.6000,5354.4000,5352.8000,5352.0000,5356.4000,5356.6000,5356.8000,5357.0000,5357.8000,2,2,1,2,5,3,1,1,5,1
SF,IC2003,2020-01-03 10:08:09.400,5355.0000,54051,0,3069279080.000,0,-,-,-,-,5355.0000,5354.8000,5354.4000,5352.8000,5352.0000,5356.0000,5356.2000,5356.4000,5356.6000,5356.8000,2,2,1,2,5,1,1,2,1,1
SF,IC2003,2020-01-03 10:08:09.900,5355.0000,54051,0,3069279080.000,0,-,-,-,-,5355.2000,5355.0000,5354.4000,5352.8000,5352.0000,5356.0000,5356.2000,5356.4000,5356.6000,5356.8000,1,2,1,2,5,1,1,2,1,1
SF,IC2003,2020-01-03 10:08:10.400,5356.2000,54049,-2,3071421520.000,2,0,2,双平,S,5355.4000,5355.2000,5355.0000,5354.4000,5352.8000,5356.4000,5356.6000,5356.8000,5357.0000,5357.8000,1,1,1,1,2,1,1,1,5,1
SF,IC2003,2020-01-03 10:08:10.900,5356.2000,54049,0,3071421520.000,0,-,-,-,-,5355.4000,5355.2000,5355.0000,5354.4000,5352.8000,5356.6000,5356.8000,5357.0000,5357.8000,5358.0000,1,1,1,1,2,1,1,5,1,1
SF,IC2003,2020-01-03 10:08:11.400,5356.2000,54049,0,3071421520.000,0,-,-,-,-,5355.2000,5355.0000,5354.4000,5352.8000,5352.0000,5356.4000,5356.6000,5356.8000,5357.0000,5357.8000,1,1,1,2,5,1,1,1,5,1
SF,IC2003,2020-01-03 10:08:11.900,5356.2000,54049,0,3071421520.000,0,-,-,-,-,5355.4000,5355.2000,5354.4000,5352.8000,5352.0000,5356.6000,5356.8000,5357.0000,5357.8000,5358.0000,2,1,1,2,5,1,1,5,1,1
SF,IC2003,2020-01-03 10:08:14.400,5356.6000,54049,0,3072492840.000,1,0,1,多换,S,5356.6000,5355.6000,5355.4000,5355.2000,5354.4000,5356.8000,5357.0000,5357.8000,5358.0000,5358.2000,2,1,2,1,1,1,5,1,1,2
SF,IC2003,2020-01-03 10:08:14.900,5356.6000,54048,-1,3074635480.000,2,0,2,多平,S,5355.6000,5355.4000,5354.4000,5352.8000,5352.0000,5356.6000,5356.8000,5357.0000,5357.8000,5358.0000,1,2,1,2,5,1,1,5,1,1
SF,IC2003,2020-01-03 10:08:15.400,5356.6000,54048,0,3074635480.000,0,-,-,-,-,5355.8000,5354.4000,5352.8000,5352.0000,5350.8000,5356.8000,5357.0000,5357.8000,5358.0000,5358.2000,3,1,2,5,1,1,5,1,1,2
SF,IC2003,2020-01-03 10:08:15.900,5356.6000,54048,0,3074635480.000,0,-,-,-,-,5355.8000,5354.4000,5352.8000,5352.0000,5350.8000,5356.6000,5356.8000,5357.0000,5357.8000,5358.0000,2,1,2,5,1,1,1,5,1,1
SF,IC2003,2020-01-03 10:08:16.900,5355.8000,54046,-2,3076777800.000,2,0,2,双平,S,5355.8000,5354.4000,5352.8000,5352.0000,5350.8000,5356.4000,5356.6000,5356.8000,5357.0000,5357.8000,1,1,2,5,1,1,1,1,5,1
SF,IC2003,2020-01-03 10:08:17.400,5355.8000,54045,-1,3077848960.000,1,0,1,双平,S,5354.4000,5352.8000,5352.0000,5350.8000,5350.0000,5355.8000,5356.2000,5356.4000,5356.8000,5357.0000,1,2,5,1,2,1,3,2,1,5
SF,IC2003,2020-01-03 10:08:17.900,5355.8000,54045,0,3077848960.000,0,-,-,-,-,5354.6000,5354.4000,5352.8000,5352.0000,5350.8000,5355.8000,5356.2000,5356.4000,5356.8000,5357.0000,1,1,2,5,1,1,3,2,1,5
SF,IC2003,2020-01-03 10:08:18.400,5355.8000,54045,0,3077848960.000,0,-,-,-,-,5354.4000,5352.8000,5352.0000,5350.8000,5350.0000,5355.6000,5355.8000,5356.2000,5356.4000,5356.8000,1,2,5,1,2,1,1,2,1,1
SF,IC2003,2020-01-03 10:08:18.900,5355.8000,54045,0,3077848960.000,0,-,-,-,-,5354.6000,5354.4000,5352.8000,5352.0000,5350.8000,5355.8000,5356.2000,5356.4000,5356.8000,5357.0000,1,1,2,5,1,1,2,1,1,5
SF,IC2003,2020-01-03 10:08:19.400,5355.8000,54045,0,3077848960.000,0,-,-,-,-,5354.4000,5352.8000,5352.0000,5350.8000,5350.0000,5355.6000,5355.8000,5356.2000,5356.4000,5356.8000,1,2,5,1,2,1,1,2,1,1
SF,IC2003,2020-01-03 10:08:19.900,5355.8000,54045,0,3077848960.000,0,-,-,-,-,5354.4000,5352.8000,5352.0000,5350.8000,5350.0000,5355.6000,5355.8000,5356.2000,5356.4000,5357.0000,1,2,5,1,2,1,1,2,1,5
SF,IC2003,2020-01-03 10:08:21.400,5355.8000,54045,0,3077848960.000,0,-,-,-,-,5354.4000,5352.8000,5352.0000,5350.8000,5350.0000,5355.6000,5355.8000,5356.2000,5356.4000,5356.8000,1,2,5,1,2,1,1,2,1,1
SF,IC2003,2020-01-03 10:08:21.900,5355.6000,54046,1,3078920080.000,1,1,0,双开,S,5354.4000,5352.8000,5352.0000,5350.8000,5350.0000,5355.6000,5355.8000,5356.2000,5356.4000,5356.8000,1,2,5,1,2,1,1,2,1,1
SF,IC2003,2020-01-03 10:08:22.400,5355.6000,54046,0,3078920080.000,0,-,-,-,-,5354.4000,5352.8000,5352.0000,5350.8000,5350.0000,5355.6000,5356.2000,5356.4000,5356.8000,5357.0000,1,2,5,1,2,1,2,1,1,5
SF,IC2003,2020-01-03 10:08:22.900,5355.6000,54046,0,3078920080.000,0,-,-,-,-,5354.6000,5354.4000,5352.8000,5352.0000,5350.8000,5355.6000,5356.2000,5356.4000,5356.8000,5357.0000,1,1,2,5,1,1,2,1,1,5
SF,IC2003,2020-01-03 10:08:23.400,5355.6000,54046,0,3078920080.000,0,-,-,-,-,5354.6000,5354.4000,5352.8000,5352.0000,5350.8000,5355.6000,5356.2000,5356.4000,5356.8000,5357.0000,2,1,2,5,1,1,2,1,1,5
SF,IC2003,2020-01-03 10:08:24.400,5355.6000,54046,0,3078920080.000,0,-,-,-,-,5354.4000,5352.8000,5352.0000,5350.8000,5350.0000,5355.6000,5356.2000,5356.4000,5356.8000,5357.0000,1,2,5,1,2,1,2,1,1,5
SF,IC2003,2020-01-03 10:08:25.900,5355.6000,54046,0,3078920080.000,0,-,-,-,-,5354.4000,5352.8000,5352.0000,5350.8000,5350.0000,5355.6000,5356.2000,5356.4000,5356.8000,5357.0000,1,2,5,1,2,2,2,2,1,5
SF,IC2003,2020-01-03 10:08:26.400,5354.4000,54045,-1,3079990960.000,1,0,1,双平,S,5352.8000,5352.0000,5350.8000,5350.0000,5349.0000,5355.4000,5355.6000,5356.4000,5356.8000,5357.0000,2,5,1,2,1,2,2,2,1,5
SF,IC2003,2020-01-03 10:08:26.900,5354.4000,54045,0,3079990960.000,0,-,-,-,-,5353.4000,5353.0000,5352.8000,5352.0000,5350.8000,5355.2000,5355.4000,5355.6000,5356.4000,5356.8000,1,1,2,5,1,1,2,1,2,1
SF,IC2003,2020-01-03 10:08:27.400,5354.4000,54045,0,3079990960.000,0,-,-,-,-,5353.6000,5353.4000,5353.2000,5352.8000,5352.0000,5355.2000,5355.4000,5355.6000,5356.4000,5356.8000,1,1,1,2,5,1,2,1,2,1
SF,IC2003,2020-01-03 10:08:28.900,5354.4000,54045,0,3079990960.000,0,-,-,-,-,5353.6000,5353.4000,5353.2000,5352.8000,5352.0000,5355.2000,5355.4000,5356.4000,5356.8000,5357.0000,1,1,1,2,5,1,1,2,1,5
SF,IC2003,2020-01-03 10:08:29.400,5355.4000,54045,0,3081062040.000,1,0,1,多换,S,5354.0000,5353.8000,5353.6000,5353.2000,5352.8000,5356.4000,5356.8000,5357.0000,5357.8000,5358.0000,1,1,1,1,2,2,1,5,1,1
SF,IC2003,2020-01-03 10:08:29.900,5355.4000,54045,0,3081062040.000,0,-,-,-,-,5354.2000,5354.0000,5353.8000,5353.2000,5352.8000,5355.0000,5356.2000,5356.4000,5356.8000,5357.0000,1,1,1,1,2,1,2,2,1,5
SF,IC2003,2020-01-03 10:08:30.400,5355.4000,54045,0,3081062040.000,0,-,-,-,-,5354.0000,5353.8000,5353.2000,5352.8000,5352.0000,5355.0000,5356.2000,5356.4000,5356.8000,5357.0000,1,1,1,2,5,1,2,2,1,5
SF,IC2003,2020-01-03 10:08:30.900,5355.4000,54045,0,3081062040.000,0,-,-,-,-,5354.0000,5353.8000,5353.2000,5352.8000,5352.0000,5354.8000,5355.0000,5356.2000,5356.4000,5356.8000,1,1,1,2,5,1,1,2,2,1
SF,IC2003,2020-01-03 10:08:31.400,5354.8000,54046,1,3082133000.000,1,1,0,双开,S,5354.8000,5354.4000,5354.0000,5353.8000,5353.2000,5355.0000,5356.2000,5356.4000,5356.8000,5357.0000,1,1,1,1,1,1,2,2,1,5
SF,IC2003,2020-01-03 10:08:31.900,5354.8000,54044,-2,3084274920.000,2,0,2,双平,S,5354.0000,5353.8000,5353.2000,5352.8000,5352.0000,5355.0000,5356.2000,5356.4000,5356.8000,5357.0000,1,1,1,2,5,1,2,2,1,5
SF,IC2003,2020-01-03 10:08:32.900,5354.8000,54044,0,3084274920.000,0,-,-,-,-,5354.2000,5354.0000,5353.8000,5352.8000,5352.0000,5355.0000,5356.2000,5356.4000,5356.8000,5357.0000,1,1,1,2,5,1,2,2,1,5
SF,IC2003,2020-01-03 10:08:34.900,5355.0000,54043,-1,3085345920.000,1,0,1,双平,S,5354.2000,5354.0000,5352.8000,5352.0000,5350.8000,5356.2000,5356.4000,5356.8000,5357.0000,5357.8000,1,1,2,5,1,1,2,1,5,1
SF,IC2003,2020-01-03 10:08:35.400,5355.0000,54043,0,3085345920.000,0,-,-,-,-,5354.4000,5354.2000,5354.0000,5352.8000,5352.0000,5356.2000,5356.4000,5356.8000,5357.0000,5357.8000,1,2,1,2,5,1,2,1,5,1
SF,IC2003,2020-01-03 10:08:35.900,5355.0000,54043,0,3085345920.000,0,-,-,-,-,5354.2000,5354.0000,5352.8000,5352.0000,5350.8000,5356.2000,5356.4000,5356.8000,5357.0000,5357.8000,2,1,2,5,1,1,2,1,5,1
SF,IC2003,2020-01-03 10:08:36.400,5355.0000,54043,0,3085345920.000,0,-,-,-,-,5354.4000,5354.2000,5354.0000,5352.8000,5352.0000,5356.2000,5356.4000,5356.8000,5357.0000,5357.8000,1,2,1,2,5,1,2,1,5,1
SF,IC2003,2020-01-03 10:08:36.900,5355.0000,54043,0,3085345920.000,0,-,-,-,-,5354.2000,5354.0000,5352.8000,5352.0000,5350.8000,5356.2000,5356.4000,5356.8000,5357.0000,5357.8000,2,1,2,5,1,1,2,1,5,1
SF,IC2003,2020-01-03 10:08:37.400,5355.0000,54043,0,3085345920.000,0,-,-,-,-,5354.2000,5354.0000,5352.8000,5352.0000,5350.8000,5356.0000,5356.2000,5356.4000,5356.8000,5357.0000,2,1,2,5,1,1,1,2,1,5
SF,IC2003,2020-01-03 10:08:37.900,5355.0000,54043,0,3085345920.000,0,-,-,-,-,5354.6000,5354.4000,5354.2000,5354.0000,5352.8000,5356.0000,5356.4000,5356.8000,5357.0000,5357.8000,1,1,2,1,2,1,2,1,5,1
SF,IC2003,2020-01-03 10:08:38.400,5355.0000,54043,0,3085345920.000,0,-,-,-,-,5354.4000,5354.2000,5354.0000,5352.8000,5352.0000,5355.8000,5356.0000,5356.4000,5356.8000,5357.0000,1,1,1,2,5,1,1,2,1,5
SF,IC2003,2020-01-03 10:08:38.900,5355.0000,54043,0,3085345920.000,0,-,-,-,-,5354.4000,5354.2000,5352.8000,5352.0000,5350.8000,5355.8000,5356.0000,5356.4000,5356.8000,5357.0000,1,1,2,5,1,1,1,2,1,5
SF,IC2003,2020-01-03 10:08:39.400,5355.0000,54043,0,3085345920.000,0,-,-,-,-,5354.2000,5352.8000,5352.0000,5350.8000,5350.0000,5355.8000,5356.0000,5356.4000,5356.8000,5357.0000,1,2,5,1,2,2,1,2,1,5
SF,IC2003,2020-01-03 10:08:39.900,5355.0000,54043,0,3085345920.000,0,-,-,-,-,5354.2000,5352.8000,5352.0000,5350.8000,5350.0000,5355.8000,5356.0000,5356.4000,5356.8000,5357.0000,1,2,5,1,2,2,1,2,1,5
SF,IC2003,2020-01-03 10:08:42.400,5355.8000,54042,-1,3086417080.000,1,0,1,双平,S,5354.2000,5352.8000,5352.0000,5350.8000,5350.0000,5356.0000,5356.4000,5356.8000,5357.0000,5357.8000,1,2,5,1,2,1,2,1,5,1
SF,IC2003,2020-01-03 10:08:42.900,5355.8000,54042,0,3086417080.000,0,-,-,-,-,5354.4000,5354.2000,5352.8000,5352.0000,5350.8000,5355.8000,5356.0000,5356.4000,5356.8000,5357.0000,1,1,2,5,1,1,1,2,1,5
SF,IC2003,2020-01-03 10:08:45.400,5355.8000,54042,0,3086417080.000,0,-,-,-,-,5354.4000,5354.2000,5352.8000,5352.0000,5350.8000,5355.8000,5356.0000,5356.4000,5356.8000,5357.0000,1,1,2,5,1,1,1,2,1,5
SF,IC2003,2020-01-03 10:08:45.900,5355.8000,54042,0,3086417080.000,0,-,-,-,-,5354.4000,5352.8000,5352.0000,5350.8000,5350.0000,5356.0000,5356.4000,5356.8000,5357.0000,5357.8000,2,2,5,1,2,1,2,1,5,1
SF,IC2003,2020-01-03 10:08:46.900,5355.8000,54042,0,3086417080.000,0,-,-,-,-,5354.4000,5352.8000,5352.0000,5350.8000,5350.0000,5356.0000,5356.4000,5356.8000,5357.0000,5357.8000,1,2,5,1,2,1,2,1,5,1
SF,IC2003,2020-01-03 10:08:48.400,5355.8000,54042,0,3086417080.000,0,-,-,-,-,5354.8000,5354.4000,5352.8000,5352.0000,5350.8000,5356.0000,5356.4000,5356.8000,5357.0000,5357.8000,1,4,2,5,1,1,2,1,5,1
SF,IC2003,2020-01-03 10:08:48.900,5355.8000,54042,0,3086417080.000,0,-,-,-,-,5355.0000,5354.8000,5354.4000,5352.8000,5352.0000,5356.0000,5356.4000,5356.8000,5357.0000,5357.8000,1,1,3,2,5,1,2,1,5,1
SF,IC2003,2020-01-03 10:08:49.400,5355.8000,54042,0,3086417080.000,0,-,-,-,-,5355.0000,5354.8000,5354.4000,5352.8000,5352.0000,5356.0000,5356.4000,5356.8000,5357.0000,5357.8000,1,1,3,2,5,2,2,1,5,1
SF,IC2003,2020-01-03 10:08:50.900,5355.0000,54042,0,3087488080.000,1,0,1,多换,S,5354.8000,5354.4000,5352.8000,5352.0000,5350.8000,5356.0000,5356.4000,5356.8000,5357.0000,5357.8000,1,3,2,5,1,2,2,1,5,1
SF,IC2003,2020-01-03 10:08:51.400,5355.0000,54042,0,3087488080.000,0,-,-,-,-,5355.0000,5354.8000,5354.4000,5352.8000,5352.0000,5356.0000,5356.4000,5356.8000,5357.0000,5357.8000,1,1,3,2,5,2,2,1,5,1
SF,IC2003,2020-01-03 10:08:51.900,5355.0000,54042,0,3087488080.000,0,-,-,-,-,5354.8000,5354.4000,5352.8000,5352.0000,5350.8000,5356.0000,5356.4000,5356.8000,5357.0000,5357.8000,1,3,2,5,1,2,2,1,5,1
SF,IC2003,2020-01-03 10:08:52.400,5355.0000,54042,0,3087488080.000,0,-,-,-,-,5354.8000,5354.4000,5352.8000,5352.0000,5350.8000,5355.8000,5356.0000,5356.4000,5356.8000,5357.0000,1,2,2,5,1,1,2,2,1,5
SF,IC2003,2020-01-03 10:08:52.900,5355.0000,54042,0,3087488080.000,0,-,-,-,-,5354.4000,5352.8000,5352.0000,5350.8000,5350.0000,5355.6000,5355.8000,5356.0000,5356.4000,5356.8000,2,2,5,1,2,1,1,2,2,1
SF,IC2003,2020-01-03 10:08:53.400,5355.0000,54042,0,3087488080.000,0,-,-,-,-,5355.0000,5354.4000,5352.8000,5352.0000,5350.8000,5355.6000,5356.0000,5356.4000,5356.8000,5357.0000,1,2,2,5,1,1,2,2,1,5
SF,IC2003,2020-01-03 10:08:53.900,5355.0000,54042,0,3087488080.000,0,-,-,-,-,5354.4000,5352.8000,5352.0000,5350.8000,5350.0000,5356.0000,5356.4000,5356.8000,5357.0000,5357.8000,2,2,5,1,2,2,2,1,5,1
SF,IC2003,2020-01-03 10:08:54.400,5355.0000,54042,0,3087488080.000,0,-,-,-,-,5354.6000,5354.4000,5352.8000,5352.0000,5350.8000,5355.8000,5356.0000,5356.4000,5356.8000,5357.0000,1,2,2,5,1,1,2,2,1,5
SF,IC2003,2020-01-03 10:08:55.400,5355.0000,54042,0,3087488080.000,0,-,-,-,-,5354.8000,5354.6000,5354.4000,5352.8000,5352.0000,5355.8000,5356.0000,5356.4000,5356.8000,5357.0000,1,1,2,2,5,1,2,2,1,5
SF,IC2003,2020-01-03 10:08:55.900,5355.0000,54042,0,3087488080.000,0,-,-,-,-,5354.8000,5354.6000,5354.4000,5352.8000,5352.0000,5355.6000,5355.8000,5356.0000,5356.4000,5356.8000,1,1,2,2,5,1,1,2,2,1
SF,IC2003,2020-01-03 10:08:57.400,5355.6000,54043,1,3088559200.000,1,1,0,双开,S,5355.0000,5354.8000,5354.6000,5354.4000,5352.8000,5355.8000,5356.0000,5356.4000,5356.8000,5357.0000,1,1,1,2,2,1,2,2,1,5
SF,IC2003,2020-01-03 10:08:57.900,5355.6000,54043,0,3088559200.000,0,-,-,-,-,5355.0000,5354.6000,5354.4000,5352.8000,5352.0000,5355.8000,5356.0000,5356.4000,5356.8000,5357.0000,2,1,2,2,5,1,2,2,1,5
SF,IC2003,2020-01-03 10:08:58.400,5356.0000,54043,0,3089630400.000,1,0,1,多换,S,5355.0000,5354.6000,5354.4000,5352.8000,5352.0000,5356.0000,5356.4000,5356.8000,5357.0000,5357.8000,2,1,2,2,5,1,2,1,5,1
SF,IC2003,2020-01-03 10:08:59.900,5355.0000,54042,-1,3091772400.000,2,0,2,多平,S,5354.6000,5354.4000,5352.8000,5352.0000,5350.8000,5356.0000,5356.4000,5356.8000,5357.0000,5357.8000,1,2,2,5,1,1,2,1,5,1
SF,IC2003,2020-01-03 10:09:00.400,5355.8000,54041,-1,3093914560.000,2,0,2,多平,S,5354.6000,5354.4000,5352.8000,5352.0000,5350.8000,5355.8000,5356.0000,5356.4000,5356.8000,5357.0000,1,2,2,5,1,1,1,2,1,5
SF,IC2003,2020-01-03 10:09:00.900,5356.0000,54041,0,3096056920.000,2,1,1,多换,S,5356.2000,5354.6000,5354.4000,5352.8000,5352.0000,5356.4000,5356.8000,5357.0000,5357.8000,5358.0000,2,1,2,2,5,2,1,5,1,2
SF,IC2003,2020-01-03 10:09:01.400,5356.4000,54038,-3,3101413160.000,5,1,4,多平,S,5354.6000,5354.4000,5352.8000,5352.0000,5350.8000,5356.2000,5356.4000,5356.8000,5357.0000,5357.8000,1,2,2,5,1,1,1,1,5,1
SF,IC2003,2020-01-03 10:09:01.900,5356.4000,54038,0,3103555680.000,2,1,1,多换,S,5356.2000,5355.4000,5355.2000,5355.0000,5354.8000,5356.8000,5357.0000,5357.8000,5358.0000,5358.2000,2,1,1,4,1,1,5,1,2,2
SF,IC2003,2020-01-03 10:09:02.400,5356.4000,54038,0,3103555680.000,0,-,-,-,-,5355.4000,5355.2000,5355.0000,5354.8000,5354.6000,5356.8000,5357.0000,5357.8000,5358.0000,5358.2000,1,1,2,1,1,1,5,1,2,2
SF,IC2003,2020-01-03 10:09:02.900,5356.4000,54038,0,3103555680.000,0,-,-,-,-,5355.6000,5355.4000,5355.2000,5355.0000,5354.8000,5356.6000,5356.8000,5357.0000,5357.8000,5358.0000,1,1,1,2,1,1,1,5,1,2
SF,IC2003,2020-01-03 10:09:03.400,5356.4000,54038,0,3103555680.000,0,-,-,-,-,5355.8000,5355.6000,5355.4000,5355.2000,5355.0000,5356.6000,5356.8000,5357.0000,5357.8000,5358.0000,1,1,1,1,2,1,1,5,1,2
SF,IC2003,2020-01-03 10:09:03.900,5355.8000,54038,0,3104626840.000,1,0,1,多换,S,5355.6000,5355.4000,5355.2000,5355.0000,5354.4000,5356.6000,5356.8000,5357.0000,5357.8000,5358.0000,1,1,1,2,2,1,1,5,1,2
SF,IC2003,2020-01-03 10:09:04.400,5356.6000,54038,0,3105698160.000,1,0,1,多换,S,5356.6000,5355.6000,5355.4000,5355.0000,5354.4000,5356.8000,5357.0000,5357.8000,5358.0000,5358.2000,1,1,1,2,2,1,5,1,2,2
SF,IC2003,2020-01-03 10:09:04.900,5356.6000,54038,0,3105698160.000,0,-,-,-,-,5355.6000,5355.4000,5354.4000,5352.8000,5352.0000,5356.8000,5357.0000,5357.8000,5358.0000,5358.2000,1,1,2,2,5,1,5,1,2,2
SF,IC2003,2020-01-03 10:09:05.400,5356.6000,54038,0,3105698160.000,0,-,-,-,-,5355.6000,5354.4000,5352.8000,5352.0000,5350.8000,5356.8000,5357.0000,5357.8000,5358.0000,5358.2000,1,2,2,5,1,1,5,1,2,2
SF,IC2003,2020-01-03 10:09:05.900,5357.0000,54037,-1,3107840920.000,2,0,2,多平,S,5356.8000,5356.2000,5356.0000,5355.8000,5355.6000,5357.0000,5357.8000,5358.0000,5358.2000,5359.0000,1,1,1,3,1,4,1,2,2,3
SF,IC2003,2020-01-03 10:09:06.400,5356.8000,54036,-1,3108912280.000,1,0,1,双平,S,5356.0000,5355.6000,5354.4000,5352.8000,5352.0000,5357.0000,5357.8000,5358.0000,5358.2000,5359.0000,1,1,2,2,5,4,1,2,2,3
SF,IC2003,2020-01-03 10:09:06.900,5357.0000,54034,-2,3111055080.000,2,0,2,双平,S,5356.0000,5355.6000,5352.8000,5352.0000,5350.8000,5357.0000,5357.8000,5358.0000,5358.2000,5359.0000,1,1,2,5,1,2,1,2,2,3
SF,IC2003,2020-01-03 10:09:08.400,5357.0000,54034,0,3111055080.000,0,-,-,-,-,5356.0000,5355.6000,5352.8000,5352.0000,5350.8000,5357.0000,5357.8000,5358.0000,5358.2000,5359.0000,1,1,2,5,1,2,1,2,2,3
SF,IC2003,2020-01-03 10:09:09.400,5357.0000,54034,0,3111055080.000,0,-,-,-,-,5355.6000,5352.8000,5352.0000,5350.8000,5350.0000,5357.0000,5357.8000,5358.0000,5358.2000,5359.0000,1,2,5,1,2,2,1,2,2,3
SF,IC2003,2020-01-03 10:09:09.900,5357.0000,54034,0,3111055080.000,0,-,-,-,-,5355.6000,5352.8000,5352.0000,5350.8000,5350.0000,5357.0000,5357.8000,5358.0000,5358.2000,5359.0000,1,2,5,1,2,2,1,2,2,3
SF,IC2003,2020-01-03 10:09:10.400,5357.0000,54034,0,3111055080.000,0,-,-,-,-,5352.8000,5352.0000,5350.8000,5350.0000,5348.0000,5356.8000,5357.0000,5357.8000,5358.0000,5358.2000,2,5,1,2,1,1,2,1,2,2
SF,IC2003,2020-01-03 10:09:10.900,5357.0000,54034,0,3111055080.000,0,-,-,-,-,5355.4000,5354.8000,5354.6000,5354.2000,5354.0000,5356.6000,5356.8000,5357.0000,5357.8000,5358.0000,1,2,1,2,2,1,3,2,1,2
SF,IC2003,2020-01-03 10:09:11.400,5357.0000,54034,0,3111055080.000,0,-,-,-,-,5354.6000,5354.2000,5354.0000,5353.8000,5353.4000,5356.4000,5356.8000,5357.0000,5357.8000,5358.0000,1,2,2,1,2,1,2,2,1,2
SF,IC2003,2020-01-03 10:09:11.900,5357.0000,54034,0,3111055080.000,0,-,-,-,-,5355.0000,5354.8000,5354.6000,5354.2000,5354.0000,5356.4000,5357.0000,5357.8000,5358.0000,5358.2000,2,3,2,2,2,3,2,1,2,2
SF,IC2003,2020-01-03 10:09:12.400,5357.0000,54034,0,3111055080.000,0,-,-,-,-,5354.8000,5354.6000,5354.2000,5354.0000,5353.8000,5356.4000,5357.0000,5357.8000,5358.0000,5358.2000,1,2,2,1,1,3,2,1,2,2
SF,IC2003,2020-01-03 10:09:13.400,5357.0000,54034,0,3111055080.000,0,-,-,-,-,5354.8000,5354.6000,5354.2000,5353.8000,5353.4000,5356.4000,5357.0000,5357.8000,5358.0000,5358.2000,1,2,2,1,1,3,2,1,2,2
SF,IC2003,2020-01-03 10:09:13.900,5357.0000,54034,0,3111055080.000,0,-,-,-,-,5354.6000,5354.2000,5353.8000,5353.0000,5352.8000,5356.4000,5356.8000,5357.0000,5357.8000,5358.0000,2,1,1,1,2,3,1,2,1,2
SF,IC2003,2020-01-03 10:09:14.400,5357.0000,54034,0,3111055080.000,0,-,-,-,-,5355.0000,5354.8000,5354.6000,5354.2000,5353.0000,5356.4000,5356.8000,5357.0000,5357.8000,5358.0000,2,1,2,1,1,2,1,2,1,2
SF,IC2003,2020-01-03 10:09:14.900,5357.0000,54034,0,3111055080.000,0,-,-,-,-,5354.8000,5354.6000,5354.2000,5353.0000,5352.8000,5356.4000,5357.0000,5357.8000,5358.0000,5358.2000,1,2,1,1,2,1,2,1,2,2
SF,IC2003,2020-01-03 10:09:16.400,5357.0000,54034,0,3111055080.000,0,-,-,-,-,5354.8000,5354.6000,5353.0000,5352.8000,5352.0000,5356.4000,5357.0000,5357.8000,5358.0000,5358.2000,1,2,1,2,5,1,2,1,2,2
SF,IC2003,2020-01-03 10:09:16.900,5357.0000,54034,0,3111055080.000,0,-,-,-,-,5355.0000,5354.8000,5354.6000,5353.0000,5352.8000,5356.4000,5357.0000,5357.8000,5358.0000,5358.2000,1,1,2,1,2,3,2,1,2,2
SF,IC2003,2020-01-03 10:09:17.400,5357.0000,54034,0,3111055080.000,0,-,-,-,-,5355.0000,5354.6000,5353.0000,5352.8000,5352.0000,5356.4000,5357.0000,5357.8000,5358.0000,5358.2000,1,2,1,2,5,3,2,1,2,2
SF,IC2003,2020-01-03 10:09:17.900,5357.0000,54034,0,3111055080.000,0,-,-,-,-,5355.0000,5354.6000,5353.0000,5352.8000,5352.0000,5356.4000,5357.0000,5357.8000,5358.0000,5358.2000,1,2,1,2,5,3,2,1,2,2
SF,IC2003,2020-01-03 10:09:18.400,5357.0000,54034,0,3111055080.000,0,-,-,-,-,5354.6000,5353.0000,5352.8000,5352.0000,5350.8000,5356.4000,5357.0000,5357.8000,5358.0000,5358.2000,2,1,2,5,1,3,2,1,2,2
SF,IC2003,2020-01-03 10:09:18.900,5357.0000,54034,0,3111055080.000,0,-,-,-,-,5355.0000,5354.8000,5354.6000,5353.2000,5353.0000,5356.4000,5357.0000,5357.8000,5358.0000,5358.2000,1,1,2,1,1,3,2,1,2,2
SF,IC2003,2020-01-03 10:09:19.400,5357.0000,54034,0,3111055080.000,0,-,-,-,-,5355.0000,5354.8000,5354.6000,5353.0000,5352.8000,5356.4000,5357.0000,5357.8000,5358.0000,5358.2000,1,1,2,1,2,3,2,1,2,2
SF,IC2003,2020-01-03 10:09:19.900,5357.0000,54034,0,3111055080.000,0,-,-,-,-,5355.2000,5355.0000,5354.6000,5353.0000,5352.8000,5356.4000,5357.0000,5357.8000,5358.0000,5358.2000,1,1,2,1,2,3,2,1,2,2
SF,IC2003,2020-01-03 10:09:20.900,5357.0000,54034,0,3111055080.000,0,-,-,-,-,5355.2000,5355.0000,5354.6000,5353.0000,5352.8000,5356.4000,5357.0000,5357.8000,5358.0000,5358.2000,1,1,2,1,2,2,2,1,2,2
SF,IC2003,2020-01-03 10:09:21.400,5357.0000,54034,0,3111055080.000,0,-,-,-,-,5355.4000,5355.2000,5355.0000,5354.6000,5353.0000,5356.4000,5357.0000,5357.8000,5358.0000,5358.2000,1,1,1,2,1,1,2,1,2,2
SF,IC2003,2020-01-03 10:09:21.900,5357.0000,54034,0,3111055080.000,0,-,-,-,-,5355.6000,5355.4000,5355.2000,5355.0000,5354.6000,5357.0000,5357.8000,5358.0000,5358.2000,5359.0000,1,1,1,1,2,2,1,2,2,3
SF,IC2003,2020-01-03 10:09:22.400,5357.0000,54034,0,3111055080.000,0,-,-,-,-,5355.6000,5355.4000,5355.2000,5355.0000,5354.6000,5356.8000,5357.0000,5357.8000,5358.0000,5358.2000,1,1,1,1,1,1,2,1,2,2
SF,IC2003,2020-01-03 10:09:23.900,5357.0000,54034,0,3111055080.000,0,-,-,-,-,5355.8000,5355.6000,5355.4000,5355.2000,5355.0000,5356.8000,5357.0000,5357.8000,5358.0000,5358.2000,1,1,1,1,1,1,2,1,2,2
SF,IC2003,2020-01-03 10:09:24.400,5357.0000,54034,0,3111055080.000,0,-,-,-,-,5355.8000,5355.6000,5355.4000,5355.2000,5355.0000,5356.6000,5356.8000,5357.0000,5357.8000,5358.0000,1,1,1,1,1,1,1,2,1,2
SF,IC2003,2020-01-03 10:09:25.400,5357.0000,54034,0,3111055080.000,0,-,-,-,-,5355.8000,5355.4000,5355.2000,5355.0000,5354.6000,5356.6000,5356.8000,5357.0000,5357.8000,5358.0000,1,1,1,1,1,1,1,2,1,2
SF,IC2003,2020-01-03 10:09:25.900,5357.0000,54034,0,3111055080.000,0,-,-,-,-,5355.8000,5355.4000,5355.2000,5355.0000,5353.0000,5356.6000,5356.8000,5357.0000,5357.8000,5358.0000,1,1,1,1,1,1,1,2,1,2
SF,IC2003,2020-01-03 10:09:26.400,5357.0000,54034,0,3111055080.000,0,-,-,-,-,5355.8000,5355.4000,5355.2000,5355.0000,5353.0000,5356.6000,5357.0000,5357.8000,5358.0000,5358.2000,1,1,1,3,1,1,2,1,2,2
SF,IC2003,2020-01-03 10:09:26.900,5357.0000,54034,0,3111055080.000,0,-,-,-,-,5356.0000,5355.8000,5355.4000,5355.2000,5355.0000,5356.8000,5357.0000,5357.8000,5358.0000,5358.2000,1,2,1,1,3,1,2,1,2,2
SF,IC2003,2020-01-03 10:09:27.400,5357.0000,54034,0,3111055080.000,0,-,-,-,-,5356.0000,5355.8000,5355.2000,5355.0000,5353.0000,5356.8000,5357.0000,5357.8000,5358.0000,5358.2000,1,2,1,3,1,1,2,1,2,2
SF,IC2003,2020-01-03 10:09:28.400,5357.0000,54034,0,3111055080.000,0,-,-,-,-,5356.2000,5356.0000,5355.8000,5355.2000,5355.0000,5356.8000,5357.0000,5357.8000,5358.0000,5358.2000,1,1,2,1,3,1,2,1,2,2
SF,IC2003,2020-01-03 10:09:29.900,5356.8000,54035,1,3112126440.000,1,1,0,双开,S,5356.2000,5356.0000,5355.8000,5355.2000,5355.0000,5357.0000,5357.8000,5358.0000,5358.2000,5359.0000,1,1,2,1,3,2,1,2,2,3
SF,IC2003,2020-01-03 10:09:32.400,5356.2000,54034,-1,3113197680.000,1,0,1,双平,S,5356.0000,5355.8000,5355.2000,5355.0000,5353.0000,5357.0000,5357.8000,5358.0000,5358.2000,5359.0000,1,2,1,3,1,2,1,2,2,3
SF,IC2003,2020-01-03 10:09:33.400,5356.2000,54034,0,3113197680.000,0,-,-,-,-,5356.0000,5355.8000,5355.2000,5355.0000,5353.0000,5356.2000,5357.0000,5357.8000,5358.0000,5358.2000,1,2,1,3,1,1,2,1,2,2
SF,IC2003,2020-01-03 10:09:33.900,5356.2000,54034,0,3114268920.000,1,0,1,多换,S,5356.8000,5356.2000,5355.8000,5355.2000,5355.0000,5357.0000,5357.8000,5358.0000,5358.2000,5359.0000,1,3,2,1,3,2,1,2,2,3
SF,IC2003,2020-01-03 10:09:34.400,5357.0000,54034,0,3116411720.000,2,1,1,多换,S,5357.6000,5356.2000,5355.8000,5355.2000,5355.0000,5357.8000,5358.0000,5358.2000,5359.0000,5359.2000,1,2,2,1,3,1,2,2,3,2
SF,IC2003,2020-01-03 10:09:34.900,5357.4000,54033,-1,3117483200.000,1,0,1,双平,S,5356.2000,5355.8000,5355.2000,5355.0000,5352.8000,5357.6000,5357.8000,5358.0000,5358.2000,5359.0000,1,2,1,3,2,3,1,2,2,3
SF,IC2003,2020-01-03 10:09:35.400,5357.4000,54033,0,3117483200.000,0,-,-,-,-,5356.4000,5356.2000,5355.8000,5355.0000,5352.8000,5357.8000,5358.0000,5358.2000,5359.0000,5359.2000,1,1,2,3,2,1,2,2,3,2
SF,IC2003,2020-01-03 10:09:35.900,5357.4000,54033,0,3117483200.000,0,-,-,-,-,5356.4000,5356.2000,5355.8000,5355.0000,5352.8000,5357.6000,5357.8000,5358.0000,5358.2000,5359.0000,2,1,2,3,2,1,1,2,2,3
SF,IC2003,2020-01-03 10:09:36.400,5357.6000,54032,-1,3118554720.000,1,0,1,双平,S,5356.8000,5356.6000,5356.4000,5356.2000,5355.8000,5357.8000,5358.0000,5358.2000,5359.0000,5359.2000,1,1,2,1,2,3,2,2,3,2
SF,IC2003,2020-01-03 10:09:36.900,5358.0000,54029,-3,3123912600.000,5,1,4,多平,S,5357.0000,5356.8000,5356.6000,5356.4000,5356.2000,5358.2000,5359.0000,5359.2000,5359.6000,5359.8000,3,1,1,1,1,2,3,2,1,4
SF,IC2003,2020-01-03 10:09:37.400,5358.2000,54029,0,3126055880.000,2,1,1,多换,S,5357.4000,5357.2000,5357.0000,5356.8000,5356.6000,5359.0000,5359.2000,5359.6000,5359.8000,5360.0000,1,3,2,1,1,3,2,1,4,10
SF,IC2003,2020-01-03 10:09:37.900,5358.2000,54029,0,3126055880.000,0,-,-,-,-,5357.6000,5357.4000,5357.2000,5356.8000,5356.6000,5358.8000,5359.0000,5359.2000,5359.6000,5359.8000,2,1,4,1,1,1,3,2,1,4
SF,IC2003,2020-01-03 10:09:38.400,5358.2000,54029,0,3126055880.000,0,-,-,-,-,5357.4000,5357.2000,5356.8000,5356.6000,5356.2000,5358.8000,5359.0000,5359.2000,5359.6000,5359.8000,1,4,1,1,1,1,3,2,1,4
SF,IC2003,2020-01-03 10:09:38.900,5358.2000,54029,0,3126055880.000,0,-,-,-,-,5357.8000,5357.6000,5357.4000,5357.2000,5356.8000,5358.8000,5359.0000,5359.2000,5359.6000,5359.8000,1,1,1,3,1,1,3,2,1,4
SF,IC2003,2020-01-03 10:09:39.400,5358.2000,54029,0,3126055880.000,0,-,-,-,-,5357.8000,5357.6000,5357.4000,5357.2000,5356.6000,5359.0000,5359.2000,5359.6000,5359.8000,5360.0000,1,1,1,2,1,3,2,1,4,10
SF,IC2003,2020-01-03 10:09:39.900,5358.2000,54029,0,3126055880.000,0,-,-,-,-,5357.8000,5357.6000,5357.4000,5357.2000,5356.6000,5359.0000,5359.2000,5359.6000,5359.8000,5360.0000,3,1,1,1,1,3,2,1,4,10
SF,IC2003,2020-01-03 10:09:40.400,5359.0000,54028,-1,3127127680.000,1,0,1,双平,S,5358.0000,5357.8000,5357.6000,5357.2000,5356.6000,5358.8000,5359.0000,5359.2000,5359.6000,5359.8000,1,3,1,1,1,1,2,2,1,4
SF,IC2003,2020-01-03 10:09:40.900,5359.0000,54028,0,3127127680.000,0,-,-,-,-,5358.2000,5358.0000,5357.8000,5357.6000,5357.2000,5358.8000,5359.0000,5359.2000,5359.6000,5359.8000,1,1,2,1,1,1,2,2,1,4
SF,IC2003,2020-01-03 10:09:41.400,5359.0000,54028,0,3128199480.000,1,0,1,多换,S,5358.0000,5357.8000,5357.6000,5357.2000,5356.6000,5359.0000,5359.2000,5359.6000,5359.8000,5360.0000,1,2,1,1,1,2,2,1,4,10
SF,IC2003,2020-01-03 10:09:41.900,5359.0000,54026,-2,3130343080.000,2,0,2,双平,S,5358.0000,5357.8000,5357.6000,5357.2000,5356.6000,5359.2000,5359.6000,5359.8000,5360.0000,5360.4000,2,2,1,1,1,2,1,4,10,1
SF,IC2003,2020-01-03 10:09:42.400,5358.0000,54026,0,3131414680.000,1,0,1,多换,S,5358.8000,5358.0000,5357.8000,5357.6000,5357.2000,5359.2000,5359.6000,5359.8000,5360.0000,5360.4000,1,1,2,1,1,2,1,4,10,1
SF,IC2003,2020-01-03 10:09:42.900,5358.8000,54025,-1,3132486440.000,1,0,1,双平,S,5358.0000,5357.8000,5357.6000,5357.2000,5356.6000,5359.2000,5359.6000,5359.8000,5360.0000,5360.4000,1,2,1,1,1,2,1,4,10,1
SF,IC2003,2020-01-03 10:09:43.400,5358.8000,54025,0,3132486440.000,0,-,-,-,-,5358.0000,5357.8000,5357.6000,5357.2000,5356.6000,5358.8000,5359.0000,5359.2000,5359.6000,5359.8000,1,1,1,1,1,1,1,2,1,4
SF,IC2003,2020-01-03 10:09:43.900,5358.8000,54024,-1,3134629960.000,2,0,2,多平,S,5358.2000,5358.0000,5357.2000,5356.6000,5355.0000,5359.0000,5359.2000,5359.6000,5359.8000,5360.0000,1,1,1,1,3,1,2,1,4,10
SF,IC2003,2020-01-03 10:09:44.400,5358.0000,54022,-2,3136773200.000,2,0,2,双平,S,5357.2000,5356.6000,5355.0000,5352.8000,5352.0000,5358.8000,5359.0000,5359.2000,5359.6000,5359.8000,1,1,3,2,5,3,1,2,1,5
SF,IC2003,2020-01-03 10:09:44.900,5358.0000,54022,0,3136773200.000,0,-,-,-,-,5357.2000,5356.6000,5355.0000,5352.8000,5352.0000,5358.2000,5358.4000,5358.6000,5358.8000,5359.2000,1,1,3,2,5,2,1,3,1,2
SF,IC2003,2020-01-03 10:09:45.400,5357.2000,54021,-1,3137844640.000,1,0,1,双平,S,5356.6000,5355.0000,5352.8000,5352.0000,5350.8000,5357.2000,5357.6000,5357.8000,5358.6000,5359.2000,1,3,2,5,1,3,1,1,3,2
SF,IC2003,2020-01-03 10:09:45.900,5357.2000,54021,0,3137844640.000,0,-,-,-,-,5355.0000,5352.8000,5352.0000,5350.8000,5350.0000,5357.0000,5357.2000,5357.6000,5357.8000,5358.6000,3,2,5,1,2,1,3,1,1,3
SF,IC2003,2020-01-03 10:09:46.400,5357.2000,54021,0,3137844640.000,0,-,-,-,-,5355.6000,5355.2000,5355.0000,5352.8000,5352.0000,5357.0000,5357.2000,5357.6000,5357.8000,5358.6000,1,2,3,2,5,1,3,1,1,3
SF,IC2003,2020-01-03 10:09:46.900,5357.2000,54021,0,3137844640.000,0,-,-,-,-,5355.6000,5355.0000,5352.8000,5352.0000,5350.8000,5357.2000,5357.6000,5357.8000,5358.6000,5359.2000,1,3,2,5,1,3,1,1,1,2
SF,IC2003,2020-01-03 10:09:47.400,5357.2000,54020,-1,3138916080.000,1,0,1,双平,S,5355.6000,5355.0000,5352.8000,5352.0000,5350.8000,5357.2000,5357.6000,5357.8000,5358.6000,5359.2000,1,3,2,5,1,2,1,1,1,4
SF,IC2003,2020-01-03 10:09:47.900,5357.2000,54020,0,3138916080.000,0,-,-,-,-,5355.6000,5355.0000,5352.8000,5352.0000,5350.8000,5357.2000,5357.6000,5358.6000,5359.2000,5359.6000,1,3,2,5,1,2,1,1,4,1
SF,IC2003,2020-01-03 10:09:51.400,5357.2000,54020,0,3138916080.000,0,-,-,-,-,5356.0000,5355.6000,5355.0000,5352.8000,5352.0000,5357.2000,5357.6000,5358.6000,5359.2000,5359.6000,1,1,3,2,5,2,1,1,4,1
SF,IC2003,2020-01-03 10:09:51.900,5357.2000,54020,0,3138916080.000,0,-,-,-,-,5356.2000,5355.6000,5355.0000,5352.8000,5352.0000,5357.6000,5358.6000,5359.2000,5359.6000,5359.8000,1,1,3,2,5,1,1,4,1,5
SF,IC2003,2020-01-03 10:09:52.400,5357.2000,54020,0,3138916080.000,0,-,-,-,-,5355.0000,5352.8000,5352.0000,5350.8000,5350.0000,5357.6000,5358.6000,5359.2000,5359.6000,5359.8000,3,2,5,1,2,1,1,4,1,5
SF,IC2003,2020-01-03 10:09:52.900,5357.2000,54020,0,3138916080.000,0,-,-,-,-,5356.6000,5356.0000,5355.6000,5355.4000,5355.2000,5357.6000,5358.6000,5359.2000,5359.6000,5359.8000,1,1,1,5,1,1,1,4,1,5
SF,IC2003,2020-01-03 10:09:53.400,5357.2000,54020,0,3138916080.000,0,-,-,-,-,5356.0000,5355.6000,5355.4000,5355.0000,5352.8000,5358.0000,5358.6000,5359.2000,5359.6000,5359.8000,1,1,2,1,2,1,1,4,1,5
SF,IC2003,2020-01-03 10:09:53.900,5357.2000,54020,0,3138916080.000,0,-,-,-,-,5356.6000,5356.4000,5356.2000,5356.0000,5355.6000,5357.8000,5358.0000,5358.6000,5359.2000,5359.6000,1,2,2,1,1,1,1,1,4,1
SF,IC2003,2020-01-03 10:09:54.400,5357.2000,54020,0,3138916080.000,0,-,-,-,-,5356.8000,5355.6000,5355.4000,5355.0000,5352.8000,5358.0000,5358.6000,5359.2000,5359.6000,5359.8000,1,1,2,1,2,1,1,4,1,5
SF,IC2003,2020-01-03 10:09:54.900,5357.2000,54020,0,3138916080.000,0,-,-,-,-,5355.6000,5355.4000,5355.0000,5352.8000,5352.0000,5358.0000,5358.6000,5359.2000,5359.6000,5359.8000,1,2,1,2,5,1,1,4,1,5
SF,IC2003,2020-01-03 10:09:55.400,5357.2000,54020,0,3138916080.000,0,-,-,-,-,5356.2000,5356.0000,5355.8000,5355.6000,5355.4000,5357.8000,5358.0000,5358.6000,5359.2000,5359.6000,1,3,1,1,1,1,3,1,4,1
SF,IC2003,2020-01-03 10:09:55.900,5357.2000,54020,0,3138916080.000,0,-,-,-,-,5357.2000,5356.2000,5355.8000,5355.6000,5355.0000,5357.8000,5358.0000,5358.6000,5359.2000,5359.6000,2,1,1,1,1,1,2,1,4,1
SF,IC2003,2020-01-03 10:09:56.400,5357.2000,54020,0,3138916080.000,0,-,-,-,-,5357.2000,5356.2000,5355.8000,5355.6000,5355.0000,5357.8000,5358.0000,5358.6000,5359.2000,5359.6000,3,1,1,1,1,1,2,1,4,1
SF,IC2003,2020-01-03 10:09:56.900,5357.2000,54020,0,3138916080.000,0,-,-,-,-,5357.2000,5355.6000,5355.0000,5352.8000,5352.0000,5357.8000,5358.0000,5358.6000,5359.2000,5359.6000,3,1,1,2,5,1,2,1,4,1
SF,IC2003,2020-01-03 10:09:57.400,5357.2000,54020,0,3139987520.000,1,0,1,多换,S,5357.2000,5355.6000,5355.0000,5352.8000,5352.0000,5357.8000,5358.0000,5358.6000,5359.2000,5359.6000,3,1,1,2,5,1,2,1,4,1
SF,IC2003,2020-01-03 10:09:57.900,5357.2000,54020,0,3139987520.000,0,-,-,-,-,5357.2000,5355.6000,5355.0000,5352.8000,5352.0000,5357.8000,5358.0000,5358.6000,5359.2000,5359.6000,3,1,1,2,5,1,2,1,4,1
SF,IC2003,2020-01-03 10:09:59.400,5357.2000,54020,0,3139987520.000,0,-,-,-,-,5357.2000,5355.6000,5355.0000,5352.8000,5352.0000,5357.8000,5358.0000,5358.6000,5359.2000,5359.6000,3,1,1,2,5,1,1,1,4,1
SF,IC2003,2020-01-03 10:09:59.900,5357.2000,54020,0,3139987520.000,0,-,-,-,-,5357.4000,5357.2000,5355.6000,5355.0000,5352.8000,5357.8000,5358.0000,5358.6000,5359.2000,5359.6000,2,5,1,1,2,1,1,1,4,1
SF,IC2003,2020-01-03 10:10:00.400,5357.2000,54020,0,3139987520.000,0,-,-,-,-,5357.4000,5357.2000,5355.6000,5355.0000,5352.8000,5358.0000,5358.6000,5359.2000,5359.6000,5359.8000,2,5,1,1,2,1,1,4,1,4
SF,IC2003,2020-01-03 10:10:00.900,5358.0000,54019,-1,3142130720.000,2,0,2,多平,S,5358.0000,5357.4000,5357.2000,5355.6000,5355.0000,5358.6000,5359.2000,5359.6000,5359.8000,5360.0000,1,2,5,1,1,1,4,1,4,10
SF,IC2003,2020-01-03 10:10:01.400,5358.0000,54019,0,3142130720.000,0,-,-,-,-,5358.0000,5357.4000,5357.2000,5355.6000,5355.0000,5358.6000,5359.2000,5359.6000,5359.8000,5360.0000,1,2,4,1,1,1,4,1,4,10
SF,IC2003,2020-01-03 10:10:01.900,5358.0000,54019,0,3143202320.000,1,0,1,多换,S,5357.4000,5357.2000,5355.6000,5355.0000,5352.8000,5358.0000,5358.6000,5359.2000,5359.6000,5359.8000,2,4,1,1,2,3,1,4,1,4
SF,IC2003,2020-01-03 10:10:02.400,5358.0000,54019,0,3146417120.000,3,1,2,多换,S,5358.0000,5357.8000,5357.6000,5357.4000,5357.2000,5358.6000,5359.2000,5359.6000,5359.8000,5360.0000,1,2,1,3,4,1,4,1,4,10
SF,IC2003,2020-01-03 10:10:02.900,5357.8000,54018,-1,3147488680.000,1,0,1,双平,S,5357.4000,5357.2000,5355.0000,5352.8000,5352.0000,5358.0000,5358.6000,5359.2000,5359.6000,5359.8000,2,4,1,2,5,1,1,4,1,4
SF,IC2003,2020-01-03 10:10:03.400,5357.8000,54018,0,3147488680.000,0,-,-,-,-,5357.4000,5357.2000,5355.0000,5352.8000,5352.0000,5358.0000,5358.6000,5359.2000,5359.6000,5359.8000,3,4,1,2,5,1,1,4,1,4
SF,IC2003,2020-01-03 10:10:03.900,5358.0000,54018,0,3148560280.000,1,0,1,多换,S,5357.4000,5357.2000,5355.0000,5352.8000,5352.0000,5358.6000,5359.2000,5359.6000,5359.8000,5360.0000,3,4,1,2,5,1,4,1,4,10
SF,IC2003,2020-01-03 10:10:04.900,5358.0000,54018,0,3148560280.000,0,-,-,-,-,5357.6000,5357.4000,5357.2000,5355.0000,5352.8000,5358.6000,5359.2000,5359.6000,5359.8000,5360.0000,2,3,4,1,2,1,4,1,4,10
SF,IC2003,2020-01-03 10:10:05.400,5358.6000,54017,-1,3149632000.000,1,0,1,双平,S,5357.6000,5357.4000,5357.2000,5355.0000,5352.8000,5359.2000,5359.6000,5359.8000,5360.0000,5360.4000,2,3,4,1,2,4,1,4,10,1
SF,IC2003,2020-01-03 10:10:05.900,5358.6000,54017,0,3149632000.000,0,-,-,-,-,5358.0000,5357.6000,5357.4000,5357.2000,5355.0000,5359.2000,5359.6000,5359.8000,5360.0000,5360.4000,1,1,3,4,1,4,1,4,10,1
SF,IC2003,2020-01-03 10:10:06.900,5358.6000,54017,0,3149632000.000,0,-,-,-,-,5358.0000,5357.6000,5357.4000,5357.2000,5355.0000,5359.2000,5359.6000,5359.8000,5360.0000,5360.4000,1,1,2,4,1,4,1,4,10,1
SF,IC2003,2020-01-03 10:10:07.400,5359.2000,54017,0,3150703840.000,1,0,1,多换,S,5358.0000,5357.6000,5357.2000,5355.0000,5352.8000,5359.2000,5359.6000,5359.8000,5360.0000,5360.4000,1,1,4,1,2,3,1,4,10,1
SF,IC2003,2020-01-03 10:10:07.900,5359.2000,54017,0,3150703840.000,0,-,-,-,-,5358.0000,5357.2000,5355.0000,5352.8000,5352.0000,5359.0000,5359.2000,5359.6000,5359.8000,5360.0000,2,4,1,2,5,1,3,1,4,10
SF,IC2003,2020-01-03 10:10:08.400,5359.0000,54016,-1,3151775640.000,1,0,1,双平,S,5359.0000,5358.0000,5357.2000,5355.0000,5352.8000,5359.2000,5359.6000,5359.8000,5360.0000,5360.4000,1,2,4,1,2,3,1,4,10,1
SF,IC2003,2020-01-03 10:10:08.900,5359.2000,54015,-1,3152847480.000,1,0,1,双平,S,5359.0000,5358.0000,5357.2000,5355.0000,5352.8000,5359.2000,5359.6000,5359.8000,5360.0000,5360.4000,1,1,4,1,2,2,1,4,10,1
SF,IC2003,2020-01-03 10:10:09.400,5359.2000,54015,0,3153919320.000,1,0,1,多换,S,5359.0000,5358.0000,5357.2000,5355.0000,5352.8000,5359.2000,5359.6000,5359.8000,5360.0000,5360.4000,2,1,4,1,2,1,1,4,10,1
SF,IC2003,2020-01-03 10:10:09.900,5359.2000,54015,0,3157134920.000,3,1,2,多换,S,5359.2000,5359.0000,5358.0000,5357.2000,5355.0000,5359.8000,5360.0000,5360.4000,5361.0000,5362.0000,1,3,1,4,1,4,10,1,1,2
SF,IC2003,2020-01-03 10:10:10.400,5359.2000,54015,0,3157134920.000,0,-,-,-,-,5359.2000,5359.0000,5358.0000,5357.2000,5355.0000,5359.8000,5360.0000,5360.4000,5361.0000,5362.0000,1,2,1,4,1,4,10,1,1,2
SF,IC2003,2020-01-03 10:10:10.900,5359.8000,54014,-1,3158206880.000,1,0,1,双平,S,5359.2000,5359.0000,5358.0000,5357.2000,5355.0000,5359.8000,5360.0000,5360.4000,5361.0000,5362.0000,1,2,1,4,1,3,10,1,1,2
SF,IC2003,2020-01-03 10:10:11.400,5360.0000,54016,2,3172142760.000,13,7,6,空开,S,5359.2000,5359.0000,5358.0000,5357.2000,5355.0000,5360.4000,5361.0000,5362.0000,5362.4000,5363.0000,1,1,1,2,1,1,1,2,1,4
SF,IC2003,2020-01-03 10:10:11.900,5359.2000,54015,-1,3175358880.000,3,1,2,多平,S,5359.0000,5358.0000,5357.2000,5357.0000,5355.0000,5362.0000,5362.4000,5363.0000,5364.0000,5364.4000,1,1,2,4,1,2,1,5,1,1
SF,IC2003,2020-01-03 10:10:12.400,5359.2000,54015,0,3175358880.000,0,-,-,-,-,5359.4000,5359.0000,5358.0000,5357.2000,5357.0000,5361.4000,5362.0000,5362.4000,5363.0000,5364.0000,1,1,1,2,4,1,2,1,5,1
SF,IC2003,2020-01-03 10:10:12.900,5359.2000,54015,0,3175358880.000,0,-,-,-,-,5359.6000,5359.4000,5359.0000,5358.0000,5357.2000,5360.8000,5361.4000,5362.0000,5362.4000,5363.0000,2,3,1,1,2,1,1,2,1,5
SF,IC2003,2020-01-03 10:10:13.400,5359.2000,54015,0,3175358880.000,0,-,-,-,-,5359.4000,5358.0000,5357.2000,5357.0000,5355.0000,5360.8000,5361.4000,5362.0000,5362.4000,5363.0000,1,1,2,4,1,1,1,2,1,5
SF,IC2003,2020-01-03 10:10:13.900,5359.2000,54015,0,3175358880.000,0,-,-,-,-,5359.4000,5358.0000,5357.2000,5357.0000,5355.0000,5360.8000,5361.4000,5362.0000,5362.4000,5363.0000,2,1,2,4,1,1,1,2,1,5
SF,IC2003,2020-01-03 10:10:14.900,5359.2000,54015,0,3175358880.000,0,-,-,-,-,5359.4000,5358.0000,5357.2000,5357.0000,5355.0000,5360.6000,5361.4000,5362.0000,5362.4000,5363.0000,2,1,2,4,1,1,1,2,1,5
SF,IC2003,2020-01-03 10:10:15.400,5360.6000,54016,1,3176431000.000,1,1,0,双开,S,5359.6000,5359.4000,5358.0000,5357.2000,5357.0000,5361.4000,5362.0000,5362.4000,5363.0000,5364.0000,1,2,1,2,4,1,2,1,5,1
SF,IC2003,2020-01-03 10:10:15.900,5360.6000,54016,0,3176431000.000,0,-,-,-,-,5360.0000,5359.8000,5359.6000,5359.4000,5358.0000,5362.0000,5362.4000,5363.0000,5364.0000,5364.4000,3,2,1,1,1,2,1,5,1,1
SF,IC2003,2020-01-03 10:10:16.400,5360.6000,54016,0,3176431000.000,0,-,-,-,-,5360.6000,5360.4000,5360.2000,5359.8000,5358.0000,5362.0000,5362.4000,5363.0000,5364.0000,5364.4000,1,2,4,1,1,2,1,5,1,1
SF,IC2003,2020-01-03 10:10:16.900,5360.6000,54016,0,3176431000.000,0,-,-,-,-,5360.6000,5360.4000,5358.0000,5357.2000,5357.0000,5362.0000,5362.4000,5363.0000,5364.0000,5364.4000,3,2,1,1,4,2,1,5,1,1
SF,IC2003,2020-01-03 10:10:17.400,5360.6000,54016,0,3176431000.000,0,-,-,-,-,5360.6000,5360.4000,5358.0000,5357.2000,5357.0000,5362.0000,5362.4000,5363.0000,5364.0000,5364.4000,4,2,1,1,4,2,1,5,1,1
SF,IC2003,2020-01-03 10:10:17.900,5362.0000,54018,2,3178575800.000,2,2,0,双开,S,5360.8000,5360.6000,5360.4000,5359.2000,5358.0000,5362.4000,5363.0000,5364.0000,5364.4000,5365.0000,1,3,2,2,1,1,5,1,1,10
SF,IC2003,2020-01-03 10:10:18.400,5362.0000,54018,0,3178575800.000,0,-,-,-,-,5361.4000,5361.0000,5360.8000,5360.6000,5360.4000,5362.4000,5363.0000,5364.0000,5364.4000,5365.0000,1,1,1,3,1,1,5,1,1,10
SF,IC2003,2020-01-03 10:10:18.900,5362.4000,54017,-1,3179648280.000,1,0,1,双平,S,5361.6000,5361.4000,5360.8000,5360.6000,5359.2000,5363.0000,5364.0000,5364.4000,5365.0000,5365.4000,1,1,1,1,2,5,1,1,10,1
SF,IC2003,2020-01-03 10:10:19.400,5362.2000,54016,-1,3182865760.000,3,1,2,多平,S,5362.0000,5361.8000,5361.6000,5361.4000,5360.8000,5363.0000,5364.0000,5364.4000,5365.0000,5365.4000,1,1,2,1,1,5,1,1,10,1
SF,IC2003,2020-01-03 10:10:19.900,5362.2000,54016,0,3182865760.000,0,-,-,-,-,5362.0000,5361.8000,5361.6000,5361.4000,5360.8000,5363.0000,5364.0000,5364.4000,5365.0000,5365.4000,1,1,2,1,1,5,1,1,10,1
SF,IC2003,2020-01-03 10:10:20.400,5362.2000,54016,0,3182865760.000,0,-,-,-,-,5362.0000,5361.8000,5361.6000,5361.4000,5360.8000,5363.0000,5364.0000,5364.4000,5365.0000,5365.4000,1,1,2,1,1,5,1,1,10,1
SF,IC2003,2020-01-03 10:10:20.900,5362.2000,54016,0,3182865760.000,0,-,-,-,-,5362.0000,5361.8000,5361.6000,5361.4000,5359.2000,5363.0000,5364.0000,5364.4000,5365.0000,5365.4000,1,1,2,1,2,5,1,1,10,1
SF,IC2003,2020-01-03 10:10:21.400,5362.2000,54016,0,3182865760.000,0,-,-,-,-,5362.0000,5361.6000,5361.4000,5359.2000,5357.2000,5363.0000,5364.0000,5364.4000,5365.0000,5365.4000,1,2,1,2,1,5,1,1,10,1
SF,IC2003,2020-01-03 10:10:21.900,5362.0000,54016,0,3183938160.000,1,0,1,多换,S,5361.6000,5361.4000,5359.2000,5357.2000,5357.0000,5363.0000,5364.0000,5364.4000,5365.0000,5365.4000,2,1,2,1,4,5,1,1,10,1
SF,IC2003,2020-01-03 10:10:22.400,5362.0000,54016,0,3183938160.000,0,-,-,-,-,5361.6000,5361.4000,5359.2000,5357.2000,5357.0000,5363.0000,5364.0000,5364.4000,5365.0000,5365.4000,1,1,2,1,4,5,1,1,10,1
SF,IC2003,2020-01-03 10:10:22.900,5362.0000,54016,0,3183938160.000,0,-,-,-,-,5361.6000,5361.4000,5359.6000,5359.2000,5357.2000,5363.0000,5364.0000,5364.4000,5365.0000,5365.4000,1,1,2,2,1,5,1,1,12,1
SF,IC2003,2020-01-03 10:10:23.400,5362.0000,54016,0,3183938160.000,0,-,-,-,-,5361.6000,5361.4000,5359.6000,5359.2000,5357.2000,5362.8000,5363.0000,5364.0000,5364.4000,5365.0000,1,1,2,2,1,1,5,1,1,12
SF,IC2003,2020-01-03 10:10:23.900,5362.0000,54016,0,3183938160.000,0,-,-,-,-,5361.6000,5361.4000,5359.6000,5357.2000,5357.0000,5362.4000,5362.8000,5363.0000,5364.0000,5364.4000,1,1,2,1,4,1,1,5,1,1
SF,IC2003,2020-01-03 10:10:24.400,5362.0000,54016,0,3183938160.000,0,-,-,-,-,5361.8000,5361.6000,5361.4000,5359.6000,5357.0000,5362.4000,5362.6000,5362.8000,5363.0000,5364.0000,1,1,1,2,4,1,1,1,5,1
SF,IC2003,2020-01-03 10:10:24.900,5362.0000,54016,0,3183938160.000,0,-,-,-,-,5361.6000,5361.4000,5359.6000,5357.0000,5355.0000,5362.4000,5362.6000,5362.8000,5363.0000,5364.0000,1,1,2,4,2,1,1,1,6,1
SF,IC2003,2020-01-03 10:10:25.400,5361.6000,54016,0,3185010480.000,1,0,1,多换,S,5362.0000,5361.4000,5359.6000,5357.0000,5355.0000,5362.4000,5362.6000,5362.8000,5363.0000,5364.0000,1,1,2,4,2,1,1,1,6,1
SF,IC2003,2020-01-03 10:10:25.900,5362.0000,54016,0,3186082880.000,1,0,1,多换,S,5361.4000,5359.6000,5357.0000,5355.0000,5352.8000,5362.0000,5362.4000,5362.6000,5362.8000,5363.0000,1,2,4,2,2,4,2,1,1,6
SF,IC2003,2020-01-03 10:10:26.400,5361.4000,54016,0,3187155160.000,1,0,1,多换,S,5359.6000,5357.0000,5355.0000,5352.8000,5352.0000,5361.4000,5361.8000,5362.4000,5362.6000,5362.8000,2,4,2,2,5,5,1,1,1,1
SF,IC2003,2020-01-03 10:10:26.900,5361.4000,54016,0,3187155160.000,0,-,-,-,-,5360.0000,5359.8000,5359.6000,5357.0000,5355.0000,5361.2000,5361.4000,5362.0000,5362.4000,5362.6000,3,3,2,4,2,3,5,1,1,1
SF,IC2003,2020-01-03 10:10:27.400,5361.4000,54016,0,3187155160.000,0,-,-,-,-,5360.0000,5357.0000,5355.0000,5352.8000,5352.0000,5361.0000,5361.2000,5361.4000,5362.0000,5362.4000,1,4,2,2,5,2,1,5,1,1
SF,IC2003,2020-01-03 10:10:27.900,5361.4000,54016,0,3188227440.000,1,0,1,多换,S,5357.0000,5355.0000,5352.8000,5352.0000,5350.8000,5360.8000,5361.0000,5361.4000,5362.0000,5362.4000,4,2,2,5,1,1,2,5,1,2
SF,IC2003,2020-01-03 10:10:28.400,5359.0000,54016,0,3189299240.000,1,0,1,多换,S,5358.8000,5358.6000,5358.4000,5358.0000,5357.6000,5360.6000,5360.8000,5361.0000,5361.4000,5362.0000,2,2,2,1,3,1,1,2,5,1
SF,IC2003,2020-01-03 10:10:28.900,5359.0000,54016,0,3189299240.000,0,-,-,-,-,5359.2000,5359.0000,5358.4000,5358.0000,5357.6000,5360.4000,5361.0000,5361.4000,5362.0000,5362.4000,3,1,2,1,1,1,2,5,1,2
SF,IC2003,2020-01-03 10:10:29.400,5359.0000,54016,0,3189299240.000,0,-,-,-,-,5359.4000,5359.2000,5357.6000,5357.4000,5357.2000,5360.8000,5361.4000,5362.0000,5362.4000,5363.0000,2,1,1,1,1,1,5,1,2,6
SF,IC2003,2020-01-03 10:10:29.900,5361.2000,54017,1,3190371480.000,1,1,0,双开,S,5359.4000,5359.2000,5357.6000,5357.4000,5357.2000,5361.4000,5362.0000,5362.4000,5363.0000,5364.0000,2,1,1,1,1,5,1,2,6,1
SF,IC2003,2020-01-03 10:10:30.400,5361.2000,54017,0,3190371480.000,0,-,-,-,-,5359.6000,5359.4000,5359.2000,5357.6000,5357.4000,5361.0000,5361.2000,5361.4000,5362.0000,5362.4000,2,2,1,1,1,1,1,5,1,2
SF,IC2003,2020-01-03 10:10:30.900,5361.2000,54017,0,3190371480.000,0,-,-,-,-,5360.4000,5359.4000,5359.2000,5357.6000,5357.4000,5361.0000,5361.2000,5361.4000,5362.0000,5362.4000,2,2,1,1,1,1,1,5,1,2
SF,IC2003,2020-01-03 10:10:31.400,5360.4000,54017,0,3192515640.000,2,1,1,多换,S,5359.4000,5359.2000,5357.6000,5357.2000,5357.0000,5360.4000,5360.8000,5361.2000,5361.4000,5362.0000,2,1,1,1,4,1,1,1,1,1
SF,IC2003,2020-01-03 10:10:31.900,5360.4000,54017,0,3192515640.000,0,-,-,-,-,5359.4000,5359.2000,5357.6000,5357.2000,5357.0000,5360.8000,5361.4000,5362.0000,5362.4000,5363.0000,1,1,1,1,4,1,1,1,2,6
SF,IC2003,2020-01-03 10:10:32.400,5360.4000,54017,0,3192515640.000,0,-,-,-,-,5359.2000,5357.6000,5357.2000,5357.0000,5355.0000,5360.8000,5361.4000,5362.0000,5362.4000,5363.0000,1,1,1,4,1,1,1,1,2,6
SF,IC2003,2020-01-03 10:10:32.900,5360.4000,54017,0,3192515640.000,0,-,-,-,-,5359.4000,5359.2000,5357.6000,5357.2000,5357.0000,5360.4000,5360.8000,5361.4000,5362.0000,5362.4000,1,3,1,1,4,1,1,1,1,2
SF,IC2003,2020-01-03 10:10:33.400,5360.8000,54015,-2,3194659880.000,2,0,2,双平,S,5360.4000,5359.6000,5359.2000,5357.6000,5357.2000,5361.4000,5362.0000,5362.4000,5363.0000,5364.0000,4,1,3,1,1,1,1,2,6,1
SF,IC2003,2020-01-03 10:10:34.400,5360.8000,54015,0,3194659880.000,0,-,-,-,-,5361.4000,5360.4000,5359.6000,5359.2000,5357.6000,5362.0000,5362.4000,5363.0000,5364.0000,5364.4000,2,4,1,2,1,1,2,6,1,1
SF,IC2003,2020-01-03 10:10:34.900,5361.4000,54015,0,3195732160.000,1,0,1,多换,S,5361.4000,5360.4000,5359.6000,5359.2000,5357.6000,5361.8000,5362.0000,5362.4000,5363.0000,5364.0000,1,4,1,2,1,1,1,2,6,1
SF,IC2003,2020-01-03 10:10:35.400,5361.4000,54014,-1,3196804440.000,1,0,1,双平,S,5360.4000,5359.6000,5359.2000,5357.6000,5357.2000,5361.4000,5361.8000,5362.0000,5362.4000,5363.0000,4,1,2,1,1,1,1,1,2,6
SF,IC2003,2020-01-03 10:10:35.900,5361.4000,54014,0,3196804440.000,0,-,-,-,-,5360.6000,5360.4000,5359.2000,5357.6000,5357.2000,5361.2000,5361.4000,5362.0000,5362.4000,5363.0000,1,4,1,1,1,1,1,1,2,6
SF,IC2003,2020-01-03 10:10:36.400,5361.4000,54014,0,3198948960.000,2,1,1,多换,S,5361.2000,5360.8000,5360.6000,5359.2000,5357.6000,5362.0000,5362.4000,5363.0000,5364.0000,5364.4000,2,1,1,1,1,1,2,6,1,1
SF,IC2003,2020-01-03 10:10:36.900,5361.4000,54014,0,3198948960.000,0,-,-,-,-,5361.2000,5360.8000,5360.6000,5359.2000,5357.6000,5362.0000,5362.4000,5363.0000,5364.0000,5364.4000,2,2,1,1,1,1,2,6,1,1
SF,IC2003,2020-01-03 10:10:37.400,5361.4000,54014,0,3198948960.000,0,-,-,-,-,5361.4000,5361.2000,5360.8000,5360.6000,5357.6000,5362.0000,5362.4000,5363.0000,5364.0000,5364.4000,1,2,2,1,1,1,2,6,1,1
SF,IC2003,2020-01-03 10:10:37.900,5361.4000,54014,0,3198948960.000,0,-,-,-,-,5361.4000,5361.2000,5360.8000,5360.6000,5357.6000,5362.0000,5362.4000,5363.0000,5364.0000,5364.4000,2,2,3,1,1,1,2,6,1,1
SF,IC2003,2020-01-03 10:10:38.400,5362.4000,54013,-1,3201093840.000,2,0,2,多平,S,5361.4000,5361.2000,5360.8000,5360.6000,5357.6000,5362.4000,5363.0000,5364.0000,5364.4000,5364.8000,2,2,3,1,1,1,6,1,1,1
SF,IC2003,2020-01-03 10:10:38.900,5362.4000,54013,0,3202166320.000,1,0,1,多换,S,5361.6000,5361.4000,5361.2000,5360.8000,5360.6000,5363.0000,5364.0000,5364.4000,5364.8000,5365.0000,1,2,2,3,1,6,1,1,1,12
SF,IC2003,2020-01-03 10:10:39.400,5361.6000,54012,-1,3204310960.000,2,0,2,多平,S,5361.6000,5361.4000,5361.2000,5360.8000,5360.6000,5363.0000,5364.0000,5364.4000,5364.8000,5365.0000,1,2,2,3,1,6,1,1,1,12
SF,IC2003,2020-01-03 10:10:39.900,5361.6000,54012,0,3204310960.000,0,-,-,-,-,5361.6000,5361.4000,5361.2000,5360.8000,5360.6000,5363.0000,5364.0000,5364.4000,5364.8000,5365.0000,1,2,2,3,1,6,1,1,1,12
SF,IC2003,2020-01-03 10:10:40.400,5361.6000,54012,0,3204310960.000,0,-,-,-,-,5361.8000,5361.6000,5361.4000,5361.2000,5360.8000,5363.0000,5364.0000,5364.4000,5364.8000,5365.0000,1,1,1,2,3,6,1,1,1,12
SF,IC2003,2020-01-03 10:10:40.900,5362.2000,54011,-1,3206456000.000,2,0,2,多平,S,5361.8000,5361.6000,5361.2000,5360.8000,5360.6000,5363.0000,5364.0000,5364.4000,5364.8000,5365.0000,1,1,2,3,1,5,1,1,1,12
SF,IC2003,2020-01-03 10:10:42.400,5362.2000,54011,0,3206456000.000,0,-,-,-,-,5361.8000,5361.2000,5360.8000,5360.6000,5357.6000,5363.0000,5364.0000,5364.4000,5364.8000,5365.0000,1,2,3,1,1,5,1,1,1,12
SF,IC2003,2020-01-03 10:10:42.900,5362.2000,54011,0,3206456000.000,0,-,-,-,-,5361.8000,5360.8000,5360.6000,5357.6000,5357.0000,5363.0000,5364.0000,5364.4000,5364.8000,5365.0000,1,3,1,1,4,5,1,1,1,12
SF,IC2003,2020-01-03 10:10:43.400,5363.0000,54011,0,3207528600.000,1,0,1,多换,S,5361.8000,5360.8000,5360.6000,5357.6000,5357.0000,5363.0000,5364.0000,5364.4000,5364.8000,5365.0000,1,3,1,1,4,4,1,1,1,12
SF,IC2003,2020-01-03 10:10:43.900,5363.0000,54012,1,3208601200.000,1,1,0,双开,S,5361.8000,5360.8000,5360.6000,5357.6000,5357.0000,5363.0000,5364.0000,5364.4000,5364.8000,5365.0000,2,3,1,1,4,3,1,1,1,12
SF,IC2003,2020-01-03 10:10:44.400,5362.0000,54012,0,3209673600.000,1,0,1,多换,S,5361.8000,5360.8000,5360.6000,5357.6000,5357.0000,5362.8000,5363.0000,5364.0000,5364.4000,5364.8000,2,3,1,1,4,1,3,1,1,1
SF,IC2003,2020-01-03 10:10:44.900,5362.0000,54012,0,3209673600.000,0,-,-,-,-,5361.8000,5360.8000,5360.6000,5357.6000,5357.0000,5362.8000,5363.0000,5364.0000,5364.4000,5364.8000,2,3,1,1,4,1,3,1,1,1
SF,IC2003,2020-01-03 10:10:45.400,5362.0000,54012,0,3209673600.000,0,-,-,-,-,5362.0000,5361.8000,5360.8000,5357.6000,5357.0000,5362.8000,5363.0000,5364.0000,5364.4000,5364.8000,1,2,3,1,4,1,3,1,1,1
SF,IC2003,2020-01-03 10:10:45.900,5362.8000,54012,0,3210746160.000,1,0,1,多换,S,5362.0000,5361.8000,5360.8000,5357.6000,5357.0000,5363.0000,5364.0000,5364.4000,5364.8000,5365.0000,1,2,3,1,4,3,1,1,1,12
SF,IC2003,2020-01-03 10:10:46.400,5362.8000,54012,0,3210746160.000,0,-,-,-,-,5361.8000,5360.8000,5357.6000,5357.0000,5356.2000,5362.8000,5363.0000,5364.0000,5364.4000,5364.8000,2,3,1,4,2,1,2,1,1,1
SF,IC2003,2020-01-03 10:10:46.900,5362.8000,54012,0,3211818720.000,1,0,1,多换,S,5362.0000,5361.8000,5360.8000,5357.6000,5357.0000,5363.0000,5364.0000,5364.4000,5364.8000,5365.0000,2,2,3,1,4,2,1,1,1,13
SF,IC2003,2020-01-03 10:10:47.400,5363.0000,54012,0,3213963920.000,2,1,1,多换,S,5362.0000,5361.8000,5360.8000,5357.6000,5357.0000,5364.0000,5364.4000,5364.8000,5365.0000,5365.4000,2,2,3,1,4,1,1,1,13,2
SF,IC2003,2020-01-03 10:10:47.900,5362.2000,54011,-1,3215036360.000,1,0,1,双平,S,5362.2000,5362.0000,5361.8000,5360.8000,5360.2000,5364.0000,5364.4000,5364.8000,5365.0000,5365.4000,1,3,1,3,1,1,1,1,13,2
SF,IC2003,2020-01-03 10:10:48.400,5362.2000,54012,1,3216108800.000,1,1,0,双开,S,5362.6000,5362.0000,5361.8000,5360.8000,5360.2000,5364.0000,5364.4000,5364.8000,5365.0000,5365.4000,2,3,1,3,1,1,1,1,13,2
SF,IC2003,2020-01-03 10:10:48.900,5362.2000,54012,0,3216108800.000,0,-,-,-,-,5362.6000,5362.4000,5362.0000,5361.8000,5360.8000,5364.0000,5364.4000,5364.8000,5365.0000,5365.4000,1,1,4,1,3,1,1,1,13,2
SF,IC2003,2020-01-03 10:10:49.900,5362.2000,54012,0,3216108800.000,0,-,-,-,-,5362.8000,5362.6000,5362.0000,5361.8000,5360.8000,5364.0000,5364.4000,5364.8000,5365.0000,5365.4000,1,1,4,1,3,1,1,1,13,2
SF,IC2003,2020-01-03 10:10:50.900,5362.2000,54012,0,3217181240.000,1,0,1,多换,S,5362.6000,5362.0000,5361.8000,5360.8000,5360.2000,5364.0000,5364.4000,5364.8000,5365.0000,5365.4000,1,4,1,3,1,1,1,1,13,2
SF,IC2003,2020-01-03 10:10:54.900,5362.2000,54012,0,3217181240.000,0,-,-,-,-,5362.6000,5362.0000,5361.8000,5360.8000,5360.2000,5364.0000,5364.4000,5364.8000,5365.0000,5365.4000,1,4,1,2,1,1,1,1,13,2
SF,IC2003,2020-01-03 10:10:55.400,5364.0000,54009,-3,3220399360.000,3,0,3,双平,S,5364.0000,5362.8000,5362.6000,5362.0000,5361.8000,5364.2000,5364.4000,5364.8000,5365.0000,5365.4000,2,1,1,4,1,1,1,1,13,2
SF,IC2003,2020-01-03 10:10:55.900,5363.6000,54006,-3,3224690240.000,4,0,4,多平,S,5362.0000,5361.8000,5360.8000,5360.2000,5357.6000,5363.6000,5363.8000,5364.0000,5364.2000,5364.4000,4,1,2,1,1,5,6,13,1,1
SF,IC2003,2020-01-03 10:10:56.400,5363.6000,54006,0,3224690240.000,0,-,-,-,-,5362.0000,5361.8000,5360.8000,5360.2000,5357.6000,5363.4000,5363.8000,5364.0000,5364.2000,5364.4000,2,1,2,1,1,2,2,13,1,1
SF,IC2003,2020-01-03 10:10:56.900,5363.6000,54006,0,3224690240.000,0,-,-,-,-,5362.0000,5361.8000,5360.8000,5360.2000,5357.6000,5363.2000,5363.4000,5363.8000,5364.0000,5364.2000,2,1,2,1,1,1,2,1,13,1
SF,IC2003,2020-01-03 10:10:57.400,5363.6000,54006,0,3224690240.000,0,-,-,-,-,5362.0000,5361.8000,5360.8000,5360.2000,5357.6000,5363.0000,5363.4000,5363.8000,5364.0000,5364.2000,2,1,2,1,1,1,2,1,13,1
SF,IC2003,2020-01-03 10:10:57.900,5362.2000,54005,-1,3225762680.000,1,0,1,双平,S,5362.0000,5361.8000,5360.8000,5360.2000,5357.6000,5362.8000,5364.0000,5364.2000,5364.4000,5364.8000,3,1,2,1,1,1,13,1,1,1
SF,IC2003,2020-01-03 10:10:58.400,5362.8000,54005,0,3226835240.000,1,0,1,多换,S,5362.2000,5362.0000,5361.8000,5360.8000,5360.2000,5364.0000,5364.2000,5364.4000,5364.8000,5365.0000,2,3,1,2,1,13,1,1,1,13
SF,IC2003,2020-01-03 10:10:58.900,5362.8000,54005,0,3226835240.000,0,-,-,-,-,5362.6000,5362.2000,5362.0000,5361.8000,5360.8000,5364.0000,5364.2000,5364.4000,5364.8000,5365.0000,1,2,3,1,2,13,1,1,1,13
SF,IC2003,2020-01-03 10:10:59.400,5364.0000,54004,-1,3227908040.000,1,0,1,双平,S,5362.2000,5362.0000,5361.8000,5360.8000,5360.2000,5364.0000,5364.2000,5364.4000,5364.8000,5365.0000,2,3,1,2,1,12,1,1,1,13
SF,IC2003,2020-01-03 10:10:59.900,5364.0000,54004,0,3227908040.000,0,-,-,-,-,5362.6000,5362.4000,5362.0000,5361.8000,5360.8000,5364.0000,5364.2000,5364.4000,5364.8000,5365.0000,1,1,3,1,2,10,1,1,1,13
SF,IC2003,2020-01-03 10:11:00.400,5364.0000,54004,0,3227908040.000,0,-,-,-,-,5362.8000,5362.4000,5362.0000,5361.8000,5360.8000,5364.0000,5364.2000,5364.4000,5364.8000,5365.0000,1,2,3,1,2,10,1,1,1,13
SF,IC2003,2020-01-03 10:11:00.900,5364.0000,54004,0,3227908040.000,0,-,-,-,-,5362.8000,5362.4000,5362.0000,5361.8000,5360.8000,5364.0000,5364.2000,5364.4000,5364.8000,5365.0000,1,2,3,1,2,8,1,1,1,13
SF,IC2003,2020-01-03 10:11:01.400,5364.0000,54004,0,3227908040.000,0,-,-,-,-,5362.8000,5362.4000,5362.0000,5361.8000,5360.8000,5364.0000,5364.2000,5364.4000,5364.8000,5365.0000,1,2,3,1,2,3,1,1,1,13
SF,IC2003,2020-01-03 10:11:01.900,5363.0000,54003,-1,3228980640.000,1,0,1,双平,S,5363.0000,5362.8000,5362.0000,5361.8000,5360.8000,5364.0000,5364.2000,5364.4000,5364.8000,5365.0000,2,3,3,1,2,3,1,1,1,13
SF,IC2003,2020-01-03 10:11:02.400,5363.0000,54003,0,3228980640.000,0,-,-,-,-,5363.0000,5362.8000,5362.0000,5361.8000,5360.8000,5364.0000,5364.2000,5364.4000,5364.8000,5365.0000,2,3,3,1,2,1,1,1,1,13
SF,IC2003,2020-01-03 10:11:02.900,5364.0000,54004,1,3230053440.000,1,1,0,双开,S,5363.2000,5363.0000,5362.8000,5362.0000,5361.8000,5364.2000,5364.4000,5364.8000,5365.0000,5365.4000,1,1,3,3,1,1,1,1,13,2
SF,IC2003,2020-01-03 10:11:03.400,5364.0000,54004,0,3230053440.000,0,-,-,-,-,5363.2000,5363.0000,5362.8000,5362.0000,5361.8000,5364.2000,5364.4000,5364.8000,5365.0000,5365.4000,1,1,2,3,1,1,1,1,11,2
SF,IC2003,2020-01-03 10:11:03.900,5364.0000,54004,0,3230053440.000,0,-,-,-,-,5364.0000,5363.2000,5363.0000,5362.8000,5362.0000,5364.2000,5364.4000,5364.8000,5365.0000,5365.4000,1,1,1,2,3,1,1,1,11,2
SF,IC2003,2020-01-03 10:11:04.400,5364.0000,54004,0,3231126240.000,1,0,1,多换,S,5363.2000,5362.8000,5362.0000,5361.8000,5360.8000,5363.8000,5364.0000,5364.2000,5364.4000,5364.8000,1,1,3,1,2,1,4,1,1,1
SF,IC2003,2020-01-03 10:11:04.900,5364.0000,54004,0,3231126240.000,0,-,-,-,-,5362.8000,5362.0000,5361.8000,5360.8000,5360.2000,5363.2000,5363.8000,5364.2000,5364.4000,5364.8000,1,3,1,2,1,3,1,1,1,1
SF,IC2003,2020-01-03 10:11:05.400,5364.0000,54004,0,3231126240.000,0,-,-,-,-,5362.8000,5362.0000,5361.8000,5360.8000,5360.2000,5363.0000,5363.2000,5364.2000,5364.4000,5364.8000,1,3,1,2,1,1,3,1,1,1
SF,IC2003,2020-01-03 10:11:05.900,5363.0000,54003,-1,3232198840.000,1,0,1,双平,S,5362.8000,5362.0000,5361.8000,5360.8000,5360.2000,5363.2000,5364.2000,5364.4000,5364.8000,5365.0000,1,3,1,2,1,7,1,1,1,11
SF,IC2003,2020-01-03 10:11:06.400,5363.2000,54003,0,3234344120.000,2,1,1,多换,S,5362.8000,5362.0000,5361.8000,5361.2000,5360.8000,5363.2000,5364.2000,5364.4000,5364.8000,5365.0000,1,3,1,1,2,6,1,1,1,11
SF,IC2003,2020-01-03 10:11:06.900,5363.2000,54002,-1,3235416760.000,1,0,1,双平,S,5363.0000,5362.8000,5362.0000,5361.8000,5361.2000,5363.2000,5364.2000,5364.4000,5364.8000,5365.0000,1,1,3,1,1,3,1,1,1,11
SF,IC2003,2020-01-03 10:11:07.400,5363.2000,54001,-1,3236489400.000,1,0,1,双平,S,5363.0000,5362.8000,5362.0000,5361.8000,5360.8000,5363.2000,5364.2000,5364.4000,5364.8000,5365.0000,1,1,3,1,2,2,1,1,1,11
SF,IC2003,2020-01-03 10:11:07.900,5363.2000,53999,-2,3238634680.000,2,0,2,双平,S,5363.2000,5363.0000,5362.8000,5362.0000,5361.8000,5364.2000,5364.4000,5364.8000,5365.0000,5365.4000,2,1,1,3,1,1,1,1,11,2
SF,IC2003,2020-01-03 10:11:08.400,5363.2000,53999,0,3238634680.000,0,-,-,-,-,5363.2000,5363.0000,5362.8000,5362.0000,5361.8000,5364.2000,5364.4000,5364.8000,5365.0000,5365.4000,3,1,1,3,1,1,1,1,11,2
SF,IC2003,2020-01-03 10:11:08.900,5364.2000,53999,0,3239707520.000,1,0,1,多换,S,5363.2000,5363.0000,5362.0000,5361.8000,5360.8000,5364.4000,5364.8000,5365.0000,5365.4000,5365.6000,3,1,3,1,2,1,1,11,2,1
SF,IC2003,2020-01-03 10:11:09.400,5364.2000,53999,0,3239707520.000,0,-,-,-,-,5363.2000,5363.0000,5362.0000,5361.8000,5360.8000,5364.4000,5364.8000,5365.0000,5365.4000,5365.6000,2,1,3,1,2,1,1,11,2,1
SF,IC2003,2020-01-03 10:11:09.900,5364.2000,53999,0,3239707520.000,0,-,-,-,-,5363.2000,5363.0000,5362.0000,5361.8000,5360.8000,5364.4000,5364.8000,5365.0000,5365.4000,5365.6000,2,1,3,1,2,1,1,11,2,1
SF,IC2003,2020-01-03 10:11:10.900,5364.2000,53999,0,3239707520.000,0,-,-,-,-,5363.2000,5363.0000,5362.0000,5361.8000,5360.8000,5364.4000,5364.8000,5365.0000,5365.4000,5365.6000,1,1,3,1,2,1,1,11,2,1
SF,IC2003,2020-01-03 10:11:11.400,5364.4000,53999,0,3240780400.000,1,0,1,多换,S,5363.2000,5363.0000,5362.0000,5361.8000,5360.8000,5364.8000,5365.0000,5365.4000,5365.6000,5365.8000,1,1,3,1,2,1,11,2,1,4
SF,IC2003,2020-01-03 10:11:11.900,5364.4000,53999,0,3240780400.000,0,-,-,-,-,5363.2000,5363.0000,5362.0000,5361.8000,5360.8000,5364.4000,5364.8000,5365.0000,5365.4000,5365.6000,1,1,3,1,2,1,1,11,2,1
SF,IC2003,2020-01-03 10:11:12.400,5364.4000,53999,0,3240780400.000,0,-,-,-,-,5363.2000,5363.0000,5362.0000,5361.8000,5360.8000,5364.4000,5364.8000,5365.0000,5365.4000,5365.6000,2,1,3,1,2,1,1,11,2,1
SF,IC2003,2020-01-03 10:11:12.900,5364.4000,53999,0,3241853280.000,1,0,1,多换,S,5363.2000,5363.0000,5362.0000,5361.8000,5360.8000,5364.8000,5365.0000,5365.4000,5365.6000,5365.8000,2,1,3,1,2,1,11,2,1,4
SF,IC2003,2020-01-03 10:11:13.400,5364.4000,53999,0,3241853280.000,0,-,-,-,-,5363.2000,5362.0000,5361.8000,5360.8000,5360.2000,5364.4000,5364.6000,5364.8000,5365.0000,5365.4000,1,3,1,2,1,1,4,1,11,2
SF,IC2003,2020-01-03 10:11:13.900,5363.2000,53998,-1,3243998560.000,2,0,2,多平,S,5362.0000,5361.8000,5360.8000,5360.2000,5359.0000,5363.6000,5364.4000,5364.6000,5364.8000,5365.0000,3,1,2,1,1,2,3,3,1,11
SF,IC2003,2020-01-03 10:11:14.400,5363.4000,53998,0,3245071240.000,1,0,1,多换,S,5362.0000,5361.8000,5360.8000,5360.2000,5359.0000,5363.4000,5364.0000,5364.4000,5364.6000,5364.8000,3,1,2,1,1,1,1,1,1,1
SF,IC2003,2020-01-03 10:11:14.900,5364.0000,53998,0,3246144040.000,1,0,1,多换,S,5362.0000,5361.8000,5360.8000,5360.2000,5359.0000,5364.6000,5364.8000,5365.0000,5365.4000,5365.6000,3,1,2,1,1,1,1,11,2,1
SF,IC2003,2020-01-03 10:11:15.400,5362.4000,53999,1,3248289320.000,2,1,1,空开,S,5362.2000,5362.0000,5361.8000,5360.8000,5360.2000,5364.0000,5364.2000,5364.4000,5364.6000,5364.8000,1,3,1,2,1,1,1,1,1,1
SF,IC2003,2020-01-03 10:11:15.900,5362.4000,53999,0,3248289320.000,0,-,-,-,-,5362.6000,5362.2000,5362.0000,5361.8000,5360.8000,5364.0000,5364.4000,5364.6000,5364.8000,5365.0000,1,1,3,1,2,1,1,1,1,11
SF,IC2003,2020-01-03 10:11:16.400,5362.4000,53999,0,3248289320.000,0,-,-,-,-,5362.2000,5362.0000,5361.8000,5360.8000,5360.2000,5362.6000,5363.0000,5364.0000,5364.4000,5364.6000,1,3,1,2,1,1,4,1,1,1
SF,IC2003,2020-01-03 10:11:16.900,5362.2000,53999,0,3249361760.000,1,0,1,多换,S,5362.0000,5361.8000,5360.8000,5360.2000,5359.0000,5362.6000,5364.0000,5364.6000,5364.8000,5365.0000,3,1,2,1,1,1,1,1,1,12
SF,IC2003,2020-01-03 10:11:17.400,5362.0000,53998,-1,3250434160.000,1,0,1,双平,S,5362.0000,5361.8000,5360.8000,5360.2000,5359.0000,5362.6000,5364.0000,5364.2000,5364.6000,5364.8000,2,1,2,1,1,1,1,1,1,1
SF,IC2003,2020-01-03 10:11:17.900,5362.0000,53998,0,3250434160.000,0,-,-,-,-,5362.0000,5361.8000,5360.8000,5360.2000,5359.0000,5362.6000,5364.0000,5364.2000,5364.6000,5364.8000,2,1,2,1,1,1,1,1,1,1
SF,IC2003,2020-01-03 10:11:18.400,5362.6000,53999,1,3251506680.000,1,1,0,双开,S,5362.0000,5361.8000,5360.8000,5360.2000,5359.0000,5364.0000,5364.2000,5364.6000,5364.8000,5365.0000,2,1,2,1,1,1,1,1,1,13
SF,IC2003,2020-01-03 10:11:18.900,5362.6000,53999,0,3251506680.000,0,-,-,-,-,5362.0000,5361.8000,5360.8000,5360.2000,5359.0000,5362.8000,5363.4000,5363.6000,5363.8000,5364.0000,2,1,2,1,1,2,1,3,3,1
SF,IC2003,2020-01-03 10:11:19.400,5362.6000,53999,0,3251506680.000,0,-,-,-,-,5362.0000,5361.8000,5360.8000,5360.2000,5359.0000,5363.4000,5363.6000,5363.8000,5364.0000,5364.2000,2,1,2,1,1,1,3,2,1,1
SF,IC2003,2020-01-03 10:11:19.900,5362.6000,53999,0,3251506680.000,0,-,-,-,-,5362.0000,5361.8000,5360.8000,5360.2000,5359.0000,5363.4000,5363.6000,5363.8000,5364.2000,5364.8000,2,1,2,1,1,1,3,2,1,1
SF,IC2003,2020-01-03 10:11:20.400,5362.6000,53999,0,3251506680.000,0,-,-,-,-,5362.0000,5361.8000,5360.8000,5360.2000,5359.0000,5363.4000,5363.6000,5363.8000,5364.2000,5364.8000,2,1,2,1,1,1,2,2,1,1
SF,IC2003,2020-01-03 10:11:20.900,5362.6000,53999,0,3251506680.000,0,-,-,-,-,5362.0000,5361.8000,5360.8000,5360.2000,5359.0000,5363.8000,5364.2000,5364.8000,5365.0000,5365.4000,2,1,2,1,1,1,1,1,13,2
SF,IC2003,2020-01-03 10:11:21.400,5362.6000,53999,0,3251506680.000,0,-,-,-,-,5362.4000,5362.2000,5362.0000,5361.8000,5360.8000,5363.8000,5364.2000,5364.8000,5365.0000,5365.4000,1,1,2,1,2,1,1,1,13,2
SF,IC2003,2020-01-03 10:11:21.900,5362.6000,53999,0,3252579200.000,1,0,1,多换,S,5363.4000,5362.2000,5362.0000,5361.8000,5360.8000,5364.2000,5364.8000,5365.0000,5365.4000,5365.6000,2,2,2,1,2,1,1,13,2,1
SF,IC2003,2020-01-03 10:11:22.400,5363.4000,53999,0,3254724560.000,2,1,1,多换,S,5362.2000,5362.0000,5361.8000,5360.8000,5360.2000,5363.6000,5364.0000,5364.2000,5364.8000,5365.0000,2,2,1,2,1,4,1,1,1,13
SF,IC2003,2020-01-03 10:11:22.900,5363.4000,53999,0,3254724560.000,0,-,-,-,-,5362.4000,5362.2000,5362.0000,5361.8000,5360.8000,5364.0000,5364.2000,5364.8000,5365.0000,5365.4000,1,1,2,1,2,1,1,1,13,2
SF,IC2003,2020-01-03 10:11:23.900,5363.4000,53999,0,3254724560.000,0,-,-,-,-,5362.8000,5362.6000,5362.4000,5362.0000,5361.8000,5363.8000,5364.0000,5364.2000,5364.8000,5365.0000,1,1,1,2,1,1,1,1,1,13
SF,IC2003,2020-01-03 10:11:24.400,5362.8000,53997,-2,3257942680.000,3,0,3,多平,S,5362.6000,5362.4000,5362.0000,5361.8000,5360.8000,5364.2000,5364.8000,5365.0000,5365.4000,5365.6000,1,1,2,1,2,1,1,13,2,1
SF,IC2003,2020-01-03 10:11:24.900,5362.8000,53997,0,3257942680.000,0,-,-,-,-,5362.8000,5362.6000,5362.4000,5362.2000,5362.0000,5364.2000,5364.8000,5365.0000,5365.4000,5365.6000,1,2,1,1,2,1,1,13,2,1
SF,IC2003,2020-01-03 10:11:25.400,5362.8000,53997,0,3257942680.000,0,-,-,-,-,5362.8000,5362.6000,5362.4000,5362.2000,5362.0000,5364.2000,5364.6000,5364.8000,5365.0000,5365.4000,1,2,1,1,2,1,1,1,13,2
SF,IC2003,2020-01-03 10:11:25.900,5362.8000,53998,1,3260088080.000,2,1,1,空开,S,5362.6000,5362.4000,5362.2000,5362.0000,5361.8000,5364.6000,5364.8000,5365.0000,5365.4000,5365.6000,1,1,1,2,1,1,1,13,2,1
SF,IC2003,2020-01-03 10:11:26.400,5362.8000,53998,0,3260088080.000,0,-,-,-,-,5362.8000,5362.6000,5362.4000,5362.2000,5362.0000,5364.2000,5364.4000,5364.6000,5364.8000,5365.0000,3,2,1,1,2,1,2,1,1,13
SF,IC2003,2020-01-03 10:11:26.900,5362.8000,53998,0,3260088080.000,0,-,-,-,-,5362.8000,5362.6000,5362.4000,5362.2000,5362.0000,5364.6000,5364.8000,5365.0000,5365.4000,5365.6000,3,1,1,1,2,1,1,13,2,1
SF,IC2003,2020-01-03 10:11:27.400,5362.8000,53998,0,3260088080.000,0,-,-,-,-,5363.2000,5362.8000,5362.6000,5362.4000,5362.2000,5364.6000,5364.8000,5365.0000,5365.4000,5365.6000,1,2,1,1,1,1,1,14,2,1
SF,IC2003,2020-01-03 10:11:27.900,5362.8000,53998,0,3260088080.000,0,-,-,-,-,5363.0000,5362.8000,5362.4000,5362.2000,5362.0000,5364.6000,5364.8000,5365.0000,5365.4000,5365.6000,1,2,1,1,2,1,1,14,2,1
SF,IC2003,2020-01-03 10:11:29.400,5362.8000,53998,0,3260088080.000,0,-,-,-,-,5363.2000,5363.0000,5362.8000,5362.4000,5362.2000,5364.6000,5364.8000,5365.0000,5365.4000,5365.6000,1,1,2,1,1,1,1,14,2,1
SF,IC2003,2020-01-03 10:11:29.900,5362.8000,53998,0,3260088080.000,0,-,-,-,-,5362.8000,5362.2000,5362.0000,5361.8000,5360.8000,5364.6000,5364.8000,5365.0000,5365.4000,5365.6000,2,1,2,1,2,1,1,14,2,1
SF,IC2003,2020-01-03 10:11:30.400,5362.8000,53998,0,3260088080.000,0,-,-,-,-,5363.2000,5362.8000,5362.2000,5362.0000,5361.8000,5364.6000,5364.8000,5365.0000,5365.4000,5365.6000,1,2,1,2,1,1,1,14,2,1
SF,IC2003,2020-01-03 10:11:30.900,5362.8000,53998,0,3260088080.000,0,-,-,-,-,5363.4000,5362.8000,5362.2000,5362.0000,5361.8000,5364.6000,5364.8000,5365.0000,5365.4000,5365.6000,1,2,1,2,1,1,1,14,2,1
SF,IC2003,2020-01-03 10:11:31.900,5362.8000,53998,0,3260088080.000,0,-,-,-,-,5363.6000,5363.4000,5362.8000,5362.2000,5362.0000,5364.6000,5364.8000,5365.0000,5365.4000,5365.6000,1,1,2,1,2,1,1,14,2,1
SF,IC2003,2020-01-03 10:11:32.400,5363.4000,53998,0,3262233480.000,2,1,1,多换,S,5362.8000,5362.2000,5362.0000,5361.8000,5360.8000,5364.8000,5365.0000,5365.4000,5365.6000,5365.8000,2,1,2,1,2,1,14,2,1,3
SF,IC2003,2020-01-03 10:11:32.900,5363.4000,53998,0,3262233480.000,0,-,-,-,-,5363.0000,5362.8000,5362.2000,5362.0000,5361.8000,5364.8000,5365.0000,5365.4000,5365.6000,5365.8000,3,2,1,2,1,1,14,2,1,3
SF,IC2003,2020-01-03 10:11:33.400,5363.4000,53998,0,3262233480.000,0,-,-,-,-,5363.4000,5363.0000,5362.8000,5362.2000,5362.0000,5364.8000,5365.0000,5365.4000,5365.6000,5365.8000,1,1,2,1,2,1,14,2,1,3
SF,IC2003,2020-01-03 10:11:33.900,5363.4000,53998,0,3262233480.000,0,-,-,-,-,5363.0000,5362.8000,5362.2000,5362.0000,5361.8000,5364.8000,5365.0000,5365.4000,5365.6000,5365.8000,1,2,1,2,1,1,14,2,1,3
SF,IC2003,2020-01-03 10:11:34.400,5364.8000,53998,0,3263306440.000,1,0,1,多换,S,5363.4000,5363.2000,5363.0000,5362.8000,5362.2000,5365.0000,5365.4000,5365.6000,5365.8000,5366.0000,1,1,1,2,1,15,2,1,3,2
SF,IC2003,2020-01-03 10:11:34.900,5364.8000,53998,0,3263306440.000,0,-,-,-,-,5363.0000,5362.8000,5362.2000,5362.0000,5361.8000,5365.0000,5365.4000,5365.6000,5365.8000,5366.0000,1,2,1,2,1,15,2,1,3,2
SF,IC2003,2020-01-03 10:11:35.400,5364.8000,53998,0,3263306440.000,0,-,-,-,-,5363.2000,5363.0000,5362.8000,5362.2000,5362.0000,5365.0000,5365.4000,5365.6000,5365.8000,5366.0000,2,1,2,1,2,15,2,1,3,2
SF,IC2003,2020-01-03 10:11:35.900,5364.8000,53998,0,3263306440.000,0,-,-,-,-,5363.6000,5363.0000,5362.8000,5362.2000,5362.0000,5364.8000,5365.0000,5365.4000,5365.6000,5365.8000,1,1,2,1,2,1,15,2,1,3
SF,IC2003,2020-01-03 10:11:36.400,5364.8000,53998,0,3263306440.000,0,-,-,-,-,5363.0000,5362.8000,5362.2000,5362.0000,5361.8000,5364.6000,5364.8000,5365.0000,5365.4000,5365.6000,1,2,1,2,1,1,1,15,2,1
SF,IC2003,2020-01-03 10:11:36.900,5364.6000,53998,0,3264379360.000,1,0,1,多换,S,5363.2000,5363.0000,5362.8000,5362.2000,5362.0000,5364.6000,5364.8000,5365.0000,5365.4000,5365.6000,1,1,2,1,2,2,1,16,2,1
SF,IC2003,2020-01-03 10:11:37.400,5364.6000,53998,0,3264379360.000,0,-,-,-,-,5363.2000,5362.8000,5362.2000,5362.0000,5361.8000,5364.4000,5364.6000,5364.8000,5365.0000,5365.4000,1,2,1,2,1,1,2,1,16,2
SF,IC2003,2020-01-03 10:11:37.900,5364.6000,53998,0,3264379360.000,0,-,-,-,-,5363.2000,5362.8000,5362.2000,5362.0000,5361.8000,5364.2000,5364.4000,5364.8000,5365.0000,5365.4000,1,2,1,2,1,1,2,1,16,2
SF,IC2003,2020-01-03 10:11:38.400,5364.6000,53998,0,3264379360.000,0,-,-,-,-,5363.2000,5362.8000,5362.2000,5362.0000,5361.8000,5364.4000,5364.8000,5365.0000,5365.4000,5365.6000,1,2,1,2,1,2,1,16,2,1
SF,IC2003,2020-01-03 10:11:38.900,5364.6000,53998,0,3264379360.000,0,-,-,-,-,5363.2000,5362.8000,5362.2000,5362.0000,5361.8000,5364.4000,5364.8000,5365.0000,5365.4000,5365.6000,1,2,1,1,1,1,1,16,2,1
SF,IC2003,2020-01-03 10:11:39.400,5364.6000,53998,0,3264379360.000,0,-,-,-,-,5363.2000,5363.0000,5362.8000,5362.2000,5362.0000,5364.4000,5364.8000,5365.0000,5365.4000,5365.6000,1,1,2,1,1,1,1,16,2,1
SF,IC2003,2020-01-03 10:11:40.400,5364.4000,53998,0,3265452240.000,1,0,1,多换,S,5363.2000,5363.0000,5362.8000,5362.2000,5362.0000,5364.8000,5365.0000,5365.4000,5365.6000,5365.8000,1,1,2,1,1,1,16,2,1,3
SF,IC2003,2020-01-03 10:11:40.900,5364.4000,53998,0,3265452240.000,0,-,-,-,-,5363.2000,5363.0000,5362.8000,5362.2000,5362.0000,5363.8000,5364.8000,5365.0000,5365.4000,5365.6000,1,1,2,1,1,2,1,16,2,1
SF,IC2003,2020-01-03 10:11:41.400,5364.4000,53998,0,3265452240.000,0,-,-,-,-,5363.2000,5363.0000,5362.8000,5362.2000,5362.0000,5364.8000,5365.0000,5365.4000,5365.6000,5365.8000,1,1,2,1,1,1,16,2,1,3
SF,IC2003,2020-01-03 10:11:41.900,5364.4000,53998,0,3265452240.000,0,-,-,-,-,5363.2000,5363.0000,5362.8000,5362.2000,5362.0000,5363.6000,5364.4000,5364.6000,5364.8000,5365.0000,1,1,2,1,1,6,1,2,1,16
SF,IC2003,2020-01-03 10:11:42.400,5363.2000,53997,-1,3267597520.000,2,0,2,多平,S,5363.8000,5363.0000,5362.8000,5362.2000,5362.0000,5364.4000,5364.6000,5364.8000,5365.0000,5365.4000,4,1,2,1,1,1,1,1,16,2
SF,IC2003,2020-01-03 10:11:42.900,5363.0000,53997,0,3272961160.000,5,2,3,多换,S,5362.8000,5362.2000,5362.0000,5361.8000,5360.2000,5363.4000,5363.6000,5363.8000,5364.6000,5364.8000,2,1,1,1,1,3,5,4,1,1
SF,IC2003,2020-01-03 10:11:43.400,5363.0000,53997,0,3272961160.000,0,-,-,-,-,5362.8000,5362.2000,5362.0000,5361.8000,5360.2000,5363.4000,5363.8000,5364.6000,5364.8000,5365.0000,3,1,1,1,1,1,4,1,1,16
SF,IC2003,2020-01-03 10:11:43.900,5363.4000,53998,1,3274033840.000,1,1,0,双开,S,5363.6000,5363.0000,5362.8000,5362.2000,5362.0000,5363.8000,5364.6000,5364.8000,5365.0000,5365.4000,4,1,3,1,1,4,1,1,16,2
SF,IC2003,2020-01-03 10:11:44.400,5363.6000,53998,0,3275106560.000,1,0,1,多换,S,5363.6000,5363.0000,5362.8000,5362.2000,5362.0000,5364.8000,5365.0000,5365.4000,5365.6000,5365.8000,3,1,3,1,1,1,16,2,1,3
SF,IC2003,2020-01-03 10:11:44.900,5363.6000,53998,0,3275106560.000,0,-,-,-,-,5363.6000,5363.0000,5362.8000,5362.2000,5362.0000,5363.8000,5364.6000,5364.8000,5365.0000,5365.4000,3,1,3,1,1,6,1,1,16,2
SF,IC2003,2020-01-03 10:11:45.400,5363.6000,53998,0,3275106560.000,0,-,-,-,-,5363.6000,5363.0000,5362.8000,5362.2000,5362.0000,5364.6000,5364.8000,5365.0000,5365.4000,5365.6000,3,1,3,1,1,1,1,16,2,1
SF,IC2003,2020-01-03 10:11:45.900,5363.6000,53998,0,3275106560.000,0,-,-,-,-,5363.6000,5363.0000,5362.8000,5362.0000,5361.8000,5364.6000,5364.8000,5365.0000,5365.4000,5365.6000,3,1,3,1,1,1,1,16,2,1
SF,IC2003,2020-01-03 10:11:46.400,5363.6000,53998,0,3275106560.000,0,-,-,-,-,5363.8000,5363.6000,5363.0000,5362.8000,5362.0000,5364.6000,5364.8000,5365.0000,5365.4000,5365.6000,1,3,1,3,1,1,1,17,2,1
SF,IC2003,2020-01-03 10:11:46.900,5363.6000,53998,0,3275106560.000,0,-,-,-,-,5363.8000,5363.6000,5362.8000,5362.0000,5361.8000,5364.8000,5365.0000,5365.4000,5365.6000,5365.8000,1,4,3,1,1,1,17,2,1,3
SF,IC2003,2020-01-03 10:11:47.900,5363.6000,53998,0,3275106560.000,0,-,-,-,-,5364.0000,5363.8000,5363.6000,5362.8000,5362.0000,5364.8000,5365.0000,5365.4000,5365.6000,5365.8000,5,1,4,3,1,1,17,2,1,3
SF,IC2003,2020-01-03 10:11:48.400,5363.6000,53998,0,3275106560.000,0,-,-,-,-,5364.6000,5364.0000,5363.8000,5363.6000,5362.8000,5365.0000,5365.4000,5365.6000,5365.8000,5366.0000,1,5,1,4,3,17,2,1,3,2
SF,IC2003,2020-01-03 10:11:48.900,5364.6000,53996,-2,3279398240.000,4,1,3,多平,S,5364.0000,5363.8000,5363.6000,5362.8000,5362.0000,5365.0000,5365.4000,5365.6000,5365.8000,5366.0000,5,1,1,3,1,17,2,1,3,2
SF,IC2003,2020-01-03 10:11:49.400,5364.6000,53996,0,3279398240.000,0,-,-,-,-,5364.0000,5363.8000,5363.6000,5362.8000,5362.0000,5364.6000,5364.8000,5365.0000,5365.4000,5365.6000,5,1,1,3,1,1,1,17,2,1
SF,IC2003,2020-01-03 10:11:49.900,5364.6000,53995,-1,3280471160.000,1,0,1,双平,S,5364.0000,5363.8000,5363.6000,5362.8000,5362.0000,5364.8000,5365.0000,5365.4000,5365.6000,5365.8000,5,1,1,3,1,1,17,2,1,3
SF,IC2003,2020-01-03 10:11:50.400,5364.6000,53995,0,3280471160.000,0,-,-,-,-,5364.0000,5363.8000,5363.6000,5362.8000,5362.0000,5364.8000,5365.0000,5365.4000,5365.6000,5365.8000,5,1,1,3,1,1,17,2,1,3
SF,IC2003,2020-01-03 10:11:50.900,5364.6000,53995,0,3280471160.000,0,-,-,-,-,5364.0000,5363.8000,5363.6000,5362.8000,5362.0000,5364.8000,5365.0000,5365.4000,5365.6000,5365.8000,5,1,1,3,1,1,17,2,1,3
SF,IC2003,2020-01-03 10:11:51.400,5364.8000,53995,0,3281544120.000,1,0,1,多换,S,5364.2000,5364.0000,5363.8000,5363.6000,5362.8000,5365.0000,5365.4000,5365.6000,5365.8000,5366.0000,1,6,1,1,3,17,2,1,3,2
SF,IC2003,2020-01-03 10:11:51.900,5364.8000,53995,0,3281544120.000,0,-,-,-,-,5364.2000,5364.0000,5363.8000,5362.8000,5362.0000,5365.0000,5365.4000,5365.6000,5365.8000,5366.0000,2,6,1,3,1,17,2,1,3,2
SF,IC2003,2020-01-03 10:11:52.400,5364.8000,53995,0,3281544120.000,0,-,-,-,-,5364.8000,5364.2000,5364.0000,5363.8000,5362.8000,5365.0000,5365.4000,5365.6000,5365.8000,5366.0000,3,2,6,1,3,17,2,1,3,2
SF,IC2003,2020-01-03 10:11:52.900,5364.8000,53995,0,3282617080.000,1,0,1,多换,S,5364.8000,5364.2000,5364.0000,5363.8000,5362.8000,5365.0000,5365.4000,5365.6000,5365.8000,5366.0000,2,2,6,1,3,17,2,1,3,2
SF,IC2003,2020-01-03 10:11:53.400,5365.0000,53992,-3,3285836080.000,3,0,3,双平,S,5364.8000,5364.2000,5364.0000,5363.8000,5362.8000,5365.0000,5365.4000,5365.6000,5365.8000,5366.0000,2,2,6,1,3,14,2,1,3,2
SF,IC2003,2020-01-03 10:11:53.900,5365.0000,53992,0,3287982040.000,2,1,1,多换,S,5364.8000,5364.2000,5364.0000,5363.8000,5362.8000,5365.0000,5365.4000,5365.6000,5365.8000,5366.0000,1,1,6,1,3,14,2,1,3,2
SF,IC2003,2020-01-03 10:11:54.400,5365.0000,53988,-4,3293347000.000,5,0,5,多平,S,5364.2000,5364.0000,5363.8000,5362.8000,5362.0000,5365.0000,5365.4000,5365.6000,5365.8000,5366.0000,1,7,1,3,1,12,2,1,3,2
SF,IC2003,2020-01-03 10:11:54.900,5365.0000,53988,0,3293347000.000,0,-,-,-,-,5364.2000,5364.0000,5363.8000,5362.8000,5362.0000,5365.0000,5365.4000,5365.6000,5365.8000,5366.0000,1,7,1,3,1,12,2,1,3,2
SF,IC2003,2020-01-03 10:11:55.400,5365.0000,53988,0,3293347000.000,0,-,-,-,-,5364.2000,5364.0000,5363.8000,5362.8000,5362.0000,5365.0000,5365.4000,5365.6000,5365.8000,5366.0000,1,7,1,3,1,12,2,1,3,2
SF,IC2003,2020-01-03 10:11:55.900,5365.0000,53988,0,3293347000.000,0,-,-,-,-,5364.2000,5364.0000,5363.8000,5362.8000,5362.0000,5364.8000,5365.0000,5365.4000,5365.6000,5365.8000,1,7,1,3,1,1,12,2,1,3
SF,IC2003,2020-01-03 10:11:56.400,5364.2000,53988,0,3294419840.000,1,0,1,多换,S,5364.0000,5363.8000,5362.8000,5362.0000,5361.8000,5364.8000,5365.0000,5365.4000,5365.6000,5365.8000,7,1,3,1,1,1,12,2,1,3
SF,IC2003,2020-01-03 10:11:56.900,5364.2000,53988,0,3294419840.000,0,-,-,-,-,5364.0000,5363.8000,5362.8000,5362.0000,5361.8000,5364.2000,5364.8000,5365.0000,5365.4000,5365.6000,7,1,3,1,1,1,1,12,2,1
SF,IC2003,2020-01-03 10:11:57.400,5364.8000,53988,0,3297638440.000,3,1,2,多换,S,5364.2000,5364.0000,5363.8000,5362.8000,5362.0000,5365.0000,5365.4000,5365.6000,5365.8000,5366.0000,2,6,1,3,1,12,2,1,3,2
SF,IC2003,2020-01-03 10:11:57.900,5364.8000,53988,0,3297638440.000,0,-,-,-,-,5364.2000,5364.0000,5363.8000,5362.8000,5362.0000,5365.0000,5365.4000,5365.6000,5365.8000,5366.0000,1,6,1,3,1,12,2,1,3,2
SF,IC2003,2020-01-03 10:11:58.400,5365.0000,53986,-2,3299784440.000,2,0,2,双平,S,5364.8000,5364.2000,5364.0000,5363.8000,5362.8000,5365.0000,5365.4000,5365.6000,5365.8000,5366.0000,2,1,6,1,3,10,2,1,3,2
SF,IC2003,2020-01-03 10:11:58.900,5364.8000,53985,-1,3300857400.000,1,0,1,双平,S,5364.8000,5364.2000,5364.0000,5363.8000,5362.8000,5365.0000,5365.4000,5365.6000,5365.8000,5366.0000,1,1,6,1,3,10,2,1,3,2
SF,IC2003,2020-01-03 10:11:59.400,5365.0000,53985,0,3301930400.000,1,0,1,多换,S,5364.8000,5364.2000,5364.0000,5363.8000,5362.8000,5365.0000,5365.4000,5365.6000,5365.8000,5366.0000,1,1,6,1,3,9,2,1,3,2
SF,IC2003,2020-01-03 10:11:59.900,5365.0000,53984,-1,3304076360.000,2,0,2,多平,S,5364.2000,5364.0000,5363.8000,5362.8000,5362.0000,5365.0000,5365.4000,5365.6000,5365.8000,5366.0000,1,6,1,3,1,8,2,1,3,2
SF,IC2003,2020-01-03 10:12:01.400,5364.0000,53984,0,3307294800.000,3,1,2,多换,S,5364.0000,5363.8000,5362.8000,5362.0000,5361.8000,5364.2000,5365.0000,5365.2000,5365.4000,5365.6000,4,1,3,1,1,6,8,1,2,1
SF,IC2003,2020-01-03 10:12:01.900,5363.8000,53979,-5,3315877040.000,8,1,7,多平,S,5362.8000,5362.0000,5360.2000,5360.0000,5359.0000,5363.8000,5364.0000,5365.0000,5365.2000,5365.4000,3,1,1,1,1,3,7,8,1,2
SF,IC2003,2020-01-03 10:12:02.400,5363.0000,53978,-1,3321239920.000,5,2,3,多平,S,5362.0000,5360.2000,5360.0000,5359.0000,5357.8000,5363.0000,5363.4000,5363.8000,5364.0000,5364.2000,1,1,1,1,1,2,1,3,7,1
SF,IC2003,2020-01-03 10:12:02.900,5363.0000,53978,0,3321239920.000,0,-,-,-,-,5362.0000,5360.2000,5360.0000,5359.0000,5357.8000,5363.4000,5363.8000,5364.0000,5364.2000,5365.0000,1,1,1,1,1,1,3,7,1,8
SF,IC2003,2020-01-03 10:12:03.900,5363.0000,53978,0,3321239920.000,0,-,-,-,-,5362.0000,5360.2000,5360.0000,5359.0000,5357.8000,5363.4000,5363.8000,5364.0000,5364.2000,5365.0000,1,1,1,1,1,2,3,7,1,8
SF,IC2003,2020-01-03 10:12:04.900,5363.0000,53978,0,3321239920.000,0,-,-,-,-,5362.0000,5360.2000,5360.0000,5359.0000,5357.8000,5363.2000,5363.4000,5363.8000,5364.0000,5364.2000,1,1,1,1,1,1,1,3,7,1
SF,IC2003,2020-01-03 10:12:05.400,5363.0000,53978,0,3321239920.000,0,-,-,-,-,5362.0000,5360.2000,5360.0000,5359.0000,5357.8000,5363.0000,5363.2000,5363.4000,5363.8000,5364.0000,3,1,1,1,1,1,1,1,3,7
SF,IC2003,2020-01-03 10:12:05.900,5363.0000,53977,-1,3322312520.000,1,0,1,双平,S,5362.2000,5362.0000,5360.2000,5360.0000,5359.0000,5363.2000,5363.8000,5364.0000,5364.2000,5365.0000,1,3,1,1,1,1,3,7,1,8
SF,IC2003,2020-01-03 10:12:06.900,5363.0000,53977,0,3322312520.000,0,-,-,-,-,5362.2000,5362.0000,5360.2000,5360.0000,5359.0000,5363.8000,5364.0000,5364.2000,5365.0000,5365.2000,1,3,1,1,1,3,7,1,8,1
SF,IC2003,2020-01-03 10:12:07.400,5362.0000,53977,0,3323384920.000,1,0,1,多换,S,5362.0000,5360.2000,5360.0000,5359.0000,5357.8000,5363.6000,5363.8000,5364.0000,5364.2000,5365.0000,2,1,1,1,1,1,3,5,1,8
SF,IC2003,2020-01-03 10:12:07.900,5362.0000,53977,0,3323384920.000,0,-,-,-,-,5362.0000,5360.2000,5360.0000,5359.0000,5357.8000,5363.6000,5364.0000,5364.2000,5365.0000,5365.2000,2,1,1,1,1,1,4,1,8,1
SF,IC2003,2020-01-03 10:12:08.400,5362.0000,53977,0,3323384920.000,0,-,-,-,-,5362.0000,5360.2000,5360.0000,5359.0000,5357.8000,5363.6000,5364.0000,5364.2000,5365.0000,5365.2000,1,1,1,1,1,1,4,1,8,1
SF,IC2003,2020-01-03 10:12:08.900,5362.0000,53977,0,3323384920.000,0,-,-,-,-,5362.4000,5362.2000,5362.0000,5360.2000,5360.0000,5363.6000,5364.0000,5364.2000,5365.0000,5365.2000,1,1,1,1,1,1,4,1,8,1
SF,IC2003,2020-01-03 10:12:09.400,5362.4000,53976,-1,3325529880.000,2,0,2,多平,S,5362.2000,5362.0000,5360.2000,5360.0000,5359.0000,5363.6000,5364.0000,5364.2000,5365.0000,5365.2000,2,1,1,1,1,2,4,1,8,1
SF,IC2003,2020-01-03 10:12:09.900,5362.2000,53975,-1,3327674760.000,2,0,2,多平,S,5362.0000,5360.2000,5360.0000,5359.0000,5357.8000,5362.2000,5363.4000,5363.6000,5364.2000,5365.0000,1,1,1,1,1,4,1,2,1,8
SF,IC2003,2020-01-03 10:12:10.400,5362.0000,53975,0,3329819560.000,2,1,1,多换,S,5360.2000,5360.0000,5359.0000,5357.8000,5357.6000,5362.0000,5363.6000,5364.2000,5365.0000,5365.2000,1,1,1,1,1,1,2,1,8,1
SF,IC2003,2020-01-03 10:12:10.900,5362.0000,53974,-1,3330891960.000,1,0,1,双平,S,5360.8000,5360.6000,5360.2000,5360.0000,5359.0000,5362.2000,5363.6000,5364.2000,5365.0000,5365.2000,2,1,1,1,1,1,2,1,8,1
SF,IC2003,2020-01-03 10:12:11.400,5363.6000,53976,2,3333037120.000,2,2,0,双开,S,5362.8000,5360.8000,5360.0000,5359.0000,5357.8000,5363.6000,5364.2000,5365.0000,5365.2000,5365.4000,1,2,1,1,1,1,1,8,1,2
SF,IC2003,2020-01-03 10:12:11.900,5362.8000,53976,0,3335182240.000,2,1,1,多换,S,5360.0000,5359.0000,5357.8000,5357.6000,5357.0000,5362.8000,5363.4000,5363.6000,5364.2000,5365.0000,1,1,1,1,2,1,1,1,1,8
SF,IC2003,2020-01-03 10:12:12.400,5362.8000,53976,0,3335182240.000,0,-,-,-,-,5361.6000,5361.2000,5360.8000,5360.6000,5360.4000,5362.8000,5363.4000,5364.2000,5365.0000,5365.2000,4,1,3,2,3,1,1,1,8,1
SF,IC2003,2020-01-03 10:12:12.900,5362.8000,53976,0,3335182240.000,0,-,-,-,-,5361.2000,5360.8000,5360.4000,5360.2000,5360.0000,5362.8000,5364.2000,5365.0000,5365.2000,5365.4000,1,1,1,1,2,1,1,8,1,2
SF,IC2003,2020-01-03 10:12:13.400,5362.8000,53976,0,3335182240.000,0,-,-,-,-,5361.2000,5360.4000,5360.2000,5360.0000,5359.0000,5362.8000,5364.2000,5365.0000,5365.2000,5365.4000,1,1,1,1,1,2,1,8,1,2
SF,IC2003,2020-01-03 10:12:13.900,5362.8000,53976,0,3335182240.000,0,-,-,-,-,5361.2000,5360.4000,5360.2000,5360.0000,5359.0000,5362.6000,5362.8000,5364.2000,5365.0000,5365.2000,1,1,1,1,1,1,2,1,8,1
SF,IC2003,2020-01-03 10:12:14.400,5362.8000,53976,0,3335182240.000,0,-,-,-,-,5360.2000,5360.0000,5359.0000,5357.8000,5357.6000,5362.4000,5362.6000,5362.8000,5364.2000,5365.0000,1,1,1,1,1,1,1,2,1,8
SF,IC2003,2020-01-03 10:12:14.900,5362.8000,53976,0,3335182240.000,0,-,-,-,-,5360.0000,5359.0000,5357.8000,5357.6000,5357.0000,5362.2000,5362.4000,5362.6000,5362.8000,5364.2000,2,1,1,1,2,1,1,1,2,1
SF,IC2003,2020-01-03 10:12:15.400,5362.8000,53976,0,3335182240.000,0,-,-,-,-,5360.2000,5360.0000,5359.0000,5357.8000,5357.6000,5362.2000,5362.4000,5362.6000,5362.8000,5364.2000,1,2,1,1,1,1,1,1,2,1
SF,IC2003,2020-01-03 10:12:15.900,5362.8000,53976,0,3335182240.000,0,-,-,-,-,5360.2000,5360.0000,5359.0000,5357.8000,5357.6000,5361.8000,5362.2000,5362.4000,5362.8000,5364.2000,1,2,1,1,1,1,3,1,1,1
SF,IC2003,2020-01-03 10:12:16.400,5362.8000,53976,0,3335182240.000,0,-,-,-,-,5360.2000,5360.0000,5359.0000,5357.8000,5357.6000,5360.8000,5361.6000,5361.8000,5362.4000,5362.8000,1,2,1,1,1,2,1,3,1,1
SF,IC2003,2020-01-03 10:12:16.900,5360.2000,53975,-1,3336254280.000,1,0,1,双平,S,5360.0000,5359.0000,5357.8000,5357.6000,5357.0000,5361.6000,5361.8000,5362.4000,5362.8000,5364.2000,2,1,1,1,2,1,2,1,1,1
SF,IC2003,2020-01-03 10:12:17.400,5360.2000,53974,-1,3337326320.000,1,0,1,双平,S,5360.0000,5359.0000,5357.8000,5357.6000,5357.0000,5360.2000,5361.4000,5361.6000,5362.4000,5362.8000,2,1,1,1,2,1,1,3,1,1
SF,IC2003,2020-01-03 10:12:17.900,5360.2000,53972,-2,3339470400.000,2,0,2,双平,S,5360.2000,5360.0000,5359.0000,5357.8000,5357.6000,5361.4000,5361.6000,5362.4000,5364.2000,5364.8000,2,2,1,1,1,1,3,1,1,2
SF,IC2003,2020-01-03 10:12:18.900,5360.2000,53972,0,3340542440.000,1,0,1,多换,S,5360.2000,5360.0000,5359.4000,5359.0000,5357.8000,5361.4000,5361.6000,5362.2000,5362.4000,5364.2000,1,2,1,1,1,1,3,1,1,1
SF,IC2003,2020-01-03 10:12:19.400,5360.2000,53971,-1,3341614480.000,1,0,1,双平,S,5360.0000,5359.4000,5359.0000,5357.8000,5357.6000,5361.4000,5361.6000,5362.2000,5362.4000,5364.2000,2,1,1,1,1,1,3,1,1,1
SF,IC2003,2020-01-03 10:12:20.400,5360.2000,53971,0,3341614480.000,0,-,-,-,-,5360.0000,5359.4000,5357.8000,5357.6000,5357.0000,5361.4000,5361.6000,5362.2000,5362.4000,5364.2000,2,1,1,1,2,1,2,1,1,1
SF,IC2003,2020-01-03 10:12:20.900,5360.2000,53971,0,3341614480.000,0,-,-,-,-,5360.2000,5360.0000,5359.4000,5357.8000,5357.6000,5361.4000,5361.6000,5362.2000,5362.4000,5364.2000,1,2,1,1,1,1,2,1,1,1
SF,IC2003,2020-01-03 10:12:21.400,5360.2000,53971,0,3341614480.000,0,-,-,-,-,5360.2000,5360.0000,5359.4000,5357.8000,5357.6000,5361.4000,5361.6000,5362.2000,5362.4000,5364.2000,1,2,1,1,1,1,2,1,1,1
SF,IC2003,2020-01-03 10:12:22.400,5360.2000,53971,0,3341614480.000,0,-,-,-,-,5360.2000,5360.0000,5359.4000,5357.8000,5357.6000,5361.4000,5361.6000,5362.2000,5362.4000,5364.2000,2,2,1,1,1,1,1,1,1,1
SF,IC2003,2020-01-03 10:12:22.900,5360.2000,53971,0,3341614480.000,0,-,-,-,-,5360.4000,5360.2000,5360.0000,5359.4000,5357.8000,5362.2000,5362.4000,5364.2000,5364.8000,5365.0000,1,2,2,1,1,1,1,1,2,8
SF,IC2003,2020-01-03 10:12:23.400,5360.2000,53971,0,3341614480.000,0,-,-,-,-,5360.4000,5360.2000,5360.0000,5359.4000,5357.8000,5362.2000,5362.4000,5364.2000,5364.8000,5365.0000,3,1,2,1,1,1,1,1,2,8
SF,IC2003,2020-01-03 10:12:23.900,5362.2000,53972,1,3342686920.000,1,1,0,双开,S,5360.8000,5360.6000,5360.4000,5360.2000,5360.0000,5362.4000,5364.2000,5364.8000,5365.0000,5365.2000,3,2,1,1,2,1,1,2,10,1
SF,IC2003,2020-01-03 10:12:24.400,5362.2000,53972,0,3342686920.000,0,-,-,-,-,5360.8000,5360.6000,5360.2000,5360.0000,5359.4000,5362.4000,5364.2000,5364.8000,5365.0000,5365.2000,1,1,1,2,1,1,1,2,10,1
SF,IC2003,2020-01-03 10:12:24.900,5360.6000,53970,-2,3348047680.000,5,1,4,多平,S,5360.0000,5359.4000,5357.8000,5357.6000,5357.0000,5362.4000,5364.2000,5364.8000,5365.0000,5365.2000,2,1,1,1,2,1,1,2,10,1
SF,IC2003,2020-01-03 10:12:25.400,5360.6000,53970,0,3348047680.000,0,-,-,-,-,5361.0000,5360.4000,5360.0000,5359.4000,5357.8000,5362.2000,5362.4000,5364.2000,5364.8000,5365.0000,1,4,1,1,1,1,2,1,2,10
SF,IC2003,2020-01-03 10:12:25.900,5360.4000,53970,0,3350191960.000,2,1,1,多换,S,5360.4000,5360.0000,5359.4000,5357.8000,5357.6000,5362.2000,5362.4000,5364.2000,5364.8000,5365.0000,1,1,1,1,1,3,1,1,2,10
SF,IC2003,2020-01-03 10:12:26.400,5360.4000,53970,0,3350191960.000,0,-,-,-,-,5360.8000,5360.4000,5360.0000,5359.4000,5357.8000,5362.0000,5362.2000,5362.4000,5364.2000,5364.8000,2,1,1,1,1,2,2,1,1,2
SF,IC2003,2020-01-03 10:12:26.900,5360.4000,53970,0,3350191960.000,0,-,-,-,-,5360.4000,5360.0000,5359.4000,5357.8000,5357.6000,5361.8000,5362.0000,5362.4000,5364.2000,5364.8000,1,1,1,1,1,1,2,1,1,2
SF,IC2003,2020-01-03 10:12:27.400,5360.4000,53970,0,3350191960.000,0,-,-,-,-,5360.0000,5359.4000,5357.8000,5357.6000,5357.0000,5361.6000,5361.8000,5362.0000,5362.4000,5364.2000,1,1,1,1,2,1,2,1,1,1
SF,IC2003,2020-01-03 10:12:27.900,5360.4000,53970,0,3350191960.000,0,-,-,-,-,5360.0000,5359.4000,5357.8000,5357.6000,5357.0000,5361.2000,5361.6000,5361.8000,5362.0000,5362.4000,1,1,1,1,2,1,2,1,1,1
SF,IC2003,2020-01-03 10:12:28.400,5360.0000,53970,0,3351263960.000,1,0,1,多换,S,5359.4000,5357.8000,5357.6000,5357.0000,5356.2000,5360.0000,5361.2000,5361.6000,5361.8000,5362.0000,1,1,1,2,2,1,1,2,1,1
SF,IC2003,2020-01-03 10:12:28.900,5360.0000,53968,-2,3353407840.000,2,0,2,双平,S,5357.8000,5357.6000,5357.0000,5356.2000,5355.8000,5360.0000,5361.2000,5361.8000,5362.4000,5364.2000,1,1,2,2,1,1,1,1,1,1
SF,IC2003,2020-01-03 10:12:29.400,5360.0000,53968,0,3354479840.000,1,0,1,多换,S,5359.0000,5358.8000,5358.6000,5358.4000,5358.2000,5360.0000,5362.4000,5364.2000,5364.8000,5365.0000,2,3,1,1,2,1,1,1,2,10
SF,IC2003,2020-01-03 10:12:29.900,5360.0000,53968,0,3354479840.000,0,-,-,-,-,5359.0000,5358.8000,5358.4000,5357.8000,5357.6000,5360.0000,5362.4000,5364.2000,5364.8000,5365.0000,1,1,1,1,1,1,1,1,1,10
SF,IC2003,2020-01-03 10:12:30.400,5360.0000,53967,-1,3355551840.000,1,0,1,双平,S,5358.8000,5358.4000,5357.8000,5357.6000,5357.0000,5362.4000,5364.2000,5364.8000,5365.0000,5365.2000,1,1,1,1,2,1,1,1,10,1
SF,IC2003,2020-01-03 10:12:30.900,5360.0000,53967,0,3355551840.000,0,-,-,-,-,5359.0000,5357.8000,5357.6000,5357.0000,5356.2000,5360.4000,5360.6000,5360.8000,5361.8000,5362.0000,1,1,1,2,2,1,1,1,1,1
SF,IC2003,2020-01-03 10:12:31.400,5360.0000,53967,0,3355551840.000,0,-,-,-,-,5359.0000,5357.8000,5357.6000,5357.0000,5356.2000,5360.4000,5360.6000,5360.8000,5361.8000,5362.0000,1,1,1,2,2,1,1,1,1,1
SF,IC2003,2020-01-03 10:12:32.400,5360.4000,53966,-1,3357695720.000,2,0,2,多平,S,5357.8000,5357.6000,5357.0000,5356.2000,5355.8000,5360.6000,5360.8000,5361.8000,5362.0000,5362.2000,1,1,2,2,1,1,1,1,1,1
SF,IC2003,2020-01-03 10:12:32.900,5360.4000,53966,0,3357695720.000,0,-,-,-,-,5358.0000,5357.8000,5357.0000,5356.2000,5355.8000,5360.0000,5360.8000,5361.8000,5362.0000,5362.2000,1,1,2,2,1,1,1,1,1,1
SF,IC2003,2020-01-03 10:12:33.400,5360.4000,53966,0,3357695720.000,0,-,-,-,-,5358.2000,5358.0000,5357.8000,5357.0000,5356.2000,5359.4000,5360.4000,5361.8000,5362.0000,5362.2000,2,1,1,2,2,1,1,1,1,1
SF,IC2003,2020-01-03 10:12:33.900,5360.4000,53966,0,3357695720.000,0,-,-,-,-,5358.2000,5358.0000,5357.8000,5357.0000,5356.2000,5359.4000,5360.4000,5361.8000,5362.0000,5362.2000,1,2,1,2,2,1,1,1,1,1
SF,IC2003,2020-01-03 10:12:34.400,5359.4000,53966,0,3358767600.000,1,0,1,多换,S,5358.2000,5358.0000,5357.8000,5357.0000,5356.2000,5360.4000,5361.8000,5362.0000,5362.2000,5362.4000,1,2,1,2,2,1,1,1,1,1
SF,IC2003,2020-01-03 10:12:34.900,5358.6000,53965,-1,3359839320.000,1,0,1,双平,S,5358.6000,5358.2000,5358.0000,5357.8000,5357.0000,5360.4000,5361.8000,5362.0000,5362.2000,5362.4000,2,1,2,1,2,1,1,1,1,1
SF,IC2003,2020-01-03 10:12:35.400,5358.6000,53965,0,3359839320.000,0,-,-,-,-,5359.0000,5358.8000,5358.6000,5358.2000,5358.0000,5361.8000,5362.0000,5362.2000,5362.4000,5364.2000,1,1,1,1,1,1,1,1,1,1
SF,IC2003,2020-01-03 10:12:35.900,5358.6000,53965,0,3359839320.000,0,-,-,-,-,5358.8000,5358.6000,5358.2000,5358.0000,5357.8000,5361.0000,5361.4000,5361.6000,5361.8000,5362.0000,1,1,1,1,1,1,1,1,1,1
SF,IC2003,2020-01-03 10:12:36.400,5358.6000,53965,0,3359839320.000,0,-,-,-,-,5360.4000,5358.8000,5358.6000,5358.2000,5358.0000,5360.6000,5361.0000,5361.6000,5361.8000,5362.0000,1,2,1,1,1,1,1,1,1,1
SF,IC2003,2020-01-03 10:12:36.900,5360.4000,53965,0,3360911400.000,1,0,1,多换,S,5358.8000,5358.2000,5358.0000,5357.8000,5357.0000,5360.4000,5360.6000,5361.6000,5361.8000,5362.0000,1,1,1,1,2,3,1,1,1,1
SF,IC2003,2020-01-03 10:12:37.400,5360.4000,53965,0,3360911400.000,0,-,-,-,-,5359.0000,5358.8000,5358.2000,5358.0000,5357.8000,5360.4000,5361.6000,5361.8000,5362.0000,5362.4000,1,1,1,1,1,3,1,1,1,1
SF,IC2003,2020-01-03 10:12:37.900,5360.4000,53965,0,3360911400.000,0,-,-,-,-,5359.0000,5358.8000,5358.2000,5358.0000,5357.8000,5361.6000,5361.8000,5362.0000,5362.4000,5364.2000,1,1,1,1,1,1,1,1,1,1
SF,IC2003,2020-01-03 10:12:38.400,5360.4000,53965,0,3360911400.000,0,-,-,-,-,5359.4000,5359.2000,5359.0000,5358.8000,5358.2000,5361.2000,5361.8000,5362.0000,5362.4000,5364.2000,2,2,1,1,1,2,1,1,1,1
SF,IC2003,2020-01-03 10:12:38.900,5361.2000,53966,1,3361983640.000,1,1,0,双开,S,5360.0000,5359.8000,5359.6000,5359.4000,5359.2000,5362.4000,5364.2000,5365.0000,5365.2000,5365.4000,1,2,4,3,1,1,1,10,1,2
SF,IC2003,2020-01-03 10:12:39.400,5361.2000,53966,0,3361983640.000,0,-,-,-,-,5360.2000,5360.0000,5359.8000,5359.6000,5359.4000,5362.0000,5362.2000,5362.4000,5364.2000,5365.0000,1,1,2,4,2,1,1,1,1,10
SF,IC2003,2020-01-03 10:12:39.900,5361.2000,53966,0,3361983640.000,0,-,-,-,-,5360.6000,5360.2000,5360.0000,5359.8000,5359.6000,5361.8000,5362.4000,5364.2000,5365.0000,5365.2000,1,2,1,2,2,1,1,1,10,1
SF,IC2003,2020-01-03 10:12:40.400,5360.8000,53966,0,3363055800.000,1,0,1,多换,S,5360.6000,5360.4000,5360.2000,5360.0000,5359.8000,5362.2000,5362.4000,5364.2000,5365.0000,5365.2000,1,1,1,1,2,1,1,1,10,1
SF,IC2003,2020-01-03 10:12:40.900,5360.0000,53966,0,3364127800.000,1,0,1,多换,S,5359.6000,5359.4000,5358.2000,5358.0000,5357.8000,5360.0000,5361.8000,5362.2000,5362.4000,5364.2000,2,1,1,1,1,1,2,2,1,1
SF,IC2003,2020-01-03 10:12:41.400,5360.0000,53965,-1,3365199800.000,1,0,1,双平,S,5360.2000,5359.6000,5358.2000,5358.0000,5357.8000,5361.6000,5361.8000,5362.2000,5362.4000,5364.2000,1,1,1,1,1,1,1,1,1,1
SF,IC2003,2020-01-03 10:12:41.900,5360.0000,53965,0,3365199800.000,0,-,-,-,-,5359.6000,5358.2000,5358.0000,5357.8000,5357.0000,5361.6000,5361.8000,5362.4000,5364.2000,5365.0000,1,1,1,1,2,3,1,1,1,10
SF,IC2003,2020-01-03 10:12:42.400,5360.0000,53965,0,3365199800.000,0,-,-,-,-,5359.8000,5359.6000,5358.2000,5358.0000,5357.8000,5361.0000,5361.4000,5361.6000,5361.8000,5362.4000,1,1,1,1,1,1,3,1,1,1
SF,IC2003,2020-01-03 10:12:42.900,5360.0000,53965,0,3365199800.000,0,-,-,-,-,5359.6000,5358.8000,5358.0000,5357.8000,5357.0000,5361.0000,5361.8000,5362.4000,5363.0000,5364.2000,1,1,1,1,2,1,1,1,1,1
SF,IC2003,2020-01-03 10:12:43.400,5360.0000,53965,0,3365199800.000,0,-,-,-,-,5359.8000,5359.6000,5358.8000,5358.0000,5357.8000,5361.0000,5361.8000,5362.4000,5363.0000,5364.2000,1,2,1,1,1,1,1,1,1,1
SF,IC2003,2020-01-03 10:12:43.900,5360.0000,53965,0,3365199800.000,0,-,-,-,-,5359.8000,5359.6000,5358.8000,5358.0000,5357.8000,5361.0000,5361.8000,5362.4000,5363.0000,5364.2000,1,1,1,1,1,1,1,1,1,1
SF,IC2003,2020-01-03 10:12:44.400,5360.0000,53965,0,3365199800.000,0,-,-,-,-,5359.8000,5359.6000,5358.8000,5358.0000,5357.8000,5361.0000,5361.8000,5362.4000,5363.0000,5364.2000,1,1,1,1,1,2,1,1,1,1
SF,IC2003,2020-01-03 10:12:44.900,5360.0000,53965,0,3365199800.000,0,-,-,-,-,5359.6000,5358.8000,5358.0000,5357.8000,5357.0000,5360.8000,5361.0000,5362.4000,5363.0000,5364.2000,1,1,1,1,2,2,1,1,1,1
SF,IC2003,2020-01-03 10:12:45.400,5360.0000,53965,0,3365199800.000,0,-,-,-,-,5359.6000,5358.8000,5358.0000,5357.8000,5357.0000,5360.8000,5361.0000,5362.4000,5363.0000,5364.2000,1,1,1,1,5,1,1,1,1,1
SF,IC2003,2020-01-03 10:12:46.900,5360.0000,53965,0,3365199800.000,0,-,-,-,-,5359.6000,5358.8000,5358.0000,5357.8000,5357.0000,5360.8000,5361.0000,5362.4000,5363.0000,5364.2000,1,1,1,1,5,2,1,1,1,1
SF,IC2003,2020-01-03 10:12:47.900,5360.0000,53965,0,3365199800.000,0,-,-,-,-,5359.6000,5358.8000,5358.0000,5357.8000,5357.0000,5361.0000,5362.4000,5363.0000,5364.2000,5365.0000,1,1,1,1,5,1,1,1,1,10
SF,IC2003,2020-01-03 10:12:48.400,5360.0000,53965,0,3365199800.000,0,-,-,-,-,5359.6000,5358.8000,5358.0000,5357.8000,5357.0000,5361.0000,5362.4000,5363.0000,5364.2000,5365.0000,2,1,1,1,5,1,1,1,1,10
SF,IC2003,2020-01-03 10:12:49.400,5360.0000,53965,0,3365199800.000,0,-,-,-,-,5359.6000,5358.8000,5358.2000,5358.0000,5357.8000,5361.0000,5362.4000,5363.0000,5364.2000,5365.0000,2,1,1,1,1,1,1,1,1,10
SF,IC2003,2020-01-03 10:12:49.900,5360.0000,53965,0,3365199800.000,0,-,-,-,-,5359.6000,5358.8000,5358.2000,5358.0000,5357.8000,5361.0000,5362.4000,5363.0000,5364.2000,5365.0000,1,1,1,1,1,1,1,1,1,10
SF,IC2003,2020-01-03 10:12:50.400,5360.0000,53965,0,3365199800.000,0,-,-,-,-,5359.8000,5359.6000,5358.8000,5358.2000,5358.0000,5361.0000,5362.4000,5363.0000,5364.2000,5365.0000,1,1,1,1,1,1,1,1,1,10
SF,IC2003,2020-01-03 10:12:51.900,5360.0000,53965,0,3365199800.000,0,-,-,-,-,5359.6000,5358.8000,5358.2000,5358.0000,5357.8000,5361.0000,5362.4000,5363.0000,5364.2000,5365.0000,1,1,1,1,1,1,1,1,1,10
SF,IC2003,2020-01-03 10:12:54.900,5360.0000,53965,0,3365199800.000,0,-,-,-,-,5359.6000,5358.8000,5358.2000,5358.0000,5357.8000,5361.0000,5362.4000,5363.0000,5364.2000,5365.0000,1,1,1,1,1,1,1,1,1,10
SF,IC2003,2020-01-03 10:12:55.400,5361.0000,53966,1,3366272000.000,1,1,0,双开,S,5359.6000,5358.8000,5358.2000,5358.0000,5357.8000,5362.4000,5363.0000,5364.2000,5365.0000,5365.2000,1,1,1,1,1,1,1,1,10,1
SF,IC2003,2020-01-03 10:12:55.900,5362.0000,53965,-1,3367344400.000,1,0,1,双平,S,5359.8000,5359.6000,5358.8000,5358.2000,5358.0000,5362.0000,5362.2000,5362.4000,5363.0000,5364.2000,1,1,1,1,1,1,1,1,1,1
SF,IC2003,2020-01-03 10:12:56.400,5362.0000,53965,0,3367344400.000,0,-,-,-,-,5359.8000,5359.6000,5358.8000,5358.2000,5358.0000,5361.8000,5362.0000,5362.4000,5363.0000,5364.2000,1,1,1,1,1,1,1,1,1,1
SF,IC2003,2020-01-03 10:12:56.900,5362.0000,53965,0,3367344400.000,0,-,-,-,-,5360.0000,5359.6000,5358.8000,5358.2000,5358.0000,5361.8000,5362.0000,5362.4000,5363.0000,5364.2000,1,1,1,1,1,1,1,1,1,1
SF,IC2003,2020-01-03 10:12:57.400,5362.0000,53965,0,3367344400.000,0,-,-,-,-,5359.6000,5358.8000,5358.2000,5358.0000,5357.8000,5361.8000,5362.0000,5362.4000,5363.0000,5364.2000,1,1,1,1,1,1,1,1,1,1
SF,IC2003,2020-01-03 10:12:58.400,5362.0000,53965,0,3367344400.000,0,-,-,-,-,5359.6000,5358.2000,5358.0000,5357.8000,5357.0000,5361.8000,5362.0000,5362.4000,5363.0000,5364.2000,1,1,1,2,5,2,1,1,1,1
SF,IC2003,2020-01-03 10:12:58.900,5362.0000,53965,0,3367344400.000,0,-,-,-,-,5359.6000,5358.2000,5358.0000,5357.8000,5357.0000,5361.8000,5362.0000,5362.4000,5363.0000,5364.2000,2,1,1,2,5,1,1,1,1,1
SF,IC2003,2020-01-03 10:12:59.400,5362.0000,53965,0,3367344400.000,0,-,-,-,-,5359.8000,5359.6000,5358.2000,5358.0000,5357.8000,5361.8000,5362.0000,5362.4000,5363.0000,5364.2000,1,2,1,1,2,1,1,1,1,1
SF,IC2003,2020-01-03 10:13:00.900,5362.0000,53965,0,3367344400.000,0,-,-,-,-,5359.8000,5359.6000,5358.2000,5358.0000,5357.8000,5361.8000,5362.0000,5362.4000,5363.0000,5364.2000,1,1,1,1,2,1,1,1,1,1
SF,IC2003,2020-01-03 10:13:01.400,5362.0000,53965,0,3367344400.000,0,-,-,-,-,5360.0000,5359.8000,5359.6000,5358.2000,5358.0000,5361.8000,5362.4000,5363.0000,5364.2000,5365.0000,2,2,1,1,1,1,1,1,1,10
SF,IC2003,2020-01-03 10:13:01.900,5362.0000,53965,0,3367344400.000,0,-,-,-,-,5360.4000,5360.2000,5359.8000,5359.6000,5358.2000,5362.2000,5362.4000,5363.0000,5364.2000,5365.0000,4,2,1,1,1,1,1,1,1,10
SF,IC2003,2020-01-03 10:13:02.400,5362.0000,53965,0,3367344400.000,0,-,-,-,-,5360.8000,5360.4000,5360.2000,5359.8000,5359.6000,5362.2000,5362.4000,5363.0000,5364.2000,5365.0000,2,2,2,1,1,1,1,1,1,10
SF,IC2003,2020-01-03 10:13:02.900,5362.0000,53965,0,3367344400.000,0,-,-,-,-,5360.4000,5360.2000,5359.8000,5359.6000,5358.2000,5362.2000,5362.4000,5363.0000,5364.2000,5365.0000,2,2,1,1,1,1,1,1,1,10
SF,IC2003,2020-01-03 10:13:03.400,5362.0000,53965,0,3367344400.000,0,-,-,-,-,5360.8000,5360.4000,5360.2000,5359.8000,5359.6000,5362.2000,5362.4000,5363.0000,5364.2000,5365.0000,2,2,2,1,1,1,1,1,1,10
SF,IC2003,2020-01-03 10:13:03.900,5362.0000,53965,0,3367344400.000,0,-,-,-,-,5361.2000,5361.0000,5359.8000,5359.6000,5358.2000,5362.2000,5362.4000,5363.0000,5364.2000,5365.0000,1,3,1,1,1,1,1,1,1,10
SF,IC2003,2020-01-03 10:13:04.400,5362.2000,53965,0,3368416840.000,1,0,1,多换,S,5361.6000,5361.4000,5361.2000,5361.0000,5359.8000,5362.4000,5363.0000,5364.2000,5365.0000,5365.2000,1,1,1,2,1,1,1,1,10,1
SF,IC2003,2020-01-03 10:13:05.400,5362.2000,53965,0,3368416840.000,0,-,-,-,-,5361.6000,5361.2000,5361.0000,5359.8000,5359.6000,5362.4000,5363.0000,5364.2000,5365.0000,5365.2000,1,1,2,1,1,1,1,1,10,1
SF,IC2003,2020-01-03 10:13:05.900,5361.6000,53964,-1,3369489160.000,1,0,1,双平,S,5361.2000,5361.0000,5359.8000,5358.2000,5358.0000,5362.4000,5363.0000,5364.2000,5365.0000,5365.2000,1,1,1,1,1,1,1,1,10,1
SF,IC2003,2020-01-03 10:13:06.400,5361.6000,53964,0,3369489160.000,0,-,-,-,-,5361.8000,5361.6000,5361.4000,5359.8000,5358.2000,5362.4000,5363.0000,5364.2000,5365.0000,5365.2000,1,2,1,1,1,1,1,1,10,1
SF,IC2003,2020-01-03 10:13:06.900,5362.4000,53964,0,3370561640.000,1,0,1,多换,S,5359.8000,5358.2000,5358.0000,5357.8000,5357.0000,5363.0000,5364.2000,5365.0000,5365.2000,5365.4000,1,1,1,2,5,1,1,10,1,2
SF,IC2003,2020-01-03 10:13:07.400,5362.4000,53964,0,3370561640.000,0,-,-,-,-,5361.0000,5360.6000,5360.2000,5360.0000,5359.8000,5363.0000,5364.2000,5365.0000,5365.2000,5365.4000,1,1,3,1,2,1,1,10,1,2
SF,IC2003,2020-01-03 10:13:07.900,5362.4000,53964,0,3370561640.000,0,-,-,-,-,5362.4000,5361.6000,5361.2000,5360.2000,5360.0000,5363.0000,5364.2000,5365.0000,5365.2000,5365.4000,1,1,3,1,1,2,1,10,1,2
SF,IC2003,2020-01-03 10:13:08.400,5362.4000,53964,0,3370561640.000,0,-,-,-,-,5362.4000,5361.6000,5360.0000,5359.8000,5358.2000,5363.0000,5364.2000,5365.0000,5365.2000,5365.4000,1,1,1,1,1,2,1,10,1,2
SF,IC2003,2020-01-03 10:13:08.900,5362.4000,53964,0,3371634120.000,1,0,1,多换,S,5361.6000,5360.0000,5359.8000,5358.2000,5358.0000,5363.0000,5364.2000,5365.0000,5365.2000,5365.4000,1,1,1,1,1,2,1,10,1,2
SF,IC2003,2020-01-03 10:13:09.400,5362.4000,53964,0,3371634120.000,0,-,-,-,-,5361.6000,5360.0000,5359.8000,5358.2000,5358.0000,5362.2000,5363.0000,5364.2000,5365.0000,5365.2000,1,1,1,1,1,1,2,1,10,1
SF,IC2003,2020-01-03 10:13:09.900,5362.2000,53964,0,3372706560.000,1,0,1,多换,S,5361.6000,5360.0000,5359.8000,5358.2000,5358.0000,5363.0000,5364.2000,5365.0000,5365.2000,5365.4000,1,1,1,1,2,2,1,10,1,2
SF,IC2003,2020-01-03 10:13:10.400,5362.2000,53964,0,3372706560.000,0,-,-,-,-,5361.6000,5360.0000,5359.8000,5358.2000,5358.0000,5362.8000,5363.0000,5364.2000,5365.0000,5365.2000,1,1,1,1,2,2,1,1,10,1
SF,IC2003,2020-01-03 10:13:10.900,5362.2000,53964,0,3372706560.000,0,-,-,-,-,5359.8000,5358.2000,5358.0000,5357.8000,5357.0000,5362.6000,5362.8000,5363.0000,5364.2000,5365.0000,1,1,2,2,5,1,1,1,1,10
SF,IC2003,2020-01-03 10:13:11.400,5362.2000,53964,0,3372706560.000,0,-,-,-,-,5360.6000,5360.2000,5360.0000,5359.8000,5358.2000,5362.4000,5362.6000,5362.8000,5363.0000,5364.2000,1,2,1,1,1,1,1,1,1,1
SF,IC2003,2020-01-03 10:13:11.900,5362.2000,53964,0,3372706560.000,0,-,-,-,-,5360.6000,5360.0000,5359.8000,5358.2000,5358.0000,5362.4000,5362.6000,5362.8000,5363.0000,5364.2000,1,1,1,1,3,1,1,1,1,1
SF,IC2003,2020-01-03 10:13:12.400,5362.2000,53964,0,3372706560.000,0,-,-,-,-,5361.0000,5360.6000,5359.8000,5358.2000,5358.0000,5362.4000,5362.6000,5362.8000,5363.0000,5364.2000,2,1,1,1,3,1,1,1,1,1
SF,IC2003,2020-01-03 10:13:12.900,5362.2000,53964,0,3372706560.000,0,-,-,-,-,5360.6000,5359.8000,5358.2000,5358.0000,5357.8000,5362.2000,5362.4000,5362.6000,5362.8000,5363.0000,1,1,1,3,2,1,1,1,1,1
SF,IC2003,2020-01-03 10:13:13.400,5362.2000,53964,0,3372706560.000,0,-,-,-,-,5360.6000,5359.8000,5358.2000,5358.0000,5357.8000,5362.2000,5362.4000,5362.6000,5363.0000,5364.2000,1,1,1,3,2,1,1,1,1,1
SF,IC2003,2020-01-03 10:13:13.900,5362.2000,53965,1,3373779000.000,1,1,0,双开,S,5360.6000,5359.8000,5358.2000,5358.0000,5357.8000,5362.4000,5363.0000,5364.0000,5364.2000,5365.0000,1,1,1,3,2,1,1,1,1,10
SF,IC2003,2020-01-03 10:13:14.400,5362.2000,53965,0,3373779000.000,0,-,-,-,-,5361.8000,5361.2000,5361.0000,5360.8000,5359.8000,5363.0000,5364.0000,5364.2000,5365.0000,5365.2000,2,1,5,2,1,1,1,1,10,1
SF,IC2003,2020-01-03 10:13:14.900,5362.2000,53965,0,3373779000.000,0,-,-,-,-,5362.0000,5361.2000,5360.8000,5360.0000,5359.8000,5363.0000,5364.0000,5364.2000,5365.0000,5365.2000,1,1,2,1,1,1,1,1,10,1
SF,IC2003,2020-01-03 10:13:15.400,5362.2000,53965,0,3373779000.000,0,-,-,-,-,5362.0000,5360.8000,5360.0000,5359.8000,5358.2000,5363.0000,5364.0000,5364.2000,5365.0000,5365.2000,1,2,1,1,1,1,1,1,10,1
SF,IC2003,2020-01-03 10:13:15.900,5362.2000,53965,0,3373779000.000,0,-,-,-,-,5360.8000,5360.0000,5359.8000,5358.2000,5358.0000,5363.0000,5364.0000,5364.2000,5365.0000,5365.2000,2,1,1,1,3,1,1,1,10,1
SF,IC2003,2020-01-03 10:13:16.400,5362.2000,53965,0,3373779000.000,0,-,-,-,-,5361.4000,5361.2000,5361.0000,5360.8000,5360.0000,5363.0000,5364.0000,5364.2000,5365.0000,5365.2000,2,2,1,2,1,1,1,1,10,1
SF,IC2003,2020-01-03 10:13:16.900,5362.2000,53965,0,3373779000.000,0,-,-,-,-,5361.4000,5360.8000,5360.0000,5359.8000,5358.2000,5363.0000,5364.0000,5364.2000,5365.0000,5365.2000,2,2,1,1,1,1,1,1,10,1
SF,IC2003,2020-01-03 10:13:17.400,5362.2000,53965,0,3373779000.000,0,-,-,-,-,5361.4000,5360.8000,5360.0000,5359.8000,5358.2000,5364.0000,5364.2000,5365.0000,5365.2000,5365.4000,2,2,1,1,1,1,1,10,1,2
SF,IC2003,2020-01-03 10:13:17.900,5361.4000,53964,-1,3375923560.000,2,0,2,多平,S,5361.6000,5360.8000,5360.6000,5360.0000,5359.8000,5363.4000,5363.6000,5364.0000,5364.2000,5365.0000,1,2,1,1,1,1,1,1,1,10
SF,IC2003,2020-01-03 10:13:18.400,5361.4000,53964,0,3375923560.000,0,-,-,-,-,5362.0000,5360.8000,5360.6000,5360.0000,5359.8000,5363.4000,5363.6000,5364.0000,5364.2000,5365.0000,2,2,1,1,1,1,1,1,1,10
SF,IC2003,2020-01-03 10:13:18.900,5361.4000,53964,0,3375923560.000,0,-,-,-,-,5360.8000,5360.6000,5360.0000,5359.8000,5358.2000,5363.0000,5363.4000,5364.0000,5364.2000,5365.0000,1,1,1,1,1,1,1,1,1,10
SF,IC2003,2020-01-03 10:13:19.400,5361.4000,53964,0,3375923560.000,0,-,-,-,-,5361.2000,5360.8000,5360.6000,5360.0000,5359.8000,5363.0000,5364.0000,5364.2000,5365.0000,5365.2000,3,1,1,1,1,1,1,1,10,1
SF,IC2003,2020-01-03 10:13:19.900,5363.0000,53964,0,3376996160.000,1,0,1,多换,S,5361.2000,5360.6000,5360.0000,5359.8000,5358.2000,5364.0000,5364.2000,5365.0000,5365.2000,5365.4000,1,1,1,1,1,1,1,10,1,2
SF,IC2003,2020-01-03 10:13:20.400,5361.4000,53964,0,3378068440.000,1,0,1,多换,S,5361.2000,5360.6000,5360.0000,5359.8000,5358.2000,5362.8000,5363.4000,5363.8000,5364.0000,5364.2000,1,1,1,1,1,1,2,2,1,1
SF,IC2003,2020-01-03 10:13:20.900,5361.4000,53964,0,3378068440.000,0,-,-,-,-,5361.4000,5360.6000,5360.0000,5359.8000,5358.2000,5361.8000,5362.8000,5363.8000,5364.0000,5364.2000,1,1,1,1,1,1,1,1,1,1
SF,IC2003,2020-01-03 10:13:21.400,5361.4000,53964,0,3378068440.000,0,-,-,-,-,5360.6000,5360.0000,5358.2000,5358.0000,5357.8000,5361.8000,5362.8000,5363.8000,5364.0000,5364.2000,1,1,1,3,2,1,1,1,1,1
SF,IC2003,2020-01-03 10:13:21.900,5361.8000,53965,1,3379140800.000,1,1,0,双开,S,5360.8000,5360.6000,5360.0000,5358.2000,5358.0000,5362.8000,5363.8000,5364.0000,5364.2000,5365.0000,1,1,1,1,3,1,1,1,1,10
SF,IC2003,2020-01-03 10:13:22.900,5361.8000,53965,0,3379140800.000,0,-,-,-,-,5360.8000,5360.6000,5360.0000,5358.2000,5358.0000,5362.8000,5363.8000,5364.0000,5364.2000,5365.0000,1,1,1,2,3,1,1,1,1,10
SF,IC2003,2020-01-03 10:13:23.400,5361.8000,53965,0,3379140800.000,0,-,-,-,-,5361.0000,5360.8000,5360.6000,5360.0000,5358.2000,5362.8000,5363.8000,5364.0000,5364.2000,5365.0000,1,1,1,1,2,1,1,1,1,10
SF,IC2003,2020-01-03 10:13:23.900,5361.8000,53965,0,3379140800.000,0,-,-,-,-,5361.0000,5360.8000,5360.6000,5360.0000,5358.2000,5362.6000,5362.8000,5363.8000,5364.0000,5364.2000,1,1,1,1,2,1,1,1,1,1
SF,IC2003,2020-01-03 10:13:24.400,5361.8000,53965,0,3379140800.000,0,-,-,-,-,5361.0000,5360.8000,5360.6000,5360.0000,5358.2000,5362.6000,5362.8000,5363.8000,5364.0000,5364.2000,2,1,1,1,2,1,1,1,1,1
SF,IC2003,2020-01-03 10:13:24.900,5361.8000,53965,0,3379140800.000,0,-,-,-,-,5361.0000,5360.8000,5360.6000,5360.0000,5358.2000,5362.6000,5362.8000,5363.6000,5363.8000,5364.0000,1,1,1,1,2,2,1,1,1,1
SF,IC2003,2020-01-03 10:13:25.400,5361.8000,53965,0,3379140800.000,0,-,-,-,-,5361.0000,5360.8000,5360.6000,5360.0000,5358.2000,5362.6000,5362.8000,5363.6000,5363.8000,5364.0000,1,1,1,1,2,2,1,1,1,1
SF,IC2003,2020-01-03 10:13:25.900,5361.8000,53965,0,3379140800.000,0,-,-,-,-,5361.0000,5360.8000,5360.6000,5360.0000,5358.2000,5362.6000,5362.8000,5363.6000,5363.8000,5364.0000,2,1,1,1,2,2,1,1,1,1
SF,IC2003,2020-01-03 10:13:26.400,5361.8000,53965,0,3379140800.000,0,-,-,-,-,5361.0000,5360.8000,5360.6000,5360.0000,5358.2000,5362.6000,5362.8000,5363.6000,5363.8000,5364.0000,1,1,1,1,2,2,1,1,1,1
SF,IC2003,2020-01-03 10:13:26.900,5361.8000,53965,0,3379140800.000,0,-,-,-,-,5360.8000,5360.6000,5360.0000,5358.2000,5358.0000,5362.6000,5362.8000,5363.6000,5363.8000,5364.0000,1,1,2,2,3,2,1,1,1,1
SF,IC2003,2020-01-03 10:13:27.900,5361.8000,53965,0,3379140800.000,0,-,-,-,-,5360.8000,5360.6000,5360.0000,5358.2000,5358.0000,5362.6000,5362.8000,5363.6000,5363.8000,5364.0000,1,1,2,2,3,1,1,1,1,1
SF,IC2003,2020-01-03 10:13:28.900,5360.8000,53964,-1,3380212960.000,1,0,1,双平,S,5360.6000,5360.0000,5358.2000,5358.0000,5357.8000,5362.6000,5362.8000,5363.6000,5363.8000,5364.0000,1,2,2,3,2,1,1,1,1,1
SF,IC2003,2020-01-03 10:13:29.400,5360.8000,53964,0,3380212960.000,0,-,-,-,-,5360.6000,5360.0000,5358.2000,5358.0000,5357.8000,5362.4000,5362.6000,5362.8000,5363.6000,5363.8000,1,2,2,3,2,2,1,1,1,1
SF,IC2003,2020-01-03 10:13:29.900,5360.8000,53964,0,3380212960.000,0,-,-,-,-,5360.6000,5360.0000,5358.2000,5358.0000,5357.8000,5362.4000,5362.6000,5362.8000,5363.6000,5363.8000,1,2,2,3,2,2,1,1,1,3
SF,IC2003,2020-01-03 10:13:30.400,5360.8000,53964,0,3380212960.000,0,-,-,-,-,5361.0000,5360.6000,5360.0000,5358.2000,5358.0000,5362.2000,5362.4000,5362.8000,5363.6000,5363.8000,1,1,2,2,3,1,2,1,1,3
SF,IC2003,2020-01-03 10:13:30.900,5360.8000,53964,0,3380212960.000,0,-,-,-,-,5360.6000,5360.0000,5358.2000,5358.0000,5357.8000,5362.0000,5362.2000,5362.4000,5362.8000,5363.6000,1,2,2,3,1,1,1,1,1,1
SF,IC2003,2020-01-03 10:13:31.400,5360.8000,53964,0,3380212960.000,0,-,-,-,-,5361.6000,5360.8000,5360.6000,5360.0000,5358.2000,5362.0000,5362.2000,5362.4000,5362.8000,5363.6000,2,1,1,2,2,1,1,1,1,1
SF,IC2003,2020-01-03 10:13:31.900,5362.2000,53963,-1,3382357800.000,2,0,2,多平,S,5360.8000,5360.6000,5360.0000,5358.2000,5358.0000,5362.4000,5362.8000,5363.6000,5363.8000,5364.2000,1,1,2,2,3,1,1,1,3,1
SF,IC2003,2020-01-03 10:13:32.400,5362.4000,53962,-1,3383430280.000,1,0,1,双平,S,5362.2000,5361.2000,5361.0000,5360.8000,5360.6000,5362.8000,5363.6000,5363.8000,5364.2000,5365.0000,6,1,2,2,1,1,1,3,1,10
SF,IC2003,2020-01-03 10:13:32.900,5362.2000,53961,-1,3384502720.000,1,0,1,双平,S,5361.2000,5361.0000,5360.8000,5360.6000,5360.0000,5363.6000,5363.8000,5364.2000,5365.0000,5365.2000,1,1,1,1,2,1,2,1,10,1
SF,IC2003,2020-01-03 10:13:33.400,5362.2000,53961,0,3384502720.000,0,-,-,-,-,5361.6000,5361.2000,5361.0000,5360.8000,5360.6000,5363.2000,5363.6000,5363.8000,5364.2000,5365.0000,2,1,1,1,1,1,1,2,1,10
SF,IC2003,2020-01-03 10:13:33.900,5362.2000,53961,0,3384502720.000,0,-,-,-,-,5361.2000,5361.0000,5360.8000,5360.6000,5360.0000,5363.2000,5363.6000,5363.8000,5364.2000,5365.0000,1,1,1,1,3,1,1,2,1,10
SF,IC2003,2020-01-03 10:13:34.400,5362.2000,53961,0,3384502720.000,0,-,-,-,-,5362.6000,5362.4000,5361.4000,5361.2000,5361.0000,5363.2000,5363.6000,5363.8000,5364.2000,5365.0000,2,3,4,1,1,1,1,2,1,10
SF,IC2003,2020-01-03 10:13:34.900,5362.6000,53959,-2,3386647760.000,2,0,2,双平,S,5361.4000,5361.0000,5360.6000,5360.0000,5358.2000,5363.6000,5363.8000,5364.2000,5365.0000,5365.2000,1,1,1,3,2,1,2,1,10,1
SF,IC2003,2020-01-03 10:13:35.400,5362.6000,53959,0,3386647760.000,0,-,-,-,-,5361.8000,5361.4000,5361.0000,5360.6000,5360.0000,5363.6000,5363.8000,5364.2000,5365.0000,5365.2000,2,2,1,1,3,1,2,1,10,1
SF,IC2003,2020-01-03 10:13:35.900,5362.6000,53959,0,3386647760.000,0,-,-,-,-,5362.2000,5361.4000,5361.0000,5360.6000,5360.0000,5363.6000,5363.8000,5364.2000,5365.0000,5365.2000,2,2,1,1,3,1,2,1,10,1
SF,IC2003,2020-01-03 10:13:36.400,5362.6000,53959,0,3386647760.000,0,-,-,-,-,5361.4000,5361.0000,5360.6000,5360.0000,5358.2000,5363.6000,5363.8000,5364.2000,5365.0000,5365.2000,1,1,1,3,2,1,2,1,10,1
SF,IC2003,2020-01-03 10:13:36.900,5362.6000,53959,0,3386647760.000,0,-,-,-,-,5361.8000,5361.4000,5361.0000,5360.6000,5360.0000,5363.6000,5363.8000,5364.2000,5365.0000,5365.2000,3,1,1,1,3,1,2,1,10,1
SF,IC2003,2020-01-03 10:13:37.400,5362.6000,53959,0,3386647760.000,0,-,-,-,-,5361.8000,5361.4000,5361.0000,5360.6000,5360.0000,5363.6000,5363.8000,5364.2000,5365.0000,5365.2000,1,1,1,1,3,1,2,1,10,1
SF,IC2003,2020-01-03 10:13:37.900,5362.6000,53959,0,3386647760.000,0,-,-,-,-,5362.2000,5361.8000,5361.4000,5361.0000,5360.6000,5363.6000,5363.8000,5364.2000,5365.0000,5365.2000,1,1,1,1,1,1,2,1,10,1
SF,IC2003,2020-01-03 10:13:38.400,5362.6000,53959,0,3386647760.000,0,-,-,-,-,5361.8000,5361.4000,5361.0000,5360.6000,5360.0000,5363.6000,5363.8000,5364.2000,5365.0000,5365.2000,1,1,1,1,3,1,2,1,10,1
SF,IC2003,2020-01-03 10:13:38.900,5362.6000,53959,0,3386647760.000,0,-,-,-,-,5362.2000,5361.8000,5361.4000,5361.0000,5360.6000,5363.6000,5363.8000,5364.2000,5365.0000,5365.2000,1,1,1,1,1,1,2,1,10,1
SF,IC2003,2020-01-03 10:13:39.400,5362.6000,53959,0,3386647760.000,0,-,-,-,-,5361.8000,5361.4000,5361.0000,5360.6000,5360.0000,5363.6000,5363.8000,5364.2000,5365.0000,5365.2000,1,1,1,1,3,1,2,1,10,1
SF,IC2003,2020-01-03 10:13:39.900,5362.6000,53959,0,3386647760.000,0,-,-,-,-,5361.4000,5360.6000,5360.0000,5358.2000,5358.0000,5363.2000,5363.4000,5363.6000,5363.8000,5364.2000,1,1,3,2,3,1,1,3,2,1
SF,IC2003,2020-01-03 10:13:40.400,5362.6000,53959,0,3386647760.000,0,-,-,-,-,5362.2000,5360.6000,5360.0000,5358.2000,5358.0000,5363.2000,5363.4000,5363.6000,5363.8000,5364.2000,1,1,3,2,3,1,1,3,2,1
SF,IC2003,2020-01-03 10:13:40.900,5362.6000,53959,0,3386647760.000,0,-,-,-,-,5362.2000,5360.6000,5360.0000,5358.2000,5358.0000,5363.2000,5363.4000,5363.6000,5363.8000,5364.2000,1,1,3,2,3,1,1,3,2,1
SF,IC2003,2020-01-03 10:13:41.400,5362.2000,53959,0,3387720200.000,1,0,1,多换,S,5360.6000,5360.0000,5358.2000,5358.0000,5357.8000,5363.2000,5363.4000,5363.6000,5363.8000,5364.2000,1,3,2,3,1,1,1,2,2,1
SF,IC2003,2020-01-03 10:13:41.900,5362.2000,53959,0,3387720200.000,0,-,-,-,-,5361.6000,5361.2000,5361.0000,5360.8000,5360.6000,5363.0000,5363.2000,5363.6000,5363.8000,5364.2000,1,1,5,2,1,1,1,2,2,1
SF,IC2003,2020-01-03 10:13:42.400,5362.2000,53959,0,3387720200.000,0,-,-,-,-,5361.8000,5361.6000,5361.0000,5360.6000,5360.0000,5363.6000,5363.8000,5364.2000,5365.0000,5365.2000,1,1,3,1,3,2,2,1,10,1
SF,IC2003,2020-01-03 10:13:42.900,5362.2000,53959,0,3387720200.000,0,-,-,-,-,5362.2000,5361.8000,5361.6000,5361.0000,5360.6000,5363.6000,5363.8000,5364.2000,5365.0000,5365.2000,2,1,1,1,1,1,2,1,10,1
SF,IC2003,2020-01-03 10:13:43.400,5362.2000,53959,0,3387720200.000,0,-,-,-,-,5361.8000,5361.6000,5361.0000,5360.6000,5360.0000,5363.6000,5363.8000,5364.2000,5365.0000,5365.2000,1,1,1,1,3,1,2,1,10,1
SF,IC2003,2020-01-03 10:13:43.900,5362.2000,53959,0,3387720200.000,0,-,-,-,-,5361.8000,5361.6000,5361.0000,5360.6000,5360.0000,5363.6000,5363.8000,5364.2000,5365.0000,5365.2000,1,1,1,1,3,2,2,1,10,1
SF,IC2003,2020-01-03 10:13:45.400,5362.2000,53959,0,3387720200.000,0,-,-,-,-,5361.8000,5361.6000,5361.0000,5360.6000,5360.0000,5363.6000,5363.8000,5364.2000,5365.0000,5365.2000,1,1,1,1,3,2,2,1,10,1
SF,IC2003,2020-01-03 10:13:45.900,5362.2000,53959,0,3387720200.000,0,-,-,-,-,5361.6000,5361.0000,5360.6000,5360.0000,5358.2000,5363.6000,5363.8000,5364.2000,5365.0000,5365.2000,1,1,1,3,2,2,2,1,10,1
SF,IC2003,2020-01-03 10:13:46.400,5362.2000,53959,0,3387720200.000,0,-,-,-,-,5361.6000,5361.0000,5360.6000,5360.0000,5358.2000,5363.2000,5363.6000,5363.8000,5364.2000,5365.0000,1,1,1,3,2,1,2,2,1,10
SF,IC2003,2020-01-03 10:13:46.900,5362.2000,53959,0,3387720200.000,0,-,-,-,-,5361.8000,5361.6000,5361.0000,5360.6000,5360.0000,5363.2000,5363.6000,5363.8000,5364.2000,5365.0000,1,1,1,1,3,1,4,2,1,10
SF,IC2003,2020-01-03 10:13:47.400,5362.2000,53959,0,3387720200.000,0,-,-,-,-,5361.8000,5361.6000,5361.0000,5360.6000,5360.0000,5363.0000,5363.2000,5363.4000,5363.6000,5363.8000,1,1,1,1,3,1,1,1,3,2
SF,IC2003,2020-01-03 10:13:48.400,5363.0000,53960,1,3388792800.000,1,1,0,双开,S,5363.0000,5361.8000,5361.6000,5361.0000,5360.6000,5363.2000,5363.4000,5363.6000,5363.8000,5364.2000,4,1,1,1,1,1,1,3,2,1
SF,IC2003,2020-01-03 10:13:48.900,5363.0000,53961,1,3393083200.000,4,2,2,空开,S,5361.8000,5361.6000,5361.0000,5360.6000,5360.0000,5362.8000,5363.0000,5363.4000,5363.6000,5363.8000,1,1,1,1,3,2,4,1,3,2
SF,IC2003,2020-01-03 10:13:49.400,5363.0000,53961,0,3393083200.000,0,-,-,-,-,5361.8000,5361.6000,5361.0000,5360.6000,5360.0000,5362.6000,5362.8000,5363.0000,5363.4000,5363.6000,1,1,1,1,3,1,1,3,1,3
SF,IC2003,2020-01-03 10:13:49.900,5363.0000,53961,0,3393083200.000,0,-,-,-,-,5361.8000,5360.6000,5360.0000,5358.2000,5358.0000,5362.4000,5362.8000,5363.0000,5363.4000,5363.6000,1,1,3,2,3,1,1,3,1,3
SF,IC2003,2020-01-03 10:13:50.400,5363.0000,53961,0,3393083200.000,0,-,-,-,-,5361.8000,5360.6000,5360.0000,5358.2000,5358.0000,5362.2000,5362.8000,5363.0000,5363.4000,5363.6000,1,1,4,2,3,1,1,3,1,2
SF,IC2003,2020-01-03 10:13:50.900,5363.0000,53961,0,3393083200.000,0,-,-,-,-,5361.8000,5360.6000,5360.0000,5358.2000,5358.0000,5362.0000,5362.8000,5363.0000,5363.4000,5363.6000,1,1,4,2,3,1,1,3,1,2
SF,IC2003,2020-01-03 10:13:51.400,5361.8000,53961,0,3394155560.000,1,0,1,多换,S,5360.6000,5360.0000,5358.2000,5358.0000,5357.8000,5362.8000,5363.0000,5363.4000,5363.6000,5363.8000,1,4,2,3,1,2,3,1,2,2
SF,IC2003,2020-01-03 10:13:51.900,5361.8000,53961,0,3394155560.000,0,-,-,-,-,5360.8000,5360.6000,5360.0000,5358.2000,5358.0000,5362.8000,5363.0000,5363.4000,5363.6000,5363.8000,1,1,4,2,3,1,3,1,2,2
SF,IC2003,2020-01-03 10:13:52.400,5361.8000,53961,0,3394155560.000,0,-,-,-,-,5361.0000,5360.6000,5360.0000,5358.2000,5358.0000,5362.8000,5363.0000,5363.4000,5363.6000,5363.8000,1,1,4,2,3,2,3,1,2,2
SF,IC2003,2020-01-03 10:13:52.900,5361.8000,53961,0,3394155560.000,0,-,-,-,-,5361.2000,5360.6000,5360.0000,5358.2000,5358.0000,5362.8000,5363.0000,5363.4000,5363.6000,5363.8000,1,1,4,2,3,2,3,1,2,2
SF,IC2003,2020-01-03 10:13:53.400,5361.8000,53961,0,3394155560.000,0,-,-,-,-,5361.4000,5360.6000,5360.0000,5358.2000,5358.0000,5362.8000,5363.0000,5363.4000,5363.6000,5363.8000,1,1,4,2,3,2,3,1,2,2
SF,IC2003,2020-01-03 10:13:53.900,5361.8000,53961,0,3394155560.000,0,-,-,-,-,5361.4000,5360.6000,5360.0000,5358.2000,5358.0000,5362.8000,5363.0000,5363.4000,5363.6000,5363.8000,1,1,4,2,3,2,3,1,2,2
SF,IC2003,2020-01-03 10:13:57.900,5361.8000,53961,0,3394155560.000,0,-,-,-,-,5361.4000,5360.6000,5360.0000,5358.2000,5358.0000,5362.8000,5363.0000,5363.4000,5363.6000,5363.8000,1,1,4,2,3,2,1,1,2,2
SF,IC2003,2020-01-03 10:13:58.400,5361.8000,53961,0,3394155560.000,0,-,-,-,-,5360.6000,5360.0000,5358.2000,5358.0000,5357.8000,5362.8000,5363.0000,5363.4000,5363.6000,5363.8000,1,4,2,3,1,2,1,1,2,2
SF,IC2003,2020-01-03 10:13:58.900,5361.8000,53961,0,3394155560.000,0,-,-,-,-,5361.0000,5360.8000,5360.6000,5360.0000,5358.2000,5362.8000,5363.0000,5363.4000,5363.6000,5363.8000,3,2,1,4,2,2,1,1,2,2
SF,IC2003,2020-01-03 10:13:59.900,5361.8000,53961,0,3394155560.000,0,-,-,-,-,5361.0000,5360.8000,5360.6000,5360.0000,5358.2000,5362.8000,5363.0000,5363.4000,5363.6000,5363.8000,1,2,1,4,2,2,1,1,2,2
SF,IC2003,2020-01-03 10:14:00.400,5361.8000,53961,0,3394155560.000,0,-,-,-,-,5361.4000,5361.0000,5360.8000,5360.6000,5360.0000,5362.8000,5363.0000,5363.4000,5363.6000,5363.8000,1,1,2,1,4,2,1,1,2,2
SF,IC2003,2020-01-03 10:14:00.900,5361.8000,53961,0,3394155560.000,0,-,-,-,-,5361.0000,5360.8000,5360.6000,5360.0000,5358.2000,5362.8000,5363.0000,5363.4000,5363.6000,5363.8000,1,2,1,4,2,2,1,1,2,2
SF,IC2003,2020-01-03 10:14:01.400,5361.8000,53961,0,3394155560.000,0,-,-,-,-,5361.4000,5361.0000,5360.8000,5360.6000,5360.0000,5362.8000,5363.0000,5363.4000,5363.6000,5363.8000,2,1,2,1,4,2,1,1,2,2
SF,IC2003,2020-01-03 10:14:01.900,5361.8000,53961,0,3394155560.000,0,-,-,-,-,5361.0000,5360.8000,5360.6000,5360.0000,5358.2000,5362.8000,5363.0000,5363.4000,5363.6000,5363.8000,1,2,1,4,2,2,1,1,2,2
SF,IC2003,2020-01-03 10:14:02.900,5361.8000,53961,0,3394155560.000,0,-,-,-,-,5361.4000,5361.0000,5360.8000,5360.6000,5360.0000,5362.8000,5363.0000,5363.4000,5363.6000,5363.8000,2,1,2,1,4,2,1,1,2,2
SF,IC2003,2020-01-03 10:14:03.400,5361.8000,53961,0,3394155560.000,0,-,-,-,-,5361.0000,5360.8000,5360.6000,5360.0000,5358.2000,5362.8000,5363.0000,5363.4000,5363.6000,5363.8000,1,2,1,4,2,2,1,1,2,2
SF,IC2003,2020-01-03 10:14:03.900,5361.8000,53961,0,3394155560.000,0,-,-,-,-,5361.4000,5361.0000,5360.8000,5360.6000,5360.0000,5362.8000,5363.0000,5363.4000,5363.6000,5363.8000,2,1,2,1,4,2,1,1,2,2
SF,IC2003,2020-01-03 10:14:04.400,5361.8000,53961,0,3394155560.000,0,-,-,-,-,5361.0000,5360.8000,5360.6000,5360.0000,5358.2000,5362.6000,5362.8000,5363.0000,5363.4000,5363.6000,1,2,1,4,2,1,2,1,1,1
SF,IC2003,2020-01-03 10:14:05.400,5361.8000,53961,0,3394155560.000,0,-,-,-,-,5361.0000,5360.8000,5360.6000,5360.0000,5358.2000,5362.6000,5362.8000,5363.0000,5363.4000,5363.6000,4,2,1,4,2,1,2,1,1,1
SF,IC2003,2020-01-03 10:14:05.900,5361.8000,53961,0,3394155560.000,0,-,-,-,-,5361.0000,5360.8000,5360.6000,5360.0000,5358.2000,5362.6000,5362.8000,5363.0000,5363.4000,5363.6000,4,2,1,4,2,1,1,1,1,1
SF,IC2003,2020-01-03 10:14:06.400,5361.8000,53961,0,3394155560.000,0,-,-,-,-,5361.0000,5360.8000,5360.6000,5360.0000,5358.2000,5362.6000,5362.8000,5363.0000,5363.4000,5363.6000,4,2,1,4,2,1,1,2,1,1
SF,IC2003,2020-01-03 10:14:06.900,5361.8000,53961,0,3394155560.000,0,-,-,-,-,5361.0000,5360.8000,5360.6000,5360.0000,5358.2000,5362.0000,5362.6000,5362.8000,5363.0000,5363.4000,4,1,1,4,2,1,3,1,2,1
SF,IC2003,2020-01-03 10:14:07.400,5361.0000,53962,1,3397372160.000,3,2,1,空开,S,5360.8000,5360.6000,5360.0000,5358.2000,5358.0000,5362.0000,5362.6000,5362.8000,5363.0000,5363.4000,1,1,4,2,3,1,3,1,1,1
SF,IC2003,2020-01-03 10:14:07.900,5360.6000,53962,0,3398444280.000,1,0,1,多换,S,5360.0000,5358.2000,5358.0000,5357.8000,5357.0000,5360.6000,5361.0000,5361.6000,5361.8000,5362.0000,4,2,3,1,2,1,1,1,2,3
SF,IC2003,2020-01-03 10:14:08.400,5360.6000,53961,-1,3402732400.000,4,1,3,多平,S,5360.0000,5358.2000,5358.0000,5357.8000,5357.0000,5360.6000,5361.6000,5361.8000,5362.0000,5362.6000,1,2,3,1,2,1,1,1,3,2
SF,IC2003,2020-01-03 10:14:08.900,5360.0000,53961,0,3403804400.000,1,0,1,多换,S,5358.2000,5358.0000,5357.8000,5357.0000,5356.2000,5360.0000,5360.6000,5362.0000,5362.6000,5362.8000,2,3,1,2,1,2,1,3,2,1
SF,IC2003,2020-01-03 10:14:09.400,5360.0000,53961,0,3403804400.000,0,-,-,-,-,5358.6000,5358.4000,5358.2000,5358.0000,5357.8000,5359.8000,5360.0000,5362.0000,5362.6000,5362.8000,3,1,2,3,1,2,2,2,1,1
SF,IC2003,2020-01-03 10:14:09.900,5359.8000,53961,0,3404876360.000,1,0,1,多换,S,5358.6000,5358.4000,5358.2000,5358.0000,5357.8000,5359.8000,5360.0000,5362.0000,5362.6000,5362.8000,1,1,2,3,1,2,1,2,1,1
SF,IC2003,2020-01-03 10:14:10.900,5359.8000,53959,-2,3407020280.000,2,0,2,双平,S,5358.6000,5358.4000,5358.2000,5358.0000,5357.8000,5360.0000,5362.0000,5362.6000,5362.8000,5363.0000,2,1,2,3,1,1,2,1,1,1
SF,IC2003,2020-01-03 10:14:11.400,5360.0000,53958,-1,3408092280.000,1,0,1,双平,S,5360.0000,5359.6000,5358.8000,5358.6000,5358.4000,5362.0000,5362.6000,5362.8000,5363.0000,5363.4000,1,1,1,2,1,1,1,1,1,1
SF,IC2003,2020-01-03 10:14:11.900,5360.0000,53957,-1,3409164280.000,1,0,1,双平,S,5358.8000,5358.6000,5358.2000,5358.0000,5357.8000,5359.8000,5361.0000,5361.2000,5361.4000,5361.6000,1,1,2,3,1,1,2,2,1,2
SF,IC2003,2020-01-03 10:14:12.400,5361.0000,53956,-1,3411308440.000,2,0,2,多平,S,5358.8000,5358.6000,5358.2000,5358.0000,5357.8000,5361.0000,5361.2000,5361.6000,5362.0000,5362.6000,1,1,2,3,1,1,1,1,1,1
SF,IC2003,2020-01-03 10:14:13.400,5361.0000,53956,0,3411308440.000,0,-,-,-,-,5358.8000,5358.6000,5358.2000,5358.0000,5357.8000,5361.0000,5361.2000,5361.6000,5362.0000,5362.6000,1,1,2,3,1,2,1,1,1,1
SF,IC2003,2020-01-03 10:14:13.900,5361.0000,53956,0,3411308440.000,0,-,-,-,-,5358.8000,5358.6000,5358.2000,5358.0000,5357.8000,5360.6000,5360.8000,5361.0000,5361.2000,5361.6000,1,1,2,3,1,1,1,2,1,1
SF,IC2003,2020-01-03 10:14:14.400,5361.0000,53956,0,3411308440.000,0,-,-,-,-,5358.8000,5358.2000,5358.0000,5357.8000,5357.0000,5360.6000,5360.8000,5361.0000,5361.2000,5361.6000,1,2,3,1,2,1,1,2,1,1
SF,IC2003,2020-01-03 10:14:15.400,5361.0000,53956,0,3411308440.000,0,-,-,-,-,5358.8000,5358.2000,5358.0000,5357.8000,5357.0000,5360.2000,5360.6000,5360.8000,5361.0000,5361.2000,1,2,3,1,2,1,1,1,2,1
SF,IC2003,2020-01-03 10:14:15.900,5361.0000,53956,0,3411308440.000,0,-,-,-,-,5358.8000,5358.2000,5358.0000,5357.8000,5357.0000,5360.2000,5360.6000,5361.0000,5361.2000,5361.6000,1,2,3,1,2,1,1,2,1,1
SF,IC2003,2020-01-03 10:14:16.400,5361.0000,53956,0,3411308440.000,0,-,-,-,-,5358.8000,5358.2000,5358.0000,5357.8000,5357.0000,5360.2000,5360.6000,5361.0000,5361.2000,5361.6000,1,2,3,1,2,1,1,1,1,1
SF,IC2003,2020-01-03 10:14:16.900,5361.0000,53956,0,3411308440.000,0,-,-,-,-,5358.8000,5358.2000,5358.0000,5357.8000,5357.0000,5360.2000,5360.6000,5361.0000,5361.2000,5361.6000,1,3,3,1,2,1,1,1,1,1
SF,IC2003,2020-01-03 10:14:17.900,5361.0000,53956,0,3411308440.000,0,-,-,-,-,5358.8000,5358.2000,5358.0000,5357.8000,5357.0000,5360.2000,5360.6000,5361.0000,5361.2000,5361.6000,2,3,3,1,2,1,1,1,1,1
SF,IC2003,2020-01-03 10:14:18.400,5361.0000,53956,0,3411308440.000,0,-,-,-,-,5358.2000,5358.0000,5357.8000,5357.0000,5356.2000,5360.2000,5360.6000,5361.0000,5361.2000,5361.6000,3,3,1,2,1,1,1,1,1,1
SF,IC2003,2020-01-03 10:14:18.900,5361.0000,53956,0,3411308440.000,0,-,-,-,-,5358.8000,5358.4000,5358.2000,5358.0000,5357.8000,5360.2000,5360.6000,5361.0000,5361.2000,5361.6000,1,3,3,3,1,2,1,1,1,1
SF,IC2003,2020-01-03 10:14:19.400,5361.0000,53956,0,3411308440.000,0,-,-,-,-,5358.8000,5358.4000,5358.2000,5358.0000,5357.8000,5360.2000,5360.6000,5361.0000,5361.2000,5361.6000,2,1,3,3,1,2,1,1,1,1
SF,IC2003,2020-01-03 10:14:20.400,5361.0000,53956,0,3411308440.000,0,-,-,-,-,5358.8000,5358.4000,5358.2000,5358.0000,5357.8000,5360.2000,5360.6000,5361.0000,5361.2000,5361.6000,2,1,3,3,1,2,1,1,1,1
SF,IC2003,2020-01-03 10:14:21.400,5361.0000,53956,0,3411308440.000,0,-,-,-,-,5358.8000,5358.2000,5358.0000,5357.8000,5357.0000,5360.2000,5360.6000,5361.0000,5361.2000,5361.6000,1,3,5,1,2,2,1,1,1,1
SF,IC2003,2020-01-03 10:14:21.900,5359.8000,53955,-1,3412380400.000,1,0,1,双平,S,5359.8000,5358.8000,5358.2000,5358.0000,5357.8000,5360.2000,5360.6000,5361.0000,5361.2000,5361.6000,1,2,3,5,1,2,1,1,1,1
SF,IC2003,2020-01-03 10:14:22.400,5360.2000,53954,-1,3414524480.000,2,0,2,多平,S,5358.8000,5358.2000,5358.0000,5357.8000,5357.0000,5360.6000,5361.0000,5361.2000,5361.6000,5362.6000,2,3,5,1,2,1,1,1,1,1
SF,IC2003,2020-01-03 10:14:22.900,5360.2000,53954,0,3414524480.000,0,-,-,-,-,5360.0000,5359.4000,5359.2000,5359.0000,5358.8000,5361.0000,5361.2000,5361.6000,5362.6000,5362.8000,2,1,2,3,2,1,1,1,1,1
SF,IC2003,2020-01-03 10:14:23.400,5360.2000,53954,0,3414524480.000,0,-,-,-,-,5359.4000,5359.0000,5358.8000,5358.2000,5358.0000,5361.0000,5361.2000,5361.6000,5362.6000,5362.8000,1,3,2,3,5,1,1,1,1,1
SF,IC2003,2020-01-03 10:14:23.900,5360.2000,53954,0,3414524480.000,0,-,-,-,-,5359.4000,5359.0000,5358.8000,5358.2000,5358.0000,5361.0000,5361.2000,5361.6000,5362.8000,5363.0000,1,2,2,3,5,1,1,1,1,1
SF,IC2003,2020-01-03 10:14:24.400,5360.2000,53954,0,3414524480.000,0,-,-,-,-,5358.2000,5358.0000,5357.8000,5357.0000,5356.2000,5360.2000,5360.6000,5360.8000,5361.0000,5361.2000,3,5,1,2,2,1,1,1,2,1
SF,IC2003,2020-01-03 10:14:24.900,5360.2000,53954,0,3414524480.000,0,-,-,-,-,5358.4000,5358.2000,5358.0000,5357.8000,5357.0000,5360.6000,5360.8000,5361.0000,5361.2000,5361.6000,1,3,5,1,2,2,1,2,1,1
SF,IC2003,2020-01-03 10:14:25.400,5360.2000,53954,0,3414524480.000,0,-,-,-,-,5359.2000,5358.4000,5358.2000,5358.0000,5357.8000,5359.8000,5360.4000,5360.6000,5360.8000,5361.0000,1,1,3,5,1,1,1,2,1,2
SF,IC2003,2020-01-03 10:14:25.900,5360.2000,53954,0,3414524480.000,0,-,-,-,-,5359.2000,5358.4000,5358.2000,5358.0000,5357.8000,5359.8000,5360.6000,5361.0000,5361.2000,5361.6000,1,1,3,5,1,1,2,2,1,1
SF,IC2003,2020-01-03 10:14:26.400,5359.2000,53953,-1,3415596320.000,1,0,1,双平,S,5358.4000,5358.2000,5358.0000,5357.8000,5357.0000,5359.8000,5360.6000,5361.0000,5361.2000,5361.6000,1,3,5,1,2,1,2,2,1,1
SF,IC2003,2020-01-03 10:14:26.900,5358.4000,53954,1,3416668000.000,1,1,0,双开,S,5358.4000,5358.2000,5358.0000,5357.8000,5357.0000,5359.8000,5360.6000,5361.0000,5361.2000,5361.6000,1,3,5,1,2,1,2,2,1,1
SF,IC2003,2020-01-03 10:14:27.400,5358.4000,53954,0,3416668000.000,0,-,-,-,-,5358.4000,5358.2000,5358.0000,5357.8000,5357.0000,5360.6000,5361.0000,5361.2000,5361.6000,5362.8000,1,3,5,1,2,2,2,1,1,1
SF,IC2003,2020-01-03 10:14:27.900,5358.4000,53954,0,3416668000.000,0,-,-,-,-,5358.4000,5358.2000,5358.0000,5357.8000,5357.0000,5359.4000,5360.4000,5360.6000,5361.0000,5361.2000,1,3,5,1,2,1,2,2,2,1
SF,IC2003,2020-01-03 10:14:28.400,5358.4000,53954,0,3416668000.000,0,-,-,-,-,5358.4000,5358.2000,5358.0000,5357.8000,5357.0000,5359.4000,5360.4000,5360.6000,5361.0000,5361.2000,1,3,5,1,2,1,1,1,2,1
SF,IC2003,2020-01-03 10:14:29.400,5358.4000,53954,0,3416668000.000,0,-,-,-,-,5358.4000,5358.2000,5358.0000,5357.8000,5357.0000,5359.4000,5360.2000,5360.4000,5361.0000,5361.2000,1,3,5,1,2,1,1,1,2,1
SF,IC2003,2020-01-03 10:14:30.400,5358.4000,53954,0,3416668000.000,0,-,-,-,-,5358.4000,5358.2000,5358.0000,5357.8000,5357.0000,5359.4000,5360.2000,5361.0000,5361.2000,5361.6000,1,3,5,1,2,1,1,2,1,1
SF,IC2003,2020-01-03 10:14:30.900,5358.4000,53954,0,3416668000.000,0,-,-,-,-,5358.4000,5358.2000,5358.0000,5357.8000,5357.0000,5359.4000,5360.2000,5361.0000,5361.2000,5361.6000,1,3,5,1,2,1,1,2,1,1
SF,IC2003,2020-01-03 10:14:31.900,5358.4000,53954,0,3416668000.000,0,-,-,-,-,5358.4000,5358.2000,5358.0000,5357.8000,5357.0000,5359.4000,5360.0000,5360.2000,5361.0000,5361.2000,1,3,5,1,2,1,2,1,2,1
SF,IC2003,2020-01-03 10:14:33.400,5358.4000,53954,0,3416668000.000,0,-,-,-,-,5358.4000,5358.2000,5358.0000,5357.8000,5357.0000,5360.0000,5360.2000,5361.0000,5361.2000,5361.6000,1,3,5,1,2,2,1,2,1,1
SF,IC2003,2020-01-03 10:14:33.900,5358.4000,53953,-1,3419883000.000,3,1,2,多平,S,5358.4000,5358.2000,5358.0000,5357.8000,5356.2000,5358.8000,5359.0000,5359.4000,5359.6000,5359.8000,1,2,5,1,2,3,1,1,1,4
SF,IC2003,2020-01-03 10:14:34.400,5358.4000,53951,-2,3424169640.000,4,1,3,多平,S,5358.0000,5357.8000,5356.2000,5355.8000,5355.0000,5358.6000,5359.4000,5359.6000,5359.8000,5360.0000,5,1,2,1,3,1,1,1,3,2
SF,IC2003,2020-01-03 10:14:34.900,5358.4000,53951,0,3424169640.000,0,-,-,-,-,5358.0000,5357.8000,5356.2000,5355.8000,5355.0000,5358.6000,5359.4000,5359.6000,5359.8000,5360.0000,5,1,2,1,3,1,1,1,2,2
SF,IC2003,2020-01-03 10:14:35.400,5358.4000,53951,0,3424169640.000,0,-,-,-,-,5358.0000,5357.8000,5356.2000,5355.8000,5355.0000,5358.6000,5359.4000,5359.6000,5359.8000,5360.0000,4,1,2,1,3,1,1,1,2,2
SF,IC2003,2020-01-03 10:14:35.900,5358.4000,53951,0,3424169640.000,0,-,-,-,-,5358.0000,5357.8000,5356.2000,5356.0000,5355.8000,5358.6000,5359.6000,5359.8000,5360.0000,5361.6000,4,1,2,1,1,1,1,1,2,1
SF,IC2003,2020-01-03 10:14:36.900,5358.4000,53951,0,3424169640.000,0,-,-,-,-,5358.0000,5357.8000,5356.2000,5356.0000,5355.8000,5358.6000,5359.6000,5360.0000,5361.6000,5362.8000,4,1,2,1,1,2,1,2,1,1
SF,IC2003,2020-01-03 10:14:37.900,5358.0000,53950,-1,3425241240.000,1,0,1,双平,S,5358.0000,5357.8000,5356.2000,5356.0000,5355.8000,5358.6000,5359.6000,5360.0000,5361.6000,5362.8000,3,1,2,1,1,2,1,2,1,1
SF,IC2003,2020-01-03 10:14:38.400,5358.0000,53953,3,3428456040.000,3,3,0,双开,S,5357.8000,5356.2000,5356.0000,5355.8000,5355.0000,5358.0000,5358.6000,5359.6000,5360.0000,5361.6000,1,2,1,1,3,1,2,1,2,1
SF,IC2003,2020-01-03 10:14:38.900,5358.0000,53953,0,3429527640.000,1,0,1,多换,S,5357.8000,5356.2000,5356.0000,5355.8000,5355.0000,5358.6000,5359.6000,5360.0000,5361.6000,5362.8000,1,2,1,1,3,2,1,2,1,1
SF,IC2003,2020-01-03 10:14:41.900,5358.0000,53953,0,3429527640.000,0,-,-,-,-,5357.8000,5356.2000,5356.0000,5355.8000,5355.0000,5358.6000,5359.6000,5360.0000,5361.6000,5362.8000,2,2,1,1,3,2,1,2,1,1
SF,IC2003,2020-01-03 10:14:43.400,5357.8000,53952,-1,3430599200.000,1,0,1,双平,S,5357.8000,5356.2000,5356.0000,5355.8000,5355.0000,5358.6000,5359.6000,5360.0000,5361.6000,5362.8000,1,2,1,1,3,2,1,2,1,1
SF,IC2003,2020-01-03 10:14:44.400,5357.8000,53952,0,3430599200.000,0,-,-,-,-,5358.0000,5357.8000,5356.2000,5356.0000,5355.8000,5358.6000,5359.6000,5360.0000,5361.6000,5362.8000,1,1,2,1,1,1,1,2,1,1
SF,IC2003,2020-01-03 10:14:44.900,5357.8000,53952,0,3430599200.000,0,-,-,-,-,5358.0000,5357.8000,5356.2000,5356.0000,5355.8000,5358.6000,5360.0000,5361.6000,5362.8000,5363.0000,1,1,2,1,1,1,2,1,1,1
SF,IC2003,2020-01-03 10:14:47.400,5358.0000,53951,-1,3431670800.000,1,0,1,双平,S,5357.8000,5356.2000,5356.0000,5355.8000,5355.0000,5358.6000,5360.0000,5361.6000,5362.8000,5363.0000,1,2,1,1,3,1,2,1,1,1
SF,IC2003,2020-01-03 10:14:47.900,5357.8000,53950,-1,3432742360.000,1,0,1,双平,S,5357.4000,5356.2000,5356.0000,5355.0000,5354.2000,5358.4000,5358.6000,5360.0000,5361.6000,5362.8000,1,2,1,3,1,1,1,2,1,1
SF,IC2003,2020-01-03 10:14:48.400,5357.8000,53950,0,3432742360.000,0,-,-,-,-,5357.4000,5356.2000,5356.0000,5355.0000,5354.2000,5358.2000,5358.6000,5360.0000,5361.6000,5362.8000,1,2,1,3,1,1,1,2,1,1
SF,IC2003,2020-01-03 10:14:49.400,5357.8000,53950,0,3432742360.000,0,-,-,-,-,5357.4000,5356.2000,5356.0000,5355.0000,5354.2000,5358.2000,5358.6000,5360.0000,5361.6000,5362.8000,1,2,1,3,1,1,1,2,1,1
SF,IC2003,2020-01-03 10:14:50.400,5358.2000,53950,0,3433814000.000,1,0,1,多换,S,5357.4000,5356.2000,5356.0000,5355.0000,5354.2000,5358.6000,5360.0000,5361.6000,5362.8000,5363.0000,1,2,1,3,1,1,2,1,1,1
SF,IC2003,2020-01-03 10:14:52.400,5358.2000,53950,0,3433814000.000,0,-,-,-,-,5357.4000,5356.2000,5356.0000,5355.0000,5354.2000,5358.6000,5360.0000,5361.6000,5362.8000,5363.0000,2,2,1,3,1,1,2,1,1,1
SF,IC2003,2020-01-03 10:14:52.900,5357.6000,53949,-1,3438100280.000,4,1,3,多平,S,5357.4000,5356.2000,5356.0000,5355.0000,5354.2000,5360.0000,5361.6000,5362.8000,5363.0000,5363.4000,2,2,1,3,1,2,1,1,1,1
SF,IC2003,2020-01-03 10:14:53.400,5357.6000,53949,0,3438100280.000,0,-,-,-,-,5357.4000,5356.2000,5356.0000,5355.0000,5354.2000,5359.0000,5359.4000,5359.6000,5359.8000,5360.0000,2,2,1,3,1,1,2,2,1,2
SF,IC2003,2020-01-03 10:14:53.900,5357.6000,53949,0,3438100280.000,0,-,-,-,-,5357.6000,5357.4000,5356.2000,5356.0000,5355.0000,5359.4000,5359.6000,5359.8000,5360.0000,5361.6000,2,2,2,1,3,1,1,1,2,1
SF,IC2003,2020-01-03 10:14:54.400,5359.4000,53949,0,3439172160.000,1,0,1,多换,S,5357.4000,5356.8000,5356.2000,5356.0000,5355.0000,5359.6000,5359.8000,5360.0000,5361.6000,5362.8000,2,1,2,1,3,1,1,2,1,1
SF,IC2003,2020-01-03 10:14:54.900,5359.4000,53949,0,3439172160.000,0,-,-,-,-,5357.8000,5357.4000,5356.8000,5356.2000,5356.0000,5359.6000,5359.8000,5360.0000,5361.6000,5362.8000,1,2,1,2,1,1,1,2,1,1
SF,IC2003,2020-01-03 10:14:55.400,5359.4000,53949,0,3439172160.000,0,-,-,-,-,5358.2000,5357.4000,5356.8000,5356.2000,5356.0000,5360.0000,5361.6000,5362.8000,5363.0000,5363.4000,2,2,1,2,1,2,1,1,1,1
SF,IC2003,2020-01-03 10:14:55.900,5359.4000,53949,0,3439172160.000,0,-,-,-,-,5357.4000,5356.8000,5356.2000,5356.0000,5355.0000,5360.0000,5361.6000,5362.8000,5363.0000,5363.4000,2,1,2,1,3,2,1,1,1,1
SF,IC2003,2020-01-03 10:14:56.400,5359.4000,53949,0,3439172160.000,0,-,-,-,-,5358.0000,5357.8000,5357.4000,5356.8000,5356.2000,5359.4000,5359.6000,5359.8000,5360.0000,5361.6000,1,1,2,1,2,1,1,1,2,1
SF,IC2003,2020-01-03 10:14:56.900,5359.4000,53949,0,3439172160.000,0,-,-,-,-,5358.0000,5357.8000,5357.4000,5356.8000,5356.2000,5359.6000,5360.0000,5361.6000,5362.8000,5363.0000,1,1,2,1,2,1,2,1,1,1
SF,IC2003,2020-01-03 10:14:57.900,5359.4000,53949,0,3439172160.000,0,-,-,-,-,5358.0000,5357.8000,5357.4000,5356.8000,5356.2000,5359.6000,5360.0000,5361.6000,5362.8000,5363.0000,1,1,2,1,2,1,2,1,1,1
SF,IC2003,2020-01-03 10:14:58.900,5359.4000,53949,0,3439172160.000,0,-,-,-,-,5358.0000,5357.8000,5357.4000,5356.8000,5356.2000,5360.0000,5361.6000,5362.8000,5363.0000,5363.4000,1,1,2,1,2,2,1,1,1,1
SF,IC2003,2020-01-03 10:14:59.400,5358.2000,53949,0,3440243800.000,1,0,1,多换,S,5358.2000,5358.0000,5357.8000,5357.4000,5356.8000,5360.0000,5361.6000,5362.8000,5363.0000,5363.4000,1,1,1,2,1,2,1,1,1,1
SF,IC2003,2020-01-03 10:14:59.900,5358.2000,53948,-1,3441315440.000,1,0,1,双平,S,5358.0000,5357.8000,5357.4000,5356.8000,5356.2000,5359.6000,5360.0000,5361.6000,5362.8000,5363.0000,1,1,2,1,2,1,2,1,1,1
SF,IC2003,2020-01-03 10:15:00.400,5358.2000,53948,0,3441315440.000,0,-,-,-,-,5358.0000,5357.8000,5357.4000,5356.8000,5356.2000,5359.6000,5360.0000,5361.6000,5362.8000,5363.0000,1,1,2,1,2,1,2,1,1,1
SF,IC2003,2020-01-03 10:15:00.900,5358.2000,53948,0,3441315440.000,0,-,-,-,-,5358.0000,5357.8000,5357.4000,5356.8000,5356.2000,5359.6000,5360.0000,5361.6000,5362.8000,5363.0000,1,1,3,1,2,1,2,1,1,1
SF,IC2003,2020-01-03 10:15:02.400,5358.2000,53949,1,3442387080.000,1,1,0,双开,S,5358.0000,5357.8000,5357.4000,5356.8000,5356.2000,5359.6000,5360.0000,5361.6000,5362.8000,5363.0000,1,1,3,1,2,1,2,1,1,1
SF,IC2003,2020-01-03 10:15:02.900,5358.2000,53949,0,3442387080.000,0,-,-,-,-,5358.0000,5357.8000,5357.4000,5356.8000,5356.2000,5358.2000,5359.6000,5360.0000,5361.6000,5362.8000,1,1,3,1,2,4,1,2,1,1
SF,IC2003,2020-01-03 10:15:03.400,5358.2000,53945,-4,3446673640.000,4,0,4,双平,S,5358.4000,5358.2000,5357.4000,5356.8000,5356.2000,5360.0000,5361.6000,5362.8000,5363.0000,5363.4000,4,7,3,1,2,2,1,1,1,1
SF,IC2003,2020-01-03 10:15:03.900,5358.2000,53945,0,3446673640.000,0,-,-,-,-,5358.4000,5358.2000,5357.4000,5356.8000,5356.2000,5360.0000,5361.6000,5362.8000,5363.0000,5363.4000,2,4,3,1,2,2,1,1,1,1
SF,IC2003,2020-01-03 10:15:04.900,5358.2000,53945,0,3446673640.000,0,-,-,-,-,5358.4000,5358.2000,5357.4000,5356.8000,5356.2000,5360.0000,5361.6000,5362.8000,5363.0000,5363.4000,3,4,3,1,2,2,1,1,1,1
SF,IC2003,2020-01-03 10:15:05.400,5358.2000,53944,-1,3447745280.000,1,0,1,双平,S,5358.4000,5358.2000,5357.4000,5356.8000,5356.2000,5360.0000,5361.6000,5362.8000,5363.0000,5363.4000,2,4,3,1,2,2,1,1,1,1
SF,IC2003,2020-01-03 10:15:05.900,5358.2000,53944,0,3447745280.000,0,-,-,-,-,5358.4000,5358.2000,5357.4000,5356.8000,5356.2000,5360.0000,5361.6000,5362.8000,5363.0000,5363.4000,1,4,3,1,2,2,1,1,1,1
SF,IC2003,2020-01-03 10:15:06.400,5358.2000,53944,0,3447745280.000,0,-,-,-,-,5358.4000,5358.2000,5357.4000,5356.8000,5356.2000,5359.8000,5360.0000,5361.6000,5362.8000,5363.0000,1,4,3,1,2,2,2,1,1,1
SF,IC2003,2020-01-03 10:15:06.900,5358.2000,53944,0,3447745280.000,0,-,-,-,-,5358.4000,5358.2000,5357.4000,5356.8000,5356.2000,5359.8000,5360.0000,5361.6000,5362.8000,5363.0000,1,4,3,1,2,3,2,1,1,1
SF,IC2003,2020-01-03 10:15:07.400,5358.2000,53944,0,3447745280.000,0,-,-,-,-,5358.4000,5358.2000,5357.4000,5356.8000,5356.2000,5359.6000,5359.8000,5360.0000,5361.6000,5362.8000,1,4,3,1,1,1,1,2,1,1
SF,IC2003,2020-01-03 10:15:08.900,5358.2000,53944,0,3447745280.000,0,-,-,-,-,5358.4000,5358.2000,5357.4000,5356.8000,5356.2000,5359.6000,5359.8000,5360.0000,5361.6000,5362.8000,1,4,4,1,1,1,1,2,1,1
SF,IC2003,2020-01-03 10:15:09.400,5358.2000,53944,0,3447745280.000,0,-,-,-,-,5358.4000,5358.2000,5357.4000,5356.8000,5356.2000,5359.6000,5359.8000,5360.0000,5361.6000,5362.8000,1,3,4,1,1,1,1,2,1,1
SF,IC2003,2020-01-03 10:15:09.900,5358.2000,53944,0,3447745280.000,0,-,-,-,-,5358.4000,5358.2000,5357.4000,5356.8000,5356.2000,5359.6000,5360.0000,5361.6000,5362.8000,5363.0000,1,3,4,1,1,1,2,1,1,1
SF,IC2003,2020-01-03 10:15:10.900,5358.2000,53944,0,3447745280.000,0,-,-,-,-,5358.4000,5358.2000,5357.4000,5357.0000,5356.8000,5359.6000,5360.0000,5361.6000,5362.8000,5363.0000,1,3,4,1,1,1,2,1,1,1
SF,IC2003,2020-01-03 10:15:12.900,5358.2000,53944,0,3447745280.000,0,-,-,-,-,5358.4000,5358.2000,5357.4000,5357.0000,5356.8000,5359.6000,5360.0000,5361.6000,5362.8000,5363.0000,1,2,4,1,1,1,2,1,1,1
SF,IC2003,2020-01-03 10:15:13.900,5358.4000,53943,-1,3448816960.000,1,0,1,双平,S,5358.2000,5357.4000,5357.0000,5356.8000,5356.2000,5358.4000,5359.6000,5360.0000,5361.6000,5362.8000,2,4,1,1,1,7,1,2,1,1
SF,IC2003,2020-01-03 10:15:14.400,5358.4000,53936,-7,3456318720.000,7,0,7,双平,S,5358.4000,5358.2000,5357.4000,5357.0000,5356.8000,5359.2000,5359.6000,5360.0000,5361.6000,5362.8000,3,2,4,1,1,1,1,2,1,1
SF,IC2003,2020-01-03 10:15:15.900,5359.2000,53936,0,3457390560.000,1,0,1,多换,S,5358.4000,5358.2000,5357.4000,5357.0000,5356.8000,5359.6000,5360.0000,5361.6000,5362.8000,5363.0000,2,2,4,1,1,1,2,1,1,1
SF,IC2003,2020-01-03 10:15:18.400,5359.2000,53936,0,3457390560.000,0,-,-,-,-,5358.4000,5358.2000,5357.4000,5357.0000,5356.8000,5360.0000,5361.6000,5362.8000,5363.0000,5363.4000,2,2,4,1,1,2,1,1,1,1
SF,IC2003,2020-01-03 10:15:18.900,5359.2000,53936,0,3457390560.000,0,-,-,-,-,5358.4000,5358.2000,5357.4000,5357.0000,5356.8000,5360.0000,5361.6000,5362.8000,5363.0000,5363.4000,2,2,4,1,1,2,1,1,1,1
SF,IC2003,2020-01-03 10:15:19.400,5359.2000,53936,0,3457390560.000,0,-,-,-,-,5358.2000,5357.4000,5357.0000,5356.8000,5356.2000,5360.0000,5361.6000,5362.8000,5363.0000,5363.4000,2,4,1,1,1,2,1,1,1,1
SF,IC2003,2020-01-03 10:15:19.900,5359.6000,53935,-1,3458462480.000,1,0,1,双平,S,5358.2000,5357.4000,5357.0000,5356.8000,5356.2000,5359.8000,5360.0000,5361.6000,5362.8000,5363.0000,2,4,1,1,1,2,2,1,1,1
SF,IC2003,2020-01-03 10:15:20.400,5359.6000,53935,0,3458462480.000,0,-,-,-,-,5358.2000,5357.4000,5357.0000,5356.8000,5356.2000,5359.8000,5360.0000,5361.6000,5362.8000,5363.0000,2,4,1,1,1,1,2,1,1,1
SF,IC2003,2020-01-03 10:15:22.400,5358.2000,53934,-1,3459534120.000,1,0,1,双平,S,5358.2000,5357.4000,5357.0000,5356.8000,5356.2000,5359.8000,5360.0000,5361.6000,5362.8000,5363.0000,1,4,1,1,1,1,2,1,1,1
SF,IC2003,2020-01-03 10:15:22.900,5358.2000,53934,0,3459534120.000,0,-,-,-,-,5358.2000,5357.4000,5357.0000,5356.8000,5356.2000,5359.4000,5359.8000,5360.0000,5361.6000,5362.8000,1,4,1,1,1,1,1,2,1,1
SF,IC2003,2020-01-03 10:15:23.400,5358.2000,53934,0,3459534120.000,0,-,-,-,-,5358.2000,5357.4000,5357.0000,5356.8000,5356.2000,5359.8000,5360.0000,5361.6000,5362.8000,5363.0000,1,4,1,1,1,1,2,1,1,1
SF,IC2003,2020-01-03 10:15:24.900,5358.2000,53934,0,3459534120.000,0,-,-,-,-,5358.2000,5357.4000,5357.0000,5356.8000,5356.2000,5359.8000,5360.0000,5361.6000,5362.8000,5363.0000,2,4,1,1,1,1,2,1,1,1
SF,IC2003,2020-01-03 10:15:26.400,5358.2000,53934,0,3459534120.000,0,-,-,-,-,5358.2000,5357.4000,5357.0000,5356.8000,5356.2000,5359.8000,5360.0000,5361.6000,5362.8000,5363.0000,2,4,1,1,1,1,2,1,1,1
SF,IC2003,2020-01-03 10:15:27.400,5358.2000,53934,0,3459534120.000,0,-,-,-,-,5358.2000,5358.0000,5357.4000,5357.0000,5356.8000,5359.8000,5360.0000,5361.6000,5362.8000,5363.0000,2,1,4,1,1,1,2,1,1,1
SF,IC2003,2020-01-03 10:15:29.400,5358.2000,53935,1,3460605760.000,1,1,0,双开,S,5358.2000,5358.0000,5357.4000,5357.0000,5356.8000,5359.0000,5359.8000,5360.0000,5361.6000,5362.8000,1,1,4,1,1,1,1,2,1,1
SF,IC2003,2020-01-03 10:15:29.900,5358.2000,53935,0,3460605760.000,0,-,-,-,-,5358.2000,5358.0000,5357.4000,5357.0000,5356.8000,5359.8000,5360.0000,5361.6000,5362.8000,5363.0000,1,1,4,1,1,1,2,1,1,1
SF,IC2003,2020-01-03 10:15:31.400,5358.2000,53935,0,3460605760.000,0,-,-,-,-,5358.2000,5358.0000,5357.4000,5357.0000,5356.8000,5359.2000,5359.8000,5360.0000,5361.6000,5362.8000,1,1,4,1,1,1,1,2,1,1
SF,IC2003,2020-01-03 10:15:31.900,5358.2000,53935,0,3461677400.000,1,0,1,多换,S,5358.0000,5357.4000,5357.0000,5356.8000,5356.2000,5359.8000,5360.0000,5361.6000,5362.8000,5363.0000,1,4,1,1,1,1,2,1,1,1
SF,IC2003,2020-01-03 10:15:32.400,5358.2000,53935,0,3461677400.000,0,-,-,-,-,5358.0000,5357.4000,5357.0000,5356.8000,5356.2000,5359.2000,5359.8000,5360.0000,5361.6000,5362.8000,1,4,1,1,1,2,1,2,1,1
SF,IC2003,2020-01-03 10:15:32.900,5358.2000,53935,0,3461677400.000,0,-,-,-,-,5358.0000,5357.4000,5357.0000,5356.8000,5356.2000,5359.2000,5359.8000,5360.0000,5361.6000,5362.8000,1,4,1,1,1,1,1,2,1,1
SF,IC2003,2020-01-03 10:15:33.400,5358.2000,53935,0,3461677400.000,0,-,-,-,-,5358.0000,5357.4000,5357.0000,5356.8000,5356.2000,5359.8000,5360.0000,5361.6000,5362.8000,5363.0000,1,4,1,1,1,1,2,1,1,1
SF,IC2003,2020-01-03 10:15:33.900,5358.2000,53935,0,3461677400.000,0,-,-,-,-,5358.0000,5357.4000,5357.0000,5356.8000,5356.2000,5359.4000,5359.8000,5360.0000,5361.6000,5362.8000,1,4,1,1,1,2,2,2,1,1
SF,IC2003,2020-01-03 10:15:34.400,5358.2000,53935,0,3461677400.000,0,-,-,-,-,5358.0000,5357.4000,5357.0000,5356.8000,5356.2000,5359.8000,5360.0000,5361.6000,5362.8000,5363.0000,1,4,1,1,1,2,2,1,1,1
SF,IC2003,2020-01-03 10:15:34.900,5358.2000,53935,0,3461677400.000,0,-,-,-,-,5358.0000,5357.4000,5357.0000,5356.8000,5356.2000,5359.6000,5359.8000,5360.0000,5361.6000,5362.8000,1,4,1,1,1,2,2,2,1,1
SF,IC2003,2020-01-03 10:15:35.400,5358.2000,53935,0,3461677400.000,0,-,-,-,-,5358.4000,5358.0000,5357.4000,5357.0000,5356.8000,5359.8000,5360.0000,5361.6000,5362.8000,5363.0000,1,1,4,1,1,2,2,1,1,1
SF,IC2003,2020-01-03 10:15:35.900,5358.2000,53935,0,3461677400.000,0,-,-,-,-,5358.6000,5358.4000,5358.0000,5357.4000,5357.0000,5360.0000,5361.6000,5362.8000,5363.0000,5363.4000,1,2,1,4,1,2,1,1,1,2
SF,IC2003,2020-01-03 10:15:36.400,5360.0000,53933,-2,3463821400.000,2,0,2,双平,S,5359.0000,5358.6000,5358.4000,5358.0000,5357.4000,5361.6000,5362.8000,5363.0000,5363.4000,5363.6000,1,3,1,1,4,1,1,1,2,1
SF,IC2003,2020-01-03 10:15:36.900,5360.0000,53933,0,3463821400.000,0,-,-,-,-,5359.6000,5359.4000,5359.2000,5358.6000,5358.4000,5360.8000,5361.4000,5361.6000,5362.8000,5363.0000,1,1,1,2,1,2,1,1,1,1
SF,IC2003,2020-01-03 10:15:37.400,5360.0000,53933,0,3463821400.000,0,-,-,-,-,5359.8000,5359.6000,5359.2000,5358.6000,5358.4000,5360.8000,5361.6000,5362.8000,5363.0000,5363.4000,1,1,1,1,1,1,1,1,1,2
SF,IC2003,2020-01-03 10:15:37.900,5360.0000,53933,0,3463821400.000,0,-,-,-,-,5359.8000,5359.6000,5359.2000,5358.6000,5358.4000,5360.8000,5361.6000,5362.8000,5363.0000,5363.4000,1,1,1,1,1,2,1,1,1,2
SF,IC2003,2020-01-03 10:15:38.400,5360.8000,53933,0,3464893560.000,1,0,1,多换,S,5359.8000,5359.6000,5359.2000,5358.6000,5358.4000,5360.6000,5360.8000,5361.6000,5362.8000,5363.0000,1,1,1,1,1,1,1,1,1,1
SF,IC2003,2020-01-03 10:15:38.900,5360.6000,53932,-1,3465965680.000,1,0,1,双平,S,5359.8000,5359.6000,5359.2000,5358.6000,5358.4000,5360.8000,5361.6000,5362.8000,5363.0000,5363.4000,1,1,1,1,1,1,1,1,1,2
SF,IC2003,2020-01-03 10:15:39.400,5360.6000,53932,0,3465965680.000,0,-,-,-,-,5359.8000,5359.2000,5358.4000,5358.0000,5357.4000,5360.8000,5361.6000,5362.8000,5363.0000,5363.4000,1,1,1,1,4,1,1,1,1,2
SF,IC2003,2020-01-03 10:15:39.900,5360.6000,53932,0,3465965680.000,0,-,-,-,-,5359.8000,5359.2000,5358.4000,5358.2000,5358.0000,5360.8000,5361.6000,5362.8000,5363.0000,5363.4000,1,1,1,1,1,1,1,1,1,2
SF,IC2003,2020-01-03 10:15:40.900,5360.6000,53932,0,3465965680.000,0,-,-,-,-,5359.8000,5359.2000,5358.4000,5358.2000,5358.0000,5360.8000,5361.6000,5362.8000,5363.0000,5363.4000,1,1,1,1,1,1,1,1,1,2
SF,IC2003,2020-01-03 10:15:45.900,5359.8000,53931,-1,3467037640.000,1,0,1,双平,S,5359.2000,5358.4000,5358.2000,5358.0000,5357.4000,5360.4000,5360.8000,5362.8000,5363.0000,5363.4000,1,1,1,1,3,1,1,1,1,2
SF,IC2003,2020-01-03 10:15:46.900,5359.8000,53931,0,3467037640.000,0,-,-,-,-,5359.2000,5358.2000,5358.0000,5357.4000,5357.0000,5362.8000,5363.0000,5363.4000,5363.6000,5363.8000,1,1,1,3,1,1,2,2,1,2
SF,IC2003,2020-01-03 10:15:47.400,5359.8000,53931,0,3467037640.000,0,-,-,-,-,5358.2000,5358.0000,5357.4000,5357.0000,5356.8000,5360.2000,5360.4000,5361.0000,5361.6000,5362.2000,1,1,3,1,1,3,2,1,2,3
SF,IC2003,2020-01-03 10:15:47.900,5359.8000,53931,0,3467037640.000,0,-,-,-,-,5358.6000,5358.4000,5358.2000,5358.0000,5357.4000,5361.0000,5362.2000,5362.6000,5362.8000,5363.0000,1,3,1,1,3,1,2,1,1,2
SF,IC2003,2020-01-03 10:15:48.400,5359.8000,53931,0,3467037640.000,0,-,-,-,-,5359.2000,5359.0000,5358.4000,5358.2000,5358.0000,5360.8000,5361.0000,5361.6000,5362.2000,5362.6000,1,2,1,1,1,1,1,1,1,1
SF,IC2003,2020-01-03 10:15:48.900,5359.8000,53931,0,3467037640.000,0,-,-,-,-,5359.2000,5358.4000,5358.2000,5358.0000,5357.4000,5360.8000,5361.0000,5362.2000,5362.6000,5362.8000,1,1,1,1,3,2,1,1,1,1
SF,IC2003,2020-01-03 10:15:50.900,5359.8000,53931,0,3467037640.000,0,-,-,-,-,5359.2000,5358.4000,5358.2000,5358.0000,5357.4000,5360.8000,5361.0000,5362.2000,5362.6000,5362.8000,1,1,1,1,3,2,1,1,1,1
SF,IC2003,2020-01-03 10:15:51.400,5359.2000,53931,0,3468109480.000,1,0,1,多换,S,5358.4000,5358.2000,5358.0000,5357.4000,5357.0000,5360.6000,5361.0000,5362.2000,5362.6000,5362.8000,1,1,1,3,1,6,1,1,1,1
SF,IC2003,2020-01-03 10:15:51.900,5359.2000,53931,0,3468109480.000,0,-,-,-,-,5358.2000,5358.0000,5357.4000,5357.0000,5356.8000,5358.4000,5358.8000,5359.0000,5359.8000,5360.0000,1,1,3,1,1,1,3,1,1,4
SF,IC2003,2020-01-03 10:15:52.400,5358.0000,53928,-3,3471324400.000,3,0,3,双平,S,5357.4000,5357.0000,5356.8000,5356.2000,5356.0000,5360.2000,5360.4000,5360.6000,5361.0000,5362.6000,3,1,1,1,1,1,4,1,1,1
SF,IC2003,2020-01-03 10:15:52.900,5358.0000,53928,0,3471324400.000,0,-,-,-,-,5357.4000,5357.0000,5356.8000,5356.2000,5356.0000,5358.2000,5358.4000,5359.4000,5359.6000,5359.8000,3,1,1,1,1,3,1,2,1,3
SF,IC2003,2020-01-03 10:15:53.400,5357.4000,53927,-1,3472395880.000,1,0,1,双平,S,5357.4000,5357.0000,5356.8000,5356.2000,5356.0000,5357.8000,5359.4000,5359.8000,5360.0000,5360.2000,2,1,1,1,1,1,1,1,2,1
SF,IC2003,2020-01-03 10:15:53.900,5357.4000,53926,-1,3474538920.000,2,0,2,多平,S,5357.4000,5357.0000,5356.8000,5356.2000,5356.0000,5359.8000,5360.0000,5360.2000,5360.4000,5360.6000,1,1,1,1,1,1,2,1,2,1
SF,IC2003,2020-01-03 10:15:54.400,5357.4000,53926,0,3474538920.000,0,-,-,-,-,5357.4000,5357.0000,5356.8000,5356.2000,5356.0000,5358.0000,5359.0000,5359.2000,5359.6000,5359.8000,1,1,1,1,1,4,1,2,1,1
SF,IC2003,2020-01-03 10:15:54.900,5357.4000,53926,0,3474538920.000,0,-,-,-,-,5357.4000,5357.0000,5356.8000,5356.2000,5356.0000,5359.0000,5359.2000,5359.8000,5360.0000,5360.2000,1,1,1,1,1,1,2,1,1,1
SF,IC2003,2020-01-03 10:15:55.400,5357.4000,53926,0,3474538920.000,0,-,-,-,-,5357.4000,5357.0000,5356.8000,5356.2000,5356.0000,5358.0000,5359.0000,5359.2000,5359.8000,5360.0000,1,1,1,1,1,3,1,2,1,1
SF,IC2003,2020-01-03 10:15:55.900,5357.4000,53926,0,3475610400.000,1,0,1,多换,S,5357.0000,5356.8000,5356.2000,5356.0000,5355.0000,5359.0000,5359.8000,5360.0000,5360.2000,5360.6000,1,1,1,1,8,1,1,1,1,1
SF,IC2003,2020-01-03 10:15:56.400,5357.4000,53926,0,3475610400.000,0,-,-,-,-,5357.0000,5356.8000,5356.2000,5356.0000,5355.0000,5357.6000,5357.8000,5359.0000,5359.8000,5360.0000,1,1,1,1,9,2,2,1,1,1
SF,IC2003,2020-01-03 10:15:56.900,5357.0000,53926,0,3476681800.000,1,0,1,多换,S,5356.8000,5356.2000,5356.0000,5355.0000,5354.2000,5358.6000,5360.0000,5360.2000,5360.6000,5361.0000,1,1,1,9,1,1,1,1,1,1
SF,IC2003,2020-01-03 10:15:57.400,5357.0000,53926,0,3476681800.000,0,-,-,-,-,5356.8000,5356.2000,5356.0000,5355.0000,5354.2000,5357.4000,5358.6000,5360.0000,5360.2000,5360.6000,1,1,1,9,1,2,1,1,1,1
SF,IC2003,2020-01-03 10:15:57.900,5357.4000,53925,-1,3477753280.000,1,0,1,双平,S,5356.8000,5356.2000,5356.0000,5355.0000,5354.2000,5358.6000,5360.0000,5360.2000,5360.6000,5361.0000,1,1,1,9,1,1,1,1,1,1
SF,IC2003,2020-01-03 10:15:58.400,5357.4000,53925,0,3477753280.000,0,-,-,-,-,5356.8000,5356.2000,5356.0000,5355.0000,5354.2000,5357.4000,5358.2000,5358.4000,5358.6000,5360.0000,1,1,1,9,1,2,1,1,2,1
SF,IC2003,2020-01-03 10:15:58.900,5356.8000,53925,0,3478824640.000,1,0,1,多换,S,5356.2000,5356.0000,5355.0000,5354.2000,5354.0000,5358.2000,5358.6000,5360.0000,5360.2000,5360.6000,1,1,9,1,1,1,2,1,1,1
SF,IC2003,2020-01-03 10:15:59.400,5356.2000,53926,1,3479895880.000,1,1,0,双开,S,5356.0000,5355.0000,5354.2000,5354.0000,5353.0000,5356.6000,5358.0000,5358.2000,5358.6000,5360.0000,1,9,1,1,2,3,2,3,1,1
SF,IC2003,2020-01-03 10:15:59.900,5356.0000,53926,0,3480967080.000,1,0,1,多换,S,5355.0000,5354.2000,5354.0000,5353.0000,5352.8000,5358.2000,5358.6000,5360.0000,5360.2000,5360.6000,9,1,1,2,1,2,1,1,1,1
SF,IC2003,2020-01-03 10:16:00.400,5355.4000,53926,0,3482038160.000,1,0,1,多换,S,5355.0000,5354.2000,5354.0000,5353.0000,5352.8000,5356.8000,5357.2000,5358.0000,5358.2000,5360.2000,9,1,1,2,1,1,2,3,2,1
SF,IC2003,2020-01-03 10:16:00.900,5355.4000,53926,0,3482038160.000,0,-,-,-,-,5355.0000,5354.2000,5354.0000,5353.0000,5352.8000,5356.2000,5356.6000,5357.6000,5358.0000,5358.2000,9,1,1,2,1,1,2,1,2,2
SF,IC2003,2020-01-03 10:16:01.400,5355.0000,53926,0,3483109160.000,1,0,1,多换,S,5355.0000,5354.2000,5353.0000,5352.8000,5352.2000,5356.2000,5356.6000,5357.6000,5358.0000,5358.2000,8,1,2,1,1,1,2,1,2,1
SF,IC2003,2020-01-03 10:16:01.900,5355.0000,53925,-1,3485251160.000,2,0,2,多平,S,5356.2000,5355.6000,5355.4000,5355.2000,5355.0000,5357.6000,5358.0000,5360.2000,5361.0000,5362.8000,4,1,1,1,9,1,1,1,6,1
SF,IC2003,2020-01-03 10:16:02.400,5356.0000,53924,-1,3486322360.000,1,0,1,双平,S,5356.4000,5356.2000,5355.6000,5355.4000,5355.0000,5357.6000,5360.2000,5361.0000,5362.8000,5363.0000,1,4,1,1,9,2,1,6,1,2
SF,IC2003,2020-01-03 10:16:02.900,5356.0000,53924,0,3486322360.000,0,-,-,-,-,5357.4000,5356.2000,5355.6000,5355.4000,5355.0000,5357.6000,5360.2000,5361.0000,5362.8000,5363.0000,1,4,1,1,9,2,1,6,1,2
SF,IC2003,2020-01-03 10:16:03.400,5357.2000,53923,-1,3487393800.000,1,0,1,双平,S,5356.2000,5355.0000,5354.2000,5353.0000,5352.8000,5357.2000,5357.4000,5357.6000,5360.2000,5361.0000,1,9,1,2,1,3,2,1,1,6
SF,IC2003,2020-01-03 10:16:03.900,5357.2000,53923,0,3487393800.000,0,-,-,-,-,5356.2000,5355.0000,5354.2000,5353.0000,5352.8000,5357.6000,5360.2000,5361.0000,5362.8000,5363.0000,1,9,1,2,1,1,1,6,1,2
SF,IC2003,2020-01-03 10:16:04.400,5357.2000,53923,0,3487393800.000,0,-,-,-,-,5356.2000,5355.0000,5354.2000,5353.0000,5352.8000,5357.6000,5360.2000,5361.0000,5362.8000,5363.0000,1,9,1,2,1,1,1,6,1,2
SF,IC2003,2020-01-03 10:16:05.400,5357.2000,53923,0,3487393800.000,0,-,-,-,-,5356.2000,5355.0000,5354.2000,5353.0000,5352.8000,5360.2000,5361.0000,5362.8000,5363.0000,5363.4000,1,9,1,2,1,1,6,1,2,2
SF,IC2003,2020-01-03 10:16:05.900,5357.2000,53923,0,3487393800.000,0,-,-,-,-,5356.4000,5356.2000,5355.0000,5354.2000,5353.0000,5357.4000,5357.6000,5358.2000,5358.6000,5358.8000,2,1,9,1,2,2,1,1,1,1
SF,IC2003,2020-01-03 10:16:06.400,5356.2000,53921,-2,3489536320.000,2,0,2,双平,S,5355.6000,5355.0000,5354.2000,5353.0000,5352.8000,5356.4000,5358.6000,5359.0000,5359.2000,5360.0000,1,9,1,2,1,1,1,1,1,2
SF,IC2003,2020-01-03 10:16:06.900,5356.4000,53921,0,3490607600.000,1,0,1,多换,S,5355.6000,5355.0000,5354.2000,5353.0000,5352.8000,5358.6000,5359.0000,5359.2000,5360.0000,5360.2000,1,9,1,2,1,1,1,1,2,1
SF,IC2003,2020-01-03 10:16:07.400,5356.4000,53921,0,3490607600.000,0,-,-,-,-,5356.4000,5355.6000,5355.0000,5354.2000,5353.0000,5357.6000,5358.2000,5358.4000,5358.6000,5359.0000,1,2,8,1,2,1,1,2,3,1
SF,IC2003,2020-01-03 10:16:07.900,5356.4000,53921,0,3490607600.000,0,-,-,-,-,5356.4000,5356.2000,5355.6000,5355.0000,5354.2000,5357.6000,5358.0000,5358.6000,5359.2000,5360.0000,1,1,2,8,1,1,1,3,1,1
SF,IC2003,2020-01-03 10:16:08.900,5357.6000,53922,1,3491679120.000,1,1,0,双开,S,5356.4000,5356.2000,5355.6000,5355.0000,5354.2000,5358.0000,5358.6000,5359.2000,5360.0000,5360.2000,1,1,2,8,1,1,3,1,1,1
SF,IC2003,2020-01-03 10:16:09.400,5357.6000,53922,0,3491679120.000,0,-,-,-,-,5356.4000,5356.2000,5355.6000,5355.0000,5354.2000,5357.0000,5357.6000,5357.8000,5358.0000,5358.6000,1,1,2,8,1,1,2,1,1,3
SF,IC2003,2020-01-03 10:16:09.900,5356.4000,53921,-1,3493821680.000,2,0,2,多平,S,5356.2000,5355.6000,5355.0000,5354.2000,5353.0000,5357.6000,5358.0000,5358.6000,5359.2000,5360.0000,1,2,8,1,2,1,1,3,1,1
SF,IC2003,2020-01-03 10:16:10.400,5356.4000,53921,0,3493821680.000,0,-,-,-,-,5356.2000,5355.6000,5355.0000,5354.2000,5353.0000,5357.2000,5357.6000,5358.6000,5359.2000,5360.0000,1,2,7,1,2,1,2,2,1,1
SF,IC2003,2020-01-03 10:16:10.900,5356.2000,53922,1,3494892920.000,1,1,0,双开,S,5355.6000,5355.0000,5354.2000,5353.0000,5352.8000,5357.4000,5357.6000,5358.6000,5359.2000,5360.0000,2,7,1,2,1,1,1,2,1,1
SF,IC2003,2020-01-03 10:16:11.400,5356.2000,53922,0,3494892920.000,0,-,-,-,-,5355.6000,5355.0000,5354.2000,5353.0000,5352.8000,5357.0000,5357.4000,5357.6000,5358.6000,5359.2000,2,7,1,2,1,2,2,1,1,1
SF,IC2003,2020-01-03 10:16:11.900,5356.2000,53922,0,3494892920.000,0,-,-,-,-,5355.6000,5355.0000,5354.2000,5353.4000,5353.0000,5357.0000,5357.4000,5357.6000,5358.6000,5359.2000,2,7,1,1,2,1,2,1,1,1
SF,IC2003,2020-01-03 10:16:12.400,5356.8000,53921,-1,3495964280.000,1,0,1,双平,S,5355.6000,5355.0000,5354.2000,5353.4000,5353.0000,5357.0000,5357.4000,5358.6000,5359.2000,5360.0000,2,7,1,1,2,1,2,1,1,1
SF,IC2003,2020-01-03 10:16:12.900,5356.8000,53921,0,3495964280.000,0,-,-,-,-,5355.6000,5355.0000,5354.2000,5354.0000,5353.4000,5356.6000,5356.8000,5357.0000,5357.4000,5358.6000,2,7,1,1,1,1,2,2,1,1
SF,IC2003,2020-01-03 10:16:13.400,5355.6000,53922,1,3497035400.000,1,1,0,双开,S,5355.6000,5355.0000,5354.2000,5354.0000,5353.4000,5356.8000,5357.0000,5358.6000,5359.2000,5360.0000,1,7,1,1,1,2,2,1,1,1
SF,IC2003,2020-01-03 10:16:14.900,5355.6000,53922,0,3497035400.000,0,-,-,-,-,5355.6000,5355.0000,5354.2000,5354.0000,5353.4000,5356.6000,5356.8000,5357.0000,5358.6000,5359.2000,1,7,1,1,1,1,2,1,1,1
SF,IC2003,2020-01-03 10:16:15.900,5355.8000,53922,0,3498106560.000,1,0,1,多换,S,5356.4000,5355.6000,5355.0000,5354.2000,5354.0000,5356.6000,5356.8000,5358.2000,5358.6000,5359.2000,1,1,7,1,1,1,2,1,1,1
SF,IC2003,2020-01-03 10:16:16.400,5356.0000,53923,1,3503462200.000,5,3,2,空开,S,5355.0000,5354.2000,5354.0000,5353.4000,5353.0000,5355.2000,5356.0000,5356.2000,5356.4000,5356.6000,6,1,1,1,2,1,1,2,5,1
SF,IC2003,2020-01-03 10:16:16.900,5355.2000,53922,-1,3507746240.000,4,1,3,多平,S,5355.0000,5354.2000,5354.0000,5353.4000,5353.0000,5356.2000,5356.4000,5356.6000,5358.2000,5359.8000,3,1,1,1,2,1,5,1,1,1
SF,IC2003,2020-01-03 10:16:17.400,5355.0000,53922,0,3510959240.000,3,1,2,多换,S,5354.2000,5354.0000,5353.4000,5353.0000,5352.8000,5355.0000,5355.8000,5356.0000,5356.2000,5356.4000,1,1,1,1,1,1,1,1,1,4
SF,IC2003,2020-01-03 10:16:17.900,5355.0000,53922,0,3510959240.000,0,-,-,-,-,5355.0000,5354.2000,5354.0000,5353.4000,5353.0000,5355.8000,5356.4000,5356.6000,5358.2000,5359.8000,1,1,1,1,1,1,4,1,1,1
SF,IC2003,2020-01-03 10:16:18.400,5355.0000,53922,0,3512030240.000,1,0,1,多换,S,5354.2000,5354.0000,5353.4000,5353.0000,5352.8000,5355.8000,5356.4000,5356.6000,5358.2000,5359.8000,1,1,1,1,1,1,3,1,1,1
SF,IC2003,2020-01-03 10:16:19.400,5355.0000,53922,0,3512030240.000,0,-,-,-,-,5354.2000,5354.0000,5353.4000,5353.0000,5352.8000,5355.8000,5356.4000,5358.2000,5359.8000,5360.2000,1,1,1,1,1,1,3,1,1,1
SF,IC2003,2020-01-03 10:16:19.900,5355.0000,53922,0,3512030240.000,0,-,-,-,-,5354.4000,5354.2000,5354.0000,5353.4000,5353.0000,5355.8000,5356.4000,5358.2000,5359.8000,5360.2000,1,3,1,1,1,1,3,1,1,1
SF,IC2003,2020-01-03 10:16:20.400,5356.4000,53921,-1,3513101520.000,1,0,1,双平,S,5354.6000,5354.4000,5354.2000,5354.0000,5353.4000,5356.4000,5358.2000,5359.8000,5360.2000,5361.0000,1,1,2,1,1,2,1,1,1,5
SF,IC2003,2020-01-03 10:16:20.900,5356.4000,53921,0,3513101520.000,0,-,-,-,-,5354.6000,5354.4000,5354.2000,5354.0000,5353.4000,5356.2000,5356.4000,5358.2000,5359.8000,5360.2000,1,1,2,1,1,1,2,1,1,1
SF,IC2003,2020-01-03 10:16:21.400,5356.4000,53921,0,3513101520.000,0,-,-,-,-,5354.2000,5354.0000,5353.4000,5353.0000,5352.8000,5356.2000,5356.4000,5358.2000,5359.8000,5360.2000,3,1,1,1,1,1,2,1,1,1
SF,IC2003,2020-01-03 10:16:22.400,5354.2000,53921,0,3514172360.000,1,0,1,多换,S,5354.2000,5354.0000,5353.4000,5353.0000,5352.8000,5356.2000,5356.4000,5358.2000,5359.8000,5360.2000,2,1,1,1,1,1,2,1,1,1
SF,IC2003,2020-01-03 10:16:22.900,5354.2000,53921,0,3514172360.000,0,-,-,-,-,5354.4000,5354.2000,5354.0000,5353.4000,5353.0000,5356.2000,5356.4000,5358.2000,5359.8000,5360.2000,1,1,1,1,1,1,1,1,1,1
SF,IC2003,2020-01-03 10:16:23.400,5354.2000,53921,0,3514172360.000,0,-,-,-,-,5354.4000,5354.2000,5354.0000,5353.4000,5353.0000,5356.2000,5356.4000,5358.2000,5359.8000,5360.2000,1,1,1,1,2,1,1,1,1,1
SF,IC2003,2020-01-03 10:16:25.900,5354.2000,53921,0,3514172360.000,0,-,-,-,-,5354.4000,5354.2000,5354.0000,5353.4000,5353.0000,5356.2000,5356.4000,5358.2000,5359.8000,5360.2000,3,1,1,1,1,1,1,1,1,1
SF,IC2003,2020-01-03 10:16:26.400,5354.2000,53921,0,3514172360.000,0,-,-,-,-,5354.6000,5354.4000,5354.2000,5354.0000,5353.4000,5356.2000,5356.4000,5358.2000,5359.8000,5360.2000,1,3,1,1,1,1,1,1,1,1
SF,IC2003,2020-01-03 10:16:26.900,5354.2000,53921,0,3514172360.000,0,-,-,-,-,5355.2000,5355.0000,5354.8000,5354.4000,5354.2000,5356.2000,5356.4000,5358.2000,5359.8000,5360.2000,1,1,2,3,1,1,1,1,1,1
SF,IC2003,2020-01-03 10:16:27.400,5354.2000,53921,0,3514172360.000,0,-,-,-,-,5355.2000,5355.0000,5354.8000,5354.4000,5354.2000,5356.2000,5356.4000,5358.2000,5359.8000,5360.2000,1,1,3,3,1,1,1,1,1,1
SF,IC2003,2020-01-03 10:16:27.900,5354.2000,53921,0,3514172360.000,0,-,-,-,-,5355.4000,5355.2000,5355.0000,5354.8000,5354.4000,5356.2000,5358.2000,5359.8000,5360.2000,5361.0000,2,1,1,1,3,1,1,1,1,5
SF,IC2003,2020-01-03 10:16:28.400,5356.2000,53920,-1,3515243600.000,1,0,1,双平,S,5356.2000,5356.0000,5355.4000,5354.8000,5354.4000,5358.2000,5359.8000,5360.2000,5361.0000,5362.8000,3,1,1,1,3,1,1,1,5,1
SF,IC2003,2020-01-03 10:16:28.900,5356.2000,53920,0,3515243600.000,0,-,-,-,-,5354.8000,5354.4000,5354.2000,5354.0000,5353.4000,5355.2000,5358.2000,5359.8000,5360.2000,5361.0000,1,2,1,1,1,1,1,1,1,5
SF,IC2003,2020-01-03 10:16:29.400,5355.6000,53920,0,3516314720.000,1,0,1,多换,S,5355.8000,5355.6000,5355.4000,5355.2000,5354.8000,5358.2000,5359.8000,5360.2000,5361.0000,5362.8000,3,3,3,18,1,1,1,1,5,1
SF,IC2003,2020-01-03 10:16:29.900,5358.2000,53920,0,3517386360.000,1,0,1,多换,S,5356.2000,5356.0000,5355.4000,5355.2000,5354.8000,5359.8000,5360.2000,5361.0000,5362.8000,5363.0000,1,4,1,14,1,1,1,5,1,2
SF,IC2003,2020-01-03 10:16:30.400,5358.2000,53920,0,3517386360.000,0,-,-,-,-,5356.8000,5356.6000,5356.2000,5356.0000,5355.2000,5358.4000,5358.6000,5359.2000,5359.6000,5359.8000,1,1,2,2,14,1,1,1,1,1
SF,IC2003,2020-01-03 10:16:30.900,5358.2000,53920,0,3517386360.000,0,-,-,-,-,5357.8000,5357.2000,5357.0000,5356.8000,5355.2000,5359.2000,5359.6000,5359.8000,5360.2000,5361.0000,1,1,2,2,14,1,1,1,1,5
SF,IC2003,2020-01-03 10:16:31.400,5358.2000,53920,0,3517386360.000,0,-,-,-,-,5358.0000,5357.8000,5355.2000,5354.8000,5354.4000,5359.2000,5359.8000,5360.2000,5361.0000,5362.8000,1,2,14,1,1,1,1,1,5,1
SF,IC2003,2020-01-03 10:16:31.900,5358.2000,53920,0,3517386360.000,0,-,-,-,-,5358.2000,5358.0000,5355.2000,5354.8000,5354.4000,5359.8000,5360.2000,5361.0000,5362.8000,5363.0000,2,3,10,1,1,1,1,5,1,2
SF,IC2003,2020-01-03 10:16:32.400,5358.2000,53920,0,3517386360.000,0,-,-,-,-,5358.4000,5358.2000,5358.0000,5355.2000,5354.8000,5359.2000,5359.4000,5359.8000,5360.2000,5361.0000,2,2,1,10,1,2,1,1,1,5
SF,IC2003,2020-01-03 10:16:32.900,5359.2000,53919,-1,3519530040.000,2,0,2,多平,S,5358.8000,5358.4000,5358.2000,5355.4000,5355.2000,5359.8000,5361.0000,5362.8000,5363.0000,5363.4000,1,2,1,1,8,1,5,1,2,2
SF,IC2003,2020-01-03 10:16:33.400,5359.2000,53919,0,3519530040.000,0,-,-,-,-,5359.2000,5359.0000,5358.8000,5358.4000,5355.4000,5359.8000,5361.0000,5362.8000,5363.0000,5363.4000,1,1,1,1,1,1,5,1,2,2
SF,IC2003,2020-01-03 10:16:33.900,5359.2000,53919,0,3519530040.000,0,-,-,-,-,5359.2000,5359.0000,5358.8000,5358.4000,5355.4000,5359.8000,5361.0000,5362.8000,5363.0000,5363.4000,1,1,1,1,1,1,5,1,2,2
SF,IC2003,2020-01-03 10:16:34.400,5359.8000,53919,0,3520602000.000,1,0,1,多换,S,5359.2000,5358.8000,5358.4000,5355.4000,5355.2000,5361.0000,5362.8000,5363.0000,5363.4000,5363.6000,1,1,1,1,3,5,1,2,2,1
SF,IC2003,2020-01-03 10:16:34.900,5359.8000,53919,0,3520602000.000,0,-,-,-,-,5358.8000,5358.4000,5355.4000,5355.2000,5354.8000,5360.6000,5360.8000,5361.0000,5361.2000,5362.8000,1,1,1,3,1,1,1,5,1,1
SF,IC2003,2020-01-03 10:16:35.400,5359.8000,53919,0,3520602000.000,0,-,-,-,-,5358.8000,5355.4000,5355.2000,5354.8000,5354.4000,5360.6000,5360.8000,5361.0000,5361.2000,5362.8000,1,1,2,1,1,1,1,5,1,1
SF,IC2003,2020-01-03 10:16:35.900,5359.8000,53919,0,3520602000.000,0,-,-,-,-,5355.4000,5355.2000,5354.8000,5354.4000,5354.2000,5358.8000,5360.2000,5360.4000,5360.6000,5361.0000,1,2,1,1,1,1,1,2,1,5
SF,IC2003,2020-01-03 10:16:36.400,5359.8000,53919,0,3520602000.000,0,-,-,-,-,5357.6000,5357.2000,5356.6000,5356.2000,5356.0000,5358.6000,5358.8000,5360.2000,5360.4000,5360.6000,1,1,1,1,2,2,1,1,2,1
SF,IC2003,2020-01-03 10:16:36.900,5359.8000,53919,0,3520602000.000,0,-,-,-,-,5357.6000,5357.2000,5356.6000,5356.2000,5355.4000,5358.6000,5358.8000,5360.2000,5360.4000,5360.6000,1,1,1,1,1,1,1,1,2,1
SF,IC2003,2020-01-03 10:16:37.400,5359.8000,53919,0,3520602000.000,0,-,-,-,-,5357.6000,5357.2000,5356.6000,5356.2000,5355.4000,5358.6000,5358.8000,5360.2000,5360.4000,5360.6000,1,1,1,1,1,1,1,1,1,1
SF,IC2003,2020-01-03 10:16:38.900,5359.8000,53919,0,3520602000.000,0,-,-,-,-,5357.6000,5357.2000,5356.6000,5356.2000,5355.4000,5358.6000,5358.8000,5360.4000,5360.6000,5361.0000,1,1,1,1,1,1,1,1,1,5
SF,IC2003,2020-01-03 10:16:39.400,5359.8000,53919,0,3520602000.000,0,-,-,-,-,5357.8000,5357.6000,5356.6000,5356.2000,5355.4000,5358.6000,5358.8000,5360.4000,5360.6000,5361.0000,1,1,1,1,1,1,1,1,1,5
SF,IC2003,2020-01-03 10:16:40.900,5359.8000,53919,0,3520602000.000,0,-,-,-,-,5357.6000,5356.6000,5356.2000,5355.4000,5355.2000,5358.6000,5358.8000,5360.4000,5360.6000,5361.0000,1,1,1,1,1,1,1,1,1,5
SF,IC2003,2020-01-03 10:16:41.400,5359.8000,53919,0,3520602000.000,0,-,-,-,-,5355.4000,5355.2000,5354.4000,5354.2000,5354.0000,5358.6000,5358.8000,5360.4000,5360.6000,5361.0000,1,1,1,1,1,1,1,1,1,5
SF,IC2003,2020-01-03 10:16:41.900,5359.8000,53919,0,3520602000.000,0,-,-,-,-,5356.6000,5355.8000,5355.6000,5355.4000,5355.2000,5358.4000,5358.6000,5358.8000,5360.4000,5360.6000,2,2,1,1,1,2,1,1,1,1
SF,IC2003,2020-01-03 10:16:42.400,5359.8000,53919,0,3520602000.000,0,-,-,-,-,5356.6000,5355.6000,5355.4000,5355.2000,5354.4000,5358.2000,5358.4000,5358.8000,5359.4000,5360.4000,2,1,1,1,1,2,1,1,1,1
SF,IC2003,2020-01-03 10:16:42.900,5359.8000,53919,0,3520602000.000,0,-,-,-,-,5355.4000,5355.2000,5354.4000,5354.2000,5354.0000,5358.2000,5359.4000,5360.4000,5360.6000,5361.0000,1,1,1,1,1,2,1,1,1,5
SF,IC2003,2020-01-03 10:16:43.400,5359.8000,53919,0,3520602000.000,0,-,-,-,-,5355.8000,5355.4000,5355.2000,5354.4000,5354.2000,5357.8000,5358.0000,5358.2000,5359.4000,5360.4000,4,1,1,1,1,2,2,2,1,1
SF,IC2003,2020-01-03 10:16:43.900,5359.8000,53919,0,3520602000.000,0,-,-,-,-,5355.8000,5355.4000,5355.2000,5354.4000,5354.2000,5357.6000,5357.8000,5358.0000,5358.2000,5359.4000,2,1,1,1,1,1,2,2,1,1
SF,IC2003,2020-01-03 10:16:44.400,5355.8000,53918,-1,3521673160.000,1,0,1,双平,S,5355.8000,5355.4000,5355.2000,5354.4000,5354.2000,5357.6000,5357.8000,5358.0000,5359.4000,5360.4000,1,1,1,1,1,3,2,1,1,1
SF,IC2003,2020-01-03 10:16:44.900,5355.8000,53918,0,3521673160.000,0,-,-,-,-,5356.0000,5355.8000,5355.4000,5355.2000,5354.4000,5357.4000,5357.6000,5357.8000,5358.0000,5359.4000,2,1,1,1,1,1,3,2,1,1
SF,IC2003,2020-01-03 10:16:45.400,5357.6000,53918,0,3523816200.000,2,1,1,多换,S,5356.0000,5355.8000,5355.4000,5355.2000,5354.4000,5357.8000,5359.4000,5360.4000,5360.6000,5361.0000,2,1,1,1,1,1,1,1,1,5
SF,IC2003,2020-01-03 10:16:45.900,5357.6000,53918,0,3523816200.000,0,-,-,-,-,5356.4000,5356.2000,5356.0000,5355.4000,5355.2000,5359.4000,5360.4000,5360.6000,5361.0000,5361.2000,3,2,1,1,1,1,1,1,5,1
SF,IC2003,2020-01-03 10:16:46.400,5357.6000,53918,0,3523816200.000,0,-,-,-,-,5356.8000,5356.6000,5356.4000,5356.2000,5356.0000,5358.6000,5359.2000,5359.4000,5360.4000,5360.6000,1,1,1,2,1,1,5,2,1,1
SF,IC2003,2020-01-03 10:16:46.900,5357.6000,53918,0,3523816200.000,0,-,-,-,-,5356.8000,5356.6000,5356.4000,5356.2000,5356.0000,5358.4000,5358.6000,5358.8000,5359.2000,5359.4000,1,1,1,2,1,1,1,1,3,2
SF,IC2003,2020-01-03 10:16:47.400,5357.6000,53918,0,3523816200.000,0,-,-,-,-,5357.0000,5356.8000,5356.6000,5356.0000,5355.4000,5358.4000,5358.6000,5359.2000,5359.4000,5360.4000,1,3,1,1,1,2,1,2,2,1
SF,IC2003,2020-01-03 10:16:47.900,5357.6000,53918,0,3523816200.000,0,-,-,-,-,5357.0000,5356.8000,5356.6000,5356.0000,5355.4000,5358.4000,5358.6000,5359.2000,5359.4000,5360.4000,1,3,1,1,1,2,1,2,2,1
SF,IC2003,2020-01-03 10:16:48.400,5357.6000,53918,0,3523816200.000,0,-,-,-,-,5357.0000,5356.8000,5356.6000,5356.0000,5355.4000,5358.4000,5358.6000,5359.2000,5359.4000,5360.4000,1,2,1,1,1,2,1,2,2,1
SF,IC2003,2020-01-03 10:16:48.900,5357.6000,53918,0,3523816200.000,0,-,-,-,-,5357.0000,5356.8000,5356.6000,5356.2000,5356.0000,5358.2000,5358.4000,5358.6000,5359.2000,5359.4000,1,1,1,1,1,1,2,1,2,2
SF,IC2003,2020-01-03 10:16:49.400,5357.6000,53918,0,3523816200.000,0,-,-,-,-,5357.2000,5357.0000,5356.8000,5356.6000,5356.2000,5358.0000,5358.2000,5358.6000,5359.2000,5359.4000,1,1,1,1,1,1,1,1,1,2
SF,IC2003,2020-01-03 10:16:49.900,5357.6000,53918,0,3523816200.000,0,-,-,-,-,5357.2000,5357.0000,5356.8000,5356.6000,5356.0000,5358.0000,5358.6000,5359.4000,5360.4000,5360.6000,1,1,1,1,1,1,1,2,1,1
SF,IC2003,2020-01-03 10:16:50.400,5357.6000,53918,0,3523816200.000,0,-,-,-,-,5357.2000,5357.0000,5356.8000,5356.6000,5356.0000,5357.6000,5358.0000,5358.6000,5359.4000,5360.4000,1,1,1,1,1,1,1,1,2,1
SF,IC2003,2020-01-03 10:16:50.900,5357.6000,53918,0,3523816200.000,0,-,-,-,-,5357.0000,5356.8000,5356.6000,5356.0000,5355.4000,5357.6000,5358.0000,5358.6000,5359.4000,5360.4000,1,1,1,1,2,1,1,1,2,1
SF,IC2003,2020-01-03 10:16:51.400,5357.6000,53918,0,3523816200.000,0,-,-,-,-,5357.0000,5356.8000,5356.6000,5356.0000,5355.4000,5357.6000,5358.0000,5358.6000,5359.4000,5360.4000,1,1,1,1,2,1,1,1,2,1
SF,IC2003,2020-01-03 10:16:51.900,5357.6000,53918,0,3523816200.000,0,-,-,-,-,5357.0000,5356.8000,5356.6000,5356.0000,5355.4000,5357.6000,5358.0000,5358.6000,5359.4000,5360.4000,1,1,1,1,2,1,1,1,2,1
SF,IC2003,2020-01-03 10:16:52.900,5357.6000,53918,0,3523816200.000,0,-,-,-,-,5357.0000,5356.6000,5356.0000,5355.4000,5355.2000,5357.6000,5358.0000,5358.6000,5359.4000,5360.4000,1,1,1,2,1,1,1,1,2,1
SF,IC2003,2020-01-03 10:16:53.400,5357.6000,53918,0,3523816200.000,0,-,-,-,-,5357.4000,5356.6000,5356.0000,5355.4000,5355.2000,5357.6000,5358.6000,5359.4000,5360.4000,5360.6000,1,1,1,2,1,1,1,2,1,1
SF,IC2003,2020-01-03 10:16:53.900,5357.4000,53917,-1,3524887680.000,1,0,1,双平,S,5356.6000,5356.0000,5355.4000,5355.2000,5354.4000,5357.6000,5358.4000,5358.6000,5359.4000,5360.4000,1,1,2,1,1,1,1,1,2,1
SF,IC2003,2020-01-03 10:16:54.400,5357.4000,53917,0,3524887680.000,0,-,-,-,-,5356.6000,5355.4000,5355.2000,5354.4000,5354.2000,5357.6000,5358.4000,5358.6000,5359.4000,5360.4000,1,2,1,1,1,1,1,1,2,1
SF,IC2003,2020-01-03 10:16:54.900,5357.4000,53917,0,3524887680.000,0,-,-,-,-,5356.6000,5355.4000,5355.2000,5354.4000,5354.2000,5357.6000,5358.4000,5359.4000,5360.4000,5360.6000,1,2,1,1,1,1,1,2,1,1
SF,IC2003,2020-01-03 10:16:56.900,5357.4000,53917,0,3524887680.000,0,-,-,-,-,5356.6000,5355.4000,5355.2000,5354.4000,5354.2000,5357.6000,5358.0000,5358.4000,5359.4000,5360.4000,1,2,1,1,1,1,1,1,2,1
SF,IC2003,2020-01-03 10:16:57.400,5357.4000,53917,0,3524887680.000,0,-,-,-,-,5356.6000,5355.4000,5355.2000,5354.4000,5354.2000,5357.6000,5358.0000,5359.4000,5360.4000,5360.6000,1,2,1,1,1,1,1,2,1,1
SF,IC2003,2020-01-03 10:16:57.900,5357.4000,53917,0,3524887680.000,0,-,-,-,-,5356.6000,5355.4000,5355.2000,5354.4000,5354.2000,5357.6000,5358.0000,5359.4000,5360.4000,5360.6000,1,2,1,1,1,1,1,2,1,1
SF,IC2003,2020-01-03 10:16:58.900,5356.6000,53917,0,3525959000.000,1,0,1,多换,S,5355.4000,5355.2000,5354.4000,5354.2000,5354.0000,5357.6000,5358.0000,5359.4000,5360.6000,5361.0000,1,1,1,1,1,1,1,2,1,5
SF,IC2003,2020-01-03 10:16:59.400,5356.6000,53917,0,3525959000.000,0,-,-,-,-,5356.0000,5355.8000,5355.4000,5355.2000,5354.4000,5357.6000,5358.0000,5359.4000,5360.6000,5361.0000,2,2,1,1,1,2,1,2,1,5
SF,IC2003,2020-01-03 10:16:59.900,5356.6000,53917,0,3525959000.000,0,-,-,-,-,5356.0000,5355.4000,5355.2000,5354.4000,5354.2000,5356.6000,5357.6000,5358.0000,5359.4000,5360.6000,2,1,1,1,1,1,1,1,2,1
SF,IC2003,2020-01-03 10:17:00.400,5356.6000,53916,-1,3528101640.000,2,0,2,多平,S,5356.6000,5356.2000,5356.0000,5355.4000,5355.2000,5357.4000,5357.6000,5358.0000,5359.4000,5360.6000,1,1,1,1,1,1,1,1,2,1
SF,IC2003,2020-01-03 10:17:00.900,5356.6000,53916,0,3528101640.000,0,-,-,-,-,5356.6000,5356.2000,5356.0000,5355.4000,5355.2000,5357.6000,5358.0000,5359.4000,5360.6000,5361.0000,1,1,1,1,1,1,1,2,1,5
SF,IC2003,2020-01-03 10:17:01.400,5356.6000,53916,0,3528101640.000,0,-,-,-,-,5356.6000,5356.2000,5356.0000,5355.4000,5355.2000,5357.6000,5358.0000,5359.4000,5360.6000,5361.0000,2,1,1,1,1,1,1,2,1,5
SF,IC2003,2020-01-03 10:17:01.900,5357.6000,53916,0,3529173160.000,1,0,1,多换,S,5357.6000,5356.6000,5356.2000,5355.4000,5355.2000,5358.0000,5359.4000,5360.6000,5361.0000,5361.2000,1,3,1,1,1,1,2,1,5,1
SF,IC2003,2020-01-03 10:17:02.400,5357.6000,53916,0,3529173160.000,0,-,-,-,-,5357.6000,5356.6000,5356.2000,5355.4000,5355.2000,5358.0000,5359.4000,5360.6000,5361.0000,5361.2000,1,3,1,1,1,2,1,1,5,1
SF,IC2003,2020-01-03 10:17:03.900,5358.0000,53916,0,3530244760.000,1,0,1,多换,S,5357.6000,5356.6000,5356.2000,5355.4000,5355.2000,5358.0000,5359.4000,5360.6000,5361.0000,5361.2000,1,3,1,1,1,1,1,1,5,1
SF,IC2003,2020-01-03 10:17:04.400,5358.0000,53916,0,3530244760.000,0,-,-,-,-,5357.6000,5356.6000,5356.2000,5355.4000,5355.2000,5359.2000,5359.4000,5360.6000,5361.0000,5361.2000,1,3,1,1,1,1,1,1,5,1
SF,IC2003,2020-01-03 10:17:04.900,5358.0000,53916,0,3530244760.000,0,-,-,-,-,5357.6000,5356.6000,5356.2000,5355.4000,5355.2000,5358.4000,5358.8000,5359.0000,5359.2000,5360.6000,1,3,1,1,1,1,1,2,1,1
SF,IC2003,2020-01-03 10:17:05.400,5358.0000,53916,0,3530244760.000,0,-,-,-,-,5357.6000,5356.6000,5356.2000,5355.4000,5355.2000,5358.2000,5358.4000,5358.8000,5359.0000,5360.6000,1,2,1,1,1,1,1,1,1,1
SF,IC2003,2020-01-03 10:17:05.900,5357.6000,53916,0,3531316280.000,1,0,1,多换,S,5356.6000,5356.2000,5355.4000,5355.2000,5354.4000,5358.2000,5358.4000,5358.8000,5359.0000,5360.6000,2,1,1,1,1,2,1,1,1,1
SF,IC2003,2020-01-03 10:17:06.400,5357.6000,53916,0,3531316280.000,0,-,-,-,-,5357.0000,5356.6000,5356.2000,5355.4000,5355.2000,5358.0000,5358.2000,5358.4000,5358.8000,5359.0000,1,2,1,1,1,1,2,1,1,1
SF,IC2003,2020-01-03 10:17:06.900,5357.6000,53916,0,3531316280.000,0,-,-,-,-,5357.0000,5356.6000,5356.2000,5355.4000,5355.2000,5357.8000,5358.2000,5358.4000,5358.8000,5359.0000,1,2,1,1,1,1,1,1,1,1
SF,IC2003,2020-01-03 10:17:07.400,5357.6000,53916,0,3531316280.000,0,-,-,-,-,5357.0000,5356.6000,5356.2000,5355.4000,5355.2000,5358.0000,5358.2000,5358.4000,5358.8000,5359.0000,1,2,1,1,1,1,1,1,1,1
SF,IC2003,2020-01-03 10:17:07.900,5357.6000,53916,0,3531316280.000,0,-,-,-,-,5357.0000,5356.6000,5356.2000,5355.4000,5355.2000,5358.0000,5358.2000,5358.4000,5358.8000,5359.0000,1,2,1,1,1,2,1,1,1,1
SF,IC2003,2020-01-03 10:17:09.900,5358.0000,53917,1,3532387880.000,1,1,0,双开,S,5357.0000,5356.6000,5356.2000,5355.4000,5355.2000,5358.0000,5358.2000,5358.4000,5358.8000,5359.0000,1,2,1,1,1,1,1,1,2,1
SF,IC2003,2020-01-03 10:17:10.400,5358.2000,53918,1,3533459520.000,1,1,0,双开,S,5357.0000,5356.6000,5356.2000,5355.4000,5355.2000,5358.4000,5358.8000,5359.0000,5360.6000,5361.0000,3,2,1,1,1,1,2,1,1,5
SF,IC2003,2020-01-03 10:17:10.900,5358.4000,53917,-1,3534531200.000,1,0,1,双平,S,5358.0000,5357.4000,5357.2000,5357.0000,5356.6000,5358.8000,5360.6000,5361.0000,5361.2000,5362.8000,1,1,4,2,2,1,1,5,1,1
SF,IC2003,2020-01-03 10:17:11.400,5358.8000,53917,0,3535602960.000,1,0,1,多换,S,5357.4000,5357.2000,5357.0000,5356.6000,5356.2000,5360.6000,5361.0000,5361.2000,5362.8000,5363.0000,1,4,1,2,1,1,5,1,1,2
SF,IC2003,2020-01-03 10:17:11.900,5357.8000,53918,1,3536674520.000,1,1,0,双开,S,5357.8000,5357.4000,5357.2000,5357.0000,5356.6000,5359.8000,5360.2000,5360.4000,5360.6000,5361.0000,3,3,1,1,2,1,1,1,1,5
SF,IC2003,2020-01-03 10:17:12.400,5357.8000,53918,0,3536674520.000,0,-,-,-,-,5359.2000,5359.0000,5358.2000,5358.0000,5357.8000,5359.6000,5359.8000,5360.4000,5361.0000,5362.8000,1,2,1,5,2,1,1,1,5,1
SF,IC2003,2020-01-03 10:17:12.900,5357.8000,53918,0,3536674520.000,0,-,-,-,-,5359.2000,5358.0000,5357.0000,5356.6000,5355.4000,5361.0000,5362.8000,5363.0000,5363.4000,5363.6000,1,2,1,2,1,5,1,2,2,3
SF,IC2003,2020-01-03 10:17:13.400,5357.8000,53918,0,3536674520.000,0,-,-,-,-,5359.6000,5359.2000,5358.0000,5357.0000,5356.6000,5360.6000,5360.8000,5361.0000,5362.8000,5363.0000,2,1,2,1,2,1,1,5,1,2
SF,IC2003,2020-01-03 10:17:13.900,5359.6000,53917,-1,3538818360.000,2,0,2,多平,S,5359.6000,5358.0000,5357.0000,5356.6000,5355.4000,5360.6000,5360.8000,5361.0000,5362.8000,5363.0000,1,2,1,2,1,1,1,5,1,2
SF,IC2003,2020-01-03 10:17:14.400,5359.6000,53916,-1,3539890280.000,1,0,1,双平,S,5358.0000,5357.0000,5356.6000,5355.4000,5355.2000,5359.6000,5360.6000,5361.0000,5362.8000,5363.0000,1,1,2,1,1,1,1,5,1,2
SF,IC2003,2020-01-03 10:17:14.900,5359.6000,53916,0,3539890280.000,0,-,-,-,-,5358.0000,5357.0000,5356.6000,5355.4000,5355.2000,5359.4000,5361.0000,5362.8000,5363.0000,5363.4000,1,1,2,1,1,1,5,1,2,2
SF,IC2003,2020-01-03 10:17:15.400,5359.6000,53916,0,3539890280.000,0,-,-,-,-,5357.0000,5356.6000,5355.4000,5355.2000,5354.4000,5361.0000,5362.8000,5363.0000,5363.4000,5363.6000,1,2,1,1,1,5,1,2,2,3
SF,IC2003,2020-01-03 10:17:15.900,5359.6000,53916,0,3539890280.000,0,-,-,-,-,5357.6000,5357.4000,5357.2000,5357.0000,5356.6000,5360.0000,5360.6000,5360.8000,5361.0000,5362.8000,1,3,1,1,1,1,1,4,5,1
SF,IC2003,2020-01-03 10:17:16.400,5359.6000,53916,0,3539890280.000,0,-,-,-,-,5357.6000,5357.4000,5357.2000,5357.0000,5356.6000,5360.0000,5360.6000,5360.8000,5361.0000,5362.8000,1,2,1,1,1,1,1,3,5,1
SF,IC2003,2020-01-03 10:17:16.900,5359.6000,53916,0,3539890280.000,0,-,-,-,-,5357.8000,5357.6000,5357.4000,5357.2000,5357.0000,5359.6000,5359.8000,5360.0000,5360.6000,5360.8000,1,1,2,1,1,1,1,1,1,2
SF,IC2003,2020-01-03 10:17:17.400,5359.6000,53916,0,3539890280.000,0,-,-,-,-,5358.0000,5357.8000,5357.6000,5357.4000,5357.0000,5359.6000,5359.8000,5360.0000,5360.6000,5360.8000,1,3,1,2,1,1,1,1,1,2
SF,IC2003,2020-01-03 10:17:17.900,5359.6000,53916,0,3539890280.000,0,-,-,-,-,5358.0000,5357.8000,5357.6000,5357.4000,5357.0000,5359.6000,5359.8000,5360.0000,5360.8000,5361.0000,1,2,1,2,1,1,1,1,2,5
SF,IC2003,2020-01-03 10:17:18.900,5359.6000,53916,0,3539890280.000,0,-,-,-,-,5357.8000,5357.6000,5357.4000,5357.0000,5356.6000,5359.6000,5359.8000,5360.0000,5360.8000,5361.0000,2,1,2,1,1,1,1,1,2,5
SF,IC2003,2020-01-03 10:17:19.400,5359.6000,53916,0,3539890280.000,0,-,-,-,-,5357.8000,5357.6000,5357.4000,5357.0000,5356.6000,5359.6000,5359.8000,5360.0000,5360.8000,5361.0000,2,1,2,1,1,1,1,1,1,5
SF,IC2003,2020-01-03 10:17:19.900,5359.6000,53916,0,3539890280.000,0,-,-,-,-,5357.8000,5357.6000,5357.4000,5357.0000,5356.6000,5359.4000,5359.6000,5359.8000,5360.0000,5360.8000,2,1,2,1,1,1,1,1,1,1
SF,IC2003,2020-01-03 10:17:20.400,5359.6000,53916,0,3539890280.000,0,-,-,-,-,5357.8000,5357.6000,5357.4000,5357.0000,5356.6000,5359.4000,5359.6000,5359.8000,5360.0000,5360.8000,1,1,2,1,1,1,1,1,1,1
SF,IC2003,2020-01-03 10:17:20.900,5359.6000,53916,0,3539890280.000,0,-,-,-,-,5357.8000,5357.6000,5357.4000,5357.0000,5356.6000,5359.4000,5359.6000,5360.8000,5361.0000,5362.8000,1,1,2,1,1,1,1,1,5,1
SF,IC2003,2020-01-03 10:17:21.900,5359.6000,53916,0,3539890280.000,0,-,-,-,-,5357.8000,5357.6000,5357.4000,5357.0000,5356.6000,5359.4000,5359.6000,5360.8000,5361.0000,5362.8000,1,1,2,1,1,1,1,1,5,1
SF,IC2003,2020-01-03 10:17:22.900,5359.6000,53916,0,3540962200.000,1,0,1,多换,S,5357.8000,5357.6000,5357.4000,5357.0000,5356.6000,5359.6000,5360.8000,5361.0000,5362.8000,5363.0000,1,1,2,1,1,1,1,5,1,2
SF,IC2003,2020-01-03 10:17:23.400,5359.6000,53916,0,3540962200.000,0,-,-,-,-,5357.8000,5357.6000,5357.4000,5357.0000,5356.6000,5359.2000,5359.6000,5360.8000,5361.0000,5362.8000,1,1,2,1,1,2,1,1,5,1
SF,IC2003,2020-01-03 10:17:23.900,5359.6000,53916,0,3540962200.000,0,-,-,-,-,5357.8000,5357.0000,5356.6000,5356.0000,5355.4000,5359.6000,5360.8000,5361.0000,5362.8000,5363.0000,1,1,1,1,1,1,1,5,1,2
SF,IC2003,2020-01-03 10:17:24.400,5359.6000,53916,0,3540962200.000,0,-,-,-,-,5357.8000,5357.0000,5356.6000,5356.0000,5355.4000,5359.2000,5359.4000,5359.6000,5360.8000,5361.0000,1,1,1,1,1,3,3,1,1,5
SF,IC2003,2020-01-03 10:17:24.900,5359.6000,53917,1,3542034120.000,1,1,0,双开,S,5358.0000,5357.8000,5357.0000,5356.6000,5356.0000,5359.4000,5359.6000,5360.8000,5361.0000,5362.8000,1,1,1,1,1,2,1,1,5,1
SF,IC2003,2020-01-03 10:17:25.400,5359.6000,53917,0,3542034120.000,0,-,-,-,-,5358.0000,5357.8000,5357.0000,5356.6000,5356.0000,5359.2000,5359.4000,5359.6000,5360.8000,5361.0000,1,1,1,1,1,1,2,1,1,5
SF,IC2003,2020-01-03 10:17:25.900,5359.4000,53918,1,3543106000.000,1,1,0,双开,S,5358.0000,5357.8000,5357.0000,5356.6000,5356.0000,5359.2000,5359.4000,5359.6000,5360.8000,5361.0000,1,1,1,1,1,1,2,1,1,5
SF,IC2003,2020-01-03 10:17:26.400,5359.4000,53918,0,3543106000.000,0,-,-,-,-,5358.0000,5357.8000,5357.0000,5356.6000,5356.0000,5359.2000,5359.4000,5359.6000,5360.8000,5361.0000,1,1,1,1,1,1,2,1,1,5
SF,IC2003,2020-01-03 10:17:26.900,5359.2000,53919,1,3544177840.000,1,1,0,双开,S,5358.0000,5357.8000,5357.0000,5356.6000,5356.0000,5359.2000,5359.4000,5359.6000,5360.8000,5361.0000,2,1,1,1,1,1,1,1,1,5
SF,IC2003,2020-01-03 10:17:27.400,5359.2000,53919,0,3544177840.000,0,-,-,-,-,5358.0000,5357.8000,5357.0000,5356.6000,5356.0000,5359.4000,5359.6000,5360.8000,5361.0000,5362.8000,2,1,1,1,1,1,1,1,5,1
SF,IC2003,2020-01-03 10:17:27.900,5359.2000,53919,0,3544177840.000,0,-,-,-,-,5358.2000,5358.0000,5357.8000,5357.0000,5356.6000,5359.6000,5360.8000,5361.0000,5362.8000,5363.0000,2,1,1,1,1,1,1,5,1,2
SF,IC2003,2020-01-03 10:17:28.400,5359.6000,53920,1,3545249760.000,1,1,0,双开,S,5358.2000,5358.0000,5357.8000,5357.0000,5356.6000,5360.2000,5360.8000,5361.0000,5362.8000,5363.0000,2,1,1,1,1,1,1,5,1,2
SF,IC2003,2020-01-03 10:17:28.900,5358.2000,53921,1,3546321400.000,1,1,0,双开,S,5358.2000,5358.0000,5357.8000,5357.0000,5356.6000,5360.0000,5360.2000,5360.8000,5361.0000,5362.8000,1,1,1,1,1,2,1,1,5,1
SF,IC2003,2020-01-03 10:17:29.400,5358.2000,53921,0,3546321400.000,0,-,-,-,-,5358.2000,5358.0000,5357.8000,5357.0000,5356.6000,5360.8000,5361.0000,5362.8000,5363.0000,5363.4000,1,1,1,1,1,1,5,1,2,2
SF,IC2003,2020-01-03 10:17:29.900,5358.2000,53921,0,3546321400.000,0,-,-,-,-,5357.8000,5357.0000,5356.6000,5356.0000,5355.4000,5359.0000,5359.8000,5360.0000,5360.4000,5360.6000,1,1,1,1,1,1,1,1,4,3
SF,IC2003,2020-01-03 10:17:30.400,5358.2000,53921,0,3546321400.000,0,-,-,-,-,5358.0000,5357.8000,5357.0000,5356.6000,5356.0000,5359.8000,5360.4000,5360.6000,5360.8000,5361.0000,1,1,1,1,1,1,1,2,2,5
SF,IC2003,2020-01-03 10:17:30.900,5358.2000,53921,0,3546321400.000,0,-,-,-,-,5359.0000,5358.2000,5358.0000,5357.0000,5356.6000,5359.6000,5359.8000,5360.4000,5360.6000,5360.8000,1,1,1,1,1,1,1,1,2,2
SF,IC2003,2020-01-03 10:17:31.400,5358.2000,53921,0,3546321400.000,0,-,-,-,-,5359.0000,5358.2000,5358.0000,5357.0000,5356.6000,5359.6000,5359.8000,5360.4000,5360.6000,5361.0000,1,1,1,1,1,1,1,1,2,5
SF,IC2003,2020-01-03 10:17:31.900,5358.2000,53921,0,3546321400.000,0,-,-,-,-,5359.0000,5358.2000,5358.0000,5357.0000,5356.6000,5359.6000,5359.8000,5360.4000,5360.6000,5361.0000,2,1,1,1,1,2,1,1,2,5
SF,IC2003,2020-01-03 10:17:32.900,5359.6000,53921,0,3547393320.000,1,0,1,多换,S,5359.0000,5358.2000,5358.0000,5357.0000,5356.6000,5359.6000,5359.8000,5360.4000,5360.6000,5361.0000,2,1,1,1,1,1,1,1,2,5
SF,IC2003,2020-01-03 10:17:33.400,5359.6000,53921,0,3547393320.000,0,-,-,-,-,5359.0000,5358.2000,5358.0000,5357.0000,5356.6000,5359.8000,5360.4000,5360.6000,5361.0000,5362.8000,2,1,1,1,1,1,1,2,5,1
SF,IC2003,2020-01-03 10:17:33.900,5359.8000,53921,0,3548465280.000,1,0,1,多换,S,5359.6000,5359.0000,5358.2000,5358.0000,5357.0000,5360.0000,5360.4000,5360.6000,5361.0000,5362.8000,1,2,1,1,1,1,1,2,5,1
SF,IC2003,2020-01-03 10:17:34.400,5359.6000,53921,0,3549537200.000,1,0,1,多换,S,5359.0000,5358.2000,5358.0000,5357.0000,5356.6000,5360.4000,5360.6000,5361.0000,5362.8000,5363.0000,2,1,1,1,1,1,2,5,1,2
SF,IC2003,2020-01-03 10:17:34.900,5360.4000,53921,0,3551681080.000,2,1,1,多换,S,5359.0000,5358.2000,5357.0000,5356.6000,5356.0000,5360.4000,5360.6000,5361.0000,5362.8000,5363.0000,1,1,1,1,1,1,2,5,1,2
SF,IC2003,2020-01-03 10:17:35.900,5360.4000,53922,1,3552753160.000,1,1,0,双开,S,5359.0000,5358.2000,5357.0000,5356.6000,5356.0000,5360.2000,5360.6000,5361.0000,5362.8000,5363.0000,1,1,1,1,1,2,1,5,1,2
SF,IC2003,2020-01-03 10:17:36.400,5360.4000,53922,0,3552753160.000,0,-,-,-,-,5359.0000,5358.2000,5357.0000,5356.6000,5356.0000,5360.2000,5360.6000,5361.0000,5362.8000,5363.0000,1,3,1,1,1,1,1,5,1,2
SF,IC2003,2020-01-03 10:17:36.900,5360.2000,53922,0,3553825200.000,1,0,1,多换,S,5359.0000,5358.2000,5357.0000,5356.6000,5356.0000,5360.2000,5360.6000,5361.0000,5362.8000,5363.0000,1,3,1,1,1,1,1,5,1,2
SF,IC2003,2020-01-03 10:17:37.900,5360.2000,53922,0,3553825200.000,0,-,-,-,-,5359.0000,5358.2000,5357.0000,5356.6000,5356.0000,5359.8000,5360.2000,5360.4000,5360.6000,5361.0000,1,3,1,1,1,1,1,1,1,5
SF,IC2003,2020-01-03 10:17:38.400,5360.2000,53922,0,3553825200.000,0,-,-,-,-,5359.0000,5358.2000,5357.0000,5356.6000,5356.0000,5359.8000,5360.4000,5360.6000,5361.0000,5362.8000,1,3,1,1,1,1,1,1,5,1
SF,IC2003,2020-01-03 10:17:38.900,5360.2000,53922,0,3553825200.000,0,-,-,-,-,5359.0000,5358.2000,5357.0000,5356.6000,5356.0000,5359.8000,5360.0000,5360.4000,5360.6000,5361.0000,1,3,1,1,1,1,1,1,1,5
SF,IC2003,2020-01-03 10:17:39.400,5360.2000,53922,0,3553825200.000,0,-,-,-,-,5359.0000,5358.2000,5357.0000,5356.6000,5356.0000,5359.8000,5360.4000,5360.6000,5361.0000,5362.8000,1,3,1,1,1,1,1,1,5,1
SF,IC2003,2020-01-03 10:17:39.900,5360.2000,53922,0,3553825200.000,0,-,-,-,-,5359.0000,5358.2000,5357.0000,5356.6000,5356.0000,5359.8000,5360.0000,5360.4000,5360.6000,5361.0000,1,3,1,1,1,1,1,1,1,5
SF,IC2003,2020-01-03 10:17:40.400,5360.2000,53922,0,3553825200.000,0,-,-,-,-,5359.0000,5358.2000,5357.0000,5356.6000,5356.0000,5359.8000,5360.4000,5360.6000,5361.0000,5362.8000,1,3,1,1,1,1,1,1,5,1
SF,IC2003,2020-01-03 10:17:40.900,5360.2000,53922,0,3553825200.000,0,-,-,-,-,5359.0000,5358.2000,5357.0000,5356.6000,5356.0000,5359.8000,5360.0000,5360.4000,5360.6000,5361.0000,1,3,1,1,1,1,1,1,1,5
SF,IC2003,2020-01-03 10:17:41.400,5360.2000,53922,0,3553825200.000,0,-,-,-,-,5359.0000,5358.2000,5357.0000,5356.6000,5356.0000,5359.8000,5360.4000,5360.6000,5361.0000,5362.8000,1,3,1,1,1,1,1,1,5,1
SF,IC2003,2020-01-03 10:17:41.900,5360.2000,53922,0,3553825200.000,0,-,-,-,-,5359.0000,5358.2000,5357.0000,5356.6000,5356.0000,5359.6000,5359.8000,5360.0000,5360.4000,5360.6000,1,3,1,1,1,1,1,1,1,1
SF,IC2003,2020-01-03 10:17:42.400,5360.2000,53922,0,3553825200.000,0,-,-,-,-,5359.0000,5358.2000,5357.0000,5356.6000,5356.0000,5359.6000,5359.8000,5360.4000,5360.6000,5361.0000,1,3,1,1,1,1,1,1,1,5
SF,IC2003,2020-01-03 10:17:42.900,5360.2000,53922,0,3553825200.000,0,-,-,-,-,5359.0000,5358.2000,5357.0000,5356.6000,5356.0000,5359.6000,5359.8000,5360.4000,5360.6000,5361.0000,1,3,1,1,1,2,1,1,1,5
SF,IC2003,2020-01-03 10:17:43.400,5360.2000,53922,0,3553825200.000,0,-,-,-,-,5359.0000,5358.2000,5357.0000,5356.6000,5356.0000,5359.6000,5359.8000,5360.4000,5360.6000,5361.0000,1,3,1,1,1,1,1,1,1,5
SF,IC2003,2020-01-03 10:17:43.900,5360.2000,53922,0,3553825200.000,0,-,-,-,-,5359.0000,5358.2000,5357.0000,5356.6000,5356.0000,5359.4000,5359.6000,5359.8000,5360.4000,5360.6000,1,3,1,1,1,1,2,1,1,1
SF,IC2003,2020-01-03 10:17:44.400,5360.2000,53922,0,3553825200.000,0,-,-,-,-,5359.0000,5358.2000,5357.0000,5356.6000,5356.0000,5359.4000,5359.6000,5359.8000,5360.4000,5360.6000,1,3,1,1,1,1,1,1,1,1
SF,IC2003,2020-01-03 10:17:44.900,5360.2000,53922,0,3553825200.000,0,-,-,-,-,5359.0000,5358.2000,5357.0000,5356.6000,5356.0000,5359.4000,5359.6000,5359.8000,5360.4000,5360.6000,1,3,1,1,1,1,1,1,1,1
SF,IC2003,2020-01-03 10:17:45.400,5359.0000,53921,-1,3554897000.000,1,0,1,双平,S,5358.2000,5357.0000,5356.6000,5356.0000,5355.4000,5359.4000,5359.6000,5359.8000,5360.4000,5360.6000,3,1,1,1,1,1,1,1,1,1
SF,IC2003,2020-01-03 10:17:45.900,5358.2000,53921,0,3555968640.000,1,0,1,多换,S,5358.2000,5357.0000,5356.6000,5356.0000,5355.4000,5359.2000,5359.4000,5359.6000,5359.8000,5360.4000,2,1,1,1,1,1,1,1,1,1
SF,IC2003,2020-01-03 10:17:46.400,5358.2000,53921,0,3555968640.000,0,-,-,-,-,5358.4000,5358.2000,5357.0000,5356.6000,5356.0000,5359.2000,5359.4000,5359.8000,5360.4000,5360.6000,1,2,1,1,1,1,1,1,1,1
SF,IC2003,2020-01-03 10:17:46.900,5358.2000,53921,0,3555968640.000,0,-,-,-,-,5358.4000,5358.2000,5357.0000,5356.6000,5356.0000,5359.4000,5359.8000,5360.4000,5361.0000,5362.8000,1,2,1,1,1,1,1,1,5,1
SF,IC2003,2020-01-03 10:17:47.400,5358.2000,53921,0,3555968640.000,0,-,-,-,-,5358.4000,5358.2000,5357.0000,5356.6000,5356.0000,5359.4000,5359.6000,5359.8000,5360.4000,5361.0000,1,2,1,1,1,1,1,1,1,5
SF,IC2003,2020-01-03 10:17:47.900,5358.2000,53921,0,3555968640.000,0,-,-,-,-,5358.2000,5357.0000,5356.6000,5356.0000,5355.4000,5359.4000,5359.6000,5359.8000,5360.4000,5361.0000,2,1,1,1,1,1,1,1,1,5
SF,IC2003,2020-01-03 10:17:48.400,5358.2000,53921,0,3555968640.000,0,-,-,-,-,5358.2000,5357.0000,5356.6000,5356.0000,5355.4000,5359.4000,5359.8000,5360.4000,5361.0000,5362.8000,2,1,1,1,1,1,1,1,5,1
SF,IC2003,2020-01-03 10:17:48.900,5358.2000,53921,0,3555968640.000,0,-,-,-,-,5358.2000,5357.0000,5356.6000,5356.0000,5355.4000,5359.4000,5359.8000,5360.4000,5361.0000,5362.8000,2,1,1,1,1,2,1,1,5,1
SF,IC2003,2020-01-03 10:17:49.400,5358.2000,53921,0,3555968640.000,0,-,-,-,-,5358.4000,5358.2000,5357.0000,5356.6000,5356.0000,5359.4000,5359.8000,5360.4000,5361.0000,5362.8000,1,2,1,1,1,2,1,1,5,1
SF,IC2003,2020-01-03 10:17:49.900,5358.2000,53921,0,3555968640.000,0,-,-,-,-,5358.4000,5358.2000,5357.0000,5356.6000,5356.0000,5359.4000,5359.8000,5360.4000,5361.0000,5362.8000,1,2,1,1,1,1,1,1,5,1
SF,IC2003,2020-01-03 10:17:50.900,5358.2000,53921,0,3555968640.000,0,-,-,-,-,5358.4000,5358.2000,5357.0000,5356.6000,5356.0000,5359.4000,5359.8000,5360.4000,5361.0000,5362.8000,1,2,1,1,1,1,1,1,5,1
SF,IC2003,2020-01-03 10:17:51.900,5358.2000,53922,1,3557040280.000,1,1,0,双开,S,5358.2000,5357.0000,5356.6000,5356.0000,5355.4000,5359.4000,5359.8000,5360.4000,5361.0000,5362.8000,2,1,1,1,1,1,1,1,5,1
SF,IC2003,2020-01-03 10:17:52.400,5358.2000,53922,0,3557040280.000,0,-,-,-,-,5358.2000,5357.0000,5356.6000,5356.0000,5355.4000,5359.0000,5359.4000,5359.8000,5361.0000,5362.8000,2,1,1,1,1,1,2,1,5,1
SF,IC2003,2020-01-03 10:17:52.900,5359.0000,53923,1,3558112080.000,1,1,0,双开,S,5358.2000,5357.0000,5356.6000,5356.0000,5355.4000,5359.4000,5359.8000,5361.0000,5362.8000,5363.0000,2,1,1,1,1,1,1,5,1,2
SF,IC2003,2020-01-03 10:17:53.400,5359.0000,53923,0,3558112080.000,0,-,-,-,-,5358.2000,5357.0000,5356.6000,5356.0000,5355.4000,5359.8000,5361.0000,5362.8000,5363.0000,5363.4000,2,1,1,1,1,1,5,1,2,2
SF,IC2003,2020-01-03 10:17:53.900,5359.0000,53923,0,3558112080.000,0,-,-,-,-,5358.2000,5357.0000,5356.6000,5356.0000,5355.4000,5359.8000,5361.0000,5362.8000,5363.0000,5363.4000,2,1,1,1,1,2,5,1,2,2
SF,IC2003,2020-01-03 10:17:54.900,5358.2000,53923,0,3559183720.000,1,0,1,多换,S,5358.2000,5357.0000,5356.6000,5356.0000,5355.4000,5358.6000,5359.6000,5359.8000,5361.0000,5362.8000,1,1,1,1,1,1,2,2,5,1
SF,IC2003,2020-01-03 10:17:55.400,5358.2000,53923,0,3559183720.000,0,-,-,-,-,5358.2000,5357.0000,5356.6000,5356.0000,5355.4000,5359.2000,5359.6000,5359.8000,5361.0000,5362.8000,1,1,1,1,1,1,1,1,5,1
SF,IC2003,2020-01-03 10:17:55.900,5358.2000,53923,0,3559183720.000,0,-,-,-,-,5358.2000,5357.0000,5356.6000,5356.0000,5355.4000,5359.2000,5359.4000,5359.6000,5359.8000,5361.0000,1,1,1,1,1,1,1,1,1,5
SF,IC2003,2020-01-03 10:17:56.400,5358.2000,53923,0,3559183720.000,0,-,-,-,-,5358.2000,5357.0000,5356.6000,5356.0000,5355.4000,5359.2000,5359.6000,5359.8000,5361.0000,5362.8000,1,1,1,1,1,1,1,1,5,1
SF,IC2003,2020-01-03 10:17:56.900,5358.2000,53923,0,3559183720.000,0,-,-,-,-,5358.2000,5357.0000,5356.6000,5356.0000,5355.4000,5359.2000,5359.4000,5359.6000,5359.8000,5360.0000,1,1,1,1,1,1,1,1,1,1
SF,IC2003,2020-01-03 10:17:57.400,5358.2000,53923,0,3559183720.000,0,-,-,-,-,5358.2000,5357.0000,5356.6000,5356.0000,5355.4000,5359.2000,5359.6000,5359.8000,5360.0000,5361.0000,1,1,1,1,1,1,1,1,1,5
SF,IC2003,2020-01-03 10:17:57.900,5358.2000,53923,0,3560255360.000,1,0,1,多换,S,5357.0000,5356.6000,5356.0000,5355.4000,5355.2000,5359.0000,5359.2000,5359.6000,5359.8000,5360.0000,1,1,1,1,1,1,1,1,1,1
SF,IC2003,2020-01-03 10:17:58.400,5358.2000,53923,0,3560255360.000,0,-,-,-,-,5357.6000,5357.4000,5357.0000,5356.6000,5356.0000,5359.0000,5359.2000,5359.6000,5359.8000,5360.0000,1,1,1,1,1,1,1,1,1,1
SF,IC2003,2020-01-03 10:17:58.900,5357.6000,53924,1,3561326880.000,1,1,0,双开,S,5357.4000,5357.0000,5356.6000,5356.0000,5355.4000,5358.8000,5359.0000,5359.2000,5359.8000,5360.0000,1,1,1,1,1,1,1,1,1,1
SF,IC2003,2020-01-03 10:17:59.400,5357.6000,53924,0,3561326880.000,0,-,-,-,-,5357.4000,5357.0000,5356.6000,5356.0000,5355.4000,5358.8000,5359.0000,5359.8000,5360.0000,5361.0000,1,1,1,1,1,2,1,1,1,5
SF,IC2003,2020-01-03 10:17:59.900,5357.4000,53924,0,3562398360.000,1,0,1,多换,S,5357.0000,5356.6000,5356.0000,5355.4000,5355.2000,5358.6000,5358.8000,5359.0000,5359.8000,5360.0000,1,1,1,1,1,1,1,1,1,1
SF,IC2003,2020-01-03 10:18:00.400,5357.4000,53924,0,3562398360.000,0,-,-,-,-,5357.2000,5357.0000,5356.6000,5356.0000,5355.4000,5358.6000,5359.8000,5360.0000,5361.0000,5362.8000,1,1,1,1,1,2,1,1,5,1
SF,IC2003,2020-01-03 10:18:01.400,5357.4000,53924,0,3562398360.000,0,-,-,-,-,5357.2000,5357.0000,5356.6000,5356.0000,5355.4000,5358.4000,5358.6000,5359.8000,5360.0000,5361.0000,1,1,1,1,1,2,1,1,1,5
SF,IC2003,2020-01-03 10:18:01.900,5357.4000,53924,0,3562398360.000,0,-,-,-,-,5357.0000,5356.6000,5356.0000,5355.4000,5355.2000,5358.2000,5358.4000,5359.8000,5360.0000,5361.0000,1,1,1,1,1,2,1,1,1,5
SF,IC2003,2020-01-03 10:18:02.400,5357.0000,53924,0,3563469760.000,1,0,1,多换,S,5356.6000,5356.0000,5355.4000,5355.2000,5354.4000,5357.0000,5357.2000,5358.0000,5358.2000,5359.8000,1,1,1,1,1,2,1,6,2,1
SF,IC2003,2020-01-03 10:18:02.900,5356.6000,53923,-1,3564541080.000,1,0,1,双平,S,5356.0000,5355.4000,5355.2000,5354.4000,5354.0000,5356.4000,5356.6000,5356.8000,5358.0000,5358.2000,1,1,1,1,1,1,5,1,1,2
SF,IC2003,2020-01-03 10:18:03.400,5356.0000,53922,-1,3566683560.000,2,0,2,多平,S,5355.4000,5355.2000,5354.4000,5354.0000,5353.4000,5356.6000,5358.0000,5358.2000,5359.8000,5360.0000,1,1,1,1,1,1,1,2,1,1
SF,IC2003,2020-01-03 10:18:03.900,5356.0000,53922,0,3566683560.000,0,-,-,-,-,5355.4000,5355.2000,5354.4000,5354.0000,5353.4000,5356.6000,5357.4000,5358.0000,5358.2000,5359.8000,1,1,1,1,1,2,1,1,1,1
SF,IC2003,2020-01-03 10:18:04.400,5356.0000,53922,0,3566683560.000,0,-,-,-,-,5355.6000,5355.4000,5355.2000,5354.4000,5354.0000,5356.6000,5357.4000,5358.0000,5358.2000,5359.8000,1,1,1,1,1,2,1,1,1,1
SF,IC2003,2020-01-03 10:18:05.900,5356.0000,53922,0,3566683560.000,0,-,-,-,-,5355.6000,5355.4000,5355.2000,5354.4000,5354.0000,5356.6000,5357.4000,5358.2000,5359.8000,5360.0000,1,1,1,1,1,2,1,1,1,1
SF,IC2003,2020-01-03 10:18:07.400,5355.6000,53921,-1,3567754680.000,1,0,1,双平,S,5355.4000,5355.2000,5354.4000,5354.0000,5353.4000,5355.6000,5356.6000,5357.4000,5358.2000,5359.8000,1,1,1,1,1,1,2,1,1,1
SF,IC2003,2020-01-03 10:18:07.900,5355.6000,53920,-1,3568825800.000,1,0,1,双平,S,5355.6000,5355.4000,5355.2000,5354.4000,5354.0000,5356.6000,5357.4000,5358.2000,5359.8000,5360.0000,1,1,1,1,1,2,1,1,1,1
SF,IC2003,2020-01-03 10:18:08.400,5355.6000,53920,0,3568825800.000,0,-,-,-,-,5355.6000,5355.4000,5355.2000,5354.4000,5354.0000,5356.0000,5356.6000,5357.4000,5358.2000,5359.8000,1,1,1,1,1,1,2,1,1,1
SF,IC2003,2020-01-03 10:18:08.900,5355.6000,53919,-1,3569896920.000,1,0,1,双平,S,5355.4000,5355.2000,5354.4000,5354.0000,5353.4000,5356.0000,5356.6000,5357.4000,5358.2000,5359.8000,1,1,1,1,1,1,1,1,1,1
SF,IC2003,2020-01-03 10:18:09.400,5356.0000,53918,-1,3570968120.000,1,0,1,双平,S,5355.4000,5355.2000,5354.4000,5354.0000,5353.4000,5356.6000,5357.4000,5358.2000,5359.8000,5360.0000,1,1,1,1,1,1,1,1,1,1
SF,IC2003,2020-01-03 10:18:09.900,5356.0000,53918,0,3570968120.000,0,-,-,-,-,5355.4000,5355.2000,5354.4000,5354.0000,5353.4000,5356.4000,5356.6000,5357.4000,5359.8000,5360.0000,1,1,1,1,1,1,1,1,1,1
SF,IC2003,2020-01-03 10:18:13.400,5356.4000,53917,-1,3572039400.000,1,0,1,双平,S,5355.6000,5355.4000,5355.2000,5354.4000,5354.0000,5356.0000,5356.6000,5357.4000,5359.8000,5360.0000,2,1,1,1,1,1,1,1,1,1
SF,IC2003,2020-01-03 10:18:13.900,5356.0000,53916,-1,3573110600.000,1,0,1,双平,S,5356.2000,5356.0000,5355.8000,5355.6000,5355.4000,5356.6000,5357.4000,5359.8000,5360.0000,5361.0000,1,1,1,2,1,1,1,1,1,5
SF,IC2003,2020-01-03 10:18:14.400,5356.0000,53916,0,3573110600.000,0,-,-,-,-,5356.4000,5356.2000,5355.8000,5355.6000,5355.4000,5356.6000,5359.8000,5360.0000,5361.0000,5362.8000,1,1,1,2,1,1,1,1,5,1
SF,IC2003,2020-01-03 10:18:14.900,5356.6000,53915,-1,3574181920.000,1,0,1,双平,S,5356.4000,5356.2000,5355.8000,5355.6000,5355.4000,5358.4000,5359.8000,5360.0000,5361.0000,5362.8000,1,2,1,2,1,1,1,1,5,1
SF,IC2003,2020-01-03 10:18:15.400,5358.0000,53915,0,3575253520.000,1,0,1,多换,S,5356.6000,5356.4000,5356.2000,5355.6000,5355.4000,5358.2000,5359.8000,5360.0000,5361.0000,5362.8000,1,1,1,2,1,3,1,1,5,1
SF,IC2003,2020-01-03 10:18:15.900,5358.0000,53915,0,3575253520.000,0,-,-,-,-,5356.6000,5356.4000,5356.2000,5355.6000,5355.4000,5358.2000,5359.8000,5360.0000,5361.0000,5362.8000,1,1,1,2,1,1,1,1,5,1
SF,IC2003,2020-01-03 10:18:16.400,5356.6000,53914,-1,3576324840.000,1,0,1,双平,S,5356.4000,5356.2000,5355.6000,5355.4000,5355.2000,5358.2000,5358.8000,5359.8000,5360.0000,5361.0000,1,1,1,1,1,1,1,1,1,5
SF,IC2003,2020-01-03 10:18:16.900,5356.6000,53914,0,3576324840.000,0,-,-,-,-,5356.4000,5356.2000,5355.6000,5355.4000,5355.2000,5357.8000,5358.2000,5358.8000,5359.8000,5360.0000,1,1,1,1,1,2,1,1,1,1
SF,IC2003,2020-01-03 10:18:17.400,5356.6000,53914,0,3576324840.000,0,-,-,-,-,5356.4000,5356.2000,5355.6000,5355.4000,5355.2000,5357.6000,5358.8000,5359.8000,5360.0000,5361.0000,1,1,1,1,1,1,1,1,1,5
SF,IC2003,2020-01-03 10:18:17.900,5356.6000,53914,0,3576324840.000,0,-,-,-,-,5356.4000,5356.2000,5355.4000,5355.2000,5354.4000,5357.6000,5358.8000,5359.8000,5360.0000,5361.0000,1,1,1,1,1,1,1,1,1,5
SF,IC2003,2020-01-03 10:18:18.900,5356.6000,53914,0,3576324840.000,0,-,-,-,-,5356.4000,5356.2000,5355.4000,5355.2000,5354.4000,5357.6000,5358.8000,5359.8000,5360.0000,5361.0000,1,1,1,1,1,1,1,1,1,5
SF,IC2003,2020-01-03 10:18:19.900,5356.6000,53914,0,3576324840.000,0,-,-,-,-,5356.8000,5356.6000,5356.4000,5356.2000,5355.4000,5357.6000,5358.8000,5359.8000,5360.0000,5361.0000,1,1,1,1,1,1,1,1,1,5
SF,IC2003,2020-01-03 10:18:20.400,5358.8000,53914,0,3577396600.000,1,0,1,多换,S,5356.8000,5356.6000,5356.4000,5356.2000,5355.4000,5358.6000,5359.8000,5360.0000,5361.0000,5362.8000,1,1,1,1,1,1,1,1,5,1
SF,IC2003,2020-01-03 10:18:20.900,5358.8000,53914,0,3577396600.000,0,-,-,-,-,5357.0000,5356.8000,5356.6000,5356.4000,5356.2000,5358.4000,5359.8000,5360.0000,5361.0000,5362.8000,1,2,1,1,1,1,1,1,5,1
SF,IC2003,2020-01-03 10:18:21.400,5358.8000,53914,0,3577396600.000,0,-,-,-,-,5357.2000,5357.0000,5356.8000,5356.4000,5356.2000,5358.2000,5359.2000,5359.8000,5360.0000,5361.0000,1,3,1,1,1,1,1,1,1,5
SF,IC2003,2020-01-03 10:18:21.900,5358.2000,53914,0,3578468240.000,1,0,1,多换,S,5357.4000,5357.2000,5357.0000,5356.8000,5356.2000,5359.2000,5359.8000,5360.0000,5361.0000,5362.8000,1,2,1,1,1,1,1,1,5,1
SF,IC2003,2020-01-03 10:18:22.400,5358.2000,53914,0,3578468240.000,0,-,-,-,-,5357.4000,5357.2000,5356.2000,5355.4000,5355.2000,5358.8000,5359.0000,5359.8000,5360.0000,5361.0000,2,2,1,1,1,2,1,1,1,5
SF,IC2003,2020-01-03 10:18:22.900,5357.6000,53914,0,3579539760.000,1,0,1,多换,S,5357.6000,5357.4000,5357.2000,5356.2000,5355.4000,5358.6000,5359.8000,5360.0000,5361.0000,5362.8000,1,1,1,1,1,2,1,1,5,1
SF,IC2003,2020-01-03 10:18:23.400,5357.6000,53914,0,3579539760.000,0,-,-,-,-,5357.6000,5357.4000,5357.2000,5356.2000,5355.4000,5358.4000,5358.6000,5359.8000,5360.0000,5361.0000,1,1,1,1,1,1,1,1,1,5
SF,IC2003,2020-01-03 10:18:24.400,5357.6000,53914,0,3579539760.000,0,-,-,-,-,5357.6000,5357.4000,5357.2000,5356.2000,5355.4000,5358.4000,5358.6000,5359.8000,5360.0000,5361.0000,1,1,1,1,1,1,1,1,1,5
SF,IC2003,2020-01-03 10:18:25.900,5357.4000,53913,-1,3580611240.000,1,0,1,双平,S,5356.2000,5355.4000,5355.2000,5354.4000,5354.0000,5358.4000,5358.6000,5359.8000,5360.0000,5361.0000,1,1,1,1,1,1,1,1,1,5
SF,IC2003,2020-01-03 10:18:26.400,5357.4000,53913,0,3580611240.000,0,-,-,-,-,5356.8000,5356.4000,5356.2000,5355.4000,5355.2000,5358.2000,5358.4000,5358.6000,5359.8000,5360.0000,1,1,1,1,1,1,1,1,1,1
SF,IC2003,2020-01-03 10:18:26.900,5357.4000,53913,0,3580611240.000,0,-,-,-,-,5356.8000,5356.4000,5356.2000,5355.4000,5355.2000,5358.0000,5358.2000,5359.8000,5360.0000,5361.0000,1,1,1,1,1,1,1,1,1,5
SF,IC2003,2020-01-03 10:18:27.400,5357.4000,53913,0,3580611240.000,0,-,-,-,-,5356.8000,5356.4000,5356.2000,5355.4000,5355.2000,5358.0000,5358.2000,5359.8000,5360.0000,5361.0000,1,1,1,1,1,2,1,1,1,5
SF,IC2003,2020-01-03 10:18:27.900,5357.4000,53913,0,3580611240.000,0,-,-,-,-,5356.8000,5356.4000,5356.2000,5355.4000,5355.2000,5357.8000,5358.0000,5359.8000,5360.0000,5361.0000,1,1,1,1,1,1,2,1,1,5
SF,IC2003,2020-01-03 10:18:28.900,5356.8000,53914,1,3581682600.000,1,1,0,双开,S,5356.4000,5356.2000,5355.4000,5355.2000,5354.4000,5357.8000,5358.0000,5359.8000,5360.0000,5361.0000,1,1,1,1,1,1,2,1,1,5
SF,IC2003,2020-01-03 10:18:29.900,5356.8000,53914,0,3581682600.000,0,-,-,-,-,5356.4000,5356.2000,5355.4000,5355.2000,5354.4000,5357.6000,5357.8000,5358.0000,5359.8000,5360.0000,1,1,1,1,1,1,1,1,1,1
SF,IC2003,2020-01-03 10:18:30.400,5356.8000,53914,0,3581682600.000,0,-,-,-,-,5356.6000,5356.4000,5356.2000,5355.4000,5355.2000,5357.6000,5357.8000,5358.0000,5359.8000,5360.0000,1,1,1,1,1,1,1,1,1,1
SF,IC2003,2020-01-03 10:18:31.400,5357.6000,53913,-1,3582754120.000,1,0,1,双平,S,5356.6000,5356.4000,5356.2000,5355.4000,5355.2000,5357.8000,5358.0000,5359.8000,5360.0000,5361.0000,1,1,1,1,1,1,1,1,1,5
SF,IC2003,2020-01-03 10:18:31.900,5357.8000,53913,0,3583825680.000,1,0,1,多换,S,5356.6000,5356.4000,5356.2000,5355.4000,5355.2000,5359.8000,5360.0000,5361.0000,5362.8000,5363.0000,1,1,1,1,1,1,1,5,1,2
SF,IC2003,2020-01-03 10:18:32.400,5357.8000,53913,0,3583825680.000,0,-,-,-,-,5356.6000,5356.4000,5356.2000,5355.4000,5355.2000,5358.8000,5359.2000,5359.4000,5359.6000,5359.8000,1,1,1,1,1,1,1,3,2,1
SF,IC2003,2020-01-03 10:18:32.900,5357.8000,53913,0,3583825680.000,0,-,-,-,-,5356.6000,5356.4000,5356.2000,5355.4000,5355.2000,5358.6000,5358.8000,5359.2000,5359.4000,5359.6000,1,1,1,1,1,1,1,1,1,2
SF,IC2003,2020-01-03 10:18:33.400,5357.8000,53913,0,3583825680.000,0,-,-,-,-,5356.6000,5356.4000,5356.2000,5355.4000,5355.2000,5358.4000,5358.6000,5358.8000,5359.2000,5359.4000,1,1,1,1,1,1,1,1,1,1
SF,IC2003,2020-01-03 10:18:33.900,5357.8000,53913,0,3583825680.000,0,-,-,-,-,5356.8000,5356.6000,5356.4000,5356.2000,5355.4000,5358.0000,5358.4000,5359.6000,5359.8000,5360.0000,1,1,1,1,1,2,1,1,1,1
SF,IC2003,2020-01-03 10:18:34.400,5357.8000,53913,0,3583825680.000,0,-,-,-,-,5356.8000,5356.6000,5356.4000,5356.2000,5355.4000,5357.8000,5359.6000,5359.8000,5360.0000,5361.0000,1,1,1,1,1,1,1,1,1,5
SF,IC2003,2020-01-03 10:18:34.900,5357.8000,53913,0,3583825680.000,0,-,-,-,-,5356.8000,5356.6000,5356.2000,5355.4000,5355.2000,5357.8000,5358.6000,5359.6000,5359.8000,5360.0000,1,1,1,1,1,1,1,1,1,1
SF,IC2003,2020-01-03 10:18:35.900,5357.8000,53912,-1,3584897240.000,1,0,1,双平,S,5358.2000,5358.0000,5356.8000,5356.6000,5356.2000,5358.6000,5359.6000,5359.8000,5360.0000,5361.0000,1,4,1,1,1,1,1,1,1,5
SF,IC2003,2020-01-03 10:18:36.400,5357.8000,53912,0,3584897240.000,0,-,-,-,-,5356.8000,5356.6000,5356.2000,5355.4000,5355.2000,5359.8000,5360.0000,5361.0000,5362.8000,5363.0000,1,1,1,1,1,1,1,5,1,2
SF,IC2003,2020-01-03 10:18:36.900,5357.8000,53912,0,3584897240.000,0,-,-,-,-,5357.2000,5357.0000,5356.8000,5356.2000,5355.4000,5359.0000,5359.4000,5359.6000,5359.8000,5360.0000,3,1,1,1,1,1,1,3,1,1
SF,IC2003,2020-01-03 10:18:37.400,5357.8000,53912,0,3584897240.000,0,-,-,-,-,5357.4000,5357.2000,5356.8000,5356.4000,5356.2000,5359.0000,5359.4000,5359.6000,5359.8000,5360.0000,1,3,1,1,1,1,1,2,1,1
SF,IC2003,2020-01-03 10:18:37.900,5357.8000,53912,0,3584897240.000,0,-,-,-,-,5357.4000,5357.2000,5356.8000,5356.4000,5356.2000,5359.0000,5359.4000,5359.6000,5359.8000,5360.0000,1,3,1,1,1,2,1,2,1,1
SF,IC2003,2020-01-03 10:18:38.400,5357.8000,53912,0,3584897240.000,0,-,-,-,-,5357.6000,5357.4000,5357.2000,5356.8000,5356.4000,5359.0000,5359.4000,5359.6000,5359.8000,5360.0000,1,1,2,1,1,2,1,2,1,1
SF,IC2003,2020-01-03 10:18:38.900,5357.8000,53912,0,3584897240.000,0,-,-,-,-,5357.8000,5357.6000,5357.2000,5356.8000,5356.4000,5359.0000,5359.4000,5359.6000,5359.8000,5360.0000,1,2,2,1,1,2,1,1,1,1
SF,IC2003,2020-01-03 10:18:41.400,5357.8000,53912,0,3584897240.000,0,-,-,-,-,5357.8000,5357.6000,5357.2000,5356.8000,5356.4000,5359.0000,5359.4000,5359.6000,5359.8000,5360.0000,1,1,2,1,1,2,1,1,1,1
SF,IC2003,2020-01-03 10:18:41.900,5357.8000,53912,0,3584897240.000,0,-,-,-,-,5357.8000,5357.2000,5356.8000,5356.4000,5356.2000,5359.0000,5359.4000,5359.6000,5359.8000,5360.0000,2,2,1,1,1,2,1,1,1,1
SF,IC2003,2020-01-03 10:18:42.400,5357.8000,53912,0,3584897240.000,0,-,-,-,-,5357.8000,5357.2000,5356.8000,5356.4000,5356.2000,5359.0000,5359.4000,5359.6000,5359.8000,5360.0000,2,2,1,1,1,1,1,1,1,1
SF,IC2003,2020-01-03 10:18:42.900,5357.8000,53912,0,3584897240.000,0,-,-,-,-,5357.8000,5357.2000,5356.8000,5356.4000,5356.2000,5359.2000,5359.4000,5359.6000,5359.8000,5360.0000,2,2,1,1,1,1,1,1,1,1
SF,IC2003,2020-01-03 10:18:43.400,5357.8000,53912,0,3584897240.000,0,-,-,-,-,5358.0000,5357.8000,5357.2000,5356.8000,5356.4000,5359.2000,5359.4000,5359.6000,5359.8000,5360.0000,1,2,1,1,1,1,1,1,1,1
SF,IC2003,2020-01-03 10:18:43.900,5357.8000,53912,0,3584897240.000,0,-,-,-,-,5358.2000,5358.0000,5357.8000,5357.2000,5356.8000,5359.2000,5359.4000,5359.6000,5359.8000,5360.0000,1,1,1,1,1,1,1,1,1,1
SF,IC2003,2020-01-03 10:18:44.400,5357.8000,53912,0,3584897240.000,0,-,-,-,-,5358.2000,5358.0000,5357.8000,5357.2000,5356.8000,5359.4000,5359.6000,5359.8000,5360.0000,5361.0000,1,1,1,1,1,1,1,1,1,5
SF,IC2003,2020-01-03 10:18:44.900,5357.8000,53912,0,3584897240.000,0,-,-,-,-,5358.2000,5358.0000,5357.2000,5356.8000,5356.4000,5359.4000,5359.6000,5359.8000,5360.0000,5361.0000,1,1,1,1,1,2,1,1,1,5
SF,IC2003,2020-01-03 10:18:45.400,5357.8000,53912,0,3584897240.000,0,-,-,-,-,5358.0000,5357.2000,5356.8000,5356.4000,5356.2000,5359.2000,5359.4000,5359.8000,5360.0000,5361.0000,1,1,1,1,1,1,1,1,1,5
SF,IC2003,2020-01-03 10:18:45.900,5357.8000,53912,0,3584897240.000,0,-,-,-,-,5358.0000,5357.2000,5356.8000,5356.4000,5356.2000,5359.2000,5359.4000,5359.8000,5360.0000,5361.0000,1,1,1,1,1,2,1,1,1,5
SF,IC2003,2020-01-03 10:18:46.400,5357.8000,53912,0,3584897240.000,0,-,-,-,-,5358.0000,5357.2000,5356.8000,5356.4000,5356.2000,5359.2000,5359.4000,5359.8000,5360.0000,5361.0000,1,1,1,1,1,1,1,1,1,5
SF,IC2003,2020-01-03 10:18:46.900,5357.8000,53912,0,3584897240.000,0,-,-,-,-,5358.0000,5357.2000,5356.8000,5356.4000,5356.2000,5359.2000,5359.4000,5359.8000,5360.0000,5361.0000,1,1,1,1,1,2,1,1,1,5
SF,IC2003,2020-01-03 10:18:47.400,5357.8000,53912,0,3584897240.000,0,-,-,-,-,5358.0000,5357.2000,5356.8000,5356.4000,5356.2000,5359.2000,5359.4000,5359.8000,5360.0000,5361.0000,1,1,1,1,1,1,1,1,1,5
SF,IC2003,2020-01-03 10:18:47.900,5357.8000,53912,0,3584897240.000,0,-,-,-,-,5358.0000,5357.2000,5356.8000,5356.4000,5356.2000,5359.2000,5359.4000,5359.8000,5360.0000,5361.0000,1,1,1,1,1,2,1,1,1,5
SF,IC2003,2020-01-03 10:18:48.400,5357.8000,53912,0,3584897240.000,0,-,-,-,-,5358.2000,5358.0000,5357.2000,5356.8000,5356.4000,5359.2000,5359.4000,5359.8000,5360.0000,5361.0000,1,1,1,1,1,1,1,1,1,5
SF,IC2003,2020-01-03 10:18:48.900,5357.8000,53912,0,3584897240.000,0,-,-,-,-,5359.2000,5358.2000,5358.0000,5357.2000,5356.8000,5359.4000,5359.8000,5360.0000,5361.0000,5362.6000,2,1,1,1,1,1,1,1,5,1
SF,IC2003,2020-01-03 10:18:49.400,5359.2000,53912,0,3588112800.000,3,1,2,多换,S,5358.2000,5358.0000,5357.2000,5356.8000,5356.4000,5359.8000,5360.0000,5361.0000,5362.6000,5362.8000,1,1,1,1,1,1,1,5,1,1
SF,IC2003,2020-01-03 10:18:49.900,5359.2000,53912,0,3588112800.000,0,-,-,-,-,5358.4000,5358.2000,5357.2000,5356.8000,5356.4000,5359.6000,5359.8000,5360.0000,5361.0000,5362.6000,1,1,1,1,1,1,2,1,5,1
SF,IC2003,2020-01-03 10:18:50.400,5359.2000,53912,0,3588112800.000,0,-,-,-,-,5358.4000,5358.2000,5357.2000,5356.8000,5356.4000,5359.6000,5359.8000,5360.0000,5361.0000,5362.6000,1,1,1,1,1,1,1,1,5,1
SF,IC2003,2020-01-03 10:18:50.900,5359.2000,53912,0,3588112800.000,0,-,-,-,-,5358.2000,5356.8000,5356.4000,5356.2000,5355.4000,5359.6000,5359.8000,5360.0000,5361.0000,5362.6000,1,1,1,1,1,1,1,1,5,1
SF,IC2003,2020-01-03 10:18:51.400,5359.2000,53912,0,3588112800.000,0,-,-,-,-,5358.4000,5358.2000,5356.8000,5356.4000,5356.2000,5359.4000,5359.6000,5359.8000,5360.0000,5361.0000,1,1,1,1,1,1,1,1,1,5
SF,IC2003,2020-01-03 10:18:52.900,5359.2000,53912,0,3588112800.000,0,-,-,-,-,5358.6000,5358.4000,5358.2000,5356.8000,5356.4000,5359.4000,5359.6000,5359.8000,5360.0000,5361.0000,1,1,1,1,1,1,1,1,1,5
SF,IC2003,2020-01-03 10:18:53.400,5359.4000,53912,0,3589184680.000,1,0,1,多换,S,5359.4000,5358.8000,5358.6000,5358.2000,5356.8000,5359.8000,5360.0000,5361.0000,5362.6000,5362.8000,1,1,1,1,1,1,1,5,1,1
SF,IC2003,2020-01-03 10:18:53.900,5360.0000,53911,-1,3591328640.000,2,0,2,多平,S,5359.8000,5359.4000,5358.8000,5358.2000,5356.8000,5361.0000,5362.6000,5362.8000,5363.0000,5363.4000,2,1,1,1,1,5,1,1,2,2
SF,IC2003,2020-01-03 10:18:54.400,5360.0000,53911,0,3591328640.000,0,-,-,-,-,5360.0000,5359.8000,5359.4000,5358.2000,5356.8000,5361.0000,5362.6000,5362.8000,5363.0000,5363.4000,3,2,1,1,1,5,1,1,2,2
SF,IC2003,2020-01-03 10:18:54.900,5360.0000,53911,0,3591328640.000,0,-,-,-,-,5360.2000,5360.0000,5359.8000,5359.4000,5358.2000,5361.0000,5362.6000,5362.8000,5363.0000,5363.4000,1,2,2,1,1,5,1,1,2,2
SF,IC2003,2020-01-03 10:18:55.400,5360.0000,53911,0,3591328640.000,0,-,-,-,-,5360.4000,5360.2000,5360.0000,5359.8000,5359.4000,5361.0000,5362.6000,5362.8000,5363.0000,5363.4000,1,1,1,2,1,5,1,1,2,2
SF,IC2003,2020-01-03 10:18:56.900,5360.0000,53911,0,3591328640.000,0,-,-,-,-,5360.4000,5360.2000,5360.0000,5359.8000,5359.4000,5361.0000,5362.6000,5362.8000,5363.0000,5363.4000,1,1,1,2,1,5,1,1,2,2
SF,IC2003,2020-01-03 10:18:57.400,5360.0000,53911,0,3591328640.000,0,-,-,-,-,5360.4000,5360.2000,5359.8000,5359.4000,5358.2000,5361.0000,5362.0000,5362.6000,5362.8000,5363.0000,1,1,2,1,1,5,1,1,1,2
SF,IC2003,2020-01-03 10:18:58.900,5360.0000,53911,0,3592400640.000,1,0,1,多换,S,5360.2000,5359.8000,5359.4000,5358.2000,5356.8000,5361.0000,5362.0000,5362.6000,5362.8000,5363.0000,1,2,1,1,1,5,1,1,1,2
SF,IC2003,2020-01-03 10:18:59.400,5360.0000,53911,0,3592400640.000,0,-,-,-,-,5360.2000,5359.8000,5358.2000,5356.8000,5356.4000,5361.0000,5362.0000,5362.6000,5362.8000,5363.0000,1,2,1,1,1,5,1,1,1,2
SF,IC2003,2020-01-03 10:19:00.400,5360.0000,53911,0,3592400640.000,0,-,-,-,-,5359.8000,5358.2000,5356.8000,5356.4000,5355.4000,5361.0000,5362.0000,5362.6000,5362.8000,5363.0000,2,1,1,1,1,5,1,1,1,2
SF,IC2003,2020-01-03 10:19:00.900,5360.0000,53911,0,3592400640.000,0,-,-,-,-,5358.2000,5356.8000,5356.4000,5355.4000,5355.2000,5360.8000,5361.0000,5362.0000,5362.6000,5362.8000,1,1,1,1,1,2,5,1,1,1
SF,IC2003,2020-01-03 10:19:01.400,5360.0000,53911,0,3592400640.000,0,-,-,-,-,5358.8000,5358.6000,5358.4000,5358.2000,5356.8000,5360.6000,5360.8000,5361.0000,5362.0000,5362.6000,2,1,1,1,1,1,1,5,1,1
SF,IC2003,2020-01-03 10:19:01.900,5360.0000,53911,0,3592400640.000,0,-,-,-,-,5359.0000,5358.8000,5358.2000,5356.8000,5356.4000,5360.2000,5360.4000,5361.0000,5361.8000,5362.0000,1,2,1,1,1,2,1,5,1,1
SF,IC2003,2020-01-03 10:19:02.400,5360.0000,53911,0,3592400640.000,0,-,-,-,-,5359.0000,5358.8000,5358.2000,5356.8000,5356.4000,5360.0000,5361.0000,5361.8000,5362.0000,5362.8000,1,2,1,1,1,1,5,1,1,1
SF,IC2003,2020-01-03 10:19:02.900,5360.0000,53911,0,3592400640.000,0,-,-,-,-,5359.0000,5358.2000,5356.8000,5356.4000,5355.4000,5359.8000,5360.0000,5360.4000,5361.0000,5361.8000,1,1,1,1,1,1,1,1,5,1
SF,IC2003,2020-01-03 10:19:03.400,5359.0000,53911,0,3593472440.000,1,0,1,多换,S,5358.2000,5356.8000,5356.4000,5355.4000,5355.2000,5359.0000,5359.6000,5359.8000,5361.0000,5361.8000,1,1,1,1,1,4,1,1,5,1
SF,IC2003,2020-01-03 10:19:03.900,5359.0000,53911,0,3593472440.000,0,-,-,-,-,5358.2000,5356.8000,5356.4000,5355.4000,5355.2000,5358.8000,5359.0000,5359.8000,5361.0000,5361.8000,1,1,1,1,1,2,4,1,5,1
SF,IC2003,2020-01-03 10:19:04.400,5358.8000,53911,0,3595615960.000,2,1,1,多换,S,5358.2000,5356.8000,5356.4000,5355.4000,5355.2000,5359.0000,5359.8000,5361.0000,5361.8000,5362.0000,1,1,1,1,1,4,1,5,1,1
SF,IC2003,2020-01-03 10:19:04.900,5358.8000,53911,0,3595615960.000,0,-,-,-,-,5358.2000,5356.8000,5356.4000,5355.4000,5355.2000,5359.8000,5361.0000,5361.8000,5362.0000,5362.8000,1,1,1,1,1,1,5,1,1,1
SF,IC2003,2020-01-03 10:19:05.400,5358.2000,53911,0,3596687600.000,1,0,1,多换,S,5356.8000,5356.4000,5355.4000,5355.2000,5354.4000,5358.0000,5359.6000,5359.8000,5360.8000,5361.0000,1,1,1,1,1,9,2,1,1,5
SF,IC2003,2020-01-03 10:19:05.900,5358.0000,53908,-3,3599902400.000,3,0,3,双平,S,5357.2000,5357.0000,5356.8000,5356.4000,5355.4000,5358.0000,5359.6000,5359.8000,5360.8000,5361.0000,1,3,1,1,1,6,1,1,1,5
SF,IC2003,2020-01-03 10:19:06.400,5358.0000,53902,-6,3606332000.000,6,0,6,双平,S,5357.6000,5357.2000,5357.0000,5356.8000,5356.4000,5359.8000,5360.8000,5361.0000,5361.8000,5362.0000,1,1,2,1,1,1,1,5,1,1
SF,IC2003,2020-01-03 10:19:06.900,5358.0000,53902,0,3606332000.000,0,-,-,-,-,5358.4000,5358.0000,5357.8000,5357.6000,5356.8000,5359.4000,5359.6000,5359.8000,5360.8000,5361.0000,1,1,2,1,1,2,1,1,1,5
SF,IC2003,2020-01-03 10:19:07.400,5358.0000,53902,0,3606332000.000,0,-,-,-,-,5358.4000,5358.0000,5357.8000,5357.6000,5356.8000,5359.2000,5359.8000,5360.8000,5361.0000,5361.8000,1,1,2,1,1,1,1,1,5,1
SF,IC2003,2020-01-03 10:19:07.900,5358.0000,53902,0,3606332000.000,0,-,-,-,-,5358.4000,5358.0000,5357.8000,5356.8000,5356.4000,5359.6000,5359.8000,5360.8000,5361.0000,5361.8000,1,1,1,1,1,1,1,1,5,1
SF,IC2003,2020-01-03 10:19:08.400,5358.0000,53902,0,3606332000.000,0,-,-,-,-,5358.4000,5358.0000,5357.8000,5356.8000,5356.4000,5359.4000,5359.6000,5359.8000,5360.8000,5361.0000,3,1,1,1,1,1,1,1,1,5
SF,IC2003,2020-01-03 10:19:08.900,5358.0000,53902,0,3606332000.000,0,-,-,-,-,5358.8000,5358.6000,5358.4000,5357.8000,5356.8000,5359.6000,5359.8000,5360.8000,5361.0000,5361.8000,1,1,2,1,1,1,1,1,5,1
SF,IC2003,2020-01-03 10:19:09.400,5358.0000,53902,0,3606332000.000,0,-,-,-,-,5359.0000,5358.8000,5358.6000,5358.4000,5357.8000,5359.8000,5360.8000,5361.0000,5361.8000,5362.0000,1,1,2,2,1,1,1,5,1,1
SF,IC2003,2020-01-03 10:19:09.900,5358.0000,53902,0,3606332000.000,0,-,-,-,-,5359.2000,5359.0000,5358.8000,5358.6000,5358.4000,5359.8000,5360.4000,5360.8000,5361.0000,5361.8000,1,1,1,1,2,1,1,1,5,1
SF,IC2003,2020-01-03 10:19:10.900,5358.0000,53902,0,3607403600.000,1,0,1,多换,S,5359.0000,5358.8000,5358.6000,5358.4000,5357.8000,5359.8000,5360.4000,5360.8000,5361.0000,5361.8000,1,1,1,2,1,1,1,1,5,1
SF,IC2003,2020-01-03 10:19:11.400,5358.0000,53902,0,3607403600.000,0,-,-,-,-,5359.0000,5358.8000,5358.6000,5358.4000,5357.8000,5359.8000,5360.4000,5360.8000,5361.0000,5361.8000,1,1,1,1,1,1,1,1,5,1
SF,IC2003,2020-01-03 10:19:11.900,5359.8000,53901,-1,3608475560.000,1,0,1,双平,S,5359.0000,5358.8000,5358.6000,5357.8000,5356.8000,5360.4000,5360.8000,5361.0000,5361.8000,5362.0000,1,1,1,1,1,1,1,5,1,1
SF,IC2003,2020-01-03 10:19:12.400,5359.8000,53901,0,3608475560.000,0,-,-,-,-,5359.0000,5358.8000,5358.6000,5357.8000,5356.8000,5360.2000,5360.4000,5360.8000,5361.0000,5361.8000,1,1,1,1,1,1,1,1,5,1
SF,IC2003,2020-01-03 10:19:12.900,5359.8000,53901,0,3608475560.000,0,-,-,-,-,5359.0000,5358.8000,5358.6000,5357.8000,5356.8000,5359.2000,5360.2000,5360.4000,5360.8000,5361.0000,2,1,1,1,1,1,1,1,1,5
SF,IC2003,2020-01-03 10:19:13.400,5359.2000,53901,0,3609547400.000,1,0,1,多换,S,5359.4000,5359.2000,5359.0000,5358.6000,5357.8000,5360.2000,5360.8000,5361.0000,5361.8000,5362.0000,3,9,1,1,1,1,1,5,1,1
SF,IC2003,2020-01-03 10:19:13.900,5359.2000,53901,0,3609547400.000,0,-,-,-,-,5359.4000,5359.2000,5359.0000,5358.6000,5357.8000,5360.2000,5360.8000,5361.0000,5361.8000,5362.0000,1,7,1,1,1,1,1,5,1,1
SF,IC2003,2020-01-03 10:19:14.400,5359.2000,53901,0,3609547400.000,0,-,-,-,-,5359.4000,5359.2000,5359.0000,5357.8000,5356.8000,5360.2000,5360.6000,5360.8000,5361.0000,5361.8000,1,7,1,1,1,1,1,1,5,1
SF,IC2003,2020-01-03 10:19:14.900,5359.2000,53901,0,3609547400.000,0,-,-,-,-,5359.4000,5359.2000,5359.0000,5357.8000,5356.8000,5360.2000,5360.6000,5360.8000,5361.0000,5361.8000,1,7,1,2,1,1,1,1,5,1
SF,IC2003,2020-01-03 10:19:15.900,5359.2000,53901,0,3609547400.000,0,-,-,-,-,5359.2000,5357.8000,5356.8000,5356.4000,5355.4000,5360.2000,5360.6000,5360.8000,5361.0000,5361.8000,7,2,1,1,1,1,1,1,5,1
SF,IC2003,2020-01-03 10:19:16.400,5359.2000,53901,0,3609547400.000,0,-,-,-,-,5360.4000,5360.2000,5359.4000,5359.2000,5357.8000,5360.8000,5361.0000,5361.8000,5362.0000,5362.8000,3,3,2,6,1,1,5,1,1,1
SF,IC2003,2020-01-03 10:19:16.900,5361.0000,53900,-1,3617052720.000,7,3,4,多平,S,5359.4000,5359.2000,5357.8000,5356.8000,5356.4000,5361.8000,5362.0000,5362.8000,5363.0000,5363.4000,1,4,1,1,1,1,1,1,2,2
SF,IC2003,2020-01-03 10:19:17.400,5361.0000,53900,0,3617052720.000,0,-,-,-,-,5361.0000,5360.8000,5360.4000,5360.2000,5359.8000,5361.8000,5362.0000,5362.8000,5363.0000,5363.4000,1,2,2,1,2,1,1,1,2,2
SF,IC2003,2020-01-03 10:19:17.900,5361.8000,53899,-1,3618125080.000,1,0,1,双平,S,5361.4000,5360.2000,5360.0000,5359.8000,5359.4000,5362.0000,5362.8000,5363.0000,5363.4000,5363.6000,1,1,1,1,3,1,1,2,2,3
SF,IC2003,2020-01-03 10:19:18.400,5362.0000,53898,-1,3619197480.000,1,0,1,双平,S,5361.4000,5360.2000,5360.0000,5359.8000,5359.4000,5362.8000,5363.0000,5363.4000,5363.6000,5364.2000,1,1,1,1,3,1,2,2,3,1
SF,IC2003,2020-01-03 10:19:18.900,5362.0000,53898,0,3619197480.000,0,-,-,-,-,5361.6000,5361.4000,5360.2000,5360.0000,5359.8000,5362.6000,5362.8000,5363.0000,5363.4000,5363.6000,1,1,1,1,1,1,1,2,2,3
SF,IC2003,2020-01-03 10:19:19.400,5362.0000,53898,0,3619197480.000,0,-,-,-,-,5361.6000,5361.4000,5360.2000,5360.0000,5359.8000,5362.4000,5362.6000,5362.8000,5363.0000,5363.4000,1,1,1,1,1,1,1,1,2,2
SF,IC2003,2020-01-03 10:19:19.900,5362.0000,53898,0,3619197480.000,0,-,-,-,-,5361.6000,5361.4000,5360.2000,5360.0000,5359.8000,5362.2000,5362.4000,5362.8000,5363.0000,5363.4000,1,1,1,1,1,1,1,1,2,2
SF,IC2003,2020-01-03 10:19:20.400,5361.4000,53896,-2,3621342080.000,2,0,2,双平,S,5360.2000,5359.8000,5359.4000,5359.2000,5356.8000,5361.0000,5361.6000,5362.4000,5362.8000,5363.0000,1,1,1,1,1,1,4,1,1,2
SF,IC2003,2020-01-03 10:19:20.900,5361.0000,53896,0,3622414280.000,1,0,1,多换,S,5361.2000,5361.0000,5360.4000,5360.2000,5359.8000,5361.6000,5362.8000,5363.0000,5363.4000,5363.6000,2,2,1,1,1,4,1,2,2,3
SF,IC2003,2020-01-03 10:19:21.400,5361.0000,53896,0,3622414280.000,0,-,-,-,-,5361.6000,5361.0000,5360.4000,5360.2000,5359.8000,5362.8000,5363.0000,5363.4000,5363.6000,5364.2000,2,1,1,1,1,1,2,2,3,1
SF,IC2003,2020-01-03 10:19:21.900,5361.0000,53896,0,3622414280.000,0,-,-,-,-,5361.0000,5360.4000,5360.2000,5359.8000,5359.4000,5362.6000,5362.8000,5363.0000,5363.4000,5363.6000,1,1,1,1,1,2,3,2,2,3
SF,IC2003,2020-01-03 10:19:22.400,5361.0000,53896,0,3622414280.000,0,-,-,-,-,5361.0000,5360.4000,5360.2000,5359.8000,5359.4000,5362.6000,5362.8000,5363.0000,5363.4000,5363.6000,1,1,1,1,1,2,2,2,2,3
SF,IC2003,2020-01-03 10:19:22.900,5362.4000,53896,0,3623486760.000,1,0,1,多换,S,5361.0000,5360.4000,5360.2000,5359.8000,5359.4000,5362.6000,5362.8000,5363.0000,5363.4000,5363.6000,1,1,1,1,1,2,2,2,2,3
SF,IC2003,2020-01-03 10:19:23.400,5362.4000,53896,0,3623486760.000,0,-,-,-,-,5361.0000,5360.4000,5360.2000,5359.8000,5359.4000,5362.2000,5362.4000,5362.6000,5362.8000,5363.0000,1,1,1,1,1,1,3,2,1,2
SF,IC2003,2020-01-03 10:19:23.900,5362.2000,53895,-1,3624559200.000,1,0,1,双平,S,5361.2000,5361.0000,5360.4000,5360.2000,5359.8000,5362.0000,5362.2000,5362.4000,5362.8000,5363.0000,1,1,1,1,1,2,3,1,1,2
SF,IC2003,2020-01-03 10:19:24.400,5361.0000,53893,-2,3626703640.000,2,0,2,双平,S,5356.8000,5356.4000,5355.4000,5355.2000,5354.4000,5361.2000,5362.0000,5362.2000,5362.4000,5362.8000,1,1,1,1,1,2,1,1,1,1
SF,IC2003,2020-01-03 10:19:24.900,5361.0000,53893,0,3626703640.000,0,-,-,-,-,5359.8000,5359.6000,5359.4000,5359.2000,5359.0000,5361.0000,5361.2000,5362.0000,5362.4000,5362.8000,1,4,1,2,1,2,2,1,1,1
SF,IC2003,2020-01-03 10:19:25.400,5361.0000,53892,-1,3628848040.000,2,0,2,多平,S,5359.4000,5359.0000,5358.8000,5357.8000,5357.4000,5360.8000,5361.2000,5362.8000,5363.0000,5363.4000,1,2,1,2,1,1,2,1,2,2
SF,IC2003,2020-01-03 10:19:25.900,5361.0000,53892,0,3628848040.000,0,-,-,-,-,5359.0000,5357.8000,5357.4000,5357.0000,5356.4000,5360.6000,5360.8000,5361.2000,5362.8000,5363.0000,1,2,1,2,1,1,1,2,1,2
SF,IC2003,2020-01-03 10:19:26.400,5361.0000,53892,0,3628848040.000,0,-,-,-,-,5359.2000,5359.0000,5357.8000,5357.4000,5357.0000,5360.6000,5360.8000,5361.2000,5362.8000,5363.0000,2,2,1,1,1,1,1,2,1,2
SF,IC2003,2020-01-03 10:19:26.900,5361.0000,53892,0,3628848040.000,0,-,-,-,-,5359.2000,5359.0000,5357.8000,5357.4000,5357.0000,5360.6000,5360.8000,5361.2000,5362.8000,5363.0000,2,1,1,1,1,1,1,2,1,2
SF,IC2003,2020-01-03 10:19:27.400,5361.0000,53892,0,3628848040.000,0,-,-,-,-,5359.2000,5359.0000,5357.8000,5357.4000,5357.0000,5360.6000,5360.8000,5361.2000,5362.8000,5363.0000,2,1,1,1,1,1,1,2,1,2
SF,IC2003,2020-01-03 10:19:27.900,5361.0000,53892,0,3628848040.000,0,-,-,-,-,5359.4000,5359.2000,5357.8000,5357.4000,5357.0000,5360.6000,5360.8000,5361.2000,5362.8000,5363.0000,1,2,1,1,1,1,1,2,1,2
SF,IC2003,2020-01-03 10:19:28.400,5359.4000,53893,1,3629919920.000,1,1,0,双开,S,5359.2000,5357.8000,5357.4000,5357.0000,5356.4000,5360.6000,5361.2000,5362.8000,5363.0000,5363.4000,2,1,1,1,1,1,2,1,2,2
SF,IC2003,2020-01-03 10:19:28.900,5359.4000,53893,0,3629919920.000,0,-,-,-,-,5359.8000,5359.2000,5357.8000,5357.4000,5357.0000,5361.2000,5362.8000,5363.0000,5363.4000,5363.6000,1,2,1,1,1,2,1,2,2,3
SF,IC2003,2020-01-03 10:19:29.400,5359.8000,53892,-1,3630991880.000,1,0,1,双平,S,5359.8000,5359.6000,5359.2000,5357.8000,5357.4000,5361.0000,5362.8000,5363.0000,5363.4000,5363.6000,2,1,2,1,1,1,1,2,2,3
SF,IC2003,2020-01-03 10:19:29.900,5359.8000,53892,0,3630991880.000,0,-,-,-,-,5360.0000,5359.8000,5359.6000,5359.2000,5357.8000,5362.8000,5363.0000,5363.4000,5363.6000,5364.2000,1,2,1,1,1,1,2,2,3,1
SF,IC2003,2020-01-03 10:19:30.400,5359.8000,53892,0,3630991880.000,0,-,-,-,-,5360.0000,5359.8000,5359.6000,5359.2000,5357.8000,5362.0000,5362.2000,5362.4000,5362.6000,5362.8000,1,2,1,1,1,2,1,2,3,1
SF,IC2003,2020-01-03 10:19:30.900,5359.8000,53892,0,3630991880.000,0,-,-,-,-,5360.0000,5359.8000,5359.2000,5357.8000,5357.4000,5361.8000,5362.0000,5362.2000,5362.6000,5362.8000,1,1,1,1,1,1,2,1,2,1
SF,IC2003,2020-01-03 10:19:31.400,5359.8000,53892,0,3630991880.000,0,-,-,-,-,5360.2000,5360.0000,5359.8000,5359.2000,5357.8000,5361.4000,5361.8000,5362.0000,5362.2000,5362.6000,1,1,1,1,1,2,1,2,1,2
SF,IC2003,2020-01-03 10:19:31.900,5359.8000,53892,0,3630991880.000,0,-,-,-,-,5360.0000,5359.8000,5359.2000,5357.8000,5357.4000,5361.2000,5362.0000,5362.2000,5362.6000,5362.8000,1,1,1,1,1,1,2,1,1,1
SF,IC2003,2020-01-03 10:19:32.400,5359.8000,53892,0,3630991880.000,0,-,-,-,-,5360.0000,5359.2000,5357.8000,5357.4000,5357.0000,5361.2000,5362.0000,5362.6000,5362.8000,5363.0000,1,1,1,1,1,1,1,1,1,2
SF,IC2003,2020-01-03 10:19:32.900,5359.8000,53892,0,3630991880.000,0,-,-,-,-,5360.0000,5359.2000,5357.8000,5357.4000,5357.0000,5361.2000,5362.0000,5362.6000,5362.8000,5363.0000,1,1,1,1,1,1,1,1,2,2
SF,IC2003,2020-01-03 10:19:34.400,5359.8000,53893,1,3632063840.000,1,1,0,双开,S,5359.2000,5357.8000,5357.4000,5357.0000,5356.4000,5361.2000,5362.0000,5362.6000,5362.8000,5363.0000,1,1,1,1,1,1,1,1,2,2
SF,IC2003,2020-01-03 10:19:34.900,5359.8000,53893,0,3632063840.000,0,-,-,-,-,5359.6000,5359.4000,5359.2000,5357.8000,5357.4000,5361.2000,5362.6000,5362.8000,5363.0000,5363.4000,1,1,1,1,1,1,1,2,2,2
SF,IC2003,2020-01-03 10:19:35.400,5359.8000,53893,0,3632063840.000,0,-,-,-,-,5359.8000,5359.6000,5359.2000,5357.8000,5357.4000,5361.0000,5361.2000,5362.6000,5362.8000,5363.0000,1,1,1,1,1,1,1,1,2,2
SF,IC2003,2020-01-03 10:19:35.900,5359.8000,53893,0,3632063840.000,0,-,-,-,-,5359.8000,5359.6000,5359.2000,5357.8000,5357.4000,5361.0000,5361.2000,5362.6000,5362.8000,5363.0000,1,1,1,1,1,1,1,1,2,2
SF,IC2003,2020-01-03 10:19:36.400,5359.8000,53893,0,3632063840.000,0,-,-,-,-,5359.8000,5359.6000,5359.2000,5358.2000,5357.8000,5361.0000,5361.2000,5362.6000,5362.8000,5363.0000,1,1,1,1,1,1,1,1,2,2
SF,IC2003,2020-01-03 10:19:36.900,5359.8000,53893,0,3632063840.000,0,-,-,-,-,5359.8000,5359.6000,5359.2000,5358.2000,5357.8000,5361.0000,5361.2000,5362.6000,5362.8000,5363.0000,2,1,1,1,1,1,1,1,2,2
SF,IC2003,2020-01-03 10:19:37.400,5359.8000,53893,0,3632063840.000,0,-,-,-,-,5359.8000,5359.6000,5359.4000,5359.2000,5358.2000,5360.8000,5361.0000,5362.6000,5362.8000,5363.0000,1,1,1,1,1,1,1,1,2,2
SF,IC2003,2020-01-03 10:19:37.900,5359.8000,53893,0,3632063840.000,0,-,-,-,-,5359.8000,5359.4000,5359.2000,5358.2000,5357.8000,5360.8000,5361.0000,5362.6000,5362.8000,5363.0000,1,1,1,1,1,1,1,1,2,2
SF,IC2003,2020-01-03 10:19:38.400,5359.8000,53893,0,3632063840.000,0,-,-,-,-,5359.8000,5359.4000,5359.2000,5358.2000,5357.8000,5360.8000,5361.0000,5362.6000,5362.8000,5363.0000,1,1,1,1,1,1,1,1,2,2
SF,IC2003,2020-01-03 10:19:40.400,5359.8000,53893,0,3632063840.000,0,-,-,-,-,5359.8000,5359.4000,5359.2000,5358.2000,5357.8000,5360.8000,5362.6000,5362.8000,5363.0000,5363.4000,1,1,1,1,1,1,1,2,2,2
SF,IC2003,2020-01-03 10:19:40.900,5359.8000,53893,0,3632063840.000,0,-,-,-,-,5360.0000,5359.8000,5359.4000,5359.2000,5358.2000,5362.6000,5362.8000,5363.0000,5363.4000,5363.6000,1,1,1,1,1,1,2,3,2,3
SF,IC2003,2020-01-03 10:19:41.400,5359.8000,53893,0,3632063840.000,0,-,-,-,-,5360.0000,5359.8000,5359.4000,5359.2000,5358.2000,5361.6000,5361.8000,5362.0000,5362.2000,5362.4000,1,1,1,1,1,1,1,1,3,1
SF,IC2003,2020-01-03 10:19:41.900,5359.8000,53893,0,3632063840.000,0,-,-,-,-,5360.0000,5359.8000,5359.4000,5359.2000,5358.2000,5361.6000,5361.8000,5362.0000,5362.4000,5362.6000,3,1,1,1,1,1,1,1,1,1
SF,IC2003,2020-01-03 10:19:42.400,5359.8000,53893,0,3632063840.000,0,-,-,-,-,5361.6000,5361.2000,5361.0000,5360.4000,5360.2000,5362.4000,5362.6000,5362.8000,5363.0000,5363.4000,2,1,2,2,2,1,1,2,3,2
SF,IC2003,2020-01-03 10:19:42.900,5361.6000,53892,-1,3634208480.000,2,0,2,多平,S,5360.4000,5360.2000,5360.0000,5359.8000,5359.4000,5362.4000,5362.8000,5363.0000,5363.4000,5363.6000,3,2,2,1,1,1,2,3,2,3
SF,IC2003,2020-01-03 10:19:43.400,5361.6000,53892,0,3634208480.000,0,-,-,-,-,5361.0000,5360.8000,5360.6000,5360.4000,5360.2000,5362.4000,5362.8000,5363.0000,5363.4000,5363.6000,1,1,2,2,1,1,2,3,2,3
SF,IC2003,2020-01-03 10:19:43.900,5361.6000,53892,0,3634208480.000,0,-,-,-,-,5361.0000,5360.8000,5360.6000,5360.4000,5360.2000,5362.4000,5362.8000,5363.0000,5363.4000,5363.6000,1,1,1,2,1,2,2,3,2,3
SF,IC2003,2020-01-03 10:19:44.400,5361.6000,53892,0,3634208480.000,0,-,-,-,-,5361.0000,5360.8000,5360.6000,5360.4000,5360.2000,5362.4000,5362.8000,5363.0000,5363.4000,5363.6000,1,1,1,1,1,2,2,3,2,3
SF,IC2003,2020-01-03 10:19:45.400,5361.0000,53893,1,3635280680.000,1,1,0,双开,S,5361.0000,5360.8000,5360.6000,5359.8000,5359.4000,5362.4000,5362.8000,5363.0000,5363.4000,5363.6000,1,1,1,1,1,1,2,3,2,3
SF,IC2003,2020-01-03 10:19:45.900,5362.4000,53892,-1,3636353160.000,1,0,1,双平,S,5362.4000,5362.2000,5362.0000,5361.4000,5361.2000,5362.8000,5363.0000,5363.4000,5363.6000,5364.2000,1,1,2,1,1,2,3,2,3,1
SF,IC2003,2020-01-03 10:19:46.400,5362.8000,53890,-2,3638498280.000,2,0,2,双平,S,5362.8000,5361.2000,5361.0000,5359.8000,5359.4000,5363.0000,5363.4000,5363.6000,5364.2000,5364.4000,2,1,2,1,1,3,2,3,1,1
SF,IC2003,2020-01-03 10:19:46.900,5362.8000,53880,-10,3650296800.000,11,0,11,多平,S,5361.2000,5361.0000,5359.8000,5359.4000,5358.2000,5362.8000,5363.4000,5363.6000,5364.2000,5364.4000,1,2,1,1,1,2,2,3,1,1
SF,IC2003,2020-01-03 10:19:47.400,5362.8000,53880,0,3650296800.000,0,-,-,-,-,5361.8000,5361.6000,5361.2000,5361.0000,5359.8000,5362.8000,5363.4000,5363.6000,5364.2000,5364.4000,1,1,1,1,3,2,2,3,1,1
SF,IC2003,2020-01-03 10:19:47.900,5362.8000,53880,0,3650296800.000,0,-,-,-,-,5362.0000,5361.8000,5361.6000,5361.0000,5359.8000,5362.8000,5363.4000,5363.6000,5364.2000,5364.4000,1,1,1,1,3,2,2,3,1,1
SF,IC2003,2020-01-03 10:19:48.400,5362.0000,53880,0,3651369200.000,1,0,1,多换,S,5359.8000,5359.4000,5358.2000,5357.8000,5357.0000,5362.0000,5362.6000,5363.4000,5363.6000,5364.2000,3,1,1,1,1,2,1,2,3,1
SF,IC2003,2020-01-03 10:19:48.900,5362.0000,53880,0,3651369200.000,0,-,-,-,-,5362.0000,5361.4000,5361.2000,5360.8000,5360.6000,5362.6000,5363.4000,5363.6000,5364.2000,5364.4000,1,1,4,1,1,1,2,3,1,1
SF,IC2003,2020-01-03 10:19:49.400,5362.0000,53880,0,3651369200.000,0,-,-,-,-,5360.8000,5360.6000,5360.2000,5360.0000,5359.8000,5362.6000,5363.4000,5363.6000,5364.2000,5364.4000,1,1,1,2,3,1,2,3,1,1
SF,IC2003,2020-01-03 10:19:49.900,5362.0000,53880,0,3651369200.000,0,-,-,-,-,5361.0000,5359.8000,5359.4000,5358.2000,5357.8000,5362.2000,5362.6000,5363.4000,5363.6000,5364.2000,2,3,1,1,1,2,2,2,3,1
SF,IC2003,2020-01-03 10:19:50.400,5362.0000,53880,0,3651369200.000,0,-,-,-,-,5361.2000,5361.0000,5359.8000,5359.4000,5358.2000,5362.6000,5363.4000,5363.6000,5364.2000,5364.4000,1,2,3,1,1,1,2,3,1,1
SF,IC2003,2020-01-03 10:19:50.900,5362.0000,53880,0,3651369200.000,0,-,-,-,-,5361.2000,5361.0000,5359.8000,5359.4000,5358.2000,5362.4000,5362.6000,5363.4000,5363.6000,5364.2000,1,2,2,1,1,1,1,2,3,1
SF,IC2003,2020-01-03 10:19:51.400,5362.0000,53880,0,3651369200.000,0,-,-,-,-,5361.4000,5361.2000,5361.0000,5359.8000,5359.4000,5362.6000,5363.4000,5363.6000,5364.2000,5364.4000,1,1,1,2,1,1,2,3,1,1
SF,IC2003,2020-01-03 10:19:51.900,5362.0000,53880,0,3651369200.000,0,-,-,-,-,5361.4000,5361.2000,5361.0000,5359.8000,5359.4000,5362.6000,5363.4000,5363.6000,5364.2000,5364.4000,2,1,1,2,1,1,2,3,1,1
SF,IC2003,2020-01-03 10:19:52.900,5362.0000,53880,0,3651369200.000,0,-,-,-,-,5361.4000,5361.2000,5361.0000,5359.8000,5359.4000,5363.4000,5363.6000,5364.2000,5364.4000,5365.0000,2,1,1,2,1,2,3,1,1,18
SF,IC2003,2020-01-03 10:19:53.400,5363.0000,53881,1,3652441800.000,1,1,0,双开,S,5361.4000,5361.0000,5359.8000,5359.4000,5358.2000,5363.2000,5363.4000,5363.6000,5364.2000,5364.4000,2,1,2,1,1,4,2,3,1,1
SF,IC2003,2020-01-03 10:19:54.400,5361.4000,53881,0,3653514080.000,1,0,1,多换,S,5361.4000,5361.0000,5359.8000,5359.4000,5358.2000,5362.8000,5363.0000,5363.2000,5363.4000,5363.6000,1,1,2,1,1,3,1,2,2,3
SF,IC2003,2020-01-03 10:19:54.900,5361.4000,53881,0,3653514080.000,0,-,-,-,-,5361.4000,5361.0000,5359.8000,5359.4000,5358.2000,5362.6000,5362.8000,5363.0000,5363.2000,5363.4000,1,1,2,1,1,1,2,1,1,2
SF,IC2003,2020-01-03 10:19:55.900,5361.4000,53881,0,3653514080.000,0,-,-,-,-,5361.4000,5361.0000,5359.8000,5359.4000,5358.2000,5362.6000,5362.8000,5363.0000,5363.2000,5363.4000,1,1,2,1,1,1,2,1,1,2
SF,IC2003,2020-01-03 10:19:56.400,5361.4000,53881,0,3653514080.000,0,-,-,-,-,5361.4000,5361.0000,5359.8000,5359.4000,5358.2000,5362.6000,5362.8000,5363.0000,5363.4000,5363.6000,1,1,2,1,1,1,2,1,2,3
SF,IC2003,2020-01-03 10:19:57.400,5361.4000,53881,0,3653514080.000,0,-,-,-,-,5361.4000,5361.0000,5359.8000,5359.4000,5358.2000,5362.6000,5362.8000,5363.4000,5363.6000,5364.2000,2,1,2,1,1,1,2,2,3,1
SF,IC2003,2020-01-03 10:19:58.900,5361.4000,53881,0,3653514080.000,0,-,-,-,-,5361.4000,5361.0000,5359.8000,5359.4000,5358.2000,5362.6000,5362.8000,5363.4000,5363.6000,5364.2000,2,1,2,1,1,1,2,2,2,1
SF,IC2003,2020-01-03 10:19:59.400,5361.4000,53881,0,3653514080.000,0,-,-,-,-,5361.4000,5361.0000,5359.8000,5359.4000,5358.2000,5362.4000,5362.6000,5362.8000,5363.4000,5363.6000,2,1,2,1,1,1,2,2,2,2
SF,IC2003,2020-01-03 10:19:59.900,5361.4000,53881,0,3653514080.000,0,-,-,-,-,5361.4000,5361.0000,5359.8000,5359.4000,5358.2000,5362.2000,5362.4000,5362.6000,5362.8000,5363.4000,2,1,2,1,1,1,1,1,2,2
SF,IC2003,2020-01-03 10:20:00.400,5361.4000,53881,0,3653514080.000,0,-,-,-,-,5361.4000,5361.0000,5359.8000,5359.4000,5358.2000,5362.0000,5362.2000,5362.4000,5362.6000,5362.8000,2,1,2,1,1,1,1,1,1,2
SF,IC2003,2020-01-03 10:20:01.900,5361.4000,53881,0,3653514080.000,0,-,-,-,-,5361.4000,5361.0000,5359.8000,5359.4000,5358.2000,5362.0000,5362.2000,5362.4000,5362.6000,5362.8000,2,1,2,1,1,1,1,1,1,3
SF,IC2003,2020-01-03 10:20:02.400,5361.4000,53881,0,3653514080.000,0,-,-,-,-,5361.4000,5361.0000,5359.8000,5359.4000,5358.2000,5362.0000,5362.2000,5362.4000,5362.8000,5363.4000,2,1,2,1,1,1,1,1,3,2
SF,IC2003,2020-01-03 10:20:02.900,5361.4000,53880,-1,3654586360.000,1,0,1,双平,S,5361.4000,5361.0000,5359.8000,5359.4000,5358.2000,5361.8000,5362.0000,5362.4000,5362.8000,5363.4000,1,1,2,1,1,1,1,1,3,2
SF,IC2003,2020-01-03 10:20:03.400,5361.4000,53880,0,3655658640.000,1,0,1,多换,S,5361.0000,5359.4000,5358.2000,5357.8000,5357.0000,5361.4000,5361.8000,5362.0000,5362.4000,5362.8000,1,1,1,1,1,1,1,1,1,2
SF,IC2003,2020-01-03 10:20:03.900,5361.4000,53880,0,3655658640.000,0,-,-,-,-,5361.0000,5359.4000,5358.2000,5357.8000,5357.0000,5361.4000,5362.0000,5362.4000,5362.8000,5363.4000,1,1,1,1,1,2,1,1,1,2
SF,IC2003,2020-01-03 10:20:04.400,5361.4000,53880,0,3655658640.000,0,-,-,-,-,5361.0000,5359.4000,5358.2000,5357.8000,5357.0000,5361.4000,5362.0000,5362.4000,5362.8000,5363.0000,1,1,1,1,1,2,1,1,1,1
SF,IC2003,2020-01-03 10:20:04.900,5361.4000,53880,0,3656730920.000,1,0,1,多换,S,5361.0000,5359.4000,5358.2000,5357.8000,5357.0000,5361.4000,5362.0000,5362.4000,5362.8000,5363.0000,1,1,1,1,1,1,1,1,1,1
SF,IC2003,2020-01-03 10:20:05.400,5361.4000,53880,0,3656730920.000,0,-,-,-,-,5361.0000,5359.4000,5358.2000,5357.8000,5357.0000,5361.8000,5362.0000,5362.8000,5363.0000,5363.4000,1,1,1,1,1,1,1,1,1,2
SF,IC2003,2020-01-03 10:20:05.900,5361.6000,53878,-2,3658875440.000,2,0,2,双平,S,5359.4000,5358.2000,5357.8000,5357.0000,5356.4000,5361.8000,5362.0000,5362.8000,5363.0000,5363.4000,1,1,1,1,1,1,1,1,1,2
SF,IC2003,2020-01-03 10:20:06.400,5361.6000,53878,0,3658875440.000,0,-,-,-,-,5359.8000,5359.6000,5359.4000,5358.2000,5357.8000,5361.6000,5361.8000,5362.0000,5362.8000,5363.0000,1,1,1,1,1,1,1,1,1,1
SF,IC2003,2020-01-03 10:20:06.900,5361.6000,53878,0,3659947760.000,1,0,1,多换,S,5361.0000,5360.0000,5359.8000,5359.4000,5358.2000,5362.0000,5362.8000,5363.0000,5363.4000,5363.6000,1,1,1,1,1,1,1,1,2,2
SF,IC2003,2020-01-03 10:20:07.400,5361.6000,53878,0,3659947760.000,0,-,-,-,-,5360.0000,5359.8000,5359.4000,5358.2000,5357.8000,5361.8000,5362.0000,5362.8000,5363.0000,5363.4000,1,1,1,1,1,1,1,1,1,2
SF,IC2003,2020-01-03 10:20:07.900,5361.6000,53878,0,3661020080.000,1,0,1,多换,S,5360.8000,5360.0000,5359.8000,5359.4000,5358.2000,5361.4000,5361.8000,5362.0000,5362.8000,5363.0000,2,1,1,1,1,1,1,1,1,1
SF,IC2003,2020-01-03 10:20:08.400,5361.6000,53878,0,3661020080.000,0,-,-,-,-,5360.8000,5360.0000,5359.8000,5359.4000,5358.2000,5361.8000,5362.0000,5362.8000,5363.0000,5363.4000,2,2,1,1,1,1,1,1,1,2
SF,IC2003,2020-01-03 10:20:09.400,5361.6000,53878,0,3661020080.000,0,-,-,-,-,5360.8000,5360.0000,5359.4000,5358.2000,5357.8000,5361.8000,5362.0000,5362.8000,5363.0000,5363.4000,2,2,1,1,1,1,1,1,1,2
SF,IC2003,2020-01-03 10:20:12.400,5361.6000,53878,0,3661020080.000,0,-,-,-,-,5360.8000,5360.0000,5359.4000,5358.2000,5357.8000,5361.8000,5362.0000,5362.8000,5363.0000,5363.4000,2,2,1,1,1,1,1,1,1,2
SF,IC2003,2020-01-03 10:20:12.900,5361.6000,53878,0,3661020080.000,0,-,-,-,-,5360.8000,5360.0000,5359.4000,5358.2000,5357.8000,5361.6000,5361.8000,5362.0000,5362.8000,5363.0000,2,2,1,1,1,1,1,1,1,1
SF,IC2003,2020-01-03 10:20:13.900,5361.6000,53878,0,3661020080.000,0,-,-,-,-,5360.8000,5360.0000,5359.4000,5358.2000,5357.8000,5361.6000,5361.8000,5362.0000,5362.8000,5363.0000,3,2,1,1,1,1,1,1,1,1
SF,IC2003,2020-01-03 10:20:14.400,5361.6000,53878,0,3662092400.000,1,0,1,多换,S,5360.8000,5360.0000,5359.4000,5358.2000,5357.8000,5361.8000,5362.0000,5362.8000,5363.0000,5363.4000,3,2,1,1,1,1,1,1,1,2
SF,IC2003,2020-01-03 10:20:14.900,5361.6000,53878,0,3662092400.000,0,-,-,-,-,5360.8000,5360.0000,5359.4000,5358.2000,5357.8000,5361.8000,5362.0000,5362.8000,5363.0000,5363.4000,3,2,1,1,1,1,1,1,1,2
SF,IC2003,2020-01-03 10:20:15.400,5361.6000,53878,0,3662092400.000,0,-,-,-,-,5360.8000,5360.0000,5359.4000,5358.2000,5357.8000,5361.8000,5362.0000,5362.8000,5363.0000,5363.4000,3,2,1,1,1,1,1,1,1,2
SF,IC2003,2020-01-03 10:20:16.400,5361.8000,53877,-1,3663164760.000,1,0,1,双平,S,5361.6000,5360.8000,5360.0000,5359.4000,5358.2000,5361.8000,5362.0000,5362.8000,5363.0000,5363.4000,4,3,2,1,1,1,1,1,1,2
SF,IC2003,2020-01-03 10:20:16.900,5361.8000,53877,0,3664237120.000,1,0,1,多换,S,5361.8000,5360.8000,5360.0000,5359.4000,5358.2000,5362.0000,5362.8000,5363.0000,5363.4000,5363.6000,2,3,2,1,1,1,1,1,2,2
SF,IC2003,2020-01-03 10:20:18.400,5361.8000,53875,-2,3666381840.000,2,0,2,双平,S,5360.8000,5360.0000,5359.4000,5358.2000,5357.8000,5361.6000,5362.0000,5362.8000,5363.0000,5363.4000,3,1,1,1,1,1,1,1,1,2
SF,IC2003,2020-01-03 10:20:18.900,5361.8000,53875,0,3666381840.000,0,-,-,-,-,5361.0000,5360.8000,5360.0000,5359.4000,5358.2000,5362.0000,5362.8000,5363.0000,5363.4000,5363.6000,1,3,1,1,1,1,1,1,2,2
SF,IC2003,2020-01-03 10:20:19.900,5361.8000,53875,0,3666381840.000,0,-,-,-,-,5361.0000,5360.8000,5360.0000,5359.4000,5358.2000,5362.0000,5362.8000,5363.0000,5363.4000,5363.6000,1,3,1,1,1,1,1,1,2,2
SF,IC2003,2020-01-03 10:20:20.400,5361.8000,53874,-1,3667454200.000,1,0,1,双平,S,5361.6000,5361.0000,5360.8000,5360.0000,5359.4000,5362.0000,5362.8000,5363.0000,5363.4000,5363.6000,1,1,3,1,1,1,1,1,2,2
SF,IC2003,2020-01-03 10:20:20.900,5361.6000,53874,0,3668526520.000,1,0,1,多换,S,5361.0000,5360.8000,5360.0000,5359.4000,5358.2000,5361.6000,5362.0000,5362.8000,5363.0000,5363.4000,1,3,1,1,1,1,1,1,1,2
SF,IC2003,2020-01-03 10:20:21.400,5361.6000,53873,-1,3669598840.000,1,0,1,双平,S,5361.6000,5361.0000,5360.8000,5359.4000,5358.2000,5362.0000,5362.8000,5363.0000,5363.4000,5363.6000,1,1,3,1,1,1,1,1,2,2
SF,IC2003,2020-01-03 10:20:21.900,5361.6000,53873,0,3669598840.000,0,-,-,-,-,5361.0000,5360.8000,5359.4000,5358.2000,5357.8000,5362.0000,5362.8000,5363.0000,5363.4000,5363.6000,1,3,1,1,1,1,1,1,2,2
SF,IC2003,2020-01-03 10:20:22.400,5361.6000,53873,0,3669598840.000,0,-,-,-,-,5361.2000,5361.0000,5360.8000,5359.4000,5358.2000,5362.0000,5362.8000,5363.0000,5363.4000,5363.6000,1,1,3,1,1,1,1,1,2,2
SF,IC2003,2020-01-03 10:20:22.900,5361.6000,53873,0,3669598840.000,0,-,-,-,-,5361.2000,5361.0000,5360.8000,5359.4000,5358.2000,5362.0000,5362.8000,5363.0000,5363.4000,5363.6000,3,1,3,1,1,1,1,1,2,2
SF,IC2003,2020-01-03 10:20:23.400,5361.6000,53873,0,3669598840.000,0,-,-,-,-,5361.2000,5360.8000,5359.4000,5358.2000,5357.8000,5362.0000,5362.8000,5363.0000,5363.4000,5363.6000,3,3,1,1,1,1,1,1,2,2
SF,IC2003,2020-01-03 10:20:23.900,5361.6000,53873,0,3669598840.000,0,-,-,-,-,5361.4000,5361.2000,5360.8000,5359.4000,5358.2000,5362.0000,5362.8000,5363.0000,5363.4000,5363.6000,1,3,3,1,1,1,1,1,2,2
SF,IC2003,2020-01-03 10:20:24.400,5361.2000,53869,-4,3674960080.000,5,0,5,多平,S,5360.8000,5359.4000,5358.2000,5357.8000,5357.0000,5362.0000,5362.8000,5363.0000,5363.4000,5363.6000,3,1,1,1,1,1,1,1,2,2
SF,IC2003,2020-01-03 10:20:24.900,5361.2000,53869,0,3674960080.000,0,-,-,-,-,5360.8000,5359.4000,5358.2000,5357.8000,5357.0000,5361.8000,5362.0000,5362.8000,5363.0000,5363.4000,4,1,1,1,1,1,1,1,1,2
SF,IC2003,2020-01-03 10:20:25.900,5361.2000,53869,0,3674960080.000,0,-,-,-,-,5360.8000,5359.4000,5358.2000,5357.8000,5357.0000,5361.8000,5362.0000,5362.8000,5363.0000,5363.4000,4,1,1,1,1,1,1,1,1,2
SF,IC2003,2020-01-03 10:20:31.900,5361.2000,53869,0,3674960080.000,0,-,-,-,-,5360.8000,5359.4000,5358.2000,5357.8000,5357.0000,5361.2000,5361.8000,5362.0000,5362.8000,5363.0000,4,1,1,1,1,1,1,1,1,1
SF,IC2003,2020-01-03 10:20:32.400,5361.2000,53869,0,3674960080.000,0,-,-,-,-,5360.8000,5359.4000,5358.2000,5357.8000,5357.0000,5361.2000,5361.8000,5362.0000,5362.8000,5363.0000,4,1,1,1,1,1,1,1,1,1
SF,IC2003,2020-01-03 10:20:32.900,5361.2000,53868,-1,3676032320.000,1,0,1,双平,S,5360.8000,5359.4000,5358.2000,5357.8000,5357.0000,5361.8000,5362.0000,5362.8000,5363.0000,5363.4000,4,1,1,1,1,1,1,1,1,2
SF,IC2003,2020-01-03 10:20:33.400,5361.2000,53868,0,3676032320.000,0,-,-,-,-,5360.8000,5359.4000,5358.2000,5357.8000,5357.0000,5361.8000,5362.0000,5362.8000,5363.0000,5363.4000,4,1,1,1,1,1,1,1,2,2
SF,IC2003,2020-01-03 10:20:33.900,5360.8000,53869,1,3677104480.000,1,1,0,双开,S,5360.8000,5359.4000,5358.2000,5357.8000,5357.0000,5361.8000,5362.0000,5362.8000,5363.0000,5363.4000,3,1,1,1,1,1,1,1,2,2
SF,IC2003,2020-01-03 10:20:34.400,5360.8000,53869,0,3677104480.000,0,-,-,-,-,5360.8000,5359.4000,5358.2000,5357.8000,5357.0000,5361.8000,5362.0000,5362.8000,5363.0000,5363.4000,3,1,1,1,1,1,1,1,2,2
SF,IC2003,2020-01-03 10:20:36.900,5360.8000,53869,0,3677104480.000,0,-,-,-,-,5360.8000,5359.4000,5358.2000,5357.8000,5357.0000,5361.8000,5362.0000,5362.8000,5363.0000,5363.4000,3,1,1,1,1,1,1,1,2,2
SF,IC2003,2020-01-03 10:20:38.400,5360.8000,53869,0,3677104480.000,0,-,-,-,-,5360.8000,5359.4000,5358.2000,5357.8000,5357.0000,5361.8000,5362.0000,5362.8000,5363.0000,5363.4000,3,1,1,1,1,1,1,1,2,2
SF,IC2003,2020-01-03 10:20:39.400,5360.8000,53869,0,3677104480.000,0,-,-,-,-,5360.8000,5359.4000,5358.2000,5357.8000,5357.0000,5361.8000,5362.0000,5362.8000,5363.0000,5363.4000,3,1,1,1,1,1,1,1,2,2
SF,IC2003,2020-01-03 10:20:40.900,5360.8000,53869,0,3677104480.000,0,-,-,-,-,5360.8000,5359.4000,5358.2000,5357.8000,5357.0000,5361.8000,5362.0000,5362.8000,5363.0000,5363.4000,3,1,1,1,1,3,1,1,2,2
SF,IC2003,2020-01-03 10:20:45.400,5360.8000,53869,0,3679249000.000,2,1,1,多换,S,5360.8000,5359.4000,5358.2000,5357.8000,5357.0000,5361.8000,5362.0000,5362.8000,5363.0000,5363.4000,2,1,1,1,1,2,1,1,2,2
SF,IC2003,2020-01-03 10:20:45.900,5360.8000,53869,0,3679249000.000,0,-,-,-,-,5360.8000,5359.4000,5359.0000,5358.2000,5357.8000,5361.8000,5362.0000,5362.8000,5363.0000,5363.4000,2,1,1,1,1,2,1,1,2,2
SF,IC2003,2020-01-03 10:20:46.400,5361.8000,53869,0,3680321360.000,1,0,1,多换,S,5360.8000,5359.4000,5359.0000,5358.2000,5357.8000,5361.8000,5362.0000,5362.8000,5363.0000,5363.4000,2,1,1,1,1,1,1,1,2,2
SF,IC2003,2020-01-03 10:20:47.400,5361.8000,53869,0,3681393720.000,1,0,1,多换,S,5360.8000,5359.4000,5359.0000,5358.2000,5357.8000,5362.0000,5362.8000,5363.0000,5363.4000,5363.6000,2,1,1,1,1,1,1,2,2,1
SF,IC2003,2020-01-03 10:20:47.900,5361.8000,53869,0,3681393720.000,0,-,-,-,-,5360.8000,5359.4000,5359.0000,5358.2000,5357.8000,5361.8000,5362.0000,5362.8000,5363.0000,5363.4000,2,1,1,1,1,1,1,1,2,2
SF,IC2003,2020-01-03 10:20:49.400,5361.8000,53868,-1,3682466080.000,1,0,1,双平,S,5360.8000,5359.4000,5359.0000,5358.2000,5357.8000,5362.0000,5362.8000,5363.0000,5363.4000,5363.6000,2,1,1,1,1,1,1,2,2,1
SF,IC2003,2020-01-03 10:20:49.900,5361.8000,53868,0,3682466080.000,0,-,-,-,-,5361.0000,5360.8000,5359.4000,5359.0000,5358.2000,5361.8000,5362.0000,5362.8000,5363.0000,5363.4000,1,2,1,1,1,2,1,1,2,2
SF,IC2003,2020-01-03 10:20:51.400,5361.8000,53868,0,3682466080.000,0,-,-,-,-,5361.0000,5360.8000,5359.4000,5359.0000,5358.2000,5361.8000,5362.0000,5362.8000,5363.0000,5363.4000,1,2,1,1,1,1,1,1,2,2
SF,IC2003,2020-01-03 10:20:51.900,5361.8000,53868,0,3682466080.000,0,-,-,-,-,5361.0000,5360.8000,5359.4000,5359.0000,5358.2000,5362.0000,5362.8000,5363.0000,5363.4000,5363.6000,1,2,1,1,1,1,1,2,2,1
SF,IC2003,2020-01-03 10:20:52.400,5361.8000,53868,0,3682466080.000,0,-,-,-,-,5360.8000,5359.4000,5359.0000,5358.2000,5357.8000,5362.0000,5362.8000,5363.0000,5363.4000,5363.6000,2,1,1,1,1,1,1,2,2,1
SF,IC2003,2020-01-03 10:20:53.900,5362.0000,53868,0,3683538480.000,1,0,1,多换,S,5361.0000,5360.8000,5359.4000,5359.0000,5358.2000,5362.8000,5363.0000,5363.4000,5363.6000,5364.0000,1,2,1,1,1,1,2,2,1,1
SF,IC2003,2020-01-03 10:20:54.400,5362.0000,53868,0,3683538480.000,0,-,-,-,-,5361.4000,5361.2000,5361.0000,5360.8000,5359.4000,5362.8000,5363.0000,5363.4000,5363.6000,5364.0000,2,1,1,2,1,1,2,2,1,1
SF,IC2003,2020-01-03 10:20:54.900,5362.0000,53868,0,3683538480.000,0,-,-,-,-,5361.6000,5361.4000,5360.8000,5359.4000,5359.0000,5362.8000,5363.0000,5363.4000,5363.6000,5364.0000,2,1,1,1,1,1,2,2,1,1
SF,IC2003,2020-01-03 10:20:55.400,5361.6000,53868,0,3684610800.000,1,0,1,多换,S,5361.6000,5361.4000,5360.8000,5359.4000,5359.0000,5362.8000,5363.0000,5363.4000,5363.6000,5364.0000,2,1,1,1,1,1,2,2,1,1
SF,IC2003,2020-01-03 10:20:55.900,5361.6000,53868,0,3684610800.000,0,-,-,-,-,5361.8000,5361.6000,5361.4000,5360.8000,5359.4000,5362.8000,5363.0000,5363.4000,5363.6000,5364.0000,1,2,1,1,1,1,2,2,1,1
SF,IC2003,2020-01-03 10:20:56.900,5361.6000,53868,0,3684610800.000,0,-,-,-,-,5361.8000,5361.6000,5361.4000,5360.8000,5360.0000,5362.8000,5363.0000,5363.4000,5363.6000,5364.0000,1,1,1,1,1,1,2,2,1,1
SF,IC2003,2020-01-03 10:20:57.400,5361.6000,53868,0,3684610800.000,0,-,-,-,-,5361.6000,5361.4000,5360.8000,5360.0000,5359.4000,5362.8000,5363.0000,5363.4000,5363.6000,5364.0000,1,1,1,1,1,1,2,2,1,1
SF,IC2003,2020-01-03 10:20:57.900,5361.6000,53868,0,3684610800.000,0,-,-,-,-,5361.6000,5361.4000,5360.8000,5360.0000,5359.4000,5362.6000,5362.8000,5363.0000,5363.4000,5363.6000,1,1,1,1,1,1,1,2,2,1
SF,IC2003,2020-01-03 10:20:58.400,5361.6000,53867,-1,3685683120.000,1,0,1,双平,S,5361.6000,5361.4000,5360.8000,5360.0000,5359.4000,5362.6000,5362.8000,5363.0000,5363.4000,5363.6000,1,1,1,1,1,1,1,2,2,1
SF,IC2003,2020-01-03 10:20:58.900,5361.6000,53866,-1,3686755440.000,1,0,1,双平,S,5361.4000,5360.8000,5360.0000,5359.4000,5359.0000,5361.8000,5362.6000,5362.8000,5363.0000,5363.4000,1,1,1,1,1,2,1,1,2,2
SF,IC2003,2020-01-03 10:20:59.400,5361.4000,53866,0,3687827720.000,1,0,1,多换,S,5360.8000,5360.0000,5359.4000,5359.0000,5358.2000,5361.4000,5362.6000,5362.8000,5363.0000,5363.4000,1,1,1,1,1,1,1,1,2,2
SF,IC2003,2020-01-03 10:21:00.400,5361.4000,53866,0,3687827720.000,0,-,-,-,-,5360.8000,5360.0000,5359.4000,5359.0000,5358.2000,5361.4000,5362.6000,5362.8000,5363.0000,5363.4000,1,1,1,1,1,1,1,1,3,2
SF,IC2003,2020-01-03 10:21:01.900,5361.4000,53866,0,3687827720.000,0,-,-,-,-,5360.8000,5360.0000,5359.4000,5359.0000,5358.2000,5361.4000,5362.6000,5362.8000,5363.0000,5363.4000,1,1,1,1,1,2,1,1,2,2
SF,IC2003,2020-01-03 10:21:03.400,5361.4000,53866,0,3687827720.000,0,-,-,-,-,5360.8000,5360.0000,5359.4000,5359.0000,5358.2000,5361.4000,5362.6000,5362.8000,5363.0000,5363.4000,1,2,1,1,1,2,1,1,2,2
SF,IC2003,2020-01-03 10:21:06.400,5360.8000,53867,1,3688899880.000,1,1,0,双开,S,5360.0000,5359.4000,5359.0000,5358.2000,5357.8000,5361.4000,5362.6000,5362.8000,5363.0000,5363.4000,2,1,1,1,1,2,1,1,2,2
SF,IC2003,2020-01-03 10:21:06.900,5360.8000,53867,0,3688899880.000,0,-,-,-,-,5360.0000,5359.4000,5359.0000,5358.2000,5357.8000,5361.0000,5361.2000,5361.4000,5362.8000,5363.0000,2,1,1,1,1,1,2,2,1,2
SF,IC2003,2020-01-03 10:21:07.400,5360.8000,53867,0,3688899880.000,0,-,-,-,-,5360.0000,5359.4000,5359.0000,5358.2000,5357.8000,5360.8000,5361.0000,5361.2000,5361.4000,5362.8000,2,1,1,1,1,1,1,1,1,1
SF,IC2003,2020-01-03 10:21:07.900,5360.8000,53866,-1,3689972040.000,1,0,1,双平,S,5360.0000,5359.4000,5359.0000,5358.2000,5357.8000,5361.0000,5361.2000,5361.4000,5362.8000,5363.0000,2,1,1,1,1,1,1,1,1,2
SF,IC2003,2020-01-03 10:21:08.400,5360.8000,53866,0,3689972040.000,0,-,-,-,-,5360.2000,5360.0000,5359.4000,5359.0000,5358.2000,5361.4000,5362.8000,5363.0000,5363.4000,5363.6000,1,2,1,1,1,1,1,2,2,1
SF,IC2003,2020-01-03 10:21:08.900,5360.8000,53866,0,3689972040.000,0,-,-,-,-,5360.2000,5360.0000,5359.4000,5359.0000,5358.2000,5361.4000,5362.8000,5363.0000,5363.4000,5363.6000,1,2,1,1,1,2,1,2,2,1
SF,IC2003,2020-01-03 10:21:09.400,5360.8000,53866,0,3689972040.000,0,-,-,-,-,5360.2000,5360.0000,5359.4000,5359.0000,5358.2000,5361.4000,5361.8000,5362.8000,5363.0000,5363.4000,1,2,1,1,1,2,1,1,2,2
SF,IC2003,2020-01-03 10:21:10.400,5360.8000,53866,0,3689972040.000,0,-,-,-,-,5360.2000,5360.0000,5359.4000,5359.0000,5358.2000,5361.4000,5361.8000,5362.8000,5363.0000,5363.4000,1,2,1,1,1,2,1,1,2,2
SF,IC2003,2020-01-03 10:21:11.400,5360.2000,53865,-1,3691044080.000,1,0,1,双平,S,5360.0000,5359.4000,5359.0000,5358.2000,5357.8000,5361.4000,5361.8000,5362.8000,5363.0000,5363.4000,2,1,1,1,1,2,1,1,2,2
SF,IC2003,2020-01-03 10:21:11.900,5360.2000,53865,0,3691044080.000,0,-,-,-,-,5360.0000,5359.4000,5359.0000,5358.2000,5357.8000,5361.2000,5361.4000,5361.8000,5362.8000,5363.0000,2,1,1,1,1,1,2,1,1,2
SF,IC2003,2020-01-03 10:21:12.400,5360.2000,53865,0,3691044080.000,0,-,-,-,-,5360.0000,5359.4000,5359.0000,5358.2000,5357.8000,5361.2000,5361.4000,5361.8000,5362.8000,5363.0000,2,1,1,1,1,1,1,1,1,2
SF,IC2003,2020-01-03 10:21:13.900,5360.2000,53865,0,3691044080.000,0,-,-,-,-,5360.0000,5359.4000,5359.0000,5358.2000,5357.8000,5361.2000,5361.4000,5361.8000,5362.8000,5363.0000,2,1,1,1,1,1,1,1,1,2
SF,IC2003,2020-01-03 10:21:14.900,5360.0000,53865,0,3692116080.000,1,0,1,多换,S,5360.0000,5359.4000,5359.0000,5358.2000,5357.8000,5361.2000,5361.4000,5361.8000,5362.8000,5363.0000,1,1,1,1,1,1,1,1,1,2
SF,IC2003,2020-01-03 10:21:15.400,5360.0000,53865,0,3692116080.000,0,-,-,-,-,5360.0000,5359.4000,5359.0000,5358.2000,5357.8000,5360.4000,5361.2000,5361.4000,5361.8000,5362.8000,1,1,1,1,1,2,1,1,1,1
SF,IC2003,2020-01-03 10:21:15.900,5360.0000,53864,-1,3693188080.000,1,0,1,双平,S,5359.4000,5359.0000,5358.2000,5357.8000,5356.4000,5361.2000,5361.4000,5361.8000,5362.8000,5363.0000,1,1,1,1,2,1,1,1,1,2
SF,IC2003,2020-01-03 10:21:16.400,5360.0000,53864,0,3693188080.000,0,-,-,-,-,5359.6000,5359.4000,5359.0000,5358.2000,5357.8000,5360.8000,5361.2000,5361.4000,5361.8000,5362.8000,1,1,1,1,1,1,1,1,1,1
SF,IC2003,2020-01-03 10:21:17.400,5360.0000,53864,0,3693188080.000,0,-,-,-,-,5359.6000,5359.4000,5359.0000,5358.2000,5357.8000,5361.2000,5361.4000,5361.8000,5362.8000,5363.0000,1,1,1,1,1,1,1,1,1,2
SF,IC2003,2020-01-03 10:21:17.900,5359.6000,53864,0,3694260000.000,1,0,1,多换,S,5359.4000,5359.0000,5358.2000,5357.8000,5356.4000,5361.2000,5361.4000,5361.8000,5362.8000,5363.0000,1,1,1,1,2,1,1,1,1,2
SF,IC2003,2020-01-03 10:21:18.400,5359.6000,53864,0,3694260000.000,0,-,-,-,-,5359.8000,5359.6000,5359.4000,5359.0000,5358.2000,5361.2000,5361.4000,5361.8000,5362.8000,5363.0000,1,1,1,1,1,1,1,1,1,2
SF,IC2003,2020-01-03 10:21:18.900,5359.6000,53864,0,3694260000.000,0,-,-,-,-,5359.6000,5359.4000,5359.0000,5358.2000,5357.8000,5361.2000,5361.4000,5361.8000,5362.8000,5363.0000,1,1,1,1,1,1,2,1,1,2
SF,IC2003,2020-01-03 10:21:20.900,5359.6000,53864,0,3694260000.000,0,-,-,-,-,5359.6000,5359.4000,5359.0000,5358.2000,5357.8000,5361.2000,5361.4000,5361.8000,5362.8000,5363.0000,1,1,1,1,1,1,2,1,1,2
SF,IC2003,2020-01-03 10:21:22.400,5359.6000,53864,0,3694260000.000,0,-,-,-,-,5359.6000,5359.4000,5359.0000,5358.2000,5357.8000,5360.8000,5361.2000,5361.4000,5361.8000,5362.8000,1,1,1,1,1,1,1,2,1,1
SF,IC2003,2020-01-03 10:21:22.900,5359.6000,53864,0,3694260000.000,0,-,-,-,-,5359.4000,5359.0000,5358.2000,5357.8000,5356.4000,5360.6000,5360.8000,5361.4000,5361.8000,5362.8000,1,1,1,1,2,1,1,2,1,1
SF,IC2003,2020-01-03 10:21:23.400,5359.6000,53864,0,3694260000.000,0,-,-,-,-,5359.4000,5359.0000,5358.2000,5357.8000,5356.4000,5360.6000,5360.8000,5361.4000,5361.8000,5362.8000,1,1,1,1,2,1,1,2,1,1
SF,IC2003,2020-01-03 10:21:23.900,5359.6000,53864,0,3694260000.000,0,-,-,-,-,5359.4000,5359.0000,5358.2000,5357.8000,5356.4000,5359.6000,5360.6000,5360.8000,5361.4000,5361.8000,1,1,1,1,2,2,2,1,2,1
SF,IC2003,2020-01-03 10:21:24.400,5359.4000,53863,-1,3695331880.000,1,0,1,双平,S,5359.0000,5358.2000,5357.8000,5356.4000,5356.2000,5359.4000,5360.6000,5361.4000,5361.8000,5362.8000,1,1,1,2,1,3,2,2,1,1
SF,IC2003,2020-01-03 10:21:24.900,5359.0000,53862,-1,3696403680.000,1,0,1,双平,S,5358.2000,5357.8000,5356.4000,5356.2000,5356.0000,5359.4000,5360.6000,5361.4000,5361.8000,5362.8000,1,1,2,1,2,1,2,2,1,1
SF,IC2003,2020-01-03 10:21:25.400,5359.0000,53862,0,3696403680.000,0,-,-,-,-,5358.2000,5356.4000,5356.2000,5356.0000,5355.4000,5359.4000,5360.6000,5361.4000,5361.8000,5362.8000,1,2,1,2,1,1,2,2,1,1
SF,IC2003,2020-01-03 10:21:25.900,5359.4000,53862,0,3697475560.000,1,0,1,多换,S,5359.4000,5358.8000,5358.6000,5358.4000,5358.2000,5360.6000,5361.4000,5361.8000,5362.8000,5363.0000,1,1,1,2,1,2,2,1,1,2
SF,IC2003,2020-01-03 10:21:26.400,5359.4000,53862,0,3698547440.000,1,0,1,多换,S,5358.4000,5358.2000,5356.4000,5356.2000,5356.0000,5359.4000,5360.6000,5361.4000,5361.8000,5362.8000,2,1,2,1,2,2,2,2,1,1
SF,IC2003,2020-01-03 10:21:26.900,5359.4000,53862,0,3698547440.000,0,-,-,-,-,5358.4000,5358.2000,5356.4000,5356.2000,5356.0000,5360.6000,5361.4000,5361.8000,5362.8000,5363.0000,2,1,2,1,2,1,2,1,1,2
SF,IC2003,2020-01-03 10:21:27.400,5359.4000,53862,0,3698547440.000,0,-,-,-,-,5358.6000,5358.4000,5358.2000,5356.4000,5356.2000,5360.2000,5360.6000,5361.4000,5361.8000,5362.8000,1,2,1,2,1,2,1,2,1,1
SF,IC2003,2020-01-03 10:21:27.900,5359.4000,53862,0,3698547440.000,0,-,-,-,-,5358.8000,5358.6000,5358.4000,5358.2000,5356.4000,5360.0000,5360.2000,5361.4000,5361.8000,5362.8000,1,2,1,1,2,1,1,2,1,1
SF,IC2003,2020-01-03 10:21:28.400,5359.4000,53862,0,3698547440.000,0,-,-,-,-,5358.6000,5358.4000,5358.2000,5356.4000,5356.2000,5360.0000,5360.2000,5361.4000,5361.8000,5362.8000,2,1,1,2,1,1,1,2,1,1
SF,IC2003,2020-01-03 10:21:28.900,5359.4000,53862,0,3698547440.000,0,-,-,-,-,5358.4000,5358.2000,5356.4000,5356.2000,5356.0000,5360.0000,5360.2000,5361.4000,5361.8000,5362.8000,1,1,2,1,2,1,1,2,1,1
SF,IC2003,2020-01-03 10:21:29.400,5359.4000,53862,0,3698547440.000,0,-,-,-,-,5358.2000,5356.4000,5356.2000,5356.0000,5355.4000,5358.6000,5359.4000,5359.8000,5360.0000,5361.4000,1,2,1,2,1,1,1,1,2,2
SF,IC2003,2020-01-03 10:21:29.900,5359.4000,53862,0,3698547440.000,0,-,-,-,-,5358.2000,5356.4000,5356.2000,5356.0000,5355.4000,5359.4000,5359.8000,5360.0000,5361.4000,5361.8000,1,2,1,2,1,1,1,2,2,1
SF,IC2003,2020-01-03 10:21:30.400,5359.4000,53862,0,3698547440.000,0,-,-,-,-,5358.2000,5356.4000,5356.2000,5356.0000,5355.4000,5358.4000,5359.2000,5359.4000,5359.8000,5361.4000,1,2,1,2,1,5,1,1,1,2
SF,IC2003,2020-01-03 10:21:30.900,5358.2000,53862,0,3699619080.000,1,0,1,多换,S,5356.4000,5356.2000,5356.0000,5355.4000,5355.2000,5358.4000,5359.2000,5359.4000,5359.8000,5361.4000,2,1,2,1,1,5,1,1,1,2
SF,IC2003,2020-01-03 10:21:31.400,5356.8000,53862,0,3700690440.000,1,0,1,多换,S,5356.8000,5356.6000,5356.4000,5356.2000,5356.0000,5358.2000,5358.4000,5361.4000,5361.8000,5362.8000,1,3,2,1,2,1,5,2,1,1
SF,IC2003,2020-01-03 10:21:31.900,5356.8000,53862,0,3700690440.000,0,-,-,-,-,5356.8000,5356.6000,5356.4000,5356.2000,5356.0000,5358.2000,5358.4000,5361.4000,5361.8000,5362.8000,1,1,2,1,2,1,5,2,1,1
SF,IC2003,2020-01-03 10:21:32.400,5356.8000,53862,0,3700690440.000,0,-,-,-,-,5356.8000,5356.6000,5356.4000,5356.2000,5356.0000,5357.2000,5358.2000,5358.4000,5361.4000,5361.8000,1,1,2,1,2,1,1,5,2,1
SF,IC2003,2020-01-03 10:21:32.900,5356.8000,53862,0,3700690440.000,0,-,-,-,-,5357.2000,5356.8000,5356.6000,5356.4000,5356.2000,5358.2000,5358.4000,5361.4000,5361.8000,5362.8000,1,1,1,2,1,1,5,2,1,1
SF,IC2003,2020-01-03 10:21:33.400,5356.8000,53860,-2,3702833240.000,2,0,2,双平,S,5356.4000,5356.2000,5356.0000,5355.4000,5355.2000,5356.8000,5357.0000,5357.2000,5358.0000,5358.2000,2,1,2,1,1,3,1,3,1,1
SF,IC2003,2020-01-03 10:21:33.900,5356.4000,53860,0,3704975800.000,2,1,1,多换,S,5356.2000,5356.0000,5355.4000,5355.2000,5354.4000,5356.4000,5356.6000,5357.2000,5358.2000,5358.4000,1,2,1,1,1,7,1,3,1,5
SF,IC2003,2020-01-03 10:21:34.400,5356.0000,53858,-2,3709260640.000,4,1,3,多平,S,5355.4000,5355.2000,5354.4000,5354.2000,5354.0000,5356.0000,5356.2000,5356.4000,5356.6000,5358.4000,1,1,1,1,1,1,4,6,1,5
SF,IC2003,2020-01-03 10:21:34.900,5355.4000,53859,1,3710331720.000,1,1,0,双开,S,5355.2000,5354.4000,5354.2000,5354.0000,5353.4000,5356.2000,5356.4000,5356.6000,5358.4000,5361.4000,1,1,1,1,1,4,6,1,5,2
SF,IC2003,2020-01-03 10:21:35.400,5355.4000,53859,0,3710331720.000,0,-,-,-,-,5354.4000,5354.2000,5354.0000,5353.4000,5353.0000,5355.8000,5356.0000,5356.2000,5356.4000,5356.6000,1,1,1,1,1,3,2,3,6,1
SF,IC2003,2020-01-03 10:21:35.900,5355.4000,53859,0,3710331720.000,0,-,-,-,-,5354.6000,5354.4000,5354.2000,5354.0000,5353.4000,5355.8000,5356.2000,5356.4000,5356.6000,5358.4000,1,1,1,1,1,3,3,6,1,5
SF,IC2003,2020-01-03 10:21:36.400,5355.4000,53859,0,3710331720.000,0,-,-,-,-,5354.8000,5354.6000,5354.4000,5354.2000,5354.0000,5355.8000,5356.2000,5356.4000,5356.6000,5358.4000,1,1,1,1,1,3,3,6,1,5
SF,IC2003,2020-01-03 10:21:36.900,5355.4000,53859,0,3710331720.000,0,-,-,-,-,5355.0000,5354.8000,5354.4000,5354.2000,5354.0000,5355.8000,5356.2000,5356.4000,5356.6000,5358.4000,1,1,1,1,1,2,3,6,1,5
SF,IC2003,2020-01-03 10:21:37.400,5355.8000,53859,0,3711402880.000,1,0,1,多换,S,5355.0000,5354.8000,5354.4000,5354.2000,5354.0000,5356.2000,5356.4000,5356.6000,5358.4000,5360.8000,1,1,1,1,1,3,6,1,5,1
SF,IC2003,2020-01-03 10:21:37.900,5355.8000,53859,0,3711402880.000,0,-,-,-,-,5355.0000,5354.8000,5354.4000,5354.2000,5354.0000,5356.2000,5356.4000,5356.6000,5358.4000,5360.8000,1,1,1,1,1,3,2,1,5,1
SF,IC2003,2020-01-03 10:21:38.400,5355.8000,53859,0,3711402880.000,0,-,-,-,-,5355.0000,5354.8000,5354.4000,5354.2000,5354.0000,5355.8000,5356.2000,5356.4000,5356.6000,5358.4000,1,1,1,1,1,1,3,2,1,5
SF,IC2003,2020-01-03 10:21:38.900,5355.0000,53858,-1,3713545040.000,2,0,2,多平,S,5354.8000,5354.4000,5354.2000,5354.0000,5353.4000,5356.2000,5356.4000,5356.6000,5358.4000,5360.8000,1,1,1,1,1,3,2,1,5,1
SF,IC2003,2020-01-03 10:21:39.400,5355.0000,53858,0,3713545040.000,0,-,-,-,-,5355.2000,5354.8000,5354.4000,5354.2000,5354.0000,5356.0000,5356.2000,5356.4000,5356.6000,5356.8000,1,1,1,1,1,1,1,2,1,1
SF,IC2003,2020-01-03 10:21:39.900,5356.0000,53858,0,3714616240.000,1,0,1,多换,S,5355.2000,5354.8000,5354.4000,5354.2000,5354.0000,5356.2000,5356.4000,5356.6000,5356.8000,5358.4000,1,1,1,1,1,1,2,1,1,5
SF,IC2003,2020-01-03 10:21:40.400,5356.0000,53858,0,3714616240.000,0,-,-,-,-,5355.2000,5355.0000,5354.8000,5354.4000,5354.2000,5356.2000,5356.4000,5356.6000,5356.8000,5358.4000,1,2,1,1,1,1,2,1,1,5
SF,IC2003,2020-01-03 10:21:41.400,5356.0000,53858,0,3714616240.000,0,-,-,-,-,5355.2000,5355.0000,5354.8000,5354.4000,5354.2000,5356.2000,5356.4000,5356.6000,5356.8000,5358.4000,1,2,1,1,1,1,2,1,1,5
SF,IC2003,2020-01-03 10:21:41.900,5356.0000,53858,0,3714616240.000,0,-,-,-,-,5355.2000,5355.0000,5354.8000,5354.4000,5354.2000,5356.2000,5356.6000,5356.8000,5358.4000,5360.8000,1,2,1,1,1,1,1,1,5,1
SF,IC2003,2020-01-03 10:21:42.400,5356.2000,53858,0,3715687480.000,1,0,1,多换,S,5355.8000,5355.4000,5355.2000,5355.0000,5354.8000,5356.6000,5356.8000,5358.4000,5360.8000,5361.4000,1,1,1,2,1,1,1,5,1,2
SF,IC2003,2020-01-03 10:21:43.900,5356.2000,53858,0,3715687480.000,0,-,-,-,-,5356.0000,5355.8000,5355.4000,5355.2000,5355.0000,5356.6000,5356.8000,5358.4000,5360.8000,5361.4000,1,1,1,1,2,1,1,5,1,2
SF,IC2003,2020-01-03 10:21:44.400,5356.2000,53858,0,3715687480.000,0,-,-,-,-,5356.6000,5356.0000,5355.8000,5355.4000,5355.2000,5356.8000,5358.4000,5360.8000,5361.4000,5361.8000,1,1,1,1,1,1,5,1,2,1
SF,IC2003,2020-01-03 10:21:44.900,5356.6000,53857,-1,3716758800.000,1,0,1,双平,S,5356.0000,5355.8000,5355.4000,5355.2000,5355.0000,5356.8000,5358.4000,5360.8000,5361.4000,5361.8000,1,1,1,1,2,1,5,1,2,1
SF,IC2003,2020-01-03 10:21:45.400,5356.6000,53857,0,3716758800.000,0,-,-,-,-,5355.8000,5355.4000,5355.0000,5354.8000,5354.4000,5356.8000,5358.4000,5360.8000,5361.4000,5361.8000,1,1,2,1,1,1,5,1,2,1
SF,IC2003,2020-01-03 10:21:46.400,5356.8000,53857,0,3718901520.000,2,1,1,多换,S,5357.4000,5356.0000,5355.8000,5355.4000,5355.0000,5358.4000,5360.8000,5361.4000,5361.8000,5362.8000,1,1,1,1,2,5,1,2,1,1
SF,IC2003,2020-01-03 10:21:46.900,5357.4000,53856,-1,3719973000.000,1,0,1,双平,S,5356.0000,5355.8000,5355.4000,5355.0000,5354.8000,5358.0000,5358.4000,5360.8000,5361.4000,5361.8000,1,1,1,2,1,1,5,1,2,1
SF,IC2003,2020-01-03 10:21:47.400,5357.4000,53856,0,3719973000.000,0,-,-,-,-,5356.2000,5356.0000,5355.8000,5355.0000,5354.8000,5358.0000,5358.4000,5360.8000,5361.4000,5361.8000,3,2,1,2,1,1,5,1,2,1
SF,IC2003,2020-01-03 10:21:47.900,5357.4000,53856,0,3719973000.000,0,-,-,-,-,5356.6000,5356.4000,5356.2000,5356.0000,5355.8000,5358.4000,5360.8000,5361.4000,5361.8000,5362.8000,1,1,2,1,1,5,1,2,1,1
SF,IC2003,2020-01-03 10:21:48.400,5357.4000,53856,0,3719973000.000,0,-,-,-,-,5357.0000,5356.8000,5356.4000,5356.2000,5356.0000,5358.2000,5358.4000,5360.8000,5361.4000,5361.8000,1,1,1,1,1,1,5,1,2,1
SF,IC2003,2020-01-03 10:21:48.900,5357.4000,53856,0,3719973000.000,0,-,-,-,-,5357.2000,5356.8000,5356.4000,5356.2000,5356.0000,5358.2000,5358.4000,5360.8000,5361.4000,5361.8000,1,1,1,1,1,1,5,1,2,1
SF,IC2003,2020-01-03 10:21:49.400,5357.4000,53856,0,3719973000.000,0,-,-,-,-,5357.2000,5356.8000,5356.4000,5356.2000,5356.0000,5358.2000,5358.4000,5360.8000,5361.4000,5361.8000,1,1,1,1,1,1,5,1,2,1
SF,IC2003,2020-01-03 10:21:49.900,5357.4000,53856,0,3719973000.000,0,-,-,-,-,5357.2000,5356.8000,5356.4000,5356.2000,5356.0000,5358.4000,5360.8000,5361.4000,5361.8000,5362.8000,1,1,1,1,1,5,1,2,1,1
SF,IC2003,2020-01-03 10:21:50.400,5358.4000,53851,-5,3725331400.000,5,0,5,双平,S,5357.4000,5357.2000,5356.4000,5356.0000,5355.8000,5360.8000,5361.4000,5361.8000,5362.8000,5363.0000,1,1,1,1,1,1,2,1,1,2
SF,IC2003,2020-01-03 10:21:50.900,5357.4000,53851,0,3727474480.000,2,1,1,多换,S,5357.2000,5356.4000,5356.0000,5355.8000,5355.0000,5360.2000,5360.4000,5360.6000,5360.8000,5361.4000,1,1,1,1,2,2,1,4,1,2
SF,IC2003,2020-01-03 10:21:51.400,5357.4000,53851,0,3727474480.000,0,-,-,-,-,5357.4000,5357.2000,5356.0000,5355.8000,5355.0000,5360.0000,5360.2000,5360.4000,5360.6000,5360.8000,1,1,1,1,2,2,1,1,2,1
SF,IC2003,2020-01-03 10:21:51.900,5357.4000,53851,0,3727474480.000,0,-,-,-,-,5357.2000,5356.0000,5355.8000,5355.0000,5354.8000,5359.4000,5359.6000,5359.8000,5360.0000,5360.4000,1,1,1,2,1,1,3,1,2,1
SF,IC2003,2020-01-03 10:21:52.400,5357.4000,53851,0,3727474480.000,0,-,-,-,-,5357.2000,5356.0000,5355.8000,5355.0000,5354.8000,5359.0000,5359.2000,5359.4000,5359.8000,5360.0000,1,2,1,2,1,3,1,1,1,1
SF,IC2003,2020-01-03 10:21:52.900,5357.4000,53851,0,3727474480.000,0,-,-,-,-,5357.2000,5356.0000,5355.8000,5355.0000,5354.8000,5358.6000,5358.8000,5359.0000,5359.8000,5360.0000,1,2,1,2,1,2,2,1,1,1
SF,IC2003,2020-01-03 10:21:53.400,5357.4000,53851,0,3727474480.000,0,-,-,-,-,5357.2000,5356.0000,5355.8000,5355.0000,5354.8000,5358.4000,5358.8000,5359.0000,5359.8000,5360.0000,1,2,1,2,1,1,1,1,1,1
SF,IC2003,2020-01-03 10:21:53.900,5357.4000,53851,0,3727474480.000,0,-,-,-,-,5357.2000,5356.0000,5355.8000,5355.0000,5354.8000,5358.4000,5358.8000,5359.0000,5360.0000,5360.4000,1,2,1,2,1,1,1,1,1,1
SF,IC2003,2020-01-03 10:21:54.900,5357.4000,53851,0,3727474480.000,0,-,-,-,-,5357.2000,5356.0000,5355.0000,5354.8000,5354.4000,5358.4000,5358.8000,5359.0000,5360.0000,5360.4000,1,2,2,1,1,1,1,1,1,1
SF,IC2003,2020-01-03 10:21:55.400,5357.4000,53851,0,3727474480.000,0,-,-,-,-,5357.6000,5357.2000,5356.0000,5355.0000,5354.8000,5358.4000,5360.0000,5360.4000,5360.8000,5361.4000,1,1,2,2,1,1,1,1,1,2
SF,IC2003,2020-01-03 10:21:56.400,5357.6000,53850,-1,3729617520.000,2,0,2,多平,S,5357.2000,5356.0000,5355.0000,5354.8000,5354.4000,5358.4000,5360.0000,5360.4000,5360.8000,5361.4000,1,2,2,1,1,1,1,1,1,2
SF,IC2003,2020-01-03 10:21:56.900,5357.6000,53850,0,3729617520.000,0,-,-,-,-,5357.4000,5357.2000,5356.0000,5355.0000,5354.8000,5358.4000,5360.0000,5360.4000,5360.8000,5361.4000,1,1,2,2,1,1,1,1,1,2
SF,IC2003,2020-01-03 10:21:57.400,5358.4000,53849,-1,3730689200.000,1,0,1,双平,S,5357.4000,5357.2000,5356.0000,5355.0000,5354.8000,5360.0000,5360.4000,5360.8000,5361.4000,5361.8000,1,1,2,2,1,1,1,1,2,1
SF,IC2003,2020-01-03 10:21:57.900,5358.4000,53849,0,3730689200.000,0,-,-,-,-,5357.6000,5357.4000,5357.2000,5356.0000,5355.0000,5359.6000,5359.8000,5360.0000,5360.4000,5360.8000,1,1,1,2,2,3,1,1,1,1
SF,IC2003,2020-01-03 10:21:58.400,5358.4000,53849,0,3730689200.000,0,-,-,-,-,5357.6000,5357.4000,5357.2000,5356.0000,5355.0000,5359.4000,5359.6000,5359.8000,5360.0000,5360.4000,1,1,1,2,2,3,1,1,1,1
SF,IC2003,2020-01-03 10:21:58.900,5358.4000,53849,0,3730689200.000,0,-,-,-,-,5357.4000,5357.2000,5356.0000,5355.0000,5354.8000,5359.2000,5359.4000,5359.6000,5360.0000,5360.4000,1,1,2,2,1,1,3,1,1,1
SF,IC2003,2020-01-03 10:21:59.400,5358.4000,53849,0,3730689200.000,0,-,-,-,-,5357.6000,5357.2000,5356.0000,5355.0000,5354.8000,5358.8000,5359.2000,5359.4000,5359.6000,5360.0000,1,1,2,2,1,2,1,1,1,1
SF,IC2003,2020-01-03 10:21:59.900,5358.4000,53849,0,3730689200.000,0,-,-,-,-,5357.6000,5357.2000,5356.0000,5355.0000,5354.8000,5359.2000,5359.6000,5360.0000,5360.4000,5360.8000,1,1,2,2,1,1,1,1,1,1
SF,IC2003,2020-01-03 10:22:00.400,5358.4000,53849,0,3730689200.000,0,-,-,-,-,5357.8000,5357.6000,5357.2000,5356.0000,5355.0000,5359.2000,5359.6000,5360.0000,5360.4000,5360.8000,1,1,1,2,2,1,1,1,1,1
SF,IC2003,2020-01-03 10:22:00.900,5358.4000,53849,0,3730689200.000,0,-,-,-,-,5358.0000,5357.8000,5357.2000,5356.0000,5355.0000,5359.2000,5359.6000,5360.0000,5360.4000,5360.8000,1,1,1,2,2,1,1,2,1,1
SF,IC2003,2020-01-03 10:22:01.400,5358.4000,53849,0,3730689200.000,0,-,-,-,-,5357.2000,5356.0000,5355.0000,5354.8000,5354.4000,5359.2000,5359.6000,5360.0000,5360.4000,5360.8000,1,1,2,1,1,1,1,1,1,1
SF,IC2003,2020-01-03 10:22:01.900,5358.4000,53849,0,3730689200.000,0,-,-,-,-,5357.2000,5356.0000,5355.0000,5354.8000,5354.4000,5359.0000,5359.2000,5359.6000,5360.0000,5360.4000,1,1,2,1,1,1,1,1,1,1
SF,IC2003,2020-01-03 10:22:02.400,5358.4000,53849,0,3730689200.000,0,-,-,-,-,5357.2000,5356.0000,5355.0000,5354.8000,5354.4000,5358.6000,5358.8000,5359.6000,5360.0000,5360.4000,1,1,2,1,1,2,1,1,1,1
SF,IC2003,2020-01-03 10:22:02.900,5358.4000,53849,0,3730689200.000,0,-,-,-,-,5357.4000,5357.2000,5356.0000,5355.0000,5354.8000,5358.8000,5360.0000,5360.4000,5360.8000,5361.4000,2,2,1,2,1,1,1,1,1,2
SF,IC2003,2020-01-03 10:22:03.400,5358.4000,53849,0,3730689200.000,0,-,-,-,-,5357.4000,5357.2000,5356.0000,5355.0000,5354.8000,5360.0000,5360.4000,5360.8000,5361.4000,5361.8000,2,2,1,2,1,1,1,1,2,1
SF,IC2003,2020-01-03 10:22:03.900,5358.4000,53849,0,3730689200.000,0,-,-,-,-,5357.4000,5357.2000,5356.0000,5355.0000,5354.8000,5359.6000,5359.8000,5360.0000,5360.4000,5360.8000,2,3,1,3,1,2,3,1,1,1
SF,IC2003,2020-01-03 10:22:04.400,5358.4000,53849,0,3730689200.000,0,-,-,-,-,5357.4000,5357.2000,5356.0000,5355.0000,5354.8000,5359.2000,5359.4000,5359.8000,5360.0000,5360.4000,1,2,1,3,1,2,1,2,1,1
SF,IC2003,2020-01-03 10:22:04.900,5358.4000,53849,0,3730689200.000,0,-,-,-,-,5357.4000,5357.2000,5356.0000,5355.0000,5354.8000,5359.0000,5359.2000,5359.8000,5360.0000,5360.4000,1,2,1,3,1,1,2,2,1,1
SF,IC2003,2020-01-03 10:22:05.400,5357.4000,53848,-1,3731760680.000,1,0,1,双平,S,5357.2000,5356.0000,5355.0000,5354.8000,5354.4000,5357.4000,5358.8000,5359.0000,5359.8000,5360.0000,2,1,3,1,1,1,1,1,1,1
SF,IC2003,2020-01-03 10:22:05.900,5357.4000,53846,-2,3734975040.000,3,0,3,多平,S,5357.6000,5356.0000,5355.0000,5354.8000,5354.4000,5358.8000,5359.0000,5359.8000,5360.0000,5360.4000,1,1,3,1,1,1,1,1,1,2
SF,IC2003,2020-01-03 10:22:06.400,5357.6000,53845,-1,3736046560.000,1,0,1,双平,S,5356.0000,5355.0000,5354.8000,5354.4000,5354.2000,5358.6000,5358.8000,5359.8000,5360.0000,5360.4000,1,3,1,1,1,2,1,1,1,2
SF,IC2003,2020-01-03 10:22:06.900,5357.6000,53845,0,3736046560.000,0,-,-,-,-,5356.2000,5356.0000,5355.0000,5354.8000,5354.4000,5358.2000,5358.4000,5358.6000,5358.8000,5360.0000,1,1,3,1,1,2,1,2,1,1
SF,IC2003,2020-01-03 10:22:07.400,5357.6000,53845,0,3736046560.000,0,-,-,-,-,5356.0000,5355.0000,5354.8000,5354.4000,5354.2000,5358.0000,5358.4000,5358.6000,5358.8000,5360.0000,1,3,1,1,1,1,1,1,1,1
SF,IC2003,2020-01-03 10:22:08.900,5357.6000,53845,0,3736046560.000,0,-,-,-,-,5356.2000,5356.0000,5355.0000,5354.8000,5354.4000,5358.0000,5358.4000,5358.6000,5358.8000,5360.0000,1,1,3,1,1,1,1,1,1,1
SF,IC2003,2020-01-03 10:22:09.400,5357.6000,53845,0,3736046560.000,0,-,-,-,-,5356.4000,5356.2000,5356.0000,5355.0000,5354.8000,5358.0000,5358.4000,5358.6000,5358.8000,5360.0000,1,1,1,3,1,1,1,1,1,1
SF,IC2003,2020-01-03 10:22:09.900,5357.6000,53845,0,3736046560.000,0,-,-,-,-,5356.4000,5356.2000,5356.0000,5355.0000,5354.8000,5358.0000,5358.2000,5358.6000,5358.8000,5360.0000,1,1,1,3,1,1,1,1,1,1
SF,IC2003,2020-01-03 10:22:12.400,5357.6000,53845,0,3736046560.000,0,-,-,-,-,5356.4000,5356.2000,5356.0000,5355.0000,5354.8000,5358.0000,5358.2000,5358.6000,5358.8000,5360.0000,3,1,1,3,1,1,1,1,1,1
SF,IC2003,2020-01-03 10:22:12.900,5357.6000,53845,0,3736046560.000,0,-,-,-,-,5356.4000,5356.2000,5356.0000,5355.0000,5354.8000,5358.0000,5358.2000,5358.8000,5360.0000,5360.4000,3,1,1,3,1,2,1,1,1,2
SF,IC2003,2020-01-03 10:22:13.900,5357.6000,53845,0,3736046560.000,0,-,-,-,-,5356.4000,5356.2000,5356.0000,5355.0000,5354.8000,5358.0000,5358.2000,5358.8000,5360.0000,5360.4000,3,1,1,3,1,2,1,1,1,2
SF,IC2003,2020-01-03 10:22:15.900,5357.6000,53845,0,3736046560.000,0,-,-,-,-,5357.0000,5356.6000,5356.4000,5356.2000,5356.0000,5358.0000,5358.2000,5358.8000,5360.0000,5360.4000,1,3,2,1,1,2,1,1,1,2
SF,IC2003,2020-01-03 10:22:16.400,5357.6000,53845,0,3736046560.000,0,-,-,-,-,5357.2000,5357.0000,5356.6000,5356.4000,5356.2000,5358.0000,5358.2000,5358.8000,5360.0000,5360.4000,1,1,3,2,1,1,1,1,1,2
SF,IC2003,2020-01-03 10:22:16.900,5357.6000,53845,0,3736046560.000,0,-,-,-,-,5357.2000,5357.0000,5356.6000,5356.4000,5356.0000,5358.0000,5358.2000,5358.8000,5360.0000,5360.4000,1,1,3,2,1,1,1,1,1,2
SF,IC2003,2020-01-03 10:22:18.900,5357.6000,53845,0,3736046560.000,0,-,-,-,-,5357.2000,5357.0000,5356.6000,5356.4000,5356.0000,5358.0000,5358.2000,5358.8000,5360.0000,5360.4000,1,1,2,2,1,1,1,1,1,2
SF,IC2003,2020-01-03 10:22:19.900,5358.0000,53845,0,3737118160.000,1,0,1,多换,S,5357.2000,5357.0000,5356.6000,5356.4000,5356.0000,5358.2000,5358.8000,5360.0000,5360.4000,5360.8000,1,1,2,2,1,1,1,1,2,1
SF,IC2003,2020-01-03 10:22:20.400,5358.2000,53845,0,3738189800.000,1,0,1,多换,S,5358.0000,5357.4000,5357.2000,5357.0000,5356.6000,5358.8000,5360.0000,5360.4000,5360.8000,5361.4000,2,1,1,1,2,1,1,2,1,2
SF,IC2003,2020-01-03 10:22:20.900,5358.2000,53845,0,3738189800.000,0,-,-,-,-,5357.4000,5357.0000,5356.6000,5356.4000,5356.0000,5360.0000,5360.4000,5360.8000,5361.4000,5361.8000,1,1,2,1,1,1,2,1,2,1
SF,IC2003,2020-01-03 10:22:21.400,5358.2000,53845,0,3738189800.000,0,-,-,-,-,5357.4000,5357.0000,5356.6000,5356.4000,5356.0000,5359.6000,5359.8000,5360.0000,5360.4000,5360.8000,1,1,2,1,1,2,2,1,2,1
SF,IC2003,2020-01-03 10:22:21.900,5358.2000,53845,0,3738189800.000,0,-,-,-,-,5357.4000,5357.2000,5357.0000,5356.6000,5356.4000,5359.2000,5359.4000,5359.8000,5360.0000,5360.4000,1,1,1,2,1,2,1,2,1,2
SF,IC2003,2020-01-03 10:22:22.400,5358.2000,53845,0,3738189800.000,0,-,-,-,-,5357.4000,5357.2000,5357.0000,5356.6000,5356.4000,5359.4000,5359.8000,5360.0000,5360.4000,5360.8000,1,1,1,2,1,1,2,1,2,1
SF,IC2003,2020-01-03 10:22:22.900,5358.2000,53845,0,3738189800.000,0,-,-,-,-,5357.6000,5357.4000,5357.2000,5357.0000,5356.6000,5359.4000,5359.8000,5360.0000,5360.4000,5360.8000,1,1,1,1,2,1,2,1,2,1
SF,IC2003,2020-01-03 10:22:24.900,5358.2000,53845,0,3738189800.000,0,-,-,-,-,5357.8000,5357.6000,5357.4000,5357.2000,5357.0000,5359.4000,5359.8000,5360.0000,5360.4000,5360.8000,1,1,1,1,1,1,2,1,2,1
SF,IC2003,2020-01-03 10:22:25.400,5358.2000,53845,0,3738189800.000,0,-,-,-,-,5358.0000,5357.8000,5357.6000,5357.2000,5357.0000,5359.4000,5360.0000,5360.4000,5360.8000,5361.4000,1,1,1,1,1,1,1,2,1,2
SF,IC2003,2020-01-03 10:22:25.900,5358.2000,53845,0,3738189800.000,0,-,-,-,-,5358.0000,5357.8000,5357.6000,5357.2000,5357.0000,5359.4000,5360.0000,5360.4000,5360.8000,5361.4000,1,1,1,1,1,1,1,2,1,2
SF,IC2003,2020-01-03 10:22:26.400,5358.2000,53845,0,3738189800.000,0,-,-,-,-,5358.0000,5357.8000,5357.6000,5357.2000,5357.0000,5359.4000,5360.0000,5360.4000,5360.8000,5361.4000,1,1,1,1,1,1,1,2,1,2
SF,IC2003,2020-01-03 10:22:26.900,5358.2000,53845,0,3738189800.000,0,-,-,-,-,5357.8000,5357.6000,5357.2000,5357.0000,5356.6000,5359.4000,5360.0000,5360.4000,5360.8000,5361.4000,1,1,1,2,2,1,1,2,1,2
SF,IC2003,2020-01-03 10:22:27.400,5358.2000,53845,0,3738189800.000,0,-,-,-,-,5358.0000,5357.8000,5357.6000,5357.2000,5357.0000,5359.4000,5360.0000,5360.4000,5360.8000,5361.4000,2,1,1,1,2,1,1,2,1,2
SF,IC2003,2020-01-03 10:22:27.900,5358.2000,53845,0,3738189800.000,0,-,-,-,-,5358.0000,5357.8000,5357.6000,5357.2000,5357.0000,5359.4000,5360.0000,5360.4000,5360.8000,5361.4000,2,1,1,1,2,1,2,2,1,2
SF,IC2003,2020-01-03 10:22:28.400,5358.2000,53845,0,3738189800.000,0,-,-,-,-,5358.4000,5358.2000,5358.0000,5357.6000,5357.2000,5360.0000,5360.4000,5360.8000,5361.4000,5361.8000,1,2,2,1,1,2,1,1,2,1
SF,IC2003,2020-01-03 10:22:28.900,5358.2000,53845,0,3738189800.000,0,-,-,-,-,5358.4000,5358.2000,5358.0000,5357.6000,5357.2000,5359.8000,5360.0000,5360.4000,5360.8000,5361.4000,1,1,2,1,1,1,2,1,1,2
SF,IC2003,2020-01-03 10:22:30.400,5358.2000,53845,0,3738189800.000,0,-,-,-,-,5358.4000,5358.2000,5358.0000,5357.2000,5357.0000,5359.8000,5360.0000,5360.4000,5360.8000,5361.4000,1,1,2,1,2,1,2,1,1,2
SF,IC2003,2020-01-03 10:22:31.900,5359.8000,53844,-1,3739261760.000,1,0,1,双平,S,5358.4000,5358.2000,5358.0000,5357.2000,5357.0000,5360.0000,5360.4000,5360.8000,5361.4000,5361.8000,1,1,2,1,2,2,1,2,2,1
SF,IC2003,2020-01-03 10:22:32.400,5359.8000,53844,0,3739261760.000,0,-,-,-,-,5358.6000,5358.4000,5358.2000,5358.0000,5357.2000,5360.0000,5360.4000,5360.8000,5361.4000,5361.8000,2,2,1,1,1,2,1,2,2,1
SF,IC2003,2020-01-03 10:22:32.900,5359.8000,53844,0,3739261760.000,0,-,-,-,-,5358.6000,5358.4000,5358.2000,5358.0000,5357.2000,5359.8000,5360.0000,5360.4000,5360.8000,5361.4000,2,1,1,1,1,1,2,1,2,2
SF,IC2003,2020-01-03 10:22:35.400,5359.8000,53844,0,3739261760.000,0,-,-,-,-,5358.6000,5358.4000,5358.2000,5358.0000,5357.2000,5359.8000,5360.0000,5360.4000,5360.8000,5361.4000,2,1,1,1,1,1,2,1,3,2
SF,IC2003,2020-01-03 10:22:36.900,5359.8000,53844,0,3739261760.000,0,-,-,-,-,5358.6000,5358.0000,5357.2000,5357.0000,5356.0000,5359.8000,5360.0000,5360.4000,5360.8000,5361.4000,2,1,1,2,1,2,2,1,3,1
SF,IC2003,2020-01-03 10:22:37.400,5359.8000,53844,0,3739261760.000,0,-,-,-,-,5358.6000,5358.0000,5357.2000,5357.0000,5356.0000,5359.8000,5360.0000,5360.4000,5360.8000,5361.4000,1,1,1,2,1,2,2,1,3,1
SF,IC2003,2020-01-03 10:22:37.900,5359.8000,53844,0,3739261760.000,0,-,-,-,-,5358.6000,5358.0000,5357.2000,5357.0000,5356.0000,5359.8000,5360.0000,5360.4000,5360.8000,5361.4000,1,1,1,2,1,2,2,1,3,1
SF,IC2003,2020-01-03 10:22:38.400,5359.8000,53844,0,3739261760.000,0,-,-,-,-,5358.0000,5357.2000,5357.0000,5356.0000,5355.0000,5359.8000,5360.0000,5360.4000,5360.8000,5361.4000,1,1,2,1,2,2,2,1,3,1
SF,IC2003,2020-01-03 10:22:38.900,5359.8000,53844,0,3739261760.000,0,-,-,-,-,5358.2000,5358.0000,5357.2000,5357.0000,5356.0000,5359.8000,5360.0000,5360.4000,5360.8000,5361.4000,1,1,1,2,1,1,2,1,3,1
SF,IC2003,2020-01-03 10:22:39.400,5359.8000,53844,0,3740333720.000,1,0,1,多换,S,5358.2000,5358.0000,5357.2000,5357.0000,5356.0000,5360.0000,5360.4000,5360.8000,5361.4000,5361.8000,3,1,1,2,1,2,1,3,1,1
SF,IC2003,2020-01-03 10:22:39.900,5359.8000,53844,0,3740333720.000,0,-,-,-,-,5358.4000,5358.2000,5358.0000,5357.2000,5357.0000,5360.0000,5360.4000,5360.8000,5361.4000,5361.8000,3,3,1,1,2,2,1,3,1,1
SF,IC2003,2020-01-03 10:22:40.400,5359.8000,53844,0,3740333720.000,0,-,-,-,-,5358.6000,5358.4000,5358.2000,5358.0000,5357.2000,5360.0000,5360.4000,5360.8000,5361.4000,5361.8000,2,1,2,1,1,2,1,3,1,1
SF,IC2003,2020-01-03 10:22:40.900,5360.0000,53842,-2,3742477720.000,2,0,2,双平,S,5358.6000,5358.4000,5358.2000,5358.0000,5357.2000,5360.4000,5360.8000,5361.4000,5361.8000,5363.0000,1,1,2,1,1,1,3,1,1,2
SF,IC2003,2020-01-03 10:22:41.400,5360.0000,53842,0,3742477720.000,0,-,-,-,-,5359.8000,5359.0000,5358.8000,5358.6000,5358.2000,5360.4000,5360.8000,5361.4000,5361.8000,5363.0000,4,1,2,3,2,1,3,1,1,2
SF,IC2003,2020-01-03 10:22:41.900,5360.0000,53842,0,3742477720.000,0,-,-,-,-,5360.0000,5358.8000,5358.6000,5358.2000,5357.2000,5360.4000,5360.8000,5361.4000,5361.8000,5363.0000,1,2,2,2,1,1,3,1,1,2
SF,IC2003,2020-01-03 10:22:42.400,5360.4000,53842,0,3743549800.000,1,0,1,多换,S,5360.0000,5359.8000,5358.6000,5358.2000,5357.2000,5360.8000,5361.4000,5361.8000,5363.0000,5363.4000,1,1,2,2,1,3,1,1,2,2
SF,IC2003,2020-01-03 10:22:42.900,5360.4000,53842,0,3743549800.000,0,-,-,-,-,5360.0000,5359.8000,5358.6000,5358.2000,5357.2000,5360.8000,5361.4000,5361.8000,5363.0000,5363.4000,1,1,2,2,1,3,1,1,2,2
SF,IC2003,2020-01-03 10:22:43.400,5360.0000,53841,-1,3744621800.000,1,0,1,双平,S,5359.8000,5358.6000,5358.2000,5357.2000,5357.0000,5360.8000,5361.4000,5361.8000,5363.0000,5363.4000,1,2,2,1,2,3,1,1,2,2
SF,IC2003,2020-01-03 10:22:44.400,5360.0000,53841,0,3744621800.000,0,-,-,-,-,5359.8000,5358.6000,5358.2000,5357.2000,5357.0000,5360.8000,5361.4000,5361.8000,5363.0000,5363.4000,1,1,2,1,2,3,1,1,2,2
SF,IC2003,2020-01-03 10:22:44.900,5360.0000,53841,0,3744621800.000,0,-,-,-,-,5359.8000,5358.6000,5358.2000,5357.2000,5357.0000,5360.8000,5361.4000,5361.8000,5363.0000,5363.4000,1,1,2,1,2,3,1,1,2,2
SF,IC2003,2020-01-03 10:22:45.400,5360.0000,53841,0,3744621800.000,0,-,-,-,-,5359.8000,5358.6000,5358.2000,5357.2000,5357.0000,5360.8000,5361.4000,5361.8000,5363.0000,5363.4000,1,1,2,1,2,2,1,1,2,2
SF,IC2003,2020-01-03 10:22:46.400,5359.8000,53841,0,3745693760.000,1,0,1,多换,S,5358.6000,5358.2000,5357.2000,5357.0000,5356.0000,5360.8000,5361.4000,5361.8000,5363.0000,5363.4000,1,2,1,2,1,2,1,1,2,2
SF,IC2003,2020-01-03 10:22:46.900,5359.8000,53841,0,3745693760.000,0,-,-,-,-,5358.6000,5358.2000,5357.2000,5357.0000,5356.0000,5360.4000,5360.6000,5360.8000,5361.4000,5361.8000,1,2,1,2,1,5,3,2,1,1
SF,IC2003,2020-01-03 10:22:47.400,5359.8000,53841,0,3745693760.000,0,-,-,-,-,5358.8000,5358.6000,5358.2000,5357.2000,5357.0000,5360.0000,5360.4000,5360.6000,5360.8000,5361.4000,2,1,2,1,2,1,2,1,2,1
SF,IC2003,2020-01-03 10:22:47.900,5359.8000,53841,0,3745693760.000,0,-,-,-,-,5358.6000,5358.2000,5357.2000,5357.0000,5356.0000,5360.0000,5360.4000,5360.6000,5360.8000,5361.4000,1,2,1,2,1,1,2,1,2,1
SF,IC2003,2020-01-03 10:22:49.400,5359.8000,53841,0,3745693760.000,0,-,-,-,-,5358.6000,5358.2000,5357.2000,5357.0000,5356.0000,5360.4000,5360.6000,5360.8000,5361.4000,5361.8000,1,2,1,2,1,2,1,2,1,1
SF,IC2003,2020-01-03 10:22:49.900,5359.8000,53841,0,3745693760.000,0,-,-,-,-,5358.6000,5358.2000,5357.2000,5357.0000,5356.0000,5360.4000,5360.6000,5360.8000,5361.4000,5361.8000,1,2,1,2,1,2,1,2,1,1
SF,IC2003,2020-01-03 10:22:50.400,5359.8000,53841,0,3745693760.000,0,-,-,-,-,5358.6000,5358.2000,5357.2000,5357.0000,5356.0000,5360.4000,5360.8000,5361.4000,5361.8000,5363.0000,1,2,1,2,1,2,2,1,1,2
SF,IC2003,2020-01-03 10:22:50.900,5359.8000,53841,0,3745693760.000,0,-,-,-,-,5358.6000,5358.2000,5357.2000,5357.0000,5356.0000,5360.2000,5360.4000,5360.8000,5361.4000,5361.8000,1,2,1,2,1,1,2,2,1,1
SF,IC2003,2020-01-03 10:22:52.900,5359.8000,53841,0,3745693760.000,0,-,-,-,-,5358.6000,5358.2000,5357.2000,5357.0000,5356.0000,5360.2000,5360.4000,5360.8000,5361.4000,5361.8000,1,2,1,2,1,1,1,2,1,1
SF,IC2003,2020-01-03 10:22:53.400,5359.8000,53841,0,3745693760.000,0,-,-,-,-,5359.2000,5359.0000,5358.8000,5358.6000,5358.2000,5360.2000,5360.4000,5360.8000,5361.4000,5361.8000,1,1,1,2,2,1,1,2,1,1
SF,IC2003,2020-01-03 10:22:53.900,5359.8000,53841,0,3745693760.000,0,-,-,-,-,5359.4000,5359.2000,5358.8000,5358.2000,5357.2000,5360.2000,5360.4000,5360.8000,5361.4000,5361.8000,1,1,1,2,1,1,1,2,1,1
SF,IC2003,2020-01-03 10:22:54.400,5360.2000,53841,0,3746765800.000,1,0,1,多换,S,5359.4000,5359.2000,5358.8000,5358.2000,5357.2000,5360.8000,5361.4000,5361.8000,5363.0000,5363.4000,1,1,1,2,1,2,1,1,2,2
SF,IC2003,2020-01-03 10:22:54.900,5360.2000,53841,0,3746765800.000,0,-,-,-,-,5359.6000,5359.4000,5359.2000,5358.2000,5357.2000,5360.8000,5361.4000,5361.8000,5363.0000,5363.4000,1,2,1,3,1,2,1,1,2,2
SF,IC2003,2020-01-03 10:22:55.400,5360.8000,53840,-1,3748910120.000,2,0,2,多平,S,5360.8000,5360.6000,5360.0000,5359.8000,5359.6000,5361.4000,5361.8000,5363.0000,5363.4000,5363.6000,5,2,2,2,2,1,1,2,2,1
SF,IC2003,2020-01-03 10:22:55.900,5361.4000,53840,0,3749982400.000,1,0,1,多换,S,5361.4000,5361.0000,5360.8000,5359.6000,5359.2000,5361.8000,5363.0000,5363.4000,5363.6000,5364.0000,3,1,1,1,1,1,2,2,1,1
SF,IC2003,2020-01-03 10:22:56.400,5361.8000,53840,0,3752127120.000,2,1,1,多换,S,5361.6000,5361.4000,5361.0000,5359.6000,5359.2000,5363.0000,5363.4000,5363.6000,5364.0000,5364.2000,1,2,1,1,1,2,2,1,1,1
SF,IC2003,2020-01-03 10:22:56.900,5361.8000,53840,0,3752127120.000,0,-,-,-,-,5361.8000,5361.6000,5361.4000,5361.0000,5359.6000,5362.8000,5363.0000,5363.4000,5363.6000,5364.0000,1,1,2,1,1,1,2,2,1,1
SF,IC2003,2020-01-03 10:22:57.900,5361.6000,53838,-2,3754271800.000,2,0,2,双平,S,5361.4000,5359.6000,5359.2000,5358.2000,5357.2000,5362.2000,5362.8000,5363.0000,5363.4000,5363.6000,2,1,1,1,1,1,1,2,2,1
SF,IC2003,2020-01-03 10:22:58.400,5361.4000,53837,-1,3755344080.000,1,0,1,双平,S,5361.4000,5359.2000,5358.2000,5357.2000,5357.0000,5362.8000,5363.0000,5363.4000,5363.6000,5364.0000,2,1,1,1,2,1,2,2,1,1
SF,IC2003,2020-01-03 10:22:58.900,5361.4000,53837,0,3755344080.000,0,-,-,-,-,5361.4000,5358.2000,5357.2000,5357.0000,5356.0000,5362.8000,5363.0000,5363.4000,5363.6000,5364.0000,2,1,1,2,1,1,2,2,1,1
SF,IC2003,2020-01-03 10:22:59.400,5361.4000,53837,0,3755344080.000,0,-,-,-,-,5362.0000,5361.4000,5358.2000,5357.0000,5356.2000,5362.8000,5363.0000,5363.4000,5363.6000,5364.0000,1,2,1,2,1,1,2,2,1,1
SF,IC2003,2020-01-03 10:22:59.900,5362.0000,53836,-1,3756416480.000,1,0,1,双平,S,5361.4000,5358.2000,5357.0000,5356.2000,5356.0000,5362.8000,5363.0000,5363.4000,5363.6000,5364.0000,2,1,2,1,1,1,2,2,1,1
SF,IC2003,2020-01-03 10:23:01.900,5362.0000,53836,0,3756416480.000,0,-,-,-,-,5361.4000,5358.2000,5357.0000,5356.2000,5356.0000,5362.8000,5363.0000,5363.4000,5363.6000,5364.0000,1,1,2,1,1,1,2,2,1,1
SF,IC2003,2020-01-03 10:23:02.400,5362.0000,53836,0,3756416480.000,0,-,-,-,-,5361.4000,5358.2000,5357.0000,5356.2000,5356.0000,5362.2000,5362.8000,5363.0000,5363.4000,5363.6000,1,1,2,1,1,1,1,2,2,1
SF,IC2003,2020-01-03 10:23:03.400,5361.4000,53836,0,3757488760.000,1,0,1,多换,S,5358.2000,5357.0000,5356.2000,5356.0000,5355.0000,5361.4000,5361.8000,5362.2000,5362.8000,5363.0000,1,2,1,1,6,2,1,1,1,2
SF,IC2003,2020-01-03 10:23:03.900,5361.4000,53836,0,3757488760.000,0,-,-,-,-,5360.0000,5359.6000,5358.8000,5358.6000,5358.4000,5361.0000,5361.2000,5361.4000,5361.8000,5362.2000,2,1,3,1,3,1,2,2,1,1
SF,IC2003,2020-01-03 10:23:04.400,5361.4000,53836,0,3757488760.000,0,-,-,-,-,5359.6000,5358.8000,5358.4000,5358.2000,5357.0000,5361.0000,5361.2000,5361.4000,5361.8000,5362.2000,1,1,2,2,2,1,1,2,1,1
SF,IC2003,2020-01-03 10:23:04.900,5361.4000,53836,0,3757488760.000,0,-,-,-,-,5359.8000,5359.6000,5358.8000,5358.4000,5358.2000,5361.0000,5361.4000,5361.8000,5362.2000,5363.0000,1,1,1,1,2,1,2,1,1,2
SF,IC2003,2020-01-03 10:23:05.400,5361.4000,53836,0,3757488760.000,0,-,-,-,-,5359.8000,5359.6000,5358.8000,5358.4000,5358.2000,5361.0000,5361.4000,5361.8000,5362.2000,5363.0000,1,1,1,1,2,2,2,1,1,2
SF,IC2003,2020-01-03 10:23:05.900,5361.4000,53836,0,3757488760.000,0,-,-,-,-,5359.8000,5358.4000,5358.2000,5357.0000,5356.2000,5361.0000,5361.4000,5361.8000,5362.2000,5363.0000,1,1,2,2,1,2,2,1,1,2
SF,IC2003,2020-01-03 10:23:06.400,5361.4000,53836,0,3757488760.000,0,-,-,-,-,5359.8000,5358.4000,5358.2000,5357.0000,5356.2000,5361.0000,5361.4000,5361.8000,5362.2000,5363.0000,1,1,2,2,1,2,2,1,1,2
SF,IC2003,2020-01-03 10:23:07.400,5361.4000,53836,0,3757488760.000,0,-,-,-,-,5360.0000,5359.8000,5358.4000,5358.2000,5357.0000,5361.0000,5361.4000,5361.8000,5362.2000,5363.0000,1,1,1,2,2,2,2,1,1,2
SF,IC2003,2020-01-03 10:23:08.400,5361.4000,53836,0,3757488760.000,0,-,-,-,-,5360.0000,5359.8000,5358.4000,5358.2000,5357.0000,5361.0000,5361.4000,5361.8000,5362.2000,5363.0000,1,1,1,2,2,1,2,1,1,2
SF,IC2003,2020-01-03 10:23:09.400,5361.4000,53836,0,3757488760.000,0,-,-,-,-,5360.0000,5359.8000,5358.4000,5358.2000,5357.0000,5361.4000,5361.8000,5362.2000,5363.0000,5363.4000,1,1,1,2,2,2,1,1,2,2
SF,IC2003,2020-01-03 10:23:09.900,5361.4000,53836,0,3757488760.000,0,-,-,-,-,5360.0000,5359.8000,5358.4000,5358.2000,5357.0000,5360.8000,5361.2000,5361.4000,5361.8000,5362.2000,1,1,1,2,2,1,1,2,1,1
SF,IC2003,2020-01-03 10:23:10.400,5361.4000,53836,0,3757488760.000,0,-,-,-,-,5360.2000,5360.0000,5358.4000,5358.2000,5357.0000,5361.4000,5361.8000,5362.2000,5363.0000,5363.4000,1,1,1,2,2,2,1,1,2,2
SF,IC2003,2020-01-03 10:23:12.900,5361.4000,53836,0,3757488760.000,0,-,-,-,-,5360.2000,5360.0000,5358.4000,5358.2000,5357.0000,5361.8000,5362.2000,5363.0000,5363.4000,5364.0000,1,1,1,2,2,1,1,2,2,1
SF,IC2003,2020-01-03 10:23:13.400,5360.0000,53834,-2,3759632800.000,2,0,2,双平,S,5358.2000,5357.0000,5356.2000,5356.0000,5355.0000,5360.6000,5361.2000,5361.6000,5361.8000,5363.0000,2,2,1,1,6,1,2,2,1,2
SF,IC2003,2020-01-03 10:23:13.900,5360.0000,53834,0,3759632800.000,0,-,-,-,-,5358.8000,5358.4000,5358.2000,5357.0000,5356.2000,5360.4000,5360.6000,5361.2000,5361.6000,5361.8000,1,4,2,2,1,1,2,2,1,1
SF,IC2003,2020-01-03 10:23:14.400,5360.0000,53834,0,3759632800.000,0,-,-,-,-,5359.0000,5358.8000,5358.2000,5357.0000,5356.2000,5360.4000,5360.6000,5361.2000,5361.8000,5363.0000,1,1,1,2,1,1,2,1,1,2
SF,IC2003,2020-01-03 10:23:15.400,5360.0000,53834,0,3759632800.000,0,-,-,-,-,5359.0000,5358.8000,5358.2000,5357.0000,5356.2000,5360.2000,5360.4000,5360.6000,5361.8000,5363.0000,1,1,1,2,1,1,1,2,1,2
SF,IC2003,2020-01-03 10:23:15.900,5360.0000,53834,0,3760704800.000,1,0,1,多换,S,5358.2000,5357.0000,5356.2000,5356.0000,5355.0000,5360.0000,5360.2000,5360.6000,5361.8000,5363.0000,1,2,1,1,6,1,1,2,1,2
SF,IC2003,2020-01-03 10:23:16.400,5360.0000,53834,0,3760704800.000,0,-,-,-,-,5358.4000,5358.2000,5357.0000,5356.2000,5356.0000,5359.6000,5360.0000,5360.2000,5360.6000,5361.8000,1,1,2,1,1,2,1,1,2,1
SF,IC2003,2020-01-03 10:23:16.900,5359.6000,53833,-1,3761776720.000,1,0,1,双平,S,5358.2000,5357.0000,5356.2000,5356.0000,5355.0000,5360.2000,5360.6000,5361.8000,5363.0000,5363.4000,1,2,1,1,6,1,2,1,2,2
SF,IC2003,2020-01-03 10:23:17.400,5359.6000,53833,0,3761776720.000,0,-,-,-,-,5358.4000,5358.2000,5357.0000,5356.2000,5356.0000,5359.8000,5360.0000,5360.2000,5360.6000,5361.8000,1,1,2,1,1,1,4,1,1,1
SF,IC2003,2020-01-03 10:23:17.900,5359.6000,53833,0,3761776720.000,0,-,-,-,-,5358.4000,5358.2000,5357.0000,5356.2000,5356.0000,5359.8000,5360.0000,5360.2000,5360.6000,5361.8000,1,1,2,1,1,1,2,1,1,1
SF,IC2003,2020-01-03 10:23:18.400,5359.6000,53833,0,3761776720.000,0,-,-,-,-,5358.4000,5358.2000,5357.0000,5356.2000,5356.0000,5359.6000,5359.8000,5360.0000,5360.2000,5360.6000,1,1,2,1,1,1,1,1,1,1
SF,IC2003,2020-01-03 10:23:18.900,5359.6000,53833,0,3761776720.000,0,-,-,-,-,5358.2000,5357.0000,5356.2000,5356.0000,5355.0000,5359.6000,5359.8000,5360.0000,5360.2000,5360.6000,1,2,1,1,6,1,1,1,1,1
SF,IC2003,2020-01-03 10:23:19.400,5359.6000,53833,0,3761776720.000,0,-,-,-,-,5358.2000,5357.0000,5356.2000,5356.0000,5355.0000,5359.6000,5359.8000,5360.0000,5360.2000,5360.6000,1,1,1,1,6,1,1,1,1,1
SF,IC2003,2020-01-03 10:23:19.900,5359.6000,53833,0,3761776720.000,0,-,-,-,-,5358.2000,5357.0000,5356.2000,5356.0000,5355.0000,5359.6000,5359.8000,5360.0000,5360.2000,5360.6000,1,1,1,1,6,1,1,1,1,1
SF,IC2003,2020-01-03 10:23:20.400,5359.6000,53833,0,3761776720.000,0,-,-,-,-,5358.2000,5357.0000,5356.2000,5356.0000,5355.0000,5359.6000,5359.8000,5360.0000,5360.2000,5360.6000,1,1,1,1,6,1,1,1,1,1
SF,IC2003,2020-01-03 10:23:20.900,5358.2000,53834,1,3762848360.000,1,1,0,双开,S,5357.0000,5356.2000,5356.0000,5355.0000,5354.8000,5359.6000,5359.8000,5360.0000,5360.2000,5360.6000,1,1,1,6,1,1,1,1,1,1
SF,IC2003,2020-01-03 10:23:21.400,5358.2000,53834,0,3762848360.000,0,-,-,-,-,5357.6000,5357.2000,5357.0000,5356.2000,5356.0000,5359.4000,5359.6000,5359.8000,5360.0000,5360.2000,1,3,1,1,1,1,1,1,1,1
SF,IC2003,2020-01-03 10:23:21.900,5358.2000,53834,0,3762848360.000,0,-,-,-,-,5357.8000,5357.6000,5357.2000,5357.0000,5356.2000,5359.0000,5359.2000,5359.4000,5359.8000,5360.0000,1,1,2,1,1,1,1,1,1,1
SF,IC2003,2020-01-03 10:23:22.400,5358.2000,53834,0,3762848360.000,0,-,-,-,-,5357.6000,5357.2000,5357.0000,5356.2000,5356.0000,5358.8000,5359.4000,5359.8000,5360.0000,5360.6000,1,1,1,1,1,1,1,1,1,1
SF,IC2003,2020-01-03 10:23:22.900,5358.2000,53834,0,3762848360.000,0,-,-,-,-,5357.8000,5357.6000,5357.2000,5357.0000,5356.2000,5358.8000,5359.8000,5360.0000,5360.6000,5361.8000,1,1,1,1,1,1,1,1,1,1
SF,IC2003,2020-01-03 10:23:23.900,5358.2000,53834,0,3762848360.000,0,-,-,-,-,5357.8000,5357.6000,5357.2000,5357.0000,5356.2000,5358.8000,5359.4000,5359.8000,5360.0000,5360.6000,1,1,1,1,1,1,2,1,1,1
SF,IC2003,2020-01-03 10:23:24.400,5358.2000,53834,0,3762848360.000,0,-,-,-,-,5357.6000,5357.2000,5357.0000,5356.2000,5356.0000,5358.8000,5359.4000,5359.8000,5360.6000,5361.8000,1,1,1,1,1,1,2,1,1,1
SF,IC2003,2020-01-03 10:23:24.900,5358.2000,53834,0,3762848360.000,0,-,-,-,-,5357.8000,5357.6000,5357.2000,5357.0000,5356.2000,5358.8000,5359.4000,5359.8000,5360.6000,5361.8000,1,1,1,1,1,1,2,1,1,1
SF,IC2003,2020-01-03 10:23:25.900,5358.2000,53834,0,3762848360.000,0,-,-,-,-,5357.8000,5357.6000,5357.2000,5357.0000,5356.2000,5359.4000,5359.8000,5360.6000,5361.8000,5363.0000,1,1,1,1,1,2,1,1,1,2
SF,IC2003,2020-01-03 10:23:26.400,5358.2000,53834,0,3762848360.000,0,-,-,-,-,5357.8000,5357.6000,5357.0000,5356.2000,5356.0000,5359.2000,5359.4000,5359.8000,5360.6000,5361.8000,1,1,1,1,1,2,2,1,1,1
SF,IC2003,2020-01-03 10:23:26.900,5358.2000,53834,0,3762848360.000,0,-,-,-,-,5357.8000,5357.0000,5356.2000,5356.0000,5355.0000,5358.8000,5359.0000,5359.2000,5359.4000,5359.8000,1,1,1,1,6,1,1,1,2,1
SF,IC2003,2020-01-03 10:23:27.400,5358.2000,53834,0,3762848360.000,0,-,-,-,-,5357.8000,5357.0000,5356.2000,5356.0000,5355.0000,5358.6000,5358.8000,5359.0000,5359.4000,5359.8000,1,1,1,1,6,1,1,1,2,1
SF,IC2003,2020-01-03 10:23:30.400,5357.8000,53833,-1,3763919920.000,1,0,1,双平,S,5357.0000,5356.2000,5356.0000,5355.0000,5354.8000,5358.6000,5358.8000,5359.0000,5359.4000,5359.8000,1,1,1,6,1,1,1,1,2,1
SF,IC2003,2020-01-03 10:23:30.900,5357.8000,53833,0,3763919920.000,0,-,-,-,-,5357.0000,5356.2000,5356.0000,5355.0000,5354.8000,5357.8000,5358.4000,5358.6000,5358.8000,5359.0000,1,1,1,6,1,1,1,2,1,1
SF,IC2003,2020-01-03 10:23:31.400,5357.0000,53831,-2,3766062880.000,2,0,2,双平,S,5356.2000,5356.0000,5355.0000,5354.8000,5354.4000,5357.8000,5358.4000,5358.6000,5358.8000,5359.0000,1,1,6,1,1,2,1,2,1,1
SF,IC2003,2020-01-03 10:23:31.900,5357.0000,53831,0,3766062880.000,0,-,-,-,-,5356.4000,5356.2000,5356.0000,5355.0000,5354.8000,5357.6000,5357.8000,5358.6000,5359.4000,5359.8000,1,1,1,6,1,1,2,1,2,1
SF,IC2003,2020-01-03 10:23:32.900,5357.0000,53831,0,3766062880.000,0,-,-,-,-,5356.4000,5356.2000,5356.0000,5355.0000,5354.8000,5357.6000,5357.8000,5359.4000,5359.8000,5361.8000,1,1,1,6,1,1,2,2,1,1
SF,IC2003,2020-01-03 10:23:33.400,5357.0000,53831,0,3766062880.000,0,-,-,-,-,5356.4000,5356.2000,5356.0000,5355.0000,5354.8000,5357.8000,5359.4000,5359.8000,5361.8000,5363.0000,2,1,1,6,1,2,2,1,1,2
SF,IC2003,2020-01-03 10:23:33.900,5357.0000,53831,0,3766062880.000,0,-,-,-,-,5356.4000,5356.2000,5356.0000,5355.0000,5354.8000,5357.8000,5359.4000,5359.8000,5361.8000,5363.0000,2,1,1,6,1,2,2,1,1,2
SF,IC2003,2020-01-03 10:23:34.400,5357.0000,53831,0,3766062880.000,0,-,-,-,-,5356.8000,5356.6000,5356.4000,5356.2000,5356.0000,5357.8000,5359.4000,5359.8000,5361.8000,5363.0000,1,2,2,1,1,2,2,1,1,2
SF,IC2003,2020-01-03 10:23:34.900,5357.0000,53831,0,3766062880.000,0,-,-,-,-,5356.8000,5356.6000,5356.4000,5356.2000,5356.0000,5357.8000,5359.4000,5359.8000,5361.8000,5363.0000,1,1,2,1,1,2,2,1,1,2
SF,IC2003,2020-01-03 10:23:35.400,5357.0000,53831,0,3766062880.000,0,-,-,-,-,5356.8000,5356.4000,5356.2000,5356.0000,5355.0000,5357.8000,5359.4000,5359.8000,5361.8000,5363.0000,1,1,1,1,6,2,2,1,1,2
SF,IC2003,2020-01-03 10:23:35.900,5357.0000,53831,0,3766062880.000,0,-,-,-,-,5356.4000,5356.2000,5356.0000,5355.0000,5354.8000,5357.8000,5359.4000,5359.8000,5361.8000,5363.0000,1,1,1,6,1,2,2,1,1,2
SF,IC2003,2020-01-03 10:23:36.400,5357.0000,53831,0,3766062880.000,0,-,-,-,-,5356.4000,5356.2000,5356.0000,5355.0000,5354.8000,5357.6000,5357.8000,5359.4000,5359.8000,5361.8000,1,1,1,6,1,2,2,2,1,1
SF,IC2003,2020-01-03 10:23:36.900,5356.4000,53830,-1,3767134160.000,1,0,1,双平,S,5356.2000,5356.0000,5355.0000,5354.8000,5354.4000,5357.4000,5357.6000,5357.8000,5359.4000,5359.8000,1,1,6,1,1,1,2,2,2,1
SF,IC2003,2020-01-03 10:23:37.400,5357.2000,53830,0,3768205600.000,1,0,1,多换,S,5356.2000,5356.0000,5355.0000,5354.8000,5354.4000,5357.4000,5357.6000,5357.8000,5359.4000,5359.8000,1,1,6,1,1,1,1,2,2,1
SF,IC2003,2020-01-03 10:23:37.900,5357.2000,53830,0,3768205600.000,0,-,-,-,-,5356.2000,5356.0000,5355.0000,5354.8000,5354.4000,5357.2000,5357.4000,5357.6000,5357.8000,5359.4000,1,1,6,1,1,1,1,1,2,2
SF,IC2003,2020-01-03 10:23:39.400,5357.2000,53830,0,3768205600.000,0,-,-,-,-,5356.2000,5356.0000,5355.0000,5354.8000,5354.4000,5357.2000,5357.4000,5357.8000,5359.4000,5359.8000,1,1,6,1,1,1,1,2,2,1
SF,IC2003,2020-01-03 10:23:39.900,5357.2000,53830,0,3768205600.000,0,-,-,-,-,5356.2000,5356.0000,5355.0000,5354.8000,5354.4000,5357.2000,5357.8000,5359.4000,5359.8000,5361.8000,1,1,6,1,1,1,2,2,1,1
SF,IC2003,2020-01-03 10:23:40.400,5357.2000,53830,0,3768205600.000,0,-,-,-,-,5356.2000,5356.0000,5355.0000,5354.8000,5354.4000,5357.8000,5359.4000,5359.8000,5361.8000,5363.0000,1,1,6,1,1,2,2,1,1,2
SF,IC2003,2020-01-03 10:23:40.900,5357.2000,53830,0,3768205600.000,0,-,-,-,-,5356.2000,5356.0000,5355.0000,5354.8000,5354.4000,5357.6000,5357.8000,5359.4000,5359.8000,5361.8000,1,1,6,1,1,1,2,2,1,1
SF,IC2003,2020-01-03 10:23:41.400,5357.2000,53830,0,3768205600.000,0,-,-,-,-,5356.4000,5356.2000,5356.0000,5355.0000,5354.8000,5357.6000,5357.8000,5359.4000,5359.8000,5361.8000,1,1,1,6,1,1,2,2,1,1
SF,IC2003,2020-01-03 10:23:41.900,5357.2000,53830,0,3768205600.000,0,-,-,-,-,5356.4000,5356.2000,5356.0000,5355.0000,5354.8000,5357.8000,5359.4000,5359.8000,5361.8000,5363.0000,1,1,1,6,1,2,2,1,1,2
SF,IC2003,2020-01-03 10:23:42.400,5357.2000,53830,0,3768205600.000,0,-,-,-,-,5356.4000,5356.2000,5356.0000,5355.0000,5354.8000,5357.6000,5357.8000,5359.4000,5359.8000,5361.8000,1,1,1,6,1,2,2,2,1,1
SF,IC2003,2020-01-03 10:23:42.900,5357.2000,53830,0,3768205600.000,0,-,-,-,-,5356.4000,5356.2000,5356.0000,5355.0000,5354.8000,5357.6000,5357.8000,5359.4000,5359.8000,5361.8000,2,2,1,6,1,2,2,2,1,1
SF,IC2003,2020-01-03 10:23:43.400,5357.2000,53830,0,3768205600.000,0,-,-,-,-,5356.4000,5356.2000,5356.0000,5355.0000,5354.8000,5357.8000,5359.4000,5359.8000,5361.8000,5363.0000,2,2,1,6,1,2,2,1,1,2
SF,IC2003,2020-01-03 10:23:43.900,5357.2000,53830,0,3768205600.000,0,-,-,-,-,5356.4000,5356.2000,5356.0000,5355.0000,5354.8000,5357.6000,5357.8000,5359.4000,5359.8000,5361.8000,1,2,1,6,1,1,2,2,1,1
SF,IC2003,2020-01-03 10:23:44.400,5357.2000,53830,0,3768205600.000,0,-,-,-,-,5356.4000,5356.2000,5356.0000,5355.0000,5354.8000,5357.6000,5357.8000,5359.4000,5359.8000,5361.8000,1,2,1,6,1,1,2,2,1,1
SF,IC2003,2020-01-03 10:23:47.400,5357.2000,53830,0,3768205600.000,0,-,-,-,-,5356.4000,5356.2000,5356.0000,5355.0000,5354.8000,5357.8000,5359.4000,5359.8000,5361.8000,5363.0000,1,2,1,6,1,2,2,1,1,2
SF,IC2003,2020-01-03 10:23:47.900,5357.2000,53830,0,3768205600.000,0,-,-,-,-,5356.6000,5356.4000,5356.2000,5356.0000,5355.0000,5357.8000,5359.4000,5359.8000,5361.8000,5363.0000,1,1,2,1,6,2,2,1,1,2
SF,IC2003,2020-01-03 10:23:49.900,5357.2000,53830,0,3768205600.000,0,-,-,-,-,5356.6000,5356.4000,5356.2000,5356.0000,5355.0000,5357.8000,5359.4000,5359.8000,5361.8000,5363.0000,1,1,2,1,6,2,2,1,1,2
SF,IC2003,2020-01-03 10:23:51.400,5357.2000,53830,0,3768205600.000,0,-,-,-,-,5356.6000,5356.4000,5356.2000,5356.0000,5355.0000,5359.4000,5359.8000,5361.8000,5363.0000,5363.4000,1,1,2,1,6,2,1,1,2,2
SF,IC2003,2020-01-03 10:23:51.900,5357.2000,53830,0,3768205600.000,0,-,-,-,-,5356.8000,5356.6000,5356.2000,5356.0000,5355.0000,5359.0000,5359.2000,5359.4000,5359.8000,5361.8000,1,1,2,1,6,3,3,2,1,1
SF,IC2003,2020-01-03 10:23:52.400,5357.2000,53830,0,3768205600.000,0,-,-,-,-,5356.6000,5356.2000,5356.0000,5355.0000,5354.8000,5358.6000,5358.8000,5359.0000,5359.2000,5359.4000,1,2,1,6,1,2,1,1,2,2
SF,IC2003,2020-01-03 10:23:52.900,5357.2000,53830,0,3768205600.000,0,-,-,-,-,5356.8000,5356.6000,5356.2000,5356.0000,5355.0000,5358.4000,5359.0000,5359.2000,5359.4000,5359.8000,2,1,2,1,6,3,1,2,2,1
SF,IC2003,2020-01-03 10:23:53.400,5357.2000,53830,0,3768205600.000,0,-,-,-,-,5356.8000,5356.2000,5356.0000,5355.0000,5354.8000,5358.4000,5359.0000,5359.2000,5359.4000,5359.8000,2,2,1,6,1,1,1,2,2,1
SF,IC2003,2020-01-03 10:23:53.900,5357.2000,53830,0,3768205600.000,0,-,-,-,-,5357.0000,5356.8000,5356.2000,5356.0000,5355.0000,5358.4000,5359.0000,5359.2000,5359.4000,5359.8000,1,2,2,1,6,1,1,2,2,1
SF,IC2003,2020-01-03 10:23:54.400,5357.2000,53830,0,3768205600.000,0,-,-,-,-,5357.0000,5356.8000,5356.2000,5356.0000,5355.0000,5358.4000,5359.0000,5359.2000,5359.4000,5359.8000,1,1,2,1,6,1,1,1,2,1
SF,IC2003,2020-01-03 10:23:54.900,5357.2000,53830,0,3768205600.000,0,-,-,-,-,5357.0000,5356.8000,5356.2000,5356.0000,5355.0000,5358.4000,5359.2000,5359.4000,5359.8000,5361.8000,1,1,2,1,6,1,1,2,1,1
SF,IC2003,2020-01-03 10:23:55.900,5357.2000,53830,0,3768205600.000,0,-,-,-,-,5357.0000,5356.8000,5356.2000,5356.0000,5355.0000,5358.4000,5359.2000,5359.4000,5359.8000,5361.8000,2,1,2,1,6,1,1,2,1,1
SF,IC2003,2020-01-03 10:23:56.400,5358.4000,53829,-1,3769277280.000,1,0,1,双平,S,5357.0000,5356.8000,5356.2000,5356.0000,5355.0000,5359.2000,5359.4000,5359.8000,5361.8000,5363.0000,2,1,2,1,6,1,2,1,1,2
SF,IC2003,2020-01-03 10:23:56.900,5358.4000,53829,0,3769277280.000,0,-,-,-,-,5357.0000,5356.8000,5356.2000,5356.0000,5355.0000,5358.8000,5359.0000,5359.2000,5359.4000,5359.8000,2,1,2,1,6,2,1,1,2,1
SF,IC2003,2020-01-03 10:23:57.400,5358.4000,53829,0,3769277280.000,0,-,-,-,-,5357.2000,5357.0000,5356.8000,5356.2000,5356.0000,5358.4000,5358.6000,5359.0000,5359.2000,5359.4000,1,2,1,2,1,2,1,1,1,2
SF,IC2003,2020-01-03 10:23:57.900,5358.4000,53829,0,3769277280.000,0,-,-,-,-,5357.2000,5357.0000,5356.8000,5356.2000,5356.0000,5358.6000,5359.0000,5359.4000,5359.8000,5361.8000,1,2,1,2,1,1,1,2,1,1
SF,IC2003,2020-01-03 10:23:58.400,5358.4000,53829,0,3769277280.000,0,-,-,-,-,5357.2000,5357.0000,5356.8000,5356.2000,5356.0000,5358.6000,5359.0000,5359.4000,5359.8000,5361.8000,1,1,1,2,1,1,1,2,1,1
SF,IC2003,2020-01-03 10:23:58.900,5358.4000,53829,0,3769277280.000,0,-,-,-,-,5357.4000,5357.2000,5357.0000,5356.8000,5356.2000,5358.2000,5358.4000,5358.6000,5359.4000,5359.8000,1,1,1,1,2,1,2,1,2,1
SF,IC2003,2020-01-03 10:23:59.400,5358.4000,53829,0,3769277280.000,0,-,-,-,-,5357.4000,5357.2000,5357.0000,5356.8000,5356.2000,5358.4000,5358.6000,5359.4000,5359.8000,5361.8000,1,1,1,1,2,2,1,2,1,1
SF,IC2003,2020-01-03 10:24:00.400,5357.4000,53829,0,3770348760.000,1,0,1,多换,S,5357.2000,5357.0000,5356.8000,5356.2000,5356.0000,5358.4000,5358.6000,5359.4000,5359.8000,5361.8000,1,1,1,2,1,2,1,2,1,1
SF,IC2003,2020-01-03 10:24:00.900,5357.4000,53829,0,3770348760.000,0,-,-,-,-,5357.2000,5357.0000,5356.8000,5356.2000,5356.0000,5358.4000,5358.6000,5359.4000,5359.8000,5361.8000,1,1,1,2,1,1,1,2,1,1
SF,IC2003,2020-01-03 10:24:02.400,5357.4000,53829,0,3770348760.000,0,-,-,-,-,5357.2000,5357.0000,5356.8000,5356.2000,5356.0000,5357.4000,5358.6000,5359.4000,5359.8000,5361.8000,1,1,1,2,1,1,1,2,1,1
SF,IC2003,2020-01-03 10:24:02.900,5357.4000,53826,-3,3773563200.000,3,0,3,双平,S,5357.4000,5357.2000,5357.0000,5356.8000,5356.2000,5358.6000,5359.4000,5359.8000,5361.8000,5363.0000,2,1,1,1,2,1,2,1,1,3
SF,IC2003,2020-01-03 10:24:05.400,5357.4000,53825,-1,3774634680.000,1,0,1,双平,S,5357.4000,5357.2000,5357.0000,5356.8000,5356.2000,5358.0000,5358.6000,5359.4000,5361.8000,5363.0000,1,1,1,1,2,1,1,2,1,3
SF,IC2003,2020-01-03 10:24:05.900,5357.4000,53825,0,3774634680.000,0,-,-,-,-,5358.0000,5357.2000,5357.0000,5356.8000,5356.2000,5358.6000,5359.4000,5361.8000,5363.0000,5363.4000,1,1,1,1,2,1,2,1,3,2
SF,IC2003,2020-01-03 10:24:06.400,5357.4000,53825,0,3774634680.000,0,-,-,-,-,5358.0000,5357.2000,5357.0000,5356.8000,5356.2000,5359.4000,5361.8000,5363.0000,5363.4000,5364.0000,1,1,1,1,2,2,1,3,2,1
SF,IC2003,2020-01-03 10:24:06.900,5357.4000,53825,0,3775706160.000,1,0,1,多换,S,5358.0000,5357.0000,5356.8000,5356.2000,5356.0000,5359.4000,5361.8000,5363.0000,5363.4000,5364.0000,2,1,1,2,1,2,1,3,2,1
SF,IC2003,2020-01-03 10:24:07.400,5357.4000,53825,0,3775706160.000,0,-,-,-,-,5358.2000,5358.0000,5357.0000,5356.8000,5356.2000,5359.4000,5361.8000,5363.0000,5363.4000,5364.0000,1,2,1,1,2,2,1,3,2,1
SF,IC2003,2020-01-03 10:24:07.900,5357.4000,53825,0,3775706160.000,0,-,-,-,-,5358.6000,5358.4000,5358.2000,5358.0000,5357.0000,5359.4000,5361.8000,5363.0000,5363.4000,5364.0000,1,1,2,1,1,2,1,3,2,1
SF,IC2003,2020-01-03 10:24:08.400,5359.4000,53824,-1,3777849920.000,2,0,2,多平,S,5358.4000,5358.2000,5357.0000,5356.8000,5356.2000,5361.8000,5363.0000,5363.4000,5364.0000,5364.2000,1,2,1,1,2,1,3,2,1,1
SF,IC2003,2020-01-03 10:24:08.900,5359.4000,53824,0,3777849920.000,0,-,-,-,-,5358.6000,5358.4000,5358.2000,5357.0000,5356.8000,5360.6000,5361.2000,5361.6000,5361.8000,5363.0000,3,1,1,1,1,1,3,4,1,3
SF,IC2003,2020-01-03 10:24:09.400,5359.4000,53824,0,3777849920.000,0,-,-,-,-,5358.6000,5358.4000,5358.2000,5357.0000,5356.8000,5360.4000,5360.6000,5361.2000,5361.6000,5361.8000,2,1,1,1,1,1,2,1,2,1
SF,IC2003,2020-01-03 10:24:09.900,5359.4000,53824,0,3777849920.000,0,-,-,-,-,5358.6000,5358.4000,5358.2000,5357.0000,5356.8000,5360.4000,5360.6000,5361.2000,5361.6000,5361.8000,2,1,1,1,1,1,1,1,2,1
SF,IC2003,2020-01-03 10:24:10.400,5359.4000,53824,0,3777849920.000,0,-,-,-,-,5358.6000,5358.4000,5358.2000,5357.0000,5356.8000,5360.4000,5360.6000,5361.2000,5361.6000,5361.8000,2,1,1,1,1,2,1,1,2,1
SF,IC2003,2020-01-03 10:24:10.900,5359.4000,53824,0,3777849920.000,0,-,-,-,-,5358.6000,5358.4000,5357.0000,5356.8000,5356.2000,5360.4000,5360.6000,5361.2000,5361.6000,5361.8000,1,1,1,1,2,1,1,1,1,1
SF,IC2003,2020-01-03 10:24:11.400,5359.4000,53824,0,3777849920.000,0,-,-,-,-,5358.6000,5358.4000,5357.0000,5356.8000,5356.2000,5360.2000,5360.4000,5360.6000,5361.2000,5361.6000,1,1,1,1,2,1,1,1,1,1
SF,IC2003,2020-01-03 10:24:12.400,5359.4000,53824,0,3777849920.000,0,-,-,-,-,5358.6000,5358.4000,5357.0000,5356.8000,5356.2000,5360.2000,5360.4000,5360.6000,5361.2000,5361.6000,1,1,1,1,2,2,1,1,1,1
SF,IC2003,2020-01-03 10:24:13.400,5359.4000,53824,0,3777849920.000,0,-,-,-,-,5358.6000,5358.4000,5358.2000,5357.0000,5356.8000,5360.2000,5360.4000,5360.6000,5361.2000,5361.6000,1,1,1,1,1,2,1,1,1,1
SF,IC2003,2020-01-03 10:24:13.900,5359.4000,53824,0,3777849920.000,0,-,-,-,-,5358.4000,5358.2000,5357.0000,5356.8000,5356.2000,5360.0000,5360.2000,5360.6000,5361.2000,5361.6000,1,1,1,1,2,1,2,1,1,1
SF,IC2003,2020-01-03 10:24:14.400,5359.4000,53824,0,3777849920.000,0,-,-,-,-,5358.6000,5358.2000,5357.0000,5356.8000,5356.2000,5360.0000,5360.2000,5360.6000,5361.2000,5361.6000,2,1,1,1,2,1,1,1,1,1
SF,IC2003,2020-01-03 10:24:15.900,5359.4000,53824,0,3777849920.000,0,-,-,-,-,5358.6000,5358.4000,5358.2000,5357.0000,5356.8000,5360.0000,5360.2000,5360.6000,5361.2000,5361.6000,2,1,1,1,1,1,1,1,1,1
SF,IC2003,2020-01-03 10:24:16.400,5359.4000,53824,0,3777849920.000,0,-,-,-,-,5358.6000,5358.4000,5358.2000,5357.0000,5356.8000,5360.0000,5360.2000,5361.6000,5361.8000,5363.0000,2,1,1,1,1,1,1,1,1,3
SF,IC2003,2020-01-03 10:24:16.900,5359.4000,53824,0,3777849920.000,0,-,-,-,-,5358.6000,5358.4000,5358.2000,5357.0000,5356.8000,5359.8000,5360.0000,5360.2000,5361.6000,5361.8000,2,1,1,1,1,1,1,1,1,1
SF,IC2003,2020-01-03 10:24:17.900,5359.4000,53824,0,3777849920.000,0,-,-,-,-,5358.6000,5358.4000,5358.2000,5357.0000,5356.8000,5359.8000,5360.2000,5361.6000,5361.8000,5363.0000,2,1,1,1,1,1,1,1,1,3
SF,IC2003,2020-01-03 10:24:21.900,5358.6000,53824,0,3778921640.000,1,0,1,多换,S,5358.6000,5358.2000,5357.0000,5356.8000,5356.2000,5359.8000,5360.2000,5361.6000,5361.8000,5363.0000,1,1,1,1,1,2,1,1,1,3
SF,IC2003,2020-01-03 10:24:22.400,5358.6000,53824,0,3778921640.000,0,-,-,-,-,5358.6000,5358.2000,5357.0000,5356.8000,5356.2000,5359.8000,5360.2000,5361.6000,5361.8000,5363.0000,2,1,1,1,1,2,1,1,1,3
SF,IC2003,2020-01-03 10:24:22.900,5358.6000,53824,0,3778921640.000,0,-,-,-,-,5358.6000,5358.2000,5357.0000,5356.8000,5356.2000,5359.6000,5359.8000,5360.2000,5361.6000,5361.8000,2,1,1,1,1,2,2,1,1,1
SF,IC2003,2020-01-03 10:24:23.400,5358.6000,53823,-1,3781065080.000,2,0,2,多平,S,5358.2000,5357.0000,5356.8000,5356.2000,5356.0000,5358.6000,5359.4000,5359.8000,5360.2000,5361.6000,1,1,1,1,1,2,2,1,1,1
SF,IC2003,2020-01-03 10:24:23.900,5358.2000,53823,0,3782136720.000,1,0,1,多换,S,5357.0000,5356.8000,5356.2000,5356.0000,5355.2000,5359.4000,5359.8000,5360.2000,5361.6000,5361.8000,1,1,1,1,1,2,1,1,1,1
SF,IC2003,2020-01-03 10:24:24.400,5358.2000,53823,0,3782136720.000,0,-,-,-,-,5357.4000,5357.2000,5357.0000,5356.8000,5356.2000,5359.0000,5359.2000,5359.4000,5359.8000,5361.6000,1,1,1,1,1,2,1,1,1,1
SF,IC2003,2020-01-03 10:24:24.900,5358.2000,53823,0,3782136720.000,0,-,-,-,-,5357.6000,5357.4000,5357.0000,5356.8000,5356.2000,5358.8000,5359.2000,5361.6000,5361.8000,5363.0000,1,1,1,1,1,1,1,1,1,3
SF,IC2003,2020-01-03 10:24:27.900,5358.2000,53823,0,3782136720.000,0,-,-,-,-,5357.6000,5357.4000,5357.0000,5356.8000,5356.2000,5358.8000,5359.2000,5361.6000,5361.8000,5363.0000,2,1,1,1,1,1,1,1,1,3
SF,IC2003,2020-01-03 10:24:28.400,5358.2000,53823,0,3782136720.000,0,-,-,-,-,5357.8000,5357.6000,5357.4000,5357.0000,5356.8000,5358.8000,5359.2000,5361.6000,5361.8000,5363.0000,1,2,1,1,1,1,1,1,1,3
SF,IC2003,2020-01-03 10:24:28.900,5358.8000,53822,-1,3783208480.000,1,0,1,双平,S,5357.8000,5357.6000,5357.4000,5357.0000,5356.8000,5359.2000,5361.6000,5361.8000,5363.0000,5363.4000,1,2,1,1,1,1,1,1,3,2
SF,IC2003,2020-01-03 10:24:29.400,5358.8000,53822,0,3783208480.000,0,-,-,-,-,5358.0000,5357.6000,5357.4000,5357.0000,5356.8000,5359.2000,5361.6000,5361.8000,5363.0000,5363.4000,1,1,1,1,1,1,1,1,3,2
SF,IC2003,2020-01-03 10:24:29.900,5358.8000,53822,0,3783208480.000,0,-,-,-,-,5358.0000,5357.6000,5357.4000,5357.0000,5356.8000,5359.2000,5360.0000,5361.6000,5361.8000,5363.0000,1,1,1,1,1,1,1,1,1,3
SF,IC2003,2020-01-03 10:24:30.400,5358.0000,53821,-1,3784280080.000,1,0,1,双平,S,5357.6000,5357.4000,5357.0000,5356.8000,5356.2000,5359.2000,5360.0000,5361.6000,5361.8000,5363.0000,1,1,1,1,1,1,1,1,1,3
SF,IC2003,2020-01-03 10:24:30.900,5358.0000,53821,0,3784280080.000,0,-,-,-,-,5357.6000,5357.4000,5357.0000,5356.8000,5356.2000,5359.0000,5359.2000,5360.0000,5361.6000,5361.8000,1,1,1,1,1,1,1,1,1,1
SF,IC2003,2020-01-03 10:24:31.900,5358.0000,53821,0,3784280080.000,0,-,-,-,-,5357.6000,5357.4000,5357.0000,5356.8000,5356.2000,5359.0000,5359.2000,5360.0000,5361.6000,5361.8000,2,1,1,1,1,1,1,1,1,1
SF,IC2003,2020-01-03 10:24:32.900,5358.0000,53821,0,3784280080.000,0,-,-,-,-,5358.2000,5357.8000,5357.6000,5357.4000,5357.0000,5359.0000,5360.0000,5361.6000,5361.8000,5363.0000,1,2,2,1,1,1,1,1,1,3
SF,IC2003,2020-01-03 10:24:33.400,5359.0000,53820,-1,3785351880.000,1,0,1,双平,S,5359.0000,5357.8000,5357.6000,5357.4000,5357.0000,5360.0000,5361.6000,5361.8000,5363.0000,5363.4000,2,2,2,1,1,1,1,1,3,2
SF,IC2003,2020-01-03 10:24:33.900,5359.0000,53820,0,3785351880.000,0,-,-,-,-,5357.8000,5357.6000,5357.4000,5357.0000,5356.8000,5361.6000,5361.8000,5363.0000,5363.4000,5364.0000,2,2,1,1,1,1,1,3,2,1
SF,IC2003,2020-01-03 10:24:34.400,5359.0000,53820,0,3785351880.000,0,-,-,-,-,5358.4000,5358.2000,5358.0000,5357.8000,5357.6000,5360.8000,5361.0000,5361.2000,5361.4000,5361.6000,1,1,3,2,1,1,3,2,3,1
SF,IC2003,2020-01-03 10:24:34.900,5359.0000,53820,0,3785351880.000,0,-,-,-,-,5359.2000,5358.6000,5358.0000,5357.6000,5357.4000,5360.6000,5361.0000,5361.2000,5361.6000,5361.8000,1,4,1,1,1,1,1,1,1,1
SF,IC2003,2020-01-03 10:24:35.400,5359.0000,53820,0,3785351880.000,0,-,-,-,-,5359.4000,5359.2000,5358.6000,5358.0000,5357.6000,5360.6000,5361.0000,5361.6000,5361.8000,5363.0000,1,1,3,1,1,1,1,1,1,3
SF,IC2003,2020-01-03 10:24:35.900,5359.0000,53820,0,3785351880.000,0,-,-,-,-,5359.4000,5359.2000,5358.8000,5358.6000,5357.6000,5360.8000,5361.0000,5361.6000,5361.8000,5363.0000,2,1,1,3,1,1,1,1,1,3
SF,IC2003,2020-01-03 10:24:36.400,5359.0000,53820,0,3785351880.000,0,-,-,-,-,5359.4000,5359.2000,5358.8000,5358.6000,5357.6000,5361.0000,5361.6000,5361.8000,5363.0000,5363.4000,2,1,1,3,1,1,1,1,3,2
SF,IC2003,2020-01-03 10:24:36.900,5359.0000,53820,0,3785351880.000,0,-,-,-,-,5359.4000,5359.2000,5358.8000,5358.6000,5357.6000,5361.0000,5361.2000,5361.6000,5361.8000,5363.0000,2,1,1,3,1,1,1,1,1,3
SF,IC2003,2020-01-03 10:24:37.400,5359.0000,53820,0,3785351880.000,0,-,-,-,-,5359.8000,5359.4000,5358.8000,5358.6000,5357.6000,5361.2000,5361.6000,5361.8000,5363.0000,5363.4000,1,2,1,1,1,1,1,1,3,2
SF,IC2003,2020-01-03 10:24:37.900,5359.0000,53820,0,3785351880.000,0,-,-,-,-,5360.0000,5359.8000,5359.4000,5358.8000,5358.6000,5361.2000,5361.8000,5363.0000,5363.4000,5364.0000,1,1,1,1,1,1,1,3,2,1
SF,IC2003,2020-01-03 10:24:38.400,5359.0000,53820,0,3785351880.000,0,-,-,-,-,5360.0000,5359.8000,5359.4000,5358.6000,5357.6000,5361.8000,5363.0000,5363.4000,5364.0000,5364.2000,1,1,1,1,1,1,3,2,1,1
SF,IC2003,2020-01-03 10:24:38.900,5359.0000,53820,0,3785351880.000,0,-,-,-,-,5359.8000,5358.6000,5357.6000,5357.4000,5357.0000,5361.4000,5361.6000,5361.8000,5363.0000,5363.4000,1,1,1,1,2,2,2,1,3,2
SF,IC2003,2020-01-03 10:24:39.400,5359.0000,53820,0,3785351880.000,0,-,-,-,-,5359.8000,5358.6000,5357.6000,5357.4000,5357.0000,5361.2000,5361.8000,5363.0000,5363.4000,5364.0000,1,1,1,1,2,1,1,3,2,1
SF,IC2003,2020-01-03 10:24:39.900,5359.0000,53820,0,3785351880.000,0,-,-,-,-,5359.8000,5358.6000,5357.6000,5357.4000,5357.0000,5361.2000,5361.8000,5363.0000,5363.4000,5364.0000,1,1,1,1,2,2,1,3,2,1
SF,IC2003,2020-01-03 10:24:40.400,5359.0000,53820,0,3785351880.000,0,-,-,-,-,5357.6000,5357.4000,5357.0000,5356.8000,5356.2000,5361.0000,5361.2000,5361.8000,5363.0000,5363.4000,1,1,2,1,1,1,1,1,3,2
SF,IC2003,2020-01-03 10:24:40.900,5359.0000,53820,0,3785351880.000,0,-,-,-,-,5358.6000,5358.4000,5358.2000,5357.8000,5357.6000,5360.8000,5361.0000,5361.8000,5363.0000,5363.4000,1,1,1,6,1,4,1,1,3,2
SF,IC2003,2020-01-03 10:24:41.400,5359.0000,53820,0,3785351880.000,0,-,-,-,-,5359.2000,5358.8000,5358.4000,5358.2000,5357.8000,5360.8000,5361.0000,5361.8000,5363.0000,5363.4000,1,2,1,1,3,3,1,1,3,2
SF,IC2003,2020-01-03 10:24:41.900,5359.0000,53820,0,3785351880.000,0,-,-,-,-,5359.2000,5358.8000,5358.4000,5358.2000,5357.8000,5360.8000,5361.0000,5361.8000,5363.0000,5363.4000,1,1,1,1,1,1,1,1,3,2
SF,IC2003,2020-01-03 10:24:42.400,5359.0000,53820,0,3785351880.000,0,-,-,-,-,5359.4000,5359.2000,5357.8000,5357.6000,5357.4000,5360.8000,5361.0000,5361.8000,5363.0000,5363.4000,1,1,1,1,1,1,1,1,3,2
SF,IC2003,2020-01-03 10:24:43.400,5359.0000,53820,0,3785351880.000,0,-,-,-,-,5359.4000,5357.8000,5357.6000,5357.4000,5357.0000,5360.8000,5361.8000,5363.0000,5363.4000,5364.0000,1,1,1,1,2,2,1,3,2,1
SF,IC2003,2020-01-03 10:24:43.900,5359.0000,53820,0,3785351880.000,0,-,-,-,-,5357.8000,5357.6000,5357.4000,5357.0000,5356.8000,5360.6000,5360.8000,5361.8000,5363.0000,5363.4000,1,1,1,2,1,1,2,1,3,2
SF,IC2003,2020-01-03 10:24:44.400,5359.0000,53820,0,3785351880.000,0,-,-,-,-,5358.0000,5357.6000,5357.4000,5357.0000,5356.8000,5360.2000,5360.4000,5360.6000,5360.8000,5361.8000,2,1,1,2,1,1,4,1,1,1
SF,IC2003,2020-01-03 10:24:44.900,5359.0000,53820,0,3785351880.000,0,-,-,-,-,5358.0000,5357.6000,5357.4000,5357.0000,5356.8000,5360.0000,5360.2000,5360.4000,5360.6000,5360.8000,1,1,1,2,1,1,1,1,1,1
SF,IC2003,2020-01-03 10:24:45.400,5359.0000,53820,0,3785351880.000,0,-,-,-,-,5357.6000,5357.4000,5357.0000,5356.8000,5356.2000,5359.6000,5359.8000,5360.0000,5360.4000,5361.8000,1,1,2,1,1,1,4,2,1,1
SF,IC2003,2020-01-03 10:24:45.900,5359.0000,53820,0,3785351880.000,0,-,-,-,-,5357.8000,5357.6000,5357.4000,5357.0000,5356.8000,5359.4000,5359.6000,5359.8000,5360.0000,5360.4000,1,1,1,2,1,3,1,1,1,1
SF,IC2003,2020-01-03 10:24:46.400,5359.0000,53820,0,3785351880.000,0,-,-,-,-,5357.8000,5357.6000,5357.4000,5357.0000,5356.8000,5359.4000,5359.6000,5359.8000,5360.0000,5360.4000,1,1,1,2,1,1,1,1,1,1
SF,IC2003,2020-01-03 10:24:46.900,5359.0000,53820,0,3785351880.000,0,-,-,-,-,5357.8000,5357.6000,5357.4000,5357.0000,5356.8000,5359.4000,5359.8000,5360.0000,5360.4000,5361.8000,1,1,1,2,1,1,1,1,1,1
SF,IC2003,2020-01-03 10:24:47.400,5359.0000,53820,0,3785351880.000,0,-,-,-,-,5357.8000,5357.6000,5357.4000,5357.0000,5356.8000,5359.4000,5359.6000,5359.8000,5360.0000,5360.4000,1,1,1,2,1,1,1,1,1,1
SF,IC2003,2020-01-03 10:24:47.900,5359.0000,53820,0,3785351880.000,0,-,-,-,-,5357.8000,5357.6000,5357.4000,5357.0000,5356.8000,5359.4000,5359.6000,5359.8000,5360.4000,5361.8000,1,1,1,2,1,1,1,1,1,1
SF,IC2003,2020-01-03 10:24:49.900,5359.0000,53820,0,3785351880.000,0,-,-,-,-,5358.0000,5357.8000,5357.6000,5357.4000,5357.0000,5359.4000,5359.6000,5359.8000,5360.4000,5361.8000,1,1,1,1,2,1,1,1,1,1
SF,IC2003,2020-01-03 10:24:50.400,5359.0000,53820,0,3785351880.000,0,-,-,-,-,5358.2000,5358.0000,5357.6000,5357.4000,5357.0000,5359.4000,5359.8000,5360.4000,5361.8000,5363.0000,1,1,1,1,2,1,1,1,1,3
SF,IC2003,2020-01-03 10:24:50.900,5359.0000,53820,0,3785351880.000,0,-,-,-,-,5358.0000,5357.6000,5357.4000,5357.0000,5356.8000,5359.4000,5359.8000,5360.4000,5361.8000,5363.0000,1,1,1,2,1,1,1,1,1,3
SF,IC2003,2020-01-03 10:24:51.400,5359.0000,53820,0,3785351880.000,0,-,-,-,-,5358.2000,5358.0000,5357.6000,5357.4000,5357.0000,5359.4000,5359.8000,5360.4000,5361.8000,5363.0000,1,1,1,1,2,1,1,1,1,3
SF,IC2003,2020-01-03 10:24:52.400,5359.0000,53820,0,3785351880.000,0,-,-,-,-,5358.2000,5358.0000,5357.6000,5357.4000,5357.0000,5359.4000,5359.8000,5360.4000,5361.8000,5363.0000,2,1,1,1,2,2,1,1,1,3
SF,IC2003,2020-01-03 10:24:52.900,5358.2000,53819,-1,3786423520.000,1,0,1,双平,S,5357.6000,5357.4000,5357.0000,5356.8000,5356.2000,5359.4000,5359.8000,5360.4000,5361.8000,5363.0000,1,1,2,1,1,2,1,1,1,3
SF,IC2003,2020-01-03 10:24:53.400,5358.2000,53819,0,3786423520.000,0,-,-,-,-,5357.8000,5357.6000,5357.4000,5357.0000,5356.8000,5359.0000,5359.2000,5359.4000,5359.8000,5360.4000,1,1,1,2,1,2,1,2,1,1
SF,IC2003,2020-01-03 10:24:53.900,5358.2000,53819,0,3786423520.000,0,-,-,-,-,5357.8000,5357.6000,5357.4000,5357.0000,5356.8000,5358.8000,5359.4000,5359.8000,5360.4000,5361.8000,1,1,1,2,1,1,1,1,1,1
SF,IC2003,2020-01-03 10:24:54.400,5358.2000,53819,0,3786423520.000,0,-,-,-,-,5357.8000,5357.6000,5357.4000,5357.0000,5356.8000,5359.2000,5359.8000,5360.4000,5361.8000,5363.0000,1,1,1,2,1,1,1,1,1,3
SF,IC2003,2020-01-03 10:24:54.900,5358.2000,53819,0,3786423520.000,0,-,-,-,-,5358.0000,5357.8000,5357.6000,5357.4000,5357.0000,5359.0000,5359.6000,5359.8000,5360.4000,5361.8000,1,1,1,1,2,1,2,1,1,1
SF,IC2003,2020-01-03 10:24:55.400,5358.2000,53819,0,3786423520.000,0,-,-,-,-,5358.0000,5357.6000,5357.4000,5357.0000,5356.8000,5358.8000,5359.0000,5359.6000,5359.8000,5360.4000,1,1,1,2,1,1,1,1,1,1
SF,IC2003,2020-01-03 10:24:56.400,5358.2000,53819,0,3786423520.000,0,-,-,-,-,5358.0000,5357.6000,5357.4000,5357.0000,5356.8000,5358.8000,5359.0000,5359.6000,5359.8000,5360.4000,1,1,1,2,1,1,1,1,1,1
SF,IC2003,2020-01-03 10:24:56.900,5358.2000,53819,0,3786423520.000,0,-,-,-,-,5358.2000,5358.0000,5357.6000,5357.4000,5357.0000,5358.8000,5359.0000,5359.6000,5359.8000,5360.2000,1,1,1,1,2,1,1,1,1,2
SF,IC2003,2020-01-03 10:24:58.400,5358.2000,53819,0,3786423520.000,0,-,-,-,-,5358.2000,5357.6000,5357.4000,5357.0000,5356.8000,5358.8000,5359.0000,5359.6000,5359.8000,5360.2000,1,1,1,2,1,1,1,1,1,2
SF,IC2003,2020-01-03 10:24:58.900,5358.2000,53819,0,3786423520.000,0,-,-,-,-,5358.2000,5357.6000,5357.4000,5357.0000,5356.8000,5358.8000,5359.6000,5359.8000,5360.2000,5360.4000,1,1,1,2,1,1,1,1,2,1
SF,IC2003,2020-01-03 10:24:59.400,5358.2000,53819,0,3786423520.000,0,-,-,-,-,5358.2000,5357.6000,5357.4000,5357.0000,5356.8000,5358.6000,5359.4000,5359.6000,5359.8000,5360.2000,1,1,1,2,1,1,1,1,1,2
SF,IC2003,2020-01-03 10:24:59.900,5358.6000,53818,-1,3787495240.000,1,0,1,双平,S,5358.2000,5357.6000,5357.4000,5357.0000,5356.8000,5359.8000,5360.0000,5360.2000,5360.4000,5361.8000,1,1,1,2,1,1,1,2,1,1
SF,IC2003,2020-01-03 10:25:00.400,5358.6000,53818,0,3787495240.000,0,-,-,-,-,5358.4000,5358.2000,5357.6000,5357.4000,5357.0000,5359.6000,5359.8000,5360.0000,5360.2000,5360.4000,1,1,1,1,2,1,1,1,2,1
SF,IC2003,2020-01-03 10:25:00.900,5358.6000,53818,0,3787495240.000,0,-,-,-,-,5358.4000,5358.2000,5357.6000,5357.4000,5357.0000,5359.6000,5359.8000,5360.0000,5360.2000,5361.8000,1,1,1,1,2,2,1,1,2,1
SF,IC2003,2020-01-03 10:25:01.400,5358.6000,53818,0,3787495240.000,0,-,-,-,-,5358.4000,5358.2000,5357.6000,5357.4000,5357.0000,5359.0000,5359.4000,5359.6000,5359.8000,5360.0000,1,1,1,1,2,1,1,2,1,1
SF,IC2003,2020-01-03 10:25:01.900,5358.4000,53817,-1,3788566920.000,1,0,1,双平,S,5358.2000,5357.6000,5357.4000,5357.0000,5356.8000,5358.8000,5359.4000,5359.6000,5359.8000,5360.0000,1,1,1,2,1,1,1,1,1,1
SF,IC2003,2020-01-03 10:25:02.400,5358.4000,53817,0,3788566920.000,0,-,-,-,-,5358.2000,5357.6000,5357.4000,5357.0000,5356.8000,5359.2000,5359.4000,5359.8000,5360.0000,5360.2000,1,1,1,2,1,1,1,1,1,2
SF,IC2003,2020-01-03 10:25:06.400,5359.4000,53817,0,3790710640.000,2,1,1,多换,S,5359.0000,5358.2000,5357.6000,5357.4000,5357.0000,5359.8000,5360.0000,5360.2000,5361.8000,5363.0000,2,1,1,1,2,1,1,2,1,3
SF,IC2003,2020-01-03 10:25:06.900,5359.4000,53817,0,3790710640.000,0,-,-,-,-,5359.4000,5359.2000,5358.2000,5357.6000,5357.4000,5360.0000,5360.2000,5361.8000,5363.0000,5363.4000,1,1,1,1,1,1,2,1,3,2
SF,IC2003,2020-01-03 10:25:10.400,5359.4000,53817,0,3791782520.000,1,0,1,多换,S,5359.2000,5358.2000,5357.6000,5357.4000,5357.0000,5360.0000,5360.2000,5361.8000,5363.0000,5363.4000,1,1,1,1,2,1,2,1,3,2
SF,IC2003,2020-01-03 10:25:11.400,5360.2000,53814,-3,3794998600.000,3,0,3,双平,S,5360.0000,5359.2000,5358.2000,5357.6000,5357.0000,5361.8000,5363.0000,5363.4000,5364.0000,5364.2000,2,1,1,1,2,1,3,2,1,1
SF,IC2003,2020-01-03 10:25:11.900,5360.2000,53814,0,3794998600.000,0,-,-,-,-,5360.2000,5359.4000,5358.2000,5357.6000,5357.0000,5361.4000,5361.6000,5361.8000,5363.0000,5363.4000,2,1,1,1,2,2,2,1,3,2
SF,IC2003,2020-01-03 10:25:12.400,5360.2000,53814,0,3794998600.000,0,-,-,-,-,5360.2000,5359.4000,5358.2000,5357.6000,5357.0000,5361.2000,5361.6000,5361.8000,5363.0000,5363.4000,2,1,1,1,2,1,1,1,3,2
SF,IC2003,2020-01-03 10:25:13.400,5361.2000,53815,1,3796070840.000,1,1,0,双开,S,5360.2000,5359.4000,5358.2000,5357.6000,5357.0000,5361.2000,5361.8000,5363.0000,5363.4000,5364.0000,2,1,1,1,2,1,1,3,2,1
SF,IC2003,2020-01-03 10:25:13.900,5361.2000,53816,1,3797143080.000,1,1,0,双开,S,5360.2000,5359.4000,5358.2000,5357.6000,5357.0000,5361.4000,5361.8000,5363.0000,5363.4000,5364.0000,2,1,1,1,2,1,1,3,2,1
SF,IC2003,2020-01-03 10:25:14.400,5361.4000,53816,0,3798215360.000,1,0,1,多换,S,5360.6000,5360.4000,5360.2000,5359.4000,5358.2000,5361.4000,5361.8000,5363.0000,5363.4000,5364.0000,1,1,2,1,1,1,1,3,2,1
SF,IC2003,2020-01-03 10:25:14.900,5361.4000,53816,0,3799287640.000,1,0,1,多换,S,5360.8000,5360.6000,5360.4000,5359.4000,5358.2000,5361.8000,5363.0000,5363.4000,5364.0000,5364.2000,1,1,1,1,1,1,3,2,1,1
SF,IC2003,2020-01-03 10:25:15.900,5360.8000,53816,0,3800359800.000,1,0,1,多换,S,5360.4000,5359.4000,5358.2000,5357.6000,5357.0000,5361.8000,5363.0000,5363.4000,5364.0000,5364.2000,1,1,1,1,2,1,3,2,1,1
SF,IC2003,2020-01-03 10:25:16.400,5360.8000,53816,0,3800359800.000,0,-,-,-,-,5359.4000,5358.2000,5357.6000,5357.0000,5356.8000,5361.6000,5361.8000,5363.0000,5363.4000,5364.0000,1,1,1,2,1,2,2,3,2,1
SF,IC2003,2020-01-03 10:25:16.900,5360.8000,53816,0,3800359800.000,0,-,-,-,-,5359.6000,5359.4000,5358.2000,5357.6000,5357.0000,5361.6000,5361.8000,5363.0000,5363.4000,5364.0000,1,1,1,1,2,1,2,3,2,1
SF,IC2003,2020-01-03 10:25:17.400,5360.8000,53816,0,3800359800.000,0,-,-,-,-,5359.6000,5359.4000,5358.2000,5357.6000,5357.0000,5361.4000,5361.6000,5361.8000,5363.0000,5363.4000,1,1,1,1,2,3,1,2,3,2
SF,IC2003,2020-01-03 10:25:17.900,5360.8000,53816,0,3800359800.000,0,-,-,-,-,5359.6000,5359.4000,5358.2000,5357.6000,5357.0000,5361.2000,5361.8000,5363.0000,5363.4000,5364.0000,1,1,1,1,2,1,2,3,2,1
SF,IC2003,2020-01-03 10:25:18.400,5360.8000,53816,0,3800359800.000,0,-,-,-,-,5359.6000,5359.4000,5358.2000,5357.6000,5357.0000,5361.2000,5361.8000,5363.0000,5363.4000,5364.0000,1,1,1,1,2,2,1,3,2,1
SF,IC2003,2020-01-03 10:25:18.900,5360.8000,53816,0,3800359800.000,0,-,-,-,-,5359.6000,5359.4000,5358.2000,5357.6000,5357.0000,5361.0000,5361.2000,5361.8000,5363.0000,5363.4000,1,1,1,1,2,1,1,1,3,2
SF,IC2003,2020-01-03 10:25:19.400,5360.8000,53816,0,3800359800.000,0,-,-,-,-,5359.6000,5359.4000,5358.2000,5357.6000,5357.0000,5361.2000,5361.8000,5363.0000,5363.4000,5364.0000,1,1,1,1,2,1,1,3,2,1
SF,IC2003,2020-01-03 10:25:19.900,5360.8000,53816,0,3800359800.000,0,-,-,-,-,5359.6000,5359.4000,5358.2000,5357.6000,5357.0000,5361.0000,5361.2000,5361.8000,5363.0000,5363.4000,1,1,1,1,2,1,2,1,3,2
SF,IC2003,2020-01-03 10:25:20.400,5360.8000,53816,0,3800359800.000,0,-,-,-,-,5360.2000,5359.6000,5359.4000,5358.2000,5357.6000,5361.0000,5361.2000,5361.8000,5363.0000,5363.4000,1,1,1,1,1,2,2,1,3,2
SF,IC2003,2020-01-03 10:25:20.900,5360.2000,53816,0,3801431840.000,1,0,1,多换,S,5359.6000,5359.4000,5358.2000,5357.6000,5357.0000,5360.2000,5360.8000,5361.0000,5361.2000,5361.8000,1,1,1,1,2,3,1,2,2,1
SF,IC2003,2020-01-03 10:25:21.400,5360.2000,53816,0,3801431840.000,0,-,-,-,-,5359.4000,5358.2000,5357.6000,5357.0000,5356.8000,5360.2000,5360.8000,5361.0000,5361.2000,5361.8000,1,1,1,2,1,3,1,2,2,1
SF,IC2003,2020-01-03 10:25:21.900,5360.2000,53816,0,3802503880.000,1,0,1,多换,S,5359.4000,5358.2000,5357.6000,5357.0000,5356.8000,5360.2000,5360.8000,5361.0000,5361.2000,5361.8000,1,1,1,2,1,2,1,2,1,1
SF,IC2003,2020-01-03 10:25:23.400,5360.2000,53816,0,3802503880.000,0,-,-,-,-,5359.4000,5358.2000,5357.6000,5357.0000,5356.8000,5360.8000,5361.0000,5361.2000,5361.8000,5362.4000,1,1,1,2,1,1,2,1,1,1
SF,IC2003,2020-01-03 10:25:23.900,5360.2000,53816,0,3802503880.000,0,-,-,-,-,5359.4000,5358.2000,5357.6000,5357.0000,5356.8000,5360.6000,5360.8000,5361.8000,5362.4000,5363.0000,1,1,1,2,1,1,1,1,1,3
SF,IC2003,2020-01-03 10:25:24.400,5360.2000,53816,0,3802503880.000,0,-,-,-,-,5359.4000,5358.2000,5357.6000,5357.0000,5356.8000,5360.6000,5360.8000,5361.8000,5362.4000,5363.0000,1,1,1,2,1,2,1,1,1,3
SF,IC2003,2020-01-03 10:25:24.900,5360.2000,53816,0,3802503880.000,0,-,-,-,-,5359.4000,5358.2000,5357.6000,5357.0000,5356.8000,5360.6000,5360.8000,5361.8000,5362.4000,5363.0000,1,1,1,2,1,1,1,1,1,3
SF,IC2003,2020-01-03 10:25:25.400,5360.2000,53816,0,3802503880.000,0,-,-,-,-,5359.4000,5358.2000,5357.6000,5357.0000,5356.8000,5360.6000,5360.8000,5361.8000,5362.4000,5363.0000,1,1,1,2,1,2,1,1,1,3
SF,IC2003,2020-01-03 10:25:25.900,5360.2000,53816,0,3802503880.000,0,-,-,-,-,5359.4000,5358.2000,5357.6000,5357.0000,5356.8000,5360.6000,5360.8000,5361.8000,5362.4000,5363.0000,1,1,1,2,1,1,1,1,1,3
SF,IC2003,2020-01-03 10:25:26.400,5360.2000,53816,0,3802503880.000,0,-,-,-,-,5359.4000,5358.2000,5357.6000,5357.0000,5356.8000,5360.6000,5360.8000,5361.8000,5362.4000,5362.8000,1,1,1,2,1,2,1,1,1,1
SF,IC2003,2020-01-03 10:25:26.900,5360.2000,53816,0,3802503880.000,0,-,-,-,-,5359.4000,5358.2000,5357.6000,5357.0000,5356.8000,5360.4000,5360.6000,5360.8000,5361.8000,5362.4000,1,1,1,2,1,1,1,1,1,1
SF,IC2003,2020-01-03 10:25:27.400,5360.2000,53816,0,3802503880.000,0,-,-,-,-,5359.4000,5358.2000,5357.6000,5357.0000,5356.8000,5360.4000,5360.6000,5360.8000,5361.8000,5362.4000,1,1,1,2,1,2,1,1,1,1
SF,IC2003,2020-01-03 10:25:27.900,5360.2000,53816,0,3802503880.000,0,-,-,-,-,5359.4000,5358.2000,5357.6000,5357.0000,5356.8000,5360.6000,5360.8000,5361.8000,5362.4000,5362.8000,1,1,1,2,1,1,1,1,1,1
SF,IC2003,2020-01-03 10:25:28.400,5360.2000,53816,0,3802503880.000,0,-,-,-,-,5359.6000,5359.4000,5358.2000,5357.6000,5357.0000,5360.4000,5361.8000,5362.4000,5362.8000,5363.0000,1,1,1,1,2,1,1,1,1,3
SF,IC2003,2020-01-03 10:25:28.900,5360.2000,53816,0,3802503880.000,0,-,-,-,-,5359.6000,5359.4000,5358.2000,5357.6000,5357.0000,5361.8000,5362.4000,5362.8000,5363.0000,5363.4000,1,1,1,1,2,1,1,1,3,2
SF,IC2003,2020-01-03 10:25:29.400,5359.6000,53814,-2,3804647720.000,2,0,2,双平,S,5359.4000,5358.2000,5357.6000,5357.0000,5356.8000,5359.6000,5361.6000,5361.8000,5362.4000,5362.8000,1,1,1,2,1,2,2,1,1,1
SF,IC2003,2020-01-03 10:25:29.900,5359.6000,53813,-1,3806791560.000,2,0,2,多平,S,5359.8000,5359.6000,5359.4000,5358.2000,5357.6000,5361.6000,5361.8000,5362.4000,5362.8000,5363.0000,2,7,1,1,1,2,1,1,1,3
SF,IC2003,2020-01-03 10:25:30.400,5359.6000,53813,0,3806791560.000,0,-,-,-,-,5360.0000,5359.8000,5359.6000,5359.4000,5358.2000,5361.6000,5361.8000,5362.4000,5362.8000,5363.0000,1,1,4,1,1,2,1,1,1,3
SF,IC2003,2020-01-03 10:25:30.900,5359.6000,53813,0,3806791560.000,0,-,-,-,-,5360.0000,5359.8000,5359.6000,5359.4000,5358.2000,5361.6000,5361.8000,5362.4000,5362.8000,5363.0000,1,1,4,1,1,1,1,1,1,3
SF,IC2003,2020-01-03 10:25:31.400,5359.6000,53813,0,3806791560.000,0,-,-,-,-,5359.6000,5359.4000,5358.2000,5357.6000,5357.0000,5361.6000,5361.8000,5362.4000,5362.8000,5363.0000,4,1,1,1,2,2,1,1,1,3
SF,IC2003,2020-01-03 10:25:31.900,5359.6000,53813,0,3806791560.000,0,-,-,-,-,5359.8000,5359.6000,5359.4000,5359.0000,5358.2000,5361.6000,5361.8000,5362.4000,5362.8000,5363.0000,1,4,1,1,1,1,1,1,1,3
SF,IC2003,2020-01-03 10:25:32.400,5359.6000,53813,0,3806791560.000,0,-,-,-,-,5359.8000,5359.6000,5359.4000,5358.2000,5357.6000,5361.6000,5361.8000,5362.4000,5362.8000,5363.0000,1,4,1,1,1,2,1,1,1,3
SF,IC2003,2020-01-03 10:25:32.900,5359.6000,53813,0,3806791560.000,0,-,-,-,-,5360.0000,5359.8000,5359.6000,5359.4000,5358.2000,5361.6000,5361.8000,5362.4000,5362.8000,5363.0000,1,1,4,1,1,1,1,1,1,3
SF,IC2003,2020-01-03 10:25:33.400,5359.6000,53813,0,3806791560.000,0,-,-,-,-,5360.2000,5360.0000,5359.6000,5359.4000,5358.2000,5361.6000,5361.8000,5362.4000,5362.8000,5363.0000,1,1,4,1,1,2,1,1,1,3
SF,IC2003,2020-01-03 10:25:33.900,5359.6000,53813,0,3806791560.000,0,-,-,-,-,5360.2000,5360.0000,5359.6000,5359.4000,5358.2000,5361.6000,5361.8000,5362.4000,5362.8000,5363.0000,1,1,4,1,1,1,1,1,1,3
SF,IC2003,2020-01-03 10:25:34.400,5360.2000,53812,-1,3807863600.000,1,0,1,双平,S,5360.0000,5359.6000,5359.4000,5358.2000,5357.6000,5361.6000,5361.8000,5362.4000,5362.8000,5363.0000,1,4,1,1,1,2,1,1,1,3
SF,IC2003,2020-01-03 10:25:34.900,5360.2000,53812,0,3807863600.000,0,-,-,-,-,5360.0000,5359.6000,5359.4000,5358.2000,5357.6000,5361.6000,5361.8000,5362.4000,5362.8000,5363.0000,1,4,1,2,1,1,1,1,1,3
SF,IC2003,2020-01-03 10:25:35.400,5360.2000,53812,0,3807863600.000,0,-,-,-,-,5360.0000,5359.6000,5359.4000,5358.2000,5357.6000,5361.4000,5361.6000,5361.8000,5362.4000,5362.8000,1,4,1,2,1,2,1,1,1,1
SF,IC2003,2020-01-03 10:25:35.900,5360.0000,53811,-1,3808935600.000,1,0,1,双平,S,5359.6000,5359.4000,5358.2000,5357.6000,5357.0000,5361.4000,5361.6000,5361.8000,5362.4000,5362.8000,3,1,2,1,2,1,1,1,1,1
SF,IC2003,2020-01-03 10:25:36.400,5360.0000,53811,0,3808935600.000,0,-,-,-,-,5359.6000,5359.4000,5358.2000,5357.6000,5357.0000,5361.2000,5361.4000,5361.8000,5362.4000,5362.8000,3,1,2,1,2,2,1,1,1,1
SF,IC2003,2020-01-03 10:25:36.900,5360.0000,53811,0,3808935600.000,0,-,-,-,-,5359.6000,5359.4000,5358.2000,5357.6000,5357.0000,5361.0000,5361.2000,5361.8000,5362.4000,5362.8000,3,1,2,1,2,1,1,1,1,1
SF,IC2003,2020-01-03 10:25:37.400,5361.8000,53813,2,3813224560.000,4,3,1,空开,S,5359.6000,5359.4000,5358.2000,5357.6000,5357.0000,5362.4000,5362.8000,5363.0000,5363.4000,5364.0000,3,1,2,1,2,1,1,3,2,1
SF,IC2003,2020-01-03 10:25:37.900,5361.8000,53813,0,3813224560.000,0,-,-,-,-,5359.8000,5359.6000,5359.4000,5358.2000,5357.6000,5362.0000,5362.2000,5362.4000,5362.8000,5363.0000,2,1,1,2,1,1,2,1,1,3
SF,IC2003,2020-01-03 10:25:38.400,5361.8000,53813,0,3813224560.000,0,-,-,-,-,5360.0000,5359.8000,5359.6000,5359.4000,5358.2000,5361.8000,5362.0000,5362.2000,5362.4000,5362.8000,1,1,1,1,2,1,1,1,1,1
SF,IC2003,2020-01-03 10:25:38.900,5360.2000,53812,-1,3814296600.000,1,0,1,双平,S,5360.0000,5359.6000,5359.4000,5358.2000,5357.6000,5361.4000,5361.8000,5362.0000,5362.2000,5362.4000,1,1,1,2,1,1,1,1,1,1
SF,IC2003,2020-01-03 10:25:39.400,5360.2000,53812,0,3814296600.000,0,-,-,-,-,5360.0000,5359.6000,5359.4000,5358.2000,5357.6000,5361.2000,5362.0000,5362.2000,5362.4000,5362.8000,1,1,1,2,1,1,1,1,1,1
SF,IC2003,2020-01-03 10:25:39.900,5360.2000,53812,0,3814296600.000,0,-,-,-,-,5359.6000,5359.4000,5358.2000,5357.6000,5357.0000,5361.2000,5362.2000,5362.4000,5362.8000,5363.0000,1,1,2,1,2,1,1,1,1,3
SF,IC2003,2020-01-03 10:25:42.900,5360.2000,53812,0,3814296600.000,0,-,-,-,-,5359.6000,5359.4000,5359.0000,5358.2000,5357.6000,5361.2000,5362.2000,5362.4000,5362.8000,5363.0000,1,1,1,2,1,2,1,1,1,3
SF,IC2003,2020-01-03 10:25:43.400,5361.2000,53811,-1,3815368840.000,1,0,1,双平,S,5359.6000,5359.4000,5359.0000,5358.2000,5357.6000,5361.2000,5362.2000,5362.4000,5362.8000,5363.0000,1,1,1,2,1,1,1,1,1,3
SF,IC2003,2020-01-03 10:25:43.900,5361.2000,53811,0,3815368840.000,0,-,-,-,-,5359.6000,5359.4000,5359.0000,5358.2000,5357.6000,5361.0000,5361.2000,5362.2000,5362.4000,5362.8000,1,1,1,2,1,2,1,1,1,1
SF,IC2003,2020-01-03 10:25:45.900,5361.2000,53811,0,3815368840.000,0,-,-,-,-,5359.6000,5359.4000,5359.0000,5358.2000,5357.6000,5361.0000,5362.2000,5362.4000,5362.8000,5363.0000,1,1,1,2,1,2,1,1,1,3
SF,IC2003,2020-01-03 10:25:49.400,5361.2000,53811,0,3815368840.000,0,-,-,-,-,5359.8000,5359.6000,5359.4000,5359.0000,5358.2000,5361.0000,5362.2000,5362.4000,5362.8000,5363.0000,1,1,1,1,2,2,1,1,1,3
SF,IC2003,2020-01-03 10:25:49.900,5361.2000,53811,0,3815368840.000,0,-,-,-,-,5360.8000,5360.6000,5360.0000,5359.8000,5359.6000,5361.0000,5362.2000,5362.4000,5362.8000,5363.0000,2,4,1,1,1,1,1,1,1,3
SF,IC2003,2020-01-03 10:25:50.400,5361.0000,53812,1,3816441040.000,1,1,0,双开,S,5359.4000,5359.0000,5358.2000,5357.6000,5357.0000,5362.0000,5362.4000,5362.8000,5363.0000,5363.4000,1,1,2,1,2,1,1,1,3,2
SF,IC2003,2020-01-03 10:25:50.900,5361.0000,53812,0,3816441040.000,0,-,-,-,-,5361.0000,5359.6000,5359.4000,5359.0000,5358.2000,5361.4000,5361.6000,5361.8000,5362.4000,5362.8000,4,1,1,1,2,1,2,2,1,1
SF,IC2003,2020-01-03 10:25:51.400,5361.0000,53808,-4,3820729840.000,4,0,4,双平,S,5359.6000,5359.4000,5359.0000,5358.2000,5357.6000,5361.2000,5361.4000,5362.4000,5362.8000,5363.0000,1,1,1,2,1,1,1,1,1,3
SF,IC2003,2020-01-03 10:25:51.900,5361.0000,53808,0,3820729840.000,0,-,-,-,-,5360.6000,5359.6000,5359.4000,5359.0000,5358.2000,5361.2000,5361.4000,5362.4000,5362.8000,5363.0000,2,1,1,1,2,1,1,1,1,3
SF,IC2003,2020-01-03 10:25:52.400,5361.2000,53808,0,3821802080.000,1,0,1,多换,S,5359.6000,5359.4000,5359.0000,5358.2000,5357.6000,5362.4000,5362.8000,5363.0000,5363.4000,5364.0000,1,1,1,2,1,1,1,3,2,1
SF,IC2003,2020-01-03 10:25:52.900,5361.2000,53808,0,3821802080.000,0,-,-,-,-,5360.2000,5360.0000,5359.8000,5359.6000,5359.4000,5362.2000,5362.4000,5362.8000,5363.0000,5363.4000,1,1,4,1,1,3,1,1,3,2
SF,IC2003,2020-01-03 10:25:53.400,5361.2000,53808,0,3821802080.000,0,-,-,-,-,5360.4000,5360.2000,5360.0000,5359.8000,5359.4000,5362.4000,5362.8000,5363.0000,5363.4000,5364.0000,3,1,1,1,1,1,1,3,2,1
SF,IC2003,2020-01-03 10:25:53.900,5361.2000,53808,0,3821802080.000,0,-,-,-,-,5361.0000,5360.4000,5360.2000,5360.0000,5359.8000,5362.4000,5362.8000,5363.0000,5363.4000,5364.0000,1,2,1,1,1,1,1,3,2,1
SF,IC2003,2020-01-03 10:25:54.400,5361.2000,53808,0,3821802080.000,0,-,-,-,-,5361.0000,5360.4000,5360.2000,5360.0000,5359.8000,5362.2000,5362.4000,5362.8000,5363.0000,5363.4000,1,2,1,1,1,1,1,1,3,2
SF,IC2003,2020-01-03 10:25:54.900,5361.2000,53808,0,3821802080.000,0,-,-,-,-,5361.8000,5360.4000,5359.4000,5359.0000,5358.2000,5362.2000,5362.4000,5362.8000,5363.0000,5363.4000,1,1,3,1,2,2,2,1,3,2
SF,IC2003,2020-01-03 10:25:55.400,5361.8000,53807,-1,3822874440.000,1,0,1,双平,S,5360.4000,5359.4000,5359.0000,5358.2000,5357.6000,5361.8000,5362.2000,5362.4000,5362.8000,5363.0000,1,3,1,2,1,6,2,2,1,3
SF,IC2003,2020-01-03 10:25:55.900,5361.8000,53807,0,3822874440.000,0,-,-,-,-,5360.4000,5359.4000,5359.0000,5358.2000,5357.6000,5361.6000,5361.8000,5362.4000,5362.8000,5363.0000,1,3,1,2,1,2,4,2,1,3
SF,IC2003,2020-01-03 10:25:56.400,5361.8000,53807,0,3822874440.000,0,-,-,-,-,5360.4000,5359.4000,5359.0000,5358.2000,5357.6000,5361.8000,5362.4000,5362.8000,5363.0000,5363.4000,1,3,1,2,1,4,2,1,3,2
SF,IC2003,2020-01-03 10:25:57.900,5361.8000,53807,0,3822874440.000,0,-,-,-,-,5360.8000,5360.4000,5359.4000,5359.0000,5358.2000,5361.8000,5362.4000,5362.8000,5363.0000,5363.4000,1,3,3,1,2,4,2,1,3,2
SF,IC2003,2020-01-03 10:25:58.400,5361.8000,53807,0,3822874440.000,0,-,-,-,-,5361.0000,5360.8000,5360.4000,5359.4000,5359.0000,5362.4000,5362.8000,5363.0000,5363.4000,5364.0000,1,1,2,3,1,2,1,3,2,1
SF,IC2003,2020-01-03 10:25:58.900,5362.4000,53807,0,3823946920.000,1,0,1,多换,S,5361.0000,5360.8000,5360.4000,5359.4000,5359.0000,5362.4000,5362.8000,5363.0000,5363.4000,5364.0000,1,1,2,3,1,1,1,3,2,1
SF,IC2003,2020-01-03 10:25:59.900,5362.4000,53807,0,3823946920.000,0,-,-,-,-,5361.0000,5360.8000,5360.4000,5359.4000,5359.0000,5362.2000,5362.4000,5362.8000,5363.0000,5363.4000,1,1,2,3,1,1,1,1,3,2
SF,IC2003,2020-01-03 10:26:00.400,5362.4000,53807,0,3823946920.000,0,-,-,-,-,5361.0000,5360.8000,5360.4000,5359.4000,5359.0000,5362.2000,5362.4000,5362.8000,5363.0000,5363.4000,1,1,2,3,1,2,1,1,3,2
SF,IC2003,2020-01-03 10:26:00.900,5362.4000,53807,0,3823946920.000,0,-,-,-,-,5360.4000,5359.4000,5359.0000,5358.2000,5357.6000,5362.0000,5362.2000,5362.4000,5362.8000,5363.0000,1,3,1,2,1,2,1,1,1,3
SF,IC2003,2020-01-03 10:26:01.400,5362.4000,53807,0,3823946920.000,0,-,-,-,-,5359.4000,5359.0000,5358.2000,5357.6000,5357.0000,5361.8000,5362.0000,5362.2000,5362.4000,5362.8000,3,1,2,1,2,1,1,1,1,1
SF,IC2003,2020-01-03 10:26:01.900,5361.8000,53804,-3,3827164000.000,3,0,3,双平,S,5362.0000,5361.8000,5359.6000,5359.4000,5359.0000,5362.4000,5362.8000,5363.0000,5363.4000,5364.0000,1,7,2,3,1,1,1,3,2,1
SF,IC2003,2020-01-03 10:26:02.400,5361.8000,53804,0,3835742920.000,8,4,4,多换,S,5359.6000,5359.4000,5359.0000,5358.2000,5357.6000,5361.8000,5362.0000,5362.4000,5362.8000,5363.0000,2,3,1,2,1,6,2,1,1,3
SF,IC2003,2020-01-03 10:26:02.900,5361.8000,53804,0,3835742920.000,0,-,-,-,-,5359.6000,5359.4000,5359.0000,5358.2000,5357.6000,5361.6000,5361.8000,5362.0000,5362.2000,5362.4000,1,3,1,2,1,2,5,1,1,1
SF,IC2003,2020-01-03 10:26:03.400,5361.8000,53804,0,3835742920.000,0,-,-,-,-,5359.6000,5359.4000,5359.0000,5358.2000,5357.6000,5361.6000,5361.8000,5362.0000,5362.4000,5362.8000,1,3,1,2,1,2,4,1,1,1
SF,IC2003,2020-01-03 10:26:03.900,5361.8000,53804,0,3835742920.000,0,-,-,-,-,5359.6000,5359.4000,5359.0000,5358.2000,5357.6000,5361.0000,5361.4000,5361.6000,5361.8000,5362.0000,1,3,1,2,1,1,4,1,4,1
SF,IC2003,2020-01-03 10:26:04.400,5361.8000,53804,0,3835742920.000,0,-,-,-,-,5359.6000,5359.4000,5359.0000,5358.2000,5357.6000,5360.8000,5361.0000,5361.4000,5361.8000,5362.0000,1,3,1,2,1,1,2,2,4,1
SF,IC2003,2020-01-03 10:26:04.900,5361.8000,53804,0,3835742920.000,0,-,-,-,-,5359.6000,5359.4000,5359.0000,5358.2000,5357.6000,5360.8000,5361.0000,5361.4000,5361.8000,5362.0000,1,3,1,2,1,1,2,2,4,1
SF,IC2003,2020-01-03 10:26:05.400,5361.8000,53804,0,3835742920.000,0,-,-,-,-,5359.6000,5359.4000,5359.0000,5358.2000,5357.6000,5361.0000,5361.4000,5361.8000,5362.0000,5362.4000,2,3,1,2,1,2,2,4,1,1
SF,IC2003,2020-01-03 10:26:05.900,5361.0000,53804,0,3837887320.000,2,1,1,多换,S,5359.6000,5359.4000,5359.0000,5358.2000,5357.6000,5361.4000,5361.8000,5362.0000,5362.4000,5362.8000,2,3,1,2,1,2,4,1,1,1
SF,IC2003,2020-01-03 10:26:06.400,5361.0000,53804,0,3837887320.000,0,-,-,-,-,5360.8000,5359.6000,5359.4000,5359.0000,5358.2000,5361.0000,5361.2000,5361.4000,5361.8000,5362.0000,1,2,3,1,2,2,1,1,4,1
SF,IC2003,2020-01-03 10:26:06.900,5360.8000,53804,0,3838959480.000,1,0,1,多换,S,5359.6000,5359.4000,5359.0000,5358.2000,5357.6000,5360.8000,5361.0000,5361.4000,5362.0000,5362.4000,2,3,1,2,1,1,4,1,1,1
SF,IC2003,2020-01-03 10:26:07.400,5360.8000,53804,0,3838959480.000,0,-,-,-,-,5359.6000,5359.4000,5359.0000,5358.2000,5357.6000,5360.6000,5360.8000,5361.4000,5362.0000,5362.4000,2,3,1,2,1,2,1,1,1,1
SF,IC2003,2020-01-03 10:26:07.900,5360.8000,53804,0,3838959480.000,0,-,-,-,-,5360.4000,5359.6000,5359.4000,5359.0000,5358.2000,5360.6000,5360.8000,5361.4000,5362.0000,5362.4000,2,2,3,1,2,2,1,1,1,1
SF,IC2003,2020-01-03 10:26:08.400,5360.8000,53804,0,3838959480.000,0,-,-,-,-,5359.6000,5359.4000,5359.0000,5358.2000,5357.6000,5360.6000,5360.8000,5361.4000,5362.0000,5362.4000,2,3,1,2,1,2,1,1,1,1
SF,IC2003,2020-01-03 10:26:09.400,5360.8000,53804,0,3838959480.000,0,-,-,-,-,5360.4000,5359.6000,5359.4000,5359.0000,5358.2000,5360.6000,5360.8000,5362.0000,5362.4000,5362.8000,2,2,3,1,2,2,1,1,1,1
SF,IC2003,2020-01-03 10:26:09.900,5360.8000,53804,0,3838959480.000,0,-,-,-,-,5359.6000,5359.4000,5359.0000,5358.2000,5357.6000,5360.6000,5360.8000,5362.0000,5362.4000,5362.8000,2,3,1,2,1,2,1,1,1,1
SF,IC2003,2020-01-03 10:26:10.400,5360.8000,53804,0,3838959480.000,0,-,-,-,-,5360.4000,5359.6000,5359.4000,5359.0000,5358.2000,5360.6000,5360.8000,5362.0000,5362.4000,5362.8000,2,2,3,1,2,3,1,1,1,1
SF,IC2003,2020-01-03 10:26:10.900,5360.8000,53804,0,3838959480.000,0,-,-,-,-,5359.6000,5359.4000,5359.0000,5358.2000,5357.6000,5360.6000,5360.8000,5362.0000,5362.4000,5362.8000,2,3,1,2,1,3,1,1,1,1
SF,IC2003,2020-01-03 10:26:12.900,5360.8000,53804,0,3838959480.000,0,-,-,-,-,5359.6000,5359.4000,5359.0000,5358.2000,5357.6000,5360.6000,5362.0000,5362.4000,5362.8000,5363.0000,2,3,1,2,1,3,1,1,1,3
SF,IC2003,2020-01-03 10:26:13.400,5360.8000,53804,0,3838959480.000,0,-,-,-,-,5359.6000,5359.4000,5359.0000,5358.2000,5357.6000,5361.8000,5362.0000,5362.4000,5362.8000,5363.0000,2,3,1,2,1,3,1,1,1,3
SF,IC2003,2020-01-03 10:26:13.900,5360.8000,53804,0,3838959480.000,0,-,-,-,-,5360.0000,5359.6000,5359.4000,5359.0000,5358.2000,5361.4000,5361.6000,5361.8000,5362.0000,5362.4000,1,2,3,1,2,2,3,3,1,1
SF,IC2003,2020-01-03 10:26:14.400,5360.0000,53803,-1,3840031480.000,1,0,1,双平,S,5359.6000,5359.4000,5359.0000,5358.2000,5357.6000,5361.0000,5361.2000,5361.6000,5362.0000,5362.4000,1,3,1,2,1,1,5,2,1,1
SF,IC2003,2020-01-03 10:26:14.900,5360.0000,53803,0,3840031480.000,0,-,-,-,-,5359.8000,5359.6000,5359.4000,5359.0000,5358.2000,5360.8000,5361.2000,5361.6000,5362.0000,5362.4000,1,1,3,1,2,3,2,2,1,1
SF,IC2003,2020-01-03 10:26:15.400,5360.0000,53803,0,3840031480.000,0,-,-,-,-,5359.8000,5359.6000,5359.4000,5359.0000,5358.2000,5361.0000,5361.2000,5361.6000,5362.0000,5362.4000,1,1,3,1,2,3,2,2,1,1
SF,IC2003,2020-01-03 10:26:17.400,5360.0000,53803,0,3840031480.000,0,-,-,-,-,5360.0000,5359.8000,5359.6000,5359.4000,5359.0000,5361.0000,5361.2000,5361.6000,5362.0000,5362.4000,3,1,1,3,1,3,2,2,1,1
SF,IC2003,2020-01-03 10:26:17.900,5360.0000,53803,0,3840031480.000,0,-,-,-,-,5360.2000,5360.0000,5359.6000,5359.4000,5359.0000,5361.0000,5361.2000,5361.6000,5362.0000,5362.4000,1,3,1,3,1,3,1,2,1,1
SF,IC2003,2020-01-03 10:26:18.400,5360.0000,53803,0,3840031480.000,0,-,-,-,-,5360.2000,5360.0000,5359.6000,5359.4000,5359.0000,5361.0000,5361.2000,5361.6000,5362.0000,5362.4000,1,3,1,3,1,3,1,1,1,1
SF,IC2003,2020-01-03 10:26:18.900,5361.0000,53804,1,3841103680.000,1,1,0,双开,S,5360.2000,5360.0000,5359.6000,5359.4000,5359.0000,5361.0000,5361.2000,5361.6000,5362.0000,5362.4000,1,3,1,3,1,2,1,1,1,1
SF,IC2003,2020-01-03 10:26:20.400,5361.0000,53804,0,3841103680.000,0,-,-,-,-,5360.2000,5360.0000,5359.6000,5359.4000,5359.0000,5361.0000,5361.2000,5361.6000,5362.0000,5362.4000,1,3,1,3,1,2,1,1,1,1
SF,IC2003,2020-01-03 10:26:20.900,5361.0000,53804,0,3841103680.000,0,-,-,-,-,5360.2000,5360.0000,5359.6000,5359.4000,5359.0000,5361.0000,5361.2000,5362.0000,5362.4000,5362.8000,1,3,1,3,1,2,1,1,1,1
SF,IC2003,2020-01-03 10:26:21.900,5361.0000,53804,0,3843248080.000,2,1,1,多换,S,5361.0000,5360.4000,5360.2000,5360.0000,5359.6000,5361.2000,5362.0000,5362.4000,5362.8000,5363.0000,1,2,2,3,1,1,1,1,1,3
SF,IC2003,2020-01-03 10:26:22.400,5361.2000,53803,-1,3844320320.000,1,0,1,双平,S,5361.2000,5360.4000,5360.2000,5360.0000,5359.6000,5362.4000,5362.8000,5363.0000,5363.4000,5364.0000,3,2,1,3,1,1,1,3,2,1
SF,IC2003,2020-01-03 10:26:22.900,5361.2000,53803,0,3844320320.000,0,-,-,-,-,5361.2000,5360.4000,5360.2000,5360.0000,5359.6000,5362.2000,5362.4000,5362.8000,5363.0000,5363.4000,3,2,1,3,1,1,1,1,3,2
SF,IC2003,2020-01-03 10:26:24.900,5361.2000,53803,0,3844320320.000,0,-,-,-,-,5361.2000,5360.4000,5360.0000,5359.6000,5359.4000,5362.2000,5362.4000,5362.8000,5363.0000,5363.4000,3,2,3,1,3,1,1,1,3,2
SF,IC2003,2020-01-03 10:26:25.400,5361.2000,53803,0,3844320320.000,0,-,-,-,-,5361.2000,5360.4000,5360.0000,5359.6000,5359.4000,5362.4000,5362.8000,5363.0000,5363.4000,5364.0000,3,2,3,1,3,1,1,3,2,1
SF,IC2003,2020-01-03 10:26:25.900,5362.4000,53803,0,3845392800.000,1,0,1,多换,S,5361.2000,5360.4000,5360.0000,5359.6000,5359.4000,5362.8000,5363.0000,5363.4000,5364.0000,5364.2000,3,2,3,1,3,1,3,2,1,1
SF,IC2003,2020-01-03 10:26:26.400,5362.4000,53803,0,3845392800.000,0,-,-,-,-,5361.2000,5360.4000,5360.0000,5359.6000,5359.4000,5362.4000,5362.8000,5363.0000,5363.4000,5364.0000,3,2,3,1,3,1,1,3,2,1
SF,IC2003,2020-01-03 10:26:26.900,5362.4000,53803,0,3845392800.000,0,-,-,-,-,5361.2000,5360.4000,5360.0000,5359.6000,5359.4000,5362.2000,5362.4000,5362.8000,5363.0000,5363.4000,3,2,3,1,3,1,1,1,3,2
SF,IC2003,2020-01-03 10:26:27.400,5362.4000,53803,0,3845392800.000,0,-,-,-,-,5361.4000,5361.2000,5360.4000,5360.0000,5359.6000,5362.2000,5362.4000,5362.8000,5363.0000,5363.4000,1,1,2,3,1,1,1,1,3,2
SF,IC2003,2020-01-03 10:26:27.900,5362.2000,53802,-1,3846465240.000,1,0,1,双平,S,5361.4000,5361.2000,5360.4000,5360.0000,5359.6000,5362.4000,5362.8000,5363.0000,5363.4000,5364.0000,1,1,2,3,1,1,1,3,2,1
SF,IC2003,2020-01-03 10:26:28.400,5362.2000,53802,0,3846465240.000,0,-,-,-,-,5361.6000,5361.4000,5361.2000,5360.4000,5360.0000,5362.4000,5362.8000,5363.0000,5363.4000,5364.0000,1,1,1,2,3,1,1,3,2,1
SF,IC2003,2020-01-03 10:26:29.400,5362.2000,53802,0,3846465240.000,0,-,-,-,-,5361.6000,5361.4000,5361.2000,5360.4000,5360.0000,5362.4000,5362.8000,5363.0000,5363.4000,5364.0000,1,1,1,1,3,1,1,3,2,1
SF,IC2003,2020-01-03 10:26:30.400,5362.2000,53802,0,3846465240.000,0,-,-,-,-,5361.6000,5360.4000,5360.0000,5359.6000,5359.4000,5362.4000,5362.8000,5363.0000,5363.4000,5364.0000,1,1,3,1,3,1,1,3,2,1
SF,IC2003,2020-01-03 10:26:31.400,5362.2000,53802,0,3846465240.000,0,-,-,-,-,5361.6000,5360.4000,5360.0000,5359.6000,5359.4000,5362.4000,5362.8000,5363.0000,5363.4000,5364.0000,1,1,3,1,3,1,1,3,2,1
SF,IC2003,2020-01-03 10:26:31.900,5362.2000,53802,0,3846465240.000,0,-,-,-,-,5361.6000,5360.4000,5360.0000,5359.6000,5359.4000,5362.4000,5362.8000,5363.0000,5363.4000,5364.0000,1,1,3,1,3,1,1,3,2,1
SF,IC2003,2020-01-03 10:26:33.400,5362.2000,53802,0,3846465240.000,0,-,-,-,-,5361.6000,5360.0000,5359.4000,5359.0000,5358.2000,5362.4000,5362.8000,5363.0000,5363.4000,5364.0000,1,4,3,1,2,1,1,3,2,1
SF,IC2003,2020-01-03 10:26:33.900,5362.2000,53802,0,3846465240.000,0,-,-,-,-,5360.0000,5359.4000,5359.0000,5358.2000,5357.6000,5362.2000,5362.4000,5362.8000,5363.0000,5363.4000,4,3,1,2,1,1,1,1,3,2
SF,IC2003,2020-01-03 10:26:34.400,5362.2000,53802,0,3846465240.000,0,-,-,-,-,5360.2000,5360.0000,5359.4000,5359.0000,5358.2000,5361.8000,5362.0000,5362.2000,5362.4000,5362.8000,1,4,3,1,2,3,1,2,1,1
SF,IC2003,2020-01-03 10:26:34.900,5362.2000,53802,0,3846465240.000,0,-,-,-,-,5360.2000,5360.0000,5359.4000,5359.0000,5358.2000,5361.8000,5362.0000,5362.2000,5362.4000,5362.8000,1,4,3,1,2,1,1,2,1,1
SF,IC2003,2020-01-03 10:26:36.400,5362.2000,53802,0,3846465240.000,0,-,-,-,-,5360.2000,5360.0000,5359.4000,5359.0000,5358.2000,5362.0000,5362.2000,5362.4000,5362.8000,5363.0000,1,4,3,2,2,1,2,1,1,3
SF,IC2003,2020-01-03 10:26:36.900,5362.2000,53802,0,3846465240.000,0,-,-,-,-,5360.2000,5360.0000,5359.4000,5359.0000,5358.2000,5361.6000,5362.0000,5362.2000,5362.4000,5362.8000,1,4,3,2,2,2,1,2,1,1
SF,IC2003,2020-01-03 10:26:37.400,5362.2000,53802,0,3846465240.000,0,-,-,-,-,5360.2000,5360.0000,5359.4000,5359.0000,5358.2000,5361.6000,5362.2000,5362.4000,5362.8000,5363.0000,1,4,3,2,2,1,2,1,1,3
SF,IC2003,2020-01-03 10:26:38.400,5362.2000,53802,0,3846465240.000,0,-,-,-,-,5360.4000,5360.2000,5360.0000,5359.4000,5359.0000,5361.6000,5362.2000,5362.4000,5362.8000,5363.0000,1,1,4,3,2,1,2,1,1,3
SF,IC2003,2020-01-03 10:26:38.900,5362.2000,53802,0,3846465240.000,0,-,-,-,-,5360.6000,5360.4000,5360.0000,5359.4000,5359.0000,5361.6000,5362.2000,5362.4000,5362.8000,5363.0000,2,2,4,3,2,1,2,1,1,3
SF,IC2003,2020-01-03 10:26:39.400,5361.6000,53802,0,3847537560.000,1,0,1,多换,S,5361.4000,5360.8000,5360.6000,5360.4000,5360.0000,5362.2000,5362.4000,5362.8000,5363.0000,5363.4000,1,1,2,1,4,2,1,1,3,2
SF,IC2003,2020-01-03 10:26:39.900,5361.6000,53802,0,3847537560.000,0,-,-,-,-,5361.6000,5361.4000,5360.6000,5360.4000,5360.0000,5362.2000,5362.4000,5362.8000,5363.0000,5363.4000,1,1,1,1,4,1,1,1,3,2
SF,IC2003,2020-01-03 10:26:40.400,5362.2000,53802,0,3848610000.000,1,0,1,多换,S,5361.6000,5361.4000,5360.8000,5360.6000,5360.0000,5362.4000,5362.8000,5363.0000,5363.4000,5364.0000,1,1,1,1,4,1,1,3,2,1
SF,IC2003,2020-01-03 10:26:40.900,5362.2000,53802,0,3848610000.000,0,-,-,-,-,5361.8000,5361.6000,5360.8000,5360.6000,5360.0000,5362.4000,5362.8000,5363.0000,5363.4000,5364.0000,1,2,1,1,4,1,1,3,2,1
SF,IC2003,2020-01-03 10:26:41.400,5362.4000,53802,0,3849682480.000,1,0,1,多换,S,5362.4000,5362.0000,5361.8000,5361.6000,5360.8000,5362.8000,5363.0000,5363.4000,5364.0000,5364.2000,1,1,1,1,1,1,3,2,1,1
SF,IC2003,2020-01-03 10:26:41.900,5362.4000,53802,0,3849682480.000,0,-,-,-,-,5362.0000,5361.8000,5361.6000,5360.8000,5360.6000,5362.8000,5363.0000,5363.4000,5364.0000,5364.2000,1,1,1,1,1,1,3,2,1,1
SF,IC2003,2020-01-03 10:26:42.900,5362.4000,53802,0,3849682480.000,0,-,-,-,-,5362.0000,5361.8000,5361.6000,5360.8000,5360.6000,5362.8000,5363.0000,5363.4000,5364.0000,5364.2000,1,1,1,1,1,1,3,2,1,1
SF,IC2003,2020-01-03 10:26:43.400,5362.4000,53802,0,3849682480.000,0,-,-,-,-,5362.0000,5361.8000,5361.6000,5360.8000,5360.6000,5362.6000,5362.8000,5363.0000,5363.4000,5364.0000,1,1,1,1,1,1,1,3,2,1
SF,IC2003,2020-01-03 10:26:43.900,5362.4000,53802,0,3849682480.000,0,-,-,-,-,5362.0000,5361.8000,5360.8000,5360.6000,5360.0000,5362.6000,5362.8000,5363.0000,5363.4000,5364.0000,1,1,1,1,5,1,1,3,2,1
SF,IC2003,2020-01-03 10:26:44.400,5362.6000,53802,0,3850755000.000,1,0,1,多换,S,5362.0000,5361.8000,5360.8000,5360.6000,5360.0000,5362.8000,5363.0000,5363.4000,5364.0000,5364.2000,1,1,1,1,5,1,3,2,1,1
SF,IC2003,2020-01-03 10:26:45.900,5362.6000,53802,0,3850755000.000,0,-,-,-,-,5362.0000,5361.8000,5360.8000,5360.6000,5360.0000,5362.8000,5363.0000,5363.4000,5364.0000,5364.2000,1,1,1,1,5,1,3,2,1,1
SF,IC2003,2020-01-03 10:26:49.400,5361.8000,53800,-2,3852899760.000,2,0,2,双平,S,5360.8000,5360.6000,5360.0000,5359.4000,5359.0000,5362.8000,5363.0000,5363.4000,5364.0000,5364.2000,1,1,5,1,1,1,3,2,1,1
SF,IC2003,2020-01-03 10:26:49.900,5361.8000,53800,0,3852899760.000,0,-,-,-,-,5361.0000,5360.8000,5360.6000,5360.0000,5359.4000,5362.6000,5362.8000,5363.0000,5363.4000,5364.0000,1,1,1,5,1,3,1,3,2,1
SF,IC2003,2020-01-03 10:26:50.400,5361.8000,53800,0,3852899760.000,0,-,-,-,-,5360.6000,5360.0000,5359.4000,5359.0000,5358.2000,5362.2000,5362.6000,5362.8000,5363.0000,5363.4000,1,5,1,1,2,1,1,1,3,2
SF,IC2003,2020-01-03 10:26:50.900,5361.8000,53800,0,3852899760.000,0,-,-,-,-,5360.8000,5360.6000,5360.0000,5359.4000,5359.0000,5362.0000,5362.2000,5362.8000,5363.0000,5363.4000,1,1,5,1,1,1,1,1,3,2
SF,IC2003,2020-01-03 10:26:51.400,5361.8000,53800,0,3852899760.000,0,-,-,-,-,5360.6000,5360.0000,5359.4000,5359.0000,5358.2000,5362.0000,5362.8000,5363.0000,5363.4000,5364.0000,1,5,1,1,2,1,1,3,2,1
SF,IC2003,2020-01-03 10:26:51.900,5361.8000,53800,0,3852899760.000,0,-,-,-,-,5360.8000,5360.6000,5360.0000,5359.4000,5359.0000,5362.0000,5362.8000,5363.0000,5363.4000,5364.0000,1,1,5,1,1,1,1,4,2,1
SF,IC2003,2020-01-03 10:26:53.400,5360.8000,53800,0,3853971920.000,1,0,1,多换,S,5360.6000,5360.0000,5359.4000,5359.0000,5358.2000,5362.0000,5362.8000,5363.0000,5363.4000,5364.0000,1,5,1,1,2,1,1,4,2,1
SF,IC2003,2020-01-03 10:26:53.900,5361.8000,53799,-1,3855044280.000,1,0,1,双平,S,5360.6000,5360.0000,5359.4000,5359.0000,5358.2000,5362.0000,5362.8000,5363.0000,5363.4000,5364.0000,1,5,1,1,2,1,1,4,2,1
SF,IC2003,2020-01-03 10:26:54.400,5361.8000,53799,0,3855044280.000,0,-,-,-,-,5360.6000,5360.0000,5359.4000,5359.0000,5358.2000,5361.4000,5361.6000,5362.0000,5362.8000,5363.0000,1,5,1,1,2,2,1,1,1,4
SF,IC2003,2020-01-03 10:26:54.900,5361.8000,53799,0,3855044280.000,0,-,-,-,-,5360.6000,5360.0000,5359.4000,5359.0000,5358.2000,5361.4000,5361.6000,5362.0000,5362.8000,5363.0000,1,5,1,1,2,1,1,1,1,4
SF,IC2003,2020-01-03 10:26:55.400,5362.0000,53801,2,3858261400.000,3,2,1,空开,S,5362.0000,5360.6000,5360.0000,5359.4000,5359.0000,5362.8000,5363.0000,5363.4000,5364.0000,5364.2000,2,2,5,1,1,1,4,2,1,1
SF,IC2003,2020-01-03 10:26:55.900,5362.0000,53801,0,3860406200.000,2,1,1,多换,S,5360.6000,5360.0000,5359.4000,5359.0000,5358.2000,5361.2000,5361.8000,5362.0000,5362.6000,5362.8000,2,5,1,1,2,1,5,1,2,1
SF,IC2003,2020-01-03 10:26:56.400,5361.8000,53802,1,3864695640.000,4,2,2,空开,S,5361.2000,5360.8000,5360.6000,5360.0000,5359.4000,5362.6000,5362.8000,5363.0000,5363.4000,5364.0000,4,1,2,5,1,1,1,4,2,1
SF,IC2003,2020-01-03 10:26:56.900,5362.8000,53803,1,3865768200.000,1,1,0,双开,S,5362.8000,5361.4000,5361.2000,5360.8000,5360.6000,5363.0000,5363.4000,5364.0000,5364.2000,5364.4000,4,1,2,1,2,4,2,1,1,1
SF,IC2003,2020-01-03 10:26:57.400,5362.8000,53805,2,3870058440.000,4,3,1,空开,S,5361.4000,5361.2000,5360.6000,5360.0000,5359.4000,5362.8000,5363.0000,5363.4000,5364.0000,5364.2000,1,2,2,5,1,1,5,2,1,1
SF,IC2003,2020-01-03 10:26:57.900,5362.8000,53805,0,3870058440.000,0,-,-,-,-,5361.6000,5361.4000,5361.2000,5360.6000,5360.0000,5363.0000,5363.4000,5364.0000,5364.2000,5364.4000,1,2,2,1,5,4,2,1,1,1
SF,IC2003,2020-01-03 10:26:58.400,5362.8000,53805,0,3870058440.000,0,-,-,-,-,5361.8000,5361.6000,5361.2000,5360.6000,5360.0000,5363.0000,5363.4000,5364.0000,5364.2000,5364.4000,1,2,2,1,5,4,2,1,1,1
SF,IC2003,2020-01-03 10:26:59.900,5362.8000,53805,0,3870058440.000,0,-,-,-,-,5361.8000,5361.6000,5361.2000,5360.6000,5360.0000,5363.0000,5363.4000,5364.0000,5364.2000,5364.4000,1,2,2,2,5,4,2,1,1,1
SF,IC2003,2020-01-03 10:27:00.900,5362.8000,53805,0,3870058440.000,0,-,-,-,-,5361.8000,5361.6000,5361.2000,5360.6000,5360.0000,5363.0000,5363.4000,5364.0000,5364.2000,5364.4000,1,1,2,2,5,4,2,1,1,1
SF,IC2003,2020-01-03 10:27:01.400,5362.8000,53805,0,3870058440.000,0,-,-,-,-,5361.8000,5361.6000,5360.6000,5360.0000,5359.4000,5362.6000,5363.0000,5363.4000,5364.0000,5364.2000,1,1,2,5,1,1,4,2,1,1
SF,IC2003,2020-01-03 10:27:01.900,5362.8000,53805,0,3870058440.000,0,-,-,-,-,5362.0000,5361.8000,5360.6000,5360.0000,5359.4000,5362.6000,5363.0000,5363.4000,5364.0000,5364.2000,1,2,2,5,1,1,4,2,1,1
SF,IC2003,2020-01-03 10:27:02.400,5362.8000,53806,1,3871131000.000,1,1,0,双开,S,5362.0000,5361.8000,5360.6000,5360.0000,5359.4000,5363.0000,5363.4000,5364.0000,5364.2000,5364.4000,1,2,2,5,1,4,2,1,1,1
SF,IC2003,2020-01-03 10:27:02.900,5362.8000,53806,0,3871131000.000,0,-,-,-,-,5362.2000,5362.0000,5361.8000,5360.6000,5360.0000,5363.0000,5363.4000,5364.0000,5364.2000,5364.4000,1,1,1,2,5,4,2,1,1,1
SF,IC2003,2020-01-03 10:27:04.900,5362.8000,53806,0,3871131000.000,0,-,-,-,-,5362.2000,5362.0000,5360.6000,5360.0000,5359.4000,5363.0000,5363.4000,5364.0000,5364.2000,5364.4000,1,1,2,5,1,4,2,1,1,1
SF,IC2003,2020-01-03 10:27:05.400,5362.8000,53806,0,3871131000.000,0,-,-,-,-,5362.2000,5362.0000,5360.6000,5360.0000,5359.4000,5363.0000,5363.4000,5363.6000,5364.0000,5364.2000,1,1,2,5,1,4,2,1,1,1
SF,IC2003,2020-01-03 10:27:05.900,5362.8000,53806,0,3871131000.000,0,-,-,-,-,5362.2000,5362.0000,5360.6000,5360.0000,5359.4000,5362.8000,5363.0000,5363.4000,5363.6000,5364.0000,1,1,2,5,1,1,4,2,1,1
SF,IC2003,2020-01-03 10:27:06.900,5362.8000,53805,-1,3872203560.000,1,0,1,双平,S,5362.2000,5362.0000,5360.6000,5360.0000,5359.4000,5363.0000,5363.4000,5363.6000,5364.0000,5364.2000,1,1,2,5,1,4,2,1,1,1
SF,IC2003,2020-01-03 10:27:07.900,5362.8000,53805,0,3872203560.000,0,-,-,-,-,5362.2000,5362.0000,5360.6000,5360.0000,5359.4000,5363.0000,5363.4000,5363.6000,5364.0000,5364.2000,2,1,2,5,1,4,2,1,1,1
SF,IC2003,2020-01-03 10:27:08.400,5362.8000,53805,0,3872203560.000,0,-,-,-,-,5362.2000,5362.0000,5360.6000,5360.0000,5359.4000,5363.0000,5363.4000,5363.6000,5364.0000,5364.2000,1,1,2,5,1,4,2,1,1,1
SF,IC2003,2020-01-03 10:27:08.900,5362.8000,53805,0,3872203560.000,0,-,-,-,-,5362.2000,5362.0000,5360.6000,5360.0000,5359.4000,5363.0000,5363.4000,5363.6000,5364.0000,5364.2000,1,1,2,5,1,4,2,1,1,1
SF,IC2003,2020-01-03 10:27:09.400,5362.8000,53805,0,3872203560.000,0,-,-,-,-,5362.4000,5362.2000,5362.0000,5360.6000,5360.0000,5363.0000,5363.4000,5363.6000,5364.0000,5364.2000,1,1,1,2,5,4,2,1,1,1
SF,IC2003,2020-01-03 10:27:09.900,5362.8000,53805,0,3872203560.000,0,-,-,-,-,5362.4000,5362.2000,5362.0000,5360.6000,5360.0000,5362.8000,5363.0000,5363.4000,5363.6000,5364.0000,1,1,1,2,6,1,4,2,1,1
SF,IC2003,2020-01-03 10:27:10.900,5362.8000,53805,0,3872203560.000,0,-,-,-,-,5362.4000,5362.0000,5360.6000,5360.0000,5359.4000,5362.8000,5363.0000,5363.4000,5363.6000,5364.0000,1,1,2,6,1,1,4,2,1,1
SF,IC2003,2020-01-03 10:27:11.400,5362.4000,53804,-1,3873276040.000,1,0,1,双平,S,5362.0000,5360.6000,5360.0000,5359.4000,5359.0000,5362.2000,5362.8000,5363.0000,5363.4000,5363.6000,1,2,6,1,1,1,1,4,2,1
SF,IC2003,2020-01-03 10:27:11.900,5362.0000,53804,0,3874348440.000,1,0,1,多换,S,5360.6000,5360.0000,5359.4000,5359.0000,5358.2000,5362.0000,5362.2000,5363.0000,5363.4000,5363.6000,2,6,1,1,2,1,1,4,2,1
SF,IC2003,2020-01-03 10:27:12.400,5360.8000,53803,-1,3875420600.000,1,0,1,双平,S,5360.6000,5360.0000,5359.4000,5359.0000,5358.2000,5361.8000,5362.0000,5363.0000,5363.4000,5363.6000,2,6,1,1,2,1,1,4,2,1
SF,IC2003,2020-01-03 10:27:12.900,5360.8000,53803,0,3875420600.000,0,-,-,-,-,5360.6000,5360.0000,5359.4000,5359.0000,5358.2000,5361.6000,5361.8000,5362.0000,5363.0000,5363.4000,2,6,1,1,2,1,1,1,4,2
SF,IC2003,2020-01-03 10:27:13.400,5361.6000,53803,0,3877565240.000,2,1,1,多换,S,5360.8000,5360.6000,5360.0000,5359.4000,5359.0000,5361.4000,5362.0000,5363.0000,5363.4000,5363.6000,1,1,6,1,1,1,1,4,2,1
SF,IC2003,2020-01-03 10:27:13.900,5361.4000,53803,0,3878637520.000,1,0,1,多换,S,5361.4000,5360.8000,5360.6000,5360.0000,5359.4000,5362.0000,5363.0000,5363.4000,5363.6000,5364.0000,1,1,1,6,1,1,4,2,1,1
SF,IC2003,2020-01-03 10:27:14.400,5362.0000,53802,-1,3879709920.000,1,0,1,双平,S,5361.4000,5360.8000,5360.6000,5360.0000,5359.4000,5363.0000,5363.4000,5363.6000,5364.0000,5364.2000,1,1,1,6,1,4,2,1,1,1
SF,IC2003,2020-01-03 10:27:14.900,5362.0000,53802,0,3879709920.000,0,-,-,-,-,5361.4000,5360.6000,5360.0000,5359.4000,5359.0000,5361.6000,5361.8000,5362.6000,5362.8000,5363.0000,1,1,6,1,1,2,3,1,1,4
SF,IC2003,2020-01-03 10:27:15.400,5361.4000,53801,-1,3880782200.000,1,0,1,双平,S,5360.6000,5360.0000,5359.4000,5359.0000,5358.2000,5361.4000,5361.6000,5363.0000,5363.4000,5363.6000,1,6,1,1,2,6,1,4,2,1
SF,IC2003,2020-01-03 10:27:15.900,5361.4000,53801,0,3880782200.000,0,-,-,-,-,5360.8000,5360.6000,5360.0000,5359.4000,5359.0000,5361.4000,5363.0000,5363.4000,5363.6000,5364.0000,1,2,6,1,1,1,4,2,1,1
SF,IC2003,2020-01-03 10:27:16.400,5360.6000,53801,0,3883998600.000,3,1,2,多换,S,5360.0000,5359.4000,5359.0000,5358.2000,5357.6000,5360.8000,5361.2000,5361.4000,5362.4000,5363.0000,6,1,1,2,1,4,4,1,1,4
SF,IC2003,2020-01-03 10:27:16.900,5360.6000,53801,0,3883998600.000,0,-,-,-,-,5360.0000,5359.4000,5359.0000,5358.2000,5357.6000,5361.2000,5361.4000,5362.4000,5363.0000,5363.4000,6,1,1,2,1,3,1,1,4,2
SF,IC2003,2020-01-03 10:27:17.400,5360.0000,53800,-1,3890430600.000,6,2,4,多平,S,5359.4000,5359.0000,5358.2000,5357.6000,5357.0000,5360.2000,5361.0000,5361.2000,5361.4000,5362.4000,1,1,2,1,2,3,2,3,1,1
SF,IC2003,2020-01-03 10:27:17.900,5360.0000,53800,0,3890430600.000,0,-,-,-,-,5359.4000,5359.0000,5358.2000,5357.6000,5357.0000,5360.0000,5361.2000,5361.4000,5362.4000,5363.0000,1,1,2,1,2,1,2,1,1,4
SF,IC2003,2020-01-03 10:27:19.400,5360.0000,53800,0,3890430600.000,0,-,-,-,-,5359.4000,5359.0000,5358.2000,5357.6000,5357.0000,5360.0000,5361.2000,5361.4000,5362.4000,5363.0000,1,1,2,1,2,1,2,1,1,4
SF,IC2003,2020-01-03 10:27:19.900,5359.4000,53800,0,3891502480.000,1,0,1,多换,S,5359.0000,5358.2000,5357.6000,5357.0000,5356.8000,5359.4000,5359.8000,5360.0000,5361.2000,5361.4000,1,2,1,2,1,4,1,1,1,1
SF,IC2003,2020-01-03 10:27:20.400,5359.0000,53799,-1,3893646080.000,2,0,2,多平,S,5358.2000,5357.6000,5357.0000,5356.8000,5356.2000,5358.8000,5359.0000,5361.4000,5362.4000,5363.0000,2,1,2,1,1,1,6,1,1,4
SF,IC2003,2020-01-03 10:27:20.900,5358.2000,53798,-1,3895789360.000,2,0,2,多平,S,5357.6000,5357.0000,5356.8000,5356.2000,5356.0000,5359.0000,5361.4000,5362.4000,5363.0000,5363.4000,1,2,1,1,2,2,1,1,4,2
SF,IC2003,2020-01-03 10:27:21.400,5358.2000,53798,0,3895789360.000,0,-,-,-,-,5357.0000,5356.8000,5356.2000,5356.0000,5355.2000,5358.8000,5359.0000,5362.4000,5363.0000,5363.4000,2,1,1,2,1,1,2,1,4,2
SF,IC2003,2020-01-03 10:27:21.900,5358.2000,53798,0,3895789360.000,0,-,-,-,-,5357.4000,5357.2000,5357.0000,5356.8000,5356.2000,5358.4000,5358.8000,5359.0000,5362.4000,5363.0000,1,1,2,1,1,2,1,2,1,4
SF,IC2003,2020-01-03 10:27:22.400,5359.0000,53799,1,3899004520.000,3,2,1,空开,S,5358.8000,5357.8000,5357.6000,5357.4000,5357.0000,5359.0000,5362.4000,5363.0000,5363.4000,5363.6000,1,2,1,1,2,1,1,4,2,1
SF,IC2003,2020-01-03 10:27:22.900,5359.0000,53798,-1,3900076320.000,1,0,1,双平,S,5359.2000,5359.0000,5357.8000,5357.6000,5357.4000,5362.4000,5363.0000,5363.4000,5363.6000,5364.0000,1,2,2,1,1,1,4,2,1,1
SF,IC2003,2020-01-03 10:27:23.400,5359.0000,53798,0,3900076320.000,0,-,-,-,-,5359.4000,5359.2000,5359.0000,5357.8000,5357.0000,5360.2000,5360.6000,5360.8000,5361.8000,5362.2000,3,2,2,1,2,1,2,2,2,4
SF,IC2003,2020-01-03 10:27:23.900,5360.6000,53796,-2,3902220560.000,2,0,2,双平,S,5360.4000,5360.2000,5359.6000,5359.4000,5359.2000,5362.2000,5362.4000,5363.0000,5363.4000,5363.6000,3,7,1,1,3,2,1,4,2,1
SF,IC2003,2020-01-03 10:27:24.400,5360.6000,53796,0,3902220560.000,0,-,-,-,-,5360.8000,5360.6000,5360.4000,5360.2000,5359.6000,5362.2000,5362.4000,5363.0000,5363.4000,5363.6000,3,1,1,4,1,1,1,4,2,1
SF,IC2003,2020-01-03 10:27:24.900,5360.8000,53797,1,3904364880.000,2,1,1,空开,S,5360.4000,5360.2000,5359.6000,5359.4000,5359.0000,5362.0000,5362.2000,5362.4000,5363.0000,5363.4000,1,4,1,1,1,1,1,1,4,2
SF,IC2003,2020-01-03 10:27:25.400,5360.2000,53795,-2,3906508960.000,2,0,2,双平,S,5359.6000,5359.0000,5357.8000,5357.0000,5356.8000,5360.4000,5360.6000,5361.4000,5361.6000,5361.8000,1,1,2,2,1,6,1,3,2,1
SF,IC2003,2020-01-03 10:27:25.900,5360.2000,53795,0,3906508960.000,0,-,-,-,-,5359.0000,5357.8000,5357.0000,5356.8000,5356.2000,5359.2000,5359.6000,5359.8000,5360.4000,5361.4000,1,2,2,1,1,2,1,1,2,2
SF,IC2003,2020-01-03 10:27:26.400,5359.8000,53794,-1,3910796520.000,4,1,3,多平,S,5359.6000,5359.4000,5359.2000,5359.0000,5357.8000,5361.4000,5362.0000,5362.4000,5363.0000,5363.4000,1,1,8,1,2,2,1,1,4,2
SF,IC2003,2020-01-03 10:27:26.900,5359.8000,53794,0,3910796520.000,0,-,-,-,-,5359.2000,5359.0000,5357.8000,5357.0000,5356.8000,5361.2000,5361.4000,5362.4000,5363.0000,5363.4000,8,1,2,2,1,2,2,1,4,2
SF,IC2003,2020-01-03 10:27:27.400,5359.8000,53794,0,3910796520.000,0,-,-,-,-,5359.2000,5359.0000,5357.8000,5357.0000,5356.8000,5360.8000,5361.2000,5361.4000,5362.4000,5363.0000,9,1,2,2,1,1,2,2,1,4
SF,IC2003,2020-01-03 10:27:27.900,5359.8000,53794,0,3910796520.000,0,-,-,-,-,5359.2000,5359.0000,5357.8000,5357.0000,5356.8000,5360.6000,5360.8000,5361.2000,5361.4000,5362.4000,9,1,2,2,1,1,1,1,2,1
SF,IC2003,2020-01-03 10:27:28.400,5359.8000,53794,0,3910796520.000,0,-,-,-,-,5359.2000,5359.0000,5357.8000,5357.0000,5356.8000,5360.6000,5360.8000,5361.4000,5362.4000,5363.0000,9,1,2,2,1,1,1,2,1,4
SF,IC2003,2020-01-03 10:27:30.400,5359.8000,53794,0,3910796520.000,0,-,-,-,-,5359.2000,5359.0000,5357.8000,5357.0000,5356.8000,5360.6000,5360.8000,5361.4000,5362.4000,5363.0000,9,1,2,2,1,2,1,2,1,4
SF,IC2003,2020-01-03 10:27:30.900,5359.8000,53794,0,3910796520.000,0,-,-,-,-,5359.4000,5359.2000,5359.0000,5357.8000,5357.0000,5360.6000,5360.8000,5361.4000,5362.4000,5363.0000,1,9,1,2,2,2,1,2,1,4
SF,IC2003,2020-01-03 10:27:31.400,5359.8000,53794,0,3910796520.000,0,-,-,-,-,5359.4000,5359.2000,5359.0000,5357.8000,5357.0000,5360.4000,5360.6000,5360.8000,5361.4000,5362.4000,1,9,1,2,2,3,2,1,2,1
SF,IC2003,2020-01-03 10:27:31.900,5359.8000,53794,0,3910796520.000,0,-,-,-,-,5359.4000,5359.2000,5359.0000,5357.8000,5357.0000,5360.2000,5360.4000,5360.6000,5360.8000,5361.4000,1,9,1,2,2,1,3,1,1,2
SF,IC2003,2020-01-03 10:27:32.400,5360.4000,53794,0,3912940680.000,2,1,1,多换,S,5360.4000,5360.0000,5359.6000,5359.4000,5359.2000,5360.6000,5360.8000,5361.4000,5362.4000,5363.0000,4,4,1,1,5,1,1,1,1,4
SF,IC2003,2020-01-03 10:27:32.900,5360.8000,53795,1,3915084960.000,2,1,1,空开,S,5360.8000,5360.6000,5359.6000,5359.2000,5357.8000,5361.0000,5362.4000,5363.0000,5363.4000,5363.6000,6,4,1,5,2,1,1,4,2,1
SF,IC2003,2020-01-03 10:27:33.400,5361.0000,53795,0,3916157160.000,1,0,1,多换,S,5361.2000,5361.0000,5360.6000,5359.6000,5359.2000,5362.4000,5363.0000,5363.4000,5363.6000,5364.0000,5,6,3,1,5,1,4,2,1,1
SF,IC2003,2020-01-03 10:27:33.900,5361.0000,53795,0,3916157160.000,0,-,-,-,-,5361.0000,5360.6000,5359.6000,5359.2000,5357.8000,5362.2000,5362.4000,5363.0000,5363.4000,5363.6000,6,3,1,1,2,1,1,4,2,1
SF,IC2003,2020-01-03 10:27:34.400,5361.0000,53795,0,3916157160.000,0,-,-,-,-,5361.2000,5361.0000,5360.6000,5359.6000,5359.4000,5362.2000,5362.4000,5363.0000,5363.4000,5364.0000,1,6,3,1,2,2,1,4,2,1
SF,IC2003,2020-01-03 10:27:34.900,5361.0000,53795,0,3916157160.000,0,-,-,-,-,5361.2000,5361.0000,5360.6000,5359.6000,5359.4000,5362.2000,5363.0000,5363.4000,5364.0000,5364.2000,1,6,3,1,2,2,4,2,1,1
SF,IC2003,2020-01-03 10:27:35.400,5362.0000,53795,0,3917229560.000,1,0,1,多换,S,5361.4000,5361.2000,5361.0000,5360.6000,5359.6000,5362.2000,5363.0000,5363.4000,5364.0000,5364.2000,1,1,6,3,1,2,4,2,1,1
SF,IC2003,2020-01-03 10:27:35.900,5362.0000,53795,0,3917229560.000,0,-,-,-,-,5361.4000,5361.0000,5360.6000,5359.6000,5359.4000,5362.2000,5363.0000,5363.4000,5364.0000,5364.2000,1,6,3,1,2,2,4,2,1,1
SF,IC2003,2020-01-03 10:27:37.400,5361.4000,53795,0,3918301840.000,1,0,1,多换,S,5361.0000,5360.6000,5359.6000,5359.4000,5359.2000,5362.2000,5363.0000,5363.4000,5364.0000,5364.2000,6,3,1,2,1,2,4,2,1,1
SF,IC2003,2020-01-03 10:27:38.900,5361.4000,53795,0,3918301840.000,0,-,-,-,-,5361.0000,5360.6000,5359.6000,5359.4000,5359.2000,5362.2000,5363.0000,5363.4000,5364.0000,5364.2000,6,2,1,2,1,2,4,2,1,1
SF,IC2003,2020-01-03 10:27:39.900,5361.4000,53795,0,3918301840.000,0,-,-,-,-,5361.2000,5361.0000,5360.6000,5359.6000,5359.4000,5362.2000,5362.8000,5363.0000,5363.4000,5364.0000,2,6,2,1,2,2,1,4,2,1
SF,IC2003,2020-01-03 10:27:40.900,5362.2000,53794,-1,3919374280.000,1,0,1,双平,S,5361.2000,5361.0000,5360.6000,5359.6000,5359.4000,5362.2000,5362.8000,5363.0000,5363.4000,5364.0000,2,6,1,1,2,1,1,4,2,1
SF,IC2003,2020-01-03 10:27:41.400,5362.2000,53794,0,3919374280.000,0,-,-,-,-,5361.2000,5361.0000,5360.6000,5359.6000,5359.4000,5362.2000,5362.8000,5363.0000,5363.4000,5364.0000,2,5,1,1,2,1,1,4,2,1
SF,IC2003,2020-01-03 10:27:41.900,5362.2000,53795,1,3920446720.000,1,1,0,双开,S,5361.4000,5361.2000,5361.0000,5360.6000,5359.4000,5362.8000,5363.0000,5363.4000,5364.0000,5364.2000,1,2,5,1,2,1,4,2,1,1
SF,IC2003,2020-01-03 10:27:42.400,5362.8000,53796,1,3921519280.000,1,1,0,双开,S,5361.4000,5361.2000,5361.0000,5360.6000,5359.4000,5363.0000,5363.4000,5364.0000,5364.2000,5364.4000,2,2,5,1,2,4,2,1,1,1
SF,IC2003,2020-01-03 10:27:42.900,5362.8000,53796,0,3921519280.000,0,-,-,-,-,5361.4000,5361.2000,5361.0000,5360.6000,5359.4000,5362.8000,5363.0000,5363.4000,5364.0000,5364.2000,2,1,1,1,2,1,4,2,1,1
SF,IC2003,2020-01-03 10:27:43.400,5362.8000,53796,0,3921519280.000,0,-,-,-,-,5361.6000,5361.4000,5361.2000,5361.0000,5359.4000,5363.0000,5363.4000,5364.0000,5364.2000,5364.4000,1,2,1,1,2,4,2,1,1,1
SF,IC2003,2020-01-03 10:27:43.900,5362.8000,53796,0,3921519280.000,0,-,-,-,-,5361.8000,5361.6000,5361.4000,5361.2000,5361.0000,5363.0000,5363.4000,5364.0000,5364.2000,5364.4000,1,1,1,1,1,4,2,1,1,1
SF,IC2003,2020-01-03 10:27:44.400,5362.8000,53796,0,3921519280.000,0,-,-,-,-,5361.8000,5361.6000,5361.4000,5361.2000,5361.0000,5363.0000,5363.4000,5364.0000,5364.2000,5364.4000,1,1,1,1,1,4,2,1,1,1
SF,IC2003,2020-01-03 10:27:45.400,5362.8000,53796,0,3921519280.000,0,-,-,-,-,5362.2000,5361.8000,5361.6000,5361.4000,5361.2000,5363.0000,5363.4000,5364.0000,5364.2000,5364.4000,1,1,1,1,1,4,2,1,1,1
SF,IC2003,2020-01-03 10:27:45.900,5363.0000,53796,0,3923664480.000,2,1,1,多换,S,5362.4000,5362.2000,5361.6000,5361.4000,5361.2000,5363.0000,5363.4000,5364.0000,5364.2000,5364.4000,1,1,1,1,1,2,2,1,1,1
SF,IC2003,2020-01-03 10:27:46.400,5363.0000,53796,0,3923664480.000,0,-,-,-,-,5362.4000,5362.2000,5361.4000,5361.2000,5361.0000,5363.0000,5363.4000,5364.0000,5364.2000,5364.4000,1,1,1,1,1,2,2,1,1,1
SF,IC2003,2020-01-03 10:27:46.900,5363.0000,53797,1,3925809680.000,2,1,1,空开,S,5362.4000,5362.2000,5361.4000,5361.0000,5359.4000,5363.4000,5364.0000,5364.2000,5364.4000,5365.0000,1,1,1,1,2,2,1,1,1,22
SF,IC2003,2020-01-03 10:27:47.400,5363.0000,53797,0,3925809680.000,0,-,-,-,-,5362.2000,5361.4000,5361.0000,5359.4000,5357.8000,5363.4000,5364.0000,5364.2000,5364.4000,5365.0000,1,1,1,2,2,2,1,1,1,22
SF,IC2003,2020-01-03 10:27:47.900,5363.0000,53797,0,3925809680.000,0,-,-,-,-,5361.4000,5361.0000,5359.4000,5357.8000,5357.0000,5363.2000,5363.4000,5364.0000,5364.2000,5364.4000,1,1,2,2,2,4,2,1,1,1
SF,IC2003,2020-01-03 10:27:48.400,5363.0000,53797,0,3925809680.000,0,-,-,-,-,5361.8000,5361.6000,5361.4000,5361.0000,5359.4000,5363.2000,5363.4000,5364.0000,5364.2000,5364.4000,1,1,1,1,2,4,2,1,1,1
SF,IC2003,2020-01-03 10:27:48.900,5363.0000,53797,0,3925809680.000,0,-,-,-,-,5362.0000,5361.4000,5361.0000,5359.4000,5357.8000,5363.2000,5363.4000,5364.0000,5364.2000,5364.4000,1,1,1,2,2,4,2,1,1,1
SF,IC2003,2020-01-03 10:27:49.900,5363.0000,53797,0,3925809680.000,0,-,-,-,-,5362.0000,5361.4000,5361.0000,5359.4000,5357.8000,5363.0000,5363.2000,5363.4000,5364.0000,5364.2000,1,1,1,2,2,1,3,2,1,1
SF,IC2003,2020-01-03 10:27:50.400,5363.0000,53797,0,3925809680.000,0,-,-,-,-,5361.4000,5361.0000,5359.4000,5357.8000,5357.0000,5363.0000,5363.2000,5363.4000,5364.0000,5364.2000,1,1,2,2,2,1,3,2,1,1
SF,IC2003,2020-01-03 10:27:50.900,5363.0000,53797,0,3925809680.000,0,-,-,-,-,5361.6000,5361.4000,5361.0000,5359.4000,5357.8000,5363.0000,5363.2000,5363.4000,5364.0000,5364.2000,1,1,1,2,2,1,3,2,1,1
SF,IC2003,2020-01-03 10:27:51.900,5363.0000,53797,0,3925809680.000,0,-,-,-,-,5361.6000,5361.4000,5361.0000,5359.4000,5357.8000,5363.0000,5363.2000,5363.4000,5364.0000,5364.2000,1,1,1,2,2,1,2,2,1,1
SF,IC2003,2020-01-03 10:27:52.900,5363.0000,53797,0,3925809680.000,0,-,-,-,-,5361.6000,5361.4000,5361.0000,5359.4000,5357.8000,5363.2000,5363.4000,5364.0000,5364.2000,5364.4000,1,1,1,2,2,2,2,1,1,1
SF,IC2003,2020-01-03 10:27:53.400,5363.0000,53797,0,3925809680.000,0,-,-,-,-,5361.4000,5361.0000,5359.4000,5357.8000,5357.0000,5363.2000,5363.4000,5364.0000,5364.2000,5364.4000,1,1,2,2,2,1,2,1,1,1
SF,IC2003,2020-01-03 10:27:53.900,5363.0000,53797,0,3925809680.000,0,-,-,-,-,5361.8000,5361.6000,5361.4000,5361.0000,5359.4000,5363.2000,5363.4000,5364.0000,5364.2000,5364.4000,2,1,2,1,2,1,2,1,1,1
SF,IC2003,2020-01-03 10:27:54.400,5363.0000,53797,0,3925809680.000,0,-,-,-,-,5362.0000,5361.4000,5361.0000,5359.4000,5357.8000,5363.4000,5364.0000,5364.2000,5364.4000,5365.0000,1,2,1,2,2,2,1,1,1,22
SF,IC2003,2020-01-03 10:27:54.900,5363.0000,53797,0,3925809680.000,0,-,-,-,-,5362.0000,5361.4000,5361.0000,5359.4000,5357.8000,5363.4000,5364.0000,5364.2000,5364.4000,5365.0000,2,1,1,2,2,2,1,1,1,22
SF,IC2003,2020-01-03 10:27:56.400,5363.0000,53797,0,3925809680.000,0,-,-,-,-,5362.0000,5361.0000,5359.4000,5357.8000,5357.0000,5363.4000,5364.0000,5364.2000,5364.4000,5365.0000,2,1,2,2,2,2,1,1,1,22
SF,IC2003,2020-01-03 10:27:56.900,5363.0000,53797,0,3925809680.000,0,-,-,-,-,5362.0000,5361.0000,5359.4000,5357.8000,5357.0000,5363.2000,5363.4000,5364.0000,5364.2000,5364.4000,2,1,2,2,2,1,2,1,1,1
SF,IC2003,2020-01-03 10:27:57.400,5363.0000,53797,0,3925809680.000,0,-,-,-,-,5362.0000,5361.0000,5359.4000,5357.8000,5357.0000,5363.2000,5363.4000,5364.0000,5364.2000,5364.4000,1,1,2,2,2,1,2,1,1,1
SF,IC2003,2020-01-03 10:27:57.900,5363.0000,53797,0,3925809680.000,0,-,-,-,-,5362.2000,5362.0000,5361.0000,5359.4000,5357.8000,5363.4000,5364.0000,5364.2000,5364.4000,5365.0000,1,2,1,2,2,2,1,1,1,22
SF,IC2003,2020-01-03 10:27:58.900,5363.0000,53797,0,3925809680.000,0,-,-,-,-,5362.2000,5362.0000,5361.0000,5359.4000,5357.8000,5363.4000,5364.0000,5364.2000,5364.4000,5365.0000,1,2,1,2,1,2,1,1,1,22
SF,IC2003,2020-01-03 10:27:59.400,5363.0000,53797,0,3925809680.000,0,-,-,-,-,5362.2000,5362.0000,5361.0000,5359.4000,5357.8000,5363.4000,5363.8000,5364.0000,5364.2000,5364.4000,1,2,1,2,1,2,1,1,1,1
SF,IC2003,2020-01-03 10:27:59.900,5363.0000,53797,0,3925809680.000,0,-,-,-,-,5362.0000,5361.0000,5359.4000,5357.8000,5357.0000,5363.2000,5363.4000,5363.8000,5364.0000,5364.2000,1,1,2,1,2,2,2,1,1,1
SF,IC2003,2020-01-03 10:28:00.400,5363.0000,53797,0,3925809680.000,0,-,-,-,-,5362.2000,5362.0000,5361.0000,5359.4000,5357.8000,5363.2000,5363.4000,5363.8000,5364.0000,5364.2000,1,1,1,2,1,1,2,1,1,1
SF,IC2003,2020-01-03 10:28:00.900,5363.0000,53797,0,3925809680.000,0,-,-,-,-,5362.0000,5361.0000,5359.4000,5357.8000,5357.0000,5363.0000,5363.2000,5363.4000,5363.8000,5364.0000,1,1,2,1,2,3,1,2,1,1
SF,IC2003,2020-01-03 10:28:01.400,5363.0000,53797,0,3925809680.000,0,-,-,-,-,5362.0000,5361.0000,5359.4000,5357.8000,5357.0000,5362.8000,5363.0000,5363.4000,5363.8000,5364.0000,1,1,2,1,2,1,4,2,1,1
SF,IC2003,2020-01-03 10:28:02.900,5363.0000,53797,0,3925809680.000,0,-,-,-,-,5362.0000,5361.0000,5359.4000,5357.8000,5357.0000,5362.8000,5363.0000,5363.4000,5363.8000,5364.0000,1,1,2,1,2,1,2,2,1,1
SF,IC2003,2020-01-03 10:28:03.400,5363.0000,53797,0,3925809680.000,0,-,-,-,-,5362.0000,5361.0000,5359.4000,5357.8000,5357.0000,5362.6000,5362.8000,5363.0000,5363.4000,5363.8000,1,1,2,1,2,2,1,2,2,1
SF,IC2003,2020-01-03 10:28:03.900,5363.0000,53797,0,3925809680.000,0,-,-,-,-,5362.0000,5361.0000,5359.4000,5357.8000,5357.0000,5362.4000,5362.6000,5363.0000,5363.4000,5363.8000,1,1,2,1,2,1,2,2,2,1
SF,IC2003,2020-01-03 10:28:04.400,5362.6000,53797,0,3926882200.000,1,0,1,多换,S,5362.4000,5362.0000,5361.0000,5359.4000,5357.8000,5362.6000,5363.0000,5363.4000,5363.8000,5364.0000,1,1,1,2,1,2,2,2,1,1
SF,IC2003,2020-01-03 10:28:05.400,5362.4000,53797,0,3927954680.000,1,0,1,多换,S,5362.0000,5361.0000,5359.4000,5357.8000,5357.0000,5362.6000,5363.0000,5363.4000,5363.6000,5363.8000,1,1,2,1,2,2,2,2,1,1
SF,IC2003,2020-01-03 10:28:05.900,5362.4000,53797,0,3927954680.000,0,-,-,-,-,5362.0000,5361.0000,5359.4000,5357.8000,5357.0000,5362.6000,5363.0000,5363.4000,5363.6000,5363.8000,1,1,2,1,2,2,2,2,1,1
SF,IC2003,2020-01-03 10:28:07.400,5362.4000,53797,0,3927954680.000,0,-,-,-,-,5362.0000,5361.0000,5359.4000,5357.8000,5357.0000,5362.6000,5363.0000,5363.4000,5363.6000,5363.8000,1,1,2,1,2,2,2,2,1,1
SF,IC2003,2020-01-03 10:28:07.900,5362.6000,53796,-1,3929027200.000,1,0,1,双平,S,5362.0000,5361.0000,5359.4000,5357.8000,5357.0000,5362.6000,5363.0000,5363.4000,5363.6000,5363.8000,1,1,2,1,2,1,1,2,1,1
SF,IC2003,2020-01-03 10:28:08.400,5363.0000,53796,0,3931172320.000,2,1,1,多换,S,5362.8000,5362.6000,5362.2000,5362.0000,5361.0000,5363.4000,5363.6000,5363.8000,5364.0000,5364.2000,1,1,1,1,1,2,1,1,1,1
SF,IC2003,2020-01-03 10:28:08.900,5363.0000,53795,-1,3933317600.000,2,0,2,多平,S,5362.0000,5361.0000,5359.4000,5357.0000,5356.8000,5363.4000,5363.6000,5363.8000,5364.0000,5364.2000,1,1,2,2,1,1,1,1,1,1
SF,IC2003,2020-01-03 10:28:09.400,5363.4000,53795,0,3934390280.000,1,0,1,多换,S,5363.0000,5362.6000,5362.2000,5362.0000,5361.0000,5363.6000,5363.8000,5364.0000,5364.2000,5364.4000,4,2,2,2,1,1,1,1,1,1
SF,IC2003,2020-01-03 10:28:09.900,5363.8000,53794,-1,3936535760.000,2,0,2,多平,S,5363.8000,5363.6000,5362.6000,5362.2000,5362.0000,5364.0000,5364.2000,5364.4000,5365.0000,5365.4000,3,2,2,1,2,1,1,1,22,2
SF,IC2003,2020-01-03 10:28:10.400,5364.0000,53794,0,3937608560.000,1,0,1,多换,S,5364.0000,5363.6000,5362.6000,5362.2000,5362.0000,5364.2000,5364.4000,5365.0000,5365.4000,5365.8000,3,2,2,1,2,1,1,22,2,3
SF,IC2003,2020-01-03 10:28:10.900,5364.2000,53794,0,3938681400.000,1,0,1,多换,S,5364.0000,5363.6000,5362.6000,5362.2000,5362.0000,5364.4000,5365.0000,5365.4000,5365.8000,5366.0000,1,2,2,1,2,1,22,2,3,3
SF,IC2003,2020-01-03 10:28:11.400,5364.4000,53793,-1,3939754280.000,1,0,1,双平,S,5364.4000,5364.0000,5363.6000,5362.6000,5362.2000,5365.0000,5365.4000,5365.8000,5366.0000,5366.8000,1,1,2,2,1,22,2,3,3,1
SF,IC2003,2020-01-03 10:28:11.900,5364.4000,53791,-2,3942972840.000,3,0,3,多平,S,5364.4000,5363.6000,5362.6000,5362.2000,5362.0000,5364.8000,5365.0000,5365.4000,5365.8000,5366.0000,1,2,2,1,1,1,22,2,3,3
SF,IC2003,2020-01-03 10:28:12.400,5364.4000,53791,0,3942972840.000,0,-,-,-,-,5364.4000,5363.6000,5362.6000,5362.2000,5359.4000,5364.8000,5365.0000,5365.4000,5365.8000,5366.0000,2,2,2,1,2,1,22,2,3,3
SF,IC2003,2020-01-03 10:28:12.900,5364.4000,53791,0,3942972840.000,0,-,-,-,-,5364.4000,5363.6000,5362.6000,5362.2000,5359.4000,5365.0000,5365.4000,5365.8000,5366.0000,5366.8000,2,2,2,1,2,22,2,3,3,1
SF,IC2003,2020-01-03 10:28:13.400,5364.4000,53792,1,3945118600.000,2,1,1,空开,S,5363.6000,5362.6000,5362.2000,5359.4000,5359.2000,5363.8000,5364.8000,5365.0000,5365.4000,5365.8000,2,2,1,2,5,1,1,22,2,3
SF,IC2003,2020-01-03 10:28:13.900,5363.8000,53792,0,3946191360.000,1,0,1,多换,S,5364.2000,5363.8000,5362.6000,5362.4000,5362.2000,5364.8000,5365.0000,5365.4000,5365.8000,5366.0000,1,2,2,1,1,1,22,2,3,3
SF,IC2003,2020-01-03 10:28:14.400,5364.2000,53793,1,3947264200.000,1,1,0,双开,S,5363.8000,5362.6000,5362.4000,5362.2000,5359.4000,5364.2000,5364.8000,5365.0000,5365.4000,5365.8000,1,2,1,1,2,3,1,22,2,3
SF,IC2003,2020-01-03 10:28:14.900,5364.2000,53793,0,3947264200.000,0,-,-,-,-,5362.6000,5362.4000,5362.2000,5359.4000,5357.0000,5363.8000,5364.2000,5364.4000,5364.8000,5365.0000,2,1,1,2,2,3,1,1,1,22
SF,IC2003,2020-01-03 10:28:15.400,5364.2000,53793,0,3947264200.000,0,-,-,-,-,5362.6000,5362.4000,5362.2000,5359.4000,5357.0000,5363.8000,5364.2000,5364.4000,5364.8000,5365.0000,2,1,1,2,2,1,1,1,1,22
SF,IC2003,2020-01-03 10:28:16.400,5363.8000,53793,0,3948336960.000,1,0,1,多换,S,5362.4000,5362.2000,5359.4000,5357.0000,5356.8000,5364.2000,5364.4000,5364.8000,5365.0000,5365.4000,1,1,2,2,1,1,1,1,22,2
SF,IC2003,2020-01-03 10:28:16.900,5363.8000,53793,0,3948336960.000,0,-,-,-,-,5363.6000,5362.8000,5362.6000,5362.4000,5359.4000,5364.0000,5364.2000,5364.4000,5364.8000,5365.0000,1,2,1,1,2,1,1,1,1,22
SF,IC2003,2020-01-03 10:28:17.400,5363.6000,53793,0,3949409680.000,1,0,1,多换,S,5362.6000,5362.4000,5359.4000,5357.0000,5356.8000,5364.0000,5364.2000,5364.4000,5364.8000,5365.0000,1,1,2,2,1,1,1,1,1,22
SF,IC2003,2020-01-03 10:28:19.900,5364.0000,53793,0,3950482480.000,1,0,1,多换,S,5362.6000,5362.4000,5359.4000,5357.0000,5356.8000,5364.2000,5364.4000,5364.8000,5365.0000,5365.4000,1,1,2,2,1,1,1,1,22,2
SF,IC2003,2020-01-03 10:28:20.400,5364.0000,53793,0,3950482480.000,0,-,-,-,-,5362.4000,5359.4000,5357.0000,5356.8000,5356.0000,5364.0000,5364.2000,5364.4000,5364.8000,5365.0000,1,2,2,1,2,2,2,1,1,22
SF,IC2003,2020-01-03 10:28:20.900,5362.4000,53793,0,3951554960.000,1,0,1,多换,S,5359.4000,5357.0000,5356.8000,5356.0000,5355.2000,5363.6000,5363.8000,5364.0000,5364.2000,5364.4000,2,2,1,2,1,2,4,1,1,1
SF,IC2003,2020-01-03 10:28:21.400,5362.4000,53793,0,3951554960.000,0,-,-,-,-,5361.6000,5361.4000,5361.0000,5360.8000,5360.6000,5363.0000,5363.4000,5363.6000,5363.8000,5364.2000,1,1,1,3,2,1,5,1,3,1
SF,IC2003,2020-01-03 10:28:21.900,5362.4000,53793,0,3951554960.000,0,-,-,-,-,5361.6000,5361.4000,5361.0000,5360.8000,5360.2000,5362.8000,5363.0000,5363.4000,5363.6000,5363.8000,1,1,1,3,1,2,1,1,1,3
SF,IC2003,2020-01-03 10:28:22.400,5362.4000,53793,0,3951554960.000,0,-,-,-,-,5361.0000,5360.2000,5360.0000,5359.8000,5359.6000,5362.6000,5362.8000,5363.0000,5363.4000,5363.8000,1,1,1,1,5,1,2,1,1,1
SF,IC2003,2020-01-03 10:28:22.900,5362.4000,53793,0,3951554960.000,0,-,-,-,-,5361.2000,5361.0000,5360.2000,5360.0000,5359.8000,5362.4000,5362.6000,5362.8000,5363.0000,5363.4000,1,1,1,1,1,1,1,1,1,1
SF,IC2003,2020-01-03 10:28:23.400,5362.4000,53793,0,3951554960.000,0,-,-,-,-,5361.2000,5361.0000,5360.2000,5360.0000,5359.6000,5362.4000,5362.6000,5362.8000,5363.0000,5363.4000,1,1,1,1,4,1,1,1,1,1
SF,IC2003,2020-01-03 10:28:23.900,5362.4000,53793,0,3951554960.000,0,-,-,-,-,5361.6000,5361.2000,5361.0000,5360.2000,5360.0000,5362.4000,5362.6000,5363.0000,5363.4000,5364.4000,1,1,1,1,1,1,1,1,1,1
SF,IC2003,2020-01-03 10:28:24.400,5362.4000,53793,0,3951554960.000,0,-,-,-,-,5361.6000,5361.2000,5361.0000,5360.0000,5359.6000,5362.4000,5362.6000,5363.0000,5363.4000,5364.4000,1,1,1,1,4,1,1,1,1,1
SF,IC2003,2020-01-03 10:28:25.400,5362.4000,53793,0,3951554960.000,0,-,-,-,-,5361.2000,5361.0000,5359.6000,5359.4000,5357.0000,5361.6000,5362.2000,5362.4000,5362.6000,5364.4000,1,1,4,2,2,3,1,1,1,1
SF,IC2003,2020-01-03 10:28:25.900,5361.2000,53792,-1,3952627200.000,1,0,1,双平,S,5360.0000,5359.6000,5359.4000,5357.0000,5356.8000,5362.2000,5362.6000,5364.4000,5364.8000,5365.0000,1,4,2,2,1,1,1,1,1,22
SF,IC2003,2020-01-03 10:28:26.400,5361.2000,53792,0,3952627200.000,0,-,-,-,-,5360.4000,5360.2000,5360.0000,5359.6000,5359.4000,5362.0000,5362.6000,5364.4000,5364.8000,5365.0000,4,1,1,3,2,4,1,1,1,22
SF,IC2003,2020-01-03 10:28:26.900,5361.2000,53792,0,3952627200.000,0,-,-,-,-,5360.4000,5360.2000,5360.0000,5359.6000,5359.4000,5362.0000,5362.6000,5364.4000,5364.8000,5365.0000,2,1,1,3,2,4,2,1,1,22
SF,IC2003,2020-01-03 10:28:27.400,5361.2000,53792,0,3952627200.000,0,-,-,-,-,5360.4000,5360.2000,5360.0000,5359.6000,5359.4000,5361.8000,5362.0000,5362.6000,5364.4000,5364.8000,2,1,1,3,2,1,4,2,1,1
SF,IC2003,2020-01-03 10:28:27.900,5361.2000,53792,0,3952627200.000,0,-,-,-,-,5360.4000,5360.2000,5360.0000,5359.6000,5359.4000,5361.8000,5362.0000,5362.6000,5364.4000,5364.8000,2,1,1,3,2,1,2,2,1,1
SF,IC2003,2020-01-03 10:28:28.900,5361.2000,53792,0,3952627200.000,0,-,-,-,-,5360.8000,5360.6000,5360.4000,5360.2000,5360.0000,5362.0000,5362.6000,5364.4000,5364.8000,5365.0000,1,1,2,1,1,2,2,1,1,22
SF,IC2003,2020-01-03 10:28:29.400,5362.0000,53791,-1,3953699600.000,1,0,1,双平,S,5360.6000,5360.4000,5360.2000,5360.0000,5359.6000,5362.6000,5364.0000,5364.4000,5364.8000,5365.0000,1,2,1,1,3,2,1,1,1,22
SF,IC2003,2020-01-03 10:28:29.900,5362.0000,53791,0,3953699600.000,0,-,-,-,-,5361.0000,5360.8000,5360.6000,5360.4000,5360.0000,5362.4000,5362.6000,5364.0000,5364.4000,5364.8000,1,3,1,1,1,4,2,1,1,1
SF,IC2003,2020-01-03 10:28:30.400,5362.0000,53791,0,3953699600.000,0,-,-,-,-,5362.0000,5361.2000,5361.0000,5360.6000,5360.4000,5362.2000,5362.4000,5362.6000,5364.0000,5364.4000,2,1,1,1,1,1,2,2,1,1
SF,IC2003,2020-01-03 10:28:30.900,5362.2000,53791,0,3954772040.000,1,0,1,多换,S,5361.2000,5361.0000,5360.6000,5360.4000,5360.0000,5362.2000,5362.6000,5364.0000,5364.4000,5364.8000,1,1,1,1,1,2,2,1,1,1
SF,IC2003,2020-01-03 10:28:31.400,5362.2000,53791,0,3956916920.000,2,1,1,多换,S,5362.0000,5361.8000,5361.2000,5361.0000,5360.6000,5362.4000,5362.6000,5364.0000,5364.4000,5364.8000,4,1,1,1,1,2,2,1,1,1
SF,IC2003,2020-01-03 10:28:31.900,5362.4000,53791,0,3957989400.000,1,0,1,多换,S,5361.8000,5361.2000,5361.0000,5360.4000,5360.0000,5362.6000,5364.0000,5364.8000,5365.0000,5365.4000,1,1,1,1,1,2,1,1,22,3
SF,IC2003,2020-01-03 10:28:32.400,5362.4000,53791,0,3957989400.000,0,-,-,-,-,5361.8000,5361.2000,5361.0000,5360.4000,5360.0000,5362.6000,5364.0000,5364.8000,5365.0000,5365.4000,2,1,1,1,1,2,1,1,22,3
SF,IC2003,2020-01-03 10:28:33.900,5361.8000,53790,-1,3959061760.000,1,0,1,双平,S,5362.2000,5361.8000,5361.2000,5361.0000,5360.4000,5362.6000,5364.0000,5364.8000,5365.0000,5365.4000,1,1,1,1,1,2,1,1,22,3
SF,IC2003,2020-01-03 10:28:34.400,5362.2000,53790,0,3960134200.000,1,0,1,多换,S,5361.8000,5361.2000,5361.0000,5360.4000,5360.0000,5362.6000,5364.0000,5364.8000,5365.0000,5365.4000,1,1,1,1,1,2,1,1,22,3
SF,IC2003,2020-01-03 10:28:34.900,5362.2000,53790,0,3960134200.000,0,-,-,-,-,5361.8000,5361.2000,5361.0000,5360.4000,5360.0000,5362.6000,5364.0000,5364.8000,5365.0000,5365.4000,1,1,1,1,1,2,2,1,22,3
SF,IC2003,2020-01-03 10:28:35.900,5362.6000,53792,2,3962279240.000,2,2,0,双开,S,5361.8000,5361.2000,5360.4000,5360.0000,5359.6000,5364.0000,5364.8000,5365.0000,5365.4000,5365.8000,1,1,1,1,4,2,1,22,3,3
SF,IC2003,2020-01-03 10:28:36.400,5362.6000,53792,0,3962279240.000,0,-,-,-,-,5361.8000,5361.2000,5360.4000,5360.0000,5359.6000,5363.6000,5363.8000,5364.0000,5364.8000,5365.0000,1,1,1,1,4,1,1,3,1,22
SF,IC2003,2020-01-03 10:28:36.900,5362.6000,53792,0,3962279240.000,0,-,-,-,-,5361.8000,5361.2000,5360.4000,5360.0000,5359.6000,5363.4000,5363.6000,5364.0000,5364.8000,5365.0000,1,1,1,1,4,2,1,3,1,22
SF,IC2003,2020-01-03 10:28:37.400,5362.6000,53792,0,3962279240.000,0,-,-,-,-,5362.0000,5361.8000,5361.2000,5360.4000,5360.0000,5363.4000,5363.6000,5364.0000,5364.8000,5365.0000,1,1,1,1,1,2,1,3,1,22
SF,IC2003,2020-01-03 10:28:37.900,5362.6000,53792,0,3962279240.000,0,-,-,-,-,5362.2000,5362.0000,5361.8000,5360.4000,5360.0000,5363.4000,5363.6000,5364.0000,5364.8000,5365.0000,1,1,1,1,1,2,1,3,1,22
SF,IC2003,2020-01-03 10:28:38.400,5362.6000,53792,0,3962279240.000,0,-,-,-,-,5362.2000,5362.0000,5361.8000,5360.4000,5360.0000,5363.4000,5363.6000,5364.0000,5364.8000,5365.0000,1,1,1,1,1,1,1,3,1,22
SF,IC2003,2020-01-03 10:28:38.900,5362.6000,53792,0,3962279240.000,0,-,-,-,-,5362.6000,5362.2000,5361.8000,5360.4000,5360.0000,5363.4000,5363.6000,5364.0000,5364.8000,5365.0000,1,1,1,1,1,1,1,3,1,22
SF,IC2003,2020-01-03 10:28:39.400,5362.6000,53792,0,3962279240.000,0,-,-,-,-,5362.2000,5361.8000,5360.4000,5360.0000,5359.6000,5363.6000,5364.0000,5364.8000,5365.0000,5365.4000,1,1,1,1,4,1,3,1,22,3
SF,IC2003,2020-01-03 10:28:40.400,5362.6000,53792,0,3962279240.000,0,-,-,-,-,5362.4000,5362.2000,5361.8000,5360.4000,5360.0000,5363.6000,5364.0000,5364.8000,5365.0000,5365.4000,1,2,1,1,1,1,2,1,22,3
SF,IC2003,2020-01-03 10:28:40.900,5362.6000,53792,0,3962279240.000,0,-,-,-,-,5362.6000,5362.4000,5361.8000,5360.4000,5360.0000,5363.4000,5364.0000,5364.8000,5365.0000,5365.4000,1,2,1,1,1,1,2,1,22,3
SF,IC2003,2020-01-03 10:28:41.400,5363.4000,53793,1,3963351920.000,1,1,0,双开,S,5363.6000,5363.4000,5362.6000,5362.4000,5361.8000,5363.8000,5364.0000,5364.8000,5365.0000,5365.4000,1,2,1,2,1,1,2,1,22,3
SF,IC2003,2020-01-03 10:28:41.900,5363.8000,53792,-1,3965497440.000,2,0,2,多平,S,5363.8000,5362.6000,5362.4000,5361.8000,5360.4000,5364.0000,5364.8000,5365.0000,5365.4000,5365.8000,1,1,1,1,1,2,1,22,3,3
SF,IC2003,2020-01-03 10:28:42.400,5363.8000,53791,-1,3966570200.000,1,0,1,双平,S,5362.6000,5362.4000,5361.8000,5360.4000,5360.0000,5364.0000,5364.8000,5365.0000,5365.4000,5365.8000,1,1,1,1,1,2,1,22,3,3
SF,IC2003,2020-01-03 10:28:43.900,5363.8000,53791,0,3966570200.000,0,-,-,-,-,5362.6000,5361.8000,5360.4000,5360.0000,5359.6000,5364.0000,5364.8000,5365.0000,5365.4000,5365.8000,1,1,1,1,4,2,1,22,3,3
SF,IC2003,2020-01-03 10:28:44.400,5363.8000,53791,0,3966570200.000,0,-,-,-,-,5362.8000,5362.6000,5361.8000,5360.4000,5360.0000,5364.0000,5364.8000,5365.0000,5365.4000,5365.8000,1,1,1,1,1,2,1,22,3,3
SF,IC2003,2020-01-03 10:28:45.900,5363.8000,53791,0,3966570200.000,0,-,-,-,-,5363.2000,5362.8000,5362.6000,5361.8000,5360.4000,5364.0000,5364.8000,5365.0000,5365.4000,5365.8000,1,2,1,1,1,3,1,22,3,3
SF,IC2003,2020-01-03 10:28:46.400,5364.0000,53789,-2,3969788600.000,3,0,3,多平,S,5364.0000,5363.4000,5363.2000,5362.8000,5362.6000,5364.8000,5365.0000,5365.4000,5365.8000,5366.0000,2,1,1,2,1,1,22,3,3,3
SF,IC2003,2020-01-03 10:28:46.900,5364.0000,53789,0,3969788600.000,0,-,-,-,-,5363.4000,5363.2000,5362.8000,5362.6000,5361.8000,5364.8000,5365.0000,5365.4000,5365.8000,5366.0000,1,1,2,1,1,1,22,3,3,3
SF,IC2003,2020-01-03 10:28:47.400,5364.0000,53789,0,3969788600.000,0,-,-,-,-,5363.6000,5363.4000,5362.8000,5361.8000,5360.4000,5364.8000,5365.0000,5365.4000,5365.8000,5366.0000,1,1,2,1,1,1,23,3,3,3
SF,IC2003,2020-01-03 10:28:47.900,5364.0000,53789,0,3969788600.000,0,-,-,-,-,5363.6000,5363.4000,5362.8000,5361.8000,5360.4000,5364.8000,5365.0000,5365.4000,5365.8000,5366.0000,2,1,1,1,1,1,23,3,3,3
SF,IC2003,2020-01-03 10:28:48.900,5364.0000,53789,0,3969788600.000,0,-,-,-,-,5364.0000,5363.6000,5363.4000,5362.8000,5361.8000,5364.8000,5365.0000,5365.4000,5365.8000,5366.0000,1,1,1,1,1,1,23,3,3,3
SF,IC2003,2020-01-03 10:28:49.400,5364.0000,53788,-1,3970861400.000,1,0,1,双平,S,5363.6000,5363.4000,5361.8000,5360.4000,5360.0000,5364.8000,5365.0000,5365.4000,5365.8000,5366.0000,1,1,1,1,1,1,23,3,3,3
SF,IC2003,2020-01-03 10:28:49.900,5364.6000,53787,-1,3971934320.000,1,0,1,双平,S,5363.4000,5361.8000,5360.4000,5360.0000,5359.6000,5364.8000,5365.0000,5365.4000,5365.8000,5366.0000,1,1,1,2,4,2,23,3,3,3
SF,IC2003,2020-01-03 10:28:50.400,5364.6000,53787,0,3971934320.000,0,-,-,-,-,5363.8000,5363.6000,5363.4000,5361.8000,5360.4000,5364.8000,5365.0000,5365.4000,5365.8000,5366.0000,1,1,1,1,1,2,23,3,3,3
SF,IC2003,2020-01-03 10:28:50.900,5363.8000,53788,1,3973007080.000,1,1,0,双开,S,5363.4000,5361.8000,5360.4000,5360.0000,5359.6000,5363.6000,5364.6000,5364.8000,5365.0000,5365.4000,1,1,1,2,4,1,1,2,23,3
SF,IC2003,2020-01-03 10:28:51.400,5363.6000,53786,-2,3975152480.000,2,0,2,双平,S,5361.8000,5360.4000,5360.0000,5359.6000,5359.4000,5363.4000,5364.6000,5364.8000,5365.0000,5365.4000,1,1,2,4,2,1,1,2,23,3
SF,IC2003,2020-01-03 10:28:51.900,5363.4000,53786,0,3976225160.000,1,0,1,多换,S,5363.6000,5362.6000,5362.2000,5362.0000,5361.8000,5364.6000,5364.8000,5365.0000,5365.4000,5365.8000,1,5,1,2,2,1,2,23,3,3
SF,IC2003,2020-01-03 10:28:52.400,5363.6000,53784,-2,3979443320.000,3,0,3,多平,S,5362.6000,5362.2000,5362.0000,5361.8000,5360.0000,5363.8000,5364.2000,5364.4000,5364.6000,5364.8000,1,1,1,1,2,2,1,1,1,2
SF,IC2003,2020-01-03 10:28:52.900,5363.6000,53784,0,3979443320.000,0,-,-,-,-,5362.2000,5362.0000,5361.8000,5360.0000,5359.6000,5364.2000,5364.4000,5364.6000,5364.8000,5365.0000,1,1,1,2,1,1,1,1,1,23
SF,IC2003,2020-01-03 10:28:53.400,5363.6000,53784,0,3979443320.000,0,-,-,-,-,5362.4000,5362.2000,5361.8000,5360.0000,5359.6000,5363.6000,5363.8000,5364.0000,5364.2000,5364.8000,3,1,1,2,1,1,1,1,1,1
SF,IC2003,2020-01-03 10:28:53.900,5363.6000,53784,0,3979443320.000,0,-,-,-,-,5361.8000,5360.0000,5359.6000,5359.4000,5357.0000,5363.4000,5363.6000,5363.8000,5364.8000,5365.0000,1,2,1,2,2,2,2,1,1,23
SF,IC2003,2020-01-03 10:28:54.400,5363.4000,53783,-1,3980516000.000,1,0,1,双平,S,5361.8000,5360.0000,5359.6000,5359.4000,5357.0000,5363.0000,5363.2000,5363.4000,5363.6000,5364.8000,1,2,1,2,2,1,1,1,2,1
SF,IC2003,2020-01-03 10:28:54.900,5363.4000,53783,0,3980516000.000,0,-,-,-,-,5361.8000,5360.0000,5359.6000,5359.4000,5357.0000,5363.0000,5363.2000,5363.4000,5363.6000,5364.8000,1,2,1,2,2,2,1,1,1,1
SF,IC2003,2020-01-03 10:28:55.900,5363.4000,53783,0,3980516000.000,0,-,-,-,-,5361.8000,5360.0000,5359.6000,5359.4000,5357.0000,5363.0000,5363.4000,5363.6000,5364.8000,5365.0000,1,2,1,2,2,2,1,1,1,23
SF,IC2003,2020-01-03 10:28:56.900,5363.4000,53783,0,3980516000.000,0,-,-,-,-,5361.8000,5360.0000,5359.6000,5359.4000,5357.0000,5362.8000,5363.0000,5363.4000,5364.8000,5365.0000,1,2,1,2,2,1,2,1,1,23
SF,IC2003,2020-01-03 10:28:57.400,5363.4000,53783,0,3980516000.000,0,-,-,-,-,5361.8000,5360.8000,5360.0000,5359.6000,5359.4000,5363.0000,5363.4000,5364.8000,5365.0000,5365.4000,1,10,2,1,2,1,1,1,23,3
SF,IC2003,2020-01-03 10:28:57.900,5363.4000,53783,0,3980516000.000,0,-,-,-,-,5361.8000,5360.8000,5360.0000,5359.6000,5359.4000,5363.4000,5364.8000,5365.0000,5365.4000,5365.8000,1,10,2,1,2,1,1,23,3,3
SF,IC2003,2020-01-03 10:28:58.400,5363.4000,53783,0,3980516000.000,0,-,-,-,-,5362.0000,5361.8000,5360.8000,5360.0000,5359.6000,5363.4000,5364.8000,5365.0000,5365.4000,5365.8000,1,1,10,2,1,1,1,23,3,3
SF,IC2003,2020-01-03 10:28:58.900,5363.4000,53783,0,3980516000.000,0,-,-,-,-,5362.0000,5361.8000,5360.8000,5360.0000,5359.6000,5363.4000,5364.8000,5365.0000,5365.4000,5365.8000,2,1,10,2,1,1,1,23,3,3
SF,IC2003,2020-01-03 10:28:59.400,5363.4000,53783,0,3980516000.000,0,-,-,-,-,5362.2000,5362.0000,5361.8000,5360.8000,5360.0000,5364.8000,5365.0000,5365.4000,5365.8000,5366.0000,1,2,1,10,2,1,23,3,3,3
SF,IC2003,2020-01-03 10:28:59.900,5363.4000,53783,0,3980516000.000,0,-,-,-,-,5362.4000,5362.0000,5361.8000,5360.8000,5360.0000,5364.0000,5364.4000,5364.6000,5364.8000,5365.0000,1,1,1,10,2,1,1,2,1,23
SF,IC2003,2020-01-03 10:29:00.400,5363.4000,53783,0,3980516000.000,0,-,-,-,-,5362.4000,5361.8000,5360.8000,5360.0000,5359.6000,5364.0000,5364.4000,5364.6000,5364.8000,5365.0000,1,1,10,2,1,1,1,2,1,23
SF,IC2003,2020-01-03 10:29:00.900,5363.4000,53783,0,3980516000.000,0,-,-,-,-,5362.4000,5361.8000,5360.8000,5360.0000,5359.6000,5363.2000,5363.6000,5363.8000,5364.4000,5364.6000,2,1,10,2,1,1,1,1,1,1
SF,IC2003,2020-01-03 10:29:01.400,5363.4000,53783,0,3980516000.000,0,-,-,-,-,5363.4000,5362.4000,5362.0000,5361.8000,5360.8000,5364.4000,5364.6000,5364.8000,5365.0000,5365.4000,1,2,1,1,10,1,1,1,23,3
SF,IC2003,2020-01-03 10:29:01.900,5363.4000,53783,0,3980516000.000,0,-,-,-,-,5362.4000,5362.0000,5361.8000,5360.8000,5360.0000,5364.8000,5365.0000,5365.4000,5365.8000,5366.0000,2,1,1,10,2,1,23,3,3,3
SF,IC2003,2020-01-03 10:29:02.400,5363.4000,53783,0,3980516000.000,0,-,-,-,-,5362.8000,5362.4000,5362.0000,5361.8000,5360.8000,5364.4000,5364.6000,5364.8000,5365.0000,5365.4000,2,2,1,1,10,1,1,1,23,3
SF,IC2003,2020-01-03 10:29:02.900,5363.4000,53783,0,3980516000.000,0,-,-,-,-,5362.4000,5362.0000,5361.8000,5360.8000,5360.0000,5364.2000,5364.4000,5364.8000,5365.0000,5365.4000,2,1,1,10,1,1,1,1,23,3
SF,IC2003,2020-01-03 10:29:03.400,5363.4000,53783,0,3980516000.000,0,-,-,-,-,5362.8000,5362.4000,5362.0000,5361.8000,5360.8000,5364.2000,5364.4000,5364.8000,5365.0000,5365.4000,2,2,1,1,10,1,1,1,23,3
SF,IC2003,2020-01-03 10:29:03.900,5363.4000,53783,0,3980516000.000,0,-,-,-,-,5363.0000,5362.4000,5362.0000,5361.8000,5360.8000,5364.2000,5364.4000,5364.8000,5365.0000,5365.4000,1,1,1,1,10,1,1,1,23,3
SF,IC2003,2020-01-03 10:29:04.900,5363.4000,53783,0,3980516000.000,0,-,-,-,-,5363.0000,5362.4000,5362.0000,5361.8000,5360.8000,5363.8000,5364.2000,5364.4000,5364.8000,5365.0000,1,1,1,1,10,1,1,1,1,23
SF,IC2003,2020-01-03 10:29:05.400,5363.0000,53782,-1,3981588600.000,1,0,1,双平,S,5362.0000,5361.8000,5360.8000,5360.0000,5359.6000,5363.8000,5364.8000,5365.0000,5365.4000,5365.8000,1,1,10,1,1,1,1,23,3,3
SF,IC2003,2020-01-03 10:29:05.900,5363.0000,53782,0,3981588600.000,0,-,-,-,-,5363.0000,5362.8000,5362.4000,5362.2000,5362.0000,5364.8000,5365.0000,5365.4000,5365.8000,5366.0000,1,1,5,3,1,1,23,3,3,3
SF,IC2003,2020-01-03 10:29:06.400,5363.0000,53782,0,3981588600.000,0,-,-,-,-,5362.2000,5362.0000,5361.8000,5360.8000,5360.0000,5364.2000,5364.4000,5364.6000,5364.8000,5365.0000,1,1,1,10,1,2,1,2,2,23
SF,IC2003,2020-01-03 10:29:06.900,5363.0000,53782,0,3981588600.000,0,-,-,-,-,5362.2000,5362.0000,5361.8000,5360.8000,5360.0000,5364.0000,5364.2000,5364.4000,5364.6000,5364.8000,1,1,1,10,1,1,2,1,1,2
SF,IC2003,2020-01-03 10:29:07.400,5363.0000,53782,0,3981588600.000,0,-,-,-,-,5362.6000,5362.2000,5362.0000,5361.8000,5360.8000,5364.2000,5364.6000,5364.8000,5365.0000,5365.4000,2,1,1,1,10,2,1,1,23,3
SF,IC2003,2020-01-03 10:29:07.900,5363.0000,53782,0,3981588600.000,0,-,-,-,-,5362.8000,5362.4000,5362.0000,5361.8000,5360.8000,5364.2000,5364.6000,5364.8000,5365.0000,5365.4000,2,1,1,1,11,1,1,1,23,3
SF,IC2003,2020-01-03 10:29:08.400,5363.0000,53782,0,3981588600.000,0,-,-,-,-,5362.8000,5362.4000,5362.0000,5361.8000,5360.8000,5364.2000,5364.6000,5364.8000,5365.0000,5365.4000,2,1,1,1,11,1,1,1,23,3
SF,IC2003,2020-01-03 10:29:08.900,5363.0000,53782,0,3981588600.000,0,-,-,-,-,5362.8000,5362.4000,5362.0000,5361.8000,5360.8000,5364.2000,5364.8000,5365.0000,5365.4000,5365.8000,2,1,1,1,11,1,1,23,3,3
SF,IC2003,2020-01-03 10:29:09.400,5363.0000,53782,0,3981588600.000,0,-,-,-,-,5362.4000,5362.0000,5361.8000,5360.8000,5360.0000,5364.0000,5364.2000,5364.8000,5365.0000,5365.4000,1,1,1,11,2,1,1,1,23,3
SF,IC2003,2020-01-03 10:29:09.900,5363.0000,53782,0,3981588600.000,0,-,-,-,-,5362.6000,5362.0000,5361.8000,5360.8000,5360.0000,5364.0000,5364.2000,5364.8000,5365.0000,5365.4000,1,1,1,11,2,1,1,1,23,3
SF,IC2003,2020-01-03 10:29:10.400,5363.0000,53782,0,3981588600.000,0,-,-,-,-,5362.6000,5362.0000,5361.8000,5360.8000,5360.0000,5363.6000,5363.8000,5364.0000,5364.8000,5365.0000,1,1,1,11,2,1,1,1,1,23
SF,IC2003,2020-01-03 10:29:12.400,5363.0000,53782,0,3981588600.000,0,-,-,-,-,5362.6000,5362.0000,5361.8000,5360.8000,5360.0000,5362.8000,5363.6000,5363.8000,5364.0000,5364.8000,1,1,1,11,2,1,1,1,2,1
SF,IC2003,2020-01-03 10:29:12.900,5362.6000,53781,-1,3982661120.000,1,0,1,双平,S,5362.0000,5361.8000,5360.8000,5360.0000,5359.6000,5362.6000,5362.8000,5363.6000,5363.8000,5364.0000,1,1,11,2,1,1,1,1,1,2
SF,IC2003,2020-01-03 10:29:13.400,5362.0000,53781,0,3983733520.000,1,0,1,多换,S,5361.8000,5360.8000,5360.0000,5359.6000,5359.4000,5362.4000,5362.6000,5362.8000,5363.6000,5363.8000,1,11,2,1,2,1,1,1,1,1
SF,IC2003,2020-01-03 10:29:13.900,5361.8000,53782,1,3984805880.000,1,1,0,双开,S,5360.8000,5360.0000,5359.6000,5359.4000,5359.0000,5361.8000,5362.8000,5364.0000,5364.8000,5365.0000,11,2,1,2,2,4,1,1,1,23
SF,IC2003,2020-01-03 10:29:14.400,5361.8000,53782,0,3984805880.000,0,-,-,-,-,5360.8000,5360.0000,5359.6000,5359.4000,5359.0000,5362.8000,5364.0000,5364.8000,5365.0000,5365.4000,11,2,1,2,2,1,1,1,23,3
SF,IC2003,2020-01-03 10:29:14.900,5361.8000,53782,0,3984805880.000,0,-,-,-,-,5361.0000,5360.8000,5360.0000,5359.6000,5359.4000,5362.4000,5362.6000,5362.8000,5364.0000,5364.8000,1,11,2,1,2,1,2,1,1,1
SF,IC2003,2020-01-03 10:29:15.400,5361.8000,53782,0,3984805880.000,0,-,-,-,-,5361.0000,5360.8000,5360.0000,5359.6000,5359.4000,5362.6000,5362.8000,5364.0000,5364.8000,5365.0000,1,11,2,1,2,2,1,1,1,23
SF,IC2003,2020-01-03 10:29:16.400,5361.8000,53782,0,3984805880.000,0,-,-,-,-,5361.4000,5361.0000,5360.8000,5360.0000,5359.6000,5362.6000,5362.8000,5364.0000,5364.8000,5365.0000,1,1,11,2,1,2,1,1,1,23
SF,IC2003,2020-01-03 10:29:16.900,5361.8000,53782,0,3984805880.000,0,-,-,-,-,5361.0000,5360.8000,5360.0000,5359.6000,5359.4000,5362.2000,5362.6000,5362.8000,5364.0000,5364.8000,1,1,2,1,2,1,2,1,1,1
SF,IC2003,2020-01-03 10:29:17.400,5361.8000,53782,0,3984805880.000,0,-,-,-,-,5360.8000,5360.0000,5359.6000,5359.4000,5359.0000,5362.0000,5362.2000,5362.6000,5362.8000,5364.0000,1,2,1,2,2,2,2,1,1,1
SF,IC2003,2020-01-03 10:29:17.900,5360.8000,53781,-1,3985878040.000,1,0,1,双平,S,5360.0000,5359.6000,5359.4000,5359.0000,5357.0000,5361.0000,5361.4000,5361.6000,5361.8000,5362.0000,2,1,2,2,2,2,1,1,2,1
SF,IC2003,2020-01-03 10:29:18.400,5360.8000,53781,0,3985878040.000,0,-,-,-,-,5360.0000,5359.6000,5359.4000,5359.0000,5357.0000,5361.4000,5361.8000,5362.2000,5362.8000,5364.0000,2,1,2,2,1,1,2,1,1,1
SF,IC2003,2020-01-03 10:29:18.900,5361.4000,53781,0,3988022560.000,2,1,1,多换,S,5360.2000,5360.0000,5359.6000,5359.4000,5359.0000,5361.4000,5361.8000,5362.2000,5362.8000,5364.0000,1,2,1,2,2,1,1,1,1,1
SF,IC2003,2020-01-03 10:29:19.400,5360.0000,53781,0,3990166560.000,2,1,1,多换,S,5359.6000,5359.4000,5359.0000,5357.0000,5356.8000,5360.4000,5361.0000,5361.2000,5361.4000,5362.2000,1,2,2,1,1,2,1,2,1,1
SF,IC2003,2020-01-03 10:29:19.900,5360.0000,53781,0,3990166560.000,0,-,-,-,-,5359.6000,5359.4000,5359.0000,5357.0000,5356.8000,5361.2000,5361.4000,5362.2000,5362.8000,5364.0000,1,2,2,1,1,1,1,1,1,1
SF,IC2003,2020-01-03 10:29:20.400,5360.0000,53781,0,3990166560.000,0,-,-,-,-,5359.8000,5359.6000,5359.4000,5359.0000,5357.0000,5360.8000,5362.2000,5362.8000,5364.0000,5364.8000,1,1,2,2,1,1,1,1,1,1
SF,IC2003,2020-01-03 10:29:20.900,5360.8000,53782,1,3991238720.000,1,1,0,双开,S,5361.4000,5360.8000,5359.8000,5359.6000,5359.4000,5362.2000,5362.8000,5364.0000,5364.8000,5365.0000,2,3,1,1,2,1,1,1,1,23
SF,IC2003,2020-01-03 10:29:21.400,5360.8000,53779,-3,3996599760.000,5,1,4,多平,S,5360.2000,5359.8000,5359.6000,5359.4000,5359.0000,5361.4000,5361.6000,5362.0000,5362.8000,5364.0000,1,1,1,2,3,10,1,1,1,1
SF,IC2003,2020-01-03 10:29:21.900,5360.2000,53779,0,3997671800.000,1,0,1,多换,S,5360.4000,5360.2000,5359.8000,5359.6000,5359.4000,5361.4000,5362.0000,5362.8000,5364.0000,5364.8000,1,1,1,1,2,6,1,1,1,1
SF,IC2003,2020-01-03 10:29:22.400,5360.4000,53779,0,3998743880.000,1,0,1,多换,S,5360.2000,5359.8000,5359.6000,5359.4000,5359.0000,5361.4000,5362.0000,5362.8000,5364.0000,5364.8000,1,1,1,2,3,4,1,1,1,1
SF,IC2003,2020-01-03 10:29:22.900,5360.4000,53779,0,3998743880.000,0,-,-,-,-,5360.6000,5360.2000,5359.8000,5359.6000,5359.4000,5361.4000,5362.0000,5362.8000,5364.0000,5364.8000,1,1,1,1,2,4,1,1,1,1
SF,IC2003,2020-01-03 10:29:23.400,5360.4000,53779,0,3998743880.000,0,-,-,-,-,5360.6000,5359.8000,5359.6000,5359.4000,5359.0000,5361.4000,5362.0000,5362.8000,5364.0000,5364.8000,1,1,1,2,2,4,1,1,1,1
SF,IC2003,2020-01-03 10:29:23.900,5360.4000,53779,0,3998743880.000,0,-,-,-,-,5359.8000,5359.6000,5359.4000,5359.0000,5357.0000,5361.4000,5362.0000,5362.8000,5364.0000,5364.8000,1,1,2,2,1,4,1,1,1,1
SF,IC2003,2020-01-03 10:29:24.400,5360.4000,53779,0,3998743880.000,0,-,-,-,-,5359.8000,5359.6000,5359.4000,5359.0000,5357.0000,5361.2000,5361.4000,5362.8000,5364.0000,5364.8000,1,1,2,2,1,1,4,1,1,1
SF,IC2003,2020-01-03 10:29:24.900,5360.4000,53779,0,3998743880.000,0,-,-,-,-,5359.8000,5359.6000,5359.4000,5359.0000,5357.0000,5361.4000,5362.8000,5364.0000,5364.8000,5365.0000,2,1,2,2,1,4,1,1,1,23
SF,IC2003,2020-01-03 10:29:25.400,5360.4000,53779,0,3998743880.000,0,-,-,-,-,5359.8000,5359.6000,5359.4000,5359.0000,5357.0000,5361.2000,5361.4000,5364.0000,5364.8000,5365.0000,1,1,2,2,1,1,4,1,1,23
SF,IC2003,2020-01-03 10:29:26.400,5360.4000,53779,0,3998743880.000,0,-,-,-,-,5359.8000,5359.6000,5359.4000,5359.0000,5357.0000,5361.2000,5361.4000,5362.4000,5364.0000,5364.8000,1,1,2,2,1,1,4,1,1,1
SF,IC2003,2020-01-03 10:29:26.900,5361.4000,53778,-1,3999816160.000,1,0,1,双平,S,5359.8000,5359.6000,5359.4000,5359.0000,5357.0000,5361.4000,5362.4000,5364.0000,5364.8000,5365.0000,2,1,2,2,1,3,1,1,1,23
SF,IC2003,2020-01-03 10:29:27.400,5361.4000,53778,0,3999816160.000,0,-,-,-,-,5360.0000,5359.8000,5359.6000,5359.4000,5359.0000,5361.4000,5362.4000,5364.0000,5364.8000,5365.0000,1,2,1,2,2,3,1,1,1,23
SF,IC2003,2020-01-03 10:29:27.900,5361.4000,53778,0,3999816160.000,0,-,-,-,-,5360.0000,5359.8000,5359.6000,5359.4000,5359.0000,5362.4000,5364.0000,5364.8000,5365.0000,5365.4000,1,1,1,2,2,1,1,1,23,3
SF,IC2003,2020-01-03 10:29:28.400,5361.4000,53778,0,3999816160.000,0,-,-,-,-,5360.0000,5359.6000,5359.4000,5359.0000,5357.0000,5362.0000,5362.2000,5362.4000,5364.0000,5364.8000,1,1,2,2,1,1,1,2,1,1
SF,IC2003,2020-01-03 10:29:28.900,5361.4000,53778,0,3999816160.000,0,-,-,-,-,5360.0000,5359.6000,5359.4000,5359.0000,5357.0000,5361.8000,5362.0000,5362.4000,5364.8000,5365.0000,1,1,2,2,1,1,1,2,1,23
SF,IC2003,2020-01-03 10:29:29.400,5361.4000,53778,0,3999816160.000,0,-,-,-,-,5359.6000,5359.4000,5359.0000,5357.0000,5356.8000,5361.4000,5361.8000,5362.4000,5364.8000,5365.0000,1,2,2,1,1,1,2,1,1,23
SF,IC2003,2020-01-03 10:29:29.900,5361.4000,53778,0,3999816160.000,0,-,-,-,-,5359.6000,5359.4000,5359.0000,5357.0000,5356.8000,5361.2000,5361.4000,5362.4000,5364.8000,5365.0000,1,2,2,1,1,1,2,1,1,23
SF,IC2003,2020-01-03 10:29:30.400,5359.6000,53778,0,4000888080.000,1,0,1,多换,S,5359.4000,5359.0000,5357.0000,5356.8000,5356.0000,5360.8000,5361.2000,5362.4000,5364.8000,5365.0000,2,2,1,1,2,1,2,1,1,23
SF,IC2003,2020-01-03 10:29:30.900,5359.6000,53778,0,4000888080.000,0,-,-,-,-,5359.4000,5359.0000,5357.0000,5356.8000,5356.0000,5360.0000,5360.6000,5360.8000,5361.2000,5362.4000,2,2,1,1,2,1,1,1,1,1
SF,IC2003,2020-01-03 10:29:31.900,5359.4000,53780,2,4003031840.000,2,2,0,双开,S,5359.0000,5357.0000,5356.8000,5356.0000,5355.2000,5360.0000,5360.6000,5361.2000,5362.4000,5364.0000,2,1,1,2,1,1,1,1,1,1
SF,IC2003,2020-01-03 10:29:32.400,5360.0000,53780,0,4004103840.000,1,0,1,多换,S,5359.0000,5357.0000,5356.8000,5356.0000,5355.2000,5360.6000,5361.2000,5362.4000,5364.0000,5364.8000,2,1,1,2,1,1,1,1,1,1
SF,IC2003,2020-01-03 10:29:32.900,5360.0000,53780,0,4004103840.000,0,-,-,-,-,5359.0000,5357.0000,5356.8000,5356.0000,5355.2000,5360.4000,5360.6000,5361.2000,5362.4000,5364.0000,2,1,1,2,1,1,1,1,1,1
SF,IC2003,2020-01-03 10:29:33.400,5359.0000,53780,0,4005175640.000,1,0,1,多换,S,5359.0000,5357.0000,5356.8000,5356.0000,5355.2000,5360.2000,5360.4000,5362.4000,5364.0000,5364.8000,1,1,1,2,1,1,1,1,1,1
SF,IC2003,2020-01-03 10:29:33.900,5359.0000,53780,0,4005175640.000,0,-,-,-,-,5359.0000,5357.0000,5356.8000,5356.0000,5355.2000,5360.2000,5360.4000,5362.4000,5364.0000,5364.8000,2,1,1,2,1,1,1,1,1,1
SF,IC2003,2020-01-03 10:29:34.900,5359.0000,53780,0,4005175640.000,0,-,-,-,-,5359.0000,5357.0000,5356.8000,5356.0000,5355.2000,5360.2000,5361.8000,5362.4000,5364.0000,5364.8000,2,1,1,2,1,1,1,1,1,1
SF,IC2003,2020-01-03 10:29:35.400,5359.0000,53780,0,4006247440.000,1,0,1,多换,S,5359.0000,5357.0000,5356.8000,5356.0000,5355.2000,5360.2000,5361.8000,5362.4000,5364.0000,5364.8000,1,1,1,2,1,1,1,1,1,1
SF,IC2003,2020-01-03 10:29:35.900,5359.0000,53780,0,4007319240.000,1,0,1,多换,S,5357.0000,5356.8000,5356.0000,5355.2000,5355.0000,5359.0000,5360.2000,5361.8000,5362.4000,5364.0000,1,1,2,1,5,1,1,1,1,1
SF,IC2003,2020-01-03 10:29:36.400,5359.0000,53779,-1,4008391040.000,1,0,1,双平,S,5359.2000,5359.0000,5358.6000,5358.4000,5358.0000,5361.8000,5362.4000,5364.0000,5364.8000,5365.0000,1,2,4,2,1,1,1,1,1,23
SF,IC2003,2020-01-03 10:29:36.900,5359.0000,53779,0,4008391040.000,0,-,-,-,-,5359.2000,5359.0000,5358.0000,5357.2000,5357.0000,5361.4000,5361.6000,5361.8000,5362.4000,5364.0000,2,1,1,2,1,1,2,1,1,1
SF,IC2003,2020-01-03 10:29:37.400,5359.0000,53779,0,4008391040.000,0,-,-,-,-,5359.4000,5359.2000,5359.0000,5358.0000,5357.2000,5361.2000,5361.4000,5361.6000,5361.8000,5362.4000,1,2,1,1,2,1,1,1,1,1
SF,IC2003,2020-01-03 10:29:37.900,5359.0000,53779,0,4008391040.000,0,-,-,-,-,5359.8000,5359.4000,5359.2000,5359.0000,5358.0000,5361.2000,5361.6000,5361.8000,5362.4000,5364.0000,2,1,1,1,1,1,1,1,1,1
SF,IC2003,2020-01-03 10:29:38.400,5359.0000,53779,0,4008391040.000,0,-,-,-,-,5360.0000,5359.2000,5359.0000,5358.0000,5357.2000,5361.8000,5362.4000,5364.0000,5364.8000,5365.0000,1,1,1,1,2,1,1,1,1,23
SF,IC2003,2020-01-03 10:29:38.900,5359.0000,53779,0,4008391040.000,0,-,-,-,-,5360.0000,5359.2000,5359.0000,5357.2000,5357.0000,5361.6000,5361.8000,5362.4000,5364.0000,5364.8000,2,1,1,2,1,1,1,1,1,1
SF,IC2003,2020-01-03 10:29:39.400,5359.0000,53779,0,4008391040.000,0,-,-,-,-,5360.0000,5359.2000,5359.0000,5357.2000,5357.0000,5361.8000,5362.4000,5364.0000,5364.8000,5365.0000,1,1,1,2,1,1,1,1,1,23
SF,IC2003,2020-01-03 10:29:39.900,5359.0000,53779,0,4008391040.000,0,-,-,-,-,5360.4000,5360.0000,5359.2000,5359.0000,5357.2000,5361.8000,5362.4000,5364.0000,5364.8000,5365.0000,1,1,1,1,2,1,1,1,1,23
SF,IC2003,2020-01-03 10:29:40.400,5359.0000,53779,0,4008391040.000,0,-,-,-,-,5360.0000,5359.2000,5359.0000,5357.2000,5357.0000,5361.8000,5362.4000,5364.0000,5364.8000,5365.0000,1,1,1,2,1,1,1,1,1,23
SF,IC2003,2020-01-03 10:29:41.400,5359.0000,53779,0,4008391040.000,0,-,-,-,-,5360.0000,5359.2000,5359.0000,5357.2000,5357.0000,5361.8000,5362.4000,5364.0000,5364.8000,5365.0000,1,1,1,2,1,2,1,1,1,23
SF,IC2003,2020-01-03 10:29:41.900,5359.0000,53779,0,4008391040.000,0,-,-,-,-,5359.2000,5359.0000,5357.2000,5357.0000,5356.8000,5361.6000,5361.8000,5362.4000,5364.0000,5364.8000,1,1,2,1,1,1,2,1,1,1
SF,IC2003,2020-01-03 10:29:42.400,5359.0000,53779,0,4008391040.000,0,-,-,-,-,5359.4000,5359.2000,5359.0000,5357.2000,5357.0000,5361.6000,5361.8000,5362.4000,5364.0000,5364.8000,1,1,1,2,1,1,2,1,1,1
SF,IC2003,2020-01-03 10:29:42.900,5359.0000,53779,0,4008391040.000,0,-,-,-,-,5359.4000,5359.2000,5359.0000,5357.2000,5357.0000,5361.6000,5361.8000,5362.4000,5364.0000,5364.8000,1,1,10,2,1,1,2,1,1,1
SF,IC2003,2020-01-03 10:29:43.400,5359.0000,53779,0,4008391040.000,0,-,-,-,-,5359.8000,5359.4000,5359.2000,5359.0000,5357.2000,5361.6000,5361.8000,5362.4000,5364.0000,5364.8000,1,1,1,10,2,1,2,1,1,1
SF,IC2003,2020-01-03 10:29:43.900,5359.0000,53779,0,4008391040.000,0,-,-,-,-,5359.8000,5359.4000,5359.2000,5359.0000,5357.2000,5361.6000,5361.8000,5362.4000,5364.0000,5364.8000,1,1,1,10,3,1,2,1,1,1
SF,IC2003,2020-01-03 10:29:44.400,5359.0000,53779,0,4008391040.000,0,-,-,-,-,5359.8000,5359.4000,5359.2000,5359.0000,5357.2000,5361.6000,5361.8000,5362.4000,5364.0000,5364.8000,1,1,1,10,3,1,1,1,1,1
SF,IC2003,2020-01-03 10:29:45.400,5359.0000,53779,0,4008391040.000,0,-,-,-,-,5359.8000,5359.4000,5359.2000,5359.0000,5357.2000,5361.6000,5361.8000,5362.4000,5364.0000,5364.8000,1,1,1,10,3,1,1,1,1,1
SF,IC2003,2020-01-03 10:29:45.900,5359.0000,53779,0,4008391040.000,0,-,-,-,-,5360.0000,5359.8000,5359.2000,5359.0000,5357.2000,5361.4000,5361.6000,5361.8000,5362.4000,5364.0000,1,1,1,10,3,1,1,1,1,1
SF,IC2003,2020-01-03 10:29:46.900,5361.4000,53779,0,4009463320.000,1,0,1,多换,S,5360.4000,5360.0000,5359.2000,5359.0000,5357.2000,5361.6000,5361.8000,5362.4000,5364.0000,5364.8000,2,1,1,10,3,1,1,1,1,1
SF,IC2003,2020-01-03 10:29:47.400,5361.6000,53778,-1,4011607960.000,2,0,2,多平,S,5361.2000,5361.0000,5360.6000,5360.4000,5359.2000,5361.8000,5362.4000,5364.0000,5364.8000,5365.0000,4,1,1,1,1,1,1,1,1,24
SF,IC2003,2020-01-03 10:29:47.900,5361.8000,53778,0,4012680320.000,1,0,1,多换,S,5362.0000,5361.8000,5361.4000,5361.0000,5359.2000,5362.4000,5364.0000,5364.8000,5365.0000,5365.4000,1,3,1,1,1,1,1,1,24,3
SF,IC2003,2020-01-03 10:29:48.400,5362.0000,53777,-1,4013752720.000,1,0,1,双平,S,5361.8000,5361.4000,5359.2000,5359.0000,5357.2000,5362.0000,5362.4000,5364.0000,5364.8000,5365.0000,2,1,1,10,3,2,1,1,1,24
SF,IC2003,2020-01-03 10:29:48.900,5361.8000,53776,-1,4014825080.000,1,0,1,双平,S,5361.4000,5359.2000,5359.0000,5357.2000,5357.0000,5361.8000,5362.4000,5364.0000,5364.8000,5365.0000,1,1,10,3,1,1,1,1,1,24
SF,IC2003,2020-01-03 10:29:49.400,5361.8000,53775,-1,4015897440.000,1,0,1,双平,S,5361.4000,5359.2000,5359.0000,5357.2000,5357.0000,5362.0000,5362.4000,5364.0000,5364.8000,5365.0000,1,1,10,3,1,1,1,1,1,24
SF,IC2003,2020-01-03 10:29:49.900,5361.8000,53775,0,4015897440.000,0,-,-,-,-,5361.4000,5359.2000,5359.0000,5358.8000,5357.2000,5362.0000,5362.4000,5364.0000,5364.8000,5365.0000,1,1,10,1,3,1,1,1,1,24
SF,IC2003,2020-01-03 10:29:50.400,5361.8000,53775,0,4015897440.000,0,-,-,-,-,5361.4000,5359.2000,5359.0000,5358.8000,5357.2000,5362.0000,5362.4000,5364.0000,5364.8000,5365.0000,1,1,10,1,3,1,1,1,1,24
SF,IC2003,2020-01-03 10:29:50.900,5361.4000,53776,1,4016969720.000,1,1,0,双开,S,5359.2000,5359.0000,5358.8000,5357.2000,5357.0000,5362.0000,5362.4000,5364.0000,5364.8000,5365.0000,1,10,1,3,1,1,1,1,1,24
SF,IC2003,2020-01-03 10:29:51.400,5361.4000,53776,0,4016969720.000,0,-,-,-,-,5360.4000,5360.0000,5359.6000,5359.4000,5359.2000,5361.8000,5362.0000,5362.4000,5364.0000,5364.8000,1,1,2,2,1,3,1,1,1,1
SF,IC2003,2020-01-03 10:29:51.900,5361.4000,53776,0,4016969720.000,0,-,-,-,-,5360.4000,5360.0000,5359.4000,5359.2000,5359.0000,5361.8000,5362.0000,5362.4000,5364.0000,5364.8000,1,1,1,1,10,1,1,1,1,1
SF,IC2003,2020-01-03 10:29:52.400,5361.4000,53776,0,4016969720.000,0,-,-,-,-,5360.4000,5360.0000,5359.4000,5359.2000,5359.0000,5361.2000,5361.8000,5362.0000,5362.4000,5364.0000,1,1,1,1,10,1,1,1,1,1
SF,IC2003,2020-01-03 10:29:52.900,5361.4000,53776,0,4016969720.000,0,-,-,-,-,5360.4000,5360.0000,5359.4000,5359.2000,5359.0000,5361.8000,5362.0000,5362.4000,5364.0000,5364.8000,1,1,1,1,10,1,1,1,1,1
SF,IC2003,2020-01-03 10:29:53.400,5360.4000,53776,0,4018041800.000,1,0,1,多换,S,5360.0000,5359.4000,5359.2000,5359.0000,5358.8000,5361.6000,5361.8000,5362.0000,5362.4000,5364.0000,1,1,1,10,1,1,1,1,1,1
SF,IC2003,2020-01-03 10:29:53.900,5360.4000,53776,0,4018041800.000,0,-,-,-,-,5360.0000,5359.4000,5359.2000,5359.0000,5358.8000,5361.4000,5361.6000,5362.0000,5362.4000,5364.0000,1,1,1,10,1,1,1,1,1,1
SF,IC2003,2020-01-03 10:29:54.400,5361.0000,53778,2,4023402680.000,5,3,2,空开,S,5361.0000,5359.4000,5359.2000,5359.0000,5358.8000,5361.4000,5362.0000,5362.4000,5364.0000,5364.8000,5,1,1,10,1,2,1,1,1,1
SF,IC2003,2020-01-03 10:29:54.900,5361.0000,53779,1,4028763680.000,5,3,2,空开,S,5359.4000,5359.2000,5359.0000,5358.8000,5358.0000,5360.8000,5361.0000,5361.2000,5361.4000,5362.0000,1,1,10,1,1,5,9,1,2,1
SF,IC2003,2020-01-03 10:29:55.400,5361.0000,53779,0,4028763680.000,0,-,-,-,-,5359.4000,5359.2000,5359.0000,5358.8000,5358.0000,5360.8000,5361.0000,5361.2000,5361.4000,5362.0000,1,1,10,1,1,2,6,1,2,1
SF,IC2003,2020-01-03 10:29:55.900,5361.0000,53779,0,4028763680.000,0,-,-,-,-,5359.4000,5359.2000,5359.0000,5358.8000,5358.0000,5361.0000,5361.2000,5361.4000,5362.0000,5362.4000,1,1,10,1,1,4,1,1,1,1
SF,IC2003,2020-01-03 10:29:57.400,5361.0000,53779,0,4028763680.000,0,-,-,-,-,5359.4000,5359.2000,5359.0000,5358.8000,5358.0000,5361.0000,5361.2000,5361.4000,5362.0000,5362.4000,1,1,10,1,1,4,1,2,1,1
SF,IC2003,2020-01-03 10:29:57.900,5361.0000,53779,0,4028763680.000,0,-,-,-,-,5359.4000,5359.2000,5359.0000,5358.8000,5358.0000,5361.0000,5361.2000,5361.4000,5362.0000,5362.4000,1,1,10,1,1,3,1,1,1,1
SF,IC2003,2020-01-03 10:29:58.400,5361.0000,53779,0,4028763680.000,0,-,-,-,-,5359.4000,5359.2000,5359.0000,5358.8000,5358.0000,5360.6000,5361.0000,5361.2000,5361.4000,5362.0000,1,1,10,1,1,1,1,1,1,1
SF,IC2003,2020-01-03 10:29:58.900,5361.0000,53779,0,4028763680.000,0,-,-,-,-,5359.4000,5359.2000,5359.0000,5358.8000,5358.0000,5360.6000,5361.0000,5361.2000,5361.4000,5362.0000,1,2,10,1,1,1,1,1,1,1
SF,IC2003,2020-01-03 10:29:59.400,5361.0000,53779,0,4028763680.000,0,-,-,-,-,5359.6000,5359.4000,5359.2000,5359.0000,5358.8000,5360.6000,5361.0000,5361.2000,5361.4000,5362.0000,1,1,2,10,1,1,1,1,1,1
SF,IC2003,2020-01-03 10:30:00.400,5361.0000,53779,0,4028763680.000,0,-,-,-,-,5359.4000,5359.2000,5359.0000,5358.8000,5358.0000,5360.6000,5361.0000,5361.2000,5361.4000,5361.6000,1,2,10,1,1,1,1,1,1,1
SF,IC2003,2020-01-03 10:30:00.900,5361.0000,53779,0,4028763680.000,0,-,-,-,-,5359.4000,5359.2000,5359.0000,5358.8000,5358.0000,5360.6000,5361.0000,5361.2000,5361.4000,5361.6000,1,2,11,1,1,1,1,1,1,1
SF,IC2003,2020-01-03 10:30:01.400,5359.2000,53779,0,4031979240.000,3,1,2,多换,S,5359.0000,5358.8000,5358.0000,5357.2000,5357.0000,5359.2000,5360.0000,5360.2000,5360.4000,5360.6000,11,1,1,1,2,1,1,1,1,2
SF,IC2003,2020-01-03 10:30:01.900,5358.8000,53785,6,4045912600.000,13,9,4,空开,S,5358.0000,5357.2000,5357.0000,5356.8000,5356.0000,5358.6000,5360.4000,5360.6000,5361.0000,5361.2000,1,1,2,1,2,1,1,2,2,1
SF,IC2003,2020-01-03 10:30:02.400,5358.6000,53786,1,4050199480.000,4,2,2,空开,S,5358.6000,5358.0000,5357.2000,5357.0000,5356.8000,5358.8000,5360.4000,5360.6000,5361.0000,5361.2000,4,2,1,2,1,1,1,2,2,1
SF,IC2003,2020-01-03 10:30:02.900,5358.8000,53786,0,4051271240.000,1,0,1,多换,S,5359.0000,5358.8000,5358.0000,5357.2000,5357.0000,5360.6000,5361.0000,5361.2000,5361.6000,5362.0000,2,6,2,1,2,2,2,1,1,1
SF,IC2003,2020-01-03 10:30:03.400,5358.8000,53786,0,4051271240.000,0,-,-,-,-,5359.2000,5359.0000,5358.8000,5358.0000,5357.2000,5360.6000,5361.0000,5361.2000,5361.6000,5362.0000,1,1,5,2,1,2,2,1,1,1
SF,IC2003,2020-01-03 10:30:04.400,5358.8000,53786,0,4051271240.000,0,-,-,-,-,5359.2000,5359.0000,5358.8000,5358.0000,5357.2000,5360.6000,5361.0000,5361.2000,5361.6000,5362.0000,1,1,5,2,2,1,2,1,1,1
SF,IC2003,2020-01-03 10:30:05.400,5358.8000,53786,0,4051271240.000,0,-,-,-,-,5359.2000,5359.0000,5358.8000,5358.0000,5357.2000,5360.6000,5361.0000,5361.2000,5361.6000,5362.0000,1,1,5,2,1,1,2,1,1,1
SF,IC2003,2020-01-03 10:30:05.900,5358.8000,53786,0,4051271240.000,0,-,-,-,-,5358.8000,5358.0000,5357.2000,5357.0000,5356.8000,5359.2000,5360.4000,5361.0000,5361.2000,5361.6000,5,2,1,2,1,1,1,2,1,1
SF,IC2003,2020-01-03 10:30:06.400,5359.2000,53785,-1,4052343080.000,1,0,1,双平,S,5359.4000,5359.2000,5358.8000,5358.0000,5357.2000,5361.0000,5361.6000,5362.0000,5362.4000,5364.0000,1,6,1,2,1,2,1,1,1,1
SF,IC2003,2020-01-03 10:30:06.900,5359.2000,53785,0,4052343080.000,0,-,-,-,-,5359.4000,5359.2000,5358.8000,5358.0000,5357.2000,5360.8000,5361.0000,5361.6000,5362.0000,5362.4000,1,6,1,2,1,1,2,1,1,1
SF,IC2003,2020-01-03 10:30:07.400,5359.2000,53785,0,4052343080.000,0,-,-,-,-,5359.4000,5359.2000,5358.8000,5358.0000,5357.2000,5360.8000,5361.6000,5362.0000,5362.4000,5364.0000,1,6,1,2,1,1,1,1,1,1
SF,IC2003,2020-01-03 10:30:07.900,5359.2000,53785,0,4052343080.000,0,-,-,-,-,5359.4000,5359.2000,5359.0000,5358.8000,5358.0000,5360.8000,5361.6000,5362.0000,5362.4000,5364.0000,1,6,10,1,2,1,1,1,1,1
SF,IC2003,2020-01-03 10:30:08.400,5359.2000,53785,0,4052343080.000,0,-,-,-,-,5359.6000,5359.4000,5359.2000,5359.0000,5358.8000,5360.8000,5361.6000,5362.0000,5362.4000,5364.0000,1,1,6,10,1,1,1,1,1,1
SF,IC2003,2020-01-03 10:30:08.900,5359.2000,53785,0,4052343080.000,0,-,-,-,-,5359.6000,5359.4000,5359.2000,5359.0000,5358.8000,5360.0000,5361.6000,5362.0000,5362.4000,5364.0000,1,1,6,10,1,1,1,1,1,1
SF,IC2003,2020-01-03 10:30:09.400,5360.0000,53786,1,4053415080.000,1,1,0,双开,S,5360.2000,5360.0000,5359.4000,5359.0000,5358.8000,5361.6000,5362.0000,5362.4000,5364.0000,5364.8000,1,8,1,10,1,1,1,1,1,1
SF,IC2003,2020-01-03 10:30:09.900,5360.0000,53786,0,4053415080.000,0,-,-,-,-,5360.4000,5360.2000,5360.0000,5359.4000,5359.0000,5361.6000,5362.0000,5362.4000,5364.0000,5364.8000,1,1,8,1,11,1,1,1,1,1
SF,IC2003,2020-01-03 10:30:10.400,5360.0000,53785,-1,4054487080.000,1,0,1,双平,S,5360.2000,5360.0000,5359.4000,5359.0000,5358.8000,5361.6000,5361.8000,5362.0000,5362.4000,5364.0000,1,8,1,11,1,1,1,1,1,1
SF,IC2003,2020-01-03 10:30:10.900,5360.0000,53785,0,4054487080.000,0,-,-,-,-,5360.4000,5360.2000,5360.0000,5359.4000,5359.0000,5361.6000,5362.0000,5362.4000,5364.0000,5364.8000,1,1,8,1,11,1,1,1,1,1
SF,IC2003,2020-01-03 10:30:12.400,5360.0000,53785,0,4054487080.000,0,-,-,-,-,5360.4000,5360.2000,5360.0000,5359.4000,5359.0000,5361.6000,5362.0000,5362.4000,5364.0000,5364.8000,1,1,8,1,11,2,1,1,1,1
SF,IC2003,2020-01-03 10:30:12.900,5360.0000,53785,0,4055559080.000,1,0,1,多换,S,5360.2000,5360.0000,5359.0000,5358.8000,5358.0000,5361.4000,5361.6000,5362.0000,5362.4000,5364.0000,1,8,11,1,2,1,2,1,1,1
SF,IC2003,2020-01-03 10:30:13.400,5360.0000,53785,0,4055559080.000,0,-,-,-,-,5360.0000,5359.0000,5358.0000,5357.2000,5357.0000,5361.4000,5361.6000,5362.0000,5362.4000,5364.0000,6,11,2,1,2,1,2,1,1,1
SF,IC2003,2020-01-03 10:30:13.900,5360.0000,53785,0,4055559080.000,0,-,-,-,-,5360.0000,5359.0000,5358.0000,5357.2000,5357.0000,5361.2000,5361.4000,5361.6000,5362.0000,5362.4000,6,11,2,1,2,1,1,2,1,1
SF,IC2003,2020-01-03 10:30:14.400,5360.0000,53785,0,4055559080.000,0,-,-,-,-,5360.0000,5359.0000,5358.0000,5357.2000,5357.0000,5361.0000,5361.2000,5361.6000,5362.0000,5362.4000,4,11,2,1,2,1,1,2,1,1
SF,IC2003,2020-01-03 10:30:14.900,5360.0000,53785,0,4055559080.000,0,-,-,-,-,5360.0000,5359.0000,5358.0000,5357.2000,5357.0000,5360.2000,5361.0000,5361.6000,5362.0000,5362.4000,4,11,2,1,2,2,1,2,1,1
SF,IC2003,2020-01-03 10:30:15.400,5360.0000,53785,0,4055559080.000,0,-,-,-,-,5359.0000,5358.0000,5357.2000,5357.0000,5356.8000,5360.2000,5361.0000,5361.6000,5362.0000,5362.4000,11,2,1,2,1,2,1,1,1,1
SF,IC2003,2020-01-03 10:30:16.400,5360.0000,53785,0,4055559080.000,0,-,-,-,-,5359.0000,5358.0000,5357.2000,5357.0000,5356.8000,5360.2000,5361.0000,5361.6000,5362.0000,5362.4000,11,1,1,2,1,2,2,1,1,1
SF,IC2003,2020-01-03 10:30:16.900,5360.0000,53785,0,4055559080.000,0,-,-,-,-,5359.0000,5358.0000,5357.2000,5357.0000,5356.8000,5360.0000,5360.2000,5361.0000,5361.6000,5362.0000,11,1,1,2,1,1,2,1,1,1
SF,IC2003,2020-01-03 10:30:17.400,5360.0000,53785,0,4055559080.000,0,-,-,-,-,5359.0000,5358.0000,5357.2000,5357.0000,5356.8000,5360.0000,5360.2000,5361.0000,5361.6000,5362.0000,12,1,1,2,1,1,2,1,1,1
SF,IC2003,2020-01-03 10:30:17.900,5360.0000,53785,0,4055559080.000,0,-,-,-,-,5359.4000,5359.0000,5358.0000,5357.2000,5357.0000,5360.0000,5360.2000,5361.0000,5361.6000,5362.0000,1,12,1,1,2,1,2,1,1,1
SF,IC2003,2020-01-03 10:30:19.900,5360.0000,53783,-2,4057703080.000,2,0,2,双平,S,5360.0000,5359.4000,5359.0000,5358.0000,5357.2000,5360.2000,5361.0000,5361.6000,5362.0000,5362.4000,1,1,12,1,1,2,1,1,1,1
SF,IC2003,2020-01-03 10:30:20.400,5360.2000,53781,-2,4059847160.000,2,0,2,双平,S,5360.0000,5359.4000,5359.0000,5358.0000,5357.2000,5361.0000,5361.6000,5362.0000,5362.4000,5364.0000,1,1,12,1,1,1,1,1,1,1
SF,IC2003,2020-01-03 10:30:20.900,5360.2000,53781,0,4059847160.000,0,-,-,-,-,5360.0000,5359.4000,5359.0000,5358.0000,5357.2000,5361.0000,5361.6000,5362.0000,5362.4000,5364.0000,1,1,12,1,1,1,2,1,1,1
SF,IC2003,2020-01-03 10:30:21.400,5360.2000,53781,0,4059847160.000,0,-,-,-,-,5360.0000,5359.4000,5359.0000,5358.0000,5357.2000,5361.0000,5361.2000,5361.6000,5362.0000,5362.4000,1,1,13,1,1,1,1,2,1,1
SF,IC2003,2020-01-03 10:30:23.900,5360.2000,53781,0,4059847160.000,0,-,-,-,-,5360.0000,5359.4000,5359.0000,5358.0000,5357.2000,5361.0000,5361.2000,5361.6000,5362.0000,5362.4000,1,1,13,1,1,1,1,3,1,1
SF,IC2003,2020-01-03 10:30:25.900,5360.2000,53781,0,4059847160.000,0,-,-,-,-,5360.0000,5359.4000,5359.0000,5358.0000,5357.2000,5361.0000,5361.2000,5361.6000,5362.0000,5362.4000,6,1,13,1,1,1,1,3,1,1
SF,IC2003,2020-01-03 10:30:26.400,5360.2000,53781,0,4059847160.000,0,-,-,-,-,5360.0000,5359.4000,5359.0000,5358.0000,5357.2000,5361.0000,5361.6000,5362.0000,5362.4000,5363.0000,6,1,13,1,1,1,3,1,1,1
SF,IC2003,2020-01-03 10:30:26.900,5360.2000,53781,0,4059847160.000,0,-,-,-,-,5360.0000,5359.4000,5359.0000,5358.0000,5357.2000,5361.0000,5361.2000,5361.6000,5362.0000,5362.4000,6,1,13,1,1,1,1,3,1,1
SF,IC2003,2020-01-03 10:30:27.400,5360.0000,53781,0,4060919160.000,1,0,1,多换,S,5360.0000,5359.4000,5359.0000,5358.0000,5357.2000,5361.0000,5361.2000,5361.6000,5362.0000,5362.4000,5,1,13,1,1,1,1,3,1,1
SF,IC2003,2020-01-03 10:30:27.900,5360.0000,53781,0,4060919160.000,0,-,-,-,-,5360.0000,5359.4000,5359.0000,5358.0000,5357.2000,5361.0000,5361.2000,5361.6000,5362.0000,5362.4000,5,1,13,1,1,1,1,2,1,1
SF,IC2003,2020-01-03 10:30:28.400,5360.0000,53781,0,4060919160.000,0,-,-,-,-,5360.0000,5359.4000,5359.0000,5358.0000,5357.2000,5361.0000,5361.2000,5361.6000,5362.0000,5362.4000,5,1,13,1,1,2,1,2,1,1
SF,IC2003,2020-01-03 10:30:28.900,5360.0000,53782,1,4063063160.000,2,1,1,空开,S,5360.0000,5359.4000,5359.0000,5358.0000,5357.2000,5361.0000,5361.2000,5361.6000,5362.0000,5362.4000,3,1,13,1,1,2,1,2,1,1
SF,IC2003,2020-01-03 10:30:29.400,5360.0000,53782,0,4064135160.000,1,0,1,多换,S,5360.0000,5359.4000,5359.0000,5358.0000,5357.2000,5361.0000,5361.2000,5361.6000,5362.0000,5362.4000,2,1,13,1,1,2,1,2,1,1
SF,IC2003,2020-01-03 10:30:29.900,5360.0000,53784,2,4066279160.000,2,2,0,双开,S,5359.4000,5359.0000,5358.0000,5357.2000,5357.0000,5360.8000,5361.0000,5361.2000,5361.6000,5362.0000,1,13,1,1,2,2,4,1,1,1
SF,IC2003,2020-01-03 10:30:30.400,5360.0000,53784,0,4066279160.000,0,-,-,-,-,5359.4000,5359.0000,5358.0000,5357.2000,5357.0000,5360.8000,5361.0000,5361.6000,5362.0000,5362.4000,1,13,1,1,2,2,3,1,1,1
SF,IC2003,2020-01-03 10:30:30.900,5360.0000,53784,0,4066279160.000,0,-,-,-,-,5360.0000,5359.4000,5359.0000,5358.0000,5357.2000,5360.8000,5361.0000,5361.6000,5362.0000,5362.4000,1,1,13,1,1,2,3,1,1,1
SF,IC2003,2020-01-03 10:30:31.400,5360.0000,53784,0,4066279160.000,0,-,-,-,-,5359.4000,5359.0000,5358.0000,5357.2000,5357.0000,5360.0000,5360.6000,5360.8000,5361.0000,5361.6000,1,12,1,1,2,1,1,1,3,1
SF,IC2003,2020-01-03 10:30:31.900,5360.0000,53784,0,4066279160.000,0,-,-,-,-,5359.4000,5359.0000,5358.0000,5357.2000,5357.0000,5360.0000,5360.2000,5360.4000,5360.6000,5360.8000,1,12,1,1,2,1,1,1,1,1
SF,IC2003,2020-01-03 10:30:32.400,5359.4000,53783,-1,4068422920.000,2,0,2,多平,S,5359.0000,5358.0000,5357.2000,5357.0000,5356.8000,5360.0000,5360.4000,5360.6000,5360.8000,5361.0000,12,1,1,2,1,1,1,1,1,3
SF,IC2003,2020-01-03 10:30:32.900,5359.4000,53783,0,4068422920.000,0,-,-,-,-,5359.0000,5358.0000,5357.2000,5357.0000,5356.8000,5360.0000,5360.4000,5360.6000,5360.8000,5361.0000,12,1,1,2,1,1,1,1,1,4
SF,IC2003,2020-01-03 10:30:33.400,5359.0000,53783,0,4069494720.000,1,0,1,多换,S,5359.0000,5358.0000,5357.2000,5357.0000,5356.8000,5360.0000,5360.4000,5360.6000,5360.8000,5361.0000,11,1,1,2,1,1,1,1,1,4
SF,IC2003,2020-01-03 10:30:33.900,5359.0000,53783,0,4069494720.000,0,-,-,-,-,5359.0000,5358.0000,5357.2000,5357.0000,5356.8000,5359.8000,5360.0000,5360.6000,5360.8000,5361.0000,11,1,1,2,1,1,1,1,1,4
SF,IC2003,2020-01-03 10:30:34.400,5359.0000,53783,0,4069494720.000,0,-,-,-,-,5359.0000,5358.0000,5357.2000,5357.0000,5356.8000,5359.8000,5360.0000,5360.8000,5361.0000,5361.6000,11,1,1,2,1,1,1,1,4,1
SF,IC2003,2020-01-03 10:30:34.900,5359.0000,53783,0,4069494720.000,0,-,-,-,-,5359.0000,5358.0000,5357.2000,5357.0000,5356.8000,5359.6000,5360.0000,5360.8000,5361.0000,5361.6000,11,1,1,2,1,2,1,1,3,1
SF,IC2003,2020-01-03 10:30:35.900,5359.0000,53783,0,4069494720.000,0,-,-,-,-,5359.0000,5358.0000,5357.2000,5357.0000,5356.8000,5359.6000,5360.8000,5361.0000,5361.6000,5362.0000,11,1,1,2,1,3,2,3,1,1
SF,IC2003,2020-01-03 10:30:36.400,5359.0000,53783,0,4070566520.000,1,0,1,多换,S,5359.0000,5358.0000,5357.2000,5357.0000,5356.8000,5359.6000,5360.8000,5361.0000,5361.6000,5362.0000,10,1,1,2,1,3,2,3,1,1
SF,IC2003,2020-01-03 10:30:36.900,5359.0000,53783,0,4070566520.000,0,-,-,-,-,5359.0000,5358.0000,5357.2000,5357.0000,5356.8000,5359.6000,5360.8000,5361.0000,5361.4000,5361.6000,10,1,1,2,1,3,2,3,1,1
SF,IC2003,2020-01-03 10:30:37.900,5359.0000,53783,0,4070566520.000,0,-,-,-,-,5359.0000,5358.0000,5357.2000,5357.0000,5356.8000,5359.6000,5360.8000,5361.0000,5361.4000,5361.6000,11,1,1,2,1,3,2,3,1,1
SF,IC2003,2020-01-03 10:30:38.400,5359.0000,53788,5,4076997320.000,6,5,1,空开,S,5359.0000,5358.0000,5357.2000,5357.0000,5356.8000,5359.6000,5360.8000,5361.0000,5361.4000,5361.6000,5,1,1,2,1,3,2,3,1,1
SF,IC2003,2020-01-03 10:30:38.900,5359.0000,53788,0,4079140920.000,2,1,1,多换,S,5359.0000,5358.0000,5357.2000,5357.0000,5356.8000,5359.4000,5359.6000,5360.8000,5361.0000,5361.4000,3,1,1,2,1,1,3,2,3,1
SF,IC2003,2020-01-03 10:30:39.400,5359.0000,53788,0,4082356320.000,3,1,2,多换,S,5358.0000,5357.2000,5357.0000,5356.8000,5356.0000,5358.8000,5359.0000,5359.2000,5359.6000,5360.8000,1,1,2,1,2,2,3,1,3,2
SF,IC2003,2020-01-03 10:30:39.900,5358.8000,53788,0,4083428080.000,1,0,1,多换,S,5358.0000,5357.2000,5357.0000,5356.8000,5356.0000,5358.8000,5359.2000,5359.6000,5360.8000,5361.0000,1,1,2,1,2,1,1,3,2,3
SF,IC2003,2020-01-03 10:30:40.400,5358.8000,53788,0,4083428080.000,0,-,-,-,-,5358.0000,5357.2000,5357.0000,5356.8000,5356.0000,5358.8000,5359.2000,5359.6000,5360.8000,5361.0000,1,1,2,1,2,1,1,3,2,3
SF,IC2003,2020-01-03 10:30:40.900,5358.0000,53788,0,4084499680.000,1,0,1,多换,S,5357.2000,5357.0000,5356.8000,5356.0000,5355.2000,5358.6000,5358.8000,5359.2000,5359.6000,5360.8000,1,2,1,2,1,1,1,1,2,1
SF,IC2003,2020-01-03 10:30:41.400,5358.0000,53788,0,4084499680.000,0,-,-,-,-,5357.2000,5357.0000,5356.8000,5356.0000,5355.2000,5358.6000,5359.2000,5359.6000,5360.8000,5361.0000,1,2,1,2,1,2,1,2,1,3
SF,IC2003,2020-01-03 10:30:41.900,5358.0000,53788,0,4084499680.000,0,-,-,-,-,5357.2000,5357.0000,5356.8000,5356.0000,5355.2000,5358.4000,5358.6000,5359.2000,5359.6000,5360.8000,1,2,1,2,1,1,2,1,2,1
SF,IC2003,2020-01-03 10:30:42.400,5358.0000,53788,0,4084499680.000,0,-,-,-,-,5357.6000,5357.4000,5357.2000,5357.0000,5356.8000,5358.4000,5359.2000,5359.6000,5360.8000,5361.0000,1,1,1,2,1,1,1,2,1,3
SF,IC2003,2020-01-03 10:30:42.900,5358.0000,53788,0,4084499680.000,0,-,-,-,-,5357.2000,5357.0000,5356.8000,5356.0000,5355.2000,5358.4000,5359.2000,5359.6000,5360.8000,5361.0000,1,2,1,2,1,1,1,2,1,3
SF,IC2003,2020-01-03 10:30:43.400,5358.0000,53788,0,4084499680.000,0,-,-,-,-,5357.4000,5357.2000,5357.0000,5356.8000,5356.0000,5358.4000,5358.8000,5359.2000,5359.6000,5360.8000,1,1,2,1,2,2,1,1,2,1
SF,IC2003,2020-01-03 10:30:43.900,5358.0000,53788,0,4084499680.000,0,-,-,-,-,5357.2000,5357.0000,5356.8000,5356.0000,5355.2000,5358.4000,5358.8000,5359.2000,5359.6000,5360.8000,1,2,1,2,1,2,1,1,2,1
SF,IC2003,2020-01-03 10:30:44.400,5358.0000,53788,0,4084499680.000,0,-,-,-,-,5357.2000,5357.0000,5356.8000,5356.0000,5355.2000,5358.2000,5358.4000,5358.8000,5359.2000,5359.6000,1,2,1,2,1,1,2,1,1,2
SF,IC2003,2020-01-03 10:30:44.900,5358.0000,53788,0,4084499680.000,0,-,-,-,-,5357.2000,5357.0000,5356.8000,5356.0000,5355.2000,5358.2000,5358.4000,5358.8000,5359.2000,5359.6000,1,2,1,2,1,1,2,1,1,2
SF,IC2003,2020-01-03 10:30:45.900,5358.0000,53788,0,4085571280.000,1,0,1,多换,S,5357.2000,5357.0000,5356.8000,5356.0000,5355.2000,5358.0000,5358.2000,5358.4000,5358.8000,5359.2000,1,2,1,2,1,1,1,1,1,1
SF,IC2003,2020-01-03 10:30:46.400,5358.2000,53787,-1,4087714520.000,2,0,2,多平,S,5357.2000,5357.0000,5356.8000,5356.0000,5355.2000,5358.4000,5358.8000,5359.2000,5360.8000,5361.0000,1,2,1,2,1,1,1,1,1,3
SF,IC2003,2020-01-03 10:30:46.900,5358.0000,53788,1,4088786120.000,1,1,0,双开,S,5358.0000,5357.2000,5357.0000,5356.8000,5356.0000,5358.4000,5358.8000,5359.2000,5360.8000,5361.0000,4,1,2,1,2,1,1,1,1,3
SF,IC2003,2020-01-03 10:30:47.400,5358.0000,53788,0,4089857720.000,1,0,1,多换,S,5358.0000,5357.2000,5357.0000,5356.8000,5356.0000,5358.4000,5359.2000,5360.8000,5361.0000,5361.4000,3,1,2,1,2,1,1,1,3,1
SF,IC2003,2020-01-03 10:30:47.900,5358.0000,53788,0,4089857720.000,0,-,-,-,-,5358.0000,5357.2000,5357.0000,5356.8000,5356.0000,5358.4000,5359.2000,5360.8000,5361.0000,5361.4000,4,1,2,1,2,1,1,1,3,1
SF,IC2003,2020-01-03 10:30:48.900,5358.0000,53788,0,4089857720.000,0,-,-,-,-,5358.0000,5357.2000,5357.0000,5356.8000,5356.0000,5358.4000,5359.2000,5360.8000,5361.0000,5361.4000,4,1,2,1,2,1,1,1,3,1
SF,IC2003,2020-01-03 10:30:49.400,5358.0000,53788,0,4089857720.000,0,-,-,-,-,5358.0000,5357.2000,5357.0000,5356.8000,5356.0000,5358.4000,5359.2000,5361.0000,5361.4000,5361.6000,4,1,2,1,2,1,1,3,1,1
SF,IC2003,2020-01-03 10:30:50.900,5358.0000,53790,2,4092001000.000,2,2,0,双开,S,5358.0000,5357.2000,5357.0000,5356.8000,5356.0000,5359.2000,5361.0000,5361.4000,5361.6000,5362.0000,3,1,2,1,2,1,3,1,1,1
SF,IC2003,2020-01-03 10:30:51.400,5358.0000,53790,0,4092001000.000,0,-,-,-,-,5358.0000,5357.2000,5357.0000,5356.8000,5356.0000,5359.0000,5359.2000,5359.6000,5361.0000,5361.4000,3,1,2,1,2,1,2,1,3,1
SF,IC2003,2020-01-03 10:30:51.900,5358.0000,53790,0,4093072600.000,1,0,1,多换,S,5358.0000,5357.2000,5357.0000,5356.8000,5356.0000,5359.0000,5359.2000,5359.6000,5361.0000,5361.4000,2,1,2,1,2,1,2,1,3,1
SF,IC2003,2020-01-03 10:30:52.400,5358.0000,53790,0,4093072600.000,0,-,-,-,-,5358.0000,5357.2000,5357.0000,5356.8000,5356.0000,5359.0000,5359.2000,5359.6000,5361.0000,5361.4000,2,1,2,1,2,1,2,1,3,1
SF,IC2003,2020-01-03 10:30:52.900,5358.0000,53790,0,4094144200.000,1,0,1,多换,S,5358.0000,5357.2000,5357.0000,5356.8000,5356.0000,5358.8000,5359.0000,5359.2000,5359.6000,5361.0000,1,1,2,1,2,1,1,2,1,3
SF,IC2003,2020-01-03 10:30:53.400,5357.2000,53790,0,4096287240.000,2,1,1,多换,S,5357.0000,5356.8000,5356.0000,5355.2000,5354.8000,5358.8000,5359.0000,5359.2000,5359.6000,5361.0000,2,1,2,1,1,1,2,2,1,3
SF,IC2003,2020-01-03 10:30:53.900,5357.2000,53790,0,4096287240.000,0,-,-,-,-,5357.0000,5356.8000,5356.0000,5355.2000,5354.8000,5357.4000,5357.8000,5358.4000,5358.6000,5358.8000,2,1,2,1,1,1,1,1,1,1
SF,IC2003,2020-01-03 10:30:54.400,5357.2000,53790,0,4096287240.000,0,-,-,-,-,5357.0000,5356.8000,5356.0000,5355.2000,5354.8000,5357.4000,5358.4000,5358.6000,5359.0000,5361.0000,2,1,2,1,1,1,1,1,1,3
SF,IC2003,2020-01-03 10:30:54.900,5357.0000,53790,0,4097358640.000,1,0,1,多换,S,5357.0000,5356.8000,5356.0000,5355.2000,5354.8000,5357.4000,5358.2000,5358.4000,5358.6000,5359.0000,1,1,2,1,1,1,1,1,1,1
SF,IC2003,2020-01-03 10:30:55.400,5357.0000,53789,-1,4098430040.000,1,0,1,双平,S,5356.8000,5356.0000,5355.2000,5354.8000,5354.4000,5357.4000,5358.2000,5358.4000,5358.6000,5359.0000,1,2,1,1,1,1,1,1,1,1
SF,IC2003,2020-01-03 10:30:55.900,5356.8000,53789,0,4099501400.000,1,0,1,多换,S,5356.0000,5355.2000,5354.4000,5354.2000,5354.0000,5357.4000,5358.2000,5358.4000,5358.6000,5359.0000,2,1,1,2,1,1,1,1,1,1
SF,IC2003,2020-01-03 10:30:56.400,5357.4000,53789,0,4101644360.000,2,1,1,多换,S,5358.0000,5356.2000,5356.0000,5355.2000,5354.4000,5358.2000,5358.4000,5358.6000,5359.0000,5361.0000,3,1,2,1,1,1,1,1,1,3
SF,IC2003,2020-01-03 10:30:56.900,5358.0000,53789,0,4104859160.000,3,1,2,多换,S,5356.2000,5356.0000,5355.2000,5354.4000,5354.2000,5357.8000,5358.0000,5359.0000,5361.0000,5361.4000,1,2,1,1,2,4,8,1,3,1
SF,IC2003,2020-01-03 10:30:57.400,5357.8000,53788,-1,4107002280.000,2,0,2,多平,S,5356.2000,5356.0000,5355.2000,5354.4000,5354.2000,5357.6000,5357.8000,5358.0000,5359.0000,5361.0000,1,2,1,1,2,2,4,5,1,3
SF,IC2003,2020-01-03 10:30:57.900,5357.8000,53788,0,4107002280.000,0,-,-,-,-,5356.2000,5356.0000,5355.2000,5354.4000,5354.2000,5357.6000,5357.8000,5358.0000,5359.0000,5361.0000,1,2,1,1,2,1,3,6,1,3
SF,IC2003,2020-01-03 10:30:58.400,5356.2000,53787,-1,4108073520.000,1,0,1,双平,S,5356.0000,5355.2000,5354.4000,5354.2000,5354.0000,5356.2000,5357.6000,5357.8000,5358.0000,5359.0000,2,1,1,2,1,1,2,3,6,1
SF,IC2003,2020-01-03 10:30:58.900,5356.2000,53786,-1,4109144760.000,1,0,1,双平,S,5356.2000,5356.0000,5355.2000,5354.4000,5354.2000,5357.0000,5357.6000,5357.8000,5358.0000,5359.0000,2,2,1,1,2,1,2,2,3,1
SF,IC2003,2020-01-03 10:30:59.400,5356.2000,53785,-1,4110216000.000,1,0,1,双平,S,5356.0000,5355.2000,5354.4000,5354.2000,5354.0000,5356.2000,5357.0000,5357.6000,5358.0000,5359.0000,2,1,1,2,1,1,1,1,3,1
SF,IC2003,2020-01-03 10:30:59.900,5356.2000,53786,1,4111287240.000,1,1,0,双开,S,5356.0000,5355.2000,5354.4000,5354.2000,5354.0000,5357.0000,5357.6000,5358.0000,5358.6000,5359.0000,2,1,1,2,1,1,1,3,1,1
SF,IC2003,2020-01-03 10:31:00.400,5356.2000,53786,0,4111287240.000,0,-,-,-,-,5356.2000,5356.0000,5355.2000,5354.4000,5354.2000,5357.0000,5357.6000,5358.0000,5358.6000,5359.0000,1,2,1,1,2,1,1,3,1,1
SF,IC2003,2020-01-03 10:31:00.900,5356.2000,53786,0,4111287240.000,0,-,-,-,-,5356.2000,5356.0000,5355.2000,5354.4000,5354.2000,5357.0000,5357.4000,5357.6000,5358.0000,5358.6000,1,2,1,1,2,1,1,1,3,1
SF,IC2003,2020-01-03 10:31:02.400,5356.2000,53786,0,4111287240.000,0,-,-,-,-,5356.2000,5356.0000,5355.2000,5354.4000,5354.2000,5357.4000,5357.6000,5358.0000,5358.6000,5359.0000,2,2,1,1,2,1,2,2,1,1
SF,IC2003,2020-01-03 10:31:02.900,5356.2000,53786,0,4111287240.000,0,-,-,-,-,5356.2000,5356.0000,5355.2000,5354.4000,5354.2000,5357.6000,5358.0000,5358.6000,5359.0000,5361.0000,3,2,1,1,2,2,2,1,1,3
SF,IC2003,2020-01-03 10:31:03.400,5356.2000,53786,0,4111287240.000,0,-,-,-,-,5356.4000,5356.2000,5356.0000,5355.2000,5354.4000,5357.6000,5358.0000,5358.6000,5359.0000,5361.0000,1,3,7,1,1,1,2,1,1,3
SF,IC2003,2020-01-03 10:31:03.900,5356.2000,53786,0,4111287240.000,0,-,-,-,-,5356.4000,5356.2000,5356.0000,5355.2000,5354.4000,5357.6000,5358.0000,5359.0000,5361.0000,5361.6000,1,3,7,1,1,1,2,1,3,1
SF,IC2003,2020-01-03 10:31:04.400,5356.2000,53786,0,4111287240.000,0,-,-,-,-,5356.6000,5356.4000,5356.2000,5356.0000,5355.2000,5357.6000,5358.0000,5359.0000,5361.0000,5361.6000,1,1,3,7,1,1,2,1,3,1
SF,IC2003,2020-01-03 10:31:04.900,5357.6000,53786,0,4112358760.000,1,0,1,多换,S,5356.8000,5356.6000,5356.2000,5356.0000,5355.2000,5358.0000,5359.0000,5361.0000,5361.6000,5362.0000,1,1,3,7,1,1,1,3,1,1
SF,IC2003,2020-01-03 10:31:05.400,5357.6000,53786,0,4112358760.000,0,-,-,-,-,5356.8000,5356.6000,5356.2000,5356.0000,5355.2000,5358.0000,5359.0000,5361.0000,5361.6000,5362.0000,1,1,3,7,1,1,1,3,1,1
SF,IC2003,2020-01-03 10:31:06.400,5357.6000,53786,0,4112358760.000,0,-,-,-,-,5356.8000,5356.2000,5356.0000,5355.2000,5354.4000,5358.0000,5359.0000,5361.0000,5361.6000,5362.0000,1,3,7,1,1,2,1,3,1,1
SF,IC2003,2020-01-03 10:31:06.900,5357.6000,53786,0,4112358760.000,0,-,-,-,-,5356.2000,5356.0000,5355.2000,5354.4000,5354.2000,5357.8000,5358.0000,5359.0000,5361.0000,5361.6000,3,7,1,1,2,2,1,1,3,1
SF,IC2003,2020-01-03 10:31:07.400,5357.6000,53786,0,4112358760.000,0,-,-,-,-,5356.4000,5356.2000,5356.0000,5355.2000,5354.4000,5357.6000,5357.8000,5358.0000,5359.0000,5361.0000,1,4,7,1,1,1,1,1,1,3
SF,IC2003,2020-01-03 10:31:07.900,5357.6000,53786,0,4112358760.000,0,-,-,-,-,5356.2000,5356.0000,5355.2000,5354.4000,5354.2000,5357.4000,5357.6000,5357.8000,5358.0000,5359.0000,4,7,1,1,2,2,1,1,1,1
SF,IC2003,2020-01-03 10:31:08.400,5357.6000,53786,0,4112358760.000,0,-,-,-,-,5356.2000,5356.0000,5355.2000,5354.4000,5354.2000,5357.4000,5357.6000,5357.8000,5359.0000,5361.0000,4,7,1,1,2,2,1,1,1,3
SF,IC2003,2020-01-03 10:31:08.900,5357.6000,53786,0,4112358760.000,0,-,-,-,-,5356.4000,5356.2000,5356.0000,5355.2000,5354.4000,5357.4000,5357.6000,5357.8000,5359.0000,5361.0000,1,4,7,1,1,2,1,1,1,3
SF,IC2003,2020-01-03 10:31:09.400,5357.6000,53786,0,4112358760.000,0,-,-,-,-,5356.4000,5356.2000,5356.0000,5355.2000,5354.4000,5357.4000,5357.6000,5357.8000,5359.0000,5361.0000,1,4,7,1,1,2,1,1,1,3
SF,IC2003,2020-01-03 10:31:09.900,5357.6000,53786,0,4112358760.000,0,-,-,-,-,5356.4000,5356.2000,5356.0000,5355.2000,5354.4000,5357.4000,5357.6000,5357.8000,5359.0000,5361.0000,1,4,7,1,1,2,1,1,1,3
SF,IC2003,2020-01-03 10:31:10.400,5356.6000,53784,-2,4114501400.000,2,0,2,双平,S,5356.4000,5356.2000,5356.0000,5355.2000,5354.4000,5357.4000,5359.0000,5361.0000,5361.6000,5362.0000,1,4,7,1,1,2,1,3,1,1
SF,IC2003,2020-01-03 10:31:11.900,5356.6000,53784,0,4114501400.000,0,-,-,-,-,5356.4000,5356.2000,5356.0000,5355.2000,5354.4000,5357.2000,5357.4000,5359.0000,5361.0000,5361.6000,1,4,7,1,1,2,2,1,3,1
SF,IC2003,2020-01-03 10:31:12.400,5356.6000,53784,0,4114501400.000,0,-,-,-,-,5356.4000,5356.2000,5356.0000,5355.2000,5355.0000,5357.2000,5357.4000,5359.0000,5361.0000,5361.6000,1,4,7,1,1,2,2,1,3,1
SF,IC2003,2020-01-03 10:31:12.900,5356.4000,53783,-1,4115572680.000,1,0,1,双平,S,5356.2000,5356.0000,5355.2000,5355.0000,5354.4000,5357.2000,5359.0000,5361.0000,5361.6000,5362.0000,4,7,1,1,1,2,1,3,1,1
SF,IC2003,2020-01-03 10:31:13.400,5356.4000,53783,0,4115572680.000,0,-,-,-,-,5357.0000,5356.2000,5356.0000,5355.2000,5355.0000,5357.2000,5359.0000,5361.0000,5361.6000,5362.0000,5,4,7,1,1,2,1,3,1,1
SF,IC2003,2020-01-03 10:31:13.900,5357.2000,53783,0,4117715560.000,2,1,1,多换,S,5357.0000,5356.2000,5356.0000,5355.2000,5355.0000,5358.2000,5359.0000,5361.0000,5361.6000,5362.0000,5,4,7,1,1,1,1,3,1,1
SF,IC2003,2020-01-03 10:31:14.400,5357.2000,53783,0,4117715560.000,0,-,-,-,-,5357.2000,5357.0000,5356.2000,5356.0000,5355.2000,5358.0000,5359.0000,5361.0000,5361.6000,5362.0000,10,5,4,7,1,1,1,3,1,1
SF,IC2003,2020-01-03 10:31:14.900,5357.2000,53783,0,4118787000.000,1,0,1,多换,S,5357.2000,5357.0000,5356.2000,5356.0000,5355.2000,5358.0000,5359.0000,5361.0000,5361.6000,5362.0000,9,5,4,7,1,1,1,3,1,1
SF,IC2003,2020-01-03 10:31:15.400,5357.2000,53783,0,4118787000.000,0,-,-,-,-,5357.2000,5357.0000,5356.2000,5356.0000,5355.2000,5358.0000,5358.8000,5359.0000,5361.0000,5361.6000,9,5,4,7,1,1,1,1,3,1
SF,IC2003,2020-01-03 10:31:15.900,5357.2000,53783,0,4118787000.000,0,-,-,-,-,5357.2000,5357.0000,5356.2000,5356.0000,5355.2000,5357.6000,5358.0000,5358.8000,5359.0000,5361.0000,9,5,4,7,1,1,1,1,1,3
SF,IC2003,2020-01-03 10:31:16.400,5357.4000,53781,-2,4122001480.000,3,0,3,多平,S,5357.6000,5357.2000,5357.0000,5356.2000,5356.0000,5358.0000,5358.8000,5361.0000,5361.6000,5362.0000,1,9,5,4,7,2,1,3,1,1
SF,IC2003,2020-01-03 10:31:16.900,5357.2000,53781,0,4123072920.000,1,0,1,多换,S,5357.2000,5357.0000,5356.2000,5356.0000,5355.2000,5358.0000,5361.0000,5361.6000,5362.0000,5362.4000,8,5,4,7,1,2,3,1,1,1
SF,IC2003,2020-01-03 10:31:17.900,5358.0000,53781,0,4125215960.000,2,1,1,多换,S,5357.2000,5357.0000,5356.2000,5356.0000,5355.2000,5358.0000,5361.0000,5361.6000,5362.0000,5362.4000,7,5,4,7,1,2,3,1,1,1
SF,IC2003,2020-01-03 10:31:18.400,5357.2000,53782,1,4126287400.000,1,1,0,双开,S,5357.2000,5357.0000,5356.2000,5356.0000,5355.2000,5357.8000,5358.0000,5361.0000,5361.6000,5362.0000,6,5,4,7,1,1,2,3,1,1
SF,IC2003,2020-01-03 10:31:20.400,5357.2000,53782,0,4126287400.000,0,-,-,-,-,5357.2000,5357.0000,5356.2000,5356.0000,5355.2000,5357.8000,5358.0000,5361.0000,5361.6000,5362.0000,6,5,4,7,1,1,1,3,1,1
SF,IC2003,2020-01-03 10:31:20.900,5357.2000,53782,0,4127358840.000,1,0,1,多换,S,5357.2000,5357.0000,5356.2000,5356.0000,5355.2000,5357.8000,5358.0000,5361.0000,5361.6000,5362.0000,5,5,4,7,1,1,1,3,1,1
SF,IC2003,2020-01-03 10:31:21.400,5357.2000,53782,0,4128430280.000,1,0,1,多换,S,5357.2000,5357.0000,5356.2000,5356.0000,5355.2000,5358.0000,5361.0000,5361.6000,5362.0000,5362.4000,4,5,4,7,1,1,3,1,1,1
SF,IC2003,2020-01-03 10:31:21.900,5357.0000,53784,2,4138073040.000,9,5,4,空开,S,5356.2000,5356.0000,5355.2000,5355.0000,5354.4000,5357.2000,5357.4000,5357.6000,5358.0000,5359.2000,4,7,1,1,1,1,1,1,2,1
SF,IC2003,2020-01-03 10:31:22.400,5357.0000,53784,0,4138073040.000,0,-,-,-,-,5356.2000,5356.0000,5355.2000,5355.0000,5354.4000,5357.4000,5357.6000,5358.0000,5359.2000,5361.0000,4,7,1,1,1,1,1,2,1,3
SF,IC2003,2020-01-03 10:31:22.900,5357.0000,53784,0,4138073040.000,0,-,-,-,-,5356.2000,5356.0000,5355.2000,5355.0000,5354.4000,5357.2000,5357.4000,5357.6000,5358.0000,5359.2000,4,7,1,1,1,2,1,1,2,1
SF,IC2003,2020-01-03 10:31:23.400,5357.0000,53784,0,4138073040.000,0,-,-,-,-,5356.2000,5356.0000,5355.2000,5355.0000,5354.4000,5357.2000,5357.6000,5358.0000,5359.2000,5361.0000,4,7,1,1,1,2,1,2,1,3
SF,IC2003,2020-01-03 10:31:23.900,5357.0000,53784,0,4138073040.000,0,-,-,-,-,5356.2000,5356.0000,5355.2000,5355.0000,5354.4000,5357.0000,5357.2000,5357.6000,5358.0000,5359.2000,4,7,1,1,1,1,2,1,1,1
SF,IC2003,2020-01-03 10:31:25.400,5357.0000,53784,0,4138073040.000,0,-,-,-,-,5356.2000,5356.0000,5355.2000,5355.0000,5354.4000,5356.8000,5357.0000,5357.2000,5357.6000,5358.0000,4,7,1,1,1,1,1,2,1,1
SF,IC2003,2020-01-03 10:31:25.900,5356.2000,53784,0,4139144280.000,1,0,1,多换,S,5356.2000,5356.0000,5355.2000,5355.0000,5354.4000,5356.8000,5357.0000,5357.2000,5357.6000,5358.0000,3,7,1,1,1,1,1,2,1,1
SF,IC2003,2020-01-03 10:31:26.400,5357.0000,53784,0,4142358280.000,3,1,2,多换,S,5357.0000,5356.8000,5356.2000,5356.0000,5355.2000,5357.2000,5357.6000,5358.0000,5359.2000,5361.0000,1,2,2,7,1,2,1,1,1,3
SF,IC2003,2020-01-03 10:31:26.900,5357.2000,53780,-4,4148787000.000,6,1,5,多平,S,5357.2000,5357.0000,5356.2000,5356.0000,5355.2000,5358.0000,5359.2000,5361.0000,5361.6000,5362.0000,2,1,2,7,1,1,1,3,1,1
SF,IC2003,2020-01-03 10:31:27.400,5357.4000,53778,-2,4150930080.000,2,0,2,双平,S,5357.4000,5357.2000,5357.0000,5356.2000,5356.0000,5359.2000,5361.0000,5361.6000,5362.0000,5362.4000,1,2,1,2,7,1,3,1,1,1
SF,IC2003,2020-01-03 10:31:27.900,5357.4000,53778,0,4150930080.000,0,-,-,-,-,5357.4000,5357.2000,5356.2000,5356.0000,5355.2000,5358.2000,5358.6000,5358.8000,5359.0000,5361.0000,1,2,2,7,1,1,2,2,1,3
SF,IC2003,2020-01-03 10:31:28.400,5358.2000,53776,-2,4154144600.000,3,0,3,多平,S,5356.2000,5356.0000,5355.2000,5355.0000,5354.4000,5358.4000,5358.8000,5359.0000,5361.0000,5361.6000,2,7,1,1,1,1,2,2,3,1
SF,IC2003,2020-01-03 10:31:28.900,5357.6000,53777,1,4155216120.000,1,1,0,双开,S,5357.4000,5357.2000,5356.8000,5356.6000,5356.4000,5358.0000,5358.2000,5358.4000,5359.0000,5361.0000,1,1,2,2,1,1,1,1,1,3
SF,IC2003,2020-01-03 10:31:29.400,5358.0000,53777,0,4156287720.000,1,0,1,多换,S,5356.8000,5356.4000,5356.2000,5356.0000,5355.2000,5358.2000,5361.0000,5361.6000,5362.0000,5362.4000,1,1,2,7,1,1,3,1,1,1
SF,IC2003,2020-01-03 10:31:29.900,5358.0000,53777,0,4156287720.000,0,-,-,-,-,5357.0000,5356.8000,5356.2000,5356.0000,5355.2000,5361.0000,5361.6000,5362.0000,5362.4000,5363.0000,2,1,2,7,1,3,1,1,1,1
SF,IC2003,2020-01-03 10:31:30.400,5358.0000,53777,0,4156287720.000,0,-,-,-,-,5358.0000,5357.2000,5357.0000,5356.8000,5356.2000,5359.0000,5359.2000,5359.4000,5360.2000,5360.4000,8,1,2,1,2,1,1,2,1,6
SF,IC2003,2020-01-03 10:31:30.900,5358.0000,53777,0,4156287720.000,0,-,-,-,-,5358.0000,5357.0000,5356.8000,5356.2000,5356.0000,5358.6000,5359.0000,5359.2000,5360.4000,5360.8000,8,2,1,2,7,1,1,1,1,5
SF,IC2003,2020-01-03 10:31:31.400,5358.0000,53777,0,4161645720.000,5,2,3,多换,S,5358.0000,5357.0000,5356.8000,5356.2000,5356.0000,5358.6000,5359.2000,5360.4000,5360.8000,5361.0000,3,2,1,2,7,1,1,1,4,3
SF,IC2003,2020-01-03 10:31:31.900,5358.6000,53777,0,4162717440.000,1,0,1,多换,S,5358.0000,5357.0000,5356.2000,5356.0000,5355.2000,5358.8000,5359.2000,5360.4000,5360.8000,5361.0000,3,1,2,7,1,1,1,1,4,3
SF,IC2003,2020-01-03 10:31:32.400,5358.6000,53777,0,4162717440.000,0,-,-,-,-,5358.8000,5358.0000,5357.0000,5356.2000,5356.0000,5359.2000,5360.4000,5360.8000,5361.0000,5361.2000,1,3,1,2,7,1,1,4,3,1
SF,IC2003,2020-01-03 10:31:32.900,5358.0000,53776,-1,4164860760.000,2,0,2,多平,S,5358.0000,5357.0000,5356.2000,5356.0000,5355.2000,5359.6000,5360.0000,5360.4000,5360.8000,5361.0000,2,1,2,7,1,1,1,1,3,3
SF,IC2003,2020-01-03 10:31:33.400,5358.0000,53776,0,4164860760.000,0,-,-,-,-,5358.8000,5358.2000,5358.0000,5356.2000,5356.0000,5359.6000,5360.0000,5360.8000,5361.0000,5361.2000,10,3,2,2,7,1,1,1,3,1
SF,IC2003,2020-01-03 10:31:33.900,5358.0000,53776,0,4164860760.000,0,-,-,-,-,5358.8000,5358.2000,5358.0000,5356.2000,5356.0000,5360.0000,5360.8000,5361.0000,5361.2000,5361.6000,10,2,2,2,7,1,1,3,1,1
SF,IC2003,2020-01-03 10:31:34.400,5358.0000,53776,0,4164860760.000,0,-,-,-,-,5359.0000,5358.8000,5358.2000,5358.0000,5356.2000,5359.4000,5360.0000,5360.8000,5361.0000,5361.2000,1,10,2,2,2,1,2,1,3,1
SF,IC2003,2020-01-03 10:31:34.900,5358.8000,53776,0,4167004320.000,2,1,1,多换,S,5358.8000,5358.2000,5358.0000,5356.2000,5356.0000,5359.0000,5359.4000,5360.0000,5360.8000,5361.0000,9,2,2,2,8,1,1,2,1,3
SF,IC2003,2020-01-03 10:31:35.400,5358.8000,53776,0,4169147840.000,2,1,1,多换,S,5358.8000,5358.2000,5358.0000,5356.2000,5356.0000,5359.0000,5359.4000,5360.0000,5360.8000,5361.0000,7,2,2,2,8,2,1,2,1,3
SF,IC2003,2020-01-03 10:31:35.900,5358.8000,53776,0,4171291360.000,2,1,1,多换,S,5358.8000,5358.2000,5358.0000,5356.2000,5356.0000,5359.0000,5359.4000,5360.0000,5360.8000,5361.0000,5,1,2,2,8,1,1,2,1,3
SF,IC2003,2020-01-03 10:31:36.400,5358.8000,53776,0,4172363120.000,1,0,1,多换,S,5358.8000,5358.0000,5356.2000,5356.0000,5355.2000,5359.0000,5359.4000,5360.0000,5360.8000,5361.0000,4,2,2,8,1,1,1,2,1,3
SF,IC2003,2020-01-03 10:31:36.900,5358.8000,53779,3,4176650160.000,4,3,1,空开,S,5358.0000,5356.2000,5356.0000,5355.2000,5355.0000,5358.8000,5359.0000,5360.0000,5360.8000,5361.0000,2,2,8,1,1,6,1,1,1,3
SF,IC2003,2020-01-03 10:31:37.400,5358.8000,53779,0,4176650160.000,0,-,-,-,-,5358.0000,5356.2000,5356.0000,5355.2000,5355.0000,5358.6000,5358.8000,5359.0000,5360.0000,5360.8000,2,2,8,1,1,1,6,1,1,1
SF,IC2003,2020-01-03 10:31:37.900,5358.8000,53779,0,4176650160.000,0,-,-,-,-,5358.0000,5356.2000,5356.0000,5355.2000,5355.0000,5358.8000,5360.0000,5360.8000,5361.0000,5361.2000,2,2,8,1,1,7,1,1,3,1
SF,IC2003,2020-01-03 10:31:38.900,5358.0000,53780,1,4177721760.000,1,1,0,双开,S,5358.0000,5356.2000,5356.0000,5355.2000,5355.0000,5358.8000,5360.0000,5360.8000,5361.0000,5361.2000,1,2,8,1,1,7,1,1,3,1
SF,IC2003,2020-01-03 10:31:40.400,5358.0000,53780,0,4177721760.000,0,-,-,-,-,5358.0000,5356.2000,5356.0000,5355.2000,5355.0000,5358.6000,5358.8000,5360.0000,5360.8000,5361.0000,1,2,8,1,1,1,8,1,1,3
SF,IC2003,2020-01-03 10:31:40.900,5358.0000,53780,0,4178793360.000,1,0,1,多换,S,5356.2000,5356.0000,5355.2000,5355.0000,5354.4000,5358.0000,5358.6000,5358.8000,5360.0000,5360.8000,2,8,1,1,1,1,2,6,1,1
SF,IC2003,2020-01-03 10:31:41.400,5358.0000,53780,0,4178793360.000,0,-,-,-,-,5357.0000,5356.6000,5356.4000,5356.2000,5356.0000,5358.0000,5358.2000,5358.6000,5358.8000,5360.0000,3,3,1,2,8,1,1,2,6,1
SF,IC2003,2020-01-03 10:31:41.900,5358.0000,53780,0,4178793360.000,0,-,-,-,-,5357.0000,5356.6000,5356.4000,5356.2000,5356.0000,5358.0000,5358.6000,5358.8000,5360.0000,5360.8000,3,1,1,2,8,1,2,6,1,1
SF,IC2003,2020-01-03 10:31:43.400,5358.0000,53780,0,4178793360.000,0,-,-,-,-,5356.4000,5356.2000,5356.0000,5355.2000,5355.0000,5358.0000,5358.6000,5358.8000,5360.0000,5360.8000,1,2,3,1,1,1,2,6,1,1
SF,IC2003,2020-01-03 10:31:43.900,5358.0000,53780,0,4178793360.000,0,-,-,-,-,5356.4000,5356.2000,5356.0000,5355.2000,5355.0000,5357.8000,5358.0000,5358.4000,5358.6000,5358.8000,1,2,3,1,1,1,2,1,1,6
SF,IC2003,2020-01-03 10:31:44.400,5358.0000,53780,0,4178793360.000,0,-,-,-,-,5356.4000,5356.2000,5356.0000,5355.2000,5355.0000,5357.8000,5358.0000,5358.4000,5358.6000,5358.8000,1,2,3,1,1,2,1,1,1,6
SF,IC2003,2020-01-03 10:31:44.900,5358.0000,53780,0,4178793360.000,0,-,-,-,-,5356.4000,5356.2000,5356.0000,5355.2000,5355.0000,5357.2000,5357.8000,5358.0000,5358.4000,5358.6000,1,2,3,1,1,1,1,1,1,1
SF,IC2003,2020-01-03 10:31:45.400,5358.0000,53780,0,4178793360.000,0,-,-,-,-,5356.4000,5356.2000,5356.0000,5355.2000,5355.0000,5357.2000,5357.6000,5357.8000,5358.0000,5358.4000,1,2,3,1,1,1,1,1,1,1
SF,IC2003,2020-01-03 10:31:46.900,5356.4000,53779,-1,4179864640.000,1,0,1,双平,S,5356.2000,5356.0000,5355.2000,5355.0000,5354.4000,5356.4000,5357.2000,5357.6000,5357.8000,5358.0000,2,3,1,1,1,4,1,1,1,1
SF,IC2003,2020-01-03 10:31:47.400,5356.2000,53778,-1,4180935880.000,1,0,1,双平,S,5356.2000,5356.0000,5355.2000,5355.0000,5354.4000,5356.4000,5357.0000,5357.2000,5357.6000,5358.2000,1,3,1,1,1,4,1,1,1,1
SF,IC2003,2020-01-03 10:31:47.900,5356.0000,53778,0,4183078320.000,2,1,1,多换,S,5356.0000,5355.2000,5355.0000,5354.4000,5354.2000,5356.2000,5356.4000,5357.0000,5357.6000,5358.2000,2,1,1,1,1,3,4,1,1,1
SF,IC2003,2020-01-03 10:31:48.400,5356.0000,53777,-1,4185220720.000,2,0,2,多平,S,5355.2000,5355.0000,5354.4000,5354.2000,5354.0000,5355.8000,5356.0000,5356.4000,5357.0000,5357.6000,1,1,1,1,1,2,5,4,1,1
SF,IC2003,2020-01-03 10:31:48.900,5356.0000,53777,0,4185220720.000,0,-,-,-,-,5355.2000,5355.0000,5354.4000,5354.2000,5354.0000,5355.8000,5356.0000,5356.4000,5357.0000,5357.6000,1,1,1,1,1,2,5,4,1,1
SF,IC2003,2020-01-03 10:31:49.400,5355.0000,53777,0,4187362760.000,2,1,1,多换,S,5354.4000,5354.2000,5354.0000,5353.2000,5353.0000,5355.0000,5355.6000,5355.8000,5356.4000,5357.0000,1,1,1,1,1,1,1,2,4,1
SF,IC2003,2020-01-03 10:31:49.900,5355.0000,53777,0,4188433760.000,1,0,1,多换,S,5354.4000,5354.2000,5354.0000,5353.2000,5353.0000,5355.6000,5356.4000,5357.0000,5357.6000,5358.2000,1,1,1,1,1,1,4,1,1,1
SF,IC2003,2020-01-03 10:31:50.400,5355.0000,53777,0,4188433760.000,0,-,-,-,-,5354.4000,5354.2000,5354.0000,5353.2000,5353.0000,5356.4000,5357.0000,5357.6000,5358.2000,5358.8000,1,1,1,1,1,4,1,1,1,6
SF,IC2003,2020-01-03 10:31:50.900,5356.4000,53778,1,4193790080.000,5,3,2,空开,S,5354.6000,5354.4000,5354.2000,5354.0000,5353.2000,5356.2000,5356.4000,5357.0000,5358.2000,5358.8000,2,1,1,1,1,1,1,1,1,6
SF,IC2003,2020-01-03 10:31:51.400,5356.4000,53778,0,4193790080.000,0,-,-,-,-,5354.6000,5354.4000,5354.2000,5354.0000,5353.2000,5356.0000,5356.4000,5357.0000,5358.2000,5358.8000,2,1,1,1,1,1,1,1,1,6
SF,IC2003,2020-01-03 10:31:52.400,5356.4000,53778,0,4193790080.000,0,-,-,-,-,5355.0000,5354.8000,5354.6000,5354.4000,5354.2000,5356.0000,5356.4000,5357.0000,5358.2000,5358.8000,1,1,2,1,1,1,1,1,1,6
SF,IC2003,2020-01-03 10:31:52.900,5356.0000,53777,-1,4194861280.000,1,0,1,双平,S,5354.6000,5354.4000,5354.2000,5354.0000,5353.2000,5356.4000,5357.0000,5358.2000,5358.8000,5360.0000,2,1,1,1,1,1,1,1,6,1
SF,IC2003,2020-01-03 10:31:53.400,5356.0000,53777,0,4194861280.000,0,-,-,-,-,5354.6000,5354.4000,5354.2000,5354.0000,5353.2000,5356.2000,5356.4000,5357.0000,5358.2000,5358.8000,1,1,1,1,1,1,1,1,1,6
SF,IC2003,2020-01-03 10:31:53.900,5356.0000,53777,0,4194861280.000,0,-,-,-,-,5354.6000,5354.4000,5354.2000,5354.0000,5353.2000,5356.2000,5356.4000,5357.0000,5358.2000,5358.8000,1,1,1,1,1,2,1,1,1,6
SF,IC2003,2020-01-03 10:31:54.400,5356.0000,53777,0,4194861280.000,0,-,-,-,-,5355.2000,5354.8000,5354.6000,5354.4000,5354.2000,5356.0000,5356.2000,5356.4000,5357.0000,5358.2000,1,1,1,1,1,1,1,1,1,1
SF,IC2003,2020-01-03 10:31:54.900,5356.0000,53777,0,4194861280.000,0,-,-,-,-,5354.8000,5354.6000,5354.4000,5354.2000,5354.0000,5355.2000,5356.0000,5356.4000,5357.0000,5358.2000,1,1,1,1,1,1,1,1,1,1
SF,IC2003,2020-01-03 10:31:55.400,5356.0000,53777,0,4194861280.000,0,-,-,-,-,5355.0000,5354.8000,5354.6000,5354.4000,5354.2000,5356.0000,5356.4000,5357.0000,5358.2000,5358.8000,5,1,1,1,1,1,1,1,1,6
SF,IC2003,2020-01-03 10:31:55.900,5356.0000,53777,0,4194861280.000,0,-,-,-,-,5355.0000,5354.6000,5354.4000,5354.2000,5354.0000,5356.0000,5356.4000,5357.0000,5358.2000,5358.8000,5,1,1,1,1,1,1,1,1,6
SF,IC2003,2020-01-03 10:31:56.400,5356.0000,53777,0,4194861280.000,0,-,-,-,-,5355.0000,5354.6000,5354.4000,5354.2000,5354.0000,5356.0000,5356.4000,5357.0000,5358.2000,5358.8000,5,1,1,1,1,1,1,1,1,5
SF,IC2003,2020-01-03 10:31:57.400,5355.0000,53778,1,4195932280.000,1,1,0,双开,S,5355.0000,5354.6000,5354.4000,5354.2000,5354.0000,5356.0000,5356.4000,5357.0000,5358.8000,5360.0000,4,1,1,1,1,1,1,1,5,1
SF,IC2003,2020-01-03 10:31:57.900,5355.0000,53780,2,4199145280.000,3,2,1,空开,S,5355.0000,5354.6000,5354.4000,5354.2000,5354.0000,5356.0000,5356.4000,5357.0000,5358.8000,5360.0000,1,1,1,1,1,1,1,1,5,1
SF,IC2003,2020-01-03 10:31:58.400,5355.0000,53780,0,4201287280.000,2,1,1,多换,S,5354.6000,5354.4000,5354.2000,5354.0000,5353.2000,5355.6000,5355.8000,5356.0000,5356.4000,5357.0000,1,1,1,1,1,5,1,1,1,1
SF,IC2003,2020-01-03 10:31:58.900,5355.0000,53780,0,4201287280.000,0,-,-,-,-,5354.6000,5354.4000,5354.2000,5354.0000,5353.2000,5355.0000,5355.4000,5355.6000,5356.4000,5357.0000,1,1,1,1,1,1,1,5,1,1
SF,IC2003,2020-01-03 10:31:59.400,5355.0000,53780,0,4201287280.000,0,-,-,-,-,5354.6000,5354.4000,5354.2000,5354.0000,5353.0000,5355.0000,5355.4000,5355.6000,5356.4000,5357.0000,1,1,1,1,1,1,1,5,1,1
SF,IC2003,2020-01-03 10:31:59.900,5355.0000,53780,0,4201287280.000,0,-,-,-,-,5354.4000,5354.2000,5354.0000,5353.0000,5352.8000,5354.6000,5355.0000,5355.4000,5355.6000,5356.4000,1,1,1,1,1,1,1,1,5,1
SF,IC2003,2020-01-03 10:32:00.400,5354.2000,53780,0,4203429000.000,2,1,1,多换,S,5354.0000,5353.0000,5352.8000,5352.2000,5352.0000,5354.4000,5355.0000,5355.4000,5355.6000,5356.4000,1,1,1,1,1,2,1,1,5,1
SF,IC2003,2020-01-03 10:32:00.900,5354.0000,53780,0,4205570600.000,2,1,1,多换,S,5353.0000,5352.8000,5352.2000,5352.0000,5351.0000,5354.4000,5355.0000,5355.4000,5356.4000,5357.0000,1,1,1,1,1,2,1,1,1,1
SF,IC2003,2020-01-03 10:32:01.400,5352.8000,53779,-1,4207711760.000,2,0,2,多平,S,5352.2000,5352.0000,5351.0000,5350.2000,5350.0000,5354.4000,5355.0000,5355.4000,5356.4000,5358.8000,1,1,1,1,5,2,1,1,1,5
SF,IC2003,2020-01-03 10:32:01.900,5352.0000,53778,-1,4211993600.000,4,1,3,多平,S,5351.0000,5350.2000,5350.0000,5349.8000,5349.2000,5353.6000,5354.2000,5354.4000,5355.0000,5356.4000,1,1,5,1,1,1,1,2,2,1
SF,IC2003,2020-01-03 10:32:02.400,5355.0000,53783,5,4223773120.000,11,8,3,空开,S,5356.0000,5351.6000,5351.4000,5351.2000,5351.0000,5356.4000,5358.8000,5359.2000,5360.0000,5361.0000,4,1,3,2,1,1,5,5,1,1
SF,IC2003,2020-01-03 10:32:02.900,5356.0000,53784,1,4229128960.000,5,3,2,空开,S,5351.6000,5351.4000,5351.2000,5351.0000,5350.6000,5354.2000,5354.6000,5355.0000,5355.4000,5355.6000,1,1,1,1,3,1,1,2,3,2
SF,IC2003,2020-01-03 10:32:03.400,5352.0000,53784,0,4231269760.000,2,1,1,多换,S,5351.8000,5351.6000,5351.4000,5351.0000,5350.6000,5354.0000,5355.0000,5355.8000,5356.0000,5356.2000,1,1,1,1,3,3,1,6,4,4
SF,IC2003,2020-01-03 10:32:03.900,5354.0000,53792,8,4243046760.000,11,9,2,空开,S,5351.6000,5351.0000,5350.6000,5350.2000,5350.0000,5355.8000,5356.0000,5356.2000,5356.4000,5358.8000,1,1,3,1,5,3,4,4,1,5
SF,IC2003,2020-01-03 10:32:04.400,5354.0000,53792,0,4243046760.000,0,-,-,-,-,5352.0000,5351.8000,5351.6000,5351.0000,5350.6000,5353.8000,5354.2000,5354.4000,5355.0000,5355.4000,2,1,1,1,3,1,2,1,1,2
SF,IC2003,2020-01-03 10:32:04.900,5352.2000,53790,-2,4245187640.000,2,0,2,双平,S,5352.2000,5352.0000,5351.0000,5350.6000,5350.2000,5353.8000,5354.4000,5354.8000,5355.0000,5355.4000,3,1,1,3,1,1,1,1,1,3
SF,IC2003,2020-01-03 10:32:05.400,5352.2000,53790,0,4245187640.000,0,-,-,-,-,5352.4000,5352.2000,5352.0000,5351.0000,5350.6000,5353.8000,5354.4000,5354.8000,5355.0000,5355.4000,4,1,1,1,3,1,1,1,1,3
SF,IC2003,2020-01-03 10:32:05.900,5352.2000,53790,0,4245187640.000,0,-,-,-,-,5352.6000,5352.4000,5351.0000,5350.6000,5350.2000,5354.2000,5355.0000,5355.4000,5355.6000,5355.8000,4,2,1,3,1,1,1,2,2,4
SF,IC2003,2020-01-03 10:32:06.400,5352.2000,53790,0,4245187640.000,0,-,-,-,-,5352.8000,5352.6000,5352.4000,5351.0000,5350.6000,5354.2000,5355.0000,5355.4000,5355.6000,5355.8000,2,2,2,1,3,1,1,1,2,4
SF,IC2003,2020-01-03 10:32:07.400,5352.2000,53790,0,4245187640.000,0,-,-,-,-,5352.8000,5352.6000,5352.4000,5351.0000,5350.6000,5354.2000,5355.0000,5355.2000,5355.4000,5355.6000,2,2,2,1,3,1,1,1,1,3
SF,IC2003,2020-01-03 10:32:07.900,5352.2000,53790,0,4245187640.000,0,-,-,-,-,5352.6000,5352.4000,5351.0000,5350.6000,5350.2000,5354.2000,5355.0000,5355.2000,5355.4000,5355.6000,2,3,1,3,1,1,1,1,1,3
SF,IC2003,2020-01-03 10:32:08.400,5352.2000,53790,0,4245187640.000,0,-,-,-,-,5353.2000,5353.0000,5352.8000,5352.6000,5352.4000,5354.2000,5355.0000,5355.2000,5355.6000,5355.8000,1,1,3,1,2,1,1,1,3,4
SF,IC2003,2020-01-03 10:32:08.900,5352.2000,53790,0,4245187640.000,0,-,-,-,-,5353.2000,5353.0000,5352.8000,5352.6000,5352.4000,5354.2000,5355.0000,5355.2000,5355.6000,5355.8000,1,1,3,1,2,1,1,1,3,4
SF,IC2003,2020-01-03 10:32:09.400,5352.2000,53790,0,4245187640.000,0,-,-,-,-,5353.2000,5353.0000,5352.8000,5352.6000,5352.4000,5354.2000,5355.0000,5355.2000,5355.6000,5355.8000,1,1,3,1,2,1,1,1,3,3
SF,IC2003,2020-01-03 10:32:09.900,5352.2000,53790,0,4245187640.000,0,-,-,-,-,5353.2000,5353.0000,5352.8000,5352.6000,5352.4000,5354.2000,5355.0000,5355.2000,5355.6000,5355.8000,1,1,3,1,2,1,1,1,3,3
SF,IC2003,2020-01-03 10:32:10.400,5352.2000,53790,0,4245187640.000,0,-,-,-,-,5353.2000,5353.0000,5352.8000,5352.6000,5352.4000,5354.2000,5355.0000,5355.2000,5355.6000,5355.8000,1,1,3,1,2,1,1,1,3,2
SF,IC2003,2020-01-03 10:32:10.900,5352.2000,53790,0,4245187640.000,0,-,-,-,-,5353.4000,5353.2000,5353.0000,5352.8000,5352.4000,5354.2000,5355.0000,5355.2000,5355.6000,5355.8000,1,1,1,3,2,1,1,1,3,2
SF,IC2003,2020-01-03 10:32:11.400,5354.2000,53791,1,4246258480.000,1,1,0,双开,S,5354.2000,5353.4000,5353.0000,5352.8000,5352.4000,5355.0000,5355.6000,5355.8000,5356.0000,5356.4000,4,1,1,2,1,1,3,2,2,1
SF,IC2003,2020-01-03 10:32:11.900,5355.0000,53791,0,4247329480.000,1,0,1,多换,S,5354.6000,5354.4000,5354.0000,5353.4000,5352.8000,5355.6000,5356.0000,5356.4000,5356.6000,5357.6000,1,1,4,1,2,2,2,1,1,4
SF,IC2003,2020-01-03 10:32:12.400,5354.8000,53791,0,4249471440.000,2,1,1,多换,S,5354.6000,5354.0000,5353.4000,5352.8000,5352.4000,5355.6000,5356.0000,5356.4000,5356.6000,5357.6000,1,4,1,2,1,1,1,1,1,4
SF,IC2003,2020-01-03 10:32:12.900,5355.6000,53790,-1,4254827120.000,5,2,3,多平,S,5355.4000,5355.0000,5354.8000,5354.6000,5354.0000,5356.4000,5358.8000,5359.2000,5360.0000,5361.0000,2,1,2,1,4,1,5,5,1,1
SF,IC2003,2020-01-03 10:32:13.400,5355.4000,53790,0,4255898200.000,1,0,1,多换,S,5355.0000,5354.8000,5354.6000,5354.0000,5352.8000,5356.0000,5356.2000,5356.4000,5358.4000,5358.8000,1,1,1,4,2,1,2,1,1,5
SF,IC2003,2020-01-03 10:32:13.900,5355.4000,53790,0,4255898200.000,0,-,-,-,-,5355.0000,5354.8000,5354.6000,5354.0000,5352.8000,5355.2000,5355.6000,5356.0000,5356.2000,5356.4000,1,1,1,4,2,2,1,1,2,1
SF,IC2003,2020-01-03 10:32:14.400,5355.2000,53790,0,4258040240.000,2,1,1,多换,S,5354.8000,5354.6000,5354.0000,5352.8000,5352.4000,5356.0000,5356.2000,5356.4000,5358.4000,5358.8000,1,1,4,2,1,2,1,1,1,5
SF,IC2003,2020-01-03 10:32:15.400,5355.2000,53790,0,4258040240.000,0,-,-,-,-,5354.8000,5354.0000,5352.8000,5352.4000,5352.0000,5355.4000,5355.6000,5355.8000,5356.0000,5356.2000,1,4,2,1,5,1,1,1,2,1
SF,IC2003,2020-01-03 10:32:15.900,5354.0000,53790,0,4259111040.000,1,0,1,多换,S,5354.0000,5352.8000,5352.4000,5352.0000,5351.0000,5354.8000,5355.0000,5355.2000,5355.6000,5355.8000,3,2,1,5,1,1,2,1,1,1
SF,IC2003,2020-01-03 10:32:16.400,5355.6000,53791,1,4263395120.000,4,2,2,空开,S,5354.6000,5354.2000,5354.0000,5352.8000,5352.4000,5356.0000,5356.2000,5356.4000,5357.0000,5358.8000,2,3,3,2,1,1,1,1,1,5
SF,IC2003,2020-01-03 10:32:16.900,5355.6000,53791,0,4263395120.000,0,-,-,-,-,5355.0000,5354.8000,5354.2000,5354.0000,5352.8000,5355.6000,5356.0000,5356.4000,5357.0000,5358.8000,10,1,2,3,2,5,1,1,1,5
SF,IC2003,2020-01-03 10:32:17.400,5355.6000,53791,0,4264466240.000,1,0,1,多换,S,5355.0000,5354.8000,5354.2000,5354.0000,5352.8000,5356.0000,5356.4000,5357.0000,5358.8000,5359.6000,10,1,2,3,2,1,1,1,5,4
SF,IC2003,2020-01-03 10:32:17.900,5355.6000,53791,0,4264466240.000,0,-,-,-,-,5355.0000,5354.8000,5354.2000,5354.0000,5352.8000,5355.6000,5355.8000,5356.0000,5356.4000,5358.8000,10,1,2,3,2,1,1,1,1,5
SF,IC2003,2020-01-03 10:32:18.400,5355.6000,53791,0,4265537360.000,1,0,1,多换,S,5355.0000,5354.8000,5354.2000,5354.0000,5352.8000,5355.8000,5356.0000,5356.4000,5358.8000,5359.6000,10,1,2,3,2,1,1,1,5,4
SF,IC2003,2020-01-03 10:32:18.900,5355.6000,53791,0,4265537360.000,0,-,-,-,-,5355.0000,5354.8000,5354.2000,5354.0000,5352.8000,5355.8000,5356.0000,5356.4000,5358.8000,5359.6000,10,1,2,3,2,1,1,1,5,4
SF,IC2003,2020-01-03 10:32:19.400,5355.0000,53793,2,4268750360.000,3,2,1,空开,S,5355.0000,5354.8000,5354.2000,5354.0000,5352.8000,5355.4000,5355.6000,5355.8000,5356.0000,5356.4000,7,1,1,3,2,2,1,1,2,1
SF,IC2003,2020-01-03 10:32:19.900,5355.0000,53794,1,4274105360.000,5,3,2,空开,S,5355.0000,5354.8000,5354.2000,5354.0000,5352.8000,5355.6000,5355.8000,5356.0000,5356.4000,5358.8000,2,1,1,3,2,2,1,1,1,5
SF,IC2003,2020-01-03 10:32:20.400,5355.0000,53796,2,4276247360.000,2,2,0,双开,S,5354.8000,5354.2000,5354.0000,5352.8000,5352.0000,5355.0000,5355.6000,5355.8000,5356.4000,5358.8000,1,1,3,2,5,2,1,1,1,5
SF,IC2003,2020-01-03 10:32:20.900,5355.0000,53796,0,4278389360.000,2,1,1,多换,S,5355.2000,5355.0000,5354.2000,5354.0000,5352.0000,5355.6000,5356.4000,5358.8000,5359.6000,5360.0000,2,9,1,3,5,1,1,5,4,1
SF,IC2003,2020-01-03 10:32:21.400,5355.6000,53797,1,4279460480.000,1,1,0,双开,S,5355.2000,5355.0000,5354.2000,5354.0000,5352.0000,5356.4000,5358.8000,5359.6000,5360.0000,5361.0000,1,7,1,3,5,1,5,4,1,1
SF,IC2003,2020-01-03 10:32:21.900,5355.8000,53797,0,4280531640.000,1,0,1,多换,S,5355.0000,5354.2000,5354.0000,5352.0000,5351.0000,5355.2000,5355.6000,5356.0000,5356.2000,5356.4000,7,1,3,5,1,1,1,1,1,1
SF,IC2003,2020-01-03 10:32:22.400,5355.2000,53798,1,4282673720.000,2,1,1,空开,S,5355.2000,5355.0000,5354.6000,5354.2000,5354.0000,5356.2000,5356.4000,5356.8000,5358.8000,5359.6000,1,2,1,1,3,1,1,1,5,4
SF,IC2003,2020-01-03 10:32:22.900,5355.2000,53798,0,4282673720.000,0,-,-,-,-,5355.4000,5355.2000,5355.0000,5354.6000,5354.2000,5356.2000,5356.4000,5356.8000,5357.0000,5358.8000,1,1,2,1,1,1,1,1,1,5
SF,IC2003,2020-01-03 10:32:23.400,5355.2000,53797,-1,4283744760.000,1,0,1,双平,S,5355.2000,5355.0000,5354.6000,5354.2000,5354.0000,5356.2000,5356.4000,5356.8000,5357.0000,5358.8000,1,2,1,1,3,1,1,1,1,5
SF,IC2003,2020-01-03 10:32:24.400,5355.2000,53797,0,4283744760.000,0,-,-,-,-,5355.0000,5354.6000,5354.2000,5354.0000,5352.0000,5356.0000,5356.2000,5356.4000,5356.8000,5357.0000,2,1,1,3,5,1,1,1,1,1
SF,IC2003,2020-01-03 10:32:24.900,5355.2000,53797,0,4283744760.000,0,-,-,-,-,5355.0000,5354.6000,5354.2000,5354.0000,5352.0000,5356.0000,5356.2000,5356.4000,5356.8000,5358.8000,2,1,1,3,5,2,1,1,1,5
SF,IC2003,2020-01-03 10:32:25.400,5355.2000,53797,0,4283744760.000,0,-,-,-,-,5355.0000,5354.6000,5354.2000,5354.0000,5352.0000,5355.2000,5356.0000,5356.2000,5356.4000,5356.8000,2,2,1,3,5,1,3,1,1,1
SF,IC2003,2020-01-03 10:32:25.900,5355.0000,53797,0,4284815760.000,1,0,1,多换,S,5355.0000,5354.6000,5354.2000,5354.0000,5352.0000,5355.2000,5356.0000,5356.2000,5356.4000,5356.8000,1,2,1,3,5,1,3,1,1,1
SF,IC2003,2020-01-03 10:32:26.400,5355.0000,53796,-1,4285886760.000,1,0,1,双平,S,5354.6000,5354.2000,5354.0000,5352.0000,5351.0000,5355.2000,5356.0000,5356.2000,5356.4000,5356.8000,2,1,3,5,1,1,2,1,1,1
SF,IC2003,2020-01-03 10:32:26.900,5354.6000,53795,-1,4286957680.000,1,0,1,双平,S,5354.6000,5354.2000,5354.0000,5352.0000,5351.0000,5355.2000,5356.0000,5356.2000,5356.4000,5356.8000,1,1,3,5,1,1,2,1,1,1
SF,IC2003,2020-01-03 10:32:27.400,5354.6000,53793,-2,4289099520.000,2,0,2,双平,S,5354.2000,5354.0000,5352.0000,5351.0000,5350.6000,5354.8000,5355.0000,5355.2000,5356.0000,5356.2000,1,3,5,1,3,1,3,1,1,1
SF,IC2003,2020-01-03 10:32:27.900,5354.2000,53793,0,4290170360.000,1,0,1,多换,S,5354.0000,5352.0000,5351.0000,5350.6000,5350.2000,5354.8000,5355.0000,5355.2000,5356.2000,5356.4000,3,5,1,3,2,1,3,1,1,1
SF,IC2003,2020-01-03 10:32:28.400,5354.2000,53793,0,4290170360.000,0,-,-,-,-,5354.0000,5352.0000,5351.0000,5350.6000,5350.2000,5354.8000,5355.0000,5355.2000,5356.4000,5358.8000,3,5,1,3,2,1,3,1,1,5
SF,IC2003,2020-01-03 10:32:29.400,5355.0000,53793,0,4294454320.000,4,2,2,多换,S,5355.0000,5354.0000,5352.0000,5351.0000,5350.6000,5355.2000,5356.4000,5358.8000,5359.6000,5360.0000,1,3,5,1,3,1,1,5,4,1
SF,IC2003,2020-01-03 10:32:29.900,5355.0000,53793,0,4295525320.000,1,0,1,多换,S,5354.2000,5354.0000,5352.0000,5351.0000,5350.6000,5354.8000,5355.2000,5356.4000,5358.8000,5359.6000,1,3,5,1,3,1,1,1,5,4
SF,IC2003,2020-01-03 10:32:30.400,5355.0000,53793,0,4295525320.000,0,-,-,-,-,5354.2000,5354.0000,5352.0000,5351.0000,5350.6000,5354.8000,5355.2000,5356.4000,5358.8000,5359.6000,1,3,5,1,3,1,1,1,5,4
SF,IC2003,2020-01-03 10:32:30.900,5355.0000,53793,0,4295525320.000,0,-,-,-,-,5354.2000,5354.0000,5352.0000,5351.0000,5350.6000,5354.8000,5355.2000,5356.4000,5358.8000,5359.6000,1,3,5,1,3,1,2,1,5,4
SF,IC2003,2020-01-03 10:32:32.900,5355.0000,53793,0,4295525320.000,0,-,-,-,-,5354.2000,5354.0000,5352.0000,5351.0000,5350.6000,5354.8000,5355.2000,5356.4000,5358.8000,5359.6000,1,3,5,1,3,2,2,1,5,4
SF,IC2003,2020-01-03 10:32:33.400,5355.0000,53793,0,4295525320.000,0,-,-,-,-,5354.2000,5354.0000,5352.0000,5351.0000,5350.6000,5354.8000,5355.2000,5356.4000,5358.8000,5359.6000,1,3,5,1,3,1,1,1,5,4
SF,IC2003,2020-01-03 10:32:33.900,5355.0000,53793,0,4296596320.000,1,0,1,多换,S,5355.0000,5354.2000,5352.0000,5351.0000,5350.6000,5355.2000,5356.4000,5358.8000,5359.6000,5360.0000,2,1,5,1,3,1,1,5,4,1
SF,IC2003,2020-01-03 10:32:34.400,5355.0000,53793,0,4297667320.000,1,0,1,多换,S,5355.0000,5354.2000,5352.0000,5351.0000,5350.6000,5355.2000,5356.4000,5358.8000,5359.6000,5360.0000,1,1,5,1,3,1,1,5,4,1
SF,IC2003,2020-01-03 10:32:34.900,5355.0000,53794,1,4298738320.000,1,1,0,双开,S,5354.2000,5352.0000,5351.0000,5350.6000,5350.2000,5355.0000,5355.2000,5356.4000,5358.8000,5359.6000,1,5,1,3,2,1,1,1,5,4
SF,IC2003,2020-01-03 10:32:35.400,5355.0000,53793,-1,4299809320.000,1,0,1,双平,S,5354.2000,5352.0000,5351.0000,5350.6000,5350.2000,5355.2000,5356.4000,5358.8000,5359.6000,5360.0000,1,5,1,3,2,1,1,5,4,1
SF,IC2003,2020-01-03 10:32:35.900,5355.2000,53793,0,4300880360.000,1,0,1,多换,S,5355.2000,5354.4000,5354.2000,5352.0000,5351.0000,5356.4000,5358.8000,5359.6000,5360.0000,5361.0000,2,3,2,5,1,1,5,4,1,1
SF,IC2003,2020-01-03 10:32:36.400,5355.2000,53793,0,4300880360.000,0,-,-,-,-,5355.6000,5355.4000,5355.2000,5354.4000,5354.2000,5356.4000,5358.8000,5359.6000,5360.0000,5361.0000,1,2,2,1,1,1,5,4,1,1
SF,IC2003,2020-01-03 10:32:36.900,5355.2000,53791,-2,4303022440.000,2,0,2,双平,S,5355.4000,5355.2000,5354.4000,5354.2000,5352.0000,5356.4000,5358.8000,5359.6000,5360.0000,5361.0000,1,2,1,1,5,1,5,4,1,1
SF,IC2003,2020-01-03 10:32:37.400,5355.2000,53791,0,4303022440.000,0,-,-,-,-,5355.4000,5355.2000,5354.4000,5354.2000,5352.0000,5356.2000,5356.4000,5358.8000,5359.6000,5360.0000,2,2,1,1,5,1,1,5,4,1
SF,IC2003,2020-01-03 10:32:38.400,5355.2000,53791,0,4303022440.000,0,-,-,-,-,5355.4000,5355.2000,5355.0000,5354.2000,5352.0000,5356.2000,5356.4000,5357.4000,5358.8000,5359.6000,2,2,1,1,5,1,1,1,5,4
SF,IC2003,2020-01-03 10:32:38.900,5355.2000,53791,0,4303022440.000,0,-,-,-,-,5355.4000,5355.2000,5355.0000,5354.2000,5352.0000,5356.0000,5356.2000,5356.4000,5357.4000,5358.8000,2,2,1,1,5,1,1,1,1,5
SF,IC2003,2020-01-03 10:32:39.400,5355.2000,53791,0,4303022440.000,0,-,-,-,-,5355.4000,5355.2000,5355.0000,5354.2000,5352.0000,5355.8000,5356.0000,5356.4000,5357.4000,5358.8000,1,2,1,1,5,1,2,1,1,5
SF,IC2003,2020-01-03 10:32:40.400,5355.2000,53791,0,4303022440.000,0,-,-,-,-,5355.4000,5355.2000,5355.0000,5354.2000,5352.0000,5355.8000,5356.0000,5356.4000,5358.8000,5359.6000,1,2,1,1,5,1,2,1,5,4
SF,IC2003,2020-01-03 10:32:40.900,5355.2000,53791,0,4303022440.000,0,-,-,-,-,5355.4000,5355.0000,5354.2000,5352.0000,5351.4000,5355.8000,5356.0000,5356.4000,5358.8000,5359.6000,1,1,1,5,1,1,2,1,5,4
SF,IC2003,2020-01-03 10:32:41.400,5355.2000,53791,0,4303022440.000,0,-,-,-,-,5355.4000,5355.0000,5354.2000,5352.0000,5351.4000,5356.0000,5356.4000,5358.8000,5359.6000,5360.0000,1,1,1,5,1,2,1,5,4,1
SF,IC2003,2020-01-03 10:32:41.900,5355.2000,53791,0,4304093480.000,1,0,1,多换,S,5355.0000,5354.2000,5352.0000,5351.4000,5351.0000,5356.0000,5356.4000,5358.8000,5359.6000,5360.0000,1,1,5,1,1,1,1,5,4,1
SF,IC2003,2020-01-03 10:32:42.900,5355.2000,53791,0,4304093480.000,0,-,-,-,-,5355.0000,5354.2000,5352.0000,5351.4000,5351.0000,5356.0000,5356.4000,5357.0000,5358.8000,5359.6000,1,1,5,1,1,1,1,1,5,4
SF,IC2003,2020-01-03 10:32:43.900,5356.0000,53792,1,4305164680.000,1,1,0,双开,S,5356.0000,5355.0000,5354.2000,5352.0000,5351.4000,5356.4000,5357.0000,5358.8000,5359.6000,5360.0000,9,1,1,5,1,1,1,5,4,1
SF,IC2003,2020-01-03 10:32:44.400,5356.0000,53793,1,4307307080.000,2,1,1,空开,S,5356.0000,5355.0000,5354.2000,5352.0000,5351.0000,5356.4000,5357.0000,5358.8000,5359.6000,5360.0000,7,1,1,5,1,1,1,5,4,1
SF,IC2003,2020-01-03 10:32:44.900,5356.0000,53794,1,4311591960.000,4,2,2,空开,S,5356.0000,5355.0000,5354.2000,5352.0000,5351.0000,5357.0000,5358.8000,5359.6000,5360.0000,5361.0000,4,1,1,5,1,1,5,4,1,1
SF,IC2003,2020-01-03 10:32:45.400,5356.0000,53794,0,4312663160.000,1,0,1,多换,S,5356.0000,5355.0000,5354.2000,5352.0000,5351.0000,5356.8000,5357.0000,5358.8000,5359.6000,5360.0000,3,1,1,5,1,1,1,5,4,1
SF,IC2003,2020-01-03 10:32:45.900,5356.0000,53794,0,4313734360.000,1,0,1,多换,S,5356.0000,5355.0000,5354.2000,5352.0000,5351.0000,5356.8000,5357.0000,5358.8000,5359.6000,5360.0000,2,1,1,5,1,1,1,5,4,1
SF,IC2003,2020-01-03 10:32:46.400,5356.0000,53795,1,4314805560.000,1,1,0,双开,S,5356.0000,5355.0000,5354.2000,5352.0000,5351.0000,5356.8000,5357.0000,5358.8000,5359.6000,5360.0000,1,1,1,5,1,1,1,5,4,1
SF,IC2003,2020-01-03 10:32:47.400,5356.0000,53795,0,4314805560.000,0,-,-,-,-,5356.0000,5355.0000,5354.2000,5352.0000,5351.0000,5356.8000,5357.0000,5358.4000,5358.8000,5359.6000,1,1,1,5,1,1,1,1,5,4
SF,IC2003,2020-01-03 10:32:48.400,5356.8000,53794,-1,4315876920.000,1,0,1,双平,S,5356.0000,5355.0000,5354.2000,5352.0000,5351.0000,5357.0000,5358.4000,5358.8000,5359.6000,5360.0000,2,1,1,5,1,1,1,5,4,1
SF,IC2003,2020-01-03 10:32:48.900,5356.8000,53794,0,4315876920.000,0,-,-,-,-,5356.2000,5356.0000,5355.0000,5354.2000,5352.0000,5357.0000,5358.4000,5358.8000,5359.6000,5360.0000,1,2,1,1,5,1,1,5,4,1
SF,IC2003,2020-01-03 10:32:50.400,5356.8000,53794,0,4315876920.000,0,-,-,-,-,5356.2000,5356.0000,5355.0000,5354.2000,5352.0000,5357.0000,5358.8000,5359.6000,5360.0000,5361.0000,1,2,1,1,5,1,5,4,1,1
SF,IC2003,2020-01-03 10:32:51.400,5356.8000,53794,0,4315876920.000,0,-,-,-,-,5356.2000,5356.0000,5355.0000,5354.2000,5352.0000,5357.0000,5358.8000,5359.6000,5360.0000,5361.0000,1,1,1,1,5,1,5,4,1,1
SF,IC2003,2020-01-03 10:32:52.400,5356.2000,53794,0,4316948160.000,1,0,1,多换,S,5356.0000,5355.0000,5354.2000,5352.0000,5351.4000,5357.0000,5358.8000,5359.6000,5360.0000,5361.0000,1,1,1,5,1,1,5,4,1,1
SF,IC2003,2020-01-03 10:32:52.900,5356.2000,53794,0,4316948160.000,0,-,-,-,-,5356.0000,5355.0000,5354.2000,5352.0000,5351.4000,5356.6000,5356.8000,5357.0000,5358.8000,5359.6000,1,1,1,5,1,1,1,2,5,4
SF,IC2003,2020-01-03 10:32:53.400,5356.0000,53794,0,4319090560.000,2,1,1,多换,S,5355.0000,5352.0000,5351.4000,5351.0000,5350.6000,5356.4000,5356.6000,5357.0000,5358.8000,5359.6000,1,5,1,1,3,1,1,2,5,4
SF,IC2003,2020-01-03 10:32:54.400,5356.0000,53794,0,4319090560.000,0,-,-,-,-,5355.0000,5352.0000,5351.4000,5351.0000,5350.6000,5356.4000,5356.6000,5357.0000,5357.6000,5358.8000,2,5,1,1,3,1,1,2,1,5
SF,IC2003,2020-01-03 10:32:54.900,5356.4000,53794,0,4320161840.000,1,0,1,多换,S,5355.2000,5355.0000,5352.0000,5351.4000,5351.0000,5356.6000,5357.0000,5357.6000,5358.8000,5359.6000,1,2,5,1,1,1,2,1,5,4
SF,IC2003,2020-01-03 10:32:55.400,5356.4000,53794,0,4320161840.000,0,-,-,-,-,5355.2000,5355.0000,5352.0000,5351.0000,5350.6000,5356.6000,5357.0000,5357.6000,5358.8000,5359.6000,1,2,5,1,3,1,2,1,5,4
SF,IC2003,2020-01-03 10:32:55.900,5356.4000,53794,0,4320161840.000,0,-,-,-,-,5355.2000,5355.0000,5352.0000,5351.0000,5350.6000,5356.6000,5357.0000,5357.6000,5359.6000,5360.0000,1,2,5,1,3,1,2,1,4,1
SF,IC2003,2020-01-03 10:32:56.400,5356.4000,53794,0,4320161840.000,0,-,-,-,-,5356.0000,5355.2000,5355.0000,5352.0000,5351.0000,5356.6000,5357.0000,5357.6000,5359.6000,5360.0000,10,1,2,5,1,1,1,1,4,1
SF,IC2003,2020-01-03 10:32:56.900,5356.6000,53794,0,4321233160.000,1,0,1,多换,S,5356.4000,5356.0000,5355.2000,5355.0000,5352.0000,5357.0000,5357.6000,5359.6000,5360.0000,5361.0000,2,10,1,2,5,1,1,4,1,1
SF,IC2003,2020-01-03 10:32:57.400,5356.4000,53795,1,4323375720.000,2,1,1,空开,S,5356.0000,5355.2000,5355.0000,5352.0000,5351.0000,5357.0000,5357.6000,5359.6000,5360.0000,5361.0000,10,1,1,5,1,1,1,4,1,1
SF,IC2003,2020-01-03 10:32:57.900,5356.4000,53795,0,4323375720.000,0,-,-,-,-,5356.0000,5355.2000,5355.0000,5352.0000,5351.0000,5357.0000,5357.6000,5359.0000,5359.6000,5360.0000,10,1,1,5,1,1,1,1,4,1
SF,IC2003,2020-01-03 10:32:58.400,5356.4000,53795,0,4323375720.000,0,-,-,-,-,5356.0000,5355.2000,5355.0000,5352.0000,5351.0000,5356.8000,5357.0000,5357.6000,5359.0000,5359.6000,10,1,1,5,1,1,1,1,1,4
SF,IC2003,2020-01-03 10:32:58.900,5356.4000,53795,0,4323375720.000,0,-,-,-,-,5356.0000,5355.2000,5355.0000,5352.0000,5351.0000,5356.6000,5356.8000,5357.0000,5357.6000,5359.0000,10,1,1,5,1,3,2,1,1,1
SF,IC2003,2020-01-03 10:32:59.400,5356.4000,53795,0,4323375720.000,0,-,-,-,-,5356.0000,5355.2000,5355.0000,5352.0000,5351.0000,5356.8000,5357.0000,5357.6000,5359.0000,5359.6000,10,1,1,5,1,2,1,1,1,4
SF,IC2003,2020-01-03 10:32:59.900,5356.4000,53795,0,4323375720.000,0,-,-,-,-,5356.0000,5355.2000,5355.0000,5352.0000,5351.0000,5356.8000,5357.0000,5357.6000,5359.0000,5359.6000,10,1,1,5,1,1,1,1,1,4
SF,IC2003,2020-01-03 10:33:00.400,5356.4000,53795,0,4323375720.000,0,-,-,-,-,5356.0000,5355.2000,5355.0000,5352.0000,5351.0000,5356.8000,5357.0000,5357.6000,5359.0000,5359.6000,10,1,1,5,1,1,2,1,1,4
SF,IC2003,2020-01-03 10:33:00.900,5356.6000,53794,-1,4324447040.000,1,0,1,双平,S,5356.0000,5355.2000,5355.0000,5352.0000,5351.0000,5356.6000,5356.8000,5357.0000,5357.6000,5359.0000,10,1,1,5,1,2,1,2,1,1
SF,IC2003,2020-01-03 10:33:01.400,5356.0000,53794,0,4326589440.000,2,1,1,多换,S,5356.0000,5355.2000,5355.0000,5352.0000,5351.0000,5356.4000,5356.6000,5356.8000,5357.0000,5357.6000,8,1,1,5,1,2,3,1,2,1
SF,IC2003,2020-01-03 10:33:01.900,5356.0000,53794,0,4329803120.000,3,1,2,多换,S,5356.0000,5355.2000,5355.0000,5352.0000,5351.0000,5356.2000,5356.4000,5356.8000,5357.0000,5357.6000,6,1,1,5,1,2,1,1,2,1
SF,IC2003,2020-01-03 10:33:02.400,5356.2000,53792,-2,4331945600.000,2,0,2,双平,S,5356.0000,5355.2000,5355.0000,5352.0000,5351.0000,5356.2000,5356.8000,5357.0000,5357.6000,5359.0000,6,1,1,5,1,1,1,2,1,1
SF,IC2003,2020-01-03 10:33:02.900,5356.2000,53791,-1,4334088080.000,2,0,2,多平,S,5356.0000,5355.2000,5355.0000,5352.0000,5351.0000,5357.0000,5357.6000,5359.6000,5360.0000,5360.2000,6,1,1,5,1,2,1,4,1,1
SF,IC2003,2020-01-03 10:33:06.900,5356.2000,53791,0,4334088080.000,0,-,-,-,-,5356.0000,5355.2000,5355.0000,5352.0000,5351.0000,5357.0000,5357.6000,5359.6000,5360.0000,5360.2000,6,1,1,5,1,2,1,4,1,1
SF,IC2003,2020-01-03 10:33:08.900,5356.0000,53792,1,4335159280.000,1,1,0,双开,S,5356.0000,5355.2000,5355.0000,5352.0000,5351.0000,5357.0000,5357.6000,5359.6000,5360.0000,5360.2000,5,1,1,5,1,2,1,4,1,1
SF,IC2003,2020-01-03 10:33:09.400,5356.0000,53792,0,4335159280.000,0,-,-,-,-,5356.2000,5356.0000,5355.0000,5351.0000,5350.6000,5357.0000,5357.6000,5359.6000,5360.0000,5360.2000,1,5,1,1,3,2,1,4,1,1
SF,IC2003,2020-01-03 10:33:09.900,5356.0000,53792,0,4336230480.000,1,0,1,多换,S,5356.0000,5355.0000,5351.0000,5350.6000,5350.2000,5357.0000,5357.6000,5359.6000,5360.0000,5360.2000,5,1,1,3,2,2,1,4,1,1
SF,IC2003,2020-01-03 10:33:10.900,5357.0000,53793,1,4337301880.000,1,1,0,双开,S,5356.0000,5355.0000,5351.0000,5350.6000,5350.2000,5357.0000,5357.6000,5359.6000,5360.0000,5360.2000,5,1,1,3,2,1,1,4,1,1
SF,IC2003,2020-01-03 10:33:11.400,5357.0000,53793,0,4337301880.000,0,-,-,-,-,5356.0000,5355.0000,5351.0000,5350.6000,5350.2000,5357.0000,5357.6000,5359.6000,5360.0000,5361.0000,5,1,1,3,2,1,1,4,1,1
SF,IC2003,2020-01-03 10:33:11.900,5357.0000,53792,-1,4338373280.000,1,0,1,双平,S,5357.0000,5356.0000,5355.0000,5351.0000,5350.6000,5357.6000,5359.6000,5360.0000,5361.0000,5361.4000,1,5,1,1,3,1,4,1,1,1
SF,IC2003,2020-01-03 10:33:13.900,5357.0000,53792,0,4338373280.000,0,-,-,-,-,5357.0000,5356.0000,5355.0000,5351.0000,5350.6000,5357.4000,5357.6000,5359.6000,5360.0000,5361.0000,1,5,1,1,3,2,2,4,1,1
SF,IC2003,2020-01-03 10:33:14.400,5357.0000,53792,0,4338373280.000,0,-,-,-,-,5357.0000,5356.0000,5355.0000,5351.0000,5350.6000,5357.6000,5359.6000,5360.0000,5361.0000,5361.4000,1,5,1,1,3,2,4,1,1,1
SF,IC2003,2020-01-03 10:33:14.900,5357.0000,53792,0,4339444680.000,1,0,1,多换,S,5357.2000,5356.0000,5355.0000,5351.0000,5350.6000,5357.6000,5359.6000,5360.0000,5361.0000,5361.4000,1,5,1,1,3,2,4,1,1,1
SF,IC2003,2020-01-03 10:33:15.400,5357.0000,53792,0,4339444680.000,0,-,-,-,-,5357.2000,5356.0000,5355.0000,5351.0000,5350.6000,5357.6000,5359.6000,5360.0000,5361.0000,5361.4000,1,5,1,1,3,2,4,1,1,1
SF,IC2003,2020-01-03 10:33:16.400,5357.2000,53791,-1,4340516120.000,1,0,1,双平,S,5356.0000,5355.0000,5351.0000,5350.6000,5350.2000,5357.6000,5359.6000,5360.0000,5361.0000,5361.4000,5,1,1,3,2,2,4,1,1,1
SF,IC2003,2020-01-03 10:33:16.900,5357.2000,53791,0,4340516120.000,0,-,-,-,-,5356.2000,5356.0000,5355.0000,5351.0000,5350.6000,5357.4000,5357.6000,5359.6000,5360.0000,5361.0000,1,5,1,1,3,3,2,4,1,1
SF,IC2003,2020-01-03 10:33:17.400,5357.2000,53791,0,4340516120.000,0,-,-,-,-,5356.0000,5355.0000,5351.0000,5350.6000,5350.2000,5357.2000,5357.4000,5357.6000,5359.6000,5360.0000,5,1,1,3,2,2,1,2,4,1
SF,IC2003,2020-01-03 10:33:17.900,5357.2000,53791,0,4341587560.000,1,0,1,多换,S,5356.0000,5355.0000,5351.0000,5350.6000,5350.2000,5357.2000,5357.6000,5359.6000,5360.0000,5361.0000,5,1,1,3,2,2,2,4,1,1
SF,IC2003,2020-01-03 10:33:18.400,5357.6000,53791,0,4344801960.000,3,1,2,多换,S,5356.0000,5355.0000,5351.0000,5350.6000,5350.2000,5357.2000,5357.6000,5359.6000,5360.0000,5361.0000,5,1,1,3,2,1,1,4,1,1
SF,IC2003,2020-01-03 10:33:18.900,5357.6000,53791,0,4344801960.000,0,-,-,-,-,5356.2000,5356.0000,5355.0000,5351.0000,5350.6000,5357.0000,5357.6000,5359.6000,5360.0000,5361.0000,2,5,1,1,3,1,1,4,1,1
SF,IC2003,2020-01-03 10:33:19.900,5357.0000,53792,1,4345873360.000,1,1,0,双开,S,5357.2000,5356.4000,5356.2000,5356.0000,5355.0000,5357.6000,5359.6000,5360.0000,5361.0000,5361.4000,1,2,2,6,1,1,4,1,1,1
SF,IC2003,2020-01-03 10:33:20.400,5357.6000,53792,0,4346944880.000,1,0,1,多换,S,5356.4000,5356.2000,5356.0000,5355.0000,5351.0000,5359.6000,5360.0000,5361.0000,5361.4000,5361.6000,1,2,6,1,1,4,1,1,1,1
SF,IC2003,2020-01-03 10:33:20.900,5357.6000,53792,0,4346944880.000,0,-,-,-,-,5356.6000,5356.4000,5356.2000,5356.0000,5355.0000,5357.8000,5358.0000,5358.4000,5358.6000,5358.8000,1,1,1,6,1,1,2,3,2,2
SF,IC2003,2020-01-03 10:33:21.400,5357.6000,53792,0,4346944880.000,0,-,-,-,-,5356.6000,5356.2000,5356.0000,5355.0000,5351.0000,5358.0000,5358.4000,5358.6000,5359.2000,5359.4000,2,1,6,1,1,2,1,2,1,4
SF,IC2003,2020-01-03 10:33:21.900,5357.6000,53792,0,4346944880.000,0,-,-,-,-,5356.6000,5356.2000,5356.0000,5355.0000,5351.0000,5357.8000,5358.0000,5358.6000,5359.2000,5359.4000,2,1,6,1,1,3,2,2,1,3
SF,IC2003,2020-01-03 10:33:22.400,5357.6000,53792,0,4346944880.000,0,-,-,-,-,5356.6000,5356.2000,5356.0000,5355.0000,5351.0000,5357.8000,5358.0000,5358.6000,5359.2000,5359.4000,2,1,6,1,1,1,2,2,1,3
SF,IC2003,2020-01-03 10:33:22.900,5357.6000,53792,0,4346944880.000,0,-,-,-,-,5356.8000,5356.6000,5356.2000,5356.0000,5355.0000,5357.8000,5358.0000,5358.2000,5358.6000,5359.2000,1,1,1,6,1,1,2,1,2,1
SF,IC2003,2020-01-03 10:33:23.400,5357.6000,53792,0,4346944880.000,0,-,-,-,-,5357.0000,5356.8000,5356.2000,5356.0000,5355.0000,5358.0000,5359.2000,5359.4000,5360.0000,5361.0000,1,1,1,6,1,2,1,2,1,1
SF,IC2003,2020-01-03 10:33:23.900,5357.6000,53792,0,4346944880.000,0,-,-,-,-,5357.0000,5356.8000,5356.2000,5356.0000,5355.0000,5358.0000,5359.2000,5359.4000,5360.0000,5361.0000,1,1,1,6,1,2,1,2,1,1
SF,IC2003,2020-01-03 10:33:24.400,5357.0000,53792,0,4348016280.000,1,0,1,多换,S,5356.8000,5356.2000,5356.0000,5355.0000,5351.0000,5358.0000,5359.2000,5359.4000,5360.0000,5361.0000,1,1,6,1,1,1,1,2,1,1
SF,IC2003,2020-01-03 10:33:24.900,5357.0000,53792,0,4348016280.000,0,-,-,-,-,5356.2000,5356.0000,5355.0000,5351.0000,5350.6000,5358.0000,5359.2000,5359.4000,5360.0000,5361.0000,1,6,1,1,3,1,1,2,1,1
SF,IC2003,2020-01-03 10:33:25.400,5357.0000,53792,0,4348016280.000,0,-,-,-,-,5356.6000,5356.4000,5356.2000,5356.0000,5355.0000,5357.8000,5358.0000,5359.2000,5359.4000,5360.0000,2,1,1,6,1,1,1,1,1,1
SF,IC2003,2020-01-03 10:33:25.900,5357.0000,53792,0,4348016280.000,0,-,-,-,-,5356.2000,5356.0000,5355.0000,5351.0000,5350.6000,5357.8000,5358.0000,5359.2000,5359.4000,5360.0000,1,6,1,1,3,1,1,1,1,1
SF,IC2003,2020-01-03 10:33:26.400,5357.0000,53792,0,4348016280.000,0,-,-,-,-,5356.2000,5356.0000,5355.0000,5351.0000,5350.6000,5357.0000,5357.4000,5357.6000,5357.8000,5358.0000,1,6,1,1,3,1,1,1,1,1
SF,IC2003,2020-01-03 10:33:26.900,5357.0000,53792,0,4348016280.000,0,-,-,-,-,5356.2000,5356.0000,5355.0000,5351.0000,5350.6000,5357.4000,5357.8000,5358.0000,5358.2000,5359.4000,2,6,1,1,3,2,1,1,1,1
SF,IC2003,2020-01-03 10:33:28.400,5356.4000,53793,1,4349087560.000,1,1,0,双开,S,5356.2000,5356.0000,5355.0000,5351.0000,5350.6000,5357.8000,5358.0000,5358.2000,5359.4000,5360.0000,1,6,1,1,3,1,1,1,1,1
SF,IC2003,2020-01-03 10:33:28.900,5356.4000,53793,0,4349087560.000,0,-,-,-,-,5356.4000,5356.2000,5356.0000,5355.0000,5351.0000,5357.2000,5357.8000,5358.0000,5359.4000,5360.0000,1,2,6,1,1,1,1,1,1,1
SF,IC2003,2020-01-03 10:33:29.400,5357.2000,53792,-1,4350159000.000,1,0,1,双平,S,5357.4000,5357.2000,5357.0000,5356.8000,5356.6000,5358.0000,5359.4000,5360.0000,5361.0000,5361.4000,1,7,2,1,1,1,1,1,1,1
SF,IC2003,2020-01-03 10:33:29.900,5357.2000,53792,0,4350159000.000,0,-,-,-,-,5357.2000,5356.8000,5356.6000,5356.4000,5356.2000,5358.0000,5359.4000,5360.0000,5361.0000,5361.4000,5,1,1,1,2,1,1,1,1,1
SF,IC2003,2020-01-03 10:33:31.400,5357.2000,53792,0,4351230440.000,1,0,1,多换,S,5357.2000,5356.8000,5356.6000,5356.4000,5356.2000,5358.0000,5359.4000,5360.0000,5361.0000,5361.4000,4,1,1,1,2,1,1,1,1,1
SF,IC2003,2020-01-03 10:33:31.900,5357.2000,53792,0,4352301880.000,1,0,1,多换,S,5357.2000,5356.8000,5356.6000,5356.4000,5356.2000,5357.8000,5358.0000,5359.4000,5360.0000,5361.0000,3,1,1,1,1,1,1,1,1,1
SF,IC2003,2020-01-03 10:33:32.900,5357.2000,53792,0,4352301880.000,0,-,-,-,-,5357.2000,5357.0000,5356.8000,5356.6000,5356.4000,5357.8000,5358.0000,5359.4000,5360.0000,5361.0000,3,5,1,1,1,1,1,1,1,1
SF,IC2003,2020-01-03 10:33:33.900,5357.2000,53791,-1,4353373320.000,1,0,1,双平,S,5357.2000,5357.0000,5356.8000,5356.6000,5356.4000,5357.8000,5358.0000,5359.4000,5360.0000,5361.0000,2,5,1,1,1,1,1,1,1,1
SF,IC2003,2020-01-03 10:33:34.400,5357.8000,53792,1,4354444880.000,1,1,0,双开,S,5357.2000,5357.0000,5356.8000,5356.6000,5356.4000,5358.0000,5359.4000,5360.0000,5361.0000,5361.4000,1,5,1,1,1,1,1,1,1,1
SF,IC2003,2020-01-03 10:33:34.900,5357.8000,53792,0,4354444880.000,0,-,-,-,-,5357.2000,5357.0000,5356.8000,5356.6000,5356.4000,5358.0000,5359.4000,5360.0000,5361.0000,5361.4000,1,5,1,1,1,1,1,1,1,1
SF,IC2003,2020-01-03 10:33:35.400,5357.4000,53791,-1,4355516360.000,1,0,1,双平,S,5357.0000,5356.8000,5356.6000,5356.4000,5356.2000,5358.0000,5359.4000,5360.0000,5361.0000,5361.4000,5,1,1,1,1,1,1,1,1,1
SF,IC2003,2020-01-03 10:33:35.900,5358.0000,53791,0,4356587960.000,1,0,1,多换,S,5357.8000,5357.4000,5357.2000,5357.0000,5356.8000,5360.0000,5361.0000,5361.4000,5361.6000,5362.0000,2,2,1,5,1,1,1,1,1,1
SF,IC2003,2020-01-03 10:33:36.400,5358.0000,53791,0,4357659560.000,1,0,1,多换,S,5357.4000,5357.2000,5357.0000,5356.6000,5356.2000,5359.4000,5359.8000,5360.0000,5361.0000,5361.4000,2,1,5,1,1,1,2,1,1,1
SF,IC2003,2020-01-03 10:33:36.900,5358.0000,53791,0,4357659560.000,0,-,-,-,-,5357.6000,5357.0000,5356.6000,5356.2000,5356.0000,5359.2000,5359.4000,5359.8000,5360.0000,5361.0000,3,5,1,1,6,1,1,1,1,1
SF,IC2003,2020-01-03 10:33:37.400,5358.0000,53791,0,4357659560.000,0,-,-,-,-,5357.0000,5356.6000,5356.2000,5356.0000,5355.0000,5359.0000,5359.2000,5359.4000,5359.8000,5360.0000,5,1,1,6,1,2,1,1,1,1
SF,IC2003,2020-01-03 10:33:37.900,5358.0000,53791,0,4357659560.000,0,-,-,-,-,5357.4000,5357.2000,5357.0000,5356.6000,5356.2000,5358.8000,5359.0000,5359.4000,5359.8000,5360.0000,2,4,5,1,1,1,2,1,1,1
SF,IC2003,2020-01-03 10:33:38.400,5358.0000,53791,0,4357659560.000,0,-,-,-,-,5357.6000,5357.4000,5357.2000,5357.0000,5356.6000,5358.4000,5358.6000,5358.8000,5359.0000,5359.4000,1,2,1,5,1,1,1,2,1,1
SF,IC2003,2020-01-03 10:33:38.900,5357.4000,53790,-1,4359802720.000,2,0,2,多平,S,5357.4000,5357.2000,5357.0000,5356.6000,5356.2000,5358.6000,5358.8000,5359.0000,5359.4000,5359.8000,1,1,5,1,1,1,2,1,1,1
SF,IC2003,2020-01-03 10:33:39.400,5357.4000,53791,1,4360874200.000,1,1,0,双开,S,5357.2000,5357.0000,5356.6000,5356.2000,5356.0000,5357.6000,5358.0000,5358.4000,5358.6000,5358.8000,1,5,1,1,6,1,1,1,1,1
SF,IC2003,2020-01-03 10:33:39.900,5357.6000,53791,0,4361945720.000,1,0,1,多换,S,5357.6000,5357.2000,5357.0000,5356.6000,5356.2000,5358.0000,5358.4000,5358.6000,5358.8000,5359.8000,1,1,5,1,1,1,1,1,1,1
SF,IC2003,2020-01-03 10:33:40.400,5357.6000,53790,-1,4363017240.000,1,0,1,双平,S,5357.0000,5356.6000,5356.2000,5356.0000,5355.0000,5358.0000,5358.4000,5358.6000,5359.8000,5360.0000,5,1,1,6,1,1,1,1,1,2
SF,IC2003,2020-01-03 10:33:40.900,5357.6000,53790,0,4363017240.000,0,-,-,-,-,5357.0000,5356.6000,5356.2000,5356.0000,5355.0000,5358.0000,5358.4000,5358.6000,5359.8000,5360.0000,5,1,1,1,1,1,1,1,1,2
SF,IC2003,2020-01-03 10:33:43.400,5357.6000,53790,0,4363017240.000,0,-,-,-,-,5357.0000,5356.6000,5356.2000,5356.0000,5355.0000,5357.8000,5358.0000,5358.4000,5358.6000,5359.8000,5,1,1,1,1,1,1,1,1,1
SF,IC2003,2020-01-03 10:33:43.900,5357.6000,53790,0,4363017240.000,0,-,-,-,-,5357.4000,5357.0000,5356.6000,5356.2000,5356.0000,5357.8000,5358.0000,5358.4000,5358.6000,5359.8000,1,5,1,1,1,2,1,1,1,1
SF,IC2003,2020-01-03 10:33:44.400,5357.4000,53790,0,4364088720.000,1,0,1,多换,S,5357.0000,5356.6000,5356.2000,5356.0000,5355.0000,5357.8000,5358.0000,5358.4000,5358.6000,5359.8000,5,1,1,1,1,2,1,1,1,1
SF,IC2003,2020-01-03 10:33:44.900,5357.0000,53790,0,4365160120.000,1,0,1,多换,S,5357.0000,5356.6000,5356.2000,5356.0000,5355.0000,5357.6000,5357.8000,5358.0000,5358.6000,5359.8000,4,1,1,1,1,1,2,1,1,1
SF,IC2003,2020-01-03 10:33:45.400,5357.0000,53790,0,4365160120.000,0,-,-,-,-,5357.0000,5356.6000,5356.2000,5356.0000,5355.0000,5357.4000,5357.6000,5357.8000,5359.8000,5360.0000,4,1,1,1,1,2,2,1,1,2
SF,IC2003,2020-01-03 10:33:45.900,5357.8000,53792,2,4370517680.000,5,3,2,空开,S,5357.0000,5356.6000,5356.2000,5356.0000,5355.0000,5359.8000,5360.0000,5361.0000,5361.4000,5361.6000,4,1,1,1,1,1,2,1,1,1
SF,IC2003,2020-01-03 10:33:46.400,5357.2000,53792,0,4371589120.000,1,0,1,多换,S,5357.2000,5357.0000,5356.6000,5356.2000,5356.0000,5358.8000,5359.0000,5359.6000,5359.8000,5360.0000,2,4,1,1,1,1,1,4,1,2
SF,IC2003,2020-01-03 10:33:46.900,5357.2000,53792,0,4371589120.000,0,-,-,-,-,5357.2000,5357.0000,5356.6000,5356.2000,5356.0000,5358.6000,5358.8000,5359.6000,5359.8000,5360.0000,1,4,1,1,1,1,1,3,1,2
SF,IC2003,2020-01-03 10:33:50.400,5357.2000,53792,0,4371589120.000,0,-,-,-,-,5357.2000,5357.0000,5356.2000,5356.0000,5355.0000,5358.6000,5358.8000,5359.6000,5359.8000,5360.0000,1,4,1,1,1,1,1,2,1,2
SF,IC2003,2020-01-03 10:33:50.900,5357.2000,53792,0,4371589120.000,0,-,-,-,-,5357.0000,5356.2000,5356.0000,5355.0000,5351.0000,5358.6000,5358.8000,5359.6000,5359.8000,5360.0000,4,1,1,1,1,1,1,2,1,2
SF,IC2003,2020-01-03 10:33:51.900,5357.2000,53792,0,4371589120.000,0,-,-,-,-,5357.0000,5356.2000,5356.0000,5355.0000,5351.0000,5358.6000,5358.8000,5359.6000,5359.8000,5360.0000,4,1,1,1,1,3,1,2,1,2
SF,IC2003,2020-01-03 10:33:52.400,5357.2000,53792,0,4371589120.000,0,-,-,-,-,5357.2000,5357.0000,5356.2000,5356.0000,5355.0000,5358.6000,5358.8000,5359.6000,5359.8000,5360.0000,1,4,1,1,1,3,1,2,1,2
SF,IC2003,2020-01-03 10:33:52.900,5357.2000,53792,0,4371589120.000,0,-,-,-,-,5357.2000,5357.0000,5356.2000,5355.0000,5351.0000,5358.4000,5358.6000,5358.8000,5359.6000,5359.8000,1,4,1,1,1,1,3,1,2,1
SF,IC2003,2020-01-03 10:33:53.400,5357.2000,53792,0,4371589120.000,0,-,-,-,-,5357.2000,5357.0000,5356.2000,5355.0000,5351.0000,5358.2000,5358.6000,5358.8000,5359.6000,5359.8000,1,4,1,1,1,1,3,1,2,1
SF,IC2003,2020-01-03 10:33:53.900,5357.2000,53792,0,4371589120.000,0,-,-,-,-,5357.0000,5356.2000,5355.0000,5351.0000,5350.6000,5357.2000,5358.4000,5358.6000,5358.8000,5359.6000,4,1,1,1,3,1,1,3,1,2
SF,IC2003,2020-01-03 10:33:54.400,5357.2000,53792,0,4371589120.000,0,-,-,-,-,5357.0000,5356.2000,5355.0000,5351.0000,5350.6000,5357.2000,5358.4000,5358.6000,5359.6000,5359.8000,4,1,1,1,3,1,1,3,2,1
SF,IC2003,2020-01-03 10:33:54.900,5357.2000,53792,0,4371589120.000,0,-,-,-,-,5357.0000,5356.2000,5355.0000,5351.0000,5350.6000,5357.2000,5358.4000,5358.6000,5359.6000,5359.8000,4,1,1,1,3,1,1,1,2,1
SF,IC2003,2020-01-03 10:33:55.400,5357.2000,53792,0,4371589120.000,0,-,-,-,-,5357.0000,5356.2000,5355.0000,5351.0000,5350.6000,5357.2000,5358.4000,5358.6000,5358.8000,5359.6000,4,1,1,1,3,1,1,1,1,2
SF,IC2003,2020-01-03 10:33:55.900,5357.2000,53792,0,4371589120.000,0,-,-,-,-,5357.0000,5356.2000,5355.0000,5351.0000,5350.6000,5357.2000,5358.6000,5359.6000,5359.8000,5360.0000,4,1,1,1,3,2,1,2,1,2
SF,IC2003,2020-01-03 10:33:56.900,5357.0000,53792,0,4372660520.000,1,0,1,多换,S,5357.0000,5356.2000,5355.0000,5351.0000,5350.6000,5357.2000,5358.6000,5359.6000,5359.8000,5360.0000,3,1,1,1,3,1,1,2,1,2
SF,IC2003,2020-01-03 10:33:57.400,5357.0000,53792,0,4372660520.000,0,-,-,-,-,5357.0000,5356.2000,5355.0000,5351.0000,5350.6000,5358.4000,5358.6000,5359.6000,5359.8000,5360.0000,3,1,1,1,3,1,1,2,1,2
SF,IC2003,2020-01-03 10:33:57.900,5357.0000,53792,0,4372660520.000,0,-,-,-,-,5357.0000,5356.2000,5351.0000,5350.6000,5350.2000,5358.2000,5358.4000,5359.6000,5359.8000,5360.0000,3,1,1,3,2,1,1,2,1,2
SF,IC2003,2020-01-03 10:33:58.400,5357.0000,53792,0,4372660520.000,0,-,-,-,-,5357.0000,5356.2000,5351.0000,5350.6000,5350.2000,5358.0000,5358.2000,5359.6000,5359.8000,5360.0000,3,1,1,3,2,1,1,2,1,2
SF,IC2003,2020-01-03 10:33:58.900,5357.0000,53792,0,4372660520.000,0,-,-,-,-,5357.0000,5356.2000,5351.0000,5350.6000,5350.2000,5358.0000,5358.2000,5359.4000,5359.6000,5359.8000,3,1,1,3,2,1,1,1,2,1
SF,IC2003,2020-01-03 10:33:59.400,5357.0000,53792,0,4372660520.000,0,-,-,-,-,5357.0000,5356.2000,5351.0000,5350.6000,5350.2000,5358.0000,5358.2000,5359.4000,5359.6000,5359.8000,3,1,1,3,2,1,1,1,2,1
SF,IC2003,2020-01-03 10:34:01.900,5357.0000,53792,0,4372660520.000,0,-,-,-,-,5357.6000,5357.0000,5356.2000,5351.0000,5350.6000,5358.0000,5358.2000,5359.4000,5359.6000,5359.8000,5,3,1,1,3,1,1,1,2,1
SF,IC2003,2020-01-03 10:34:02.400,5357.6000,53793,1,4373732040.000,1,1,0,双开,S,5357.6000,5357.0000,5356.2000,5351.0000,5350.6000,5358.0000,5358.2000,5359.4000,5359.6000,5359.8000,4,3,1,1,3,1,1,1,1,1
SF,IC2003,2020-01-03 10:34:03.900,5357.6000,53793,0,4373732040.000,0,-,-,-,-,5357.6000,5357.0000,5356.2000,5351.0000,5350.6000,5358.0000,5358.2000,5359.4000,5359.6000,5359.8000,4,3,1,1,3,1,1,1,1,1
SF,IC2003,2020-01-03 10:34:05.900,5357.6000,53793,0,4373732040.000,0,-,-,-,-,5357.6000,5357.0000,5356.2000,5351.0000,5350.6000,5358.0000,5358.2000,5359.4000,5359.6000,5359.8000,4,3,1,2,3,1,1,1,1,1
SF,IC2003,2020-01-03 10:34:08.400,5357.6000,53797,4,4378018120.000,4,4,0,双开,S,5357.0000,5356.4000,5356.2000,5351.0000,5350.6000,5357.4000,5358.0000,5358.2000,5359.4000,5359.6000,3,1,1,2,3,1,1,1,1,1
SF,IC2003,2020-01-03 10:34:10.900,5357.6000,53797,0,4378018120.000,0,-,-,-,-,5357.0000,5356.4000,5356.2000,5351.0000,5350.6000,5357.4000,5358.0000,5358.2000,5359.4000,5359.6000,3,1,1,2,3,1,1,1,1,1
SF,IC2003,2020-01-03 10:34:13.400,5357.6000,53797,0,4378018120.000,0,-,-,-,-,5357.0000,5356.4000,5356.2000,5351.0000,5350.6000,5357.4000,5358.0000,5358.2000,5359.4000,5359.6000,3,1,1,2,3,1,1,1,1,1
SF,IC2003,2020-01-03 10:34:14.400,5357.6000,53797,0,4378018120.000,0,-,-,-,-,5357.0000,5356.4000,5356.2000,5351.0000,5350.6000,5357.4000,5358.0000,5358.2000,5359.4000,5359.6000,3,1,1,2,3,1,1,1,1,1
SF,IC2003,2020-01-03 10:34:14.900,5357.6000,53797,0,4378018120.000,0,-,-,-,-,5357.0000,5356.4000,5356.2000,5351.0000,5350.6000,5357.4000,5358.0000,5358.2000,5359.4000,5359.6000,3,1,1,2,3,2,1,1,1,1
SF,IC2003,2020-01-03 10:34:16.900,5357.0000,53797,0,4379089520.000,1,0,1,多换,S,5357.0000,5356.4000,5356.2000,5351.0000,5350.6000,5357.4000,5358.0000,5358.2000,5359.4000,5359.6000,2,1,1,2,3,2,1,1,1,1
SF,IC2003,2020-01-03 10:34:17.400,5357.0000,53797,0,4379089520.000,0,-,-,-,-,5357.0000,5356.4000,5356.2000,5351.0000,5350.6000,5357.4000,5358.2000,5359.4000,5359.6000,5359.8000,2,1,1,2,3,3,1,1,1,1
SF,IC2003,2020-01-03 10:34:18.400,5357.0000,53797,0,4379089520.000,0,-,-,-,-,5357.0000,5356.4000,5356.2000,5351.0000,5350.6000,5357.4000,5358.2000,5359.4000,5359.6000,5359.8000,2,1,1,2,3,2,1,1,1,1
SF,IC2003,2020-01-03 10:34:18.900,5357.2000,53797,0,4380160960.000,1,0,1,多换,S,5357.6000,5357.0000,5356.4000,5356.2000,5351.0000,5358.0000,5358.2000,5359.4000,5359.6000,5359.8000,4,2,1,1,2,2,1,1,1,1
SF,IC2003,2020-01-03 10:34:19.400,5357.6000,53798,1,4382304000.000,2,1,1,空开,S,5357.6000,5357.0000,5356.4000,5356.2000,5351.0000,5358.0000,5358.2000,5359.4000,5359.6000,5359.8000,2,2,1,1,2,2,1,1,1,1
SF,IC2003,2020-01-03 10:34:19.900,5357.6000,53798,0,4382304000.000,0,-,-,-,-,5357.6000,5357.0000,5356.4000,5356.2000,5351.0000,5358.0000,5358.2000,5359.4000,5359.6000,5359.8000,2,2,1,1,2,2,1,1,1,1
SF,IC2003,2020-01-03 10:34:20.400,5357.6000,53799,1,4384447040.000,2,1,1,空开,S,5357.0000,5356.4000,5356.2000,5351.0000,5350.6000,5357.4000,5357.8000,5358.0000,5359.4000,5359.6000,2,1,1,2,3,2,2,2,1,1
SF,IC2003,2020-01-03 10:34:20.900,5357.4000,53801,2,4388732760.000,4,3,1,空开,S,5356.4000,5356.2000,5351.0000,5350.6000,5350.2000,5357.4000,5357.8000,5359.4000,5359.6000,5359.8000,1,1,2,3,2,1,2,1,1,1
SF,IC2003,2020-01-03 10:34:21.400,5357.4000,53801,0,4388732760.000,0,-,-,-,-,5356.4000,5356.2000,5351.0000,5350.6000,5350.2000,5357.6000,5357.8000,5359.4000,5359.6000,5359.8000,1,1,2,3,2,1,2,1,1,1
SF,IC2003,2020-01-03 10:34:22.400,5356.4000,53802,1,4389804040.000,1,1,0,双开,S,5356.2000,5351.0000,5350.6000,5350.2000,5350.0000,5357.6000,5357.8000,5359.4000,5359.6000,5359.8000,1,2,3,2,7,1,2,1,1,1
SF,IC2003,2020-01-03 10:34:22.900,5356.4000,53802,0,4389804040.000,0,-,-,-,-,5356.4000,5356.2000,5351.0000,5350.6000,5350.2000,5357.6000,5357.8000,5359.4000,5359.6000,5359.8000,1,1,2,3,2,1,2,1,1,1
SF,IC2003,2020-01-03 10:34:23.400,5356.4000,53802,0,4389804040.000,0,-,-,-,-,5356.4000,5356.2000,5351.0000,5350.6000,5350.2000,5357.6000,5357.8000,5359.4000,5359.6000,5359.8000,1,1,2,3,2,1,1,1,1,1
SF,IC2003,2020-01-03 10:34:23.900,5356.4000,53802,0,4389804040.000,0,-,-,-,-,5356.4000,5356.2000,5351.0000,5350.6000,5350.2000,5357.6000,5357.8000,5359.4000,5359.6000,5359.8000,1,1,2,3,2,1,1,1,1,1
SF,IC2003,2020-01-03 10:34:24.400,5356.4000,53802,0,4389804040.000,0,-,-,-,-,5357.4000,5357.2000,5356.4000,5356.2000,5351.0000,5357.6000,5357.8000,5359.4000,5359.6000,5359.8000,2,2,2,1,2,1,1,1,1,1
SF,IC2003,2020-01-03 10:34:24.900,5357.8000,53802,0,4391947120.000,2,1,1,多换,S,5357.6000,5356.4000,5356.2000,5351.0000,5350.6000,5359.4000,5359.6000,5359.8000,5360.0000,5361.0000,1,2,1,2,3,1,1,1,2,1
SF,IC2003,2020-01-03 10:34:25.400,5357.8000,53802,0,4391947120.000,0,-,-,-,-,5357.6000,5356.4000,5356.2000,5351.0000,5350.6000,5358.4000,5359.2000,5359.4000,5360.0000,5361.0000,1,2,1,2,3,1,3,1,2,1
SF,IC2003,2020-01-03 10:34:26.400,5357.8000,53802,0,4391947120.000,0,-,-,-,-,5357.6000,5356.4000,5356.2000,5351.0000,5350.6000,5358.4000,5359.0000,5359.2000,5359.4000,5360.0000,1,2,1,2,3,1,1,3,1,2
SF,IC2003,2020-01-03 10:34:27.400,5357.8000,53802,0,4391947120.000,0,-,-,-,-,5357.6000,5356.4000,5356.2000,5356.0000,5351.0000,5358.4000,5359.0000,5359.2000,5359.4000,5360.0000,1,2,1,5,2,1,1,3,1,2
SF,IC2003,2020-01-03 10:34:27.900,5357.8000,53802,0,4391947120.000,0,-,-,-,-,5357.6000,5356.4000,5356.2000,5356.0000,5351.0000,5358.4000,5359.0000,5359.2000,5359.4000,5360.0000,1,1,1,5,2,1,1,3,1,2
SF,IC2003,2020-01-03 10:34:28.400,5357.6000,53802,0,4393018640.000,1,0,1,多换,S,5356.4000,5356.2000,5356.0000,5351.0000,5350.6000,5358.4000,5359.0000,5359.2000,5359.4000,5360.0000,1,1,5,2,3,1,1,1,1,2
SF,IC2003,2020-01-03 10:34:28.900,5357.6000,53802,0,4393018640.000,0,-,-,-,-,5358.0000,5357.8000,5357.0000,5356.6000,5356.4000,5358.4000,5359.0000,5359.2000,5359.4000,5360.0000,2,2,1,5,1,1,1,1,1,2
SF,IC2003,2020-01-03 10:34:29.400,5357.6000,53802,0,4393018640.000,0,-,-,-,-,5358.6000,5357.0000,5356.6000,5356.2000,5356.0000,5359.0000,5360.0000,5361.0000,5361.4000,5361.6000,1,1,1,1,5,1,2,1,1,1
SF,IC2003,2020-01-03 10:34:29.900,5359.0000,53802,0,4394090440.000,1,0,1,多换,S,5358.6000,5357.0000,5356.6000,5356.2000,5356.0000,5360.0000,5361.0000,5361.4000,5361.6000,5361.8000,1,1,1,1,5,1,1,1,1,1
SF,IC2003,2020-01-03 10:34:30.400,5359.0000,53802,0,4394090440.000,0,-,-,-,-,5358.6000,5357.0000,5356.6000,5356.2000,5356.0000,5359.8000,5360.0000,5361.0000,5361.4000,5361.6000,1,1,1,1,5,1,1,1,1,1
SF,IC2003,2020-01-03 10:34:30.900,5359.0000,53802,0,4394090440.000,0,-,-,-,-,5358.6000,5357.0000,5356.6000,5356.2000,5356.0000,5359.8000,5360.0000,5361.0000,5361.4000,5361.6000,2,1,1,1,5,1,1,1,1,1
SF,IC2003,2020-01-03 10:34:31.400,5359.0000,53802,0,4394090440.000,0,-,-,-,-,5359.6000,5358.8000,5358.6000,5357.0000,5356.6000,5360.0000,5361.0000,5361.4000,5361.6000,5361.8000,2,2,2,1,1,1,1,1,1,1
SF,IC2003,2020-01-03 10:34:31.900,5359.8000,53802,0,4396234400.000,2,1,1,多换,S,5358.8000,5358.6000,5357.0000,5356.6000,5356.2000,5361.0000,5361.4000,5361.6000,5361.8000,5362.0000,1,2,1,1,1,1,1,1,1,1
SF,IC2003,2020-01-03 10:34:32.400,5359.8000,53802,0,4396234400.000,0,-,-,-,-,5359.2000,5359.0000,5358.8000,5358.6000,5357.0000,5360.8000,5361.0000,5361.4000,5361.6000,5361.8000,2,2,2,1,1,1,1,1,1,1
SF,IC2003,2020-01-03 10:34:32.900,5359.8000,53802,0,4396234400.000,0,-,-,-,-,5359.8000,5359.4000,5359.0000,5358.6000,5357.0000,5361.0000,5361.4000,5361.6000,5361.8000,5362.0000,1,2,1,1,1,1,1,1,1,1
SF,IC2003,2020-01-03 10:34:33.400,5359.8000,53802,0,4396234400.000,0,-,-,-,-,5359.8000,5359.4000,5358.6000,5357.0000,5356.6000,5361.0000,5361.4000,5361.6000,5361.8000,5362.0000,1,1,1,1,1,1,1,1,1,1
SF,IC2003,2020-01-03 10:34:33.900,5359.8000,53802,0,4396234400.000,0,-,-,-,-,5360.0000,5359.8000,5358.6000,5357.0000,5356.6000,5361.0000,5361.4000,5361.6000,5361.8000,5362.0000,1,1,1,1,1,1,1,1,1,1
SF,IC2003,2020-01-03 10:34:34.400,5359.8000,53802,0,4396234400.000,0,-,-,-,-,5358.6000,5357.0000,5356.6000,5356.2000,5356.0000,5360.8000,5361.0000,5361.4000,5361.6000,5361.8000,1,1,1,1,5,1,1,1,1,1
SF,IC2003,2020-01-03 10:34:34.900,5359.8000,53802,0,4396234400.000,0,-,-,-,-,5359.6000,5359.2000,5359.0000,5358.8000,5358.6000,5360.6000,5361.0000,5361.4000,5361.6000,5361.8000,2,1,4,1,1,1,1,1,1,2
SF,IC2003,2020-01-03 10:34:35.400,5359.8000,53802,0,4396234400.000,0,-,-,-,-,5359.6000,5359.2000,5359.0000,5358.8000,5358.6000,5360.6000,5361.0000,5361.4000,5361.6000,5361.8000,1,1,2,1,1,1,1,1,1,2
SF,IC2003,2020-01-03 10:34:36.400,5359.8000,53802,0,4396234400.000,0,-,-,-,-,5359.6000,5359.2000,5359.0000,5358.8000,5358.6000,5360.0000,5360.6000,5361.0000,5361.4000,5361.6000,1,1,2,1,1,2,1,1,1,1
SF,IC2003,2020-01-03 10:34:36.900,5360.0000,53801,-1,4398378400.000,2,0,2,多平,S,5360.2000,5360.0000,5359.8000,5359.6000,5359.2000,5360.6000,5361.0000,5361.4000,5361.6000,5361.8000,2,1,1,1,1,1,1,1,1,2
SF,IC2003,2020-01-03 10:34:37.400,5360.6000,53801,0,4399450520.000,1,0,1,多换,S,5360.8000,5360.4000,5360.2000,5359.6000,5359.2000,5361.0000,5361.4000,5361.6000,5361.8000,5362.0000,1,1,2,1,1,1,1,1,2,1
SF,IC2003,2020-01-03 10:34:37.900,5360.8000,53801,0,4400522680.000,1,0,1,多换,S,5359.6000,5359.2000,5359.0000,5357.0000,5356.6000,5361.0000,5361.4000,5361.6000,5361.8000,5362.0000,1,1,2,1,1,1,1,1,2,1
SF,IC2003,2020-01-03 10:34:38.400,5359.8000,53799,-2,4402666600.000,2,0,2,双平,S,5359.6000,5359.2000,5359.0000,5357.0000,5356.6000,5360.8000,5361.0000,5361.4000,5361.6000,5361.8000,1,1,2,1,1,1,1,1,1,2
SF,IC2003,2020-01-03 10:34:38.900,5359.8000,53799,0,4402666600.000,0,-,-,-,-,5359.8000,5359.6000,5359.2000,5359.0000,5357.0000,5360.8000,5361.0000,5361.4000,5361.6000,5361.8000,1,1,1,2,1,1,1,1,1,2
SF,IC2003,2020-01-03 10:34:40.900,5359.8000,53799,0,4402666600.000,0,-,-,-,-,5359.8000,5359.6000,5359.2000,5359.0000,5357.0000,5360.8000,5361.0000,5361.4000,5361.6000,5361.8000,1,4,1,2,1,1,1,1,1,2
SF,IC2003,2020-01-03 10:34:41.900,5359.8000,53799,0,4402666600.000,0,-,-,-,-,5360.0000,5359.8000,5359.6000,5359.2000,5359.0000,5360.8000,5361.0000,5361.4000,5361.6000,5361.8000,5,1,4,1,2,1,1,1,1,2
SF,IC2003,2020-01-03 10:34:45.900,5359.8000,53799,0,4404810520.000,2,1,1,多换,S,5360.0000,5359.8000,5359.6000,5359.2000,5359.0000,5360.8000,5361.0000,5361.4000,5361.6000,5361.8000,3,1,1,1,2,1,1,1,1,2
SF,IC2003,2020-01-03 10:34:46.400,5359.8000,53799,0,4404810520.000,0,-,-,-,-,5360.0000,5359.8000,5359.6000,5359.2000,5359.0000,5361.0000,5361.4000,5361.6000,5361.8000,5362.0000,3,1,1,1,2,1,1,1,2,1
SF,IC2003,2020-01-03 10:34:47.400,5359.8000,53799,0,4404810520.000,0,-,-,-,-,5360.0000,5359.8000,5359.6000,5359.2000,5359.0000,5360.8000,5361.0000,5361.4000,5361.6000,5361.8000,3,1,1,1,2,2,1,1,1,2
SF,IC2003,2020-01-03 10:34:47.900,5359.8000,53799,0,4404810520.000,0,-,-,-,-,5360.0000,5359.8000,5359.6000,5359.2000,5359.0000,5360.8000,5361.0000,5361.4000,5361.6000,5361.8000,3,1,1,1,2,2,1,1,1,2
SF,IC2003,2020-01-03 10:34:48.900,5359.8000,53799,0,4404810520.000,0,-,-,-,-,5360.0000,5359.8000,5359.2000,5359.0000,5357.0000,5360.8000,5361.0000,5361.4000,5361.6000,5361.8000,3,1,1,2,1,2,1,1,1,2
SF,IC2003,2020-01-03 10:34:49.400,5359.8000,53799,0,4404810520.000,0,-,-,-,-,5360.0000,5359.8000,5359.2000,5359.0000,5357.0000,5360.8000,5361.0000,5361.4000,5361.6000,5361.8000,3,1,1,2,1,2,1,1,1,2
SF,IC2003,2020-01-03 10:34:50.900,5359.8000,53799,0,4404810520.000,0,-,-,-,-,5360.0000,5359.8000,5359.2000,5359.0000,5357.0000,5360.8000,5361.0000,5361.4000,5361.6000,5361.8000,3,1,1,2,1,2,1,1,1,1
SF,IC2003,2020-01-03 10:34:51.400,5360.8000,53798,-1,4405882680.000,1,0,1,双平,S,5360.0000,5359.8000,5359.2000,5359.0000,5357.0000,5360.8000,5361.0000,5361.4000,5361.6000,5361.8000,3,1,1,2,1,1,1,1,1,1
SF,IC2003,2020-01-03 10:34:53.400,5360.8000,53798,0,4405882680.000,0,-,-,-,-,5360.0000,5359.8000,5359.2000,5359.0000,5357.0000,5360.8000,5361.0000,5361.4000,5361.6000,5361.8000,3,1,1,2,1,1,1,1,1,1
SF,IC2003,2020-01-03 10:34:53.900,5360.8000,53798,0,4405882680.000,0,-,-,-,-,5360.0000,5359.8000,5359.2000,5359.0000,5357.0000,5360.8000,5361.0000,5361.4000,5361.6000,5361.8000,4,1,1,2,1,1,1,1,1,1
SF,IC2003,2020-01-03 10:34:56.400,5360.0000,53798,0,4406954680.000,1,0,1,多换,S,5360.0000,5359.8000,5359.2000,5359.0000,5357.0000,5360.8000,5361.0000,5361.4000,5361.6000,5361.8000,3,1,1,2,1,1,1,1,1,1
SF,IC2003,2020-01-03 10:34:58.400,5360.0000,53798,0,4406954680.000,0,-,-,-,-,5360.0000,5359.8000,5359.2000,5359.0000,5357.0000,5360.8000,5361.0000,5361.4000,5361.6000,5361.8000,3,1,1,2,1,1,1,1,1,1
SF,IC2003,2020-01-03 10:34:58.900,5360.0000,53798,0,4408026680.000,1,0,1,多换,S,5360.0000,5359.2000,5359.0000,5357.0000,5356.6000,5360.6000,5360.8000,5361.0000,5361.4000,5361.6000,2,1,2,1,1,1,1,1,1,1
SF,IC2003,2020-01-03 10:34:59.400,5360.0000,53798,0,4408026680.000,0,-,-,-,-,5360.0000,5359.2000,5359.0000,5357.0000,5356.6000,5360.6000,5360.8000,5361.0000,5361.4000,5361.6000,2,1,2,1,1,1,1,1,1,1
SF,IC2003,2020-01-03 10:34:59.900,5360.0000,53800,2,4410170680.000,2,2,0,双开,S,5359.2000,5359.0000,5357.0000,5356.6000,5356.2000,5360.6000,5360.8000,5361.0000,5361.4000,5361.6000,1,2,1,1,1,1,1,1,1,1
SF,IC2003,2020-01-03 10:35:00.400,5360.0000,53800,0,4410170680.000,0,-,-,-,-,5359.4000,5359.2000,5359.0000,5357.0000,5356.2000,5360.6000,5360.8000,5361.0000,5361.4000,5361.6000,1,1,2,1,1,1,1,1,1,1
SF,IC2003,2020-01-03 10:35:00.900,5360.0000,53800,0,4410170680.000,0,-,-,-,-,5357.0000,5356.2000,5356.0000,5351.0000,5350.6000,5360.6000,5360.8000,5361.0000,5361.4000,5361.6000,1,1,5,2,3,2,1,1,1,1
SF,IC2003,2020-01-03 10:35:01.400,5360.0000,53800,0,4410170680.000,0,-,-,-,-,5358.6000,5358.4000,5357.8000,5357.6000,5357.4000,5360.0000,5360.4000,5360.6000,5360.8000,5361.0000,1,1,1,2,1,1,2,2,1,1
SF,IC2003,2020-01-03 10:35:01.900,5360.0000,53800,0,4410170680.000,0,-,-,-,-,5358.8000,5358.6000,5358.4000,5357.4000,5357.2000,5359.2000,5359.4000,5360.0000,5360.6000,5360.8000,2,1,1,1,2,1,1,2,1,1
SF,IC2003,2020-01-03 10:35:02.400,5358.8000,53799,-1,4412314200.000,2,0,2,多平,S,5359.2000,5358.6000,5358.4000,5357.2000,5356.2000,5360.0000,5360.6000,5360.8000,5361.0000,5361.4000,1,1,1,2,1,2,1,1,1,1
SF,IC2003,2020-01-03 10:35:02.900,5359.2000,53799,0,4413386040.000,1,0,1,多换,S,5356.2000,5356.0000,5351.0000,5350.6000,5350.2000,5359.0000,5359.8000,5360.0000,5360.8000,5361.0000,1,5,2,3,2,1,1,2,1,1
SF,IC2003,2020-01-03 10:35:03.400,5359.2000,53799,0,4413386040.000,0,-,-,-,-,5357.6000,5357.4000,5357.2000,5357.0000,5356.8000,5358.8000,5359.0000,5359.8000,5360.0000,5360.8000,1,1,2,1,1,1,1,1,1,1
SF,IC2003,2020-01-03 10:35:03.900,5359.2000,53799,0,4413386040.000,0,-,-,-,-,5357.6000,5357.4000,5357.2000,5357.0000,5356.8000,5359.0000,5359.8000,5360.0000,5360.8000,5361.0000,1,1,2,1,1,1,1,1,1,1
SF,IC2003,2020-01-03 10:35:04.400,5359.2000,53799,0,4413386040.000,0,-,-,-,-,5357.6000,5357.4000,5357.2000,5357.0000,5356.8000,5358.8000,5359.0000,5360.0000,5360.8000,5361.0000,1,1,1,1,1,1,1,1,1,1
SF,IC2003,2020-01-03 10:35:04.900,5359.2000,53799,0,4413386040.000,0,-,-,-,-,5357.6000,5357.4000,5357.2000,5356.8000,5356.6000,5358.8000,5359.0000,5360.0000,5360.8000,5361.0000,1,1,1,1,1,1,1,1,1,1
SF,IC2003,2020-01-03 10:35:05.400,5359.2000,53799,0,4413386040.000,0,-,-,-,-,5356.4000,5356.2000,5356.0000,5351.0000,5350.6000,5358.8000,5359.0000,5360.0000,5360.8000,5361.0000,1,1,5,2,3,1,1,1,1,1
SF,IC2003,2020-01-03 10:35:05.900,5359.2000,53799,0,4413386040.000,0,-,-,-,-,5357.0000,5356.8000,5356.6000,5356.4000,5356.2000,5358.6000,5358.8000,5359.0000,5360.8000,5361.0000,1,4,3,1,1,1,1,1,1,1
SF,IC2003,2020-01-03 10:35:06.400,5359.2000,53799,0,4413386040.000,0,-,-,-,-,5358.2000,5358.0000,5357.4000,5357.2000,5357.0000,5358.6000,5360.8000,5361.0000,5361.4000,5361.6000,2,2,1,2,1,1,1,1,1,1
SF,IC2003,2020-01-03 10:35:06.900,5358.6000,53800,1,4414457760.000,1,1,0,双开,S,5358.6000,5357.4000,5357.2000,5357.0000,5356.8000,5359.2000,5360.8000,5361.0000,5361.4000,5361.6000,1,1,2,1,1,1,1,1,1,1
SF,IC2003,2020-01-03 10:35:07.900,5358.6000,53800,0,4415529480.000,1,0,1,多换,S,5357.2000,5357.0000,5356.8000,5356.6000,5356.2000,5358.0000,5359.2000,5360.8000,5361.0000,5361.4000,1,1,1,1,1,1,1,1,1,1
SF,IC2003,2020-01-03 10:35:08.400,5358.2000,53799,-1,4416601120.000,1,0,1,双平,S,5358.4000,5358.2000,5358.0000,5357.6000,5357.4000,5359.2000,5360.8000,5361.0000,5361.4000,5361.6000,4,1,5,1,1,1,1,1,1,1
SF,IC2003,2020-01-03 10:35:08.900,5358.2000,53798,-1,4417672760.000,1,0,1,双平,S,5358.0000,5357.4000,5356.6000,5356.2000,5356.0000,5358.2000,5359.0000,5359.2000,5360.8000,5361.0000,4,1,1,1,5,1,1,1,1,1
SF,IC2003,2020-01-03 10:35:09.400,5358.2000,53798,0,4418744400.000,1,0,1,多换,S,5358.4000,5358.2000,5358.0000,5357.4000,5356.6000,5359.0000,5359.2000,5360.8000,5361.0000,5361.4000,5,2,3,1,1,1,1,1,1,1
SF,IC2003,2020-01-03 10:35:09.900,5358.2000,53798,0,4418744400.000,0,-,-,-,-,5358.2000,5358.0000,5357.4000,5356.6000,5356.2000,5359.0000,5359.2000,5360.8000,5361.0000,5361.4000,2,3,1,1,1,1,1,1,1,1
SF,IC2003,2020-01-03 10:35:10.900,5358.2000,53798,0,4418744400.000,0,-,-,-,-,5358.2000,5358.0000,5357.4000,5356.6000,5356.2000,5359.0000,5359.2000,5360.8000,5361.0000,5361.4000,2,3,1,1,1,1,12,1,1,1
SF,IC2003,2020-01-03 10:35:11.400,5358.2000,53797,-1,4420887680.000,2,0,2,多平,S,5358.0000,5357.4000,5356.6000,5356.2000,5356.0000,5358.8000,5359.0000,5359.2000,5360.8000,5361.0000,2,1,1,1,5,1,1,12,1,1
SF,IC2003,2020-01-03 10:35:11.900,5358.0000,53797,0,4423030880.000,2,1,1,多换,S,5356.6000,5356.2000,5356.0000,5351.0000,5350.6000,5358.6000,5358.8000,5359.2000,5360.8000,5361.0000,1,1,5,2,3,1,1,12,1,1
SF,IC2003,2020-01-03 10:35:12.400,5358.0000,53797,0,4423030880.000,0,-,-,-,-,5356.8000,5356.6000,5356.2000,5356.0000,5351.0000,5358.4000,5358.6000,5359.2000,5360.0000,5360.8000,3,2,1,5,2,1,1,12,1,1
SF,IC2003,2020-01-03 10:35:12.900,5358.0000,53797,0,4423030880.000,0,-,-,-,-,5356.8000,5356.6000,5356.2000,5356.0000,5351.0000,5359.2000,5360.0000,5360.8000,5361.0000,5361.4000,1,2,1,5,2,12,1,1,1,1
SF,IC2003,2020-01-03 10:35:13.400,5358.0000,53797,0,4423030880.000,0,-,-,-,-,5357.2000,5357.0000,5356.8000,5356.6000,5356.2000,5358.8000,5359.0000,5359.2000,5360.0000,5360.8000,2,1,1,2,1,1,2,12,1,1
SF,IC2003,2020-01-03 10:35:13.900,5358.0000,53797,0,4423030880.000,0,-,-,-,-,5357.4000,5357.0000,5356.6000,5356.2000,5356.0000,5358.6000,5358.8000,5359.2000,5360.0000,5360.8000,1,1,2,1,5,2,1,12,1,1
SF,IC2003,2020-01-03 10:35:14.400,5358.0000,53797,0,4423030880.000,0,-,-,-,-,5357.0000,5356.6000,5356.2000,5356.0000,5351.0000,5358.4000,5358.6000,5358.8000,5359.2000,5360.0000,1,2,1,5,2,1,2,1,12,1
SF,IC2003,2020-01-03 10:35:14.900,5358.0000,53797,0,4423030880.000,0,-,-,-,-,5357.0000,5356.6000,5356.2000,5356.0000,5351.0000,5358.2000,5358.4000,5358.8000,5359.2000,5360.0000,1,2,1,5,2,1,1,1,12,1
SF,IC2003,2020-01-03 10:35:15.400,5358.0000,53797,0,4423030880.000,0,-,-,-,-,5357.0000,5356.6000,5356.2000,5356.0000,5351.0000,5358.2000,5358.4000,5359.2000,5360.0000,5360.8000,1,2,1,5,2,1,1,12,1,1
SF,IC2003,2020-01-03 10:35:15.900,5357.0000,53796,-1,4424102280.000,1,0,1,双平,S,5356.6000,5356.2000,5356.0000,5351.0000,5350.6000,5357.0000,5358.2000,5359.2000,5360.0000,5360.8000,1,1,5,2,3,1,2,12,1,1
SF,IC2003,2020-01-03 10:35:16.900,5357.0000,53796,0,4425173680.000,1,0,1,多换,S,5356.6000,5356.2000,5356.0000,5351.0000,5350.6000,5358.2000,5359.2000,5360.0000,5360.8000,5361.0000,1,1,5,2,3,2,12,1,1,1
SF,IC2003,2020-01-03 10:35:17.400,5357.0000,53796,0,4425173680.000,0,-,-,-,-,5356.8000,5356.6000,5356.2000,5356.0000,5351.0000,5358.2000,5359.2000,5360.0000,5360.8000,5361.0000,1,1,1,5,2,2,12,1,1,1
SF,IC2003,2020-01-03 10:35:18.400,5358.2000,53797,1,4427316960.000,2,1,1,空开,S,5359.0000,5356.8000,5356.6000,5356.2000,5356.0000,5359.2000,5360.0000,5360.8000,5361.0000,5361.4000,3,1,1,1,5,12,1,1,1,1
SF,IC2003,2020-01-03 10:35:18.900,5359.0000,53797,0,4430532360.000,3,1,2,多换,S,5356.6000,5356.2000,5356.0000,5351.0000,5350.6000,5358.2000,5358.6000,5358.8000,5359.0000,5359.2000,1,1,5,2,3,2,2,2,9,13
SF,IC2003,2020-01-03 10:35:19.400,5356.8000,53796,-1,4431603720.000,1,0,1,双平,S,5356.6000,5356.2000,5356.0000,5351.0000,5350.6000,5358.8000,5359.0000,5359.2000,5360.0000,5360.8000,2,1,5,2,3,2,7,12,1,1
SF,IC2003,2020-01-03 10:35:19.900,5356.8000,53796,0,4431603720.000,0,-,-,-,-,5356.8000,5356.6000,5356.2000,5356.0000,5351.0000,5357.2000,5358.6000,5358.8000,5359.0000,5359.2000,1,2,1,5,2,2,3,1,7,12
SF,IC2003,2020-01-03 10:35:20.400,5357.2000,53795,-1,4433746600.000,2,0,2,多平,S,5357.4000,5356.8000,5356.6000,5356.2000,5356.0000,5358.6000,5359.0000,5359.2000,5360.0000,5360.8000,1,1,2,1,5,2,7,12,1,1
SF,IC2003,2020-01-03 10:35:20.900,5356.6000,53793,-2,4436960600.000,3,0,3,多平,S,5357.6000,5356.2000,5356.0000,5351.0000,5350.6000,5358.4000,5358.6000,5359.0000,5359.2000,5360.0000,2,1,5,2,3,1,2,8,12,1
SF,IC2003,2020-01-03 10:35:21.400,5357.6000,53793,0,4439103640.000,2,1,1,多换,S,5356.2000,5356.0000,5351.0000,5350.6000,5350.2000,5358.4000,5358.6000,5359.0000,5359.2000,5360.0000,1,5,2,3,2,1,1,8,12,1
SF,IC2003,2020-01-03 10:35:21.900,5357.6000,53793,0,4439103640.000,0,-,-,-,-,5356.2000,5356.0000,5351.0000,5350.6000,5350.2000,5358.2000,5358.4000,5358.6000,5359.0000,5359.2000,1,5,2,3,2,1,1,1,9,12
SF,IC2003,2020-01-03 10:35:22.400,5357.6000,53793,0,4439103640.000,0,-,-,-,-,5356.4000,5356.2000,5356.0000,5351.0000,5350.6000,5358.2000,5358.6000,5359.0000,5359.2000,5360.0000,1,1,5,2,3,1,1,9,12,1
SF,IC2003,2020-01-03 10:35:22.900,5357.6000,53793,0,4439103640.000,0,-,-,-,-,5356.2000,5356.0000,5351.0000,5350.6000,5350.2000,5358.2000,5358.6000,5359.0000,5359.2000,5360.0000,1,5,2,3,2,1,1,9,12,1
SF,IC2003,2020-01-03 10:35:23.400,5357.6000,53793,0,4439103640.000,0,-,-,-,-,5356.4000,5356.2000,5356.0000,5351.0000,5350.6000,5358.2000,5358.6000,5359.0000,5359.2000,5360.0000,2,1,5,2,3,1,1,9,12,1
SF,IC2003,2020-01-03 10:35:23.900,5357.6000,53793,0,4439103640.000,0,-,-,-,-,5356.2000,5356.0000,5351.0000,5350.6000,5350.2000,5358.0000,5358.2000,5358.6000,5359.0000,5359.2000,1,5,2,3,2,1,1,1,8,12
SF,IC2003,2020-01-03 10:35:24.400,5357.8000,53793,0,4440175200.000,1,0,1,多换,S,5356.6000,5356.2000,5356.0000,5351.0000,5350.6000,5358.0000,5358.6000,5359.0000,5359.2000,5360.0000,2,1,5,2,3,1,1,8,12,1
SF,IC2003,2020-01-03 10:35:24.900,5357.8000,53793,0,4440175200.000,0,-,-,-,-,5356.2000,5356.0000,5351.0000,5350.6000,5350.2000,5357.8000,5358.0000,5358.6000,5359.0000,5359.2000,1,5,2,3,2,1,1,1,7,12
SF,IC2003,2020-01-03 10:35:25.400,5357.8000,53793,0,4441246760.000,1,0,1,多换,S,5356.2000,5356.0000,5351.0000,5350.6000,5350.2000,5358.0000,5358.6000,5359.0000,5359.2000,5360.0000,1,5,2,3,2,1,1,6,12,1
SF,IC2003,2020-01-03 10:35:25.900,5357.8000,53793,0,4441246760.000,0,-,-,-,-,5356.6000,5356.4000,5356.2000,5356.0000,5351.0000,5357.8000,5358.0000,5358.6000,5359.0000,5359.2000,2,1,1,5,2,1,1,1,6,12
SF,IC2003,2020-01-03 10:35:26.400,5357.8000,53793,0,4441246760.000,0,-,-,-,-,5356.4000,5356.2000,5356.0000,5354.8000,5351.0000,5357.8000,5358.0000,5358.6000,5359.0000,5359.2000,1,1,5,1,2,1,1,1,6,12
SF,IC2003,2020-01-03 10:35:26.900,5359.0000,53793,0,4445533440.000,4,2,2,多换,S,5356.4000,5356.2000,5356.0000,5354.8000,5351.0000,5359.0000,5359.2000,5360.0000,5360.8000,5361.0000,1,1,5,1,2,5,12,1,1,1
SF,IC2003,2020-01-03 10:35:27.400,5359.0000,53793,0,4445533440.000,0,-,-,-,-,5356.4000,5356.2000,5356.0000,5354.8000,5351.0000,5358.8000,5359.0000,5359.2000,5360.0000,5360.8000,1,1,5,1,2,3,5,12,1,1
SF,IC2003,2020-01-03 10:35:27.900,5359.0000,53793,0,4445533440.000,0,-,-,-,-,5356.4000,5356.2000,5356.0000,5354.8000,5351.0000,5358.8000,5359.0000,5359.2000,5360.0000,5360.8000,2,2,5,1,2,3,5,12,1,1
SF,IC2003,2020-01-03 10:35:28.400,5359.0000,53793,0,4445533440.000,0,-,-,-,-,5356.6000,5356.4000,5356.2000,5356.0000,5354.8000,5358.6000,5358.8000,5359.0000,5359.2000,5360.0000,1,2,2,5,1,1,3,5,12,1
SF,IC2003,2020-01-03 10:35:28.900,5359.0000,53793,0,4445533440.000,0,-,-,-,-,5356.8000,5356.6000,5356.4000,5356.2000,5356.0000,5358.4000,5358.6000,5358.8000,5359.0000,5359.2000,1,1,1,2,5,2,1,1,5,12
SF,IC2003,2020-01-03 10:35:29.400,5359.0000,53793,0,4445533440.000,0,-,-,-,-,5356.8000,5356.6000,5356.4000,5356.2000,5356.0000,5358.4000,5358.6000,5358.8000,5359.0000,5359.2000,1,1,1,2,5,2,1,1,4,12
SF,IC2003,2020-01-03 10:35:29.900,5359.0000,53793,0,4445533440.000,0,-,-,-,-,5356.8000,5356.6000,5356.4000,5356.2000,5356.0000,5358.4000,5358.6000,5358.8000,5359.0000,5359.2000,1,1,1,3,6,1,1,1,4,12
SF,IC2003,2020-01-03 10:35:31.400,5359.0000,53793,0,4445533440.000,0,-,-,-,-,5356.8000,5356.6000,5356.2000,5356.0000,5351.0000,5358.4000,5358.6000,5358.8000,5359.0000,5359.2000,1,1,3,6,2,1,1,1,4,12
SF,IC2003,2020-01-03 10:35:32.900,5359.0000,53793,0,4445533440.000,0,-,-,-,-,5356.8000,5356.6000,5356.2000,5356.0000,5351.0000,5358.4000,5358.6000,5358.8000,5359.0000,5359.2000,1,1,3,6,2,1,1,1,4,12
SF,IC2003,2020-01-03 10:35:33.400,5357.2000,53792,-1,4446604880.000,1,0,1,双平,S,5356.8000,5356.2000,5356.0000,5351.0000,5350.6000,5358.4000,5358.6000,5358.8000,5359.0000,5359.2000,1,3,6,2,3,1,1,1,4,12
SF,IC2003,2020-01-03 10:35:33.900,5357.2000,53792,0,4446604880.000,0,-,-,-,-,5356.8000,5356.2000,5356.0000,5351.0000,5350.6000,5358.4000,5358.6000,5358.8000,5359.0000,5359.2000,1,3,6,2,3,2,1,1,4,12
SF,IC2003,2020-01-03 10:35:34.400,5357.2000,53792,0,4446604880.000,0,-,-,-,-,5356.8000,5356.2000,5356.0000,5351.0000,5350.6000,5358.2000,5358.4000,5358.6000,5358.8000,5359.0000,1,3,6,2,3,1,2,1,1,4
SF,IC2003,2020-01-03 10:35:34.900,5357.2000,53792,0,4446604880.000,0,-,-,-,-,5356.8000,5356.2000,5356.0000,5351.0000,5350.6000,5358.2000,5358.6000,5358.8000,5359.0000,5359.2000,1,3,6,2,3,1,1,1,4,12
SF,IC2003,2020-01-03 10:35:35.400,5359.0000,53794,2,4451963560.000,5,3,2,空开,S,5356.8000,5356.2000,5356.0000,5351.0000,5350.6000,5359.0000,5359.2000,5360.0000,5360.8000,5361.0000,1,3,5,2,3,2,12,1,1,2
SF,IC2003,2020-01-03 10:35:35.900,5359.0000,53794,0,4451963560.000,0,-,-,-,-,5356.8000,5356.2000,5356.0000,5351.0000,5350.6000,5358.8000,5359.0000,5359.2000,5360.0000,5360.8000,1,3,5,2,3,2,2,12,1,1
SF,IC2003,2020-01-03 10:35:36.400,5359.0000,53794,0,4451963560.000,0,-,-,-,-,5356.8000,5356.2000,5356.0000,5351.0000,5350.6000,5358.8000,5359.0000,5359.2000,5360.0000,5360.8000,1,3,5,2,3,2,2,12,1,1
SF,IC2003,2020-01-03 10:35:36.900,5356.8000,53794,0,4453034920.000,1,0,1,多换,S,5356.8000,5356.2000,5356.0000,5351.0000,5350.6000,5358.6000,5358.8000,5359.0000,5359.2000,5360.0000,1,3,5,2,3,1,2,3,12,1
SF,IC2003,2020-01-03 10:35:37.400,5356.8000,53794,0,4453034920.000,0,-,-,-,-,5356.8000,5356.2000,5356.0000,5351.0000,5350.6000,5358.4000,5358.6000,5359.0000,5359.2000,5360.0000,1,3,5,2,3,2,1,3,12,1
SF,IC2003,2020-01-03 10:35:37.900,5356.8000,53794,0,4453034920.000,0,-,-,-,-,5356.8000,5356.2000,5356.0000,5351.0000,5350.6000,5358.2000,5358.4000,5358.8000,5359.0000,5359.2000,1,3,5,2,3,1,2,1,3,12
SF,IC2003,2020-01-03 10:35:38.400,5356.8000,53794,0,4453034920.000,0,-,-,-,-,5356.8000,5356.2000,5356.0000,5351.0000,5350.6000,5358.2000,5358.8000,5359.0000,5359.2000,5360.0000,1,3,5,2,3,1,1,3,12,1
SF,IC2003,2020-01-03 10:35:39.400,5356.8000,53794,0,4453034920.000,0,-,-,-,-,5356.2000,5356.0000,5351.0000,5350.6000,5350.2000,5358.2000,5358.8000,5359.0000,5359.2000,5360.0000,3,5,2,3,2,1,1,3,12,1
SF,IC2003,2020-01-03 10:35:39.900,5356.8000,53794,0,4453034920.000,0,-,-,-,-,5356.4000,5356.2000,5356.0000,5351.0000,5350.6000,5358.2000,5358.8000,5359.0000,5359.2000,5360.0000,3,3,5,2,3,1,1,3,12,1
SF,IC2003,2020-01-03 10:35:40.400,5356.8000,53794,0,4453034920.000,0,-,-,-,-,5356.6000,5356.4000,5356.2000,5356.0000,5351.0000,5358.0000,5358.2000,5358.8000,5359.0000,5359.2000,1,3,3,5,2,2,1,1,3,12
SF,IC2003,2020-01-03 10:35:41.400,5356.8000,53794,0,4453034920.000,0,-,-,-,-,5357.0000,5356.6000,5356.4000,5356.2000,5356.0000,5358.0000,5358.2000,5358.8000,5359.0000,5359.2000,5,1,3,3,5,2,1,1,3,12
SF,IC2003,2020-01-03 10:35:41.900,5356.8000,53794,0,4453034920.000,0,-,-,-,-,5357.0000,5356.6000,5356.4000,5356.2000,5356.0000,5358.0000,5358.2000,5358.8000,5359.0000,5359.2000,5,1,1,3,5,2,1,1,3,12
SF,IC2003,2020-01-03 10:35:42.400,5356.8000,53794,0,4453034920.000,0,-,-,-,-,5357.0000,5356.6000,5356.4000,5356.2000,5356.0000,5358.0000,5358.2000,5359.0000,5359.2000,5359.8000,5,1,1,3,5,2,1,3,12,1
SF,IC2003,2020-01-03 10:35:42.900,5356.8000,53794,0,4453034920.000,0,-,-,-,-,5357.0000,5356.6000,5356.4000,5356.2000,5356.0000,5358.0000,5358.2000,5359.0000,5359.2000,5359.8000,5,1,1,3,5,2,1,2,12,1
SF,IC2003,2020-01-03 10:35:46.900,5356.8000,53794,0,4453034920.000,0,-,-,-,-,5357.0000,5356.6000,5356.4000,5356.2000,5356.0000,5358.0000,5358.2000,5359.0000,5359.2000,5359.8000,5,1,1,3,5,2,1,2,12,1
SF,IC2003,2020-01-03 10:35:47.400,5356.8000,53794,0,4453034920.000,0,-,-,-,-,5357.0000,5356.6000,5356.4000,5356.2000,5356.0000,5358.0000,5358.2000,5359.0000,5359.2000,5359.8000,5,1,1,2,5,2,1,2,12,1
SF,IC2003,2020-01-03 10:35:48.400,5356.8000,53794,0,4453034920.000,0,-,-,-,-,5357.0000,5356.6000,5356.4000,5356.2000,5356.0000,5358.0000,5358.2000,5359.0000,5359.2000,5359.8000,5,1,1,2,5,2,1,3,12,1
SF,IC2003,2020-01-03 10:35:48.900,5358.0000,53794,0,4454106520.000,1,0,1,多换,S,5357.0000,5356.6000,5356.4000,5356.2000,5356.0000,5358.0000,5358.2000,5359.0000,5359.2000,5359.8000,5,1,1,2,5,1,1,3,12,1
SF,IC2003,2020-01-03 10:35:49.400,5358.0000,53795,1,4455178120.000,1,1,0,双开,S,5358.0000,5357.2000,5357.0000,5356.6000,5356.2000,5359.0000,5359.2000,5359.8000,5360.0000,5360.8000,9,2,5,1,2,3,12,1,1,1
SF,IC2003,2020-01-03 10:35:49.900,5358.0000,53795,0,4455178120.000,0,-,-,-,-,5358.0000,5357.2000,5357.0000,5356.6000,5356.2000,5359.0000,5359.2000,5359.8000,5360.0000,5360.8000,9,2,5,1,2,1,12,1,1,1
SF,IC2003,2020-01-03 10:35:50.400,5358.0000,53795,0,4455178120.000,0,-,-,-,-,5358.0000,5357.2000,5357.0000,5356.6000,5356.2000,5359.0000,5359.2000,5360.0000,5360.8000,5361.0000,9,2,5,1,2,1,12,1,1,2
SF,IC2003,2020-01-03 10:35:51.400,5358.0000,53795,0,4455178120.000,0,-,-,-,-,5358.0000,5357.2000,5357.0000,5356.6000,5356.2000,5359.0000,5359.2000,5360.0000,5360.8000,5361.0000,9,2,5,1,2,1,12,1,1,2
SF,IC2003,2020-01-03 10:35:53.400,5358.0000,53795,0,4455178120.000,0,-,-,-,-,5358.0000,5357.2000,5357.0000,5356.6000,5356.2000,5359.0000,5359.2000,5360.0000,5360.8000,5361.0000,9,1,5,1,2,1,12,1,1,2
SF,IC2003,2020-01-03 10:35:53.900,5359.0000,53795,0,4456249920.000,1,0,1,多换,S,5358.8000,5358.2000,5358.0000,5357.0000,5356.6000,5359.2000,5360.0000,5360.8000,5361.0000,5361.4000,2,1,9,5,1,12,1,1,2,1
SF,IC2003,2020-01-03 10:35:54.400,5359.2000,53786,-9,4470183800.000,13,2,11,多平,S,5358.2000,5358.0000,5357.0000,5356.6000,5356.2000,5360.0000,5360.8000,5361.0000,5361.4000,5361.6000,1,9,5,1,2,1,1,2,1,1
SF,IC2003,2020-01-03 10:35:54.900,5359.2000,53786,0,4470183800.000,0,-,-,-,-,5358.2000,5358.0000,5357.0000,5356.6000,5356.2000,5359.8000,5360.0000,5360.8000,5361.0000,5361.4000,2,9,5,1,2,2,1,1,2,1
SF,IC2003,2020-01-03 10:35:55.400,5359.2000,53786,0,4470183800.000,0,-,-,-,-,5358.2000,5358.0000,5357.0000,5356.6000,5356.2000,5359.8000,5360.0000,5360.8000,5361.0000,5361.4000,1,9,5,1,2,2,1,1,2,1
SF,IC2003,2020-01-03 10:35:55.900,5359.2000,53786,0,4470183800.000,0,-,-,-,-,5359.0000,5358.2000,5358.0000,5357.0000,5356.6000,5359.6000,5359.8000,5360.0000,5360.8000,5361.0000,5,1,9,5,1,1,2,1,1,2
SF,IC2003,2020-01-03 10:35:56.400,5359.2000,53786,0,4470183800.000,0,-,-,-,-,5359.0000,5358.0000,5357.0000,5356.6000,5356.2000,5359.4000,5359.6000,5359.8000,5360.0000,5360.8000,5,9,5,1,2,1,1,1,1,1
SF,IC2003,2020-01-03 10:35:58.400,5359.2000,53786,0,4470183800.000,0,-,-,-,-,5359.0000,5358.0000,5357.0000,5356.6000,5356.2000,5359.4000,5359.6000,5359.8000,5360.0000,5360.8000,5,9,5,1,2,1,1,1,2,1
SF,IC2003,2020-01-03 10:35:58.900,5359.2000,53786,0,4470183800.000,0,-,-,-,-,5359.0000,5358.0000,5357.0000,5356.6000,5356.2000,5359.4000,5359.8000,5360.0000,5360.8000,5361.0000,5,9,5,1,2,1,1,2,1,2
SF,IC2003,2020-01-03 10:35:59.900,5359.4000,53785,-1,4471255680.000,1,0,1,双平,S,5359.0000,5358.0000,5357.0000,5356.6000,5356.2000,5359.8000,5360.0000,5360.8000,5361.0000,5361.4000,5,9,5,1,2,1,2,1,2,1
SF,IC2003,2020-01-03 10:36:00.400,5359.0000,53785,0,4472327480.000,1,0,1,多换,S,5359.0000,5358.0000,5357.0000,5356.6000,5356.2000,5359.6000,5359.8000,5360.0000,5360.8000,5361.0000,4,9,5,1,2,1,1,2,1,2
SF,IC2003,2020-01-03 10:36:00.900,5359.0000,53785,0,4472327480.000,0,-,-,-,-,5359.0000,5358.0000,5357.0000,5356.6000,5356.2000,5359.6000,5359.8000,5360.0000,5360.8000,5361.0000,4,9,5,1,2,1,1,2,1,2
SF,IC2003,2020-01-03 10:36:01.400,5359.0000,53785,0,4473399280.000,1,0,1,多换,S,5359.0000,5358.0000,5357.0000,5356.6000,5356.2000,5359.6000,5359.8000,5360.0000,5360.2000,5360.8000,3,9,5,1,2,1,1,2,1,1
SF,IC2003,2020-01-03 10:36:01.900,5359.0000,53785,0,4473399280.000,0,-,-,-,-,5359.0000,5358.0000,5357.0000,5356.6000,5356.2000,5359.6000,5359.8000,5360.0000,5360.2000,5360.8000,3,9,5,1,2,1,1,2,1,1
SF,IC2003,2020-01-03 10:36:02.900,5359.0000,53785,0,4474471080.000,1,0,1,多换,S,5359.0000,5358.0000,5357.0000,5356.6000,5356.2000,5359.6000,5359.8000,5360.0000,5360.2000,5360.8000,2,9,5,1,2,1,1,2,1,1
SF,IC2003,2020-01-03 10:36:03.400,5359.0000,53785,0,4474471080.000,0,-,-,-,-,5359.0000,5358.0000,5357.0000,5356.6000,5356.2000,5359.6000,5359.8000,5360.0000,5360.2000,5360.8000,2,9,5,1,2,1,1,2,1,1
SF,IC2003,2020-01-03 10:36:03.900,5359.0000,53785,0,4474471080.000,0,-,-,-,-,5359.0000,5358.0000,5357.0000,5356.6000,5356.2000,5359.8000,5360.0000,5360.2000,5360.8000,5361.0000,2,9,5,1,2,1,2,1,1,2
SF,IC2003,2020-01-03 10:36:04.400,5359.0000,53785,0,4474471080.000,0,-,-,-,-,5359.0000,5358.0000,5357.0000,5356.6000,5356.2000,5359.6000,5359.8000,5360.0000,5360.2000,5360.8000,2,9,5,1,2,1,1,2,1,1
SF,IC2003,2020-01-03 10:36:05.900,5359.0000,53785,0,4474471080.000,0,-,-,-,-,5359.0000,5358.0000,5357.0000,5356.6000,5356.2000,5359.6000,5359.8000,5360.0000,5360.2000,5360.8000,2,9,5,1,2,1,1,2,1,1
SF,IC2003,2020-01-03 10:36:06.900,5359.0000,53785,0,4474471080.000,0,-,-,-,-,5359.0000,5358.0000,5357.0000,5356.2000,5351.6000,5359.6000,5359.8000,5360.0000,5360.2000,5360.8000,2,9,5,2,2,1,1,2,1,1
SF,IC2003,2020-01-03 10:36:07.400,5359.6000,53784,-1,4475543000.000,1,0,1,双平,S,5359.6000,5359.0000,5358.0000,5357.0000,5356.2000,5359.8000,5360.0000,5360.2000,5360.8000,5361.0000,1,2,9,5,2,1,2,1,1,2
SF,IC2003,2020-01-03 10:36:07.900,5359.6000,53784,0,4475543000.000,0,-,-,-,-,5359.6000,5359.0000,5358.0000,5357.0000,5356.2000,5359.8000,5360.0000,5360.8000,5361.0000,5361.4000,1,2,9,5,2,1,2,1,2,1
SF,IC2003,2020-01-03 10:36:08.400,5360.0000,53786,2,4479830920.000,4,3,1,空开,S,5360.0000,5359.6000,5359.0000,5358.0000,5357.0000,5360.8000,5361.0000,5361.4000,5361.6000,5361.8000,3,1,2,9,5,1,2,1,4,1
SF,IC2003,2020-01-03 10:36:08.900,5360.2000,53785,-1,4480902960.000,1,0,1,双平,S,5360.0000,5359.6000,5359.0000,5358.0000,5357.0000,5360.6000,5360.8000,5361.0000,5361.4000,5361.6000,3,1,2,9,5,1,1,2,1,4
SF,IC2003,2020-01-03 10:36:09.400,5360.0000,53786,1,4481974960.000,1,1,0,双开,S,5360.0000,5359.6000,5359.0000,5358.0000,5357.0000,5360.6000,5360.8000,5361.0000,5361.4000,5361.6000,2,1,2,9,5,1,1,2,1,4
SF,IC2003,2020-01-03 10:36:12.400,5360.0000,53788,2,4484118960.000,2,2,0,双开,S,5359.6000,5359.0000,5358.0000,5357.0000,5356.2000,5360.6000,5360.8000,5361.0000,5361.4000,5361.6000,1,2,9,5,2,1,1,2,1,4
SF,IC2003,2020-01-03 10:36:12.900,5360.0000,53788,0,4484118960.000,0,-,-,-,-,5359.0000,5358.0000,5357.0000,5356.2000,5351.6000,5360.2000,5360.4000,5360.6000,5360.8000,5361.0000,2,9,5,2,2,2,3,1,1,2
SF,IC2003,2020-01-03 10:36:13.400,5360.0000,53788,0,4484118960.000,0,-,-,-,-,5359.0000,5358.0000,5357.0000,5356.2000,5351.6000,5360.2000,5360.4000,5360.6000,5360.8000,5361.0000,2,9,5,2,2,1,3,1,1,2
SF,IC2003,2020-01-03 10:36:13.900,5360.2000,53789,1,4485191000.000,1,1,0,双开,S,5359.0000,5358.0000,5357.0000,5356.2000,5351.6000,5360.2000,5360.4000,5360.6000,5360.8000,5361.0000,2,9,5,2,2,1,3,1,1,2
SF,IC2003,2020-01-03 10:36:14.400,5360.2000,53789,0,4485191000.000,0,-,-,-,-,5359.0000,5358.0000,5357.0000,5356.2000,5351.6000,5360.2000,5360.6000,5360.8000,5361.0000,5361.4000,2,9,5,2,2,1,1,1,2,1
SF,IC2003,2020-01-03 10:36:14.900,5360.2000,53789,0,4485191000.000,0,-,-,-,-,5359.2000,5359.0000,5358.0000,5357.0000,5356.2000,5360.2000,5360.6000,5360.8000,5361.0000,5361.4000,1,2,9,5,2,1,1,1,2,1
SF,IC2003,2020-01-03 10:36:15.400,5360.2000,53789,0,4485191000.000,0,-,-,-,-,5359.2000,5359.0000,5358.0000,5357.0000,5356.2000,5360.6000,5360.8000,5361.0000,5361.4000,5361.6000,1,2,9,5,2,1,1,2,1,4
SF,IC2003,2020-01-03 10:36:15.900,5360.2000,53789,0,4485191000.000,0,-,-,-,-,5359.2000,5359.0000,5358.0000,5357.0000,5356.2000,5360.6000,5360.8000,5361.0000,5361.4000,5361.6000,2,2,9,5,2,1,1,2,1,4
SF,IC2003,2020-01-03 10:36:16.400,5360.2000,53789,0,4485191000.000,0,-,-,-,-,5359.2000,5359.0000,5358.0000,5357.0000,5356.2000,5360.6000,5360.8000,5361.0000,5361.4000,5361.6000,1,2,9,5,2,1,1,2,1,4
SF,IC2003,2020-01-03 10:36:16.900,5360.2000,53789,0,4485191000.000,0,-,-,-,-,5359.2000,5359.0000,5358.0000,5357.0000,5356.2000,5360.8000,5361.0000,5361.4000,5361.6000,5361.8000,2,2,9,5,2,1,2,1,2,2
SF,IC2003,2020-01-03 10:36:18.400,5360.2000,53789,0,4485191000.000,0,-,-,-,-,5359.2000,5359.0000,5358.0000,5357.0000,5356.2000,5360.8000,5361.0000,5361.4000,5361.6000,5361.8000,1,2,9,5,2,1,2,1,2,2
SF,IC2003,2020-01-03 10:36:18.900,5360.2000,53789,0,4485191000.000,0,-,-,-,-,5359.2000,5359.0000,5358.0000,5357.0000,5356.2000,5360.6000,5360.8000,5361.0000,5361.4000,5361.6000,1,2,9,5,2,2,2,2,1,2
SF,IC2003,2020-01-03 10:36:19.400,5360.2000,53789,0,4485191000.000,0,-,-,-,-,5359.2000,5359.0000,5358.0000,5357.0000,5356.2000,5360.4000,5360.6000,5360.8000,5361.0000,5361.4000,1,2,9,5,2,2,2,1,2,1
SF,IC2003,2020-01-03 10:36:19.900,5360.2000,53789,0,4485191000.000,0,-,-,-,-,5359.0000,5358.0000,5357.0000,5356.2000,5351.6000,5360.2000,5360.4000,5360.6000,5360.8000,5361.0000,2,9,5,2,2,9,1,1,1,2
SF,IC2003,2020-01-03 10:36:20.400,5359.0000,53791,2,4487334600.000,2,2,0,双开,S,5358.0000,5357.0000,5356.2000,5351.6000,5351.0000,5359.0000,5359.4000,5359.6000,5359.8000,5360.0000,9,5,2,2,2,1,1,4,1,2
SF,IC2003,2020-01-03 10:36:20.900,5359.0000,53789,-2,4489478040.000,2,0,2,双平,S,5359.2000,5358.0000,5357.0000,5356.2000,5351.6000,5359.6000,5359.8000,5360.0000,5360.2000,5360.6000,1,9,5,2,2,3,1,2,6,1
SF,IC2003,2020-01-03 10:36:21.400,5359.2000,53789,0,4490549880.000,1,0,1,多换,S,5358.0000,5357.0000,5356.2000,5351.6000,5351.0000,5359.0000,5359.2000,5359.4000,5359.6000,5359.8000,9,5,2,2,2,2,2,1,2,1
SF,IC2003,2020-01-03 10:36:21.900,5359.2000,53789,0,4490549880.000,0,-,-,-,-,5358.0000,5357.0000,5356.2000,5351.6000,5351.0000,5359.0000,5359.2000,5359.6000,5359.8000,5360.0000,9,5,2,2,2,1,1,2,1,1
SF,IC2003,2020-01-03 10:36:22.400,5359.2000,53789,0,4490549880.000,0,-,-,-,-,5358.0000,5357.0000,5356.2000,5351.6000,5351.0000,5359.0000,5359.2000,5359.6000,5359.8000,5360.0000,9,5,2,2,2,1,1,1,1,1
SF,IC2003,2020-01-03 10:36:22.900,5358.0000,53789,0,4491621480.000,1,0,1,多换,S,5358.0000,5357.0000,5356.2000,5351.6000,5351.0000,5359.0000,5359.2000,5359.8000,5360.0000,5360.2000,8,5,2,2,2,1,1,1,1,5
SF,IC2003,2020-01-03 10:36:23.400,5358.0000,53789,0,4491621480.000,0,-,-,-,-,5358.0000,5357.0000,5356.2000,5351.6000,5351.0000,5359.0000,5359.2000,5359.8000,5360.2000,5360.6000,8,5,2,2,2,1,1,1,5,1
SF,IC2003,2020-01-03 10:36:23.900,5359.8000,53791,2,4494837080.000,3,2,1,空开,S,5360.0000,5358.0000,5357.0000,5356.2000,5351.6000,5360.2000,5360.6000,5360.8000,5361.0000,5361.4000,2,8,5,2,2,5,1,1,2,1
SF,IC2003,2020-01-03 10:36:24.400,5360.0000,53791,0,4496981080.000,2,1,1,多换,S,5358.0000,5357.0000,5356.2000,5351.6000,5351.0000,5359.6000,5359.8000,5360.0000,5360.2000,5360.4000,8,5,2,2,2,4,3,6,2,1
SF,IC2003,2020-01-03 10:36:24.900,5359.0000,53793,2,4499124680.000,2,2,0,双开,S,5359.0000,5358.2000,5358.0000,5357.0000,5356.2000,5359.4000,5359.6000,5359.8000,5360.0000,5360.2000,3,1,8,5,2,3,1,2,4,1
SF,IC2003,2020-01-03 10:36:25.400,5359.0000,53793,0,4499124680.000,0,-,-,-,-,5359.0000,5358.2000,5358.0000,5357.0000,5356.2000,5359.4000,5359.8000,5360.0000,5360.2000,5360.8000,3,1,8,5,2,2,2,4,1,1
SF,IC2003,2020-01-03 10:36:25.900,5359.0000,53793,0,4499124680.000,0,-,-,-,-,5359.0000,5358.2000,5358.0000,5357.0000,5356.2000,5359.4000,5359.8000,5360.0000,5360.2000,5360.8000,3,1,8,5,2,1,1,4,1,1
SF,IC2003,2020-01-03 10:36:26.400,5359.4000,53794,1,4500196560.000,1,1,0,双开,S,5359.0000,5358.2000,5358.0000,5356.2000,5351.6000,5359.8000,5360.0000,5360.2000,5360.8000,5361.0000,3,1,8,2,2,1,4,1,1,2
SF,IC2003,2020-01-03 10:36:28.400,5359.4000,53794,0,4500196560.000,0,-,-,-,-,5359.0000,5358.2000,5358.0000,5356.2000,5351.6000,5359.4000,5359.6000,5359.8000,5360.0000,5360.2000,3,1,8,2,2,1,4,1,1,1
SF,IC2003,2020-01-03 10:36:28.900,5359.0000,53795,1,4501268360.000,1,1,0,双开,S,5359.0000,5358.2000,5358.0000,5356.2000,5351.6000,5359.4000,5359.6000,5359.8000,5360.0000,5360.2000,2,1,8,2,2,1,4,1,1,1
SF,IC2003,2020-01-03 10:36:29.400,5359.0000,53795,0,4502340160.000,1,0,1,多换,S,5359.0000,5358.2000,5358.0000,5356.2000,5351.6000,5359.4000,5359.6000,5359.8000,5360.0000,5360.2000,1,1,8,2,2,1,4,1,1,1
SF,IC2003,2020-01-03 10:36:29.900,5359.4000,53795,0,4503412040.000,1,0,1,多换,S,5359.0000,5358.2000,5358.0000,5356.2000,5351.6000,5359.8000,5360.0000,5360.2000,5360.8000,5361.0000,1,1,8,2,2,1,1,1,1,2
SF,IC2003,2020-01-03 10:36:30.400,5359.4000,53795,0,4503412040.000,0,-,-,-,-,5359.0000,5358.2000,5358.0000,5356.2000,5351.6000,5360.0000,5360.2000,5360.8000,5361.0000,5361.4000,1,1,8,2,2,1,1,1,2,1
SF,IC2003,2020-01-03 10:36:30.900,5359.4000,53795,0,4503412040.000,0,-,-,-,-,5359.0000,5358.2000,5358.0000,5356.2000,5351.6000,5359.8000,5360.0000,5360.2000,5360.8000,5361.0000,1,1,8,2,2,1,4,1,1,2
SF,IC2003,2020-01-03 10:36:31.900,5359.4000,53795,0,4503412040.000,0,-,-,-,-,5359.0000,5358.2000,5356.2000,5351.6000,5351.0000,5359.8000,5360.0000,5360.8000,5361.0000,5361.4000,1,1,2,2,2,1,4,1,2,1
SF,IC2003,2020-01-03 10:36:32.400,5359.0000,53795,0,4504483840.000,1,0,1,多换,S,5358.2000,5356.2000,5351.6000,5351.0000,5350.6000,5358.6000,5359.8000,5360.0000,5360.8000,5361.0000,1,2,2,2,3,1,1,4,1,2
SF,IC2003,2020-01-03 10:36:32.900,5358.8000,53794,-1,4506627400.000,2,0,2,多平,S,5358.8000,5358.6000,5358.2000,5356.2000,5351.6000,5359.8000,5360.0000,5360.8000,5361.0000,5361.4000,1,5,1,2,2,1,4,1,2,1
SF,IC2003,2020-01-03 10:36:33.400,5358.8000,53794,0,4506627400.000,0,-,-,-,-,5359.0000,5358.6000,5356.2000,5351.6000,5351.0000,5359.6000,5359.8000,5360.0000,5360.8000,5361.0000,3,5,2,2,2,2,1,4,1,2
SF,IC2003,2020-01-03 10:36:33.900,5359.6000,53793,-1,4508771240.000,2,0,2,多平,S,5359.2000,5359.0000,5358.6000,5356.2000,5351.6000,5359.8000,5360.0000,5360.8000,5361.0000,5361.4000,1,2,5,2,2,2,4,1,2,1
SF,IC2003,2020-01-03 10:36:34.400,5359.8000,53793,0,4509843200.000,1,0,1,多换,S,5359.0000,5358.6000,5356.2000,5351.6000,5351.0000,5359.8000,5360.0000,5360.8000,5361.0000,5361.4000,7,5,2,2,2,1,4,1,2,1
SF,IC2003,2020-01-03 10:36:37.900,5359.8000,53793,0,4509843200.000,0,-,-,-,-,5359.0000,5358.6000,5356.2000,5351.6000,5351.0000,5359.8000,5360.0000,5360.8000,5361.0000,5361.4000,7,5,2,2,2,2,4,1,2,1
SF,IC2003,2020-01-03 10:36:38.400,5359.0000,53793,0,4510915000.000,1,0,1,多换,S,5359.0000,5358.6000,5356.2000,5351.6000,5351.0000,5359.8000,5360.0000,5360.8000,5361.0000,5361.4000,5,2,2,2,2,2,4,1,2,1
SF,IC2003,2020-01-03 10:36:38.900,5359.8000,53794,1,4513058880.000,2,1,1,空开,S,5359.8000,5359.0000,5358.6000,5356.2000,5351.6000,5360.0000,5360.8000,5361.0000,5361.4000,5361.6000,3,5,1,2,2,4,1,2,1,2
SF,IC2003,2020-01-03 10:36:39.400,5359.8000,53794,0,4516274760.000,3,1,2,多换,S,5359.0000,5358.6000,5356.2000,5351.6000,5351.0000,5360.0000,5360.8000,5361.0000,5361.4000,5361.6000,5,1,2,2,2,4,1,2,1,2
SF,IC2003,2020-01-03 10:36:40.400,5359.8000,53794,0,4516274760.000,0,-,-,-,-,5359.0000,5358.6000,5356.2000,5351.6000,5351.0000,5359.8000,5360.0000,5360.8000,5361.0000,5361.4000,5,1,2,2,2,1,4,1,2,1
SF,IC2003,2020-01-03 10:36:41.400,5359.8000,53794,0,4516274760.000,0,-,-,-,-,5359.0000,5358.6000,5356.2000,5351.6000,5351.0000,5359.8000,5360.0000,5360.8000,5361.0000,5361.4000,5,1,2,2,2,1,5,1,2,1
SF,IC2003,2020-01-03 10:36:46.900,5359.8000,53794,0,4516274760.000,0,-,-,-,-,5359.0000,5358.6000,5356.2000,5351.6000,5351.0000,5359.8000,5360.0000,5360.8000,5361.0000,5361.4000,5,1,2,2,2,2,5,1,2,1
SF,IC2003,2020-01-03 10:36:47.400,5359.8000,53796,2,4519490640.000,3,2,1,空开,S,5359.8000,5359.0000,5358.6000,5356.2000,5351.6000,5360.0000,5360.8000,5361.0000,5361.4000,5361.6000,2,5,1,2,2,5,1,2,1,2
SF,IC2003,2020-01-03 10:36:47.900,5359.8000,53796,0,4521634560.000,2,1,1,多换,S,5359.0000,5358.6000,5356.2000,5351.6000,5351.0000,5360.0000,5360.8000,5361.0000,5361.4000,5361.6000,5,1,2,2,2,5,1,2,1,2
SF,IC2003,2020-01-03 10:36:48.400,5360.0000,53799,3,4526994480.000,5,4,1,空开,S,5359.0000,5358.6000,5356.2000,5351.6000,5351.0000,5360.0000,5360.8000,5361.0000,5361.4000,5361.6000,5,1,2,2,2,2,1,2,1,2
SF,IC2003,2020-01-03 10:36:48.900,5360.0000,53799,0,4526994480.000,0,-,-,-,-,5359.2000,5359.0000,5358.6000,5356.2000,5351.6000,5359.8000,5360.0000,5360.8000,5361.0000,5361.4000,1,5,1,2,2,1,2,1,2,1
SF,IC2003,2020-01-03 10:36:49.900,5360.0000,53799,0,4526994480.000,0,-,-,-,-,5359.2000,5359.0000,5358.6000,5356.2000,5351.6000,5359.8000,5360.0000,5360.8000,5361.0000,5361.4000,1,5,1,2,2,1,2,2,2,1
SF,IC2003,2020-01-03 10:36:50.400,5360.0000,53799,0,4526994480.000,0,-,-,-,-,5359.0000,5358.6000,5356.2000,5351.6000,5351.0000,5359.8000,5360.0000,5360.8000,5361.0000,5361.4000,5,1,2,2,2,2,2,2,2,1
SF,IC2003,2020-01-03 10:36:51.900,5359.0000,53800,1,4528066280.000,1,1,0,双开,S,5359.0000,5358.6000,5356.2000,5351.6000,5351.0000,5359.8000,5360.0000,5360.8000,5361.0000,5361.4000,4,1,2,2,2,2,2,2,2,1
SF,IC2003,2020-01-03 10:36:52.400,5359.0000,53800,0,4528066280.000,0,-,-,-,-,5359.0000,5358.6000,5356.2000,5351.6000,5351.0000,5359.6000,5359.8000,5360.0000,5360.8000,5361.0000,4,1,2,2,2,1,2,2,2,2
SF,IC2003,2020-01-03 10:36:52.900,5359.8000,53802,2,4531282120.000,3,2,1,空开,S,5359.8000,5359.0000,5358.6000,5356.2000,5351.6000,5360.0000,5360.8000,5361.0000,5361.4000,5361.6000,2,4,1,2,2,2,2,2,1,2
SF,IC2003,2020-01-03 10:36:53.400,5359.8000,53802,0,4533426040.000,2,1,1,多换,S,5359.0000,5358.6000,5356.2000,5351.6000,5351.0000,5359.6000,5359.8000,5360.0000,5360.8000,5361.0000,5,1,2,2,2,1,1,2,2,2
SF,IC2003,2020-01-03 10:36:53.900,5359.8000,53802,0,4533426040.000,0,-,-,-,-,5359.0000,5358.6000,5356.2000,5351.6000,5351.0000,5359.6000,5360.0000,5360.8000,5361.0000,5361.4000,5,1,2,2,2,1,2,2,2,1
SF,IC2003,2020-01-03 10:36:54.900,5359.0000,53802,0,4534497840.000,1,0,1,多换,S,5359.0000,5358.6000,5356.2000,5351.6000,5351.0000,5359.2000,5359.4000,5359.6000,5360.0000,5360.8000,4,1,2,2,2,2,3,1,2,2
SF,IC2003,2020-01-03 10:36:55.400,5359.0000,53802,0,4538785040.000,4,2,2,多换,S,5358.6000,5356.2000,5351.6000,5351.0000,5350.6000,5359.4000,5359.6000,5360.0000,5360.8000,5361.0000,1,2,2,2,3,3,1,2,2,2
SF,IC2003,2020-01-03 10:36:55.900,5359.0000,53802,0,4538785040.000,0,-,-,-,-,5356.2000,5351.6000,5351.0000,5350.6000,5350.2000,5359.2000,5359.6000,5360.0000,5360.8000,5361.0000,2,2,2,3,2,3,1,3,2,2
SF,IC2003,2020-01-03 10:36:56.400,5359.0000,53802,0,4538785040.000,0,-,-,-,-,5357.2000,5356.8000,5356.6000,5356.4000,5356.2000,5359.0000,5359.2000,5360.0000,5360.8000,5361.0000,2,3,2,1,2,2,1,3,2,2
SF,IC2003,2020-01-03 10:36:56.900,5359.0000,53802,0,4538785040.000,0,-,-,-,-,5357.6000,5357.4000,5357.2000,5356.8000,5356.6000,5358.8000,5359.0000,5360.0000,5360.8000,5361.0000,2,1,2,1,2,1,1,3,2,2
SF,IC2003,2020-01-03 10:36:57.400,5359.0000,53802,0,4538785040.000,0,-,-,-,-,5357.8000,5357.2000,5356.8000,5356.6000,5356.2000,5358.8000,5359.0000,5359.8000,5360.0000,5360.8000,1,2,1,2,2,1,1,1,3,2
SF,IC2003,2020-01-03 10:36:57.900,5359.0000,53802,0,4538785040.000,0,-,-,-,-,5357.8000,5357.2000,5356.8000,5356.6000,5356.2000,5358.8000,5359.0000,5359.8000,5360.0000,5360.8000,1,2,1,2,2,1,1,1,3,2
SF,IC2003,2020-01-03 10:36:58.400,5359.0000,53802,0,4538785040.000,0,-,-,-,-,5357.8000,5357.2000,5356.8000,5356.6000,5356.2000,5358.6000,5358.8000,5359.0000,5359.8000,5360.0000,1,1,1,1,2,3,1,1,1,3
SF,IC2003,2020-01-03 10:36:58.900,5359.0000,53802,0,4538785040.000,0,-,-,-,-,5357.8000,5357.2000,5356.8000,5356.6000,5356.2000,5358.8000,5359.0000,5359.8000,5360.0000,5360.8000,1,1,1,1,2,1,1,1,3,2
SF,IC2003,2020-01-03 10:36:59.400,5359.0000,53802,0,4538785040.000,0,-,-,-,-,5357.8000,5357.2000,5356.8000,5356.6000,5356.2000,5358.6000,5358.8000,5359.0000,5359.8000,5360.0000,1,1,1,1,2,1,1,1,1,3
SF,IC2003,2020-01-03 10:36:59.900,5359.0000,53804,2,4540928640.000,2,2,0,双开,S,5359.4000,5357.8000,5357.2000,5356.8000,5356.6000,5359.8000,5360.0000,5360.8000,5361.0000,5361.4000,3,1,1,1,1,1,3,2,2,1
SF,IC2003,2020-01-03 10:37:00.400,5359.4000,53805,1,4544144280.000,3,2,1,空开,S,5357.8000,5356.2000,5352.2000,5351.6000,5351.0000,5359.2000,5359.4000,5359.6000,5359.8000,5360.0000,1,2,1,2,2,2,6,3,2,3
SF,IC2003,2020-01-03 10:37:00.900,5359.4000,53805,0,4544144280.000,0,-,-,-,-,5357.8000,5356.2000,5352.2000,5351.6000,5351.0000,5359.0000,5359.2000,5359.4000,5359.6000,5359.8000,1,2,1,2,2,1,1,3,1,1
SF,IC2003,2020-01-03 10:37:01.400,5359.4000,53805,0,4544144280.000,0,-,-,-,-,5357.8000,5356.2000,5352.2000,5351.6000,5351.0000,5358.8000,5359.0000,5359.4000,5359.6000,5359.8000,1,2,1,2,2,2,2,4,1,1
SF,IC2003,2020-01-03 10:37:01.900,5358.8000,53804,-1,4545216040.000,1,0,1,双平,S,5357.8000,5356.2000,5352.2000,5351.6000,5351.0000,5359.0000,5359.4000,5359.6000,5359.8000,5360.0000,2,2,1,2,2,1,4,2,1,3
SF,IC2003,2020-01-03 10:37:02.400,5358.8000,53804,0,4545216040.000,0,-,-,-,-,5358.0000,5357.8000,5356.2000,5352.2000,5351.6000,5358.8000,5359.0000,5359.4000,5359.6000,5359.8000,1,1,2,1,2,1,1,2,1,1
SF,IC2003,2020-01-03 10:37:02.900,5358.8000,53804,0,4545216040.000,0,-,-,-,-,5358.2000,5358.0000,5356.2000,5352.2000,5351.6000,5358.8000,5359.4000,5359.8000,5360.0000,5360.6000,1,1,2,1,2,1,2,1,3,1
SF,IC2003,2020-01-03 10:37:03.400,5358.8000,53804,0,4545216040.000,0,-,-,-,-,5358.2000,5358.0000,5356.2000,5352.2000,5351.6000,5359.2000,5359.4000,5359.8000,5360.0000,5360.6000,1,1,2,1,2,1,2,1,3,1
SF,IC2003,2020-01-03 10:37:03.900,5358.8000,53804,0,4545216040.000,0,-,-,-,-,5358.2000,5358.0000,5356.2000,5352.2000,5351.6000,5359.2000,5359.4000,5359.8000,5360.0000,5360.6000,1,1,2,1,2,1,1,1,3,1
SF,IC2003,2020-01-03 10:37:04.900,5358.2000,53803,-1,4546287680.000,1,0,1,双平,S,5358.0000,5356.2000,5352.2000,5351.6000,5351.0000,5359.2000,5359.4000,5359.8000,5360.0000,5360.6000,1,2,1,2,2,1,1,1,3,1
SF,IC2003,2020-01-03 10:37:05.400,5358.2000,53803,0,4546287680.000,0,-,-,-,-,5356.2000,5352.2000,5351.6000,5351.0000,5350.6000,5359.2000,5359.4000,5359.8000,5360.0000,5360.6000,2,1,2,2,3,1,1,1,3,1
SF,IC2003,2020-01-03 10:37:05.900,5358.2000,53803,0,4546287680.000,0,-,-,-,-,5357.8000,5357.4000,5356.8000,5356.6000,5356.4000,5358.2000,5359.0000,5359.2000,5359.4000,5359.8000,1,2,2,1,4,1,2,1,1,1
SF,IC2003,2020-01-03 10:37:06.400,5358.2000,53803,0,4547359320.000,1,0,1,多换,S,5359.0000,5357.8000,5357.4000,5356.6000,5356.4000,5359.8000,5360.0000,5360.6000,5360.8000,5361.0000,5,1,2,1,3,1,3,1,2,2
SF,IC2003,2020-01-03 10:37:06.900,5359.0000,53803,0,4548431120.000,1,0,1,多换,S,5359.0000,5357.8000,5356.6000,5356.4000,5356.2000,5359.6000,5359.8000,5360.0000,5360.6000,5360.8000,4,1,1,3,2,1,1,3,1,2
SF,IC2003,2020-01-03 10:37:08.900,5359.0000,53803,0,4549502920.000,1,0,1,多换,S,5359.0000,5357.8000,5356.6000,5356.4000,5356.2000,5359.6000,5359.8000,5360.0000,5360.6000,5360.8000,3,1,1,2,2,1,1,3,1,2
SF,IC2003,2020-01-03 10:37:09.400,5359.6000,53804,1,4550574840.000,1,1,0,双开,S,5359.2000,5359.0000,5356.6000,5356.4000,5356.2000,5359.8000,5360.0000,5360.6000,5360.8000,5361.0000,1,3,1,2,2,1,3,1,2,2
SF,IC2003,2020-01-03 10:37:09.900,5360.0000,53806,2,4553790800.000,3,2,1,空开,S,5359.8000,5359.4000,5359.0000,5356.6000,5356.4000,5360.0000,5360.6000,5360.8000,5361.0000,5361.4000,1,2,3,1,1,1,1,2,2,1
SF,IC2003,2020-01-03 10:37:10.400,5360.0000,53805,-1,4554862800.000,1,0,1,双平,S,5360.2000,5359.4000,5359.0000,5356.6000,5356.4000,5360.6000,5360.8000,5361.0000,5361.4000,5361.6000,1,2,3,1,1,1,2,2,1,1
SF,IC2003,2020-01-03 10:37:10.900,5360.2000,53805,0,4555934840.000,1,0,1,多换,S,5359.4000,5359.0000,5356.6000,5356.4000,5356.2000,5360.0000,5360.6000,5360.8000,5361.0000,5361.4000,1,3,1,1,2,1,1,2,2,1
SF,IC2003,2020-01-03 10:37:11.400,5360.2000,53805,0,4555934840.000,0,-,-,-,-,5359.0000,5356.6000,5356.4000,5356.2000,5352.2000,5360.0000,5360.6000,5360.8000,5361.0000,5361.4000,3,1,1,2,1,1,1,2,2,1
SF,IC2003,2020-01-03 10:37:11.900,5360.2000,53805,0,4555934840.000,0,-,-,-,-,5359.0000,5356.6000,5356.4000,5356.2000,5352.2000,5360.6000,5360.8000,5361.0000,5361.4000,5361.6000,3,1,1,2,1,1,2,2,1,1
SF,IC2003,2020-01-03 10:37:12.400,5360.2000,53805,0,4555934840.000,0,-,-,-,-,5359.2000,5359.0000,5356.6000,5356.4000,5356.2000,5360.4000,5360.6000,5360.8000,5361.0000,5361.4000,2,3,1,1,2,1,1,2,2,1
SF,IC2003,2020-01-03 10:37:12.900,5360.2000,53805,0,4555934840.000,0,-,-,-,-,5359.4000,5359.2000,5359.0000,5356.6000,5356.4000,5360.4000,5360.6000,5360.8000,5361.0000,5361.4000,1,2,3,1,1,1,1,2,2,1
SF,IC2003,2020-01-03 10:37:13.400,5360.2000,53805,0,4555934840.000,0,-,-,-,-,5359.4000,5359.2000,5359.0000,5356.6000,5356.4000,5360.4000,5360.6000,5360.8000,5361.0000,5361.4000,1,1,3,1,1,1,1,2,2,1
SF,IC2003,2020-01-03 10:37:13.900,5360.2000,53805,0,4555934840.000,0,-,-,-,-,5359.2000,5359.0000,5356.6000,5356.4000,5356.2000,5360.4000,5360.6000,5360.8000,5361.0000,5361.4000,1,3,1,1,2,1,1,2,2,1
SF,IC2003,2020-01-03 10:37:14.900,5360.2000,53805,0,4555934840.000,0,-,-,-,-,5359.2000,5359.0000,5356.6000,5356.4000,5356.2000,5360.4000,5360.6000,5360.8000,5361.0000,5361.4000,1,3,1,1,2,1,1,2,2,1
SF,IC2003,2020-01-03 10:37:15.400,5360.2000,53805,0,4555934840.000,0,-,-,-,-,5359.0000,5356.6000,5356.4000,5356.2000,5352.2000,5360.4000,5360.6000,5360.8000,5361.0000,5361.4000,3,1,1,2,1,1,1,2,2,1
SF,IC2003,2020-01-03 10:37:15.900,5360.2000,53805,0,4555934840.000,0,-,-,-,-,5359.0000,5356.6000,5356.4000,5356.2000,5352.2000,5360.2000,5360.4000,5360.6000,5360.8000,5361.0000,3,1,1,2,1,1,1,1,2,2
SF,IC2003,2020-01-03 10:37:16.400,5360.2000,53805,0,4555934840.000,0,-,-,-,-,5359.0000,5356.6000,5356.4000,5356.2000,5352.2000,5360.0000,5360.2000,5360.6000,5360.8000,5361.0000,3,1,1,2,1,1,1,1,2,2
SF,IC2003,2020-01-03 10:37:17.400,5359.0000,53806,1,4557006640.000,1,1,0,双开,S,5359.0000,5356.6000,5356.4000,5356.2000,5352.2000,5359.8000,5360.0000,5360.6000,5360.8000,5361.0000,2,1,1,2,1,3,1,1,2,2
SF,IC2003,2020-01-03 10:37:17.900,5359.0000,53806,0,4559150240.000,2,1,1,多换,S,5356.6000,5356.4000,5356.2000,5352.2000,5351.6000,5358.8000,5359.0000,5359.4000,5359.6000,5359.8000,1,1,2,1,2,1,1,1,1,2
SF,IC2003,2020-01-03 10:37:18.400,5359.0000,53806,0,4559150240.000,0,-,-,-,-,5357.4000,5357.2000,5357.0000,5356.8000,5356.6000,5358.8000,5359.0000,5359.4000,5359.6000,5359.8000,1,2,2,1,1,1,1,1,1,2
SF,IC2003,2020-01-03 10:37:18.900,5359.0000,53806,0,4559150240.000,0,-,-,-,-,5357.4000,5357.2000,5356.8000,5356.6000,5356.4000,5359.0000,5359.4000,5359.6000,5359.8000,5360.6000,1,2,1,1,1,1,1,1,2,1
SF,IC2003,2020-01-03 10:37:19.400,5359.0000,53806,0,4559150240.000,0,-,-,-,-,5357.6000,5357.4000,5357.2000,5356.6000,5356.2000,5358.8000,5359.0000,5359.4000,5359.8000,5360.6000,1,1,2,1,2,1,1,1,2,1
SF,IC2003,2020-01-03 10:37:19.900,5359.0000,53806,0,4559150240.000,0,-,-,-,-,5357.6000,5357.2000,5356.6000,5356.2000,5352.2000,5358.8000,5359.0000,5359.4000,5359.8000,5360.6000,2,2,1,2,1,2,1,1,1,1
SF,IC2003,2020-01-03 10:37:20.400,5359.0000,53806,0,4559150240.000,0,-,-,-,-,5357.6000,5357.2000,5356.6000,5356.2000,5352.2000,5358.6000,5359.0000,5359.4000,5359.8000,5360.6000,2,2,1,2,1,1,1,1,1,1
SF,IC2003,2020-01-03 10:37:20.900,5359.0000,53806,0,4559150240.000,0,-,-,-,-,5357.6000,5357.2000,5356.6000,5356.2000,5352.2000,5358.6000,5359.0000,5359.4000,5359.8000,5360.6000,2,2,1,2,1,1,1,1,1,1
SF,IC2003,2020-01-03 10:37:23.400,5359.0000,53806,0,4559150240.000,0,-,-,-,-,5357.6000,5357.2000,5356.6000,5356.2000,5352.2000,5358.6000,5359.4000,5359.8000,5360.6000,5360.8000,1,2,1,2,1,1,1,1,1,3
SF,IC2003,2020-01-03 10:37:23.900,5359.0000,53806,0,4559150240.000,0,-,-,-,-,5357.6000,5357.2000,5356.6000,5356.2000,5352.2000,5358.6000,5359.8000,5360.6000,5360.8000,5361.0000,1,2,1,2,1,1,1,1,3,2
SF,IC2003,2020-01-03 10:37:24.400,5359.0000,53806,0,4559150240.000,0,-,-,-,-,5357.6000,5357.2000,5356.6000,5356.2000,5352.2000,5358.6000,5359.8000,5360.6000,5360.8000,5361.0000,1,1,1,2,1,1,1,1,3,2
SF,IC2003,2020-01-03 10:37:24.900,5359.0000,53806,0,4559150240.000,0,-,-,-,-,5357.2000,5356.6000,5356.2000,5352.2000,5351.6000,5358.4000,5358.6000,5359.8000,5360.6000,5360.8000,1,1,2,1,2,1,1,1,1,3
SF,IC2003,2020-01-03 10:37:25.400,5359.0000,53806,0,4559150240.000,0,-,-,-,-,5356.6000,5356.2000,5352.2000,5351.6000,5351.0000,5358.4000,5358.6000,5359.8000,5360.6000,5360.8000,1,2,1,2,2,1,1,1,1,3
SF,IC2003,2020-01-03 10:37:25.900,5359.0000,53806,0,4559150240.000,0,-,-,-,-,5356.8000,5356.2000,5352.2000,5351.6000,5351.0000,5358.2000,5358.4000,5359.8000,5360.6000,5360.8000,1,2,1,2,2,1,1,1,1,3
SF,IC2003,2020-01-03 10:37:26.400,5359.0000,53806,0,4559150240.000,0,-,-,-,-,5357.0000,5356.8000,5356.2000,5352.2000,5351.6000,5358.2000,5359.8000,5360.6000,5360.8000,5361.0000,1,2,2,1,2,1,1,1,3,2
SF,IC2003,2020-01-03 10:37:26.900,5359.0000,53806,0,4559150240.000,0,-,-,-,-,5357.2000,5357.0000,5356.2000,5352.2000,5351.6000,5358.2000,5359.8000,5360.6000,5360.8000,5361.0000,2,2,2,1,2,1,1,1,3,2
SF,IC2003,2020-01-03 10:37:28.400,5359.0000,53806,0,4559150240.000,0,-,-,-,-,5357.2000,5357.0000,5356.2000,5352.2000,5351.6000,5358.2000,5359.8000,5360.6000,5360.8000,5361.0000,1,2,2,1,2,1,1,1,3,2
SF,IC2003,2020-01-03 10:37:29.400,5359.0000,53806,0,4559150240.000,0,-,-,-,-,5357.2000,5357.0000,5356.2000,5352.2000,5351.6000,5358.2000,5359.8000,5360.0000,5360.6000,5360.8000,1,2,2,1,2,1,1,2,1,3
SF,IC2003,2020-01-03 10:37:30.400,5359.0000,53806,0,4559150240.000,0,-,-,-,-,5357.2000,5357.0000,5356.2000,5352.2000,5351.6000,5358.2000,5359.8000,5360.0000,5360.6000,5360.8000,1,1,2,1,2,1,1,2,1,3
SF,IC2003,2020-01-03 10:37:30.900,5359.0000,53806,0,4559150240.000,0,-,-,-,-,5357.0000,5356.2000,5352.2000,5351.6000,5351.0000,5358.2000,5359.8000,5360.0000,5360.6000,5360.8000,1,2,1,2,2,1,1,2,1,3
SF,IC2003,2020-01-03 10:37:31.400,5359.0000,53806,0,4559150240.000,0,-,-,-,-,5357.0000,5356.2000,5352.2000,5351.6000,5351.0000,5358.0000,5358.2000,5359.8000,5360.0000,5360.6000,1,2,1,2,2,1,1,1,2,1
SF,IC2003,2020-01-03 10:37:33.900,5359.0000,53806,0,4559150240.000,0,-,-,-,-,5356.2000,5352.2000,5351.6000,5351.0000,5350.6000,5358.0000,5358.2000,5359.8000,5360.0000,5360.6000,2,1,2,2,3,1,1,1,2,1
SF,IC2003,2020-01-03 10:37:34.400,5359.0000,53806,0,4559150240.000,0,-,-,-,-,5356.4000,5356.2000,5352.2000,5351.6000,5351.0000,5358.0000,5358.2000,5359.8000,5360.0000,5360.6000,2,2,1,2,2,1,1,1,2,1
SF,IC2003,2020-01-03 10:37:34.900,5359.0000,53806,0,4559150240.000,0,-,-,-,-,5356.6000,5356.4000,5356.2000,5352.2000,5351.6000,5358.0000,5358.2000,5359.8000,5360.0000,5360.6000,1,2,2,1,2,1,1,1,2,1
SF,IC2003,2020-01-03 10:37:36.400,5359.0000,53806,0,4559150240.000,0,-,-,-,-,5356.6000,5356.4000,5356.2000,5352.2000,5351.6000,5358.0000,5358.2000,5359.8000,5360.0000,5360.6000,2,2,2,1,2,1,1,1,2,1
SF,IC2003,2020-01-03 10:37:36.900,5359.0000,53806,0,4559150240.000,0,-,-,-,-,5357.0000,5356.6000,5356.4000,5356.2000,5352.2000,5358.0000,5358.2000,5359.8000,5360.0000,5360.6000,1,2,2,2,1,1,1,1,2,1
SF,IC2003,2020-01-03 10:37:38.400,5358.0000,53806,0,4560221840.000,1,0,1,多换,S,5357.0000,5356.6000,5356.4000,5356.2000,5352.2000,5358.2000,5359.8000,5360.0000,5360.6000,5360.8000,1,2,2,2,1,1,1,2,1,3
SF,IC2003,2020-01-03 10:37:38.900,5358.0000,53806,0,4560221840.000,0,-,-,-,-,5357.2000,5357.0000,5356.6000,5356.4000,5356.2000,5358.2000,5359.8000,5360.0000,5360.6000,5360.8000,1,1,2,1,2,1,1,2,1,3
SF,IC2003,2020-01-03 10:37:39.900,5358.0000,53806,0,4560221840.000,0,-,-,-,-,5357.2000,5357.0000,5356.4000,5356.2000,5352.2000,5358.2000,5359.8000,5360.0000,5360.6000,5360.8000,1,1,1,2,1,1,1,2,1,3
SF,IC2003,2020-01-03 10:37:40.400,5358.0000,53806,0,4560221840.000,0,-,-,-,-,5357.2000,5357.0000,5356.4000,5356.2000,5352.2000,5358.2000,5359.8000,5360.0000,5360.6000,5360.8000,1,1,1,2,1,2,1,2,1,3
SF,IC2003,2020-01-03 10:37:43.400,5358.0000,53806,0,4560221840.000,0,-,-,-,-,5358.0000,5357.2000,5357.0000,5356.4000,5356.2000,5358.2000,5359.8000,5360.0000,5360.6000,5360.8000,3,1,1,1,2,2,1,2,1,3
SF,IC2003,2020-01-03 10:37:44.900,5358.0000,53807,1,4561293440.000,1,1,0,双开,S,5358.0000,5357.2000,5357.0000,5356.4000,5356.2000,5358.2000,5359.8000,5360.0000,5360.6000,5360.8000,2,1,1,1,2,1,1,2,1,3
SF,IC2003,2020-01-03 10:37:45.400,5358.2000,53807,0,4562365080.000,1,0,1,多换,S,5358.0000,5357.2000,5357.0000,5356.4000,5356.2000,5359.8000,5360.0000,5360.6000,5360.8000,5361.0000,2,1,1,1,2,1,2,1,3,2
SF,IC2003,2020-01-03 10:37:45.900,5358.2000,53807,0,4562365080.000,0,-,-,-,-,5358.0000,5357.2000,5357.0000,5356.4000,5356.2000,5359.2000,5359.4000,5359.6000,5359.8000,5360.0000,2,1,1,1,2,1,2,3,1,2
SF,IC2003,2020-01-03 10:37:46.400,5358.0000,53808,1,4563436680.000,1,1,0,双开,S,5358.0000,5357.2000,5357.0000,5356.4000,5356.2000,5359.0000,5359.2000,5359.4000,5359.6000,5359.8000,1,1,1,1,2,1,1,2,2,1
SF,IC2003,2020-01-03 10:37:46.900,5358.0000,53808,0,4564508280.000,1,0,1,多换,S,5357.2000,5357.0000,5356.4000,5356.2000,5352.2000,5359.0000,5359.2000,5359.4000,5359.6000,5359.8000,1,1,1,2,1,1,1,2,2,1
SF,IC2003,2020-01-03 10:37:47.400,5358.0000,53808,0,4564508280.000,0,-,-,-,-,5357.2000,5357.0000,5356.4000,5356.2000,5352.2000,5359.0000,5359.2000,5359.4000,5359.6000,5359.8000,1,1,1,2,1,1,1,2,1,1
SF,IC2003,2020-01-03 10:37:48.400,5358.0000,53808,0,4564508280.000,0,-,-,-,-,5357.2000,5357.0000,5356.2000,5352.2000,5351.6000,5358.6000,5358.8000,5359.0000,5359.4000,5360.0000,1,1,2,1,2,2,3,1,2,2
SF,IC2003,2020-01-03 10:37:48.900,5358.0000,53808,0,4564508280.000,0,-,-,-,-,5357.0000,5356.2000,5352.2000,5351.6000,5351.0000,5358.4000,5358.6000,5358.8000,5359.4000,5360.0000,1,2,1,2,2,3,2,2,2,2
SF,IC2003,2020-01-03 10:37:49.400,5358.0000,53808,0,4564508280.000,0,-,-,-,-,5357.0000,5356.2000,5352.2000,5351.6000,5351.0000,5358.0000,5358.2000,5358.4000,5358.6000,5358.8000,1,2,1,2,2,1,3,1,2,1
SF,IC2003,2020-01-03 10:37:49.900,5358.0000,53808,0,4564508280.000,0,-,-,-,-,5357.0000,5356.2000,5352.2000,5351.6000,5351.0000,5358.0000,5358.2000,5358.4000,5358.6000,5358.8000,1,2,1,2,2,1,3,1,1,1
SF,IC2003,2020-01-03 10:37:51.400,5357.0000,53808,0,4565579680.000,1,0,1,多换,S,5356.2000,5352.2000,5351.6000,5351.0000,5350.6000,5358.0000,5358.2000,5358.4000,5358.6000,5358.8000,2,1,2,2,3,1,3,1,1,2
SF,IC2003,2020-01-03 10:37:51.900,5357.0000,53808,0,4565579680.000,0,-,-,-,-,5356.4000,5356.2000,5352.2000,5351.6000,5351.0000,5357.8000,5358.0000,5358.2000,5358.6000,5358.8000,1,2,1,2,2,3,1,1,1,2
SF,IC2003,2020-01-03 10:37:52.400,5357.0000,53808,0,4565579680.000,0,-,-,-,-,5356.4000,5356.2000,5352.2000,5351.6000,5351.0000,5357.8000,5358.0000,5358.2000,5358.6000,5358.8000,2,2,1,2,2,3,1,1,1,2
SF,IC2003,2020-01-03 10:37:54.900,5357.0000,53808,0,4565579680.000,0,-,-,-,-,5356.6000,5356.4000,5356.2000,5352.2000,5351.6000,5357.8000,5358.0000,5358.2000,5358.6000,5358.8000,1,2,2,1,2,3,1,1,1,2
SF,IC2003,2020-01-03 10:37:55.400,5357.0000,53808,0,4565579680.000,0,-,-,-,-,5356.8000,5356.6000,5356.4000,5356.2000,5352.2000,5358.0000,5358.6000,5358.8000,5359.4000,5360.0000,2,1,1,2,1,1,1,2,2,2
SF,IC2003,2020-01-03 10:37:55.900,5357.0000,53808,0,4565579680.000,0,-,-,-,-,5357.0000,5356.8000,5356.6000,5356.4000,5356.2000,5358.6000,5358.8000,5359.4000,5360.0000,5360.6000,1,2,1,1,2,1,2,2,2,1
SF,IC2003,2020-01-03 10:37:56.400,5357.0000,53808,0,4565579680.000,0,-,-,-,-,5357.2000,5357.0000,5356.8000,5356.4000,5356.2000,5358.8000,5360.0000,5360.6000,5360.8000,5361.0000,1,2,1,1,2,2,2,1,3,2
SF,IC2003,2020-01-03 10:37:56.900,5357.0000,53808,0,4565579680.000,0,-,-,-,-,5357.2000,5357.0000,5356.8000,5356.4000,5356.2000,5358.8000,5360.0000,5360.6000,5360.8000,5361.0000,2,2,1,1,2,2,2,1,3,2
SF,IC2003,2020-01-03 10:37:57.400,5357.0000,53808,0,4565579680.000,0,-,-,-,-,5357.2000,5357.0000,5356.8000,5356.4000,5356.2000,5358.6000,5358.8000,5360.0000,5360.6000,5360.8000,2,2,1,1,2,1,2,2,1,3
SF,IC2003,2020-01-03 10:37:57.900,5357.0000,53808,0,4565579680.000,0,-,-,-,-,5357.2000,5357.0000,5356.8000,5356.4000,5356.2000,5358.8000,5360.0000,5360.6000,5360.8000,5361.0000,2,2,1,1,2,2,2,1,3,2
SF,IC2003,2020-01-03 10:37:58.400,5357.0000,53808,0,4565579680.000,0,-,-,-,-,5357.2000,5357.0000,5356.8000,5356.4000,5356.2000,5358.6000,5358.8000,5360.0000,5360.6000,5360.8000,1,2,1,1,2,1,2,2,1,3
SF,IC2003,2020-01-03 10:37:59.400,5357.0000,53808,0,4565579680.000,0,-,-,-,-,5357.2000,5357.0000,5356.8000,5356.4000,5356.2000,5358.6000,5358.8000,5360.0000,5360.6000,5360.8000,1,1,1,1,2,1,2,2,1,3
SF,IC2003,2020-01-03 10:38:00.900,5357.0000,53808,0,4565579680.000,0,-,-,-,-,5357.2000,5357.0000,5356.8000,5356.4000,5356.2000,5358.4000,5358.6000,5358.8000,5360.0000,5360.6000,1,1,1,1,2,3,1,2,2,1
SF,IC2003,2020-01-03 10:38:01.900,5357.0000,53808,0,4565579680.000,0,-,-,-,-,5357.2000,5356.8000,5356.4000,5356.2000,5352.2000,5358.4000,5358.6000,5358.8000,5360.0000,5360.6000,1,1,1,2,1,3,1,2,2,1
SF,IC2003,2020-01-03 10:38:02.400,5357.0000,53808,0,4565579680.000,0,-,-,-,-,5356.8000,5356.4000,5356.2000,5352.2000,5351.6000,5357.2000,5358.2000,5358.4000,5358.8000,5360.0000,1,1,2,1,2,1,2,2,2,2
SF,IC2003,2020-01-03 10:38:02.900,5357.0000,53808,0,4565579680.000,0,-,-,-,-,5356.8000,5356.4000,5356.2000,5352.2000,5351.6000,5357.2000,5358.2000,5358.4000,5358.8000,5360.0000,1,1,2,1,2,1,1,2,2,2
SF,IC2003,2020-01-03 10:38:03.400,5356.8000,53807,-1,4566651040.000,1,0,1,双平,S,5356.4000,5356.2000,5352.2000,5351.6000,5351.0000,5357.2000,5358.2000,5358.4000,5358.8000,5360.0000,1,2,1,2,2,1,1,2,2,2
SF,IC2003,2020-01-03 10:38:03.900,5356.4000,53806,-1,4567722320.000,1,0,1,双平,S,5356.2000,5352.2000,5351.6000,5351.0000,5350.6000,5357.2000,5358.2000,5358.4000,5358.8000,5360.0000,2,1,2,2,3,1,1,2,2,2
SF,IC2003,2020-01-03 10:38:04.400,5356.2000,53807,1,4569864800.000,2,1,1,空开,S,5352.2000,5351.6000,5351.0000,5350.6000,5350.2000,5357.2000,5358.2000,5358.4000,5358.8000,5360.0000,1,2,2,3,2,1,1,2,2,2
SF,IC2003,2020-01-03 10:38:04.900,5356.2000,53807,0,4569864800.000,0,-,-,-,-,5355.6000,5355.0000,5354.6000,5354.4000,5353.8000,5356.8000,5357.0000,5357.2000,5358.2000,5358.4000,1,3,1,1,2,1,3,1,1,2
SF,IC2003,2020-01-03 10:38:05.400,5355.6000,53807,0,4570935920.000,1,0,1,多换,S,5355.2000,5355.0000,5353.8000,5352.8000,5352.6000,5356.6000,5356.8000,5357.2000,5358.2000,5358.4000,1,1,1,1,4,2,1,1,1,2
SF,IC2003,2020-01-03 10:38:05.900,5355.6000,53807,0,4570935920.000,0,-,-,-,-,5355.4000,5355.2000,5355.0000,5353.8000,5352.8000,5355.6000,5356.4000,5356.8000,5358.2000,5358.4000,1,1,1,1,1,1,1,1,1,2
SF,IC2003,2020-01-03 10:38:06.400,5356.4000,53806,-1,4573078320.000,2,0,2,多平,S,5355.6000,5355.2000,5355.0000,5353.8000,5352.8000,5356.8000,5358.2000,5358.4000,5358.8000,5360.0000,2,1,1,1,1,1,1,2,2,2
SF,IC2003,2020-01-03 10:38:06.900,5356.4000,53806,0,4573078320.000,0,-,-,-,-,5355.8000,5355.6000,5355.0000,5353.8000,5352.8000,5356.8000,5358.2000,5358.4000,5358.8000,5360.0000,1,1,1,1,1,1,1,2,2,2
SF,IC2003,2020-01-03 10:38:07.400,5356.4000,53806,0,4573078320.000,0,-,-,-,-,5355.8000,5355.6000,5355.0000,5353.8000,5352.8000,5356.6000,5356.8000,5358.2000,5358.4000,5358.8000,1,1,1,1,1,1,1,1,2,2
SF,IC2003,2020-01-03 10:38:07.900,5356.4000,53806,0,4573078320.000,0,-,-,-,-,5356.0000,5355.8000,5355.6000,5355.0000,5352.8000,5356.8000,5358.2000,5358.4000,5358.8000,5359.4000,1,1,1,1,1,1,1,2,2,1
SF,IC2003,2020-01-03 10:38:08.400,5356.4000,53806,0,4573078320.000,0,-,-,-,-,5356.0000,5355.8000,5355.6000,5352.8000,5352.6000,5358.2000,5358.4000,5358.8000,5359.4000,5360.0000,2,1,1,1,4,1,2,2,1,2
SF,IC2003,2020-01-03 10:38:08.900,5356.4000,53806,0,4573078320.000,0,-,-,-,-,5356.0000,5355.8000,5355.6000,5352.8000,5352.6000,5357.8000,5358.0000,5358.2000,5358.8000,5359.4000,2,1,1,1,4,2,2,1,2,1
SF,IC2003,2020-01-03 10:38:09.400,5356.4000,53806,0,4573078320.000,0,-,-,-,-,5356.0000,5355.8000,5355.6000,5352.8000,5352.6000,5357.6000,5357.8000,5358.8000,5359.4000,5360.0000,2,1,1,1,4,3,2,2,1,2
SF,IC2003,2020-01-03 10:38:09.900,5356.4000,53806,0,4573078320.000,0,-,-,-,-,5356.0000,5355.8000,5355.6000,5352.8000,5352.6000,5357.6000,5357.8000,5358.8000,5359.4000,5360.0000,2,1,1,1,4,3,2,2,1,2
SF,IC2003,2020-01-03 10:38:10.400,5356.0000,53805,-1,4574149520.000,1,0,1,双平,S,5356.0000,5355.8000,5355.6000,5352.8000,5352.6000,5357.2000,5357.6000,5357.8000,5358.8000,5359.4000,1,1,1,1,4,2,3,1,2,1
SF,IC2003,2020-01-03 10:38:10.900,5356.0000,53806,1,4575220720.000,1,1,0,双开,S,5355.6000,5352.8000,5352.6000,5352.4000,5352.2000,5357.0000,5357.2000,5357.4000,5357.8000,5358.8000,1,1,4,4,2,3,2,1,1,2
SF,IC2003,2020-01-03 10:38:11.400,5356.0000,53806,0,4575220720.000,0,-,-,-,-,5355.8000,5355.6000,5352.8000,5352.6000,5352.4000,5356.8000,5357.0000,5357.2000,5357.4000,5357.8000,2,1,1,4,4,1,1,2,1,1
SF,IC2003,2020-01-03 10:38:11.900,5356.0000,53806,0,4575220720.000,0,-,-,-,-,5355.8000,5355.6000,5352.8000,5352.6000,5352.4000,5357.2000,5357.4000,5357.8000,5358.8000,5359.4000,2,1,1,4,4,2,1,1,2,1
SF,IC2003,2020-01-03 10:38:12.400,5356.0000,53806,0,4575220720.000,0,-,-,-,-,5356.0000,5355.8000,5352.8000,5352.6000,5352.4000,5357.2000,5357.4000,5357.8000,5358.8000,5359.4000,1,2,1,4,4,1,1,1,2,1
SF,IC2003,2020-01-03 10:38:12.900,5356.0000,53806,0,4575220720.000,0,-,-,-,-,5356.0000,5355.8000,5352.8000,5352.6000,5352.4000,5357.0000,5358.8000,5359.4000,5360.0000,5360.6000,1,2,1,4,4,1,2,1,2,1
SF,IC2003,2020-01-03 10:38:13.400,5356.0000,53806,0,4575220720.000,0,-,-,-,-,5356.2000,5356.0000,5352.8000,5352.6000,5352.4000,5357.0000,5358.8000,5359.4000,5360.0000,5360.6000,2,1,1,4,4,1,2,1,2,1
SF,IC2003,2020-01-03 10:38:13.900,5357.0000,53806,0,4576292120.000,1,0,1,多换,S,5356.2000,5356.0000,5352.8000,5352.6000,5352.4000,5358.8000,5359.4000,5360.0000,5360.6000,5360.8000,2,1,1,4,4,2,1,2,1,3
SF,IC2003,2020-01-03 10:38:14.400,5357.0000,53806,0,4576292120.000,0,-,-,-,-,5356.6000,5356.2000,5356.0000,5352.8000,5352.6000,5358.4000,5358.6000,5358.8000,5359.4000,5360.0000,3,2,1,1,4,1,2,2,1,2
SF,IC2003,2020-01-03 10:38:14.900,5357.0000,53806,0,4576292120.000,0,-,-,-,-,5356.8000,5356.6000,5356.2000,5356.0000,5352.8000,5358.2000,5358.4000,5358.8000,5359.4000,5360.0000,1,1,1,1,1,1,1,2,1,2
SF,IC2003,2020-01-03 10:38:15.900,5357.0000,53806,0,4576292120.000,0,-,-,-,-,5356.8000,5356.6000,5356.2000,5352.8000,5352.6000,5358.2000,5358.4000,5358.8000,5359.4000,5360.0000,1,1,1,1,4,1,1,2,1,2
SF,IC2003,2020-01-03 10:38:16.400,5357.0000,53806,0,4576292120.000,0,-,-,-,-,5356.8000,5356.6000,5356.2000,5352.8000,5352.6000,5358.2000,5358.4000,5358.8000,5359.4000,5360.0000,1,1,1,1,4,2,1,2,1,2
SF,IC2003,2020-01-03 10:38:16.900,5357.0000,53806,0,4576292120.000,0,-,-,-,-,5357.0000,5356.6000,5356.2000,5352.8000,5352.6000,5358.2000,5358.4000,5358.8000,5359.4000,5360.0000,1,1,1,1,4,2,1,2,1,2
SF,IC2003,2020-01-03 10:38:17.400,5357.0000,53806,0,4577363520.000,1,0,1,多换,S,5356.6000,5356.2000,5352.8000,5352.6000,5352.4000,5357.8000,5358.0000,5358.2000,5358.4000,5358.8000,1,1,1,4,4,1,2,2,1,2
SF,IC2003,2020-01-03 10:38:17.900,5356.8000,53806,0,4578434880.000,1,0,1,多换,S,5356.6000,5356.2000,5352.8000,5352.6000,5352.4000,5358.2000,5358.4000,5358.8000,5359.4000,5360.0000,1,1,1,4,4,1,1,2,1,2
SF,IC2003,2020-01-03 10:38:18.400,5356.8000,53806,0,4578434880.000,0,-,-,-,-,5356.6000,5356.2000,5352.8000,5352.6000,5352.4000,5358.0000,5358.4000,5358.8000,5359.4000,5360.0000,1,1,1,4,4,1,1,2,1,2
SF,IC2003,2020-01-03 10:38:18.900,5356.8000,53806,0,4578434880.000,0,-,-,-,-,5356.6000,5352.8000,5352.6000,5352.4000,5352.2000,5358.0000,5358.4000,5358.8000,5359.4000,5360.0000,1,1,4,4,2,1,1,2,1,2
SF,IC2003,2020-01-03 10:38:19.400,5356.8000,53806,0,4578434880.000,0,-,-,-,-,5356.8000,5356.6000,5352.8000,5352.6000,5352.4000,5358.0000,5358.4000,5358.8000,5359.4000,5360.0000,1,1,1,4,4,1,1,2,1,2
SF,IC2003,2020-01-03 10:38:20.400,5356.6000,53805,-1,4581648920.000,3,1,2,多平,S,5353.0000,5352.8000,5352.6000,5352.4000,5352.2000,5356.6000,5358.0000,5358.4000,5358.8000,5359.4000,1,1,4,4,2,1,1,1,2,1
SF,IC2003,2020-01-03 10:38:20.900,5356.6000,53805,0,4583791560.000,2,1,1,多换,S,5355.8000,5355.6000,5355.4000,5355.0000,5354.8000,5358.8000,5359.4000,5360.0000,5360.6000,5360.8000,7,3,1,3,2,2,1,2,1,3
SF,IC2003,2020-01-03 10:38:21.400,5356.6000,53805,0,4583791560.000,0,-,-,-,-,5356.4000,5356.2000,5356.0000,5355.6000,5355.4000,5358.2000,5358.6000,5358.8000,5359.4000,5360.0000,2,2,4,1,1,1,1,2,1,2
SF,IC2003,2020-01-03 10:38:21.900,5358.2000,53805,0,4584863200.000,1,0,1,多换,S,5357.6000,5356.8000,5356.6000,5356.2000,5356.0000,5358.8000,5359.4000,5360.0000,5360.6000,5360.8000,2,4,3,2,1,2,1,2,1,3
SF,IC2003,2020-01-03 10:38:22.400,5358.2000,53805,0,4584863200.000,0,-,-,-,-,5356.8000,5356.6000,5356.2000,5356.0000,5355.8000,5358.6000,5358.8000,5359.4000,5360.0000,5360.6000,3,3,1,1,2,1,2,1,2,1
SF,IC2003,2020-01-03 10:38:22.900,5358.2000,53805,0,4584863200.000,0,-,-,-,-,5357.2000,5357.0000,5356.8000,5356.6000,5356.2000,5358.6000,5358.8000,5359.4000,5360.0000,5360.6000,2,1,3,2,1,1,2,1,2,1
SF,IC2003,2020-01-03 10:38:23.400,5358.2000,53805,0,4584863200.000,0,-,-,-,-,5357.0000,5356.8000,5356.6000,5356.2000,5356.0000,5358.6000,5358.8000,5359.4000,5360.0000,5360.6000,1,3,2,1,1,2,2,1,2,1
SF,IC2003,2020-01-03 10:38:23.900,5358.2000,53805,0,4584863200.000,0,-,-,-,-,5357.0000,5356.8000,5356.6000,5356.2000,5356.0000,5358.6000,5358.8000,5359.4000,5360.0000,5360.6000,1,3,3,1,1,1,2,1,2,1
SF,IC2003,2020-01-03 10:38:24.400,5358.2000,53805,0,4584863200.000,0,-,-,-,-,5357.2000,5357.0000,5356.8000,5356.6000,5356.2000,5358.6000,5358.8000,5359.4000,5360.0000,5360.6000,1,1,2,4,1,2,2,1,2,1
SF,IC2003,2020-01-03 10:38:24.900,5358.2000,53805,0,4584863200.000,0,-,-,-,-,5357.4000,5357.2000,5356.8000,5356.6000,5356.2000,5358.6000,5358.8000,5359.4000,5360.0000,5360.6000,1,1,2,4,1,2,2,1,2,1
SF,IC2003,2020-01-03 10:38:25.400,5358.2000,53805,0,4584863200.000,0,-,-,-,-,5357.4000,5357.2000,5356.8000,5356.6000,5356.2000,5358.6000,5358.8000,5359.4000,5360.0000,5360.6000,1,1,2,4,1,1,2,1,2,1
SF,IC2003,2020-01-03 10:38:25.900,5357.2000,53805,0,4585934640.000,1,0,1,多换,S,5356.8000,5356.6000,5356.2000,5356.0000,5355.8000,5358.6000,5358.8000,5359.4000,5360.0000,5360.6000,2,4,1,1,2,2,2,1,2,1
SF,IC2003,2020-01-03 10:38:26.400,5357.2000,53805,0,4585934640.000,0,-,-,-,-,5357.2000,5357.0000,5356.8000,5356.6000,5356.2000,5358.6000,5358.8000,5359.4000,5360.0000,5360.6000,2,1,2,4,1,2,2,1,2,1
SF,IC2003,2020-01-03 10:38:26.900,5357.2000,53805,0,4585934640.000,0,-,-,-,-,5357.0000,5356.8000,5356.6000,5356.2000,5356.0000,5358.6000,5358.8000,5359.4000,5360.0000,5360.6000,1,2,4,1,1,1,2,1,2,1
SF,IC2003,2020-01-03 10:38:27.900,5357.2000,53805,0,4585934640.000,0,-,-,-,-,5357.2000,5357.0000,5356.8000,5356.6000,5356.0000,5358.6000,5358.8000,5359.4000,5360.0000,5360.6000,1,1,2,4,1,1,2,1,2,1
SF,IC2003,2020-01-03 10:38:28.400,5357.2000,53805,0,4585934640.000,0,-,-,-,-,5357.4000,5357.2000,5356.8000,5356.6000,5356.0000,5358.6000,5358.8000,5359.4000,5360.0000,5360.6000,1,1,2,4,1,1,2,1,2,1
SF,IC2003,2020-01-03 10:38:28.900,5357.2000,53805,0,4585934640.000,0,-,-,-,-,5357.4000,5357.2000,5356.8000,5356.6000,5356.0000,5358.6000,5358.8000,5359.4000,5360.0000,5360.6000,1,1,1,3,1,1,2,1,2,1
SF,IC2003,2020-01-03 10:38:29.400,5357.2000,53805,0,4585934640.000,0,-,-,-,-,5357.4000,5357.2000,5356.8000,5356.6000,5356.0000,5358.6000,5358.8000,5359.4000,5360.0000,5360.6000,1,1,1,3,1,2,2,1,2,1
SF,IC2003,2020-01-03 10:38:29.900,5357.2000,53805,0,4587006080.000,1,0,1,多换,S,5356.6000,5356.0000,5355.8000,5355.6000,5355.4000,5358.6000,5358.8000,5359.4000,5360.0000,5360.6000,2,1,2,1,1,2,2,1,2,1
SF,IC2003,2020-01-03 10:38:30.400,5357.2000,53805,0,4587006080.000,0,-,-,-,-,5356.8000,5356.6000,5356.0000,5355.8000,5355.6000,5358.0000,5358.4000,5358.6000,5358.8000,5359.4000,3,2,1,2,1,1,1,2,2,1
SF,IC2003,2020-01-03 10:38:30.900,5357.2000,53805,0,4587006080.000,0,-,-,-,-,5356.8000,5356.6000,5355.8000,5355.6000,5355.4000,5358.0000,5358.4000,5358.6000,5358.8000,5359.4000,1,2,2,1,1,1,1,2,2,1
SF,IC2003,2020-01-03 10:38:32.400,5357.2000,53805,0,4587006080.000,0,-,-,-,-,5356.8000,5356.6000,5355.8000,5355.6000,5355.4000,5358.0000,5358.4000,5358.6000,5358.8000,5359.4000,1,2,2,1,1,1,1,1,2,1
SF,IC2003,2020-01-03 10:38:33.400,5357.2000,53805,0,4587006080.000,0,-,-,-,-,5356.8000,5356.6000,5356.0000,5355.8000,5355.6000,5358.0000,5358.4000,5358.6000,5358.8000,5359.4000,1,2,1,2,1,1,1,1,2,1
SF,IC2003,2020-01-03 10:38:34.400,5357.2000,53805,0,4587006080.000,0,-,-,-,-,5356.8000,5356.6000,5356.0000,5355.8000,5355.6000,5358.0000,5358.4000,5358.6000,5358.8000,5359.4000,1,2,1,2,1,2,1,1,2,1
SF,IC2003,2020-01-03 10:38:34.900,5357.2000,53805,0,4587006080.000,0,-,-,-,-,5356.6000,5356.0000,5355.8000,5355.6000,5355.4000,5357.8000,5358.0000,5358.4000,5358.8000,5359.4000,2,1,2,1,1,1,2,1,2,1
SF,IC2003,2020-01-03 10:38:35.400,5357.2000,53805,0,4587006080.000,0,-,-,-,-,5356.6000,5356.0000,5355.8000,5355.6000,5355.4000,5357.8000,5358.0000,5358.4000,5358.8000,5359.4000,2,1,2,1,1,2,1,1,2,1
SF,IC2003,2020-01-03 10:38:35.900,5357.8000,53806,1,4591292200.000,4,2,2,空开,S,5358.0000,5356.6000,5356.0000,5355.8000,5355.6000,5358.4000,5358.8000,5359.4000,5360.0000,5360.6000,1,2,1,2,1,1,2,1,2,1
SF,IC2003,2020-01-03 10:38:36.400,5358.0000,53806,0,4592363800.000,1,0,1,多换,S,5356.6000,5356.0000,5355.8000,5355.6000,5355.4000,5357.8000,5358.0000,5358.8000,5359.4000,5360.0000,2,2,2,1,1,2,1,2,1,2
SF,IC2003,2020-01-03 10:38:36.900,5356.8000,53805,-1,4593435160.000,1,0,1,双平,S,5356.6000,5356.0000,5355.8000,5355.6000,5355.4000,5357.8000,5358.8000,5359.4000,5360.0000,5360.6000,2,2,2,1,1,1,2,1,2,1
SF,IC2003,2020-01-03 10:38:37.400,5356.8000,53805,0,4593435160.000,0,-,-,-,-,5356.6000,5356.0000,5355.8000,5355.6000,5355.4000,5357.6000,5357.8000,5358.4000,5358.8000,5359.4000,2,2,2,1,1,2,1,1,2,1
SF,IC2003,2020-01-03 10:38:37.900,5357.0000,53805,0,4594506560.000,1,0,1,多换,S,5356.6000,5356.0000,5355.8000,5355.6000,5355.4000,5357.0000,5357.6000,5358.4000,5358.8000,5359.4000,2,2,2,1,1,9,2,1,2,1
SF,IC2003,2020-01-03 10:38:38.400,5356.6000,53805,0,4596649200.000,2,1,1,多换,S,5356.0000,5355.8000,5355.6000,5355.4000,5354.8000,5356.6000,5357.0000,5357.6000,5358.4000,5358.8000,2,2,1,1,1,1,9,2,1,2
SF,IC2003,2020-01-03 10:38:38.900,5357.0000,53804,-1,4598791920.000,2,0,2,多平,S,5356.0000,5355.6000,5355.4000,5354.8000,5353.4000,5357.0000,5357.6000,5358.0000,5358.4000,5358.8000,2,1,1,1,1,8,2,3,1,2
SF,IC2003,2020-01-03 10:38:39.400,5357.0000,53804,0,4598791920.000,0,-,-,-,-,5356.0000,5355.6000,5355.4000,5354.8000,5353.4000,5356.8000,5357.0000,5357.6000,5358.0000,5358.4000,2,1,1,1,1,1,8,1,3,1
SF,IC2003,2020-01-03 10:38:39.900,5356.0000,53804,0,4599863120.000,1,0,1,多换,S,5356.2000,5356.0000,5353.2000,5353.0000,5352.6000,5356.8000,5357.0000,5357.6000,5358.0000,5358.4000,1,1,3,1,3,2,8,1,3,1
SF,IC2003,2020-01-03 10:38:40.400,5356.2000,53803,-1,4600934360.000,1,0,1,双平,S,5356.0000,5353.2000,5353.0000,5352.6000,5352.4000,5356.8000,5357.0000,5357.6000,5358.0000,5358.8000,1,3,1,3,2,2,8,1,3,2
SF,IC2003,2020-01-03 10:38:40.900,5356.2000,53803,0,4600934360.000,0,-,-,-,-,5356.0000,5353.2000,5353.0000,5352.6000,5352.4000,5356.6000,5356.8000,5357.0000,5357.6000,5358.0000,1,3,1,3,2,1,2,8,1,3
SF,IC2003,2020-01-03 10:38:41.400,5356.0000,53803,0,4602005560.000,1,0,1,多换,S,5353.2000,5353.0000,5352.6000,5352.4000,5352.2000,5356.6000,5356.8000,5357.0000,5358.0000,5358.8000,3,1,3,2,1,1,1,8,3,2
SF,IC2003,2020-01-03 10:38:41.900,5356.6000,53802,-1,4604148160.000,2,0,2,多平,S,5355.0000,5354.8000,5354.6000,5354.4000,5354.0000,5356.4000,5356.6000,5356.8000,5357.0000,5358.0000,2,1,1,2,1,1,1,1,8,3
SF,IC2003,2020-01-03 10:38:42.400,5356.6000,53802,0,4604148160.000,0,-,-,-,-,5355.2000,5354.6000,5354.4000,5354.0000,5353.8000,5356.6000,5356.8000,5357.0000,5358.0000,5358.8000,1,1,2,1,2,1,1,8,3,2
SF,IC2003,2020-01-03 10:38:42.900,5356.6000,53802,0,4604148160.000,0,-,-,-,-,5355.2000,5354.6000,5354.4000,5354.0000,5353.8000,5356.6000,5356.8000,5357.0000,5358.0000,5358.8000,1,1,2,1,2,2,1,8,3,2
SF,IC2003,2020-01-03 10:38:43.400,5356.6000,53802,0,4604148160.000,0,-,-,-,-,5355.2000,5354.6000,5354.4000,5354.0000,5353.8000,5356.6000,5356.8000,5357.0000,5358.0000,5358.8000,1,1,2,1,2,1,1,8,3,2
SF,IC2003,2020-01-03 10:38:43.900,5356.6000,53802,0,4604148160.000,0,-,-,-,-,5355.2000,5354.6000,5354.4000,5354.0000,5353.8000,5356.4000,5356.6000,5356.8000,5357.0000,5358.0000,1,1,2,1,1,1,1,1,8,3
SF,IC2003,2020-01-03 10:38:44.400,5356.6000,53802,0,4604148160.000,0,-,-,-,-,5355.2000,5354.6000,5354.4000,5354.0000,5353.8000,5356.4000,5356.6000,5356.8000,5357.0000,5358.0000,1,1,2,1,1,1,2,1,8,3
SF,IC2003,2020-01-03 10:38:44.900,5356.6000,53802,0,4604148160.000,0,-,-,-,-,5355.2000,5354.6000,5354.4000,5354.0000,5353.8000,5356.4000,5356.6000,5356.8000,5357.0000,5358.0000,1,1,2,1,1,1,2,1,8,3
SF,IC2003,2020-01-03 10:38:45.400,5356.6000,53802,0,4604148160.000,0,-,-,-,-,5355.2000,5354.6000,5354.4000,5354.0000,5353.8000,5356.4000,5356.6000,5357.0000,5358.0000,5358.8000,1,1,2,1,1,1,2,8,3,2
SF,IC2003,2020-01-03 10:38:45.900,5356.4000,53801,-1,4605219440.000,1,0,1,双平,S,5355.2000,5354.6000,5354.4000,5354.0000,5353.8000,5356.4000,5356.6000,5357.0000,5358.0000,5358.8000,1,1,2,1,1,1,2,8,3,2
SF,IC2003,2020-01-03 10:38:46.400,5356.4000,53801,0,4605219440.000,0,-,-,-,-,5354.6000,5354.4000,5353.8000,5353.6000,5353.4000,5356.0000,5356.2000,5356.4000,5356.6000,5357.0000,1,2,1,1,1,1,1,1,2,8
SF,IC2003,2020-01-03 10:38:46.900,5356.4000,53801,0,4605219440.000,0,-,-,-,-,5354.8000,5354.6000,5354.4000,5353.8000,5353.6000,5356.0000,5356.2000,5356.4000,5356.6000,5357.0000,1,1,2,1,1,1,1,1,1,8
SF,IC2003,2020-01-03 10:38:47.400,5356.4000,53801,0,4605219440.000,0,-,-,-,-,5354.8000,5354.6000,5354.4000,5353.8000,5353.6000,5356.0000,5356.2000,5356.6000,5357.0000,5358.0000,1,1,2,1,1,3,1,1,9,3
SF,IC2003,2020-01-03 10:38:47.900,5354.6000,53802,1,4606290360.000,1,1,0,双开,S,5354.4000,5353.8000,5353.6000,5353.4000,5353.2000,5355.8000,5356.0000,5356.6000,5357.0000,5358.0000,1,1,1,1,1,2,2,1,9,3
SF,IC2003,2020-01-03 10:38:48.400,5354.6000,53802,0,4606290360.000,0,-,-,-,-,5353.6000,5353.4000,5353.2000,5352.6000,5352.4000,5355.4000,5355.8000,5356.6000,5357.0000,5358.0000,1,1,1,1,2,1,2,1,9,3
SF,IC2003,2020-01-03 10:38:48.900,5354.6000,53802,0,4606290360.000,0,-,-,-,-,5353.8000,5353.6000,5353.4000,5353.2000,5352.6000,5355.4000,5355.8000,5356.6000,5357.0000,5358.0000,1,1,1,1,1,2,2,1,9,3
SF,IC2003,2020-01-03 10:38:49.900,5354.6000,53802,0,4606290360.000,0,-,-,-,-,5353.8000,5353.6000,5353.4000,5353.2000,5352.6000,5355.2000,5355.4000,5355.8000,5356.6000,5357.0000,1,1,1,1,1,1,2,2,1,9
SF,IC2003,2020-01-03 10:38:50.400,5354.6000,53802,0,4606290360.000,0,-,-,-,-,5353.8000,5353.2000,5352.6000,5352.4000,5352.2000,5355.2000,5355.4000,5355.8000,5356.6000,5357.0000,1,1,1,1,1,1,1,2,1,9
SF,IC2003,2020-01-03 10:38:50.900,5354.6000,53802,0,4606290360.000,0,-,-,-,-,5353.8000,5353.2000,5352.6000,5352.4000,5352.2000,5355.2000,5355.4000,5355.8000,5356.6000,5357.0000,1,1,1,1,1,2,1,1,1,9
SF,IC2003,2020-01-03 10:38:51.400,5355.4000,53802,0,4609503480.000,3,1,2,多换,S,5356.0000,5353.8000,5352.6000,5352.4000,5352.2000,5356.6000,5357.0000,5358.0000,5358.8000,5359.4000,2,1,1,1,1,1,9,3,2,1
SF,IC2003,2020-01-03 10:38:51.900,5356.0000,53802,0,4611645800.000,2,1,1,多换,S,5353.8000,5352.6000,5352.4000,5352.2000,5351.6000,5355.8000,5356.0000,5356.6000,5357.0000,5358.0000,1,1,1,1,2,1,5,1,9,3
SF,IC2003,2020-01-03 10:38:52.400,5356.0000,53802,0,4611645800.000,0,-,-,-,-,5354.4000,5354.2000,5354.0000,5353.8000,5352.6000,5355.6000,5355.8000,5356.0000,5356.6000,5357.0000,1,3,3,1,1,1,1,5,1,9
SF,IC2003,2020-01-03 10:38:52.900,5356.0000,53801,-1,4612717000.000,1,0,1,双平,S,5354.6000,5354.4000,5354.2000,5354.0000,5352.6000,5356.0000,5356.6000,5357.0000,5358.0000,5358.8000,1,2,3,1,1,4,1,9,3,2
SF,IC2003,2020-01-03 10:38:53.400,5354.6000,53801,0,4613787920.000,1,0,1,多换,S,5354.4000,5354.2000,5354.0000,5352.6000,5352.4000,5356.0000,5356.6000,5357.0000,5358.0000,5358.8000,2,1,1,1,1,4,1,9,3,2
SF,IC2003,2020-01-03 10:38:53.900,5354.6000,53801,0,4613787920.000,0,-,-,-,-,5354.6000,5354.4000,5354.2000,5354.0000,5352.6000,5355.8000,5356.0000,5356.6000,5357.0000,5358.0000,2,2,1,1,1,1,4,1,9,3
SF,IC2003,2020-01-03 10:38:54.400,5354.6000,53801,0,4613787920.000,0,-,-,-,-,5354.8000,5354.6000,5354.4000,5354.2000,5354.0000,5356.0000,5356.6000,5357.0000,5358.0000,5358.8000,1,1,2,1,1,4,1,9,3,2
SF,IC2003,2020-01-03 10:38:54.900,5354.6000,53801,0,4613787920.000,0,-,-,-,-,5355.0000,5354.8000,5354.4000,5354.2000,5354.0000,5356.0000,5356.6000,5357.0000,5358.0000,5358.8000,1,1,2,1,1,4,1,9,3,2
SF,IC2003,2020-01-03 10:38:55.900,5354.6000,53801,0,4613787920.000,0,-,-,-,-,5355.0000,5354.8000,5354.4000,5354.2000,5354.0000,5356.0000,5356.6000,5357.0000,5358.0000,5358.8000,1,1,1,1,1,4,1,9,3,2
SF,IC2003,2020-01-03 10:38:56.900,5354.6000,53801,0,4613787920.000,0,-,-,-,-,5355.0000,5354.8000,5354.4000,5354.2000,5354.0000,5356.0000,5356.6000,5357.0000,5358.0000,5358.8000,1,1,1,1,1,4,1,9,3,2
SF,IC2003,2020-01-03 10:38:57.400,5354.6000,53801,0,4613787920.000,0,-,-,-,-,5354.8000,5354.4000,5354.0000,5352.6000,5352.4000,5355.0000,5356.0000,5356.6000,5357.0000,5358.0000,1,1,1,1,1,1,4,1,9,3
SF,IC2003,2020-01-03 10:38:57.900,5354.6000,53801,0,4613787920.000,0,-,-,-,-,5354.4000,5354.0000,5352.6000,5352.4000,5352.2000,5354.8000,5355.0000,5355.6000,5356.0000,5356.6000,1,1,1,1,1,1,1,1,3,1
SF,IC2003,2020-01-03 10:38:58.400,5354.6000,53801,0,4613787920.000,0,-,-,-,-,5352.6000,5352.4000,5352.2000,5351.6000,5351.0000,5354.2000,5354.8000,5355.0000,5355.6000,5356.6000,1,1,1,2,2,1,1,1,1,1
SF,IC2003,2020-01-03 10:38:58.900,5354.6000,53801,0,4613787920.000,0,-,-,-,-,5353.0000,5352.8000,5352.4000,5352.2000,5351.6000,5354.8000,5355.0000,5355.6000,5356.6000,5357.0000,1,2,1,1,2,1,1,1,1,9
SF,IC2003,2020-01-03 10:38:59.400,5354.8000,53803,2,4615929840.000,2,2,0,双开,S,5353.2000,5353.0000,5352.4000,5352.2000,5351.6000,5354.8000,5355.0000,5355.6000,5356.6000,5357.0000,2,1,1,1,2,1,1,1,1,9
SF,IC2003,2020-01-03 10:38:59.900,5354.8000,53803,0,4615929840.000,0,-,-,-,-,5353.8000,5353.6000,5353.4000,5353.2000,5352.4000,5355.0000,5355.6000,5357.0000,5358.0000,5358.8000,1,2,3,1,1,1,1,9,3,2
SF,IC2003,2020-01-03 10:39:00.400,5355.0000,53804,1,4617000840.000,1,1,0,双开,S,5354.0000,5353.8000,5353.6000,5353.4000,5352.4000,5355.6000,5357.0000,5358.0000,5358.8000,5359.4000,2,1,2,2,1,1,9,3,2,1
SF,IC2003,2020-01-03 10:39:00.900,5355.0000,53804,0,4617000840.000,0,-,-,-,-,5354.2000,5354.0000,5353.8000,5353.6000,5352.4000,5355.6000,5357.0000,5358.0000,5358.8000,5359.4000,4,3,1,1,1,1,9,3,2,1
SF,IC2003,2020-01-03 10:39:01.400,5355.6000,53805,1,4618071960.000,1,1,0,双开,S,5355.6000,5355.4000,5355.2000,5354.8000,5354.6000,5356.4000,5357.0000,5358.0000,5358.8000,5359.4000,3,2,3,3,1,1,9,3,2,1
SF,IC2003,2020-01-03 10:39:01.900,5355.6000,53805,0,4618071960.000,0,-,-,-,-,5355.8000,5355.6000,5354.6000,5354.4000,5353.6000,5357.0000,5358.0000,5358.8000,5359.4000,5360.0000,2,3,1,2,1,8,3,2,1,2
SF,IC2003,2020-01-03 10:39:02.400,5355.6000,53805,0,4618071960.000,0,-,-,-,-,5356.0000,5355.8000,5355.6000,5354.6000,5354.4000,5357.0000,5358.0000,5358.8000,5359.4000,5360.0000,1,2,3,1,2,8,3,2,1,2
SF,IC2003,2020-01-03 10:39:02.900,5355.6000,53805,0,4618071960.000,0,-,-,-,-,5355.8000,5355.6000,5354.6000,5354.4000,5353.6000,5356.0000,5357.0000,5358.0000,5358.8000,5359.4000,2,2,1,2,1,1,8,3,2,1
SF,IC2003,2020-01-03 10:39:03.400,5355.6000,53805,0,4618071960.000,0,-,-,-,-,5355.8000,5355.6000,5354.6000,5354.4000,5353.6000,5356.8000,5357.0000,5358.0000,5358.8000,5359.4000,2,2,1,2,1,1,8,3,2,1
SF,IC2003,2020-01-03 10:39:03.900,5355.8000,53804,-1,4619143120.000,1,0,1,双平,S,5355.6000,5354.6000,5354.4000,5353.6000,5352.2000,5356.6000,5357.0000,5358.0000,5358.8000,5359.4000,2,1,2,1,1,1,8,3,2,1
SF,IC2003,2020-01-03 10:39:04.400,5355.8000,53804,0,4619143120.000,0,-,-,-,-,5355.6000,5354.6000,5354.4000,5353.6000,5352.2000,5356.6000,5357.0000,5358.0000,5358.8000,5359.4000,2,1,2,1,1,1,8,3,2,1
SF,IC2003,2020-01-03 10:39:06.900,5355.8000,53804,0,4619143120.000,0,-,-,-,-,5355.6000,5354.6000,5354.4000,5353.6000,5352.2000,5356.6000,5358.0000,5358.8000,5359.4000,5360.0000,2,1,2,1,1,1,3,2,1,2
SF,IC2003,2020-01-03 10:39:07.400,5355.8000,53804,0,4619143120.000,0,-,-,-,-,5354.6000,5354.4000,5353.6000,5352.2000,5351.6000,5358.0000,5358.8000,5359.4000,5360.0000,5360.6000,1,1,1,1,2,3,2,1,2,1
SF,IC2003,2020-01-03 10:39:07.900,5355.8000,53804,0,4619143120.000,0,-,-,-,-,5355.0000,5354.8000,5354.6000,5353.6000,5352.2000,5357.0000,5357.4000,5357.8000,5358.0000,5358.8000,1,2,1,1,1,1,1,4,3,2
SF,IC2003,2020-01-03 10:39:08.400,5355.8000,53804,0,4619143120.000,0,-,-,-,-,5355.2000,5355.0000,5354.6000,5353.6000,5352.2000,5356.8000,5357.0000,5357.4000,5357.8000,5358.0000,2,1,1,1,1,1,1,1,2,3
SF,IC2003,2020-01-03 10:39:08.900,5355.8000,53804,0,4619143120.000,0,-,-,-,-,5355.2000,5355.0000,5354.6000,5353.6000,5352.2000,5356.6000,5356.8000,5357.0000,5357.4000,5357.8000,1,1,1,1,1,1,1,1,1,2
SF,IC2003,2020-01-03 10:39:09.400,5355.8000,53804,0,4619143120.000,0,-,-,-,-,5355.2000,5355.0000,5354.6000,5353.6000,5352.2000,5356.6000,5356.8000,5357.0000,5357.4000,5357.8000,1,1,1,1,1,1,1,1,1,2
SF,IC2003,2020-01-03 10:39:10.400,5355.8000,53804,0,4619143120.000,0,-,-,-,-,5355.2000,5355.0000,5354.6000,5353.6000,5352.2000,5356.4000,5356.6000,5356.8000,5357.0000,5357.4000,1,1,1,1,1,1,1,1,1,1
SF,IC2003,2020-01-03 10:39:10.900,5356.4000,53805,1,4620214400.000,1,1,0,双开,S,5355.2000,5355.0000,5354.6000,5353.6000,5352.2000,5356.8000,5357.0000,5357.4000,5357.8000,5358.0000,1,1,1,1,1,1,1,1,2,3
SF,IC2003,2020-01-03 10:39:11.400,5356.8000,53804,-1,4621285760.000,1,0,1,双平,S,5357.0000,5356.8000,5356.6000,5356.4000,5356.2000,5358.0000,5358.8000,5359.4000,5360.0000,5360.6000,2,4,2,2,3,3,2,1,2,1
SF,IC2003,2020-01-03 10:39:11.900,5358.0000,53803,-1,4622357360.000,1,0,1,双平,S,5357.2000,5356.2000,5355.6000,5355.4000,5355.2000,5358.0000,5358.8000,5359.4000,5360.0000,5360.6000,1,1,2,2,1,2,2,1,2,1
SF,IC2003,2020-01-03 10:39:12.400,5355.2000,53797,-6,4629855480.000,7,0,7,多平,S,5352.2000,5351.6000,5351.0000,5350.6000,5350.2000,5355.2000,5358.0000,5358.8000,5359.4000,5360.0000,1,2,2,3,4,2,2,2,1,2
SF,IC2003,2020-01-03 10:39:12.900,5355.2000,53795,-2,4631997560.000,2,0,2,双平,S,5355.8000,5355.4000,5355.2000,5355.0000,5354.8000,5358.0000,5358.8000,5359.4000,5360.0000,5360.6000,1,5,7,1,2,2,2,1,2,1
SF,IC2003,2020-01-03 10:39:13.400,5355.2000,53795,0,4631997560.000,0,-,-,-,-,5356.0000,5355.4000,5355.2000,5354.8000,5353.8000,5357.8000,5358.0000,5358.8000,5359.4000,5360.0000,1,1,4,2,1,3,2,2,1,2
SF,IC2003,2020-01-03 10:39:13.900,5355.2000,53795,0,4631997560.000,0,-,-,-,-,5356.0000,5355.4000,5355.2000,5354.8000,5353.8000,5357.6000,5357.8000,5358.0000,5358.8000,5359.4000,1,1,5,2,1,1,3,2,2,1
SF,IC2003,2020-01-03 10:39:14.400,5355.2000,53795,0,4631997560.000,0,-,-,-,-,5356.0000,5355.4000,5355.2000,5354.8000,5353.8000,5357.4000,5357.6000,5357.8000,5358.0000,5358.8000,1,1,5,2,1,2,1,1,2,2
SF,IC2003,2020-01-03 10:39:14.900,5355.2000,53795,0,4631997560.000,0,-,-,-,-,5355.4000,5355.2000,5354.0000,5353.8000,5353.4000,5357.0000,5357.2000,5357.4000,5358.0000,5358.8000,1,5,1,1,3,1,2,2,2,2
SF,IC2003,2020-01-03 10:39:15.400,5355.2000,53795,0,4631997560.000,0,-,-,-,-,5355.6000,5355.4000,5355.2000,5354.0000,5353.8000,5356.6000,5356.8000,5357.0000,5357.2000,5358.0000,1,1,4,1,1,1,3,1,1,2
SF,IC2003,2020-01-03 10:39:15.900,5355.2000,53795,0,4631997560.000,0,-,-,-,-,5355.6000,5355.4000,5355.2000,5353.8000,5353.4000,5356.6000,5356.8000,5357.0000,5357.2000,5358.0000,1,1,2,1,2,1,2,1,1,2
SF,IC2003,2020-01-03 10:39:16.400,5356.6000,53794,-1,4633068880.000,1,0,1,双平,S,5355.6000,5355.4000,5355.2000,5353.8000,5353.4000,5356.8000,5357.0000,5357.2000,5358.0000,5358.8000,1,1,2,1,2,1,1,1,2,2
SF,IC2003,2020-01-03 10:39:17.400,5355.6000,53794,0,4634140000.000,1,0,1,多换,S,5355.4000,5355.2000,5353.8000,5353.4000,5353.0000,5356.4000,5356.6000,5356.8000,5357.0000,5358.0000,1,2,1,2,1,2,1,2,1,2
SF,IC2003,2020-01-03 10:39:17.900,5355.6000,53794,0,4634140000.000,0,-,-,-,-,5355.4000,5355.2000,5353.8000,5353.4000,5353.0000,5356.2000,5356.6000,5356.8000,5357.0000,5358.0000,1,2,1,2,1,1,1,2,1,2
SF,IC2003,2020-01-03 10:39:18.400,5355.6000,53794,0,4634140000.000,0,-,-,-,-,5355.6000,5355.4000,5353.8000,5353.4000,5353.0000,5356.8000,5357.0000,5358.0000,5358.8000,5359.4000,1,1,1,2,1,1,1,2,2,1
SF,IC2003,2020-01-03 10:39:18.900,5355.6000,53794,0,4634140000.000,0,-,-,-,-,5355.6000,5353.8000,5353.4000,5353.0000,5352.4000,5356.8000,5357.0000,5358.0000,5358.8000,5359.4000,1,1,2,1,5,2,1,2,2,1
SF,IC2003,2020-01-03 10:39:19.400,5355.6000,53794,0,4634140000.000,0,-,-,-,-,5353.8000,5353.4000,5353.0000,5352.4000,5352.2000,5356.6000,5357.0000,5358.0000,5358.8000,5359.4000,1,2,1,5,1,2,1,2,2,1
SF,IC2003,2020-01-03 10:39:19.900,5355.6000,53794,0,4634140000.000,0,-,-,-,-,5355.8000,5354.8000,5354.2000,5354.0000,5353.0000,5356.4000,5356.6000,5356.8000,5357.0000,5358.0000,1,1,2,7,1,2,2,1,1,2
SF,IC2003,2020-01-03 10:39:20.400,5355.6000,53794,0,4635211120.000,1,0,1,多换,S,5354.8000,5354.0000,5353.0000,5352.4000,5352.2000,5355.8000,5356.4000,5356.6000,5356.8000,5357.0000,1,3,1,4,1,2,1,3,1,1
SF,IC2003,2020-01-03 10:39:20.900,5354.8000,53793,-1,4636282080.000,1,0,1,双平,S,5354.4000,5354.0000,5353.0000,5352.4000,5352.2000,5354.8000,5355.8000,5356.6000,5356.8000,5358.0000,1,2,1,4,1,3,2,3,1,2
SF,IC2003,2020-01-03 10:39:21.400,5354.8000,53793,0,4636282080.000,0,-,-,-,-,5353.0000,5352.4000,5352.2000,5351.6000,5351.0000,5354.8000,5355.8000,5356.6000,5356.8000,5358.0000,1,4,1,2,2,3,2,3,1,2
SF,IC2003,2020-01-03 10:39:21.900,5354.8000,53793,0,4636282080.000,0,-,-,-,-,5354.0000,5353.4000,5353.2000,5353.0000,5352.4000,5354.8000,5355.8000,5356.6000,5356.8000,5358.0000,1,2,2,3,4,3,2,3,1,2
SF,IC2003,2020-01-03 10:39:22.400,5354.8000,53792,-1,4637353040.000,1,0,1,双平,S,5354.2000,5353.0000,5352.4000,5352.2000,5351.6000,5354.8000,5355.8000,5356.6000,5356.8000,5358.0000,2,4,3,1,2,2,2,2,1,2
SF,IC2003,2020-01-03 10:39:22.900,5353.0000,53792,0,4638423640.000,1,0,1,多换,S,5353.0000,5352.4000,5352.2000,5351.6000,5351.0000,5354.8000,5355.8000,5356.6000,5356.8000,5358.0000,1,2,1,2,2,2,2,2,1,2
SF,IC2003,2020-01-03 10:39:23.400,5353.0000,53792,0,4638423640.000,0,-,-,-,-,5353.4000,5353.2000,5353.0000,5352.4000,5352.2000,5354.6000,5354.8000,5355.8000,5356.6000,5356.8000,2,2,1,2,1,2,2,2,2,1
SF,IC2003,2020-01-03 10:39:23.900,5353.0000,53792,0,4638423640.000,0,-,-,-,-,5353.2000,5353.0000,5352.4000,5352.2000,5351.6000,5354.4000,5354.6000,5354.8000,5355.8000,5356.6000,1,1,1,1,2,1,1,2,2,2
SF,IC2003,2020-01-03 10:39:24.400,5353.0000,53792,0,4638423640.000,0,-,-,-,-,5353.2000,5352.2000,5351.6000,5351.0000,5350.6000,5354.4000,5354.6000,5354.8000,5355.8000,5356.6000,1,1,2,2,3,1,1,2,2,2
SF,IC2003,2020-01-03 10:39:24.900,5353.0000,53792,0,4638423640.000,0,-,-,-,-,5352.2000,5351.6000,5351.0000,5350.6000,5350.2000,5354.0000,5354.2000,5354.4000,5354.8000,5355.8000,1,2,2,3,4,1,2,2,2,2
SF,IC2003,2020-01-03 10:39:25.400,5353.0000,53793,1,4639494240.000,1,1,0,双开,S,5353.4000,5353.2000,5353.0000,5352.8000,5352.6000,5354.8000,5355.8000,5356.6000,5356.8000,5358.0000,1,2,1,2,3,2,2,2,1,2
SF,IC2003,2020-01-03 10:39:25.900,5353.0000,53793,0,4639494240.000,0,-,-,-,-,5352.6000,5352.4000,5352.2000,5351.6000,5351.0000,5354.6000,5354.8000,5355.8000,5356.6000,5356.8000,1,2,1,2,2,2,2,2,2,1
SF,IC2003,2020-01-03 10:39:26.400,5353.0000,53793,0,4639494240.000,0,-,-,-,-,5352.8000,5352.6000,5352.2000,5351.6000,5351.0000,5354.4000,5354.6000,5354.8000,5355.8000,5356.6000,4,1,1,2,2,1,2,2,2,2
SF,IC2003,2020-01-03 10:39:26.900,5353.0000,53793,0,4639494240.000,0,-,-,-,-,5352.8000,5352.6000,5352.2000,5351.6000,5351.0000,5354.2000,5354.6000,5354.8000,5355.8000,5356.6000,2,1,1,2,2,1,1,2,2,2
SF,IC2003,2020-01-03 10:39:27.400,5354.2000,53793,0,4640565080.000,1,0,1,多换,S,5353.8000,5352.8000,5352.6000,5352.2000,5351.6000,5354.4000,5354.8000,5355.8000,5356.6000,5356.8000,2,2,1,1,2,1,2,2,2,1
SF,IC2003,2020-01-03 10:39:27.900,5354.8000,53793,0,4642706920.000,2,1,1,多换,S,5354.0000,5352.8000,5352.2000,5351.6000,5351.0000,5354.8000,5355.8000,5356.6000,5356.8000,5358.0000,1,1,1,2,2,1,2,2,1,2
SF,IC2003,2020-01-03 10:39:28.400,5354.8000,53793,0,4643777880.000,1,0,1,多换,S,5354.6000,5354.2000,5354.0000,5352.8000,5352.2000,5356.6000,5356.8000,5358.0000,5358.8000,5359.4000,2,1,1,1,1,2,1,2,2,1
SF,IC2003,2020-01-03 10:39:28.900,5356.2000,53792,-1,4644849120.000,1,0,1,双平,S,5354.8000,5354.2000,5352.8000,5352.2000,5351.6000,5356.2000,5356.4000,5356.6000,5356.8000,5358.0000,2,1,1,1,2,1,2,2,1,2
SF,IC2003,2020-01-03 10:39:29.400,5356.2000,53792,0,4644849120.000,0,-,-,-,-,5354.8000,5354.2000,5352.8000,5352.2000,5351.6000,5356.2000,5356.4000,5356.6000,5356.8000,5358.0000,1,1,1,1,2,1,1,2,1,2
SF,IC2003,2020-01-03 10:39:29.900,5356.2000,53792,0,4644849120.000,0,-,-,-,-,5354.8000,5354.6000,5354.2000,5352.8000,5352.2000,5356.0000,5356.2000,5356.6000,5356.8000,5358.0000,1,1,1,1,1,2,1,2,1,2
SF,IC2003,2020-01-03 10:39:30.400,5356.2000,53792,0,4644849120.000,0,-,-,-,-,5354.8000,5354.2000,5352.8000,5352.2000,5351.6000,5356.0000,5356.2000,5356.6000,5356.8000,5358.0000,1,1,1,1,2,1,1,2,1,2
SF,IC2003,2020-01-03 10:39:30.900,5354.8000,53792,0,4645920080.000,1,0,1,多换,S,5354.2000,5353.6000,5352.8000,5352.2000,5351.6000,5355.8000,5356.0000,5356.2000,5356.6000,5356.8000,1,1,1,1,2,1,1,1,2,1
SF,IC2003,2020-01-03 10:39:31.400,5354.8000,53792,0,4645920080.000,0,-,-,-,-,5354.4000,5353.6000,5353.2000,5352.8000,5352.2000,5355.8000,5356.0000,5356.2000,5356.6000,5356.8000,1,1,1,1,1,2,1,1,2,1
SF,IC2003,2020-01-03 10:39:31.900,5354.8000,53792,0,4645920080.000,0,-,-,-,-,5354.4000,5353.6000,5352.8000,5352.2000,5351.6000,5355.6000,5355.8000,5356.2000,5356.6000,5356.8000,1,1,1,2,2,2,1,1,2,1
SF,IC2003,2020-01-03 10:39:32.400,5354.8000,53792,0,4645920080.000,0,-,-,-,-,5354.4000,5353.6000,5352.8000,5352.2000,5351.6000,5355.6000,5356.2000,5356.6000,5356.8000,5358.0000,1,1,1,2,2,2,1,2,1,2
SF,IC2003,2020-01-03 10:39:32.900,5355.6000,53795,3,4649133400.000,3,3,0,双开,S,5355.8000,5354.4000,5353.6000,5352.8000,5352.2000,5356.2000,5356.6000,5356.8000,5358.0000,5358.8000,1,1,1,1,2,1,2,1,2,2
SF,IC2003,2020-01-03 10:39:33.400,5355.8000,53795,0,4650204560.000,1,0,1,多换,S,5353.6000,5352.8000,5352.2000,5351.6000,5351.0000,5355.0000,5355.6000,5355.8000,5356.2000,5356.6000,1,1,2,2,2,1,4,2,1,2
SF,IC2003,2020-01-03 10:39:33.900,5355.8000,53795,0,4650204560.000,0,-,-,-,-,5353.8000,5353.6000,5352.8000,5352.2000,5351.6000,5355.0000,5355.6000,5355.8000,5356.2000,5356.6000,1,1,1,2,2,2,1,2,1,2
SF,IC2003,2020-01-03 10:39:34.400,5355.8000,53795,0,4650204560.000,0,-,-,-,-,5353.8000,5353.6000,5352.8000,5352.2000,5351.6000,5355.0000,5355.8000,5356.2000,5356.6000,5356.8000,1,1,1,2,2,2,2,1,2,1
SF,IC2003,2020-01-03 10:39:34.900,5355.8000,53795,0,4650204560.000,0,-,-,-,-,5353.8000,5353.6000,5352.8000,5352.2000,5351.6000,5355.0000,5355.8000,5356.6000,5356.8000,5358.0000,1,1,1,2,2,2,2,2,1,2
SF,IC2003,2020-01-03 10:39:35.400,5355.8000,53795,0,4650204560.000,0,-,-,-,-,5354.2000,5353.8000,5352.8000,5352.2000,5351.6000,5355.0000,5355.8000,5356.6000,5356.8000,5358.0000,1,1,1,2,2,2,2,2,1,2
SF,IC2003,2020-01-03 10:39:35.900,5355.8000,53795,0,4650204560.000,0,-,-,-,-,5354.2000,5353.6000,5352.8000,5352.2000,5351.6000,5355.0000,5355.8000,5356.6000,5356.8000,5358.0000,1,1,1,2,2,2,2,2,1,2
SF,IC2003,2020-01-03 10:39:36.400,5355.8000,53795,0,4650204560.000,0,-,-,-,-,5353.6000,5352.8000,5352.2000,5351.6000,5351.0000,5355.0000,5355.8000,5356.6000,5356.8000,5358.0000,1,1,2,2,2,2,3,2,1,2
SF,IC2003,2020-01-03 10:39:36.900,5355.8000,53795,0,4650204560.000,0,-,-,-,-,5353.6000,5352.8000,5352.2000,5351.6000,5351.0000,5354.2000,5354.8000,5355.0000,5355.8000,5356.6000,1,1,2,2,2,1,1,1,3,2
SF,IC2003,2020-01-03 10:39:37.400,5355.8000,53795,0,4650204560.000,0,-,-,-,-,5353.6000,5353.0000,5352.8000,5352.2000,5351.6000,5354.2000,5354.8000,5355.0000,5355.8000,5356.6000,1,1,1,2,2,1,1,1,3,2
SF,IC2003,2020-01-03 10:39:37.900,5355.8000,53794,-1,4651275720.000,1,0,1,双平,S,5353.6000,5353.0000,5352.8000,5352.2000,5351.6000,5354.8000,5355.0000,5355.8000,5356.6000,5356.8000,1,1,1,2,2,2,1,3,2,1
SF,IC2003,2020-01-03 10:39:38.400,5355.8000,53794,0,4651275720.000,0,-,-,-,-,5353.6000,5353.0000,5352.2000,5351.6000,5351.0000,5354.6000,5354.8000,5355.0000,5355.8000,5356.6000,2,1,1,2,2,1,2,1,1,2
SF,IC2003,2020-01-03 10:39:38.900,5355.8000,53794,0,4651275720.000,0,-,-,-,-,5353.6000,5353.0000,5352.2000,5351.6000,5351.0000,5354.6000,5354.8000,5355.0000,5355.8000,5356.6000,1,1,1,2,2,1,2,1,1,2
SF,IC2003,2020-01-03 10:39:39.400,5355.8000,53794,0,4651275720.000,0,-,-,-,-,5353.6000,5353.0000,5352.2000,5351.6000,5351.2000,5354.6000,5354.8000,5355.0000,5355.8000,5356.6000,1,1,1,2,1,1,2,1,1,2
SF,IC2003,2020-01-03 10:39:40.400,5355.8000,53794,0,4651275720.000,0,-,-,-,-,5353.6000,5352.2000,5351.6000,5351.2000,5351.0000,5354.6000,5354.8000,5355.0000,5355.8000,5356.6000,1,1,2,1,2,1,2,1,1,2
SF,IC2003,2020-01-03 10:39:40.900,5353.6000,53795,1,4652346440.000,1,1,0,双开,S,5352.2000,5351.6000,5351.2000,5351.0000,5350.6000,5354.6000,5354.8000,5355.0000,5355.8000,5356.6000,1,2,1,2,3,1,2,1,1,2
SF,IC2003,2020-01-03 10:39:41.400,5353.6000,53795,0,4652346440.000,0,-,-,-,-,5352.4000,5352.2000,5351.6000,5351.2000,5351.0000,5354.2000,5354.4000,5354.6000,5354.8000,5355.0000,4,1,2,1,2,1,1,1,1,1
SF,IC2003,2020-01-03 10:39:41.900,5353.6000,53795,0,4652346440.000,0,-,-,-,-,5352.6000,5352.4000,5352.2000,5351.6000,5351.2000,5354.2000,5354.4000,5354.6000,5354.8000,5355.0000,1,4,1,2,1,1,1,1,1,1
SF,IC2003,2020-01-03 10:39:42.400,5353.6000,53795,0,4652346440.000,0,-,-,-,-,5353.0000,5352.8000,5352.6000,5352.4000,5352.2000,5354.8000,5355.0000,5355.8000,5356.6000,5356.8000,1,1,2,3,1,1,1,1,2,1
SF,IC2003,2020-01-03 10:39:42.900,5353.6000,53795,0,4652346440.000,0,-,-,-,-,5353.2000,5353.0000,5352.6000,5352.4000,5352.2000,5354.6000,5354.8000,5355.0000,5355.8000,5356.6000,1,1,1,3,1,1,1,1,1,2
SF,IC2003,2020-01-03 10:39:44.400,5353.6000,53795,0,4652346440.000,0,-,-,-,-,5353.4000,5353.2000,5353.0000,5352.4000,5352.2000,5354.6000,5354.8000,5355.0000,5355.8000,5356.6000,1,1,1,3,1,1,1,1,1,2
SF,IC2003,2020-01-03 10:39:44.900,5353.6000,53795,0,4652346440.000,0,-,-,-,-,5354.6000,5353.6000,5353.4000,5353.0000,5352.4000,5354.8000,5355.0000,5355.8000,5356.6000,5356.8000,5,1,1,1,3,1,1,1,2,1
SF,IC2003,2020-01-03 10:39:45.400,5354.6000,53799,4,4657701040.000,5,4,1,空开,S,5353.6000,5353.4000,5352.4000,5352.2000,5351.6000,5354.8000,5355.0000,5355.8000,5356.6000,5356.8000,1,1,3,1,2,1,1,1,2,1
SF,IC2003,2020-01-03 10:39:47.400,5354.6000,53799,0,4657701040.000,0,-,-,-,-,5353.6000,5352.4000,5352.2000,5351.6000,5351.2000,5354.8000,5355.0000,5355.8000,5356.6000,5356.8000,1,3,1,2,1,1,1,1,2,1
SF,IC2003,2020-01-03 10:39:47.900,5354.6000,53799,0,4657701040.000,0,-,-,-,-,5353.8000,5352.4000,5352.2000,5351.6000,5351.2000,5354.6000,5354.8000,5355.0000,5355.8000,5356.6000,1,1,1,2,1,1,1,1,1,2
SF,IC2003,2020-01-03 10:39:48.400,5353.8000,53798,-1,4658771800.000,1,0,1,双平,S,5352.4000,5352.2000,5351.6000,5351.2000,5351.0000,5354.6000,5354.8000,5355.0000,5355.8000,5356.6000,1,1,2,1,2,1,1,1,1,2
SF,IC2003,2020-01-03 10:39:48.900,5353.8000,53798,0,4658771800.000,0,-,-,-,-,5352.8000,5352.6000,5352.2000,5351.6000,5351.2000,5354.6000,5354.8000,5355.0000,5355.8000,5356.6000,1,1,1,2,1,1,1,1,1,2
SF,IC2003,2020-01-03 10:39:49.400,5353.8000,53798,0,4658771800.000,0,-,-,-,-,5352.8000,5352.6000,5352.2000,5351.6000,5351.0000,5354.6000,5354.8000,5355.0000,5355.8000,5356.6000,1,1,1,2,2,1,1,1,1,2
SF,IC2003,2020-01-03 10:39:49.900,5353.8000,53798,0,4658771800.000,0,-,-,-,-,5352.8000,5352.2000,5351.6000,5351.0000,5350.6000,5354.0000,5354.6000,5354.8000,5355.0000,5355.8000,1,1,2,2,3,1,1,1,1,1
SF,IC2003,2020-01-03 10:39:50.400,5353.8000,53798,0,4658771800.000,0,-,-,-,-,5352.8000,5352.2000,5351.6000,5351.0000,5350.6000,5353.8000,5354.0000,5354.8000,5355.0000,5355.8000,1,1,2,2,3,1,1,1,1,1
SF,IC2003,2020-01-03 10:39:50.900,5353.8000,53797,-1,4659842560.000,1,0,1,双平,S,5352.2000,5351.6000,5351.0000,5350.6000,5350.2000,5354.0000,5354.8000,5355.0000,5355.8000,5356.6000,1,2,2,3,2,1,1,1,1,2
SF,IC2003,2020-01-03 10:39:51.400,5353.8000,53797,0,4659842560.000,0,-,-,-,-,5352.4000,5352.2000,5351.6000,5351.0000,5350.6000,5352.8000,5354.0000,5354.8000,5355.0000,5355.8000,1,1,2,2,3,1,1,1,1,1
SF,IC2003,2020-01-03 10:39:51.900,5352.8000,53797,0,4660913120.000,1,0,1,多换,S,5352.8000,5352.2000,5351.6000,5351.0000,5350.6000,5354.0000,5354.8000,5355.0000,5355.8000,5356.6000,3,1,2,2,3,1,1,1,1,2
SF,IC2003,2020-01-03 10:39:52.400,5354.0000,53798,1,4661983920.000,1,1,0,双开,S,5352.8000,5352.2000,5351.6000,5351.0000,5350.6000,5354.8000,5355.0000,5355.8000,5356.6000,5356.8000,3,1,2,2,3,1,1,1,2,1
SF,IC2003,2020-01-03 10:39:52.900,5353.0000,53797,-1,4663054520.000,1,0,1,双平,S,5352.8000,5352.2000,5351.6000,5351.0000,5350.6000,5354.4000,5354.6000,5354.8000,5355.0000,5355.8000,3,1,2,2,3,2,2,1,1,1
SF,IC2003,2020-01-03 10:39:53.400,5354.2000,53796,-1,4664125360.000,1,0,1,双平,S,5352.8000,5352.2000,5351.6000,5351.0000,5350.6000,5354.2000,5354.4000,5354.6000,5354.8000,5355.0000,3,1,2,2,3,2,2,1,1,1
SF,IC2003,2020-01-03 10:39:53.900,5352.8000,53793,-3,4667337040.000,3,0,3,双平,S,5352.2000,5351.6000,5351.0000,5350.6000,5350.2000,5354.0000,5354.2000,5354.4000,5354.6000,5354.8000,1,2,2,3,2,2,2,2,1,1
SF,IC2003,2020-01-03 10:39:54.400,5354.0000,53792,-1,4668407840.000,1,0,1,双平,S,5352.2000,5351.6000,5351.0000,5350.6000,5350.2000,5354.0000,5354.2000,5354.4000,5354.6000,5354.8000,1,2,2,3,2,1,2,1,1,1
SF,IC2003,2020-01-03 10:39:54.900,5354.0000,53792,0,4668407840.000,0,-,-,-,-,5352.4000,5352.2000,5351.6000,5351.0000,5350.6000,5354.0000,5354.2000,5354.4000,5354.6000,5354.8000,1,1,2,2,3,1,2,1,1,1
SF,IC2003,2020-01-03 10:39:55.400,5354.0000,53792,0,4668407840.000,0,-,-,-,-,5352.8000,5352.4000,5352.2000,5351.6000,5351.0000,5354.0000,5354.2000,5354.4000,5354.6000,5354.8000,1,1,1,2,2,1,2,1,1,1
SF,IC2003,2020-01-03 10:39:55.900,5354.0000,53792,0,4668407840.000,0,-,-,-,-,5353.0000,5352.8000,5352.2000,5351.6000,5351.0000,5354.0000,5354.2000,5354.4000,5354.6000,5354.8000,1,1,1,2,2,1,2,1,1,1
SF,IC2003,2020-01-03 10:39:56.400,5354.0000,53792,0,4668407840.000,0,-,-,-,-,5353.0000,5352.8000,5352.2000,5351.6000,5351.0000,5354.0000,5354.2000,5354.4000,5354.6000,5354.8000,1,1,1,2,2,1,1,1,1,1
SF,IC2003,2020-01-03 10:39:56.900,5353.0000,53791,-1,4669478440.000,1,0,1,双平,S,5352.8000,5352.2000,5351.6000,5351.0000,5350.6000,5354.0000,5354.2000,5354.4000,5354.6000,5354.8000,1,1,2,2,3,1,1,1,1,1
SF,IC2003,2020-01-03 10:39:57.400,5353.0000,53791,0,4669478440.000,0,-,-,-,-,5353.0000,5352.8000,5352.2000,5351.6000,5351.0000,5354.0000,5354.4000,5354.6000,5354.8000,5355.0000,1,1,1,2,2,1,1,1,1,1
SF,IC2003,2020-01-03 10:39:58.400,5353.0000,53791,0,4669478440.000,0,-,-,-,-,5353.0000,5352.8000,5352.2000,5351.6000,5351.0000,5353.8000,5354.0000,5354.4000,5354.6000,5354.8000,1,1,1,2,2,1,1,1,1,1
SF,IC2003,2020-01-03 10:39:58.900,5353.0000,53791,0,4669478440.000,0,-,-,-,-,5352.8000,5352.2000,5351.6000,5351.0000,5350.6000,5353.4000,5353.6000,5353.8000,5354.0000,5354.6000,1,1,2,2,3,1,1,1,1,1
SF,IC2003,2020-01-03 10:39:59.400,5352.8000,53790,-1,4670549000.000,1,0,1,双平,S,5352.2000,5351.6000,5351.0000,5350.6000,5350.2000,5353.4000,5353.6000,5353.8000,5354.0000,5354.8000,1,2,2,3,2,1,1,1,1,1
SF,IC2003,2020-01-03 10:39:59.900,5352.8000,53790,0,4670549000.000,0,-,-,-,-,5352.2000,5351.6000,5351.0000,5350.6000,5350.2000,5352.6000,5353.0000,5353.2000,5353.4000,5353.8000,1,2,2,3,2,1,1,3,1,2
SF,IC2003,2020-01-03 10:40:00.400,5351.6000,53790,0,4672689760.000,2,1,1,多换,S,5351.6000,5351.0000,5350.6000,5350.2000,5350.0000,5353.0000,5353.2000,5353.4000,5353.8000,5354.0000,1,2,3,2,6,1,3,1,2,1
SF,IC2003,2020-01-03 10:40:00.900,5351.6000,53790,0,4672689760.000,0,-,-,-,-,5351.8000,5351.6000,5351.0000,5350.6000,5350.2000,5352.2000,5352.8000,5353.0000,5353.2000,5353.4000,1,1,2,3,2,5,1,2,3,1
SF,IC2003,2020-01-03 10:40:01.400,5351.6000,53789,-1,4674830440.000,2,0,2,多平,S,5351.0000,5350.6000,5350.2000,5350.0000,5349.8000,5351.8000,5352.0000,5352.2000,5352.8000,5353.0000,2,3,2,6,1,1,1,5,1,1
SF,IC2003,2020-01-03 10:40:01.900,5351.6000,53789,0,4674830440.000,0,-,-,-,-,5351.0000,5350.6000,5350.2000,5350.0000,5349.8000,5351.8000,5352.0000,5352.2000,5352.8000,5353.2000,2,3,2,6,1,1,1,5,1,1
SF,IC2003,2020-01-03 10:40:02.400,5351.6000,53789,0,4674830440.000,0,-,-,-,-,5351.0000,5350.6000,5350.2000,5350.0000,5349.8000,5351.6000,5351.8000,5352.0000,5352.2000,5352.8000,2,3,2,6,1,1,1,1,5,1
SF,IC2003,2020-01-03 10:40:02.900,5352.0000,53789,0,4678041520.000,3,1,2,多换,S,5351.8000,5351.0000,5350.6000,5350.2000,5350.0000,5352.2000,5353.2000,5354.8000,5355.0000,5355.8000,1,2,3,2,6,5,1,1,1,1
SF,IC2003,2020-01-03 10:40:03.400,5352.2000,53788,-1,4682323280.000,4,1,3,多平,S,5351.8000,5351.0000,5350.6000,5350.2000,5350.0000,5352.2000,5353.2000,5354.8000,5355.0000,5355.8000,1,2,3,2,6,1,1,1,1,1
SF,IC2003,2020-01-03 10:40:03.900,5352.2000,53787,-1,4684464160.000,2,0,2,多平,S,5351.0000,5350.6000,5350.2000,5350.0000,5349.8000,5353.2000,5354.8000,5355.0000,5355.8000,5356.6000,2,3,2,6,1,1,1,1,1,2
SF,IC2003,2020-01-03 10:40:04.400,5352.2000,53787,0,4684464160.000,0,-,-,-,-,5351.4000,5351.2000,5351.0000,5350.6000,5350.2000,5353.0000,5353.2000,5354.8000,5355.0000,5355.8000,3,1,2,3,2,1,1,1,1,1
SF,IC2003,2020-01-03 10:40:04.900,5352.2000,53787,0,4684464160.000,0,-,-,-,-,5351.4000,5351.2000,5351.0000,5350.6000,5350.2000,5352.8000,5353.0000,5354.8000,5355.0000,5355.8000,1,1,2,3,2,1,2,1,1,1
SF,IC2003,2020-01-03 10:40:05.400,5351.0000,53786,-1,4685534360.000,1,0,1,双平,S,5351.0000,5350.6000,5350.2000,5350.0000,5349.8000,5352.4000,5352.8000,5353.0000,5354.8000,5355.0000,1,3,2,6,1,1,1,1,1,1
SF,IC2003,2020-01-03 10:40:05.900,5350.6000,53787,1,4689814920.000,4,2,2,空开,S,5350.2000,5350.0000,5349.8000,5349.2000,5349.0000,5350.4000,5352.2000,5352.4000,5353.0000,5354.8000,2,6,1,1,1,7,1,1,1,1
SF,IC2003,2020-01-03 10:40:06.400,5350.4000,53787,0,4697305480.000,7,3,4,多换,S,5350.6000,5350.4000,5350.2000,5350.0000,5349.8000,5352.2000,5352.4000,5353.0000,5354.8000,5355.0000,2,4,2,7,1,1,1,1,1,1
SF,IC2003,2020-01-03 10:40:06.900,5350.4000,53787,0,4697305480.000,0,-,-,-,-,5350.4000,5350.2000,5350.0000,5349.8000,5349.2000,5352.2000,5352.4000,5354.8000,5355.0000,5355.8000,3,2,7,1,1,2,1,1,1,1
SF,IC2003,2020-01-03 10:40:07.400,5350.4000,53787,0,4697305480.000,0,-,-,-,-,5350.4000,5350.2000,5350.0000,5349.8000,5349.2000,5351.6000,5352.0000,5352.2000,5352.4000,5354.8000,3,2,7,1,1,1,3,2,1,1
SF,IC2003,2020-01-03 10:40:07.900,5350.4000,53787,0,4697305480.000,0,-,-,-,-,5350.4000,5350.2000,5350.0000,5349.8000,5349.2000,5350.6000,5351.4000,5351.6000,5352.0000,5352.2000,3,2,7,1,1,1,2,1,3,1
SF,IC2003,2020-01-03 10:40:08.400,5350.6000,53785,-2,4699445720.000,2,0,2,双平,S,5350.4000,5350.2000,5350.0000,5349.8000,5349.2000,5351.4000,5351.6000,5352.0000,5352.2000,5352.4000,3,2,7,1,1,2,1,3,1,1
SF,IC2003,2020-01-03 10:40:08.900,5350.6000,53784,-1,4700515840.000,1,0,1,双平,S,5350.4000,5350.2000,5350.0000,5349.8000,5349.2000,5351.4000,5352.0000,5352.2000,5352.4000,5354.8000,3,2,7,1,1,1,2,1,1,1
SF,IC2003,2020-01-03 10:40:09.400,5351.4000,53783,-1,4702656200.000,2,0,2,多平,S,5350.4000,5350.2000,5350.0000,5349.8000,5349.2000,5352.0000,5352.2000,5354.8000,5355.0000,5355.8000,1,2,7,1,1,2,1,1,1,1
SF,IC2003,2020-01-03 10:40:09.900,5350.6000,53782,-1,4703726320.000,1,0,1,双平,S,5350.4000,5350.2000,5350.0000,5349.8000,5349.2000,5351.8000,5352.0000,5354.8000,5355.0000,5355.8000,1,2,7,1,1,2,2,1,1,1
SF,IC2003,2020-01-03 10:40:10.400,5350.6000,53782,0,4703726320.000,0,-,-,-,-,5350.4000,5350.2000,5350.0000,5349.8000,5349.2000,5351.6000,5351.8000,5352.0000,5354.8000,5355.0000,1,2,7,1,1,1,2,2,1,1
SF,IC2003,2020-01-03 10:40:10.900,5350.4000,53782,0,4704796400.000,1,0,1,多换,S,5350.2000,5350.0000,5349.8000,5349.2000,5349.0000,5351.4000,5351.8000,5352.0000,5354.8000,5355.0000,2,7,1,1,1,1,1,1,1,1
SF,IC2003,2020-01-03 10:40:12.400,5351.4000,53782,0,4705866680.000,1,0,1,多换,S,5350.2000,5350.0000,5349.8000,5349.2000,5349.0000,5351.8000,5352.0000,5354.8000,5355.0000,5355.8000,2,7,1,1,1,1,1,1,1,1
SF,IC2003,2020-01-03 10:40:12.900,5351.4000,53782,0,4705866680.000,0,-,-,-,-,5350.2000,5350.0000,5349.8000,5349.2000,5349.0000,5351.0000,5351.4000,5351.6000,5351.8000,5352.0000,2,7,1,1,1,1,3,5,1,1
SF,IC2003,2020-01-03 10:40:13.400,5351.4000,53782,0,4705866680.000,0,-,-,-,-,5350.2000,5350.0000,5349.8000,5349.2000,5349.0000,5351.0000,5351.4000,5351.6000,5351.8000,5352.0000,2,7,1,1,1,2,3,5,1,1
SF,IC2003,2020-01-03 10:40:13.900,5350.2000,53782,0,4706936720.000,1,0,1,多换,S,5350.2000,5350.0000,5349.8000,5349.2000,5349.0000,5351.0000,5351.4000,5351.6000,5351.8000,5352.0000,1,7,1,1,1,2,3,5,1,1
SF,IC2003,2020-01-03 10:40:14.400,5350.0000,53782,0,4710146760.000,3,1,2,多换,S,5350.0000,5349.8000,5349.2000,5349.0000,5348.8000,5350.8000,5351.0000,5351.4000,5351.6000,5351.8000,5,1,1,1,1,2,2,3,4,1
SF,IC2003,2020-01-03 10:40:14.900,5350.0000,53782,0,4710146760.000,0,-,-,-,-,5350.4000,5350.0000,5349.8000,5349.2000,5349.0000,5350.8000,5351.0000,5351.4000,5351.6000,5351.8000,1,5,1,1,1,1,2,3,4,1
SF,IC2003,2020-01-03 10:40:15.400,5350.4000,53782,0,4711216840.000,1,0,1,多换,S,5350.0000,5349.8000,5349.2000,5349.0000,5348.8000,5350.8000,5351.0000,5351.4000,5351.6000,5351.8000,5,1,1,1,1,1,2,3,4,1
SF,IC2003,2020-01-03 10:40:15.900,5350.4000,53782,0,4711216840.000,0,-,-,-,-,5350.0000,5349.8000,5349.2000,5349.0000,5348.8000,5351.0000,5351.4000,5351.6000,5352.0000,5354.0000,5,1,1,1,1,2,3,4,1,1
SF,IC2003,2020-01-03 10:40:16.400,5350.2000,53781,-1,4712286880.000,1,0,1,双平,S,5350.0000,5349.8000,5349.2000,5349.0000,5348.8000,5351.4000,5351.6000,5352.0000,5354.0000,5354.8000,5,1,1,1,1,3,4,1,1,1
SF,IC2003,2020-01-03 10:40:16.900,5350.2000,53781,0,4712286880.000,0,-,-,-,-,5350.2000,5350.0000,5349.8000,5349.2000,5349.0000,5351.2000,5351.4000,5351.6000,5352.0000,5354.0000,1,5,1,1,1,2,3,2,1,1
SF,IC2003,2020-01-03 10:40:17.400,5350.2000,53781,0,4712286880.000,0,-,-,-,-,5350.4000,5350.2000,5350.0000,5349.8000,5349.2000,5352.0000,5354.0000,5354.8000,5355.0000,5355.8000,1,1,5,1,1,1,1,1,1,1
SF,IC2003,2020-01-03 10:40:17.900,5350.2000,53781,0,4712286880.000,0,-,-,-,-,5350.6000,5350.4000,5350.0000,5349.8000,5349.2000,5351.8000,5352.0000,5354.0000,5354.8000,5355.0000,1,1,5,1,1,3,2,1,1,1
SF,IC2003,2020-01-03 10:40:18.400,5350.2000,53781,0,4713356920.000,1,0,1,多换,S,5350.0000,5349.8000,5349.2000,5349.0000,5348.8000,5351.8000,5352.0000,5354.0000,5354.8000,5355.0000,5,1,1,1,1,3,2,1,1,1
SF,IC2003,2020-01-03 10:40:18.900,5351.6000,53781,0,4714427240.000,1,0,1,多换,S,5350.4000,5350.0000,5349.8000,5349.4000,5349.2000,5351.8000,5352.0000,5354.0000,5354.8000,5355.0000,2,5,1,1,1,3,2,1,1,1
SF,IC2003,2020-01-03 10:40:19.400,5351.6000,53781,0,4714427240.000,0,-,-,-,-,5350.0000,5349.8000,5349.4000,5349.2000,5349.0000,5351.2000,5351.6000,5351.8000,5352.0000,5354.0000,5,1,1,1,1,1,4,3,2,1
SF,IC2003,2020-01-03 10:40:19.900,5351.6000,53781,0,4714427240.000,0,-,-,-,-,5350.0000,5349.8000,5349.4000,5349.2000,5349.0000,5351.4000,5351.6000,5351.8000,5352.0000,5352.4000,5,1,1,1,1,1,4,3,2,1
SF,IC2003,2020-01-03 10:40:20.400,5351.6000,53781,0,4714427240.000,0,-,-,-,-,5350.0000,5349.8000,5349.4000,5349.2000,5349.0000,5351.2000,5351.4000,5351.6000,5352.0000,5352.4000,5,1,1,1,1,4,1,4,2,1
SF,IC2003,2020-01-03 10:40:20.900,5350.0000,53779,-2,4718707240.000,4,1,3,多平,S,5350.0000,5349.8000,5349.2000,5349.0000,5348.8000,5351.2000,5351.4000,5351.6000,5352.0000,5354.0000,1,1,1,1,1,4,1,4,1,1
SF,IC2003,2020-01-03 10:40:21.400,5350.0000,53779,0,4718707240.000,0,-,-,-,-,5350.0000,5349.8000,5349.2000,5349.0000,5348.8000,5351.2000,5351.4000,5351.6000,5352.0000,5354.0000,1,1,1,1,1,5,1,4,1,1
SF,IC2003,2020-01-03 10:40:21.900,5350.0000,53779,0,4719777240.000,1,0,1,多换,S,5349.8000,5349.2000,5349.0000,5348.8000,5348.0000,5350.0000,5350.8000,5351.0000,5351.2000,5351.4000,1,1,1,1,4,1,1,1,4,1
SF,IC2003,2020-01-03 10:40:22.400,5349.8000,53779,0,4720847200.000,1,0,1,多换,S,5349.2000,5349.0000,5348.8000,5348.0000,5347.0000,5350.0000,5350.8000,5351.0000,5351.2000,5351.6000,1,1,1,4,2,1,2,2,6,1
SF,IC2003,2020-01-03 10:40:22.900,5349.2000,53779,0,4721917040.000,1,0,1,多换,S,5349.0000,5348.8000,5348.0000,5347.0000,5346.8000,5350.0000,5350.8000,5351.0000,5351.2000,5351.6000,1,1,4,2,3,1,2,2,6,1
SF,IC2003,2020-01-03 10:40:23.400,5349.2000,53779,0,4721917040.000,0,-,-,-,-,5349.0000,5348.8000,5348.0000,5347.0000,5346.8000,5349.8000,5350.0000,5350.8000,5351.0000,5351.2000,1,1,4,2,3,1,1,1,2,6
SF,IC2003,2020-01-03 10:40:23.900,5349.2000,53779,0,4721917040.000,0,-,-,-,-,5349.0000,5348.8000,5348.0000,5347.0000,5346.8000,5349.8000,5350.0000,5351.0000,5351.2000,5351.6000,1,1,4,2,3,1,1,2,6,1
SF,IC2003,2020-01-03 10:40:24.900,5349.2000,53779,0,4721917040.000,0,-,-,-,-,5349.0000,5348.8000,5348.0000,5347.0000,5346.8000,5349.8000,5350.8000,5351.0000,5351.2000,5351.6000,1,1,4,2,3,2,1,2,6,1
SF,IC2003,2020-01-03 10:40:25.400,5349.8000,53780,1,4724056960.000,2,1,1,空开,S,5349.0000,5348.8000,5348.0000,5347.0000,5346.8000,5350.8000,5351.0000,5351.2000,5351.6000,5352.0000,2,1,4,2,3,1,2,6,1,1
SF,IC2003,2020-01-03 10:40:25.900,5349.8000,53780,0,4724056960.000,0,-,-,-,-,5349.4000,5349.2000,5349.0000,5348.8000,5348.0000,5350.8000,5351.0000,5351.2000,5351.6000,5352.0000,2,2,2,1,4,1,1,5,1,1
SF,IC2003,2020-01-03 10:40:26.400,5350.8000,53780,0,4725127120.000,1,0,1,多换,S,5349.6000,5349.0000,5348.8000,5348.0000,5347.0000,5350.2000,5351.2000,5351.6000,5352.0000,5354.0000,3,2,1,4,2,1,2,1,1,1
SF,IC2003,2020-01-03 10:40:26.900,5350.2000,53779,-1,4731547360.000,6,2,4,多平,S,5350.4000,5350.2000,5349.8000,5349.6000,5349.0000,5352.0000,5354.0000,5354.8000,5355.0000,5355.8000,3,8,1,1,2,1,1,1,1,1
SF,IC2003,2020-01-03 10:40:27.400,5352.0000,53778,-1,4732617760.000,1,0,1,双平,S,5350.8000,5350.6000,5350.4000,5350.2000,5349.8000,5351.8000,5354.0000,5354.8000,5355.0000,5355.8000,1,2,1,8,1,1,1,1,1,1
SF,IC2003,2020-01-03 10:40:27.900,5352.0000,53778,0,4732617760.000,0,-,-,-,-,5350.8000,5350.6000,5350.4000,5350.2000,5349.8000,5351.8000,5354.0000,5354.8000,5355.0000,5355.8000,1,1,1,8,1,1,1,1,1,1
SF,IC2003,2020-01-03 10:40:28.400,5352.0000,53778,0,4732617760.000,0,-,-,-,-,5350.8000,5350.4000,5350.2000,5349.8000,5349.0000,5351.8000,5354.0000,5354.8000,5355.0000,5355.8000,1,1,8,1,2,1,1,1,1,1
SF,IC2003,2020-01-03 10:40:28.900,5352.0000,53778,0,4732617760.000,0,-,-,-,-,5350.4000,5350.2000,5349.8000,5349.0000,5348.8000,5351.8000,5354.0000,5354.8000,5355.0000,5355.8000,1,8,1,2,1,1,1,1,1,1
SF,IC2003,2020-01-03 10:40:29.400,5352.0000,53778,0,4732617760.000,0,-,-,-,-,5350.6000,5350.4000,5350.2000,5349.8000,5349.0000,5352.6000,5354.0000,5354.8000,5355.0000,5355.8000,1,1,8,1,2,1,1,1,1,1
SF,IC2003,2020-01-03 10:40:29.900,5352.0000,53778,0,4732617760.000,0,-,-,-,-,5350.6000,5350.4000,5350.2000,5349.8000,5349.0000,5352.2000,5352.4000,5352.6000,5354.0000,5354.8000,1,1,8,1,2,3,4,1,1,1
SF,IC2003,2020-01-03 10:40:30.400,5352.0000,53778,0,4732617760.000,0,-,-,-,-,5350.4000,5350.2000,5349.8000,5349.0000,5348.8000,5350.6000,5351.2000,5351.6000,5351.8000,5352.0000,1,8,1,2,1,1,1,1,2,6
SF,IC2003,2020-01-03 10:40:30.900,5350.6000,53778,0,4735828160.000,3,1,2,多换,S,5350.4000,5350.2000,5349.8000,5349.0000,5348.8000,5351.6000,5351.8000,5352.0000,5352.2000,5354.0000,1,2,1,2,1,1,3,7,2,1
SF,IC2003,2020-01-03 10:40:31.400,5350.6000,53778,0,4735828160.000,0,-,-,-,-,5350.6000,5350.4000,5350.2000,5349.8000,5349.0000,5351.6000,5351.8000,5352.0000,5352.2000,5354.0000,1,1,2,1,2,1,1,2,2,1
SF,IC2003,2020-01-03 10:40:31.900,5350.4000,53777,-1,4736898240.000,1,0,1,双平,S,5350.2000,5349.8000,5349.0000,5348.8000,5348.0000,5352.0000,5352.2000,5354.0000,5354.8000,5355.0000,2,1,2,1,4,2,2,1,1,1
SF,IC2003,2020-01-03 10:40:32.400,5350.6000,53777,0,4737968360.000,1,0,1,多换,S,5350.6000,5350.2000,5349.8000,5349.0000,5348.8000,5351.8000,5352.0000,5352.2000,5354.0000,5354.8000,1,2,1,2,1,3,2,2,1,1
SF,IC2003,2020-01-03 10:40:32.900,5350.6000,53777,0,4737968360.000,0,-,-,-,-,5350.2000,5349.8000,5349.0000,5348.8000,5348.0000,5351.6000,5351.8000,5352.0000,5352.2000,5354.0000,1,1,2,1,4,1,3,1,2,1
SF,IC2003,2020-01-03 10:40:33.400,5350.6000,53777,0,4737968360.000,0,-,-,-,-,5350.2000,5349.8000,5349.0000,5348.8000,5348.0000,5351.2000,5351.4000,5351.6000,5351.8000,5352.2000,1,1,2,1,4,1,1,2,3,1
SF,IC2003,2020-01-03 10:40:33.900,5350.6000,53777,0,4737968360.000,0,-,-,-,-,5350.2000,5349.8000,5349.0000,5348.8000,5348.0000,5351.2000,5351.4000,5351.6000,5351.8000,5352.2000,1,1,2,1,4,1,1,1,3,1
SF,IC2003,2020-01-03 10:40:34.400,5350.6000,53777,0,4737968360.000,0,-,-,-,-,5350.2000,5349.8000,5349.0000,5348.8000,5348.0000,5351.2000,5351.4000,5351.6000,5351.8000,5352.2000,1,1,2,1,4,2,1,1,3,1
SF,IC2003,2020-01-03 10:40:34.900,5350.6000,53777,0,4737968360.000,0,-,-,-,-,5350.4000,5349.8000,5349.0000,5348.8000,5348.0000,5351.0000,5351.2000,5351.4000,5351.6000,5351.8000,1,1,2,1,4,1,1,1,1,3
SF,IC2003,2020-01-03 10:40:35.400,5350.6000,53777,0,4737968360.000,0,-,-,-,-,5350.4000,5349.8000,5349.0000,5348.8000,5348.0000,5351.2000,5351.4000,5351.6000,5351.8000,5352.2000,1,1,2,1,4,1,1,1,3,1
SF,IC2003,2020-01-03 10:40:35.900,5350.6000,53777,0,4737968360.000,0,-,-,-,-,5350.2000,5349.8000,5349.0000,5348.8000,5348.0000,5351.4000,5351.6000,5351.8000,5352.2000,5354.0000,1,1,2,1,4,1,1,3,1,1
SF,IC2003,2020-01-03 10:40:36.400,5350.6000,53777,0,4737968360.000,0,-,-,-,-,5350.2000,5349.8000,5349.0000,5348.8000,5348.0000,5350.6000,5351.4000,5351.6000,5351.8000,5352.2000,1,1,2,1,4,1,1,1,3,1
SF,IC2003,2020-01-03 10:40:36.900,5350.6000,53777,0,4739038480.000,1,0,1,多换,S,5350.6000,5350.2000,5349.8000,5349.0000,5348.8000,5351.4000,5351.6000,5351.8000,5352.2000,5354.0000,2,1,1,2,1,1,1,3,1,1
SF,IC2003,2020-01-03 10:40:37.400,5350.6000,53777,0,4739038480.000,0,-,-,-,-,5350.8000,5350.6000,5350.2000,5349.8000,5349.0000,5354.0000,5354.8000,5355.0000,5355.8000,5356.8000,1,2,1,1,2,1,1,1,1,1
SF,IC2003,2020-01-03 10:40:37.900,5350.6000,53777,0,4739038480.000,0,-,-,-,-,5350.8000,5350.6000,5350.2000,5349.0000,5348.8000,5351.6000,5351.8000,5352.2000,5352.4000,5352.6000,1,2,1,2,1,2,3,1,5,5
SF,IC2003,2020-01-03 10:40:38.400,5350.6000,53777,0,4739038480.000,0,-,-,-,-,5350.6000,5350.2000,5349.0000,5348.8000,5348.0000,5351.4000,5352.2000,5352.4000,5352.6000,5353.4000,2,1,2,1,4,1,1,3,5,1
SF,IC2003,2020-01-03 10:40:38.900,5350.6000,53777,0,4739038480.000,0,-,-,-,-,5350.6000,5350.2000,5349.0000,5348.8000,5348.0000,5351.2000,5352.2000,5352.4000,5353.4000,5353.6000,2,1,2,1,4,1,1,3,1,1
SF,IC2003,2020-01-03 10:40:39.900,5350.6000,53777,0,4739038480.000,0,-,-,-,-,5350.8000,5350.6000,5350.2000,5349.0000,5348.8000,5351.2000,5352.2000,5352.4000,5353.4000,5353.6000,1,2,1,2,1,1,1,3,1,1
SF,IC2003,2020-01-03 10:40:40.400,5350.6000,53775,-2,4742248840.000,3,0,3,多平,S,5350.2000,5349.0000,5348.8000,5348.0000,5347.0000,5350.6000,5350.8000,5351.0000,5351.2000,5352.2000,1,2,1,4,2,3,2,1,1,1
SF,IC2003,2020-01-03 10:40:40.900,5350.2000,53775,0,4743318880.000,1,0,1,多换,S,5349.0000,5348.8000,5348.0000,5347.0000,5346.8000,5350.0000,5350.2000,5350.6000,5351.2000,5352.2000,2,1,4,2,3,1,2,2,1,1
SF,IC2003,2020-01-03 10:40:41.400,5350.2000,53775,0,4743318880.000,0,-,-,-,-,5349.0000,5348.8000,5348.0000,5347.0000,5346.8000,5350.2000,5350.4000,5350.6000,5351.2000,5352.2000,2,1,4,2,3,2,1,2,1,1
SF,IC2003,2020-01-03 10:40:41.900,5350.2000,53775,0,4743318880.000,0,-,-,-,-,5349.2000,5349.0000,5348.8000,5348.0000,5347.0000,5350.0000,5350.2000,5350.4000,5350.6000,5352.2000,1,2,1,4,2,2,2,1,2,1
SF,IC2003,2020-01-03 10:40:42.400,5350.2000,53775,0,4743318880.000,0,-,-,-,-,5349.2000,5349.0000,5348.8000,5348.0000,5347.0000,5350.0000,5350.2000,5350.4000,5350.6000,5352.2000,1,2,1,4,2,2,1,1,2,1
SF,IC2003,2020-01-03 10:40:42.900,5350.2000,53775,0,4743318880.000,0,-,-,-,-,5349.0000,5348.8000,5348.0000,5347.0000,5346.8000,5350.0000,5350.2000,5350.4000,5350.6000,5352.2000,2,1,4,2,3,2,1,1,2,1
SF,IC2003,2020-01-03 10:40:43.400,5350.2000,53775,0,4743318880.000,0,-,-,-,-,5349.0000,5348.8000,5348.0000,5347.0000,5346.8000,5350.0000,5350.2000,5350.4000,5350.6000,5352.2000,2,1,4,2,3,2,1,1,2,1
SF,IC2003,2020-01-03 10:40:44.400,5350.2000,53775,0,4743318880.000,0,-,-,-,-,5349.0000,5348.8000,5348.0000,5347.0000,5346.8000,5350.0000,5350.2000,5350.6000,5352.2000,5352.4000,2,1,4,2,3,2,1,2,1,2
SF,IC2003,2020-01-03 10:40:44.900,5350.2000,53775,0,4743318880.000,0,-,-,-,-,5349.0000,5348.8000,5348.0000,5347.0000,5346.8000,5350.0000,5350.2000,5350.6000,5352.2000,5352.4000,2,1,4,2,3,1,1,2,1,2
SF,IC2003,2020-01-03 10:40:45.400,5350.2000,53775,0,4744388920.000,1,0,1,多换,S,5349.0000,5348.8000,5348.0000,5347.0000,5346.8000,5350.2000,5350.6000,5351.4000,5352.2000,5352.4000,2,1,4,2,3,1,2,1,1,2
SF,IC2003,2020-01-03 10:40:45.900,5350.2000,53775,0,4744388920.000,0,-,-,-,-,5349.2000,5349.0000,5348.8000,5348.0000,5347.0000,5350.6000,5351.4000,5352.2000,5352.4000,5353.4000,1,2,1,4,2,1,1,1,2,1
SF,IC2003,2020-01-03 10:40:46.400,5350.2000,53775,0,4744388920.000,0,-,-,-,-,5349.2000,5349.0000,5348.8000,5348.0000,5347.0000,5350.4000,5350.6000,5351.4000,5352.2000,5352.4000,1,2,1,4,2,4,1,1,1,2
SF,IC2003,2020-01-03 10:40:46.900,5350.2000,53775,0,4744388920.000,0,-,-,-,-,5349.0000,5348.8000,5348.0000,5347.0000,5346.8000,5349.8000,5350.2000,5350.4000,5350.6000,5351.4000,2,1,4,2,3,1,1,3,1,1
SF,IC2003,2020-01-03 10:40:47.900,5349.8000,53774,-1,4745458880.000,1,0,1,双平,S,5349.0000,5348.8000,5348.0000,5347.0000,5346.8000,5349.8000,5350.4000,5350.6000,5351.4000,5352.2000,2,1,4,2,3,1,4,1,1,1
SF,IC2003,2020-01-03 10:40:48.400,5349.8000,53773,-1,4746528840.000,1,0,1,双平,S,5349.2000,5349.0000,5348.8000,5348.0000,5347.0000,5350.4000,5350.6000,5351.4000,5352.2000,5352.4000,2,2,1,4,2,3,1,1,1,2
SF,IC2003,2020-01-03 10:40:48.900,5349.4000,53774,1,4748668800.000,2,1,1,空开,S,5349.2000,5349.0000,5348.8000,5348.0000,5347.0000,5350.2000,5350.6000,5351.4000,5352.2000,5352.4000,2,2,1,4,2,2,1,1,1,2
SF,IC2003,2020-01-03 10:40:49.400,5350.2000,53773,-1,4749738840.000,1,0,1,双平,S,5349.2000,5349.0000,5348.8000,5348.0000,5347.0000,5350.2000,5350.6000,5351.4000,5352.2000,5352.4000,2,2,1,4,2,1,1,1,1,2
SF,IC2003,2020-01-03 10:40:49.900,5350.2000,53773,0,4749738840.000,0,-,-,-,-,5349.2000,5349.0000,5348.8000,5348.0000,5347.0000,5350.0000,5350.2000,5350.6000,5351.4000,5352.2000,2,2,1,4,2,1,1,1,1,1
SF,IC2003,2020-01-03 10:40:50.400,5350.2000,53773,0,4749738840.000,0,-,-,-,-,5349.2000,5349.0000,5348.8000,5348.0000,5347.0000,5350.2000,5350.6000,5351.4000,5352.2000,5352.4000,2,2,1,4,2,1,1,1,1,2
SF,IC2003,2020-01-03 10:40:50.900,5350.2000,53773,0,4749738840.000,0,-,-,-,-,5349.2000,5349.0000,5348.8000,5348.0000,5347.0000,5350.6000,5351.4000,5352.2000,5352.4000,5353.4000,2,2,1,4,2,1,1,1,2,1
SF,IC2003,2020-01-03 10:40:51.400,5350.2000,53773,0,4749738840.000,0,-,-,-,-,5349.2000,5349.0000,5348.8000,5348.0000,5347.0000,5349.6000,5350.6000,5351.4000,5352.2000,5352.4000,2,2,1,4,2,1,1,1,1,2
SF,IC2003,2020-01-03 10:40:51.900,5349.8000,53773,0,4750808800.000,1,0,1,多换,S,5349.6000,5349.2000,5349.0000,5348.8000,5348.0000,5350.6000,5351.4000,5352.2000,5352.4000,5353.4000,1,2,2,1,4,1,1,1,2,1
SF,IC2003,2020-01-03 10:40:52.900,5349.8000,53773,0,4750808800.000,0,-,-,-,-,5349.2000,5349.0000,5348.8000,5348.0000,5347.0000,5349.4000,5350.6000,5351.4000,5352.2000,5352.4000,1,2,1,4,2,2,1,1,1,2
SF,IC2003,2020-01-03 10:40:53.400,5349.0000,53774,1,4754018360.000,3,2,1,空开,S,5349.0000,5348.8000,5348.0000,5347.0000,5346.8000,5350.2000,5350.6000,5351.4000,5352.2000,5352.4000,1,1,4,2,3,1,1,1,1,2
SF,IC2003,2020-01-03 10:40:53.900,5349.0000,53774,0,4754018360.000,0,-,-,-,-,5349.0000,5348.8000,5348.0000,5347.0000,5346.8000,5350.2000,5350.6000,5351.4000,5352.2000,5352.4000,3,1,4,2,3,1,1,1,1,2
SF,IC2003,2020-01-03 10:40:54.400,5349.0000,53774,0,4754018360.000,0,-,-,-,-,5349.0000,5348.8000,5348.0000,5347.0000,5346.8000,5350.0000,5350.2000,5350.6000,5351.4000,5352.2000,3,1,4,2,3,1,1,1,1,1
SF,IC2003,2020-01-03 10:40:56.900,5349.0000,53774,0,4754018360.000,0,-,-,-,-,5349.0000,5348.8000,5348.0000,5347.0000,5346.8000,5350.0000,5350.2000,5350.6000,5351.4000,5352.2000,2,1,4,2,3,1,1,1,1,1
SF,IC2003,2020-01-03 10:40:57.400,5349.0000,53774,0,4754018360.000,0,-,-,-,-,5349.2000,5349.0000,5348.8000,5348.0000,5347.0000,5350.0000,5350.2000,5350.6000,5351.4000,5352.2000,1,2,1,4,2,1,1,1,1,1
SF,IC2003,2020-01-03 10:40:58.400,5349.0000,53774,0,4755088160.000,1,0,1,多换,S,5349.0000,5348.8000,5348.0000,5347.0000,5346.8000,5350.0000,5350.2000,5350.6000,5351.4000,5352.2000,2,1,4,2,3,1,1,1,1,1
SF,IC2003,2020-01-03 10:40:59.400,5349.0000,53775,1,4756157960.000,1,1,0,双开,S,5349.0000,5348.8000,5348.0000,5347.0000,5346.8000,5349.8000,5350.0000,5350.2000,5350.6000,5351.4000,1,1,4,2,3,1,1,1,1,2
SF,IC2003,2020-01-03 10:40:59.900,5349.0000,53775,0,4756157960.000,0,-,-,-,-,5349.0000,5348.8000,5348.0000,5347.0000,5346.8000,5350.2000,5350.6000,5351.4000,5352.2000,5352.4000,1,1,4,2,3,1,1,2,1,2
SF,IC2003,2020-01-03 10:41:00.400,5349.0000,53775,0,4756157960.000,0,-,-,-,-,5349.0000,5348.8000,5348.0000,5347.0000,5346.8000,5350.0000,5350.2000,5350.6000,5351.4000,5352.2000,1,1,4,2,3,1,1,1,2,1
SF,IC2003,2020-01-03 10:41:00.900,5349.0000,53775,0,4756157960.000,0,-,-,-,-,5349.0000,5348.8000,5348.0000,5347.0000,5346.8000,5350.0000,5350.2000,5350.6000,5351.4000,5352.2000,1,1,4,2,3,1,1,1,2,1
SF,IC2003,2020-01-03 10:41:01.400,5349.0000,53775,0,4756157960.000,0,-,-,-,-,5349.2000,5349.0000,5348.8000,5348.0000,5347.0000,5350.0000,5350.2000,5350.6000,5351.4000,5352.2000,2,1,1,4,2,1,1,1,2,1
SF,IC2003,2020-01-03 10:41:01.900,5349.0000,53775,0,4756157960.000,0,-,-,-,-,5349.2000,5349.0000,5348.8000,5348.0000,5347.0000,5350.0000,5350.2000,5350.6000,5351.4000,5352.2000,2,1,1,4,2,1,1,1,2,1
SF,IC2003,2020-01-03 10:41:02.900,5349.2000,53775,0,4757227800.000,1,0,1,多换,S,5349.2000,5349.0000,5348.8000,5348.0000,5347.0000,5350.0000,5350.2000,5350.6000,5351.4000,5352.2000,1,1,1,4,2,1,1,1,2,1
SF,IC2003,2020-01-03 10:41:03.400,5349.2000,53775,0,4757227800.000,0,-,-,-,-,5349.2000,5349.0000,5348.8000,5348.0000,5347.0000,5350.0000,5350.2000,5350.6000,5351.4000,5352.2000,1,1,1,4,2,2,1,1,2,1
SF,IC2003,2020-01-03 10:41:03.900,5349.2000,53775,0,4757227800.000,0,-,-,-,-,5349.2000,5349.0000,5348.8000,5348.0000,5347.0000,5349.8000,5350.0000,5350.2000,5350.6000,5351.4000,1,1,1,4,2,1,1,1,1,2
SF,IC2003,2020-01-03 10:41:04.900,5349.2000,53775,0,4757227800.000,0,-,-,-,-,5349.2000,5349.0000,5348.8000,5348.0000,5347.0000,5349.8000,5350.0000,5350.2000,5350.6000,5351.4000,1,1,1,4,2,1,2,1,1,2
SF,IC2003,2020-01-03 10:41:05.400,5349.2000,53775,0,4757227800.000,0,-,-,-,-,5349.4000,5349.0000,5348.8000,5348.0000,5347.0000,5350.0000,5350.2000,5350.6000,5351.4000,5352.2000,1,1,1,4,2,2,1,1,2,1
SF,IC2003,2020-01-03 10:41:05.900,5349.2000,53775,0,4757227800.000,0,-,-,-,-,5349.4000,5349.0000,5348.8000,5348.0000,5347.0000,5349.6000,5350.0000,5350.2000,5350.6000,5351.4000,1,1,1,4,2,1,2,1,1,2
SF,IC2003,2020-01-03 10:41:06.400,5349.6000,53774,-1,4758297720.000,1,0,1,双平,S,5349.6000,5349.4000,5349.0000,5348.8000,5348.0000,5350.0000,5350.2000,5350.6000,5351.4000,5352.2000,1,1,1,1,4,1,1,1,2,1
SF,IC2003,2020-01-03 10:41:07.400,5349.6000,53774,0,4758297720.000,0,-,-,-,-,5349.6000,5349.4000,5349.0000,5348.8000,5348.0000,5350.0000,5350.2000,5350.6000,5351.4000,5352.2000,1,1,1,1,4,1,1,1,2,1
SF,IC2003,2020-01-03 10:41:07.900,5350.0000,53774,0,4759367720.000,1,0,1,多换,S,5349.4000,5349.0000,5348.8000,5348.0000,5347.0000,5350.2000,5350.6000,5351.4000,5352.2000,5352.4000,1,1,1,4,2,1,1,2,1,2
SF,IC2003,2020-01-03 10:41:08.400,5349.4000,53774,0,4760437600.000,1,0,1,多换,S,5349.0000,5348.8000,5348.0000,5347.0000,5346.8000,5350.2000,5350.6000,5351.4000,5352.2000,5352.4000,1,1,4,2,3,1,1,2,1,2
SF,IC2003,2020-01-03 10:41:10.900,5349.4000,53774,0,4760437600.000,0,-,-,-,-,5349.0000,5348.8000,5348.0000,5347.0000,5346.8000,5350.2000,5350.6000,5351.4000,5352.2000,5352.4000,1,1,4,2,3,1,1,2,1,2
SF,IC2003,2020-01-03 10:41:11.400,5349.0000,53774,0,4761507400.000,1,0,1,多换,S,5348.8000,5348.0000,5347.0000,5346.8000,5346.0000,5350.0000,5350.2000,5350.6000,5351.4000,5352.2000,1,4,2,3,3,1,1,1,2,1
SF,IC2003,2020-01-03 10:41:11.900,5349.0000,53774,0,4761507400.000,0,-,-,-,-,5348.8000,5348.0000,5347.0000,5346.8000,5346.0000,5349.6000,5350.0000,5350.2000,5350.6000,5351.4000,1,4,2,3,3,1,1,1,1,2
SF,IC2003,2020-01-03 10:41:12.400,5349.0000,53774,0,4761507400.000,0,-,-,-,-,5349.4000,5348.8000,5348.0000,5347.0000,5346.8000,5349.6000,5350.0000,5350.2000,5350.6000,5351.4000,1,1,4,2,3,1,1,1,1,2
SF,IC2003,2020-01-03 10:41:12.900,5349.4000,53775,1,4762577280.000,1,1,0,双开,S,5348.8000,5348.0000,5347.0000,5346.8000,5346.0000,5349.6000,5350.0000,5350.2000,5351.4000,5352.2000,1,4,2,3,3,1,1,1,2,1
SF,IC2003,2020-01-03 10:41:14.900,5349.6000,53776,1,4763647200.000,1,1,0,双开,S,5348.8000,5348.0000,5347.0000,5346.8000,5346.0000,5350.0000,5350.2000,5351.4000,5352.2000,5352.4000,1,4,2,3,3,1,1,2,1,2
SF,IC2003,2020-01-03 10:41:15.900,5348.8000,53776,0,4764716960.000,1,0,1,多换,S,5348.0000,5347.0000,5346.8000,5346.0000,5345.6000,5350.0000,5350.2000,5351.4000,5352.2000,5352.4000,4,2,3,3,1,1,1,2,1,2
SF,IC2003,2020-01-03 10:41:16.400,5348.8000,53776,0,4764716960.000,0,-,-,-,-,5348.2000,5348.0000,5347.0000,5346.8000,5346.0000,5350.0000,5350.2000,5351.4000,5352.2000,5352.4000,2,4,2,3,3,1,1,2,1,2
SF,IC2003,2020-01-03 10:41:16.900,5348.8000,53776,0,4764716960.000,0,-,-,-,-,5348.6000,5348.2000,5348.0000,5347.0000,5346.8000,5350.0000,5350.2000,5351.4000,5352.2000,5352.4000,1,1,4,2,3,1,1,2,1,2
SF,IC2003,2020-01-03 10:41:17.900,5350.0000,53775,-1,4765786960.000,1,0,1,双平,S,5348.2000,5348.0000,5347.0000,5346.8000,5346.0000,5350.2000,5351.4000,5352.2000,5352.4000,5353.2000,1,4,2,3,3,1,2,1,2,1
SF,IC2003,2020-01-03 10:41:18.400,5350.0000,53775,0,4765786960.000,0,-,-,-,-,5348.4000,5348.2000,5348.0000,5347.0000,5346.8000,5350.2000,5351.4000,5352.2000,5352.4000,5353.2000,1,1,4,2,3,1,2,1,2,1
SF,IC2003,2020-01-03 10:41:18.900,5350.0000,53775,0,4765786960.000,0,-,-,-,-,5348.8000,5348.6000,5348.0000,5347.0000,5346.8000,5350.2000,5351.4000,5352.2000,5352.4000,5353.2000,1,1,4,2,3,1,2,1,2,1
SF,IC2003,2020-01-03 10:41:19.400,5350.2000,53776,1,4766857000.000,1,1,0,双开,S,5350.2000,5349.0000,5348.0000,5347.0000,5346.8000,5351.4000,5352.2000,5352.4000,5353.2000,5353.4000,1,1,4,2,3,2,1,2,1,1
SF,IC2003,2020-01-03 10:41:19.900,5350.2000,53776,0,4767927040.000,1,0,1,多换,S,5349.0000,5348.0000,5347.0000,5346.8000,5346.0000,5350.0000,5350.8000,5351.2000,5351.4000,5352.2000,1,4,2,3,3,1,1,1,2,1
SF,IC2003,2020-01-03 10:41:20.900,5350.2000,53776,0,4767927040.000,0,-,-,-,-,5349.0000,5348.0000,5347.0000,5346.8000,5346.0000,5350.0000,5350.8000,5351.2000,5351.4000,5352.2000,1,4,2,3,3,2,1,1,2,1
SF,IC2003,2020-01-03 10:41:21.400,5350.2000,53776,0,4767927040.000,0,-,-,-,-,5349.0000,5348.0000,5347.0000,5346.8000,5346.0000,5350.0000,5350.8000,5351.2000,5351.4000,5352.2000,1,4,2,3,3,2,1,1,2,1
SF,IC2003,2020-01-03 10:41:22.400,5350.0000,53775,-1,4770067040.000,2,0,2,多平,S,5349.0000,5348.0000,5347.0000,5346.8000,5346.0000,5350.8000,5351.2000,5351.4000,5352.2000,5352.4000,1,4,2,3,3,1,1,2,1,2
SF,IC2003,2020-01-03 10:41:22.900,5350.0000,53775,0,4770067040.000,0,-,-,-,-,5349.4000,5349.0000,5348.0000,5347.8000,5347.0000,5350.4000,5350.6000,5350.8000,5351.4000,5352.2000,1,1,4,1,2,1,1,1,2,1
SF,IC2003,2020-01-03 10:41:23.900,5349.4000,53775,0,4771136920.000,1,0,1,多换,S,5349.0000,5348.0000,5347.8000,5347.0000,5346.8000,5349.4000,5350.4000,5350.6000,5350.8000,5351.4000,1,4,1,2,3,1,1,1,1,2
SF,IC2003,2020-01-03 10:41:24.400,5349.4000,53774,-1,4772206800.000,1,0,1,双平,S,5348.0000,5347.8000,5347.0000,5346.8000,5346.0000,5349.4000,5350.6000,5351.4000,5352.2000,5352.4000,4,1,2,3,3,1,1,2,1,2
SF,IC2003,2020-01-03 10:41:24.900,5349.4000,53774,0,4772206800.000,0,-,-,-,-,5348.2000,5348.0000,5347.8000,5347.0000,5346.8000,5349.4000,5350.6000,5351.4000,5352.2000,5352.4000,1,4,1,2,3,1,1,2,1,2
SF,IC2003,2020-01-03 10:41:25.400,5349.4000,53774,0,4772206800.000,0,-,-,-,-,5348.2000,5348.0000,5347.8000,5347.0000,5346.8000,5349.4000,5349.8000,5350.6000,5351.4000,5352.2000,1,4,1,2,3,1,1,1,2,1
SF,IC2003,2020-01-03 10:41:26.400,5349.4000,53774,0,4772206800.000,0,-,-,-,-,5348.2000,5348.0000,5347.8000,5347.0000,5346.8000,5349.2000,5349.4000,5350.6000,5351.4000,5352.2000,1,4,1,2,3,1,1,1,2,1
SF,IC2003,2020-01-03 10:41:27.400,5349.4000,53774,0,4772206800.000,0,-,-,-,-,5348.2000,5348.0000,5347.8000,5347.0000,5346.8000,5349.0000,5349.2000,5349.4000,5350.6000,5351.4000,1,4,1,2,3,1,1,1,1,2
SF,IC2003,2020-01-03 10:41:27.900,5349.4000,53774,0,4772206800.000,0,-,-,-,-,5348.2000,5348.0000,5347.0000,5346.8000,5346.0000,5349.2000,5349.4000,5350.6000,5351.4000,5352.2000,1,4,2,3,3,1,1,1,1,1
SF,IC2003,2020-01-03 10:41:28.400,5349.4000,53774,0,4772206800.000,0,-,-,-,-,5348.0000,5347.0000,5346.8000,5346.0000,5345.6000,5349.2000,5349.4000,5350.6000,5351.4000,5352.2000,4,2,3,3,1,1,1,1,1,1
SF,IC2003,2020-01-03 10:41:28.900,5349.2000,53775,1,4775416320.000,3,2,1,空开,S,5349.2000,5348.0000,5347.0000,5346.8000,5346.0000,5351.4000,5352.2000,5352.4000,5353.2000,5353.4000,1,4,2,3,3,1,1,2,1,1
SF,IC2003,2020-01-03 10:41:29.400,5349.2000,53775,0,4776486160.000,1,0,1,多换,S,5348.0000,5347.0000,5346.8000,5346.0000,5345.6000,5349.2000,5349.4000,5349.8000,5350.0000,5350.2000,4,2,3,3,1,6,4,1,1,1
SF,IC2003,2020-01-03 10:41:29.900,5349.2000,53775,0,4776486160.000,0,-,-,-,-,5348.0000,5347.0000,5346.8000,5346.0000,5345.6000,5349.2000,5350.8000,5351.0000,5351.2000,5351.4000,4,2,3,3,1,5,3,2,4,2
SF,IC2003,2020-01-03 10:41:30.400,5348.0000,53773,-2,4782903920.000,6,2,4,多平,S,5348.0000,5347.0000,5346.8000,5346.0000,5345.6000,5349.2000,5350.6000,5350.8000,5351.0000,5351.2000,2,2,3,3,1,7,1,3,2,4
SF,IC2003,2020-01-03 10:41:30.900,5348.0000,53773,0,4785043120.000,2,1,1,多换,S,5347.0000,5346.8000,5346.4000,5346.0000,5345.6000,5347.8000,5349.0000,5349.2000,5350.6000,5350.8000,2,3,4,3,1,1,4,6,1,3
SF,IC2003,2020-01-03 10:41:31.400,5349.0000,53775,2,4789321440.000,4,3,1,空开,S,5347.2000,5347.0000,5346.8000,5346.4000,5346.0000,5347.8000,5348.8000,5349.0000,5349.2000,5350.6000,1,1,3,4,3,1,1,2,2,1
SF,IC2003,2020-01-03 10:41:31.900,5347.8000,53775,0,4790391000.000,1,0,1,多换,S,5347.2000,5347.0000,5346.8000,5346.4000,5346.0000,5349.0000,5349.2000,5350.6000,5350.8000,5351.0000,1,1,3,4,3,2,2,1,3,2
SF,IC2003,2020-01-03 10:41:32.400,5347.8000,53775,0,4790391000.000,0,-,-,-,-,5347.2000,5347.0000,5346.8000,5346.4000,5346.0000,5348.6000,5348.8000,5349.0000,5349.2000,5350.6000,1,1,3,4,3,1,1,2,2,1
SF,IC2003,2020-01-03 10:41:32.900,5347.8000,53775,0,4790391000.000,0,-,-,-,-,5347.2000,5347.0000,5346.8000,5346.4000,5346.0000,5348.6000,5349.0000,5349.2000,5350.6000,5350.8000,1,1,3,4,3,1,2,2,1,3
SF,IC2003,2020-01-03 10:41:33.400,5347.8000,53775,0,4790391000.000,0,-,-,-,-,5347.2000,5347.0000,5346.8000,5346.4000,5346.0000,5348.4000,5348.6000,5349.0000,5349.2000,5350.6000,1,1,3,4,3,1,1,2,2,1
SF,IC2003,2020-01-03 10:41:33.900,5347.8000,53775,0,4790391000.000,0,-,-,-,-,5347.2000,5347.0000,5346.8000,5346.4000,5346.0000,5348.4000,5348.6000,5349.0000,5349.2000,5350.6000,1,1,3,4,3,1,1,2,2,1
SF,IC2003,2020-01-03 10:41:34.400,5347.2000,53775,0,4791460440.000,1,0,1,多换,S,5347.0000,5346.8000,5346.4000,5346.0000,5345.6000,5348.2000,5348.4000,5348.6000,5349.0000,5349.2000,1,3,4,3,1,1,1,1,1,2
SF,IC2003,2020-01-03 10:41:34.900,5347.2000,53775,0,4791460440.000,0,-,-,-,-,5347.0000,5346.8000,5346.4000,5346.0000,5345.6000,5348.0000,5348.2000,5348.4000,5348.6000,5350.6000,1,3,4,3,1,1,2,1,1,1
SF,IC2003,2020-01-03 10:41:35.400,5347.8000,53775,0,4792530000.000,1,0,1,多换,S,5347.2000,5347.0000,5346.8000,5346.4000,5346.0000,5348.0000,5348.2000,5348.4000,5348.6000,5350.6000,1,1,3,4,3,1,1,1,1,1
SF,IC2003,2020-01-03 10:41:35.900,5347.8000,53775,0,4792530000.000,0,-,-,-,-,5347.2000,5347.0000,5346.8000,5346.4000,5346.0000,5348.0000,5348.2000,5348.4000,5348.6000,5350.6000,1,1,3,4,3,1,1,1,1,1
SF,IC2003,2020-01-03 10:41:36.400,5347.8000,53775,0,4792530000.000,0,-,-,-,-,5347.2000,5347.0000,5346.8000,5346.4000,5346.0000,5348.2000,5348.4000,5348.6000,5350.6000,5350.8000,1,1,3,4,3,1,1,2,1,3
SF,IC2003,2020-01-03 10:41:36.900,5347.8000,53775,0,4792530000.000,0,-,-,-,-,5347.2000,5347.0000,5346.8000,5346.4000,5346.0000,5348.2000,5348.6000,5350.6000,5350.8000,5351.0000,1,1,3,4,3,2,1,1,3,2
SF,IC2003,2020-01-03 10:41:37.900,5347.2000,53774,-1,4793599440.000,1,0,1,双平,S,5347.0000,5346.8000,5346.4000,5346.0000,5345.6000,5347.2000,5348.2000,5348.6000,5350.6000,5350.8000,1,3,4,3,1,3,1,1,1,3
SF,IC2003,2020-01-03 10:41:38.400,5347.2000,53773,-1,4796807760.000,3,1,2,多平,S,5347.2000,5347.0000,5346.8000,5346.4000,5346.0000,5348.0000,5348.6000,5350.6000,5350.8000,5351.0000,3,1,3,4,3,1,1,1,3,2
SF,IC2003,2020-01-03 10:41:38.900,5347.2000,53773,0,4796807760.000,0,-,-,-,-,5347.0000,5346.8000,5346.4000,5346.0000,5345.6000,5348.0000,5348.2000,5348.6000,5350.8000,5351.0000,1,3,4,3,1,1,1,1,3,2
SF,IC2003,2020-01-03 10:41:39.400,5347.2000,53773,0,4796807760.000,0,-,-,-,-,5347.0000,5346.8000,5346.4000,5346.0000,5345.6000,5347.8000,5348.0000,5348.2000,5348.6000,5348.8000,1,3,4,3,1,1,1,1,1,1
SF,IC2003,2020-01-03 10:41:39.900,5347.2000,53773,0,4796807760.000,0,-,-,-,-,5347.0000,5346.8000,5346.4000,5346.0000,5345.6000,5348.0000,5348.2000,5348.6000,5348.8000,5350.8000,1,3,4,3,1,1,1,1,1,3
SF,IC2003,2020-01-03 10:41:40.400,5347.2000,53773,0,4796807760.000,0,-,-,-,-,5347.0000,5346.8000,5346.4000,5346.0000,5345.6000,5347.6000,5348.0000,5348.2000,5348.6000,5348.8000,1,3,4,3,1,1,1,1,1,1
SF,IC2003,2020-01-03 10:41:40.900,5347.2000,53773,0,4796807760.000,0,-,-,-,-,5347.0000,5346.8000,5346.4000,5346.0000,5345.6000,5347.2000,5347.6000,5348.0000,5348.6000,5348.8000,2,3,4,3,1,1,1,1,1,1
SF,IC2003,2020-01-03 10:41:41.400,5347.6000,53772,-1,4798946720.000,2,0,2,多平,S,5347.4000,5347.2000,5347.0000,5346.8000,5346.4000,5348.0000,5348.6000,5348.8000,5350.8000,5351.0000,1,2,2,3,4,1,1,1,3,2
SF,IC2003,2020-01-03 10:41:41.900,5347.4000,53772,0,4800016200.000,1,0,1,多换,S,5347.2000,5347.0000,5346.8000,5346.4000,5346.0000,5348.6000,5348.8000,5350.8000,5351.0000,5351.2000,1,2,3,4,3,1,1,3,2,3
SF,IC2003,2020-01-03 10:41:42.400,5347.4000,53772,0,4800016200.000,0,-,-,-,-,5347.2000,5347.0000,5346.8000,5346.4000,5346.0000,5348.4000,5348.6000,5348.8000,5350.8000,5351.0000,1,2,3,4,3,1,1,1,3,2
SF,IC2003,2020-01-03 10:41:42.900,5347.4000,53772,0,4800016200.000,0,-,-,-,-,5347.2000,5347.0000,5346.8000,5346.4000,5346.0000,5348.4000,5348.6000,5348.8000,5350.0000,5350.8000,1,2,3,4,3,1,1,1,1,3
SF,IC2003,2020-01-03 10:41:44.400,5347.4000,53772,0,4800016200.000,0,-,-,-,-,5347.2000,5347.0000,5346.8000,5346.4000,5346.0000,5348.4000,5348.6000,5348.8000,5350.0000,5350.8000,1,2,3,4,3,1,1,1,1,3
SF,IC2003,2020-01-03 10:41:44.900,5347.4000,53772,0,4800016200.000,0,-,-,-,-,5347.4000,5347.2000,5347.0000,5346.8000,5346.4000,5348.6000,5348.8000,5350.0000,5350.8000,5351.0000,1,2,2,3,4,1,1,1,3,2
SF,IC2003,2020-01-03 10:41:45.400,5347.4000,53771,-1,4802155400.000,2,0,2,多平,S,5347.4000,5347.2000,5347.0000,5346.8000,5346.4000,5350.0000,5350.8000,5351.0000,5351.2000,5351.4000,1,1,2,3,4,1,3,2,3,2
SF,IC2003,2020-01-03 10:41:45.900,5347.4000,53771,0,4802155400.000,0,-,-,-,-,5347.8000,5347.6000,5347.4000,5347.2000,5347.0000,5349.8000,5350.0000,5351.0000,5351.2000,5351.4000,1,3,1,1,2,1,1,3,3,2
SF,IC2003,2020-01-03 10:41:46.400,5347.4000,53771,0,4802155400.000,0,-,-,-,-,5348.6000,5348.2000,5348.0000,5347.8000,5347.2000,5349.8000,5350.0000,5351.0000,5351.2000,5351.4000,2,1,1,1,1,1,1,2,2,1
SF,IC2003,2020-01-03 10:41:46.900,5347.4000,53771,0,4802155400.000,0,-,-,-,-,5348.8000,5348.6000,5348.2000,5347.4000,5347.2000,5349.8000,5350.0000,5351.0000,5351.2000,5351.4000,1,1,1,1,1,1,1,2,2,1
SF,IC2003,2020-01-03 10:41:48.400,5347.4000,53771,0,4802155400.000,0,-,-,-,-,5348.8000,5348.6000,5348.2000,5347.4000,5347.2000,5349.8000,5350.0000,5351.0000,5351.2000,5351.4000,1,1,1,1,1,1,1,2,2,1
SF,IC2003,2020-01-03 10:41:49.400,5347.4000,53771,0,4802155400.000,0,-,-,-,-,5348.8000,5348.6000,5348.2000,5347.4000,5347.0000,5349.8000,5350.0000,5351.0000,5351.2000,5351.4000,1,1,1,2,2,1,1,1,2,1
SF,IC2003,2020-01-03 10:41:49.900,5347.4000,53771,0,4802155400.000,0,-,-,-,-,5348.6000,5348.2000,5347.4000,5347.0000,5346.8000,5349.8000,5350.0000,5351.0000,5351.2000,5351.4000,1,1,2,2,3,1,1,1,2,1
SF,IC2003,2020-01-03 10:41:50.400,5347.4000,53771,0,4802155400.000,0,-,-,-,-,5349.0000,5348.8000,5348.6000,5348.2000,5347.4000,5350.0000,5351.0000,5351.4000,5352.2000,5352.4000,1,1,1,1,3,1,1,1,1,2
SF,IC2003,2020-01-03 10:41:50.900,5347.4000,53771,0,4802155400.000,0,-,-,-,-,5348.6000,5347.4000,5347.0000,5346.8000,5346.4000,5349.8000,5350.0000,5351.0000,5351.4000,5352.2000,1,3,2,3,4,1,1,1,1,1
SF,IC2003,2020-01-03 10:41:51.400,5347.4000,53771,0,4802155400.000,0,-,-,-,-,5348.6000,5347.4000,5347.0000,5346.8000,5346.4000,5349.8000,5350.0000,5351.0000,5351.4000,5352.2000,2,3,2,3,4,1,1,1,1,1
SF,IC2003,2020-01-03 10:41:51.900,5347.4000,53771,0,4802155400.000,0,-,-,-,-,5348.8000,5348.6000,5347.4000,5347.0000,5346.8000,5350.0000,5351.0000,5351.4000,5352.2000,5352.4000,1,2,3,2,3,1,1,1,1,2
SF,IC2003,2020-01-03 10:41:52.400,5347.4000,53771,0,4802155400.000,0,-,-,-,-,5348.8000,5348.6000,5347.4000,5347.0000,5346.8000,5350.0000,5351.0000,5351.4000,5352.2000,5352.4000,1,2,3,2,3,1,1,1,1,2
SF,IC2003,2020-01-03 10:41:52.900,5347.4000,53771,0,4802155400.000,0,-,-,-,-,5348.8000,5348.6000,5347.4000,5347.0000,5346.8000,5350.0000,5351.0000,5351.4000,5352.2000,5352.4000,2,1,3,2,3,1,1,1,1,2
SF,IC2003,2020-01-03 10:41:53.400,5347.4000,53771,0,4802155400.000,0,-,-,-,-,5348.8000,5348.6000,5347.4000,5347.0000,5346.8000,5349.8000,5350.0000,5351.0000,5351.4000,5352.2000,1,1,3,2,3,1,1,1,1,1
SF,IC2003,2020-01-03 10:41:54.900,5347.4000,53771,0,4802155400.000,0,-,-,-,-,5348.8000,5348.6000,5347.4000,5347.0000,5346.8000,5349.8000,5350.0000,5351.0000,5351.4000,5352.2000,1,1,2,2,3,1,1,1,1,1
SF,IC2003,2020-01-03 10:41:55.900,5347.4000,53771,0,4802155400.000,0,-,-,-,-,5348.6000,5347.4000,5347.0000,5346.8000,5346.4000,5349.8000,5350.0000,5351.0000,5351.4000,5352.2000,1,1,2,3,4,1,1,1,1,1
SF,IC2003,2020-01-03 10:41:56.400,5347.4000,53771,0,4802155400.000,0,-,-,-,-,5348.8000,5348.6000,5347.4000,5347.0000,5346.8000,5349.8000,5350.0000,5351.0000,5351.4000,5352.2000,1,1,1,2,3,2,1,1,1,1
SF,IC2003,2020-01-03 10:41:56.900,5347.4000,53771,0,4802155400.000,0,-,-,-,-,5348.8000,5348.6000,5347.4000,5347.0000,5346.8000,5349.8000,5350.0000,5351.0000,5351.4000,5352.2000,1,1,1,2,3,1,1,1,1,1
SF,IC2003,2020-01-03 10:41:57.400,5347.4000,53771,0,4802155400.000,0,-,-,-,-,5348.8000,5348.6000,5347.4000,5347.0000,5346.8000,5349.6000,5349.8000,5350.0000,5351.0000,5351.4000,1,1,1,2,3,1,1,1,1,1
SF,IC2003,2020-01-03 10:41:59.900,5347.4000,53771,0,4802155400.000,0,-,-,-,-,5348.8000,5347.4000,5347.0000,5346.8000,5346.4000,5349.6000,5349.8000,5350.0000,5351.0000,5351.4000,1,1,2,3,4,1,1,1,1,1
SF,IC2003,2020-01-03 10:42:00.400,5348.8000,53770,-1,4803225160.000,1,0,1,双平,S,5347.4000,5347.0000,5346.8000,5346.4000,5346.0000,5348.8000,5349.6000,5349.8000,5350.0000,5351.0000,1,2,3,4,3,3,1,1,1,1
SF,IC2003,2020-01-03 10:42:00.900,5348.8000,53770,0,4803225160.000,0,-,-,-,-,5347.6000,5347.4000,5347.0000,5346.8000,5346.4000,5348.8000,5349.6000,5349.8000,5350.0000,5351.0000,1,1,2,3,4,3,1,1,1,1
SF,IC2003,2020-01-03 10:42:01.400,5348.8000,53770,0,4803225160.000,0,-,-,-,-,5347.4000,5347.0000,5346.8000,5346.4000,5346.0000,5348.6000,5348.8000,5349.8000,5350.0000,5351.0000,1,2,3,4,3,1,3,1,1,1
SF,IC2003,2020-01-03 10:42:01.900,5348.8000,53770,0,4803225160.000,0,-,-,-,-,5347.4000,5347.0000,5346.8000,5346.4000,5346.0000,5348.6000,5348.8000,5349.8000,5350.0000,5351.0000,1,2,3,4,3,2,3,1,1,1
SF,IC2003,2020-01-03 10:42:02.400,5348.8000,53770,0,4803225160.000,0,-,-,-,-,5347.4000,5347.0000,5346.8000,5346.4000,5346.0000,5348.6000,5348.8000,5349.8000,5350.0000,5351.0000,1,2,3,4,3,1,3,1,1,1
SF,IC2003,2020-01-03 10:42:03.400,5348.8000,53770,0,4803225160.000,0,-,-,-,-,5347.4000,5347.0000,5346.8000,5346.4000,5346.0000,5348.6000,5348.8000,5349.8000,5350.0000,5351.0000,1,2,3,4,3,1,3,1,1,1
SF,IC2003,2020-01-03 10:42:04.400,5348.8000,53770,0,4803225160.000,0,-,-,-,-,5347.4000,5347.0000,5346.4000,5346.0000,5345.8000,5348.6000,5348.8000,5349.8000,5350.0000,5351.0000,1,2,4,3,1,1,3,1,1,1
SF,IC2003,2020-01-03 10:42:05.900,5348.8000,53770,0,4803225160.000,0,-,-,-,-,5347.4000,5347.0000,5346.4000,5346.0000,5345.8000,5348.6000,5348.8000,5349.8000,5350.0000,5351.4000,1,2,4,3,1,1,3,1,1,1
SF,IC2003,2020-01-03 10:42:06.400,5348.8000,53770,0,4803225160.000,0,-,-,-,-,5347.4000,5347.0000,5346.4000,5346.0000,5345.8000,5348.6000,5348.8000,5349.8000,5350.0000,5351.4000,1,2,4,3,1,1,1,1,1,1
SF,IC2003,2020-01-03 10:42:07.400,5347.4000,53768,-2,4805364360.000,2,0,2,双平,S,5347.0000,5346.4000,5346.0000,5345.8000,5345.6000,5347.4000,5348.8000,5349.8000,5350.0000,5351.4000,2,4,3,1,1,7,1,1,1,1
SF,IC2003,2020-01-03 10:42:07.900,5347.4000,53766,-2,4808572720.000,3,0,3,多平,S,5347.0000,5346.4000,5346.0000,5345.8000,5345.6000,5347.4000,5349.8000,5350.0000,5351.4000,5352.2000,1,4,3,1,1,5,1,1,1,1
SF,IC2003,2020-01-03 10:42:08.400,5347.4000,53766,0,4808572720.000,0,-,-,-,-,5347.0000,5346.4000,5346.0000,5345.8000,5345.6000,5347.4000,5349.8000,5350.0000,5351.4000,5352.2000,1,4,3,1,1,5,1,1,1,1
SF,IC2003,2020-01-03 10:42:08.900,5347.4000,53764,-2,4810711680.000,2,0,2,双平,S,5347.0000,5346.4000,5346.0000,5345.8000,5345.6000,5347.4000,5349.8000,5350.0000,5351.4000,5352.2000,1,4,3,1,1,3,1,1,1,1
SF,IC2003,2020-01-03 10:42:09.400,5347.4000,53763,-1,4813920120.000,3,1,2,多平,S,5347.2000,5347.0000,5346.4000,5346.0000,5345.8000,5349.8000,5350.0000,5351.4000,5352.2000,5352.4000,1,1,4,3,1,1,1,1,1,2
SF,IC2003,2020-01-03 10:42:09.900,5347.4000,53763,0,4813920120.000,0,-,-,-,-,5347.4000,5347.2000,5347.0000,5346.4000,5346.0000,5349.2000,5349.4000,5349.6000,5349.8000,5350.0000,1,1,1,4,3,1,1,6,1,1
SF,IC2003,2020-01-03 10:42:10.400,5347.4000,53763,0,4813920120.000,0,-,-,-,-,5347.6000,5347.0000,5346.4000,5346.0000,5345.8000,5348.8000,5349.0000,5349.2000,5349.6000,5349.8000,1,1,4,3,1,1,1,1,5,1
SF,IC2003,2020-01-03 10:42:10.900,5347.4000,53763,0,4813920120.000,0,-,-,-,-,5347.6000,5347.0000,5346.4000,5346.0000,5345.8000,5349.2000,5349.6000,5349.8000,5350.0000,5351.4000,2,1,4,3,1,1,3,1,1,1
SF,IC2003,2020-01-03 10:42:11.400,5347.4000,53763,0,4813920120.000,0,-,-,-,-,5347.6000,5347.0000,5346.4000,5346.0000,5345.8000,5349.2000,5349.6000,5349.8000,5350.0000,5351.4000,2,1,4,3,1,1,2,1,1,1
SF,IC2003,2020-01-03 10:42:11.900,5347.4000,53763,0,4813920120.000,0,-,-,-,-,5347.6000,5347.0000,5346.4000,5346.0000,5345.8000,5349.0000,5349.2000,5349.6000,5349.8000,5350.0000,2,1,4,3,1,1,1,1,1,1
SF,IC2003,2020-01-03 10:42:12.400,5347.4000,53763,0,4813920120.000,0,-,-,-,-,5347.6000,5347.0000,5346.4000,5346.0000,5345.8000,5349.0000,5349.2000,5349.6000,5349.8000,5350.0000,1,1,4,3,1,1,1,1,1,1
SF,IC2003,2020-01-03 10:42:12.900,5347.4000,53763,0,4813920120.000,0,-,-,-,-,5347.6000,5347.0000,5346.4000,5346.0000,5345.8000,5349.0000,5349.2000,5349.6000,5349.8000,5350.0000,1,1,4,3,1,1,1,1,1,1
SF,IC2003,2020-01-03 10:42:13.400,5347.4000,53763,0,4813920120.000,0,-,-,-,-,5347.6000,5347.0000,5346.4000,5346.0000,5345.8000,5349.0000,5349.2000,5349.6000,5349.8000,5350.0000,1,1,4,3,1,1,1,1,1,1
SF,IC2003,2020-01-03 10:42:13.900,5348.8000,53758,-5,4819268920.000,5,0,5,双平,S,5347.0000,5346.4000,5346.0000,5345.8000,5345.6000,5349.0000,5349.2000,5349.6000,5349.8000,5350.0000,1,4,3,1,1,1,1,1,1,1
SF,IC2003,2020-01-03 10:42:14.400,5348.8000,53758,0,4819268920.000,0,-,-,-,-,5347.2000,5347.0000,5346.4000,5346.0000,5345.8000,5348.8000,5349.0000,5349.2000,5349.6000,5349.8000,1,1,4,3,1,1,1,1,1,1
SF,IC2003,2020-01-03 10:42:14.900,5348.8000,53758,0,4819268920.000,0,-,-,-,-,5347.2000,5347.0000,5346.4000,5346.0000,5345.8000,5349.0000,5349.2000,5349.6000,5349.8000,5350.0000,1,1,4,3,1,1,1,1,1,1
SF,IC2003,2020-01-03 10:42:15.400,5348.8000,53758,0,4819268920.000,0,-,-,-,-,5347.2000,5347.0000,5346.4000,5346.0000,5345.8000,5348.6000,5349.0000,5349.2000,5349.6000,5349.8000,1,1,4,3,1,1,1,2,1,1
SF,IC2003,2020-01-03 10:42:15.900,5348.8000,53758,0,4819268920.000,0,-,-,-,-,5347.2000,5347.0000,5346.4000,5346.0000,5345.8000,5349.0000,5349.2000,5349.6000,5349.8000,5351.4000,1,1,4,3,1,1,2,1,1,1
SF,IC2003,2020-01-03 10:42:16.400,5348.8000,53758,0,4819268920.000,0,-,-,-,-,5347.2000,5347.0000,5346.4000,5346.0000,5345.6000,5348.6000,5349.0000,5349.2000,5349.6000,5349.8000,1,1,4,3,1,1,1,2,1,1
SF,IC2003,2020-01-03 10:42:16.900,5348.8000,53758,0,4819268920.000,0,-,-,-,-,5347.2000,5347.0000,5346.4000,5346.0000,5345.6000,5349.0000,5349.2000,5349.6000,5349.8000,5351.4000,1,2,4,3,1,1,2,1,1,1
SF,IC2003,2020-01-03 10:42:17.400,5348.8000,53758,0,4819268920.000,0,-,-,-,-,5347.2000,5347.0000,5346.4000,5346.0000,5345.6000,5348.6000,5349.0000,5349.2000,5349.8000,5351.4000,1,2,4,3,1,1,1,2,1,1
SF,IC2003,2020-01-03 10:42:17.900,5348.8000,53758,0,4819268920.000,0,-,-,-,-,5347.6000,5347.4000,5347.2000,5347.0000,5346.4000,5349.0000,5349.2000,5349.8000,5351.4000,5352.2000,1,1,1,2,4,1,2,1,1,1
SF,IC2003,2020-01-03 10:42:18.400,5348.8000,53758,0,4819268920.000,0,-,-,-,-,5347.8000,5347.6000,5347.4000,5347.0000,5346.4000,5349.2000,5349.8000,5351.4000,5352.2000,5352.4000,1,1,1,2,4,1,1,1,1,2
SF,IC2003,2020-01-03 10:42:18.900,5348.8000,53758,0,4819268920.000,0,-,-,-,-,5347.8000,5347.6000,5347.4000,5347.0000,5346.4000,5349.0000,5349.2000,5349.8000,5351.4000,5352.2000,1,1,1,2,4,1,1,1,1,1
SF,IC2003,2020-01-03 10:42:19.400,5347.8000,53757,-1,4820338480.000,1,0,1,双平,S,5347.6000,5347.4000,5347.0000,5346.4000,5346.0000,5349.2000,5349.8000,5351.4000,5352.2000,5352.4000,1,1,2,4,3,1,1,1,1,2
SF,IC2003,2020-01-03 10:42:19.900,5347.8000,53757,0,4820338480.000,0,-,-,-,-,5347.8000,5347.6000,5347.4000,5347.0000,5346.4000,5349.2000,5351.4000,5352.2000,5352.4000,5353.2000,1,1,1,2,4,1,1,1,2,1
SF,IC2003,2020-01-03 10:42:20.400,5349.2000,53757,0,4821408320.000,1,0,1,多换,S,5348.2000,5347.8000,5347.6000,5347.4000,5347.0000,5349.0000,5351.4000,5352.2000,5352.4000,5353.2000,1,2,1,1,2,1,1,1,2,1
SF,IC2003,2020-01-03 10:42:20.900,5349.0000,53755,-2,4823547920.000,2,0,2,双平,S,5349.2000,5349.0000,5348.8000,5348.4000,5348.2000,5351.4000,5352.2000,5352.4000,5353.2000,5353.6000,4,5,2,3,1,1,1,2,1,1
SF,IC2003,2020-01-03 10:42:21.400,5349.0000,53755,0,4823547920.000,0,-,-,-,-,5349.4000,5349.2000,5349.0000,5348.4000,5348.2000,5350.6000,5351.0000,5351.2000,5351.4000,5352.2000,1,1,3,3,1,1,1,2,1,1
SF,IC2003,2020-01-03 10:42:21.900,5349.0000,53755,0,4823547920.000,0,-,-,-,-,5349.4000,5349.2000,5349.0000,5348.4000,5348.2000,5350.4000,5351.4000,5352.2000,5352.4000,5353.2000,1,1,3,2,1,2,1,1,2,1
SF,IC2003,2020-01-03 10:42:22.900,5349.0000,53755,0,4823547920.000,0,-,-,-,-,5349.4000,5349.2000,5349.0000,5348.4000,5348.2000,5350.4000,5351.4000,5352.2000,5352.4000,5353.2000,1,1,3,2,1,2,1,1,2,1
SF,IC2003,2020-01-03 10:42:24.400,5349.0000,53755,0,4823547920.000,0,-,-,-,-,5349.4000,5349.2000,5349.0000,5348.4000,5348.2000,5350.4000,5351.4000,5352.2000,5352.4000,5353.2000,1,1,3,2,1,2,1,1,2,1
SF,IC2003,2020-01-03 10:42:24.900,5349.0000,53755,0,4823547920.000,0,-,-,-,-,5349.2000,5349.0000,5348.4000,5348.2000,5347.6000,5350.4000,5351.4000,5352.2000,5352.4000,5353.2000,1,3,2,1,1,2,1,1,2,1
SF,IC2003,2020-01-03 10:42:25.400,5349.0000,53755,0,4823547920.000,0,-,-,-,-,5349.6000,5349.2000,5349.0000,5348.4000,5348.2000,5350.4000,5351.4000,5352.2000,5352.4000,5353.2000,1,1,3,2,1,2,1,1,2,1
SF,IC2003,2020-01-03 10:42:25.900,5349.0000,53755,0,4823547920.000,0,-,-,-,-,5349.2000,5349.0000,5348.4000,5348.2000,5347.6000,5350.4000,5351.4000,5352.2000,5352.4000,5353.2000,1,3,2,1,1,2,1,1,2,1
SF,IC2003,2020-01-03 10:42:26.400,5349.0000,53755,0,4823547920.000,0,-,-,-,-,5349.4000,5349.2000,5349.0000,5348.4000,5348.2000,5350.4000,5351.4000,5352.2000,5352.4000,5353.2000,1,1,3,2,1,2,1,1,2,1
SF,IC2003,2020-01-03 10:42:26.900,5349.0000,53755,0,4823547920.000,0,-,-,-,-,5349.4000,5349.0000,5348.4000,5348.2000,5347.6000,5350.4000,5351.4000,5352.2000,5352.4000,5353.2000,1,2,2,1,1,2,1,1,2,1
SF,IC2003,2020-01-03 10:42:27.900,5349.0000,53755,0,4823547920.000,0,-,-,-,-,5349.4000,5349.0000,5348.2000,5347.6000,5347.0000,5350.4000,5351.4000,5352.2000,5352.4000,5353.2000,1,2,1,1,2,2,1,1,2,1
SF,IC2003,2020-01-03 10:42:28.400,5349.0000,53755,0,4824617720.000,1,0,1,多换,S,5348.2000,5347.6000,5347.0000,5346.4000,5346.0000,5349.4000,5350.2000,5350.4000,5351.4000,5352.2000,1,1,2,4,3,1,1,2,1,1
SF,IC2003,2020-01-03 10:42:28.900,5349.0000,53755,0,4824617720.000,0,-,-,-,-,5348.4000,5348.2000,5347.6000,5347.0000,5346.4000,5350.2000,5350.4000,5351.4000,5352.2000,5352.4000,1,1,1,2,4,1,1,1,1,2
SF,IC2003,2020-01-03 10:42:29.400,5348.4000,53754,-1,4825687400.000,1,0,1,双平,S,5348.2000,5347.6000,5347.0000,5346.4000,5346.0000,5349.8000,5350.0000,5350.2000,5351.4000,5352.2000,1,1,2,4,3,1,2,1,1,1
SF,IC2003,2020-01-03 10:42:29.900,5348.4000,53754,0,4825687400.000,0,-,-,-,-,5348.6000,5348.4000,5348.2000,5347.6000,5347.0000,5349.6000,5350.0000,5350.2000,5351.4000,5352.2000,1,3,1,1,2,2,1,1,1,1
SF,IC2003,2020-01-03 10:42:30.400,5348.6000,53754,0,4826757120.000,1,0,1,多换,S,5348.6000,5348.2000,5347.6000,5347.0000,5346.4000,5349.6000,5350.0000,5351.4000,5352.2000,5352.4000,1,1,1,2,4,2,1,1,1,2
SF,IC2003,2020-01-03 10:42:30.900,5349.6000,53754,0,4827827040.000,1,0,1,多换,S,5348.6000,5348.2000,5347.6000,5347.0000,5346.4000,5349.6000,5350.0000,5351.4000,5352.2000,5352.4000,1,1,1,2,4,1,1,1,1,2
SF,IC2003,2020-01-03 10:42:31.400,5348.8000,53754,0,4828896800.000,1,0,1,多换,S,5348.6000,5348.2000,5347.6000,5347.0000,5346.4000,5349.8000,5350.0000,5351.4000,5352.2000,5352.4000,2,1,1,2,4,1,1,1,1,2
SF,IC2003,2020-01-03 10:42:31.900,5348.8000,53754,0,4828896800.000,0,-,-,-,-,5348.6000,5348.2000,5347.6000,5347.0000,5346.4000,5349.4000,5349.6000,5349.8000,5350.0000,5351.4000,2,1,1,2,4,1,1,1,1,1
SF,IC2003,2020-01-03 10:42:32.400,5348.8000,53754,0,4828896800.000,0,-,-,-,-,5348.8000,5348.6000,5348.2000,5347.6000,5347.0000,5349.4000,5349.6000,5350.0000,5351.4000,5352.2000,1,2,1,1,2,1,1,1,1,1
SF,IC2003,2020-01-03 10:42:32.900,5349.4000,53754,0,4829966680.000,1,0,1,多换,S,5348.8000,5348.6000,5348.2000,5347.6000,5347.0000,5349.6000,5350.0000,5351.4000,5352.2000,5352.4000,1,2,1,1,2,1,1,1,1,2
SF,IC2003,2020-01-03 10:42:33.400,5348.6000,53753,-1,4831036400.000,1,0,1,双平,S,5348.6000,5348.2000,5347.6000,5347.0000,5346.4000,5349.4000,5349.6000,5351.4000,5352.2000,5352.4000,1,1,1,2,4,1,1,1,1,2
SF,IC2003,2020-01-03 10:42:33.900,5349.4000,53753,0,4832106280.000,1,0,1,多换,S,5348.6000,5348.2000,5347.6000,5347.0000,5346.4000,5349.6000,5351.4000,5352.2000,5352.4000,5353.2000,1,1,1,2,4,1,1,1,2,1
SF,IC2003,2020-01-03 10:42:34.400,5349.4000,53753,0,4832106280.000,0,-,-,-,-,5348.2000,5347.6000,5347.0000,5346.4000,5346.0000,5349.6000,5351.4000,5352.2000,5352.4000,5353.2000,1,1,2,4,3,1,1,1,2,1
SF,IC2003,2020-01-03 10:42:34.900,5349.4000,53753,0,4832106280.000,0,-,-,-,-,5348.4000,5348.2000,5347.6000,5347.0000,5346.4000,5349.6000,5351.4000,5352.2000,5352.4000,5353.2000,2,1,1,2,4,1,1,1,2,1
SF,IC2003,2020-01-03 10:42:35.900,5349.4000,53753,0,4832106280.000,0,-,-,-,-,5348.8000,5348.4000,5348.2000,5347.6000,5347.0000,5349.6000,5351.4000,5352.2000,5352.4000,5353.2000,1,2,1,1,2,1,1,1,2,1
SF,IC2003,2020-01-03 10:42:36.900,5349.4000,53753,0,4832106280.000,0,-,-,-,-,5349.4000,5348.8000,5348.4000,5348.2000,5347.6000,5349.6000,5351.4000,5352.2000,5352.4000,5353.2000,2,2,2,1,1,1,1,1,2,1
SF,IC2003,2020-01-03 10:42:37.400,5349.8000,53748,-5,4838526200.000,6,0,6,多平,S,5349.8000,5349.6000,5348.8000,5348.4000,5348.2000,5352.2000,5352.4000,5353.2000,5353.6000,5354.0000,1,4,2,2,1,1,2,1,1,2
SF,IC2003,2020-01-03 10:42:37.900,5349.6000,53747,-1,4841736040.000,3,1,2,多平,S,5349.6000,5348.8000,5348.4000,5348.2000,5347.6000,5349.8000,5351.0000,5351.6000,5351.8000,5352.0000,3,1,2,1,1,1,1,1,1,1
SF,IC2003,2020-01-03 10:42:38.400,5349.8000,53745,-2,4844945920.000,3,0,3,多平,S,5349.6000,5348.8000,5348.4000,5348.2000,5347.6000,5351.0000,5352.0000,5353.2000,5353.6000,5354.0000,3,1,2,1,1,1,1,1,1,2
SF,IC2003,2020-01-03 10:42:38.900,5349.8000,53745,0,4844945920.000,0,-,-,-,-,5350.2000,5349.6000,5348.4000,5348.2000,5347.6000,5350.8000,5351.0000,5353.2000,5353.6000,5354.0000,1,3,2,1,1,1,1,1,1,2
SF,IC2003,2020-01-03 10:42:39.400,5349.8000,53745,0,4844945920.000,0,-,-,-,-,5350.2000,5349.6000,5348.4000,5348.2000,5347.6000,5350.8000,5351.0000,5353.2000,5353.6000,5354.0000,1,3,2,1,1,1,1,1,1,1
SF,IC2003,2020-01-03 10:42:39.900,5349.8000,53745,0,4844945920.000,0,-,-,-,-,5350.2000,5349.6000,5348.4000,5348.2000,5347.6000,5350.8000,5353.2000,5353.6000,5354.0000,5354.6000,1,3,2,1,1,1,1,1,1,2
SF,IC2003,2020-01-03 10:42:40.400,5350.2000,53744,-1,4846015960.000,1,0,1,双平,S,5349.6000,5348.4000,5348.2000,5347.6000,5347.0000,5350.8000,5353.2000,5353.6000,5354.0000,5354.6000,3,2,1,1,2,1,1,1,1,2
SF,IC2003,2020-01-03 10:42:40.900,5350.8000,53743,-1,4847086120.000,1,0,1,双平,S,5349.8000,5349.6000,5348.4000,5348.2000,5347.6000,5353.2000,5353.6000,5354.0000,5354.6000,5355.0000,1,3,2,1,1,1,1,1,2,3
SF,IC2003,2020-01-03 10:42:41.400,5350.8000,53743,0,4847086120.000,0,-,-,-,-,5350.0000,5349.8000,5349.6000,5348.4000,5348.2000,5351.8000,5352.6000,5352.8000,5353.0000,5353.2000,3,1,3,2,1,1,1,2,3,1
SF,IC2003,2020-01-03 10:42:41.900,5351.4000,53742,-1,4848156400.000,1,0,1,双平,S,5349.6000,5348.4000,5348.2000,5347.6000,5347.0000,5351.6000,5351.8000,5352.8000,5353.0000,5353.2000,3,2,1,1,2,1,1,1,1,1
SF,IC2003,2020-01-03 10:42:42.400,5351.4000,53742,0,4848156400.000,0,-,-,-,-,5349.8000,5349.6000,5348.4000,5348.2000,5347.6000,5351.4000,5351.6000,5351.8000,5352.8000,5353.0000,1,3,2,1,1,1,1,1,1,1
SF,IC2003,2020-01-03 10:42:42.900,5351.4000,53742,0,4848156400.000,0,-,-,-,-,5349.8000,5349.6000,5348.4000,5348.2000,5347.6000,5351.2000,5351.4000,5351.8000,5352.4000,5352.8000,1,3,2,1,1,1,1,1,1,1
SF,IC2003,2020-01-03 10:42:43.400,5351.4000,53742,0,4848156400.000,0,-,-,-,-,5349.8000,5349.6000,5348.4000,5348.2000,5347.6000,5351.2000,5351.4000,5351.8000,5352.4000,5352.8000,1,2,2,1,1,1,1,1,1,1
SF,IC2003,2020-01-03 10:42:43.900,5351.4000,53742,0,4848156400.000,0,-,-,-,-,5349.6000,5348.4000,5348.2000,5347.6000,5347.0000,5351.2000,5351.8000,5352.4000,5352.8000,5353.0000,2,2,1,1,2,1,1,1,1,1
SF,IC2003,2020-01-03 10:42:44.400,5351.2000,53741,-1,4849226640.000,1,0,1,双平,S,5349.6000,5348.4000,5348.2000,5347.6000,5347.0000,5352.4000,5352.8000,5353.0000,5353.2000,5353.6000,2,2,1,1,2,1,1,1,1,1
SF,IC2003,2020-01-03 10:42:44.900,5351.2000,53741,0,4849226640.000,0,-,-,-,-,5349.8000,5349.6000,5348.4000,5348.2000,5347.6000,5351.6000,5352.2000,5352.4000,5352.8000,5353.0000,2,2,2,1,1,1,2,1,1,1
SF,IC2003,2020-01-03 10:42:45.400,5351.2000,53741,0,4849226640.000,0,-,-,-,-,5349.6000,5348.4000,5348.2000,5347.0000,5346.4000,5350.2000,5350.4000,5351.4000,5351.6000,5351.8000,1,2,1,2,4,2,1,1,1,2
SF,IC2003,2020-01-03 10:42:45.900,5351.2000,53741,0,4849226640.000,0,-,-,-,-,5348.4000,5348.2000,5347.0000,5346.4000,5346.0000,5351.4000,5351.8000,5352.4000,5353.0000,5353.2000,2,1,2,4,3,1,2,1,1,1
SF,IC2003,2020-01-03 10:42:46.400,5351.2000,53741,0,4849226640.000,0,-,-,-,-,5348.6000,5348.4000,5348.2000,5347.0000,5346.4000,5351.0000,5351.2000,5351.4000,5351.8000,5352.4000,3,2,1,2,4,1,1,1,2,1
SF,IC2003,2020-01-03 10:42:46.900,5351.2000,53741,0,4849226640.000,0,-,-,-,-,5349.0000,5348.8000,5348.6000,5348.4000,5347.0000,5350.8000,5351.0000,5351.2000,5351.8000,5352.4000,2,2,3,1,2,2,1,1,1,1
SF,IC2003,2020-01-03 10:42:47.400,5351.2000,53741,0,4849226640.000,0,-,-,-,-,5349.4000,5349.2000,5348.8000,5348.6000,5348.4000,5350.8000,5351.0000,5351.8000,5352.4000,5353.0000,2,1,2,1,1,1,1,1,1,1
SF,IC2003,2020-01-03 10:42:47.900,5351.2000,53741,0,4849226640.000,0,-,-,-,-,5349.6000,5348.8000,5348.6000,5348.4000,5347.0000,5350.8000,5351.0000,5351.8000,5352.4000,5353.0000,1,2,1,1,2,1,1,1,1,1
SF,IC2003,2020-01-03 10:42:48.400,5351.2000,53741,0,4849226640.000,0,-,-,-,-,5348.8000,5348.6000,5348.4000,5347.0000,5346.4000,5350.6000,5351.0000,5351.8000,5352.4000,5353.0000,2,1,1,2,4,1,1,1,1,1
SF,IC2003,2020-01-03 10:42:48.900,5350.8000,53741,0,4850296800.000,1,0,1,多换,S,5349.2000,5349.0000,5348.4000,5347.0000,5346.4000,5351.0000,5351.8000,5352.4000,5353.0000,5353.2000,2,1,1,2,4,1,1,1,1,1
SF,IC2003,2020-01-03 10:42:49.400,5350.8000,53741,0,4850296800.000,0,-,-,-,-,5349.4000,5348.4000,5347.0000,5346.4000,5346.0000,5350.8000,5351.0000,5351.8000,5352.4000,5353.0000,1,1,2,4,3,1,1,1,1,1
SF,IC2003,2020-01-03 10:42:49.900,5350.8000,53741,0,4850296800.000,0,-,-,-,-,5349.4000,5348.4000,5347.0000,5346.4000,5346.0000,5350.8000,5351.0000,5351.8000,5352.4000,5353.0000,1,1,2,4,3,1,1,2,1,1
SF,IC2003,2020-01-03 10:42:50.400,5350.8000,53741,0,4850296800.000,0,-,-,-,-,5349.4000,5348.4000,5347.0000,5346.4000,5346.0000,5350.8000,5351.0000,5351.8000,5352.4000,5353.0000,1,1,2,4,3,1,2,1,1,1
SF,IC2003,2020-01-03 10:42:51.400,5350.8000,53741,0,4850296800.000,0,-,-,-,-,5349.4000,5348.4000,5347.0000,5346.4000,5346.0000,5350.6000,5350.8000,5351.0000,5351.8000,5352.4000,1,1,2,4,3,1,1,2,1,1
SF,IC2003,2020-01-03 10:42:51.900,5350.8000,53741,0,4850296800.000,0,-,-,-,-,5349.4000,5348.4000,5347.0000,5346.4000,5346.0000,5350.6000,5350.8000,5351.0000,5351.8000,5352.4000,1,2,2,4,3,1,1,2,1,1
SF,IC2003,2020-01-03 10:42:52.900,5350.8000,53741,0,4850296800.000,0,-,-,-,-,5349.4000,5348.4000,5347.0000,5346.4000,5346.0000,5350.6000,5350.8000,5351.0000,5351.8000,5352.4000,1,2,2,4,3,1,1,1,1,1
SF,IC2003,2020-01-03 10:42:53.400,5350.6000,53741,0,4851366920.000,1,0,1,多换,S,5349.4000,5348.4000,5347.0000,5346.4000,5346.0000,5350.8000,5351.0000,5351.8000,5352.4000,5353.0000,1,2,2,4,3,1,1,1,1,1
SF,IC2003,2020-01-03 10:42:53.900,5350.6000,53741,0,4851366920.000,0,-,-,-,-,5349.4000,5348.4000,5347.0000,5346.4000,5346.0000,5350.4000,5350.8000,5351.0000,5351.8000,5352.4000,1,1,2,4,3,1,1,1,1,1
SF,IC2003,2020-01-03 10:42:56.400,5350.6000,53741,0,4851366920.000,0,-,-,-,-,5349.4000,5348.4000,5347.0000,5346.4000,5346.0000,5350.4000,5350.8000,5351.0000,5351.8000,5352.4000,1,1,2,4,3,1,1,1,1,1
SF,IC2003,2020-01-03 10:42:56.900,5350.6000,53741,0,4851366920.000,0,-,-,-,-,5348.4000,5347.0000,5346.4000,5346.0000,5345.6000,5350.4000,5350.8000,5351.0000,5351.8000,5352.4000,1,2,4,3,1,1,1,1,1,1
SF,IC2003,2020-01-03 10:42:57.400,5350.6000,53741,0,4851366920.000,0,-,-,-,-,5348.6000,5348.4000,5347.0000,5346.4000,5346.0000,5350.2000,5350.4000,5351.0000,5351.8000,5352.4000,1,1,2,4,3,2,1,1,1,1
SF,IC2003,2020-01-03 10:42:57.900,5350.6000,53741,0,4851366920.000,0,-,-,-,-,5349.6000,5348.6000,5348.4000,5347.0000,5346.4000,5350.2000,5350.4000,5351.0000,5351.8000,5352.4000,1,1,1,2,4,2,1,1,1,1
SF,IC2003,2020-01-03 10:42:58.400,5349.6000,53741,0,4852436840.000,1,0,1,多换,S,5348.4000,5347.0000,5346.4000,5346.0000,5345.6000,5349.2000,5349.4000,5349.6000,5350.0000,5350.2000,1,2,4,3,1,3,4,8,3,2
SF,IC2003,2020-01-03 10:42:58.900,5348.4000,53741,0,4853506520.000,1,0,1,多换,S,5347.0000,5346.4000,5346.0000,5345.6000,5345.4000,5348.4000,5349.4000,5349.6000,5350.0000,5350.2000,2,4,3,1,3,5,3,3,2,2
SF,IC2003,2020-01-03 10:42:59.400,5348.4000,53741,0,4853506520.000,0,-,-,-,-,5347.2000,5347.0000,5346.4000,5346.0000,5345.6000,5349.4000,5349.6000,5350.0000,5350.2000,5351.0000,1,2,4,3,1,2,3,1,2,1
SF,IC2003,2020-01-03 10:42:59.900,5347.2000,53740,-1,4854575960.000,1,0,1,双平,S,5347.0000,5346.4000,5346.0000,5345.6000,5345.4000,5348.6000,5349.2000,5349.6000,5350.0000,5350.2000,2,4,3,1,3,2,2,3,1,1
SF,IC2003,2020-01-03 10:43:00.400,5347.2000,53740,0,4854575960.000,0,-,-,-,-,5347.2000,5347.0000,5346.4000,5346.0000,5345.6000,5348.4000,5348.6000,5349.0000,5349.2000,5349.6000,1,2,4,3,1,2,2,1,1,3
SF,IC2003,2020-01-03 10:43:00.900,5347.2000,53740,0,4854575960.000,0,-,-,-,-,5347.8000,5347.0000,5346.4000,5346.0000,5345.6000,5348.4000,5348.6000,5349.2000,5349.6000,5350.2000,1,2,4,3,1,4,2,1,3,1
SF,IC2003,2020-01-03 10:43:01.400,5347.8000,53740,0,4855645520.000,1,0,1,多换,S,5347.0000,5346.4000,5346.0000,5345.6000,5345.4000,5347.6000,5347.8000,5348.2000,5348.4000,5348.6000,2,4,3,1,3,1,4,1,4,2
SF,IC2003,2020-01-03 10:43:01.900,5347.8000,53740,0,4855645520.000,0,-,-,-,-,5347.2000,5347.0000,5346.4000,5346.0000,5345.6000,5347.4000,5347.6000,5348.4000,5348.6000,5349.2000,1,2,4,3,1,1,1,3,2,1
SF,IC2003,2020-01-03 10:43:02.400,5347.2000,53739,-1,4857784440.000,2,0,2,多平,S,5347.0000,5346.4000,5346.0000,5345.6000,5345.4000,5347.2000,5348.4000,5348.6000,5349.2000,5349.6000,2,4,3,1,3,1,3,2,1,2
SF,IC2003,2020-01-03 10:43:02.900,5347.0000,53739,0,4859923240.000,2,1,1,多换,S,5346.4000,5346.0000,5345.6000,5345.4000,5345.0000,5347.0000,5348.4000,5348.6000,5349.6000,5351.8000,4,3,1,3,2,3,1,1,2,1
SF,IC2003,2020-01-03 10:43:03.400,5346.4000,53739,0,4864200360.000,4,2,2,多换,S,5346.0000,5345.6000,5345.4000,5345.0000,5344.2000,5346.4000,5348.4000,5351.8000,5353.0000,5353.2000,3,1,3,2,2,3,1,1,1,1
SF,IC2003,2020-01-03 10:43:03.900,5346.0000,53741,2,4867407960.000,3,2,1,空开,S,5345.6000,5345.4000,5345.0000,5344.2000,5344.0000,5346.0000,5351.8000,5353.0000,5353.2000,5353.6000,1,3,2,2,2,4,1,1,1,1
SF,IC2003,2020-01-03 10:43:04.400,5345.6000,53741,0,4868477080.000,1,0,1,多换,S,5345.4000,5345.0000,5344.2000,5344.0000,5343.8000,5351.8000,5353.0000,5353.2000,5353.6000,5354.0000,3,2,2,2,1,1,1,1,1,1
SF,IC2003,2020-01-03 10:43:04.900,5345.6000,53741,0,4868477080.000,0,-,-,-,-,5345.6000,5345.4000,5345.0000,5344.2000,5344.0000,5347.4000,5347.6000,5347.8000,5348.2000,5348.4000,3,3,2,2,2,1,6,2,1,3
SF,IC2003,2020-01-03 10:43:05.400,5345.6000,53740,-1,4869546200.000,1,0,1,双平,S,5345.4000,5345.0000,5344.2000,5344.0000,5343.8000,5346.4000,5346.6000,5347.2000,5347.6000,5348.2000,3,2,2,2,1,1,1,3,1,1
SF,IC2003,2020-01-03 10:43:05.900,5346.4000,53739,-1,4870615480.000,1,0,1,双平,S,5346.4000,5345.8000,5345.4000,5345.0000,5344.2000,5347.2000,5347.6000,5348.2000,5348.4000,5350.0000,1,1,3,2,2,1,1,1,3,1
SF,IC2003,2020-01-03 10:43:06.400,5347.2000,53738,-1,4871684920.000,1,0,1,双平,S,5350.2000,5349.4000,5347.2000,5346.4000,5345.8000,5350.6000,5350.8000,5351.4000,5351.6000,5351.8000,5,2,1,1,1,2,3,13,3,1
SF,IC2003,2020-01-03 10:43:06.900,5349.4000,53736,-2,4879174800.000,7,2,5,多平,S,5347.2000,5346.4000,5345.4000,5345.0000,5344.2000,5348.6000,5349.0000,5349.2000,5349.4000,5349.6000,1,1,3,2,2,2,1,1,7,4
SF,IC2003,2020-01-03 10:43:07.400,5346.4000,53737,1,4881313520.000,2,1,1,空开,S,5345.4000,5345.0000,5344.2000,5344.0000,5343.8000,5348.4000,5348.6000,5349.0000,5349.2000,5349.4000,3,2,2,2,1,6,1,1,2,5
SF,IC2003,2020-01-03 10:43:07.900,5346.2000,53736,-1,4884521240.000,3,1,2,多平,S,5346.0000,5345.6000,5345.4000,5345.0000,5344.2000,5348.0000,5348.2000,5348.4000,5348.6000,5349.0000,2,3,3,2,2,1,1,2,1,1
SF,IC2003,2020-01-03 10:43:08.400,5346.2000,53736,0,4884521240.000,0,-,-,-,-,5346.2000,5345.6000,5345.4000,5345.0000,5344.2000,5348.4000,5348.6000,5349.2000,5349.4000,5350.0000,5,2,3,2,2,3,1,1,4,5
SF,IC2003,2020-01-03 10:43:08.900,5346.2000,53736,0,4884521240.000,0,-,-,-,-,5346.6000,5346.2000,5345.6000,5345.4000,5345.0000,5347.8000,5348.2000,5348.4000,5348.6000,5349.2000,2,4,2,3,2,1,1,2,1,2
SF,IC2003,2020-01-03 10:43:09.400,5346.2000,53736,0,4884521240.000,0,-,-,-,-,5346.8000,5346.2000,5345.6000,5345.4000,5345.0000,5347.8000,5348.2000,5348.4000,5348.6000,5349.2000,3,3,1,3,2,1,1,2,1,2
SF,IC2003,2020-01-03 10:43:09.900,5346.6000,53735,-1,4885590560.000,1,0,1,双平,S,5347.0000,5346.8000,5346.2000,5345.6000,5345.4000,5347.8000,5348.2000,5348.6000,5349.2000,5349.4000,2,1,2,1,3,2,1,1,2,4
SF,IC2003,2020-01-03 10:43:10.400,5348.2000,53737,2,4888799320.000,3,2,1,空开,S,5348.4000,5347.2000,5347.0000,5346.2000,5345.6000,5348.6000,5349.2000,5349.4000,5349.8000,5350.0000,4,2,3,1,1,1,2,4,2,6
SF,IC2003,2020-01-03 10:43:10.900,5348.4000,53737,0,4892008400.000,3,1,2,多换,S,5348.4000,5347.0000,5346.2000,5345.6000,5345.4000,5349.2000,5349.4000,5349.8000,5350.0000,5350.2000,2,3,1,1,3,1,4,1,5,6
SF,IC2003,2020-01-03 10:43:11.400,5348.4000,53735,-2,4894147760.000,2,0,2,双平,S,5348.4000,5347.0000,5346.2000,5345.6000,5345.4000,5349.0000,5349.2000,5350.0000,5350.2000,5350.4000,2,1,1,1,3,1,1,5,4,1
SF,IC2003,2020-01-03 10:43:11.900,5348.4000,53735,0,4896287120.000,2,1,1,多换,S,5345.6000,5345.4000,5345.0000,5344.2000,5344.0000,5348.8000,5349.2000,5350.0000,5350.2000,5350.4000,1,3,2,2,2,1,1,5,4,1
SF,IC2003,2020-01-03 10:43:12.400,5348.4000,53735,0,4896287120.000,0,-,-,-,-,5347.6000,5347.2000,5346.8000,5346.6000,5346.4000,5348.6000,5349.2000,5350.0000,5350.2000,5350.4000,4,1,1,3,2,2,1,5,4,1
SF,IC2003,2020-01-03 10:43:12.900,5348.4000,53735,0,4896287120.000,0,-,-,-,-,5347.8000,5346.8000,5346.6000,5346.4000,5346.0000,5349.2000,5350.0000,5350.2000,5350.4000,5350.8000,1,1,2,2,1,1,5,5,1,1
SF,IC2003,2020-01-03 10:43:13.400,5348.4000,53735,0,4896287120.000,0,-,-,-,-,5347.8000,5346.8000,5346.6000,5346.4000,5346.0000,5349.0000,5349.2000,5350.0000,5350.2000,5350.4000,1,2,2,2,1,2,1,5,5,1
SF,IC2003,2020-01-03 10:43:13.900,5348.4000,53735,0,4896287120.000,0,-,-,-,-,5346.8000,5346.6000,5346.4000,5346.0000,5345.8000,5349.0000,5349.2000,5350.0000,5350.2000,5350.4000,2,2,2,2,7,1,1,5,5,1
SF,IC2003,2020-01-03 10:43:14.400,5348.4000,53735,0,4896287120.000,0,-,-,-,-,5347.2000,5347.0000,5346.8000,5346.6000,5346.0000,5349.0000,5349.2000,5350.0000,5350.2000,5350.4000,3,2,2,2,2,1,1,5,5,2
SF,IC2003,2020-01-03 10:43:14.900,5348.4000,53735,0,4896287120.000,0,-,-,-,-,5347.6000,5347.4000,5347.2000,5346.8000,5346.6000,5349.2000,5350.0000,5350.2000,5350.4000,5350.8000,2,4,3,1,2,1,5,5,2,1
SF,IC2003,2020-01-03 10:43:15.400,5348.4000,53735,0,4896287120.000,0,-,-,-,-,5348.0000,5347.8000,5347.6000,5347.4000,5347.2000,5349.2000,5349.6000,5350.0000,5350.2000,5350.4000,1,2,1,2,3,1,1,5,5,2
SF,IC2003,2020-01-03 10:43:15.900,5348.4000,53735,0,4896287120.000,0,-,-,-,-,5347.8000,5347.6000,5347.4000,5347.2000,5346.8000,5349.0000,5349.2000,5349.6000,5350.0000,5350.2000,1,1,2,1,1,1,1,1,5,4
SF,IC2003,2020-01-03 10:43:16.400,5348.4000,53735,0,4896287120.000,0,-,-,-,-,5347.8000,5347.6000,5347.4000,5347.2000,5346.8000,5349.2000,5350.0000,5350.2000,5350.4000,5350.8000,1,1,2,1,1,1,5,4,2,1
SF,IC2003,2020-01-03 10:43:16.900,5348.4000,53735,0,4896287120.000,0,-,-,-,-,5347.8000,5347.6000,5347.4000,5347.2000,5346.8000,5349.2000,5349.4000,5350.0000,5350.2000,5350.4000,1,1,2,1,1,1,1,6,3,1
SF,IC2003,2020-01-03 10:43:17.400,5349.2000,53735,0,4898426760.000,2,1,1,多换,S,5349.2000,5347.8000,5347.6000,5347.2000,5346.8000,5349.4000,5350.0000,5350.2000,5350.4000,5350.8000,3,1,1,1,1,1,6,3,1,1
SF,IC2003,2020-01-03 10:43:17.900,5349.2000,53735,0,4901636280.000,3,1,2,多换,S,5347.6000,5347.2000,5346.8000,5346.6000,5346.0000,5347.8000,5348.6000,5348.8000,5349.0000,5349.2000,1,1,1,2,3,1,2,2,2,5
SF,IC2003,2020-01-03 10:43:18.400,5347.8000,53735,0,4903775360.000,2,1,1,多换,S,5346.0000,5345.8000,5345.6000,5345.4000,5345.0000,5347.2000,5348.4000,5349.0000,5349.2000,5350.0000,3,2,6,3,2,1,1,1,3,6
SF,IC2003,2020-01-03 10:43:18.900,5347.8000,53735,0,4903775360.000,0,-,-,-,-,5346.2000,5346.0000,5345.6000,5345.4000,5345.0000,5348.4000,5349.0000,5349.2000,5349.8000,5350.0000,1,3,5,3,2,1,1,3,1,6
SF,IC2003,2020-01-03 10:43:19.400,5347.8000,53735,0,4903775360.000,0,-,-,-,-,5346.2000,5346.0000,5345.6000,5345.4000,5345.0000,5348.0000,5348.2000,5348.4000,5349.0000,5349.2000,1,3,5,3,2,1,2,1,3,3
SF,IC2003,2020-01-03 10:43:19.900,5347.8000,53735,0,4903775360.000,0,-,-,-,-,5346.2000,5346.0000,5345.6000,5345.4000,5345.0000,5347.8000,5348.0000,5348.2000,5349.0000,5349.2000,1,3,5,3,2,1,1,1,2,3
SF,IC2003,2020-01-03 10:43:20.400,5347.8000,53735,0,4903775360.000,0,-,-,-,-,5346.2000,5346.0000,5345.6000,5345.4000,5345.0000,5347.2000,5347.6000,5347.8000,5348.0000,5349.0000,1,3,5,3,2,1,1,1,1,2
SF,IC2003,2020-01-03 10:43:20.900,5347.8000,53735,0,4903775360.000,0,-,-,-,-,5346.2000,5346.0000,5345.6000,5345.4000,5345.0000,5347.2000,5347.6000,5348.0000,5349.0000,5349.2000,1,3,5,3,2,1,1,1,2,3
SF,IC2003,2020-01-03 10:43:21.400,5347.8000,53734,-1,4904844920.000,1,0,1,双平,S,5346.2000,5346.0000,5345.6000,5345.4000,5345.0000,5347.6000,5348.0000,5349.0000,5349.2000,5349.8000,1,3,5,3,2,1,1,2,3,1
SF,IC2003,2020-01-03 10:43:21.900,5347.8000,53734,0,4904844920.000,0,-,-,-,-,5346.2000,5346.0000,5345.6000,5345.4000,5345.0000,5347.4000,5347.6000,5349.0000,5349.2000,5349.8000,1,3,5,3,2,1,1,2,3,2
SF,IC2003,2020-01-03 10:43:22.400,5347.8000,53734,0,4905914480.000,1,0,1,多换,S,5346.2000,5346.0000,5345.6000,5345.4000,5345.0000,5347.4000,5347.6000,5349.0000,5349.2000,5349.8000,1,3,5,3,2,1,1,2,3,2
SF,IC2003,2020-01-03 10:43:22.900,5347.8000,53734,0,4905914480.000,0,-,-,-,-,5346.0000,5345.6000,5345.4000,5345.0000,5344.2000,5347.4000,5347.6000,5348.8000,5349.0000,5349.2000,3,5,3,2,2,2,1,1,1,3
SF,IC2003,2020-01-03 10:43:23.400,5347.8000,53734,0,4905914480.000,0,-,-,-,-,5346.0000,5345.6000,5345.4000,5345.0000,5344.2000,5347.0000,5347.2000,5347.4000,5348.8000,5349.2000,3,5,3,2,2,2,1,3,1,3
SF,IC2003,2020-01-03 10:43:23.900,5347.8000,53734,0,4905914480.000,0,-,-,-,-,5346.0000,5345.6000,5345.4000,5345.0000,5344.2000,5346.8000,5347.0000,5347.2000,5347.4000,5348.8000,3,5,3,2,2,1,2,1,2,1
SF,IC2003,2020-01-03 10:43:24.400,5347.2000,53735,1,4911261680.000,5,3,2,空开,S,5346.2000,5346.0000,5345.6000,5345.4000,5345.0000,5347.4000,5348.8000,5349.2000,5349.8000,5350.0000,1,3,5,3,2,1,1,2,2,6
SF,IC2003,2020-01-03 10:43:24.900,5347.2000,53735,0,4911261680.000,0,-,-,-,-,5346.2000,5346.0000,5345.6000,5345.4000,5345.0000,5347.4000,5348.8000,5349.2000,5349.8000,5350.0000,2,3,5,3,2,1,1,2,2,6
SF,IC2003,2020-01-03 10:43:25.400,5347.2000,53735,0,4911261680.000,0,-,-,-,-,5346.2000,5346.0000,5345.6000,5345.4000,5345.0000,5347.4000,5348.0000,5348.8000,5349.2000,5349.8000,2,3,5,3,2,1,1,1,2,2
SF,IC2003,2020-01-03 10:43:26.400,5347.2000,53735,0,4911261680.000,0,-,-,-,-,5346.2000,5346.0000,5345.6000,5345.4000,5345.0000,5347.2000,5347.4000,5348.0000,5348.8000,5349.2000,2,3,5,3,2,2,1,1,1,2
SF,IC2003,2020-01-03 10:43:26.900,5346.2000,53733,-2,4913400160.000,2,0,2,双平,S,5346.0000,5345.6000,5345.4000,5345.0000,5344.6000,5347.2000,5347.4000,5348.0000,5348.8000,5349.2000,3,5,3,2,1,2,1,1,1,2
SF,IC2003,2020-01-03 10:43:27.400,5347.2000,53733,0,4914469600.000,1,0,1,多换,S,5346.2000,5346.0000,5345.6000,5345.4000,5345.0000,5347.4000,5348.0000,5348.8000,5349.2000,5349.8000,1,3,5,3,4,1,1,1,2,1
SF,IC2003,2020-01-03 10:43:27.900,5347.4000,53732,-1,4915539080.000,1,0,1,双平,S,5347.4000,5347.0000,5346.4000,5346.2000,5346.0000,5348.0000,5348.8000,5349.2000,5349.8000,5350.0000,1,2,1,1,3,1,1,1,1,6
SF,IC2003,2020-01-03 10:43:28.400,5347.4000,53732,0,4915539080.000,0,-,-,-,-,5346.4000,5346.2000,5346.0000,5345.6000,5345.4000,5349.2000,5349.8000,5350.0000,5350.2000,5350.4000,1,1,3,5,3,1,1,6,1,1
SF,IC2003,2020-01-03 10:43:28.900,5347.4000,53732,0,4915539080.000,0,-,-,-,-,5347.0000,5346.8000,5346.6000,5346.4000,5346.0000,5348.8000,5349.0000,5349.2000,5349.8000,5350.0000,1,2,4,1,3,1,2,1,1,6
SF,IC2003,2020-01-03 10:43:29.400,5347.4000,53732,0,4915539080.000,0,-,-,-,-,5347.0000,5346.6000,5346.4000,5346.0000,5345.6000,5348.2000,5348.4000,5348.6000,5348.8000,5349.2000,1,3,1,3,5,1,1,1,1,1
SF,IC2003,2020-01-03 10:43:29.900,5347.4000,53732,0,4915539080.000,0,-,-,-,-,5347.0000,5346.6000,5346.4000,5346.0000,5345.6000,5348.0000,5348.2000,5348.4000,5348.6000,5348.8000,1,2,1,3,5,1,2,1,1,1
SF,IC2003,2020-01-03 10:43:30.400,5347.4000,53732,0,4915539080.000,0,-,-,-,-,5347.0000,5346.6000,5346.0000,5345.6000,5345.4000,5348.0000,5348.2000,5349.2000,5349.8000,5350.0000,1,2,3,5,3,2,2,1,1,6
SF,IC2003,2020-01-03 10:43:30.900,5347.4000,53732,0,4915539080.000,0,-,-,-,-,5347.0000,5346.6000,5346.0000,5345.6000,5345.4000,5348.0000,5348.2000,5349.2000,5349.8000,5350.0000,1,2,3,5,3,3,1,1,1,6
SF,IC2003,2020-01-03 10:43:31.400,5347.4000,53732,0,4915539080.000,0,-,-,-,-,5347.0000,5346.6000,5346.0000,5345.6000,5345.4000,5348.0000,5349.2000,5349.8000,5350.0000,5350.2000,1,1,3,5,3,3,1,1,7,1
SF,IC2003,2020-01-03 10:43:31.900,5347.0000,53731,-1,4916608480.000,1,0,1,双平,S,5346.6000,5346.0000,5345.6000,5345.4000,5345.0000,5347.0000,5347.8000,5348.0000,5349.2000,5349.6000,1,3,5,3,4,1,1,2,1,1
SF,IC2003,2020-01-03 10:43:32.400,5347.0000,53731,0,4916608480.000,0,-,-,-,-,5346.0000,5345.6000,5345.4000,5345.0000,5344.6000,5347.0000,5347.8000,5348.0000,5349.2000,5349.6000,3,5,3,4,1,1,1,1,1,1
SF,IC2003,2020-01-03 10:43:33.400,5347.0000,53731,0,4916608480.000,0,-,-,-,-,5346.0000,5345.6000,5345.4000,5345.0000,5344.6000,5347.0000,5347.2000,5348.0000,5349.2000,5349.6000,3,5,3,4,1,1,1,1,1,1
SF,IC2003,2020-01-03 10:43:34.400,5347.0000,53731,0,4916608480.000,0,-,-,-,-,5346.0000,5345.6000,5345.4000,5345.0000,5344.6000,5347.0000,5348.0000,5349.2000,5349.6000,5349.8000,3,5,3,4,1,6,1,1,1,1
SF,IC2003,2020-01-03 10:43:34.900,5347.0000,53729,-2,4918747280.000,2,0,2,双平,S,5346.2000,5346.0000,5345.6000,5345.4000,5345.0000,5347.0000,5348.0000,5349.2000,5349.6000,5349.8000,1,3,5,3,4,4,1,1,1,1
SF,IC2003,2020-01-03 10:43:35.400,5347.0000,53728,-1,4921955480.000,3,1,2,多平,S,5346.0000,5345.6000,5345.4000,5345.0000,5344.6000,5347.0000,5349.2000,5349.6000,5349.8000,5350.0000,3,5,3,4,1,1,1,1,1,7
SF,IC2003,2020-01-03 10:43:35.900,5347.0000,53727,-1,4923024880.000,1,0,1,双平,S,5347.2000,5347.0000,5346.2000,5346.0000,5345.6000,5349.2000,5349.6000,5349.8000,5350.0000,5350.2000,1,5,1,3,5,1,1,1,6,1
SF,IC2003,2020-01-03 10:43:36.400,5347.0000,53727,0,4923024880.000,0,-,-,-,-,5347.0000,5346.2000,5346.0000,5345.6000,5345.4000,5348.2000,5348.8000,5349.0000,5349.2000,5349.6000,5,1,3,5,3,1,1,1,1,1
SF,IC2003,2020-01-03 10:43:36.900,5347.0000,53727,0,4923024880.000,0,-,-,-,-,5347.0000,5346.2000,5346.0000,5345.6000,5345.4000,5348.2000,5348.4000,5349.0000,5349.2000,5349.6000,5,1,3,5,3,2,1,1,1,1
SF,IC2003,2020-01-03 10:43:37.400,5347.0000,53727,0,4923024880.000,0,-,-,-,-,5347.0000,5346.2000,5346.0000,5345.6000,5345.4000,5348.0000,5348.2000,5348.4000,5349.2000,5349.6000,5,1,3,5,3,1,2,1,1,1
SF,IC2003,2020-01-03 10:43:37.900,5347.0000,53727,0,4923024880.000,0,-,-,-,-,5347.0000,5346.2000,5346.0000,5345.6000,5345.4000,5348.0000,5348.2000,5348.4000,5349.2000,5349.6000,5,1,3,5,3,1,2,1,1,1
SF,IC2003,2020-01-03 10:43:38.900,5347.0000,53727,0,4923024880.000,0,-,-,-,-,5347.0000,5346.2000,5346.0000,5345.6000,5345.4000,5348.0000,5348.2000,5348.4000,5349.2000,5349.6000,2,1,3,5,3,1,2,1,1,1
SF,IC2003,2020-01-03 10:43:39.400,5347.0000,53727,0,4923024880.000,0,-,-,-,-,5347.6000,5347.0000,5346.2000,5346.0000,5345.6000,5348.0000,5348.2000,5348.4000,5349.2000,5349.6000,1,2,1,3,5,1,2,1,1,1
SF,IC2003,2020-01-03 10:43:39.900,5347.6000,53727,0,4924094400.000,1,0,1,多换,S,5347.0000,5346.2000,5346.0000,5345.6000,5345.4000,5347.6000,5348.0000,5348.2000,5348.4000,5349.2000,2,1,1,5,3,1,1,2,1,1
SF,IC2003,2020-01-03 10:43:40.400,5347.6000,53727,0,4924094400.000,0,-,-,-,-,5347.0000,5346.2000,5346.0000,5345.6000,5345.4000,5347.6000,5348.0000,5348.2000,5348.4000,5349.2000,2,1,1,5,3,1,1,2,1,1
SF,IC2003,2020-01-03 10:43:40.900,5347.6000,53727,0,4925163920.000,1,0,1,多换,S,5346.2000,5346.0000,5345.6000,5345.4000,5345.0000,5348.0000,5348.2000,5348.4000,5349.2000,5349.6000,1,1,5,3,4,1,2,1,1,1
SF,IC2003,2020-01-03 10:43:41.400,5347.6000,53727,0,4925163920.000,0,-,-,-,-,5346.2000,5346.0000,5345.6000,5345.4000,5345.0000,5348.0000,5348.2000,5348.4000,5349.2000,5349.6000,1,1,5,3,14,3,2,1,1,1
SF,IC2003,2020-01-03 10:43:41.900,5347.6000,53727,0,4925163920.000,0,-,-,-,-,5346.2000,5346.0000,5345.6000,5345.4000,5345.0000,5347.6000,5348.0000,5348.2000,5348.4000,5349.2000,1,1,5,3,14,1,3,2,1,1
SF,IC2003,2020-01-03 10:43:42.400,5347.6000,53727,0,4925163920.000,0,-,-,-,-,5346.2000,5346.0000,5345.6000,5345.4000,5345.0000,5347.4000,5347.6000,5348.0000,5348.2000,5349.2000,1,1,5,3,14,1,2,2,2,1
SF,IC2003,2020-01-03 10:43:42.900,5347.6000,53727,0,4925163920.000,0,-,-,-,-,5346.2000,5346.0000,5345.6000,5345.4000,5345.0000,5347.4000,5347.6000,5348.0000,5348.2000,5349.2000,1,1,5,3,14,2,1,2,1,1
SF,IC2003,2020-01-03 10:43:43.400,5347.6000,53727,0,4925163920.000,0,-,-,-,-,5346.2000,5346.0000,5345.6000,5345.4000,5345.0000,5347.4000,5347.6000,5348.0000,5348.2000,5349.2000,1,1,5,3,14,2,1,3,1,1
SF,IC2003,2020-01-03 10:43:44.400,5347.4000,53726,-1,4926233400.000,1,0,1,双平,S,5346.2000,5346.0000,5345.6000,5345.4000,5345.0000,5347.4000,5347.6000,5348.0000,5348.2000,5349.2000,1,1,5,3,14,1,1,3,1,1
SF,IC2003,2020-01-03 10:43:44.900,5347.4000,53726,0,4926233400.000,0,-,-,-,-,5346.2000,5346.0000,5345.6000,5345.4000,5345.0000,5347.4000,5347.6000,5348.0000,5348.2000,5349.2000,1,1,5,3,14,1,1,1,1,1
SF,IC2003,2020-01-03 10:43:45.400,5347.6000,53725,-1,4928372400.000,2,0,2,多平,S,5346.2000,5346.0000,5345.6000,5345.4000,5345.0000,5348.0000,5348.2000,5349.2000,5349.6000,5350.0000,1,1,5,3,14,1,1,1,1,6
SF,IC2003,2020-01-03 10:43:45.900,5347.6000,53725,0,4928372400.000,0,-,-,-,-,5346.6000,5346.2000,5346.0000,5345.6000,5345.4000,5348.2000,5349.2000,5350.0000,5350.2000,5350.4000,2,1,1,5,3,1,1,6,1,1
SF,IC2003,2020-01-03 10:43:46.400,5347.6000,53725,0,4928372400.000,0,-,-,-,-,5346.8000,5346.0000,5345.6000,5345.4000,5345.0000,5348.2000,5348.6000,5349.2000,5350.0000,5350.2000,2,1,5,3,14,1,1,1,6,1
SF,IC2003,2020-01-03 10:43:47.900,5347.6000,53725,0,4928372400.000,0,-,-,-,-,5347.2000,5346.8000,5346.0000,5345.6000,5345.4000,5348.2000,5348.6000,5349.2000,5350.0000,5350.2000,1,2,1,5,3,1,1,1,6,1
SF,IC2003,2020-01-03 10:43:48.400,5347.6000,53725,0,4928372400.000,0,-,-,-,-,5346.8000,5346.0000,5345.6000,5345.4000,5345.0000,5348.2000,5348.6000,5349.2000,5350.0000,5350.2000,2,1,5,3,14,1,1,1,6,1
SF,IC2003,2020-01-03 10:43:49.900,5347.6000,53725,0,4928372400.000,0,-,-,-,-,5347.2000,5347.0000,5346.8000,5346.0000,5345.6000,5348.2000,5348.6000,5349.2000,5350.0000,5350.2000,1,1,2,1,5,1,1,1,6,1
SF,IC2003,2020-01-03 10:43:50.400,5347.6000,53725,0,4928372400.000,0,-,-,-,-,5346.8000,5346.0000,5345.6000,5345.4000,5345.0000,5348.2000,5348.6000,5349.2000,5350.0000,5350.2000,2,1,5,3,14,1,1,1,6,1
SF,IC2003,2020-01-03 10:43:51.400,5347.6000,53725,0,4928372400.000,0,-,-,-,-,5346.8000,5346.0000,5345.6000,5345.4000,5345.0000,5348.2000,5348.6000,5349.2000,5350.0000,5350.2000,2,1,5,3,14,1,1,2,6,1
SF,IC2003,2020-01-03 10:43:51.900,5347.6000,53725,0,4928372400.000,0,-,-,-,-,5346.8000,5346.0000,5345.6000,5345.4000,5345.0000,5348.2000,5348.6000,5349.2000,5350.0000,5350.2000,2,1,5,3,14,1,1,2,6,1
SF,IC2003,2020-01-03 10:43:52.400,5347.6000,53725,0,4928372400.000,0,-,-,-,-,5346.8000,5346.0000,5345.6000,5345.4000,5345.0000,5348.0000,5348.2000,5348.6000,5349.2000,5350.0000,2,1,5,3,14,1,1,1,2,6
SF,IC2003,2020-01-03 10:43:55.400,5348.0000,53724,-1,4929442000.000,1,0,1,双平,S,5346.8000,5346.0000,5345.6000,5345.4000,5345.0000,5348.2000,5348.6000,5349.2000,5350.0000,5350.2000,2,1,5,3,14,1,1,2,6,1
SF,IC2003,2020-01-03 10:43:55.900,5348.0000,53724,0,4929442000.000,0,-,-,-,-,5346.8000,5346.0000,5345.6000,5345.4000,5345.0000,5348.2000,5348.6000,5349.2000,5350.0000,5350.2000,2,1,5,3,14,1,1,2,6,1
SF,IC2003,2020-01-03 10:43:56.400,5348.0000,53724,0,4929442000.000,0,-,-,-,-,5346.8000,5346.0000,5345.6000,5345.4000,5345.0000,5348.2000,5348.6000,5349.2000,5350.0000,5350.2000,2,1,5,3,14,1,1,2,6,1
SF,IC2003,2020-01-03 10:43:56.900,5348.0000,53724,0,4929442000.000,0,-,-,-,-,5346.8000,5346.0000,5345.6000,5345.4000,5345.0000,5348.0000,5348.2000,5348.6000,5349.2000,5350.0000,2,1,5,3,14,2,1,1,2,6
SF,IC2003,2020-01-03 10:43:57.400,5348.0000,53724,0,4929442000.000,0,-,-,-,-,5346.8000,5346.0000,5345.6000,5345.4000,5345.0000,5348.0000,5348.2000,5348.6000,5349.2000,5350.0000,2,1,5,3,14,1,1,1,2,6
SF,IC2003,2020-01-03 10:43:57.900,5348.0000,53724,0,4929442000.000,0,-,-,-,-,5346.8000,5346.0000,5345.6000,5345.4000,5345.0000,5348.2000,5348.6000,5349.2000,5350.0000,5350.2000,2,1,5,3,14,1,1,2,6,1
SF,IC2003,2020-01-03 10:43:58.900,5348.0000,53724,0,4929442000.000,0,-,-,-,-,5348.0000,5346.8000,5346.0000,5345.6000,5345.4000,5348.2000,5348.6000,5349.2000,5350.0000,5350.2000,1,2,1,5,3,1,1,2,6,1
SF,IC2003,2020-01-03 10:43:59.400,5348.0000,53724,0,4930511600.000,1,0,1,多换,S,5346.8000,5346.0000,5345.6000,5345.4000,5345.0000,5348.2000,5348.6000,5349.2000,5350.0000,5350.2000,2,1,5,3,14,1,1,2,6,1
SF,IC2003,2020-01-03 10:43:59.900,5348.0000,53724,0,4930511600.000,0,-,-,-,-,5346.8000,5346.0000,5345.6000,5345.4000,5345.0000,5348.0000,5348.2000,5348.4000,5348.6000,5349.2000,2,1,5,3,14,1,1,1,1,1
SF,IC2003,2020-01-03 10:44:00.400,5348.0000,53724,0,4930511600.000,0,-,-,-,-,5346.8000,5346.0000,5345.6000,5345.4000,5345.0000,5348.0000,5348.2000,5348.4000,5348.6000,5349.2000,2,1,5,3,14,3,2,1,1,1
SF,IC2003,2020-01-03 10:44:00.900,5348.0000,53724,0,4930511600.000,0,-,-,-,-,5346.8000,5346.0000,5345.6000,5345.4000,5345.0000,5347.8000,5348.0000,5348.2000,5348.4000,5348.6000,2,1,5,3,14,1,2,2,1,1
SF,IC2003,2020-01-03 10:44:01.400,5348.0000,53724,0,4930511600.000,0,-,-,-,-,5346.8000,5346.0000,5345.6000,5345.4000,5345.0000,5347.8000,5348.0000,5348.2000,5348.4000,5348.6000,2,1,5,3,14,2,1,2,1,1
SF,IC2003,2020-01-03 10:44:01.900,5348.0000,53724,0,4930511600.000,0,-,-,-,-,5346.8000,5346.0000,5345.6000,5345.4000,5345.0000,5347.8000,5348.2000,5348.6000,5349.2000,5350.0000,3,1,5,3,14,2,1,1,1,6
SF,IC2003,2020-01-03 10:44:02.400,5348.0000,53724,0,4930511600.000,0,-,-,-,-,5346.8000,5346.0000,5345.6000,5345.4000,5345.0000,5347.8000,5348.2000,5348.6000,5349.2000,5350.0000,3,1,5,3,14,2,1,1,1,6
SF,IC2003,2020-01-03 10:44:02.900,5347.8000,53723,-1,4932650720.000,2,0,2,多平,S,5346.8000,5346.0000,5345.6000,5345.4000,5345.0000,5348.2000,5348.6000,5349.2000,5350.0000,5350.2000,3,1,5,3,14,1,1,1,6,1
SF,IC2003,2020-01-03 10:44:03.400,5347.8000,53723,0,4932650720.000,0,-,-,-,-,5346.8000,5346.0000,5345.6000,5345.4000,5345.0000,5348.2000,5348.6000,5349.2000,5350.0000,5350.2000,3,1,5,3,14,1,1,1,6,1
SF,IC2003,2020-01-03 10:44:04.400,5347.8000,53723,0,4932650720.000,0,-,-,-,-,5346.8000,5346.0000,5345.6000,5345.4000,5345.0000,5348.2000,5348.6000,5349.2000,5350.0000,5350.2000,3,1,5,3,14,1,1,1,6,1
SF,IC2003,2020-01-03 10:44:04.900,5346.8000,53723,0,4933720080.000,1,0,1,多换,S,5346.8000,5346.0000,5345.6000,5345.4000,5345.0000,5348.2000,5348.6000,5349.2000,5350.0000,5350.2000,2,1,5,3,14,1,1,1,6,1
SF,IC2003,2020-01-03 10:44:05.400,5346.8000,53723,0,4933720080.000,0,-,-,-,-,5347.0000,5346.8000,5346.0000,5345.6000,5345.4000,5348.2000,5348.6000,5349.2000,5350.0000,5350.2000,1,2,1,5,3,1,1,1,7,1
SF,IC2003,2020-01-03 10:44:06.900,5346.8000,53723,0,4934789440.000,1,0,1,多换,S,5346.8000,5346.0000,5345.6000,5345.4000,5345.0000,5348.2000,5348.6000,5349.2000,5350.0000,5350.2000,2,1,5,3,14,1,1,1,7,1
SF,IC2003,2020-01-03 10:44:07.400,5346.8000,53723,0,4934789440.000,0,-,-,-,-,5347.2000,5347.0000,5346.8000,5346.0000,5345.6000,5348.2000,5348.6000,5349.2000,5350.0000,5350.2000,1,2,2,1,5,1,1,1,7,1
SF,IC2003,2020-01-03 10:44:08.400,5347.0000,53723,0,4935858840.000,1,0,1,多换,S,5347.0000,5346.8000,5346.0000,5345.6000,5345.4000,5348.2000,5348.6000,5349.2000,5350.0000,5350.2000,2,2,1,5,3,1,1,1,7,1
SF,IC2003,2020-01-03 10:44:08.900,5347.0000,53723,0,4935858840.000,0,-,-,-,-,5347.4000,5347.0000,5346.8000,5346.0000,5345.6000,5348.2000,5348.6000,5349.2000,5350.0000,5350.2000,1,2,2,1,5,1,1,1,7,1
SF,IC2003,2020-01-03 10:44:09.400,5348.2000,53722,-1,4936928480.000,1,0,1,双平,S,5347.4000,5347.2000,5347.0000,5346.8000,5346.0000,5348.6000,5349.2000,5349.6000,5350.0000,5350.2000,1,1,2,2,1,1,1,1,7,1
SF,IC2003,2020-01-03 10:44:09.900,5349.2000,53721,-1,4937998320.000,1,0,1,双平,S,5347.6000,5347.4000,5347.2000,5346.8000,5346.0000,5349.6000,5350.0000,5350.2000,5350.4000,5350.8000,3,1,1,1,1,1,7,1,1,3
SF,IC2003,2020-01-03 10:44:10.400,5349.2000,53721,0,4937998320.000,0,-,-,-,-,5348.2000,5348.0000,5347.8000,5347.6000,5347.2000,5349.4000,5350.0000,5350.2000,5350.4000,5350.8000,1,1,2,2,1,1,7,1,1,3
SF,IC2003,2020-01-03 10:44:10.900,5349.2000,53721,0,4937998320.000,0,-,-,-,-,5348.2000,5348.0000,5347.6000,5347.2000,5346.8000,5349.4000,5349.6000,5350.0000,5350.2000,5350.4000,1,1,2,1,1,1,1,7,1,1
SF,IC2003,2020-01-03 10:44:11.400,5348.2000,53720,-1,4939067960.000,1,0,1,双平,S,5348.0000,5347.6000,5347.2000,5346.8000,5346.0000,5349.4000,5349.6000,5350.0000,5350.2000,5350.4000,1,2,1,1,1,1,1,7,1,1
SF,IC2003,2020-01-03 10:44:11.900,5348.2000,53720,0,4939067960.000,0,-,-,-,-,5348.0000,5347.6000,5347.2000,5346.8000,5346.0000,5349.4000,5350.0000,5350.2000,5350.4000,5350.8000,1,2,1,1,1,1,7,1,1,3
SF,IC2003,2020-01-03 10:44:12.400,5348.2000,53720,0,4939067960.000,0,-,-,-,-,5348.0000,5347.6000,5347.2000,5346.8000,5346.0000,5349.2000,5349.4000,5350.0000,5350.2000,5350.4000,1,2,1,1,1,1,1,7,1,1
SF,IC2003,2020-01-03 10:44:13.400,5348.2000,53720,0,4939067960.000,0,-,-,-,-,5348.0000,5347.6000,5347.2000,5346.8000,5346.0000,5349.2000,5349.4000,5350.0000,5350.2000,5350.4000,1,2,1,1,1,1,1,7,1,1
SF,IC2003,2020-01-03 10:44:15.400,5348.0000,53719,-1,4940137560.000,1,0,1,双平,S,5347.6000,5346.8000,5346.0000,5345.6000,5345.4000,5348.6000,5349.2000,5349.4000,5350.0000,5350.2000,1,1,1,5,3,2,1,1,7,1
SF,IC2003,2020-01-03 10:44:15.900,5347.6000,53719,0,4941207080.000,1,0,1,多换,S,5346.8000,5346.0000,5345.6000,5345.4000,5345.0000,5347.6000,5347.8000,5348.6000,5349.2000,5350.0000,1,1,5,3,14,1,3,2,1,7
SF,IC2003,2020-01-03 10:44:16.400,5346.8000,53719,0,4942276440.000,1,0,1,多换,S,5346.0000,5345.6000,5345.4000,5345.0000,5344.6000,5347.4000,5347.6000,5349.2000,5350.0000,5350.2000,1,5,3,14,1,1,1,1,7,1
SF,IC2003,2020-01-03 10:44:16.900,5346.8000,53719,0,4942276440.000,0,-,-,-,-,5346.2000,5346.0000,5345.6000,5345.4000,5345.0000,5347.4000,5349.2000,5350.0000,5350.2000,5350.4000,1,1,5,3,14,1,1,7,1,1
SF,IC2003,2020-01-03 10:44:17.400,5347.4000,53719,0,4943345920.000,1,0,1,多换,S,5346.2000,5346.0000,5345.6000,5345.4000,5345.0000,5349.2000,5350.0000,5350.2000,5350.4000,5350.8000,1,1,5,3,14,2,7,1,1,3
SF,IC2003,2020-01-03 10:44:17.900,5347.4000,53719,0,4943345920.000,0,-,-,-,-,5346.4000,5346.2000,5346.0000,5345.6000,5345.4000,5347.4000,5347.8000,5348.0000,5348.2000,5348.4000,4,1,1,5,3,2,1,1,1,2
SF,IC2003,2020-01-03 10:44:18.400,5347.4000,53719,0,4943345920.000,0,-,-,-,-,5346.6000,5346.4000,5346.2000,5346.0000,5345.6000,5347.8000,5348.4000,5349.0000,5349.2000,5350.0000,1,1,1,1,5,1,1,1,2,7
SF,IC2003,2020-01-03 10:44:18.900,5347.4000,53719,0,4943345920.000,0,-,-,-,-,5346.2000,5346.0000,5345.6000,5345.4000,5345.0000,5347.6000,5347.8000,5348.4000,5349.2000,5350.0000,1,1,5,3,14,1,1,1,1,7
SF,IC2003,2020-01-03 10:44:19.900,5347.4000,53719,0,4943345920.000,0,-,-,-,-,5346.2000,5346.0000,5345.6000,5345.4000,5345.0000,5347.6000,5347.8000,5348.4000,5349.2000,5350.0000,1,1,5,3,14,1,3,1,1,7
SF,IC2003,2020-01-03 10:44:20.400,5347.4000,53719,0,4943345920.000,0,-,-,-,-,5346.2000,5346.0000,5345.6000,5345.4000,5345.0000,5347.6000,5347.8000,5348.4000,5349.2000,5350.0000,1,1,5,3,14,1,3,1,1,7
SF,IC2003,2020-01-03 10:44:20.900,5347.4000,53719,0,4943345920.000,0,-,-,-,-,5346.2000,5346.0000,5345.6000,5345.4000,5345.0000,5347.6000,5347.8000,5349.2000,5350.0000,5350.2000,1,1,5,3,14,1,3,1,7,1
SF,IC2003,2020-01-03 10:44:21.400,5347.4000,53719,0,4943345920.000,0,-,-,-,-,5346.4000,5346.2000,5346.0000,5345.6000,5345.4000,5347.6000,5349.2000,5350.0000,5350.2000,5350.4000,2,1,1,5,3,1,1,7,1,1
SF,IC2003,2020-01-03 10:44:21.900,5347.4000,53719,0,4943345920.000,0,-,-,-,-,5346.2000,5346.0000,5345.6000,5345.4000,5345.0000,5347.6000,5348.6000,5349.2000,5350.0000,5350.2000,1,2,5,3,14,1,1,1,7,1
SF,IC2003,2020-01-03 10:44:22.400,5346.2000,53718,-1,4944415160.000,1,0,1,双平,S,5346.0000,5345.6000,5345.4000,5345.0000,5344.6000,5347.2000,5347.4000,5347.6000,5348.6000,5349.2000,2,5,3,14,1,1,3,3,1,1
SF,IC2003,2020-01-03 10:44:22.900,5346.2000,53718,0,4944415160.000,0,-,-,-,-,5346.0000,5345.6000,5345.4000,5345.0000,5344.6000,5347.0000,5347.2000,5347.4000,5347.6000,5348.6000,2,5,3,14,1,1,1,3,2,1
SF,IC2003,2020-01-03 10:44:23.400,5346.2000,53718,0,4944415160.000,0,-,-,-,-,5346.0000,5345.6000,5345.4000,5345.0000,5344.6000,5347.0000,5347.2000,5347.4000,5347.6000,5348.6000,2,5,3,14,1,2,1,2,2,1
SF,IC2003,2020-01-03 10:44:24.400,5346.2000,53718,0,4944415160.000,0,-,-,-,-,5346.0000,5345.6000,5345.4000,5345.0000,5344.6000,5346.8000,5347.0000,5347.2000,5347.4000,5348.6000,2,5,3,14,1,1,1,1,2,1
SF,IC2003,2020-01-03 10:44:24.900,5346.6000,53718,0,4945484480.000,1,0,1,多换,S,5346.0000,5345.6000,5345.4000,5345.0000,5344.6000,5346.8000,5347.2000,5347.4000,5348.6000,5349.2000,2,5,3,14,1,1,1,2,1,1
SF,IC2003,2020-01-03 10:44:25.900,5346.6000,53718,0,4945484480.000,0,-,-,-,-,5346.0000,5345.6000,5345.4000,5345.0000,5344.6000,5347.2000,5347.4000,5348.6000,5349.2000,5350.0000,2,5,3,14,1,1,2,1,1,2
SF,IC2003,2020-01-03 10:44:26.400,5346.6000,53718,0,4945484480.000,0,-,-,-,-,5346.0000,5345.6000,5345.4000,5345.0000,5344.6000,5347.2000,5347.4000,5348.6000,5349.2000,5350.0000,2,5,3,14,1,2,3,1,1,2
SF,IC2003,2020-01-03 10:44:26.900,5346.6000,53718,0,4945484480.000,0,-,-,-,-,5346.2000,5346.0000,5345.6000,5345.4000,5345.0000,5347.0000,5347.2000,5347.4000,5348.6000,5349.2000,1,2,5,3,14,1,2,3,1,1
SF,IC2003,2020-01-03 10:44:27.400,5346.6000,53718,0,4945484480.000,0,-,-,-,-,5346.2000,5346.0000,5345.6000,5345.4000,5345.0000,5347.0000,5347.2000,5347.4000,5348.6000,5349.2000,1,2,5,3,14,1,2,3,1,1
SF,IC2003,2020-01-03 10:44:27.900,5346.6000,53718,0,4945484480.000,0,-,-,-,-,5346.2000,5346.0000,5345.6000,5345.4000,5345.0000,5347.0000,5347.2000,5347.4000,5348.6000,5349.2000,1,2,5,3,14,2,2,3,1,1
SF,IC2003,2020-01-03 10:44:28.400,5346.2000,53717,-1,4946553720.000,1,0,1,双平,S,5346.0000,5345.6000,5345.4000,5345.0000,5344.6000,5347.0000,5347.2000,5347.4000,5348.6000,5349.2000,2,5,3,14,1,2,2,3,1,1
SF,IC2003,2020-01-03 10:44:28.900,5346.2000,53717,0,4946553720.000,0,-,-,-,-,5346.0000,5345.6000,5345.4000,5345.0000,5344.6000,5347.0000,5347.2000,5347.4000,5348.6000,5349.2000,2,5,3,14,1,1,2,2,1,1
SF,IC2003,2020-01-03 10:44:29.400,5346.2000,53717,0,4946553720.000,0,-,-,-,-,5346.0000,5345.6000,5345.4000,5345.0000,5344.6000,5346.8000,5347.0000,5347.2000,5347.4000,5348.6000,2,5,3,14,1,2,1,1,1,1
SF,IC2003,2020-01-03 10:44:29.900,5346.2000,53717,0,4946553720.000,0,-,-,-,-,5346.0000,5345.6000,5345.4000,5345.0000,5344.6000,5346.6000,5346.8000,5347.0000,5347.2000,5347.4000,2,5,3,14,1,2,1,1,1,1
SF,IC2003,2020-01-03 10:44:30.400,5346.2000,53717,0,4946553720.000,0,-,-,-,-,5346.2000,5346.0000,5345.6000,5345.4000,5345.0000,5346.8000,5347.2000,5347.8000,5348.6000,5349.2000,1,2,5,3,14,1,1,1,1,1
SF,IC2003,2020-01-03 10:44:30.900,5346.2000,53717,0,4946553720.000,0,-,-,-,-,5346.0000,5345.6000,5345.4000,5345.0000,5344.6000,5347.2000,5347.8000,5348.6000,5349.2000,5350.0000,2,5,3,14,1,1,1,1,1,2
SF,IC2003,2020-01-03 10:44:32.400,5346.0000,53717,0,4947622920.000,1,0,1,多换,S,5346.0000,5345.6000,5345.4000,5345.0000,5344.6000,5347.0000,5347.2000,5347.8000,5348.6000,5349.2000,1,5,3,14,1,1,3,1,1,1
SF,IC2003,2020-01-03 10:44:32.900,5345.6000,53718,1,4949761240.000,2,1,1,空开,S,5345.6000,5345.4000,5345.0000,5344.6000,5344.2000,5346.2000,5346.8000,5347.0000,5347.2000,5347.8000,4,3,14,1,2,2,1,1,1,1
SF,IC2003,2020-01-03 10:44:33.400,5345.4000,53723,5,4957244960.000,7,6,1,空开,S,5345.0000,5344.6000,5344.2000,5344.0000,5343.8000,5346.4000,5346.8000,5347.0000,5347.8000,5348.6000,14,1,2,1,1,2,1,1,1,1
SF,IC2003,2020-01-03 10:44:33.900,5345.4000,53723,0,4957244960.000,0,-,-,-,-,5345.0000,5344.6000,5344.2000,5344.0000,5343.8000,5345.4000,5346.0000,5346.2000,5346.4000,5347.8000,14,1,2,1,1,2,2,2,1,1
SF,IC2003,2020-01-03 10:44:34.400,5345.0000,53724,1,4958313960.000,1,1,0,双开,S,5345.0000,5344.6000,5344.2000,5344.0000,5343.8000,5346.0000,5346.2000,5347.8000,5348.6000,5349.2000,13,1,2,1,1,2,3,1,1,1
SF,IC2003,2020-01-03 10:44:34.900,5345.0000,53722,-2,4970072960.000,11,4,7,多平,S,5345.0000,5344.6000,5344.2000,5344.0000,5343.8000,5345.6000,5345.8000,5346.0000,5346.2000,5347.8000,2,1,2,1,1,1,1,2,2,1
SF,IC2003,2020-01-03 10:44:35.400,5345.0000,53720,-2,4972210960.000,2,0,2,双平,S,5344.6000,5344.2000,5344.0000,5343.8000,5343.6000,5345.0000,5345.8000,5346.0000,5346.2000,5349.2000,1,2,1,1,1,1,1,2,1,1
SF,IC2003,2020-01-03 10:44:35.900,5345.0000,53720,0,4973279960.000,1,0,1,多换,S,5344.6000,5344.2000,5344.0000,5343.8000,5343.6000,5345.0000,5345.8000,5346.0000,5346.2000,5347.0000,1,2,1,1,1,1,1,2,1,1
SF,IC2003,2020-01-03 10:44:36.400,5345.0000,53720,0,4974348960.000,1,0,1,多换,S,5344.6000,5344.2000,5344.0000,5343.8000,5343.6000,5345.0000,5345.8000,5346.0000,5346.2000,5347.0000,1,2,1,1,1,1,1,2,1,1
SF,IC2003,2020-01-03 10:44:37.400,5345.0000,53720,0,4974348960.000,0,-,-,-,-,5344.6000,5344.2000,5344.0000,5343.8000,5343.6000,5345.0000,5345.2000,5345.8000,5346.0000,5346.2000,1,2,1,1,1,1,1,1,2,1
SF,IC2003,2020-01-03 10:44:37.900,5344.6000,53720,0,4975417880.000,1,0,1,多换,S,5344.2000,5344.0000,5343.8000,5343.6000,5343.2000,5345.0000,5345.8000,5346.0000,5346.2000,5347.0000,2,1,1,1,1,1,1,2,1,1
SF,IC2003,2020-01-03 10:44:38.400,5344.2000,53720,0,4976486720.000,1,0,1,多换,S,5344.2000,5344.0000,5343.8000,5343.6000,5343.2000,5344.8000,5345.0000,5345.8000,5346.0000,5346.2000,1,1,1,1,1,1,1,1,2,1
SF,IC2003,2020-01-03 10:44:38.900,5344.2000,53721,1,4977555560.000,1,1,0,双开,S,5344.0000,5343.8000,5343.6000,5343.2000,5343.0000,5344.8000,5345.0000,5345.8000,5346.0000,5347.0000,1,1,1,1,5,3,1,1,2,1
SF,IC2003,2020-01-03 10:44:39.400,5344.2000,53721,0,4977555560.000,0,-,-,-,-,5344.0000,5343.8000,5343.2000,5343.0000,5342.6000,5344.8000,5345.0000,5345.8000,5346.0000,5347.0000,1,1,1,5,1,3,1,1,2,1
SF,IC2003,2020-01-03 10:44:39.900,5344.2000,53721,0,4977555560.000,0,-,-,-,-,5344.0000,5343.8000,5343.2000,5343.0000,5342.6000,5344.2000,5344.8000,5345.0000,5345.8000,5346.0000,1,1,1,5,1,1,3,1,1,2
SF,IC2003,2020-01-03 10:44:40.400,5344.0000,53721,0,4978624360.000,1,0,1,多换,S,5343.8000,5343.2000,5343.0000,5342.6000,5342.4000,5344.2000,5344.8000,5345.0000,5345.8000,5346.0000,1,1,5,1,1,1,3,1,1,2
SF,IC2003,2020-01-03 10:44:40.900,5344.2000,53721,0,4979693200.000,1,0,1,多换,S,5343.8000,5343.2000,5343.0000,5342.6000,5342.4000,5344.8000,5345.0000,5345.8000,5346.0000,5347.0000,1,1,5,1,1,3,1,1,2,1
SF,IC2003,2020-01-03 10:44:41.400,5344.2000,53721,0,4979693200.000,0,-,-,-,-,5343.8000,5343.2000,5343.0000,5342.6000,5342.4000,5344.8000,5345.0000,5345.8000,5346.0000,5347.0000,1,1,5,1,1,2,1,1,2,1
SF,IC2003,2020-01-03 10:44:41.900,5344.2000,53721,0,4979693200.000,0,-,-,-,-,5343.8000,5343.2000,5343.0000,5342.6000,5342.4000,5344.6000,5344.8000,5345.0000,5345.8000,5346.0000,1,1,5,1,1,1,2,1,1,2
SF,IC2003,2020-01-03 10:44:42.400,5344.2000,53721,0,4979693200.000,0,-,-,-,-,5343.8000,5343.2000,5343.0000,5342.6000,5342.4000,5344.6000,5344.8000,5345.0000,5345.8000,5346.0000,1,1,5,1,1,1,2,11,1,2
SF,IC2003,2020-01-03 10:44:42.900,5344.2000,53721,0,4979693200.000,0,-,-,-,-,5343.8000,5343.2000,5343.0000,5342.6000,5342.4000,5344.4000,5344.6000,5344.8000,5345.0000,5346.0000,1,1,5,1,1,2,1,2,10,2
SF,IC2003,2020-01-03 10:44:43.400,5343.8000,53721,0,4981830840.000,2,1,1,多换,S,5343.2000,5343.0000,5342.6000,5342.4000,5342.2000,5343.8000,5344.6000,5344.8000,5345.0000,5346.0000,1,5,1,1,1,4,1,2,10,2
SF,IC2003,2020-01-03 10:44:43.900,5343.8000,53718,-3,4986105880.000,4,0,4,多平,S,5343.8000,5343.4000,5343.2000,5343.0000,5342.6000,5345.0000,5346.0000,5347.0000,5349.2000,5350.0000,6,1,1,5,1,10,2,1,1,2
SF,IC2003,2020-01-03 10:44:44.400,5343.8000,53718,0,4986105880.000,0,-,-,-,-,5344.0000,5343.8000,5343.4000,5343.2000,5343.0000,5345.0000,5345.2000,5346.0000,5347.0000,5349.2000,1,2,1,1,5,10,2,2,1,1
SF,IC2003,2020-01-03 10:44:44.900,5343.8000,53718,0,4986105880.000,0,-,-,-,-,5344.2000,5343.8000,5343.4000,5343.2000,5343.0000,5345.0000,5345.2000,5346.0000,5347.0000,5349.2000,1,2,1,1,5,10,2,2,1,1
SF,IC2003,2020-01-03 10:44:45.400,5343.8000,53718,0,4988243480.000,2,1,1,多换,S,5343.8000,5343.4000,5343.2000,5343.0000,5342.6000,5345.0000,5345.2000,5346.0000,5347.0000,5349.2000,1,1,1,5,1,10,2,2,1,1
SF,IC2003,2020-01-03 10:44:45.900,5343.8000,53718,0,4988243480.000,0,-,-,-,-,5344.0000,5343.8000,5343.4000,5343.2000,5343.0000,5344.8000,5345.0000,5345.2000,5346.0000,5347.0000,1,1,1,1,5,1,10,2,2,1
SF,IC2003,2020-01-03 10:44:46.400,5343.8000,53718,0,4988243480.000,0,-,-,-,-,5344.0000,5343.8000,5343.2000,5343.0000,5342.6000,5344.8000,5345.0000,5345.2000,5346.0000,5347.0000,1,1,1,5,1,1,10,2,2,1
SF,IC2003,2020-01-03 10:44:46.900,5344.0000,53717,-1,4989312280.000,1,0,1,双平,S,5343.8000,5343.2000,5343.0000,5342.6000,5342.4000,5344.6000,5344.8000,5345.0000,5346.0000,5347.0000,1,1,5,1,1,1,1,10,2,1
SF,IC2003,2020-01-03 10:44:47.400,5343.8000,53716,-1,4990381040.000,1,0,1,双平,S,5343.2000,5343.0000,5342.6000,5342.4000,5342.2000,5344.6000,5344.8000,5345.0000,5346.0000,5347.0000,1,5,1,1,1,1,1,10,2,1
SF,IC2003,2020-01-03 10:44:47.900,5343.8000,53716,0,4990381040.000,0,-,-,-,-,5343.4000,5343.2000,5343.0000,5342.6000,5342.4000,5344.6000,5344.8000,5345.0000,5346.0000,5347.0000,1,1,5,1,1,1,3,10,2,1
SF,IC2003,2020-01-03 10:44:48.400,5343.8000,53716,0,4990381040.000,0,-,-,-,-,5343.2000,5343.0000,5342.6000,5342.4000,5342.2000,5344.4000,5344.6000,5345.0000,5346.0000,5347.0000,1,5,1,1,1,1,2,10,2,1
SF,IC2003,2020-01-03 10:44:48.900,5343.8000,53716,0,4990381040.000,0,-,-,-,-,5343.2000,5343.0000,5342.6000,5342.4000,5342.2000,5344.4000,5344.6000,5345.0000,5346.0000,5347.0000,1,5,1,1,1,3,2,10,2,1
SF,IC2003,2020-01-03 10:44:49.400,5343.8000,53716,0,4990381040.000,0,-,-,-,-,5343.2000,5343.0000,5342.6000,5342.4000,5342.2000,5344.0000,5344.4000,5344.6000,5345.0000,5346.0000,1,5,1,1,1,1,2,2,10,2
SF,IC2003,2020-01-03 10:44:49.900,5343.8000,53716,0,4990381040.000,0,-,-,-,-,5343.2000,5343.0000,5342.6000,5342.4000,5342.2000,5344.0000,5344.4000,5344.6000,5345.0000,5346.0000,1,5,1,1,1,2,1,1,10,2
SF,IC2003,2020-01-03 10:44:51.400,5343.2000,53716,0,4991449680.000,1,0,1,多换,S,5343.0000,5342.6000,5342.4000,5342.2000,5342.0000,5343.2000,5344.0000,5344.4000,5344.6000,5345.0000,5,1,1,1,5,4,2,1,1,10
SF,IC2003,2020-01-03 10:44:51.900,5343.0000,53717,1,4994655520.000,3,2,1,空开,S,5343.0000,5342.6000,5342.4000,5342.2000,5342.0000,5343.2000,5344.0000,5344.4000,5344.6000,5345.0000,3,1,1,1,5,4,1,1,1,10
SF,IC2003,2020-01-03 10:44:52.400,5343.2000,53714,-3,4998930000.000,4,0,4,多平,S,5343.0000,5342.6000,5342.4000,5342.2000,5342.0000,5343.2000,5344.0000,5344.4000,5344.6000,5345.0000,1,1,1,1,5,2,1,1,1,10
SF,IC2003,2020-01-03 10:44:52.900,5343.0000,53714,0,4999998600.000,1,0,1,多换,S,5342.6000,5342.4000,5342.2000,5342.0000,5341.8000,5343.0000,5343.2000,5344.0000,5344.4000,5345.0000,1,1,1,5,1,1,2,1,1,10
SF,IC2003,2020-01-03 10:44:53.400,5342.6000,53714,0,5001067120.000,1,0,1,多换,S,5342.4000,5342.2000,5342.0000,5341.8000,5341.6000,5343.0000,5343.2000,5344.0000,5344.4000,5345.0000,1,1,5,1,2,2,1,1,1,10
SF,IC2003,2020-01-03 10:44:53.900,5343.0000,53712,-2,5003204320.000,2,0,2,双平,S,5342.4000,5342.2000,5342.0000,5341.8000,5341.6000,5343.2000,5344.0000,5344.4000,5345.0000,5346.0000,1,1,5,1,2,1,1,1,10,2
SF,IC2003,2020-01-03 10:44:54.400,5343.2000,53711,-1,5004272960.000,1,0,1,双平,S,5343.2000,5342.6000,5342.4000,5342.2000,5342.0000,5344.0000,5344.4000,5344.6000,5345.0000,5346.0000,2,1,1,1,5,1,1,1,10,2
SF,IC2003,2020-01-03 10:44:54.900,5343.2000,53711,0,5005341600.000,1,0,1,多换,S,5343.2000,5342.6000,5342.4000,5342.2000,5342.0000,5344.0000,5344.2000,5344.4000,5344.6000,5345.0000,1,1,1,1,5,1,1,1,1,10
SF,IC2003,2020-01-03 10:44:55.900,5344.0000,53712,1,5006410400.000,1,1,0,双开,S,5343.2000,5342.6000,5342.4000,5342.2000,5342.0000,5344.4000,5344.6000,5345.0000,5346.0000,5349.2000,1,1,1,1,5,1,1,10,2,1
SF,IC2003,2020-01-03 10:44:56.400,5343.4000,53710,-2,5009616640.000,3,0,3,多平,S,5343.8000,5343.4000,5343.2000,5342.4000,5342.2000,5344.6000,5345.0000,5346.0000,5349.2000,5350.0000,1,1,1,1,1,2,10,2,1,2
SF,IC2003,2020-01-03 10:44:56.900,5343.4000,53710,0,5009616640.000,0,-,-,-,-,5344.0000,5343.8000,5343.2000,5342.4000,5342.2000,5344.6000,5345.0000,5346.0000,5349.2000,5350.0000,1,1,1,1,1,1,10,2,1,2
SF,IC2003,2020-01-03 10:44:57.400,5343.4000,53710,0,5009616640.000,0,-,-,-,-,5344.0000,5343.8000,5343.2000,5342.4000,5342.2000,5344.6000,5345.0000,5349.2000,5350.0000,5350.2000,1,1,1,1,1,1,10,1,2,1
SF,IC2003,2020-01-03 10:44:57.900,5343.4000,53710,0,5009616640.000,0,-,-,-,-,5344.0000,5343.8000,5343.2000,5342.4000,5342.2000,5344.6000,5345.0000,5349.2000,5350.0000,5350.2000,1,1,1,1,1,1,10,1,2,1
SF,IC2003,2020-01-03 10:44:58.400,5344.6000,53709,-1,5010685560.000,1,0,1,双平,S,5344.0000,5343.8000,5343.2000,5342.4000,5342.2000,5345.0000,5349.2000,5350.0000,5350.2000,5350.8000,1,1,1,1,1,10,1,2,1,3
SF,IC2003,2020-01-03 10:44:58.900,5344.0000,53709,0,5011754360.000,1,0,1,多换,S,5344.2000,5343.2000,5342.4000,5342.2000,5342.0000,5345.0000,5349.2000,5350.0000,5350.2000,5350.8000,1,1,1,1,6,10,1,2,1,3
SF,IC2003,2020-01-03 10:44:59.400,5344.0000,53709,0,5011754360.000,0,-,-,-,-,5344.2000,5343.4000,5343.2000,5342.4000,5342.2000,5345.0000,5349.2000,5350.0000,5350.2000,5350.8000,1,1,1,1,1,10,1,2,1,3
SF,IC2003,2020-01-03 10:45:00.400,5344.0000,53709,0,5011754360.000,0,-,-,-,-,5344.2000,5343.4000,5343.2000,5342.4000,5342.2000,5345.0000,5349.0000,5349.2000,5350.0000,5350.2000,1,1,1,1,1,10,1,1,2,1
SF,IC2003,2020-01-03 10:45:00.900,5344.0000,53709,0,5011754360.000,0,-,-,-,-,5344.2000,5343.4000,5343.2000,5342.4000,5342.2000,5345.0000,5349.0000,5349.2000,5350.0000,5350.2000,1,1,1,1,1,10,1,1,2,1
SF,IC2003,2020-01-03 10:45:01.400,5344.2000,53709,0,5012823200.000,1,0,1,多换,S,5343.4000,5343.2000,5342.4000,5342.2000,5342.0000,5344.2000,5345.0000,5349.0000,5349.2000,5350.0000,1,1,1,1,6,3,10,1,1,2
SF,IC2003,2020-01-03 10:45:01.900,5344.2000,53707,-2,5014960880.000,2,0,2,双平,S,5343.4000,5343.2000,5342.4000,5342.2000,5342.0000,5344.2000,5345.0000,5349.0000,5349.2000,5350.0000,1,1,1,1,6,1,10,1,1,2
SF,IC2003,2020-01-03 10:45:02.400,5344.2000,53707,0,5014960880.000,0,-,-,-,-,5343.4000,5343.2000,5342.4000,5342.2000,5342.0000,5344.2000,5345.0000,5349.0000,5349.2000,5350.0000,1,1,1,1,6,1,10,1,1,2
SF,IC2003,2020-01-03 10:45:03.400,5343.4000,53708,1,5016029560.000,1,1,0,双开,S,5343.2000,5342.4000,5342.2000,5342.0000,5341.8000,5343.4000,5344.2000,5345.0000,5349.0000,5349.2000,1,1,1,6,1,1,1,10,1,1
SF,IC2003,2020-01-03 10:45:03.900,5343.4000,53707,-1,5017098240.000,1,0,1,双平,S,5343.6000,5343.2000,5342.4000,5342.2000,5342.0000,5344.2000,5345.0000,5349.0000,5349.2000,5350.0000,1,1,1,1,6,1,10,1,1,2
SF,IC2003,2020-01-03 10:45:04.400,5343.6000,53708,1,5018166960.000,1,1,0,双开,S,5343.2000,5342.4000,5342.2000,5342.0000,5341.8000,5344.2000,5345.0000,5349.0000,5349.2000,5350.0000,1,1,1,5,1,1,10,1,1,2
SF,IC2003,2020-01-03 10:45:04.900,5343.6000,53708,0,5018166960.000,0,-,-,-,-,5343.2000,5342.4000,5342.2000,5342.0000,5341.8000,5344.2000,5345.0000,5349.0000,5349.2000,5350.0000,1,1,1,5,1,1,10,1,1,2
SF,IC2003,2020-01-03 10:45:07.400,5344.2000,53707,-1,5019235800.000,1,0,1,双平,S,5344.2000,5343.2000,5342.4000,5342.2000,5342.0000,5345.0000,5349.0000,5349.2000,5350.0000,5350.2000,1,1,1,1,5,10,1,1,2,1
SF,IC2003,2020-01-03 10:45:07.900,5344.2000,53706,-1,5020304640.000,1,0,1,双平,S,5343.2000,5342.4000,5342.2000,5342.0000,5341.8000,5345.0000,5349.0000,5349.2000,5350.0000,5350.2000,1,1,1,5,1,10,1,1,2,1
SF,IC2003,2020-01-03 10:45:08.400,5344.2000,53706,0,5020304640.000,0,-,-,-,-,5343.6000,5343.4000,5343.2000,5342.4000,5342.2000,5345.0000,5349.0000,5349.2000,5350.0000,5350.2000,2,1,1,1,1,10,1,1,2,1
SF,IC2003,2020-01-03 10:45:08.900,5344.2000,53706,0,5020304640.000,0,-,-,-,-,5343.4000,5343.2000,5342.4000,5342.2000,5342.0000,5344.8000,5345.0000,5349.0000,5349.2000,5350.0000,1,1,1,1,5,1,10,1,1,2
SF,IC2003,2020-01-03 10:45:09.400,5344.2000,53706,0,5020304640.000,0,-,-,-,-,5343.4000,5343.2000,5342.4000,5342.2000,5342.0000,5345.0000,5349.0000,5349.2000,5350.0000,5350.2000,1,1,1,1,5,10,1,1,2,1
SF,IC2003,2020-01-03 10:45:09.900,5344.2000,53706,0,5020304640.000,0,-,-,-,-,5344.2000,5343.8000,5343.6000,5343.4000,5343.2000,5345.0000,5349.0000,5349.2000,5350.0000,5350.2000,1,2,3,1,1,10,1,1,2,1
SF,IC2003,2020-01-03 10:45:10.400,5345.0000,53704,-2,5022442640.000,2,0,2,双平,S,5344.4000,5343.8000,5343.6000,5343.2000,5342.4000,5345.0000,5349.0000,5349.2000,5350.0000,5350.2000,1,2,3,1,1,8,1,1,2,1
SF,IC2003,2020-01-03 10:45:10.900,5345.0000,53700,-4,5030994640.000,8,2,6,多平,S,5344.4000,5343.8000,5343.6000,5343.2000,5342.4000,5349.0000,5349.2000,5350.0000,5350.2000,5350.8000,1,2,3,1,1,1,1,2,1,3
SF,IC2003,2020-01-03 10:45:11.400,5345.0000,53700,0,5030994640.000,0,-,-,-,-,5345.4000,5344.8000,5344.6000,5344.4000,5343.8000,5346.6000,5347.4000,5347.6000,5347.8000,5348.0000,1,1,3,1,2,1,1,1,3,1
SF,IC2003,2020-01-03 10:45:11.900,5345.0000,53700,0,5030994640.000,0,-,-,-,-,5345.4000,5344.8000,5344.4000,5343.8000,5343.6000,5346.4000,5346.6000,5347.4000,5347.6000,5347.8000,1,1,1,2,3,1,1,1,1,3
SF,IC2003,2020-01-03 10:45:12.400,5345.0000,53700,0,5030994640.000,0,-,-,-,-,5344.8000,5344.4000,5343.8000,5343.6000,5343.2000,5346.4000,5346.6000,5347.4000,5347.6000,5347.8000,1,1,2,3,1,1,1,1,1,3
SF,IC2003,2020-01-03 10:45:12.900,5345.0000,53700,0,5030994640.000,0,-,-,-,-,5344.8000,5344.4000,5343.8000,5343.6000,5343.2000,5346.2000,5346.4000,5346.6000,5347.4000,5347.6000,1,1,2,3,1,1,1,2,1,1
SF,IC2003,2020-01-03 10:45:13.400,5345.0000,53700,0,5030994640.000,0,-,-,-,-,5344.8000,5343.8000,5343.6000,5343.2000,5342.4000,5346.0000,5346.2000,5346.6000,5347.4000,5347.6000,5,1,3,1,1,1,1,1,1,1
SF,IC2003,2020-01-03 10:45:13.900,5345.0000,53700,0,5030994640.000,0,-,-,-,-,5344.8000,5343.8000,5343.6000,5343.2000,5342.4000,5346.0000,5346.2000,5346.6000,5347.4000,5347.6000,5,1,1,1,1,1,1,1,1,1
SF,IC2003,2020-01-03 10:45:14.400,5345.0000,53700,0,5030994640.000,0,-,-,-,-,5344.8000,5343.8000,5343.6000,5343.2000,5342.4000,5346.0000,5346.6000,5347.4000,5347.6000,5347.8000,5,1,1,1,1,1,1,1,1,4
SF,IC2003,2020-01-03 10:45:14.900,5345.0000,53700,0,5030994640.000,0,-,-,-,-,5344.8000,5344.4000,5343.8000,5343.6000,5343.2000,5346.0000,5346.6000,5347.4000,5347.8000,5348.0000,5,1,1,1,1,1,1,1,4,2
SF,IC2003,2020-01-03 10:45:15.400,5346.0000,53699,-1,5032063840.000,1,0,1,双平,S,5344.8000,5344.4000,5343.8000,5343.6000,5343.2000,5346.6000,5347.4000,5347.8000,5348.0000,5348.2000,5,1,1,1,1,1,1,4,2,1
SF,IC2003,2020-01-03 10:45:15.900,5346.0000,53699,0,5032063840.000,0,-,-,-,-,5345.2000,5345.0000,5344.8000,5344.4000,5343.8000,5346.4000,5346.6000,5347.4000,5347.8000,5348.0000,1,1,5,1,1,1,2,1,4,2
SF,IC2003,2020-01-03 10:45:16.400,5346.0000,53699,0,5032063840.000,0,-,-,-,-,5345.4000,5344.8000,5344.4000,5343.8000,5343.6000,5346.6000,5347.4000,5347.8000,5348.0000,5348.2000,1,5,1,1,1,2,1,4,2,1
SF,IC2003,2020-01-03 10:45:16.900,5346.0000,53699,0,5032063840.000,0,-,-,-,-,5346.4000,5345.4000,5344.8000,5344.4000,5343.8000,5346.6000,5346.8000,5347.4000,5347.8000,5348.0000,1,1,5,1,1,2,1,1,4,2
SF,IC2003,2020-01-03 10:45:17.400,5346.8000,53699,0,5035271840.000,3,1,2,多换,S,5346.6000,5346.4000,5344.8000,5344.4000,5343.8000,5347.4000,5347.8000,5348.0000,5348.2000,5348.4000,2,1,4,1,1,1,1,2,1,2
SF,IC2003,2020-01-03 10:45:17.900,5347.4000,53699,0,5037410800.000,2,1,1,多换,S,5346.6000,5346.4000,5344.8000,5344.4000,5343.8000,5348.6000,5349.0000,5349.2000,5350.0000,5350.2000,2,1,4,1,1,1,1,1,2,1
SF,IC2003,2020-01-03 10:45:18.400,5347.4000,53699,0,5037410800.000,0,-,-,-,-,5347.0000,5346.8000,5346.6000,5346.4000,5344.8000,5348.4000,5348.6000,5349.0000,5349.2000,5350.0000,2,3,2,1,4,2,1,1,1,2
SF,IC2003,2020-01-03 10:45:18.900,5347.4000,53699,0,5037410800.000,0,-,-,-,-,5347.2000,5347.0000,5346.6000,5346.4000,5344.8000,5348.6000,5349.0000,5349.2000,5350.0000,5350.2000,1,2,2,1,4,1,1,1,2,1
SF,IC2003,2020-01-03 10:45:19.400,5347.4000,53699,0,5037410800.000,0,-,-,-,-,5347.2000,5347.0000,5346.6000,5346.4000,5344.8000,5348.2000,5348.6000,5348.8000,5349.0000,5349.2000,1,2,2,1,4,1,1,1,1,1
SF,IC2003,2020-01-03 10:45:20.400,5347.4000,53699,0,5037410800.000,0,-,-,-,-,5347.2000,5347.0000,5346.6000,5346.4000,5344.8000,5348.2000,5348.6000,5348.8000,5349.2000,5350.0000,1,2,2,1,4,1,1,1,1,2
SF,IC2003,2020-01-03 10:45:20.900,5347.4000,53699,0,5037410800.000,0,-,-,-,-,5347.2000,5347.0000,5346.6000,5346.4000,5344.8000,5348.0000,5348.2000,5348.6000,5348.8000,5349.2000,1,1,2,1,4,1,1,1,1,1
SF,IC2003,2020-01-03 10:45:21.900,5347.2000,53699,0,5038480240.000,1,0,1,多换,S,5347.0000,5346.6000,5346.4000,5344.8000,5344.6000,5347.8000,5348.0000,5348.2000,5348.6000,5349.2000,1,2,1,4,1,1,1,1,1,1
SF,IC2003,2020-01-03 10:45:22.400,5347.2000,53699,0,5038480240.000,0,-,-,-,-,5347.0000,5346.6000,5346.4000,5344.8000,5344.6000,5347.6000,5347.8000,5348.2000,5348.4000,5348.6000,1,2,1,4,1,1,1,1,1,1
SF,IC2003,2020-01-03 10:45:23.400,5347.2000,53699,0,5038480240.000,0,-,-,-,-,5347.0000,5346.6000,5346.4000,5344.8000,5344.6000,5347.6000,5348.2000,5348.4000,5348.6000,5349.2000,1,2,1,4,1,1,1,1,1,1
SF,IC2003,2020-01-03 10:45:23.900,5347.2000,53699,0,5038480240.000,0,-,-,-,-,5347.0000,5346.6000,5346.4000,5345.6000,5344.8000,5348.0000,5348.2000,5348.6000,5349.2000,5350.0000,1,2,1,1,4,2,1,1,1,2
SF,IC2003,2020-01-03 10:45:24.400,5347.2000,53699,0,5038480240.000,0,-,-,-,-,5347.0000,5346.6000,5346.4000,5345.6000,5345.2000,5348.0000,5348.2000,5348.6000,5349.2000,5350.0000,1,2,1,1,1,2,1,1,1,2
SF,IC2003,2020-01-03 10:45:24.900,5347.2000,53699,0,5038480240.000,0,-,-,-,-,5347.0000,5346.6000,5346.4000,5345.6000,5345.2000,5348.0000,5348.2000,5348.6000,5349.2000,5349.4000,1,2,1,1,1,2,1,1,1,1
SF,IC2003,2020-01-03 10:45:25.400,5347.2000,53699,0,5038480240.000,0,-,-,-,-,5347.0000,5346.4000,5345.6000,5345.2000,5344.8000,5348.0000,5348.2000,5348.6000,5349.2000,5349.4000,1,1,1,1,4,2,1,1,1,1
SF,IC2003,2020-01-03 10:45:25.900,5347.2000,53699,0,5038480240.000,0,-,-,-,-,5347.0000,5346.4000,5345.6000,5345.2000,5344.6000,5348.0000,5348.2000,5348.6000,5349.2000,5349.4000,1,1,1,1,1,2,1,1,1,1
SF,IC2003,2020-01-03 10:45:26.400,5347.2000,53699,0,5038480240.000,0,-,-,-,-,5347.2000,5347.0000,5346.4000,5345.6000,5345.2000,5348.0000,5348.2000,5349.2000,5349.4000,5350.0000,1,1,1,1,1,2,1,1,1,2
SF,IC2003,2020-01-03 10:45:26.900,5348.0000,53700,1,5040619440.000,2,1,1,空开,S,5347.2000,5347.0000,5346.4000,5345.6000,5345.2000,5348.2000,5349.2000,5350.0000,5350.2000,5350.8000,1,1,1,1,1,1,1,2,1,3
SF,IC2003,2020-01-03 10:45:27.900,5347.2000,53700,0,5041688880.000,1,0,1,多换,S,5347.0000,5346.4000,5345.6000,5345.2000,5344.6000,5349.2000,5350.0000,5350.2000,5350.8000,5351.4000,1,1,1,1,1,1,2,1,3,1
SF,IC2003,2020-01-03 10:45:28.400,5347.2000,53700,0,5041688880.000,0,-,-,-,-,5347.0000,5346.4000,5345.6000,5345.2000,5344.6000,5348.6000,5348.8000,5349.0000,5349.2000,5350.0000,1,1,1,1,1,1,1,1,1,2
SF,IC2003,2020-01-03 10:45:28.900,5347.2000,53700,0,5041688880.000,0,-,-,-,-,5347.0000,5346.4000,5345.6000,5345.2000,5344.6000,5348.4000,5348.6000,5348.8000,5349.2000,5350.0000,1,1,1,1,1,1,2,1,1,2
SF,IC2003,2020-01-03 10:45:29.400,5347.2000,53700,0,5041688880.000,0,-,-,-,-,5347.2000,5347.0000,5346.4000,5345.6000,5345.2000,5348.4000,5348.6000,5349.2000,5350.0000,5350.2000,1,1,1,1,1,1,1,1,5,1
SF,IC2003,2020-01-03 10:45:29.900,5347.2000,53700,0,5041688880.000,0,-,-,-,-,5347.2000,5347.0000,5346.4000,5345.6000,5345.2000,5348.2000,5348.4000,5349.2000,5350.0000,5350.2000,1,1,1,1,1,1,1,1,5,1
SF,IC2003,2020-01-03 10:45:30.400,5347.2000,53700,0,5041688880.000,0,-,-,-,-,5347.0000,5346.4000,5345.6000,5345.2000,5344.8000,5348.2000,5348.4000,5349.2000,5350.0000,5350.2000,1,1,1,1,1,1,1,1,5,1
SF,IC2003,2020-01-03 10:45:30.900,5347.2000,53700,0,5041688880.000,0,-,-,-,-,5347.0000,5346.4000,5345.6000,5345.2000,5344.8000,5348.0000,5348.2000,5349.2000,5350.0000,5350.2000,1,1,1,1,1,1,1,1,5,1
SF,IC2003,2020-01-03 10:45:31.400,5347.2000,53700,0,5041688880.000,0,-,-,-,-,5347.0000,5346.4000,5346.2000,5345.6000,5345.2000,5348.0000,5348.2000,5349.2000,5350.0000,5350.2000,1,1,1,1,1,1,1,1,5,1
SF,IC2003,2020-01-03 10:45:32.400,5347.0000,53699,-1,5042758280.000,1,0,1,双平,S,5346.4000,5346.2000,5345.6000,5345.2000,5344.8000,5348.0000,5348.2000,5349.2000,5350.0000,5350.2000,1,1,1,1,1,1,1,1,5,1
SF,IC2003,2020-01-03 10:45:32.900,5347.0000,53699,0,5042758280.000,0,-,-,-,-,5346.8000,5346.6000,5346.4000,5346.2000,5345.6000,5348.0000,5348.2000,5349.2000,5350.0000,5350.2000,1,4,1,1,1,1,1,1,5,1
SF,IC2003,2020-01-03 10:45:33.400,5348.0000,53699,0,5043827880.000,1,0,1,多换,S,5348.0000,5346.8000,5346.6000,5346.4000,5346.2000,5348.2000,5349.2000,5350.0000,5350.2000,5350.8000,4,1,4,1,1,1,1,5,1,3
SF,IC2003,2020-01-03 10:45:33.900,5348.0000,53699,0,5047036680.000,3,1,2,多换,S,5348.0000,5346.8000,5346.6000,5346.4000,5346.2000,5348.2000,5349.2000,5350.0000,5350.2000,5350.8000,1,1,4,1,1,1,1,5,1,3
SF,IC2003,2020-01-03 10:45:34.400,5348.0000,53699,0,5047036680.000,0,-,-,-,-,5348.0000,5346.8000,5346.6000,5346.4000,5346.2000,5348.2000,5348.8000,5349.2000,5350.0000,5350.2000,1,1,4,1,1,1,1,1,5,1
SF,IC2003,2020-01-03 10:45:34.900,5348.2000,53697,-2,5050245600.000,3,0,3,多平,S,5348.0000,5346.8000,5346.6000,5346.4000,5346.2000,5348.8000,5349.2000,5350.0000,5350.2000,5350.8000,1,1,4,1,1,1,1,5,1,3
SF,IC2003,2020-01-03 10:45:35.400,5348.2000,53697,0,5050245600.000,0,-,-,-,-,5348.0000,5346.6000,5346.4000,5346.2000,5345.6000,5348.8000,5349.2000,5350.0000,5350.2000,5350.8000,1,4,1,1,1,1,1,5,1,3
SF,IC2003,2020-01-03 10:45:35.900,5348.0000,53698,1,5051315200.000,1,1,0,双开,S,5346.6000,5346.4000,5346.2000,5345.6000,5345.2000,5348.6000,5348.8000,5349.2000,5350.0000,5350.2000,2,1,1,1,1,1,1,1,5,1
SF,IC2003,2020-01-03 10:45:36.400,5348.0000,53699,1,5052384800.000,1,1,0,双开,S,5348.2000,5347.0000,5346.8000,5346.6000,5346.4000,5348.6000,5348.8000,5349.2000,5350.0000,5350.2000,5,1,3,2,1,1,1,1,5,1
SF,IC2003,2020-01-03 10:45:36.900,5347.0000,53699,0,5058802400.000,6,3,3,多换,S,5346.8000,5346.6000,5346.4000,5346.2000,5345.6000,5348.0000,5348.2000,5348.4000,5348.6000,5348.8000,1,2,1,1,1,2,4,1,1,2
SF,IC2003,2020-01-03 10:45:37.400,5347.0000,53699,0,5058802400.000,0,-,-,-,-,5346.4000,5346.2000,5345.2000,5344.8000,5344.6000,5347.6000,5347.8000,5348.0000,5348.2000,5348.4000,1,1,1,1,1,1,1,3,3,1
SF,IC2003,2020-01-03 10:45:37.900,5347.0000,53699,0,5058802400.000,0,-,-,-,-,5346.4000,5346.2000,5345.2000,5344.8000,5344.6000,5347.4000,5347.6000,5348.0000,5348.2000,5348.4000,2,1,1,1,1,2,1,3,3,1
SF,IC2003,2020-01-03 10:45:38.400,5347.0000,53699,0,5058802400.000,0,-,-,-,-,5346.4000,5346.2000,5345.2000,5344.8000,5344.6000,5347.4000,5347.6000,5348.0000,5348.2000,5348.4000,2,1,1,1,1,1,1,3,3,1
SF,IC2003,2020-01-03 10:45:38.900,5347.0000,53699,0,5058802400.000,0,-,-,-,-,5346.6000,5346.4000,5346.2000,5345.2000,5344.8000,5347.2000,5347.6000,5348.0000,5348.2000,5348.4000,2,2,1,1,1,1,1,1,3,1
SF,IC2003,2020-01-03 10:45:39.400,5347.0000,53699,0,5058802400.000,0,-,-,-,-,5346.4000,5346.2000,5345.2000,5344.8000,5344.6000,5347.2000,5347.6000,5348.0000,5348.2000,5348.4000,2,1,1,1,1,1,1,1,3,1
SF,IC2003,2020-01-03 10:45:39.900,5347.0000,53699,0,5058802400.000,0,-,-,-,-,5346.4000,5346.2000,5345.2000,5344.8000,5344.6000,5347.0000,5347.6000,5348.0000,5348.2000,5348.4000,2,1,1,1,1,1,1,1,3,1
SF,IC2003,2020-01-03 10:45:40.400,5347.0000,53698,-1,5059871800.000,1,0,1,双平,S,5346.6000,5346.4000,5346.2000,5345.2000,5344.8000,5347.6000,5348.0000,5348.2000,5348.4000,5348.8000,1,2,1,1,1,1,1,3,1,1
SF,IC2003,2020-01-03 10:45:40.900,5347.0000,53698,0,5059871800.000,0,-,-,-,-,5346.6000,5346.4000,5346.2000,5345.2000,5344.8000,5347.4000,5347.6000,5348.0000,5348.2000,5348.4000,1,2,1,1,1,1,1,1,3,1
SF,IC2003,2020-01-03 10:45:41.400,5347.0000,53698,0,5059871800.000,0,-,-,-,-,5346.4000,5346.2000,5345.2000,5344.8000,5344.6000,5347.4000,5347.6000,5348.0000,5348.2000,5348.4000,2,1,1,1,1,1,1,1,3,1
SF,IC2003,2020-01-03 10:45:41.900,5347.0000,53698,0,5059871800.000,0,-,-,-,-,5346.4000,5346.2000,5345.2000,5344.8000,5344.6000,5347.4000,5347.6000,5348.0000,5348.2000,5348.4000,2,1,1,1,1,1,1,1,1,1
SF,IC2003,2020-01-03 10:45:42.400,5347.0000,53698,0,5059871800.000,0,-,-,-,-,5346.4000,5346.2000,5345.2000,5344.8000,5344.6000,5347.4000,5347.6000,5348.0000,5348.2000,5348.4000,2,1,1,1,1,1,1,1,1,2
SF,IC2003,2020-01-03 10:45:42.900,5347.0000,53698,0,5059871800.000,0,-,-,-,-,5346.6000,5346.4000,5346.2000,5345.2000,5344.8000,5347.4000,5348.0000,5348.2000,5348.4000,5348.8000,1,2,1,1,1,1,1,1,2,1
SF,IC2003,2020-01-03 10:45:43.400,5347.0000,53698,0,5059871800.000,0,-,-,-,-,5346.4000,5346.2000,5345.2000,5344.8000,5344.6000,5347.4000,5348.0000,5348.2000,5348.4000,5348.8000,2,1,1,1,1,1,1,1,1,1
SF,IC2003,2020-01-03 10:45:43.900,5347.0000,53698,0,5059871800.000,0,-,-,-,-,5346.4000,5346.2000,5345.2000,5344.8000,5344.6000,5348.0000,5348.4000,5348.8000,5349.2000,5350.0000,2,1,1,1,1,1,1,1,2,5
SF,IC2003,2020-01-03 10:45:44.400,5347.0000,53698,0,5059871800.000,0,-,-,-,-,5346.6000,5346.4000,5346.2000,5345.2000,5344.8000,5347.8000,5348.0000,5348.4000,5348.8000,5349.2000,1,2,1,1,1,1,1,1,1,2
SF,IC2003,2020-01-03 10:45:45.400,5347.0000,53698,0,5059871800.000,0,-,-,-,-,5346.6000,5346.4000,5346.2000,5345.2000,5344.8000,5347.8000,5348.4000,5348.8000,5349.2000,5350.0000,1,2,1,1,1,1,1,1,2,5
SF,IC2003,2020-01-03 10:45:45.900,5347.0000,53698,0,5059871800.000,0,-,-,-,-,5346.6000,5346.4000,5346.2000,5345.2000,5344.8000,5347.8000,5348.4000,5348.8000,5349.2000,5350.0000,1,2,1,1,1,1,1,1,2,5
SF,IC2003,2020-01-03 10:45:46.400,5347.0000,53698,0,5059871800.000,0,-,-,-,-,5346.6000,5346.4000,5346.2000,5345.2000,5344.8000,5347.8000,5348.4000,5348.8000,5349.2000,5350.0000,1,2,1,1,1,1,1,1,2,5
SF,IC2003,2020-01-03 10:45:48.400,5347.8000,53698,0,5060941360.000,1,0,1,多换,S,5346.8000,5346.6000,5346.4000,5346.2000,5345.2000,5348.4000,5348.8000,5349.2000,5350.0000,5350.2000,2,1,2,1,1,1,1,2,5,1
SF,IC2003,2020-01-03 10:45:48.900,5347.8000,53698,0,5060941360.000,0,-,-,-,-,5347.0000,5346.8000,5346.4000,5346.2000,5345.2000,5348.2000,5348.4000,5348.8000,5349.2000,5350.0000,2,1,2,1,1,1,1,1,2,5
SF,IC2003,2020-01-03 10:45:49.900,5347.8000,53698,0,5060941360.000,0,-,-,-,-,5347.0000,5346.4000,5346.2000,5345.2000,5344.8000,5348.2000,5348.4000,5348.8000,5349.2000,5350.0000,1,2,1,1,1,1,1,1,2,5
SF,IC2003,2020-01-03 10:45:50.400,5347.0000,53697,-1,5062010760.000,1,0,1,双平,S,5346.4000,5346.2000,5345.2000,5344.8000,5344.6000,5348.2000,5348.4000,5348.8000,5349.2000,5350.0000,2,1,1,1,1,1,1,1,2,5
SF,IC2003,2020-01-03 10:45:50.900,5346.8000,53696,-1,5063080120.000,1,0,1,双平,S,5346.8000,5346.6000,5346.4000,5346.2000,5345.2000,5348.0000,5348.2000,5348.4000,5348.8000,5349.2000,1,2,2,1,1,2,2,1,1,2
SF,IC2003,2020-01-03 10:45:51.400,5346.8000,53696,0,5063080120.000,0,-,-,-,-,5346.6000,5346.4000,5346.2000,5345.2000,5344.8000,5347.8000,5348.0000,5348.4000,5348.8000,5349.2000,2,2,1,1,1,2,2,1,1,2
SF,IC2003,2020-01-03 10:45:51.900,5346.6000,53695,-1,5064149440.000,1,0,1,双平,S,5346.6000,5346.4000,5346.2000,5345.2000,5344.8000,5347.8000,5348.0000,5348.4000,5348.8000,5349.2000,1,1,1,1,1,2,2,1,1,2
SF,IC2003,2020-01-03 10:45:52.400,5346.6000,53695,0,5064149440.000,0,-,-,-,-,5346.4000,5346.2000,5345.2000,5344.8000,5344.6000,5347.6000,5347.8000,5348.4000,5348.8000,5349.2000,1,1,1,1,1,1,2,1,1,2
SF,IC2003,2020-01-03 10:45:52.900,5346.6000,53695,0,5064149440.000,0,-,-,-,-,5346.4000,5346.2000,5345.2000,5344.8000,5344.6000,5347.4000,5347.6000,5348.4000,5348.8000,5349.2000,2,1,1,1,1,2,2,1,1,2
SF,IC2003,2020-01-03 10:45:53.400,5346.6000,53695,0,5064149440.000,0,-,-,-,-,5346.4000,5346.2000,5345.2000,5344.8000,5344.6000,5347.4000,5347.6000,5348.8000,5349.2000,5350.0000,2,1,1,1,1,2,2,1,2,5
SF,IC2003,2020-01-03 10:45:54.400,5346.6000,53695,0,5064149440.000,0,-,-,-,-,5346.4000,5346.2000,5345.2000,5344.8000,5344.6000,5347.4000,5347.6000,5348.8000,5349.2000,5350.0000,2,1,1,1,1,2,2,1,2,5
SF,IC2003,2020-01-03 10:45:54.900,5346.6000,53695,0,5064149440.000,0,-,-,-,-,5346.4000,5346.2000,5345.2000,5344.8000,5344.6000,5347.2000,5347.4000,5347.6000,5348.8000,5349.2000,2,1,1,1,1,2,2,1,1,2
SF,IC2003,2020-01-03 10:45:55.400,5346.6000,53695,0,5064149440.000,0,-,-,-,-,5346.4000,5346.2000,5345.2000,5344.8000,5344.6000,5347.0000,5347.2000,5347.6000,5348.8000,5349.2000,2,1,1,1,1,2,1,1,1,2
SF,IC2003,2020-01-03 10:45:55.900,5346.6000,53695,0,5064149440.000,0,-,-,-,-,5346.4000,5346.2000,5345.2000,5344.8000,5344.6000,5347.0000,5347.2000,5348.8000,5349.2000,5350.0000,2,1,1,1,1,2,1,1,2,5
SF,IC2003,2020-01-03 10:45:56.400,5346.6000,53695,0,5064149440.000,0,-,-,-,-,5346.4000,5346.2000,5345.2000,5344.8000,5344.6000,5346.8000,5347.0000,5347.2000,5348.8000,5349.2000,2,1,1,1,1,1,2,1,1,2
SF,IC2003,2020-01-03 10:45:56.900,5346.6000,53695,0,5064149440.000,0,-,-,-,-,5346.4000,5346.2000,5345.2000,5344.8000,5344.6000,5346.8000,5347.2000,5348.8000,5349.2000,5350.0000,2,1,1,1,1,3,1,1,2,5
SF,IC2003,2020-01-03 10:45:58.400,5346.4000,53694,-1,5065218720.000,1,0,1,双平,S,5346.4000,5346.2000,5345.2000,5344.8000,5344.6000,5346.8000,5347.2000,5348.8000,5349.2000,5350.0000,1,1,1,1,1,3,1,1,2,5
SF,IC2003,2020-01-03 10:45:58.900,5346.4000,53694,0,5065218720.000,0,-,-,-,-,5346.4000,5346.2000,5345.2000,5344.8000,5344.6000,5346.8000,5347.2000,5348.8000,5349.2000,5350.0000,1,1,1,1,1,2,1,1,2,5
SF,IC2003,2020-01-03 10:46:02.900,5346.4000,53694,0,5065218720.000,0,-,-,-,-,5346.4000,5346.2000,5345.2000,5345.0000,5344.8000,5346.8000,5347.2000,5348.8000,5349.2000,5350.0000,2,1,1,1,1,2,1,1,2,5
SF,IC2003,2020-01-03 10:46:03.400,5346.4000,53694,0,5065218720.000,0,-,-,-,-,5346.4000,5346.2000,5345.2000,5345.0000,5344.8000,5347.0000,5347.2000,5348.8000,5349.2000,5350.0000,2,1,1,1,1,2,1,1,2,5
SF,IC2003,2020-01-03 10:46:03.900,5346.2000,53692,-2,5068426520.000,3,0,3,多平,S,5345.2000,5345.0000,5344.8000,5344.6000,5344.4000,5347.0000,5347.2000,5348.8000,5349.2000,5350.0000,1,1,1,1,1,2,1,1,2,5
SF,IC2003,2020-01-03 10:46:04.400,5346.2000,53692,0,5068426520.000,0,-,-,-,-,5345.2000,5345.0000,5344.8000,5344.6000,5344.4000,5346.6000,5346.8000,5347.0000,5347.2000,5348.8000,1,1,1,1,1,1,1,2,1,1
SF,IC2003,2020-01-03 10:46:04.900,5346.2000,53692,0,5068426520.000,0,-,-,-,-,5346.4000,5345.4000,5345.2000,5345.0000,5344.8000,5346.8000,5347.2000,5348.8000,5349.2000,5350.0000,1,1,1,1,1,1,1,1,2,5
SF,IC2003,2020-01-03 10:46:05.400,5345.4000,53693,1,5070564880.000,2,1,1,空开,S,5346.6000,5345.2000,5345.0000,5344.8000,5344.6000,5346.8000,5347.2000,5348.8000,5349.2000,5350.0000,1,1,1,1,1,3,1,1,2,5
SF,IC2003,2020-01-03 10:46:05.900,5346.6000,53692,-1,5071634200.000,1,0,1,双平,S,5345.2000,5345.0000,5344.8000,5344.6000,5344.4000,5346.6000,5346.8000,5347.2000,5348.8000,5349.2000,1,1,1,1,1,5,2,1,1,2
SF,IC2003,2020-01-03 10:46:06.400,5346.6000,53692,0,5071634200.000,0,-,-,-,-,5345.4000,5345.2000,5345.0000,5344.8000,5344.6000,5346.4000,5346.6000,5347.2000,5348.8000,5349.2000,1,1,1,1,1,1,4,1,1,2
SF,IC2003,2020-01-03 10:46:07.400,5346.6000,53692,0,5071634200.000,0,-,-,-,-,5345.4000,5345.2000,5345.0000,5344.8000,5344.6000,5346.4000,5346.6000,5347.2000,5348.8000,5349.2000,1,1,1,1,1,1,4,1,1,2
SF,IC2003,2020-01-03 10:46:07.900,5346.4000,53692,0,5072703480.000,1,0,1,多换,S,5345.6000,5345.4000,5345.2000,5345.0000,5344.8000,5347.2000,5348.8000,5349.2000,5350.0000,5350.2000,1,1,1,1,1,1,1,2,5,1
SF,IC2003,2020-01-03 10:46:08.400,5346.4000,53692,0,5072703480.000,0,-,-,-,-,5345.6000,5345.4000,5345.2000,5345.0000,5344.8000,5347.0000,5347.2000,5348.8000,5349.2000,5350.0000,1,1,1,1,1,2,1,1,2,5
SF,IC2003,2020-01-03 10:46:08.900,5346.4000,53692,0,5072703480.000,0,-,-,-,-,5345.6000,5345.4000,5345.2000,5345.0000,5344.8000,5347.0000,5347.2000,5348.8000,5349.2000,5350.0000,1,1,2,1,1,2,1,1,2,5
SF,IC2003,2020-01-03 10:46:09.900,5346.4000,53692,0,5072703480.000,0,-,-,-,-,5345.6000,5345.4000,5345.2000,5345.0000,5344.8000,5346.6000,5347.0000,5347.2000,5348.8000,5349.2000,1,1,2,1,1,1,2,1,2,2
SF,IC2003,2020-01-03 10:46:10.400,5346.4000,53692,0,5072703480.000,0,-,-,-,-,5346.0000,5345.6000,5345.4000,5345.2000,5345.0000,5346.6000,5347.2000,5348.8000,5349.2000,5350.0000,1,1,1,2,1,1,1,2,2,5
SF,IC2003,2020-01-03 10:46:10.900,5346.6000,53693,1,5073772800.000,1,1,0,双开,S,5345.6000,5345.4000,5345.2000,5345.0000,5344.8000,5347.2000,5348.8000,5349.2000,5350.0000,5350.2000,1,1,2,1,1,1,2,2,5,1
SF,IC2003,2020-01-03 10:46:11.400,5346.6000,53693,0,5073772800.000,0,-,-,-,-,5345.8000,5345.6000,5345.4000,5345.2000,5345.0000,5347.0000,5347.2000,5348.8000,5349.2000,5350.0000,2,1,1,2,1,2,1,2,2,5
SF,IC2003,2020-01-03 10:46:11.900,5346.0000,53691,-2,5075911200.000,2,0,2,双平,S,5346.0000,5345.8000,5345.4000,5345.2000,5345.0000,5347.0000,5347.2000,5348.8000,5349.2000,5350.0000,2,2,1,2,1,2,1,2,2,5
SF,IC2003,2020-01-03 10:46:12.400,5347.0000,53692,1,5076980600.000,1,1,0,双开,S,5346.0000,5345.8000,5345.4000,5345.2000,5345.0000,5347.0000,5347.2000,5348.8000,5349.2000,5350.0000,2,2,1,2,1,1,1,2,2,5
SF,IC2003,2020-01-03 10:46:12.900,5347.0000,53692,0,5076980600.000,0,-,-,-,-,5346.0000,5345.8000,5345.4000,5345.2000,5345.0000,5347.0000,5347.2000,5348.8000,5349.2000,5350.0000,2,2,1,2,1,1,1,2,2,5
SF,IC2003,2020-01-03 10:46:13.900,5347.0000,53692,0,5076980600.000,0,-,-,-,-,5346.2000,5346.0000,5345.8000,5345.4000,5345.2000,5347.0000,5347.2000,5348.8000,5349.2000,5350.0000,1,1,3,1,2,1,1,2,2,5
SF,IC2003,2020-01-03 10:46:14.900,5347.0000,53693,1,5078050000.000,1,1,0,双开,S,5347.0000,5346.2000,5346.0000,5345.8000,5345.4000,5347.2000,5348.8000,5349.2000,5350.0000,5350.2000,4,1,2,3,1,1,2,2,5,1
SF,IC2003,2020-01-03 10:46:15.400,5347.2000,53692,-1,5079119440.000,1,0,1,双平,S,5347.4000,5347.2000,5347.0000,5346.2000,5346.0000,5348.8000,5349.2000,5350.0000,5350.2000,5350.8000,2,1,4,1,2,2,2,5,1,3
SF,IC2003,2020-01-03 10:46:15.900,5347.2000,53692,0,5079119440.000,0,-,-,-,-,5347.2000,5347.0000,5346.2000,5346.0000,5345.8000,5348.2000,5348.6000,5348.8000,5349.0000,5349.2000,1,4,1,2,3,1,1,2,1,2
SF,IC2003,2020-01-03 10:46:19.400,5348.2000,53692,0,5080189080.000,1,0,1,多换,S,5348.2000,5347.2000,5347.0000,5346.2000,5346.0000,5348.6000,5348.8000,5349.0000,5349.2000,5350.0000,4,1,4,1,2,1,2,1,2,5
SF,IC2003,2020-01-03 10:46:19.900,5348.2000,53696,4,5084467640.000,4,4,0,双开,S,5347.2000,5347.0000,5346.6000,5346.2000,5346.0000,5348.4000,5348.6000,5348.8000,5349.0000,5349.2000,1,4,1,1,2,1,1,2,1,2
SF,IC2003,2020-01-03 10:46:20.900,5348.2000,53696,0,5084467640.000,0,-,-,-,-,5348.2000,5347.2000,5347.0000,5346.6000,5346.2000,5348.4000,5348.6000,5348.8000,5349.0000,5349.2000,2,1,4,1,1,1,1,2,1,2
SF,IC2003,2020-01-03 10:46:21.400,5348.4000,53696,0,5085537320.000,1,0,1,多换,S,5348.4000,5348.2000,5347.0000,5346.6000,5346.2000,5348.6000,5348.8000,5349.0000,5349.2000,5350.0000,1,2,4,1,1,1,2,1,2,5
SF,IC2003,2020-01-03 10:46:21.900,5348.6000,53696,0,5086607040.000,1,0,1,多换,S,5348.4000,5348.2000,5347.0000,5346.6000,5346.2000,5348.8000,5349.2000,5350.0000,5350.2000,5350.8000,1,2,4,1,1,2,2,5,1,3
SF,IC2003,2020-01-03 10:46:22.400,5348.4000,53696,0,5088746480.000,2,1,1,多换,S,5348.2000,5347.0000,5346.6000,5346.2000,5346.0000,5348.8000,5349.2000,5350.0000,5350.2000,5350.8000,2,4,1,1,2,1,2,5,1,3
SF,IC2003,2020-01-03 10:46:24.900,5348.4000,53696,0,5088746480.000,0,-,-,-,-,5348.2000,5347.0000,5346.6000,5346.2000,5346.0000,5348.8000,5349.2000,5350.0000,5350.2000,5350.8000,2,4,1,1,2,1,2,5,1,3
SF,IC2003,2020-01-03 10:46:26.400,5348.4000,53696,0,5088746480.000,0,-,-,-,-,5348.2000,5347.0000,5346.6000,5346.2000,5346.0000,5348.8000,5349.0000,5349.2000,5350.0000,5350.2000,2,4,1,1,2,1,1,2,5,1
SF,IC2003,2020-01-03 10:46:26.900,5348.2000,53696,0,5090885760.000,2,1,1,多换,S,5347.0000,5346.6000,5346.2000,5346.0000,5345.8000,5348.2000,5348.8000,5349.2000,5350.0000,5350.2000,4,1,1,2,3,1,1,2,5,1
SF,IC2003,2020-01-03 10:46:27.400,5348.2000,53696,0,5091955400.000,1,0,1,多换,S,5348.2000,5348.0000,5347.2000,5347.0000,5346.6000,5348.8000,5349.2000,5350.0000,5350.2000,5350.8000,5,2,1,4,1,4,2,5,1,3
SF,IC2003,2020-01-03 10:46:27.900,5348.2000,53696,0,5091955400.000,0,-,-,-,-,5348.2000,5347.2000,5347.0000,5346.6000,5346.2000,5348.8000,5349.0000,5349.2000,5350.0000,5350.2000,5,1,4,1,1,4,1,2,5,1
SF,IC2003,2020-01-03 10:46:28.400,5348.2000,53696,0,5091955400.000,0,-,-,-,-,5348.2000,5347.2000,5347.0000,5346.6000,5346.2000,5348.6000,5348.8000,5349.0000,5349.2000,5350.0000,5,1,4,1,1,1,4,1,2,5
SF,IC2003,2020-01-03 10:46:29.400,5348.6000,53696,0,5093025120.000,1,0,1,多换,S,5348.2000,5347.2000,5347.0000,5346.6000,5346.2000,5348.8000,5349.2000,5350.0000,5350.2000,5350.8000,5,1,4,1,1,4,2,5,1,3
SF,IC2003,2020-01-03 10:46:30.900,5348.6000,53696,0,5093025120.000,0,-,-,-,-,5348.4000,5348.2000,5348.0000,5347.2000,5347.0000,5348.8000,5349.2000,5350.0000,5350.2000,5350.8000,1,5,1,1,4,4,2,5,1,3
SF,IC2003,2020-01-03 10:46:31.900,5348.4000,53695,-1,5094094800.000,1,0,1,双平,S,5348.2000,5348.0000,5347.2000,5347.0000,5346.6000,5348.8000,5349.2000,5350.0000,5350.2000,5350.8000,5,1,1,4,1,4,2,5,1,3
SF,IC2003,2020-01-03 10:46:35.900,5348.4000,53695,0,5094094800.000,0,-,-,-,-,5348.2000,5348.0000,5347.2000,5347.0000,5346.6000,5348.8000,5349.2000,5350.0000,5350.2000,5350.8000,5,1,1,4,1,4,2,5,1,3
SF,IC2003,2020-01-03 10:46:36.400,5348.4000,53695,0,5094094800.000,0,-,-,-,-,5348.4000,5348.2000,5348.0000,5347.2000,5347.0000,5348.8000,5349.2000,5350.0000,5350.2000,5350.8000,1,5,1,1,4,4,2,5,1,3
SF,IC2003,2020-01-03 10:46:37.900,5348.4000,53695,0,5094094800.000,0,-,-,-,-,5348.4000,5348.2000,5348.0000,5347.2000,5347.0000,5348.8000,5349.2000,5350.0000,5350.2000,5350.8000,1,5,1,1,4,4,2,5,1,3
SF,IC2003,2020-01-03 10:46:38.900,5348.4000,53695,0,5094094800.000,0,-,-,-,-,5348.4000,5348.2000,5348.0000,5347.2000,5347.0000,5348.6000,5348.8000,5349.2000,5350.0000,5350.2000,1,5,1,1,4,1,5,2,5,1
SF,IC2003,2020-01-03 10:46:39.400,5348.6000,53695,0,5095164520.000,1,0,1,多换,S,5348.4000,5348.2000,5348.0000,5347.2000,5347.0000,5348.8000,5349.2000,5350.0000,5350.2000,5350.8000,1,5,1,1,4,5,2,5,1,3
SF,IC2003,2020-01-03 10:46:40.400,5348.4000,53695,0,5096234200.000,1,0,1,多换,S,5348.2000,5348.0000,5347.2000,5347.0000,5346.6000,5348.8000,5349.2000,5350.0000,5350.2000,5350.8000,5,1,1,4,1,5,2,5,1,3
SF,IC2003,2020-01-03 10:46:42.400,5348.8000,53696,1,5101583000.000,5,3,2,空开,S,5348.2000,5348.0000,5347.2000,5347.0000,5346.6000,5349.2000,5350.0000,5350.2000,5350.8000,5351.4000,5,1,1,4,1,2,5,1,3,1
SF,IC2003,2020-01-03 10:46:42.900,5348.8000,53696,0,5101583000.000,0,-,-,-,-,5348.4000,5348.2000,5348.0000,5347.0000,5346.6000,5349.2000,5350.0000,5350.2000,5350.8000,5351.4000,1,5,1,4,1,2,5,1,3,1
SF,IC2003,2020-01-03 10:46:44.400,5348.8000,53696,0,5101583000.000,0,-,-,-,-,5348.4000,5348.2000,5347.0000,5346.6000,5345.8000,5349.0000,5349.2000,5350.0000,5350.2000,5350.8000,1,5,4,1,3,1,2,5,1,3
SF,IC2003,2020-01-03 10:46:50.400,5348.8000,53696,0,5101583000.000,0,-,-,-,-,5348.4000,5348.2000,5347.0000,5346.6000,5345.8000,5349.0000,5349.2000,5350.0000,5350.2000,5350.8000,1,5,5,1,3,1,2,5,1,3
SF,IC2003,2020-01-03 10:46:53.400,5349.0000,53696,0,5102652800.000,1,0,1,多换,S,5348.4000,5348.2000,5347.0000,5346.6000,5345.8000,5349.2000,5350.0000,5350.2000,5350.8000,5351.4000,1,5,5,1,3,2,5,1,3,1
SF,IC2003,2020-01-03 10:46:53.900,5349.0000,53696,0,5102652800.000,0,-,-,-,-,5348.4000,5348.2000,5347.0000,5346.6000,5345.8000,5349.0000,5349.2000,5350.0000,5350.2000,5350.8000,1,5,5,1,3,1,2,6,1,3
SF,IC2003,2020-01-03 10:46:55.900,5349.0000,53696,0,5102652800.000,0,-,-,-,-,5348.4000,5348.2000,5347.0000,5346.6000,5345.8000,5349.0000,5349.2000,5350.0000,5350.2000,5350.8000,1,5,5,1,3,1,2,6,1,3
SF,IC2003,2020-01-03 10:46:58.900,5349.0000,53696,0,5102652800.000,0,-,-,-,-,5348.4000,5348.2000,5347.0000,5346.6000,5345.8000,5349.0000,5349.2000,5350.0000,5350.2000,5350.8000,1,5,5,1,3,1,3,6,1,3
SF,IC2003,2020-01-03 10:46:59.400,5349.0000,53696,0,5102652800.000,0,-,-,-,-,5348.2000,5347.0000,5346.6000,5345.8000,5345.4000,5349.0000,5349.2000,5350.0000,5350.2000,5350.8000,5,5,1,3,1,1,3,6,1,3
SF,IC2003,2020-01-03 10:47:00.400,5349.0000,53696,0,5102652800.000,0,-,-,-,-,5348.2000,5347.0000,5346.6000,5345.8000,5345.4000,5349.0000,5349.2000,5350.0000,5350.2000,5350.8000,5,5,1,3,1,1,2,6,1,3
SF,IC2003,2020-01-03 10:47:00.900,5349.0000,53696,0,5102652800.000,0,-,-,-,-,5348.2000,5347.0000,5346.6000,5345.8000,5345.4000,5349.0000,5349.2000,5350.0000,5350.2000,5350.8000,5,5,1,3,1,2,2,6,1,3
SF,IC2003,2020-01-03 10:47:01.400,5348.2000,53696,0,5104792080.000,2,1,1,多换,S,5348.2000,5347.0000,5346.6000,5345.8000,5345.4000,5349.0000,5349.2000,5350.0000,5350.2000,5350.8000,3,5,1,3,1,2,2,6,1,3
SF,IC2003,2020-01-03 10:47:01.900,5348.2000,53696,0,5108001000.000,3,1,2,多换,S,5347.0000,5346.6000,5345.8000,5345.4000,5345.2000,5348.6000,5348.8000,5349.0000,5349.2000,5350.0000,5,1,3,1,1,1,1,1,2,6
SF,IC2003,2020-01-03 10:47:02.400,5348.4000,53696,0,5109070680.000,1,0,1,多换,S,5347.2000,5347.0000,5346.6000,5345.8000,5345.4000,5348.6000,5349.2000,5350.0000,5350.2000,5350.8000,1,5,1,3,1,1,2,6,1,3
SF,IC2003,2020-01-03 10:47:02.900,5348.4000,53696,0,5109070680.000,0,-,-,-,-,5347.2000,5347.0000,5346.6000,5345.8000,5345.4000,5348.6000,5348.8000,5349.2000,5350.0000,5350.2000,1,5,1,3,1,1,1,2,6,1
SF,IC2003,2020-01-03 10:47:03.400,5347.2000,53696,0,5110140120.000,1,0,1,多换,S,5347.0000,5346.6000,5345.8000,5345.4000,5345.2000,5348.6000,5348.8000,5349.2000,5350.0000,5350.2000,5,1,3,1,1,1,1,2,6,1
SF,IC2003,2020-01-03 10:47:03.900,5348.4000,53695,-1,5111209800.000,1,0,1,双平,S,5347.2000,5347.0000,5346.6000,5345.8000,5345.4000,5348.6000,5348.8000,5349.2000,5350.0000,5350.2000,1,5,1,3,1,1,1,2,6,1
SF,IC2003,2020-01-03 10:47:04.400,5348.4000,53695,0,5111209800.000,0,-,-,-,-,5347.4000,5347.0000,5346.6000,5345.8000,5345.4000,5348.6000,5348.8000,5349.2000,5350.0000,5350.2000,1,5,1,2,1,1,1,2,6,1
SF,IC2003,2020-01-03 10:47:04.900,5348.4000,53695,0,5111209800.000,0,-,-,-,-,5347.4000,5347.0000,5346.6000,5345.8000,5345.4000,5348.4000,5348.6000,5348.8000,5349.2000,5350.0000,1,5,1,2,1,1,1,1,2,6
SF,IC2003,2020-01-03 10:47:05.400,5348.4000,53695,0,5111209800.000,0,-,-,-,-,5347.0000,5346.6000,5345.4000,5345.2000,5345.0000,5348.2000,5348.4000,5348.6000,5349.2000,5350.0000,5,1,1,1,1,1,1,1,2,6
SF,IC2003,2020-01-03 10:47:05.900,5348.4000,53695,0,5111209800.000,0,-,-,-,-,5347.0000,5346.6000,5345.4000,5345.2000,5345.0000,5348.0000,5348.2000,5348.6000,5349.2000,5350.0000,5,1,1,1,1,1,3,1,2,6
SF,IC2003,2020-01-03 10:47:06.400,5348.4000,53695,0,5111209800.000,0,-,-,-,-,5347.0000,5346.6000,5345.4000,5345.2000,5345.0000,5347.6000,5347.8000,5348.0000,5348.2000,5349.2000,5,1,1,1,1,1,1,1,1,2
SF,IC2003,2020-01-03 10:47:06.900,5348.4000,53695,0,5111209800.000,0,-,-,-,-,5347.0000,5346.6000,5345.4000,5345.2000,5345.0000,5347.8000,5348.2000,5349.2000,5350.0000,5350.2000,5,1,1,1,1,1,1,2,6,1
SF,IC2003,2020-01-03 10:47:07.400,5348.4000,53695,0,5111209800.000,0,-,-,-,-,5347.0000,5346.6000,5345.4000,5345.2000,5345.0000,5347.6000,5348.2000,5349.2000,5350.0000,5350.2000,5,1,1,1,1,1,1,2,6,1
SF,IC2003,2020-01-03 10:47:07.900,5348.4000,53695,0,5111209800.000,0,-,-,-,-,5347.0000,5346.6000,5345.4000,5345.2000,5345.0000,5348.0000,5348.2000,5348.4000,5349.2000,5350.0000,5,1,1,1,1,1,1,1,2,6
SF,IC2003,2020-01-03 10:47:08.400,5348.0000,53694,-1,5112279400.000,1,0,1,双平,S,5347.0000,5346.6000,5345.4000,5345.2000,5345.0000,5348.0000,5348.2000,5348.4000,5349.2000,5350.0000,5,1,1,1,1,1,1,1,2,6
SF,IC2003,2020-01-03 10:47:08.900,5348.0000,53694,0,5112279400.000,0,-,-,-,-,5347.0000,5346.6000,5345.4000,5345.2000,5345.0000,5347.4000,5348.0000,5348.4000,5349.2000,5350.0000,5,1,1,1,1,1,1,1,2,6
SF,IC2003,2020-01-03 10:47:09.400,5347.4000,53693,-1,5113348880.000,1,0,1,双平,S,5347.0000,5346.6000,5345.4000,5345.2000,5345.0000,5348.0000,5348.4000,5349.2000,5350.0000,5350.2000,5,1,1,1,1,1,1,2,6,1
SF,IC2003,2020-01-03 10:47:09.900,5347.4000,53693,0,5113348880.000,0,-,-,-,-,5347.0000,5346.6000,5345.4000,5345.2000,5345.0000,5348.2000,5348.4000,5349.2000,5350.0000,5350.2000,5,1,1,1,1,1,1,2,6,1
SF,IC2003,2020-01-03 10:47:11.400,5347.0000,53693,0,5114418280.000,1,0,1,多换,S,5347.0000,5346.6000,5345.4000,5345.2000,5345.0000,5348.2000,5348.4000,5349.2000,5350.0000,5350.2000,4,1,1,1,1,1,1,2,6,1
SF,IC2003,2020-01-03 10:47:11.900,5347.0000,53693,0,5114418280.000,0,-,-,-,-,5347.0000,5346.6000,5345.4000,5345.2000,5345.0000,5348.2000,5348.4000,5349.2000,5350.0000,5350.2000,4,1,1,1,1,1,1,2,6,1
SF,IC2003,2020-01-03 10:47:12.400,5347.0000,53693,0,5115487680.000,1,0,1,多换,S,5347.2000,5347.0000,5346.6000,5345.4000,5345.2000,5348.2000,5348.4000,5349.2000,5350.0000,5350.2000,2,4,1,1,1,1,1,2,6,1
SF,IC2003,2020-01-03 10:47:13.400,5347.0000,53693,0,5115487680.000,0,-,-,-,-,5347.2000,5347.0000,5346.6000,5345.4000,5345.2000,5348.2000,5348.4000,5349.2000,5350.0000,5350.2000,2,4,1,1,1,1,1,2,6,1
SF,IC2003,2020-01-03 10:47:13.900,5347.0000,53693,0,5115487680.000,0,-,-,-,-,5347.0000,5346.6000,5345.4000,5345.2000,5345.0000,5348.0000,5348.2000,5348.4000,5349.2000,5350.0000,4,1,1,1,1,2,1,1,2,6
SF,IC2003,2020-01-03 10:47:14.400,5347.0000,53693,0,5115487680.000,0,-,-,-,-,5347.0000,5346.6000,5345.4000,5345.2000,5345.0000,5347.8000,5348.0000,5348.4000,5349.2000,5350.0000,4,1,1,1,1,1,2,1,2,6
SF,IC2003,2020-01-03 10:47:14.900,5348.0000,53694,1,5117626840.000,2,1,1,空开,S,5347.0000,5346.6000,5345.4000,5345.2000,5345.0000,5348.0000,5348.4000,5349.2000,5350.0000,5350.2000,4,1,1,1,1,1,1,2,6,1
SF,IC2003,2020-01-03 10:47:15.900,5348.0000,53694,0,5117626840.000,0,-,-,-,-,5347.2000,5347.0000,5346.6000,5345.4000,5345.2000,5348.0000,5348.4000,5349.2000,5350.0000,5350.2000,1,4,1,1,1,1,1,2,6,1
SF,IC2003,2020-01-03 10:47:16.400,5348.0000,53694,0,5117626840.000,0,-,-,-,-,5347.2000,5347.0000,5346.6000,5345.4000,5345.2000,5348.4000,5349.2000,5350.0000,5350.2000,5350.8000,1,4,1,1,1,1,2,6,1,3
SF,IC2003,2020-01-03 10:47:17.900,5348.0000,53694,0,5117626840.000,0,-,-,-,-,5347.2000,5347.0000,5346.6000,5345.4000,5345.2000,5348.0000,5348.2000,5348.4000,5349.2000,5350.0000,1,4,1,1,1,1,2,2,2,6
SF,IC2003,2020-01-03 10:47:18.400,5348.0000,53694,0,5117626840.000,0,-,-,-,-,5347.2000,5347.0000,5346.6000,5345.4000,5345.2000,5348.4000,5349.2000,5350.0000,5350.2000,5350.8000,1,4,1,1,1,1,2,6,1,3
SF,IC2003,2020-01-03 10:47:19.900,5348.0000,53694,0,5117626840.000,0,-,-,-,-,5347.2000,5347.0000,5346.6000,5345.4000,5345.2000,5348.2000,5348.4000,5349.2000,5350.0000,5350.2000,1,4,1,1,1,1,1,2,6,1
SF,IC2003,2020-01-03 10:47:20.400,5348.0000,53695,1,5119765880.000,2,1,1,空开,S,5347.0000,5346.6000,5345.4000,5345.2000,5345.0000,5348.4000,5349.2000,5350.0000,5350.2000,5350.8000,4,1,1,1,1,1,2,6,1,3
SF,IC2003,2020-01-03 10:47:20.900,5348.0000,53695,0,5119765880.000,0,-,-,-,-,5347.2000,5347.0000,5346.6000,5345.4000,5345.2000,5348.4000,5349.2000,5350.0000,5350.2000,5350.8000,2,4,1,1,1,1,2,6,1,3
SF,IC2003,2020-01-03 10:47:21.400,5347.2000,53694,-1,5120835320.000,1,0,1,双平,S,5347.2000,5347.0000,5346.6000,5345.4000,5345.2000,5348.4000,5349.2000,5350.0000,5350.2000,5350.8000,1,4,1,1,1,1,2,6,1,3
SF,IC2003,2020-01-03 10:47:21.900,5347.2000,53694,0,5120835320.000,0,-,-,-,-,5347.0000,5346.6000,5345.4000,5345.2000,5345.0000,5348.2000,5348.4000,5349.2000,5350.0000,5350.2000,4,1,1,1,1,2,2,2,6,1
SF,IC2003,2020-01-03 10:47:22.400,5347.2000,53694,0,5120835320.000,0,-,-,-,-,5347.0000,5346.6000,5345.4000,5345.2000,5345.0000,5348.2000,5348.4000,5349.2000,5350.0000,5350.2000,4,1,1,1,1,2,2,2,6,1
SF,IC2003,2020-01-03 10:47:22.900,5347.2000,53694,0,5120835320.000,0,-,-,-,-,5347.0000,5346.6000,5345.4000,5345.2000,5345.0000,5348.2000,5348.4000,5349.2000,5350.0000,5350.2000,4,1,1,1,1,2,2,2,6,1
SF,IC2003,2020-01-03 10:47:23.400,5347.2000,53694,0,5120835320.000,0,-,-,-,-,5347.0000,5346.6000,5345.4000,5345.2000,5345.0000,5348.0000,5348.2000,5348.4000,5349.2000,5350.0000,4,1,1,1,1,2,2,1,2,6
SF,IC2003,2020-01-03 10:47:23.900,5347.2000,53694,0,5120835320.000,0,-,-,-,-,5347.0000,5346.6000,5345.4000,5345.2000,5345.0000,5348.0000,5348.4000,5349.2000,5350.0000,5350.2000,4,1,1,1,1,1,1,2,6,1
SF,IC2003,2020-01-03 10:47:24.400,5347.2000,53694,0,5120835320.000,0,-,-,-,-,5347.0000,5346.6000,5345.4000,5345.2000,5345.0000,5348.0000,5348.4000,5349.2000,5350.0000,5350.2000,4,1,1,1,1,1,1,2,6,1
SF,IC2003,2020-01-03 10:47:26.400,5347.0000,53696,2,5122974120.000,2,2,0,双开,S,5347.0000,5346.6000,5345.4000,5345.2000,5345.0000,5348.4000,5349.2000,5350.0000,5350.2000,5350.8000,2,1,1,1,1,1,2,6,1,3
SF,IC2003,2020-01-03 10:47:26.900,5347.0000,53696,0,5122974120.000,0,-,-,-,-,5347.0000,5346.6000,5345.4000,5345.2000,5345.0000,5348.2000,5348.4000,5349.2000,5350.0000,5350.2000,2,1,1,1,1,2,1,2,6,1
SF,IC2003,2020-01-03 10:47:27.400,5347.0000,53696,0,5122974120.000,0,-,-,-,-,5347.0000,5346.6000,5345.4000,5345.2000,5345.0000,5348.0000,5348.2000,5348.4000,5349.2000,5350.0000,2,1,1,1,1,1,2,1,2,6
SF,IC2003,2020-01-03 10:47:27.900,5347.0000,53698,2,5125112920.000,2,2,0,双开,S,5346.6000,5345.4000,5345.2000,5345.0000,5344.6000,5347.0000,5347.8000,5348.0000,5348.4000,5349.2000,1,1,1,1,1,2,2,1,1,2
SF,IC2003,2020-01-03 10:47:28.400,5347.0000,53698,0,5127251720.000,2,1,1,多换,S,5346.6000,5345.4000,5345.2000,5345.0000,5344.6000,5347.8000,5348.0000,5348.4000,5349.2000,5350.0000,1,1,1,1,1,2,1,1,2,6
SF,IC2003,2020-01-03 10:47:29.900,5347.0000,53698,0,5127251720.000,0,-,-,-,-,5346.6000,5345.4000,5345.2000,5345.0000,5344.6000,5347.6000,5347.8000,5348.4000,5349.2000,5350.0000,1,1,1,1,1,1,2,1,2,6
SF,IC2003,2020-01-03 10:47:30.400,5347.0000,53698,0,5127251720.000,0,-,-,-,-,5347.0000,5346.6000,5345.4000,5345.2000,5345.0000,5347.6000,5347.8000,5348.4000,5349.2000,5350.0000,1,1,1,1,1,1,2,1,2,6
SF,IC2003,2020-01-03 10:47:30.900,5347.0000,53699,1,5128321120.000,1,1,0,双开,S,5346.6000,5345.4000,5345.2000,5345.0000,5344.6000,5347.6000,5347.8000,5348.4000,5349.2000,5350.0000,1,1,1,1,1,1,2,1,2,6
SF,IC2003,2020-01-03 10:47:31.400,5347.0000,53699,0,5128321120.000,0,-,-,-,-,5346.6000,5345.4000,5345.2000,5345.0000,5344.6000,5347.4000,5347.6000,5348.4000,5349.2000,5350.0000,1,1,1,1,1,2,1,1,2,6
SF,IC2003,2020-01-03 10:47:32.400,5346.6000,53699,0,5129390440.000,1,0,1,多换,S,5346.6000,5345.4000,5345.2000,5345.0000,5344.6000,5347.4000,5347.6000,5348.4000,5349.2000,5350.0000,1,1,1,1,1,2,1,1,2,6
SF,IC2003,2020-01-03 10:47:32.900,5346.6000,53699,0,5130459760.000,1,0,1,多换,S,5345.4000,5345.2000,5345.0000,5344.6000,5344.4000,5346.6000,5347.4000,5348.4000,5349.2000,5350.0000,1,1,1,1,1,1,2,1,2,6
SF,IC2003,2020-01-03 10:47:33.400,5346.6000,53699,0,5130459760.000,0,-,-,-,-,5345.6000,5345.4000,5345.2000,5345.0000,5344.6000,5346.6000,5347.4000,5348.4000,5349.2000,5350.0000,2,1,1,1,1,1,2,1,2,6
SF,IC2003,2020-01-03 10:47:34.400,5346.6000,53699,0,5130459760.000,0,-,-,-,-,5345.6000,5345.4000,5345.2000,5345.0000,5344.6000,5346.6000,5347.4000,5348.0000,5348.4000,5349.2000,2,1,1,1,1,1,2,1,1,2
SF,IC2003,2020-01-03 10:47:36.400,5346.6000,53699,0,5131529080.000,1,0,1,多换,S,5345.6000,5345.4000,5345.2000,5345.0000,5344.6000,5347.4000,5348.0000,5348.4000,5349.2000,5350.0000,2,1,1,1,1,2,1,1,2,6
SF,IC2003,2020-01-03 10:47:36.900,5346.6000,53699,0,5131529080.000,0,-,-,-,-,5346.0000,5345.8000,5345.6000,5345.4000,5345.2000,5347.2000,5348.0000,5348.4000,5349.2000,5350.0000,1,1,2,1,1,1,1,1,2,6
SF,IC2003,2020-01-03 10:47:37.400,5346.6000,53699,0,5131529080.000,0,-,-,-,-,5346.2000,5345.8000,5345.4000,5345.2000,5344.6000,5347.2000,5348.0000,5348.4000,5349.2000,5350.0000,2,1,1,1,1,1,1,1,2,6
SF,IC2003,2020-01-03 10:47:37.900,5346.6000,53699,0,5131529080.000,0,-,-,-,-,5346.2000,5345.8000,5345.4000,5345.2000,5344.6000,5348.0000,5348.4000,5349.2000,5350.0000,5350.2000,2,1,1,1,1,1,1,2,6,1
SF,IC2003,2020-01-03 10:47:38.400,5346.4000,53699,0,5132598360.000,1,0,1,多换,S,5346.2000,5345.8000,5345.4000,5345.2000,5344.6000,5347.6000,5347.8000,5348.0000,5348.4000,5349.2000,2,1,1,1,1,1,2,1,1,2
SF,IC2003,2020-01-03 10:47:38.900,5346.2000,53699,0,5133667600.000,1,0,1,多换,S,5346.2000,5345.8000,5345.4000,5345.2000,5344.6000,5347.8000,5348.0000,5348.4000,5349.2000,5350.0000,1,1,1,1,1,2,1,1,2,6
SF,IC2003,2020-01-03 10:47:39.400,5346.2000,53699,0,5133667600.000,0,-,-,-,-,5346.2000,5345.8000,5345.4000,5345.2000,5344.6000,5347.8000,5348.0000,5348.4000,5349.2000,5350.0000,1,1,1,1,1,2,1,1,2,6
SF,IC2003,2020-01-03 10:47:39.900,5346.2000,53699,0,5133667600.000,0,-,-,-,-,5345.8000,5345.4000,5345.2000,5344.6000,5344.4000,5347.4000,5347.6000,5347.8000,5348.0000,5348.4000,1,1,1,1,1,1,2,2,1,1
SF,IC2003,2020-01-03 10:47:40.400,5346.2000,53699,0,5133667600.000,0,-,-,-,-,5346.0000,5345.8000,5345.4000,5345.2000,5344.6000,5347.2000,5347.4000,5347.6000,5348.0000,5348.4000,2,1,1,1,1,2,1,1,1,1
SF,IC2003,2020-01-03 10:47:40.900,5346.2000,53699,0,5133667600.000,0,-,-,-,-,5346.0000,5345.8000,5345.4000,5345.2000,5344.6000,5347.2000,5347.4000,5347.6000,5348.0000,5348.4000,2,1,1,1,1,2,1,1,1,1
SF,IC2003,2020-01-03 10:47:41.400,5346.2000,53699,0,5133667600.000,0,-,-,-,-,5346.0000,5345.8000,5345.4000,5345.2000,5344.6000,5347.4000,5348.0000,5348.4000,5349.2000,5350.0000,2,1,1,1,1,1,1,1,2,6
SF,IC2003,2020-01-03 10:47:41.900,5346.2000,53699,0,5133667600.000,0,-,-,-,-,5345.8000,5345.4000,5345.2000,5344.6000,5344.4000,5346.0000,5347.2000,5347.4000,5348.0000,5348.4000,1,1,1,1,1,1,2,2,1,1
SF,IC2003,2020-01-03 10:47:42.400,5346.0000,53698,-1,5134736800.000,1,0,1,双平,S,5346.2000,5346.0000,5345.8000,5345.4000,5345.2000,5347.2000,5347.4000,5348.0000,5348.4000,5349.2000,3,3,1,1,1,2,2,1,1,2
SF,IC2003,2020-01-03 10:47:42.900,5346.0000,53698,0,5134736800.000,0,-,-,-,-,5346.4000,5346.2000,5346.0000,5345.8000,5345.4000,5347.4000,5348.0000,5348.4000,5349.2000,5350.0000,3,2,3,1,1,2,1,1,2,6
SF,IC2003,2020-01-03 10:47:43.400,5346.0000,53698,0,5134736800.000,0,-,-,-,-,5346.6000,5346.2000,5346.0000,5345.8000,5345.4000,5347.4000,5348.0000,5348.4000,5349.2000,5350.0000,5,2,3,1,1,1,1,1,2,6
SF,IC2003,2020-01-03 10:47:43.900,5347.4000,53697,-1,5135806280.000,1,0,1,双平,S,5346.8000,5346.6000,5346.2000,5346.0000,5345.8000,5348.0000,5348.4000,5349.2000,5350.0000,5350.2000,3,2,2,3,1,1,1,2,6,1
SF,IC2003,2020-01-03 10:47:44.400,5347.4000,53697,0,5135806280.000,0,-,-,-,-,5347.6000,5346.6000,5346.2000,5346.0000,5345.8000,5347.8000,5348.0000,5348.4000,5349.2000,5350.0000,3,2,2,3,1,2,2,1,2,6
SF,IC2003,2020-01-03 10:47:44.900,5347.6000,53695,-2,5139014840.000,3,0,3,多平,S,5346.2000,5346.0000,5345.8000,5345.4000,5345.2000,5348.0000,5348.4000,5349.2000,5350.0000,5350.2000,2,3,1,1,1,2,1,2,6,1
SF,IC2003,2020-01-03 10:47:45.400,5347.6000,53695,0,5139014840.000,0,-,-,-,-,5346.6000,5346.4000,5346.2000,5346.0000,5345.8000,5347.6000,5347.8000,5348.0000,5348.4000,5349.2000,1,2,2,3,1,1,2,2,1,2
SF,IC2003,2020-01-03 10:47:45.900,5347.6000,53695,0,5139014840.000,0,-,-,-,-,5346.4000,5346.2000,5346.0000,5345.8000,5345.4000,5347.8000,5348.0000,5348.4000,5349.2000,5350.0000,2,2,3,1,1,2,2,1,2,6
SF,IC2003,2020-01-03 10:47:47.900,5347.6000,53695,0,5139014840.000,0,-,-,-,-,5346.4000,5346.2000,5346.0000,5345.8000,5345.4000,5347.8000,5348.0000,5348.4000,5349.2000,5350.0000,2,2,3,1,1,2,1,1,2,6
SF,IC2003,2020-01-03 10:47:48.400,5347.6000,53695,0,5139014840.000,0,-,-,-,-,5346.4000,5346.2000,5346.0000,5345.8000,5345.4000,5347.8000,5348.0000,5348.4000,5349.2000,5350.0000,2,2,1,1,1,2,1,1,2,6
SF,IC2003,2020-01-03 10:47:48.900,5347.6000,53695,0,5139014840.000,0,-,-,-,-,5346.2000,5345.8000,5345.4000,5345.2000,5344.6000,5347.4000,5347.6000,5347.8000,5348.0000,5348.4000,2,1,1,1,1,1,2,2,1,1
SF,IC2003,2020-01-03 10:47:49.400,5347.6000,53695,0,5139014840.000,0,-,-,-,-,5346.2000,5345.8000,5345.4000,5345.2000,5344.6000,5347.2000,5347.4000,5347.6000,5348.0000,5348.4000,2,1,1,1,1,2,1,1,1,1
SF,IC2003,2020-01-03 10:47:50.900,5347.6000,53695,0,5139014840.000,0,-,-,-,-,5346.2000,5345.8000,5345.4000,5345.2000,5344.6000,5347.2000,5347.4000,5348.0000,5348.4000,5349.2000,2,1,1,1,1,2,1,1,1,2
SF,IC2003,2020-01-03 10:47:51.400,5345.8000,53695,0,5142222480.000,3,1,2,多换,S,5345.4000,5345.2000,5344.6000,5344.4000,5344.0000,5347.2000,5347.4000,5348.0000,5348.4000,5349.2000,1,1,1,1,1,2,1,1,1,2
SF,IC2003,2020-01-03 10:47:51.900,5345.8000,53695,0,5142222480.000,0,-,-,-,-,5345.4000,5345.2000,5344.6000,5344.4000,5344.0000,5346.6000,5346.8000,5347.0000,5347.2000,5348.0000,1,1,1,1,1,1,1,1,2,1
SF,IC2003,2020-01-03 10:47:52.400,5345.8000,53695,0,5142222480.000,0,-,-,-,-,5345.6000,5345.4000,5345.2000,5344.6000,5344.4000,5346.4000,5346.6000,5347.2000,5348.0000,5348.4000,2,1,1,1,1,1,2,2,1,1
SF,IC2003,2020-01-03 10:47:52.900,5345.6000,53694,-1,5143291600.000,1,0,1,双平,S,5345.4000,5345.2000,5344.6000,5344.4000,5343.8000,5346.6000,5347.2000,5348.0000,5348.4000,5349.2000,1,1,1,1,1,2,2,1,1,2
SF,IC2003,2020-01-03 10:47:53.400,5345.2000,53692,-2,5145429720.000,2,0,2,双平,S,5344.6000,5344.4000,5343.8000,5343.2000,5342.4000,5346.4000,5346.6000,5348.0000,5348.4000,5349.2000,1,1,1,2,1,2,2,1,1,2
SF,IC2003,2020-01-03 10:47:53.900,5345.2000,53692,0,5145429720.000,0,-,-,-,-,5344.8000,5344.6000,5344.4000,5343.8000,5343.2000,5346.0000,5346.4000,5346.6000,5348.0000,5348.4000,2,1,1,1,2,2,2,1,1,1
SF,IC2003,2020-01-03 10:47:54.400,5345.2000,53692,0,5145429720.000,0,-,-,-,-,5344.6000,5344.4000,5343.8000,5343.2000,5342.4000,5345.8000,5346.0000,5348.0000,5348.4000,5349.2000,1,1,1,2,1,3,1,1,1,2
SF,IC2003,2020-01-03 10:47:54.900,5345.2000,53692,0,5145429720.000,0,-,-,-,-,5344.6000,5344.4000,5343.8000,5343.2000,5342.4000,5345.6000,5345.8000,5346.0000,5348.0000,5348.4000,1,1,1,2,1,1,2,1,1,1
SF,IC2003,2020-01-03 10:47:55.400,5345.2000,53692,0,5145429720.000,0,-,-,-,-,5344.6000,5344.4000,5343.8000,5343.2000,5342.4000,5345.4000,5346.0000,5348.0000,5348.4000,5349.2000,1,1,1,2,1,2,1,1,1,2
SF,IC2003,2020-01-03 10:47:55.900,5344.6000,53693,1,5146498640.000,1,1,0,双开,S,5344.4000,5343.8000,5343.2000,5342.4000,5342.2000,5345.4000,5346.0000,5348.0000,5348.4000,5349.2000,1,1,2,1,1,2,1,1,1,2
SF,IC2003,2020-01-03 10:47:56.400,5344.6000,53693,0,5146498640.000,0,-,-,-,-,5344.4000,5343.8000,5343.2000,5342.4000,5342.2000,5345.4000,5346.0000,5348.0000,5348.4000,5349.2000,1,1,2,1,1,2,1,1,1,2
SF,IC2003,2020-01-03 10:47:58.400,5344.6000,53693,0,5146498640.000,0,-,-,-,-,5344.4000,5343.8000,5343.2000,5342.4000,5342.2000,5345.4000,5346.0000,5348.0000,5348.4000,5349.2000,1,1,2,1,1,2,1,1,1,2
SF,IC2003,2020-01-03 10:47:58.900,5344.6000,53693,0,5146498640.000,0,-,-,-,-,5344.6000,5344.4000,5343.8000,5343.2000,5342.4000,5346.0000,5348.0000,5348.4000,5349.2000,5349.4000,4,1,1,2,1,1,1,1,2,1
SF,IC2003,2020-01-03 10:47:59.400,5344.6000,53693,0,5146498640.000,0,-,-,-,-,5344.6000,5344.4000,5343.8000,5343.2000,5342.4000,5348.0000,5348.4000,5349.2000,5349.4000,5350.0000,4,1,1,2,1,1,1,2,1,6
SF,IC2003,2020-01-03 10:47:59.900,5344.6000,53693,0,5146498640.000,0,-,-,-,-,5344.6000,5344.4000,5343.8000,5343.6000,5343.2000,5346.8000,5347.0000,5347.2000,5347.4000,5347.6000,3,1,1,2,2,1,1,1,1,3
SF,IC2003,2020-01-03 10:48:00.400,5344.6000,53693,0,5146498640.000,0,-,-,-,-,5344.6000,5344.4000,5343.8000,5343.6000,5343.2000,5346.4000,5346.6000,5346.8000,5347.0000,5347.2000,3,1,1,2,2,1,2,1,1,1
SF,IC2003,2020-01-03 10:48:00.900,5344.6000,53693,0,5146498640.000,0,-,-,-,-,5344.6000,5344.4000,5343.8000,5343.6000,5343.2000,5346.0000,5346.2000,5346.8000,5347.0000,5347.2000,3,1,1,2,2,1,2,1,1,1
SF,IC2003,2020-01-03 10:48:01.400,5344.6000,53693,0,5146498640.000,0,-,-,-,-,5345.2000,5345.0000,5344.8000,5344.6000,5344.4000,5346.2000,5346.8000,5347.6000,5347.8000,5348.0000,1,1,2,2,1,2,1,2,4,1
SF,IC2003,2020-01-03 10:48:01.900,5344.6000,53693,0,5146498640.000,0,-,-,-,-,5345.2000,5345.0000,5344.8000,5344.6000,5344.4000,5346.2000,5346.8000,5347.6000,5347.8000,5348.0000,1,1,1,2,1,2,1,2,4,1
SF,IC2003,2020-01-03 10:48:02.900,5344.6000,53693,0,5146498640.000,0,-,-,-,-,5344.6000,5344.4000,5343.8000,5343.6000,5343.2000,5346.2000,5346.8000,5347.6000,5347.8000,5348.0000,2,1,1,2,2,2,1,1,4,1
SF,IC2003,2020-01-03 10:48:03.400,5344.6000,53693,0,5146498640.000,0,-,-,-,-,5345.0000,5344.8000,5344.6000,5344.4000,5343.8000,5346.2000,5346.8000,5347.8000,5348.0000,5348.4000,1,2,2,1,1,2,1,2,1,1
SF,IC2003,2020-01-03 10:48:03.900,5344.6000,53693,0,5146498640.000,0,-,-,-,-,5344.8000,5344.6000,5344.4000,5343.8000,5343.6000,5345.2000,5346.0000,5346.2000,5346.8000,5347.8000,1,2,1,1,2,1,1,2,1,2
SF,IC2003,2020-01-03 10:48:04.400,5345.2000,53692,-1,5147567680.000,1,0,1,双平,S,5344.4000,5343.8000,5343.6000,5343.2000,5342.2000,5346.0000,5346.2000,5347.8000,5348.0000,5348.4000,1,1,2,2,1,1,2,2,1,1
SF,IC2003,2020-01-03 10:48:04.900,5345.8000,53692,0,5148636840.000,1,0,1,多换,S,5344.6000,5344.4000,5343.8000,5343.6000,5343.2000,5345.8000,5347.8000,5348.0000,5348.4000,5349.2000,1,1,1,2,2,1,2,1,1,2
SF,IC2003,2020-01-03 10:48:05.400,5345.8000,53692,0,5148636840.000,0,-,-,-,-,5344.6000,5344.4000,5343.8000,5343.6000,5343.2000,5345.8000,5347.8000,5348.0000,5348.4000,5349.2000,1,1,1,2,2,1,2,1,1,2
SF,IC2003,2020-01-03 10:48:05.900,5345.8000,53691,-1,5149706000.000,1,0,1,双平,S,5344.8000,5344.6000,5344.4000,5343.8000,5343.6000,5347.8000,5348.0000,5348.4000,5349.2000,5349.4000,2,1,1,1,2,2,1,1,2,1
SF,IC2003,2020-01-03 10:48:06.400,5345.8000,53691,0,5149706000.000,0,-,-,-,-,5345.2000,5345.0000,5344.8000,5344.6000,5344.4000,5347.0000,5347.2000,5347.6000,5347.8000,5348.0000,1,1,2,1,1,1,1,6,2,1
SF,IC2003,2020-01-03 10:48:06.900,5345.8000,53691,0,5149706000.000,0,-,-,-,-,5345.4000,5345.2000,5344.6000,5344.4000,5343.8000,5346.8000,5347.0000,5347.6000,5347.8000,5348.0000,2,2,1,1,1,2,1,2,2,1
SF,IC2003,2020-01-03 10:48:07.400,5345.8000,53691,0,5149706000.000,0,-,-,-,-,5345.4000,5345.2000,5344.4000,5343.8000,5343.6000,5345.8000,5346.8000,5347.0000,5347.6000,5347.8000,2,2,1,1,2,1,2,1,2,2
SF,IC2003,2020-01-03 10:48:07.900,5345.8000,53690,-1,5151844320.000,2,0,2,多平,S,5346.0000,5345.8000,5345.4000,5345.2000,5344.4000,5347.0000,5347.6000,5347.8000,5348.0000,5348.4000,1,3,2,1,1,1,2,2,1,1
SF,IC2003,2020-01-03 10:48:08.400,5346.0000,53689,-1,5152913520.000,1,0,1,双平,S,5346.2000,5345.8000,5345.2000,5344.4000,5343.8000,5346.8000,5347.6000,5348.0000,5348.4000,5349.2000,3,3,1,1,1,1,1,1,1,2
SF,IC2003,2020-01-03 10:48:08.900,5346.8000,53690,1,5153982880.000,1,1,0,双开,S,5346.8000,5346.2000,5345.4000,5345.2000,5344.4000,5347.6000,5347.8000,5348.0000,5348.4000,5349.2000,3,3,1,1,1,1,1,1,1,2
SF,IC2003,2020-01-03 10:48:09.400,5346.8000,53690,0,5153982880.000,0,-,-,-,-,5347.0000,5346.8000,5345.4000,5345.2000,5344.4000,5347.6000,5348.0000,5348.4000,5349.2000,5349.4000,3,3,1,1,1,1,1,1,2,1
SF,IC2003,2020-01-03 10:48:09.900,5347.6000,53690,0,5155052400.000,1,0,1,多换,S,5347.0000,5346.8000,5345.4000,5344.4000,5343.8000,5347.8000,5348.0000,5348.4000,5349.2000,5349.4000,3,3,1,1,1,1,1,1,2,1
SF,IC2003,2020-01-03 10:48:10.400,5347.2000,53689,-1,5156121840.000,1,0,1,双平,S,5347.0000,5346.8000,5345.8000,5345.4000,5344.4000,5347.8000,5348.0000,5348.4000,5349.2000,5349.4000,3,3,1,1,1,1,1,1,2,1
SF,IC2003,2020-01-03 10:48:10.900,5347.2000,53689,0,5156121840.000,0,-,-,-,-,5347.0000,5346.8000,5345.8000,5345.4000,5345.2000,5347.8000,5348.0000,5348.4000,5349.2000,5349.4000,1,3,1,1,1,1,1,1,2,1
SF,IC2003,2020-01-03 10:48:11.400,5347.2000,53689,0,5156121840.000,0,-,-,-,-,5347.0000,5346.8000,5345.8000,5345.4000,5345.2000,5347.8000,5348.0000,5348.4000,5349.2000,5349.4000,1,3,1,1,1,1,1,1,2,1
SF,IC2003,2020-01-03 10:48:11.900,5347.2000,53689,0,5156121840.000,0,-,-,-,-,5347.0000,5345.8000,5345.2000,5344.4000,5343.8000,5347.8000,5348.0000,5348.4000,5349.2000,5349.4000,1,1,1,1,1,1,1,1,2,1
SF,IC2003,2020-01-03 10:48:12.400,5347.8000,53688,-1,5157191400.000,1,0,1,双平,S,5345.8000,5345.2000,5344.4000,5343.8000,5343.6000,5348.0000,5348.4000,5349.2000,5349.4000,5350.0000,1,1,1,1,2,1,1,2,1,6
SF,IC2003,2020-01-03 10:48:12.900,5347.8000,53688,0,5157191400.000,0,-,-,-,-,5346.2000,5346.0000,5345.8000,5345.2000,5344.4000,5347.6000,5347.8000,5348.0000,5348.4000,5349.2000,1,2,2,1,1,2,2,2,1,2
SF,IC2003,2020-01-03 10:48:13.400,5347.8000,53688,0,5157191400.000,0,-,-,-,-,5346.0000,5345.8000,5345.2000,5344.4000,5343.8000,5347.0000,5347.4000,5347.6000,5348.0000,5348.4000,2,2,1,1,1,1,3,2,1,1
SF,IC2003,2020-01-03 10:48:13.900,5347.6000,53686,-2,5161469480.000,4,1,3,多平,S,5346.0000,5345.8000,5345.2000,5344.4000,5343.8000,5347.6000,5348.0000,5348.4000,5349.2000,5349.4000,2,2,1,1,1,1,1,1,2,1
SF,IC2003,2020-01-03 10:48:14.400,5347.6000,53686,0,5161469480.000,0,-,-,-,-,5345.8000,5345.2000,5344.4000,5343.8000,5343.6000,5347.0000,5347.2000,5347.4000,5348.0000,5348.4000,2,1,1,1,2,1,1,3,1,1
SF,IC2003,2020-01-03 10:48:14.900,5347.6000,53686,0,5161469480.000,0,-,-,-,-,5346.0000,5345.8000,5345.2000,5344.4000,5343.8000,5347.0000,5348.0000,5348.4000,5349.2000,5349.4000,2,2,1,1,1,1,6,1,2,1
SF,IC2003,2020-01-03 10:48:15.900,5347.6000,53687,1,5162539000.000,1,1,0,双开,S,5346.0000,5345.8000,5345.2000,5344.4000,5343.8000,5348.0000,5348.4000,5349.2000,5349.4000,5350.0000,3,2,1,1,1,6,1,2,1,6
SF,IC2003,2020-01-03 10:48:16.400,5346.0000,53688,1,5165746600.000,3,2,1,空开,S,5345.8000,5345.2000,5344.4000,5343.8000,5343.6000,5346.0000,5347.6000,5347.8000,5348.0000,5348.4000,2,1,1,1,2,2,1,4,6,1
SF,IC2003,2020-01-03 10:48:16.900,5345.8000,53688,0,5170023360.000,4,2,2,多换,S,5345.8000,5345.2000,5344.4000,5343.8000,5343.6000,5347.6000,5347.8000,5348.0000,5348.4000,5349.2000,1,1,1,1,2,1,3,6,1,2
SF,IC2003,2020-01-03 10:48:17.400,5345.8000,53688,0,5170023360.000,0,-,-,-,-,5345.8000,5345.2000,5344.4000,5343.8000,5343.6000,5347.4000,5347.6000,5347.8000,5348.0000,5348.4000,1,1,1,1,2,3,1,2,6,1
SF,IC2003,2020-01-03 10:48:17.900,5345.8000,53687,-1,5171092520.000,1,0,1,双平,S,5345.2000,5344.4000,5343.8000,5343.6000,5343.2000,5345.8000,5347.4000,5347.6000,5347.8000,5348.0000,1,1,1,2,2,1,3,1,2,6
SF,IC2003,2020-01-03 10:48:18.400,5345.8000,53686,-1,5172161680.000,1,0,1,双平,S,5345.2000,5345.0000,5344.4000,5343.8000,5343.6000,5347.4000,5347.6000,5347.8000,5348.0000,5348.4000,1,1,1,1,2,3,1,2,6,1
SF,IC2003,2020-01-03 10:48:18.900,5347.2000,53684,-2,5174300520.000,2,0,2,双平,S,5345.4000,5345.2000,5344.4000,5343.8000,5343.6000,5347.4000,5347.6000,5347.8000,5348.0000,5348.4000,2,1,1,1,2,3,1,2,6,1
SF,IC2003,2020-01-03 10:48:19.900,5347.2000,53684,0,5174300520.000,0,-,-,-,-,5345.4000,5345.2000,5344.4000,5344.0000,5343.8000,5347.4000,5347.6000,5347.8000,5348.0000,5348.4000,2,1,1,1,1,3,1,2,6,1
SF,IC2003,2020-01-03 10:48:20.400,5347.2000,53684,0,5174300520.000,0,-,-,-,-,5345.4000,5345.2000,5344.4000,5344.0000,5343.8000,5347.2000,5347.4000,5347.6000,5347.8000,5348.0000,2,1,1,1,1,1,3,1,2,6
SF,IC2003,2020-01-03 10:48:20.900,5347.2000,53684,0,5174300520.000,0,-,-,-,-,5345.4000,5345.2000,5344.4000,5344.0000,5343.8000,5347.0000,5347.2000,5347.4000,5347.6000,5347.8000,2,1,1,1,1,2,1,1,1,2
SF,IC2003,2020-01-03 10:48:21.400,5347.2000,53684,0,5174300520.000,0,-,-,-,-,5345.6000,5345.4000,5345.2000,5344.4000,5344.0000,5347.0000,5347.2000,5347.4000,5347.6000,5347.8000,1,2,1,1,1,2,1,1,1,2
SF,IC2003,2020-01-03 10:48:21.900,5347.2000,53684,0,5174300520.000,0,-,-,-,-,5345.8000,5345.6000,5345.4000,5345.2000,5344.4000,5346.8000,5347.0000,5347.2000,5347.4000,5347.6000,1,1,2,1,1,1,2,1,1,1
SF,IC2003,2020-01-03 10:48:22.400,5347.2000,53684,0,5174300520.000,0,-,-,-,-,5345.8000,5345.4000,5345.2000,5344.4000,5344.0000,5347.0000,5347.2000,5347.4000,5347.6000,5348.0000,2,2,1,1,1,2,1,1,1,6
SF,IC2003,2020-01-03 10:48:23.400,5347.2000,53684,0,5174300520.000,0,-,-,-,-,5345.4000,5345.2000,5344.4000,5344.0000,5343.8000,5347.0000,5347.2000,5347.4000,5347.6000,5348.0000,2,1,1,1,1,2,1,1,1,6
SF,IC2003,2020-01-03 10:48:23.900,5347.2000,53684,0,5174300520.000,0,-,-,-,-,5345.2000,5344.4000,5344.0000,5343.8000,5343.6000,5346.8000,5347.0000,5347.2000,5347.6000,5348.0000,1,1,1,1,2,1,2,1,1,6
SF,IC2003,2020-01-03 10:48:24.400,5347.2000,53684,0,5174300520.000,0,-,-,-,-,5345.2000,5344.4000,5344.0000,5343.8000,5343.6000,5346.6000,5346.8000,5347.2000,5347.6000,5348.0000,1,1,1,1,2,2,1,1,1,6
SF,IC2003,2020-01-03 10:48:24.900,5347.0000,53682,-2,5176439320.000,2,0,2,双平,S,5345.2000,5344.4000,5344.0000,5343.8000,5343.6000,5347.2000,5347.6000,5348.0000,5348.4000,5349.2000,1,1,1,1,2,1,1,6,1,2
SF,IC2003,2020-01-03 10:48:25.400,5347.0000,53682,0,5176439320.000,0,-,-,-,-,5345.4000,5345.2000,5344.4000,5344.0000,5343.8000,5347.0000,5347.2000,5347.6000,5348.0000,5348.4000,2,1,1,1,1,1,1,1,6,1
SF,IC2003,2020-01-03 10:48:25.900,5347.0000,53682,0,5176439320.000,0,-,-,-,-,5345.4000,5345.2000,5344.4000,5344.0000,5343.8000,5347.0000,5347.2000,5347.6000,5348.0000,5348.4000,2,1,1,1,1,2,1,1,6,1
SF,IC2003,2020-01-03 10:48:26.400,5347.0000,53682,0,5176439320.000,0,-,-,-,-,5345.4000,5345.2000,5344.4000,5344.0000,5343.8000,5347.0000,5347.2000,5347.6000,5348.0000,5348.4000,2,1,1,1,1,1,1,1,6,1
SF,IC2003,2020-01-03 10:48:26.900,5347.0000,53682,0,5176439320.000,0,-,-,-,-,5345.4000,5345.2000,5344.4000,5344.0000,5343.8000,5347.0000,5347.2000,5347.6000,5348.0000,5348.4000,2,1,1,1,1,2,1,1,6,1
SF,IC2003,2020-01-03 10:48:27.400,5347.0000,53682,0,5176439320.000,0,-,-,-,-,5345.4000,5345.2000,5344.4000,5344.0000,5343.8000,5347.0000,5347.2000,5347.6000,5348.0000,5348.4000,2,1,1,1,1,1,1,1,6,1
SF,IC2003,2020-01-03 10:48:27.900,5347.0000,53682,0,5176439320.000,0,-,-,-,-,5345.4000,5345.2000,5344.4000,5343.8000,5343.6000,5346.8000,5347.0000,5347.2000,5347.6000,5348.0000,2,1,1,1,2,1,2,1,1,6
SF,IC2003,2020-01-03 10:48:28.400,5347.0000,53682,0,5176439320.000,0,-,-,-,-,5345.4000,5345.2000,5344.4000,5343.8000,5343.6000,5346.6000,5346.8000,5347.2000,5347.6000,5348.0000,2,2,1,1,2,1,1,1,1,6
SF,IC2003,2020-01-03 10:48:28.900,5347.0000,53682,0,5176439320.000,0,-,-,-,-,5345.2000,5344.4000,5343.6000,5343.2000,5342.6000,5346.6000,5346.8000,5347.2000,5347.6000,5348.0000,2,1,2,2,1,1,1,1,1,6
SF,IC2003,2020-01-03 10:48:29.400,5347.0000,53682,0,5176439320.000,0,-,-,-,-,5345.4000,5345.2000,5344.4000,5343.6000,5343.2000,5346.4000,5346.8000,5347.2000,5347.6000,5348.0000,2,2,1,2,2,1,1,1,1,6
SF,IC2003,2020-01-03 10:48:29.900,5347.0000,53682,0,5176439320.000,0,-,-,-,-,5345.4000,5345.2000,5344.4000,5343.6000,5343.2000,5346.8000,5347.2000,5347.6000,5348.0000,5348.4000,2,2,1,2,2,1,1,1,6,1
SF,IC2003,2020-01-03 10:48:30.400,5345.4000,53682,0,5177508400.000,1,0,1,多换,S,5346.6000,5345.4000,5345.2000,5344.4000,5343.6000,5346.8000,5347.2000,5347.6000,5348.0000,5348.4000,1,1,2,1,2,2,1,1,6,1
SF,IC2003,2020-01-03 10:48:30.900,5346.6000,53682,0,5178577720.000,1,0,1,多换,S,5345.4000,5345.2000,5344.4000,5343.6000,5343.2000,5346.4000,5346.6000,5346.8000,5347.6000,5348.0000,1,2,1,2,2,2,8,1,1,6
SF,IC2003,2020-01-03 10:48:31.400,5346.6000,53682,0,5178577720.000,0,-,-,-,-,5345.2000,5344.4000,5343.6000,5343.2000,5342.6000,5346.2000,5346.4000,5346.6000,5346.8000,5347.6000,2,1,2,2,1,1,1,7,1,1
SF,IC2003,2020-01-03 10:48:31.900,5346.6000,53683,1,5179647040.000,1,1,0,双开,S,5345.2000,5344.4000,5343.6000,5343.2000,5342.6000,5346.2000,5346.4000,5346.6000,5346.8000,5347.6000,2,1,2,2,1,1,1,7,1,1
SF,IC2003,2020-01-03 10:48:32.400,5346.6000,53683,0,5179647040.000,0,-,-,-,-,5345.8000,5345.2000,5344.4000,5343.6000,5343.2000,5346.2000,5346.4000,5346.6000,5346.8000,5347.6000,1,2,1,2,2,1,1,7,1,1
SF,IC2003,2020-01-03 10:48:32.900,5345.2000,53683,0,5182854280.000,3,1,2,多换,S,5344.4000,5343.6000,5343.2000,5342.6000,5342.2000,5345.6000,5345.8000,5346.4000,5346.6000,5346.8000,1,2,2,1,1,1,1,1,6,1
SF,IC2003,2020-01-03 10:48:33.400,5344.4000,53683,0,5183923160.000,1,0,1,多换,S,5343.6000,5343.2000,5342.6000,5342.2000,5342.0000,5345.6000,5345.8000,5346.4000,5346.6000,5346.8000,2,2,1,1,5,2,1,1,6,1
SF,IC2003,2020-01-03 10:48:33.900,5344.4000,53683,0,5183923160.000,0,-,-,-,-,5344.0000,5343.8000,5343.6000,5343.2000,5342.6000,5345.4000,5345.6000,5345.8000,5346.4000,5346.6000,1,4,2,2,1,2,1,1,1,6
SF,IC2003,2020-01-03 10:48:34.400,5344.4000,53683,0,5183923160.000,0,-,-,-,-,5344.0000,5343.8000,5343.6000,5343.2000,5342.6000,5345.4000,5345.6000,5345.8000,5346.4000,5346.6000,1,2,2,2,1,2,1,1,1,6
SF,IC2003,2020-01-03 10:48:34.900,5344.4000,53683,0,5183923160.000,0,-,-,-,-,5344.2000,5344.0000,5343.6000,5343.2000,5342.6000,5345.4000,5345.6000,5345.8000,5346.6000,5346.8000,2,1,2,2,1,2,1,1,6,1
SF,IC2003,2020-01-03 10:48:35.400,5345.4000,53682,-1,5186061080.000,2,0,2,多平,S,5344.2000,5344.0000,5343.6000,5343.2000,5342.6000,5345.4000,5345.6000,5345.8000,5346.6000,5347.6000,1,1,2,2,1,1,1,1,6,1
SF,IC2003,2020-01-03 10:48:35.900,5345.4000,53682,0,5186061080.000,0,-,-,-,-,5344.2000,5344.0000,5343.6000,5343.2000,5342.6000,5345.8000,5346.6000,5347.6000,5348.0000,5348.4000,2,1,2,2,1,1,6,1,6,1
SF,IC2003,2020-01-03 10:48:36.400,5345.4000,53682,0,5186061080.000,0,-,-,-,-,5344.2000,5344.0000,5343.6000,5343.2000,5342.6000,5345.6000,5345.8000,5346.0000,5346.6000,5347.6000,2,1,2,2,1,2,1,1,6,1
SF,IC2003,2020-01-03 10:48:36.900,5345.4000,53682,0,5186061080.000,0,-,-,-,-,5344.2000,5344.0000,5343.6000,5343.2000,5342.6000,5345.6000,5345.8000,5346.0000,5346.6000,5347.6000,2,1,2,2,1,2,1,1,5,1
SF,IC2003,2020-01-03 10:48:37.900,5345.4000,53682,0,5186061080.000,0,-,-,-,-,5344.2000,5344.0000,5343.6000,5343.2000,5342.6000,5345.6000,5345.8000,5346.0000,5346.6000,5347.6000,1,1,2,2,1,2,1,1,5,1
SF,IC2003,2020-01-03 10:48:38.400,5345.4000,53682,0,5186061080.000,0,-,-,-,-,5344.0000,5343.6000,5343.2000,5342.6000,5342.2000,5344.2000,5345.2000,5345.6000,5345.8000,5346.6000,1,2,2,1,1,1,1,2,1,5
SF,IC2003,2020-01-03 10:48:38.900,5344.0000,53682,0,5188198720.000,2,1,1,多换,S,5344.8000,5344.4000,5343.6000,5343.2000,5342.6000,5345.0000,5345.2000,5345.6000,5346.6000,5347.6000,1,2,2,2,1,1,1,2,2,1
SF,IC2003,2020-01-03 10:48:39.400,5344.8000,53680,-2,5191405600.000,3,0,3,多平,S,5343.6000,5343.2000,5342.6000,5342.2000,5342.0000,5344.8000,5345.2000,5347.6000,5348.0000,5348.4000,2,2,1,1,5,6,1,1,6,1
SF,IC2003,2020-01-03 10:48:39.900,5344.8000,53680,0,5191405600.000,0,-,-,-,-,5343.8000,5343.6000,5343.2000,5342.6000,5342.2000,5344.8000,5345.2000,5347.6000,5348.0000,5348.4000,3,2,2,1,1,2,1,1,6,1
SF,IC2003,2020-01-03 10:48:40.400,5344.0000,53679,-1,5192474400.000,1,0,1,双平,S,5344.2000,5344.0000,5343.8000,5343.6000,5343.2000,5344.8000,5345.2000,5347.6000,5348.0000,5348.4000,1,2,2,2,2,2,1,1,6,1
SF,IC2003,2020-01-03 10:48:40.900,5344.0000,53679,0,5192474400.000,0,-,-,-,-,5344.4000,5344.2000,5344.0000,5343.6000,5343.2000,5344.8000,5345.2000,5347.6000,5348.0000,5348.4000,2,1,2,2,2,2,1,1,6,1
SF,IC2003,2020-01-03 10:48:41.900,5344.0000,53679,0,5192474400.000,0,-,-,-,-,5344.4000,5344.2000,5344.0000,5343.6000,5343.2000,5344.8000,5345.2000,5347.6000,5348.0000,5348.4000,2,1,2,2,2,1,1,1,6,1
SF,IC2003,2020-01-03 10:48:42.400,5344.0000,53679,0,5192474400.000,0,-,-,-,-,5344.2000,5344.0000,5343.6000,5343.2000,5342.6000,5344.8000,5345.2000,5347.6000,5348.0000,5348.4000,1,2,2,2,1,1,1,1,6,1
SF,IC2003,2020-01-03 10:48:42.900,5344.2000,53679,0,5193543240.000,1,0,1,多换,S,5344.0000,5343.6000,5343.2000,5342.6000,5342.2000,5344.8000,5345.2000,5347.6000,5348.0000,5348.4000,2,2,2,1,1,1,1,1,6,1
SF,IC2003,2020-01-03 10:48:43.400,5344.8000,53678,-1,5198887720.000,5,2,3,多平,S,5344.8000,5343.6000,5343.2000,5342.6000,5342.2000,5345.2000,5347.6000,5348.0000,5348.4000,5349.2000,2,2,2,1,1,1,1,6,1,2
SF,IC2003,2020-01-03 10:48:43.900,5344.8000,53678,0,5201025640.000,2,1,1,多换,S,5343.6000,5343.2000,5342.6000,5342.2000,5342.0000,5344.6000,5344.8000,5345.2000,5347.6000,5348.0000,2,2,1,1,5,2,6,1,1,6
SF,IC2003,2020-01-03 10:48:44.400,5344.6000,53678,0,5202094560.000,1,0,1,多换,S,5343.8000,5343.6000,5343.2000,5342.6000,5342.2000,5344.2000,5344.8000,5345.2000,5347.6000,5348.0000,2,2,2,1,1,1,4,1,1,6
SF,IC2003,2020-01-03 10:48:44.900,5344.2000,53678,0,5203163400.000,1,0,1,多换,S,5344.4000,5344.2000,5343.8000,5343.6000,5343.2000,5344.8000,5345.2000,5347.6000,5348.0000,5348.4000,1,5,2,2,2,4,1,1,6,1
SF,IC2003,2020-01-03 10:48:45.400,5344.8000,53680,2,5205301320.000,2,2,0,双开,S,5344.4000,5344.2000,5343.8000,5343.6000,5343.2000,5345.2000,5347.6000,5348.0000,5348.4000,5349.2000,1,4,2,2,2,1,1,6,1,2
SF,IC2003,2020-01-03 10:48:45.900,5344.8000,53680,0,5205301320.000,0,-,-,-,-,5344.4000,5344.2000,5343.8000,5343.6000,5343.2000,5345.2000,5347.6000,5348.0000,5348.4000,5349.2000,1,4,2,2,2,1,1,6,1,2
SF,IC2003,2020-01-03 10:48:46.400,5344.8000,53680,0,5205301320.000,0,-,-,-,-,5344.8000,5344.2000,5343.8000,5343.6000,5343.2000,5345.2000,5347.6000,5348.0000,5348.4000,5349.2000,3,4,2,2,2,1,1,6,1,2
SF,IC2003,2020-01-03 10:48:46.900,5344.8000,53680,0,5207439240.000,2,1,1,多换,S,5344.8000,5344.2000,5343.8000,5343.6000,5343.2000,5345.2000,5346.6000,5347.4000,5347.6000,5348.0000,1,4,2,2,2,1,1,1,1,6
SF,IC2003,2020-01-03 10:48:47.400,5344.8000,53681,1,5208508200.000,1,1,0,双开,S,5344.2000,5343.8000,5343.6000,5343.2000,5342.6000,5344.6000,5345.2000,5346.6000,5347.4000,5347.6000,2,2,2,2,1,1,1,1,1,1
SF,IC2003,2020-01-03 10:48:47.900,5344.2000,53681,0,5209577040.000,1,0,1,多换,S,5344.2000,5343.8000,5343.6000,5343.2000,5342.6000,5344.4000,5345.2000,5346.6000,5347.4000,5347.6000,1,2,2,2,1,1,1,1,1,1
SF,IC2003,2020-01-03 10:48:48.400,5344.4000,53680,-1,5210645920.000,1,0,1,双平,S,5344.6000,5344.2000,5343.6000,5343.2000,5342.6000,5344.8000,5345.2000,5346.6000,5347.4000,5347.6000,2,1,2,2,1,1,1,1,1,1
SF,IC2003,2020-01-03 10:48:48.900,5345.2000,53680,0,5212783920.000,2,1,1,多换,S,5345.2000,5344.6000,5344.2000,5343.6000,5343.2000,5346.6000,5347.6000,5348.0000,5348.4000,5349.2000,4,1,1,2,2,1,1,6,1,2
SF,IC2003,2020-01-03 10:48:49.400,5345.2000,53680,0,5213852960.000,1,0,1,多换,S,5345.2000,5344.6000,5344.2000,5343.6000,5343.2000,5346.0000,5346.4000,5347.6000,5348.0000,5348.4000,3,1,1,2,2,1,4,1,6,1
SF,IC2003,2020-01-03 10:48:49.900,5345.2000,53682,2,5217060080.000,3,2,1,空开,S,5343.6000,5343.2000,5342.6000,5342.2000,5342.0000,5345.2000,5345.8000,5346.2000,5346.4000,5347.6000,2,2,1,2,5,1,4,1,1,1
SF,IC2003,2020-01-03 10:48:50.400,5345.2000,53682,0,5217060080.000,0,-,-,-,-,5344.0000,5343.8000,5343.6000,5343.2000,5342.6000,5345.2000,5345.8000,5346.4000,5347.6000,5348.0000,1,2,2,2,1,1,2,1,1,6
SF,IC2003,2020-01-03 10:48:50.900,5345.2000,53682,0,5217060080.000,0,-,-,-,-,5344.2000,5344.0000,5343.6000,5343.2000,5342.6000,5345.2000,5345.8000,5346.4000,5347.6000,5348.0000,2,1,2,2,1,1,2,1,1,6
SF,IC2003,2020-01-03 10:48:51.400,5345.2000,53682,0,5217060080.000,0,-,-,-,-,5344.2000,5344.0000,5343.6000,5343.2000,5342.6000,5345.2000,5345.8000,5346.4000,5347.6000,5348.0000,2,1,2,2,1,1,2,1,1,6
SF,IC2003,2020-01-03 10:48:51.900,5344.2000,53681,-1,5218128920.000,1,0,1,双平,S,5344.2000,5344.0000,5343.6000,5343.2000,5342.6000,5345.2000,5345.8000,5346.4000,5347.6000,5348.0000,1,1,2,2,1,1,2,1,1,6
SF,IC2003,2020-01-03 10:48:52.400,5344.2000,53681,0,5218128920.000,0,-,-,-,-,5344.0000,5343.6000,5343.2000,5342.6000,5342.2000,5345.2000,5345.6000,5345.8000,5347.6000,5348.0000,1,2,2,1,2,1,1,2,1,6
SF,IC2003,2020-01-03 10:48:52.900,5344.2000,53680,-1,5219197760.000,1,0,1,双平,S,5344.2000,5344.0000,5343.6000,5343.2000,5342.6000,5345.2000,5345.6000,5345.8000,5347.6000,5348.0000,1,1,2,2,1,2,1,2,1,6
SF,IC2003,2020-01-03 10:48:53.400,5344.0000,53680,0,5220266560.000,1,0,1,多换,S,5343.6000,5343.2000,5342.6000,5342.2000,5342.0000,5345.2000,5345.6000,5345.8000,5347.6000,5348.0000,2,2,1,2,5,2,1,2,1,6
SF,IC2003,2020-01-03 10:48:53.900,5344.0000,53680,0,5220266560.000,0,-,-,-,-,5343.6000,5343.2000,5342.6000,5342.2000,5342.0000,5344.8000,5345.0000,5345.2000,5345.6000,5347.6000,2,2,1,2,5,1,2,2,1,1
SF,IC2003,2020-01-03 10:48:54.400,5344.0000,53680,0,5220266560.000,0,-,-,-,-,5343.8000,5343.6000,5343.2000,5342.6000,5342.2000,5344.8000,5345.2000,5345.6000,5347.6000,5348.0000,2,2,2,1,1,1,1,1,1,6
SF,IC2003,2020-01-03 10:48:54.900,5344.0000,53680,0,5220266560.000,0,-,-,-,-,5343.8000,5343.2000,5342.6000,5342.2000,5342.0000,5344.8000,5345.6000,5347.6000,5348.0000,5348.4000,2,2,1,1,5,1,1,1,6,1
SF,IC2003,2020-01-03 10:48:55.400,5344.0000,53680,0,5220266560.000,0,-,-,-,-,5343.2000,5342.6000,5342.2000,5342.0000,5341.8000,5344.6000,5344.8000,5345.6000,5347.6000,5348.0000,2,1,1,5,1,2,1,1,1,6
SF,IC2003,2020-01-03 10:48:57.400,5344.0000,53680,0,5220266560.000,0,-,-,-,-,5343.2000,5342.6000,5342.2000,5342.0000,5341.8000,5344.4000,5344.6000,5344.8000,5345.6000,5347.6000,2,1,1,5,1,1,2,1,1,1
SF,IC2003,2020-01-03 10:48:57.900,5344.0000,53680,0,5220266560.000,0,-,-,-,-,5343.2000,5342.6000,5342.2000,5342.0000,5341.8000,5344.2000,5344.4000,5344.8000,5345.6000,5347.6000,2,1,1,5,1,2,1,1,1,1
SF,IC2003,2020-01-03 10:48:58.400,5344.0000,53680,0,5220266560.000,0,-,-,-,-,5343.2000,5342.6000,5342.2000,5342.0000,5341.8000,5344.0000,5344.2000,5344.4000,5344.8000,5345.6000,2,1,1,5,1,1,2,1,1,1
SF,IC2003,2020-01-03 10:48:58.900,5344.0000,53680,0,5220266560.000,0,-,-,-,-,5343.2000,5342.6000,5342.2000,5342.0000,5341.8000,5343.8000,5344.0000,5344.4000,5345.6000,5347.6000,2,1,1,5,1,2,1,1,1,1
SF,IC2003,2020-01-03 10:48:59.400,5344.0000,53680,0,5220266560.000,0,-,-,-,-,5343.2000,5342.6000,5342.2000,5342.0000,5341.8000,5343.8000,5344.0000,5344.4000,5345.6000,5347.6000,2,1,1,5,1,2,1,1,1,1
SF,IC2003,2020-01-03 10:48:59.900,5344.0000,53680,0,5220266560.000,0,-,-,-,-,5343.2000,5342.6000,5342.2000,5342.0000,5341.8000,5343.8000,5344.0000,5344.4000,5345.6000,5347.6000,2,1,1,5,1,2,1,1,1,1
SF,IC2003,2020-01-03 10:49:00.400,5343.2000,53679,-1,5221335200.000,1,0,1,双平,S,5343.2000,5342.6000,5342.2000,5342.0000,5341.8000,5343.8000,5344.0000,5345.6000,5347.6000,5348.0000,1,1,1,5,1,3,1,1,1,6
SF,IC2003,2020-01-03 10:49:00.900,5343.8000,53679,0,5226678920.000,5,2,3,多换,S,5343.2000,5342.6000,5342.2000,5342.0000,5341.8000,5344.0000,5345.6000,5347.6000,5348.0000,5348.4000,1,1,1,5,1,1,1,1,6,1
SF,IC2003,2020-01-03 10:49:01.400,5342.6000,53678,-1,5228816080.000,2,0,2,多平,S,5342.2000,5342.0000,5341.8000,5341.4000,5341.2000,5344.0000,5345.6000,5347.6000,5348.0000,5348.4000,1,5,1,3,3,1,1,1,6,1
SF,IC2003,2020-01-03 10:49:01.900,5342.6000,53678,0,5228816080.000,0,-,-,-,-,5342.4000,5342.2000,5342.0000,5341.8000,5341.4000,5343.8000,5344.0000,5345.6000,5347.6000,5348.0000,2,1,5,1,3,3,2,1,1,6
SF,IC2003,2020-01-03 10:49:02.400,5342.6000,53678,0,5228816080.000,0,-,-,-,-,5342.2000,5342.0000,5341.8000,5341.4000,5341.2000,5343.2000,5343.4000,5343.6000,5343.8000,5344.0000,1,5,1,3,3,1,1,1,2,1
SF,IC2003,2020-01-03 10:49:02.900,5342.6000,53678,0,5228816080.000,0,-,-,-,-,5342.2000,5342.0000,5341.8000,5341.4000,5341.2000,5343.2000,5343.4000,5343.6000,5343.8000,5344.0000,1,5,1,3,3,1,1,1,2,2
SF,IC2003,2020-01-03 10:49:03.400,5342.2000,53679,1,5229884520.000,1,1,0,双开,S,5342.0000,5341.8000,5341.4000,5341.2000,5341.0000,5342.8000,5343.2000,5343.6000,5343.8000,5344.0000,5,1,3,3,2,1,1,1,2,2
SF,IC2003,2020-01-03 10:49:03.900,5342.2000,53679,0,5229884520.000,0,-,-,-,-,5342.0000,5341.8000,5341.4000,5341.2000,5341.0000,5342.8000,5343.2000,5343.6000,5343.8000,5344.0000,5,1,3,3,2,1,1,2,2,2
SF,IC2003,2020-01-03 10:49:04.900,5342.0000,53679,0,5233089720.000,3,1,2,多换,S,5342.0000,5341.8000,5341.4000,5341.2000,5341.0000,5342.6000,5342.8000,5343.2000,5343.6000,5343.8000,2,1,3,3,2,3,1,1,2,2
SF,IC2003,2020-01-03 10:49:05.400,5342.0000,53678,-1,5235226520.000,2,0,2,多平,S,5341.8000,5341.4000,5341.2000,5341.0000,5340.6000,5342.0000,5342.8000,5343.2000,5343.6000,5343.8000,1,3,3,2,1,2,1,1,1,2
SF,IC2003,2020-01-03 10:49:05.900,5342.0000,53676,-2,5237363320.000,2,0,2,双平,S,5342.4000,5342.0000,5341.8000,5341.4000,5341.2000,5342.8000,5343.2000,5343.6000,5343.8000,5344.0000,1,1,1,3,3,1,1,1,2,2
SF,IC2003,2020-01-03 10:49:06.400,5342.4000,53675,-1,5238431800.000,1,0,1,双平,S,5341.8000,5341.4000,5341.2000,5341.0000,5340.6000,5343.6000,5343.8000,5344.0000,5345.6000,5347.6000,1,3,3,2,3,1,2,2,1,1
SF,IC2003,2020-01-03 10:49:06.900,5342.4000,53675,0,5238431800.000,0,-,-,-,-,5342.0000,5341.8000,5341.4000,5341.2000,5341.0000,5343.2000,5343.4000,5343.6000,5344.0000,5345.6000,2,1,3,3,2,3,4,3,2,1
SF,IC2003,2020-01-03 10:49:07.400,5342.4000,53675,0,5238431800.000,0,-,-,-,-,5341.8000,5341.4000,5341.2000,5341.0000,5340.6000,5343.0000,5343.2000,5343.6000,5344.0000,5345.6000,1,3,3,2,3,4,3,3,2,1
SF,IC2003,2020-01-03 10:49:07.900,5342.0000,53674,-1,5239500200.000,1,0,1,双平,S,5342.0000,5341.8000,5341.4000,5341.2000,5341.0000,5342.4000,5343.0000,5343.2000,5343.6000,5344.0000,1,1,3,3,2,1,2,3,3,2
SF,IC2003,2020-01-03 10:49:08.400,5342.4000,53673,-1,5240568680.000,1,0,1,双平,S,5342.0000,5341.8000,5341.4000,5341.2000,5341.0000,5343.0000,5343.2000,5343.6000,5344.0000,5345.6000,1,1,3,3,2,2,2,1,2,1
SF,IC2003,2020-01-03 10:49:08.900,5342.4000,53673,0,5240568680.000,0,-,-,-,-,5342.6000,5342.0000,5341.8000,5341.4000,5341.2000,5343.2000,5343.6000,5344.0000,5345.6000,5347.6000,5,1,1,3,3,3,1,2,1,1
SF,IC2003,2020-01-03 10:49:09.400,5342.4000,53673,0,5241637160.000,1,0,1,多换,S,5342.6000,5342.0000,5341.8000,5341.4000,5341.2000,5343.2000,5343.6000,5344.0000,5345.6000,5347.6000,5,1,1,3,3,3,1,2,1,1
SF,IC2003,2020-01-03 10:49:11.400,5342.6000,53676,3,5244842720.000,3,3,0,双开,S,5342.6000,5342.0000,5341.8000,5341.4000,5341.2000,5343.2000,5343.6000,5344.0000,5345.6000,5347.6000,2,1,1,3,3,3,1,2,1,1
SF,IC2003,2020-01-03 10:49:11.900,5342.6000,53675,-1,5249116800.000,4,1,3,多平,S,5341.8000,5341.4000,5341.2000,5341.0000,5340.6000,5343.2000,5343.6000,5344.0000,5345.6000,5347.6000,1,3,3,2,3,3,1,2,1,1
SF,IC2003,2020-01-03 10:49:12.400,5342.6000,53675,0,5249116800.000,0,-,-,-,-,5341.8000,5341.4000,5341.2000,5341.0000,5340.6000,5343.0000,5343.2000,5343.6000,5344.0000,5345.6000,1,3,3,2,3,2,3,1,2,1
SF,IC2003,2020-01-03 10:49:12.900,5342.6000,53675,0,5249116800.000,0,-,-,-,-,5342.4000,5341.8000,5341.4000,5341.2000,5341.0000,5343.0000,5343.2000,5343.6000,5344.0000,5345.6000,1,1,3,3,2,2,3,1,2,1
SF,IC2003,2020-01-03 10:49:13.400,5342.4000,53674,-1,5250185280.000,1,0,1,双平,S,5341.8000,5341.4000,5341.2000,5341.0000,5340.6000,5342.2000,5342.6000,5343.0000,5343.2000,5343.6000,1,3,3,2,3,1,1,2,3,1
SF,IC2003,2020-01-03 10:49:13.900,5342.0000,53673,-1,5251253680.000,1,0,1,双平,S,5341.8000,5341.4000,5341.2000,5341.0000,5340.6000,5343.0000,5343.2000,5343.6000,5344.0000,5345.6000,1,3,3,2,3,2,3,1,2,1
SF,IC2003,2020-01-03 10:49:14.400,5341.8000,53674,1,5252322040.000,1,1,0,双开,S,5341.4000,5341.2000,5341.0000,5340.6000,5340.4000,5342.8000,5343.0000,5343.2000,5343.6000,5344.0000,3,3,2,3,3,3,2,3,1,2
SF,IC2003,2020-01-03 10:49:14.900,5341.8000,53674,0,5252322040.000,0,-,-,-,-,5341.4000,5341.2000,5341.0000,5340.6000,5340.4000,5342.6000,5342.8000,5343.2000,5343.6000,5344.0000,3,3,2,3,3,2,3,3,1,2
SF,IC2003,2020-01-03 10:49:15.400,5341.8000,53674,0,5252322040.000,0,-,-,-,-,5341.4000,5341.2000,5341.0000,5340.6000,5340.4000,5342.4000,5342.6000,5342.8000,5343.2000,5343.6000,3,3,2,3,3,1,2,2,3,2
SF,IC2003,2020-01-03 10:49:15.900,5341.8000,53674,0,5252322040.000,0,-,-,-,-,5342.2000,5342.0000,5341.4000,5341.2000,5341.0000,5342.4000,5342.6000,5342.8000,5343.2000,5343.6000,2,1,3,3,2,1,2,2,3,2
SF,IC2003,2020-01-03 10:49:16.400,5342.2000,53672,-2,5254458920.000,2,0,2,双平,S,5342.0000,5341.4000,5341.2000,5341.0000,5340.6000,5342.2000,5342.8000,5343.2000,5343.6000,5344.0000,1,3,3,2,3,6,1,3,2,2
SF,IC2003,2020-01-03 10:49:16.900,5342.0000,53671,-1,5255527320.000,1,0,1,双平,S,5341.4000,5341.2000,5341.0000,5340.6000,5340.4000,5341.8000,5342.2000,5342.8000,5343.2000,5343.6000,3,3,2,3,3,1,1,1,3,2
SF,IC2003,2020-01-03 10:49:17.400,5341.4000,53671,0,5256595600.000,1,0,1,多换,S,5341.4000,5341.2000,5341.0000,5340.6000,5340.4000,5342.2000,5342.8000,5343.2000,5343.6000,5344.0000,2,3,2,3,3,1,1,3,2,2
SF,IC2003,2020-01-03 10:49:17.900,5341.4000,53671,0,5258732160.000,2,1,1,多换,S,5341.2000,5341.0000,5340.6000,5340.4000,5340.2000,5342.0000,5342.2000,5342.8000,5343.2000,5343.6000,3,2,3,3,1,4,1,1,3,2
SF,IC2003,2020-01-03 10:49:18.400,5341.4000,53671,0,5258732160.000,0,-,-,-,-,5341.2000,5341.0000,5340.6000,5340.4000,5340.2000,5342.0000,5342.2000,5342.8000,5343.2000,5343.6000,3,2,3,3,1,4,1,1,3,2
SF,IC2003,2020-01-03 10:49:18.900,5341.4000,53671,0,5258732160.000,0,-,-,-,-,5341.2000,5341.0000,5340.6000,5340.4000,5340.2000,5342.0000,5342.2000,5342.8000,5343.2000,5343.6000,3,2,3,3,1,4,3,1,3,2
SF,IC2003,2020-01-03 10:49:19.400,5341.2000,53672,1,5259800400.000,1,1,0,双开,S,5341.2000,5341.0000,5340.6000,5340.4000,5340.2000,5342.0000,5342.2000,5342.8000,5343.2000,5343.6000,2,2,3,3,1,4,3,1,3,2
SF,IC2003,2020-01-03 10:49:19.900,5341.2000,53672,0,5259800400.000,0,-,-,-,-,5341.2000,5341.0000,5340.6000,5340.4000,5340.2000,5342.0000,5342.2000,5342.8000,5343.2000,5343.6000,2,2,3,3,1,2,3,1,3,2
SF,IC2003,2020-01-03 10:49:20.900,5341.2000,53673,1,5260868640.000,1,1,0,双开,S,5341.2000,5341.0000,5340.6000,5340.4000,5340.2000,5341.6000,5342.0000,5342.2000,5342.8000,5343.2000,1,2,3,3,1,1,2,3,1,3
SF,IC2003,2020-01-03 10:49:21.400,5342.0000,53671,-2,5263005360.000,2,0,2,双平,S,5341.2000,5341.0000,5340.6000,5340.4000,5340.2000,5341.4000,5342.0000,5342.2000,5342.8000,5343.2000,2,2,3,3,1,2,1,3,1,3
SF,IC2003,2020-01-03 10:49:21.900,5341.4000,53669,-2,5265141920.000,2,0,2,双平,S,5341.2000,5341.0000,5340.6000,5340.4000,5340.2000,5342.2000,5342.8000,5343.2000,5343.6000,5344.0000,2,2,3,3,1,3,1,3,2,2
SF,IC2003,2020-01-03 10:49:22.400,5341.2000,53670,1,5266210160.000,1,1,0,双开,S,5341.2000,5341.0000,5340.6000,5340.4000,5340.2000,5341.6000,5342.0000,5342.2000,5342.8000,5343.2000,1,2,3,3,1,1,4,3,1,3
SF,IC2003,2020-01-03 10:49:22.900,5341.2000,53669,-1,5267278400.000,1,0,1,双平,S,5341.0000,5340.6000,5340.4000,5340.2000,5340.0000,5342.0000,5342.2000,5342.8000,5343.2000,5343.6000,2,3,3,2,11,4,3,1,3,2
SF,IC2003,2020-01-03 10:49:23.400,5341.0000,53669,0,5268346600.000,1,0,1,多换,S,5341.0000,5340.6000,5340.4000,5340.2000,5340.0000,5341.6000,5342.0000,5342.2000,5342.8000,5343.2000,1,3,3,2,11,1,4,3,1,3
SF,IC2003,2020-01-03 10:49:23.900,5341.0000,53669,0,5268346600.000,0,-,-,-,-,5341.0000,5340.6000,5340.4000,5340.2000,5340.0000,5341.6000,5342.0000,5342.2000,5342.8000,5343.2000,1,3,3,2,11,1,4,3,1,3
SF,IC2003,2020-01-03 10:49:25.400,5341.0000,53669,0,5268346600.000,0,-,-,-,-,5341.2000,5341.0000,5340.6000,5340.4000,5340.2000,5341.4000,5341.6000,5342.0000,5342.2000,5342.8000,2,1,3,3,2,2,1,3,3,1
SF,IC2003,2020-01-03 10:49:25.900,5341.2000,53669,0,5270483080.000,2,1,1,多换,S,5341.0000,5340.6000,5340.4000,5340.2000,5340.0000,5341.2000,5341.4000,5341.6000,5342.0000,5342.2000,1,3,3,2,10,1,1,1,3,3
SF,IC2003,2020-01-03 10:49:26.900,5341.0000,53669,0,5271551280.000,1,0,1,多换,S,5340.6000,5340.4000,5340.2000,5340.0000,5339.0000,5341.2000,5341.4000,5341.6000,5342.0000,5342.2000,3,3,2,10,2,1,2,1,3,2
SF,IC2003,2020-01-03 10:49:27.400,5341.0000,53669,0,5271551280.000,0,-,-,-,-,5340.6000,5340.4000,5340.2000,5340.0000,5339.0000,5341.0000,5341.4000,5341.6000,5342.0000,5342.2000,3,3,2,10,2,1,2,1,3,2
SF,IC2003,2020-01-03 10:49:27.900,5341.0000,53668,-1,5272619480.000,1,0,1,双平,S,5340.6000,5340.4000,5340.2000,5340.0000,5339.0000,5341.4000,5341.6000,5342.0000,5342.2000,5342.8000,3,3,2,10,2,2,1,3,2,1
SF,IC2003,2020-01-03 10:49:28.400,5341.0000,53668,0,5272619480.000,0,-,-,-,-,5340.6000,5340.4000,5340.2000,5340.0000,5339.0000,5341.0000,5341.2000,5341.4000,5341.6000,5342.0000,3,3,2,10,2,1,1,1,1,3
SF,IC2003,2020-01-03 10:49:28.900,5341.2000,53668,0,5273687720.000,1,0,1,多换,S,5341.2000,5341.0000,5340.8000,5340.6000,5340.4000,5341.4000,5341.6000,5342.0000,5342.2000,5342.8000,1,1,1,3,3,1,1,3,2,1
SF,IC2003,2020-01-03 10:49:29.400,5341.4000,53668,0,5274756000.000,1,0,1,多换,S,5341.4000,5341.2000,5340.8000,5340.6000,5340.4000,5341.6000,5342.0000,5342.2000,5342.8000,5343.2000,1,1,2,3,3,1,3,2,1,3
SF,IC2003,2020-01-03 10:49:29.900,5341.4000,53668,0,5275824280.000,1,0,1,多换,S,5341.2000,5340.8000,5340.6000,5340.4000,5340.2000,5341.6000,5342.0000,5342.2000,5342.8000,5343.2000,1,2,3,3,3,1,1,2,1,3
SF,IC2003,2020-01-03 10:49:30.400,5341.6000,53667,-1,5279029240.000,3,1,2,多平,S,5341.4000,5341.2000,5340.8000,5340.6000,5340.4000,5342.0000,5342.2000,5342.8000,5343.2000,5343.6000,3,1,2,3,3,1,2,1,3,2
SF,IC2003,2020-01-03 10:49:30.900,5341.6000,53666,-1,5281165960.000,2,0,2,多平,S,5341.4000,5341.2000,5340.8000,5340.6000,5340.4000,5342.2000,5343.2000,5343.6000,5344.0000,5344.4000,3,1,2,3,3,2,3,2,2,1
SF,IC2003,2020-01-03 10:49:31.400,5341.6000,53666,0,5281165960.000,0,-,-,-,-,5341.6000,5341.4000,5341.2000,5340.8000,5340.6000,5342.0000,5342.2000,5343.2000,5343.6000,5344.0000,1,3,1,2,3,2,2,3,2,2
SF,IC2003,2020-01-03 10:49:32.400,5341.4000,53665,-1,5284370840.000,3,1,2,多平,S,5341.4000,5341.2000,5340.8000,5340.6000,5340.4000,5341.6000,5342.0000,5342.2000,5343.2000,5343.6000,1,1,2,3,3,4,2,2,3,2
SF,IC2003,2020-01-03 10:49:32.900,5341.4000,53664,-1,5285439120.000,1,0,1,双平,S,5341.2000,5340.8000,5340.6000,5340.4000,5340.2000,5341.4000,5341.8000,5342.2000,5343.2000,5343.6000,1,2,3,3,3,1,1,2,3,2
SF,IC2003,2020-01-03 10:49:33.400,5341.4000,53664,0,5286507400.000,1,0,1,多换,S,5341.4000,5341.2000,5340.8000,5340.6000,5340.4000,5341.8000,5342.2000,5343.2000,5343.6000,5344.0000,1,1,2,3,3,1,2,3,2,2
SF,IC2003,2020-01-03 10:49:33.900,5341.4000,53664,0,5286507400.000,0,-,-,-,-,5341.4000,5341.2000,5340.8000,5340.6000,5340.4000,5341.8000,5342.2000,5343.2000,5343.6000,5344.0000,1,1,2,3,3,1,2,3,2,2
SF,IC2003,2020-01-03 10:49:34.400,5341.8000,53664,0,5287575760.000,1,0,1,多换,S,5341.4000,5341.2000,5340.8000,5340.6000,5340.4000,5342.2000,5343.2000,5343.6000,5344.0000,5344.4000,1,1,2,3,3,2,3,2,2,1
SF,IC2003,2020-01-03 10:49:34.900,5341.6000,53664,0,5288644080.000,1,0,1,多换,S,5341.4000,5341.2000,5340.8000,5340.6000,5340.4000,5342.2000,5343.2000,5343.6000,5344.0000,5344.4000,1,1,2,3,3,2,3,2,2,1
SF,IC2003,2020-01-03 10:49:35.400,5342.2000,53664,0,5290780960.000,2,1,1,多换,S,5341.4000,5341.2000,5340.8000,5340.6000,5340.4000,5343.2000,5343.6000,5344.0000,5344.4000,5345.6000,1,1,2,3,3,3,2,2,1,1
SF,IC2003,2020-01-03 10:49:35.900,5342.2000,53664,0,5290780960.000,0,-,-,-,-,5341.6000,5341.4000,5341.2000,5340.8000,5340.6000,5342.4000,5342.8000,5343.0000,5343.2000,5343.6000,2,2,1,2,3,1,1,2,3,2
SF,IC2003,2020-01-03 10:49:36.400,5342.2000,53664,0,5290780960.000,0,-,-,-,-,5342.2000,5341.6000,5341.4000,5341.2000,5340.8000,5342.4000,5342.8000,5343.0000,5343.2000,5343.6000,1,2,2,1,2,1,1,2,3,2
SF,IC2003,2020-01-03 10:49:36.900,5342.4000,53664,0,5292917920.000,2,1,1,多换,S,5342.4000,5342.2000,5341.6000,5341.4000,5341.2000,5343.2000,5343.6000,5344.0000,5344.4000,5345.6000,2,1,2,2,1,3,2,2,1,1
SF,IC2003,2020-01-03 10:49:37.400,5342.4000,53664,0,5292917920.000,0,-,-,-,-,5342.2000,5341.6000,5341.4000,5341.2000,5340.8000,5343.2000,5343.6000,5344.0000,5344.4000,5345.6000,1,2,1,1,2,3,2,2,1,1
SF,IC2003,2020-01-03 10:49:37.900,5341.6000,53663,-1,5295054680.000,2,0,2,多平,S,5341.6000,5341.4000,5341.2000,5340.8000,5340.6000,5342.2000,5342.8000,5343.0000,5343.2000,5343.6000,1,1,1,2,3,1,8,5,3,2
SF,IC2003,2020-01-03 10:49:38.400,5341.6000,53663,0,5295054680.000,0,-,-,-,-,5341.4000,5341.2000,5340.8000,5340.6000,5340.4000,5342.8000,5343.0000,5343.2000,5343.6000,5344.0000,1,1,2,3,3,3,4,3,2,2
SF,IC2003,2020-01-03 10:49:38.900,5342.2000,53662,-1,5296123120.000,1,0,1,双平,S,5341.6000,5341.4000,5341.2000,5340.8000,5340.6000,5342.8000,5343.0000,5343.2000,5343.6000,5344.0000,2,1,1,2,3,1,2,3,2,2
SF,IC2003,2020-01-03 10:49:39.400,5342.2000,53662,0,5296123120.000,0,-,-,-,-,5341.4000,5341.2000,5340.8000,5340.6000,5340.4000,5342.2000,5342.6000,5342.8000,5343.2000,5343.6000,1,1,2,3,3,1,2,1,3,2
SF,IC2003,2020-01-03 10:49:39.900,5342.2000,53662,0,5297191560.000,1,0,1,多换,S,5341.6000,5341.4000,5341.2000,5340.8000,5340.6000,5342.8000,5343.2000,5343.6000,5344.0000,5344.4000,2,1,1,2,3,1,3,2,2,1
SF,IC2003,2020-01-03 10:49:40.400,5341.8000,53662,0,5298259920.000,1,0,1,多换,S,5341.6000,5341.4000,5341.2000,5340.8000,5340.6000,5342.6000,5342.8000,5343.2000,5343.6000,5344.0000,3,1,1,2,2,1,1,3,2,2
SF,IC2003,2020-01-03 10:49:41.900,5341.8000,53662,0,5298259920.000,0,-,-,-,-,5341.6000,5341.4000,5341.2000,5340.8000,5340.6000,5342.6000,5342.8000,5343.2000,5343.6000,5344.0000,3,1,1,2,2,1,1,3,2,2
SF,IC2003,2020-01-03 10:49:42.400,5341.6000,53661,-1,5299328240.000,1,0,1,双平,S,5341.6000,5341.4000,5341.2000,5340.8000,5340.6000,5342.6000,5342.8000,5343.2000,5343.6000,5344.0000,2,1,1,2,2,1,1,3,2,2
SF,IC2003,2020-01-03 10:49:42.900,5341.6000,53661,0,5299328240.000,0,-,-,-,-,5341.6000,5341.4000,5341.2000,5340.8000,5340.6000,5342.6000,5342.8000,5343.2000,5343.6000,5344.0000,3,1,1,2,2,1,1,3,2,2
SF,IC2003,2020-01-03 10:49:43.400,5341.6000,53661,0,5299328240.000,0,-,-,-,-,5341.6000,5341.4000,5341.2000,5340.8000,5340.6000,5342.4000,5342.6000,5342.8000,5343.2000,5343.6000,3,1,1,2,2,2,1,1,3,2
SF,IC2003,2020-01-03 10:49:43.900,5341.6000,53661,0,5299328240.000,0,-,-,-,-,5341.6000,5341.4000,5341.2000,5340.8000,5340.6000,5342.4000,5342.6000,5342.8000,5343.2000,5343.6000,3,1,1,2,2,2,1,1,3,2
SF,IC2003,2020-01-03 10:49:44.400,5341.6000,53661,0,5301464880.000,2,1,1,多换,S,5341.6000,5341.4000,5341.2000,5340.8000,5340.6000,5342.2000,5342.4000,5342.6000,5342.8000,5343.2000,1,1,1,2,2,1,2,1,1,3
SF,IC2003,2020-01-03 10:49:45.400,5341.6000,53660,-1,5302533200.000,1,0,1,双平,S,5341.4000,5341.2000,5340.8000,5340.6000,5340.4000,5342.2000,5342.4000,5342.6000,5342.8000,5343.2000,1,1,2,2,3,1,2,1,1,3
SF,IC2003,2020-01-03 10:49:45.900,5341.6000,53660,0,5302533200.000,0,-,-,-,-,5341.4000,5341.2000,5340.8000,5340.6000,5340.4000,5342.0000,5342.2000,5342.4000,5342.6000,5342.8000,1,1,2,2,3,1,1,2,1,1
SF,IC2003,2020-01-03 10:49:46.400,5341.6000,53660,0,5302533200.000,0,-,-,-,-,5341.4000,5341.2000,5340.8000,5340.6000,5340.4000,5342.0000,5342.2000,5342.4000,5342.8000,5343.2000,1,1,2,2,3,1,1,2,1,3
SF,IC2003,2020-01-03 10:49:48.400,5341.4000,53660,0,5303601480.000,1,0,1,多换,S,5341.2000,5340.8000,5340.6000,5340.4000,5340.2000,5341.4000,5342.0000,5342.2000,5342.4000,5342.8000,1,2,2,3,2,1,1,1,2,1
SF,IC2003,2020-01-03 10:49:48.900,5341.2000,53661,1,5306806200.000,3,2,1,空开,S,5340.8000,5340.6000,5340.4000,5340.2000,5340.0000,5341.2000,5341.4000,5342.0000,5342.2000,5342.4000,2,2,3,2,10,2,1,1,1,2
SF,IC2003,2020-01-03 10:49:49.900,5341.2000,53662,1,5308942680.000,2,1,1,空开,S,5341.4000,5341.2000,5340.8000,5340.6000,5340.4000,5341.8000,5342.2000,5342.4000,5342.8000,5343.2000,1,3,2,2,3,1,1,2,1,3
SF,IC2003,2020-01-03 10:49:50.400,5341.8000,53662,0,5310011040.000,1,0,1,多换,S,5340.8000,5340.6000,5340.4000,5340.2000,5340.0000,5342.2000,5342.4000,5342.8000,5343.2000,5343.6000,2,2,3,2,10,1,2,1,3,2
SF,IC2003,2020-01-03 10:49:50.900,5341.8000,53662,0,5310011040.000,0,-,-,-,-,5340.8000,5340.6000,5340.4000,5340.2000,5340.0000,5342.0000,5342.2000,5342.8000,5343.2000,5343.6000,2,2,3,2,10,2,1,1,3,2
SF,IC2003,2020-01-03 10:49:51.900,5341.8000,53662,0,5310011040.000,0,-,-,-,-,5340.8000,5340.6000,5340.4000,5340.2000,5340.0000,5341.4000,5342.0000,5342.2000,5342.8000,5343.2000,2,2,3,2,10,1,2,1,1,3
SF,IC2003,2020-01-03 10:49:52.400,5340.8000,53661,-1,5311079200.000,1,0,1,双平,S,5340.8000,5340.6000,5340.4000,5340.2000,5340.0000,5341.4000,5342.0000,5342.2000,5342.8000,5343.2000,1,2,3,2,10,1,2,1,1,3
SF,IC2003,2020-01-03 10:49:53.900,5340.8000,53661,0,5311079200.000,0,-,-,-,-,5340.8000,5340.4000,5340.2000,5340.0000,5339.0000,5341.4000,5342.0000,5342.2000,5342.8000,5343.2000,1,3,2,10,2,1,2,1,1,3
SF,IC2003,2020-01-03 10:49:54.400,5340.8000,53661,0,5311079200.000,0,-,-,-,-,5340.8000,5340.4000,5340.2000,5340.0000,5339.0000,5341.4000,5342.0000,5342.2000,5342.8000,5343.2000,1,3,2,10,2,1,3,1,1,3
SF,IC2003,2020-01-03 10:49:54.900,5340.8000,53659,-2,5313215640.000,2,0,2,双平,S,5340.4000,5340.2000,5340.0000,5339.0000,5338.8000,5342.0000,5342.2000,5342.8000,5343.2000,5343.6000,3,2,10,2,1,3,1,1,3,2
SF,IC2003,2020-01-03 10:49:55.400,5340.8000,53659,0,5313215640.000,0,-,-,-,-,5340.6000,5340.4000,5340.2000,5340.0000,5339.0000,5342.0000,5342.2000,5342.8000,5343.2000,5343.6000,3,3,2,10,2,1,1,1,3,2
SF,IC2003,2020-01-03 10:49:55.900,5340.8000,53659,0,5313215640.000,0,-,-,-,-,5340.6000,5340.4000,5340.2000,5340.0000,5339.0000,5342.0000,5342.2000,5342.8000,5343.2000,5343.6000,3,3,2,10,2,1,1,1,3,2
SF,IC2003,2020-01-03 10:49:56.400,5340.8000,53658,-1,5314283800.000,1,0,1,双平,S,5340.8000,5340.6000,5340.4000,5340.2000,5340.0000,5342.0000,5342.2000,5342.8000,5343.2000,5343.6000,2,2,3,2,10,1,1,1,3,2
SF,IC2003,2020-01-03 10:49:56.900,5340.8000,53658,0,5314283800.000,0,-,-,-,-,5341.0000,5340.8000,5340.4000,5340.2000,5340.0000,5342.0000,5342.2000,5342.8000,5343.2000,5343.6000,2,2,3,2,10,1,1,1,3,2
SF,IC2003,2020-01-03 10:49:57.400,5340.8000,53658,0,5314283800.000,0,-,-,-,-,5340.8000,5340.4000,5340.2000,5340.0000,5339.0000,5342.0000,5342.2000,5342.8000,5343.2000,5343.6000,2,3,2,10,2,1,1,1,3,2
SF,IC2003,2020-01-03 10:49:57.900,5340.8000,53658,0,5314283800.000,0,-,-,-,-,5340.8000,5340.4000,5340.2000,5340.0000,5339.0000,5342.0000,5342.2000,5342.8000,5343.2000,5343.6000,2,3,2,10,2,1,1,1,3,2
SF,IC2003,2020-01-03 10:49:58.400,5340.8000,53658,0,5314283800.000,0,-,-,-,-,5341.0000,5340.8000,5340.4000,5340.2000,5340.0000,5342.0000,5342.2000,5342.8000,5343.2000,5343.6000,2,1,3,2,10,1,1,1,3,2
SF,IC2003,2020-01-03 10:49:58.900,5341.0000,53657,-1,5316420400.000,2,0,2,多平,S,5341.0000,5340.8000,5340.4000,5340.2000,5340.0000,5342.2000,5342.8000,5343.2000,5343.6000,5344.0000,1,1,3,2,10,1,1,3,2,2
SF,IC2003,2020-01-03 10:49:59.400,5341.0000,53657,0,5316420400.000,0,-,-,-,-,5340.4000,5340.2000,5340.0000,5339.8000,5339.0000,5340.8000,5342.0000,5342.2000,5342.6000,5342.8000,3,2,10,1,2,1,2,1,1,1
SF,IC2003,2020-01-03 10:49:59.900,5340.8000,53657,0,5317488560.000,1,0,1,多换,S,5342.0000,5341.0000,5340.8000,5340.4000,5340.2000,5342.8000,5343.2000,5343.6000,5344.0000,5344.4000,4,4,6,3,2,1,3,2,3,1
SF,IC2003,2020-01-03 10:50:00.400,5342.0000,53657,0,5319625360.000,2,1,1,多换,S,5342.0000,5341.0000,5340.8000,5340.4000,5340.2000,5342.6000,5342.8000,5343.2000,5343.6000,5344.0000,2,1,3,3,2,2,1,3,2,3
SF,IC2003,2020-01-03 10:50:01.400,5342.0000,53657,0,5319625360.000,0,-,-,-,-,5342.2000,5342.0000,5340.8000,5340.4000,5340.2000,5342.6000,5342.8000,5343.2000,5343.6000,5344.0000,1,2,3,3,2,2,1,3,2,3
SF,IC2003,2020-01-03 10:50:01.900,5342.0000,53656,-1,5320693760.000,1,0,1,双平,S,5342.0000,5340.8000,5340.4000,5340.2000,5340.0000,5342.8000,5343.2000,5343.6000,5344.0000,5344.4000,2,3,3,2,10,1,3,2,3,1
SF,IC2003,2020-01-03 10:50:02.400,5342.0000,53656,0,5320693760.000,0,-,-,-,-,5342.0000,5340.8000,5340.4000,5340.2000,5340.0000,5342.6000,5342.8000,5343.0000,5343.2000,5343.6000,2,3,3,2,10,2,1,1,3,2
SF,IC2003,2020-01-03 10:50:03.400,5342.8000,53653,-3,5326036520.000,5,1,4,多平,S,5342.6000,5342.0000,5340.8000,5340.4000,5340.2000,5343.2000,5343.6000,5344.0000,5344.4000,5348.0000,1,2,4,3,2,3,2,3,1,6
SF,IC2003,2020-01-03 10:50:03.900,5342.8000,53653,0,5326036520.000,0,-,-,-,-,5342.0000,5340.8000,5340.4000,5340.2000,5340.0000,5343.2000,5343.6000,5344.0000,5344.4000,5348.0000,2,2,3,2,10,3,2,3,1,6
SF,IC2003,2020-01-03 10:50:04.400,5343.2000,53653,0,5329242440.000,3,1,2,多换,S,5342.6000,5342.2000,5342.0000,5340.8000,5340.4000,5343.6000,5344.0000,5344.4000,5348.0000,5349.2000,1,4,2,2,3,2,3,1,6,1
SF,IC2003,2020-01-03 10:50:04.900,5343.2000,53653,0,5329242440.000,0,-,-,-,-,5342.6000,5342.2000,5342.0000,5340.8000,5340.4000,5343.6000,5344.0000,5344.4000,5348.0000,5349.2000,1,4,2,2,3,2,3,1,6,1
SF,IC2003,2020-01-03 10:50:05.400,5343.6000,53652,-1,5330311160.000,1,0,1,双平,S,5343.0000,5342.8000,5342.6000,5342.2000,5342.0000,5343.6000,5344.0000,5344.4000,5348.0000,5349.2000,1,2,1,2,2,1,3,1,6,1
SF,IC2003,2020-01-03 10:50:05.900,5343.6000,53652,0,5330311160.000,0,-,-,-,-,5342.8000,5342.6000,5342.2000,5342.0000,5340.8000,5343.6000,5344.0000,5344.4000,5348.0000,5349.2000,2,1,2,2,1,1,3,1,6,1
SF,IC2003,2020-01-03 10:50:06.400,5343.6000,53652,0,5331379880.000,1,0,1,多换,S,5343.6000,5343.0000,5342.8000,5342.6000,5342.2000,5344.0000,5344.4000,5348.0000,5349.2000,5349.6000,2,1,2,1,1,3,1,6,1,1
SF,IC2003,2020-01-03 10:50:06.900,5343.6000,53651,-1,5333517320.000,2,0,2,多平,S,5342.8000,5342.2000,5342.0000,5341.4000,5340.8000,5344.0000,5344.4000,5348.0000,5349.2000,5349.6000,2,1,2,1,1,3,1,6,1,1
SF,IC2003,2020-01-03 10:50:07.900,5343.6000,53651,0,5333517320.000,0,-,-,-,-,5342.8000,5342.0000,5341.4000,5340.8000,5340.4000,5343.8000,5344.0000,5344.4000,5348.0000,5349.2000,2,2,1,1,3,1,3,1,6,1
SF,IC2003,2020-01-03 10:50:08.400,5343.6000,53651,0,5333517320.000,0,-,-,-,-,5342.8000,5342.0000,5341.4000,5340.8000,5340.4000,5344.0000,5344.4000,5348.0000,5349.2000,5349.6000,2,2,1,1,3,3,1,6,1,1
SF,IC2003,2020-01-03 10:50:08.900,5343.6000,53651,0,5333517320.000,0,-,-,-,-,5343.0000,5342.8000,5342.0000,5341.4000,5340.8000,5344.0000,5344.4000,5347.8000,5348.0000,5349.2000,1,2,2,1,1,3,1,3,6,1
SF,IC2003,2020-01-03 10:50:09.400,5344.0000,53651,0,5336723720.000,3,1,2,多换,S,5343.2000,5343.0000,5342.0000,5341.4000,5340.8000,5344.4000,5347.8000,5348.0000,5349.2000,5349.6000,3,1,2,1,1,1,3,6,1,1
SF,IC2003,2020-01-03 10:50:09.900,5344.4000,53649,-2,5338861480.000,2,0,2,双平,S,5344.6000,5344.4000,5344.0000,5343.8000,5343.6000,5347.8000,5348.0000,5349.2000,5349.6000,5350.0000,1,1,2,1,1,3,6,1,1,4
SF,IC2003,2020-01-03 10:50:10.400,5344.4000,53649,0,5338861480.000,0,-,-,-,-,5344.8000,5343.8000,5343.6000,5343.4000,5343.2000,5346.4000,5346.6000,5346.8000,5347.0000,5347.2000,1,1,1,1,2,2,6,4,2,7
SF,IC2003,2020-01-03 10:50:10.900,5344.4000,53649,0,5338861480.000,0,-,-,-,-,5343.8000,5343.6000,5343.4000,5343.2000,5342.0000,5344.8000,5346.2000,5346.4000,5346.6000,5346.8000,1,1,1,2,2,1,3,2,1,4
SF,IC2003,2020-01-03 10:50:11.400,5344.8000,53648,-1,5339930440.000,1,0,1,双平,S,5345.0000,5344.2000,5343.6000,5343.4000,5342.0000,5346.4000,5347.2000,5347.6000,5347.8000,5348.0000,2,1,1,1,2,1,1,2,3,6
SF,IC2003,2020-01-03 10:50:11.900,5344.8000,53648,0,5339930440.000,0,-,-,-,-,5345.2000,5344.2000,5343.6000,5342.0000,5341.4000,5346.2000,5346.4000,5347.2000,5347.6000,5347.8000,1,1,1,2,1,2,1,1,2,3
SF,IC2003,2020-01-03 10:50:12.400,5344.8000,53648,0,5339930440.000,0,-,-,-,-,5345.2000,5344.2000,5343.6000,5342.0000,5341.4000,5346.0000,5346.2000,5346.4000,5347.2000,5347.6000,1,1,1,2,1,1,2,1,1,2
SF,IC2003,2020-01-03 10:50:12.900,5344.8000,53648,0,5339930440.000,0,-,-,-,-,5345.2000,5344.2000,5343.6000,5342.0000,5341.4000,5346.0000,5346.4000,5347.2000,5347.6000,5347.8000,1,1,1,2,1,1,1,1,2,3
SF,IC2003,2020-01-03 10:50:13.400,5344.8000,53648,0,5339930440.000,0,-,-,-,-,5345.2000,5344.2000,5343.6000,5342.0000,5341.4000,5345.8000,5346.0000,5346.4000,5347.2000,5347.6000,1,1,1,2,1,1,1,1,1,2
SF,IC2003,2020-01-03 10:50:13.900,5344.8000,53648,0,5339930440.000,0,-,-,-,-,5345.4000,5345.2000,5344.2000,5343.6000,5342.0000,5345.8000,5346.0000,5346.4000,5347.2000,5347.6000,2,1,1,1,2,1,1,1,1,1
SF,IC2003,2020-01-03 10:50:14.400,5345.8000,53647,-1,5340999600.000,1,0,1,双平,S,5346.0000,5345.4000,5345.2000,5344.2000,5343.6000,5347.8000,5348.0000,5349.2000,5349.6000,5350.0000,1,2,1,1,1,3,6,1,1,4
SF,IC2003,2020-01-03 10:50:14.900,5346.0000,53645,-2,5343138000.000,2,0,2,双平,S,5344.2000,5343.6000,5342.0000,5341.4000,5340.8000,5347.2000,5347.6000,5347.8000,5348.0000,5349.2000,1,1,2,1,1,1,3,3,6,1
SF,IC2003,2020-01-03 10:50:15.400,5346.0000,53645,0,5343138000.000,0,-,-,-,-,5345.4000,5344.8000,5344.6000,5344.4000,5344.2000,5347.0000,5347.2000,5347.6000,5347.8000,5348.0000,1,3,2,5,2,4,1,1,3,6
SF,IC2003,2020-01-03 10:50:15.900,5346.0000,53645,0,5343138000.000,0,-,-,-,-,5344.4000,5344.2000,5343.6000,5342.0000,5341.4000,5347.0000,5347.2000,5347.6000,5347.8000,5348.0000,3,2,1,2,1,2,1,1,3,6
SF,IC2003,2020-01-03 10:50:16.400,5346.0000,53645,0,5343138000.000,0,-,-,-,-,5344.8000,5344.4000,5344.2000,5342.0000,5341.4000,5346.8000,5347.0000,5347.2000,5347.6000,5347.8000,1,3,2,2,1,1,2,1,1,3
SF,IC2003,2020-01-03 10:50:16.900,5346.0000,53645,0,5343138000.000,0,-,-,-,-,5344.8000,5344.4000,5344.2000,5342.0000,5341.4000,5346.6000,5346.8000,5347.6000,5347.8000,5348.0000,1,2,2,2,1,2,1,1,3,6
SF,IC2003,2020-01-03 10:50:17.400,5346.0000,53645,0,5343138000.000,0,-,-,-,-,5345.4000,5345.0000,5344.8000,5344.2000,5342.0000,5347.6000,5347.8000,5348.0000,5349.2000,5349.6000,1,2,2,1,2,1,3,6,1,1
SF,IC2003,2020-01-03 10:50:17.900,5346.0000,53645,0,5343138000.000,0,-,-,-,-,5345.6000,5344.8000,5344.2000,5342.0000,5341.4000,5346.4000,5347.2000,5347.4000,5347.6000,5347.8000,2,2,1,2,1,1,3,3,1,3
SF,IC2003,2020-01-03 10:50:18.400,5344.8000,53644,-1,5344206960.000,1,0,1,双平,S,5344.8000,5342.0000,5341.4000,5340.8000,5340.4000,5346.4000,5347.2000,5347.4000,5347.6000,5347.8000,1,2,1,1,3,1,1,2,1,3
SF,IC2003,2020-01-03 10:50:18.900,5344.8000,53644,0,5345275920.000,1,0,1,多换,S,5342.0000,5341.4000,5340.8000,5340.4000,5340.2000,5346.2000,5346.4000,5347.2000,5347.6000,5347.8000,2,1,1,3,2,3,1,1,1,3
SF,IC2003,2020-01-03 10:50:19.400,5344.8000,53644,0,5345275920.000,0,-,-,-,-,5344.2000,5344.0000,5343.8000,5343.6000,5343.4000,5346.0000,5346.2000,5347.2000,5347.6000,5347.8000,1,1,2,1,1,2,2,1,1,3
SF,IC2003,2020-01-03 10:50:19.900,5344.8000,53644,0,5345275920.000,0,-,-,-,-,5344.0000,5343.8000,5343.6000,5343.4000,5343.2000,5345.8000,5347.2000,5347.6000,5347.8000,5348.0000,1,2,1,1,1,2,1,1,3,6
SF,IC2003,2020-01-03 10:50:20.400,5344.8000,53644,0,5345275920.000,0,-,-,-,-,5344.2000,5344.0000,5343.8000,5343.4000,5343.2000,5347.2000,5347.6000,5347.8000,5348.0000,5349.2000,4,1,2,1,1,1,1,3,6,1
SF,IC2003,2020-01-03 10:50:20.900,5344.8000,53644,0,5345275920.000,0,-,-,-,-,5344.2000,5344.0000,5343.8000,5343.4000,5343.2000,5346.4000,5346.6000,5347.0000,5347.2000,5347.6000,3,1,2,1,1,1,2,4,1,1
SF,IC2003,2020-01-03 10:50:21.400,5344.8000,53644,0,5345275920.000,0,-,-,-,-,5344.2000,5344.0000,5343.8000,5343.4000,5343.2000,5346.2000,5346.4000,5347.0000,5347.6000,5347.8000,3,1,2,1,1,2,1,1,1,3
SF,IC2003,2020-01-03 10:50:21.900,5344.8000,53644,0,5345275920.000,0,-,-,-,-,5344.2000,5344.0000,5343.8000,5343.4000,5343.2000,5346.0000,5346.2000,5346.4000,5347.6000,5347.8000,3,1,2,1,1,1,2,1,1,3
SF,IC2003,2020-01-03 10:50:22.400,5344.8000,53644,0,5345275920.000,0,-,-,-,-,5344.4000,5344.2000,5344.0000,5343.8000,5343.4000,5345.8000,5346.0000,5346.4000,5347.6000,5347.8000,1,3,1,2,1,3,2,1,1,3
SF,IC2003,2020-01-03 10:50:22.900,5344.8000,53644,0,5345275920.000,0,-,-,-,-,5344.4000,5344.0000,5343.8000,5343.4000,5343.2000,5345.8000,5346.0000,5347.6000,5347.8000,5348.0000,1,1,3,1,1,3,2,1,3,6
SF,IC2003,2020-01-03 10:50:23.900,5344.8000,53644,0,5345275920.000,0,-,-,-,-,5344.4000,5344.0000,5343.8000,5343.4000,5343.2000,5345.8000,5346.0000,5347.6000,5347.8000,5348.0000,1,1,3,1,1,3,2,1,3,6
SF,IC2003,2020-01-03 10:50:24.400,5344.8000,53644,0,5345275920.000,0,-,-,-,-,5344.4000,5344.2000,5344.0000,5343.8000,5343.4000,5345.8000,5346.0000,5347.6000,5347.8000,5348.0000,1,1,1,3,1,3,2,1,3,6
SF,IC2003,2020-01-03 10:50:24.900,5344.8000,53644,0,5345275920.000,0,-,-,-,-,5344.2000,5344.0000,5343.8000,5343.4000,5343.2000,5345.6000,5345.8000,5346.0000,5347.8000,5348.0000,1,1,3,1,1,1,3,1,3,6
SF,IC2003,2020-01-03 10:50:25.400,5344.8000,53644,0,5345275920.000,0,-,-,-,-,5344.2000,5344.0000,5343.8000,5343.4000,5343.2000,5345.4000,5345.6000,5345.8000,5346.0000,5347.8000,1,1,3,1,1,2,1,1,1,3
SF,IC2003,2020-01-03 10:50:25.900,5344.8000,53644,0,5345275920.000,0,-,-,-,-,5344.2000,5344.0000,5343.8000,5343.4000,5343.2000,5345.4000,5345.6000,5345.8000,5346.0000,5347.8000,1,1,3,1,1,2,1,1,1,3
SF,IC2003,2020-01-03 10:50:26.400,5344.8000,53644,0,5345275920.000,0,-,-,-,-,5344.2000,5344.0000,5343.8000,5343.4000,5343.2000,5345.4000,5345.6000,5345.8000,5346.0000,5347.8000,1,1,3,1,1,2,1,1,1,3
SF,IC2003,2020-01-03 10:50:26.900,5344.8000,53644,0,5345275920.000,0,-,-,-,-,5344.2000,5344.0000,5343.8000,5343.4000,5343.2000,5345.2000,5345.4000,5345.8000,5346.0000,5347.8000,1,1,3,1,1,1,2,1,1,3
SF,IC2003,2020-01-03 10:50:27.900,5344.8000,53644,0,5345275920.000,0,-,-,-,-,5344.2000,5344.0000,5343.8000,5343.4000,5343.2000,5345.2000,5345.4000,5345.8000,5346.0000,5347.8000,1,1,1,1,1,1,2,1,1,3
SF,IC2003,2020-01-03 10:50:28.400,5344.8000,53644,0,5345275920.000,0,-,-,-,-,5344.2000,5344.0000,5343.8000,5343.4000,5343.2000,5345.0000,5345.2000,5345.8000,5346.0000,5347.8000,1,1,1,1,1,2,2,1,1,3
SF,IC2003,2020-01-03 10:50:28.900,5344.8000,53644,0,5345275920.000,0,-,-,-,-,5344.2000,5344.0000,5343.8000,5343.4000,5343.2000,5345.0000,5345.2000,5345.8000,5346.0000,5347.8000,1,1,1,1,1,2,2,1,1,3
SF,IC2003,2020-01-03 10:50:29.400,5344.8000,53644,0,5345275920.000,0,-,-,-,-,5344.2000,5343.8000,5342.4000,5342.2000,5342.0000,5345.0000,5345.2000,5345.8000,5346.0000,5347.8000,1,1,2,2,2,2,2,1,1,3
SF,IC2003,2020-01-03 10:50:29.900,5345.2000,53640,-4,5349552000.000,4,0,4,双平,S,5344.2000,5343.8000,5342.4000,5342.2000,5342.0000,5345.8000,5346.0000,5347.8000,5348.0000,5349.2000,1,1,1,1,2,1,1,3,6,1
SF,IC2003,2020-01-03 10:50:30.400,5345.2000,53640,0,5349552000.000,0,-,-,-,-,5344.4000,5344.2000,5343.8000,5342.4000,5342.2000,5345.4000,5345.8000,5346.0000,5347.8000,5348.0000,2,1,1,1,1,1,1,1,3,6
SF,IC2003,2020-01-03 10:50:30.900,5344.4000,53639,-1,5351689760.000,2,0,2,多平,S,5344.2000,5343.8000,5342.4000,5342.2000,5342.0000,5345.4000,5345.8000,5346.0000,5347.8000,5348.0000,1,1,1,1,2,1,1,1,3,6
SF,IC2003,2020-01-03 10:50:31.400,5344.4000,53639,0,5351689760.000,0,-,-,-,-,5344.2000,5343.8000,5342.4000,5342.2000,5342.0000,5345.2000,5345.4000,5345.8000,5347.8000,5348.0000,1,1,1,1,2,2,1,1,3,6
SF,IC2003,2020-01-03 10:50:31.900,5344.4000,53639,0,5351689760.000,0,-,-,-,-,5344.4000,5344.2000,5343.8000,5342.6000,5342.4000,5345.2000,5345.4000,5345.8000,5347.8000,5348.0000,1,1,1,1,1,2,1,1,3,6
SF,IC2003,2020-01-03 10:50:32.400,5344.4000,53639,0,5351689760.000,0,-,-,-,-,5344.4000,5344.2000,5343.8000,5342.6000,5342.4000,5345.4000,5345.8000,5347.8000,5348.0000,5349.2000,1,1,1,1,1,1,1,3,6,1
SF,IC2003,2020-01-03 10:50:32.900,5344.4000,53639,0,5351689760.000,0,-,-,-,-,5344.4000,5344.2000,5343.8000,5342.6000,5342.4000,5345.4000,5345.8000,5347.8000,5348.0000,5349.2000,1,1,1,1,1,1,1,3,6,1
SF,IC2003,2020-01-03 10:50:33.400,5345.8000,53640,1,5353828000.000,2,1,1,空开,S,5345.4000,5344.4000,5344.2000,5343.8000,5342.6000,5347.8000,5348.0000,5349.2000,5350.0000,5350.8000,1,1,2,1,1,3,6,1,4,3
SF,IC2003,2020-01-03 10:50:33.900,5345.6000,53639,-1,5354897120.000,1,0,1,双平,S,5345.6000,5345.4000,5344.4000,5344.2000,5343.8000,5347.4000,5347.6000,5347.8000,5348.0000,5349.2000,1,2,1,2,1,6,2,3,6,1
SF,IC2003,2020-01-03 10:50:34.400,5345.6000,53639,0,5354897120.000,0,-,-,-,-,5345.6000,5345.4000,5344.4000,5344.2000,5343.8000,5347.2000,5347.8000,5348.0000,5349.2000,5350.0000,1,1,1,2,1,3,3,6,1,4
SF,IC2003,2020-01-03 10:50:34.900,5345.6000,53639,0,5354897120.000,0,-,-,-,-,5345.8000,5345.6000,5345.4000,5344.4000,5344.2000,5347.2000,5347.8000,5348.0000,5349.2000,5350.0000,1,1,1,1,2,2,3,6,1,4
SF,IC2003,2020-01-03 10:50:36.400,5345.6000,53639,0,5354897120.000,0,-,-,-,-,5345.8000,5345.6000,5345.4000,5344.4000,5344.2000,5347.2000,5347.8000,5348.0000,5349.2000,5350.0000,1,1,1,2,2,2,3,6,1,4
SF,IC2003,2020-01-03 10:50:37.400,5345.6000,53639,0,5354897120.000,0,-,-,-,-,5345.8000,5345.4000,5344.4000,5344.2000,5343.8000,5347.2000,5347.8000,5348.0000,5349.2000,5350.0000,1,1,2,2,1,2,3,6,1,4
SF,IC2003,2020-01-03 10:50:37.900,5345.6000,53639,0,5354897120.000,0,-,-,-,-,5345.8000,5345.4000,5344.4000,5344.2000,5343.8000,5347.0000,5347.2000,5347.8000,5348.0000,5349.2000,1,1,2,2,1,1,2,3,6,1
SF,IC2003,2020-01-03 10:50:38.400,5345.6000,53639,0,5354897120.000,0,-,-,-,-,5345.8000,5345.4000,5344.4000,5344.2000,5344.0000,5346.0000,5346.8000,5347.0000,5347.8000,5348.0000,1,1,2,2,1,1,2,1,3,6
SF,IC2003,2020-01-03 10:50:38.900,5346.8000,53637,-2,5357035680.000,2,0,2,双平,S,5346.2000,5346.0000,5345.8000,5344.4000,5344.2000,5346.8000,5347.8000,5348.0000,5349.2000,5350.0000,2,7,1,2,2,1,3,6,1,4
SF,IC2003,2020-01-03 10:50:39.400,5346.8000,53636,-1,5358105040.000,1,0,1,双平,S,5346.8000,5346.4000,5346.2000,5346.0000,5345.8000,5347.8000,5348.0000,5349.2000,5350.0000,5350.8000,6,1,1,5,1,3,6,1,4,3
SF,IC2003,2020-01-03 10:50:39.900,5347.8000,53639,3,5361313720.000,3,3,0,双开,S,5346.8000,5346.0000,5345.8000,5344.4000,5344.2000,5347.6000,5348.0000,5349.2000,5350.0000,5350.8000,4,5,1,2,2,2,6,1,4,3
SF,IC2003,2020-01-03 10:50:40.400,5347.6000,53639,0,5363452760.000,2,1,1,多换,S,5347.6000,5346.8000,5346.0000,5345.8000,5344.4000,5348.0000,5349.2000,5350.0000,5350.8000,5351.6000,1,2,5,1,2,6,1,4,3,2
SF,IC2003,2020-01-03 10:50:40.900,5348.0000,53638,-1,5366661480.000,3,1,2,多平,S,5347.6000,5346.8000,5346.0000,5345.8000,5344.4000,5348.0000,5349.2000,5350.0000,5350.8000,5351.6000,1,2,5,1,2,4,1,4,3,2
SF,IC2003,2020-01-03 10:50:41.400,5348.0000,53638,0,5366661480.000,0,-,-,-,-,5347.6000,5346.8000,5346.0000,5344.4000,5344.2000,5348.0000,5349.2000,5350.0000,5350.8000,5351.6000,1,2,3,2,2,4,1,4,3,2
SF,IC2003,2020-01-03 10:50:41.900,5347.6000,53638,0,5367731000.000,1,0,1,多换,S,5346.8000,5346.0000,5344.4000,5344.2000,5344.0000,5347.4000,5347.6000,5347.8000,5348.0000,5349.2000,2,3,2,2,1,1,2,1,4,1
SF,IC2003,2020-01-03 10:50:42.400,5346.8000,53638,0,5368800360.000,1,0,1,多换,S,5346.0000,5344.4000,5344.2000,5344.0000,5343.8000,5347.4000,5347.6000,5347.8000,5348.0000,5349.2000,3,1,2,1,1,2,2,1,4,1
SF,IC2003,2020-01-03 10:50:42.900,5346.8000,53638,0,5368800360.000,0,-,-,-,-,5346.0000,5345.8000,5344.4000,5344.2000,5344.0000,5347.2000,5347.4000,5347.6000,5347.8000,5348.0000,1,1,1,2,1,1,1,2,1,4
SF,IC2003,2020-01-03 10:50:43.400,5346.8000,53638,0,5368800360.000,0,-,-,-,-,5346.0000,5345.8000,5344.4000,5344.2000,5344.0000,5347.0000,5347.2000,5347.4000,5347.6000,5347.8000,1,1,1,2,1,1,2,1,2,1
SF,IC2003,2020-01-03 10:50:44.400,5346.8000,53638,0,5368800360.000,0,-,-,-,-,5346.0000,5345.8000,5344.4000,5344.2000,5344.0000,5347.0000,5347.2000,5347.4000,5347.6000,5347.8000,1,1,2,2,1,1,2,1,2,1
SF,IC2003,2020-01-03 10:50:44.900,5346.8000,53638,0,5368800360.000,0,-,-,-,-,5346.0000,5345.8000,5344.4000,5344.2000,5344.0000,5347.0000,5347.2000,5347.4000,5347.6000,5347.8000,1,1,2,2,1,1,1,1,2,1
SF,IC2003,2020-01-03 10:50:45.400,5346.0000,53639,1,5369869560.000,1,1,0,双开,S,5345.8000,5344.4000,5344.2000,5344.0000,5343.8000,5347.2000,5347.4000,5347.6000,5347.8000,5348.0000,1,2,2,1,1,1,1,2,1,4
SF,IC2003,2020-01-03 10:50:45.900,5345.8000,53640,1,5370938720.000,1,1,0,双开,S,5344.4000,5344.2000,5344.0000,5343.8000,5342.6000,5347.0000,5347.2000,5347.4000,5347.6000,5347.8000,2,2,1,1,1,2,2,1,2,1
SF,IC2003,2020-01-03 10:50:46.400,5346.6000,53638,-2,5373077360.000,2,0,2,双平,S,5345.8000,5344.6000,5344.4000,5344.2000,5344.0000,5346.8000,5347.0000,5347.2000,5347.6000,5347.8000,1,2,2,2,1,2,2,1,2,1
SF,IC2003,2020-01-03 10:50:46.900,5346.6000,53638,0,5373077360.000,0,-,-,-,-,5345.8000,5344.6000,5344.4000,5344.2000,5344.0000,5346.8000,5347.0000,5347.2000,5347.6000,5347.8000,1,2,2,2,1,3,1,1,2,1
SF,IC2003,2020-01-03 10:50:47.400,5346.6000,53638,0,5373077360.000,0,-,-,-,-,5345.8000,5344.6000,5344.4000,5344.2000,5344.0000,5346.8000,5347.0000,5347.2000,5347.6000,5347.8000,1,2,2,2,1,1,1,1,2,1
SF,IC2003,2020-01-03 10:50:47.900,5346.6000,53638,0,5373077360.000,0,-,-,-,-,5346.0000,5345.8000,5344.4000,5344.2000,5344.0000,5346.8000,5347.2000,5347.6000,5347.8000,5348.0000,2,2,2,2,1,2,1,2,1,4
SF,IC2003,2020-01-03 10:50:48.400,5346.8000,53637,-1,5375216080.000,2,0,2,多平,S,5346.8000,5346.0000,5345.8000,5344.4000,5344.2000,5347.2000,5347.6000,5347.8000,5348.0000,5349.2000,1,2,2,2,2,1,2,1,4,1
SF,IC2003,2020-01-03 10:50:48.900,5346.8000,53637,0,5375216080.000,0,-,-,-,-,5346.0000,5345.8000,5344.4000,5344.2000,5344.0000,5347.8000,5348.0000,5349.2000,5349.4000,5349.6000,2,2,2,2,1,1,4,1,1,2
SF,IC2003,2020-01-03 10:50:49.400,5346.8000,53637,0,5375216080.000,0,-,-,-,-,5346.4000,5346.0000,5345.8000,5344.4000,5344.2000,5347.4000,5347.6000,5347.8000,5348.0000,5349.2000,2,2,2,3,2,1,3,1,4,1
SF,IC2003,2020-01-03 10:50:49.900,5346.8000,53637,0,5375216080.000,0,-,-,-,-,5346.0000,5345.8000,5344.4000,5344.2000,5344.0000,5347.4000,5347.6000,5347.8000,5348.0000,5349.2000,2,2,3,3,1,1,2,1,4,1
SF,IC2003,2020-01-03 10:50:50.400,5346.8000,53637,0,5375216080.000,0,-,-,-,-,5346.0000,5345.8000,5344.4000,5344.2000,5344.0000,5347.4000,5347.6000,5347.8000,5348.0000,5349.2000,2,2,2,3,1,2,2,1,4,1
SF,IC2003,2020-01-03 10:50:50.900,5346.8000,53637,0,5375216080.000,0,-,-,-,-,5346.0000,5345.8000,5344.4000,5344.2000,5344.0000,5347.2000,5347.4000,5347.6000,5347.8000,5348.0000,2,2,2,3,1,3,1,1,1,4
SF,IC2003,2020-01-03 10:50:51.400,5346.8000,53637,0,5375216080.000,0,-,-,-,-,5346.0000,5345.8000,5344.4000,5344.2000,5344.0000,5347.0000,5347.2000,5347.4000,5347.6000,5347.8000,2,2,2,3,1,1,3,1,1,1
SF,IC2003,2020-01-03 10:50:51.900,5346.8000,53637,0,5375216080.000,0,-,-,-,-,5346.0000,5345.8000,5344.4000,5344.2000,5344.0000,5346.8000,5347.0000,5347.2000,5347.4000,5347.6000,2,2,2,3,1,1,1,2,1,1
SF,IC2003,2020-01-03 10:50:52.400,5346.8000,53637,0,5375216080.000,0,-,-,-,-,5346.0000,5345.8000,5344.4000,5344.2000,5344.0000,5346.8000,5347.0000,5347.2000,5347.4000,5347.6000,2,2,2,3,1,2,1,2,1,1
SF,IC2003,2020-01-03 10:50:52.900,5346.8000,53637,0,5375216080.000,0,-,-,-,-,5346.0000,5345.8000,5344.4000,5344.2000,5344.0000,5346.6000,5346.8000,5347.0000,5347.2000,5347.4000,2,2,2,3,1,1,1,1,1,1
SF,IC2003,2020-01-03 10:50:53.400,5346.8000,53637,0,5375216080.000,0,-,-,-,-,5346.0000,5345.8000,5344.4000,5344.2000,5344.0000,5346.4000,5346.6000,5347.0000,5347.2000,5347.4000,2,2,2,3,1,1,1,1,1,1
SF,IC2003,2020-01-03 10:50:53.900,5346.4000,53637,0,5376285360.000,1,0,1,多换,S,5346.0000,5345.8000,5344.4000,5344.2000,5344.0000,5346.6000,5347.0000,5347.2000,5347.4000,5347.6000,2,2,2,3,1,1,1,1,1,1
SF,IC2003,2020-01-03 10:50:54.400,5346.4000,53637,0,5376285360.000,0,-,-,-,-,5346.0000,5345.8000,5345.2000,5344.4000,5344.2000,5346.6000,5347.0000,5347.2000,5347.4000,5347.6000,2,2,1,2,3,1,1,1,1,1
SF,IC2003,2020-01-03 10:50:54.900,5346.4000,53637,0,5376285360.000,0,-,-,-,-,5346.0000,5345.8000,5345.2000,5345.0000,5344.4000,5347.0000,5347.2000,5347.4000,5347.6000,5348.0000,2,2,1,1,2,1,1,1,2,4
SF,IC2003,2020-01-03 10:50:55.400,5346.4000,53637,0,5376285360.000,0,-,-,-,-,5346.0000,5345.8000,5345.2000,5345.0000,5344.4000,5347.2000,5347.4000,5347.6000,5348.0000,5349.2000,2,3,1,1,2,1,1,2,4,1
SF,IC2003,2020-01-03 10:50:55.900,5346.4000,53637,0,5376285360.000,0,-,-,-,-,5346.0000,5345.8000,5345.2000,5345.0000,5344.4000,5347.4000,5347.6000,5348.0000,5349.2000,5349.4000,2,3,2,1,2,1,2,4,1,1
SF,IC2003,2020-01-03 10:50:56.900,5346.4000,53637,0,5376285360.000,0,-,-,-,-,5346.0000,5345.8000,5345.2000,5345.0000,5344.4000,5347.6000,5348.0000,5349.2000,5349.4000,5349.6000,2,3,2,1,2,2,4,1,1,2
SF,IC2003,2020-01-03 10:50:57.900,5346.4000,53637,0,5376285360.000,0,-,-,-,-,5346.0000,5345.8000,5345.2000,5345.0000,5344.4000,5347.2000,5347.4000,5347.6000,5348.0000,5349.2000,2,3,2,1,2,2,1,2,4,1
SF,IC2003,2020-01-03 10:50:58.400,5346.4000,53637,0,5376285360.000,0,-,-,-,-,5346.0000,5345.8000,5345.2000,5345.0000,5344.4000,5347.2000,5347.4000,5347.6000,5348.0000,5349.2000,2,3,2,1,2,2,1,2,4,1
SF,IC2003,2020-01-03 10:50:58.900,5346.4000,53637,0,5376285360.000,0,-,-,-,-,5346.0000,5345.8000,5345.2000,5345.0000,5344.4000,5347.0000,5347.2000,5347.4000,5347.6000,5348.0000,2,3,2,1,2,2,2,1,2,4
SF,IC2003,2020-01-03 10:50:59.400,5346.4000,53637,0,5376285360.000,0,-,-,-,-,5346.0000,5345.8000,5345.2000,5345.0000,5344.4000,5347.0000,5347.2000,5347.4000,5347.6000,5348.0000,2,3,2,1,2,2,1,1,2,4
SF,IC2003,2020-01-03 10:50:59.900,5346.4000,53637,0,5376285360.000,0,-,-,-,-,5346.0000,5345.8000,5345.2000,5345.0000,5344.4000,5346.2000,5347.0000,5347.2000,5347.4000,5347.6000,2,3,2,1,2,1,1,1,1,2
SF,IC2003,2020-01-03 10:51:00.400,5346.2000,53637,0,5377354600.000,1,0,1,多换,S,5346.0000,5345.8000,5345.2000,5345.0000,5344.4000,5347.0000,5347.2000,5347.4000,5347.6000,5348.0000,2,3,2,1,2,1,1,1,2,4
SF,IC2003,2020-01-03 10:51:00.900,5346.2000,53637,0,5377354600.000,0,-,-,-,-,5346.0000,5345.8000,5345.2000,5345.0000,5344.4000,5347.0000,5347.2000,5347.6000,5348.0000,5349.2000,2,3,2,1,2,1,1,2,4,1
SF,IC2003,2020-01-03 10:51:01.900,5347.0000,53637,0,5378424000.000,1,0,1,多换,S,5346.0000,5345.8000,5345.2000,5345.0000,5344.4000,5346.8000,5347.2000,5347.6000,5348.0000,5349.2000,2,2,2,1,2,1,1,2,4,1
SF,IC2003,2020-01-03 10:51:02.400,5347.0000,53637,0,5378424000.000,0,-,-,-,-,5346.2000,5346.0000,5345.8000,5345.2000,5345.0000,5346.6000,5346.8000,5347.2000,5347.6000,5348.0000,1,2,2,2,1,1,1,1,2,4
SF,IC2003,2020-01-03 10:51:02.900,5347.0000,53637,0,5378424000.000,0,-,-,-,-,5346.2000,5346.0000,5345.8000,5345.2000,5345.0000,5346.6000,5346.8000,5347.2000,5347.6000,5348.0000,2,2,2,2,1,1,1,1,2,4
SF,IC2003,2020-01-03 10:51:03.400,5346.2000,53638,1,5379493240.000,1,1,0,双开,S,5346.2000,5345.8000,5345.2000,5345.0000,5344.4000,5346.6000,5346.8000,5347.2000,5347.6000,5348.0000,1,2,2,1,2,1,1,1,2,4
SF,IC2003,2020-01-03 10:51:04.400,5346.2000,53638,0,5379493240.000,0,-,-,-,-,5346.2000,5345.8000,5345.2000,5345.0000,5344.4000,5346.4000,5346.6000,5346.8000,5347.2000,5347.6000,1,2,2,1,2,1,1,1,1,2
SF,IC2003,2020-01-03 10:51:04.900,5346.4000,53637,-1,5380562520.000,1,0,1,双平,S,5346.2000,5345.8000,5345.2000,5345.0000,5344.4000,5346.6000,5346.8000,5347.2000,5347.6000,5348.0000,1,2,2,1,2,1,1,1,2,4
SF,IC2003,2020-01-03 10:51:05.400,5346.4000,53637,0,5380562520.000,0,-,-,-,-,5346.2000,5345.8000,5345.2000,5345.0000,5344.4000,5346.6000,5346.8000,5347.6000,5348.0000,5349.2000,1,2,2,1,2,1,1,2,4,1
SF,IC2003,2020-01-03 10:51:06.400,5346.6000,53637,0,5381631840.000,1,0,1,多换,S,5346.4000,5346.2000,5345.8000,5345.2000,5345.0000,5346.8000,5347.6000,5348.0000,5349.2000,5349.4000,1,1,2,2,1,1,1,4,1,1
SF,IC2003,2020-01-03 10:51:07.400,5346.6000,53637,0,5381631840.000,0,-,-,-,-,5346.4000,5346.2000,5345.8000,5345.2000,5345.0000,5346.8000,5347.6000,5348.0000,5349.2000,5349.4000,2,1,2,2,1,1,1,4,1,1
SF,IC2003,2020-01-03 10:51:07.900,5346.6000,53637,0,5381631840.000,0,-,-,-,-,5346.6000,5346.4000,5346.2000,5345.8000,5345.2000,5346.8000,5347.6000,5348.0000,5349.2000,5349.4000,2,2,1,2,2,1,1,4,1,1
SF,IC2003,2020-01-03 10:51:08.400,5346.8000,53637,0,5382701200.000,1,0,1,多换,S,5346.8000,5346.6000,5346.4000,5346.2000,5345.8000,5347.6000,5348.0000,5349.2000,5349.4000,5349.6000,1,2,2,1,2,1,4,1,1,2
SF,IC2003,2020-01-03 10:51:09.900,5346.8000,53637,0,5382701200.000,0,-,-,-,-,5346.8000,5346.6000,5346.4000,5346.2000,5345.8000,5347.6000,5348.0000,5349.2000,5349.4000,5349.6000,1,2,2,1,2,1,4,1,1,2
SF,IC2003,2020-01-03 10:51:10.400,5346.8000,53637,0,5382701200.000,0,-,-,-,-,5347.0000,5346.8000,5346.4000,5346.2000,5345.8000,5347.6000,5348.0000,5349.2000,5349.4000,5349.6000,2,1,2,2,2,1,4,1,1,2
SF,IC2003,2020-01-03 10:51:13.400,5347.6000,53637,0,5383770720.000,1,0,1,多换,S,5347.6000,5347.0000,5346.8000,5346.4000,5346.2000,5348.0000,5349.2000,5349.4000,5349.6000,5350.0000,1,2,1,2,2,4,1,1,2,4
SF,IC2003,2020-01-03 10:51:13.900,5347.6000,53637,0,5383770720.000,0,-,-,-,-,5347.0000,5346.8000,5346.4000,5346.2000,5345.8000,5347.8000,5348.0000,5349.2000,5349.4000,5349.6000,2,1,2,2,2,1,4,1,1,2
SF,IC2003,2020-01-03 10:51:14.400,5347.6000,53637,0,5383770720.000,0,-,-,-,-,5347.0000,5346.4000,5346.2000,5345.8000,5345.2000,5347.8000,5348.0000,5349.0000,5349.2000,5349.4000,2,2,2,2,2,1,4,1,1,1
SF,IC2003,2020-01-03 10:51:14.900,5347.6000,53637,0,5383770720.000,0,-,-,-,-,5347.0000,5346.4000,5346.2000,5345.8000,5345.2000,5347.8000,5348.0000,5349.0000,5349.2000,5349.4000,2,2,2,1,2,1,4,1,1,1
SF,IC2003,2020-01-03 10:51:16.900,5347.6000,53637,0,5383770720.000,0,-,-,-,-,5347.0000,5346.4000,5346.2000,5345.8000,5345.2000,5347.8000,5348.0000,5349.0000,5349.2000,5349.4000,2,2,1,1,2,1,4,1,1,1
SF,IC2003,2020-01-03 10:51:17.400,5347.6000,53637,0,5383770720.000,0,-,-,-,-,5347.2000,5347.0000,5346.4000,5346.2000,5345.8000,5347.8000,5348.0000,5349.0000,5349.2000,5349.4000,1,2,1,1,1,1,4,1,1,1
SF,IC2003,2020-01-03 10:51:17.900,5347.6000,53637,0,5383770720.000,0,-,-,-,-,5347.2000,5347.0000,5346.4000,5346.2000,5345.8000,5347.6000,5347.8000,5348.0000,5349.0000,5349.2000,2,2,1,1,1,1,1,4,1,1
SF,IC2003,2020-01-03 10:51:18.400,5347.2000,53638,1,5385909600.000,2,1,1,空开,S,5347.0000,5346.4000,5346.2000,5345.8000,5345.2000,5347.8000,5348.0000,5349.0000,5349.2000,5349.4000,2,1,1,1,2,1,4,1,1,1
SF,IC2003,2020-01-03 10:51:18.900,5347.0000,53638,0,5388048400.000,2,1,1,多换,S,5346.4000,5346.2000,5345.8000,5345.2000,5345.0000,5347.4000,5347.8000,5348.0000,5349.0000,5349.2000,1,1,1,2,2,1,1,4,1,1
SF,IC2003,2020-01-03 10:51:19.400,5347.0000,53638,0,5388048400.000,0,-,-,-,-,5346.4000,5346.2000,5345.8000,5345.2000,5345.0000,5347.4000,5347.8000,5348.0000,5349.0000,5349.2000,1,1,1,2,2,1,1,4,1,1
SF,IC2003,2020-01-03 10:51:19.900,5347.0000,53638,0,5388048400.000,0,-,-,-,-,5346.4000,5346.2000,5345.8000,5345.2000,5345.0000,5347.2000,5347.4000,5347.8000,5348.0000,5349.0000,1,1,1,2,2,1,1,1,4,1
SF,IC2003,2020-01-03 10:51:20.400,5346.4000,53637,-1,5389117680.000,1,0,1,双平,S,5346.2000,5345.8000,5345.2000,5345.0000,5344.4000,5347.2000,5347.4000,5347.8000,5348.0000,5349.0000,1,1,2,2,2,1,1,1,4,1
SF,IC2003,2020-01-03 10:51:21.400,5346.4000,53637,0,5389117680.000,0,-,-,-,-,5346.2000,5345.8000,5345.2000,5345.0000,5344.4000,5347.0000,5347.2000,5347.4000,5347.8000,5348.0000,1,1,2,2,2,1,1,1,1,4
SF,IC2003,2020-01-03 10:51:21.900,5346.2000,53637,0,5390186920.000,1,0,1,多换,S,5345.8000,5345.2000,5345.0000,5344.4000,5344.2000,5347.0000,5347.2000,5347.4000,5347.8000,5348.0000,1,2,2,2,2,1,1,1,1,4
SF,IC2003,2020-01-03 10:51:22.400,5346.2000,53637,0,5390186920.000,0,-,-,-,-,5345.8000,5345.2000,5345.0000,5344.4000,5344.2000,5346.8000,5347.0000,5347.2000,5347.4000,5347.8000,1,2,2,2,2,2,3,1,1,1
SF,IC2003,2020-01-03 10:51:22.900,5346.6000,53636,-1,5392325560.000,2,0,2,多平,S,5345.8000,5345.2000,5345.0000,5344.4000,5344.2000,5346.8000,5347.0000,5347.2000,5347.8000,5348.0000,1,2,2,2,2,2,3,1,1,4
SF,IC2003,2020-01-03 10:51:23.900,5346.6000,53636,0,5392325560.000,0,-,-,-,-,5345.8000,5345.2000,5345.0000,5344.4000,5344.2000,5346.8000,5347.0000,5347.2000,5348.0000,5349.0000,1,2,2,2,2,2,3,1,4,1
SF,IC2003,2020-01-03 10:51:25.400,5346.6000,53636,0,5392325560.000,0,-,-,-,-,5345.8000,5345.2000,5345.0000,5344.4000,5344.2000,5346.8000,5347.0000,5347.2000,5348.0000,5349.0000,1,2,2,2,2,2,2,1,4,1
SF,IC2003,2020-01-03 10:51:25.900,5345.8000,53636,0,5393394720.000,1,0,1,多换,S,5345.2000,5345.0000,5344.4000,5344.2000,5343.8000,5346.4000,5346.6000,5346.8000,5347.0000,5347.2000,2,2,2,2,1,1,1,2,2,1
SF,IC2003,2020-01-03 10:51:26.400,5345.8000,53636,0,5393394720.000,0,-,-,-,-,5345.2000,5345.0000,5344.4000,5344.2000,5343.8000,5346.8000,5347.0000,5347.2000,5348.0000,5349.0000,2,2,2,2,1,2,1,1,4,1
SF,IC2003,2020-01-03 10:51:26.900,5345.8000,53636,0,5393394720.000,0,-,-,-,-,5345.2000,5345.0000,5344.4000,5344.2000,5343.8000,5345.8000,5346.0000,5346.2000,5346.4000,5346.6000,2,2,2,2,1,1,1,7,7,4
SF,IC2003,2020-01-03 10:51:27.400,5345.6000,53635,-1,5397670920.000,4,1,3,多平,S,5345.0000,5344.4000,5344.2000,5343.8000,5343.2000,5346.0000,5346.2000,5346.4000,5346.6000,5346.8000,1,2,2,1,1,1,1,2,2,2
SF,IC2003,2020-01-03 10:51:27.900,5345.6000,53635,0,5397670920.000,0,-,-,-,-,5345.0000,5344.4000,5344.2000,5343.8000,5343.2000,5345.6000,5346.0000,5346.2000,5346.4000,5346.6000,1,2,2,1,1,1,1,1,2,2
SF,IC2003,2020-01-03 10:51:28.400,5345.6000,53635,0,5397670920.000,0,-,-,-,-,5345.0000,5344.4000,5344.2000,5343.8000,5343.2000,5345.6000,5345.8000,5346.0000,5346.4000,5346.6000,1,2,2,1,1,1,1,1,1,2
SF,IC2003,2020-01-03 10:51:28.900,5345.6000,53635,0,5397670920.000,0,-,-,-,-,5345.0000,5344.4000,5344.2000,5343.8000,5343.2000,5345.6000,5346.0000,5346.6000,5346.8000,5347.2000,1,2,2,1,1,1,1,2,2,1
SF,IC2003,2020-01-03 10:51:29.900,5345.6000,53635,0,5397670920.000,0,-,-,-,-,5345.0000,5344.4000,5344.2000,5343.8000,5343.2000,5345.6000,5346.0000,5346.6000,5346.8000,5347.2000,1,2,2,1,1,1,1,1,2,1
SF,IC2003,2020-01-03 10:51:30.900,5345.6000,53635,0,5397670920.000,0,-,-,-,-,5345.0000,5344.4000,5344.2000,5343.8000,5343.2000,5345.6000,5346.0000,5346.6000,5346.8000,5347.2000,1,2,2,1,1,1,1,1,2,1
SF,IC2003,2020-01-03 10:51:31.400,5345.0000,53635,0,5399809040.000,2,1,1,多换,S,5344.4000,5344.2000,5343.8000,5343.2000,5342.4000,5346.0000,5346.6000,5346.8000,5347.2000,5348.0000,2,2,1,1,1,1,1,2,1,4
SF,IC2003,2020-01-03 10:51:31.900,5346.0000,53636,1,5400878240.000,1,1,0,双开,S,5345.0000,5344.6000,5344.4000,5344.2000,5343.8000,5346.0000,5346.6000,5346.8000,5347.2000,5348.0000,1,3,2,2,1,1,1,2,1,4
SF,IC2003,2020-01-03 10:51:32.400,5346.6000,53637,1,5403016760.000,2,1,1,空开,S,5346.2000,5346.0000,5345.0000,5344.6000,5344.4000,5347.2000,5348.0000,5349.0000,5349.2000,5349.4000,1,4,1,1,2,1,4,1,1,1
SF,IC2003,2020-01-03 10:51:32.900,5346.6000,53637,0,5403016760.000,0,-,-,-,-,5346.4000,5346.2000,5345.0000,5344.6000,5344.4000,5347.2000,5348.0000,5349.0000,5349.2000,5349.4000,2,1,1,1,2,1,4,1,1,1
SF,IC2003,2020-01-03 10:51:33.400,5346.6000,53637,0,5403016760.000,0,-,-,-,-,5346.4000,5346.2000,5345.0000,5344.6000,5344.4000,5347.2000,5347.6000,5348.0000,5349.0000,5349.2000,2,1,1,1,2,1,1,4,1,1
SF,IC2003,2020-01-03 10:51:34.400,5346.6000,53637,0,5403016760.000,0,-,-,-,-,5346.4000,5345.0000,5344.6000,5344.4000,5344.2000,5347.2000,5347.6000,5348.0000,5349.0000,5349.2000,2,1,1,2,2,1,1,4,1,1
SF,IC2003,2020-01-03 10:51:34.900,5346.6000,53637,0,5403016760.000,0,-,-,-,-,5345.0000,5344.4000,5344.2000,5343.8000,5343.2000,5346.2000,5347.2000,5347.6000,5348.0000,5349.0000,1,2,2,1,1,4,1,1,4,1
SF,IC2003,2020-01-03 10:51:35.400,5346.6000,53637,0,5403016760.000,0,-,-,-,-,5345.2000,5345.0000,5344.4000,5344.2000,5343.8000,5346.0000,5346.2000,5347.2000,5347.6000,5348.0000,2,1,2,2,1,1,4,1,1,4
SF,IC2003,2020-01-03 10:51:36.400,5346.6000,53637,0,5403016760.000,0,-,-,-,-,5345.2000,5345.0000,5344.4000,5344.2000,5343.8000,5346.0000,5346.2000,5347.2000,5347.6000,5348.0000,2,1,2,2,1,1,4,1,1,4
SF,IC2003,2020-01-03 10:51:36.900,5346.6000,53637,0,5403016760.000,0,-,-,-,-,5345.2000,5345.0000,5344.4000,5344.2000,5343.8000,5346.0000,5346.2000,5347.2000,5347.6000,5348.0000,2,1,2,2,1,1,4,1,1,4
SF,IC2003,2020-01-03 10:51:37.900,5346.0000,53636,-1,5404085960.000,1,0,1,双平,S,5345.2000,5345.0000,5344.4000,5344.2000,5343.8000,5346.2000,5347.2000,5347.6000,5348.0000,5349.0000,2,1,2,2,1,4,1,1,4,1
SF,IC2003,2020-01-03 10:51:40.400,5346.0000,53636,0,5404085960.000,0,-,-,-,-,5345.2000,5345.0000,5344.4000,5344.2000,5343.8000,5346.0000,5346.2000,5347.2000,5347.6000,5348.0000,2,1,2,2,1,1,4,1,1,4
SF,IC2003,2020-01-03 10:51:40.900,5346.0000,53636,0,5404085960.000,0,-,-,-,-,5345.2000,5345.0000,5344.4000,5344.2000,5343.8000,5346.0000,5346.2000,5347.2000,5347.6000,5348.0000,2,1,2,2,1,1,4,1,1,4
SF,IC2003,2020-01-03 10:51:41.400,5346.0000,53636,0,5404085960.000,0,-,-,-,-,5345.2000,5345.0000,5344.4000,5344.2000,5343.8000,5345.6000,5346.0000,5346.2000,5347.2000,5347.6000,2,1,2,2,1,2,1,4,1,1
SF,IC2003,2020-01-03 10:51:42.400,5346.0000,53636,0,5404085960.000,0,-,-,-,-,5345.2000,5345.0000,5344.4000,5344.2000,5343.8000,5345.6000,5346.0000,5347.2000,5347.6000,5348.0000,2,1,2,2,1,2,1,1,1,4
SF,IC2003,2020-01-03 10:51:42.900,5346.0000,53635,-1,5407293400.000,3,1,2,多平,S,5345.2000,5345.0000,5344.4000,5344.2000,5343.8000,5347.2000,5347.6000,5348.0000,5349.0000,5349.2000,2,1,2,2,1,1,1,4,1,1
SF,IC2003,2020-01-03 10:51:43.400,5346.0000,53635,0,5407293400.000,0,-,-,-,-,5345.2000,5345.0000,5344.4000,5344.2000,5343.8000,5346.6000,5347.0000,5347.2000,5347.6000,5348.0000,2,1,2,2,1,1,2,1,1,4
SF,IC2003,2020-01-03 10:51:43.900,5346.0000,53635,0,5407293400.000,0,-,-,-,-,5345.2000,5345.0000,5344.4000,5344.2000,5343.8000,5346.6000,5347.0000,5347.2000,5348.0000,5349.0000,2,1,2,2,1,1,2,1,4,1
SF,IC2003,2020-01-03 10:51:44.400,5346.0000,53635,0,5407293400.000,0,-,-,-,-,5345.4000,5345.2000,5345.0000,5344.4000,5344.2000,5346.8000,5347.2000,5348.0000,5349.0000,5349.2000,1,2,1,2,2,1,1,4,1,1
SF,IC2003,2020-01-03 10:51:44.900,5346.0000,53635,0,5407293400.000,0,-,-,-,-,5345.6000,5345.4000,5345.0000,5344.4000,5344.2000,5347.2000,5348.0000,5349.0000,5349.2000,5349.4000,2,1,1,2,2,1,4,1,1,1
SF,IC2003,2020-01-03 10:51:45.400,5346.0000,53635,0,5407293400.000,0,-,-,-,-,5345.6000,5345.4000,5345.0000,5344.4000,5344.2000,5347.0000,5347.2000,5347.6000,5348.0000,5349.0000,2,1,1,2,2,2,1,1,4,1
SF,IC2003,2020-01-03 10:51:45.900,5346.0000,53635,0,5407293400.000,0,-,-,-,-,5345.4000,5345.0000,5344.4000,5344.2000,5343.8000,5347.0000,5347.2000,5347.6000,5348.0000,5349.0000,1,1,2,2,1,2,1,1,4,1
SF,IC2003,2020-01-03 10:51:46.400,5346.0000,53635,0,5407293400.000,0,-,-,-,-,5345.0000,5344.4000,5344.2000,5343.8000,5343.2000,5346.6000,5347.0000,5347.2000,5348.0000,5349.0000,1,2,2,1,1,2,2,1,4,1
SF,IC2003,2020-01-03 10:51:46.900,5346.0000,53635,0,5407293400.000,0,-,-,-,-,5345.2000,5345.0000,5344.4000,5344.2000,5343.8000,5346.4000,5346.6000,5347.2000,5348.0000,5349.0000,2,1,2,2,1,3,3,1,4,1
SF,IC2003,2020-01-03 10:51:47.400,5346.0000,53635,0,5407293400.000,0,-,-,-,-,5345.4000,5345.2000,5345.0000,5344.4000,5344.2000,5346.4000,5346.6000,5348.0000,5349.0000,5349.2000,1,2,1,2,2,2,3,4,1,1
SF,IC2003,2020-01-03 10:51:47.900,5346.0000,53635,0,5407293400.000,0,-,-,-,-,5345.4000,5345.2000,5345.0000,5344.4000,5344.2000,5346.4000,5346.6000,5348.0000,5349.0000,5349.2000,1,2,2,2,2,3,2,4,1,1
SF,IC2003,2020-01-03 10:51:50.400,5346.0000,53635,0,5407293400.000,0,-,-,-,-,5345.2000,5345.0000,5344.4000,5344.2000,5343.8000,5346.4000,5346.6000,5348.0000,5349.0000,5349.2000,2,2,2,2,1,3,2,4,1,1
SF,IC2003,2020-01-03 10:51:51.400,5345.2000,53634,-1,5408362440.000,1,0,1,双平,S,5345.2000,5345.0000,5344.4000,5344.2000,5343.8000,5346.4000,5346.6000,5348.0000,5349.0000,5349.2000,1,2,2,2,1,3,2,4,1,1
SF,IC2003,2020-01-03 10:51:51.900,5345.2000,53634,0,5408362440.000,0,-,-,-,-,5345.2000,5345.0000,5344.4000,5344.2000,5343.8000,5346.4000,5346.6000,5348.0000,5349.0000,5349.2000,1,2,2,2,1,1,1,4,1,1
SF,IC2003,2020-01-03 10:51:52.400,5345.2000,53633,-1,5409431480.000,1,0,1,双平,S,5345.0000,5344.4000,5344.2000,5343.8000,5343.2000,5346.4000,5348.0000,5349.0000,5349.2000,5349.4000,2,2,2,1,1,1,4,1,1,1
SF,IC2003,2020-01-03 10:51:52.900,5345.2000,53633,0,5409431480.000,0,-,-,-,-,5345.4000,5345.2000,5345.0000,5344.4000,5344.2000,5346.4000,5347.0000,5348.0000,5349.0000,5349.2000,1,2,2,2,2,1,1,4,1,1
SF,IC2003,2020-01-03 10:51:53.400,5345.2000,53633,0,5409431480.000,0,-,-,-,-,5345.4000,5345.2000,5345.0000,5344.4000,5344.2000,5346.4000,5348.0000,5349.0000,5349.2000,5349.4000,1,2,2,2,2,1,4,1,1,1
SF,IC2003,2020-01-03 10:51:53.900,5345.2000,53633,0,5410500520.000,1,0,1,多换,S,5345.2000,5345.0000,5344.4000,5344.2000,5343.8000,5346.4000,5347.4000,5348.0000,5349.0000,5349.2000,2,2,2,2,1,1,1,4,1,1
SF,IC2003,2020-01-03 10:51:54.400,5345.2000,53633,0,5410500520.000,0,-,-,-,-,5345.2000,5345.0000,5344.4000,5344.2000,5343.8000,5345.4000,5346.4000,5347.4000,5348.0000,5349.0000,2,2,2,2,1,1,1,1,4,1
SF,IC2003,2020-01-03 10:51:54.900,5345.4000,53632,-1,5411569600.000,1,0,1,双平,S,5345.6000,5345.4000,5345.2000,5345.0000,5344.4000,5346.4000,5347.4000,5348.0000,5349.0000,5349.2000,5,7,2,2,2,1,1,4,1,1
SF,IC2003,2020-01-03 10:51:55.400,5345.8000,53630,-2,5413708040.000,2,0,2,双平,S,5345.6000,5345.4000,5345.2000,5345.0000,5344.4000,5348.0000,5349.0000,5349.2000,5349.4000,5349.6000,1,6,2,2,2,4,1,1,1,3
SF,IC2003,2020-01-03 10:51:55.900,5345.8000,53630,0,5413708040.000,0,-,-,-,-,5345.8000,5345.6000,5345.4000,5345.0000,5344.4000,5347.6000,5347.8000,5348.0000,5349.0000,5349.2000,2,1,6,2,2,1,2,4,1,1
SF,IC2003,2020-01-03 10:51:56.400,5345.8000,53630,0,5413708040.000,0,-,-,-,-,5345.4000,5345.0000,5344.4000,5344.2000,5343.8000,5347.4000,5347.6000,5348.0000,5349.0000,5349.2000,6,2,2,2,1,2,2,4,1,1
SF,IC2003,2020-01-03 10:51:56.900,5345.8000,53630,0,5413708040.000,0,-,-,-,-,5345.4000,5345.0000,5344.4000,5344.2000,5343.8000,5347.4000,5347.6000,5348.0000,5349.0000,5349.2000,6,3,2,2,1,2,1,4,1,1
SF,IC2003,2020-01-03 10:51:57.400,5345.8000,53630,0,5413708040.000,0,-,-,-,-,5345.6000,5345.4000,5345.0000,5344.8000,5344.4000,5347.4000,5347.6000,5348.0000,5349.0000,5349.2000,2,7,3,1,2,2,1,4,1,1
SF,IC2003,2020-01-03 10:51:57.900,5345.8000,53630,0,5413708040.000,0,-,-,-,-,5345.4000,5345.0000,5344.8000,5344.4000,5344.2000,5347.4000,5347.6000,5348.0000,5349.0000,5349.2000,7,3,1,2,2,2,1,4,1,1
SF,IC2003,2020-01-03 10:51:58.400,5345.8000,53630,0,5413708040.000,0,-,-,-,-,5345.6000,5345.4000,5345.0000,5344.8000,5344.4000,5347.4000,5347.6000,5348.0000,5349.0000,5349.2000,2,7,3,1,2,2,1,4,1,1
SF,IC2003,2020-01-03 10:51:58.900,5345.8000,53630,0,5413708040.000,0,-,-,-,-,5346.6000,5345.4000,5345.0000,5344.8000,5344.4000,5347.4000,5347.6000,5348.0000,5349.0000,5349.2000,1,7,3,1,2,2,1,4,1,1
SF,IC2003,2020-01-03 10:51:59.400,5346.6000,53630,0,5414777360.000,1,0,1,多换,S,5345.4000,5345.0000,5344.8000,5344.4000,5344.2000,5346.6000,5347.4000,5347.6000,5348.0000,5349.0000,7,3,1,2,2,2,2,1,4,1
SF,IC2003,2020-01-03 10:51:59.900,5346.6000,53630,0,5414777360.000,0,-,-,-,-,5345.4000,5345.0000,5344.8000,5344.4000,5344.2000,5346.6000,5347.4000,5348.0000,5349.0000,5349.2000,7,3,1,2,2,2,2,4,1,1
SF,IC2003,2020-01-03 10:52:00.400,5346.6000,53630,0,5414777360.000,0,-,-,-,-,5345.4000,5345.0000,5344.8000,5344.4000,5344.2000,5346.4000,5346.6000,5348.0000,5349.0000,5349.2000,6,3,1,2,2,2,2,4,1,1
SF,IC2003,2020-01-03 10:52:00.900,5346.6000,53629,-1,5415846680.000,1,0,1,双平,S,5345.4000,5345.0000,5344.8000,5344.4000,5344.2000,5346.4000,5346.6000,5348.0000,5349.0000,5349.2000,5,3,1,2,2,1,2,4,1,1
SF,IC2003,2020-01-03 10:52:01.400,5346.6000,53629,0,5415846680.000,0,-,-,-,-,5345.6000,5345.4000,5345.0000,5344.8000,5344.4000,5346.4000,5346.6000,5348.0000,5349.0000,5349.2000,1,5,3,1,2,1,2,4,1,1
SF,IC2003,2020-01-03 10:52:01.900,5346.6000,53629,0,5415846680.000,0,-,-,-,-,5345.6000,5345.4000,5345.0000,5344.4000,5344.2000,5346.4000,5346.6000,5348.0000,5349.0000,5349.2000,1,1,3,2,2,1,2,4,1,1
SF,IC2003,2020-01-03 10:52:02.400,5345.6000,53629,0,5416915800.000,1,0,1,多换,S,5345.4000,5345.0000,5344.4000,5344.2000,5343.8000,5346.4000,5346.6000,5348.0000,5349.0000,5349.2000,1,3,2,2,1,1,2,4,1,1
SF,IC2003,2020-01-03 10:52:02.900,5346.2000,53628,-1,5417985040.000,1,0,1,双平,S,5345.4000,5345.0000,5344.4000,5344.2000,5343.8000,5346.4000,5346.6000,5348.0000,5349.0000,5349.2000,1,3,2,2,1,1,2,4,1,1
SF,IC2003,2020-01-03 10:52:04.400,5345.4000,53628,0,5419054120.000,1,0,1,多换,S,5345.0000,5344.4000,5344.2000,5343.8000,5343.2000,5346.4000,5346.6000,5348.0000,5349.0000,5349.2000,3,2,2,1,1,1,2,4,1,1
SF,IC2003,2020-01-03 10:52:04.900,5345.4000,53628,0,5419054120.000,0,-,-,-,-,5345.0000,5344.4000,5344.2000,5343.8000,5343.2000,5345.8000,5346.0000,5346.2000,5346.4000,5348.0000,3,2,2,1,1,1,1,1,1,4
SF,IC2003,2020-01-03 10:52:05.400,5345.4000,53628,0,5419054120.000,0,-,-,-,-,5345.0000,5344.4000,5344.2000,5343.8000,5343.2000,5345.8000,5346.0000,5346.2000,5346.4000,5348.0000,3,2,2,1,1,1,1,1,1,4
SF,IC2003,2020-01-03 10:52:05.900,5345.6000,53627,-1,5420123240.000,1,0,1,双平,S,5345.0000,5344.4000,5344.2000,5343.8000,5343.2000,5345.8000,5346.0000,5346.2000,5346.4000,5348.0000,3,2,2,1,1,1,1,1,1,4
SF,IC2003,2020-01-03 10:52:06.400,5345.0000,53627,0,5421192240.000,1,0,1,多换,S,5345.0000,5344.4000,5344.2000,5343.8000,5343.2000,5345.8000,5346.0000,5346.2000,5346.4000,5348.0000,2,2,2,1,1,1,1,1,1,4
SF,IC2003,2020-01-03 10:52:06.900,5345.0000,53627,0,5421192240.000,0,-,-,-,-,5345.0000,5344.4000,5344.2000,5343.8000,5343.2000,5345.6000,5345.8000,5346.0000,5346.2000,5348.0000,2,2,2,1,1,2,1,1,1,4
SF,IC2003,2020-01-03 10:52:07.400,5345.6000,53626,-1,5422261360.000,1,0,1,双平,S,5345.0000,5344.4000,5344.2000,5343.8000,5343.2000,5345.6000,5345.8000,5346.0000,5346.2000,5348.0000,2,2,2,1,1,1,1,1,1,4
SF,IC2003,2020-01-03 10:52:07.900,5345.0000,53626,0,5424399360.000,2,1,1,多换,S,5344.4000,5344.2000,5343.8000,5343.2000,5342.4000,5345.6000,5345.8000,5346.0000,5346.2000,5348.0000,2,2,1,1,1,1,1,1,1,4
SF,IC2003,2020-01-03 10:52:08.400,5345.0000,53626,0,5424399360.000,0,-,-,-,-,5344.4000,5344.2000,5343.8000,5343.2000,5342.4000,5345.4000,5345.6000,5345.8000,5346.0000,5346.2000,2,2,1,1,1,1,1,1,1,1
SF,IC2003,2020-01-03 10:52:11.900,5345.0000,53626,0,5424399360.000,0,-,-,-,-,5344.4000,5344.2000,5343.8000,5343.2000,5342.4000,5345.4000,5345.6000,5345.8000,5346.2000,5348.0000,2,2,1,1,1,1,1,1,1,4
SF,IC2003,2020-01-03 10:52:12.900,5345.0000,53626,0,5424399360.000,0,-,-,-,-,5345.0000,5344.4000,5344.2000,5343.8000,5343.2000,5345.4000,5345.6000,5345.8000,5346.2000,5348.0000,1,2,2,1,1,1,1,1,1,4
SF,IC2003,2020-01-03 10:52:13.400,5345.0000,53625,-1,5425468360.000,1,0,1,双平,S,5344.4000,5344.2000,5343.8000,5343.2000,5342.4000,5345.4000,5345.6000,5345.8000,5346.2000,5348.0000,2,2,1,1,1,1,1,1,1,4
SF,IC2003,2020-01-03 10:52:15.400,5345.0000,53625,0,5425468360.000,0,-,-,-,-,5344.4000,5344.2000,5343.8000,5343.2000,5342.4000,5345.4000,5345.6000,5345.8000,5346.2000,5348.0000,2,2,1,1,1,1,1,1,1,4
SF,IC2003,2020-01-03 10:52:16.900,5345.0000,53625,0,5425468360.000,0,-,-,-,-,5344.4000,5344.2000,5343.8000,5343.2000,5342.4000,5345.4000,5345.6000,5345.8000,5346.2000,5348.0000,2,2,1,1,1,1,1,1,1,4
SF,IC2003,2020-01-03 10:52:17.900,5345.0000,53625,0,5425468360.000,0,-,-,-,-,5344.6000,5344.4000,5344.2000,5343.8000,5343.2000,5345.4000,5345.6000,5345.8000,5346.2000,5348.0000,1,2,2,1,1,1,1,1,1,4
SF,IC2003,2020-01-03 10:52:20.400,5345.0000,53625,0,5425468360.000,0,-,-,-,-,5345.0000,5344.6000,5344.4000,5344.2000,5343.8000,5345.4000,5345.6000,5345.8000,5346.2000,5348.0000,1,1,2,2,1,1,1,1,1,4
SF,IC2003,2020-01-03 10:52:20.900,5345.0000,53625,0,5425468360.000,0,-,-,-,-,5345.0000,5344.4000,5344.2000,5343.8000,5343.2000,5345.4000,5345.6000,5345.8000,5346.2000,5348.0000,1,2,2,1,1,1,1,1,1,4
SF,IC2003,2020-01-03 10:52:21.900,5345.0000,53625,0,5425468360.000,0,-,-,-,-,5345.0000,5344.4000,5344.2000,5343.8000,5343.2000,5345.4000,5345.6000,5345.8000,5346.2000,5348.0000,1,2,2,1,1,1,1,1,1,4
SF,IC2003,2020-01-03 10:52:22.900,5345.0000,53625,0,5425468360.000,0,-,-,-,-,5345.0000,5344.4000,5344.2000,5343.8000,5343.2000,5345.4000,5345.6000,5345.8000,5346.2000,5346.6000,1,2,2,1,1,1,1,1,1,1
SF,IC2003,2020-01-03 10:52:23.900,5345.0000,53625,0,5425468360.000,0,-,-,-,-,5345.0000,5344.4000,5344.2000,5343.8000,5343.2000,5345.4000,5345.6000,5345.8000,5346.6000,5348.0000,1,2,2,1,1,1,1,1,1,4
SF,IC2003,2020-01-03 10:52:24.400,5345.6000,53625,0,5427606560.000,2,1,1,多换,S,5345.0000,5344.6000,5344.4000,5344.2000,5343.8000,5345.8000,5346.6000,5348.0000,5349.0000,5349.2000,1,1,2,2,1,1,1,4,1,1
SF,IC2003,2020-01-03 10:52:24.900,5345.6000,53625,0,5427606560.000,0,-,-,-,-,5345.0000,5344.6000,5344.4000,5344.2000,5343.8000,5346.6000,5348.0000,5349.0000,5349.2000,5349.4000,1,1,2,2,1,1,4,1,1,1
SF,IC2003,2020-01-03 10:52:25.400,5345.6000,53625,0,5427606560.000,0,-,-,-,-,5345.2000,5345.0000,5344.6000,5344.4000,5344.2000,5346.4000,5346.6000,5347.0000,5348.0000,5349.0000,2,1,1,2,2,1,1,1,4,1
SF,IC2003,2020-01-03 10:52:25.900,5345.6000,53625,0,5427606560.000,0,-,-,-,-,5345.0000,5344.6000,5344.4000,5344.2000,5343.8000,5346.4000,5346.6000,5347.0000,5348.0000,5349.0000,1,1,2,2,1,1,1,1,4,1
SF,IC2003,2020-01-03 10:52:27.400,5345.6000,53625,0,5427606560.000,0,-,-,-,-,5345.0000,5344.6000,5344.4000,5344.2000,5343.2000,5346.4000,5346.6000,5347.0000,5348.0000,5349.0000,1,1,2,2,1,1,1,1,4,1
SF,IC2003,2020-01-03 10:52:28.400,5345.6000,53625,0,5427606560.000,0,-,-,-,-,5345.0000,5344.6000,5344.4000,5344.2000,5343.2000,5346.0000,5346.2000,5346.4000,5346.6000,5347.0000,1,1,2,2,1,2,1,1,1,1
SF,IC2003,2020-01-03 10:52:28.900,5346.0000,53626,1,5428675760.000,1,1,0,双开,S,5345.8000,5345.0000,5344.6000,5344.4000,5344.2000,5346.0000,5346.2000,5346.4000,5346.6000,5347.0000,1,1,1,2,2,1,1,1,1,1
SF,IC2003,2020-01-03 10:52:29.400,5345.8000,53626,0,5429744920.000,1,0,1,多换,S,5345.0000,5344.6000,5344.4000,5344.2000,5343.2000,5345.8000,5346.0000,5346.2000,5346.4000,5346.6000,1,1,2,2,1,5,1,1,1,1
SF,IC2003,2020-01-03 10:52:29.900,5345.0000,53625,-1,5430813920.000,1,0,1,双平,S,5344.6000,5344.4000,5344.2000,5343.2000,5342.4000,5345.8000,5346.0000,5346.2000,5346.4000,5346.6000,1,2,2,1,1,3,1,1,1,1
SF,IC2003,2020-01-03 10:52:30.400,5345.0000,53625,0,5430813920.000,0,-,-,-,-,5344.6000,5344.4000,5344.2000,5343.2000,5342.4000,5345.8000,5346.0000,5346.2000,5346.4000,5346.6000,1,2,2,1,1,3,1,1,1,1
SF,IC2003,2020-01-03 10:52:30.900,5345.0000,53625,0,5430813920.000,0,-,-,-,-,5344.8000,5344.6000,5344.4000,5344.2000,5343.2000,5345.8000,5346.0000,5346.2000,5346.4000,5346.6000,2,1,2,2,1,3,1,1,1,1
SF,IC2003,2020-01-03 10:52:31.400,5345.0000,53625,0,5430813920.000,0,-,-,-,-,5344.8000,5344.6000,5344.4000,5344.2000,5343.2000,5345.8000,5346.0000,5346.2000,5346.4000,5346.6000,2,1,2,2,1,1,1,1,1,1
SF,IC2003,2020-01-03 10:52:32.900,5345.0000,53625,0,5430813920.000,0,-,-,-,-,5345.0000,5344.8000,5344.6000,5344.4000,5344.2000,5345.8000,5346.0000,5346.2000,5346.4000,5346.6000,1,2,1,2,2,1,1,1,1,1
SF,IC2003,2020-01-03 10:52:34.900,5345.0000,53625,0,5430813920.000,0,-,-,-,-,5345.0000,5344.8000,5344.6000,5344.4000,5344.2000,5345.8000,5346.2000,5346.4000,5346.6000,5347.0000,1,2,1,2,2,1,1,1,1,1
SF,IC2003,2020-01-03 10:52:35.900,5345.0000,53625,0,5430813920.000,0,-,-,-,-,5345.0000,5344.8000,5344.6000,5344.4000,5344.2000,5346.4000,5346.6000,5347.0000,5347.8000,5348.0000,1,2,1,2,2,1,1,1,1,4
SF,IC2003,2020-01-03 10:52:36.400,5345.0000,53625,0,5430813920.000,0,-,-,-,-,5345.2000,5345.0000,5344.6000,5344.4000,5344.2000,5346.6000,5347.0000,5347.8000,5348.0000,5349.0000,2,1,1,2,2,1,1,1,4,1
SF,IC2003,2020-01-03 10:52:36.900,5345.0000,53625,0,5430813920.000,0,-,-,-,-,5346.2000,5345.4000,5345.2000,5345.0000,5344.6000,5346.6000,5347.0000,5347.8000,5348.0000,5349.0000,4,1,2,1,1,1,1,1,4,1
SF,IC2003,2020-01-03 10:52:37.400,5346.6000,53624,-1,5431883240.000,1,0,1,双平,S,5346.8000,5346.6000,5345.4000,5345.2000,5345.0000,5347.8000,5348.0000,5349.0000,5349.2000,5349.4000,1,2,1,2,1,1,4,1,1,1
SF,IC2003,2020-01-03 10:52:37.900,5346.8000,53623,-1,5432952600.000,1,0,1,双平,S,5346.8000,5345.2000,5345.0000,5344.6000,5344.4000,5347.8000,5348.0000,5349.0000,5349.2000,5349.4000,1,2,1,1,2,1,4,1,1,1
SF,IC2003,2020-01-03 10:52:38.400,5346.8000,53623,0,5432952600.000,0,-,-,-,-,5346.8000,5345.2000,5345.0000,5344.6000,5344.4000,5347.6000,5347.8000,5348.0000,5349.0000,5349.2000,1,2,1,1,2,2,1,4,1,1
SF,IC2003,2020-01-03 10:52:38.900,5346.8000,53623,0,5432952600.000,0,-,-,-,-,5346.8000,5345.2000,5345.0000,5344.6000,5344.4000,5347.6000,5347.8000,5348.0000,5349.0000,5349.2000,1,2,1,1,2,1,1,4,1,1
SF,IC2003,2020-01-03 10:52:39.400,5346.8000,53623,0,5434021960.000,1,0,1,多换,S,5345.2000,5345.0000,5344.6000,5344.4000,5344.2000,5347.2000,5347.4000,5347.6000,5347.8000,5348.0000,2,1,1,2,2,1,1,2,1,4
SF,IC2003,2020-01-03 10:52:39.900,5346.8000,53623,0,5434021960.000,0,-,-,-,-,5345.6000,5345.4000,5345.2000,5345.0000,5344.6000,5347.6000,5347.8000,5348.0000,5349.0000,5349.2000,1,2,2,1,1,1,1,4,1,1
SF,IC2003,2020-01-03 10:52:40.400,5346.8000,53623,0,5434021960.000,0,-,-,-,-,5345.8000,5345.6000,5345.0000,5344.6000,5344.4000,5347.2000,5347.6000,5347.8000,5348.0000,5349.0000,2,1,1,1,2,1,2,1,4,1
SF,IC2003,2020-01-03 10:52:40.900,5346.8000,53623,0,5434021960.000,0,-,-,-,-,5345.8000,5345.6000,5345.0000,5344.6000,5344.4000,5347.6000,5347.8000,5348.0000,5349.0000,5349.2000,2,1,1,1,2,1,1,4,1,1
SF,IC2003,2020-01-03 10:52:41.400,5346.8000,53623,0,5434021960.000,0,-,-,-,-,5345.8000,5345.6000,5345.0000,5344.6000,5344.4000,5347.6000,5347.8000,5348.0000,5349.0000,5349.2000,2,1,1,1,2,2,1,4,1,1
SF,IC2003,2020-01-03 10:52:41.900,5346.8000,53623,0,5434021960.000,0,-,-,-,-,5346.8000,5346.2000,5345.8000,5345.6000,5345.0000,5347.6000,5347.8000,5348.0000,5349.0000,5349.2000,1,2,2,1,1,1,1,4,1,1
SF,IC2003,2020-01-03 10:52:42.400,5346.8000,53623,0,5434021960.000,0,-,-,-,-,5346.8000,5345.8000,5345.6000,5345.0000,5344.6000,5347.6000,5347.8000,5348.0000,5349.0000,5349.2000,1,2,1,1,1,1,1,4,1,1
SF,IC2003,2020-01-03 10:52:42.900,5346.8000,53623,0,5434021960.000,0,-,-,-,-,5346.8000,5345.8000,5345.6000,5345.0000,5344.6000,5347.4000,5347.6000,5347.8000,5348.0000,5349.0000,1,2,1,1,1,1,2,1,4,1
SF,IC2003,2020-01-03 10:52:43.400,5346.8000,53623,0,5434021960.000,0,-,-,-,-,5346.8000,5345.8000,5345.0000,5344.6000,5344.4000,5347.4000,5347.6000,5347.8000,5348.0000,5349.0000,1,2,1,1,2,1,2,1,4,1
SF,IC2003,2020-01-03 10:52:44.900,5346.8000,53623,0,5435091320.000,1,0,1,多换,S,5345.8000,5345.0000,5344.6000,5344.4000,5344.2000,5346.6000,5346.8000,5347.0000,5347.2000,5347.4000,2,1,1,2,2,1,1,1,1,1
SF,IC2003,2020-01-03 10:52:45.400,5346.8000,53623,0,5435091320.000,0,-,-,-,-,5345.8000,5345.0000,5344.6000,5344.4000,5344.2000,5347.4000,5347.6000,5347.8000,5348.0000,5349.0000,2,1,1,2,2,1,2,1,4,1
SF,IC2003,2020-01-03 10:52:45.900,5346.8000,53623,0,5435091320.000,0,-,-,-,-,5345.8000,5345.0000,5344.6000,5344.4000,5344.2000,5347.4000,5347.6000,5347.8000,5348.0000,5349.0000,2,1,1,2,2,1,1,1,4,1
SF,IC2003,2020-01-03 10:52:46.400,5346.8000,53623,0,5435091320.000,0,-,-,-,-,5345.8000,5345.2000,5345.0000,5344.6000,5344.4000,5347.4000,5347.6000,5347.8000,5348.0000,5349.0000,2,1,1,1,2,2,1,1,4,1
SF,IC2003,2020-01-03 10:52:46.900,5346.8000,53623,0,5435091320.000,0,-,-,-,-,5345.8000,5345.2000,5345.0000,5344.6000,5344.4000,5347.4000,5347.6000,5347.8000,5348.0000,5349.0000,2,1,1,1,2,1,1,1,4,1
SF,IC2003,2020-01-03 10:52:47.400,5346.8000,53623,0,5435091320.000,0,-,-,-,-,5345.8000,5345.2000,5345.0000,5344.6000,5344.4000,5347.2000,5347.4000,5347.8000,5348.0000,5349.0000,2,1,1,1,2,1,2,1,4,1
SF,IC2003,2020-01-03 10:52:47.900,5346.8000,53623,0,5435091320.000,0,-,-,-,-,5346.2000,5345.8000,5345.2000,5345.0000,5344.6000,5347.4000,5347.8000,5348.0000,5349.0000,5349.2000,5,2,1,1,1,1,1,4,1,1
SF,IC2003,2020-01-03 10:52:48.400,5346.2000,53623,0,5436160560.000,1,0,1,多换,S,5346.2000,5345.8000,5345.2000,5345.0000,5344.6000,5347.2000,5347.4000,5347.8000,5348.0000,5349.0000,4,2,1,1,1,1,1,1,4,1
SF,IC2003,2020-01-03 10:52:48.900,5346.2000,53624,1,5437229800.000,1,1,0,双开,S,5346.2000,5345.8000,5345.2000,5345.0000,5344.6000,5347.2000,5347.4000,5347.8000,5348.0000,5349.0000,3,2,1,1,1,2,1,1,4,1
SF,IC2003,2020-01-03 10:52:49.400,5346.2000,53624,0,5437229800.000,0,-,-,-,-,5346.2000,5345.8000,5345.2000,5345.0000,5344.6000,5346.8000,5347.2000,5347.4000,5347.8000,5348.0000,3,2,1,1,1,1,2,1,1,4
SF,IC2003,2020-01-03 10:52:49.900,5346.2000,53624,0,5437229800.000,0,-,-,-,-,5346.2000,5345.8000,5345.2000,5345.0000,5344.6000,5347.0000,5347.2000,5347.4000,5347.8000,5348.0000,3,2,1,1,1,3,1,1,1,4
SF,IC2003,2020-01-03 10:52:51.400,5346.2000,53624,0,5437229800.000,0,-,-,-,-,5346.2000,5345.8000,5345.2000,5344.6000,5344.4000,5347.0000,5347.2000,5347.4000,5347.8000,5348.0000,4,2,1,1,2,3,1,1,1,4
SF,IC2003,2020-01-03 10:52:52.400,5346.2000,53625,1,5438299040.000,1,1,0,双开,S,5346.2000,5345.8000,5345.2000,5344.6000,5344.4000,5346.6000,5347.0000,5347.2000,5347.4000,5347.8000,3,2,1,1,2,1,3,1,1,1
SF,IC2003,2020-01-03 10:52:52.900,5346.2000,53624,-1,5441506760.000,3,1,2,多平,S,5345.8000,5345.2000,5344.6000,5344.4000,5344.2000,5346.4000,5346.6000,5347.0000,5347.4000,5347.8000,2,1,1,2,2,1,1,3,1,1
SF,IC2003,2020-01-03 10:52:53.400,5346.2000,53624,0,5441506760.000,0,-,-,-,-,5345.2000,5344.6000,5344.4000,5344.2000,5342.4000,5346.4000,5347.0000,5347.4000,5347.8000,5348.0000,1,1,2,2,1,1,3,1,1,4
SF,IC2003,2020-01-03 10:52:53.900,5346.2000,53624,0,5441506760.000,0,-,-,-,-,5345.4000,5345.2000,5344.6000,5344.4000,5344.2000,5346.4000,5346.6000,5347.0000,5347.4000,5347.8000,2,1,1,2,2,1,1,3,1,1
SF,IC2003,2020-01-03 10:52:54.400,5346.2000,53624,0,5441506760.000,0,-,-,-,-,5345.4000,5345.2000,5344.6000,5344.4000,5344.2000,5346.4000,5347.0000,5347.4000,5347.8000,5348.0000,2,1,1,2,2,1,3,1,1,4
SF,IC2003,2020-01-03 10:52:54.900,5346.2000,53624,0,5441506760.000,0,-,-,-,-,5345.4000,5345.2000,5344.6000,5344.4000,5344.2000,5346.4000,5346.8000,5347.0000,5347.4000,5347.8000,2,1,1,2,2,1,1,3,1,1
SF,IC2003,2020-01-03 10:52:55.400,5346.2000,53624,0,5441506760.000,0,-,-,-,-,5345.4000,5345.2000,5344.6000,5344.4000,5344.2000,5346.4000,5346.8000,5347.0000,5347.4000,5347.8000,2,1,1,3,2,1,1,3,1,1
SF,IC2003,2020-01-03 10:52:56.400,5346.2000,53624,0,5441506760.000,0,-,-,-,-,5345.4000,5345.2000,5344.6000,5344.4000,5344.2000,5346.4000,5346.8000,5347.0000,5347.4000,5347.8000,2,1,1,3,2,2,1,3,1,1
SF,IC2003,2020-01-03 10:52:58.400,5346.2000,53624,0,5441506760.000,0,-,-,-,-,5345.4000,5345.2000,5344.6000,5344.4000,5344.2000,5346.4000,5346.8000,5347.0000,5347.4000,5347.8000,2,1,1,3,2,2,1,3,1,1
SF,IC2003,2020-01-03 10:52:59.400,5346.2000,53624,0,5441506760.000,0,-,-,-,-,5345.4000,5345.2000,5344.6000,5344.4000,5344.2000,5346.4000,5346.8000,5347.0000,5347.4000,5347.8000,2,1,1,3,2,1,1,3,1,1
SF,IC2003,2020-01-03 10:52:59.900,5346.2000,53624,0,5441506760.000,0,-,-,-,-,5345.8000,5345.4000,5345.2000,5344.6000,5344.4000,5346.4000,5346.8000,5347.0000,5347.4000,5347.8000,1,2,1,1,3,1,1,5,1,1
SF,IC2003,2020-01-03 10:53:00.400,5346.2000,53624,0,5441506760.000,0,-,-,-,-,5346.0000,5345.8000,5345.2000,5344.6000,5344.4000,5346.4000,5346.8000,5347.0000,5347.8000,5348.0000,2,1,1,1,3,1,1,5,1,4
SF,IC2003,2020-01-03 10:53:00.900,5346.2000,53624,0,5441506760.000,0,-,-,-,-,5346.0000,5345.8000,5345.2000,5344.6000,5344.4000,5346.4000,5347.0000,5347.8000,5348.0000,5349.0000,2,1,1,1,2,1,5,1,4,1
SF,IC2003,2020-01-03 10:53:01.400,5346.4000,53624,0,5442576040.000,1,0,1,多换,S,5346.0000,5345.8000,5345.2000,5344.6000,5344.4000,5347.0000,5347.8000,5348.0000,5349.0000,5349.2000,2,1,1,1,2,5,1,4,1,1
SF,IC2003,2020-01-03 10:53:02.400,5346.4000,53624,0,5442576040.000,0,-,-,-,-,5346.0000,5345.8000,5345.2000,5345.0000,5344.6000,5347.0000,5347.8000,5348.0000,5349.0000,5349.2000,2,1,1,1,1,5,1,4,1,1
SF,IC2003,2020-01-03 10:53:02.900,5346.4000,53624,0,5442576040.000,0,-,-,-,-,5346.0000,5345.8000,5345.2000,5345.0000,5344.6000,5347.0000,5347.8000,5348.0000,5349.0000,5349.2000,2,1,1,1,1,5,1,4,1,1
SF,IC2003,2020-01-03 10:53:04.400,5347.0000,53624,0,5444714840.000,2,1,1,多换,S,5346.0000,5345.8000,5345.2000,5345.0000,5344.6000,5347.0000,5347.8000,5348.0000,5349.0000,5349.2000,2,1,1,1,1,4,1,4,1,1
SF,IC2003,2020-01-03 10:53:04.900,5347.0000,53624,0,5444714840.000,0,-,-,-,-,5346.0000,5345.8000,5345.2000,5345.0000,5344.6000,5347.0000,5347.8000,5348.0000,5349.0000,5349.2000,2,1,1,1,1,4,1,4,1,1
SF,IC2003,2020-01-03 10:53:05.900,5347.0000,53628,4,5448992440.000,4,4,0,双开,S,5347.2000,5347.0000,5346.2000,5346.0000,5345.8000,5347.8000,5348.0000,5349.0000,5349.2000,5349.4000,2,7,1,2,1,1,4,1,1,1
SF,IC2003,2020-01-03 10:53:06.400,5348.0000,53627,-1,5454340400.000,5,2,3,多平,S,5347.8000,5347.2000,5347.0000,5345.8000,5345.2000,5349.0000,5349.2000,5349.4000,5349.6000,5350.0000,1,1,1,1,1,1,1,1,3,6
SF,IC2003,2020-01-03 10:53:06.900,5348.0000,53627,0,5454340400.000,0,-,-,-,-,5347.8000,5347.2000,5347.0000,5345.8000,5345.2000,5348.8000,5349.0000,5349.2000,5349.4000,5349.6000,1,1,1,1,1,2,1,1,1,3
SF,IC2003,2020-01-03 10:53:07.400,5348.0000,53627,0,5454340400.000,0,-,-,-,-,5347.2000,5347.0000,5345.8000,5345.2000,5345.0000,5348.6000,5348.8000,5349.0000,5349.2000,5349.4000,1,1,1,1,1,1,2,1,1,1
SF,IC2003,2020-01-03 10:53:07.900,5348.0000,53627,0,5454340400.000,0,-,-,-,-,5347.4000,5347.2000,5347.0000,5345.8000,5345.2000,5348.6000,5349.0000,5349.2000,5349.4000,5349.6000,2,1,1,1,1,1,1,1,1,3
SF,IC2003,2020-01-03 10:53:08.400,5348.0000,53627,0,5454340400.000,0,-,-,-,-,5347.4000,5347.2000,5347.0000,5345.8000,5345.2000,5349.0000,5349.2000,5349.4000,5349.6000,5350.0000,2,1,1,1,1,1,1,1,3,6
SF,IC2003,2020-01-03 10:53:08.900,5348.0000,53627,0,5454340400.000,0,-,-,-,-,5347.4000,5347.2000,5347.0000,5346.2000,5345.8000,5348.8000,5349.0000,5349.2000,5349.4000,5349.6000,2,1,1,1,1,3,1,1,1,3
SF,IC2003,2020-01-03 10:53:09.400,5348.0000,53627,0,5454340400.000,0,-,-,-,-,5347.6000,5347.4000,5347.2000,5347.0000,5346.2000,5349.0000,5349.2000,5349.4000,5349.6000,5350.0000,1,2,1,1,1,1,1,1,3,6
SF,IC2003,2020-01-03 10:53:09.900,5348.0000,53627,0,5454340400.000,0,-,-,-,-,5348.6000,5348.0000,5347.8000,5347.6000,5347.2000,5349.0000,5349.2000,5349.4000,5349.6000,5350.0000,4,2,3,1,1,2,1,1,3,6
SF,IC2003,2020-01-03 10:53:10.400,5349.2000,53627,0,5457549840.000,3,1,2,多换,S,5349.2000,5349.0000,5347.8000,5347.6000,5347.2000,5349.4000,5349.6000,5350.0000,5350.2000,5350.8000,1,3,2,1,1,1,3,6,1,3
SF,IC2003,2020-01-03 10:53:10.900,5349.2000,53626,-1,5460759440.000,3,1,2,多平,S,5347.8000,5347.6000,5347.2000,5347.0000,5346.2000,5349.6000,5350.0000,5350.2000,5350.8000,5351.6000,2,1,1,1,1,3,6,1,3,2
SF,IC2003,2020-01-03 10:53:11.400,5349.2000,53626,0,5460759440.000,0,-,-,-,-,5348.2000,5348.0000,5347.8000,5347.2000,5347.0000,5349.6000,5350.0000,5350.2000,5350.8000,5351.6000,5,2,2,1,1,3,6,1,3,2
SF,IC2003,2020-01-03 10:53:11.900,5349.2000,53626,0,5460759440.000,0,-,-,-,-,5348.8000,5348.6000,5348.4000,5348.2000,5348.0000,5349.6000,5350.0000,5350.2000,5350.8000,5351.6000,1,1,2,2,1,3,6,1,3,2
SF,IC2003,2020-01-03 10:53:12.400,5349.2000,53626,0,5460759440.000,0,-,-,-,-,5349.0000,5348.8000,5348.6000,5348.4000,5348.2000,5349.6000,5350.0000,5350.2000,5350.8000,5351.6000,1,1,2,2,2,3,6,1,3,2
SF,IC2003,2020-01-03 10:53:12.900,5349.2000,53626,0,5460759440.000,0,-,-,-,-,5349.0000,5348.8000,5348.4000,5348.2000,5348.0000,5349.6000,5350.0000,5350.2000,5350.8000,5351.6000,1,1,2,1,1,3,6,1,3,2
SF,IC2003,2020-01-03 10:53:13.400,5348.0000,53621,-5,5466107840.000,5,0,5,双平,S,5347.2000,5347.0000,5346.2000,5346.0000,5345.8000,5349.6000,5350.0000,5350.2000,5350.8000,5351.6000,1,1,1,1,1,3,6,1,3,2
SF,IC2003,2020-01-03 10:53:13.900,5349.4000,53622,1,5467177720.000,1,1,0,双开,S,5348.4000,5348.2000,5347.8000,5347.6000,5347.4000,5349.4000,5349.6000,5350.0000,5350.2000,5350.8000,2,1,1,6,5,1,3,6,1,3
SF,IC2003,2020-01-03 10:53:14.400,5349.4000,53622,0,5467177720.000,0,-,-,-,-,5348.4000,5348.2000,5347.8000,5347.6000,5347.4000,5349.6000,5350.0000,5350.2000,5350.8000,5351.6000,1,1,1,4,5,3,6,1,3,2
SF,IC2003,2020-01-03 10:53:14.900,5349.4000,53622,0,5467177720.000,0,-,-,-,-,5347.8000,5347.6000,5347.4000,5347.2000,5346.2000,5349.6000,5350.0000,5350.2000,5350.8000,5351.6000,1,2,4,1,1,3,6,1,3,2
SF,IC2003,2020-01-03 10:53:15.400,5349.4000,53622,0,5467177720.000,0,-,-,-,-,5348.2000,5348.0000,5347.8000,5347.6000,5347.4000,5349.4000,5349.6000,5350.0000,5350.2000,5350.8000,2,2,1,2,2,3,3,6,1,3
SF,IC2003,2020-01-03 10:53:15.900,5349.4000,53622,0,5467177720.000,0,-,-,-,-,5348.0000,5347.8000,5347.4000,5346.2000,5346.0000,5349.4000,5349.6000,5350.0000,5350.2000,5350.8000,2,1,2,1,1,2,3,6,1,3
SF,IC2003,2020-01-03 10:53:16.400,5349.4000,53622,0,5467177720.000,0,-,-,-,-,5347.8000,5347.4000,5346.2000,5346.0000,5345.8000,5349.2000,5349.4000,5349.6000,5350.0000,5350.2000,1,2,1,1,1,1,2,3,6,1
SF,IC2003,2020-01-03 10:53:16.900,5349.4000,53622,0,5467177720.000,0,-,-,-,-,5347.8000,5347.4000,5346.2000,5346.0000,5345.8000,5349.0000,5349.2000,5349.6000,5350.0000,5350.2000,1,2,1,1,1,2,1,3,6,1
SF,IC2003,2020-01-03 10:53:17.400,5347.8000,53623,1,5468247280.000,1,1,0,双开,S,5347.4000,5346.2000,5346.0000,5345.8000,5345.2000,5348.8000,5349.0000,5349.6000,5350.0000,5350.2000,1,1,1,1,1,1,2,3,6,1
SF,IC2003,2020-01-03 10:53:17.900,5347.4000,53623,0,5469316760.000,1,0,1,多换,S,5346.2000,5346.0000,5345.8000,5345.2000,5345.0000,5348.6000,5348.8000,5349.6000,5350.0000,5350.2000,1,1,1,1,1,3,1,3,6,1
SF,IC2003,2020-01-03 10:53:18.400,5348.0000,53623,0,5470386360.000,1,0,1,多换,S,5346.6000,5346.4000,5346.2000,5346.0000,5345.8000,5348.2000,5348.4000,5348.6000,5349.6000,5350.0000,2,4,1,1,1,1,2,2,3,6
SF,IC2003,2020-01-03 10:53:18.900,5348.0000,53623,0,5470386360.000,0,-,-,-,-,5346.2000,5346.0000,5345.8000,5345.2000,5345.0000,5347.6000,5347.8000,5348.0000,5348.2000,5349.6000,1,1,1,1,1,1,2,2,1,3
SF,IC2003,2020-01-03 10:53:19.400,5348.0000,53623,0,5470386360.000,0,-,-,-,-,5346.4000,5346.2000,5346.0000,5345.8000,5345.2000,5347.6000,5347.8000,5348.0000,5348.2000,5349.6000,2,1,1,1,1,1,2,2,1,3
SF,IC2003,2020-01-03 10:53:19.900,5348.0000,53623,0,5470386360.000,0,-,-,-,-,5346.4000,5346.2000,5346.0000,5345.8000,5345.4000,5347.6000,5347.8000,5348.0000,5348.2000,5349.0000,2,1,1,1,1,1,2,2,1,1
SF,IC2003,2020-01-03 10:53:20.900,5348.0000,53623,0,5470386360.000,0,-,-,-,-,5347.6000,5346.4000,5346.2000,5346.0000,5345.8000,5347.8000,5348.0000,5348.2000,5349.0000,5349.6000,1,2,1,1,1,1,2,1,1,3
SF,IC2003,2020-01-03 10:53:21.400,5347.6000,53623,0,5471455880.000,1,0,1,多换,S,5346.4000,5346.2000,5346.0000,5345.8000,5345.4000,5348.0000,5348.2000,5349.0000,5349.6000,5350.0000,2,1,1,1,1,2,1,1,3,6
SF,IC2003,2020-01-03 10:53:21.900,5347.6000,53623,0,5471455880.000,0,-,-,-,-,5346.8000,5346.4000,5346.2000,5346.0000,5345.8000,5349.0000,5349.6000,5350.0000,5350.2000,5350.8000,1,2,1,1,1,1,3,6,1,3
SF,IC2003,2020-01-03 10:53:22.400,5347.6000,53623,0,5471455880.000,0,-,-,-,-,5347.2000,5347.0000,5346.8000,5346.2000,5346.0000,5348.8000,5349.0000,5349.6000,5350.0000,5350.2000,2,2,2,1,1,3,1,3,6,1
SF,IC2003,2020-01-03 10:53:22.900,5347.6000,53623,0,5471455880.000,0,-,-,-,-,5347.6000,5347.4000,5347.0000,5346.8000,5346.2000,5348.8000,5349.0000,5349.6000,5350.0000,5350.2000,1,2,1,1,1,2,1,3,6,1
SF,IC2003,2020-01-03 10:53:23.400,5348.8000,53622,-1,5472525640.000,1,0,1,双平,S,5347.6000,5347.4000,5347.0000,5346.8000,5346.2000,5348.8000,5349.0000,5349.6000,5350.0000,5350.2000,1,2,1,1,1,1,1,3,5,1
SF,IC2003,2020-01-03 10:53:23.900,5348.8000,53622,0,5472525640.000,0,-,-,-,-,5347.8000,5347.6000,5347.0000,5346.8000,5346.2000,5349.0000,5349.6000,5350.0000,5350.2000,5350.8000,3,1,1,1,1,1,3,5,1,3
SF,IC2003,2020-01-03 10:53:24.400,5348.8000,53620,-2,5474665160.000,2,0,2,双平,S,5348.8000,5347.8000,5347.6000,5347.0000,5346.8000,5349.0000,5349.2000,5349.6000,5350.0000,5350.2000,4,1,2,1,1,1,1,3,5,1
SF,IC2003,2020-01-03 10:53:24.900,5348.8000,53616,-4,5478944200.000,4,0,4,双平,S,5347.6000,5347.0000,5346.8000,5346.2000,5346.0000,5348.6000,5348.8000,5349.0000,5349.6000,5350.0000,2,1,1,1,1,1,12,1,3,5
SF,IC2003,2020-01-03 10:53:25.400,5348.8000,53616,0,5478944200.000,0,-,-,-,-,5347.6000,5347.0000,5346.8000,5346.2000,5346.0000,5348.4000,5348.6000,5348.8000,5349.0000,5349.6000,2,1,1,1,1,1,1,12,1,3
SF,IC2003,2020-01-03 10:53:25.900,5348.8000,53617,1,5480013960.000,1,1,0,双开,S,5347.6000,5347.0000,5346.8000,5346.2000,5346.0000,5348.4000,5348.6000,5348.8000,5349.0000,5349.6000,2,1,1,1,1,1,1,12,1,3
SF,IC2003,2020-01-03 10:53:26.400,5348.8000,53617,0,5480013960.000,0,-,-,-,-,5347.8000,5347.6000,5347.0000,5346.8000,5346.2000,5348.2000,5348.8000,5349.0000,5349.6000,5350.0000,2,2,1,1,1,1,12,1,3,5
SF,IC2003,2020-01-03 10:53:26.900,5348.8000,53617,0,5480013960.000,0,-,-,-,-,5347.8000,5347.6000,5347.0000,5346.8000,5346.2000,5348.6000,5348.8000,5349.0000,5349.6000,5350.0000,2,2,1,1,1,1,12,1,3,5
SF,IC2003,2020-01-03 10:53:27.400,5348.8000,53617,0,5480013960.000,0,-,-,-,-,5347.8000,5347.6000,5346.8000,5346.2000,5346.0000,5348.6000,5348.8000,5349.0000,5349.6000,5350.0000,2,2,1,1,1,1,11,1,3,5
SF,IC2003,2020-01-03 10:53:27.900,5348.8000,53617,0,5480013960.000,0,-,-,-,-,5347.8000,5347.6000,5346.8000,5346.2000,5346.0000,5348.6000,5348.8000,5349.0000,5349.6000,5350.0000,3,3,1,1,1,1,11,1,3,5
SF,IC2003,2020-01-03 10:53:28.400,5348.8000,53617,0,5480013960.000,0,-,-,-,-,5347.8000,5347.6000,5346.8000,5346.2000,5346.0000,5348.6000,5348.8000,5349.0000,5349.6000,5350.0000,3,3,1,1,1,1,8,1,3,5
SF,IC2003,2020-01-03 10:53:28.900,5348.6000,53617,0,5481083680.000,1,0,1,多换,S,5348.6000,5347.8000,5347.6000,5346.8000,5346.2000,5348.8000,5349.0000,5349.6000,5350.0000,5350.2000,4,3,3,1,1,8,1,3,5,1
SF,IC2003,2020-01-03 10:53:29.400,5348.6000,53617,0,5481083680.000,0,-,-,-,-,5348.6000,5347.8000,5347.6000,5346.8000,5346.2000,5348.8000,5349.0000,5349.6000,5350.0000,5350.2000,4,3,2,1,1,8,1,3,5,1
SF,IC2003,2020-01-03 10:53:29.900,5348.8000,53616,-1,5482153440.000,1,0,1,双平,S,5348.6000,5347.8000,5347.6000,5346.8000,5346.2000,5348.8000,5349.0000,5349.6000,5350.0000,5350.2000,8,3,2,1,1,5,1,3,5,1
SF,IC2003,2020-01-03 10:53:30.400,5348.8000,53619,3,5487502240.000,5,4,1,空开,S,5348.6000,5347.8000,5347.6000,5346.8000,5346.2000,5349.0000,5349.6000,5350.0000,5350.2000,5350.8000,8,3,2,1,1,1,3,5,1,3
SF,IC2003,2020-01-03 10:53:30.900,5349.6000,53618,-1,5489641960.000,2,0,2,多平,S,5349.0000,5348.8000,5348.6000,5347.8000,5347.6000,5349.6000,5350.0000,5350.2000,5350.8000,5351.6000,1,1,8,3,2,2,5,1,3,2
SF,IC2003,2020-01-03 10:53:31.900,5349.6000,53618,0,5489641960.000,0,-,-,-,-,5349.0000,5348.8000,5348.6000,5347.8000,5347.6000,5349.4000,5349.6000,5350.0000,5350.2000,5350.8000,1,1,9,3,2,1,2,5,1,3
SF,IC2003,2020-01-03 10:53:32.400,5349.6000,53618,0,5489641960.000,0,-,-,-,-,5349.0000,5348.8000,5348.6000,5347.8000,5347.6000,5349.6000,5350.0000,5350.2000,5350.8000,5351.6000,1,1,9,3,2,2,5,1,3,2
SF,IC2003,2020-01-03 10:53:32.900,5349.6000,53618,0,5489641960.000,0,-,-,-,-,5349.0000,5348.8000,5348.6000,5347.8000,5347.6000,5349.6000,5350.0000,5350.2000,5350.8000,5351.6000,1,1,5,3,2,2,5,1,3,2
SF,IC2003,2020-01-03 10:53:33.900,5349.6000,53618,0,5489641960.000,0,-,-,-,-,5349.0000,5348.8000,5348.6000,5347.8000,5347.6000,5349.6000,5350.0000,5350.2000,5350.8000,5351.6000,1,1,4,3,2,2,5,1,3,2
SF,IC2003,2020-01-03 10:53:34.400,5349.0000,53619,1,5490711760.000,1,1,0,双开,S,5349.0000,5348.8000,5348.6000,5347.8000,5347.6000,5349.6000,5350.0000,5350.2000,5350.8000,5351.6000,1,1,4,3,2,2,5,1,3,2
SF,IC2003,2020-01-03 10:53:34.900,5349.0000,53619,0,5490711760.000,0,-,-,-,-,5349.0000,5348.6000,5347.8000,5347.6000,5346.8000,5349.4000,5349.6000,5350.0000,5350.2000,5350.8000,1,4,3,2,1,1,2,5,1,3
SF,IC2003,2020-01-03 10:53:35.400,5349.6000,53619,0,5492851560.000,2,1,1,多换,S,5349.4000,5349.0000,5348.6000,5347.8000,5347.6000,5349.6000,5350.0000,5350.2000,5350.8000,5351.6000,3,1,4,3,2,1,5,1,3,2
SF,IC2003,2020-01-03 10:53:35.900,5349.4000,53618,-1,5496061200.000,3,1,2,多平,S,5349.0000,5348.6000,5347.8000,5347.6000,5346.8000,5349.4000,5349.6000,5350.0000,5350.2000,5350.8000,2,3,3,2,1,1,1,5,1,3
SF,IC2003,2020-01-03 10:53:36.400,5349.6000,53618,0,5500340600.000,4,2,2,多换,S,5348.6000,5347.8000,5347.6000,5346.8000,5346.0000,5350.0000,5350.2000,5350.8000,5351.6000,5353.0000,3,3,2,1,1,5,1,3,2,1
SF,IC2003,2020-01-03 10:53:36.900,5349.6000,53618,0,5501410520.000,1,0,1,多换,S,5348.6000,5347.8000,5347.6000,5346.8000,5346.0000,5349.8000,5350.0000,5350.2000,5350.8000,5351.6000,3,3,2,1,1,2,5,1,2,2
SF,IC2003,2020-01-03 10:53:37.900,5349.6000,53618,0,5501410520.000,0,-,-,-,-,5348.6000,5347.8000,5347.6000,5346.8000,5346.0000,5349.8000,5350.0000,5350.2000,5350.8000,5351.6000,3,3,2,1,1,2,5,1,2,2
SF,IC2003,2020-01-03 10:53:38.400,5349.6000,53618,0,5501410520.000,0,-,-,-,-,5349.8000,5348.8000,5348.6000,5347.8000,5347.6000,5350.0000,5350.2000,5350.8000,5351.6000,5353.0000,1,2,3,1,2,5,1,2,2,1
SF,IC2003,2020-01-03 10:53:38.900,5349.8000,53618,0,5502480480.000,1,0,1,多换,S,5348.8000,5348.6000,5347.8000,5347.6000,5346.8000,5349.6000,5349.8000,5350.0000,5350.2000,5350.8000,2,3,1,3,1,1,10,5,1,2
SF,IC2003,2020-01-03 10:53:39.400,5349.8000,53618,0,5502480480.000,0,-,-,-,-,5348.8000,5348.6000,5347.8000,5347.6000,5346.8000,5349.4000,5349.6000,5349.8000,5350.0000,5350.2000,2,3,1,3,1,1,1,5,5,1
SF,IC2003,2020-01-03 10:53:39.900,5349.8000,53618,0,5502480480.000,0,-,-,-,-,5348.8000,5348.6000,5347.8000,5347.6000,5346.8000,5349.8000,5350.0000,5350.2000,5350.8000,5351.6000,2,3,1,3,1,5,5,1,2,2
SF,IC2003,2020-01-03 10:53:41.900,5349.8000,53618,0,5502480480.000,0,-,-,-,-,5348.8000,5348.6000,5347.6000,5346.8000,5346.0000,5349.6000,5349.8000,5350.0000,5350.2000,5350.8000,2,3,3,1,1,1,5,5,1,2
SF,IC2003,2020-01-03 10:53:42.400,5349.8000,53618,0,5502480480.000,0,-,-,-,-,5348.8000,5348.6000,5347.6000,5346.8000,5346.0000,5349.6000,5349.8000,5350.0000,5350.2000,5350.8000,2,3,3,1,1,1,5,5,1,2
SF,IC2003,2020-01-03 10:53:42.900,5349.8000,53618,0,5502480480.000,0,-,-,-,-,5348.8000,5348.6000,5347.6000,5346.8000,5346.0000,5349.6000,5349.8000,5350.0000,5350.2000,5350.8000,3,3,3,1,1,1,5,5,1,2
SF,IC2003,2020-01-03 10:53:43.400,5349.8000,53618,0,5502480480.000,0,-,-,-,-,5348.8000,5348.6000,5347.6000,5346.8000,5346.0000,5349.4000,5349.6000,5349.8000,5350.0000,5350.2000,3,3,3,1,1,1,1,5,5,1
SF,IC2003,2020-01-03 10:53:44.400,5349.8000,53618,0,5502480480.000,0,-,-,-,-,5348.8000,5348.6000,5347.6000,5346.8000,5346.0000,5349.4000,5349.6000,5349.8000,5350.0000,5350.2000,3,3,3,1,1,1,1,3,5,1
SF,IC2003,2020-01-03 10:53:44.900,5348.8000,53617,-1,5503550240.000,1,0,1,双平,S,5348.6000,5347.6000,5346.8000,5346.0000,5345.8000,5349.4000,5349.6000,5350.0000,5350.2000,5350.8000,3,3,1,1,1,1,1,5,1,2
SF,IC2003,2020-01-03 10:53:45.900,5348.8000,53617,0,5503550240.000,0,-,-,-,-,5348.6000,5347.6000,5346.8000,5346.0000,5345.8000,5349.4000,5349.6000,5350.0000,5350.2000,5350.8000,3,3,1,1,1,1,1,5,2,2
SF,IC2003,2020-01-03 10:53:46.400,5349.4000,53617,0,5504620120.000,1,0,1,多换,S,5348.6000,5347.6000,5346.8000,5346.0000,5345.8000,5350.0000,5350.2000,5350.8000,5351.6000,5353.0000,3,3,1,1,1,5,2,2,2,1
SF,IC2003,2020-01-03 10:53:46.900,5349.4000,53617,0,5504620120.000,0,-,-,-,-,5348.6000,5347.6000,5346.8000,5346.0000,5345.8000,5349.6000,5349.8000,5350.0000,5350.2000,5350.8000,3,3,1,1,1,1,3,5,2,2
SF,IC2003,2020-01-03 10:53:47.400,5349.4000,53617,0,5504620120.000,0,-,-,-,-,5348.6000,5347.6000,5346.8000,5346.0000,5345.8000,5349.4000,5349.6000,5349.8000,5350.0000,5350.2000,3,3,1,1,1,1,1,2,5,2
SF,IC2003,2020-01-03 10:53:48.900,5349.4000,53617,0,5504620120.000,0,-,-,-,-,5348.6000,5347.6000,5346.8000,5346.0000,5345.8000,5349.4000,5349.6000,5349.8000,5350.0000,5350.2000,3,3,1,1,1,1,1,2,5,2
SF,IC2003,2020-01-03 10:53:50.900,5349.4000,53617,0,5504620120.000,0,-,-,-,-,5348.6000,5347.6000,5346.8000,5346.0000,5345.8000,5349.4000,5349.6000,5349.8000,5350.0000,5350.2000,5,3,1,1,1,1,1,2,5,2
SF,IC2003,2020-01-03 10:53:52.900,5349.4000,53617,0,5504620120.000,0,-,-,-,-,5348.6000,5347.6000,5346.8000,5346.0000,5345.8000,5349.4000,5349.8000,5350.0000,5350.2000,5350.8000,5,3,1,1,1,1,2,5,2,2
SF,IC2003,2020-01-03 10:53:53.400,5349.4000,53618,1,5505690000.000,1,1,0,双开,S,5348.6000,5347.6000,5346.8000,5346.0000,5345.8000,5349.2000,5350.0000,5350.2000,5350.8000,5351.6000,5,3,1,1,1,1,5,2,2,2
SF,IC2003,2020-01-03 10:53:53.900,5349.4000,53618,0,5505690000.000,0,-,-,-,-,5348.6000,5347.6000,5346.8000,5346.0000,5345.8000,5350.0000,5350.2000,5350.8000,5351.6000,5353.0000,5,3,1,1,1,5,2,2,2,1
SF,IC2003,2020-01-03 10:53:54.400,5349.4000,53618,0,5505690000.000,0,-,-,-,-,5348.6000,5347.6000,5346.8000,5346.0000,5345.8000,5349.8000,5350.0000,5350.2000,5350.8000,5351.6000,5,3,1,1,1,3,5,2,2,2
SF,IC2003,2020-01-03 10:53:54.900,5349.4000,53618,0,5505690000.000,0,-,-,-,-,5348.6000,5347.6000,5346.8000,5346.0000,5345.8000,5349.8000,5350.0000,5350.2000,5350.8000,5351.6000,5,3,1,1,1,2,5,2,2,2
SF,IC2003,2020-01-03 10:53:55.400,5349.6000,53618,0,5506759920.000,1,0,1,多换,S,5348.6000,5347.6000,5346.8000,5346.0000,5345.8000,5349.6000,5349.8000,5350.0000,5350.2000,5350.8000,5,3,1,1,1,1,2,5,2,2
SF,IC2003,2020-01-03 10:53:55.900,5349.6000,53619,1,5507829840.000,1,1,0,双开,S,5348.6000,5347.6000,5346.8000,5346.0000,5345.8000,5349.8000,5350.0000,5350.2000,5350.8000,5351.6000,5,3,1,1,1,2,5,2,2,2
SF,IC2003,2020-01-03 10:53:56.400,5348.8000,53617,-2,5509969360.000,2,0,2,双平,S,5348.6000,5347.6000,5346.8000,5346.0000,5345.8000,5350.0000,5350.2000,5350.8000,5351.6000,5353.0000,5,3,1,1,1,5,2,2,2,1
SF,IC2003,2020-01-03 10:53:56.900,5348.8000,53617,0,5509969360.000,0,-,-,-,-,5348.6000,5347.6000,5346.8000,5346.0000,5345.8000,5349.8000,5350.0000,5350.2000,5350.8000,5351.6000,5,3,1,1,1,3,5,2,2,2
SF,IC2003,2020-01-03 10:53:57.400,5348.8000,53617,0,5509969360.000,0,-,-,-,-,5348.6000,5347.6000,5346.8000,5346.0000,5345.8000,5349.4000,5349.8000,5350.0000,5350.2000,5350.8000,5,3,1,1,1,1,3,5,2,2
SF,IC2003,2020-01-03 10:53:57.900,5348.8000,53617,0,5509969360.000,0,-,-,-,-,5348.6000,5347.6000,5346.8000,5346.0000,5345.8000,5349.4000,5349.8000,5350.0000,5350.2000,5350.8000,6,3,1,1,1,1,2,5,2,2
SF,IC2003,2020-01-03 10:53:58.400,5349.2000,53617,0,5511039200.000,1,0,1,多换,S,5348.6000,5347.6000,5346.8000,5346.0000,5345.8000,5349.8000,5350.0000,5350.2000,5350.8000,5351.6000,6,3,1,1,1,2,5,2,2,2
SF,IC2003,2020-01-03 10:53:58.900,5349.2000,53617,0,5511039200.000,0,-,-,-,-,5348.6000,5347.6000,5346.8000,5346.0000,5345.8000,5349.6000,5349.8000,5350.0000,5350.2000,5350.8000,6,3,1,1,1,1,2,5,2,2
SF,IC2003,2020-01-03 10:53:59.400,5349.2000,53617,0,5511039200.000,0,-,-,-,-,5348.6000,5347.6000,5346.8000,5346.0000,5345.8000,5349.6000,5349.8000,5350.0000,5350.2000,5350.8000,6,3,1,1,1,1,3,5,2,2
SF,IC2003,2020-01-03 10:53:59.900,5349.2000,53617,0,5511039200.000,0,-,-,-,-,5349.0000,5348.6000,5347.6000,5346.8000,5346.0000,5349.6000,5349.8000,5350.0000,5350.2000,5350.8000,1,6,3,1,1,1,3,5,2,2
SF,IC2003,2020-01-03 10:54:00.900,5349.2000,53617,0,5511039200.000,0,-,-,-,-,5349.0000,5348.6000,5347.6000,5346.8000,5346.0000,5349.6000,5349.8000,5350.0000,5350.2000,5350.8000,2,6,3,1,1,1,3,5,2,2
SF,IC2003,2020-01-03 10:54:01.400,5349.2000,53617,0,5511039200.000,0,-,-,-,-,5349.0000,5348.6000,5347.6000,5346.8000,5346.0000,5349.6000,5349.8000,5350.0000,5350.2000,5350.8000,2,6,3,1,1,1,3,5,2,2
SF,IC2003,2020-01-03 10:54:01.900,5349.0000,53616,-1,5513178800.000,2,0,2,多平,S,5348.6000,5347.6000,5346.8000,5346.0000,5345.8000,5349.2000,5349.6000,5349.8000,5350.0000,5350.2000,6,3,1,1,1,1,1,3,5,2
SF,IC2003,2020-01-03 10:54:02.400,5349.0000,53616,0,5513178800.000,0,-,-,-,-,5348.6000,5347.6000,5346.8000,5346.0000,5345.8000,5349.6000,5349.8000,5350.0000,5350.2000,5350.8000,5,3,1,1,1,1,3,5,2,2
SF,IC2003,2020-01-03 10:54:02.900,5349.0000,53616,0,5513178800.000,0,-,-,-,-,5348.6000,5347.6000,5346.0000,5345.8000,5345.2000,5349.4000,5349.6000,5349.8000,5350.0000,5350.2000,6,3,1,1,1,2,1,1,5,2
SF,IC2003,2020-01-03 10:54:03.400,5348.6000,53617,1,5514248520.000,1,1,0,双开,S,5348.6000,5347.6000,5346.0000,5345.8000,5345.2000,5349.4000,5349.6000,5349.8000,5350.0000,5350.2000,5,3,1,1,1,2,1,1,5,2
SF,IC2003,2020-01-03 10:54:03.900,5348.6000,53617,0,5515318240.000,1,0,1,多换,S,5348.6000,5347.6000,5346.0000,5345.8000,5345.2000,5349.4000,5349.6000,5349.8000,5350.0000,5350.2000,4,3,1,1,1,2,1,1,5,2
SF,IC2003,2020-01-03 10:54:04.900,5348.6000,53617,0,5515318240.000,0,-,-,-,-,5348.6000,5347.6000,5346.0000,5345.8000,5345.2000,5349.4000,5349.6000,5349.8000,5350.0000,5350.2000,4,3,1,1,1,3,1,1,5,2
SF,IC2003,2020-01-03 10:54:07.900,5348.6000,53617,0,5515318240.000,0,-,-,-,-,5348.6000,5347.6000,5346.0000,5345.8000,5345.2000,5349.2000,5349.4000,5349.6000,5349.8000,5350.0000,4,3,1,1,1,1,3,1,1,5
SF,IC2003,2020-01-03 10:54:08.400,5348.6000,53618,1,5516387960.000,1,1,0,双开,S,5348.6000,5347.6000,5346.0000,5345.8000,5345.2000,5349.2000,5349.4000,5349.6000,5349.8000,5350.0000,3,3,1,1,1,1,3,1,1,5
SF,IC2003,2020-01-03 10:54:09.400,5348.6000,53618,0,5516387960.000,0,-,-,-,-,5348.6000,5347.6000,5346.0000,5345.8000,5345.2000,5349.4000,5349.6000,5349.8000,5350.0000,5350.2000,3,3,1,1,1,3,1,1,5,2
SF,IC2003,2020-01-03 10:54:12.400,5348.6000,53617,-1,5517457680.000,1,0,1,双平,S,5348.6000,5347.6000,5346.0000,5345.8000,5345.2000,5349.2000,5349.4000,5349.6000,5349.8000,5350.0000,2,3,1,1,1,1,3,1,1,5
SF,IC2003,2020-01-03 10:54:12.900,5348.6000,53617,0,5519597120.000,2,1,1,多换,S,5347.6000,5346.0000,5345.8000,5345.2000,5345.0000,5348.8000,5349.0000,5349.2000,5349.4000,5349.6000,3,1,1,1,2,1,2,1,1,1
SF,IC2003,2020-01-03 10:54:13.400,5348.6000,53617,0,5519597120.000,0,-,-,-,-,5348.8000,5347.8000,5347.6000,5346.0000,5345.8000,5349.2000,5349.4000,5349.6000,5349.8000,5350.0000,2,2,3,1,1,1,1,1,1,5
SF,IC2003,2020-01-03 10:54:13.900,5348.8000,53617,0,5521736640.000,2,1,1,多换,S,5347.8000,5347.6000,5346.0000,5345.8000,5345.2000,5349.2000,5349.4000,5349.6000,5349.8000,5350.0000,2,3,1,1,1,1,1,1,1,5
SF,IC2003,2020-01-03 10:54:14.400,5348.8000,53617,0,5521736640.000,0,-,-,-,-,5347.6000,5346.0000,5345.8000,5345.2000,5345.0000,5349.0000,5349.2000,5349.4000,5349.6000,5349.8000,3,1,1,1,2,2,1,1,1,1
SF,IC2003,2020-01-03 10:54:14.900,5348.8000,53617,0,5521736640.000,0,-,-,-,-,5347.8000,5347.6000,5346.0000,5345.8000,5345.2000,5349.0000,5349.2000,5349.4000,5349.6000,5349.8000,2,3,1,1,1,2,1,1,1,1
SF,IC2003,2020-01-03 10:54:17.900,5348.8000,53617,0,5521736640.000,0,-,-,-,-,5347.8000,5347.6000,5346.0000,5345.8000,5345.2000,5348.8000,5349.0000,5349.2000,5349.4000,5349.6000,2,3,1,1,1,1,2,1,1,1
SF,IC2003,2020-01-03 10:54:18.400,5348.8000,53617,0,5521736640.000,0,-,-,-,-,5347.6000,5346.0000,5345.8000,5345.2000,5345.0000,5348.8000,5349.0000,5349.2000,5349.4000,5349.6000,4,1,1,1,2,1,2,1,1,1
SF,IC2003,2020-01-03 10:54:18.900,5348.8000,53617,0,5521736640.000,0,-,-,-,-,5347.6000,5346.0000,5345.8000,5345.2000,5345.0000,5348.6000,5348.8000,5349.2000,5349.4000,5349.6000,4,1,1,1,2,2,1,1,1,1
SF,IC2003,2020-01-03 10:54:19.400,5348.8000,53617,0,5521736640.000,0,-,-,-,-,5347.6000,5346.0000,5345.8000,5345.2000,5345.0000,5348.4000,5348.6000,5349.2000,5349.4000,5349.6000,4,1,1,1,2,1,2,1,1,1
SF,IC2003,2020-01-03 10:54:19.900,5348.8000,53617,0,5522806400.000,1,0,1,多换,S,5347.6000,5346.0000,5345.8000,5345.2000,5345.0000,5348.4000,5348.6000,5349.2000,5349.4000,5349.6000,4,1,1,1,2,1,2,1,1,1
SF,IC2003,2020-01-03 10:54:20.900,5348.8000,53617,0,5522806400.000,0,-,-,-,-,5347.6000,5346.0000,5345.8000,5345.2000,5345.0000,5348.4000,5348.6000,5349.2000,5349.4000,5349.6000,4,1,1,1,2,1,2,1,1,1
SF,IC2003,2020-01-03 10:54:21.900,5348.8000,53617,0,5522806400.000,0,-,-,-,-,5347.6000,5346.0000,5345.8000,5345.2000,5345.0000,5348.4000,5348.6000,5349.2000,5349.4000,5349.6000,4,1,1,1,2,1,2,1,1,2
SF,IC2003,2020-01-03 10:54:22.400,5348.8000,53617,0,5522806400.000,0,-,-,-,-,5347.6000,5346.0000,5345.8000,5345.2000,5345.0000,5348.6000,5348.8000,5349.2000,5349.4000,5349.6000,4,1,1,1,2,2,1,1,1,2
SF,IC2003,2020-01-03 10:54:22.900,5348.8000,53617,0,5522806400.000,0,-,-,-,-,5347.8000,5347.6000,5346.0000,5345.8000,5345.2000,5348.6000,5348.8000,5349.2000,5349.4000,5349.6000,2,4,1,1,1,2,1,1,1,2
SF,IC2003,2020-01-03 10:54:24.900,5347.8000,53617,0,5526015400.000,3,1,2,多换,S,5347.8000,5347.6000,5346.0000,5345.8000,5345.2000,5348.8000,5349.0000,5349.2000,5349.4000,5349.6000,1,4,1,1,1,1,1,1,1,2
SF,IC2003,2020-01-03 10:54:25.400,5347.8000,53617,0,5526015400.000,0,-,-,-,-,5348.0000,5347.8000,5347.6000,5346.0000,5345.8000,5348.8000,5349.0000,5349.2000,5349.4000,5349.6000,2,1,4,1,1,1,1,1,1,2
SF,IC2003,2020-01-03 10:54:25.900,5348.0000,53617,0,5527085000.000,1,0,1,多换,S,5348.0000,5347.8000,5347.6000,5346.0000,5345.8000,5348.8000,5349.0000,5349.2000,5349.4000,5349.6000,1,1,4,1,1,1,1,1,1,2
SF,IC2003,2020-01-03 10:54:26.400,5348.0000,53617,0,5527085000.000,0,-,-,-,-,5348.6000,5348.0000,5347.8000,5347.6000,5346.0000,5348.8000,5349.0000,5349.2000,5349.4000,5349.6000,1,1,1,4,1,1,1,1,1,2
SF,IC2003,2020-01-03 10:54:26.900,5348.6000,53618,1,5528154720.000,1,1,0,双开,S,5348.0000,5347.8000,5347.6000,5346.0000,5345.8000,5348.6000,5348.8000,5349.0000,5349.2000,5349.4000,1,1,4,1,1,2,1,1,1,1
SF,IC2003,2020-01-03 10:54:27.400,5348.6000,53618,0,5528154720.000,0,-,-,-,-,5348.0000,5347.8000,5347.6000,5346.0000,5345.8000,5348.6000,5348.8000,5349.0000,5349.4000,5349.6000,1,1,4,1,1,2,1,1,1,2
SF,IC2003,2020-01-03 10:54:28.900,5348.6000,53618,0,5528154720.000,0,-,-,-,-,5348.0000,5347.8000,5347.6000,5346.0000,5345.8000,5348.8000,5349.0000,5349.4000,5349.6000,5349.8000,1,1,4,1,1,1,1,1,2,1
SF,IC2003,2020-01-03 10:54:29.400,5348.6000,53618,0,5528154720.000,0,-,-,-,-,5347.8000,5347.6000,5346.0000,5345.8000,5345.2000,5348.8000,5349.0000,5349.4000,5349.6000,5349.8000,1,4,1,1,1,1,1,1,2,1
SF,IC2003,2020-01-03 10:54:29.900,5348.6000,53618,0,5528154720.000,0,-,-,-,-,5347.8000,5347.6000,5346.0000,5345.8000,5345.2000,5348.0000,5348.8000,5349.0000,5349.4000,5349.6000,1,4,1,1,1,1,1,1,1,2
SF,IC2003,2020-01-03 10:54:30.400,5348.0000,53618,0,5529224320.000,1,0,1,多换,S,5348.0000,5347.8000,5347.6000,5346.0000,5345.8000,5348.8000,5349.0000,5349.4000,5349.6000,5349.8000,1,1,4,1,1,1,1,1,2,1
SF,IC2003,2020-01-03 10:54:32.900,5348.8000,53618,0,5530294080.000,1,0,1,多换,S,5348.0000,5347.8000,5347.6000,5346.0000,5345.8000,5349.0000,5349.4000,5349.6000,5349.8000,5350.0000,1,1,4,1,1,1,1,2,1,9
SF,IC2003,2020-01-03 10:54:33.400,5348.8000,53618,0,5530294080.000,0,-,-,-,-,5348.0000,5347.8000,5347.6000,5346.0000,5345.8000,5349.0000,5349.4000,5349.6000,5349.8000,5350.0000,1,1,4,1,1,1,1,2,1,9
SF,IC2003,2020-01-03 10:54:34.900,5347.6000,53619,1,5534572280.000,4,2,2,空开,S,5347.6000,5346.0000,5345.8000,5345.2000,5345.0000,5348.6000,5348.8000,5349.0000,5349.4000,5349.6000,2,1,1,1,2,2,1,2,1,2
SF,IC2003,2020-01-03 10:54:35.400,5348.4000,53619,0,5537781000.000,3,1,2,多换,S,5346.0000,5345.8000,5345.2000,5345.0000,5344.6000,5347.8000,5348.4000,5348.6000,5348.8000,5349.0000,1,1,1,2,1,2,3,1,1,2
SF,IC2003,2020-01-03 10:54:35.900,5348.4000,53619,0,5537781000.000,0,-,-,-,-,5346.4000,5346.2000,5346.0000,5345.8000,5345.2000,5347.8000,5348.4000,5348.6000,5348.8000,5349.0000,2,2,1,1,1,2,3,1,1,2
SF,IC2003,2020-01-03 10:54:36.400,5347.8000,53619,0,5538850560.000,1,0,1,多换,S,5346.6000,5346.0000,5345.8000,5345.2000,5345.0000,5347.8000,5348.4000,5348.6000,5348.8000,5349.0000,2,1,1,1,2,1,3,1,1,2
SF,IC2003,2020-01-03 10:54:36.900,5347.8000,53619,0,5538850560.000,0,-,-,-,-,5346.6000,5346.0000,5345.8000,5345.2000,5345.0000,5347.8000,5348.4000,5348.6000,5348.8000,5349.0000,2,1,1,1,2,1,1,1,1,2
SF,IC2003,2020-01-03 10:54:37.900,5347.8000,53619,0,5539920120.000,1,0,1,多换,S,5346.6000,5346.0000,5345.8000,5345.2000,5345.0000,5347.8000,5348.4000,5348.6000,5348.8000,5349.0000,2,1,1,1,2,1,1,1,1,1
SF,IC2003,2020-01-03 10:54:38.400,5347.8000,53619,0,5539920120.000,0,-,-,-,-,5346.6000,5346.0000,5345.8000,5345.2000,5345.0000,5347.8000,5348.4000,5348.6000,5349.0000,5349.4000,2,1,1,1,2,1,1,1,1,1
SF,IC2003,2020-01-03 10:54:38.900,5347.8000,53619,0,5539920120.000,0,-,-,-,-,5346.4000,5346.0000,5345.8000,5345.2000,5345.0000,5347.4000,5347.6000,5347.8000,5348.6000,5349.0000,1,1,1,1,2,2,3,4,1,1
SF,IC2003,2020-01-03 10:54:39.400,5347.8000,53619,0,5539920120.000,0,-,-,-,-,5346.4000,5346.0000,5345.8000,5345.2000,5345.0000,5346.6000,5347.0000,5347.2000,5347.4000,5347.6000,1,1,1,1,2,1,1,3,1,2
SF,IC2003,2020-01-03 10:54:39.900,5346.4000,53618,-1,5540989400.000,1,0,1,双平,S,5346.0000,5345.8000,5345.2000,5345.0000,5344.6000,5346.6000,5347.0000,5347.2000,5347.4000,5347.6000,1,1,1,2,1,1,1,3,1,2
SF,IC2003,2020-01-03 10:54:40.400,5346.6000,53618,0,5542058720.000,1,0,1,多换,S,5346.2000,5346.0000,5345.8000,5345.2000,5345.0000,5347.0000,5347.4000,5347.6000,5347.8000,5348.6000,2,1,1,1,2,1,1,1,3,1
SF,IC2003,2020-01-03 10:54:40.900,5346.6000,53618,0,5542058720.000,0,-,-,-,-,5346.2000,5346.0000,5345.8000,5345.2000,5345.0000,5347.4000,5347.6000,5347.8000,5348.6000,5349.0000,2,1,1,1,2,1,1,2,1,1
SF,IC2003,2020-01-03 10:54:41.400,5346.6000,53618,0,5542058720.000,0,-,-,-,-,5346.2000,5346.0000,5345.8000,5345.0000,5344.6000,5347.4000,5347.6000,5347.8000,5348.6000,5349.0000,2,1,1,2,1,1,1,2,1,1
SF,IC2003,2020-01-03 10:54:41.900,5346.6000,53618,0,5542058720.000,0,-,-,-,-,5346.2000,5346.0000,5345.8000,5345.0000,5344.6000,5347.4000,5347.6000,5347.8000,5348.6000,5349.0000,2,1,1,2,1,1,1,1,1,1
SF,IC2003,2020-01-03 10:54:42.400,5346.6000,53618,0,5542058720.000,0,-,-,-,-,5346.2000,5346.0000,5345.8000,5345.0000,5344.6000,5347.6000,5348.6000,5349.0000,5349.4000,5349.6000,2,1,1,2,1,1,1,1,1,2
SF,IC2003,2020-01-03 10:54:44.400,5346.6000,53618,0,5542058720.000,0,-,-,-,-,5346.2000,5346.0000,5345.8000,5345.0000,5344.6000,5347.6000,5348.6000,5349.0000,5349.4000,5349.6000,2,1,1,2,1,1,1,1,1,2
SF,IC2003,2020-01-03 10:54:46.400,5346.6000,53618,0,5542058720.000,0,-,-,-,-,5346.4000,5346.2000,5346.0000,5345.8000,5345.0000,5347.6000,5348.6000,5349.0000,5349.4000,5349.6000,1,2,1,1,2,1,1,1,1,2
SF,IC2003,2020-01-03 10:54:47.400,5346.6000,53618,0,5542058720.000,0,-,-,-,-,5346.4000,5346.2000,5346.0000,5345.8000,5345.0000,5347.6000,5348.6000,5349.0000,5349.4000,5349.6000,1,2,1,1,2,1,1,1,1,2
SF,IC2003,2020-01-03 10:54:47.900,5346.6000,53618,0,5542058720.000,0,-,-,-,-,5346.6000,5346.4000,5346.0000,5345.8000,5345.0000,5347.6000,5348.6000,5349.0000,5349.4000,5349.6000,2,1,1,1,2,1,1,1,1,2
SF,IC2003,2020-01-03 10:54:49.900,5347.6000,53618,0,5543128240.000,1,0,1,多换,S,5347.4000,5346.6000,5346.4000,5346.0000,5345.8000,5348.6000,5349.0000,5349.4000,5349.6000,5350.0000,4,2,1,1,1,1,1,1,2,10
SF,IC2003,2020-01-03 10:54:50.400,5347.6000,53618,0,5543128240.000,0,-,-,-,-,5347.6000,5346.4000,5346.0000,5345.8000,5345.0000,5349.0000,5349.4000,5349.6000,5350.0000,5350.2000,2,1,1,1,2,1,1,2,10,2
SF,IC2003,2020-01-03 10:54:50.900,5347.6000,53618,0,5543128240.000,0,-,-,-,-,5347.6000,5346.4000,5346.0000,5345.8000,5345.0000,5349.0000,5349.4000,5349.6000,5350.0000,5350.2000,2,1,1,1,2,2,1,2,10,2
SF,IC2003,2020-01-03 10:54:51.400,5347.6000,53618,0,5543128240.000,0,-,-,-,-,5347.6000,5346.4000,5346.0000,5345.8000,5345.0000,5348.6000,5348.8000,5349.0000,5349.4000,5349.6000,2,1,1,1,2,1,2,2,1,2
SF,IC2003,2020-01-03 10:54:51.900,5347.6000,53618,0,5543128240.000,0,-,-,-,-,5347.6000,5346.0000,5345.8000,5345.0000,5344.6000,5348.8000,5349.0000,5349.4000,5349.6000,5350.0000,2,1,1,2,1,3,2,1,2,10
SF,IC2003,2020-01-03 10:54:52.400,5347.6000,53618,0,5543128240.000,0,-,-,-,-,5346.0000,5345.8000,5345.0000,5344.6000,5344.4000,5348.4000,5348.6000,5348.8000,5349.0000,5349.4000,1,1,2,1,1,2,1,3,1,1
SF,IC2003,2020-01-03 10:54:52.900,5347.6000,53618,0,5543128240.000,0,-,-,-,-,5346.4000,5346.2000,5346.0000,5345.8000,5345.0000,5348.2000,5348.4000,5348.8000,5349.0000,5349.4000,3,2,1,1,2,3,2,1,1,1
SF,IC2003,2020-01-03 10:54:53.400,5347.6000,53618,0,5543128240.000,0,-,-,-,-,5346.6000,5346.4000,5346.0000,5345.8000,5345.0000,5348.2000,5348.4000,5348.8000,5349.0000,5349.4000,2,1,1,1,2,3,2,1,1,1
SF,IC2003,2020-01-03 10:54:54.900,5348.2000,53618,0,5544197880.000,1,0,1,多换,S,5346.6000,5346.4000,5346.0000,5345.8000,5345.0000,5348.2000,5348.4000,5348.8000,5349.0000,5349.4000,2,1,1,1,2,2,2,1,1,1
SF,IC2003,2020-01-03 10:54:55.400,5348.2000,53618,0,5544197880.000,0,-,-,-,-,5346.6000,5346.4000,5346.0000,5345.8000,5345.0000,5348.2000,5348.4000,5348.8000,5349.0000,5349.4000,2,1,1,1,2,1,2,1,1,1
SF,IC2003,2020-01-03 10:54:55.900,5348.2000,53618,0,5544197880.000,0,-,-,-,-,5346.6000,5346.4000,5346.0000,5345.8000,5345.0000,5348.4000,5348.8000,5349.0000,5349.4000,5349.6000,2,1,1,1,2,2,1,1,1,2
SF,IC2003,2020-01-03 10:54:56.400,5348.2000,53618,0,5544197880.000,0,-,-,-,-,5347.0000,5346.8000,5346.6000,5346.4000,5346.0000,5348.4000,5348.8000,5349.0000,5349.4000,5349.6000,2,1,2,1,1,2,1,1,1,2
SF,IC2003,2020-01-03 10:54:56.900,5348.2000,53618,0,5544197880.000,0,-,-,-,-,5348.2000,5348.0000,5347.2000,5346.8000,5346.0000,5348.8000,5349.0000,5349.4000,5349.6000,5350.0000,1,6,3,1,1,1,1,1,2,10
SF,IC2003,2020-01-03 10:54:57.400,5348.2000,53617,-1,5545267520.000,1,0,1,双平,S,5347.2000,5346.8000,5346.0000,5345.8000,5345.0000,5348.2000,5348.8000,5349.0000,5349.4000,5349.6000,2,1,1,1,2,1,1,1,1,2
SF,IC2003,2020-01-03 10:54:58.400,5348.2000,53617,0,5545267520.000,0,-,-,-,-,5347.2000,5346.8000,5346.0000,5345.8000,5345.0000,5348.2000,5348.8000,5349.0000,5349.4000,5349.6000,2,1,1,1,2,1,1,1,1,2
SF,IC2003,2020-01-03 10:54:58.900,5347.2000,53617,0,5546336960.000,1,0,1,多换,S,5347.2000,5346.8000,5346.0000,5345.8000,5345.0000,5348.2000,5348.8000,5349.0000,5349.4000,5349.6000,1,1,1,1,2,1,1,1,1,2
SF,IC2003,2020-01-03 10:55:01.900,5347.2000,53617,0,5546336960.000,0,-,-,-,-,5347.2000,5346.8000,5346.6000,5346.0000,5345.8000,5348.2000,5348.8000,5349.0000,5349.4000,5349.6000,1,1,1,1,1,1,1,1,1,2
SF,IC2003,2020-01-03 10:55:02.400,5347.2000,53617,0,5546336960.000,0,-,-,-,-,5348.2000,5348.0000,5347.2000,5346.8000,5346.6000,5348.8000,5349.0000,5349.4000,5349.6000,5350.0000,2,4,1,1,1,1,1,1,2,10
SF,IC2003,2020-01-03 10:55:02.900,5347.2000,53617,0,5546336960.000,0,-,-,-,-,5347.4000,5347.2000,5346.6000,5346.0000,5345.8000,5348.8000,5349.0000,5349.4000,5349.6000,5350.0000,1,1,1,1,1,1,1,1,2,10
SF,IC2003,2020-01-03 10:55:03.400,5347.2000,53617,0,5546336960.000,0,-,-,-,-,5348.4000,5347.6000,5347.4000,5346.6000,5346.0000,5348.8000,5349.0000,5349.4000,5349.6000,5350.0000,2,2,1,1,1,1,1,1,2,10
SF,IC2003,2020-01-03 10:55:03.900,5347.2000,53617,0,5546336960.000,0,-,-,-,-,5347.6000,5347.4000,5346.6000,5346.0000,5345.8000,5348.8000,5349.0000,5349.4000,5349.6000,5350.0000,2,1,1,1,1,1,1,1,2,10
SF,IC2003,2020-01-03 10:55:05.900,5347.2000,53617,0,5546336960.000,0,-,-,-,-,5347.6000,5346.6000,5346.0000,5345.8000,5345.0000,5348.8000,5349.0000,5349.4000,5349.6000,5350.0000,2,1,1,1,2,1,1,1,2,10
SF,IC2003,2020-01-03 10:55:06.400,5347.2000,53617,0,5546336960.000,0,-,-,-,-,5346.6000,5346.0000,5345.8000,5345.0000,5344.6000,5348.6000,5348.8000,5349.0000,5349.4000,5349.6000,1,1,1,2,1,2,1,1,1,2
SF,IC2003,2020-01-03 10:55:06.900,5347.2000,53617,0,5546336960.000,0,-,-,-,-,5347.0000,5346.8000,5346.6000,5346.0000,5345.8000,5348.8000,5349.0000,5349.4000,5349.6000,5350.0000,1,4,1,1,1,1,1,1,2,10
SF,IC2003,2020-01-03 10:55:07.400,5347.2000,53617,0,5546336960.000,0,-,-,-,-,5347.4000,5347.2000,5347.0000,5346.6000,5346.0000,5348.8000,5349.0000,5349.4000,5349.6000,5350.0000,2,2,1,1,1,1,1,1,2,10
SF,IC2003,2020-01-03 10:55:07.900,5347.2000,53617,0,5546336960.000,0,-,-,-,-,5347.6000,5347.0000,5346.6000,5346.0000,5345.8000,5348.8000,5349.0000,5349.4000,5349.6000,5350.0000,2,1,1,1,1,2,1,1,2,10
SF,IC2003,2020-01-03 10:55:09.400,5347.2000,53617,0,5546336960.000,0,-,-,-,-,5347.8000,5347.6000,5347.0000,5346.6000,5346.0000,5348.8000,5349.0000,5349.4000,5349.6000,5350.0000,1,2,1,1,1,2,1,1,2,10
SF,IC2003,2020-01-03 10:55:10.400,5347.2000,53617,0,5546336960.000,0,-,-,-,-,5347.6000,5347.0000,5346.6000,5346.0000,5345.8000,5348.8000,5349.0000,5349.4000,5349.6000,5350.0000,2,1,1,1,1,2,1,1,2,10
SF,IC2003,2020-01-03 10:55:11.400,5347.6000,53617,0,5547406480.000,1,0,1,多换,S,5347.6000,5347.0000,5346.6000,5346.0000,5345.8000,5348.8000,5349.0000,5349.4000,5349.6000,5350.0000,2,1,1,1,1,1,1,1,2,10
SF,IC2003,2020-01-03 10:55:12.400,5347.6000,53617,0,5547406480.000,0,-,-,-,-,5347.6000,5347.0000,5346.6000,5346.0000,5345.8000,5348.8000,5349.0000,5349.4000,5349.6000,5350.0000,2,1,1,1,1,1,1,1,2,10
SF,IC2003,2020-01-03 10:55:12.900,5347.6000,53617,0,5547406480.000,0,-,-,-,-,5347.8000,5347.0000,5346.6000,5346.0000,5345.8000,5348.6000,5348.8000,5349.0000,5349.4000,5349.6000,1,1,1,1,1,2,1,1,1,2
SF,IC2003,2020-01-03 10:55:14.900,5347.8000,53617,0,5548476040.000,1,0,1,多换,S,5347.0000,5346.6000,5346.0000,5345.8000,5345.0000,5348.6000,5348.8000,5349.0000,5349.4000,5349.6000,1,1,1,1,2,2,1,1,1,2
SF,IC2003,2020-01-03 10:55:15.400,5347.8000,53617,0,5548476040.000,0,-,-,-,-,5346.6000,5346.0000,5345.8000,5345.0000,5344.6000,5347.8000,5348.2000,5348.6000,5348.8000,5349.0000,1,1,1,2,1,1,2,2,1,1
SF,IC2003,2020-01-03 10:55:15.900,5347.8000,53617,0,5548476040.000,0,-,-,-,-,5346.8000,5346.6000,5346.0000,5345.8000,5345.0000,5347.8000,5348.2000,5348.6000,5348.8000,5349.0000,2,1,1,1,2,1,2,2,1,1
SF,IC2003,2020-01-03 10:55:17.400,5347.8000,53617,0,5548476040.000,0,-,-,-,-,5346.8000,5346.6000,5346.0000,5345.8000,5345.0000,5347.8000,5348.2000,5348.6000,5348.8000,5349.0000,2,1,1,1,2,1,2,2,1,3
SF,IC2003,2020-01-03 10:55:18.400,5347.8000,53617,0,5548476040.000,0,-,-,-,-,5347.6000,5346.8000,5346.6000,5346.0000,5345.8000,5347.8000,5348.2000,5348.6000,5348.8000,5349.0000,1,2,1,1,1,1,2,2,1,3
SF,IC2003,2020-01-03 10:55:19.400,5347.8000,53617,0,5548476040.000,0,-,-,-,-,5347.6000,5346.8000,5346.6000,5346.0000,5345.8000,5347.8000,5348.2000,5348.6000,5348.8000,5349.0000,1,2,1,1,1,1,2,2,1,3
SF,IC2003,2020-01-03 10:55:21.400,5347.8000,53617,0,5548476040.000,0,-,-,-,-,5347.6000,5346.8000,5346.6000,5346.0000,5345.8000,5347.8000,5348.2000,5348.6000,5348.8000,5349.0000,1,3,1,1,1,1,1,2,1,3
SF,IC2003,2020-01-03 10:55:23.900,5347.8000,53617,0,5548476040.000,0,-,-,-,-,5347.6000,5346.8000,5346.6000,5346.0000,5345.8000,5347.8000,5348.2000,5348.6000,5348.8000,5349.0000,1,3,1,1,1,1,1,2,1,3
SF,IC2003,2020-01-03 10:55:24.400,5347.6000,53617,0,5549545560.000,1,0,1,多换,S,5346.8000,5346.6000,5346.0000,5345.8000,5345.0000,5347.8000,5348.2000,5348.6000,5348.8000,5349.0000,3,1,1,1,2,1,1,2,1,3
SF,IC2003,2020-01-03 10:55:25.400,5347.6000,53617,0,5549545560.000,0,-,-,-,-,5346.8000,5346.6000,5346.0000,5345.8000,5345.0000,5347.6000,5347.8000,5348.2000,5348.6000,5348.8000,3,1,1,1,2,1,1,1,2,1
SF,IC2003,2020-01-03 10:55:25.900,5347.6000,53617,0,5549545560.000,0,-,-,-,-,5346.8000,5346.6000,5346.0000,5345.8000,5345.0000,5347.6000,5347.8000,5348.2000,5348.6000,5348.8000,3,1,1,1,2,1,1,1,2,1
SF,IC2003,2020-01-03 10:55:29.400,5347.6000,53617,0,5549545560.000,0,-,-,-,-,5347.0000,5346.8000,5346.6000,5346.0000,5345.8000,5347.6000,5347.8000,5348.2000,5348.6000,5348.8000,1,3,1,1,1,1,1,1,2,1
SF,IC2003,2020-01-03 10:55:29.900,5347.6000,53617,0,5549545560.000,0,-,-,-,-,5347.0000,5346.8000,5346.6000,5346.0000,5345.8000,5347.6000,5347.8000,5348.2000,5348.6000,5348.8000,1,3,1,1,1,1,1,1,2,1
SF,IC2003,2020-01-03 10:55:31.900,5347.6000,53617,0,5549545560.000,0,-,-,-,-,5347.0000,5346.8000,5346.6000,5346.0000,5345.8000,5347.6000,5347.8000,5348.2000,5348.6000,5348.8000,1,3,1,1,1,1,1,1,2,1
SF,IC2003,2020-01-03 10:55:32.400,5347.6000,53617,0,5549545560.000,0,-,-,-,-,5347.2000,5347.0000,5346.8000,5346.6000,5346.0000,5347.6000,5347.8000,5348.2000,5348.8000,5349.0000,2,1,1,1,1,1,1,1,1,3
SF,IC2003,2020-01-03 10:55:33.900,5347.6000,53617,0,5549545560.000,0,-,-,-,-,5347.2000,5347.0000,5346.8000,5346.6000,5346.0000,5347.6000,5347.8000,5348.2000,5348.8000,5349.0000,2,1,1,1,1,1,2,1,1,3
SF,IC2003,2020-01-03 10:55:34.400,5347.6000,53617,0,5549545560.000,0,-,-,-,-,5347.2000,5346.8000,5346.6000,5346.0000,5345.8000,5347.6000,5347.8000,5348.2000,5348.8000,5349.0000,2,1,1,1,1,1,2,1,1,3
SF,IC2003,2020-01-03 10:55:34.900,5347.8000,53618,1,5552754200.000,3,2,1,空开,S,5347.2000,5346.8000,5346.6000,5346.0000,5345.8000,5348.2000,5348.8000,5349.0000,5349.4000,5349.6000,2,1,1,1,1,1,1,3,1,2
SF,IC2003,2020-01-03 10:55:35.400,5347.8000,53618,0,5552754200.000,0,-,-,-,-,5347.2000,5346.8000,5346.6000,5346.0000,5345.8000,5348.8000,5349.0000,5349.4000,5349.6000,5349.8000,2,1,1,1,1,1,3,1,2,1
SF,IC2003,2020-01-03 10:55:37.900,5347.8000,53618,0,5552754200.000,0,-,-,-,-,5347.2000,5346.8000,5346.6000,5346.0000,5345.8000,5348.8000,5349.0000,5349.4000,5349.6000,5349.8000,2,1,1,1,1,1,3,1,2,1
SF,IC2003,2020-01-03 10:55:39.900,5347.8000,53618,0,5552754200.000,0,-,-,-,-,5347.4000,5347.2000,5346.8000,5346.6000,5346.0000,5348.8000,5349.0000,5349.4000,5349.6000,5349.8000,1,2,1,1,1,1,3,1,2,1
SF,IC2003,2020-01-03 10:55:41.400,5347.8000,53618,0,5552754200.000,0,-,-,-,-,5347.2000,5346.8000,5346.6000,5346.0000,5345.8000,5348.8000,5349.0000,5349.4000,5349.6000,5349.8000,2,1,1,1,1,1,3,1,2,1
SF,IC2003,2020-01-03 10:55:41.900,5347.8000,53618,0,5552754200.000,0,-,-,-,-,5347.2000,5346.8000,5346.6000,5346.0000,5345.8000,5348.6000,5348.8000,5349.0000,5349.4000,5349.6000,2,1,1,1,1,1,1,3,1,2
SF,IC2003,2020-01-03 10:55:42.400,5347.8000,53618,0,5552754200.000,0,-,-,-,-,5347.2000,5346.8000,5346.6000,5346.0000,5345.8000,5348.6000,5348.8000,5349.0000,5349.4000,5349.6000,2,1,1,1,1,1,1,1,1,2
SF,IC2003,2020-01-03 10:55:42.900,5347.8000,53618,0,5552754200.000,0,-,-,-,-,5347.2000,5346.8000,5346.6000,5346.0000,5345.0000,5348.6000,5348.8000,5349.0000,5349.4000,5349.6000,2,1,1,1,2,1,1,1,1,2
SF,IC2003,2020-01-03 10:55:43.900,5347.2000,53618,0,5553823640.000,1,0,1,多换,S,5347.4000,5347.2000,5346.8000,5346.6000,5346.0000,5348.6000,5348.8000,5349.0000,5349.4000,5349.6000,1,1,1,1,1,1,1,1,1,2
SF,IC2003,2020-01-03 10:55:44.400,5347.2000,53618,0,5553823640.000,0,-,-,-,-,5347.4000,5347.2000,5346.8000,5346.6000,5346.0000,5348.4000,5348.6000,5348.8000,5349.0000,5349.4000,1,1,1,1,1,2,1,1,1,1
SF,IC2003,2020-01-03 10:55:44.900,5347.2000,53618,0,5553823640.000,0,-,-,-,-,5347.4000,5347.2000,5346.8000,5346.6000,5346.0000,5348.2000,5348.4000,5348.8000,5349.0000,5349.4000,1,1,1,1,1,1,2,1,1,1
SF,IC2003,2020-01-03 10:55:45.900,5347.2000,53618,0,5553823640.000,0,-,-,-,-,5347.4000,5347.2000,5346.8000,5346.6000,5346.0000,5348.2000,5348.4000,5348.8000,5349.0000,5349.4000,1,2,1,1,1,1,2,1,1,1
SF,IC2003,2020-01-03 10:55:46.900,5348.2000,53618,0,5554893280.000,1,0,1,多换,S,5347.4000,5347.2000,5346.8000,5346.6000,5346.0000,5348.4000,5348.8000,5349.0000,5349.4000,5349.6000,1,2,1,1,1,2,1,1,1,2
SF,IC2003,2020-01-03 10:55:47.900,5347.4000,53619,1,5557032400.000,2,1,1,空开,S,5347.2000,5346.8000,5346.6000,5346.0000,5345.0000,5348.4000,5348.8000,5349.0000,5349.4000,5349.6000,2,1,1,1,2,2,1,1,1,2
SF,IC2003,2020-01-03 10:55:50.900,5347.4000,53619,0,5557032400.000,0,-,-,-,-,5347.4000,5347.2000,5346.8000,5346.6000,5346.0000,5348.4000,5348.8000,5349.0000,5349.4000,5349.6000,1,2,1,1,1,2,1,1,1,2
SF,IC2003,2020-01-03 10:55:52.900,5347.4000,53619,0,5557032400.000,0,-,-,-,-,5348.2000,5347.4000,5347.2000,5346.8000,5346.6000,5348.4000,5348.8000,5349.0000,5349.4000,5349.6000,3,1,2,1,1,2,1,1,1,2
SF,IC2003,2020-01-03 10:55:53.900,5348.4000,53618,-1,5558102080.000,1,0,1,双平,S,5348.2000,5347.4000,5347.2000,5346.8000,5346.6000,5348.4000,5348.8000,5349.0000,5349.4000,5349.6000,3,1,2,1,1,1,1,1,1,2
SF,IC2003,2020-01-03 10:55:54.400,5348.4000,53617,-1,5559171760.000,1,0,1,双平,S,5348.2000,5347.4000,5347.2000,5346.8000,5346.6000,5348.8000,5349.0000,5349.4000,5349.6000,5349.8000,3,1,2,1,1,1,1,1,2,1
SF,IC2003,2020-01-03 10:55:55.900,5348.2000,53617,0,5562380680.000,3,1,2,多换,S,5347.4000,5347.2000,5346.8000,5346.6000,5346.0000,5348.8000,5349.0000,5349.4000,5349.6000,5349.8000,1,2,1,1,1,1,1,1,2,1
SF,IC2003,2020-01-03 10:55:56.400,5348.2000,53617,0,5562380680.000,0,-,-,-,-,5347.6000,5347.4000,5347.2000,5346.8000,5346.6000,5348.8000,5349.0000,5349.4000,5349.6000,5349.8000,2,1,1,1,1,1,1,1,2,1
SF,IC2003,2020-01-03 10:55:58.900,5348.2000,53617,0,5562380680.000,0,-,-,-,-,5347.6000,5347.4000,5347.2000,5346.8000,5346.6000,5348.8000,5349.0000,5349.4000,5349.6000,5349.8000,2,1,1,1,1,1,1,1,2,1
SF,IC2003,2020-01-03 10:56:01.900,5348.8000,53618,1,5563450440.000,1,1,0,双开,S,5347.6000,5347.4000,5347.2000,5346.8000,5346.6000,5349.0000,5349.4000,5349.6000,5349.8000,5350.0000,2,1,1,1,1,1,1,2,1,10
SF,IC2003,2020-01-03 10:56:02.400,5348.8000,53618,0,5563450440.000,0,-,-,-,-,5347.6000,5347.4000,5347.2000,5346.8000,5346.6000,5349.0000,5349.4000,5349.6000,5349.8000,5350.0000,2,1,1,1,1,1,1,2,1,10
SF,IC2003,2020-01-03 10:56:02.900,5348.8000,53618,0,5563450440.000,0,-,-,-,-,5347.6000,5347.4000,5347.2000,5346.8000,5346.6000,5349.0000,5349.4000,5349.6000,5349.8000,5350.0000,3,1,1,1,1,1,1,2,1,10
SF,IC2003,2020-01-03 10:56:04.400,5348.8000,53618,0,5563450440.000,0,-,-,-,-,5347.8000,5347.6000,5347.4000,5347.2000,5346.8000,5349.0000,5349.4000,5349.6000,5349.8000,5350.0000,1,3,1,1,1,1,1,2,1,10
SF,IC2003,2020-01-03 10:56:05.400,5348.8000,53618,0,5563450440.000,0,-,-,-,-,5347.8000,5347.6000,5347.4000,5347.2000,5346.8000,5349.0000,5349.4000,5349.6000,5349.8000,5350.0000,1,3,1,1,1,1,1,2,1,10
SF,IC2003,2020-01-03 10:56:05.900,5348.8000,53618,0,5563450440.000,0,-,-,-,-,5348.0000,5347.8000,5347.6000,5347.4000,5347.2000,5348.8000,5349.0000,5349.4000,5349.6000,5349.8000,2,1,1,1,1,1,1,1,2,1
SF,IC2003,2020-01-03 10:56:06.400,5348.8000,53619,1,5564520200.000,1,1,0,双开,S,5348.0000,5347.8000,5347.6000,5347.4000,5347.2000,5349.0000,5349.4000,5349.6000,5349.8000,5350.0000,2,1,1,1,1,1,1,2,1,10
SF,IC2003,2020-01-03 10:56:06.900,5348.8000,53619,0,5564520200.000,0,-,-,-,-,5348.0000,5347.8000,5347.6000,5347.4000,5347.2000,5349.0000,5349.4000,5349.6000,5349.8000,5350.0000,3,1,1,1,1,1,1,1,1,10
SF,IC2003,2020-01-03 10:56:07.400,5348.8000,53619,0,5564520200.000,0,-,-,-,-,5348.0000,5347.8000,5347.6000,5347.4000,5347.2000,5349.0000,5349.4000,5349.6000,5349.8000,5350.0000,3,1,1,1,1,1,1,1,1,10
SF,IC2003,2020-01-03 10:56:07.900,5348.8000,53619,0,5564520200.000,0,-,-,-,-,5348.0000,5347.8000,5347.6000,5347.4000,5347.2000,5349.0000,5349.4000,5349.6000,5349.8000,5350.0000,3,1,1,1,1,1,1,1,1,10
SF,IC2003,2020-01-03 10:56:08.400,5349.0000,53619,0,5565590000.000,1,0,1,多换,S,5348.0000,5347.6000,5347.4000,5347.2000,5346.8000,5349.4000,5349.6000,5349.8000,5350.0000,5350.2000,3,1,1,1,1,1,1,1,10,2
SF,IC2003,2020-01-03 10:56:08.900,5349.0000,53619,0,5565590000.000,0,-,-,-,-,5348.0000,5347.6000,5347.4000,5347.2000,5346.8000,5348.8000,5349.4000,5349.6000,5349.8000,5350.0000,3,1,1,1,1,1,1,1,1,10
SF,IC2003,2020-01-03 10:56:10.400,5349.0000,53619,0,5565590000.000,0,-,-,-,-,5348.0000,5347.6000,5347.4000,5347.2000,5346.8000,5348.8000,5349.4000,5349.6000,5349.8000,5350.0000,4,1,1,1,1,1,1,1,1,10
SF,IC2003,2020-01-03 10:56:14.900,5348.8000,53619,0,5566659760.000,1,0,1,多换,S,5348.0000,5347.6000,5347.4000,5347.2000,5346.8000,5349.4000,5349.6000,5349.8000,5350.0000,5350.2000,4,1,1,1,1,1,1,1,10,2
SF,IC2003,2020-01-03 10:56:16.900,5348.8000,53619,0,5566659760.000,0,-,-,-,-,5348.0000,5347.4000,5347.2000,5346.8000,5346.6000,5349.4000,5349.6000,5349.8000,5350.0000,5350.2000,4,1,1,1,1,1,1,1,10,2
SF,IC2003,2020-01-03 10:56:17.400,5348.8000,53619,0,5566659760.000,0,-,-,-,-,5349.0000,5348.2000,5348.0000,5347.4000,5347.2000,5349.4000,5349.6000,5349.8000,5350.0000,5350.2000,2,1,4,1,1,1,1,1,10,2
SF,IC2003,2020-01-03 10:56:17.900,5349.0000,53618,-1,5567729560.000,1,0,1,双平,S,5348.2000,5348.0000,5347.4000,5347.2000,5346.8000,5349.4000,5349.6000,5349.8000,5350.0000,5350.2000,1,4,1,1,1,1,1,1,10,2
SF,IC2003,2020-01-03 10:56:18.400,5349.0000,53618,0,5567729560.000,0,-,-,-,-,5348.4000,5348.2000,5348.0000,5347.4000,5347.2000,5349.4000,5349.6000,5349.8000,5350.0000,5350.2000,2,1,2,1,1,1,1,1,10,2
SF,IC2003,2020-01-03 10:56:18.900,5349.0000,53618,0,5567729560.000,0,-,-,-,-,5348.4000,5348.0000,5347.4000,5347.2000,5346.8000,5349.4000,5349.6000,5349.8000,5350.0000,5350.2000,2,2,1,1,1,1,1,1,10,2
SF,IC2003,2020-01-03 10:56:21.900,5348.4000,53617,-1,5568799240.000,1,0,1,双平,S,5348.4000,5348.0000,5347.4000,5347.2000,5346.8000,5349.4000,5349.6000,5349.8000,5350.0000,5350.2000,1,2,1,1,1,1,1,1,10,2
SF,IC2003,2020-01-03 10:56:24.900,5348.4000,53617,0,5568799240.000,0,-,-,-,-,5348.4000,5348.0000,5347.4000,5346.8000,5346.6000,5349.4000,5349.6000,5349.8000,5350.0000,5350.2000,1,2,1,1,1,1,1,1,10,2
SF,IC2003,2020-01-03 10:56:25.400,5348.4000,53617,0,5568799240.000,0,-,-,-,-,5348.4000,5348.0000,5347.4000,5346.8000,5346.6000,5349.0000,5349.4000,5349.6000,5349.8000,5350.0000,2,2,1,1,1,1,1,1,1,10
SF,IC2003,2020-01-03 10:56:26.900,5348.4000,53617,0,5568799240.000,0,-,-,-,-,5348.4000,5348.0000,5346.8000,5346.6000,5346.0000,5349.0000,5349.4000,5349.6000,5349.8000,5350.0000,3,2,1,1,2,1,1,1,1,10
SF,IC2003,2020-01-03 10:56:31.400,5348.4000,53617,0,5568799240.000,0,-,-,-,-,5348.4000,5348.2000,5348.0000,5346.8000,5346.6000,5349.0000,5349.4000,5349.6000,5349.8000,5350.0000,3,1,2,1,1,1,1,1,1,10
SF,IC2003,2020-01-03 10:56:31.900,5348.4000,53617,0,5569868920.000,1,0,1,多换,S,5348.4000,5348.2000,5348.0000,5346.8000,5346.6000,5349.0000,5349.4000,5349.6000,5349.8000,5350.0000,2,1,2,1,1,1,1,1,1,10
SF,IC2003,2020-01-03 10:56:33.400,5349.0000,53617,0,5570938720.000,1,0,1,多换,S,5349.0000,5348.4000,5348.2000,5348.0000,5346.8000,5349.4000,5349.6000,5349.8000,5350.0000,5350.2000,1,2,1,2,1,1,1,1,10,2
SF,IC2003,2020-01-03 10:56:34.400,5349.0000,53617,0,5572008520.000,1,0,1,多换,S,5348.4000,5348.2000,5348.0000,5346.8000,5346.6000,5349.4000,5349.6000,5349.8000,5350.0000,5350.2000,5,1,2,1,1,1,1,1,10,2
SF,IC2003,2020-01-03 10:56:34.900,5348.4000,53617,0,5573078200.000,1,0,1,多换,S,5348.4000,5348.2000,5348.0000,5346.8000,5346.6000,5349.4000,5349.6000,5349.8000,5350.0000,5350.2000,4,1,2,1,1,1,1,1,10,2
SF,IC2003,2020-01-03 10:56:35.400,5348.4000,53617,0,5573078200.000,0,-,-,-,-,5348.4000,5348.2000,5348.0000,5346.8000,5346.6000,5349.2000,5349.4000,5349.6000,5349.8000,5350.0000,4,1,2,1,1,2,1,1,1,10
SF,IC2003,2020-01-03 10:56:35.900,5349.4000,53617,0,5574148080.000,1,0,1,多换,S,5348.4000,5348.2000,5348.0000,5346.8000,5346.6000,5349.6000,5349.8000,5350.0000,5350.2000,5350.6000,4,1,2,1,1,1,1,10,2,1
SF,IC2003,2020-01-03 10:56:37.900,5349.6000,53618,1,5575218000.000,1,1,0,双开,S,5348.4000,5348.2000,5348.0000,5346.8000,5346.6000,5349.6000,5349.8000,5350.0000,5350.2000,5350.6000,4,1,2,1,1,1,1,10,2,1
SF,IC2003,2020-01-03 10:56:38.400,5349.6000,53618,0,5575218000.000,0,-,-,-,-,5348.4000,5348.2000,5348.0000,5346.8000,5346.6000,5349.4000,5349.6000,5349.8000,5350.0000,5350.2000,4,1,2,1,1,1,1,1,10,2
SF,IC2003,2020-01-03 10:56:39.400,5349.6000,53618,0,5575218000.000,0,-,-,-,-,5348.4000,5348.2000,5348.0000,5346.8000,5346.6000,5349.4000,5349.6000,5349.8000,5350.0000,5350.2000,4,1,2,1,1,1,1,1,10,2
SF,IC2003,2020-01-03 10:56:39.900,5349.4000,53619,1,5576287880.000,1,1,0,双开,S,5348.4000,5348.2000,5348.0000,5346.8000,5346.6000,5349.6000,5349.8000,5350.0000,5350.2000,5350.6000,4,1,2,2,1,1,1,10,2,1
SF,IC2003,2020-01-03 10:56:40.900,5349.4000,53619,0,5576287880.000,0,-,-,-,-,5348.4000,5348.2000,5348.0000,5346.8000,5346.6000,5349.8000,5350.0000,5350.2000,5350.6000,5350.8000,4,1,2,2,1,1,10,2,1,2
SF,IC2003,2020-01-03 10:56:41.400,5349.4000,53619,0,5576287880.000,0,-,-,-,-,5348.6000,5348.4000,5348.2000,5348.0000,5346.8000,5349.8000,5350.0000,5350.2000,5350.6000,5350.8000,2,4,1,2,2,1,10,2,1,2
SF,IC2003,2020-01-03 10:56:42.400,5349.8000,53620,1,5577357840.000,1,1,0,双开,S,5348.6000,5348.4000,5348.2000,5348.0000,5346.8000,5350.0000,5350.2000,5350.6000,5350.8000,5351.6000,2,4,1,2,2,10,2,1,2,2
SF,IC2003,2020-01-03 10:56:45.900,5349.8000,53620,0,5577357840.000,0,-,-,-,-,5348.6000,5348.4000,5348.2000,5348.0000,5346.8000,5350.0000,5350.2000,5350.6000,5350.8000,5351.6000,3,4,1,2,2,10,2,1,2,2
SF,IC2003,2020-01-03 10:56:46.900,5349.8000,53620,0,5577357840.000,0,-,-,-,-,5348.6000,5348.4000,5348.2000,5348.0000,5346.8000,5349.8000,5350.0000,5350.2000,5350.6000,5350.8000,3,4,1,2,2,1,11,2,1,2
SF,IC2003,2020-01-03 10:56:47.400,5349.8000,53620,0,5577357840.000,0,-,-,-,-,5348.6000,5348.4000,5348.2000,5348.0000,5346.8000,5349.8000,5350.0000,5350.2000,5350.6000,5350.8000,3,4,1,1,1,1,11,2,1,2
SF,IC2003,2020-01-03 10:56:47.900,5349.8000,53620,0,5577357840.000,0,-,-,-,-,5348.6000,5348.4000,5348.2000,5348.0000,5346.8000,5349.6000,5349.8000,5350.0000,5350.2000,5350.6000,1,4,1,2,1,2,1,11,2,1
SF,IC2003,2020-01-03 10:56:48.400,5349.8000,53620,0,5577357840.000,0,-,-,-,-,5348.6000,5348.4000,5348.2000,5348.0000,5346.8000,5349.2000,5349.6000,5349.8000,5350.0000,5350.2000,1,4,1,2,1,1,2,1,11,2
SF,IC2003,2020-01-03 10:56:48.900,5349.8000,53620,0,5577357840.000,0,-,-,-,-,5348.6000,5348.4000,5348.2000,5348.0000,5346.8000,5349.6000,5349.8000,5350.0000,5350.2000,5350.6000,1,4,1,2,1,2,1,11,2,1
SF,IC2003,2020-01-03 10:56:49.400,5349.8000,53620,0,5577357840.000,0,-,-,-,-,5348.6000,5348.4000,5348.2000,5348.0000,5346.8000,5349.4000,5349.6000,5349.8000,5350.0000,5350.2000,1,4,1,2,1,1,2,1,11,2
SF,IC2003,2020-01-03 10:56:49.900,5349.6000,53621,1,5580567600.000,3,2,1,空开,S,5348.6000,5348.4000,5348.2000,5348.0000,5346.8000,5350.0000,5350.2000,5350.6000,5350.8000,5351.6000,1,4,1,2,1,11,2,1,2,2
SF,IC2003,2020-01-03 10:56:50.400,5348.8000,53621,0,5581637360.000,1,0,1,多换,S,5348.8000,5348.6000,5348.4000,5348.2000,5348.0000,5350.0000,5350.2000,5350.6000,5350.8000,5351.6000,1,1,4,1,2,11,2,1,2,2
SF,IC2003,2020-01-03 10:56:50.900,5348.8000,53621,0,5581637360.000,0,-,-,-,-,5348.8000,5348.6000,5348.4000,5348.2000,5348.0000,5350.0000,5350.2000,5350.6000,5350.8000,5351.6000,1,2,4,1,2,11,2,1,2,2
SF,IC2003,2020-01-03 10:56:51.400,5348.8000,53621,0,5581637360.000,0,-,-,-,-,5348.8000,5348.6000,5348.4000,5348.2000,5348.0000,5350.0000,5350.2000,5350.6000,5350.8000,5351.6000,1,2,4,1,2,10,2,1,2,2
SF,IC2003,2020-01-03 10:56:51.900,5348.8000,53621,0,5582707120.000,1,0,1,多换,S,5348.6000,5348.4000,5348.2000,5348.0000,5346.8000,5349.6000,5350.0000,5350.2000,5350.6000,5350.8000,2,4,1,2,1,1,10,2,1,2
SF,IC2003,2020-01-03 10:56:52.400,5348.8000,53621,0,5582707120.000,0,-,-,-,-,5348.8000,5348.6000,5348.4000,5348.2000,5348.0000,5349.6000,5350.0000,5350.2000,5350.6000,5350.8000,2,2,4,1,2,1,10,2,1,2
SF,IC2003,2020-01-03 10:56:52.900,5350.0000,53619,-2,5584847040.000,2,0,2,双平,S,5349.6000,5348.8000,5348.6000,5348.4000,5348.2000,5350.0000,5350.2000,5350.6000,5350.8000,5351.6000,1,2,2,4,1,9,2,1,2,2
SF,IC2003,2020-01-03 10:56:53.400,5350.0000,53619,0,5584847040.000,0,-,-,-,-,5348.8000,5348.6000,5348.4000,5348.2000,5348.0000,5350.0000,5350.2000,5350.6000,5350.8000,5351.6000,2,2,4,1,2,9,2,1,2,2
SF,IC2003,2020-01-03 10:56:53.900,5350.0000,53619,0,5584847040.000,0,-,-,-,-,5348.8000,5348.6000,5348.4000,5348.2000,5348.0000,5349.8000,5350.0000,5350.2000,5350.6000,5350.8000,2,2,4,1,2,1,9,2,1,2
SF,IC2003,2020-01-03 10:56:54.900,5350.0000,53619,0,5584847040.000,0,-,-,-,-,5349.6000,5348.8000,5348.6000,5348.4000,5348.2000,5349.8000,5350.0000,5350.2000,5350.6000,5350.8000,4,2,2,4,1,1,9,2,1,2
SF,IC2003,2020-01-03 10:56:55.400,5349.8000,53618,-1,5585917000.000,1,0,1,双平,S,5349.8000,5348.8000,5348.6000,5348.4000,5348.2000,5350.0000,5350.2000,5350.6000,5350.8000,5351.6000,2,5,2,4,1,9,2,1,2,2
SF,IC2003,2020-01-03 10:56:55.900,5350.6000,53619,1,5598757200.000,12,6,6,空开,S,5350.2000,5350.0000,5349.8000,5348.8000,5348.6000,5350.8000,5351.6000,5352.2000,5353.0000,5353.2000,3,5,1,5,2,2,2,4,3,1
SF,IC2003,2020-01-03 10:56:56.400,5350.8000,53621,2,5600897520.000,2,2,0,双开,S,5350.4000,5350.0000,5349.8000,5348.8000,5348.6000,5351.6000,5352.2000,5353.0000,5353.2000,5353.4000,2,5,1,3,2,2,4,3,1,5
SF,IC2003,2020-01-03 10:56:56.900,5350.8000,53621,0,5600897520.000,0,-,-,-,-,5351.2000,5350.6000,5350.4000,5350.0000,5349.8000,5351.4000,5351.6000,5352.2000,5353.0000,5353.2000,2,2,2,5,1,1,2,4,3,1
SF,IC2003,2020-01-03 10:56:57.400,5351.2000,53621,0,5605178560.000,4,2,2,多换,S,5350.6000,5350.4000,5350.0000,5349.8000,5349.0000,5351.2000,5351.6000,5352.2000,5353.0000,5353.2000,2,2,3,1,1,2,2,4,3,1
SF,IC2003,2020-01-03 10:56:57.900,5350.6000,53621,0,5606248680.000,1,0,1,多换,S,5350.6000,5350.4000,5350.0000,5349.8000,5349.0000,5351.2000,5351.6000,5352.2000,5353.0000,5353.2000,1,2,3,1,1,2,2,4,3,1
SF,IC2003,2020-01-03 10:56:58.400,5350.6000,53620,-1,5607318800.000,1,0,1,双平,S,5350.0000,5349.8000,5349.0000,5348.8000,5348.6000,5350.6000,5351.6000,5352.2000,5353.0000,5353.2000,3,1,1,3,2,2,2,4,3,1
SF,IC2003,2020-01-03 10:56:58.900,5350.6000,53620,0,5607318800.000,0,-,-,-,-,5350.0000,5349.8000,5349.0000,5348.8000,5348.6000,5351.6000,5352.2000,5353.0000,5353.2000,5354.2000,3,1,1,3,2,2,4,2,1,1
SF,IC2003,2020-01-03 10:56:59.400,5350.6000,53620,0,5607318800.000,0,-,-,-,-,5350.0000,5349.8000,5349.0000,5348.8000,5348.6000,5351.4000,5351.6000,5352.2000,5353.0000,5353.2000,3,1,1,3,2,5,2,4,2,1
SF,IC2003,2020-01-03 10:56:59.900,5350.6000,53620,0,5607318800.000,0,-,-,-,-,5350.0000,5349.8000,5349.0000,5348.8000,5348.6000,5350.8000,5351.0000,5351.2000,5351.4000,5351.6000,3,1,1,3,2,1,2,1,4,2
SF,IC2003,2020-01-03 10:57:00.400,5350.8000,53620,0,5609459120.000,2,1,1,多换,S,5350.8000,5350.0000,5349.8000,5349.0000,5348.8000,5351.0000,5351.2000,5351.4000,5351.6000,5352.2000,1,3,1,1,3,2,1,3,2,4
SF,IC2003,2020-01-03 10:57:00.900,5350.8000,53620,0,5610529280.000,1,0,1,多换,S,5350.0000,5349.8000,5349.0000,5348.8000,5348.6000,5350.6000,5350.8000,5351.2000,5351.4000,5351.6000,3,1,1,3,2,1,1,1,3,2
SF,IC2003,2020-01-03 10:57:01.400,5351.2000,53618,-2,5613739800.000,3,0,3,多平,S,5350.6000,5350.0000,5349.8000,5349.0000,5348.8000,5351.4000,5351.6000,5352.2000,5353.0000,5353.2000,1,5,1,1,3,3,2,4,2,1
SF,IC2003,2020-01-03 10:57:01.900,5351.2000,53618,0,5613739800.000,0,-,-,-,-,5350.6000,5350.0000,5349.8000,5349.0000,5348.8000,5351.4000,5351.6000,5352.2000,5353.0000,5353.2000,1,5,1,1,3,2,2,4,2,1
SF,IC2003,2020-01-03 10:57:03.400,5351.4000,53619,1,5616950640.000,3,2,1,空开,S,5350.6000,5350.0000,5349.0000,5348.8000,5348.6000,5351.6000,5352.2000,5353.0000,5353.2000,5354.2000,1,5,1,3,2,2,4,2,1,1
SF,IC2003,2020-01-03 10:57:03.900,5350.8000,53619,0,5618020800.000,1,0,1,多换,S,5350.8000,5350.6000,5350.0000,5349.8000,5349.0000,5351.6000,5352.2000,5353.0000,5353.2000,5354.2000,1,1,2,1,1,2,4,2,1,1
SF,IC2003,2020-01-03 10:57:04.400,5350.6000,53618,-1,5620161080.000,2,0,2,多平,S,5350.0000,5349.8000,5349.0000,5348.6000,5348.4000,5350.6000,5350.8000,5351.2000,5351.4000,5351.6000,2,1,1,2,4,1,1,1,1,2
SF,IC2003,2020-01-03 10:57:04.900,5350.0000,53618,0,5621231080.000,1,0,1,多换,S,5350.0000,5349.8000,5349.0000,5348.6000,5348.4000,5350.4000,5350.8000,5351.2000,5351.4000,5351.6000,1,1,1,2,4,1,1,1,1,2
SF,IC2003,2020-01-03 10:57:05.900,5350.0000,53618,0,5622301080.000,1,0,1,多换,S,5349.8000,5349.0000,5348.6000,5348.4000,5348.2000,5350.0000,5350.4000,5350.8000,5351.2000,5351.4000,1,1,2,4,1,1,1,1,1,1
SF,IC2003,2020-01-03 10:57:06.400,5349.8000,53617,-1,5623371040.000,1,0,1,双平,S,5349.0000,5348.6000,5348.4000,5348.2000,5348.0000,5350.4000,5350.8000,5351.2000,5351.4000,5351.6000,1,2,4,1,2,1,1,1,1,2
SF,IC2003,2020-01-03 10:57:06.900,5349.8000,53617,0,5623371040.000,0,-,-,-,-,5349.2000,5349.0000,5348.6000,5348.4000,5348.2000,5350.2000,5350.4000,5350.8000,5351.2000,5351.4000,1,1,2,1,1,2,1,1,1,1
SF,IC2003,2020-01-03 10:57:07.900,5352.2000,53621,4,5634073400.000,10,7,3,空开,S,5350.0000,5349.4000,5349.0000,5348.6000,5348.4000,5352.2000,5353.0000,5353.2000,5354.2000,5354.6000,1,1,1,2,1,2,2,1,1,1
SF,IC2003,2020-01-03 10:57:08.400,5352.2000,53621,0,5635143840.000,1,0,1,多换,S,5350.2000,5350.0000,5349.4000,5349.0000,5348.6000,5351.2000,5351.4000,5351.6000,5351.8000,5352.0000,2,1,1,1,2,2,1,1,10,8
SF,IC2003,2020-01-03 10:57:08.900,5350.2000,53619,-2,5637283920.000,2,0,2,双平,S,5350.0000,5349.4000,5349.0000,5348.6000,5348.4000,5350.2000,5350.8000,5351.0000,5351.2000,5351.4000,1,1,1,2,1,2,6,3,2,1
SF,IC2003,2020-01-03 10:57:09.400,5350.0000,53619,0,5638353920.000,1,0,1,多换,S,5349.4000,5349.0000,5348.6000,5348.4000,5348.2000,5350.0000,5350.2000,5350.8000,5351.0000,5351.2000,1,1,2,1,1,3,2,6,3,2
SF,IC2003,2020-01-03 10:57:09.900,5350.0000,53619,0,5639423920.000,1,0,1,多换,S,5349.4000,5349.0000,5348.6000,5348.4000,5348.2000,5350.0000,5350.2000,5350.8000,5351.0000,5351.4000,1,1,2,1,1,3,2,6,3,1
SF,IC2003,2020-01-03 10:57:10.400,5350.0000,53620,1,5640493920.000,1,1,0,双开,S,5349.4000,5349.0000,5348.6000,5348.4000,5348.2000,5350.0000,5350.2000,5350.8000,5351.0000,5351.4000,1,1,2,1,1,2,2,6,3,1
SF,IC2003,2020-01-03 10:57:10.900,5350.0000,53620,0,5640493920.000,0,-,-,-,-,5349.0000,5348.6000,5348.4000,5348.2000,5348.0000,5350.0000,5350.2000,5350.8000,5351.0000,5351.4000,1,2,1,1,1,1,2,6,4,2
SF,IC2003,2020-01-03 10:57:11.400,5350.0000,53620,0,5640493920.000,0,-,-,-,-,5349.0000,5348.6000,5348.4000,5348.2000,5348.0000,5350.0000,5350.2000,5350.8000,5351.0000,5351.4000,1,2,1,1,1,1,2,6,4,3
SF,IC2003,2020-01-03 10:57:12.400,5350.0000,53620,0,5640493920.000,0,-,-,-,-,5349.0000,5348.6000,5348.4000,5348.2000,5348.0000,5350.0000,5350.2000,5350.8000,5351.0000,5351.4000,1,2,1,1,1,1,2,6,4,3
SF,IC2003,2020-01-03 10:57:12.900,5350.0000,53620,0,5640493920.000,0,-,-,-,-,5349.2000,5349.0000,5348.6000,5348.4000,5348.2000,5350.0000,5350.2000,5350.8000,5351.0000,5351.4000,1,1,2,1,1,1,2,1,3,3
SF,IC2003,2020-01-03 10:57:13.400,5350.0000,53620,0,5640493920.000,0,-,-,-,-,5349.2000,5349.0000,5348.6000,5348.4000,5348.2000,5350.0000,5350.2000,5350.8000,5351.0000,5351.2000,1,1,2,1,1,1,2,1,3,1
SF,IC2003,2020-01-03 10:57:13.900,5350.0000,53620,0,5640493920.000,0,-,-,-,-,5349.0000,5348.6000,5348.4000,5348.2000,5348.0000,5350.0000,5350.8000,5351.0000,5351.2000,5351.4000,1,2,1,1,1,1,1,3,1,3
SF,IC2003,2020-01-03 10:57:14.400,5349.0000,53621,1,5641563720.000,1,1,0,双开,S,5348.6000,5348.4000,5348.2000,5348.0000,5346.8000,5350.0000,5350.8000,5351.0000,5351.2000,5351.4000,2,1,1,1,1,1,1,3,1,3
SF,IC2003,2020-01-03 10:57:14.900,5349.0000,53621,0,5641563720.000,0,-,-,-,-,5348.8000,5348.6000,5348.4000,5348.2000,5348.0000,5350.0000,5350.8000,5351.0000,5351.2000,5351.4000,3,2,1,1,1,1,1,3,1,3
SF,IC2003,2020-01-03 10:57:15.900,5349.0000,53621,0,5641563720.000,0,-,-,-,-,5349.0000,5348.8000,5348.6000,5348.4000,5348.2000,5350.0000,5350.8000,5351.0000,5351.2000,5351.4000,1,2,2,1,1,1,1,3,1,3
SF,IC2003,2020-01-03 10:57:16.400,5349.0000,53621,0,5641563720.000,0,-,-,-,-,5348.6000,5348.4000,5348.2000,5348.0000,5346.8000,5349.8000,5350.0000,5350.8000,5351.0000,5351.2000,2,1,1,1,1,2,1,1,3,1
SF,IC2003,2020-01-03 10:57:16.900,5349.0000,53621,0,5641563720.000,0,-,-,-,-,5348.6000,5348.4000,5348.2000,5348.0000,5346.8000,5349.8000,5350.0000,5350.8000,5351.0000,5351.4000,2,1,1,1,1,2,1,1,3,3
SF,IC2003,2020-01-03 10:57:17.400,5349.0000,53621,0,5641563720.000,0,-,-,-,-,5348.6000,5348.4000,5348.2000,5348.0000,5346.8000,5349.6000,5349.8000,5350.0000,5350.8000,5351.0000,2,1,1,1,1,1,2,1,1,3
SF,IC2003,2020-01-03 10:57:17.900,5349.0000,53621,0,5641563720.000,0,-,-,-,-,5348.6000,5348.4000,5348.2000,5348.0000,5346.8000,5349.6000,5349.8000,5350.0000,5350.8000,5351.0000,2,1,1,1,1,1,2,1,1,2
SF,IC2003,2020-01-03 10:57:18.400,5348.6000,53622,1,5642633440.000,1,1,0,双开,S,5348.6000,5348.4000,5348.2000,5348.0000,5346.8000,5349.6000,5349.8000,5350.0000,5350.8000,5351.0000,1,1,1,1,1,1,2,1,1,2
SF,IC2003,2020-01-03 10:57:18.900,5348.6000,53622,0,5642633440.000,0,-,-,-,-,5348.6000,5348.4000,5348.2000,5348.0000,5346.8000,5349.6000,5349.8000,5350.0000,5350.8000,5351.0000,1,1,1,1,1,1,2,1,1,2
SF,IC2003,2020-01-03 10:57:19.400,5348.6000,53622,0,5642633440.000,0,-,-,-,-,5348.6000,5348.4000,5348.2000,5348.0000,5346.8000,5349.6000,5349.8000,5350.8000,5351.0000,5351.4000,1,1,1,1,1,1,2,1,2,3
SF,IC2003,2020-01-03 10:57:20.400,5348.6000,53622,0,5642633440.000,0,-,-,-,-,5348.6000,5348.4000,5348.2000,5348.0000,5346.8000,5349.4000,5349.8000,5350.8000,5351.0000,5351.4000,1,1,1,1,1,1,2,1,2,3
SF,IC2003,2020-01-03 10:57:20.900,5348.6000,53622,0,5642633440.000,0,-,-,-,-,5348.6000,5348.4000,5348.2000,5348.0000,5346.8000,5349.2000,5349.4000,5350.8000,5351.0000,5351.4000,2,1,1,1,1,2,1,1,2,3
SF,IC2003,2020-01-03 10:57:21.400,5348.6000,53622,0,5642633440.000,0,-,-,-,-,5348.6000,5348.4000,5348.2000,5348.0000,5346.8000,5349.2000,5349.4000,5350.8000,5351.0000,5351.4000,2,1,1,1,1,2,1,1,2,3
SF,IC2003,2020-01-03 10:57:22.400,5348.6000,53622,0,5642633440.000,0,-,-,-,-,5348.6000,5348.4000,5348.2000,5348.0000,5346.8000,5349.0000,5349.2000,5349.4000,5350.8000,5351.0000,2,1,1,1,1,1,2,1,1,2
SF,IC2003,2020-01-03 10:57:22.900,5348.6000,53622,0,5642633440.000,0,-,-,-,-,5348.6000,5348.4000,5348.2000,5348.0000,5346.8000,5349.0000,5349.2000,5349.4000,5350.8000,5351.0000,2,1,1,1,1,1,2,1,1,2
SF,IC2003,2020-01-03 10:57:23.400,5348.6000,53622,0,5642633440.000,0,-,-,-,-,5348.6000,5348.4000,5348.2000,5348.0000,5346.8000,5349.0000,5349.2000,5349.4000,5350.8000,5351.0000,2,1,1,1,1,1,2,1,1,2
SF,IC2003,2020-01-03 10:57:23.900,5349.0000,53622,0,5643703240.000,1,0,1,多换,S,5348.8000,5348.6000,5348.4000,5348.2000,5348.0000,5349.2000,5349.4000,5350.8000,5351.0000,5351.4000,1,2,1,1,1,2,1,1,2,2
SF,IC2003,2020-01-03 10:57:24.400,5348.6000,53623,1,5645842720.000,2,1,1,空开,S,5348.6000,5348.4000,5348.2000,5348.0000,5346.8000,5348.8000,5349.2000,5349.4000,5350.8000,5351.0000,1,1,1,1,1,1,2,1,1,2
SF,IC2003,2020-01-03 10:57:24.900,5348.8000,53623,0,5646912480.000,1,0,1,多换,S,5348.6000,5348.4000,5348.2000,5348.0000,5346.8000,5349.4000,5350.8000,5351.0000,5351.4000,5351.6000,1,1,1,1,1,1,1,2,2,1
SF,IC2003,2020-01-03 10:57:27.400,5348.4000,53622,-1,5649051880.000,2,0,2,多平,S,5348.2000,5348.0000,5346.8000,5346.6000,5346.0000,5348.6000,5349.0000,5349.2000,5349.4000,5350.8000,1,1,1,2,1,1,6,3,1,1
SF,IC2003,2020-01-03 10:57:27.900,5348.4000,53621,-1,5651191280.000,2,0,2,多平,S,5348.2000,5348.0000,5346.8000,5346.6000,5346.0000,5350.8000,5351.0000,5351.4000,5351.6000,5351.8000,1,1,1,2,1,1,2,2,1,3
SF,IC2003,2020-01-03 10:57:28.400,5348.4000,53621,0,5651191280.000,0,-,-,-,-,5348.4000,5348.2000,5348.0000,5346.8000,5346.6000,5349.8000,5350.0000,5350.4000,5350.6000,5350.8000,2,1,1,1,2,5,2,6,4,2
SF,IC2003,2020-01-03 10:57:28.900,5348.4000,53621,0,5651191280.000,0,-,-,-,-,5348.4000,5348.2000,5348.0000,5346.8000,5346.6000,5350.0000,5350.4000,5350.6000,5350.8000,5351.0000,2,1,1,1,2,2,1,5,1,2
SF,IC2003,2020-01-03 10:57:29.400,5348.4000,53621,0,5651191280.000,0,-,-,-,-,5348.2000,5348.0000,5346.8000,5346.6000,5346.0000,5349.6000,5349.8000,5350.0000,5350.4000,5350.6000,1,1,1,2,1,1,4,2,1,3
SF,IC2003,2020-01-03 10:57:29.900,5348.4000,53621,0,5651191280.000,0,-,-,-,-,5348.4000,5348.2000,5348.0000,5346.8000,5346.6000,5349.6000,5349.8000,5350.0000,5350.4000,5350.6000,2,1,1,1,2,1,3,2,1,3
SF,IC2003,2020-01-03 10:57:30.400,5348.4000,53621,0,5651191280.000,0,-,-,-,-,5348.4000,5348.2000,5348.0000,5346.8000,5346.6000,5349.6000,5349.8000,5350.0000,5350.4000,5350.6000,2,1,2,1,2,1,3,2,1,3
SF,IC2003,2020-01-03 10:57:30.900,5348.4000,53621,0,5652260960.000,1,0,1,多换,S,5348.4000,5348.2000,5348.0000,5346.8000,5346.6000,5349.6000,5349.8000,5350.0000,5350.4000,5350.6000,1,1,2,1,2,1,3,2,1,3
SF,IC2003,2020-01-03 10:57:32.400,5348.4000,53621,0,5652260960.000,0,-,-,-,-,5348.4000,5348.2000,5348.0000,5346.8000,5346.6000,5349.6000,5349.8000,5350.4000,5350.6000,5350.8000,1,1,2,1,2,1,2,1,3,1
SF,IC2003,2020-01-03 10:57:33.400,5348.4000,53621,0,5652260960.000,0,-,-,-,-,5348.6000,5348.4000,5348.2000,5348.0000,5346.8000,5349.6000,5349.8000,5350.4000,5350.6000,5350.8000,1,1,1,2,1,1,2,1,3,1
SF,IC2003,2020-01-03 10:57:34.400,5348.4000,53621,0,5652260960.000,0,-,-,-,-,5348.6000,5348.4000,5348.2000,5348.0000,5346.8000,5349.6000,5349.8000,5350.4000,5350.6000,5350.8000,1,1,1,2,1,1,2,1,3,1
SF,IC2003,2020-01-03 10:57:37.400,5348.4000,53621,0,5652260960.000,0,-,-,-,-,5348.6000,5348.4000,5348.2000,5348.0000,5346.8000,5349.6000,5349.8000,5350.4000,5350.6000,5350.8000,1,1,1,2,1,1,2,1,1,1
SF,IC2003,2020-01-03 10:57:38.900,5349.6000,53622,1,5653330880.000,1,1,0,双开,S,5348.6000,5348.4000,5348.2000,5348.0000,5346.8000,5349.8000,5350.4000,5350.6000,5350.8000,5351.0000,1,1,1,2,1,2,1,1,1,1
SF,IC2003,2020-01-03 10:57:39.900,5348.6000,53622,0,5654400600.000,1,0,1,多换,S,5348.4000,5348.2000,5348.0000,5346.8000,5346.6000,5349.8000,5350.4000,5350.6000,5350.8000,5351.0000,1,1,2,1,2,2,1,1,1,1
SF,IC2003,2020-01-03 10:57:40.400,5348.6000,53622,0,5654400600.000,0,-,-,-,-,5348.4000,5348.2000,5348.0000,5346.8000,5346.6000,5350.4000,5350.6000,5350.8000,5351.0000,5351.4000,1,1,2,1,2,1,1,1,1,2
SF,IC2003,2020-01-03 10:57:40.900,5348.6000,53622,0,5655470320.000,1,0,1,多换,S,5348.8000,5348.6000,5348.4000,5348.2000,5348.0000,5350.2000,5350.4000,5350.6000,5350.8000,5351.0000,1,2,2,1,2,2,1,1,1,1
SF,IC2003,2020-01-03 10:57:41.400,5348.6000,53622,0,5655470320.000,0,-,-,-,-,5349.0000,5348.8000,5348.4000,5348.2000,5348.0000,5350.2000,5350.8000,5351.4000,5351.6000,5351.8000,1,1,1,1,2,2,1,2,1,3
SF,IC2003,2020-01-03 10:57:41.900,5348.6000,53622,0,5655470320.000,0,-,-,-,-,5349.0000,5348.8000,5348.6000,5348.4000,5348.2000,5350.0000,5350.2000,5350.8000,5351.4000,5351.6000,1,1,1,1,1,1,2,1,2,1
SF,IC2003,2020-01-03 10:57:42.400,5348.6000,53622,0,5655470320.000,0,-,-,-,-,5348.8000,5348.6000,5348.4000,5348.2000,5348.0000,5350.0000,5350.2000,5350.8000,5351.4000,5351.6000,1,1,1,1,2,1,2,1,2,1
SF,IC2003,2020-01-03 10:57:42.900,5348.6000,53622,0,5655470320.000,0,-,-,-,-,5348.8000,5348.6000,5348.2000,5348.0000,5346.8000,5350.0000,5350.2000,5350.8000,5351.4000,5351.6000,2,1,1,2,1,1,2,1,2,1
SF,IC2003,2020-01-03 10:57:43.400,5348.6000,53622,0,5655470320.000,0,-,-,-,-,5348.8000,5348.6000,5348.2000,5348.0000,5346.8000,5350.0000,5350.2000,5350.8000,5351.4000,5351.6000,2,1,1,2,1,4,2,1,2,1
SF,IC2003,2020-01-03 10:57:43.900,5348.6000,53622,0,5655470320.000,0,-,-,-,-,5349.0000,5348.8000,5348.6000,5348.2000,5348.0000,5350.0000,5350.2000,5351.4000,5351.8000,5352.0000,1,2,1,1,2,4,2,1,1,2
SF,IC2003,2020-01-03 10:57:45.400,5348.6000,53622,0,5655470320.000,0,-,-,-,-,5349.0000,5348.8000,5348.6000,5348.2000,5348.0000,5350.0000,5350.2000,5351.0000,5351.4000,5351.8000,1,2,1,1,2,4,2,1,1,1
SF,IC2003,2020-01-03 10:57:45.900,5348.6000,53622,0,5655470320.000,0,-,-,-,-,5349.0000,5348.8000,5348.6000,5348.2000,5348.0000,5350.0000,5351.0000,5351.4000,5351.8000,5352.0000,1,2,1,1,2,3,1,1,1,2
SF,IC2003,2020-01-03 10:57:46.400,5348.6000,53622,0,5655470320.000,0,-,-,-,-,5349.0000,5348.8000,5348.6000,5348.2000,5348.0000,5350.0000,5351.0000,5351.4000,5351.8000,5352.0000,1,2,2,1,2,3,1,1,1,2
SF,IC2003,2020-01-03 10:57:46.900,5348.6000,53622,0,5655470320.000,0,-,-,-,-,5349.0000,5348.8000,5348.6000,5348.2000,5348.0000,5350.0000,5351.0000,5351.4000,5351.8000,5352.0000,1,2,2,1,2,3,1,1,1,2
SF,IC2003,2020-01-03 10:57:47.400,5348.6000,53622,0,5655470320.000,0,-,-,-,-,5349.0000,5348.8000,5348.6000,5348.2000,5348.0000,5350.0000,5351.0000,5351.4000,5352.0000,5352.2000,1,1,2,1,2,3,1,1,2,2
SF,IC2003,2020-01-03 10:57:47.900,5348.6000,53622,0,5655470320.000,0,-,-,-,-,5349.0000,5348.8000,5348.6000,5348.2000,5348.0000,5350.0000,5351.0000,5351.4000,5352.0000,5352.2000,1,1,2,1,3,3,1,1,2,2
SF,IC2003,2020-01-03 10:57:48.900,5350.0000,53625,3,5658680320.000,3,3,0,双开,S,5349.0000,5348.8000,5348.6000,5348.2000,5348.0000,5351.0000,5351.4000,5352.0000,5352.2000,5352.8000,1,1,2,1,3,1,1,2,2,2
SF,IC2003,2020-01-03 10:57:49.400,5350.0000,53625,0,5658680320.000,0,-,-,-,-,5349.4000,5349.2000,5349.0000,5348.6000,5348.2000,5350.8000,5351.0000,5351.4000,5352.0000,5352.2000,1,3,1,2,1,2,1,1,2,2
SF,IC2003,2020-01-03 10:57:49.900,5350.0000,53625,0,5658680320.000,0,-,-,-,-,5349.4000,5349.2000,5349.0000,5348.6000,5348.2000,5350.8000,5351.0000,5351.4000,5352.0000,5352.2000,1,1,1,2,1,2,1,1,2,2
SF,IC2003,2020-01-03 10:57:50.400,5350.0000,53625,0,5658680320.000,0,-,-,-,-,5349.6000,5349.4000,5349.2000,5348.6000,5348.2000,5350.8000,5351.0000,5351.4000,5352.0000,5352.2000,1,1,1,2,1,2,1,1,2,2
SF,IC2003,2020-01-03 10:57:54.400,5350.0000,53625,0,5658680320.000,0,-,-,-,-,5349.6000,5349.4000,5348.6000,5348.2000,5348.0000,5350.8000,5351.0000,5351.4000,5352.0000,5352.2000,1,1,2,1,3,2,1,1,2,2
SF,IC2003,2020-01-03 10:57:54.900,5350.0000,53625,0,5658680320.000,0,-,-,-,-,5349.6000,5349.4000,5348.6000,5348.2000,5348.0000,5351.0000,5351.4000,5352.0000,5352.2000,5352.8000,1,1,2,1,3,1,1,2,2,2
SF,IC2003,2020-01-03 10:57:55.400,5350.0000,53625,0,5658680320.000,0,-,-,-,-,5349.6000,5349.4000,5348.6000,5348.2000,5348.0000,5350.8000,5351.0000,5351.4000,5352.0000,5352.2000,1,1,2,1,3,2,1,1,2,2
SF,IC2003,2020-01-03 10:57:57.400,5350.0000,53625,0,5658680320.000,0,-,-,-,-,5349.6000,5349.4000,5348.6000,5348.2000,5348.0000,5350.0000,5350.8000,5351.0000,5351.4000,5352.0000,1,1,2,1,3,1,2,1,1,2
SF,IC2003,2020-01-03 10:57:57.900,5350.0000,53625,0,5659750320.000,1,0,1,多换,S,5350.2000,5350.0000,5349.6000,5349.4000,5348.6000,5350.8000,5351.0000,5351.4000,5352.0000,5352.2000,1,2,1,1,2,2,1,1,2,2
SF,IC2003,2020-01-03 10:57:58.400,5350.0000,53625,0,5659750320.000,0,-,-,-,-,5350.2000,5350.0000,5349.6000,5349.4000,5348.6000,5350.8000,5351.0000,5351.4000,5352.0000,5352.2000,1,2,1,1,2,2,1,1,2,2
SF,IC2003,2020-01-03 10:57:58.900,5350.0000,53625,0,5659750320.000,0,-,-,-,-,5350.0000,5349.6000,5349.4000,5348.6000,5348.2000,5350.8000,5351.0000,5351.4000,5352.0000,5352.2000,2,1,1,2,1,2,1,1,2,2
SF,IC2003,2020-01-03 10:58:01.400,5350.8000,53623,-2,5661890640.000,2,0,2,双平,S,5350.8000,5350.0000,5349.6000,5348.6000,5348.2000,5351.0000,5351.4000,5352.0000,5352.2000,5352.8000,1,2,1,2,1,1,1,2,2,2
SF,IC2003,2020-01-03 10:58:01.900,5351.0000,53622,-1,5662960840.000,1,0,1,双平,S,5351.2000,5351.0000,5350.8000,5350.0000,5349.6000,5351.4000,5352.0000,5352.2000,5352.8000,5353.0000,1,5,1,2,1,1,2,2,2,2
SF,IC2003,2020-01-03 10:58:02.400,5351.4000,53621,-1,5664031120.000,1,0,1,双平,S,5351.6000,5351.4000,5351.2000,5351.0000,5350.8000,5352.0000,5352.2000,5352.8000,5353.0000,5353.2000,1,7,1,4,1,2,2,2,2,1
SF,IC2003,2020-01-03 10:58:02.900,5352.0000,53621,0,5666171920.000,2,1,1,多换,S,5351.4000,5351.2000,5351.0000,5350.8000,5350.0000,5352.2000,5352.8000,5353.0000,5353.2000,5354.2000,3,1,4,1,2,2,2,2,1,2
SF,IC2003,2020-01-03 10:58:03.400,5352.0000,53621,0,5666171920.000,0,-,-,-,-,5351.4000,5351.2000,5351.0000,5350.8000,5350.0000,5352.2000,5353.0000,5353.2000,5354.2000,5355.0000,3,1,4,1,2,2,2,1,2,2
SF,IC2003,2020-01-03 10:58:03.900,5352.0000,53621,0,5666171920.000,0,-,-,-,-,5351.4000,5351.2000,5351.0000,5350.8000,5350.0000,5352.2000,5353.0000,5353.2000,5354.2000,5355.0000,3,1,4,1,1,2,2,1,2,2
SF,IC2003,2020-01-03 10:58:04.400,5352.0000,53621,0,5666171920.000,0,-,-,-,-,5351.4000,5351.2000,5351.0000,5350.8000,5350.0000,5352.2000,5353.0000,5353.2000,5354.2000,5355.0000,1,1,4,1,1,2,2,1,2,2
SF,IC2003,2020-01-03 10:58:04.900,5352.0000,53621,0,5666171920.000,0,-,-,-,-,5351.4000,5351.0000,5350.8000,5350.0000,5348.6000,5352.2000,5353.0000,5353.2000,5354.2000,5355.0000,1,4,1,1,2,2,2,1,2,2
SF,IC2003,2020-01-03 10:58:05.900,5352.0000,53621,0,5666171920.000,0,-,-,-,-,5351.4000,5351.0000,5350.8000,5348.6000,5348.2000,5352.2000,5353.0000,5353.2000,5354.2000,5355.0000,1,4,1,2,1,2,2,1,2,2
SF,IC2003,2020-01-03 10:58:06.400,5352.2000,53623,2,5668312800.000,2,2,0,双开,S,5352.2000,5351.4000,5351.0000,5348.6000,5348.2000,5353.0000,5353.2000,5354.2000,5355.0000,5355.4000,3,1,4,2,1,2,1,2,2,1
SF,IC2003,2020-01-03 10:58:06.900,5351.4000,53626,3,5672594400.000,4,3,1,空开,S,5351.0000,5348.6000,5348.2000,5348.0000,5346.8000,5352.2000,5352.6000,5352.8000,5353.0000,5353.2000,4,2,1,3,1,2,5,1,2,1
SF,IC2003,2020-01-03 10:58:07.400,5351.4000,53626,0,5672594400.000,0,-,-,-,-,5351.4000,5351.0000,5348.6000,5348.2000,5348.0000,5352.0000,5352.8000,5353.0000,5353.2000,5354.2000,1,4,2,1,3,2,1,2,1,2
SF,IC2003,2020-01-03 10:58:07.900,5352.0000,53626,0,5674735200.000,2,1,1,多换,S,5352.2000,5351.0000,5348.6000,5348.2000,5348.0000,5352.8000,5353.0000,5353.2000,5354.2000,5355.0000,1,4,2,1,3,1,2,1,2,2
SF,IC2003,2020-01-03 10:58:08.400,5352.0000,53626,0,5674735200.000,0,-,-,-,-,5352.2000,5351.0000,5348.6000,5348.2000,5348.0000,5353.0000,5353.2000,5354.2000,5355.0000,5355.4000,1,4,2,1,3,2,1,2,2,1
SF,IC2003,2020-01-03 10:58:08.900,5352.0000,53626,0,5674735200.000,0,-,-,-,-,5352.8000,5352.2000,5351.0000,5348.6000,5348.2000,5353.0000,5353.2000,5354.2000,5355.0000,5355.4000,1,1,4,2,1,2,1,2,2,1
SF,IC2003,2020-01-03 10:58:09.400,5352.0000,53626,0,5674735200.000,0,-,-,-,-,5352.8000,5352.2000,5351.0000,5348.6000,5348.2000,5353.0000,5353.2000,5354.2000,5355.0000,5355.4000,1,1,2,2,1,2,1,2,2,1
SF,IC2003,2020-01-03 10:58:09.900,5352.0000,53626,0,5674735200.000,0,-,-,-,-,5352.8000,5352.2000,5351.0000,5348.6000,5348.2000,5353.0000,5353.2000,5354.2000,5355.0000,5355.4000,1,1,1,2,1,2,1,2,2,1
SF,IC2003,2020-01-03 10:58:10.400,5352.8000,53626,0,5675805760.000,1,0,1,多换,S,5351.0000,5348.6000,5348.2000,5348.0000,5346.8000,5353.0000,5353.2000,5354.2000,5355.0000,5355.4000,1,2,1,3,1,2,1,2,2,1
SF,IC2003,2020-01-03 10:58:10.900,5352.8000,53626,0,5675805760.000,0,-,-,-,-,5351.6000,5351.2000,5351.0000,5348.6000,5348.2000,5352.8000,5353.0000,5353.2000,5354.2000,5355.0000,1,2,1,2,1,1,2,1,2,2
SF,IC2003,2020-01-03 10:58:11.400,5351.8000,53624,-2,5677946480.000,2,0,2,双平,S,5351.6000,5351.0000,5348.6000,5348.2000,5348.0000,5352.4000,5352.8000,5353.0000,5353.2000,5354.2000,1,1,2,1,3,1,1,2,1,2
SF,IC2003,2020-01-03 10:58:11.900,5351.6000,53625,1,5679016800.000,1,1,0,双开,S,5348.6000,5348.2000,5348.0000,5346.8000,5346.6000,5352.4000,5352.8000,5353.0000,5353.2000,5354.2000,2,1,3,1,2,1,1,2,1,2
SF,IC2003,2020-01-03 10:58:12.400,5351.6000,53625,0,5679016800.000,0,-,-,-,-,5350.0000,5349.6000,5349.2000,5349.0000,5348.8000,5352.0000,5352.2000,5352.4000,5352.8000,5353.0000,1,4,2,2,8,1,5,2,1,2
SF,IC2003,2020-01-03 10:58:12.900,5351.6000,53625,0,5679016800.000,0,-,-,-,-,5350.2000,5350.0000,5349.6000,5349.0000,5348.8000,5351.8000,5352.0000,5352.2000,5352.4000,5352.8000,2,1,2,2,5,1,1,1,1,1
SF,IC2003,2020-01-03 10:58:13.400,5351.6000,53625,0,5679016800.000,0,-,-,-,-,5350.6000,5350.4000,5350.2000,5349.6000,5349.0000,5352.0000,5352.2000,5352.4000,5352.8000,5353.0000,1,1,2,2,2,1,1,1,1,2
SF,IC2003,2020-01-03 10:58:13.900,5351.6000,53625,0,5679016800.000,0,-,-,-,-,5350.8000,5350.6000,5350.4000,5349.6000,5349.0000,5352.0000,5352.4000,5352.8000,5353.0000,5353.2000,2,1,1,2,2,1,1,1,2,1
SF,IC2003,2020-01-03 10:58:14.400,5351.6000,53625,0,5679016800.000,0,-,-,-,-,5350.8000,5350.6000,5349.6000,5349.0000,5348.8000,5352.0000,5352.4000,5352.8000,5353.0000,5353.2000,2,1,2,2,1,1,1,1,2,1
SF,IC2003,2020-01-03 10:58:14.900,5351.6000,53625,0,5679016800.000,0,-,-,-,-,5351.0000,5350.8000,5349.6000,5349.0000,5348.8000,5351.6000,5352.0000,5352.4000,5352.8000,5353.0000,1,2,2,2,1,1,1,1,1,2
SF,IC2003,2020-01-03 10:58:15.400,5351.6000,53625,0,5679016800.000,0,-,-,-,-,5351.0000,5349.6000,5349.0000,5348.8000,5348.6000,5352.0000,5352.4000,5352.8000,5353.0000,5353.2000,1,2,2,1,2,1,1,1,2,1
SF,IC2003,2020-01-03 10:58:15.900,5351.0000,53625,0,5680087000.000,1,0,1,多换,S,5349.6000,5349.0000,5348.8000,5348.6000,5348.2000,5351.6000,5351.8000,5352.0000,5352.4000,5352.8000,2,2,1,2,1,1,2,2,1,1
SF,IC2003,2020-01-03 10:58:16.400,5351.0000,53625,0,5680087000.000,0,-,-,-,-,5349.8000,5349.6000,5349.0000,5348.8000,5348.6000,5351.6000,5352.0000,5352.4000,5352.8000,5353.0000,4,2,2,1,2,1,1,1,1,2
SF,IC2003,2020-01-03 10:58:17.400,5351.0000,53625,0,5680087000.000,0,-,-,-,-,5350.2000,5349.8000,5349.6000,5349.0000,5348.8000,5352.0000,5352.4000,5353.0000,5353.2000,5354.2000,3,2,2,2,1,1,1,2,1,2
SF,IC2003,2020-01-03 10:58:17.900,5351.0000,53625,0,5680087000.000,0,-,-,-,-,5350.4000,5350.2000,5349.6000,5349.0000,5348.8000,5351.0000,5352.0000,5352.4000,5353.0000,5353.2000,2,1,2,3,1,1,1,1,2,1
SF,IC2003,2020-01-03 10:58:18.400,5351.0000,53626,1,5681157200.000,1,1,0,双开,S,5351.0000,5350.4000,5350.2000,5349.6000,5349.0000,5352.0000,5352.4000,5353.0000,5353.2000,5354.2000,1,2,1,1,3,1,1,2,1,2
SF,IC2003,2020-01-03 10:58:18.900,5351.0000,53626,0,5681157200.000,0,-,-,-,-,5351.0000,5350.4000,5350.2000,5349.6000,5349.0000,5352.0000,5352.4000,5353.0000,5353.2000,5354.2000,1,2,1,1,3,1,1,2,1,2
SF,IC2003,2020-01-03 10:58:19.400,5351.0000,53626,0,5681157200.000,0,-,-,-,-,5351.0000,5350.4000,5350.2000,5349.6000,5349.0000,5351.8000,5352.0000,5352.4000,5353.0000,5353.2000,1,2,1,1,3,2,1,1,2,1
SF,IC2003,2020-01-03 10:58:20.900,5351.8000,53626,0,5683297920.000,2,1,1,多换,S,5351.0000,5350.4000,5350.2000,5349.6000,5349.0000,5352.4000,5353.0000,5353.2000,5354.2000,5355.0000,1,2,1,1,3,1,2,1,2,2
SF,IC2003,2020-01-03 10:58:21.400,5351.8000,53626,0,5683297920.000,0,-,-,-,-,5351.2000,5351.0000,5349.6000,5349.0000,5348.6000,5352.2000,5352.4000,5353.0000,5353.2000,5354.2000,2,1,1,3,2,1,1,2,1,2
SF,IC2003,2020-01-03 10:58:21.900,5351.8000,53626,0,5683297920.000,0,-,-,-,-,5351.2000,5351.0000,5349.6000,5349.0000,5348.6000,5352.2000,5352.4000,5353.0000,5353.2000,5354.2000,2,1,1,3,2,2,1,2,1,2
SF,IC2003,2020-01-03 10:58:24.400,5351.8000,53626,0,5683297920.000,0,-,-,-,-,5351.2000,5349.6000,5349.0000,5348.6000,5348.2000,5352.2000,5352.4000,5353.0000,5353.2000,5354.2000,2,1,3,2,1,2,1,2,1,2
SF,IC2003,2020-01-03 10:58:27.900,5351.8000,53626,0,5683297920.000,0,-,-,-,-,5351.2000,5349.6000,5349.0000,5348.6000,5348.2000,5352.0000,5352.2000,5352.4000,5353.0000,5353.2000,2,1,3,2,1,1,2,1,2,1
SF,IC2003,2020-01-03 10:58:28.400,5351.8000,53626,0,5683297920.000,0,-,-,-,-,5351.2000,5349.6000,5349.0000,5348.6000,5348.2000,5351.8000,5352.0000,5352.4000,5353.0000,5353.2000,2,1,3,2,1,2,1,1,2,1
SF,IC2003,2020-01-03 10:58:30.400,5351.8000,53626,0,5683297920.000,0,-,-,-,-,5351.2000,5349.6000,5349.0000,5348.6000,5348.2000,5351.8000,5352.0000,5352.4000,5353.0000,5353.2000,2,1,3,2,1,2,1,1,2,1
SF,IC2003,2020-01-03 10:58:30.900,5351.8000,53626,0,5683297920.000,0,-,-,-,-,5351.2000,5351.0000,5349.6000,5349.0000,5348.6000,5351.8000,5352.4000,5353.0000,5353.2000,5354.2000,2,1,1,3,2,2,1,2,1,2
SF,IC2003,2020-01-03 10:58:31.400,5351.8000,53626,0,5683297920.000,0,-,-,-,-,5351.2000,5351.0000,5349.6000,5349.0000,5348.6000,5352.2000,5352.4000,5353.0000,5353.2000,5354.2000,2,1,1,3,2,2,1,2,1,2
SF,IC2003,2020-01-03 10:58:31.900,5351.2000,53625,-1,5684368160.000,1,0,1,双平,S,5351.2000,5351.0000,5349.6000,5349.0000,5348.6000,5352.2000,5352.4000,5353.0000,5353.2000,5354.2000,1,1,1,3,2,2,1,2,1,2
SF,IC2003,2020-01-03 10:58:32.400,5351.2000,53625,0,5684368160.000,0,-,-,-,-,5351.2000,5351.0000,5349.6000,5349.0000,5348.6000,5352.0000,5352.2000,5352.4000,5353.0000,5353.2000,1,1,1,3,2,1,2,1,2,1
SF,IC2003,2020-01-03 10:58:32.900,5351.2000,53625,0,5684368160.000,0,-,-,-,-,5351.2000,5351.0000,5349.6000,5349.0000,5348.6000,5351.8000,5352.0000,5352.4000,5353.0000,5353.2000,1,1,1,3,2,2,1,1,2,1
SF,IC2003,2020-01-03 10:58:34.900,5351.2000,53625,0,5684368160.000,0,-,-,-,-,5351.2000,5351.0000,5349.6000,5349.0000,5348.6000,5351.8000,5352.0000,5353.0000,5353.2000,5354.2000,1,1,1,3,2,2,1,2,1,2
SF,IC2003,2020-01-03 10:58:37.900,5351.2000,53625,0,5684368160.000,0,-,-,-,-,5351.2000,5351.0000,5349.6000,5349.0000,5348.6000,5351.8000,5353.0000,5353.2000,5354.2000,5355.0000,2,1,1,3,2,2,2,1,2,2
SF,IC2003,2020-01-03 10:58:38.400,5351.2000,53625,0,5684368160.000,0,-,-,-,-,5351.2000,5351.0000,5349.6000,5349.0000,5348.6000,5352.8000,5353.0000,5353.2000,5354.2000,5355.0000,2,1,1,3,2,2,2,1,2,2
SF,IC2003,2020-01-03 10:58:38.900,5351.2000,53625,0,5684368160.000,0,-,-,-,-,5351.2000,5351.0000,5349.6000,5349.0000,5348.6000,5352.6000,5352.8000,5353.0000,5353.2000,5354.2000,2,1,1,3,2,2,2,2,1,2
SF,IC2003,2020-01-03 10:58:39.400,5351.2000,53625,0,5684368160.000,0,-,-,-,-,5351.8000,5351.2000,5351.0000,5349.6000,5349.0000,5352.4000,5352.6000,5353.0000,5353.2000,5354.2000,1,2,1,1,3,2,2,2,1,2
SF,IC2003,2020-01-03 10:58:39.900,5351.8000,53626,1,5685438520.000,1,1,0,双开,S,5351.2000,5351.0000,5349.6000,5349.0000,5348.6000,5352.4000,5352.6000,5353.0000,5353.2000,5354.2000,2,1,1,3,2,2,2,2,1,2
SF,IC2003,2020-01-03 10:58:40.400,5351.8000,53626,0,5685438520.000,0,-,-,-,-,5351.2000,5351.0000,5349.6000,5349.0000,5348.6000,5352.2000,5352.4000,5352.6000,5353.0000,5353.2000,2,1,1,3,2,1,2,2,2,1
SF,IC2003,2020-01-03 10:58:40.900,5351.8000,53626,0,5685438520.000,0,-,-,-,-,5351.8000,5351.2000,5351.0000,5349.6000,5349.0000,5352.0000,5352.2000,5353.0000,5353.2000,5354.2000,1,2,1,1,3,2,1,2,1,2
SF,IC2003,2020-01-03 10:58:41.400,5351.2000,53627,1,5687579120.000,2,1,1,空开,S,5351.2000,5351.0000,5349.6000,5349.0000,5348.6000,5351.8000,5352.0000,5352.2000,5353.0000,5353.2000,1,1,1,3,2,2,2,1,2,1
SF,IC2003,2020-01-03 10:58:41.900,5351.2000,53627,0,5687579120.000,0,-,-,-,-,5351.2000,5351.0000,5349.6000,5349.0000,5348.6000,5351.6000,5351.8000,5352.2000,5353.0000,5353.2000,1,1,1,3,2,2,2,1,2,1
SF,IC2003,2020-01-03 10:58:45.400,5351.2000,53627,0,5687579120.000,0,-,-,-,-,5351.2000,5351.0000,5349.6000,5349.0000,5348.6000,5351.6000,5351.8000,5353.0000,5353.2000,5354.2000,1,1,1,3,2,2,2,2,1,2
SF,IC2003,2020-01-03 10:58:50.900,5351.2000,53627,0,5687579120.000,0,-,-,-,-,5351.2000,5351.0000,5349.6000,5349.0000,5348.6000,5351.6000,5351.8000,5353.0000,5353.2000,5354.2000,2,1,1,3,2,2,2,2,1,2
SF,IC2003,2020-01-03 10:58:51.400,5351.2000,53627,0,5687579120.000,0,-,-,-,-,5351.2000,5351.0000,5349.6000,5349.0000,5348.6000,5351.6000,5353.0000,5353.2000,5354.2000,5355.0000,2,1,1,3,2,2,2,1,2,2
SF,IC2003,2020-01-03 10:58:51.900,5351.2000,53627,0,5687579120.000,0,-,-,-,-,5351.2000,5351.0000,5349.6000,5349.0000,5348.6000,5352.8000,5353.0000,5353.2000,5354.2000,5355.0000,1,1,1,3,2,2,2,1,2,2
SF,IC2003,2020-01-03 10:58:52.400,5351.2000,53627,0,5687579120.000,0,-,-,-,-,5351.2000,5351.0000,5349.6000,5349.0000,5348.6000,5352.4000,5352.6000,5352.8000,5353.0000,5353.2000,1,1,1,3,2,1,2,2,2,1
SF,IC2003,2020-01-03 10:58:52.900,5351.2000,53627,0,5687579120.000,0,-,-,-,-,5351.2000,5351.0000,5349.6000,5349.0000,5348.6000,5352.2000,5352.4000,5353.0000,5353.2000,5354.2000,2,1,1,3,2,4,1,2,1,1
SF,IC2003,2020-01-03 10:58:53.400,5351.2000,53628,1,5688649360.000,1,1,0,双开,S,5351.2000,5351.0000,5349.6000,5349.0000,5348.6000,5352.2000,5352.4000,5353.0000,5353.2000,5354.2000,1,1,1,3,2,4,1,2,1,1
SF,IC2003,2020-01-03 10:58:53.900,5351.2000,53628,0,5688649360.000,0,-,-,-,-,5351.2000,5351.0000,5349.6000,5349.0000,5348.6000,5352.0000,5352.2000,5352.4000,5353.0000,5353.2000,1,1,1,3,2,1,4,1,2,1
SF,IC2003,2020-01-03 10:58:54.400,5352.0000,53629,1,5689719760.000,1,1,0,双开,S,5351.2000,5351.0000,5349.6000,5349.0000,5348.6000,5352.2000,5352.4000,5353.0000,5353.2000,5354.2000,1,1,1,3,2,4,1,2,1,1
SF,IC2003,2020-01-03 10:58:54.900,5352.0000,53629,0,5689719760.000,0,-,-,-,-,5351.2000,5351.0000,5349.6000,5349.0000,5348.6000,5352.2000,5352.4000,5353.0000,5353.2000,5354.2000,1,1,1,3,2,2,1,2,1,1
SF,IC2003,2020-01-03 10:58:56.400,5352.0000,53629,0,5689719760.000,0,-,-,-,-,5351.2000,5351.0000,5349.6000,5349.0000,5348.6000,5352.2000,5352.4000,5353.0000,5353.2000,5354.2000,1,1,1,3,2,2,1,3,1,1
SF,IC2003,2020-01-03 10:58:57.900,5351.2000,53629,0,5690790000.000,1,0,1,多换,S,5351.0000,5349.6000,5349.0000,5348.6000,5348.2000,5352.2000,5353.0000,5353.2000,5354.2000,5355.0000,1,1,3,2,1,2,3,1,1,2
SF,IC2003,2020-01-03 10:58:58.400,5351.2000,53629,0,5690790000.000,0,-,-,-,-,5351.2000,5351.0000,5349.6000,5349.0000,5348.6000,5352.8000,5353.0000,5353.2000,5354.2000,5355.0000,2,1,1,3,2,2,3,1,1,2
SF,IC2003,2020-01-03 10:58:58.900,5351.2000,53629,0,5690790000.000,0,-,-,-,-,5351.2000,5351.0000,5349.6000,5349.0000,5348.6000,5352.6000,5352.8000,5353.0000,5353.2000,5354.2000,2,1,1,3,2,2,2,3,1,1
SF,IC2003,2020-01-03 10:58:59.400,5351.2000,53629,0,5690790000.000,0,-,-,-,-,5352.2000,5351.2000,5351.0000,5349.6000,5349.0000,5352.4000,5352.6000,5353.0000,5353.2000,5354.2000,1,2,1,1,3,2,2,3,1,1
SF,IC2003,2020-01-03 10:58:59.900,5352.2000,53629,0,5691860440.000,1,0,1,多换,S,5351.2000,5351.0000,5349.6000,5349.0000,5348.6000,5352.2000,5352.4000,5352.6000,5353.0000,5353.2000,2,1,1,3,2,8,2,2,3,1
SF,IC2003,2020-01-03 10:59:00.400,5352.2000,53629,0,5691860440.000,0,-,-,-,-,5351.2000,5351.0000,5349.6000,5349.0000,5348.6000,5352.0000,5352.2000,5352.6000,5353.0000,5353.2000,2,1,1,3,2,2,7,3,3,1
SF,IC2003,2020-01-03 10:59:03.900,5352.2000,53632,3,5697212560.000,5,4,1,空开,S,5352.0000,5351.2000,5351.0000,5349.6000,5349.0000,5352.6000,5353.0000,5353.2000,5354.2000,5355.0000,1,2,1,1,3,3,3,1,1,2
SF,IC2003,2020-01-03 10:59:04.400,5352.6000,53629,-3,5700424120.000,3,0,3,双平,S,5352.6000,5352.0000,5351.2000,5351.0000,5349.6000,5353.0000,5353.2000,5354.2000,5355.0000,5355.4000,4,1,2,1,1,3,1,1,2,1
SF,IC2003,2020-01-03 10:59:04.900,5353.0000,53628,-1,5703635920.000,3,1,2,多平,S,5353.0000,5352.6000,5352.0000,5351.2000,5351.0000,5353.2000,5354.2000,5355.0000,5355.4000,5355.8000,2,4,1,2,1,1,1,2,1,2
SF,IC2003,2020-01-03 10:59:05.400,5353.2000,53627,-1,5705777200.000,2,0,2,多平,S,5353.4000,5353.2000,5353.0000,5352.6000,5352.0000,5354.2000,5355.0000,5355.4000,5355.8000,5356.0000,1,1,2,4,1,1,2,1,2,1
SF,IC2003,2020-01-03 10:59:05.900,5353.2000,53627,0,5705777200.000,0,-,-,-,-,5353.2000,5353.0000,5352.6000,5352.0000,5351.2000,5354.2000,5355.0000,5355.4000,5355.8000,5356.0000,1,2,4,1,3,1,2,1,2,1
SF,IC2003,2020-01-03 10:59:06.400,5353.2000,53627,0,5705777200.000,0,-,-,-,-,5353.2000,5353.0000,5352.6000,5352.0000,5351.2000,5354.2000,5355.0000,5355.4000,5355.8000,5356.0000,1,2,4,1,3,1,2,1,2,1
SF,IC2003,2020-01-03 10:59:07.400,5353.2000,53627,0,5705777200.000,0,-,-,-,-,5353.2000,5353.0000,5352.6000,5352.0000,5351.2000,5354.2000,5355.0000,5355.4000,5355.8000,5356.0000,1,2,4,1,4,1,2,1,2,1
SF,IC2003,2020-01-03 10:59:07.900,5353.2000,53627,0,5705777200.000,0,-,-,-,-,5353.4000,5353.2000,5353.0000,5352.6000,5352.0000,5354.2000,5355.0000,5355.4000,5355.8000,5356.0000,2,1,2,4,1,1,2,1,2,1
SF,IC2003,2020-01-03 10:59:08.400,5353.2000,53627,0,5705777200.000,0,-,-,-,-,5353.4000,5353.2000,5353.0000,5352.6000,5352.0000,5354.0000,5354.2000,5355.0000,5355.4000,5355.8000,2,1,2,4,1,2,1,2,1,2
SF,IC2003,2020-01-03 10:59:08.900,5354.0000,53627,0,5708989440.000,3,1,2,多换,S,5353.4000,5353.2000,5353.0000,5352.6000,5352.0000,5354.2000,5355.0000,5355.4000,5355.8000,5356.0000,1,1,2,4,1,1,2,1,2,1
SF,IC2003,2020-01-03 10:59:09.400,5353.4000,53626,-1,5710060120.000,1,0,1,双平,S,5353.2000,5353.0000,5352.6000,5351.2000,5351.0000,5353.6000,5354.2000,5355.0000,5355.4000,5355.8000,1,2,4,2,1,1,1,2,1,2
SF,IC2003,2020-01-03 10:59:09.900,5353.2000,53626,0,5711130760.000,1,0,1,多换,S,5353.0000,5352.6000,5351.2000,5351.0000,5349.6000,5353.6000,5354.2000,5355.0000,5355.4000,5355.8000,2,4,2,1,1,1,1,2,1,2
SF,IC2003,2020-01-03 10:59:11.900,5353.6000,53625,-1,5712201480.000,1,0,1,双平,S,5353.0000,5352.6000,5351.2000,5351.0000,5349.6000,5354.2000,5355.0000,5355.4000,5355.8000,5356.0000,2,4,3,1,1,1,2,1,2,1
SF,IC2003,2020-01-03 10:59:12.400,5353.2000,53624,-1,5713272120.000,1,0,1,双平,S,5353.2000,5353.0000,5352.6000,5351.2000,5351.0000,5354.2000,5355.0000,5355.4000,5355.8000,5356.0000,1,2,1,3,1,1,2,1,2,1
SF,IC2003,2020-01-03 10:59:12.900,5352.6000,53623,-1,5714342640.000,1,0,1,双平,S,5351.2000,5351.0000,5349.6000,5349.0000,5348.6000,5354.0000,5354.2000,5355.0000,5355.4000,5355.8000,3,1,1,3,2,2,1,2,1,2
SF,IC2003,2020-01-03 10:59:13.400,5352.6000,53623,0,5714342640.000,0,-,-,-,-,5352.0000,5351.6000,5351.4000,5351.2000,5351.0000,5353.6000,5353.8000,5354.0000,5354.2000,5355.0000,1,3,4,3,1,1,2,2,1,2
SF,IC2003,2020-01-03 10:59:13.900,5353.4000,53623,0,5715413320.000,1,0,1,多换,S,5352.0000,5351.6000,5351.4000,5351.2000,5351.0000,5353.4000,5353.6000,5354.2000,5355.0000,5355.4000,1,1,3,3,1,1,2,1,2,1
SF,IC2003,2020-01-03 10:59:14.400,5352.2000,53623,0,5716483760.000,1,0,1,多换,S,5352.2000,5352.0000,5351.2000,5351.0000,5349.6000,5353.0000,5353.4000,5353.6000,5354.2000,5355.0000,1,1,3,1,1,1,1,2,1,2
SF,IC2003,2020-01-03 10:59:14.900,5352.2000,53623,0,5716483760.000,0,-,-,-,-,5352.0000,5351.2000,5351.0000,5349.6000,5349.0000,5353.0000,5353.4000,5353.6000,5354.2000,5355.0000,1,3,1,1,3,1,1,2,1,2
SF,IC2003,2020-01-03 10:59:15.400,5352.0000,53623,0,5717554160.000,1,0,1,多换,S,5351.2000,5351.0000,5349.6000,5349.0000,5348.6000,5353.0000,5353.4000,5353.6000,5354.2000,5355.0000,3,1,1,3,2,1,1,2,1,2
SF,IC2003,2020-01-03 10:59:15.900,5352.0000,53623,0,5717554160.000,0,-,-,-,-,5351.6000,5351.4000,5351.2000,5351.0000,5349.6000,5353.0000,5353.6000,5354.2000,5355.0000,5355.4000,2,2,3,1,1,1,2,1,2,1
SF,IC2003,2020-01-03 10:59:16.400,5352.0000,53623,0,5717554160.000,0,-,-,-,-,5351.4000,5351.2000,5351.0000,5349.6000,5349.0000,5352.8000,5353.0000,5353.6000,5354.2000,5355.0000,2,3,1,1,3,2,1,2,1,2
SF,IC2003,2020-01-03 10:59:16.900,5352.0000,53623,0,5717554160.000,0,-,-,-,-,5351.4000,5351.2000,5351.0000,5349.6000,5349.0000,5352.8000,5353.0000,5353.6000,5354.2000,5355.0000,2,3,1,1,3,2,1,1,1,2
SF,IC2003,2020-01-03 10:59:20.400,5352.0000,53623,0,5717554160.000,0,-,-,-,-,5351.6000,5351.4000,5351.2000,5351.0000,5349.6000,5352.8000,5353.0000,5353.6000,5354.2000,5355.0000,1,2,3,1,1,2,1,1,1,2
SF,IC2003,2020-01-03 10:59:20.900,5352.0000,53623,0,5717554160.000,0,-,-,-,-,5351.8000,5351.6000,5351.2000,5351.0000,5349.6000,5353.0000,5353.6000,5354.2000,5355.0000,5355.4000,1,1,3,1,1,1,1,1,2,1
SF,IC2003,2020-01-03 10:59:21.400,5352.0000,53623,0,5717554160.000,0,-,-,-,-,5352.2000,5351.8000,5351.2000,5351.0000,5349.6000,5353.6000,5354.2000,5355.0000,5355.4000,5355.8000,1,1,3,1,1,1,1,2,1,2
SF,IC2003,2020-01-03 10:59:21.900,5352.0000,53623,0,5717554160.000,0,-,-,-,-,5352.2000,5351.8000,5351.2000,5351.0000,5349.6000,5353.4000,5353.6000,5354.2000,5355.0000,5355.4000,1,1,3,1,1,2,1,1,2,1
SF,IC2003,2020-01-03 10:59:23.400,5352.0000,53623,0,5717554160.000,0,-,-,-,-,5352.2000,5351.8000,5351.2000,5351.0000,5349.6000,5353.4000,5353.6000,5354.2000,5355.0000,5355.4000,1,1,3,1,1,2,2,1,2,1
SF,IC2003,2020-01-03 10:59:24.400,5352.0000,53623,0,5717554160.000,0,-,-,-,-,5351.8000,5351.2000,5351.0000,5349.6000,5349.0000,5353.4000,5353.6000,5354.2000,5355.0000,5355.4000,1,3,1,1,3,2,2,1,2,1
SF,IC2003,2020-01-03 10:59:25.400,5352.0000,53623,0,5717554160.000,0,-,-,-,-,5351.8000,5351.2000,5351.0000,5349.6000,5349.0000,5353.0000,5353.4000,5353.6000,5354.2000,5355.0000,1,3,1,1,3,1,2,2,1,2
SF,IC2003,2020-01-03 10:59:25.900,5352.0000,53623,0,5717554160.000,0,-,-,-,-,5351.8000,5351.2000,5351.0000,5349.6000,5349.0000,5352.2000,5353.0000,5353.4000,5353.6000,5354.2000,1,3,1,1,3,1,1,2,2,1
SF,IC2003,2020-01-03 10:59:26.400,5352.2000,53623,0,5718624600.000,1,0,1,多换,S,5351.8000,5351.2000,5351.0000,5349.6000,5349.0000,5353.0000,5353.4000,5353.6000,5354.2000,5355.0000,1,3,1,1,3,1,2,2,1,2
SF,IC2003,2020-01-03 10:59:27.900,5352.2000,53623,0,5718624600.000,0,-,-,-,-,5351.8000,5351.2000,5351.0000,5349.6000,5349.0000,5353.0000,5353.4000,5353.6000,5354.2000,5355.0000,1,3,1,1,3,1,2,1,1,2
SF,IC2003,2020-01-03 10:59:29.400,5352.2000,53623,0,5718624600.000,0,-,-,-,-,5351.8000,5351.2000,5351.0000,5349.6000,5349.0000,5353.0000,5353.4000,5353.6000,5354.2000,5355.0000,1,3,1,1,3,2,2,1,1,2
SF,IC2003,2020-01-03 10:59:29.900,5352.2000,53623,0,5718624600.000,0,-,-,-,-,5351.2000,5351.0000,5349.6000,5349.0000,5348.6000,5351.8000,5352.8000,5353.0000,5353.6000,5354.2000,3,1,1,3,2,1,1,2,1,1
SF,IC2003,2020-01-03 10:59:30.400,5351.8000,53622,-1,5719694960.000,1,0,1,双平,S,5351.8000,5351.4000,5351.2000,5351.0000,5349.6000,5353.0000,5353.6000,5354.2000,5355.0000,5355.4000,3,2,3,1,1,2,1,1,2,1
SF,IC2003,2020-01-03 10:59:30.900,5352.8000,53622,0,5720765520.000,1,0,1,多换,S,5351.8000,5351.4000,5351.2000,5351.0000,5349.6000,5352.8000,5353.0000,5353.6000,5354.2000,5355.0000,3,2,3,1,1,1,2,1,1,2
SF,IC2003,2020-01-03 10:59:31.400,5352.8000,53622,0,5720765520.000,0,-,-,-,-,5351.8000,5351.4000,5351.2000,5351.0000,5349.6000,5353.0000,5353.6000,5354.2000,5355.0000,5355.4000,3,2,3,1,1,2,1,1,2,1
SF,IC2003,2020-01-03 10:59:32.400,5352.8000,53622,0,5720765520.000,0,-,-,-,-,5351.8000,5351.4000,5351.2000,5351.0000,5349.6000,5353.0000,5353.6000,5354.2000,5355.0000,5355.4000,3,2,3,1,1,2,1,1,2,1
SF,IC2003,2020-01-03 10:59:32.900,5352.8000,53622,0,5720765520.000,0,-,-,-,-,5352.0000,5351.8000,5351.2000,5351.0000,5349.6000,5353.0000,5353.6000,5354.2000,5355.0000,5355.4000,1,3,3,1,1,2,1,1,2,1
SF,IC2003,2020-01-03 10:59:33.900,5352.8000,53622,0,5720765520.000,0,-,-,-,-,5352.2000,5352.0000,5351.8000,5351.6000,5351.2000,5353.0000,5353.6000,5354.2000,5355.0000,5355.4000,1,1,3,1,3,2,1,1,2,1
SF,IC2003,2020-01-03 10:59:35.400,5352.8000,53622,0,5720765520.000,0,-,-,-,-,5352.2000,5352.0000,5351.8000,5351.6000,5351.2000,5353.0000,5353.6000,5354.2000,5355.0000,5355.4000,1,1,3,1,3,2,1,1,2,1
SF,IC2003,2020-01-03 10:59:37.900,5352.8000,53622,0,5720765520.000,0,-,-,-,-,5352.2000,5352.0000,5351.8000,5351.6000,5351.2000,5353.0000,5353.6000,5354.2000,5355.0000,5355.4000,1,1,3,1,3,2,1,1,2,1
SF,IC2003,2020-01-03 10:59:38.400,5352.8000,53622,0,5720765520.000,0,-,-,-,-,5352.2000,5352.0000,5351.8000,5351.6000,5351.2000,5353.0000,5353.6000,5354.2000,5355.0000,5355.4000,2,1,3,1,3,2,1,1,2,1
SF,IC2003,2020-01-03 10:59:38.900,5352.8000,53622,0,5720765520.000,0,-,-,-,-,5352.2000,5352.0000,5351.8000,5351.6000,5351.2000,5353.0000,5353.6000,5354.2000,5355.0000,5355.4000,2,1,3,1,3,1,1,1,2,1
SF,IC2003,2020-01-03 10:59:39.400,5352.8000,53622,0,5720765520.000,0,-,-,-,-,5352.2000,5352.0000,5351.6000,5351.2000,5351.0000,5352.8000,5353.0000,5353.6000,5354.2000,5355.0000,2,1,1,3,1,1,1,1,1,2
SF,IC2003,2020-01-03 10:59:41.400,5353.0000,53622,0,5722906680.000,2,1,1,多换,S,5353.0000,5352.2000,5352.0000,5351.6000,5351.2000,5353.6000,5354.2000,5355.0000,5355.4000,5355.8000,3,2,1,1,3,1,1,2,1,2
SF,IC2003,2020-01-03 10:59:41.900,5353.0000,53622,0,5722906680.000,0,-,-,-,-,5353.0000,5352.2000,5352.0000,5351.6000,5351.2000,5353.6000,5354.2000,5355.0000,5355.4000,5355.8000,4,1,1,1,3,1,1,2,1,2
SF,IC2003,2020-01-03 10:59:42.400,5353.0000,53623,1,5725047880.000,2,1,1,空开,S,5353.0000,5352.2000,5352.0000,5351.6000,5351.2000,5353.4000,5353.6000,5354.2000,5355.0000,5355.4000,2,2,1,1,3,1,1,1,2,1
SF,IC2003,2020-01-03 10:59:44.900,5353.0000,53623,0,5725047880.000,0,-,-,-,-,5353.0000,5352.2000,5352.0000,5351.6000,5351.2000,5353.4000,5353.6000,5354.2000,5355.0000,5355.4000,2,1,1,1,3,1,1,1,2,1
SF,IC2003,2020-01-03 10:59:46.400,5353.0000,53623,0,5725047880.000,0,-,-,-,-,5353.0000,5352.8000,5352.2000,5352.0000,5351.6000,5353.4000,5353.6000,5354.2000,5355.0000,5355.4000,2,1,1,1,1,1,1,1,2,1
SF,IC2003,2020-01-03 10:59:47.400,5353.4000,53625,2,5727189160.000,2,2,0,双开,S,5353.0000,5352.8000,5352.2000,5352.0000,5351.6000,5353.6000,5354.2000,5355.0000,5355.4000,5355.8000,1,1,1,1,1,1,1,2,1,2
SF,IC2003,2020-01-03 10:59:48.400,5353.4000,53625,0,5727189160.000,0,-,-,-,-,5353.0000,5352.8000,5352.6000,5352.2000,5352.0000,5353.6000,5354.2000,5355.0000,5355.4000,5355.8000,1,1,1,1,1,1,1,2,1,2
SF,IC2003,2020-01-03 10:59:49.900,5353.0000,53625,0,5728259760.000,1,0,1,多换,S,5352.8000,5352.6000,5352.2000,5352.0000,5351.6000,5353.6000,5354.2000,5355.0000,5355.4000,5355.8000,1,1,1,1,1,1,1,2,1,2
SF,IC2003,2020-01-03 10:59:50.400,5353.0000,53625,0,5728259760.000,0,-,-,-,-,5353.2000,5352.8000,5352.6000,5352.2000,5352.0000,5353.6000,5354.2000,5355.0000,5355.4000,5355.8000,1,1,1,1,1,1,1,2,1,2
SF,IC2003,2020-01-03 10:59:50.900,5353.0000,53625,0,5728259760.000,0,-,-,-,-,5353.2000,5352.8000,5352.6000,5352.2000,5352.0000,5353.6000,5354.2000,5355.0000,5355.4000,5355.8000,1,1,1,1,1,1,2,2,1,2
SF,IC2003,2020-01-03 10:59:51.400,5352.6000,53628,3,5731471480.000,3,3,0,双开,B,5352.2000,5352.0000,5351.6000,5351.2000,5351.0000,5353.2000,5353.6000,5354.2000,5355.0000,5355.4000,1,1,1,3,1,1,1,2,2,1
SF,IC2003,2020-01-03 10:59:51.900,5353.0000,53629,1,5738965280.000,7,4,3,多开,B,5351.6000,5351.2000,5351.0000,5349.6000,5349.0000,5353.2000,5353.6000,5354.2000,5355.0000,5355.4000,1,3,1,1,3,2,1,2,2,1
SF,IC2003,2020-01-03 10:59:52.400,5353.0000,53629,0,5738965280.000,0,-,-,-,-,5351.8000,5351.6000,5351.2000,5351.0000,5349.6000,5352.8000,5353.0000,5353.2000,5353.6000,5354.2000,2,1,3,1,1,3,3,1,1,2
SF,IC2003,2020-01-03 10:59:52.900,5351.2000,53629,0,5743246560.000,4,2,2,空换,B,5351.2000,5351.0000,5349.6000,5349.0000,5348.6000,5352.0000,5352.2000,5352.4000,5352.6000,5352.8000,2,1,1,3,2,4,5,3,4,1
SF,IC2003,2020-01-03 10:59:53.400,5351.2000,53631,2,5745387040.000,2,2,0,双开,B,5351.0000,5349.6000,5349.0000,5348.6000,5348.2000,5351.2000,5351.8000,5352.4000,5352.6000,5352.8000,1,1,3,2,1,5,2,3,4,1
SF,IC2003,2020-01-03 10:59:53.900,5351.0000,53630,-1,5747527440.000,2,0,2,空平,B,5349.6000,5349.0000,5348.6000,5348.2000,5348.0000,5352.4000,5352.6000,5352.8000,5353.0000,5353.6000,1,3,2,1,3,3,2,1,1,1
SF,IC2003,2020-01-03 10:59:54.400,5351.0000,53630,0,5747527440.000,0,-,-,-,-,5350.2000,5350.0000,5349.8000,5349.6000,5349.0000,5352.0000,5352.2000,5352.4000,5352.6000,5352.8000,1,2,4,3,3,1,3,2,2,1
SF,IC2003,2020-01-03 10:59:54.900,5351.0000,53630,0,5747527440.000,0,-,-,-,-,5351.6000,5350.6000,5350.2000,5349.8000,5349.6000,5351.8000,5352.0000,5352.2000,5352.4000,5352.6000,1,2,1,3,3,1,1,1,2,2
SF,IC2003,2020-01-03 10:59:55.400,5351.0000,53630,0,5747527440.000,0,-,-,-,-,5351.6000,5350.2000,5349.8000,5349.6000,5349.0000,5351.8000,5352.4000,5352.6000,5352.8000,5353.0000,1,1,2,3,3,1,2,2,1,1
SF,IC2003,2020-01-03 10:59:55.900,5351.0000,53630,0,5747527440.000,0,-,-,-,-,5351.6000,5350.2000,5349.8000,5349.6000,5349.0000,5352.2000,5352.6000,5352.8000,5353.0000,5353.6000,1,1,2,3,3,1,1,1,1,1
SF,IC2003,2020-01-03 10:59:56.400,5351.0000,53630,0,5747527440.000,0,-,-,-,-,5351.6000,5349.8000,5349.6000,5349.0000,5348.6000,5352.4000,5352.6000,5352.8000,5353.0000,5353.6000,1,2,3,3,2,1,1,1,1,1
SF,IC2003,2020-01-03 10:59:57.400,5351.0000,53630,0,5747527440.000,0,-,-,-,-,5351.6000,5349.8000,5349.6000,5349.0000,5348.6000,5352.4000,5352.6000,5352.8000,5353.0000,5353.6000,1,2,3,3,2,2,1,1,1,1
SF,IC2003,2020-01-03 10:59:57.900,5351.6000,53631,1,5748597760.000,1,1,0,双开,B,5349.8000,5349.6000,5349.0000,5348.6000,5348.2000,5352.2000,5352.4000,5352.6000,5352.8000,5353.0000,2,3,3,2,1,1,1,1,1,1
SF,IC2003,2020-01-03 10:59:58.400,5351.6000,53631,0,5748597760.000,0,-,-,-,-,5350.8000,5350.6000,5350.4000,5350.2000,5350.0000,5352.0000,5352.2000,5352.6000,5352.8000,5353.0000,1,1,1,2,1,1,1,1,1,1
SF,IC2003,2020-01-03 10:59:58.900,5351.2000,53631,0,5749668000.000,1,0,1,空换,B,5350.8000,5350.4000,5349.8000,5349.6000,5349.0000,5352.0000,5352.6000,5352.8000,5353.0000,5353.6000,1,1,2,3,3,1,1,1,1,1
SF,IC2003,2020-01-03 10:59:59.400,5351.2000,53631,0,5749668000.000,0,-,-,-,-,5350.8000,5350.4000,5349.8000,5349.6000,5349.0000,5352.0000,5352.4000,5352.6000,5352.8000,5353.0000,1,1,1,1,3,1,1,1,1,1
SF,IC2003,2020-01-03 10:59:59.900,5351.2000,53631,0,5749668000.000,0,-,-,-,-,5350.8000,5350.6000,5350.4000,5349.8000,5349.6000,5351.8000,5352.0000,5352.6000,5352.8000,5353.0000,1,1,1,1,1,1,1,1,1,1
SF,IC2003,2020-01-03 11:00:00.400,5351.2000,53631,0,5749668000.000,0,-,-,-,-,5350.8000,5350.6000,5350.4000,5349.8000,5349.6000,5351.8000,5352.0000,5352.6000,5352.8000,5353.0000,1,1,1,1,1,1,1,1,1,1
SF,IC2003,2020-01-03 11:00:02.400,5352.0000,53631,0,5751808760.000,2,1,1,空换,B,5351.8000,5350.8000,5350.6000,5349.8000,5349.6000,5352.6000,5352.8000,5353.0000,5353.6000,5354.2000,1,1,1,1,1,1,1,1,1,2
SF,IC2003,2020-01-03 11:00:02.900,5352.6000,53631,0,5752879280.000,1,0,1,空换,B,5352.0000,5350.8000,5350.6000,5349.8000,5349.6000,5353.6000,5354.2000,5355.0000,5355.4000,5355.8000,1,1,1,1,1,1,2,2,1,2
SF,IC2003,2020-01-03 11:00:03.400,5352.6000,53631,0,5752879280.000,0,-,-,-,-,5352.0000,5350.8000,5350.6000,5349.8000,5349.6000,5353.2000,5353.6000,5354.2000,5355.0000,5355.4000,1,1,1,1,1,1,1,2,2,1
SF,IC2003,2020-01-03 11:00:03.900,5352.6000,53631,0,5752879280.000,0,-,-,-,-,5352.0000,5351.4000,5350.8000,5350.6000,5349.8000,5353.2000,5353.6000,5354.2000,5355.0000,5355.4000,1,5,1,1,1,1,1,2,2,1
SF,IC2003,2020-01-03 11:00:04.900,5352.6000,53631,0,5752879280.000,0,-,-,-,-,5352.0000,5351.4000,5350.8000,5350.6000,5350.2000,5353.2000,5353.6000,5354.2000,5355.0000,5355.4000,1,5,1,1,1,2,1,2,2,1
SF,IC2003,2020-01-03 11:00:06.400,5352.6000,53631,0,5752879280.000,0,-,-,-,-,5352.0000,5351.4000,5350.8000,5350.6000,5350.2000,5353.2000,5353.6000,5354.2000,5355.0000,5355.4000,1,5,1,1,1,2,1,2,2,1
SF,IC2003,2020-01-03 11:00:06.900,5352.6000,53631,0,5752879280.000,0,-,-,-,-,5352.0000,5351.4000,5350.8000,5350.6000,5350.2000,5353.2000,5353.6000,5354.2000,5355.0000,5355.4000,1,5,1,1,1,1,1,2,2,1
SF,IC2003,2020-01-03 11:00:07.400,5352.6000,53631,0,5752879280.000,0,-,-,-,-,5352.0000,5351.4000,5350.8000,5350.6000,5350.2000,5353.2000,5353.6000,5354.2000,5355.0000,5355.4000,1,5,1,1,1,1,1,2,2,1
SF,IC2003,2020-01-03 11:00:07.900,5352.6000,53631,0,5752879280.000,0,-,-,-,-,5352.0000,5351.4000,5350.8000,5350.6000,5350.2000,5353.6000,5354.2000,5355.0000,5355.4000,5355.8000,1,5,1,1,1,1,2,2,1,2
SF,IC2003,2020-01-03 11:00:08.400,5353.6000,53631,0,5753950000.000,1,0,1,空换,B,5353.0000,5352.0000,5351.4000,5350.8000,5350.6000,5354.2000,5355.0000,5355.4000,5355.8000,5356.0000,2,1,5,1,1,2,2,1,2,1
SF,IC2003,2020-01-03 11:00:08.900,5353.6000,53631,0,5753950000.000,0,-,-,-,-,5353.0000,5352.0000,5351.4000,5350.8000,5350.6000,5354.2000,5355.0000,5355.4000,5355.8000,5356.0000,2,1,5,1,1,2,2,1,2,1
SF,IC2003,2020-01-03 11:00:09.400,5353.6000,53631,0,5753950000.000,0,-,-,-,-,5353.0000,5352.0000,5351.4000,5350.8000,5350.6000,5353.8000,5354.2000,5355.0000,5355.4000,5355.8000,2,1,5,1,1,1,2,2,1,2
SF,IC2003,2020-01-03 11:00:10.900,5353.8000,53632,1,5755020760.000,1,1,0,双开,B,5353.0000,5352.0000,5351.4000,5350.8000,5350.6000,5353.8000,5354.2000,5355.0000,5355.4000,5355.8000,2,1,5,1,1,1,2,2,1,2
SF,IC2003,2020-01-03 11:00:12.900,5353.8000,53632,0,5755020760.000,0,-,-,-,-,5353.0000,5352.0000,5351.4000,5350.8000,5350.6000,5353.8000,5354.2000,5355.0000,5355.4000,5355.8000,2,1,5,1,1,3,2,2,1,2
SF,IC2003,2020-01-03 11:00:13.400,5353.8000,53632,0,5756091520.000,1,0,1,空换,B,5353.0000,5352.0000,5351.4000,5350.8000,5350.6000,5353.8000,5354.2000,5355.0000,5355.4000,5355.8000,2,1,5,1,1,2,2,2,1,2
SF,IC2003,2020-01-03 11:00:15.400,5353.8000,53632,0,5757162280.000,1,0,1,空换,B,5353.0000,5352.0000,5351.4000,5350.8000,5350.6000,5353.8000,5354.2000,5355.0000,5355.4000,5355.8000,2,1,5,1,1,2,2,2,1,2
SF,IC2003,2020-01-03 11:00:15.900,5353.0000,53633,1,5758232880.000,1,1,0,双开,B,5353.0000,5352.0000,5351.4000,5350.8000,5350.6000,5353.6000,5353.8000,5354.2000,5355.0000,5355.4000,1,1,5,1,1,1,3,2,2,1
SF,IC2003,2020-01-03 11:00:16.400,5353.0000,53633,0,5758232880.000,0,-,-,-,-,5353.0000,5352.0000,5351.4000,5351.2000,5350.8000,5353.6000,5353.8000,5354.2000,5355.0000,5355.4000,1,1,5,1,1,1,2,2,2,1
SF,IC2003,2020-01-03 11:00:16.900,5353.0000,53633,0,5758232880.000,0,-,-,-,-,5353.0000,5352.0000,5351.4000,5351.2000,5350.8000,5353.8000,5354.2000,5355.0000,5355.4000,5355.8000,1,1,5,1,1,2,2,2,1,2
SF,IC2003,2020-01-03 11:00:17.900,5353.2000,53633,0,5760374120.000,2,1,1,空换,B,5352.0000,5351.4000,5351.2000,5350.8000,5350.6000,5353.2000,5353.8000,5354.2000,5355.0000,5355.4000,1,5,1,1,1,3,2,2,2,1
SF,IC2003,2020-01-03 11:00:18.400,5353.2000,53633,0,5760374120.000,0,-,-,-,-,5352.0000,5351.4000,5351.2000,5350.8000,5350.6000,5353.0000,5353.8000,5354.2000,5355.0000,5355.4000,1,5,1,1,1,2,2,2,2,1
SF,IC2003,2020-01-03 11:00:18.900,5353.2000,53633,0,5760374120.000,0,-,-,-,-,5352.0000,5351.4000,5351.2000,5350.8000,5350.6000,5353.0000,5353.8000,5354.2000,5355.0000,5355.4000,1,5,1,1,1,2,2,2,3,1
SF,IC2003,2020-01-03 11:00:19.400,5353.2000,53633,0,5760374120.000,0,-,-,-,-,5352.0000,5351.4000,5351.2000,5350.8000,5350.6000,5353.0000,5353.6000,5353.8000,5354.2000,5355.0000,1,5,1,1,1,1,1,2,2,3
SF,IC2003,2020-01-03 11:00:20.900,5353.2000,53633,0,5760374120.000,0,-,-,-,-,5352.0000,5351.4000,5351.2000,5350.8000,5350.6000,5353.0000,5353.6000,5353.8000,5354.2000,5355.0000,1,5,1,1,1,1,1,2,2,3
SF,IC2003,2020-01-03 11:00:21.400,5353.2000,53633,0,5760374120.000,0,-,-,-,-,5352.0000,5351.4000,5351.2000,5350.8000,5350.6000,5352.8000,5353.6000,5353.8000,5354.2000,5355.0000,1,5,1,1,1,1,1,2,2,3
SF,IC2003,2020-01-03 11:00:21.900,5353.2000,53633,0,5760374120.000,0,-,-,-,-,5352.0000,5351.4000,5351.2000,5350.8000,5350.6000,5352.8000,5353.6000,5353.8000,5354.0000,5354.2000,1,5,1,1,1,1,1,2,1,2
SF,IC2003,2020-01-03 11:00:22.900,5352.0000,53633,0,5761444520.000,1,0,1,空换,B,5351.4000,5351.2000,5350.8000,5350.6000,5350.2000,5352.8000,5353.6000,5353.8000,5354.0000,5354.2000,5,1,1,1,1,1,1,2,1,2
SF,IC2003,2020-01-03 11:00:24.400,5352.6000,53634,1,5762515040.000,1,1,0,双开,B,5352.6000,5351.4000,5351.2000,5350.8000,5350.6000,5353.6000,5353.8000,5354.0000,5354.2000,5355.0000,4,5,1,1,1,1,2,1,2,3
SF,IC2003,2020-01-03 11:00:24.900,5352.6000,53634,0,5762515040.000,0,-,-,-,-,5352.6000,5352.4000,5351.4000,5351.2000,5350.8000,5353.2000,5353.6000,5353.8000,5354.0000,5354.2000,4,1,5,1,1,1,1,2,1,2
SF,IC2003,2020-01-03 11:00:25.400,5352.6000,53635,1,5763585560.000,1,1,0,双开,B,5352.6000,5352.4000,5351.4000,5351.2000,5350.8000,5353.2000,5353.6000,5353.8000,5354.0000,5354.2000,3,1,5,1,1,1,1,2,1,2
SF,IC2003,2020-01-03 11:00:26.900,5352.6000,53635,0,5763585560.000,0,-,-,-,-,5352.6000,5351.4000,5351.2000,5350.8000,5350.6000,5353.2000,5353.6000,5353.8000,5354.0000,5354.2000,3,5,1,1,1,1,1,2,1,2
SF,IC2003,2020-01-03 11:00:28.900,5352.6000,53635,0,5763585560.000,0,-,-,-,-,5352.6000,5351.4000,5351.2000,5350.8000,5350.6000,5353.2000,5353.8000,5354.0000,5354.2000,5355.0000,3,5,1,1,1,1,2,1,2,3
SF,IC2003,2020-01-03 11:00:29.400,5352.6000,53636,1,5764656080.000,1,1,0,双开,B,5352.6000,5351.4000,5351.2000,5350.8000,5350.6000,5353.2000,5353.8000,5354.0000,5354.2000,5355.0000,2,5,1,1,1,1,2,1,2,3
SF,IC2003,2020-01-03 11:00:32.400,5353.2000,53637,1,5765726720.000,1,1,0,双开,B,5352.6000,5351.4000,5351.2000,5350.8000,5350.6000,5353.8000,5354.0000,5354.2000,5355.0000,5355.4000,2,5,1,1,1,2,1,2,3,1
SF,IC2003,2020-01-03 11:00:33.400,5353.2000,53637,0,5765726720.000,0,-,-,-,-,5352.6000,5351.4000,5351.2000,5350.8000,5350.6000,5353.6000,5353.8000,5354.0000,5354.2000,5355.0000,2,5,1,1,1,1,2,1,2,3
SF,IC2003,2020-01-03 11:00:34.900,5353.2000,53637,0,5765726720.000,0,-,-,-,-,5352.6000,5351.4000,5351.2000,5350.8000,5350.6000,5353.2000,5353.8000,5354.0000,5354.2000,5355.0000,2,5,1,1,1,1,2,1,2,3
SF,IC2003,2020-01-03 11:00:35.400,5352.6000,53637,0,5766797240.000,1,0,1,空换,B,5352.6000,5351.4000,5351.2000,5350.8000,5350.6000,5353.0000,5353.2000,5353.8000,5354.0000,5354.2000,1,5,1,1,1,1,1,2,1,2
SF,IC2003,2020-01-03 11:00:36.900,5353.0000,53637,0,5767867840.000,1,0,1,空换,B,5353.2000,5352.6000,5351.4000,5351.2000,5350.8000,5353.8000,5354.0000,5354.2000,5355.0000,5355.4000,1,1,5,1,1,2,1,2,3,1
SF,IC2003,2020-01-03 11:00:37.400,5353.0000,53637,0,5767867840.000,0,-,-,-,-,5352.6000,5351.4000,5351.2000,5350.8000,5350.6000,5353.8000,5354.0000,5354.2000,5355.0000,5355.4000,1,5,1,1,1,2,1,2,3,1
SF,IC2003,2020-01-03 11:00:37.900,5354.0000,53635,-2,5770009400.000,2,0,2,双平,B,5352.6000,5351.4000,5350.8000,5350.6000,5350.2000,5354.2000,5355.0000,5355.4000,5355.8000,5356.0000,1,5,1,1,1,2,3,1,2,1
SF,IC2003,2020-01-03 11:00:38.900,5354.0000,53635,0,5770009400.000,0,-,-,-,-,5352.8000,5352.6000,5351.4000,5350.8000,5350.6000,5354.2000,5355.0000,5355.4000,5355.8000,5356.0000,1,1,5,1,1,2,3,1,2,1
SF,IC2003,2020-01-03 11:00:40.400,5352.8000,53635,0,5771079960.000,1,0,1,空换,B,5352.6000,5351.4000,5350.8000,5350.6000,5350.2000,5354.2000,5355.0000,5355.4000,5355.8000,5356.0000,1,5,1,1,1,2,3,1,2,1
SF,IC2003,2020-01-03 11:00:40.900,5352.8000,53635,0,5771079960.000,0,-,-,-,-,5350.8000,5350.6000,5350.2000,5350.0000,5349.6000,5354.2000,5355.0000,5355.4000,5355.8000,5356.0000,1,1,1,1,1,2,3,1,2,1
SF,IC2003,2020-01-03 11:00:41.400,5352.8000,53635,0,5771079960.000,0,-,-,-,-,5352.4000,5351.4000,5351.2000,5351.0000,5350.8000,5354.0000,5354.2000,5355.0000,5355.4000,5355.8000,1,4,2,3,1,1,2,3,1,2
SF,IC2003,2020-01-03 11:00:41.900,5352.8000,53635,0,5771079960.000,0,-,-,-,-,5352.4000,5351.4000,5351.2000,5351.0000,5350.8000,5354.0000,5354.2000,5355.0000,5355.4000,5355.8000,1,2,2,2,1,1,2,3,1,2
SF,IC2003,2020-01-03 11:00:42.400,5352.8000,53635,0,5771079960.000,0,-,-,-,-,5352.4000,5351.4000,5351.2000,5351.0000,5350.8000,5354.2000,5355.0000,5355.4000,5355.8000,5356.0000,1,2,2,2,1,2,3,1,2,1
SF,IC2003,2020-01-03 11:00:42.900,5352.8000,53635,0,5771079960.000,0,-,-,-,-,5352.8000,5352.4000,5351.4000,5351.2000,5351.0000,5354.0000,5354.2000,5355.0000,5355.4000,5355.8000,2,1,2,2,2,1,2,3,1,2
SF,IC2003,2020-01-03 11:00:43.400,5352.8000,53635,0,5771079960.000,0,-,-,-,-,5352.4000,5351.4000,5351.2000,5351.0000,5350.8000,5353.8000,5354.2000,5355.0000,5355.4000,5355.8000,1,2,2,2,1,1,2,3,1,2
SF,IC2003,2020-01-03 11:00:43.900,5352.8000,53635,0,5771079960.000,0,-,-,-,-,5352.4000,5351.4000,5351.2000,5351.0000,5350.8000,5353.8000,5354.2000,5355.0000,5355.4000,5355.8000,1,2,2,2,1,1,2,3,1,2
SF,IC2003,2020-01-03 11:00:44.400,5352.8000,53635,0,5771079960.000,0,-,-,-,-,5352.6000,5352.4000,5351.4000,5351.2000,5351.0000,5353.8000,5354.2000,5355.0000,5355.4000,5355.8000,1,2,2,2,2,1,2,3,1,2
SF,IC2003,2020-01-03 11:00:44.900,5352.8000,53635,0,5771079960.000,0,-,-,-,-,5352.6000,5352.4000,5351.4000,5351.2000,5351.0000,5353.8000,5354.2000,5355.0000,5355.4000,5355.8000,1,2,2,2,2,1,2,3,1,2
SF,IC2003,2020-01-03 11:00:45.400,5352.8000,53635,0,5771079960.000,0,-,-,-,-,5352.6000,5352.4000,5351.2000,5351.0000,5350.8000,5353.8000,5354.2000,5355.0000,5355.4000,5355.8000,1,2,1,2,1,1,2,3,1,2
SF,IC2003,2020-01-03 11:00:45.900,5352.8000,53635,0,5771079960.000,0,-,-,-,-,5352.6000,5352.4000,5351.2000,5351.0000,5350.8000,5353.8000,5354.2000,5355.0000,5355.4000,5355.8000,1,2,1,1,1,1,2,3,1,2
SF,IC2003,2020-01-03 11:00:46.400,5352.8000,53635,0,5771079960.000,0,-,-,-,-,5352.6000,5352.4000,5351.2000,5351.0000,5350.8000,5353.8000,5354.2000,5355.0000,5355.4000,5355.8000,1,1,1,1,1,1,2,3,1,2
SF,IC2003,2020-01-03 11:00:46.900,5352.6000,53635,0,5772150480.000,1,0,1,空换,B,5351.2000,5351.0000,5350.8000,5350.6000,5350.2000,5352.8000,5353.0000,5353.8000,5354.2000,5355.0000,1,1,1,1,1,1,2,1,2,3
SF,IC2003,2020-01-03 11:00:47.400,5352.6000,53635,0,5772150480.000,0,-,-,-,-,5353.4000,5353.0000,5351.6000,5351.4000,5351.2000,5353.8000,5354.2000,5355.0000,5355.4000,5355.8000,1,1,1,2,1,1,2,3,1,2
SF,IC2003,2020-01-03 11:00:47.900,5353.0000,53633,-2,5774291760.000,2,0,2,双平,B,5351.6000,5351.4000,5351.2000,5350.8000,5350.6000,5353.0000,5353.2000,5353.4000,5353.6000,5353.8000,1,1,1,1,1,3,2,8,2,1
SF,IC2003,2020-01-03 11:00:48.400,5353.0000,53633,0,5774291760.000,0,-,-,-,-,5351.6000,5351.4000,5351.2000,5350.8000,5350.6000,5353.2000,5353.4000,5353.6000,5353.8000,5354.0000,1,1,1,1,1,1,3,1,1,1
SF,IC2003,2020-01-03 11:00:48.900,5353.0000,53633,0,5774291760.000,0,-,-,-,-,5351.6000,5351.4000,5351.2000,5350.8000,5350.6000,5352.8000,5353.0000,5353.2000,5353.4000,5353.6000,1,1,1,1,1,1,1,1,3,1
SF,IC2003,2020-01-03 11:00:49.400,5353.0000,53633,0,5774291760.000,0,-,-,-,-,5351.4000,5351.2000,5350.8000,5350.6000,5350.2000,5352.8000,5353.0000,5353.2000,5353.4000,5353.6000,1,1,1,1,1,1,1,1,3,1
SF,IC2003,2020-01-03 11:00:49.900,5352.8000,53632,-1,5775362320.000,1,0,1,双平,B,5351.2000,5350.8000,5350.6000,5350.2000,5350.0000,5352.8000,5353.0000,5353.4000,5353.6000,5354.0000,1,1,1,1,1,1,1,3,1,1
SF,IC2003,2020-01-03 11:00:50.400,5352.8000,53632,0,5775362320.000,0,-,-,-,-,5351.4000,5350.8000,5350.6000,5350.2000,5350.0000,5352.8000,5353.0000,5353.4000,5353.6000,5354.0000,1,1,1,1,1,1,1,3,1,1
SF,IC2003,2020-01-03 11:00:51.400,5351.4000,53632,0,5776432600.000,1,0,1,空换,B,5350.8000,5350.6000,5350.2000,5350.0000,5349.6000,5352.8000,5353.0000,5353.4000,5353.6000,5354.0000,1,1,1,1,1,1,1,3,1,1
SF,IC2003,2020-01-03 11:00:51.900,5351.4000,53632,0,5776432600.000,0,-,-,-,-,5351.0000,5350.8000,5350.6000,5350.2000,5350.0000,5352.8000,5353.0000,5353.4000,5353.6000,5354.0000,2,1,1,1,1,1,1,3,1,1
SF,IC2003,2020-01-03 11:00:52.400,5351.4000,53632,0,5776432600.000,0,-,-,-,-,5351.2000,5350.8000,5350.6000,5350.2000,5350.0000,5352.8000,5353.0000,5353.4000,5353.6000,5354.0000,1,1,1,1,1,1,1,3,1,1
SF,IC2003,2020-01-03 11:00:52.900,5351.4000,53632,0,5776432600.000,0,-,-,-,-,5351.2000,5350.8000,5350.6000,5350.2000,5350.0000,5352.6000,5352.8000,5353.0000,5353.4000,5353.6000,1,1,1,1,1,1,1,1,3,1
SF,IC2003,2020-01-03 11:00:53.400,5351.4000,53632,0,5776432600.000,0,-,-,-,-,5351.2000,5350.8000,5350.6000,5350.2000,5350.0000,5352.6000,5353.0000,5353.4000,5353.6000,5354.0000,1,1,1,1,1,1,1,3,1,1
SF,IC2003,2020-01-03 11:00:54.900,5351.4000,53632,0,5776432600.000,0,-,-,-,-,5351.6000,5351.2000,5350.8000,5350.6000,5350.2000,5352.6000,5353.4000,5353.6000,5354.0000,5354.2000,1,1,1,1,1,1,3,1,1,2
SF,IC2003,2020-01-03 11:00:55.400,5351.4000,53632,0,5776432600.000,0,-,-,-,-,5351.6000,5350.8000,5350.6000,5350.2000,5350.0000,5353.4000,5353.6000,5354.0000,5354.2000,5355.0000,1,1,1,1,1,3,1,1,2,3
SF,IC2003,2020-01-03 11:00:55.900,5351.4000,53632,0,5776432600.000,0,-,-,-,-,5352.0000,5351.6000,5350.8000,5350.6000,5350.2000,5353.4000,5353.6000,5354.0000,5354.2000,5355.0000,2,2,1,1,1,3,1,1,2,3
SF,IC2003,2020-01-03 11:00:56.400,5351.4000,53632,0,5776432600.000,0,-,-,-,-,5352.0000,5351.6000,5350.8000,5350.6000,5350.2000,5353.0000,5353.4000,5353.6000,5354.0000,5354.2000,2,2,1,1,1,1,1,1,1,2
SF,IC2003,2020-01-03 11:00:56.900,5351.4000,53632,0,5776432600.000,0,-,-,-,-,5351.6000,5350.8000,5350.6000,5350.2000,5350.0000,5353.0000,5353.4000,5353.6000,5354.0000,5354.2000,2,1,1,1,1,1,1,1,1,2
SF,IC2003,2020-01-03 11:00:57.400,5351.4000,53632,0,5776432600.000,0,-,-,-,-,5351.6000,5350.8000,5350.6000,5350.2000,5350.0000,5353.0000,5353.4000,5354.0000,5354.2000,5355.0000,2,1,1,1,1,1,1,1,2,3
SF,IC2003,2020-01-03 11:00:57.900,5351.4000,53632,0,5776432600.000,0,-,-,-,-,5351.6000,5350.8000,5350.6000,5350.2000,5350.0000,5352.0000,5353.0000,5353.4000,5354.0000,5354.2000,2,1,1,1,1,1,1,1,1,2
SF,IC2003,2020-01-03 11:00:58.400,5352.0000,53633,1,5777503000.000,1,1,0,双开,B,5352.2000,5352.0000,5351.6000,5350.8000,5350.6000,5353.4000,5354.0000,5354.2000,5355.0000,5355.4000,2,6,2,1,1,1,1,2,3,1
SF,IC2003,2020-01-03 11:00:58.900,5352.0000,53633,0,5777503000.000,0,-,-,-,-,5352.0000,5351.6000,5350.8000,5350.6000,5350.2000,5354.0000,5354.2000,5355.0000,5355.4000,5355.8000,6,1,1,1,1,1,2,3,1,2
SF,IC2003,2020-01-03 11:00:59.400,5352.0000,53633,0,5777503000.000,0,-,-,-,-,5352.2000,5352.0000,5351.6000,5350.8000,5350.6000,5354.0000,5354.2000,5355.0000,5355.4000,5355.8000,2,6,1,1,1,1,2,3,1,2
SF,IC2003,2020-01-03 11:00:59.900,5352.0000,53633,0,5777503000.000,0,-,-,-,-,5352.6000,5352.4000,5352.2000,5352.0000,5351.6000,5353.6000,5354.0000,5354.2000,5355.0000,5355.4000,2,1,1,6,1,1,1,2,3,1
SF,IC2003,2020-01-03 11:01:00.400,5352.0000,53633,0,5777503000.000,0,-,-,-,-,5352.6000,5352.4000,5352.0000,5351.6000,5350.8000,5353.6000,5354.0000,5354.2000,5355.0000,5355.4000,1,1,6,1,1,1,1,2,3,1
SF,IC2003,2020-01-03 11:01:00.900,5352.0000,53633,0,5777503000.000,0,-,-,-,-,5352.4000,5352.0000,5351.6000,5350.8000,5350.6000,5353.6000,5354.0000,5354.2000,5355.0000,5355.4000,1,6,1,1,1,1,1,2,3,1
SF,IC2003,2020-01-03 11:01:01.400,5352.0000,53633,0,5777503000.000,0,-,-,-,-,5352.0000,5351.6000,5350.8000,5350.6000,5350.2000,5353.6000,5354.0000,5354.2000,5355.0000,5355.4000,6,1,1,1,1,1,1,2,3,1
SF,IC2003,2020-01-03 11:01:01.900,5352.0000,53633,0,5777503000.000,0,-,-,-,-,5352.2000,5352.0000,5351.6000,5350.8000,5350.6000,5353.6000,5354.0000,5354.2000,5355.0000,5355.4000,1,6,1,1,1,1,1,2,3,1
SF,IC2003,2020-01-03 11:01:02.400,5352.0000,53633,0,5777503000.000,0,-,-,-,-,5352.2000,5352.0000,5351.6000,5350.8000,5350.6000,5354.0000,5354.2000,5355.0000,5355.4000,5355.8000,1,6,1,1,1,1,2,3,1,2
SF,IC2003,2020-01-03 11:01:02.900,5352.0000,53633,0,5777503000.000,0,-,-,-,-,5352.2000,5352.0000,5351.6000,5350.8000,5350.6000,5353.6000,5354.0000,5354.2000,5355.0000,5355.4000,1,6,1,1,1,1,1,2,3,1
SF,IC2003,2020-01-03 11:01:03.900,5352.0000,53633,0,5777503000.000,0,-,-,-,-,5352.2000,5352.0000,5351.6000,5350.8000,5350.6000,5353.6000,5354.0000,5354.2000,5355.0000,5355.4000,1,6,1,1,1,2,1,2,3,1
SF,IC2003,2020-01-03 11:01:04.400,5352.0000,53633,0,5777503000.000,0,-,-,-,-,5352.2000,5351.6000,5350.8000,5350.6000,5350.2000,5353.6000,5354.0000,5354.2000,5355.0000,5355.4000,1,1,1,1,1,2,1,2,3,1
SF,IC2003,2020-01-03 11:01:04.900,5352.0000,53633,0,5777503000.000,0,-,-,-,-,5352.2000,5351.6000,5350.8000,5350.6000,5350.2000,5353.4000,5353.6000,5354.0000,5354.2000,5355.0000,1,1,1,1,1,1,1,1,2,3
SF,IC2003,2020-01-03 11:01:05.400,5352.0000,53633,0,5777503000.000,0,-,-,-,-,5351.6000,5350.8000,5350.6000,5350.2000,5350.0000,5353.4000,5353.6000,5354.0000,5354.2000,5355.0000,1,1,1,1,1,1,1,1,2,3
SF,IC2003,2020-01-03 11:01:05.900,5352.0000,53633,0,5777503000.000,0,-,-,-,-,5352.0000,5351.6000,5350.8000,5350.6000,5350.2000,5353.4000,5353.6000,5354.0000,5354.2000,5355.0000,2,1,1,1,1,1,1,1,2,3
SF,IC2003,2020-01-03 11:01:06.400,5352.0000,53633,0,5777503000.000,0,-,-,-,-,5351.6000,5350.8000,5350.6000,5350.2000,5350.0000,5353.4000,5353.6000,5354.0000,5354.2000,5355.0000,1,1,1,1,1,1,1,1,2,3
SF,IC2003,2020-01-03 11:01:07.400,5352.0000,53633,0,5777503000.000,0,-,-,-,-,5352.0000,5351.8000,5351.6000,5350.8000,5350.6000,5353.4000,5353.6000,5354.0000,5354.2000,5355.0000,2,2,2,1,1,1,1,1,2,3
SF,IC2003,2020-01-03 11:01:07.900,5353.4000,53633,0,5778573680.000,1,0,1,空换,B,5351.8000,5351.6000,5350.8000,5350.6000,5350.2000,5353.6000,5354.0000,5354.2000,5355.0000,5355.4000,2,2,1,1,1,1,1,2,3,1
SF,IC2003,2020-01-03 11:01:08.400,5353.4000,53633,0,5778573680.000,0,-,-,-,-,5352.2000,5352.0000,5351.8000,5351.6000,5350.8000,5353.6000,5354.0000,5354.2000,5355.0000,5355.4000,2,1,2,1,1,1,1,2,3,1
SF,IC2003,2020-01-03 11:01:08.900,5352.2000,53634,1,5781785080.000,3,2,1,多开,B,5352.0000,5351.8000,5351.6000,5350.8000,5350.6000,5352.2000,5353.6000,5354.0000,5354.2000,5355.0000,1,1,1,1,1,2,1,1,2,3
SF,IC2003,2020-01-03 11:01:09.400,5352.2000,53634,0,5783925960.000,2,1,1,空换,B,5352.4000,5352.2000,5352.0000,5351.8000,5351.6000,5353.6000,5354.0000,5354.2000,5355.0000,5355.4000,5,7,1,1,1,1,1,2,3,1
SF,IC2003,2020-01-03 11:01:09.900,5352.2000,53634,0,5783925960.000,0,-,-,-,-,5352.4000,5352.2000,5352.0000,5351.8000,5351.6000,5353.6000,5354.0000,5354.2000,5355.0000,5355.4000,1,7,1,1,1,1,1,2,3,1
SF,IC2003,2020-01-03 11:01:11.400,5352.2000,53634,0,5783925960.000,0,-,-,-,-,5352.4000,5352.2000,5351.8000,5351.6000,5350.8000,5353.6000,5354.0000,5354.2000,5355.0000,5355.4000,2,7,1,1,1,1,1,2,3,1
SF,IC2003,2020-01-03 11:01:11.900,5352.2000,53634,0,5783925960.000,0,-,-,-,-,5352.4000,5352.2000,5351.8000,5351.6000,5350.8000,5353.6000,5354.0000,5354.2000,5355.0000,5355.4000,1,7,1,1,1,2,1,2,3,1
SF,IC2003,2020-01-03 11:01:12.400,5352.2000,53634,0,5783925960.000,0,-,-,-,-,5352.4000,5352.2000,5351.8000,5351.6000,5350.8000,5353.6000,5354.0000,5354.2000,5355.0000,5355.4000,1,7,1,1,1,1,1,2,3,1
SF,IC2003,2020-01-03 11:01:12.900,5352.2000,53634,0,5783925960.000,0,-,-,-,-,5352.4000,5352.2000,5351.8000,5351.6000,5350.8000,5353.6000,5354.0000,5354.2000,5355.0000,5355.4000,2,7,1,1,1,1,1,2,3,1
SF,IC2003,2020-01-03 11:01:13.400,5352.4000,53633,-1,5784996440.000,1,0,1,双平,B,5352.4000,5352.2000,5351.8000,5351.6000,5350.8000,5353.6000,5354.0000,5354.2000,5355.0000,5355.4000,2,7,1,1,1,1,1,2,3,1
SF,IC2003,2020-01-03 11:01:14.400,5352.4000,53633,0,5784996440.000,0,-,-,-,-,5352.4000,5352.2000,5351.8000,5351.6000,5350.8000,5353.6000,5354.0000,5354.2000,5355.0000,5355.4000,2,4,1,1,1,1,1,2,3,1
SF,IC2003,2020-01-03 11:01:14.900,5352.4000,53633,0,5784996440.000,0,-,-,-,-,5352.4000,5352.2000,5351.8000,5351.6000,5350.8000,5353.6000,5354.0000,5354.2000,5355.0000,5355.4000,2,2,1,1,1,1,1,2,3,1
SF,IC2003,2020-01-03 11:01:15.400,5352.4000,53633,0,5784996440.000,0,-,-,-,-,5352.4000,5352.2000,5351.8000,5351.6000,5350.8000,5353.6000,5354.0000,5354.2000,5355.0000,5355.4000,2,1,1,1,1,2,1,2,3,1
SF,IC2003,2020-01-03 11:01:15.900,5352.4000,53633,0,5784996440.000,0,-,-,-,-,5352.4000,5352.2000,5351.8000,5351.6000,5350.8000,5353.6000,5354.0000,5354.2000,5355.0000,5355.4000,2,1,1,1,1,2,1,2,3,1
SF,IC2003,2020-01-03 11:01:16.400,5352.4000,53633,0,5784996440.000,0,-,-,-,-,5352.6000,5352.4000,5352.2000,5351.8000,5351.6000,5353.6000,5354.0000,5354.2000,5355.0000,5355.4000,1,2,1,1,1,2,1,2,3,1
SF,IC2003,2020-01-03 11:01:16.900,5352.4000,53633,0,5786066920.000,1,0,1,空换,B,5352.6000,5352.4000,5352.2000,5351.8000,5351.6000,5353.6000,5354.0000,5354.2000,5355.0000,5355.4000,1,1,1,1,1,2,2,2,3,1
SF,IC2003,2020-01-03 11:01:17.900,5352.4000,53633,0,5786066920.000,0,-,-,-,-,5352.6000,5352.4000,5352.2000,5351.8000,5351.6000,5352.8000,5353.6000,5354.0000,5354.2000,5355.0000,1,1,1,1,1,3,2,2,2,3
SF,IC2003,2020-01-03 11:01:18.400,5352.6000,53633,0,5787137440.000,1,0,1,空换,B,5352.4000,5352.2000,5351.8000,5351.6000,5350.8000,5352.6000,5353.6000,5354.0000,5354.2000,5355.0000,1,1,1,1,1,1,1,2,2,3
SF,IC2003,2020-01-03 11:01:18.900,5352.4000,53632,-1,5788207920.000,1,0,1,双平,B,5352.2000,5351.8000,5351.6000,5350.8000,5350.6000,5352.6000,5353.6000,5354.0000,5354.2000,5355.0000,1,1,1,1,1,1,1,2,2,3
SF,IC2003,2020-01-03 11:01:19.900,5352.6000,53633,1,5789278440.000,1,1,0,双开,B,5351.8000,5351.6000,5350.8000,5350.6000,5350.2000,5353.6000,5354.0000,5354.2000,5355.0000,5355.4000,1,1,1,1,1,1,2,2,3,1
SF,IC2003,2020-01-03 11:01:20.900,5352.6000,53633,0,5789278440.000,0,-,-,-,-,5351.8000,5351.6000,5350.8000,5350.6000,5350.2000,5353.0000,5353.2000,5353.6000,5354.0000,5354.2000,1,1,1,1,1,1,1,1,2,2
SF,IC2003,2020-01-03 11:01:22.400,5352.6000,53633,0,5789278440.000,0,-,-,-,-,5352.8000,5351.8000,5351.6000,5350.8000,5350.6000,5353.0000,5353.2000,5353.6000,5354.0000,5354.2000,1,1,1,1,1,1,1,1,2,2
SF,IC2003,2020-01-03 11:01:22.900,5352.8000,53631,-2,5793560680.000,4,1,3,空平,B,5351.8000,5351.6000,5350.8000,5350.6000,5350.2000,5353.0000,5353.2000,5354.0000,5354.2000,5355.0000,1,1,1,1,1,1,1,2,2,3
SF,IC2003,2020-01-03 11:01:24.400,5352.8000,53631,0,5793560680.000,0,-,-,-,-,5351.8000,5351.6000,5350.8000,5350.6000,5350.2000,5352.8000,5353.0000,5353.2000,5354.0000,5354.2000,1,1,1,1,1,1,1,1,2,2
SF,IC2003,2020-01-03 11:01:24.900,5353.0000,53631,0,5795701840.000,2,1,1,空换,B,5353.0000,5351.8000,5351.6000,5350.8000,5350.6000,5353.2000,5354.0000,5354.2000,5355.0000,5355.4000,1,1,1,1,1,1,2,2,3,1
SF,IC2003,2020-01-03 11:01:25.400,5353.0000,53631,0,5796772440.000,1,0,1,空换,B,5351.8000,5351.6000,5350.8000,5350.6000,5350.2000,5353.2000,5354.0000,5354.2000,5355.0000,5355.4000,1,1,1,1,1,1,3,2,3,1
SF,IC2003,2020-01-03 11:01:27.400,5353.0000,53631,0,5796772440.000,0,-,-,-,-,5352.0000,5351.8000,5351.6000,5350.8000,5350.6000,5353.2000,5354.0000,5354.2000,5355.0000,5355.4000,1,1,1,1,1,1,3,2,3,1
SF,IC2003,2020-01-03 11:01:28.400,5352.0000,53630,-1,5797842840.000,1,0,1,双平,B,5351.8000,5351.6000,5350.8000,5350.6000,5350.2000,5352.0000,5352.2000,5353.2000,5354.0000,5354.2000,1,1,1,1,1,1,1,2,3,2
SF,IC2003,2020-01-03 11:01:28.900,5351.8000,53630,0,5798913200.000,1,0,1,空换,B,5352.2000,5352.0000,5351.6000,5350.8000,5350.6000,5353.2000,5354.0000,5354.2000,5355.0000,5355.4000,1,1,1,1,1,2,3,2,3,1
SF,IC2003,2020-01-03 11:01:29.400,5351.6000,53630,0,5802124360.000,3,1,2,空换,B,5350.8000,5350.6000,5350.2000,5350.0000,5349.0000,5351.8000,5352.0000,5352.2000,5352.8000,5353.0000,1,1,1,1,3,2,3,3,6,2
SF,IC2003,2020-01-03 11:01:29.900,5351.6000,53631,1,5803194680.000,1,1,0,双开,B,5350.8000,5350.6000,5350.2000,5350.0000,5349.0000,5352.0000,5352.2000,5352.8000,5353.0000,5353.2000,1,1,1,1,3,3,2,1,1,2
SF,IC2003,2020-01-03 11:01:30.400,5351.6000,53631,0,5803194680.000,0,-,-,-,-,5350.8000,5350.6000,5350.2000,5350.0000,5349.0000,5351.2000,5352.0000,5352.2000,5352.4000,5352.8000,1,1,1,1,3,1,3,2,1,1
SF,IC2003,2020-01-03 11:01:30.900,5351.6000,53631,0,5803194680.000,0,-,-,-,-,5350.8000,5350.6000,5350.2000,5350.0000,5349.0000,5352.0000,5352.2000,5352.4000,5352.8000,5353.0000,1,1,1,1,3,3,2,1,1,1
SF,IC2003,2020-01-03 11:01:31.400,5351.6000,53631,0,5803194680.000,0,-,-,-,-,5350.8000,5350.6000,5350.2000,5350.0000,5349.0000,5352.0000,5352.2000,5352.4000,5352.8000,5353.0000,1,1,1,1,3,3,2,1,1,1
SF,IC2003,2020-01-03 11:01:32.400,5351.6000,53631,0,5803194680.000,0,-,-,-,-,5350.8000,5350.6000,5350.2000,5350.0000,5349.0000,5352.0000,5352.2000,5352.4000,5352.8000,5353.0000,2,1,1,1,3,3,2,1,1,1
SF,IC2003,2020-01-03 11:01:32.900,5351.6000,53631,0,5803194680.000,0,-,-,-,-,5350.8000,5350.6000,5350.2000,5350.0000,5349.0000,5352.0000,5352.2000,5352.4000,5352.8000,5353.0000,2,1,1,1,3,3,2,1,1,1
SF,IC2003,2020-01-03 11:01:34.400,5351.6000,53631,0,5803194680.000,0,-,-,-,-,5350.8000,5350.6000,5350.2000,5350.0000,5349.0000,5352.2000,5352.4000,5352.8000,5353.0000,5354.0000,2,1,1,1,3,2,1,1,1,3
SF,IC2003,2020-01-03 11:01:35.400,5351.6000,53631,0,5803194680.000,0,-,-,-,-,5350.8000,5350.6000,5350.2000,5350.0000,5349.0000,5352.2000,5352.4000,5352.8000,5353.0000,5354.0000,1,1,1,1,3,2,1,1,1,3
SF,IC2003,2020-01-03 11:01:35.900,5350.8000,53632,1,5804264840.000,1,1,0,双开,B,5350.6000,5350.2000,5350.0000,5349.0000,5348.6000,5352.0000,5352.2000,5352.8000,5353.0000,5354.0000,1,1,1,3,2,1,1,1,1,3
SF,IC2003,2020-01-03 11:01:37.900,5350.8000,53632,0,5804264840.000,0,-,-,-,-,5350.6000,5350.2000,5350.0000,5349.0000,5348.6000,5352.0000,5352.2000,5352.8000,5353.0000,5354.0000,1,1,1,3,2,1,1,1,1,3
SF,IC2003,2020-01-03 11:01:39.400,5350.6000,53633,1,5805334960.000,1,1,0,双开,B,5350.2000,5350.0000,5349.0000,5348.6000,5348.2000,5352.0000,5352.2000,5352.8000,5353.0000,5354.0000,1,1,4,2,1,1,1,1,1,3
SF,IC2003,2020-01-03 11:01:39.900,5350.6000,53633,0,5805334960.000,0,-,-,-,-,5350.6000,5350.2000,5350.0000,5349.0000,5348.6000,5352.0000,5352.2000,5352.8000,5353.0000,5354.0000,3,1,1,4,2,1,1,1,1,3
SF,IC2003,2020-01-03 11:01:40.400,5350.6000,53633,0,5805334960.000,0,-,-,-,-,5350.6000,5350.2000,5350.0000,5349.0000,5348.6000,5352.0000,5352.2000,5352.8000,5353.0000,5354.0000,1,1,1,4,2,1,1,1,1,3
SF,IC2003,2020-01-03 11:01:40.900,5350.6000,53633,0,5805334960.000,0,-,-,-,-,5350.6000,5350.2000,5350.0000,5349.0000,5348.6000,5352.0000,5352.2000,5352.8000,5353.0000,5354.0000,2,1,1,4,2,1,1,1,1,3
SF,IC2003,2020-01-03 11:01:41.400,5350.6000,53633,0,5805334960.000,0,-,-,-,-,5350.6000,5350.2000,5350.0000,5349.0000,5348.6000,5352.8000,5353.0000,5354.0000,5354.2000,5355.0000,2,1,1,4,2,1,1,3,2,4
SF,IC2003,2020-01-03 11:01:42.400,5350.6000,53633,0,5805334960.000,0,-,-,-,-,5351.0000,5350.6000,5350.2000,5350.0000,5349.0000,5352.4000,5354.0000,5354.2000,5355.0000,5355.4000,2,2,1,1,4,1,3,2,4,1
SF,IC2003,2020-01-03 11:01:42.900,5350.6000,53633,0,5805334960.000,0,-,-,-,-,5350.6000,5350.2000,5350.0000,5349.0000,5348.6000,5352.4000,5354.0000,5354.2000,5355.0000,5355.4000,2,1,1,4,2,1,3,2,4,1
SF,IC2003,2020-01-03 11:01:43.400,5350.6000,53633,0,5805334960.000,0,-,-,-,-,5351.0000,5350.6000,5350.2000,5350.0000,5349.0000,5352.4000,5354.0000,5354.2000,5355.0000,5355.4000,1,2,1,1,4,1,3,2,4,1
SF,IC2003,2020-01-03 11:01:43.900,5350.6000,53633,0,5805334960.000,0,-,-,-,-,5350.6000,5350.2000,5350.0000,5349.0000,5348.6000,5351.0000,5352.4000,5354.0000,5354.2000,5355.0000,2,1,1,4,2,2,1,2,2,3
SF,IC2003,2020-01-03 11:01:44.400,5351.0000,53633,0,5807475360.000,2,1,1,空换,B,5351.0000,5350.6000,5350.2000,5350.0000,5349.0000,5352.4000,5354.0000,5354.2000,5355.0000,5355.4000,5,1,1,1,4,1,2,2,3,1
SF,IC2003,2020-01-03 11:01:44.900,5351.0000,53633,0,5807475360.000,0,-,-,-,-,5351.0000,5350.6000,5350.2000,5350.0000,5349.0000,5352.4000,5353.0000,5354.0000,5354.2000,5355.0000,5,1,1,1,4,1,1,1,2,3
SF,IC2003,2020-01-03 11:01:45.900,5351.0000,53633,0,5807475360.000,0,-,-,-,-,5351.2000,5351.0000,5350.6000,5350.2000,5350.0000,5352.4000,5353.0000,5354.0000,5354.2000,5355.0000,1,5,1,1,1,1,1,1,2,3
SF,IC2003,2020-01-03 11:01:46.900,5351.0000,53633,0,5807475360.000,0,-,-,-,-,5351.2000,5351.0000,5350.6000,5350.2000,5350.0000,5353.0000,5354.0000,5354.2000,5355.0000,5355.4000,1,5,1,1,1,1,1,2,3,1
SF,IC2003,2020-01-03 11:01:47.900,5351.0000,53633,0,5807475360.000,0,-,-,-,-,5351.2000,5351.0000,5350.6000,5350.2000,5350.0000,5352.4000,5353.0000,5354.0000,5354.2000,5355.0000,1,5,1,1,1,1,1,1,2,3
SF,IC2003,2020-01-03 11:01:49.400,5351.0000,53633,0,5807475360.000,0,-,-,-,-,5351.2000,5351.0000,5350.6000,5350.2000,5350.0000,5352.4000,5353.0000,5354.0000,5354.2000,5355.0000,1,1,1,1,1,1,1,1,2,3
SF,IC2003,2020-01-03 11:01:50.400,5351.0000,53633,0,5807475360.000,0,-,-,-,-,5351.2000,5350.6000,5350.2000,5350.0000,5349.0000,5352.4000,5353.0000,5354.0000,5354.2000,5355.0000,1,1,1,1,4,1,1,1,2,3
SF,IC2003,2020-01-03 11:01:51.900,5351.0000,53633,0,5807475360.000,0,-,-,-,-,5351.2000,5350.6000,5350.2000,5350.0000,5349.0000,5353.0000,5354.0000,5354.2000,5355.0000,5355.4000,1,1,1,1,4,1,1,2,3,1
SF,IC2003,2020-01-03 11:01:53.400,5351.0000,53633,0,5807475360.000,0,-,-,-,-,5351.6000,5351.2000,5350.6000,5350.2000,5350.0000,5352.6000,5353.0000,5354.0000,5354.2000,5355.0000,2,1,1,1,1,1,1,1,2,3
SF,IC2003,2020-01-03 11:01:53.900,5351.0000,53633,0,5807475360.000,0,-,-,-,-,5351.2000,5350.6000,5350.2000,5350.0000,5349.0000,5352.6000,5353.0000,5354.0000,5354.2000,5355.0000,1,1,1,2,4,1,1,1,2,3
SF,IC2003,2020-01-03 11:01:54.400,5351.0000,53633,0,5807475360.000,0,-,-,-,-,5351.2000,5350.6000,5350.2000,5350.0000,5349.0000,5353.0000,5354.0000,5354.2000,5355.0000,5355.4000,1,1,1,2,4,1,1,2,3,1
SF,IC2003,2020-01-03 11:01:54.900,5351.0000,53633,0,5807475360.000,0,-,-,-,-,5351.6000,5351.2000,5350.6000,5350.2000,5350.0000,5353.0000,5354.0000,5354.2000,5355.0000,5355.4000,3,1,1,1,2,1,1,2,3,1
SF,IC2003,2020-01-03 11:01:55.400,5351.0000,53633,0,5807475360.000,0,-,-,-,-,5351.6000,5351.2000,5350.6000,5350.2000,5350.0000,5353.0000,5354.0000,5354.2000,5355.0000,5355.4000,1,1,1,1,2,1,1,2,3,1
SF,IC2003,2020-01-03 11:01:55.900,5351.0000,53633,0,5807475360.000,0,-,-,-,-,5351.6000,5351.2000,5350.6000,5350.2000,5350.0000,5353.0000,5353.4000,5354.0000,5354.2000,5355.0000,1,1,1,1,2,1,1,1,2,3
SF,IC2003,2020-01-03 11:01:56.900,5351.0000,53633,0,5807475360.000,0,-,-,-,-,5351.6000,5351.2000,5350.6000,5350.2000,5350.0000,5352.8000,5353.0000,5354.0000,5354.2000,5355.0000,1,1,1,1,2,1,1,1,2,3
SF,IC2003,2020-01-03 11:01:57.900,5351.0000,53633,0,5807475360.000,0,-,-,-,-,5351.6000,5350.6000,5350.2000,5350.0000,5349.0000,5352.8000,5353.0000,5354.0000,5354.2000,5355.0000,1,1,1,2,4,1,1,1,2,3
SF,IC2003,2020-01-03 11:02:01.400,5351.0000,53633,0,5807475360.000,0,-,-,-,-,5351.6000,5350.6000,5350.2000,5350.0000,5349.0000,5352.8000,5353.0000,5354.0000,5354.2000,5355.0000,2,1,1,2,4,1,1,1,2,3
SF,IC2003,2020-01-03 11:02:01.900,5352.8000,53633,0,5808545920.000,1,0,1,空换,B,5351.6000,5350.6000,5350.2000,5350.0000,5349.0000,5353.0000,5354.0000,5354.2000,5355.0000,5355.4000,2,1,1,2,4,1,1,2,3,1
SF,IC2003,2020-01-03 11:02:02.400,5352.8000,53633,0,5808545920.000,0,-,-,-,-,5351.6000,5350.6000,5350.2000,5350.0000,5349.0000,5353.0000,5354.0000,5354.2000,5355.0000,5355.4000,2,1,1,2,4,1,1,2,3,1
SF,IC2003,2020-01-03 11:02:02.900,5352.8000,53633,0,5808545920.000,0,-,-,-,-,5351.8000,5351.6000,5350.6000,5350.2000,5350.0000,5353.0000,5354.0000,5354.2000,5355.0000,5355.4000,1,2,1,1,2,1,1,2,3,1
SF,IC2003,2020-01-03 11:02:04.400,5352.8000,53633,0,5808545920.000,0,-,-,-,-,5351.8000,5351.6000,5350.6000,5350.2000,5350.0000,5353.0000,5354.0000,5354.2000,5355.0000,5355.4000,1,1,1,1,2,1,1,2,3,1
SF,IC2003,2020-01-03 11:02:04.900,5351.8000,53633,0,5809616280.000,1,0,1,空换,B,5351.6000,5350.6000,5350.2000,5350.0000,5349.0000,5352.8000,5353.0000,5354.0000,5354.2000,5355.0000,1,1,1,2,4,1,1,1,2,3
SF,IC2003,2020-01-03 11:02:05.400,5351.8000,53633,0,5809616280.000,0,-,-,-,-,5351.6000,5350.6000,5350.2000,5350.0000,5349.0000,5352.8000,5353.0000,5354.0000,5354.2000,5355.0000,1,1,1,2,4,1,1,1,2,3
SF,IC2003,2020-01-03 11:02:05.900,5351.8000,53633,0,5809616280.000,0,-,-,-,-,5350.6000,5350.2000,5350.0000,5349.0000,5348.6000,5352.0000,5352.8000,5353.0000,5354.0000,5354.2000,1,1,2,4,2,2,1,1,1,2
SF,IC2003,2020-01-03 11:02:06.400,5351.8000,53633,0,5809616280.000,0,-,-,-,-,5350.6000,5350.2000,5350.0000,5349.0000,5348.6000,5353.0000,5354.0000,5354.2000,5355.0000,5355.4000,1,1,2,4,2,1,1,2,3,1
SF,IC2003,2020-01-03 11:02:06.900,5351.8000,53633,0,5809616280.000,0,-,-,-,-,5351.0000,5350.6000,5350.2000,5350.0000,5349.0000,5352.8000,5353.0000,5354.0000,5354.2000,5355.0000,1,2,1,2,4,1,1,1,2,3
SF,IC2003,2020-01-03 11:02:09.900,5351.8000,53633,0,5809616280.000,0,-,-,-,-,5351.4000,5351.0000,5350.6000,5350.2000,5350.0000,5352.8000,5353.0000,5354.0000,5354.2000,5355.0000,1,1,1,1,2,1,1,1,2,3
SF,IC2003,2020-01-03 11:02:10.400,5351.8000,53633,0,5809616280.000,0,-,-,-,-,5351.0000,5350.6000,5350.2000,5350.0000,5349.0000,5352.8000,5353.0000,5354.0000,5354.2000,5355.0000,1,1,1,2,4,1,1,1,2,3
SF,IC2003,2020-01-03 11:02:10.900,5351.2000,53633,0,5810686520.000,1,0,1,空换,B,5351.2000,5351.0000,5350.6000,5350.2000,5350.0000,5352.6000,5352.8000,5353.0000,5354.0000,5354.2000,1,1,1,1,2,2,1,1,1,2
SF,IC2003,2020-01-03 11:02:11.400,5351.2000,53633,0,5810686520.000,0,-,-,-,-,5351.0000,5350.6000,5350.2000,5350.0000,5349.0000,5352.4000,5352.6000,5353.0000,5354.0000,5354.2000,1,1,1,2,4,1,2,1,1,2
SF,IC2003,2020-01-03 11:02:11.900,5351.2000,53633,0,5810686520.000,0,-,-,-,-,5351.0000,5350.6000,5350.2000,5350.0000,5349.0000,5352.2000,5352.4000,5353.0000,5354.0000,5354.2000,1,1,1,2,4,2,2,1,1,2
SF,IC2003,2020-01-03 11:02:12.400,5351.2000,53633,0,5810686520.000,0,-,-,-,-,5351.0000,5350.6000,5350.2000,5350.0000,5349.0000,5352.2000,5352.4000,5353.0000,5354.0000,5354.2000,1,1,1,2,4,2,1,1,1,2
SF,IC2003,2020-01-03 11:02:15.400,5351.2000,53633,0,5810686520.000,0,-,-,-,-,5351.0000,5350.6000,5350.2000,5350.0000,5349.0000,5352.2000,5353.0000,5354.0000,5354.2000,5355.0000,1,1,1,2,4,2,1,1,2,3
SF,IC2003,2020-01-03 11:02:15.900,5351.2000,53633,0,5810686520.000,0,-,-,-,-,5351.0000,5350.6000,5350.2000,5350.0000,5349.0000,5352.0000,5352.2000,5353.0000,5354.0000,5354.2000,1,1,1,2,4,1,2,1,1,2
SF,IC2003,2020-01-03 11:02:18.400,5351.2000,53633,0,5810686520.000,0,-,-,-,-,5351.0000,5350.6000,5350.2000,5350.0000,5349.0000,5352.0000,5352.2000,5353.0000,5354.0000,5354.2000,1,1,1,2,4,1,2,1,1,2
SF,IC2003,2020-01-03 11:02:18.900,5351.2000,53633,0,5810686520.000,0,-,-,-,-,5351.0000,5350.6000,5350.2000,5350.0000,5349.0000,5351.8000,5353.0000,5354.0000,5354.2000,5355.0000,1,1,1,2,4,2,1,1,2,3
SF,IC2003,2020-01-03 11:02:19.900,5351.2000,53633,0,5810686520.000,0,-,-,-,-,5350.6000,5350.2000,5350.0000,5349.0000,5348.6000,5351.8000,5353.0000,5354.0000,5354.2000,5355.0000,1,1,2,4,2,2,1,1,2,3
SF,IC2003,2020-01-03 11:02:20.400,5351.2000,53633,0,5810686520.000,0,-,-,-,-,5350.6000,5350.2000,5350.0000,5349.0000,5348.6000,5351.0000,5351.8000,5353.0000,5354.0000,5354.2000,1,1,2,4,2,1,2,1,1,2
SF,IC2003,2020-01-03 11:02:20.900,5351.2000,53634,1,5811756760.000,1,1,0,双开,B,5350.6000,5350.2000,5350.0000,5349.0000,5348.6000,5351.8000,5353.0000,5354.0000,5354.2000,5355.0000,1,1,2,4,2,2,1,1,2,3
SF,IC2003,2020-01-03 11:02:29.900,5351.2000,53634,0,5811756760.000,0,-,-,-,-,5350.6000,5350.2000,5350.0000,5349.0000,5348.6000,5351.8000,5353.0000,5354.0000,5354.2000,5355.0000,1,1,2,4,2,2,1,1,2,3
SF,IC2003,2020-01-03 11:02:30.900,5351.8000,53632,-2,5813897480.000,2,0,2,双平,B,5350.6000,5350.2000,5350.0000,5349.0000,5348.6000,5353.0000,5354.0000,5354.2000,5355.0000,5355.4000,1,1,2,4,2,1,1,2,3,1
SF,IC2003,2020-01-03 11:02:31.400,5351.8000,53632,0,5813897480.000,0,-,-,-,-,5350.8000,5350.6000,5350.2000,5350.0000,5349.0000,5352.8000,5353.0000,5354.0000,5354.2000,5355.0000,2,1,1,2,4,4,1,1,2,3
SF,IC2003,2020-01-03 11:02:32.400,5351.8000,53632,0,5813897480.000,0,-,-,-,-,5351.0000,5350.8000,5350.6000,5350.2000,5350.0000,5352.8000,5353.0000,5354.0000,5354.2000,5355.0000,3,2,1,1,2,3,1,1,2,3
SF,IC2003,2020-01-03 11:02:32.900,5351.8000,53632,0,5813897480.000,0,-,-,-,-,5351.4000,5351.2000,5351.0000,5350.6000,5350.2000,5352.8000,5353.0000,5354.0000,5354.2000,5355.0000,2,2,1,1,1,1,1,1,2,3
SF,IC2003,2020-01-03 11:02:33.400,5351.8000,53632,0,5813897480.000,0,-,-,-,-,5351.6000,5350.6000,5350.2000,5350.0000,5349.0000,5352.8000,5353.0000,5354.0000,5354.2000,5355.0000,2,1,1,2,4,1,1,1,2,3
SF,IC2003,2020-01-03 11:02:33.900,5351.8000,53632,0,5813897480.000,0,-,-,-,-,5351.6000,5350.6000,5350.2000,5350.0000,5349.0000,5351.8000,5352.8000,5353.0000,5354.0000,5354.2000,2,1,1,2,4,1,1,1,1,2
SF,IC2003,2020-01-03 11:02:34.400,5351.8000,53633,1,5814967840.000,1,1,0,双开,B,5351.6000,5350.6000,5350.2000,5350.0000,5349.0000,5352.8000,5353.0000,5354.0000,5354.2000,5355.0000,2,1,1,2,4,1,1,1,2,3
SF,IC2003,2020-01-03 11:02:35.900,5351.8000,53633,0,5814967840.000,0,-,-,-,-,5351.6000,5350.6000,5350.2000,5350.0000,5349.0000,5352.8000,5353.0000,5354.0000,5354.2000,5355.0000,2,1,1,2,4,2,1,1,2,3
SF,IC2003,2020-01-03 11:02:36.900,5351.8000,53633,0,5814967840.000,0,-,-,-,-,5351.6000,5350.6000,5350.2000,5350.0000,5349.0000,5352.8000,5353.0000,5354.0000,5354.2000,5355.0000,2,1,1,2,4,2,1,1,2,3
SF,IC2003,2020-01-03 11:02:38.900,5351.8000,53633,0,5814967840.000,0,-,-,-,-,5351.6000,5351.2000,5350.6000,5350.2000,5350.0000,5352.8000,5353.0000,5354.0000,5354.2000,5355.0000,2,1,1,1,2,1,1,1,2,3
SF,IC2003,2020-01-03 11:02:40.900,5352.8000,53633,0,5816038400.000,1,0,1,空换,B,5352.8000,5351.6000,5351.2000,5350.6000,5350.2000,5353.0000,5354.0000,5354.2000,5355.0000,5355.4000,1,2,1,1,1,1,1,2,3,1
SF,IC2003,2020-01-03 11:02:41.400,5352.8000,53633,0,5817108960.000,1,0,1,空换,B,5351.6000,5351.2000,5350.6000,5350.2000,5350.0000,5352.6000,5352.8000,5353.0000,5354.0000,5354.2000,2,1,1,1,2,1,2,1,1,2
SF,IC2003,2020-01-03 11:02:41.900,5352.8000,53633,0,5817108960.000,0,-,-,-,-,5351.6000,5351.2000,5350.6000,5350.2000,5350.0000,5352.6000,5352.8000,5353.0000,5354.0000,5354.2000,2,1,1,1,2,1,2,1,1,2
SF,IC2003,2020-01-03 11:02:43.900,5352.8000,53633,0,5817108960.000,0,-,-,-,-,5351.6000,5351.2000,5350.6000,5350.2000,5350.0000,5352.6000,5352.8000,5353.0000,5354.0000,5354.2000,2,1,1,1,2,2,2,1,1,2
SF,IC2003,2020-01-03 11:02:44.400,5352.8000,53633,0,5817108960.000,0,-,-,-,-,5351.6000,5351.2000,5350.6000,5350.2000,5350.0000,5352.0000,5352.6000,5352.8000,5353.0000,5353.6000,2,1,1,1,2,1,2,2,1,1
SF,IC2003,2020-01-03 11:02:44.900,5352.6000,53633,0,5820320400.000,3,1,2,空换,B,5352.6000,5352.0000,5351.6000,5351.2000,5350.6000,5352.8000,5353.0000,5353.6000,5354.0000,5354.2000,8,1,2,1,1,2,1,1,1,2
SF,IC2003,2020-01-03 11:02:45.400,5352.6000,53633,0,5820320400.000,0,-,-,-,-,5352.6000,5352.0000,5351.6000,5351.2000,5350.6000,5353.0000,5353.6000,5354.0000,5354.2000,5355.0000,8,1,2,1,1,1,1,1,2,3
SF,IC2003,2020-01-03 11:02:47.900,5352.6000,53634,1,5821390920.000,1,1,0,双开,B,5352.6000,5352.0000,5351.6000,5351.2000,5350.6000,5353.0000,5353.6000,5354.0000,5354.2000,5355.0000,7,1,2,1,1,1,1,1,2,3
SF,IC2003,2020-01-03 11:02:48.400,5352.6000,53634,0,5821390920.000,0,-,-,-,-,5352.6000,5352.0000,5351.6000,5351.2000,5350.6000,5353.0000,5353.6000,5354.0000,5354.2000,5355.0000,7,1,2,1,1,2,1,1,2,3
SF,IC2003,2020-01-03 11:02:51.400,5352.6000,53634,0,5822461440.000,1,0,1,空换,B,5352.6000,5352.0000,5351.6000,5351.2000,5350.6000,5353.0000,5353.6000,5354.0000,5354.2000,5355.0000,6,1,2,1,1,2,1,1,2,3
SF,IC2003,2020-01-03 11:02:51.900,5352.8000,53637,3,5829955120.000,7,5,2,多开,B,5351.6000,5350.6000,5350.2000,5350.0000,5349.0000,5353.0000,5353.6000,5354.0000,5354.2000,5355.0000,2,1,1,2,4,2,1,1,2,3
SF,IC2003,2020-01-03 11:02:52.400,5352.8000,53637,0,5829955120.000,0,-,-,-,-,5351.6000,5350.6000,5350.2000,5350.0000,5349.0000,5353.0000,5353.6000,5354.0000,5354.2000,5355.0000,2,1,1,2,4,2,1,1,2,3
SF,IC2003,2020-01-03 11:02:54.400,5352.8000,53637,0,5829955120.000,0,-,-,-,-,5351.8000,5351.6000,5350.6000,5350.2000,5350.0000,5353.0000,5353.6000,5354.0000,5354.2000,5355.0000,1,2,1,1,2,2,1,1,2,3
SF,IC2003,2020-01-03 11:02:54.900,5353.0000,53639,2,5832096320.000,2,2,0,双开,B,5352.6000,5352.0000,5351.8000,5350.6000,5350.2000,5353.6000,5354.0000,5354.2000,5355.0000,5355.4000,2,2,1,1,1,1,1,2,3,1
SF,IC2003,2020-01-03 11:02:55.400,5353.0000,53639,0,5832096320.000,0,-,-,-,-,5352.8000,5351.8000,5350.6000,5350.2000,5350.0000,5353.6000,5354.0000,5354.2000,5355.0000,5355.4000,2,1,1,1,2,1,1,2,3,1
SF,IC2003,2020-01-03 11:02:55.900,5353.0000,53639,0,5832096320.000,0,-,-,-,-,5351.8000,5350.6000,5350.2000,5350.0000,5349.0000,5353.4000,5353.6000,5354.0000,5354.2000,5355.0000,1,1,1,2,4,2,1,1,2,3
SF,IC2003,2020-01-03 11:02:56.400,5353.0000,53639,0,5832096320.000,0,-,-,-,-,5352.0000,5351.8000,5350.6000,5350.2000,5350.0000,5353.4000,5353.6000,5354.0000,5354.2000,5355.0000,2,1,1,1,2,2,1,1,2,3
SF,IC2003,2020-01-03 11:02:56.900,5353.0000,53639,0,5832096320.000,0,-,-,-,-,5352.0000,5351.8000,5350.6000,5350.2000,5350.0000,5353.4000,5353.6000,5354.0000,5354.2000,5355.0000,2,1,1,1,2,2,1,1,2,3
SF,IC2003,2020-01-03 11:02:59.900,5353.0000,53639,0,5832096320.000,0,-,-,-,-,5352.0000,5351.8000,5350.6000,5350.2000,5350.0000,5353.2000,5353.4000,5353.6000,5354.0000,5354.2000,2,1,1,1,2,1,2,1,1,2
SF,IC2003,2020-01-03 11:03:00.900,5353.0000,53639,0,5832096320.000,0,-,-,-,-,5352.0000,5351.8000,5350.6000,5350.2000,5350.0000,5353.0000,5353.2000,5353.4000,5353.6000,5354.0000,2,1,1,1,2,1,1,2,1,1
SF,IC2003,2020-01-03 11:03:01.400,5353.0000,53639,0,5832096320.000,0,-,-,-,-,5352.0000,5351.8000,5350.6000,5350.2000,5350.0000,5353.0000,5353.2000,5353.4000,5353.6000,5354.0000,2,1,1,1,2,1,1,2,1,1
SF,IC2003,2020-01-03 11:03:01.900,5353.0000,53639,0,5832096320.000,0,-,-,-,-,5351.8000,5350.6000,5350.2000,5350.0000,5349.0000,5353.0000,5353.2000,5353.4000,5353.6000,5354.0000,1,1,1,2,4,1,1,2,1,1
SF,IC2003,2020-01-03 11:03:02.400,5353.0000,53639,0,5832096320.000,0,-,-,-,-,5350.6000,5350.2000,5350.0000,5349.0000,5348.6000,5352.6000,5352.8000,5353.0000,5353.2000,5353.4000,1,1,2,4,2,1,1,1,1,2
SF,IC2003,2020-01-03 11:03:02.900,5353.0000,53639,0,5832096320.000,0,-,-,-,-,5351.0000,5350.8000,5350.6000,5350.2000,5350.0000,5352.6000,5352.8000,5353.0000,5353.4000,5353.6000,1,2,1,1,2,1,1,1,2,1
SF,IC2003,2020-01-03 11:03:03.400,5353.0000,53639,0,5832096320.000,0,-,-,-,-,5351.2000,5351.0000,5350.6000,5350.2000,5350.0000,5352.8000,5353.0000,5353.4000,5353.6000,5354.0000,2,1,1,1,2,1,1,2,1,1
SF,IC2003,2020-01-03 11:03:03.900,5353.0000,53639,0,5832096320.000,0,-,-,-,-,5351.2000,5351.0000,5350.6000,5350.2000,5350.0000,5351.6000,5351.8000,5352.6000,5352.8000,5353.0000,2,1,1,1,2,1,1,4,2,1
SF,IC2003,2020-01-03 11:03:04.400,5353.0000,53637,-2,5834237520.000,2,0,2,双平,B,5350.6000,5350.2000,5350.0000,5349.0000,5348.6000,5352.6000,5352.8000,5353.0000,5353.6000,5354.0000,1,1,2,4,2,1,2,1,1,1
SF,IC2003,2020-01-03 11:03:04.900,5353.0000,53637,0,5834237520.000,0,-,-,-,-,5350.8000,5350.6000,5350.2000,5350.0000,5349.0000,5351.8000,5352.2000,5352.4000,5352.6000,5352.8000,2,1,1,2,4,3,3,2,1,2
SF,IC2003,2020-01-03 11:03:05.400,5353.0000,53637,0,5834237520.000,0,-,-,-,-,5350.8000,5350.6000,5350.2000,5350.0000,5349.0000,5351.8000,5352.2000,5352.4000,5352.6000,5352.8000,2,1,1,3,4,1,3,2,1,1
SF,IC2003,2020-01-03 11:03:06.900,5353.0000,53637,0,5834237520.000,0,-,-,-,-,5350.8000,5350.6000,5350.2000,5350.0000,5349.0000,5351.4000,5351.8000,5352.2000,5352.4000,5352.6000,2,1,1,3,3,1,2,3,2,2
SF,IC2003,2020-01-03 11:03:07.400,5353.0000,53637,0,5834237520.000,0,-,-,-,-,5350.8000,5350.6000,5350.2000,5350.0000,5349.0000,5351.8000,5352.2000,5352.4000,5352.6000,5353.0000,2,1,1,3,3,2,3,1,2,1
SF,IC2003,2020-01-03 11:03:08.900,5353.0000,53637,0,5834237520.000,0,-,-,-,-,5350.8000,5350.6000,5350.2000,5350.0000,5349.0000,5351.6000,5351.8000,5352.2000,5352.4000,5352.6000,2,1,1,3,2,1,2,3,1,2
SF,IC2003,2020-01-03 11:03:09.400,5353.0000,53637,0,5834237520.000,0,-,-,-,-,5350.8000,5350.6000,5350.2000,5350.0000,5349.0000,5351.8000,5352.2000,5352.4000,5352.6000,5353.0000,2,1,1,3,2,2,3,1,2,1
SF,IC2003,2020-01-03 11:03:09.900,5350.8000,53637,0,5835307680.000,1,0,1,空换,B,5350.8000,5350.6000,5350.2000,5350.0000,5349.0000,5351.4000,5351.8000,5352.2000,5352.4000,5352.6000,1,1,1,3,2,1,1,3,1,2
SF,IC2003,2020-01-03 11:03:10.400,5350.8000,53637,0,5835307680.000,0,-,-,-,-,5350.8000,5350.6000,5350.2000,5350.0000,5349.0000,5351.4000,5351.8000,5352.2000,5352.4000,5352.6000,1,1,1,3,2,1,1,3,1,2
SF,IC2003,2020-01-03 11:03:11.400,5350.8000,53637,0,5835307680.000,0,-,-,-,-,5350.8000,5350.6000,5350.2000,5350.0000,5349.0000,5351.4000,5351.8000,5352.2000,5352.4000,5352.6000,1,1,1,3,2,1,1,3,1,1
SF,IC2003,2020-01-03 11:03:11.900,5350.8000,53637,0,5836377840.000,1,0,1,空换,B,5350.6000,5350.2000,5350.0000,5349.0000,5348.6000,5351.8000,5352.2000,5352.4000,5352.6000,5353.0000,1,1,3,2,2,1,2,1,1,1
SF,IC2003,2020-01-03 11:03:12.400,5350.6000,53637,0,5837447960.000,1,0,1,空换,B,5350.2000,5350.0000,5349.0000,5348.6000,5348.2000,5351.8000,5352.2000,5352.4000,5352.6000,5353.0000,1,3,2,2,1,1,1,1,1,1
SF,IC2003,2020-01-03 11:03:12.900,5350.6000,53637,0,5837447960.000,0,-,-,-,-,5350.4000,5350.2000,5350.0000,5349.0000,5348.6000,5351.8000,5352.2000,5352.4000,5352.6000,5353.0000,2,1,3,2,2,1,1,1,1,1
SF,IC2003,2020-01-03 11:03:13.400,5350.6000,53637,0,5837447960.000,0,-,-,-,-,5350.4000,5350.2000,5350.0000,5349.0000,5348.6000,5351.4000,5351.6000,5351.8000,5352.2000,5352.4000,2,1,3,2,2,1,2,2,1,1
SF,IC2003,2020-01-03 11:03:13.900,5350.6000,53637,0,5837447960.000,0,-,-,-,-,5350.2000,5350.0000,5349.0000,5348.6000,5348.2000,5350.6000,5351.4000,5351.6000,5351.8000,5352.2000,1,3,2,2,1,1,1,2,2,1
SF,IC2003,2020-01-03 11:03:14.400,5350.6000,53637,0,5837447960.000,0,-,-,-,-,5350.2000,5350.0000,5349.0000,5348.6000,5348.2000,5351.4000,5351.6000,5351.8000,5352.2000,5352.4000,1,3,2,2,1,1,2,1,1,1
SF,IC2003,2020-01-03 11:03:14.900,5350.6000,53637,0,5837447960.000,0,-,-,-,-,5350.2000,5350.0000,5349.0000,5348.6000,5348.2000,5350.6000,5351.2000,5351.4000,5351.8000,5352.2000,1,3,2,2,1,1,2,1,1,1
SF,IC2003,2020-01-03 11:03:15.400,5350.6000,53637,0,5837447960.000,0,-,-,-,-,5350.2000,5350.0000,5349.0000,5348.6000,5348.2000,5351.4000,5351.8000,5352.2000,5352.4000,5352.6000,1,3,2,2,1,1,1,1,1,1
SF,IC2003,2020-01-03 11:03:16.900,5350.6000,53637,0,5837447960.000,0,-,-,-,-,5350.2000,5350.0000,5349.0000,5348.6000,5348.2000,5351.4000,5352.2000,5352.4000,5352.6000,5353.0000,1,3,2,2,1,1,1,1,1,1
SF,IC2003,2020-01-03 11:03:17.400,5350.6000,53637,0,5837447960.000,0,-,-,-,-,5350.4000,5350.2000,5350.0000,5349.0000,5348.6000,5351.4000,5352.2000,5352.4000,5352.6000,5353.0000,2,1,3,2,2,1,1,1,1,1
SF,IC2003,2020-01-03 11:03:21.400,5350.4000,53637,0,5838518040.000,1,0,1,空换,B,5350.4000,5350.2000,5350.0000,5349.0000,5348.6000,5351.0000,5351.2000,5351.4000,5352.2000,5353.0000,1,1,3,2,2,5,1,2,1,1
SF,IC2003,2020-01-03 11:03:21.900,5350.2000,53635,-2,5840658160.000,2,0,2,双平,B,5350.0000,5349.0000,5348.6000,5348.2000,5348.0000,5350.4000,5351.0000,5351.2000,5351.4000,5352.2000,3,2,2,1,1,3,5,1,2,1
SF,IC2003,2020-01-03 11:03:22.400,5350.2000,53635,0,5840658160.000,0,-,-,-,-,5350.0000,5349.0000,5348.6000,5348.2000,5348.0000,5350.4000,5351.0000,5351.2000,5351.4000,5352.2000,3,2,2,1,1,1,6,1,2,1
SF,IC2003,2020-01-03 11:03:22.900,5350.2000,53635,0,5840658160.000,0,-,-,-,-,5350.2000,5350.0000,5349.0000,5348.6000,5348.2000,5351.0000,5351.4000,5352.2000,5353.0000,5353.6000,1,3,2,2,1,1,2,1,1,1
SF,IC2003,2020-01-03 11:03:23.400,5350.2000,53635,0,5841728200.000,1,0,1,空换,B,5350.0000,5349.0000,5348.6000,5348.2000,5348.0000,5351.0000,5351.4000,5352.2000,5353.0000,5353.6000,3,2,2,1,1,1,2,1,1,1
SF,IC2003,2020-01-03 11:03:24.400,5350.0000,53634,-1,5843868200.000,2,0,2,空平,B,5350.0000,5349.0000,5348.6000,5348.2000,5348.0000,5351.0000,5351.4000,5352.2000,5353.0000,5353.6000,1,2,2,1,1,1,2,1,1,1
SF,IC2003,2020-01-03 11:03:24.900,5350.0000,53634,0,5843868200.000,0,-,-,-,-,5350.0000,5349.0000,5348.6000,5348.2000,5348.0000,5350.8000,5351.0000,5351.4000,5352.2000,5353.0000,1,2,2,1,1,2,1,2,1,1
SF,IC2003,2020-01-03 11:03:25.400,5350.0000,53634,0,5843868200.000,0,-,-,-,-,5350.0000,5349.0000,5348.6000,5348.2000,5348.0000,5350.2000,5350.8000,5351.0000,5351.4000,5352.2000,1,2,2,1,1,1,3,1,1,1
SF,IC2003,2020-01-03 11:03:25.900,5350.0000,53635,1,5844938200.000,1,1,0,双开,B,5349.0000,5348.6000,5348.2000,5348.0000,5346.8000,5350.2000,5350.8000,5351.0000,5351.4000,5352.2000,2,2,1,1,1,1,3,1,1,1
SF,IC2003,2020-01-03 11:03:26.400,5350.0000,53635,0,5844938200.000,0,-,-,-,-,5349.2000,5349.0000,5348.6000,5348.2000,5348.0000,5350.2000,5350.8000,5351.0000,5351.4000,5352.2000,2,2,2,1,1,1,3,1,1,1
SF,IC2003,2020-01-03 11:03:29.400,5350.0000,53635,0,5844938200.000,0,-,-,-,-,5349.2000,5349.0000,5348.6000,5348.2000,5348.0000,5350.2000,5350.8000,5351.0000,5351.4000,5352.2000,2,2,2,1,1,1,2,1,1,1
SF,IC2003,2020-01-03 11:03:29.900,5350.0000,53635,0,5844938200.000,0,-,-,-,-,5349.0000,5348.6000,5348.2000,5348.0000,5346.8000,5350.0000,5350.2000,5351.0000,5351.4000,5352.2000,2,2,1,1,1,2,2,1,1,1
SF,IC2003,2020-01-03 11:03:31.400,5350.0000,53635,0,5844938200.000,0,-,-,-,-,5349.0000,5348.6000,5348.2000,5348.0000,5346.8000,5350.0000,5350.2000,5351.0000,5351.4000,5352.2000,2,2,1,1,1,2,2,1,1,1
SF,IC2003,2020-01-03 11:03:32.400,5350.2000,53636,1,5849218240.000,4,2,2,多开,B,5350.2000,5349.0000,5348.6000,5348.2000,5348.0000,5351.0000,5351.4000,5352.2000,5353.0000,5353.6000,1,2,2,1,1,1,1,1,1,1
SF,IC2003,2020-01-03 11:03:32.900,5350.2000,53636,0,5850288280.000,1,0,1,空换,B,5349.0000,5348.6000,5348.2000,5348.0000,5346.8000,5350.0000,5351.0000,5351.4000,5352.2000,5353.0000,2,2,1,1,1,1,1,1,1,1
SF,IC2003,2020-01-03 11:03:33.400,5350.0000,53635,-1,5851358280.000,1,0,1,双平,B,5350.0000,5349.4000,5349.2000,5349.0000,5348.6000,5351.0000,5351.4000,5352.2000,5353.0000,5353.6000,1,1,2,2,2,1,1,1,1,1
SF,IC2003,2020-01-03 11:03:33.900,5350.0000,53635,0,5851358280.000,0,-,-,-,-,5349.4000,5349.2000,5349.0000,5348.6000,5348.2000,5350.6000,5350.8000,5351.0000,5351.4000,5352.2000,1,2,2,2,1,1,2,1,1,1
SF,IC2003,2020-01-03 11:03:34.400,5349.0000,53636,1,5855637800.000,4,2,2,多开,B,5349.0000,5348.6000,5348.2000,5348.0000,5346.8000,5350.6000,5351.0000,5351.4000,5352.2000,5353.0000,1,2,1,1,1,1,1,1,1,1
SF,IC2003,2020-01-03 11:03:34.900,5349.0000,53636,0,5855637800.000,0,-,-,-,-,5349.0000,5348.6000,5348.2000,5348.0000,5346.8000,5350.4000,5350.6000,5351.0000,5351.4000,5352.2000,1,2,1,1,1,2,1,1,1,1
SF,IC2003,2020-01-03 11:03:36.400,5349.0000,53636,0,5855637800.000,0,-,-,-,-,5349.0000,5348.6000,5348.2000,5348.0000,5346.8000,5350.2000,5350.4000,5350.6000,5351.0000,5351.4000,1,2,1,1,1,2,2,1,1,1
SF,IC2003,2020-01-03 11:03:36.900,5349.0000,53636,0,5855637800.000,0,-,-,-,-,5349.6000,5349.0000,5348.6000,5348.2000,5348.0000,5350.2000,5350.4000,5350.6000,5351.0000,5351.4000,1,1,2,1,1,2,2,1,1,1
SF,IC2003,2020-01-03 11:03:37.400,5349.0000,53636,0,5855637800.000,0,-,-,-,-,5349.6000,5349.0000,5348.6000,5348.2000,5348.0000,5350.2000,5350.4000,5350.6000,5351.0000,5351.4000,1,2,2,1,1,2,2,1,1,1
SF,IC2003,2020-01-03 11:03:38.400,5350.2000,53635,-1,5857777880.000,2,0,2,空平,B,5349.6000,5349.0000,5348.6000,5348.2000,5348.0000,5350.4000,5350.6000,5351.0000,5351.4000,5352.2000,1,2,2,1,1,2,1,1,1,1
SF,IC2003,2020-01-03 11:03:38.900,5350.2000,53635,0,5857777880.000,0,-,-,-,-,5349.6000,5349.0000,5348.6000,5348.2000,5348.0000,5350.2000,5350.4000,5350.6000,5351.0000,5351.4000,1,2,2,1,1,1,2,1,1,1
SF,IC2003,2020-01-03 11:03:39.400,5350.2000,53635,0,5857777880.000,0,-,-,-,-,5349.6000,5349.0000,5348.6000,5348.2000,5348.0000,5350.2000,5350.4000,5350.6000,5351.0000,5351.4000,1,2,2,1,1,1,2,1,1,1
SF,IC2003,2020-01-03 11:03:41.400,5350.2000,53635,0,5858847920.000,1,0,1,空换,B,5349.6000,5349.0000,5348.6000,5348.2000,5348.0000,5350.4000,5350.6000,5351.0000,5351.4000,5352.2000,1,2,2,1,1,2,1,1,1,1
SF,IC2003,2020-01-03 11:03:41.900,5350.2000,53635,0,5858847920.000,0,-,-,-,-,5349.0000,5348.6000,5348.2000,5348.0000,5346.8000,5350.6000,5351.0000,5351.4000,5352.2000,5353.0000,2,2,1,1,1,1,1,1,1,1
SF,IC2003,2020-01-03 11:03:42.400,5350.2000,53635,0,5858847920.000,0,-,-,-,-,5349.8000,5349.4000,5349.2000,5349.0000,5348.6000,5351.0000,5351.4000,5352.2000,5353.0000,5353.6000,1,1,4,2,2,1,1,1,1,1
SF,IC2003,2020-01-03 11:03:42.900,5350.2000,53635,0,5858847920.000,0,-,-,-,-,5350.0000,5349.8000,5349.0000,5348.6000,5348.2000,5350.2000,5351.0000,5352.2000,5353.0000,5353.6000,3,2,2,2,1,1,1,1,1,1
SF,IC2003,2020-01-03 11:03:43.400,5350.2000,53634,-1,5859917960.000,1,0,1,双平,B,5350.4000,5350.2000,5349.8000,5349.0000,5348.6000,5351.0000,5353.6000,5354.0000,5354.2000,5355.0000,2,7,2,2,2,1,1,1,2,3
SF,IC2003,2020-01-03 11:03:43.900,5350.2000,53634,0,5859917960.000,0,-,-,-,-,5350.6000,5350.4000,5350.2000,5349.8000,5349.0000,5351.0000,5353.6000,5354.0000,5354.2000,5355.0000,1,1,6,2,2,1,1,1,2,3
SF,IC2003,2020-01-03 11:03:44.400,5350.2000,53634,0,5859917960.000,0,-,-,-,-,5350.6000,5350.2000,5349.8000,5349.0000,5348.6000,5351.0000,5353.6000,5354.0000,5354.2000,5355.0000,1,6,2,2,2,1,1,1,2,3
SF,IC2003,2020-01-03 11:03:44.900,5350.2000,53634,0,5859917960.000,0,-,-,-,-,5350.2000,5349.8000,5349.0000,5348.6000,5348.2000,5351.0000,5353.6000,5354.0000,5354.2000,5355.0000,4,2,2,2,1,1,1,1,2,3
SF,IC2003,2020-01-03 11:03:46.400,5350.2000,53634,0,5859917960.000,0,-,-,-,-,5350.2000,5349.8000,5349.0000,5348.6000,5348.2000,5351.0000,5353.6000,5354.0000,5354.2000,5354.8000,4,1,2,2,1,1,1,1,2,1
SF,IC2003,2020-01-03 11:03:46.900,5350.2000,53634,0,5859917960.000,0,-,-,-,-,5350.4000,5350.2000,5349.8000,5349.0000,5348.6000,5351.0000,5353.6000,5354.0000,5354.2000,5354.8000,3,4,1,2,2,1,1,1,2,1
SF,IC2003,2020-01-03 11:03:47.400,5350.2000,53634,0,5859917960.000,0,-,-,-,-,5350.4000,5350.2000,5349.0000,5348.6000,5348.2000,5351.0000,5353.6000,5354.0000,5354.2000,5354.8000,3,4,2,2,1,1,1,1,2,1
SF,IC2003,2020-01-03 11:03:47.900,5350.2000,53634,0,5859917960.000,0,-,-,-,-,5350.8000,5350.4000,5350.2000,5349.0000,5348.6000,5351.0000,5353.6000,5354.0000,5354.2000,5354.8000,1,2,4,2,2,1,1,1,2,1
SF,IC2003,2020-01-03 11:03:49.400,5350.8000,53633,-1,5860988120.000,1,0,1,双平,B,5350.4000,5350.2000,5349.0000,5348.6000,5348.2000,5351.0000,5353.6000,5354.0000,5354.2000,5354.8000,2,3,2,2,1,1,1,1,2,1
SF,IC2003,2020-01-03 11:03:50.900,5350.8000,53633,0,5860988120.000,0,-,-,-,-,5350.4000,5350.2000,5349.0000,5348.6000,5348.2000,5351.0000,5353.6000,5354.0000,5354.2000,5354.8000,1,3,2,2,1,1,1,1,2,1
SF,IC2003,2020-01-03 11:03:51.400,5350.8000,53633,0,5860988120.000,0,-,-,-,-,5350.4000,5350.2000,5349.0000,5348.6000,5348.2000,5351.0000,5353.6000,5354.0000,5354.2000,5354.8000,1,2,2,2,1,2,1,1,2,1
SF,IC2003,2020-01-03 11:03:55.900,5350.4000,53632,-1,5862058200.000,1,0,1,双平,B,5350.2000,5349.0000,5348.6000,5348.2000,5348.0000,5351.0000,5353.6000,5354.0000,5354.2000,5354.8000,2,1,2,1,1,2,1,1,2,1
SF,IC2003,2020-01-03 11:03:56.400,5350.2000,53631,-1,5863128240.000,1,0,1,双平,B,5350.2000,5349.0000,5348.6000,5348.2000,5348.0000,5351.0000,5353.6000,5354.0000,5354.2000,5354.8000,1,1,2,1,1,2,1,1,2,1
SF,IC2003,2020-01-03 11:03:57.400,5350.2000,53631,0,5863128240.000,0,-,-,-,-,5350.2000,5349.0000,5348.6000,5348.2000,5348.0000,5351.0000,5353.6000,5354.0000,5354.2000,5354.8000,1,1,2,1,1,2,1,1,2,1
SF,IC2003,2020-01-03 11:04:00.400,5351.0000,53630,-1,5864198440.000,1,0,1,双平,B,5350.2000,5349.0000,5348.6000,5348.2000,5348.0000,5351.0000,5353.6000,5354.0000,5354.2000,5354.8000,1,1,2,1,1,1,1,1,2,1
SF,IC2003,2020-01-03 11:04:00.900,5350.2000,53630,0,5865268480.000,1,0,1,空换,B,5349.0000,5348.6000,5348.2000,5348.0000,5346.8000,5351.0000,5353.6000,5354.0000,5354.2000,5354.8000,1,2,1,1,1,1,1,1,2,1
SF,IC2003,2020-01-03 11:04:01.400,5350.2000,53630,0,5865268480.000,0,-,-,-,-,5349.4000,5349.2000,5349.0000,5348.6000,5348.2000,5350.8000,5351.0000,5353.6000,5354.0000,5354.2000,2,4,1,2,1,2,1,1,1,2
SF,IC2003,2020-01-03 11:04:01.900,5350.2000,53630,0,5865268480.000,0,-,-,-,-,5349.6000,5349.4000,5349.0000,5348.6000,5348.2000,5351.0000,5353.6000,5354.0000,5354.2000,5354.8000,2,2,1,2,1,1,1,1,2,1
SF,IC2003,2020-01-03 11:04:02.400,5350.2000,53630,0,5865268480.000,0,-,-,-,-,5349.6000,5349.4000,5349.0000,5348.6000,5348.2000,5351.0000,5353.6000,5354.0000,5354.2000,5354.8000,2,2,1,2,1,1,1,1,2,1
SF,IC2003,2020-01-03 11:04:02.900,5350.2000,53630,0,5865268480.000,0,-,-,-,-,5349.6000,5349.4000,5349.0000,5348.6000,5348.2000,5350.8000,5351.0000,5353.6000,5354.0000,5354.2000,2,2,1,2,1,1,1,1,1,2
SF,IC2003,2020-01-03 11:04:07.400,5350.8000,53629,-1,5866338640.000,1,0,1,双平,B,5349.6000,5349.4000,5349.0000,5348.6000,5348.2000,5351.0000,5353.6000,5354.0000,5354.2000,5354.8000,2,2,1,2,1,1,1,1,2,1
SF,IC2003,2020-01-03 11:04:07.900,5350.8000,53629,0,5866338640.000,0,-,-,-,-,5349.6000,5349.4000,5349.0000,5348.6000,5348.2000,5351.0000,5353.6000,5354.0000,5354.2000,5354.8000,2,2,1,2,1,2,1,1,2,1
SF,IC2003,2020-01-03 11:04:08.400,5351.0000,53628,-1,5867408840.000,1,0,1,双平,B,5349.6000,5349.4000,5349.0000,5348.6000,5348.2000,5350.2000,5351.0000,5353.6000,5354.0000,5354.2000,2,2,1,2,1,1,1,1,1,2
SF,IC2003,2020-01-03 11:04:08.900,5350.2000,53629,1,5868478880.000,1,1,0,双开,B,5350.2000,5349.6000,5349.4000,5349.0000,5348.6000,5351.0000,5353.6000,5354.0000,5354.2000,5354.8000,1,2,2,1,2,1,1,1,2,1
SF,IC2003,2020-01-03 11:04:09.900,5350.2000,53629,0,5868478880.000,0,-,-,-,-,5350.2000,5349.6000,5349.4000,5349.0000,5348.6000,5351.0000,5353.6000,5354.0000,5354.2000,5354.8000,1,3,1,1,2,1,1,1,2,1
SF,IC2003,2020-01-03 11:04:11.400,5350.2000,53629,0,5868478880.000,0,-,-,-,-,5350.2000,5349.6000,5349.0000,5348.6000,5348.2000,5351.0000,5353.6000,5354.0000,5354.2000,5354.8000,1,3,1,2,1,1,1,1,2,1
SF,IC2003,2020-01-03 11:04:14.400,5350.2000,53629,0,5868478880.000,0,-,-,-,-,5349.6000,5349.0000,5348.6000,5348.2000,5348.0000,5351.0000,5353.6000,5354.0000,5354.2000,5354.8000,3,1,2,1,1,1,1,1,2,1
SF,IC2003,2020-01-03 11:04:14.900,5350.2000,53629,0,5868478880.000,0,-,-,-,-,5349.6000,5349.0000,5348.6000,5348.2000,5348.0000,5350.2000,5351.0000,5353.6000,5354.0000,5354.2000,3,1,2,1,1,1,1,1,1,2
SF,IC2003,2020-01-03 11:04:15.400,5350.2000,53629,0,5869548920.000,1,0,1,空换,B,5349.6000,5349.0000,5348.6000,5348.2000,5348.0000,5351.0000,5353.6000,5354.0000,5354.2000,5354.8000,3,1,2,1,1,1,1,1,2,1
SF,IC2003,2020-01-03 11:04:15.900,5350.2000,53629,0,5869548920.000,0,-,-,-,-,5349.6000,5349.0000,5348.6000,5348.2000,5348.0000,5350.8000,5351.0000,5353.6000,5354.0000,5354.2000,3,1,2,1,1,2,1,1,1,2
SF,IC2003,2020-01-03 11:04:16.400,5350.2000,53629,0,5869548920.000,0,-,-,-,-,5349.8000,5349.6000,5349.0000,5348.6000,5348.2000,5351.0000,5353.6000,5354.0000,5354.2000,5354.8000,1,3,1,2,1,1,1,1,2,1
SF,IC2003,2020-01-03 11:04:16.900,5350.2000,53629,0,5869548920.000,0,-,-,-,-,5350.0000,5349.8000,5349.6000,5349.0000,5348.6000,5351.0000,5353.6000,5354.0000,5354.2000,5354.8000,1,1,3,1,2,1,1,1,2,1
SF,IC2003,2020-01-03 11:04:19.400,5350.2000,53629,0,5869548920.000,0,-,-,-,-,5350.0000,5349.6000,5349.0000,5348.6000,5348.2000,5351.0000,5353.6000,5354.0000,5354.2000,5354.8000,1,3,1,2,1,1,1,1,2,1
SF,IC2003,2020-01-03 11:04:21.900,5350.2000,53629,0,5869548920.000,0,-,-,-,-,5350.0000,5349.8000,5349.6000,5349.0000,5348.6000,5351.0000,5353.6000,5354.0000,5354.2000,5354.8000,1,1,3,1,2,1,1,1,2,1
SF,IC2003,2020-01-03 11:04:22.900,5350.2000,53629,0,5869548920.000,0,-,-,-,-,5350.0000,5349.8000,5349.6000,5349.0000,5348.6000,5350.2000,5351.0000,5353.6000,5354.0000,5354.2000,1,1,3,1,2,1,1,1,1,2
SF,IC2003,2020-01-03 11:04:23.400,5350.2000,53629,0,5870618960.000,1,0,1,空换,B,5350.2000,5350.0000,5349.8000,5349.6000,5349.0000,5351.0000,5353.6000,5354.0000,5354.2000,5354.8000,2,1,1,3,1,1,1,1,2,1
SF,IC2003,2020-01-03 11:04:26.900,5350.0000,53628,-1,5873829040.000,3,1,2,空平,B,5349.8000,5349.6000,5349.0000,5348.6000,5348.2000,5350.0000,5351.0000,5353.6000,5354.0000,5354.2000,1,3,1,2,1,4,1,1,1,2
SF,IC2003,2020-01-03 11:04:27.400,5351.0000,53627,-1,5879179240.000,5,2,3,空平,B,5350.2000,5350.0000,5349.8000,5349.6000,5349.0000,5353.6000,5354.0000,5354.2000,5354.8000,5355.0000,2,6,2,1,1,1,1,2,1,3
SF,IC2003,2020-01-03 11:04:27.900,5351.0000,53627,0,5879179240.000,0,-,-,-,-,5350.4000,5350.2000,5350.0000,5349.8000,5349.6000,5352.4000,5352.8000,5353.0000,5353.2000,5353.4000,4,1,6,2,1,1,6,3,2,5
SF,IC2003,2020-01-03 11:04:28.400,5351.0000,53627,0,5879179240.000,0,-,-,-,-,5350.4000,5350.0000,5349.8000,5349.6000,5349.0000,5352.0000,5352.2000,5352.4000,5352.8000,5353.0000,2,6,2,1,1,1,2,1,6,3
SF,IC2003,2020-01-03 11:04:28.900,5351.0000,53627,0,5879179240.000,0,-,-,-,-,5350.4000,5350.0000,5349.8000,5349.6000,5349.0000,5351.8000,5352.0000,5352.4000,5352.8000,5353.0000,2,6,2,1,1,3,1,1,6,3
SF,IC2003,2020-01-03 11:04:29.400,5351.0000,53627,0,5879179240.000,0,-,-,-,-,5350.4000,5350.0000,5349.8000,5349.6000,5349.0000,5351.8000,5352.0000,5352.4000,5352.8000,5353.0000,2,6,2,1,1,3,1,1,6,1
SF,IC2003,2020-01-03 11:04:32.400,5351.8000,53625,-2,5881319960.000,2,0,2,双平,B,5350.4000,5350.0000,5349.8000,5349.6000,5349.0000,5351.8000,5352.0000,5352.4000,5352.8000,5353.0000,2,6,2,1,1,1,1,1,6,1
SF,IC2003,2020-01-03 11:04:32.900,5351.8000,53625,0,5881319960.000,0,-,-,-,-,5350.4000,5350.0000,5349.8000,5349.6000,5349.0000,5351.8000,5352.0000,5352.4000,5352.8000,5353.0000,2,4,2,1,1,1,1,1,6,1
SF,IC2003,2020-01-03 11:04:33.400,5351.8000,53625,0,5881319960.000,0,-,-,-,-,5350.4000,5350.0000,5349.8000,5349.6000,5349.0000,5351.8000,5352.0000,5352.4000,5352.8000,5353.0000,2,4,2,1,1,1,1,1,6,1
SF,IC2003,2020-01-03 11:04:34.900,5351.8000,53625,0,5881319960.000,0,-,-,-,-,5350.4000,5349.8000,5349.6000,5349.0000,5348.6000,5351.8000,5352.0000,5352.4000,5352.8000,5353.0000,2,2,1,1,2,1,1,1,6,1
SF,IC2003,2020-01-03 11:04:35.400,5351.8000,53625,0,5881319960.000,0,-,-,-,-,5350.4000,5349.8000,5349.6000,5349.0000,5348.6000,5351.8000,5352.0000,5352.8000,5353.0000,5353.2000,2,2,1,1,2,1,1,6,1,1
SF,IC2003,2020-01-03 11:04:35.900,5351.8000,53625,0,5881319960.000,0,-,-,-,-,5350.4000,5349.8000,5349.6000,5349.0000,5348.6000,5351.8000,5352.0000,5352.8000,5353.0000,5353.2000,2,1,1,1,2,1,1,6,1,1
SF,IC2003,2020-01-03 11:04:36.400,5351.8000,53625,0,5881319960.000,0,-,-,-,-,5350.6000,5350.4000,5349.8000,5349.6000,5349.0000,5351.8000,5352.0000,5352.8000,5353.0000,5353.2000,1,2,1,1,1,1,1,6,1,1
SF,IC2003,2020-01-03 11:04:36.900,5350.6000,53626,1,5882390080.000,1,1,0,双开,B,5349.8000,5349.6000,5349.0000,5348.6000,5348.2000,5351.6000,5351.8000,5352.0000,5352.8000,5353.0000,1,1,1,2,1,3,1,1,5,1
SF,IC2003,2020-01-03 11:04:37.400,5350.6000,53626,0,5882390080.000,0,-,-,-,-,5349.8000,5349.6000,5349.0000,5348.6000,5348.2000,5351.2000,5351.4000,5351.6000,5352.0000,5353.0000,1,1,1,2,1,1,1,3,1,1
SF,IC2003,2020-01-03 11:04:37.900,5350.6000,53626,0,5882390080.000,0,-,-,-,-,5349.8000,5349.6000,5349.0000,5348.6000,5348.2000,5351.0000,5351.2000,5353.0000,5353.2000,5353.4000,1,1,1,2,1,5,2,1,1,2
SF,IC2003,2020-01-03 11:04:38.400,5350.6000,53626,0,5882390080.000,0,-,-,-,-,5349.8000,5349.6000,5349.0000,5348.6000,5348.2000,5350.6000,5351.0000,5351.2000,5353.0000,5353.2000,1,1,1,2,1,1,4,1,1,1
SF,IC2003,2020-01-03 11:04:38.900,5350.6000,53626,0,5882390080.000,0,-,-,-,-,5349.8000,5349.6000,5349.0000,5348.6000,5348.2000,5350.2000,5351.0000,5351.2000,5353.0000,5353.2000,1,1,1,2,1,1,3,1,1,1
SF,IC2003,2020-01-03 11:04:39.400,5350.2000,53626,0,5883460120.000,1,0,1,空换,B,5349.8000,5349.6000,5349.0000,5348.6000,5348.2000,5351.0000,5351.2000,5353.0000,5353.2000,5353.4000,1,1,1,2,1,3,1,1,1,2
SF,IC2003,2020-01-03 11:04:39.900,5350.2000,53626,0,5883460120.000,0,-,-,-,-,5349.8000,5349.6000,5349.0000,5348.6000,5348.2000,5350.8000,5351.0000,5351.2000,5353.0000,5353.2000,1,1,1,2,1,1,3,1,1,1
SF,IC2003,2020-01-03 11:04:40.400,5350.2000,53626,0,5883460120.000,0,-,-,-,-,5349.8000,5349.6000,5349.0000,5348.6000,5348.2000,5350.6000,5350.8000,5351.0000,5351.2000,5353.0000,1,1,1,2,1,1,1,3,1,1
SF,IC2003,2020-01-03 11:04:40.900,5350.2000,53626,0,5883460120.000,0,-,-,-,-,5349.8000,5349.6000,5349.0000,5348.6000,5348.2000,5350.6000,5351.0000,5351.2000,5353.0000,5353.2000,1,1,1,2,1,1,3,1,1,1
SF,IC2003,2020-01-03 11:04:41.400,5350.6000,53626,0,5884530240.000,1,0,1,空换,B,5349.8000,5349.6000,5349.0000,5348.6000,5348.2000,5351.0000,5351.2000,5353.0000,5353.2000,5353.4000,1,1,1,2,1,3,1,1,1,2
SF,IC2003,2020-01-03 11:04:41.900,5350.6000,53626,0,5884530240.000,0,-,-,-,-,5349.8000,5349.6000,5349.0000,5348.6000,5348.2000,5350.6000,5350.8000,5351.0000,5351.2000,5353.0000,1,1,1,2,1,1,1,3,1,1
SF,IC2003,2020-01-03 11:04:42.400,5351.0000,53626,0,5886670400.000,2,1,1,空换,B,5349.6000,5349.0000,5348.6000,5348.2000,5348.0000,5351.0000,5351.2000,5353.0000,5353.2000,5353.4000,1,1,2,1,1,2,1,1,1,2
SF,IC2003,2020-01-03 11:04:42.900,5351.0000,53626,0,5886670400.000,0,-,-,-,-,5349.8000,5349.6000,5349.0000,5348.6000,5348.2000,5350.8000,5351.0000,5351.2000,5353.0000,5353.2000,2,1,1,2,1,1,2,1,1,1
SF,IC2003,2020-01-03 11:04:43.900,5351.0000,53626,0,5886670400.000,0,-,-,-,-,5350.0000,5349.8000,5349.6000,5349.0000,5348.6000,5350.8000,5351.0000,5351.2000,5353.0000,5353.2000,1,2,1,1,2,1,2,1,1,1
SF,IC2003,2020-01-03 11:04:44.400,5350.8000,53627,1,5887740560.000,1,1,0,双开,B,5350.2000,5350.0000,5349.6000,5349.0000,5348.6000,5351.2000,5353.0000,5353.2000,5353.4000,5353.6000,2,1,1,1,2,1,1,1,2,3
SF,IC2003,2020-01-03 11:04:44.900,5350.8000,53627,0,5887740560.000,0,-,-,-,-,5350.4000,5350.2000,5349.6000,5349.0000,5348.6000,5353.0000,5353.2000,5353.4000,5353.6000,5354.0000,1,2,1,1,2,1,1,2,3,1
SF,IC2003,2020-01-03 11:04:45.400,5350.8000,53627,0,5887740560.000,0,-,-,-,-,5350.6000,5350.4000,5349.6000,5349.0000,5348.6000,5352.2000,5352.6000,5352.8000,5353.0000,5353.2000,3,1,1,1,2,1,2,3,1,1
SF,IC2003,2020-01-03 11:04:45.900,5350.8000,53627,0,5887740560.000,0,-,-,-,-,5350.6000,5350.4000,5349.6000,5349.0000,5348.6000,5352.2000,5352.8000,5353.0000,5353.2000,5353.6000,2,1,1,1,2,1,3,1,1,3
SF,IC2003,2020-01-03 11:04:46.400,5350.8000,53627,0,5887740560.000,0,-,-,-,-,5350.8000,5350.6000,5349.6000,5349.0000,5348.6000,5352.0000,5352.2000,5352.8000,5353.0000,5353.2000,1,2,1,1,2,2,1,1,1,1
SF,IC2003,2020-01-03 11:04:47.900,5350.8000,53627,0,5887740560.000,0,-,-,-,-,5350.6000,5349.6000,5349.0000,5348.6000,5348.2000,5352.0000,5352.2000,5352.8000,5353.0000,5353.2000,2,1,1,2,1,2,1,1,1,1
SF,IC2003,2020-01-03 11:04:48.400,5351.8000,53627,0,5888810920.000,1,0,1,空换,B,5350.6000,5349.6000,5349.0000,5348.6000,5348.2000,5352.0000,5352.2000,5352.8000,5353.0000,5353.2000,2,1,1,2,1,2,1,1,1,1
SF,IC2003,2020-01-03 11:04:49.400,5351.8000,53627,0,5888810920.000,0,-,-,-,-,5350.6000,5349.6000,5349.0000,5348.6000,5348.2000,5351.8000,5352.0000,5352.2000,5352.8000,5353.0000,2,1,1,2,1,1,2,1,1,1
SF,IC2003,2020-01-03 11:04:52.400,5351.8000,53627,0,5888810920.000,0,-,-,-,-,5350.6000,5349.6000,5349.0000,5348.6000,5348.2000,5351.8000,5352.0000,5352.2000,5352.8000,5353.0000,3,1,1,2,1,1,2,1,1,1
SF,IC2003,2020-01-03 11:04:52.900,5351.8000,53627,0,5888810920.000,0,-,-,-,-,5350.6000,5349.6000,5349.0000,5348.6000,5348.2000,5351.8000,5352.0000,5352.2000,5352.8000,5353.0000,3,1,1,2,1,2,2,1,1,1
SF,IC2003,2020-01-03 11:04:53.400,5351.8000,53627,0,5888810920.000,0,-,-,-,-,5350.6000,5349.6000,5349.0000,5348.6000,5348.2000,5351.8000,5352.0000,5352.2000,5352.8000,5353.0000,3,1,1,2,1,1,2,1,1,1
SF,IC2003,2020-01-03 11:04:53.900,5351.8000,53627,0,5888810920.000,0,-,-,-,-,5350.6000,5349.6000,5349.0000,5348.6000,5348.2000,5351.8000,5352.0000,5352.2000,5352.8000,5353.0000,3,1,1,2,1,2,2,1,1,1
SF,IC2003,2020-01-03 11:04:54.400,5351.8000,53627,0,5888810920.000,0,-,-,-,-,5350.6000,5349.6000,5349.0000,5348.6000,5348.2000,5351.8000,5352.0000,5352.2000,5352.8000,5353.0000,3,1,1,2,1,1,2,1,1,1
SF,IC2003,2020-01-03 11:04:54.900,5351.8000,53627,0,5888810920.000,0,-,-,-,-,5350.6000,5349.6000,5349.0000,5348.6000,5348.2000,5351.8000,5352.0000,5352.2000,5352.8000,5353.0000,3,1,1,2,1,2,2,1,1,1
SF,IC2003,2020-01-03 11:04:55.400,5351.8000,53627,0,5888810920.000,0,-,-,-,-,5350.6000,5349.6000,5349.0000,5348.6000,5348.2000,5351.8000,5352.0000,5352.2000,5352.8000,5353.0000,3,1,1,2,1,1,2,1,1,1
SF,IC2003,2020-01-03 11:04:55.900,5351.8000,53627,0,5888810920.000,0,-,-,-,-,5350.6000,5349.6000,5349.0000,5348.6000,5348.2000,5351.6000,5351.8000,5352.0000,5352.2000,5352.8000,3,1,1,2,1,1,2,2,1,1
SF,IC2003,2020-01-03 11:04:56.400,5351.8000,53627,0,5888810920.000,0,-,-,-,-,5350.6000,5349.6000,5349.0000,5348.6000,5348.2000,5351.6000,5351.8000,5352.0000,5352.2000,5352.8000,3,1,1,2,1,1,1,2,1,1
SF,IC2003,2020-01-03 11:04:56.900,5351.8000,53627,0,5888810920.000,0,-,-,-,-,5350.6000,5349.6000,5349.0000,5348.6000,5348.2000,5351.6000,5351.8000,5352.0000,5352.2000,5352.8000,3,1,1,2,1,2,1,2,1,1
SF,IC2003,2020-01-03 11:04:57.400,5351.8000,53627,0,5888810920.000,0,-,-,-,-,5350.6000,5349.6000,5349.0000,5348.6000,5348.2000,5351.6000,5351.8000,5352.0000,5352.2000,5352.8000,3,1,1,2,1,1,1,2,1,1
SF,IC2003,2020-01-03 11:04:57.900,5351.8000,53627,0,5888810920.000,0,-,-,-,-,5350.6000,5349.6000,5349.0000,5348.6000,5348.2000,5351.6000,5351.8000,5352.0000,5352.2000,5352.8000,3,1,1,2,1,2,1,2,1,1
SF,IC2003,2020-01-03 11:04:58.400,5351.8000,53627,0,5888810920.000,0,-,-,-,-,5350.6000,5349.6000,5349.0000,5348.6000,5348.2000,5351.6000,5351.8000,5352.0000,5352.2000,5352.8000,3,1,1,2,1,1,1,2,1,1
SF,IC2003,2020-01-03 11:04:58.900,5351.8000,53627,0,5888810920.000,0,-,-,-,-,5350.6000,5349.6000,5349.0000,5348.6000,5348.2000,5351.6000,5351.8000,5352.0000,5352.2000,5352.8000,3,1,1,2,1,2,1,2,1,1
SF,IC2003,2020-01-03 11:04:59.400,5351.8000,53627,0,5888810920.000,0,-,-,-,-,5350.6000,5349.6000,5349.0000,5348.6000,5348.2000,5351.6000,5351.8000,5352.0000,5352.2000,5352.8000,3,1,1,2,1,1,1,2,1,1
SF,IC2003,2020-01-03 11:04:59.900,5351.8000,53627,0,5888810920.000,0,-,-,-,-,5350.6000,5349.6000,5349.0000,5348.6000,5348.2000,5351.6000,5351.8000,5352.0000,5352.2000,5352.8000,3,1,1,2,1,2,1,2,1,1
SF,IC2003,2020-01-03 11:05:00.400,5351.8000,53627,0,5888810920.000,0,-,-,-,-,5350.6000,5349.6000,5349.0000,5348.6000,5348.2000,5351.6000,5351.8000,5352.0000,5352.2000,5352.8000,3,1,1,2,1,1,1,2,1,1
SF,IC2003,2020-01-03 11:05:00.900,5351.6000,53627,0,5890951560.000,2,1,1,空换,B,5350.6000,5349.6000,5349.0000,5348.6000,5348.2000,5351.6000,5351.8000,5352.0000,5352.2000,5352.8000,3,1,1,2,1,1,1,2,1,1
SF,IC2003,2020-01-03 11:05:02.400,5351.6000,53627,0,5890951560.000,0,-,-,-,-,5350.6000,5349.6000,5349.0000,5348.6000,5348.2000,5351.6000,5351.8000,5352.0000,5352.2000,5352.8000,3,1,1,2,1,1,1,2,1,1
SF,IC2003,2020-01-03 11:05:02.900,5351.6000,53627,0,5890951560.000,0,-,-,-,-,5350.6000,5349.6000,5349.0000,5348.6000,5348.2000,5351.6000,5351.8000,5352.0000,5352.2000,5352.8000,1,1,1,2,1,1,1,2,1,1
SF,IC2003,2020-01-03 11:05:03.400,5351.6000,53627,0,5890951560.000,0,-,-,-,-,5350.6000,5349.6000,5349.0000,5348.6000,5348.2000,5351.4000,5351.6000,5351.8000,5352.2000,5352.8000,1,1,1,2,1,2,1,1,1,1
SF,IC2003,2020-01-03 11:05:07.900,5350.6000,53627,0,5892021680.000,1,0,1,空换,B,5349.6000,5349.0000,5348.6000,5348.2000,5348.0000,5351.4000,5351.6000,5351.8000,5352.8000,5353.0000,1,1,2,1,1,2,1,1,1,1
SF,IC2003,2020-01-03 11:05:08.400,5350.6000,53627,0,5892021680.000,0,-,-,-,-,5350.0000,5349.8000,5349.6000,5349.0000,5348.6000,5351.4000,5351.8000,5352.8000,5353.0000,5353.2000,1,2,1,1,2,2,1,1,1,1
SF,IC2003,2020-01-03 11:05:08.900,5350.6000,53627,0,5892021680.000,0,-,-,-,-,5349.6000,5349.0000,5348.6000,5348.2000,5348.0000,5351.4000,5351.8000,5352.8000,5353.0000,5353.2000,1,1,2,1,1,2,1,1,1,1
SF,IC2003,2020-01-03 11:05:09.400,5350.6000,53627,0,5892021680.000,0,-,-,-,-,5349.8000,5349.6000,5349.0000,5348.6000,5348.2000,5351.2000,5351.4000,5351.8000,5352.8000,5353.0000,2,1,1,2,1,1,2,1,1,1
SF,IC2003,2020-01-03 11:05:09.900,5350.6000,53627,0,5892021680.000,0,-,-,-,-,5349.6000,5349.0000,5348.6000,5348.2000,5348.0000,5351.0000,5351.8000,5352.8000,5353.0000,5353.2000,1,1,2,1,1,3,1,1,1,1
SF,IC2003,2020-01-03 11:05:11.900,5350.6000,53627,0,5892021680.000,0,-,-,-,-,5349.6000,5349.0000,5348.6000,5348.2000,5348.0000,5350.6000,5351.0000,5351.8000,5352.8000,5353.0000,1,1,2,1,1,2,3,1,1,1
SF,IC2003,2020-01-03 11:05:12.400,5350.6000,53625,-2,5894161920.000,2,0,2,双平,B,5349.6000,5349.0000,5348.6000,5348.2000,5348.0000,5351.0000,5351.8000,5352.8000,5353.0000,5353.2000,1,1,2,1,1,3,1,1,1,1
SF,IC2003,2020-01-03 11:05:12.900,5350.6000,53625,0,5894161920.000,0,-,-,-,-,5349.6000,5349.0000,5348.6000,5348.2000,5348.0000,5350.6000,5351.0000,5351.8000,5352.8000,5353.0000,1,1,2,1,1,1,3,1,1,1
SF,IC2003,2020-01-03 11:05:13.400,5350.6000,53625,0,5894161920.000,0,-,-,-,-,5349.8000,5349.6000,5349.0000,5348.6000,5348.2000,5351.0000,5351.8000,5352.8000,5353.0000,5353.2000,2,2,1,2,1,1,1,1,1,1
SF,IC2003,2020-01-03 11:05:13.900,5350.6000,53625,0,5894161920.000,0,-,-,-,-,5350.2000,5349.8000,5349.6000,5349.0000,5348.6000,5351.0000,5351.8000,5352.8000,5353.0000,5353.2000,1,2,2,1,2,1,1,1,1,1
SF,IC2003,2020-01-03 11:05:14.400,5350.6000,53625,0,5894161920.000,0,-,-,-,-,5350.2000,5349.8000,5349.6000,5349.0000,5348.6000,5351.0000,5351.6000,5351.8000,5352.8000,5353.0000,1,2,2,1,2,1,1,1,1,1
SF,IC2003,2020-01-03 11:05:15.400,5350.2000,53625,0,5895231960.000,1,0,1,空换,B,5349.8000,5349.6000,5349.0000,5348.6000,5348.2000,5351.0000,5351.6000,5351.8000,5352.8000,5353.0000,2,2,1,2,1,1,1,1,1,1
SF,IC2003,2020-01-03 11:05:16.900,5350.2000,53625,0,5895231960.000,0,-,-,-,-,5349.8000,5349.6000,5349.0000,5348.6000,5348.2000,5351.0000,5351.6000,5351.8000,5352.8000,5353.0000,2,1,1,2,1,1,1,1,1,1
SF,IC2003,2020-01-03 11:05:20.900,5351.0000,53625,0,5896302160.000,1,0,1,空换,B,5351.0000,5349.8000,5349.6000,5349.0000,5348.6000,5351.6000,5351.8000,5352.8000,5353.0000,5353.2000,1,2,1,1,2,1,1,1,1,1
SF,IC2003,2020-01-03 11:05:21.400,5351.0000,53624,-1,5897372360.000,1,0,1,双平,B,5349.8000,5349.6000,5349.0000,5348.6000,5348.2000,5351.8000,5352.8000,5353.0000,5353.2000,5353.6000,2,1,1,2,1,1,1,1,1,3
SF,IC2003,2020-01-03 11:05:21.900,5351.0000,53624,0,5897372360.000,0,-,-,-,-,5349.8000,5349.6000,5349.0000,5348.6000,5348.2000,5351.8000,5352.8000,5353.0000,5353.2000,5353.6000,2,1,1,2,1,2,1,1,1,3
SF,IC2003,2020-01-03 11:05:22.400,5351.0000,53624,0,5897372360.000,0,-,-,-,-,5349.8000,5349.6000,5349.0000,5348.6000,5348.2000,5351.8000,5352.8000,5353.0000,5353.2000,5353.6000,2,1,1,2,1,1,1,1,1,3
SF,IC2003,2020-01-03 11:05:22.900,5351.0000,53624,0,5897372360.000,0,-,-,-,-,5349.8000,5349.6000,5349.0000,5348.6000,5348.2000,5351.6000,5351.8000,5352.8000,5353.0000,5353.2000,2,1,1,2,1,2,2,1,1,1
SF,IC2003,2020-01-03 11:05:23.400,5351.0000,53624,0,5897372360.000,0,-,-,-,-,5349.8000,5349.6000,5349.0000,5348.6000,5348.2000,5351.6000,5351.8000,5352.8000,5353.0000,5353.2000,2,1,1,2,1,2,1,1,1,1
SF,IC2003,2020-01-03 11:05:23.900,5351.0000,53624,0,5897372360.000,0,-,-,-,-,5350.2000,5349.8000,5349.6000,5349.0000,5348.6000,5351.6000,5351.8000,5352.8000,5353.0000,5353.2000,2,2,1,1,2,2,1,1,1,1
SF,IC2003,2020-01-03 11:05:24.400,5351.0000,53624,0,5897372360.000,0,-,-,-,-,5350.4000,5349.6000,5349.0000,5348.6000,5348.2000,5351.6000,5351.8000,5352.8000,5353.0000,5353.2000,2,1,1,2,1,2,1,1,1,1
SF,IC2003,2020-01-03 11:05:36.400,5351.0000,53624,0,5897372360.000,0,-,-,-,-,5350.4000,5349.6000,5349.0000,5348.6000,5348.2000,5351.0000,5351.6000,5351.8000,5352.8000,5353.0000,2,1,1,2,1,6,2,1,1,1
SF,IC2003,2020-01-03 11:05:41.900,5350.4000,53624,0,5899512520.000,2,1,1,空换,B,5349.6000,5349.0000,5348.6000,5348.2000,5348.0000,5351.0000,5351.6000,5351.8000,5352.8000,5353.0000,1,1,2,1,1,6,2,1,1,1
SF,IC2003,2020-01-03 11:05:50.900,5350.4000,53624,0,5899512520.000,0,-,-,-,-,5349.6000,5349.0000,5348.6000,5348.2000,5348.0000,5351.0000,5351.6000,5351.8000,5352.8000,5353.0000,1,1,2,1,1,6,2,1,1,1
SF,IC2003,2020-01-03 11:05:51.400,5350.4000,53624,0,5899512520.000,0,-,-,-,-,5349.8000,5349.6000,5349.0000,5348.6000,5348.2000,5351.0000,5351.6000,5351.8000,5352.8000,5353.0000,2,1,1,2,1,6,2,1,1,1
SF,IC2003,2020-01-03 11:05:51.900,5350.4000,53624,0,5899512520.000,0,-,-,-,-,5350.0000,5349.8000,5349.6000,5349.0000,5348.6000,5351.0000,5351.6000,5351.8000,5352.8000,5353.0000,1,2,1,1,2,6,2,1,1,1
SF,IC2003,2020-01-03 11:05:52.900,5350.4000,53624,0,5899512520.000,0,-,-,-,-,5350.8000,5350.0000,5349.8000,5349.6000,5349.0000,5351.0000,5351.6000,5351.8000,5352.8000,5353.0000,2,1,2,1,1,6,2,1,1,1
SF,IC2003,2020-01-03 11:05:53.400,5351.0000,53620,-4,5904863520.000,5,0,5,空平,B,5350.0000,5349.8000,5349.6000,5349.0000,5348.6000,5351.0000,5351.6000,5351.8000,5352.8000,5353.0000,1,2,1,1,2,1,2,1,1,1
SF,IC2003,2020-01-03 11:05:53.900,5351.0000,53619,-1,5905933720.000,1,0,1,双平,B,5351.0000,5350.8000,5350.2000,5350.0000,5349.6000,5351.8000,5352.8000,5353.0000,5353.2000,5353.6000,6,2,2,1,1,1,1,1,1,3
SF,IC2003,2020-01-03 11:05:54.400,5351.0000,53619,0,5908074120.000,2,1,1,空换,B,5350.2000,5350.0000,5349.6000,5349.0000,5348.6000,5351.8000,5352.8000,5353.0000,5353.2000,5353.6000,2,1,1,1,2,1,1,1,1,3
SF,IC2003,2020-01-03 11:05:54.900,5351.0000,53619,0,5908074120.000,0,-,-,-,-,5351.2000,5350.2000,5349.6000,5349.0000,5348.6000,5351.6000,5351.8000,5352.0000,5352.8000,5353.0000,6,2,1,1,2,2,1,1,1,1
SF,IC2003,2020-01-03 11:05:55.400,5351.0000,53619,0,5908074120.000,0,-,-,-,-,5350.2000,5349.6000,5349.0000,5348.6000,5348.2000,5351.8000,5352.0000,5352.8000,5353.2000,5353.6000,2,1,1,2,1,1,1,1,1,3
SF,IC2003,2020-01-03 11:05:55.900,5351.0000,53619,0,5908074120.000,0,-,-,-,-,5351.6000,5351.4000,5351.0000,5350.6000,5350.2000,5351.8000,5352.0000,5353.2000,5353.6000,5354.2000,2,4,2,1,2,1,1,1,3,2
SF,IC2003,2020-01-03 11:05:56.400,5351.8000,53619,0,5909144480.000,1,0,1,空换,B,5351.0000,5350.6000,5350.2000,5349.6000,5349.0000,5351.4000,5353.2000,5353.6000,5354.2000,5354.8000,2,1,2,1,1,1,1,3,2,1
SF,IC2003,2020-01-03 11:05:56.900,5351.4000,53618,-1,5910214760.000,1,0,1,双平,B,5351.8000,5351.6000,5351.4000,5351.0000,5350.6000,5353.2000,5353.6000,5354.2000,5354.8000,5355.0000,4,3,2,2,1,1,3,2,1,3
SF,IC2003,2020-01-03 11:05:57.400,5351.4000,53618,0,5910214760.000,0,-,-,-,-,5351.6000,5351.4000,5351.0000,5350.2000,5349.6000,5353.0000,5353.2000,5353.6000,5354.2000,5354.8000,1,1,2,2,1,2,1,3,2,1
SF,IC2003,2020-01-03 11:05:57.900,5351.4000,53618,0,5910214760.000,0,-,-,-,-,5352.6000,5351.8000,5351.6000,5351.4000,5351.0000,5352.8000,5353.0000,5353.6000,5354.2000,5354.8000,2,2,2,1,2,1,2,1,2,1
SF,IC2003,2020-01-03 11:05:58.400,5351.4000,53618,0,5910214760.000,0,-,-,-,-,5351.8000,5351.6000,5351.4000,5351.0000,5349.6000,5352.4000,5353.0000,5353.6000,5354.2000,5354.8000,2,2,1,2,1,1,2,1,2,1
SF,IC2003,2020-01-03 11:05:58.900,5351.6000,53619,1,5911285080.000,1,1,0,双开,B,5351.8000,5351.6000,5351.4000,5351.0000,5349.6000,5353.0000,5353.6000,5354.2000,5354.8000,5355.0000,2,2,1,2,1,2,1,2,1,3
SF,IC2003,2020-01-03 11:05:59.400,5351.6000,53617,-2,5913425720.000,2,0,2,双平,B,5351.4000,5351.0000,5349.6000,5349.0000,5348.6000,5351.6000,5353.0000,5353.6000,5354.2000,5354.8000,1,2,1,1,2,8,2,1,2,1
SF,IC2003,2020-01-03 11:05:59.900,5351.6000,53616,-1,5915566320.000,2,0,2,空平,B,5351.0000,5349.6000,5349.0000,5348.6000,5348.2000,5351.6000,5353.0000,5353.6000,5354.2000,5354.8000,2,1,1,2,1,7,2,1,2,1
SF,IC2003,2020-01-03 11:06:02.400,5351.0000,53616,0,5916636520.000,1,0,1,空换,B,5351.0000,5349.6000,5349.0000,5348.6000,5348.2000,5351.6000,5353.0000,5353.6000,5354.2000,5354.8000,1,1,1,2,1,7,2,2,2,1
SF,IC2003,2020-01-03 11:06:03.900,5351.6000,53614,-2,5918777160.000,2,0,2,双平,B,5351.0000,5349.6000,5349.0000,5348.6000,5348.2000,5351.6000,5353.0000,5353.6000,5354.2000,5354.8000,1,1,1,2,1,5,2,2,2,1
SF,IC2003,2020-01-03 11:06:08.900,5351.6000,53612,-2,5920917800.000,2,0,2,双平,B,5351.0000,5349.6000,5349.0000,5348.6000,5348.2000,5351.6000,5353.0000,5353.6000,5354.2000,5354.8000,1,1,1,2,1,3,2,2,2,1
SF,IC2003,2020-01-03 11:06:12.400,5351.6000,53612,0,5924128760.000,3,1,2,空换,B,5351.0000,5349.6000,5349.0000,5348.6000,5348.2000,5353.0000,5353.6000,5354.2000,5354.8000,5355.0000,1,1,1,2,1,2,2,2,1,3
SF,IC2003,2020-01-03 11:06:12.900,5351.6000,53612,0,5924128760.000,0,-,-,-,-,5351.2000,5351.0000,5349.6000,5349.0000,5348.6000,5353.0000,5353.6000,5354.2000,5354.8000,5355.0000,2,1,1,1,2,2,2,2,1,3
SF,IC2003,2020-01-03 11:06:13.400,5351.6000,53612,0,5924128760.000,0,-,-,-,-,5351.6000,5351.0000,5349.6000,5349.0000,5348.6000,5352.8000,5353.0000,5353.6000,5354.2000,5354.8000,2,1,1,1,2,1,2,2,2,1
SF,IC2003,2020-01-03 11:06:13.900,5351.6000,53612,0,5924128760.000,0,-,-,-,-,5351.0000,5349.6000,5349.0000,5348.6000,5348.2000,5352.6000,5352.8000,5353.6000,5354.2000,5354.8000,1,1,1,2,1,2,1,2,2,1
SF,IC2003,2020-01-03 11:06:14.400,5351.6000,53612,0,5924128760.000,0,-,-,-,-,5351.0000,5349.6000,5349.0000,5348.6000,5348.2000,5352.6000,5353.6000,5354.2000,5354.8000,5355.0000,1,1,1,2,1,2,2,2,1,3
SF,IC2003,2020-01-03 11:06:14.900,5351.6000,53612,0,5924128760.000,0,-,-,-,-,5351.0000,5349.6000,5349.0000,5348.6000,5348.2000,5352.4000,5352.6000,5353.6000,5354.2000,5354.8000,1,1,1,2,1,1,2,2,2,1
SF,IC2003,2020-01-03 11:06:15.400,5351.6000,53612,0,5924128760.000,0,-,-,-,-,5351.0000,5349.6000,5349.0000,5348.6000,5348.2000,5352.2000,5352.4000,5353.6000,5354.2000,5354.8000,1,1,1,2,1,2,1,2,2,1
SF,IC2003,2020-01-03 11:06:15.900,5351.6000,53612,0,5924128760.000,0,-,-,-,-,5351.0000,5349.6000,5349.0000,5348.6000,5348.2000,5352.2000,5353.6000,5354.2000,5354.8000,5355.0000,1,1,1,2,1,2,2,2,1,3
SF,IC2003,2020-01-03 11:06:16.400,5351.6000,53612,0,5924128760.000,0,-,-,-,-,5351.0000,5349.6000,5349.0000,5348.6000,5348.2000,5352.0000,5352.2000,5353.6000,5354.2000,5354.8000,1,1,1,2,1,1,2,2,2,1
SF,IC2003,2020-01-03 11:06:16.900,5351.6000,53612,0,5924128760.000,0,-,-,-,-,5351.0000,5349.6000,5349.0000,5348.6000,5348.2000,5352.0000,5352.2000,5353.6000,5354.2000,5354.8000,1,1,1,2,1,2,2,2,2,1
SF,IC2003,2020-01-03 11:06:17.900,5351.6000,53612,0,5924128760.000,0,-,-,-,-,5351.2000,5351.0000,5349.6000,5349.0000,5348.6000,5352.0000,5352.2000,5353.6000,5354.2000,5354.8000,3,1,1,1,2,2,2,2,2,1
SF,IC2003,2020-01-03 11:06:18.400,5351.6000,53612,0,5924128760.000,0,-,-,-,-,5351.2000,5351.0000,5349.6000,5349.0000,5348.6000,5352.0000,5352.2000,5353.6000,5354.2000,5354.8000,3,1,1,1,2,1,2,2,2,1
SF,IC2003,2020-01-03 11:06:20.400,5352.0000,53611,-1,5926269560.000,2,0,2,空平,B,5351.2000,5351.0000,5349.6000,5349.0000,5348.6000,5351.8000,5352.2000,5353.6000,5354.2000,5354.8000,3,1,1,1,2,1,2,2,2,1
SF,IC2003,2020-01-03 11:06:22.900,5351.8000,53610,-1,5927339920.000,1,0,1,双平,B,5351.8000,5351.0000,5349.6000,5349.0000,5348.6000,5352.2000,5353.6000,5354.2000,5354.8000,5355.0000,2,1,1,1,2,2,2,2,1,3
SF,IC2003,2020-01-03 11:06:23.400,5351.8000,53608,-2,5929480640.000,2,0,2,双平,B,5351.0000,5349.6000,5349.0000,5348.6000,5348.2000,5351.8000,5352.2000,5353.6000,5354.2000,5354.8000,1,1,1,2,1,2,1,2,2,1
SF,IC2003,2020-01-03 11:06:23.900,5351.0000,53608,0,5930550840.000,1,0,1,空换,B,5349.6000,5349.0000,5348.6000,5348.2000,5348.0000,5351.6000,5351.8000,5353.6000,5354.2000,5354.8000,1,1,2,1,1,1,2,2,2,1
SF,IC2003,2020-01-03 11:06:24.400,5351.0000,53608,0,5930550840.000,0,-,-,-,-,5349.8000,5349.6000,5349.0000,5348.6000,5348.2000,5351.2000,5351.4000,5351.6000,5351.8000,5353.6000,3,1,1,2,1,1,3,2,2,2
SF,IC2003,2020-01-03 11:06:24.900,5351.0000,53608,0,5930550840.000,0,-,-,-,-,5349.6000,5349.0000,5348.6000,5348.2000,5348.0000,5351.0000,5351.2000,5351.4000,5351.6000,5351.8000,1,1,2,1,1,2,1,1,1,2
SF,IC2003,2020-01-03 11:06:28.400,5351.0000,53608,0,5930550840.000,0,-,-,-,-,5349.6000,5349.0000,5348.6000,5348.2000,5348.0000,5351.0000,5351.2000,5351.4000,5351.6000,5351.8000,2,1,2,1,1,2,1,1,1,2
SF,IC2003,2020-01-03 11:06:28.900,5351.0000,53608,0,5930550840.000,0,-,-,-,-,5349.6000,5349.0000,5348.6000,5348.2000,5348.0000,5351.0000,5351.2000,5351.4000,5351.6000,5353.6000,2,1,2,1,1,2,1,1,1,2
SF,IC2003,2020-01-03 11:06:29.400,5351.0000,53608,0,5930550840.000,0,-,-,-,-,5349.6000,5349.0000,5348.6000,5348.2000,5348.0000,5351.0000,5351.2000,5351.6000,5353.6000,5354.2000,2,1,2,1,1,2,1,1,2,2
SF,IC2003,2020-01-03 11:06:30.400,5351.0000,53608,0,5930550840.000,0,-,-,-,-,5349.8000,5349.6000,5349.0000,5348.6000,5348.2000,5351.0000,5351.2000,5351.6000,5353.6000,5354.2000,1,2,1,2,1,2,1,1,2,2
SF,IC2003,2020-01-03 11:06:30.900,5351.0000,53608,0,5930550840.000,0,-,-,-,-,5350.0000,5349.8000,5349.6000,5349.0000,5348.6000,5351.2000,5351.6000,5353.6000,5354.2000,5354.8000,1,1,2,1,2,1,1,2,2,1
SF,IC2003,2020-01-03 11:06:31.400,5351.0000,53608,0,5930550840.000,0,-,-,-,-,5350.0000,5349.8000,5349.6000,5349.0000,5348.6000,5351.0000,5353.6000,5354.2000,5354.8000,5355.0000,1,1,2,1,2,1,2,2,1,3
SF,IC2003,2020-01-03 11:06:31.900,5351.0000,53608,0,5931621040.000,1,0,1,空换,B,5350.0000,5349.8000,5349.6000,5349.0000,5348.6000,5352.0000,5353.4000,5353.6000,5354.2000,5354.8000,1,1,2,1,2,1,1,2,2,1
SF,IC2003,2020-01-03 11:06:32.400,5351.0000,53608,0,5931621040.000,0,-,-,-,-,5350.0000,5349.8000,5349.6000,5349.0000,5348.6000,5351.8000,5352.0000,5353.6000,5354.2000,5354.8000,1,1,2,1,2,2,1,2,2,1
SF,IC2003,2020-01-03 11:06:32.900,5351.0000,53608,0,5931621040.000,0,-,-,-,-,5350.0000,5349.8000,5349.6000,5349.0000,5348.6000,5351.8000,5352.0000,5353.6000,5354.2000,5354.8000,1,1,2,1,2,2,1,2,2,1
SF,IC2003,2020-01-03 11:06:33.400,5351.0000,53608,0,5931621040.000,0,-,-,-,-,5349.6000,5349.0000,5348.6000,5348.2000,5348.0000,5351.8000,5352.0000,5353.6000,5354.2000,5354.8000,2,1,2,1,1,2,1,2,2,1
SF,IC2003,2020-01-03 11:06:34.400,5351.0000,53608,0,5931621040.000,0,-,-,-,-,5349.6000,5349.0000,5348.6000,5348.2000,5348.0000,5351.4000,5351.8000,5352.0000,5353.6000,5354.2000,2,1,2,1,1,1,2,1,2,2
SF,IC2003,2020-01-03 11:06:34.900,5351.0000,53608,0,5931621040.000,0,-,-,-,-,5349.6000,5349.0000,5348.6000,5348.2000,5348.0000,5351.2000,5351.4000,5353.6000,5354.2000,5354.8000,3,1,2,1,1,2,1,2,2,1
SF,IC2003,2020-01-03 11:06:38.400,5351.0000,53608,0,5931621040.000,0,-,-,-,-,5349.8000,5349.6000,5349.0000,5348.6000,5348.2000,5351.2000,5351.4000,5353.6000,5354.2000,5354.8000,1,3,1,2,1,2,1,2,2,1
SF,IC2003,2020-01-03 11:06:38.900,5351.0000,53608,0,5931621040.000,0,-,-,-,-,5350.0000,5349.8000,5349.6000,5349.0000,5348.6000,5351.2000,5351.4000,5353.6000,5354.2000,5354.8000,1,1,3,1,2,2,1,2,2,1
SF,IC2003,2020-01-03 11:06:39.400,5351.0000,53608,0,5931621040.000,0,-,-,-,-,5350.0000,5349.8000,5349.6000,5349.0000,5348.6000,5351.4000,5353.6000,5354.2000,5354.8000,5355.0000,1,1,3,1,2,1,2,2,1,3
SF,IC2003,2020-01-03 11:06:39.900,5351.0000,53608,0,5931621040.000,0,-,-,-,-,5350.0000,5349.8000,5349.6000,5349.0000,5348.6000,5352.0000,5353.6000,5354.2000,5354.8000,5355.0000,1,1,3,1,2,1,2,2,1,3
SF,IC2003,2020-01-03 11:06:40.400,5351.0000,53608,0,5931621040.000,0,-,-,-,-,5349.6000,5349.0000,5348.6000,5348.2000,5348.0000,5351.8000,5353.6000,5354.2000,5354.8000,5355.0000,3,1,2,1,1,2,2,2,1,3
SF,IC2003,2020-01-03 11:06:40.900,5351.0000,53608,0,5931621040.000,0,-,-,-,-,5349.8000,5349.6000,5349.0000,5348.6000,5348.2000,5351.8000,5353.6000,5354.2000,5354.8000,5355.0000,2,3,1,2,1,2,2,2,1,3
SF,IC2003,2020-01-03 11:06:41.400,5351.0000,53608,0,5931621040.000,0,-,-,-,-,5350.0000,5349.8000,5349.6000,5349.0000,5348.6000,5351.8000,5353.6000,5354.2000,5354.8000,5355.0000,1,1,3,1,2,2,2,2,1,3
SF,IC2003,2020-01-03 11:06:41.900,5351.0000,53608,0,5931621040.000,0,-,-,-,-,5350.0000,5349.8000,5349.6000,5349.0000,5348.6000,5351.8000,5353.6000,5354.2000,5354.8000,5355.0000,1,1,2,1,2,2,2,2,1,3
SF,IC2003,2020-01-03 11:06:42.400,5351.0000,53608,0,5931621040.000,0,-,-,-,-,5349.6000,5349.0000,5348.6000,5348.2000,5348.0000,5351.4000,5351.8000,5353.6000,5354.2000,5354.8000,2,1,2,1,1,1,2,2,2,1
SF,IC2003,2020-01-03 11:06:42.900,5351.0000,53608,0,5931621040.000,0,-,-,-,-,5349.8000,5349.6000,5349.0000,5348.6000,5348.2000,5351.2000,5351.4000,5353.6000,5354.2000,5354.8000,1,2,1,2,1,2,1,2,2,1
SF,IC2003,2020-01-03 11:06:43.400,5351.2000,53608,0,5933761520.000,2,1,1,空换,B,5350.8000,5350.0000,5349.8000,5349.6000,5349.0000,5351.4000,5353.6000,5354.2000,5354.8000,5355.0000,4,1,1,3,1,1,2,2,1,3
SF,IC2003,2020-01-03 11:06:43.900,5351.4000,53609,1,5934831800.000,1,1,0,双开,B,5351.6000,5351.4000,5351.0000,5349.8000,5349.6000,5353.6000,5354.2000,5354.8000,5355.0000,5355.4000,1,1,3,1,3,2,2,1,3,1
SF,IC2003,2020-01-03 11:06:44.400,5351.4000,53609,0,5934831800.000,0,-,-,-,-,5351.4000,5351.0000,5349.8000,5349.6000,5349.0000,5353.2000,5353.4000,5353.6000,5354.2000,5354.8000,1,1,1,3,1,5,6,2,2,1
SF,IC2003,2020-01-03 11:06:44.900,5351.4000,53609,0,5934831800.000,0,-,-,-,-,5351.4000,5351.0000,5349.8000,5349.6000,5349.0000,5353.0000,5353.2000,5353.4000,5353.6000,5354.2000,1,1,1,3,1,3,5,4,2,2
SF,IC2003,2020-01-03 11:06:45.400,5351.4000,53609,0,5934831800.000,0,-,-,-,-,5351.4000,5351.0000,5349.8000,5349.6000,5349.0000,5353.0000,5353.2000,5353.4000,5353.6000,5354.2000,1,1,1,3,1,2,5,4,2,2
SF,IC2003,2020-01-03 11:06:45.900,5351.4000,53609,0,5934831800.000,0,-,-,-,-,5351.4000,5351.0000,5349.8000,5349.6000,5349.0000,5352.8000,5353.0000,5353.2000,5353.4000,5353.6000,1,1,1,3,1,1,2,5,4,2
SF,IC2003,2020-01-03 11:06:46.400,5351.4000,53609,0,5934831800.000,0,-,-,-,-,5351.4000,5351.0000,5349.6000,5349.0000,5348.6000,5352.6000,5352.8000,5353.2000,5353.4000,5353.6000,1,1,3,1,2,2,1,5,4,2
SF,IC2003,2020-01-03 11:06:46.900,5349.6000,53608,-1,5939112480.000,4,1,3,空平,B,5349.6000,5349.0000,5348.6000,5348.2000,5348.0000,5351.2000,5352.6000,5353.2000,5353.4000,5353.6000,2,1,2,1,1,3,2,5,4,2
SF,IC2003,2020-01-03 11:06:47.400,5351.2000,53605,-3,5942323200.000,3,0,3,双平,B,5350.6000,5350.2000,5350.0000,5349.8000,5349.6000,5352.6000,5353.4000,5353.6000,5354.2000,5354.8000,1,1,1,3,2,2,4,2,2,1
SF,IC2003,2020-01-03 11:06:47.900,5351.2000,53605,0,5942323200.000,0,-,-,-,-,5350.8000,5350.6000,5350.2000,5350.0000,5349.8000,5352.6000,5353.4000,5353.6000,5354.2000,5354.8000,2,1,1,1,1,2,4,2,2,1
SF,IC2003,2020-01-03 11:06:48.400,5351.2000,53605,0,5942323200.000,0,-,-,-,-,5350.8000,5350.6000,5350.2000,5350.0000,5349.8000,5352.6000,5353.4000,5353.6000,5354.2000,5354.8000,3,1,1,1,1,2,4,2,2,1
SF,IC2003,2020-01-03 11:06:49.400,5351.2000,53605,0,5942323200.000,0,-,-,-,-,5350.8000,5350.6000,5350.2000,5350.0000,5349.8000,5352.6000,5353.4000,5353.6000,5354.2000,5354.8000,3,1,1,1,1,2,4,2,2,1
SF,IC2003,2020-01-03 11:06:50.400,5351.2000,53605,0,5942323200.000,0,-,-,-,-,5350.8000,5350.6000,5350.2000,5350.0000,5349.8000,5352.6000,5353.4000,5353.6000,5354.2000,5354.8000,3,1,1,1,1,2,4,2,2,1
SF,IC2003,2020-01-03 11:06:50.900,5351.2000,53605,0,5942323200.000,0,-,-,-,-,5350.8000,5350.6000,5350.2000,5350.0000,5349.8000,5352.6000,5353.4000,5353.6000,5354.2000,5354.8000,3,1,1,1,1,2,3,2,2,1
SF,IC2003,2020-01-03 11:06:51.900,5351.2000,53605,0,5942323200.000,0,-,-,-,-,5350.8000,5350.6000,5350.2000,5350.0000,5349.8000,5352.4000,5352.6000,5353.4000,5353.6000,5354.2000,3,1,1,1,1,1,2,3,2,2
SF,IC2003,2020-01-03 11:06:52.400,5350.8000,53604,-1,5943393360.000,1,0,1,双平,B,5350.8000,5350.6000,5350.2000,5350.0000,5349.8000,5352.4000,5352.6000,5353.4000,5353.6000,5354.2000,2,1,1,2,1,2,2,2,2,2
SF,IC2003,2020-01-03 11:06:52.900,5350.8000,53604,0,5943393360.000,0,-,-,-,-,5350.8000,5350.6000,5350.0000,5349.8000,5349.6000,5352.2000,5352.4000,5353.4000,5353.6000,5354.2000,2,1,2,1,2,2,2,2,2,2
SF,IC2003,2020-01-03 11:06:53.400,5350.8000,53604,0,5943393360.000,0,-,-,-,-,5350.8000,5350.6000,5350.0000,5349.8000,5349.6000,5352.0000,5352.2000,5352.4000,5353.4000,5353.6000,1,1,2,1,2,2,2,1,2,2
SF,IC2003,2020-01-03 11:06:53.900,5350.8000,53604,0,5943393360.000,0,-,-,-,-,5350.8000,5350.6000,5350.0000,5349.8000,5349.6000,5351.8000,5352.0000,5352.4000,5353.4000,5353.6000,1,1,2,1,2,2,4,1,2,2
SF,IC2003,2020-01-03 11:06:54.400,5350.8000,53604,0,5943393360.000,0,-,-,-,-,5350.8000,5350.6000,5350.0000,5349.8000,5349.6000,5351.8000,5352.0000,5352.4000,5353.4000,5353.6000,1,1,3,1,2,2,4,1,2,2
SF,IC2003,2020-01-03 11:06:56.400,5350.8000,53604,0,5943393360.000,0,-,-,-,-,5350.8000,5350.6000,5350.0000,5349.8000,5349.6000,5351.8000,5352.0000,5352.4000,5353.4000,5353.6000,1,1,3,1,2,2,3,1,2,2
SF,IC2003,2020-01-03 11:06:56.900,5350.8000,53604,0,5943393360.000,0,-,-,-,-,5350.8000,5350.6000,5350.0000,5349.8000,5349.6000,5351.8000,5352.0000,5352.4000,5353.4000,5353.6000,1,1,3,1,1,2,3,1,2,2
SF,IC2003,2020-01-03 11:06:58.400,5350.8000,53604,0,5943393360.000,0,-,-,-,-,5350.8000,5350.6000,5350.0000,5349.8000,5349.6000,5351.8000,5352.0000,5352.2000,5352.4000,5353.4000,2,1,3,1,1,2,3,1,1,2
SF,IC2003,2020-01-03 11:06:58.900,5350.8000,53604,0,5943393360.000,0,-,-,-,-,5350.8000,5350.6000,5350.0000,5349.8000,5349.6000,5352.0000,5352.2000,5352.4000,5353.4000,5353.6000,2,1,2,1,1,3,1,1,2,2
SF,IC2003,2020-01-03 11:06:59.400,5350.8000,53604,0,5943393360.000,0,-,-,-,-,5350.8000,5350.6000,5350.0000,5349.8000,5349.6000,5351.8000,5352.0000,5352.2000,5352.4000,5353.4000,2,1,2,1,1,3,3,1,1,2
SF,IC2003,2020-01-03 11:06:59.900,5350.8000,53605,1,5944463520.000,1,1,0,双开,B,5350.8000,5350.6000,5350.0000,5349.8000,5349.6000,5351.8000,5352.0000,5352.2000,5352.4000,5353.4000,1,1,2,1,1,3,3,1,1,2
SF,IC2003,2020-01-03 11:07:00.400,5350.8000,53605,0,5945533680.000,1,0,1,空换,B,5350.6000,5350.0000,5349.8000,5349.6000,5349.4000,5351.8000,5352.0000,5352.2000,5352.4000,5353.4000,1,2,1,1,1,3,3,1,1,1
SF,IC2003,2020-01-03 11:07:00.900,5350.8000,53605,0,5945533680.000,0,-,-,-,-,5350.0000,5349.8000,5349.6000,5349.0000,5348.6000,5351.6000,5351.8000,5352.0000,5352.2000,5352.4000,2,1,1,1,2,1,2,3,1,1
SF,IC2003,2020-01-03 11:07:01.400,5350.8000,53605,0,5945533680.000,0,-,-,-,-,5350.0000,5349.8000,5349.6000,5349.0000,5348.6000,5351.4000,5351.6000,5352.0000,5352.2000,5353.4000,2,1,1,1,2,2,1,3,1,1
SF,IC2003,2020-01-03 11:07:04.400,5350.0000,53606,1,5946603680.000,1,1,0,双开,B,5350.0000,5349.8000,5349.6000,5349.0000,5348.6000,5351.4000,5352.0000,5352.2000,5353.4000,5353.6000,1,1,1,1,2,2,3,1,1,2
SF,IC2003,2020-01-03 11:07:04.900,5350.0000,53606,0,5946603680.000,0,-,-,-,-,5350.2000,5350.0000,5349.8000,5349.6000,5349.0000,5351.4000,5352.0000,5352.2000,5353.4000,5353.6000,2,1,1,1,1,2,3,1,1,2
SF,IC2003,2020-01-03 11:07:09.400,5350.0000,53606,0,5946603680.000,0,-,-,-,-,5350.4000,5350.2000,5350.0000,5349.8000,5349.6000,5351.4000,5352.0000,5352.2000,5353.6000,5354.2000,1,2,1,1,1,2,3,1,2,2
SF,IC2003,2020-01-03 11:07:09.900,5350.0000,53606,0,5946603680.000,0,-,-,-,-,5350.0000,5349.8000,5349.6000,5349.0000,5348.6000,5351.4000,5352.0000,5352.2000,5353.6000,5354.2000,1,1,1,1,2,2,3,1,2,2
SF,IC2003,2020-01-03 11:07:10.400,5350.0000,53606,0,5946603680.000,0,-,-,-,-,5350.2000,5350.0000,5349.8000,5349.6000,5349.0000,5351.4000,5352.0000,5352.2000,5353.6000,5354.2000,2,2,1,1,1,2,3,1,2,2
SF,IC2003,2020-01-03 11:07:10.900,5350.0000,53606,0,5946603680.000,0,-,-,-,-,5350.2000,5350.0000,5349.8000,5349.6000,5349.0000,5352.0000,5352.2000,5353.6000,5354.2000,5354.8000,2,2,1,1,1,3,1,2,2,1
SF,IC2003,2020-01-03 11:07:11.400,5350.0000,53606,0,5946603680.000,0,-,-,-,-,5350.6000,5350.4000,5350.2000,5350.0000,5349.8000,5351.8000,5352.0000,5352.2000,5353.6000,5354.2000,2,1,2,1,1,2,3,1,2,2
SF,IC2003,2020-01-03 11:07:11.900,5351.8000,53605,-1,5947674040.000,1,0,1,双平,B,5350.4000,5350.2000,5350.0000,5349.8000,5349.6000,5351.8000,5352.0000,5352.2000,5353.6000,5354.2000,1,2,1,1,1,1,3,1,2,2
SF,IC2003,2020-01-03 11:07:12.400,5350.6000,53604,-1,5948744160.000,1,0,1,双平,B,5350.6000,5350.4000,5350.0000,5349.8000,5349.6000,5352.0000,5352.2000,5353.6000,5354.2000,5354.8000,1,1,1,1,2,3,1,2,2,1
SF,IC2003,2020-01-03 11:07:12.900,5350.6000,53604,0,5948744160.000,0,-,-,-,-,5350.8000,5350.6000,5350.0000,5349.8000,5349.6000,5351.8000,5352.0000,5352.2000,5353.6000,5354.2000,1,2,1,1,2,2,3,1,2,2
SF,IC2003,2020-01-03 11:07:13.400,5350.6000,53604,0,5948744160.000,0,-,-,-,-,5350.6000,5350.0000,5349.8000,5349.6000,5349.0000,5351.8000,5352.0000,5352.2000,5353.6000,5354.2000,2,1,1,2,1,2,3,1,2,2
SF,IC2003,2020-01-03 11:07:13.900,5350.6000,53604,0,5948744160.000,0,-,-,-,-,5350.6000,5350.0000,5349.8000,5349.6000,5349.0000,5352.0000,5352.2000,5353.6000,5354.2000,5354.8000,2,1,1,2,1,3,1,2,2,1
SF,IC2003,2020-01-03 11:07:15.900,5350.6000,53604,0,5948744160.000,0,-,-,-,-,5350.6000,5350.0000,5349.8000,5349.6000,5349.0000,5352.0000,5352.2000,5353.6000,5354.2000,5354.8000,2,1,1,2,1,2,1,2,2,1
SF,IC2003,2020-01-03 11:07:16.400,5350.6000,53604,0,5948744160.000,0,-,-,-,-,5350.6000,5350.0000,5349.8000,5349.6000,5349.0000,5351.8000,5352.0000,5352.2000,5353.6000,5354.2000,2,1,1,2,1,2,2,1,2,2
SF,IC2003,2020-01-03 11:07:16.900,5350.6000,53604,0,5948744160.000,0,-,-,-,-,5350.8000,5350.6000,5350.0000,5349.8000,5349.6000,5351.6000,5351.8000,5352.0000,5352.2000,5353.6000,1,2,1,1,2,1,2,2,1,2
SF,IC2003,2020-01-03 11:07:17.400,5350.6000,53604,0,5948744160.000,0,-,-,-,-,5350.8000,5350.6000,5350.0000,5349.8000,5349.6000,5351.6000,5351.8000,5352.0000,5352.2000,5353.6000,1,1,1,1,1,1,2,2,1,2
SF,IC2003,2020-01-03 11:07:18.400,5350.6000,53604,0,5948744160.000,0,-,-,-,-,5350.6000,5350.0000,5349.8000,5349.6000,5349.0000,5351.0000,5351.6000,5351.8000,5352.0000,5352.2000,1,1,1,1,1,1,1,2,2,1
SF,IC2003,2020-01-03 11:07:18.900,5351.6000,53603,-1,5950884680.000,2,0,2,空平,B,5350.6000,5350.0000,5349.8000,5349.6000,5349.0000,5351.8000,5352.0000,5352.2000,5353.6000,5354.2000,1,1,1,1,1,2,2,1,2,2
SF,IC2003,2020-01-03 11:07:19.900,5351.6000,53603,0,5950884680.000,0,-,-,-,-,5350.6000,5350.0000,5349.8000,5349.6000,5349.0000,5351.8000,5352.0000,5352.2000,5353.6000,5354.2000,1,1,1,1,1,2,2,1,1,2
SF,IC2003,2020-01-03 11:07:22.900,5351.6000,53603,0,5950884680.000,0,-,-,-,-,5350.6000,5350.0000,5349.8000,5349.6000,5349.0000,5351.8000,5352.0000,5352.2000,5353.6000,5354.2000,1,1,1,1,1,2,2,1,1,2
SF,IC2003,2020-01-03 11:07:23.400,5351.6000,53603,0,5950884680.000,0,-,-,-,-,5350.6000,5350.0000,5349.8000,5349.6000,5349.0000,5351.6000,5351.8000,5352.0000,5352.2000,5353.6000,1,1,1,1,1,1,2,2,1,1
SF,IC2003,2020-01-03 11:07:28.900,5351.6000,53603,0,5950884680.000,0,-,-,-,-,5350.8000,5350.6000,5350.0000,5349.8000,5349.6000,5351.6000,5351.8000,5352.0000,5352.2000,5353.6000,1,1,1,1,1,1,2,2,1,1
SF,IC2003,2020-01-03 11:07:29.400,5352.0000,53602,-1,5953025400.000,2,0,2,空平,B,5350.8000,5350.6000,5350.0000,5349.8000,5349.6000,5352.0000,5352.2000,5353.6000,5354.2000,5354.8000,1,1,1,1,1,1,1,1,2,1
SF,IC2003,2020-01-03 11:07:30.900,5352.0000,53602,0,5953025400.000,0,-,-,-,-,5350.8000,5350.6000,5350.0000,5349.8000,5349.6000,5352.0000,5352.2000,5353.6000,5354.2000,5354.8000,2,1,1,1,1,1,1,1,2,1
SF,IC2003,2020-01-03 11:07:31.400,5352.2000,53601,-1,5955166240.000,2,0,2,空平,B,5352.0000,5351.8000,5351.0000,5350.8000,5350.6000,5353.6000,5354.2000,5354.8000,5355.0000,5355.4000,2,4,3,2,1,1,2,1,3,1
SF,IC2003,2020-01-03 11:07:31.900,5352.2000,53601,0,5955166240.000,0,-,-,-,-,5352.2000,5350.8000,5350.6000,5350.0000,5349.8000,5353.4000,5353.6000,5354.2000,5354.8000,5355.0000,2,2,1,1,1,2,1,2,1,3
SF,IC2003,2020-01-03 11:07:32.400,5352.2000,53601,0,5955166240.000,0,-,-,-,-,5352.2000,5350.8000,5350.6000,5350.0000,5349.8000,5353.2000,5353.6000,5354.2000,5354.8000,5355.0000,2,2,1,1,1,1,1,2,1,3
SF,IC2003,2020-01-03 11:07:33.400,5353.2000,53604,3,5958378160.000,3,3,0,双开,B,5353.0000,5352.6000,5352.4000,5352.2000,5350.8000,5353.6000,5354.2000,5354.8000,5355.0000,5355.4000,4,2,3,2,2,1,2,1,3,1
SF,IC2003,2020-01-03 11:07:33.900,5353.2000,53604,0,5958378160.000,0,-,-,-,-,5352.6000,5352.4000,5352.2000,5350.8000,5350.6000,5353.6000,5354.2000,5354.8000,5355.0000,5355.4000,1,2,2,2,1,1,2,1,3,1
SF,IC2003,2020-01-03 11:07:34.400,5353.2000,53604,0,5958378160.000,0,-,-,-,-,5352.6000,5352.4000,5352.2000,5350.8000,5350.6000,5353.0000,5353.6000,5354.2000,5354.8000,5355.0000,1,1,2,1,1,1,1,2,1,3
SF,IC2003,2020-01-03 11:07:34.900,5353.2000,53604,0,5958378160.000,0,-,-,-,-,5352.6000,5352.4000,5352.2000,5350.8000,5350.6000,5352.8000,5353.6000,5354.2000,5354.8000,5355.0000,1,1,2,1,1,1,1,2,1,3
SF,IC2003,2020-01-03 11:07:35.400,5352.8000,53603,-1,5959448720.000,1,0,1,双平,B,5353.0000,5352.6000,5352.4000,5352.2000,5350.8000,5353.6000,5354.2000,5354.8000,5355.0000,5355.4000,1,1,1,2,1,1,2,1,3,1
SF,IC2003,2020-01-03 11:07:35.900,5352.8000,53603,0,5959448720.000,0,-,-,-,-,5352.6000,5352.4000,5352.2000,5350.8000,5350.6000,5353.6000,5354.2000,5354.8000,5355.0000,5355.4000,1,1,2,1,1,1,2,1,3,1
SF,IC2003,2020-01-03 11:07:36.400,5352.8000,53603,0,5959448720.000,0,-,-,-,-,5352.8000,5352.6000,5352.4000,5350.8000,5350.6000,5353.6000,5354.2000,5354.8000,5355.0000,5355.4000,2,1,1,1,1,1,2,1,3,1
SF,IC2003,2020-01-03 11:07:38.400,5352.8000,53603,0,5959448720.000,0,-,-,-,-,5352.8000,5352.6000,5352.4000,5350.8000,5350.6000,5353.6000,5354.2000,5354.8000,5355.0000,5355.4000,2,1,1,1,1,1,1,1,3,1
SF,IC2003,2020-01-03 11:07:38.900,5352.8000,53603,0,5959448720.000,0,-,-,-,-,5352.8000,5352.6000,5352.4000,5350.8000,5350.6000,5353.4000,5353.6000,5354.2000,5354.8000,5355.0000,2,1,1,1,1,1,1,1,1,3
SF,IC2003,2020-01-03 11:07:39.400,5353.4000,53603,0,5960519400.000,1,0,1,空换,B,5352.8000,5352.6000,5352.4000,5352.2000,5350.8000,5353.6000,5354.2000,5354.8000,5355.0000,5355.4000,2,1,1,1,1,1,1,1,3,1
SF,IC2003,2020-01-03 11:07:39.900,5353.6000,53604,1,5961590120.000,1,1,0,双开,B,5352.8000,5352.6000,5352.4000,5352.2000,5350.8000,5354.2000,5354.8000,5355.0000,5355.4000,5355.8000,2,1,1,1,1,1,1,3,1,2
SF,IC2003,2020-01-03 11:07:40.400,5353.6000,53604,0,5961590120.000,0,-,-,-,-,5353.2000,5353.0000,5352.8000,5352.6000,5352.4000,5354.2000,5354.8000,5355.0000,5355.4000,5355.8000,1,2,2,1,1,1,1,3,1,2
SF,IC2003,2020-01-03 11:07:40.900,5354.2000,53605,1,5962660960.000,1,1,0,双开,B,5354.4000,5354.2000,5353.4000,5353.0000,5352.6000,5354.8000,5355.0000,5355.4000,5355.8000,5356.0000,1,3,2,1,1,1,3,1,2,1
SF,IC2003,2020-01-03 11:07:41.400,5355.0000,53605,0,5964802920.000,2,1,1,空换,B,5353.4000,5353.0000,5352.6000,5352.4000,5352.2000,5355.0000,5355.4000,5355.8000,5356.0000,5357.0000,2,1,1,1,1,2,1,2,1,1
SF,IC2003,2020-01-03 11:07:41.900,5355.0000,53603,-2,5966944920.000,2,0,2,双平,B,5355.0000,5354.4000,5354.0000,5353.8000,5353.6000,5355.4000,5355.8000,5356.0000,5357.0000,5357.6000,2,3,1,1,3,1,2,1,1,1
SF,IC2003,2020-01-03 11:07:42.400,5355.4000,53602,-1,5969087080.000,2,0,2,空平,B,5355.0000,5353.8000,5353.6000,5353.4000,5353.0000,5355.8000,5356.0000,5357.0000,5357.6000,5358.0000,2,1,3,2,1,2,1,1,1,1
SF,IC2003,2020-01-03 11:07:42.900,5355.0000,53602,0,5971229080.000,2,1,1,空换,B,5353.8000,5353.6000,5353.4000,5353.0000,5352.6000,5355.8000,5356.0000,5357.0000,5357.6000,5358.0000,1,3,2,1,1,2,1,1,1,1
SF,IC2003,2020-01-03 11:07:43.400,5355.0000,53602,0,5971229080.000,0,-,-,-,-,5354.2000,5354.0000,5353.8000,5353.6000,5352.6000,5355.6000,5355.8000,5356.0000,5357.0000,5357.6000,2,4,1,1,1,2,2,1,1,1
SF,IC2003,2020-01-03 11:07:43.900,5355.0000,53602,0,5971229080.000,0,-,-,-,-,5354.4000,5354.2000,5353.8000,5353.6000,5352.6000,5355.6000,5355.8000,5356.0000,5357.0000,5357.6000,2,4,1,1,1,2,2,1,1,1
SF,IC2003,2020-01-03 11:07:44.400,5355.0000,53602,0,5971229080.000,0,-,-,-,-,5354.4000,5354.2000,5353.8000,5353.6000,5352.6000,5355.4000,5355.6000,5355.8000,5356.0000,5357.0000,2,4,1,1,1,2,2,2,1,1
SF,IC2003,2020-01-03 11:07:44.900,5355.0000,53602,0,5971229080.000,0,-,-,-,-,5354.2000,5353.8000,5353.6000,5352.2000,5350.6000,5355.2000,5355.4000,5355.6000,5355.8000,5356.0000,2,1,1,1,1,1,1,2,2,1
SF,IC2003,2020-01-03 11:07:45.900,5355.0000,53602,0,5971229080.000,0,-,-,-,-,5354.2000,5353.8000,5353.6000,5352.2000,5350.6000,5355.2000,5355.4000,5355.6000,5355.8000,5356.0000,1,1,1,1,1,1,1,2,2,1
SF,IC2003,2020-01-03 11:07:46.400,5355.0000,53601,-1,5972300080.000,1,0,1,双平,B,5354.2000,5353.8000,5353.6000,5352.2000,5350.6000,5355.0000,5355.2000,5355.4000,5355.8000,5356.0000,1,1,1,1,1,2,1,1,2,1
SF,IC2003,2020-01-03 11:07:46.900,5355.0000,53601,0,5972300080.000,0,-,-,-,-,5353.8000,5353.6000,5352.2000,5350.6000,5350.2000,5354.8000,5355.0000,5355.4000,5355.8000,5356.0000,1,1,1,1,2,1,2,1,2,1
SF,IC2003,2020-01-03 11:07:47.400,5355.0000,53601,0,5972300080.000,0,-,-,-,-,5354.0000,5353.8000,5353.6000,5352.2000,5350.6000,5354.8000,5355.4000,5355.8000,5356.0000,5357.0000,1,1,1,1,1,1,1,2,1,1
SF,IC2003,2020-01-03 11:07:47.900,5355.0000,53601,0,5972300080.000,0,-,-,-,-,5354.0000,5353.8000,5353.6000,5352.2000,5350.6000,5355.2000,5355.4000,5355.8000,5356.0000,5357.0000,1,1,1,1,1,1,1,2,1,1
SF,IC2003,2020-01-03 11:07:48.400,5355.0000,53601,0,5972300080.000,0,-,-,-,-,5354.0000,5353.8000,5353.6000,5352.2000,5350.6000,5355.0000,5355.2000,5355.4000,5355.8000,5356.0000,2,1,1,1,1,2,1,1,2,1
SF,IC2003,2020-01-03 11:07:48.900,5355.0000,53602,1,5975513080.000,3,2,1,多开,B,5354.0000,5353.8000,5353.6000,5352.2000,5350.6000,5355.4000,5355.8000,5356.0000,5357.0000,5357.6000,2,1,1,1,1,1,2,1,1,1
SF,IC2003,2020-01-03 11:07:49.400,5355.0000,53602,0,5975513080.000,0,-,-,-,-,5355.0000,5354.2000,5354.0000,5353.8000,5353.6000,5355.4000,5355.8000,5356.0000,5357.0000,5357.6000,1,2,2,1,1,1,3,1,1,1
SF,IC2003,2020-01-03 11:07:49.900,5355.0000,53603,1,5976584080.000,1,1,0,双开,B,5354.2000,5354.0000,5353.8000,5353.6000,5352.2000,5355.4000,5355.8000,5356.0000,5357.0000,5357.6000,2,2,1,1,1,1,3,1,1,1
SF,IC2003,2020-01-03 11:07:51.400,5355.0000,53603,0,5976584080.000,0,-,-,-,-,5354.4000,5354.2000,5354.0000,5353.8000,5352.2000,5354.6000,5355.8000,5356.0000,5357.0000,5357.6000,1,2,1,1,1,1,3,1,1,1
SF,IC2003,2020-01-03 11:07:51.900,5354.6000,53602,-1,5977655000.000,1,0,1,双平,B,5354.8000,5354.6000,5354.4000,5354.0000,5353.8000,5355.8000,5356.0000,5357.0000,5357.6000,5358.0000,1,2,1,1,1,3,1,1,1,1
SF,IC2003,2020-01-03 11:07:52.400,5354.8000,53602,0,5978725960.000,1,0,1,空换,B,5355.0000,5354.8000,5354.4000,5354.0000,5353.8000,5355.8000,5356.0000,5357.0000,5357.6000,5358.0000,1,1,1,1,1,3,1,1,1,1
SF,IC2003,2020-01-03 11:07:52.900,5355.8000,53602,0,5979797120.000,1,0,1,空换,B,5355.0000,5354.8000,5354.4000,5354.0000,5353.8000,5355.8000,5356.0000,5357.0000,5357.6000,5358.0000,1,1,1,1,1,2,1,1,1,1
SF,IC2003,2020-01-03 11:07:53.400,5355.8000,53602,0,5979797120.000,0,-,-,-,-,5355.2000,5355.0000,5354.8000,5354.4000,5354.0000,5355.8000,5356.0000,5357.0000,5357.6000,5358.0000,2,1,1,1,1,2,1,1,1,1
SF,IC2003,2020-01-03 11:07:53.900,5355.8000,53602,0,5981939440.000,2,1,1,空换,B,5355.2000,5355.0000,5354.8000,5354.4000,5354.0000,5356.0000,5357.0000,5357.6000,5358.0000,5358.8000,2,1,1,1,1,1,1,1,1,2
SF,IC2003,2020-01-03 11:07:55.400,5355.8000,53602,0,5981939440.000,0,-,-,-,-,5355.4000,5355.2000,5354.8000,5354.4000,5354.0000,5356.0000,5357.0000,5357.6000,5358.0000,5358.8000,1,2,1,1,1,1,1,1,1,2
SF,IC2003,2020-01-03 11:07:55.900,5355.8000,53602,0,5981939440.000,0,-,-,-,-,5355.6000,5355.4000,5354.8000,5354.4000,5354.0000,5356.0000,5357.0000,5357.6000,5358.0000,5358.8000,2,2,1,1,1,1,1,1,1,2
SF,IC2003,2020-01-03 11:07:56.400,5355.8000,53602,0,5981939440.000,0,-,-,-,-,5355.6000,5355.4000,5354.8000,5354.4000,5354.0000,5356.0000,5357.0000,5357.6000,5358.0000,5358.8000,3,1,1,1,1,1,1,1,1,2
SF,IC2003,2020-01-03 11:07:56.900,5356.0000,53603,1,5983010640.000,1,1,0,双开,B,5355.6000,5354.8000,5354.4000,5354.0000,5353.8000,5357.0000,5357.6000,5358.0000,5358.8000,5359.0000,3,1,1,1,1,1,1,1,2,4
SF,IC2003,2020-01-03 11:07:57.400,5356.0000,53603,0,5983010640.000,0,-,-,-,-,5355.6000,5354.8000,5354.4000,5354.0000,5353.8000,5356.8000,5357.0000,5357.6000,5358.0000,5358.8000,3,1,1,1,1,3,1,1,1,2
SF,IC2003,2020-01-03 11:07:58.400,5356.0000,53603,0,5983010640.000,0,-,-,-,-,5355.8000,5355.6000,5354.8000,5354.4000,5354.0000,5356.8000,5357.0000,5358.0000,5358.8000,5359.0000,1,2,1,1,1,3,1,1,2,4
SF,IC2003,2020-01-03 11:07:58.900,5356.8000,53604,1,5986224720.000,3,2,1,多开,B,5356.8000,5355.8000,5355.6000,5354.8000,5354.4000,5357.0000,5358.0000,5358.8000,5359.0000,5359.8000,6,1,2,1,1,1,1,2,4,1
SF,IC2003,2020-01-03 11:07:59.400,5356.8000,53608,4,5992652880.000,6,5,1,多开,B,5355.6000,5354.8000,5354.4000,5354.0000,5353.8000,5356.6000,5356.8000,5357.0000,5358.0000,5358.8000,2,1,1,1,1,2,2,1,1,2
SF,IC2003,2020-01-03 11:07:59.900,5356.8000,53608,0,5992652880.000,0,-,-,-,-,5355.8000,5355.6000,5354.8000,5354.4000,5354.0000,5356.8000,5357.0000,5358.0000,5358.8000,5359.0000,1,2,1,1,1,2,1,1,2,4
SF,IC2003,2020-01-03 11:08:00.400,5356.0000,53607,-1,5993724080.000,1,0,1,双平,B,5356.0000,5355.8000,5354.8000,5354.4000,5354.0000,5356.8000,5357.0000,5358.0000,5358.8000,5359.0000,1,1,1,1,1,2,1,1,2,4
SF,IC2003,2020-01-03 11:08:00.900,5356.0000,53607,0,5993724080.000,0,-,-,-,-,5355.8000,5354.8000,5354.4000,5354.0000,5353.8000,5356.8000,5357.0000,5358.0000,5358.8000,5359.0000,1,1,1,1,1,2,1,1,2,4
SF,IC2003,2020-01-03 11:08:01.400,5356.0000,53607,0,5993724080.000,0,-,-,-,-,5356.0000,5355.8000,5354.8000,5354.4000,5354.0000,5356.8000,5357.0000,5358.0000,5358.8000,5359.0000,2,1,1,1,1,2,1,1,2,4
SF,IC2003,2020-01-03 11:08:01.900,5356.0000,53607,0,5993724080.000,0,-,-,-,-,5356.6000,5356.0000,5355.8000,5354.8000,5354.4000,5356.8000,5357.0000,5358.0000,5358.8000,5359.0000,1,3,1,1,1,2,1,1,2,4
SF,IC2003,2020-01-03 11:08:02.400,5356.6000,53606,-1,5995866720.000,2,0,2,空平,B,5356.0000,5354.8000,5354.4000,5354.0000,5353.8000,5356.6000,5356.8000,5357.0000,5358.0000,5358.8000,2,1,1,1,1,3,1,1,1,2
SF,IC2003,2020-01-03 11:08:02.900,5356.6000,53606,0,5995866720.000,0,-,-,-,-,5354.8000,5354.4000,5354.0000,5353.8000,5353.4000,5356.0000,5356.4000,5356.6000,5357.0000,5358.0000,1,1,1,1,1,2,3,1,1,1
SF,IC2003,2020-01-03 11:08:03.400,5356.6000,53606,0,5995866720.000,0,-,-,-,-,5355.0000,5354.8000,5354.4000,5354.0000,5353.4000,5355.8000,5356.0000,5356.4000,5356.6000,5357.0000,5,1,1,1,1,2,2,1,1,1
SF,IC2003,2020-01-03 11:08:03.900,5356.6000,53606,0,5995866720.000,0,-,-,-,-,5355.0000,5354.8000,5354.0000,5353.4000,5352.2000,5355.8000,5356.0000,5356.4000,5356.6000,5357.0000,4,1,1,1,1,2,2,1,1,1
SF,IC2003,2020-01-03 11:08:04.400,5356.6000,53606,0,5995866720.000,0,-,-,-,-,5355.0000,5354.0000,5353.4000,5352.2000,5350.2000,5355.8000,5356.0000,5356.4000,5356.6000,5357.0000,4,1,1,1,2,2,2,1,1,1
SF,IC2003,2020-01-03 11:08:05.400,5356.6000,53606,0,5995866720.000,0,-,-,-,-,5355.0000,5354.0000,5353.4000,5352.2000,5350.2000,5355.8000,5356.0000,5356.4000,5356.6000,5357.0000,2,1,1,1,2,2,2,1,1,1
SF,IC2003,2020-01-03 11:08:05.900,5356.6000,53606,0,5995866720.000,0,-,-,-,-,5355.0000,5354.0000,5353.4000,5352.2000,5350.2000,5355.8000,5356.0000,5356.4000,5356.6000,5357.0000,2,1,1,1,2,2,2,1,1,1
SF,IC2003,2020-01-03 11:08:06.400,5356.6000,53606,0,5995866720.000,0,-,-,-,-,5354.0000,5353.4000,5352.2000,5350.2000,5350.0000,5355.8000,5356.0000,5356.4000,5356.6000,5357.0000,1,1,1,2,1,2,2,1,1,1
SF,IC2003,2020-01-03 11:08:06.900,5356.6000,53606,0,5995866720.000,0,-,-,-,-,5354.2000,5354.0000,5353.4000,5352.2000,5350.2000,5355.6000,5355.8000,5356.0000,5356.4000,5356.6000,5,1,1,1,2,3,2,2,1,1
SF,IC2003,2020-01-03 11:08:07.400,5356.6000,53606,0,5995866720.000,0,-,-,-,-,5354.4000,5354.2000,5353.4000,5352.2000,5350.2000,5355.4000,5355.6000,5355.8000,5356.0000,5356.4000,3,2,1,1,2,1,3,1,2,1
SF,IC2003,2020-01-03 11:08:07.900,5356.6000,53606,0,5995866720.000,0,-,-,-,-,5354.4000,5354.2000,5353.4000,5352.2000,5350.2000,5355.4000,5355.6000,5355.8000,5356.0000,5356.4000,3,2,1,1,2,1,1,1,2,1
SF,IC2003,2020-01-03 11:08:08.400,5356.6000,53606,0,5995866720.000,0,-,-,-,-,5354.4000,5354.2000,5353.4000,5352.2000,5350.2000,5355.4000,5355.6000,5355.8000,5356.0000,5356.4000,3,2,1,1,2,1,1,1,2,1
SF,IC2003,2020-01-03 11:08:08.900,5356.6000,53606,0,5995866720.000,0,-,-,-,-,5354.2000,5353.4000,5352.2000,5350.2000,5350.0000,5355.4000,5355.6000,5355.8000,5356.0000,5356.4000,2,1,1,2,1,1,1,1,2,1
SF,IC2003,2020-01-03 11:08:09.400,5356.6000,53606,0,5995866720.000,0,-,-,-,-,5354.2000,5353.4000,5352.2000,5350.2000,5350.0000,5355.4000,5355.6000,5355.8000,5356.0000,5356.4000,2,1,1,2,1,1,1,1,2,1
SF,IC2003,2020-01-03 11:08:09.900,5356.6000,53606,0,5995866720.000,0,-,-,-,-,5354.2000,5353.4000,5352.2000,5350.2000,5350.0000,5355.4000,5355.6000,5355.8000,5356.4000,5357.0000,2,1,1,2,1,1,1,1,1,1
SF,IC2003,2020-01-03 11:08:11.400,5356.6000,53606,0,5995866720.000,0,-,-,-,-,5355.0000,5354.2000,5353.4000,5352.2000,5350.2000,5355.4000,5355.6000,5355.8000,5356.4000,5357.0000,1,2,1,1,2,1,1,1,1,1
SF,IC2003,2020-01-03 11:08:11.900,5355.0000,53605,-1,5996937720.000,1,0,1,双平,B,5353.4000,5352.2000,5350.2000,5350.0000,5349.6000,5355.0000,5355.4000,5355.6000,5355.8000,5356.4000,1,1,2,1,1,2,1,1,1,1
SF,IC2003,2020-01-03 11:08:12.400,5355.0000,53605,0,5996937720.000,0,-,-,-,-,5353.6000,5353.4000,5352.2000,5350.2000,5350.0000,5354.8000,5355.0000,5356.4000,5357.0000,5358.0000,5,1,1,2,1,2,2,1,1,1
SF,IC2003,2020-01-03 11:08:12.900,5355.0000,53605,0,5996937720.000,0,-,-,-,-,5353.8000,5353.6000,5352.2000,5350.2000,5350.0000,5354.6000,5354.8000,5355.0000,5357.0000,5358.0000,3,2,1,2,1,1,2,2,1,1
SF,IC2003,2020-01-03 11:08:13.400,5355.0000,53605,0,5996937720.000,0,-,-,-,-,5353.6000,5352.2000,5350.2000,5350.0000,5349.6000,5354.4000,5354.6000,5355.0000,5357.0000,5358.0000,2,1,2,1,1,3,1,2,1,1
SF,IC2003,2020-01-03 11:08:13.900,5355.0000,53605,0,5996937720.000,0,-,-,-,-,5353.6000,5352.2000,5350.2000,5350.0000,5349.6000,5354.4000,5355.0000,5357.0000,5358.0000,5358.8000,2,1,2,1,1,3,2,1,1,2
SF,IC2003,2020-01-03 11:08:14.400,5355.0000,53605,0,5996937720.000,0,-,-,-,-,5353.6000,5352.2000,5350.2000,5350.0000,5349.6000,5354.4000,5355.0000,5355.2000,5357.0000,5358.0000,2,1,2,1,1,3,2,1,1,1
SF,IC2003,2020-01-03 11:08:15.900,5355.0000,53605,0,5996937720.000,0,-,-,-,-,5353.6000,5352.2000,5350.2000,5350.0000,5349.6000,5354.4000,5355.0000,5355.2000,5357.0000,5358.0000,2,1,2,1,1,3,5,1,1,1
SF,IC2003,2020-01-03 11:08:16.400,5353.6000,53603,-2,5999079160.000,2,0,2,双平,B,5352.2000,5350.2000,5350.0000,5349.6000,5349.0000,5353.6000,5354.4000,5355.0000,5355.2000,5357.0000,1,2,1,1,1,3,3,5,1,1
SF,IC2003,2020-01-03 11:08:16.900,5353.6000,53603,0,5999079160.000,0,-,-,-,-,5352.8000,5352.6000,5352.4000,5352.2000,5350.2000,5353.4000,5353.6000,5354.4000,5355.0000,5355.2000,1,2,5,1,2,2,3,1,5,1
SF,IC2003,2020-01-03 11:08:17.400,5353.6000,53602,-1,6002291240.000,3,1,2,空平,B,5353.4000,5353.0000,5352.6000,5352.4000,5352.2000,5353.6000,5354.4000,5355.0000,5355.2000,5357.0000,1,3,1,2,1,2,1,5,1,1
SF,IC2003,2020-01-03 11:08:17.900,5353.6000,53601,-1,6004432680.000,2,0,2,空平,B,5353.0000,5352.6000,5352.4000,5352.2000,5350.2000,5354.4000,5355.0000,5355.2000,5357.0000,5358.0000,3,1,2,1,2,1,4,1,1,1
SF,IC2003,2020-01-03 11:08:19.900,5353.6000,53601,0,6004432680.000,0,-,-,-,-,5353.0000,5352.6000,5352.4000,5352.2000,5350.2000,5354.4000,5355.0000,5355.2000,5357.0000,5358.0000,3,1,2,1,2,1,3,1,1,2
SF,IC2003,2020-01-03 11:08:20.400,5353.6000,53601,0,6004432680.000,0,-,-,-,-,5353.0000,5352.6000,5352.4000,5352.2000,5350.2000,5354.2000,5354.4000,5355.0000,5355.2000,5357.0000,2,1,2,2,2,3,1,3,1,1
SF,IC2003,2020-01-03 11:08:20.900,5353.6000,53601,0,6004432680.000,0,-,-,-,-,5352.6000,5352.4000,5352.2000,5350.2000,5350.0000,5354.2000,5354.4000,5355.0000,5355.2000,5357.0000,1,2,2,2,1,3,1,3,1,1
SF,IC2003,2020-01-03 11:08:21.400,5353.6000,53601,0,6004432680.000,0,-,-,-,-,5352.4000,5352.2000,5350.2000,5350.0000,5349.6000,5354.0000,5354.2000,5354.4000,5355.0000,5355.2000,2,2,2,1,1,1,3,1,3,1
SF,IC2003,2020-01-03 11:08:21.900,5353.6000,53601,0,6004432680.000,0,-,-,-,-,5352.2000,5350.2000,5350.0000,5349.6000,5349.0000,5353.4000,5353.8000,5354.0000,5354.4000,5354.8000,2,2,1,1,1,1,3,1,1,4
SF,IC2003,2020-01-03 11:08:22.400,5352.2000,53600,-1,6005503120.000,1,0,1,双平,B,5352.2000,5350.2000,5350.0000,5349.6000,5349.0000,5352.8000,5353.2000,5353.8000,5354.0000,5354.4000,1,2,1,1,1,1,2,1,1,1
SF,IC2003,2020-01-03 11:08:22.900,5352.2000,53600,0,6006573560.000,1,0,1,空换,B,5350.2000,5350.0000,5349.6000,5349.0000,5348.6000,5352.8000,5353.2000,5353.8000,5354.0000,5354.4000,2,1,1,1,1,1,2,1,1,1
SF,IC2003,2020-01-03 11:08:23.400,5352.2000,53600,0,6006573560.000,0,-,-,-,-,5350.6000,5350.4000,5350.2000,5350.0000,5349.6000,5352.2000,5352.6000,5354.0000,5354.8000,5355.0000,2,4,2,1,1,1,3,1,4,3
SF,IC2003,2020-01-03 11:08:23.900,5352.2000,53600,0,6006573560.000,0,-,-,-,-,5350.8000,5350.4000,5350.2000,5350.0000,5349.6000,5352.2000,5352.6000,5354.0000,5354.8000,5355.0000,5,1,2,1,1,1,3,1,4,3
SF,IC2003,2020-01-03 11:08:24.400,5352.2000,53600,0,6006573560.000,0,-,-,-,-,5351.0000,5350.8000,5350.4000,5350.2000,5350.0000,5352.2000,5352.6000,5354.8000,5357.0000,5358.0000,1,4,1,2,1,1,3,4,1,2
SF,IC2003,2020-01-03 11:08:24.900,5352.2000,53600,0,6006573560.000,0,-,-,-,-,5351.2000,5350.8000,5350.4000,5350.2000,5350.0000,5352.2000,5352.6000,5354.8000,5357.0000,5358.0000,3,1,1,2,1,1,2,4,1,2
SF,IC2003,2020-01-03 11:08:25.400,5352.2000,53600,0,6006573560.000,0,-,-,-,-,5351.2000,5350.8000,5350.4000,5350.2000,5350.0000,5352.2000,5352.6000,5354.8000,5357.0000,5358.0000,4,1,1,2,1,1,2,4,1,2
SF,IC2003,2020-01-03 11:08:25.900,5352.2000,53601,1,6007644000.000,1,1,0,双开,B,5351.2000,5350.8000,5350.4000,5350.2000,5350.0000,5352.6000,5354.8000,5357.0000,5358.0000,5358.8000,3,1,1,2,1,2,4,1,2,2
SF,IC2003,2020-01-03 11:08:26.400,5351.2000,53599,-2,6009784480.000,2,0,2,双平,B,5351.2000,5350.8000,5350.4000,5350.2000,5350.0000,5352.6000,5354.8000,5357.0000,5358.0000,5358.8000,1,1,1,2,1,2,4,1,2,2
SF,IC2003,2020-01-03 11:08:27.400,5351.2000,53599,0,6009784480.000,0,-,-,-,-,5351.2000,5350.8000,5350.4000,5350.2000,5350.0000,5352.4000,5352.6000,5354.8000,5357.0000,5358.0000,1,1,1,2,1,2,2,4,1,2
SF,IC2003,2020-01-03 11:08:27.900,5351.2000,53599,0,6009784480.000,0,-,-,-,-,5351.2000,5350.4000,5350.2000,5350.0000,5349.6000,5352.2000,5352.4000,5354.8000,5357.0000,5358.0000,1,1,2,1,1,3,2,4,1,2
SF,IC2003,2020-01-03 11:08:28.400,5351.2000,53599,0,6009784480.000,0,-,-,-,-,5351.2000,5350.4000,5350.2000,5350.0000,5349.6000,5352.2000,5352.4000,5354.8000,5357.0000,5358.0000,1,1,2,1,1,3,2,4,1,2
SF,IC2003,2020-01-03 11:08:29.400,5351.2000,53599,0,6009784480.000,0,-,-,-,-,5350.4000,5350.2000,5350.0000,5349.6000,5349.0000,5352.2000,5352.4000,5354.8000,5357.0000,5358.0000,1,2,1,1,1,3,2,4,1,2
SF,IC2003,2020-01-03 11:08:29.900,5351.2000,53599,0,6009784480.000,0,-,-,-,-,5350.6000,5350.4000,5350.2000,5350.0000,5349.6000,5352.2000,5352.4000,5354.8000,5357.0000,5358.0000,3,1,2,1,1,3,2,4,1,2
SF,IC2003,2020-01-03 11:08:30.900,5351.2000,53599,0,6009784480.000,0,-,-,-,-,5350.6000,5350.4000,5350.2000,5350.0000,5349.6000,5352.2000,5352.4000,5354.0000,5354.8000,5357.0000,3,1,2,1,1,3,2,1,4,1
SF,IC2003,2020-01-03 11:08:31.400,5351.2000,53599,0,6009784480.000,0,-,-,-,-,5350.8000,5350.6000,5350.4000,5350.2000,5350.0000,5352.2000,5352.4000,5354.0000,5354.8000,5357.0000,2,2,1,2,1,2,2,1,4,1
SF,IC2003,2020-01-03 11:08:31.900,5351.2000,53599,0,6009784480.000,0,-,-,-,-,5350.8000,5350.4000,5350.2000,5350.0000,5349.6000,5352.2000,5352.4000,5354.0000,5354.8000,5357.0000,2,1,2,1,1,2,2,1,4,1
SF,IC2003,2020-01-03 11:08:32.400,5351.2000,53599,0,6009784480.000,0,-,-,-,-,5350.8000,5350.4000,5350.2000,5350.0000,5349.6000,5352.2000,5352.4000,5354.0000,5354.8000,5357.0000,1,1,2,1,1,2,2,1,4,1
SF,IC2003,2020-01-03 11:08:32.900,5351.2000,53599,0,6009784480.000,0,-,-,-,-,5350.4000,5350.2000,5350.0000,5349.6000,5349.0000,5352.2000,5352.4000,5354.0000,5354.8000,5357.0000,1,2,1,1,1,2,2,1,4,1
SF,IC2003,2020-01-03 11:08:33.900,5351.2000,53599,0,6009784480.000,0,-,-,-,-,5350.4000,5350.2000,5350.0000,5349.6000,5349.0000,5352.2000,5352.4000,5354.0000,5354.8000,5357.0000,1,2,1,1,1,5,2,1,4,1
SF,IC2003,2020-01-03 11:08:34.400,5351.2000,53599,0,6009784480.000,0,-,-,-,-,5350.6000,5350.4000,5350.2000,5350.0000,5349.6000,5352.2000,5352.4000,5354.0000,5354.8000,5357.0000,3,1,2,1,1,5,2,1,4,1
SF,IC2003,2020-01-03 11:08:34.900,5351.2000,53599,0,6009784480.000,0,-,-,-,-,5350.6000,5350.4000,5350.2000,5350.0000,5349.6000,5352.2000,5352.4000,5354.0000,5354.8000,5357.0000,1,1,2,1,1,5,2,1,4,1
SF,IC2003,2020-01-03 11:08:35.900,5351.2000,53599,0,6009784480.000,0,-,-,-,-,5350.8000,5350.6000,5350.4000,5350.2000,5350.0000,5352.2000,5352.4000,5354.0000,5354.8000,5357.0000,1,1,1,2,1,5,2,1,4,1
SF,IC2003,2020-01-03 11:08:36.400,5351.2000,53599,0,6009784480.000,0,-,-,-,-,5351.0000,5350.8000,5350.4000,5350.2000,5350.0000,5352.2000,5352.4000,5354.0000,5354.8000,5357.0000,3,1,1,2,1,3,2,1,4,1
SF,IC2003,2020-01-03 11:08:36.900,5351.2000,53598,-1,6010854720.000,1,0,1,双平,B,5351.2000,5351.0000,5350.8000,5350.4000,5350.2000,5352.2000,5352.4000,5354.0000,5354.8000,5357.0000,1,2,1,1,2,3,2,1,4,1
SF,IC2003,2020-01-03 11:08:37.400,5351.2000,53598,0,6010854720.000,0,-,-,-,-,5351.4000,5351.2000,5351.0000,5350.8000,5350.4000,5352.2000,5352.4000,5354.0000,5354.8000,5357.0000,1,1,2,1,1,3,2,1,4,1
SF,IC2003,2020-01-03 11:08:37.900,5351.2000,53598,0,6010854720.000,0,-,-,-,-,5351.6000,5351.4000,5351.0000,5350.8000,5350.4000,5352.2000,5352.4000,5354.0000,5354.8000,5357.0000,1,2,2,1,1,3,2,1,4,1
SF,IC2003,2020-01-03 11:08:39.400,5351.2000,53598,0,6010854720.000,0,-,-,-,-,5351.8000,5351.6000,5351.0000,5350.8000,5350.4000,5352.2000,5352.4000,5354.0000,5354.8000,5357.0000,1,1,2,1,1,3,2,1,4,1
SF,IC2003,2020-01-03 11:08:39.900,5351.8000,53598,0,6011925080.000,1,0,1,空换,B,5351.6000,5351.0000,5350.4000,5350.2000,5350.0000,5352.2000,5352.4000,5354.0000,5354.8000,5357.0000,1,2,1,2,1,3,2,1,4,1
SF,IC2003,2020-01-03 11:08:40.400,5351.8000,53598,0,6011925080.000,0,-,-,-,-,5351.0000,5350.4000,5350.2000,5350.0000,5349.6000,5352.2000,5352.4000,5354.0000,5354.8000,5357.0000,2,1,2,1,1,3,2,1,4,1
SF,IC2003,2020-01-03 11:08:40.900,5351.8000,53598,0,6011925080.000,0,-,-,-,-,5351.2000,5351.0000,5350.4000,5350.2000,5350.0000,5352.2000,5352.4000,5354.0000,5354.8000,5357.0000,2,2,1,2,1,3,2,1,4,1
SF,IC2003,2020-01-03 11:08:41.400,5351.8000,53598,0,6011925080.000,0,-,-,-,-,5351.4000,5351.2000,5351.0000,5350.4000,5350.2000,5352.2000,5352.4000,5354.0000,5354.8000,5357.0000,1,2,2,1,2,3,2,1,4,1
SF,IC2003,2020-01-03 11:08:41.900,5351.4000,53597,-1,6012995360.000,1,0,1,双平,B,5351.2000,5351.0000,5350.4000,5350.2000,5350.0000,5352.2000,5352.4000,5354.0000,5354.8000,5357.0000,2,2,1,2,1,3,2,1,4,1
SF,IC2003,2020-01-03 11:08:42.400,5351.4000,53597,0,6012995360.000,0,-,-,-,-,5351.2000,5350.4000,5350.2000,5350.0000,5349.6000,5352.0000,5352.2000,5352.4000,5354.0000,5354.8000,1,1,2,1,1,2,3,2,1,4
SF,IC2003,2020-01-03 11:08:42.900,5351.4000,53597,0,6012995360.000,0,-,-,-,-,5351.2000,5350.2000,5350.0000,5349.6000,5349.0000,5352.0000,5352.2000,5352.4000,5354.0000,5354.8000,1,2,1,1,1,2,3,2,1,4
SF,IC2003,2020-01-03 11:08:43.400,5351.4000,53597,0,6012995360.000,0,-,-,-,-,5351.4000,5351.2000,5350.2000,5350.0000,5349.6000,5352.0000,5352.2000,5352.4000,5354.0000,5354.8000,1,1,2,1,1,2,3,2,1,4
SF,IC2003,2020-01-03 11:08:45.400,5351.4000,53597,0,6012995360.000,0,-,-,-,-,5351.4000,5350.2000,5350.0000,5349.6000,5349.0000,5352.0000,5352.2000,5352.4000,5354.0000,5354.8000,1,2,1,1,1,2,3,2,1,4
SF,IC2003,2020-01-03 11:08:49.400,5351.4000,53598,1,6014065640.000,1,1,0,双开,B,5350.2000,5350.0000,5349.6000,5349.0000,5348.6000,5352.0000,5352.2000,5352.4000,5354.0000,5354.8000,2,1,1,1,1,2,3,2,1,4
SF,IC2003,2020-01-03 11:08:49.900,5351.4000,53598,0,6014065640.000,0,-,-,-,-,5350.6000,5350.2000,5350.0000,5349.6000,5349.0000,5352.0000,5352.2000,5352.4000,5354.0000,5354.8000,2,2,1,1,1,2,3,2,1,4
SF,IC2003,2020-01-03 11:08:50.400,5351.4000,53598,0,6014065640.000,0,-,-,-,-,5350.2000,5350.0000,5349.6000,5349.0000,5348.6000,5352.0000,5352.2000,5352.4000,5354.0000,5354.8000,2,1,1,1,1,2,3,2,1,4
SF,IC2003,2020-01-03 11:08:50.900,5351.4000,53598,0,6014065640.000,0,-,-,-,-,5350.4000,5350.2000,5350.0000,5349.6000,5349.0000,5352.0000,5352.2000,5352.4000,5354.0000,5354.8000,2,2,1,1,1,2,3,2,1,4
SF,IC2003,2020-01-03 11:08:52.900,5351.4000,53598,0,6014065640.000,0,-,-,-,-,5350.6000,5350.4000,5350.2000,5350.0000,5349.6000,5352.0000,5352.2000,5352.4000,5354.0000,5354.8000,1,2,2,1,1,2,3,2,1,4
SF,IC2003,2020-01-03 11:08:53.400,5351.4000,53598,0,6014065640.000,0,-,-,-,-,5350.8000,5350.6000,5350.2000,5350.0000,5349.6000,5352.0000,5352.2000,5352.4000,5354.0000,5354.8000,3,1,2,1,1,2,3,2,1,4
SF,IC2003,2020-01-03 11:08:53.900,5351.4000,53598,0,6014065640.000,0,-,-,-,-,5351.4000,5350.8000,5350.6000,5350.2000,5350.0000,5352.0000,5352.2000,5352.4000,5354.0000,5354.8000,1,3,1,2,1,2,3,2,1,4
SF,IC2003,2020-01-03 11:08:54.400,5351.4000,53598,0,6014065640.000,0,-,-,-,-,5351.4000,5350.8000,5350.6000,5350.2000,5350.0000,5352.0000,5352.2000,5352.4000,5354.0000,5354.8000,1,1,1,2,1,2,3,2,1,4
SF,IC2003,2020-01-03 11:08:54.900,5351.4000,53598,0,6014065640.000,0,-,-,-,-,5351.4000,5350.6000,5350.2000,5350.0000,5349.6000,5352.0000,5352.2000,5352.4000,5354.0000,5354.8000,1,1,2,2,1,2,3,2,1,4
SF,IC2003,2020-01-03 11:08:55.900,5351.4000,53598,0,6014065640.000,0,-,-,-,-,5351.4000,5350.6000,5350.2000,5350.0000,5349.6000,5352.0000,5352.2000,5352.4000,5354.0000,5357.0000,1,1,2,2,1,6,3,2,1,1
SF,IC2003,2020-01-03 11:08:56.400,5351.4000,53596,-2,6016206200.000,2,0,2,双平,B,5350.6000,5350.2000,5350.0000,5349.6000,5349.0000,5352.0000,5352.2000,5352.4000,5354.0000,5357.0000,1,2,2,1,1,6,3,2,1,1
SF,IC2003,2020-01-03 11:08:56.900,5351.4000,53596,0,6016206200.000,0,-,-,-,-,5350.2000,5350.0000,5349.6000,5349.0000,5348.6000,5351.8000,5352.0000,5352.2000,5352.4000,5354.0000,2,2,1,1,1,1,6,3,2,1
SF,IC2003,2020-01-03 11:08:57.400,5351.4000,53596,0,6016206200.000,0,-,-,-,-,5350.4000,5350.2000,5350.0000,5349.6000,5349.0000,5351.6000,5351.8000,5352.0000,5352.2000,5352.4000,3,2,1,1,1,2,1,4,3,2
SF,IC2003,2020-01-03 11:08:57.900,5351.4000,53596,0,6016206200.000,0,-,-,-,-,5350.4000,5350.2000,5350.0000,5349.6000,5349.0000,5351.8000,5352.0000,5352.2000,5352.4000,5354.0000,3,2,1,1,1,1,4,3,2,1
SF,IC2003,2020-01-03 11:08:58.400,5351.4000,53596,0,6016206200.000,0,-,-,-,-,5350.4000,5350.2000,5350.0000,5349.6000,5349.0000,5351.6000,5351.8000,5352.0000,5352.4000,5354.0000,3,2,1,1,1,2,1,4,2,1
SF,IC2003,2020-01-03 11:08:59.900,5351.4000,53596,0,6016206200.000,0,-,-,-,-,5350.6000,5350.4000,5350.2000,5350.0000,5349.6000,5351.6000,5351.8000,5352.0000,5352.4000,5354.0000,1,3,2,1,1,2,1,4,2,1
SF,IC2003,2020-01-03 11:09:00.400,5351.4000,53596,0,6016206200.000,0,-,-,-,-,5350.6000,5350.4000,5350.2000,5350.0000,5349.6000,5351.6000,5351.8000,5352.0000,5352.4000,5354.0000,1,1,2,1,1,2,1,4,2,1
SF,IC2003,2020-01-03 11:09:00.900,5351.4000,53596,0,6016206200.000,0,-,-,-,-,5350.6000,5350.4000,5350.2000,5350.0000,5349.6000,5351.6000,5352.0000,5352.4000,5354.0000,5357.0000,1,2,2,1,1,2,4,2,1,1
SF,IC2003,2020-01-03 11:09:01.400,5351.4000,53596,0,6016206200.000,0,-,-,-,-,5350.4000,5350.2000,5350.0000,5349.6000,5349.0000,5351.6000,5352.0000,5352.4000,5354.0000,5357.0000,2,2,1,1,1,2,4,2,1,1
SF,IC2003,2020-01-03 11:09:02.400,5351.4000,53596,0,6016206200.000,0,-,-,-,-,5350.4000,5350.2000,5350.0000,5349.6000,5349.0000,5351.6000,5352.0000,5352.4000,5354.0000,5357.0000,2,2,1,1,1,3,4,2,1,1
SF,IC2003,2020-01-03 11:09:03.400,5351.4000,53596,0,6016206200.000,0,-,-,-,-,5350.4000,5350.2000,5350.0000,5349.6000,5349.0000,5351.6000,5352.0000,5352.4000,5354.0000,5357.0000,4,2,1,1,1,3,4,2,1,1
SF,IC2003,2020-01-03 11:09:03.900,5351.4000,53596,0,6016206200.000,0,-,-,-,-,5350.6000,5350.4000,5350.2000,5350.0000,5349.6000,5351.6000,5352.0000,5352.4000,5354.0000,5357.0000,1,3,2,1,1,3,4,2,1,1
SF,IC2003,2020-01-03 11:09:06.400,5350.6000,53595,-1,6017276320.000,1,0,1,双平,B,5350.4000,5350.2000,5350.0000,5349.6000,5349.0000,5351.6000,5352.0000,5352.4000,5354.0000,5357.0000,3,2,1,1,1,3,4,2,1,1
SF,IC2003,2020-01-03 11:09:10.400,5350.6000,53595,0,6017276320.000,0,-,-,-,-,5350.4000,5350.2000,5350.0000,5349.6000,5349.0000,5351.6000,5352.0000,5352.4000,5354.0000,5357.0000,2,2,1,1,1,3,4,2,1,1
SF,IC2003,2020-01-03 11:09:11.900,5350.6000,53595,0,6017276320.000,0,-,-,-,-,5350.4000,5350.2000,5350.0000,5349.6000,5349.0000,5351.4000,5351.6000,5352.0000,5352.4000,5354.0000,2,2,1,1,1,1,3,4,2,1
SF,IC2003,2020-01-03 11:09:12.400,5350.4000,53596,1,6019416480.000,2,1,1,多开,B,5350.2000,5350.0000,5349.6000,5349.0000,5348.6000,5351.2000,5351.4000,5351.6000,5352.0000,5352.4000,2,1,1,1,1,2,1,1,4,2
SF,IC2003,2020-01-03 11:09:12.900,5350.2000,53597,1,6020486520.000,1,1,0,双开,B,5350.2000,5350.0000,5349.6000,5349.0000,5348.6000,5351.0000,5351.2000,5351.4000,5351.6000,5352.0000,1,1,1,1,1,1,2,1,1,4
SF,IC2003,2020-01-03 11:09:13.400,5350.0000,53597,0,6022626560.000,2,1,1,空换,B,5349.6000,5349.0000,5348.6000,5348.2000,5348.0000,5350.8000,5351.0000,5351.4000,5351.6000,5352.0000,1,1,1,1,1,2,1,1,1,4
SF,IC2003,2020-01-03 11:09:13.900,5350.0000,53597,0,6022626560.000,0,-,-,-,-,5349.6000,5349.0000,5348.6000,5348.2000,5348.0000,5350.6000,5350.8000,5351.0000,5351.6000,5352.0000,1,1,1,1,1,2,2,1,1,4
SF,IC2003,2020-01-03 11:09:14.400,5350.0000,53597,0,6022626560.000,0,-,-,-,-,5350.2000,5349.6000,5349.0000,5348.6000,5348.2000,5350.4000,5350.6000,5351.0000,5351.6000,5352.0000,1,1,1,1,1,3,2,2,1,4
SF,IC2003,2020-01-03 11:09:14.900,5350.2000,53597,0,6023696600.000,1,0,1,空换,B,5349.6000,5349.0000,5348.6000,5348.2000,5348.0000,5350.0000,5350.2000,5350.4000,5350.6000,5351.0000,1,1,1,1,1,3,8,1,2,2
SF,IC2003,2020-01-03 11:09:15.400,5350.2000,53597,0,6023696600.000,0,-,-,-,-,5349.6000,5349.0000,5348.6000,5348.2000,5348.0000,5350.0000,5350.2000,5350.4000,5350.6000,5351.0000,1,1,1,1,1,1,6,1,2,2
SF,IC2003,2020-01-03 11:09:15.900,5349.6000,53597,0,6024766520.000,1,0,1,空换,B,5349.0000,5348.6000,5348.2000,5348.0000,5347.8000,5350.0000,5350.2000,5350.4000,5350.6000,5351.0000,1,1,1,1,1,1,5,1,2,2
SF,IC2003,2020-01-03 11:09:16.400,5349.6000,53597,0,6024766520.000,0,-,-,-,-,5349.0000,5348.6000,5348.2000,5348.0000,5347.8000,5350.2000,5350.4000,5350.6000,5351.0000,5351.6000,1,1,1,1,1,5,1,2,2,1
SF,IC2003,2020-01-03 11:09:16.900,5349.6000,53597,0,6024766520.000,0,-,-,-,-,5349.0000,5348.6000,5348.2000,5348.0000,5347.8000,5350.0000,5350.2000,5350.4000,5350.6000,5351.0000,1,1,1,1,1,2,5,1,1,2
SF,IC2003,2020-01-03 11:09:17.900,5349.0000,53598,1,6025836320.000,1,1,0,双开,B,5348.6000,5348.2000,5348.0000,5347.8000,5346.8000,5349.0000,5350.0000,5350.2000,5350.4000,5350.6000,1,1,1,1,1,2,2,5,1,1
SF,IC2003,2020-01-03 11:09:18.400,5349.0000,53600,2,6027975920.000,2,2,0,双开,B,5349.0000,5348.8000,5348.6000,5348.2000,5348.0000,5350.0000,5350.2000,5350.4000,5350.6000,5351.0000,2,1,1,1,1,2,2,1,1,2
SF,IC2003,2020-01-03 11:09:18.900,5350.0000,53599,-1,6029045920.000,1,0,1,双平,B,5349.0000,5348.6000,5348.2000,5348.0000,5347.8000,5350.0000,5350.2000,5350.4000,5351.0000,5351.4000,1,1,1,1,1,1,2,1,2,2
SF,IC2003,2020-01-03 11:09:19.400,5350.0000,53599,0,6029045920.000,0,-,-,-,-,5349.2000,5349.0000,5348.6000,5348.2000,5348.0000,5350.2000,5350.4000,5351.0000,5351.4000,5351.6000,4,1,1,1,1,2,1,2,2,1
SF,IC2003,2020-01-03 11:09:19.900,5350.4000,53598,-1,6032256080.000,3,1,2,空平,B,5350.2000,5350.0000,5349.8000,5349.6000,5349.4000,5351.0000,5351.4000,5351.6000,5352.0000,5352.4000,1,1,1,1,1,2,2,1,4,2
SF,IC2003,2020-01-03 11:09:20.400,5350.4000,53598,0,6032256080.000,0,-,-,-,-,5350.4000,5349.6000,5349.4000,5349.2000,5348.6000,5351.0000,5351.4000,5351.6000,5352.0000,5352.4000,1,1,1,4,1,1,2,1,4,2
SF,IC2003,2020-01-03 11:09:20.900,5350.4000,53598,0,6033326160.000,1,0,1,空换,B,5350.0000,5349.6000,5349.4000,5349.2000,5348.6000,5351.0000,5351.4000,5351.6000,5352.0000,5352.4000,1,1,1,3,1,1,2,1,4,2
SF,IC2003,2020-01-03 11:09:21.400,5350.4000,53598,0,6033326160.000,0,-,-,-,-,5350.0000,5349.2000,5348.6000,5348.2000,5348.0000,5350.8000,5351.0000,5351.4000,5351.6000,5352.0000,1,1,1,1,1,2,1,2,1,4
SF,IC2003,2020-01-03 11:09:21.900,5350.0000,53598,0,6034396160.000,1,0,1,空换,B,5348.6000,5348.2000,5348.0000,5347.8000,5346.8000,5350.8000,5351.0000,5351.4000,5351.6000,5352.0000,1,1,1,1,1,2,1,2,1,4
SF,IC2003,2020-01-03 11:09:22.400,5350.0000,53598,0,6034396160.000,0,-,-,-,-,5348.8000,5348.6000,5348.2000,5348.0000,5347.8000,5350.8000,5351.0000,5351.4000,5351.6000,5352.0000,2,1,1,1,1,2,1,2,1,4
SF,IC2003,2020-01-03 11:09:24.900,5350.0000,53598,0,6034396160.000,0,-,-,-,-,5349.0000,5348.8000,5348.6000,5348.2000,5348.0000,5350.8000,5351.0000,5351.4000,5351.6000,5352.0000,4,2,1,1,1,2,1,2,1,4
SF,IC2003,2020-01-03 11:09:25.400,5350.0000,53598,0,6034396160.000,0,-,-,-,-,5349.2000,5349.0000,5348.6000,5348.2000,5348.0000,5350.8000,5351.0000,5351.4000,5351.6000,5352.0000,2,2,1,1,1,2,1,2,1,4
SF,IC2003,2020-01-03 11:09:28.400,5350.0000,53598,0,6034396160.000,0,-,-,-,-,5349.4000,5349.2000,5349.0000,5348.6000,5348.2000,5350.8000,5351.0000,5351.4000,5351.6000,5352.0000,1,2,2,1,1,2,1,2,1,4
SF,IC2003,2020-01-03 11:09:28.900,5350.0000,53598,0,6034396160.000,0,-,-,-,-,5349.4000,5349.2000,5349.0000,5348.6000,5348.2000,5350.8000,5351.0000,5351.4000,5351.6000,5352.0000,1,2,1,1,1,2,1,2,1,4
SF,IC2003,2020-01-03 11:09:29.400,5350.0000,53598,0,6034396160.000,0,-,-,-,-,5350.0000,5349.6000,5349.4000,5349.0000,5348.6000,5350.8000,5351.0000,5351.4000,5351.6000,5352.0000,1,2,1,1,1,2,1,2,1,4
SF,IC2003,2020-01-03 11:09:29.900,5350.0000,53598,0,6034396160.000,0,-,-,-,-,5349.8000,5349.4000,5349.0000,5348.6000,5348.2000,5350.8000,5351.0000,5351.4000,5351.6000,5352.0000,1,1,1,1,1,2,1,2,1,4
SF,IC2003,2020-01-03 11:09:30.400,5350.0000,53598,0,6034396160.000,0,-,-,-,-,5349.4000,5349.0000,5348.6000,5348.2000,5348.0000,5350.8000,5351.0000,5351.4000,5351.6000,5352.0000,1,1,1,1,1,2,1,2,1,4
SF,IC2003,2020-01-03 11:09:30.900,5350.0000,53598,0,6034396160.000,0,-,-,-,-,5350.0000,5349.4000,5349.0000,5348.6000,5348.2000,5350.8000,5351.0000,5351.4000,5351.6000,5352.0000,1,1,1,1,1,2,1,2,1,4
SF,IC2003,2020-01-03 11:09:33.900,5350.0000,53598,0,6035466160.000,1,0,1,空换,B,5349.4000,5349.0000,5348.6000,5348.2000,5348.0000,5350.8000,5351.0000,5351.4000,5351.6000,5352.0000,1,1,1,1,1,2,1,2,1,4
SF,IC2003,2020-01-03 11:09:35.400,5350.0000,53598,0,6035466160.000,0,-,-,-,-,5349.4000,5349.0000,5348.6000,5348.2000,5348.0000,5350.8000,5351.4000,5351.6000,5352.0000,5352.4000,2,1,1,1,1,3,2,1,4,2
SF,IC2003,2020-01-03 11:09:35.900,5350.0000,53598,0,6035466160.000,0,-,-,-,-,5349.6000,5349.4000,5349.0000,5348.6000,5348.2000,5350.8000,5351.4000,5351.6000,5352.0000,5352.4000,2,2,1,1,1,3,2,1,4,2
SF,IC2003,2020-01-03 11:09:36.400,5350.0000,53598,0,6035466160.000,0,-,-,-,-,5349.8000,5349.6000,5349.4000,5349.0000,5348.6000,5350.8000,5351.4000,5351.6000,5352.0000,5352.4000,1,2,1,1,1,1,2,1,4,2
SF,IC2003,2020-01-03 11:09:36.900,5350.0000,53598,0,6035466160.000,0,-,-,-,-,5350.0000,5349.8000,5349.4000,5349.0000,5348.6000,5350.8000,5351.4000,5351.6000,5352.0000,5352.4000,2,1,1,1,1,1,2,1,4,2
SF,IC2003,2020-01-03 11:09:38.400,5350.8000,53597,-1,6036536320.000,1,0,1,双平,B,5350.8000,5350.6000,5350.0000,5349.8000,5349.4000,5351.4000,5351.6000,5352.0000,5352.4000,5354.0000,1,2,2,1,1,2,1,4,2,1
SF,IC2003,2020-01-03 11:09:38.900,5350.8000,53597,0,6036536320.000,0,-,-,-,-,5350.0000,5349.8000,5349.4000,5349.0000,5348.6000,5351.4000,5351.6000,5352.0000,5352.4000,5354.0000,2,1,1,1,1,2,1,4,2,1
SF,IC2003,2020-01-03 11:09:39.400,5350.8000,53597,0,6036536320.000,0,-,-,-,-,5350.0000,5349.4000,5349.0000,5348.6000,5348.2000,5351.2000,5351.4000,5351.6000,5352.0000,5352.4000,2,1,1,1,1,2,2,1,4,2
SF,IC2003,2020-01-03 11:09:40.400,5351.2000,53595,-2,6038676800.000,2,0,2,双平,B,5351.2000,5350.6000,5350.4000,5350.2000,5350.0000,5351.4000,5351.6000,5352.0000,5352.4000,5354.0000,3,1,3,2,2,2,1,4,2,1
SF,IC2003,2020-01-03 11:09:40.900,5351.2000,53595,0,6042957880.000,4,2,2,空换,B,5350.0000,5349.4000,5348.6000,5348.2000,5348.0000,5351.6000,5352.0000,5352.4000,5354.0000,5357.0000,2,1,1,1,1,1,4,2,1,1
SF,IC2003,2020-01-03 11:09:41.400,5350.0000,53595,0,6044027880.000,1,0,1,空换,B,5350.0000,5349.4000,5348.6000,5348.2000,5348.0000,5351.6000,5352.0000,5352.4000,5354.0000,5357.0000,1,1,1,1,1,1,4,2,1,1
SF,IC2003,2020-01-03 11:09:43.400,5350.0000,53595,0,6044027880.000,0,-,-,-,-,5350.0000,5349.4000,5348.6000,5348.2000,5348.0000,5351.6000,5352.0000,5352.4000,5354.0000,5357.0000,1,1,1,1,1,1,4,2,1,1
SF,IC2003,2020-01-03 11:09:46.400,5350.0000,53595,0,6044027880.000,0,-,-,-,-,5350.0000,5349.4000,5348.6000,5348.2000,5348.0000,5351.6000,5352.0000,5352.4000,5354.0000,5357.0000,1,1,1,1,1,1,4,2,1,1
SF,IC2003,2020-01-03 11:09:46.900,5350.0000,53595,0,6044027880.000,0,-,-,-,-,5350.0000,5349.4000,5348.6000,5348.2000,5348.0000,5351.4000,5351.6000,5352.0000,5352.4000,5354.0000,1,1,1,1,1,2,1,4,2,1
SF,IC2003,2020-01-03 11:09:48.400,5350.0000,53595,0,6044027880.000,0,-,-,-,-,5350.0000,5348.6000,5348.2000,5348.0000,5347.8000,5351.4000,5351.6000,5352.0000,5352.4000,5354.0000,1,1,1,1,1,2,1,4,2,1
SF,IC2003,2020-01-03 11:09:48.900,5350.0000,53595,0,6044027880.000,0,-,-,-,-,5350.0000,5348.6000,5348.2000,5348.0000,5347.8000,5351.4000,5351.6000,5352.0000,5352.4000,5354.0000,2,1,1,1,1,2,1,4,2,1
SF,IC2003,2020-01-03 11:09:49.400,5350.0000,53595,0,6044027880.000,0,-,-,-,-,5350.6000,5350.0000,5348.6000,5348.2000,5348.0000,5351.6000,5352.0000,5352.4000,5354.0000,5357.0000,1,2,1,1,1,1,4,2,1,1
SF,IC2003,2020-01-03 11:09:49.900,5350.0000,53595,0,6044027880.000,0,-,-,-,-,5350.0000,5348.6000,5348.2000,5348.0000,5347.8000,5351.6000,5352.0000,5352.4000,5354.0000,5357.0000,2,1,1,1,1,1,4,2,1,1
SF,IC2003,2020-01-03 11:09:50.400,5350.0000,53595,0,6044027880.000,0,-,-,-,-,5350.0000,5348.6000,5348.2000,5348.0000,5347.8000,5351.4000,5351.6000,5352.0000,5352.4000,5354.0000,2,1,1,1,1,2,1,4,2,1
SF,IC2003,2020-01-03 11:09:52.900,5350.0000,53595,0,6044027880.000,0,-,-,-,-,5350.0000,5348.6000,5348.2000,5348.0000,5347.8000,5351.4000,5351.6000,5352.0000,5352.4000,5354.0000,1,1,1,1,1,2,1,4,2,1
SF,IC2003,2020-01-03 11:09:55.900,5350.0000,53595,0,6044027880.000,0,-,-,-,-,5350.0000,5348.6000,5348.2000,5348.0000,5347.8000,5351.0000,5351.2000,5351.4000,5351.6000,5352.0000,1,1,1,1,1,2,1,2,1,4
SF,IC2003,2020-01-03 11:09:56.400,5350.0000,53595,0,6044027880.000,0,-,-,-,-,5348.6000,5348.2000,5348.0000,5347.8000,5346.8000,5350.8000,5351.0000,5351.2000,5351.6000,5352.0000,1,1,1,1,1,2,2,1,1,4
SF,IC2003,2020-01-03 11:09:56.900,5350.0000,53595,0,6044027880.000,0,-,-,-,-,5348.8000,5348.6000,5348.2000,5348.0000,5347.8000,5350.4000,5350.8000,5351.0000,5351.2000,5351.6000,3,1,1,1,1,1,2,1,1,1
SF,IC2003,2020-01-03 11:09:57.400,5350.0000,53595,0,6044027880.000,0,-,-,-,-,5348.8000,5348.6000,5348.2000,5348.0000,5347.8000,5350.4000,5350.8000,5351.0000,5351.6000,5352.0000,3,1,1,1,1,2,2,1,1,4
SF,IC2003,2020-01-03 11:09:57.900,5350.0000,53595,0,6044027880.000,0,-,-,-,-,5348.8000,5348.6000,5348.2000,5348.0000,5347.8000,5350.2000,5350.4000,5351.0000,5351.6000,5352.0000,3,1,1,1,1,2,2,1,1,4
SF,IC2003,2020-01-03 11:09:59.900,5350.0000,53595,0,6044027880.000,0,-,-,-,-,5348.8000,5348.6000,5348.2000,5348.0000,5347.8000,5350.2000,5350.4000,5351.0000,5351.6000,5352.0000,3,1,1,1,1,2,2,2,1,4
SF,IC2003,2020-01-03 11:10:00.400,5350.0000,53595,0,6044027880.000,0,-,-,-,-,5348.8000,5348.6000,5348.2000,5348.0000,5347.8000,5350.2000,5350.4000,5351.0000,5351.6000,5352.0000,3,1,1,1,1,2,1,2,1,4
SF,IC2003,2020-01-03 11:10:00.900,5350.0000,53595,0,6044027880.000,0,-,-,-,-,5349.0000,5348.8000,5348.6000,5348.2000,5348.0000,5350.2000,5350.4000,5351.0000,5351.6000,5352.0000,1,3,1,1,1,2,1,2,1,4
SF,IC2003,2020-01-03 11:10:01.400,5350.0000,53595,0,6044027880.000,0,-,-,-,-,5348.8000,5348.6000,5348.2000,5348.0000,5347.8000,5350.2000,5350.4000,5351.0000,5351.6000,5352.0000,3,1,1,1,1,2,1,2,1,4
SF,IC2003,2020-01-03 11:10:01.900,5350.0000,53595,0,6044027880.000,0,-,-,-,-,5348.8000,5348.6000,5348.2000,5348.0000,5347.8000,5349.6000,5350.2000,5350.4000,5351.0000,5351.6000,3,1,1,1,1,1,2,1,2,1
SF,IC2003,2020-01-03 11:10:02.400,5350.0000,53595,0,6044027880.000,0,-,-,-,-,5348.6000,5348.2000,5348.0000,5347.8000,5346.8000,5349.6000,5350.2000,5350.4000,5351.0000,5351.6000,1,1,1,1,1,1,2,1,1,1
SF,IC2003,2020-01-03 11:10:03.400,5350.0000,53595,0,6044027880.000,0,-,-,-,-,5348.6000,5348.2000,5348.0000,5347.8000,5346.8000,5348.8000,5349.6000,5350.2000,5350.4000,5351.0000,1,1,1,1,1,1,1,2,1,1
SF,IC2003,2020-01-03 11:10:03.900,5348.8000,53594,-1,6045097640.000,1,0,1,双平,B,5349.0000,5348.8000,5348.6000,5348.2000,5348.0000,5349.6000,5350.4000,5351.0000,5351.6000,5352.0000,1,7,1,1,1,1,1,1,1,4
SF,IC2003,2020-01-03 11:10:04.400,5348.8000,53594,0,6045097640.000,0,-,-,-,-,5348.8000,5348.6000,5348.2000,5348.0000,5347.8000,5349.6000,5350.4000,5351.0000,5351.6000,5352.0000,4,1,1,1,1,1,1,1,1,4
SF,IC2003,2020-01-03 11:10:04.900,5348.8000,53594,0,6045097640.000,0,-,-,-,-,5349.0000,5348.8000,5348.6000,5348.2000,5348.0000,5349.6000,5350.4000,5351.0000,5351.6000,5352.0000,3,4,1,1,1,1,1,1,1,4
SF,IC2003,2020-01-03 11:10:05.400,5348.8000,53594,0,6045097640.000,0,-,-,-,-,5349.2000,5349.0000,5348.8000,5348.6000,5348.2000,5349.6000,5350.4000,5351.0000,5351.6000,5352.0000,1,3,4,1,1,1,1,1,1,4
SF,IC2003,2020-01-03 11:10:05.900,5348.8000,53594,0,6045097640.000,0,-,-,-,-,5349.0000,5348.8000,5348.6000,5348.2000,5348.0000,5349.6000,5350.4000,5351.0000,5351.6000,5352.0000,3,4,1,1,1,1,1,1,1,4
SF,IC2003,2020-01-03 11:10:06.400,5348.8000,53594,0,6045097640.000,0,-,-,-,-,5349.0000,5348.8000,5348.6000,5348.2000,5348.0000,5349.4000,5349.6000,5350.4000,5351.0000,5351.6000,3,4,1,1,1,1,1,1,1,1
SF,IC2003,2020-01-03 11:10:06.900,5348.8000,53593,-1,6052586080.000,7,3,4,空平,B,5348.6000,5348.2000,5348.0000,5347.8000,5346.8000,5349.0000,5349.4000,5349.6000,5351.0000,5351.6000,1,1,1,1,1,1,1,1,1,1
SF,IC2003,2020-01-03 11:10:07.400,5348.6000,53592,-1,6053655800.000,1,0,1,双平,B,5348.2000,5348.0000,5347.8000,5346.8000,5346.6000,5348.6000,5348.8000,5349.0000,5349.4000,5349.6000,1,1,1,1,1,3,2,1,1,1
SF,IC2003,2020-01-03 11:10:07.900,5348.6000,53592,0,6053655800.000,0,-,-,-,-,5348.2000,5348.0000,5347.8000,5346.8000,5346.6000,5349.0000,5349.4000,5349.6000,5351.0000,5351.6000,1,1,1,1,1,1,1,1,1,1
SF,IC2003,2020-01-03 11:10:09.400,5348.6000,53592,0,6053655800.000,0,-,-,-,-,5348.2000,5348.0000,5347.8000,5346.8000,5346.6000,5349.4000,5349.6000,5351.0000,5351.6000,5352.0000,1,1,1,1,1,1,1,1,1,4
SF,IC2003,2020-01-03 11:10:09.900,5348.6000,53592,0,6053655800.000,0,-,-,-,-,5348.2000,5348.0000,5347.8000,5346.8000,5346.6000,5349.2000,5349.4000,5349.6000,5351.0000,5351.6000,1,1,1,1,1,2,1,1,1,1
SF,IC2003,2020-01-03 11:10:10.400,5348.2000,53593,1,6054725440.000,1,1,0,双开,B,5348.0000,5347.8000,5346.8000,5346.6000,5344.2000,5348.4000,5349.2000,5349.4000,5349.6000,5351.0000,1,1,1,1,2,1,2,1,1,1
SF,IC2003,2020-01-03 11:10:10.900,5348.0000,53594,1,6055795040.000,1,1,0,双开,B,5347.8000,5346.8000,5346.6000,5344.2000,5343.6000,5349.2000,5349.4000,5349.6000,5351.0000,5351.6000,1,1,1,2,1,2,1,1,1,1
SF,IC2003,2020-01-03 11:10:11.400,5348.0000,53594,0,6055795040.000,0,-,-,-,-,5347.8000,5346.8000,5346.6000,5344.2000,5343.6000,5349.2000,5349.4000,5349.6000,5351.0000,5351.6000,1,1,1,2,1,2,1,1,1,1
SF,IC2003,2020-01-03 11:10:11.900,5348.0000,53594,0,6055795040.000,0,-,-,-,-,5347.8000,5346.8000,5346.6000,5344.2000,5343.6000,5348.2000,5349.2000,5349.4000,5349.6000,5351.0000,1,1,1,2,1,6,2,1,1,1
SF,IC2003,2020-01-03 11:10:12.400,5347.8000,53595,1,6056864600.000,1,1,0,双开,B,5346.8000,5346.6000,5344.2000,5343.6000,5343.0000,5348.2000,5349.0000,5349.2000,5349.4000,5349.6000,1,1,2,1,1,6,1,2,1,1
SF,IC2003,2020-01-03 11:10:12.900,5347.8000,53595,0,6056864600.000,0,-,-,-,-,5347.0000,5346.8000,5346.6000,5346.0000,5344.2000,5348.0000,5348.2000,5349.0000,5349.2000,5349.4000,2,1,1,1,2,1,6,1,2,1
SF,IC2003,2020-01-03 11:10:13.400,5347.8000,53595,0,6056864600.000,0,-,-,-,-,5347.6000,5347.4000,5347.0000,5346.8000,5346.6000,5348.2000,5349.0000,5349.2000,5349.4000,5349.6000,1,1,2,1,1,6,1,2,1,1
SF,IC2003,2020-01-03 11:10:13.900,5347.8000,53595,0,6056864600.000,0,-,-,-,-,5347.0000,5346.8000,5346.6000,5346.0000,5344.2000,5348.2000,5349.0000,5349.2000,5349.4000,5349.6000,2,1,1,1,2,6,1,2,1,1
SF,IC2003,2020-01-03 11:10:14.400,5347.0000,53594,-1,6057934000.000,1,0,1,双平,B,5347.0000,5346.8000,5346.6000,5346.0000,5344.2000,5348.2000,5349.0000,5349.2000,5349.4000,5349.6000,2,1,1,1,2,6,1,2,1,1
SF,IC2003,2020-01-03 11:10:14.900,5347.0000,53593,-1,6059003400.000,1,0,1,双平,B,5346.8000,5346.6000,5346.0000,5344.2000,5343.6000,5347.2000,5348.0000,5348.2000,5349.0000,5349.4000,1,1,1,2,1,1,2,6,1,1
SF,IC2003,2020-01-03 11:10:15.400,5347.2000,53594,1,6060072840.000,1,1,0,双开,B,5347.0000,5346.8000,5346.6000,5346.0000,5344.2000,5348.0000,5348.2000,5349.0000,5349.4000,5349.6000,1,2,1,1,2,2,6,1,1,1
SF,IC2003,2020-01-03 11:10:15.900,5346.6000,53593,-1,6065419600.000,5,2,3,空平,B,5346.0000,5344.2000,5343.6000,5343.0000,5342.0000,5347.0000,5347.6000,5348.0000,5348.2000,5349.0000,1,2,1,1,1,2,1,2,6,1
SF,IC2003,2020-01-03 11:10:16.400,5346.0000,53593,0,6066488800.000,1,0,1,空换,B,5346.0000,5344.2000,5343.6000,5343.0000,5342.0000,5346.8000,5347.0000,5348.2000,5349.0000,5349.6000,1,2,1,1,1,2,6,6,1,1
SF,IC2003,2020-01-03 11:10:16.900,5346.0000,53592,-1,6068627200.000,2,0,2,空平,B,5344.2000,5343.6000,5343.0000,5342.0000,5341.0000,5346.8000,5347.0000,5348.2000,5349.0000,5349.6000,2,1,1,1,2,2,6,6,1,1
SF,IC2003,2020-01-03 11:10:17.400,5346.0000,53592,0,6068627200.000,0,-,-,-,-,5345.6000,5344.8000,5344.6000,5344.4000,5344.2000,5346.6000,5346.8000,5347.0000,5348.2000,5349.0000,1,4,5,9,3,1,2,6,6,1
SF,IC2003,2020-01-03 11:10:17.900,5346.0000,53592,0,6068627200.000,0,-,-,-,-,5345.6000,5344.8000,5344.6000,5344.4000,5344.2000,5347.0000,5348.2000,5349.0000,5349.6000,5349.8000,1,4,3,9,2,6,6,1,1,1
SF,IC2003,2020-01-03 11:10:18.400,5347.0000,53592,0,6071835400.000,3,1,2,空换,B,5345.8000,5345.6000,5344.8000,5344.6000,5344.4000,5347.0000,5348.2000,5349.0000,5349.6000,5349.8000,2,1,4,3,7,3,6,1,1,1
SF,IC2003,2020-01-03 11:10:18.900,5347.0000,53592,0,6071835400.000,0,-,-,-,-,5345.8000,5345.6000,5344.8000,5344.6000,5344.4000,5347.0000,5348.2000,5349.0000,5349.6000,5349.8000,2,1,3,3,7,3,6,1,1,1
SF,IC2003,2020-01-03 11:10:19.900,5347.0000,53592,0,6071835400.000,0,-,-,-,-,5345.8000,5345.6000,5344.8000,5344.6000,5344.4000,5347.0000,5348.2000,5349.0000,5349.6000,5349.8000,2,1,3,3,7,3,6,1,1,1
SF,IC2003,2020-01-03 11:10:20.400,5346.4000,53591,-1,6072904680.000,1,0,1,双平,B,5345.8000,5345.6000,5344.8000,5344.6000,5344.4000,5347.0000,5348.2000,5349.0000,5349.6000,5349.8000,2,1,3,3,7,3,6,1,1,1
SF,IC2003,2020-01-03 11:10:20.900,5347.0000,53590,-1,6076112880.000,3,1,2,空平,B,5347.4000,5347.2000,5346.4000,5346.2000,5346.0000,5348.2000,5349.0000,5349.6000,5349.8000,5351.6000,2,1,3,2,3,6,1,1,1,1
SF,IC2003,2020-01-03 11:10:21.400,5347.0000,53590,0,6076112880.000,0,-,-,-,-,5347.6000,5347.4000,5346.4000,5346.2000,5346.0000,5348.2000,5349.0000,5349.6000,5349.8000,5351.6000,1,3,1,2,3,6,1,1,1,1
SF,IC2003,2020-01-03 11:10:21.900,5347.0000,53590,0,6076112880.000,0,-,-,-,-,5347.6000,5347.4000,5346.4000,5346.2000,5346.0000,5348.2000,5349.0000,5349.6000,5349.8000,5351.6000,1,3,1,2,4,6,1,1,1,1
SF,IC2003,2020-01-03 11:10:22.400,5347.0000,53590,0,6076112880.000,0,-,-,-,-,5347.6000,5347.4000,5346.4000,5346.2000,5346.0000,5348.2000,5349.0000,5349.6000,5349.8000,5351.6000,1,3,2,2,4,6,1,1,1,1
SF,IC2003,2020-01-03 11:10:23.400,5348.2000,53589,-1,6077182520.000,1,0,1,双平,B,5347.6000,5347.4000,5346.4000,5346.2000,5346.0000,5348.2000,5349.0000,5349.6000,5349.8000,5351.6000,1,3,2,2,4,5,1,1,1,1
SF,IC2003,2020-01-03 11:10:23.900,5348.2000,53589,0,6079321800.000,2,1,1,空换,B,5347.6000,5347.4000,5346.4000,5346.2000,5346.0000,5348.2000,5349.0000,5349.6000,5349.8000,5351.6000,1,3,1,1,3,3,1,1,1,1
SF,IC2003,2020-01-03 11:10:24.400,5348.2000,53589,0,6079321800.000,0,-,-,-,-,5347.6000,5347.4000,5346.4000,5346.2000,5346.0000,5348.2000,5349.0000,5349.6000,5349.8000,5351.6000,1,3,1,1,3,3,1,1,1,1
SF,IC2003,2020-01-03 11:10:24.900,5348.2000,53589,0,6079321800.000,0,-,-,-,-,5347.6000,5347.4000,5346.4000,5346.2000,5346.0000,5348.0000,5348.2000,5349.0000,5349.6000,5349.8000,1,3,1,1,3,3,3,1,1,1
SF,IC2003,2020-01-03 11:10:25.400,5347.6000,53589,0,6080391320.000,1,0,1,空换,B,5347.4000,5346.4000,5346.2000,5346.0000,5345.8000,5348.0000,5348.2000,5349.0000,5349.6000,5349.8000,3,1,1,2,2,3,3,1,1,1
SF,IC2003,2020-01-03 11:10:25.900,5347.4000,53589,0,6083599760.000,3,1,2,空换,B,5347.4000,5346.2000,5346.0000,5345.8000,5344.8000,5348.0000,5348.2000,5349.0000,5349.6000,5349.8000,1,1,2,2,2,3,3,1,1,1
SF,IC2003,2020-01-03 11:10:26.400,5347.4000,53587,-2,6085738720.000,2,0,2,双平,B,5346.2000,5345.8000,5344.8000,5344.6000,5344.4000,5347.2000,5347.4000,5348.0000,5348.2000,5349.0000,1,2,2,3,2,1,2,3,3,1
SF,IC2003,2020-01-03 11:10:26.900,5347.4000,53587,0,6085738720.000,0,-,-,-,-,5346.2000,5345.8000,5344.8000,5344.6000,5344.4000,5347.4000,5348.0000,5348.2000,5349.0000,5349.6000,1,2,2,3,2,1,3,3,1,1
SF,IC2003,2020-01-03 11:10:27.900,5347.4000,53587,0,6085738720.000,0,-,-,-,-,5346.2000,5346.0000,5345.8000,5344.8000,5344.6000,5347.4000,5348.0000,5348.2000,5349.0000,5349.6000,1,3,2,2,3,1,3,3,1,1
SF,IC2003,2020-01-03 11:10:28.900,5347.4000,53587,0,6085738720.000,0,-,-,-,-,5346.4000,5346.2000,5346.0000,5345.8000,5344.8000,5347.4000,5348.0000,5348.2000,5349.0000,5349.6000,1,1,3,2,2,1,3,3,1,1
SF,IC2003,2020-01-03 11:10:30.900,5347.4000,53587,0,6085738720.000,0,-,-,-,-,5346.4000,5346.2000,5346.0000,5345.8000,5344.8000,5347.4000,5348.0000,5348.2000,5349.0000,5349.6000,1,1,3,2,2,2,3,3,1,1
SF,IC2003,2020-01-03 11:10:31.400,5347.4000,53587,0,6085738720.000,0,-,-,-,-,5346.4000,5346.2000,5346.0000,5345.8000,5345.6000,5347.4000,5348.0000,5348.2000,5349.0000,5349.6000,1,1,3,2,1,2,3,3,1,1
SF,IC2003,2020-01-03 11:10:32.400,5347.4000,53587,0,6085738720.000,0,-,-,-,-,5346.4000,5346.2000,5346.0000,5345.8000,5345.6000,5347.4000,5348.0000,5348.2000,5349.0000,5349.6000,1,1,3,2,1,1,3,3,1,1
SF,IC2003,2020-01-03 11:10:33.900,5347.4000,53587,0,6085738720.000,0,-,-,-,-,5346.6000,5346.4000,5346.2000,5346.0000,5345.8000,5347.4000,5348.0000,5348.2000,5349.0000,5349.6000,2,1,1,3,2,1,3,3,1,1
SF,IC2003,2020-01-03 11:10:34.900,5347.4000,53587,0,6085738720.000,0,-,-,-,-,5346.4000,5346.2000,5346.0000,5345.8000,5345.6000,5347.4000,5348.0000,5348.2000,5349.0000,5349.6000,1,1,3,2,1,1,3,3,1,1
SF,IC2003,2020-01-03 11:10:35.400,5347.4000,53587,0,6085738720.000,0,-,-,-,-,5346.4000,5346.2000,5346.0000,5345.8000,5345.6000,5346.6000,5347.4000,5348.0000,5348.2000,5349.0000,1,1,3,2,1,1,1,3,3,1
SF,IC2003,2020-01-03 11:10:35.900,5346.6000,53588,1,6086808040.000,1,1,0,双开,B,5346.8000,5346.6000,5346.4000,5346.2000,5346.0000,5347.4000,5348.0000,5348.2000,5349.0000,5349.6000,1,4,1,1,3,1,2,3,1,1
SF,IC2003,2020-01-03 11:10:36.400,5346.6000,53588,0,6086808040.000,0,-,-,-,-,5347.0000,5346.8000,5346.6000,5346.4000,5346.0000,5347.4000,5348.2000,5349.0000,5349.6000,5349.8000,2,1,4,1,3,1,3,1,1,1
SF,IC2003,2020-01-03 11:10:36.900,5346.6000,53588,0,6086808040.000,0,-,-,-,-,5347.0000,5346.6000,5346.4000,5346.0000,5345.6000,5347.4000,5348.2000,5349.0000,5349.6000,5349.8000,1,4,1,3,2,1,3,1,1,1
SF,IC2003,2020-01-03 11:10:40.400,5347.0000,53587,-1,6087877440.000,1,0,1,双平,B,5346.6000,5346.4000,5346.0000,5345.6000,5344.8000,5347.4000,5348.2000,5349.0000,5349.6000,5349.8000,4,1,3,2,2,1,3,1,1,1
SF,IC2003,2020-01-03 11:10:40.900,5347.0000,53587,0,6087877440.000,0,-,-,-,-,5346.6000,5346.4000,5346.0000,5345.6000,5344.8000,5347.4000,5348.2000,5349.0000,5349.6000,5349.8000,5,1,3,2,2,1,3,1,1,1
SF,IC2003,2020-01-03 11:10:41.400,5347.4000,53587,0,6088946920.000,1,0,1,空换,B,5347.4000,5346.6000,5346.4000,5346.0000,5345.6000,5348.2000,5349.0000,5349.6000,5349.8000,5352.4000,1,1,1,3,2,3,1,1,1,2
SF,IC2003,2020-01-03 11:10:41.900,5347.4000,53587,0,6088946920.000,0,-,-,-,-,5347.4000,5346.4000,5346.0000,5345.6000,5344.8000,5348.0000,5348.2000,5349.0000,5349.6000,5349.8000,1,1,3,2,2,1,3,1,1,1
SF,IC2003,2020-01-03 11:10:42.400,5347.4000,53587,0,6088946920.000,0,-,-,-,-,5347.4000,5346.4000,5346.0000,5345.6000,5344.8000,5348.0000,5348.2000,5349.0000,5349.6000,5349.8000,2,1,3,2,2,1,3,1,1,1
SF,IC2003,2020-01-03 11:10:44.400,5348.2000,53587,0,6093225440.000,4,2,2,空换,B,5347.4000,5346.4000,5346.0000,5345.6000,5344.8000,5349.0000,5349.6000,5349.8000,5352.4000,5353.4000,2,1,3,2,2,1,1,1,2,5
SF,IC2003,2020-01-03 11:10:44.900,5349.0000,53588,1,6094295240.000,1,1,0,双开,B,5349.0000,5347.8000,5347.6000,5347.4000,5346.4000,5349.6000,5349.8000,5352.4000,5353.4000,5357.0000,4,1,5,1,1,1,1,2,5,1
SF,IC2003,2020-01-03 11:10:45.400,5349.8000,53587,-1,6096435120.000,2,0,2,空平,B,5349.8000,5349.6000,5349.0000,5347.6000,5346.4000,5352.4000,5357.0000,5358.0000,5358.6000,5358.8000,1,6,1,3,1,2,1,1,2,2
SF,IC2003,2020-01-03 11:10:45.900,5349.8000,53585,-2,6098575040.000,2,0,2,双平,B,5350.2000,5350.0000,5349.8000,5349.6000,5346.4000,5351.8000,5352.0000,5352.2000,5352.4000,5357.0000,1,4,1,6,1,1,3,2,2,1
SF,IC2003,2020-01-03 11:10:46.400,5350.2000,53586,1,6100715120.000,2,1,1,多开,B,5350.2000,5350.0000,5349.6000,5346.4000,5346.2000,5351.6000,5352.4000,5357.0000,5358.0000,5358.6000,1,2,6,1,3,2,2,1,1,2
SF,IC2003,2020-01-03 11:10:46.900,5350.2000,53586,0,6101785160.000,1,0,1,空换,B,5350.2000,5349.6000,5346.4000,5346.2000,5346.0000,5351.4000,5351.6000,5352.4000,5357.0000,5358.0000,1,6,1,3,3,1,2,2,1,1
SF,IC2003,2020-01-03 11:10:47.400,5350.2000,53586,0,6103925240.000,2,1,1,空换,B,5349.6000,5346.4000,5346.2000,5346.0000,5345.6000,5351.2000,5351.4000,5352.4000,5357.0000,5358.0000,5,1,3,3,2,2,1,2,1,1
SF,IC2003,2020-01-03 11:10:47.900,5350.2000,53586,0,6103925240.000,0,-,-,-,-,5349.6000,5346.4000,5346.2000,5346.0000,5345.6000,5351.0000,5351.2000,5352.4000,5357.0000,5358.0000,2,1,3,3,2,2,2,2,1,1
SF,IC2003,2020-01-03 11:10:48.400,5350.2000,53586,0,6103925240.000,0,-,-,-,-,5349.6000,5346.4000,5346.2000,5346.0000,5345.6000,5350.8000,5351.0000,5352.4000,5357.0000,5358.0000,2,1,3,3,2,3,2,2,1,1
SF,IC2003,2020-01-03 11:10:48.900,5350.2000,53586,0,6103925240.000,0,-,-,-,-,5349.6000,5346.4000,5346.2000,5346.0000,5345.6000,5350.4000,5350.8000,5351.0000,5352.4000,5357.0000,2,1,3,3,2,1,3,1,2,1
SF,IC2003,2020-01-03 11:10:49.400,5349.6000,53587,1,6106065080.000,2,1,1,多开,B,5349.6000,5346.4000,5346.2000,5346.0000,5345.6000,5350.2000,5351.0000,5352.4000,5357.0000,5358.0000,1,1,3,3,2,3,1,2,1,1
SF,IC2003,2020-01-03 11:10:49.900,5349.6000,53587,0,6107135000.000,1,0,1,空换,B,5349.6000,5346.4000,5346.2000,5346.0000,5345.6000,5350.0000,5350.2000,5351.0000,5352.4000,5357.0000,1,1,3,3,2,1,3,1,2,1
SF,IC2003,2020-01-03 11:10:50.400,5349.6000,53586,-1,6108204920.000,1,0,1,双平,B,5346.4000,5346.2000,5346.0000,5345.6000,5344.8000,5350.0000,5350.2000,5351.0000,5352.4000,5357.0000,1,3,3,2,2,1,1,1,2,1
SF,IC2003,2020-01-03 11:10:50.900,5349.6000,53586,0,6108204920.000,0,-,-,-,-,5347.6000,5347.4000,5347.0000,5346.8000,5346.6000,5349.8000,5350.0000,5350.2000,5352.4000,5357.0000,1,1,3,2,8,5,1,1,2,1
SF,IC2003,2020-01-03 11:10:51.400,5349.6000,53586,0,6108204920.000,0,-,-,-,-,5347.8000,5347.4000,5347.0000,5346.8000,5346.6000,5349.4000,5349.6000,5349.8000,5352.4000,5357.0000,2,1,1,1,1,3,3,3,2,1
SF,IC2003,2020-01-03 11:10:51.900,5349.6000,53586,0,6108204920.000,0,-,-,-,-,5347.8000,5347.4000,5347.0000,5346.8000,5346.4000,5349.2000,5349.4000,5349.6000,5349.8000,5352.4000,2,1,1,1,1,2,1,1,1,2
SF,IC2003,2020-01-03 11:10:53.900,5349.6000,53586,0,6108204920.000,0,-,-,-,-,5347.8000,5347.4000,5347.0000,5346.8000,5346.4000,5349.0000,5349.2000,5349.4000,5349.6000,5349.8000,2,1,1,1,1,1,2,1,1,1
SF,IC2003,2020-01-03 11:10:54.400,5349.6000,53586,0,6108204920.000,0,-,-,-,-,5346.8000,5346.4000,5346.2000,5346.0000,5345.6000,5348.8000,5349.0000,5349.8000,5352.4000,5357.0000,1,1,3,3,2,2,1,1,2,1
SF,IC2003,2020-01-03 11:10:54.900,5349.6000,53586,0,6108204920.000,0,-,-,-,-,5347.0000,5346.8000,5346.4000,5346.2000,5346.0000,5348.6000,5348.8000,5349.0000,5349.8000,5352.4000,2,1,1,3,3,2,2,1,1,2
SF,IC2003,2020-01-03 11:10:55.400,5349.6000,53586,0,6108204920.000,0,-,-,-,-,5347.8000,5346.4000,5346.2000,5346.0000,5345.6000,5348.4000,5349.8000,5352.4000,5357.0000,5358.0000,1,1,3,3,2,3,1,2,1,1
SF,IC2003,2020-01-03 11:10:55.900,5347.8000,53587,1,6109274480.000,1,1,0,双开,B,5346.4000,5346.2000,5346.0000,5345.6000,5344.8000,5348.2000,5348.4000,5349.8000,5352.4000,5357.0000,1,3,3,2,2,1,3,1,2,1
SF,IC2003,2020-01-03 11:10:56.400,5347.8000,53587,0,6109274480.000,0,-,-,-,-,5346.6000,5346.4000,5346.2000,5346.0000,5345.6000,5347.8000,5348.0000,5348.2000,5348.4000,5349.8000,2,1,3,3,2,2,2,1,1,1
SF,IC2003,2020-01-03 11:10:56.900,5347.8000,53587,0,6109274480.000,0,-,-,-,-,5346.6000,5346.4000,5346.2000,5346.0000,5345.6000,5348.0000,5348.2000,5348.4000,5349.8000,5352.4000,2,1,3,3,2,2,1,1,1,2
SF,IC2003,2020-01-03 11:10:58.400,5347.8000,53587,0,6109274480.000,0,-,-,-,-,5346.6000,5346.4000,5346.2000,5346.0000,5345.6000,5348.0000,5348.2000,5349.8000,5352.4000,5357.0000,2,1,3,3,2,2,1,1,2,1
SF,IC2003,2020-01-03 11:11:03.400,5347.8000,53587,0,6109274480.000,0,-,-,-,-,5346.8000,5346.6000,5346.4000,5346.2000,5346.0000,5348.0000,5348.2000,5349.8000,5352.4000,5357.0000,1,2,1,3,3,2,1,1,2,1
SF,IC2003,2020-01-03 11:11:03.900,5347.8000,53587,0,6109274480.000,0,-,-,-,-,5347.0000,5346.8000,5346.4000,5346.2000,5346.0000,5348.2000,5349.8000,5352.4000,5357.0000,5358.0000,2,1,1,3,3,1,1,2,1,1
SF,IC2003,2020-01-03 11:11:04.900,5347.8000,53587,0,6109274480.000,0,-,-,-,-,5347.2000,5347.0000,5346.4000,5346.2000,5346.0000,5348.2000,5349.8000,5352.4000,5357.0000,5358.0000,1,2,1,3,3,1,1,2,1,1
SF,IC2003,2020-01-03 11:11:05.400,5347.8000,53587,0,6109274480.000,0,-,-,-,-,5347.4000,5347.2000,5346.4000,5346.2000,5346.0000,5348.2000,5349.8000,5352.4000,5357.0000,5358.0000,2,1,1,3,3,1,1,2,1,1
SF,IC2003,2020-01-03 11:11:06.900,5348.2000,53586,-1,6110344120.000,1,0,1,双平,B,5347.4000,5347.2000,5346.4000,5346.2000,5346.0000,5349.8000,5352.4000,5357.0000,5358.0000,5358.6000,2,1,1,3,3,1,2,1,1,2
SF,IC2003,2020-01-03 11:11:07.400,5348.2000,53586,0,6110344120.000,0,-,-,-,-,5347.4000,5347.2000,5346.4000,5346.2000,5346.0000,5349.2000,5349.4000,5349.6000,5349.8000,5352.4000,2,1,1,3,3,1,2,5,1,2
SF,IC2003,2020-01-03 11:11:07.900,5348.2000,53586,0,6110344120.000,0,-,-,-,-,5347.4000,5347.2000,5346.4000,5346.2000,5346.0000,5349.0000,5349.2000,5349.4000,5349.6000,5349.8000,2,1,1,3,3,4,1,2,1,1
SF,IC2003,2020-01-03 11:11:08.400,5348.2000,53586,0,6110344120.000,0,-,-,-,-,5347.4000,5346.4000,5346.2000,5346.0000,5345.6000,5349.0000,5349.2000,5349.6000,5349.8000,5352.4000,2,1,3,3,2,4,1,1,1,2
SF,IC2003,2020-01-03 11:11:08.900,5348.2000,53586,0,6110344120.000,0,-,-,-,-,5347.4000,5346.4000,5346.2000,5346.0000,5345.6000,5349.0000,5349.2000,5349.6000,5349.8000,5352.4000,2,1,3,3,2,2,1,1,1,2
SF,IC2003,2020-01-03 11:11:11.400,5348.2000,53586,0,6110344120.000,0,-,-,-,-,5347.6000,5347.4000,5346.4000,5346.2000,5346.0000,5349.0000,5349.2000,5349.6000,5349.8000,5352.4000,1,2,1,3,3,2,1,1,1,2
SF,IC2003,2020-01-03 11:11:12.400,5348.2000,53586,0,6110344120.000,0,-,-,-,-,5347.6000,5347.4000,5346.4000,5346.2000,5346.0000,5348.8000,5349.0000,5349.2000,5349.8000,5352.4000,1,2,1,3,3,2,2,1,1,2
SF,IC2003,2020-01-03 11:11:12.900,5348.2000,53586,0,6110344120.000,0,-,-,-,-,5347.8000,5347.6000,5346.4000,5346.2000,5346.0000,5348.8000,5349.2000,5349.8000,5352.4000,5357.0000,2,1,1,3,3,2,1,1,2,1
SF,IC2003,2020-01-03 11:11:13.400,5348.2000,53586,0,6110344120.000,0,-,-,-,-,5347.8000,5347.6000,5346.4000,5346.2000,5346.0000,5348.8000,5349.2000,5349.8000,5352.4000,5357.0000,2,1,1,3,3,2,1,1,2,1
SF,IC2003,2020-01-03 11:11:15.900,5348.8000,53586,0,6112483640.000,2,1,1,空换,B,5347.8000,5347.6000,5346.4000,5346.2000,5346.0000,5349.2000,5349.8000,5352.4000,5357.0000,5358.0000,2,1,1,3,3,1,1,2,1,1
SF,IC2003,2020-01-03 11:11:16.400,5347.8000,53584,-2,6114622760.000,2,0,2,双平,B,5347.6000,5346.4000,5346.2000,5346.0000,5345.6000,5349.0000,5349.2000,5349.8000,5352.4000,5357.0000,1,1,3,3,2,2,1,1,2,1
SF,IC2003,2020-01-03 11:11:16.900,5347.8000,53584,0,6114622760.000,0,-,-,-,-,5347.6000,5346.4000,5346.2000,5346.0000,5345.6000,5348.8000,5349.0000,5349.2000,5349.8000,5352.4000,1,1,3,3,2,2,2,1,1,2
SF,IC2003,2020-01-03 11:11:17.400,5347.8000,53584,0,6114622760.000,0,-,-,-,-,5347.6000,5346.4000,5346.2000,5346.0000,5345.6000,5348.8000,5349.2000,5349.8000,5352.4000,5357.0000,1,1,3,3,2,2,1,1,2,1
SF,IC2003,2020-01-03 11:11:19.900,5347.8000,53584,0,6114622760.000,0,-,-,-,-,5347.8000,5347.6000,5346.4000,5346.2000,5346.0000,5348.8000,5349.2000,5349.8000,5352.4000,5357.0000,1,1,1,3,3,2,1,1,2,1
SF,IC2003,2020-01-03 11:11:20.400,5347.8000,53584,0,6114622760.000,0,-,-,-,-,5347.8000,5347.6000,5346.4000,5346.2000,5346.0000,5348.8000,5349.2000,5349.8000,5350.0000,5352.4000,1,1,1,3,3,2,1,1,1,2
SF,IC2003,2020-01-03 11:11:20.900,5347.8000,53584,0,6114622760.000,0,-,-,-,-,5347.8000,5347.6000,5346.4000,5346.2000,5346.0000,5348.8000,5349.2000,5349.8000,5350.0000,5352.4000,1,1,1,3,3,2,1,1,1,2
SF,IC2003,2020-01-03 11:11:21.400,5347.8000,53585,1,6115692320.000,1,1,0,双开,B,5347.6000,5346.4000,5346.2000,5346.0000,5345.6000,5348.8000,5349.8000,5350.0000,5352.4000,5357.0000,1,1,3,3,2,2,1,1,2,1
SF,IC2003,2020-01-03 11:11:21.900,5348.6000,53585,0,6116762040.000,1,0,1,空换,B,5346.4000,5346.2000,5346.0000,5345.6000,5345.0000,5348.8000,5349.8000,5350.0000,5352.4000,5357.0000,1,3,3,2,1,2,1,1,2,1
SF,IC2003,2020-01-03 11:11:22.400,5348.6000,53585,0,6116762040.000,0,-,-,-,-,5346.6000,5346.4000,5346.2000,5346.0000,5345.6000,5348.4000,5348.8000,5349.8000,5350.0000,5352.4000,2,1,3,3,2,3,2,1,1,2
SF,IC2003,2020-01-03 11:11:22.900,5348.6000,53585,0,6116762040.000,0,-,-,-,-,5346.4000,5346.2000,5346.0000,5345.6000,5345.0000,5348.2000,5348.4000,5348.6000,5349.8000,5350.0000,1,3,3,2,1,2,1,1,1,1
SF,IC2003,2020-01-03 11:11:23.400,5348.6000,53585,0,6116762040.000,0,-,-,-,-,5346.6000,5346.4000,5346.2000,5346.0000,5345.6000,5347.8000,5348.0000,5348.2000,5348.4000,5349.8000,2,1,3,3,2,2,2,2,1,1
SF,IC2003,2020-01-03 11:11:23.900,5348.6000,53585,0,6116762040.000,0,-,-,-,-,5346.4000,5346.2000,5346.0000,5345.6000,5345.0000,5347.6000,5348.0000,5348.4000,5349.8000,5350.0000,1,3,3,2,1,2,2,1,1,1
SF,IC2003,2020-01-03 11:11:24.400,5347.6000,53584,-1,6119970600.000,3,1,2,空平,B,5347.0000,5346.8000,5346.6000,5346.4000,5346.2000,5348.0000,5348.4000,5349.8000,5350.0000,5352.4000,4,2,5,1,3,1,1,1,1,2
SF,IC2003,2020-01-03 11:11:24.900,5348.0000,53584,0,6121040200.000,1,0,1,空换,B,5347.2000,5347.0000,5346.8000,5346.6000,5346.4000,5348.4000,5349.8000,5350.0000,5352.4000,5357.0000,1,1,2,3,1,1,1,1,2,1
SF,IC2003,2020-01-03 11:11:25.400,5348.0000,53584,0,6121040200.000,0,-,-,-,-,5347.2000,5346.6000,5346.4000,5346.2000,5346.0000,5348.4000,5349.8000,5350.0000,5352.4000,5357.0000,1,2,1,3,3,1,1,1,2,1
SF,IC2003,2020-01-03 11:11:25.900,5348.0000,53584,0,6121040200.000,0,-,-,-,-,5347.4000,5347.2000,5346.4000,5346.2000,5346.0000,5348.4000,5349.6000,5349.8000,5350.0000,5352.4000,2,1,1,3,3,1,1,1,1,2
SF,IC2003,2020-01-03 11:11:26.400,5348.4000,53584,0,6122109880.000,1,0,1,空换,B,5347.4000,5347.2000,5346.4000,5346.2000,5346.0000,5349.6000,5349.8000,5350.0000,5352.4000,5357.0000,3,1,1,3,3,1,1,1,2,1
SF,IC2003,2020-01-03 11:11:26.900,5348.4000,53584,0,6122109880.000,0,-,-,-,-,5347.4000,5347.2000,5346.4000,5346.2000,5346.0000,5349.0000,5349.2000,5349.4000,5349.8000,5350.0000,3,1,1,3,3,1,2,4,1,1
SF,IC2003,2020-01-03 11:11:27.400,5348.4000,53584,0,6122109880.000,0,-,-,-,-,5347.4000,5347.2000,5346.4000,5346.2000,5346.0000,5348.8000,5349.0000,5349.8000,5350.0000,5352.4000,3,1,1,3,3,5,1,1,1,2
SF,IC2003,2020-01-03 11:11:27.900,5348.4000,53584,0,6122109880.000,0,-,-,-,-,5347.4000,5347.2000,5346.4000,5346.2000,5346.0000,5348.8000,5349.0000,5349.8000,5350.0000,5352.4000,2,1,1,3,3,4,1,1,1,2
SF,IC2003,2020-01-03 11:11:28.400,5348.4000,53584,0,6122109880.000,0,-,-,-,-,5347.4000,5347.2000,5346.4000,5346.2000,5346.0000,5348.6000,5348.8000,5349.0000,5349.8000,5350.0000,2,1,1,3,3,1,4,1,1,1
SF,IC2003,2020-01-03 11:11:28.900,5348.4000,53584,0,6122109880.000,0,-,-,-,-,5347.4000,5347.2000,5346.4000,5346.2000,5346.0000,5348.6000,5348.8000,5349.0000,5349.8000,5350.0000,2,1,1,3,3,1,2,1,1,1
SF,IC2003,2020-01-03 11:11:30.400,5348.6000,53584,0,6123179600.000,1,0,1,空换,B,5348.4000,5348.2000,5347.6000,5347.4000,5347.2000,5348.8000,5349.0000,5349.8000,5350.0000,5352.4000,4,2,3,2,1,2,1,1,1,2
SF,IC2003,2020-01-03 11:11:30.900,5348.8000,53584,0,6128528400.000,5,2,3,空换,B,5349.0000,5348.8000,5347.6000,5347.4000,5347.2000,5350.0000,5352.4000,5357.0000,5358.0000,5358.6000,2,3,3,2,1,1,2,1,1,2
SF,IC2003,2020-01-03 11:11:31.400,5350.0000,53583,-1,6130668400.000,2,0,2,空平,B,5350.2000,5350.0000,5349.4000,5349.2000,5348.8000,5352.4000,5357.0000,5358.0000,5358.6000,5358.8000,1,6,1,1,1,2,1,1,2,2
SF,IC2003,2020-01-03 11:11:31.900,5350.0000,53583,0,6130668400.000,0,-,-,-,-,5350.6000,5350.4000,5350.0000,5349.2000,5348.8000,5351.8000,5352.0000,5352.2000,5352.4000,5357.0000,1,3,2,1,1,2,3,2,2,1
SF,IC2003,2020-01-03 11:11:32.400,5350.6000,53583,0,6131738520.000,1,0,1,空换,B,5350.8000,5350.6000,5350.4000,5350.0000,5348.8000,5352.4000,5357.0000,5358.0000,5358.6000,5358.8000,1,2,1,2,1,2,1,1,2,2
SF,IC2003,2020-01-03 11:11:32.900,5350.6000,53583,0,6131738520.000,0,-,-,-,-,5351.2000,5350.8000,5350.6000,5350.0000,5348.8000,5352.2000,5352.4000,5357.0000,5358.0000,5358.6000,1,1,2,2,1,2,2,1,1,2
SF,IC2003,2020-01-03 11:11:33.400,5351.2000,53584,1,6132808760.000,1,1,0,双开,B,5350.6000,5348.8000,5347.6000,5347.2000,5346.4000,5351.2000,5352.2000,5352.4000,5357.0000,5358.0000,2,1,2,1,1,2,2,2,1,1
SF,IC2003,2020-01-03 11:11:33.900,5350.6000,53583,-1,6134949000.000,2,0,2,空平,B,5348.8000,5347.6000,5347.2000,5346.4000,5346.2000,5350.6000,5351.0000,5352.4000,5357.0000,5358.0000,1,2,1,1,3,4,2,2,1,1
SF,IC2003,2020-01-03 11:11:34.400,5350.6000,53583,0,6134949000.000,0,-,-,-,-,5349.0000,5348.8000,5347.6000,5347.2000,5346.4000,5350.6000,5357.0000,5358.0000,5358.6000,5358.8000,2,1,2,1,1,2,1,1,2,2
SF,IC2003,2020-01-03 11:11:34.900,5350.6000,53583,0,6134949000.000,0,-,-,-,-,5349.0000,5348.8000,5347.6000,5346.2000,5346.0000,5350.6000,5357.0000,5358.0000,5358.6000,5358.8000,2,1,2,3,3,2,1,1,2,2
SF,IC2003,2020-01-03 11:11:35.400,5350.6000,53583,0,6134949000.000,0,-,-,-,-,5349.0000,5348.8000,5347.6000,5346.2000,5346.0000,5350.2000,5350.6000,5357.0000,5358.0000,5358.6000,2,1,2,3,3,1,2,1,1,2
SF,IC2003,2020-01-03 11:11:35.900,5350.6000,53583,0,6134949000.000,0,-,-,-,-,5349.0000,5348.8000,5347.6000,5346.2000,5346.0000,5350.2000,5350.6000,5357.0000,5358.0000,5358.6000,2,1,1,3,3,1,2,1,1,2
SF,IC2003,2020-01-03 11:11:36.400,5350.6000,53583,0,6134949000.000,0,-,-,-,-,5349.0000,5348.8000,5347.6000,5346.2000,5346.0000,5350.2000,5350.6000,5357.0000,5358.0000,5358.6000,2,1,1,3,3,2,2,1,1,2
SF,IC2003,2020-01-03 11:11:36.900,5350.6000,53583,0,6134949000.000,0,-,-,-,-,5349.0000,5348.8000,5347.6000,5346.2000,5346.0000,5350.2000,5350.6000,5357.0000,5358.0000,5358.6000,2,1,1,3,3,2,2,1,1,2
SF,IC2003,2020-01-03 11:11:38.400,5350.6000,53583,0,6134949000.000,0,-,-,-,-,5349.0000,5348.8000,5347.6000,5346.2000,5346.0000,5349.6000,5350.2000,5350.6000,5355.0000,5357.0000,3,1,1,3,3,1,1,2,1,1
SF,IC2003,2020-01-03 11:11:38.900,5349.0000,53581,-2,6139228320.000,4,1,3,空平,B,5349.2000,5348.8000,5347.6000,5346.2000,5346.0000,5350.2000,5350.6000,5355.0000,5357.0000,5358.0000,1,1,1,3,3,1,2,1,1,1
SF,IC2003,2020-01-03 11:11:39.400,5349.2000,53580,-1,6140298160.000,1,0,1,双平,B,5347.6000,5346.2000,5346.0000,5345.6000,5345.0000,5349.0000,5349.2000,5349.4000,5350.0000,5350.6000,1,3,3,2,1,1,1,1,2,2
SF,IC2003,2020-01-03 11:11:39.900,5349.2000,53580,0,6140298160.000,0,-,-,-,-,5346.2000,5346.0000,5345.6000,5345.0000,5344.8000,5348.6000,5348.8000,5349.0000,5349.2000,5350.6000,3,3,2,1,2,1,3,1,1,2
SF,IC2003,2020-01-03 11:11:40.400,5349.2000,53580,0,6140298160.000,0,-,-,-,-,5346.6000,5346.4000,5346.2000,5346.0000,5345.6000,5348.4000,5348.6000,5348.8000,5349.0000,5349.2000,1,5,3,3,2,2,2,1,1,1
SF,IC2003,2020-01-03 11:11:40.900,5349.2000,53580,0,6140298160.000,0,-,-,-,-,5346.8000,5346.6000,5346.4000,5346.2000,5346.0000,5348.0000,5348.4000,5348.6000,5348.8000,5349.0000,2,2,3,3,3,2,2,2,1,1
SF,IC2003,2020-01-03 11:11:41.400,5348.0000,53580,0,6142437360.000,2,1,1,空换,B,5348.0000,5346.8000,5346.6000,5346.4000,5346.2000,5348.6000,5349.2000,5350.6000,5355.0000,5357.0000,1,2,2,3,3,2,1,2,1,1
SF,IC2003,2020-01-03 11:11:41.900,5348.0000,53580,0,6142437360.000,0,-,-,-,-,5348.0000,5347.0000,5346.8000,5346.6000,5346.4000,5348.6000,5349.2000,5355.0000,5357.0000,5358.0000,1,1,2,1,3,1,1,1,1,1
SF,IC2003,2020-01-03 11:11:43.400,5348.6000,53579,-1,6143507080.000,1,0,1,双平,B,5348.6000,5347.0000,5346.8000,5346.6000,5346.4000,5349.2000,5355.0000,5357.0000,5358.0000,5358.8000,1,1,2,1,3,1,1,1,1,2
SF,IC2003,2020-01-03 11:11:44.900,5348.6000,53579,0,6143507080.000,0,-,-,-,-,5347.0000,5346.8000,5346.6000,5346.4000,5346.2000,5349.2000,5355.0000,5357.0000,5358.0000,5358.8000,1,2,1,3,3,1,1,1,1,2
SF,IC2003,2020-01-03 11:11:45.400,5348.6000,53579,0,6143507080.000,0,-,-,-,-,5347.8000,5347.6000,5347.4000,5347.2000,5347.0000,5351.4000,5355.0000,5357.0000,5358.0000,5358.8000,1,1,2,4,1,1,1,1,1,2
SF,IC2003,2020-01-03 11:11:45.900,5348.6000,53579,0,6143507080.000,0,-,-,-,-,5348.4000,5348.2000,5348.0000,5347.2000,5347.0000,5349.8000,5350.2000,5350.4000,5351.0000,5351.2000,1,1,2,2,1,2,1,1,3,3
SF,IC2003,2020-01-03 11:11:46.400,5348.6000,53579,0,6143507080.000,0,-,-,-,-,5348.6000,5348.4000,5348.2000,5347.2000,5347.0000,5349.8000,5350.2000,5350.4000,5351.0000,5351.2000,2,1,1,1,1,2,1,1,3,3
SF,IC2003,2020-01-03 11:11:46.900,5348.6000,53579,0,6143507080.000,0,-,-,-,-,5348.8000,5348.6000,5348.4000,5348.2000,5347.2000,5349.8000,5350.2000,5351.0000,5351.2000,5351.4000,1,2,1,1,1,2,1,1,2,2
SF,IC2003,2020-01-03 11:11:47.400,5348.6000,53579,0,6143507080.000,0,-,-,-,-,5348.8000,5348.4000,5348.2000,5347.2000,5346.6000,5349.8000,5350.2000,5351.0000,5351.2000,5351.4000,2,1,1,1,1,2,1,1,2,2
SF,IC2003,2020-01-03 11:11:47.900,5348.6000,53579,0,6143507080.000,0,-,-,-,-,5348.8000,5348.4000,5348.2000,5347.2000,5346.6000,5349.8000,5350.2000,5351.0000,5351.2000,5355.0000,2,1,1,1,1,2,1,1,2,1
SF,IC2003,2020-01-03 11:11:48.400,5348.6000,53579,0,6143507080.000,0,-,-,-,-,5348.8000,5348.4000,5348.2000,5347.2000,5346.6000,5349.8000,5350.2000,5351.0000,5351.2000,5355.0000,1,1,1,1,1,2,1,1,2,1
SF,IC2003,2020-01-03 11:11:48.900,5348.6000,53579,0,6143507080.000,0,-,-,-,-,5348.8000,5348.4000,5348.2000,5347.2000,5346.6000,5349.6000,5349.8000,5350.2000,5351.0000,5355.0000,1,1,1,1,1,2,2,1,1,1
SF,IC2003,2020-01-03 11:11:49.400,5348.6000,53579,0,6143507080.000,0,-,-,-,-,5348.8000,5348.4000,5348.2000,5347.2000,5346.6000,5349.6000,5349.8000,5350.2000,5351.0000,5355.0000,1,1,1,1,1,2,2,2,1,1
SF,IC2003,2020-01-03 11:11:49.900,5348.6000,53579,0,6143507080.000,0,-,-,-,-,5348.8000,5348.4000,5348.2000,5347.2000,5346.6000,5349.6000,5349.8000,5350.2000,5350.8000,5351.0000,1,1,1,1,1,2,2,2,1,1
SF,IC2003,2020-01-03 11:11:50.400,5348.6000,53579,0,6143507080.000,0,-,-,-,-,5348.8000,5348.4000,5348.2000,5347.2000,5346.6000,5349.6000,5349.8000,5350.2000,5350.8000,5351.0000,1,1,1,1,1,2,2,2,1,1
SF,IC2003,2020-01-03 11:11:50.900,5348.6000,53579,0,6143507080.000,0,-,-,-,-,5348.4000,5348.2000,5347.2000,5346.6000,5346.4000,5349.6000,5349.8000,5350.2000,5350.8000,5351.0000,1,1,1,1,2,2,2,2,1,1
SF,IC2003,2020-01-03 11:11:51.900,5348.6000,53579,0,6143507080.000,0,-,-,-,-,5348.2000,5347.2000,5346.6000,5346.4000,5346.2000,5349.6000,5349.8000,5350.2000,5350.8000,5351.0000,1,1,1,2,3,2,2,2,1,1
SF,IC2003,2020-01-03 11:11:52.400,5348.6000,53579,0,6143507080.000,0,-,-,-,-,5348.2000,5347.2000,5346.6000,5346.4000,5346.2000,5349.4000,5349.6000,5349.8000,5350.2000,5350.8000,1,1,1,2,3,1,2,2,2,1
SF,IC2003,2020-01-03 11:11:52.900,5348.6000,53579,0,6143507080.000,0,-,-,-,-,5347.2000,5346.6000,5346.4000,5346.2000,5346.0000,5349.2000,5349.4000,5349.8000,5350.2000,5350.8000,1,1,2,3,3,2,1,2,1,1
SF,IC2003,2020-01-03 11:11:53.400,5348.6000,53579,0,6143507080.000,0,-,-,-,-,5347.4000,5347.2000,5346.6000,5346.4000,5346.2000,5349.2000,5349.8000,5350.2000,5350.8000,5355.0000,4,1,1,2,3,2,2,1,1,1
SF,IC2003,2020-01-03 11:11:53.900,5348.6000,53579,0,6143507080.000,0,-,-,-,-,5347.4000,5347.2000,5346.6000,5346.4000,5346.2000,5349.2000,5349.8000,5350.2000,5350.8000,5355.0000,2,1,1,2,3,2,2,1,1,1
SF,IC2003,2020-01-03 11:11:54.400,5348.6000,53579,0,6143507080.000,0,-,-,-,-,5347.2000,5346.6000,5346.4000,5346.2000,5346.0000,5349.0000,5349.2000,5349.8000,5350.2000,5350.8000,1,1,2,3,3,1,2,2,1,1
SF,IC2003,2020-01-03 11:11:54.900,5348.6000,53579,0,6143507080.000,0,-,-,-,-,5347.4000,5347.2000,5346.6000,5346.4000,5346.2000,5348.8000,5349.0000,5349.8000,5350.2000,5350.8000,2,1,1,2,3,2,1,2,1,1
SF,IC2003,2020-01-03 11:11:55.400,5348.6000,53579,0,6143507080.000,0,-,-,-,-,5347.4000,5347.2000,5346.6000,5346.4000,5346.2000,5348.8000,5349.8000,5350.2000,5350.8000,5355.0000,2,1,1,2,3,2,2,1,1,1
SF,IC2003,2020-01-03 11:11:56.400,5348.6000,53579,0,6143507080.000,0,-,-,-,-,5347.6000,5347.4000,5347.2000,5346.6000,5346.4000,5348.8000,5349.8000,5350.2000,5350.8000,5355.0000,2,2,1,1,2,2,2,1,1,1
SF,IC2003,2020-01-03 11:11:56.900,5348.6000,53579,0,6143507080.000,0,-,-,-,-,5347.6000,5346.6000,5346.4000,5346.2000,5346.0000,5348.8000,5349.8000,5350.2000,5350.8000,5355.0000,2,1,2,3,3,2,2,1,1,1
SF,IC2003,2020-01-03 11:11:57.400,5348.6000,53579,0,6143507080.000,0,-,-,-,-,5347.8000,5347.6000,5346.6000,5346.4000,5346.2000,5348.8000,5349.8000,5350.2000,5350.8000,5355.0000,1,2,1,2,3,2,2,1,1,1
SF,IC2003,2020-01-03 11:11:58.400,5348.6000,53579,0,6143507080.000,0,-,-,-,-,5347.8000,5346.6000,5346.4000,5346.2000,5346.0000,5348.8000,5349.8000,5350.2000,5350.8000,5355.0000,1,1,2,3,3,2,2,1,1,1
SF,IC2003,2020-01-03 11:11:58.900,5348.6000,53579,0,6143507080.000,0,-,-,-,-,5348.0000,5347.8000,5346.6000,5346.4000,5346.2000,5348.8000,5349.8000,5350.2000,5350.8000,5355.0000,1,1,1,2,3,2,2,1,1,1
SF,IC2003,2020-01-03 11:12:00.400,5348.6000,53579,0,6143507080.000,0,-,-,-,-,5348.0000,5346.6000,5346.4000,5346.2000,5346.0000,5348.8000,5349.8000,5350.2000,5350.8000,5355.0000,1,1,2,3,3,2,2,1,1,1
SF,IC2003,2020-01-03 11:12:00.900,5348.6000,53579,0,6143507080.000,0,-,-,-,-,5348.0000,5346.6000,5346.4000,5346.2000,5346.0000,5349.8000,5350.2000,5350.8000,5355.0000,5357.0000,1,2,2,3,3,2,1,1,1,1
SF,IC2003,2020-01-03 11:12:01.400,5348.6000,53579,0,6143507080.000,0,-,-,-,-,5348.2000,5348.0000,5346.6000,5346.4000,5346.2000,5349.6000,5349.8000,5350.2000,5350.8000,5355.0000,2,1,2,2,3,2,2,1,1,1
SF,IC2003,2020-01-03 11:12:01.900,5348.6000,53579,0,6143507080.000,0,-,-,-,-,5348.0000,5346.6000,5346.4000,5346.2000,5346.0000,5349.6000,5349.8000,5350.2000,5350.8000,5355.0000,1,2,2,3,3,2,2,1,1,1
SF,IC2003,2020-01-03 11:12:02.400,5348.6000,53579,0,6143507080.000,0,-,-,-,-,5346.6000,5346.4000,5346.2000,5346.0000,5345.6000,5349.6000,5349.8000,5350.2000,5350.8000,5355.0000,2,2,3,3,1,2,2,1,1,1
SF,IC2003,2020-01-03 11:12:02.900,5348.6000,53579,0,6143507080.000,0,-,-,-,-,5347.4000,5347.2000,5347.0000,5346.8000,5346.6000,5349.2000,5349.4000,5349.6000,5349.8000,5350.2000,2,2,1,5,2,1,1,2,2,1
SF,IC2003,2020-01-03 11:12:03.400,5348.6000,53579,0,6143507080.000,0,-,-,-,-,5347.4000,5347.2000,5347.0000,5346.8000,5346.6000,5349.2000,5349.6000,5349.8000,5350.2000,5350.8000,2,2,1,4,2,1,2,2,1,1
SF,IC2003,2020-01-03 11:12:03.900,5348.6000,53579,0,6143507080.000,0,-,-,-,-,5348.0000,5347.8000,5347.6000,5347.4000,5347.0000,5349.2000,5349.4000,5349.6000,5349.8000,5350.2000,1,2,3,1,1,1,1,2,2,1
SF,IC2003,2020-01-03 11:12:04.400,5348.6000,53579,0,6143507080.000,0,-,-,-,-,5348.0000,5347.6000,5347.4000,5347.0000,5346.8000,5349.6000,5349.8000,5350.2000,5350.8000,5355.0000,1,3,1,1,2,2,2,1,1,1
SF,IC2003,2020-01-03 11:12:04.900,5348.6000,53579,0,6143507080.000,0,-,-,-,-,5348.2000,5348.0000,5347.6000,5347.0000,5346.8000,5349.8000,5350.2000,5350.8000,5355.0000,5357.0000,2,1,1,1,1,2,1,1,1,1
SF,IC2003,2020-01-03 11:12:05.400,5348.6000,53579,0,6143507080.000,0,-,-,-,-,5348.2000,5348.0000,5347.6000,5347.0000,5346.8000,5349.6000,5349.8000,5350.2000,5350.8000,5355.0000,2,1,1,1,1,3,2,1,1,1
SF,IC2003,2020-01-03 11:12:05.900,5348.6000,53579,0,6143507080.000,0,-,-,-,-,5348.2000,5348.0000,5347.6000,5347.0000,5346.8000,5349.6000,5349.8000,5350.2000,5350.8000,5355.0000,2,1,1,1,1,2,2,1,1,1
SF,IC2003,2020-01-03 11:12:06.400,5348.6000,53579,0,6143507080.000,0,-,-,-,-,5348.0000,5347.6000,5347.0000,5346.8000,5346.6000,5349.6000,5349.8000,5350.2000,5350.8000,5351.2000,1,1,1,1,2,2,2,1,1,3
SF,IC2003,2020-01-03 11:12:06.900,5348.6000,53579,0,6143507080.000,0,-,-,-,-,5347.6000,5347.0000,5346.8000,5346.6000,5346.4000,5349.6000,5349.8000,5350.2000,5350.8000,5351.2000,1,1,1,2,1,2,2,1,1,3
SF,IC2003,2020-01-03 11:12:07.400,5348.6000,53579,0,6143507080.000,0,-,-,-,-,5347.6000,5347.0000,5346.8000,5346.6000,5346.4000,5349.4000,5349.6000,5349.8000,5350.2000,5350.8000,1,1,1,2,1,1,2,2,1,1
SF,IC2003,2020-01-03 11:12:07.900,5348.6000,53579,0,6143507080.000,0,-,-,-,-,5347.8000,5347.6000,5347.0000,5346.8000,5346.6000,5349.2000,5349.4000,5349.8000,5350.2000,5350.8000,2,1,1,1,2,2,1,2,1,1
SF,IC2003,2020-01-03 11:12:09.900,5347.8000,53579,0,6146715800.000,3,1,2,空换,B,5347.6000,5347.0000,5346.8000,5346.6000,5346.4000,5349.2000,5349.4000,5349.8000,5350.2000,5350.8000,1,1,1,2,1,2,1,2,1,1
SF,IC2003,2020-01-03 11:12:10.400,5347.8000,53579,0,6146715800.000,0,-,-,-,-,5348.6000,5348.0000,5347.8000,5347.6000,5347.0000,5349.2000,5349.4000,5349.8000,5350.2000,5350.8000,1,1,2,1,1,2,1,2,1,1
SF,IC2003,2020-01-03 11:12:10.900,5347.8000,53579,0,6146715800.000,0,-,-,-,-,5348.6000,5348.0000,5347.8000,5347.6000,5347.0000,5349.2000,5349.8000,5350.2000,5350.8000,5351.2000,1,1,2,1,1,2,2,1,1,3
SF,IC2003,2020-01-03 11:12:11.400,5347.8000,53579,0,6146715800.000,0,-,-,-,-,5349.0000,5348.6000,5348.0000,5347.8000,5347.6000,5349.8000,5350.2000,5350.8000,5351.2000,5355.0000,1,1,1,2,1,2,1,1,3,1
SF,IC2003,2020-01-03 11:12:11.900,5347.8000,53579,0,6146715800.000,0,-,-,-,-,5349.6000,5348.6000,5348.0000,5347.8000,5347.6000,5349.8000,5350.2000,5350.8000,5351.2000,5355.0000,1,1,1,2,1,2,1,1,3,1
SF,IC2003,2020-01-03 11:12:12.400,5349.6000,53579,0,6147785720.000,1,0,1,空换,B,5348.6000,5348.0000,5347.8000,5347.6000,5347.0000,5349.8000,5350.2000,5350.8000,5351.2000,5355.0000,1,1,2,1,1,2,1,1,3,1
SF,IC2003,2020-01-03 11:12:13.900,5349.6000,53579,0,6147785720.000,0,-,-,-,-,5348.6000,5348.0000,5347.8000,5347.6000,5347.0000,5349.8000,5350.2000,5350.8000,5351.2000,5355.0000,1,1,1,1,1,2,1,1,3,1
SF,IC2003,2020-01-03 11:12:15.400,5349.6000,53579,0,6147785720.000,0,-,-,-,-,5348.6000,5348.0000,5347.8000,5347.6000,5347.0000,5349.8000,5350.2000,5350.8000,5351.2000,5355.0000,1,1,1,1,1,2,1,1,3,1
SF,IC2003,2020-01-03 11:12:16.400,5349.6000,53579,0,6147785720.000,0,-,-,-,-,5348.8000,5348.6000,5347.8000,5347.6000,5347.0000,5349.8000,5350.2000,5350.8000,5351.2000,5355.0000,2,2,1,1,1,2,1,1,3,1
SF,IC2003,2020-01-03 11:12:20.400,5349.6000,53579,0,6147785720.000,0,-,-,-,-,5348.8000,5348.6000,5347.8000,5347.6000,5347.0000,5349.8000,5350.2000,5350.8000,5351.2000,5355.0000,2,1,1,1,1,2,1,1,3,1
SF,IC2003,2020-01-03 11:12:21.400,5349.6000,53579,0,6147785720.000,0,-,-,-,-,5348.8000,5348.6000,5347.8000,5347.6000,5347.0000,5349.8000,5350.2000,5350.8000,5351.2000,5355.0000,2,2,1,1,1,2,1,1,3,1
SF,IC2003,2020-01-03 11:12:23.900,5349.6000,53579,0,6147785720.000,0,-,-,-,-,5348.8000,5348.6000,5347.8000,5347.6000,5347.0000,5349.8000,5350.2000,5350.8000,5351.2000,5355.0000,2,2,1,1,1,2,1,1,3,1
SF,IC2003,2020-01-03 11:12:24.400,5349.6000,53579,0,6147785720.000,0,-,-,-,-,5348.8000,5348.6000,5347.8000,5347.6000,5347.0000,5349.8000,5350.2000,5350.8000,5351.2000,5351.8000,2,2,1,1,1,2,1,1,3,1
SF,IC2003,2020-01-03 11:12:24.900,5349.6000,53579,0,6147785720.000,0,-,-,-,-,5348.8000,5348.6000,5347.8000,5347.6000,5347.0000,5349.6000,5349.8000,5350.2000,5350.8000,5351.2000,2,2,1,1,1,2,2,1,1,3
SF,IC2003,2020-01-03 11:12:25.400,5349.6000,53578,-1,6148855640.000,1,0,1,双平,B,5349.6000,5349.2000,5349.0000,5348.8000,5348.6000,5349.8000,5350.2000,5350.8000,5351.2000,5351.8000,2,1,1,2,2,2,1,1,3,1
SF,IC2003,2020-01-03 11:12:25.900,5349.6000,53578,0,6148855640.000,0,-,-,-,-,5349.6000,5349.2000,5349.0000,5348.8000,5348.6000,5349.8000,5350.2000,5350.8000,5351.2000,5351.8000,1,1,1,2,2,2,1,1,3,1
SF,IC2003,2020-01-03 11:12:26.400,5349.6000,53578,0,6149925560.000,1,0,1,空换,B,5349.0000,5348.8000,5348.6000,5347.6000,5347.0000,5349.8000,5350.2000,5350.8000,5351.2000,5351.8000,1,2,2,1,1,2,1,1,3,1
SF,IC2003,2020-01-03 11:12:26.900,5349.0000,53578,0,6150995360.000,1,0,1,空换,B,5348.8000,5348.6000,5347.6000,5347.0000,5346.8000,5349.8000,5350.2000,5350.8000,5351.2000,5351.8000,2,2,1,1,1,2,1,1,3,1
SF,IC2003,2020-01-03 11:12:27.900,5349.0000,53578,0,6150995360.000,0,-,-,-,-,5349.2000,5349.0000,5348.8000,5348.6000,5347.6000,5349.8000,5350.2000,5350.8000,5351.2000,5351.8000,2,1,2,2,1,2,1,1,3,1
SF,IC2003,2020-01-03 11:12:28.900,5349.8000,53578,0,6152065320.000,1,0,1,空换,B,5349.2000,5349.0000,5348.8000,5348.6000,5347.6000,5349.8000,5350.2000,5350.8000,5351.2000,5351.8000,2,1,2,2,1,1,1,1,3,1
SF,IC2003,2020-01-03 11:12:29.400,5349.8000,53578,0,6153135280.000,1,0,1,空换,B,5349.2000,5349.0000,5348.8000,5348.6000,5347.6000,5350.2000,5350.8000,5351.2000,5351.8000,5355.0000,2,1,2,2,1,1,1,3,1,1
SF,IC2003,2020-01-03 11:12:29.900,5349.2000,53577,-1,6154205120.000,1,0,1,双平,B,5349.2000,5349.0000,5348.8000,5348.6000,5347.6000,5350.2000,5350.8000,5351.2000,5351.8000,5355.0000,1,1,2,2,1,1,1,3,1,1
SF,IC2003,2020-01-03 11:12:30.400,5349.2000,53577,0,6154205120.000,0,-,-,-,-,5349.4000,5349.2000,5348.6000,5347.6000,5347.0000,5350.0000,5350.2000,5350.8000,5351.2000,5351.8000,1,1,2,1,1,2,1,1,3,1
SF,IC2003,2020-01-03 11:12:33.400,5349.2000,53577,0,6154205120.000,0,-,-,-,-,5349.2000,5348.6000,5347.6000,5347.0000,5346.8000,5350.0000,5350.2000,5350.8000,5351.2000,5351.8000,1,2,1,1,1,2,1,1,3,1
SF,IC2003,2020-01-03 11:12:33.900,5349.2000,53577,0,6154205120.000,0,-,-,-,-,5349.4000,5348.6000,5347.6000,5347.0000,5346.8000,5350.0000,5350.2000,5350.8000,5351.2000,5351.8000,1,2,1,1,1,2,1,1,3,1
SF,IC2003,2020-01-03 11:12:34.400,5349.4000,53577,0,6155275000.000,1,0,1,空换,B,5348.6000,5347.6000,5347.0000,5346.8000,5346.6000,5349.2000,5350.2000,5350.8000,5351.2000,5351.8000,2,1,1,1,1,1,1,1,3,1
SF,IC2003,2020-01-03 11:12:34.900,5349.4000,53577,0,6155275000.000,0,-,-,-,-,5348.6000,5347.6000,5347.0000,5346.8000,5346.6000,5349.8000,5350.2000,5350.8000,5351.2000,5351.8000,2,1,1,1,1,1,1,1,3,1
SF,IC2003,2020-01-03 11:12:35.400,5349.4000,53577,0,6155275000.000,0,-,-,-,-,5348.6000,5347.0000,5346.8000,5346.6000,5346.4000,5349.6000,5349.8000,5350.2000,5350.8000,5351.2000,2,1,1,1,1,2,1,1,1,3
SF,IC2003,2020-01-03 11:12:35.900,5349.4000,53577,0,6155275000.000,0,-,-,-,-,5348.6000,5347.0000,5346.8000,5346.6000,5346.4000,5349.6000,5350.2000,5350.8000,5351.2000,5351.8000,2,1,1,1,1,2,1,1,3,1
SF,IC2003,2020-01-03 11:12:38.400,5349.4000,53577,0,6155275000.000,0,-,-,-,-,5349.2000,5348.6000,5347.0000,5346.8000,5346.6000,5349.6000,5350.2000,5350.8000,5351.2000,5351.8000,1,2,1,1,1,2,1,1,3,1
SF,IC2003,2020-01-03 11:12:38.900,5349.6000,53575,-2,6157414840.000,2,0,2,双平,B,5349.2000,5348.6000,5347.0000,5346.8000,5346.6000,5350.2000,5350.8000,5351.2000,5351.8000,5355.0000,1,2,1,1,1,1,1,3,1,1
SF,IC2003,2020-01-03 11:12:39.400,5349.2000,53574,-1,6158484680.000,1,0,1,双平,B,5348.8000,5348.6000,5347.0000,5346.8000,5346.6000,5350.2000,5350.8000,5351.2000,5351.8000,5355.0000,1,2,1,1,1,1,1,3,1,1
SF,IC2003,2020-01-03 11:12:39.900,5349.2000,53574,0,6158484680.000,0,-,-,-,-,5349.0000,5348.8000,5348.6000,5347.0000,5346.8000,5350.2000,5350.4000,5350.8000,5351.2000,5351.8000,2,1,2,1,1,1,1,1,3,1
SF,IC2003,2020-01-03 11:12:40.400,5349.2000,53574,0,6158484680.000,0,-,-,-,-,5349.0000,5348.6000,5347.0000,5346.8000,5346.6000,5350.2000,5350.4000,5350.8000,5351.2000,5351.8000,3,2,1,1,1,1,1,1,3,1
SF,IC2003,2020-01-03 11:12:40.900,5349.2000,53574,0,6158484680.000,0,-,-,-,-,5349.2000,5349.0000,5348.6000,5347.0000,5346.8000,5350.2000,5350.4000,5350.8000,5351.2000,5351.8000,1,2,2,1,1,2,1,1,3,1
SF,IC2003,2020-01-03 11:12:41.400,5349.2000,53574,0,6158484680.000,0,-,-,-,-,5349.2000,5348.6000,5347.0000,5346.8000,5346.6000,5350.0000,5350.2000,5350.8000,5351.2000,5351.8000,1,2,1,1,1,2,2,1,3,1
SF,IC2003,2020-01-03 11:12:41.900,5349.2000,53574,0,6158484680.000,0,-,-,-,-,5349.2000,5348.6000,5347.0000,5346.8000,5346.6000,5349.8000,5350.0000,5350.2000,5350.8000,5351.2000,1,2,1,1,1,1,2,2,1,3
SF,IC2003,2020-01-03 11:12:43.900,5349.2000,53574,0,6158484680.000,0,-,-,-,-,5349.2000,5348.6000,5347.0000,5346.8000,5346.6000,5349.8000,5350.0000,5350.2000,5350.8000,5351.2000,1,2,1,1,1,1,2,1,1,3
SF,IC2003,2020-01-03 11:12:44.400,5349.2000,53574,0,6159554520.000,1,0,1,空换,B,5348.6000,5347.0000,5346.8000,5346.6000,5346.4000,5349.8000,5350.0000,5350.2000,5350.8000,5351.2000,2,1,1,1,1,1,2,1,1,3
SF,IC2003,2020-01-03 11:12:44.900,5349.2000,53574,0,6159554520.000,0,-,-,-,-,5348.6000,5347.0000,5346.8000,5346.6000,5346.4000,5349.6000,5349.8000,5350.2000,5350.8000,5351.2000,2,1,1,1,1,2,1,1,1,3
SF,IC2003,2020-01-03 11:12:45.400,5349.2000,53574,0,6159554520.000,0,-,-,-,-,5348.6000,5347.0000,5346.8000,5346.6000,5346.4000,5348.8000,5349.6000,5350.2000,5350.8000,5351.2000,2,1,1,1,1,1,2,1,1,3
SF,IC2003,2020-01-03 11:12:45.900,5348.6000,53574,0,6161693960.000,2,1,1,空换,B,5346.8000,5346.6000,5346.4000,5346.2000,5346.0000,5348.6000,5349.4000,5349.6000,5350.2000,5350.8000,1,1,1,3,3,1,1,2,1,1
SF,IC2003,2020-01-03 11:12:46.400,5348.6000,53574,0,6161693960.000,0,-,-,-,-,5347.2000,5346.8000,5346.6000,5346.4000,5346.2000,5348.0000,5348.6000,5349.4000,5349.6000,5350.2000,4,1,1,1,3,1,1,2,2,1
SF,IC2003,2020-01-03 11:12:46.900,5348.0000,53574,0,6162763560.000,1,0,1,空换,B,5348.2000,5347.6000,5347.4000,5347.2000,5346.8000,5348.6000,5349.4000,5349.6000,5350.2000,5350.8000,1,1,2,2,1,1,2,2,1,1
SF,IC2003,2020-01-03 11:12:47.400,5348.0000,53574,0,6162763560.000,0,-,-,-,-,5347.4000,5347.2000,5346.8000,5346.6000,5346.4000,5348.6000,5349.4000,5349.6000,5350.2000,5350.8000,3,2,1,1,1,1,2,2,1,1
SF,IC2003,2020-01-03 11:12:47.900,5348.6000,53574,0,6163833280.000,1,0,1,空换,B,5347.4000,5347.2000,5346.8000,5346.6000,5346.4000,5349.4000,5349.6000,5350.2000,5350.8000,5351.2000,3,2,1,1,1,2,2,1,1,3
SF,IC2003,2020-01-03 11:12:48.400,5348.6000,53574,0,6163833280.000,0,-,-,-,-,5347.6000,5347.4000,5347.2000,5346.8000,5346.6000,5348.0000,5349.2000,5349.4000,5350.2000,5350.8000,3,2,2,1,1,1,2,2,1,1
SF,IC2003,2020-01-03 11:12:48.900,5348.0000,53574,0,6164902880.000,1,0,1,空换,B,5348.2000,5348.0000,5347.8000,5347.6000,5347.2000,5349.4000,5350.2000,5350.8000,5351.2000,5351.8000,1,3,3,3,1,2,1,1,3,1
SF,IC2003,2020-01-03 11:12:49.400,5348.0000,53574,0,6164902880.000,0,-,-,-,-,5348.2000,5348.0000,5347.8000,5347.6000,5347.2000,5349.2000,5349.4000,5350.2000,5350.8000,5351.2000,1,3,2,1,1,2,1,1,1,3
SF,IC2003,2020-01-03 11:12:50.400,5348.0000,53574,0,6164902880.000,0,-,-,-,-,5348.2000,5348.0000,5347.8000,5347.6000,5347.2000,5349.2000,5349.4000,5350.2000,5350.8000,5351.2000,2,3,2,1,1,2,1,1,1,3
SF,IC2003,2020-01-03 11:12:52.900,5348.0000,53574,0,6164902880.000,0,-,-,-,-,5348.2000,5348.0000,5347.8000,5347.6000,5347.2000,5349.2000,5349.4000,5350.2000,5350.8000,5351.2000,2,3,2,1,1,2,1,1,1,3
SF,IC2003,2020-01-03 11:12:53.400,5348.0000,53574,0,6164902880.000,0,-,-,-,-,5348.4000,5348.2000,5348.0000,5347.8000,5347.2000,5349.4000,5350.2000,5350.8000,5351.2000,5351.8000,1,2,3,2,1,1,1,1,3,1
SF,IC2003,2020-01-03 11:12:53.900,5348.0000,53574,0,6164902880.000,0,-,-,-,-,5348.4000,5348.2000,5348.0000,5347.8000,5347.2000,5349.4000,5350.0000,5350.2000,5350.8000,5351.2000,1,2,3,2,1,1,1,1,1,3
SF,IC2003,2020-01-03 11:12:54.400,5348.0000,53574,0,6164902880.000,0,-,-,-,-,5348.4000,5348.2000,5348.0000,5347.8000,5347.4000,5349.4000,5350.0000,5350.2000,5350.8000,5351.2000,1,2,3,2,1,1,1,1,1,3
SF,IC2003,2020-01-03 11:12:54.900,5348.0000,53574,0,6164902880.000,0,-,-,-,-,5348.4000,5348.2000,5347.8000,5347.4000,5347.2000,5349.4000,5350.0000,5350.2000,5350.8000,5351.2000,1,2,2,1,1,1,1,1,1,3
SF,IC2003,2020-01-03 11:12:55.400,5348.0000,53574,0,6164902880.000,0,-,-,-,-,5348.6000,5348.4000,5348.2000,5347.4000,5347.2000,5349.4000,5350.0000,5350.2000,5350.8000,5351.2000,2,1,1,1,1,1,1,1,1,3
SF,IC2003,2020-01-03 11:12:55.900,5349.4000,53574,0,6165972760.000,1,0,1,空换,B,5348.6000,5348.4000,5348.2000,5347.4000,5347.2000,5350.0000,5350.2000,5350.8000,5351.2000,5351.8000,2,1,1,1,1,1,1,1,3,1
SF,IC2003,2020-01-03 11:12:56.400,5349.4000,53574,0,6165972760.000,0,-,-,-,-,5348.6000,5348.4000,5348.2000,5347.4000,5347.2000,5350.2000,5350.8000,5351.2000,5351.8000,5355.0000,2,1,1,1,1,1,1,3,1,1
SF,IC2003,2020-01-03 11:12:56.900,5349.4000,53574,0,6165972760.000,0,-,-,-,-,5348.8000,5348.6000,5348.2000,5347.4000,5347.2000,5350.0000,5350.2000,5350.6000,5350.8000,5351.2000,1,2,1,1,1,2,1,1,1,3
SF,IC2003,2020-01-03 11:12:58.900,5349.4000,53574,0,6165972760.000,0,-,-,-,-,5349.4000,5348.8000,5348.6000,5348.2000,5347.4000,5350.0000,5350.2000,5350.6000,5350.8000,5351.2000,1,1,2,1,1,2,1,1,1,3
SF,IC2003,2020-01-03 11:12:59.400,5349.4000,53575,1,6167042640.000,1,1,0,双开,B,5348.8000,5348.6000,5348.2000,5347.4000,5347.2000,5350.0000,5350.2000,5350.6000,5350.8000,5351.2000,1,2,1,1,1,2,1,1,1,3
SF,IC2003,2020-01-03 11:12:59.900,5348.8000,53574,-1,6169182400.000,2,0,2,空平,B,5348.6000,5348.2000,5347.4000,5347.2000,5346.8000,5350.0000,5350.2000,5350.6000,5350.8000,5351.2000,2,1,1,1,1,1,1,1,1,3
SF,IC2003,2020-01-03 11:13:00.400,5348.8000,53574,0,6169182400.000,0,-,-,-,-,5348.6000,5348.2000,5347.4000,5347.2000,5346.8000,5348.8000,5350.0000,5350.2000,5350.8000,5351.2000,2,1,1,1,1,1,1,1,1,3
SF,IC2003,2020-01-03 11:13:00.900,5348.8000,53574,0,6170252160.000,1,0,1,空换,B,5348.8000,5348.2000,5347.4000,5347.2000,5346.8000,5349.6000,5350.2000,5350.8000,5351.2000,5351.8000,6,1,1,1,1,1,1,1,3,1
SF,IC2003,2020-01-03 11:13:01.400,5348.8000,53574,0,6170252160.000,0,-,-,-,-,5348.8000,5348.2000,5347.4000,5347.2000,5346.8000,5350.2000,5350.8000,5351.2000,5351.8000,5355.0000,5,1,1,1,1,1,1,3,1,1
SF,IC2003,2020-01-03 11:13:01.900,5348.8000,53574,0,6170252160.000,0,-,-,-,-,5349.0000,5348.8000,5348.2000,5347.4000,5347.2000,5350.2000,5350.4000,5350.8000,5351.2000,5351.8000,2,5,1,1,1,1,1,1,3,1
SF,IC2003,2020-01-03 11:13:02.400,5348.8000,53574,0,6170252160.000,0,-,-,-,-,5349.0000,5348.8000,5348.2000,5347.4000,5347.2000,5350.2000,5350.4000,5350.8000,5351.2000,5351.8000,3,4,1,1,1,1,1,1,3,1
SF,IC2003,2020-01-03 11:13:03.400,5348.8000,53574,0,6170252160.000,0,-,-,-,-,5349.2000,5349.0000,5348.8000,5348.2000,5347.4000,5350.2000,5350.4000,5350.8000,5351.2000,5351.8000,1,2,4,1,1,1,1,1,3,1
SF,IC2003,2020-01-03 11:13:03.900,5348.8000,53574,0,6170252160.000,0,-,-,-,-,5349.4000,5349.2000,5348.8000,5348.2000,5347.4000,5350.2000,5350.4000,5350.8000,5351.2000,5351.8000,3,1,4,1,1,1,1,1,3,1
SF,IC2003,2020-01-03 11:13:04.400,5348.8000,53574,0,6170252160.000,0,-,-,-,-,5349.4000,5349.2000,5348.8000,5348.2000,5347.4000,5350.2000,5350.8000,5351.2000,5351.8000,5355.0000,3,1,4,1,1,1,1,3,1,1
SF,IC2003,2020-01-03 11:13:04.900,5348.8000,53574,0,6172391680.000,2,1,1,空换,B,5349.4000,5349.2000,5348.8000,5348.2000,5347.4000,5350.2000,5350.8000,5351.2000,5351.8000,5355.0000,1,1,4,1,1,1,1,3,1,1
SF,IC2003,2020-01-03 11:13:05.400,5349.0000,53574,0,6173461480.000,1,0,1,空换,B,5349.2000,5348.8000,5348.2000,5347.4000,5347.2000,5350.2000,5350.8000,5351.2000,5351.8000,5355.0000,1,4,1,1,1,1,1,3,1,1
SF,IC2003,2020-01-03 11:13:05.900,5349.0000,53574,0,6173461480.000,0,-,-,-,-,5349.2000,5348.8000,5347.4000,5347.2000,5346.8000,5350.2000,5350.8000,5351.2000,5351.8000,5355.0000,1,2,1,1,1,1,1,3,1,1
SF,IC2003,2020-01-03 11:13:06.400,5349.2000,53573,-1,6174531320.000,1,0,1,双平,B,5348.8000,5347.4000,5347.2000,5346.8000,5346.6000,5350.2000,5350.6000,5350.8000,5351.2000,5351.8000,2,1,1,1,1,1,1,1,3,1
SF,IC2003,2020-01-03 11:13:06.900,5349.2000,53573,0,6174531320.000,0,-,-,-,-,5347.4000,5347.2000,5346.8000,5346.6000,5346.4000,5348.4000,5349.8000,5350.0000,5350.2000,5350.8000,1,1,1,1,1,1,1,2,2,1
SF,IC2003,2020-01-03 11:13:07.400,5348.4000,53572,-1,6175601000.000,1,0,1,双平,B,5348.4000,5348.0000,5347.8000,5347.6000,5347.4000,5349.2000,5349.8000,5350.0000,5350.2000,5350.8000,1,1,2,5,1,1,1,2,2,1
SF,IC2003,2020-01-03 11:13:07.900,5348.4000,53572,0,6175601000.000,0,-,-,-,-,5348.4000,5347.8000,5347.6000,5347.4000,5347.2000,5349.8000,5350.0000,5350.2000,5350.8000,5351.2000,2,1,5,1,1,1,2,2,1,3
SF,IC2003,2020-01-03 11:13:08.400,5348.4000,53572,0,6175601000.000,0,-,-,-,-,5348.4000,5347.8000,5347.6000,5347.4000,5347.2000,5349.6000,5349.8000,5350.2000,5350.8000,5351.2000,2,1,3,1,1,2,1,2,1,3
SF,IC2003,2020-01-03 11:13:10.400,5348.4000,53572,0,6175601000.000,0,-,-,-,-,5348.4000,5347.8000,5347.6000,5347.4000,5347.2000,5349.6000,5349.8000,5350.2000,5350.8000,5351.2000,2,1,3,1,1,2,1,1,1,3
SF,IC2003,2020-01-03 11:13:10.900,5348.4000,53572,0,6175601000.000,0,-,-,-,-,5348.4000,5347.8000,5347.6000,5347.4000,5347.2000,5349.4000,5349.6000,5349.8000,5350.2000,5350.8000,2,1,3,1,1,1,2,1,1,1
SF,IC2003,2020-01-03 11:13:12.400,5348.4000,53572,0,6176670680.000,1,0,1,空换,B,5347.8000,5347.6000,5347.4000,5347.2000,5346.6000,5349.4000,5349.6000,5349.8000,5350.2000,5350.8000,1,3,1,1,1,1,2,1,1,1
SF,IC2003,2020-01-03 11:13:12.900,5348.4000,53572,0,6176670680.000,0,-,-,-,-,5347.8000,5347.6000,5347.4000,5347.2000,5346.6000,5349.2000,5349.4000,5349.8000,5350.2000,5350.8000,1,3,1,1,1,2,2,1,1,1
SF,IC2003,2020-01-03 11:13:13.400,5348.4000,53572,0,6176670680.000,0,-,-,-,-,5347.8000,5347.6000,5347.4000,5347.2000,5346.6000,5349.0000,5349.2000,5349.4000,5350.2000,5350.8000,1,3,1,1,1,1,2,2,1,1
SF,IC2003,2020-01-03 11:13:14.900,5348.4000,53572,0,6176670680.000,0,-,-,-,-,5347.8000,5347.6000,5347.4000,5347.2000,5346.6000,5349.2000,5349.4000,5350.2000,5350.8000,5351.2000,1,3,1,1,1,2,1,1,1,3
SF,IC2003,2020-01-03 11:13:15.400,5348.4000,53572,0,6176670680.000,0,-,-,-,-,5348.0000,5347.8000,5347.6000,5347.4000,5347.2000,5349.2000,5349.4000,5350.2000,5350.8000,5351.2000,2,1,1,1,1,2,1,1,1,3
SF,IC2003,2020-01-03 11:13:15.900,5348.4000,53572,0,6176670680.000,0,-,-,-,-,5348.0000,5347.8000,5347.6000,5347.4000,5347.2000,5349.2000,5350.2000,5350.8000,5351.2000,5351.8000,2,1,1,1,1,2,1,1,3,1
SF,IC2003,2020-01-03 11:13:17.900,5348.4000,53572,0,6176670680.000,0,-,-,-,-,5348.2000,5348.0000,5347.8000,5347.4000,5346.6000,5349.2000,5350.2000,5350.8000,5351.2000,5351.8000,3,2,1,1,1,2,1,1,3,1
SF,IC2003,2020-01-03 11:13:18.400,5348.4000,53572,0,6176670680.000,0,-,-,-,-,5348.2000,5348.0000,5347.8000,5347.4000,5346.6000,5350.2000,5350.8000,5351.2000,5351.8000,5355.0000,3,2,1,1,1,1,1,3,1,1
SF,IC2003,2020-01-03 11:13:18.900,5348.4000,53572,0,6176670680.000,0,-,-,-,-,5348.4000,5348.2000,5347.8000,5347.4000,5346.6000,5349.8000,5350.0000,5350.2000,5350.4000,5350.8000,2,2,1,1,1,1,2,1,1,1
SF,IC2003,2020-01-03 11:13:19.400,5348.4000,53572,0,6176670680.000,0,-,-,-,-,5348.2000,5347.8000,5347.4000,5346.6000,5346.2000,5349.6000,5349.8000,5350.2000,5350.8000,5351.2000,1,1,1,1,3,2,2,1,1,3
SF,IC2003,2020-01-03 11:13:19.900,5348.2000,53572,0,6177740320.000,1,0,1,空换,B,5347.8000,5347.4000,5346.6000,5346.2000,5346.0000,5348.2000,5349.2000,5349.4000,5349.6000,5350.2000,1,1,1,3,3,1,2,2,2,1
SF,IC2003,2020-01-03 11:13:20.400,5348.0000,53571,-1,6178809920.000,1,0,1,双平,B,5347.8000,5347.4000,5346.6000,5346.2000,5346.0000,5348.2000,5349.2000,5349.4000,5349.6000,5350.2000,1,1,1,3,3,1,2,1,2,1
SF,IC2003,2020-01-03 11:13:20.900,5348.0000,53571,0,6178809920.000,0,-,-,-,-,5347.8000,5347.4000,5346.6000,5346.2000,5346.0000,5348.2000,5349.0000,5349.2000,5349.4000,5349.6000,1,1,1,3,3,1,1,2,1,2
SF,IC2003,2020-01-03 11:13:21.400,5348.0000,53571,0,6178809920.000,0,-,-,-,-,5347.4000,5346.6000,5346.2000,5346.0000,5345.6000,5348.2000,5349.0000,5349.2000,5349.4000,5349.6000,1,1,3,3,1,1,1,1,1,2
SF,IC2003,2020-01-03 11:13:22.900,5348.0000,53571,0,6178809920.000,0,-,-,-,-,5347.6000,5347.4000,5346.6000,5346.2000,5346.0000,5348.2000,5349.0000,5349.2000,5349.6000,5350.2000,1,1,1,3,3,1,1,1,2,1
SF,IC2003,2020-01-03 11:13:25.400,5348.2000,53572,1,6179879560.000,1,1,0,双开,B,5347.6000,5347.4000,5346.6000,5346.2000,5346.0000,5349.0000,5349.6000,5350.2000,5350.8000,5351.2000,1,1,1,3,3,1,2,1,1,3
SF,IC2003,2020-01-03 11:13:25.900,5348.2000,53572,0,6179879560.000,0,-,-,-,-,5347.6000,5347.4000,5346.6000,5346.2000,5346.0000,5349.6000,5350.2000,5350.8000,5351.2000,5351.8000,2,1,1,3,3,2,1,1,3,1
SF,IC2003,2020-01-03 11:13:26.400,5348.2000,53572,0,6179879560.000,0,-,-,-,-,5347.8000,5347.6000,5347.4000,5346.6000,5346.2000,5349.2000,5349.4000,5349.6000,5350.2000,5350.8000,2,2,1,1,3,1,1,2,1,1
SF,IC2003,2020-01-03 11:13:26.900,5348.2000,53572,0,6179879560.000,0,-,-,-,-,5347.8000,5347.6000,5347.4000,5346.6000,5346.2000,5349.0000,5349.2000,5349.4000,5350.2000,5350.8000,2,2,1,1,3,2,1,1,1,1
SF,IC2003,2020-01-03 11:13:27.400,5348.2000,53572,0,6179879560.000,0,-,-,-,-,5347.8000,5347.6000,5347.4000,5346.6000,5346.2000,5349.2000,5349.4000,5350.2000,5350.8000,5351.2000,2,2,1,1,3,1,1,1,1,3
SF,IC2003,2020-01-03 11:13:29.400,5348.2000,53572,0,6179879560.000,0,-,-,-,-,5347.8000,5347.6000,5347.4000,5346.6000,5346.2000,5349.2000,5349.4000,5350.2000,5350.8000,5351.2000,2,1,1,1,3,1,1,1,1,3
SF,IC2003,2020-01-03 11:13:29.900,5347.8000,53571,-1,6180949120.000,1,0,1,双平,B,5347.6000,5347.4000,5346.6000,5346.2000,5346.0000,5349.0000,5349.2000,5349.4000,5350.2000,5350.8000,1,1,1,3,3,2,2,1,1,1
SF,IC2003,2020-01-03 11:13:30.400,5347.8000,53571,0,6180949120.000,0,-,-,-,-,5347.6000,5347.4000,5346.6000,5346.2000,5346.0000,5348.6000,5348.8000,5349.0000,5350.2000,5350.8000,1,1,1,3,3,1,1,2,1,1
SF,IC2003,2020-01-03 11:13:30.900,5347.8000,53571,0,6180949120.000,0,-,-,-,-,5347.6000,5347.4000,5346.6000,5346.2000,5346.0000,5348.0000,5348.4000,5348.6000,5348.8000,5350.2000,1,1,1,3,3,1,2,1,1,1
SF,IC2003,2020-01-03 11:13:33.400,5348.0000,53571,0,6182018720.000,1,0,1,空换,B,5347.6000,5347.4000,5346.6000,5346.2000,5346.0000,5348.4000,5348.6000,5350.2000,5350.8000,5351.2000,1,1,1,3,3,2,1,1,1,3
SF,IC2003,2020-01-03 11:13:36.400,5348.0000,53571,0,6182018720.000,0,-,-,-,-,5347.6000,5347.4000,5346.6000,5346.2000,5346.0000,5348.4000,5348.6000,5350.2000,5350.8000,5351.2000,2,1,1,3,3,2,1,1,1,3
SF,IC2003,2020-01-03 11:13:37.400,5347.6000,53570,-1,6183088240.000,1,0,1,双平,B,5347.4000,5346.6000,5346.2000,5346.0000,5345.6000,5348.4000,5348.6000,5350.2000,5350.8000,5351.2000,1,1,3,3,1,2,1,1,1,3
SF,IC2003,2020-01-03 11:13:42.400,5347.4000,53570,0,6184157720.000,1,0,1,空换,B,5346.6000,5346.2000,5346.0000,5345.6000,5345.0000,5347.4000,5348.4000,5348.6000,5350.2000,5350.8000,1,3,3,1,1,3,2,1,1,1
SF,IC2003,2020-01-03 11:13:42.900,5347.4000,53570,0,6184157720.000,0,-,-,-,-,5347.0000,5346.6000,5346.2000,5346.0000,5345.6000,5347.4000,5348.4000,5348.6000,5350.2000,5350.8000,1,1,3,3,1,3,2,1,1,1
SF,IC2003,2020-01-03 11:13:43.400,5347.4000,53570,0,6184157720.000,0,-,-,-,-,5346.6000,5346.2000,5346.0000,5345.6000,5345.0000,5347.4000,5348.4000,5348.6000,5350.2000,5350.8000,1,3,3,1,1,6,2,1,1,1
SF,IC2003,2020-01-03 11:13:43.900,5347.4000,53570,0,6184157720.000,0,-,-,-,-,5346.6000,5346.2000,5346.0000,5345.6000,5345.0000,5347.4000,5348.4000,5350.2000,5350.8000,5351.2000,1,3,3,1,1,6,2,1,1,3
SF,IC2003,2020-01-03 11:13:44.400,5347.4000,53570,0,6184157720.000,0,-,-,-,-,5346.6000,5346.2000,5346.0000,5345.6000,5345.0000,5347.2000,5347.4000,5350.2000,5350.8000,5351.2000,1,3,3,1,1,2,6,1,1,3
SF,IC2003,2020-01-03 11:13:44.900,5346.6000,53570,0,6185227040.000,1,0,1,空换,B,5346.2000,5346.0000,5345.6000,5345.0000,5344.8000,5346.6000,5347.2000,5347.4000,5350.2000,5350.8000,3,3,1,1,2,1,2,6,1,1
SF,IC2003,2020-01-03 11:13:45.400,5346.2000,53573,3,6188434760.000,3,3,0,双开,B,5346.0000,5345.6000,5345.0000,5344.8000,5344.6000,5346.2000,5346.4000,5346.6000,5347.2000,5347.4000,3,1,1,2,1,3,1,1,2,6
SF,IC2003,2020-01-03 11:13:45.900,5346.0000,53571,-2,6194849960.000,6,2,4,空平,B,5345.6000,5345.0000,5344.8000,5344.6000,5344.2000,5346.0000,5346.2000,5346.4000,5346.6000,5347.2000,1,1,2,1,2,5,3,1,1,2
SF,IC2003,2020-01-03 11:13:46.400,5346.0000,53571,0,6195919160.000,1,0,1,空换,B,5345.6000,5345.0000,5344.8000,5344.6000,5344.2000,5346.2000,5346.4000,5346.6000,5347.2000,5347.4000,1,1,2,1,2,3,1,1,2,6
SF,IC2003,2020-01-03 11:13:46.900,5346.0000,53571,0,6195919160.000,0,-,-,-,-,5345.6000,5345.0000,5344.8000,5344.6000,5344.2000,5346.2000,5346.4000,5346.6000,5347.2000,5347.4000,2,1,2,1,2,3,1,1,2,6
SF,IC2003,2020-01-03 11:13:48.900,5346.0000,53571,0,6195919160.000,0,-,-,-,-,5345.6000,5345.0000,5344.8000,5344.6000,5344.2000,5346.2000,5346.4000,5346.6000,5347.2000,5347.4000,2,1,2,1,2,3,1,1,2,3
SF,IC2003,2020-01-03 11:13:49.900,5346.6000,53574,3,6201265480.000,5,4,1,多开,B,5346.8000,5345.8000,5345.6000,5345.0000,5344.8000,5347.2000,5347.4000,5350.2000,5350.8000,5351.2000,4,2,2,1,2,2,3,1,1,3
SF,IC2003,2020-01-03 11:13:50.900,5346.6000,53574,0,6201265480.000,0,-,-,-,-,5346.8000,5345.8000,5345.6000,5345.0000,5344.8000,5347.2000,5347.4000,5350.2000,5350.8000,5351.2000,4,2,2,1,2,2,3,1,1,3
SF,IC2003,2020-01-03 11:13:51.900,5346.6000,53574,0,6201265480.000,0,-,-,-,-,5346.8000,5345.8000,5345.6000,5345.0000,5344.8000,5347.2000,5347.4000,5350.2000,5350.8000,5351.2000,4,2,2,1,2,2,3,1,1,3
SF,IC2003,2020-01-03 11:13:53.400,5347.2000,53573,-1,6203404360.000,2,0,2,空平,B,5346.8000,5345.8000,5345.6000,5345.0000,5344.8000,5347.4000,5350.2000,5350.8000,5351.2000,5351.8000,4,2,2,1,2,3,1,1,3,1
SF,IC2003,2020-01-03 11:13:53.900,5347.4000,53570,-3,6206612800.000,3,0,3,双平,B,5346.8000,5345.8000,5345.6000,5345.0000,5344.8000,5350.2000,5350.8000,5351.2000,5351.8000,5354.8000,4,2,2,1,2,1,1,3,1,7
SF,IC2003,2020-01-03 11:13:54.400,5347.4000,53570,0,6206612800.000,0,-,-,-,-,5347.0000,5346.8000,5345.8000,5345.6000,5345.0000,5348.8000,5349.6000,5349.8000,5350.0000,5350.2000,4,4,2,2,1,1,1,1,5,1
SF,IC2003,2020-01-03 11:13:54.900,5347.2000,53567,-3,6210890960.000,4,0,4,空平,B,5347.2000,5347.0000,5346.8000,5345.8000,5345.6000,5348.8000,5349.6000,5349.8000,5350.0000,5350.2000,1,2,4,2,2,1,1,1,3,1
SF,IC2003,2020-01-03 11:13:55.400,5347.2000,53567,0,6210890960.000,0,-,-,-,-,5347.4000,5347.2000,5346.8000,5345.8000,5345.6000,5348.8000,5349.8000,5350.0000,5350.2000,5350.8000,4,3,4,1,2,1,1,3,1,1
SF,IC2003,2020-01-03 11:13:55.900,5347.2000,53567,0,6210890960.000,0,-,-,-,-,5348.2000,5348.0000,5347.8000,5347.6000,5347.4000,5349.8000,5350.0000,5350.2000,5350.8000,5351.2000,1,2,4,1,4,1,2,1,1,3
SF,IC2003,2020-01-03 11:13:56.400,5347.2000,53567,0,6210890960.000,0,-,-,-,-,5348.0000,5347.8000,5347.6000,5347.4000,5347.2000,5349.6000,5350.2000,5350.8000,5351.2000,5351.8000,2,3,1,3,1,2,1,1,3,1
SF,IC2003,2020-01-03 11:13:56.900,5347.2000,53567,0,6210890960.000,0,-,-,-,-,5347.6000,5347.4000,5347.2000,5346.8000,5345.8000,5349.2000,5349.4000,5349.6000,5350.2000,5350.8000,1,2,1,4,1,1,1,2,1,1
SF,IC2003,2020-01-03 11:13:57.400,5347.2000,53567,0,6211960400.000,1,0,1,空换,B,5347.8000,5347.6000,5347.2000,5346.8000,5345.8000,5349.0000,5349.2000,5350.2000,5350.8000,5351.2000,1,1,1,4,1,2,2,1,1,3
SF,IC2003,2020-01-03 11:13:58.900,5347.2000,53567,0,6211960400.000,0,-,-,-,-,5347.8000,5347.6000,5347.2000,5346.8000,5345.8000,5348.8000,5349.0000,5349.2000,5350.2000,5350.8000,1,1,1,4,1,1,2,2,1,1
SF,IC2003,2020-01-03 11:13:59.400,5347.2000,53567,0,6211960400.000,0,-,-,-,-,5347.6000,5347.2000,5346.8000,5345.8000,5345.6000,5348.6000,5348.8000,5349.2000,5350.2000,5350.8000,1,1,4,1,1,2,1,2,1,1
SF,IC2003,2020-01-03 11:14:02.400,5347.2000,53567,0,6211960400.000,0,-,-,-,-,5347.6000,5347.2000,5346.8000,5345.8000,5345.6000,5348.6000,5349.2000,5350.2000,5350.8000,5351.2000,1,1,4,1,1,2,2,1,1,3
SF,IC2003,2020-01-03 11:14:02.900,5347.2000,53567,0,6211960400.000,0,-,-,-,-,5348.0000,5347.6000,5347.2000,5346.8000,5345.8000,5348.6000,5349.2000,5350.2000,5350.8000,5351.2000,1,1,1,4,1,2,2,1,1,3
SF,IC2003,2020-01-03 11:14:03.400,5347.2000,53567,0,6211960400.000,0,-,-,-,-,5347.6000,5347.2000,5346.8000,5345.8000,5345.6000,5348.6000,5349.2000,5350.2000,5350.8000,5351.2000,1,1,4,1,1,2,2,1,1,3
SF,IC2003,2020-01-03 11:14:04.900,5348.6000,53566,-1,6213030120.000,1,0,1,双平,B,5347.6000,5347.2000,5346.8000,5345.8000,5345.6000,5348.6000,5349.2000,5350.2000,5350.8000,5351.2000,1,1,4,1,1,1,2,1,1,3
SF,IC2003,2020-01-03 11:14:05.400,5348.6000,53566,0,6213030120.000,0,-,-,-,-,5347.6000,5347.2000,5346.8000,5345.8000,5345.6000,5348.0000,5348.6000,5349.2000,5350.2000,5350.8000,1,1,4,1,1,1,1,1,1,1
SF,IC2003,2020-01-03 11:14:05.900,5348.0000,53566,0,6214099720.000,1,0,1,空换,B,5348.2000,5348.0000,5347.8000,5347.2000,5346.8000,5349.2000,5350.2000,5350.8000,5351.2000,5351.8000,1,1,3,1,4,1,1,1,3,1
SF,IC2003,2020-01-03 11:14:06.900,5348.0000,53566,0,6214099720.000,0,-,-,-,-,5348.2000,5348.0000,5347.8000,5347.2000,5346.8000,5350.2000,5350.8000,5351.2000,5351.8000,5354.0000,1,1,3,1,4,1,1,3,1,1
SF,IC2003,2020-01-03 11:14:07.400,5348.0000,53566,0,6214099720.000,0,-,-,-,-,5348.4000,5348.0000,5347.8000,5347.2000,5346.8000,5350.0000,5350.2000,5350.8000,5351.2000,5351.8000,2,1,1,1,4,4,2,1,3,1
SF,IC2003,2020-01-03 11:14:07.900,5348.0000,53566,0,6214099720.000,0,-,-,-,-,5348.6000,5348.4000,5348.0000,5347.8000,5347.2000,5350.0000,5350.2000,5350.8000,5351.2000,5351.8000,1,2,1,1,1,2,1,1,3,1
SF,IC2003,2020-01-03 11:14:08.900,5348.0000,53566,0,6214099720.000,0,-,-,-,-,5348.6000,5348.4000,5348.0000,5347.8000,5347.2000,5350.0000,5350.2000,5350.8000,5351.2000,5351.8000,2,2,1,1,1,2,1,1,3,1
SF,IC2003,2020-01-03 11:14:09.400,5348.0000,53566,0,6214099720.000,0,-,-,-,-,5348.8000,5348.6000,5348.0000,5347.8000,5347.2000,5350.0000,5350.2000,5350.8000,5351.2000,5351.8000,2,2,1,1,1,2,1,1,3,1
SF,IC2003,2020-01-03 11:14:09.900,5348.0000,53566,0,6214099720.000,0,-,-,-,-,5348.8000,5348.6000,5348.0000,5347.8000,5347.2000,5350.2000,5350.8000,5351.2000,5351.8000,5354.0000,2,2,1,1,1,1,1,3,1,1
SF,IC2003,2020-01-03 11:14:10.400,5348.0000,53566,0,6214099720.000,0,-,-,-,-,5348.8000,5348.6000,5348.0000,5347.8000,5347.2000,5350.2000,5350.6000,5350.8000,5351.2000,5351.8000,2,1,1,1,1,1,1,1,3,1
SF,IC2003,2020-01-03 11:14:10.900,5348.0000,53566,0,6214099720.000,0,-,-,-,-,5349.2000,5348.8000,5348.6000,5348.0000,5347.8000,5350.2000,5350.6000,5350.8000,5351.2000,5351.8000,1,2,1,1,1,1,1,1,3,1
SF,IC2003,2020-01-03 11:14:11.400,5350.2000,53565,-1,6215169760.000,1,0,1,双平,B,5350.2000,5349.4000,5349.2000,5348.0000,5347.8000,5350.6000,5350.8000,5351.2000,5351.8000,5354.0000,1,2,1,1,1,1,1,3,1,1
SF,IC2003,2020-01-03 11:14:11.900,5349.4000,53565,0,6217309680.000,2,1,1,空换,B,5349.4000,5349.2000,5347.8000,5346.8000,5345.8000,5350.8000,5351.2000,5351.8000,5354.0000,5354.8000,1,1,1,4,1,1,3,1,1,7
SF,IC2003,2020-01-03 11:14:12.400,5349.2000,53564,-1,6218379520.000,1,0,1,双平,B,5347.8000,5346.8000,5345.8000,5345.6000,5345.0000,5350.6000,5350.8000,5351.2000,5351.8000,5354.0000,1,4,1,1,1,2,2,3,1,1
SF,IC2003,2020-01-03 11:14:12.900,5349.2000,53564,0,6218379520.000,0,-,-,-,-,5348.6000,5348.2000,5348.0000,5347.8000,5346.8000,5350.4000,5350.6000,5350.8000,5351.2000,5351.8000,1,4,4,1,4,2,2,1,3,1
SF,IC2003,2020-01-03 11:14:13.400,5349.2000,53564,0,6218379520.000,0,-,-,-,-,5348.8000,5348.6000,5348.2000,5348.0000,5347.8000,5350.2000,5350.4000,5350.8000,5351.2000,5351.8000,2,2,4,2,1,3,1,1,3,1
SF,IC2003,2020-01-03 11:14:13.900,5348.6000,53561,-3,6222658480.000,4,0,4,空平,B,5348.2000,5348.0000,5347.8000,5346.8000,5345.8000,5348.6000,5350.0000,5350.2000,5350.8000,5351.2000,4,2,1,4,1,2,1,3,1,3
SF,IC2003,2020-01-03 11:14:14.400,5348.6000,53559,-2,6226937360.000,4,1,3,空平,B,5348.8000,5348.6000,5348.4000,5348.2000,5347.8000,5350.0000,5350.2000,5350.8000,5351.2000,5351.8000,5,10,2,2,1,1,3,1,3,1
SF,IC2003,2020-01-03 11:14:14.900,5348.6000,53558,-1,6228007080.000,1,0,1,双平,B,5348.6000,5348.4000,5348.2000,5347.8000,5346.8000,5349.8000,5350.0000,5350.2000,5350.8000,5351.2000,6,2,2,1,4,2,1,1,1,3
SF,IC2003,2020-01-03 11:14:15.400,5348.6000,53558,0,6228007080.000,0,-,-,-,-,5348.6000,5348.4000,5348.2000,5347.8000,5346.8000,5349.6000,5349.8000,5350.8000,5351.2000,5351.8000,7,2,2,1,4,2,2,1,3,1
SF,IC2003,2020-01-03 11:14:15.900,5349.6000,53559,1,6229077000.000,1,1,0,双开,B,5348.6000,5348.4000,5348.2000,5347.8000,5346.8000,5349.6000,5349.8000,5350.8000,5351.2000,5351.8000,7,2,2,1,4,1,2,1,3,1
SF,IC2003,2020-01-03 11:14:17.400,5349.6000,53559,0,6229077000.000,0,-,-,-,-,5348.6000,5348.4000,5348.2000,5347.8000,5346.8000,5349.6000,5349.8000,5350.0000,5350.8000,5351.2000,7,2,2,1,4,1,2,1,1,3
SF,IC2003,2020-01-03 11:14:17.900,5349.6000,53559,0,6229077000.000,0,-,-,-,-,5348.6000,5348.4000,5348.2000,5347.8000,5346.8000,5349.4000,5349.6000,5350.0000,5350.8000,5351.2000,5,2,2,1,4,2,1,1,1,3
SF,IC2003,2020-01-03 11:14:18.400,5349.6000,53559,0,6229077000.000,0,-,-,-,-,5348.6000,5348.4000,5348.2000,5347.8000,5346.8000,5349.2000,5349.4000,5350.0000,5350.8000,5351.2000,4,2,1,1,4,1,2,1,1,3
SF,IC2003,2020-01-03 11:14:18.900,5349.6000,53559,0,6229077000.000,0,-,-,-,-,5348.6000,5348.4000,5348.2000,5347.8000,5346.8000,5349.0000,5349.2000,5350.0000,5350.8000,5351.2000,3,2,1,1,4,2,1,1,1,3
SF,IC2003,2020-01-03 11:14:19.400,5348.6000,53558,-1,6231216440.000,2,0,2,空平,B,5348.6000,5348.4000,5348.2000,5347.8000,5346.8000,5349.0000,5350.0000,5350.8000,5351.2000,5351.8000,1,1,1,1,4,3,1,1,3,1
SF,IC2003,2020-01-03 11:14:19.900,5348.4000,53558,0,6233355840.000,2,1,1,空换,B,5347.8000,5346.8000,5345.8000,5345.6000,5345.0000,5349.0000,5350.0000,5350.8000,5351.2000,5351.8000,1,4,1,1,1,3,1,1,3,1
SF,IC2003,2020-01-03 11:14:22.400,5348.4000,53558,0,6233355840.000,0,-,-,-,-,5347.8000,5346.8000,5345.8000,5345.6000,5345.0000,5348.8000,5349.0000,5350.0000,5350.8000,5351.2000,1,4,1,1,1,1,3,1,1,3
SF,IC2003,2020-01-03 11:14:22.900,5348.4000,53558,0,6233355840.000,0,-,-,-,-,5347.8000,5346.8000,5345.8000,5345.6000,5345.0000,5348.6000,5348.8000,5350.0000,5350.8000,5351.2000,1,4,1,1,1,4,2,1,1,3
SF,IC2003,2020-01-03 11:14:23.400,5347.8000,53558,0,6234425400.000,1,0,1,空换,B,5346.8000,5345.6000,5345.0000,5344.8000,5344.6000,5348.6000,5348.8000,5350.0000,5350.8000,5351.2000,4,1,1,2,1,4,2,1,1,3
SF,IC2003,2020-01-03 11:14:23.900,5347.8000,53558,0,6234425400.000,0,-,-,-,-,5347.6000,5347.4000,5347.2000,5347.0000,5346.8000,5348.6000,5348.8000,5350.0000,5350.8000,5351.2000,1,2,1,2,4,4,1,1,1,3
SF,IC2003,2020-01-03 11:14:24.400,5347.8000,53558,0,6234425400.000,0,-,-,-,-,5347.8000,5347.4000,5347.2000,5347.0000,5346.8000,5348.6000,5348.8000,5350.0000,5350.8000,5351.2000,1,2,1,1,4,4,1,1,1,3
SF,IC2003,2020-01-03 11:14:25.400,5347.8000,53558,0,6234425400.000,0,-,-,-,-,5347.8000,5347.4000,5347.2000,5347.0000,5346.8000,5348.6000,5350.0000,5350.8000,5351.2000,5351.8000,1,2,1,1,4,4,1,1,3,1
SF,IC2003,2020-01-03 11:14:25.900,5347.8000,53558,0,6234425400.000,0,-,-,-,-,5347.8000,5347.4000,5347.2000,5347.0000,5346.8000,5348.6000,5350.0000,5350.8000,5351.2000,5351.8000,1,2,1,1,4,3,1,1,3,1
SF,IC2003,2020-01-03 11:14:26.400,5347.8000,53558,0,6234425400.000,0,-,-,-,-,5347.8000,5347.4000,5347.2000,5347.0000,5346.8000,5348.4000,5348.6000,5350.0000,5350.8000,5351.2000,1,2,1,1,4,1,3,1,1,3
SF,IC2003,2020-01-03 11:14:26.900,5347.8000,53558,0,6234425400.000,0,-,-,-,-,5348.2000,5347.8000,5347.4000,5347.2000,5347.0000,5348.4000,5348.6000,5350.0000,5350.8000,5351.2000,1,1,2,1,1,1,2,1,1,3
SF,IC2003,2020-01-03 11:14:27.400,5348.2000,53558,0,6235495040.000,1,0,1,空换,B,5347.8000,5347.4000,5347.2000,5346.8000,5345.6000,5348.2000,5348.4000,5350.0000,5350.8000,5351.2000,1,1,1,4,1,3,2,1,1,3
SF,IC2003,2020-01-03 11:14:27.900,5348.2000,53558,0,6235495040.000,0,-,-,-,-,5347.8000,5347.4000,5347.2000,5346.8000,5345.6000,5348.0000,5348.2000,5348.4000,5350.0000,5350.8000,1,1,1,4,1,1,3,1,1,1
SF,IC2003,2020-01-03 11:14:28.400,5348.0000,53558,0,6236564640.000,1,0,1,空换,B,5347.8000,5347.4000,5347.2000,5346.8000,5345.6000,5348.4000,5350.0000,5350.8000,5351.2000,5351.8000,1,1,1,4,1,1,1,1,3,1
SF,IC2003,2020-01-03 11:14:28.900,5348.4000,53557,-1,6237634320.000,1,0,1,双平,B,5347.8000,5347.4000,5347.2000,5346.8000,5345.6000,5350.0000,5350.8000,5351.2000,5351.8000,5354.0000,1,1,1,4,1,1,1,3,1,1
SF,IC2003,2020-01-03 11:14:29.400,5348.4000,53557,0,6237634320.000,0,-,-,-,-,5347.8000,5347.4000,5347.2000,5346.8000,5345.6000,5349.4000,5349.6000,5349.8000,5350.0000,5350.8000,1,1,1,4,1,1,2,4,1,1
SF,IC2003,2020-01-03 11:14:29.900,5348.4000,53557,0,6237634320.000,0,-,-,-,-,5347.8000,5347.4000,5347.2000,5346.8000,5345.6000,5349.2000,5349.4000,5349.8000,5350.0000,5350.8000,1,1,1,4,1,4,1,1,1,1
SF,IC2003,2020-01-03 11:14:30.400,5348.4000,53557,0,6237634320.000,0,-,-,-,-,5347.8000,5347.4000,5347.2000,5346.8000,5345.6000,5349.2000,5349.4000,5349.8000,5350.0000,5350.8000,1,1,1,4,1,3,1,1,1,1
SF,IC2003,2020-01-03 11:14:31.900,5347.2000,53554,-3,6241912240.000,4,0,4,空平,B,5346.8000,5345.6000,5345.0000,5344.8000,5344.6000,5347.0000,5349.2000,5349.4000,5349.8000,5350.0000,4,1,1,2,1,1,3,1,1,1
SF,IC2003,2020-01-03 11:14:32.400,5347.0000,53553,-1,6242981640.000,1,0,1,双平,B,5347.8000,5347.4000,5347.2000,5347.0000,5346.8000,5348.0000,5349.2000,5350.0000,5350.8000,5351.2000,1,2,1,9,4,1,3,1,1,3
SF,IC2003,2020-01-03 11:14:32.900,5347.8000,53552,-1,6244051200.000,1,0,1,双平,B,5348.0000,5347.0000,5346.8000,5345.6000,5345.0000,5349.2000,5350.0000,5350.8000,5351.2000,5351.8000,1,5,4,1,1,3,1,1,3,1
SF,IC2003,2020-01-03 11:14:33.400,5348.0000,53552,0,6245120800.000,1,0,1,空换,B,5347.0000,5346.8000,5345.6000,5345.0000,5344.8000,5348.0000,5348.6000,5349.2000,5350.0000,5350.8000,4,4,1,1,2,2,1,3,1,1
SF,IC2003,2020-01-03 11:14:33.900,5348.0000,53552,0,6245120800.000,0,-,-,-,-,5347.8000,5347.2000,5347.0000,5346.8000,5345.6000,5348.0000,5348.6000,5349.2000,5350.0000,5350.8000,1,1,4,4,1,1,1,2,1,1
SF,IC2003,2020-01-03 11:14:34.400,5348.0000,53551,-1,6246190400.000,1,0,1,双平,B,5347.2000,5347.0000,5346.8000,5345.6000,5345.0000,5348.6000,5349.2000,5350.0000,5350.8000,5351.2000,1,4,4,1,1,1,2,1,1,3
SF,IC2003,2020-01-03 11:14:34.900,5348.0000,53551,0,6246190400.000,0,-,-,-,-,5347.4000,5347.0000,5346.8000,5345.6000,5345.0000,5348.4000,5348.6000,5350.0000,5350.8000,5351.2000,1,4,4,1,1,3,2,1,1,3
SF,IC2003,2020-01-03 11:14:35.400,5348.0000,53551,0,6246190400.000,0,-,-,-,-,5347.0000,5346.8000,5345.6000,5345.0000,5344.8000,5348.4000,5348.6000,5350.0000,5350.8000,5351.2000,4,4,1,1,2,3,2,1,1,3
SF,IC2003,2020-01-03 11:14:37.400,5348.0000,53551,0,6246190400.000,0,-,-,-,-,5347.0000,5346.8000,5345.6000,5345.0000,5344.8000,5348.4000,5348.6000,5350.0000,5350.8000,5351.2000,4,4,1,1,2,3,2,1,1,3
SF,IC2003,2020-01-03 11:14:37.900,5348.0000,53551,0,6246190400.000,0,-,-,-,-,5347.0000,5346.8000,5345.6000,5345.0000,5344.8000,5348.4000,5348.6000,5350.0000,5350.8000,5351.2000,4,4,1,1,2,3,1,1,1,3
SF,IC2003,2020-01-03 11:14:38.400,5348.0000,53551,0,6246190400.000,0,-,-,-,-,5347.0000,5346.8000,5345.6000,5345.0000,5344.8000,5348.4000,5348.6000,5350.0000,5350.8000,5351.2000,3,4,1,1,2,3,1,1,1,3
SF,IC2003,2020-01-03 11:14:38.900,5348.0000,53551,0,6246190400.000,0,-,-,-,-,5347.0000,5346.8000,5345.6000,5345.0000,5344.8000,5348.4000,5348.6000,5350.0000,5350.8000,5351.2000,1,4,1,1,2,3,1,1,1,3
SF,IC2003,2020-01-03 11:14:39.900,5348.4000,53551,0,6247260080.000,1,0,1,空换,B,5347.0000,5346.8000,5345.6000,5345.0000,5344.8000,5348.4000,5348.6000,5350.0000,5350.8000,5351.2000,1,4,1,1,2,2,1,1,1,3
SF,IC2003,2020-01-03 11:14:41.400,5348.4000,53551,0,6247260080.000,0,-,-,-,-,5347.0000,5346.8000,5346.2000,5345.6000,5345.0000,5348.4000,5348.6000,5350.0000,5350.8000,5351.2000,1,4,3,1,1,2,1,1,1,3
SF,IC2003,2020-01-03 11:14:42.400,5348.4000,53551,0,6247260080.000,0,-,-,-,-,5347.0000,5346.8000,5346.2000,5345.6000,5345.0000,5348.2000,5348.4000,5348.6000,5350.0000,5350.8000,1,4,3,1,1,1,2,1,1,1
SF,IC2003,2020-01-03 11:14:42.900,5348.4000,53551,0,6247260080.000,0,-,-,-,-,5346.8000,5346.2000,5345.6000,5345.0000,5344.8000,5348.0000,5348.2000,5348.6000,5350.0000,5350.8000,4,3,1,1,2,2,1,1,1,1
SF,IC2003,2020-01-03 11:14:43.400,5348.4000,53551,0,6247260080.000,0,-,-,-,-,5346.8000,5346.2000,5345.6000,5345.0000,5344.8000,5348.0000,5348.2000,5350.0000,5350.8000,5351.2000,4,3,1,1,2,2,1,1,1,3
SF,IC2003,2020-01-03 11:14:45.400,5348.4000,53551,0,6247260080.000,0,-,-,-,-,5347.0000,5346.8000,5346.2000,5345.6000,5345.0000,5348.0000,5350.0000,5350.8000,5351.2000,5351.8000,1,4,3,1,1,2,1,1,3,1
SF,IC2003,2020-01-03 11:14:48.900,5348.4000,53551,0,6247260080.000,0,-,-,-,-,5347.0000,5346.8000,5346.2000,5345.6000,5345.0000,5348.0000,5350.0000,5350.8000,5351.2000,5351.8000,2,4,3,1,1,2,1,1,3,1
SF,IC2003,2020-01-03 11:14:54.400,5348.4000,53551,0,6247260080.000,0,-,-,-,-,5347.8000,5347.0000,5346.8000,5346.2000,5345.6000,5348.0000,5350.0000,5350.8000,5351.2000,5351.8000,3,2,4,3,1,2,1,1,3,1
SF,IC2003,2020-01-03 11:14:54.900,5348.0000,53551,0,6250468880.000,3,1,2,空换,B,5347.0000,5346.8000,5346.2000,5345.6000,5345.0000,5349.8000,5350.0000,5350.8000,5351.2000,5351.8000,2,4,3,1,1,1,1,1,3,1
SF,IC2003,2020-01-03 11:14:55.400,5348.0000,53551,0,6250468880.000,0,-,-,-,-,5347.2000,5347.0000,5346.8000,5346.2000,5345.6000,5348.0000,5348.8000,5349.4000,5349.6000,5349.8000,4,2,4,3,1,1,1,5,3,2
SF,IC2003,2020-01-03 11:14:55.900,5348.0000,53550,-1,6251538480.000,1,0,1,双平,B,5348.0000,5347.8000,5347.2000,5347.0000,5346.8000,5348.8000,5349.4000,5349.6000,5350.0000,5350.8000,3,2,2,2,4,1,3,2,1,1
SF,IC2003,2020-01-03 11:14:56.400,5347.2000,53549,-1,6252607920.000,1,0,1,双平,B,5347.2000,5347.0000,5346.8000,5346.2000,5345.6000,5348.6000,5348.8000,5349.4000,5349.6000,5350.0000,1,2,4,3,1,2,1,3,2,1
SF,IC2003,2020-01-03 11:14:56.900,5347.2000,53549,0,6252607920.000,0,-,-,-,-,5348.2000,5348.0000,5347.2000,5347.0000,5346.8000,5348.6000,5348.8000,5349.4000,5349.6000,5350.0000,4,1,1,2,4,2,1,2,2,1
SF,IC2003,2020-01-03 11:14:57.400,5348.6000,53549,0,6253677640.000,1,0,1,空换,B,5348.0000,5347.2000,5347.0000,5346.8000,5346.2000,5348.6000,5348.8000,5349.4000,5349.6000,5350.0000,1,1,2,4,3,1,1,1,2,1
SF,IC2003,2020-01-03 11:14:57.900,5348.6000,53548,-1,6255817080.000,2,0,2,空平,B,5348.6000,5348.0000,5347.2000,5347.0000,5346.8000,5349.6000,5350.0000,5350.8000,5351.2000,5351.8000,1,1,1,2,4,2,1,1,3,1
SF,IC2003,2020-01-03 11:14:58.400,5348.6000,53548,0,6255817080.000,0,-,-,-,-,5348.0000,5347.2000,5347.0000,5346.8000,5346.2000,5349.6000,5350.0000,5350.8000,5351.2000,5351.8000,1,1,2,4,3,2,1,1,3,1
SF,IC2003,2020-01-03 11:14:58.900,5348.6000,53548,0,6255817080.000,0,-,-,-,-,5348.2000,5348.0000,5347.0000,5346.8000,5346.2000,5349.6000,5350.0000,5350.8000,5351.2000,5351.8000,2,1,2,4,3,2,1,1,3,1
SF,IC2003,2020-01-03 11:15:01.400,5349.6000,53548,0,6256887000.000,1,0,1,空换,B,5348.4000,5348.2000,5348.0000,5347.0000,5346.8000,5349.6000,5350.0000,5350.8000,5351.2000,5351.8000,1,2,1,2,4,1,1,1,3,1
SF,IC2003,2020-01-03 11:15:01.900,5348.6000,53547,-1,6259026640.000,2,0,2,空平,B,5348.6000,5348.4000,5348.0000,5347.0000,5346.8000,5350.0000,5350.8000,5351.2000,5351.8000,5354.4000,2,2,1,2,4,1,1,3,1,1
SF,IC2003,2020-01-03 11:15:02.400,5348.6000,53547,0,6259026640.000,0,-,-,-,-,5348.8000,5348.6000,5348.4000,5348.0000,5347.0000,5350.0000,5350.8000,5351.2000,5351.8000,5354.4000,2,2,1,1,2,1,1,3,1,1
SF,IC2003,2020-01-03 11:15:02.900,5348.6000,53547,0,6259026640.000,0,-,-,-,-,5349.0000,5348.8000,5348.4000,5348.0000,5347.0000,5350.0000,5350.8000,5351.2000,5351.8000,5354.4000,2,2,1,1,2,1,1,3,1,1
SF,IC2003,2020-01-03 11:15:03.900,5348.6000,53547,0,6259026640.000,0,-,-,-,-,5349.0000,5348.4000,5348.0000,5347.0000,5346.8000,5350.0000,5350.8000,5351.2000,5351.8000,5354.4000,2,1,1,2,4,1,1,3,1,1
SF,IC2003,2020-01-03 11:15:04.400,5349.0000,53545,-2,6261166240.000,2,0,2,双平,B,5348.0000,5347.0000,5346.8000,5346.2000,5345.6000,5349.0000,5349.8000,5350.0000,5350.6000,5350.8000,1,2,4,3,1,2,1,1,1,1
SF,IC2003,2020-01-03 11:15:10.900,5349.0000,53545,0,6263305840.000,2,1,1,空换,B,5348.0000,5347.0000,5346.8000,5346.2000,5345.6000,5349.8000,5350.0000,5350.6000,5350.8000,5351.2000,1,2,4,3,1,1,1,1,1,3
SF,IC2003,2020-01-03 11:15:11.400,5349.0000,53545,0,6263305840.000,0,-,-,-,-,5348.2000,5348.0000,5347.0000,5346.8000,5346.2000,5349.4000,5349.6000,5349.8000,5350.0000,5350.8000,3,2,2,4,3,1,1,1,1,1
SF,IC2003,2020-01-03 11:15:11.900,5349.0000,53545,0,6263305840.000,0,-,-,-,-,5348.2000,5348.0000,5347.0000,5346.8000,5346.2000,5349.2000,5349.8000,5350.0000,5350.8000,5351.2000,3,2,2,4,3,1,1,1,1,3
SF,IC2003,2020-01-03 11:15:12.400,5349.0000,53545,0,6263305840.000,0,-,-,-,-,5349.0000,5348.2000,5348.0000,5347.0000,5346.8000,5349.6000,5349.8000,5350.0000,5350.8000,5351.2000,1,3,2,2,4,2,1,1,1,3
SF,IC2003,2020-01-03 11:15:13.400,5349.0000,53545,0,6264375640.000,1,0,1,空换,B,5348.2000,5348.0000,5347.0000,5346.8000,5346.2000,5349.6000,5349.8000,5350.0000,5350.8000,5351.2000,3,2,2,4,3,2,1,1,1,3
SF,IC2003,2020-01-03 11:15:14.400,5349.0000,53545,0,6264375640.000,0,-,-,-,-,5348.2000,5348.0000,5347.0000,5346.8000,5346.2000,5349.6000,5349.8000,5350.0000,5350.8000,5351.2000,3,1,2,4,3,2,1,1,1,3
SF,IC2003,2020-01-03 11:15:14.900,5349.0000,53545,0,6264375640.000,0,-,-,-,-,5348.4000,5348.2000,5348.0000,5347.0000,5346.8000,5349.4000,5349.6000,5350.0000,5350.8000,5351.2000,1,1,1,2,4,2,2,1,1,3
SF,IC2003,2020-01-03 11:15:15.400,5349.0000,53545,0,6264375640.000,0,-,-,-,-,5348.2000,5348.0000,5347.0000,5346.8000,5346.2000,5349.2000,5349.4000,5349.6000,5350.0000,5350.8000,1,1,2,4,3,1,2,1,2,1
SF,IC2003,2020-01-03 11:15:15.900,5349.0000,53545,0,6264375640.000,0,-,-,-,-,5348.2000,5348.0000,5347.0000,5346.8000,5346.2000,5349.0000,5349.2000,5349.6000,5350.0000,5350.8000,1,1,3,4,3,2,1,1,2,1
SF,IC2003,2020-01-03 11:15:16.400,5349.0000,53545,0,6264375640.000,0,-,-,-,-,5348.2000,5348.0000,5347.0000,5346.8000,5346.2000,5348.8000,5349.0000,5349.6000,5350.0000,5350.8000,1,1,3,4,3,1,2,1,2,1
SF,IC2003,2020-01-03 11:15:17.900,5348.8000,53546,1,6265445400.000,1,1,0,双开,B,5348.4000,5348.2000,5348.0000,5347.0000,5346.8000,5349.0000,5349.6000,5350.0000,5350.8000,5351.2000,1,1,1,3,4,2,1,2,1,3
SF,IC2003,2020-01-03 11:15:18.400,5348.8000,53546,0,6265445400.000,0,-,-,-,-,5348.2000,5348.0000,5347.0000,5346.8000,5346.2000,5349.6000,5350.0000,5350.8000,5351.2000,5351.8000,1,1,3,4,3,1,2,1,3,1
SF,IC2003,2020-01-03 11:15:18.900,5348.8000,53546,0,6265445400.000,0,-,-,-,-,5348.2000,5348.0000,5347.0000,5346.8000,5346.2000,5349.4000,5349.6000,5350.0000,5350.8000,5351.2000,1,1,3,4,3,2,1,2,1,3
SF,IC2003,2020-01-03 11:15:19.400,5348.8000,53546,0,6265445400.000,0,-,-,-,-,5348.2000,5348.0000,5347.0000,5346.8000,5346.2000,5349.4000,5349.6000,5350.0000,5350.8000,5351.2000,1,1,3,4,3,2,1,2,1,3
SF,IC2003,2020-01-03 11:15:19.900,5348.8000,53546,0,6265445400.000,0,-,-,-,-,5348.2000,5348.0000,5347.0000,5346.8000,5346.2000,5349.4000,5349.6000,5350.0000,5350.8000,5351.2000,1,1,3,4,3,2,1,2,1,3
SF,IC2003,2020-01-03 11:15:20.400,5348.8000,53546,0,6265445400.000,0,-,-,-,-,5348.4000,5348.2000,5348.0000,5347.0000,5346.8000,5349.0000,5350.0000,5350.8000,5351.2000,5351.8000,2,1,1,3,4,20,2,1,3,1
SF,IC2003,2020-01-03 11:15:21.900,5348.8000,53546,0,6265445400.000,0,-,-,-,-,5348.8000,5348.4000,5348.2000,5348.0000,5347.0000,5349.0000,5350.0000,5350.8000,5351.2000,5351.8000,1,2,1,1,3,20,2,1,3,1
SF,IC2003,2020-01-03 11:15:22.400,5348.8000,53545,-1,6266515160.000,1,0,1,双平,B,5348.2000,5348.0000,5347.0000,5346.8000,5346.2000,5349.0000,5350.0000,5350.8000,5351.2000,5351.8000,1,1,3,4,3,20,2,1,3,1
SF,IC2003,2020-01-03 11:15:23.400,5348.8000,53545,0,6266515160.000,0,-,-,-,-,5348.4000,5348.2000,5348.0000,5347.0000,5346.8000,5349.0000,5350.0000,5350.8000,5351.2000,5351.8000,1,2,1,3,4,20,2,1,3,1
SF,IC2003,2020-01-03 11:15:24.900,5348.8000,53545,0,6266515160.000,0,-,-,-,-,5348.4000,5348.2000,5348.0000,5347.0000,5346.8000,5349.0000,5350.0000,5350.8000,5351.2000,5351.8000,1,1,1,3,4,20,2,1,3,1
SF,IC2003,2020-01-03 11:15:26.400,5348.8000,53545,0,6266515160.000,0,-,-,-,-,5348.4000,5348.0000,5347.0000,5346.8000,5346.2000,5349.0000,5350.0000,5350.8000,5351.2000,5351.8000,1,1,3,4,3,20,2,1,3,1
SF,IC2003,2020-01-03 11:15:26.900,5348.8000,53545,0,6266515160.000,0,-,-,-,-,5348.6000,5348.4000,5348.0000,5347.0000,5346.8000,5349.0000,5350.0000,5350.8000,5351.2000,5351.8000,1,1,1,3,4,20,2,1,3,1
SF,IC2003,2020-01-03 11:15:27.400,5348.4000,53544,-1,6268654560.000,2,0,2,空平,B,5348.0000,5347.0000,5346.8000,5346.2000,5345.6000,5348.4000,5348.6000,5349.0000,5350.0000,5350.8000,1,3,4,3,1,2,2,20,2,1
SF,IC2003,2020-01-03 11:15:27.900,5348.4000,53543,-1,6269724240.000,1,0,1,双平,B,5348.0000,5347.0000,5346.8000,5346.2000,5345.6000,5348.4000,5348.6000,5349.0000,5350.0000,5350.8000,1,3,4,3,1,1,2,20,2,1
SF,IC2003,2020-01-03 11:15:28.400,5348.4000,53542,-1,6271863520.000,2,0,2,空平,B,5347.0000,5346.8000,5346.2000,5345.6000,5345.0000,5348.6000,5349.0000,5350.0000,5350.8000,5351.2000,3,4,3,1,1,2,20,2,1,3
SF,IC2003,2020-01-03 11:15:28.900,5348.6000,53540,-2,6274002960.000,2,0,2,双平,B,5348.0000,5347.8000,5347.4000,5347.2000,5347.0000,5349.0000,5350.0000,5350.8000,5351.2000,5351.8000,1,1,1,4,3,20,2,1,3,1
SF,IC2003,2020-01-03 11:15:29.400,5348.6000,53540,0,6274002960.000,0,-,-,-,-,5347.8000,5347.4000,5347.2000,5347.0000,5346.8000,5348.8000,5349.0000,5350.0000,5350.8000,5351.2000,1,1,4,3,4,2,20,2,1,3
SF,IC2003,2020-01-03 11:15:32.900,5348.6000,53540,0,6274002960.000,0,-,-,-,-,5347.4000,5347.2000,5347.0000,5346.8000,5346.2000,5348.8000,5349.0000,5350.0000,5350.8000,5351.2000,1,3,3,4,3,2,20,2,1,3
SF,IC2003,2020-01-03 11:15:34.400,5348.6000,53540,0,6274002960.000,0,-,-,-,-,5347.4000,5347.2000,5347.0000,5346.8000,5346.2000,5348.6000,5348.8000,5349.0000,5350.0000,5350.8000,1,2,3,4,3,1,2,20,2,1
SF,IC2003,2020-01-03 11:15:34.900,5348.6000,53540,0,6274002960.000,0,-,-,-,-,5347.0000,5346.8000,5346.2000,5345.6000,5345.0000,5348.4000,5348.6000,5349.0000,5350.0000,5350.8000,3,4,3,1,1,2,1,20,2,1
SF,IC2003,2020-01-03 11:15:37.400,5348.6000,53540,0,6274002960.000,0,-,-,-,-,5347.0000,5346.8000,5346.2000,5345.6000,5345.0000,5348.4000,5349.0000,5350.0000,5350.8000,5351.2000,3,4,3,1,1,2,20,2,1,3
SF,IC2003,2020-01-03 11:15:40.900,5347.0000,53540,0,6277211160.000,3,1,2,空换,B,5346.8000,5346.2000,5345.6000,5345.0000,5344.8000,5348.4000,5349.0000,5350.0000,5350.8000,5351.2000,4,3,1,1,2,2,20,2,1,3
SF,IC2003,2020-01-03 11:15:43.400,5347.0000,53540,0,6277211160.000,0,-,-,-,-,5346.8000,5346.2000,5345.6000,5345.0000,5344.8000,5348.0000,5348.4000,5349.0000,5350.0000,5350.8000,4,3,1,1,2,1,2,20,2,1
SF,IC2003,2020-01-03 11:15:43.900,5347.0000,53540,0,6277211160.000,0,-,-,-,-,5346.8000,5346.2000,5345.6000,5345.0000,5344.8000,5347.8000,5348.0000,5348.2000,5349.0000,5350.0000,4,3,1,1,2,2,1,1,20,2
SF,IC2003,2020-01-03 11:15:44.400,5346.8000,53540,0,6278280520.000,1,0,1,空换,B,5346.8000,5346.2000,5345.6000,5345.0000,5344.8000,5347.8000,5348.0000,5348.2000,5349.0000,5350.0000,3,3,1,1,2,2,1,1,20,2
SF,IC2003,2020-01-03 11:15:44.900,5346.8000,53540,0,6279349880.000,1,0,1,空换,B,5346.8000,5346.2000,5345.6000,5345.0000,5344.8000,5347.8000,5348.0000,5348.2000,5349.0000,5350.0000,2,3,1,1,2,2,1,1,20,2
SF,IC2003,2020-01-03 11:15:45.400,5346.8000,53540,0,6279349880.000,0,-,-,-,-,5346.8000,5346.2000,5345.6000,5345.0000,5344.8000,5347.8000,5348.0000,5348.2000,5349.0000,5350.0000,2,3,1,1,2,2,1,1,20,2
SF,IC2003,2020-01-03 11:15:45.900,5346.8000,53540,0,6279349880.000,0,-,-,-,-,5346.8000,5346.2000,5345.6000,5345.0000,5344.8000,5347.8000,5348.0000,5348.2000,5349.0000,5350.0000,2,3,1,1,2,2,1,1,20,2
SF,IC2003,2020-01-03 11:15:46.400,5346.8000,53540,0,6279349880.000,0,-,-,-,-,5346.8000,5346.2000,5345.6000,5345.0000,5344.8000,5347.8000,5348.0000,5348.2000,5349.0000,5350.0000,2,3,1,1,2,2,1,1,20,2
SF,IC2003,2020-01-03 11:15:47.900,5346.8000,53540,0,6281488600.000,2,1,1,空换,B,5346.2000,5345.6000,5345.0000,5344.8000,5344.6000,5347.0000,5347.8000,5348.0000,5348.2000,5349.0000,3,1,1,2,1,2,2,1,1,20
SF,IC2003,2020-01-03 11:15:48.400,5346.8000,53540,0,6281488600.000,0,-,-,-,-,5346.2000,5345.6000,5345.0000,5344.8000,5344.6000,5346.8000,5348.2000,5349.0000,5350.0000,5350.8000,3,1,1,2,1,2,1,20,2,1
SF,IC2003,2020-01-03 11:15:52.400,5346.2000,53541,1,6282557840.000,1,1,0,双开,B,5346.2000,5345.6000,5345.0000,5344.8000,5344.6000,5346.8000,5348.2000,5349.0000,5350.0000,5350.8000,2,1,1,2,1,2,1,20,2,1
SF,IC2003,2020-01-03 11:15:53.400,5346.2000,53541,0,6282557840.000,0,-,-,-,-,5346.2000,5345.6000,5345.0000,5344.8000,5344.6000,5346.8000,5348.2000,5349.0000,5350.0000,5350.8000,2,1,1,2,1,2,1,20,2,1
SF,IC2003,2020-01-03 11:15:53.900,5346.2000,53541,0,6283627080.000,1,0,1,空换,B,5346.2000,5345.6000,5345.0000,5344.8000,5344.6000,5346.8000,5348.2000,5349.0000,5350.0000,5350.8000,1,1,1,2,1,2,1,20,2,1
SF,IC2003,2020-01-03 11:15:54.400,5346.2000,53542,1,6284696320.000,1,1,0,双开,B,5345.6000,5345.0000,5344.8000,5344.6000,5344.2000,5346.0000,5346.8000,5348.2000,5349.0000,5350.0000,1,1,2,1,2,1,2,1,20,2
SF,IC2003,2020-01-03 11:15:54.900,5345.6000,53541,-1,6285765440.000,1,0,1,双平,B,5345.0000,5344.2000,5343.6000,5343.0000,5342.8000,5346.0000,5346.8000,5348.2000,5349.0000,5350.0000,1,2,1,3,1,1,2,1,20,2
SF,IC2003,2020-01-03 11:15:55.400,5345.6000,53541,0,6285765440.000,0,-,-,-,-,5345.0000,5344.2000,5343.6000,5343.0000,5342.8000,5346.0000,5346.8000,5349.0000,5350.0000,5350.8000,1,2,1,3,1,1,2,20,2,1
SF,IC2003,2020-01-03 11:15:55.900,5345.6000,53541,0,6285765440.000,0,-,-,-,-,5345.0000,5344.2000,5343.6000,5343.0000,5342.8000,5345.8000,5346.0000,5346.6000,5349.0000,5350.0000,1,2,1,3,1,2,1,1,20,2
SF,IC2003,2020-01-03 11:15:56.400,5345.6000,53541,0,6285765440.000,0,-,-,-,-,5345.0000,5344.2000,5343.6000,5343.0000,5342.8000,5345.8000,5346.6000,5349.0000,5350.0000,5350.8000,1,2,1,3,1,2,1,20,2,1
SF,IC2003,2020-01-03 11:16:00.400,5345.6000,53541,0,6285765440.000,0,-,-,-,-,5345.0000,5344.2000,5343.6000,5343.0000,5342.8000,5345.8000,5346.6000,5349.0000,5350.0000,5350.4000,1,2,1,3,1,2,1,20,2,1
SF,IC2003,2020-01-03 11:16:01.900,5345.8000,53540,-1,6286834600.000,1,0,1,双平,B,5345.0000,5344.2000,5343.6000,5343.0000,5342.8000,5345.8000,5346.6000,5349.0000,5350.0000,5350.4000,1,2,1,3,1,1,1,20,2,1
SF,IC2003,2020-01-03 11:16:02.400,5345.8000,53539,-1,6287903760.000,1,0,1,双平,B,5345.0000,5344.2000,5343.6000,5343.0000,5342.8000,5346.6000,5349.0000,5350.0000,5350.4000,5350.8000,1,2,1,3,1,1,20,2,1,1
SF,IC2003,2020-01-03 11:16:02.900,5345.8000,53539,0,6287903760.000,0,-,-,-,-,5345.0000,5344.2000,5343.6000,5343.0000,5342.8000,5346.4000,5349.0000,5350.0000,5350.4000,5350.8000,1,2,1,3,1,2,20,2,1,1
SF,IC2003,2020-01-03 11:16:03.400,5345.8000,53539,0,6287903760.000,0,-,-,-,-,5345.2000,5345.0000,5344.2000,5343.6000,5343.0000,5346.4000,5349.0000,5350.0000,5350.4000,5350.8000,2,1,2,1,3,2,20,2,1,1
SF,IC2003,2020-01-03 11:16:03.900,5345.2000,53537,-2,6290041840.000,2,0,2,双平,B,5345.0000,5344.2000,5343.6000,5343.0000,5342.8000,5346.4000,5349.0000,5350.0000,5350.4000,5350.8000,1,2,1,3,1,2,20,2,1,1
SF,IC2003,2020-01-03 11:16:05.400,5345.2000,53537,0,6290041840.000,0,-,-,-,-,5345.2000,5345.0000,5344.2000,5343.6000,5343.0000,5346.4000,5349.0000,5350.0000,5350.4000,5350.8000,2,1,2,1,3,2,20,2,1,1
SF,IC2003,2020-01-03 11:16:05.900,5345.2000,53537,0,6290041840.000,0,-,-,-,-,5345.4000,5345.2000,5345.0000,5344.2000,5343.6000,5346.4000,5349.0000,5350.0000,5350.4000,5350.8000,1,2,1,2,1,2,20,2,1,1
SF,IC2003,2020-01-03 11:16:06.400,5346.4000,53536,-1,6291111120.000,1,0,1,双平,B,5345.4000,5345.2000,5345.0000,5344.2000,5343.6000,5349.0000,5350.0000,5350.4000,5350.8000,5351.2000,1,2,1,2,1,20,2,1,1,3
SF,IC2003,2020-01-03 11:16:06.900,5346.4000,53536,0,6291111120.000,0,-,-,-,-,5345.6000,5345.4000,5345.2000,5345.0000,5344.2000,5346.6000,5347.2000,5347.8000,5348.0000,5348.2000,5,1,2,1,2,2,1,1,1,1
SF,IC2003,2020-01-03 11:16:07.400,5346.6000,53535,-1,6292180440.000,1,0,1,双平,B,5345.6000,5345.4000,5345.2000,5345.0000,5344.2000,5347.2000,5348.2000,5348.6000,5348.8000,5349.0000,2,1,2,1,2,1,1,5,3,20
SF,IC2003,2020-01-03 11:16:08.400,5346.6000,53535,0,6292180440.000,0,-,-,-,-,5346.0000,5345.8000,5345.6000,5345.4000,5345.2000,5347.2000,5348.2000,5348.6000,5348.8000,5349.0000,1,1,2,1,1,1,1,5,3,20
SF,IC2003,2020-01-03 11:16:08.900,5346.6000,53535,0,6292180440.000,0,-,-,-,-,5346.2000,5345.8000,5345.2000,5345.0000,5344.2000,5347.2000,5347.6000,5348.2000,5348.6000,5348.8000,2,1,1,1,2,1,1,1,5,2
SF,IC2003,2020-01-03 11:16:10.400,5346.6000,53535,0,6292180440.000,0,-,-,-,-,5346.2000,5345.2000,5345.0000,5344.2000,5343.6000,5347.2000,5347.6000,5348.2000,5348.6000,5348.8000,2,1,1,2,1,1,1,1,5,2
SF,IC2003,2020-01-03 11:16:10.900,5346.6000,53535,0,6292180440.000,0,-,-,-,-,5346.4000,5346.2000,5345.2000,5345.0000,5344.2000,5347.2000,5347.6000,5348.2000,5348.6000,5348.8000,1,3,1,1,2,1,1,1,5,2
SF,IC2003,2020-01-03 11:16:13.900,5346.6000,53535,0,6292180440.000,0,-,-,-,-,5346.4000,5346.2000,5345.2000,5345.0000,5344.2000,5347.6000,5348.6000,5348.8000,5349.0000,5350.0000,1,3,1,1,2,1,3,2,20,2
SF,IC2003,2020-01-03 11:16:14.400,5346.6000,53535,0,6292180440.000,0,-,-,-,-,5346.4000,5346.2000,5345.2000,5345.0000,5344.2000,5347.4000,5347.6000,5348.6000,5349.0000,5350.0000,1,1,1,1,2,2,1,3,20,2
SF,IC2003,2020-01-03 11:16:14.900,5346.6000,53535,0,6292180440.000,0,-,-,-,-,5346.4000,5346.2000,5345.2000,5345.0000,5344.2000,5347.4000,5348.6000,5349.0000,5350.0000,5350.4000,1,1,1,1,2,2,3,20,2,1
SF,IC2003,2020-01-03 11:16:15.400,5346.6000,53535,0,6292180440.000,0,-,-,-,-,5346.4000,5346.2000,5345.0000,5344.2000,5343.6000,5347.4000,5348.4000,5348.6000,5349.0000,5350.0000,1,1,1,2,1,2,1,3,20,2
SF,IC2003,2020-01-03 11:16:15.900,5346.4000,53535,0,6293249720.000,1,0,1,空换,B,5346.2000,5345.0000,5344.2000,5343.6000,5343.0000,5347.4000,5348.4000,5348.6000,5349.0000,5350.0000,1,1,2,1,3,2,1,3,20,2
SF,IC2003,2020-01-03 11:16:16.400,5346.4000,53535,0,6293249720.000,0,-,-,-,-,5346.2000,5345.0000,5344.2000,5343.6000,5343.0000,5347.0000,5347.2000,5347.4000,5348.4000,5348.6000,1,1,2,1,3,1,2,2,1,3
SF,IC2003,2020-01-03 11:16:16.900,5346.4000,53535,0,6293249720.000,0,-,-,-,-,5346.2000,5345.0000,5344.2000,5343.6000,5343.0000,5346.8000,5347.0000,5347.2000,5348.4000,5348.6000,1,1,2,1,3,2,1,1,1,3
SF,IC2003,2020-01-03 11:16:17.400,5346.2000,53534,-1,6295388200.000,2,0,2,空平,B,5345.0000,5344.2000,5343.6000,5343.0000,5342.8000,5346.8000,5347.2000,5348.4000,5348.6000,5349.0000,1,2,1,3,1,2,1,1,3,20
SF,IC2003,2020-01-03 11:16:17.900,5346.2000,53534,0,6295388200.000,0,-,-,-,-,5345.2000,5345.0000,5344.2000,5343.6000,5343.0000,5346.4000,5346.6000,5346.8000,5347.2000,5348.4000,2,2,2,1,3,2,1,2,1,1
SF,IC2003,2020-01-03 11:16:18.400,5346.2000,53534,0,6295388200.000,0,-,-,-,-,5345.8000,5345.6000,5345.4000,5345.2000,5345.0000,5346.6000,5347.2000,5348.4000,5348.6000,5349.0000,2,1,2,2,2,1,1,1,3,20
SF,IC2003,2020-01-03 11:16:18.900,5346.2000,53534,0,6295388200.000,0,-,-,-,-,5345.2000,5345.0000,5344.2000,5343.6000,5343.0000,5347.2000,5348.4000,5348.6000,5349.0000,5350.0000,2,1,2,1,3,1,1,3,20,2
SF,IC2003,2020-01-03 11:16:19.400,5346.2000,53534,0,6295388200.000,0,-,-,-,-,5345.2000,5345.0000,5344.2000,5343.6000,5343.0000,5346.8000,5347.0000,5347.2000,5348.4000,5348.6000,3,1,2,1,3,1,5,1,1,3
SF,IC2003,2020-01-03 11:16:19.900,5346.2000,53534,0,6295388200.000,0,-,-,-,-,5345.2000,5345.0000,5344.2000,5343.6000,5343.0000,5346.6000,5346.8000,5347.2000,5348.4000,5348.6000,3,1,2,1,3,2,1,1,1,3
SF,IC2003,2020-01-03 11:16:20.400,5346.2000,53534,0,6295388200.000,0,-,-,-,-,5345.4000,5345.2000,5345.0000,5344.6000,5344.2000,5346.6000,5346.8000,5347.2000,5348.4000,5348.6000,1,3,1,1,2,2,1,1,1,3
SF,IC2003,2020-01-03 11:16:25.400,5346.2000,53534,0,6295388200.000,0,-,-,-,-,5345.4000,5345.2000,5345.0000,5344.6000,5344.2000,5346.6000,5346.8000,5347.2000,5348.4000,5348.6000,1,3,1,1,2,2,1,1,1,3
SF,IC2003,2020-01-03 11:16:25.900,5346.2000,53534,0,6295388200.000,0,-,-,-,-,5345.6000,5345.4000,5345.2000,5345.0000,5344.6000,5346.8000,5347.2000,5348.4000,5348.6000,5349.0000,2,1,1,1,1,1,1,1,3,20
SF,IC2003,2020-01-03 11:16:27.400,5346.2000,53534,0,6295388200.000,0,-,-,-,-,5345.6000,5345.4000,5345.2000,5345.0000,5344.6000,5346.8000,5347.2000,5348.4000,5348.6000,5349.0000,2,1,1,1,1,2,1,1,3,20
SF,IC2003,2020-01-03 11:16:28.400,5346.2000,53534,0,6295388200.000,0,-,-,-,-,5345.6000,5345.4000,5345.2000,5345.0000,5344.6000,5346.8000,5347.2000,5348.4000,5348.6000,5349.0000,2,1,1,1,1,1,1,1,3,20
SF,IC2003,2020-01-03 11:16:28.900,5346.2000,53534,0,6295388200.000,0,-,-,-,-,5345.8000,5345.6000,5345.2000,5345.0000,5344.6000,5346.8000,5347.2000,5348.4000,5348.6000,5349.0000,1,2,1,1,1,1,1,1,3,20
SF,IC2003,2020-01-03 11:16:29.400,5346.2000,53534,0,6295388200.000,0,-,-,-,-,5346.0000,5345.8000,5345.0000,5344.6000,5344.2000,5346.8000,5348.4000,5348.6000,5349.0000,5350.0000,2,1,1,1,2,1,1,3,20,2
SF,IC2003,2020-01-03 11:16:29.900,5346.2000,53534,0,6295388200.000,0,-,-,-,-,5346.0000,5345.8000,5345.0000,5344.6000,5344.2000,5347.4000,5348.4000,5348.6000,5349.0000,5350.0000,3,1,1,1,2,1,1,3,20,2
SF,IC2003,2020-01-03 11:16:30.400,5347.2000,53534,0,6296457640.000,1,0,1,空换,B,5346.0000,5345.8000,5345.0000,5344.6000,5344.2000,5347.4000,5348.4000,5348.6000,5349.0000,5350.0000,3,1,1,1,2,1,1,3,20,2
SF,IC2003,2020-01-03 11:16:30.900,5347.2000,53534,0,6296457640.000,0,-,-,-,-,5346.2000,5346.0000,5345.0000,5344.6000,5344.2000,5347.4000,5348.4000,5348.6000,5349.0000,5350.0000,1,3,1,1,2,1,1,3,20,2
SF,IC2003,2020-01-03 11:16:31.400,5347.2000,53534,0,6296457640.000,0,-,-,-,-,5347.4000,5346.4000,5346.2000,5346.0000,5345.0000,5348.4000,5348.6000,5349.0000,5350.0000,5350.4000,1,3,2,1,1,1,3,20,2,1
SF,IC2003,2020-01-03 11:16:31.900,5347.4000,53534,0,6297527120.000,1,0,1,空换,B,5346.4000,5346.2000,5345.0000,5344.6000,5344.2000,5348.0000,5348.2000,5348.4000,5348.6000,5349.0000,2,1,1,1,2,1,3,1,2,20
SF,IC2003,2020-01-03 11:16:32.400,5347.4000,53534,0,6297527120.000,0,-,-,-,-,5346.4000,5346.2000,5345.0000,5344.6000,5344.2000,5347.8000,5348.0000,5348.4000,5348.6000,5349.0000,3,1,1,1,2,2,1,1,2,20
SF,IC2003,2020-01-03 11:16:32.900,5347.4000,53534,0,6297527120.000,0,-,-,-,-,5346.4000,5346.2000,5345.0000,5344.6000,5344.2000,5347.6000,5347.8000,5348.0000,5348.4000,5348.6000,3,1,1,1,2,1,2,1,1,2
SF,IC2003,2020-01-03 11:16:33.900,5347.4000,53534,0,6297527120.000,0,-,-,-,-,5346.4000,5345.0000,5344.6000,5344.2000,5343.6000,5347.2000,5347.6000,5347.8000,5348.0000,5348.4000,3,1,1,2,1,10,1,2,1,1
SF,IC2003,2020-01-03 11:16:34.400,5347.4000,53534,0,6297527120.000,0,-,-,-,-,5346.4000,5345.0000,5344.6000,5344.2000,5343.6000,5347.2000,5347.8000,5348.0000,5348.4000,5348.6000,1,1,1,2,1,10,2,1,1,2
SF,IC2003,2020-01-03 11:16:34.900,5346.4000,53533,-1,6298596400.000,1,0,1,双平,B,5345.0000,5344.6000,5344.2000,5343.6000,5343.0000,5347.0000,5347.2000,5347.8000,5348.4000,5348.6000,1,1,2,1,3,1,10,2,1,2
SF,IC2003,2020-01-03 11:16:35.400,5346.4000,53533,0,6298596400.000,0,-,-,-,-,5346.0000,5345.4000,5345.2000,5345.0000,5344.6000,5346.8000,5347.0000,5347.2000,5347.8000,5348.6000,1,2,3,1,1,1,1,10,2,2
SF,IC2003,2020-01-03 11:16:35.900,5346.4000,53533,0,6298596400.000,0,-,-,-,-,5345.4000,5345.2000,5345.0000,5344.6000,5344.2000,5346.8000,5347.2000,5347.8000,5348.6000,5349.0000,2,3,1,1,2,1,10,2,2,20
SF,IC2003,2020-01-03 11:16:36.400,5346.4000,53533,0,6298596400.000,0,-,-,-,-,5345.6000,5345.4000,5345.0000,5344.6000,5344.2000,5346.8000,5347.2000,5347.8000,5348.6000,5349.0000,3,2,1,1,2,1,10,2,2,20
SF,IC2003,2020-01-03 11:16:36.900,5346.4000,53533,0,6298596400.000,0,-,-,-,-,5346.2000,5345.6000,5345.4000,5345.0000,5344.6000,5347.2000,5347.8000,5348.6000,5349.0000,5350.0000,1,3,2,1,1,10,2,2,20,2
SF,IC2003,2020-01-03 11:16:37.400,5346.4000,53533,0,6298596400.000,0,-,-,-,-,5345.6000,5345.4000,5345.0000,5344.6000,5344.2000,5347.0000,5347.2000,5347.8000,5348.6000,5349.0000,3,2,1,1,2,1,10,2,2,20
SF,IC2003,2020-01-03 11:16:37.900,5346.4000,53533,0,6298596400.000,0,-,-,-,-,5345.6000,5345.4000,5345.0000,5344.6000,5344.2000,5347.0000,5347.2000,5347.8000,5348.6000,5349.0000,3,2,1,1,2,2,10,2,2,20
SF,IC2003,2020-01-03 11:16:38.400,5346.4000,53533,0,6298596400.000,0,-,-,-,-,5346.2000,5345.6000,5345.4000,5345.0000,5344.6000,5347.0000,5347.2000,5347.8000,5348.6000,5349.0000,1,3,2,1,1,2,10,2,2,20
SF,IC2003,2020-01-03 11:16:38.900,5346.4000,53533,0,6298596400.000,0,-,-,-,-,5345.6000,5345.4000,5345.0000,5344.6000,5344.2000,5346.2000,5347.0000,5347.2000,5347.8000,5348.6000,3,2,1,1,2,1,1,10,2,2
SF,IC2003,2020-01-03 11:16:39.400,5346.2000,53532,-1,6299665640.000,1,0,1,双平,B,5346.2000,5345.6000,5345.4000,5345.0000,5344.6000,5346.8000,5347.0000,5347.2000,5347.8000,5348.6000,1,3,2,1,1,1,1,10,2,2
SF,IC2003,2020-01-03 11:16:39.900,5346.2000,53532,0,6299665640.000,0,-,-,-,-,5346.4000,5345.6000,5345.4000,5345.0000,5344.6000,5347.0000,5347.2000,5347.8000,5348.6000,5349.0000,1,3,2,1,1,1,10,2,2,20
SF,IC2003,2020-01-03 11:16:40.400,5346.2000,53532,0,6299665640.000,0,-,-,-,-,5345.6000,5345.4000,5345.0000,5344.6000,5344.2000,5347.0000,5347.2000,5347.8000,5348.6000,5349.0000,3,2,1,1,2,1,10,2,2,20
SF,IC2003,2020-01-03 11:16:40.900,5346.2000,53532,0,6299665640.000,0,-,-,-,-,5345.6000,5345.4000,5345.0000,5344.6000,5344.2000,5347.0000,5347.2000,5347.8000,5348.6000,5349.0000,3,2,1,1,2,2,10,2,2,20
SF,IC2003,2020-01-03 11:16:41.900,5346.2000,53532,0,6299665640.000,0,-,-,-,-,5345.8000,5345.6000,5345.4000,5345.0000,5344.6000,5347.0000,5347.2000,5347.8000,5348.6000,5349.0000,2,2,2,1,1,2,10,2,2,20
SF,IC2003,2020-01-03 11:16:42.400,5346.2000,53532,0,6299665640.000,0,-,-,-,-,5346.0000,5345.8000,5345.4000,5345.0000,5344.6000,5347.0000,5347.2000,5347.8000,5348.6000,5349.0000,2,2,2,1,1,1,10,2,2,20
SF,IC2003,2020-01-03 11:16:42.900,5347.0000,53531,-1,6300735040.000,1,0,1,双平,B,5346.6000,5346.2000,5346.0000,5345.8000,5345.4000,5347.2000,5347.8000,5348.6000,5349.0000,5350.0000,1,1,2,1,2,10,2,2,20,2
SF,IC2003,2020-01-03 11:16:43.400,5347.0000,53531,0,6300735040.000,0,-,-,-,-,5346.2000,5346.0000,5345.8000,5345.4000,5345.0000,5347.2000,5349.0000,5350.0000,5350.4000,5350.8000,1,2,1,2,1,10,20,2,1,1
SF,IC2003,2020-01-03 11:16:43.900,5347.0000,53531,0,6300735040.000,0,-,-,-,-,5346.2000,5346.0000,5345.8000,5345.4000,5345.0000,5347.2000,5349.0000,5350.0000,5350.4000,5350.8000,1,2,1,2,1,10,20,2,1,1
SF,IC2003,2020-01-03 11:16:44.400,5347.0000,53531,0,6300735040.000,0,-,-,-,-,5347.0000,5346.2000,5346.0000,5345.8000,5345.4000,5347.2000,5349.0000,5350.0000,5350.4000,5350.8000,1,1,2,1,2,10,20,2,1,1
SF,IC2003,2020-01-03 11:16:44.900,5347.0000,53532,1,6301804440.000,1,1,0,双开,B,5346.2000,5346.0000,5345.8000,5345.4000,5345.0000,5347.2000,5349.0000,5350.0000,5350.4000,5350.8000,1,2,1,2,1,10,20,2,1,1
SF,IC2003,2020-01-03 11:16:46.400,5346.2000,53531,-1,6302873680.000,1,0,1,双平,B,5346.0000,5345.8000,5345.4000,5345.0000,5344.6000,5347.2000,5349.0000,5350.0000,5350.4000,5350.8000,2,1,2,1,1,10,20,2,1,1
SF,IC2003,2020-01-03 11:16:46.900,5346.2000,53531,0,6302873680.000,0,-,-,-,-,5346.4000,5346.2000,5346.0000,5345.8000,5345.6000,5346.8000,5347.2000,5349.0000,5350.0000,5350.4000,1,1,2,1,1,1,10,20,2,1
SF,IC2003,2020-01-03 11:16:47.400,5346.8000,53531,0,6303943040.000,1,0,1,空换,B,5346.8000,5346.4000,5346.2000,5346.0000,5345.8000,5347.2000,5349.0000,5350.0000,5350.4000,5350.8000,3,1,1,2,1,10,20,2,1,1
SF,IC2003,2020-01-03 11:16:47.900,5347.2000,53531,0,6305012480.000,1,0,1,空换,B,5346.4000,5346.2000,5346.0000,5345.8000,5345.6000,5347.2000,5349.0000,5350.0000,5350.4000,5350.8000,1,1,2,1,1,9,20,2,1,1
SF,IC2003,2020-01-03 11:16:48.400,5347.2000,53531,0,6305012480.000,0,-,-,-,-,5346.4000,5346.2000,5346.0000,5345.8000,5345.6000,5347.2000,5349.0000,5350.0000,5350.4000,5350.8000,2,1,2,1,1,9,20,2,1,1
SF,IC2003,2020-01-03 11:16:48.900,5347.2000,53529,-2,6308220800.000,3,0,3,空平,B,5346.6000,5346.4000,5346.2000,5345.8000,5345.6000,5346.8000,5347.2000,5349.0000,5350.0000,5350.4000,2,2,1,1,1,1,6,20,2,1
SF,IC2003,2020-01-03 11:16:49.400,5347.2000,53527,-2,6310359600.000,2,0,2,双平,B,5347.0000,5346.8000,5346.6000,5346.4000,5346.2000,5347.2000,5349.0000,5350.0000,5350.4000,5350.8000,2,4,2,2,1,5,20,2,1,1
SF,IC2003,2020-01-03 11:16:49.900,5347.2000,53523,-4,6315706800.000,5,0,5,空平,B,5346.8000,5346.6000,5346.4000,5346.2000,5345.8000,5349.0000,5350.0000,5350.4000,5350.8000,5351.2000,1,2,2,1,1,20,2,1,1,3
SF,IC2003,2020-01-03 11:16:50.400,5347.2000,53523,0,6315706800.000,0,-,-,-,-,5347.0000,5346.8000,5346.4000,5346.2000,5345.8000,5348.0000,5348.6000,5348.8000,5349.0000,5350.0000,3,1,2,1,1,1,3,2,20,2
SF,IC2003,2020-01-03 11:16:50.900,5348.0000,53523,0,6316776400.000,1,0,1,空换,B,5347.0000,5346.8000,5346.4000,5346.2000,5345.8000,5348.2000,5348.6000,5348.8000,5349.0000,5350.0000,3,1,2,1,1,1,1,2,20,2
SF,IC2003,2020-01-03 11:16:51.400,5347.2000,53522,-1,6317845840.000,1,0,1,双平,B,5347.0000,5346.8000,5346.4000,5346.2000,5345.6000,5348.6000,5348.8000,5349.0000,5350.0000,5350.4000,3,1,2,1,1,1,2,20,2,1
SF,IC2003,2020-01-03 11:16:51.900,5347.2000,53522,0,6317845840.000,0,-,-,-,-,5347.0000,5346.8000,5346.4000,5346.2000,5345.6000,5348.4000,5348.6000,5349.0000,5350.0000,5350.4000,3,1,2,1,1,2,2,20,2,1
SF,IC2003,2020-01-03 11:16:52.400,5347.2000,53522,0,6317845840.000,0,-,-,-,-,5347.2000,5346.8000,5346.4000,5346.2000,5345.6000,5348.4000,5348.6000,5349.0000,5350.0000,5350.4000,1,1,2,1,1,2,2,20,2,1
SF,IC2003,2020-01-03 11:16:52.900,5347.2000,53522,0,6317845840.000,0,-,-,-,-,5347.2000,5346.8000,5346.4000,5346.2000,5345.6000,5348.0000,5348.2000,5348.4000,5348.6000,5349.0000,1,1,2,1,1,1,1,2,2,20
SF,IC2003,2020-01-03 11:16:53.400,5347.2000,53522,0,6318915280.000,1,0,1,空换,B,5346.8000,5346.4000,5346.2000,5345.6000,5345.4000,5348.0000,5348.2000,5348.4000,5348.6000,5349.0000,1,2,1,1,1,1,1,2,1,20
SF,IC2003,2020-01-03 11:16:53.900,5347.2000,53522,0,6318915280.000,0,-,-,-,-,5346.8000,5346.4000,5346.2000,5345.6000,5345.4000,5347.8000,5348.0000,5348.2000,5348.6000,5349.0000,1,2,1,1,1,3,2,1,1,20
SF,IC2003,2020-01-03 11:16:54.400,5347.2000,53522,0,6318915280.000,0,-,-,-,-,5347.0000,5346.4000,5346.2000,5345.6000,5345.4000,5347.8000,5348.0000,5348.2000,5349.0000,5350.0000,1,1,1,1,1,3,1,1,20,2
SF,IC2003,2020-01-03 11:16:54.900,5347.2000,53522,0,6318915280.000,0,-,-,-,-,5347.0000,5346.4000,5346.2000,5345.6000,5345.4000,5347.8000,5348.0000,5348.2000,5349.0000,5350.0000,1,1,1,1,1,2,1,1,20,2
SF,IC2003,2020-01-03 11:16:55.400,5347.0000,53522,0,6319984680.000,1,0,1,空换,B,5346.4000,5346.2000,5345.6000,5345.4000,5345.0000,5347.6000,5347.8000,5348.0000,5349.0000,5350.0000,1,1,1,1,1,3,2,1,20,2
SF,IC2003,2020-01-03 11:16:55.900,5347.0000,53522,0,6319984680.000,0,-,-,-,-,5346.4000,5345.6000,5345.4000,5345.0000,5344.6000,5347.0000,5347.4000,5347.6000,5348.0000,5349.0000,1,1,1,1,1,1,2,2,1,20
SF,IC2003,2020-01-03 11:16:56.400,5346.4000,53521,-1,6321053960.000,1,0,1,双平,B,5345.6000,5345.4000,5345.0000,5344.6000,5344.2000,5346.4000,5347.2000,5347.4000,5347.6000,5348.0000,1,1,1,1,2,1,1,2,1,1
SF,IC2003,2020-01-03 11:16:56.900,5346.4000,53521,0,6321053960.000,0,-,-,-,-,5345.6000,5345.4000,5345.0000,5344.6000,5344.2000,5346.4000,5347.2000,5347.4000,5348.0000,5349.0000,1,1,1,1,2,1,1,2,1,20
SF,IC2003,2020-01-03 11:16:59.900,5346.4000,53521,0,6321053960.000,0,-,-,-,-,5345.6000,5345.4000,5345.0000,5344.6000,5344.2000,5347.2000,5347.4000,5348.0000,5349.0000,5350.0000,1,1,1,1,2,1,2,1,20,2
SF,IC2003,2020-01-03 11:17:00.400,5346.4000,53521,0,6321053960.000,0,-,-,-,-,5345.8000,5345.6000,5345.4000,5345.0000,5344.6000,5347.0000,5347.2000,5347.4000,5348.0000,5349.0000,2,1,1,1,1,1,1,2,1,20
SF,IC2003,2020-01-03 11:17:02.900,5346.4000,53521,0,6321053960.000,0,-,-,-,-,5346.0000,5345.8000,5345.6000,5345.4000,5345.0000,5347.0000,5347.2000,5347.4000,5348.0000,5349.0000,1,2,1,1,1,1,1,2,1,20
SF,IC2003,2020-01-03 11:17:05.900,5346.4000,53521,0,6321053960.000,0,-,-,-,-,5346.8000,5346.4000,5346.0000,5345.8000,5345.6000,5347.0000,5347.2000,5347.4000,5348.0000,5349.0000,1,2,1,2,1,1,1,2,1,20
SF,IC2003,2020-01-03 11:17:06.400,5347.2000,53523,2,6323192800.000,2,2,0,双开,B,5347.0000,5346.8000,5346.4000,5346.0000,5345.8000,5348.0000,5349.0000,5350.0000,5350.2000,5350.8000,1,1,2,1,2,1,20,2,1,1
SF,IC2003,2020-01-03 11:17:07.400,5347.2000,53523,0,6323192800.000,0,-,-,-,-,5347.2000,5347.0000,5346.8000,5346.4000,5346.0000,5349.0000,5350.0000,5350.2000,5350.8000,5351.2000,1,1,1,2,1,20,2,1,1,3
SF,IC2003,2020-01-03 11:17:07.900,5347.2000,53523,0,6323192800.000,0,-,-,-,-,5347.2000,5347.0000,5346.8000,5346.4000,5346.0000,5348.4000,5348.6000,5348.8000,5349.0000,5350.0000,1,1,1,2,1,1,2,4,20,2
SF,IC2003,2020-01-03 11:17:08.400,5347.2000,53523,0,6323192800.000,0,-,-,-,-,5347.2000,5347.0000,5346.8000,5346.4000,5346.0000,5348.0000,5348.2000,5348.4000,5348.8000,5349.0000,1,1,1,2,1,1,1,1,4,20
SF,IC2003,2020-01-03 11:17:09.900,5347.2000,53523,0,6323192800.000,0,-,-,-,-,5347.2000,5347.0000,5346.8000,5346.4000,5346.0000,5348.0000,5348.2000,5348.4000,5348.8000,5349.0000,1,1,1,2,1,1,1,1,4,20
SF,IC2003,2020-01-03 11:17:10.900,5347.2000,53523,0,6323192800.000,0,-,-,-,-,5347.2000,5347.0000,5346.8000,5346.4000,5346.0000,5348.0000,5348.2000,5348.4000,5348.8000,5349.0000,1,1,1,2,1,1,1,1,3,20
SF,IC2003,2020-01-03 11:17:12.400,5347.2000,53523,0,6323192800.000,0,-,-,-,-,5347.2000,5346.8000,5346.4000,5346.0000,5345.8000,5348.0000,5348.2000,5348.4000,5348.8000,5349.0000,1,1,2,1,2,1,1,1,3,20
SF,IC2003,2020-01-03 11:17:12.900,5347.2000,53522,-1,6324262240.000,1,0,1,双平,B,5346.8000,5346.4000,5346.0000,5345.8000,5345.6000,5348.0000,5348.2000,5348.4000,5348.8000,5349.0000,1,2,1,2,1,1,1,1,3,20
SF,IC2003,2020-01-03 11:17:15.900,5348.0000,53524,2,6328540720.000,4,3,1,多开,B,5347.2000,5347.0000,5346.8000,5346.4000,5345.8000,5348.0000,5348.4000,5348.8000,5349.0000,5350.0000,1,1,1,2,2,1,1,3,20,2
SF,IC2003,2020-01-03 11:17:16.400,5348.4000,53524,0,6329610400.000,1,0,1,空换,B,5347.6000,5347.4000,5347.2000,5347.0000,5346.8000,5348.8000,5349.0000,5350.0000,5350.2000,5350.8000,2,2,1,1,1,1,20,2,1,1
SF,IC2003,2020-01-03 11:17:16.900,5348.4000,53524,0,6329610400.000,0,-,-,-,-,5347.8000,5347.6000,5347.2000,5347.0000,5346.8000,5348.8000,5349.0000,5350.0000,5350.2000,5350.8000,2,2,1,1,1,1,20,2,1,1
SF,IC2003,2020-01-03 11:17:18.400,5348.4000,53524,0,6329610400.000,0,-,-,-,-,5347.8000,5347.6000,5347.2000,5347.0000,5346.8000,5349.0000,5350.0000,5350.2000,5350.8000,5351.2000,2,2,1,1,1,20,2,1,1,3
SF,IC2003,2020-01-03 11:17:18.900,5349.0000,53524,0,6330680200.000,1,0,1,空换,B,5348.2000,5348.0000,5347.8000,5347.6000,5347.2000,5349.0000,5350.0000,5350.2000,5350.8000,5351.2000,1,1,2,1,1,19,2,1,1,3
SF,IC2003,2020-01-03 11:17:19.400,5349.0000,53524,0,6330680200.000,0,-,-,-,-,5347.8000,5347.6000,5347.2000,5346.8000,5346.4000,5349.0000,5350.0000,5350.2000,5350.8000,5351.2000,2,1,1,1,2,19,2,1,1,3
SF,IC2003,2020-01-03 11:17:19.900,5349.0000,53524,0,6330680200.000,0,-,-,-,-,5348.0000,5347.8000,5347.6000,5347.2000,5346.8000,5349.0000,5350.0000,5350.2000,5350.8000,5351.2000,1,2,1,1,1,19,2,1,1,3
SF,IC2003,2020-01-03 11:17:22.900,5348.0000,53522,-2,6332819400.000,2,0,2,双平,B,5347.8000,5347.6000,5347.2000,5346.8000,5346.4000,5348.0000,5349.0000,5350.0000,5350.2000,5350.8000,2,1,1,1,2,3,19,2,1,1
SF,IC2003,2020-01-03 11:17:23.400,5348.0000,53519,-3,6338167360.000,5,1,4,空平,B,5348.2000,5347.6000,5347.2000,5346.8000,5346.4000,5349.0000,5350.0000,5350.2000,5350.8000,5351.2000,1,1,1,1,2,19,2,1,1,3
SF,IC2003,2020-01-03 11:17:23.900,5348.2000,53520,1,6339237000.000,1,1,0,双开,B,5347.6000,5346.8000,5346.4000,5345.6000,5345.0000,5348.0000,5348.2000,5348.4000,5348.6000,5348.8000,1,1,1,1,1,1,4,1,1,3
SF,IC2003,2020-01-03 11:17:24.400,5348.2000,53520,0,6339237000.000,0,-,-,-,-,5346.8000,5346.4000,5345.6000,5345.0000,5344.6000,5347.8000,5348.0000,5348.2000,5348.6000,5348.8000,1,1,1,1,1,1,1,4,1,3
SF,IC2003,2020-01-03 11:17:24.900,5348.2000,53520,0,6339237000.000,0,-,-,-,-,5347.0000,5346.8000,5346.4000,5345.0000,5344.6000,5347.8000,5348.2000,5348.6000,5348.8000,5349.0000,2,1,1,1,1,1,4,1,3,19
SF,IC2003,2020-01-03 11:17:25.400,5348.2000,53520,0,6339237000.000,0,-,-,-,-,5347.0000,5346.8000,5346.4000,5345.0000,5344.6000,5348.2000,5348.6000,5348.8000,5349.0000,5350.0000,2,1,1,1,1,4,1,3,19,2
SF,IC2003,2020-01-03 11:17:25.900,5348.2000,53520,0,6339237000.000,0,-,-,-,-,5346.8000,5346.4000,5345.0000,5344.6000,5344.2000,5348.0000,5348.2000,5348.6000,5349.0000,5350.0000,1,1,1,1,2,5,4,1,19,2
SF,IC2003,2020-01-03 11:17:26.400,5348.2000,53520,0,6339237000.000,0,-,-,-,-,5346.8000,5346.4000,5345.0000,5344.6000,5344.2000,5348.0000,5348.2000,5348.6000,5349.0000,5350.0000,1,1,1,1,2,4,4,1,19,2
SF,IC2003,2020-01-03 11:17:26.900,5348.2000,53520,0,6339237000.000,0,-,-,-,-,5346.8000,5346.4000,5345.0000,5344.6000,5344.2000,5347.8000,5348.0000,5348.2000,5348.6000,5349.0000,1,1,1,1,2,1,4,4,1,19
SF,IC2003,2020-01-03 11:17:27.900,5348.2000,53520,0,6339237000.000,0,-,-,-,-,5347.4000,5347.0000,5346.8000,5346.4000,5345.0000,5347.8000,5348.0000,5348.2000,5348.6000,5349.0000,1,1,5,1,1,1,4,4,1,19
SF,IC2003,2020-01-03 11:17:28.400,5348.2000,53520,0,6339237000.000,0,-,-,-,-,5347.0000,5346.8000,5346.4000,5345.0000,5344.6000,5348.0000,5348.2000,5348.6000,5349.0000,5350.0000,1,5,1,1,1,4,4,1,19,2
SF,IC2003,2020-01-03 11:17:28.900,5348.2000,53520,0,6339237000.000,0,-,-,-,-,5347.8000,5347.0000,5346.8000,5346.4000,5345.0000,5348.0000,5348.2000,5348.6000,5349.0000,5350.0000,7,1,5,1,1,3,4,1,19,2
SF,IC2003,2020-01-03 11:17:29.400,5347.8000,53520,0,6342445680.000,3,1,2,空换,B,5347.8000,5347.0000,5346.8000,5346.4000,5345.0000,5348.0000,5348.2000,5348.6000,5349.0000,5350.0000,4,1,5,1,1,2,4,1,19,2
SF,IC2003,2020-01-03 11:17:29.900,5347.8000,53520,0,6342445680.000,0,-,-,-,-,5347.8000,5347.0000,5346.8000,5346.4000,5345.0000,5348.0000,5348.6000,5349.0000,5350.0000,5350.2000,4,1,5,1,1,2,1,19,2,1
SF,IC2003,2020-01-03 11:17:30.400,5347.8000,53520,0,6342445680.000,0,-,-,-,-,5347.8000,5347.0000,5346.8000,5346.4000,5345.0000,5348.0000,5348.6000,5349.0000,5350.0000,5350.2000,4,1,5,1,1,1,1,19,2,1
SF,IC2003,2020-01-03 11:17:30.900,5347.8000,53520,0,6342445680.000,0,-,-,-,-,5347.8000,5347.0000,5346.8000,5346.4000,5345.0000,5348.0000,5348.4000,5348.6000,5349.0000,5350.0000,4,1,5,1,1,1,1,1,19,2
SF,IC2003,2020-01-03 11:17:32.900,5348.0000,53521,1,6343515280.000,1,1,0,双开,B,5348.0000,5347.8000,5347.0000,5346.8000,5346.4000,5348.4000,5348.6000,5349.0000,5350.0000,5350.2000,1,4,1,5,1,1,1,19,2,1
SF,IC2003,2020-01-03 11:17:33.400,5348.0000,53521,0,6343515280.000,0,-,-,-,-,5347.8000,5347.0000,5346.8000,5346.4000,5345.0000,5348.6000,5349.0000,5350.0000,5350.2000,5350.8000,4,1,5,1,2,1,19,2,1,1
SF,IC2003,2020-01-03 11:17:33.900,5348.0000,53521,0,6343515280.000,0,-,-,-,-,5347.8000,5347.0000,5346.8000,5346.4000,5345.0000,5348.6000,5348.8000,5349.0000,5350.0000,5350.2000,4,1,5,1,2,1,1,19,2,1
SF,IC2003,2020-01-03 11:17:34.400,5348.0000,53521,0,6343515280.000,0,-,-,-,-,5347.8000,5347.0000,5346.8000,5346.4000,5345.0000,5348.4000,5348.6000,5348.8000,5349.0000,5350.0000,4,1,5,1,2,2,5,1,19,2
SF,IC2003,2020-01-03 11:17:34.900,5348.0000,53521,0,6343515280.000,0,-,-,-,-,5347.8000,5346.8000,5346.4000,5345.0000,5344.6000,5348.4000,5348.6000,5349.0000,5350.0000,5350.2000,4,5,1,2,1,2,5,19,2,1
SF,IC2003,2020-01-03 11:17:36.900,5347.8000,53521,0,6347793520.000,4,2,2,空换,B,5346.8000,5346.4000,5345.0000,5344.6000,5344.2000,5347.6000,5348.4000,5348.6000,5349.0000,5350.0000,5,1,2,1,2,1,2,5,19,2
SF,IC2003,2020-01-03 11:17:37.400,5347.8000,53521,0,6347793520.000,0,-,-,-,-,5346.8000,5346.4000,5345.0000,5344.6000,5344.2000,5347.6000,5348.4000,5348.6000,5349.0000,5350.0000,5,1,2,1,2,1,2,5,19,2
SF,IC2003,2020-01-03 11:17:37.900,5347.8000,53521,0,6348863080.000,1,0,1,空换,B,5347.0000,5346.8000,5346.4000,5345.0000,5344.6000,5348.4000,5348.6000,5349.0000,5350.0000,5350.2000,1,5,1,2,1,2,4,19,2,1
SF,IC2003,2020-01-03 11:17:38.400,5347.8000,53521,0,6348863080.000,0,-,-,-,-,5347.4000,5347.2000,5347.0000,5346.8000,5346.4000,5348.4000,5348.6000,5349.0000,5350.0000,5350.2000,1,2,1,5,1,2,4,19,2,1
SF,IC2003,2020-01-03 11:17:38.900,5347.8000,53521,0,6348863080.000,0,-,-,-,-,5347.4000,5347.2000,5347.0000,5346.8000,5346.4000,5348.2000,5348.4000,5348.6000,5349.0000,5350.0000,1,2,1,5,1,1,2,4,19,2
SF,IC2003,2020-01-03 11:17:39.400,5347.8000,53521,0,6348863080.000,0,-,-,-,-,5347.0000,5346.8000,5346.4000,5345.0000,5344.6000,5348.2000,5348.4000,5348.6000,5349.0000,5350.0000,1,5,1,2,1,1,2,4,19,2
SF,IC2003,2020-01-03 11:17:39.900,5347.8000,53521,0,6348863080.000,0,-,-,-,-,5347.0000,5346.8000,5346.4000,5345.0000,5344.6000,5348.0000,5348.2000,5348.6000,5349.0000,5350.0000,1,5,1,2,1,2,1,4,19,2
SF,IC2003,2020-01-03 11:17:41.400,5347.8000,53521,0,6348863080.000,0,-,-,-,-,5346.8000,5346.4000,5345.0000,5344.6000,5344.2000,5348.0000,5348.2000,5348.6000,5349.0000,5350.0000,5,1,2,1,2,2,1,4,19,2
SF,IC2003,2020-01-03 11:17:41.900,5347.8000,53521,0,6348863080.000,0,-,-,-,-,5346.8000,5346.4000,5345.0000,5344.6000,5344.2000,5347.8000,5348.0000,5348.6000,5349.0000,5350.0000,5,1,2,1,2,1,2,4,19,2
SF,IC2003,2020-01-03 11:17:42.400,5347.8000,53521,0,6348863080.000,0,-,-,-,-,5347.0000,5346.8000,5346.4000,5345.0000,5344.6000,5347.8000,5348.6000,5349.0000,5350.0000,5350.2000,3,5,1,2,1,1,4,19,2,1
SF,IC2003,2020-01-03 11:17:42.900,5347.4000,53519,-2,6352071840.000,3,0,3,空平,B,5347.0000,5346.8000,5346.4000,5345.0000,5344.6000,5348.6000,5349.0000,5350.0000,5350.2000,5350.8000,3,5,1,2,1,3,19,2,1,1
SF,IC2003,2020-01-03 11:17:43.400,5347.4000,53519,0,6352071840.000,0,-,-,-,-,5347.4000,5347.2000,5347.0000,5346.8000,5346.4000,5348.6000,5349.0000,5350.0000,5350.2000,5350.8000,1,1,3,5,1,3,19,2,1,1
SF,IC2003,2020-01-03 11:17:44.400,5348.6000,53516,-3,6355281000.000,3,0,3,双平,B,5348.4000,5348.2000,5347.6000,5347.4000,5347.2000,5349.0000,5350.0000,5350.2000,5350.8000,5351.8000,1,2,1,1,1,19,2,1,1,1
SF,IC2003,2020-01-03 11:17:44.900,5348.6000,53516,0,6355281000.000,0,-,-,-,-,5347.6000,5347.2000,5347.0000,5346.8000,5346.4000,5349.0000,5350.0000,5350.2000,5350.8000,5351.8000,1,1,2,5,1,19,2,1,1,1
SF,IC2003,2020-01-03 11:17:45.400,5348.6000,53516,0,6355281000.000,0,-,-,-,-,5348.2000,5348.0000,5347.8000,5346.8000,5346.4000,5349.0000,5350.0000,5350.2000,5350.8000,5351.8000,1,4,5,5,1,19,2,1,1,1
SF,IC2003,2020-01-03 11:17:45.900,5349.0000,53517,1,6357420600.000,2,1,1,多开,B,5348.4000,5348.2000,5348.0000,5347.8000,5346.8000,5348.8000,5349.0000,5350.0000,5350.2000,5350.8000,2,1,2,4,5,1,17,2,1,1
SF,IC2003,2020-01-03 11:17:46.900,5348.4000,53516,-1,6359559960.000,2,0,2,空平,B,5348.0000,5347.8000,5346.8000,5346.4000,5345.0000,5348.4000,5348.8000,5349.0000,5350.0000,5350.2000,1,2,5,1,2,4,1,17,2,1
SF,IC2003,2020-01-03 11:17:47.400,5348.0000,53516,0,6360629560.000,1,0,1,空换,B,5346.8000,5346.4000,5345.0000,5344.6000,5344.2000,5347.8000,5348.0000,5348.8000,5349.0000,5350.0000,5,1,2,1,2,1,1,1,17,2
SF,IC2003,2020-01-03 11:17:47.900,5348.0000,53516,0,6360629560.000,0,-,-,-,-,5347.8000,5347.4000,5347.2000,5347.0000,5346.8000,5348.0000,5348.8000,5349.0000,5350.0000,5350.2000,1,2,1,3,5,1,1,17,2,1
SF,IC2003,2020-01-03 11:17:48.400,5348.8000,53515,-1,6362768920.000,2,0,2,空平,B,5348.0000,5347.2000,5347.0000,5346.8000,5346.4000,5349.0000,5350.0000,5350.2000,5350.8000,5351.8000,3,1,2,5,1,17,2,1,1,1
SF,IC2003,2020-01-03 11:17:48.900,5348.0000,53513,-2,6365977720.000,3,0,3,空平,B,5347.0000,5346.8000,5346.4000,5345.0000,5344.6000,5348.0000,5348.8000,5349.0000,5350.0000,5350.2000,2,5,1,2,1,1,4,17,2,1
SF,IC2003,2020-01-03 11:17:49.400,5348.0000,53513,0,6365977720.000,0,-,-,-,-,5346.8000,5346.4000,5345.0000,5344.6000,5344.2000,5348.8000,5349.0000,5350.0000,5350.2000,5350.8000,5,1,2,1,2,4,17,2,1,1
SF,IC2003,2020-01-03 11:17:49.900,5348.0000,53513,0,6365977720.000,0,-,-,-,-,5347.0000,5346.8000,5346.4000,5345.0000,5344.6000,5348.4000,5348.6000,5348.8000,5349.0000,5350.0000,2,5,1,2,1,1,2,2,17,2
SF,IC2003,2020-01-03 11:17:50.400,5348.0000,53513,0,6365977720.000,0,-,-,-,-,5346.8000,5346.4000,5345.0000,5344.6000,5344.2000,5348.2000,5348.4000,5349.0000,5350.0000,5350.2000,5,1,2,1,2,2,2,17,2,1
SF,IC2003,2020-01-03 11:17:50.900,5348.0000,53513,0,6365977720.000,0,-,-,-,-,5346.8000,5346.4000,5345.0000,5344.6000,5344.2000,5348.0000,5348.2000,5348.4000,5349.0000,5350.0000,5,1,2,1,2,1,2,1,17,2
SF,IC2003,2020-01-03 11:17:51.400,5348.0000,53513,0,6365977720.000,0,-,-,-,-,5346.8000,5346.4000,5345.0000,5344.6000,5344.2000,5347.8000,5348.0000,5348.4000,5349.0000,5350.0000,5,1,2,1,2,2,1,1,17,2
SF,IC2003,2020-01-03 11:17:52.400,5348.0000,53512,-1,6367047320.000,1,0,1,双平,B,5346.8000,5346.4000,5345.0000,5344.6000,5344.2000,5347.8000,5348.0000,5348.4000,5349.0000,5350.0000,5,1,2,1,2,1,1,1,17,2
SF,IC2003,2020-01-03 11:17:52.900,5348.0000,53512,0,6367047320.000,0,-,-,-,-,5346.8000,5346.4000,5345.0000,5344.6000,5344.2000,5348.0000,5348.4000,5349.0000,5350.0000,5350.2000,5,1,2,1,2,1,1,17,2,1
SF,IC2003,2020-01-03 11:17:53.400,5348.0000,53512,0,6367047320.000,0,-,-,-,-,5347.0000,5346.8000,5346.4000,5345.0000,5344.6000,5348.0000,5348.4000,5349.0000,5350.0000,5350.2000,2,5,1,2,1,1,1,17,2,1
SF,IC2003,2020-01-03 11:17:53.900,5348.0000,53512,0,6367047320.000,0,-,-,-,-,5347.0000,5346.8000,5346.4000,5346.0000,5345.0000,5348.4000,5349.0000,5350.0000,5350.2000,5350.8000,2,5,1,1,2,1,17,2,1,1
SF,IC2003,2020-01-03 11:17:55.900,5348.0000,53512,0,6367047320.000,0,-,-,-,-,5347.0000,5346.8000,5346.4000,5346.0000,5345.0000,5348.4000,5349.0000,5350.0000,5350.2000,5350.8000,2,5,1,1,2,2,17,2,1,1
SF,IC2003,2020-01-03 11:17:56.400,5348.0000,53512,0,6367047320.000,0,-,-,-,-,5347.0000,5346.8000,5346.4000,5346.0000,5345.0000,5348.2000,5348.4000,5349.0000,5350.0000,5350.2000,2,5,1,1,2,2,2,17,2,1
SF,IC2003,2020-01-03 11:17:56.900,5348.0000,53512,0,6367047320.000,0,-,-,-,-,5347.0000,5346.8000,5346.4000,5346.0000,5345.0000,5348.4000,5349.0000,5350.0000,5350.2000,5350.8000,2,5,1,1,2,1,17,2,1,1
SF,IC2003,2020-01-03 11:17:57.400,5348.0000,53512,0,6367047320.000,0,-,-,-,-,5347.0000,5346.8000,5346.4000,5346.0000,5345.0000,5348.4000,5349.0000,5350.0000,5350.2000,5350.8000,3,5,1,1,2,1,17,2,1,1
SF,IC2003,2020-01-03 11:17:57.900,5348.0000,53512,0,6367047320.000,0,-,-,-,-,5347.6000,5347.0000,5346.8000,5346.4000,5346.0000,5348.4000,5349.0000,5350.0000,5350.2000,5350.8000,1,3,6,1,1,1,17,2,1,1
SF,IC2003,2020-01-03 11:17:58.400,5348.0000,53512,0,6367047320.000,0,-,-,-,-,5347.0000,5346.8000,5346.4000,5346.0000,5345.0000,5348.4000,5349.0000,5350.0000,5350.2000,5350.8000,3,6,1,1,2,1,17,2,1,1
SF,IC2003,2020-01-03 11:18:00.400,5348.0000,53512,0,6367047320.000,0,-,-,-,-,5347.0000,5346.8000,5346.4000,5346.0000,5345.0000,5348.4000,5349.0000,5350.0000,5350.2000,5350.8000,3,6,1,1,2,2,17,2,1,1
SF,IC2003,2020-01-03 11:18:00.900,5348.0000,53512,0,6367047320.000,0,-,-,-,-,5347.0000,5346.8000,5346.4000,5346.0000,5345.0000,5348.2000,5348.4000,5349.0000,5350.0000,5350.2000,3,6,1,1,2,2,3,17,2,1
SF,IC2003,2020-01-03 11:18:01.400,5348.0000,53512,0,6367047320.000,0,-,-,-,-,5347.0000,5346.8000,5346.4000,5346.0000,5345.0000,5348.4000,5349.0000,5350.0000,5350.2000,5350.8000,3,6,1,1,2,3,17,2,1,1
SF,IC2003,2020-01-03 11:18:01.900,5348.0000,53512,0,6367047320.000,0,-,-,-,-,5347.0000,5346.8000,5346.4000,5346.0000,5345.0000,5348.4000,5349.0000,5350.0000,5350.2000,5350.8000,3,6,1,1,2,2,17,2,1,1
SF,IC2003,2020-01-03 11:18:02.400,5348.0000,53512,0,6367047320.000,0,-,-,-,-,5347.0000,5346.8000,5346.4000,5346.0000,5345.0000,5348.4000,5349.0000,5350.0000,5350.8000,5351.8000,3,6,1,1,2,2,17,2,1,1
SF,IC2003,2020-01-03 11:18:02.900,5348.0000,53512,0,6367047320.000,0,-,-,-,-,5347.6000,5347.2000,5347.0000,5346.8000,5346.4000,5348.4000,5349.0000,5350.0000,5350.8000,5351.8000,1,1,3,6,1,1,17,2,1,1
SF,IC2003,2020-01-03 11:18:03.400,5348.0000,53512,0,6367047320.000,0,-,-,-,-,5347.8000,5347.2000,5347.0000,5346.8000,5346.4000,5348.4000,5349.0000,5350.0000,5350.8000,5351.8000,2,1,1,6,1,1,17,2,1,1
SF,IC2003,2020-01-03 11:18:03.900,5348.0000,53512,0,6367047320.000,0,-,-,-,-,5348.2000,5347.8000,5347.2000,5347.0000,5346.8000,5348.4000,5349.0000,5350.0000,5350.8000,5351.8000,1,2,1,1,6,1,17,2,1,1
SF,IC2003,2020-01-03 11:18:04.400,5348.0000,53512,0,6367047320.000,0,-,-,-,-,5347.2000,5347.0000,5346.8000,5346.4000,5346.0000,5348.4000,5349.0000,5350.0000,5350.8000,5351.8000,1,1,6,1,1,1,17,2,1,1
SF,IC2003,2020-01-03 11:18:04.900,5348.4000,53511,-1,6368117000.000,1,0,1,双平,B,5348.4000,5347.4000,5347.2000,5347.0000,5346.8000,5349.0000,5350.0000,5350.8000,5351.8000,5352.0000,1,2,1,1,6,17,2,1,1,1
SF,IC2003,2020-01-03 11:18:05.400,5348.4000,53510,-1,6369186680.000,1,0,1,双平,B,5347.4000,5347.2000,5347.0000,5346.8000,5346.4000,5348.4000,5349.0000,5350.0000,5350.8000,5351.8000,2,1,1,6,1,1,17,2,1,1
SF,IC2003,2020-01-03 11:18:05.900,5348.4000,53510,0,6369186680.000,0,-,-,-,-,5347.6000,5347.4000,5347.0000,5346.8000,5346.4000,5349.0000,5350.0000,5350.8000,5351.8000,5352.0000,1,2,1,6,1,17,2,1,1,1
SF,IC2003,2020-01-03 11:18:06.400,5348.4000,53510,0,6369186680.000,0,-,-,-,-,5347.8000,5347.6000,5347.0000,5346.8000,5346.4000,5349.0000,5350.0000,5350.8000,5351.8000,5352.0000,2,1,1,6,1,17,2,1,1,1
SF,IC2003,2020-01-03 11:18:06.900,5348.4000,53510,0,6369186680.000,0,-,-,-,-,5347.8000,5347.6000,5347.0000,5346.8000,5346.4000,5348.8000,5349.0000,5350.0000,5350.8000,5351.8000,2,1,1,6,1,1,17,2,1,1
SF,IC2003,2020-01-03 11:18:07.400,5348.4000,53510,0,6369186680.000,0,-,-,-,-,5347.6000,5347.0000,5346.8000,5346.4000,5346.0000,5348.8000,5349.0000,5350.0000,5350.8000,5351.8000,1,1,6,1,1,1,17,2,1,1
SF,IC2003,2020-01-03 11:18:10.900,5348.4000,53510,0,6369186680.000,0,-,-,-,-,5347.6000,5347.0000,5346.8000,5346.4000,5346.2000,5348.8000,5349.0000,5350.0000,5350.8000,5351.8000,1,1,6,1,1,1,17,2,1,1
SF,IC2003,2020-01-03 11:18:12.400,5348.4000,53510,0,6369186680.000,0,-,-,-,-,5347.6000,5346.8000,5346.4000,5346.2000,5346.0000,5348.8000,5350.0000,5350.8000,5351.8000,5352.0000,1,6,1,1,1,1,2,1,1,1
SF,IC2003,2020-01-03 11:18:12.900,5348.4000,53510,0,6369186680.000,0,-,-,-,-,5347.6000,5346.8000,5346.4000,5346.2000,5346.0000,5348.8000,5349.8000,5350.0000,5350.8000,5351.8000,1,6,1,1,1,1,1,2,1,1
SF,IC2003,2020-01-03 11:18:13.400,5347.6000,53510,0,6370256200.000,1,0,1,空换,B,5346.8000,5346.4000,5346.2000,5346.0000,5345.0000,5347.4000,5348.6000,5348.8000,5350.0000,5350.8000,6,1,1,1,2,1,4,1,2,1
SF,IC2003,2020-01-03 11:18:13.900,5347.4000,53509,-1,6371325680.000,1,0,1,双平,B,5346.8000,5346.4000,5346.2000,5346.0000,5345.0000,5348.6000,5348.8000,5350.0000,5350.8000,5351.8000,6,1,1,1,2,4,1,2,1,1
SF,IC2003,2020-01-03 11:18:14.400,5347.4000,53509,0,6371325680.000,0,-,-,-,-,5347.0000,5346.8000,5346.4000,5346.2000,5346.0000,5348.2000,5348.4000,5348.6000,5350.0000,5350.8000,2,6,1,1,1,3,1,4,2,1
SF,IC2003,2020-01-03 11:18:14.900,5347.4000,53509,0,6371325680.000,0,-,-,-,-,5346.8000,5346.4000,5346.2000,5346.0000,5345.0000,5348.0000,5348.2000,5348.4000,5348.6000,5350.0000,6,1,1,1,2,3,1,1,1,2
SF,IC2003,2020-01-03 11:18:15.400,5347.4000,53509,0,6371325680.000,0,-,-,-,-,5346.8000,5346.4000,5346.2000,5346.0000,5345.0000,5348.0000,5348.2000,5348.4000,5348.6000,5350.0000,6,1,1,1,2,5,1,1,1,2
SF,IC2003,2020-01-03 11:18:16.900,5346.8000,53504,-5,6376672480.000,5,0,5,双平,B,5346.8000,5346.4000,5346.2000,5346.0000,5345.0000,5348.0000,5348.2000,5348.4000,5348.6000,5350.0000,1,1,1,1,2,5,1,1,1,2
SF,IC2003,2020-01-03 11:18:18.900,5346.8000,53504,0,6377741840.000,1,0,1,空换,B,5346.4000,5346.2000,5346.0000,5345.0000,5344.6000,5347.8000,5348.0000,5348.2000,5348.6000,5350.0000,1,1,1,2,1,2,5,1,1,2
SF,IC2003,2020-01-03 11:18:19.400,5346.8000,53504,0,6377741840.000,0,-,-,-,-,5346.4000,5346.2000,5346.0000,5345.0000,5344.6000,5347.6000,5347.8000,5348.0000,5348.2000,5348.6000,2,1,1,2,1,3,2,2,1,1
SF,IC2003,2020-01-03 11:18:20.400,5346.4000,53505,1,6378811120.000,1,1,0,双开,B,5346.4000,5346.2000,5346.0000,5345.0000,5344.6000,5346.8000,5347.6000,5347.8000,5348.0000,5348.2000,1,1,1,2,1,1,3,1,2,1
SF,IC2003,2020-01-03 11:18:20.900,5346.4000,53505,0,6378811120.000,0,-,-,-,-,5346.4000,5346.2000,5346.0000,5345.0000,5344.6000,5346.8000,5347.6000,5347.8000,5348.0000,5348.2000,1,1,1,2,1,1,2,1,2,1
SF,IC2003,2020-01-03 11:18:21.900,5346.4000,53505,0,6378811120.000,0,-,-,-,-,5346.4000,5346.0000,5345.0000,5344.6000,5344.2000,5346.8000,5347.6000,5347.8000,5348.0000,5348.2000,1,1,2,1,2,1,2,1,2,1
SF,IC2003,2020-01-03 11:18:22.400,5346.4000,53505,0,6378811120.000,0,-,-,-,-,5346.0000,5345.0000,5344.6000,5344.2000,5343.6000,5346.8000,5347.6000,5347.8000,5348.0000,5348.2000,1,2,1,2,1,1,2,1,2,1
SF,IC2003,2020-01-03 11:18:22.900,5346.4000,53505,0,6378811120.000,0,-,-,-,-,5346.0000,5345.0000,5344.6000,5344.2000,5343.6000,5346.8000,5347.6000,5347.8000,5348.0000,5350.0000,1,2,1,2,1,1,2,1,2,2
SF,IC2003,2020-01-03 11:18:24.900,5346.4000,53505,0,6378811120.000,0,-,-,-,-,5346.0000,5345.0000,5344.6000,5344.2000,5343.6000,5346.8000,5347.6000,5347.8000,5350.0000,5350.8000,1,2,1,2,1,1,2,1,2,1
SF,IC2003,2020-01-03 11:18:26.400,5346.4000,53505,0,6378811120.000,0,-,-,-,-,5346.0000,5345.0000,5344.6000,5344.2000,5343.6000,5346.8000,5347.6000,5347.8000,5350.0000,5350.8000,2,2,1,2,1,1,2,1,2,1
SF,IC2003,2020-01-03 11:18:28.900,5346.4000,53505,0,6378811120.000,0,-,-,-,-,5346.0000,5345.0000,5344.6000,5344.2000,5343.6000,5346.8000,5347.6000,5347.8000,5350.0000,5350.8000,2,2,1,2,1,1,2,1,2,1
SF,IC2003,2020-01-03 11:18:30.400,5346.0000,53505,0,6380949520.000,2,1,1,空换,B,5345.0000,5344.6000,5344.2000,5343.6000,5343.0000,5346.8000,5347.6000,5347.8000,5350.0000,5350.8000,2,1,2,1,2,1,2,1,2,1
SF,IC2003,2020-01-03 11:18:30.900,5346.0000,53505,0,6380949520.000,0,-,-,-,-,5345.2000,5345.0000,5344.6000,5344.2000,5343.6000,5346.8000,5347.6000,5347.8000,5350.0000,5350.8000,2,2,1,2,1,1,2,1,2,1
SF,IC2003,2020-01-03 11:18:31.400,5346.0000,53505,0,6380949520.000,0,-,-,-,-,5345.2000,5345.0000,5344.6000,5344.2000,5343.6000,5346.8000,5347.6000,5347.8000,5350.0000,5350.8000,2,2,1,2,1,1,2,1,2,1
SF,IC2003,2020-01-03 11:18:31.900,5346.0000,53505,0,6380949520.000,0,-,-,-,-,5345.6000,5345.2000,5345.0000,5344.6000,5344.2000,5346.8000,5347.6000,5347.8000,5350.0000,5350.8000,1,2,2,1,2,1,2,1,2,1
SF,IC2003,2020-01-03 11:18:33.900,5345.6000,53505,0,6382018640.000,1,0,1,空换,B,5345.2000,5345.0000,5344.6000,5344.2000,5343.6000,5346.8000,5347.6000,5347.8000,5350.0000,5350.8000,2,2,1,2,1,1,2,1,2,1
SF,IC2003,2020-01-03 11:18:34.400,5345.6000,53505,0,6382018640.000,0,-,-,-,-,5345.2000,5345.0000,5344.6000,5344.2000,5343.6000,5346.6000,5346.8000,5347.8000,5350.0000,5350.8000,2,2,1,2,1,2,1,1,2,1
SF,IC2003,2020-01-03 11:18:36.400,5345.6000,53505,0,6382018640.000,0,-,-,-,-,5345.2000,5345.0000,5344.6000,5344.2000,5343.6000,5346.6000,5347.8000,5350.0000,5350.8000,5351.8000,2,2,1,2,1,2,1,2,1,1
SF,IC2003,2020-01-03 11:18:36.900,5345.2000,53504,-1,6383087680.000,1,0,1,双平,B,5345.2000,5345.0000,5344.6000,5344.2000,5343.6000,5346.6000,5347.8000,5350.0000,5350.8000,5351.8000,1,2,1,2,1,2,1,2,1,1
SF,IC2003,2020-01-03 11:18:37.400,5345.2000,53504,0,6383087680.000,0,-,-,-,-,5345.0000,5344.6000,5344.2000,5343.6000,5343.0000,5346.6000,5347.8000,5350.0000,5350.8000,5351.8000,2,1,2,1,2,2,1,2,1,1
SF,IC2003,2020-01-03 11:18:40.400,5345.0000,53503,-1,6385225680.000,2,0,2,空平,B,5344.6000,5344.2000,5343.6000,5343.0000,5342.8000,5346.6000,5347.8000,5350.0000,5350.8000,5351.8000,1,2,1,2,1,2,1,2,1,1
SF,IC2003,2020-01-03 11:18:40.900,5345.0000,53503,0,6385225680.000,0,-,-,-,-,5345.0000,5344.6000,5344.2000,5343.6000,5343.0000,5346.6000,5347.8000,5350.0000,5350.8000,5351.8000,1,1,2,1,2,2,1,2,1,1
SF,IC2003,2020-01-03 11:18:41.900,5345.0000,53503,0,6385225680.000,0,-,-,-,-,5345.0000,5344.6000,5344.2000,5343.6000,5343.0000,5346.6000,5347.8000,5350.0000,5350.8000,5351.8000,1,1,2,1,2,2,1,2,1,1
SF,IC2003,2020-01-03 11:18:45.400,5345.0000,53503,0,6385225680.000,0,-,-,-,-,5345.0000,5344.6000,5344.2000,5343.6000,5343.0000,5346.6000,5347.8000,5350.0000,5350.8000,5351.8000,1,1,2,1,2,2,1,2,1,1
SF,IC2003,2020-01-03 11:18:46.400,5345.0000,53503,0,6385225680.000,0,-,-,-,-,5345.0000,5344.6000,5344.2000,5343.6000,5343.0000,5346.4000,5346.6000,5347.8000,5350.0000,5350.8000,1,1,2,1,2,1,2,1,2,1
SF,IC2003,2020-01-03 11:18:49.900,5345.0000,53503,0,6385225680.000,0,-,-,-,-,5345.0000,5344.6000,5344.2000,5343.6000,5343.0000,5346.4000,5346.6000,5347.8000,5350.0000,5350.8000,2,1,2,1,2,1,2,1,2,1
SF,IC2003,2020-01-03 11:18:50.400,5345.0000,53503,0,6385225680.000,0,-,-,-,-,5345.2000,5345.0000,5344.6000,5344.2000,5343.6000,5346.4000,5346.6000,5347.8000,5350.0000,5350.8000,3,2,1,2,1,1,2,1,2,1
SF,IC2003,2020-01-03 11:18:50.900,5345.0000,53503,0,6385225680.000,0,-,-,-,-,5346.2000,5346.0000,5345.2000,5345.0000,5344.6000,5346.4000,5347.8000,5350.0000,5350.8000,5351.8000,2,2,3,2,1,1,1,2,1,1
SF,IC2003,2020-01-03 11:18:51.400,5346.4000,53502,-1,6386294960.000,1,0,1,双平,B,5346.4000,5345.2000,5345.0000,5344.6000,5344.2000,5347.6000,5350.0000,5350.8000,5351.8000,5352.0000,3,2,1,1,2,1,2,1,1,1
SF,IC2003,2020-01-03 11:18:51.900,5346.4000,53502,0,6386294960.000,0,-,-,-,-,5346.4000,5345.2000,5345.0000,5344.6000,5344.2000,5347.4000,5349.8000,5350.0000,5350.8000,5351.8000,3,2,1,1,2,2,1,2,1,1
SF,IC2003,2020-01-03 11:18:52.400,5346.4000,53502,0,6386294960.000,0,-,-,-,-,5346.4000,5345.2000,5345.0000,5344.6000,5344.2000,5347.2000,5347.4000,5350.0000,5350.8000,5351.8000,3,2,1,1,2,1,2,2,1,1
SF,IC2003,2020-01-03 11:18:52.900,5347.2000,53503,1,6387364400.000,1,1,0,双开,B,5346.4000,5345.2000,5344.6000,5344.2000,5343.6000,5350.0000,5350.8000,5351.8000,5354.8000,5355.0000,3,2,1,2,1,2,1,1,7,2
SF,IC2003,2020-01-03 11:18:53.400,5346.8000,53504,1,6388433760.000,1,1,0,双开,B,5346.6000,5346.4000,5344.6000,5344.2000,5343.6000,5348.8000,5349.2000,5349.4000,5349.6000,5349.8000,7,3,1,2,1,1,1,3,6,3
SF,IC2003,2020-01-03 11:18:53.900,5346.8000,53504,0,6388433760.000,0,-,-,-,-,5348.4000,5348.2000,5348.0000,5347.4000,5346.8000,5348.6000,5348.8000,5349.6000,5349.8000,5350.0000,2,2,2,1,2,2,1,3,1,2
SF,IC2003,2020-01-03 11:18:54.400,5348.6000,53503,-1,6391642920.000,3,1,2,空平,B,5346.8000,5346.6000,5346.4000,5344.6000,5344.2000,5349.6000,5350.0000,5350.8000,5351.8000,5354.8000,1,2,3,1,2,1,2,1,1,7
SF,IC2003,2020-01-03 11:18:54.900,5348.6000,53503,0,6391642920.000,0,-,-,-,-,5348.0000,5347.4000,5347.2000,5347.0000,5346.8000,5349.4000,5350.0000,5350.8000,5351.8000,5354.8000,1,2,2,5,2,3,2,1,1,7
SF,IC2003,2020-01-03 11:18:55.400,5348.6000,53503,0,6391642920.000,0,-,-,-,-,5348.0000,5347.4000,5347.0000,5346.8000,5346.4000,5349.4000,5350.0000,5350.8000,5351.8000,5354.8000,1,1,4,1,3,2,2,1,1,7
SF,IC2003,2020-01-03 11:18:55.900,5348.6000,53503,0,6391642920.000,0,-,-,-,-,5348.2000,5348.0000,5347.0000,5346.8000,5346.4000,5349.2000,5349.4000,5350.0000,5350.8000,5351.8000,2,1,2,1,3,1,2,2,1,1
SF,IC2003,2020-01-03 11:18:56.400,5348.6000,53503,0,6391642920.000,0,-,-,-,-,5348.2000,5347.0000,5346.8000,5346.4000,5344.6000,5349.2000,5349.4000,5350.0000,5350.8000,5351.8000,2,2,1,3,1,1,2,2,1,1
SF,IC2003,2020-01-03 11:18:56.900,5348.6000,53503,0,6391642920.000,0,-,-,-,-,5347.0000,5346.8000,5346.4000,5344.6000,5344.2000,5349.2000,5349.4000,5350.0000,5350.8000,5351.8000,2,1,3,1,2,1,2,2,1,1
SF,IC2003,2020-01-03 11:18:57.400,5348.6000,53503,0,6391642920.000,0,-,-,-,-,5347.2000,5347.0000,5346.4000,5344.6000,5344.2000,5348.8000,5349.0000,5349.2000,5350.0000,5350.8000,2,1,3,1,2,1,2,1,2,1
SF,IC2003,2020-01-03 11:18:57.900,5348.6000,53503,0,6391642920.000,0,-,-,-,-,5347.2000,5346.4000,5344.6000,5344.2000,5343.6000,5348.0000,5348.6000,5348.8000,5349.2000,5350.0000,2,3,1,2,1,5,2,1,1,2
SF,IC2003,2020-01-03 11:18:58.900,5348.6000,53503,0,6391642920.000,0,-,-,-,-,5347.2000,5346.4000,5344.6000,5344.2000,5343.6000,5348.0000,5348.6000,5350.0000,5350.8000,5351.8000,2,3,1,2,1,5,2,2,1,1
SF,IC2003,2020-01-03 11:18:59.400,5348.6000,53503,0,6391642920.000,0,-,-,-,-,5347.2000,5346.4000,5344.6000,5344.2000,5343.6000,5348.0000,5348.6000,5350.0000,5350.8000,5351.8000,2,2,1,2,1,5,2,2,1,1
SF,IC2003,2020-01-03 11:18:59.900,5348.6000,53503,0,6391642920.000,0,-,-,-,-,5346.4000,5344.6000,5344.2000,5343.6000,5343.0000,5348.0000,5348.6000,5350.0000,5350.8000,5351.8000,2,1,2,1,2,5,2,2,1,1
SF,IC2003,2020-01-03 11:19:00.400,5348.6000,53503,0,6391642920.000,0,-,-,-,-,5346.6000,5344.6000,5344.2000,5343.6000,5343.0000,5348.0000,5348.6000,5350.0000,5350.8000,5351.8000,2,1,2,1,2,5,2,2,1,1
SF,IC2003,2020-01-03 11:19:00.900,5348.6000,53503,0,6391642920.000,0,-,-,-,-,5344.6000,5344.2000,5343.6000,5343.0000,5342.8000,5347.8000,5348.0000,5350.0000,5350.8000,5351.8000,1,2,1,2,1,3,5,2,1,1
SF,IC2003,2020-01-03 11:19:01.400,5348.6000,53503,0,6391642920.000,0,-,-,-,-,5344.8000,5344.6000,5344.2000,5343.6000,5343.0000,5347.4000,5347.6000,5347.8000,5348.0000,5350.0000,7,1,2,1,2,3,5,2,5,2
SF,IC2003,2020-01-03 11:19:01.900,5348.6000,53503,0,6391642920.000,0,-,-,-,-,5344.8000,5344.6000,5344.2000,5343.6000,5343.0000,5346.6000,5347.0000,5347.2000,5347.6000,5348.0000,5,1,2,1,2,1,4,2,3,5
SF,IC2003,2020-01-03 11:19:02.400,5348.6000,53503,0,6391642920.000,0,-,-,-,-,5345.2000,5344.8000,5344.6000,5344.2000,5343.6000,5346.6000,5347.2000,5347.6000,5348.0000,5350.0000,1,2,1,2,1,1,2,1,5,2
SF,IC2003,2020-01-03 11:19:02.900,5348.6000,53503,0,6391642920.000,0,-,-,-,-,5345.4000,5344.6000,5344.2000,5343.6000,5343.0000,5346.6000,5347.2000,5347.6000,5348.0000,5350.0000,2,1,2,1,2,1,2,1,5,2
SF,IC2003,2020-01-03 11:19:03.400,5348.6000,53503,0,6391642920.000,0,-,-,-,-,5345.6000,5345.4000,5344.6000,5344.2000,5343.6000,5347.6000,5348.0000,5350.0000,5350.8000,5351.8000,1,2,1,2,1,1,5,2,1,1
SF,IC2003,2020-01-03 11:19:03.900,5348.6000,53503,0,6391642920.000,0,-,-,-,-,5345.8000,5345.6000,5344.6000,5344.2000,5343.6000,5347.4000,5348.0000,5350.0000,5350.8000,5351.8000,2,1,1,2,1,2,5,2,1,1
SF,IC2003,2020-01-03 11:19:04.400,5348.6000,53503,0,6391642920.000,0,-,-,-,-,5345.8000,5345.6000,5344.6000,5344.2000,5343.6000,5348.0000,5348.4000,5350.0000,5350.8000,5351.8000,2,1,1,2,1,5,1,2,1,1
SF,IC2003,2020-01-03 11:19:04.900,5348.6000,53503,0,6391642920.000,0,-,-,-,-,5345.8000,5345.6000,5344.6000,5344.2000,5343.6000,5347.4000,5347.8000,5348.0000,5348.4000,5350.0000,2,1,1,2,1,1,2,5,1,2
SF,IC2003,2020-01-03 11:19:05.400,5348.6000,53503,0,6391642920.000,0,-,-,-,-,5345.8000,5345.6000,5344.6000,5344.2000,5343.6000,5347.2000,5347.4000,5348.0000,5348.4000,5350.0000,2,1,1,2,1,2,1,5,1,2
SF,IC2003,2020-01-03 11:19:05.900,5348.6000,53504,1,6392712640.000,1,1,0,双开,B,5345.8000,5345.6000,5344.6000,5344.2000,5343.6000,5348.0000,5348.4000,5350.0000,5350.8000,5351.8000,2,1,1,2,1,5,1,2,1,1
SF,IC2003,2020-01-03 11:19:06.400,5348.6000,53504,0,6392712640.000,0,-,-,-,-,5345.8000,5345.6000,5344.6000,5344.2000,5343.6000,5347.8000,5348.0000,5348.4000,5350.0000,5350.8000,2,1,1,2,1,2,5,1,2,1
SF,IC2003,2020-01-03 11:19:06.900,5348.6000,53504,0,6392712640.000,0,-,-,-,-,5346.0000,5345.8000,5344.6000,5344.2000,5343.6000,5347.8000,5348.0000,5348.4000,5350.0000,5350.8000,1,2,1,2,1,2,5,1,2,1
SF,IC2003,2020-01-03 11:19:07.400,5348.6000,53504,0,6392712640.000,0,-,-,-,-,5346.2000,5346.0000,5344.6000,5344.2000,5343.6000,5347.8000,5348.0000,5350.0000,5350.8000,5351.8000,2,1,1,2,1,2,5,2,1,1
SF,IC2003,2020-01-03 11:19:12.400,5348.6000,53504,0,6392712640.000,0,-,-,-,-,5346.2000,5346.0000,5344.6000,5344.2000,5343.6000,5347.8000,5348.0000,5349.8000,5350.0000,5350.8000,2,1,1,2,1,2,5,1,2,1
SF,IC2003,2020-01-03 11:19:12.900,5348.6000,53504,0,6392712640.000,0,-,-,-,-,5346.0000,5344.6000,5344.2000,5343.6000,5343.0000,5347.6000,5347.8000,5348.0000,5349.8000,5350.0000,1,1,2,1,2,1,2,5,1,2
SF,IC2003,2020-01-03 11:19:13.400,5348.6000,53504,0,6392712640.000,0,-,-,-,-,5346.0000,5344.6000,5344.2000,5343.6000,5343.0000,5347.4000,5347.6000,5348.0000,5349.8000,5350.0000,1,1,2,1,2,2,1,5,1,2
SF,IC2003,2020-01-03 11:19:13.900,5348.6000,53504,0,6392712640.000,0,-,-,-,-,5346.0000,5344.6000,5344.2000,5343.6000,5343.0000,5347.2000,5347.4000,5348.0000,5349.8000,5350.0000,1,1,2,1,2,1,2,5,1,2
SF,IC2003,2020-01-03 11:19:15.400,5348.6000,53504,0,6392712640.000,0,-,-,-,-,5346.0000,5344.6000,5344.2000,5343.6000,5343.0000,5347.2000,5347.4000,5348.0000,5349.8000,5350.0000,1,2,2,1,2,1,2,5,1,2
SF,IC2003,2020-01-03 11:19:15.900,5348.6000,53504,0,6392712640.000,0,-,-,-,-,5346.0000,5344.6000,5344.2000,5343.6000,5343.0000,5347.2000,5347.4000,5348.0000,5349.8000,5350.0000,1,2,2,1,2,2,2,5,1,2
SF,IC2003,2020-01-03 11:19:16.400,5348.6000,53504,0,6392712640.000,0,-,-,-,-,5346.2000,5346.0000,5344.6000,5344.2000,5343.6000,5347.2000,5347.4000,5348.0000,5349.8000,5350.0000,2,1,2,2,1,2,2,5,1,2
SF,IC2003,2020-01-03 11:19:16.900,5348.6000,53504,0,6392712640.000,0,-,-,-,-,5346.2000,5346.0000,5344.6000,5344.2000,5343.6000,5347.2000,5347.4000,5348.0000,5349.8000,5350.0000,2,1,2,2,1,2,2,5,1,2
SF,IC2003,2020-01-03 11:19:19.400,5348.6000,53504,0,6392712640.000,0,-,-,-,-,5346.2000,5344.6000,5344.2000,5343.6000,5343.0000,5347.2000,5347.4000,5348.0000,5349.8000,5350.0000,2,2,2,1,2,2,2,5,1,2
SF,IC2003,2020-01-03 11:19:19.900,5348.6000,53504,0,6392712640.000,0,-,-,-,-,5346.2000,5344.6000,5344.2000,5343.6000,5343.0000,5347.2000,5348.0000,5349.8000,5350.0000,5350.8000,2,2,2,1,2,2,5,1,2,1
SF,IC2003,2020-01-03 11:19:20.400,5348.6000,53504,0,6392712640.000,0,-,-,-,-,5346.2000,5344.6000,5344.2000,5343.6000,5343.0000,5347.8000,5348.0000,5349.8000,5350.0000,5350.8000,2,2,2,1,2,2,5,1,2,1
SF,IC2003,2020-01-03 11:19:20.900,5348.6000,53504,0,6392712640.000,0,-,-,-,-,5346.2000,5344.6000,5344.2000,5343.6000,5343.0000,5347.6000,5347.8000,5348.0000,5349.8000,5350.0000,2,2,2,1,2,2,2,5,1,2
SF,IC2003,2020-01-03 11:19:21.400,5348.6000,53504,0,6392712640.000,0,-,-,-,-,5346.2000,5344.6000,5344.2000,5343.6000,5343.0000,5347.2000,5347.4000,5348.0000,5349.8000,5350.0000,2,2,2,1,2,1,2,5,1,2
SF,IC2003,2020-01-03 11:19:21.900,5348.6000,53504,0,6392712640.000,0,-,-,-,-,5346.2000,5344.6000,5344.2000,5343.6000,5343.0000,5347.0000,5347.2000,5348.0000,5349.8000,5350.0000,2,2,2,1,2,2,1,5,1,2
SF,IC2003,2020-01-03 11:19:22.400,5347.0000,53506,2,6394851440.000,2,2,0,双开,B,5347.0000,5346.2000,5344.6000,5344.2000,5343.6000,5347.2000,5348.0000,5349.8000,5350.0000,5350.8000,1,2,2,2,1,1,5,1,2,1
SF,IC2003,2020-01-03 11:19:22.900,5347.2000,53506,0,6395920880.000,1,0,1,空换,B,5346.2000,5344.6000,5344.2000,5343.6000,5343.0000,5348.0000,5349.8000,5350.0000,5350.8000,5351.8000,2,2,2,1,2,5,1,2,1,1
SF,IC2003,2020-01-03 11:19:23.900,5347.2000,53506,0,6395920880.000,0,-,-,-,-,5346.2000,5344.6000,5344.2000,5343.6000,5343.0000,5348.0000,5349.8000,5350.0000,5350.8000,5351.8000,2,2,2,1,2,5,1,2,1,1
SF,IC2003,2020-01-03 11:19:24.400,5347.2000,53506,0,6395920880.000,0,-,-,-,-,5346.2000,5345.2000,5344.6000,5344.2000,5343.6000,5347.8000,5348.0000,5349.8000,5350.0000,5350.8000,2,1,2,2,1,2,5,1,2,1
SF,IC2003,2020-01-03 11:19:24.900,5347.2000,53506,0,6395920880.000,0,-,-,-,-,5346.2000,5345.2000,5344.6000,5344.2000,5343.6000,5347.8000,5348.0000,5349.8000,5350.0000,5350.8000,2,1,2,2,1,2,5,1,3,1
SF,IC2003,2020-01-03 11:19:25.400,5347.2000,53506,0,6395920880.000,0,-,-,-,-,5346.2000,5345.8000,5345.2000,5344.6000,5344.2000,5347.8000,5348.0000,5349.8000,5350.0000,5350.8000,2,1,1,2,2,2,5,1,3,1
SF,IC2003,2020-01-03 11:19:28.400,5347.2000,53506,0,6395920880.000,0,-,-,-,-,5346.2000,5345.8000,5345.2000,5344.6000,5344.2000,5347.8000,5348.0000,5349.8000,5350.0000,5350.8000,3,1,1,2,2,2,5,1,3,1
SF,IC2003,2020-01-03 11:19:28.900,5347.2000,53506,0,6395920880.000,0,-,-,-,-,5346.2000,5345.8000,5345.2000,5344.6000,5344.2000,5347.0000,5347.8000,5348.0000,5349.8000,5350.0000,3,1,1,2,2,1,2,5,1,3
SF,IC2003,2020-01-03 11:19:32.900,5347.2000,53506,0,6395920880.000,0,-,-,-,-,5346.2000,5345.8000,5345.2000,5344.6000,5344.2000,5347.0000,5347.8000,5348.0000,5349.8000,5350.0000,4,1,1,2,2,1,2,5,1,3
SF,IC2003,2020-01-03 11:19:33.900,5347.0000,53506,0,6396990280.000,1,0,1,空换,B,5346.2000,5345.8000,5345.2000,5344.6000,5344.2000,5347.8000,5348.0000,5349.8000,5350.0000,5350.8000,4,1,1,2,2,2,5,1,3,1
SF,IC2003,2020-01-03 11:19:34.400,5347.0000,53506,0,6396990280.000,0,-,-,-,-,5346.2000,5345.8000,5345.2000,5344.6000,5344.2000,5347.8000,5348.0000,5349.8000,5350.0000,5350.8000,4,1,1,2,2,2,5,1,3,1
SF,IC2003,2020-01-03 11:19:36.400,5347.0000,53506,0,6396990280.000,0,-,-,-,-,5346.2000,5345.8000,5345.2000,5344.6000,5344.2000,5347.4000,5347.8000,5348.0000,5349.8000,5350.0000,4,1,1,2,2,1,2,5,1,3
SF,IC2003,2020-01-03 11:19:36.900,5347.0000,53506,0,6396990280.000,0,-,-,-,-,5346.2000,5345.8000,5345.2000,5344.6000,5344.2000,5347.2000,5347.4000,5348.0000,5349.8000,5350.0000,2,1,1,2,2,2,1,5,1,3
SF,IC2003,2020-01-03 11:19:38.400,5346.2000,53505,-1,6398059520.000,1,0,1,双平,B,5346.2000,5345.8000,5345.2000,5344.6000,5344.2000,5347.2000,5347.4000,5348.0000,5349.8000,5350.0000,1,1,1,2,2,2,1,5,1,3
SF,IC2003,2020-01-03 11:19:38.900,5346.2000,53505,0,6398059520.000,0,-,-,-,-,5346.2000,5345.8000,5345.2000,5344.6000,5344.2000,5347.4000,5348.0000,5349.8000,5350.0000,5350.8000,1,1,1,2,2,1,5,1,3,1
SF,IC2003,2020-01-03 11:19:39.400,5346.2000,53505,0,6398059520.000,0,-,-,-,-,5346.4000,5346.2000,5345.8000,5345.2000,5344.6000,5347.4000,5348.0000,5349.8000,5350.0000,5350.8000,2,1,1,1,2,1,5,1,3,1
SF,IC2003,2020-01-03 11:19:39.900,5346.2000,53505,0,6398059520.000,0,-,-,-,-,5346.4000,5346.2000,5345.8000,5344.6000,5344.2000,5347.4000,5348.0000,5349.8000,5350.0000,5350.8000,2,1,1,2,2,1,5,1,3,1
SF,IC2003,2020-01-03 11:19:41.900,5346.4000,53505,0,6400198080.000,2,1,1,空换,B,5346.2000,5345.8000,5344.6000,5344.2000,5343.6000,5347.4000,5348.0000,5349.8000,5350.0000,5350.8000,1,1,2,2,1,1,5,1,3,1
SF,IC2003,2020-01-03 11:19:42.400,5346.4000,53505,0,6400198080.000,0,-,-,-,-,5346.2000,5345.8000,5344.6000,5344.2000,5343.6000,5347.2000,5347.4000,5348.0000,5349.8000,5350.0000,1,1,2,2,1,2,1,5,1,3
SF,IC2003,2020-01-03 11:19:46.900,5347.2000,53504,-1,6401267520.000,1,0,1,双平,B,5346.2000,5345.8000,5344.6000,5344.2000,5343.6000,5347.2000,5347.4000,5348.0000,5349.8000,5350.0000,1,1,2,2,1,1,1,5,1,3
SF,IC2003,2020-01-03 11:19:47.400,5347.2000,53504,0,6401267520.000,0,-,-,-,-,5346.2000,5345.8000,5344.6000,5344.2000,5343.6000,5347.4000,5348.0000,5349.8000,5350.0000,5350.8000,1,1,2,2,1,1,5,1,3,1
SF,IC2003,2020-01-03 11:19:47.900,5347.2000,53504,0,6401267520.000,0,-,-,-,-,5346.2000,5345.8000,5344.6000,5344.2000,5343.6000,5347.4000,5349.8000,5350.0000,5350.8000,5351.8000,1,1,2,2,1,1,1,3,1,1
SF,IC2003,2020-01-03 11:19:48.400,5347.2000,53504,0,6401267520.000,0,-,-,-,-,5346.4000,5346.2000,5345.8000,5344.6000,5344.2000,5347.4000,5349.8000,5350.0000,5350.8000,5351.8000,2,1,1,2,2,1,1,3,1,1
SF,IC2003,2020-01-03 11:19:53.400,5347.2000,53504,0,6401267520.000,0,-,-,-,-,5346.4000,5346.2000,5345.8000,5344.6000,5344.2000,5347.4000,5349.8000,5350.0000,5350.8000,5351.8000,2,1,1,1,2,1,1,3,1,1
SF,IC2003,2020-01-03 11:19:55.400,5347.2000,53504,0,6401267520.000,0,-,-,-,-,5346.4000,5346.2000,5345.8000,5344.6000,5344.2000,5347.0000,5347.4000,5349.8000,5350.0000,5350.8000,2,1,1,1,2,5,1,1,3,1
SF,IC2003,2020-01-03 11:19:56.900,5347.2000,53504,0,6401267520.000,0,-,-,-,-,5346.4000,5346.2000,5345.8000,5344.6000,5344.2000,5347.0000,5347.4000,5349.8000,5350.0000,5350.8000,2,1,1,1,2,5,1,1,3,1
SF,IC2003,2020-01-03 11:20:00.400,5347.2000,53504,0,6401267520.000,0,-,-,-,-,5346.4000,5346.2000,5345.8000,5344.6000,5344.2000,5347.0000,5347.4000,5349.8000,5350.0000,5350.8000,2,1,1,1,2,5,1,1,3,1
SF,IC2003,2020-01-03 11:20:00.900,5347.2000,53504,0,6401267520.000,0,-,-,-,-,5346.2000,5345.8000,5344.6000,5344.2000,5343.6000,5347.0000,5347.4000,5349.8000,5350.0000,5350.8000,1,1,1,2,1,5,1,1,3,1
SF,IC2003,2020-01-03 11:20:04.400,5346.2000,53504,0,6402336760.000,1,0,1,空换,B,5345.8000,5344.6000,5344.2000,5343.6000,5343.0000,5346.6000,5347.0000,5347.4000,5349.8000,5350.0000,1,1,2,1,2,1,5,1,1,3
SF,IC2003,2020-01-03 11:20:04.900,5346.2000,53504,0,6402336760.000,0,-,-,-,-,5345.8000,5344.6000,5344.2000,5343.6000,5343.0000,5346.4000,5346.6000,5347.0000,5347.4000,5350.0000,1,1,2,1,2,3,1,5,1,3
SF,IC2003,2020-01-03 11:20:05.400,5346.2000,53504,0,6402336760.000,0,-,-,-,-,5345.8000,5344.6000,5344.2000,5343.6000,5343.0000,5346.4000,5346.6000,5347.0000,5347.4000,5350.0000,1,1,2,1,2,3,1,5,1,3
SF,IC2003,2020-01-03 11:20:05.900,5345.8000,53505,1,6403405920.000,1,1,0,双开,B,5344.6000,5344.2000,5343.6000,5343.0000,5342.8000,5345.4000,5346.4000,5346.6000,5347.0000,5347.4000,1,2,1,2,1,1,2,1,5,1
SF,IC2003,2020-01-03 11:20:09.400,5345.8000,53505,0,6403405920.000,0,-,-,-,-,5344.6000,5344.2000,5343.6000,5343.0000,5342.8000,5345.4000,5346.4000,5346.6000,5347.0000,5347.4000,1,1,1,2,1,1,2,1,5,1
SF,IC2003,2020-01-03 11:20:09.900,5344.6000,53506,1,6404474840.000,1,1,0,双开,B,5344.2000,5343.6000,5343.0000,5342.8000,5342.0000,5345.4000,5345.6000,5346.4000,5346.6000,5347.0000,1,1,2,2,2,1,1,2,1,5
SF,IC2003,2020-01-03 11:20:10.400,5344.6000,53506,0,6404474840.000,0,-,-,-,-,5344.4000,5344.2000,5343.6000,5343.0000,5342.8000,5345.4000,5345.6000,5346.4000,5346.6000,5347.0000,2,1,1,2,2,1,1,2,1,5
SF,IC2003,2020-01-03 11:20:11.400,5345.4000,53505,-1,6405543920.000,1,0,1,双平,B,5345.4000,5344.4000,5344.2000,5343.6000,5343.0000,5345.6000,5346.4000,5346.6000,5347.0000,5347.4000,1,2,1,1,2,1,2,1,5,1
SF,IC2003,2020-01-03 11:20:11.900,5345.4000,53504,-1,6406613000.000,1,0,1,双平,B,5344.4000,5344.2000,5343.6000,5343.0000,5342.8000,5345.2000,5345.6000,5346.4000,5346.6000,5347.0000,2,1,1,2,2,2,1,2,1,5
SF,IC2003,2020-01-03 11:20:12.400,5345.4000,53504,0,6406613000.000,0,-,-,-,-,5344.4000,5344.2000,5343.6000,5343.0000,5342.8000,5345.2000,5345.6000,5346.4000,5346.6000,5347.0000,2,1,1,2,2,1,1,2,1,5
SF,IC2003,2020-01-03 11:20:12.900,5345.4000,53504,0,6406613000.000,0,-,-,-,-,5344.4000,5344.2000,5343.6000,5343.0000,5342.8000,5345.6000,5346.4000,5346.6000,5347.0000,5347.4000,2,1,1,2,2,1,2,1,5,1
SF,IC2003,2020-01-03 11:20:15.400,5345.4000,53504,0,6406613000.000,0,-,-,-,-,5344.4000,5344.2000,5343.0000,5342.8000,5342.0000,5345.6000,5346.4000,5346.6000,5347.0000,5347.4000,2,1,2,2,2,1,2,1,5,1
SF,IC2003,2020-01-03 11:20:15.900,5345.4000,53504,0,6406613000.000,0,-,-,-,-,5344.4000,5344.2000,5343.0000,5342.8000,5342.0000,5345.6000,5346.4000,5346.6000,5347.0000,5347.4000,2,1,2,3,2,1,2,1,5,1
SF,IC2003,2020-01-03 11:20:16.400,5345.4000,53504,0,6406613000.000,0,-,-,-,-,5344.6000,5344.4000,5344.2000,5343.0000,5342.8000,5345.6000,5346.4000,5346.6000,5347.0000,5347.4000,1,2,1,2,3,1,2,1,5,1
SF,IC2003,2020-01-03 11:20:22.900,5345.6000,53503,-1,6407682120.000,1,0,1,双平,B,5344.6000,5344.4000,5344.2000,5343.0000,5342.8000,5346.4000,5346.6000,5347.0000,5347.4000,5350.0000,1,2,1,2,3,2,1,5,1,3
SF,IC2003,2020-01-03 11:20:23.400,5345.6000,53503,0,6407682120.000,0,-,-,-,-,5344.8000,5344.6000,5344.2000,5343.0000,5342.8000,5346.0000,5346.4000,5346.6000,5347.0000,5347.4000,2,1,1,2,3,2,2,1,5,1
SF,IC2003,2020-01-03 11:20:23.900,5344.2000,53504,1,6411957800.000,4,2,2,多开,B,5343.0000,5342.8000,5342.0000,5341.0000,5340.8000,5344.0000,5344.6000,5346.0000,5346.4000,5346.6000,2,3,2,3,1,13,1,2,2,1
SF,IC2003,2020-01-03 11:20:24.400,5344.6000,53510,6,6426921200.000,14,10,4,多开,B,5344.6000,5344.0000,5343.8000,5343.4000,5343.2000,5346.4000,5346.6000,5347.0000,5347.4000,5350.0000,1,3,1,1,4,2,1,5,1,3
SF,IC2003,2020-01-03 11:20:24.900,5344.6000,53510,0,6426921200.000,0,-,-,-,-,5344.0000,5343.8000,5343.4000,5343.2000,5343.0000,5346.0000,5346.4000,5346.6000,5347.0000,5347.4000,1,1,1,4,3,3,2,1,5,1
SF,IC2003,2020-01-03 11:20:25.400,5344.6000,53510,0,6426921200.000,0,-,-,-,-,5344.0000,5343.8000,5343.4000,5343.2000,5343.0000,5345.8000,5346.0000,5346.6000,5347.0000,5347.4000,1,1,1,4,3,2,3,1,5,1
SF,IC2003,2020-01-03 11:20:25.900,5344.6000,53510,0,6426921200.000,0,-,-,-,-,5344.0000,5343.8000,5343.4000,5343.2000,5343.0000,5345.8000,5346.0000,5346.6000,5347.0000,5347.4000,1,1,1,4,3,2,1,1,5,1
SF,IC2003,2020-01-03 11:20:26.400,5344.6000,53510,0,6426921200.000,0,-,-,-,-,5344.0000,5343.8000,5343.4000,5343.2000,5343.0000,5345.8000,5346.0000,5346.6000,5347.0000,5347.4000,1,1,1,2,3,2,1,2,5,1
SF,IC2003,2020-01-03 11:20:26.900,5344.6000,53510,0,6426921200.000,0,-,-,-,-,5343.4000,5343.2000,5343.0000,5342.8000,5342.0000,5345.4000,5345.8000,5346.6000,5347.0000,5347.4000,1,2,3,3,2,3,2,2,5,1
SF,IC2003,2020-01-03 11:20:27.400,5344.6000,53510,0,6426921200.000,0,-,-,-,-,5343.8000,5343.6000,5343.4000,5343.0000,5342.8000,5345.2000,5345.4000,5346.6000,5347.0000,5347.4000,2,2,1,3,3,2,1,2,5,1
SF,IC2003,2020-01-03 11:20:27.900,5344.6000,53510,0,6426921200.000,0,-,-,-,-,5343.8000,5343.6000,5343.4000,5343.0000,5342.8000,5345.2000,5345.4000,5346.6000,5347.0000,5347.4000,1,2,1,3,3,2,1,2,5,1
SF,IC2003,2020-01-03 11:20:32.900,5345.2000,53509,-1,6427990240.000,1,0,1,双平,B,5343.8000,5343.6000,5343.4000,5343.0000,5342.8000,5345.2000,5345.4000,5346.6000,5347.0000,5347.4000,1,2,1,3,3,1,1,2,5,1
SF,IC2003,2020-01-03 11:20:33.400,5345.2000,53509,0,6427990240.000,0,-,-,-,-,5343.8000,5343.4000,5343.0000,5342.8000,5342.0000,5345.2000,5345.4000,5346.6000,5347.4000,5348.0000,1,1,3,3,2,1,1,2,1,2
SF,IC2003,2020-01-03 11:20:33.900,5345.2000,53509,0,6427990240.000,0,-,-,-,-,5343.8000,5343.4000,5343.0000,5342.8000,5342.0000,5345.2000,5345.4000,5346.6000,5347.4000,5348.0000,1,1,2,3,2,1,1,2,1,2
SF,IC2003,2020-01-03 11:20:34.900,5345.2000,53509,0,6427990240.000,0,-,-,-,-,5343.8000,5343.0000,5342.8000,5342.0000,5341.0000,5345.2000,5345.4000,5346.6000,5347.4000,5348.0000,1,2,3,2,3,1,1,2,1,2
SF,IC2003,2020-01-03 11:20:36.400,5345.2000,53509,0,6427990240.000,0,-,-,-,-,5343.8000,5343.0000,5342.8000,5342.2000,5342.0000,5345.2000,5345.4000,5346.6000,5347.4000,5348.0000,1,2,3,1,2,1,1,2,1,2
SF,IC2003,2020-01-03 11:20:38.900,5345.2000,53509,0,6427990240.000,0,-,-,-,-,5343.8000,5343.0000,5342.8000,5342.4000,5342.2000,5345.2000,5345.4000,5346.6000,5347.4000,5348.0000,1,2,3,1,1,1,1,2,1,2
SF,IC2003,2020-01-03 11:20:39.400,5343.8000,53509,0,6429059000.000,1,0,1,空换,B,5343.0000,5342.8000,5342.4000,5342.2000,5342.0000,5345.2000,5345.4000,5346.6000,5347.4000,5348.0000,2,3,1,1,2,1,1,2,1,2
SF,IC2003,2020-01-03 11:20:39.900,5343.8000,53509,0,6429059000.000,0,-,-,-,-,5343.2000,5343.0000,5342.8000,5342.4000,5342.2000,5344.8000,5345.2000,5345.4000,5346.6000,5347.4000,2,2,3,1,1,2,1,1,2,1
SF,IC2003,2020-01-03 11:20:40.400,5343.8000,53509,0,6429059000.000,0,-,-,-,-,5343.2000,5343.0000,5342.8000,5342.4000,5342.2000,5344.6000,5346.6000,5347.4000,5348.0000,5350.0000,2,2,3,1,1,2,2,1,2,3
SF,IC2003,2020-01-03 11:20:40.900,5343.8000,53509,0,6429059000.000,0,-,-,-,-,5344.4000,5344.2000,5343.4000,5343.2000,5343.0000,5346.6000,5347.4000,5348.0000,5350.0000,5350.8000,2,4,1,2,2,2,1,2,3,1
SF,IC2003,2020-01-03 11:20:41.400,5343.8000,53509,0,6429059000.000,0,-,-,-,-,5343.4000,5343.2000,5343.0000,5342.8000,5342.4000,5345.6000,5346.2000,5346.4000,5346.6000,5347.4000,1,2,2,3,1,2,4,3,2,1
SF,IC2003,2020-01-03 11:20:41.900,5343.8000,53509,0,6429059000.000,0,-,-,-,-,5343.6000,5343.4000,5343.0000,5342.8000,5342.4000,5345.2000,5345.4000,5345.6000,5346.2000,5346.4000,2,1,2,3,1,2,2,2,2,1
SF,IC2003,2020-01-03 11:20:42.400,5345.0000,53508,-1,6430128000.000,1,0,1,双平,B,5343.6000,5343.4000,5343.0000,5342.8000,5342.4000,5345.0000,5345.6000,5346.2000,5346.4000,5346.6000,2,1,2,3,1,1,2,2,1,2
SF,IC2003,2020-01-03 11:20:42.900,5343.4000,53505,-3,6433334120.000,3,0,3,双平,B,5343.0000,5342.8000,5342.4000,5342.2000,5342.0000,5343.2000,5345.0000,5345.6000,5346.2000,5346.6000,2,3,1,1,2,3,1,2,2,2
SF,IC2003,2020-01-03 11:20:43.400,5343.2000,53502,-3,6436540040.000,3,0,3,双平,B,5343.8000,5343.4000,5343.2000,5343.0000,5342.8000,5345.0000,5345.6000,5346.2000,5346.6000,5347.4000,1,2,9,2,3,1,1,2,2,1
SF,IC2003,2020-01-03 11:20:43.900,5343.6000,53502,0,6437608760.000,1,0,1,空换,B,5343.2000,5343.0000,5342.8000,5342.4000,5342.0000,5343.6000,5345.0000,5345.6000,5346.2000,5346.6000,7,2,3,1,2,1,1,1,2,2
SF,IC2003,2020-01-03 11:20:44.400,5343.6000,53502,0,6439746200.000,2,1,1,空换,B,5343.6000,5343.2000,5343.0000,5342.8000,5342.4000,5345.0000,5345.6000,5346.2000,5346.6000,5347.4000,4,2,2,3,1,1,1,2,2,1
SF,IC2003,2020-01-03 11:20:44.900,5343.0000,53504,2,6442952080.000,3,2,1,多开,B,5343.0000,5342.8000,5342.0000,5341.0000,5340.8000,5345.0000,5345.6000,5346.2000,5346.6000,5347.4000,1,3,2,3,1,1,2,2,2,1
SF,IC2003,2020-01-03 11:20:45.400,5343.0000,53504,0,6442952080.000,0,-,-,-,-,5343.0000,5342.8000,5342.0000,5341.0000,5340.8000,5344.8000,5345.0000,5345.6000,5346.2000,5346.6000,1,3,2,3,1,2,1,2,2,2
SF,IC2003,2020-01-03 11:20:45.900,5343.0000,53504,0,6442952080.000,0,-,-,-,-,5343.0000,5342.8000,5342.0000,5341.0000,5340.8000,5344.4000,5344.6000,5345.6000,5346.2000,5346.6000,1,3,2,3,1,2,3,2,2,2
SF,IC2003,2020-01-03 11:20:46.400,5343.0000,53505,1,6444020680.000,1,1,0,双开,B,5342.8000,5342.0000,5341.0000,5340.8000,5340.6000,5344.6000,5345.6000,5346.2000,5346.6000,5347.4000,3,2,3,1,3,3,2,2,2,1
SF,IC2003,2020-01-03 11:20:46.900,5344.6000,53503,-2,6447227440.000,3,0,3,空平,B,5342.8000,5342.0000,5341.0000,5340.8000,5340.6000,5345.6000,5346.2000,5346.6000,5347.4000,5348.0000,3,2,3,1,3,2,2,2,1,2
SF,IC2003,2020-01-03 11:20:47.400,5344.6000,53503,0,6447227440.000,0,-,-,-,-,5343.2000,5343.0000,5342.8000,5342.0000,5341.0000,5345.0000,5345.2000,5345.4000,5345.6000,5346.2000,1,2,3,2,3,1,3,3,2,2
SF,IC2003,2020-01-03 11:20:47.900,5344.6000,53503,0,6447227440.000,0,-,-,-,-,5343.4000,5343.2000,5342.8000,5342.0000,5341.0000,5344.6000,5344.8000,5345.0000,5345.4000,5345.6000,2,1,3,2,3,2,2,1,1,2
SF,IC2003,2020-01-03 11:20:48.400,5344.6000,53503,0,6447227440.000,0,-,-,-,-,5343.4000,5343.2000,5342.8000,5342.0000,5341.0000,5344.6000,5344.8000,5345.0000,5345.4000,5345.6000,2,1,3,2,3,1,2,1,1,2
SF,IC2003,2020-01-03 11:20:48.900,5344.6000,53503,0,6447227440.000,0,-,-,-,-,5343.4000,5343.2000,5342.8000,5342.0000,5341.0000,5344.8000,5345.0000,5345.4000,5345.6000,5346.2000,2,1,3,2,3,2,1,1,2,2
SF,IC2003,2020-01-03 11:20:49.900,5344.6000,53503,0,6447227440.000,0,-,-,-,-,5343.4000,5343.2000,5342.8000,5342.0000,5341.0000,5344.4000,5344.8000,5345.0000,5345.4000,5345.6000,2,1,3,2,3,1,2,1,1,2
SF,IC2003,2020-01-03 11:20:50.400,5344.6000,53504,1,6448296360.000,1,1,0,双开,B,5343.4000,5343.2000,5342.8000,5342.0000,5341.0000,5344.8000,5345.0000,5345.4000,5345.6000,5346.2000,2,1,3,2,3,2,1,1,2,2
SF,IC2003,2020-01-03 11:20:51.400,5343.4000,53503,-1,6449365040.000,1,0,1,双平,B,5343.6000,5343.4000,5342.8000,5342.0000,5341.0000,5344.8000,5345.0000,5345.4000,5345.6000,5346.2000,1,1,3,2,3,2,1,1,2,2
SF,IC2003,2020-01-03 11:20:51.900,5343.4000,53503,0,6449365040.000,0,-,-,-,-,5343.6000,5342.8000,5342.0000,5341.0000,5340.8000,5344.8000,5345.0000,5345.4000,5345.6000,5346.2000,1,3,2,3,1,2,1,1,2,2
SF,IC2003,2020-01-03 11:20:52.400,5343.4000,53503,0,6449365040.000,0,-,-,-,-,5343.6000,5342.8000,5342.0000,5341.0000,5340.8000,5344.8000,5345.0000,5345.4000,5345.6000,5346.2000,1,3,2,3,1,2,2,1,2,2
SF,IC2003,2020-01-03 11:20:52.900,5343.6000,53504,1,6450433760.000,1,1,0,双开,B,5342.8000,5342.0000,5341.0000,5340.8000,5340.6000,5344.4000,5344.8000,5345.0000,5345.4000,5345.6000,3,2,3,1,3,1,2,1,1,2
SF,IC2003,2020-01-03 11:20:53.400,5343.6000,53504,0,6450433760.000,0,-,-,-,-,5342.8000,5342.0000,5341.2000,5341.0000,5340.8000,5344.2000,5344.4000,5345.0000,5345.4000,5345.6000,3,2,1,3,1,3,1,1,1,2
SF,IC2003,2020-01-03 11:20:53.900,5343.6000,53504,0,6450433760.000,0,-,-,-,-,5342.8000,5342.0000,5341.2000,5341.0000,5340.8000,5344.2000,5344.4000,5345.0000,5345.4000,5345.6000,3,2,1,3,1,2,1,1,1,2
SF,IC2003,2020-01-03 11:20:54.900,5342.8000,53504,0,6452570880.000,2,1,1,空换,B,5342.8000,5342.0000,5341.2000,5341.0000,5340.8000,5344.2000,5344.4000,5345.0000,5345.4000,5345.6000,1,2,1,3,1,2,1,1,1,2
SF,IC2003,2020-01-03 11:20:55.400,5342.8000,53505,1,6453639440.000,1,1,0,双开,B,5342.0000,5341.6000,5341.2000,5341.0000,5340.8000,5342.4000,5343.8000,5344.0000,5344.2000,5344.4000,2,3,1,3,1,1,1,1,2,1
SF,IC2003,2020-01-03 11:20:55.900,5342.4000,53505,0,6454707920.000,1,0,1,空换,B,5342.6000,5342.4000,5342.0000,5341.6000,5341.2000,5343.8000,5344.0000,5344.2000,5345.0000,5345.4000,1,7,2,3,1,1,1,2,1,1
SF,IC2003,2020-01-03 11:20:56.400,5342.4000,53505,0,6454707920.000,0,-,-,-,-,5342.4000,5342.0000,5341.6000,5341.2000,5341.0000,5343.6000,5343.8000,5345.0000,5345.4000,5345.6000,5,2,3,1,3,2,1,1,1,2
SF,IC2003,2020-01-03 11:20:57.400,5342.4000,53505,0,6454707920.000,0,-,-,-,-,5342.6000,5342.4000,5342.0000,5341.6000,5341.0000,5343.6000,5343.8000,5345.0000,5345.4000,5345.6000,1,5,2,3,3,2,1,1,1,2
SF,IC2003,2020-01-03 11:20:57.900,5342.4000,53505,0,6454707920.000,0,-,-,-,-,5342.6000,5342.4000,5342.0000,5341.6000,5341.0000,5343.6000,5343.8000,5345.0000,5345.4000,5345.6000,1,4,2,3,3,2,1,1,1,2
SF,IC2003,2020-01-03 11:20:59.400,5342.6000,53505,0,6455776440.000,1,0,1,空换,B,5342.4000,5342.0000,5341.6000,5341.0000,5340.8000,5343.6000,5345.0000,5345.4000,5345.6000,5346.2000,4,2,3,3,1,2,1,1,2,2
SF,IC2003,2020-01-03 11:21:00.400,5342.6000,53505,0,6455776440.000,0,-,-,-,-,5342.6000,5342.4000,5342.0000,5341.6000,5341.0000,5343.6000,5345.0000,5345.4000,5345.6000,5346.2000,1,4,2,3,3,2,1,1,2,2
SF,IC2003,2020-01-03 11:21:00.900,5342.6000,53505,0,6455776440.000,0,-,-,-,-,5342.4000,5342.0000,5341.6000,5341.0000,5340.8000,5345.0000,5345.4000,5345.6000,5346.2000,5346.6000,4,2,3,3,1,1,1,2,2,2
SF,IC2003,2020-01-03 11:21:01.400,5342.6000,53505,0,6455776440.000,0,-,-,-,-,5342.6000,5342.4000,5342.0000,5341.6000,5341.0000,5344.2000,5344.6000,5344.8000,5345.0000,5345.4000,2,4,2,3,3,1,2,2,1,1
SF,IC2003,2020-01-03 11:21:01.900,5342.6000,53505,0,6455776440.000,0,-,-,-,-,5343.6000,5342.6000,5342.4000,5342.0000,5341.6000,5344.2000,5344.8000,5345.0000,5345.4000,5345.6000,1,2,4,2,3,1,2,1,1,2
SF,IC2003,2020-01-03 11:21:02.400,5343.6000,53506,1,6456845160.000,1,1,0,双开,B,5342.4000,5342.0000,5341.6000,5341.0000,5340.8000,5343.4000,5343.6000,5344.0000,5344.2000,5344.8000,4,2,3,3,1,1,1,2,1,1
SF,IC2003,2020-01-03 11:21:02.900,5343.6000,53506,0,6456845160.000,0,-,-,-,-,5342.4000,5342.0000,5341.6000,5341.0000,5340.8000,5344.0000,5344.2000,5344.8000,5345.0000,5345.4000,4,2,3,3,1,2,1,1,1,1
SF,IC2003,2020-01-03 11:21:03.400,5343.6000,53506,0,6456845160.000,0,-,-,-,-,5342.6000,5342.4000,5342.0000,5341.6000,5341.0000,5344.0000,5344.2000,5344.8000,5345.0000,5345.4000,2,4,2,3,3,2,1,1,1,1
SF,IC2003,2020-01-03 11:21:04.400,5343.6000,53506,0,6456845160.000,0,-,-,-,-,5342.6000,5342.4000,5342.0000,5341.6000,5341.0000,5343.4000,5344.0000,5344.2000,5344.8000,5345.0000,2,4,2,3,3,1,2,1,1,1
SF,IC2003,2020-01-03 11:21:05.400,5343.6000,53506,0,6456845160.000,0,-,-,-,-,5342.6000,5342.0000,5341.6000,5341.0000,5340.8000,5343.4000,5343.8000,5344.0000,5344.2000,5344.8000,2,2,3,3,1,1,1,2,1,1
SF,IC2003,2020-01-03 11:21:05.900,5343.4000,53506,0,6457913840.000,1,0,1,空换,B,5342.6000,5342.0000,5341.6000,5341.0000,5340.8000,5343.8000,5344.0000,5344.2000,5344.8000,5345.0000,2,2,3,3,1,1,2,1,1,1
SF,IC2003,2020-01-03 11:21:07.400,5343.4000,53506,0,6457913840.000,0,-,-,-,-,5342.8000,5342.6000,5342.0000,5341.6000,5341.0000,5343.4000,5343.6000,5344.0000,5344.8000,5345.0000,1,2,2,3,3,2,1,2,1,1
SF,IC2003,2020-01-03 11:21:07.900,5342.8000,53506,0,6458982400.000,1,0,1,空换,B,5342.6000,5342.0000,5341.6000,5341.0000,5340.8000,5343.6000,5344.0000,5344.8000,5345.0000,5345.4000,2,2,3,3,1,1,2,1,1,1
SF,IC2003,2020-01-03 11:21:08.900,5342.8000,53506,0,6458982400.000,0,-,-,-,-,5342.8000,5342.6000,5342.0000,5341.6000,5341.0000,5343.4000,5344.0000,5344.8000,5345.0000,5345.4000,1,2,2,3,3,1,2,1,1,1
SF,IC2003,2020-01-03 11:21:10.900,5342.8000,53506,0,6458982400.000,0,-,-,-,-,5342.8000,5342.6000,5342.0000,5341.6000,5341.0000,5343.4000,5344.0000,5344.4000,5344.8000,5345.0000,1,2,2,3,3,1,2,3,1,1
SF,IC2003,2020-01-03 11:21:11.400,5342.8000,53506,0,6458982400.000,0,-,-,-,-,5342.8000,5342.0000,5341.6000,5341.0000,5340.8000,5343.2000,5344.0000,5344.4000,5344.8000,5345.0000,1,2,3,3,1,1,2,3,1,1
SF,IC2003,2020-01-03 11:21:11.900,5342.8000,53507,1,6460050960.000,1,1,0,双开,B,5342.0000,5341.6000,5341.0000,5340.8000,5340.6000,5343.2000,5344.0000,5344.4000,5344.8000,5345.0000,2,3,3,1,3,1,2,3,1,1
SF,IC2003,2020-01-03 11:21:12.900,5343.2000,53507,0,6461119600.000,1,0,1,空换,B,5342.2000,5342.0000,5341.6000,5341.0000,5340.8000,5344.0000,5344.4000,5344.8000,5345.0000,5345.4000,1,2,3,3,1,2,3,1,1,1
SF,IC2003,2020-01-03 11:21:13.400,5343.2000,53507,0,6461119600.000,0,-,-,-,-,5342.2000,5342.0000,5341.6000,5341.0000,5340.8000,5343.4000,5343.6000,5343.8000,5344.0000,5344.4000,1,2,3,3,1,1,6,1,2,3
SF,IC2003,2020-01-03 11:21:13.900,5342.2000,53508,1,6462188040.000,1,1,0,双开,B,5342.0000,5341.6000,5341.0000,5340.8000,5340.6000,5343.2000,5343.4000,5343.6000,5343.8000,5344.4000,2,3,3,1,3,2,1,4,1,3
SF,IC2003,2020-01-03 11:21:14.900,5342.2000,53508,0,6462188040.000,0,-,-,-,-,5342.0000,5341.6000,5341.0000,5340.8000,5340.6000,5343.2000,5343.6000,5343.8000,5344.4000,5344.8000,2,3,3,1,3,2,1,1,3,1
SF,IC2003,2020-01-03 11:21:15.400,5342.2000,53508,0,6462188040.000,0,-,-,-,-,5342.2000,5342.0000,5341.6000,5341.0000,5340.8000,5343.6000,5343.8000,5344.4000,5344.8000,5345.0000,2,2,3,3,1,1,1,3,1,1
SF,IC2003,2020-01-03 11:21:15.900,5342.2000,53508,0,6462188040.000,0,-,-,-,-,5342.2000,5342.0000,5341.6000,5341.0000,5340.8000,5343.6000,5344.4000,5344.8000,5345.0000,5345.4000,2,2,3,3,1,1,3,1,1,1
SF,IC2003,2020-01-03 11:21:17.400,5342.2000,53508,0,6462188040.000,0,-,-,-,-,5342.2000,5342.0000,5341.6000,5341.0000,5340.8000,5343.6000,5344.4000,5345.0000,5345.4000,5345.6000,2,2,3,3,1,1,3,1,1,1
SF,IC2003,2020-01-03 11:21:17.900,5342.2000,53508,0,6462188040.000,0,-,-,-,-,5342.2000,5342.0000,5341.6000,5341.0000,5340.8000,5343.4000,5343.6000,5344.2000,5344.4000,5345.0000,2,2,3,3,1,2,1,1,3,1
SF,IC2003,2020-01-03 11:21:18.400,5343.2000,53508,0,6463256680.000,1,0,1,空换,B,5342.0000,5341.6000,5341.0000,5340.8000,5340.6000,5343.4000,5343.6000,5344.2000,5344.4000,5345.0000,2,3,3,1,3,2,1,1,3,1
SF,IC2003,2020-01-03 11:21:19.400,5343.2000,53508,0,6463256680.000,0,-,-,-,-,5342.2000,5342.0000,5341.6000,5341.0000,5340.8000,5343.4000,5343.6000,5344.2000,5344.4000,5345.0000,1,2,3,3,1,2,1,1,3,1
SF,IC2003,2020-01-03 11:21:20.900,5343.2000,53508,0,6463256680.000,0,-,-,-,-,5342.2000,5342.0000,5341.6000,5341.0000,5340.8000,5343.0000,5343.4000,5343.6000,5344.2000,5344.4000,1,2,3,3,1,1,2,1,1,3
SF,IC2003,2020-01-03 11:21:21.400,5343.2000,53508,0,6463256680.000,0,-,-,-,-,5342.2000,5342.0000,5341.6000,5341.0000,5340.8000,5343.4000,5343.6000,5344.2000,5344.4000,5345.0000,1,2,3,3,1,2,1,1,3,1
SF,IC2003,2020-01-03 11:21:21.900,5343.2000,53508,0,6463256680.000,0,-,-,-,-,5342.2000,5342.0000,5341.6000,5341.0000,5340.8000,5343.4000,5343.6000,5343.8000,5344.2000,5344.4000,1,2,3,3,1,2,1,2,1,3
SF,IC2003,2020-01-03 11:21:23.400,5343.2000,53508,0,6463256680.000,0,-,-,-,-,5342.4000,5342.2000,5342.0000,5341.6000,5341.0000,5343.4000,5343.6000,5343.8000,5344.2000,5344.4000,1,2,2,3,3,2,1,2,1,3
SF,IC2003,2020-01-03 11:21:23.900,5343.2000,53508,0,6463256680.000,0,-,-,-,-,5342.4000,5342.2000,5342.0000,5341.6000,5341.0000,5343.6000,5343.8000,5344.2000,5344.4000,5345.0000,1,2,2,3,3,1,2,1,3,1
SF,IC2003,2020-01-03 11:21:24.400,5343.2000,53508,0,6463256680.000,0,-,-,-,-,5342.4000,5342.2000,5342.0000,5341.6000,5341.0000,5343.6000,5343.8000,5344.2000,5344.4000,5345.0000,2,2,2,3,3,1,2,1,3,1
SF,IC2003,2020-01-03 11:21:24.900,5343.2000,53508,0,6463256680.000,0,-,-,-,-,5342.4000,5342.2000,5342.0000,5341.6000,5341.0000,5343.6000,5343.8000,5344.2000,5344.4000,5345.0000,2,2,2,3,3,1,2,1,3,1
SF,IC2003,2020-01-03 11:21:25.400,5343.2000,53508,0,6463256680.000,0,-,-,-,-,5342.4000,5342.2000,5342.0000,5341.6000,5341.0000,5343.4000,5343.6000,5343.8000,5344.2000,5344.4000,2,2,2,3,3,2,1,2,1,3
SF,IC2003,2020-01-03 11:21:26.400,5343.2000,53508,0,6463256680.000,0,-,-,-,-,5342.4000,5342.2000,5342.0000,5341.6000,5341.0000,5343.4000,5343.6000,5343.8000,5344.2000,5344.4000,2,1,2,3,3,2,1,2,1,3
SF,IC2003,2020-01-03 11:21:30.400,5343.2000,53508,0,6463256680.000,0,-,-,-,-,5342.6000,5342.4000,5342.2000,5342.0000,5341.6000,5343.4000,5343.6000,5343.8000,5344.2000,5344.4000,1,2,1,2,3,2,1,2,1,3
SF,IC2003,2020-01-03 11:21:30.900,5342.6000,53508,0,6464325200.000,1,0,1,空换,B,5342.4000,5342.2000,5342.0000,5341.6000,5341.0000,5343.4000,5343.6000,5343.8000,5344.2000,5344.4000,2,1,2,3,3,2,1,2,1,3
SF,IC2003,2020-01-03 11:21:31.400,5342.6000,53508,0,6464325200.000,0,-,-,-,-,5342.4000,5342.2000,5342.0000,5341.6000,5341.0000,5343.4000,5343.6000,5343.8000,5344.2000,5344.4000,1,1,2,3,3,2,1,2,1,3
SF,IC2003,2020-01-03 11:21:32.900,5342.4000,53508,0,6465393680.000,1,0,1,空换,B,5342.2000,5342.0000,5341.6000,5341.0000,5340.8000,5343.4000,5343.6000,5343.8000,5344.2000,5344.4000,1,2,3,3,1,2,1,2,1,3
SF,IC2003,2020-01-03 11:21:33.400,5342.4000,53508,0,6465393680.000,0,-,-,-,-,5342.2000,5342.0000,5341.6000,5341.0000,5340.8000,5343.0000,5343.4000,5343.8000,5344.2000,5344.4000,1,2,3,3,1,1,2,2,1,3
SF,IC2003,2020-01-03 11:21:33.900,5342.0000,53508,0,6467530520.000,2,1,1,空换,B,5342.0000,5341.6000,5341.0000,5340.8000,5340.6000,5342.8000,5343.0000,5343.8000,5344.2000,5345.0000,1,3,3,1,3,2,1,2,1,1
SF,IC2003,2020-01-03 11:21:34.900,5342.0000,53508,0,6467530520.000,0,-,-,-,-,5342.0000,5341.6000,5341.0000,5340.8000,5340.6000,5342.8000,5343.0000,5343.8000,5344.2000,5345.0000,1,3,3,1,3,2,1,2,1,1
SF,IC2003,2020-01-03 11:21:35.900,5341.6000,53508,0,6469667240.000,2,1,1,空换,B,5341.6000,5341.0000,5340.8000,5340.6000,5340.4000,5341.8000,5342.4000,5342.6000,5342.8000,5343.0000,2,3,1,3,3,2,1,3,2,1
SF,IC2003,2020-01-03 11:21:36.400,5341.6000,53509,1,6472872200.000,3,2,1,多开,B,5341.0000,5340.8000,5340.6000,5340.4000,5340.2000,5342.4000,5342.6000,5342.8000,5343.0000,5343.8000,3,1,3,3,3,1,3,2,1,2
SF,IC2003,2020-01-03 11:21:36.900,5341.6000,53509,0,6472872200.000,0,-,-,-,-,5341.0000,5340.8000,5340.6000,5340.4000,5340.2000,5342.2000,5342.4000,5342.6000,5343.0000,5343.8000,3,1,3,3,3,2,1,3,1,2
SF,IC2003,2020-01-03 11:21:38.400,5341.6000,53509,0,6472872200.000,0,-,-,-,-,5341.0000,5340.8000,5340.6000,5340.4000,5340.2000,5342.0000,5342.2000,5342.4000,5342.6000,5343.0000,3,1,3,3,3,1,2,1,3,1
SF,IC2003,2020-01-03 11:21:39.900,5341.0000,53509,0,6475008600.000,2,1,1,空换,B,5341.0000,5340.8000,5340.6000,5340.4000,5340.2000,5342.0000,5342.2000,5342.4000,5342.6000,5343.0000,1,1,3,3,3,1,2,1,3,1
SF,IC2003,2020-01-03 11:21:40.400,5341.0000,53509,0,6475008600.000,0,-,-,-,-,5341.0000,5340.8000,5340.6000,5340.4000,5340.2000,5342.2000,5342.4000,5342.6000,5343.8000,5344.2000,1,1,5,3,3,2,5,3,2,1
SF,IC2003,2020-01-03 11:21:40.900,5341.0000,53509,0,6475008600.000,0,-,-,-,-,5341.2000,5341.0000,5340.8000,5340.6000,5340.4000,5342.2000,5342.4000,5342.6000,5343.8000,5344.2000,1,2,1,5,3,2,4,2,2,1
SF,IC2003,2020-01-03 11:21:41.900,5341.0000,53509,0,6475008600.000,0,-,-,-,-,5341.4000,5341.2000,5341.0000,5340.8000,5340.6000,5342.2000,5342.4000,5342.6000,5343.8000,5344.2000,1,1,2,1,5,2,4,2,2,1
SF,IC2003,2020-01-03 11:21:42.400,5341.0000,53509,0,6475008600.000,0,-,-,-,-,5341.4000,5341.2000,5341.0000,5340.8000,5340.6000,5342.4000,5343.8000,5344.2000,5345.0000,5345.4000,1,1,1,1,5,4,2,1,1,1
SF,IC2003,2020-01-03 11:21:44.400,5342.4000,53509,0,6476077080.000,1,0,1,空换,B,5341.4000,5341.2000,5341.0000,5340.8000,5340.6000,5342.4000,5343.8000,5344.2000,5345.0000,5345.4000,1,1,1,1,5,3,2,1,1,1
SF,IC2003,2020-01-03 11:21:44.900,5341.6000,53509,0,6477145400.000,1,0,1,空换,B,5341.6000,5341.4000,5341.2000,5341.0000,5340.8000,5342.4000,5343.8000,5344.2000,5345.0000,5345.4000,1,1,1,1,1,3,2,1,1,1
SF,IC2003,2020-01-03 11:21:45.400,5341.6000,53509,0,6477145400.000,0,-,-,-,-,5341.6000,5341.2000,5341.0000,5340.8000,5340.6000,5342.4000,5343.8000,5344.2000,5345.0000,5345.4000,1,1,1,1,5,3,2,1,1,1
SF,IC2003,2020-01-03 11:21:48.400,5341.6000,53509,0,6477145400.000,0,-,-,-,-,5341.6000,5341.2000,5341.0000,5340.8000,5340.6000,5342.4000,5343.8000,5344.2000,5345.0000,5345.4000,2,1,1,1,5,3,2,1,1,1
SF,IC2003,2020-01-03 11:21:48.900,5341.6000,53509,0,6477145400.000,0,-,-,-,-,5341.6000,5341.2000,5341.0000,5340.8000,5340.6000,5342.4000,5343.8000,5344.2000,5345.0000,5345.4000,1,1,1,1,5,3,2,1,1,1
SF,IC2003,2020-01-03 11:21:49.400,5341.6000,53509,0,6478213720.000,1,0,1,空换,B,5341.0000,5340.8000,5340.6000,5340.4000,5340.2000,5342.2000,5342.4000,5343.8000,5344.2000,5345.0000,1,1,5,3,3,2,3,2,1,1
SF,IC2003,2020-01-03 11:21:50.900,5341.6000,53509,0,6478213720.000,0,-,-,-,-,5341.0000,5340.8000,5340.6000,5340.4000,5340.2000,5341.6000,5342.2000,5342.4000,5343.8000,5344.2000,1,1,5,3,3,1,2,3,2,1
SF,IC2003,2020-01-03 11:21:51.400,5341.6000,53509,0,6478213720.000,0,-,-,-,-,5341.2000,5341.0000,5340.8000,5340.6000,5340.4000,5341.6000,5342.4000,5343.8000,5344.2000,5345.0000,2,1,1,5,3,1,3,2,1,1
SF,IC2003,2020-01-03 11:21:51.900,5342.4000,53507,-2,6481419000.000,3,0,3,空平,B,5341.0000,5340.8000,5340.6000,5340.4000,5340.2000,5342.4000,5343.8000,5344.2000,5345.0000,5345.4000,1,1,5,3,3,1,2,1,1,1
SF,IC2003,2020-01-03 11:21:52.400,5342.4000,53507,0,6481419000.000,0,-,-,-,-,5341.2000,5341.0000,5340.8000,5340.6000,5340.4000,5342.4000,5343.8000,5344.2000,5345.0000,5345.4000,2,1,1,5,3,1,2,1,1,1
SF,IC2003,2020-01-03 11:21:52.900,5342.4000,53507,0,6481419000.000,0,-,-,-,-,5341.2000,5341.0000,5340.8000,5340.6000,5340.4000,5342.4000,5343.8000,5344.2000,5345.0000,5345.4000,2,1,1,5,3,1,2,1,1,1
SF,IC2003,2020-01-03 11:21:53.400,5342.4000,53507,0,6481419000.000,0,-,-,-,-,5341.4000,5341.2000,5341.0000,5340.8000,5340.6000,5342.4000,5343.8000,5344.2000,5345.0000,5345.4000,2,2,1,1,5,1,2,1,1,1
SF,IC2003,2020-01-03 11:21:54.900,5342.4000,53507,0,6481419000.000,0,-,-,-,-,5341.4000,5341.2000,5341.0000,5340.8000,5340.6000,5342.4000,5343.8000,5344.2000,5345.0000,5345.4000,2,2,1,1,5,1,2,1,1,1
SF,IC2003,2020-01-03 11:21:55.400,5342.4000,53507,0,6481419000.000,0,-,-,-,-,5341.6000,5341.4000,5341.0000,5340.8000,5340.6000,5342.4000,5343.8000,5344.2000,5345.0000,5345.4000,2,2,1,1,5,1,2,1,1,1
SF,IC2003,2020-01-03 11:21:55.900,5342.4000,53507,0,6481419000.000,0,-,-,-,-,5341.4000,5341.0000,5340.8000,5340.6000,5340.4000,5342.4000,5343.8000,5344.2000,5345.0000,5345.4000,2,1,1,5,3,1,2,1,1,1
SF,IC2003,2020-01-03 11:21:56.900,5342.2000,53506,-1,6483555920.000,2,0,2,空平,B,5342.2000,5341.4000,5341.0000,5340.8000,5340.6000,5343.8000,5344.2000,5345.0000,5345.4000,5345.6000,1,2,1,1,5,2,1,1,1,1
SF,IC2003,2020-01-03 11:21:57.400,5342.2000,53506,0,6483555920.000,0,-,-,-,-,5341.6000,5341.4000,5341.0000,5340.8000,5340.6000,5343.6000,5343.8000,5344.2000,5345.0000,5345.4000,1,2,1,1,5,3,2,1,1,1
SF,IC2003,2020-01-03 11:21:57.900,5343.4000,53505,-1,6484624600.000,1,0,1,双平,B,5341.8000,5341.6000,5341.4000,5341.0000,5340.8000,5343.4000,5343.6000,5343.8000,5344.2000,5345.0000,2,1,2,1,1,1,3,2,1,1
SF,IC2003,2020-01-03 11:21:58.400,5343.4000,53505,0,6484624600.000,0,-,-,-,-,5341.6000,5341.4000,5341.0000,5340.8000,5340.6000,5343.2000,5343.6000,5343.8000,5344.2000,5345.0000,1,2,1,1,5,2,1,2,1,1
SF,IC2003,2020-01-03 11:21:58.900,5343.4000,53505,0,6484624600.000,0,-,-,-,-,5342.8000,5342.6000,5342.0000,5341.8000,5341.6000,5343.8000,5344.2000,5345.0000,5345.4000,5345.6000,1,2,1,3,3,2,1,1,1,1
SF,IC2003,2020-01-03 11:21:59.400,5343.4000,53505,0,6484624600.000,0,-,-,-,-,5341.8000,5341.6000,5341.4000,5341.0000,5340.8000,5343.8000,5344.2000,5345.0000,5345.4000,5345.6000,3,3,1,1,1,2,1,1,1,1
SF,IC2003,2020-01-03 11:21:59.900,5343.4000,53505,0,6484624600.000,0,-,-,-,-,5342.2000,5342.0000,5341.8000,5341.6000,5341.4000,5343.8000,5344.2000,5345.0000,5345.4000,5345.6000,1,1,3,3,1,2,1,1,1,1
SF,IC2003,2020-01-03 11:22:00.400,5343.8000,53503,-2,6486762120.000,2,0,2,双平,B,5343.8000,5343.6000,5343.0000,5342.8000,5342.6000,5344.2000,5345.0000,5345.6000,5346.6000,5347.4000,1,4,1,2,1,1,1,1,1,1
SF,IC2003,2020-01-03 11:22:00.900,5344.2000,53503,0,6487830960.000,1,0,1,空换,B,5342.8000,5342.6000,5342.4000,5341.6000,5341.4000,5345.0000,5345.6000,5346.6000,5347.4000,5348.0000,1,1,2,3,1,1,1,1,1,2
SF,IC2003,2020-01-03 11:22:01.400,5344.2000,53503,0,6487830960.000,0,-,-,-,-,5343.2000,5343.0000,5341.6000,5341.4000,5341.0000,5344.6000,5345.0000,5345.6000,5346.6000,5347.4000,1,2,3,1,1,2,1,1,1,1
SF,IC2003,2020-01-03 11:22:01.900,5344.6000,53503,0,6488899880.000,1,0,1,空换,B,5344.2000,5343.4000,5343.2000,5341.6000,5341.4000,5345.0000,5345.6000,5346.6000,5347.4000,5348.0000,4,3,2,3,1,1,1,1,1,2
SF,IC2003,2020-01-03 11:22:02.400,5345.0000,53503,0,6489968880.000,1,0,1,空换,B,5345.0000,5343.4000,5343.2000,5341.6000,5341.4000,5345.6000,5346.6000,5347.4000,5348.0000,5350.0000,1,2,1,3,1,1,1,1,2,2
SF,IC2003,2020-01-03 11:22:02.900,5345.6000,53503,0,6491038000.000,1,0,1,空换,B,5343.4000,5343.2000,5341.6000,5341.4000,5341.0000,5346.6000,5347.4000,5348.0000,5350.0000,5350.8000,2,1,3,1,1,1,1,2,2,1
SF,IC2003,2020-01-03 11:22:03.400,5345.6000,53503,0,6491038000.000,0,-,-,-,-,5345.0000,5344.2000,5344.0000,5343.8000,5343.6000,5346.2000,5346.4000,5346.6000,5347.4000,5348.0000,1,1,1,4,2,2,2,1,1,2
SF,IC2003,2020-01-03 11:22:03.900,5345.6000,53503,0,6491038000.000,0,-,-,-,-,5345.6000,5345.0000,5344.2000,5344.0000,5343.8000,5346.0000,5346.2000,5346.6000,5347.4000,5348.0000,2,1,1,1,2,2,1,1,1,2
SF,IC2003,2020-01-03 11:22:04.400,5346.0000,53502,-1,6493176320.000,2,0,2,空平,B,5345.6000,5345.0000,5344.2000,5343.8000,5343.4000,5346.0000,5346.2000,5346.6000,5347.4000,5348.0000,1,1,1,2,3,1,1,1,1,2
SF,IC2003,2020-01-03 11:22:04.900,5346.0000,53502,0,6493176320.000,0,-,-,-,-,5345.6000,5345.0000,5343.8000,5343.4000,5341.6000,5348.0000,5350.0000,5350.8000,5351.8000,5353.4000,1,1,2,3,3,2,2,1,1,5
SF,IC2003,2020-01-03 11:22:05.400,5346.0000,53502,0,6493176320.000,0,-,-,-,-,5345.6000,5345.0000,5343.8000,5343.4000,5341.6000,5347.0000,5347.2000,5347.6000,5347.8000,5348.0000,2,1,2,3,3,1,2,3,4,2
SF,IC2003,2020-01-03 11:22:05.900,5346.0000,53502,0,6493176320.000,0,-,-,-,-,5345.6000,5345.0000,5343.8000,5343.4000,5341.6000,5346.8000,5347.0000,5347.2000,5347.6000,5347.8000,2,1,2,3,3,2,1,2,2,2
SF,IC2003,2020-01-03 11:22:06.400,5346.0000,53502,0,6493176320.000,0,-,-,-,-,5345.6000,5345.0000,5343.8000,5343.4000,5341.6000,5346.8000,5347.2000,5347.6000,5347.8000,5348.0000,2,1,2,3,2,2,1,2,2,2
SF,IC2003,2020-01-03 11:22:07.400,5346.0000,53502,0,6493176320.000,0,-,-,-,-,5345.6000,5345.0000,5343.8000,5343.4000,5341.6000,5346.8000,5347.2000,5347.6000,5347.8000,5348.0000,2,1,2,3,2,2,1,2,1,2
SF,IC2003,2020-01-03 11:22:07.900,5346.0000,53502,0,6493176320.000,0,-,-,-,-,5345.6000,5345.0000,5343.8000,5343.4000,5341.6000,5346.6000,5346.8000,5347.2000,5347.6000,5347.8000,2,1,2,3,2,1,2,1,2,1
SF,IC2003,2020-01-03 11:22:08.400,5346.0000,53502,0,6493176320.000,0,-,-,-,-,5345.6000,5345.0000,5343.8000,5343.4000,5341.6000,5346.4000,5346.6000,5347.2000,5347.6000,5347.8000,1,1,2,3,2,2,1,1,2,1
SF,IC2003,2020-01-03 11:22:08.900,5346.0000,53502,0,6493176320.000,0,-,-,-,-,5345.6000,5345.0000,5343.8000,5343.4000,5341.6000,5346.4000,5346.6000,5347.2000,5347.6000,5347.8000,1,1,2,3,2,3,1,1,2,1
SF,IC2003,2020-01-03 11:22:09.400,5345.6000,53501,-1,6494245440.000,1,0,1,双平,B,5345.0000,5343.8000,5343.4000,5341.6000,5341.0000,5346.4000,5346.6000,5347.2000,5347.6000,5347.8000,1,2,3,2,2,3,1,1,2,1
SF,IC2003,2020-01-03 11:22:09.900,5345.6000,53501,0,6494245440.000,0,-,-,-,-,5345.2000,5345.0000,5343.8000,5343.4000,5341.6000,5346.4000,5346.6000,5347.6000,5347.8000,5348.0000,1,1,2,3,2,2,1,1,1,2
SF,IC2003,2020-01-03 11:22:10.400,5345.6000,53501,0,6494245440.000,0,-,-,-,-,5345.2000,5345.0000,5343.8000,5343.4000,5341.6000,5346.2000,5346.4000,5346.6000,5347.6000,5347.8000,2,1,2,3,2,2,2,1,1,1
SF,IC2003,2020-01-03 11:22:10.900,5346.2000,53502,1,6496383920.000,2,1,1,多开,B,5345.4000,5345.2000,5345.0000,5343.8000,5343.4000,5346.6000,5347.6000,5347.8000,5348.0000,5350.0000,2,2,1,2,1,1,1,1,2,2
SF,IC2003,2020-01-03 11:22:11.400,5346.2000,53502,0,6496383920.000,0,-,-,-,-,5345.6000,5345.4000,5345.2000,5345.0000,5343.8000,5346.6000,5347.6000,5347.8000,5348.0000,5350.0000,1,2,1,1,2,1,1,1,2,2
SF,IC2003,2020-01-03 11:22:11.900,5346.2000,53502,0,6496383920.000,0,-,-,-,-,5345.6000,5345.4000,5345.2000,5345.0000,5343.8000,5347.6000,5347.8000,5348.0000,5350.0000,5350.8000,1,2,1,1,2,1,1,2,2,1
SF,IC2003,2020-01-03 11:22:12.400,5345.8000,53500,-2,6498522240.000,2,0,2,双平,B,5345.8000,5345.6000,5345.2000,5345.0000,5343.8000,5347.4000,5347.6000,5347.8000,5348.0000,5350.0000,1,1,1,1,2,3,1,1,2,2
SF,IC2003,2020-01-03 11:22:12.900,5345.8000,53500,0,6498522240.000,0,-,-,-,-,5346.2000,5345.8000,5345.6000,5345.2000,5345.0000,5347.4000,5347.8000,5350.0000,5350.8000,5351.8000,1,1,1,1,1,3,1,2,1,1
SF,IC2003,2020-01-03 11:22:13.400,5346.2000,53501,1,6499591480.000,1,1,0,双开,B,5345.8000,5345.6000,5345.2000,5345.0000,5343.8000,5347.4000,5347.8000,5350.0000,5350.8000,5351.8000,1,1,1,1,2,3,1,2,1,1
SF,IC2003,2020-01-03 11:22:14.900,5346.2000,53501,0,6499591480.000,0,-,-,-,-,5346.0000,5345.8000,5345.2000,5345.0000,5343.8000,5347.4000,5347.8000,5350.0000,5350.8000,5351.8000,1,1,1,1,2,3,1,2,1,1
SF,IC2003,2020-01-03 11:22:15.400,5347.4000,53501,0,6500660960.000,1,0,1,空换,B,5346.2000,5346.0000,5345.2000,5345.0000,5343.8000,5347.4000,5347.8000,5350.0000,5350.8000,5351.8000,3,2,1,1,2,2,1,2,1,1
SF,IC2003,2020-01-03 11:22:15.900,5347.4000,53500,-1,6501730440.000,1,0,1,双平,B,5346.6000,5346.4000,5346.2000,5346.0000,5345.0000,5347.8000,5350.0000,5350.8000,5351.8000,5354.8000,1,2,3,1,1,1,2,1,1,7
SF,IC2003,2020-01-03 11:22:16.400,5347.4000,53500,0,6501730440.000,0,-,-,-,-,5346.8000,5346.6000,5346.4000,5346.2000,5346.0000,5347.8000,5350.0000,5350.8000,5351.8000,5354.8000,2,1,2,1,1,1,2,1,1,7
SF,IC2003,2020-01-03 11:22:16.900,5347.4000,53500,0,6501730440.000,0,-,-,-,-,5346.8000,5346.6000,5346.4000,5346.2000,5346.0000,5350.0000,5350.8000,5351.8000,5354.8000,5355.0000,2,1,2,1,1,2,1,1,7,2
SF,IC2003,2020-01-03 11:22:17.400,5347.4000,53500,0,6501730440.000,0,-,-,-,-,5346.8000,5346.6000,5346.4000,5346.2000,5346.0000,5348.4000,5348.6000,5348.8000,5349.4000,5349.6000,2,1,2,1,1,1,1,1,1,5
SF,IC2003,2020-01-03 11:22:17.900,5347.4000,53500,0,6501730440.000,0,-,-,-,-,5346.8000,5346.6000,5346.4000,5346.2000,5346.0000,5348.2000,5348.4000,5348.6000,5348.8000,5349.4000,2,1,1,1,1,2,1,1,1,1
SF,IC2003,2020-01-03 11:22:18.400,5347.4000,53500,0,6501730440.000,0,-,-,-,-,5346.8000,5346.6000,5346.4000,5346.2000,5346.0000,5348.0000,5348.2000,5348.4000,5348.6000,5348.8000,1,1,1,1,1,1,2,1,1,1
SF,IC2003,2020-01-03 11:22:18.900,5347.4000,53500,0,6501730440.000,0,-,-,-,-,5347.0000,5346.8000,5346.6000,5346.2000,5346.0000,5348.0000,5348.2000,5348.6000,5349.4000,5349.6000,2,2,1,1,1,1,2,1,1,3
SF,IC2003,2020-01-03 11:22:19.400,5347.4000,53500,0,6501730440.000,0,-,-,-,-,5347.0000,5346.8000,5346.6000,5346.2000,5346.0000,5348.0000,5348.2000,5348.6000,5349.4000,5349.6000,2,2,1,1,1,1,2,1,1,3
SF,IC2003,2020-01-03 11:22:19.900,5347.4000,53500,0,6501730440.000,0,-,-,-,-,5347.0000,5346.8000,5346.6000,5346.2000,5346.0000,5348.0000,5349.4000,5349.6000,5350.0000,5350.8000,2,2,1,1,1,1,1,3,2,1
SF,IC2003,2020-01-03 11:22:20.400,5347.4000,53500,0,6501730440.000,0,-,-,-,-,5347.0000,5346.8000,5346.6000,5346.2000,5346.0000,5349.4000,5349.6000,5350.0000,5350.8000,5351.8000,2,2,1,1,1,1,3,2,1,1
SF,IC2003,2020-01-03 11:22:20.900,5347.4000,53500,0,6501730440.000,0,-,-,-,-,5347.0000,5346.8000,5346.6000,5346.2000,5346.0000,5348.8000,5349.0000,5349.2000,5349.4000,5349.6000,2,2,1,1,1,1,3,3,1,3
SF,IC2003,2020-01-03 11:22:21.400,5347.4000,53500,0,6501730440.000,0,-,-,-,-,5347.2000,5347.0000,5346.8000,5346.6000,5346.2000,5348.8000,5349.0000,5349.2000,5349.4000,5349.6000,1,2,1,1,1,1,1,4,1,1
SF,IC2003,2020-01-03 11:22:21.900,5347.4000,53500,0,6501730440.000,0,-,-,-,-,5347.4000,5347.2000,5346.8000,5345.0000,5343.8000,5348.8000,5349.2000,5349.6000,5350.0000,5350.8000,2,1,1,1,2,1,4,1,2,1
SF,IC2003,2020-01-03 11:22:22.400,5347.4000,53500,0,6501730440.000,0,-,-,-,-,5347.4000,5347.2000,5346.8000,5345.0000,5343.8000,5348.6000,5348.8000,5349.2000,5349.6000,5350.0000,2,1,1,1,2,2,2,1,1,2
SF,IC2003,2020-01-03 11:22:22.900,5347.4000,53500,0,6501730440.000,0,-,-,-,-,5347.2000,5346.8000,5345.0000,5343.8000,5341.8000,5348.4000,5348.6000,5348.8000,5349.2000,5349.6000,1,1,1,2,1,1,2,2,1,1
SF,IC2003,2020-01-03 11:22:24.400,5347.4000,53500,0,6501730440.000,0,-,-,-,-,5346.8000,5345.0000,5343.8000,5341.8000,5341.6000,5348.4000,5348.6000,5348.8000,5349.2000,5349.6000,1,1,2,1,2,1,2,2,1,1
SF,IC2003,2020-01-03 11:22:24.900,5347.4000,53500,0,6501730440.000,0,-,-,-,-,5347.0000,5346.8000,5345.0000,5343.8000,5341.8000,5348.4000,5348.8000,5349.2000,5349.6000,5350.0000,3,1,1,2,1,1,2,1,1,2
SF,IC2003,2020-01-03 11:22:25.900,5347.4000,53500,0,6501730440.000,0,-,-,-,-,5347.0000,5346.8000,5345.0000,5343.8000,5341.8000,5348.4000,5348.8000,5349.2000,5349.6000,5350.0000,3,1,1,2,1,1,2,1,1,2
SF,IC2003,2020-01-03 11:22:26.900,5347.4000,53500,0,6501730440.000,0,-,-,-,-,5347.2000,5347.0000,5346.8000,5345.0000,5343.8000,5348.4000,5348.8000,5349.2000,5349.6000,5350.0000,1,3,1,1,2,1,2,1,1,2
SF,IC2003,2020-01-03 11:22:27.400,5348.2000,53501,1,6502800080.000,1,1,0,双开,B,5347.4000,5347.2000,5347.0000,5346.8000,5345.0000,5348.4000,5348.8000,5349.2000,5350.0000,5350.8000,2,2,1,1,1,1,2,1,2,1
SF,IC2003,2020-01-03 11:22:27.900,5347.0000,53499,-2,6504938920.000,2,0,2,双平,B,5346.8000,5345.0000,5343.8000,5341.8000,5341.6000,5348.4000,5348.8000,5349.2000,5350.0000,5350.8000,1,1,2,1,2,1,2,1,2,1
SF,IC2003,2020-01-03 11:22:28.400,5347.0000,53499,0,6504938920.000,0,-,-,-,-,5347.0000,5346.8000,5345.0000,5343.8000,5341.8000,5348.4000,5348.8000,5350.0000,5350.8000,5351.8000,2,1,1,2,1,1,2,2,1,1
SF,IC2003,2020-01-03 11:22:30.900,5348.4000,53500,1,6506008600.000,1,1,0,双开,B,5347.0000,5346.8000,5345.0000,5343.8000,5341.8000,5348.8000,5350.0000,5350.8000,5351.8000,5353.8000,2,1,1,2,1,2,2,1,1,1
SF,IC2003,2020-01-03 11:22:31.400,5348.4000,53500,0,6506008600.000,0,-,-,-,-,5347.2000,5347.0000,5346.8000,5345.0000,5343.8000,5348.8000,5350.0000,5350.8000,5351.8000,5353.8000,1,2,1,1,2,2,2,1,1,1
SF,IC2003,2020-01-03 11:22:31.900,5348.4000,53500,0,6506008600.000,0,-,-,-,-,5347.4000,5347.2000,5346.8000,5345.0000,5343.8000,5348.8000,5350.0000,5350.8000,5351.8000,5353.8000,2,1,1,1,2,2,2,1,1,1
SF,IC2003,2020-01-03 11:22:32.400,5348.4000,53500,0,6506008600.000,0,-,-,-,-,5347.4000,5347.2000,5345.0000,5343.8000,5341.8000,5348.8000,5350.0000,5350.8000,5351.8000,5353.8000,2,1,1,2,1,1,2,1,1,1
SF,IC2003,2020-01-03 11:22:32.900,5348.4000,53500,0,6506008600.000,0,-,-,-,-,5347.4000,5347.2000,5345.0000,5343.8000,5341.8000,5348.8000,5350.0000,5350.8000,5351.8000,5353.8000,2,1,1,2,1,1,2,1,1,1
SF,IC2003,2020-01-03 11:22:33.400,5348.4000,53500,0,6506008600.000,0,-,-,-,-,5347.6000,5347.4000,5347.2000,5345.0000,5343.8000,5348.8000,5350.0000,5350.8000,5351.8000,5353.8000,1,2,1,1,2,1,2,1,1,1
SF,IC2003,2020-01-03 11:22:33.900,5348.4000,53500,0,6506008600.000,0,-,-,-,-,5347.6000,5347.4000,5347.2000,5345.0000,5343.8000,5348.6000,5348.8000,5350.0000,5350.8000,5351.8000,1,2,1,1,1,2,1,2,1,1
SF,IC2003,2020-01-03 11:22:34.400,5348.4000,53500,0,6506008600.000,0,-,-,-,-,5347.6000,5347.4000,5345.0000,5343.8000,5341.8000,5348.6000,5348.8000,5350.0000,5350.8000,5351.8000,1,2,1,1,1,2,1,2,1,1
SF,IC2003,2020-01-03 11:22:36.400,5348.6000,53500,0,6507078320.000,1,0,1,空换,B,5347.6000,5347.4000,5345.0000,5343.8000,5341.8000,5348.6000,5348.8000,5350.0000,5350.8000,5351.8000,1,2,1,1,1,1,1,2,1,1
SF,IC2003,2020-01-03 11:22:36.900,5348.6000,53500,0,6507078320.000,0,-,-,-,-,5347.6000,5347.4000,5345.0000,5343.8000,5341.8000,5348.8000,5350.0000,5350.8000,5351.8000,5353.8000,1,2,1,1,1,1,2,1,1,1
SF,IC2003,2020-01-03 11:22:37.900,5348.6000,53500,0,6507078320.000,0,-,-,-,-,5347.6000,5347.4000,5345.0000,5343.8000,5341.8000,5348.8000,5350.0000,5350.8000,5351.8000,5353.8000,1,2,1,1,1,1,2,1,1,1
SF,IC2003,2020-01-03 11:22:38.400,5347.8000,53499,-1,6508147880.000,1,0,1,双平,B,5347.8000,5347.6000,5345.0000,5343.8000,5341.8000,5348.6000,5348.8000,5350.0000,5350.8000,5351.8000,1,1,1,1,1,1,1,2,1,1
SF,IC2003,2020-01-03 11:22:38.900,5347.6000,53498,-1,6509217400.000,1,0,1,双平,B,5345.0000,5343.8000,5341.8000,5341.6000,5341.0000,5348.6000,5348.8000,5350.0000,5350.8000,5351.8000,1,1,1,2,2,1,1,2,1,1
SF,IC2003,2020-01-03 11:22:39.400,5347.6000,53498,0,6511356600.000,2,1,1,空换,B,5347.6000,5346.8000,5346.6000,5346.4000,5346.2000,5348.4000,5348.6000,5348.8000,5350.0000,5350.8000,4,2,3,1,1,3,1,1,2,1
SF,IC2003,2020-01-03 11:22:39.900,5347.6000,53498,0,6511356600.000,0,-,-,-,-,5347.6000,5346.8000,5346.6000,5346.2000,5346.0000,5348.2000,5348.4000,5348.8000,5350.0000,5350.8000,1,1,2,1,1,1,1,1,2,1
SF,IC2003,2020-01-03 11:22:40.400,5347.6000,53498,0,6512426120.000,1,0,1,空换,B,5346.8000,5346.6000,5346.2000,5346.0000,5345.8000,5348.2000,5348.8000,5350.0000,5350.8000,5351.8000,1,2,1,1,1,1,1,2,1,1
SF,IC2003,2020-01-03 11:22:40.900,5347.8000,53496,-2,6515635080.000,3,0,3,空平,B,5347.8000,5347.4000,5347.2000,5347.0000,5346.8000,5348.6000,5350.0000,5350.8000,5351.8000,5353.8000,1,3,1,5,2,1,2,1,1,1
SF,IC2003,2020-01-03 11:22:41.400,5347.8000,53496,0,6516704640.000,1,0,1,空换,B,5347.4000,5347.2000,5347.0000,5346.8000,5346.2000,5348.0000,5350.0000,5350.8000,5351.8000,5353.8000,1,1,3,4,1,1,2,1,1,1
SF,IC2003,2020-01-03 11:22:41.900,5348.0000,53494,-2,6518843840.000,2,0,2,双平,B,5348.0000,5347.6000,5347.4000,5347.2000,5347.0000,5350.0000,5350.8000,5351.8000,5353.8000,5354.2000,2,2,1,1,1,2,1,1,1,1
SF,IC2003,2020-01-03 11:22:42.400,5348.0000,53494,0,6518843840.000,0,-,-,-,-,5348.2000,5348.0000,5347.4000,5347.2000,5347.0000,5349.6000,5349.8000,5350.0000,5350.8000,5351.8000,2,1,1,1,1,1,3,2,1,1
SF,IC2003,2020-01-03 11:22:42.900,5348.0000,53494,0,6518843840.000,0,-,-,-,-,5347.4000,5347.2000,5347.0000,5346.8000,5346.2000,5348.0000,5349.4000,5349.6000,5350.0000,5350.8000,1,1,1,3,1,1,2,1,2,1
SF,IC2003,2020-01-03 11:22:43.400,5348.0000,53494,0,6519913440.000,1,0,1,空换,B,5348.0000,5347.6000,5347.4000,5347.0000,5346.8000,5348.2000,5349.4000,5349.6000,5350.0000,5350.8000,6,2,1,1,3,1,2,1,2,1
SF,IC2003,2020-01-03 11:22:43.900,5348.0000,53493,-1,6522052680.000,2,0,2,空平,B,5347.6000,5347.4000,5347.0000,5346.8000,5346.2000,5349.4000,5349.6000,5350.0000,5350.8000,5351.8000,2,1,1,3,1,2,1,2,1,1
SF,IC2003,2020-01-03 11:22:44.400,5348.0000,53493,0,6522052680.000,0,-,-,-,-,5347.4000,5347.0000,5346.8000,5346.2000,5346.0000,5349.0000,5349.4000,5349.6000,5350.0000,5350.8000,1,1,3,1,1,2,2,1,2,1
SF,IC2003,2020-01-03 11:22:44.900,5348.0000,53493,0,6522052680.000,0,-,-,-,-,5347.4000,5346.8000,5346.2000,5346.0000,5345.8000,5347.6000,5348.8000,5350.0000,5350.8000,5351.8000,1,3,1,1,1,1,2,2,1,1
SF,IC2003,2020-01-03 11:22:45.400,5347.6000,53492,-1,6523122200.000,1,0,1,双平,B,5347.6000,5347.4000,5346.8000,5346.2000,5346.0000,5348.8000,5350.0000,5350.8000,5351.8000,5353.8000,5,1,3,1,1,2,2,1,1,1
SF,IC2003,2020-01-03 11:22:45.900,5347.6000,53491,-1,6524191720.000,1,0,1,双平,B,5347.6000,5347.4000,5346.8000,5346.2000,5346.0000,5348.8000,5350.0000,5350.8000,5351.8000,5353.8000,3,1,3,1,1,2,2,1,1,1
SF,IC2003,2020-01-03 11:22:46.400,5347.6000,53491,0,6524191720.000,0,-,-,-,-,5347.4000,5346.8000,5346.2000,5346.0000,5345.8000,5348.8000,5350.0000,5350.8000,5351.8000,5353.8000,1,3,1,1,1,2,2,1,1,1
SF,IC2003,2020-01-03 11:22:46.900,5347.6000,53491,0,6524191720.000,0,-,-,-,-,5347.4000,5346.8000,5346.2000,5346.0000,5345.8000,5347.6000,5348.8000,5350.0000,5350.8000,5351.8000,1,3,1,1,1,1,2,2,1,1
SF,IC2003,2020-01-03 11:22:47.400,5347.6000,53490,-1,6525261240.000,1,0,1,双平,B,5347.6000,5347.4000,5346.8000,5346.2000,5346.0000,5348.8000,5350.0000,5350.8000,5351.8000,5353.8000,2,1,1,1,1,2,2,1,1,1
SF,IC2003,2020-01-03 11:22:47.900,5347.6000,53489,-1,6526330760.000,1,0,1,双平,B,5347.6000,5347.4000,5346.8000,5346.2000,5346.0000,5348.8000,5350.0000,5350.8000,5351.8000,5353.8000,1,1,1,1,1,2,2,1,1,1
SF,IC2003,2020-01-03 11:22:48.400,5347.6000,53488,-1,6527400280.000,1,0,1,双平,B,5347.4000,5346.8000,5346.2000,5346.0000,5345.8000,5348.8000,5350.0000,5350.8000,5351.8000,5353.8000,1,1,1,1,1,2,2,1,1,1
SF,IC2003,2020-01-03 11:22:48.900,5347.4000,53487,-1,6528469760.000,1,0,1,双平,B,5346.8000,5346.2000,5346.0000,5345.8000,5345.6000,5348.8000,5350.0000,5350.8000,5351.8000,5353.8000,1,1,1,1,1,2,2,1,1,1
SF,IC2003,2020-01-03 11:22:49.400,5347.4000,53487,0,6528469760.000,0,-,-,-,-,5347.2000,5347.0000,5346.8000,5346.2000,5346.0000,5348.8000,5350.0000,5350.8000,5351.8000,5353.8000,1,3,1,1,1,2,2,1,1,1
SF,IC2003,2020-01-03 11:22:49.900,5347.4000,53487,0,6528469760.000,0,-,-,-,-,5347.4000,5347.0000,5346.8000,5346.2000,5346.0000,5348.8000,5350.0000,5350.8000,5351.8000,5353.8000,2,1,1,1,1,2,2,1,1,1
SF,IC2003,2020-01-03 11:22:50.900,5348.8000,53487,0,6529539520.000,1,0,1,空换,B,5347.4000,5347.0000,5346.8000,5346.2000,5346.0000,5348.8000,5350.0000,5350.8000,5351.8000,5353.8000,2,1,1,1,1,1,2,1,1,1
SF,IC2003,2020-01-03 11:22:51.400,5347.4000,53486,-1,6530609000.000,1,0,1,双平,B,5347.4000,5347.0000,5346.8000,5346.2000,5346.0000,5348.8000,5350.0000,5350.8000,5351.8000,5353.8000,1,1,1,1,1,1,2,1,1,1
SF,IC2003,2020-01-03 11:22:51.900,5348.8000,53486,0,6532748240.000,2,1,1,空换,B,5348.8000,5347.4000,5347.0000,5346.8000,5346.2000,5350.0000,5350.8000,5351.8000,5353.8000,5354.2000,4,1,1,1,1,2,1,1,1,1
SF,IC2003,2020-01-03 11:22:52.400,5348.8000,53486,0,6537027280.000,4,2,2,空换,B,5347.4000,5347.0000,5346.8000,5346.2000,5346.0000,5348.8000,5349.6000,5349.8000,5350.0000,5350.8000,1,1,1,1,1,1,1,3,2,1
SF,IC2003,2020-01-03 11:22:53.400,5347.4000,53485,-1,6538096760.000,1,0,1,双平,B,5347.0000,5346.8000,5346.2000,5346.0000,5345.8000,5348.8000,5349.6000,5349.8000,5350.0000,5350.8000,1,1,1,1,1,1,1,3,2,1
SF,IC2003,2020-01-03 11:22:53.900,5347.4000,53485,0,6538096760.000,0,-,-,-,-,5347.4000,5347.2000,5347.0000,5346.8000,5346.2000,5348.8000,5349.6000,5349.8000,5350.0000,5350.8000,3,2,1,1,1,2,1,3,2,1
SF,IC2003,2020-01-03 11:22:54.400,5347.4000,53484,-1,6539166240.000,1,0,1,双平,B,5347.6000,5347.4000,5347.0000,5346.8000,5346.2000,5348.8000,5349.6000,5349.8000,5350.0000,5350.8000,1,1,1,1,1,2,1,3,2,1
SF,IC2003,2020-01-03 11:22:54.900,5347.4000,53484,0,6539166240.000,0,-,-,-,-,5347.8000,5347.6000,5347.4000,5346.8000,5346.2000,5348.8000,5349.6000,5349.8000,5350.0000,5350.8000,2,2,1,1,1,2,1,3,2,1
SF,IC2003,2020-01-03 11:22:55.400,5347.4000,53484,0,6539166240.000,0,-,-,-,-,5347.8000,5347.6000,5347.4000,5346.8000,5346.2000,5348.8000,5349.6000,5349.8000,5350.0000,5350.8000,2,1,1,1,1,2,1,3,2,1
SF,IC2003,2020-01-03 11:22:55.900,5348.8000,53484,0,6540236000.000,1,0,1,空换,B,5347.8000,5347.6000,5347.4000,5346.8000,5346.2000,5348.8000,5349.6000,5349.8000,5350.0000,5350.8000,2,1,1,1,1,1,1,3,2,1
SF,IC2003,2020-01-03 11:22:56.400,5347.8000,53483,-1,6541305560.000,1,0,1,双平,B,5347.8000,5347.6000,5347.4000,5346.8000,5346.2000,5348.8000,5349.6000,5349.8000,5350.0000,5350.8000,2,1,1,1,1,1,1,3,2,1
SF,IC2003,2020-01-03 11:22:57.400,5347.8000,53482,-1,6542375120.000,1,0,1,双平,B,5347.8000,5347.6000,5347.4000,5346.8000,5346.2000,5348.8000,5349.6000,5349.8000,5350.0000,5350.8000,1,1,1,1,1,1,1,3,2,1
SF,IC2003,2020-01-03 11:22:57.900,5348.8000,53481,-1,6543444880.000,1,0,1,双平,B,5347.8000,5347.4000,5346.8000,5346.2000,5346.0000,5349.6000,5349.8000,5350.0000,5350.8000,5351.8000,1,1,1,1,1,1,2,2,1,1
SF,IC2003,2020-01-03 11:22:58.900,5347.8000,53480,-1,6544514440.000,1,0,1,双平,B,5348.4000,5347.8000,5347.4000,5346.8000,5346.2000,5349.6000,5349.8000,5350.0000,5350.8000,5351.8000,1,1,1,1,1,1,2,2,1,1
SF,IC2003,2020-01-03 11:22:59.400,5347.8000,53480,0,6544514440.000,0,-,-,-,-,5348.4000,5347.8000,5347.4000,5346.8000,5346.2000,5349.4000,5349.6000,5350.0000,5350.8000,5351.8000,1,1,1,1,1,2,1,2,1,1
SF,IC2003,2020-01-03 11:22:59.900,5348.4000,53479,-1,6545584120.000,1,0,1,双平,B,5347.8000,5347.4000,5346.8000,5346.2000,5346.0000,5349.4000,5349.6000,5350.0000,5350.8000,5351.8000,1,1,1,1,1,2,1,2,1,1
SF,IC2003,2020-01-03 11:23:01.400,5348.4000,53479,0,6545584120.000,0,-,-,-,-,5347.8000,5347.4000,5346.8000,5346.2000,5346.0000,5349.4000,5349.6000,5350.0000,5350.8000,5351.8000,1,1,1,1,1,2,1,2,1,1
SF,IC2003,2020-01-03 11:23:01.900,5348.4000,53479,0,6545584120.000,0,-,-,-,-,5348.0000,5347.8000,5347.4000,5346.8000,5346.2000,5349.4000,5349.6000,5350.0000,5350.8000,5351.8000,2,1,1,1,1,2,1,2,1,1
SF,IC2003,2020-01-03 11:23:02.400,5349.4000,53479,0,6546654000.000,1,0,1,空换,B,5347.8000,5347.4000,5346.8000,5346.2000,5346.0000,5349.4000,5349.6000,5350.0000,5350.8000,5351.8000,1,1,1,1,1,1,1,2,1,1
SF,IC2003,2020-01-03 11:23:02.900,5349.4000,53479,0,6546654000.000,0,-,-,-,-,5347.4000,5346.8000,5346.2000,5346.0000,5345.8000,5349.4000,5349.6000,5350.0000,5350.8000,5351.8000,1,1,1,1,1,1,1,2,1,1
SF,IC2003,2020-01-03 11:23:03.400,5349.4000,53479,0,6546654000.000,0,-,-,-,-,5347.6000,5347.4000,5346.8000,5346.2000,5346.0000,5349.2000,5349.4000,5349.6000,5350.0000,5350.8000,2,1,1,1,1,2,2,1,2,1
SF,IC2003,2020-01-03 11:23:03.900,5349.4000,53479,0,6546654000.000,0,-,-,-,-,5347.4000,5346.8000,5346.2000,5346.0000,5345.8000,5349.0000,5349.4000,5349.6000,5350.0000,5350.8000,1,1,1,1,1,2,1,1,2,1
SF,IC2003,2020-01-03 11:23:04.400,5349.4000,53479,0,6546654000.000,0,-,-,-,-,5347.4000,5346.8000,5346.2000,5346.0000,5345.8000,5348.8000,5349.0000,5349.4000,5350.0000,5350.8000,1,1,1,1,1,2,2,1,2,1
SF,IC2003,2020-01-03 11:23:04.900,5349.4000,53479,0,6547723880.000,1,0,1,空换,B,5346.8000,5346.2000,5346.0000,5345.8000,5345.6000,5348.6000,5348.8000,5349.4000,5350.0000,5350.8000,1,1,1,1,1,1,2,1,2,1
SF,IC2003,2020-01-03 11:23:05.400,5349.4000,53479,0,6547723880.000,0,-,-,-,-,5347.0000,5346.8000,5346.2000,5346.0000,5345.8000,5348.4000,5348.6000,5348.8000,5349.4000,5350.0000,2,1,1,1,1,1,1,1,1,2
SF,IC2003,2020-01-03 11:23:06.900,5349.4000,53480,1,6548793760.000,1,1,0,双开,B,5347.0000,5346.8000,5346.2000,5346.0000,5345.8000,5348.6000,5348.8000,5349.4000,5350.0000,5350.8000,2,1,1,1,1,1,1,1,2,1
SF,IC2003,2020-01-03 11:23:07.400,5349.4000,53480,0,6548793760.000,0,-,-,-,-,5347.0000,5346.0000,5345.8000,5345.6000,5345.4000,5348.6000,5349.4000,5350.0000,5350.8000,5351.8000,2,1,1,1,1,2,1,2,1,1
SF,IC2003,2020-01-03 11:23:07.900,5349.4000,53480,0,6548793760.000,0,-,-,-,-,5346.0000,5345.8000,5345.6000,5345.4000,5345.2000,5348.6000,5349.4000,5350.0000,5350.8000,5351.8000,1,1,1,1,2,2,1,2,1,1
SF,IC2003,2020-01-03 11:23:08.400,5349.4000,53480,0,6549863640.000,1,0,1,空换,B,5346.4000,5346.2000,5346.0000,5345.6000,5345.4000,5348.2000,5348.6000,5349.4000,5350.0000,5350.8000,1,3,1,1,1,1,2,1,2,1
SF,IC2003,2020-01-03 11:23:08.900,5349.4000,53480,0,6549863640.000,0,-,-,-,-,5346.8000,5346.6000,5346.4000,5346.2000,5346.0000,5348.0000,5348.6000,5349.4000,5350.0000,5350.8000,1,2,1,1,1,2,1,1,2,1
SF,IC2003,2020-01-03 11:23:09.400,5349.4000,53480,0,6549863640.000,0,-,-,-,-,5346.6000,5346.4000,5346.2000,5346.0000,5345.6000,5348.0000,5348.6000,5349.4000,5350.0000,5350.8000,2,1,1,1,1,2,1,1,2,1
SF,IC2003,2020-01-03 11:23:10.400,5349.4000,53480,0,6549863640.000,0,-,-,-,-,5346.6000,5346.4000,5345.4000,5345.0000,5341.8000,5347.8000,5348.0000,5348.6000,5349.4000,5350.0000,2,1,1,1,1,1,2,1,1,2
SF,IC2003,2020-01-03 11:23:10.900,5349.4000,53480,0,6549863640.000,0,-,-,-,-,5346.4000,5345.4000,5345.0000,5341.8000,5341.6000,5347.6000,5347.8000,5348.0000,5349.4000,5350.0000,1,1,1,1,2,2,1,1,1,2
SF,IC2003,2020-01-03 11:23:11.400,5349.4000,53480,0,6549863640.000,0,-,-,-,-,5346.6000,5346.4000,5345.4000,5345.0000,5341.8000,5347.8000,5348.0000,5349.4000,5350.0000,5350.8000,2,1,1,1,1,1,1,1,2,1
SF,IC2003,2020-01-03 11:23:11.900,5346.6000,53478,-2,6552002280.000,2,0,2,双平,B,5346.4000,5345.4000,5345.0000,5341.8000,5341.6000,5347.8000,5348.0000,5348.6000,5349.4000,5350.0000,1,1,1,1,2,1,1,1,1,2
SF,IC2003,2020-01-03 11:23:12.400,5346.6000,53478,0,6552002280.000,0,-,-,-,-,5346.8000,5346.4000,5345.4000,5345.0000,5341.8000,5347.8000,5348.0000,5348.6000,5349.4000,5350.0000,1,1,1,1,1,1,1,1,1,2
SF,IC2003,2020-01-03 11:23:12.900,5346.6000,53478,0,6552002280.000,0,-,-,-,-,5346.8000,5346.4000,5345.4000,5345.0000,5341.8000,5348.0000,5348.6000,5349.4000,5350.0000,5350.8000,1,1,1,1,1,1,1,1,2,1
SF,IC2003,2020-01-03 11:23:13.400,5346.6000,53478,0,6552002280.000,0,-,-,-,-,5347.0000,5346.8000,5346.4000,5345.4000,5345.0000,5348.0000,5348.6000,5349.4000,5350.0000,5350.8000,2,2,1,1,1,1,1,1,2,1
SF,IC2003,2020-01-03 11:23:13.900,5346.6000,53478,0,6552002280.000,0,-,-,-,-,5347.0000,5346.8000,5346.4000,5345.4000,5345.0000,5348.0000,5349.4000,5350.0000,5350.8000,5351.8000,2,2,1,1,1,1,1,2,1,1
SF,IC2003,2020-01-03 11:23:14.900,5346.6000,53478,0,6552002280.000,0,-,-,-,-,5347.0000,5346.8000,5345.4000,5345.0000,5341.8000,5348.0000,5349.4000,5350.0000,5350.8000,5351.8000,2,2,1,1,1,1,1,3,1,1
SF,IC2003,2020-01-03 11:23:15.400,5346.6000,53477,-1,6553071600.000,1,0,1,双平,B,5347.0000,5346.8000,5345.4000,5345.0000,5341.8000,5348.0000,5349.4000,5350.0000,5350.8000,5351.8000,1,1,1,1,1,1,1,3,1,1
SF,IC2003,2020-01-03 11:23:15.900,5346.6000,53477,0,6553071600.000,0,-,-,-,-,5347.0000,5346.8000,5345.4000,5345.0000,5341.8000,5348.0000,5349.4000,5350.0000,5350.8000,5351.8000,1,2,1,1,1,1,1,3,1,1
SF,IC2003,2020-01-03 11:23:16.400,5346.6000,53477,0,6553071600.000,0,-,-,-,-,5346.8000,5345.4000,5345.0000,5341.8000,5341.6000,5348.0000,5349.4000,5350.0000,5350.8000,5351.8000,3,1,1,1,2,1,1,3,1,1
SF,IC2003,2020-01-03 11:23:16.900,5346.6000,53477,0,6553071600.000,0,-,-,-,-,5346.8000,5345.4000,5345.0000,5341.8000,5341.6000,5347.8000,5348.0000,5349.4000,5350.0000,5350.8000,2,1,1,1,2,2,1,1,3,1
SF,IC2003,2020-01-03 11:23:17.400,5346.6000,53477,0,6553071600.000,0,-,-,-,-,5347.0000,5346.8000,5345.4000,5345.0000,5341.8000,5347.8000,5348.0000,5349.4000,5350.0000,5350.8000,2,2,1,1,1,2,1,1,3,1
SF,IC2003,2020-01-03 11:23:17.900,5346.6000,53477,0,6553071600.000,0,-,-,-,-,5347.0000,5346.8000,5345.4000,5345.0000,5341.8000,5347.8000,5348.0000,5349.4000,5350.0000,5350.8000,2,1,1,1,1,2,1,1,3,1
SF,IC2003,2020-01-03 11:23:21.400,5346.6000,53477,0,6553071600.000,0,-,-,-,-,5347.2000,5347.0000,5346.8000,5345.4000,5345.0000,5347.8000,5348.0000,5349.4000,5350.0000,5350.8000,1,2,1,1,1,2,1,1,3,1
SF,IC2003,2020-01-03 11:23:21.900,5347.8000,53476,-1,6555210720.000,2,0,2,空平,B,5347.2000,5347.0000,5346.8000,5345.4000,5345.0000,5348.0000,5349.4000,5350.0000,5350.8000,5351.8000,2,2,1,1,1,1,1,3,1,1
SF,IC2003,2020-01-03 11:23:22.400,5348.0000,53475,-1,6556280320.000,1,0,1,双平,B,5347.4000,5347.2000,5346.8000,5345.4000,5345.0000,5349.4000,5350.0000,5350.8000,5351.8000,5353.8000,2,2,1,1,1,1,3,1,1,1
SF,IC2003,2020-01-03 11:23:22.900,5348.0000,53475,0,6556280320.000,0,-,-,-,-,5347.2000,5346.8000,5345.4000,5345.0000,5341.8000,5349.0000,5349.2000,5349.4000,5350.0000,5350.8000,1,1,1,1,1,1,3,1,3,1
SF,IC2003,2020-01-03 11:23:23.400,5348.0000,53475,0,6556280320.000,0,-,-,-,-,5347.2000,5346.8000,5345.4000,5345.0000,5341.8000,5348.6000,5349.0000,5349.4000,5350.0000,5350.8000,1,1,1,1,1,1,1,1,3,1
SF,IC2003,2020-01-03 11:23:24.400,5347.2000,53474,-1,6557349760.000,1,0,1,双平,B,5346.8000,5345.4000,5345.0000,5341.8000,5341.6000,5349.0000,5349.4000,5350.0000,5350.8000,5351.8000,1,1,1,1,2,1,1,3,1,1
SF,IC2003,2020-01-03 11:23:24.900,5347.2000,53474,0,6557349760.000,0,-,-,-,-,5347.0000,5346.8000,5345.4000,5345.0000,5341.8000,5348.6000,5348.8000,5349.0000,5349.4000,5350.0000,3,1,1,1,1,1,1,1,1,3
SF,IC2003,2020-01-03 11:23:25.400,5347.2000,53474,0,6557349760.000,0,-,-,-,-,5347.0000,5346.8000,5345.4000,5345.0000,5341.8000,5348.4000,5349.0000,5349.4000,5350.0000,5350.8000,3,1,1,1,1,1,1,1,3,1
SF,IC2003,2020-01-03 11:23:27.400,5347.2000,53474,0,6557349760.000,0,-,-,-,-,5347.0000,5345.4000,5345.0000,5341.8000,5341.6000,5348.4000,5349.0000,5350.0000,5350.8000,5351.8000,3,1,1,1,2,1,1,3,1,1
SF,IC2003,2020-01-03 11:23:27.900,5347.2000,53474,0,6557349760.000,0,-,-,-,-,5347.8000,5347.0000,5345.4000,5345.0000,5341.8000,5348.4000,5349.0000,5350.0000,5350.8000,5351.8000,3,2,1,1,1,1,1,3,1,1
SF,IC2003,2020-01-03 11:23:28.900,5348.4000,53476,2,6561628120.000,4,3,1,多开,B,5345.4000,5345.0000,5341.8000,5341.6000,5341.0000,5349.0000,5350.0000,5350.8000,5351.8000,5353.8000,1,1,1,2,2,1,3,1,1,1
SF,IC2003,2020-01-03 11:23:29.400,5348.4000,53476,0,6561628120.000,0,-,-,-,-,5346.4000,5346.2000,5346.0000,5345.8000,5345.6000,5348.4000,5348.6000,5348.8000,5350.0000,5350.8000,1,2,2,1,7,2,1,3,3,1
SF,IC2003,2020-01-03 11:23:29.900,5348.4000,53476,0,6561628120.000,0,-,-,-,-,5346.4000,5346.0000,5345.8000,5345.6000,5345.4000,5348.2000,5348.4000,5348.6000,5348.8000,5350.0000,1,1,1,4,5,1,1,1,1,3
SF,IC2003,2020-01-03 11:23:30.400,5348.4000,53475,-1,6562697800.000,1,0,1,双平,B,5346.6000,5346.4000,5346.0000,5345.8000,5345.6000,5347.8000,5348.0000,5348.4000,5348.6000,5348.8000,1,1,1,1,4,1,1,1,1,1
SF,IC2003,2020-01-03 11:23:30.900,5348.4000,53475,0,6562697800.000,0,-,-,-,-,5347.0000,5346.8000,5346.6000,5346.4000,5346.0000,5347.8000,5348.4000,5348.8000,5350.0000,5350.8000,1,2,1,1,1,1,2,1,3,1
SF,IC2003,2020-01-03 11:23:31.400,5348.4000,53475,0,6562697800.000,0,-,-,-,-,5346.6000,5346.4000,5346.0000,5345.8000,5345.6000,5348.4000,5348.8000,5350.0000,5350.8000,5351.8000,1,1,1,1,2,2,1,3,1,1
SF,IC2003,2020-01-03 11:23:31.900,5348.4000,53475,0,6562697800.000,0,-,-,-,-,5347.0000,5346.6000,5346.4000,5346.0000,5345.8000,5348.2000,5348.4000,5348.8000,5350.0000,5350.8000,1,1,1,1,1,1,2,1,3,1
SF,IC2003,2020-01-03 11:23:32.400,5348.4000,53475,0,6562697800.000,0,-,-,-,-,5346.6000,5346.4000,5346.0000,5345.6000,5345.4000,5348.2000,5348.4000,5348.8000,5349.6000,5350.0000,1,1,1,2,5,1,2,1,1,3
SF,IC2003,2020-01-03 11:23:32.900,5348.4000,53475,0,6562697800.000,0,-,-,-,-,5346.6000,5346.4000,5346.0000,5345.6000,5345.4000,5348.4000,5348.8000,5349.6000,5350.0000,5350.8000,1,1,1,2,5,2,1,1,3,1
SF,IC2003,2020-01-03 11:23:33.400,5348.4000,53475,0,6562697800.000,0,-,-,-,-,5347.0000,5346.6000,5346.4000,5346.0000,5345.6000,5348.2000,5348.4000,5348.8000,5349.6000,5350.0000,2,1,1,1,2,1,2,1,1,3
SF,IC2003,2020-01-03 11:23:33.900,5348.4000,53475,0,6562697800.000,0,-,-,-,-,5346.4000,5346.0000,5345.6000,5345.4000,5345.0000,5348.4000,5348.8000,5349.6000,5350.0000,5350.8000,1,1,2,5,1,2,1,1,3,1
SF,IC2003,2020-01-03 11:23:34.400,5348.4000,53475,0,6562697800.000,0,-,-,-,-,5346.6000,5346.4000,5346.0000,5345.6000,5345.4000,5348.2000,5348.4000,5348.8000,5349.6000,5350.0000,5,1,1,2,5,1,2,1,1,3
SF,IC2003,2020-01-03 11:23:34.900,5348.4000,53475,0,6562697800.000,0,-,-,-,-,5346.6000,5346.4000,5346.0000,5345.6000,5345.4000,5348.4000,5348.8000,5349.6000,5350.0000,5350.8000,3,1,1,2,5,2,1,1,3,1
SF,IC2003,2020-01-03 11:23:35.400,5348.4000,53475,0,6562697800.000,0,-,-,-,-,5346.6000,5346.4000,5346.0000,5345.6000,5345.4000,5348.2000,5348.4000,5348.8000,5349.6000,5350.0000,3,1,1,2,5,1,2,1,1,3
SF,IC2003,2020-01-03 11:23:37.400,5348.4000,53475,0,6562697800.000,0,-,-,-,-,5346.6000,5346.4000,5346.0000,5345.6000,5345.4000,5348.2000,5348.4000,5348.8000,5349.6000,5350.0000,1,1,1,2,5,1,2,1,1,3
SF,IC2003,2020-01-03 11:23:37.900,5348.4000,53475,0,6562697800.000,0,-,-,-,-,5346.4000,5345.6000,5345.4000,5345.0000,5341.8000,5347.8000,5348.0000,5348.2000,5348.4000,5348.8000,1,2,3,1,1,1,1,2,2,1
SF,IC2003,2020-01-03 11:23:38.400,5348.4000,53475,0,6562697800.000,0,-,-,-,-,5345.4000,5345.0000,5341.8000,5341.6000,5341.0000,5347.6000,5347.8000,5348.2000,5348.4000,5348.8000,2,1,1,2,2,1,1,1,1,1
SF,IC2003,2020-01-03 11:23:38.900,5348.4000,53475,0,6562697800.000,0,-,-,-,-,5345.6000,5345.4000,5345.0000,5341.8000,5341.6000,5347.4000,5347.6000,5347.8000,5348.2000,5348.4000,1,1,1,1,2,1,1,1,1,1
SF,IC2003,2020-01-03 11:23:39.400,5348.4000,53475,0,6562697800.000,0,-,-,-,-,5345.6000,5345.0000,5341.8000,5341.6000,5341.0000,5347.2000,5347.4000,5347.8000,5348.2000,5348.4000,1,1,1,2,2,1,1,1,1,1
SF,IC2003,2020-01-03 11:23:39.900,5348.4000,53475,0,6562697800.000,0,-,-,-,-,5345.6000,5345.0000,5341.8000,5341.6000,5341.0000,5347.2000,5347.8000,5348.2000,5348.4000,5348.8000,1,1,1,2,2,1,1,1,1,1
SF,IC2003,2020-01-03 11:23:40.400,5348.4000,53475,0,6562697800.000,0,-,-,-,-,5345.8000,5345.6000,5345.0000,5341.8000,5341.6000,5347.0000,5347.6000,5347.8000,5348.2000,5348.4000,1,1,1,1,2,1,1,1,1,1
SF,IC2003,2020-01-03 11:23:40.900,5348.4000,53475,0,6562697800.000,0,-,-,-,-,5345.8000,5345.6000,5345.0000,5341.8000,5341.6000,5346.8000,5347.0000,5347.8000,5348.2000,5348.4000,1,1,1,1,2,1,1,1,1,1
SF,IC2003,2020-01-03 11:23:41.400,5346.8000,53475,0,6563767160.000,1,0,1,空换,B,5345.8000,5345.0000,5341.8000,5341.6000,5341.0000,5347.8000,5348.4000,5348.8000,5349.6000,5350.0000,1,1,1,2,2,1,1,1,1,3
SF,IC2003,2020-01-03 11:23:41.900,5346.8000,53475,0,6563767160.000,0,-,-,-,-,5346.2000,5346.0000,5345.8000,5345.0000,5341.8000,5347.6000,5348.4000,5348.8000,5349.6000,5350.0000,3,9,1,1,1,1,1,1,1,3
SF,IC2003,2020-01-03 11:23:42.400,5346.8000,53475,0,6563767160.000,0,-,-,-,-,5347.4000,5346.8000,5346.4000,5346.0000,5345.8000,5348.4000,5348.8000,5349.6000,5350.0000,5350.8000,2,1,3,3,1,1,1,1,3,1
SF,IC2003,2020-01-03 11:23:42.900,5346.8000,53475,0,6563767160.000,0,-,-,-,-,5347.8000,5347.6000,5346.4000,5346.0000,5345.8000,5348.4000,5348.8000,5349.6000,5350.0000,5350.8000,1,1,3,2,1,1,1,1,3,1
SF,IC2003,2020-01-03 11:23:43.400,5348.4000,53474,-1,6564836840.000,1,0,1,双平,B,5348.6000,5348.4000,5348.0000,5347.8000,5346.4000,5349.6000,5350.0000,5350.8000,5351.8000,5353.8000,2,1,2,1,3,1,3,1,1,1
SF,IC2003,2020-01-03 11:23:43.900,5348.4000,53474,0,6564836840.000,0,-,-,-,-,5348.4000,5348.0000,5347.8000,5346.4000,5346.0000,5350.0000,5350.8000,5351.8000,5353.8000,5354.2000,1,2,1,3,2,3,1,1,1,1
SF,IC2003,2020-01-03 11:23:44.400,5348.4000,53474,0,6564836840.000,0,-,-,-,-,5348.4000,5348.0000,5347.8000,5346.4000,5346.0000,5348.6000,5349.8000,5350.0000,5350.8000,5351.8000,1,1,1,2,2,1,1,3,1,1
SF,IC2003,2020-01-03 11:23:44.900,5348.4000,53474,0,6565906520.000,1,0,1,空换,B,5347.8000,5346.4000,5346.0000,5345.8000,5345.0000,5348.4000,5348.6000,5349.8000,5350.0000,5350.8000,1,2,2,1,1,2,1,1,3,1
SF,IC2003,2020-01-03 11:23:46.400,5347.8000,53473,-1,6566976080.000,1,0,1,双平,B,5346.4000,5346.0000,5345.0000,5341.8000,5341.6000,5348.4000,5348.6000,5349.8000,5350.0000,5350.8000,2,2,1,1,2,2,1,1,3,1
SF,IC2003,2020-01-03 11:23:46.900,5347.8000,53473,0,6566976080.000,0,-,-,-,-,5346.6000,5346.4000,5346.0000,5345.0000,5341.8000,5348.2000,5348.4000,5348.6000,5350.0000,5350.8000,3,2,2,1,1,1,2,1,3,1
SF,IC2003,2020-01-03 11:23:47.400,5347.8000,53473,0,6566976080.000,0,-,-,-,-,5346.6000,5346.4000,5346.0000,5345.0000,5341.8000,5348.0000,5348.2000,5348.4000,5348.6000,5350.0000,1,2,2,1,1,1,1,2,1,3
SF,IC2003,2020-01-03 11:23:47.900,5347.8000,53473,0,6566976080.000,0,-,-,-,-,5346.4000,5346.0000,5345.0000,5341.8000,5341.6000,5348.0000,5348.4000,5348.6000,5350.0000,5350.8000,2,2,1,1,2,2,2,1,3,1
SF,IC2003,2020-01-03 11:23:48.400,5347.8000,53473,0,6566976080.000,0,-,-,-,-,5346.0000,5345.0000,5341.8000,5341.6000,5341.0000,5347.8000,5348.0000,5348.4000,5348.6000,5350.0000,1,1,1,2,2,2,2,2,1,3
SF,IC2003,2020-01-03 11:23:48.900,5347.8000,53473,0,6566976080.000,0,-,-,-,-,5346.0000,5345.0000,5341.8000,5341.6000,5341.0000,5347.2000,5347.6000,5347.8000,5348.4000,5348.6000,1,1,1,2,2,2,2,1,2,1
SF,IC2003,2020-01-03 11:23:49.400,5347.8000,53473,0,6566976080.000,0,-,-,-,-,5346.0000,5345.0000,5341.8000,5341.6000,5341.0000,5346.4000,5347.0000,5347.2000,5347.6000,5347.8000,1,1,1,2,2,2,1,2,2,1
SF,IC2003,2020-01-03 11:23:49.900,5347.8000,53473,0,6566976080.000,0,-,-,-,-,5346.0000,5345.0000,5341.8000,5341.6000,5341.0000,5347.0000,5347.2000,5347.6000,5347.8000,5348.4000,1,1,1,2,2,1,2,2,1,2
SF,IC2003,2020-01-03 11:23:50.400,5347.8000,53473,0,6566976080.000,0,-,-,-,-,5346.0000,5345.0000,5341.8000,5341.6000,5341.0000,5347.0000,5347.2000,5347.6000,5347.8000,5348.4000,1,1,1,2,2,1,2,2,1,1
SF,IC2003,2020-01-03 11:23:50.900,5347.8000,53473,0,6566976080.000,0,-,-,-,-,5346.0000,5345.0000,5341.8000,5341.6000,5341.0000,5347.0000,5347.2000,5347.6000,5347.8000,5348.4000,1,1,1,2,2,1,2,2,1,1
SF,IC2003,2020-01-03 11:23:51.400,5347.8000,53473,0,6566976080.000,0,-,-,-,-,5346.0000,5345.0000,5341.8000,5341.6000,5341.0000,5347.0000,5347.2000,5347.6000,5347.8000,5348.4000,1,1,1,2,2,1,2,2,1,1
SF,IC2003,2020-01-03 11:23:51.900,5347.8000,53473,0,6566976080.000,0,-,-,-,-,5346.0000,5345.0000,5341.8000,5341.6000,5341.0000,5346.2000,5347.0000,5347.2000,5347.6000,5347.8000,1,1,1,2,2,2,1,2,2,1
SF,IC2003,2020-01-03 11:23:52.400,5346.0000,53472,-1,6569114480.000,2,0,2,空平,B,5345.0000,5341.8000,5341.6000,5341.0000,5340.8000,5347.0000,5347.2000,5347.6000,5347.8000,5348.4000,1,1,2,2,1,1,2,1,1,1
SF,IC2003,2020-01-03 11:23:52.900,5346.0000,53472,0,6569114480.000,0,-,-,-,-,5345.2000,5345.0000,5341.8000,5341.6000,5341.0000,5345.8000,5346.6000,5347.0000,5347.8000,5348.4000,1,1,1,2,2,2,2,2,1,1
SF,IC2003,2020-01-03 11:23:53.400,5345.2000,53471,-1,6570183520.000,1,0,1,双平,B,5345.0000,5341.8000,5341.6000,5341.0000,5340.8000,5347.0000,5347.8000,5348.4000,5348.6000,5350.0000,1,1,2,2,1,2,1,1,1,3
SF,IC2003,2020-01-03 11:23:53.900,5345.2000,53471,0,6570183520.000,0,-,-,-,-,5345.4000,5345.2000,5345.0000,5341.8000,5341.6000,5345.8000,5346.4000,5347.0000,5347.8000,5348.4000,2,4,1,1,2,2,1,2,1,1
SF,IC2003,2020-01-03 11:23:54.400,5345.8000,53471,0,6572321840.000,2,1,1,空换,B,5345.0000,5341.8000,5341.6000,5341.0000,5340.8000,5345.4000,5346.4000,5347.0000,5347.8000,5348.4000,1,1,2,2,1,1,1,2,1,1
SF,IC2003,2020-01-03 11:23:54.900,5346.4000,53472,1,6574460200.000,2,1,1,多开,B,5345.0000,5344.6000,5342.0000,5341.8000,5341.6000,5347.0000,5347.8000,5348.6000,5350.0000,5350.8000,1,1,1,1,2,2,1,1,3,1
SF,IC2003,2020-01-03 11:23:55.400,5346.4000,53472,0,6574460200.000,0,-,-,-,-,5345.0000,5344.6000,5342.0000,5341.8000,5341.6000,5347.0000,5347.8000,5348.6000,5350.0000,5350.8000,1,1,1,1,2,1,1,1,3,1
SF,IC2003,2020-01-03 11:23:55.900,5346.4000,53472,0,6574460200.000,0,-,-,-,-,5345.4000,5345.2000,5345.0000,5344.6000,5341.8000,5347.8000,5348.6000,5350.0000,5350.8000,5351.8000,1,3,2,1,1,1,1,3,1,1
SF,IC2003,2020-01-03 11:23:56.400,5346.4000,53472,0,6574460200.000,0,-,-,-,-,5346.0000,5345.8000,5345.2000,5345.0000,5344.6000,5347.6000,5347.8000,5348.6000,5350.0000,5350.8000,1,2,1,2,1,1,1,1,3,1
SF,IC2003,2020-01-03 11:23:56.900,5346.4000,53472,0,6574460200.000,0,-,-,-,-,5346.0000,5345.2000,5345.0000,5344.6000,5342.4000,5347.6000,5347.8000,5348.6000,5350.0000,5350.8000,1,1,2,1,1,1,1,1,3,1
SF,IC2003,2020-01-03 11:23:59.400,5345.0000,53475,3,6577667440.000,3,3,0,双开,B,5344.6000,5342.4000,5341.8000,5341.6000,5341.0000,5347.2000,5347.6000,5347.8000,5348.6000,5350.0000,1,1,1,2,2,1,1,1,1,3
SF,IC2003,2020-01-03 11:23:59.900,5345.0000,53475,0,6577667440.000,0,-,-,-,-,5345.0000,5344.8000,5344.6000,5342.4000,5341.8000,5347.8000,5348.6000,5350.0000,5350.8000,5351.8000,5,3,4,1,1,1,1,3,1,1
SF,IC2003,2020-01-03 11:24:00.400,5345.0000,53475,0,6577667440.000,0,-,-,-,-,5345.8000,5345.4000,5345.2000,5345.0000,5344.8000,5347.6000,5347.8000,5348.6000,5350.0000,5350.8000,3,2,3,1,1,2,1,1,3,1
SF,IC2003,2020-01-03 11:24:00.900,5345.0000,53475,0,6577667440.000,0,-,-,-,-,5345.4000,5345.0000,5344.6000,5342.4000,5341.8000,5346.8000,5347.0000,5347.2000,5347.6000,5347.8000,1,1,2,1,1,1,1,2,1,1
SF,IC2003,2020-01-03 11:24:01.400,5345.0000,53475,0,6577667440.000,0,-,-,-,-,5345.4000,5345.0000,5344.6000,5342.8000,5342.4000,5347.0000,5347.2000,5347.6000,5347.8000,5348.6000,2,1,2,1,1,1,1,1,1,1
SF,IC2003,2020-01-03 11:24:01.900,5345.0000,53475,0,6577667440.000,0,-,-,-,-,5345.4000,5345.0000,5344.6000,5342.4000,5341.8000,5347.0000,5347.2000,5347.8000,5348.6000,5350.0000,1,1,2,1,1,1,1,1,1,3
SF,IC2003,2020-01-03 11:24:02.400,5345.0000,53475,0,6577667440.000,0,-,-,-,-,5345.4000,5345.0000,5344.6000,5342.4000,5341.8000,5346.8000,5347.0000,5347.2000,5347.8000,5348.6000,1,1,2,1,1,1,1,1,1,1
SF,IC2003,2020-01-03 11:24:02.900,5345.0000,53475,0,6577667440.000,0,-,-,-,-,5344.6000,5344.4000,5342.4000,5341.8000,5341.6000,5346.8000,5347.0000,5347.2000,5347.8000,5348.6000,2,1,1,1,2,1,1,1,1,1
SF,IC2003,2020-01-03 11:24:03.400,5345.0000,53475,0,6577667440.000,0,-,-,-,-,5345.0000,5344.6000,5344.4000,5342.4000,5341.8000,5346.8000,5347.0000,5347.2000,5347.8000,5348.6000,2,2,1,1,1,1,1,1,1,1
SF,IC2003,2020-01-03 11:24:03.900,5345.0000,53475,0,6577667440.000,0,-,-,-,-,5345.0000,5344.6000,5344.4000,5342.4000,5341.8000,5346.8000,5347.0000,5347.2000,5347.8000,5348.6000,1,2,1,1,1,1,1,1,1,1
SF,IC2003,2020-01-03 11:24:04.400,5345.0000,53475,0,6577667440.000,0,-,-,-,-,5345.0000,5344.6000,5344.4000,5342.4000,5341.8000,5346.8000,5347.0000,5347.2000,5347.8000,5348.6000,1,2,1,1,1,1,1,1,1,1
SF,IC2003,2020-01-03 11:24:04.900,5345.0000,53475,0,6577667440.000,0,-,-,-,-,5345.4000,5345.0000,5344.6000,5344.4000,5342.4000,5346.4000,5346.8000,5347.0000,5347.2000,5347.8000,2,1,2,1,1,1,1,1,1,1
SF,IC2003,2020-01-03 11:24:05.400,5345.0000,53475,0,6577667440.000,0,-,-,-,-,5345.0000,5344.6000,5344.4000,5342.4000,5341.8000,5346.4000,5346.8000,5347.0000,5347.2000,5347.8000,1,2,1,1,1,1,1,1,1,1
SF,IC2003,2020-01-03 11:24:05.900,5346.4000,53474,-1,6578736720.000,1,0,1,双平,B,5345.8000,5345.2000,5345.0000,5344.6000,5344.4000,5346.8000,5347.2000,5347.8000,5348.6000,5350.0000,1,1,1,2,1,1,1,1,1,3
SF,IC2003,2020-01-03 11:24:06.400,5346.4000,53474,0,6578736720.000,0,-,-,-,-,5345.8000,5345.2000,5345.0000,5344.6000,5344.4000,5346.4000,5347.2000,5347.8000,5348.6000,5350.0000,1,1,1,2,1,1,1,1,1,3
SF,IC2003,2020-01-03 11:24:06.900,5346.4000,53474,0,6579806000.000,1,0,1,空换,B,5346.4000,5345.8000,5345.2000,5344.6000,5344.4000,5347.2000,5347.8000,5348.6000,5350.0000,5350.8000,2,1,1,2,1,1,1,1,3,1
SF,IC2003,2020-01-03 11:24:07.400,5346.4000,53474,0,6579806000.000,0,-,-,-,-,5345.8000,5344.6000,5344.4000,5342.4000,5341.8000,5347.8000,5348.6000,5350.0000,5350.8000,5351.8000,1,2,1,1,1,1,1,3,1,1
SF,IC2003,2020-01-03 11:24:07.900,5346.4000,53474,0,6579806000.000,0,-,-,-,-,5346.2000,5346.0000,5344.6000,5344.4000,5342.4000,5347.6000,5347.8000,5348.6000,5350.0000,5350.8000,1,5,2,1,1,1,1,1,3,1
SF,IC2003,2020-01-03 11:24:08.400,5346.4000,53474,0,6579806000.000,0,-,-,-,-,5346.2000,5346.0000,5344.6000,5344.4000,5342.4000,5347.6000,5347.8000,5348.6000,5350.0000,5350.8000,1,3,2,1,1,1,1,1,3,1
SF,IC2003,2020-01-03 11:24:08.900,5346.2000,53476,2,6581944520.000,2,2,0,双开,B,5346.0000,5344.6000,5344.4000,5342.4000,5341.8000,5347.6000,5347.8000,5348.6000,5350.0000,5350.8000,3,2,1,1,1,1,1,1,3,1
SF,IC2003,2020-01-03 11:24:09.900,5346.2000,53476,0,6581944520.000,0,-,-,-,-,5346.2000,5346.0000,5344.6000,5344.4000,5342.4000,5347.6000,5347.8000,5348.6000,5350.0000,5350.8000,2,3,2,1,1,1,1,1,3,1
SF,IC2003,2020-01-03 11:24:10.900,5346.2000,53476,0,6581944520.000,0,-,-,-,-,5346.2000,5346.0000,5344.6000,5344.4000,5342.4000,5347.6000,5347.8000,5348.6000,5350.0000,5350.8000,1,3,2,1,1,1,1,1,3,1
SF,IC2003,2020-01-03 11:24:12.400,5346.2000,53476,0,6581944520.000,0,-,-,-,-,5346.2000,5346.0000,5344.6000,5344.4000,5342.4000,5347.6000,5347.8000,5348.6000,5350.0000,5350.8000,1,3,2,1,1,1,1,1,3,1
SF,IC2003,2020-01-03 11:24:13.900,5346.2000,53476,0,6581944520.000,0,-,-,-,-,5346.4000,5346.2000,5346.0000,5344.6000,5344.4000,5347.6000,5347.8000,5348.6000,5350.0000,5350.8000,1,1,3,2,1,1,1,1,3,1
SF,IC2003,2020-01-03 11:24:14.400,5346.2000,53476,0,6581944520.000,0,-,-,-,-,5346.4000,5346.2000,5346.0000,5344.6000,5344.4000,5347.6000,5347.8000,5348.6000,5350.0000,5350.8000,1,1,1,2,1,1,1,1,3,1
SF,IC2003,2020-01-03 11:24:14.900,5346.2000,53475,-1,6583013760.000,1,0,1,双平,B,5346.2000,5344.6000,5344.4000,5342.4000,5341.8000,5347.6000,5347.8000,5348.6000,5350.0000,5350.8000,1,2,1,1,1,1,1,1,3,1
SF,IC2003,2020-01-03 11:24:15.400,5346.2000,53475,0,6583013760.000,0,-,-,-,-,5346.2000,5344.6000,5344.4000,5342.4000,5341.8000,5347.4000,5347.6000,5347.8000,5348.6000,5350.0000,1,2,1,1,1,1,1,1,1,3
SF,IC2003,2020-01-03 11:24:15.900,5346.2000,53475,0,6583013760.000,0,-,-,-,-,5346.2000,5344.6000,5344.4000,5342.4000,5341.8000,5347.4000,5347.8000,5348.6000,5350.0000,5350.8000,1,2,1,1,1,1,1,1,3,1
SF,IC2003,2020-01-03 11:24:16.400,5346.2000,53475,0,6583013760.000,0,-,-,-,-,5346.2000,5344.6000,5344.4000,5342.4000,5341.8000,5347.0000,5347.2000,5347.4000,5347.8000,5348.6000,1,2,1,1,1,1,1,2,1,1
SF,IC2003,2020-01-03 11:24:16.900,5346.2000,53475,0,6583013760.000,0,-,-,-,-,5344.6000,5344.4000,5342.4000,5341.8000,5341.6000,5347.4000,5347.8000,5348.6000,5350.0000,5350.8000,2,1,1,1,2,1,1,1,3,1
SF,IC2003,2020-01-03 11:24:17.400,5346.2000,53475,0,6583013760.000,0,-,-,-,-,5345.6000,5345.0000,5344.8000,5344.6000,5344.4000,5347.0000,5347.2000,5347.4000,5347.8000,5348.6000,1,4,4,2,1,1,2,1,1,1
SF,IC2003,2020-01-03 11:24:17.900,5346.2000,53475,0,6583013760.000,0,-,-,-,-,5345.6000,5344.8000,5344.6000,5344.4000,5342.4000,5347.0000,5347.4000,5347.8000,5348.6000,5350.0000,1,3,2,1,1,1,1,1,1,3
SF,IC2003,2020-01-03 11:24:18.400,5346.2000,53475,0,6583013760.000,0,-,-,-,-,5345.6000,5344.8000,5344.6000,5344.4000,5342.4000,5346.8000,5347.0000,5347.4000,5347.8000,5348.6000,1,3,2,1,1,1,1,1,1,1
SF,IC2003,2020-01-03 11:24:18.900,5346.2000,53475,0,6583013760.000,0,-,-,-,-,5345.6000,5344.8000,5344.6000,5344.4000,5342.4000,5346.8000,5347.0000,5347.8000,5348.6000,5350.0000,1,3,2,1,1,1,1,1,1,3
SF,IC2003,2020-01-03 11:24:19.400,5346.2000,53475,0,6583013760.000,0,-,-,-,-,5345.8000,5345.6000,5344.8000,5344.6000,5342.4000,5346.4000,5346.6000,5346.8000,5347.0000,5347.8000,1,1,2,2,1,1,1,1,1,1
SF,IC2003,2020-01-03 11:24:19.900,5345.8000,53474,-1,6584082920.000,1,0,1,双平,B,5345.6000,5344.8000,5344.6000,5342.4000,5341.8000,5346.4000,5346.6000,5347.8000,5348.6000,5350.0000,1,2,2,1,1,1,1,1,1,3
SF,IC2003,2020-01-03 11:24:20.400,5345.6000,53473,-1,6585152040.000,1,0,1,双平,B,5344.6000,5343.0000,5342.4000,5341.8000,5341.6000,5345.4000,5345.6000,5345.8000,5346.2000,5346.4000,2,1,1,1,2,1,4,1,1,1
SF,IC2003,2020-01-03 11:24:20.900,5345.6000,53473,0,6585152040.000,0,-,-,-,-,5344.6000,5343.0000,5342.4000,5341.8000,5341.6000,5345.4000,5345.6000,5346.4000,5348.6000,5350.0000,1,1,1,1,2,1,3,1,1,3
SF,IC2003,2020-01-03 11:24:21.400,5344.6000,53473,0,6586220960.000,1,0,1,空换,B,5343.0000,5342.4000,5341.8000,5341.6000,5341.0000,5344.6000,5344.8000,5345.2000,5345.4000,5345.6000,1,1,1,2,2,1,1,1,1,3
SF,IC2003,2020-01-03 11:24:21.900,5344.6000,53473,0,6586220960.000,0,-,-,-,-,5343.0000,5342.4000,5341.8000,5341.6000,5341.0000,5345.2000,5345.4000,5345.6000,5346.4000,5348.6000,1,1,1,2,2,1,1,3,1,1
SF,IC2003,2020-01-03 11:24:22.400,5345.2000,53472,-1,6587290000.000,1,0,1,双平,B,5343.0000,5342.4000,5341.8000,5341.6000,5341.0000,5344.8000,5345.4000,5345.6000,5346.4000,5348.6000,1,1,1,2,2,2,1,3,1,1
SF,IC2003,2020-01-03 11:24:22.900,5344.8000,53472,0,6588358960.000,1,0,1,空换,B,5343.6000,5342.4000,5341.8000,5341.6000,5341.0000,5344.8000,5345.6000,5346.4000,5348.6000,5350.0000,1,1,1,2,2,1,3,1,1,3
SF,IC2003,2020-01-03 11:24:24.900,5344.8000,53472,0,6588358960.000,0,-,-,-,-,5342.4000,5341.8000,5341.6000,5341.0000,5340.8000,5344.8000,5345.6000,5346.4000,5348.6000,5350.0000,1,1,2,2,1,1,3,1,1,3
SF,IC2003,2020-01-03 11:24:25.400,5344.8000,53473,1,6589427920.000,1,1,0,双开,B,5343.6000,5343.2000,5343.0000,5342.8000,5342.6000,5345.6000,5346.4000,5348.6000,5350.0000,5350.8000,1,1,1,5,6,1,1,1,3,1
SF,IC2003,2020-01-03 11:24:25.900,5344.8000,53473,0,6589427920.000,0,-,-,-,-,5343.8000,5343.0000,5342.8000,5342.6000,5342.4000,5345.6000,5346.4000,5348.6000,5350.0000,5350.8000,2,2,3,3,1,1,1,1,3,1
SF,IC2003,2020-01-03 11:24:26.400,5344.8000,53473,0,6589427920.000,0,-,-,-,-,5344.2000,5343.8000,5343.0000,5342.8000,5342.6000,5345.6000,5346.4000,5348.6000,5350.0000,5350.8000,1,2,2,2,2,1,1,1,3,1
SF,IC2003,2020-01-03 11:24:26.900,5344.8000,53473,0,6589427920.000,0,-,-,-,-,5344.2000,5343.8000,5343.0000,5342.8000,5342.6000,5345.6000,5346.4000,5348.6000,5350.0000,5350.8000,1,2,2,2,2,1,1,1,3,1
SF,IC2003,2020-01-03 11:24:27.400,5344.8000,53473,0,6589427920.000,0,-,-,-,-,5344.4000,5344.2000,5343.0000,5342.8000,5342.6000,5345.6000,5346.4000,5348.6000,5350.0000,5350.8000,2,2,2,2,2,1,1,1,3,1
SF,IC2003,2020-01-03 11:24:27.900,5344.4000,53472,-1,6590496800.000,1,0,1,双平,B,5344.4000,5344.2000,5343.0000,5342.8000,5342.6000,5345.6000,5346.4000,5348.6000,5350.0000,5350.8000,1,2,2,2,2,1,1,1,3,1
SF,IC2003,2020-01-03 11:24:28.400,5344.4000,53472,0,6590496800.000,0,-,-,-,-,5344.6000,5344.4000,5344.2000,5343.0000,5342.8000,5345.6000,5346.4000,5348.6000,5350.0000,5350.8000,1,1,2,2,2,1,1,1,3,1
SF,IC2003,2020-01-03 11:24:29.900,5345.6000,53471,-1,6591565920.000,1,0,1,双平,B,5344.6000,5344.4000,5344.2000,5343.0000,5342.8000,5346.4000,5348.6000,5350.0000,5350.8000,5351.8000,1,1,2,2,2,1,1,3,1,1
SF,IC2003,2020-01-03 11:24:30.900,5345.6000,53471,0,6591565920.000,0,-,-,-,-,5344.6000,5344.4000,5344.2000,5343.0000,5342.8000,5346.4000,5348.6000,5350.0000,5350.8000,5351.8000,1,1,1,2,2,1,1,3,1,1
SF,IC2003,2020-01-03 11:24:32.900,5344.6000,53470,-1,6592634840.000,1,0,1,双平,B,5344.4000,5344.2000,5343.0000,5342.8000,5342.6000,5346.4000,5348.6000,5350.0000,5350.8000,5351.8000,1,1,2,2,1,1,1,3,1,1
SF,IC2003,2020-01-03 11:24:33.900,5344.6000,53470,0,6592634840.000,0,-,-,-,-,5344.4000,5344.2000,5343.0000,5342.8000,5342.6000,5346.2000,5346.4000,5348.6000,5350.0000,5350.8000,1,1,2,2,1,1,1,1,3,1
SF,IC2003,2020-01-03 11:24:34.400,5344.6000,53470,0,6592634840.000,0,-,-,-,-,5344.8000,5344.6000,5344.4000,5344.2000,5343.0000,5346.2000,5346.4000,5348.6000,5350.0000,5350.8000,2,2,1,1,2,1,1,1,3,1
SF,IC2003,2020-01-03 11:24:34.900,5344.6000,53470,0,6592634840.000,0,-,-,-,-,5345.0000,5344.6000,5344.4000,5344.2000,5343.0000,5346.4000,5348.6000,5350.0000,5350.8000,5351.8000,2,2,1,1,2,1,1,3,1,1
SF,IC2003,2020-01-03 11:24:35.400,5344.6000,53470,0,6592634840.000,0,-,-,-,-,5345.2000,5345.0000,5344.6000,5344.4000,5343.0000,5346.2000,5346.4000,5348.6000,5350.0000,5350.8000,1,2,2,1,2,2,1,1,3,1
SF,IC2003,2020-01-03 11:24:35.900,5344.6000,53470,0,6592634840.000,0,-,-,-,-,5345.2000,5345.0000,5344.6000,5344.4000,5343.0000,5346.4000,5348.6000,5350.0000,5350.8000,5351.8000,1,2,2,1,2,1,1,3,1,1
SF,IC2003,2020-01-03 11:24:36.400,5344.6000,53470,0,6592634840.000,0,-,-,-,-,5345.6000,5345.2000,5344.6000,5344.4000,5343.0000,5346.2000,5346.4000,5348.6000,5350.0000,5350.8000,1,1,2,1,2,2,2,1,3,1
SF,IC2003,2020-01-03 11:24:36.900,5345.6000,53470,0,6593703960.000,1,0,1,空换,B,5345.2000,5344.6000,5344.4000,5343.0000,5342.8000,5346.2000,5346.4000,5348.6000,5350.0000,5350.8000,1,2,1,2,2,2,2,1,3,1
SF,IC2003,2020-01-03 11:24:38.400,5345.6000,53470,0,6593703960.000,0,-,-,-,-,5345.2000,5344.6000,5344.4000,5343.0000,5342.8000,5346.2000,5346.4000,5348.6000,5350.0000,5350.8000,2,2,1,2,2,2,1,1,3,1
SF,IC2003,2020-01-03 11:24:38.900,5345.6000,53470,0,6593703960.000,0,-,-,-,-,5345.4000,5345.2000,5344.6000,5344.4000,5343.0000,5346.4000,5348.6000,5350.0000,5350.8000,5351.8000,2,2,2,1,2,1,1,3,1,1
SF,IC2003,2020-01-03 11:24:39.400,5345.6000,53470,0,6593703960.000,0,-,-,-,-,5345.4000,5345.2000,5344.6000,5344.4000,5343.0000,5348.6000,5350.0000,5350.8000,5351.8000,5353.8000,2,2,2,1,2,1,3,1,1,1
SF,IC2003,2020-01-03 11:24:39.900,5345.6000,53470,0,6593703960.000,0,-,-,-,-,5345.8000,5345.6000,5345.4000,5345.2000,5344.6000,5347.8000,5348.2000,5348.4000,5348.6000,5350.0000,1,3,2,2,2,1,1,5,4,3
SF,IC2003,2020-01-03 11:24:40.400,5345.6000,53470,0,6593703960.000,0,-,-,-,-,5345.8000,5345.6000,5345.4000,5345.2000,5344.6000,5347.4000,5347.6000,5347.8000,5348.2000,5348.4000,1,1,2,2,2,2,3,1,1,3
SF,IC2003,2020-01-03 11:24:40.900,5345.6000,53470,0,6593703960.000,0,-,-,-,-,5345.8000,5345.6000,5345.4000,5345.2000,5344.6000,5347.2000,5347.4000,5347.6000,5347.8000,5348.2000,1,1,2,2,2,2,2,1,1,1
SF,IC2003,2020-01-03 11:24:41.400,5345.6000,53470,0,6593703960.000,0,-,-,-,-,5345.8000,5345.6000,5345.4000,5345.2000,5344.6000,5347.2000,5347.4000,5347.6000,5347.8000,5348.2000,1,1,2,2,2,2,2,1,1,1
SF,IC2003,2020-01-03 11:24:41.900,5345.6000,53470,0,6593703960.000,0,-,-,-,-,5345.8000,5345.4000,5345.2000,5344.6000,5344.4000,5347.2000,5347.4000,5347.6000,5347.8000,5348.2000,1,2,2,2,1,2,2,1,1,1
SF,IC2003,2020-01-03 11:24:42.900,5345.6000,53470,0,6593703960.000,0,-,-,-,-,5345.8000,5345.4000,5345.2000,5344.6000,5344.4000,5347.2000,5347.4000,5347.6000,5347.8000,5348.2000,1,2,2,2,1,2,2,1,1,1
SF,IC2003,2020-01-03 11:24:43.400,5345.6000,53470,0,6593703960.000,0,-,-,-,-,5345.8000,5345.4000,5345.2000,5344.6000,5344.4000,5347.2000,5347.4000,5347.6000,5347.8000,5348.2000,1,2,2,2,1,2,2,1,1,1
SF,IC2003,2020-01-03 11:24:43.900,5345.6000,53470,0,6593703960.000,0,-,-,-,-,5345.2000,5344.6000,5344.4000,5343.6000,5343.0000,5346.8000,5347.0000,5347.2000,5347.4000,5347.6000,2,2,1,1,2,1,2,2,2,1
SF,IC2003,2020-01-03 11:24:44.400,5345.6000,53470,0,6593703960.000,0,-,-,-,-,5345.2000,5344.6000,5344.4000,5343.6000,5343.0000,5346.6000,5346.8000,5347.0000,5347.4000,5347.6000,2,2,1,1,2,2,2,1,2,1
SF,IC2003,2020-01-03 11:24:44.900,5345.6000,53470,0,6593703960.000,0,-,-,-,-,5345.2000,5344.6000,5344.4000,5343.6000,5343.0000,5346.2000,5346.6000,5346.8000,5347.0000,5347.4000,2,2,1,1,2,1,2,2,1,2
SF,IC2003,2020-01-03 11:24:45.400,5345.2000,53470,0,6594773000.000,1,0,1,空换,B,5345.2000,5344.6000,5343.6000,5343.0000,5342.8000,5346.0000,5346.2000,5346.8000,5347.0000,5347.4000,1,2,1,2,2,2,1,2,1,2
SF,IC2003,2020-01-03 11:24:45.900,5345.2000,53469,-1,6595842040.000,1,0,1,双平,B,5344.6000,5343.6000,5343.0000,5342.8000,5342.6000,5346.0000,5346.2000,5346.8000,5347.0000,5347.4000,2,1,2,2,1,2,1,2,1,2
SF,IC2003,2020-01-03 11:24:46.400,5345.2000,53469,0,6595842040.000,0,-,-,-,-,5344.8000,5344.6000,5343.6000,5343.0000,5342.8000,5346.0000,5346.8000,5347.0000,5347.4000,5347.6000,2,2,1,2,2,2,2,1,2,1
SF,IC2003,2020-01-03 11:24:47.400,5345.2000,53469,0,6595842040.000,0,-,-,-,-,5344.8000,5344.6000,5343.6000,5343.0000,5342.8000,5346.0000,5346.8000,5347.0000,5347.4000,5347.6000,2,2,1,2,2,2,1,1,2,1
SF,IC2003,2020-01-03 11:24:49.400,5345.2000,53469,0,6595842040.000,0,-,-,-,-,5345.0000,5344.8000,5344.6000,5343.6000,5343.0000,5346.0000,5346.8000,5347.0000,5347.4000,5347.6000,1,2,2,1,2,2,1,1,2,1
SF,IC2003,2020-01-03 11:24:49.900,5345.2000,53469,0,6595842040.000,0,-,-,-,-,5345.0000,5344.8000,5344.6000,5343.6000,5343.0000,5346.8000,5347.0000,5347.4000,5347.6000,5348.2000,1,2,2,1,2,1,1,2,1,1
SF,IC2003,2020-01-03 11:24:50.400,5345.2000,53469,0,6595842040.000,0,-,-,-,-,5345.2000,5345.0000,5344.6000,5343.6000,5343.0000,5346.8000,5347.0000,5347.4000,5347.6000,5348.2000,2,1,2,1,2,1,1,2,1,1
SF,IC2003,2020-01-03 11:24:50.900,5345.2000,53469,0,6595842040.000,0,-,-,-,-,5345.2000,5345.0000,5344.6000,5343.6000,5343.0000,5346.6000,5346.8000,5347.0000,5347.4000,5347.6000,2,1,2,1,2,2,1,1,2,1
SF,IC2003,2020-01-03 11:24:51.400,5345.2000,53469,0,6595842040.000,0,-,-,-,-,5345.0000,5344.6000,5343.6000,5343.0000,5342.8000,5346.6000,5346.8000,5347.0000,5347.4000,5347.6000,1,2,1,2,2,2,1,1,2,1
SF,IC2003,2020-01-03 11:24:52.900,5346.6000,53468,-1,6596911360.000,1,0,1,双平,B,5345.0000,5344.6000,5343.6000,5343.0000,5342.8000,5346.6000,5346.8000,5347.0000,5347.4000,5347.6000,1,2,1,2,2,1,1,1,2,1
SF,IC2003,2020-01-03 11:24:53.900,5346.6000,53468,0,6596911360.000,0,-,-,-,-,5345.0000,5344.6000,5343.6000,5343.0000,5342.8000,5346.2000,5346.6000,5346.8000,5347.0000,5347.4000,1,2,1,2,2,1,1,1,1,2
SF,IC2003,2020-01-03 11:24:57.400,5346.6000,53468,0,6596911360.000,0,-,-,-,-,5345.0000,5344.6000,5343.6000,5343.0000,5342.8000,5346.2000,5346.6000,5346.8000,5347.0000,5347.4000,2,2,1,2,2,1,1,1,1,2
SF,IC2003,2020-01-03 11:24:58.400,5346.6000,53468,0,6596911360.000,0,-,-,-,-,5345.0000,5344.6000,5343.6000,5343.0000,5342.8000,5346.2000,5346.6000,5346.8000,5347.0000,5347.4000,2,2,1,2,2,1,1,1,1,2
SF,IC2003,2020-01-03 11:24:59.400,5346.6000,53468,0,6596911360.000,0,-,-,-,-,5345.0000,5344.6000,5343.6000,5343.0000,5342.8000,5346.2000,5346.6000,5346.8000,5347.0000,5347.4000,1,2,1,2,2,1,1,1,1,2
SF,IC2003,2020-01-03 11:24:59.900,5345.0000,53467,-1,6597980360.000,1,0,1,双平,B,5344.6000,5343.6000,5343.0000,5342.8000,5342.6000,5345.2000,5345.4000,5345.8000,5346.0000,5346.2000,2,1,2,2,1,1,1,1,2,1
SF,IC2003,2020-01-03 11:25:00.400,5344.6000,53467,0,6600118200.000,2,1,1,空换,B,5343.6000,5343.0000,5342.8000,5342.6000,5341.8000,5345.0000,5345.8000,5346.0000,5346.2000,5346.8000,1,1,1,1,1,1,1,2,1,1
SF,IC2003,2020-01-03 11:25:00.900,5344.6000,53467,0,6600118200.000,0,-,-,-,-,5343.8000,5343.6000,5343.0000,5342.8000,5342.6000,5345.0000,5345.8000,5346.0000,5346.2000,5346.8000,2,1,1,1,1,1,1,2,1,1
SF,IC2003,2020-01-03 11:25:01.400,5344.6000,53467,0,6600118200.000,0,-,-,-,-,5343.8000,5343.6000,5343.0000,5342.8000,5342.6000,5345.0000,5345.8000,5346.0000,5346.2000,5346.8000,2,1,1,1,1,2,1,2,1,1
SF,IC2003,2020-01-03 11:25:01.900,5343.8000,53467,0,6601186960.000,1,0,1,空换,B,5343.6000,5343.0000,5341.8000,5341.6000,5341.0000,5344.6000,5344.8000,5345.0000,5345.8000,5346.2000,1,1,1,2,2,3,5,2,1,1
SF,IC2003,2020-01-03 11:25:02.400,5343.6000,53466,-1,6602255680.000,1,0,1,双平,B,5343.0000,5341.8000,5341.6000,5341.0000,5340.8000,5344.4000,5344.6000,5344.8000,5345.0000,5345.8000,1,1,2,2,1,2,2,3,2,1
SF,IC2003,2020-01-03 11:25:02.900,5344.4000,53466,0,6603324560.000,1,0,1,空换,B,5343.0000,5341.8000,5341.6000,5341.0000,5340.8000,5344.4000,5344.6000,5344.8000,5345.0000,5345.8000,1,1,2,2,1,1,2,3,1,1
SF,IC2003,2020-01-03 11:25:03.400,5344.4000,53466,0,6603324560.000,0,-,-,-,-,5343.2000,5343.0000,5341.8000,5341.6000,5341.0000,5344.6000,5344.8000,5345.0000,5345.8000,5346.2000,2,1,1,2,2,2,2,1,1,1
SF,IC2003,2020-01-03 11:25:03.900,5344.4000,53466,0,6603324560.000,0,-,-,-,-,5343.6000,5343.2000,5343.0000,5341.8000,5341.6000,5344.6000,5345.0000,5345.8000,5346.2000,5346.8000,1,2,1,1,2,1,1,1,1,1
SF,IC2003,2020-01-03 11:25:07.900,5344.4000,53466,0,6603324560.000,0,-,-,-,-,5343.6000,5343.2000,5343.0000,5341.8000,5341.6000,5345.0000,5345.8000,5346.2000,5346.8000,5347.4000,1,2,1,1,2,1,1,1,1,1
SF,IC2003,2020-01-03 11:25:08.400,5344.4000,53466,0,6603324560.000,0,-,-,-,-,5343.8000,5343.6000,5343.0000,5341.8000,5341.6000,5345.0000,5345.8000,5346.2000,5346.8000,5347.4000,2,1,1,1,2,1,1,1,1,1
SF,IC2003,2020-01-03 11:25:08.900,5344.4000,53466,0,6603324560.000,0,-,-,-,-,5343.8000,5343.6000,5343.0000,5341.8000,5341.6000,5345.0000,5345.8000,5346.2000,5346.8000,5347.4000,2,1,1,1,2,1,1,1,1,1
SF,IC2003,2020-01-03 11:25:09.900,5344.4000,53466,0,6603324560.000,0,-,-,-,-,5343.8000,5343.6000,5343.0000,5341.8000,5341.6000,5345.0000,5345.8000,5346.2000,5346.8000,5347.4000,2,1,1,1,2,2,1,1,1,1
SF,IC2003,2020-01-03 11:25:10.900,5343.8000,53465,-1,6604393320.000,1,0,1,双平,B,5343.8000,5343.6000,5343.0000,5341.8000,5341.6000,5344.6000,5344.8000,5345.0000,5345.8000,5346.2000,1,1,1,1,2,1,1,2,1,1
SF,IC2003,2020-01-03 11:25:11.400,5343.8000,53465,0,6604393320.000,0,-,-,-,-,5343.6000,5343.0000,5341.8000,5341.6000,5341.0000,5344.0000,5344.4000,5344.6000,5344.8000,5345.0000,1,1,1,2,2,1,2,1,1,2
SF,IC2003,2020-01-03 11:25:11.900,5343.8000,53465,0,6604393320.000,0,-,-,-,-,5343.6000,5343.0000,5341.8000,5341.6000,5341.0000,5344.4000,5344.6000,5344.8000,5345.0000,5345.8000,1,1,1,2,2,2,1,1,2,1
SF,IC2003,2020-01-03 11:25:12.400,5343.6000,53464,-1,6605462040.000,1,0,1,双平,B,5343.0000,5341.8000,5341.6000,5341.0000,5340.8000,5343.4000,5343.6000,5344.4000,5344.6000,5344.8000,1,1,2,2,1,1,1,2,1,1
SF,IC2003,2020-01-03 11:25:12.900,5343.6000,53464,0,6605462040.000,0,-,-,-,-,5343.0000,5341.8000,5341.6000,5341.0000,5340.8000,5344.4000,5344.6000,5344.8000,5345.0000,5345.8000,1,1,2,2,1,2,1,1,1,1
SF,IC2003,2020-01-03 11:25:13.400,5343.6000,53464,0,6605462040.000,0,-,-,-,-,5343.0000,5341.8000,5341.6000,5341.0000,5340.8000,5344.4000,5344.6000,5344.8000,5345.0000,5345.8000,1,1,2,2,1,2,1,1,1,1
SF,IC2003,2020-01-03 11:25:13.900,5343.6000,53464,0,6605462040.000,0,-,-,-,-,5343.0000,5341.8000,5341.6000,5341.0000,5340.8000,5344.4000,5344.6000,5344.8000,5345.0000,5345.8000,1,1,2,2,1,2,1,1,1,1
SF,IC2003,2020-01-03 11:25:14.900,5343.6000,53464,0,6605462040.000,0,-,-,-,-,5343.0000,5341.8000,5341.6000,5341.0000,5340.8000,5344.0000,5344.2000,5344.4000,5344.6000,5344.8000,1,1,2,2,1,1,1,2,1,1
SF,IC2003,2020-01-03 11:25:16.400,5343.6000,53464,0,6605462040.000,0,-,-,-,-,5343.0000,5341.8000,5341.6000,5341.0000,5340.8000,5344.0000,5344.2000,5344.4000,5344.6000,5344.8000,1,1,2,2,1,1,1,2,1,1
SF,IC2003,2020-01-03 11:25:19.400,5343.0000,53465,1,6606530640.000,1,1,0,双开,B,5341.8000,5341.6000,5341.0000,5340.8000,5340.6000,5343.0000,5344.0000,5344.2000,5344.4000,5344.6000,1,2,2,1,5,1,1,1,2,1
SF,IC2003,2020-01-03 11:25:19.900,5344.0000,53465,0,6608668040.000,2,1,1,空换,B,5343.0000,5342.0000,5341.8000,5341.6000,5341.0000,5344.2000,5344.4000,5344.6000,5344.8000,5345.0000,1,2,1,2,2,1,2,1,1,1
SF,IC2003,2020-01-03 11:25:20.400,5344.0000,53465,0,6608668040.000,0,-,-,-,-,5343.0000,5342.0000,5341.8000,5341.6000,5341.0000,5344.0000,5344.2000,5344.6000,5344.8000,5345.0000,1,2,1,2,2,2,1,1,1,1
SF,IC2003,2020-01-03 11:25:23.400,5343.0000,53465,0,6609736640.000,1,0,1,空换,B,5342.0000,5341.8000,5341.6000,5341.0000,5340.8000,5344.0000,5344.2000,5344.6000,5344.8000,5345.0000,2,1,2,2,1,2,1,1,1,1
SF,IC2003,2020-01-03 11:25:23.900,5343.0000,53465,0,6609736640.000,0,-,-,-,-,5342.4000,5342.2000,5342.0000,5341.8000,5341.6000,5344.0000,5344.2000,5344.6000,5344.8000,5345.0000,1,3,2,1,2,2,1,1,1,1
SF,IC2003,2020-01-03 11:25:24.400,5343.0000,53465,0,6609736640.000,0,-,-,-,-,5342.6000,5342.4000,5342.2000,5341.8000,5341.6000,5344.0000,5344.2000,5344.6000,5344.8000,5345.0000,2,1,1,1,2,2,1,1,1,1
SF,IC2003,2020-01-03 11:25:24.900,5343.0000,53465,0,6609736640.000,0,-,-,-,-,5342.8000,5342.6000,5342.4000,5342.2000,5341.8000,5344.6000,5344.8000,5345.0000,5345.8000,5346.2000,1,2,1,1,1,1,1,1,1,1
SF,IC2003,2020-01-03 11:25:25.400,5343.0000,53465,0,6609736640.000,0,-,-,-,-,5343.2000,5343.0000,5342.8000,5341.8000,5341.6000,5344.6000,5344.8000,5345.0000,5345.8000,5346.2000,3,4,1,1,2,1,1,1,1,1
SF,IC2003,2020-01-03 11:25:25.900,5344.8000,53466,1,6611874520.000,2,1,1,多开,B,5344.6000,5344.4000,5344.0000,5343.6000,5343.4000,5345.0000,5345.8000,5346.2000,5346.8000,5347.4000,6,1,1,1,3,1,1,1,1,1
SF,IC2003,2020-01-03 11:25:26.400,5345.0000,53466,0,6612943520.000,1,0,1,空换,B,5345.2000,5345.0000,5344.0000,5343.4000,5343.0000,5345.8000,5346.2000,5346.8000,5347.4000,5347.6000,1,2,1,3,1,1,1,1,1,1
SF,IC2003,2020-01-03 11:25:26.900,5345.0000,53465,-1,6616150560.000,3,1,2,空平,B,5343.4000,5343.0000,5341.8000,5341.6000,5341.0000,5345.6000,5345.8000,5346.2000,5346.8000,5347.4000,3,1,1,2,2,1,1,1,1,1
SF,IC2003,2020-01-03 11:25:27.400,5345.0000,53465,0,6616150560.000,0,-,-,-,-,5344.0000,5343.8000,5343.6000,5343.4000,5343.0000,5345.4000,5345.6000,5345.8000,5346.2000,5346.8000,2,2,1,3,1,2,1,1,1,1
SF,IC2003,2020-01-03 11:25:27.900,5345.0000,53465,0,6616150560.000,0,-,-,-,-,5344.0000,5343.4000,5343.0000,5341.8000,5341.6000,5345.4000,5345.8000,5346.2000,5346.8000,5347.4000,2,3,1,1,2,2,1,1,1,1
SF,IC2003,2020-01-03 11:25:28.400,5345.0000,53465,0,6616150560.000,0,-,-,-,-,5344.2000,5344.0000,5343.4000,5343.0000,5341.8000,5345.2000,5345.4000,5345.8000,5346.2000,5346.8000,2,2,1,1,1,1,2,1,1,1
SF,IC2003,2020-01-03 11:25:28.900,5344.2000,53465,0,6617219400.000,1,0,1,空换,B,5344.2000,5344.0000,5343.0000,5341.8000,5341.6000,5345.2000,5345.4000,5345.8000,5346.2000,5346.8000,1,2,1,1,2,1,2,1,1,1
SF,IC2003,2020-01-03 11:25:29.400,5344.2000,53465,0,6617219400.000,0,-,-,-,-,5344.0000,5343.0000,5341.8000,5341.6000,5341.0000,5345.0000,5345.8000,5346.2000,5346.8000,5347.4000,2,1,1,2,2,2,1,1,1,1
SF,IC2003,2020-01-03 11:25:29.900,5344.0000,53466,1,6618288200.000,1,1,0,双开,B,5341.8000,5341.6000,5341.0000,5340.8000,5340.6000,5345.0000,5345.8000,5346.2000,5346.8000,5347.4000,1,2,2,1,5,2,1,1,1,1
SF,IC2003,2020-01-03 11:25:30.400,5344.0000,53466,0,6618288200.000,0,-,-,-,-,5344.0000,5343.8000,5342.6000,5342.2000,5342.0000,5344.8000,5345.0000,5345.8000,5346.2000,5346.8000,3,1,3,5,8,2,2,1,1,1
SF,IC2003,2020-01-03 11:25:30.900,5342.6000,53466,0,6619356720.000,1,0,1,空换,B,5342.2000,5342.0000,5341.8000,5341.6000,5341.0000,5344.8000,5345.0000,5345.8000,5346.2000,5346.8000,3,7,1,2,2,1,2,1,1,1
SF,IC2003,2020-01-03 11:25:31.400,5342.6000,53466,0,6619356720.000,0,-,-,-,-,5342.6000,5342.4000,5342.2000,5342.0000,5341.8000,5344.8000,5345.8000,5346.2000,5346.8000,5347.4000,3,3,1,4,1,1,1,1,1,1
SF,IC2003,2020-01-03 11:25:31.900,5342.6000,53466,0,6619356720.000,0,-,-,-,-,5343.0000,5342.8000,5342.6000,5342.4000,5342.2000,5344.8000,5345.8000,5346.2000,5346.8000,5347.4000,2,2,1,1,1,1,1,1,1,1
SF,IC2003,2020-01-03 11:25:32.400,5342.6000,53466,0,6619356720.000,0,-,-,-,-,5343.4000,5343.2000,5342.6000,5342.4000,5342.2000,5345.8000,5346.2000,5346.8000,5347.4000,5347.6000,2,2,1,1,1,1,1,1,1,1
SF,IC2003,2020-01-03 11:25:32.900,5342.6000,53466,0,6619356720.000,0,-,-,-,-,5343.6000,5342.6000,5342.4000,5342.2000,5342.0000,5345.2000,5345.6000,5345.8000,5346.2000,5346.8000,2,1,1,1,4,1,2,1,1,1
SF,IC2003,2020-01-03 11:25:33.400,5342.6000,53466,0,6619356720.000,0,-,-,-,-,5343.6000,5342.4000,5342.0000,5341.8000,5341.6000,5345.0000,5345.2000,5345.6000,5345.8000,5346.2000,2,1,4,1,2,2,1,1,1,1
SF,IC2003,2020-01-03 11:25:34.400,5342.6000,53466,0,6619356720.000,0,-,-,-,-,5343.6000,5342.4000,5342.0000,5341.8000,5341.6000,5344.8000,5345.0000,5345.2000,5345.6000,5345.8000,2,1,4,1,2,1,2,1,1,1
SF,IC2003,2020-01-03 11:25:34.900,5342.6000,53466,0,6619356720.000,0,-,-,-,-,5343.8000,5343.6000,5342.4000,5342.0000,5341.8000,5344.8000,5345.0000,5345.2000,5345.6000,5345.8000,1,2,1,4,1,1,2,1,1,1
SF,IC2003,2020-01-03 11:25:35.400,5342.6000,53466,0,6619356720.000,0,-,-,-,-,5343.8000,5343.6000,5342.6000,5342.4000,5342.0000,5345.0000,5345.2000,5345.6000,5345.8000,5346.2000,1,2,1,1,4,2,1,1,1,1
SF,IC2003,2020-01-03 11:25:37.400,5342.6000,53466,0,6619356720.000,0,-,-,-,-,5343.8000,5343.6000,5342.6000,5342.4000,5342.0000,5344.8000,5345.0000,5345.2000,5345.6000,5345.8000,1,2,1,1,4,1,2,1,1,1
SF,IC2003,2020-01-03 11:25:37.900,5342.6000,53466,0,6619356720.000,0,-,-,-,-,5343.8000,5342.6000,5342.4000,5342.0000,5341.8000,5344.6000,5344.8000,5345.2000,5345.6000,5345.8000,1,1,1,4,1,2,1,1,1,1
SF,IC2003,2020-01-03 11:25:38.400,5342.6000,53466,0,6619356720.000,0,-,-,-,-,5343.8000,5342.6000,5342.4000,5342.0000,5341.8000,5344.6000,5344.8000,5345.6000,5345.8000,5346.2000,1,1,1,4,1,2,1,1,1,1
SF,IC2003,2020-01-03 11:25:40.400,5342.6000,53466,0,6619356720.000,0,-,-,-,-,5343.8000,5342.6000,5342.4000,5342.0000,5341.8000,5344.6000,5345.6000,5345.8000,5346.2000,5346.8000,1,1,1,4,1,2,1,1,1,1
SF,IC2003,2020-01-03 11:25:42.400,5342.6000,53466,0,6619356720.000,0,-,-,-,-,5343.8000,5342.6000,5342.4000,5342.2000,5342.0000,5344.6000,5345.6000,5345.8000,5346.2000,5346.8000,1,1,1,1,4,2,1,1,1,1
SF,IC2003,2020-01-03 11:25:42.900,5343.8000,53466,0,6620425480.000,1,0,1,空换,B,5342.6000,5342.4000,5342.2000,5342.0000,5341.8000,5343.8000,5344.6000,5345.6000,5345.8000,5346.2000,1,1,1,4,1,2,2,1,1,1
SF,IC2003,2020-01-03 11:25:43.400,5343.8000,53466,0,6620425480.000,0,-,-,-,-,5342.8000,5342.6000,5342.4000,5342.2000,5342.0000,5343.8000,5344.6000,5345.6000,5345.8000,5346.2000,2,1,1,1,3,2,2,1,1,1
SF,IC2003,2020-01-03 11:25:43.900,5343.8000,53466,0,6620425480.000,0,-,-,-,-,5342.6000,5342.4000,5342.2000,5342.0000,5341.8000,5343.8000,5344.6000,5345.8000,5346.2000,5346.8000,1,1,1,1,1,2,2,1,1,1
SF,IC2003,2020-01-03 11:25:44.900,5343.8000,53466,0,6620425480.000,0,-,-,-,-,5342.6000,5342.2000,5342.0000,5341.8000,5341.6000,5343.8000,5344.6000,5345.8000,5346.2000,5346.8000,1,1,1,1,2,2,2,1,1,1
SF,IC2003,2020-01-03 11:25:45.900,5343.8000,53466,0,6621494240.000,1,0,1,空换,B,5342.6000,5342.2000,5342.0000,5341.8000,5341.6000,5343.8000,5344.6000,5345.8000,5346.2000,5346.8000,1,1,1,1,2,1,2,1,1,1
SF,IC2003,2020-01-03 11:25:46.900,5343.8000,53466,0,6622563000.000,1,0,1,空换,B,5342.6000,5342.2000,5342.0000,5341.8000,5341.6000,5344.6000,5345.8000,5346.2000,5346.8000,5347.4000,1,1,1,1,2,2,1,1,1,1
SF,IC2003,2020-01-03 11:25:47.400,5343.8000,53466,0,6622563000.000,0,-,-,-,-,5342.8000,5342.6000,5342.2000,5342.0000,5341.8000,5343.2000,5344.2000,5344.6000,5345.8000,5346.2000,2,1,1,1,1,1,1,2,1,1
SF,IC2003,2020-01-03 11:25:47.900,5343.2000,53466,0,6623631640.000,1,0,1,空换,B,5343.2000,5342.8000,5342.6000,5342.2000,5342.0000,5344.2000,5344.6000,5345.8000,5346.2000,5346.8000,1,3,1,1,1,1,2,1,1,1
SF,IC2003,2020-01-03 11:25:48.900,5343.2000,53466,0,6623631640.000,0,-,-,-,-,5343.2000,5342.8000,5342.2000,5342.0000,5341.8000,5344.2000,5344.6000,5345.8000,5346.2000,5346.8000,1,3,1,1,1,1,2,1,1,1
SF,IC2003,2020-01-03 11:25:50.400,5342.8000,53465,-1,6625768840.000,2,0,2,空平,B,5342.8000,5342.2000,5342.0000,5341.8000,5341.6000,5344.0000,5344.2000,5344.6000,5345.8000,5346.2000,2,1,1,1,2,1,1,2,1,1
SF,IC2003,2020-01-03 11:25:50.900,5342.8000,53465,0,6625768840.000,0,-,-,-,-,5342.2000,5342.0000,5341.8000,5341.6000,5341.0000,5343.8000,5344.0000,5344.2000,5345.8000,5346.2000,1,1,1,2,2,2,1,1,1,1
SF,IC2003,2020-01-03 11:25:51.400,5342.2000,53465,0,6626837280.000,1,0,1,空换,B,5342.0000,5341.8000,5341.6000,5341.0000,5340.8000,5343.8000,5344.0000,5344.2000,5345.8000,5346.2000,1,1,2,2,1,2,1,1,1,1
SF,IC2003,2020-01-03 11:25:52.400,5342.2000,53465,0,6626837280.000,0,-,-,-,-,5342.4000,5342.0000,5341.8000,5341.6000,5341.0000,5343.8000,5344.0000,5344.2000,5345.8000,5346.2000,2,1,1,2,2,2,1,1,1,1
SF,IC2003,2020-01-03 11:25:52.900,5342.2000,53465,0,6626837280.000,0,-,-,-,-,5342.0000,5341.8000,5341.6000,5341.0000,5340.8000,5343.8000,5344.0000,5344.2000,5345.8000,5346.2000,1,1,2,2,1,2,1,1,1,1
SF,IC2003,2020-01-03 11:25:53.400,5342.2000,53465,0,6626837280.000,0,-,-,-,-,5342.2000,5342.0000,5341.8000,5341.6000,5341.0000,5343.8000,5344.0000,5344.2000,5345.8000,5346.2000,2,1,1,2,2,2,1,1,1,1
SF,IC2003,2020-01-03 11:25:54.400,5342.2000,53465,0,6626837280.000,0,-,-,-,-,5342.4000,5342.2000,5342.0000,5341.8000,5341.6000,5343.8000,5344.0000,5344.2000,5345.8000,5346.2000,1,2,1,1,2,2,1,1,1,1
SF,IC2003,2020-01-03 11:25:54.900,5342.2000,53465,0,6626837280.000,0,-,-,-,-,5342.4000,5342.2000,5342.0000,5341.8000,5341.6000,5343.8000,5344.0000,5344.2000,5345.8000,5346.2000,1,2,1,1,2,2,1,1,1,1
SF,IC2003,2020-01-03 11:25:55.900,5342.2000,53465,0,6626837280.000,0,-,-,-,-,5342.4000,5342.2000,5342.0000,5341.8000,5341.6000,5343.8000,5344.0000,5344.2000,5345.8000,5346.2000,2,2,1,1,2,2,1,1,1,1
SF,IC2003,2020-01-03 11:25:57.400,5342.2000,53465,0,6626837280.000,0,-,-,-,-,5342.4000,5342.2000,5342.0000,5341.8000,5341.6000,5343.8000,5344.2000,5345.8000,5346.2000,5346.8000,2,2,1,1,2,2,1,1,1,1
SF,IC2003,2020-01-03 11:25:57.900,5342.2000,53465,0,6626837280.000,0,-,-,-,-,5342.6000,5342.4000,5342.0000,5341.8000,5341.6000,5343.8000,5344.2000,5345.8000,5346.2000,5346.8000,3,2,1,1,2,2,1,1,1,1
SF,IC2003,2020-01-03 11:25:58.400,5342.2000,53465,0,6626837280.000,0,-,-,-,-,5342.6000,5342.4000,5341.8000,5341.6000,5341.0000,5344.2000,5345.8000,5346.2000,5346.8000,5347.4000,3,1,1,2,1,1,1,1,1,1
SF,IC2003,2020-01-03 11:25:58.900,5342.2000,53465,0,6626837280.000,0,-,-,-,-,5342.8000,5342.6000,5342.4000,5341.8000,5341.6000,5344.2000,5345.8000,5346.2000,5346.8000,5347.4000,1,3,1,1,2,1,1,1,1,1
SF,IC2003,2020-01-03 11:25:59.400,5342.2000,53465,0,6626837280.000,0,-,-,-,-,5342.8000,5342.6000,5341.8000,5341.6000,5341.0000,5344.2000,5345.8000,5346.2000,5346.8000,5347.4000,2,3,1,2,1,1,1,1,1,1
SF,IC2003,2020-01-03 11:25:59.900,5342.2000,53465,0,6626837280.000,0,-,-,-,-,5343.0000,5342.8000,5342.6000,5341.8000,5341.6000,5344.2000,5345.8000,5346.2000,5346.8000,5347.4000,2,2,1,1,2,1,1,1,1,1
SF,IC2003,2020-01-03 11:26:00.900,5342.2000,53465,0,6626837280.000,0,-,-,-,-,5343.0000,5342.8000,5342.6000,5341.8000,5341.6000,5344.2000,5345.8000,5346.2000,5346.8000,5347.4000,2,1,1,1,2,1,1,1,1,1
SF,IC2003,2020-01-03 11:26:01.400,5342.2000,53465,0,6626837280.000,0,-,-,-,-,5343.2000,5343.0000,5342.8000,5341.8000,5341.6000,5344.2000,5345.8000,5346.2000,5346.8000,5347.4000,1,2,1,1,2,1,1,1,1,1
SF,IC2003,2020-01-03 11:26:01.900,5342.8000,53465,0,6628974480.000,2,1,1,空换,B,5341.8000,5341.6000,5341.0000,5340.8000,5340.6000,5343.2000,5344.0000,5344.2000,5345.8000,5346.2000,1,2,1,1,5,1,3,1,1,1
SF,IC2003,2020-01-03 11:26:02.400,5342.8000,53465,0,6628974480.000,0,-,-,-,-,5342.0000,5341.8000,5341.6000,5341.0000,5340.8000,5343.2000,5344.0000,5345.8000,5346.2000,5346.8000,3,1,2,1,1,1,3,1,1,1
SF,IC2003,2020-01-03 11:26:02.900,5342.8000,53465,0,6628974480.000,0,-,-,-,-,5341.8000,5341.6000,5341.0000,5340.8000,5340.6000,5343.0000,5343.2000,5345.8000,5346.2000,5346.8000,1,2,1,1,5,2,2,1,1,1
SF,IC2003,2020-01-03 11:26:03.400,5342.8000,53465,0,6628974480.000,0,-,-,-,-,5341.8000,5341.6000,5341.0000,5340.8000,5340.6000,5342.8000,5343.0000,5343.2000,5345.8000,5346.2000,1,2,1,1,5,1,2,1,1,1
SF,IC2003,2020-01-03 11:26:03.900,5342.8000,53465,0,6628974480.000,0,-,-,-,-,5341.8000,5341.6000,5341.0000,5340.8000,5340.6000,5342.6000,5342.8000,5343.2000,5345.8000,5346.2000,1,2,1,1,5,2,1,1,1,1
SF,IC2003,2020-01-03 11:26:04.400,5341.8000,53465,0,6630042840.000,1,0,1,空换,B,5341.6000,5341.0000,5340.8000,5340.6000,5340.4000,5342.6000,5342.8000,5343.2000,5345.8000,5346.2000,2,1,1,5,3,2,1,1,1,1
SF,IC2003,2020-01-03 11:26:04.900,5341.6000,53464,-1,6631111160.000,1,0,1,双平,B,5341.6000,5341.0000,5340.8000,5340.6000,5340.4000,5342.6000,5342.8000,5343.2000,5345.8000,5346.2000,1,1,1,5,3,2,1,1,1,1
SF,IC2003,2020-01-03 11:26:05.400,5341.6000,53465,1,6632179480.000,1,1,0,双开,B,5341.0000,5340.8000,5340.6000,5340.4000,5340.2000,5342.6000,5342.8000,5343.2000,5345.8000,5346.2000,1,1,5,3,3,2,1,1,1,1
SF,IC2003,2020-01-03 11:26:05.900,5341.6000,53465,0,6632179480.000,0,-,-,-,-,5341.0000,5340.8000,5340.6000,5340.4000,5340.2000,5342.4000,5342.6000,5343.2000,5345.8000,5346.2000,1,1,5,3,3,1,2,1,1,1
SF,IC2003,2020-01-03 11:26:06.400,5341.6000,53465,0,6632179480.000,0,-,-,-,-,5341.0000,5340.8000,5340.6000,5340.4000,5340.2000,5342.2000,5342.4000,5343.2000,5345.8000,5346.2000,1,1,5,3,3,2,1,1,1,1
SF,IC2003,2020-01-03 11:26:06.900,5341.6000,53465,0,6632179480.000,0,-,-,-,-,5341.0000,5340.8000,5340.6000,5340.4000,5340.2000,5341.6000,5342.2000,5342.4000,5343.2000,5345.8000,1,1,5,3,3,1,2,1,1,1
SF,IC2003,2020-01-03 11:26:07.400,5340.8000,53465,0,6635384160.000,3,1,2,空换,B,5340.6000,5340.4000,5340.2000,5340.0000,5339.4000,5342.2000,5342.4000,5343.2000,5345.8000,5346.2000,5,3,3,13,1,2,1,1,1,1
SF,IC2003,2020-01-03 11:26:07.900,5340.8000,53465,0,6635384160.000,0,-,-,-,-,5340.6000,5340.4000,5340.2000,5340.0000,5339.4000,5342.0000,5342.2000,5342.4000,5343.2000,5345.8000,5,3,3,13,1,1,2,1,1,1
SF,IC2003,2020-01-03 11:26:08.400,5340.8000,53465,0,6635384160.000,0,-,-,-,-,5340.6000,5340.4000,5340.2000,5340.0000,5339.4000,5341.8000,5342.0000,5343.2000,5345.8000,5346.2000,5,3,3,13,1,3,2,1,1,1
SF,IC2003,2020-01-03 11:26:08.900,5340.6000,53464,-1,6636452280.000,1,0,1,双平,B,5340.6000,5340.4000,5340.2000,5340.0000,5339.4000,5341.4000,5341.6000,5341.8000,5342.0000,5343.2000,4,3,3,13,1,1,1,3,1,1
SF,IC2003,2020-01-03 11:26:09.400,5340.4000,53461,-3,6643929000.000,7,2,5,空平,B,5340.2000,5340.0000,5339.4000,5339.0000,5338.8000,5340.6000,5341.2000,5341.4000,5341.6000,5341.8000,3,13,1,3,5,1,2,1,1,1
SF,IC2003,2020-01-03 11:26:09.900,5340.0000,53462,1,6651405120.000,7,4,3,多开,B,5340.0000,5339.0000,5338.8000,5338.0000,5337.4000,5340.2000,5340.4000,5341.4000,5341.6000,5341.8000,9,3,5,6,1,1,2,1,1,1
SF,IC2003,2020-01-03 11:26:10.400,5339.6000,53470,8,6665288440.000,13,10,3,多开,B,5338.8000,5338.0000,5337.4000,5337.0000,5336.4000,5339.8000,5340.0000,5341.4000,5341.6000,5341.8000,5,6,1,7,1,2,8,1,1,1
SF,IC2003,2020-01-03 11:26:10.900,5338.8000,53471,1,6670627240.000,5,3,2,多开,B,5338.0000,5337.4000,5337.0000,5336.6000,5336.4000,5338.8000,5339.4000,5339.6000,5340.0000,5341.4000,6,1,7,2,1,3,1,1,7,1
SF,IC2003,2020-01-03 11:26:11.400,5338.8000,53469,-2,6675966040.000,5,1,4,空平,B,5338.0000,5337.4000,5337.0000,5336.6000,5336.4000,5338.8000,5339.4000,5339.6000,5340.0000,5341.4000,7,1,7,2,1,2,1,1,6,1
SF,IC2003,2020-01-03 11:26:11.900,5338.8000,53466,-3,6679169320.000,3,0,3,双平,B,5338.0000,5337.4000,5337.0000,5336.6000,5336.4000,5339.4000,5339.6000,5340.0000,5341.4000,5341.8000,7,1,7,2,1,1,1,6,1,3
SF,IC2003,2020-01-03 11:26:12.400,5338.8000,53466,0,6679169320.000,0,-,-,-,-,5338.0000,5337.4000,5337.0000,5336.6000,5336.4000,5338.8000,5339.0000,5339.2000,5339.4000,5340.0000,7,1,7,2,1,1,1,2,2,6
SF,IC2003,2020-01-03 11:26:12.900,5338.8000,53466,0,6679169320.000,0,-,-,-,-,5338.0000,5337.4000,5337.0000,5336.6000,5336.4000,5338.6000,5338.8000,5339.0000,5339.2000,5339.4000,7,1,7,2,1,1,1,1,2,2
SF,IC2003,2020-01-03 11:26:13.400,5338.6000,53465,-1,6680237040.000,1,0,1,双平,B,5338.0000,5337.4000,5337.0000,5336.6000,5336.4000,5338.8000,5339.0000,5339.2000,5339.4000,5340.0000,7,1,7,2,1,1,1,2,2,6
SF,IC2003,2020-01-03 11:26:13.900,5338.8000,53465,0,6681304800.000,1,0,1,空换,B,5338.0000,5337.4000,5337.0000,5336.6000,5336.4000,5339.0000,5339.2000,5339.4000,5340.0000,5341.8000,7,1,7,2,1,1,2,2,6,3
SF,IC2003,2020-01-03 11:26:14.400,5338.0000,53464,-1,6682372400.000,1,0,1,双平,B,5338.0000,5337.4000,5337.0000,5336.6000,5336.4000,5338.8000,5339.0000,5339.4000,5340.0000,5341.8000,6,1,7,2,1,2,1,2,6,3
SF,IC2003,2020-01-03 11:26:14.900,5338.8000,53463,-1,6684507920.000,2,0,2,空平,B,5338.0000,5337.4000,5337.0000,5336.6000,5336.4000,5338.8000,5339.0000,5339.4000,5340.0000,5341.8000,6,1,7,2,1,1,1,1,6,3
SF,IC2003,2020-01-03 11:26:15.400,5338.8000,53463,0,6686643440.000,2,1,1,空换,B,5338.2000,5338.0000,5337.4000,5337.0000,5336.6000,5339.4000,5340.0000,5341.8000,5342.0000,5342.8000,3,6,1,7,2,1,6,3,1,1
SF,IC2003,2020-01-03 11:26:15.900,5339.4000,53463,0,6687711320.000,1,0,1,空换,B,5338.6000,5338.4000,5338.2000,5338.0000,5337.4000,5340.0000,5341.8000,5342.0000,5342.8000,5347.6000,1,2,3,6,1,6,3,1,1,6
SF,IC2003,2020-01-03 11:26:16.400,5339.4000,53463,0,6687711320.000,0,-,-,-,-,5338.8000,5338.6000,5338.4000,5338.2000,5338.0000,5340.0000,5341.8000,5342.0000,5342.8000,5347.6000,2,1,2,1,5,5,3,1,1,6
SF,IC2003,2020-01-03 11:26:16.900,5339.4000,53463,0,6687711320.000,0,-,-,-,-,5338.8000,5338.6000,5338.4000,5338.2000,5338.0000,5339.8000,5340.0000,5341.8000,5342.0000,5342.8000,1,1,2,1,5,2,5,3,1,1
SF,IC2003,2020-01-03 11:26:17.900,5339.4000,53463,0,6687711320.000,0,-,-,-,-,5339.0000,5338.8000,5338.2000,5338.0000,5337.4000,5339.8000,5340.0000,5341.8000,5342.0000,5342.8000,1,1,1,5,1,2,5,3,1,1
SF,IC2003,2020-01-03 11:26:18.400,5339.0000,53463,0,6688779120.000,1,0,1,空换,B,5338.8000,5338.2000,5338.0000,5337.4000,5337.0000,5339.0000,5340.0000,5341.8000,5342.0000,5342.8000,1,1,5,1,7,2,3,3,1,1
SF,IC2003,2020-01-03 11:26:18.900,5339.0000,53461,-2,6690914720.000,2,0,2,双平,B,5339.0000,5338.8000,5338.2000,5338.0000,5337.4000,5340.0000,5341.8000,5342.0000,5347.6000,5348.6000,3,1,1,5,1,3,3,1,6,3
SF,IC2003,2020-01-03 11:26:19.400,5339.0000,53461,0,6690914720.000,0,-,-,-,-,5339.0000,5338.8000,5338.2000,5338.0000,5337.4000,5339.8000,5340.0000,5341.8000,5342.0000,5347.6000,1,1,1,5,1,2,3,3,1,6
SF,IC2003,2020-01-03 11:26:19.900,5339.0000,53461,0,6691982520.000,1,0,1,空换,B,5338.8000,5338.0000,5337.4000,5337.0000,5336.6000,5339.8000,5340.0000,5341.8000,5342.0000,5347.6000,1,5,1,7,2,2,3,3,1,6
SF,IC2003,2020-01-03 11:26:21.400,5338.8000,53460,-1,6693050280.000,1,0,1,双平,B,5338.0000,5337.4000,5337.0000,5336.6000,5336.4000,5339.4000,5339.8000,5340.0000,5341.8000,5342.0000,5,1,7,2,1,2,2,3,3,1
SF,IC2003,2020-01-03 11:26:21.900,5338.8000,53460,0,6693050280.000,0,-,-,-,-,5338.0000,5337.4000,5337.0000,5336.6000,5336.4000,5339.2000,5339.4000,5340.0000,5341.8000,5342.0000,6,1,7,2,1,3,2,3,2,1
SF,IC2003,2020-01-03 11:26:22.900,5338.8000,53460,0,6693050280.000,0,-,-,-,-,5338.0000,5337.4000,5337.0000,5336.6000,5336.4000,5338.8000,5339.0000,5339.2000,5339.4000,5340.0000,6,1,7,2,1,1,1,3,2,3
SF,IC2003,2020-01-03 11:26:23.400,5338.8000,53461,1,6694118040.000,1,1,0,双开,B,5338.2000,5338.0000,5337.4000,5337.0000,5336.6000,5338.6000,5339.2000,5339.4000,5340.0000,5341.8000,3,6,1,7,2,10,1,1,3,2
SF,IC2003,2020-01-03 11:26:23.900,5338.8000,53461,0,6694118040.000,0,-,-,-,-,5338.2000,5338.0000,5337.4000,5337.0000,5336.6000,5338.6000,5339.2000,5339.4000,5340.0000,5341.8000,2,6,1,7,2,10,1,1,3,2
SF,IC2003,2020-01-03 11:26:24.400,5338.6000,53461,0,6697321120.000,3,1,2,空换,B,5338.2000,5338.0000,5337.4000,5337.0000,5336.6000,5338.6000,5339.2000,5339.4000,5340.0000,5341.8000,1,6,1,7,2,8,1,1,3,2
SF,IC2003,2020-01-03 11:26:24.900,5338.6000,53461,0,6697321120.000,0,-,-,-,-,5338.0000,5337.4000,5337.0000,5336.6000,5336.4000,5338.2000,5338.6000,5339.2000,5339.4000,5340.0000,6,1,7,2,1,1,8,1,1,3
SF,IC2003,2020-01-03 11:26:25.400,5338.2000,53460,-1,6698388760.000,1,0,1,双平,B,5338.0000,5337.4000,5337.0000,5336.6000,5336.4000,5338.2000,5338.6000,5339.2000,5339.4000,5340.0000,6,1,7,2,1,1,8,1,1,3
SF,IC2003,2020-01-03 11:26:25.900,5338.2000,53460,0,6700524040.000,2,1,1,空换,B,5338.2000,5338.0000,5337.4000,5337.0000,5336.6000,5338.6000,5339.2000,5339.4000,5340.0000,5341.8000,1,6,1,7,2,8,1,1,3,2
SF,IC2003,2020-01-03 11:26:26.400,5338.6000,53458,-2,6709065800.000,8,3,5,空平,B,5338.0000,5337.4000,5337.0000,5336.6000,5336.4000,5338.2000,5338.8000,5339.2000,5339.4000,5340.0000,6,1,7,2,1,1,3,1,1,3
SF,IC2003,2020-01-03 11:26:26.900,5338.2000,53457,-1,6710133440.000,1,0,1,双平,B,5338.6000,5338.4000,5338.2000,5338.0000,5337.4000,5338.8000,5339.2000,5339.4000,5339.8000,5340.0000,1,2,11,6,1,3,1,1,1,3
SF,IC2003,2020-01-03 11:26:27.400,5338.8000,53458,1,6715472320.000,5,3,2,多开,B,5338.8000,5338.6000,5338.4000,5338.2000,5338.0000,5339.8000,5340.0000,5341.8000,5342.0000,5347.6000,1,1,1,6,5,1,3,2,1,6
SF,IC2003,2020-01-03 11:26:27.900,5340.0000,53458,0,6717608280.000,2,1,1,空换,B,5339.0000,5338.8000,5338.2000,5338.0000,5337.4000,5340.0000,5341.8000,5342.0000,5347.6000,5348.6000,1,2,5,5,1,2,2,1,6,3
SF,IC2003,2020-01-03 11:26:28.400,5339.6000,53459,1,6718676200.000,1,1,0,双开,B,5339.8000,5339.2000,5338.8000,5338.2000,5338.0000,5340.0000,5341.8000,5342.0000,5347.6000,5348.6000,1,2,2,5,5,2,2,1,1,3
SF,IC2003,2020-01-03 11:26:28.900,5339.8000,53457,-2,6722948120.000,4,1,3,空平,B,5338.2000,5338.0000,5337.4000,5337.0000,5336.6000,5341.8000,5342.0000,5347.6000,5348.6000,5350.0000,4,5,1,7,2,2,1,1,3,3
SF,IC2003,2020-01-03 11:26:29.400,5339.8000,53457,0,6722948120.000,0,-,-,-,-,5339.0000,5338.6000,5338.4000,5338.2000,5338.0000,5341.0000,5341.4000,5341.8000,5342.0000,5344.4000,1,2,7,5,5,1,4,2,1,3
SF,IC2003,2020-01-03 11:26:29.900,5339.8000,53457,0,6722948120.000,0,-,-,-,-,5339.4000,5339.2000,5339.0000,5338.6000,5338.4000,5341.0000,5341.4000,5341.8000,5342.0000,5344.4000,1,4,2,1,1,1,1,2,1,3
SF,IC2003,2020-01-03 11:26:30.400,5339.8000,53457,0,6722948120.000,0,-,-,-,-,5339.4000,5339.0000,5338.6000,5338.4000,5338.2000,5340.8000,5341.0000,5341.8000,5342.0000,5344.4000,2,1,1,1,4,2,1,2,1,3
SF,IC2003,2020-01-03 11:26:30.900,5339.8000,53457,0,6722948120.000,0,-,-,-,-,5339.4000,5339.0000,5338.4000,5338.2000,5338.0000,5340.6000,5340.8000,5341.0000,5341.8000,5342.0000,2,1,1,4,5,2,2,1,2,1
SF,IC2003,2020-01-03 11:26:31.400,5339.8000,53457,0,6722948120.000,0,-,-,-,-,5339.4000,5338.4000,5338.2000,5338.0000,5337.4000,5340.4000,5340.6000,5341.8000,5342.0000,5344.4000,2,1,4,5,1,3,2,2,1,3
SF,IC2003,2020-01-03 11:26:31.900,5339.8000,53457,0,6722948120.000,0,-,-,-,-,5339.4000,5338.2000,5338.0000,5337.4000,5337.0000,5340.4000,5340.6000,5341.8000,5342.0000,5344.4000,2,2,5,1,7,3,2,2,1,3
SF,IC2003,2020-01-03 11:26:32.900,5339.8000,53457,0,6722948120.000,0,-,-,-,-,5339.4000,5338.2000,5338.0000,5337.4000,5337.0000,5340.4000,5340.6000,5341.8000,5342.0000,5344.4000,2,1,5,1,7,3,2,2,1,3
SF,IC2003,2020-01-03 11:26:33.400,5339.8000,53457,0,6722948120.000,0,-,-,-,-,5339.4000,5338.2000,5338.0000,5337.4000,5337.0000,5340.6000,5341.8000,5342.0000,5344.4000,5348.6000,2,1,5,1,7,1,2,1,3,2
SF,IC2003,2020-01-03 11:26:33.900,5339.8000,53457,0,6722948120.000,0,-,-,-,-,5339.4000,5338.2000,5338.0000,5337.4000,5337.0000,5340.6000,5341.8000,5342.0000,5344.4000,5348.6000,2,1,5,1,7,1,2,1,3,2
SF,IC2003,2020-01-03 11:26:34.400,5339.8000,53457,0,6722948120.000,0,-,-,-,-,5339.4000,5338.8000,5338.2000,5338.0000,5337.4000,5340.4000,5340.6000,5341.8000,5342.0000,5344.4000,2,1,1,5,1,2,1,2,1,3
SF,IC2003,2020-01-03 11:26:34.900,5339.8000,53457,0,6722948120.000,0,-,-,-,-,5339.4000,5338.8000,5338.0000,5337.4000,5337.0000,5342.0000,5344.4000,5348.6000,5350.0000,5350.8000,2,1,5,1,7,1,3,2,3,1
SF,IC2003,2020-01-03 11:26:35.400,5339.8000,53457,0,6722948120.000,0,-,-,-,-,5339.6000,5339.4000,5338.8000,5338.0000,5337.4000,5341.4000,5341.6000,5341.8000,5342.0000,5344.4000,2,2,1,5,1,1,1,2,1,3
SF,IC2003,2020-01-03 11:26:35.900,5340.2000,53456,-1,6724016160.000,1,0,1,双平,B,5340.6000,5339.4000,5338.8000,5338.0000,5337.4000,5340.8000,5341.0000,5341.2000,5341.4000,5341.6000,1,2,1,5,1,2,3,4,1,1
SF,IC2003,2020-01-03 11:26:36.400,5340.6000,53456,0,6725084280.000,1,0,1,空换,B,5339.4000,5338.8000,5338.0000,5337.4000,5337.0000,5340.2000,5340.4000,5340.6000,5341.0000,5341.2000,1,1,5,1,7,2,5,4,2,1
SF,IC2003,2020-01-03 11:26:36.900,5339.4000,53456,0,6726152160.000,1,0,1,空换,B,5339.4000,5338.0000,5337.4000,5337.0000,5336.6000,5340.0000,5340.4000,5340.6000,5341.0000,5341.2000,1,5,1,7,3,3,1,3,2,1
SF,IC2003,2020-01-03 11:26:37.400,5339.4000,53456,0,6727220040.000,1,0,1,空换,B,5338.0000,5337.4000,5337.0000,5336.6000,5336.4000,5340.0000,5340.4000,5340.6000,5341.0000,5341.2000,5,1,7,3,1,3,1,4,2,1
SF,IC2003,2020-01-03 11:26:37.900,5339.4000,53456,0,6727220040.000,0,-,-,-,-,5338.2000,5338.0000,5337.4000,5337.0000,5336.6000,5340.0000,5340.6000,5341.0000,5341.2000,5341.4000,2,5,1,7,3,3,3,2,1,1
SF,IC2003,2020-01-03 11:26:38.400,5339.4000,53456,0,6727220040.000,0,-,-,-,-,5338.2000,5338.0000,5337.4000,5337.0000,5336.6000,5339.4000,5340.0000,5340.6000,5341.0000,5341.4000,2,5,1,7,3,1,3,3,2,1
SF,IC2003,2020-01-03 11:26:38.900,5339.4000,53456,0,6727220040.000,0,-,-,-,-,5338.2000,5338.0000,5337.4000,5337.0000,5336.6000,5339.4000,5340.0000,5340.6000,5341.0000,5341.6000,2,5,1,7,3,2,3,3,2,1
SF,IC2003,2020-01-03 11:26:39.900,5339.4000,53456,0,6727220040.000,0,-,-,-,-,5338.2000,5338.0000,5337.4000,5337.0000,5336.6000,5338.8000,5339.4000,5340.0000,5340.6000,5341.0000,2,5,1,7,3,1,1,3,3,2
SF,IC2003,2020-01-03 11:26:40.400,5339.4000,53456,0,6727220040.000,0,-,-,-,-,5338.2000,5338.0000,5337.4000,5337.0000,5336.6000,5339.4000,5340.0000,5340.6000,5341.0000,5341.6000,2,5,1,7,3,1,3,3,2,1
SF,IC2003,2020-01-03 11:26:40.900,5339.4000,53456,0,6727220040.000,0,-,-,-,-,5338.0000,5337.4000,5337.0000,5336.6000,5336.4000,5339.2000,5339.4000,5340.0000,5340.6000,5341.0000,6,1,7,3,1,2,1,1,3,2
SF,IC2003,2020-01-03 11:26:41.900,5339.4000,53456,0,6727220040.000,0,-,-,-,-,5338.0000,5337.4000,5337.0000,5336.6000,5336.4000,5339.0000,5339.2000,5339.4000,5340.0000,5340.6000,6,1,7,3,1,1,2,1,1,3
SF,IC2003,2020-01-03 11:26:42.400,5339.4000,53456,0,6727220040.000,0,-,-,-,-,5338.0000,5337.4000,5337.0000,5336.6000,5336.4000,5338.8000,5339.0000,5339.4000,5340.0000,5340.6000,6,1,7,3,1,2,1,1,1,2
SF,IC2003,2020-01-03 11:26:42.900,5339.4000,53456,0,6727220040.000,0,-,-,-,-,5338.0000,5337.4000,5337.0000,5336.6000,5336.4000,5338.8000,5339.0000,5339.4000,5340.0000,5340.6000,6,1,7,3,1,2,1,1,1,2
SF,IC2003,2020-01-03 11:26:43.900,5339.4000,53456,0,6727220040.000,0,-,-,-,-,5338.0000,5337.4000,5337.0000,5336.6000,5336.4000,5338.8000,5339.0000,5339.4000,5340.0000,5340.6000,6,1,7,3,1,2,1,1,1,2
SF,IC2003,2020-01-03 11:26:44.900,5338.0000,53457,1,6728287640.000,1,1,0,双开,B,5338.0000,5337.4000,5337.0000,5336.6000,5336.4000,5338.8000,5339.4000,5340.0000,5340.6000,5341.0000,5,1,7,3,1,2,1,1,2,2
SF,IC2003,2020-01-03 11:26:45.400,5338.0000,53456,-1,6729355240.000,1,0,1,双平,B,5338.2000,5338.0000,5337.4000,5337.0000,5336.6000,5339.4000,5340.0000,5340.6000,5341.0000,5341.6000,1,5,1,7,3,1,1,1,2,1
SF,IC2003,2020-01-03 11:26:45.900,5338.0000,53456,0,6729355240.000,0,-,-,-,-,5338.2000,5338.0000,5337.4000,5337.0000,5336.6000,5340.0000,5340.6000,5341.0000,5341.6000,5344.4000,1,5,1,7,3,1,1,2,1,3
SF,IC2003,2020-01-03 11:26:46.400,5338.0000,53457,1,6730422840.000,1,1,0,双开,B,5338.0000,5337.4000,5337.0000,5336.6000,5336.4000,5338.8000,5339.6000,5339.8000,5340.0000,5340.6000,4,1,7,3,1,1,2,3,1,1
SF,IC2003,2020-01-03 11:26:47.400,5338.0000,53457,0,6730422840.000,0,-,-,-,-,5338.0000,5337.4000,5337.0000,5336.6000,5336.4000,5338.8000,5339.8000,5340.0000,5340.6000,5341.0000,4,1,7,3,1,1,2,1,1,2
SF,IC2003,2020-01-03 11:26:47.900,5338.0000,53457,0,6730422840.000,0,-,-,-,-,5338.0000,5337.8000,5337.4000,5337.0000,5336.6000,5338.6000,5338.8000,5340.0000,5340.6000,5341.0000,5,1,1,7,3,2,1,1,1,2
SF,IC2003,2020-01-03 11:26:49.400,5338.6000,53456,-1,6732558280.000,2,0,2,空平,B,5338.0000,5337.8000,5337.4000,5337.0000,5336.6000,5338.8000,5340.0000,5340.6000,5341.0000,5341.6000,5,1,1,7,3,1,1,1,2,1
SF,IC2003,2020-01-03 11:26:49.900,5338.6000,53456,0,6732558280.000,0,-,-,-,-,5338.0000,5337.8000,5337.4000,5337.0000,5336.6000,5338.8000,5340.0000,5340.6000,5341.0000,5341.6000,5,1,1,7,3,1,1,1,2,1
SF,IC2003,2020-01-03 11:26:50.900,5338.8000,53456,0,6733626040.000,1,0,1,空换,B,5338.8000,5338.0000,5337.8000,5337.4000,5337.0000,5340.0000,5340.6000,5341.0000,5341.6000,5344.4000,2,5,1,1,7,1,1,2,1,3
SF,IC2003,2020-01-03 11:26:51.400,5338.8000,53456,0,6733626040.000,0,-,-,-,-,5338.8000,5338.0000,5337.8000,5337.4000,5337.0000,5339.8000,5340.0000,5340.6000,5341.0000,5341.6000,2,5,1,1,7,2,1,1,2,1
SF,IC2003,2020-01-03 11:26:51.900,5338.8000,53456,0,6733626040.000,0,-,-,-,-,5338.8000,5338.0000,5337.8000,5337.4000,5337.0000,5340.0000,5340.6000,5341.0000,5341.6000,5344.4000,2,5,1,1,7,1,1,2,1,3
SF,IC2003,2020-01-03 11:26:52.400,5338.8000,53456,0,6733626040.000,0,-,-,-,-,5339.0000,5338.8000,5338.0000,5337.8000,5337.4000,5340.0000,5340.6000,5341.0000,5341.6000,5344.4000,2,2,5,1,1,1,1,2,1,3
SF,IC2003,2020-01-03 11:26:52.900,5338.8000,53456,0,6733626040.000,0,-,-,-,-,5339.2000,5339.0000,5338.8000,5338.0000,5337.8000,5340.6000,5341.0000,5341.6000,5344.4000,5348.6000,1,2,2,5,1,1,2,1,3,2
SF,IC2003,2020-01-03 11:26:53.400,5338.8000,53456,0,6733626040.000,0,-,-,-,-,5339.2000,5339.0000,5338.8000,5338.0000,5337.8000,5340.4000,5340.6000,5341.0000,5341.6000,5344.4000,1,1,2,5,1,2,1,2,1,3
SF,IC2003,2020-01-03 11:26:53.900,5339.2000,53455,-1,6734693880.000,1,0,1,双平,B,5339.0000,5338.0000,5337.8000,5337.4000,5337.0000,5340.2000,5340.4000,5340.6000,5341.0000,5341.6000,1,5,1,1,8,1,2,1,2,1
SF,IC2003,2020-01-03 11:26:54.400,5339.2000,53455,0,6734693880.000,0,-,-,-,-,5339.0000,5338.0000,5337.8000,5337.4000,5337.0000,5340.0000,5340.2000,5340.6000,5341.0000,5341.6000,1,5,1,1,8,2,1,1,2,1
SF,IC2003,2020-01-03 11:26:54.900,5339.2000,53455,0,6734693880.000,0,-,-,-,-,5339.0000,5338.0000,5337.8000,5337.4000,5337.0000,5340.0000,5340.2000,5340.6000,5341.0000,5341.6000,1,5,1,1,8,2,1,1,2,1
SF,IC2003,2020-01-03 11:26:55.400,5339.2000,53455,0,6734693880.000,0,-,-,-,-,5339.0000,5338.0000,5337.8000,5337.4000,5337.0000,5340.0000,5340.6000,5341.0000,5341.6000,5344.4000,1,5,1,1,8,2,1,2,1,3
SF,IC2003,2020-01-03 11:26:55.900,5339.2000,53455,0,6734693880.000,0,-,-,-,-,5339.0000,5338.0000,5337.8000,5337.4000,5337.0000,5340.0000,5340.6000,5341.0000,5341.6000,5344.4000,1,5,1,1,8,2,1,2,1,3
SF,IC2003,2020-01-03 11:26:56.400,5339.2000,53455,0,6734693880.000,0,-,-,-,-,5339.0000,5338.0000,5337.8000,5337.4000,5337.0000,5340.0000,5340.6000,5341.0000,5341.6000,5344.4000,1,5,1,1,8,2,1,2,1,3
SF,IC2003,2020-01-03 11:26:56.900,5339.8000,53456,1,6735761840.000,1,1,0,双开,B,5339.0000,5338.0000,5337.8000,5337.4000,5337.0000,5340.0000,5340.6000,5341.0000,5341.6000,5344.4000,1,5,1,1,8,2,1,2,1,3
SF,IC2003,2020-01-03 11:26:57.400,5339.8000,53456,0,6735761840.000,0,-,-,-,-,5339.0000,5338.0000,5337.8000,5337.4000,5337.0000,5340.0000,5340.6000,5341.0000,5341.6000,5344.4000,1,5,1,1,8,8,1,2,1,3
SF,IC2003,2020-01-03 11:26:57.900,5339.0000,53456,0,6736829640.000,1,0,1,空换,B,5338.0000,5337.8000,5337.4000,5337.0000,5336.6000,5338.8000,5339.0000,5339.6000,5339.8000,5340.0000,5,1,1,8,3,1,2,1,3,8
SF,IC2003,2020-01-03 11:26:58.400,5339.0000,53456,0,6736829640.000,0,-,-,-,-,5338.0000,5337.8000,5337.4000,5337.0000,5336.6000,5339.6000,5339.8000,5340.0000,5340.6000,5341.0000,5,1,1,8,3,1,3,8,1,1
SF,IC2003,2020-01-03 11:26:58.900,5339.0000,53456,0,6736829640.000,0,-,-,-,-,5338.4000,5338.2000,5338.0000,5337.8000,5337.4000,5339.8000,5340.0000,5340.6000,5341.0000,5341.6000,1,3,5,1,1,1,8,1,1,1
SF,IC2003,2020-01-03 11:26:59.400,5339.0000,53456,0,6736829640.000,0,-,-,-,-,5338.6000,5338.4000,5338.2000,5338.0000,5337.8000,5339.8000,5340.0000,5340.6000,5341.0000,5341.6000,2,1,1,5,1,1,8,1,1,1
SF,IC2003,2020-01-03 11:26:59.900,5339.0000,53456,0,6736829640.000,0,-,-,-,-,5338.8000,5338.6000,5338.4000,5338.0000,5337.8000,5340.0000,5340.6000,5341.0000,5341.6000,5344.4000,1,2,1,5,1,6,1,1,1,3
SF,IC2003,2020-01-03 11:27:00.400,5339.0000,53456,0,6736829640.000,0,-,-,-,-,5339.0000,5338.8000,5338.0000,5337.8000,5337.4000,5340.0000,5341.6000,5344.4000,5348.6000,5350.0000,2,1,5,1,1,6,1,3,2,3
SF,IC2003,2020-01-03 11:27:00.900,5340.0000,53456,0,6737897640.000,1,0,1,空换,B,5339.0000,5338.8000,5338.0000,5337.8000,5337.4000,5340.0000,5341.6000,5344.4000,5348.6000,5350.0000,2,1,5,1,1,5,1,3,2,3
SF,IC2003,2020-01-03 11:27:01.400,5340.0000,53457,1,6743237640.000,5,3,2,多开,B,5340.2000,5340.0000,5339.2000,5338.8000,5338.0000,5341.6000,5344.4000,5348.6000,5349.8000,5350.0000,1,1,4,1,5,1,3,2,1,3
SF,IC2003,2020-01-03 11:27:01.900,5340.0000,53457,0,6743237640.000,0,-,-,-,-,5340.4000,5340.2000,5339.2000,5338.8000,5338.0000,5341.4000,5341.6000,5344.4000,5348.6000,5349.8000,2,1,3,1,5,1,1,3,2,1
SF,IC2003,2020-01-03 11:27:02.400,5340.2000,53454,-3,6746441840.000,3,0,3,双平,B,5338.0000,5337.8000,5337.4000,5337.0000,5336.6000,5341.2000,5341.4000,5341.6000,5344.4000,5348.6000,5,1,1,7,3,5,1,1,3,2
SF,IC2003,2020-01-03 11:27:02.900,5340.2000,53454,0,6746441840.000,0,-,-,-,-,5339.0000,5338.4000,5338.2000,5338.0000,5337.8000,5340.8000,5341.0000,5341.2000,5341.6000,5344.4000,1,1,5,5,1,1,4,5,1,3
SF,IC2003,2020-01-03 11:27:03.400,5340.2000,53454,0,6746441840.000,0,-,-,-,-,5339.0000,5338.2000,5338.0000,5337.8000,5337.4000,5340.4000,5340.6000,5340.8000,5341.0000,5341.2000,2,4,5,1,1,1,2,1,1,3
SF,IC2003,2020-01-03 11:27:03.900,5340.2000,53454,0,6746441840.000,0,-,-,-,-,5339.0000,5338.2000,5338.0000,5337.8000,5337.4000,5340.2000,5340.4000,5340.8000,5341.2000,5341.6000,2,3,5,1,1,2,1,1,3,1
SF,IC2003,2020-01-03 11:27:04.400,5339.2000,53453,-1,6747509680.000,1,0,1,双平,B,5339.0000,5338.2000,5338.0000,5337.8000,5337.4000,5340.2000,5340.4000,5340.8000,5341.2000,5341.6000,2,3,5,1,1,2,1,1,3,1
SF,IC2003,2020-01-03 11:27:04.900,5340.2000,53453,0,6749645760.000,2,1,1,空换,B,5339.6000,5339.0000,5338.2000,5338.0000,5337.8000,5340.4000,5340.8000,5341.2000,5341.6000,5344.4000,1,2,3,5,1,1,1,3,1,3
SF,IC2003,2020-01-03 11:27:05.400,5340.2000,53455,2,6751781960.000,2,2,0,双开,B,5340.2000,5339.6000,5339.0000,5338.2000,5338.0000,5341.2000,5341.6000,5344.4000,5348.6000,5349.8000,1,1,2,3,5,3,1,3,2,1
SF,IC2003,2020-01-03 11:27:05.900,5340.2000,53455,0,6751781960.000,0,-,-,-,-,5340.2000,5339.6000,5339.0000,5338.2000,5338.0000,5341.0000,5341.2000,5341.6000,5344.4000,5348.6000,1,1,1,3,5,1,1,1,3,2
SF,IC2003,2020-01-03 11:27:06.400,5340.2000,53455,0,6751781960.000,0,-,-,-,-,5340.4000,5340.2000,5339.6000,5339.0000,5338.2000,5341.0000,5341.2000,5341.6000,5344.4000,5348.6000,2,1,1,1,1,1,1,1,3,2
SF,IC2003,2020-01-03 11:27:06.900,5341.0000,53454,-1,6752850160.000,1,0,1,双平,B,5341.0000,5340.4000,5340.2000,5339.6000,5339.0000,5341.2000,5341.6000,5344.4000,5348.6000,5349.8000,2,2,1,1,1,1,1,3,2,1
SF,IC2003,2020-01-03 11:27:07.400,5341.2000,53453,-1,6754986640.000,2,0,2,空平,B,5340.4000,5340.2000,5339.6000,5339.0000,5338.2000,5341.6000,5344.4000,5348.6000,5349.8000,5350.0000,2,1,1,1,1,1,3,2,1,3
SF,IC2003,2020-01-03 11:27:07.900,5341.2000,53453,0,6754986640.000,0,-,-,-,-,5341.0000,5340.4000,5340.2000,5339.6000,5339.2000,5344.4000,5348.6000,5349.8000,5350.0000,5350.8000,2,2,1,1,1,3,2,1,3,1
SF,IC2003,2020-01-03 11:27:08.400,5341.2000,53453,0,6754986640.000,0,-,-,-,-,5341.2000,5341.0000,5340.2000,5339.6000,5339.2000,5343.0000,5343.4000,5343.6000,5343.8000,5344.0000,2,2,1,1,1,1,2,1,2,2
SF,IC2003,2020-01-03 11:27:08.900,5341.2000,53453,0,6754986640.000,0,-,-,-,-,5341.2000,5341.0000,5340.2000,5339.6000,5339.2000,5342.6000,5342.8000,5343.0000,5343.4000,5343.6000,2,2,1,1,1,1,2,1,2,1
SF,IC2003,2020-01-03 11:27:09.400,5341.2000,53453,0,6754986640.000,0,-,-,-,-,5341.2000,5341.0000,5340.2000,5339.6000,5339.2000,5342.4000,5342.6000,5343.0000,5343.6000,5343.8000,2,2,1,1,1,3,1,1,1,2
SF,IC2003,2020-01-03 11:27:09.900,5341.2000,53453,0,6754986640.000,0,-,-,-,-,5341.2000,5341.0000,5340.2000,5339.2000,5339.0000,5342.4000,5342.6000,5343.0000,5343.6000,5343.8000,2,2,1,1,1,3,1,1,1,2
SF,IC2003,2020-01-03 11:27:10.400,5341.2000,53453,0,6754986640.000,0,-,-,-,-,5341.8000,5341.2000,5341.0000,5340.2000,5339.2000,5342.4000,5342.6000,5343.0000,5343.6000,5343.8000,1,2,2,1,1,3,1,1,1,2
SF,IC2003,2020-01-03 11:27:10.900,5341.2000,53453,0,6754986640.000,0,-,-,-,-,5341.8000,5341.2000,5340.2000,5339.2000,5339.0000,5344.0000,5344.4000,5349.8000,5350.0000,5350.8000,1,2,1,1,1,1,3,1,3,1
SF,IC2003,2020-01-03 11:27:11.400,5341.2000,53453,0,6754986640.000,0,-,-,-,-,5342.0000,5341.8000,5340.2000,5339.2000,5339.0000,5343.6000,5343.8000,5344.0000,5344.4000,5349.8000,2,1,1,1,1,2,2,1,3,1
SF,IC2003,2020-01-03 11:27:11.900,5341.2000,53453,0,6754986640.000,0,-,-,-,-,5341.8000,5340.2000,5339.2000,5339.0000,5338.2000,5343.4000,5343.6000,5343.8000,5344.0000,5344.4000,1,1,1,1,1,3,2,2,1,3
SF,IC2003,2020-01-03 11:27:12.400,5341.2000,53453,0,6754986640.000,0,-,-,-,-,5341.8000,5340.2000,5339.2000,5339.0000,5338.2000,5343.2000,5343.4000,5343.6000,5343.8000,5344.0000,1,1,1,1,1,1,4,2,2,1
SF,IC2003,2020-01-03 11:27:12.900,5343.0000,53453,0,6757123840.000,2,1,1,空换,B,5341.8000,5340.2000,5339.2000,5339.0000,5338.2000,5343.4000,5343.6000,5343.8000,5344.0000,5344.4000,1,1,1,1,1,2,2,1,1,3
SF,IC2003,2020-01-03 11:27:13.400,5343.0000,53453,0,6757123840.000,0,-,-,-,-,5342.0000,5341.8000,5340.2000,5339.2000,5339.0000,5343.2000,5343.4000,5343.6000,5343.8000,5344.0000,2,1,1,1,1,1,2,2,1,1
SF,IC2003,2020-01-03 11:27:13.900,5342.0000,53452,-1,6758192240.000,1,0,1,双平,B,5342.0000,5341.8000,5340.2000,5339.2000,5339.0000,5343.0000,5343.2000,5343.4000,5343.6000,5343.8000,1,1,1,1,1,1,1,2,1,1
SF,IC2003,2020-01-03 11:27:14.400,5341.8000,53452,0,6760329000.000,2,1,1,空换,B,5340.2000,5339.2000,5339.0000,5338.2000,5338.0000,5342.0000,5342.8000,5343.0000,5343.4000,5343.6000,1,1,1,1,6,1,2,2,2,1
SF,IC2003,2020-01-03 11:27:14.900,5341.8000,53452,0,6760329000.000,0,-,-,-,-,5340.6000,5340.4000,5340.2000,5339.2000,5339.0000,5342.0000,5342.4000,5343.4000,5343.6000,5343.8000,3,2,1,1,1,3,1,2,1,1
SF,IC2003,2020-01-03 11:27:15.400,5341.8000,53452,0,6760329000.000,0,-,-,-,-,5340.6000,5340.4000,5340.2000,5339.2000,5339.0000,5341.6000,5341.8000,5342.0000,5342.4000,5343.4000,1,2,1,1,1,1,3,2,1,2
SF,IC2003,2020-01-03 11:27:15.900,5340.6000,53453,1,6761397120.000,1,1,0,双开,B,5340.4000,5340.2000,5339.2000,5339.0000,5338.2000,5341.6000,5341.8000,5342.0000,5342.4000,5343.4000,2,1,1,1,1,1,3,2,1,2
SF,IC2003,2020-01-03 11:27:16.400,5340.6000,53453,0,6761397120.000,0,-,-,-,-,5340.2000,5339.2000,5339.0000,5338.2000,5338.0000,5341.4000,5341.6000,5341.8000,5342.0000,5342.4000,1,1,1,1,6,2,1,1,2,1
SF,IC2003,2020-01-03 11:27:16.900,5340.6000,53453,0,6761397120.000,0,-,-,-,-,5340.4000,5340.2000,5339.2000,5339.0000,5338.2000,5341.6000,5341.8000,5342.0000,5342.4000,5342.8000,2,1,1,1,1,1,1,2,1,4
SF,IC2003,2020-01-03 11:27:17.900,5340.6000,53453,0,6761397120.000,0,-,-,-,-,5340.4000,5340.2000,5339.2000,5339.0000,5338.2000,5341.6000,5341.8000,5342.0000,5342.4000,5342.8000,3,1,1,1,1,1,1,2,1,4
SF,IC2003,2020-01-03 11:27:18.400,5340.6000,53453,0,6761397120.000,0,-,-,-,-,5340.8000,5340.4000,5340.2000,5339.2000,5339.0000,5341.6000,5342.0000,5342.4000,5342.8000,5343.4000,1,3,1,1,1,1,2,1,4,2
SF,IC2003,2020-01-03 11:27:18.900,5340.6000,53453,0,6761397120.000,0,-,-,-,-,5340.8000,5340.4000,5340.2000,5339.2000,5339.0000,5342.0000,5342.4000,5342.8000,5343.4000,5343.6000,1,3,1,1,1,2,1,4,2,1
SF,IC2003,2020-01-03 11:27:19.400,5341.6000,53453,0,6762465440.000,1,0,1,空换,B,5340.8000,5340.4000,5340.2000,5339.2000,5339.0000,5341.8000,5342.0000,5342.4000,5342.8000,5343.4000,1,3,1,1,1,2,2,1,4,2
SF,IC2003,2020-01-03 11:27:19.900,5340.8000,53452,-1,6764601960.000,2,0,2,空平,B,5340.4000,5340.2000,5339.2000,5339.0000,5338.2000,5341.8000,5342.0000,5342.4000,5342.8000,5343.4000,3,1,1,1,1,1,2,1,4,2
SF,IC2003,2020-01-03 11:27:20.400,5340.8000,53452,0,6764601960.000,0,-,-,-,-,5340.6000,5340.4000,5340.2000,5339.2000,5339.0000,5342.0000,5342.4000,5342.8000,5343.4000,5343.6000,1,3,1,1,1,2,1,4,2,1
SF,IC2003,2020-01-03 11:27:20.900,5340.8000,53452,0,6764601960.000,0,-,-,-,-,5340.8000,5340.6000,5340.4000,5340.2000,5339.2000,5342.0000,5342.8000,5343.4000,5343.6000,5343.8000,2,1,1,1,1,1,4,2,1,1
SF,IC2003,2020-01-03 11:27:21.400,5340.8000,53451,-1,6765670120.000,1,0,1,双平,B,5340.8000,5340.6000,5340.4000,5340.2000,5339.2000,5341.6000,5342.0000,5342.8000,5343.0000,5343.4000,1,1,1,1,1,1,1,4,1,2
SF,IC2003,2020-01-03 11:27:21.900,5341.6000,53451,0,6766738440.000,1,0,1,空换,B,5341.8000,5340.6000,5340.4000,5340.2000,5339.2000,5342.0000,5342.8000,5343.0000,5343.4000,5343.6000,1,1,1,1,1,1,4,1,2,1
SF,IC2003,2020-01-03 11:27:22.400,5341.8000,53451,0,6767806800.000,1,0,1,空换,B,5340.4000,5340.2000,5339.2000,5339.0000,5338.2000,5341.6000,5341.8000,5342.0000,5342.8000,5343.0000,1,1,1,1,1,1,3,1,4,1
SF,IC2003,2020-01-03 11:27:22.900,5341.8000,53450,-1,6768875160.000,1,0,1,双平,B,5340.6000,5340.4000,5340.2000,5339.2000,5339.0000,5341.8000,5342.0000,5342.8000,5343.0000,5343.4000,2,1,1,1,1,3,1,4,1,2
SF,IC2003,2020-01-03 11:27:24.400,5341.8000,53450,0,6768875160.000,0,-,-,-,-,5340.6000,5340.4000,5340.2000,5339.2000,5339.0000,5341.8000,5342.0000,5342.8000,5343.0000,5343.4000,2,1,1,1,1,3,1,4,1,1
SF,IC2003,2020-01-03 11:27:24.900,5341.8000,53450,0,6768875160.000,0,-,-,-,-,5340.4000,5340.2000,5339.2000,5339.0000,5338.2000,5341.6000,5341.8000,5342.0000,5342.8000,5343.0000,1,1,1,1,1,2,3,1,4,1
SF,IC2003,2020-01-03 11:27:25.400,5341.8000,53450,0,6768875160.000,0,-,-,-,-,5340.4000,5340.2000,5339.2000,5339.0000,5338.2000,5341.4000,5341.6000,5341.8000,5342.0000,5342.8000,1,1,1,1,1,1,2,3,1,4
SF,IC2003,2020-01-03 11:27:25.900,5341.4000,53449,-1,6769943440.000,1,0,1,双平,B,5340.4000,5340.2000,5339.2000,5339.0000,5338.2000,5341.2000,5341.6000,5341.8000,5342.0000,5342.8000,1,1,1,1,1,1,2,3,1,4
SF,IC2003,2020-01-03 11:27:26.400,5341.4000,53449,0,6769943440.000,0,-,-,-,-,5340.6000,5340.4000,5340.2000,5339.2000,5339.0000,5341.2000,5341.6000,5341.8000,5342.0000,5342.8000,1,1,1,1,1,1,2,3,1,4
SF,IC2003,2020-01-03 11:27:26.900,5341.4000,53449,0,6769943440.000,0,-,-,-,-,5340.6000,5340.4000,5340.2000,5339.2000,5339.0000,5341.6000,5341.8000,5342.0000,5342.8000,5343.0000,1,1,1,1,1,2,3,1,4,1
SF,IC2003,2020-01-03 11:27:27.400,5341.4000,53449,0,6769943440.000,0,-,-,-,-,5340.8000,5340.6000,5340.4000,5340.2000,5339.2000,5341.4000,5341.6000,5341.8000,5342.0000,5342.8000,1,1,1,1,1,1,2,3,1,4
SF,IC2003,2020-01-03 11:27:28.900,5341.4000,53449,0,6769943440.000,0,-,-,-,-,5340.8000,5340.6000,5340.4000,5340.2000,5339.2000,5341.4000,5341.6000,5341.8000,5342.0000,5342.8000,1,1,1,1,1,1,2,3,1,4
SF,IC2003,2020-01-03 11:27:29.400,5341.4000,53448,-1,6771011720.000,1,0,1,双平,B,5341.0000,5340.8000,5340.4000,5340.2000,5339.2000,5341.8000,5342.0000,5342.8000,5343.0000,5343.4000,1,1,1,1,1,3,1,4,1,1
SF,IC2003,2020-01-03 11:27:30.400,5341.4000,53448,0,6771011720.000,0,-,-,-,-,5341.2000,5341.0000,5340.8000,5340.4000,5340.2000,5341.8000,5342.0000,5342.8000,5343.0000,5343.4000,1,1,1,1,1,2,1,4,1,1
SF,IC2003,2020-01-03 11:27:30.900,5341.2000,53447,-1,6772079960.000,1,0,1,双平,B,5341.0000,5340.8000,5340.4000,5340.2000,5339.2000,5342.0000,5342.8000,5343.0000,5343.4000,5343.6000,1,1,1,1,1,1,4,1,1,1
SF,IC2003,2020-01-03 11:27:31.900,5341.2000,53447,0,6772079960.000,0,-,-,-,-,5341.8000,5341.0000,5340.4000,5339.2000,5339.0000,5342.0000,5342.8000,5343.0000,5343.4000,5343.6000,2,1,1,1,1,1,4,1,1,1
SF,IC2003,2020-01-03 11:27:32.400,5341.0000,53447,0,6775284880.000,3,1,2,空换,B,5340.4000,5339.2000,5339.0000,5338.2000,5338.0000,5341.6000,5341.8000,5342.0000,5342.8000,5343.0000,1,1,1,1,6,1,4,1,4,1
SF,IC2003,2020-01-03 11:27:32.900,5340.4000,53447,0,6776352960.000,1,0,1,空换,B,5339.2000,5339.0000,5338.2000,5338.0000,5337.8000,5341.6000,5341.8000,5342.0000,5342.8000,5343.0000,1,1,1,6,1,1,2,1,4,1
SF,IC2003,2020-01-03 11:27:33.400,5340.4000,53447,0,6776352960.000,0,-,-,-,-,5339.6000,5339.4000,5339.2000,5339.0000,5338.0000,5341.6000,5341.8000,5342.0000,5342.8000,5343.0000,3,3,1,1,6,1,2,1,4,1
SF,IC2003,2020-01-03 11:27:33.900,5340.4000,53447,0,6776352960.000,0,-,-,-,-,5340.0000,5339.8000,5339.6000,5339.2000,5339.0000,5341.8000,5342.0000,5342.8000,5343.0000,5343.4000,1,5,2,1,1,2,1,4,1,1
SF,IC2003,2020-01-03 11:27:34.400,5340.4000,53447,0,6776352960.000,0,-,-,-,-,5340.2000,5339.6000,5339.2000,5339.0000,5338.0000,5341.6000,5341.8000,5342.0000,5342.8000,5343.0000,2,1,1,1,6,1,2,1,4,1
SF,IC2003,2020-01-03 11:27:35.400,5340.4000,53447,0,6776352960.000,0,-,-,-,-,5340.2000,5339.6000,5339.2000,5339.0000,5338.0000,5341.6000,5341.8000,5342.0000,5342.8000,5343.0000,2,1,1,1,6,1,2,1,4,1
SF,IC2003,2020-01-03 11:27:36.400,5340.4000,53447,0,6776352960.000,0,-,-,-,-,5340.4000,5340.2000,5339.2000,5339.0000,5338.0000,5341.6000,5341.8000,5342.0000,5342.8000,5343.0000,2,2,1,1,5,1,2,1,4,1
SF,IC2003,2020-01-03 11:27:36.900,5341.6000,53445,-2,6778489360.000,2,0,2,双平,B,5340.6000,5340.4000,5339.2000,5339.0000,5338.0000,5341.8000,5342.0000,5342.8000,5343.0000,5343.4000,1,2,1,1,5,2,1,4,1,1
SF,IC2003,2020-01-03 11:27:37.400,5341.8000,53445,0,6779557720.000,1,0,1,空换,B,5340.6000,5340.4000,5339.2000,5339.0000,5338.0000,5341.8000,5342.0000,5342.8000,5343.0000,5343.4000,1,2,1,1,5,1,1,4,1,1
SF,IC2003,2020-01-03 11:27:37.900,5341.8000,53445,0,6779557720.000,0,-,-,-,-,5340.8000,5340.6000,5340.4000,5339.2000,5339.0000,5341.8000,5342.0000,5342.8000,5343.0000,5343.4000,1,1,2,1,1,1,1,4,1,1
SF,IC2003,2020-01-03 11:27:38.900,5341.0000,53445,0,6780625920.000,1,0,1,空换,B,5340.8000,5340.6000,5340.4000,5339.2000,5339.0000,5341.8000,5342.0000,5342.8000,5343.0000,5343.4000,1,1,1,1,1,1,1,4,1,1
SF,IC2003,2020-01-03 11:27:39.400,5341.0000,53445,0,6780625920.000,0,-,-,-,-,5340.8000,5340.6000,5339.2000,5339.0000,5338.0000,5341.8000,5342.0000,5342.8000,5343.0000,5343.4000,1,1,1,1,5,1,1,4,1,1
SF,IC2003,2020-01-03 11:27:39.900,5341.8000,53444,-1,6781694280.000,1,0,1,双平,B,5340.8000,5340.6000,5339.2000,5339.0000,5338.0000,5342.0000,5342.8000,5343.0000,5343.4000,5343.6000,1,1,1,1,5,1,4,1,1,1
SF,IC2003,2020-01-03 11:27:40.400,5341.8000,53444,0,6781694280.000,0,-,-,-,-,5340.8000,5340.6000,5339.2000,5339.0000,5338.0000,5341.8000,5342.0000,5342.8000,5343.0000,5343.4000,1,1,1,1,5,2,1,4,1,1
SF,IC2003,2020-01-03 11:27:42.400,5340.8000,53444,0,6782762440.000,1,0,1,空换,B,5340.6000,5339.2000,5339.0000,5338.0000,5337.8000,5341.8000,5342.0000,5342.8000,5343.0000,5343.4000,1,1,1,5,1,2,1,4,1,1
SF,IC2003,2020-01-03 11:27:42.900,5341.8000,53444,0,6783830800.000,1,0,1,空换,B,5340.8000,5340.6000,5339.2000,5339.0000,5338.0000,5342.0000,5342.8000,5343.0000,5343.4000,5343.6000,1,1,1,1,5,1,4,1,1,1
SF,IC2003,2020-01-03 11:27:43.400,5341.8000,53444,0,6783830800.000,0,-,-,-,-,5341.0000,5340.8000,5339.2000,5339.0000,5338.0000,5342.0000,5342.8000,5343.0000,5343.4000,5343.6000,2,1,1,1,5,1,4,1,1,1
SF,IC2003,2020-01-03 11:27:44.400,5341.0000,53443,-1,6784899000.000,1,0,1,双平,B,5341.0000,5340.8000,5339.2000,5339.0000,5338.0000,5342.0000,5342.8000,5343.0000,5343.4000,5343.6000,1,1,1,1,5,1,4,1,1,1
SF,IC2003,2020-01-03 11:27:44.900,5341.0000,53443,0,6784899000.000,0,-,-,-,-,5341.2000,5340.8000,5339.2000,5339.0000,5338.0000,5342.0000,5342.8000,5343.0000,5343.4000,5343.6000,1,1,1,1,5,1,4,1,1,1
SF,IC2003,2020-01-03 11:27:45.400,5341.2000,53443,0,6785967240.000,1,0,1,空换,B,5341.0000,5340.8000,5339.2000,5339.0000,5338.0000,5342.0000,5342.8000,5343.0000,5343.4000,5343.6000,1,1,1,1,5,1,4,1,1,1
SF,IC2003,2020-01-03 11:27:45.900,5341.0000,53442,-1,6787035440.000,1,0,1,双平,B,5341.2000,5341.0000,5340.8000,5339.2000,5339.0000,5341.6000,5342.0000,5342.8000,5343.0000,5343.4000,1,2,1,1,1,1,1,4,1,1
SF,IC2003,2020-01-03 11:27:46.400,5341.6000,53443,1,6788103760.000,1,1,0,双开,B,5341.2000,5341.0000,5340.8000,5339.2000,5339.0000,5341.6000,5342.8000,5343.0000,5343.4000,5343.6000,1,2,1,1,1,1,4,1,1,1
SF,IC2003,2020-01-03 11:27:46.900,5341.6000,53444,1,6790240320.000,2,1,1,多开,B,5341.0000,5340.8000,5339.2000,5339.0000,5338.0000,5341.2000,5342.8000,5343.0000,5343.4000,5343.6000,2,1,1,1,5,1,4,1,1,1
SF,IC2003,2020-01-03 11:27:47.400,5341.2000,53444,0,6791308560.000,1,0,1,空换,B,5341.2000,5341.0000,5340.8000,5339.2000,5339.0000,5342.8000,5343.0000,5343.4000,5343.6000,5343.8000,1,2,1,1,1,4,1,1,1,1
SF,IC2003,2020-01-03 11:27:47.900,5341.2000,53444,0,6791308560.000,0,-,-,-,-,5341.0000,5340.8000,5339.2000,5339.0000,5338.0000,5342.4000,5342.6000,5342.8000,5343.0000,5343.4000,2,1,1,1,5,1,3,4,1,1
SF,IC2003,2020-01-03 11:27:48.400,5341.2000,53444,0,6791308560.000,0,-,-,-,-,5341.0000,5340.8000,5339.2000,5339.0000,5338.0000,5342.2000,5342.4000,5342.8000,5343.0000,5343.4000,2,1,1,1,5,3,1,4,1,1
SF,IC2003,2020-01-03 11:27:49.400,5341.2000,53444,0,6791308560.000,0,-,-,-,-,5341.8000,5341.0000,5340.8000,5339.2000,5339.0000,5342.2000,5342.4000,5342.8000,5343.0000,5343.4000,1,2,1,1,1,3,1,4,1,1
SF,IC2003,2020-01-03 11:27:49.900,5341.8000,53443,-1,6792376920.000,1,0,1,双平,B,5341.0000,5340.8000,5339.2000,5339.0000,5338.0000,5341.6000,5341.8000,5342.2000,5342.4000,5342.8000,2,1,1,1,5,1,3,3,1,4
SF,IC2003,2020-01-03 11:27:50.400,5341.8000,53443,0,6792376920.000,0,-,-,-,-,5341.0000,5340.8000,5339.2000,5339.0000,5338.0000,5341.4000,5341.6000,5341.8000,5342.2000,5342.4000,2,1,1,1,5,1,1,2,2,1
SF,IC2003,2020-01-03 11:27:50.900,5341.4000,53442,-1,6794513400.000,2,0,2,空平,B,5341.0000,5340.8000,5339.2000,5339.0000,5338.0000,5341.6000,5341.8000,5342.2000,5342.4000,5342.8000,1,1,1,1,5,1,2,2,1,4
SF,IC2003,2020-01-03 11:27:51.400,5341.0000,53441,-1,6795581600.000,1,0,1,双平,B,5340.8000,5339.2000,5339.0000,5338.0000,5337.8000,5341.6000,5341.8000,5342.2000,5342.4000,5342.8000,1,1,1,5,1,1,2,2,1,4
SF,IC2003,2020-01-03 11:27:51.900,5341.0000,53441,0,6795581600.000,0,-,-,-,-,5340.8000,5339.2000,5339.0000,5338.0000,5337.8000,5341.0000,5341.4000,5341.6000,5341.8000,5342.2000,1,1,1,5,1,1,1,1,2,2
SF,IC2003,2020-01-03 11:27:52.400,5341.4000,53439,-2,6797718080.000,2,0,2,双平,B,5341.0000,5339.2000,5339.0000,5338.0000,5337.8000,5341.8000,5342.2000,5342.4000,5342.8000,5343.0000,1,1,1,5,1,2,2,1,4,1
SF,IC2003,2020-01-03 11:27:52.900,5341.0000,53438,-1,6798786280.000,1,0,1,双平,B,5340.4000,5339.2000,5339.0000,5338.0000,5337.8000,5341.6000,5341.8000,5342.4000,5342.8000,5343.0000,1,1,1,5,1,2,2,1,4,1
SF,IC2003,2020-01-03 11:27:53.900,5341.0000,53438,0,6798786280.000,0,-,-,-,-,5340.6000,5340.4000,5339.2000,5339.0000,5338.0000,5341.6000,5341.8000,5342.4000,5342.8000,5343.0000,1,1,1,1,5,2,2,1,4,1
SF,IC2003,2020-01-03 11:27:54.400,5341.0000,53438,0,6798786280.000,0,-,-,-,-,5340.8000,5340.6000,5340.4000,5339.2000,5339.0000,5341.0000,5341.6000,5341.8000,5342.4000,5342.8000,1,1,1,1,1,1,2,2,1,4
SF,IC2003,2020-01-03 11:27:54.900,5340.8000,53438,0,6799854440.000,1,0,1,空换,B,5340.6000,5340.4000,5339.2000,5339.0000,5338.0000,5341.0000,5341.6000,5341.8000,5342.4000,5342.8000,1,1,1,1,5,1,2,2,1,4
SF,IC2003,2020-01-03 11:27:55.400,5341.0000,53437,-1,6801990760.000,2,0,2,空平,B,5340.4000,5339.2000,5339.0000,5338.0000,5337.8000,5341.6000,5341.8000,5342.4000,5342.8000,5343.0000,1,1,1,5,1,2,2,1,4,1
SF,IC2003,2020-01-03 11:27:57.400,5341.6000,53436,-1,6803059080.000,1,0,1,双平,B,5340.8000,5340.4000,5339.2000,5339.0000,5338.0000,5341.6000,5341.8000,5342.4000,5342.8000,5343.0000,1,1,1,1,5,1,2,1,4,1
SF,IC2003,2020-01-03 11:27:57.900,5341.6000,53436,0,6803059080.000,0,-,-,-,-,5340.8000,5340.4000,5339.2000,5339.0000,5338.0000,5341.6000,5341.8000,5342.4000,5342.8000,5343.0000,1,1,1,1,5,1,1,1,4,1
SF,IC2003,2020-01-03 11:27:58.900,5341.6000,53436,0,6803059080.000,0,-,-,-,-,5340.8000,5340.4000,5339.8000,5339.2000,5339.0000,5341.6000,5341.8000,5342.4000,5342.8000,5343.0000,1,1,1,1,1,1,1,1,4,1
SF,IC2003,2020-01-03 11:27:59.400,5341.6000,53436,0,6803059080.000,0,-,-,-,-,5340.8000,5340.4000,5340.0000,5339.8000,5339.2000,5341.6000,5341.8000,5342.4000,5342.8000,5343.0000,1,1,1,1,1,1,1,1,4,1
SF,IC2003,2020-01-03 11:27:59.900,5341.6000,53436,0,6803059080.000,0,-,-,-,-,5340.8000,5340.4000,5340.0000,5339.8000,5339.2000,5341.6000,5341.8000,5342.4000,5342.8000,5343.0000,1,1,1,1,1,1,1,1,4,1
SF,IC2003,2020-01-03 11:28:00.400,5341.6000,53436,0,6803059080.000,0,-,-,-,-,5340.8000,5340.4000,5340.0000,5339.8000,5339.2000,5341.6000,5341.8000,5342.4000,5342.8000,5343.0000,2,1,1,1,1,1,1,1,4,1
SF,IC2003,2020-01-03 11:28:00.900,5341.6000,53436,0,6803059080.000,0,-,-,-,-,5341.0000,5340.8000,5340.4000,5340.0000,5339.8000,5341.6000,5341.8000,5342.4000,5342.8000,5343.0000,1,2,1,1,1,1,1,1,4,1
SF,IC2003,2020-01-03 11:28:01.400,5341.0000,53437,1,6804127280.000,1,1,0,双开,B,5340.8000,5340.4000,5340.0000,5339.8000,5339.2000,5341.0000,5341.6000,5341.8000,5342.4000,5342.8000,2,1,1,1,1,2,1,1,1,4
SF,IC2003,2020-01-03 11:28:01.900,5340.8000,53437,0,6806263600.000,2,1,1,空换,B,5340.4000,5340.0000,5339.2000,5339.0000,5338.0000,5341.6000,5341.8000,5342.4000,5342.8000,5343.0000,1,1,1,1,5,1,1,1,4,1
SF,IC2003,2020-01-03 11:28:02.400,5340.8000,53437,0,6806263600.000,0,-,-,-,-,5340.4000,5340.0000,5339.2000,5339.0000,5338.0000,5341.4000,5341.6000,5341.8000,5342.4000,5342.8000,1,1,1,1,5,1,1,1,1,4
SF,IC2003,2020-01-03 11:28:02.900,5340.8000,53437,0,6806263600.000,0,-,-,-,-,5340.4000,5340.0000,5339.2000,5339.0000,5338.0000,5341.2000,5341.4000,5341.8000,5342.4000,5342.8000,1,1,1,1,5,2,1,1,1,4
SF,IC2003,2020-01-03 11:28:05.900,5340.8000,53437,0,6806263600.000,0,-,-,-,-,5340.0000,5339.2000,5339.0000,5338.0000,5337.8000,5341.2000,5341.4000,5341.8000,5342.4000,5342.8000,1,1,1,5,1,2,1,1,1,4
SF,IC2003,2020-01-03 11:28:06.400,5340.8000,53437,0,6806263600.000,0,-,-,-,-,5340.2000,5340.0000,5339.2000,5339.0000,5338.0000,5341.4000,5341.8000,5342.4000,5342.8000,5343.0000,2,1,1,1,5,1,1,1,4,1
SF,IC2003,2020-01-03 11:28:10.400,5340.8000,53437,0,6806263600.000,0,-,-,-,-,5340.2000,5340.0000,5339.2000,5339.0000,5338.0000,5341.4000,5341.8000,5342.4000,5342.8000,5343.0000,2,1,1,1,6,1,1,1,4,1
SF,IC2003,2020-01-03 11:28:10.900,5340.8000,53437,0,6806263600.000,0,-,-,-,-,5340.0000,5339.2000,5339.0000,5338.0000,5337.8000,5340.2000,5341.2000,5341.4000,5341.8000,5342.4000,1,1,1,6,1,5,2,1,1,1
SF,IC2003,2020-01-03 11:28:11.400,5340.2000,53435,-2,6808399680.000,2,0,2,双平,B,5340.0000,5339.2000,5339.0000,5338.0000,5337.8000,5340.2000,5341.2000,5341.4000,5341.8000,5342.4000,1,1,1,6,1,3,2,1,1,1
SF,IC2003,2020-01-03 11:28:11.900,5340.2000,53435,0,6811603800.000,3,1,2,空换,B,5340.0000,5339.2000,5339.0000,5338.0000,5337.8000,5341.2000,5341.4000,5341.8000,5342.4000,5342.8000,1,1,1,6,1,2,1,1,1,4
SF,IC2003,2020-01-03 11:28:12.400,5340.2000,53435,0,6811603800.000,0,-,-,-,-,5340.0000,5339.2000,5339.0000,5338.0000,5337.8000,5341.0000,5341.2000,5341.4000,5341.8000,5342.4000,1,1,1,6,1,1,2,1,1,1
SF,IC2003,2020-01-03 11:28:13.400,5340.2000,53435,0,6811603800.000,0,-,-,-,-,5340.0000,5339.2000,5339.0000,5338.0000,5337.8000,5341.0000,5341.2000,5341.4000,5341.8000,5342.4000,1,1,1,6,1,1,2,1,1,1
SF,IC2003,2020-01-03 11:28:13.900,5340.0000,53435,0,6813739800.000,2,1,1,空换,B,5339.2000,5339.0000,5338.0000,5337.8000,5337.4000,5340.0000,5341.2000,5341.4000,5341.8000,5342.4000,1,1,6,1,1,3,2,1,1,1
SF,IC2003,2020-01-03 11:28:14.400,5340.0000,53435,0,6815875800.000,2,1,1,空换,B,5339.4000,5339.2000,5339.0000,5338.0000,5337.8000,5340.0000,5341.2000,5341.4000,5341.8000,5342.4000,2,1,1,6,1,1,2,1,1,1
SF,IC2003,2020-01-03 11:28:14.900,5340.0000,53435,0,6816943800.000,1,0,1,空换,B,5339.4000,5339.2000,5339.0000,5338.0000,5337.8000,5341.4000,5341.8000,5342.4000,5342.8000,5343.0000,2,1,1,6,1,1,1,1,4,1
SF,IC2003,2020-01-03 11:28:15.400,5340.0000,53435,0,6816943800.000,0,-,-,-,-,5339.4000,5339.2000,5339.0000,5338.0000,5337.8000,5341.0000,5341.2000,5341.4000,5341.8000,5342.4000,2,1,1,6,1,1,2,1,1,1
SF,IC2003,2020-01-03 11:28:15.900,5340.0000,53435,0,6816943800.000,0,-,-,-,-,5339.6000,5339.4000,5339.2000,5339.0000,5338.0000,5341.0000,5341.2000,5341.4000,5341.8000,5342.4000,1,2,1,1,6,1,2,1,1,1
SF,IC2003,2020-01-03 11:28:16.400,5340.0000,53435,0,6816943800.000,0,-,-,-,-,5339.8000,5339.6000,5339.2000,5339.0000,5338.0000,5341.0000,5341.2000,5341.4000,5341.8000,5342.4000,2,1,1,1,6,1,2,1,1,1
SF,IC2003,2020-01-03 11:28:16.900,5339.6000,53432,-3,6820147640.000,3,0,3,双平,B,5339.2000,5339.0000,5338.0000,5337.8000,5337.4000,5339.4000,5341.0000,5341.2000,5341.4000,5341.8000,1,1,6,1,1,2,1,2,1,1
SF,IC2003,2020-01-03 11:28:17.400,5339.4000,53430,-2,6822283400.000,2,0,2,双平,B,5340.2000,5339.6000,5339.4000,5339.2000,5339.0000,5341.0000,5341.2000,5341.4000,5341.8000,5342.4000,1,2,5,1,1,1,2,1,1,1
SF,IC2003,2020-01-03 11:28:17.900,5339.4000,53430,0,6822283400.000,0,-,-,-,-,5340.2000,5339.4000,5339.2000,5339.0000,5338.0000,5340.8000,5341.0000,5341.4000,5341.8000,5342.4000,1,5,1,1,6,2,2,1,1,1
SF,IC2003,2020-01-03 11:28:18.400,5339.4000,53430,0,6822283400.000,0,-,-,-,-,5340.2000,5339.4000,5339.2000,5339.0000,5338.0000,5340.8000,5341.0000,5341.4000,5341.8000,5342.4000,1,3,1,1,6,2,2,1,1,1
SF,IC2003,2020-01-03 11:28:18.900,5340.2000,53429,-1,6823351440.000,1,0,1,双平,B,5339.4000,5339.2000,5339.0000,5338.0000,5337.8000,5340.0000,5340.2000,5340.6000,5340.8000,5341.0000,3,1,1,6,1,2,2,1,2,1
SF,IC2003,2020-01-03 11:28:19.400,5340.2000,53429,0,6823351440.000,0,-,-,-,-,5339.4000,5339.2000,5339.0000,5338.0000,5337.8000,5340.2000,5340.8000,5341.0000,5341.4000,5341.8000,3,1,1,6,1,5,2,1,1,1
SF,IC2003,2020-01-03 11:28:19.900,5340.2000,53429,0,6823351440.000,0,-,-,-,-,5339.4000,5339.2000,5339.0000,5338.0000,5337.8000,5340.0000,5340.2000,5340.8000,5341.0000,5341.4000,3,1,1,6,1,1,5,2,1,1
SF,IC2003,2020-01-03 11:28:20.900,5339.4000,53427,-2,6826555080.000,3,0,3,空平,B,5339.2000,5339.0000,5338.0000,5337.8000,5337.4000,5339.4000,5340.0000,5340.2000,5340.8000,5341.0000,1,1,6,1,1,1,1,5,2,1
SF,IC2003,2020-01-03 11:28:21.400,5339.2000,53426,-1,6827622920.000,1,0,1,双平,B,5339.0000,5338.0000,5337.8000,5337.4000,5337.0000,5339.2000,5339.4000,5340.0000,5340.2000,5340.8000,1,6,1,1,6,1,1,1,5,2
SF,IC2003,2020-01-03 11:28:21.900,5339.0000,53426,0,6828690720.000,1,0,1,空换,B,5338.0000,5337.8000,5337.4000,5337.0000,5336.8000,5339.2000,5339.4000,5340.0000,5340.2000,5340.8000,6,1,1,6,2,1,1,1,5,2
SF,IC2003,2020-01-03 11:28:22.400,5339.0000,53425,-1,6829758520.000,1,0,1,双平,B,5338.0000,5337.8000,5337.4000,5337.0000,5336.8000,5339.0000,5339.2000,5339.4000,5340.0000,5340.2000,6,1,1,6,2,1,1,1,1,5
SF,IC2003,2020-01-03 11:28:23.400,5339.0000,53425,0,6830826320.000,1,0,1,空换,B,5338.2000,5338.0000,5337.8000,5337.4000,5337.0000,5339.2000,5339.4000,5340.2000,5341.0000,5341.4000,2,6,1,1,6,1,1,5,1,1
SF,IC2003,2020-01-03 11:28:23.900,5338.0000,53424,-1,6836164320.000,5,2,3,空平,B,5338.0000,5337.8000,5337.4000,5337.0000,5336.8000,5339.2000,5339.4000,5340.2000,5341.0000,5341.4000,1,1,1,6,2,1,1,5,1,1
SF,IC2003,2020-01-03 11:28:24.400,5338.0000,53424,0,6836164320.000,0,-,-,-,-,5338.0000,5337.8000,5337.4000,5337.0000,5336.8000,5339.0000,5339.2000,5339.4000,5340.2000,5341.0000,1,1,1,6,2,2,2,1,5,1
SF,IC2003,2020-01-03 11:28:26.400,5338.0000,53423,-1,6837231920.000,1,0,1,双平,B,5337.8000,5337.4000,5337.0000,5336.8000,5336.6000,5338.0000,5339.0000,5339.2000,5339.4000,5340.2000,1,1,6,2,3,4,2,2,1,5
SF,IC2003,2020-01-03 11:28:26.900,5338.0000,53422,-1,6839367120.000,2,0,2,空平,B,5337.8000,5337.4000,5337.0000,5336.8000,5336.6000,5338.0000,5339.0000,5339.2000,5339.4000,5340.2000,1,1,6,2,3,2,2,2,1,5
SF,IC2003,2020-01-03 11:28:27.400,5338.0000,53420,-2,6841502320.000,2,0,2,双平,B,5338.0000,5337.8000,5337.4000,5337.0000,5336.8000,5339.0000,5339.4000,5340.2000,5341.0000,5341.4000,5,1,1,6,2,2,1,5,1,1
SF,IC2003,2020-01-03 11:28:27.900,5339.0000,53419,-1,6844705520.000,3,1,2,空平,B,5338.0000,5337.8000,5337.4000,5337.0000,5336.8000,5339.4000,5340.2000,5341.0000,5341.4000,5341.8000,3,1,1,6,2,1,5,1,1,1
SF,IC2003,2020-01-03 11:28:28.400,5339.0000,53419,0,6844705520.000,0,-,-,-,-,5338.0000,5337.8000,5337.4000,5337.0000,5336.8000,5339.2000,5339.4000,5340.2000,5341.0000,5341.4000,3,1,1,6,2,2,1,5,1,1
SF,IC2003,2020-01-03 11:28:28.900,5339.0000,53419,0,6844705520.000,0,-,-,-,-,5338.2000,5338.0000,5337.8000,5337.4000,5337.0000,5339.4000,5340.2000,5341.0000,5341.4000,5341.8000,2,3,1,1,6,1,5,1,1,1
SF,IC2003,2020-01-03 11:28:29.400,5339.0000,53419,0,6844705520.000,0,-,-,-,-,5339.2000,5338.2000,5337.8000,5337.4000,5337.0000,5339.4000,5340.2000,5341.0000,5341.4000,5341.8000,3,2,1,1,6,1,5,1,1,1
SF,IC2003,2020-01-03 11:28:29.900,5339.2000,53417,-2,6847909040.000,3,0,3,空平,B,5338.2000,5337.8000,5337.4000,5337.0000,5336.8000,5339.4000,5340.2000,5341.0000,5341.4000,5341.8000,2,1,1,6,2,1,5,1,1,1
SF,IC2003,2020-01-03 11:28:30.400,5339.2000,53417,0,6847909040.000,0,-,-,-,-,5339.0000,5338.2000,5337.8000,5337.4000,5337.0000,5339.4000,5340.2000,5341.0000,5341.4000,5341.8000,1,2,1,1,6,1,5,1,1,1
SF,IC2003,2020-01-03 11:28:30.900,5339.0000,53418,1,6848976840.000,1,1,0,双开,B,5338.2000,5337.8000,5337.4000,5337.0000,5336.8000,5339.4000,5340.2000,5341.0000,5341.4000,5341.8000,2,1,1,6,2,1,5,1,1,1
SF,IC2003,2020-01-03 11:28:31.400,5339.0000,53418,0,6848976840.000,0,-,-,-,-,5338.2000,5337.8000,5337.4000,5337.0000,5336.8000,5339.4000,5340.0000,5340.2000,5341.0000,5341.4000,2,1,1,6,2,1,1,5,1,1
SF,IC2003,2020-01-03 11:28:31.900,5338.2000,53417,-1,6850044480.000,1,0,1,双平,B,5338.2000,5337.8000,5337.4000,5337.0000,5336.8000,5339.4000,5340.0000,5340.2000,5341.0000,5341.4000,1,1,1,6,2,1,1,5,1,1
SF,IC2003,2020-01-03 11:28:32.400,5338.2000,53417,0,6850044480.000,0,-,-,-,-,5338.2000,5337.8000,5337.4000,5337.0000,5336.8000,5339.4000,5340.0000,5340.2000,5341.0000,5341.4000,1,1,1,6,2,1,1,5,1,1
SF,IC2003,2020-01-03 11:28:32.900,5338.2000,53417,0,6850044480.000,0,-,-,-,-,5338.4000,5338.2000,5337.8000,5337.4000,5337.0000,5339.4000,5340.0000,5340.2000,5341.0000,5341.4000,1,1,1,1,6,1,1,5,1,1
SF,IC2003,2020-01-03 11:28:33.400,5338.2000,53417,0,6850044480.000,0,-,-,-,-,5338.6000,5338.4000,5337.8000,5337.4000,5337.0000,5339.4000,5340.0000,5340.2000,5341.0000,5341.4000,2,1,1,1,6,1,1,5,1,1
SF,IC2003,2020-01-03 11:28:33.900,5339.4000,53417,0,6851112360.000,1,0,1,空换,B,5338.6000,5338.4000,5337.8000,5337.4000,5337.0000,5340.0000,5340.2000,5341.0000,5341.4000,5341.8000,2,1,1,1,6,1,5,1,1,1
SF,IC2003,2020-01-03 11:28:34.400,5339.4000,53417,0,6851112360.000,0,-,-,-,-,5338.6000,5338.4000,5337.8000,5337.4000,5337.0000,5340.0000,5340.2000,5341.0000,5341.4000,5341.8000,2,1,1,1,6,1,5,1,1,1
SF,IC2003,2020-01-03 11:28:34.900,5339.4000,53417,0,6851112360.000,0,-,-,-,-,5338.6000,5338.4000,5337.8000,5337.4000,5337.0000,5339.8000,5340.0000,5340.2000,5341.0000,5341.4000,2,1,1,1,6,2,1,5,1,1
SF,IC2003,2020-01-03 11:28:36.400,5339.4000,53417,0,6851112360.000,0,-,-,-,-,5338.8000,5338.6000,5338.4000,5337.8000,5337.4000,5339.8000,5340.0000,5340.2000,5341.0000,5341.4000,1,2,1,1,1,2,1,5,1,1
SF,IC2003,2020-01-03 11:28:36.900,5339.4000,53417,0,6851112360.000,0,-,-,-,-,5338.8000,5338.4000,5337.8000,5337.4000,5337.0000,5339.8000,5340.0000,5340.2000,5341.0000,5341.4000,1,1,1,1,6,2,1,5,1,1
SF,IC2003,2020-01-03 11:28:37.900,5339.4000,53417,0,6851112360.000,0,-,-,-,-,5339.4000,5338.8000,5338.4000,5337.8000,5337.4000,5339.8000,5340.0000,5340.2000,5341.0000,5341.4000,1,1,1,1,1,2,1,5,1,1
SF,IC2003,2020-01-03 11:28:38.400,5339.4000,53417,0,6854316000.000,3,1,2,空换,B,5338.8000,5338.6000,5338.4000,5337.8000,5337.4000,5339.8000,5340.0000,5340.2000,5341.0000,5341.4000,1,1,1,1,1,2,1,5,1,1
SF,IC2003,2020-01-03 11:28:38.900,5339.4000,53417,0,6854316000.000,0,-,-,-,-,5338.8000,5338.6000,5338.4000,5337.8000,5337.4000,5339.6000,5339.8000,5340.0000,5340.2000,5341.0000,1,1,1,1,1,1,2,1,5,1
SF,IC2003,2020-01-03 11:28:39.400,5339.6000,53417,0,6855383920.000,1,0,1,空换,B,5338.8000,5338.6000,5338.4000,5337.8000,5337.4000,5339.4000,5339.8000,5340.0000,5340.2000,5341.0000,1,1,1,1,1,4,2,1,5,1
SF,IC2003,2020-01-03 11:28:39.900,5339.4000,53417,0,6858587560.000,3,1,2,空换,B,5338.8000,5338.6000,5338.4000,5337.8000,5337.4000,5339.4000,5340.0000,5340.2000,5341.0000,5341.4000,1,1,1,1,1,1,1,5,1,1
SF,IC2003,2020-01-03 11:28:40.400,5339.4000,53417,0,6858587560.000,0,-,-,-,-,5339.0000,5338.8000,5338.6000,5337.8000,5337.4000,5339.4000,5340.0000,5340.2000,5341.0000,5341.4000,2,1,1,1,1,1,1,5,1,1
SF,IC2003,2020-01-03 11:28:40.900,5339.4000,53415,-2,6860723320.000,2,0,2,双平,B,5339.4000,5339.0000,5338.8000,5338.6000,5337.8000,5340.0000,5340.2000,5341.0000,5341.4000,5341.8000,2,2,1,1,1,1,5,1,1,1
SF,IC2003,2020-01-03 11:28:41.400,5340.0000,53414,-1,6861791320.000,1,0,1,双平,B,5340.0000,5339.4000,5339.0000,5338.8000,5338.6000,5340.2000,5341.0000,5341.4000,5341.8000,5342.4000,1,2,2,1,1,5,1,1,1,1
SF,IC2003,2020-01-03 11:28:41.900,5340.0000,53414,0,6861791320.000,0,-,-,-,-,5339.4000,5339.0000,5338.8000,5338.6000,5337.8000,5340.2000,5341.0000,5341.4000,5341.8000,5342.4000,2,2,1,1,1,5,1,1,1,1
SF,IC2003,2020-01-03 11:28:43.400,5340.0000,53414,0,6861791320.000,0,-,-,-,-,5339.6000,5339.4000,5339.0000,5338.8000,5338.6000,5340.2000,5341.0000,5341.4000,5341.8000,5342.4000,1,2,2,1,1,5,1,1,1,1
SF,IC2003,2020-01-03 11:28:44.400,5340.0000,53414,0,6861791320.000,0,-,-,-,-,5339.6000,5339.4000,5339.0000,5338.8000,5338.6000,5340.2000,5341.0000,5341.4000,5341.8000,5342.4000,1,2,2,1,1,5,1,1,1,1
SF,IC2003,2020-01-03 11:28:44.900,5340.0000,53414,0,6861791320.000,0,-,-,-,-,5339.6000,5339.4000,5339.0000,5338.6000,5337.8000,5340.2000,5341.0000,5341.4000,5341.8000,5342.4000,1,2,2,1,1,5,1,1,1,1
SF,IC2003,2020-01-03 11:28:45.400,5339.6000,53413,-1,6862859240.000,1,0,1,双平,B,5339.4000,5339.0000,5338.6000,5337.8000,5337.4000,5340.2000,5341.0000,5341.4000,5341.8000,5342.4000,2,2,1,1,1,5,1,1,1,1
SF,IC2003,2020-01-03 11:28:45.900,5339.6000,53413,0,6862859240.000,0,-,-,-,-,5339.4000,5339.0000,5338.6000,5337.8000,5337.4000,5340.2000,5341.0000,5341.4000,5341.8000,5342.4000,1,2,1,1,1,5,1,1,1,1
SF,IC2003,2020-01-03 11:28:46.900,5339.6000,53413,0,6862859240.000,0,-,-,-,-,5339.0000,5338.6000,5337.8000,5337.4000,5337.0000,5340.2000,5341.0000,5341.4000,5341.8000,5342.4000,2,1,1,1,6,5,1,1,1,1
SF,IC2003,2020-01-03 11:28:47.900,5339.0000,53412,-1,6863927040.000,1,0,1,双平,B,5339.0000,5338.6000,5337.8000,5337.4000,5337.0000,5340.2000,5341.0000,5341.4000,5341.8000,5342.4000,1,1,1,1,6,5,1,1,1,1
SF,IC2003,2020-01-03 11:28:48.400,5339.0000,53412,0,6863927040.000,0,-,-,-,-,5338.6000,5337.8000,5337.4000,5337.0000,5336.8000,5340.0000,5340.2000,5341.0000,5341.4000,5341.8000,1,1,1,6,2,3,5,1,1,1
SF,IC2003,2020-01-03 11:28:48.900,5339.0000,53412,0,6863927040.000,0,-,-,-,-,5338.6000,5337.8000,5337.4000,5337.0000,5336.8000,5339.0000,5340.0000,5340.2000,5341.0000,5341.4000,1,1,1,6,2,2,3,5,1,1
SF,IC2003,2020-01-03 11:28:50.400,5338.6000,53413,1,6864994760.000,1,1,0,双开,B,5337.8000,5337.4000,5337.0000,5336.8000,5336.6000,5338.4000,5339.0000,5340.0000,5340.2000,5341.0000,1,1,6,2,3,1,2,3,5,1
SF,IC2003,2020-01-03 11:28:50.900,5338.6000,53413,0,6864994760.000,0,-,-,-,-,5337.8000,5337.4000,5337.0000,5336.8000,5336.6000,5339.0000,5340.0000,5340.2000,5341.0000,5341.4000,1,1,6,2,3,2,3,5,1,1
SF,IC2003,2020-01-03 11:28:51.400,5338.6000,53413,0,6864994760.000,0,-,-,-,-,5337.8000,5337.4000,5337.0000,5336.8000,5336.6000,5338.8000,5339.0000,5340.2000,5341.0000,5341.4000,1,1,6,2,3,2,2,5,1,1
SF,IC2003,2020-01-03 11:28:53.400,5337.8000,53413,0,6866062320.000,1,0,1,空换,B,5337.4000,5337.0000,5336.8000,5336.6000,5336.4000,5338.8000,5339.0000,5340.2000,5341.0000,5341.4000,1,6,2,3,2,2,2,5,1,1
SF,IC2003,2020-01-03 11:28:53.900,5337.4000,53413,0,6868197280.000,2,1,1,空换,B,5337.0000,5336.8000,5336.6000,5336.4000,5336.0000,5338.8000,5339.0000,5340.2000,5341.0000,5341.4000,6,2,3,2,4,2,2,5,1,1
SF,IC2003,2020-01-03 11:28:54.400,5337.4000,53413,0,6868197280.000,0,-,-,-,-,5338.0000,5337.2000,5337.0000,5336.8000,5336.6000,5338.8000,5339.0000,5340.2000,5341.0000,5341.4000,1,2,6,2,3,2,2,5,1,1
SF,IC2003,2020-01-03 11:28:54.900,5338.0000,53413,0,6869264880.000,1,0,1,空换,B,5337.0000,5336.8000,5336.6000,5336.4000,5336.0000,5337.6000,5338.0000,5338.8000,5339.0000,5340.2000,6,2,3,2,4,9,1,2,2,5
SF,IC2003,2020-01-03 11:28:55.400,5338.0000,53413,0,6869264880.000,0,-,-,-,-,5337.0000,5336.8000,5336.6000,5336.4000,5336.0000,5337.6000,5338.8000,5339.0000,5340.2000,5341.0000,6,2,1,2,4,9,2,2,5,1
SF,IC2003,2020-01-03 11:28:55.900,5337.6000,53412,-1,6870332400.000,1,0,1,双平,B,5337.0000,5336.8000,5336.6000,5336.4000,5336.0000,5337.6000,5338.8000,5339.0000,5340.2000,5341.0000,6,2,1,2,4,8,2,2,5,1
SF,IC2003,2020-01-03 11:28:56.400,5337.0000,53412,0,6871399800.000,1,0,1,空换,B,5337.0000,5336.8000,5336.6000,5336.4000,5336.0000,5337.6000,5338.8000,5339.0000,5340.2000,5341.0000,5,2,1,2,4,8,2,2,5,1
SF,IC2003,2020-01-03 11:28:56.900,5337.0000,53411,-1,6874602000.000,3,1,2,空平,B,5337.0000,5336.8000,5336.6000,5336.4000,5336.0000,5337.6000,5338.8000,5339.0000,5340.2000,5341.0000,2,2,1,2,4,8,2,2,5,1
SF,IC2003,2020-01-03 11:28:57.400,5337.4000,53409,-2,6877804280.000,3,0,3,空平,B,5336.8000,5336.6000,5336.4000,5336.0000,5335.8000,5337.6000,5338.8000,5339.0000,5340.2000,5341.0000,2,1,2,4,1,8,2,2,5,1
SF,IC2003,2020-01-03 11:28:57.900,5337.4000,53409,0,6877804280.000,0,-,-,-,-,5336.8000,5336.6000,5336.4000,5336.0000,5335.8000,5337.6000,5338.8000,5339.0000,5340.2000,5341.0000,2,1,2,4,1,8,2,2,5,1
SF,IC2003,2020-01-03 11:28:58.400,5337.4000,53409,0,6877804280.000,0,-,-,-,-,5337.0000,5336.8000,5336.6000,5336.4000,5336.0000,5338.8000,5339.0000,5340.2000,5341.0000,5341.4000,2,2,1,2,4,2,2,5,1,1
SF,IC2003,2020-01-03 11:28:58.900,5337.4000,53409,0,6877804280.000,0,-,-,-,-,5337.2000,5336.8000,5336.6000,5336.4000,5336.0000,5338.0000,5338.6000,5338.8000,5339.0000,5340.2000,1,2,1,2,4,1,1,2,2,5
SF,IC2003,2020-01-03 11:28:59.900,5337.4000,53409,0,6877804280.000,0,-,-,-,-,5337.2000,5336.8000,5336.6000,5336.4000,5336.0000,5338.0000,5338.6000,5338.8000,5339.0000,5340.2000,1,2,1,2,4,1,1,2,2,5
SF,IC2003,2020-01-03 11:29:00.400,5337.4000,53409,0,6877804280.000,0,-,-,-,-,5337.4000,5337.2000,5336.8000,5336.6000,5336.4000,5338.8000,5339.0000,5340.2000,5341.0000,5341.4000,2,3,2,1,2,2,2,5,1,1
SF,IC2003,2020-01-03 11:29:00.900,5338.8000,53408,-1,6878872040.000,1,0,1,双平,B,5337.4000,5337.2000,5336.8000,5336.6000,5336.4000,5338.8000,5339.0000,5340.2000,5341.0000,5341.4000,2,2,2,1,2,1,2,5,1,1
SF,IC2003,2020-01-03 11:29:01.400,5338.8000,53408,0,6878872040.000,0,-,-,-,-,5337.4000,5337.2000,5336.8000,5336.6000,5336.4000,5339.0000,5340.2000,5341.0000,5341.4000,5341.8000,2,2,2,1,2,2,5,1,1,1
SF,IC2003,2020-01-03 11:29:02.400,5338.8000,53408,0,6878872040.000,0,-,-,-,-,5337.4000,5337.2000,5336.8000,5336.6000,5336.4000,5338.8000,5339.0000,5340.2000,5341.0000,5341.4000,2,2,2,1,2,1,2,5,1,1
SF,IC2003,2020-01-03 11:29:02.900,5338.8000,53408,0,6878872040.000,0,-,-,-,-,5337.2000,5336.8000,5336.6000,5336.4000,5336.0000,5338.6000,5338.8000,5339.0000,5340.2000,5341.0000,2,2,1,2,4,2,1,2,5,1
SF,IC2003,2020-01-03 11:29:03.900,5338.8000,53408,0,6878872040.000,0,-,-,-,-,5337.2000,5336.8000,5336.6000,5336.4000,5336.0000,5338.2000,5338.6000,5338.8000,5339.0000,5340.2000,2,2,1,2,4,1,2,1,2,5
SF,IC2003,2020-01-03 11:29:04.400,5338.8000,53408,0,6878872040.000,0,-,-,-,-,5337.2000,5336.8000,5336.6000,5336.4000,5336.0000,5338.0000,5338.2000,5338.8000,5339.0000,5340.2000,2,2,1,2,4,2,1,1,2,5
SF,IC2003,2020-01-03 11:29:04.900,5338.8000,53408,0,6878872040.000,0,-,-,-,-,5337.2000,5336.8000,5336.6000,5336.4000,5336.0000,5338.0000,5338.2000,5338.8000,5340.2000,5341.0000,2,2,1,2,4,2,1,1,5,1
SF,IC2003,2020-01-03 11:29:05.400,5338.8000,53408,0,6878872040.000,0,-,-,-,-,5337.2000,5336.8000,5336.6000,5336.4000,5336.0000,5338.2000,5340.2000,5341.0000,5341.4000,5341.8000,2,2,1,2,4,1,5,1,1,1
SF,IC2003,2020-01-03 11:29:05.900,5338.8000,53408,0,6878872040.000,0,-,-,-,-,5337.4000,5337.2000,5336.8000,5336.6000,5336.4000,5338.2000,5340.2000,5341.0000,5341.4000,5341.8000,2,2,2,1,2,1,5,1,1,1
SF,IC2003,2020-01-03 11:29:06.400,5337.4000,53408,0,6879939520.000,1,0,1,空换,B,5337.4000,5337.2000,5336.8000,5336.6000,5336.4000,5338.2000,5340.2000,5341.0000,5341.4000,5341.8000,1,2,2,1,2,1,5,1,1,1
SF,IC2003,2020-01-03 11:29:08.400,5337.4000,53408,0,6881007000.000,1,0,1,空换,B,5337.2000,5336.8000,5336.6000,5336.4000,5336.0000,5337.4000,5337.6000,5338.2000,5340.2000,5341.0000,2,2,1,2,4,2,1,1,5,1
SF,IC2003,2020-01-03 11:29:08.900,5337.4000,53411,3,6884209360.000,3,3,0,双开,B,5336.8000,5336.6000,5336.4000,5336.0000,5335.8000,5338.2000,5340.2000,5341.0000,5341.4000,5341.8000,2,1,2,4,1,1,5,1,1,1
SF,IC2003,2020-01-03 11:29:09.400,5336.8000,53410,-1,6885276720.000,1,0,1,双平,B,5336.8000,5336.6000,5336.4000,5336.0000,5335.8000,5337.8000,5338.0000,5338.2000,5340.2000,5341.0000,1,1,2,4,1,1,2,2,5,1
SF,IC2003,2020-01-03 11:29:09.900,5336.4000,53414,4,6889545960.000,4,4,0,双开,B,5336.0000,5335.8000,5335.4000,5335.2000,5335.0000,5336.8000,5337.6000,5337.8000,5338.2000,5340.2000,4,1,2,1,9,1,1,1,1,5
SF,IC2003,2020-01-03 11:29:10.400,5336.4000,53414,0,6889545960.000,0,-,-,-,-,5336.0000,5335.8000,5335.4000,5335.2000,5335.0000,5337.6000,5337.8000,5338.2000,5340.2000,5341.0000,4,1,2,1,9,1,1,1,5,1
SF,IC2003,2020-01-03 11:29:10.900,5336.4000,53414,0,6889545960.000,0,-,-,-,-,5336.0000,5335.8000,5335.4000,5335.2000,5335.0000,5336.8000,5337.4000,5337.6000,5337.8000,5338.2000,4,1,2,1,9,3,2,1,1,1
SF,IC2003,2020-01-03 11:29:11.400,5336.8000,53413,-1,6891680520.000,2,0,2,空平,B,5336.0000,5335.8000,5335.4000,5335.2000,5335.0000,5336.8000,5337.4000,5337.6000,5337.8000,5338.2000,3,1,2,1,9,2,2,2,1,1
SF,IC2003,2020-01-03 11:29:11.900,5336.8000,53413,0,6891680520.000,0,-,-,-,-,5336.0000,5335.8000,5335.4000,5335.2000,5335.0000,5336.8000,5337.4000,5337.6000,5337.8000,5338.2000,3,1,2,1,9,2,2,1,1,1
SF,IC2003,2020-01-03 11:29:12.400,5336.8000,53413,0,6893815240.000,2,1,1,空换,B,5336.2000,5336.0000,5335.8000,5335.4000,5335.2000,5337.6000,5337.8000,5340.2000,5341.0000,5341.8000,2,3,1,2,1,1,1,5,1,1
SF,IC2003,2020-01-03 11:29:12.900,5336.8000,53413,0,6893815240.000,0,-,-,-,-,5336.2000,5336.0000,5335.8000,5335.4000,5335.2000,5337.6000,5337.8000,5339.8000,5340.2000,5341.0000,2,3,1,2,1,1,1,1,5,1
SF,IC2003,2020-01-03 11:29:13.400,5336.8000,53413,0,6893815240.000,0,-,-,-,-,5336.4000,5336.2000,5336.0000,5335.8000,5335.4000,5337.4000,5337.6000,5337.8000,5339.8000,5340.2000,1,2,3,1,2,2,1,1,1,5
SF,IC2003,2020-01-03 11:29:13.900,5336.8000,53413,0,6893815240.000,0,-,-,-,-,5336.6000,5336.4000,5336.0000,5335.8000,5335.4000,5337.8000,5339.8000,5340.2000,5341.0000,5341.8000,2,1,3,1,2,1,1,5,1,1
SF,IC2003,2020-01-03 11:29:14.400,5336.8000,53413,0,6893815240.000,0,-,-,-,-,5336.6000,5336.4000,5336.0000,5335.8000,5335.4000,5337.4000,5337.8000,5339.8000,5340.2000,5341.0000,2,1,3,1,2,1,1,1,5,1
SF,IC2003,2020-01-03 11:29:14.900,5336.6000,53413,0,6895950040.000,2,1,1,空换,B,5336.6000,5336.4000,5336.0000,5335.8000,5335.4000,5339.8000,5340.2000,5341.0000,5341.8000,5342.0000,1,1,3,1,2,1,5,1,1,1
SF,IC2003,2020-01-03 11:29:15.400,5336.6000,53413,0,6897017360.000,1,0,1,空换,B,5336.8000,5336.6000,5336.4000,5336.0000,5335.8000,5338.4000,5339.4000,5339.6000,5339.8000,5340.2000,1,1,1,3,1,1,2,6,3,5
SF,IC2003,2020-01-03 11:29:15.900,5336.6000,53413,0,6897017360.000,0,-,-,-,-,5336.4000,5336.0000,5335.8000,5335.4000,5335.2000,5338.2000,5338.4000,5339.4000,5339.6000,5339.8000,1,3,1,2,1,2,1,2,3,3
SF,IC2003,2020-01-03 11:29:16.400,5336.6000,53413,0,6897017360.000,0,-,-,-,-,5336.8000,5336.4000,5336.0000,5335.8000,5335.4000,5338.0000,5338.2000,5338.4000,5339.4000,5339.6000,2,1,3,1,2,1,2,1,2,2
SF,IC2003,2020-01-03 11:29:16.900,5336.6000,53413,0,6897017360.000,0,-,-,-,-,5336.4000,5336.0000,5335.8000,5335.4000,5335.2000,5337.4000,5337.8000,5338.0000,5338.4000,5339.4000,1,3,1,2,1,1,2,1,1,2
SF,IC2003,2020-01-03 11:29:18.400,5336.4000,53412,-1,6898084640.000,1,0,1,双平,B,5336.0000,5335.8000,5335.4000,5335.2000,5335.0000,5336.4000,5337.4000,5337.8000,5338.0000,5338.4000,3,1,2,1,10,2,1,2,1,1
SF,IC2003,2020-01-03 11:29:18.900,5336.4000,53412,0,6900219200.000,2,1,1,空换,B,5336.4000,5336.2000,5336.0000,5335.8000,5335.4000,5337.4000,5337.8000,5338.0000,5339.4000,5339.6000,2,1,3,1,2,1,2,1,2,2
SF,IC2003,2020-01-03 11:29:19.400,5336.4000,53412,0,6900219200.000,0,-,-,-,-,5336.4000,5336.0000,5335.8000,5335.4000,5335.2000,5337.2000,5337.4000,5339.4000,5339.6000,5339.8000,1,3,1,2,1,3,1,2,2,3
SF,IC2003,2020-01-03 11:29:19.900,5336.4000,53412,0,6900219200.000,0,-,-,-,-,5336.4000,5336.0000,5335.8000,5335.4000,5335.2000,5337.2000,5337.4000,5339.4000,5339.6000,5339.8000,1,3,1,2,1,1,1,2,2,3
SF,IC2003,2020-01-03 11:29:20.400,5336.4000,53412,0,6900219200.000,0,-,-,-,-,5336.4000,5336.0000,5335.8000,5335.4000,5335.2000,5337.2000,5339.4000,5339.6000,5339.8000,5340.2000,1,3,1,2,1,1,2,2,3,5
SF,IC2003,2020-01-03 11:29:20.900,5337.0000,53411,-1,6901286600.000,1,0,1,双平,B,5336.0000,5335.8000,5335.4000,5335.2000,5335.0000,5339.2000,5339.4000,5339.6000,5339.8000,5340.2000,3,1,2,1,10,1,2,2,3,5
SF,IC2003,2020-01-03 11:29:21.400,5337.0000,53411,0,6901286600.000,0,-,-,-,-,5336.2000,5336.0000,5335.8000,5335.4000,5335.2000,5338.2000,5338.8000,5339.2000,5339.4000,5339.6000,2,3,1,2,1,1,3,1,1,2
SF,IC2003,2020-01-03 11:29:21.900,5337.0000,53411,0,6901286600.000,0,-,-,-,-,5336.4000,5336.2000,5336.0000,5335.8000,5335.4000,5338.0000,5338.2000,5338.6000,5338.8000,5339.2000,2,2,3,1,2,2,1,1,3,1
SF,IC2003,2020-01-03 11:29:22.400,5337.0000,53411,0,6901286600.000,0,-,-,-,-,5336.2000,5336.0000,5335.8000,5335.4000,5335.2000,5337.8000,5338.0000,5338.2000,5338.6000,5338.8000,2,3,1,2,1,2,2,1,1,3
SF,IC2003,2020-01-03 11:29:22.900,5337.0000,53411,0,6901286600.000,0,-,-,-,-,5336.2000,5336.0000,5335.8000,5335.4000,5335.2000,5337.6000,5337.8000,5338.2000,5338.6000,5338.8000,2,3,1,2,1,2,2,1,1,3
SF,IC2003,2020-01-03 11:29:23.400,5336.2000,53411,0,6902353840.000,1,0,1,空换,B,5336.2000,5336.0000,5335.8000,5335.4000,5335.2000,5337.6000,5337.8000,5338.2000,5338.8000,5339.4000,1,3,1,2,1,2,2,1,3,1
SF,IC2003,2020-01-03 11:29:23.900,5336.2000,53411,0,6902353840.000,0,-,-,-,-,5336.4000,5336.2000,5336.0000,5335.8000,5335.4000,5337.4000,5337.6000,5337.8000,5338.2000,5338.8000,2,2,4,1,2,1,2,1,1,3
SF,IC2003,2020-01-03 11:29:24.400,5336.2000,53411,0,6902353840.000,0,-,-,-,-,5336.0000,5335.8000,5335.4000,5335.2000,5335.0000,5337.2000,5337.4000,5337.8000,5338.2000,5338.8000,4,1,2,1,10,2,1,1,1,3
SF,IC2003,2020-01-03 11:29:24.900,5336.2000,53411,0,6902353840.000,0,-,-,-,-,5336.2000,5336.0000,5335.8000,5335.4000,5335.2000,5337.2000,5337.4000,5337.8000,5338.8000,5339.4000,2,4,1,2,1,2,1,1,3,1
SF,IC2003,2020-01-03 11:29:25.400,5336.2000,53410,-1,6903421080.000,1,0,1,双平,B,5336.2000,5336.0000,5335.8000,5335.4000,5335.2000,5337.2000,5337.4000,5338.8000,5339.4000,5339.6000,1,4,1,2,1,2,1,3,1,2
SF,IC2003,2020-01-03 11:29:25.900,5336.2000,53410,0,6903421080.000,0,-,-,-,-,5336.2000,5336.0000,5335.8000,5335.4000,5335.2000,5337.0000,5337.2000,5338.8000,5339.4000,5339.6000,1,4,1,2,1,2,2,3,1,2
SF,IC2003,2020-01-03 11:29:26.400,5336.2000,53406,-4,6910892360.000,7,1,6,空平,B,5336.0000,5335.8000,5335.4000,5335.2000,5335.0000,5336.2000,5338.8000,5339.4000,5339.6000,5339.8000,4,1,2,1,10,1,3,1,2,3
SF,IC2003,2020-01-03 11:29:26.900,5336.2000,53406,0,6911959600.000,1,0,1,空换,B,5336.4000,5336.2000,5336.0000,5335.8000,5335.4000,5338.8000,5339.4000,5339.6000,5339.8000,5340.2000,1,6,4,1,2,3,1,2,3,5
SF,IC2003,2020-01-03 11:29:27.400,5336.2000,53406,0,6911959600.000,0,-,-,-,-,5336.4000,5336.2000,5336.0000,5335.8000,5335.4000,5338.0000,5338.6000,5338.8000,5339.4000,5339.6000,1,4,4,1,2,1,2,3,1,2
SF,IC2003,2020-01-03 11:29:27.900,5336.2000,53406,0,6911959600.000,0,-,-,-,-,5336.4000,5336.2000,5336.0000,5335.8000,5335.4000,5337.8000,5338.0000,5338.8000,5339.4000,5339.6000,1,4,4,1,2,2,1,3,1,2
SF,IC2003,2020-01-03 11:29:28.400,5336.2000,53406,0,6911959600.000,0,-,-,-,-,5336.4000,5336.2000,5336.0000,5335.8000,5335.4000,5337.8000,5338.0000,5338.8000,5339.4000,5339.6000,1,3,4,1,2,2,1,1,1,2
SF,IC2003,2020-01-03 11:29:28.900,5337.8000,53405,-1,6913027160.000,1,0,1,双平,B,5336.6000,5336.4000,5336.2000,5336.0000,5335.8000,5337.8000,5338.0000,5338.8000,5339.4000,5339.6000,1,1,2,4,1,1,1,1,1,2
SF,IC2003,2020-01-03 11:29:29.400,5337.8000,53404,-1,6914094720.000,1,0,1,双平,B,5336.6000,5336.4000,5336.2000,5336.0000,5335.8000,5338.0000,5338.8000,5339.0000,5339.4000,5339.6000,1,1,2,4,1,1,1,1,1,2
SF,IC2003,2020-01-03 11:29:29.900,5336.6000,53403,-1,6915162040.000,1,0,1,双平,B,5336.4000,5336.2000,5336.0000,5335.8000,5335.4000,5337.8000,5338.0000,5338.8000,5339.0000,5339.4000,1,2,5,1,2,2,1,1,1,1
SF,IC2003,2020-01-03 11:29:30.400,5336.6000,53400,-3,6918364000.000,3,0,3,双平,B,5336.0000,5335.8000,5335.4000,5335.2000,5335.0000,5338.0000,5339.0000,5339.4000,5339.6000,5339.8000,7,1,2,1,10,1,1,1,2,3
SF,IC2003,2020-01-03 11:29:30.900,5336.0000,53396,-4,6924767360.000,6,1,5,空平,B,5336.0000,5335.8000,5335.4000,5335.2000,5335.0000,5338.0000,5339.0000,5339.4000,5339.6000,5339.8000,5,1,2,1,10,1,1,1,2,3
SF,IC2003,2020-01-03 11:29:31.400,5337.4000,53396,0,6926902040.000,2,1,1,空换,B,5336.0000,5335.8000,5335.4000,5335.2000,5335.0000,5337.8000,5338.0000,5339.0000,5339.4000,5339.6000,5,1,2,1,10,2,1,1,1,2
SF,IC2003,2020-01-03 11:29:31.900,5337.8000,53395,-1,6930104600.000,3,1,2,空平,B,5337.2000,5336.8000,5336.6000,5336.4000,5336.0000,5339.0000,5339.6000,5339.8000,5340.2000,5341.0000,1,1,4,3,5,1,1,1,5,1
SF,IC2003,2020-01-03 11:29:32.400,5337.4000,53395,0,6931172080.000,1,0,1,空换,B,5337.4000,5336.8000,5336.6000,5336.4000,5336.0000,5339.0000,5339.2000,5339.6000,5339.8000,5340.2000,1,1,2,3,6,1,1,1,1,5
SF,IC2003,2020-01-03 11:29:32.900,5336.8000,53395,0,6932239440.000,1,0,1,空换,B,5336.6000,5336.4000,5336.0000,5335.8000,5335.4000,5338.8000,5339.0000,5339.2000,5339.6000,5339.8000,2,3,6,1,2,2,1,1,1,1
SF,IC2003,2020-01-03 11:29:33.400,5336.8000,53395,0,6932239440.000,0,-,-,-,-,5337.4000,5337.0000,5336.8000,5336.6000,5336.4000,5338.8000,5339.0000,5339.2000,5339.6000,5340.2000,1,1,1,2,1,2,1,1,1,5
SF,IC2003,2020-01-03 11:29:33.900,5336.8000,53395,0,6932239440.000,0,-,-,-,-,5337.0000,5336.6000,5336.4000,5336.0000,5335.8000,5338.6000,5338.8000,5339.0000,5339.2000,5339.6000,1,2,2,6,1,1,2,1,1,1
SF,IC2003,2020-01-03 11:29:34.400,5336.8000,53395,0,6932239440.000,0,-,-,-,-,5337.0000,5336.6000,5336.4000,5336.0000,5335.8000,5338.4000,5338.6000,5339.0000,5339.2000,5339.6000,1,2,2,6,1,2,1,1,1,1
SF,IC2003,2020-01-03 11:29:34.900,5336.8000,53395,0,6932239440.000,0,-,-,-,-,5336.6000,5336.4000,5336.0000,5335.8000,5335.4000,5337.4000,5338.4000,5338.6000,5339.0000,5339.2000,2,2,6,1,2,2,2,1,1,1
SF,IC2003,2020-01-03 11:29:35.400,5336.8000,53395,0,6932239440.000,0,-,-,-,-,5336.8000,5336.6000,5336.4000,5336.0000,5335.8000,5337.4000,5338.4000,5338.6000,5339.0000,5339.2000,1,2,2,6,1,2,2,1,1,1
SF,IC2003,2020-01-03 11:29:35.900,5337.4000,53394,-1,6933306920.000,1,0,1,双平,B,5336.8000,5336.6000,5336.4000,5336.0000,5335.8000,5337.4000,5338.4000,5338.6000,5339.0000,5339.2000,1,2,2,6,1,1,2,1,1,1
SF,IC2003,2020-01-03 11:29:36.400,5337.4000,53394,0,6933306920.000,0,-,-,-,-,5336.8000,5336.4000,5336.0000,5335.8000,5335.4000,5337.4000,5338.4000,5338.6000,5339.0000,5339.2000,1,1,6,1,2,1,2,1,1,1
SF,IC2003,2020-01-03 11:29:36.900,5337.4000,53393,-1,6934374400.000,1,0,1,双平,B,5336.8000,5336.0000,5335.8000,5335.4000,5335.2000,5338.4000,5339.0000,5339.2000,5339.6000,5340.2000,1,6,1,2,1,2,1,1,1,5
SF,IC2003,2020-01-03 11:29:37.400,5337.4000,53393,0,6934374400.000,0,-,-,-,-,5337.0000,5336.8000,5336.0000,5335.8000,5335.4000,5338.4000,5339.0000,5339.2000,5339.6000,5340.2000,1,1,6,1,2,2,1,1,1,5
SF,IC2003,2020-01-03 11:29:37.900,5337.4000,53393,0,6934374400.000,0,-,-,-,-,5337.0000,5336.8000,5336.4000,5336.0000,5335.8000,5338.4000,5339.0000,5339.2000,5339.6000,5340.2000,1,1,1,6,1,2,1,1,1,5
SF,IC2003,2020-01-03 11:29:38.900,5337.4000,53393,0,6934374400.000,0,-,-,-,-,5337.0000,5336.8000,5336.4000,5336.0000,5335.8000,5338.4000,5339.0000,5339.2000,5339.6000,5340.2000,1,1,1,6,1,3,1,1,1,5
SF,IC2003,2020-01-03 11:29:39.400,5337.4000,53393,0,6934374400.000,0,-,-,-,-,5337.4000,5337.2000,5337.0000,5336.8000,5336.0000,5338.4000,5339.0000,5339.2000,5339.6000,5340.2000,1,1,1,1,6,3,1,1,1,5
SF,IC2003,2020-01-03 11:29:39.900,5337.4000,53393,0,6934374400.000,0,-,-,-,-,5337.2000,5337.0000,5336.8000,5336.0000,5335.8000,5338.4000,5339.0000,5339.2000,5339.6000,5340.2000,1,1,1,6,1,3,1,1,1,5
SF,IC2003,2020-01-03 11:29:40.400,5337.4000,53393,0,6934374400.000,0,-,-,-,-,5337.4000,5337.2000,5337.0000,5336.8000,5336.0000,5338.4000,5339.0000,5339.2000,5339.6000,5340.2000,1,1,1,1,6,3,1,1,1,5
SF,IC2003,2020-01-03 11:29:40.900,5337.4000,53393,0,6934374400.000,0,-,-,-,-,5337.4000,5337.2000,5337.0000,5336.8000,5336.0000,5338.4000,5339.0000,5339.2000,5339.6000,5340.2000,1,1,1,1,6,3,1,1,1,5
SF,IC2003,2020-01-03 11:29:41.900,5337.4000,53393,0,6934374400.000,0,-,-,-,-,5337.4000,5337.2000,5337.0000,5336.8000,5336.0000,5338.2000,5338.4000,5339.0000,5339.2000,5339.6000,1,1,1,1,6,1,3,1,1,1
SF,IC2003,2020-01-03 11:29:42.400,5337.4000,53393,0,6935441880.000,1,0,1,空换,B,5337.2000,5336.8000,5336.0000,5335.8000,5335.4000,5338.0000,5338.2000,5338.4000,5339.0000,5339.2000,1,1,6,1,2,2,1,1,1,1
SF,IC2003,2020-01-03 11:29:43.400,5337.4000,53393,0,6935441880.000,0,-,-,-,-,5337.2000,5336.0000,5335.8000,5335.4000,5335.2000,5338.0000,5338.2000,5338.4000,5339.0000,5339.2000,1,6,1,2,1,2,1,1,1,1
SF,IC2003,2020-01-03 11:29:43.900,5337.4000,53393,0,6935441880.000,0,-,-,-,-,5337.2000,5336.0000,5335.8000,5335.4000,5335.2000,5338.0000,5338.2000,5338.4000,5339.0000,5339.2000,1,6,1,2,1,2,1,1,1,1
SF,IC2003,2020-01-03 11:29:44.400,5338.0000,53393,0,6936509480.000,1,0,1,空换,B,5337.2000,5336.0000,5335.8000,5335.4000,5335.2000,5338.0000,5338.2000,5338.4000,5339.0000,5339.2000,1,6,1,2,1,1,1,1,1,1
SF,IC2003,2020-01-03 11:29:44.900,5338.0000,53392,-1,6937577080.000,1,0,1,双平,B,5337.2000,5336.0000,5335.8000,5335.4000,5335.2000,5338.4000,5339.0000,5339.2000,5339.6000,5340.2000,1,6,1,2,1,1,1,1,1,5
SF,IC2003,2020-01-03 11:29:45.400,5338.2000,53391,-1,6938644720.000,1,0,1,双平,B,5337.2000,5336.0000,5335.8000,5335.4000,5335.2000,5338.2000,5338.4000,5339.0000,5339.2000,5339.6000,2,6,1,2,1,1,1,1,1,1
SF,IC2003,2020-01-03 11:29:45.900,5338.2000,53391,0,6938644720.000,0,-,-,-,-,5337.2000,5336.0000,5335.8000,5335.4000,5335.2000,5338.2000,5338.4000,5339.0000,5339.2000,5340.2000,2,6,1,2,1,2,1,1,1,5
SF,IC2003,2020-01-03 11:29:46.400,5338.2000,53391,0,6938644720.000,0,-,-,-,-,5337.2000,5336.0000,5335.8000,5335.4000,5335.2000,5338.2000,5338.4000,5339.0000,5339.2000,5340.2000,3,6,1,2,1,2,1,1,1,5
SF,IC2003,2020-01-03 11:29:46.900,5338.2000,53391,0,6938644720.000,0,-,-,-,-,5337.2000,5336.0000,5335.8000,5335.4000,5335.2000,5338.2000,5338.4000,5339.0000,5339.2000,5340.2000,3,6,1,2,1,2,1,1,1,5
SF,IC2003,2020-01-03 11:29:47.400,5338.2000,53391,0,6938644720.000,0,-,-,-,-,5337.4000,5337.2000,5336.0000,5335.8000,5335.4000,5338.2000,5338.4000,5339.0000,5339.2000,5340.2000,2,3,6,1,2,1,1,1,1,5
SF,IC2003,2020-01-03 11:29:48.900,5338.2000,53391,0,6938644720.000,0,-,-,-,-,5337.4000,5337.2000,5336.0000,5335.8000,5335.4000,5338.4000,5339.0000,5339.2000,5340.2000,5341.0000,2,3,5,1,2,1,1,1,5,1
SF,IC2003,2020-01-03 11:29:49.900,5338.2000,53391,0,6938644720.000,0,-,-,-,-,5337.4000,5337.2000,5336.0000,5335.8000,5335.4000,5339.0000,5339.2000,5340.2000,5341.0000,5341.6000,2,2,5,1,2,1,1,5,1,1
SF,IC2003,2020-01-03 11:29:50.400,5337.4000,53390,-1,6939712200.000,1,0,1,双平,B,5337.4000,5337.2000,5336.0000,5335.8000,5335.4000,5338.8000,5339.0000,5339.2000,5340.2000,5341.0000,1,2,5,1,2,1,1,1,5,1
SF,IC2003,2020-01-03 11:29:50.900,5337.4000,53390,0,6939712200.000,0,-,-,-,-,5337.4000,5337.2000,5336.0000,5335.8000,5335.4000,5338.8000,5339.0000,5339.2000,5340.2000,5341.0000,1,2,5,1,2,1,1,1,5,1
SF,IC2003,2020-01-03 11:29:51.400,5338.8000,53390,0,6940779960.000,1,0,1,空换,B,5337.6000,5337.4000,5337.2000,5336.0000,5335.8000,5339.0000,5339.2000,5340.2000,5341.0000,5341.6000,1,1,2,5,1,1,1,5,1,1
SF,IC2003,2020-01-03 11:29:51.900,5338.8000,53390,0,6940779960.000,0,-,-,-,-,5337.8000,5337.6000,5337.2000,5336.0000,5335.8000,5339.0000,5339.2000,5340.2000,5341.0000,5341.6000,2,1,2,5,1,1,1,5,1,1
SF,IC2003,2020-01-03 11:29:52.400,5338.8000,53390,0,6940779960.000,0,-,-,-,-,5337.6000,5337.2000,5336.0000,5335.8000,5335.4000,5338.4000,5338.6000,5338.8000,5339.0000,5339.2000,1,2,5,1,2,1,1,2,2,1
SF,IC2003,2020-01-03 11:29:53.400,5338.8000,53390,0,6940779960.000,0,-,-,-,-,5337.6000,5337.2000,5336.0000,5335.8000,5335.4000,5338.4000,5338.8000,5339.0000,5339.2000,5340.2000,1,2,5,1,2,1,2,2,1,5
SF,IC2003,2020-01-03 11:29:53.900,5338.8000,53390,0,6940779960.000,0,-,-,-,-,5337.8000,5337.6000,5337.2000,5336.0000,5335.8000,5339.0000,5339.2000,5340.2000,5341.0000,5341.6000,2,1,2,5,1,2,1,5,1,1
SF,IC2003,2020-01-03 11:29:54.400,5338.8000,53390,0,6940779960.000,0,-,-,-,-,5337.8000,5337.6000,5337.2000,5336.0000,5335.8000,5339.0000,5339.2000,5340.2000,5341.0000,5341.6000,2,1,2,5,1,2,1,5,1,1
SF,IC2003,2020-01-03 11:29:54.900,5337.6000,53388,-2,6943982600.000,3,0,3,空平,B,5337.2000,5336.0000,5335.8000,5335.4000,5335.2000,5338.8000,5339.0000,5339.2000,5340.2000,5341.0000,2,5,1,2,1,2,2,1,5,1
SF,IC2003,2020-01-03 11:29:55.400,5337.6000,53388,0,6943982600.000,0,-,-,-,-,5337.8000,5337.6000,5337.4000,5337.2000,5336.0000,5338.8000,5339.0000,5339.2000,5340.2000,5341.0000,1,1,3,4,5,2,1,1,5,1
SF,IC2003,2020-01-03 11:29:55.900,5337.6000,53388,0,6943982600.000,0,-,-,-,-,5337.6000,5337.4000,5337.2000,5336.0000,5335.8000,5338.8000,5339.0000,5339.2000,5340.2000,5341.0000,1,3,4,5,1,2,1,1,5,1
SF,IC2003,2020-01-03 11:29:56.400,5337.6000,53388,0,6943982600.000,0,-,-,-,-,5337.6000,5337.4000,5337.2000,5336.0000,5335.8000,5338.8000,5339.0000,5339.2000,5340.2000,5341.0000,1,3,4,4,1,2,1,1,5,1
SF,IC2003,2020-01-03 11:29:57.400,5337.6000,53388,0,6943982600.000,0,-,-,-,-,5337.6000,5337.4000,5337.2000,5336.0000,5335.8000,5338.8000,5339.0000,5339.2000,5340.2000,5341.0000,1,3,2,4,1,2,1,1,5,1
SF,IC2003,2020-01-03 11:29:57.900,5337.6000,53388,0,6943982600.000,0,-,-,-,-,5337.6000,5337.4000,5337.2000,5336.0000,5335.8000,5338.6000,5338.8000,5339.0000,5339.2000,5340.2000,1,3,2,4,1,1,2,1,1,5
SF,IC2003,2020-01-03 11:29:58.400,5337.6000,53388,0,6943982600.000,0,-,-,-,-,5337.6000,5337.4000,5337.2000,5336.0000,5335.8000,5338.6000,5338.8000,5339.0000,5339.2000,5340.2000,1,3,2,4,1,1,2,1,1,5
SF,IC2003,2020-01-03 11:29:58.900,5337.6000,53388,0,6943982600.000,0,-,-,-,-,5337.4000,5337.2000,5336.0000,5335.8000,5335.4000,5338.6000,5338.8000,5339.0000,5339.2000,5340.2000,3,2,4,1,2,2,2,1,1,5
SF,IC2003,2020-01-03 11:29:59.900,5337.6000,53388,0,6943982600.000,0,-,-,-,-,5337.4000,5337.2000,5336.0000,5335.8000,5335.4000,5338.6000,5338.8000,5339.0000,5339.2000,5340.2000,3,2,4,1,2,1,2,1,1,5
SF,IC2003,2020-01-03 13:00:00.400,5337.4000,53386,-2,6948252560.000,4,1,3,空平,B,5337.2000,5336.0000,5335.8000,5335.4000,5335.2000,5337.4000,5338.6000,5338.8000,5339.0000,5339.2000,2,4,1,2,2,7,1,2,1,1
SF,IC2003,2020-01-03 13:00:00.900,5337.4000,53389,3,6957859800.000,9,6,3,多开,B,5337.0000,5336.0000,5335.4000,5335.2000,5335.0000,5338.6000,5338.8000,5339.0000,5339.2000,5340.2000,1,4,2,2,6,1,2,1,1,5
SF,IC2003,2020-01-03 13:00:01.400,5338.4000,53388,-1,6958927480.000,1,0,1,双平,B,5337.4000,5337.0000,5336.0000,5335.4000,5335.2000,5338.4000,5338.6000,5339.0000,5339.2000,5340.2000,1,1,4,2,2,1,2,1,1,5
SF,IC2003,2020-01-03 13:00:01.900,5337.0000,53388,0,6961062360.000,2,1,1,空换,B,5336.0000,5335.4000,5335.2000,5335.0000,5334.4000,5337.4000,5338.4000,5339.0000,5339.2000,5340.2000,4,2,2,6,1,1,2,1,1,5
SF,IC2003,2020-01-03 13:00:02.400,5336.0000,53388,0,6963196800.000,2,1,1,空换,B,5336.0000,5335.4000,5335.2000,5335.0000,5334.4000,5336.8000,5337.2000,5337.4000,5339.0000,5339.2000,3,2,2,6,1,1,4,1,1,1
SF,IC2003,2020-01-03 13:00:02.900,5336.0000,53390,2,6966398400.000,3,2,1,多开,B,5335.4000,5335.2000,5335.0000,5334.4000,5334.2000,5336.0000,5336.8000,5337.2000,5339.0000,5339.2000,2,2,6,1,1,4,1,2,1,1
SF,IC2003,2020-01-03 13:00:03.400,5335.0000,53389,-1,6973867640.000,7,3,4,空平,B,5335.0000,5334.4000,5334.2000,5333.8000,5333.0000,5335.8000,5336.0000,5336.8000,5337.2000,5339.0000,1,1,1,2,1,2,4,1,2,1
SF,IC2003,2020-01-03 13:00:03.900,5334.8000,53392,3,6980270080.000,6,4,2,多开,B,5334.4000,5334.2000,5333.8000,5333.0000,5332.6000,5335.0000,5335.8000,5336.0000,5336.8000,5337.2000,1,1,2,1,1,1,2,4,1,2
SF,IC2003,2020-01-03 13:00:04.400,5335.8000,53392,0,6993073200.000,12,6,6,空换,B,5333.0000,5332.6000,5331.8000,5331.2000,5331.0000,5336.0000,5336.8000,5337.2000,5339.0000,5339.2000,1,1,1,7,1,4,1,2,1,1
SF,IC2003,2020-01-03 13:00:04.900,5335.0000,53392,0,6994140200.000,1,0,1,空换,B,5335.0000,5334.0000,5333.4000,5333.2000,5333.0000,5335.4000,5335.8000,5336.0000,5337.2000,5339.0000,1,1,2,13,1,2,1,6,2,1
SF,IC2003,2020-01-03 13:00:05.400,5335.0000,53392,0,6994140200.000,0,-,-,-,-,5335.0000,5333.4000,5333.2000,5333.0000,5332.8000,5335.4000,5336.0000,5337.2000,5339.0000,5339.2000,1,1,13,1,1,2,6,2,1,1
SF,IC2003,2020-01-03 13:00:05.900,5335.0000,53392,0,6995207200.000,1,0,1,空换,B,5333.4000,5333.2000,5333.0000,5332.8000,5332.6000,5335.4000,5336.0000,5337.2000,5339.0000,5339.2000,1,2,1,1,1,2,6,2,1,1
SF,IC2003,2020-01-03 13:00:06.400,5335.0000,53392,0,6995207200.000,0,-,-,-,-,5333.8000,5333.6000,5333.4000,5333.0000,5332.8000,5336.0000,5337.2000,5339.0000,5339.2000,5340.2000,1,2,1,1,1,6,2,1,1,5
SF,IC2003,2020-01-03 13:00:06.900,5335.0000,53392,0,6995207200.000,0,-,-,-,-,5333.8000,5333.4000,5333.0000,5332.8000,5332.6000,5335.6000,5335.8000,5336.0000,5337.2000,5339.0000,1,1,1,1,1,2,3,6,2,1
SF,IC2003,2020-01-03 13:00:07.400,5333.8000,53392,0,6997340720.000,2,1,1,空换,B,5334.2000,5334.0000,5333.4000,5333.0000,5332.8000,5335.4000,5336.0000,5337.2000,5339.0000,5339.2000,1,1,1,1,1,1,6,2,1,1
SF,IC2003,2020-01-03 13:00:07.900,5334.2000,53392,0,6999474400.000,2,1,1,空换,B,5333.4000,5333.0000,5332.8000,5332.6000,5332.4000,5334.2000,5335.2000,5335.4000,5336.0000,5337.2000,1,1,1,1,2,4,3,1,6,2
SF,IC2003,2020-01-03 13:00:08.400,5334.2000,53392,0,6999474400.000,0,-,-,-,-,5333.0000,5332.8000,5332.6000,5332.4000,5331.8000,5333.4000,5334.0000,5334.2000,5335.2000,5336.0000,1,1,1,2,1,1,4,4,1,6
SF,IC2003,2020-01-03 13:00:08.900,5333.4000,53392,0,7000541080.000,1,0,1,空换,B,5333.6000,5333.4000,5333.0000,5332.8000,5332.6000,5334.0000,5334.2000,5336.0000,5337.2000,5339.0000,2,2,1,1,1,4,4,6,2,1
SF,IC2003,2020-01-03 13:00:09.400,5333.4000,53393,1,7003741200.000,3,2,1,多开,B,5333.0000,5332.8000,5332.6000,5332.4000,5331.8000,5333.8000,5334.0000,5334.2000,5336.0000,5337.2000,1,1,1,2,1,1,4,4,6,2
SF,IC2003,2020-01-03 13:00:09.900,5333.4000,53393,0,7003741200.000,0,-,-,-,-,5333.0000,5332.8000,5332.6000,5332.4000,5331.8000,5333.8000,5334.0000,5334.2000,5336.0000,5337.2000,1,1,1,2,1,1,4,4,6,2
SF,IC2003,2020-01-03 13:00:10.400,5333.4000,53393,0,7003741200.000,0,-,-,-,-,5333.4000,5333.2000,5333.0000,5332.8000,5332.6000,5333.8000,5334.0000,5334.2000,5336.0000,5337.2000,1,1,1,1,1,1,4,4,6,2
SF,IC2003,2020-01-03 13:00:10.900,5333.8000,53393,0,7004807960.000,1,0,1,空换,B,5333.4000,5333.2000,5333.0000,5332.8000,5332.6000,5334.0000,5334.2000,5336.0000,5337.2000,5339.0000,1,2,1,1,1,2,4,3,2,1
SF,IC2003,2020-01-03 13:00:11.400,5333.6000,53395,2,7012275280.000,7,4,3,多开,B,5333.6000,5333.4000,5333.2000,5333.0000,5332.8000,5334.2000,5336.0000,5337.2000,5339.0000,5339.2000,2,1,2,1,1,4,3,2,1,1
SF,IC2003,2020-01-03 13:00:11.900,5334.0000,53395,0,7016542600.000,4,2,2,空换,B,5334.0000,5333.6000,5333.4000,5333.2000,5333.0000,5334.2000,5336.0000,5337.2000,5339.0000,5339.2000,10,2,1,2,1,1,3,2,1,1
SF,IC2003,2020-01-03 13:00:12.400,5334.2000,53395,0,7018676280.000,2,1,1,空换,B,5334.6000,5334.4000,5334.2000,5334.0000,5333.8000,5336.0000,5337.2000,5339.0000,5339.2000,5340.2000,1,3,5,10,2,3,2,1,1,5
SF,IC2003,2020-01-03 13:00:12.900,5335.8000,53394,-1,7019743440.000,1,0,1,双平,B,5335.2000,5335.0000,5334.8000,5334.6000,5334.2000,5335.8000,5336.0000,5337.2000,5339.0000,5339.2000,2,2,1,3,4,1,1,2,1,1
SF,IC2003,2020-01-03 13:00:13.400,5336.0000,53393,-1,7021877800.000,2,0,2,空平,B,5335.8000,5335.6000,5335.2000,5335.0000,5334.8000,5337.2000,5339.0000,5339.2000,5340.2000,5341.0000,2,2,1,1,1,2,1,1,5,1
SF,IC2003,2020-01-03 13:00:13.900,5337.0000,53392,-1,7022945200.000,1,0,1,双平,B,5336.2000,5335.6000,5335.2000,5335.0000,5334.8000,5337.0000,5337.2000,5339.0000,5339.2000,5340.2000,1,1,1,1,1,1,2,1,1,5
SF,IC2003,2020-01-03 13:00:14.400,5336.6000,53392,0,7024012520.000,1,0,1,空换,B,5335.0000,5334.8000,5334.6000,5334.2000,5333.8000,5337.0000,5337.2000,5339.0000,5339.2000,5340.2000,1,1,2,2,2,1,2,1,1,5
SF,IC2003,2020-01-03 13:00:14.900,5336.6000,53392,0,7024012520.000,0,-,-,-,-,5335.2000,5335.0000,5334.8000,5334.6000,5334.2000,5336.8000,5337.0000,5337.2000,5339.0000,5339.2000,3,1,1,1,2,4,1,2,1,1
SF,IC2003,2020-01-03 13:00:15.400,5336.6000,53392,0,7024012520.000,0,-,-,-,-,5335.2000,5335.0000,5334.8000,5334.6000,5334.2000,5336.6000,5336.8000,5337.2000,5339.0000,5339.2000,3,1,1,1,2,2,1,2,1,1
SF,IC2003,2020-01-03 13:00:15.900,5336.6000,53392,0,7024012520.000,0,-,-,-,-,5335.4000,5335.2000,5335.0000,5334.8000,5334.6000,5336.4000,5336.6000,5336.8000,5337.2000,5339.0000,1,3,1,1,1,1,1,1,2,1
SF,IC2003,2020-01-03 13:00:16.400,5336.6000,53392,0,7024012520.000,0,-,-,-,-,5335.6000,5335.4000,5335.2000,5335.0000,5334.8000,5336.2000,5336.4000,5337.2000,5339.0000,5339.2000,2,1,1,1,1,2,1,2,1,1
SF,IC2003,2020-01-03 13:00:16.900,5336.4000,53390,-2,7027214280.000,3,0,3,空平,B,5336.2000,5335.6000,5335.2000,5335.0000,5334.8000,5337.2000,5339.0000,5339.2000,5340.2000,5341.0000,3,2,1,1,1,2,1,1,5,1
SF,IC2003,2020-01-03 13:00:17.400,5336.4000,53390,0,7027214280.000,0,-,-,-,-,5336.4000,5336.2000,5336.0000,5335.2000,5335.0000,5337.2000,5339.0000,5339.2000,5340.2000,5341.0000,2,3,1,1,1,2,1,1,5,1
SF,IC2003,2020-01-03 13:00:17.900,5336.4000,53390,0,7027214280.000,0,-,-,-,-,5336.4000,5336.2000,5336.0000,5335.2000,5335.0000,5339.0000,5339.2000,5340.2000,5341.0000,5341.4000,2,3,1,1,1,1,1,5,1,2
SF,IC2003,2020-01-03 13:00:18.400,5336.4000,53390,0,7027214280.000,0,-,-,-,-,5336.6000,5336.4000,5336.2000,5335.2000,5335.0000,5337.4000,5337.8000,5338.2000,5338.4000,5338.6000,1,2,3,1,1,1,1,1,1,2
SF,IC2003,2020-01-03 13:00:18.900,5336.4000,53390,0,7027214280.000,0,-,-,-,-,5336.4000,5336.2000,5335.2000,5335.0000,5334.2000,5338.2000,5338.8000,5339.0000,5339.2000,5340.2000,2,3,1,1,1,1,2,1,1,5
SF,IC2003,2020-01-03 13:00:19.400,5336.4000,53390,0,7027214280.000,0,-,-,-,-,5336.4000,5335.2000,5335.0000,5334.2000,5333.4000,5337.8000,5338.0000,5338.2000,5338.8000,5339.0000,2,1,1,1,1,3,1,1,1,1
SF,IC2003,2020-01-03 13:00:19.900,5336.4000,53390,0,7027214280.000,0,-,-,-,-,5336.6000,5336.4000,5335.2000,5335.0000,5334.2000,5337.6000,5338.2000,5338.8000,5339.0000,5339.2000,1,2,1,1,1,2,1,1,1,1
SF,IC2003,2020-01-03 13:00:20.400,5336.4000,53390,0,7027214280.000,0,-,-,-,-,5336.8000,5336.6000,5335.2000,5335.0000,5334.2000,5338.2000,5338.8000,5339.0000,5339.2000,5340.2000,2,1,1,1,1,1,1,1,1,5
SF,IC2003,2020-01-03 13:00:20.900,5336.4000,53390,0,7027214280.000,0,-,-,-,-,5336.6000,5335.2000,5335.0000,5334.2000,5334.0000,5337.2000,5337.6000,5337.8000,5338.0000,5338.2000,1,1,1,1,5,1,1,2,2,1
SF,IC2003,2020-01-03 13:00:21.400,5336.4000,53390,0,7027214280.000,0,-,-,-,-,5336.6000,5335.2000,5335.0000,5334.2000,5334.0000,5338.0000,5338.2000,5338.8000,5339.0000,5339.2000,1,1,1,1,5,2,1,1,1,1
SF,IC2003,2020-01-03 13:00:21.900,5336.6000,53391,1,7028281600.000,1,1,0,双开,B,5335.2000,5335.0000,5334.2000,5334.0000,5333.4000,5337.8000,5338.0000,5338.2000,5338.8000,5339.0000,1,1,1,5,1,1,2,1,1,1
SF,IC2003,2020-01-03 13:00:22.400,5336.6000,53391,0,7028281600.000,0,-,-,-,-,5336.0000,5335.8000,5335.4000,5335.2000,5335.0000,5337.8000,5338.2000,5338.8000,5339.0000,5339.2000,1,1,3,1,1,1,1,1,1,1
SF,IC2003,2020-01-03 13:00:22.900,5336.6000,53391,0,7028281600.000,0,-,-,-,-,5336.2000,5336.0000,5335.4000,5335.2000,5335.0000,5337.4000,5337.8000,5338.2000,5338.8000,5339.0000,2,1,1,1,1,2,1,1,1,1
SF,IC2003,2020-01-03 13:00:23.400,5336.6000,53391,0,7028281600.000,0,-,-,-,-,5336.4000,5336.2000,5336.0000,5335.2000,5335.0000,5337.0000,5338.2000,5338.8000,5339.0000,5339.2000,1,2,1,1,1,1,1,1,1,1
SF,IC2003,2020-01-03 13:00:23.900,5337.0000,53391,0,7029349000.000,1,0,1,空换,B,5336.4000,5336.2000,5336.0000,5335.2000,5335.0000,5338.2000,5338.8000,5339.0000,5339.2000,5340.2000,1,2,1,1,1,1,1,1,1,5
SF,IC2003,2020-01-03 13:00:24.400,5336.6000,53390,-1,7030416320.000,1,0,1,双平,B,5336.6000,5336.4000,5336.0000,5335.2000,5335.0000,5337.0000,5337.6000,5337.8000,5338.2000,5338.8000,1,1,1,1,1,1,1,3,1,1
SF,IC2003,2020-01-03 13:00:24.900,5336.6000,53390,0,7031483640.000,1,0,1,空换,B,5336.4000,5336.0000,5335.2000,5335.0000,5334.2000,5337.0000,5337.6000,5337.8000,5338.8000,5339.0000,1,1,1,1,1,1,1,1,1,1
SF,IC2003,2020-01-03 13:00:25.400,5336.4000,53390,0,7032550920.000,1,0,1,空换,B,5336.0000,5335.2000,5335.0000,5334.2000,5334.0000,5337.0000,5337.6000,5337.8000,5338.8000,5339.0000,1,1,1,1,5,1,1,1,1,1
SF,IC2003,2020-01-03 13:00:25.900,5336.4000,53390,0,7032550920.000,0,-,-,-,-,5336.2000,5336.0000,5335.2000,5335.0000,5334.2000,5337.0000,5337.6000,5337.8000,5338.8000,5339.0000,3,1,1,1,1,1,1,1,1,1
SF,IC2003,2020-01-03 13:00:26.400,5336.4000,53390,0,7032550920.000,0,-,-,-,-,5336.2000,5336.0000,5335.2000,5335.0000,5334.8000,5337.0000,5337.8000,5339.0000,5339.2000,5340.2000,3,1,1,1,1,1,1,1,1,5
SF,IC2003,2020-01-03 13:00:27.400,5336.4000,53390,0,7032550920.000,0,-,-,-,-,5336.2000,5336.0000,5335.2000,5335.0000,5334.8000,5337.0000,5339.0000,5339.2000,5340.2000,5341.0000,3,1,1,1,1,1,1,1,5,1
SF,IC2003,2020-01-03 13:00:27.900,5337.0000,53391,1,7033618320.000,1,1,0,双开,B,5336.2000,5336.0000,5335.2000,5335.0000,5334.8000,5339.0000,5339.2000,5340.2000,5341.0000,5341.4000,3,1,1,1,1,1,1,5,1,2
SF,IC2003,2020-01-03 13:00:28.400,5337.0000,53391,0,7033618320.000,0,-,-,-,-,5336.4000,5336.2000,5336.0000,5335.2000,5335.0000,5338.2000,5338.6000,5338.8000,5339.0000,5339.2000,1,3,1,1,1,2,4,2,1,1
SF,IC2003,2020-01-03 13:00:28.900,5337.0000,53391,0,7033618320.000,0,-,-,-,-,5336.6000,5336.0000,5335.2000,5335.0000,5334.8000,5338.2000,5338.6000,5339.0000,5339.2000,5340.2000,2,1,1,1,1,2,2,1,1,5
SF,IC2003,2020-01-03 13:00:29.400,5337.0000,53391,0,7033618320.000,0,-,-,-,-,5336.8000,5336.6000,5335.2000,5335.0000,5334.8000,5338.0000,5338.2000,5338.6000,5339.0000,5339.2000,2,2,1,1,1,2,1,1,1,1
SF,IC2003,2020-01-03 13:00:30.400,5337.0000,53391,0,7033618320.000,0,-,-,-,-,5336.8000,5336.6000,5335.2000,5335.0000,5334.8000,5337.8000,5338.0000,5338.2000,5338.6000,5339.0000,2,2,1,1,1,1,2,1,1,1
SF,IC2003,2020-01-03 13:00:30.900,5337.0000,53391,0,7033618320.000,0,-,-,-,-,5337.0000,5336.8000,5335.2000,5335.0000,5334.8000,5337.8000,5338.0000,5338.2000,5339.0000,5339.2000,2,2,1,1,1,1,2,1,1,1
SF,IC2003,2020-01-03 13:00:31.400,5337.0000,53391,0,7033618320.000,0,-,-,-,-,5337.0000,5336.8000,5335.2000,5335.0000,5334.8000,5337.8000,5339.0000,5339.2000,5340.2000,5341.0000,2,1,1,1,1,1,1,1,5,1
SF,IC2003,2020-01-03 13:00:31.900,5337.0000,53390,-1,7034685720.000,1,0,1,双平,B,5337.2000,5337.0000,5336.8000,5335.2000,5335.0000,5337.8000,5339.0000,5339.2000,5340.2000,5341.0000,1,2,1,1,1,1,1,1,5,1
SF,IC2003,2020-01-03 13:00:32.400,5337.8000,53390,0,7035753280.000,1,0,1,空换,B,5337.8000,5337.2000,5337.0000,5336.8000,5335.2000,5339.0000,5339.2000,5340.2000,5341.0000,5341.4000,2,1,2,1,1,1,1,5,1,2
SF,IC2003,2020-01-03 13:00:32.900,5337.8000,53390,0,7035753280.000,0,-,-,-,-,5337.2000,5337.0000,5336.8000,5335.2000,5335.0000,5338.8000,5339.0000,5339.2000,5340.2000,5341.0000,1,2,1,1,2,2,1,1,5,1
SF,IC2003,2020-01-03 13:00:33.400,5337.8000,53390,0,7035753280.000,0,-,-,-,-,5337.4000,5337.2000,5336.8000,5335.2000,5335.0000,5338.8000,5339.0000,5339.2000,5340.2000,5341.0000,2,2,1,1,2,2,1,1,5,1
SF,IC2003,2020-01-03 13:00:33.900,5337.8000,53390,0,7035753280.000,0,-,-,-,-,5337.4000,5337.2000,5337.0000,5336.8000,5335.2000,5338.8000,5339.0000,5339.2000,5340.2000,5341.0000,2,2,5,1,1,2,1,1,5,1
SF,IC2003,2020-01-03 13:00:34.400,5337.8000,53390,0,7035753280.000,0,-,-,-,-,5337.2000,5337.0000,5336.8000,5335.2000,5335.0000,5338.6000,5338.8000,5339.0000,5339.2000,5340.2000,2,5,1,1,2,1,2,1,1,5
SF,IC2003,2020-01-03 13:00:34.900,5337.8000,53390,0,7035753280.000,0,-,-,-,-,5337.4000,5337.2000,5337.0000,5336.8000,5335.2000,5338.6000,5339.0000,5339.2000,5340.2000,5341.0000,2,2,5,1,1,1,1,1,5,1
SF,IC2003,2020-01-03 13:00:35.400,5337.8000,53390,0,7035753280.000,0,-,-,-,-,5337.2000,5337.0000,5336.8000,5335.2000,5335.0000,5338.4000,5338.6000,5339.0000,5339.2000,5340.2000,2,5,1,1,2,2,1,1,1,5
SF,IC2003,2020-01-03 13:00:35.900,5337.8000,53390,0,7035753280.000,0,-,-,-,-,5337.4000,5337.2000,5337.0000,5336.8000,5335.2000,5338.4000,5338.6000,5339.0000,5339.2000,5340.2000,2,2,5,1,1,2,1,1,1,5
SF,IC2003,2020-01-03 13:00:36.400,5337.8000,53390,0,7035753280.000,0,-,-,-,-,5337.2000,5337.0000,5336.8000,5335.2000,5335.0000,5338.4000,5338.6000,5339.0000,5339.2000,5340.2000,1,5,1,1,2,2,1,1,1,5
SF,IC2003,2020-01-03 13:00:36.900,5337.8000,53390,0,7035753280.000,0,-,-,-,-,5337.2000,5337.0000,5336.8000,5335.2000,5335.0000,5338.2000,5338.4000,5338.6000,5339.0000,5339.2000,1,6,1,1,2,1,2,1,1,1
SF,IC2003,2020-01-03 13:00:37.400,5337.8000,53390,0,7035753280.000,0,-,-,-,-,5337.2000,5337.0000,5336.8000,5335.2000,5335.0000,5338.0000,5338.2000,5338.6000,5339.0000,5339.2000,1,6,1,1,2,2,1,1,1,1
SF,IC2003,2020-01-03 13:00:37.900,5337.8000,53390,0,7035753280.000,0,-,-,-,-,5337.4000,5337.2000,5337.0000,5336.8000,5335.2000,5338.0000,5338.2000,5338.6000,5339.0000,5339.2000,1,1,6,1,1,2,1,1,1,1
SF,IC2003,2020-01-03 13:00:38.400,5338.0000,53389,-1,7037888360.000,2,0,2,空平,B,5337.2000,5337.0000,5336.8000,5335.2000,5335.0000,5338.0000,5338.2000,5338.6000,5339.0000,5339.2000,1,6,1,1,2,1,1,1,1,1
SF,IC2003,2020-01-03 13:00:39.400,5338.2000,53388,-1,7040023600.000,2,0,2,空平,B,5338.2000,5338.0000,5337.6000,5337.2000,5337.0000,5339.0000,5339.2000,5340.2000,5341.0000,5341.4000,1,2,1,2,6,1,1,5,1,2
SF,IC2003,2020-01-03 13:00:39.900,5338.2000,53388,0,7041091240.000,1,0,1,空换,B,5338.4000,5338.0000,5337.2000,5337.0000,5336.8000,5338.6000,5338.8000,5339.0000,5339.2000,5340.2000,1,1,1,6,1,1,1,1,1,5
SF,IC2003,2020-01-03 13:00:40.400,5338.4000,53387,-1,7044294280.000,3,1,2,空平,B,5337.2000,5337.0000,5336.8000,5335.2000,5335.0000,5338.2000,5338.4000,5338.8000,5339.0000,5339.2000,1,6,1,1,2,1,2,1,1,1
SF,IC2003,2020-01-03 13:00:40.900,5338.4000,53387,0,7044294280.000,0,-,-,-,-,5337.2000,5337.0000,5336.8000,5335.2000,5335.0000,5338.0000,5338.4000,5338.8000,5339.0000,5339.2000,1,6,1,1,2,1,2,1,1,1
SF,IC2003,2020-01-03 13:00:41.400,5338.4000,53387,0,7044294280.000,0,-,-,-,-,5337.2000,5337.0000,5336.8000,5335.2000,5335.0000,5337.8000,5338.4000,5338.8000,5339.0000,5339.2000,1,6,1,1,2,1,2,1,1,1
SF,IC2003,2020-01-03 13:00:41.900,5338.4000,53387,0,7044294280.000,0,-,-,-,-,5337.2000,5337.0000,5336.8000,5335.2000,5335.0000,5337.6000,5338.4000,5339.0000,5339.2000,5340.2000,1,6,1,1,2,1,2,1,1,5
SF,IC2003,2020-01-03 13:00:42.400,5337.6000,53385,-2,7046429320.000,2,0,2,双平,B,5338.2000,5337.0000,5336.8000,5335.2000,5335.0000,5338.4000,5339.0000,5339.2000,5340.2000,5341.0000,1,6,1,1,2,2,1,1,5,1
SF,IC2003,2020-01-03 13:00:42.900,5338.2000,53385,0,7047496960.000,1,0,1,空换,B,5337.0000,5336.8000,5335.2000,5335.0000,5334.0000,5338.2000,5338.8000,5339.0000,5339.2000,5340.2000,6,1,1,2,5,2,1,1,1,5
SF,IC2003,2020-01-03 13:00:43.400,5338.2000,53385,0,7047496960.000,0,-,-,-,-,5337.8000,5337.2000,5337.0000,5336.8000,5335.2000,5338.2000,5338.8000,5339.0000,5339.2000,5340.2000,1,2,6,1,1,2,1,1,1,5
SF,IC2003,2020-01-03 13:00:43.900,5338.2000,53385,0,7047496960.000,0,-,-,-,-,5337.8000,5337.2000,5337.0000,5335.2000,5335.0000,5338.8000,5339.0000,5339.2000,5340.2000,5341.0000,1,2,6,1,2,1,1,1,5,1
SF,IC2003,2020-01-03 13:00:44.400,5338.2000,53385,0,7047496960.000,0,-,-,-,-,5338.0000,5337.8000,5337.0000,5335.2000,5335.0000,5338.8000,5339.0000,5339.2000,5340.2000,5341.0000,2,1,6,1,2,1,1,1,5,1
SF,IC2003,2020-01-03 13:00:44.900,5338.2000,53385,0,7047496960.000,0,-,-,-,-,5338.0000,5337.8000,5337.0000,5335.2000,5335.0000,5339.0000,5339.2000,5340.2000,5341.0000,5341.4000,2,1,6,1,2,1,1,5,1,2
SF,IC2003,2020-01-03 13:00:45.400,5338.2000,53385,0,7048564600.000,1,0,1,空换,B,5338.0000,5337.8000,5337.0000,5335.2000,5335.0000,5338.6000,5339.0000,5339.2000,5340.2000,5341.0000,2,1,6,1,2,1,1,1,5,1
SF,IC2003,2020-01-03 13:00:45.900,5338.2000,53385,0,7048564600.000,0,-,-,-,-,5338.0000,5337.8000,5337.0000,5335.2000,5335.0000,5339.0000,5339.2000,5340.2000,5341.0000,5341.4000,2,1,6,1,2,1,1,5,1,2
SF,IC2003,2020-01-03 13:00:46.400,5338.2000,53385,0,7048564600.000,0,-,-,-,-,5338.0000,5337.8000,5337.0000,5335.2000,5335.0000,5339.0000,5339.2000,5340.2000,5341.0000,5341.4000,2,1,6,1,2,1,1,5,1,2
SF,IC2003,2020-01-03 13:00:46.900,5338.2000,53385,0,7048564600.000,0,-,-,-,-,5338.0000,5337.8000,5337.0000,5336.0000,5335.2000,5338.6000,5339.0000,5339.2000,5340.2000,5341.0000,2,1,6,1,1,1,1,1,5,1
SF,IC2003,2020-01-03 13:00:47.400,5338.2000,53385,0,7048564600.000,0,-,-,-,-,5338.6000,5337.8000,5337.0000,5336.0000,5335.2000,5339.0000,5339.2000,5340.2000,5341.0000,5341.4000,2,1,6,1,1,1,1,5,1,2
SF,IC2003,2020-01-03 13:00:47.900,5338.6000,53384,-1,7050700040.000,2,0,2,空平,B,5338.2000,5337.8000,5337.0000,5336.0000,5335.2000,5339.0000,5339.2000,5340.2000,5341.0000,5341.4000,1,1,6,1,1,1,1,5,1,2
SF,IC2003,2020-01-03 13:00:48.900,5338.6000,53384,0,7050700040.000,0,-,-,-,-,5338.2000,5338.0000,5337.8000,5337.0000,5336.0000,5339.0000,5339.2000,5340.2000,5341.0000,5341.4000,1,1,1,6,1,1,1,5,1,2
SF,IC2003,2020-01-03 13:00:50.400,5338.8000,53384,0,7051767800.000,1,0,1,空换,B,5338.2000,5338.0000,5337.8000,5337.0000,5336.0000,5339.0000,5339.2000,5340.2000,5341.0000,5341.4000,1,1,1,6,1,1,1,5,1,2
SF,IC2003,2020-01-03 13:00:54.400,5339.0000,53384,0,7052835600.000,1,0,1,空换,B,5338.2000,5338.0000,5337.8000,5337.0000,5336.0000,5338.8000,5339.2000,5340.2000,5341.0000,5341.4000,1,1,1,6,1,1,1,5,1,2
SF,IC2003,2020-01-03 13:00:54.900,5338.4000,53384,0,7054971040.000,2,1,1,空换,B,5339.0000,5338.4000,5338.2000,5338.0000,5337.8000,5339.2000,5340.2000,5341.0000,5341.4000,5341.6000,1,1,1,1,1,1,5,1,2,1
SF,IC2003,2020-01-03 13:00:55.400,5338.4000,53384,0,7056038720.000,1,0,1,空换,B,5338.4000,5338.2000,5338.0000,5337.8000,5337.0000,5338.8000,5339.2000,5340.2000,5341.0000,5341.4000,1,1,1,1,6,1,1,5,1,2
SF,IC2003,2020-01-03 13:00:55.900,5338.4000,53384,0,7056038720.000,0,-,-,-,-,5338.4000,5338.2000,5338.0000,5337.8000,5337.0000,5339.2000,5340.2000,5341.0000,5341.4000,5341.6000,1,1,1,1,6,1,5,1,2,1
SF,IC2003,2020-01-03 13:00:56.400,5339.2000,53384,0,7058174240.000,2,1,1,空换,B,5338.2000,5338.0000,5337.8000,5337.0000,5336.0000,5340.2000,5341.0000,5341.4000,5341.6000,5341.8000,1,1,1,6,1,5,1,2,1,7
SF,IC2003,2020-01-03 13:00:56.900,5339.2000,53384,0,7058174240.000,0,-,-,-,-,5338.4000,5338.2000,5338.0000,5337.8000,5337.0000,5340.0000,5340.2000,5341.0000,5341.4000,5341.6000,2,1,1,1,6,2,5,1,2,1
SF,IC2003,2020-01-03 13:00:57.400,5339.2000,53384,0,7058174240.000,0,-,-,-,-,5338.2000,5338.0000,5337.8000,5337.0000,5336.0000,5339.8000,5340.2000,5341.0000,5341.4000,5341.6000,1,1,1,6,1,2,5,1,2,1
SF,IC2003,2020-01-03 13:00:57.900,5339.2000,53384,0,7058174240.000,0,-,-,-,-,5338.4000,5338.2000,5338.0000,5337.8000,5337.0000,5339.8000,5340.2000,5341.0000,5341.4000,5341.6000,2,1,1,1,6,2,5,1,2,1
SF,IC2003,2020-01-03 13:00:58.400,5339.2000,53384,0,7058174240.000,0,-,-,-,-,5338.4000,5338.2000,5338.0000,5337.8000,5337.0000,5339.8000,5340.0000,5340.2000,5341.0000,5341.4000,2,1,1,1,6,2,1,5,1,2
SF,IC2003,2020-01-03 13:00:58.900,5339.2000,53384,0,7058174240.000,0,-,-,-,-,5338.6000,5338.4000,5338.2000,5338.0000,5337.8000,5339.8000,5340.0000,5340.2000,5341.0000,5341.4000,1,2,1,1,1,2,1,5,1,2
SF,IC2003,2020-01-03 13:00:59.900,5339.2000,53384,0,7058174240.000,0,-,-,-,-,5339.4000,5338.6000,5338.4000,5338.2000,5338.0000,5339.8000,5340.0000,5340.2000,5341.0000,5341.4000,1,1,4,1,1,3,1,5,1,2
SF,IC2003,2020-01-03 13:01:00.400,5339.4000,53383,-1,7059242120.000,1,0,1,双平,B,5338.6000,5338.4000,5338.2000,5338.0000,5337.8000,5339.2000,5339.4000,5339.8000,5340.0000,5340.2000,1,4,1,1,1,1,3,3,1,5
SF,IC2003,2020-01-03 13:01:00.900,5339.4000,53383,0,7059242120.000,0,-,-,-,-,5338.6000,5338.4000,5338.2000,5338.0000,5337.8000,5339.4000,5339.8000,5340.0000,5340.2000,5341.0000,1,4,1,1,1,2,3,1,5,1
SF,IC2003,2020-01-03 13:01:01.400,5339.4000,53383,0,7059242120.000,0,-,-,-,-,5338.8000,5338.6000,5338.4000,5338.2000,5338.0000,5339.4000,5339.8000,5340.0000,5340.2000,5341.0000,1,1,2,1,1,2,1,1,5,1
SF,IC2003,2020-01-03 13:01:03.400,5339.4000,53383,0,7059242120.000,0,-,-,-,-,5338.8000,5338.6000,5338.4000,5338.2000,5338.0000,5339.2000,5339.4000,5339.8000,5340.0000,5340.2000,1,1,2,1,1,1,2,1,1,5
SF,IC2003,2020-01-03 13:01:03.900,5339.4000,53383,0,7059242120.000,0,-,-,-,-,5338.6000,5338.4000,5338.2000,5338.0000,5337.8000,5339.2000,5339.4000,5339.8000,5340.0000,5340.2000,1,2,1,1,1,1,2,1,1,5
SF,IC2003,2020-01-03 13:01:04.400,5339.2000,53383,0,7060309960.000,1,0,1,空换,B,5338.6000,5338.4000,5338.2000,5338.0000,5337.8000,5339.4000,5339.8000,5340.0000,5340.2000,5341.0000,1,2,1,1,1,2,1,1,5,1
SF,IC2003,2020-01-03 13:01:04.900,5339.2000,53383,0,7060309960.000,0,-,-,-,-,5338.6000,5338.4000,5338.2000,5338.0000,5337.8000,5339.4000,5339.8000,5340.0000,5340.2000,5340.4000,1,2,1,1,1,2,1,1,5,1
SF,IC2003,2020-01-03 13:01:05.400,5339.2000,53383,0,7060309960.000,0,-,-,-,-,5339.2000,5338.8000,5338.6000,5338.4000,5338.2000,5339.8000,5340.0000,5340.2000,5341.0000,5341.4000,1,2,1,2,1,1,1,5,1,2
SF,IC2003,2020-01-03 13:01:07.400,5339.2000,53383,0,7061377800.000,1,0,1,空换,B,5338.8000,5338.6000,5338.4000,5338.2000,5338.0000,5339.8000,5340.0000,5340.2000,5341.0000,5341.4000,2,1,2,1,1,1,1,5,1,2
SF,IC2003,2020-01-03 13:01:07.900,5339.2000,53383,0,7061377800.000,0,-,-,-,-,5338.6000,5338.4000,5338.2000,5338.0000,5337.8000,5338.8000,5339.6000,5339.8000,5340.0000,5340.2000,1,2,1,1,1,1,2,1,1,5
SF,IC2003,2020-01-03 13:01:08.400,5339.2000,53383,0,7061377800.000,0,-,-,-,-,5338.6000,5338.4000,5338.2000,5338.0000,5337.8000,5338.8000,5339.4000,5339.6000,5339.8000,5340.0000,1,2,1,1,1,1,1,2,1,1
SF,IC2003,2020-01-03 13:01:08.900,5338.6000,53382,-1,7062445520.000,1,0,1,双平,B,5338.4000,5338.2000,5338.0000,5337.8000,5337.0000,5339.4000,5339.6000,5339.8000,5340.0000,5340.2000,2,1,1,1,6,1,2,1,1,5
SF,IC2003,2020-01-03 13:01:09.400,5338.6000,53382,0,7062445520.000,0,-,-,-,-,5338.4000,5338.2000,5338.0000,5337.8000,5337.0000,5339.2000,5339.8000,5340.0000,5340.2000,5341.0000,2,1,1,1,6,2,1,1,5,1
SF,IC2003,2020-01-03 13:01:09.900,5338.4000,53383,1,7063513200.000,1,1,0,双开,B,5338.4000,5338.2000,5338.0000,5337.8000,5337.0000,5339.2000,5339.8000,5340.0000,5340.2000,5341.0000,1,1,1,1,6,2,1,1,5,1
SF,IC2003,2020-01-03 13:01:10.400,5338.4000,53383,0,7063513200.000,0,-,-,-,-,5338.4000,5338.2000,5338.0000,5337.8000,5337.0000,5339.0000,5339.2000,5339.8000,5340.0000,5340.2000,1,1,1,1,6,1,2,2,1,5
SF,IC2003,2020-01-03 13:01:10.900,5338.4000,53383,0,7064580880.000,1,0,1,空换,B,5338.2000,5338.0000,5337.8000,5337.0000,5336.0000,5338.4000,5339.0000,5339.2000,5339.8000,5340.0000,1,1,1,6,1,2,1,2,2,1
SF,IC2003,2020-01-03 13:01:11.400,5338.0000,53383,0,7066716120.000,2,1,1,空换,B,5337.8000,5337.0000,5336.0000,5335.2000,5334.0000,5338.4000,5339.0000,5339.2000,5339.8000,5340.0000,1,6,1,1,5,2,1,2,2,1
SF,IC2003,2020-01-03 13:01:11.900,5338.0000,53383,0,7066716120.000,0,-,-,-,-,5337.8000,5337.0000,5336.0000,5335.2000,5334.0000,5338.2000,5338.4000,5339.0000,5339.2000,5339.8000,1,6,1,1,5,1,2,1,2,2
SF,IC2003,2020-01-03 13:01:12.900,5337.8000,53383,0,7067783680.000,1,0,1,空换,B,5337.0000,5336.0000,5335.2000,5334.0000,5333.0000,5337.8000,5338.2000,5338.4000,5339.0000,5339.2000,6,1,1,5,1,1,1,2,1,2
SF,IC2003,2020-01-03 13:01:13.400,5337.8000,53383,0,7067783680.000,0,-,-,-,-,5337.0000,5336.0000,5335.2000,5334.0000,5333.0000,5337.6000,5337.8000,5338.2000,5338.4000,5339.0000,6,1,1,5,1,2,1,1,2,1
SF,IC2003,2020-01-03 13:01:13.900,5337.0000,53383,0,7069918480.000,2,1,1,空换,B,5337.0000,5336.0000,5335.2000,5334.0000,5333.0000,5337.6000,5337.8000,5338.2000,5339.0000,5339.8000,4,1,1,5,1,2,1,1,1,2
SF,IC2003,2020-01-03 13:01:14.400,5337.0000,53385,2,7074188080.000,4,3,1,多开,B,5336.0000,5334.0000,5333.0000,5332.8000,5332.6000,5337.4000,5337.6000,5337.8000,5339.8000,5340.0000,1,5,1,1,1,1,2,2,2,1
SF,IC2003,2020-01-03 13:01:14.900,5337.0000,53385,0,7074188080.000,0,-,-,-,-,5336.0000,5334.0000,5333.0000,5332.8000,5332.6000,5337.2000,5337.4000,5337.8000,5339.8000,5340.0000,1,5,1,1,1,3,1,2,2,1
SF,IC2003,2020-01-03 13:01:15.400,5337.0000,53385,0,7074188080.000,0,-,-,-,-,5336.0000,5334.0000,5333.0000,5332.8000,5332.6000,5337.0000,5337.2000,5337.4000,5337.8000,5339.8000,1,5,1,1,1,1,3,1,2,2
SF,IC2003,2020-01-03 13:01:16.900,5336.0000,53386,1,7075255280.000,1,1,0,双开,B,5334.0000,5333.0000,5332.8000,5332.6000,5332.4000,5337.2000,5337.4000,5337.8000,5339.8000,5340.0000,5,1,1,1,2,3,1,2,2,1
SF,IC2003,2020-01-03 13:01:17.400,5336.0000,53386,0,7075255280.000,0,-,-,-,-,5336.4000,5336.0000,5335.6000,5335.4000,5335.2000,5336.8000,5337.2000,5337.4000,5337.8000,5339.8000,1,3,2,1,1,1,1,1,2,2
SF,IC2003,2020-01-03 13:01:17.900,5336.8000,53385,-1,7077390000.000,2,0,2,空平,B,5336.8000,5336.4000,5334.6000,5334.4000,5334.2000,5337.2000,5337.4000,5337.8000,5339.0000,5339.8000,1,1,1,3,4,1,1,2,1,2
SF,IC2003,2020-01-03 13:01:18.400,5336.8000,53385,0,7078457360.000,1,0,1,空换,B,5334.6000,5334.4000,5334.2000,5334.0000,5333.0000,5336.8000,5337.2000,5337.4000,5337.8000,5339.0000,1,3,4,5,1,1,1,1,1,1
SF,IC2003,2020-01-03 13:01:18.900,5336.8000,53385,0,7079524720.000,1,0,1,空换,B,5335.2000,5334.8000,5334.6000,5334.4000,5334.2000,5337.2000,5337.4000,5337.8000,5339.0000,5339.8000,1,1,1,1,2,1,1,1,1,2
SF,IC2003,2020-01-03 13:01:19.400,5336.8000,53385,0,7079524720.000,0,-,-,-,-,5335.4000,5335.2000,5334.6000,5334.4000,5334.2000,5337.0000,5337.2000,5337.4000,5337.8000,5339.0000,2,1,1,1,2,2,1,1,1,1
SF,IC2003,2020-01-03 13:01:19.900,5336.8000,53385,0,7079524720.000,0,-,-,-,-,5335.6000,5335.4000,5335.2000,5334.4000,5334.2000,5336.8000,5337.2000,5337.4000,5337.8000,5339.0000,1,2,1,1,2,2,1,1,1,1
SF,IC2003,2020-01-03 13:01:20.400,5336.8000,53385,0,7079524720.000,0,-,-,-,-,5335.8000,5335.6000,5335.2000,5334.4000,5334.2000,5337.2000,5337.4000,5337.8000,5339.0000,5339.8000,1,2,1,1,1,1,1,1,1,2
SF,IC2003,2020-01-03 13:01:21.400,5336.8000,53385,0,7079524720.000,0,-,-,-,-,5336.0000,5335.8000,5335.6000,5334.4000,5334.2000,5337.2000,5337.4000,5337.8000,5339.0000,5339.8000,1,1,2,1,1,1,1,1,1,2
SF,IC2003,2020-01-03 13:01:21.900,5336.8000,53385,0,7079524720.000,0,-,-,-,-,5336.2000,5336.0000,5334.4000,5334.2000,5334.0000,5337.2000,5337.4000,5337.8000,5339.0000,5339.8000,3,2,1,1,5,1,1,1,1,2
SF,IC2003,2020-01-03 13:01:22.400,5336.8000,53385,0,7079524720.000,0,-,-,-,-,5336.2000,5336.0000,5334.4000,5334.2000,5334.0000,5337.2000,5337.4000,5337.8000,5339.0000,5339.8000,3,1,1,1,5,1,1,1,1,2
SF,IC2003,2020-01-03 13:01:22.900,5337.2000,53385,0,7080592160.000,1,0,1,空换,B,5336.2000,5336.0000,5334.4000,5334.2000,5334.0000,5337.4000,5337.8000,5339.0000,5339.8000,5340.0000,3,1,1,1,5,1,1,1,2,1
SF,IC2003,2020-01-03 13:01:23.400,5337.2000,53385,0,7080592160.000,0,-,-,-,-,5336.2000,5334.4000,5334.2000,5334.0000,5333.0000,5337.4000,5337.8000,5339.0000,5339.8000,5340.0000,3,1,1,5,1,1,1,1,2,1
SF,IC2003,2020-01-03 13:01:23.900,5337.2000,53385,0,7080592160.000,0,-,-,-,-,5336.2000,5334.4000,5334.2000,5334.0000,5333.0000,5337.2000,5337.4000,5337.8000,5339.0000,5339.8000,3,1,1,5,1,2,1,1,1,2
SF,IC2003,2020-01-03 13:01:24.400,5337.2000,53385,0,7080592160.000,0,-,-,-,-,5336.2000,5334.8000,5334.4000,5334.2000,5334.0000,5337.4000,5337.8000,5339.0000,5339.8000,5340.0000,3,1,1,1,5,1,1,1,2,1
SF,IC2003,2020-01-03 13:01:24.900,5337.2000,53385,0,7080592160.000,0,-,-,-,-,5337.0000,5336.4000,5336.2000,5334.8000,5334.4000,5337.8000,5339.0000,5339.8000,5340.0000,5340.2000,1,1,3,1,1,1,1,2,1,5
SF,IC2003,2020-01-03 13:01:25.400,5337.2000,53385,0,7080592160.000,0,-,-,-,-,5337.2000,5337.0000,5336.4000,5336.2000,5334.8000,5337.8000,5339.0000,5339.8000,5340.0000,5340.2000,2,1,1,3,1,1,1,2,1,5
SF,IC2003,2020-01-03 13:01:25.900,5337.2000,53385,0,7080592160.000,0,-,-,-,-,5337.2000,5336.4000,5336.2000,5334.8000,5334.4000,5337.8000,5339.0000,5339.8000,5340.0000,5340.2000,2,1,3,1,1,1,1,2,1,5
SF,IC2003,2020-01-03 13:01:26.400,5337.2000,53385,0,7080592160.000,0,-,-,-,-,5337.2000,5336.4000,5336.2000,5334.8000,5334.4000,5337.8000,5339.0000,5339.6000,5339.8000,5340.2000,2,1,3,1,1,1,1,1,2,5
SF,IC2003,2020-01-03 13:01:26.900,5337.8000,53386,1,7081659720.000,1,1,0,双开,B,5337.2000,5336.4000,5336.2000,5334.8000,5334.4000,5339.0000,5339.6000,5339.8000,5340.2000,5341.0000,2,1,3,1,1,1,1,2,5,1
SF,IC2003,2020-01-03 13:01:27.400,5337.8000,53386,0,7081659720.000,0,-,-,-,-,5338.0000,5337.4000,5337.2000,5336.4000,5334.8000,5338.6000,5339.0000,5339.6000,5339.8000,5340.2000,1,2,2,1,1,2,1,1,2,5
SF,IC2003,2020-01-03 13:01:27.900,5338.0000,53386,0,7082727320.000,1,0,1,空换,B,5337.4000,5337.2000,5334.8000,5334.4000,5334.2000,5339.0000,5339.6000,5339.8000,5340.2000,5341.0000,2,1,1,1,1,1,1,2,5,1
SF,IC2003,2020-01-03 13:01:28.400,5338.0000,53386,0,7082727320.000,0,-,-,-,-,5337.4000,5337.2000,5334.8000,5334.4000,5334.2000,5338.8000,5339.0000,5339.6000,5339.8000,5340.2000,2,1,1,1,1,3,1,6,2,5
SF,IC2003,2020-01-03 13:01:28.900,5338.0000,53386,0,7082727320.000,0,-,-,-,-,5338.0000,5337.8000,5337.6000,5337.4000,5337.2000,5338.8000,5339.0000,5339.6000,5339.8000,5340.2000,1,1,1,2,1,3,1,6,2,5
SF,IC2003,2020-01-03 13:01:29.400,5338.0000,53386,0,7082727320.000,0,-,-,-,-,5338.0000,5337.6000,5337.4000,5337.2000,5334.8000,5338.8000,5339.0000,5339.6000,5339.8000,5340.2000,1,1,2,1,1,3,1,6,2,5
SF,IC2003,2020-01-03 13:01:29.900,5338.0000,53386,0,7082727320.000,0,-,-,-,-,5338.0000,5337.6000,5337.4000,5337.2000,5334.8000,5338.8000,5339.0000,5339.6000,5339.8000,5340.2000,1,1,2,1,1,1,1,6,2,5
SF,IC2003,2020-01-03 13:01:30.400,5338.0000,53386,0,7082727320.000,0,-,-,-,-,5338.2000,5338.0000,5337.6000,5337.4000,5337.2000,5338.8000,5339.0000,5339.6000,5339.8000,5340.2000,1,1,1,2,1,1,1,6,2,5
SF,IC2003,2020-01-03 13:01:30.900,5338.8000,53386,0,7083795080.000,1,0,1,空换,B,5338.4000,5338.2000,5338.0000,5337.6000,5337.4000,5339.0000,5339.6000,5339.8000,5340.2000,5341.0000,1,1,1,1,2,1,6,2,5,1
SF,IC2003,2020-01-03 13:01:31.400,5338.4000,53386,0,7084862760.000,1,0,1,空换,B,5338.0000,5337.6000,5337.4000,5337.2000,5336.6000,5339.0000,5339.6000,5339.8000,5340.2000,5341.0000,1,1,2,1,1,1,6,2,5,1
SF,IC2003,2020-01-03 13:01:31.900,5338.8000,53385,-1,7085930520.000,1,0,1,双平,B,5338.2000,5338.0000,5337.4000,5337.2000,5336.6000,5338.8000,5339.0000,5339.6000,5339.8000,5340.2000,1,1,1,1,1,1,1,6,2,5
SF,IC2003,2020-01-03 13:01:32.400,5338.8000,53386,1,7089133640.000,3,2,1,多开,B,5338.4000,5338.0000,5337.4000,5337.2000,5336.6000,5339.0000,5339.6000,5339.8000,5340.2000,5341.0000,1,1,1,1,1,1,6,2,5,1
SF,IC2003,2020-01-03 13:01:32.900,5338.4000,53386,0,7090201320.000,1,0,1,空换,B,5338.0000,5337.4000,5337.2000,5336.6000,5334.8000,5339.0000,5339.6000,5339.8000,5340.2000,5341.0000,1,1,1,1,1,1,6,2,5,1
SF,IC2003,2020-01-03 13:01:33.400,5338.4000,53386,0,7090201320.000,0,-,-,-,-,5338.0000,5337.4000,5337.2000,5336.6000,5334.8000,5338.6000,5339.0000,5339.6000,5339.8000,5340.2000,1,1,1,1,1,1,1,6,2,5
SF,IC2003,2020-01-03 13:01:33.900,5338.4000,53386,0,7090201320.000,0,-,-,-,-,5338.0000,5337.4000,5337.2000,5336.6000,5334.8000,5338.6000,5339.6000,5339.8000,5340.2000,5341.0000,1,1,1,1,1,1,6,2,5,2
SF,IC2003,2020-01-03 13:01:34.400,5338.6000,53385,-1,7091269040.000,1,0,1,双平,B,5338.0000,5337.4000,5337.2000,5336.6000,5334.8000,5339.6000,5339.8000,5340.2000,5341.0000,5341.4000,1,1,1,1,1,6,2,5,2,2
SF,IC2003,2020-01-03 13:01:34.900,5338.6000,53385,0,7091269040.000,0,-,-,-,-,5338.0000,5337.4000,5337.2000,5336.6000,5334.8000,5339.0000,5339.2000,5339.4000,5339.6000,5339.8000,1,1,1,1,1,1,2,2,6,2
SF,IC2003,2020-01-03 13:01:35.400,5338.0000,53385,0,7092336640.000,1,0,1,空换,B,5337.4000,5337.2000,5336.6000,5334.8000,5334.4000,5339.2000,5339.4000,5339.6000,5339.8000,5340.2000,1,1,1,1,1,1,2,6,2,5
SF,IC2003,2020-01-03 13:01:35.900,5337.6000,53386,1,7093404160.000,1,1,0,双开,B,5337.4000,5337.2000,5336.6000,5334.8000,5334.4000,5339.2000,5339.6000,5339.8000,5340.2000,5341.0000,1,1,1,1,1,1,6,2,5,2
SF,IC2003,2020-01-03 13:01:36.400,5337.6000,53386,0,7093404160.000,0,-,-,-,-,5338.2000,5337.4000,5337.2000,5336.6000,5334.8000,5338.8000,5339.0000,5339.2000,5339.6000,5339.8000,1,1,1,1,1,2,3,2,6,2
SF,IC2003,2020-01-03 13:01:36.900,5338.2000,53385,-1,7094471800.000,1,0,1,双平,B,5337.6000,5337.4000,5337.2000,5336.6000,5334.8000,5339.0000,5339.2000,5339.6000,5339.8000,5340.2000,1,1,1,1,1,3,2,6,2,5
SF,IC2003,2020-01-03 13:01:37.400,5337.6000,53384,-1,7095539320.000,1,0,1,双平,B,5337.2000,5336.6000,5334.8000,5334.4000,5334.0000,5338.8000,5339.0000,5339.2000,5339.6000,5339.8000,1,1,1,1,5,1,3,1,6,2
SF,IC2003,2020-01-03 13:01:37.900,5337.6000,53384,0,7095539320.000,0,-,-,-,-,5337.4000,5336.6000,5334.8000,5334.4000,5334.0000,5338.8000,5339.2000,5339.6000,5339.8000,5340.2000,2,1,1,1,5,1,1,6,2,5
SF,IC2003,2020-01-03 13:01:38.400,5337.6000,53384,0,7095539320.000,0,-,-,-,-,5337.4000,5336.6000,5334.8000,5334.4000,5334.0000,5338.6000,5338.8000,5339.2000,5339.6000,5339.8000,2,1,1,1,5,3,1,1,6,2
SF,IC2003,2020-01-03 13:01:38.900,5337.6000,53384,0,7095539320.000,0,-,-,-,-,5336.6000,5334.8000,5334.4000,5334.0000,5333.0000,5338.2000,5338.6000,5338.8000,5339.6000,5339.8000,1,1,1,5,1,2,3,1,6,2
SF,IC2003,2020-01-03 13:01:39.400,5337.6000,53384,0,7095539320.000,0,-,-,-,-,5338.0000,5336.8000,5336.6000,5334.8000,5334.4000,5338.2000,5338.6000,5339.6000,5339.8000,5340.2000,1,2,1,1,1,1,1,6,2,5
SF,IC2003,2020-01-03 13:01:39.900,5338.0000,53383,-1,7096606920.000,1,0,1,双平,B,5336.8000,5336.6000,5334.8000,5334.4000,5334.0000,5338.0000,5338.6000,5339.6000,5339.8000,5340.2000,2,1,1,1,5,1,1,6,2,5
SF,IC2003,2020-01-03 13:01:40.400,5336.8000,53381,-2,7098741640.000,2,0,2,双平,B,5336.6000,5334.8000,5334.4000,5334.0000,5333.0000,5336.8000,5337.8000,5338.0000,5338.6000,5339.6000,1,1,1,5,1,1,1,2,1,6
SF,IC2003,2020-01-03 13:01:40.900,5336.8000,53380,-1,7101943720.000,3,1,2,空平,B,5336.6000,5334.8000,5334.4000,5334.0000,5333.0000,5338.0000,5338.6000,5339.6000,5339.8000,5340.2000,1,1,1,5,1,1,1,6,2,5
SF,IC2003,2020-01-03 13:01:41.400,5336.8000,53380,0,7101943720.000,0,-,-,-,-,5336.8000,5336.6000,5334.8000,5334.4000,5334.0000,5337.6000,5337.8000,5339.6000,5339.8000,5340.2000,1,1,1,1,5,1,3,6,2,5
SF,IC2003,2020-01-03 13:01:41.900,5336.8000,53380,0,7101943720.000,0,-,-,-,-,5336.8000,5336.6000,5334.8000,5334.4000,5334.0000,5337.6000,5337.8000,5339.6000,5339.8000,5340.2000,1,1,1,1,5,1,1,6,2,5
SF,IC2003,2020-01-03 13:01:42.400,5336.8000,53380,0,7101943720.000,0,-,-,-,-,5336.8000,5336.6000,5336.2000,5334.8000,5334.4000,5337.8000,5339.6000,5339.8000,5340.2000,5341.0000,1,1,1,1,1,1,6,2,5,2
SF,IC2003,2020-01-03 13:01:42.900,5336.8000,53380,0,7101943720.000,0,-,-,-,-,5336.8000,5336.6000,5336.2000,5334.8000,5334.4000,5337.6000,5339.6000,5339.8000,5340.2000,5341.0000,1,1,1,1,1,2,6,2,5,2
SF,IC2003,2020-01-03 13:01:43.400,5336.8000,53380,0,7103011080.000,1,0,1,空换,B,5336.6000,5336.2000,5334.8000,5334.4000,5334.0000,5337.6000,5339.6000,5339.8000,5340.2000,5341.0000,6,1,1,1,5,2,6,2,5,2
SF,IC2003,2020-01-03 13:01:43.900,5336.8000,53380,0,7103011080.000,0,-,-,-,-,5336.6000,5336.2000,5334.8000,5334.4000,5334.0000,5337.4000,5337.6000,5339.6000,5339.8000,5340.2000,6,1,1,1,5,1,2,6,2,5
SF,IC2003,2020-01-03 13:01:45.900,5336.8000,53380,0,7103011080.000,0,-,-,-,-,5336.6000,5336.2000,5334.8000,5334.4000,5334.0000,5337.4000,5337.6000,5339.6000,5339.8000,5340.2000,6,1,1,1,5,1,2,6,2,5
SF,IC2003,2020-01-03 13:01:46.400,5336.8000,53380,0,7103011080.000,0,-,-,-,-,5336.6000,5336.2000,5334.8000,5334.4000,5334.0000,5337.4000,5337.6000,5339.6000,5339.8000,5340.2000,6,1,1,1,5,1,2,6,2,5
SF,IC2003,2020-01-03 13:01:46.900,5336.8000,53380,0,7103011080.000,0,-,-,-,-,5336.6000,5336.2000,5334.8000,5334.4000,5334.0000,5337.2000,5337.4000,5337.6000,5339.6000,5339.8000,6,1,1,1,5,1,1,2,6,2
SF,IC2003,2020-01-03 13:01:47.900,5336.6000,53380,0,7104078400.000,1,0,1,空换,B,5336.6000,5336.2000,5334.8000,5334.4000,5334.0000,5337.2000,5337.6000,5339.6000,5339.8000,5340.2000,5,1,1,1,5,1,2,6,2,5
SF,IC2003,2020-01-03 13:01:48.400,5336.6000,53380,0,7106213040.000,2,1,1,空换,B,5336.6000,5336.2000,5334.8000,5334.4000,5334.0000,5337.0000,5337.2000,5337.6000,5339.6000,5339.8000,3,1,1,1,5,1,1,2,6,2
SF,IC2003,2020-01-03 13:01:49.400,5336.6000,53380,0,7106213040.000,0,-,-,-,-,5336.8000,5336.6000,5336.2000,5334.8000,5334.4000,5337.0000,5337.2000,5337.6000,5339.6000,5339.8000,1,3,1,1,1,1,1,2,6,2
SF,IC2003,2020-01-03 13:01:49.900,5337.0000,53380,0,7107280440.000,1,0,1,空换,B,5336.8000,5336.6000,5336.2000,5334.8000,5334.4000,5337.2000,5337.6000,5339.6000,5339.8000,5340.2000,1,3,1,1,1,1,2,6,2,5
SF,IC2003,2020-01-03 13:01:50.400,5337.0000,53380,0,7107280440.000,0,-,-,-,-,5337.0000,5336.8000,5336.6000,5336.2000,5334.8000,5337.2000,5337.6000,5339.6000,5339.8000,5340.2000,2,1,3,1,1,1,2,6,2,5
SF,IC2003,2020-01-03 13:01:50.900,5337.0000,53380,0,7107280440.000,0,-,-,-,-,5337.0000,5336.8000,5336.6000,5336.2000,5334.8000,5337.2000,5337.6000,5339.6000,5339.8000,5340.2000,1,1,3,1,1,1,2,6,2,5
SF,IC2003,2020-01-03 13:01:54.900,5337.0000,53380,0,7108347840.000,1,0,1,空换,B,5336.8000,5336.6000,5336.2000,5334.8000,5334.4000,5337.0000,5337.2000,5337.6000,5339.6000,5339.8000,1,3,1,1,1,1,1,2,6,2
SF,IC2003,2020-01-03 13:01:55.400,5336.8000,53380,0,7110482560.000,2,1,1,空换,B,5336.6000,5336.2000,5334.8000,5334.4000,5334.0000,5337.0000,5337.2000,5337.6000,5339.6000,5339.8000,3,1,1,1,5,1,1,2,6,2
SF,IC2003,2020-01-03 13:01:55.900,5336.8000,53380,0,7110482560.000,0,-,-,-,-,5336.6000,5336.2000,5334.8000,5334.4000,5334.0000,5337.0000,5337.2000,5337.6000,5339.6000,5339.8000,3,1,1,1,5,1,1,2,6,2
SF,IC2003,2020-01-03 13:01:56.400,5337.2000,53379,-1,7112617400.000,2,0,2,空平,B,5337.2000,5337.0000,5336.8000,5336.6000,5336.2000,5339.6000,5339.8000,5340.2000,5341.0000,5341.4000,1,1,2,4,1,6,1,5,2,2
SF,IC2003,2020-01-03 13:01:56.900,5337.2000,53379,0,7112617400.000,0,-,-,-,-,5336.6000,5336.2000,5334.8000,5334.4000,5334.0000,5338.6000,5339.0000,5339.2000,5339.4000,5339.6000,3,1,1,1,5,1,1,3,2,6
SF,IC2003,2020-01-03 13:01:57.400,5337.2000,53379,0,7112617400.000,0,-,-,-,-,5336.8000,5336.6000,5336.2000,5334.8000,5334.4000,5338.4000,5338.6000,5339.0000,5339.2000,5339.6000,1,3,1,1,1,2,1,1,1,6
SF,IC2003,2020-01-03 13:01:57.900,5337.2000,53379,0,7112617400.000,0,-,-,-,-,5336.6000,5336.2000,5334.8000,5334.4000,5334.0000,5338.2000,5338.6000,5339.0000,5339.2000,5339.6000,3,1,1,1,5,2,1,1,1,6
SF,IC2003,2020-01-03 13:01:58.400,5337.2000,53379,0,7112617400.000,0,-,-,-,-,5336.6000,5336.2000,5334.8000,5334.4000,5334.0000,5338.0000,5338.2000,5339.0000,5339.2000,5339.6000,3,1,1,1,5,2,2,1,1,6
SF,IC2003,2020-01-03 13:01:58.900,5337.2000,53379,0,7112617400.000,0,-,-,-,-,5336.6000,5336.2000,5334.8000,5334.4000,5334.0000,5337.6000,5337.8000,5338.0000,5339.0000,5339.2000,3,1,1,1,5,1,1,2,1,1
SF,IC2003,2020-01-03 13:01:59.400,5337.2000,53379,0,7112617400.000,0,-,-,-,-,5336.6000,5336.2000,5334.8000,5334.4000,5334.0000,5337.4000,5337.6000,5337.8000,5338.0000,5339.0000,3,1,1,1,5,2,1,1,2,1
SF,IC2003,2020-01-03 13:02:00.400,5337.2000,53379,0,7112617400.000,0,-,-,-,-,5336.6000,5336.2000,5334.8000,5334.4000,5334.0000,5337.4000,5337.6000,5338.0000,5339.0000,5339.2000,3,1,1,1,5,2,1,2,1,1
SF,IC2003,2020-01-03 13:02:01.400,5337.2000,53379,0,7112617400.000,0,-,-,-,-,5336.6000,5336.2000,5334.8000,5334.4000,5334.0000,5337.4000,5338.0000,5339.0000,5339.2000,5339.6000,3,1,1,1,5,2,1,1,1,6
SF,IC2003,2020-01-03 13:02:01.900,5336.8000,53376,-3,7115819720.000,3,0,3,双平,B,5336.6000,5336.2000,5334.8000,5334.4000,5334.0000,5336.8000,5338.0000,5339.0000,5339.2000,5339.6000,3,1,1,1,5,1,1,1,1,6
SF,IC2003,2020-01-03 13:02:02.400,5336.8000,53376,0,7116887080.000,1,0,1,空换,B,5337.0000,5336.8000,5336.6000,5336.2000,5334.8000,5338.0000,5339.0000,5339.2000,5339.6000,5339.8000,1,11,4,1,1,1,1,1,6,1
SF,IC2003,2020-01-03 13:02:02.900,5336.8000,53376,0,7117954440.000,1,0,1,空换,B,5336.8000,5336.6000,5336.2000,5334.8000,5334.4000,5338.0000,5339.0000,5339.2000,5339.6000,5339.8000,7,4,1,1,1,1,1,1,6,1
SF,IC2003,2020-01-03 13:02:03.400,5336.8000,53376,0,7117954440.000,0,-,-,-,-,5336.8000,5336.6000,5336.2000,5334.8000,5334.6000,5338.0000,5339.0000,5339.2000,5339.6000,5339.8000,6,4,1,1,1,1,1,1,6,1
SF,IC2003,2020-01-03 13:02:04.400,5336.8000,53376,0,7117954440.000,0,-,-,-,-,5337.0000,5336.8000,5336.6000,5336.2000,5334.8000,5338.0000,5339.0000,5339.2000,5339.6000,5339.8000,1,6,4,1,1,1,1,1,6,1
SF,IC2003,2020-01-03 13:02:04.900,5338.0000,53377,1,7119022040.000,1,1,0,双开,B,5337.0000,5336.8000,5336.6000,5336.2000,5334.8000,5339.2000,5339.6000,5339.8000,5340.2000,5341.0000,1,6,4,1,1,1,6,1,5,2
SF,IC2003,2020-01-03 13:02:05.400,5338.0000,53377,0,7119022040.000,0,-,-,-,-,5337.0000,5336.8000,5336.6000,5336.2000,5334.8000,5339.6000,5339.8000,5340.2000,5341.0000,5341.4000,1,6,4,1,1,6,1,5,2,2
SF,IC2003,2020-01-03 13:02:05.900,5338.0000,53377,0,7119022040.000,0,-,-,-,-,5337.2000,5337.0000,5336.8000,5336.6000,5336.2000,5339.2000,5339.6000,5339.8000,5340.2000,5341.0000,2,1,6,4,1,4,6,1,5,2
SF,IC2003,2020-01-03 13:02:06.400,5338.0000,53377,0,7119022040.000,0,-,-,-,-,5337.4000,5337.2000,5336.8000,5336.6000,5336.2000,5339.2000,5339.6000,5339.8000,5340.2000,5341.0000,1,1,6,4,1,2,6,1,5,2
SF,IC2003,2020-01-03 13:02:06.900,5338.0000,53377,0,7119022040.000,0,-,-,-,-,5338.0000,5337.6000,5337.4000,5336.8000,5336.6000,5339.6000,5339.8000,5340.2000,5341.0000,5341.4000,2,2,1,6,3,6,1,5,2,2
SF,IC2003,2020-01-03 13:02:07.400,5338.0000,53377,0,7119022040.000,0,-,-,-,-,5338.2000,5338.0000,5337.6000,5336.8000,5336.6000,5339.6000,5339.8000,5340.2000,5341.0000,5341.4000,1,2,2,4,3,6,1,5,2,2
SF,IC2003,2020-01-03 13:02:07.900,5338.0000,53377,0,7119022040.000,0,-,-,-,-,5338.2000,5338.0000,5337.6000,5336.8000,5336.6000,5339.6000,5339.8000,5340.2000,5341.0000,5341.4000,1,2,2,4,3,6,1,5,2,2
SF,IC2003,2020-01-03 13:02:08.400,5338.0000,53377,0,7119022040.000,0,-,-,-,-,5338.4000,5338.2000,5338.0000,5337.6000,5336.8000,5339.6000,5339.8000,5340.2000,5341.0000,5341.4000,1,1,2,2,3,6,1,5,2,2
SF,IC2003,2020-01-03 13:02:08.900,5338.0000,53377,0,7119022040.000,0,-,-,-,-,5338.6000,5338.2000,5338.0000,5337.6000,5336.8000,5339.6000,5339.8000,5340.2000,5341.0000,5341.4000,2,1,2,1,3,6,1,5,2,2
SF,IC2003,2020-01-03 13:02:09.900,5338.0000,53377,0,7119022040.000,0,-,-,-,-,5338.6000,5338.2000,5338.0000,5337.6000,5337.0000,5339.6000,5339.8000,5340.2000,5341.0000,5341.4000,2,1,2,1,1,6,1,5,2,2
SF,IC2003,2020-01-03 13:02:10.400,5338.0000,53377,0,7119022040.000,0,-,-,-,-,5338.6000,5338.0000,5337.6000,5337.0000,5336.8000,5339.6000,5339.8000,5340.2000,5341.0000,5341.4000,2,2,1,1,2,6,1,5,2,2
SF,IC2003,2020-01-03 13:02:11.400,5339.6000,53377,0,7120089960.000,1,0,1,空换,B,5338.6000,5338.0000,5337.6000,5337.0000,5336.8000,5339.6000,5339.8000,5340.2000,5341.0000,5341.4000,2,1,1,1,2,5,1,5,2,2
SF,IC2003,2020-01-03 13:02:11.900,5339.6000,53377,0,7120089960.000,0,-,-,-,-,5338.6000,5338.0000,5337.6000,5337.0000,5336.8000,5339.6000,5339.8000,5340.2000,5341.0000,5341.4000,2,1,1,1,2,5,1,5,2,2
SF,IC2003,2020-01-03 13:02:12.900,5339.6000,53377,0,7120089960.000,0,-,-,-,-,5338.6000,5338.0000,5337.6000,5337.0000,5336.8000,5339.6000,5339.8000,5340.2000,5341.0000,5341.4000,2,1,1,1,2,5,1,5,2,2
SF,IC2003,2020-01-03 13:02:13.400,5339.6000,53377,0,7120089960.000,0,-,-,-,-,5338.6000,5338.0000,5337.0000,5336.8000,5336.6000,5339.2000,5339.6000,5339.8000,5340.2000,5341.0000,2,1,1,2,3,5,5,1,5,2
SF,IC2003,2020-01-03 13:02:13.900,5339.2000,53375,-2,7122225680.000,2,0,2,双平,B,5338.6000,5338.0000,5337.0000,5336.8000,5336.6000,5339.2000,5339.6000,5339.8000,5340.0000,5340.2000,2,1,1,2,3,3,5,1,1,5
SF,IC2003,2020-01-03 13:02:14.400,5339.2000,53375,0,7122225680.000,0,-,-,-,-,5338.8000,5338.6000,5338.0000,5337.0000,5336.8000,5339.2000,5339.6000,5339.8000,5340.0000,5340.2000,1,2,1,1,2,3,5,1,1,5
SF,IC2003,2020-01-03 13:02:14.900,5339.2000,53373,-2,7125429200.000,3,0,3,空平,B,5339.4000,5339.2000,5339.0000,5338.6000,5338.0000,5339.6000,5339.8000,5340.0000,5340.2000,5341.0000,1,1,1,2,1,5,1,1,5,2
SF,IC2003,2020-01-03 13:02:15.400,5339.4000,53372,-1,7129700760.000,4,1,3,空平,B,5339.4000,5339.0000,5338.6000,5338.0000,5337.0000,5339.6000,5339.8000,5340.0000,5340.2000,5341.0000,1,1,1,1,1,4,1,1,5,2
SF,IC2003,2020-01-03 13:02:15.900,5339.4000,53371,-1,7133972120.000,4,1,3,空平,B,5338.6000,5338.0000,5337.0000,5336.8000,5336.6000,5339.4000,5339.6000,5339.8000,5340.0000,5340.2000,1,1,1,2,3,1,4,1,1,5
SF,IC2003,2020-01-03 13:02:16.400,5339.4000,53371,0,7133972120.000,0,-,-,-,-,5339.0000,5338.6000,5337.0000,5336.8000,5336.6000,5339.4000,5339.6000,5339.8000,5340.0000,5340.2000,1,1,1,2,3,1,4,1,1,5
SF,IC2003,2020-01-03 13:02:16.900,5339.0000,53371,0,7135039920.000,1,0,1,空换,B,5338.6000,5337.0000,5336.8000,5336.6000,5336.2000,5339.0000,5339.4000,5339.6000,5339.8000,5340.0000,1,1,2,3,1,1,1,4,1,1
SF,IC2003,2020-01-03 13:02:17.900,5339.4000,53370,-1,7137175600.000,2,0,2,空平,B,5338.6000,5337.0000,5336.8000,5336.6000,5336.2000,5339.6000,5339.8000,5340.0000,5340.2000,5341.0000,1,1,2,3,1,4,1,1,5,2
SF,IC2003,2020-01-03 13:02:18.400,5339.4000,53370,0,7137175600.000,0,-,-,-,-,5338.6000,5337.0000,5336.8000,5336.6000,5336.2000,5339.4000,5339.6000,5339.8000,5340.0000,5340.2000,1,1,2,3,1,2,4,1,1,5
SF,IC2003,2020-01-03 13:02:18.900,5338.6000,53369,-1,7138243320.000,1,0,1,双平,B,5337.0000,5336.8000,5336.6000,5336.2000,5334.8000,5338.6000,5339.4000,5339.6000,5339.8000,5340.0000,1,2,3,1,1,1,2,4,1,1
SF,IC2003,2020-01-03 13:02:19.400,5338.6000,53369,0,7138243320.000,0,-,-,-,-,5337.2000,5337.0000,5336.8000,5336.6000,5336.2000,5339.2000,5339.4000,5339.6000,5339.8000,5340.0000,2,1,2,3,1,1,2,4,1,1
SF,IC2003,2020-01-03 13:02:19.900,5338.6000,53369,0,7138243320.000,0,-,-,-,-,5337.6000,5337.2000,5337.0000,5336.8000,5336.6000,5339.0000,5339.2000,5339.6000,5339.8000,5340.0000,1,2,1,2,3,2,1,4,1,1
SF,IC2003,2020-01-03 13:02:20.900,5338.6000,53369,0,7138243320.000,0,-,-,-,-,5338.2000,5337.6000,5337.2000,5337.0000,5336.8000,5339.0000,5339.2000,5339.6000,5339.8000,5340.0000,1,1,2,1,2,3,1,4,1,1
SF,IC2003,2020-01-03 13:02:21.400,5338.6000,53369,0,7138243320.000,0,-,-,-,-,5338.2000,5337.6000,5337.2000,5337.0000,5336.8000,5338.8000,5339.0000,5339.6000,5339.8000,5340.0000,1,1,2,1,2,1,1,4,1,1
SF,IC2003,2020-01-03 13:02:21.900,5338.8000,53368,-1,7139311080.000,1,0,1,双平,B,5337.6000,5337.2000,5337.0000,5336.8000,5336.6000,5339.0000,5339.6000,5339.8000,5340.0000,5340.2000,1,2,1,2,3,1,4,1,1,5
SF,IC2003,2020-01-03 13:02:22.400,5338.8000,53368,0,7139311080.000,0,-,-,-,-,5337.8000,5337.6000,5337.0000,5336.8000,5336.6000,5339.0000,5339.6000,5339.8000,5340.0000,5340.2000,3,1,1,2,3,1,4,1,1,5
SF,IC2003,2020-01-03 13:02:22.900,5338.8000,53368,0,7139311080.000,0,-,-,-,-,5337.8000,5337.6000,5337.0000,5336.8000,5336.6000,5339.0000,5339.6000,5339.8000,5340.0000,5340.2000,3,1,6,2,3,1,4,1,1,5
SF,IC2003,2020-01-03 13:02:23.400,5338.8000,53368,0,7139311080.000,0,-,-,-,-,5337.8000,5337.6000,5337.0000,5336.8000,5336.6000,5338.8000,5339.0000,5339.6000,5339.8000,5340.0000,3,1,6,2,3,1,1,4,1,1
SF,IC2003,2020-01-03 13:02:24.400,5338.8000,53367,-1,7140378840.000,1,0,1,双平,B,5337.8000,5337.6000,5337.0000,5336.8000,5336.6000,5339.0000,5339.6000,5339.8000,5340.0000,5340.2000,3,1,6,2,3,1,4,1,1,5
SF,IC2003,2020-01-03 13:02:24.900,5339.0000,53366,-1,7141446640.000,1,0,1,双平,B,5337.8000,5337.6000,5337.0000,5336.8000,5336.6000,5339.6000,5339.8000,5340.0000,5340.2000,5341.0000,3,1,6,2,3,4,1,1,5,2
SF,IC2003,2020-01-03 13:02:25.400,5339.0000,53366,0,7141446640.000,0,-,-,-,-,5338.0000,5337.8000,5337.6000,5337.0000,5336.8000,5339.2000,5339.4000,5339.6000,5339.8000,5340.0000,1,3,1,6,2,2,2,4,1,1
SF,IC2003,2020-01-03 13:02:25.900,5339.0000,53366,0,7141446640.000,0,-,-,-,-,5338.2000,5338.0000,5337.6000,5337.0000,5336.8000,5339.4000,5339.6000,5339.8000,5340.0000,5340.2000,2,1,1,6,2,2,4,1,1,5
SF,IC2003,2020-01-03 13:02:26.400,5339.0000,53366,0,7141446640.000,0,-,-,-,-,5338.4000,5338.2000,5337.6000,5337.0000,5336.8000,5339.4000,5339.6000,5339.8000,5340.0000,5340.2000,1,2,1,6,2,2,4,1,1,5
SF,IC2003,2020-01-03 13:02:30.400,5339.0000,53366,0,7141446640.000,0,-,-,-,-,5338.4000,5338.2000,5337.0000,5336.8000,5336.6000,5339.4000,5339.6000,5339.8000,5340.0000,5340.2000,1,2,6,2,3,2,4,1,1,5
SF,IC2003,2020-01-03 13:02:30.900,5339.0000,53366,0,7141446640.000,0,-,-,-,-,5338.4000,5338.2000,5337.0000,5336.8000,5336.6000,5339.2000,5339.4000,5339.6000,5339.8000,5340.0000,1,2,6,2,3,1,2,4,1,1
SF,IC2003,2020-01-03 13:02:31.400,5338.4000,53366,0,7142514320.000,1,0,1,空换,B,5338.2000,5337.0000,5336.8000,5336.6000,5336.2000,5339.2000,5339.4000,5339.6000,5339.8000,5340.0000,2,6,2,3,1,1,2,4,1,1
SF,IC2003,2020-01-03 13:02:31.900,5338.4000,53366,0,7142514320.000,0,-,-,-,-,5338.2000,5337.0000,5336.8000,5336.6000,5336.2000,5339.2000,5339.4000,5339.6000,5339.8000,5340.0000,2,6,2,3,1,1,2,4,1,1
SF,IC2003,2020-01-03 13:02:33.400,5339.2000,53366,0,7143582160.000,1,0,1,空换,B,5339.2000,5338.2000,5337.0000,5336.8000,5336.6000,5339.4000,5339.6000,5339.8000,5340.0000,5340.2000,1,2,6,2,3,2,4,1,1,5
SF,IC2003,2020-01-03 13:02:33.900,5339.2000,53366,0,7144650000.000,1,0,1,空换,B,5337.0000,5336.8000,5336.6000,5336.2000,5334.8000,5338.6000,5339.0000,5339.2000,5339.6000,5339.8000,6,2,3,1,1,1,3,6,4,1
SF,IC2003,2020-01-03 13:02:34.400,5337.8000,53366,0,7146785120.000,2,1,1,空换,B,5337.2000,5337.0000,5336.8000,5336.6000,5336.2000,5339.0000,5339.2000,5339.6000,5339.8000,5340.0000,3,6,2,3,1,2,5,4,1,1
SF,IC2003,2020-01-03 13:02:34.900,5337.2000,53365,-1,7147852560.000,1,0,1,双平,B,5337.2000,5337.0000,5336.8000,5336.6000,5336.2000,5338.8000,5339.2000,5339.6000,5339.8000,5340.0000,1,6,2,3,1,2,5,4,1,1
SF,IC2003,2020-01-03 13:02:35.400,5337.2000,53365,0,7147852560.000,0,-,-,-,-,5337.2000,5337.0000,5336.8000,5336.6000,5336.2000,5338.6000,5338.8000,5339.2000,5339.6000,5339.8000,1,6,2,3,1,1,2,5,4,1
SF,IC2003,2020-01-03 13:02:35.900,5337.2000,53365,0,7147852560.000,0,-,-,-,-,5337.2000,5337.0000,5336.8000,5336.6000,5336.2000,5338.4000,5338.6000,5339.2000,5339.6000,5339.8000,1,6,2,3,1,2,1,5,4,1
SF,IC2003,2020-01-03 13:02:36.900,5337.2000,53365,0,7147852560.000,0,-,-,-,-,5337.2000,5337.0000,5336.8000,5336.6000,5336.2000,5338.4000,5338.6000,5339.2000,5339.6000,5339.8000,2,6,2,3,1,2,1,5,4,1
SF,IC2003,2020-01-03 13:02:37.400,5337.2000,53365,0,7147852560.000,0,-,-,-,-,5338.2000,5337.2000,5337.0000,5336.8000,5336.6000,5338.4000,5338.6000,5339.2000,5339.6000,5339.8000,1,3,6,2,3,2,1,5,4,1
SF,IC2003,2020-01-03 13:02:37.900,5337.2000,53365,0,7147852560.000,0,-,-,-,-,5338.2000,5337.2000,5337.0000,5336.8000,5336.6000,5338.4000,5338.6000,5339.2000,5339.6000,5339.8000,1,3,6,2,3,2,1,6,4,1
SF,IC2003,2020-01-03 13:02:38.400,5338.4000,53365,0,7148920240.000,1,0,1,空换,B,5338.2000,5337.2000,5337.0000,5336.8000,5336.6000,5338.4000,5339.2000,5339.6000,5339.8000,5340.0000,1,3,6,2,3,1,6,4,1,1
SF,IC2003,2020-01-03 13:02:38.900,5338.4000,53365,0,7148920240.000,0,-,-,-,-,5338.2000,5337.2000,5337.0000,5336.8000,5336.6000,5339.2000,5339.6000,5339.8000,5340.0000,5340.2000,1,3,6,2,3,4,4,1,1,5
SF,IC2003,2020-01-03 13:02:39.400,5338.4000,53365,0,7148920240.000,0,-,-,-,-,5338.2000,5337.2000,5337.0000,5336.8000,5336.6000,5339.0000,5339.2000,5339.6000,5339.8000,5340.0000,1,3,6,2,3,2,4,4,1,1
SF,IC2003,2020-01-03 13:02:39.900,5338.4000,53365,0,7148920240.000,0,-,-,-,-,5338.4000,5338.2000,5337.2000,5337.0000,5336.8000,5339.0000,5339.2000,5339.6000,5339.8000,5340.0000,1,1,3,6,2,2,3,4,1,1
SF,IC2003,2020-01-03 13:02:42.400,5339.0000,53365,0,7149988040.000,1,0,1,空换,B,5338.4000,5338.2000,5337.2000,5337.0000,5336.8000,5339.0000,5339.2000,5339.6000,5339.8000,5340.0000,1,1,3,6,2,1,3,4,1,1
SF,IC2003,2020-01-03 13:02:42.900,5339.0000,53365,0,7149988040.000,0,-,-,-,-,5338.6000,5338.4000,5338.2000,5337.2000,5337.0000,5339.2000,5339.6000,5339.8000,5340.0000,5340.2000,2,1,1,2,6,2,4,1,1,5
SF,IC2003,2020-01-03 13:02:43.900,5339.0000,53365,0,7149988040.000,0,-,-,-,-,5338.6000,5338.4000,5338.2000,5337.2000,5337.0000,5339.2000,5339.6000,5339.8000,5340.0000,5340.2000,2,1,1,3,6,2,4,1,1,5
SF,IC2003,2020-01-03 13:02:44.400,5339.0000,53365,0,7149988040.000,0,-,-,-,-,5338.4000,5338.2000,5337.2000,5337.0000,5336.8000,5339.2000,5339.6000,5339.8000,5340.0000,5340.2000,1,1,3,6,2,2,4,1,1,5
SF,IC2003,2020-01-03 13:02:46.900,5339.0000,53365,0,7149988040.000,0,-,-,-,-,5338.8000,5338.4000,5338.2000,5337.2000,5337.0000,5339.2000,5339.6000,5339.8000,5340.0000,5340.2000,1,1,1,3,6,2,4,1,1,5
SF,IC2003,2020-01-03 13:02:48.400,5339.0000,53365,0,7149988040.000,0,-,-,-,-,5338.8000,5338.4000,5338.2000,5337.2000,5337.0000,5339.2000,5339.6000,5339.8000,5340.0000,5340.2000,1,1,1,3,6,2,4,1,1,5
SF,IC2003,2020-01-03 13:02:49.900,5339.0000,53365,0,7149988040.000,0,-,-,-,-,5338.8000,5338.4000,5338.2000,5337.2000,5337.0000,5339.0000,5339.2000,5339.6000,5339.8000,5340.0000,1,1,1,3,6,1,2,4,1,1
SF,IC2003,2020-01-03 13:02:50.400,5339.0000,53364,-1,7151055840.000,1,0,1,双平,B,5338.8000,5338.4000,5338.2000,5337.2000,5337.0000,5339.2000,5339.6000,5339.8000,5340.0000,5340.2000,1,1,1,2,6,2,4,1,1,5
SF,IC2003,2020-01-03 13:02:51.900,5339.0000,53364,0,7151055840.000,0,-,-,-,-,5338.4000,5338.2000,5337.2000,5337.0000,5336.8000,5339.2000,5339.6000,5339.8000,5340.0000,5340.2000,1,1,2,6,2,2,4,1,1,5
SF,IC2003,2020-01-03 13:02:52.400,5339.0000,53364,0,7151055840.000,0,-,-,-,-,5338.8000,5338.4000,5338.2000,5337.2000,5337.0000,5339.2000,5339.6000,5339.8000,5340.0000,5340.2000,1,1,1,2,6,2,4,1,1,5
SF,IC2003,2020-01-03 13:02:55.400,5338.8000,53363,-1,7152123600.000,1,0,1,双平,B,5338.4000,5338.2000,5337.2000,5337.0000,5336.8000,5338.6000,5338.8000,5339.2000,5339.6000,5339.8000,1,2,2,6,2,1,1,2,4,1
SF,IC2003,2020-01-03 13:02:55.900,5338.4000,53362,-1,7153191280.000,1,0,1,双平,B,5338.2000,5337.2000,5337.0000,5336.8000,5336.6000,5338.8000,5339.2000,5339.6000,5339.8000,5340.0000,2,2,6,2,3,1,1,4,1,1
SF,IC2003,2020-01-03 13:02:58.900,5338.4000,53362,0,7153191280.000,0,-,-,-,-,5338.2000,5337.2000,5337.0000,5336.8000,5336.6000,5338.8000,5339.2000,5339.6000,5339.8000,5340.0000,1,2,6,2,3,1,1,4,1,1
SF,IC2003,2020-01-03 13:02:59.400,5338.4000,53362,0,7153191280.000,0,-,-,-,-,5338.2000,5337.2000,5337.0000,5336.8000,5336.6000,5338.6000,5338.8000,5339.2000,5339.6000,5339.8000,1,2,6,2,3,3,1,1,4,1
SF,IC2003,2020-01-03 13:02:59.900,5337.2000,53362,0,7155326360.000,2,1,1,空换,B,5337.2000,5337.0000,5336.8000,5336.6000,5336.2000,5338.2000,5338.4000,5338.6000,5338.8000,5339.2000,1,6,2,3,1,2,1,3,1,1
SF,IC2003,2020-01-03 13:03:00.400,5337.2000,53362,0,7155326360.000,0,-,-,-,-,5337.2000,5337.0000,5336.8000,5336.6000,5336.2000,5338.2000,5338.4000,5338.6000,5338.8000,5339.2000,1,6,2,3,1,2,2,3,1,1
SF,IC2003,2020-01-03 13:03:00.900,5337.2000,53362,0,7155326360.000,0,-,-,-,-,5337.2000,5337.0000,5336.6000,5336.2000,5334.6000,5338.2000,5338.4000,5338.6000,5338.8000,5339.2000,1,6,3,1,1,2,2,3,1,1
SF,IC2003,2020-01-03 13:03:01.400,5337.2000,53362,0,7155326360.000,0,-,-,-,-,5337.2000,5337.0000,5336.6000,5336.2000,5334.6000,5338.2000,5338.4000,5338.6000,5338.8000,5339.2000,1,6,3,1,1,2,1,3,1,1
SF,IC2003,2020-01-03 13:03:01.900,5337.2000,53362,0,7155326360.000,0,-,-,-,-,5337.2000,5337.0000,5336.6000,5336.2000,5334.6000,5338.2000,5338.4000,5338.6000,5338.8000,5339.2000,1,6,3,1,1,2,1,2,1,1
SF,IC2003,2020-01-03 13:03:02.900,5337.2000,53362,0,7155326360.000,0,-,-,-,-,5337.2000,5337.0000,5336.6000,5336.2000,5334.6000,5338.0000,5338.2000,5338.4000,5338.6000,5338.8000,1,6,3,1,1,1,2,1,2,1
SF,IC2003,2020-01-03 13:03:03.400,5337.2000,53362,0,7155326360.000,0,-,-,-,-,5337.2000,5337.0000,5336.6000,5336.2000,5334.6000,5337.8000,5338.0000,5338.2000,5338.4000,5338.6000,1,6,3,1,1,1,1,2,1,2
SF,IC2003,2020-01-03 13:03:03.900,5337.8000,53361,-1,7156393920.000,1,0,1,双平,B,5337.4000,5337.2000,5337.0000,5336.6000,5336.2000,5338.0000,5338.2000,5338.4000,5338.6000,5338.8000,2,1,6,3,1,1,2,1,2,1
SF,IC2003,2020-01-03 13:03:04.400,5338.0000,53360,-1,7157461520.000,1,0,1,双平,B,5337.4000,5337.2000,5337.0000,5336.6000,5336.2000,5338.2000,5338.4000,5338.8000,5339.2000,5339.6000,2,1,6,3,1,1,1,1,1,4
SF,IC2003,2020-01-03 13:03:04.900,5338.2000,53360,0,7158529160.000,1,0,1,空换,B,5337.4000,5337.2000,5337.0000,5336.6000,5336.2000,5338.4000,5338.8000,5339.2000,5339.6000,5339.8000,2,1,6,3,1,1,1,1,4,1
SF,IC2003,2020-01-03 13:03:05.400,5338.4000,53359,-1,7159596840.000,1,0,1,双平,B,5338.4000,5337.4000,5337.2000,5337.0000,5336.6000,5338.8000,5339.2000,5339.6000,5339.8000,5340.0000,2,2,1,6,3,1,1,4,1,1
SF,IC2003,2020-01-03 13:03:05.900,5338.8000,53360,1,7160664600.000,1,1,0,双开,B,5338.6000,5338.4000,5337.4000,5337.2000,5337.0000,5339.2000,5339.6000,5339.8000,5340.0000,5340.2000,1,2,2,1,6,1,4,1,1,5
SF,IC2003,2020-01-03 13:03:07.400,5338.8000,53360,0,7160664600.000,0,-,-,-,-,5338.4000,5337.4000,5337.2000,5337.0000,5336.6000,5339.2000,5339.6000,5339.8000,5340.0000,5340.2000,2,2,1,6,3,1,4,1,1,5
SF,IC2003,2020-01-03 13:03:07.900,5338.8000,53360,0,7160664600.000,0,-,-,-,-,5338.6000,5338.4000,5337.2000,5337.0000,5336.6000,5339.2000,5339.6000,5339.8000,5340.0000,5340.2000,2,2,1,6,3,1,4,1,1,5
SF,IC2003,2020-01-03 13:03:08.400,5338.8000,53360,0,7160664600.000,0,-,-,-,-,5338.6000,5338.4000,5337.2000,5337.0000,5336.6000,5339.2000,5339.6000,5339.8000,5340.0000,5340.2000,3,2,1,6,3,1,4,1,1,5
SF,IC2003,2020-01-03 13:03:08.900,5338.8000,53360,0,7160664600.000,0,-,-,-,-,5338.8000,5338.6000,5338.4000,5337.2000,5337.0000,5339.0000,5339.2000,5339.6000,5339.8000,5340.0000,1,3,2,1,6,1,1,4,1,1
SF,IC2003,2020-01-03 13:03:09.400,5339.0000,53361,1,7161732400.000,1,1,0,双开,B,5339.0000,5338.8000,5338.4000,5337.2000,5337.0000,5339.2000,5339.6000,5339.8000,5340.0000,5340.2000,2,1,2,1,6,1,4,1,1,5
SF,IC2003,2020-01-03 13:03:09.900,5339.0000,53361,0,7161732400.000,0,-,-,-,-,5339.0000,5338.8000,5338.4000,5337.2000,5337.0000,5339.2000,5339.6000,5339.8000,5340.0000,5340.2000,1,1,2,1,6,1,4,1,1,5
SF,IC2003,2020-01-03 13:03:10.400,5339.0000,53361,0,7162800200.000,1,0,1,空换,B,5338.8000,5337.2000,5337.0000,5336.6000,5336.2000,5339.0000,5339.2000,5339.6000,5339.8000,5340.0000,1,1,6,3,1,2,1,4,1,1
SF,IC2003,2020-01-03 13:03:10.900,5339.0000,53361,0,7162800200.000,0,-,-,-,-,5337.2000,5337.0000,5336.6000,5336.2000,5334.6000,5338.8000,5339.2000,5339.6000,5339.8000,5340.0000,1,6,3,1,1,2,1,4,1,1
SF,IC2003,2020-01-03 13:03:11.400,5339.0000,53361,0,7162800200.000,0,-,-,-,-,5337.6000,5337.4000,5337.2000,5337.0000,5336.6000,5338.6000,5338.8000,5339.2000,5339.6000,5339.8000,1,2,1,6,3,1,2,1,4,1
SF,IC2003,2020-01-03 13:03:11.900,5339.0000,53361,0,7162800200.000,0,-,-,-,-,5337.6000,5337.4000,5337.2000,5337.0000,5336.6000,5338.6000,5338.8000,5339.2000,5339.6000,5339.8000,1,2,1,6,3,1,2,1,4,1
SF,IC2003,2020-01-03 13:03:12.400,5339.0000,53361,0,7162800200.000,0,-,-,-,-,5337.8000,5337.6000,5337.2000,5337.0000,5336.6000,5338.6000,5338.8000,5339.2000,5339.6000,5339.8000,3,1,1,6,3,1,2,1,4,1
SF,IC2003,2020-01-03 13:03:12.900,5338.8000,53362,1,7163867960.000,1,1,0,双开,B,5338.0000,5337.8000,5337.6000,5337.2000,5337.0000,5338.8000,5339.2000,5339.6000,5339.8000,5340.0000,1,3,1,1,6,2,1,4,1,1
SF,IC2003,2020-01-03 13:03:13.400,5338.8000,53362,0,7163867960.000,0,-,-,-,-,5338.0000,5337.8000,5337.6000,5337.2000,5337.0000,5338.8000,5339.2000,5339.6000,5339.8000,5340.0000,1,2,1,1,6,1,1,4,1,1
SF,IC2003,2020-01-03 13:03:13.900,5338.8000,53362,0,7163867960.000,0,-,-,-,-,5338.2000,5338.0000,5337.6000,5337.2000,5337.0000,5338.8000,5339.2000,5339.6000,5339.8000,5340.0000,3,1,1,1,6,1,1,4,1,1
SF,IC2003,2020-01-03 13:03:14.400,5338.8000,53362,0,7164935720.000,1,0,1,空换,B,5338.4000,5338.2000,5338.0000,5337.6000,5337.2000,5339.2000,5339.6000,5339.8000,5340.0000,5340.2000,1,3,1,1,1,1,4,1,1,5
SF,IC2003,2020-01-03 13:03:14.900,5338.8000,53362,0,7164935720.000,0,-,-,-,-,5338.6000,5338.4000,5338.2000,5338.0000,5337.2000,5339.2000,5339.6000,5339.8000,5340.0000,5340.2000,2,1,1,1,1,1,4,1,1,5
SF,IC2003,2020-01-03 13:03:15.400,5338.8000,53362,0,7164935720.000,0,-,-,-,-,5338.8000,5338.6000,5338.4000,5338.2000,5338.0000,5339.2000,5339.6000,5339.8000,5340.0000,5340.2000,1,2,1,1,1,1,4,1,1,5
SF,IC2003,2020-01-03 13:03:15.900,5338.8000,53362,0,7166003480.000,1,0,1,空换,B,5338.8000,5338.6000,5338.4000,5338.2000,5338.0000,5339.2000,5339.6000,5339.8000,5340.0000,5340.2000,1,2,1,1,1,1,4,1,1,5
SF,IC2003,2020-01-03 13:03:17.400,5338.8000,53362,0,7166003480.000,0,-,-,-,-,5338.8000,5338.6000,5338.4000,5338.2000,5338.0000,5339.2000,5339.6000,5339.8000,5340.0000,5340.2000,1,2,1,1,1,1,4,1,1,5
SF,IC2003,2020-01-03 13:03:17.900,5338.8000,53362,0,7166003480.000,0,-,-,-,-,5338.8000,5338.6000,5338.4000,5338.2000,5337.2000,5339.2000,5339.6000,5339.8000,5340.0000,5340.2000,1,2,1,1,1,1,4,1,1,5
SF,IC2003,2020-01-03 13:03:18.400,5338.8000,53362,0,7166003480.000,0,-,-,-,-,5338.8000,5338.6000,5338.4000,5338.2000,5337.4000,5339.2000,5339.6000,5339.8000,5340.0000,5340.2000,1,2,1,1,5,1,4,1,1,5
SF,IC2003,2020-01-03 13:03:18.900,5339.2000,53362,0,7167071320.000,1,0,1,空换,B,5339.2000,5338.8000,5338.6000,5338.4000,5338.2000,5339.6000,5339.8000,5340.0000,5340.2000,5341.0000,1,1,2,1,1,4,1,1,5,2
SF,IC2003,2020-01-03 13:03:20.400,5339.2000,53363,1,7168139160.000,1,1,0,双开,B,5339.2000,5338.8000,5338.6000,5338.4000,5338.2000,5339.6000,5339.8000,5340.0000,5340.2000,5341.0000,2,1,2,1,1,4,1,1,5,2
SF,IC2003,2020-01-03 13:03:20.900,5339.2000,53363,0,7169207000.000,1,0,1,空换,B,5339.2000,5338.8000,5338.6000,5338.4000,5338.2000,5339.6000,5339.8000,5340.0000,5340.2000,5341.0000,1,1,2,1,1,4,1,1,5,2
SF,IC2003,2020-01-03 13:03:21.400,5339.2000,53363,0,7169207000.000,0,-,-,-,-,5339.2000,5338.8000,5338.6000,5338.4000,5338.2000,5339.6000,5339.8000,5340.0000,5340.2000,5341.0000,1,1,2,1,1,4,1,1,5,2
SF,IC2003,2020-01-03 13:03:21.900,5339.2000,53363,0,7169207000.000,0,-,-,-,-,5339.4000,5339.2000,5338.8000,5338.6000,5338.4000,5339.6000,5339.8000,5340.0000,5340.2000,5341.0000,1,1,1,2,1,4,1,1,5,2
SF,IC2003,2020-01-03 13:03:22.400,5339.2000,53362,-1,7170274840.000,1,0,1,双平,B,5339.2000,5338.8000,5338.6000,5338.4000,5338.2000,5339.6000,5339.8000,5340.0000,5340.2000,5341.0000,1,1,2,1,1,4,1,1,5,2
SF,IC2003,2020-01-03 13:03:22.900,5339.2000,53362,0,7170274840.000,0,-,-,-,-,5339.2000,5338.8000,5338.6000,5338.4000,5337.4000,5339.6000,5339.8000,5340.0000,5340.2000,5341.0000,1,1,2,1,5,4,1,1,5,2
SF,IC2003,2020-01-03 13:03:25.400,5339.2000,53362,0,7170274840.000,0,-,-,-,-,5339.2000,5338.8000,5338.6000,5338.4000,5337.4000,5339.6000,5339.8000,5340.0000,5340.2000,5341.0000,1,1,2,1,5,4,1,1,5,2
SF,IC2003,2020-01-03 13:03:25.900,5339.2000,53362,0,7170274840.000,0,-,-,-,-,5339.2000,5338.8000,5338.6000,5338.4000,5337.4000,5339.4000,5339.6000,5339.8000,5340.0000,5340.2000,1,1,2,1,5,1,4,1,1,5
SF,IC2003,2020-01-03 13:03:26.400,5339.2000,53363,1,7171342680.000,1,1,0,双开,B,5338.8000,5338.6000,5338.4000,5337.4000,5337.2000,5339.4000,5339.6000,5339.8000,5340.0000,5340.2000,1,2,1,5,1,1,4,1,1,5
SF,IC2003,2020-01-03 13:03:26.900,5339.2000,53363,0,7171342680.000,0,-,-,-,-,5338.8000,5338.6000,5338.4000,5338.0000,5337.4000,5339.4000,5339.6000,5339.8000,5340.0000,5340.2000,1,2,1,1,5,1,4,1,1,5
SF,IC2003,2020-01-03 13:03:28.400,5339.2000,53363,0,7171342680.000,0,-,-,-,-,5338.8000,5338.6000,5338.4000,5338.0000,5337.4000,5339.4000,5339.6000,5339.8000,5340.0000,5340.2000,1,2,1,1,5,1,4,1,1,5
SF,IC2003,2020-01-03 13:03:28.900,5338.8000,53363,0,7172410440.000,1,0,1,空换,B,5338.6000,5338.4000,5338.0000,5337.4000,5337.2000,5339.4000,5339.6000,5339.8000,5340.0000,5340.2000,2,1,1,5,1,1,4,1,1,5
SF,IC2003,2020-01-03 13:03:32.400,5338.8000,53363,0,7172410440.000,0,-,-,-,-,5338.6000,5338.4000,5338.0000,5337.4000,5337.2000,5339.4000,5339.6000,5339.8000,5340.0000,5340.2000,2,1,1,5,1,1,4,1,1,5
SF,IC2003,2020-01-03 13:03:32.900,5338.8000,53363,0,7172410440.000,0,-,-,-,-,5338.4000,5338.0000,5337.4000,5337.2000,5337.0000,5339.4000,5339.6000,5339.8000,5340.0000,5340.2000,1,1,5,1,6,1,4,1,1,5
SF,IC2003,2020-01-03 13:03:33.400,5338.8000,53363,0,7172410440.000,0,-,-,-,-,5338.0000,5337.4000,5337.2000,5337.0000,5336.6000,5339.2000,5339.4000,5339.6000,5339.8000,5340.0000,1,5,1,6,3,1,1,4,1,1
SF,IC2003,2020-01-03 13:03:33.900,5338.8000,53363,0,7172410440.000,0,-,-,-,-,5338.0000,5337.4000,5337.2000,5337.0000,5336.6000,5339.0000,5339.2000,5339.6000,5339.8000,5340.0000,1,5,1,6,3,3,1,4,1,1
SF,IC2003,2020-01-03 13:03:34.400,5338.8000,53363,0,7172410440.000,0,-,-,-,-,5338.0000,5337.4000,5337.2000,5337.0000,5336.6000,5339.0000,5339.2000,5339.6000,5339.8000,5340.0000,1,5,1,6,3,3,1,4,1,1
SF,IC2003,2020-01-03 13:03:34.900,5338.8000,53363,0,7172410440.000,0,-,-,-,-,5338.0000,5337.4000,5337.2000,5337.0000,5336.6000,5339.0000,5339.2000,5339.6000,5339.8000,5340.0000,1,5,1,6,3,3,1,4,1,1
SF,IC2003,2020-01-03 13:03:37.400,5338.8000,53363,0,7172410440.000,0,-,-,-,-,5338.0000,5337.4000,5337.2000,5337.0000,5336.6000,5338.6000,5339.0000,5339.2000,5339.6000,5339.8000,1,5,1,6,3,1,3,1,4,1
SF,IC2003,2020-01-03 13:03:39.400,5338.6000,53363,0,7173478160.000,1,0,1,空换,B,5338.0000,5337.4000,5337.2000,5337.0000,5336.6000,5339.0000,5339.6000,5339.8000,5340.0000,5340.2000,1,5,1,6,3,3,4,1,1,5
SF,IC2003,2020-01-03 13:03:39.900,5338.6000,53363,0,7173478160.000,0,-,-,-,-,5338.2000,5338.0000,5337.4000,5337.2000,5337.0000,5338.8000,5339.0000,5339.6000,5339.8000,5340.0000,3,1,5,1,6,2,1,4,1,1
SF,IC2003,2020-01-03 13:03:40.400,5338.8000,53364,1,7175613680.000,2,1,1,多开,B,5338.2000,5338.0000,5337.4000,5337.2000,5337.0000,5338.6000,5339.6000,5339.8000,5340.0000,5340.2000,3,1,5,1,6,1,4,1,1,5
SF,IC2003,2020-01-03 13:03:40.900,5339.6000,53365,1,7177749320.000,2,1,1,多开,B,5338.8000,5338.6000,5338.2000,5338.0000,5337.4000,5339.4000,5339.6000,5339.8000,5340.0000,5340.2000,2,3,3,1,5,1,3,1,1,5
SF,IC2003,2020-01-03 13:03:41.400,5339.6000,53364,-1,7179885120.000,2,0,2,空平,B,5339.4000,5338.2000,5338.0000,5337.4000,5337.2000,5339.6000,5339.8000,5340.0000,5340.2000,5341.0000,2,3,1,5,1,2,1,1,5,2
SF,IC2003,2020-01-03 13:03:41.900,5339.6000,53364,0,7182020960.000,2,1,1,空换,B,5339.4000,5338.2000,5338.0000,5337.4000,5337.2000,5339.8000,5340.0000,5340.2000,5341.0000,5341.4000,2,3,1,5,1,1,1,5,2,2
SF,IC2003,2020-01-03 13:03:42.400,5339.6000,53364,0,7182020960.000,0,-,-,-,-,5339.4000,5338.2000,5338.0000,5337.4000,5337.2000,5339.8000,5340.0000,5340.2000,5341.0000,5341.4000,2,3,1,5,1,1,1,5,2,2
SF,IC2003,2020-01-03 13:03:43.400,5339.6000,53364,0,7182020960.000,0,-,-,-,-,5339.6000,5339.4000,5338.2000,5338.0000,5337.4000,5339.8000,5340.0000,5340.2000,5341.0000,5341.4000,1,2,3,1,5,1,1,5,2,2
SF,IC2003,2020-01-03 13:03:43.900,5339.6000,53364,0,7183088880.000,1,0,1,空换,B,5339.4000,5338.2000,5338.0000,5337.4000,5337.2000,5339.8000,5340.0000,5340.2000,5341.0000,5341.4000,2,3,1,5,1,1,1,5,2,2
SF,IC2003,2020-01-03 13:03:48.900,5339.8000,53363,-1,7184156840.000,1,0,1,双平,B,5339.4000,5338.2000,5338.0000,5337.4000,5337.2000,5340.0000,5340.2000,5341.0000,5341.4000,5341.8000,2,3,1,5,1,1,5,2,2,3
SF,IC2003,2020-01-03 13:03:49.900,5339.8000,53363,0,7184156840.000,0,-,-,-,-,5339.4000,5338.2000,5338.0000,5337.4000,5337.2000,5340.0000,5340.2000,5341.0000,5341.4000,5341.8000,2,2,1,5,1,1,5,2,2,3
SF,IC2003,2020-01-03 13:03:50.400,5339.8000,53363,0,7184156840.000,0,-,-,-,-,5339.6000,5339.4000,5338.2000,5338.0000,5337.4000,5339.8000,5340.0000,5340.2000,5341.0000,5341.4000,1,2,2,1,5,1,1,5,2,2
SF,IC2003,2020-01-03 13:03:51.900,5339.4000,53362,-1,7186292640.000,2,0,2,空平,B,5339.4000,5338.2000,5338.0000,5337.4000,5337.2000,5339.6000,5339.8000,5340.0000,5340.2000,5341.0000,1,2,1,5,1,2,1,1,5,2
SF,IC2003,2020-01-03 13:03:52.400,5339.4000,53364,2,7188428400.000,2,2,0,双开,B,5338.2000,5338.0000,5337.4000,5337.2000,5337.0000,5339.4000,5339.6000,5340.0000,5340.2000,5341.0000,2,1,5,1,6,2,1,1,5,2
SF,IC2003,2020-01-03 13:03:52.900,5339.4000,53364,0,7189496280.000,1,0,1,空换,B,5338.2000,5338.0000,5337.4000,5337.2000,5337.0000,5339.2000,5339.4000,5340.0000,5340.2000,5341.0000,2,1,5,1,6,1,1,1,5,2
SF,IC2003,2020-01-03 13:03:53.400,5339.4000,53364,0,7189496280.000,0,-,-,-,-,5338.2000,5338.0000,5337.4000,5337.2000,5337.0000,5339.2000,5339.4000,5340.0000,5340.2000,5341.0000,3,1,5,1,6,1,1,1,5,2
SF,IC2003,2020-01-03 13:03:53.900,5339.4000,53364,0,7189496280.000,0,-,-,-,-,5338.6000,5338.4000,5338.2000,5338.0000,5337.4000,5339.2000,5339.4000,5340.0000,5340.2000,5341.0000,1,2,3,1,5,1,1,1,5,2
SF,IC2003,2020-01-03 13:03:56.400,5338.6000,53365,1,7190564000.000,1,1,0,双开,B,5338.4000,5338.2000,5338.0000,5337.4000,5337.2000,5338.8000,5339.2000,5339.4000,5340.0000,5340.2000,2,3,1,5,1,1,1,1,1,5
SF,IC2003,2020-01-03 13:03:58.900,5338.8000,53365,0,7191631760.000,1,0,1,空换,B,5338.8000,5338.4000,5338.2000,5338.0000,5337.4000,5339.2000,5340.0000,5340.2000,5341.0000,5341.4000,3,2,3,2,5,1,1,5,2,2
SF,IC2003,2020-01-03 13:03:59.400,5339.2000,53365,0,7192699600.000,1,0,1,空换,B,5339.0000,5338.8000,5338.4000,5338.2000,5338.0000,5339.8000,5340.0000,5340.2000,5341.0000,5341.4000,1,3,2,3,2,1,1,5,2,2
SF,IC2003,2020-01-03 13:03:59.900,5339.2000,53365,0,7192699600.000,0,-,-,-,-,5339.2000,5339.0000,5338.8000,5338.4000,5338.2000,5340.0000,5340.2000,5341.0000,5341.4000,5341.8000,2,2,3,2,1,1,5,2,2,3
SF,IC2003,2020-01-03 13:04:00.400,5339.2000,53365,0,7192699600.000,0,-,-,-,-,5339.4000,5339.2000,5339.0000,5338.8000,5338.4000,5339.6000,5340.0000,5340.2000,5341.0000,5341.4000,1,2,1,3,2,1,1,5,2,2
SF,IC2003,2020-01-03 13:04:00.900,5339.6000,53366,1,7193767520.000,1,1,0,双开,B,5339.4000,5339.2000,5339.0000,5338.8000,5338.4000,5340.0000,5340.2000,5341.0000,5341.4000,5341.8000,1,2,1,3,2,1,5,2,2,3
SF,IC2003,2020-01-03 13:04:01.400,5339.6000,53366,0,7193767520.000,0,-,-,-,-,5339.4000,5339.2000,5339.0000,5338.8000,5338.4000,5339.6000,5340.0000,5340.2000,5341.0000,5341.4000,1,2,1,3,2,1,1,5,2,2
SF,IC2003,2020-01-03 13:04:01.900,5339.6000,53366,0,7194835440.000,1,0,1,空换,B,5339.6000,5339.4000,5339.2000,5339.0000,5338.8000,5340.0000,5340.2000,5341.0000,5341.4000,5341.8000,1,1,2,1,3,1,5,2,2,3
SF,IC2003,2020-01-03 13:04:02.400,5339.6000,53366,0,7194835440.000,0,-,-,-,-,5339.8000,5339.6000,5339.2000,5339.0000,5338.8000,5340.0000,5340.2000,5341.0000,5341.4000,5341.8000,1,1,2,1,3,1,5,2,2,3
SF,IC2003,2020-01-03 13:04:03.400,5340.0000,53367,1,7195903440.000,1,1,0,双开,B,5339.8000,5339.6000,5339.2000,5339.0000,5338.8000,5340.2000,5341.0000,5341.4000,5341.8000,5342.0000,1,1,2,1,3,5,2,2,3,2
SF,IC2003,2020-01-03 13:04:03.900,5339.8000,53367,0,7196971400.000,1,0,1,空换,B,5339.6000,5339.2000,5339.0000,5338.6000,5338.4000,5340.2000,5341.0000,5341.4000,5341.8000,5342.0000,1,2,1,1,1,5,2,2,3,2
SF,IC2003,2020-01-03 13:04:04.400,5339.8000,53367,0,7196971400.000,0,-,-,-,-,5339.6000,5339.2000,5339.0000,5338.6000,5338.4000,5340.2000,5341.0000,5341.4000,5341.8000,5342.0000,2,2,1,1,1,5,1,2,3,2
SF,IC2003,2020-01-03 13:04:04.900,5339.8000,53367,0,7196971400.000,0,-,-,-,-,5339.6000,5339.2000,5338.6000,5338.4000,5338.2000,5340.2000,5341.0000,5341.4000,5341.8000,5342.0000,2,2,1,1,1,5,1,2,3,2
SF,IC2003,2020-01-03 13:04:05.400,5339.8000,53364,-3,7201243120.000,4,0,4,空平,B,5338.6000,5338.4000,5338.2000,5338.0000,5337.4000,5339.8000,5340.0000,5340.2000,5341.0000,5341.4000,1,1,1,2,5,1,4,5,1,2
SF,IC2003,2020-01-03 13:04:05.900,5339.8000,53364,0,7201243120.000,0,-,-,-,-,5338.8000,5338.6000,5338.4000,5338.2000,5338.0000,5339.8000,5340.0000,5340.2000,5341.0000,5341.4000,2,1,1,1,2,1,4,5,1,2
SF,IC2003,2020-01-03 13:04:06.900,5339.8000,53364,0,7201243120.000,0,-,-,-,-,5338.8000,5338.6000,5338.2000,5338.0000,5337.4000,5339.8000,5340.0000,5340.2000,5341.0000,5341.4000,2,1,1,2,5,1,4,5,1,2
SF,IC2003,2020-01-03 13:04:07.900,5339.8000,53364,0,7201243120.000,0,-,-,-,-,5338.8000,5338.6000,5338.2000,5338.0000,5337.4000,5339.8000,5340.0000,5340.2000,5341.0000,5341.4000,2,1,1,2,5,1,4,5,1,2
SF,IC2003,2020-01-03 13:04:08.900,5339.8000,53364,0,7202311080.000,1,0,1,空换,B,5338.8000,5338.6000,5338.2000,5338.0000,5337.4000,5340.0000,5340.2000,5341.0000,5341.4000,5341.8000,2,1,1,2,5,4,5,1,2,3
SF,IC2003,2020-01-03 13:04:09.400,5339.8000,53363,-1,7203379040.000,1,0,1,双平,B,5338.8000,5338.6000,5338.2000,5338.0000,5337.4000,5339.6000,5340.0000,5340.2000,5341.0000,5341.4000,2,1,1,2,5,1,4,5,1,2
SF,IC2003,2020-01-03 13:04:10.900,5339.6000,53364,1,7204446960.000,1,1,0,双开,B,5339.6000,5338.8000,5338.6000,5338.2000,5338.0000,5340.0000,5340.2000,5341.0000,5341.4000,5341.8000,2,2,1,1,2,4,5,1,2,3
SF,IC2003,2020-01-03 13:04:11.400,5339.6000,53365,1,7206582800.000,2,1,1,多开,B,5338.8000,5338.6000,5338.2000,5338.0000,5337.4000,5339.6000,5340.0000,5340.2000,5341.0000,5341.4000,2,1,1,2,5,1,4,5,1,2
SF,IC2003,2020-01-03 13:04:11.900,5339.6000,53365,0,7206582800.000,0,-,-,-,-,5338.8000,5338.6000,5338.2000,5338.0000,5337.4000,5340.0000,5340.2000,5341.0000,5341.4000,5341.8000,2,1,1,2,5,5,5,1,2,3
SF,IC2003,2020-01-03 13:04:12.400,5339.6000,53365,0,7206582800.000,0,-,-,-,-,5339.0000,5338.8000,5338.6000,5338.2000,5338.0000,5340.0000,5340.2000,5341.0000,5341.4000,5341.8000,2,2,1,1,2,3,5,1,2,3
SF,IC2003,2020-01-03 13:04:12.900,5339.6000,53365,0,7206582800.000,0,-,-,-,-,5339.2000,5339.0000,5338.6000,5338.2000,5338.0000,5340.0000,5340.2000,5341.0000,5341.4000,5341.8000,2,2,1,1,2,3,5,1,2,3
SF,IC2003,2020-01-03 13:04:14.900,5339.6000,53365,0,7206582800.000,0,-,-,-,-,5339.2000,5339.0000,5338.6000,5338.2000,5338.0000,5339.6000,5340.0000,5340.2000,5341.0000,5341.4000,2,2,1,1,2,1,3,5,1,2
SF,IC2003,2020-01-03 13:04:15.400,5339.6000,53365,0,7206582800.000,0,-,-,-,-,5339.2000,5339.0000,5338.6000,5338.2000,5338.0000,5339.6000,5340.0000,5340.2000,5341.0000,5341.4000,2,1,1,1,2,1,3,5,1,2
SF,IC2003,2020-01-03 13:04:15.900,5339.6000,53365,0,7206582800.000,0,-,-,-,-,5339.2000,5339.0000,5338.6000,5338.2000,5338.0000,5339.6000,5340.0000,5340.2000,5341.0000,5341.4000,3,1,1,1,2,1,3,5,1,2
SF,IC2003,2020-01-03 13:04:16.400,5339.6000,53366,1,7208718640.000,2,1,1,多开,B,5339.6000,5339.2000,5339.0000,5338.6000,5338.2000,5340.0000,5340.2000,5341.0000,5341.4000,5341.8000,2,3,1,1,1,3,5,1,2,3
SF,IC2003,2020-01-03 13:04:16.900,5339.6000,53366,0,7209786560.000,1,0,1,空换,B,5339.6000,5339.2000,5339.0000,5338.6000,5338.2000,5340.0000,5340.2000,5341.0000,5341.4000,5341.8000,1,3,1,1,1,3,5,1,2,3
SF,IC2003,2020-01-03 13:04:17.900,5339.6000,53366,0,7209786560.000,0,-,-,-,-,5339.6000,5339.2000,5339.0000,5338.6000,5338.2000,5340.0000,5340.2000,5341.0000,5341.4000,5341.8000,1,3,1,1,1,1,5,1,2,3
SF,IC2003,2020-01-03 13:04:18.400,5339.6000,53366,0,7209786560.000,0,-,-,-,-,5339.6000,5339.2000,5339.0000,5338.6000,5338.2000,5340.0000,5340.2000,5341.0000,5341.4000,5341.8000,1,1,1,1,1,1,5,1,2,3
SF,IC2003,2020-01-03 13:04:18.900,5339.6000,53366,0,7209786560.000,0,-,-,-,-,5339.6000,5339.2000,5339.0000,5338.6000,5338.2000,5340.0000,5340.2000,5341.0000,5341.4000,5341.8000,1,1,2,1,1,1,5,1,2,3
SF,IC2003,2020-01-03 13:04:19.400,5340.0000,53366,0,7210854560.000,1,0,1,空换,B,5339.6000,5339.2000,5339.0000,5338.6000,5338.2000,5340.2000,5341.0000,5341.4000,5341.8000,5342.0000,1,1,2,1,1,5,1,2,3,2
SF,IC2003,2020-01-03 13:04:20.400,5340.0000,53366,0,7210854560.000,0,-,-,-,-,5339.6000,5339.4000,5339.2000,5339.0000,5338.6000,5340.2000,5341.0000,5341.4000,5341.8000,5342.0000,1,1,1,2,1,5,1,2,3,2
SF,IC2003,2020-01-03 13:04:21.400,5340.2000,53365,-1,7211922600.000,1,0,1,双平,B,5339.6000,5339.4000,5339.2000,5339.0000,5338.6000,5340.2000,5341.0000,5341.4000,5341.8000,5342.0000,1,1,1,2,1,4,1,2,3,2
SF,IC2003,2020-01-03 13:04:21.900,5340.2000,53365,0,7211922600.000,0,-,-,-,-,5339.6000,5339.4000,5339.2000,5339.0000,5338.6000,5340.2000,5341.0000,5341.4000,5341.8000,5342.0000,1,1,1,2,1,4,2,2,3,2
SF,IC2003,2020-01-03 13:04:23.900,5340.2000,53364,-1,7212990640.000,1,0,1,双平,B,5339.6000,5339.4000,5339.2000,5339.0000,5338.6000,5340.2000,5341.0000,5341.4000,5341.8000,5342.0000,1,1,1,2,1,3,2,2,3,2
SF,IC2003,2020-01-03 13:04:26.900,5340.2000,53364,0,7212990640.000,0,-,-,-,-,5339.6000,5339.4000,5339.2000,5339.0000,5338.6000,5340.2000,5341.0000,5341.4000,5341.8000,5342.0000,1,1,1,2,1,3,2,2,3,2
SF,IC2003,2020-01-03 13:04:27.400,5340.2000,53364,0,7212990640.000,0,-,-,-,-,5339.6000,5339.4000,5339.2000,5339.0000,5338.6000,5340.2000,5341.0000,5341.4000,5341.8000,5342.0000,1,1,1,2,1,3,2,2,3,2
SF,IC2003,2020-01-03 13:04:28.900,5340.2000,53363,-1,7214058680.000,1,0,1,双平,B,5339.6000,5339.4000,5339.2000,5339.0000,5338.6000,5340.2000,5341.0000,5341.4000,5341.8000,5342.0000,1,1,1,2,1,2,2,2,3,2
SF,IC2003,2020-01-03 13:04:29.400,5340.2000,53362,-1,7215126720.000,1,0,1,双平,B,5339.8000,5339.6000,5339.4000,5339.2000,5339.0000,5340.2000,5341.0000,5341.4000,5341.8000,5342.0000,2,1,1,1,2,1,2,2,3,2
SF,IC2003,2020-01-03 13:04:30.900,5340.2000,53361,-1,7216194760.000,1,0,1,双平,B,5340.2000,5339.8000,5339.6000,5339.4000,5339.2000,5341.0000,5341.4000,5341.8000,5342.0000,5342.6000,2,2,1,1,1,2,2,3,2,1
SF,IC2003,2020-01-03 13:04:31.400,5340.2000,53361,0,7216194760.000,0,-,-,-,-,5340.2000,5339.8000,5339.6000,5339.4000,5339.2000,5341.0000,5341.4000,5341.8000,5342.0000,5342.6000,2,2,1,1,1,2,2,3,2,1
SF,IC2003,2020-01-03 13:04:31.900,5340.2000,53361,0,7216194760.000,0,-,-,-,-,5340.2000,5339.8000,5339.6000,5339.4000,5339.2000,5341.0000,5341.4000,5341.8000,5342.0000,5342.6000,2,2,1,1,1,2,2,3,2,1
SF,IC2003,2020-01-03 13:04:32.400,5340.2000,53361,0,7216194760.000,0,-,-,-,-,5340.2000,5339.8000,5339.6000,5339.4000,5339.2000,5341.0000,5341.4000,5341.8000,5342.0000,5342.6000,3,2,1,1,1,2,2,3,2,1
SF,IC2003,2020-01-03 13:04:32.900,5341.0000,53360,-1,7218331160.000,2,0,2,空平,B,5340.4000,5340.2000,5339.6000,5339.4000,5339.2000,5341.4000,5341.8000,5342.0000,5342.6000,5343.0000,2,1,1,1,1,2,3,2,1,1
SF,IC2003,2020-01-03 13:04:33.400,5341.0000,53360,0,7218331160.000,0,-,-,-,-,5340.4000,5340.2000,5339.6000,5339.4000,5339.2000,5341.4000,5341.8000,5342.0000,5342.6000,5343.0000,2,1,1,1,1,2,3,2,1,1
SF,IC2003,2020-01-03 13:04:33.900,5341.0000,53360,0,7218331160.000,0,-,-,-,-,5340.4000,5340.2000,5340.0000,5339.6000,5339.4000,5341.4000,5341.8000,5342.0000,5342.6000,5343.0000,2,1,5,1,1,2,3,2,1,1
SF,IC2003,2020-01-03 13:04:34.900,5341.4000,53360,0,7219399440.000,1,0,1,空换,B,5340.6000,5340.4000,5340.2000,5340.0000,5339.6000,5341.4000,5341.8000,5342.0000,5342.6000,5343.0000,1,2,2,5,1,1,3,2,1,1
SF,IC2003,2020-01-03 13:04:35.400,5341.4000,53360,0,7219399440.000,0,-,-,-,-,5341.4000,5340.8000,5340.6000,5340.2000,5340.0000,5341.8000,5342.0000,5342.6000,5343.0000,5344.0000,1,2,1,2,5,3,2,1,1,1
SF,IC2003,2020-01-03 13:04:35.900,5341.4000,53360,0,7220467720.000,1,0,1,空换,B,5340.8000,5340.6000,5340.2000,5340.0000,5339.6000,5341.8000,5342.0000,5342.6000,5343.0000,5344.0000,2,1,2,5,1,3,2,1,1,1
SF,IC2003,2020-01-03 13:04:37.400,5341.8000,53360,0,7221536080.000,1,0,1,空换,B,5340.8000,5340.6000,5340.2000,5340.0000,5339.6000,5341.8000,5342.0000,5342.6000,5343.0000,5344.0000,2,1,2,5,1,2,2,1,1,1
SF,IC2003,2020-01-03 13:04:37.900,5341.8000,53360,0,7223672800.000,2,1,1,空换,B,5341.0000,5340.8000,5340.2000,5340.0000,5339.6000,5342.0000,5342.6000,5343.0000,5344.0000,5345.0000,1,2,2,5,1,2,1,1,1,1
SF,IC2003,2020-01-03 13:04:38.400,5341.8000,53360,0,7223672800.000,0,-,-,-,-,5341.2000,5341.0000,5340.2000,5340.0000,5339.6000,5342.0000,5342.6000,5343.0000,5344.0000,5345.0000,2,1,2,5,1,2,1,1,1,1
SF,IC2003,2020-01-03 13:04:38.900,5342.0000,53360,0,7224741200.000,1,0,1,空换,B,5341.8000,5341.2000,5341.0000,5340.2000,5340.0000,5342.0000,5342.6000,5343.0000,5344.0000,5344.8000,5,2,1,1,5,1,1,1,1,1
SF,IC2003,2020-01-03 13:04:39.400,5342.0000,53359,-1,7225809600.000,1,0,1,双平,B,5342.0000,5341.8000,5341.2000,5341.0000,5340.2000,5342.6000,5343.0000,5344.0000,5344.8000,5345.0000,1,5,2,1,1,1,1,2,1,1
SF,IC2003,2020-01-03 13:04:44.400,5342.0000,53359,0,7225809600.000,0,-,-,-,-,5342.0000,5341.8000,5341.2000,5341.0000,5340.2000,5342.4000,5342.6000,5343.0000,5344.0000,5344.8000,1,5,2,1,1,1,1,1,2,1
SF,IC2003,2020-01-03 13:04:44.900,5342.0000,53359,0,7225809600.000,0,-,-,-,-,5341.8000,5341.2000,5341.0000,5340.2000,5340.0000,5342.4000,5342.6000,5343.0000,5343.8000,5344.0000,5,2,1,1,5,1,1,1,1,2
SF,IC2003,2020-01-03 13:04:45.400,5342.0000,53359,0,7225809600.000,0,-,-,-,-,5342.2000,5341.8000,5341.2000,5341.0000,5340.2000,5342.4000,5342.6000,5343.0000,5343.8000,5344.0000,1,5,2,1,1,1,1,1,1,2
SF,IC2003,2020-01-03 13:04:45.900,5342.2000,53358,-1,7226878040.000,1,0,1,双平,B,5341.8000,5341.2000,5341.0000,5340.2000,5340.0000,5342.2000,5342.4000,5342.6000,5343.0000,5343.8000,5,2,1,1,5,1,1,1,1,1
SF,IC2003,2020-01-03 13:04:46.400,5341.8000,53358,0,7227946400.000,1,0,1,空换,B,5341.8000,5341.2000,5341.0000,5340.2000,5340.0000,5342.2000,5342.4000,5342.6000,5343.0000,5343.8000,4,2,1,1,5,1,1,1,1,1
SF,IC2003,2020-01-03 13:04:46.900,5341.8000,53358,0,7232219840.000,4,2,2,空换,B,5341.0000,5340.2000,5340.0000,5339.6000,5339.4000,5341.6000,5341.8000,5342.0000,5342.2000,5342.4000,1,1,5,1,1,1,5,2,1,1
SF,IC2003,2020-01-03 13:04:47.400,5341.0000,53358,0,7234356240.000,2,1,1,空换,B,5340.2000,5340.0000,5339.6000,5339.4000,5339.2000,5341.2000,5341.8000,5342.0000,5342.2000,5342.4000,1,5,1,1,1,1,3,2,1,1
SF,IC2003,2020-01-03 13:04:47.900,5341.0000,53358,0,7234356240.000,0,-,-,-,-,5340.2000,5340.0000,5339.6000,5339.4000,5339.2000,5341.2000,5341.8000,5342.0000,5342.2000,5342.4000,1,5,1,1,1,1,3,3,1,1
SF,IC2003,2020-01-03 13:04:48.400,5341.0000,53358,0,7234356240.000,0,-,-,-,-,5340.2000,5340.0000,5339.6000,5339.4000,5339.2000,5340.4000,5341.0000,5341.2000,5341.8000,5342.0000,1,5,1,1,1,1,1,1,3,2
SF,IC2003,2020-01-03 13:04:48.900,5340.4000,53357,-1,7235424320.000,1,0,1,双平,B,5340.4000,5340.2000,5340.0000,5339.6000,5339.2000,5341.0000,5341.2000,5341.8000,5342.0000,5342.2000,4,1,5,1,1,1,1,3,2,1
SF,IC2003,2020-01-03 13:04:49.400,5341.0000,53357,0,7236492520.000,1,0,1,空换,B,5340.4000,5340.2000,5340.0000,5339.6000,5339.2000,5341.2000,5341.8000,5342.0000,5342.2000,5342.6000,4,1,5,1,1,1,3,2,1,1
SF,IC2003,2020-01-03 13:04:49.900,5341.0000,53357,0,7237560720.000,1,0,1,空换,B,5340.6000,5340.4000,5340.2000,5340.0000,5339.6000,5341.2000,5341.8000,5342.0000,5342.2000,5342.6000,2,4,1,5,1,1,3,2,1,1
SF,IC2003,2020-01-03 13:04:51.900,5341.2000,53357,0,7239697200.000,2,1,1,空换,B,5341.2000,5340.6000,5340.4000,5340.2000,5340.0000,5341.8000,5342.0000,5342.2000,5342.6000,5343.0000,1,2,1,1,5,3,2,1,1,1
SF,IC2003,2020-01-03 13:04:52.400,5341.2000,53357,0,7239697200.000,0,-,-,-,-,5340.6000,5340.4000,5340.2000,5340.0000,5339.6000,5341.4000,5341.8000,5342.0000,5342.2000,5342.6000,2,1,1,5,1,1,1,2,1,1
SF,IC2003,2020-01-03 13:04:52.900,5341.2000,53357,0,7239697200.000,0,-,-,-,-,5340.6000,5340.4000,5340.2000,5340.0000,5339.6000,5341.8000,5342.0000,5342.2000,5342.6000,5343.0000,2,1,1,5,1,1,2,1,1,1
SF,IC2003,2020-01-03 13:04:53.900,5341.8000,53358,1,7240765560.000,1,1,0,双开,B,5341.8000,5340.6000,5340.4000,5340.2000,5340.0000,5342.0000,5342.2000,5342.6000,5343.0000,5343.8000,4,2,1,1,5,2,1,1,1,1
SF,IC2003,2020-01-03 13:04:54.400,5341.8000,53359,1,7241833920.000,1,1,0,双开,B,5341.8000,5340.6000,5340.4000,5340.2000,5340.0000,5342.0000,5342.2000,5342.6000,5343.0000,5343.8000,3,2,1,1,5,2,1,1,1,1
SF,IC2003,2020-01-03 13:04:54.900,5341.8000,53359,0,7241833920.000,0,-,-,-,-,5341.8000,5340.6000,5340.2000,5340.0000,5339.6000,5342.0000,5342.2000,5342.6000,5343.0000,5343.8000,3,2,1,5,1,2,1,1,1,1
SF,IC2003,2020-01-03 13:04:55.400,5341.8000,53360,1,7245039000.000,3,2,1,多开,B,5340.6000,5340.2000,5340.0000,5339.6000,5339.2000,5342.0000,5342.2000,5342.6000,5343.0000,5343.8000,2,1,5,1,1,2,1,1,1,1
SF,IC2003,2020-01-03 13:04:55.900,5341.8000,53360,0,7245039000.000,0,-,-,-,-,5340.6000,5340.2000,5340.0000,5339.6000,5339.2000,5341.6000,5342.0000,5342.2000,5342.6000,5343.0000,2,1,5,1,1,1,2,1,1,1
SF,IC2003,2020-01-03 13:04:56.400,5341.8000,53360,0,7245039000.000,0,-,-,-,-,5340.6000,5340.2000,5340.0000,5339.6000,5339.2000,5341.6000,5342.0000,5342.6000,5343.0000,5343.8000,2,1,5,1,1,1,2,1,1,1
SF,IC2003,2020-01-03 13:04:57.400,5341.8000,53360,0,7245039000.000,0,-,-,-,-,5340.6000,5340.2000,5340.0000,5339.6000,5339.2000,5341.6000,5342.0000,5342.6000,5343.0000,5343.8000,2,1,5,1,1,1,2,1,1,1
SF,IC2003,2020-01-03 13:04:57.900,5341.6000,53361,1,7247175640.000,2,1,1,多开,B,5341.6000,5340.6000,5340.2000,5340.0000,5339.6000,5342.0000,5342.6000,5343.0000,5343.8000,5344.0000,3,2,1,5,1,2,1,1,1,2
SF,IC2003,2020-01-03 13:04:58.400,5341.6000,53362,1,7248243960.000,1,1,0,双开,B,5341.6000,5340.6000,5340.2000,5340.0000,5339.6000,5342.0000,5342.6000,5343.0000,5343.8000,5344.0000,2,2,1,5,1,2,1,1,1,2
SF,IC2003,2020-01-03 13:04:58.900,5341.6000,53362,0,7248243960.000,0,-,-,-,-,5341.6000,5340.6000,5340.2000,5340.0000,5339.6000,5342.0000,5342.6000,5343.0000,5343.8000,5344.0000,2,2,1,5,1,2,1,1,1,2
SF,IC2003,2020-01-03 13:04:59.400,5342.0000,53361,-1,7249312360.000,1,0,1,双平,B,5341.6000,5340.6000,5340.2000,5340.0000,5339.6000,5342.0000,5342.6000,5343.0000,5343.8000,5344.0000,2,2,1,5,1,1,1,1,1,2
SF,IC2003,2020-01-03 13:05:02.400,5342.0000,53361,0,7249312360.000,0,-,-,-,-,5341.6000,5340.6000,5340.2000,5340.0000,5339.6000,5342.0000,5342.6000,5343.8000,5344.0000,5344.8000,2,2,1,5,1,1,1,1,2,2
SF,IC2003,2020-01-03 13:05:02.900,5342.0000,53361,0,7249312360.000,0,-,-,-,-,5341.6000,5340.6000,5340.2000,5340.0000,5339.6000,5342.0000,5342.6000,5343.8000,5344.0000,5344.8000,2,2,1,5,1,3,1,1,2,2
SF,IC2003,2020-01-03 13:05:03.400,5341.6000,53361,0,7250380680.000,1,0,1,空换,B,5341.6000,5340.6000,5340.2000,5340.0000,5339.6000,5342.0000,5342.6000,5343.8000,5344.0000,5344.8000,1,2,1,5,1,3,1,1,2,2
SF,IC2003,2020-01-03 13:05:03.900,5341.6000,53361,0,7250380680.000,0,-,-,-,-,5341.6000,5340.6000,5340.2000,5340.0000,5339.6000,5341.8000,5342.0000,5342.6000,5343.8000,5344.0000,1,2,1,5,1,1,2,1,1,2
SF,IC2003,2020-01-03 13:05:04.400,5341.8000,53359,-2,7253585680.000,3,0,3,空平,B,5340.6000,5340.2000,5340.0000,5339.6000,5339.2000,5342.0000,5342.6000,5343.8000,5344.0000,5344.8000,2,1,5,1,1,2,1,1,2,2
SF,IC2003,2020-01-03 13:05:04.900,5341.8000,53359,0,7253585680.000,0,-,-,-,-,5340.6000,5340.2000,5340.0000,5339.6000,5339.2000,5341.8000,5342.0000,5342.6000,5343.8000,5344.0000,2,1,5,1,1,1,2,1,1,2
SF,IC2003,2020-01-03 13:05:05.400,5341.8000,53359,0,7253585680.000,0,-,-,-,-,5340.6000,5340.2000,5340.0000,5339.6000,5339.2000,5341.8000,5342.0000,5342.6000,5343.8000,5344.0000,2,1,5,1,1,1,2,1,1,2
SF,IC2003,2020-01-03 13:05:06.400,5341.8000,53359,0,7253585680.000,0,-,-,-,-,5340.6000,5340.2000,5340.0000,5339.6000,5339.2000,5341.8000,5342.0000,5342.6000,5343.8000,5344.0000,2,1,5,1,1,1,2,1,1,2
SF,IC2003,2020-01-03 13:05:06.900,5341.8000,53359,0,7253585680.000,0,-,-,-,-,5340.6000,5340.2000,5340.0000,5339.6000,5339.2000,5341.8000,5342.0000,5342.6000,5343.8000,5344.0000,2,1,5,1,1,1,2,1,1,2
SF,IC2003,2020-01-03 13:05:07.900,5341.8000,53359,0,7253585680.000,0,-,-,-,-,5340.6000,5340.2000,5340.0000,5339.6000,5339.2000,5341.2000,5341.4000,5341.6000,5341.8000,5342.0000,2,1,5,1,1,2,2,1,1,2
SF,IC2003,2020-01-03 13:05:08.400,5341.2000,53359,0,7255722160.000,2,1,1,空换,B,5340.8000,5340.6000,5340.2000,5340.0000,5339.6000,5342.0000,5342.6000,5343.8000,5344.0000,5344.8000,1,2,1,6,1,2,1,1,2,2
SF,IC2003,2020-01-03 13:05:08.900,5341.6000,53359,0,7257858640.000,2,1,1,空换,B,5340.6000,5340.2000,5340.0000,5339.6000,5339.2000,5341.6000,5341.8000,5342.0000,5342.6000,5343.8000,2,1,6,1,1,2,4,2,1,1
SF,IC2003,2020-01-03 13:05:09.400,5341.6000,53359,0,7257858640.000,0,-,-,-,-,5340.6000,5340.2000,5340.0000,5339.6000,5339.2000,5341.6000,5341.8000,5342.0000,5342.6000,5343.8000,2,1,6,1,1,2,4,2,1,1
SF,IC2003,2020-01-03 13:05:09.900,5341.6000,53359,0,7257858640.000,0,-,-,-,-,5340.6000,5340.2000,5340.0000,5339.6000,5339.2000,5341.6000,5341.8000,5342.0000,5342.6000,5343.8000,2,1,6,1,1,2,4,2,1,1
SF,IC2003,2020-01-03 13:05:10.400,5341.6000,53359,0,7257858640.000,0,-,-,-,-,5340.6000,5340.2000,5340.0000,5339.6000,5339.2000,5341.6000,5341.8000,5342.0000,5342.6000,5343.8000,2,1,6,1,1,1,4,2,1,1
SF,IC2003,2020-01-03 13:05:11.400,5341.6000,53359,0,7257858640.000,0,-,-,-,-,5340.6000,5340.2000,5340.0000,5339.6000,5339.2000,5341.6000,5341.8000,5342.0000,5342.6000,5343.8000,2,1,6,1,1,1,4,2,1,1
SF,IC2003,2020-01-03 13:05:11.900,5341.6000,53359,0,7257858640.000,0,-,-,-,-,5340.6000,5340.2000,5340.0000,5339.6000,5339.2000,5341.6000,5341.8000,5342.0000,5342.6000,5343.8000,2,1,6,1,1,1,3,2,1,1
SF,IC2003,2020-01-03 13:05:12.900,5341.6000,53359,0,7257858640.000,0,-,-,-,-,5340.6000,5340.2000,5340.0000,5339.6000,5339.2000,5341.6000,5341.8000,5342.0000,5342.6000,5343.8000,2,1,6,1,1,1,3,2,1,1
SF,IC2003,2020-01-03 13:05:16.400,5341.6000,53359,0,7257858640.000,0,-,-,-,-,5340.6000,5340.2000,5340.0000,5339.6000,5339.2000,5341.6000,5341.8000,5342.0000,5342.6000,5343.8000,2,1,6,1,1,1,3,2,1,1
SF,IC2003,2020-01-03 13:05:16.900,5341.6000,53359,0,7257858640.000,0,-,-,-,-,5340.2000,5340.0000,5339.6000,5339.2000,5339.0000,5341.2000,5341.4000,5341.6000,5341.8000,5342.0000,1,6,1,1,2,1,3,1,1,2
SF,IC2003,2020-01-03 13:05:17.400,5341.6000,53358,-1,7258926960.000,1,0,1,双平,B,5340.2000,5340.0000,5339.6000,5339.2000,5339.0000,5341.4000,5341.6000,5341.8000,5342.0000,5342.6000,1,6,1,1,2,3,1,1,2,1
SF,IC2003,2020-01-03 13:05:17.900,5341.6000,53358,0,7258926960.000,0,-,-,-,-,5340.4000,5340.2000,5340.0000,5339.6000,5339.2000,5341.4000,5341.6000,5341.8000,5342.0000,5342.6000,2,1,6,1,1,1,1,1,2,1
SF,IC2003,2020-01-03 13:05:20.400,5341.6000,53358,0,7258926960.000,0,-,-,-,-,5340.4000,5340.2000,5340.0000,5339.6000,5339.2000,5341.4000,5341.6000,5341.8000,5342.0000,5342.6000,2,1,6,1,1,1,1,1,2,1
SF,IC2003,2020-01-03 13:05:21.900,5341.6000,53358,0,7258926960.000,0,-,-,-,-,5340.4000,5340.2000,5340.0000,5339.6000,5339.2000,5341.2000,5341.4000,5341.6000,5341.8000,5342.0000,2,1,6,1,1,1,1,1,1,2
SF,IC2003,2020-01-03 13:05:23.900,5341.6000,53358,0,7258926960.000,0,-,-,-,-,5340.4000,5340.2000,5340.0000,5339.6000,5339.2000,5341.2000,5341.4000,5341.6000,5341.8000,5342.0000,2,1,6,1,1,1,1,1,1,2
SF,IC2003,2020-01-03 13:05:24.900,5341.6000,53358,0,7258926960.000,0,-,-,-,-,5340.4000,5340.2000,5340.0000,5339.6000,5339.2000,5341.2000,5341.6000,5342.0000,5342.6000,5343.8000,2,1,6,1,1,1,3,2,1,1
SF,IC2003,2020-01-03 13:05:25.400,5340.4000,53358,0,7259995040.000,1,0,1,空换,B,5340.4000,5340.2000,5340.0000,5339.6000,5339.2000,5341.2000,5341.6000,5342.0000,5342.6000,5343.8000,1,1,6,1,1,1,3,2,1,1
SF,IC2003,2020-01-03 13:05:25.900,5340.4000,53358,0,7259995040.000,0,-,-,-,-,5340.4000,5340.2000,5340.0000,5339.6000,5339.2000,5341.2000,5341.6000,5342.0000,5342.6000,5343.8000,1,1,6,1,1,1,3,2,1,1
SF,IC2003,2020-01-03 13:05:26.400,5340.4000,53358,0,7259995040.000,0,-,-,-,-,5340.4000,5340.2000,5340.0000,5339.6000,5339.2000,5341.2000,5341.6000,5342.0000,5342.6000,5343.8000,2,1,6,1,1,1,3,2,1,1
SF,IC2003,2020-01-03 13:05:27.400,5340.4000,53358,0,7259995040.000,0,-,-,-,-,5340.4000,5340.2000,5340.0000,5339.6000,5339.2000,5341.2000,5341.6000,5342.0000,5342.6000,5343.8000,2,1,6,1,1,1,3,2,1,1
SF,IC2003,2020-01-03 13:05:28.400,5340.4000,53358,0,7259995040.000,0,-,-,-,-,5340.4000,5340.2000,5340.0000,5339.6000,5339.2000,5341.2000,5341.6000,5342.0000,5342.6000,5343.8000,2,1,6,1,1,1,3,2,1,1
SF,IC2003,2020-01-03 13:05:30.400,5340.4000,53358,0,7259995040.000,0,-,-,-,-,5340.8000,5340.4000,5340.2000,5340.0000,5339.6000,5341.2000,5341.6000,5342.0000,5342.6000,5343.8000,1,2,1,6,1,1,3,2,1,1
SF,IC2003,2020-01-03 13:05:30.900,5340.8000,53358,0,7261063200.000,1,0,1,空换,B,5340.4000,5340.2000,5340.0000,5339.6000,5339.2000,5341.2000,5341.6000,5342.0000,5342.6000,5343.8000,2,1,6,1,1,1,3,2,1,1
SF,IC2003,2020-01-03 13:05:31.400,5340.4000,53357,-1,7262131280.000,1,0,1,双平,B,5340.4000,5340.2000,5340.0000,5339.6000,5339.2000,5341.2000,5341.6000,5342.0000,5342.6000,5343.8000,1,1,6,1,1,1,3,2,1,1
SF,IC2003,2020-01-03 13:05:31.900,5340.4000,53357,0,7263199360.000,1,0,1,空换,B,5340.2000,5340.0000,5339.6000,5339.2000,5339.0000,5341.2000,5341.6000,5342.0000,5342.6000,5343.8000,1,6,1,1,3,1,3,2,1,1
SF,IC2003,2020-01-03 13:05:34.400,5340.4000,53357,0,7263199360.000,0,-,-,-,-,5340.2000,5340.0000,5339.6000,5339.2000,5339.0000,5341.2000,5341.6000,5342.0000,5342.6000,5343.8000,1,6,1,1,3,1,4,2,1,1
SF,IC2003,2020-01-03 13:05:34.900,5340.0000,53359,2,7268539400.000,5,3,2,多开,B,5340.0000,5339.6000,5339.2000,5339.0000,5338.6000,5340.2000,5341.0000,5341.2000,5341.6000,5342.0000,2,1,1,3,1,4,4,1,4,2
SF,IC2003,2020-01-03 13:05:35.400,5340.0000,53359,0,7270675400.000,2,1,1,空换,B,5339.6000,5339.2000,5339.0000,5338.6000,5338.2000,5340.0000,5340.2000,5341.0000,5341.2000,5341.6000,1,1,3,1,1,6,3,4,1,4
SF,IC2003,2020-01-03 13:05:35.900,5339.6000,53359,0,7271743320.000,1,0,1,空换,B,5339.2000,5339.0000,5338.6000,5338.2000,5338.0000,5339.6000,5340.0000,5340.2000,5341.0000,5341.2000,1,3,1,1,1,3,3,3,4,1
SF,IC2003,2020-01-03 13:05:36.400,5339.2000,53358,-1,7272811160.000,1,0,1,双平,B,5339.0000,5338.6000,5338.2000,5338.0000,5337.4000,5339.2000,5339.6000,5340.0000,5340.2000,5341.0000,3,1,1,1,5,1,1,2,1,3
SF,IC2003,2020-01-03 13:05:36.900,5339.0000,53357,-1,7274946760.000,2,0,2,空平,B,5339.0000,5338.6000,5338.2000,5338.0000,5337.4000,5339.2000,5339.6000,5340.0000,5340.2000,5341.0000,1,1,1,1,5,1,1,2,1,3
SF,IC2003,2020-01-03 13:05:37.400,5339.2000,53357,0,7276014600.000,1,0,1,空换,B,5339.0000,5338.6000,5338.2000,5338.0000,5337.4000,5339.2000,5339.6000,5340.0000,5340.2000,5341.0000,1,1,1,1,5,1,1,2,1,3
SF,IC2003,2020-01-03 13:05:37.900,5339.2000,53356,-1,7277082440.000,1,0,1,双平,B,5339.2000,5339.0000,5338.6000,5338.2000,5338.0000,5339.6000,5340.0000,5340.2000,5341.0000,5341.6000,3,1,1,1,1,1,2,1,3,5
SF,IC2003,2020-01-03 13:05:38.400,5339.6000,53356,0,7278150360.000,1,0,1,空换,B,5339.6000,5339.2000,5339.0000,5338.6000,5338.2000,5340.0000,5340.2000,5341.0000,5341.6000,5342.0000,1,3,1,1,1,2,1,3,5,2
SF,IC2003,2020-01-03 13:05:38.900,5339.6000,53356,0,7278150360.000,0,-,-,-,-,5339.6000,5339.2000,5339.0000,5338.6000,5338.2000,5340.0000,5340.2000,5341.0000,5341.6000,5342.0000,1,3,2,1,1,2,1,3,5,2
SF,IC2003,2020-01-03 13:05:40.400,5340.0000,53358,2,7280286360.000,2,2,0,双开,B,5339.6000,5339.2000,5339.0000,5338.6000,5338.2000,5340.2000,5341.0000,5341.6000,5342.0000,5342.6000,1,3,2,1,1,1,2,4,2,1
SF,IC2003,2020-01-03 13:05:40.900,5340.2000,53358,0,7281354400.000,1,0,1,空换,B,5339.8000,5339.6000,5339.2000,5339.0000,5338.6000,5341.6000,5342.0000,5342.6000,5343.8000,5344.0000,2,1,3,2,1,4,2,1,1,1
SF,IC2003,2020-01-03 13:05:41.400,5340.2000,53358,0,7281354400.000,0,-,-,-,-,5339.8000,5339.6000,5339.2000,5339.0000,5338.6000,5341.2000,5341.4000,5341.6000,5342.0000,5342.6000,2,1,3,2,1,1,2,4,2,1
SF,IC2003,2020-01-03 13:05:41.900,5340.2000,53358,0,7281354400.000,0,-,-,-,-,5339.8000,5339.6000,5339.2000,5339.0000,5338.6000,5341.4000,5341.6000,5342.0000,5342.6000,5343.8000,2,1,3,2,1,2,4,2,1,1
SF,IC2003,2020-01-03 13:05:43.400,5340.2000,53358,0,7281354400.000,0,-,-,-,-,5340.0000,5339.8000,5339.6000,5339.2000,5339.0000,5341.4000,5341.6000,5342.0000,5342.6000,5343.8000,1,2,1,3,2,2,4,2,1,1
SF,IC2003,2020-01-03 13:05:43.900,5340.2000,53358,0,7281354400.000,0,-,-,-,-,5340.2000,5339.6000,5339.2000,5339.0000,5338.6000,5341.4000,5341.6000,5342.0000,5342.6000,5343.8000,2,1,3,2,1,2,4,2,1,1
SF,IC2003,2020-01-03 13:05:44.400,5340.2000,53358,0,7281354400.000,0,-,-,-,-,5340.2000,5339.2000,5339.0000,5338.6000,5338.2000,5341.4000,5341.6000,5342.0000,5342.6000,5343.8000,2,3,2,1,1,2,4,2,1,1
SF,IC2003,2020-01-03 13:05:44.900,5340.2000,53358,0,7281354400.000,0,-,-,-,-,5340.2000,5339.0000,5338.6000,5338.2000,5338.0000,5341.4000,5341.6000,5342.0000,5342.6000,5343.8000,2,2,1,1,1,2,4,2,1,1
SF,IC2003,2020-01-03 13:05:48.900,5340.2000,53358,0,7282422440.000,1,0,1,空换,B,5340.2000,5339.2000,5339.0000,5338.6000,5338.2000,5341.4000,5341.6000,5342.0000,5342.6000,5343.8000,1,1,1,1,1,2,4,2,1,1
SF,IC2003,2020-01-03 13:05:49.400,5340.2000,53358,0,7282422440.000,0,-,-,-,-,5339.2000,5339.0000,5338.6000,5338.2000,5338.0000,5341.2000,5341.4000,5341.6000,5342.0000,5342.6000,1,1,1,1,1,1,2,4,2,1
SF,IC2003,2020-01-03 13:05:49.900,5340.2000,53358,0,7282422440.000,0,-,-,-,-,5339.4000,5339.2000,5339.0000,5338.6000,5338.2000,5341.0000,5341.2000,5341.6000,5342.0000,5342.6000,2,1,1,1,1,3,1,5,2,1
SF,IC2003,2020-01-03 13:05:50.900,5340.2000,53358,0,7282422440.000,0,-,-,-,-,5339.6000,5339.4000,5339.2000,5339.0000,5338.6000,5341.0000,5341.2000,5341.6000,5342.0000,5342.6000,1,2,1,1,1,3,1,5,2,1
SF,IC2003,2020-01-03 13:05:51.400,5341.0000,53357,-1,7288830080.000,6,2,4,空平,B,5341.0000,5339.0000,5338.6000,5338.2000,5338.0000,5341.2000,5341.6000,5342.0000,5342.6000,5343.8000,2,1,1,1,1,1,5,2,1,1
SF,IC2003,2020-01-03 13:05:51.900,5341.0000,53359,2,7290966480.000,2,2,0,双开,B,5339.0000,5338.6000,5338.2000,5338.0000,5337.4000,5341.0000,5341.2000,5341.6000,5342.0000,5342.6000,1,1,1,1,5,3,1,4,2,1
SF,IC2003,2020-01-03 13:05:52.400,5341.0000,53359,0,7290966480.000,0,-,-,-,-,5340.2000,5339.8000,5339.4000,5339.2000,5339.0000,5340.8000,5341.0000,5341.2000,5341.6000,5342.0000,2,1,1,1,1,2,1,1,4,2
SF,IC2003,2020-01-03 13:05:52.900,5341.0000,53359,0,7290966480.000,0,-,-,-,-,5339.8000,5339.4000,5339.2000,5339.0000,5338.6000,5340.8000,5341.0000,5341.2000,5341.6000,5342.0000,2,1,1,1,1,2,1,1,4,2
SF,IC2003,2020-01-03 13:05:53.400,5341.0000,53359,0,7290966480.000,0,-,-,-,-,5339.8000,5339.4000,5339.2000,5339.0000,5338.6000,5340.8000,5341.0000,5341.6000,5342.0000,5342.6000,1,1,1,1,1,2,1,4,2,1
SF,IC2003,2020-01-03 13:05:53.900,5341.0000,53359,0,7290966480.000,0,-,-,-,-,5339.8000,5339.4000,5339.2000,5339.0000,5338.6000,5340.6000,5340.8000,5341.0000,5341.6000,5342.0000,1,1,1,1,1,1,2,1,4,2
SF,IC2003,2020-01-03 13:05:54.400,5341.0000,53359,0,7290966480.000,0,-,-,-,-,5339.8000,5339.4000,5339.2000,5339.0000,5338.6000,5340.4000,5340.6000,5341.0000,5341.6000,5342.0000,1,1,1,1,1,2,1,1,4,2
SF,IC2003,2020-01-03 13:05:54.900,5341.0000,53359,0,7290966480.000,0,-,-,-,-,5339.8000,5339.2000,5339.0000,5338.6000,5338.2000,5340.4000,5340.6000,5341.0000,5341.6000,5342.0000,1,1,1,1,1,2,1,1,4,2
SF,IC2003,2020-01-03 13:05:55.400,5341.0000,53359,0,7290966480.000,0,-,-,-,-,5339.0000,5338.6000,5338.2000,5338.0000,5337.4000,5339.8000,5340.4000,5340.6000,5341.6000,5342.0000,1,1,1,1,5,1,2,1,4,2
SF,IC2003,2020-01-03 13:05:55.900,5341.0000,53359,0,7290966480.000,0,-,-,-,-,5339.2000,5339.0000,5338.6000,5338.2000,5338.0000,5339.8000,5340.4000,5340.6000,5341.6000,5342.0000,1,1,1,1,1,1,2,1,4,2
SF,IC2003,2020-01-03 13:05:56.400,5341.0000,53359,0,7290966480.000,0,-,-,-,-,5339.0000,5338.6000,5338.2000,5338.0000,5337.4000,5339.6000,5339.8000,5340.4000,5340.6000,5341.6000,1,1,1,1,5,1,1,2,1,4
SF,IC2003,2020-01-03 13:05:56.900,5339.6000,53359,0,7292034400.000,1,0,1,空换,B,5339.0000,5338.6000,5338.2000,5338.0000,5337.4000,5339.8000,5340.4000,5340.6000,5341.6000,5342.0000,1,1,1,1,5,1,2,1,4,2
SF,IC2003,2020-01-03 13:05:57.900,5339.6000,53359,0,7292034400.000,0,-,-,-,-,5339.0000,5338.6000,5338.2000,5338.0000,5337.4000,5339.8000,5340.4000,5340.6000,5341.6000,5342.0000,1,1,1,1,5,1,2,1,4,2
SF,IC2003,2020-01-03 13:05:58.400,5339.6000,53359,0,7292034400.000,0,-,-,-,-,5339.0000,5338.6000,5338.2000,5338.0000,5337.4000,5339.6000,5339.8000,5340.6000,5341.6000,5342.0000,1,1,1,1,5,2,1,1,4,2
SF,IC2003,2020-01-03 13:05:59.900,5339.6000,53358,-1,7293102320.000,1,0,1,双平,B,5339.2000,5339.0000,5338.6000,5338.2000,5338.0000,5339.6000,5339.8000,5340.6000,5341.6000,5342.0000,1,1,1,1,1,1,1,1,4,2
SF,IC2003,2020-01-03 13:06:00.400,5339.6000,53357,-1,7294170240.000,1,0,1,双平,B,5339.0000,5338.6000,5338.2000,5338.0000,5337.4000,5339.8000,5341.6000,5342.0000,5342.4000,5342.6000,1,1,1,1,5,1,4,2,1,1
SF,IC2003,2020-01-03 13:06:00.900,5339.6000,53357,0,7294170240.000,0,-,-,-,-,5339.0000,5338.6000,5338.2000,5338.0000,5337.4000,5339.6000,5341.6000,5342.0000,5342.4000,5342.6000,1,1,1,1,5,1,4,2,1,1
SF,IC2003,2020-01-03 13:06:01.400,5339.6000,53357,0,7294170240.000,0,-,-,-,-,5339.2000,5339.0000,5338.6000,5338.2000,5338.0000,5339.6000,5341.6000,5342.0000,5342.4000,5342.6000,1,1,1,1,1,1,4,2,1,1
SF,IC2003,2020-01-03 13:06:01.900,5339.6000,53357,0,7295238160.000,1,0,1,空换,B,5339.2000,5339.0000,5338.6000,5338.2000,5338.0000,5341.6000,5342.0000,5342.4000,5342.6000,5343.8000,1,1,1,1,1,4,2,1,1,1
SF,IC2003,2020-01-03 13:06:02.400,5339.6000,53357,0,7295238160.000,0,-,-,-,-,5339.4000,5339.2000,5339.0000,5338.6000,5338.2000,5340.6000,5341.2000,5341.4000,5341.6000,5342.0000,2,1,1,1,1,1,2,3,4,2
SF,IC2003,2020-01-03 13:06:02.900,5339.6000,53357,0,7295238160.000,0,-,-,-,-,5339.0000,5338.6000,5338.2000,5338.0000,5337.4000,5340.4000,5340.6000,5341.4000,5341.6000,5342.0000,1,1,1,1,5,2,1,1,4,2
SF,IC2003,2020-01-03 13:06:03.400,5339.6000,53357,0,7295238160.000,0,-,-,-,-,5339.4000,5339.2000,5339.0000,5338.6000,5338.2000,5340.6000,5341.4000,5341.6000,5342.0000,5342.4000,1,2,1,1,1,1,1,4,2,1
SF,IC2003,2020-01-03 13:06:04.400,5339.6000,53357,0,7295238160.000,0,-,-,-,-,5339.6000,5339.4000,5339.2000,5339.0000,5338.6000,5340.6000,5341.4000,5341.6000,5342.0000,5342.4000,1,1,2,1,1,1,1,4,2,1
SF,IC2003,2020-01-03 13:06:04.900,5339.6000,53357,0,7295238160.000,0,-,-,-,-,5339.6000,5339.2000,5339.0000,5338.6000,5338.2000,5340.6000,5341.4000,5341.6000,5342.0000,5342.4000,1,2,1,1,1,1,1,4,2,1
SF,IC2003,2020-01-03 13:06:05.400,5339.6000,53357,0,7295238160.000,0,-,-,-,-,5339.8000,5339.6000,5339.2000,5339.0000,5338.6000,5340.6000,5341.4000,5341.6000,5342.0000,5342.4000,1,1,2,1,1,1,1,4,2,1
SF,IC2003,2020-01-03 13:06:06.900,5339.6000,53357,0,7295238160.000,0,-,-,-,-,5339.8000,5339.2000,5339.0000,5338.6000,5338.2000,5340.6000,5341.4000,5341.6000,5342.0000,5342.4000,1,2,1,1,1,1,1,4,2,1
SF,IC2003,2020-01-03 13:06:07.400,5340.6000,53358,1,7296306280.000,1,1,0,双开,B,5340.6000,5339.8000,5339.2000,5339.0000,5338.6000,5341.4000,5341.6000,5342.0000,5342.4000,5342.6000,4,1,2,1,1,1,4,2,1,1
SF,IC2003,2020-01-03 13:06:07.900,5340.6000,53359,1,7297374400.000,1,1,0,双开,B,5340.6000,5340.0000,5339.8000,5339.2000,5339.0000,5341.2000,5341.4000,5341.6000,5342.0000,5342.4000,3,1,1,2,1,2,1,4,2,1
SF,IC2003,2020-01-03 13:06:09.900,5341.2000,53358,-1,7298442640.000,1,0,1,双平,B,5340.6000,5340.0000,5339.8000,5339.2000,5339.0000,5341.2000,5341.4000,5341.6000,5342.0000,5342.4000,3,1,1,2,1,1,1,4,2,1
SF,IC2003,2020-01-03 13:06:10.400,5341.2000,53358,0,7298442640.000,0,-,-,-,-,5340.6000,5340.0000,5339.8000,5339.2000,5339.0000,5341.0000,5341.4000,5341.6000,5342.0000,5342.4000,3,1,1,2,1,1,1,4,2,1
SF,IC2003,2020-01-03 13:06:10.900,5340.6000,53359,1,7299510760.000,1,1,0,双开,B,5340.6000,5340.0000,5339.8000,5339.2000,5339.0000,5341.2000,5341.4000,5341.6000,5342.0000,5342.4000,2,1,1,2,1,1,1,4,2,1
SF,IC2003,2020-01-03 13:06:12.900,5340.6000,53359,0,7299510760.000,0,-,-,-,-,5340.6000,5340.0000,5339.8000,5339.2000,5339.0000,5341.2000,5341.4000,5341.6000,5342.0000,5342.4000,2,1,2,2,2,1,1,4,2,1
SF,IC2003,2020-01-03 13:06:15.400,5340.6000,53360,1,7300578880.000,1,1,0,双开,B,5340.6000,5339.8000,5339.2000,5339.0000,5338.6000,5341.2000,5341.4000,5341.6000,5342.0000,5342.4000,1,2,2,2,1,1,1,4,2,1
SF,IC2003,2020-01-03 13:06:15.900,5341.0000,53359,-1,7301647080.000,1,0,1,双平,B,5340.6000,5339.8000,5339.2000,5339.0000,5338.6000,5341.0000,5341.2000,5341.4000,5341.6000,5342.0000,1,2,2,2,1,1,1,1,4,2
SF,IC2003,2020-01-03 13:06:16.400,5341.0000,53359,0,7301647080.000,0,-,-,-,-,5340.6000,5339.8000,5339.2000,5339.0000,5338.6000,5341.0000,5341.4000,5341.6000,5342.0000,5342.4000,1,2,2,2,1,2,1,4,2,1
SF,IC2003,2020-01-03 13:06:16.900,5340.6000,53359,0,7302715200.000,1,0,1,空换,B,5339.8000,5339.2000,5339.0000,5338.6000,5338.2000,5341.0000,5341.4000,5341.6000,5342.0000,5342.4000,2,2,2,1,1,2,1,4,2,1
SF,IC2003,2020-01-03 13:06:17.400,5340.6000,53359,0,7302715200.000,0,-,-,-,-,5340.0000,5339.8000,5339.0000,5338.6000,5338.2000,5341.0000,5341.4000,5341.6000,5342.0000,5342.4000,2,2,2,1,1,2,1,4,2,1
SF,IC2003,2020-01-03 13:06:17.900,5340.6000,53359,0,7302715200.000,0,-,-,-,-,5340.2000,5340.0000,5339.8000,5339.0000,5338.6000,5341.0000,5341.4000,5341.6000,5342.0000,5342.4000,1,2,2,2,1,2,1,4,2,1
SF,IC2003,2020-01-03 13:06:20.900,5340.6000,53359,0,7302715200.000,0,-,-,-,-,5340.2000,5340.0000,5339.8000,5339.0000,5338.6000,5341.0000,5341.4000,5341.6000,5342.0000,5342.4000,1,2,2,2,1,2,1,4,2,1
SF,IC2003,2020-01-03 13:06:21.400,5340.6000,53359,0,7302715200.000,0,-,-,-,-,5340.2000,5340.0000,5339.8000,5339.0000,5338.6000,5341.0000,5341.4000,5341.6000,5342.0000,5342.4000,2,2,2,2,1,2,1,4,2,1
SF,IC2003,2020-01-03 13:06:21.900,5340.6000,53359,0,7302715200.000,0,-,-,-,-,5340.2000,5339.8000,5339.0000,5338.6000,5338.2000,5341.0000,5341.4000,5341.6000,5342.0000,5342.4000,2,2,2,1,1,2,1,4,2,1
SF,IC2003,2020-01-03 13:06:22.400,5341.0000,53359,0,7303783400.000,1,0,1,空换,B,5340.2000,5339.8000,5339.0000,5338.6000,5338.2000,5341.0000,5341.4000,5341.6000,5342.0000,5342.4000,2,2,2,1,1,1,1,4,2,1
SF,IC2003,2020-01-03 13:06:22.900,5341.0000,53359,0,7303783400.000,0,-,-,-,-,5340.2000,5339.8000,5339.0000,5338.6000,5338.2000,5341.2000,5341.4000,5341.6000,5342.0000,5342.4000,2,2,2,1,1,1,1,4,2,1
SF,IC2003,2020-01-03 13:06:23.900,5340.2000,53357,-2,7305919480.000,2,0,2,双平,B,5339.8000,5339.0000,5338.6000,5338.2000,5338.0000,5341.2000,5341.4000,5341.6000,5342.0000,5342.4000,2,2,1,1,1,1,1,4,2,1
SF,IC2003,2020-01-03 13:06:24.400,5340.2000,53357,0,7305919480.000,0,-,-,-,-,5339.8000,5339.0000,5338.6000,5338.2000,5338.0000,5341.0000,5341.2000,5341.4000,5341.6000,5342.0000,2,2,1,1,1,2,1,1,4,2
SF,IC2003,2020-01-03 13:06:24.900,5340.2000,53357,0,7305919480.000,0,-,-,-,-,5339.8000,5339.0000,5338.6000,5338.2000,5338.0000,5340.8000,5341.0000,5341.4000,5341.6000,5342.0000,2,2,1,1,1,2,3,1,4,2
SF,IC2003,2020-01-03 13:06:25.400,5340.2000,53357,0,7305919480.000,0,-,-,-,-,5339.8000,5339.0000,5338.6000,5338.2000,5338.0000,5340.8000,5341.0000,5341.4000,5341.6000,5342.0000,2,2,1,1,1,2,3,1,4,2
SF,IC2003,2020-01-03 13:06:25.900,5339.8000,53356,-1,7308055400.000,2,0,2,空平,B,5339.0000,5338.6000,5338.2000,5338.0000,5337.8000,5340.6000,5340.8000,5341.0000,5341.4000,5341.6000,2,1,2,1,1,2,2,1,1,4
SF,IC2003,2020-01-03 13:06:26.400,5339.8000,53356,0,7309123360.000,1,0,1,空换,B,5339.2000,5339.0000,5338.6000,5338.2000,5338.0000,5340.4000,5340.6000,5341.4000,5341.6000,5342.0000,2,2,1,2,1,2,2,1,4,2
SF,IC2003,2020-01-03 13:06:26.900,5340.2000,53356,0,7311259240.000,2,1,1,空换,B,5339.2000,5339.0000,5338.6000,5338.2000,5338.0000,5340.4000,5340.6000,5341.4000,5341.6000,5342.0000,1,2,1,2,1,2,2,1,4,2
SF,IC2003,2020-01-03 13:06:27.400,5340.2000,53356,0,7311259240.000,0,-,-,-,-,5339.0000,5338.6000,5338.2000,5338.0000,5337.8000,5340.2000,5340.4000,5341.4000,5341.6000,5342.0000,2,1,2,1,1,3,2,1,4,2
SF,IC2003,2020-01-03 13:06:27.900,5340.2000,53356,0,7311259240.000,0,-,-,-,-,5339.0000,5338.6000,5338.2000,5338.0000,5337.8000,5340.2000,5340.4000,5341.4000,5341.6000,5342.0000,2,1,2,1,1,3,1,1,4,2
SF,IC2003,2020-01-03 13:06:28.400,5340.2000,53356,0,7311259240.000,0,-,-,-,-,5339.0000,5338.6000,5338.2000,5338.0000,5337.8000,5340.0000,5340.2000,5341.4000,5341.6000,5342.0000,2,1,2,1,1,1,3,1,4,2
SF,IC2003,2020-01-03 13:06:28.900,5340.2000,53356,0,7311259240.000,0,-,-,-,-,5339.0000,5338.6000,5338.2000,5338.0000,5337.8000,5340.2000,5341.4000,5341.6000,5342.0000,5342.4000,2,1,2,1,1,3,1,4,2,1
SF,IC2003,2020-01-03 13:06:29.400,5340.2000,53356,0,7311259240.000,0,-,-,-,-,5339.2000,5339.0000,5338.6000,5338.2000,5338.0000,5339.8000,5340.2000,5341.4000,5341.6000,5342.0000,2,2,1,2,1,1,2,1,4,2
SF,IC2003,2020-01-03 13:06:29.900,5340.2000,53356,0,7311259240.000,0,-,-,-,-,5339.0000,5338.6000,5338.2000,5338.0000,5337.8000,5339.8000,5340.2000,5341.4000,5341.6000,5342.0000,2,1,2,1,1,1,2,1,4,2
SF,IC2003,2020-01-03 13:06:30.400,5339.8000,53356,0,7312327200.000,1,0,1,空换,B,5339.0000,5338.6000,5338.2000,5338.0000,5337.8000,5340.2000,5341.4000,5341.6000,5342.0000,5342.4000,2,1,2,1,1,2,1,4,2,1
SF,IC2003,2020-01-03 13:06:30.900,5339.8000,53356,0,7312327200.000,0,-,-,-,-,5339.2000,5339.0000,5338.6000,5338.2000,5338.0000,5341.4000,5341.6000,5342.0000,5342.4000,5342.6000,2,2,1,2,1,1,4,2,1,1
SF,IC2003,2020-01-03 13:06:31.400,5339.8000,53356,0,7312327200.000,0,-,-,-,-,5339.8000,5339.2000,5339.0000,5338.6000,5338.2000,5341.0000,5341.2000,5341.4000,5341.6000,5342.0000,5,2,2,1,2,3,4,1,4,2
SF,IC2003,2020-01-03 13:06:31.900,5339.8000,53356,0,7312327200.000,0,-,-,-,-,5339.8000,5339.2000,5339.0000,5338.6000,5338.2000,5340.8000,5341.0000,5341.2000,5341.4000,5341.6000,5,2,2,1,2,3,1,1,1,4
SF,IC2003,2020-01-03 13:06:32.400,5339.8000,53356,0,7312327200.000,0,-,-,-,-,5340.0000,5339.8000,5339.0000,5338.6000,5338.2000,5340.8000,5341.0000,5341.2000,5341.4000,5341.6000,2,5,2,1,2,1,1,1,1,4
SF,IC2003,2020-01-03 13:06:34.400,5339.8000,53356,0,7312327200.000,0,-,-,-,-,5340.0000,5339.8000,5339.0000,5338.6000,5338.2000,5340.8000,5341.0000,5341.4000,5341.6000,5342.0000,2,5,2,1,2,1,1,1,4,2
SF,IC2003,2020-01-03 13:06:34.900,5339.8000,53356,0,7312327200.000,0,-,-,-,-,5339.8000,5339.0000,5338.6000,5338.2000,5338.0000,5340.8000,5341.0000,5341.4000,5341.6000,5342.0000,5,2,1,2,1,1,1,1,4,2
SF,IC2003,2020-01-03 13:06:35.400,5339.8000,53356,0,7312327200.000,0,-,-,-,-,5339.8000,5339.0000,5338.6000,5338.2000,5338.0000,5340.6000,5340.8000,5341.0000,5341.4000,5341.6000,5,2,1,2,1,1,1,1,1,4
SF,IC2003,2020-01-03 13:06:35.900,5339.8000,53356,0,7312327200.000,0,-,-,-,-,5339.8000,5339.0000,5338.6000,5338.2000,5338.0000,5340.4000,5340.6000,5341.0000,5341.4000,5341.6000,5,2,1,2,1,1,1,1,1,4
SF,IC2003,2020-01-03 13:06:37.400,5339.8000,53356,0,7312327200.000,0,-,-,-,-,5339.8000,5339.0000,5338.6000,5338.2000,5338.0000,5340.4000,5340.6000,5341.0000,5341.4000,5341.6000,5,2,1,2,1,1,1,1,1,4
SF,IC2003,2020-01-03 13:06:41.400,5339.8000,53356,0,7312327200.000,0,-,-,-,-,5339.8000,5339.0000,5338.6000,5338.2000,5338.0000,5340.4000,5340.6000,5341.0000,5341.4000,5341.6000,5,2,1,2,1,1,1,1,1,4
SF,IC2003,2020-01-03 13:06:43.400,5340.4000,53356,0,7313395280.000,1,0,1,空换,B,5339.8000,5339.0000,5338.6000,5338.2000,5338.0000,5340.6000,5341.0000,5341.4000,5341.6000,5342.0000,5,2,1,2,1,1,1,1,4,2
SF,IC2003,2020-01-03 13:06:43.900,5340.6000,53356,0,7314463400.000,1,0,1,空换,B,5339.8000,5339.0000,5338.6000,5338.2000,5338.0000,5341.0000,5341.4000,5341.6000,5342.0000,5342.4000,5,2,1,2,1,1,1,4,2,1
SF,IC2003,2020-01-03 13:06:44.400,5340.6000,53356,0,7314463400.000,0,-,-,-,-,5339.8000,5339.0000,5338.6000,5338.2000,5338.0000,5340.8000,5341.0000,5341.4000,5341.6000,5342.0000,5,2,1,2,1,2,1,1,4,2
SF,IC2003,2020-01-03 13:06:45.400,5340.6000,53356,0,7314463400.000,0,-,-,-,-,5340.0000,5339.8000,5339.0000,5338.6000,5338.2000,5340.8000,5341.0000,5341.4000,5341.6000,5342.0000,3,5,2,1,2,2,1,1,4,2
SF,IC2003,2020-01-03 13:06:45.900,5340.6000,53356,0,7314463400.000,0,-,-,-,-,5340.0000,5339.8000,5339.0000,5338.6000,5338.2000,5340.6000,5340.8000,5341.0000,5341.4000,5341.6000,3,5,2,1,2,1,2,1,1,4
SF,IC2003,2020-01-03 13:06:47.400,5340.0000,53357,1,7315531400.000,1,1,0,双开,B,5340.0000,5339.8000,5339.0000,5338.6000,5338.2000,5340.4000,5340.6000,5340.8000,5341.0000,5341.4000,2,5,2,1,2,1,1,2,1,1
SF,IC2003,2020-01-03 13:06:47.900,5340.0000,53357,0,7317667400.000,2,1,1,空换,B,5339.8000,5339.0000,5338.6000,5338.2000,5338.0000,5340.0000,5340.4000,5340.6000,5340.8000,5341.0000,5,2,1,2,1,1,1,1,2,1
SF,IC2003,2020-01-03 13:06:48.400,5339.8000,53358,1,7318735360.000,1,1,0,双开,B,5339.8000,5339.0000,5338.6000,5338.2000,5338.0000,5340.0000,5340.4000,5340.8000,5341.0000,5341.4000,4,2,1,2,1,1,1,2,1,1
SF,IC2003,2020-01-03 13:06:49.900,5340.0000,53358,0,7321939280.000,3,1,2,空换,B,5339.8000,5339.0000,5338.6000,5338.2000,5338.0000,5340.4000,5340.8000,5341.4000,5341.6000,5342.0000,2,2,1,2,1,1,2,1,4,2
SF,IC2003,2020-01-03 13:06:50.400,5339.8000,53358,0,7324075200.000,2,1,1,空换,B,5339.0000,5338.6000,5338.2000,5338.0000,5337.8000,5340.2000,5340.4000,5340.8000,5341.4000,5341.6000,2,1,2,1,1,1,1,2,1,4
SF,IC2003,2020-01-03 13:06:50.900,5339.8000,53358,0,7324075200.000,0,-,-,-,-,5339.0000,5338.6000,5338.2000,5338.0000,5337.8000,5340.0000,5340.2000,5340.4000,5341.4000,5341.6000,2,1,2,1,1,2,1,1,1,4
SF,IC2003,2020-01-03 13:06:51.400,5339.8000,53358,0,7324075200.000,0,-,-,-,-,5339.0000,5338.6000,5338.2000,5338.0000,5337.8000,5340.0000,5340.4000,5341.4000,5341.6000,5342.0000,2,1,2,1,1,2,1,1,4,2
SF,IC2003,2020-01-03 13:06:56.400,5340.0000,53357,-1,7325143200.000,1,0,1,双平,B,5339.0000,5338.6000,5338.2000,5338.0000,5337.8000,5340.0000,5340.4000,5341.4000,5341.6000,5342.0000,2,1,2,1,1,1,1,1,4,2
SF,IC2003,2020-01-03 13:06:57.400,5339.0000,53356,-1,7327278800.000,2,0,2,空平,B,5338.6000,5338.2000,5338.0000,5337.8000,5337.4000,5339.0000,5340.0000,5340.4000,5341.4000,5341.6000,1,2,1,1,5,2,1,1,1,4
SF,IC2003,2020-01-03 13:06:57.900,5339.0000,53355,-1,7329414400.000,2,0,2,空平,B,5339.0000,5338.6000,5338.2000,5338.0000,5337.8000,5340.0000,5341.4000,5341.6000,5342.0000,5342.4000,1,1,2,1,1,1,1,4,2,1
SF,IC2003,2020-01-03 13:06:58.400,5339.0000,53355,0,7329414400.000,0,-,-,-,-,5339.0000,5338.6000,5338.2000,5338.0000,5337.8000,5341.4000,5341.6000,5342.0000,5342.4000,5342.6000,1,1,2,1,1,1,4,2,1,1
SF,IC2003,2020-01-03 13:06:58.900,5339.0000,53355,0,7329414400.000,0,-,-,-,-,5339.2000,5339.0000,5338.6000,5338.2000,5338.0000,5340.6000,5341.0000,5341.2000,5341.4000,5341.6000,2,1,1,2,1,1,5,3,2,4
SF,IC2003,2020-01-03 13:06:59.400,5339.0000,53355,0,7329414400.000,0,-,-,-,-,5339.2000,5339.0000,5338.6000,5338.2000,5338.0000,5340.4000,5340.6000,5341.0000,5341.4000,5341.6000,2,1,1,2,1,3,1,3,2,4
SF,IC2003,2020-01-03 13:07:00.900,5339.0000,53355,0,7329414400.000,0,-,-,-,-,5340.0000,5339.2000,5339.0000,5338.6000,5338.2000,5340.4000,5340.6000,5341.0000,5341.4000,5341.6000,1,2,1,1,2,3,1,3,2,4
SF,IC2003,2020-01-03 13:07:01.400,5340.0000,53354,-1,7330482400.000,1,0,1,双平,B,5339.0000,5338.6000,5338.2000,5338.0000,5337.8000,5339.8000,5340.0000,5340.2000,5340.4000,5341.0000,1,1,2,1,1,3,1,1,3,2
SF,IC2003,2020-01-03 13:07:01.900,5340.0000,53354,0,7330482400.000,0,-,-,-,-,5339.2000,5339.0000,5338.6000,5338.2000,5338.0000,5340.2000,5340.4000,5341.0000,5341.6000,5342.0000,2,1,1,2,1,1,2,2,4,2
SF,IC2003,2020-01-03 13:07:02.400,5340.0000,53354,0,7330482400.000,0,-,-,-,-,5339.0000,5338.6000,5338.2000,5338.0000,5337.8000,5340.0000,5340.2000,5341.0000,5341.6000,5342.0000,1,1,2,1,1,4,1,2,4,2
SF,IC2003,2020-01-03 13:07:03.400,5340.0000,53354,0,7331550400.000,1,0,1,空换,B,5339.0000,5338.6000,5338.2000,5338.0000,5337.8000,5340.0000,5340.2000,5341.0000,5341.6000,5342.0000,1,1,2,1,1,3,1,1,4,2
SF,IC2003,2020-01-03 13:07:03.900,5340.0000,53354,0,7332618400.000,1,0,1,空换,B,5339.2000,5339.0000,5338.6000,5338.2000,5338.0000,5340.0000,5340.2000,5341.0000,5341.6000,5342.0000,2,1,1,2,1,1,1,1,3,2
SF,IC2003,2020-01-03 13:07:04.400,5340.0000,53354,0,7333686400.000,1,0,1,空换,B,5339.2000,5339.0000,5338.6000,5338.2000,5338.0000,5340.2000,5341.0000,5341.6000,5342.0000,5342.6000,2,1,1,2,1,1,1,3,2,1
SF,IC2003,2020-01-03 13:07:04.900,5340.0000,53354,0,7333686400.000,0,-,-,-,-,5339.2000,5338.6000,5338.2000,5338.0000,5337.8000,5341.0000,5341.6000,5342.0000,5342.6000,5343.6000,2,1,2,1,1,1,3,2,1,1
SF,IC2003,2020-01-03 13:07:05.400,5340.0000,53354,0,7333686400.000,0,-,-,-,-,5339.4000,5339.2000,5338.6000,5338.2000,5338.0000,5340.6000,5340.8000,5341.0000,5341.6000,5342.0000,1,2,1,2,1,1,3,1,3,2
SF,IC2003,2020-01-03 13:07:05.900,5340.0000,53354,0,7333686400.000,0,-,-,-,-,5339.6000,5338.6000,5338.2000,5338.0000,5337.8000,5340.4000,5340.8000,5341.6000,5342.0000,5342.6000,2,1,2,1,1,1,1,3,2,1
SF,IC2003,2020-01-03 13:07:06.400,5340.0000,53354,0,7333686400.000,0,-,-,-,-,5339.6000,5338.6000,5338.2000,5338.0000,5337.8000,5340.6000,5340.8000,5341.6000,5342.0000,5342.6000,2,1,2,1,1,1,1,3,2,1
SF,IC2003,2020-01-03 13:07:09.400,5340.0000,53354,0,7333686400.000,0,-,-,-,-,5339.6000,5338.6000,5338.2000,5338.0000,5337.8000,5340.4000,5340.6000,5340.8000,5341.6000,5342.0000,2,1,2,1,1,1,1,1,3,2
SF,IC2003,2020-01-03 13:07:09.900,5340.0000,53354,0,7333686400.000,0,-,-,-,-,5339.6000,5338.6000,5338.2000,5338.0000,5337.8000,5340.2000,5340.4000,5340.8000,5341.6000,5342.0000,2,1,2,1,1,1,1,1,3,2
SF,IC2003,2020-01-03 13:07:10.400,5340.0000,53354,0,7333686400.000,0,-,-,-,-,5339.6000,5338.6000,5338.2000,5338.0000,5337.8000,5340.2000,5340.4000,5340.8000,5341.6000,5342.0000,2,1,2,1,1,1,1,1,3,2
SF,IC2003,2020-01-03 13:07:13.400,5340.0000,53354,0,7333686400.000,0,-,-,-,-,5339.6000,5338.6000,5338.2000,5338.0000,5337.8000,5340.2000,5340.4000,5340.8000,5341.6000,5342.0000,2,1,2,1,1,1,1,1,3,2
SF,IC2003,2020-01-03 13:07:14.400,5340.0000,53354,0,7333686400.000,0,-,-,-,-,5339.6000,5338.6000,5338.2000,5338.0000,5337.8000,5340.2000,5340.4000,5340.8000,5341.6000,5342.0000,2,1,2,1,1,1,1,1,3,2
SF,IC2003,2020-01-03 13:07:16.900,5340.0000,53354,0,7333686400.000,0,-,-,-,-,5339.6000,5338.6000,5338.2000,5338.0000,5337.8000,5340.2000,5340.4000,5340.8000,5341.6000,5342.0000,2,1,2,1,1,1,1,1,3,2
SF,IC2003,2020-01-03 13:07:17.400,5340.0000,53354,0,7333686400.000,0,-,-,-,-,5339.6000,5338.6000,5338.2000,5338.0000,5337.8000,5340.0000,5340.2000,5340.4000,5340.8000,5341.6000,2,1,2,1,1,1,1,1,1,3
SF,IC2003,2020-01-03 13:07:17.900,5340.0000,53354,0,7333686400.000,0,-,-,-,-,5339.6000,5338.6000,5338.2000,5338.0000,5337.8000,5340.0000,5340.4000,5340.8000,5341.6000,5342.0000,2,1,2,1,1,1,1,1,3,2
SF,IC2003,2020-01-03 13:07:18.400,5340.0000,53353,-1,7334754400.000,1,0,1,双平,B,5340.2000,5340.0000,5338.6000,5338.2000,5338.0000,5340.4000,5341.6000,5342.0000,5342.6000,5343.6000,1,2,1,2,1,1,3,2,1,1
SF,IC2003,2020-01-03 13:07:18.900,5340.4000,53353,0,7336890560.000,2,1,1,空换,B,5340.4000,5340.2000,5340.0000,5338.6000,5338.2000,5341.6000,5342.0000,5342.6000,5343.6000,5343.8000,2,1,12,1,2,3,2,1,1,1
SF,IC2003,2020-01-03 13:07:19.400,5340.4000,53353,0,7336890560.000,0,-,-,-,-,5340.6000,5340.4000,5340.2000,5340.0000,5338.6000,5341.6000,5342.0000,5342.6000,5343.6000,5343.8000,2,2,1,12,1,3,2,1,1,1
SF,IC2003,2020-01-03 13:07:21.900,5340.4000,53353,0,7336890560.000,0,-,-,-,-,5341.2000,5340.6000,5340.4000,5340.2000,5340.0000,5341.6000,5342.0000,5342.6000,5343.6000,5343.8000,1,2,2,1,12,3,2,1,1,1
SF,IC2003,2020-01-03 13:07:23.400,5341.2000,53353,0,7339027120.000,2,1,1,空换,B,5340.6000,5340.4000,5340.2000,5340.0000,5338.6000,5341.6000,5342.0000,5342.6000,5343.6000,5343.8000,2,2,1,12,1,2,2,1,1,1
SF,IC2003,2020-01-03 13:07:23.900,5341.2000,53353,0,7339027120.000,0,-,-,-,-,5340.6000,5340.4000,5340.2000,5340.0000,5338.6000,5341.6000,5342.0000,5342.6000,5343.6000,5343.8000,2,2,1,10,1,2,2,1,1,1
SF,IC2003,2020-01-03 13:07:24.900,5341.2000,53353,0,7339027120.000,0,-,-,-,-,5340.6000,5340.4000,5340.2000,5340.0000,5338.6000,5341.6000,5342.0000,5342.6000,5343.6000,5343.8000,2,1,1,10,1,2,2,1,1,1
SF,IC2003,2020-01-03 13:07:26.900,5341.2000,53353,0,7339027120.000,0,-,-,-,-,5341.2000,5340.6000,5340.4000,5340.2000,5340.0000,5341.6000,5342.0000,5342.6000,5343.6000,5343.8000,1,2,1,1,10,2,2,1,1,1
SF,IC2003,2020-01-03 13:07:28.400,5341.2000,53353,0,7340095360.000,1,0,1,空换,B,5340.6000,5340.4000,5340.2000,5340.0000,5338.6000,5341.6000,5342.0000,5342.6000,5343.6000,5343.8000,2,1,1,10,1,2,2,1,1,1
SF,IC2003,2020-01-03 13:07:30.400,5341.2000,53353,0,7340095360.000,0,-,-,-,-,5340.6000,5340.4000,5340.2000,5340.0000,5338.6000,5341.0000,5341.6000,5342.0000,5342.6000,5343.6000,2,1,1,10,1,1,2,2,1,1
SF,IC2003,2020-01-03 13:07:32.400,5341.2000,53353,0,7340095360.000,0,-,-,-,-,5340.6000,5340.4000,5340.2000,5340.0000,5338.6000,5341.0000,5341.6000,5342.0000,5342.6000,5343.6000,2,1,1,11,1,1,2,2,1,1
SF,IC2003,2020-01-03 13:07:32.900,5340.6000,53351,-2,7342231600.000,2,0,2,双平,B,5340.4000,5340.2000,5340.0000,5338.6000,5338.2000,5340.6000,5341.0000,5341.6000,5342.0000,5342.6000,1,1,11,1,2,1,1,2,2,1
SF,IC2003,2020-01-03 13:07:33.400,5340.6000,53350,-1,7344367800.000,2,0,2,空平,B,5340.2000,5340.0000,5338.6000,5338.2000,5338.0000,5341.0000,5341.6000,5342.0000,5342.6000,5343.6000,1,11,1,2,1,1,2,2,1,1
SF,IC2003,2020-01-03 13:07:37.400,5340.6000,53350,0,7344367800.000,0,-,-,-,-,5340.2000,5340.0000,5338.6000,5338.2000,5338.0000,5341.0000,5341.6000,5342.0000,5342.6000,5343.6000,1,11,1,2,1,1,2,2,1,1
SF,IC2003,2020-01-03 13:07:37.900,5340.2000,53350,0,7345435840.000,1,0,1,空换,B,5340.0000,5338.6000,5338.2000,5338.0000,5337.8000,5341.0000,5341.6000,5342.0000,5342.6000,5343.6000,11,1,2,1,1,1,2,2,1,1
SF,IC2003,2020-01-03 13:07:38.900,5340.2000,53350,0,7345435840.000,0,-,-,-,-,5340.0000,5338.6000,5338.2000,5338.0000,5337.8000,5341.0000,5341.6000,5342.0000,5342.6000,5343.6000,11,1,2,1,1,1,2,2,1,1
SF,IC2003,2020-01-03 13:07:40.400,5340.2000,53350,0,7345435840.000,0,-,-,-,-,5340.0000,5338.6000,5338.2000,5338.0000,5337.4000,5341.0000,5341.6000,5342.0000,5342.6000,5343.6000,11,1,2,1,5,1,2,2,1,1
SF,IC2003,2020-01-03 13:07:41.400,5340.2000,53350,0,7345435840.000,0,-,-,-,-,5340.0000,5338.6000,5338.2000,5338.0000,5337.4000,5341.0000,5341.6000,5342.0000,5342.6000,5343.6000,11,1,2,1,5,1,2,2,1,1
SF,IC2003,2020-01-03 13:07:41.900,5340.2000,53350,0,7345435840.000,0,-,-,-,-,5340.2000,5340.0000,5338.6000,5338.2000,5338.0000,5341.0000,5341.6000,5342.0000,5342.6000,5343.6000,2,11,1,2,1,1,2,2,1,1
SF,IC2003,2020-01-03 13:07:42.900,5340.2000,53350,0,7345435840.000,0,-,-,-,-,5340.2000,5340.0000,5338.6000,5338.2000,5338.0000,5341.0000,5341.6000,5342.0000,5342.6000,5343.6000,2,11,1,2,1,1,2,2,1,1
SF,IC2003,2020-01-03 13:07:44.400,5340.2000,53350,0,7345435840.000,0,-,-,-,-,5340.2000,5340.0000,5338.6000,5338.2000,5338.0000,5340.8000,5341.0000,5341.6000,5342.0000,5342.6000,2,11,1,2,1,1,1,2,2,1
SF,IC2003,2020-01-03 13:07:44.900,5340.2000,53350,0,7345435840.000,0,-,-,-,-,5340.0000,5338.6000,5338.2000,5338.0000,5337.4000,5340.8000,5341.0000,5341.6000,5342.0000,5342.6000,11,1,2,1,5,1,1,2,2,1
SF,IC2003,2020-01-03 13:07:45.900,5340.2000,53350,0,7345435840.000,0,-,-,-,-,5340.2000,5340.0000,5338.6000,5338.2000,5338.0000,5340.8000,5341.0000,5341.6000,5342.0000,5342.6000,1,11,1,2,1,1,1,2,2,1
SF,IC2003,2020-01-03 13:07:46.400,5340.8000,53350,0,7346504000.000,1,0,1,空换,B,5340.2000,5340.0000,5338.6000,5338.2000,5338.0000,5341.0000,5341.6000,5342.0000,5342.6000,5343.6000,2,11,1,2,1,1,2,2,1,1
SF,IC2003,2020-01-03 13:07:48.900,5340.8000,53350,0,7346504000.000,0,-,-,-,-,5340.8000,5340.2000,5340.0000,5338.6000,5338.2000,5341.0000,5341.6000,5342.0000,5342.6000,5343.6000,1,2,11,1,2,1,2,2,1,1
SF,IC2003,2020-01-03 13:07:49.400,5340.8000,53350,0,7347572160.000,1,0,1,空换,B,5340.2000,5340.0000,5338.6000,5338.2000,5338.0000,5340.6000,5340.8000,5341.0000,5341.6000,5342.0000,2,16,1,2,1,1,1,2,2,2
SF,IC2003,2020-01-03 13:07:49.900,5340.8000,53350,0,7347572160.000,0,-,-,-,-,5340.2000,5340.0000,5338.6000,5338.2000,5338.0000,5340.8000,5341.0000,5341.6000,5342.0000,5342.6000,2,16,1,2,1,1,2,2,2,1
SF,IC2003,2020-01-03 13:07:51.400,5340.8000,53350,0,7347572160.000,0,-,-,-,-,5340.4000,5340.2000,5340.0000,5338.6000,5338.2000,5340.8000,5341.0000,5341.6000,5342.0000,5342.6000,1,2,16,1,2,1,2,2,2,1
SF,IC2003,2020-01-03 13:07:51.900,5340.2000,53350,0,7349708280.000,2,1,1,空换,B,5340.2000,5340.0000,5338.6000,5338.2000,5338.0000,5340.4000,5340.8000,5341.0000,5341.6000,5342.0000,1,16,1,2,1,3,2,1,2,2
SF,IC2003,2020-01-03 13:07:52.400,5340.2000,53350,0,7350776320.000,1,0,1,空换,B,5340.0000,5338.6000,5338.2000,5338.0000,5337.4000,5340.4000,5340.8000,5341.0000,5341.6000,5342.0000,16,1,2,1,5,1,1,1,2,2
SF,IC2003,2020-01-03 13:07:52.900,5340.0000,53353,3,7353980320.000,3,3,0,双开,B,5340.0000,5338.6000,5338.2000,5338.0000,5337.4000,5340.4000,5340.8000,5341.0000,5341.6000,5342.0000,13,1,2,1,5,1,1,1,2,2
SF,IC2003,2020-01-03 13:07:55.400,5340.4000,53353,0,7355048400.000,1,0,1,空换,B,5340.0000,5338.6000,5338.2000,5338.0000,5337.4000,5340.8000,5341.0000,5341.6000,5342.0000,5342.6000,13,1,2,1,5,1,1,2,2,1
SF,IC2003,2020-01-03 13:07:55.900,5340.4000,53353,0,7355048400.000,0,-,-,-,-,5340.2000,5340.0000,5338.6000,5338.2000,5338.0000,5340.8000,5341.0000,5341.6000,5342.0000,5342.6000,2,13,1,2,1,1,1,2,2,1
SF,IC2003,2020-01-03 13:07:56.900,5340.4000,53353,0,7355048400.000,0,-,-,-,-,5340.2000,5340.0000,5338.6000,5338.2000,5338.0000,5340.8000,5341.0000,5341.6000,5342.0000,5342.6000,2,13,1,2,1,1,1,2,2,1
SF,IC2003,2020-01-03 13:07:57.400,5340.4000,53353,0,7355048400.000,0,-,-,-,-,5340.2000,5340.0000,5338.6000,5338.2000,5338.0000,5340.8000,5341.0000,5341.6000,5342.0000,5342.6000,3,13,1,2,1,1,1,2,2,1
SF,IC2003,2020-01-03 13:07:57.900,5340.2000,53353,0,7356116440.000,1,0,1,空换,B,5340.2000,5340.0000,5338.6000,5338.2000,5338.0000,5340.8000,5341.0000,5341.6000,5342.0000,5342.6000,2,13,1,2,1,1,1,2,2,1
SF,IC2003,2020-01-03 13:07:58.400,5340.2000,53353,0,7356116440.000,0,-,-,-,-,5340.2000,5340.0000,5338.6000,5338.2000,5338.0000,5340.8000,5341.0000,5341.6000,5342.0000,5342.6000,1,13,1,2,1,1,1,2,2,1
SF,IC2003,2020-01-03 13:08:01.900,5340.2000,53353,0,7356116440.000,0,-,-,-,-,5340.2000,5340.0000,5338.6000,5338.2000,5338.0000,5340.8000,5341.0000,5341.6000,5342.0000,5342.6000,1,13,1,2,1,1,1,2,2,1
SF,IC2003,2020-01-03 13:08:02.900,5340.8000,53353,0,7357184600.000,1,0,1,空换,B,5340.2000,5340.0000,5338.6000,5338.2000,5338.0000,5341.0000,5341.6000,5342.0000,5342.6000,5343.8000,1,13,1,2,1,1,2,2,1,2
SF,IC2003,2020-01-03 13:08:03.900,5340.8000,53353,0,7357184600.000,0,-,-,-,-,5340.2000,5340.0000,5338.6000,5338.2000,5338.0000,5341.0000,5341.6000,5342.0000,5342.6000,5343.8000,1,13,1,2,1,1,2,2,1,2
SF,IC2003,2020-01-03 13:08:04.400,5340.8000,53353,0,7357184600.000,0,-,-,-,-,5340.2000,5340.0000,5338.6000,5338.2000,5338.0000,5340.8000,5341.0000,5341.6000,5342.0000,5342.6000,1,13,1,2,1,1,1,2,2,1
SF,IC2003,2020-01-03 13:08:04.900,5340.8000,53354,1,7358252760.000,1,1,0,双开,B,5340.2000,5340.0000,5338.6000,5338.2000,5338.0000,5341.0000,5341.6000,5342.0000,5342.6000,5343.8000,1,13,1,2,1,1,2,2,1,2
SF,IC2003,2020-01-03 13:08:05.900,5340.8000,53354,0,7358252760.000,0,-,-,-,-,5340.8000,5340.2000,5340.0000,5338.6000,5338.2000,5341.0000,5341.6000,5342.0000,5342.6000,5343.8000,10,1,13,1,2,1,2,2,1,2
SF,IC2003,2020-01-03 13:08:06.900,5340.8000,53354,0,7358252760.000,0,-,-,-,-,5340.8000,5340.2000,5340.0000,5338.6000,5338.2000,5341.6000,5342.0000,5342.6000,5343.8000,5344.0000,10,1,13,1,2,2,2,1,2,2
SF,IC2003,2020-01-03 13:08:07.400,5340.8000,53354,0,7359320920.000,1,0,1,空换,B,5340.8000,5340.2000,5340.0000,5339.8000,5338.6000,5341.6000,5342.0000,5342.6000,5343.8000,5344.0000,9,1,13,1,1,2,2,1,2,2
SF,IC2003,2020-01-03 13:08:08.900,5340.8000,53354,0,7359320920.000,0,-,-,-,-,5340.8000,5340.2000,5340.0000,5339.8000,5338.6000,5341.4000,5341.6000,5342.0000,5342.6000,5343.8000,9,1,13,1,1,1,2,2,1,2
SF,IC2003,2020-01-03 13:08:09.400,5340.8000,53355,1,7361457240.000,2,1,1,多开,B,5340.8000,5340.2000,5340.0000,5339.8000,5338.6000,5341.4000,5341.6000,5342.0000,5342.6000,5343.8000,7,6,13,1,1,1,2,2,1,2
SF,IC2003,2020-01-03 13:08:10.400,5340.8000,53355,0,7362525400.000,1,0,1,空换,B,5340.8000,5340.2000,5340.0000,5339.8000,5338.6000,5341.4000,5341.6000,5342.0000,5342.6000,5343.8000,6,6,13,1,1,1,2,2,1,2
SF,IC2003,2020-01-03 13:08:11.400,5340.8000,53356,1,7363593560.000,1,1,0,双开,B,5340.8000,5340.2000,5340.0000,5339.8000,5338.6000,5341.4000,5341.6000,5342.0000,5342.6000,5343.8000,5,6,13,1,1,1,2,2,1,2
SF,IC2003,2020-01-03 13:08:14.400,5340.8000,53357,1,7365729880.000,2,1,1,多开,B,5340.8000,5340.2000,5340.0000,5339.8000,5338.6000,5341.4000,5341.6000,5342.0000,5342.6000,5343.8000,3,6,13,1,1,1,2,2,1,2
SF,IC2003,2020-01-03 13:08:14.900,5340.8000,53357,0,7365729880.000,0,-,-,-,-,5340.8000,5340.2000,5340.0000,5339.8000,5338.6000,5341.0000,5341.2000,5341.4000,5341.6000,5342.0000,3,6,13,1,1,1,4,1,2,2
SF,IC2003,2020-01-03 13:08:15.400,5340.8000,53357,0,7365729880.000,0,-,-,-,-,5340.8000,5340.2000,5340.0000,5339.8000,5338.6000,5341.0000,5341.2000,5341.4000,5341.6000,5342.0000,3,6,13,1,1,1,4,1,1,2
SF,IC2003,2020-01-03 13:08:15.900,5340.8000,53357,0,7366798040.000,1,0,1,空换,B,5340.8000,5340.2000,5340.0000,5339.8000,5338.6000,5341.0000,5341.2000,5341.4000,5341.6000,5342.0000,2,6,13,1,1,1,4,1,1,2
SF,IC2003,2020-01-03 13:08:16.400,5340.8000,53357,0,7368934360.000,2,1,1,空换,B,5340.2000,5340.0000,5339.8000,5338.6000,5338.2000,5340.6000,5340.8000,5341.0000,5341.2000,5341.4000,6,13,1,1,2,1,3,1,4,1
SF,IC2003,2020-01-03 13:08:16.900,5340.2000,53359,2,7373206520.000,4,3,1,多开,B,5340.2000,5340.0000,5339.8000,5338.6000,5338.2000,5340.8000,5341.0000,5341.2000,5341.4000,5341.6000,2,13,1,1,2,3,1,4,1,1
SF,IC2003,2020-01-03 13:08:17.400,5340.0000,53362,3,7380682600.000,7,5,2,多开,B,5340.0000,5339.8000,5338.6000,5338.2000,5338.0000,5340.4000,5341.0000,5341.2000,5341.4000,5341.6000,8,1,1,2,1,1,2,2,1,1
SF,IC2003,2020-01-03 13:08:17.900,5339.8000,53365,3,7391362520.000,10,6,4,多开,B,5338.6000,5338.2000,5338.0000,5337.4000,5337.2000,5339.2000,5340.2000,5340.4000,5341.0000,5341.2000,1,2,1,5,1,1,2,1,2,2
SF,IC2003,2020-01-03 13:08:18.400,5339.2000,53365,0,7392430360.000,1,0,1,空换,B,5338.8000,5338.6000,5338.2000,5338.0000,5337.4000,5339.0000,5340.2000,5340.4000,5341.0000,5341.2000,2,1,2,1,5,1,2,1,2,2
SF,IC2003,2020-01-03 13:08:19.900,5339.0000,53364,-1,7393498160.000,1,0,1,双平,B,5338.8000,5338.6000,5338.2000,5338.0000,5337.4000,5340.2000,5340.4000,5341.0000,5341.2000,5341.6000,2,1,2,1,5,2,1,2,2,1
SF,IC2003,2020-01-03 13:08:20.400,5338.8000,53363,-1,7394565920.000,1,0,1,双平,B,5338.8000,5338.6000,5338.2000,5338.0000,5337.4000,5339.8000,5340.0000,5340.2000,5340.4000,5341.0000,1,1,2,1,5,2,4,2,1,2
SF,IC2003,2020-01-03 13:08:20.900,5338.8000,53363,0,7394565920.000,0,-,-,-,-,5338.6000,5338.2000,5338.0000,5337.4000,5337.2000,5339.4000,5339.6000,5339.8000,5340.0000,5340.4000,1,2,1,5,1,1,4,1,2,1
SF,IC2003,2020-01-03 13:08:21.400,5338.8000,53363,0,7394565920.000,0,-,-,-,-,5338.6000,5338.2000,5338.0000,5337.4000,5337.2000,5339.4000,5339.6000,5339.8000,5340.0000,5341.0000,1,2,1,5,1,1,2,1,2,2
SF,IC2003,2020-01-03 13:08:21.900,5338.8000,53363,0,7394565920.000,0,-,-,-,-,5338.6000,5338.2000,5338.0000,5337.4000,5337.2000,5339.0000,5339.2000,5339.4000,5339.8000,5340.0000,1,2,1,5,1,1,2,1,1,2
SF,IC2003,2020-01-03 13:08:22.400,5338.6000,53362,-1,7395633640.000,1,0,1,双平,B,5338.2000,5338.0000,5337.4000,5337.2000,5337.0000,5338.6000,5338.8000,5339.0000,5339.2000,5339.4000,2,1,5,1,1,1,2,1,2,1
SF,IC2003,2020-01-03 13:08:22.900,5338.2000,53361,-1,7397768920.000,2,0,2,空平,B,5338.0000,5337.4000,5337.2000,5337.0000,5335.0000,5338.4000,5338.8000,5339.4000,5340.0000,5341.0000,1,5,1,1,4,2,2,1,1,2
SF,IC2003,2020-01-03 13:08:23.400,5337.4000,53363,2,7399904000.000,2,2,0,双开,B,5337.4000,5337.2000,5337.0000,5335.0000,5334.6000,5338.4000,5338.8000,5339.4000,5341.0000,5341.2000,4,1,1,4,1,2,2,1,2,1
SF,IC2003,2020-01-03 13:08:23.900,5337.4000,53363,0,7399904000.000,0,-,-,-,-,5337.4000,5337.2000,5337.0000,5335.0000,5334.6000,5338.2000,5338.4000,5338.8000,5339.4000,5341.0000,4,1,1,4,1,1,2,2,1,2
SF,IC2003,2020-01-03 13:08:24.900,5337.4000,53363,0,7399904000.000,0,-,-,-,-,5337.4000,5337.2000,5337.0000,5335.0000,5334.6000,5338.0000,5338.2000,5338.4000,5339.4000,5341.0000,4,1,1,4,1,2,1,2,1,2
SF,IC2003,2020-01-03 13:08:25.400,5337.4000,53363,0,7399904000.000,0,-,-,-,-,5337.4000,5337.2000,5337.0000,5335.0000,5334.6000,5338.2000,5338.4000,5339.4000,5341.0000,5341.6000,4,1,1,4,1,1,2,1,2,1
SF,IC2003,2020-01-03 13:08:25.900,5337.4000,53363,0,7400971480.000,1,0,1,空换,B,5337.4000,5337.2000,5337.0000,5335.0000,5334.6000,5338.0000,5338.2000,5339.4000,5341.0000,5341.6000,3,1,1,4,1,4,1,1,2,1
SF,IC2003,2020-01-03 13:08:26.400,5337.4000,53364,1,7402038960.000,1,1,0,双开,B,5337.4000,5337.2000,5337.0000,5335.0000,5334.6000,5338.0000,5338.2000,5339.4000,5341.0000,5341.6000,2,1,1,4,1,2,1,1,2,1
SF,IC2003,2020-01-03 13:08:27.400,5337.4000,53364,0,7402038960.000,0,-,-,-,-,5337.4000,5337.2000,5337.0000,5335.0000,5334.6000,5337.8000,5338.0000,5338.2000,5339.4000,5341.0000,2,1,1,4,1,2,2,1,1,2
SF,IC2003,2020-01-03 13:08:27.900,5337.4000,53364,0,7402038960.000,0,-,-,-,-,5337.4000,5337.2000,5337.0000,5335.0000,5334.6000,5337.8000,5338.0000,5338.2000,5339.4000,5340.2000,2,1,1,4,1,2,2,1,1,2
SF,IC2003,2020-01-03 13:08:28.400,5337.4000,53364,0,7404173920.000,2,1,1,空换,B,5337.2000,5337.0000,5335.0000,5334.6000,5334.4000,5337.6000,5337.8000,5338.2000,5339.4000,5340.2000,1,1,4,1,1,3,2,1,1,2
SF,IC2003,2020-01-03 13:08:28.900,5337.2000,53364,0,7405241360.000,1,0,1,空换,B,5337.0000,5335.0000,5334.6000,5334.4000,5334.0000,5337.6000,5337.8000,5338.2000,5339.4000,5340.2000,1,4,1,1,2,3,2,1,1,2
SF,IC2003,2020-01-03 13:08:29.900,5337.0000,53364,0,7406308760.000,1,0,1,空换,B,5335.0000,5334.6000,5334.4000,5334.0000,5333.0000,5337.4000,5337.6000,5338.2000,5339.4000,5340.2000,4,1,1,2,3,2,3,1,1,2
SF,IC2003,2020-01-03 13:08:30.400,5337.0000,53364,0,7406308760.000,0,-,-,-,-,5335.8000,5335.6000,5335.2000,5335.0000,5334.6000,5337.2000,5337.6000,5338.2000,5339.4000,5340.2000,1,1,2,4,1,2,1,1,1,2
SF,IC2003,2020-01-03 13:08:30.900,5337.0000,53364,0,7406308760.000,0,-,-,-,-,5336.0000,5335.8000,5335.6000,5335.0000,5334.6000,5337.2000,5337.6000,5338.2000,5339.4000,5340.2000,2,1,1,4,1,2,1,1,1,2
SF,IC2003,2020-01-03 13:08:31.400,5337.0000,53364,0,7406308760.000,0,-,-,-,-,5336.0000,5335.8000,5335.6000,5335.0000,5334.6000,5337.2000,5337.6000,5338.2000,5339.4000,5340.2000,2,1,1,4,1,3,1,1,1,2
SF,IC2003,2020-01-03 13:08:33.400,5337.0000,53364,0,7406308760.000,0,-,-,-,-,5336.0000,5335.8000,5335.0000,5334.6000,5334.4000,5337.2000,5337.6000,5338.2000,5339.4000,5340.2000,2,1,4,1,1,3,1,1,1,2
SF,IC2003,2020-01-03 13:08:35.400,5337.0000,53364,0,7406308760.000,0,-,-,-,-,5336.0000,5335.8000,5335.0000,5334.6000,5334.4000,5337.0000,5337.2000,5337.6000,5338.2000,5339.4000,2,1,4,1,1,1,3,1,1,1
SF,IC2003,2020-01-03 13:08:35.900,5337.0000,53362,-2,7408443560.000,2,0,2,双平,B,5336.2000,5335.8000,5335.0000,5334.6000,5334.4000,5337.0000,5337.2000,5337.6000,5338.2000,5339.4000,1,1,4,1,1,1,1,1,1,1
SF,IC2003,2020-01-03 13:08:36.400,5337.0000,53362,0,7408443560.000,0,-,-,-,-,5336.2000,5335.8000,5335.0000,5334.6000,5334.4000,5337.2000,5337.6000,5338.2000,5340.2000,5341.0000,1,1,4,1,1,1,1,1,2,2
SF,IC2003,2020-01-03 13:08:36.900,5335.8000,53363,1,7410577960.000,2,1,1,多开,B,5335.0000,5334.6000,5334.4000,5334.0000,5333.0000,5335.6000,5337.0000,5337.2000,5337.6000,5338.2000,4,1,1,2,3,1,1,1,1,1
SF,IC2003,2020-01-03 13:08:37.400,5335.2000,53367,4,7415913400.000,5,4,1,多开,B,5335.0000,5334.6000,5334.4000,5334.0000,5333.0000,5337.0000,5337.2000,5337.6000,5338.2000,5340.2000,4,1,1,2,3,1,1,1,1,2
SF,IC2003,2020-01-03 13:08:37.900,5335.0000,53365,-2,7420181480.000,4,1,3,空平,B,5335.0000,5334.6000,5334.4000,5334.0000,5333.0000,5336.4000,5336.6000,5336.8000,5337.0000,5337.2000,2,1,1,2,3,1,1,5,1,1
SF,IC2003,2020-01-03 13:08:38.400,5335.0000,53365,0,7420181480.000,0,-,-,-,-,5335.0000,5334.6000,5334.4000,5334.0000,5333.0000,5336.2000,5336.4000,5336.6000,5337.2000,5340.2000,2,1,1,2,3,5,1,1,1,2
SF,IC2003,2020-01-03 13:08:38.900,5336.2000,53362,-3,7423383200.000,3,0,3,双平,B,5335.2000,5335.0000,5334.6000,5334.4000,5334.0000,5336.4000,5336.6000,5337.2000,5340.2000,5341.0000,2,2,1,1,2,1,1,1,2,2
SF,IC2003,2020-01-03 13:08:39.400,5336.2000,53362,0,7423383200.000,0,-,-,-,-,5335.4000,5335.2000,5335.0000,5334.6000,5334.4000,5336.6000,5337.2000,5340.2000,5341.0000,5341.8000,1,2,2,1,1,1,1,2,2,5
SF,IC2003,2020-01-03 13:08:39.900,5335.6000,53363,1,7424450320.000,1,1,0,双开,B,5335.6000,5335.4000,5335.0000,5334.6000,5334.4000,5336.6000,5337.2000,5340.2000,5341.0000,5341.8000,2,1,2,1,1,1,1,2,2,5
SF,IC2003,2020-01-03 13:08:40.400,5335.6000,53363,0,7424450320.000,0,-,-,-,-,5335.6000,5335.0000,5334.6000,5334.4000,5334.0000,5336.4000,5336.6000,5337.2000,5340.2000,5341.0000,2,2,1,1,2,1,1,1,2,2
SF,IC2003,2020-01-03 13:08:40.900,5335.6000,53363,0,7424450320.000,0,-,-,-,-,5335.0000,5334.6000,5334.4000,5334.0000,5333.0000,5336.2000,5336.6000,5337.2000,5340.2000,5341.0000,2,1,1,2,3,1,1,1,2,2
SF,IC2003,2020-01-03 13:08:41.400,5335.6000,53363,0,7424450320.000,0,-,-,-,-,5335.2000,5335.0000,5334.6000,5334.4000,5334.0000,5336.2000,5336.6000,5337.2000,5340.2000,5341.0000,2,2,1,1,2,1,1,1,2,2
SF,IC2003,2020-01-03 13:08:43.900,5335.6000,53363,0,7424450320.000,0,-,-,-,-,5335.2000,5335.0000,5334.6000,5334.4000,5334.0000,5336.0000,5336.2000,5336.6000,5337.2000,5340.2000,2,2,1,1,2,1,1,1,1,2
SF,IC2003,2020-01-03 13:08:44.400,5335.6000,53363,0,7424450320.000,0,-,-,-,-,5335.2000,5335.0000,5334.6000,5334.4000,5334.0000,5336.2000,5336.6000,5337.2000,5340.2000,5341.0000,2,2,1,1,2,1,1,1,2,2
SF,IC2003,2020-01-03 13:08:44.900,5336.2000,53363,0,7425517560.000,1,0,1,空换,B,5335.2000,5335.0000,5334.6000,5334.4000,5334.0000,5336.6000,5337.2000,5340.2000,5341.0000,5341.8000,2,3,1,1,2,1,1,2,2,5
SF,IC2003,2020-01-03 13:08:45.400,5336.2000,53363,0,7425517560.000,0,-,-,-,-,5335.2000,5335.0000,5334.6000,5334.4000,5334.0000,5337.2000,5341.0000,5341.8000,5342.6000,5342.8000,2,3,1,1,2,1,2,5,1,1
SF,IC2003,2020-01-03 13:08:45.900,5336.2000,53363,0,7425517560.000,0,-,-,-,-,5335.6000,5335.2000,5335.0000,5334.6000,5334.4000,5337.0000,5337.2000,5341.0000,5341.8000,5342.6000,1,2,3,1,1,4,1,2,5,1
SF,IC2003,2020-01-03 13:08:46.400,5336.2000,53363,0,7425517560.000,0,-,-,-,-,5336.2000,5335.8000,5335.6000,5335.0000,5334.6000,5337.0000,5337.2000,5341.0000,5341.8000,5342.6000,1,2,1,3,1,2,1,2,5,1
SF,IC2003,2020-01-03 13:08:46.900,5335.6000,53363,0,7430853360.000,5,2,3,空换,B,5335.0000,5334.6000,5334.4000,5334.0000,5333.0000,5335.2000,5336.0000,5336.8000,5337.2000,5341.0000,3,1,1,2,3,1,1,1,1,2
SF,IC2003,2020-01-03 13:08:47.400,5335.2000,53363,0,7431920400.000,1,0,1,空换,B,5335.6000,5335.4000,5335.2000,5335.0000,5334.6000,5336.0000,5336.8000,5337.2000,5341.0000,5341.8000,3,6,8,3,1,1,1,1,2,5
SF,IC2003,2020-01-03 13:08:47.900,5336.0000,53362,-1,7432987600.000,1,0,1,双平,B,5336.0000,5335.2000,5335.0000,5334.6000,5334.4000,5336.8000,5337.2000,5341.0000,5341.8000,5342.6000,1,7,3,1,1,1,1,2,5,1
SF,IC2003,2020-01-03 13:08:48.400,5335.2000,53361,-1,7434054640.000,1,0,1,双平,B,5335.2000,5335.0000,5334.6000,5334.4000,5334.0000,5336.8000,5337.2000,5341.0000,5341.8000,5342.6000,5,3,1,1,2,1,1,2,5,1
SF,IC2003,2020-01-03 13:08:48.900,5335.2000,53361,0,7434054640.000,0,-,-,-,-,5335.4000,5335.2000,5335.0000,5334.6000,5334.4000,5336.6000,5336.8000,5337.2000,5341.0000,5341.8000,2,5,3,1,1,2,2,1,2,5
SF,IC2003,2020-01-03 13:08:49.400,5335.2000,53361,0,7434054640.000,0,-,-,-,-,5335.2000,5335.0000,5334.6000,5334.4000,5334.0000,5336.6000,5336.8000,5337.2000,5341.0000,5341.8000,3,3,1,1,2,2,2,1,2,5
SF,IC2003,2020-01-03 13:08:49.900,5335.2000,53361,0,7434054640.000,0,-,-,-,-,5335.2000,5335.0000,5334.6000,5334.4000,5334.0000,5336.6000,5336.8000,5337.2000,5341.0000,5341.8000,2,3,1,1,2,2,2,1,2,5
SF,IC2003,2020-01-03 13:08:50.400,5335.2000,53361,0,7434054640.000,0,-,-,-,-,5335.4000,5335.2000,5335.0000,5334.6000,5334.4000,5336.4000,5336.6000,5336.8000,5337.2000,5340.0000,2,2,3,1,1,1,2,2,1,1
SF,IC2003,2020-01-03 13:08:50.900,5335.2000,53361,0,7434054640.000,0,-,-,-,-,5335.2000,5335.0000,5334.6000,5334.4000,5334.0000,5336.2000,5336.4000,5336.8000,5337.2000,5340.0000,2,3,1,1,2,2,1,2,1,1
SF,IC2003,2020-01-03 13:08:51.400,5335.2000,53361,0,7434054640.000,0,-,-,-,-,5335.2000,5335.0000,5334.6000,5334.4000,5334.0000,5336.2000,5336.4000,5336.8000,5337.2000,5340.0000,2,3,1,1,2,2,1,2,1,1
SF,IC2003,2020-01-03 13:08:51.900,5335.2000,53361,0,7434054640.000,0,-,-,-,-,5335.2000,5335.0000,5334.6000,5334.4000,5334.0000,5336.2000,5336.4000,5337.2000,5340.0000,5341.0000,2,3,1,1,2,2,1,1,1,2
SF,IC2003,2020-01-03 13:08:52.400,5335.2000,53361,0,7434054640.000,0,-,-,-,-,5335.0000,5334.6000,5334.4000,5334.0000,5333.0000,5336.2000,5336.4000,5337.2000,5340.0000,5341.0000,3,1,1,2,3,2,1,1,1,2
SF,IC2003,2020-01-03 13:08:52.900,5335.2000,53361,0,7434054640.000,0,-,-,-,-,5335.2000,5335.0000,5334.6000,5334.4000,5334.0000,5336.0000,5336.4000,5337.2000,5340.0000,5341.0000,2,3,1,1,2,1,1,1,1,2
SF,IC2003,2020-01-03 13:08:53.400,5335.2000,53361,0,7435121680.000,1,0,1,空换,B,5335.2000,5335.0000,5334.6000,5334.4000,5334.0000,5336.0000,5336.4000,5337.2000,5340.0000,5341.0000,2,3,1,1,2,1,1,1,1,2
SF,IC2003,2020-01-03 13:08:53.900,5335.2000,53361,0,7437255760.000,2,1,1,空换,B,5335.0000,5334.6000,5334.4000,5334.0000,5333.0000,5336.0000,5336.4000,5337.2000,5340.0000,5341.0000,3,1,1,2,3,1,1,1,1,2
SF,IC2003,2020-01-03 13:08:54.400,5335.2000,53361,0,7437255760.000,0,-,-,-,-,5335.0000,5334.6000,5334.4000,5334.0000,5333.0000,5335.2000,5335.8000,5336.0000,5336.4000,5337.2000,3,1,1,2,3,1,3,1,1,1
SF,IC2003,2020-01-03 13:08:54.900,5335.2000,53361,0,7438322800.000,1,0,1,空换,B,5335.2000,5335.0000,5334.6000,5334.4000,5334.0000,5335.8000,5336.0000,5336.4000,5337.2000,5340.0000,1,3,1,1,2,3,1,1,1,1
SF,IC2003,2020-01-03 13:08:55.400,5335.2000,53361,0,7438322800.000,0,-,-,-,-,5335.2000,5335.0000,5334.6000,5334.4000,5334.0000,5335.8000,5336.0000,5336.4000,5337.2000,5340.0000,1,3,1,1,2,1,1,1,1,1
SF,IC2003,2020-01-03 13:08:55.900,5335.2000,53361,0,7438322800.000,0,-,-,-,-,5335.2000,5335.0000,5334.6000,5334.4000,5334.0000,5335.8000,5336.0000,5336.4000,5337.2000,5340.0000,1,3,1,1,2,1,1,1,1,1
SF,IC2003,2020-01-03 13:08:56.400,5335.2000,53361,0,7438322800.000,0,-,-,-,-,5335.2000,5335.0000,5334.6000,5334.4000,5334.0000,5335.8000,5336.0000,5336.4000,5337.2000,5340.0000,1,3,1,1,2,1,1,1,1,1
SF,IC2003,2020-01-03 13:08:56.900,5335.2000,53361,0,7438322800.000,0,-,-,-,-,5335.2000,5335.0000,5334.6000,5334.4000,5334.0000,5335.6000,5335.8000,5336.4000,5337.2000,5340.0000,2,3,1,1,2,1,1,1,1,1
SF,IC2003,2020-01-03 13:08:57.900,5335.2000,53361,0,7438322800.000,0,-,-,-,-,5335.2000,5335.0000,5334.6000,5334.4000,5334.0000,5335.6000,5335.8000,5337.2000,5340.0000,5341.0000,2,3,1,1,2,1,1,1,1,2
SF,IC2003,2020-01-03 13:08:58.400,5335.2000,53359,-2,7440456880.000,2,0,2,双平,B,5335.0000,5334.6000,5334.4000,5334.0000,5333.0000,5335.6000,5335.8000,5337.2000,5340.0000,5341.0000,3,1,1,2,3,1,1,1,1,2
SF,IC2003,2020-01-03 13:08:58.900,5335.2000,53359,0,7440456880.000,0,-,-,-,-,5335.2000,5335.0000,5334.6000,5334.4000,5334.0000,5335.6000,5335.8000,5337.2000,5340.0000,5341.0000,2,3,1,1,2,1,1,1,1,2
SF,IC2003,2020-01-03 13:08:59.400,5335.2000,53359,0,7440456880.000,0,-,-,-,-,5335.2000,5335.0000,5334.6000,5334.4000,5334.0000,5335.6000,5335.8000,5337.2000,5340.0000,5341.0000,3,3,1,1,2,1,1,1,1,2
SF,IC2003,2020-01-03 13:08:59.900,5335.2000,53358,-1,7441523920.000,1,0,1,双平,B,5335.2000,5335.0000,5334.6000,5334.4000,5334.0000,5335.6000,5335.8000,5337.2000,5340.0000,5341.0000,2,3,1,1,2,1,1,1,1,2
SF,IC2003,2020-01-03 13:09:00.900,5335.2000,53357,-1,7443658000.000,2,0,2,空平,B,5335.0000,5334.6000,5334.4000,5334.0000,5333.0000,5335.2000,5335.8000,5337.2000,5340.0000,5341.0000,3,1,1,2,3,1,1,1,1,2
SF,IC2003,2020-01-03 13:09:01.400,5335.0000,53358,1,7444725000.000,1,1,0,双开,B,5335.0000,5334.6000,5334.4000,5334.0000,5333.0000,5335.2000,5335.8000,5337.2000,5340.0000,5341.0000,2,1,1,2,3,1,1,1,1,2
SF,IC2003,2020-01-03 13:09:01.900,5335.0000,53357,-1,7446859000.000,2,0,2,空平,B,5334.6000,5334.4000,5334.0000,5333.0000,5332.6000,5335.0000,5335.2000,5335.8000,5337.2000,5340.0000,1,1,2,3,1,1,1,1,1,1
SF,IC2003,2020-01-03 13:09:02.400,5335.0000,53357,0,7446859000.000,0,-,-,-,-,5334.6000,5334.4000,5334.0000,5333.0000,5332.6000,5335.0000,5335.8000,5337.2000,5340.0000,5341.0000,1,1,2,3,1,2,1,1,1,2
SF,IC2003,2020-01-03 13:09:02.900,5334.6000,53358,1,7447925920.000,1,1,0,双开,B,5334.4000,5334.0000,5333.0000,5332.6000,5332.4000,5334.8000,5335.0000,5335.8000,5337.2000,5340.0000,1,2,3,1,2,1,1,1,1,1
SF,IC2003,2020-01-03 13:09:03.400,5334.6000,53358,0,7447925920.000,0,-,-,-,-,5334.4000,5334.0000,5333.0000,5332.6000,5332.4000,5334.8000,5335.0000,5335.8000,5337.2000,5340.0000,1,2,3,1,2,1,1,1,1,1
SF,IC2003,2020-01-03 13:09:04.400,5334.6000,53358,0,7447925920.000,0,-,-,-,-,5334.4000,5334.0000,5333.0000,5332.6000,5332.4000,5335.0000,5337.2000,5340.0000,5341.0000,5341.8000,1,2,3,1,2,1,1,1,1,5
SF,IC2003,2020-01-03 13:09:04.900,5334.4000,53359,1,7448992800.000,1,1,0,双开,B,5334.0000,5333.0000,5332.6000,5332.4000,5331.8000,5335.0000,5337.2000,5340.0000,5341.0000,5341.8000,2,3,1,2,1,1,1,1,1,5
SF,IC2003,2020-01-03 13:09:05.400,5334.4000,53359,0,7448992800.000,0,-,-,-,-,5334.0000,5333.0000,5332.6000,5332.4000,5331.8000,5334.6000,5334.8000,5335.0000,5337.2000,5340.0000,2,3,1,2,1,1,1,1,1,1
SF,IC2003,2020-01-03 13:09:05.900,5334.0000,53359,0,7450059600.000,1,0,1,空换,B,5334.0000,5333.0000,5332.6000,5332.4000,5331.8000,5334.4000,5334.6000,5334.8000,5335.0000,5337.2000,1,3,1,2,1,1,1,2,1,1
SF,IC2003,2020-01-03 13:09:06.400,5334.0000,53359,0,7450059600.000,0,-,-,-,-,5334.0000,5333.0000,5332.6000,5332.4000,5331.8000,5334.4000,5334.6000,5334.8000,5335.0000,5337.2000,1,3,1,2,1,1,1,1,1,1
SF,IC2003,2020-01-03 13:09:06.900,5334.0000,53359,0,7451126400.000,1,0,1,空换,B,5333.0000,5332.6000,5332.4000,5331.8000,5331.2000,5334.4000,5334.6000,5335.0000,5337.2000,5340.0000,3,1,2,1,1,1,1,1,1,1
SF,IC2003,2020-01-03 13:09:07.400,5334.0000,53359,0,7451126400.000,0,-,-,-,-,5333.4000,5333.2000,5333.0000,5332.6000,5332.4000,5334.2000,5334.4000,5334.6000,5335.0000,5337.2000,1,1,3,1,2,1,2,1,1,1
SF,IC2003,2020-01-03 13:09:07.900,5334.0000,53359,0,7451126400.000,0,-,-,-,-,5333.4000,5333.0000,5332.6000,5332.4000,5331.8000,5334.0000,5334.2000,5334.4000,5334.6000,5335.0000,1,3,1,2,1,1,1,2,1,1
SF,IC2003,2020-01-03 13:09:08.400,5334.0000,53359,0,7451126400.000,0,-,-,-,-,5333.4000,5333.0000,5332.6000,5332.4000,5331.8000,5334.0000,5334.2000,5334.4000,5334.6000,5335.0000,1,3,1,2,1,1,1,2,1,1
SF,IC2003,2020-01-03 13:09:08.900,5334.0000,53359,0,7451126400.000,0,-,-,-,-,5333.4000,5333.0000,5332.6000,5332.4000,5331.8000,5333.8000,5334.0000,5334.2000,5334.4000,5334.6000,1,3,1,2,1,1,1,1,2,1
SF,IC2003,2020-01-03 13:09:09.400,5334.0000,53359,0,7451126400.000,0,-,-,-,-,5333.4000,5333.0000,5332.6000,5332.4000,5331.8000,5334.0000,5334.2000,5334.4000,5334.6000,5335.0000,1,3,1,2,1,1,1,2,1,1
SF,IC2003,2020-01-03 13:09:09.900,5334.0000,53358,-1,7452193200.000,1,0,1,双平,B,5333.4000,5333.0000,5332.6000,5332.4000,5331.8000,5334.4000,5335.0000,5337.2000,5340.0000,5341.0000,1,3,1,2,1,2,1,1,2,1
SF,IC2003,2020-01-03 13:09:10.400,5334.0000,53358,0,7452193200.000,0,-,-,-,-,5333.4000,5333.0000,5332.6000,5332.4000,5331.8000,5334.4000,5335.0000,5337.2000,5340.0000,5341.0000,1,3,1,2,1,2,1,1,2,1
SF,IC2003,2020-01-03 13:09:10.900,5334.0000,53358,0,7452193200.000,0,-,-,-,-,5333.4000,5333.0000,5332.6000,5332.4000,5331.8000,5334.4000,5335.0000,5337.2000,5340.0000,5341.0000,1,3,1,2,1,1,1,1,2,1
SF,IC2003,2020-01-03 13:09:11.400,5334.4000,53358,0,7453260080.000,1,0,1,空换,B,5333.4000,5333.0000,5332.6000,5332.4000,5331.8000,5335.0000,5337.2000,5340.0000,5341.0000,5341.8000,1,3,1,2,1,1,1,2,1,5
SF,IC2003,2020-01-03 13:09:11.900,5334.8000,53357,-1,7454327040.000,1,0,1,双平,B,5334.8000,5334.6000,5334.0000,5333.6000,5333.4000,5337.2000,5340.0000,5341.0000,5341.8000,5342.6000,3,2,1,2,2,1,2,1,5,1
SF,IC2003,2020-01-03 13:09:12.400,5334.8000,53357,0,7454327040.000,0,-,-,-,-,5335.0000,5333.4000,5333.0000,5332.6000,5332.4000,5336.4000,5336.8000,5337.0000,5337.2000,5340.0000,3,1,3,1,2,1,3,3,1,2
SF,IC2003,2020-01-03 13:09:12.900,5334.8000,53357,0,7454327040.000,0,-,-,-,-,5335.2000,5335.0000,5333.4000,5333.0000,5332.6000,5336.2000,5336.4000,5336.8000,5337.0000,5337.2000,1,1,1,3,1,2,1,1,2,1
SF,IC2003,2020-01-03 13:09:13.400,5335.0000,53357,0,7455394040.000,1,0,1,空换,B,5335.0000,5333.4000,5333.0000,5332.6000,5332.4000,5336.2000,5336.4000,5336.8000,5337.0000,5337.2000,1,1,3,1,2,2,1,1,2,1
SF,IC2003,2020-01-03 13:09:13.900,5335.0000,53357,0,7456461040.000,1,0,1,空换,B,5333.4000,5333.0000,5332.6000,5332.4000,5331.8000,5335.0000,5336.2000,5336.4000,5336.8000,5337.0000,1,3,1,2,1,1,2,1,1,2
SF,IC2003,2020-01-03 13:09:14.400,5335.0000,53356,-1,7457528040.000,1,0,1,双平,B,5335.6000,5334.8000,5334.4000,5334.2000,5334.0000,5336.2000,5336.4000,5336.8000,5337.0000,5337.2000,1,5,1,1,1,2,1,1,2,1
SF,IC2003,2020-01-03 13:09:14.900,5335.6000,53355,-1,7458595160.000,1,0,1,双平,B,5334.4000,5334.2000,5334.0000,5333.8000,5333.6000,5336.2000,5336.4000,5336.8000,5337.0000,5337.2000,1,1,1,1,2,2,1,1,2,1
SF,IC2003,2020-01-03 13:09:15.400,5335.6000,53355,0,7458595160.000,0,-,-,-,-,5335.4000,5335.0000,5334.6000,5334.4000,5334.2000,5336.0000,5336.2000,5336.4000,5336.8000,5337.0000,1,1,2,1,1,1,2,1,1,2
SF,IC2003,2020-01-03 13:09:15.900,5336.0000,53354,-1,7459662360.000,1,0,1,双平,B,5335.0000,5334.6000,5334.2000,5333.8000,5333.0000,5336.2000,5336.4000,5337.0000,5337.2000,5340.0000,1,2,1,1,3,2,1,1,1,2
SF,IC2003,2020-01-03 13:09:16.400,5335.2000,53353,-1,7461796440.000,2,0,2,空平,B,5335.2000,5335.0000,5334.2000,5333.8000,5333.0000,5335.4000,5336.2000,5336.4000,5337.0000,5337.2000,1,1,1,1,3,1,2,1,1,1
SF,IC2003,2020-01-03 13:09:16.900,5335.2000,53353,0,7461796440.000,0,-,-,-,-,5335.0000,5334.2000,5333.8000,5333.0000,5332.6000,5336.2000,5336.4000,5337.0000,5337.2000,5340.0000,1,1,1,3,1,2,1,1,1,2
SF,IC2003,2020-01-03 13:09:17.400,5335.0000,53353,0,7462863440.000,1,0,1,空换,B,5334.2000,5333.8000,5333.0000,5332.6000,5332.4000,5336.2000,5336.4000,5337.0000,5337.2000,5340.0000,1,1,3,1,2,2,1,1,1,2
SF,IC2003,2020-01-03 13:09:17.900,5335.2000,53353,0,7463930480.000,1,0,1,空换,B,5335.4000,5334.8000,5334.6000,5334.4000,5334.2000,5336.2000,5336.4000,5337.0000,5337.2000,5340.0000,2,1,2,2,1,2,1,1,1,2
SF,IC2003,2020-01-03 13:09:18.400,5335.2000,53353,0,7463930480.000,0,-,-,-,-,5334.8000,5334.6000,5334.4000,5334.2000,5333.8000,5336.2000,5337.0000,5337.2000,5340.0000,5341.8000,1,1,1,1,1,2,1,1,2,5
SF,IC2003,2020-01-03 13:09:18.900,5336.2000,53351,-2,7466064960.000,2,0,2,双平,B,5336.2000,5335.2000,5335.0000,5334.8000,5334.6000,5337.2000,5340.0000,5342.6000,5342.8000,5343.8000,2,3,1,1,1,1,2,1,1,2
SF,IC2003,2020-01-03 13:09:19.400,5336.2000,53350,-1,7467132200.000,1,0,1,双平,B,5336.4000,5335.2000,5334.8000,5334.6000,5334.2000,5337.2000,5340.0000,5341.8000,5342.6000,5342.8000,1,2,1,1,1,1,2,1,1,1
SF,IC2003,2020-01-03 13:09:19.900,5336.2000,53350,0,7467132200.000,0,-,-,-,-,5335.2000,5334.8000,5334.6000,5334.2000,5333.0000,5337.2000,5340.0000,5341.8000,5342.6000,5342.8000,2,1,1,1,2,2,2,1,1,1
SF,IC2003,2020-01-03 13:09:20.400,5336.2000,53350,0,7467132200.000,0,-,-,-,-,5335.6000,5335.4000,5335.2000,5334.8000,5334.6000,5337.0000,5337.2000,5338.4000,5340.0000,5341.8000,1,2,2,1,1,2,1,1,2,1
SF,IC2003,2020-01-03 13:09:20.900,5336.2000,53350,0,7467132200.000,0,-,-,-,-,5335.6000,5335.2000,5334.8000,5334.6000,5334.2000,5337.0000,5337.2000,5338.4000,5340.0000,5341.8000,1,2,1,1,1,2,1,1,2,1
SF,IC2003,2020-01-03 13:09:21.400,5336.2000,53350,0,7467132200.000,0,-,-,-,-,5335.6000,5335.2000,5334.8000,5334.6000,5334.2000,5336.8000,5337.0000,5337.2000,5340.0000,5341.8000,1,2,1,1,1,1,1,1,2,1
SF,IC2003,2020-01-03 13:09:21.900,5336.2000,53350,0,7467132200.000,0,-,-,-,-,5335.6000,5335.2000,5334.8000,5334.6000,5334.2000,5336.6000,5336.8000,5337.2000,5340.0000,5341.8000,1,2,1,1,1,2,1,1,2,1
SF,IC2003,2020-01-03 13:09:22.400,5336.2000,53350,0,7467132200.000,0,-,-,-,-,5335.6000,5335.2000,5334.8000,5334.6000,5334.2000,5336.6000,5336.8000,5337.2000,5340.0000,5341.8000,1,1,1,1,1,2,1,1,2,1
SF,IC2003,2020-01-03 13:09:22.900,5335.6000,53351,1,7468199320.000,1,1,0,双开,B,5335.2000,5334.8000,5334.6000,5334.2000,5333.0000,5336.2000,5336.6000,5336.8000,5337.2000,5340.0000,1,1,1,1,3,1,2,1,1,2
SF,IC2003,2020-01-03 13:09:23.400,5335.6000,53351,0,7468199320.000,0,-,-,-,-,5334.8000,5334.6000,5334.2000,5333.0000,5332.6000,5336.2000,5336.6000,5336.8000,5337.2000,5340.0000,1,1,1,3,1,1,2,1,1,2
SF,IC2003,2020-01-03 13:09:23.900,5335.6000,53351,0,7468199320.000,0,-,-,-,-,5335.0000,5334.8000,5334.6000,5334.2000,5333.0000,5336.0000,5336.2000,5336.8000,5337.2000,5340.0000,2,1,1,1,3,1,1,1,1,2
SF,IC2003,2020-01-03 13:09:24.400,5336.0000,53351,0,7469266520.000,1,0,1,空换,B,5335.0000,5334.8000,5334.6000,5334.2000,5333.0000,5336.2000,5337.2000,5340.0000,5341.8000,5342.6000,2,1,1,1,3,1,1,2,1,1
SF,IC2003,2020-01-03 13:09:24.900,5336.0000,53351,0,7469266520.000,0,-,-,-,-,5335.0000,5334.6000,5334.2000,5333.0000,5332.6000,5336.0000,5336.2000,5337.2000,5340.0000,5341.8000,2,2,1,3,1,2,2,1,2,1
SF,IC2003,2020-01-03 13:09:25.400,5336.0000,53351,0,7469266520.000,0,-,-,-,-,5335.0000,5334.6000,5334.2000,5333.0000,5332.6000,5335.8000,5336.2000,5337.2000,5340.0000,5341.8000,2,2,1,3,1,1,1,1,2,1
SF,IC2003,2020-01-03 13:09:25.900,5335.8000,53351,0,7470333680.000,1,0,1,空换,B,5335.0000,5334.6000,5334.2000,5333.0000,5332.6000,5336.2000,5337.2000,5340.0000,5341.8000,5342.6000,2,2,1,3,1,1,1,2,1,1
SF,IC2003,2020-01-03 13:09:26.400,5335.8000,53351,0,7470333680.000,0,-,-,-,-,5335.0000,5334.6000,5334.2000,5333.0000,5332.6000,5336.2000,5340.0000,5341.8000,5342.6000,5342.8000,2,2,1,3,1,1,2,1,1,1
SF,IC2003,2020-01-03 13:09:26.900,5335.8000,53351,0,7470333680.000,0,-,-,-,-,5335.0000,5334.6000,5334.2000,5333.0000,5332.6000,5336.2000,5340.0000,5341.8000,5342.6000,5342.8000,2,2,1,3,1,2,2,1,1,1
SF,IC2003,2020-01-03 13:09:27.400,5335.8000,53351,0,7470333680.000,0,-,-,-,-,5335.0000,5334.6000,5334.2000,5333.0000,5332.6000,5336.0000,5336.2000,5340.0000,5341.8000,5342.6000,4,2,1,3,1,2,2,2,1,1
SF,IC2003,2020-01-03 13:09:28.900,5335.8000,53351,0,7470333680.000,0,-,-,-,-,5335.0000,5334.6000,5334.2000,5333.0000,5332.6000,5336.0000,5336.2000,5337.0000,5340.0000,5341.8000,4,2,1,3,1,2,2,1,2,1
SF,IC2003,2020-01-03 13:09:29.900,5335.8000,53351,0,7470333680.000,0,-,-,-,-,5335.0000,5334.6000,5334.2000,5333.0000,5332.6000,5336.0000,5336.2000,5337.0000,5340.0000,5341.8000,4,2,1,3,1,2,1,1,2,1
SF,IC2003,2020-01-03 13:09:31.900,5335.8000,53351,0,7470333680.000,0,-,-,-,-,5335.0000,5334.6000,5334.2000,5333.0000,5332.6000,5335.8000,5336.0000,5336.2000,5337.0000,5340.0000,4,2,1,3,1,1,2,1,1,2
SF,IC2003,2020-01-03 13:09:32.900,5335.8000,53351,0,7470333680.000,0,-,-,-,-,5335.0000,5334.6000,5334.2000,5333.0000,5332.6000,5335.8000,5336.0000,5336.2000,5337.0000,5340.0000,4,2,1,3,1,1,2,1,1,2
SF,IC2003,2020-01-03 13:09:33.900,5336.0000,53351,0,7472468040.000,2,1,1,空换,B,5335.0000,5334.6000,5334.2000,5333.0000,5332.6000,5336.0000,5336.2000,5337.0000,5340.0000,5341.8000,4,2,1,3,1,1,1,1,2,1
SF,IC2003,2020-01-03 13:09:34.400,5336.0000,53350,-1,7473535240.000,1,0,1,双平,B,5335.0000,5334.6000,5334.2000,5333.0000,5332.6000,5336.2000,5337.0000,5340.0000,5341.8000,5342.6000,4,2,1,3,1,1,1,2,1,1
SF,IC2003,2020-01-03 13:09:34.900,5336.2000,53350,0,7474602480.000,1,0,1,空换,B,5335.8000,5335.4000,5335.2000,5335.0000,5334.6000,5337.0000,5340.0000,5341.8000,5342.6000,5342.8000,1,1,1,4,2,1,2,1,1,1
SF,IC2003,2020-01-03 13:09:35.400,5336.2000,53350,0,7474602480.000,0,-,-,-,-,5336.0000,5335.8000,5335.4000,5335.2000,5335.0000,5337.0000,5340.0000,5341.8000,5342.6000,5342.8000,2,1,1,1,2,1,2,1,1,1
SF,IC2003,2020-01-03 13:09:35.900,5337.0000,53349,-1,7475669880.000,1,0,1,双平,B,5336.0000,5335.8000,5335.4000,5335.2000,5335.0000,5340.0000,5341.8000,5342.6000,5342.8000,5343.8000,2,1,1,1,2,2,1,1,1,2
SF,IC2003,2020-01-03 13:09:36.400,5337.0000,53349,0,7475669880.000,0,-,-,-,-,5336.2000,5336.0000,5335.8000,5335.4000,5335.2000,5338.0000,5339.2000,5339.4000,5339.6000,5339.8000,4,2,1,1,1,1,2,1,2,7
SF,IC2003,2020-01-03 13:09:36.900,5337.0000,53349,0,7475669880.000,0,-,-,-,-,5336.4000,5335.4000,5335.2000,5335.0000,5334.6000,5338.0000,5339.2000,5339.4000,5339.6000,5339.8000,3,1,1,2,2,1,2,1,2,7
SF,IC2003,2020-01-03 13:09:37.400,5337.0000,53349,0,7475669880.000,0,-,-,-,-,5336.6000,5336.4000,5335.4000,5335.2000,5335.0000,5338.0000,5339.2000,5339.4000,5339.6000,5339.8000,1,2,1,1,2,1,2,1,2,7
SF,IC2003,2020-01-03 13:09:37.900,5337.0000,53349,0,7475669880.000,0,-,-,-,-,5336.8000,5336.6000,5335.4000,5335.2000,5335.0000,5337.8000,5338.0000,5339.2000,5339.4000,5339.6000,2,1,1,1,3,1,1,2,1,2
SF,IC2003,2020-01-03 13:09:38.400,5337.0000,53349,0,7475669880.000,0,-,-,-,-,5336.8000,5336.6000,5335.4000,5335.2000,5335.0000,5337.8000,5339.0000,5339.2000,5339.6000,5339.8000,2,1,1,1,3,1,1,1,1,4
SF,IC2003,2020-01-03 13:09:38.900,5337.6000,53350,1,7476737400.000,1,1,0,双开,B,5336.8000,5336.6000,5335.4000,5335.2000,5335.0000,5337.8000,5339.0000,5339.2000,5339.6000,5339.8000,2,1,1,1,3,1,1,1,1,4
SF,IC2003,2020-01-03 13:09:39.400,5337.0000,53349,-1,7477804800.000,1,0,1,双平,B,5336.8000,5336.6000,5335.2000,5335.0000,5334.6000,5337.8000,5339.0000,5339.2000,5339.6000,5339.8000,2,1,1,3,1,1,1,1,1,4
SF,IC2003,2020-01-03 13:09:39.900,5337.0000,53349,0,7477804800.000,0,-,-,-,-,5336.8000,5335.2000,5335.0000,5334.6000,5334.2000,5337.8000,5339.0000,5339.2000,5339.6000,5339.8000,2,1,3,1,1,1,1,1,1,4
SF,IC2003,2020-01-03 13:09:41.400,5337.0000,53349,0,7477804800.000,0,-,-,-,-,5336.8000,5336.6000,5335.2000,5335.0000,5334.6000,5337.8000,5339.0000,5339.2000,5339.6000,5339.8000,2,1,1,3,1,1,1,1,1,4
SF,IC2003,2020-01-03 13:09:42.900,5336.8000,53349,0,7478872160.000,1,0,1,空换,B,5336.8000,5336.6000,5335.2000,5335.0000,5334.6000,5337.8000,5339.0000,5339.2000,5339.6000,5339.8000,1,1,1,3,1,1,1,1,1,4
SF,IC2003,2020-01-03 13:09:43.400,5336.8000,53349,0,7478872160.000,0,-,-,-,-,5336.6000,5335.2000,5335.0000,5334.6000,5334.2000,5337.8000,5339.0000,5339.2000,5339.6000,5339.8000,1,1,3,1,1,1,1,1,1,4
SF,IC2003,2020-01-03 13:09:43.900,5336.8000,53349,0,7478872160.000,0,-,-,-,-,5336.6000,5335.2000,5335.0000,5334.6000,5334.2000,5337.6000,5337.8000,5339.0000,5339.2000,5339.6000,1,1,3,1,1,2,2,1,1,1
SF,IC2003,2020-01-03 13:09:44.900,5337.6000,53348,-1,7479939680.000,1,0,1,双平,B,5336.6000,5335.2000,5335.0000,5334.6000,5334.2000,5337.6000,5337.8000,5339.0000,5339.2000,5339.6000,1,1,3,1,1,1,2,2,1,1
SF,IC2003,2020-01-03 13:09:45.400,5337.6000,53348,0,7479939680.000,0,-,-,-,-,5336.6000,5335.2000,5335.0000,5334.6000,5334.2000,5337.0000,5337.6000,5337.8000,5339.0000,5339.2000,1,1,3,1,1,1,1,2,2,1
SF,IC2003,2020-01-03 13:09:45.900,5337.6000,53348,0,7479939680.000,0,-,-,-,-,5336.6000,5335.2000,5335.0000,5334.6000,5334.2000,5337.0000,5337.6000,5337.8000,5339.0000,5339.2000,1,1,3,1,1,1,1,1,2,1
SF,IC2003,2020-01-03 13:09:47.400,5337.6000,53348,0,7479939680.000,0,-,-,-,-,5336.6000,5335.2000,5335.0000,5334.6000,5334.2000,5337.0000,5337.6000,5339.0000,5339.2000,5339.6000,1,1,3,1,1,1,1,2,1,1
SF,IC2003,2020-01-03 13:09:47.900,5337.6000,53348,0,7479939680.000,0,-,-,-,-,5336.6000,5335.2000,5335.0000,5334.6000,5334.2000,5337.0000,5337.6000,5339.0000,5339.2000,5339.6000,2,1,3,1,1,1,1,2,1,1
SF,IC2003,2020-01-03 13:09:49.900,5337.6000,53348,0,7479939680.000,0,-,-,-,-,5336.6000,5335.2000,5335.0000,5334.6000,5334.2000,5337.0000,5337.6000,5339.0000,5339.2000,5339.6000,2,1,3,1,1,1,1,2,1,1
SF,IC2003,2020-01-03 13:09:51.900,5337.0000,53347,-1,7481007080.000,1,0,1,双平,B,5337.0000,5336.6000,5335.4000,5335.2000,5335.0000,5337.6000,5339.0000,5339.2000,5339.6000,5339.8000,1,2,1,1,3,1,2,1,1,2
SF,IC2003,2020-01-03 13:09:52.400,5337.0000,53347,0,7481007080.000,0,-,-,-,-,5337.0000,5336.6000,5335.4000,5335.2000,5335.0000,5337.4000,5339.0000,5339.2000,5339.6000,5339.8000,2,2,1,1,3,1,2,1,1,1
SF,IC2003,2020-01-03 13:09:52.900,5337.0000,53347,0,7481007080.000,0,-,-,-,-,5337.0000,5336.6000,5335.4000,5335.2000,5335.0000,5338.8000,5339.0000,5339.2000,5339.6000,5339.8000,2,2,1,1,3,1,2,1,1,1
SF,IC2003,2020-01-03 13:09:53.400,5337.0000,53347,0,7481007080.000,0,-,-,-,-,5337.2000,5337.0000,5336.6000,5335.4000,5335.2000,5338.0000,5338.4000,5338.8000,5339.0000,5339.2000,1,12,2,1,1,1,2,1,2,1
SF,IC2003,2020-01-03 13:09:53.900,5337.0000,53347,0,7481007080.000,0,-,-,-,-,5337.2000,5337.0000,5336.6000,5335.4000,5335.2000,5337.8000,5338.0000,5339.0000,5339.2000,5339.6000,1,12,2,1,1,1,1,1,1,1
SF,IC2003,2020-01-03 13:09:54.900,5337.0000,53347,0,7481007080.000,0,-,-,-,-,5337.2000,5337.0000,5336.6000,5335.4000,5335.2000,5337.8000,5339.0000,5339.2000,5339.6000,5339.8000,1,12,2,1,1,1,1,1,1,1
SF,IC2003,2020-01-03 13:09:55.400,5337.0000,53347,0,7481007080.000,0,-,-,-,-,5337.2000,5337.0000,5336.6000,5335.4000,5335.2000,5338.8000,5339.0000,5339.2000,5339.6000,5339.8000,1,12,2,1,1,1,1,1,1,1
SF,IC2003,2020-01-03 13:09:55.900,5337.0000,53347,0,7481007080.000,0,-,-,-,-,5337.2000,5337.0000,5336.6000,5335.4000,5335.2000,5338.4000,5338.6000,5338.8000,5339.0000,5339.2000,1,12,2,1,1,1,2,1,1,1
SF,IC2003,2020-01-03 13:09:56.400,5337.0000,53347,0,7481007080.000,0,-,-,-,-,5337.2000,5337.0000,5336.6000,5335.4000,5335.2000,5338.2000,5338.4000,5339.0000,5339.2000,5339.4000,1,12,2,1,1,4,1,1,1,1
SF,IC2003,2020-01-03 13:09:56.900,5337.0000,53347,0,7481007080.000,0,-,-,-,-,5337.0000,5336.6000,5335.4000,5335.2000,5335.0000,5338.2000,5338.4000,5339.0000,5339.2000,5339.4000,12,2,1,1,3,4,1,1,1,1
SF,IC2003,2020-01-03 13:09:57.400,5337.0000,53347,0,7481007080.000,0,-,-,-,-,5337.0000,5336.6000,5335.4000,5335.2000,5335.0000,5338.0000,5338.2000,5338.4000,5339.0000,5339.2000,12,2,1,1,3,1,4,1,1,1
SF,IC2003,2020-01-03 13:09:57.900,5337.0000,53346,-1,7482074480.000,1,0,1,双平,B,5337.0000,5336.6000,5335.4000,5335.2000,5335.0000,5337.8000,5338.0000,5338.2000,5338.4000,5339.0000,11,2,1,1,3,3,1,2,1,1
SF,IC2003,2020-01-03 13:09:58.400,5337.0000,53348,2,7490613680.000,8,5,3,多开,B,5337.0000,5336.6000,5335.4000,5335.2000,5335.0000,5337.6000,5337.8000,5338.0000,5338.2000,5339.0000,3,2,1,1,3,3,4,1,1,1
SF,IC2003,2020-01-03 13:09:58.900,5336.6000,53350,2,7495950520.000,5,3,2,多开,B,5335.4000,5335.2000,5335.0000,5334.6000,5334.2000,5336.8000,5337.0000,5337.4000,5337.6000,5337.8000,1,1,3,1,1,3,2,4,2,2
SF,IC2003,2020-01-03 13:09:59.400,5336.6000,53350,0,7495950520.000,0,-,-,-,-,5335.4000,5335.2000,5335.0000,5334.6000,5334.2000,5336.4000,5336.6000,5337.6000,5337.8000,5338.0000,1,1,3,1,1,1,3,1,2,2
SF,IC2003,2020-01-03 13:09:59.900,5336.4000,53349,-1,7497017800.000,1,0,1,双平,B,5335.4000,5335.2000,5335.0000,5334.6000,5333.0000,5336.6000,5337.6000,5337.8000,5338.0000,5338.2000,1,1,3,1,4,3,1,2,2,1
SF,IC2003,2020-01-03 13:10:00.400,5336.4000,53349,0,7497017800.000,0,-,-,-,-,5335.6000,5335.4000,5335.2000,5335.0000,5334.6000,5336.0000,5336.2000,5336.4000,5337.6000,5337.8000,2,1,1,3,1,1,2,3,1,2
SF,IC2003,2020-01-03 13:10:00.900,5336.2000,53348,-1,7500219480.000,3,1,2,空平,B,5336.2000,5335.6000,5335.4000,5335.2000,5335.0000,5337.8000,5338.0000,5339.0000,5339.2000,5339.6000,1,2,1,1,3,2,2,1,1,1
SF,IC2003,2020-01-03 13:10:01.400,5336.2000,53348,0,7500219480.000,0,-,-,-,-,5336.4000,5336.2000,5335.4000,5335.2000,5335.0000,5337.4000,5337.6000,5337.8000,5338.0000,5339.0000,2,1,1,1,3,1,2,2,2,1
SF,IC2003,2020-01-03 13:10:01.900,5335.4000,53348,0,7501286560.000,1,0,1,空换,B,5335.2000,5335.0000,5334.6000,5333.0000,5332.6000,5337.2000,5337.4000,5337.6000,5337.8000,5338.0000,1,3,1,4,1,6,1,1,2,2
SF,IC2003,2020-01-03 13:10:02.400,5335.4000,53348,0,7501286560.000,0,-,-,-,-,5335.4000,5335.2000,5335.0000,5334.6000,5333.0000,5336.8000,5337.0000,5337.2000,5337.6000,5337.8000,2,2,3,1,4,1,2,3,1,2
SF,IC2003,2020-01-03 13:10:02.900,5335.4000,53348,0,7501286560.000,0,-,-,-,-,5335.6000,5335.4000,5335.2000,5335.0000,5334.6000,5337.2000,5337.6000,5337.8000,5338.0000,5339.0000,1,2,1,3,1,2,1,2,2,1
SF,IC2003,2020-01-03 13:10:03.400,5335.4000,53348,0,7501286560.000,0,-,-,-,-,5335.8000,5335.2000,5335.0000,5334.6000,5333.0000,5337.0000,5337.2000,5337.4000,5337.6000,5337.8000,2,1,3,1,4,1,2,1,1,2
SF,IC2003,2020-01-03 13:10:03.900,5335.4000,53348,0,7501286560.000,0,-,-,-,-,5335.8000,5335.2000,5335.0000,5334.6000,5333.0000,5336.8000,5337.0000,5337.4000,5337.6000,5337.8000,2,1,2,1,4,2,1,1,1,2
SF,IC2003,2020-01-03 13:10:04.400,5335.4000,53348,0,7501286560.000,0,-,-,-,-,5335.8000,5335.2000,5335.0000,5334.6000,5333.0000,5336.8000,5337.4000,5337.6000,5337.8000,5338.0000,2,1,2,1,4,2,1,1,2,2
SF,IC2003,2020-01-03 13:10:04.900,5335.4000,53348,0,7501286560.000,0,-,-,-,-,5335.2000,5335.0000,5334.6000,5333.0000,5332.6000,5335.4000,5336.8000,5337.4000,5337.6000,5337.8000,1,2,1,4,1,1,2,1,1,2
SF,IC2003,2020-01-03 13:10:05.400,5335.4000,53348,0,7502353640.000,1,0,1,空换,B,5335.2000,5335.0000,5334.6000,5333.0000,5332.6000,5336.8000,5337.4000,5337.6000,5337.8000,5338.0000,1,2,1,4,1,2,1,1,2,2
SF,IC2003,2020-01-03 13:10:05.900,5335.4000,53348,0,7502353640.000,0,-,-,-,-,5335.4000,5335.0000,5334.6000,5333.0000,5332.6000,5336.8000,5337.4000,5337.6000,5337.8000,5338.0000,2,2,1,4,1,2,1,1,1,2
SF,IC2003,2020-01-03 13:10:06.400,5335.4000,53348,0,7502353640.000,0,-,-,-,-,5335.4000,5335.0000,5334.6000,5333.0000,5332.6000,5336.6000,5336.8000,5337.4000,5337.6000,5337.8000,2,2,1,4,1,1,2,1,1,1
SF,IC2003,2020-01-03 13:10:06.900,5335.4000,53348,0,7502353640.000,0,-,-,-,-,5335.4000,5335.0000,5334.6000,5333.0000,5332.6000,5336.6000,5337.4000,5337.8000,5338.0000,5339.0000,2,2,1,4,1,1,1,1,2,1
SF,IC2003,2020-01-03 13:10:07.400,5335.4000,53348,0,7502353640.000,0,-,-,-,-,5335.4000,5335.0000,5334.6000,5333.0000,5332.6000,5336.4000,5336.6000,5337.4000,5337.8000,5338.0000,2,2,1,4,1,4,1,1,1,2
SF,IC2003,2020-01-03 13:10:08.400,5335.4000,53348,0,7502353640.000,0,-,-,-,-,5335.4000,5335.0000,5334.6000,5333.0000,5332.6000,5336.4000,5336.6000,5337.4000,5338.0000,5339.0000,2,9,1,4,1,4,1,1,2,1
SF,IC2003,2020-01-03 13:10:08.900,5335.4000,53346,-2,7504487800.000,2,0,2,双平,B,5335.0000,5334.6000,5333.0000,5332.6000,5332.4000,5335.4000,5336.4000,5336.6000,5337.4000,5338.0000,9,1,4,1,2,1,4,1,1,2
SF,IC2003,2020-01-03 13:10:09.400,5335.4000,53345,-1,7505554880.000,1,0,1,双平,B,5335.4000,5335.0000,5334.6000,5333.0000,5332.6000,5336.4000,5337.4000,5338.0000,5339.0000,5339.2000,7,9,1,4,1,4,1,2,1,1
SF,IC2003,2020-01-03 13:10:09.900,5336.0000,53344,-1,7506622080.000,1,0,1,双平,B,5335.4000,5335.0000,5334.6000,5333.0000,5332.6000,5336.0000,5336.4000,5337.4000,5338.0000,5339.0000,7,9,1,3,1,3,4,1,2,1
SF,IC2003,2020-01-03 13:10:10.400,5336.0000,53344,0,7506622080.000,0,-,-,-,-,5335.4000,5335.0000,5334.6000,5333.0000,5332.6000,5335.8000,5336.0000,5336.4000,5337.4000,5338.0000,6,9,1,3,1,1,3,4,1,2
SF,IC2003,2020-01-03 13:10:10.900,5335.8000,53344,0,7507689240.000,1,0,1,空换,B,5335.4000,5335.0000,5334.6000,5333.0000,5332.6000,5336.0000,5336.4000,5337.4000,5338.0000,5339.0000,2,9,1,3,1,3,4,1,2,1
SF,IC2003,2020-01-03 13:10:13.400,5335.8000,53344,0,7507689240.000,0,-,-,-,-,5335.4000,5335.0000,5334.6000,5333.0000,5332.6000,5336.0000,5336.4000,5337.4000,5338.0000,5339.0000,2,9,1,3,1,3,4,1,2,2
SF,IC2003,2020-01-03 13:10:14.400,5335.8000,53344,0,7507689240.000,0,-,-,-,-,5335.4000,5335.0000,5334.6000,5333.0000,5332.6000,5336.0000,5336.4000,5337.4000,5338.0000,5339.0000,2,9,1,3,1,3,4,1,2,2
SF,IC2003,2020-01-03 13:10:14.900,5335.8000,53344,0,7507689240.000,0,-,-,-,-,5335.0000,5334.6000,5333.0000,5332.6000,5332.4000,5336.0000,5336.4000,5337.4000,5338.0000,5339.0000,9,1,3,1,2,3,4,1,2,2
SF,IC2003,2020-01-03 13:10:15.400,5335.8000,53344,0,7507689240.000,0,-,-,-,-,5335.2000,5335.0000,5334.6000,5333.0000,5332.6000,5336.0000,5336.4000,5337.4000,5338.0000,5339.0000,2,9,1,3,1,3,4,1,2,2
SF,IC2003,2020-01-03 13:10:16.400,5336.0000,53343,-1,7508756440.000,1,0,1,双平,B,5335.2000,5335.0000,5334.6000,5333.0000,5332.6000,5335.8000,5336.0000,5336.4000,5337.4000,5338.0000,2,9,1,3,1,1,2,3,1,2
SF,IC2003,2020-01-03 13:10:20.900,5335.8000,53342,-1,7509823600.000,1,0,1,双平,B,5335.8000,5335.2000,5335.0000,5334.6000,5333.0000,5336.0000,5336.4000,5337.4000,5338.0000,5339.0000,1,2,9,1,3,2,2,1,2,2
SF,IC2003,2020-01-03 13:10:21.400,5336.0000,53341,-1,7513025200.000,3,1,2,空平,B,5336.2000,5336.0000,5335.0000,5334.6000,5333.0000,5337.4000,5339.0000,5339.2000,5340.0000,5341.6000,1,4,9,1,3,1,2,1,2,1
SF,IC2003,2020-01-03 13:10:21.900,5336.0000,53341,0,7513025200.000,0,-,-,-,-,5336.0000,5335.0000,5334.6000,5333.0000,5332.6000,5337.2000,5337.4000,5339.0000,5339.2000,5340.0000,4,9,1,3,1,3,1,2,1,2
SF,IC2003,2020-01-03 13:10:22.400,5336.0000,53340,-1,7514092400.000,1,0,1,双平,B,5336.0000,5335.4000,5335.0000,5334.6000,5333.0000,5336.2000,5337.2000,5337.4000,5339.0000,5339.2000,3,1,9,1,3,1,3,1,2,1
SF,IC2003,2020-01-03 13:10:22.900,5336.2000,53339,-1,7515159640.000,1,0,1,双平,B,5336.0000,5335.4000,5335.0000,5334.6000,5333.0000,5337.2000,5337.4000,5339.0000,5339.2000,5340.0000,2,1,9,1,3,3,1,2,1,2
SF,IC2003,2020-01-03 13:10:24.400,5336.2000,53339,0,7515159640.000,0,-,-,-,-,5336.0000,5335.4000,5335.0000,5334.6000,5333.0000,5337.0000,5337.2000,5337.4000,5339.0000,5339.2000,2,1,9,1,3,1,3,1,2,1
SF,IC2003,2020-01-03 13:10:24.900,5336.2000,53339,0,7515159640.000,0,-,-,-,-,5336.0000,5335.4000,5335.0000,5334.6000,5333.0000,5336.8000,5337.0000,5337.2000,5337.4000,5339.0000,2,1,9,1,3,1,1,2,1,2
SF,IC2003,2020-01-03 13:10:25.400,5336.2000,53339,0,7515159640.000,0,-,-,-,-,5336.0000,5335.4000,5335.0000,5334.6000,5333.0000,5336.8000,5337.2000,5337.4000,5339.0000,5339.2000,2,1,9,1,3,1,2,1,2,1
SF,IC2003,2020-01-03 13:10:25.900,5336.2000,53339,0,7515159640.000,0,-,-,-,-,5336.0000,5335.4000,5335.0000,5334.6000,5333.0000,5337.0000,5337.2000,5337.4000,5339.0000,5339.2000,2,1,9,1,3,1,2,1,2,1
SF,IC2003,2020-01-03 13:10:26.400,5336.2000,53339,0,7515159640.000,0,-,-,-,-,5335.4000,5335.0000,5334.6000,5333.0000,5332.6000,5337.0000,5337.2000,5337.4000,5339.0000,5339.2000,1,9,1,3,1,1,2,1,2,1
SF,IC2003,2020-01-03 13:10:26.900,5336.2000,53339,0,7515159640.000,0,-,-,-,-,5335.6000,5335.4000,5335.0000,5334.6000,5333.0000,5336.2000,5336.8000,5337.0000,5337.4000,5339.0000,2,1,9,1,3,3,2,1,1,2
SF,IC2003,2020-01-03 13:10:27.400,5336.2000,53339,0,7515159640.000,0,-,-,-,-,5335.6000,5335.4000,5335.0000,5334.6000,5333.0000,5336.2000,5336.8000,5337.4000,5339.0000,5339.2000,2,1,9,1,3,3,2,1,2,1
SF,IC2003,2020-01-03 13:10:27.900,5336.2000,53339,0,7515159640.000,0,-,-,-,-,5335.6000,5335.4000,5335.0000,5334.6000,5333.0000,5336.2000,5336.8000,5337.4000,5339.0000,5339.2000,2,1,9,1,3,3,2,1,2,1
SF,IC2003,2020-01-03 13:10:29.900,5336.2000,53339,0,7515159640.000,0,-,-,-,-,5335.6000,5335.4000,5335.0000,5334.6000,5333.0000,5336.2000,5336.8000,5337.4000,5339.0000,5339.2000,2,1,9,1,3,3,3,1,2,1
SF,IC2003,2020-01-03 13:10:32.900,5336.2000,53337,-2,7517294120.000,2,0,2,双平,B,5335.6000,5335.4000,5335.0000,5334.6000,5333.0000,5336.2000,5336.8000,5337.4000,5339.0000,5339.2000,2,1,9,1,3,1,3,1,2,1
SF,IC2003,2020-01-03 13:10:33.400,5336.2000,53336,-1,7518361360.000,1,0,1,双平,B,5336.4000,5336.2000,5336.0000,5335.4000,5335.0000,5336.8000,5337.4000,5339.0000,5339.2000,5340.0000,2,2,1,1,9,1,1,2,1,2
SF,IC2003,2020-01-03 13:10:33.900,5336.8000,53337,1,7519428720.000,1,1,0,双开,B,5336.6000,5336.2000,5336.0000,5335.4000,5335.0000,5336.8000,5337.4000,5339.0000,5339.2000,5340.0000,1,1,1,1,9,1,1,2,1,2
SF,IC2003,2020-01-03 13:10:34.400,5336.8000,53337,0,7520496080.000,1,0,1,空换,B,5337.0000,5336.8000,5336.0000,5335.4000,5335.0000,5337.2000,5337.4000,5339.0000,5339.2000,5340.0000,1,3,1,1,9,1,1,2,1,2
SF,IC2003,2020-01-03 13:10:34.900,5337.4000,53338,1,7522631000.000,2,1,1,多开,B,5337.2000,5336.0000,5335.4000,5335.0000,5334.6000,5339.0000,5339.2000,5340.0000,5341.6000,5341.8000,1,1,1,9,1,2,1,2,1,1
SF,IC2003,2020-01-03 13:10:35.400,5337.4000,53338,0,7522631000.000,0,-,-,-,-,5337.4000,5337.2000,5336.0000,5335.4000,5335.0000,5338.6000,5338.8000,5339.0000,5340.0000,5341.6000,2,2,1,1,9,3,2,2,2,1
SF,IC2003,2020-01-03 13:10:35.900,5337.4000,53338,0,7522631000.000,0,-,-,-,-,5337.2000,5336.0000,5335.4000,5335.0000,5334.6000,5338.4000,5338.6000,5339.0000,5340.0000,5341.6000,2,1,1,9,1,2,1,2,2,1
SF,IC2003,2020-01-03 13:10:37.900,5337.4000,53338,0,7522631000.000,0,-,-,-,-,5337.4000,5337.2000,5336.0000,5335.4000,5335.0000,5338.4000,5338.6000,5339.0000,5340.0000,5341.6000,1,2,1,1,9,2,1,2,2,1
SF,IC2003,2020-01-03 13:10:38.400,5337.4000,53338,0,7522631000.000,0,-,-,-,-,5337.4000,5337.2000,5336.0000,5335.4000,5335.0000,5338.4000,5338.6000,5339.0000,5340.0000,5341.6000,1,1,1,1,9,2,1,2,2,1
SF,IC2003,2020-01-03 13:10:39.900,5337.4000,53337,-1,7523698480.000,1,0,1,双平,B,5337.2000,5336.0000,5335.4000,5335.0000,5334.6000,5338.4000,5338.6000,5339.0000,5340.0000,5341.6000,1,1,1,9,1,2,1,2,2,1
SF,IC2003,2020-01-03 13:10:40.400,5337.4000,53337,0,7523698480.000,0,-,-,-,-,5336.0000,5335.4000,5335.0000,5334.6000,5333.0000,5338.4000,5338.6000,5339.0000,5340.0000,5341.6000,1,1,9,1,3,2,1,2,2,1
SF,IC2003,2020-01-03 13:10:40.900,5337.4000,53337,0,7523698480.000,0,-,-,-,-,5336.4000,5336.2000,5336.0000,5335.4000,5335.0000,5338.0000,5338.2000,5338.4000,5338.6000,5339.0000,1,2,1,1,9,2,1,2,1,2
SF,IC2003,2020-01-03 13:10:41.400,5337.4000,53337,0,7523698480.000,0,-,-,-,-,5336.6000,5336.4000,5336.0000,5335.4000,5335.0000,5337.8000,5339.0000,5340.0000,5341.6000,5341.8000,2,1,1,1,9,1,2,2,1,1
SF,IC2003,2020-01-03 13:10:41.900,5337.4000,53337,0,7523698480.000,0,-,-,-,-,5336.6000,5336.4000,5336.0000,5335.4000,5335.0000,5337.6000,5337.8000,5339.0000,5340.0000,5341.6000,2,1,1,1,9,2,1,2,2,1
SF,IC2003,2020-01-03 13:10:42.900,5337.4000,53337,0,7523698480.000,0,-,-,-,-,5336.6000,5336.4000,5336.0000,5335.4000,5335.0000,5337.6000,5337.8000,5339.0000,5340.0000,5341.6000,2,1,1,1,9,2,2,2,2,1
SF,IC2003,2020-01-03 13:10:43.400,5337.4000,53337,0,7523698480.000,0,-,-,-,-,5336.4000,5336.0000,5335.4000,5335.0000,5334.6000,5337.6000,5337.8000,5339.0000,5340.0000,5341.6000,1,1,1,9,1,2,2,2,2,1
SF,IC2003,2020-01-03 13:10:44.400,5337.4000,53337,0,7523698480.000,0,-,-,-,-,5336.0000,5335.4000,5335.0000,5334.6000,5333.0000,5337.6000,5337.8000,5339.0000,5340.0000,5341.6000,1,1,9,1,3,2,1,2,2,1
SF,IC2003,2020-01-03 13:10:44.900,5337.4000,53337,0,7523698480.000,0,-,-,-,-,5335.4000,5335.0000,5334.6000,5333.0000,5332.6000,5337.4000,5337.6000,5337.8000,5339.0000,5340.0000,1,9,1,3,1,3,2,1,2,2
SF,IC2003,2020-01-03 13:10:45.400,5337.4000,53337,0,7523698480.000,0,-,-,-,-,5335.6000,5335.4000,5335.0000,5334.6000,5333.0000,5337.0000,5337.2000,5337.4000,5337.8000,5339.0000,2,1,9,1,3,1,4,3,1,2
SF,IC2003,2020-01-03 13:10:45.900,5337.4000,53337,0,7523698480.000,0,-,-,-,-,5335.6000,5335.4000,5335.0000,5334.6000,5333.0000,5336.6000,5336.8000,5337.0000,5337.2000,5337.4000,2,1,9,1,3,1,4,1,1,2
SF,IC2003,2020-01-03 13:10:46.400,5337.4000,53337,0,7523698480.000,0,-,-,-,-,5335.6000,5335.4000,5335.0000,5334.6000,5333.0000,5336.6000,5336.8000,5337.0000,5337.2000,5337.4000,2,1,9,1,3,1,4,1,1,2
SF,IC2003,2020-01-03 13:10:46.900,5337.4000,53337,0,7523698480.000,0,-,-,-,-,5335.6000,5335.4000,5335.0000,5334.6000,5333.0000,5336.6000,5336.8000,5337.0000,5337.4000,5339.0000,2,1,9,1,3,1,3,1,2,2
SF,IC2003,2020-01-03 13:10:47.400,5337.4000,53337,0,7523698480.000,0,-,-,-,-,5335.6000,5335.4000,5335.0000,5334.6000,5333.0000,5336.6000,5336.8000,5337.0000,5337.4000,5339.0000,2,1,9,1,3,1,2,1,2,2
SF,IC2003,2020-01-03 13:10:47.900,5337.4000,53337,0,7523698480.000,0,-,-,-,-,5335.6000,5335.4000,5335.0000,5334.6000,5333.0000,5336.4000,5336.6000,5336.8000,5337.0000,5337.4000,2,1,9,1,3,1,1,2,1,1
SF,IC2003,2020-01-03 13:10:48.400,5337.4000,53337,0,7523698480.000,0,-,-,-,-,5335.6000,5335.4000,5335.0000,5334.6000,5333.0000,5336.2000,5336.4000,5336.6000,5336.8000,5337.0000,2,1,9,1,3,1,1,1,2,1
SF,IC2003,2020-01-03 13:10:48.900,5336.2000,53337,0,7524765720.000,1,0,1,空换,B,5335.4000,5335.0000,5334.6000,5333.0000,5332.6000,5336.4000,5336.6000,5336.8000,5337.0000,5337.4000,1,9,1,3,1,1,1,2,1,1
SF,IC2003,2020-01-03 13:10:49.900,5336.2000,53337,0,7524765720.000,0,-,-,-,-,5335.4000,5335.0000,5334.6000,5333.0000,5332.6000,5336.2000,5336.6000,5336.8000,5337.0000,5337.4000,1,9,1,3,1,1,1,2,1,1
SF,IC2003,2020-01-03 13:10:50.400,5336.2000,53337,0,7524765720.000,0,-,-,-,-,5335.4000,5335.0000,5334.6000,5333.0000,5332.6000,5336.0000,5336.2000,5336.8000,5337.0000,5337.4000,1,9,1,3,1,1,1,2,1,1
SF,IC2003,2020-01-03 13:10:51.400,5335.4000,53336,-1,7525832800.000,1,0,1,双平,B,5335.0000,5334.6000,5333.0000,5332.6000,5332.4000,5335.4000,5336.8000,5337.0000,5337.4000,5339.0000,9,1,3,1,2,3,2,1,1,2
SF,IC2003,2020-01-03 13:10:51.900,5335.0000,53337,1,7526899800.000,1,1,0,双开,B,5335.0000,5334.6000,5333.0000,5332.6000,5332.4000,5335.4000,5336.8000,5337.4000,5339.0000,5340.0000,8,1,3,1,2,3,2,1,2,3
SF,IC2003,2020-01-03 13:10:52.900,5335.0000,53337,0,7527966800.000,1,0,1,空换,B,5335.0000,5334.6000,5333.0000,5332.6000,5332.4000,5335.4000,5336.8000,5337.4000,5339.0000,5340.0000,7,1,3,1,2,3,2,1,2,3
SF,IC2003,2020-01-03 13:10:55.900,5335.0000,53338,1,7529033800.000,1,1,0,双开,B,5335.0000,5334.6000,5333.0000,5332.6000,5332.4000,5335.4000,5336.8000,5337.4000,5339.0000,5340.0000,6,1,3,1,2,3,2,1,2,3
SF,IC2003,2020-01-03 13:10:57.900,5335.4000,53335,-3,7532235040.000,3,0,3,双平,B,5335.0000,5334.6000,5333.0000,5332.6000,5332.4000,5336.8000,5337.4000,5339.0000,5340.0000,5341.6000,6,1,3,1,2,2,1,2,3,1
SF,IC2003,2020-01-03 13:10:58.400,5335.4000,53335,0,7532235040.000,0,-,-,-,-,5335.0000,5334.6000,5333.0000,5332.6000,5332.4000,5336.4000,5336.6000,5336.8000,5337.4000,5339.0000,6,1,3,1,2,3,2,2,1,2
SF,IC2003,2020-01-03 13:10:58.900,5335.4000,53335,0,7532235040.000,0,-,-,-,-,5335.2000,5335.0000,5334.6000,5333.0000,5332.6000,5336.2000,5336.4000,5336.6000,5337.4000,5339.0000,2,6,1,3,1,3,1,1,1,2
SF,IC2003,2020-01-03 13:11:00.400,5335.4000,53335,0,7532235040.000,0,-,-,-,-,5335.8000,5335.2000,5335.0000,5334.6000,5333.0000,5336.2000,5336.4000,5337.4000,5339.0000,5340.0000,1,2,6,1,3,3,1,1,2,3
SF,IC2003,2020-01-03 13:11:00.900,5335.4000,53335,0,7532235040.000,0,-,-,-,-,5335.8000,5335.2000,5335.0000,5334.6000,5333.0000,5336.2000,5337.4000,5339.0000,5340.0000,5341.0000,1,2,6,1,3,3,1,1,3,1
SF,IC2003,2020-01-03 13:11:01.400,5335.4000,53335,0,7532235040.000,0,-,-,-,-,5335.8000,5335.2000,5335.0000,5334.6000,5333.0000,5336.2000,5337.4000,5339.0000,5340.0000,5341.0000,1,2,6,1,3,1,1,1,3,1
SF,IC2003,2020-01-03 13:11:01.900,5336.2000,53335,0,7533302280.000,1,0,1,空换,B,5336.2000,5336.0000,5335.8000,5335.0000,5334.6000,5337.4000,5339.0000,5340.0000,5341.0000,5341.6000,1,2,1,6,1,1,1,3,1,1
SF,IC2003,2020-01-03 13:11:02.400,5336.2000,53335,0,7533302280.000,0,-,-,-,-,5336.4000,5336.2000,5335.8000,5335.0000,5334.6000,5337.2000,5339.0000,5340.0000,5341.0000,5341.6000,2,2,1,6,1,1,1,3,1,1
SF,IC2003,2020-01-03 13:11:02.900,5336.2000,53335,0,7533302280.000,0,-,-,-,-,5336.4000,5336.2000,5335.8000,5335.0000,5334.6000,5338.8000,5339.0000,5340.0000,5341.0000,5341.6000,2,2,1,6,1,1,1,3,1,1
SF,IC2003,2020-01-03 13:11:03.400,5336.2000,53335,0,7533302280.000,0,-,-,-,-,5336.8000,5336.6000,5336.4000,5336.2000,5335.8000,5338.4000,5338.6000,5338.8000,5339.0000,5340.0000,1,1,2,1,1,2,3,1,1,3
SF,IC2003,2020-01-03 13:11:03.900,5336.2000,53335,0,7533302280.000,0,-,-,-,-,5337.0000,5336.8000,5336.2000,5335.8000,5335.0000,5338.2000,5338.6000,5339.0000,5340.0000,5341.0000,2,2,1,1,6,1,1,1,3,1
SF,IC2003,2020-01-03 13:11:04.400,5336.2000,53335,0,7533302280.000,0,-,-,-,-,5336.8000,5336.2000,5335.8000,5335.0000,5334.6000,5338.0000,5338.4000,5338.6000,5339.0000,5340.0000,1,1,1,6,1,2,1,1,1,3
SF,IC2003,2020-01-03 13:11:04.900,5336.2000,53335,0,7533302280.000,0,-,-,-,-,5336.8000,5336.2000,5335.8000,5335.0000,5334.6000,5337.8000,5338.0000,5338.6000,5339.0000,5340.0000,1,1,1,6,1,1,2,1,1,3
SF,IC2003,2020-01-03 13:11:05.400,5336.2000,53335,0,7533302280.000,0,-,-,-,-,5336.8000,5336.2000,5335.8000,5335.0000,5334.6000,5337.6000,5337.8000,5338.6000,5339.0000,5340.0000,1,1,1,6,1,2,1,1,1,3
SF,IC2003,2020-01-03 13:11:05.900,5336.2000,53335,0,7533302280.000,0,-,-,-,-,5336.8000,5336.2000,5335.0000,5334.6000,5333.0000,5337.4000,5337.6000,5338.6000,5339.0000,5340.0000,1,1,7,1,3,1,2,1,1,3
SF,IC2003,2020-01-03 13:11:06.400,5336.2000,53335,0,7533302280.000,0,-,-,-,-,5337.2000,5336.2000,5335.0000,5334.6000,5333.0000,5337.4000,5338.6000,5339.0000,5340.0000,5341.0000,1,1,7,1,3,1,1,1,3,1
SF,IC2003,2020-01-03 13:11:06.900,5336.2000,53335,0,7533302280.000,0,-,-,-,-,5337.2000,5336.2000,5335.0000,5334.6000,5333.0000,5338.4000,5338.6000,5339.0000,5340.0000,5341.0000,1,1,7,1,3,1,1,1,3,1
SF,IC2003,2020-01-03 13:11:07.400,5336.2000,53335,0,7533302280.000,0,-,-,-,-,5337.2000,5336.2000,5335.0000,5334.6000,5333.0000,5338.2000,5338.4000,5338.6000,5339.0000,5340.0000,1,1,7,1,3,2,1,1,1,3
SF,IC2003,2020-01-03 13:11:07.900,5336.2000,53335,0,7533302280.000,0,-,-,-,-,5337.2000,5336.2000,5335.0000,5334.6000,5333.0000,5338.0000,5338.2000,5338.6000,5339.0000,5340.0000,2,1,7,1,3,1,2,1,1,3
SF,IC2003,2020-01-03 13:11:08.900,5338.2000,53336,1,7535437520.000,2,1,1,多开,B,5337.4000,5337.2000,5336.2000,5335.0000,5334.6000,5337.8000,5338.2000,5338.6000,5339.0000,5340.0000,1,1,1,7,1,1,1,1,1,3
SF,IC2003,2020-01-03 13:11:09.400,5338.0000,53337,1,7536505120.000,1,1,0,双开,B,5338.2000,5338.0000,5337.8000,5337.4000,5337.2000,5339.0000,5340.0000,5341.0000,5341.6000,5341.8000,1,1,4,1,1,1,3,1,1,1
SF,IC2003,2020-01-03 13:11:09.900,5338.0000,53337,0,7536505120.000,0,-,-,-,-,5338.2000,5337.8000,5337.4000,5337.2000,5335.0000,5339.0000,5340.0000,5341.0000,5341.6000,5341.8000,1,4,1,1,7,1,3,1,1,1
SF,IC2003,2020-01-03 13:11:10.400,5338.0000,53337,0,7536505120.000,0,-,-,-,-,5337.8000,5337.4000,5337.2000,5335.0000,5334.6000,5339.0000,5340.0000,5341.0000,5341.6000,5341.8000,4,1,1,7,1,1,3,1,1,1
SF,IC2003,2020-01-03 13:11:10.900,5338.0000,53337,0,7536505120.000,0,-,-,-,-,5338.0000,5337.8000,5337.4000,5337.2000,5335.0000,5339.0000,5340.0000,5341.0000,5341.6000,5341.8000,2,4,1,1,7,1,3,1,1,1
SF,IC2003,2020-01-03 13:11:11.400,5338.2000,53337,0,7537572760.000,1,0,1,空换,B,5338.0000,5337.8000,5337.2000,5335.0000,5334.6000,5338.2000,5339.0000,5340.0000,5341.0000,5341.6000,2,3,1,7,1,2,1,3,1,1
SF,IC2003,2020-01-03 13:11:11.900,5338.2000,53337,0,7539708040.000,2,1,1,空换,B,5338.4000,5338.2000,5337.8000,5335.0000,5334.6000,5339.0000,5340.0000,5341.0000,5341.6000,5341.8000,1,4,2,7,1,1,3,1,1,1
SF,IC2003,2020-01-03 13:11:12.400,5338.2000,53337,0,7539708040.000,0,-,-,-,-,5338.2000,5337.8000,5335.0000,5334.6000,5333.0000,5339.0000,5340.0000,5341.0000,5341.6000,5341.8000,1,2,7,1,3,1,3,1,1,1
SF,IC2003,2020-01-03 13:11:13.400,5338.2000,53337,0,7539708040.000,0,-,-,-,-,5338.2000,5337.8000,5335.0000,5334.6000,5333.0000,5338.8000,5339.0000,5340.0000,5341.0000,5341.6000,1,2,7,1,3,1,1,3,1,1
SF,IC2003,2020-01-03 13:11:15.900,5338.2000,53336,-1,7540775680.000,1,0,1,双平,B,5337.8000,5335.0000,5334.6000,5333.0000,5332.6000,5339.0000,5340.0000,5341.0000,5341.6000,5341.8000,2,7,1,3,1,1,3,1,1,1
SF,IC2003,2020-01-03 13:11:16.400,5338.2000,53336,0,7540775680.000,0,-,-,-,-,5335.0000,5334.6000,5333.0000,5332.6000,5332.4000,5338.8000,5339.0000,5340.0000,5341.0000,5341.6000,7,1,3,1,2,3,2,3,1,1
SF,IC2003,2020-01-03 13:11:16.900,5338.2000,53336,0,7540775680.000,0,-,-,-,-,5336.4000,5336.2000,5335.6000,5335.4000,5335.2000,5338.4000,5338.6000,5338.8000,5339.0000,5340.0000,1,1,3,1,5,1,3,3,2,3
SF,IC2003,2020-01-03 13:11:17.400,5338.2000,53336,0,7540775680.000,0,-,-,-,-,5336.6000,5336.4000,5336.2000,5335.6000,5335.4000,5338.4000,5338.6000,5338.8000,5339.0000,5340.0000,2,1,1,3,1,3,2,1,1,3
SF,IC2003,2020-01-03 13:11:17.900,5338.2000,53336,0,7540775680.000,0,-,-,-,-,5336.6000,5336.4000,5336.2000,5335.6000,5335.4000,5338.2000,5338.4000,5338.8000,5339.0000,5340.0000,2,1,1,3,1,2,2,1,1,3
SF,IC2003,2020-01-03 13:11:18.400,5338.2000,53336,0,7540775680.000,0,-,-,-,-,5336.6000,5336.4000,5335.6000,5335.4000,5335.2000,5338.2000,5338.4000,5338.8000,5339.0000,5340.0000,2,1,2,1,2,2,2,1,1,3
SF,IC2003,2020-01-03 13:11:18.900,5338.2000,53336,0,7541843320.000,1,0,1,空换,B,5336.6000,5336.4000,5335.6000,5335.4000,5335.2000,5338.2000,5338.4000,5338.8000,5339.0000,5340.0000,2,1,2,1,2,1,2,1,1,3
SF,IC2003,2020-01-03 13:11:19.900,5338.2000,53336,0,7541843320.000,0,-,-,-,-,5336.8000,5336.6000,5336.4000,5335.6000,5335.4000,5338.2000,5338.4000,5338.8000,5339.0000,5340.0000,1,2,1,1,1,1,2,1,1,3
SF,IC2003,2020-01-03 13:11:20.400,5338.2000,53336,0,7541843320.000,0,-,-,-,-,5337.0000,5336.8000,5336.4000,5335.6000,5335.4000,5338.4000,5338.8000,5339.0000,5340.0000,5341.0000,2,1,1,1,1,2,1,1,3,1
SF,IC2003,2020-01-03 13:11:20.900,5338.2000,53336,0,7541843320.000,0,-,-,-,-,5337.0000,5336.8000,5335.6000,5335.4000,5335.2000,5338.4000,5339.0000,5340.0000,5341.0000,5341.6000,2,1,1,1,2,1,1,3,1,1
SF,IC2003,2020-01-03 13:11:21.400,5338.4000,53335,-1,7542911000.000,1,0,1,双平,B,5338.4000,5337.6000,5337.4000,5337.2000,5337.0000,5339.0000,5340.0000,5341.0000,5341.6000,5341.8000,1,1,3,1,2,1,3,1,1,1
SF,IC2003,2020-01-03 13:11:21.900,5339.0000,53336,1,7543978800.000,1,1,0,双开,B,5338.4000,5337.6000,5337.4000,5337.2000,5337.0000,5340.0000,5341.0000,5341.6000,5341.8000,5342.6000,1,1,2,1,2,3,1,1,1,1
SF,IC2003,2020-01-03 13:11:22.400,5339.0000,53336,0,7543978800.000,0,-,-,-,-,5338.6000,5338.4000,5337.6000,5337.4000,5335.6000,5340.0000,5341.0000,5341.6000,5341.8000,5342.6000,2,1,1,2,1,3,1,1,1,1
SF,IC2003,2020-01-03 13:11:22.900,5338.6000,53335,-1,7545046520.000,1,0,1,双平,B,5338.6000,5338.4000,5337.6000,5337.4000,5335.6000,5339.8000,5340.0000,5341.0000,5341.6000,5341.8000,1,1,1,2,1,2,3,1,1,1
SF,IC2003,2020-01-03 13:11:23.400,5338.6000,53335,0,7545046520.000,0,-,-,-,-,5338.4000,5337.6000,5337.4000,5335.6000,5335.4000,5339.8000,5340.0000,5341.0000,5341.6000,5341.8000,1,1,2,1,1,2,3,1,1,1
SF,IC2003,2020-01-03 13:11:25.900,5338.6000,53335,0,7545046520.000,0,-,-,-,-,5338.4000,5337.6000,5337.4000,5335.6000,5335.4000,5339.8000,5340.0000,5341.0000,5341.4000,5341.6000,2,1,1,1,1,2,3,1,1,1
SF,IC2003,2020-01-03 13:11:26.400,5338.6000,53335,0,7545046520.000,0,-,-,-,-,5338.6000,5338.4000,5337.6000,5337.4000,5335.6000,5339.8000,5340.0000,5341.0000,5341.4000,5341.6000,2,1,1,1,1,2,3,1,1,1
SF,IC2003,2020-01-03 13:11:26.900,5338.6000,53335,0,7545046520.000,0,-,-,-,-,5338.8000,5338.6000,5337.6000,5337.4000,5335.6000,5340.0000,5341.0000,5341.4000,5341.6000,5341.8000,1,2,1,1,1,3,1,1,1,1
SF,IC2003,2020-01-03 13:11:27.400,5338.6000,53335,0,7545046520.000,0,-,-,-,-,5339.0000,5338.8000,5337.6000,5337.4000,5335.6000,5340.0000,5341.0000,5341.4000,5341.6000,5341.8000,2,1,1,1,1,3,1,1,1,1
SF,IC2003,2020-01-03 13:11:27.900,5338.6000,53335,0,7545046520.000,0,-,-,-,-,5337.4000,5335.6000,5335.4000,5335.2000,5335.0000,5338.8000,5339.8000,5340.0000,5341.0000,5341.4000,1,1,1,2,7,1,2,3,1,1
SF,IC2003,2020-01-03 13:11:28.400,5338.8000,53334,-1,7546114280.000,1,0,1,双平,B,5338.8000,5337.8000,5337.6000,5337.4000,5335.6000,5339.8000,5340.0000,5341.0000,5341.4000,5341.6000,1,2,3,2,1,2,3,1,1,1
SF,IC2003,2020-01-03 13:11:28.900,5338.8000,53334,0,7546114280.000,0,-,-,-,-,5337.8000,5337.6000,5337.4000,5335.6000,5335.4000,5339.8000,5340.0000,5341.0000,5341.4000,5341.6000,1,3,1,1,1,2,3,1,1,1
SF,IC2003,2020-01-03 13:11:29.400,5338.8000,53334,0,7546114280.000,0,-,-,-,-,5338.0000,5337.8000,5337.6000,5337.4000,5335.6000,5339.8000,5340.0000,5341.0000,5341.4000,5341.6000,2,1,1,1,1,2,3,1,1,1
SF,IC2003,2020-01-03 13:11:29.900,5338.8000,53334,0,7546114280.000,0,-,-,-,-,5338.0000,5337.8000,5337.6000,5337.4000,5335.6000,5339.8000,5340.0000,5341.0000,5341.4000,5341.6000,2,1,1,1,1,2,3,1,1,1
SF,IC2003,2020-01-03 13:11:30.400,5338.8000,53334,0,7546114280.000,0,-,-,-,-,5338.0000,5337.8000,5337.6000,5337.4000,5335.6000,5339.6000,5339.8000,5340.0000,5341.0000,5341.4000,2,1,1,1,1,2,2,3,1,1
SF,IC2003,2020-01-03 13:11:30.900,5338.8000,53334,0,7546114280.000,0,-,-,-,-,5337.8000,5335.6000,5335.4000,5335.2000,5335.0000,5339.4000,5339.6000,5340.0000,5341.0000,5341.4000,1,1,1,2,1,2,2,3,1,1
SF,IC2003,2020-01-03 13:11:31.400,5338.8000,53334,0,7546114280.000,0,-,-,-,-,5337.8000,5335.6000,5335.4000,5335.2000,5335.0000,5339.4000,5339.6000,5340.0000,5341.0000,5341.4000,1,1,1,2,1,2,2,3,1,1
SF,IC2003,2020-01-03 13:11:31.900,5338.8000,53334,0,7546114280.000,0,-,-,-,-,5337.8000,5335.6000,5335.4000,5335.2000,5335.0000,5339.4000,5339.6000,5340.0000,5341.0000,5341.4000,1,1,1,2,1,2,1,3,1,1
SF,IC2003,2020-01-03 13:11:32.400,5338.8000,53334,0,7546114280.000,0,-,-,-,-,5338.0000,5337.8000,5335.6000,5335.4000,5335.2000,5339.4000,5340.0000,5341.0000,5341.4000,5341.6000,2,2,1,1,2,2,3,1,1,1
SF,IC2003,2020-01-03 13:11:32.900,5338.8000,53334,0,7546114280.000,0,-,-,-,-,5338.0000,5337.8000,5335.6000,5335.4000,5335.2000,5340.0000,5341.0000,5341.4000,5341.6000,5341.8000,2,2,1,1,2,3,1,1,1,1
SF,IC2003,2020-01-03 13:11:33.400,5338.8000,53334,0,7546114280.000,0,-,-,-,-,5338.0000,5337.8000,5335.6000,5335.4000,5335.2000,5339.8000,5340.0000,5341.0000,5341.4000,5341.6000,2,2,1,1,2,2,3,1,1,1
SF,IC2003,2020-01-03 13:11:34.400,5338.8000,53334,0,7546114280.000,0,-,-,-,-,5338.2000,5338.0000,5337.8000,5335.6000,5335.4000,5339.8000,5340.0000,5341.0000,5341.4000,5341.6000,1,2,2,1,1,2,3,1,1,1
SF,IC2003,2020-01-03 13:11:34.900,5338.8000,53334,0,7546114280.000,0,-,-,-,-,5338.4000,5338.2000,5337.8000,5335.6000,5335.4000,5339.8000,5340.0000,5341.0000,5341.4000,5341.6000,2,1,2,1,1,2,3,1,1,1
SF,IC2003,2020-01-03 13:11:35.400,5338.8000,53334,0,7546114280.000,0,-,-,-,-,5338.4000,5338.2000,5337.8000,5335.6000,5335.4000,5339.8000,5340.0000,5341.0000,5341.4000,5341.6000,2,1,1,1,1,2,3,1,1,1
SF,IC2003,2020-01-03 13:11:35.900,5338.8000,53334,0,7546114280.000,0,-,-,-,-,5338.4000,5335.6000,5335.4000,5335.2000,5335.0000,5340.0000,5341.0000,5341.4000,5341.6000,5341.8000,2,1,1,2,1,3,1,1,1,1
SF,IC2003,2020-01-03 13:11:36.400,5338.8000,53334,0,7546114280.000,0,-,-,-,-,5338.6000,5338.4000,5335.6000,5335.4000,5335.2000,5339.8000,5340.0000,5341.0000,5341.4000,5341.6000,1,2,1,1,2,2,3,1,1,1
SF,IC2003,2020-01-03 13:11:36.900,5340.0000,53332,-2,7550386200.000,4,1,3,空平,B,5338.8000,5338.6000,5335.6000,5335.4000,5335.2000,5340.0000,5341.0000,5341.4000,5341.6000,5341.8000,2,1,1,1,2,1,1,1,1,1
SF,IC2003,2020-01-03 13:11:37.400,5340.0000,53332,0,7550386200.000,0,-,-,-,-,5338.8000,5338.6000,5338.0000,5335.6000,5335.4000,5340.0000,5341.0000,5341.4000,5341.6000,5341.8000,2,1,2,1,1,1,1,1,1,1
SF,IC2003,2020-01-03 13:11:37.900,5340.0000,53332,0,7551454200.000,1,0,1,空换,B,5340.0000,5338.8000,5338.0000,5335.6000,5335.4000,5341.0000,5341.4000,5341.6000,5341.8000,5342.6000,3,2,2,1,1,1,1,1,1,1
SF,IC2003,2020-01-03 13:11:38.400,5340.0000,53332,0,7552522200.000,1,0,1,空换,B,5340.0000,5338.8000,5338.0000,5335.4000,5335.2000,5340.6000,5340.8000,5341.0000,5341.4000,5341.6000,2,2,2,1,1,1,5,1,1,1
SF,IC2003,2020-01-03 13:11:38.900,5340.0000,53333,1,7553590200.000,1,1,0,双开,B,5340.0000,5338.8000,5338.0000,5335.4000,5335.2000,5340.6000,5340.8000,5341.0000,5341.4000,5341.6000,1,2,2,1,1,1,6,1,1,1
SF,IC2003,2020-01-03 13:11:39.400,5340.0000,53333,0,7553590200.000,0,-,-,-,-,5340.0000,5338.8000,5338.0000,5335.4000,5335.2000,5340.6000,5340.8000,5341.0000,5341.4000,5341.6000,1,2,2,1,1,1,6,1,1,1
SF,IC2003,2020-01-03 13:11:39.900,5340.0000,53333,0,7553590200.000,0,-,-,-,-,5340.0000,5338.8000,5338.0000,5335.4000,5335.2000,5340.6000,5340.8000,5341.0000,5341.4000,5341.6000,1,2,2,1,1,1,6,1,1,1
SF,IC2003,2020-01-03 13:11:40.400,5340.0000,53333,0,7553590200.000,0,-,-,-,-,5340.0000,5338.8000,5338.0000,5335.4000,5335.2000,5340.6000,5340.8000,5341.0000,5341.6000,5341.8000,1,2,2,1,1,1,5,1,1,1
SF,IC2003,2020-01-03 13:11:40.900,5340.0000,53333,0,7553590200.000,0,-,-,-,-,5340.0000,5338.8000,5338.0000,5335.4000,5335.2000,5340.6000,5340.8000,5341.0000,5341.6000,5341.8000,1,2,2,1,1,1,5,1,1,1
SF,IC2003,2020-01-03 13:11:42.400,5340.0000,53333,0,7553590200.000,0,-,-,-,-,5340.0000,5338.8000,5338.0000,5335.4000,5335.2000,5340.4000,5340.6000,5340.8000,5341.0000,5341.6000,1,2,2,1,1,1,1,5,1,1
SF,IC2003,2020-01-03 13:11:43.900,5340.0000,53333,0,7553590200.000,0,-,-,-,-,5340.0000,5338.8000,5338.0000,5335.4000,5335.2000,5340.4000,5340.8000,5341.0000,5341.6000,5341.8000,1,2,2,1,1,1,5,1,1,1
SF,IC2003,2020-01-03 13:11:44.900,5340.0000,53333,0,7553590200.000,0,-,-,-,-,5340.2000,5340.0000,5338.8000,5338.0000,5335.4000,5340.4000,5340.8000,5341.0000,5341.6000,5341.8000,2,1,2,2,1,1,5,1,1,1
SF,IC2003,2020-01-03 13:11:45.400,5340.0000,53333,0,7553590200.000,0,-,-,-,-,5340.2000,5340.0000,5338.8000,5338.0000,5335.4000,5340.4000,5340.8000,5341.0000,5341.6000,5341.8000,2,1,2,2,1,1,3,1,1,1
SF,IC2003,2020-01-03 13:11:46.400,5340.0000,53333,0,7553590200.000,0,-,-,-,-,5340.2000,5340.0000,5338.8000,5338.0000,5335.4000,5340.4000,5340.8000,5341.0000,5341.6000,5341.8000,2,1,2,2,1,1,2,1,1,1
SF,IC2003,2020-01-03 13:11:46.900,5340.2000,53332,-1,7555726320.000,2,0,2,空平,B,5340.4000,5340.2000,5340.0000,5338.8000,5338.0000,5340.8000,5341.0000,5341.6000,5341.8000,5342.6000,7,1,1,2,2,2,1,1,1,2
SF,IC2003,2020-01-03 13:11:47.900,5340.4000,53332,0,7556794400.000,1,0,1,空换,B,5340.4000,5340.2000,5340.0000,5338.8000,5338.0000,5340.8000,5341.0000,5341.6000,5341.8000,5342.6000,6,1,1,2,2,2,1,1,1,2
SF,IC2003,2020-01-03 13:11:48.900,5340.4000,53331,-1,7557862480.000,1,0,1,双平,B,5340.4000,5340.2000,5340.0000,5338.8000,5338.0000,5340.8000,5341.0000,5341.6000,5341.8000,5342.6000,5,1,1,2,2,2,2,1,1,2
SF,IC2003,2020-01-03 13:11:49.400,5340.4000,53331,0,7557862480.000,0,-,-,-,-,5340.4000,5340.2000,5340.0000,5338.8000,5338.0000,5340.8000,5341.0000,5341.6000,5341.8000,5342.6000,5,1,1,2,2,2,2,1,1,2
SF,IC2003,2020-01-03 13:11:49.900,5340.4000,53331,0,7557862480.000,0,-,-,-,-,5340.4000,5340.2000,5340.0000,5338.8000,5338.0000,5340.8000,5341.0000,5341.6000,5341.8000,5342.6000,5,1,1,2,2,1,2,1,1,2
SF,IC2003,2020-01-03 13:11:50.400,5340.4000,53331,0,7557862480.000,0,-,-,-,-,5340.4000,5340.2000,5340.0000,5338.8000,5335.4000,5340.8000,5341.0000,5341.6000,5341.8000,5342.6000,5,1,3,2,1,1,2,1,1,2
SF,IC2003,2020-01-03 13:11:51.900,5340.8000,53331,0,7558930640.000,1,0,1,空换,B,5340.4000,5340.2000,5340.0000,5338.8000,5335.4000,5341.0000,5341.6000,5341.8000,5342.6000,5342.8000,1,1,3,2,1,2,1,1,2,1
SF,IC2003,2020-01-03 13:11:52.400,5340.8000,53331,0,7558930640.000,0,-,-,-,-,5340.6000,5340.4000,5340.2000,5340.0000,5335.4000,5341.0000,5341.6000,5341.8000,5342.6000,5342.8000,2,1,1,3,1,2,1,1,2,1
SF,IC2003,2020-01-03 13:11:54.900,5340.8000,53331,0,7558930640.000,0,-,-,-,-,5340.6000,5340.4000,5340.0000,5335.4000,5335.2000,5340.8000,5341.0000,5341.6000,5341.8000,5342.6000,2,1,3,1,1,1,2,1,1,2
SF,IC2003,2020-01-03 13:11:55.400,5340.8000,53331,0,7558930640.000,0,-,-,-,-,5340.6000,5340.4000,5340.0000,5335.4000,5335.2000,5340.8000,5341.0000,5341.6000,5341.8000,5342.6000,3,1,3,1,1,1,2,1,1,2
SF,IC2003,2020-01-03 13:11:55.900,5340.8000,53330,-1,7559998800.000,1,0,1,双平,B,5340.6000,5340.4000,5340.0000,5336.0000,5335.4000,5341.0000,5341.6000,5341.8000,5342.6000,5342.8000,1,1,3,5,1,2,1,1,2,1
SF,IC2003,2020-01-03 13:11:56.400,5340.6000,53329,-1,7561066920.000,1,0,1,双平,B,5340.4000,5340.0000,5335.4000,5335.2000,5335.0000,5341.0000,5341.6000,5341.8000,5342.6000,5342.8000,1,3,1,1,1,2,1,1,1,1
SF,IC2003,2020-01-03 13:11:56.900,5340.8000,53328,-1,7562135080.000,1,0,1,双平,B,5340.4000,5340.0000,5335.4000,5335.2000,5335.0000,5341.0000,5341.6000,5341.8000,5342.6000,5342.8000,1,3,1,1,1,2,1,1,1,1
SF,IC2003,2020-01-03 13:11:57.900,5340.4000,53328,0,7563203160.000,1,0,1,空换,B,5340.0000,5335.4000,5335.2000,5335.0000,5334.6000,5340.2000,5341.0000,5341.6000,5341.8000,5342.6000,3,1,1,1,1,1,2,1,1,1
SF,IC2003,2020-01-03 13:11:58.400,5340.0000,53331,3,7566407160.000,3,3,0,双开,B,5335.4000,5335.2000,5335.0000,5334.6000,5334.0000,5340.0000,5341.0000,5341.6000,5341.8000,5342.6000,1,1,1,1,1,3,2,1,1,1
SF,IC2003,2020-01-03 13:11:58.900,5340.0000,53331,0,7566407160.000,0,-,-,-,-,5338.0000,5337.8000,5337.6000,5337.4000,5336.6000,5339.8000,5340.0000,5340.6000,5341.0000,5341.6000,1,1,1,2,1,3,2,1,2,1
SF,IC2003,2020-01-03 13:11:59.400,5338.2000,53330,-1,7567474800.000,1,0,1,双平,B,5338.2000,5338.0000,5337.8000,5337.6000,5337.4000,5340.0000,5340.6000,5341.0000,5341.6000,5341.8000,1,1,1,1,2,2,1,2,1,1
SF,IC2003,2020-01-03 13:11:59.900,5338.2000,53330,0,7567474800.000,0,-,-,-,-,5338.2000,5338.0000,5337.8000,5337.6000,5337.4000,5339.6000,5339.8000,5340.0000,5340.6000,5341.0000,1,1,1,1,2,2,2,2,1,2
SF,IC2003,2020-01-03 13:12:00.400,5338.2000,53330,0,7567474800.000,0,-,-,-,-,5338.2000,5338.0000,5337.8000,5337.6000,5337.4000,5339.4000,5340.0000,5340.6000,5341.0000,5341.2000,1,1,1,1,2,3,2,1,2,1
SF,IC2003,2020-01-03 13:12:00.900,5338.2000,53330,0,7567474800.000,0,-,-,-,-,5338.0000,5337.4000,5336.6000,5336.0000,5335.6000,5339.4000,5340.0000,5340.6000,5341.0000,5341.2000,1,1,1,1,1,3,2,1,2,1
SF,IC2003,2020-01-03 13:12:01.400,5338.2000,53330,0,7567474800.000,0,-,-,-,-,5337.4000,5336.6000,5336.0000,5335.6000,5335.4000,5339.2000,5339.4000,5340.0000,5340.6000,5341.0000,1,1,1,1,1,2,2,2,1,2
SF,IC2003,2020-01-03 13:12:01.900,5338.2000,53330,0,7567474800.000,0,-,-,-,-,5337.6000,5337.4000,5336.6000,5336.0000,5335.6000,5338.8000,5339.0000,5339.2000,5340.0000,5340.6000,2,1,1,1,1,2,2,1,2,1
SF,IC2003,2020-01-03 13:12:02.400,5338.2000,53330,0,7567474800.000,0,-,-,-,-,5337.6000,5335.6000,5335.4000,5335.2000,5335.0000,5339.0000,5339.2000,5340.0000,5340.6000,5341.0000,2,1,1,1,1,2,1,2,1,2
SF,IC2003,2020-01-03 13:12:02.900,5338.2000,53330,0,7567474800.000,0,-,-,-,-,5337.6000,5335.6000,5335.4000,5335.2000,5335.0000,5338.8000,5339.0000,5339.2000,5340.0000,5340.6000,2,1,1,1,1,1,2,1,2,1
SF,IC2003,2020-01-03 13:12:03.400,5338.2000,53330,0,7567474800.000,0,-,-,-,-,5337.6000,5335.6000,5335.4000,5335.2000,5335.0000,5338.6000,5338.8000,5339.2000,5340.0000,5340.6000,2,1,1,1,1,2,1,1,2,1
SF,IC2003,2020-01-03 13:12:03.900,5338.6000,53328,-2,7569610240.000,2,0,2,双平,B,5338.8000,5337.6000,5335.6000,5335.4000,5335.2000,5339.2000,5340.0000,5340.6000,5341.0000,5341.2000,2,2,1,1,1,1,2,1,2,1
SF,IC2003,2020-01-03 13:12:04.400,5338.8000,53327,-1,7572813560.000,3,1,2,空平,B,5338.8000,5337.6000,5336.8000,5335.6000,5335.4000,5340.6000,5341.0000,5341.2000,5341.6000,5341.8000,4,2,1,1,1,1,2,1,1,1
SF,IC2003,2020-01-03 13:12:04.900,5338.8000,53327,0,7572813560.000,0,-,-,-,-,5339.0000,5338.8000,5336.8000,5335.8000,5335.6000,5340.2000,5340.4000,5340.6000,5341.0000,5341.2000,2,4,1,1,1,3,1,1,2,1
SF,IC2003,2020-01-03 13:12:05.400,5338.8000,53327,0,7572813560.000,0,-,-,-,-,5339.2000,5339.0000,5338.8000,5336.8000,5335.8000,5340.0000,5340.2000,5340.6000,5341.0000,5341.2000,1,2,4,1,1,2,1,1,2,1
SF,IC2003,2020-01-03 13:12:06.900,5338.8000,53327,0,7572813560.000,0,-,-,-,-,5339.2000,5339.0000,5338.8000,5336.8000,5335.6000,5340.0000,5340.6000,5341.0000,5341.2000,5341.6000,1,2,4,1,1,2,1,2,1,1
SF,IC2003,2020-01-03 13:12:07.400,5338.8000,53327,0,7572813560.000,0,-,-,-,-,5339.4000,5339.2000,5338.8000,5336.8000,5335.6000,5340.6000,5341.0000,5341.2000,5341.6000,5341.8000,2,1,4,1,1,1,2,1,1,1
SF,IC2003,2020-01-03 13:12:07.900,5338.8000,53327,0,7572813560.000,0,-,-,-,-,5339.4000,5339.2000,5338.8000,5336.8000,5335.6000,5340.4000,5340.6000,5341.0000,5341.2000,5341.6000,2,1,4,1,1,1,1,2,1,1
SF,IC2003,2020-01-03 13:12:08.400,5338.8000,53327,0,7572813560.000,0,-,-,-,-,5339.4000,5338.8000,5336.8000,5335.6000,5335.4000,5340.4000,5340.6000,5341.0000,5341.2000,5341.6000,2,4,1,1,1,1,1,2,1,1
SF,IC2003,2020-01-03 13:12:08.900,5338.8000,53327,0,7572813560.000,0,-,-,-,-,5339.4000,5338.8000,5336.8000,5335.6000,5335.4000,5340.2000,5340.4000,5340.6000,5341.0000,5341.2000,2,4,1,1,1,1,1,1,2,1
SF,IC2003,2020-01-03 13:12:09.400,5338.8000,53327,0,7572813560.000,0,-,-,-,-,5339.4000,5338.8000,5336.8000,5335.6000,5335.4000,5340.2000,5340.6000,5341.0000,5341.2000,5341.6000,2,4,1,1,1,1,1,2,1,1
SF,IC2003,2020-01-03 13:12:09.900,5338.8000,53327,0,7572813560.000,0,-,-,-,-,5339.4000,5338.8000,5336.8000,5335.6000,5335.4000,5340.0000,5340.4000,5340.6000,5341.0000,5341.2000,2,4,1,1,1,1,1,1,2,1
SF,IC2003,2020-01-03 13:12:11.900,5339.0000,53327,0,7573881360.000,1,0,1,空换,B,5339.4000,5338.8000,5336.8000,5335.6000,5335.4000,5340.0000,5340.4000,5340.6000,5341.0000,5341.2000,1,4,1,1,1,1,1,1,2,1
SF,IC2003,2020-01-03 13:12:12.400,5339.0000,53327,0,7573881360.000,0,-,-,-,-,5339.4000,5338.8000,5336.8000,5335.6000,5335.4000,5339.8000,5340.0000,5340.6000,5341.0000,5341.2000,1,4,1,1,1,1,1,1,2,1
SF,IC2003,2020-01-03 13:12:18.900,5339.0000,53327,0,7573881360.000,0,-,-,-,-,5339.4000,5338.8000,5336.8000,5335.6000,5335.4000,5339.8000,5340.0000,5340.6000,5341.0000,5341.2000,1,4,1,1,1,1,1,1,2,1
SF,IC2003,2020-01-03 13:12:19.400,5339.0000,53327,0,7573881360.000,0,-,-,-,-,5338.8000,5336.8000,5335.6000,5335.4000,5335.2000,5339.8000,5340.0000,5340.6000,5341.0000,5341.2000,4,1,1,1,1,1,1,2,2,1
SF,IC2003,2020-01-03 13:12:19.900,5339.0000,53327,0,7573881360.000,0,-,-,-,-,5338.8000,5336.8000,5335.6000,5335.4000,5335.2000,5339.8000,5340.6000,5341.0000,5341.2000,5341.6000,4,1,1,1,1,1,2,2,1,1
SF,IC2003,2020-01-03 13:12:20.400,5339.0000,53327,0,7573881360.000,0,-,-,-,-,5338.8000,5336.8000,5335.6000,5335.4000,5335.2000,5339.6000,5340.4000,5340.6000,5341.0000,5341.2000,4,1,1,1,1,1,1,2,2,1
SF,IC2003,2020-01-03 13:12:20.900,5339.0000,53327,0,7573881360.000,0,-,-,-,-,5338.8000,5336.8000,5335.6000,5335.4000,5335.2000,5339.4000,5339.6000,5340.6000,5341.0000,5341.2000,4,1,1,1,1,1,1,2,2,1
SF,IC2003,2020-01-03 13:12:21.400,5339.0000,53327,0,7573881360.000,0,-,-,-,-,5338.8000,5336.8000,5335.6000,5335.4000,5335.2000,5339.4000,5340.6000,5341.0000,5341.2000,5341.6000,4,1,1,1,1,1,2,2,1,1
SF,IC2003,2020-01-03 13:12:21.900,5339.0000,53327,0,7573881360.000,0,-,-,-,-,5338.8000,5336.8000,5335.6000,5335.4000,5335.2000,5339.4000,5340.4000,5340.6000,5341.0000,5341.2000,4,1,1,1,1,1,1,2,2,1
SF,IC2003,2020-01-03 13:12:22.400,5339.4000,53329,2,7576017080.000,2,2,0,双开,B,5338.8000,5336.8000,5335.6000,5335.4000,5335.2000,5339.2000,5340.6000,5341.0000,5341.2000,5341.6000,4,1,1,1,1,1,2,2,1,1
SF,IC2003,2020-01-03 13:12:22.900,5339.4000,53329,0,7576017080.000,0,-,-,-,-,5338.8000,5336.8000,5335.6000,5335.4000,5335.2000,5339.2000,5340.6000,5341.0000,5341.2000,5341.6000,4,1,1,1,1,2,2,2,1,1
SF,IC2003,2020-01-03 13:12:23.900,5339.4000,53329,0,7576017080.000,0,-,-,-,-,5338.8000,5336.8000,5335.6000,5335.4000,5335.2000,5339.2000,5340.6000,5341.0000,5341.6000,5341.8000,4,1,1,1,1,2,2,2,1,2
SF,IC2003,2020-01-03 13:12:24.900,5339.2000,53329,0,7577084920.000,1,0,1,空换,B,5338.8000,5336.8000,5335.6000,5335.4000,5335.2000,5339.2000,5340.6000,5341.0000,5341.6000,5341.8000,4,1,1,1,1,1,2,2,1,2
SF,IC2003,2020-01-03 13:12:25.400,5340.4000,53330,1,7579220840.000,2,1,1,多开,B,5340.2000,5339.4000,5339.2000,5339.0000,5338.8000,5340.6000,5341.0000,5341.6000,5341.8000,5342.6000,1,1,7,2,4,2,2,1,2,1
SF,IC2003,2020-01-03 13:12:25.900,5340.4000,53330,0,7579220840.000,0,-,-,-,-,5340.2000,5339.2000,5339.0000,5338.8000,5336.8000,5340.6000,5341.0000,5341.6000,5341.8000,5342.6000,1,5,2,4,1,2,2,1,2,1
SF,IC2003,2020-01-03 13:12:26.400,5340.4000,53330,0,7579220840.000,0,-,-,-,-,5340.2000,5339.2000,5339.0000,5338.8000,5336.8000,5340.6000,5341.0000,5341.6000,5341.8000,5342.6000,1,5,2,4,1,2,2,1,2,1
SF,IC2003,2020-01-03 13:12:26.900,5340.4000,53330,0,7579220840.000,0,-,-,-,-,5340.2000,5339.2000,5339.0000,5338.8000,5336.8000,5340.6000,5341.0000,5341.6000,5341.8000,5342.6000,1,5,2,4,1,2,2,1,2,1
SF,IC2003,2020-01-03 13:12:29.400,5340.6000,53329,-1,7580288960.000,1,0,1,双平,B,5340.2000,5339.2000,5339.0000,5338.8000,5336.8000,5340.6000,5341.0000,5341.6000,5341.8000,5342.6000,1,5,2,4,1,1,2,1,2,1
SF,IC2003,2020-01-03 13:12:29.900,5340.6000,53328,-1,7583493320.000,3,1,2,空平,B,5340.6000,5340.2000,5339.2000,5339.0000,5338.8000,5341.0000,5341.6000,5341.8000,5342.6000,5343.2000,1,1,1,2,4,2,1,2,1,1
SF,IC2003,2020-01-03 13:12:30.400,5340.8000,53328,0,7585629680.000,2,1,1,空换,B,5340.2000,5339.2000,5339.0000,5338.8000,5336.8000,5341.0000,5341.6000,5341.8000,5342.6000,5343.2000,1,1,2,4,1,1,1,2,1,1
SF,IC2003,2020-01-03 13:12:30.900,5340.8000,53328,0,7585629680.000,0,-,-,-,-,5340.4000,5340.2000,5339.2000,5339.0000,5338.8000,5341.0000,5341.6000,5341.8000,5342.6000,5343.2000,1,1,1,2,4,1,1,2,1,1
SF,IC2003,2020-01-03 13:12:33.400,5340.8000,53328,0,7585629680.000,0,-,-,-,-,5340.4000,5340.2000,5339.0000,5338.8000,5338.0000,5341.0000,5341.6000,5341.8000,5342.6000,5343.2000,1,1,2,4,3,1,1,2,1,1
SF,IC2003,2020-01-03 13:12:33.900,5341.0000,53329,1,7586697880.000,1,1,0,双开,B,5340.4000,5340.2000,5339.0000,5338.8000,5338.0000,5341.6000,5341.8000,5342.6000,5343.2000,5343.8000,1,1,2,4,3,1,2,1,1,1
SF,IC2003,2020-01-03 13:12:34.400,5340.6000,53328,-1,7587766000.000,1,0,1,双平,B,5340.6000,5340.4000,5340.2000,5338.8000,5338.0000,5341.6000,5341.8000,5342.6000,5343.2000,5343.8000,1,1,1,4,3,1,2,1,1,1
SF,IC2003,2020-01-03 13:12:34.900,5340.6000,53328,0,7587766000.000,0,-,-,-,-,5340.4000,5340.2000,5338.8000,5338.0000,5336.8000,5341.4000,5341.6000,5341.8000,5342.6000,5343.2000,1,1,4,3,1,2,1,2,1,1
SF,IC2003,2020-01-03 13:12:35.400,5340.6000,53328,0,7587766000.000,0,-,-,-,-,5340.4000,5340.2000,5338.8000,5338.0000,5336.8000,5341.2000,5341.4000,5341.6000,5341.8000,5342.6000,1,1,4,3,1,1,2,1,2,1
SF,IC2003,2020-01-03 13:12:35.900,5340.6000,53328,0,7587766000.000,0,-,-,-,-,5340.4000,5340.2000,5338.8000,5338.0000,5336.8000,5341.2000,5341.4000,5341.6000,5341.8000,5342.6000,1,1,4,3,1,1,2,1,2,1
SF,IC2003,2020-01-03 13:12:36.400,5340.4000,53328,0,7588834080.000,1,0,1,空换,B,5340.2000,5338.8000,5338.0000,5336.8000,5335.6000,5341.0000,5341.2000,5341.6000,5341.8000,5342.6000,1,4,3,1,1,1,1,1,2,1
SF,IC2003,2020-01-03 13:12:36.900,5340.2000,53328,0,7589902120.000,1,0,1,空换,B,5338.8000,5338.0000,5336.8000,5335.6000,5335.4000,5341.0000,5341.6000,5341.8000,5342.6000,5343.8000,4,3,1,1,1,1,1,2,1,1
SF,IC2003,2020-01-03 13:12:37.400,5340.2000,53328,0,7589902120.000,0,-,-,-,-,5339.2000,5339.0000,5338.8000,5338.0000,5336.8000,5340.8000,5341.0000,5341.6000,5341.8000,5342.6000,1,2,4,3,1,1,1,1,2,1
SF,IC2003,2020-01-03 13:12:37.900,5340.2000,53328,0,7589902120.000,0,-,-,-,-,5339.4000,5339.2000,5338.8000,5338.0000,5336.8000,5340.8000,5341.6000,5341.8000,5342.6000,5343.8000,1,1,4,3,1,1,1,2,1,1
SF,IC2003,2020-01-03 13:12:38.400,5340.2000,53328,0,7589902120.000,0,-,-,-,-,5339.4000,5339.2000,5338.8000,5338.0000,5336.8000,5340.6000,5341.6000,5341.8000,5342.6000,5343.8000,1,1,4,3,1,2,1,2,1,1
SF,IC2003,2020-01-03 13:12:42.400,5340.2000,53328,0,7589902120.000,0,-,-,-,-,5339.4000,5339.2000,5338.8000,5338.0000,5336.8000,5340.6000,5341.6000,5341.8000,5342.6000,5343.8000,1,1,4,3,1,2,1,2,1,1
SF,IC2003,2020-01-03 13:12:47.400,5340.2000,53328,0,7589902120.000,0,-,-,-,-,5339.4000,5339.2000,5338.8000,5338.0000,5336.8000,5340.6000,5341.6000,5341.8000,5342.6000,5343.8000,1,1,5,3,1,2,1,2,1,1
SF,IC2003,2020-01-03 13:12:47.900,5340.2000,53328,0,7589902120.000,0,-,-,-,-,5339.4000,5339.2000,5338.8000,5338.0000,5336.8000,5341.6000,5341.8000,5342.6000,5343.8000,5344.0000,1,1,5,3,1,1,2,1,1,2
SF,IC2003,2020-01-03 13:12:48.400,5340.2000,53328,0,7589902120.000,0,-,-,-,-,5339.4000,5339.2000,5338.8000,5338.0000,5335.6000,5341.2000,5341.4000,5341.6000,5341.8000,5342.6000,1,1,5,3,1,2,3,1,2,1
SF,IC2003,2020-01-03 13:12:48.900,5340.2000,53328,0,7589902120.000,0,-,-,-,-,5339.4000,5339.2000,5338.8000,5338.0000,5335.6000,5341.0000,5341.6000,5341.8000,5342.6000,5343.8000,1,1,5,3,1,1,1,2,1,1
SF,IC2003,2020-01-03 13:12:49.400,5340.2000,53328,0,7589902120.000,0,-,-,-,-,5339.4000,5339.2000,5338.8000,5338.0000,5335.6000,5341.0000,5341.6000,5341.8000,5342.6000,5343.8000,1,1,5,3,1,2,1,2,1,1
SF,IC2003,2020-01-03 13:12:49.900,5340.2000,53328,0,7589902120.000,0,-,-,-,-,5339.4000,5339.2000,5338.8000,5338.0000,5335.6000,5341.6000,5341.8000,5342.6000,5343.8000,5344.0000,1,1,5,3,1,1,2,1,1,1
SF,IC2003,2020-01-03 13:12:50.400,5340.2000,53328,0,7589902120.000,0,-,-,-,-,5339.4000,5339.2000,5338.8000,5338.0000,5335.6000,5341.2000,5341.4000,5341.6000,5341.8000,5342.6000,1,1,5,3,1,3,3,1,2,1
SF,IC2003,2020-01-03 13:12:50.900,5340.2000,53328,0,7589902120.000,0,-,-,-,-,5339.4000,5339.2000,5338.8000,5338.0000,5335.6000,5341.0000,5341.2000,5341.6000,5341.8000,5342.6000,1,1,5,3,1,1,3,1,2,1
SF,IC2003,2020-01-03 13:12:51.400,5340.2000,53328,0,7589902120.000,0,-,-,-,-,5339.4000,5339.2000,5338.8000,5338.0000,5335.6000,5340.8000,5341.0000,5341.2000,5341.6000,5341.8000,1,1,5,3,1,1,2,1,1,2
SF,IC2003,2020-01-03 13:12:51.900,5340.2000,53328,0,7589902120.000,0,-,-,-,-,5339.4000,5339.2000,5338.8000,5338.0000,5335.6000,5340.8000,5341.0000,5341.2000,5341.6000,5341.8000,1,1,5,3,1,1,2,1,2,1
SF,IC2003,2020-01-03 13:12:53.400,5340.2000,53328,0,7589902120.000,0,-,-,-,-,5339.4000,5339.2000,5338.8000,5338.0000,5335.6000,5340.8000,5341.0000,5341.2000,5341.6000,5341.8000,1,2,5,3,1,1,1,1,2,1
SF,IC2003,2020-01-03 13:12:53.900,5340.2000,53328,0,7589902120.000,0,-,-,-,-,5339.4000,5339.2000,5338.8000,5338.0000,5335.6000,5340.6000,5340.8000,5341.2000,5341.6000,5341.8000,1,2,5,3,1,2,1,1,2,1
SF,IC2003,2020-01-03 13:12:54.400,5340.2000,53328,0,7589902120.000,0,-,-,-,-,5339.4000,5339.2000,5338.8000,5338.0000,5335.6000,5340.6000,5341.2000,5341.6000,5341.8000,5342.6000,1,2,5,3,1,2,1,2,1,1
SF,IC2003,2020-01-03 13:12:54.900,5340.0000,53328,0,7590970120.000,1,0,1,空换,B,5339.4000,5339.2000,5338.8000,5338.0000,5335.6000,5340.6000,5341.2000,5341.6000,5341.8000,5342.6000,1,2,5,3,1,2,1,2,1,1
SF,IC2003,2020-01-03 13:12:55.400,5340.0000,53328,0,7590970120.000,0,-,-,-,-,5339.4000,5339.2000,5338.8000,5338.0000,5335.6000,5340.6000,5341.2000,5341.6000,5341.8000,5342.6000,1,2,5,3,1,2,1,2,1,1
SF,IC2003,2020-01-03 13:12:57.400,5340.6000,53328,0,7592038240.000,1,0,1,空换,B,5339.4000,5339.2000,5338.8000,5338.0000,5335.6000,5340.6000,5341.2000,5341.6000,5341.8000,5342.6000,1,2,5,3,1,1,1,2,1,1
SF,IC2003,2020-01-03 13:12:57.900,5340.6000,53328,0,7592038240.000,0,-,-,-,-,5339.4000,5339.2000,5338.8000,5338.0000,5335.6000,5341.2000,5341.6000,5341.8000,5342.6000,5343.8000,1,2,5,3,1,1,2,1,1,1
SF,IC2003,2020-01-03 13:12:58.400,5340.6000,53328,0,7592038240.000,0,-,-,-,-,5339.4000,5339.2000,5338.8000,5338.0000,5335.6000,5340.8000,5341.0000,5341.2000,5341.6000,5341.8000,1,2,5,3,1,2,3,1,2,1
SF,IC2003,2020-01-03 13:12:58.900,5340.6000,53328,0,7592038240.000,0,-,-,-,-,5339.4000,5339.2000,5338.8000,5338.0000,5335.6000,5341.0000,5341.2000,5341.6000,5341.8000,5342.6000,1,2,5,3,1,2,1,2,1,1
SF,IC2003,2020-01-03 13:12:59.400,5340.6000,53328,0,7592038240.000,0,-,-,-,-,5339.4000,5339.2000,5338.8000,5338.0000,5335.6000,5340.8000,5341.0000,5341.2000,5341.6000,5341.8000,1,2,5,3,1,1,2,1,2,1
SF,IC2003,2020-01-03 13:12:59.900,5340.6000,53328,0,7592038240.000,0,-,-,-,-,5339.4000,5339.2000,5338.8000,5338.0000,5335.6000,5340.8000,5341.0000,5341.2000,5341.6000,5341.8000,1,2,5,3,1,1,2,1,2,1
SF,IC2003,2020-01-03 13:13:02.400,5340.6000,53328,0,7592038240.000,0,-,-,-,-,5339.4000,5339.2000,5338.8000,5338.0000,5335.6000,5340.6000,5340.8000,5341.0000,5341.2000,5341.6000,1,2,5,3,1,1,1,2,1,2
SF,IC2003,2020-01-03 13:13:02.900,5340.6000,53328,0,7592038240.000,0,-,-,-,-,5339.4000,5339.2000,5338.8000,5338.0000,5335.6000,5340.4000,5340.6000,5341.0000,5341.2000,5341.6000,1,2,5,3,1,1,1,2,1,2
SF,IC2003,2020-01-03 13:13:03.400,5340.6000,53328,0,7592038240.000,0,-,-,-,-,5339.4000,5339.2000,5338.8000,5338.0000,5335.6000,5340.4000,5340.6000,5341.0000,5341.2000,5341.4000,1,2,5,3,1,2,1,2,1,1
SF,IC2003,2020-01-03 13:13:03.900,5340.6000,53328,0,7592038240.000,0,-,-,-,-,5339.4000,5339.2000,5338.8000,5338.0000,5335.6000,5340.4000,5340.6000,5341.0000,5341.2000,5341.4000,1,2,5,3,1,1,1,2,1,1
SF,IC2003,2020-01-03 13:13:04.400,5340.6000,53328,0,7592038240.000,0,-,-,-,-,5339.4000,5339.2000,5338.8000,5338.0000,5335.6000,5340.2000,5340.4000,5340.6000,5341.0000,5341.4000,1,1,5,3,1,1,2,1,2,1
SF,IC2003,2020-01-03 13:13:04.900,5340.6000,53328,0,7592038240.000,0,-,-,-,-,5339.2000,5338.8000,5338.0000,5335.6000,5335.4000,5340.0000,5340.2000,5340.6000,5341.0000,5341.4000,1,5,3,1,1,1,1,1,2,1
SF,IC2003,2020-01-03 13:13:05.400,5340.6000,53328,0,7592038240.000,0,-,-,-,-,5339.2000,5338.8000,5338.0000,5335.6000,5335.4000,5340.0000,5340.2000,5340.6000,5341.0000,5341.4000,1,5,3,1,1,2,1,1,2,1
SF,IC2003,2020-01-03 13:13:05.900,5340.6000,53328,0,7592038240.000,0,-,-,-,-,5339.2000,5338.8000,5338.0000,5335.6000,5335.4000,5340.0000,5340.2000,5340.6000,5341.0000,5341.4000,1,5,3,1,1,1,1,1,2,1
SF,IC2003,2020-01-03 13:13:06.400,5340.6000,53328,0,7592038240.000,0,-,-,-,-,5339.2000,5338.8000,5338.0000,5335.6000,5335.4000,5340.0000,5340.2000,5340.6000,5341.0000,5341.4000,1,5,3,1,1,2,1,1,2,1
SF,IC2003,2020-01-03 13:13:06.900,5340.6000,53328,0,7592038240.000,0,-,-,-,-,5339.2000,5338.8000,5338.0000,5335.6000,5335.4000,5340.0000,5340.2000,5340.6000,5341.0000,5341.4000,1,5,3,1,1,1,1,1,2,1
SF,IC2003,2020-01-03 13:13:07.400,5340.6000,53328,0,7592038240.000,0,-,-,-,-,5339.2000,5338.8000,5338.0000,5335.6000,5335.4000,5340.0000,5340.2000,5340.6000,5341.0000,5341.4000,1,5,3,1,1,2,1,1,2,1
SF,IC2003,2020-01-03 13:13:07.900,5340.6000,53328,0,7592038240.000,0,-,-,-,-,5339.2000,5338.8000,5338.0000,5335.6000,5335.4000,5340.0000,5340.2000,5340.6000,5341.0000,5341.4000,1,5,3,1,1,1,1,1,2,1
SF,IC2003,2020-01-03 13:13:08.400,5340.6000,53328,0,7592038240.000,0,-,-,-,-,5339.2000,5338.8000,5338.0000,5335.6000,5335.4000,5340.0000,5340.2000,5340.6000,5341.0000,5341.4000,1,5,3,1,1,2,1,1,2,1
SF,IC2003,2020-01-03 13:13:08.900,5340.6000,53328,0,7592038240.000,0,-,-,-,-,5339.2000,5338.8000,5338.0000,5335.6000,5335.4000,5340.0000,5340.2000,5340.6000,5341.0000,5341.4000,1,5,3,1,1,1,1,1,2,1
SF,IC2003,2020-01-03 13:13:09.400,5340.6000,53328,0,7592038240.000,0,-,-,-,-,5339.2000,5338.8000,5338.0000,5335.6000,5335.4000,5340.0000,5340.2000,5340.6000,5341.0000,5341.4000,1,5,3,1,1,2,1,1,2,1
SF,IC2003,2020-01-03 13:13:09.900,5340.6000,53328,0,7592038240.000,0,-,-,-,-,5339.2000,5338.8000,5338.0000,5335.6000,5335.4000,5339.8000,5340.0000,5340.2000,5340.6000,5341.0000,1,5,3,1,1,1,1,1,1,2
SF,IC2003,2020-01-03 13:13:10.400,5340.6000,53328,0,7592038240.000,0,-,-,-,-,5339.2000,5338.8000,5338.0000,5335.6000,5335.4000,5339.6000,5339.8000,5340.0000,5340.2000,5340.6000,1,5,3,1,1,1,1,1,1,1
SF,IC2003,2020-01-03 13:13:12.400,5340.6000,53328,0,7592038240.000,0,-,-,-,-,5339.2000,5338.8000,5338.0000,5335.6000,5335.4000,5339.6000,5339.8000,5340.0000,5340.6000,5341.0000,1,5,3,1,1,1,1,1,1,2
SF,IC2003,2020-01-03 13:13:12.900,5339.2000,53329,1,7593106080.000,1,1,0,双开,B,5338.8000,5338.0000,5335.6000,5335.4000,5335.2000,5339.6000,5339.8000,5340.0000,5340.6000,5341.0000,5,3,1,1,1,1,1,1,1,2
SF,IC2003,2020-01-03 13:13:13.400,5339.2000,53329,0,7593106080.000,0,-,-,-,-,5338.8000,5338.0000,5335.6000,5335.4000,5335.2000,5339.4000,5339.6000,5339.8000,5340.0000,5340.6000,5,3,1,1,1,1,1,1,1,1
SF,IC2003,2020-01-03 13:13:13.900,5339.2000,53329,0,7593106080.000,0,-,-,-,-,5338.8000,5338.0000,5335.6000,5335.4000,5335.2000,5339.4000,5340.6000,5341.0000,5341.4000,5341.6000,5,3,1,1,1,1,1,2,1,2
SF,IC2003,2020-01-03 13:13:14.400,5339.2000,53329,0,7593106080.000,0,-,-,-,-,5338.8000,5338.0000,5335.6000,5335.4000,5335.2000,5339.4000,5340.6000,5341.0000,5341.4000,5341.6000,5,3,1,1,1,2,1,2,1,2
SF,IC2003,2020-01-03 13:13:21.900,5339.2000,53329,0,7593106080.000,0,-,-,-,-,5338.8000,5338.0000,5335.6000,5335.4000,5335.2000,5339.4000,5339.8000,5340.6000,5341.0000,5341.4000,5,3,1,1,1,2,1,1,2,1
SF,IC2003,2020-01-03 13:13:22.400,5339.2000,53329,0,7593106080.000,0,-,-,-,-,5338.8000,5338.0000,5335.6000,5335.4000,5335.2000,5339.4000,5339.8000,5340.0000,5340.6000,5341.0000,5,3,1,1,1,1,1,1,1,2
SF,IC2003,2020-01-03 13:13:22.900,5339.2000,53329,0,7593106080.000,0,-,-,-,-,5338.8000,5338.0000,5335.6000,5335.4000,5335.2000,5339.2000,5339.4000,5339.8000,5340.0000,5340.6000,5,3,1,1,1,1,1,1,1,1
SF,IC2003,2020-01-03 13:13:23.400,5339.2000,53329,0,7593106080.000,0,-,-,-,-,5338.8000,5338.0000,5335.6000,5335.4000,5335.2000,5339.2000,5339.4000,5339.8000,5340.0000,5340.6000,5,3,1,1,1,1,1,1,1,1
SF,IC2003,2020-01-03 13:13:27.400,5339.2000,53329,0,7594173920.000,1,0,1,空换,B,5338.8000,5338.0000,5335.6000,5335.4000,5335.2000,5339.0000,5339.4000,5339.8000,5340.0000,5340.6000,5,3,1,1,1,1,1,1,1,1
SF,IC2003,2020-01-03 13:13:42.400,5339.2000,53329,0,7594173920.000,0,-,-,-,-,5338.8000,5338.0000,5335.6000,5335.4000,5335.2000,5339.0000,5339.4000,5339.8000,5340.0000,5340.6000,5,3,1,1,1,2,1,1,1,1
SF,IC2003,2020-01-03 13:13:42.900,5338.8000,53329,0,7597377280.000,3,1,2,空换,B,5338.8000,5338.0000,5335.6000,5335.4000,5335.2000,5339.4000,5339.8000,5340.0000,5340.6000,5341.0000,4,3,1,1,1,1,1,1,1,2
SF,IC2003,2020-01-03 13:13:43.900,5338.8000,53329,0,7597377280.000,0,-,-,-,-,5338.8000,5338.0000,5335.6000,5335.4000,5335.2000,5339.4000,5339.8000,5340.0000,5340.6000,5341.0000,4,3,1,1,1,1,1,1,1,2
SF,IC2003,2020-01-03 13:13:44.400,5338.8000,53329,0,7597377280.000,0,-,-,-,-,5338.8000,5338.0000,5335.6000,5335.4000,5335.2000,5339.0000,5339.2000,5339.4000,5339.8000,5340.0000,4,3,1,1,1,2,2,1,1,1
SF,IC2003,2020-01-03 13:13:44.900,5339.0000,53331,2,7599512880.000,2,2,0,双开,B,5339.0000,5338.8000,5338.0000,5335.6000,5335.4000,5339.2000,5339.8000,5340.0000,5340.6000,5341.0000,2,4,3,1,1,2,1,1,1,2
SF,IC2003,2020-01-03 13:13:45.400,5339.2000,53332,1,7602716400.000,3,2,1,多开,B,5339.0000,5338.8000,5338.0000,5335.6000,5335.4000,5339.8000,5340.0000,5340.6000,5341.0000,5341.4000,1,4,3,1,1,1,1,1,2,1
SF,IC2003,2020-01-03 13:13:48.900,5339.0000,53331,-1,7603784200.000,1,0,1,双平,B,5338.8000,5338.0000,5335.6000,5335.4000,5335.2000,5339.0000,5339.8000,5340.0000,5340.6000,5341.0000,4,3,1,1,1,1,1,1,1,2
SF,IC2003,2020-01-03 13:13:49.400,5339.0000,53331,0,7603784200.000,0,-,-,-,-,5338.8000,5338.0000,5335.6000,5335.4000,5335.2000,5339.8000,5340.0000,5340.6000,5341.0000,5341.4000,4,3,1,1,1,1,1,1,2,1
SF,IC2003,2020-01-03 13:13:49.900,5339.0000,53331,0,7603784200.000,0,-,-,-,-,5338.8000,5338.0000,5335.6000,5335.4000,5335.2000,5339.8000,5340.0000,5340.6000,5341.4000,5341.6000,4,3,1,1,1,1,1,1,1,2
SF,IC2003,2020-01-03 13:13:54.900,5339.8000,53331,0,7604852160.000,1,0,1,空换,B,5339.8000,5338.8000,5338.0000,5335.6000,5335.4000,5340.0000,5340.6000,5341.4000,5341.6000,5341.8000,5,4,3,1,1,1,1,1,2,1
SF,IC2003,2020-01-03 13:13:55.400,5339.8000,53329,-2,7610191960.000,5,1,4,空平,B,5338.8000,5338.0000,5335.6000,5335.4000,5335.2000,5339.6000,5339.8000,5340.0000,5340.6000,5341.4000,4,3,1,1,1,4,6,1,1,1
SF,IC2003,2020-01-03 13:13:55.900,5338.8000,53331,2,7612327480.000,2,2,0,双开,B,5338.8000,5338.0000,5335.6000,5335.4000,5335.2000,5339.8000,5340.0000,5340.6000,5341.4000,5341.6000,2,3,1,1,1,5,1,1,1,2
SF,IC2003,2020-01-03 13:13:56.400,5338.8000,53331,0,7612327480.000,0,-,-,-,-,5338.8000,5338.0000,5335.6000,5335.4000,5335.2000,5339.8000,5340.0000,5340.6000,5341.4000,5341.6000,2,3,1,1,1,5,1,1,1,2
SF,IC2003,2020-01-03 13:13:56.900,5338.8000,53331,0,7612327480.000,0,-,-,-,-,5338.8000,5338.0000,5335.6000,5335.4000,5335.2000,5339.4000,5339.8000,5340.0000,5340.6000,5341.4000,2,3,1,1,1,1,5,1,1,1
SF,IC2003,2020-01-03 13:13:57.400,5339.4000,53330,-1,7613395360.000,1,0,1,双平,B,5338.8000,5338.0000,5335.6000,5335.4000,5335.2000,5339.8000,5340.0000,5340.6000,5341.4000,5341.6000,2,3,1,1,1,5,1,1,1,2
SF,IC2003,2020-01-03 13:13:57.900,5339.4000,53330,0,7613395360.000,0,-,-,-,-,5339.0000,5338.8000,5338.0000,5335.6000,5335.4000,5339.8000,5340.0000,5340.6000,5341.4000,5341.6000,2,2,3,1,1,2,1,1,1,2
SF,IC2003,2020-01-03 13:14:01.400,5339.0000,53328,-2,7615530960.000,2,0,2,双平,B,5338.8000,5338.0000,5335.6000,5335.4000,5335.2000,5339.0000,5339.2000,5339.8000,5340.0000,5340.6000,2,3,1,1,1,1,2,2,1,1
SF,IC2003,2020-01-03 13:14:01.900,5338.8000,53328,0,7617666480.000,2,1,1,空换,B,5338.0000,5335.6000,5335.4000,5335.2000,5335.0000,5338.8000,5340.0000,5340.6000,5341.4000,5341.6000,3,1,1,1,1,4,1,1,1,2
SF,IC2003,2020-01-03 13:14:02.400,5338.8000,53328,0,7617666480.000,0,-,-,-,-,5338.0000,5335.6000,5335.4000,5335.2000,5335.0000,5338.6000,5338.8000,5340.0000,5340.6000,5341.4000,3,1,1,1,1,2,4,1,1,1
SF,IC2003,2020-01-03 13:14:02.900,5338.8000,53328,0,7617666480.000,0,-,-,-,-,5338.0000,5335.6000,5335.4000,5335.2000,5335.0000,5338.4000,5338.6000,5338.8000,5340.0000,5340.6000,3,1,1,1,1,1,2,4,1,1
SF,IC2003,2020-01-03 13:14:03.400,5338.4000,53329,1,7618734160.000,1,1,0,双开,B,5338.0000,5335.6000,5335.4000,5335.2000,5335.0000,5338.4000,5338.6000,5338.8000,5340.0000,5340.6000,3,1,1,1,1,1,2,4,1,1
SF,IC2003,2020-01-03 13:14:03.900,5338.0000,53330,1,7619801760.000,1,1,0,双开,B,5338.0000,5335.6000,5335.4000,5335.2000,5335.0000,5338.4000,5338.6000,5338.8000,5340.0000,5340.6000,2,1,1,1,1,1,2,4,1,1
SF,IC2003,2020-01-03 13:14:05.400,5338.0000,53330,0,7619801760.000,0,-,-,-,-,5338.0000,5335.6000,5335.4000,5335.2000,5335.0000,5338.4000,5338.6000,5340.0000,5340.6000,5341.4000,2,1,1,1,1,1,2,1,1,1
SF,IC2003,2020-01-03 13:14:09.400,5338.0000,53330,0,7619801760.000,0,-,-,-,-,5338.0000,5335.6000,5335.4000,5335.2000,5335.0000,5338.4000,5338.6000,5340.0000,5340.6000,5341.4000,2,1,1,1,1,1,2,1,1,1
SF,IC2003,2020-01-03 13:14:11.400,5338.4000,53329,-1,7620869440.000,1,0,1,双平,B,5338.0000,5335.6000,5335.4000,5335.2000,5335.0000,5338.6000,5340.0000,5340.6000,5341.4000,5341.6000,2,1,1,1,1,2,1,1,1,2
SF,IC2003,2020-01-03 13:14:13.400,5338.4000,53329,0,7620869440.000,0,-,-,-,-,5338.0000,5335.6000,5335.4000,5335.2000,5335.0000,5338.6000,5340.0000,5340.6000,5341.4000,5341.6000,2,1,1,1,1,2,1,1,1,2
SF,IC2003,2020-01-03 13:14:15.900,5338.4000,53329,0,7620869440.000,0,-,-,-,-,5338.0000,5335.6000,5335.4000,5335.2000,5335.0000,5338.6000,5340.0000,5340.6000,5341.4000,5341.6000,2,1,1,1,1,2,1,1,1,2
SF,IC2003,2020-01-03 13:14:17.400,5338.4000,53329,0,7620869440.000,0,-,-,-,-,5338.0000,5335.6000,5335.4000,5335.2000,5335.0000,5338.4000,5338.6000,5340.0000,5340.6000,5341.4000,2,1,1,1,1,1,2,1,1,1
SF,IC2003,2020-01-03 13:14:22.900,5338.4000,53329,0,7621937120.000,1,0,1,空换,B,5338.0000,5335.6000,5335.4000,5335.2000,5335.0000,5338.6000,5340.0000,5340.6000,5341.4000,5341.6000,2,1,1,1,1,2,1,1,1,2
SF,IC2003,2020-01-03 13:14:23.400,5338.4000,53329,0,7621937120.000,0,-,-,-,-,5338.0000,5335.6000,5335.4000,5335.2000,5335.0000,5340.0000,5340.6000,5341.4000,5341.6000,5341.8000,2,1,1,1,1,1,1,1,2,1
SF,IC2003,2020-01-03 13:14:23.900,5338.4000,53329,0,7621937120.000,0,-,-,-,-,5338.2000,5338.0000,5335.6000,5335.4000,5335.2000,5339.6000,5339.8000,5340.0000,5340.6000,5341.4000,1,2,1,1,1,1,2,1,1,1
SF,IC2003,2020-01-03 13:14:24.400,5338.4000,53329,0,7621937120.000,0,-,-,-,-,5338.2000,5338.0000,5335.6000,5335.4000,5335.2000,5339.4000,5339.6000,5340.0000,5340.6000,5341.4000,1,2,1,1,1,2,1,1,1,1
SF,IC2003,2020-01-03 13:14:24.900,5338.4000,53329,0,7621937120.000,0,-,-,-,-,5338.0000,5335.6000,5335.4000,5335.2000,5335.0000,5339.4000,5339.6000,5340.0000,5340.6000,5341.4000,2,1,1,1,1,2,1,1,1,1
SF,IC2003,2020-01-03 13:14:27.400,5338.4000,53329,0,7621937120.000,0,-,-,-,-,5338.0000,5335.6000,5335.4000,5335.2000,5335.0000,5338.4000,5339.2000,5339.4000,5339.6000,5340.0000,2,1,1,1,1,2,1,2,1,1
SF,IC2003,2020-01-03 13:14:27.900,5338.4000,53329,0,7621937120.000,0,-,-,-,-,5338.0000,5335.6000,5335.4000,5335.2000,5335.0000,5339.2000,5339.4000,5339.6000,5340.0000,5340.6000,2,1,1,1,1,1,2,1,1,1
SF,IC2003,2020-01-03 13:14:28.400,5338.0000,53331,2,7624072320.000,2,2,0,双开,B,5335.6000,5335.4000,5335.2000,5335.0000,5334.6000,5339.2000,5340.0000,5340.6000,5341.4000,5341.6000,1,1,1,1,1,1,1,1,1,2
SF,IC2003,2020-01-03 13:14:28.900,5338.0000,53331,0,7624072320.000,0,-,-,-,-,5336.8000,5336.0000,5335.8000,5335.4000,5335.2000,5338.8000,5339.0000,5339.2000,5340.0000,5340.6000,1,1,6,1,1,1,3,1,1,1
SF,IC2003,2020-01-03 13:14:29.400,5336.8000,53332,1,7625139680.000,1,1,0,双开,B,5336.0000,5335.8000,5335.4000,5335.2000,5335.0000,5338.6000,5338.8000,5339.0000,5339.2000,5340.0000,1,4,1,1,1,4,1,2,1,1
SF,IC2003,2020-01-03 13:14:29.900,5336.8000,53332,0,7625139680.000,0,-,-,-,-,5336.2000,5336.0000,5335.8000,5335.4000,5335.2000,5338.4000,5338.6000,5338.8000,5339.0000,5339.2000,2,1,3,1,1,2,3,1,1,1
SF,IC2003,2020-01-03 13:14:30.400,5336.8000,53332,0,7625139680.000,0,-,-,-,-,5336.2000,5336.0000,5335.8000,5335.4000,5335.2000,5338.4000,5338.6000,5338.8000,5339.0000,5340.0000,2,1,2,1,1,2,1,1,1,1
SF,IC2003,2020-01-03 13:14:30.900,5336.8000,53332,0,7625139680.000,0,-,-,-,-,5336.2000,5336.0000,5335.8000,5335.4000,5335.2000,5338.2000,5338.4000,5338.8000,5339.0000,5340.0000,2,1,2,1,1,3,1,1,1,1
SF,IC2003,2020-01-03 13:14:31.400,5336.8000,53332,0,7625139680.000,0,-,-,-,-,5336.6000,5336.2000,5336.0000,5335.8000,5335.4000,5338.2000,5338.4000,5338.8000,5339.0000,5340.0000,1,2,1,2,1,3,1,1,1,1
SF,IC2003,2020-01-03 13:14:31.900,5336.8000,53332,0,7625139680.000,0,-,-,-,-,5336.2000,5336.0000,5335.8000,5335.4000,5335.2000,5338.2000,5339.0000,5340.0000,5340.6000,5341.4000,1,1,2,1,1,3,1,1,1,1
SF,IC2003,2020-01-03 13:14:33.400,5336.8000,53332,0,7625139680.000,0,-,-,-,-,5336.4000,5336.2000,5336.0000,5335.8000,5335.4000,5338.0000,5338.2000,5339.0000,5340.0000,5340.6000,1,1,1,2,1,1,3,1,1,1
SF,IC2003,2020-01-03 13:14:33.900,5336.8000,53332,0,7625139680.000,0,-,-,-,-,5336.6000,5336.4000,5336.2000,5335.8000,5335.4000,5337.8000,5338.0000,5339.0000,5340.0000,5340.6000,1,1,1,2,1,1,1,1,1,1
SF,IC2003,2020-01-03 13:14:34.400,5336.8000,53332,0,7625139680.000,0,-,-,-,-,5336.8000,5336.6000,5335.8000,5335.4000,5335.2000,5337.8000,5339.0000,5340.0000,5340.6000,5341.4000,1,1,1,1,1,1,1,1,1,1
SF,IC2003,2020-01-03 13:14:34.900,5336.8000,53332,0,7625139680.000,0,-,-,-,-,5336.8000,5335.8000,5335.4000,5335.2000,5335.0000,5337.8000,5339.0000,5340.0000,5340.6000,5341.4000,1,1,1,1,1,1,1,1,1,1
SF,IC2003,2020-01-03 13:14:35.400,5336.8000,53332,0,7625139680.000,0,-,-,-,-,5336.8000,5335.8000,5335.4000,5335.2000,5335.0000,5339.0000,5340.0000,5340.6000,5341.4000,5341.6000,1,1,1,1,1,1,1,1,1,2
SF,IC2003,2020-01-03 13:14:35.900,5336.8000,53332,0,7625139680.000,0,-,-,-,-,5336.8000,5335.8000,5335.4000,5335.2000,5335.0000,5338.6000,5339.0000,5340.0000,5340.6000,5341.4000,1,1,1,1,1,3,1,1,1,1
SF,IC2003,2020-01-03 13:14:36.400,5336.8000,53332,0,7625139680.000,0,-,-,-,-,5336.8000,5335.8000,5335.4000,5335.2000,5335.0000,5338.6000,5339.0000,5340.0000,5340.6000,5341.4000,1,1,1,1,1,1,1,1,1,1
SF,IC2003,2020-01-03 13:14:36.900,5336.8000,53332,0,7625139680.000,0,-,-,-,-,5337.0000,5336.8000,5335.8000,5335.4000,5335.2000,5338.6000,5339.0000,5339.2000,5340.0000,5340.6000,1,1,1,1,1,1,1,1,1,1
SF,IC2003,2020-01-03 13:14:37.400,5336.8000,53332,0,7625139680.000,0,-,-,-,-,5337.0000,5336.8000,5335.8000,5335.4000,5335.2000,5338.4000,5338.6000,5339.2000,5340.0000,5340.6000,2,1,1,1,1,2,1,1,1,1
SF,IC2003,2020-01-03 13:14:37.900,5337.0000,53332,0,7626207080.000,1,0,1,空换,B,5337.0000,5336.8000,5335.8000,5335.4000,5335.2000,5338.4000,5338.6000,5339.2000,5340.0000,5340.6000,1,1,1,1,1,2,1,1,1,1
SF,IC2003,2020-01-03 13:14:38.900,5337.0000,53332,0,7626207080.000,0,-,-,-,-,5337.0000,5336.8000,5335.8000,5335.4000,5335.2000,5338.2000,5338.4000,5338.6000,5339.2000,5340.0000,1,1,1,1,1,1,2,1,1,1
SF,IC2003,2020-01-03 13:14:40.400,5335.8000,53330,-2,7629409000.000,3,0,3,空平,B,5335.2000,5335.0000,5334.6000,5334.0000,5333.0000,5338.2000,5338.4000,5338.6000,5339.2000,5340.0000,1,1,1,1,3,1,2,1,1,1
SF,IC2003,2020-01-03 13:14:40.900,5335.8000,53330,0,7629409000.000,0,-,-,-,-,5336.6000,5336.4000,5336.2000,5335.6000,5335.4000,5338.0000,5338.2000,5339.2000,5340.0000,5340.6000,1,1,2,1,2,2,1,1,1,1
SF,IC2003,2020-01-03 13:14:41.400,5335.8000,53330,0,7629409000.000,0,-,-,-,-,5336.6000,5336.4000,5336.2000,5335.6000,5335.4000,5337.8000,5338.2000,5339.2000,5340.0000,5340.6000,1,1,2,1,2,2,1,1,1,1
SF,IC2003,2020-01-03 13:14:41.900,5335.8000,53330,0,7629409000.000,0,-,-,-,-,5337.4000,5336.4000,5336.2000,5335.6000,5335.4000,5337.8000,5338.2000,5339.2000,5340.0000,5340.6000,1,1,2,1,2,2,1,1,1,1
SF,IC2003,2020-01-03 13:14:42.900,5335.8000,53330,0,7629409000.000,0,-,-,-,-,5337.4000,5336.4000,5336.2000,5335.6000,5335.4000,5337.8000,5339.2000,5340.0000,5340.6000,5341.4000,1,1,2,1,2,2,1,1,1,1
SF,IC2003,2020-01-03 13:14:43.400,5335.8000,53330,0,7629409000.000,0,-,-,-,-,5337.4000,5336.4000,5336.2000,5335.8000,5335.6000,5337.8000,5339.2000,5340.0000,5340.6000,5341.4000,1,1,2,1,1,2,1,1,1,1
SF,IC2003,2020-01-03 13:14:44.400,5337.4000,53329,-1,7630476480.000,1,0,1,双平,B,5336.4000,5336.2000,5336.0000,5335.8000,5335.6000,5337.4000,5337.8000,5339.2000,5340.0000,5340.6000,1,3,2,1,1,4,2,1,1,1
SF,IC2003,2020-01-03 13:14:44.900,5337.4000,53329,0,7630476480.000,0,-,-,-,-,5336.4000,5336.2000,5336.0000,5335.8000,5335.6000,5337.4000,5337.8000,5339.2000,5340.0000,5340.6000,1,3,2,1,1,4,2,1,1,1
SF,IC2003,2020-01-03 13:14:45.900,5337.4000,53329,0,7630476480.000,0,-,-,-,-,5336.4000,5336.2000,5336.0000,5335.6000,5335.4000,5337.4000,5337.8000,5339.2000,5340.0000,5340.6000,1,2,2,1,1,4,2,1,1,1
SF,IC2003,2020-01-03 13:14:46.900,5337.4000,53329,0,7630476480.000,0,-,-,-,-,5336.6000,5336.4000,5336.2000,5336.0000,5335.8000,5337.4000,5337.8000,5339.2000,5340.0000,5340.6000,1,1,2,2,1,4,2,1,1,1
SF,IC2003,2020-01-03 13:14:48.900,5337.4000,53329,0,7630476480.000,0,-,-,-,-,5336.6000,5336.4000,5336.2000,5336.0000,5335.8000,5337.4000,5337.8000,5339.2000,5340.0000,5340.6000,1,1,2,2,1,4,2,1,1,1
SF,IC2003,2020-01-03 13:14:49.400,5336.6000,53328,-1,7631543800.000,1,0,1,双平,B,5336.0000,5335.8000,5335.6000,5335.4000,5335.2000,5336.6000,5336.8000,5337.4000,5339.2000,5340.0000,2,1,1,1,1,1,1,4,1,1
SF,IC2003,2020-01-03 13:14:49.900,5336.6000,53328,0,7631543800.000,0,-,-,-,-,5336.0000,5335.6000,5335.4000,5335.2000,5335.0000,5337.4000,5339.2000,5340.0000,5340.6000,5341.4000,2,1,1,1,1,4,1,1,1,1
SF,IC2003,2020-01-03 13:14:50.400,5336.6000,53328,0,7631543800.000,0,-,-,-,-,5336.0000,5335.4000,5335.2000,5335.0000,5334.6000,5337.2000,5337.4000,5339.2000,5340.0000,5340.6000,2,1,1,1,1,2,4,1,1,1
SF,IC2003,2020-01-03 13:14:52.400,5336.6000,53328,0,7631543800.000,0,-,-,-,-,5336.0000,5335.4000,5335.2000,5335.0000,5334.6000,5337.0000,5337.2000,5337.4000,5339.2000,5340.0000,2,1,1,1,1,2,2,4,1,1
SF,IC2003,2020-01-03 13:14:52.900,5336.6000,53328,0,7631543800.000,0,-,-,-,-,5336.0000,5335.0000,5334.6000,5334.2000,5334.0000,5337.0000,5337.4000,5338.0000,5339.2000,5340.0000,2,1,1,1,1,2,4,1,1,1
SF,IC2003,2020-01-03 13:14:53.400,5336.6000,53328,0,7631543800.000,0,-,-,-,-,5336.0000,5335.0000,5334.6000,5334.2000,5334.0000,5336.8000,5337.0000,5337.4000,5338.0000,5339.2000,2,1,1,1,1,2,2,4,1,1
SF,IC2003,2020-01-03 13:14:53.900,5336.6000,53328,0,7631543800.000,0,-,-,-,-,5336.0000,5334.6000,5334.2000,5334.0000,5333.0000,5336.8000,5337.0000,5337.4000,5338.0000,5339.2000,2,1,1,1,3,2,2,4,1,1
SF,IC2003,2020-01-03 13:14:54.400,5336.0000,53329,1,7632611000.000,1,1,0,双开,B,5336.0000,5334.6000,5334.2000,5334.0000,5333.0000,5336.8000,5337.0000,5337.4000,5338.0000,5339.2000,1,1,1,1,3,2,1,4,1,1
SF,IC2003,2020-01-03 13:14:54.900,5336.0000,53329,0,7633678200.000,1,0,1,空换,B,5334.6000,5334.2000,5334.0000,5333.0000,5332.6000,5336.8000,5337.0000,5337.4000,5338.0000,5339.2000,1,1,1,3,1,2,1,4,1,1
SF,IC2003,2020-01-03 13:14:55.400,5336.0000,53329,0,7633678200.000,0,-,-,-,-,5334.6000,5334.2000,5334.0000,5333.0000,5332.6000,5336.4000,5336.8000,5337.0000,5337.4000,5338.0000,1,1,1,3,1,2,2,1,4,1
SF,IC2003,2020-01-03 13:14:55.900,5336.0000,53329,0,7633678200.000,0,-,-,-,-,5334.6000,5334.2000,5334.0000,5333.0000,5332.6000,5336.4000,5337.0000,5337.4000,5338.0000,5339.2000,1,1,1,3,1,2,1,4,1,1
SF,IC2003,2020-01-03 13:14:56.400,5336.0000,53328,-1,7634745400.000,1,0,1,双平,B,5334.6000,5334.2000,5334.0000,5333.0000,5332.6000,5336.0000,5336.2000,5337.0000,5337.4000,5338.0000,1,1,1,3,1,1,2,1,4,1
SF,IC2003,2020-01-03 13:14:56.900,5336.0000,53328,0,7634745400.000,0,-,-,-,-,5334.8000,5334.6000,5334.2000,5334.0000,5333.0000,5337.0000,5337.4000,5338.0000,5339.2000,5340.0000,1,1,1,1,3,1,4,1,1,1
SF,IC2003,2020-01-03 13:14:57.400,5336.0000,53328,0,7634745400.000,0,-,-,-,-,5334.8000,5334.6000,5334.2000,5334.0000,5333.0000,5336.4000,5336.6000,5336.8000,5337.0000,5337.4000,1,1,1,1,3,1,1,2,1,4
SF,IC2003,2020-01-03 13:14:57.900,5336.0000,53328,0,7634745400.000,0,-,-,-,-,5334.8000,5334.6000,5334.2000,5334.0000,5333.0000,5336.4000,5337.0000,5337.4000,5338.0000,5339.2000,1,1,1,1,3,1,1,4,1,1
SF,IC2003,2020-01-03 13:14:58.400,5336.0000,53328,0,7634745400.000,0,-,-,-,-,5334.8000,5334.6000,5334.2000,5334.0000,5333.0000,5336.2000,5336.4000,5337.0000,5337.4000,5338.0000,1,1,1,1,3,2,1,1,4,1
SF,IC2003,2020-01-03 13:14:58.900,5336.0000,53328,0,7634745400.000,0,-,-,-,-,5334.8000,5334.6000,5334.2000,5334.0000,5333.0000,5336.2000,5336.4000,5337.0000,5337.4000,5338.0000,2,1,1,1,3,2,1,1,4,1
SF,IC2003,2020-01-03 13:14:59.400,5336.0000,53328,0,7634745400.000,0,-,-,-,-,5335.0000,5334.8000,5334.6000,5334.2000,5334.0000,5336.2000,5336.4000,5337.0000,5337.4000,5338.0000,1,1,1,1,1,2,1,1,4,1
SF,IC2003,2020-01-03 13:14:59.900,5336.0000,53328,0,7634745400.000,0,-,-,-,-,5335.0000,5334.8000,5334.6000,5334.2000,5334.0000,5336.4000,5337.4000,5338.0000,5339.2000,5340.0000,1,1,1,1,1,1,4,1,1,1
SF,IC2003,2020-01-03 13:15:00.400,5336.0000,53328,0,7634745400.000,0,-,-,-,-,5335.2000,5335.0000,5334.6000,5334.2000,5334.0000,5336.2000,5336.4000,5337.4000,5338.0000,5339.2000,1,1,1,1,1,3,1,4,1,1
SF,IC2003,2020-01-03 13:15:00.900,5336.0000,53328,0,7634745400.000,0,-,-,-,-,5335.2000,5334.6000,5334.0000,5333.0000,5332.6000,5336.2000,5336.4000,5337.4000,5338.0000,5339.2000,1,1,1,3,1,3,1,4,1,1
SF,IC2003,2020-01-03 13:15:01.400,5336.0000,53328,0,7634745400.000,0,-,-,-,-,5335.4000,5335.2000,5334.6000,5334.0000,5333.0000,5336.2000,5336.4000,5337.4000,5338.0000,5339.2000,1,1,1,1,3,3,1,4,1,1
SF,IC2003,2020-01-03 13:15:01.900,5336.0000,53328,0,7634745400.000,0,-,-,-,-,5335.2000,5334.6000,5334.0000,5333.0000,5332.6000,5336.2000,5336.4000,5337.4000,5338.0000,5339.2000,1,1,1,3,1,3,1,4,1,1
SF,IC2003,2020-01-03 13:15:02.400,5336.0000,53328,0,7634745400.000,0,-,-,-,-,5335.2000,5334.6000,5334.0000,5333.0000,5332.6000,5336.2000,5336.4000,5337.4000,5338.0000,5339.2000,1,1,1,3,1,3,1,4,1,1
SF,IC2003,2020-01-03 13:15:02.900,5335.6000,53328,0,7635812520.000,1,0,1,空换,B,5335.2000,5335.0000,5334.8000,5334.6000,5334.0000,5336.2000,5336.4000,5337.4000,5338.0000,5339.2000,1,1,1,1,1,3,1,4,1,1
SF,IC2003,2020-01-03 13:15:04.400,5336.2000,53327,-1,7637947000.000,2,0,2,空平,B,5335.2000,5335.0000,5334.8000,5334.6000,5334.0000,5336.2000,5336.4000,5337.4000,5338.0000,5339.2000,1,1,1,1,1,1,1,4,1,1
SF,IC2003,2020-01-03 13:15:04.900,5336.2000,53327,0,7637947000.000,0,-,-,-,-,5335.4000,5335.2000,5335.0000,5334.8000,5334.6000,5336.2000,5336.4000,5337.4000,5338.0000,5339.2000,2,1,1,1,1,1,1,4,1,1
SF,IC2003,2020-01-03 13:15:05.400,5336.2000,53327,0,7637947000.000,0,-,-,-,-,5335.4000,5335.2000,5335.0000,5334.8000,5334.6000,5336.2000,5336.4000,5337.4000,5338.0000,5339.2000,2,1,1,1,1,1,1,4,1,1
SF,IC2003,2020-01-03 13:15:05.900,5336.2000,53327,0,7637947000.000,0,-,-,-,-,5335.2000,5335.0000,5334.8000,5334.6000,5334.0000,5336.2000,5336.4000,5337.4000,5338.0000,5340.0000,1,1,1,1,1,1,1,4,1,1
SF,IC2003,2020-01-03 13:15:06.400,5335.2000,53327,0,7639014040.000,1,0,1,空换,B,5335.0000,5334.8000,5334.6000,5334.0000,5333.0000,5336.2000,5336.4000,5337.4000,5338.0000,5340.0000,1,1,1,1,3,1,1,4,1,1
SF,IC2003,2020-01-03 13:15:06.900,5335.2000,53327,0,7639014040.000,0,-,-,-,-,5335.0000,5334.8000,5334.6000,5334.0000,5333.0000,5336.2000,5336.4000,5337.4000,5338.0000,5340.0000,1,1,1,1,3,1,1,4,1,1
SF,IC2003,2020-01-03 13:15:07.900,5336.2000,53326,-1,7640081280.000,1,0,1,双平,B,5335.0000,5334.8000,5334.6000,5334.0000,5333.0000,5336.4000,5337.4000,5338.0000,5340.0000,5340.6000,1,1,1,1,3,1,4,1,1,1
SF,IC2003,2020-01-03 13:15:08.400,5336.2000,53326,0,7640081280.000,0,-,-,-,-,5335.0000,5334.8000,5334.6000,5334.0000,5333.0000,5335.8000,5336.4000,5337.4000,5338.0000,5340.0000,1,1,1,1,3,1,2,4,1,1
SF,IC2003,2020-01-03 13:15:08.900,5336.2000,53326,0,7640081280.000,0,-,-,-,-,5335.0000,5334.8000,5334.6000,5334.0000,5333.0000,5335.8000,5336.4000,5337.4000,5338.0000,5340.0000,5,1,1,1,3,1,2,4,1,1
SF,IC2003,2020-01-03 13:15:09.400,5335.8000,53327,1,7641148440.000,1,1,0,双开,B,5335.0000,5334.8000,5334.6000,5334.0000,5333.0000,5336.4000,5337.4000,5338.0000,5340.0000,5340.6000,5,1,1,1,3,1,4,1,1,1
SF,IC2003,2020-01-03 13:15:09.900,5335.8000,53327,0,7641148440.000,0,-,-,-,-,5335.2000,5335.0000,5334.8000,5334.6000,5334.0000,5336.4000,5337.4000,5338.0000,5340.0000,5340.6000,1,5,1,1,1,1,4,1,1,1
SF,IC2003,2020-01-03 13:15:10.400,5335.8000,53327,0,7641148440.000,0,-,-,-,-,5335.0000,5334.8000,5334.6000,5334.0000,5333.0000,5336.4000,5337.4000,5338.0000,5340.0000,5340.6000,5,1,1,1,3,1,4,1,1,1
SF,IC2003,2020-01-03 13:15:10.900,5335.8000,53327,0,7641148440.000,0,-,-,-,-,5336.0000,5335.0000,5334.8000,5334.6000,5334.0000,5337.4000,5338.0000,5340.0000,5340.6000,5341.4000,2,5,1,1,1,4,1,1,1,1
SF,IC2003,2020-01-03 13:15:11.400,5335.8000,53327,0,7641148440.000,0,-,-,-,-,5336.8000,5336.6000,5335.0000,5334.8000,5334.6000,5337.4000,5338.0000,5340.0000,5340.6000,5341.4000,1,1,5,1,1,4,1,1,1,1
SF,IC2003,2020-01-03 13:15:11.900,5336.8000,53327,0,7642215800.000,1,0,1,空换,B,5336.6000,5335.0000,5334.8000,5334.6000,5334.0000,5336.8000,5337.4000,5338.0000,5340.0000,5340.6000,1,5,1,1,1,1,4,1,1,1
SF,IC2003,2020-01-03 13:15:12.400,5336.6000,53328,1,7644350480.000,2,1,1,多开,B,5335.0000,5334.8000,5334.6000,5334.0000,5333.0000,5336.6000,5337.2000,5337.4000,5338.0000,5340.0000,5,1,1,1,3,1,1,4,1,1
SF,IC2003,2020-01-03 13:15:12.900,5335.6000,53329,1,7645417600.000,1,1,0,双开,B,5335.0000,5334.8000,5334.6000,5334.0000,5333.0000,5337.4000,5338.0000,5340.0000,5340.6000,5341.4000,5,1,1,1,3,4,1,1,1,1
SF,IC2003,2020-01-03 13:15:13.400,5335.6000,53329,0,7645417600.000,0,-,-,-,-,5335.4000,5335.0000,5334.8000,5334.6000,5334.0000,5338.0000,5340.0000,5340.6000,5341.4000,5341.6000,1,5,1,1,1,1,1,1,1,2
SF,IC2003,2020-01-03 13:15:13.900,5335.6000,53329,0,7645417600.000,0,-,-,-,-,5335.6000,5335.0000,5334.8000,5334.6000,5334.0000,5337.6000,5337.8000,5338.0000,5340.0000,5340.6000,1,5,1,1,1,1,1,1,1,1
SF,IC2003,2020-01-03 13:15:14.400,5335.6000,53329,0,7645417600.000,0,-,-,-,-,5336.0000,5335.8000,5335.0000,5334.8000,5334.6000,5337.6000,5337.8000,5338.0000,5340.0000,5340.6000,1,1,5,1,1,1,1,1,1,1
SF,IC2003,2020-01-03 13:15:14.900,5335.6000,53329,0,7645417600.000,0,-,-,-,-,5335.0000,5334.8000,5334.6000,5334.0000,5333.0000,5336.8000,5337.6000,5338.0000,5340.0000,5340.6000,5,1,1,1,3,1,1,1,1,1
SF,IC2003,2020-01-03 13:15:15.400,5335.6000,53329,0,7645417600.000,0,-,-,-,-,5335.4000,5335.0000,5334.8000,5334.6000,5334.0000,5338.0000,5340.0000,5340.6000,5341.4000,5341.6000,1,5,1,1,1,1,1,1,1,2
SF,IC2003,2020-01-03 13:15:15.900,5335.6000,53329,0,7645417600.000,0,-,-,-,-,5335.6000,5335.0000,5334.8000,5334.6000,5334.0000,5337.4000,5337.6000,5337.8000,5338.0000,5340.0000,1,5,1,1,1,1,2,1,1,1
SF,IC2003,2020-01-03 13:15:16.400,5335.6000,53329,0,7645417600.000,0,-,-,-,-,5335.0000,5334.8000,5334.6000,5334.0000,5333.0000,5337.0000,5337.2000,5337.4000,5337.6000,5338.0000,5,1,1,1,3,1,1,1,1,1
SF,IC2003,2020-01-03 13:15:16.900,5335.6000,53329,0,7645417600.000,0,-,-,-,-,5335.2000,5335.0000,5334.8000,5334.6000,5334.0000,5337.2000,5337.4000,5337.6000,5338.0000,5340.0000,1,5,1,1,1,1,1,1,1,1
SF,IC2003,2020-01-03 13:15:17.400,5335.6000,53329,0,7645417600.000,0,-,-,-,-,5335.0000,5334.8000,5334.6000,5334.0000,5333.0000,5337.0000,5337.2000,5337.4000,5337.6000,5338.0000,5,1,1,1,3,1,1,1,1,1
SF,IC2003,2020-01-03 13:15:17.900,5335.6000,53329,0,7645417600.000,0,-,-,-,-,5335.0000,5334.8000,5334.6000,5334.0000,5333.0000,5336.8000,5337.2000,5337.6000,5338.0000,5340.0000,5,1,1,1,3,1,1,1,1,1
SF,IC2003,2020-01-03 13:15:18.400,5335.6000,53329,0,7645417600.000,0,-,-,-,-,5335.2000,5335.0000,5334.8000,5334.6000,5334.0000,5336.4000,5337.2000,5337.6000,5338.0000,5340.0000,1,5,1,1,1,1,1,1,1,1
SF,IC2003,2020-01-03 13:15:18.900,5335.6000,53329,0,7645417600.000,0,-,-,-,-,5335.2000,5335.0000,5334.8000,5334.6000,5334.0000,5337.2000,5337.6000,5338.0000,5340.0000,5340.6000,1,5,1,1,1,1,1,1,1,1
SF,IC2003,2020-01-03 13:15:19.400,5335.6000,53329,0,7645417600.000,0,-,-,-,-,5335.2000,5335.0000,5334.8000,5334.6000,5334.0000,5337.0000,5337.2000,5337.6000,5338.0000,5340.0000,1,5,1,1,1,1,1,1,1,1
SF,IC2003,2020-01-03 13:15:20.400,5335.6000,53329,0,7645417600.000,0,-,-,-,-,5335.2000,5335.0000,5334.8000,5334.6000,5334.0000,5337.2000,5337.6000,5338.0000,5340.0000,5340.6000,1,5,1,1,1,1,1,1,1,1
SF,IC2003,2020-01-03 13:15:20.900,5335.6000,53329,0,7645417600.000,0,-,-,-,-,5335.2000,5335.0000,5334.8000,5334.6000,5334.0000,5337.0000,5337.2000,5337.6000,5338.0000,5340.0000,1,5,1,1,1,1,1,1,1,1
SF,IC2003,2020-01-03 13:15:21.400,5335.6000,53329,0,7645417600.000,0,-,-,-,-,5335.2000,5335.0000,5334.8000,5334.6000,5334.0000,5336.6000,5337.2000,5337.6000,5340.0000,5340.6000,1,5,1,1,1,1,1,1,1,1
SF,IC2003,2020-01-03 13:15:21.900,5335.6000,53329,0,7645417600.000,0,-,-,-,-,5335.2000,5335.0000,5334.8000,5334.6000,5334.0000,5335.6000,5336.4000,5336.6000,5337.2000,5337.6000,1,5,1,1,1,1,1,1,1,1
SF,IC2003,2020-01-03 13:15:22.400,5335.6000,53329,0,7645417600.000,0,-,-,-,-,5335.2000,5335.0000,5334.8000,5334.6000,5334.0000,5335.6000,5336.4000,5337.6000,5340.0000,5340.6000,1,5,1,1,1,1,1,1,1,1
SF,IC2003,2020-01-03 13:15:22.900,5335.2000,53329,0,7646484640.000,1,0,1,空换,B,5335.0000,5334.8000,5334.6000,5334.0000,5333.0000,5335.2000,5335.6000,5336.4000,5337.6000,5340.0000,5,1,1,1,3,1,1,1,1,1
SF,IC2003,2020-01-03 13:15:23.400,5335.2000,53329,0,7647551680.000,1,0,1,空换,B,5335.2000,5335.0000,5334.8000,5334.6000,5334.0000,5335.6000,5336.4000,5337.6000,5340.0000,5340.6000,1,5,1,1,1,1,1,1,1,1
SF,IC2003,2020-01-03 13:15:23.900,5335.2000,53329,0,7647551680.000,0,-,-,-,-,5335.2000,5335.0000,5334.8000,5334.6000,5334.0000,5337.6000,5340.0000,5340.6000,5341.4000,5341.6000,1,5,1,1,1,1,1,1,1,2
SF,IC2003,2020-01-03 13:15:24.400,5335.4000,53328,-1,7649685800.000,2,0,2,空平,B,5335.0000,5334.8000,5334.6000,5334.0000,5333.0000,5336.8000,5337.2000,5337.4000,5337.6000,5340.0000,5,1,1,1,3,1,1,1,1,1
SF,IC2003,2020-01-03 13:15:24.900,5335.4000,53328,0,7649685800.000,0,-,-,-,-,5335.4000,5335.0000,5334.8000,5334.6000,5334.0000,5336.8000,5337.4000,5337.6000,5340.0000,5340.6000,1,5,1,1,1,1,1,1,1,1
SF,IC2003,2020-01-03 13:15:25.400,5335.4000,53328,0,7649685800.000,0,-,-,-,-,5335.0000,5334.8000,5334.6000,5334.0000,5333.0000,5337.4000,5337.6000,5340.0000,5340.6000,5341.4000,5,1,1,1,3,1,1,1,1,1
SF,IC2003,2020-01-03 13:15:25.900,5335.4000,53328,0,7649685800.000,0,-,-,-,-,5335.4000,5335.2000,5335.0000,5334.8000,5334.6000,5337.4000,5337.6000,5340.0000,5340.6000,5341.4000,1,1,5,1,1,1,1,1,1,1
SF,IC2003,2020-01-03 13:15:26.400,5335.4000,53328,0,7649685800.000,0,-,-,-,-,5335.6000,5335.2000,5335.0000,5334.8000,5334.6000,5337.6000,5340.0000,5340.6000,5341.4000,5341.6000,1,1,5,1,1,1,1,1,1,2
SF,IC2003,2020-01-03 13:15:26.900,5335.4000,53328,0,7649685800.000,0,-,-,-,-,5335.8000,5335.2000,5335.0000,5334.8000,5334.6000,5337.6000,5340.0000,5340.6000,5341.4000,5341.6000,1,1,5,1,1,1,1,1,1,2
SF,IC2003,2020-01-03 13:15:27.400,5335.4000,53328,0,7649685800.000,0,-,-,-,-,5336.2000,5335.2000,5335.0000,5334.8000,5334.6000,5337.4000,5340.0000,5340.6000,5341.4000,5341.6000,1,1,5,1,1,1,1,1,1,2
SF,IC2003,2020-01-03 13:15:27.900,5335.4000,53328,0,7649685800.000,0,-,-,-,-,5336.2000,5335.2000,5335.0000,5334.8000,5334.6000,5337.4000,5340.0000,5340.6000,5341.4000,5341.6000,1,1,5,1,1,1,1,1,1,2
SF,IC2003,2020-01-03 13:15:29.400,5335.4000,53328,0,7649685800.000,0,-,-,-,-,5336.2000,5335.2000,5335.0000,5334.8000,5334.6000,5337.2000,5337.4000,5340.0000,5340.6000,5341.4000,1,1,5,1,1,1,1,1,1,1
SF,IC2003,2020-01-03 13:15:30.400,5335.4000,53328,0,7649685800.000,0,-,-,-,-,5335.2000,5335.0000,5334.8000,5334.6000,5334.0000,5337.2000,5337.4000,5340.0000,5340.6000,5341.4000,1,5,1,1,1,1,1,1,1,1
SF,IC2003,2020-01-03 13:15:30.900,5335.4000,53328,0,7649685800.000,0,-,-,-,-,5335.4000,5335.2000,5335.0000,5334.8000,5334.6000,5337.2000,5337.4000,5340.0000,5340.6000,5341.4000,1,1,5,1,1,1,1,1,1,1
SF,IC2003,2020-01-03 13:15:31.400,5335.4000,53328,0,7649685800.000,0,-,-,-,-,5335.8000,5335.2000,5335.0000,5334.8000,5334.6000,5337.2000,5337.4000,5340.0000,5340.6000,5341.4000,1,1,5,1,1,1,1,1,1,1
SF,IC2003,2020-01-03 13:15:31.900,5335.4000,53328,0,7649685800.000,0,-,-,-,-,5335.8000,5335.2000,5335.0000,5334.8000,5334.6000,5337.2000,5337.4000,5340.0000,5340.6000,5341.4000,2,1,5,1,1,1,1,1,1,1
SF,IC2003,2020-01-03 13:15:32.400,5335.4000,53328,0,7649685800.000,0,-,-,-,-,5335.8000,5335.2000,5335.0000,5334.8000,5334.6000,5337.2000,5337.4000,5340.0000,5340.6000,5341.4000,1,1,5,1,1,1,1,1,1,1
SF,IC2003,2020-01-03 13:15:34.900,5335.4000,53328,0,7649685800.000,0,-,-,-,-,5335.2000,5335.0000,5334.8000,5334.6000,5334.0000,5337.2000,5337.4000,5340.0000,5340.6000,5341.4000,1,5,1,1,1,1,1,1,1,1
SF,IC2003,2020-01-03 13:15:35.400,5335.4000,53328,0,7649685800.000,0,-,-,-,-,5335.2000,5335.0000,5334.8000,5334.6000,5334.0000,5337.0000,5337.2000,5337.4000,5340.0000,5340.6000,1,5,1,1,1,1,1,1,1,1
SF,IC2003,2020-01-03 13:15:35.900,5335.4000,53328,0,7649685800.000,0,-,-,-,-,5335.2000,5335.0000,5334.8000,5334.6000,5334.0000,5336.6000,5337.2000,5337.4000,5340.0000,5340.6000,1,5,1,1,1,1,1,1,1,1
SF,IC2003,2020-01-03 13:15:36.900,5335.4000,53328,0,7649685800.000,0,-,-,-,-,5335.2000,5335.0000,5334.8000,5334.6000,5334.0000,5337.2000,5337.4000,5340.0000,5340.6000,5341.4000,1,5,1,1,1,1,1,1,1,1
SF,IC2003,2020-01-03 13:15:37.400,5335.4000,53328,0,7649685800.000,0,-,-,-,-,5336.2000,5335.0000,5334.8000,5334.6000,5334.0000,5337.0000,5337.2000,5337.4000,5340.0000,5340.6000,1,5,1,1,1,1,1,1,1,1
SF,IC2003,2020-01-03 13:15:37.900,5335.4000,53328,0,7649685800.000,0,-,-,-,-,5336.2000,5335.2000,5335.0000,5334.6000,5334.0000,5337.2000,5337.4000,5340.0000,5340.6000,5341.4000,1,1,5,1,1,1,1,1,1,1
SF,IC2003,2020-01-03 13:15:38.400,5335.4000,53328,0,7649685800.000,0,-,-,-,-,5336.2000,5335.2000,5335.0000,5334.6000,5334.0000,5337.2000,5337.4000,5340.0000,5340.6000,5341.4000,1,1,5,1,1,1,1,1,1,1
SF,IC2003,2020-01-03 13:15:42.900,5335.4000,53328,0,7649685800.000,0,-,-,-,-,5336.2000,5335.2000,5335.0000,5334.6000,5334.0000,5337.4000,5340.0000,5340.6000,5341.4000,5341.6000,1,1,5,1,1,1,1,1,1,2
SF,IC2003,2020-01-03 13:15:43.400,5335.4000,53328,0,7649685800.000,0,-,-,-,-,5335.2000,5335.0000,5334.6000,5334.0000,5333.0000,5337.4000,5340.0000,5340.6000,5341.4000,5341.6000,1,5,1,1,3,1,1,1,1,2
SF,IC2003,2020-01-03 13:15:43.900,5335.4000,53328,0,7649685800.000,0,-,-,-,-,5336.8000,5335.6000,5335.2000,5335.0000,5334.6000,5337.4000,5340.0000,5340.6000,5341.4000,5341.6000,1,1,1,5,1,1,1,1,1,2
SF,IC2003,2020-01-03 13:15:44.400,5335.4000,53328,0,7649685800.000,0,-,-,-,-,5336.8000,5335.2000,5335.0000,5334.6000,5334.0000,5337.4000,5340.0000,5340.6000,5341.4000,5341.6000,1,1,5,1,1,1,1,1,1,2
SF,IC2003,2020-01-03 13:15:44.900,5335.4000,53328,0,7649685800.000,0,-,-,-,-,5336.8000,5335.6000,5335.2000,5335.0000,5334.6000,5337.4000,5340.0000,5340.6000,5341.4000,5341.6000,1,1,1,5,1,1,1,1,1,2
SF,IC2003,2020-01-03 13:15:45.400,5337.4000,53327,-1,7650753280.000,1,0,1,双平,B,5336.8000,5335.6000,5335.2000,5335.0000,5334.6000,5340.0000,5340.6000,5341.4000,5341.6000,5341.8000,1,1,1,5,1,1,1,1,2,1
SF,IC2003,2020-01-03 13:15:45.900,5337.4000,53327,0,7650753280.000,0,-,-,-,-,5337.0000,5336.8000,5335.6000,5335.2000,5335.0000,5338.8000,5339.0000,5339.2000,5339.6000,5339.8000,2,1,1,1,5,1,1,1,2,1
SF,IC2003,2020-01-03 13:15:46.400,5337.4000,53327,0,7650753280.000,0,-,-,-,-,5336.8000,5335.6000,5335.2000,5335.0000,5334.6000,5338.4000,5338.6000,5338.8000,5339.0000,5339.2000,1,1,1,5,1,1,1,1,1,1
SF,IC2003,2020-01-03 13:15:46.900,5337.4000,53327,0,7650753280.000,0,-,-,-,-,5336.8000,5335.6000,5335.2000,5335.0000,5334.6000,5338.6000,5338.8000,5339.0000,5339.2000,5339.6000,1,1,1,5,1,1,1,1,1,1
SF,IC2003,2020-01-03 13:15:47.400,5337.4000,53327,0,7650753280.000,0,-,-,-,-,5336.8000,5335.6000,5335.2000,5335.0000,5334.6000,5338.2000,5338.6000,5338.8000,5339.0000,5339.2000,1,1,1,5,1,1,1,1,1,1
SF,IC2003,2020-01-03 13:15:47.900,5337.4000,53327,0,7650753280.000,0,-,-,-,-,5336.8000,5335.6000,5335.2000,5335.0000,5334.6000,5338.6000,5338.8000,5339.0000,5339.2000,5339.6000,1,1,1,5,1,1,1,1,1,1
SF,IC2003,2020-01-03 13:15:48.400,5337.4000,53327,0,7650753280.000,0,-,-,-,-,5337.2000,5336.8000,5335.6000,5335.2000,5335.0000,5338.8000,5339.0000,5339.2000,5339.6000,5339.8000,1,1,1,1,5,1,1,1,1,1
SF,IC2003,2020-01-03 13:15:48.900,5337.4000,53327,0,7650753280.000,0,-,-,-,-,5335.6000,5335.2000,5335.0000,5334.6000,5334.0000,5337.4000,5338.8000,5339.0000,5339.2000,5339.6000,1,1,5,1,1,1,1,1,1,1
SF,IC2003,2020-01-03 13:15:49.400,5337.4000,53327,0,7651820760.000,1,0,1,空换,B,5337.4000,5337.0000,5336.8000,5336.6000,5336.0000,5339.0000,5339.2000,5339.6000,5339.8000,5340.0000,4,2,2,1,1,1,1,1,1,1
SF,IC2003,2020-01-03 13:15:49.900,5337.4000,53327,0,7651820760.000,0,-,-,-,-,5337.4000,5336.6000,5335.8000,5335.6000,5335.2000,5339.0000,5339.2000,5339.6000,5339.8000,5340.0000,4,1,2,1,1,1,1,1,1,1
SF,IC2003,2020-01-03 13:15:51.400,5337.4000,53327,0,7651820760.000,0,-,-,-,-,5338.6000,5337.4000,5336.6000,5335.8000,5335.6000,5339.0000,5339.2000,5339.6000,5339.8000,5340.0000,1,4,1,2,1,1,1,1,1,1
SF,IC2003,2020-01-03 13:15:51.900,5338.6000,53327,0,7652888480.000,1,0,1,空换,B,5337.4000,5336.6000,5335.8000,5335.6000,5335.2000,5338.6000,5339.0000,5339.2000,5339.6000,5340.0000,4,1,2,1,1,1,1,1,1,1
SF,IC2003,2020-01-03 13:15:52.400,5337.4000,53325,-2,7655023440.000,2,0,2,双平,B,5337.4000,5336.6000,5335.8000,5335.6000,5335.2000,5338.2000,5339.0000,5339.2000,5339.6000,5340.0000,2,1,2,1,1,1,1,1,1,1
SF,IC2003,2020-01-03 13:15:52.900,5337.4000,53325,0,7655023440.000,0,-,-,-,-,5337.4000,5336.6000,5335.8000,5335.6000,5335.2000,5338.2000,5339.0000,5339.2000,5339.6000,5340.0000,2,1,2,1,1,1,1,1,1,1
SF,IC2003,2020-01-03 13:15:54.900,5337.4000,53325,0,7655023440.000,0,-,-,-,-,5337.4000,5336.0000,5335.8000,5335.6000,5335.2000,5338.2000,5339.0000,5339.6000,5340.0000,5340.6000,2,1,2,1,1,1,1,1,1,1
SF,IC2003,2020-01-03 13:15:55.400,5337.4000,53325,0,7655023440.000,0,-,-,-,-,5337.8000,5336.0000,5335.8000,5335.6000,5335.2000,5338.2000,5339.0000,5339.6000,5340.0000,5340.6000,1,1,2,1,1,1,1,1,1,1
SF,IC2003,2020-01-03 13:15:55.900,5338.2000,53325,0,7656091080.000,1,0,1,空换,B,5337.8000,5336.0000,5335.8000,5335.6000,5335.2000,5338.2000,5339.0000,5339.6000,5340.0000,5340.6000,1,1,2,1,1,1,1,1,1,1
SF,IC2003,2020-01-03 13:15:56.900,5338.2000,53325,0,7656091080.000,0,-,-,-,-,5337.8000,5337.0000,5336.0000,5335.8000,5335.6000,5338.2000,5339.0000,5339.6000,5340.0000,5340.6000,1,1,1,2,1,1,1,1,1,1
SF,IC2003,2020-01-03 13:15:57.400,5338.2000,53325,0,7656091080.000,0,-,-,-,-,5337.8000,5337.0000,5336.0000,5335.8000,5335.6000,5338.2000,5339.0000,5339.6000,5340.0000,5340.6000,1,1,1,2,1,1,1,1,1,1
SF,IC2003,2020-01-03 13:15:58.400,5338.2000,53325,0,7656091080.000,0,-,-,-,-,5337.8000,5337.0000,5336.0000,5335.8000,5335.6000,5338.2000,5339.0000,5339.6000,5340.0000,5340.6000,1,1,1,2,1,1,1,1,1,1
SF,IC2003,2020-01-03 13:15:58.900,5338.2000,53325,0,7656091080.000,0,-,-,-,-,5338.0000,5337.8000,5337.0000,5336.0000,5335.8000,5338.2000,5339.0000,5339.6000,5340.0000,5340.6000,1,1,1,1,2,1,1,1,1,1
SF,IC2003,2020-01-03 13:15:59.400,5338.2000,53325,0,7656091080.000,0,-,-,-,-,5338.0000,5337.8000,5337.0000,5336.0000,5335.8000,5338.2000,5339.0000,5339.6000,5340.0000,5340.6000,1,1,1,1,2,1,1,1,1,1
SF,IC2003,2020-01-03 13:15:59.900,5338.2000,53325,0,7656091080.000,0,-,-,-,-,5338.0000,5337.8000,5337.0000,5336.0000,5335.8000,5338.2000,5339.0000,5339.6000,5340.0000,5340.6000,2,1,1,1,2,1,1,1,1,1
SF,IC2003,2020-01-03 13:16:00.400,5338.2000,53325,0,7656091080.000,0,-,-,-,-,5338.0000,5337.8000,5337.0000,5336.0000,5335.8000,5338.2000,5339.0000,5339.6000,5340.0000,5340.6000,2,1,2,1,2,1,1,1,1,1
SF,IC2003,2020-01-03 13:16:00.900,5338.2000,53325,0,7657158720.000,1,0,1,空换,B,5338.0000,5337.0000,5336.0000,5335.8000,5335.2000,5339.0000,5339.6000,5340.0000,5340.6000,5341.4000,2,2,1,2,2,1,1,1,1,1
SF,IC2003,2020-01-03 13:16:01.400,5338.2000,53325,0,7657158720.000,0,-,-,-,-,5338.6000,5338.0000,5337.0000,5336.0000,5335.8000,5339.0000,5340.0000,5340.6000,5341.4000,5341.6000,1,2,2,1,2,1,1,1,1,2
SF,IC2003,2020-01-03 13:16:01.900,5338.6000,53324,-1,7658226440.000,1,0,1,双平,B,5338.2000,5338.0000,5337.0000,5336.0000,5335.8000,5338.6000,5340.0000,5340.6000,5341.4000,5341.6000,1,2,2,1,2,1,1,1,1,2
SF,IC2003,2020-01-03 13:16:02.400,5338.6000,53324,0,7659294160.000,1,0,1,空换,B,5338.6000,5338.2000,5338.0000,5337.0000,5336.0000,5340.0000,5340.6000,5341.4000,5341.6000,5341.8000,1,1,2,2,1,1,1,1,2,1
SF,IC2003,2020-01-03 13:16:02.900,5338.6000,53324,0,7659294160.000,0,-,-,-,-,5338.2000,5338.0000,5337.0000,5336.0000,5335.8000,5338.6000,5340.0000,5340.6000,5341.4000,5341.6000,1,2,2,1,2,1,1,1,1,2
SF,IC2003,2020-01-03 13:16:03.400,5338.2000,53325,1,7663564960.000,4,2,2,多开,B,5338.0000,5337.0000,5336.0000,5335.8000,5335.2000,5338.2000,5338.4000,5340.0000,5340.6000,5341.4000,2,2,1,2,2,1,1,1,1,1
SF,IC2003,2020-01-03 13:16:03.900,5338.4000,53325,0,7665700280.000,2,1,1,空换,B,5338.2000,5338.0000,5337.0000,5336.0000,5335.8000,5340.0000,5340.6000,5341.4000,5341.6000,5341.8000,2,2,2,1,2,1,1,1,2,1
SF,IC2003,2020-01-03 13:16:04.400,5338.4000,53325,0,7665700280.000,0,-,-,-,-,5338.6000,5338.2000,5338.0000,5337.0000,5336.0000,5339.6000,5339.8000,5340.0000,5340.6000,5341.4000,1,1,2,2,1,2,1,1,1,1
SF,IC2003,2020-01-03 13:16:04.900,5338.4000,53325,0,7665700280.000,0,-,-,-,-,5339.0000,5338.6000,5338.2000,5338.0000,5337.0000,5339.6000,5339.8000,5340.0000,5340.6000,5341.4000,1,1,1,3,2,1,1,1,1,1
SF,IC2003,2020-01-03 13:16:05.400,5338.4000,53325,0,7665700280.000,0,-,-,-,-,5339.0000,5338.2000,5338.0000,5337.0000,5336.0000,5339.8000,5340.0000,5340.6000,5341.4000,5341.6000,1,1,3,2,1,1,1,1,1,2
SF,IC2003,2020-01-03 13:16:05.900,5338.4000,53325,0,7665700280.000,0,-,-,-,-,5339.0000,5338.2000,5338.0000,5337.0000,5336.0000,5340.0000,5340.6000,5341.4000,5341.6000,5341.8000,1,1,3,2,1,1,1,1,2,1
SF,IC2003,2020-01-03 13:16:06.900,5338.4000,53325,0,7665700280.000,0,-,-,-,-,5339.0000,5338.2000,5338.0000,5337.0000,5336.0000,5340.0000,5340.6000,5341.2000,5341.4000,5341.6000,1,1,3,2,1,1,1,1,1,1
SF,IC2003,2020-01-03 13:16:07.400,5338.4000,53325,0,7665700280.000,0,-,-,-,-,5339.0000,5338.4000,5338.2000,5338.0000,5337.0000,5340.0000,5340.6000,5341.2000,5341.4000,5341.6000,1,1,1,3,2,1,1,1,1,1
SF,IC2003,2020-01-03 13:16:07.900,5338.4000,53325,0,7665700280.000,0,-,-,-,-,5339.0000,5338.4000,5338.2000,5338.0000,5337.0000,5340.0000,5340.6000,5341.2000,5341.4000,5341.6000,1,1,1,3,2,1,1,1,1,1
SF,IC2003,2020-01-03 13:16:08.400,5338.4000,53325,0,7665700280.000,0,-,-,-,-,5339.0000,5338.4000,5338.2000,5338.0000,5337.8000,5340.0000,5340.6000,5341.2000,5341.4000,5341.6000,1,1,1,3,1,1,1,1,1,1
SF,IC2003,2020-01-03 13:16:09.900,5338.4000,53325,0,7665700280.000,0,-,-,-,-,5339.0000,5338.4000,5338.2000,5338.0000,5337.8000,5340.0000,5340.6000,5340.8000,5341.2000,5341.4000,1,1,1,3,1,1,1,1,1,1
SF,IC2003,2020-01-03 13:16:12.900,5338.4000,53325,0,7665700280.000,0,-,-,-,-,5339.4000,5339.0000,5338.4000,5338.2000,5338.0000,5340.0000,5340.6000,5340.8000,5341.2000,5341.4000,1,1,1,1,3,1,1,1,1,1
SF,IC2003,2020-01-03 13:16:13.400,5339.0000,53326,1,7667835960.000,2,1,1,多开,B,5338.4000,5338.2000,5338.0000,5337.8000,5337.0000,5339.4000,5340.0000,5340.6000,5340.8000,5341.2000,1,1,3,1,2,2,1,1,1,1
SF,IC2003,2020-01-03 13:16:13.900,5338.4000,53327,1,7668903640.000,1,1,0,双开,B,5338.2000,5338.0000,5337.8000,5337.0000,5336.0000,5339.4000,5340.0000,5340.6000,5340.8000,5341.2000,1,3,1,2,1,2,1,1,1,1
SF,IC2003,2020-01-03 13:16:14.900,5338.4000,53327,0,7668903640.000,0,-,-,-,-,5338.2000,5338.0000,5337.8000,5337.0000,5336.0000,5339.2000,5339.4000,5340.0000,5340.6000,5340.8000,1,3,1,2,1,1,2,1,1,1
SF,IC2003,2020-01-03 13:16:15.900,5338.4000,53327,0,7668903640.000,0,-,-,-,-,5338.2000,5338.0000,5337.8000,5337.0000,5336.0000,5339.2000,5339.4000,5340.0000,5340.6000,5340.8000,1,3,1,2,1,1,2,1,1,1
SF,IC2003,2020-01-03 13:16:17.400,5339.2000,53328,1,7669971480.000,1,1,0,双开,B,5339.2000,5338.2000,5338.0000,5337.8000,5337.0000,5339.4000,5340.0000,5340.6000,5340.8000,5341.2000,3,1,3,1,2,2,1,1,1,1
SF,IC2003,2020-01-03 13:16:17.900,5339.2000,53328,0,7671039320.000,1,0,1,空换,B,5339.2000,5338.0000,5337.8000,5337.0000,5336.0000,5340.0000,5340.6000,5340.8000,5341.2000,5341.4000,2,3,1,2,1,1,1,1,1,1
SF,IC2003,2020-01-03 13:16:20.400,5339.2000,53329,1,7673175000.000,2,1,1,多开,B,5338.0000,5337.8000,5337.0000,5336.0000,5335.8000,5339.6000,5340.0000,5340.6000,5340.8000,5341.2000,3,1,2,1,2,1,1,1,1,1
SF,IC2003,2020-01-03 13:16:23.400,5339.2000,53329,0,7673175000.000,0,-,-,-,-,5338.2000,5338.0000,5337.8000,5337.0000,5336.0000,5339.6000,5340.0000,5340.6000,5340.8000,5341.2000,1,3,1,2,1,1,1,1,1,1
SF,IC2003,2020-01-03 13:16:23.900,5339.2000,53329,0,7673175000.000,0,-,-,-,-,5338.2000,5338.0000,5337.8000,5337.0000,5336.0000,5340.0000,5340.6000,5340.8000,5341.2000,5341.4000,1,3,1,2,1,1,1,1,1,1
SF,IC2003,2020-01-03 13:16:24.400,5339.2000,53329,0,7673175000.000,0,-,-,-,-,5338.6000,5338.2000,5338.0000,5337.8000,5337.0000,5340.0000,5340.6000,5340.8000,5341.2000,5341.4000,1,1,3,1,2,1,1,1,1,1
SF,IC2003,2020-01-03 13:16:24.900,5339.2000,53329,0,7673175000.000,0,-,-,-,-,5338.2000,5338.0000,5337.0000,5336.0000,5335.8000,5340.0000,5340.6000,5340.8000,5341.2000,5341.4000,1,3,2,1,2,1,1,1,1,1
SF,IC2003,2020-01-03 13:16:25.400,5339.2000,53329,0,7673175000.000,0,-,-,-,-,5338.6000,5338.2000,5338.0000,5337.0000,5336.0000,5340.0000,5340.6000,5340.8000,5341.2000,5341.4000,1,1,3,2,1,1,1,1,1,1
SF,IC2003,2020-01-03 13:16:25.900,5339.2000,53329,0,7673175000.000,0,-,-,-,-,5338.2000,5338.0000,5337.0000,5336.0000,5335.8000,5339.6000,5340.0000,5340.6000,5340.8000,5341.2000,1,3,2,1,2,2,1,1,1,1
SF,IC2003,2020-01-03 13:16:26.400,5339.6000,53329,0,7674242920.000,1,0,1,空换,B,5338.2000,5338.0000,5337.0000,5336.0000,5335.8000,5339.6000,5340.6000,5340.8000,5341.2000,5341.4000,1,3,2,1,2,1,1,1,1,1
SF,IC2003,2020-01-03 13:16:28.400,5339.6000,53329,0,7674242920.000,0,-,-,-,-,5338.2000,5338.0000,5337.0000,5336.0000,5335.8000,5339.6000,5340.6000,5341.2000,5341.4000,5341.8000,1,4,1,1,2,1,2,1,1,1
SF,IC2003,2020-01-03 13:16:28.900,5339.6000,53329,0,7674242920.000,0,-,-,-,-,5339.0000,5338.2000,5338.0000,5337.0000,5336.0000,5339.6000,5340.6000,5341.2000,5341.4000,5341.8000,1,1,4,1,1,1,2,1,1,1
SF,IC2003,2020-01-03 13:16:29.400,5339.0000,53329,0,7675310720.000,1,0,1,空换,B,5338.2000,5338.0000,5337.0000,5336.0000,5335.8000,5339.0000,5339.6000,5340.6000,5341.2000,5341.4000,1,4,1,1,2,1,1,2,1,1
SF,IC2003,2020-01-03 13:16:30.400,5339.6000,53331,2,7678514080.000,3,2,1,多开,B,5340.0000,5338.0000,5337.0000,5336.0000,5335.8000,5340.6000,5341.2000,5341.4000,5341.8000,5342.0000,2,4,1,1,2,2,1,1,1,1
SF,IC2003,2020-01-03 13:16:30.900,5340.0000,53332,1,7680650040.000,2,1,1,多开,B,5338.0000,5337.0000,5336.0000,5335.8000,5335.2000,5339.8000,5340.0000,5340.2000,5340.4000,5340.6000,4,1,1,2,2,4,13,2,2,2
SF,IC2003,2020-01-03 13:16:31.400,5338.0000,53332,0,7681717640.000,1,0,1,空换,B,5338.0000,5337.0000,5336.0000,5335.8000,5335.2000,5339.4000,5339.6000,5339.8000,5340.0000,5340.2000,3,1,1,2,2,2,1,2,10,2
SF,IC2003,2020-01-03 13:16:31.900,5338.0000,53332,0,7681717640.000,0,-,-,-,-,5338.0000,5337.0000,5336.0000,5335.8000,5335.2000,5338.8000,5339.2000,5339.4000,5339.8000,5340.0000,3,1,1,2,2,1,1,1,2,10
SF,IC2003,2020-01-03 13:16:32.400,5338.0000,53332,0,7681717640.000,0,-,-,-,-,5338.0000,5337.0000,5336.0000,5335.8000,5335.2000,5338.6000,5338.8000,5339.4000,5339.8000,5340.0000,3,1,1,2,2,1,1,1,3,10
SF,IC2003,2020-01-03 13:16:32.900,5338.0000,53333,1,7684920440.000,3,2,1,多开,B,5337.0000,5336.0000,5335.8000,5335.2000,5335.0000,5338.6000,5338.8000,5339.4000,5339.8000,5340.0000,1,1,2,2,5,1,1,1,3,10
SF,IC2003,2020-01-03 13:16:33.400,5338.0000,53333,0,7684920440.000,0,-,-,-,-,5337.8000,5337.0000,5336.0000,5335.8000,5335.2000,5338.6000,5338.8000,5339.8000,5340.0000,5340.2000,1,1,1,2,2,1,1,3,10,2
SF,IC2003,2020-01-03 13:16:33.900,5337.8000,53332,-1,7685988000.000,1,0,1,双平,B,5337.0000,5336.0000,5335.8000,5335.2000,5335.0000,5338.6000,5338.8000,5339.8000,5340.0000,5340.2000,1,1,2,2,5,1,1,3,10,2
SF,IC2003,2020-01-03 13:16:34.400,5337.8000,53332,0,7685988000.000,0,-,-,-,-,5337.8000,5337.0000,5336.0000,5335.8000,5335.2000,5338.6000,5338.8000,5339.8000,5340.0000,5340.2000,1,1,1,2,2,1,1,3,10,2
SF,IC2003,2020-01-03 13:16:34.900,5337.8000,53332,0,7687055560.000,1,0,1,空换,B,5337.0000,5336.0000,5335.8000,5335.2000,5335.0000,5338.6000,5338.8000,5339.8000,5340.0000,5340.2000,1,1,2,2,5,1,1,3,10,2
SF,IC2003,2020-01-03 13:16:35.400,5337.8000,53332,0,7687055560.000,0,-,-,-,-,5337.8000,5337.0000,5336.0000,5335.8000,5335.2000,5338.6000,5338.8000,5339.8000,5340.0000,5340.2000,1,1,1,2,2,1,1,3,10,2
SF,IC2003,2020-01-03 13:16:35.900,5337.8000,53332,0,7687055560.000,0,-,-,-,-,5337.8000,5337.0000,5336.0000,5335.8000,5335.2000,5338.6000,5338.8000,5339.8000,5340.0000,5340.2000,1,1,1,2,2,1,1,3,8,2
SF,IC2003,2020-01-03 13:16:36.900,5337.8000,53332,0,7687055560.000,0,-,-,-,-,5337.8000,5337.0000,5336.0000,5335.8000,5335.2000,5338.6000,5338.8000,5339.8000,5340.0000,5340.2000,1,1,1,2,2,1,1,3,8,2
SF,IC2003,2020-01-03 13:16:37.400,5337.8000,53332,0,7687055560.000,0,-,-,-,-,5337.8000,5337.0000,5336.0000,5335.8000,5335.2000,5338.6000,5339.8000,5340.0000,5340.2000,5340.4000,1,1,1,2,2,1,3,8,2,1
SF,IC2003,2020-01-03 13:16:37.900,5337.8000,53332,0,7687055560.000,0,-,-,-,-,5337.8000,5337.0000,5336.0000,5335.8000,5335.2000,5339.6000,5339.8000,5340.0000,5340.2000,5340.4000,1,1,1,2,2,1,3,8,2,1
SF,IC2003,2020-01-03 13:16:38.400,5337.8000,53331,-1,7688123120.000,1,0,1,双平,B,5337.0000,5336.0000,5335.8000,5335.2000,5335.0000,5339.2000,5339.4000,5339.6000,5340.0000,5340.2000,1,1,2,2,5,2,1,1,8,2
SF,IC2003,2020-01-03 13:16:38.900,5337.8000,53331,0,7688123120.000,0,-,-,-,-,5337.4000,5337.0000,5336.0000,5335.8000,5335.2000,5338.6000,5339.0000,5339.2000,5339.4000,5340.0000,1,1,1,2,2,1,2,1,1,8
SF,IC2003,2020-01-03 13:16:39.400,5337.8000,53331,0,7688123120.000,0,-,-,-,-,5337.0000,5336.0000,5335.8000,5335.2000,5335.0000,5338.4000,5338.6000,5339.0000,5339.2000,5339.4000,1,1,2,2,5,1,1,1,1,1
SF,IC2003,2020-01-03 13:16:39.900,5337.8000,53331,0,7688123120.000,0,-,-,-,-,5337.0000,5336.0000,5335.8000,5335.2000,5335.0000,5338.4000,5338.6000,5339.0000,5339.2000,5340.0000,1,1,2,2,5,1,1,1,1,8
SF,IC2003,2020-01-03 13:16:40.400,5337.8000,53331,0,7688123120.000,0,-,-,-,-,5337.0000,5336.0000,5335.8000,5335.2000,5335.0000,5338.4000,5338.6000,5339.0000,5340.0000,5340.2000,1,1,2,2,5,3,1,1,5,2
SF,IC2003,2020-01-03 13:16:40.900,5338.2000,53331,0,7689190760.000,1,0,1,空换,B,5337.0000,5336.0000,5335.8000,5335.2000,5335.0000,5338.4000,5338.6000,5339.0000,5340.0000,5340.2000,1,1,2,2,5,3,1,1,5,2
SF,IC2003,2020-01-03 13:16:42.400,5338.2000,53331,0,7689190760.000,0,-,-,-,-,5337.0000,5336.0000,5335.8000,5335.2000,5335.0000,5338.4000,5339.0000,5340.0000,5340.2000,5340.6000,1,1,2,2,5,3,1,5,2,2
SF,IC2003,2020-01-03 13:16:42.900,5338.2000,53331,0,7689190760.000,0,-,-,-,-,5337.2000,5337.0000,5336.0000,5335.8000,5335.2000,5338.4000,5340.0000,5340.2000,5340.6000,5341.2000,1,1,1,2,1,3,5,2,2,1
SF,IC2003,2020-01-03 13:16:43.400,5338.2000,53331,0,7689190760.000,0,-,-,-,-,5337.2000,5337.0000,5336.0000,5335.8000,5335.2000,5338.4000,5340.0000,5340.2000,5340.6000,5341.4000,1,1,1,2,1,3,5,2,3,1
SF,IC2003,2020-01-03 13:16:44.400,5338.2000,53331,0,7689190760.000,0,-,-,-,-,5337.2000,5337.0000,5336.0000,5335.8000,5335.2000,5338.4000,5340.0000,5340.2000,5340.6000,5341.4000,6,1,1,2,1,3,5,2,3,1
SF,IC2003,2020-01-03 13:16:47.900,5338.2000,53331,0,7689190760.000,0,-,-,-,-,5337.4000,5337.2000,5337.0000,5336.0000,5335.8000,5338.4000,5340.0000,5340.2000,5340.6000,5341.4000,2,6,1,1,2,3,5,2,3,1
SF,IC2003,2020-01-03 13:16:48.400,5338.2000,53331,0,7689190760.000,0,-,-,-,-,5337.4000,5337.2000,5337.0000,5336.0000,5335.8000,5338.2000,5338.4000,5340.0000,5340.2000,5340.6000,2,6,1,1,2,2,3,5,2,3
SF,IC2003,2020-01-03 13:16:49.400,5337.4000,53333,2,7691325720.000,2,2,0,双开,B,5337.2000,5337.0000,5336.0000,5335.8000,5335.2000,5338.2000,5338.4000,5340.0000,5340.2000,5340.6000,6,1,1,2,1,2,3,5,2,3
SF,IC2003,2020-01-03 13:16:52.400,5338.2000,53334,1,7692393360.000,1,1,0,双开,B,5337.2000,5337.0000,5336.0000,5335.8000,5335.2000,5338.2000,5338.4000,5340.0000,5340.2000,5340.6000,6,1,1,2,1,1,3,5,2,3
SF,IC2003,2020-01-03 13:16:53.900,5338.2000,53334,0,7692393360.000,0,-,-,-,-,5338.0000,5337.2000,5337.0000,5336.0000,5335.8000,5338.2000,5338.4000,5340.0000,5340.2000,5340.6000,1,6,1,1,2,1,3,5,2,3
SF,IC2003,2020-01-03 13:16:54.400,5338.4000,53336,2,7696664040.000,4,3,1,多开,B,5338.4000,5338.2000,5337.2000,5337.0000,5336.0000,5340.0000,5340.2000,5340.6000,5341.4000,5341.8000,1,1,6,1,1,5,2,3,1,1
SF,IC2003,2020-01-03 13:16:54.900,5338.4000,53336,0,7696664040.000,0,-,-,-,-,5338.2000,5337.2000,5337.0000,5336.0000,5335.8000,5339.6000,5340.0000,5340.2000,5340.6000,5341.4000,7,6,1,1,2,1,5,1,3,1
SF,IC2003,2020-01-03 13:16:55.900,5338.4000,53336,0,7696664040.000,0,-,-,-,-,5338.2000,5337.2000,5337.0000,5336.2000,5336.0000,5339.6000,5340.0000,5340.2000,5340.6000,5341.4000,7,6,1,3,1,1,5,1,3,1
SF,IC2003,2020-01-03 13:17:00.900,5338.4000,53336,0,7696664040.000,0,-,-,-,-,5338.2000,5337.2000,5337.0000,5336.2000,5336.0000,5339.6000,5340.0000,5340.2000,5340.6000,5341.4000,8,6,1,3,1,1,5,1,3,1
SF,IC2003,2020-01-03 13:17:03.900,5338.4000,53336,0,7696664040.000,0,-,-,-,-,5338.2000,5337.2000,5337.0000,5336.2000,5336.0000,5339.2000,5339.6000,5340.0000,5340.2000,5340.6000,8,6,1,3,1,1,1,5,1,3
SF,IC2003,2020-01-03 13:17:04.400,5338.4000,53336,0,7696664040.000,0,-,-,-,-,5338.2000,5337.2000,5337.0000,5336.2000,5336.0000,5339.2000,5339.6000,5340.0000,5340.2000,5340.6000,2,6,1,3,1,1,1,5,1,3
SF,IC2003,2020-01-03 13:17:05.400,5338.4000,53336,0,7696664040.000,0,-,-,-,-,5338.2000,5337.2000,5337.0000,5336.4000,5336.2000,5339.2000,5339.6000,5340.0000,5340.2000,5340.6000,2,6,1,1,3,1,1,5,1,3
SF,IC2003,2020-01-03 13:17:07.400,5338.4000,53336,0,7696664040.000,0,-,-,-,-,5338.2000,5337.2000,5337.0000,5336.4000,5336.2000,5339.6000,5340.0000,5340.2000,5340.6000,5340.8000,2,6,1,1,3,1,5,1,3,1
SF,IC2003,2020-01-03 13:17:08.400,5338.4000,53336,0,7696664040.000,0,-,-,-,-,5339.2000,5338.2000,5337.2000,5337.0000,5336.4000,5339.6000,5340.0000,5340.2000,5340.6000,5340.8000,6,2,6,1,1,1,5,1,3,1
SF,IC2003,2020-01-03 13:17:08.900,5338.4000,53336,0,7696664040.000,0,-,-,-,-,5339.2000,5338.2000,5337.2000,5337.0000,5336.4000,5340.0000,5340.2000,5340.6000,5340.8000,5341.4000,6,1,6,1,1,5,1,3,1,1
SF,IC2003,2020-01-03 13:17:09.400,5338.4000,53336,0,7696664040.000,0,-,-,-,-,5339.2000,5338.2000,5337.2000,5337.0000,5336.4000,5340.0000,5340.2000,5340.6000,5340.8000,5341.4000,6,1,6,1,1,3,1,3,1,1
SF,IC2003,2020-01-03 13:17:09.900,5339.2000,53335,-1,7697731880.000,1,0,1,双平,B,5339.2000,5338.2000,5337.2000,5337.0000,5336.4000,5340.0000,5340.2000,5340.6000,5340.8000,5341.4000,5,1,6,1,1,3,1,3,1,1
SF,IC2003,2020-01-03 13:17:10.900,5339.2000,53334,-1,7698799720.000,1,0,1,双平,B,5339.2000,5338.4000,5338.2000,5337.2000,5337.0000,5340.0000,5340.2000,5340.6000,5340.8000,5341.4000,4,1,1,5,1,3,1,3,1,1
SF,IC2003,2020-01-03 13:17:11.400,5339.2000,53333,-1,7699867560.000,1,0,1,双平,B,5339.2000,5338.4000,5338.2000,5337.2000,5337.0000,5340.0000,5340.2000,5340.6000,5340.8000,5341.4000,3,1,1,5,1,3,1,3,1,1
SF,IC2003,2020-01-03 13:17:11.900,5339.2000,53331,-2,7702003240.000,2,0,2,双平,B,5339.2000,5338.4000,5338.2000,5337.2000,5337.0000,5339.8000,5340.0000,5340.2000,5340.6000,5340.8000,1,1,1,5,1,2,3,1,3,1
SF,IC2003,2020-01-03 13:17:12.400,5339.2000,53330,-1,7703071080.000,1,0,1,双平,B,5338.4000,5338.2000,5337.2000,5337.0000,5336.4000,5339.0000,5339.2000,5339.8000,5340.0000,5340.2000,1,1,5,1,1,1,7,2,3,1
SF,IC2003,2020-01-03 13:17:12.900,5338.4000,53330,0,7704138760.000,1,0,1,空换,B,5338.2000,5337.2000,5337.0000,5336.4000,5336.2000,5339.2000,5339.8000,5340.0000,5340.2000,5340.6000,1,5,1,1,3,4,2,3,1,3
SF,IC2003,2020-01-03 13:17:13.400,5338.4000,53330,0,7704138760.000,0,-,-,-,-,5338.2000,5337.2000,5337.0000,5336.4000,5336.2000,5339.2000,5339.8000,5340.0000,5340.2000,5340.6000,1,5,1,1,3,4,1,3,1,3
SF,IC2003,2020-01-03 13:17:13.900,5338.4000,53330,0,7704138760.000,0,-,-,-,-,5338.2000,5337.2000,5337.0000,5336.4000,5336.2000,5339.0000,5339.2000,5339.8000,5340.0000,5340.2000,1,5,1,1,3,1,4,1,3,1
SF,IC2003,2020-01-03 13:17:14.400,5338.4000,53330,0,7704138760.000,0,-,-,-,-,5338.2000,5337.2000,5337.0000,5336.4000,5336.2000,5338.8000,5339.0000,5339.2000,5339.8000,5340.0000,1,5,1,1,3,1,1,4,1,3
SF,IC2003,2020-01-03 13:17:17.400,5338.8000,53330,0,7705206520.000,1,0,1,空换,B,5338.2000,5337.2000,5337.0000,5336.4000,5336.2000,5339.0000,5339.2000,5339.8000,5340.0000,5340.2000,1,5,1,1,3,1,4,1,3,1
SF,IC2003,2020-01-03 13:17:17.900,5338.8000,53330,0,7705206520.000,0,-,-,-,-,5338.2000,5337.2000,5337.0000,5336.4000,5336.2000,5339.0000,5339.2000,5339.8000,5340.0000,5340.2000,1,6,1,1,3,1,4,1,3,1
SF,IC2003,2020-01-03 13:17:20.400,5338.8000,53330,0,7705206520.000,0,-,-,-,-,5338.2000,5337.2000,5337.0000,5336.4000,5336.2000,5339.0000,5339.8000,5340.0000,5340.2000,5340.6000,1,6,1,1,3,1,1,3,1,3
SF,IC2003,2020-01-03 13:17:20.900,5338.2000,53331,1,7706274160.000,1,1,0,双开,B,5337.2000,5337.0000,5336.4000,5336.2000,5336.0000,5338.8000,5339.6000,5339.8000,5340.0000,5340.2000,6,1,1,3,1,1,1,1,3,1
SF,IC2003,2020-01-03 13:17:21.400,5337.2000,53331,0,7707341600.000,1,0,1,空换,B,5337.2000,5337.0000,5336.4000,5336.2000,5336.0000,5338.6000,5338.8000,5339.8000,5340.0000,5340.2000,5,1,1,3,1,1,1,1,3,1
SF,IC2003,2020-01-03 13:17:21.900,5338.8000,53332,1,7709477080.000,2,1,1,多开,B,5338.8000,5337.2000,5337.0000,5336.4000,5336.2000,5340.0000,5340.2000,5340.6000,5340.8000,5341.4000,3,5,1,1,3,3,1,3,1,1
SF,IC2003,2020-01-03 13:17:22.400,5338.8000,53333,1,7712680360.000,3,2,1,多开,B,5337.2000,5337.0000,5336.4000,5336.2000,5336.0000,5338.4000,5338.8000,5339.0000,5339.6000,5339.8000,5,1,1,3,1,3,11,2,1,3
SF,IC2003,2020-01-03 13:17:22.900,5337.2000,53333,0,7716950120.000,4,2,2,空换,B,5337.2000,5337.0000,5336.4000,5336.2000,5336.0000,5338.8000,5339.0000,5339.6000,5339.8000,5340.0000,1,1,1,3,1,8,1,1,3,4
SF,IC2003,2020-01-03 13:17:23.400,5337.2000,53333,0,7716950120.000,0,-,-,-,-,5337.2000,5337.0000,5336.4000,5336.2000,5336.0000,5338.8000,5339.0000,5339.6000,5339.8000,5340.0000,1,1,1,3,1,7,1,1,3,4
SF,IC2003,2020-01-03 13:17:23.900,5337.2000,53333,0,7716950120.000,0,-,-,-,-,5337.2000,5337.0000,5336.4000,5336.2000,5336.0000,5338.4000,5338.8000,5339.0000,5339.6000,5339.8000,1,1,1,3,1,1,7,1,1,3
SF,IC2003,2020-01-03 13:17:24.900,5337.2000,53333,0,7716950120.000,0,-,-,-,-,5337.2000,5337.0000,5336.4000,5336.2000,5336.0000,5338.4000,5338.8000,5339.0000,5339.6000,5339.8000,1,1,1,3,1,1,6,1,1,3
SF,IC2003,2020-01-03 13:17:25.400,5337.2000,53333,0,7716950120.000,0,-,-,-,-,5337.8000,5337.2000,5337.0000,5336.4000,5336.2000,5338.4000,5338.8000,5339.0000,5339.6000,5339.8000,1,1,1,1,3,1,6,1,1,3
SF,IC2003,2020-01-03 13:17:29.900,5338.4000,53333,0,7720153040.000,3,1,2,空换,B,5338.4000,5337.2000,5337.0000,5336.4000,5336.0000,5338.8000,5339.0000,5339.6000,5339.8000,5340.0000,1,1,1,1,1,6,1,1,3,4
SF,IC2003,2020-01-03 13:17:30.400,5338.4000,53333,0,7721220720.000,1,0,1,空换,B,5337.2000,5337.0000,5336.4000,5336.0000,5335.2000,5338.0000,5338.2000,5338.4000,5338.6000,5339.0000,1,1,1,1,1,1,2,6,1,1
SF,IC2003,2020-01-03 13:17:30.900,5338.4000,53333,0,7721220720.000,0,-,-,-,-,5338.2000,5337.2000,5337.0000,5336.4000,5336.0000,5338.4000,5338.6000,5339.0000,5339.6000,5339.8000,1,1,1,1,1,5,1,1,1,3
SF,IC2003,2020-01-03 13:17:31.400,5338.2000,53334,1,7722288360.000,1,1,0,双开,B,5337.2000,5337.0000,5336.4000,5336.0000,5335.2000,5338.2000,5338.4000,5338.6000,5339.0000,5339.6000,1,1,1,1,1,4,1,1,1,1
SF,IC2003,2020-01-03 13:17:31.900,5337.4000,53335,1,7723355840.000,1,1,0,双开,B,5337.4000,5337.2000,5337.0000,5336.4000,5336.0000,5338.6000,5339.0000,5339.6000,5339.8000,5340.0000,1,1,1,1,1,1,1,1,3,2
SF,IC2003,2020-01-03 13:17:32.400,5337.4000,53335,0,7723355840.000,0,-,-,-,-,5337.4000,5337.2000,5337.0000,5336.4000,5336.0000,5338.4000,5338.6000,5339.0000,5339.6000,5339.8000,1,1,1,1,1,2,1,1,1,2
SF,IC2003,2020-01-03 13:17:37.900,5337.4000,53335,0,7723355840.000,0,-,-,-,-,5337.4000,5337.2000,5337.0000,5336.4000,5336.0000,5338.4000,5338.6000,5339.0000,5339.6000,5339.8000,1,1,1,1,1,2,1,1,1,2
SF,IC2003,2020-01-03 13:17:38.400,5337.4000,53335,0,7723355840.000,0,-,-,-,-,5337.4000,5337.2000,5337.0000,5336.4000,5336.0000,5338.4000,5338.6000,5339.0000,5339.6000,5339.8000,2,1,1,1,1,2,1,1,1,2
SF,IC2003,2020-01-03 13:17:38.900,5337.4000,53335,0,7723355840.000,0,-,-,-,-,5337.4000,5337.2000,5337.0000,5336.4000,5336.0000,5339.6000,5340.0000,5340.6000,5340.8000,5341.4000,2,1,1,1,1,1,1,3,1,1
SF,IC2003,2020-01-03 13:17:39.400,5337.4000,53335,0,7723355840.000,0,-,-,-,-,5337.8000,5337.4000,5337.2000,5337.0000,5336.4000,5339.4000,5339.6000,5340.0000,5340.6000,5340.8000,2,2,1,1,1,2,1,1,3,1
SF,IC2003,2020-01-03 13:17:39.900,5337.4000,53335,0,7723355840.000,0,-,-,-,-,5338.0000,5337.8000,5337.4000,5337.2000,5337.0000,5339.4000,5339.6000,5340.0000,5340.6000,5340.8000,2,2,1,1,1,2,1,1,3,1
SF,IC2003,2020-01-03 13:17:40.400,5337.4000,53335,0,7723355840.000,0,-,-,-,-,5337.8000,5337.4000,5337.2000,5337.0000,5336.4000,5339.4000,5339.6000,5339.8000,5340.0000,5340.6000,1,1,1,1,1,2,1,1,1,2
SF,IC2003,2020-01-03 13:17:42.900,5337.4000,53335,0,7723355840.000,0,-,-,-,-,5337.8000,5337.4000,5337.2000,5337.0000,5336.4000,5339.2000,5339.4000,5339.6000,5339.8000,5340.0000,1,1,1,1,1,1,2,1,1,1
SF,IC2003,2020-01-03 13:17:43.400,5337.8000,53336,1,7724423400.000,1,1,0,双开,B,5337.4000,5337.2000,5337.0000,5336.4000,5336.0000,5339.0000,5339.2000,5339.6000,5339.8000,5340.0000,1,1,1,1,1,2,1,1,1,1
SF,IC2003,2020-01-03 13:17:43.900,5337.8000,53336,0,7724423400.000,0,-,-,-,-,5337.6000,5337.4000,5337.2000,5337.0000,5336.4000,5339.0000,5339.2000,5339.6000,5339.8000,5340.0000,2,1,1,1,1,2,1,1,1,1
SF,IC2003,2020-01-03 13:17:47.400,5337.6000,53336,0,7725490920.000,1,0,1,空换,B,5337.6000,5337.4000,5337.2000,5337.0000,5336.4000,5339.0000,5339.2000,5339.6000,5339.8000,5340.0000,1,1,1,1,1,2,1,1,1,1
SF,IC2003,2020-01-03 13:17:51.400,5337.6000,53336,0,7725490920.000,0,-,-,-,-,5337.6000,5337.4000,5337.2000,5337.0000,5336.4000,5338.0000,5338.4000,5338.6000,5338.8000,5339.0000,1,1,1,1,1,1,1,5,3,2
SF,IC2003,2020-01-03 13:17:51.900,5337.6000,53336,0,7726558440.000,1,0,1,空换,B,5337.4000,5337.2000,5337.0000,5336.4000,5336.0000,5337.8000,5338.4000,5338.6000,5339.0000,5339.2000,1,1,1,1,1,1,1,5,2,1
SF,IC2003,2020-01-03 13:17:52.400,5337.6000,53336,0,7726558440.000,0,-,-,-,-,5337.4000,5337.2000,5337.0000,5336.4000,5336.0000,5337.6000,5337.8000,5338.4000,5338.6000,5339.2000,1,1,1,1,1,2,1,1,5,1
SF,IC2003,2020-01-03 13:17:53.400,5337.4000,53335,-1,7727625920.000,1,0,1,双平,B,5337.2000,5337.0000,5336.4000,5336.0000,5335.2000,5337.6000,5337.8000,5338.4000,5338.6000,5339.2000,1,1,1,1,1,2,1,1,5,1
SF,IC2003,2020-01-03 13:17:53.900,5337.4000,53336,1,7728693400.000,1,1,0,双开,B,5337.2000,5337.0000,5336.4000,5336.0000,5335.2000,5337.6000,5337.8000,5338.4000,5338.6000,5339.2000,1,1,1,1,1,2,1,1,5,1
SF,IC2003,2020-01-03 13:17:54.900,5337.4000,53336,0,7728693400.000,0,-,-,-,-,5337.2000,5337.0000,5336.4000,5336.0000,5335.2000,5337.6000,5337.8000,5338.4000,5338.6000,5339.2000,1,1,1,1,1,2,1,1,5,1
SF,IC2003,2020-01-03 13:17:55.400,5337.4000,53336,0,7728693400.000,0,-,-,-,-,5337.2000,5337.0000,5336.4000,5336.0000,5335.2000,5337.6000,5337.8000,5338.4000,5338.6000,5338.8000,1,1,1,1,1,2,1,1,5,1
SF,IC2003,2020-01-03 13:17:55.900,5337.4000,53336,0,7728693400.000,0,-,-,-,-,5337.2000,5337.0000,5336.4000,5336.0000,5335.2000,5337.6000,5337.8000,5338.4000,5338.6000,5338.8000,1,1,1,1,1,2,1,1,4,1
SF,IC2003,2020-01-03 13:18:00.400,5337.6000,53336,0,7729760920.000,1,0,1,空换,B,5337.2000,5337.0000,5336.4000,5336.0000,5335.2000,5337.6000,5337.8000,5338.4000,5338.6000,5338.8000,1,1,1,1,1,1,1,1,4,1
SF,IC2003,2020-01-03 13:18:01.400,5337.2000,53336,0,7730828360.000,1,0,1,空换,B,5337.0000,5336.4000,5336.0000,5335.2000,5335.0000,5337.6000,5337.8000,5338.4000,5338.6000,5338.8000,1,1,1,1,5,1,1,1,4,1
SF,IC2003,2020-01-03 13:18:01.900,5337.0000,53336,0,7731895760.000,1,0,1,空换,B,5336.4000,5336.0000,5335.2000,5335.0000,5334.6000,5337.0000,5337.6000,5337.8000,5338.4000,5338.6000,1,1,1,5,1,3,1,1,1,4
SF,IC2003,2020-01-03 13:18:02.400,5336.4000,53336,0,7732963040.000,1,0,1,空换,B,5336.0000,5335.2000,5335.0000,5334.6000,5334.0000,5336.4000,5337.6000,5338.4000,5338.6000,5338.8000,1,1,5,1,1,1,1,1,4,2
SF,IC2003,2020-01-03 13:18:02.900,5336.4000,53337,1,7735097600.000,2,1,1,多开,B,5336.4000,5336.0000,5335.2000,5335.0000,5334.6000,5337.6000,5338.4000,5338.6000,5338.8000,5339.2000,3,1,1,5,1,1,1,4,2,1
SF,IC2003,2020-01-03 13:18:03.400,5337.6000,53338,1,7736165120.000,1,1,0,双开,B,5336.4000,5336.0000,5335.2000,5335.0000,5334.6000,5337.4000,5338.4000,5338.6000,5338.8000,5339.2000,2,1,1,5,1,1,1,4,2,1
SF,IC2003,2020-01-03 13:18:03.900,5337.6000,53338,0,7736165120.000,0,-,-,-,-,5336.6000,5336.4000,5336.0000,5335.2000,5335.0000,5337.4000,5338.4000,5338.6000,5338.8000,5339.2000,2,2,1,1,5,1,1,4,2,1
SF,IC2003,2020-01-03 13:18:04.400,5337.6000,53338,0,7736165120.000,0,-,-,-,-,5336.4000,5336.0000,5335.2000,5335.0000,5334.6000,5337.4000,5338.4000,5338.6000,5338.8000,5339.2000,2,1,1,5,1,1,1,4,2,1
SF,IC2003,2020-01-03 13:18:05.400,5337.6000,53338,0,7736165120.000,0,-,-,-,-,5336.4000,5336.0000,5335.2000,5335.0000,5334.6000,5337.4000,5338.4000,5338.6000,5338.8000,5339.2000,2,1,1,5,1,1,1,4,2,1
SF,IC2003,2020-01-03 13:18:06.400,5337.6000,53338,0,7736165120.000,0,-,-,-,-,5336.0000,5335.2000,5335.0000,5334.6000,5334.0000,5337.4000,5338.4000,5338.6000,5338.8000,5339.2000,1,1,5,1,1,1,1,4,2,1
SF,IC2003,2020-01-03 13:18:06.900,5337.6000,53338,0,7736165120.000,0,-,-,-,-,5336.0000,5335.2000,5335.0000,5334.6000,5334.0000,5337.2000,5337.4000,5338.4000,5338.6000,5338.8000,1,1,5,1,1,2,1,1,4,2
SF,IC2003,2020-01-03 13:18:08.900,5337.6000,53338,0,7736165120.000,0,-,-,-,-,5336.0000,5335.2000,5335.0000,5334.6000,5334.0000,5336.4000,5337.2000,5337.4000,5338.4000,5338.6000,1,1,5,1,1,1,2,1,1,4
SF,IC2003,2020-01-03 13:18:09.400,5336.4000,53337,-1,7737232400.000,1,0,1,双平,B,5336.4000,5336.0000,5335.2000,5335.0000,5334.6000,5337.0000,5337.2000,5337.4000,5338.4000,5338.6000,1,1,1,5,1,1,2,1,1,4
SF,IC2003,2020-01-03 13:18:09.900,5337.0000,53337,0,7738299800.000,1,0,1,空换,B,5336.4000,5336.0000,5335.2000,5335.0000,5334.6000,5338.4000,5338.6000,5338.8000,5339.2000,5339.6000,1,1,1,5,1,1,4,2,1,2
SF,IC2003,2020-01-03 13:18:10.400,5337.0000,53337,0,7738299800.000,0,-,-,-,-,5336.6000,5336.4000,5336.0000,5335.2000,5335.0000,5338.0000,5338.2000,5338.4000,5338.6000,5338.8000,2,1,1,1,5,1,3,1,4,2
SF,IC2003,2020-01-03 13:18:10.900,5337.0000,53337,0,7738299800.000,0,-,-,-,-,5336.6000,5336.4000,5336.0000,5335.2000,5335.0000,5337.8000,5338.0000,5338.4000,5338.6000,5338.8000,2,1,1,1,5,3,1,1,4,2
SF,IC2003,2020-01-03 13:18:12.900,5337.0000,53337,0,7738299800.000,0,-,-,-,-,5336.6000,5336.4000,5336.0000,5335.2000,5335.0000,5337.8000,5338.0000,5338.6000,5338.8000,5339.2000,2,1,1,1,5,3,1,1,2,1
SF,IC2003,2020-01-03 13:18:15.400,5337.0000,53337,0,7738299800.000,0,-,-,-,-,5336.6000,5336.0000,5335.2000,5335.0000,5334.6000,5337.8000,5338.0000,5338.6000,5338.8000,5339.2000,2,1,1,5,1,3,1,1,2,1
SF,IC2003,2020-01-03 13:18:21.400,5337.0000,53337,0,7738299800.000,0,-,-,-,-,5336.6000,5336.0000,5335.2000,5335.0000,5334.6000,5337.0000,5337.8000,5338.0000,5338.6000,5338.8000,2,1,1,5,1,1,3,1,1,2
SF,IC2003,2020-01-03 13:18:21.900,5337.0000,53338,1,7739367200.000,1,1,0,双开,B,5336.8000,5336.6000,5336.0000,5335.2000,5335.0000,5337.8000,5338.0000,5338.6000,5338.8000,5339.2000,1,2,1,1,5,1,1,1,2,1
SF,IC2003,2020-01-03 13:18:23.400,5337.0000,53338,0,7739367200.000,0,-,-,-,-,5336.8000,5336.6000,5336.0000,5335.2000,5335.0000,5337.8000,5338.0000,5338.6000,5338.8000,5339.2000,1,2,1,1,5,1,1,1,3,1
SF,IC2003,2020-01-03 13:18:24.400,5337.8000,53337,-1,7740434760.000,1,0,1,双平,B,5337.8000,5337.6000,5336.8000,5336.6000,5336.0000,5338.0000,5338.8000,5339.2000,5339.6000,5340.0000,2,1,1,2,1,1,3,1,2,1
SF,IC2003,2020-01-03 13:18:24.900,5338.0000,53338,1,7741502360.000,1,1,0,双开,B,5336.8000,5336.6000,5336.0000,5335.2000,5335.0000,5338.8000,5339.2000,5339.6000,5340.0000,5340.6000,1,2,1,1,5,3,1,2,1,1
SF,IC2003,2020-01-03 13:18:25.400,5338.0000,53338,0,7741502360.000,0,-,-,-,-,5337.0000,5336.8000,5336.0000,5335.2000,5335.0000,5338.6000,5338.8000,5339.2000,5339.6000,5340.0000,3,1,1,1,5,2,2,1,2,1
SF,IC2003,2020-01-03 13:18:25.900,5338.0000,53338,0,7741502360.000,0,-,-,-,-,5337.0000,5336.8000,5336.0000,5335.2000,5335.0000,5338.6000,5338.8000,5339.2000,5339.6000,5340.0000,2,1,1,1,5,2,2,1,2,1
SF,IC2003,2020-01-03 13:18:26.400,5338.0000,53338,0,7741502360.000,0,-,-,-,-,5337.0000,5336.8000,5336.0000,5335.2000,5335.0000,5338.4000,5338.6000,5338.8000,5339.2000,5339.6000,2,1,1,1,5,1,2,2,1,2
SF,IC2003,2020-01-03 13:18:26.900,5338.0000,53338,0,7741502360.000,0,-,-,-,-,5337.0000,5336.0000,5335.2000,5335.0000,5334.6000,5338.2000,5338.4000,5338.8000,5339.2000,5339.6000,2,1,1,5,1,2,1,2,1,2
SF,IC2003,2020-01-03 13:18:27.400,5338.0000,53338,0,7741502360.000,0,-,-,-,-,5337.6000,5336.0000,5335.2000,5335.0000,5334.6000,5338.2000,5338.4000,5338.8000,5339.2000,5339.6000,1,1,1,5,1,2,1,2,1,2
SF,IC2003,2020-01-03 13:18:27.900,5337.6000,53337,-1,7742569880.000,1,0,1,双平,B,5336.0000,5335.2000,5335.0000,5334.6000,5334.0000,5337.6000,5338.2000,5338.4000,5338.8000,5339.2000,1,1,5,1,1,4,2,1,2,1
SF,IC2003,2020-01-03 13:18:28.400,5337.6000,53337,0,7742569880.000,0,-,-,-,-,5336.4000,5336.2000,5336.0000,5335.2000,5335.0000,5337.4000,5337.6000,5338.4000,5338.8000,5339.2000,1,2,1,1,5,2,4,1,2,1
SF,IC2003,2020-01-03 13:18:29.900,5337.6000,53337,0,7742569880.000,0,-,-,-,-,5336.4000,5336.2000,5336.0000,5335.2000,5335.0000,5337.4000,5337.6000,5338.8000,5339.2000,5339.6000,1,2,1,1,5,2,4,2,1,2
SF,IC2003,2020-01-03 13:18:31.400,5337.6000,53337,0,7742569880.000,0,-,-,-,-,5336.8000,5336.4000,5336.2000,5336.0000,5335.2000,5337.4000,5337.6000,5338.8000,5339.2000,5339.6000,1,1,2,1,1,2,4,2,1,2
SF,IC2003,2020-01-03 13:18:31.900,5337.6000,53337,0,7742569880.000,0,-,-,-,-,5336.8000,5336.4000,5336.2000,5336.0000,5335.2000,5337.2000,5337.6000,5338.8000,5339.2000,5339.6000,1,1,2,1,1,1,4,2,1,2
SF,IC2003,2020-01-03 13:18:34.900,5337.6000,53337,0,7742569880.000,0,-,-,-,-,5336.8000,5336.2000,5336.0000,5335.2000,5335.0000,5337.2000,5337.6000,5338.8000,5339.2000,5339.6000,1,2,1,1,5,1,4,2,1,2
SF,IC2003,2020-01-03 13:18:35.400,5337.6000,53337,0,7742569880.000,0,-,-,-,-,5336.8000,5336.2000,5336.0000,5335.2000,5335.0000,5337.2000,5338.8000,5339.2000,5339.6000,5340.0000,1,2,1,1,5,1,1,1,2,1
SF,IC2003,2020-01-03 13:18:35.900,5337.6000,53337,0,7742569880.000,0,-,-,-,-,5336.8000,5336.2000,5336.0000,5335.2000,5335.0000,5337.0000,5337.2000,5339.2000,5339.6000,5340.0000,1,2,1,1,5,1,1,1,3,1
SF,IC2003,2020-01-03 13:18:36.400,5337.2000,53337,0,7743637320.000,1,0,1,空换,B,5336.8000,5336.2000,5336.0000,5335.2000,5335.0000,5337.2000,5339.2000,5339.6000,5340.0000,5340.6000,1,2,1,1,5,1,1,3,1,1
SF,IC2003,2020-01-03 13:18:38.900,5337.2000,53336,-1,7744704760.000,1,0,1,双平,B,5337.2000,5336.8000,5336.2000,5336.0000,5335.2000,5339.2000,5339.6000,5340.0000,5340.6000,5341.4000,1,1,2,1,1,1,3,1,1,1
SF,IC2003,2020-01-03 13:18:39.400,5337.2000,53336,0,7744704760.000,0,-,-,-,-,5337.4000,5337.2000,5336.8000,5336.0000,5335.2000,5338.6000,5338.8000,5339.0000,5339.2000,5339.6000,2,1,1,1,1,1,1,3,1,3
SF,IC2003,2020-01-03 13:18:39.900,5338.4000,53336,0,7745772440.000,1,0,1,空换,B,5337.2000,5336.8000,5336.0000,5335.2000,5335.0000,5338.4000,5338.6000,5338.8000,5339.2000,5339.6000,1,1,1,1,5,1,1,1,1,3
SF,IC2003,2020-01-03 13:18:40.900,5338.4000,53336,0,7745772440.000,0,-,-,-,-,5337.2000,5336.8000,5336.0000,5335.2000,5335.0000,5337.6000,5338.4000,5338.6000,5338.8000,5339.6000,1,1,1,1,5,1,1,1,1,3
SF,IC2003,2020-01-03 13:18:41.400,5337.6000,53335,-1,7747907400.000,2,0,2,空平,B,5336.8000,5336.0000,5335.2000,5335.0000,5334.6000,5338.4000,5338.6000,5338.8000,5339.6000,5340.0000,1,1,1,5,1,1,1,1,3,1
SF,IC2003,2020-01-03 13:18:41.900,5337.6000,53335,0,7747907400.000,0,-,-,-,-,5337.0000,5336.8000,5336.0000,5335.2000,5335.0000,5338.4000,5338.6000,5338.8000,5339.6000,5340.0000,2,1,1,1,5,1,1,1,3,1
SF,IC2003,2020-01-03 13:18:44.400,5337.6000,53335,0,7747907400.000,0,-,-,-,-,5337.0000,5336.8000,5336.0000,5335.2000,5335.0000,5338.4000,5338.6000,5338.8000,5339.6000,5340.0000,2,1,1,1,5,1,1,1,3,1
SF,IC2003,2020-01-03 13:18:44.900,5337.6000,53335,0,7747907400.000,0,-,-,-,-,5337.0000,5336.8000,5336.0000,5335.2000,5335.0000,5338.2000,5338.4000,5338.6000,5338.8000,5339.6000,2,1,1,1,5,1,1,1,1,3
SF,IC2003,2020-01-03 13:18:45.400,5337.6000,53335,0,7747907400.000,0,-,-,-,-,5336.8000,5336.0000,5335.2000,5335.0000,5334.6000,5338.0000,5338.2000,5338.6000,5338.8000,5339.6000,1,1,1,5,1,2,1,1,1,3
SF,IC2003,2020-01-03 13:18:45.900,5337.6000,53335,0,7747907400.000,0,-,-,-,-,5336.0000,5335.2000,5335.0000,5334.6000,5334.0000,5338.0000,5338.2000,5338.6000,5338.8000,5339.6000,1,1,5,1,1,2,1,1,1,3
SF,IC2003,2020-01-03 13:18:46.400,5337.6000,53335,0,7747907400.000,0,-,-,-,-,5336.2000,5336.0000,5335.2000,5335.0000,5334.6000,5338.0000,5338.2000,5338.6000,5338.8000,5339.6000,3,1,1,5,1,2,1,1,1,3
SF,IC2003,2020-01-03 13:18:46.900,5337.6000,53335,0,7747907400.000,0,-,-,-,-,5336.6000,5336.2000,5336.0000,5335.2000,5335.0000,5338.0000,5338.2000,5338.6000,5338.8000,5339.6000,1,2,1,1,5,2,1,1,1,3
SF,IC2003,2020-01-03 13:18:48.400,5337.6000,53335,0,7747907400.000,0,-,-,-,-,5336.2000,5336.0000,5335.2000,5335.0000,5334.6000,5338.0000,5338.2000,5338.6000,5338.8000,5339.6000,2,1,1,5,1,2,1,1,1,3
SF,IC2003,2020-01-03 13:18:48.900,5337.6000,53335,0,7747907400.000,0,-,-,-,-,5336.6000,5336.2000,5336.0000,5335.2000,5335.0000,5338.0000,5338.2000,5338.6000,5338.8000,5339.6000,1,2,1,1,5,2,1,1,1,3
SF,IC2003,2020-01-03 13:18:49.400,5337.6000,53335,0,7747907400.000,0,-,-,-,-,5336.8000,5336.0000,5335.2000,5335.0000,5334.6000,5338.2000,5338.6000,5338.8000,5339.6000,5340.0000,2,1,1,5,1,1,1,1,3,1
SF,IC2003,2020-01-03 13:18:50.400,5337.6000,53335,0,7747907400.000,0,-,-,-,-,5336.8000,5336.0000,5335.2000,5335.0000,5334.6000,5338.2000,5338.6000,5338.8000,5339.6000,5340.0000,2,1,1,5,1,1,1,1,3,1
SF,IC2003,2020-01-03 13:18:51.400,5336.8000,53336,1,7748974760.000,1,1,0,双开,B,5336.8000,5336.0000,5335.2000,5335.0000,5334.6000,5338.2000,5338.6000,5338.8000,5339.6000,5340.0000,1,1,1,5,1,1,1,1,3,1
SF,IC2003,2020-01-03 13:18:51.900,5336.8000,53336,0,7748974760.000,0,-,-,-,-,5336.8000,5336.0000,5335.2000,5335.0000,5334.6000,5338.0000,5338.2000,5338.6000,5338.8000,5339.6000,1,1,1,5,1,2,1,1,1,3
SF,IC2003,2020-01-03 13:18:52.900,5336.8000,53336,0,7748974760.000,0,-,-,-,-,5336.8000,5336.0000,5335.2000,5335.0000,5334.6000,5338.0000,5338.2000,5338.6000,5338.8000,5339.0000,1,1,1,5,1,2,1,1,1,1
SF,IC2003,2020-01-03 13:18:53.400,5336.8000,53337,1,7750042120.000,1,1,0,双开,B,5336.0000,5335.2000,5335.0000,5334.6000,5334.0000,5338.0000,5338.2000,5338.6000,5338.8000,5339.0000,1,1,5,1,1,2,1,1,1,1
SF,IC2003,2020-01-03 13:18:53.900,5336.8000,53337,0,7750042120.000,0,-,-,-,-,5336.4000,5336.2000,5336.0000,5335.2000,5335.0000,5338.0000,5338.2000,5338.6000,5338.8000,5339.0000,1,3,1,1,2,2,1,1,1,1
SF,IC2003,2020-01-03 13:18:54.400,5336.8000,53337,0,7750042120.000,0,-,-,-,-,5336.6000,5336.4000,5336.0000,5335.2000,5335.0000,5338.0000,5338.2000,5338.6000,5338.8000,5339.0000,2,1,1,1,2,2,1,1,1,1
SF,IC2003,2020-01-03 13:18:57.400,5336.6000,53338,1,7751109440.000,1,1,0,双开,B,5336.6000,5336.4000,5336.0000,5335.2000,5335.0000,5338.0000,5338.2000,5338.6000,5338.8000,5339.0000,1,1,1,1,2,2,1,1,1,1
SF,IC2003,2020-01-03 13:18:57.900,5336.6000,53338,0,7751109440.000,0,-,-,-,-,5336.8000,5336.6000,5336.4000,5336.0000,5335.2000,5338.0000,5338.2000,5338.6000,5338.8000,5339.0000,1,1,1,1,1,2,1,1,1,1
SF,IC2003,2020-01-03 13:18:58.400,5336.6000,53338,0,7751109440.000,0,-,-,-,-,5336.8000,5336.4000,5336.0000,5335.2000,5335.0000,5338.0000,5338.2000,5338.6000,5338.8000,5339.0000,1,1,1,1,2,2,1,1,1,1
SF,IC2003,2020-01-03 13:18:58.900,5336.6000,53338,0,7751109440.000,0,-,-,-,-,5336.8000,5336.6000,5336.4000,5336.0000,5335.2000,5338.0000,5338.2000,5338.8000,5339.0000,5339.6000,1,1,1,1,1,2,1,1,1,4
SF,IC2003,2020-01-03 13:18:59.400,5336.6000,53338,0,7751109440.000,0,-,-,-,-,5336.8000,5336.6000,5336.4000,5336.0000,5335.2000,5338.0000,5338.2000,5338.8000,5339.0000,5339.6000,1,1,1,1,1,2,1,1,1,4
SF,IC2003,2020-01-03 13:18:59.900,5336.6000,53338,0,7751109440.000,0,-,-,-,-,5336.8000,5336.6000,5336.4000,5336.0000,5335.2000,5338.0000,5338.8000,5339.0000,5339.6000,5340.0000,1,1,1,1,1,2,1,1,4,1
SF,IC2003,2020-01-03 13:19:02.400,5336.6000,53338,0,7751109440.000,0,-,-,-,-,5336.8000,5336.6000,5336.4000,5336.0000,5335.2000,5337.8000,5338.0000,5338.8000,5339.0000,5339.6000,1,1,1,1,1,1,2,1,1,4
SF,IC2003,2020-01-03 13:19:03.900,5336.8000,53338,0,7752176800.000,1,0,1,空换,B,5336.6000,5336.4000,5336.0000,5335.2000,5335.0000,5337.8000,5338.0000,5338.8000,5339.0000,5339.6000,1,1,1,1,2,1,2,1,1,4
SF,IC2003,2020-01-03 13:19:04.400,5336.8000,53338,0,7752176800.000,0,-,-,-,-,5336.6000,5336.4000,5336.0000,5335.2000,5335.0000,5337.6000,5337.8000,5338.8000,5339.0000,5339.6000,1,1,1,1,2,2,1,1,1,4
SF,IC2003,2020-01-03 13:19:05.900,5336.6000,53338,0,7753244120.000,1,0,1,空换,B,5336.4000,5336.0000,5335.2000,5335.0000,5334.6000,5337.6000,5337.8000,5338.8000,5339.0000,5339.6000,1,1,1,2,1,2,1,1,2,4
SF,IC2003,2020-01-03 13:19:07.400,5337.6000,53338,0,7754311640.000,1,0,1,空换,B,5336.4000,5336.0000,5335.2000,5335.0000,5334.6000,5337.6000,5337.8000,5338.8000,5339.0000,5339.6000,1,1,1,2,1,1,1,1,2,4
SF,IC2003,2020-01-03 13:19:07.900,5337.2000,53338,0,7755379080.000,1,0,1,空换,B,5337.2000,5336.6000,5336.4000,5336.0000,5335.2000,5337.8000,5338.8000,5339.0000,5339.6000,5340.0000,1,2,1,1,1,1,1,2,4,1
SF,IC2003,2020-01-03 13:19:08.400,5337.8000,53338,0,7756446640.000,1,0,1,空换,B,5336.6000,5336.4000,5336.0000,5335.2000,5335.0000,5338.8000,5339.0000,5339.6000,5340.0000,5341.4000,2,1,1,1,2,1,2,3,1,1
SF,IC2003,2020-01-03 13:19:08.900,5337.8000,53338,0,7756446640.000,0,-,-,-,-,5337.0000,5336.6000,5336.4000,5336.0000,5335.2000,5338.6000,5338.8000,5339.0000,5339.6000,5340.0000,1,2,1,1,1,2,1,2,3,1
SF,IC2003,2020-01-03 13:19:09.400,5337.8000,53338,0,7756446640.000,0,-,-,-,-,5337.2000,5336.4000,5336.0000,5335.2000,5335.0000,5338.6000,5338.8000,5339.0000,5339.6000,5340.0000,2,1,1,1,2,2,1,2,3,1
SF,IC2003,2020-01-03 13:19:09.900,5337.2000,53339,1,7757514080.000,1,1,0,双开,B,5337.2000,5336.4000,5336.0000,5335.2000,5335.0000,5338.6000,5338.8000,5339.0000,5339.6000,5340.0000,1,1,1,1,2,2,1,2,3,1
SF,IC2003,2020-01-03 13:19:10.400,5337.2000,53339,0,7757514080.000,0,-,-,-,-,5336.4000,5336.0000,5335.2000,5335.0000,5334.6000,5338.6000,5338.8000,5339.0000,5339.6000,5340.0000,1,1,1,2,1,2,1,2,3,1
SF,IC2003,2020-01-03 13:19:10.900,5337.2000,53339,0,7757514080.000,0,-,-,-,-,5337.4000,5336.8000,5336.6000,5336.4000,5336.0000,5338.6000,5338.8000,5339.0000,5339.6000,5340.0000,1,1,1,1,1,2,1,2,3,1
SF,IC2003,2020-01-03 13:19:11.400,5337.2000,53339,0,7757514080.000,0,-,-,-,-,5337.4000,5336.6000,5336.4000,5336.0000,5335.2000,5338.6000,5338.8000,5339.0000,5339.6000,5340.0000,1,1,1,1,1,2,1,2,3,1
SF,IC2003,2020-01-03 13:19:15.900,5337.2000,53339,0,7757514080.000,0,-,-,-,-,5337.4000,5336.6000,5336.4000,5336.0000,5335.2000,5338.4000,5338.6000,5339.0000,5339.6000,5340.0000,1,1,1,1,1,1,2,2,3,1
SF,IC2003,2020-01-03 13:19:16.400,5337.4000,53339,0,7758581560.000,1,0,1,空换,B,5336.6000,5336.4000,5336.0000,5335.2000,5335.0000,5338.4000,5338.6000,5339.0000,5339.6000,5340.0000,1,1,1,1,2,1,2,2,3,1
SF,IC2003,2020-01-03 13:19:16.900,5337.4000,53339,0,7758581560.000,0,-,-,-,-,5337.0000,5336.6000,5336.4000,5336.0000,5335.2000,5338.4000,5338.6000,5339.0000,5339.6000,5340.0000,1,1,1,1,1,1,2,2,3,1
SF,IC2003,2020-01-03 13:19:17.400,5337.4000,53339,0,7758581560.000,0,-,-,-,-,5336.6000,5336.4000,5336.0000,5335.2000,5335.0000,5338.2000,5338.4000,5339.0000,5339.6000,5340.0000,1,1,1,1,2,2,1,1,3,1
SF,IC2003,2020-01-03 13:19:18.400,5337.4000,53339,0,7758581560.000,0,-,-,-,-,5337.6000,5337.4000,5336.6000,5336.4000,5336.0000,5338.2000,5338.4000,5339.0000,5339.6000,5340.0000,1,1,1,1,1,2,1,1,3,1
SF,IC2003,2020-01-03 13:19:18.900,5337.4000,53339,0,7758581560.000,0,-,-,-,-,5337.4000,5336.6000,5336.4000,5336.0000,5335.2000,5338.2000,5338.4000,5339.0000,5339.6000,5340.0000,1,1,1,1,1,2,1,1,3,1
SF,IC2003,2020-01-03 13:19:19.400,5337.4000,53339,0,7758581560.000,0,-,-,-,-,5338.0000,5337.4000,5336.6000,5336.0000,5335.2000,5338.2000,5338.4000,5339.0000,5339.6000,5340.0000,1,1,1,1,1,2,1,1,3,1
SF,IC2003,2020-01-03 13:19:19.900,5337.4000,53339,0,7758581560.000,0,-,-,-,-,5337.4000,5336.6000,5336.0000,5335.2000,5335.0000,5338.4000,5339.0000,5339.6000,5340.0000,5341.4000,1,1,1,1,2,1,1,3,1,1
SF,IC2003,2020-01-03 13:19:20.400,5337.4000,53339,0,7758581560.000,0,-,-,-,-,5337.4000,5336.6000,5336.0000,5335.2000,5335.0000,5338.2000,5338.4000,5339.0000,5339.6000,5340.0000,1,1,1,1,2,2,1,1,3,1
SF,IC2003,2020-01-03 13:19:21.400,5337.4000,53339,0,7758581560.000,0,-,-,-,-,5337.4000,5336.6000,5336.0000,5335.2000,5335.0000,5338.2000,5339.0000,5339.6000,5340.0000,5341.4000,1,1,1,1,2,2,1,3,1,1
SF,IC2003,2020-01-03 13:19:22.400,5337.4000,53339,0,7758581560.000,0,-,-,-,-,5337.4000,5336.6000,5336.0000,5335.2000,5335.0000,5338.0000,5338.2000,5339.0000,5339.6000,5340.0000,1,1,1,1,2,1,2,1,3,1
SF,IC2003,2020-01-03 13:19:22.900,5338.0000,53339,0,7759649160.000,1,0,1,空换,B,5337.4000,5336.6000,5336.0000,5335.2000,5335.0000,5338.2000,5339.0000,5339.6000,5340.0000,5341.4000,1,1,1,1,2,2,1,3,1,1
SF,IC2003,2020-01-03 13:19:23.400,5338.0000,53339,0,7759649160.000,0,-,-,-,-,5337.6000,5336.0000,5335.2000,5335.0000,5334.6000,5339.0000,5339.6000,5340.0000,5341.4000,5341.8000,1,1,1,2,1,1,3,1,1,1
SF,IC2003,2020-01-03 13:19:23.900,5338.0000,53339,0,7759649160.000,0,-,-,-,-,5338.4000,5337.6000,5336.0000,5335.2000,5335.0000,5338.8000,5339.0000,5339.6000,5340.0000,5341.4000,1,1,1,1,2,3,1,3,1,1
SF,IC2003,2020-01-03 13:19:24.400,5338.4000,53338,-1,7760716840.000,1,0,1,双平,B,5337.6000,5336.0000,5335.2000,5335.0000,5334.6000,5338.4000,5338.8000,5339.0000,5339.6000,5340.0000,1,1,1,2,1,4,3,1,3,1
SF,IC2003,2020-01-03 13:19:24.900,5338.4000,53338,0,7760716840.000,0,-,-,-,-,5336.0000,5335.2000,5335.0000,5334.6000,5334.0000,5338.4000,5338.8000,5339.0000,5339.6000,5340.0000,1,1,2,1,1,4,3,1,3,1
SF,IC2003,2020-01-03 13:19:25.400,5338.4000,53339,1,7761784520.000,1,1,0,双开,B,5336.8000,5336.6000,5336.4000,5336.2000,5336.0000,5338.4000,5338.8000,5339.0000,5339.6000,5340.0000,1,1,3,3,1,4,1,1,3,1
SF,IC2003,2020-01-03 13:19:25.900,5338.4000,53339,0,7761784520.000,0,-,-,-,-,5337.0000,5336.8000,5336.6000,5336.4000,5336.2000,5338.2000,5338.4000,5338.8000,5339.0000,5339.6000,2,1,1,2,2,2,4,1,1,3
SF,IC2003,2020-01-03 13:19:26.400,5338.4000,53340,1,7762852200.000,1,1,0,双开,B,5337.0000,5336.8000,5336.6000,5336.4000,5336.2000,5338.2000,5338.4000,5338.8000,5339.0000,5339.6000,2,1,1,2,2,1,4,1,1,3
SF,IC2003,2020-01-03 13:19:26.900,5338.4000,53340,0,7762852200.000,0,-,-,-,-,5337.0000,5336.8000,5336.6000,5336.4000,5336.2000,5338.0000,5338.2000,5338.4000,5338.8000,5339.0000,2,1,1,2,2,1,1,4,1,1
SF,IC2003,2020-01-03 13:19:28.400,5338.4000,53340,0,7762852200.000,0,-,-,-,-,5337.0000,5336.8000,5336.6000,5336.4000,5336.2000,5338.0000,5338.2000,5338.4000,5338.8000,5339.0000,2,1,1,2,2,1,1,4,1,1
SF,IC2003,2020-01-03 13:19:28.900,5338.4000,53340,0,7762852200.000,0,-,-,-,-,5337.0000,5336.8000,5336.6000,5336.4000,5336.2000,5338.0000,5338.2000,5338.4000,5338.8000,5339.0000,2,1,1,2,2,2,1,4,1,1
SF,IC2003,2020-01-03 13:19:30.400,5338.4000,53340,0,7762852200.000,0,-,-,-,-,5337.0000,5336.8000,5336.6000,5336.4000,5336.2000,5337.8000,5338.0000,5338.2000,5338.8000,5339.0000,2,1,1,2,2,1,2,1,1,1
SF,IC2003,2020-01-03 13:19:30.900,5338.0000,53340,0,7763919800.000,1,0,1,空换,B,5337.0000,5336.8000,5336.6000,5336.4000,5336.2000,5337.6000,5338.8000,5339.0000,5339.6000,5340.0000,2,1,1,2,2,2,1,1,3,1
SF,IC2003,2020-01-03 13:19:31.400,5337.6000,53341,1,7766054840.000,2,1,1,多开,B,5337.2000,5337.0000,5336.8000,5336.6000,5336.4000,5338.6000,5338.8000,5339.0000,5339.6000,5340.0000,1,2,1,1,2,2,1,1,3,1
SF,IC2003,2020-01-03 13:19:31.900,5337.6000,53341,0,7766054840.000,0,-,-,-,-,5337.2000,5337.0000,5336.8000,5336.6000,5336.4000,5338.4000,5338.8000,5339.0000,5339.6000,5340.0000,1,2,1,1,2,2,1,1,3,1
SF,IC2003,2020-01-03 13:19:32.400,5337.6000,53341,0,7766054840.000,0,-,-,-,-,5337.4000,5337.2000,5336.8000,5336.6000,5336.4000,5338.4000,5338.8000,5339.0000,5339.6000,5340.0000,2,1,1,1,2,2,1,1,3,1
SF,IC2003,2020-01-03 13:19:35.400,5337.6000,53341,0,7766054840.000,0,-,-,-,-,5337.4000,5337.2000,5336.8000,5336.4000,5336.2000,5338.4000,5338.8000,5339.0000,5339.6000,5340.0000,2,1,1,2,2,2,1,1,3,1
SF,IC2003,2020-01-03 13:19:36.400,5337.6000,53341,0,7766054840.000,0,-,-,-,-,5337.6000,5337.4000,5337.2000,5336.8000,5336.4000,5338.4000,5338.8000,5339.0000,5339.6000,5340.0000,1,2,1,1,2,2,1,1,3,1
SF,IC2003,2020-01-03 13:19:36.900,5337.6000,53341,0,7766054840.000,0,-,-,-,-,5337.6000,5337.4000,5337.2000,5336.8000,5336.4000,5338.2000,5338.4000,5338.8000,5339.0000,5339.6000,1,2,1,1,2,2,2,1,1,3
SF,IC2003,2020-01-03 13:19:37.400,5337.6000,53341,0,7766054840.000,0,-,-,-,-,5337.6000,5337.4000,5337.2000,5336.8000,5336.4000,5338.0000,5338.2000,5338.4000,5338.8000,5339.0000,1,2,1,1,2,1,2,2,1,1
SF,IC2003,2020-01-03 13:19:38.900,5337.6000,53341,0,7767122360.000,1,0,1,空换,B,5337.4000,5337.2000,5336.8000,5336.4000,5336.2000,5338.0000,5338.2000,5338.4000,5338.8000,5339.0000,2,1,1,2,2,1,2,2,1,1
SF,IC2003,2020-01-03 13:19:39.400,5337.6000,53341,0,7767122360.000,0,-,-,-,-,5337.2000,5336.8000,5336.4000,5336.2000,5336.0000,5338.0000,5338.2000,5338.4000,5338.8000,5339.0000,1,1,2,2,2,1,2,2,1,1
SF,IC2003,2020-01-03 13:19:39.900,5338.0000,53340,-1,7768189960.000,1,0,1,双平,B,5337.2000,5336.8000,5336.4000,5336.2000,5336.0000,5338.2000,5338.4000,5338.8000,5339.0000,5339.6000,1,1,2,2,2,2,2,1,1,3
SF,IC2003,2020-01-03 13:19:40.400,5338.0000,53340,0,7768189960.000,0,-,-,-,-,5337.2000,5336.8000,5336.4000,5336.2000,5336.0000,5338.2000,5338.4000,5339.0000,5339.6000,5340.0000,1,1,2,2,2,2,2,1,3,1
SF,IC2003,2020-01-03 13:19:42.900,5338.0000,53340,0,7768189960.000,0,-,-,-,-,5337.4000,5337.2000,5336.8000,5336.4000,5336.2000,5338.2000,5338.4000,5339.0000,5339.6000,5340.0000,1,1,1,2,2,2,2,1,3,1
SF,IC2003,2020-01-03 13:19:43.400,5338.0000,53340,0,7768189960.000,0,-,-,-,-,5337.2000,5336.8000,5336.4000,5336.2000,5336.0000,5338.2000,5338.4000,5339.0000,5339.6000,5340.0000,1,1,2,2,2,2,2,1,3,1
SF,IC2003,2020-01-03 13:19:43.900,5338.0000,53340,0,7768189960.000,0,-,-,-,-,5337.6000,5337.4000,5337.2000,5336.8000,5336.4000,5338.2000,5338.4000,5339.0000,5339.6000,5340.0000,1,1,1,1,2,2,2,1,3,1
SF,IC2003,2020-01-03 13:19:44.900,5338.4000,53340,0,7771392920.000,3,1,2,空换,B,5337.6000,5337.2000,5336.8000,5336.4000,5336.2000,5338.4000,5339.0000,5339.6000,5340.0000,5341.4000,1,1,1,1,2,1,1,2,1,1
SF,IC2003,2020-01-03 13:19:45.400,5338.4000,53340,0,7772460600.000,1,0,1,空换,B,5338.6000,5338.4000,5337.8000,5337.6000,5337.2000,5339.0000,5339.6000,5340.0000,5341.4000,5341.8000,1,5,1,1,1,1,2,1,1,1
SF,IC2003,2020-01-03 13:19:45.900,5339.0000,53339,-1,7773528400.000,1,0,1,双平,B,5339.0000,5338.4000,5337.8000,5336.8000,5336.4000,5339.6000,5340.0000,5341.4000,5341.8000,5342.0000,2,4,1,1,1,2,1,1,1,1
SF,IC2003,2020-01-03 13:19:46.400,5339.6000,53340,1,7775664240.000,2,1,1,多开,B,5339.6000,5339.2000,5338.4000,5337.8000,5336.8000,5340.0000,5341.4000,5341.8000,5342.0000,5342.6000,1,1,4,1,1,1,1,1,1,2
SF,IC2003,2020-01-03 13:19:46.900,5339.6000,53341,1,7776732160.000,1,1,0,双开,B,5339.2000,5338.4000,5337.8000,5336.8000,5336.4000,5340.0000,5341.4000,5341.8000,5342.0000,5342.6000,1,1,1,1,1,1,1,1,1,2
SF,IC2003,2020-01-03 13:19:47.400,5339.6000,53341,0,7776732160.000,0,-,-,-,-,5338.4000,5337.8000,5336.8000,5336.4000,5336.0000,5339.8000,5340.0000,5341.4000,5341.8000,5342.0000,1,1,1,1,2,2,1,1,1,1
SF,IC2003,2020-01-03 13:19:47.900,5339.6000,53341,0,7776732160.000,0,-,-,-,-,5338.6000,5338.4000,5337.8000,5336.8000,5336.4000,5339.8000,5340.0000,5341.4000,5341.8000,5342.0000,2,1,1,1,1,2,1,1,1,1
SF,IC2003,2020-01-03 13:19:49.400,5339.8000,53342,1,7777800120.000,1,1,0,双开,B,5338.6000,5338.4000,5337.8000,5336.8000,5336.4000,5339.8000,5340.0000,5341.4000,5341.8000,5342.0000,2,1,1,1,1,1,1,1,1,1
SF,IC2003,2020-01-03 13:19:49.900,5339.8000,53342,0,7777800120.000,0,-,-,-,-,5338.6000,5338.4000,5337.8000,5336.8000,5336.4000,5339.2000,5339.8000,5340.0000,5341.4000,5341.8000,2,1,1,1,1,1,1,1,1,1
SF,IC2003,2020-01-03 13:19:50.400,5339.8000,53342,0,7777800120.000,0,-,-,-,-,5338.6000,5338.4000,5337.8000,5336.8000,5336.4000,5340.0000,5341.4000,5341.8000,5342.0000,5342.6000,2,1,1,1,1,1,1,1,1,2
SF,IC2003,2020-01-03 13:19:50.900,5339.8000,53342,0,7777800120.000,0,-,-,-,-,5338.6000,5338.4000,5337.8000,5336.8000,5336.4000,5339.8000,5340.0000,5341.4000,5341.8000,5342.0000,2,1,1,1,1,2,1,1,1,1
SF,IC2003,2020-01-03 13:19:51.400,5339.8000,53342,0,7777800120.000,0,-,-,-,-,5338.6000,5337.8000,5336.8000,5336.4000,5336.0000,5339.8000,5340.0000,5341.4000,5341.8000,5342.0000,2,1,1,1,2,2,1,1,1,1
SF,IC2003,2020-01-03 13:19:51.900,5339.8000,53342,0,7777800120.000,0,-,-,-,-,5338.6000,5337.8000,5336.8000,5336.4000,5336.0000,5340.0000,5341.4000,5341.8000,5342.0000,5342.6000,2,1,1,1,2,1,1,1,1,2
SF,IC2003,2020-01-03 13:19:53.400,5339.8000,53342,0,7777800120.000,0,-,-,-,-,5338.6000,5337.8000,5336.8000,5336.4000,5336.0000,5340.0000,5341.4000,5341.8000,5342.0000,5342.6000,2,1,1,1,2,1,1,1,1,2
SF,IC2003,2020-01-03 13:19:54.900,5339.8000,53342,0,7777800120.000,0,-,-,-,-,5338.8000,5338.6000,5337.8000,5336.8000,5336.0000,5340.0000,5341.4000,5341.8000,5342.0000,5342.6000,1,2,1,1,2,1,1,1,1,2
SF,IC2003,2020-01-03 13:19:55.400,5339.8000,53342,0,7777800120.000,0,-,-,-,-,5339.0000,5338.8000,5337.8000,5336.8000,5336.0000,5340.0000,5341.4000,5341.8000,5342.0000,5342.6000,2,1,1,1,2,1,1,1,1,2
SF,IC2003,2020-01-03 13:19:55.900,5339.8000,53342,0,7777800120.000,0,-,-,-,-,5339.0000,5337.8000,5336.8000,5336.0000,5335.0000,5340.0000,5341.4000,5341.8000,5342.0000,5342.6000,2,1,1,2,2,1,1,1,1,2
SF,IC2003,2020-01-03 13:19:56.400,5340.0000,53342,0,7778868120.000,1,0,1,空换,B,5340.0000,5339.0000,5337.8000,5336.8000,5336.0000,5341.4000,5341.8000,5342.0000,5342.6000,5343.8000,1,2,1,1,2,1,1,1,2,1
SF,IC2003,2020-01-03 13:19:56.900,5340.0000,53342,0,7778868120.000,0,-,-,-,-,5340.0000,5339.0000,5337.8000,5336.8000,5336.0000,5340.8000,5341.2000,5341.4000,5341.8000,5342.0000,1,2,1,1,2,1,2,1,1,1
SF,IC2003,2020-01-03 13:19:57.400,5340.0000,53342,0,7778868120.000,0,-,-,-,-,5340.0000,5339.0000,5337.8000,5336.8000,5336.0000,5340.8000,5341.2000,5341.4000,5341.8000,5342.0000,1,2,1,1,2,1,2,1,1,1
SF,IC2003,2020-01-03 13:19:58.400,5340.0000,53342,0,7779936120.000,1,0,1,空换,B,5339.0000,5337.8000,5336.8000,5336.0000,5335.0000,5340.0000,5341.2000,5341.4000,5341.8000,5342.0000,2,1,1,2,2,1,2,1,1,1
SF,IC2003,2020-01-03 13:19:58.900,5340.0000,53342,0,7781004120.000,1,0,1,空换,B,5339.0000,5337.8000,5336.8000,5336.0000,5335.0000,5341.2000,5341.4000,5341.8000,5342.0000,5342.6000,2,1,1,2,2,2,1,1,1,2
SF,IC2003,2020-01-03 13:19:59.400,5340.0000,53342,0,7781004120.000,0,-,-,-,-,5339.0000,5337.8000,5336.8000,5336.0000,5335.0000,5340.8000,5341.0000,5341.2000,5341.4000,5341.8000,2,1,1,2,2,2,1,2,1,1
SF,IC2003,2020-01-03 13:19:59.900,5340.0000,53342,0,7781004120.000,0,-,-,-,-,5339.0000,5337.8000,5336.8000,5336.0000,5335.0000,5340.4000,5340.6000,5340.8000,5341.4000,5341.8000,2,1,1,2,2,1,2,2,1,1
SF,IC2003,2020-01-03 13:20:00.400,5340.0000,53342,0,7781004120.000,0,-,-,-,-,5339.0000,5337.8000,5336.8000,5336.0000,5335.0000,5340.6000,5340.8000,5341.4000,5341.8000,5342.0000,2,1,1,2,2,2,2,1,1,1
SF,IC2003,2020-01-03 13:20:00.900,5339.0000,53343,1,7782071920.000,1,1,0,双开,B,5339.0000,5337.8000,5336.8000,5336.0000,5335.0000,5340.6000,5340.8000,5341.4000,5341.8000,5342.0000,1,1,1,2,2,2,2,1,1,1
SF,IC2003,2020-01-03 13:20:01.400,5339.0000,53343,0,7782071920.000,0,-,-,-,-,5339.0000,5337.8000,5336.8000,5336.0000,5335.0000,5340.6000,5340.8000,5341.4000,5341.8000,5342.0000,1,1,1,2,2,2,2,1,1,1
SF,IC2003,2020-01-03 13:20:01.900,5339.0000,53343,0,7782071920.000,0,-,-,-,-,5339.0000,5337.8000,5336.8000,5336.0000,5335.0000,5340.6000,5340.8000,5341.4000,5341.8000,5342.0000,1,1,1,2,2,2,1,1,1,1
SF,IC2003,2020-01-03 13:20:03.400,5339.0000,53344,1,7784207840.000,2,1,1,多开,B,5337.8000,5336.8000,5336.0000,5335.0000,5334.6000,5340.6000,5340.8000,5341.4000,5341.8000,5342.0000,1,1,2,2,1,1,1,1,1,1
SF,IC2003,2020-01-03 13:20:03.900,5339.0000,53344,0,7784207840.000,0,-,-,-,-,5338.4000,5338.2000,5338.0000,5337.8000,5336.8000,5340.6000,5340.8000,5341.4000,5341.8000,5342.0000,2,2,5,1,1,1,1,1,1,1
SF,IC2003,2020-01-03 13:20:04.400,5339.0000,53344,0,7784207840.000,0,-,-,-,-,5338.8000,5338.4000,5338.2000,5338.0000,5337.8000,5340.6000,5340.8000,5341.4000,5341.8000,5342.0000,1,2,1,3,1,1,1,1,1,1
SF,IC2003,2020-01-03 13:20:04.900,5339.0000,53344,0,7784207840.000,0,-,-,-,-,5339.0000,5338.4000,5338.2000,5338.0000,5337.8000,5340.6000,5340.8000,5341.4000,5341.8000,5342.0000,2,2,1,2,1,1,1,1,1,3
SF,IC2003,2020-01-03 13:20:06.400,5339.0000,53344,0,7784207840.000,0,-,-,-,-,5339.0000,5338.4000,5338.0000,5337.8000,5336.8000,5340.6000,5340.8000,5341.4000,5341.8000,5342.0000,2,1,2,1,1,1,1,1,1,3
SF,IC2003,2020-01-03 13:20:07.900,5339.0000,53344,0,7784207840.000,0,-,-,-,-,5339.2000,5339.0000,5338.0000,5337.8000,5336.8000,5340.6000,5340.8000,5341.4000,5341.8000,5342.0000,1,2,1,1,1,1,1,1,1,3
SF,IC2003,2020-01-03 13:20:08.400,5339.0000,53344,0,7784207840.000,0,-,-,-,-,5339.2000,5339.0000,5338.0000,5337.8000,5336.8000,5340.8000,5341.4000,5341.8000,5342.0000,5342.6000,1,1,1,1,1,1,1,1,3,2
SF,IC2003,2020-01-03 13:20:08.900,5339.0000,53344,0,7784207840.000,0,-,-,-,-,5339.4000,5339.2000,5339.0000,5338.0000,5337.8000,5340.6000,5340.8000,5341.4000,5341.8000,5342.0000,2,1,1,1,1,1,1,1,1,3
SF,IC2003,2020-01-03 13:20:09.400,5339.0000,53344,0,7784207840.000,0,-,-,-,-,5339.4000,5339.2000,5339.0000,5338.0000,5337.8000,5340.6000,5341.4000,5341.8000,5342.0000,5342.6000,2,1,1,1,1,1,1,1,3,2
SF,IC2003,2020-01-03 13:20:09.900,5339.0000,53344,0,7784207840.000,0,-,-,-,-,5339.8000,5339.4000,5339.2000,5339.0000,5338.0000,5341.0000,5341.2000,5341.4000,5341.8000,5342.0000,1,2,1,1,1,1,1,1,1,3
SF,IC2003,2020-01-03 13:20:10.400,5339.0000,53344,0,7784207840.000,0,-,-,-,-,5339.8000,5339.4000,5339.2000,5339.0000,5338.0000,5340.8000,5341.0000,5341.4000,5341.8000,5342.0000,1,2,1,1,1,3,1,1,1,3
SF,IC2003,2020-01-03 13:20:10.900,5340.8000,53344,0,7785276000.000,1,0,1,空换,B,5339.4000,5339.2000,5339.0000,5338.0000,5337.8000,5340.8000,5341.0000,5341.4000,5341.8000,5342.0000,2,1,1,1,1,2,1,1,1,3
SF,IC2003,2020-01-03 13:20:12.900,5340.8000,53345,1,7786344160.000,1,1,0,双开,B,5339.4000,5339.2000,5339.0000,5338.0000,5337.8000,5340.8000,5341.0000,5341.4000,5341.8000,5342.0000,2,1,1,1,1,1,1,1,1,3
SF,IC2003,2020-01-03 13:20:13.400,5340.8000,53346,1,7787412320.000,1,1,0,双开,B,5339.4000,5339.2000,5339.0000,5338.0000,5337.8000,5340.6000,5341.0000,5341.4000,5341.8000,5342.0000,2,1,1,1,1,1,1,1,1,3
SF,IC2003,2020-01-03 13:20:13.900,5340.8000,53346,0,7788480480.000,1,0,1,空换,B,5339.8000,5339.6000,5339.4000,5339.2000,5339.0000,5340.4000,5341.0000,5341.4000,5341.8000,5342.0000,1,1,2,1,1,1,1,1,1,3
SF,IC2003,2020-01-03 13:20:14.400,5340.4000,53346,0,7789548560.000,1,0,1,空换,B,5340.4000,5340.2000,5340.0000,5339.8000,5339.6000,5340.8000,5341.0000,5341.4000,5341.8000,5342.0000,6,1,3,1,1,1,1,1,1,3
SF,IC2003,2020-01-03 13:20:14.900,5340.8000,53347,1,7790616720.000,1,1,0,双开,B,5340.8000,5340.6000,5340.4000,5340.2000,5340.0000,5341.0000,5341.4000,5341.8000,5342.0000,5342.6000,4,1,3,1,3,1,1,1,3,2
SF,IC2003,2020-01-03 13:20:15.400,5341.0000,53346,-1,7792753120.000,2,0,2,空平,B,5340.6000,5340.4000,5340.2000,5340.0000,5339.8000,5341.4000,5341.8000,5342.0000,5342.6000,5343.8000,1,3,1,3,1,1,1,3,1,1
SF,IC2003,2020-01-03 13:20:15.900,5340.8000,53348,2,7794889440.000,2,2,0,双开,B,5340.6000,5340.4000,5340.2000,5340.0000,5339.8000,5341.4000,5341.8000,5342.0000,5342.6000,5343.8000,1,3,1,1,1,1,1,3,1,1
SF,IC2003,2020-01-03 13:20:16.900,5340.8000,53348,0,7794889440.000,0,-,-,-,-,5340.6000,5340.4000,5340.2000,5340.0000,5339.8000,5341.4000,5341.8000,5342.0000,5342.6000,5343.8000,1,3,1,1,1,1,1,3,1,1
SF,IC2003,2020-01-03 13:20:17.400,5340.4000,53348,0,7795957520.000,1,0,1,空换,B,5340.4000,5340.2000,5340.0000,5339.8000,5339.2000,5341.2000,5341.4000,5341.8000,5342.0000,5342.6000,2,1,1,1,1,2,1,1,3,1
SF,IC2003,2020-01-03 13:20:17.900,5340.4000,53348,0,7795957520.000,0,-,-,-,-,5340.4000,5340.2000,5340.0000,5339.8000,5339.0000,5341.2000,5341.4000,5341.8000,5342.0000,5342.6000,1,1,1,1,1,2,1,1,3,1
SF,IC2003,2020-01-03 13:20:18.400,5340.4000,53348,0,7795957520.000,0,-,-,-,-,5340.4000,5340.2000,5340.0000,5339.8000,5339.0000,5341.0000,5341.2000,5341.4000,5341.8000,5342.0000,1,1,1,1,1,1,2,1,1,3
SF,IC2003,2020-01-03 13:20:18.900,5340.4000,53348,0,7795957520.000,0,-,-,-,-,5340.4000,5340.2000,5340.0000,5339.8000,5339.0000,5341.0000,5341.2000,5341.4000,5341.8000,5342.0000,1,1,1,1,1,1,2,1,1,3
SF,IC2003,2020-01-03 13:20:19.400,5340.2000,53348,0,7798093640.000,2,1,1,空换,B,5340.0000,5339.8000,5339.0000,5338.0000,5337.8000,5340.8000,5341.0000,5341.4000,5341.8000,5342.0000,1,1,1,1,1,2,1,1,1,3
SF,IC2003,2020-01-03 13:20:19.900,5340.2000,53348,0,7798093640.000,0,-,-,-,-,5340.0000,5339.8000,5339.0000,5338.0000,5337.8000,5340.8000,5341.0000,5341.4000,5341.8000,5342.0000,1,1,1,1,1,2,1,1,1,3
SF,IC2003,2020-01-03 13:20:20.400,5340.2000,53348,0,7798093640.000,0,-,-,-,-,5340.0000,5339.8000,5339.0000,5338.0000,5337.8000,5340.8000,5341.0000,5341.4000,5341.8000,5342.0000,1,1,1,1,1,2,1,1,1,3
SF,IC2003,2020-01-03 13:20:20.900,5340.2000,53348,0,7798093640.000,0,-,-,-,-,5340.0000,5339.8000,5339.0000,5338.0000,5337.8000,5341.0000,5341.4000,5341.8000,5342.0000,5342.6000,1,1,1,1,1,1,1,1,3,1
SF,IC2003,2020-01-03 13:20:21.400,5340.2000,53348,0,7798093640.000,0,-,-,-,-,5340.2000,5340.0000,5339.8000,5339.0000,5338.0000,5341.0000,5341.4000,5341.8000,5342.0000,5342.6000,2,1,1,1,1,2,1,1,3,1
SF,IC2003,2020-01-03 13:20:22.400,5340.2000,53348,0,7798093640.000,0,-,-,-,-,5340.2000,5340.0000,5339.8000,5339.0000,5338.0000,5341.0000,5341.4000,5341.8000,5342.0000,5342.6000,2,1,1,1,1,1,1,1,3,1
SF,IC2003,2020-01-03 13:20:23.400,5340.2000,53348,0,7798093640.000,0,-,-,-,-,5340.2000,5340.0000,5339.8000,5339.0000,5338.0000,5340.8000,5341.0000,5341.4000,5341.8000,5342.0000,2,1,1,1,1,1,1,1,1,3
SF,IC2003,2020-01-03 13:20:24.900,5341.0000,53349,1,7800230000.000,2,1,1,多开,B,5341.0000,5340.2000,5340.0000,5339.8000,5339.0000,5341.4000,5341.8000,5342.0000,5342.6000,5343.8000,3,2,1,1,1,1,1,3,1,1
SF,IC2003,2020-01-03 13:20:25.400,5341.2000,53351,2,7802366440.000,2,2,0,双开,B,5341.0000,5340.8000,5340.2000,5340.0000,5339.8000,5341.2000,5341.4000,5341.8000,5342.0000,5342.6000,2,1,2,1,1,1,1,1,3,1
SF,IC2003,2020-01-03 13:20:25.900,5341.2000,53351,0,7803434680.000,1,0,1,空换,B,5341.0000,5340.8000,5340.2000,5340.0000,5339.8000,5341.4000,5341.8000,5342.0000,5342.6000,5343.8000,2,1,2,1,1,1,1,3,1,1
SF,IC2003,2020-01-03 13:20:26.900,5341.4000,53351,0,7804502960.000,1,0,1,空换,B,5341.0000,5340.8000,5340.2000,5340.0000,5339.6000,5341.8000,5342.0000,5342.6000,5343.8000,5344.0000,2,1,2,1,1,1,3,1,1,1
SF,IC2003,2020-01-03 13:20:27.400,5341.4000,53351,0,7804502960.000,0,-,-,-,-,5341.0000,5340.8000,5340.2000,5340.0000,5339.6000,5341.4000,5341.8000,5342.0000,5342.6000,5343.8000,2,1,2,1,1,2,1,3,1,1
SF,IC2003,2020-01-03 13:20:27.900,5341.4000,53352,1,7805571240.000,1,1,0,双开,B,5341.2000,5341.0000,5340.8000,5340.2000,5340.0000,5341.4000,5341.8000,5342.0000,5342.6000,5343.8000,1,2,1,2,1,1,1,3,1,1
SF,IC2003,2020-01-03 13:20:28.400,5341.4000,53351,-1,7806639520.000,1,0,1,双平,B,5341.4000,5341.2000,5341.0000,5340.8000,5340.2000,5341.8000,5342.0000,5342.6000,5343.8000,5344.0000,1,1,2,1,2,1,3,1,1,1
SF,IC2003,2020-01-03 13:20:28.900,5341.4000,53351,0,7806639520.000,0,-,-,-,-,5341.4000,5341.2000,5341.0000,5340.2000,5340.0000,5341.8000,5342.0000,5342.6000,5343.8000,5344.0000,1,1,2,2,1,1,3,1,1,1
SF,IC2003,2020-01-03 13:20:29.400,5341.4000,53351,0,7806639520.000,0,-,-,-,-,5341.4000,5341.2000,5341.0000,5340.2000,5340.0000,5341.8000,5342.0000,5342.6000,5343.8000,5344.0000,1,1,2,2,1,1,3,1,1,1
SF,IC2003,2020-01-03 13:20:29.900,5341.4000,53351,0,7806639520.000,0,-,-,-,-,5341.6000,5341.4000,5341.2000,5341.0000,5340.2000,5341.8000,5342.0000,5342.6000,5343.8000,5344.0000,1,1,1,2,2,1,3,1,1,1
SF,IC2003,2020-01-03 13:20:30.400,5341.8000,53350,-1,7807707880.000,1,0,1,双平,B,5341.6000,5341.4000,5341.2000,5341.0000,5340.2000,5342.0000,5342.6000,5343.8000,5344.0000,5344.2000,1,1,1,2,2,3,1,1,1,1
SF,IC2003,2020-01-03 13:20:30.900,5341.8000,53350,0,7807707880.000,0,-,-,-,-,5341.6000,5341.4000,5341.0000,5340.2000,5340.0000,5342.0000,5342.6000,5343.8000,5344.0000,5344.2000,1,1,2,2,1,3,1,1,1,1
SF,IC2003,2020-01-03 13:20:31.400,5342.0000,53350,0,7809844680.000,2,1,1,空换,B,5341.8000,5341.6000,5341.4000,5341.0000,5340.2000,5342.0000,5342.6000,5343.8000,5344.0000,5344.2000,2,1,1,2,2,1,1,1,1,1
SF,IC2003,2020-01-03 13:20:31.900,5342.6000,53350,0,7811981600.000,2,1,1,空换,B,5342.0000,5341.8000,5341.6000,5341.4000,5341.0000,5343.8000,5344.0000,5344.2000,5344.4000,5344.8000,3,2,1,1,2,1,1,1,15,1
SF,IC2003,2020-01-03 13:20:32.400,5342.6000,53350,0,7811981600.000,0,-,-,-,-,5342.2000,5342.0000,5341.8000,5341.6000,5341.4000,5342.8000,5343.0000,5343.2000,5343.4000,5343.6000,2,3,2,1,1,1,1,3,4,3
SF,IC2003,2020-01-03 13:20:32.900,5342.6000,53350,0,7811981600.000,0,-,-,-,-,5342.2000,5342.0000,5341.8000,5341.6000,5341.4000,5342.8000,5343.0000,5343.2000,5343.4000,5343.6000,2,4,2,1,1,1,1,3,1,3
SF,IC2003,2020-01-03 13:20:33.400,5342.6000,53350,0,7811981600.000,0,-,-,-,-,5342.4000,5342.2000,5342.0000,5341.8000,5341.6000,5342.8000,5343.0000,5343.2000,5343.4000,5343.6000,1,2,4,2,1,1,1,3,1,3
SF,IC2003,2020-01-03 13:20:34.400,5342.8000,53350,0,7813050160.000,1,0,1,空换,B,5342.4000,5342.2000,5342.0000,5341.8000,5341.4000,5343.0000,5343.2000,5343.4000,5343.6000,5343.8000,1,2,4,3,1,1,3,1,3,1
SF,IC2003,2020-01-03 13:20:34.900,5342.8000,53350,0,7813050160.000,0,-,-,-,-,5342.4000,5342.2000,5342.0000,5341.8000,5341.4000,5343.0000,5343.2000,5343.4000,5343.6000,5343.8000,1,2,4,3,1,1,2,1,2,1
SF,IC2003,2020-01-03 13:20:35.400,5342.8000,53350,0,7813050160.000,0,-,-,-,-,5342.4000,5342.2000,5342.0000,5341.8000,5341.4000,5343.0000,5343.2000,5343.4000,5343.6000,5343.8000,1,2,4,2,1,1,2,1,2,1
SF,IC2003,2020-01-03 13:20:35.900,5342.8000,53350,0,7813050160.000,0,-,-,-,-,5342.4000,5342.2000,5342.0000,5341.8000,5341.4000,5343.0000,5343.2000,5343.4000,5343.6000,5343.8000,1,2,4,2,2,1,2,1,2,1
SF,IC2003,2020-01-03 13:20:36.400,5343.0000,53351,1,7814118760.000,1,1,0,双开,B,5342.4000,5342.2000,5342.0000,5341.8000,5341.4000,5343.2000,5343.4000,5343.6000,5343.8000,5344.0000,1,2,4,2,1,2,1,2,1,1
SF,IC2003,2020-01-03 13:20:37.900,5343.0000,53351,0,7814118760.000,0,-,-,-,-,5342.4000,5342.2000,5342.0000,5341.8000,5341.4000,5343.2000,5343.4000,5343.6000,5343.8000,5344.0000,1,2,4,2,1,2,1,2,1,1
SF,IC2003,2020-01-03 13:20:38.900,5343.0000,53351,0,7814118760.000,0,-,-,-,-,5342.4000,5342.2000,5342.0000,5341.8000,5341.4000,5343.2000,5343.4000,5343.6000,5343.8000,5344.0000,2,2,4,1,1,2,1,2,1,1
SF,IC2003,2020-01-03 13:20:40.900,5343.0000,53351,0,7814118760.000,0,-,-,-,-,5342.4000,5342.2000,5342.0000,5341.8000,5341.4000,5343.2000,5343.4000,5343.6000,5343.8000,5344.0000,2,2,3,1,1,2,1,2,1,1
SF,IC2003,2020-01-03 13:20:41.400,5343.0000,53351,0,7814118760.000,0,-,-,-,-,5342.4000,5342.2000,5342.0000,5341.8000,5341.4000,5343.0000,5343.2000,5343.4000,5343.6000,5343.8000,2,2,3,1,1,1,2,1,2,1
SF,IC2003,2020-01-03 13:20:41.900,5343.0000,53351,0,7814118760.000,0,-,-,-,-,5342.4000,5342.2000,5342.0000,5341.8000,5341.4000,5343.0000,5343.2000,5343.4000,5343.6000,5343.8000,2,2,4,1,1,1,2,1,2,1
SF,IC2003,2020-01-03 13:20:42.900,5343.0000,53351,0,7814118760.000,0,-,-,-,-,5342.4000,5342.2000,5342.0000,5341.8000,5341.4000,5343.0000,5343.2000,5343.4000,5343.6000,5343.8000,2,2,4,1,1,1,2,1,2,1
SF,IC2003,2020-01-03 13:20:43.400,5342.4000,53352,1,7817324200.000,3,2,1,多开,B,5342.0000,5341.8000,5341.4000,5340.0000,5339.6000,5342.4000,5343.0000,5343.2000,5343.4000,5343.6000,4,1,1,1,1,1,1,1,1,2
SF,IC2003,2020-01-03 13:20:43.900,5342.4000,53352,0,7818392680.000,1,0,1,空换,B,5342.0000,5341.8000,5341.4000,5340.0000,5339.6000,5343.0000,5343.2000,5343.4000,5343.6000,5343.8000,4,1,1,1,1,1,1,1,2,1
SF,IC2003,2020-01-03 13:20:44.400,5342.4000,53352,0,7818392680.000,0,-,-,-,-,5342.2000,5342.0000,5341.8000,5341.4000,5340.0000,5343.0000,5343.2000,5343.4000,5343.6000,5343.8000,2,4,1,1,1,1,1,1,2,1
SF,IC2003,2020-01-03 13:20:47.400,5343.0000,53352,0,7819461280.000,1,0,1,空换,B,5342.2000,5342.0000,5341.8000,5341.4000,5340.0000,5343.2000,5343.6000,5343.8000,5344.0000,5344.2000,2,4,1,1,1,1,2,1,1,1
SF,IC2003,2020-01-03 13:20:47.900,5343.2000,53352,0,7820529920.000,1,0,1,空换,B,5342.2000,5342.0000,5341.8000,5341.4000,5340.0000,5343.8000,5344.0000,5344.2000,5344.4000,5344.8000,2,4,1,1,1,1,1,1,15,1
SF,IC2003,2020-01-03 13:20:48.400,5343.2000,53352,0,7820529920.000,0,-,-,-,-,5342.2000,5342.0000,5341.8000,5341.4000,5340.0000,5343.6000,5343.8000,5344.0000,5344.2000,5344.4000,2,4,1,1,1,1,1,1,1,15
SF,IC2003,2020-01-03 13:20:48.900,5343.2000,53352,0,7820529920.000,0,-,-,-,-,5342.2000,5342.0000,5341.8000,5341.4000,5340.0000,5343.6000,5343.8000,5344.0000,5344.2000,5344.4000,2,4,1,1,1,1,1,1,1,15
SF,IC2003,2020-01-03 13:20:49.400,5343.2000,53352,0,7820529920.000,0,-,-,-,-,5342.2000,5342.0000,5341.8000,5341.4000,5340.0000,5343.6000,5343.8000,5344.0000,5344.2000,5344.4000,2,4,1,1,1,1,1,1,1,15
SF,IC2003,2020-01-03 13:20:49.900,5343.2000,53352,0,7820529920.000,0,-,-,-,-,5342.2000,5342.0000,5341.8000,5341.4000,5340.0000,5343.6000,5343.8000,5344.0000,5344.2000,5344.4000,2,4,1,1,1,1,1,1,1,15
SF,IC2003,2020-01-03 13:20:50.900,5343.6000,53352,0,7821598640.000,1,0,1,空换,B,5342.4000,5342.2000,5342.0000,5341.8000,5341.4000,5343.8000,5344.0000,5344.2000,5344.4000,5344.8000,1,2,4,1,1,1,1,1,15,1
SF,IC2003,2020-01-03 13:20:51.400,5343.6000,53352,0,7821598640.000,0,-,-,-,-,5342.6000,5342.4000,5342.0000,5341.8000,5341.4000,5343.8000,5344.0000,5344.2000,5344.4000,5344.8000,1,1,4,1,1,1,1,1,15,1
SF,IC2003,2020-01-03 13:20:51.900,5343.6000,53352,0,7821598640.000,0,-,-,-,-,5342.6000,5342.4000,5342.0000,5341.8000,5341.4000,5343.8000,5344.0000,5344.2000,5344.4000,5344.8000,1,1,3,1,1,1,1,1,15,1
SF,IC2003,2020-01-03 13:20:52.400,5343.8000,53352,0,7822667400.000,1,0,1,空换,B,5343.8000,5342.6000,5342.4000,5342.0000,5341.8000,5344.0000,5344.2000,5344.4000,5344.8000,5345.0000,1,1,1,3,1,1,1,15,1,1
SF,IC2003,2020-01-03 13:20:52.900,5343.8000,53352,0,7823736160.000,1,0,1,空换,B,5342.8000,5342.6000,5342.4000,5342.0000,5341.4000,5343.8000,5344.0000,5344.2000,5344.4000,5344.8000,1,1,1,3,1,5,1,1,15,1
SF,IC2003,2020-01-03 13:20:53.400,5343.8000,53352,0,7823736160.000,0,-,-,-,-,5342.8000,5342.6000,5342.4000,5342.0000,5341.4000,5343.8000,5344.0000,5344.2000,5344.4000,5344.8000,1,1,1,3,1,3,1,1,15,1
SF,IC2003,2020-01-03 13:20:53.900,5343.8000,53350,-2,7825873680.000,2,0,2,双平,B,5342.8000,5342.6000,5342.4000,5342.0000,5341.4000,5343.8000,5344.0000,5344.2000,5344.4000,5344.8000,1,1,1,3,1,1,1,1,15,1
SF,IC2003,2020-01-03 13:20:54.400,5343.8000,53350,0,7825873680.000,0,-,-,-,-,5342.8000,5342.6000,5342.0000,5341.4000,5340.0000,5343.8000,5344.0000,5344.2000,5344.4000,5344.8000,1,1,3,1,1,1,1,1,15,1
SF,IC2003,2020-01-03 13:20:55.400,5343.8000,53350,0,7825873680.000,0,-,-,-,-,5343.6000,5342.8000,5342.6000,5342.0000,5341.4000,5343.8000,5344.0000,5344.2000,5344.4000,5344.8000,4,1,1,2,1,2,1,1,15,1
SF,IC2003,2020-01-03 13:20:55.900,5343.6000,53348,-2,7829079840.000,3,0,3,空平,B,5343.6000,5342.8000,5342.6000,5342.0000,5341.4000,5343.8000,5344.0000,5344.2000,5344.4000,5344.8000,1,1,2,2,1,2,1,1,15,1
SF,IC2003,2020-01-03 13:20:56.400,5343.6000,53348,0,7830148560.000,1,0,1,空换,B,5342.8000,5342.6000,5342.0000,5341.4000,5340.0000,5343.6000,5343.8000,5344.0000,5344.2000,5344.4000,1,2,1,1,1,1,2,1,1,15
SF,IC2003,2020-01-03 13:20:56.900,5343.6000,53348,0,7830148560.000,0,-,-,-,-,5343.0000,5342.8000,5342.6000,5342.0000,5341.4000,5343.6000,5343.8000,5344.0000,5344.2000,5344.4000,1,1,2,1,1,1,2,1,1,15
SF,IC2003,2020-01-03 13:20:57.400,5343.6000,53348,0,7830148560.000,0,-,-,-,-,5343.0000,5342.8000,5342.6000,5342.0000,5341.4000,5343.6000,5343.8000,5344.0000,5344.2000,5344.4000,1,1,2,1,1,1,1,1,1,15
SF,IC2003,2020-01-03 13:20:57.900,5343.6000,53348,0,7830148560.000,0,-,-,-,-,5343.0000,5342.8000,5342.6000,5342.0000,5341.4000,5343.6000,5343.8000,5344.0000,5344.2000,5344.4000,1,1,2,1,1,2,1,1,1,15
SF,IC2003,2020-01-03 13:20:58.400,5343.6000,53348,0,7830148560.000,0,-,-,-,-,5343.0000,5342.6000,5342.0000,5341.4000,5340.0000,5343.6000,5343.8000,5344.0000,5344.2000,5344.4000,3,2,1,1,1,2,1,1,1,15
SF,IC2003,2020-01-03 13:20:58.900,5343.6000,53348,0,7830148560.000,0,-,-,-,-,5343.4000,5343.0000,5342.6000,5342.0000,5341.4000,5343.6000,5343.8000,5344.0000,5344.2000,5344.4000,1,3,2,1,1,2,1,1,1,15
SF,IC2003,2020-01-03 13:20:59.400,5343.6000,53348,0,7830148560.000,0,-,-,-,-,5343.4000,5343.0000,5342.6000,5342.0000,5341.4000,5343.6000,5343.8000,5344.0000,5344.2000,5344.4000,1,3,2,1,1,3,1,1,1,15
SF,IC2003,2020-01-03 13:20:59.900,5343.4000,53349,1,7831217240.000,1,1,0,双开,B,5343.0000,5342.6000,5342.0000,5341.4000,5340.0000,5343.6000,5343.8000,5344.0000,5344.2000,5344.4000,3,2,1,1,1,3,1,1,1,15
SF,IC2003,2020-01-03 13:21:00.400,5343.4000,53349,0,7831217240.000,0,-,-,-,-,5343.2000,5343.0000,5342.6000,5342.0000,5341.4000,5343.6000,5343.8000,5344.0000,5344.2000,5344.4000,1,3,2,1,1,3,1,1,1,15
SF,IC2003,2020-01-03 13:21:01.400,5343.6000,53349,0,7832285960.000,1,0,1,空换,B,5343.2000,5343.0000,5342.6000,5342.0000,5341.4000,5343.6000,5343.8000,5344.0000,5344.2000,5344.4000,1,2,2,1,1,2,1,1,1,15
SF,IC2003,2020-01-03 13:21:01.900,5343.6000,53348,-1,7833354680.000,1,0,1,双平,B,5343.2000,5343.0000,5342.6000,5342.0000,5341.4000,5343.6000,5343.8000,5344.0000,5344.2000,5344.4000,1,2,2,1,1,1,1,1,1,15
SF,IC2003,2020-01-03 13:21:02.400,5343.6000,53348,0,7833354680.000,0,-,-,-,-,5343.2000,5343.0000,5342.6000,5342.0000,5341.4000,5343.6000,5343.8000,5344.0000,5344.2000,5344.4000,1,2,2,1,1,1,1,1,1,15
SF,IC2003,2020-01-03 13:21:02.900,5343.6000,53348,0,7834423400.000,1,0,1,空换,B,5343.4000,5343.2000,5343.0000,5342.6000,5342.0000,5343.8000,5344.0000,5344.2000,5344.4000,5344.8000,2,1,2,1,1,1,1,1,15,1
SF,IC2003,2020-01-03 13:21:03.400,5343.8000,53349,1,7836560920.000,2,1,1,多开,B,5343.4000,5343.2000,5343.0000,5342.6000,5342.0000,5344.0000,5344.2000,5344.4000,5344.8000,5345.0000,2,1,2,1,1,1,1,15,1,1
SF,IC2003,2020-01-03 13:21:03.900,5343.8000,53349,0,7836560920.000,0,-,-,-,-,5343.4000,5343.2000,5343.0000,5342.6000,5342.0000,5344.0000,5344.2000,5344.4000,5344.8000,5345.0000,2,1,2,1,1,1,1,15,1,1
SF,IC2003,2020-01-03 13:21:04.900,5343.8000,53349,0,7836560920.000,0,-,-,-,-,5343.6000,5343.4000,5343.2000,5343.0000,5342.6000,5344.0000,5344.2000,5344.4000,5344.8000,5345.0000,1,2,1,2,1,1,1,15,1,1
SF,IC2003,2020-01-03 13:21:05.400,5344.0000,53349,0,7837629720.000,1,0,1,空换,B,5343.6000,5343.4000,5343.2000,5343.0000,5342.6000,5344.2000,5344.4000,5344.8000,5345.0000,5345.8000,1,2,1,2,1,1,15,1,1,1
SF,IC2003,2020-01-03 13:21:05.900,5344.2000,53349,0,7838698560.000,1,0,1,空换,B,5343.6000,5343.2000,5343.0000,5342.6000,5342.0000,5344.4000,5344.8000,5345.0000,5345.8000,5346.0000,1,1,2,1,1,15,1,1,1,5
SF,IC2003,2020-01-03 13:21:06.400,5344.2000,53349,0,7838698560.000,0,-,-,-,-,5343.8000,5343.6000,5343.0000,5342.6000,5342.0000,5344.4000,5344.8000,5345.0000,5345.8000,5346.0000,3,1,2,1,1,15,1,1,1,5
SF,IC2003,2020-01-03 13:21:06.900,5344.2000,53349,0,7838698560.000,0,-,-,-,-,5343.8000,5343.6000,5343.4000,5343.0000,5342.6000,5344.4000,5344.8000,5345.0000,5345.8000,5346.0000,3,1,1,2,1,15,1,1,1,5
SF,IC2003,2020-01-03 13:21:07.400,5344.4000,53349,0,7845111840.000,6,3,3,空换,B,5343.8000,5343.6000,5343.4000,5343.0000,5342.6000,5344.4000,5344.8000,5345.0000,5345.8000,5346.0000,3,1,1,2,1,9,1,1,1,5
SF,IC2003,2020-01-03 13:21:07.900,5344.4000,53345,-4,7849387360.000,4,0,4,双平,B,5343.8000,5343.6000,5343.4000,5343.0000,5342.6000,5344.4000,5344.8000,5345.0000,5345.8000,5346.0000,3,1,1,2,1,5,1,1,1,5
SF,IC2003,2020-01-03 13:21:08.400,5344.4000,53345,0,7852594000.000,3,1,2,空换,B,5343.8000,5343.6000,5343.4000,5343.0000,5342.6000,5344.4000,5344.8000,5345.0000,5345.8000,5346.0000,3,1,1,2,1,2,1,1,1,5
SF,IC2003,2020-01-03 13:21:08.900,5344.4000,53345,0,7854731760.000,2,1,1,空换,B,5343.8000,5343.6000,5343.4000,5343.0000,5342.6000,5344.8000,5345.0000,5345.8000,5346.0000,5347.0000,3,1,1,2,1,1,1,1,5,1
SF,IC2003,2020-01-03 13:21:09.400,5344.4000,53345,0,7854731760.000,0,-,-,-,-,5343.8000,5343.6000,5343.4000,5343.0000,5342.6000,5344.8000,5345.0000,5345.8000,5346.0000,5347.0000,3,1,1,2,1,1,1,1,5,1
SF,IC2003,2020-01-03 13:21:09.900,5344.4000,53345,0,7854731760.000,0,-,-,-,-,5343.8000,5343.6000,5343.4000,5343.0000,5342.6000,5344.8000,5345.0000,5345.8000,5346.0000,5347.0000,3,1,1,2,1,1,1,1,5,1
SF,IC2003,2020-01-03 13:21:10.400,5344.4000,53345,0,7854731760.000,0,-,-,-,-,5344.4000,5343.8000,5343.6000,5343.4000,5343.0000,5344.8000,5345.0000,5345.8000,5346.0000,5347.0000,1,3,1,1,2,1,1,1,5,1
SF,IC2003,2020-01-03 13:21:10.900,5344.8000,53345,0,7855800720.000,1,0,1,空换,B,5344.4000,5343.8000,5343.6000,5343.4000,5343.0000,5345.0000,5345.8000,5346.0000,5347.0000,5347.8000,1,3,1,1,2,1,1,5,1,2
SF,IC2003,2020-01-03 13:21:11.400,5344.8000,53345,0,7855800720.000,0,-,-,-,-,5344.4000,5343.8000,5343.6000,5343.4000,5343.0000,5345.0000,5345.8000,5346.0000,5347.0000,5347.8000,1,3,1,1,2,2,1,5,1,2
SF,IC2003,2020-01-03 13:21:11.900,5344.8000,53345,0,7855800720.000,0,-,-,-,-,5344.4000,5344.0000,5343.8000,5343.6000,5343.4000,5345.0000,5345.8000,5346.0000,5347.0000,5347.8000,1,1,3,1,1,2,1,5,1,2
SF,IC2003,2020-01-03 13:21:12.400,5344.4000,53345,0,7856869600.000,1,0,1,空换,B,5344.0000,5343.8000,5343.6000,5343.4000,5343.0000,5345.0000,5345.8000,5346.0000,5347.0000,5347.8000,1,3,1,1,2,2,1,5,1,2
SF,IC2003,2020-01-03 13:21:12.900,5344.4000,53345,0,7856869600.000,0,-,-,-,-,5344.2000,5344.0000,5343.8000,5343.6000,5343.4000,5344.8000,5345.0000,5345.8000,5346.0000,5347.0000,1,1,2,1,1,2,2,1,5,1
SF,IC2003,2020-01-03 13:21:13.400,5344.0000,53345,0,7859007240.000,2,1,1,空换,B,5343.8000,5343.6000,5343.4000,5343.0000,5342.0000,5344.8000,5345.0000,5345.8000,5346.0000,5347.0000,2,1,1,2,1,2,2,1,5,1
SF,IC2003,2020-01-03 13:21:13.900,5344.6000,53345,0,7860076160.000,1,0,1,空换,B,5343.8000,5343.6000,5343.4000,5343.0000,5342.0000,5344.8000,5345.0000,5345.8000,5346.0000,5347.0000,1,1,1,2,1,2,2,1,5,1
SF,IC2003,2020-01-03 13:21:14.900,5344.8000,53347,2,7862214080.000,2,2,0,双开,B,5343.8000,5343.6000,5343.4000,5343.0000,5342.0000,5344.6000,5345.0000,5345.8000,5346.0000,5347.0000,1,1,1,2,1,1,2,1,5,1
SF,IC2003,2020-01-03 13:21:15.400,5344.8000,53347,0,7862214080.000,0,-,-,-,-,5344.0000,5343.8000,5343.6000,5343.4000,5343.0000,5344.6000,5345.0000,5345.8000,5346.0000,5347.0000,2,1,1,1,2,1,2,1,5,1
SF,IC2003,2020-01-03 13:21:15.900,5344.8000,53347,0,7862214080.000,0,-,-,-,-,5344.0000,5343.8000,5343.6000,5343.4000,5343.0000,5344.6000,5345.0000,5345.8000,5346.0000,5347.0000,2,1,1,1,2,1,2,1,5,1
SF,IC2003,2020-01-03 13:21:16.400,5344.6000,53347,0,7863283000.000,1,0,1,空换,B,5344.6000,5344.2000,5344.0000,5343.8000,5343.6000,5344.8000,5345.0000,5345.8000,5346.0000,5347.0000,1,1,2,1,1,1,2,1,5,1
SF,IC2003,2020-01-03 13:21:16.900,5344.8000,53347,0,7864351960.000,1,0,1,空换,B,5344.6000,5344.2000,5343.8000,5343.6000,5343.4000,5345.0000,5345.8000,5346.0000,5347.0000,5347.8000,2,1,1,1,1,2,1,5,1,2
SF,IC2003,2020-01-03 13:21:17.900,5344.8000,53347,0,7864351960.000,0,-,-,-,-,5344.6000,5344.2000,5343.8000,5343.4000,5343.0000,5345.0000,5345.8000,5346.0000,5347.0000,5347.8000,2,1,1,1,2,2,1,5,1,2
SF,IC2003,2020-01-03 13:21:18.900,5345.0000,53347,0,7865420960.000,1,0,1,空换,B,5344.6000,5344.2000,5343.8000,5343.4000,5343.0000,5345.0000,5345.8000,5346.0000,5347.0000,5347.8000,2,1,1,1,2,1,1,5,1,2
SF,IC2003,2020-01-03 13:21:19.400,5345.0000,53347,0,7866489960.000,1,0,1,空换,B,5344.6000,5344.2000,5343.8000,5343.4000,5343.0000,5345.8000,5346.0000,5347.0000,5347.8000,5348.8000,2,1,1,1,2,1,5,1,2,6
SF,IC2003,2020-01-03 13:21:19.900,5345.0000,53347,0,7866489960.000,0,-,-,-,-,5344.8000,5344.6000,5344.2000,5343.8000,5343.4000,5345.8000,5346.0000,5347.0000,5347.8000,5348.8000,2,2,1,1,1,1,5,1,2,6
SF,IC2003,2020-01-03 13:21:20.400,5345.0000,53347,0,7866489960.000,0,-,-,-,-,5344.8000,5344.6000,5344.2000,5343.8000,5343.4000,5345.0000,5345.8000,5346.0000,5347.0000,5347.8000,2,2,1,1,1,1,1,5,1,2
SF,IC2003,2020-01-03 13:21:20.900,5345.8000,53347,0,7868628120.000,2,1,1,空换,B,5344.8000,5344.6000,5344.2000,5343.8000,5343.4000,5346.0000,5347.0000,5347.8000,5348.8000,5349.8000,2,2,1,1,1,5,1,2,6,1
SF,IC2003,2020-01-03 13:21:21.400,5346.0000,53347,0,7870766520.000,2,1,1,空换,B,5344.8000,5344.6000,5344.2000,5343.8000,5343.4000,5346.0000,5347.0000,5347.8000,5348.8000,5349.8000,2,2,1,1,1,3,1,2,6,1
SF,IC2003,2020-01-03 13:21:21.900,5346.0000,53347,0,7870766520.000,0,-,-,-,-,5344.8000,5344.6000,5344.2000,5343.8000,5343.4000,5345.8000,5346.0000,5347.0000,5347.8000,5348.8000,2,2,1,1,1,1,3,1,2,6
SF,IC2003,2020-01-03 13:21:22.400,5346.0000,53347,0,7870766520.000,0,-,-,-,-,5344.8000,5344.6000,5344.2000,5343.8000,5343.4000,5345.8000,5346.0000,5347.0000,5347.8000,5348.8000,2,2,1,1,1,1,3,1,2,6
SF,IC2003,2020-01-03 13:21:22.900,5346.0000,53347,0,7870766520.000,0,-,-,-,-,5344.8000,5344.6000,5344.2000,5343.8000,5343.4000,5345.8000,5346.0000,5347.0000,5347.8000,5348.8000,2,2,1,1,1,1,3,1,2,6
SF,IC2003,2020-01-03 13:21:23.400,5346.0000,53347,0,7870766520.000,0,-,-,-,-,5344.8000,5344.6000,5344.2000,5343.8000,5343.4000,5345.8000,5346.0000,5347.0000,5347.8000,5348.8000,2,2,1,1,1,1,3,1,2,6
SF,IC2003,2020-01-03 13:21:23.900,5346.0000,53347,0,7870766520.000,0,-,-,-,-,5344.8000,5344.6000,5344.2000,5343.8000,5343.4000,5345.8000,5346.0000,5347.0000,5347.8000,5348.4000,2,2,1,1,1,1,3,1,2,7
SF,IC2003,2020-01-03 13:21:24.900,5346.0000,53347,0,7870766520.000,0,-,-,-,-,5344.8000,5344.6000,5344.2000,5343.8000,5343.4000,5345.6000,5345.8000,5346.0000,5347.0000,5347.8000,2,2,1,1,1,1,1,3,1,2
SF,IC2003,2020-01-03 13:21:25.400,5344.8000,53347,0,7871835480.000,1,0,1,空换,B,5344.8000,5344.6000,5344.2000,5343.8000,5343.4000,5345.6000,5345.8000,5346.0000,5347.0000,5347.8000,1,3,1,1,1,1,1,3,1,2
SF,IC2003,2020-01-03 13:21:26.900,5344.8000,53347,0,7871835480.000,0,-,-,-,-,5344.8000,5344.6000,5344.2000,5344.0000,5343.8000,5345.6000,5345.8000,5346.0000,5347.0000,5347.8000,1,3,1,1,1,1,1,5,1,2
SF,IC2003,2020-01-03 13:21:27.400,5345.6000,53347,0,7872904600.000,1,0,1,空换,B,5344.8000,5344.6000,5344.2000,5344.0000,5343.8000,5345.8000,5346.0000,5347.0000,5347.8000,5348.4000,1,3,1,1,1,1,5,1,2,7
SF,IC2003,2020-01-03 13:21:28.400,5345.6000,53347,0,7872904600.000,0,-,-,-,-,5345.6000,5344.8000,5344.6000,5344.2000,5344.0000,5345.8000,5346.0000,5347.0000,5347.8000,5348.4000,1,1,3,1,1,1,5,1,2,7
SF,IC2003,2020-01-03 13:21:28.900,5345.8000,53346,-1,7873973760.000,1,0,1,双平,B,5345.6000,5344.8000,5344.6000,5344.2000,5344.0000,5346.0000,5347.0000,5347.8000,5348.4000,5348.8000,1,1,3,1,1,5,1,2,7,6
SF,IC2003,2020-01-03 13:21:29.400,5345.8000,53346,0,7873973760.000,0,-,-,-,-,5345.6000,5344.8000,5344.6000,5344.2000,5344.0000,5346.0000,5347.0000,5347.8000,5348.4000,5348.8000,1,1,3,1,1,6,1,2,7,6
SF,IC2003,2020-01-03 13:21:30.900,5345.6000,53346,0,7875042880.000,1,0,1,空换,B,5344.8000,5344.6000,5344.2000,5344.0000,5343.8000,5346.0000,5347.0000,5347.8000,5348.4000,5348.8000,1,3,1,1,1,6,1,2,7,6
SF,IC2003,2020-01-03 13:21:31.400,5345.6000,53346,0,7875042880.000,0,-,-,-,-,5344.8000,5344.6000,5344.0000,5343.8000,5343.4000,5345.8000,5346.0000,5347.0000,5347.8000,5348.4000,1,3,1,1,1,1,6,1,2,7
SF,IC2003,2020-01-03 13:21:31.900,5345.6000,53346,0,7875042880.000,0,-,-,-,-,5344.8000,5344.6000,5344.0000,5343.8000,5343.4000,5345.6000,5345.8000,5346.0000,5347.0000,5347.8000,1,3,1,1,1,1,1,6,1,2
SF,IC2003,2020-01-03 13:21:32.900,5345.6000,53346,0,7875042880.000,0,-,-,-,-,5345.0000,5344.8000,5344.6000,5344.0000,5343.8000,5345.6000,5345.8000,5346.0000,5347.0000,5347.8000,1,1,3,1,1,1,1,6,1,2
SF,IC2003,2020-01-03 13:21:33.400,5345.6000,53346,0,7875042880.000,0,-,-,-,-,5345.0000,5344.8000,5344.6000,5344.0000,5343.8000,5345.6000,5345.8000,5346.0000,5347.0000,5347.8000,1,1,3,1,1,1,2,6,1,2
SF,IC2003,2020-01-03 13:21:34.400,5345.6000,53346,0,7875042880.000,0,-,-,-,-,5345.0000,5344.8000,5344.6000,5344.0000,5343.8000,5345.6000,5345.8000,5346.0000,5347.0000,5347.8000,1,1,3,1,1,1,3,6,1,2
SF,IC2003,2020-01-03 13:21:34.900,5345.6000,53347,1,7876112000.000,1,1,0,双开,B,5345.0000,5344.8000,5344.6000,5344.0000,5343.8000,5345.6000,5345.8000,5346.0000,5347.0000,5347.8000,1,1,3,1,1,1,3,6,1,2
SF,IC2003,2020-01-03 13:21:35.400,5345.6000,53347,0,7877181120.000,1,0,1,空换,B,5345.6000,5345.0000,5344.8000,5344.6000,5344.0000,5345.8000,5346.0000,5347.0000,5347.8000,5348.4000,1,1,1,3,1,3,6,1,2,7
SF,IC2003,2020-01-03 13:21:35.900,5345.6000,53348,1,7878250240.000,1,1,0,双开,B,5345.6000,5345.0000,5344.8000,5344.6000,5344.0000,5345.8000,5346.0000,5347.0000,5347.8000,5348.4000,2,1,1,3,1,3,6,1,2,7
SF,IC2003,2020-01-03 13:21:36.400,5345.6000,53348,0,7878250240.000,0,-,-,-,-,5345.6000,5345.0000,5344.8000,5344.6000,5344.0000,5345.8000,5346.0000,5347.0000,5347.8000,5348.4000,2,2,1,3,1,3,6,1,2,7
SF,IC2003,2020-01-03 13:21:37.400,5345.8000,53350,2,7881457640.000,3,2,1,多开,B,5345.0000,5344.8000,5344.6000,5344.0000,5343.8000,5345.8000,5346.0000,5347.0000,5347.8000,5348.4000,2,1,3,1,1,2,6,1,2,7
SF,IC2003,2020-01-03 13:21:37.900,5345.8000,53350,0,7881457640.000,0,-,-,-,-,5345.0000,5344.8000,5344.6000,5344.0000,5343.8000,5345.8000,5346.0000,5347.0000,5347.8000,5348.4000,2,1,3,1,1,2,6,1,2,7
SF,IC2003,2020-01-03 13:21:38.400,5345.8000,53350,0,7881457640.000,0,-,-,-,-,5345.0000,5344.8000,5344.6000,5344.0000,5343.8000,5345.8000,5346.0000,5347.0000,5347.8000,5348.4000,2,1,3,1,1,3,6,1,2,7
SF,IC2003,2020-01-03 13:21:38.900,5345.8000,53350,0,7881457640.000,0,-,-,-,-,5345.0000,5344.8000,5344.6000,5344.0000,5343.8000,5345.8000,5346.0000,5347.0000,5347.8000,5348.4000,2,1,3,1,1,2,6,1,2,7
SF,IC2003,2020-01-03 13:21:39.900,5345.8000,53350,0,7882526800.000,1,0,1,空换,B,5345.0000,5344.8000,5344.6000,5344.0000,5343.8000,5345.8000,5346.0000,5347.0000,5347.8000,5348.4000,2,1,3,1,1,1,6,1,2,7
SF,IC2003,2020-01-03 13:21:41.400,5345.8000,53350,0,7882526800.000,0,-,-,-,-,5345.0000,5344.8000,5344.6000,5344.0000,5343.8000,5345.8000,5346.0000,5347.0000,5347.8000,5348.4000,2,1,3,1,1,2,6,1,2,7
SF,IC2003,2020-01-03 13:21:41.900,5345.8000,53350,0,7883595960.000,1,0,1,空换,B,5345.0000,5344.8000,5344.6000,5344.0000,5343.8000,5345.8000,5346.0000,5347.0000,5347.8000,5348.4000,2,1,3,1,1,1,6,1,2,7
SF,IC2003,2020-01-03 13:21:42.400,5345.8000,53349,-1,7884665120.000,1,0,1,双平,B,5345.0000,5344.8000,5344.6000,5344.0000,5343.8000,5346.0000,5347.0000,5347.8000,5348.4000,5348.8000,2,1,3,1,1,6,1,2,7,6
SF,IC2003,2020-01-03 13:21:42.900,5345.8000,53349,0,7886803440.000,2,1,1,空换,B,5345.0000,5344.8000,5344.6000,5344.0000,5343.8000,5346.0000,5347.0000,5347.8000,5348.4000,5348.8000,2,1,3,1,1,6,1,2,7,6
SF,IC2003,2020-01-03 13:21:43.400,5345.0000,53349,0,7887872440.000,1,0,1,空换,B,5345.2000,5345.0000,5344.6000,5344.0000,5343.8000,5346.0000,5347.0000,5347.8000,5348.4000,5348.8000,2,1,3,1,1,6,1,2,7,6
SF,IC2003,2020-01-03 13:21:43.900,5345.0000,53349,0,7887872440.000,0,-,-,-,-,5345.0000,5344.6000,5344.0000,5343.8000,5343.4000,5346.0000,5347.0000,5347.8000,5348.4000,5348.8000,1,3,1,1,1,6,1,2,7,6
SF,IC2003,2020-01-03 13:21:44.900,5345.0000,53348,-1,7888941440.000,1,0,1,双平,B,5344.6000,5344.0000,5343.8000,5343.4000,5343.0000,5346.0000,5347.0000,5347.8000,5348.4000,5348.8000,3,1,1,1,2,3,1,2,7,6
SF,IC2003,2020-01-03 13:21:45.400,5345.0000,53348,0,7888941440.000,0,-,-,-,-,5344.8000,5344.6000,5344.0000,5343.8000,5343.4000,5346.0000,5347.0000,5347.8000,5348.4000,5348.8000,2,3,1,1,1,3,1,2,7,6
SF,IC2003,2020-01-03 13:21:47.400,5345.0000,53348,0,7888941440.000,0,-,-,-,-,5344.8000,5344.6000,5344.0000,5343.8000,5343.4000,5345.0000,5346.0000,5347.0000,5347.8000,5348.4000,2,3,1,1,1,1,3,1,2,7
SF,IC2003,2020-01-03 13:21:47.900,5346.0000,53349,1,7891079640.000,2,1,1,多开,B,5344.8000,5344.6000,5344.0000,5343.8000,5343.4000,5346.0000,5347.0000,5347.8000,5348.4000,5348.8000,2,3,1,1,1,2,1,2,7,6
SF,IC2003,2020-01-03 13:21:49.400,5346.0000,53349,0,7892148840.000,1,0,1,空换,B,5345.0000,5344.8000,5344.6000,5344.0000,5343.8000,5345.8000,5346.0000,5347.0000,5347.8000,5348.4000,2,2,3,1,1,4,2,1,2,7
SF,IC2003,2020-01-03 13:21:51.900,5346.0000,53349,0,7893218040.000,1,0,1,空换,B,5345.2000,5345.0000,5344.8000,5344.6000,5344.0000,5345.8000,5346.0000,5347.0000,5347.8000,5348.4000,1,2,2,3,1,3,2,1,2,7
SF,IC2003,2020-01-03 13:21:52.400,5346.0000,53347,-2,7897494720.000,4,1,3,空平,B,5345.2000,5345.0000,5344.6000,5344.0000,5343.8000,5346.0000,5347.0000,5347.8000,5348.4000,5348.8000,1,2,3,1,1,1,1,2,7,6
SF,IC2003,2020-01-03 13:21:52.900,5346.0000,53347,0,7898563920.000,1,0,1,空换,B,5345.4000,5345.2000,5345.0000,5344.6000,5344.0000,5347.0000,5347.8000,5348.4000,5348.8000,5349.0000,2,1,2,3,1,1,2,7,6,2
SF,IC2003,2020-01-03 13:21:54.400,5346.0000,53347,0,7898563920.000,0,-,-,-,-,5345.8000,5345.4000,5345.2000,5345.0000,5344.6000,5346.0000,5347.0000,5347.8000,5348.4000,5348.8000,1,2,1,2,3,1,1,2,7,6
SF,IC2003,2020-01-03 13:21:54.900,5346.0000,53347,0,7899633120.000,1,0,1,空换,B,5346.0000,5345.2000,5345.0000,5344.6000,5344.0000,5347.0000,5347.8000,5348.4000,5348.8000,5349.0000,1,1,2,3,1,1,2,7,6,2
SF,IC2003,2020-01-03 13:21:55.900,5346.0000,53347,0,7899633120.000,0,-,-,-,-,5345.2000,5345.0000,5344.6000,5344.0000,5343.8000,5347.0000,5347.8000,5348.4000,5348.8000,5349.0000,1,2,3,1,1,1,2,7,6,2
SF,IC2003,2020-01-03 13:21:56.400,5346.0000,53347,0,7899633120.000,0,-,-,-,-,5345.6000,5345.4000,5345.2000,5344.6000,5344.0000,5346.6000,5347.0000,5347.8000,5348.4000,5348.8000,1,2,1,3,1,1,1,2,7,6
SF,IC2003,2020-01-03 13:21:56.900,5346.0000,53347,0,7899633120.000,0,-,-,-,-,5345.4000,5345.2000,5344.6000,5344.0000,5343.8000,5346.4000,5346.6000,5347.0000,5347.8000,5348.4000,2,1,3,1,1,2,1,1,2,7
SF,IC2003,2020-01-03 13:21:57.400,5346.0000,53347,0,7899633120.000,0,-,-,-,-,5345.4000,5345.2000,5344.6000,5344.0000,5343.8000,5347.0000,5347.8000,5348.4000,5348.8000,5349.0000,2,1,3,1,1,1,2,7,6,2
SF,IC2003,2020-01-03 13:21:57.900,5346.0000,53347,0,7899633120.000,0,-,-,-,-,5345.4000,5345.2000,5345.0000,5344.6000,5344.0000,5346.8000,5347.0000,5347.8000,5348.4000,5348.8000,2,1,1,3,1,2,1,2,7,6
SF,IC2003,2020-01-03 13:21:58.400,5346.0000,53347,0,7899633120.000,0,-,-,-,-,5345.4000,5345.2000,5345.0000,5344.6000,5344.0000,5346.8000,5347.0000,5347.8000,5348.4000,5348.8000,2,1,1,3,1,2,2,2,7,6
SF,IC2003,2020-01-03 13:21:58.900,5346.8000,53349,2,7901771840.000,2,2,0,双开,B,5345.4000,5345.2000,5345.0000,5344.6000,5344.0000,5347.0000,5347.8000,5348.4000,5348.8000,5349.0000,2,1,1,3,1,2,2,7,6,2
SF,IC2003,2020-01-03 13:21:59.400,5346.8000,53350,1,7902841200.000,1,1,0,双开,B,5345.4000,5345.2000,5345.0000,5344.6000,5344.0000,5347.0000,5347.8000,5348.4000,5348.8000,5349.0000,2,1,1,3,1,2,2,7,6,2
SF,IC2003,2020-01-03 13:21:59.900,5346.8000,53350,0,7902841200.000,0,-,-,-,-,5345.4000,5345.2000,5345.0000,5344.6000,5344.0000,5346.8000,5347.0000,5347.8000,5348.4000,5348.8000,2,1,1,3,1,1,2,2,7,6
SF,IC2003,2020-01-03 13:22:00.400,5346.8000,53350,0,7902841200.000,0,-,-,-,-,5345.4000,5345.2000,5345.0000,5344.6000,5344.0000,5346.8000,5347.0000,5347.8000,5348.4000,5348.8000,3,1,1,3,1,1,2,2,7,6
SF,IC2003,2020-01-03 13:22:00.900,5346.8000,53350,0,7902841200.000,0,-,-,-,-,5346.2000,5345.4000,5345.2000,5345.0000,5344.6000,5346.8000,5347.0000,5347.8000,5348.4000,5348.8000,1,3,1,1,3,1,2,2,7,6
SF,IC2003,2020-01-03 13:22:01.400,5346.8000,53350,0,7902841200.000,0,-,-,-,-,5346.2000,5345.4000,5345.2000,5345.0000,5344.6000,5346.8000,5347.0000,5347.8000,5348.4000,5348.8000,1,3,1,1,3,1,2,2,7,6
SF,IC2003,2020-01-03 13:22:01.900,5346.8000,53350,0,7902841200.000,0,-,-,-,-,5346.2000,5345.4000,5345.0000,5344.6000,5344.0000,5346.4000,5346.8000,5347.0000,5347.8000,5348.4000,1,3,1,3,1,1,1,2,2,7
SF,IC2003,2020-01-03 13:22:02.400,5346.8000,53350,0,7903910560.000,1,0,1,空换,B,5346.2000,5345.4000,5345.0000,5344.6000,5344.0000,5346.8000,5347.0000,5347.8000,5348.4000,5348.8000,1,3,1,3,1,1,2,2,7,6
SF,IC2003,2020-01-03 13:22:02.900,5346.8000,53350,0,7903910560.000,0,-,-,-,-,5346.4000,5346.2000,5345.4000,5345.0000,5344.6000,5346.8000,5347.0000,5347.8000,5348.4000,5348.8000,2,1,1,1,3,1,2,2,7,6
SF,IC2003,2020-01-03 13:22:04.400,5346.8000,53349,-1,7904979920.000,1,0,1,双平,B,5346.4000,5346.2000,5345.4000,5345.0000,5344.6000,5347.0000,5347.8000,5348.4000,5348.8000,5349.0000,2,1,1,1,3,2,2,7,6,2
SF,IC2003,2020-01-03 13:22:06.400,5346.8000,53349,0,7904979920.000,0,-,-,-,-,5346.4000,5345.4000,5345.0000,5344.6000,5344.0000,5347.0000,5347.8000,5348.4000,5348.8000,5349.0000,2,1,1,3,1,2,2,7,6,2
SF,IC2003,2020-01-03 13:22:06.900,5346.8000,53349,0,7904979920.000,0,-,-,-,-,5346.8000,5346.4000,5345.4000,5345.0000,5344.6000,5347.0000,5347.8000,5348.4000,5348.8000,5349.0000,1,2,1,1,3,2,2,7,6,2
SF,IC2003,2020-01-03 13:22:08.900,5347.0000,53349,0,7906049320.000,1,0,1,空换,B,5346.8000,5346.4000,5345.4000,5345.0000,5344.6000,5347.0000,5347.8000,5348.4000,5348.8000,5349.0000,1,2,1,1,3,1,2,7,6,2
SF,IC2003,2020-01-03 13:22:09.400,5347.0000,53349,0,7907118720.000,1,0,1,空换,B,5347.0000,5346.8000,5345.4000,5345.0000,5344.6000,5347.8000,5348.2000,5348.4000,5348.8000,5349.0000,1,1,1,1,3,2,3,7,6,2
SF,IC2003,2020-01-03 13:22:10.400,5347.0000,53349,0,7907118720.000,0,-,-,-,-,5347.2000,5347.0000,5346.8000,5345.4000,5345.0000,5347.8000,5348.2000,5348.4000,5348.8000,5349.0000,1,1,1,1,1,2,3,7,6,2
SF,IC2003,2020-01-03 13:22:11.400,5347.0000,53348,-1,7908188120.000,1,0,1,双平,B,5347.0000,5346.8000,5345.4000,5345.0000,5344.6000,5347.8000,5348.2000,5348.4000,5348.8000,5349.0000,1,1,1,1,3,2,3,7,6,2
SF,IC2003,2020-01-03 13:22:11.900,5347.0000,53348,0,7909257520.000,1,0,1,空换,B,5347.2000,5346.8000,5345.4000,5345.0000,5344.6000,5347.8000,5348.2000,5348.4000,5348.8000,5349.0000,2,1,1,1,3,2,3,7,6,2
SF,IC2003,2020-01-03 13:22:12.400,5347.0000,53348,0,7909257520.000,0,-,-,-,-,5347.2000,5345.4000,5345.0000,5344.6000,5344.0000,5347.8000,5348.2000,5348.4000,5348.8000,5349.0000,2,1,1,3,1,2,3,7,6,2
SF,IC2003,2020-01-03 13:22:12.900,5347.0000,53348,0,7909257520.000,0,-,-,-,-,5347.6000,5347.2000,5345.4000,5345.0000,5344.6000,5347.8000,5348.0000,5348.2000,5348.4000,5348.8000,1,2,1,1,3,2,1,3,7,6
SF,IC2003,2020-01-03 13:22:13.400,5347.2000,53347,-1,7912466040.000,3,1,2,空平,B,5347.2000,5345.4000,5345.0000,5344.6000,5344.0000,5347.8000,5348.0000,5348.2000,5348.4000,5348.8000,1,1,1,3,1,1,2,3,7,6
SF,IC2003,2020-01-03 13:22:13.900,5347.2000,53348,1,7913535480.000,1,1,0,双开,B,5345.4000,5345.0000,5344.6000,5344.0000,5343.4000,5347.8000,5348.0000,5348.2000,5348.4000,5348.8000,1,1,3,1,1,1,2,3,7,6
SF,IC2003,2020-01-03 13:22:14.400,5347.2000,53348,0,7913535480.000,0,-,-,-,-,5346.4000,5345.8000,5345.6000,5345.4000,5345.0000,5347.8000,5348.0000,5348.2000,5348.4000,5348.8000,1,4,1,1,1,1,2,3,7,6
SF,IC2003,2020-01-03 13:22:14.900,5347.2000,53348,0,7913535480.000,0,-,-,-,-,5346.6000,5346.4000,5345.8000,5345.4000,5345.0000,5347.8000,5348.0000,5348.2000,5348.4000,5348.8000,1,1,3,1,1,1,2,3,7,6
SF,IC2003,2020-01-03 13:22:15.900,5346.6000,53349,1,7914604800.000,1,1,0,双开,B,5345.4000,5345.0000,5344.6000,5344.0000,5343.4000,5347.8000,5348.0000,5348.2000,5348.4000,5348.8000,1,1,3,1,1,1,4,3,7,6
SF,IC2003,2020-01-03 13:22:16.400,5346.6000,53349,0,7914604800.000,0,-,-,-,-,5345.4000,5345.0000,5344.6000,5344.0000,5343.4000,5347.4000,5347.6000,5347.8000,5348.0000,5348.2000,1,1,3,1,1,1,2,1,4,3
SF,IC2003,2020-01-03 13:22:16.900,5346.6000,53349,0,7914604800.000,0,-,-,-,-,5345.6000,5345.4000,5345.0000,5344.6000,5344.0000,5347.2000,5347.8000,5348.0000,5348.2000,5348.4000,1,1,1,3,1,2,1,4,3,7
SF,IC2003,2020-01-03 13:22:17.400,5346.6000,53349,0,7914604800.000,0,-,-,-,-,5345.4000,5345.0000,5344.6000,5344.0000,5343.4000,5347.2000,5347.8000,5348.0000,5348.2000,5348.4000,1,1,3,1,1,2,2,4,3,7
SF,IC2003,2020-01-03 13:22:17.900,5345.8000,53349,0,7915673960.000,1,0,1,空换,B,5345.4000,5345.0000,5344.6000,5344.0000,5343.4000,5347.2000,5347.8000,5348.0000,5348.2000,5348.4000,1,1,3,1,1,2,2,5,3,7
SF,IC2003,2020-01-03 13:22:18.400,5345.8000,53349,0,7915673960.000,0,-,-,-,-,5345.0000,5344.6000,5344.0000,5343.4000,5343.0000,5347.2000,5347.8000,5348.0000,5348.2000,5348.4000,1,3,1,1,2,2,2,5,3,7
SF,IC2003,2020-01-03 13:22:19.900,5345.8000,53349,0,7915673960.000,0,-,-,-,-,5345.0000,5344.6000,5344.0000,5343.4000,5343.0000,5346.8000,5347.2000,5347.8000,5348.0000,5348.2000,1,3,1,1,2,2,2,2,5,3
SF,IC2003,2020-01-03 13:22:20.400,5345.8000,53349,0,7915673960.000,0,-,-,-,-,5345.2000,5345.0000,5344.6000,5344.0000,5343.4000,5347.6000,5347.8000,5348.0000,5348.2000,5348.4000,2,1,3,1,1,1,2,5,3,7
SF,IC2003,2020-01-03 13:22:20.900,5345.8000,53349,0,7915673960.000,0,-,-,-,-,5346.0000,5345.2000,5345.0000,5344.6000,5344.0000,5347.2000,5347.4000,5347.6000,5347.8000,5348.0000,1,2,1,3,1,2,3,1,2,5
SF,IC2003,2020-01-03 13:22:21.400,5346.0000,53348,-1,7916743160.000,1,0,1,双平,B,5345.2000,5345.0000,5344.6000,5344.0000,5343.4000,5346.0000,5346.2000,5346.4000,5347.0000,5347.4000,2,1,3,1,1,2,2,2,2,1
SF,IC2003,2020-01-03 13:22:21.900,5346.0000,53348,0,7916743160.000,0,-,-,-,-,5345.0000,5344.6000,5344.0000,5343.4000,5343.0000,5346.0000,5347.0000,5347.6000,5347.8000,5348.0000,1,3,1,1,2,2,2,1,2,5
SF,IC2003,2020-01-03 13:22:22.400,5346.0000,53347,-1,7917812360.000,1,0,1,双平,B,5345.0000,5344.6000,5344.0000,5343.4000,5343.0000,5345.2000,5345.8000,5346.0000,5347.6000,5347.8000,1,3,1,1,2,1,2,2,1,2
SF,IC2003,2020-01-03 13:22:22.900,5345.0000,53348,1,7918881360.000,1,1,0,双开,B,5344.6000,5344.0000,5343.4000,5343.0000,5342.0000,5345.8000,5346.0000,5347.6000,5347.8000,5348.0000,3,1,1,2,1,2,2,1,2,5
SF,IC2003,2020-01-03 13:22:23.400,5345.0000,53348,0,7918881360.000,0,-,-,-,-,5344.6000,5344.0000,5343.4000,5343.0000,5342.0000,5345.8000,5346.0000,5347.4000,5347.6000,5347.8000,3,1,1,2,1,2,2,1,1,2
SF,IC2003,2020-01-03 13:22:24.900,5345.0000,53348,0,7918881360.000,0,-,-,-,-,5344.6000,5344.4000,5344.0000,5343.4000,5343.0000,5345.8000,5346.0000,5347.4000,5347.6000,5347.8000,3,1,1,1,2,2,2,2,1,2
SF,IC2003,2020-01-03 13:22:25.400,5345.0000,53348,0,7918881360.000,0,-,-,-,-,5344.8000,5344.6000,5344.4000,5344.0000,5343.4000,5345.6000,5346.0000,5347.4000,5347.6000,5347.8000,2,3,1,1,1,1,2,2,1,2
SF,IC2003,2020-01-03 13:22:25.900,5345.8000,53349,1,7919950520.000,1,1,0,双开,B,5344.8000,5344.6000,5344.4000,5344.0000,5343.4000,5346.0000,5347.4000,5347.6000,5347.8000,5348.0000,2,3,1,1,1,2,2,1,2,5
SF,IC2003,2020-01-03 13:22:26.400,5345.8000,53349,0,7919950520.000,0,-,-,-,-,5344.8000,5344.6000,5344.4000,5344.0000,5343.4000,5346.0000,5347.4000,5347.6000,5347.8000,5348.0000,2,3,1,1,1,1,2,1,2,5
SF,IC2003,2020-01-03 13:22:27.900,5345.8000,53349,0,7919950520.000,0,-,-,-,-,5344.8000,5344.6000,5344.4000,5344.0000,5343.4000,5346.0000,5347.2000,5347.4000,5347.6000,5347.8000,2,3,1,1,1,1,1,2,1,2
SF,IC2003,2020-01-03 13:22:28.400,5345.8000,53349,0,7919950520.000,0,-,-,-,-,5344.8000,5344.6000,5344.4000,5344.0000,5343.4000,5346.0000,5347.2000,5347.4000,5347.6000,5347.8000,2,3,1,1,1,1,1,2,1,2
SF,IC2003,2020-01-03 13:22:29.900,5346.0000,53348,-1,7921019720.000,1,0,1,双平,B,5344.8000,5344.6000,5344.4000,5344.0000,5343.4000,5347.2000,5347.4000,5347.6000,5347.8000,5348.0000,2,3,1,1,1,1,2,1,2,4
SF,IC2003,2020-01-03 13:22:30.400,5344.8000,53349,1,7922088680.000,1,1,0,双开,B,5344.8000,5344.6000,5344.4000,5344.0000,5343.4000,5346.8000,5347.0000,5347.2000,5347.4000,5347.6000,1,3,1,1,1,2,4,1,2,1
SF,IC2003,2020-01-03 13:22:30.900,5344.8000,53349,0,7922088680.000,0,-,-,-,-,5344.8000,5344.6000,5344.4000,5344.0000,5343.4000,5346.6000,5347.0000,5347.2000,5347.4000,5347.6000,1,3,1,1,1,4,1,1,2,1
SF,IC2003,2020-01-03 13:22:31.400,5344.8000,53349,0,7922088680.000,0,-,-,-,-,5344.8000,5344.6000,5344.4000,5344.0000,5343.4000,5346.2000,5346.6000,5347.0000,5347.2000,5347.4000,1,3,1,1,1,2,2,1,1,2
SF,IC2003,2020-01-03 13:22:31.900,5344.8000,53349,0,7922088680.000,0,-,-,-,-,5344.8000,5344.6000,5344.4000,5344.0000,5343.4000,5346.6000,5347.0000,5347.2000,5347.4000,5347.6000,1,3,1,1,1,2,1,1,2,1
SF,IC2003,2020-01-03 13:22:32.900,5344.8000,53349,0,7922088680.000,0,-,-,-,-,5344.8000,5344.6000,5344.4000,5344.0000,5343.4000,5346.6000,5347.0000,5347.2000,5347.4000,5347.6000,1,2,1,1,1,2,1,1,2,1
SF,IC2003,2020-01-03 13:22:33.400,5344.8000,53349,0,7922088680.000,0,-,-,-,-,5344.6000,5344.4000,5344.0000,5343.4000,5343.0000,5346.2000,5346.6000,5347.0000,5347.2000,5347.4000,2,1,1,1,2,2,2,1,1,2
SF,IC2003,2020-01-03 13:22:33.900,5344.8000,53349,0,7922088680.000,0,-,-,-,-,5344.8000,5344.6000,5344.4000,5344.0000,5343.4000,5347.0000,5347.2000,5347.4000,5347.6000,5347.8000,2,2,1,1,1,1,1,2,1,2
SF,IC2003,2020-01-03 13:22:34.400,5344.8000,53349,0,7922088680.000,0,-,-,-,-,5344.8000,5344.6000,5344.4000,5344.0000,5343.4000,5346.6000,5346.8000,5347.0000,5347.2000,5347.4000,2,2,1,1,1,2,2,3,1,2
SF,IC2003,2020-01-03 13:22:34.900,5344.8000,53349,0,7922088680.000,0,-,-,-,-,5344.8000,5344.6000,5344.4000,5344.0000,5343.4000,5346.4000,5347.0000,5347.2000,5347.4000,5347.6000,2,2,1,1,1,3,3,1,2,1
SF,IC2003,2020-01-03 13:22:35.400,5344.8000,53349,0,7922088680.000,0,-,-,-,-,5344.8000,5344.6000,5344.4000,5344.0000,5343.4000,5346.2000,5346.4000,5347.0000,5347.2000,5347.4000,2,2,1,1,1,1,3,3,1,2
SF,IC2003,2020-01-03 13:22:35.900,5344.8000,53349,0,7922088680.000,0,-,-,-,-,5344.8000,5344.6000,5344.4000,5344.0000,5343.4000,5346.0000,5346.2000,5346.4000,5347.0000,5347.2000,2,2,1,1,1,2,1,1,3,1
SF,IC2003,2020-01-03 13:22:36.400,5344.8000,53349,0,7922088680.000,0,-,-,-,-,5344.8000,5344.6000,5344.4000,5344.0000,5343.4000,5346.0000,5346.2000,5346.4000,5347.0000,5347.2000,2,2,1,1,1,2,1,1,3,1
SF,IC2003,2020-01-03 13:22:36.900,5344.8000,53349,0,7922088680.000,0,-,-,-,-,5344.8000,5344.6000,5344.4000,5344.0000,5343.4000,5346.2000,5346.4000,5347.0000,5347.2000,5347.4000,2,2,1,1,1,1,1,4,1,2
SF,IC2003,2020-01-03 13:22:37.900,5344.8000,53349,0,7922088680.000,0,-,-,-,-,5344.8000,5344.6000,5344.4000,5344.0000,5343.4000,5346.2000,5346.4000,5346.8000,5347.0000,5347.2000,2,2,1,1,1,1,1,1,4,1
SF,IC2003,2020-01-03 13:22:38.400,5344.8000,53349,0,7922088680.000,0,-,-,-,-,5344.8000,5344.6000,5344.4000,5344.0000,5343.4000,5346.0000,5346.2000,5346.4000,5346.8000,5347.0000,2,2,1,1,1,2,1,1,1,5
SF,IC2003,2020-01-03 13:22:39.400,5344.8000,53349,0,7922088680.000,0,-,-,-,-,5344.8000,5344.6000,5344.4000,5344.0000,5343.4000,5346.0000,5346.2000,5346.4000,5346.8000,5347.0000,2,2,1,1,1,2,1,1,1,5
SF,IC2003,2020-01-03 13:22:40.400,5344.8000,53349,0,7922088680.000,0,-,-,-,-,5344.8000,5344.6000,5344.4000,5344.0000,5343.4000,5346.0000,5346.2000,5346.8000,5347.0000,5347.2000,2,2,1,1,1,2,1,1,5,1
SF,IC2003,2020-01-03 13:22:40.900,5344.8000,53349,0,7922088680.000,0,-,-,-,-,5344.8000,5344.6000,5344.4000,5344.0000,5343.4000,5346.0000,5346.2000,5346.8000,5347.0000,5347.2000,2,2,1,1,1,2,1,1,5,1
SF,IC2003,2020-01-03 13:22:41.400,5344.8000,53349,0,7922088680.000,0,-,-,-,-,5344.8000,5344.6000,5344.4000,5344.0000,5343.4000,5346.0000,5346.2000,5346.8000,5347.0000,5347.2000,2,2,1,1,1,2,1,1,5,1
SF,IC2003,2020-01-03 13:22:42.400,5344.8000,53349,0,7922088680.000,0,-,-,-,-,5344.8000,5344.6000,5344.4000,5344.0000,5343.4000,5345.8000,5346.0000,5346.2000,5346.8000,5347.0000,2,2,1,1,1,1,2,1,1,5
SF,IC2003,2020-01-03 13:22:43.400,5344.8000,53349,0,7922088680.000,0,-,-,-,-,5344.8000,5344.6000,5344.4000,5344.0000,5343.4000,5345.6000,5345.8000,5346.0000,5346.8000,5347.0000,2,2,1,1,1,1,2,2,1,5
SF,IC2003,2020-01-03 13:22:43.900,5344.8000,53349,0,7922088680.000,0,-,-,-,-,5345.0000,5344.8000,5344.6000,5344.4000,5344.0000,5345.6000,5345.8000,5346.0000,5346.8000,5347.0000,1,2,2,1,1,1,2,2,1,5
SF,IC2003,2020-01-03 13:22:44.400,5344.8000,53349,0,7922088680.000,0,-,-,-,-,5345.0000,5344.6000,5344.4000,5344.0000,5343.4000,5345.6000,5345.8000,5346.0000,5346.8000,5347.0000,1,2,1,1,1,1,2,2,1,5
SF,IC2003,2020-01-03 13:22:47.400,5344.8000,53349,0,7922088680.000,0,-,-,-,-,5345.0000,5344.6000,5344.4000,5344.0000,5343.4000,5345.6000,5345.8000,5346.0000,5346.8000,5347.0000,1,2,1,1,1,1,2,2,1,5
SF,IC2003,2020-01-03 13:22:47.900,5344.8000,53349,0,7922088680.000,0,-,-,-,-,5344.6000,5344.4000,5344.0000,5343.4000,5343.0000,5345.6000,5345.8000,5346.0000,5346.8000,5347.0000,2,1,1,1,3,1,2,2,1,5
SF,IC2003,2020-01-03 13:22:51.900,5344.8000,53349,0,7922088680.000,0,-,-,-,-,5344.6000,5344.4000,5344.0000,5343.4000,5343.0000,5345.8000,5346.0000,5346.8000,5347.0000,5347.4000,2,1,1,1,3,2,2,1,5,1
SF,IC2003,2020-01-03 13:22:52.400,5344.8000,53349,0,7922088680.000,0,-,-,-,-,5344.6000,5344.4000,5344.0000,5343.4000,5343.0000,5345.6000,5345.8000,5346.8000,5347.0000,5347.4000,2,1,1,1,3,2,2,1,5,1
SF,IC2003,2020-01-03 13:22:53.400,5344.8000,53349,0,7922088680.000,0,-,-,-,-,5344.6000,5344.4000,5344.0000,5343.4000,5343.0000,5345.4000,5345.6000,5345.8000,5346.8000,5347.0000,2,1,1,1,3,1,2,1,1,5
SF,IC2003,2020-01-03 13:22:53.900,5344.8000,53349,0,7922088680.000,0,-,-,-,-,5344.6000,5344.4000,5344.0000,5343.4000,5343.0000,5345.4000,5345.6000,5345.8000,5346.8000,5347.0000,2,1,1,1,3,1,2,1,2,5
SF,IC2003,2020-01-03 13:22:54.400,5344.4000,53349,0,7925295400.000,3,1,2,空换,B,5344.0000,5343.4000,5343.0000,5342.0000,5340.0000,5344.6000,5345.2000,5345.4000,5345.8000,5346.8000,1,1,3,1,1,2,2,1,1,2
SF,IC2003,2020-01-03 13:22:54.900,5344.4000,53349,0,7925295400.000,0,-,-,-,-,5344.0000,5343.4000,5343.0000,5342.0000,5340.0000,5345.2000,5345.4000,5345.8000,5346.8000,5347.0000,1,1,3,1,1,2,1,1,2,5
SF,IC2003,2020-01-03 13:22:55.400,5344.4000,53349,0,7925295400.000,0,-,-,-,-,5344.0000,5343.4000,5343.0000,5342.0000,5340.0000,5345.2000,5345.4000,5346.8000,5347.0000,5347.4000,1,1,3,1,1,2,1,2,5,1
SF,IC2003,2020-01-03 13:22:56.400,5344.4000,53349,0,7925295400.000,0,-,-,-,-,5344.0000,5343.4000,5343.0000,5342.0000,5340.0000,5345.2000,5345.4000,5346.8000,5347.0000,5347.4000,1,1,3,1,1,2,1,2,5,1
SF,IC2003,2020-01-03 13:22:57.400,5344.4000,53349,0,7925295400.000,0,-,-,-,-,5344.0000,5343.4000,5343.0000,5342.0000,5340.0000,5345.0000,5345.2000,5345.4000,5346.8000,5347.0000,1,1,3,1,1,1,2,1,2,5
SF,IC2003,2020-01-03 13:22:58.400,5344.4000,53349,0,7925295400.000,0,-,-,-,-,5344.6000,5344.0000,5343.4000,5343.0000,5342.0000,5345.0000,5345.2000,5345.4000,5346.8000,5347.0000,1,1,1,3,1,1,2,1,2,5
SF,IC2003,2020-01-03 13:22:58.900,5344.6000,53348,-1,7926364320.000,1,0,1,双平,B,5344.0000,5343.4000,5343.0000,5342.0000,5340.0000,5344.4000,5344.8000,5345.0000,5345.2000,5346.0000,1,1,3,1,1,1,1,2,2,2
SF,IC2003,2020-01-03 13:22:59.400,5344.6000,53348,0,7926364320.000,0,-,-,-,-,5344.0000,5343.4000,5343.0000,5342.0000,5340.0000,5344.8000,5345.0000,5345.2000,5346.0000,5346.8000,1,1,3,1,1,1,2,2,2,2
SF,IC2003,2020-01-03 13:22:59.900,5344.6000,53348,0,7926364320.000,0,-,-,-,-,5344.0000,5343.4000,5343.0000,5342.0000,5340.0000,5344.8000,5345.0000,5345.2000,5346.0000,5346.8000,1,1,3,1,1,1,2,2,3,2
SF,IC2003,2020-01-03 13:23:02.900,5344.6000,53348,0,7926364320.000,0,-,-,-,-,5344.4000,5344.0000,5343.4000,5343.0000,5342.0000,5344.8000,5345.0000,5345.2000,5346.0000,5346.8000,1,1,1,3,1,1,2,2,3,2
SF,IC2003,2020-01-03 13:23:03.400,5344.6000,53348,0,7926364320.000,0,-,-,-,-,5344.4000,5344.0000,5343.4000,5343.0000,5342.0000,5344.6000,5344.8000,5345.0000,5346.0000,5346.8000,1,1,1,3,1,1,1,1,3,2
SF,IC2003,2020-01-03 13:23:03.900,5344.6000,53348,0,7927433240.000,1,0,1,空换,B,5344.0000,5343.4000,5343.0000,5342.0000,5340.0000,5344.8000,5345.0000,5346.0000,5346.8000,5347.0000,1,1,3,1,1,1,1,3,2,4
SF,IC2003,2020-01-03 13:23:05.900,5344.6000,53348,0,7927433240.000,0,-,-,-,-,5344.0000,5343.4000,5343.0000,5342.0000,5340.0000,5344.8000,5345.0000,5345.6000,5346.0000,5346.8000,1,1,3,1,1,1,1,1,3,1
SF,IC2003,2020-01-03 13:23:07.900,5344.8000,53348,0,7928502200.000,1,0,1,空换,B,5344.0000,5343.4000,5343.0000,5342.0000,5340.0000,5345.0000,5345.6000,5346.0000,5346.8000,5347.0000,1,1,3,1,1,1,1,3,1,4
SF,IC2003,2020-01-03 13:23:10.900,5345.0000,53348,0,7929571200.000,1,0,1,空换,B,5344.0000,5343.4000,5343.0000,5342.0000,5340.0000,5345.6000,5346.0000,5346.8000,5347.0000,5347.4000,1,1,4,1,1,1,3,1,4,1
SF,IC2003,2020-01-03 13:23:11.400,5345.0000,53348,0,7929571200.000,0,-,-,-,-,5344.2000,5344.0000,5343.4000,5343.0000,5342.0000,5345.4000,5345.6000,5346.0000,5346.8000,5347.0000,2,1,1,4,1,1,1,3,1,4
SF,IC2003,2020-01-03 13:23:14.400,5345.0000,53348,0,7929571200.000,0,-,-,-,-,5344.2000,5344.0000,5343.4000,5343.0000,5342.0000,5345.4000,5345.6000,5346.0000,5346.8000,5347.0000,2,2,1,4,1,1,1,3,1,4
SF,IC2003,2020-01-03 13:23:15.900,5345.0000,53348,0,7929571200.000,0,-,-,-,-,5344.2000,5344.0000,5343.4000,5343.0000,5342.0000,5345.0000,5345.4000,5346.0000,5346.8000,5347.0000,2,2,1,4,1,1,1,3,1,4
SF,IC2003,2020-01-03 13:23:16.400,5345.0000,53348,0,7929571200.000,0,-,-,-,-,5344.0000,5343.4000,5343.0000,5342.0000,5340.0000,5345.0000,5345.4000,5346.0000,5346.8000,5347.0000,2,1,4,1,1,1,1,3,1,4
SF,IC2003,2020-01-03 13:23:16.900,5345.0000,53348,0,7929571200.000,0,-,-,-,-,5344.0000,5343.4000,5343.0000,5342.0000,5340.0000,5344.8000,5345.0000,5345.4000,5346.0000,5346.8000,2,1,4,1,1,2,1,1,3,1
SF,IC2003,2020-01-03 13:23:17.900,5345.0000,53348,0,7929571200.000,0,-,-,-,-,5344.0000,5343.4000,5343.0000,5342.0000,5340.0000,5344.8000,5345.0000,5346.0000,5346.8000,5347.0000,2,1,4,1,1,2,1,3,1,4
SF,IC2003,2020-01-03 13:23:19.900,5345.0000,53348,0,7929571200.000,0,-,-,-,-,5344.0000,5343.4000,5343.0000,5342.0000,5340.0000,5344.6000,5344.8000,5345.0000,5346.0000,5346.8000,2,1,4,1,1,1,2,1,3,1
SF,IC2003,2020-01-03 13:23:20.900,5345.0000,53348,0,7930640200.000,1,0,1,空换,B,5344.0000,5343.4000,5343.0000,5342.0000,5340.0000,5344.8000,5345.0000,5346.0000,5346.8000,5347.0000,2,1,4,1,1,2,1,3,1,4
SF,IC2003,2020-01-03 13:23:21.400,5345.0000,53348,0,7930640200.000,0,-,-,-,-,5344.0000,5343.4000,5343.0000,5342.0000,5340.0000,5345.0000,5346.0000,5346.8000,5347.0000,5347.4000,2,1,4,1,1,1,3,1,4,1
SF,IC2003,2020-01-03 13:23:21.900,5345.0000,53348,0,7930640200.000,0,-,-,-,-,5344.2000,5344.0000,5343.4000,5343.0000,5342.0000,5345.0000,5346.0000,5346.8000,5347.0000,5347.4000,2,2,1,4,1,1,3,1,4,1
SF,IC2003,2020-01-03 13:23:22.400,5345.0000,53348,0,7930640200.000,0,-,-,-,-,5344.0000,5343.4000,5343.0000,5342.0000,5340.0000,5345.0000,5346.0000,5346.8000,5347.0000,5347.4000,2,1,4,1,1,1,3,1,4,1
SF,IC2003,2020-01-03 13:23:22.900,5345.0000,53348,0,7930640200.000,0,-,-,-,-,5344.0000,5343.4000,5343.0000,5342.0000,5340.0000,5344.8000,5345.0000,5346.0000,5346.8000,5347.0000,2,1,4,1,1,1,1,3,1,4
SF,IC2003,2020-01-03 13:23:24.900,5345.0000,53348,0,7930640200.000,0,-,-,-,-,5344.0000,5343.4000,5343.0000,5342.0000,5340.0000,5344.8000,5345.0000,5346.0000,5346.8000,5347.0000,2,1,4,1,1,1,1,3,1,4
SF,IC2003,2020-01-03 13:23:25.900,5345.0000,53348,0,7930640200.000,0,-,-,-,-,5344.0000,5343.4000,5343.0000,5342.0000,5340.0000,5344.8000,5345.0000,5346.0000,5346.8000,5347.0000,2,1,4,1,1,1,1,3,1,4
SF,IC2003,2020-01-03 13:23:30.900,5345.0000,53348,0,7930640200.000,0,-,-,-,-,5344.0000,5343.4000,5343.0000,5342.0000,5340.0000,5344.6000,5344.8000,5346.0000,5346.8000,5347.0000,2,1,4,1,1,1,1,3,1,4
SF,IC2003,2020-01-03 13:23:31.400,5344.8000,53348,0,7931709160.000,1,0,1,空换,B,5344.0000,5343.4000,5343.0000,5342.0000,5340.0000,5346.0000,5346.8000,5347.0000,5347.4000,5347.6000,2,1,4,1,1,3,1,4,1,1
SF,IC2003,2020-01-03 13:23:31.900,5344.8000,53348,0,7931709160.000,0,-,-,-,-,5344.0000,5343.4000,5343.0000,5342.0000,5340.0000,5345.8000,5346.0000,5346.8000,5347.0000,5347.4000,2,1,4,1,1,5,3,1,4,1
SF,IC2003,2020-01-03 13:23:32.400,5344.8000,53348,0,7931709160.000,0,-,-,-,-,5344.2000,5344.0000,5343.4000,5343.0000,5342.0000,5345.4000,5345.8000,5346.0000,5346.8000,5347.0000,2,2,1,4,1,2,3,3,1,4
SF,IC2003,2020-01-03 13:23:32.900,5344.8000,53348,0,7931709160.000,0,-,-,-,-,5344.2000,5344.0000,5343.4000,5343.0000,5342.0000,5345.2000,5346.0000,5346.8000,5347.0000,5347.4000,2,2,1,4,1,3,3,1,4,1
SF,IC2003,2020-01-03 13:23:33.400,5344.8000,53348,0,7931709160.000,0,-,-,-,-,5344.0000,5343.4000,5343.0000,5342.0000,5340.0000,5345.2000,5346.0000,5346.8000,5347.0000,5347.4000,2,1,4,1,1,3,3,1,4,1
SF,IC2003,2020-01-03 13:23:35.900,5344.8000,53348,0,7931709160.000,0,-,-,-,-,5344.0000,5343.4000,5343.0000,5342.0000,5340.0000,5344.4000,5345.2000,5346.0000,5346.8000,5347.0000,2,1,4,1,1,2,3,3,1,4
SF,IC2003,2020-01-03 13:23:36.400,5344.0000,53350,2,7933846760.000,2,2,0,双开,B,5343.4000,5343.0000,5342.0000,5340.0000,5339.6000,5344.2000,5345.2000,5346.0000,5346.8000,5347.0000,1,4,1,1,1,1,2,3,1,4
SF,IC2003,2020-01-03 13:23:36.900,5344.0000,53350,0,7933846760.000,0,-,-,-,-,5343.4000,5343.0000,5342.0000,5340.0000,5339.6000,5344.0000,5346.0000,5346.8000,5347.0000,5347.4000,1,4,1,1,1,2,3,1,4,1
SF,IC2003,2020-01-03 13:23:40.900,5344.0000,53350,0,7933846760.000,0,-,-,-,-,5343.4000,5343.0000,5342.0000,5340.0000,5339.6000,5344.0000,5346.0000,5346.8000,5347.0000,5347.4000,1,4,1,1,1,2,3,1,4,1
SF,IC2003,2020-01-03 13:23:41.400,5344.0000,53350,0,7933846760.000,0,-,-,-,-,5343.4000,5343.0000,5342.0000,5340.0000,5339.6000,5346.0000,5346.8000,5347.0000,5347.4000,5347.6000,1,4,1,1,1,3,1,4,1,1
SF,IC2003,2020-01-03 13:23:41.900,5344.0000,53350,0,7933846760.000,0,-,-,-,-,5343.6000,5343.4000,5343.0000,5342.0000,5340.0000,5345.6000,5345.8000,5346.0000,5346.8000,5347.0000,2,1,4,1,1,4,5,3,1,3
SF,IC2003,2020-01-03 13:23:42.400,5344.0000,53350,0,7933846760.000,0,-,-,-,-,5343.6000,5343.4000,5343.0000,5342.0000,5340.0000,5345.4000,5345.8000,5346.0000,5346.8000,5347.0000,2,1,4,1,1,6,3,3,1,3
SF,IC2003,2020-01-03 13:23:42.900,5344.0000,53350,0,7933846760.000,0,-,-,-,-,5343.6000,5343.4000,5343.0000,5342.0000,5340.0000,5343.8000,5345.0000,5345.4000,5345.8000,5346.0000,2,1,4,1,1,1,2,4,3,3
SF,IC2003,2020-01-03 13:23:43.400,5344.0000,53350,0,7933846760.000,0,-,-,-,-,5343.6000,5343.4000,5343.0000,5342.0000,5340.0000,5343.8000,5345.4000,5345.8000,5346.0000,5347.0000,2,1,4,1,1,1,2,3,3,3
SF,IC2003,2020-01-03 13:23:43.900,5344.0000,53350,0,7933846760.000,0,-,-,-,-,5343.6000,5343.4000,5343.0000,5342.0000,5340.0000,5343.8000,5345.2000,5345.4000,5345.8000,5346.0000,2,1,4,1,1,1,2,2,3,3
SF,IC2003,2020-01-03 13:23:44.400,5343.8000,53350,0,7934915520.000,1,0,1,空换,B,5343.6000,5343.4000,5343.0000,5342.0000,5340.0000,5345.2000,5345.4000,5345.8000,5346.0000,5347.0000,2,1,4,1,1,2,2,2,3,3
SF,IC2003,2020-01-03 13:23:44.900,5343.8000,53350,0,7934915520.000,0,-,-,-,-,5343.6000,5343.4000,5343.0000,5342.0000,5340.0000,5345.0000,5345.2000,5345.8000,5346.0000,5347.0000,2,1,4,1,1,2,2,2,3,3
SF,IC2003,2020-01-03 13:23:45.400,5343.8000,53350,0,7934915520.000,0,-,-,-,-,5343.4000,5343.0000,5342.0000,5340.0000,5339.6000,5344.8000,5345.0000,5345.8000,5346.0000,5347.0000,1,4,1,1,1,2,2,2,3,3
SF,IC2003,2020-01-03 13:23:45.900,5343.8000,53350,0,7934915520.000,0,-,-,-,-,5343.4000,5343.0000,5342.0000,5340.0000,5339.6000,5344.6000,5344.8000,5345.8000,5346.0000,5347.0000,1,4,1,1,1,2,2,2,3,3
SF,IC2003,2020-01-03 13:23:46.400,5343.8000,53350,0,7934915520.000,0,-,-,-,-,5343.4000,5343.0000,5342.0000,5340.0000,5339.6000,5344.6000,5345.8000,5346.0000,5347.0000,5347.4000,1,4,1,1,1,2,2,3,3,1
SF,IC2003,2020-01-03 13:23:46.900,5343.8000,53350,0,7934915520.000,0,-,-,-,-,5343.6000,5343.4000,5343.0000,5342.0000,5340.0000,5344.6000,5345.8000,5346.0000,5347.0000,5347.4000,1,1,4,2,1,2,2,3,3,1
SF,IC2003,2020-01-03 13:23:47.400,5343.8000,53350,0,7934915520.000,0,-,-,-,-,5343.6000,5343.4000,5343.0000,5342.0000,5340.0000,5344.4000,5344.6000,5345.8000,5346.0000,5347.0000,1,1,4,2,1,1,2,2,3,3
SF,IC2003,2020-01-03 13:23:50.900,5343.8000,53350,0,7934915520.000,0,-,-,-,-,5343.6000,5343.4000,5343.0000,5342.0000,5340.0000,5344.4000,5344.6000,5345.8000,5346.0000,5347.0000,1,1,4,2,1,1,2,2,3,3
SF,IC2003,2020-01-03 13:23:52.400,5344.4000,53350,0,7935984400.000,1,0,1,空换,B,5343.6000,5343.4000,5343.0000,5342.0000,5340.0000,5344.6000,5345.0000,5345.8000,5346.0000,5347.0000,1,1,4,2,1,2,1,2,2,3
SF,IC2003,2020-01-03 13:23:53.900,5344.4000,53350,0,7935984400.000,0,-,-,-,-,5344.2000,5343.6000,5343.4000,5343.0000,5342.0000,5344.6000,5345.0000,5345.8000,5346.0000,5347.0000,1,1,1,4,2,2,1,2,2,3
SF,IC2003,2020-01-03 13:23:54.400,5344.4000,53350,0,7935984400.000,0,-,-,-,-,5344.2000,5343.6000,5343.4000,5343.0000,5342.0000,5344.6000,5345.0000,5345.8000,5346.0000,5347.0000,1,1,1,4,2,2,1,1,2,3
SF,IC2003,2020-01-03 13:23:54.900,5344.2000,53349,-1,7937053240.000,1,0,1,双平,B,5343.6000,5343.4000,5343.0000,5342.0000,5340.0000,5344.6000,5345.0000,5346.0000,5347.0000,5347.4000,1,1,4,2,1,2,1,2,3,1
SF,IC2003,2020-01-03 13:23:58.400,5344.2000,53349,0,7937053240.000,0,-,-,-,-,5343.6000,5343.4000,5343.0000,5342.0000,5340.0000,5344.6000,5345.0000,5346.0000,5347.0000,5347.4000,1,1,4,2,1,2,1,2,3,1
SF,IC2003,2020-01-03 13:23:59.400,5344.2000,53349,0,7937053240.000,0,-,-,-,-,5343.6000,5343.4000,5343.0000,5342.0000,5340.0000,5344.6000,5345.0000,5346.0000,5347.0000,5347.4000,1,1,4,2,1,2,2,2,3,1
SF,IC2003,2020-01-03 13:24:01.400,5344.2000,53349,0,7937053240.000,0,-,-,-,-,5343.6000,5343.4000,5343.0000,5342.0000,5340.0000,5344.6000,5344.8000,5345.0000,5346.0000,5347.0000,1,1,4,2,1,2,1,2,2,3
SF,IC2003,2020-01-03 13:24:02.400,5344.6000,53350,1,7938122160.000,1,1,0,双开,B,5343.6000,5343.4000,5343.0000,5342.0000,5340.0000,5344.6000,5344.8000,5345.0000,5346.0000,5347.0000,1,1,4,3,1,1,1,2,2,3
SF,IC2003,2020-01-03 13:24:02.900,5344.6000,53350,0,7938122160.000,0,-,-,-,-,5343.6000,5343.4000,5343.0000,5342.0000,5340.0000,5344.4000,5344.8000,5345.0000,5346.0000,5347.0000,1,1,4,3,1,2,1,2,2,3
SF,IC2003,2020-01-03 13:24:03.400,5344.6000,53350,0,7938122160.000,0,-,-,-,-,5343.8000,5343.6000,5343.4000,5343.0000,5342.0000,5344.6000,5344.8000,5345.0000,5345.6000,5346.0000,1,1,1,4,3,2,1,2,1,2
SF,IC2003,2020-01-03 13:24:11.900,5344.6000,53351,1,7939191080.000,1,1,0,双开,B,5343.8000,5343.6000,5343.4000,5343.0000,5342.0000,5344.6000,5344.8000,5345.0000,5345.6000,5346.0000,2,1,1,4,3,1,1,2,1,2
SF,IC2003,2020-01-03 13:24:14.400,5344.6000,53352,1,7940260000.000,1,1,0,双开,B,5343.8000,5343.6000,5343.4000,5343.0000,5342.0000,5344.8000,5345.0000,5345.6000,5346.0000,5347.0000,1,1,1,4,3,1,2,1,2,3
SF,IC2003,2020-01-03 13:24:15.400,5343.8000,53352,0,7941328760.000,1,0,1,空换,B,5343.6000,5343.4000,5343.0000,5342.0000,5340.0000,5344.8000,5345.0000,5345.6000,5346.0000,5347.0000,1,1,4,3,1,1,2,1,2,3
SF,IC2003,2020-01-03 13:24:15.900,5343.8000,53352,0,7941328760.000,0,-,-,-,-,5343.8000,5343.6000,5343.4000,5343.0000,5342.0000,5344.8000,5345.0000,5345.6000,5346.0000,5347.0000,2,1,1,4,3,1,2,1,2,3
SF,IC2003,2020-01-03 13:24:16.900,5343.8000,53353,1,7942397520.000,1,1,0,双开,B,5343.8000,5343.6000,5343.4000,5343.0000,5342.0000,5344.8000,5345.0000,5345.6000,5346.0000,5347.0000,1,1,1,4,3,1,2,1,2,3
SF,IC2003,2020-01-03 13:24:18.400,5343.8000,53353,0,7943466280.000,1,0,1,空换,B,5343.6000,5343.4000,5343.0000,5342.0000,5340.0000,5344.8000,5345.0000,5345.6000,5346.0000,5347.0000,1,1,4,3,1,1,2,1,2,3
SF,IC2003,2020-01-03 13:24:18.900,5343.8000,53353,0,7943466280.000,0,-,-,-,-,5343.8000,5343.6000,5343.4000,5343.0000,5342.0000,5344.8000,5345.0000,5345.6000,5346.0000,5347.0000,2,1,1,4,3,1,2,1,2,3
SF,IC2003,2020-01-03 13:24:19.400,5343.8000,53353,0,7943466280.000,0,-,-,-,-,5343.8000,5343.6000,5343.4000,5343.0000,5342.0000,5344.8000,5345.0000,5345.6000,5346.0000,5347.0000,2,1,1,4,3,1,2,1,2,3
SF,IC2003,2020-01-03 13:24:19.900,5343.8000,53354,1,7944535040.000,1,1,0,双开,B,5344.0000,5343.8000,5343.6000,5343.4000,5343.0000,5344.8000,5345.0000,5345.6000,5346.0000,5347.0000,2,2,1,1,4,1,2,1,2,3
SF,IC2003,2020-01-03 13:24:21.400,5343.8000,53354,0,7944535040.000,0,-,-,-,-,5344.2000,5344.0000,5343.8000,5343.6000,5343.4000,5344.8000,5345.0000,5345.6000,5346.0000,5347.0000,1,2,2,1,1,1,2,1,2,3
SF,IC2003,2020-01-03 13:24:21.900,5343.8000,53354,0,7944535040.000,0,-,-,-,-,5344.0000,5343.8000,5343.6000,5343.4000,5343.0000,5344.8000,5345.0000,5345.6000,5346.0000,5347.0000,2,2,1,1,4,1,2,1,2,3
SF,IC2003,2020-01-03 13:24:23.400,5343.8000,53354,0,7944535040.000,0,-,-,-,-,5344.0000,5343.8000,5343.6000,5343.4000,5343.0000,5344.8000,5345.0000,5345.6000,5346.0000,5347.0000,2,2,1,1,4,1,2,1,2,3
SF,IC2003,2020-01-03 13:24:24.400,5343.8000,53354,0,7944535040.000,0,-,-,-,-,5344.0000,5343.8000,5343.6000,5343.4000,5343.0000,5344.8000,5345.0000,5345.6000,5346.0000,5347.0000,2,2,1,1,4,1,2,1,2,3
SF,IC2003,2020-01-03 13:24:24.900,5344.8000,53354,0,7945604000.000,1,0,1,空换,B,5344.2000,5344.0000,5343.6000,5343.4000,5343.0000,5345.0000,5345.6000,5346.0000,5347.0000,5347.4000,1,2,1,1,4,2,1,2,3,1
SF,IC2003,2020-01-03 13:24:25.400,5345.0000,53354,0,7947742000.000,2,1,1,空换,B,5344.6000,5344.2000,5344.0000,5343.6000,5343.4000,5344.8000,5345.6000,5346.0000,5347.0000,5347.4000,1,1,2,1,1,1,1,2,3,1
SF,IC2003,2020-01-03 13:24:25.900,5344.8000,53354,0,7948810960.000,1,0,1,空换,B,5344.6000,5344.2000,5344.0000,5343.6000,5343.4000,5345.6000,5346.0000,5347.0000,5347.4000,5347.6000,1,1,2,1,1,1,2,3,1,1
SF,IC2003,2020-01-03 13:24:26.400,5344.8000,53354,0,7948810960.000,0,-,-,-,-,5344.6000,5344.2000,5344.0000,5343.6000,5343.4000,5345.4000,5345.6000,5346.0000,5347.0000,5347.4000,1,1,2,1,1,2,1,2,3,1
SF,IC2003,2020-01-03 13:24:26.900,5344.6000,53354,0,7949879880.000,1,0,1,空换,B,5344.0000,5343.6000,5343.4000,5343.0000,5342.2000,5345.4000,5345.6000,5346.0000,5347.0000,5347.4000,1,1,1,4,1,2,1,2,3,1
SF,IC2003,2020-01-03 13:24:27.400,5344.6000,53354,0,7949879880.000,0,-,-,-,-,5344.8000,5343.6000,5343.4000,5343.0000,5342.4000,5345.4000,5345.6000,5346.0000,5347.0000,5347.4000,1,1,1,4,1,2,1,2,3,1
SF,IC2003,2020-01-03 13:24:29.900,5345.4000,53356,2,7952018040.000,2,2,0,双开,B,5344.8000,5343.6000,5343.4000,5343.0000,5342.4000,5345.6000,5346.0000,5347.0000,5347.4000,5347.6000,1,1,1,4,1,1,2,3,1,1
SF,IC2003,2020-01-03 13:24:30.400,5345.4000,53356,0,7952018040.000,0,-,-,-,-,5345.0000,5344.8000,5343.4000,5343.0000,5342.4000,5345.6000,5346.0000,5347.0000,5347.4000,5347.6000,2,1,1,4,1,1,2,3,1,1
SF,IC2003,2020-01-03 13:24:31.400,5345.0000,53356,0,7954156040.000,2,1,1,空换,B,5344.8000,5343.4000,5343.0000,5342.4000,5342.2000,5345.6000,5346.0000,5347.0000,5347.4000,5347.6000,1,1,4,1,1,1,2,3,1,1
SF,IC2003,2020-01-03 13:24:31.900,5345.0000,53356,0,7954156040.000,0,-,-,-,-,5344.8000,5343.4000,5343.0000,5342.4000,5342.2000,5345.4000,5345.6000,5346.0000,5347.0000,5347.4000,1,1,4,1,1,2,1,2,3,1
SF,IC2003,2020-01-03 13:24:32.400,5344.8000,53356,0,7955225000.000,1,0,1,空换,B,5343.4000,5343.0000,5342.4000,5342.2000,5342.0000,5344.8000,5345.4000,5345.6000,5346.0000,5347.0000,1,4,1,1,2,2,2,1,2,3
SF,IC2003,2020-01-03 13:24:32.900,5344.8000,53356,0,7955225000.000,0,-,-,-,-,5343.8000,5343.6000,5343.4000,5343.0000,5342.4000,5344.8000,5345.4000,5345.6000,5346.0000,5347.0000,1,1,1,4,1,2,2,1,2,3
SF,IC2003,2020-01-03 13:24:33.900,5344.8000,53356,0,7955225000.000,0,-,-,-,-,5343.8000,5343.6000,5343.4000,5343.0000,5342.4000,5344.8000,5345.0000,5345.4000,5345.6000,5346.0000,1,1,1,4,1,2,1,2,3,2
SF,IC2003,2020-01-03 13:24:34.400,5344.8000,53356,0,7955225000.000,0,-,-,-,-,5344.0000,5343.8000,5343.6000,5343.4000,5343.0000,5344.8000,5345.0000,5345.4000,5345.6000,5346.0000,2,1,1,1,4,2,1,2,3,2
SF,IC2003,2020-01-03 13:24:35.400,5344.8000,53356,0,7955225000.000,0,-,-,-,-,5344.2000,5344.0000,5343.8000,5343.6000,5343.4000,5344.8000,5345.0000,5345.4000,5345.6000,5346.0000,1,2,1,1,1,2,1,2,3,2
SF,IC2003,2020-01-03 13:24:36.400,5344.8000,53356,0,7955225000.000,0,-,-,-,-,5344.4000,5344.2000,5344.0000,5343.8000,5343.6000,5344.8000,5345.0000,5345.4000,5345.6000,5346.0000,1,1,2,1,1,2,1,2,3,2
SF,IC2003,2020-01-03 13:24:36.900,5344.8000,53357,1,7957362920.000,2,1,1,多开,B,5344.4000,5344.0000,5343.8000,5343.4000,5343.0000,5345.0000,5345.4000,5345.6000,5346.0000,5347.0000,2,2,1,1,4,1,2,3,2,3
SF,IC2003,2020-01-03 13:24:37.400,5345.0000,53356,-1,7958431920.000,1,0,1,双平,B,5344.8000,5344.4000,5344.0000,5343.8000,5343.4000,5345.4000,5345.6000,5346.0000,5347.0000,5347.4000,1,2,2,1,1,2,3,2,3,1
SF,IC2003,2020-01-03 13:24:37.900,5345.0000,53356,0,7958431920.000,0,-,-,-,-,5344.4000,5344.0000,5343.8000,5343.4000,5343.0000,5345.4000,5345.6000,5346.0000,5347.0000,5347.4000,1,2,1,1,4,2,3,2,3,1
SF,IC2003,2020-01-03 13:24:38.900,5345.0000,53356,0,7958431920.000,0,-,-,-,-,5344.8000,5344.4000,5344.0000,5343.8000,5343.4000,5345.4000,5345.6000,5346.0000,5347.0000,5347.4000,1,1,2,1,1,2,3,2,3,1
SF,IC2003,2020-01-03 13:24:40.400,5345.0000,53356,0,7958431920.000,0,-,-,-,-,5344.8000,5344.4000,5344.0000,5343.8000,5343.4000,5345.4000,5345.6000,5346.0000,5347.0000,5347.4000,2,1,2,1,1,2,3,2,3,1
SF,IC2003,2020-01-03 13:24:40.900,5345.0000,53356,0,7958431920.000,0,-,-,-,-,5344.8000,5344.4000,5344.0000,5343.8000,5343.4000,5345.4000,5345.6000,5346.0000,5347.0000,5347.4000,1,1,2,1,1,2,3,2,3,1
SF,IC2003,2020-01-03 13:24:41.400,5344.8000,53356,0,7959500880.000,1,0,1,空换,B,5344.4000,5344.0000,5343.8000,5343.4000,5343.0000,5345.4000,5345.6000,5346.0000,5347.0000,5347.4000,1,2,1,1,4,2,3,2,3,1
SF,IC2003,2020-01-03 13:24:41.900,5344.8000,53356,0,7959500880.000,0,-,-,-,-,5344.8000,5344.4000,5344.0000,5343.8000,5343.4000,5345.4000,5345.6000,5346.0000,5347.0000,5347.4000,1,1,2,1,1,2,3,2,3,1
SF,IC2003,2020-01-03 13:24:42.400,5344.8000,53357,1,7961638800.000,2,1,1,多开,B,5344.6000,5344.4000,5344.0000,5343.8000,5343.4000,5344.8000,5345.6000,5346.0000,5347.0000,5347.4000,1,1,2,1,1,3,3,2,3,1
SF,IC2003,2020-01-03 13:24:42.900,5344.8000,53360,3,7964845680.000,3,3,0,双开,B,5344.6000,5344.4000,5344.0000,5343.8000,5343.4000,5345.6000,5346.0000,5347.0000,5347.4000,5347.6000,1,1,2,1,1,3,2,3,1,1
SF,IC2003,2020-01-03 13:24:43.400,5344.8000,53360,0,7964845680.000,0,-,-,-,-,5344.6000,5344.4000,5344.0000,5343.8000,5343.4000,5345.4000,5345.6000,5346.0000,5347.0000,5347.4000,1,1,2,1,1,2,3,2,3,1
SF,IC2003,2020-01-03 13:24:43.900,5344.8000,53360,0,7964845680.000,0,-,-,-,-,5344.8000,5344.6000,5344.4000,5344.0000,5343.8000,5345.4000,5345.6000,5346.0000,5347.0000,5347.4000,1,1,1,2,1,2,3,2,3,1
SF,IC2003,2020-01-03 13:24:44.400,5344.8000,53360,0,7964845680.000,0,-,-,-,-,5344.8000,5344.6000,5344.4000,5343.8000,5343.4000,5345.4000,5345.6000,5346.0000,5347.0000,5347.4000,1,1,1,1,1,2,3,2,3,1
SF,IC2003,2020-01-03 13:24:44.900,5344.8000,53360,0,7964845680.000,0,-,-,-,-,5344.6000,5344.4000,5343.8000,5343.4000,5343.0000,5345.4000,5345.6000,5346.0000,5347.0000,5347.4000,1,1,1,1,4,2,3,2,3,1
SF,IC2003,2020-01-03 13:24:46.400,5344.8000,53360,0,7964845680.000,0,-,-,-,-,5344.8000,5344.6000,5344.4000,5343.8000,5343.4000,5345.4000,5345.6000,5346.0000,5347.0000,5347.4000,1,1,1,1,1,2,3,2,3,1
SF,IC2003,2020-01-03 13:24:47.900,5344.8000,53360,0,7964845680.000,0,-,-,-,-,5344.8000,5344.6000,5344.4000,5343.8000,5343.4000,5345.4000,5345.6000,5346.0000,5347.0000,5347.4000,1,1,1,1,1,2,3,2,3,1
SF,IC2003,2020-01-03 13:24:48.400,5344.8000,53360,0,7964845680.000,0,-,-,-,-,5344.8000,5344.6000,5344.4000,5343.8000,5343.4000,5345.2000,5345.4000,5345.6000,5346.0000,5347.0000,1,1,1,1,1,1,2,3,2,3
SF,IC2003,2020-01-03 13:24:48.900,5344.8000,53360,0,7964845680.000,0,-,-,-,-,5344.8000,5344.6000,5344.4000,5343.8000,5343.4000,5345.2000,5345.4000,5345.6000,5346.0000,5347.0000,1,1,1,1,1,1,2,3,2,3
SF,IC2003,2020-01-03 13:24:50.900,5344.8000,53360,0,7964845680.000,0,-,-,-,-,5345.0000,5344.8000,5344.6000,5344.4000,5343.8000,5345.2000,5345.4000,5345.6000,5346.0000,5347.0000,1,1,1,1,1,1,2,3,2,3
SF,IC2003,2020-01-03 13:24:51.400,5345.2000,53361,1,7965914720.000,1,1,0,双开,B,5345.0000,5344.8000,5344.6000,5344.4000,5343.8000,5345.4000,5345.6000,5346.0000,5347.0000,5347.4000,1,1,1,1,1,2,3,2,3,1
SF,IC2003,2020-01-03 13:24:52.400,5345.2000,53361,0,7965914720.000,0,-,-,-,-,5345.0000,5344.8000,5344.6000,5344.4000,5343.8000,5345.4000,5345.6000,5346.0000,5347.0000,5347.4000,2,1,1,1,1,2,3,2,3,1
SF,IC2003,2020-01-03 13:24:54.900,5345.2000,53361,0,7965914720.000,0,-,-,-,-,5345.0000,5344.8000,5344.6000,5344.4000,5343.8000,5345.4000,5345.6000,5346.0000,5347.0000,5347.4000,2,1,1,1,1,2,3,2,3,1
SF,IC2003,2020-01-03 13:24:55.900,5345.2000,53361,0,7965914720.000,0,-,-,-,-,5345.0000,5344.8000,5344.6000,5344.4000,5343.8000,5345.4000,5345.6000,5346.0000,5347.0000,5347.4000,1,1,1,1,1,2,3,2,3,1
SF,IC2003,2020-01-03 13:24:56.400,5345.2000,53361,0,7965914720.000,0,-,-,-,-,5345.2000,5345.0000,5344.8000,5344.6000,5344.4000,5345.4000,5345.6000,5346.0000,5347.0000,5347.4000,1,1,1,1,1,2,3,2,3,1
SF,IC2003,2020-01-03 13:24:58.400,5345.0000,53362,1,7968052760.000,2,1,1,多开,B,5344.8000,5344.6000,5344.4000,5343.8000,5343.4000,5345.0000,5345.4000,5345.6000,5346.0000,5347.0000,1,1,1,1,1,3,2,3,2,3
SF,IC2003,2020-01-03 13:24:58.900,5345.0000,53362,0,7968052760.000,0,-,-,-,-,5344.8000,5344.6000,5344.4000,5343.8000,5343.4000,5345.0000,5345.4000,5345.6000,5346.0000,5347.0000,1,1,1,1,1,4,2,3,2,3
SF,IC2003,2020-01-03 13:24:59.400,5344.8000,53362,0,7969121720.000,1,0,1,空换,B,5344.6000,5344.4000,5343.8000,5343.4000,5343.0000,5344.8000,5345.0000,5345.4000,5345.6000,5346.0000,1,1,1,1,3,1,4,2,3,2
SF,IC2003,2020-01-03 13:24:59.900,5344.6000,53363,1,7970190640.000,1,1,0,双开,B,5344.4000,5343.8000,5343.4000,5343.0000,5342.4000,5344.8000,5345.0000,5345.4000,5345.6000,5346.0000,1,1,1,3,1,2,4,2,3,2
SF,IC2003,2020-01-03 13:25:00.400,5344.6000,53363,0,7970190640.000,0,-,-,-,-,5344.4000,5343.4000,5343.0000,5342.4000,5342.2000,5344.8000,5345.0000,5345.4000,5345.6000,5346.0000,1,1,3,1,1,2,4,2,3,2
SF,IC2003,2020-01-03 13:25:00.900,5344.4000,53363,0,7971259520.000,1,0,1,空换,B,5343.4000,5343.0000,5342.4000,5342.2000,5342.0000,5344.4000,5344.8000,5345.0000,5345.4000,5345.6000,1,3,1,1,2,2,1,4,2,3
SF,IC2003,2020-01-03 13:25:01.400,5344.4000,53363,0,7971259520.000,0,-,-,-,-,5343.4000,5343.0000,5342.4000,5342.2000,5342.0000,5344.4000,5345.0000,5345.4000,5345.6000,5346.0000,1,3,1,1,2,2,4,2,3,2
SF,IC2003,2020-01-03 13:25:01.900,5344.4000,53363,0,7971259520.000,0,-,-,-,-,5343.8000,5343.4000,5343.0000,5342.4000,5342.2000,5344.4000,5345.0000,5345.4000,5345.6000,5346.0000,1,1,3,1,1,2,4,2,3,2
SF,IC2003,2020-01-03 13:25:02.900,5344.4000,53363,0,7971259520.000,0,-,-,-,-,5344.0000,5343.8000,5343.4000,5343.0000,5342.4000,5344.4000,5345.0000,5345.4000,5345.6000,5346.0000,1,1,1,3,1,2,4,2,3,2
SF,IC2003,2020-01-03 13:25:03.900,5344.4000,53363,0,7971259520.000,0,-,-,-,-,5344.0000,5343.8000,5343.4000,5343.0000,5342.4000,5345.0000,5345.4000,5345.6000,5346.0000,5347.0000,1,1,1,3,1,4,2,3,2,3
SF,IC2003,2020-01-03 13:25:04.400,5344.4000,53363,0,7971259520.000,0,-,-,-,-,5344.0000,5343.8000,5343.4000,5343.0000,5342.4000,5344.8000,5345.0000,5345.6000,5346.0000,5347.0000,1,1,1,3,1,2,4,3,2,3
SF,IC2003,2020-01-03 13:25:04.900,5344.4000,53363,0,7971259520.000,0,-,-,-,-,5344.0000,5343.8000,5343.4000,5343.0000,5342.4000,5344.8000,5345.0000,5345.6000,5346.0000,5347.0000,1,1,1,3,1,2,4,3,2,3
SF,IC2003,2020-01-03 13:25:08.400,5344.4000,53363,0,7971259520.000,0,-,-,-,-,5344.0000,5343.8000,5343.4000,5343.0000,5342.4000,5344.8000,5345.0000,5345.6000,5346.0000,5347.0000,1,1,1,3,1,2,4,3,2,3
SF,IC2003,2020-01-03 13:25:09.400,5344.4000,53363,0,7971259520.000,0,-,-,-,-,5344.2000,5344.0000,5343.8000,5343.4000,5343.0000,5344.8000,5345.0000,5345.6000,5346.0000,5347.0000,1,1,1,1,3,2,4,3,2,3
SF,IC2003,2020-01-03 13:25:09.900,5344.4000,53363,0,7971259520.000,0,-,-,-,-,5344.2000,5344.0000,5343.8000,5343.4000,5343.0000,5344.6000,5344.8000,5345.0000,5345.6000,5346.0000,1,1,1,1,3,2,2,4,3,2
SF,IC2003,2020-01-03 13:25:10.400,5344.4000,53363,0,7971259520.000,0,-,-,-,-,5344.2000,5344.0000,5343.8000,5343.4000,5343.0000,5344.6000,5344.8000,5345.0000,5345.6000,5346.0000,1,1,1,1,3,2,1,3,3,2
SF,IC2003,2020-01-03 13:25:11.400,5344.2000,53363,0,7972328360.000,1,0,1,空换,B,5344.0000,5343.8000,5343.4000,5343.0000,5342.4000,5344.6000,5344.8000,5345.0000,5345.6000,5346.0000,1,1,1,3,1,2,1,3,3,2
SF,IC2003,2020-01-03 13:25:11.900,5344.2000,53363,0,7972328360.000,0,-,-,-,-,5344.0000,5343.8000,5343.4000,5343.0000,5342.4000,5344.4000,5344.6000,5345.0000,5345.6000,5346.0000,1,1,1,3,1,3,2,3,3,2
SF,IC2003,2020-01-03 13:25:12.400,5344.0000,53364,1,7973397160.000,1,1,0,双开,B,5343.8000,5343.4000,5343.0000,5342.4000,5342.2000,5344.4000,5344.6000,5345.0000,5345.6000,5346.0000,1,1,3,1,1,3,2,3,3,2
SF,IC2003,2020-01-03 13:25:13.400,5344.0000,53364,0,7973397160.000,0,-,-,-,-,5343.8000,5343.4000,5343.0000,5342.4000,5342.2000,5344.0000,5344.4000,5344.6000,5345.0000,5345.6000,1,1,3,1,1,1,3,2,3,3
SF,IC2003,2020-01-03 13:25:13.900,5344.0000,53364,0,7973397160.000,0,-,-,-,-,5343.8000,5343.4000,5343.0000,5342.4000,5342.2000,5344.0000,5344.4000,5344.6000,5345.0000,5345.6000,1,1,3,1,1,1,3,4,3,3
SF,IC2003,2020-01-03 13:25:14.400,5344.0000,53364,0,7973397160.000,0,-,-,-,-,5343.8000,5343.4000,5343.0000,5342.4000,5342.2000,5344.4000,5344.6000,5345.0000,5345.6000,5346.0000,1,1,3,1,1,3,4,3,3,2
SF,IC2003,2020-01-03 13:25:15.400,5344.0000,53364,0,7973397160.000,0,-,-,-,-,5343.8000,5343.4000,5343.0000,5342.4000,5342.2000,5344.4000,5344.6000,5345.0000,5345.6000,5346.0000,1,1,3,1,1,3,4,3,3,2
SF,IC2003,2020-01-03 13:25:16.400,5343.8000,53363,-1,7974465920.000,1,0,1,双平,B,5343.4000,5343.0000,5342.4000,5342.2000,5342.0000,5344.4000,5344.6000,5345.0000,5345.6000,5346.0000,1,3,1,1,2,3,4,3,3,2
SF,IC2003,2020-01-03 13:25:17.400,5343.8000,53363,0,7974465920.000,0,-,-,-,-,5343.8000,5343.4000,5343.0000,5342.4000,5342.2000,5344.0000,5344.2000,5344.4000,5344.6000,5345.0000,1,1,3,1,1,1,1,3,4,3
SF,IC2003,2020-01-03 13:25:17.900,5343.8000,53363,0,7974465920.000,0,-,-,-,-,5343.8000,5343.4000,5343.0000,5342.4000,5342.2000,5344.0000,5344.2000,5344.4000,5344.6000,5345.0000,1,1,3,1,1,1,1,2,4,3
SF,IC2003,2020-01-03 13:25:18.900,5344.0000,53362,-1,7975534720.000,1,0,1,双平,B,5343.8000,5343.4000,5343.0000,5342.4000,5342.2000,5344.4000,5344.6000,5345.0000,5345.6000,5346.0000,1,1,3,1,1,2,4,3,3,2
SF,IC2003,2020-01-03 13:25:19.400,5344.0000,53362,0,7975534720.000,0,-,-,-,-,5343.8000,5343.4000,5343.0000,5342.4000,5342.2000,5344.2000,5344.6000,5345.0000,5345.6000,5346.0000,1,1,3,1,1,1,4,3,3,2
SF,IC2003,2020-01-03 13:25:20.400,5344.0000,53362,0,7975534720.000,0,-,-,-,-,5343.8000,5343.4000,5343.0000,5342.4000,5342.2000,5344.2000,5344.6000,5345.0000,5345.6000,5346.0000,1,1,3,1,1,1,4,3,3,2
SF,IC2003,2020-01-03 13:25:20.900,5344.0000,53362,0,7975534720.000,0,-,-,-,-,5343.8000,5343.4000,5343.0000,5342.4000,5342.2000,5344.2000,5344.6000,5345.0000,5345.6000,5346.0000,1,1,3,1,1,1,4,3,3,2
SF,IC2003,2020-01-03 13:25:21.900,5344.0000,53362,0,7975534720.000,0,-,-,-,-,5344.0000,5343.8000,5343.4000,5343.0000,5342.4000,5344.2000,5344.6000,5345.0000,5345.6000,5346.0000,1,1,1,3,1,1,4,3,3,2
SF,IC2003,2020-01-03 13:25:22.400,5344.2000,53361,-1,7976603560.000,1,0,1,双平,B,5344.2000,5344.0000,5343.8000,5343.4000,5343.0000,5344.6000,5345.0000,5345.6000,5346.0000,5347.0000,3,1,1,1,3,4,3,3,2,3
SF,IC2003,2020-01-03 13:25:23.900,5344.2000,53361,0,7976603560.000,0,-,-,-,-,5344.2000,5344.0000,5343.8000,5343.4000,5343.0000,5344.6000,5345.0000,5345.6000,5346.0000,5347.0000,3,1,1,1,3,4,3,3,2,3
SF,IC2003,2020-01-03 13:25:26.900,5344.2000,53361,0,7976603560.000,0,-,-,-,-,5344.2000,5344.0000,5343.8000,5343.4000,5343.0000,5344.6000,5345.0000,5345.6000,5346.0000,5347.0000,3,1,1,1,3,4,3,3,2,3
SF,IC2003,2020-01-03 13:25:27.400,5344.2000,53361,0,7976603560.000,0,-,-,-,-,5344.2000,5344.0000,5343.8000,5343.4000,5343.0000,5344.6000,5345.0000,5345.6000,5346.0000,5347.0000,1,1,1,1,3,4,3,3,2,3
SF,IC2003,2020-01-03 13:25:27.900,5344.2000,53361,0,7976603560.000,0,-,-,-,-,5344.2000,5344.0000,5343.8000,5343.4000,5343.0000,5344.4000,5344.6000,5345.0000,5345.6000,5346.0000,1,1,1,1,3,1,4,3,3,2
SF,IC2003,2020-01-03 13:25:28.400,5344.4000,53362,1,7977672440.000,1,1,0,双开,B,5344.4000,5344.2000,5343.8000,5343.4000,5343.0000,5344.6000,5345.0000,5345.6000,5346.0000,5347.0000,1,1,1,1,3,4,3,3,2,3
SF,IC2003,2020-01-03 13:25:28.900,5344.4000,53362,0,7978741320.000,1,0,1,空换,B,5344.2000,5343.8000,5343.4000,5343.0000,5342.4000,5344.6000,5345.0000,5345.6000,5346.0000,5347.0000,1,1,1,3,1,4,3,3,2,3
SF,IC2003,2020-01-03 13:25:29.400,5344.2000,53362,0,7979810160.000,1,0,1,空换,B,5344.4000,5343.8000,5343.4000,5343.0000,5342.4000,5344.6000,5345.0000,5345.6000,5346.0000,5347.0000,1,1,1,3,1,4,3,3,2,3
SF,IC2003,2020-01-03 13:25:30.900,5344.6000,53361,-1,7980879080.000,1,0,1,双平,B,5344.4000,5343.8000,5343.4000,5343.0000,5342.4000,5344.6000,5345.0000,5345.6000,5346.0000,5347.0000,1,1,1,3,1,3,3,3,2,3
SF,IC2003,2020-01-03 13:25:31.400,5344.6000,53360,-1,7983016920.000,2,0,2,空平,B,5344.4000,5343.8000,5343.4000,5343.0000,5342.4000,5344.6000,5345.0000,5345.6000,5346.0000,5347.0000,1,1,1,3,1,1,3,3,2,3
SF,IC2003,2020-01-03 13:25:31.900,5344.6000,53361,1,7984085840.000,1,1,0,双开,B,5344.8000,5344.6000,5344.4000,5343.8000,5343.4000,5345.0000,5345.6000,5346.0000,5347.0000,5347.4000,2,1,1,1,1,3,3,2,3,1
SF,IC2003,2020-01-03 13:25:32.400,5345.0000,53362,1,7987292840.000,3,2,1,多开,B,5344.6000,5344.4000,5343.8000,5343.4000,5343.0000,5345.6000,5346.0000,5347.0000,5347.4000,5347.6000,1,1,1,1,3,3,2,3,1,1
SF,IC2003,2020-01-03 13:25:33.400,5345.0000,53362,0,7987292840.000,0,-,-,-,-,5344.8000,5344.6000,5344.4000,5343.8000,5343.4000,5345.6000,5346.0000,5347.0000,5347.4000,5347.6000,1,1,1,1,1,3,2,3,1,1
SF,IC2003,2020-01-03 13:25:34.400,5345.0000,53362,0,7987292840.000,0,-,-,-,-,5344.8000,5344.6000,5344.4000,5343.8000,5343.4000,5345.6000,5346.0000,5347.0000,5347.4000,5347.6000,1,1,1,1,1,3,2,3,1,1
SF,IC2003,2020-01-03 13:25:35.400,5345.0000,53362,0,7987292840.000,0,-,-,-,-,5344.8000,5344.6000,5343.8000,5343.4000,5343.0000,5345.4000,5345.6000,5346.0000,5347.0000,5347.4000,1,1,1,1,3,1,3,2,3,1
SF,IC2003,2020-01-03 13:25:35.900,5345.0000,53362,0,7987292840.000,0,-,-,-,-,5344.8000,5344.6000,5343.8000,5343.4000,5343.0000,5345.4000,5345.6000,5346.0000,5347.0000,5347.4000,1,1,1,1,3,1,3,2,3,1
SF,IC2003,2020-01-03 13:25:40.400,5345.0000,53362,0,7987292840.000,0,-,-,-,-,5344.8000,5344.6000,5343.8000,5343.4000,5343.0000,5345.4000,5345.6000,5346.0000,5347.0000,5347.4000,1,1,1,1,3,1,3,2,3,1
SF,IC2003,2020-01-03 13:25:40.900,5345.4000,53362,0,7988361920.000,1,0,1,空换,B,5344.8000,5343.8000,5343.4000,5343.0000,5342.4000,5345.6000,5346.0000,5347.0000,5347.4000,5347.6000,1,1,1,3,1,3,2,3,1,1
SF,IC2003,2020-01-03 13:25:41.400,5345.4000,53362,0,7988361920.000,0,-,-,-,-,5345.4000,5344.8000,5343.8000,5343.4000,5343.0000,5345.6000,5346.0000,5347.0000,5347.4000,5347.6000,1,1,1,1,3,3,2,3,1,1
SF,IC2003,2020-01-03 13:25:41.900,5345.4000,53362,0,7989431000.000,1,0,1,空换,B,5344.8000,5343.8000,5343.4000,5343.0000,5342.4000,5345.6000,5346.0000,5347.0000,5347.4000,5347.6000,1,1,1,3,1,3,2,3,1,1
SF,IC2003,2020-01-03 13:25:42.400,5345.4000,53362,0,7989431000.000,0,-,-,-,-,5345.4000,5344.8000,5343.8000,5343.4000,5343.0000,5345.6000,5346.0000,5347.0000,5347.4000,5347.6000,2,1,1,1,3,3,2,3,1,1
SF,IC2003,2020-01-03 13:25:42.900,5345.6000,53364,2,7992638360.000,3,2,1,多开,B,5345.8000,5345.6000,5344.8000,5343.8000,5343.4000,5346.0000,5347.0000,5347.4000,5347.6000,5347.8000,3,3,1,1,1,2,3,1,1,2
SF,IC2003,2020-01-03 13:25:43.400,5346.0000,53364,0,7995845960.000,3,1,2,空换,B,5346.6000,5346.2000,5346.0000,5345.8000,5345.6000,5347.0000,5347.4000,5347.6000,5347.8000,5348.0000,3,1,2,2,1,3,1,1,2,2
SF,IC2003,2020-01-03 13:25:43.900,5346.0000,53364,0,7995845960.000,0,-,-,-,-,5346.8000,5346.0000,5345.8000,5345.6000,5344.8000,5347.0000,5347.4000,5347.6000,5347.8000,5348.0000,1,2,2,1,1,3,1,1,2,2
SF,IC2003,2020-01-03 13:25:44.400,5346.8000,53365,1,7996915320.000,1,1,0,双开,B,5346.8000,5345.8000,5345.6000,5344.8000,5343.4000,5347.0000,5347.4000,5347.6000,5347.8000,5348.0000,2,2,1,1,1,3,1,1,2,2
SF,IC2003,2020-01-03 13:25:44.900,5346.8000,53365,0,7997984680.000,1,0,1,空换,B,5346.8000,5345.8000,5345.6000,5344.8000,5343.4000,5347.0000,5347.4000,5347.6000,5347.8000,5348.0000,1,2,1,1,1,3,1,1,2,2
SF,IC2003,2020-01-03 13:25:45.400,5346.8000,53365,0,7999054040.000,1,0,1,空换,B,5345.8000,5345.6000,5344.8000,5343.4000,5343.0000,5347.0000,5347.4000,5347.6000,5347.8000,5348.0000,2,1,1,1,3,3,1,1,2,2
SF,IC2003,2020-01-03 13:25:45.900,5346.8000,53365,0,7999054040.000,0,-,-,-,-,5346.0000,5345.8000,5345.6000,5344.8000,5343.4000,5346.8000,5347.0000,5347.4000,5347.6000,5347.8000,1,2,1,1,1,2,3,1,1,2
SF,IC2003,2020-01-03 13:25:46.400,5346.8000,53365,0,7999054040.000,0,-,-,-,-,5346.0000,5345.8000,5345.6000,5343.4000,5343.0000,5347.0000,5347.4000,5347.6000,5347.8000,5348.0000,1,2,1,1,3,3,1,1,2,2
SF,IC2003,2020-01-03 13:25:46.900,5346.8000,53365,0,7999054040.000,0,-,-,-,-,5346.2000,5346.0000,5345.8000,5345.6000,5343.4000,5347.0000,5347.4000,5347.6000,5347.8000,5348.0000,1,1,2,1,1,3,1,1,2,2
SF,IC2003,2020-01-03 13:25:49.400,5347.0000,53366,1,8000123440.000,1,1,0,双开,B,5346.2000,5346.0000,5345.8000,5345.6000,5343.4000,5347.0000,5347.4000,5347.6000,5347.8000,5348.0000,1,1,2,1,1,2,1,1,2,2
SF,IC2003,2020-01-03 13:25:49.900,5347.0000,53366,0,8000123440.000,0,-,-,-,-,5346.2000,5346.0000,5345.8000,5345.6000,5343.4000,5346.8000,5347.0000,5347.4000,5347.6000,5347.8000,1,1,2,1,1,2,2,1,1,2
SF,IC2003,2020-01-03 13:25:50.400,5347.0000,53366,0,8000123440.000,0,-,-,-,-,5346.2000,5346.0000,5345.8000,5345.6000,5343.4000,5347.0000,5347.4000,5347.6000,5347.8000,5348.0000,1,1,2,1,1,2,1,1,2,2
SF,IC2003,2020-01-03 13:25:50.900,5347.0000,53366,0,8000123440.000,0,-,-,-,-,5346.2000,5346.0000,5345.8000,5343.4000,5343.0000,5347.0000,5347.4000,5347.6000,5347.8000,5348.0000,1,1,2,1,3,2,1,1,2,2
SF,IC2003,2020-01-03 13:25:51.900,5347.0000,53366,0,8000123440.000,0,-,-,-,-,5346.4000,5346.2000,5346.0000,5345.8000,5343.4000,5347.0000,5347.4000,5347.6000,5347.8000,5348.0000,1,1,1,2,1,2,1,1,2,2
SF,IC2003,2020-01-03 13:25:52.400,5346.4000,53365,-1,8001192720.000,1,0,1,双平,B,5346.2000,5346.0000,5345.8000,5343.4000,5343.0000,5347.0000,5347.4000,5347.6000,5347.8000,5348.0000,1,1,2,1,3,2,1,1,2,2
SF,IC2003,2020-01-03 13:25:53.900,5346.4000,53365,0,8001192720.000,0,-,-,-,-,5346.2000,5346.0000,5345.8000,5343.4000,5343.0000,5347.0000,5347.4000,5347.6000,5347.8000,5348.0000,1,1,2,1,3,2,1,1,2,2
SF,IC2003,2020-01-03 13:25:54.400,5346.4000,53365,0,8001192720.000,0,-,-,-,-,5346.2000,5345.8000,5343.4000,5343.0000,5342.4000,5346.8000,5347.0000,5347.4000,5347.6000,5347.8000,1,2,1,3,1,2,2,1,1,2
SF,IC2003,2020-01-03 13:25:54.900,5346.2000,53365,0,8002261960.000,1,0,1,空换,B,5345.8000,5343.4000,5343.0000,5342.4000,5342.2000,5346.8000,5347.0000,5347.4000,5347.6000,5347.8000,2,1,3,1,1,2,2,1,1,2
SF,IC2003,2020-01-03 13:25:55.400,5346.2000,53365,0,8002261960.000,0,-,-,-,-,5345.8000,5343.4000,5343.0000,5342.4000,5342.2000,5346.6000,5346.8000,5347.0000,5347.4000,5347.6000,2,1,3,1,1,2,2,2,1,1
SF,IC2003,2020-01-03 13:25:55.900,5346.4000,53366,1,8003331240.000,1,1,0,双开,B,5346.0000,5345.8000,5343.4000,5343.0000,5342.4000,5346.6000,5347.0000,5347.4000,5347.6000,5347.8000,1,2,1,3,1,2,2,1,1,2
SF,IC2003,2020-01-03 13:25:59.400,5346.0000,53365,-1,8004400440.000,1,0,1,双平,B,5345.8000,5343.4000,5343.0000,5342.4000,5342.2000,5346.6000,5347.0000,5347.4000,5347.6000,5347.8000,2,1,3,1,1,2,2,1,1,2
SF,IC2003,2020-01-03 13:25:59.900,5346.0000,53365,0,8004400440.000,0,-,-,-,-,5345.8000,5343.4000,5343.0000,5342.4000,5342.2000,5346.4000,5346.6000,5347.0000,5347.4000,5347.6000,2,1,3,1,1,3,2,2,1,1
SF,IC2003,2020-01-03 13:26:00.400,5345.8000,53366,1,8005469600.000,1,1,0,双开,B,5345.8000,5343.4000,5343.0000,5342.4000,5342.2000,5346.2000,5346.4000,5346.6000,5347.0000,5347.4000,1,1,3,1,1,1,3,1,2,1
SF,IC2003,2020-01-03 13:26:00.900,5345.8000,53367,1,8006538760.000,1,1,0,双开,B,5343.4000,5343.0000,5342.4000,5342.2000,5342.0000,5346.2000,5346.4000,5346.6000,5347.0000,5347.4000,1,3,1,1,2,1,3,1,2,1
SF,IC2003,2020-01-03 13:26:01.400,5345.8000,53367,0,8006538760.000,0,-,-,-,-,5344.4000,5344.0000,5343.8000,5343.6000,5343.4000,5346.0000,5346.2000,5346.4000,5346.6000,5347.0000,1,1,1,3,1,1,1,1,1,2
SF,IC2003,2020-01-03 13:26:01.900,5345.8000,53367,0,8006538760.000,0,-,-,-,-,5344.6000,5344.4000,5344.0000,5343.8000,5343.6000,5345.8000,5346.6000,5347.0000,5347.4000,5347.6000,2,1,1,1,1,2,1,2,1,1
SF,IC2003,2020-01-03 13:26:02.400,5345.8000,53367,0,8006538760.000,0,-,-,-,-,5344.6000,5344.4000,5344.0000,5343.8000,5343.6000,5346.4000,5346.6000,5347.0000,5347.4000,5347.6000,2,1,1,1,1,2,1,2,1,1
SF,IC2003,2020-01-03 13:26:02.900,5345.8000,53367,0,8006538760.000,0,-,-,-,-,5344.8000,5344.6000,5344.4000,5344.0000,5343.8000,5346.2000,5346.4000,5346.6000,5347.0000,5347.4000,1,2,1,1,1,2,2,1,2,1
SF,IC2003,2020-01-03 13:26:03.400,5346.0000,53368,1,8007607960.000,1,1,0,双开,B,5344.8000,5344.6000,5344.4000,5344.0000,5343.8000,5346.0000,5346.2000,5346.6000,5347.0000,5347.4000,1,2,1,1,1,1,2,1,2,1
SF,IC2003,2020-01-03 13:26:04.900,5346.0000,53368,0,8007607960.000,0,-,-,-,-,5344.6000,5344.4000,5344.0000,5343.8000,5343.6000,5346.0000,5346.2000,5346.6000,5347.0000,5347.4000,2,1,1,1,1,1,2,1,2,1
SF,IC2003,2020-01-03 13:26:06.900,5346.0000,53368,0,8007607960.000,0,-,-,-,-,5344.6000,5344.4000,5344.0000,5343.8000,5343.6000,5346.0000,5346.2000,5346.6000,5347.0000,5347.4000,2,1,1,1,1,2,2,1,2,1
SF,IC2003,2020-01-03 13:26:07.400,5346.0000,53368,0,8007607960.000,0,-,-,-,-,5344.6000,5344.4000,5344.0000,5343.8000,5343.6000,5345.8000,5346.0000,5346.6000,5347.0000,5347.4000,2,1,1,1,1,2,2,1,2,1
SF,IC2003,2020-01-03 13:26:07.900,5346.0000,53368,0,8007607960.000,0,-,-,-,-,5344.6000,5344.4000,5344.0000,5343.8000,5343.6000,5345.6000,5345.8000,5346.0000,5346.6000,5347.0000,2,1,1,1,1,1,2,1,1,2
SF,IC2003,2020-01-03 13:26:08.400,5346.0000,53368,0,8007607960.000,0,-,-,-,-,5344.6000,5344.4000,5344.0000,5343.8000,5343.6000,5345.6000,5345.8000,5346.0000,5347.0000,5347.4000,2,1,1,1,1,1,2,1,2,1
SF,IC2003,2020-01-03 13:26:10.400,5346.0000,53368,0,8007607960.000,0,-,-,-,-,5344.6000,5344.4000,5344.0000,5343.8000,5343.6000,5345.4000,5345.6000,5345.8000,5346.0000,5347.0000,2,1,1,1,1,1,1,2,1,2
SF,IC2003,2020-01-03 13:26:10.900,5346.0000,53368,0,8007607960.000,0,-,-,-,-,5344.4000,5344.0000,5343.8000,5343.6000,5343.4000,5345.2000,5345.4000,5345.8000,5346.0000,5347.0000,1,1,1,1,1,1,1,2,1,2
SF,IC2003,2020-01-03 13:26:11.400,5346.0000,53368,0,8007607960.000,0,-,-,-,-,5344.4000,5344.0000,5343.8000,5343.6000,5343.4000,5345.2000,5345.4000,5345.8000,5346.0000,5347.0000,1,1,1,1,1,1,1,2,1,2
SF,IC2003,2020-01-03 13:26:11.900,5346.0000,53368,0,8007607960.000,0,-,-,-,-,5344.4000,5344.0000,5343.8000,5343.6000,5343.4000,5345.2000,5345.4000,5345.8000,5346.0000,5347.0000,1,1,1,1,1,2,1,2,1,2
SF,IC2003,2020-01-03 13:26:12.400,5346.0000,53368,0,8007607960.000,0,-,-,-,-,5344.0000,5343.8000,5343.6000,5343.4000,5343.0000,5345.2000,5345.4000,5345.8000,5346.0000,5347.0000,1,1,1,1,3,2,1,2,1,2
SF,IC2003,2020-01-03 13:26:12.900,5346.0000,53368,0,8007607960.000,0,-,-,-,-,5344.2000,5344.0000,5343.8000,5343.6000,5343.4000,5345.2000,5345.4000,5345.8000,5346.0000,5347.0000,2,1,1,1,1,2,1,2,1,2
SF,IC2003,2020-01-03 13:26:13.400,5346.0000,53368,0,8007607960.000,0,-,-,-,-,5344.2000,5343.8000,5343.6000,5343.4000,5343.0000,5345.2000,5345.4000,5345.8000,5346.0000,5347.0000,2,1,1,1,3,2,1,2,1,2
SF,IC2003,2020-01-03 13:26:14.400,5344.2000,53368,0,8008676800.000,1,0,1,空换,B,5344.2000,5343.8000,5343.6000,5343.4000,5343.0000,5345.2000,5345.4000,5345.8000,5346.0000,5347.0000,1,1,1,1,3,2,1,2,1,2
SF,IC2003,2020-01-03 13:26:14.900,5344.2000,53368,0,8008676800.000,0,-,-,-,-,5344.4000,5343.8000,5343.6000,5343.4000,5343.0000,5345.0000,5345.2000,5345.4000,5346.0000,5347.0000,1,1,1,1,3,2,2,1,1,2
SF,IC2003,2020-01-03 13:26:15.400,5344.2000,53368,0,8008676800.000,0,-,-,-,-,5343.8000,5343.6000,5343.4000,5343.0000,5342.4000,5345.0000,5346.0000,5347.0000,5347.4000,5347.6000,1,1,1,3,1,2,1,2,1,1
SF,IC2003,2020-01-03 13:26:15.900,5344.2000,53368,0,8008676800.000,0,-,-,-,-,5344.0000,5343.8000,5343.6000,5343.4000,5343.0000,5344.8000,5345.0000,5346.0000,5347.0000,5347.4000,2,1,1,1,3,1,2,1,2,1
SF,IC2003,2020-01-03 13:26:16.400,5344.2000,53368,0,8008676800.000,0,-,-,-,-,5344.6000,5344.0000,5343.8000,5343.6000,5343.4000,5344.8000,5345.0000,5346.0000,5347.0000,5347.4000,1,2,1,1,1,1,2,1,2,1
SF,IC2003,2020-01-03 13:26:16.900,5344.2000,53368,0,8008676800.000,0,-,-,-,-,5344.0000,5343.8000,5343.6000,5343.4000,5343.0000,5344.8000,5345.0000,5346.0000,5347.0000,5347.4000,2,1,1,1,3,1,2,1,2,1
SF,IC2003,2020-01-03 13:26:17.400,5344.8000,53367,-1,8009745760.000,1,0,1,双平,B,5344.6000,5344.2000,5344.0000,5343.8000,5343.6000,5345.0000,5346.0000,5347.0000,5347.4000,5347.6000,2,1,2,1,1,2,1,2,1,1
SF,IC2003,2020-01-03 13:26:17.900,5346.0000,53371,4,8015090960.000,5,4,1,多开,B,5345.2000,5344.2000,5344.0000,5343.8000,5343.6000,5347.0000,5347.4000,5347.6000,5347.8000,5348.0000,1,1,2,1,1,2,1,1,2,2
SF,IC2003,2020-01-03 13:26:18.400,5346.0000,53371,0,8015090960.000,0,-,-,-,-,5345.8000,5345.4000,5345.2000,5344.0000,5343.8000,5346.2000,5346.6000,5346.8000,5347.0000,5347.4000,1,1,1,2,1,2,3,3,2,1
SF,IC2003,2020-01-03 13:26:18.900,5345.8000,53371,0,8016160120.000,1,0,1,空换,B,5345.4000,5345.2000,5344.0000,5343.8000,5343.6000,5345.8000,5346.2000,5346.6000,5346.8000,5347.0000,1,1,2,1,1,1,1,1,3,2
SF,IC2003,2020-01-03 13:26:19.400,5345.8000,53371,0,8016160120.000,0,-,-,-,-,5345.4000,5345.2000,5344.0000,5343.8000,5343.6000,5346.2000,5346.6000,5346.8000,5347.0000,5347.4000,1,1,3,1,1,1,1,3,2,1
SF,IC2003,2020-01-03 13:26:19.900,5345.8000,53371,0,8016160120.000,0,-,-,-,-,5345.4000,5345.2000,5344.0000,5343.8000,5343.6000,5346.2000,5346.6000,5346.8000,5347.0000,5347.4000,1,1,3,1,1,1,1,2,2,1
SF,IC2003,2020-01-03 13:26:20.400,5345.8000,53371,0,8016160120.000,0,-,-,-,-,5345.6000,5345.4000,5345.2000,5344.0000,5343.8000,5346.8000,5347.0000,5347.4000,5347.6000,5347.8000,2,1,1,1,1,2,2,1,1,2
SF,IC2003,2020-01-03 13:26:20.900,5345.6000,53373,2,8018298360.000,2,2,0,双开,B,5345.4000,5345.2000,5344.0000,5343.8000,5343.6000,5346.6000,5347.0000,5347.4000,5347.6000,5347.8000,1,1,1,1,1,1,2,1,1,2
SF,IC2003,2020-01-03 13:26:21.400,5345.6000,53373,0,8018298360.000,0,-,-,-,-,5345.4000,5345.2000,5344.0000,5343.8000,5343.6000,5346.4000,5346.6000,5347.0000,5347.4000,5347.6000,1,1,1,1,1,2,1,2,1,1
SF,IC2003,2020-01-03 13:26:21.900,5345.6000,53373,0,8018298360.000,0,-,-,-,-,5345.6000,5345.4000,5345.2000,5345.0000,5343.8000,5346.2000,5346.4000,5346.6000,5347.0000,5347.4000,2,1,1,1,1,2,2,1,2,1
SF,IC2003,2020-01-03 13:26:22.400,5346.2000,53374,1,8019367600.000,1,1,0,双开,B,5345.8000,5345.6000,5345.2000,5345.0000,5343.8000,5346.2000,5346.4000,5346.6000,5347.0000,5347.4000,2,2,1,1,1,1,2,1,2,1
SF,IC2003,2020-01-03 13:26:23.900,5345.8000,53373,-1,8020436760.000,1,0,1,双平,B,5345.8000,5345.6000,5345.2000,5345.0000,5343.8000,5346.0000,5346.2000,5346.4000,5346.6000,5347.0000,1,2,1,1,1,1,1,2,1,2
SF,IC2003,2020-01-03 13:26:24.400,5345.8000,53373,0,8020436760.000,0,-,-,-,-,5345.8000,5345.6000,5345.2000,5345.0000,5343.8000,5346.0000,5346.2000,5346.4000,5346.6000,5347.0000,1,1,1,1,1,1,1,2,1,2
SF,IC2003,2020-01-03 13:26:25.400,5345.8000,53373,0,8021505920.000,1,0,1,空换,B,5345.6000,5345.2000,5345.0000,5343.8000,5343.4000,5346.0000,5346.2000,5346.4000,5346.6000,5347.0000,1,1,1,1,1,1,1,2,1,2
SF,IC2003,2020-01-03 13:26:25.900,5345.8000,53373,0,8021505920.000,0,-,-,-,-,5345.6000,5345.2000,5343.8000,5343.4000,5343.0000,5346.0000,5346.2000,5346.4000,5346.6000,5347.0000,1,1,1,1,3,1,1,2,1,2
SF,IC2003,2020-01-03 13:26:26.900,5345.8000,53373,0,8021505920.000,0,-,-,-,-,5345.8000,5345.6000,5345.2000,5343.8000,5343.4000,5346.0000,5346.2000,5346.4000,5346.6000,5347.0000,1,1,1,1,1,1,1,2,1,2
SF,IC2003,2020-01-03 13:26:27.400,5345.8000,53373,0,8022575080.000,1,0,1,空换,B,5345.6000,5345.2000,5343.8000,5343.4000,5343.0000,5346.0000,5346.2000,5346.4000,5346.6000,5347.0000,1,1,1,1,3,1,1,2,1,2
SF,IC2003,2020-01-03 13:26:30.900,5345.6000,53374,1,8023644200.000,1,1,0,双开,B,5345.2000,5343.8000,5343.4000,5343.0000,5342.4000,5345.6000,5346.0000,5346.2000,5346.4000,5346.6000,1,1,1,3,1,2,1,1,2,1
SF,IC2003,2020-01-03 13:26:31.400,5345.6000,53374,0,8023644200.000,0,-,-,-,-,5345.2000,5343.8000,5343.4000,5343.0000,5342.4000,5345.6000,5346.0000,5346.2000,5346.4000,5347.0000,1,1,1,3,1,2,1,1,2,2
SF,IC2003,2020-01-03 13:26:31.900,5345.6000,53374,0,8023644200.000,0,-,-,-,-,5345.2000,5343.8000,5343.4000,5343.0000,5342.4000,5345.6000,5346.0000,5346.2000,5346.4000,5347.0000,1,1,1,3,1,2,1,1,2,2
SF,IC2003,2020-01-03 13:26:32.900,5345.2000,53374,0,8024713240.000,1,0,1,空换,B,5343.8000,5343.4000,5343.0000,5342.4000,5342.2000,5345.6000,5346.0000,5346.2000,5346.4000,5347.0000,1,1,3,1,1,2,1,1,2,2
SF,IC2003,2020-01-03 13:26:33.400,5345.2000,53374,0,8024713240.000,0,-,-,-,-,5344.0000,5343.8000,5343.4000,5343.0000,5342.4000,5345.6000,5346.0000,5346.2000,5347.0000,5347.4000,2,1,1,3,1,2,1,1,2,1
SF,IC2003,2020-01-03 13:26:33.900,5345.4000,53376,2,8026851400.000,2,2,0,双开,B,5344.0000,5343.8000,5343.4000,5343.0000,5342.4000,5345.4000,5345.6000,5346.0000,5346.2000,5346.6000,2,1,1,3,1,1,2,1,1,1
SF,IC2003,2020-01-03 13:26:34.400,5345.4000,53376,0,8026851400.000,0,-,-,-,-,5344.2000,5344.0000,5343.8000,5343.4000,5343.0000,5345.4000,5345.6000,5346.0000,5346.2000,5347.0000,1,2,1,1,3,1,2,1,1,2
SF,IC2003,2020-01-03 13:26:34.900,5344.2000,53376,0,8027920240.000,1,0,1,空换,B,5343.4000,5343.0000,5342.4000,5342.2000,5342.0000,5344.2000,5344.4000,5345.2000,5345.4000,5345.6000,1,3,1,1,2,3,2,1,1,2
SF,IC2003,2020-01-03 13:26:35.400,5344.2000,53376,0,8027920240.000,0,-,-,-,-,5343.4000,5343.0000,5342.4000,5342.2000,5342.0000,5344.0000,5344.2000,5345.4000,5345.6000,5346.0000,1,3,1,1,2,1,2,1,2,1
SF,IC2003,2020-01-03 13:26:35.900,5343.4000,53375,-1,8028988920.000,1,0,1,双平,B,5343.0000,5342.4000,5342.2000,5342.0000,5340.0000,5343.2000,5343.4000,5343.8000,5344.0000,5344.2000,3,1,1,2,1,1,3,3,2,2
SF,IC2003,2020-01-03 13:26:36.400,5343.0000,53379,4,8035400520.000,6,5,1,多开,B,5342.4000,5342.2000,5342.0000,5340.0000,5339.0000,5343.0000,5343.8000,5344.0000,5344.2000,5345.6000,1,1,2,1,1,2,3,2,2,2
SF,IC2003,2020-01-03 13:26:36.900,5342.4000,53379,0,8036469000.000,1,0,1,空换,B,5342.2000,5342.0000,5340.0000,5339.0000,5338.8000,5343.8000,5344.0000,5344.2000,5345.6000,5346.0000,1,2,1,1,1,2,2,2,2,1
SF,IC2003,2020-01-03 13:26:37.400,5342.4000,53379,0,8036469000.000,0,-,-,-,-,5342.8000,5342.2000,5342.0000,5340.0000,5339.0000,5343.8000,5344.0000,5344.2000,5345.6000,5346.0000,1,1,2,1,1,2,2,2,2,1
SF,IC2003,2020-01-03 13:26:39.900,5342.4000,53379,0,8036469000.000,0,-,-,-,-,5342.8000,5342.6000,5342.2000,5342.0000,5340.0000,5343.8000,5344.0000,5344.2000,5345.6000,5346.0000,1,1,1,2,1,2,1,2,2,1
SF,IC2003,2020-01-03 13:26:40.400,5342.4000,53379,0,8036469000.000,0,-,-,-,-,5343.0000,5342.8000,5342.6000,5342.2000,5342.0000,5344.0000,5345.6000,5346.0000,5346.2000,5347.0000,2,1,1,1,2,1,2,1,1,2
SF,IC2003,2020-01-03 13:26:40.900,5342.4000,53379,0,8036469000.000,0,-,-,-,-,5343.0000,5342.8000,5342.6000,5342.2000,5342.0000,5344.0000,5345.6000,5346.0000,5346.2000,5347.0000,2,1,1,1,2,1,2,1,1,3
SF,IC2003,2020-01-03 13:26:41.400,5342.4000,53379,0,8036469000.000,0,-,-,-,-,5343.0000,5342.8000,5342.6000,5342.2000,5342.0000,5344.0000,5345.6000,5346.0000,5346.2000,5347.0000,2,1,2,1,2,1,2,1,1,3
SF,IC2003,2020-01-03 13:26:42.400,5342.8000,53380,1,8037537560.000,1,1,0,双开,B,5343.0000,5342.8000,5342.6000,5342.2000,5342.0000,5344.0000,5345.6000,5346.0000,5346.2000,5347.0000,1,1,2,1,2,2,2,1,1,3
SF,IC2003,2020-01-03 13:26:42.900,5342.8000,53380,0,8037537560.000,0,-,-,-,-,5343.0000,5342.8000,5342.6000,5342.2000,5342.0000,5344.0000,5345.6000,5346.0000,5346.2000,5347.0000,1,1,2,1,2,2,1,1,1,3
SF,IC2003,2020-01-03 13:26:43.400,5342.8000,53380,0,8037537560.000,0,-,-,-,-,5343.0000,5342.6000,5342.2000,5342.0000,5340.0000,5344.0000,5345.6000,5346.0000,5346.2000,5347.0000,1,1,1,2,1,2,1,1,1,3
SF,IC2003,2020-01-03 13:26:43.900,5342.8000,53380,0,8037537560.000,0,-,-,-,-,5343.6000,5342.6000,5342.2000,5342.0000,5341.6000,5344.0000,5345.6000,5346.0000,5346.2000,5347.0000,1,1,1,2,1,2,1,1,1,3
SF,IC2003,2020-01-03 13:26:44.400,5343.6000,53379,-1,8038606280.000,1,0,1,双平,B,5342.6000,5342.2000,5342.0000,5341.6000,5340.0000,5344.0000,5345.6000,5346.0000,5346.2000,5347.0000,1,1,2,1,1,2,1,1,1,3
SF,IC2003,2020-01-03 13:26:44.900,5343.6000,53379,0,8038606280.000,0,-,-,-,-,5342.8000,5342.6000,5342.2000,5342.0000,5341.6000,5344.0000,5345.6000,5346.0000,5346.2000,5347.0000,2,1,1,2,1,2,1,1,1,3
SF,IC2003,2020-01-03 13:26:45.400,5343.6000,53379,0,8038606280.000,0,-,-,-,-,5342.8000,5342.6000,5342.2000,5342.0000,5341.6000,5343.8000,5344.0000,5345.6000,5346.0000,5346.2000,2,1,1,2,1,1,1,1,1,1
SF,IC2003,2020-01-03 13:26:45.900,5343.8000,53379,0,8039675040.000,1,0,1,空换,B,5343.0000,5342.8000,5342.6000,5342.2000,5342.0000,5344.0000,5345.6000,5346.0000,5346.2000,5347.0000,1,2,1,1,2,1,1,1,1,3
SF,IC2003,2020-01-03 13:26:46.400,5343.8000,53379,0,8039675040.000,0,-,-,-,-,5343.2000,5343.0000,5342.6000,5342.2000,5342.0000,5344.0000,5345.6000,5346.0000,5346.2000,5347.0000,2,1,1,1,2,1,1,1,1,3
SF,IC2003,2020-01-03 13:26:46.900,5343.8000,53379,0,8039675040.000,0,-,-,-,-,5343.2000,5343.0000,5342.6000,5342.2000,5342.0000,5344.0000,5345.6000,5346.0000,5346.2000,5347.0000,2,1,1,1,2,1,1,1,1,3
SF,IC2003,2020-01-03 13:26:47.400,5343.8000,53379,0,8039675040.000,0,-,-,-,-,5343.2000,5343.0000,5342.6000,5342.2000,5342.0000,5344.0000,5345.6000,5346.0000,5346.2000,5347.0000,2,1,1,1,2,1,1,1,1,3
SF,IC2003,2020-01-03 13:26:48.900,5343.8000,53379,0,8039675040.000,0,-,-,-,-,5343.2000,5343.0000,5342.6000,5342.2000,5342.0000,5344.0000,5345.6000,5346.0000,5346.2000,5347.0000,2,1,1,1,2,1,1,1,1,3
SF,IC2003,2020-01-03 13:26:49.400,5343.8000,53379,0,8039675040.000,0,-,-,-,-,5343.4000,5343.0000,5342.6000,5342.2000,5342.0000,5344.0000,5345.6000,5346.0000,5346.2000,5347.0000,1,1,1,1,2,1,1,1,1,3
SF,IC2003,2020-01-03 13:26:49.900,5343.8000,53379,0,8039675040.000,0,-,-,-,-,5343.4000,5343.0000,5342.2000,5342.0000,5341.8000,5344.0000,5345.6000,5346.0000,5346.2000,5347.0000,1,1,1,2,1,1,1,1,1,3
SF,IC2003,2020-01-03 13:26:51.400,5343.8000,53379,0,8039675040.000,0,-,-,-,-,5343.4000,5343.0000,5342.2000,5342.0000,5341.8000,5344.0000,5345.6000,5346.0000,5346.2000,5347.0000,1,1,1,2,1,1,1,1,1,3
SF,IC2003,2020-01-03 13:26:52.400,5343.4000,53379,0,8040743720.000,1,0,1,空换,B,5343.0000,5342.2000,5342.0000,5341.8000,5341.6000,5344.0000,5345.6000,5346.0000,5346.2000,5347.0000,1,1,2,1,1,1,1,1,1,3
SF,IC2003,2020-01-03 13:26:52.900,5343.4000,53379,0,8040743720.000,0,-,-,-,-,5343.0000,5342.2000,5342.0000,5341.8000,5341.6000,5343.8000,5344.0000,5345.6000,5346.0000,5346.2000,1,1,2,1,1,2,1,1,1,1
SF,IC2003,2020-01-03 13:26:56.400,5343.4000,53379,0,8040743720.000,0,-,-,-,-,5343.0000,5342.2000,5342.0000,5341.8000,5341.6000,5343.8000,5344.0000,5345.6000,5346.0000,5346.2000,1,1,2,1,1,2,1,1,1,1
SF,IC2003,2020-01-03 13:26:56.900,5343.4000,53379,0,8040743720.000,0,-,-,-,-,5343.0000,5342.2000,5342.0000,5341.8000,5341.6000,5343.8000,5344.0000,5345.6000,5346.0000,5346.2000,1,1,2,1,1,2,1,1,1,1
SF,IC2003,2020-01-03 13:26:58.900,5343.4000,53379,0,8040743720.000,0,-,-,-,-,5343.0000,5342.2000,5342.0000,5341.8000,5341.6000,5343.8000,5344.0000,5345.6000,5346.0000,5346.2000,1,1,2,1,1,2,1,1,1,1
SF,IC2003,2020-01-03 13:26:59.400,5343.4000,53379,0,8040743720.000,0,-,-,-,-,5343.0000,5342.2000,5342.0000,5341.8000,5341.4000,5343.8000,5344.0000,5345.6000,5346.0000,5346.2000,1,1,2,1,1,2,1,1,1,1
SF,IC2003,2020-01-03 13:27:00.400,5343.0000,53379,0,8041812320.000,1,0,1,空换,B,5342.2000,5342.0000,5341.8000,5341.4000,5340.0000,5343.8000,5344.0000,5345.6000,5346.0000,5346.2000,1,2,1,1,1,2,1,1,1,1
SF,IC2003,2020-01-03 13:27:01.900,5343.0000,53379,0,8041812320.000,0,-,-,-,-,5342.4000,5342.2000,5342.0000,5341.8000,5341.4000,5343.8000,5344.0000,5345.6000,5346.0000,5346.2000,1,1,2,1,1,2,1,1,1,1
SF,IC2003,2020-01-03 13:27:02.400,5343.0000,53379,0,8041812320.000,0,-,-,-,-,5342.8000,5342.6000,5342.4000,5342.2000,5342.0000,5343.8000,5344.0000,5345.6000,5346.0000,5346.2000,1,2,1,1,2,2,1,1,1,1
SF,IC2003,2020-01-03 13:27:02.900,5343.0000,53379,0,8041812320.000,0,-,-,-,-,5342.8000,5342.6000,5342.4000,5342.2000,5342.0000,5343.0000,5343.8000,5344.0000,5345.6000,5346.0000,1,2,1,1,2,3,2,1,1,1
SF,IC2003,2020-01-03 13:27:03.400,5343.0000,53382,3,8045018120.000,3,3,0,双开,B,5342.8000,5342.6000,5342.4000,5342.2000,5342.0000,5343.8000,5344.0000,5345.6000,5346.0000,5346.2000,1,2,1,1,2,2,1,1,1,1
SF,IC2003,2020-01-03 13:27:03.900,5343.0000,53382,0,8045018120.000,0,-,-,-,-,5342.8000,5342.6000,5342.4000,5342.2000,5342.0000,5343.6000,5343.8000,5344.0000,5345.6000,5346.0000,1,2,1,1,2,1,2,1,1,1
SF,IC2003,2020-01-03 13:27:04.400,5343.6000,53381,-1,8046086840.000,1,0,1,双平,B,5342.8000,5342.6000,5342.4000,5342.2000,5342.0000,5344.0000,5345.6000,5346.0000,5346.2000,5346.6000,1,2,1,1,2,1,1,1,1,2
SF,IC2003,2020-01-03 13:27:04.900,5343.6000,53381,0,8046086840.000,0,-,-,-,-,5343.0000,5342.8000,5342.4000,5342.2000,5342.0000,5344.0000,5345.6000,5346.0000,5346.2000,5346.6000,4,1,1,1,2,1,1,1,1,2
SF,IC2003,2020-01-03 13:27:05.400,5344.0000,53381,0,8048224320.000,2,1,1,空换,B,5343.0000,5342.4000,5342.2000,5342.0000,5341.8000,5345.6000,5346.0000,5346.2000,5346.6000,5347.0000,4,1,1,2,1,1,1,1,2,3
SF,IC2003,2020-01-03 13:27:05.900,5344.0000,53381,0,8048224320.000,0,-,-,-,-,5343.6000,5343.4000,5343.2000,5343.0000,5342.4000,5345.2000,5345.4000,5345.6000,5346.0000,5346.2000,1,1,5,4,1,2,2,1,1,1
SF,IC2003,2020-01-03 13:27:06.400,5344.0000,53381,0,8048224320.000,0,-,-,-,-,5343.8000,5343.6000,5343.4000,5343.2000,5343.0000,5345.2000,5345.6000,5346.0000,5346.2000,5346.6000,4,2,1,4,1,1,1,1,1,2
SF,IC2003,2020-01-03 13:27:06.900,5344.0000,53381,0,8048224320.000,0,-,-,-,-,5344.0000,5343.8000,5343.6000,5343.4000,5343.0000,5345.0000,5345.2000,5345.6000,5346.0000,5346.2000,1,3,1,1,1,2,1,1,1,1
SF,IC2003,2020-01-03 13:27:07.400,5344.0000,53381,0,8048224320.000,0,-,-,-,-,5344.0000,5343.8000,5343.4000,5343.0000,5342.4000,5345.0000,5345.2000,5345.6000,5346.0000,5346.2000,1,1,1,1,1,2,1,1,1,1
SF,IC2003,2020-01-03 13:27:07.900,5344.0000,53381,0,8048224320.000,0,-,-,-,-,5344.0000,5343.8000,5343.4000,5343.0000,5342.4000,5345.0000,5345.2000,5345.6000,5346.0000,5346.2000,1,1,1,1,1,2,1,1,1,1
SF,IC2003,2020-01-03 13:27:10.400,5344.0000,53381,0,8048224320.000,0,-,-,-,-,5344.0000,5343.4000,5343.0000,5342.4000,5342.2000,5345.0000,5345.2000,5345.6000,5346.0000,5346.2000,1,1,1,1,1,2,1,1,1,1
SF,IC2003,2020-01-03 13:27:10.900,5344.0000,53381,0,8048224320.000,0,-,-,-,-,5344.2000,5344.0000,5343.4000,5343.0000,5342.4000,5345.0000,5345.2000,5345.6000,5346.0000,5346.2000,1,1,1,1,1,2,1,1,1,1
SF,IC2003,2020-01-03 13:27:11.400,5344.2000,53381,0,8049293160.000,1,0,1,空换,B,5344.0000,5343.4000,5343.0000,5342.4000,5342.2000,5345.0000,5345.2000,5345.6000,5346.0000,5346.2000,1,1,1,1,1,2,1,1,1,1
SF,IC2003,2020-01-03 13:27:12.400,5344.0000,53382,1,8050361960.000,1,1,0,双开,B,5343.4000,5343.0000,5342.4000,5342.2000,5342.0000,5345.0000,5345.2000,5345.6000,5346.0000,5346.2000,1,1,1,1,2,2,1,1,1,1
SF,IC2003,2020-01-03 13:27:12.900,5344.0000,53382,0,8050361960.000,0,-,-,-,-,5343.4000,5343.0000,5342.4000,5342.2000,5342.0000,5344.0000,5345.0000,5345.2000,5345.6000,5346.0000,1,1,1,1,2,1,2,1,1,1
SF,IC2003,2020-01-03 13:27:16.400,5344.0000,53382,0,8050361960.000,0,-,-,-,-,5343.4000,5343.0000,5342.4000,5342.2000,5342.0000,5344.0000,5345.0000,5345.2000,5345.6000,5346.0000,1,1,1,1,2,1,2,1,1,1
SF,IC2003,2020-01-03 13:27:17.900,5344.0000,53382,0,8050361960.000,0,-,-,-,-,5343.4000,5343.0000,5342.4000,5342.2000,5342.0000,5344.0000,5345.0000,5345.2000,5345.6000,5346.0000,1,1,1,2,2,1,2,1,1,1
SF,IC2003,2020-01-03 13:27:18.900,5344.0000,53382,0,8050361960.000,0,-,-,-,-,5343.0000,5342.4000,5342.2000,5342.0000,5341.8000,5343.4000,5344.0000,5345.0000,5345.2000,5345.6000,1,1,2,2,1,2,1,2,1,1
SF,IC2003,2020-01-03 13:27:19.400,5343.4000,53382,0,8052499320.000,2,1,1,空换,B,5343.2000,5343.0000,5342.4000,5342.2000,5342.0000,5344.0000,5345.0000,5345.6000,5346.0000,5346.2000,1,1,1,2,2,1,2,1,1,1
SF,IC2003,2020-01-03 13:27:19.900,5343.0000,53382,0,8054636560.000,2,1,1,空换,B,5342.2000,5342.0000,5341.8000,5341.4000,5340.0000,5343.2000,5343.8000,5344.0000,5345.6000,5346.0000,2,2,1,1,1,3,2,1,1,1
SF,IC2003,2020-01-03 13:27:20.400,5343.0000,53382,0,8054636560.000,0,-,-,-,-,5342.6000,5342.2000,5342.0000,5341.8000,5341.4000,5343.0000,5344.0000,5345.6000,5346.0000,5346.2000,2,2,2,1,1,2,1,1,1,1
SF,IC2003,2020-01-03 13:27:20.900,5342.6000,53381,-1,8056773600.000,2,0,2,空平,B,5342.2000,5342.0000,5341.8000,5341.4000,5340.0000,5342.4000,5342.6000,5342.8000,5343.0000,5344.0000,2,2,1,1,1,1,2,1,2,1
SF,IC2003,2020-01-03 13:27:21.400,5342.0000,53380,-1,8059978880.000,3,1,2,空平,B,5342.0000,5341.8000,5341.4000,5340.0000,5339.0000,5342.2000,5342.4000,5342.8000,5344.0000,5345.6000,1,1,1,1,1,4,1,1,1,1
SF,IC2003,2020-01-03 13:27:21.900,5341.8000,53380,0,8062115640.000,2,1,1,空换,B,5341.4000,5340.0000,5339.0000,5338.8000,5338.6000,5342.0000,5342.2000,5342.4000,5342.8000,5344.0000,1,1,1,1,1,1,4,1,1,1
SF,IC2003,2020-01-03 13:27:22.400,5341.8000,53380,0,8062115640.000,0,-,-,-,-,5341.6000,5341.4000,5340.0000,5339.0000,5338.8000,5342.2000,5342.4000,5342.8000,5344.0000,5345.6000,1,1,1,1,1,4,1,1,1,1
SF,IC2003,2020-01-03 13:27:22.900,5342.2000,53379,-1,8063184080.000,1,0,1,双平,B,5341.6000,5341.4000,5340.0000,5339.0000,5338.8000,5342.2000,5342.4000,5342.8000,5344.0000,5345.6000,1,1,1,1,1,1,1,1,1,1
SF,IC2003,2020-01-03 13:27:24.900,5342.2000,53379,0,8064252520.000,1,0,1,空换,B,5341.6000,5341.4000,5340.0000,5339.0000,5338.8000,5342.4000,5342.8000,5344.0000,5345.6000,5346.0000,1,1,1,1,1,1,1,1,1,1
SF,IC2003,2020-01-03 13:27:25.400,5342.2000,53379,0,8064252520.000,0,-,-,-,-,5341.8000,5341.6000,5341.4000,5340.0000,5339.0000,5342.4000,5342.8000,5344.0000,5345.6000,5346.0000,3,1,1,1,1,1,1,1,1,1
SF,IC2003,2020-01-03 13:27:25.900,5342.4000,53379,0,8065321000.000,1,0,1,空换,B,5341.8000,5341.6000,5341.4000,5340.0000,5339.0000,5342.8000,5344.0000,5345.6000,5346.0000,5346.2000,3,1,1,1,1,1,1,1,1,1
SF,IC2003,2020-01-03 13:27:27.400,5342.4000,53379,0,8065321000.000,0,-,-,-,-,5342.0000,5341.8000,5341.6000,5341.4000,5340.0000,5342.8000,5344.0000,5345.6000,5346.0000,5346.2000,1,3,1,1,1,1,1,1,1,1
SF,IC2003,2020-01-03 13:27:28.900,5342.4000,53379,0,8065321000.000,0,-,-,-,-,5342.0000,5341.8000,5341.4000,5340.0000,5339.0000,5342.8000,5344.0000,5345.6000,5346.0000,5346.2000,1,3,1,1,1,1,1,1,1,1
SF,IC2003,2020-01-03 13:27:29.900,5342.4000,53379,0,8065321000.000,0,-,-,-,-,5342.2000,5342.0000,5341.8000,5341.4000,5340.0000,5342.8000,5344.0000,5345.6000,5346.0000,5346.2000,1,1,2,1,1,1,1,1,1,1
SF,IC2003,2020-01-03 13:27:30.400,5342.4000,53379,0,8065321000.000,0,-,-,-,-,5342.0000,5341.4000,5340.0000,5339.0000,5338.8000,5342.8000,5344.0000,5345.6000,5346.0000,5346.2000,1,1,1,1,1,1,1,1,1,1
SF,IC2003,2020-01-03 13:27:31.900,5342.4000,53379,0,8065321000.000,0,-,-,-,-,5342.0000,5341.4000,5340.0000,5339.0000,5338.8000,5342.8000,5344.0000,5345.6000,5346.0000,5346.2000,1,1,1,1,1,1,1,1,1,1
SF,IC2003,2020-01-03 13:27:33.900,5342.4000,53379,0,8065321000.000,0,-,-,-,-,5342.4000,5342.0000,5341.4000,5340.0000,5339.0000,5342.8000,5344.0000,5345.6000,5346.0000,5346.2000,1,1,1,1,1,1,1,1,1,1
SF,IC2003,2020-01-03 13:27:35.400,5342.8000,53380,1,8066389560.000,1,1,0,双开,B,5342.4000,5342.0000,5341.4000,5340.0000,5339.0000,5344.0000,5345.6000,5346.0000,5346.2000,5346.6000,1,1,1,1,1,1,1,1,1,2
SF,IC2003,2020-01-03 13:27:35.900,5342.8000,53380,0,8066389560.000,0,-,-,-,-,5342.6000,5342.4000,5342.0000,5341.4000,5340.0000,5344.0000,5345.6000,5346.0000,5346.2000,5346.6000,2,1,1,1,1,1,1,1,1,2
SF,IC2003,2020-01-03 13:27:36.400,5342.8000,53380,0,8066389560.000,0,-,-,-,-,5342.6000,5342.4000,5342.0000,5341.4000,5340.0000,5343.8000,5344.0000,5345.6000,5346.0000,5346.2000,2,1,1,1,1,2,1,1,1,1
SF,IC2003,2020-01-03 13:27:36.900,5342.8000,53380,0,8066389560.000,0,-,-,-,-,5343.0000,5342.8000,5342.6000,5342.4000,5342.0000,5344.0000,5345.6000,5346.0000,5346.2000,5346.6000,1,5,2,1,1,1,1,1,1,2
SF,IC2003,2020-01-03 13:27:37.400,5342.8000,53380,0,8071732360.000,5,2,3,空换,B,5342.8000,5342.6000,5342.4000,5342.0000,5341.4000,5344.0000,5345.6000,5346.0000,5346.2000,5346.6000,3,2,1,1,1,1,1,1,1,2
SF,IC2003,2020-01-03 13:27:37.900,5342.8000,53380,0,8071732360.000,0,-,-,-,-,5343.2000,5342.8000,5342.6000,5342.4000,5342.0000,5343.8000,5344.0000,5345.6000,5346.0000,5346.2000,1,1,2,1,1,2,1,1,1,1
SF,IC2003,2020-01-03 13:27:38.400,5342.8000,53380,0,8071732360.000,0,-,-,-,-,5342.8000,5342.6000,5342.4000,5341.4000,5340.0000,5343.8000,5344.0000,5345.6000,5346.0000,5346.2000,1,2,1,1,1,2,1,1,1,1
SF,IC2003,2020-01-03 13:27:39.900,5342.8000,53380,0,8071732360.000,0,-,-,-,-,5342.8000,5342.6000,5341.4000,5340.0000,5339.0000,5343.8000,5344.0000,5345.6000,5346.0000,5346.2000,1,2,1,1,1,2,1,1,1,1
SF,IC2003,2020-01-03 13:27:40.400,5342.8000,53380,0,8071732360.000,0,-,-,-,-,5343.4000,5342.8000,5342.6000,5341.4000,5340.0000,5343.8000,5344.0000,5345.6000,5346.0000,5346.2000,1,1,2,1,1,2,1,1,1,1
SF,IC2003,2020-01-03 13:27:40.900,5342.8000,53380,0,8071732360.000,0,-,-,-,-,5343.4000,5342.8000,5341.4000,5340.0000,5339.0000,5343.8000,5344.0000,5345.6000,5346.0000,5346.2000,1,1,1,1,1,2,1,1,1,1
SF,IC2003,2020-01-03 13:27:44.900,5343.4000,53380,0,8072801040.000,1,0,1,空换,B,5342.8000,5341.4000,5340.0000,5339.0000,5338.8000,5343.4000,5343.8000,5344.0000,5345.6000,5346.0000,1,1,1,1,1,1,2,1,1,1
SF,IC2003,2020-01-03 13:27:45.400,5343.4000,53380,0,8072801040.000,0,-,-,-,-,5342.8000,5341.4000,5340.0000,5339.0000,5338.8000,5343.2000,5343.4000,5344.0000,5345.0000,5345.6000,1,1,1,1,1,2,1,1,1,1
SF,IC2003,2020-01-03 13:27:45.900,5343.4000,53380,0,8072801040.000,0,-,-,-,-,5342.8000,5341.4000,5340.0000,5339.0000,5338.8000,5343.2000,5343.4000,5344.0000,5345.0000,5345.6000,1,1,1,1,1,2,1,1,1,1
SF,IC2003,2020-01-03 13:27:46.400,5343.4000,53380,0,8072801040.000,0,-,-,-,-,5342.8000,5341.4000,5340.0000,5339.0000,5338.8000,5343.2000,5343.4000,5344.0000,5345.0000,5345.6000,2,1,1,1,1,2,1,1,1,1
SF,IC2003,2020-01-03 13:27:49.400,5343.4000,53380,0,8072801040.000,0,-,-,-,-,5342.8000,5341.4000,5340.0000,5339.0000,5338.8000,5343.2000,5343.4000,5344.0000,5345.0000,5345.6000,3,1,1,1,1,2,1,1,1,1
SF,IC2003,2020-01-03 13:27:50.900,5343.4000,53380,0,8072801040.000,0,-,-,-,-,5342.8000,5341.4000,5340.0000,5339.0000,5338.8000,5343.2000,5344.0000,5345.0000,5345.6000,5346.0000,3,1,1,1,1,2,1,1,1,1
SF,IC2003,2020-01-03 13:27:52.400,5343.4000,53380,0,8072801040.000,0,-,-,-,-,5342.8000,5341.4000,5340.0000,5339.0000,5338.8000,5343.2000,5345.0000,5345.6000,5346.0000,5346.2000,3,1,1,1,1,2,1,1,1,1
SF,IC2003,2020-01-03 13:27:55.900,5342.8000,53381,1,8073869600.000,1,1,0,双开,B,5342.8000,5341.4000,5340.0000,5339.0000,5338.8000,5343.2000,5345.0000,5345.6000,5346.0000,5346.2000,2,1,1,1,1,2,1,1,1,1
SF,IC2003,2020-01-03 13:27:56.900,5342.8000,53381,0,8077075280.000,3,1,2,空换,B,5341.4000,5340.0000,5339.0000,5338.8000,5338.6000,5343.2000,5345.0000,5345.6000,5346.0000,5346.2000,1,1,1,1,1,2,1,1,1,1
SF,IC2003,2020-01-03 13:27:57.400,5342.8000,53381,0,8077075280.000,0,-,-,-,-,5341.6000,5341.4000,5340.0000,5339.0000,5338.8000,5343.0000,5343.2000,5345.0000,5345.6000,5346.0000,2,1,1,1,1,1,2,1,1,1
SF,IC2003,2020-01-03 13:27:57.900,5342.8000,53381,0,8077075280.000,0,-,-,-,-,5342.0000,5341.4000,5340.0000,5339.0000,5338.8000,5342.8000,5343.0000,5345.0000,5345.6000,5346.0000,1,1,1,1,1,2,1,1,1,1
SF,IC2003,2020-01-03 13:27:58.900,5342.8000,53381,0,8078143840.000,1,0,1,空换,B,5342.0000,5341.4000,5340.0000,5339.0000,5338.8000,5342.8000,5343.0000,5345.0000,5345.6000,5346.0000,1,1,1,1,1,1,1,1,1,1
SF,IC2003,2020-01-03 13:28:01.900,5342.8000,53381,0,8078143840.000,0,-,-,-,-,5342.0000,5341.4000,5340.0000,5339.0000,5338.8000,5342.8000,5343.0000,5345.0000,5345.6000,5346.0000,2,1,1,1,1,1,1,1,1,1
SF,IC2003,2020-01-03 13:28:04.900,5342.0000,53384,3,8081349040.000,3,3,0,双开,B,5341.4000,5340.0000,5339.0000,5338.8000,5338.6000,5342.0000,5342.8000,5343.0000,5345.0000,5345.6000,1,1,1,1,1,2,1,1,1,1
SF,IC2003,2020-01-03 13:28:05.400,5342.0000,53386,2,8083485840.000,2,2,0,双开,B,5342.2000,5342.0000,5341.8000,5341.6000,5341.4000,5345.0000,5345.6000,5346.0000,5346.2000,5346.6000,1,4,1,6,1,1,1,1,1,2
SF,IC2003,2020-01-03 13:28:05.900,5342.0000,53386,0,8083485840.000,0,-,-,-,-,5342.6000,5342.4000,5342.0000,5341.6000,5341.4000,5344.2000,5344.6000,5344.8000,5345.0000,5345.6000,1,3,3,4,1,1,2,2,1,1
SF,IC2003,2020-01-03 13:28:06.400,5344.0000,53388,2,8085623440.000,2,2,0,双开,B,5342.8000,5342.6000,5342.0000,5341.6000,5341.4000,5344.0000,5344.2000,5345.0000,5345.6000,5346.0000,3,1,2,3,1,1,1,1,1,1
SF,IC2003,2020-01-03 13:28:06.900,5344.0000,53388,0,8085623440.000,0,-,-,-,-,5342.8000,5342.6000,5342.0000,5341.6000,5341.4000,5344.0000,5344.2000,5345.0000,5345.6000,5346.0000,3,2,2,3,1,1,1,1,1,1
SF,IC2003,2020-01-03 13:28:07.900,5344.0000,53388,0,8085623440.000,0,-,-,-,-,5342.8000,5342.6000,5342.0000,5341.6000,5341.4000,5344.0000,5344.2000,5345.0000,5345.6000,5346.0000,3,1,2,3,1,1,1,1,1,1
SF,IC2003,2020-01-03 13:28:08.400,5344.0000,53388,0,8085623440.000,0,-,-,-,-,5342.8000,5342.6000,5342.0000,5341.6000,5341.4000,5343.8000,5344.0000,5344.2000,5345.0000,5345.6000,1,1,2,3,1,2,1,1,1,1
SF,IC2003,2020-01-03 13:28:08.900,5344.0000,53388,0,8085623440.000,0,-,-,-,-,5343.0000,5342.8000,5342.6000,5342.0000,5341.6000,5344.0000,5344.2000,5345.0000,5345.6000,5346.0000,2,1,1,2,3,1,1,1,1,1
SF,IC2003,2020-01-03 13:28:09.400,5344.0000,53388,0,8085623440.000,0,-,-,-,-,5343.0000,5342.8000,5342.6000,5342.0000,5341.6000,5344.0000,5345.0000,5345.6000,5346.0000,5346.2000,2,1,1,2,3,1,1,1,1,1
SF,IC2003,2020-01-03 13:28:09.900,5344.0000,53388,0,8086692240.000,1,0,1,空换,B,5343.0000,5342.8000,5342.0000,5341.6000,5341.4000,5345.0000,5345.6000,5346.0000,5346.2000,5346.6000,2,1,2,3,1,1,1,1,1,2
SF,IC2003,2020-01-03 13:28:10.400,5344.0000,53388,0,8086692240.000,0,-,-,-,-,5343.0000,5342.8000,5341.6000,5341.4000,5340.0000,5344.8000,5345.0000,5345.6000,5346.0000,5346.2000,2,1,3,1,1,2,1,1,1,1
SF,IC2003,2020-01-03 13:28:10.900,5344.0000,53388,0,8086692240.000,0,-,-,-,-,5343.2000,5343.0000,5342.8000,5341.6000,5341.4000,5344.0000,5345.0000,5345.6000,5346.0000,5346.2000,1,2,1,3,1,2,1,1,1,1
SF,IC2003,2020-01-03 13:28:11.400,5344.0000,53388,0,8088829840.000,2,1,1,空换,B,5344.0000,5343.4000,5343.2000,5342.8000,5341.6000,5345.0000,5345.6000,5346.0000,5346.2000,5346.6000,5,3,1,1,1,1,1,1,1,2
SF,IC2003,2020-01-03 13:28:11.900,5344.0000,53388,0,8088829840.000,0,-,-,-,-,5344.4000,5344.2000,5344.0000,5343.4000,5343.2000,5345.0000,5345.6000,5346.0000,5346.2000,5346.6000,1,2,3,3,1,1,1,1,1,2
SF,IC2003,2020-01-03 13:28:12.400,5345.0000,53387,-1,8089898840.000,1,0,1,双平,B,5344.4000,5344.2000,5344.0000,5343.4000,5343.2000,5345.6000,5346.0000,5346.2000,5346.6000,5347.0000,1,2,3,3,1,1,1,1,2,3
SF,IC2003,2020-01-03 13:28:12.900,5345.0000,53387,0,8089898840.000,0,-,-,-,-,5344.4000,5344.0000,5343.4000,5343.2000,5341.6000,5345.4000,5345.6000,5346.0000,5346.2000,5346.6000,1,3,3,1,1,1,1,1,1,2
SF,IC2003,2020-01-03 13:28:17.900,5344.4000,53388,1,8090967720.000,1,1,0,双开,B,5344.0000,5343.4000,5343.2000,5341.6000,5341.4000,5344.4000,5345.4000,5345.6000,5346.0000,5346.2000,3,3,1,1,1,2,1,1,1,1
SF,IC2003,2020-01-03 13:28:18.400,5344.4000,53388,0,8093105480.000,2,1,1,空换,B,5344.0000,5343.4000,5343.2000,5341.6000,5341.4000,5345.4000,5345.6000,5346.0000,5346.2000,5346.6000,2,3,1,1,1,1,1,1,1,2
SF,IC2003,2020-01-03 13:28:18.900,5344.4000,53388,0,8093105480.000,0,-,-,-,-,5344.2000,5344.0000,5343.4000,5341.6000,5341.4000,5345.2000,5345.4000,5345.6000,5346.0000,5346.2000,2,2,3,1,1,2,1,1,1,1
SF,IC2003,2020-01-03 13:28:19.400,5344.2000,53389,1,8094174320.000,1,1,0,双开,B,5344.2000,5344.0000,5343.4000,5341.6000,5341.4000,5345.0000,5345.2000,5345.6000,5346.0000,5346.2000,1,2,3,1,1,1,2,1,1,1
SF,IC2003,2020-01-03 13:28:20.900,5344.2000,53389,0,8094174320.000,0,-,-,-,-,5344.2000,5344.0000,5343.4000,5341.6000,5341.4000,5345.0000,5345.2000,5345.6000,5346.0000,5346.2000,1,1,2,1,1,1,2,1,1,1
SF,IC2003,2020-01-03 13:28:21.400,5344.2000,53389,0,8094174320.000,0,-,-,-,-,5344.0000,5343.4000,5341.6000,5341.4000,5340.0000,5345.0000,5345.2000,5345.6000,5346.0000,5346.2000,1,2,1,1,1,1,2,1,1,1
SF,IC2003,2020-01-03 13:28:21.900,5344.2000,53389,0,8094174320.000,0,-,-,-,-,5344.0000,5343.4000,5341.6000,5341.4000,5340.0000,5344.8000,5345.0000,5345.2000,5345.6000,5346.0000,1,2,1,1,1,2,1,2,1,1
SF,IC2003,2020-01-03 13:28:22.400,5344.2000,53389,0,8094174320.000,0,-,-,-,-,5344.0000,5343.4000,5341.6000,5341.4000,5340.0000,5344.6000,5344.8000,5345.2000,5345.6000,5346.0000,1,2,1,1,1,1,2,2,1,1
SF,IC2003,2020-01-03 13:28:22.900,5344.2000,53389,0,8094174320.000,0,-,-,-,-,5344.0000,5343.4000,5341.6000,5341.4000,5340.0000,5344.4000,5344.6000,5344.8000,5345.2000,5345.6000,1,2,1,1,1,1,1,2,2,1
SF,IC2003,2020-01-03 13:28:23.400,5344.0000,53390,1,8096311920.000,2,1,1,多开,B,5343.4000,5341.6000,5341.4000,5340.0000,5339.0000,5344.4000,5344.8000,5345.2000,5345.6000,5346.0000,2,1,1,1,1,2,2,2,1,1
SF,IC2003,2020-01-03 13:28:23.900,5343.4000,53390,0,8097380600.000,1,0,1,空换,B,5341.6000,5341.4000,5340.0000,5339.0000,5338.8000,5343.6000,5344.2000,5344.4000,5345.2000,5345.6000,1,1,1,1,1,2,2,2,2,1
SF,IC2003,2020-01-03 13:28:24.400,5343.4000,53390,0,8097380600.000,0,-,-,-,-,5342.2000,5341.8000,5341.6000,5341.4000,5340.0000,5343.4000,5344.4000,5345.2000,5345.6000,5346.0000,1,3,1,1,1,2,1,2,1,1
SF,IC2003,2020-01-03 13:28:24.900,5343.4000,53390,0,8097380600.000,0,-,-,-,-,5342.2000,5341.8000,5341.6000,5341.4000,5340.0000,5343.4000,5344.4000,5345.2000,5345.6000,5346.0000,1,1,1,1,1,3,1,2,1,1
SF,IC2003,2020-01-03 13:28:25.400,5343.4000,53390,0,8097380600.000,0,-,-,-,-,5342.8000,5342.4000,5342.2000,5341.8000,5341.6000,5343.4000,5344.4000,5345.2000,5345.6000,5346.0000,1,2,1,1,1,3,1,2,1,1
SF,IC2003,2020-01-03 13:28:25.900,5342.8000,53390,0,8098449160.000,1,0,1,空换,B,5342.4000,5342.2000,5341.8000,5341.6000,5341.4000,5343.4000,5344.4000,5345.2000,5345.6000,5346.0000,2,1,1,1,1,3,1,2,1,1
SF,IC2003,2020-01-03 13:28:26.400,5342.8000,53390,0,8098449160.000,0,-,-,-,-,5342.4000,5342.2000,5341.8000,5341.6000,5341.4000,5343.4000,5345.2000,5345.6000,5346.0000,5346.2000,2,1,1,1,1,3,2,1,1,1
SF,IC2003,2020-01-03 13:28:26.900,5342.8000,53390,0,8098449160.000,0,-,-,-,-,5342.4000,5342.2000,5341.4000,5340.0000,5339.0000,5343.2000,5343.4000,5345.2000,5345.6000,5346.0000,2,1,1,1,1,1,3,2,1,1
SF,IC2003,2020-01-03 13:28:27.400,5342.8000,53390,0,8098449160.000,0,-,-,-,-,5342.2000,5341.4000,5340.0000,5339.0000,5338.8000,5343.2000,5343.4000,5345.2000,5345.6000,5346.0000,1,1,1,1,1,1,3,2,1,1
SF,IC2003,2020-01-03 13:28:27.900,5342.8000,53390,0,8098449160.000,0,-,-,-,-,5341.4000,5340.0000,5339.0000,5338.8000,5338.6000,5343.2000,5343.4000,5345.2000,5345.6000,5346.0000,1,1,1,1,1,1,3,2,1,1
SF,IC2003,2020-01-03 13:28:28.400,5342.8000,53390,0,8098449160.000,0,-,-,-,-,5341.6000,5341.4000,5340.0000,5339.0000,5338.8000,5342.8000,5343.2000,5343.4000,5345.2000,5345.6000,2,1,1,1,1,3,1,1,2,1
SF,IC2003,2020-01-03 13:28:28.900,5342.8000,53390,0,8099517720.000,1,0,1,空换,B,5341.6000,5341.4000,5340.0000,5339.0000,5338.8000,5343.2000,5343.4000,5345.2000,5345.6000,5346.0000,2,1,1,1,1,1,1,2,1,1
SF,IC2003,2020-01-03 13:28:29.400,5342.8000,53390,0,8099517720.000,0,-,-,-,-,5341.6000,5341.4000,5340.0000,5339.0000,5338.8000,5343.0000,5343.2000,5343.4000,5345.2000,5345.6000,2,1,1,1,1,2,1,1,2,1
SF,IC2003,2020-01-03 13:28:29.900,5341.4000,53390,0,8100586000.000,1,0,1,空换,B,5340.0000,5339.0000,5338.8000,5338.6000,5338.0000,5341.4000,5343.0000,5343.2000,5343.4000,5345.2000,1,1,1,1,1,1,2,1,1,2
SF,IC2003,2020-01-03 13:28:30.400,5341.4000,53391,1,8101654280.000,1,1,0,双开,B,5341.0000,5340.8000,5340.4000,5340.2000,5340.0000,5343.0000,5343.2000,5343.4000,5345.2000,5345.6000,4,1,1,4,1,2,1,1,2,1
SF,IC2003,2020-01-03 13:28:30.900,5341.4000,53391,0,8101654280.000,0,-,-,-,-,5341.2000,5340.8000,5340.4000,5340.2000,5340.0000,5342.8000,5343.0000,5343.2000,5343.4000,5345.2000,2,1,1,3,1,2,2,1,1,2
SF,IC2003,2020-01-03 13:28:31.400,5341.4000,53391,0,8101654280.000,0,-,-,-,-,5341.2000,5340.2000,5340.0000,5339.0000,5338.8000,5343.2000,5343.4000,5345.2000,5345.6000,5346.0000,2,3,1,1,1,1,1,2,1,1
SF,IC2003,2020-01-03 13:28:31.900,5341.4000,53391,0,8101654280.000,0,-,-,-,-,5341.4000,5341.2000,5340.2000,5340.0000,5339.0000,5343.2000,5343.4000,5345.2000,5345.6000,5346.0000,1,2,2,1,1,1,1,2,1,1
SF,IC2003,2020-01-03 13:28:32.400,5341.4000,53391,0,8101654280.000,0,-,-,-,-,5341.6000,5341.4000,5341.2000,5340.2000,5340.0000,5342.8000,5343.2000,5343.4000,5345.2000,5345.6000,2,1,2,2,1,1,1,1,2,1
SF,IC2003,2020-01-03 13:28:32.900,5341.4000,53391,0,8101654280.000,0,-,-,-,-,5341.6000,5341.4000,5341.2000,5340.2000,5340.0000,5343.4000,5345.2000,5345.6000,5346.0000,5346.2000,2,1,2,2,1,1,2,1,1,1
SF,IC2003,2020-01-03 13:28:33.400,5341.4000,53391,0,8101654280.000,0,-,-,-,-,5342.0000,5341.8000,5341.6000,5341.4000,5341.2000,5343.2000,5343.4000,5345.2000,5345.6000,5346.0000,1,2,2,1,1,2,1,2,1,1
SF,IC2003,2020-01-03 13:28:33.900,5341.4000,53391,0,8101654280.000,0,-,-,-,-,5342.0000,5341.8000,5341.6000,5341.4000,5341.2000,5343.0000,5343.2000,5343.4000,5345.2000,5345.6000,1,2,1,1,1,2,2,1,2,1
SF,IC2003,2020-01-03 13:28:35.900,5341.4000,53391,0,8101654280.000,0,-,-,-,-,5342.0000,5341.8000,5341.6000,5341.4000,5341.2000,5343.0000,5343.2000,5343.4000,5345.2000,5345.6000,2,2,1,1,1,2,2,1,2,1
SF,IC2003,2020-01-03 13:28:36.400,5341.4000,53391,0,8101654280.000,0,-,-,-,-,5342.6000,5342.2000,5342.0000,5341.8000,5341.6000,5343.0000,5343.2000,5343.4000,5345.2000,5345.6000,1,3,2,1,1,2,1,1,2,1
SF,IC2003,2020-01-03 13:28:36.900,5342.8000,53391,0,8102722840.000,1,0,1,空换,B,5342.6000,5342.2000,5342.0000,5341.8000,5341.6000,5343.0000,5343.2000,5343.4000,5345.2000,5345.6000,1,3,2,1,1,2,1,1,2,1
SF,IC2003,2020-01-03 13:28:37.900,5343.0000,53391,0,8103791440.000,1,0,1,空换,B,5342.6000,5342.4000,5342.2000,5342.0000,5341.6000,5343.0000,5343.2000,5343.4000,5345.2000,5345.6000,1,1,3,2,1,1,1,1,2,1
SF,IC2003,2020-01-03 13:28:38.900,5343.0000,53392,1,8104860040.000,1,1,0,双开,B,5342.6000,5342.2000,5342.0000,5341.6000,5341.2000,5343.2000,5343.4000,5345.2000,5345.6000,5346.0000,1,3,1,1,1,1,1,2,1,1
SF,IC2003,2020-01-03 13:28:39.900,5343.0000,53392,0,8104860040.000,0,-,-,-,-,5342.2000,5342.0000,5341.6000,5341.2000,5340.2000,5343.2000,5343.4000,5345.2000,5345.6000,5346.0000,1,1,1,1,2,1,1,2,1,1
SF,IC2003,2020-01-03 13:28:40.400,5343.0000,53392,0,8104860040.000,0,-,-,-,-,5342.2000,5341.6000,5341.2000,5340.2000,5340.0000,5343.2000,5343.4000,5345.2000,5345.6000,5346.0000,1,1,1,2,1,1,1,2,1,1
SF,IC2003,2020-01-03 13:28:42.400,5343.0000,53392,0,8104860040.000,0,-,-,-,-,5342.8000,5342.2000,5341.2000,5340.2000,5340.0000,5343.2000,5343.4000,5345.2000,5345.6000,5346.0000,1,1,1,2,1,1,1,2,1,1
SF,IC2003,2020-01-03 13:28:43.900,5343.0000,53392,0,8104860040.000,0,-,-,-,-,5342.8000,5342.2000,5341.8000,5341.2000,5340.2000,5343.2000,5343.4000,5345.2000,5345.6000,5346.0000,1,1,1,1,2,1,1,2,1,1
SF,IC2003,2020-01-03 13:28:44.400,5342.8000,53392,0,8105928600.000,1,0,1,空换,B,5342.2000,5341.8000,5341.2000,5340.2000,5340.0000,5343.2000,5343.4000,5345.2000,5345.6000,5346.0000,1,1,1,2,1,1,1,2,1,1
SF,IC2003,2020-01-03 13:28:45.900,5342.8000,53392,0,8105928600.000,0,-,-,-,-,5342.2000,5341.8000,5341.2000,5340.2000,5340.0000,5343.2000,5343.4000,5345.2000,5345.6000,5346.0000,1,1,1,2,1,1,1,2,1,1
SF,IC2003,2020-01-03 13:28:46.900,5342.8000,53392,0,8105928600.000,0,-,-,-,-,5341.8000,5341.2000,5340.2000,5340.0000,5339.0000,5343.2000,5343.4000,5345.2000,5345.6000,5346.0000,1,1,2,1,1,1,1,2,1,1
SF,IC2003,2020-01-03 13:28:51.900,5342.8000,53392,0,8105928600.000,0,-,-,-,-,5341.8000,5341.2000,5341.0000,5340.2000,5340.0000,5343.2000,5343.4000,5345.2000,5345.6000,5346.0000,1,1,2,2,1,1,1,2,1,1
SF,IC2003,2020-01-03 13:28:52.400,5342.8000,53392,0,8105928600.000,0,-,-,-,-,5342.0000,5341.8000,5341.2000,5341.0000,5340.2000,5343.2000,5343.4000,5345.2000,5345.6000,5346.0000,2,1,1,2,2,1,1,2,1,1
SF,IC2003,2020-01-03 13:28:52.900,5342.8000,53392,0,8105928600.000,0,-,-,-,-,5341.2000,5341.0000,5340.2000,5340.0000,5339.0000,5343.0000,5343.2000,5343.4000,5345.2000,5345.6000,1,2,2,1,1,2,1,1,2,1
SF,IC2003,2020-01-03 13:28:53.400,5342.8000,53392,0,8105928600.000,0,-,-,-,-,5341.4000,5341.2000,5341.0000,5340.2000,5340.0000,5343.0000,5343.2000,5343.4000,5345.2000,5345.6000,2,1,2,2,1,2,1,1,2,1
SF,IC2003,2020-01-03 13:28:54.400,5342.8000,53392,0,8105928600.000,0,-,-,-,-,5341.4000,5341.2000,5341.0000,5340.2000,5340.0000,5342.8000,5343.0000,5343.2000,5343.4000,5345.2000,2,1,2,2,1,2,2,2,1,2
SF,IC2003,2020-01-03 13:28:54.900,5342.8000,53392,0,8105928600.000,0,-,-,-,-,5342.6000,5342.4000,5341.8000,5341.6000,5341.4000,5342.8000,5343.2000,5343.4000,5345.2000,5345.6000,2,2,1,2,2,2,2,1,2,1
SF,IC2003,2020-01-03 13:28:55.400,5342.8000,53394,2,8108065720.000,2,2,0,双开,B,5341.8000,5341.4000,5341.2000,5341.0000,5340.2000,5343.2000,5343.4000,5345.2000,5345.6000,5346.0000,1,2,1,2,2,2,1,2,1,1
SF,IC2003,2020-01-03 13:28:55.900,5342.8000,53394,0,8108065720.000,0,-,-,-,-,5343.0000,5342.8000,5342.0000,5341.8000,5341.2000,5343.2000,5343.4000,5345.2000,5345.6000,5346.0000,2,2,2,1,1,2,1,2,1,1
SF,IC2003,2020-01-03 13:28:56.400,5342.8000,53394,0,8108065720.000,0,-,-,-,-,5342.0000,5341.8000,5341.2000,5341.0000,5340.2000,5343.2000,5343.4000,5345.2000,5345.6000,5346.0000,2,1,1,2,2,3,1,2,1,1
SF,IC2003,2020-01-03 13:28:57.400,5342.8000,53394,0,8108065720.000,0,-,-,-,-,5342.4000,5342.2000,5342.0000,5341.2000,5341.0000,5343.2000,5343.4000,5345.2000,5345.6000,5346.0000,1,3,2,1,2,3,1,2,1,1
SF,IC2003,2020-01-03 13:28:57.900,5342.8000,53394,0,8108065720.000,0,-,-,-,-,5342.4000,5342.2000,5342.0000,5341.2000,5341.0000,5343.2000,5343.4000,5345.2000,5345.6000,5346.0000,1,1,2,1,2,3,1,2,1,1
SF,IC2003,2020-01-03 13:28:58.400,5342.8000,53394,0,8108065720.000,0,-,-,-,-,5342.6000,5342.4000,5342.2000,5341.2000,5341.0000,5343.2000,5343.4000,5345.2000,5345.6000,5346.0000,2,1,1,1,2,3,1,2,1,1
SF,IC2003,2020-01-03 13:28:58.900,5342.8000,53394,0,8108065720.000,0,-,-,-,-,5342.8000,5342.6000,5342.4000,5341.2000,5341.0000,5343.2000,5343.4000,5345.2000,5345.6000,5346.0000,1,2,1,1,2,3,1,2,1,1
SF,IC2003,2020-01-03 13:28:59.900,5343.2000,53393,-1,8109134360.000,1,0,1,双平,B,5342.6000,5342.4000,5341.2000,5341.0000,5340.2000,5343.2000,5343.4000,5345.2000,5345.6000,5346.0000,2,1,1,2,2,2,1,2,1,1
SF,IC2003,2020-01-03 13:29:01.400,5345.2000,53394,1,8113409360.000,4,2,2,多开,B,5342.6000,5342.4000,5341.2000,5341.0000,5340.2000,5345.2000,5345.6000,5346.0000,5346.2000,5346.6000,2,1,1,2,2,1,1,1,1,2
SF,IC2003,2020-01-03 13:29:01.900,5345.2000,53394,0,8113409360.000,0,-,-,-,-,5342.8000,5342.6000,5342.4000,5341.2000,5341.0000,5344.8000,5345.0000,5345.2000,5345.6000,5346.0000,2,2,1,1,2,3,3,1,1,1
SF,IC2003,2020-01-03 13:29:02.400,5345.2000,53394,0,8113409360.000,0,-,-,-,-,5343.0000,5342.4000,5341.2000,5341.0000,5340.2000,5344.4000,5344.6000,5344.8000,5345.0000,5345.2000,2,1,1,2,2,1,4,1,1,1
SF,IC2003,2020-01-03 13:29:02.900,5345.2000,53394,0,8113409360.000,0,-,-,-,-,5343.6000,5343.2000,5343.0000,5342.6000,5341.2000,5344.4000,5344.6000,5344.8000,5345.2000,5345.6000,1,2,2,1,1,1,2,1,1,1
SF,IC2003,2020-01-03 13:29:03.400,5345.2000,53394,0,8113409360.000,0,-,-,-,-,5343.2000,5343.0000,5342.6000,5341.2000,5341.0000,5344.2000,5344.4000,5344.6000,5344.8000,5345.2000,2,2,1,1,2,1,1,2,1,1
SF,IC2003,2020-01-03 13:29:03.900,5345.2000,53394,0,8113409360.000,0,-,-,-,-,5343.4000,5343.2000,5342.6000,5341.2000,5341.0000,5344.2000,5344.4000,5344.6000,5344.8000,5345.2000,3,2,1,1,2,1,1,2,1,1
SF,IC2003,2020-01-03 13:29:04.900,5345.2000,53394,0,8113409360.000,0,-,-,-,-,5343.4000,5342.6000,5341.2000,5341.0000,5340.2000,5344.2000,5344.4000,5344.6000,5344.8000,5345.2000,2,1,1,2,2,1,1,2,1,1
SF,IC2003,2020-01-03 13:29:05.400,5345.2000,53394,0,8113409360.000,0,-,-,-,-,5342.6000,5341.2000,5341.0000,5340.2000,5340.0000,5344.2000,5344.4000,5344.6000,5344.8000,5345.2000,1,1,2,2,1,1,1,2,1,1
SF,IC2003,2020-01-03 13:29:05.900,5345.2000,53394,0,8113409360.000,0,-,-,-,-,5342.8000,5342.6000,5341.2000,5341.0000,5340.2000,5344.0000,5344.2000,5344.4000,5344.8000,5345.2000,2,1,1,2,2,2,1,1,1,1
SF,IC2003,2020-01-03 13:29:06.400,5344.2000,53395,1,8114478200.000,1,1,0,双开,B,5342.8000,5342.6000,5341.2000,5341.0000,5340.6000,5343.8000,5344.0000,5344.8000,5345.2000,5345.6000,2,1,1,2,1,1,1,1,1,1
SF,IC2003,2020-01-03 13:29:07.400,5344.2000,53395,0,8114478200.000,0,-,-,-,-,5342.8000,5341.2000,5341.0000,5340.6000,5340.2000,5343.8000,5344.0000,5344.8000,5345.2000,5345.6000,2,1,2,1,2,1,1,1,1,1
SF,IC2003,2020-01-03 13:29:07.900,5344.2000,53395,0,8114478200.000,0,-,-,-,-,5343.2000,5343.0000,5342.8000,5342.0000,5341.2000,5343.8000,5344.8000,5345.2000,5345.6000,5346.0000,1,3,2,1,1,1,1,1,1,1
SF,IC2003,2020-01-03 13:29:08.400,5344.2000,53395,0,8114478200.000,0,-,-,-,-,5342.8000,5342.0000,5341.2000,5341.0000,5340.6000,5343.6000,5344.6000,5344.8000,5345.2000,5345.6000,3,1,1,2,1,1,1,1,1,1
SF,IC2003,2020-01-03 13:29:08.900,5344.2000,53395,0,8114478200.000,0,-,-,-,-,5342.8000,5342.0000,5341.2000,5341.0000,5340.6000,5343.4000,5343.6000,5344.8000,5345.2000,5345.6000,3,1,1,2,1,1,1,1,1,1
SF,IC2003,2020-01-03 13:29:10.400,5344.2000,53395,0,8114478200.000,0,-,-,-,-,5342.8000,5342.0000,5341.2000,5341.0000,5340.6000,5343.4000,5343.6000,5344.0000,5344.8000,5345.2000,3,1,1,2,1,1,1,2,1,1
SF,IC2003,2020-01-03 13:29:10.900,5344.2000,53395,0,8114478200.000,0,-,-,-,-,5342.8000,5342.0000,5341.2000,5341.0000,5340.6000,5343.4000,5343.6000,5344.0000,5344.8000,5345.0000,1,1,1,2,1,1,1,2,1,1
SF,IC2003,2020-01-03 13:29:12.900,5344.2000,53395,0,8114478200.000,0,-,-,-,-,5342.8000,5342.0000,5341.2000,5341.0000,5340.6000,5343.4000,5343.6000,5344.0000,5344.8000,5345.0000,1,1,2,2,1,1,1,2,1,1
SF,IC2003,2020-01-03 13:29:19.400,5344.2000,53395,0,8114478200.000,0,-,-,-,-,5342.8000,5341.2000,5341.0000,5340.6000,5340.2000,5343.4000,5343.6000,5344.0000,5344.8000,5345.0000,1,2,2,1,2,1,1,2,1,1
SF,IC2003,2020-01-03 13:29:19.900,5344.2000,53395,0,8114478200.000,0,-,-,-,-,5342.8000,5341.2000,5341.0000,5340.6000,5340.2000,5343.4000,5343.6000,5344.0000,5344.8000,5345.0000,1,2,2,1,2,2,1,2,1,1
SF,IC2003,2020-01-03 13:29:21.400,5344.2000,53395,0,8114478200.000,0,-,-,-,-,5343.2000,5342.8000,5341.2000,5341.0000,5340.6000,5343.4000,5343.6000,5344.0000,5344.8000,5345.0000,1,1,2,2,1,2,1,2,1,1
SF,IC2003,2020-01-03 13:29:21.900,5343.2000,53395,0,8115546840.000,1,0,1,空换,B,5342.8000,5341.2000,5341.0000,5340.6000,5340.2000,5343.2000,5343.4000,5343.6000,5344.0000,5344.8000,1,2,2,1,2,1,2,1,2,1
SF,IC2003,2020-01-03 13:29:22.400,5343.2000,53395,0,8115546840.000,0,-,-,-,-,5342.8000,5341.2000,5341.0000,5340.6000,5340.2000,5343.2000,5343.6000,5344.0000,5344.8000,5345.0000,1,2,2,1,2,3,1,2,1,1
SF,IC2003,2020-01-03 13:29:22.900,5343.2000,53395,0,8115546840.000,0,-,-,-,-,5342.8000,5341.2000,5341.0000,5340.6000,5340.2000,5343.2000,5343.6000,5344.0000,5344.8000,5345.0000,1,2,2,1,2,3,1,2,1,1
SF,IC2003,2020-01-03 13:29:25.900,5343.2000,53395,0,8115546840.000,0,-,-,-,-,5342.8000,5341.2000,5341.0000,5340.6000,5340.2000,5343.2000,5343.6000,5344.0000,5344.8000,5345.0000,1,2,2,1,2,3,1,2,1,1
SF,IC2003,2020-01-03 13:29:26.400,5342.8000,53396,1,8116615400.000,1,1,0,双开,B,5341.2000,5341.0000,5340.6000,5340.2000,5340.0000,5343.2000,5343.6000,5344.0000,5345.0000,5345.2000,2,2,1,2,1,2,1,2,1,1
SF,IC2003,2020-01-03 13:29:26.900,5342.8000,53396,0,8116615400.000,0,-,-,-,-,5341.6000,5341.4000,5341.2000,5341.0000,5340.6000,5343.0000,5343.4000,5343.6000,5344.0000,5345.0000,1,5,2,2,1,2,2,1,2,1
SF,IC2003,2020-01-03 13:29:27.400,5342.8000,53396,0,8116615400.000,0,-,-,-,-,5341.8000,5341.6000,5341.4000,5341.2000,5341.0000,5343.6000,5344.0000,5345.0000,5345.2000,5345.6000,2,1,3,2,2,1,2,1,1,1
SF,IC2003,2020-01-03 13:29:27.900,5342.8000,53396,0,8116615400.000,0,-,-,-,-,5341.8000,5341.6000,5341.4000,5341.2000,5341.0000,5342.6000,5343.2000,5343.4000,5343.6000,5344.0000,2,1,3,2,2,1,2,4,1,2
SF,IC2003,2020-01-03 13:29:28.400,5342.8000,53396,0,8116615400.000,0,-,-,-,-,5341.8000,5341.6000,5341.4000,5341.2000,5341.0000,5342.6000,5343.4000,5343.6000,5344.0000,5345.0000,2,1,3,2,2,1,2,1,2,1
SF,IC2003,2020-01-03 13:29:29.900,5342.8000,53396,0,8116615400.000,0,-,-,-,-,5341.8000,5341.6000,5341.4000,5341.2000,5341.0000,5342.6000,5342.8000,5343.4000,5343.6000,5344.0000,2,1,4,2,2,1,3,2,1,2
SF,IC2003,2020-01-03 13:29:30.400,5342.8000,53396,0,8116615400.000,0,-,-,-,-,5341.8000,5341.6000,5341.4000,5341.2000,5341.0000,5342.6000,5342.8000,5343.4000,5344.0000,5345.0000,2,1,4,2,2,1,3,2,2,1
SF,IC2003,2020-01-03 13:29:32.900,5342.8000,53396,0,8116615400.000,0,-,-,-,-,5341.8000,5341.6000,5341.4000,5341.2000,5341.0000,5342.4000,5342.6000,5342.8000,5343.4000,5344.0000,2,1,4,2,2,1,1,3,2,2
SF,IC2003,2020-01-03 13:29:33.400,5342.8000,53396,0,8116615400.000,0,-,-,-,-,5342.0000,5341.8000,5341.6000,5341.4000,5341.2000,5342.4000,5342.6000,5342.8000,5343.4000,5344.0000,1,2,1,4,2,1,1,3,2,2
SF,IC2003,2020-01-03 13:29:33.900,5342.8000,53396,0,8116615400.000,0,-,-,-,-,5341.8000,5341.6000,5341.4000,5341.2000,5341.0000,5342.4000,5342.6000,5342.8000,5343.4000,5344.0000,2,1,4,2,2,1,1,3,2,2
SF,IC2003,2020-01-03 13:29:38.900,5342.8000,53396,0,8116615400.000,0,-,-,-,-,5342.0000,5341.8000,5341.6000,5341.4000,5341.2000,5342.4000,5342.6000,5342.8000,5343.4000,5344.0000,1,2,1,4,2,1,1,3,2,2
SF,IC2003,2020-01-03 13:29:41.400,5342.8000,53396,0,8117683960.000,1,0,1,空换,B,5342.0000,5341.8000,5341.6000,5341.4000,5341.2000,5342.6000,5342.8000,5343.4000,5344.0000,5345.0000,1,2,1,4,2,1,3,2,2,1
SF,IC2003,2020-01-03 13:29:44.400,5342.8000,53396,0,8117683960.000,0,-,-,-,-,5342.0000,5341.8000,5341.6000,5341.4000,5341.2000,5342.6000,5342.8000,5343.4000,5344.0000,5345.0000,1,2,1,4,2,1,3,2,2,1
SF,IC2003,2020-01-03 13:29:45.400,5342.8000,53396,0,8117683960.000,0,-,-,-,-,5342.0000,5341.8000,5341.6000,5341.4000,5341.2000,5342.4000,5342.6000,5342.8000,5343.4000,5344.0000,1,2,1,4,2,3,1,3,2,2
SF,IC2003,2020-01-03 13:29:48.400,5342.8000,53396,0,8118752520.000,1,0,1,空换,B,5342.0000,5341.8000,5341.6000,5341.4000,5341.2000,5342.4000,5342.6000,5342.8000,5343.4000,5344.0000,1,2,1,4,2,2,1,3,2,2
SF,IC2003,2020-01-03 13:29:58.900,5342.8000,53396,0,8118752520.000,0,-,-,-,-,5342.0000,5341.8000,5341.6000,5341.4000,5341.2000,5342.2000,5342.4000,5342.6000,5342.8000,5343.4000,1,2,1,4,2,1,2,1,3,2
SF,IC2003,2020-01-03 13:29:59.400,5342.2000,53397,1,8119820960.000,1,1,0,双开,B,5342.0000,5341.8000,5341.6000,5341.4000,5341.2000,5342.4000,5342.6000,5342.8000,5343.4000,5344.0000,1,2,1,4,2,2,1,3,2,2
SF,IC2003,2020-01-03 13:30:00.400,5342.4000,53399,2,8121957920.000,2,2,0,双开,B,5342.0000,5341.8000,5341.6000,5341.4000,5341.2000,5342.6000,5342.8000,5343.4000,5344.0000,5345.0000,1,2,1,4,2,1,3,2,2,1
SF,IC2003,2020-01-03 13:30:00.900,5342.8000,53400,1,8125163560.000,3,2,1,多开,B,5342.6000,5342.2000,5342.0000,5341.4000,5341.2000,5342.8000,5344.0000,5345.0000,5345.2000,5345.6000,3,3,1,1,2,1,2,1,1,1
SF,IC2003,2020-01-03 13:30:01.400,5342.8000,53401,1,8126232120.000,1,1,0,双开,B,5343.0000,5342.8000,5342.6000,5342.2000,5341.4000,5344.0000,5345.0000,5345.2000,5345.6000,5346.0000,2,5,3,3,1,2,1,1,1,1
SF,IC2003,2020-01-03 13:30:01.900,5342.8000,53401,0,8127300680.000,1,0,1,空换,B,5343.2000,5342.8000,5342.6000,5342.2000,5341.4000,5343.8000,5344.0000,5345.0000,5345.2000,5345.6000,2,4,2,4,1,2,2,1,1,1
SF,IC2003,2020-01-03 13:30:02.400,5342.8000,53401,0,8127300680.000,0,-,-,-,-,5343.4000,5343.2000,5342.8000,5342.6000,5342.2000,5343.8000,5344.0000,5345.2000,5345.6000,5346.0000,1,2,4,2,4,2,2,1,1,1
SF,IC2003,2020-01-03 13:30:02.900,5343.8000,53402,1,8129438200.000,2,1,1,多开,B,5343.6000,5343.2000,5342.8000,5342.6000,5342.2000,5344.0000,5345.2000,5345.6000,5346.0000,5346.2000,1,1,4,2,3,2,1,1,1,1
SF,IC2003,2020-01-03 13:30:04.400,5343.8000,53402,0,8129438200.000,0,-,-,-,-,5343.8000,5343.2000,5342.8000,5342.6000,5342.2000,5344.0000,5345.2000,5345.6000,5346.0000,5346.2000,1,1,4,2,3,2,1,1,1,1
SF,IC2003,2020-01-03 13:30:04.900,5344.0000,53402,0,8131575800.000,2,1,1,空换,B,5343.8000,5343.2000,5342.8000,5342.6000,5342.2000,5344.0000,5345.2000,5345.6000,5346.0000,5346.2000,1,1,4,2,3,1,1,1,1,1
SF,IC2003,2020-01-03 13:30:05.400,5344.0000,53403,1,8132644600.000,1,1,0,双开,B,5343.8000,5343.2000,5342.8000,5342.6000,5342.2000,5345.0000,5345.2000,5345.6000,5346.0000,5346.2000,1,1,4,2,3,1,1,1,1,1
SF,IC2003,2020-01-03 13:30:05.900,5344.0000,53403,0,8132644600.000,0,-,-,-,-,5343.8000,5343.2000,5342.8000,5342.6000,5342.2000,5344.8000,5345.2000,5345.6000,5345.8000,5346.0000,1,1,4,2,3,2,1,1,1,1
SF,IC2003,2020-01-03 13:30:06.400,5343.8000,53403,0,8133713360.000,1,0,1,空换,B,5343.2000,5342.8000,5342.2000,5341.4000,5341.2000,5344.8000,5345.0000,5345.2000,5345.6000,5345.8000,1,4,3,1,2,2,1,1,1,1
SF,IC2003,2020-01-03 13:30:07.900,5343.8000,53403,0,8133713360.000,0,-,-,-,-,5343.2000,5342.8000,5342.6000,5342.2000,5341.4000,5344.6000,5344.8000,5345.0000,5345.2000,5345.6000,1,4,1,3,1,1,2,1,1,1
SF,IC2003,2020-01-03 13:30:08.400,5343.8000,53403,0,8133713360.000,0,-,-,-,-,5342.8000,5342.6000,5342.2000,5341.4000,5341.2000,5344.4000,5344.6000,5345.0000,5345.2000,5345.6000,4,1,3,1,2,2,1,1,1,1
SF,IC2003,2020-01-03 13:30:08.900,5343.8000,53403,0,8133713360.000,0,-,-,-,-,5343.0000,5342.8000,5342.6000,5342.2000,5342.0000,5344.4000,5345.0000,5345.2000,5345.6000,5345.8000,2,4,1,3,1,2,1,1,1,1
SF,IC2003,2020-01-03 13:30:09.400,5343.8000,53403,0,8133713360.000,0,-,-,-,-,5343.0000,5342.8000,5342.6000,5342.2000,5342.0000,5344.2000,5344.4000,5345.0000,5345.2000,5345.6000,2,4,1,3,1,1,2,1,1,1
SF,IC2003,2020-01-03 13:30:09.900,5344.2000,53402,-1,8134782200.000,1,0,1,双平,B,5343.0000,5342.8000,5342.6000,5342.2000,5342.0000,5344.4000,5345.0000,5345.2000,5345.6000,5345.8000,2,4,1,3,1,2,1,1,1,1
SF,IC2003,2020-01-03 13:30:11.400,5344.2000,53402,0,8134782200.000,0,-,-,-,-,5343.0000,5342.8000,5342.6000,5342.2000,5342.0000,5344.4000,5345.0000,5345.2000,5345.6000,5345.8000,2,1,1,3,1,2,1,1,1,1
SF,IC2003,2020-01-03 13:30:15.400,5344.2000,53402,0,8134782200.000,0,-,-,-,-,5343.0000,5342.8000,5342.6000,5342.2000,5342.0000,5344.4000,5345.0000,5345.2000,5345.6000,5345.8000,2,1,1,3,1,2,2,1,1,1
SF,IC2003,2020-01-03 13:30:15.900,5344.2000,53402,0,8134782200.000,0,-,-,-,-,5343.0000,5342.8000,5342.2000,5342.0000,5341.4000,5344.4000,5345.0000,5345.2000,5345.6000,5345.8000,2,1,3,1,1,2,2,1,1,1
SF,IC2003,2020-01-03 13:30:17.400,5344.2000,53402,0,8134782200.000,0,-,-,-,-,5343.8000,5343.0000,5342.8000,5342.2000,5342.0000,5344.4000,5345.0000,5345.2000,5345.6000,5345.8000,1,2,1,3,1,2,2,1,1,1
SF,IC2003,2020-01-03 13:30:17.900,5344.2000,53402,0,8134782200.000,0,-,-,-,-,5343.8000,5343.0000,5342.2000,5342.0000,5341.4000,5344.4000,5345.0000,5345.2000,5345.6000,5345.8000,1,2,3,1,1,2,2,1,1,1
SF,IC2003,2020-01-03 13:30:18.400,5344.2000,53402,0,8134782200.000,0,-,-,-,-,5343.8000,5343.0000,5342.2000,5342.0000,5341.4000,5344.2000,5344.4000,5345.0000,5345.2000,5345.6000,1,2,3,1,1,2,2,2,1,1
SF,IC2003,2020-01-03 13:30:19.400,5343.8000,53402,0,8135850960.000,1,0,1,空换,B,5343.0000,5342.2000,5342.0000,5341.4000,5341.2000,5344.2000,5344.4000,5345.0000,5345.2000,5345.6000,2,3,1,1,2,2,2,2,1,1
SF,IC2003,2020-01-03 13:30:20.400,5343.8000,53402,0,8135850960.000,0,-,-,-,-,5343.0000,5342.2000,5342.0000,5341.4000,5341.2000,5344.0000,5344.2000,5344.4000,5345.0000,5345.2000,2,3,1,1,2,1,2,2,2,1
SF,IC2003,2020-01-03 13:30:21.400,5343.8000,53402,0,8135850960.000,0,-,-,-,-,5343.0000,5342.2000,5342.0000,5341.4000,5341.2000,5344.0000,5344.2000,5344.4000,5345.0000,5345.2000,2,3,1,1,2,1,2,2,2,1
SF,IC2003,2020-01-03 13:30:22.900,5343.8000,53402,0,8135850960.000,0,-,-,-,-,5343.0000,5342.2000,5342.0000,5341.4000,5341.2000,5344.0000,5344.2000,5344.4000,5345.0000,5345.2000,2,3,1,1,2,1,2,2,2,1
SF,IC2003,2020-01-03 13:30:23.400,5344.0000,53402,0,8136919760.000,1,0,1,空换,B,5343.0000,5342.2000,5342.0000,5341.4000,5341.2000,5344.2000,5344.4000,5345.0000,5345.2000,5345.6000,2,3,1,1,2,2,2,2,1,1
SF,IC2003,2020-01-03 13:30:27.900,5344.0000,53402,0,8136919760.000,0,-,-,-,-,5343.2000,5343.0000,5342.2000,5342.0000,5341.4000,5344.2000,5344.4000,5345.0000,5345.2000,5345.6000,1,2,3,1,1,2,2,2,1,1
SF,IC2003,2020-01-03 13:30:29.900,5344.0000,53402,0,8136919760.000,0,-,-,-,-,5343.2000,5343.0000,5342.2000,5342.0000,5341.4000,5344.2000,5344.4000,5345.0000,5345.2000,5345.6000,1,2,3,1,1,2,2,2,1,1
SF,IC2003,2020-01-03 13:30:30.400,5344.0000,53402,0,8136919760.000,0,-,-,-,-,5343.4000,5343.2000,5342.2000,5342.0000,5341.4000,5344.2000,5344.4000,5345.0000,5345.2000,5345.6000,3,1,3,1,1,2,1,2,1,1
SF,IC2003,2020-01-03 13:30:32.400,5344.0000,53402,0,8136919760.000,0,-,-,-,-,5343.4000,5342.2000,5342.0000,5341.4000,5341.2000,5344.2000,5344.4000,5345.0000,5345.2000,5345.6000,3,3,1,1,2,2,1,2,1,1
SF,IC2003,2020-01-03 13:30:34.400,5343.4000,53403,1,8140125800.000,3,2,1,多开,B,5343.4000,5342.2000,5342.0000,5341.4000,5341.2000,5344.2000,5344.4000,5345.0000,5345.2000,5345.6000,1,3,1,1,2,2,1,2,1,1
SF,IC2003,2020-01-03 13:30:34.900,5343.4000,53403,0,8141194480.000,1,0,1,空换,B,5342.2000,5342.0000,5341.4000,5341.2000,5340.2000,5343.6000,5344.0000,5344.2000,5344.4000,5345.0000,3,1,1,2,2,2,2,2,1,2
SF,IC2003,2020-01-03 13:30:35.400,5343.4000,53403,0,8141194480.000,0,-,-,-,-,5342.2000,5342.0000,5341.4000,5341.2000,5340.2000,5343.4000,5344.2000,5344.4000,5345.0000,5345.2000,3,1,1,2,2,2,2,1,2,1
SF,IC2003,2020-01-03 13:30:36.400,5343.4000,53403,0,8141194480.000,0,-,-,-,-,5342.0000,5341.4000,5341.2000,5340.2000,5340.0000,5343.4000,5344.2000,5344.4000,5345.0000,5345.2000,1,1,2,2,1,2,2,1,2,1
SF,IC2003,2020-01-03 13:30:40.400,5343.4000,53403,0,8141194480.000,0,-,-,-,-,5342.0000,5341.4000,5341.2000,5340.2000,5340.0000,5342.4000,5343.4000,5344.2000,5344.4000,5345.0000,1,1,2,2,1,2,2,2,1,2
SF,IC2003,2020-01-03 13:30:40.900,5343.4000,53403,0,8141194480.000,0,-,-,-,-,5342.0000,5341.4000,5341.2000,5340.2000,5340.0000,5343.4000,5344.2000,5344.4000,5345.0000,5345.2000,1,1,2,2,1,2,2,1,2,1
SF,IC2003,2020-01-03 13:30:41.400,5343.4000,53403,0,8141194480.000,0,-,-,-,-,5342.2000,5342.0000,5341.4000,5341.2000,5340.2000,5343.4000,5344.2000,5344.4000,5345.0000,5345.2000,3,1,1,2,2,2,2,1,2,1
SF,IC2003,2020-01-03 13:30:41.900,5343.4000,53403,0,8141194480.000,0,-,-,-,-,5342.0000,5341.4000,5341.2000,5340.2000,5340.0000,5343.4000,5344.2000,5344.4000,5345.0000,5345.2000,1,1,2,2,1,2,2,1,2,1
SF,IC2003,2020-01-03 13:30:42.400,5343.4000,53403,0,8141194480.000,0,-,-,-,-,5342.0000,5341.4000,5341.2000,5340.2000,5340.0000,5342.2000,5343.2000,5343.4000,5344.2000,5344.4000,1,1,2,2,1,1,1,2,2,1
SF,IC2003,2020-01-03 13:30:42.900,5342.2000,53403,0,8142262920.000,1,0,1,空换,B,5342.0000,5341.4000,5341.2000,5340.2000,5340.0000,5343.2000,5343.4000,5344.2000,5344.4000,5345.0000,1,1,2,2,1,1,2,2,1,2
SF,IC2003,2020-01-03 13:30:43.400,5342.2000,53403,0,8142262920.000,0,-,-,-,-,5342.0000,5341.4000,5341.2000,5340.2000,5340.0000,5342.4000,5343.0000,5343.2000,5344.2000,5344.4000,1,1,2,2,1,2,2,1,2,1
SF,IC2003,2020-01-03 13:30:43.900,5342.2000,53403,0,8142262920.000,0,-,-,-,-,5342.0000,5341.4000,5341.2000,5340.2000,5340.0000,5343.0000,5344.2000,5344.4000,5345.0000,5345.2000,1,1,2,2,1,2,2,1,2,1
SF,IC2003,2020-01-03 13:30:48.900,5342.2000,53403,0,8142262920.000,0,-,-,-,-,5342.0000,5341.4000,5341.2000,5340.2000,5340.0000,5343.0000,5344.2000,5344.4000,5345.0000,5345.2000,2,1,2,2,1,2,2,1,2,1
SF,IC2003,2020-01-03 13:30:51.400,5343.0000,53403,0,8143331520.000,1,0,1,空换,B,5342.0000,5341.4000,5341.2000,5340.2000,5340.0000,5343.0000,5344.2000,5344.4000,5345.0000,5345.2000,2,1,2,2,1,1,3,1,2,1
SF,IC2003,2020-01-03 13:30:53.900,5343.0000,53403,0,8143331520.000,0,-,-,-,-,5342.0000,5341.4000,5341.2000,5340.2000,5340.0000,5343.0000,5344.2000,5344.4000,5345.0000,5345.2000,2,1,1,2,1,1,3,1,2,1
SF,IC2003,2020-01-03 13:30:55.400,5343.0000,53403,0,8143331520.000,0,-,-,-,-,5342.0000,5341.4000,5341.2000,5340.2000,5340.0000,5342.8000,5343.0000,5344.2000,5344.4000,5345.0000,2,1,1,2,1,1,1,3,1,2
SF,IC2003,2020-01-03 13:30:55.900,5343.0000,53403,0,8143331520.000,0,-,-,-,-,5342.0000,5341.4000,5341.2000,5340.2000,5340.0000,5342.6000,5342.8000,5344.2000,5344.4000,5345.0000,2,1,1,2,1,2,1,3,1,2
SF,IC2003,2020-01-03 13:31:00.400,5342.0000,53404,1,8145468320.000,2,1,1,多开,B,5341.4000,5341.2000,5340.2000,5340.0000,5339.8000,5342.0000,5342.6000,5342.8000,5344.2000,5344.4000,1,1,2,1,1,4,2,1,3,1
SF,IC2003,2020-01-03 13:31:01.900,5342.0000,53404,0,8145468320.000,0,-,-,-,-,5341.6000,5341.4000,5341.2000,5340.2000,5340.0000,5342.0000,5342.6000,5342.8000,5344.2000,5344.4000,1,1,1,2,1,4,2,1,3,1
SF,IC2003,2020-01-03 13:31:02.400,5342.8000,53405,1,8150810480.000,5,3,2,多开,B,5342.2000,5342.0000,5341.8000,5341.6000,5341.4000,5344.2000,5344.4000,5345.0000,5345.2000,5345.6000,1,6,5,1,1,3,1,2,1,1
SF,IC2003,2020-01-03 13:31:02.900,5342.8000,53405,0,8150810480.000,0,-,-,-,-,5342.4000,5342.0000,5341.6000,5341.4000,5341.2000,5344.0000,5344.2000,5344.4000,5345.0000,5345.2000,2,4,1,1,1,5,3,1,2,1
SF,IC2003,2020-01-03 13:31:03.400,5342.8000,53405,0,8150810480.000,0,-,-,-,-,5342.4000,5342.0000,5341.6000,5341.4000,5341.2000,5344.0000,5344.2000,5344.4000,5345.0000,5345.2000,2,4,1,1,1,3,3,1,2,1
SF,IC2003,2020-01-03 13:31:03.900,5342.8000,53405,0,8150810480.000,0,-,-,-,-,5342.8000,5342.6000,5342.4000,5342.0000,5341.6000,5344.0000,5344.2000,5344.4000,5345.0000,5345.2000,1,4,2,4,1,3,3,1,2,1
SF,IC2003,2020-01-03 13:31:05.900,5342.8000,53405,0,8150810480.000,0,-,-,-,-,5342.4000,5342.0000,5341.6000,5341.4000,5341.2000,5344.0000,5344.2000,5344.4000,5345.0000,5345.2000,2,4,1,1,1,3,3,1,2,1
SF,IC2003,2020-01-03 13:31:09.400,5342.8000,53405,0,8150810480.000,0,-,-,-,-,5342.4000,5342.0000,5341.6000,5341.4000,5341.2000,5343.0000,5344.0000,5344.2000,5344.4000,5345.0000,2,4,1,1,1,2,3,3,1,2
SF,IC2003,2020-01-03 13:31:09.900,5342.8000,53405,0,8150810480.000,0,-,-,-,-,5342.0000,5341.6000,5341.4000,5341.2000,5341.0000,5344.0000,5344.2000,5344.4000,5345.0000,5345.2000,2,1,1,1,1,2,3,1,2,1
SF,IC2003,2020-01-03 13:31:10.400,5342.8000,53405,0,8150810480.000,0,-,-,-,-,5343.0000,5342.2000,5342.0000,5341.6000,5341.4000,5343.8000,5344.0000,5344.2000,5344.4000,5345.0000,1,2,2,1,1,3,2,3,1,2
SF,IC2003,2020-01-03 13:31:10.900,5343.0000,53404,-1,8151879080.000,1,0,1,双平,B,5342.0000,5341.6000,5341.4000,5341.2000,5341.0000,5343.6000,5343.8000,5344.2000,5344.4000,5345.0000,2,1,1,1,1,2,1,3,1,2
SF,IC2003,2020-01-03 13:31:11.400,5343.0000,53404,0,8151879080.000,0,-,-,-,-,5341.6000,5341.4000,5341.2000,5341.0000,5340.2000,5342.0000,5343.4000,5343.6000,5344.2000,5344.4000,1,1,1,1,2,1,1,2,3,1
SF,IC2003,2020-01-03 13:31:11.900,5342.0000,53404,0,8152947480.000,1,0,1,空换,B,5342.2000,5342.0000,5341.8000,5341.6000,5341.4000,5343.4000,5343.6000,5344.2000,5344.4000,5345.0000,1,4,4,1,1,1,2,3,1,2
SF,IC2003,2020-01-03 13:31:12.400,5342.0000,53404,0,8152947480.000,0,-,-,-,-,5342.0000,5341.8000,5341.6000,5341.4000,5341.2000,5343.2000,5343.4000,5344.2000,5344.4000,5345.0000,3,3,1,1,1,2,1,3,1,2
SF,IC2003,2020-01-03 13:31:12.900,5342.0000,53404,0,8152947480.000,0,-,-,-,-,5342.0000,5341.8000,5341.6000,5341.4000,5341.2000,5343.0000,5343.2000,5344.2000,5344.4000,5345.0000,3,3,1,1,1,1,2,3,1,2
SF,IC2003,2020-01-03 13:31:13.400,5342.0000,53404,0,8152947480.000,0,-,-,-,-,5342.0000,5341.8000,5341.6000,5341.4000,5341.2000,5342.2000,5343.0000,5343.2000,5344.2000,5344.4000,2,2,1,1,1,1,1,2,3,1
SF,IC2003,2020-01-03 13:31:13.900,5342.0000,53404,0,8152947480.000,0,-,-,-,-,5341.6000,5341.4000,5341.2000,5341.0000,5340.2000,5342.2000,5343.0000,5343.2000,5343.8000,5344.2000,1,1,1,1,2,1,1,2,2,3
SF,IC2003,2020-01-03 13:31:14.400,5342.0000,53404,0,8152947480.000,0,-,-,-,-,5341.6000,5341.4000,5341.2000,5341.0000,5340.2000,5342.2000,5343.2000,5343.8000,5344.2000,5344.4000,1,1,1,1,2,1,2,2,3,1
SF,IC2003,2020-01-03 13:31:16.400,5342.0000,53404,0,8152947480.000,0,-,-,-,-,5341.6000,5341.4000,5341.2000,5341.0000,5340.2000,5342.0000,5342.2000,5343.2000,5343.8000,5344.2000,1,1,1,1,2,1,1,2,2,3
SF,IC2003,2020-01-03 13:31:16.900,5341.6000,53405,1,8154015800.000,1,1,0,双开,B,5341.4000,5341.2000,5341.0000,5340.2000,5340.0000,5342.0000,5342.2000,5343.2000,5343.8000,5344.2000,1,1,1,2,1,1,1,2,2,3
SF,IC2003,2020-01-03 13:31:17.400,5341.6000,53405,0,8154015800.000,0,-,-,-,-,5341.4000,5341.2000,5341.0000,5340.2000,5340.0000,5342.0000,5342.2000,5343.2000,5343.8000,5344.2000,1,1,1,1,1,1,1,2,2,3
SF,IC2003,2020-01-03 13:31:20.400,5341.4000,53405,0,8155084080.000,1,0,1,空换,B,5341.2000,5341.0000,5340.2000,5340.0000,5339.8000,5341.6000,5342.0000,5342.2000,5343.2000,5343.8000,1,1,1,1,1,1,1,1,2,2
SF,IC2003,2020-01-03 13:31:22.900,5341.4000,53405,0,8155084080.000,0,-,-,-,-,5341.2000,5340.2000,5340.0000,5339.8000,5339.0000,5341.6000,5342.0000,5342.2000,5343.2000,5343.8000,1,1,1,1,1,1,1,1,2,2
SF,IC2003,2020-01-03 13:31:24.400,5341.4000,53405,0,8155084080.000,0,-,-,-,-,5341.2000,5340.2000,5340.0000,5339.8000,5339.0000,5341.4000,5341.6000,5342.0000,5342.2000,5343.2000,1,1,1,1,1,2,1,1,1,2
SF,IC2003,2020-01-03 13:31:24.900,5341.4000,53405,0,8157220640.000,2,1,1,空换,B,5341.2000,5340.2000,5340.0000,5339.8000,5339.0000,5341.6000,5342.0000,5342.2000,5343.2000,5343.8000,1,1,1,1,1,1,1,1,2,2
SF,IC2003,2020-01-03 13:31:25.400,5341.2000,53406,1,8158288880.000,1,1,0,双开,B,5340.2000,5340.0000,5339.8000,5339.0000,5338.8000,5341.2000,5341.6000,5342.0000,5342.2000,5343.2000,1,1,1,1,1,2,1,1,1,2
SF,IC2003,2020-01-03 13:31:25.900,5341.2000,53406,0,8159357120.000,1,0,1,空换,B,5340.8000,5340.4000,5340.2000,5340.0000,5339.8000,5341.2000,5341.6000,5342.0000,5342.2000,5343.2000,2,5,1,1,1,1,1,1,1,2
SF,IC2003,2020-01-03 13:31:26.400,5341.2000,53406,0,8160425360.000,1,0,1,空换,B,5341.4000,5340.8000,5340.4000,5340.2000,5340.0000,5341.6000,5342.0000,5342.2000,5343.2000,5343.8000,1,2,5,1,1,1,1,1,2,2
SF,IC2003,2020-01-03 13:31:26.900,5341.2000,53406,0,8160425360.000,0,-,-,-,-,5341.4000,5340.8000,5340.4000,5340.2000,5340.0000,5341.6000,5342.2000,5343.2000,5343.8000,5344.2000,1,1,5,1,1,1,1,2,2,3
SF,IC2003,2020-01-03 13:31:27.400,5341.6000,53406,0,8161493680.000,1,0,1,空换,B,5341.4000,5340.8000,5340.4000,5340.2000,5340.0000,5342.2000,5343.2000,5343.8000,5344.2000,5344.4000,1,1,5,1,1,1,2,2,3,1
SF,IC2003,2020-01-03 13:31:27.900,5341.6000,53406,0,8161493680.000,0,-,-,-,-,5341.4000,5340.8000,5340.4000,5340.2000,5340.0000,5342.0000,5342.2000,5343.2000,5343.8000,5344.2000,1,1,5,1,1,1,1,2,2,3
SF,IC2003,2020-01-03 13:31:28.400,5341.4000,53406,0,8162561960.000,1,0,1,空换,B,5340.8000,5340.4000,5340.2000,5340.0000,5339.8000,5341.4000,5342.0000,5342.2000,5343.2000,5343.8000,1,5,1,1,1,1,1,1,2,2
SF,IC2003,2020-01-03 13:31:28.900,5341.4000,53406,0,8162561960.000,0,-,-,-,-,5341.0000,5340.8000,5340.4000,5340.2000,5340.0000,5341.4000,5342.0000,5342.2000,5343.2000,5343.8000,4,1,2,1,1,1,1,1,2,2
SF,IC2003,2020-01-03 13:31:29.400,5341.4000,53406,0,8162561960.000,0,-,-,-,-,5341.0000,5340.8000,5340.4000,5340.2000,5340.0000,5341.4000,5342.0000,5342.2000,5343.2000,5343.8000,3,1,2,1,1,1,1,1,2,2
SF,IC2003,2020-01-03 13:31:31.400,5341.4000,53406,0,8162561960.000,0,-,-,-,-,5341.0000,5340.8000,5340.4000,5340.2000,5340.0000,5341.4000,5342.0000,5342.2000,5343.2000,5343.8000,3,1,2,1,1,1,1,1,2,2
SF,IC2003,2020-01-03 13:31:32.400,5341.0000,53406,0,8165766560.000,3,1,2,空换,B,5341.0000,5340.8000,5340.4000,5340.2000,5340.0000,5341.4000,5342.0000,5342.2000,5343.2000,5343.8000,2,1,2,1,1,1,1,1,2,2
SF,IC2003,2020-01-03 13:31:32.900,5341.0000,53406,0,8165766560.000,0,-,-,-,-,5340.8000,5340.2000,5340.0000,5339.8000,5339.0000,5341.2000,5341.4000,5342.0000,5342.2000,5343.2000,1,1,1,1,1,1,1,1,1,2
SF,IC2003,2020-01-03 13:31:33.400,5341.2000,53405,-1,8166834800.000,1,0,1,双平,B,5341.0000,5340.8000,5340.2000,5340.0000,5339.8000,5341.4000,5342.0000,5342.2000,5343.2000,5343.8000,3,1,1,1,1,1,1,1,2,2
SF,IC2003,2020-01-03 13:31:33.900,5341.2000,53405,0,8166834800.000,0,-,-,-,-,5340.8000,5340.2000,5340.0000,5339.8000,5339.0000,5341.4000,5342.0000,5342.2000,5343.2000,5343.8000,1,1,1,1,1,1,1,1,2,2
SF,IC2003,2020-01-03 13:31:34.400,5341.2000,53405,0,8166834800.000,0,-,-,-,-,5340.8000,5340.2000,5340.0000,5339.8000,5339.0000,5341.4000,5342.0000,5342.2000,5343.2000,5343.8000,1,2,1,1,1,1,1,1,2,2
SF,IC2003,2020-01-03 13:31:35.400,5341.2000,53405,0,8166834800.000,0,-,-,-,-,5340.8000,5340.2000,5340.0000,5339.8000,5339.0000,5341.0000,5341.4000,5342.0000,5342.2000,5343.2000,1,2,1,1,1,1,1,1,1,2
SF,IC2003,2020-01-03 13:31:35.900,5340.8000,53406,1,8167902960.000,1,1,0,双开,B,5340.2000,5340.0000,5339.8000,5339.0000,5338.8000,5340.8000,5341.0000,5341.4000,5342.0000,5342.2000,2,1,1,1,1,1,1,1,1,1
SF,IC2003,2020-01-03 13:31:36.400,5340.8000,53406,0,8168971120.000,1,0,1,空换,B,5340.0000,5339.8000,5339.0000,5338.8000,5338.6000,5341.0000,5341.4000,5342.0000,5342.2000,5343.2000,1,1,1,1,1,1,1,1,1,2
SF,IC2003,2020-01-03 13:31:36.900,5340.8000,53406,0,8168971120.000,0,-,-,-,-,5340.0000,5339.8000,5339.0000,5338.8000,5338.6000,5341.0000,5341.4000,5342.2000,5343.2000,5343.8000,1,1,1,1,1,1,1,1,2,2
SF,IC2003,2020-01-03 13:31:37.400,5340.8000,53406,0,8168971120.000,0,-,-,-,-,5340.2000,5340.0000,5339.8000,5339.0000,5338.8000,5341.0000,5341.4000,5342.2000,5343.2000,5343.8000,2,1,1,1,1,1,1,1,2,2
SF,IC2003,2020-01-03 13:31:37.900,5340.8000,53406,0,8168971120.000,0,-,-,-,-,5340.2000,5340.0000,5339.8000,5339.0000,5338.8000,5340.8000,5341.0000,5341.4000,5342.2000,5343.2000,2,1,1,1,1,1,1,1,1,2
SF,IC2003,2020-01-03 13:31:38.900,5340.2000,53408,2,8171107200.000,2,2,0,双开,B,5340.0000,5339.8000,5339.0000,5338.8000,5338.6000,5340.2000,5340.8000,5341.0000,5341.4000,5342.2000,1,1,1,1,1,3,1,1,1,1
SF,IC2003,2020-01-03 13:31:39.400,5340.2000,53408,0,8174311320.000,3,1,2,空换,B,5340.2000,5340.0000,5339.8000,5339.0000,5338.8000,5340.8000,5341.0000,5341.4000,5342.2000,5343.2000,3,2,2,1,1,1,1,1,1,2
SF,IC2003,2020-01-03 13:31:39.900,5340.2000,53409,1,8178583480.000,4,2,2,多开,B,5340.2000,5340.0000,5339.8000,5339.0000,5338.8000,5340.6000,5340.8000,5341.0000,5341.4000,5342.2000,2,2,1,1,1,1,1,1,1,1
SF,IC2003,2020-01-03 13:31:40.400,5340.2000,53407,-2,8180719560.000,2,0,2,双平,B,5340.0000,5339.8000,5339.0000,5338.8000,5338.6000,5340.4000,5340.6000,5340.8000,5341.0000,5341.4000,1,1,1,1,1,2,1,1,1,1
SF,IC2003,2020-01-03 13:31:40.900,5340.2000,53407,0,8180719560.000,0,-,-,-,-,5340.0000,5339.8000,5339.0000,5338.8000,5338.6000,5340.4000,5340.6000,5340.8000,5341.0000,5341.4000,1,2,1,1,1,2,1,1,1,1
SF,IC2003,2020-01-03 13:31:41.900,5340.2000,53407,0,8180719560.000,0,-,-,-,-,5340.0000,5339.8000,5339.0000,5338.8000,5338.6000,5340.4000,5340.6000,5341.0000,5341.4000,5342.2000,1,2,1,1,1,2,1,1,1,1
SF,IC2003,2020-01-03 13:31:42.900,5340.2000,53407,0,8180719560.000,0,-,-,-,-,5340.0000,5339.8000,5339.0000,5338.8000,5338.6000,5340.2000,5340.4000,5340.6000,5341.0000,5341.4000,1,2,1,1,1,3,2,1,1,1
SF,IC2003,2020-01-03 13:31:43.400,5340.2000,53407,0,8181787600.000,1,0,1,空换,B,5340.0000,5339.8000,5339.0000,5338.8000,5338.6000,5340.2000,5340.4000,5340.6000,5341.4000,5342.2000,2,2,1,1,1,3,2,1,1,1
SF,IC2003,2020-01-03 13:31:43.900,5340.0000,53409,2,8183923600.000,2,2,0,双开,B,5339.8000,5339.0000,5338.8000,5338.6000,5338.0000,5340.2000,5340.4000,5340.6000,5341.4000,5342.2000,2,1,1,1,1,3,2,1,1,1
SF,IC2003,2020-01-03 13:31:44.400,5340.2000,53409,0,8184991640.000,1,0,1,空换,B,5339.8000,5339.0000,5338.8000,5338.6000,5338.0000,5340.2000,5340.4000,5340.6000,5341.4000,5342.2000,2,1,1,1,1,2,2,1,1,1
SF,IC2003,2020-01-03 13:31:44.900,5340.2000,53409,0,8184991640.000,0,-,-,-,-,5339.8000,5339.0000,5338.8000,5338.6000,5338.0000,5340.2000,5340.4000,5340.6000,5342.2000,5343.8000,2,1,1,1,1,2,2,1,1,2
SF,IC2003,2020-01-03 13:31:45.400,5340.2000,53409,0,8184991640.000,0,-,-,-,-,5339.8000,5339.0000,5338.8000,5338.6000,5338.0000,5340.2000,5340.4000,5340.6000,5342.2000,5343.8000,2,1,1,1,1,2,2,1,1,2
SF,IC2003,2020-01-03 13:31:47.400,5340.2000,53409,0,8184991640.000,0,-,-,-,-,5339.8000,5339.0000,5338.8000,5338.6000,5338.0000,5340.2000,5340.4000,5340.6000,5342.2000,5343.8000,2,1,1,1,1,2,2,1,1,2
SF,IC2003,2020-01-03 13:31:52.400,5340.2000,53409,0,8184991640.000,0,-,-,-,-,5339.8000,5339.0000,5338.8000,5338.6000,5338.0000,5340.2000,5340.4000,5340.6000,5342.2000,5343.8000,2,1,1,1,1,2,2,1,1,2
SF,IC2003,2020-01-03 13:31:54.400,5339.8000,53411,2,8187127560.000,2,2,0,双开,B,5339.0000,5338.8000,5338.6000,5338.0000,5337.0000,5339.8000,5340.2000,5340.4000,5340.6000,5342.2000,1,1,1,1,1,1,2,2,1,1
SF,IC2003,2020-01-03 13:31:54.900,5339.8000,53411,0,8188195520.000,1,0,1,空换,B,5339.2000,5339.0000,5338.8000,5338.6000,5338.0000,5340.2000,5340.4000,5340.6000,5342.2000,5343.8000,3,2,1,1,1,2,2,1,1,2
SF,IC2003,2020-01-03 13:31:55.400,5339.8000,53411,0,8188195520.000,0,-,-,-,-,5339.4000,5339.2000,5339.0000,5338.8000,5338.6000,5340.2000,5340.4000,5340.6000,5342.2000,5343.8000,1,3,2,1,1,2,2,1,1,2
SF,IC2003,2020-01-03 13:31:55.900,5339.8000,53411,0,8188195520.000,0,-,-,-,-,5339.4000,5339.2000,5339.0000,5338.8000,5338.6000,5340.2000,5340.4000,5340.6000,5342.2000,5343.8000,1,1,2,1,1,2,2,1,1,2
SF,IC2003,2020-01-03 13:31:56.400,5339.8000,53411,0,8188195520.000,0,-,-,-,-,5339.4000,5339.0000,5338.8000,5338.6000,5338.0000,5340.2000,5340.4000,5340.6000,5342.2000,5343.8000,1,2,1,1,1,2,2,1,1,2
SF,IC2003,2020-01-03 13:31:56.900,5339.8000,53411,0,8188195520.000,0,-,-,-,-,5339.0000,5338.8000,5338.6000,5338.0000,5337.0000,5340.0000,5340.2000,5340.6000,5342.2000,5343.8000,2,1,1,1,1,2,2,1,1,2
SF,IC2003,2020-01-03 13:31:57.400,5339.8000,53411,0,8188195520.000,0,-,-,-,-,5339.2000,5339.0000,5338.8000,5338.6000,5338.0000,5340.0000,5340.2000,5340.6000,5342.2000,5343.8000,1,2,1,1,1,2,2,1,1,2
SF,IC2003,2020-01-03 13:31:57.900,5339.8000,53411,0,8188195520.000,0,-,-,-,-,5339.0000,5338.8000,5338.6000,5338.0000,5337.0000,5340.0000,5340.2000,5340.6000,5342.2000,5343.8000,2,1,1,1,1,2,2,1,1,2
SF,IC2003,2020-01-03 13:31:59.400,5339.8000,53411,0,8188195520.000,0,-,-,-,-,5339.2000,5339.0000,5338.8000,5338.6000,5338.0000,5340.0000,5340.2000,5340.6000,5342.2000,5343.8000,1,2,1,1,1,2,2,1,1,2
SF,IC2003,2020-01-03 13:31:59.900,5339.8000,53411,0,8188195520.000,0,-,-,-,-,5339.4000,5339.2000,5339.0000,5338.8000,5338.6000,5340.2000,5340.6000,5342.2000,5343.8000,5344.2000,2,2,2,1,1,2,1,1,2,3
SF,IC2003,2020-01-03 13:32:00.400,5339.8000,53411,0,8188195520.000,0,-,-,-,-,5339.4000,5339.2000,5339.0000,5338.8000,5338.6000,5340.2000,5340.6000,5342.2000,5343.8000,5344.2000,2,1,2,1,1,2,1,1,2,3
SF,IC2003,2020-01-03 13:32:00.900,5339.4000,53412,1,8190331320.000,2,1,1,多开,B,5339.4000,5339.2000,5339.0000,5338.8000,5338.6000,5340.2000,5340.6000,5342.2000,5343.8000,5344.2000,1,1,2,1,1,2,1,1,2,3
SF,IC2003,2020-01-03 13:32:01.400,5340.2000,53412,0,8191399360.000,1,0,1,空换,B,5339.6000,5339.4000,5339.0000,5338.8000,5338.6000,5340.2000,5340.6000,5342.2000,5343.8000,5344.2000,2,1,2,2,1,1,1,1,2,3
SF,IC2003,2020-01-03 13:32:02.400,5340.2000,53412,0,8192467400.000,1,0,1,空换,B,5339.6000,5339.4000,5339.0000,5338.8000,5338.6000,5340.6000,5342.2000,5343.8000,5344.2000,5344.4000,2,1,2,2,1,1,1,2,3,1
SF,IC2003,2020-01-03 13:32:04.400,5340.2000,53412,0,8192467400.000,0,-,-,-,-,5339.6000,5339.4000,5339.0000,5338.8000,5338.6000,5340.4000,5340.6000,5342.2000,5343.8000,5344.2000,2,1,2,2,1,1,1,1,2,3
SF,IC2003,2020-01-03 13:32:04.900,5340.2000,53412,0,8192467400.000,0,-,-,-,-,5339.6000,5339.4000,5339.0000,5338.8000,5338.6000,5340.4000,5340.6000,5342.2000,5343.8000,5344.2000,2,1,2,1,1,1,1,1,2,3
SF,IC2003,2020-01-03 13:32:05.400,5340.2000,53412,0,8192467400.000,0,-,-,-,-,5339.8000,5339.6000,5339.4000,5339.0000,5338.8000,5340.4000,5340.6000,5342.2000,5343.8000,5344.2000,1,2,1,2,1,1,1,1,2,3
SF,IC2003,2020-01-03 13:32:06.900,5339.6000,53413,1,8194603280.000,2,1,1,多开,B,5339.6000,5339.4000,5339.0000,5338.8000,5338.6000,5340.4000,5340.6000,5342.2000,5343.8000,5344.2000,1,1,2,1,1,1,1,1,2,3
SF,IC2003,2020-01-03 13:32:07.400,5339.6000,53413,0,8194603280.000,0,-,-,-,-,5339.6000,5339.4000,5339.0000,5338.8000,5338.6000,5340.2000,5340.4000,5340.6000,5342.2000,5343.8000,1,1,2,1,1,1,1,1,1,2
SF,IC2003,2020-01-03 13:32:07.900,5339.6000,53413,0,8194603280.000,0,-,-,-,-,5340.0000,5339.6000,5339.4000,5339.0000,5338.8000,5340.2000,5340.4000,5340.6000,5342.2000,5343.8000,1,1,1,2,1,1,1,1,1,2
SF,IC2003,2020-01-03 13:32:08.400,5340.2000,53413,0,8195671320.000,1,0,1,空换,B,5340.2000,5340.0000,5339.6000,5339.4000,5339.0000,5340.4000,5340.6000,5342.2000,5343.8000,5344.2000,1,1,1,1,1,1,1,1,2,3
SF,IC2003,2020-01-03 13:32:10.900,5340.4000,53413,0,8196739400.000,1,0,1,空换,B,5340.2000,5340.0000,5339.6000,5339.4000,5339.0000,5340.6000,5342.2000,5343.8000,5344.2000,5344.4000,1,1,1,1,1,1,1,2,3,1
SF,IC2003,2020-01-03 13:32:11.900,5340.4000,53413,0,8196739400.000,0,-,-,-,-,5340.2000,5340.0000,5339.6000,5339.4000,5339.0000,5342.2000,5343.8000,5344.2000,5344.4000,5345.0000,1,1,1,1,1,1,2,3,1,2
SF,IC2003,2020-01-03 13:32:12.400,5340.4000,53413,0,8196739400.000,0,-,-,-,-,5340.2000,5340.0000,5339.6000,5339.4000,5339.0000,5341.2000,5341.8000,5342.0000,5342.2000,5343.8000,1,1,1,1,1,1,2,5,2,2
SF,IC2003,2020-01-03 13:32:12.900,5340.4000,53413,0,8196739400.000,0,-,-,-,-,5340.2000,5340.0000,5339.6000,5339.4000,5339.0000,5341.0000,5341.2000,5341.8000,5342.2000,5343.8000,1,1,1,1,1,2,1,2,1,2
SF,IC2003,2020-01-03 13:32:13.400,5340.4000,53413,0,8196739400.000,0,-,-,-,-,5340.2000,5339.6000,5339.4000,5339.0000,5338.8000,5341.0000,5341.2000,5341.8000,5342.2000,5343.8000,1,1,1,1,1,2,1,2,1,2
SF,IC2003,2020-01-03 13:32:14.400,5340.4000,53413,0,8196739400.000,0,-,-,-,-,5340.6000,5340.2000,5339.6000,5339.4000,5339.0000,5341.0000,5341.2000,5341.8000,5342.2000,5343.8000,1,1,1,1,1,2,1,2,1,2
SF,IC2003,2020-01-03 13:32:14.900,5340.6000,53413,0,8197807520.000,1,0,1,空换,B,5340.2000,5339.6000,5339.4000,5339.0000,5338.8000,5341.0000,5341.2000,5341.8000,5342.2000,5343.8000,1,1,1,1,1,2,1,2,1,2
SF,IC2003,2020-01-03 13:32:15.400,5340.6000,53413,0,8197807520.000,0,-,-,-,-,5340.2000,5339.6000,5339.4000,5339.0000,5338.8000,5341.0000,5341.8000,5342.2000,5343.8000,5344.2000,1,2,1,1,1,2,2,1,2,3
SF,IC2003,2020-01-03 13:32:15.900,5340.6000,53413,0,8197807520.000,0,-,-,-,-,5340.2000,5339.6000,5339.4000,5339.0000,5338.8000,5341.0000,5342.2000,5343.8000,5344.2000,5344.4000,1,2,1,1,1,2,1,2,3,1
SF,IC2003,2020-01-03 13:32:16.400,5340.6000,53413,0,8197807520.000,0,-,-,-,-,5340.4000,5340.2000,5339.6000,5339.4000,5339.0000,5341.0000,5342.2000,5343.8000,5344.2000,5344.4000,1,1,1,1,1,2,1,2,3,1
SF,IC2003,2020-01-03 13:32:16.900,5340.6000,53413,0,8197807520.000,0,-,-,-,-,5340.4000,5340.2000,5339.6000,5339.4000,5339.0000,5342.2000,5343.8000,5344.2000,5344.4000,5345.0000,1,1,1,1,1,1,2,3,1,2
SF,IC2003,2020-01-03 13:32:17.400,5340.6000,53413,0,8197807520.000,0,-,-,-,-,5340.6000,5340.4000,5340.2000,5339.6000,5339.0000,5341.8000,5342.0000,5342.2000,5342.4000,5343.8000,1,1,1,1,1,2,3,1,1,2
SF,IC2003,2020-01-03 13:32:17.900,5340.2000,53413,0,8199943640.000,2,1,1,空换,B,5339.6000,5339.0000,5338.8000,5338.6000,5338.0000,5341.6000,5342.2000,5342.4000,5343.8000,5344.2000,1,1,1,1,1,3,1,1,2,3
SF,IC2003,2020-01-03 13:32:18.400,5340.2000,53413,0,8199943640.000,0,-,-,-,-,5340.0000,5339.8000,5339.6000,5339.0000,5338.8000,5341.6000,5342.2000,5343.8000,5344.2000,5344.4000,1,3,1,1,1,3,1,2,3,1
SF,IC2003,2020-01-03 13:32:18.900,5340.2000,53413,0,8199943640.000,0,-,-,-,-,5340.2000,5340.0000,5339.8000,5339.6000,5339.0000,5341.6000,5342.2000,5343.8000,5344.2000,5344.4000,2,1,1,1,1,3,1,2,3,1
SF,IC2003,2020-01-03 13:32:19.400,5340.2000,53413,0,8199943640.000,0,-,-,-,-,5340.2000,5340.0000,5339.8000,5339.6000,5339.0000,5341.4000,5341.6000,5342.2000,5343.8000,5344.2000,2,1,1,1,1,1,3,1,2,3
SF,IC2003,2020-01-03 13:32:19.900,5340.2000,53413,0,8199943640.000,0,-,-,-,-,5340.2000,5340.0000,5339.8000,5339.6000,5339.0000,5341.4000,5341.6000,5342.2000,5343.8000,5344.2000,2,1,1,1,1,1,2,1,2,3
SF,IC2003,2020-01-03 13:32:20.400,5340.2000,53414,1,8201011680.000,1,1,0,双开,B,5340.0000,5339.8000,5339.6000,5339.0000,5338.8000,5341.2000,5341.4000,5342.2000,5343.8000,5344.2000,1,1,1,1,1,2,1,1,2,3
SF,IC2003,2020-01-03 13:32:22.900,5340.2000,53414,0,8201011680.000,0,-,-,-,-,5340.2000,5340.0000,5339.8000,5339.6000,5339.0000,5341.2000,5341.4000,5342.2000,5343.8000,5344.2000,1,1,1,1,1,2,1,1,2,3
SF,IC2003,2020-01-03 13:32:26.900,5340.2000,53414,0,8201011680.000,0,-,-,-,-,5340.2000,5340.0000,5339.8000,5339.6000,5339.0000,5341.2000,5341.4000,5342.2000,5343.8000,5344.2000,1,1,1,1,1,2,1,1,2,3
SF,IC2003,2020-01-03 13:32:27.400,5340.2000,53414,0,8201011680.000,0,-,-,-,-,5340.0000,5339.6000,5339.0000,5338.8000,5338.6000,5341.2000,5341.4000,5342.2000,5343.8000,5344.2000,1,1,1,1,1,2,1,1,2,3
SF,IC2003,2020-01-03 13:32:28.400,5340.2000,53414,0,8201011680.000,0,-,-,-,-,5340.2000,5340.0000,5339.6000,5339.0000,5338.8000,5341.2000,5341.4000,5342.2000,5343.8000,5344.2000,1,1,1,1,1,2,1,1,2,3
SF,IC2003,2020-01-03 13:32:29.400,5341.0000,53414,0,8203148080.000,2,1,1,空换,B,5340.2000,5340.0000,5339.6000,5339.0000,5338.8000,5341.2000,5341.4000,5342.2000,5343.8000,5344.2000,1,1,1,1,1,2,1,1,2,3
SF,IC2003,2020-01-03 13:32:29.900,5341.0000,53414,0,8203148080.000,0,-,-,-,-,5340.6000,5340.2000,5340.0000,5339.6000,5339.0000,5341.2000,5341.4000,5342.2000,5343.8000,5344.2000,1,1,1,1,1,2,1,1,2,3
SF,IC2003,2020-01-03 13:32:31.900,5341.2000,53416,2,8205284560.000,2,2,0,双开,B,5341.0000,5340.8000,5340.6000,5340.2000,5340.0000,5341.4000,5342.2000,5343.8000,5344.2000,5344.4000,2,1,1,1,1,1,1,2,3,1
SF,IC2003,2020-01-03 13:32:32.400,5341.4000,53417,1,8206352840.000,1,1,0,双开,B,5340.8000,5340.2000,5339.6000,5339.0000,5338.8000,5342.2000,5343.8000,5344.2000,5344.4000,5345.0000,1,1,1,1,1,1,2,3,1,3
SF,IC2003,2020-01-03 13:32:32.900,5341.4000,53417,0,8206352840.000,0,-,-,-,-,5341.2000,5340.8000,5340.2000,5339.6000,5339.0000,5342.0000,5342.2000,5343.8000,5344.2000,5344.4000,1,1,1,1,1,1,1,2,3,1
SF,IC2003,2020-01-03 13:32:33.900,5341.4000,53417,0,8206352840.000,0,-,-,-,-,5341.8000,5341.2000,5340.8000,5340.2000,5339.6000,5342.0000,5342.2000,5343.8000,5344.2000,5344.4000,2,1,1,1,1,1,1,2,3,1
SF,IC2003,2020-01-03 13:32:34.400,5342.0000,53417,0,8207421240.000,1,0,1,空换,B,5342.0000,5340.8000,5340.2000,5339.6000,5339.0000,5342.2000,5343.8000,5344.2000,5344.4000,5345.0000,1,1,1,1,1,1,2,3,1,3
SF,IC2003,2020-01-03 13:32:34.900,5342.2000,53416,-1,8208489680.000,1,0,1,双平,B,5342.0000,5340.8000,5340.2000,5339.6000,5339.0000,5343.8000,5344.2000,5344.4000,5345.0000,5345.6000,1,1,1,1,1,2,3,1,3,4
SF,IC2003,2020-01-03 13:32:35.400,5342.2000,53416,0,8208489680.000,0,-,-,-,-,5342.0000,5340.8000,5340.2000,5339.6000,5339.0000,5343.2000,5343.4000,5343.6000,5343.8000,5344.2000,1,1,1,1,1,1,3,2,2,3
SF,IC2003,2020-01-03 13:32:35.900,5342.2000,53416,0,8208489680.000,0,-,-,-,-,5342.0000,5340.8000,5340.2000,5339.6000,5339.0000,5343.0000,5343.2000,5343.4000,5343.8000,5344.2000,1,1,1,1,1,3,1,1,2,3
SF,IC2003,2020-01-03 13:32:36.400,5342.2000,53416,0,8208489680.000,0,-,-,-,-,5342.2000,5342.0000,5340.8000,5340.2000,5339.6000,5342.8000,5343.0000,5343.2000,5343.8000,5344.2000,1,1,1,1,1,1,2,1,2,3
SF,IC2003,2020-01-03 13:32:36.900,5342.8000,53417,1,8209558240.000,1,1,0,双开,B,5342.2000,5342.0000,5340.8000,5340.2000,5339.6000,5342.8000,5343.2000,5343.8000,5344.2000,5344.4000,1,1,1,1,1,1,1,2,3,1
SF,IC2003,2020-01-03 13:32:37.400,5342.8000,53418,1,8210626800.000,1,1,0,双开,B,5342.8000,5342.4000,5342.2000,5340.8000,5340.2000,5343.0000,5343.8000,5344.2000,5344.4000,5345.0000,4,4,1,1,1,1,2,3,1,3
SF,IC2003,2020-01-03 13:32:37.900,5343.0000,53418,0,8211695400.000,1,0,1,空换,B,5343.0000,5342.8000,5342.4000,5340.8000,5340.2000,5343.8000,5344.2000,5344.4000,5345.0000,5345.6000,6,1,2,1,1,2,3,1,3,4
SF,IC2003,2020-01-03 13:32:38.400,5343.0000,53418,0,8211695400.000,0,-,-,-,-,5343.0000,5342.8000,5342.4000,5340.8000,5340.2000,5343.6000,5343.8000,5344.2000,5344.4000,5345.0000,5,1,2,1,1,2,2,3,1,3
SF,IC2003,2020-01-03 13:32:38.900,5343.0000,53418,0,8211695400.000,0,-,-,-,-,5343.0000,5342.8000,5342.4000,5340.8000,5340.2000,5343.4000,5343.6000,5343.8000,5344.2000,5344.4000,4,1,2,1,1,1,2,2,3,1
SF,IC2003,2020-01-03 13:32:39.400,5343.4000,53419,1,8213832760.000,2,1,1,多开,B,5343.2000,5343.0000,5342.8000,5342.4000,5340.8000,5343.4000,5343.8000,5344.2000,5344.4000,5345.0000,1,1,1,2,1,1,2,3,1,3
SF,IC2003,2020-01-03 13:32:39.900,5343.8000,53420,1,8215970200.000,2,1,1,多开,B,5343.4000,5343.2000,5343.0000,5342.8000,5342.4000,5343.8000,5344.2000,5344.4000,5345.0000,5345.6000,1,1,1,2,2,1,3,1,3,4
SF,IC2003,2020-01-03 13:32:40.400,5343.8000,53422,2,8219176480.000,3,2,1,多开,B,5343.2000,5343.0000,5342.8000,5342.4000,5340.8000,5344.2000,5344.4000,5345.0000,5345.6000,5346.0000,1,1,1,2,1,3,1,3,4,1
SF,IC2003,2020-01-03 13:32:40.900,5343.8000,53422,0,8219176480.000,0,-,-,-,-,5343.4000,5343.2000,5343.0000,5342.8000,5340.8000,5344.2000,5344.4000,5345.0000,5345.6000,5346.0000,4,1,1,1,1,3,1,3,4,1
SF,IC2003,2020-01-03 13:32:41.900,5343.8000,53422,0,8219176480.000,0,-,-,-,-,5343.4000,5343.2000,5343.0000,5342.8000,5340.8000,5344.2000,5344.4000,5345.0000,5345.6000,5346.0000,3,1,1,1,1,3,1,3,4,1
SF,IC2003,2020-01-03 13:32:42.900,5344.2000,53423,1,8220245320.000,1,1,0,双开,B,5343.6000,5343.4000,5343.2000,5343.0000,5342.8000,5344.0000,5344.2000,5344.4000,5345.0000,5345.6000,1,3,1,1,1,1,2,1,3,4
SF,IC2003,2020-01-03 13:32:43.400,5344.2000,53424,1,8223451800.000,3,2,1,多开,B,5344.0000,5343.4000,5343.2000,5343.0000,5340.8000,5344.4000,5345.0000,5345.6000,5346.0000,5346.6000,1,2,1,1,1,1,3,4,1,2
SF,IC2003,2020-01-03 13:32:43.900,5344.2000,53424,0,8223451800.000,0,-,-,-,-,5343.4000,5343.2000,5343.0000,5340.8000,5340.2000,5344.4000,5345.0000,5345.6000,5346.0000,5346.6000,2,1,1,1,1,1,3,4,1,2
SF,IC2003,2020-01-03 13:32:44.400,5344.2000,53424,0,8223451800.000,0,-,-,-,-,5343.6000,5343.4000,5343.2000,5343.0000,5340.8000,5344.2000,5344.4000,5345.0000,5345.6000,5346.0000,2,2,1,1,1,1,1,3,4,1
SF,IC2003,2020-01-03 13:32:44.900,5344.2000,53425,1,8224520640.000,1,1,0,双开,B,5343.6000,5343.4000,5343.2000,5343.0000,5340.8000,5344.4000,5345.0000,5345.6000,5346.0000,5346.6000,2,2,1,1,1,1,3,4,1,2
SF,IC2003,2020-01-03 13:32:45.900,5344.2000,53425,0,8224520640.000,0,-,-,-,-,5343.6000,5343.4000,5343.2000,5343.0000,5340.8000,5344.4000,5345.0000,5345.6000,5346.0000,5346.6000,1,2,1,1,1,1,3,4,1,2
SF,IC2003,2020-01-03 13:32:46.400,5344.2000,53425,0,8224520640.000,0,-,-,-,-,5343.4000,5343.2000,5343.0000,5340.8000,5340.2000,5344.4000,5345.0000,5345.6000,5346.0000,5346.6000,2,1,1,1,1,1,3,4,1,2
SF,IC2003,2020-01-03 13:32:47.400,5344.2000,53425,0,8224520640.000,0,-,-,-,-,5344.2000,5343.6000,5343.4000,5343.2000,5343.0000,5344.4000,5345.0000,5345.6000,5346.0000,5346.6000,1,4,2,1,1,1,3,4,1,2
SF,IC2003,2020-01-03 13:32:47.900,5344.4000,53424,-1,8225589520.000,1,0,1,双平,B,5343.4000,5343.2000,5340.8000,5340.2000,5339.0000,5345.0000,5345.6000,5346.0000,5346.6000,5347.0000,2,1,1,1,1,3,4,1,2,2
SF,IC2003,2020-01-03 13:32:48.400,5344.4000,53424,0,8225589520.000,0,-,-,-,-,5343.2000,5340.8000,5340.2000,5339.0000,5338.8000,5344.6000,5344.8000,5345.0000,5345.6000,5346.0000,1,1,1,1,1,1,2,3,4,1
SF,IC2003,2020-01-03 13:32:48.900,5344.4000,53424,0,8225589520.000,0,-,-,-,-,5343.4000,5343.2000,5340.8000,5340.2000,5339.0000,5344.4000,5344.6000,5345.0000,5345.6000,5346.0000,1,1,1,1,1,2,1,3,4,1
SF,IC2003,2020-01-03 13:32:49.400,5344.4000,53424,0,8225589520.000,0,-,-,-,-,5343.4000,5343.2000,5340.8000,5340.2000,5339.0000,5344.4000,5344.6000,5345.0000,5345.6000,5346.0000,1,1,1,1,1,2,1,3,4,1
SF,IC2003,2020-01-03 13:32:49.900,5344.4000,53424,0,8226658400.000,1,0,1,空换,B,5343.6000,5343.4000,5343.2000,5340.8000,5340.2000,5344.4000,5345.0000,5345.6000,5346.0000,5346.6000,2,1,1,1,1,2,3,4,1,2
SF,IC2003,2020-01-03 13:32:50.400,5344.4000,53424,0,8226658400.000,0,-,-,-,-,5343.2000,5340.8000,5340.2000,5339.0000,5338.8000,5345.0000,5345.6000,5346.0000,5346.6000,5347.0000,1,1,1,1,1,3,1,1,2,2
SF,IC2003,2020-01-03 13:32:50.900,5344.4000,53424,0,8226658400.000,0,-,-,-,-,5343.4000,5343.2000,5340.8000,5340.2000,5339.0000,5344.8000,5345.0000,5345.6000,5346.0000,5346.6000,4,1,1,1,1,3,3,1,1,2
SF,IC2003,2020-01-03 13:32:51.400,5344.4000,53424,0,8226658400.000,0,-,-,-,-,5343.4000,5343.2000,5340.8000,5340.2000,5339.0000,5344.8000,5345.0000,5345.6000,5346.0000,5346.6000,4,1,1,1,1,3,2,1,1,2
SF,IC2003,2020-01-03 13:32:51.900,5344.4000,53424,0,8226658400.000,0,-,-,-,-,5343.4000,5343.2000,5340.8000,5340.2000,5339.0000,5344.6000,5344.8000,5345.0000,5345.6000,5346.0000,4,1,1,1,1,1,3,2,1,1
SF,IC2003,2020-01-03 13:32:52.900,5344.4000,53424,0,8226658400.000,0,-,-,-,-,5343.4000,5343.2000,5340.8000,5340.2000,5339.0000,5344.4000,5344.6000,5344.8000,5345.0000,5345.6000,4,1,1,1,1,2,1,3,2,1
SF,IC2003,2020-01-03 13:32:53.400,5344.4000,53424,0,8226658400.000,0,-,-,-,-,5343.4000,5343.2000,5340.8000,5340.2000,5339.0000,5344.2000,5344.4000,5344.8000,5345.0000,5345.6000,2,1,1,1,1,3,2,1,2,1
SF,IC2003,2020-01-03 13:32:53.900,5344.4000,53424,0,8226658400.000,0,-,-,-,-,5343.4000,5343.2000,5340.8000,5340.2000,5339.0000,5344.2000,5344.4000,5344.8000,5345.0000,5345.6000,2,1,1,1,1,3,2,1,2,1
SF,IC2003,2020-01-03 13:32:54.900,5344.4000,53424,0,8226658400.000,0,-,-,-,-,5343.4000,5343.2000,5340.8000,5340.6000,5340.2000,5344.2000,5344.4000,5345.0000,5345.6000,5346.0000,1,1,1,1,1,3,2,2,1,1
SF,IC2003,2020-01-03 13:32:55.400,5344.4000,53424,0,8226658400.000,0,-,-,-,-,5343.8000,5343.6000,5343.4000,5343.2000,5340.8000,5344.2000,5344.4000,5345.0000,5345.6000,5346.0000,2,1,1,1,1,3,2,2,1,1
SF,IC2003,2020-01-03 13:32:55.900,5343.8000,53426,2,8229864680.000,3,2,1,多开,B,5343.2000,5340.8000,5340.6000,5340.2000,5339.0000,5344.2000,5344.4000,5345.0000,5345.6000,5346.0000,1,1,1,1,1,3,2,2,1,1
SF,IC2003,2020-01-03 13:32:56.400,5343.8000,53426,0,8229864680.000,0,-,-,-,-,5343.4000,5343.2000,5340.8000,5340.6000,5340.2000,5344.0000,5344.2000,5344.4000,5345.0000,5345.6000,1,1,1,1,1,1,3,2,2,1
SF,IC2003,2020-01-03 13:32:56.900,5343.4000,53427,1,8230933360.000,1,1,0,双开,B,5343.2000,5340.8000,5340.6000,5340.2000,5339.0000,5343.8000,5344.0000,5344.4000,5345.0000,5345.6000,1,1,1,1,1,3,1,2,2,1
SF,IC2003,2020-01-03 13:32:57.400,5343.2000,53427,0,8232002000.000,1,0,1,空换,B,5340.8000,5340.6000,5340.2000,5339.0000,5338.8000,5343.2000,5343.6000,5343.8000,5344.4000,5345.0000,1,1,1,1,1,3,1,3,2,2
SF,IC2003,2020-01-03 13:32:57.900,5343.2000,53427,0,8232002000.000,0,-,-,-,-,5341.6000,5341.0000,5340.8000,5340.6000,5340.2000,5343.0000,5343.2000,5343.6000,5344.4000,5345.0000,1,4,2,1,1,3,3,1,2,2
SF,IC2003,2020-01-03 13:32:58.400,5343.2000,53427,0,8232002000.000,0,-,-,-,-,5341.8000,5341.6000,5341.0000,5340.8000,5340.6000,5343.0000,5343.2000,5343.6000,5344.4000,5345.0000,6,1,2,2,1,3,3,1,2,2
SF,IC2003,2020-01-03 13:32:58.900,5343.2000,53427,0,8232002000.000,0,-,-,-,-,5341.8000,5341.6000,5341.0000,5340.8000,5340.6000,5343.0000,5343.2000,5344.4000,5345.0000,5345.6000,6,1,2,2,1,3,3,2,2,1
SF,IC2003,2020-01-03 13:32:59.400,5343.2000,53427,0,8232002000.000,0,-,-,-,-,5341.8000,5341.6000,5341.0000,5340.8000,5340.6000,5343.0000,5343.2000,5344.2000,5344.4000,5345.0000,6,1,1,2,1,3,3,2,2,2
SF,IC2003,2020-01-03 13:33:00.400,5343.2000,53427,0,8232002000.000,0,-,-,-,-,5342.6000,5342.4000,5341.8000,5341.6000,5341.0000,5343.0000,5343.2000,5344.2000,5344.4000,5345.0000,1,1,6,1,1,3,3,2,2,2
SF,IC2003,2020-01-03 13:33:00.900,5343.2000,53427,0,8232002000.000,0,-,-,-,-,5342.8000,5342.6000,5342.4000,5341.8000,5341.6000,5343.0000,5343.2000,5344.2000,5344.4000,5345.0000,1,1,1,5,1,1,2,2,2,2
SF,IC2003,2020-01-03 13:33:01.400,5343.2000,53429,2,8234139240.000,2,2,0,双开,B,5343.0000,5342.6000,5342.4000,5341.8000,5341.0000,5344.2000,5344.4000,5345.0000,5345.6000,5346.0000,2,1,1,3,1,2,2,2,1,1
SF,IC2003,2020-01-03 13:33:01.900,5343.2000,53429,0,8234139240.000,0,-,-,-,-,5343.2000,5343.0000,5342.4000,5341.8000,5341.0000,5344.2000,5344.4000,5345.0000,5345.6000,5346.0000,5,2,1,1,1,2,2,2,1,1
SF,IC2003,2020-01-03 13:33:02.400,5343.2000,53429,0,8234139240.000,0,-,-,-,-,5343.2000,5343.0000,5342.4000,5341.8000,5341.0000,5344.0000,5344.2000,5344.4000,5345.0000,5345.6000,3,2,1,1,1,1,2,2,2,1
SF,IC2003,2020-01-03 13:33:02.900,5343.2000,53429,0,8234139240.000,0,-,-,-,-,5343.2000,5343.0000,5342.4000,5341.8000,5341.0000,5344.2000,5344.4000,5345.0000,5345.6000,5346.0000,3,2,1,1,1,2,2,2,1,1
SF,IC2003,2020-01-03 13:33:03.400,5343.2000,53429,0,8234139240.000,0,-,-,-,-,5343.4000,5343.2000,5343.0000,5342.4000,5342.0000,5344.0000,5344.2000,5344.4000,5345.0000,5345.6000,1,1,2,1,1,3,2,2,2,1
SF,IC2003,2020-01-03 13:33:03.900,5343.2000,53429,0,8234139240.000,0,-,-,-,-,5343.6000,5343.4000,5343.2000,5343.0000,5342.4000,5344.0000,5344.2000,5344.4000,5345.0000,5345.6000,1,1,1,2,1,1,2,2,2,1
SF,IC2003,2020-01-03 13:33:04.400,5343.6000,53428,-1,8235207960.000,1,0,1,双平,B,5343.4000,5343.2000,5343.0000,5342.4000,5342.0000,5344.0000,5344.2000,5344.4000,5345.0000,5345.6000,1,1,2,1,1,1,2,2,2,1
SF,IC2003,2020-01-03 13:33:04.900,5343.4000,53428,0,8236276640.000,1,0,1,空换,B,5343.2000,5343.0000,5342.4000,5342.0000,5341.8000,5344.0000,5344.2000,5344.4000,5345.0000,5345.6000,1,2,1,1,1,1,2,2,2,1
SF,IC2003,2020-01-03 13:33:05.400,5343.4000,53428,0,8236276640.000,0,-,-,-,-,5343.2000,5343.0000,5342.4000,5342.0000,5341.8000,5343.8000,5344.0000,5344.2000,5344.4000,5345.0000,1,2,1,1,1,2,1,2,2,2
SF,IC2003,2020-01-03 13:33:05.900,5343.8000,53430,2,8238414160.000,2,2,0,双开,B,5343.8000,5343.2000,5343.0000,5342.0000,5341.8000,5344.0000,5344.2000,5344.4000,5345.0000,5345.6000,3,1,2,1,1,1,2,2,2,1
SF,IC2003,2020-01-03 13:33:06.400,5344.0000,53431,1,8243757960.000,5,3,2,多开,B,5343.2000,5343.0000,5342.0000,5341.8000,5341.0000,5344.2000,5344.4000,5345.0000,5345.6000,5346.0000,1,2,1,1,1,2,2,2,1,1
SF,IC2003,2020-01-03 13:33:06.900,5344.0000,53431,0,8243757960.000,0,-,-,-,-,5344.0000,5343.4000,5343.2000,5343.0000,5342.0000,5344.2000,5344.4000,5345.0000,5345.6000,5346.0000,1,2,1,1,1,2,2,2,1,1
SF,IC2003,2020-01-03 13:33:07.400,5344.0000,53431,0,8243757960.000,0,-,-,-,-,5344.0000,5343.6000,5343.4000,5343.2000,5343.0000,5344.2000,5344.4000,5345.0000,5345.6000,5346.0000,1,1,2,1,1,2,2,2,1,1
SF,IC2003,2020-01-03 13:33:07.900,5344.0000,53432,1,8245895560.000,2,1,1,多开,B,5343.4000,5343.2000,5343.0000,5342.0000,5341.8000,5344.2000,5344.4000,5345.0000,5345.6000,5346.0000,2,1,1,1,1,2,2,2,1,1
SF,IC2003,2020-01-03 13:33:08.400,5344.0000,53432,0,8245895560.000,0,-,-,-,-,5343.2000,5343.0000,5342.0000,5341.8000,5341.0000,5344.2000,5344.4000,5345.0000,5345.6000,5346.0000,1,1,1,1,1,2,2,2,1,1
SF,IC2003,2020-01-03 13:33:09.400,5343.2000,53433,1,8246964200.000,1,1,0,双开,B,5343.0000,5342.0000,5341.8000,5341.0000,5340.8000,5344.2000,5344.4000,5345.0000,5345.6000,5346.0000,1,1,1,1,2,2,2,2,1,1
SF,IC2003,2020-01-03 13:33:09.900,5343.2000,53433,0,8246964200.000,0,-,-,-,-,5343.0000,5342.0000,5341.8000,5341.0000,5340.8000,5343.8000,5344.0000,5344.2000,5344.4000,5345.0000,1,1,1,1,2,1,3,2,2,2
SF,IC2003,2020-01-03 13:33:10.400,5343.0000,53437,4,8253375800.000,6,5,1,多开,B,5342.0000,5341.8000,5341.0000,5340.8000,5340.6000,5343.4000,5343.6000,5344.2000,5344.4000,5345.0000,1,1,1,2,1,1,2,2,2,2
SF,IC2003,2020-01-03 13:33:10.900,5342.2000,53437,0,8255512680.000,2,1,1,空换,B,5342.0000,5341.0000,5340.8000,5340.6000,5340.2000,5342.8000,5343.0000,5343.2000,5344.2000,5344.4000,1,1,2,1,1,1,1,2,2,2
SF,IC2003,2020-01-03 13:33:11.400,5342.2000,53437,0,8255512680.000,0,-,-,-,-,5342.0000,5340.8000,5340.6000,5340.2000,5339.0000,5342.4000,5343.0000,5343.2000,5344.2000,5344.4000,1,2,1,1,1,1,1,2,2,2
SF,IC2003,2020-01-03 13:33:11.900,5342.0000,53437,0,8256581080.000,1,0,1,空换,B,5340.8000,5340.6000,5340.2000,5339.0000,5338.8000,5342.4000,5343.2000,5344.2000,5344.4000,5345.0000,2,1,1,1,1,1,2,2,2,2
SF,IC2003,2020-01-03 13:33:12.400,5342.0000,53437,0,8256581080.000,0,-,-,-,-,5341.0000,5340.8000,5340.6000,5340.2000,5339.0000,5342.4000,5343.2000,5344.2000,5344.4000,5345.0000,2,2,1,1,1,1,2,2,2,2
SF,IC2003,2020-01-03 13:33:12.900,5342.0000,53437,0,8256581080.000,0,-,-,-,-,5341.0000,5340.8000,5340.6000,5340.2000,5339.0000,5343.2000,5344.2000,5344.4000,5345.0000,5345.2000,2,2,1,1,1,2,2,2,2,1
SF,IC2003,2020-01-03 13:33:13.400,5342.0000,53437,0,8256581080.000,0,-,-,-,-,5341.0000,5340.8000,5340.6000,5340.2000,5339.0000,5342.8000,5343.2000,5344.2000,5344.4000,5345.0000,2,2,1,1,1,3,2,2,2,2
SF,IC2003,2020-01-03 13:33:13.900,5342.0000,53437,0,8256581080.000,0,-,-,-,-,5341.0000,5340.8000,5340.6000,5340.2000,5339.0000,5342.6000,5342.8000,5344.2000,5344.4000,5345.0000,2,2,1,1,1,3,1,2,2,2
SF,IC2003,2020-01-03 13:33:15.400,5342.0000,53437,0,8256581080.000,0,-,-,-,-,5341.2000,5341.0000,5340.8000,5340.6000,5340.2000,5342.6000,5342.8000,5344.2000,5344.4000,5345.0000,2,2,2,1,1,3,1,2,2,2
SF,IC2003,2020-01-03 13:33:15.900,5342.0000,53437,0,8256581080.000,0,-,-,-,-,5341.4000,5341.2000,5340.8000,5340.6000,5340.2000,5342.8000,5344.2000,5344.4000,5345.0000,5345.2000,2,2,2,1,1,1,2,2,2,1
SF,IC2003,2020-01-03 13:33:16.900,5342.0000,53437,0,8256581080.000,0,-,-,-,-,5341.4000,5341.2000,5340.8000,5340.6000,5340.2000,5342.8000,5344.2000,5344.4000,5345.0000,5345.2000,2,2,2,1,1,1,2,2,2,1
SF,IC2003,2020-01-03 13:33:17.900,5341.4000,53438,1,8257649360.000,1,1,0,双开,B,5341.4000,5341.2000,5340.8000,5340.6000,5340.2000,5342.6000,5342.8000,5344.2000,5344.4000,5345.0000,1,2,2,1,1,1,2,2,2,2
SF,IC2003,2020-01-03 13:33:19.400,5341.4000,53438,0,8257649360.000,0,-,-,-,-,5341.4000,5340.8000,5340.6000,5340.2000,5339.0000,5342.4000,5342.6000,5342.8000,5344.2000,5344.4000,1,2,1,1,1,1,1,2,2,2
SF,IC2003,2020-01-03 13:33:19.900,5341.4000,53438,0,8257649360.000,0,-,-,-,-,5340.8000,5340.6000,5340.2000,5339.0000,5338.8000,5342.4000,5342.6000,5342.8000,5344.2000,5344.4000,2,1,1,1,1,1,1,2,2,2
SF,IC2003,2020-01-03 13:33:20.400,5341.4000,53438,0,8257649360.000,0,-,-,-,-,5341.0000,5340.8000,5340.6000,5340.2000,5339.0000,5342.2000,5342.4000,5342.6000,5342.8000,5344.2000,2,2,1,1,1,2,1,1,2,2
SF,IC2003,2020-01-03 13:33:21.400,5341.4000,53438,0,8257649360.000,0,-,-,-,-,5341.2000,5341.0000,5340.8000,5340.6000,5340.2000,5342.2000,5342.4000,5342.6000,5342.8000,5344.2000,1,2,2,1,1,2,1,1,2,2
SF,IC2003,2020-01-03 13:33:21.900,5341.4000,53438,0,8257649360.000,0,-,-,-,-,5341.4000,5341.2000,5340.8000,5340.6000,5340.2000,5342.4000,5342.6000,5342.8000,5344.2000,5344.4000,2,1,2,1,1,1,1,2,2,2
SF,IC2003,2020-01-03 13:33:22.400,5342.4000,53438,0,8258717840.000,1,0,1,空换,B,5341.4000,5341.2000,5340.8000,5340.6000,5340.2000,5342.2000,5342.6000,5342.8000,5344.2000,5344.4000,2,1,2,1,1,1,1,2,2,2
SF,IC2003,2020-01-03 13:33:22.900,5342.6000,53439,1,8260854800.000,2,1,1,多开,B,5342.2000,5342.0000,5341.6000,5341.4000,5341.2000,5342.8000,5344.2000,5344.4000,5345.0000,5345.2000,5,1,3,3,1,2,2,2,2,1
SF,IC2003,2020-01-03 13:33:23.400,5342.8000,53440,1,8261923360.000,1,1,0,双开,B,5342.8000,5342.4000,5342.2000,5341.6000,5341.4000,5344.2000,5344.4000,5345.0000,5345.2000,5345.6000,2,1,2,2,2,2,2,2,1,2
SF,IC2003,2020-01-03 13:33:23.900,5342.8000,53440,0,8261923360.000,0,-,-,-,-,5342.8000,5342.4000,5342.2000,5341.6000,5341.4000,5344.0000,5344.2000,5344.4000,5345.0000,5345.2000,2,1,2,2,2,3,2,2,2,1
SF,IC2003,2020-01-03 13:33:24.900,5342.8000,53440,0,8261923360.000,0,-,-,-,-,5343.0000,5342.8000,5342.4000,5342.2000,5341.6000,5344.0000,5344.2000,5344.4000,5345.0000,5345.2000,1,2,1,2,2,3,2,2,2,1
SF,IC2003,2020-01-03 13:33:26.900,5342.8000,53440,0,8261923360.000,0,-,-,-,-,5343.2000,5343.0000,5342.8000,5342.2000,5341.6000,5344.0000,5344.2000,5344.4000,5345.0000,5345.2000,1,1,2,2,2,2,2,2,2,1
SF,IC2003,2020-01-03 13:33:27.400,5342.8000,53440,0,8261923360.000,0,-,-,-,-,5343.2000,5343.0000,5342.8000,5342.2000,5341.6000,5343.8000,5344.2000,5344.4000,5345.0000,5345.2000,1,1,2,2,2,2,2,2,2,1
SF,IC2003,2020-01-03 13:33:27.900,5342.8000,53440,0,8261923360.000,0,-,-,-,-,5343.2000,5343.0000,5342.8000,5342.2000,5341.6000,5344.0000,5344.2000,5344.4000,5345.0000,5345.2000,1,1,2,2,2,2,2,2,2,1
SF,IC2003,2020-01-03 13:33:28.400,5342.8000,53440,0,8261923360.000,0,-,-,-,-,5343.2000,5343.0000,5342.8000,5341.6000,5341.4000,5344.0000,5344.2000,5344.4000,5345.0000,5345.2000,1,1,2,2,2,2,2,2,2,1
SF,IC2003,2020-01-03 13:33:28.900,5342.8000,53440,0,8261923360.000,0,-,-,-,-,5343.4000,5343.2000,5343.0000,5342.8000,5341.6000,5344.0000,5344.2000,5344.4000,5345.0000,5345.2000,1,1,1,2,2,2,2,2,2,1
SF,IC2003,2020-01-03 13:33:30.400,5342.8000,53440,0,8261923360.000,0,-,-,-,-,5343.6000,5343.0000,5342.8000,5341.6000,5341.4000,5344.0000,5344.2000,5344.4000,5345.0000,5345.2000,1,1,2,2,2,2,2,2,2,1
SF,IC2003,2020-01-03 13:33:30.900,5344.0000,53440,0,8262992160.000,1,0,1,空换,B,5343.6000,5343.0000,5342.8000,5341.6000,5341.4000,5344.0000,5344.2000,5344.4000,5345.0000,5345.2000,1,1,2,2,2,1,2,2,2,1
SF,IC2003,2020-01-03 13:33:31.400,5344.0000,53440,0,8264060960.000,1,0,1,空换,B,5341.6000,5341.4000,5341.2000,5340.8000,5340.6000,5344.2000,5344.4000,5345.0000,5345.2000,5345.6000,2,2,1,2,1,2,2,2,1,2
SF,IC2003,2020-01-03 13:33:31.900,5344.0000,53440,0,8264060960.000,0,-,-,-,-,5342.6000,5341.8000,5341.6000,5341.2000,5340.8000,5344.0000,5344.2000,5344.4000,5345.0000,5345.2000,2,8,2,1,1,2,2,2,2,1
SF,IC2003,2020-01-03 13:33:32.400,5344.0000,53440,0,8264060960.000,0,-,-,-,-,5343.0000,5342.8000,5342.6000,5341.8000,5341.6000,5344.0000,5344.2000,5344.4000,5345.0000,5345.2000,1,5,1,5,2,2,2,2,2,1
SF,IC2003,2020-01-03 13:33:32.900,5344.0000,53440,0,8264060960.000,0,-,-,-,-,5343.0000,5342.8000,5342.6000,5341.8000,5341.6000,5344.0000,5344.2000,5344.4000,5345.0000,5345.2000,1,5,1,3,2,2,2,2,2,1
SF,IC2003,2020-01-03 13:33:33.400,5344.0000,53441,1,8265129760.000,1,1,0,双开,B,5343.0000,5342.8000,5342.6000,5341.8000,5341.6000,5344.0000,5344.2000,5344.4000,5345.0000,5345.2000,1,5,1,3,2,1,2,2,2,1
SF,IC2003,2020-01-03 13:33:33.900,5344.0000,53441,0,8265129760.000,0,-,-,-,-,5343.2000,5343.0000,5342.8000,5342.6000,5341.8000,5344.2000,5344.4000,5345.0000,5345.2000,5345.6000,2,1,3,1,3,2,2,2,1,2
SF,IC2003,2020-01-03 13:33:34.900,5344.0000,53441,0,8265129760.000,0,-,-,-,-,5343.4000,5343.2000,5342.8000,5342.6000,5341.8000,5344.2000,5344.4000,5345.0000,5345.2000,5345.6000,1,2,3,1,3,2,2,2,1,2
SF,IC2003,2020-01-03 13:33:35.400,5344.2000,53442,1,8266198600.000,1,1,0,双开,B,5343.2000,5342.8000,5342.6000,5341.8000,5341.6000,5344.2000,5344.4000,5345.0000,5345.2000,5345.6000,2,1,1,3,2,1,2,2,1,2
SF,IC2003,2020-01-03 13:33:35.900,5344.2000,53442,0,8266198600.000,0,-,-,-,-,5343.2000,5342.6000,5341.8000,5341.6000,5341.2000,5344.0000,5344.2000,5344.4000,5345.0000,5345.2000,2,1,3,2,1,1,1,2,2,1
SF,IC2003,2020-01-03 13:33:36.400,5344.2000,53442,0,8266198600.000,0,-,-,-,-,5343.4000,5343.2000,5342.6000,5341.8000,5341.6000,5344.0000,5344.2000,5344.4000,5345.0000,5345.2000,1,2,1,3,2,1,1,2,2,1
SF,IC2003,2020-01-03 13:33:41.400,5344.2000,53442,0,8266198600.000,0,-,-,-,-,5343.2000,5342.6000,5341.8000,5341.6000,5341.2000,5344.0000,5344.2000,5344.4000,5345.0000,5345.2000,2,1,3,2,1,1,1,2,2,1
SF,IC2003,2020-01-03 13:33:44.900,5344.2000,53442,0,8266198600.000,0,-,-,-,-,5343.4000,5343.2000,5342.6000,5341.8000,5341.6000,5344.0000,5344.2000,5344.4000,5345.0000,5345.2000,1,2,1,3,2,1,1,2,2,1
SF,IC2003,2020-01-03 13:33:45.400,5344.2000,53442,0,8266198600.000,0,-,-,-,-,5343.4000,5343.2000,5342.6000,5341.8000,5341.6000,5344.0000,5344.2000,5344.4000,5345.0000,5345.2000,1,2,1,3,2,1,1,2,2,1
SF,IC2003,2020-01-03 13:33:50.400,5344.2000,53442,0,8266198600.000,0,-,-,-,-,5343.4000,5343.2000,5342.6000,5341.8000,5341.6000,5344.0000,5344.2000,5344.4000,5345.0000,5345.2000,1,2,1,3,2,1,1,2,2,1
SF,IC2003,2020-01-03 13:33:53.400,5344.0000,53442,0,8267267400.000,1,0,1,空换,B,5343.4000,5343.2000,5342.6000,5341.8000,5341.6000,5344.2000,5344.4000,5345.0000,5345.2000,5345.6000,1,2,1,3,2,1,2,2,1,2
SF,IC2003,2020-01-03 13:33:53.900,5344.0000,53442,0,8267267400.000,0,-,-,-,-,5343.6000,5343.4000,5341.8000,5341.6000,5341.2000,5344.2000,5344.4000,5345.0000,5345.2000,5345.6000,3,1,3,2,1,1,2,2,1,2
SF,IC2003,2020-01-03 13:33:54.400,5344.0000,53442,0,8267267400.000,0,-,-,-,-,5343.6000,5343.4000,5341.8000,5341.6000,5341.2000,5344.0000,5344.2000,5344.4000,5345.0000,5345.2000,3,1,3,2,1,1,1,2,2,1
SF,IC2003,2020-01-03 13:33:54.900,5344.0000,53442,0,8268336200.000,1,0,1,空换,B,5344.0000,5343.6000,5343.4000,5341.8000,5341.6000,5344.2000,5344.4000,5344.8000,5345.0000,5345.2000,3,3,1,3,2,1,2,1,2,1
SF,IC2003,2020-01-03 13:33:55.400,5344.4000,53443,1,8270473920.000,2,1,1,多开,B,5344.2000,5344.0000,5343.6000,5343.4000,5341.8000,5344.4000,5344.8000,5345.0000,5345.2000,5345.6000,4,2,3,1,3,1,1,2,1,2
SF,IC2003,2020-01-03 13:33:55.900,5344.4000,53444,1,8271542800.000,1,1,0,双开,B,5344.4000,5344.2000,5344.0000,5343.6000,5343.4000,5344.8000,5345.0000,5345.2000,5345.6000,5346.0000,3,3,2,3,1,1,2,1,2,1
SF,IC2003,2020-01-03 13:33:56.400,5344.4000,53444,0,8271542800.000,0,-,-,-,-,5344.4000,5344.2000,5344.0000,5343.6000,5343.4000,5344.8000,5345.0000,5345.2000,5345.6000,5346.0000,1,3,2,3,1,1,2,1,2,1
SF,IC2003,2020-01-03 13:33:56.900,5344.4000,53444,0,8271542800.000,0,-,-,-,-,5344.4000,5344.2000,5344.0000,5343.6000,5343.4000,5344.8000,5345.0000,5345.2000,5345.6000,5346.0000,1,3,2,3,1,1,2,1,2,1
SF,IC2003,2020-01-03 13:33:57.400,5344.4000,53444,0,8271542800.000,0,-,-,-,-,5344.6000,5344.4000,5344.2000,5344.0000,5343.6000,5344.8000,5345.0000,5345.2000,5345.6000,5346.0000,1,1,3,2,3,1,2,1,2,1
SF,IC2003,2020-01-03 13:33:57.900,5344.4000,53444,0,8271542800.000,0,-,-,-,-,5344.6000,5344.4000,5344.2000,5344.0000,5343.6000,5344.8000,5345.0000,5345.2000,5345.6000,5346.0000,2,1,3,2,3,1,2,1,2,1
SF,IC2003,2020-01-03 13:33:58.400,5344.8000,53443,-1,8272611760.000,1,0,1,双平,B,5344.8000,5344.6000,5344.4000,5344.2000,5343.6000,5345.0000,5345.2000,5345.6000,5346.0000,5346.2000,2,2,1,3,2,2,1,2,1,3
SF,IC2003,2020-01-03 13:33:58.900,5344.8000,53443,0,8274749720.000,2,1,1,空换,B,5344.8000,5344.6000,5344.4000,5344.2000,5343.6000,5345.0000,5345.2000,5345.6000,5346.0000,5346.2000,2,2,1,3,2,1,1,2,1,3
SF,IC2003,2020-01-03 13:33:59.400,5345.0000,53444,1,8275818720.000,1,1,0,双开,B,5344.8000,5344.6000,5344.4000,5344.2000,5343.6000,5345.2000,5345.6000,5346.0000,5346.2000,5346.6000,2,2,1,3,2,1,2,1,3,2
SF,IC2003,2020-01-03 13:33:59.900,5345.0000,53444,0,8275818720.000,0,-,-,-,-,5345.0000,5344.8000,5344.6000,5344.4000,5344.2000,5345.2000,5345.6000,5346.0000,5346.2000,5346.6000,1,2,2,1,3,1,2,1,3,2
SF,IC2003,2020-01-03 13:34:00.400,5345.0000,53445,1,8276887720.000,1,1,0,双开,B,5344.8000,5344.6000,5344.4000,5344.2000,5343.6000,5345.0000,5345.2000,5345.6000,5346.0000,5346.2000,2,2,1,3,2,1,1,2,1,3
SF,IC2003,2020-01-03 13:34:00.900,5345.0000,53445,0,8276887720.000,0,-,-,-,-,5344.8000,5344.6000,5344.4000,5344.2000,5343.6000,5345.0000,5345.2000,5345.6000,5346.0000,5346.2000,1,2,1,3,2,1,1,2,1,3
SF,IC2003,2020-01-03 13:34:01.400,5345.0000,53446,1,8277956720.000,1,1,0,双开,B,5344.8000,5344.6000,5344.4000,5344.2000,5343.6000,5345.2000,5345.6000,5346.0000,5346.2000,5346.6000,1,2,1,3,2,1,2,1,3,2
SF,IC2003,2020-01-03 13:34:01.900,5345.0000,53447,1,8279025720.000,1,1,0,双开,B,5344.8000,5344.6000,5344.4000,5344.2000,5343.6000,5345.0000,5345.2000,5345.6000,5346.0000,5346.2000,1,2,1,3,2,1,1,2,1,3
SF,IC2003,2020-01-03 13:34:02.400,5345.0000,53447,0,8279025720.000,0,-,-,-,-,5344.8000,5344.6000,5344.4000,5344.2000,5343.6000,5345.0000,5345.2000,5345.6000,5346.0000,5346.2000,1,1,1,3,2,1,1,2,1,3
SF,IC2003,2020-01-03 13:34:02.900,5345.0000,53447,0,8279025720.000,0,-,-,-,-,5344.8000,5344.4000,5344.2000,5343.6000,5343.0000,5345.0000,5345.2000,5345.6000,5346.0000,5346.2000,1,1,2,2,1,1,1,2,1,3
SF,IC2003,2020-01-03 13:34:03.400,5345.0000,53447,0,8280094720.000,1,0,1,空换,B,5345.0000,5344.8000,5344.4000,5344.2000,5343.6000,5345.2000,5345.6000,5346.0000,5346.2000,5346.6000,1,1,1,2,2,1,2,1,3,2
SF,IC2003,2020-01-03 13:34:03.900,5345.0000,53447,0,8280094720.000,0,-,-,-,-,5345.0000,5344.8000,5344.2000,5343.6000,5343.0000,5345.2000,5345.6000,5346.0000,5346.2000,5346.6000,1,1,1,2,1,1,2,1,3,2
SF,IC2003,2020-01-03 13:34:04.400,5345.0000,53447,0,8281163720.000,1,0,1,空换,B,5344.8000,5344.2000,5343.6000,5343.0000,5341.8000,5345.2000,5345.6000,5346.0000,5346.2000,5346.6000,1,1,2,1,3,1,2,1,3,2
SF,IC2003,2020-01-03 13:34:04.900,5345.0000,53447,0,8281163720.000,0,-,-,-,-,5344.8000,5344.2000,5343.6000,5343.0000,5341.8000,5345.0000,5345.2000,5345.6000,5346.0000,5346.2000,1,1,2,1,3,4,1,2,1,3
SF,IC2003,2020-01-03 13:34:05.400,5344.8000,53447,0,8282232680.000,1,0,1,空换,B,5344.2000,5343.6000,5343.0000,5341.8000,5341.6000,5345.0000,5345.2000,5345.6000,5346.0000,5346.2000,1,2,1,3,2,4,1,2,1,3
SF,IC2003,2020-01-03 13:34:07.900,5344.8000,53447,0,8282232680.000,0,-,-,-,-,5344.4000,5344.2000,5343.6000,5343.0000,5341.8000,5345.0000,5345.2000,5345.6000,5346.0000,5346.2000,1,1,2,1,3,4,1,2,1,3
SF,IC2003,2020-01-03 13:34:08.400,5344.8000,53447,0,8282232680.000,0,-,-,-,-,5344.8000,5344.4000,5344.2000,5343.6000,5343.0000,5345.0000,5345.2000,5345.6000,5346.0000,5346.2000,1,1,1,2,1,4,1,2,1,3
SF,IC2003,2020-01-03 13:34:08.900,5344.8000,53447,0,8282232680.000,0,-,-,-,-,5344.8000,5344.2000,5343.6000,5343.0000,5341.8000,5345.0000,5345.2000,5345.6000,5346.0000,5346.2000,1,1,2,1,3,4,1,2,1,3
SF,IC2003,2020-01-03 13:34:09.900,5344.8000,53447,0,8282232680.000,0,-,-,-,-,5344.8000,5344.2000,5343.6000,5343.0000,5341.8000,5345.0000,5345.2000,5345.6000,5346.0000,5346.6000,1,1,2,1,3,4,1,2,1,2
SF,IC2003,2020-01-03 13:34:10.400,5344.8000,53446,-1,8283301640.000,1,0,1,双平,B,5344.2000,5343.6000,5343.0000,5341.8000,5341.6000,5344.8000,5345.0000,5345.2000,5345.6000,5346.0000,1,2,1,3,2,1,4,3,2,1
SF,IC2003,2020-01-03 13:34:10.900,5344.8000,53446,0,8283301640.000,0,-,-,-,-,5344.4000,5344.2000,5343.6000,5343.0000,5341.8000,5344.8000,5345.0000,5345.2000,5345.6000,5346.0000,1,1,2,1,3,1,4,3,2,1
SF,IC2003,2020-01-03 13:34:11.400,5344.8000,53446,0,8283301640.000,0,-,-,-,-,5344.2000,5343.6000,5343.0000,5341.8000,5341.6000,5344.8000,5345.0000,5345.2000,5345.6000,5346.0000,1,2,1,3,2,1,4,3,2,1
SF,IC2003,2020-01-03 13:34:13.900,5344.2000,53447,1,8284370480.000,1,1,0,双开,B,5343.6000,5343.0000,5341.8000,5341.6000,5341.2000,5345.0000,5345.2000,5345.6000,5346.0000,5346.6000,2,1,3,2,1,4,3,2,1,2
SF,IC2003,2020-01-03 13:34:14.400,5344.2000,53447,0,8284370480.000,0,-,-,-,-,5343.0000,5341.8000,5341.6000,5341.2000,5341.0000,5344.8000,5345.0000,5345.2000,5345.6000,5346.0000,1,3,2,1,1,2,4,3,2,1
SF,IC2003,2020-01-03 13:34:14.900,5344.2000,53447,0,8284370480.000,0,-,-,-,-,5343.4000,5343.2000,5343.0000,5341.8000,5341.6000,5344.8000,5345.0000,5345.2000,5345.6000,5346.0000,1,2,1,3,2,2,4,3,2,1
SF,IC2003,2020-01-03 13:34:15.900,5344.2000,53447,0,8284370480.000,0,-,-,-,-,5343.2000,5343.0000,5341.8000,5341.6000,5341.2000,5344.8000,5345.0000,5345.2000,5345.6000,5346.0000,2,1,3,2,1,2,4,3,2,1
SF,IC2003,2020-01-03 13:34:16.400,5344.2000,53447,0,8284370480.000,0,-,-,-,-,5343.6000,5343.2000,5343.0000,5341.8000,5341.6000,5344.8000,5345.0000,5345.2000,5345.6000,5346.0000,1,2,1,3,2,2,4,3,2,1
SF,IC2003,2020-01-03 13:34:16.900,5344.2000,53447,0,8284370480.000,0,-,-,-,-,5343.8000,5343.6000,5343.0000,5341.8000,5341.6000,5344.8000,5345.0000,5345.2000,5345.6000,5346.0000,2,1,1,3,2,2,4,3,2,1
SF,IC2003,2020-01-03 13:34:17.400,5344.2000,53447,0,8284370480.000,0,-,-,-,-,5343.8000,5343.0000,5341.8000,5341.6000,5341.2000,5344.8000,5345.0000,5345.2000,5345.6000,5346.0000,2,1,3,2,1,2,4,3,2,1
SF,IC2003,2020-01-03 13:34:18.900,5344.2000,53447,0,8284370480.000,0,-,-,-,-,5344.0000,5343.8000,5343.0000,5341.8000,5341.6000,5344.8000,5345.0000,5345.2000,5345.6000,5346.0000,1,2,1,3,2,2,4,3,2,1
SF,IC2003,2020-01-03 13:34:19.400,5344.0000,53447,0,8285439280.000,1,0,1,空换,B,5343.8000,5343.0000,5341.8000,5341.6000,5341.2000,5345.0000,5345.2000,5345.6000,5346.0000,5346.6000,2,1,3,2,1,4,3,2,1,2
SF,IC2003,2020-01-03 13:34:19.900,5344.0000,53447,0,8285439280.000,0,-,-,-,-,5343.8000,5343.0000,5341.8000,5341.6000,5341.2000,5344.8000,5345.0000,5345.2000,5345.6000,5346.0000,2,1,3,2,1,2,6,3,2,1
SF,IC2003,2020-01-03 13:34:20.400,5344.0000,53447,0,8285439280.000,0,-,-,-,-,5343.8000,5343.0000,5341.8000,5341.6000,5341.2000,5344.8000,5345.0000,5345.2000,5345.6000,5346.0000,2,1,3,2,1,2,6,3,2,1
SF,IC2003,2020-01-03 13:34:21.400,5344.0000,53447,0,8285439280.000,0,-,-,-,-,5344.0000,5343.8000,5343.0000,5341.8000,5341.6000,5344.8000,5345.0000,5345.2000,5345.6000,5346.0000,1,2,1,3,2,2,6,3,2,1
SF,IC2003,2020-01-03 13:34:23.400,5344.0000,53447,0,8285439280.000,0,-,-,-,-,5343.8000,5343.0000,5341.8000,5341.6000,5341.2000,5344.8000,5345.0000,5345.2000,5345.6000,5346.0000,2,1,3,2,1,2,6,3,2,1
SF,IC2003,2020-01-03 13:34:23.900,5344.0000,53447,0,8285439280.000,0,-,-,-,-,5343.8000,5343.0000,5341.8000,5341.6000,5341.2000,5345.0000,5345.2000,5345.6000,5346.0000,5346.6000,2,1,3,2,1,6,3,2,1,2
SF,IC2003,2020-01-03 13:34:24.400,5344.0000,53447,0,8285439280.000,0,-,-,-,-,5344.0000,5343.8000,5343.0000,5341.8000,5341.6000,5345.0000,5345.2000,5345.6000,5346.0000,5346.6000,1,2,1,3,2,6,3,2,1,2
SF,IC2003,2020-01-03 13:34:24.900,5344.0000,53447,0,8285439280.000,0,-,-,-,-,5344.2000,5344.0000,5343.0000,5341.8000,5341.6000,5345.0000,5345.2000,5345.6000,5346.0000,5346.6000,3,1,1,3,2,6,3,2,1,2
SF,IC2003,2020-01-03 13:34:25.400,5344.0000,53447,0,8289714600.000,4,2,2,空换,B,5343.0000,5341.8000,5341.6000,5341.2000,5341.0000,5344.0000,5344.8000,5345.0000,5345.2000,5345.6000,1,3,2,1,1,1,3,6,3,2
SF,IC2003,2020-01-03 13:34:25.900,5344.0000,53447,0,8289714600.000,0,-,-,-,-,5344.0000,5343.8000,5343.4000,5343.2000,5343.0000,5344.8000,5345.0000,5345.2000,5345.6000,5346.0000,2,1,1,2,1,2,6,3,2,1
SF,IC2003,2020-01-03 13:34:26.400,5344.8000,53447,0,8290783560.000,1,0,1,空换,B,5344.4000,5343.4000,5343.2000,5343.0000,5341.8000,5344.8000,5345.0000,5345.2000,5345.6000,5346.0000,1,1,2,1,3,1,6,3,2,1
SF,IC2003,2020-01-03 13:34:26.900,5344.8000,53447,0,8290783560.000,0,-,-,-,-,5344.4000,5343.4000,5343.2000,5343.0000,5341.8000,5345.0000,5345.2000,5345.6000,5346.0000,5346.6000,1,1,2,1,3,6,3,2,1,2
SF,IC2003,2020-01-03 13:34:27.400,5344.8000,53447,0,8290783560.000,0,-,-,-,-,5344.4000,5343.2000,5343.0000,5341.8000,5341.6000,5344.8000,5345.0000,5345.2000,5345.6000,5346.0000,1,2,1,3,2,1,6,3,2,1
SF,IC2003,2020-01-03 13:34:27.900,5345.0000,53447,0,8292921520.000,2,1,1,空换,B,5344.4000,5343.2000,5343.0000,5341.8000,5341.6000,5345.0000,5345.2000,5345.6000,5346.0000,5346.6000,1,2,1,3,2,5,3,2,1,2
SF,IC2003,2020-01-03 13:34:28.400,5345.0000,53448,1,8296128520.000,3,2,1,多开,B,5344.6000,5344.4000,5343.2000,5343.0000,5341.8000,5345.0000,5345.2000,5345.6000,5346.0000,5346.6000,1,1,2,1,3,2,3,2,1,2
SF,IC2003,2020-01-03 13:34:28.900,5345.2000,53452,4,8301473640.000,5,4,1,多开,B,5345.2000,5345.0000,5344.8000,5344.6000,5343.0000,5345.6000,5346.0000,5346.6000,5347.0000,5347.4000,2,1,3,1,1,2,1,2,2,1
SF,IC2003,2020-01-03 13:34:29.400,5345.6000,53454,2,8303611880.000,2,2,0,双开,B,5345.6000,5345.4000,5344.6000,5343.0000,5341.8000,5346.0000,5346.6000,5347.0000,5347.4000,5347.6000,2,1,1,1,3,1,2,2,1,1
SF,IC2003,2020-01-03 13:34:29.900,5346.0000,53453,-1,8304681080.000,1,0,1,双平,B,5346.0000,5344.6000,5343.0000,5341.8000,5341.6000,5346.6000,5347.0000,5347.4000,5347.6000,5347.8000,3,1,1,3,2,2,2,1,1,1
SF,IC2003,2020-01-03 13:34:30.400,5347.0000,53454,1,8307889120.000,3,2,1,多开,B,5346.0000,5344.6000,5343.0000,5341.8000,5341.6000,5346.4000,5347.0000,5347.4000,5347.6000,5347.8000,1,1,1,3,2,1,1,1,1,1
SF,IC2003,2020-01-03 13:34:30.900,5346.4000,53453,-1,8308958400.000,1,0,1,双平,B,5346.0000,5344.6000,5343.0000,5341.8000,5341.6000,5347.0000,5347.4000,5347.6000,5347.8000,5348.2000,1,1,1,3,2,1,1,1,1,4
SF,IC2003,2020-01-03 13:34:31.400,5346.4000,53453,0,8308958400.000,0,-,-,-,-,5346.2000,5346.0000,5344.6000,5343.0000,5341.8000,5346.8000,5347.0000,5347.4000,5347.6000,5347.8000,1,1,1,1,3,2,1,1,1,1
SF,IC2003,2020-01-03 13:34:31.900,5346.2000,53454,1,8310027640.000,1,1,0,双开,B,5344.6000,5343.0000,5341.8000,5341.6000,5341.2000,5346.8000,5347.0000,5347.4000,5347.6000,5347.8000,1,1,3,2,1,2,1,1,1,1
SF,IC2003,2020-01-03 13:34:32.400,5346.2000,53454,0,8310027640.000,0,-,-,-,-,5346.0000,5345.2000,5345.0000,5344.8000,5344.6000,5347.0000,5347.4000,5347.6000,5347.8000,5348.2000,1,1,1,9,1,1,1,1,1,4
SF,IC2003,2020-01-03 13:34:32.900,5346.2000,53454,0,8310027640.000,0,-,-,-,-,5346.4000,5346.2000,5345.2000,5345.0000,5344.8000,5347.0000,5347.4000,5347.6000,5347.8000,5348.2000,1,2,1,1,4,1,1,1,1,4
SF,IC2003,2020-01-03 13:34:33.400,5347.4000,53456,2,8312166520.000,2,2,0,双开,B,5346.4000,5346.2000,5345.2000,5345.0000,5344.8000,5347.6000,5347.8000,5348.2000,5348.4000,5348.8000,1,2,1,1,4,1,1,4,8,6
SF,IC2003,2020-01-03 13:34:33.900,5346.4000,53456,0,8313235800.000,1,0,1,空换,B,5345.2000,5345.0000,5344.8000,5344.6000,5343.0000,5347.2000,5347.4000,5347.6000,5347.8000,5348.2000,1,1,4,1,1,1,2,1,1,4
SF,IC2003,2020-01-03 13:34:34.400,5346.6000,53456,0,8314305120.000,1,0,1,空换,B,5345.4000,5344.8000,5344.6000,5343.0000,5341.8000,5347.0000,5347.6000,5347.8000,5348.2000,5348.4000,3,4,1,1,1,3,1,1,4,8
SF,IC2003,2020-01-03 13:34:34.900,5346.6000,53456,0,8314305120.000,0,-,-,-,-,5345.6000,5345.4000,5344.8000,5344.6000,5343.0000,5347.0000,5347.6000,5347.8000,5348.2000,5348.4000,1,2,4,1,1,2,1,1,4,8
SF,IC2003,2020-01-03 13:34:35.400,5346.6000,53456,0,8314305120.000,0,-,-,-,-,5346.0000,5345.8000,5344.8000,5344.6000,5343.0000,5347.0000,5347.6000,5347.8000,5348.2000,5348.4000,1,2,4,1,1,2,1,1,4,8
SF,IC2003,2020-01-03 13:34:38.900,5346.6000,53456,0,8314305120.000,0,-,-,-,-,5346.0000,5345.8000,5345.6000,5344.8000,5343.0000,5347.0000,5347.6000,5347.8000,5348.2000,5348.4000,1,2,2,4,1,2,1,1,4,8
SF,IC2003,2020-01-03 13:34:40.400,5346.6000,53456,0,8314305120.000,0,-,-,-,-,5346.0000,5345.8000,5345.6000,5344.8000,5343.0000,5347.0000,5347.6000,5347.8000,5348.2000,5348.4000,1,2,2,2,1,2,1,1,4,8
SF,IC2003,2020-01-03 13:34:40.900,5346.6000,53456,0,8314305120.000,0,-,-,-,-,5346.0000,5345.6000,5344.8000,5343.0000,5341.6000,5347.0000,5347.6000,5347.8000,5348.2000,5348.4000,2,2,2,1,2,2,1,1,4,8
SF,IC2003,2020-01-03 13:34:41.400,5346.6000,53456,0,8314305120.000,0,-,-,-,-,5346.0000,5345.6000,5344.8000,5343.0000,5341.6000,5346.8000,5347.0000,5347.6000,5347.8000,5348.2000,2,2,2,1,2,1,2,1,1,4
SF,IC2003,2020-01-03 13:34:41.900,5346.6000,53456,0,8314305120.000,0,-,-,-,-,5346.0000,5345.6000,5344.8000,5343.0000,5341.6000,5346.8000,5347.0000,5347.6000,5347.8000,5348.2000,1,2,2,1,2,1,4,1,1,4
SF,IC2003,2020-01-03 13:34:42.400,5346.0000,53455,-1,8315374320.000,1,0,1,双平,B,5345.6000,5343.0000,5341.6000,5341.2000,5341.0000,5345.8000,5346.0000,5346.2000,5346.6000,5346.8000,2,1,2,1,1,2,1,1,2,1
SF,IC2003,2020-01-03 13:34:42.900,5345.6000,53457,2,8317512560.000,2,2,0,双开,B,5343.0000,5341.6000,5341.2000,5341.0000,5340.8000,5345.4000,5345.6000,5346.2000,5346.6000,5346.8000,1,2,1,1,1,1,8,1,2,1
SF,IC2003,2020-01-03 13:34:43.400,5345.6000,53458,1,8318581680.000,1,1,0,双开,B,5344.0000,5343.2000,5343.0000,5341.6000,5341.2000,5345.0000,5345.2000,5345.6000,5346.8000,5347.0000,1,6,1,2,1,2,2,6,1,2
SF,IC2003,2020-01-03 13:34:43.900,5345.6000,53458,0,8318581680.000,0,-,-,-,-,5344.2000,5344.0000,5343.2000,5343.0000,5341.6000,5345.0000,5345.6000,5346.8000,5347.0000,5347.6000,2,1,3,1,2,1,6,1,2,1
SF,IC2003,2020-01-03 13:34:44.400,5345.6000,53458,0,8318581680.000,0,-,-,-,-,5344.2000,5344.0000,5343.2000,5343.0000,5341.6000,5345.0000,5345.6000,5347.0000,5347.6000,5347.8000,2,1,3,1,2,1,6,2,1,1
SF,IC2003,2020-01-03 13:34:44.900,5345.0000,53459,1,8319650680.000,1,1,0,双开,B,5344.4000,5344.2000,5343.2000,5343.0000,5341.6000,5345.6000,5347.0000,5347.6000,5347.8000,5348.2000,1,2,3,1,2,4,2,1,1,4
SF,IC2003,2020-01-03 13:34:45.400,5345.0000,53459,0,8319650680.000,0,-,-,-,-,5344.6000,5344.4000,5343.2000,5343.0000,5341.6000,5345.4000,5345.6000,5347.0000,5347.6000,5347.8000,2,1,3,1,2,1,2,2,1,1
SF,IC2003,2020-01-03 13:34:45.900,5345.4000,53460,1,8320719760.000,1,1,0,双开,B,5344.8000,5344.6000,5343.2000,5343.0000,5341.6000,5345.6000,5347.0000,5347.6000,5347.8000,5348.2000,1,2,3,1,2,2,2,1,1,4
SF,IC2003,2020-01-03 13:34:46.400,5345.4000,53460,0,8320719760.000,0,-,-,-,-,5345.0000,5344.8000,5343.2000,5343.0000,5341.6000,5345.6000,5347.0000,5347.6000,5347.8000,5348.2000,2,1,3,1,2,2,2,1,1,4
SF,IC2003,2020-01-03 13:34:46.900,5345.4000,53460,0,8320719760.000,0,-,-,-,-,5345.0000,5344.8000,5343.2000,5343.0000,5341.6000,5345.6000,5347.0000,5347.6000,5347.8000,5348.2000,2,1,3,1,2,2,2,1,1,4
SF,IC2003,2020-01-03 13:34:48.400,5345.4000,53460,0,8320719760.000,0,-,-,-,-,5345.2000,5345.0000,5344.8000,5343.2000,5343.0000,5345.6000,5347.0000,5347.6000,5347.8000,5348.2000,1,2,1,3,1,2,2,1,1,4
SF,IC2003,2020-01-03 13:34:49.900,5345.4000,53460,0,8320719760.000,0,-,-,-,-,5345.2000,5345.0000,5343.2000,5343.0000,5341.6000,5345.6000,5347.0000,5347.6000,5347.8000,5348.2000,1,2,3,1,2,2,2,1,1,4
SF,IC2003,2020-01-03 13:34:50.900,5345.4000,53460,0,8320719760.000,0,-,-,-,-,5345.2000,5345.0000,5343.2000,5343.0000,5341.6000,5347.0000,5347.6000,5347.8000,5348.2000,5348.4000,1,2,3,1,2,2,1,1,4,8
SF,IC2003,2020-01-03 13:34:51.400,5345.4000,53460,0,8320719760.000,0,-,-,-,-,5345.6000,5345.4000,5345.2000,5343.2000,5343.0000,5346.4000,5346.6000,5346.8000,5347.0000,5347.6000,1,2,1,3,1,1,1,2,2,1
SF,IC2003,2020-01-03 13:34:51.900,5345.4000,53460,0,8320719760.000,0,-,-,-,-,5345.4000,5345.2000,5343.2000,5343.0000,5341.6000,5346.4000,5346.8000,5347.0000,5347.6000,5347.8000,2,1,3,1,2,1,2,2,1,1
SF,IC2003,2020-01-03 13:34:52.400,5345.4000,53460,0,8320719760.000,0,-,-,-,-,5345.6000,5345.4000,5345.2000,5343.2000,5343.0000,5347.0000,5347.6000,5347.8000,5348.2000,5348.4000,1,2,1,3,1,2,1,1,4,8
SF,IC2003,2020-01-03 13:34:52.900,5345.4000,53460,0,8320719760.000,0,-,-,-,-,5345.4000,5345.2000,5343.2000,5343.0000,5341.6000,5346.6000,5346.8000,5347.0000,5347.6000,5347.8000,2,1,3,1,2,1,2,2,1,1
SF,IC2003,2020-01-03 13:34:53.400,5345.4000,53460,0,8320719760.000,0,-,-,-,-,5345.2000,5343.2000,5343.0000,5341.6000,5341.2000,5345.8000,5346.2000,5346.4000,5347.0000,5347.6000,1,3,1,2,1,1,1,2,2,1
SF,IC2003,2020-01-03 13:34:54.400,5345.4000,53460,0,8320719760.000,0,-,-,-,-,5345.4000,5344.2000,5343.2000,5343.0000,5341.6000,5345.8000,5346.2000,5346.4000,5347.0000,5347.6000,1,1,3,1,2,1,1,2,2,1
SF,IC2003,2020-01-03 13:34:54.900,5345.4000,53460,0,8320719760.000,0,-,-,-,-,5345.6000,5345.4000,5344.2000,5343.2000,5343.0000,5346.2000,5346.4000,5347.0000,5347.6000,5347.8000,1,1,1,3,1,1,2,2,1,1
SF,IC2003,2020-01-03 13:34:55.400,5345.4000,53460,0,8321788840.000,1,0,1,空换,B,5345.4000,5344.2000,5343.2000,5343.0000,5341.6000,5346.2000,5346.4000,5347.0000,5347.6000,5347.8000,1,1,3,1,2,1,2,2,1,1
SF,IC2003,2020-01-03 13:34:56.900,5345.4000,53460,0,8321788840.000,0,-,-,-,-,5345.4000,5344.2000,5343.2000,5343.0000,5341.6000,5346.4000,5347.0000,5347.6000,5347.8000,5348.2000,1,1,3,1,2,2,2,1,1,4
SF,IC2003,2020-01-03 13:34:57.900,5345.4000,53460,0,8321788840.000,0,-,-,-,-,5345.8000,5345.4000,5344.2000,5343.2000,5343.0000,5346.4000,5347.0000,5347.6000,5347.8000,5348.2000,1,1,1,3,1,2,2,1,1,4
SF,IC2003,2020-01-03 13:34:58.400,5345.4000,53460,0,8321788840.000,0,-,-,-,-,5345.8000,5345.4000,5344.2000,5343.2000,5343.0000,5347.0000,5347.6000,5347.8000,5348.2000,5348.4000,1,1,1,3,1,2,1,1,4,8
SF,IC2003,2020-01-03 13:34:59.400,5345.4000,53460,0,8321788840.000,0,-,-,-,-,5346.2000,5345.8000,5345.4000,5344.2000,5343.2000,5347.0000,5347.6000,5347.8000,5348.2000,5348.4000,1,1,1,1,3,2,1,1,4,8
SF,IC2003,2020-01-03 13:35:02.400,5345.4000,53460,0,8321788840.000,0,-,-,-,-,5346.2000,5345.4000,5344.2000,5343.2000,5343.0000,5346.8000,5347.0000,5347.6000,5347.8000,5348.2000,1,1,1,3,1,1,2,1,1,4
SF,IC2003,2020-01-03 13:35:02.900,5345.4000,53460,0,8321788840.000,0,-,-,-,-,5345.4000,5344.2000,5343.2000,5343.0000,5341.6000,5346.8000,5347.0000,5347.6000,5347.8000,5348.2000,1,1,3,1,2,1,2,1,1,4
SF,IC2003,2020-01-03 13:35:03.400,5345.4000,53460,0,8321788840.000,0,-,-,-,-,5345.6000,5345.4000,5344.2000,5343.2000,5343.0000,5346.6000,5346.8000,5347.0000,5347.6000,5347.8000,2,1,1,3,1,2,1,2,1,1
SF,IC2003,2020-01-03 13:35:03.900,5345.4000,53460,0,8321788840.000,0,-,-,-,-,5345.6000,5345.4000,5344.2000,5343.2000,5343.0000,5346.6000,5346.8000,5347.0000,5347.6000,5347.8000,3,1,1,3,1,2,1,2,1,1
SF,IC2003,2020-01-03 13:35:04.400,5345.4000,53460,0,8321788840.000,0,-,-,-,-,5345.8000,5345.6000,5345.4000,5344.2000,5343.2000,5346.8000,5347.0000,5347.6000,5347.8000,5348.2000,1,2,1,1,3,1,2,1,1,4
SF,IC2003,2020-01-03 13:35:04.900,5345.4000,53460,0,8321788840.000,0,-,-,-,-,5346.0000,5345.8000,5345.4000,5344.2000,5343.2000,5347.0000,5347.6000,5347.8000,5348.2000,5348.4000,3,1,1,1,3,2,1,1,4,8
SF,IC2003,2020-01-03 13:35:05.400,5345.4000,53460,0,8321788840.000,0,-,-,-,-,5346.2000,5346.0000,5345.4000,5344.2000,5343.2000,5346.8000,5347.0000,5347.6000,5347.8000,5348.2000,1,3,1,1,3,1,2,1,1,4
SF,IC2003,2020-01-03 13:35:05.900,5345.4000,53460,0,8321788840.000,0,-,-,-,-,5346.2000,5346.0000,5345.4000,5344.2000,5343.2000,5346.8000,5347.0000,5347.6000,5347.8000,5348.2000,1,3,1,1,3,1,2,1,1,4
SF,IC2003,2020-01-03 13:35:07.400,5345.4000,53460,0,8321788840.000,0,-,-,-,-,5346.2000,5346.0000,5345.4000,5344.2000,5343.2000,5346.8000,5347.0000,5347.6000,5347.8000,5348.2000,1,2,1,1,3,1,2,1,1,4
SF,IC2003,2020-01-03 13:35:07.900,5346.8000,53460,0,8322858200.000,1,0,1,空换,B,5346.2000,5346.0000,5345.4000,5344.2000,5344.0000,5347.0000,5347.6000,5347.8000,5348.2000,5348.4000,1,2,1,1,1,2,1,1,4,8
SF,IC2003,2020-01-03 13:35:09.400,5346.8000,53460,0,8322858200.000,0,-,-,-,-,5346.8000,5346.2000,5346.0000,5345.4000,5344.2000,5347.0000,5347.6000,5347.8000,5348.2000,5348.4000,1,1,2,1,1,2,1,1,4,8
SF,IC2003,2020-01-03 13:35:09.900,5346.8000,53461,1,8323927560.000,1,1,0,双开,B,5346.2000,5346.0000,5345.4000,5344.2000,5344.0000,5346.6000,5347.0000,5347.6000,5347.8000,5348.2000,1,2,1,1,1,1,2,1,1,4
SF,IC2003,2020-01-03 13:35:10.400,5346.8000,53461,0,8323927560.000,0,-,-,-,-,5346.2000,5346.0000,5345.4000,5344.2000,5344.0000,5347.0000,5347.6000,5347.8000,5348.2000,5348.4000,1,2,1,1,1,2,1,1,4,8
SF,IC2003,2020-01-03 13:35:10.900,5346.8000,53461,0,8323927560.000,0,-,-,-,-,5346.0000,5345.4000,5344.2000,5344.0000,5343.2000,5347.0000,5347.6000,5347.8000,5348.2000,5348.4000,2,1,1,1,3,2,1,1,4,8
SF,IC2003,2020-01-03 13:35:11.900,5346.8000,53461,0,8323927560.000,0,-,-,-,-,5346.2000,5346.0000,5345.4000,5344.2000,5344.0000,5346.8000,5347.0000,5347.6000,5347.8000,5348.2000,2,2,1,1,1,1,2,1,1,4
SF,IC2003,2020-01-03 13:35:13.900,5346.8000,53461,0,8323927560.000,0,-,-,-,-,5346.2000,5346.0000,5345.4000,5344.2000,5344.0000,5347.0000,5347.6000,5347.8000,5348.2000,5348.4000,2,2,1,1,1,2,1,1,4,8
SF,IC2003,2020-01-03 13:35:14.400,5346.8000,53461,0,8323927560.000,0,-,-,-,-,5346.2000,5346.0000,5345.4000,5344.2000,5344.0000,5347.0000,5347.6000,5347.8000,5348.2000,5348.4000,2,2,1,1,1,2,1,1,4,8
SF,IC2003,2020-01-03 13:35:14.900,5347.0000,53462,1,8324996960.000,1,1,0,双开,B,5346.8000,5346.6000,5346.4000,5346.2000,5345.4000,5347.0000,5347.6000,5347.8000,5348.2000,5348.4000,2,1,2,2,1,1,1,1,4,8
SF,IC2003,2020-01-03 13:35:15.400,5347.0000,53463,1,8326066360.000,1,1,0,双开,B,5347.0000,5346.8000,5346.4000,5346.2000,5345.4000,5347.6000,5347.8000,5348.2000,5348.4000,5348.8000,4,2,2,2,1,1,1,4,8,6
SF,IC2003,2020-01-03 13:35:15.900,5347.0000,53463,0,8326066360.000,0,-,-,-,-,5347.0000,5346.8000,5346.4000,5346.2000,5345.4000,5347.6000,5347.8000,5348.2000,5348.4000,5348.8000,4,2,2,2,1,1,1,4,8,6
SF,IC2003,2020-01-03 13:35:16.400,5347.8000,53463,0,8328205440.000,2,1,1,空换,B,5347.6000,5347.2000,5347.0000,5346.8000,5346.4000,5348.2000,5348.4000,5348.8000,5349.0000,5349.8000,2,2,2,2,2,4,8,6,3,2
SF,IC2003,2020-01-03 13:35:16.900,5347.8000,53463,0,8328205440.000,0,-,-,-,-,5347.6000,5347.2000,5347.0000,5346.8000,5346.4000,5348.2000,5348.4000,5348.8000,5349.0000,5349.8000,2,2,1,2,2,4,8,6,3,2
SF,IC2003,2020-01-03 13:35:17.400,5348.2000,53463,0,8329275080.000,1,0,1,空换,B,5347.8000,5347.6000,5347.0000,5346.8000,5345.4000,5348.2000,5348.4000,5348.8000,5349.0000,5349.8000,2,2,1,2,1,3,8,6,3,2
SF,IC2003,2020-01-03 13:35:17.900,5348.2000,53466,3,8332484000.000,3,3,0,双开,B,5348.0000,5347.8000,5347.6000,5347.0000,5346.8000,5348.4000,5348.8000,5349.0000,5349.8000,5350.0000,2,2,2,1,2,8,6,3,2,12
SF,IC2003,2020-01-03 13:35:18.400,5348.4000,53464,-2,8336762680.000,4,1,3,空平,B,5348.0000,5347.6000,5347.0000,5346.8000,5345.4000,5348.4000,5348.8000,5349.0000,5349.8000,5350.0000,2,2,1,2,1,5,6,3,2,12
SF,IC2003,2020-01-03 13:35:18.900,5348.4000,53461,-3,8343180680.000,6,1,5,空平,B,5348.0000,5347.6000,5347.0000,5346.8000,5345.4000,5348.8000,5349.0000,5349.8000,5350.0000,5350.2000,1,2,1,2,1,6,3,2,12,1
SF,IC2003,2020-01-03 13:35:19.400,5348.4000,53461,0,8343180680.000,0,-,-,-,-,5348.0000,5347.8000,5347.6000,5347.0000,5346.8000,5348.8000,5349.0000,5349.8000,5350.0000,5350.2000,1,1,2,1,2,6,3,2,12,1
SF,IC2003,2020-01-03 13:35:19.900,5348.6000,53462,1,8344250400.000,1,1,0,双开,B,5348.0000,5347.8000,5347.6000,5347.0000,5346.8000,5348.6000,5348.8000,5349.0000,5349.8000,5350.0000,1,1,2,1,2,1,6,3,2,12
SF,IC2003,2020-01-03 13:35:20.900,5348.6000,53462,0,8344250400.000,0,-,-,-,-,5348.0000,5347.8000,5347.6000,5347.0000,5346.8000,5348.4000,5348.6000,5348.8000,5349.0000,5349.8000,1,1,2,1,2,1,1,6,3,2
SF,IC2003,2020-01-03 13:35:21.400,5348.6000,53462,0,8344250400.000,0,-,-,-,-,5348.0000,5347.8000,5347.0000,5346.8000,5345.4000,5348.4000,5348.8000,5349.0000,5349.8000,5350.0000,1,1,1,2,1,1,6,3,2,12
SF,IC2003,2020-01-03 13:35:22.400,5348.6000,53462,0,8345320120.000,1,0,1,空换,B,5348.6000,5348.0000,5347.8000,5347.0000,5346.8000,5348.8000,5349.0000,5349.8000,5350.0000,5350.2000,1,1,1,1,2,6,3,2,12,1
SF,IC2003,2020-01-03 13:35:22.900,5348.6000,53463,1,8348529280.000,3,2,1,多开,B,5348.0000,5347.0000,5346.8000,5345.4000,5344.2000,5348.6000,5348.8000,5349.0000,5349.8000,5350.0000,1,1,2,1,1,2,6,3,2,12
SF,IC2003,2020-01-03 13:35:23.400,5348.0000,53463,0,8349598880.000,1,0,1,空换,B,5347.0000,5346.8000,5345.4000,5344.2000,5344.0000,5348.6000,5348.8000,5349.0000,5349.8000,5350.0000,1,2,1,1,1,2,6,3,2,12
SF,IC2003,2020-01-03 13:35:23.900,5348.0000,53463,0,8349598880.000,0,-,-,-,-,5347.2000,5347.0000,5346.8000,5345.4000,5344.2000,5348.4000,5348.6000,5348.8000,5349.0000,5349.8000,5,1,2,1,1,2,2,6,3,2
SF,IC2003,2020-01-03 13:35:24.400,5348.4000,53464,1,8350668560.000,1,1,0,双开,B,5347.2000,5347.0000,5346.8000,5345.4000,5344.2000,5348.4000,5348.6000,5348.8000,5349.0000,5349.8000,5,1,2,1,1,1,2,6,3,2
SF,IC2003,2020-01-03 13:35:24.900,5348.4000,53464,0,8350668560.000,0,-,-,-,-,5347.2000,5347.0000,5346.8000,5345.4000,5344.2000,5348.4000,5348.6000,5348.8000,5349.0000,5349.8000,2,1,2,1,1,1,2,6,3,2
SF,IC2003,2020-01-03 13:35:25.400,5348.4000,53464,0,8350668560.000,0,-,-,-,-,5347.2000,5347.0000,5346.8000,5345.4000,5344.2000,5348.2000,5348.4000,5348.6000,5348.8000,5349.0000,2,1,2,1,1,1,1,2,6,3
SF,IC2003,2020-01-03 13:35:25.900,5348.4000,53464,0,8350668560.000,0,-,-,-,-,5347.2000,5347.0000,5346.8000,5345.4000,5344.2000,5348.0000,5348.2000,5348.4000,5348.6000,5348.8000,2,1,2,1,1,1,1,1,4,6
SF,IC2003,2020-01-03 13:35:26.400,5348.4000,53464,0,8350668560.000,0,-,-,-,-,5347.2000,5347.0000,5346.8000,5345.4000,5344.2000,5348.0000,5348.4000,5348.6000,5348.8000,5349.0000,2,1,2,1,1,1,1,4,6,3
SF,IC2003,2020-01-03 13:35:26.900,5348.4000,53464,0,8350668560.000,0,-,-,-,-,5347.2000,5347.0000,5346.8000,5345.4000,5344.2000,5348.0000,5348.4000,5348.6000,5348.8000,5349.0000,2,1,2,1,1,1,2,4,6,3
SF,IC2003,2020-01-03 13:35:27.400,5348.4000,53463,-1,8351738240.000,1,0,1,双平,B,5347.4000,5347.2000,5347.0000,5346.8000,5345.4000,5348.4000,5348.6000,5348.8000,5349.0000,5349.8000,3,2,1,2,1,1,4,6,3,2
SF,IC2003,2020-01-03 13:35:27.900,5348.4000,53463,0,8351738240.000,0,-,-,-,-,5347.6000,5347.4000,5347.2000,5347.0000,5346.8000,5348.4000,5348.6000,5348.8000,5349.0000,5349.8000,1,3,2,1,2,1,4,6,3,2
SF,IC2003,2020-01-03 13:35:28.400,5348.4000,53463,0,8351738240.000,0,-,-,-,-,5347.6000,5347.4000,5347.2000,5346.8000,5345.4000,5348.4000,5348.6000,5348.8000,5349.0000,5349.8000,1,3,2,2,1,2,4,6,3,2
SF,IC2003,2020-01-03 13:35:28.900,5348.4000,53463,0,8351738240.000,0,-,-,-,-,5348.0000,5347.8000,5347.6000,5347.4000,5347.2000,5348.4000,5348.6000,5348.8000,5349.0000,5349.8000,2,2,1,1,2,2,4,6,3,2
SF,IC2003,2020-01-03 13:35:29.400,5348.4000,53463,0,8352807920.000,1,0,1,空换,B,5348.0000,5347.8000,5347.6000,5347.4000,5347.2000,5348.4000,5348.6000,5348.8000,5349.0000,5349.8000,2,2,1,1,2,1,4,6,3,2
SF,IC2003,2020-01-03 13:35:29.900,5348.4000,53463,0,8353877600.000,1,0,1,空换,B,5348.4000,5348.2000,5348.0000,5347.8000,5347.6000,5348.6000,5348.8000,5349.0000,5349.8000,5350.0000,1,1,2,2,1,2,6,3,2,11
SF,IC2003,2020-01-03 13:35:30.400,5348.6000,53465,2,8356017040.000,2,2,0,双开,B,5348.6000,5348.4000,5348.2000,5348.0000,5347.8000,5348.8000,5349.0000,5349.8000,5350.0000,5350.2000,1,1,1,2,2,6,3,2,11,1
SF,IC2003,2020-01-03 13:35:30.900,5348.8000,53465,0,8357086800.000,1,0,1,空换,B,5348.2000,5348.0000,5347.8000,5347.6000,5347.4000,5348.8000,5349.0000,5349.8000,5350.0000,5350.2000,1,2,2,1,1,5,3,2,11,1
SF,IC2003,2020-01-03 13:35:31.400,5348.8000,53464,-1,8362435600.000,5,2,3,空平,B,5348.4000,5348.2000,5348.0000,5347.4000,5346.8000,5348.6000,5349.0000,5349.8000,5350.0000,5350.2000,5,3,2,1,2,1,3,2,11,1
SF,IC2003,2020-01-03 13:35:31.900,5349.0000,53464,0,8364575120.000,2,1,1,空换,B,5348.6000,5348.4000,5348.0000,5347.4000,5346.8000,5349.0000,5349.8000,5350.0000,5350.2000,5350.8000,7,5,2,1,2,2,2,11,1,1
SF,IC2003,2020-01-03 13:35:32.400,5349.0000,53463,-1,8366714720.000,2,0,2,空平,B,5349.0000,5348.8000,5348.4000,5348.0000,5347.4000,5349.8000,5350.0000,5350.2000,5350.8000,5353.0000,1,1,6,2,1,2,11,1,1,1
SF,IC2003,2020-01-03 13:35:32.900,5349.0000,53463,0,8366714720.000,0,-,-,-,-,5348.8000,5348.4000,5348.0000,5347.4000,5346.8000,5349.8000,5350.0000,5350.2000,5350.8000,5353.0000,2,4,2,1,2,2,11,1,1,1
SF,IC2003,2020-01-03 13:35:33.400,5349.0000,53463,0,8366714720.000,0,-,-,-,-,5348.8000,5348.4000,5348.0000,5347.4000,5346.8000,5349.8000,5350.0000,5350.2000,5350.8000,5353.0000,2,4,2,1,2,2,11,1,1,1
SF,IC2003,2020-01-03 13:35:33.900,5349.0000,53463,0,8366714720.000,0,-,-,-,-,5349.0000,5348.4000,5348.0000,5347.4000,5346.8000,5349.8000,5350.0000,5350.2000,5350.8000,5353.0000,1,4,2,1,2,2,11,1,1,1
SF,IC2003,2020-01-03 13:35:34.400,5349.0000,53463,0,8366714720.000,0,-,-,-,-,5349.4000,5349.0000,5348.4000,5348.0000,5347.4000,5349.8000,5350.0000,5350.2000,5350.8000,5353.0000,2,1,4,2,1,2,11,1,1,1
SF,IC2003,2020-01-03 13:35:34.900,5349.8000,53462,-1,8368854640.000,2,0,2,空平,B,5349.0000,5348.4000,5348.0000,5347.4000,5346.8000,5350.0000,5350.2000,5350.8000,5353.0000,5354.0000,1,4,2,1,2,11,1,1,1,6
SF,IC2003,2020-01-03 13:35:35.400,5349.8000,53462,0,8368854640.000,0,-,-,-,-,5349.2000,5349.0000,5348.4000,5348.0000,5347.4000,5350.0000,5350.2000,5350.8000,5353.0000,5354.0000,2,1,2,2,1,11,1,1,1,6
SF,IC2003,2020-01-03 13:35:35.900,5349.8000,53462,0,8368854640.000,0,-,-,-,-,5349.4000,5349.2000,5348.4000,5348.0000,5347.4000,5350.0000,5350.2000,5350.8000,5353.0000,5354.0000,2,2,2,2,1,11,1,1,1,6
SF,IC2003,2020-01-03 13:35:36.400,5349.8000,53462,0,8368854640.000,0,-,-,-,-,5349.4000,5349.2000,5349.0000,5348.4000,5348.0000,5349.8000,5350.0000,5350.2000,5350.8000,5353.0000,1,2,1,2,2,1,11,1,1,1
SF,IC2003,2020-01-03 13:35:37.400,5349.4000,53463,1,8369924520.000,1,1,0,双开,B,5349.2000,5349.0000,5348.4000,5348.0000,5347.4000,5349.8000,5350.0000,5350.2000,5350.8000,5353.0000,2,1,2,2,1,1,11,1,1,1
SF,IC2003,2020-01-03 13:35:37.900,5349.2000,53464,1,8370994360.000,1,1,0,双开,B,5349.4000,5349.0000,5348.4000,5348.0000,5347.4000,5349.6000,5349.8000,5350.0000,5350.2000,5350.8000,1,1,2,2,1,1,1,11,1,1
SF,IC2003,2020-01-03 13:35:38.400,5349.4000,53463,-1,8372064240.000,1,0,1,双平,B,5349.0000,5348.4000,5348.0000,5346.8000,5345.4000,5349.4000,5349.8000,5350.0000,5350.2000,5350.8000,1,1,2,2,1,2,1,11,1,1
SF,IC2003,2020-01-03 13:35:38.900,5349.0000,53464,1,8373134040.000,1,1,0,双开,B,5348.4000,5348.0000,5346.8000,5345.4000,5344.2000,5349.4000,5349.8000,5350.0000,5350.2000,5350.8000,1,2,2,1,1,1,1,11,1,1
SF,IC2003,2020-01-03 13:35:39.400,5349.0000,53464,0,8373134040.000,0,-,-,-,-,5348.6000,5348.4000,5348.0000,5346.8000,5345.4000,5349.4000,5349.6000,5349.8000,5350.0000,5350.2000,2,2,2,2,1,1,2,1,11,1
SF,IC2003,2020-01-03 13:35:39.900,5349.0000,53464,0,8373134040.000,0,-,-,-,-,5348.4000,5348.0000,5346.8000,5345.4000,5344.2000,5349.2000,5349.4000,5349.6000,5350.0000,5350.2000,2,2,2,1,1,3,1,2,11,1
SF,IC2003,2020-01-03 13:35:40.400,5349.0000,53464,0,8373134040.000,0,-,-,-,-,5348.6000,5348.4000,5348.0000,5346.8000,5345.4000,5349.0000,5349.2000,5349.4000,5349.6000,5350.0000,1,1,2,2,1,1,2,1,2,11
SF,IC2003,2020-01-03 13:35:40.900,5349.0000,53465,1,8375273560.000,2,1,1,多开,B,5348.4000,5348.0000,5346.8000,5345.4000,5344.2000,5349.4000,5349.6000,5350.0000,5350.2000,5350.8000,1,2,2,1,1,1,2,11,1,1
SF,IC2003,2020-01-03 13:35:41.400,5349.0000,53465,0,8375273560.000,0,-,-,-,-,5348.4000,5348.0000,5346.8000,5345.4000,5344.2000,5349.2000,5349.4000,5349.6000,5350.0000,5350.2000,1,2,2,1,1,2,1,3,11,1
SF,IC2003,2020-01-03 13:35:41.900,5349.2000,53466,1,8377413240.000,2,1,1,多开,B,5348.6000,5348.4000,5348.0000,5346.8000,5345.4000,5349.2000,5349.4000,5349.6000,5350.0000,5350.2000,1,1,2,2,1,1,1,3,11,1
SF,IC2003,2020-01-03 13:35:42.400,5349.2000,53466,0,8377413240.000,0,-,-,-,-,5348.8000,5348.6000,5348.4000,5348.0000,5346.8000,5349.2000,5349.4000,5349.6000,5350.0000,5350.2000,1,1,1,2,2,1,1,3,11,1
SF,IC2003,2020-01-03 13:35:42.900,5348.8000,53467,1,8378483000.000,1,1,0,双开,B,5348.8000,5348.4000,5348.0000,5346.8000,5345.4000,5349.2000,5349.4000,5349.6000,5350.0000,5350.2000,1,1,2,2,1,1,1,3,11,1
SF,IC2003,2020-01-03 13:35:43.400,5348.8000,53468,1,8379552760.000,1,1,0,双开,B,5348.4000,5348.0000,5346.8000,5345.4000,5344.2000,5349.2000,5349.4000,5349.6000,5350.0000,5350.2000,1,2,2,1,1,1,1,3,11,1
SF,IC2003,2020-01-03 13:35:43.900,5348.8000,53468,0,8379552760.000,0,-,-,-,-,5348.6000,5348.4000,5348.0000,5346.8000,5345.4000,5349.2000,5349.4000,5349.6000,5350.0000,5350.2000,1,1,2,2,1,1,1,3,11,1
SF,IC2003,2020-01-03 13:35:44.400,5348.8000,53468,0,8379552760.000,0,-,-,-,-,5348.4000,5348.0000,5346.8000,5345.4000,5344.2000,5349.0000,5349.2000,5349.4000,5349.6000,5350.0000,1,2,2,1,1,1,1,1,3,11
SF,IC2003,2020-01-03 13:35:44.900,5348.8000,53468,0,8379552760.000,0,-,-,-,-,5348.4000,5348.0000,5346.8000,5345.4000,5344.2000,5349.4000,5349.6000,5350.0000,5350.2000,5350.8000,1,2,2,1,1,1,3,11,1,1
SF,IC2003,2020-01-03 13:35:45.400,5348.8000,53468,0,8379552760.000,0,-,-,-,-,5348.4000,5348.0000,5346.8000,5345.4000,5344.2000,5349.2000,5349.4000,5349.6000,5350.0000,5350.2000,1,2,2,1,1,3,1,3,11,1
SF,IC2003,2020-01-03 13:35:45.900,5348.8000,53468,0,8379552760.000,0,-,-,-,-,5348.8000,5348.4000,5348.0000,5346.8000,5345.4000,5349.2000,5349.4000,5349.6000,5350.0000,5350.2000,1,1,2,2,1,3,1,3,11,1
SF,IC2003,2020-01-03 13:35:46.400,5348.8000,53468,0,8379552760.000,0,-,-,-,-,5348.8000,5348.4000,5348.0000,5346.8000,5345.4000,5349.4000,5349.6000,5350.0000,5350.2000,5350.8000,1,1,2,2,1,1,3,11,1,1
SF,IC2003,2020-01-03 13:35:46.900,5348.8000,53468,0,8379552760.000,0,-,-,-,-,5348.8000,5348.4000,5348.0000,5346.8000,5345.4000,5349.2000,5349.4000,5349.6000,5350.0000,5350.2000,1,1,2,2,1,1,1,3,11,1
SF,IC2003,2020-01-03 13:35:47.400,5348.8000,53468,0,8379552760.000,0,-,-,-,-,5348.8000,5348.4000,5348.0000,5346.8000,5345.4000,5349.2000,5349.4000,5349.6000,5350.0000,5350.2000,1,1,9,2,1,1,1,3,11,1
SF,IC2003,2020-01-03 13:35:48.400,5348.8000,53468,0,8379552760.000,0,-,-,-,-,5349.0000,5348.8000,5348.4000,5348.0000,5346.8000,5349.2000,5349.4000,5349.6000,5350.0000,5350.2000,1,1,1,9,2,1,1,3,11,1
SF,IC2003,2020-01-03 13:35:48.900,5348.8000,53468,0,8379552760.000,0,-,-,-,-,5349.0000,5348.8000,5348.4000,5348.0000,5346.8000,5349.2000,5349.4000,5349.6000,5350.0000,5350.2000,1,2,1,9,2,1,1,3,11,1
SF,IC2003,2020-01-03 13:35:49.900,5349.2000,53467,-1,8380622600.000,1,0,1,双平,B,5349.0000,5348.8000,5348.4000,5348.0000,5346.8000,5349.4000,5349.6000,5350.0000,5350.2000,5350.8000,1,2,1,9,2,1,3,11,1,1
SF,IC2003,2020-01-03 13:35:50.900,5349.2000,53467,0,8380622600.000,0,-,-,-,-,5349.2000,5348.8000,5348.4000,5348.0000,5346.8000,5349.4000,5349.6000,5350.0000,5350.2000,5350.8000,1,2,1,9,2,1,3,11,1,1
SF,IC2003,2020-01-03 13:35:51.400,5349.2000,53467,0,8381692440.000,1,0,1,空换,B,5348.8000,5348.4000,5348.0000,5346.8000,5345.4000,5349.4000,5349.6000,5350.0000,5350.2000,5350.8000,1,1,9,2,1,1,3,11,1,1
SF,IC2003,2020-01-03 13:35:51.900,5349.2000,53467,0,8381692440.000,0,-,-,-,-,5349.2000,5348.8000,5348.4000,5348.0000,5346.8000,5349.4000,5349.6000,5350.0000,5350.2000,5350.8000,1,1,1,9,2,1,3,11,1,1
SF,IC2003,2020-01-03 13:35:52.400,5349.2000,53467,0,8382762280.000,1,0,1,空换,B,5349.0000,5348.8000,5348.4000,5348.0000,5346.8000,5349.2000,5349.4000,5349.6000,5350.0000,5350.2000,1,1,1,9,2,1,1,3,11,1
SF,IC2003,2020-01-03 13:35:52.900,5349.4000,53467,0,8384902000.000,2,1,1,空换,B,5349.0000,5348.8000,5348.4000,5348.2000,5348.0000,5349.6000,5350.0000,5350.2000,5350.8000,5353.0000,1,1,1,1,9,3,12,1,1,1
SF,IC2003,2020-01-03 13:35:54.900,5349.2000,53467,0,8387041680.000,2,1,1,空换,B,5349.0000,5348.8000,5348.4000,5348.2000,5348.0000,5349.6000,5350.0000,5350.2000,5350.8000,5353.0000,1,1,1,1,9,3,12,1,1,1
SF,IC2003,2020-01-03 13:35:55.400,5349.6000,53468,1,8388111600.000,1,1,0,双开,B,5349.0000,5348.8000,5348.4000,5348.2000,5348.0000,5349.6000,5350.0000,5350.2000,5350.8000,5353.0000,1,1,1,1,9,2,12,1,1,1
SF,IC2003,2020-01-03 13:35:55.900,5349.6000,53468,0,8388111600.000,0,-,-,-,-,5349.2000,5348.8000,5348.4000,5348.2000,5348.0000,5349.6000,5350.0000,5350.2000,5350.8000,5353.0000,1,1,1,1,9,2,12,1,1,1
SF,IC2003,2020-01-03 13:35:56.400,5349.6000,53468,0,8388111600.000,0,-,-,-,-,5349.2000,5349.0000,5348.8000,5348.4000,5348.2000,5349.6000,5350.0000,5350.2000,5350.8000,5353.0000,1,1,1,1,1,2,12,1,1,1
SF,IC2003,2020-01-03 13:35:56.900,5349.6000,53469,1,8390251440.000,2,1,1,多开,B,5349.6000,5349.4000,5349.2000,5349.0000,5348.8000,5350.0000,5350.2000,5350.8000,5353.0000,5354.0000,3,3,1,1,1,12,1,1,1,6
SF,IC2003,2020-01-03 13:35:57.400,5350.0000,53467,-2,8396671360.000,6,2,4,空平,B,5349.8000,5349.6000,5349.4000,5349.2000,5349.0000,5350.0000,5350.2000,5350.8000,5353.0000,5354.0000,3,3,3,1,1,8,1,1,1,6
SF,IC2003,2020-01-03 13:35:57.900,5350.0000,53467,0,8405231360.000,8,4,4,空换,B,5350.0000,5349.8000,5349.6000,5349.4000,5348.8000,5350.2000,5350.8000,5353.0000,5354.0000,5354.4000,1,3,2,3,1,1,1,1,6,2
SF,IC2003,2020-01-03 13:35:58.400,5350.2000,53466,-1,8407371440.000,2,0,2,空平,B,5350.2000,5349.8000,5349.6000,5349.4000,5348.8000,5350.8000,5353.0000,5354.0000,5354.4000,5355.0000,5,1,2,3,1,1,1,6,2,19
SF,IC2003,2020-01-03 13:35:58.900,5350.2000,53466,0,8408441480.000,1,0,1,空换,B,5350.6000,5350.4000,5350.2000,5349.8000,5349.6000,5350.8000,5353.0000,5354.0000,5354.4000,5355.0000,1,1,2,1,2,1,1,6,2,19
SF,IC2003,2020-01-03 13:35:59.400,5350.2000,53466,0,8408441480.000,0,-,-,-,-,5350.6000,5350.4000,5350.2000,5350.0000,5349.8000,5350.8000,5353.0000,5354.0000,5354.4000,5355.0000,1,1,2,1,1,1,1,6,2,19
SF,IC2003,2020-01-03 13:35:59.900,5350.8000,53467,1,8409511640.000,1,1,0,双开,B,5350.6000,5350.4000,5350.2000,5350.0000,5349.8000,5353.0000,5354.0000,5354.4000,5355.0000,5355.2000,1,1,2,1,1,1,6,2,19,1
SF,IC2003,2020-01-03 13:36:00.400,5350.8000,53467,0,8409511640.000,0,-,-,-,-,5350.2000,5350.0000,5349.8000,5349.6000,5348.8000,5350.8000,5352.0000,5352.2000,5352.6000,5352.8000,2,1,1,2,1,2,1,1,3,2
SF,IC2003,2020-01-03 13:36:00.900,5350.8000,53467,0,8409511640.000,0,-,-,-,-,5350.4000,5350.2000,5350.0000,5349.8000,5349.6000,5350.8000,5351.4000,5352.0000,5352.6000,5352.8000,1,2,1,1,2,2,1,1,2,2
SF,IC2003,2020-01-03 13:36:01.400,5350.8000,53467,0,8409511640.000,0,-,-,-,-,5350.4000,5350.2000,5350.0000,5349.8000,5349.6000,5350.8000,5351.4000,5352.0000,5352.6000,5352.8000,1,1,1,1,2,1,1,1,2,2
SF,IC2003,2020-01-03 13:36:01.900,5350.8000,53467,0,8410581800.000,1,0,1,空换,B,5350.4000,5350.2000,5349.8000,5349.6000,5348.8000,5351.4000,5352.0000,5352.6000,5352.8000,5353.0000,2,1,1,2,1,1,1,2,2,1
SF,IC2003,2020-01-03 13:36:02.400,5350.6000,53469,2,8413792360.000,3,2,1,多开,B,5350.6000,5350.4000,5350.2000,5349.8000,5349.6000,5351.2000,5352.8000,5353.0000,5353.8000,5354.0000,4,3,1,1,2,1,2,1,2,6
SF,IC2003,2020-01-03 13:36:02.900,5351.2000,53469,0,8414862600.000,1,0,1,空换,B,5350.8000,5350.6000,5350.4000,5350.2000,5349.8000,5351.0000,5352.8000,5353.0000,5353.8000,5354.0000,1,2,1,1,1,1,2,1,2,6
SF,IC2003,2020-01-03 13:36:03.400,5351.0000,53470,1,8415932800.000,1,1,0,双开,B,5351.4000,5350.8000,5350.6000,5350.4000,5350.2000,5352.6000,5352.8000,5353.0000,5353.8000,5354.0000,1,1,2,1,1,1,2,1,2,6
SF,IC2003,2020-01-03 13:36:03.900,5350.8000,53469,-1,8418073240.000,2,0,2,空平,B,5350.6000,5350.4000,5350.2000,5349.8000,5349.6000,5351.2000,5351.4000,5352.2000,5352.4000,5353.0000,1,1,1,1,2,2,5,3,2,1
SF,IC2003,2020-01-03 13:36:04.400,5350.4000,53471,2,8422353560.000,4,3,1,多开,B,5349.8000,5349.6000,5348.8000,5348.2000,5348.0000,5350.4000,5351.0000,5351.4000,5352.2000,5353.0000,1,2,1,1,10,2,3,1,1,1
SF,IC2003,2020-01-03 13:36:04.900,5349.8000,53472,1,8423423520.000,1,1,0,双开,B,5349.6000,5348.8000,5348.2000,5348.0000,5346.8000,5349.8000,5350.0000,5350.2000,5350.4000,5350.6000,2,1,1,10,2,2,1,1,2,1
SF,IC2003,2020-01-03 13:36:05.400,5349.6000,53474,2,8425563360.000,2,2,0,双开,B,5348.8000,5348.2000,5348.0000,5346.8000,5344.0000,5349.4000,5349.6000,5349.8000,5350.4000,5350.6000,1,1,10,2,1,5,7,1,2,1
SF,IC2003,2020-01-03 13:36:05.900,5349.6000,53474,0,8425563360.000,0,-,-,-,-,5348.8000,5348.2000,5348.0000,5346.8000,5344.0000,5349.2000,5349.4000,5349.6000,5350.4000,5350.6000,2,1,10,2,1,1,2,3,2,1
SF,IC2003,2020-01-03 13:36:06.400,5349.2000,53475,1,8426633200.000,1,1,0,双开,B,5349.2000,5349.0000,5348.8000,5348.2000,5348.0000,5349.4000,5349.6000,5350.6000,5352.2000,5353.0000,1,1,1,1,10,2,1,1,1,1
SF,IC2003,2020-01-03 13:36:06.900,5349.4000,53475,0,8428772960.000,2,1,1,空换,B,5349.4000,5349.2000,5349.0000,5348.8000,5348.2000,5349.6000,5350.6000,5352.2000,5353.0000,5353.8000,1,1,1,1,1,1,1,1,1,3
SF,IC2003,2020-01-03 13:36:07.400,5349.4000,53475,0,8428772960.000,0,-,-,-,-,5349.6000,5349.2000,5349.0000,5348.8000,5348.2000,5350.6000,5352.2000,5353.0000,5353.8000,5354.0000,1,1,1,1,1,1,1,1,3,6
SF,IC2003,2020-01-03 13:36:07.900,5349.4000,53475,0,8428772960.000,0,-,-,-,-,5349.6000,5349.2000,5349.0000,5348.8000,5348.2000,5350.4000,5350.6000,5352.2000,5353.0000,5353.8000,1,1,1,1,1,3,1,1,1,3
SF,IC2003,2020-01-03 13:36:08.400,5349.4000,53475,0,8428772960.000,0,-,-,-,-,5349.2000,5349.0000,5348.8000,5348.2000,5348.0000,5350.4000,5350.6000,5352.2000,5353.0000,5353.8000,1,1,1,1,9,3,1,1,1,3
SF,IC2003,2020-01-03 13:36:10.400,5349.4000,53475,0,8428772960.000,0,-,-,-,-,5349.2000,5349.0000,5348.8000,5348.2000,5348.0000,5350.4000,5350.6000,5352.2000,5353.0000,5353.8000,1,1,1,1,9,3,1,2,1,3
SF,IC2003,2020-01-03 13:36:10.900,5349.4000,53475,0,8428772960.000,0,-,-,-,-,5349.2000,5348.8000,5348.2000,5348.0000,5346.8000,5350.0000,5350.2000,5350.4000,5350.6000,5352.2000,1,1,1,9,2,1,1,3,1,2
SF,IC2003,2020-01-03 13:36:11.400,5349.4000,53475,0,8428772960.000,0,-,-,-,-,5349.2000,5348.8000,5348.2000,5348.0000,5346.8000,5350.0000,5350.2000,5350.4000,5350.6000,5352.2000,1,1,1,9,2,1,1,3,1,2
SF,IC2003,2020-01-03 13:36:11.900,5349.4000,53475,0,8428772960.000,0,-,-,-,-,5349.4000,5349.2000,5348.8000,5348.2000,5348.0000,5350.2000,5350.4000,5350.6000,5352.2000,5353.0000,1,1,1,1,9,1,3,1,2,1
SF,IC2003,2020-01-03 13:36:12.400,5349.4000,53475,0,8428772960.000,0,-,-,-,-,5349.4000,5349.2000,5348.8000,5348.2000,5348.0000,5350.4000,5350.6000,5352.2000,5353.0000,5353.8000,1,1,1,1,9,3,1,2,1,3
SF,IC2003,2020-01-03 13:36:12.900,5349.4000,53475,0,8428772960.000,0,-,-,-,-,5349.6000,5349.4000,5349.2000,5348.8000,5348.2000,5350.4000,5350.6000,5352.2000,5353.0000,5353.8000,5,1,1,1,1,1,1,2,1,3
SF,IC2003,2020-01-03 13:36:13.400,5349.6000,53474,-1,8431982720.000,3,1,2,空平,B,5349.2000,5348.2000,5348.0000,5346.8000,5344.0000,5350.2000,5350.4000,5350.6000,5352.2000,5353.0000,1,1,9,2,1,3,1,1,2,1
SF,IC2003,2020-01-03 13:36:13.900,5350.0000,53475,1,8433052720.000,1,1,0,双开,B,5349.4000,5349.2000,5348.2000,5348.0000,5346.8000,5350.2000,5350.4000,5350.6000,5352.2000,5353.0000,1,1,1,9,2,3,1,1,2,1
SF,IC2003,2020-01-03 13:36:14.400,5350.0000,53475,0,8433052720.000,0,-,-,-,-,5349.4000,5348.2000,5348.0000,5346.8000,5344.0000,5350.0000,5350.2000,5350.4000,5350.6000,5352.2000,1,1,9,2,1,1,3,1,1,2
SF,IC2003,2020-01-03 13:36:14.900,5350.0000,53475,0,8433052720.000,0,-,-,-,-,5349.0000,5348.2000,5348.0000,5346.8000,5344.0000,5349.8000,5350.0000,5350.2000,5350.4000,5350.6000,1,1,9,2,1,2,1,1,1,1
SF,IC2003,2020-01-03 13:36:15.400,5350.0000,53475,0,8433052720.000,0,-,-,-,-,5349.2000,5349.0000,5348.2000,5348.0000,5346.8000,5349.8000,5350.0000,5350.2000,5350.4000,5350.6000,2,1,1,9,2,2,1,1,1,1
SF,IC2003,2020-01-03 13:36:15.900,5350.0000,53475,0,8433052720.000,0,-,-,-,-,5349.6000,5349.4000,5349.2000,5349.0000,5348.2000,5349.8000,5350.0000,5350.2000,5350.6000,5351.0000,1,1,2,1,1,2,1,1,1,2
SF,IC2003,2020-01-03 13:36:16.400,5350.0000,53475,0,8433052720.000,0,-,-,-,-,5349.6000,5349.4000,5349.2000,5349.0000,5348.2000,5349.8000,5350.0000,5350.2000,5350.6000,5351.0000,1,1,2,1,1,2,1,1,1,2
SF,IC2003,2020-01-03 13:36:16.900,5350.0000,53475,0,8433052720.000,0,-,-,-,-,5349.4000,5349.2000,5349.0000,5348.2000,5348.0000,5349.8000,5350.0000,5350.2000,5350.6000,5351.0000,1,2,1,1,9,2,1,1,1,2
SF,IC2003,2020-01-03 13:36:17.400,5349.4000,53475,0,8434122600.000,1,0,1,空换,B,5349.2000,5349.0000,5348.2000,5348.0000,5346.8000,5349.6000,5349.8000,5350.0000,5350.2000,5350.6000,1,1,1,9,2,1,2,1,1,1
SF,IC2003,2020-01-03 13:36:17.900,5349.2000,53474,-1,8435192440.000,1,0,1,双平,B,5349.0000,5348.2000,5348.0000,5346.8000,5344.0000,5349.4000,5349.6000,5349.8000,5350.0000,5350.2000,1,1,9,2,1,1,1,2,1,1
SF,IC2003,2020-01-03 13:36:18.400,5349.2000,53474,0,8435192440.000,0,-,-,-,-,5349.2000,5349.0000,5348.2000,5348.0000,5346.8000,5349.4000,5349.6000,5349.8000,5350.0000,5350.2000,1,1,1,9,2,1,1,2,1,1
SF,IC2003,2020-01-03 13:36:19.400,5349.2000,53474,0,8435192440.000,0,-,-,-,-,5349.2000,5349.0000,5348.2000,5348.0000,5346.8000,5349.4000,5349.6000,5349.8000,5350.0000,5350.2000,1,1,1,9,2,1,1,2,2,1
SF,IC2003,2020-01-03 13:36:19.900,5349.2000,53474,0,8436262280.000,1,0,1,空换,B,5349.0000,5348.2000,5348.0000,5346.8000,5344.0000,5349.4000,5349.6000,5349.8000,5350.0000,5350.2000,1,1,9,2,1,1,1,1,2,1
SF,IC2003,2020-01-03 13:36:20.400,5349.0000,53474,0,8437332080.000,1,0,1,空换,B,5348.2000,5348.0000,5346.8000,5344.0000,5343.4000,5349.4000,5349.6000,5349.8000,5350.0000,5350.2000,1,9,2,1,1,1,1,1,2,1
SF,IC2003,2020-01-03 13:36:20.900,5349.0000,53474,0,8437332080.000,0,-,-,-,-,5348.4000,5348.2000,5348.0000,5346.8000,5344.0000,5349.2000,5349.4000,5349.6000,5349.8000,5350.0000,3,1,9,2,1,2,1,1,1,2
SF,IC2003,2020-01-03 13:36:21.400,5349.0000,53474,0,8437332080.000,0,-,-,-,-,5348.4000,5348.2000,5348.0000,5346.8000,5344.0000,5349.2000,5349.4000,5349.6000,5349.8000,5350.0000,3,1,11,2,1,2,1,1,1,2
SF,IC2003,2020-01-03 13:36:21.900,5349.2000,53474,0,8438401920.000,1,0,1,空换,B,5348.4000,5348.2000,5348.0000,5346.8000,5344.0000,5349.2000,5349.4000,5349.6000,5349.8000,5350.0000,3,1,11,2,1,1,1,1,1,2
SF,IC2003,2020-01-03 13:36:22.400,5349.2000,53474,0,8438401920.000,0,-,-,-,-,5349.2000,5348.6000,5348.4000,5348.2000,5348.0000,5349.4000,5349.6000,5349.8000,5350.0000,5350.2000,2,2,2,1,11,1,1,1,2,1
SF,IC2003,2020-01-03 13:36:22.900,5349.2000,53474,0,8438401920.000,0,-,-,-,-,5349.2000,5349.0000,5348.6000,5348.2000,5348.0000,5349.4000,5349.6000,5349.8000,5350.0000,5350.2000,1,1,2,1,11,1,1,1,2,1
SF,IC2003,2020-01-03 13:36:23.400,5349.2000,53474,0,8438401920.000,0,-,-,-,-,5349.0000,5348.6000,5348.2000,5348.0000,5346.8000,5349.4000,5349.6000,5349.8000,5350.0000,5350.2000,1,2,1,11,2,1,1,1,2,1
SF,IC2003,2020-01-03 13:36:23.900,5349.2000,53474,0,8438401920.000,0,-,-,-,-,5349.0000,5348.6000,5348.2000,5348.0000,5346.8000,5349.4000,5349.6000,5349.8000,5350.0000,5350.2000,1,2,1,11,2,1,1,1,2,1
SF,IC2003,2020-01-03 13:36:24.400,5349.4000,53474,0,8439471800.000,1,0,1,空换,B,5349.2000,5349.0000,5348.6000,5348.2000,5348.0000,5349.4000,5349.6000,5349.8000,5350.0000,5350.2000,1,2,2,1,11,1,1,1,2,1
SF,IC2003,2020-01-03 13:36:24.900,5349.4000,53474,0,8440541680.000,1,0,1,空换,B,5349.4000,5349.2000,5349.0000,5348.6000,5348.2000,5349.6000,5349.8000,5350.0000,5350.2000,5351.0000,4,1,2,2,1,1,1,2,1,2
SF,IC2003,2020-01-03 13:36:25.400,5349.6000,53473,-1,8441611600.000,1,0,1,双平,B,5349.6000,5349.4000,5349.2000,5349.0000,5348.6000,5349.8000,5350.0000,5350.2000,5351.0000,5352.2000,1,3,1,1,2,1,2,1,2,2
SF,IC2003,2020-01-03 13:36:25.900,5350.0000,53472,-1,8444821560.000,3,1,2,空平,B,5349.8000,5349.6000,5349.4000,5349.2000,5349.0000,5350.2000,5351.0000,5352.2000,5353.0000,5353.8000,1,1,1,1,1,1,2,2,1,2
SF,IC2003,2020-01-03 13:36:26.400,5350.0000,53472,0,8444821560.000,0,-,-,-,-,5349.8000,5349.6000,5349.4000,5349.2000,5349.0000,5351.0000,5352.2000,5353.0000,5353.8000,5354.0000,1,1,1,1,1,2,2,1,2,5
SF,IC2003,2020-01-03 13:36:26.900,5350.0000,53472,0,8444821560.000,0,-,-,-,-,5349.8000,5349.6000,5349.4000,5349.2000,5349.0000,5350.8000,5351.0000,5352.2000,5353.0000,5353.8000,1,1,1,1,2,2,2,2,1,2
SF,IC2003,2020-01-03 13:36:27.400,5350.0000,53472,0,8444821560.000,0,-,-,-,-,5349.8000,5349.6000,5349.4000,5349.2000,5349.0000,5350.8000,5351.0000,5352.2000,5353.0000,5353.8000,1,1,1,1,2,2,2,2,1,2
SF,IC2003,2020-01-03 13:36:27.900,5350.0000,53472,0,8444821560.000,0,-,-,-,-,5350.2000,5349.8000,5349.6000,5349.4000,5349.2000,5350.8000,5351.0000,5352.2000,5353.0000,5353.8000,1,2,1,1,1,2,2,2,1,2
SF,IC2003,2020-01-03 13:36:28.400,5350.0000,53472,0,8444821560.000,0,-,-,-,-,5350.2000,5349.8000,5349.6000,5349.4000,5349.0000,5350.6000,5350.8000,5351.0000,5352.2000,5353.0000,1,2,1,1,2,1,2,2,2,1
SF,IC2003,2020-01-03 13:36:28.900,5350.6000,53471,-1,8445891680.000,1,0,1,双平,B,5350.6000,5350.4000,5350.2000,5349.8000,5349.6000,5351.0000,5352.2000,5353.0000,5353.8000,5354.0000,1,2,1,1,1,2,2,1,2,5
SF,IC2003,2020-01-03 13:36:29.400,5350.6000,53471,0,8445891680.000,0,-,-,-,-,5350.4000,5350.2000,5349.8000,5349.6000,5349.4000,5351.0000,5352.2000,5353.0000,5353.8000,5354.0000,1,1,1,1,1,2,2,1,2,5
SF,IC2003,2020-01-03 13:36:29.900,5350.6000,53471,0,8445891680.000,0,-,-,-,-,5350.4000,5350.2000,5349.8000,5349.6000,5349.4000,5351.0000,5352.2000,5353.0000,5353.8000,5354.0000,1,1,1,1,1,2,2,1,2,5
SF,IC2003,2020-01-03 13:36:30.400,5351.0000,53473,2,8448032080.000,2,2,0,双开,B,5350.4000,5350.2000,5349.8000,5349.6000,5349.4000,5352.2000,5353.0000,5353.8000,5354.0000,5354.2000,1,1,1,1,1,2,1,2,5,1
SF,IC2003,2020-01-03 13:36:30.900,5351.0000,53473,0,8448032080.000,0,-,-,-,-,5350.4000,5350.2000,5349.8000,5349.6000,5349.4000,5352.0000,5352.2000,5353.0000,5353.8000,5354.0000,1,1,1,1,1,2,2,1,2,5
SF,IC2003,2020-01-03 13:36:31.400,5350.4000,53473,0,8449102160.000,1,0,1,空换,B,5350.2000,5349.8000,5349.6000,5349.4000,5349.0000,5352.0000,5352.2000,5353.0000,5353.8000,5354.0000,1,1,1,1,1,2,2,1,2,5
SF,IC2003,2020-01-03 13:36:31.900,5350.4000,53473,0,8449102160.000,0,-,-,-,-,5350.6000,5350.4000,5350.2000,5349.8000,5349.6000,5351.6000,5352.0000,5352.2000,5353.0000,5353.8000,2,1,2,1,1,1,2,2,1,2
SF,IC2003,2020-01-03 13:36:32.400,5350.4000,53473,0,8449102160.000,0,-,-,-,-,5350.6000,5350.2000,5349.8000,5349.6000,5349.4000,5351.4000,5352.2000,5353.0000,5353.8000,5354.0000,2,2,1,1,1,2,2,1,2,5
SF,IC2003,2020-01-03 13:36:32.900,5350.4000,53473,0,8449102160.000,0,-,-,-,-,5350.6000,5350.2000,5349.8000,5349.6000,5349.0000,5351.4000,5352.2000,5353.0000,5353.8000,5354.0000,1,2,1,1,1,2,2,1,2,5
SF,IC2003,2020-01-03 13:36:33.400,5350.4000,53473,0,8449102160.000,0,-,-,-,-,5350.6000,5350.2000,5349.8000,5349.6000,5349.0000,5351.2000,5351.4000,5352.2000,5353.0000,5353.8000,1,2,1,1,1,1,2,2,1,2
SF,IC2003,2020-01-03 13:36:34.400,5350.4000,53473,0,8449102160.000,0,-,-,-,-,5350.6000,5350.2000,5349.8000,5349.0000,5348.6000,5351.2000,5351.4000,5352.2000,5353.0000,5353.8000,1,2,1,1,3,1,2,2,1,2
SF,IC2003,2020-01-03 13:36:34.900,5350.4000,53473,0,8449102160.000,0,-,-,-,-,5350.6000,5350.2000,5349.8000,5349.0000,5348.6000,5351.0000,5351.2000,5352.2000,5353.0000,5353.8000,1,1,1,1,3,2,1,2,1,2
SF,IC2003,2020-01-03 13:36:35.900,5350.4000,53473,0,8449102160.000,0,-,-,-,-,5350.6000,5350.2000,5350.0000,5349.8000,5349.0000,5351.0000,5351.2000,5351.8000,5352.2000,5353.0000,1,1,1,1,1,2,1,1,2,1
SF,IC2003,2020-01-03 13:36:36.400,5350.4000,53473,0,8449102160.000,0,-,-,-,-,5350.6000,5350.2000,5350.0000,5349.8000,5349.0000,5351.0000,5351.8000,5352.2000,5353.0000,5353.8000,1,1,1,1,1,1,1,2,1,2
SF,IC2003,2020-01-03 13:36:37.400,5351.0000,53472,-1,8450172360.000,1,0,1,双平,B,5350.6000,5350.2000,5350.0000,5349.8000,5349.0000,5351.8000,5352.2000,5353.0000,5353.8000,5354.0000,1,1,1,1,1,1,1,1,2,5
SF,IC2003,2020-01-03 13:36:37.900,5351.0000,53472,0,8450172360.000,0,-,-,-,-,5350.6000,5350.2000,5350.0000,5349.8000,5349.0000,5351.6000,5351.8000,5352.2000,5353.0000,5353.8000,1,1,1,1,1,2,1,1,1,2
SF,IC2003,2020-01-03 13:36:38.400,5351.0000,53472,0,8450172360.000,0,-,-,-,-,5350.6000,5350.2000,5350.0000,5349.8000,5349.0000,5351.4000,5351.6000,5351.8000,5352.2000,5353.0000,1,1,1,1,1,1,2,1,1,1
SF,IC2003,2020-01-03 13:36:38.900,5351.0000,53472,0,8450172360.000,0,-,-,-,-,5350.6000,5350.2000,5350.0000,5349.8000,5349.0000,5351.2000,5351.4000,5351.8000,5352.2000,5353.0000,1,1,1,1,1,3,1,1,1,1
SF,IC2003,2020-01-03 13:36:39.400,5351.0000,53472,0,8450172360.000,0,-,-,-,-,5350.6000,5350.2000,5350.0000,5349.8000,5349.2000,5351.0000,5351.2000,5351.4000,5351.8000,5352.2000,1,1,1,1,1,1,3,1,1,1
SF,IC2003,2020-01-03 13:36:41.900,5351.0000,53472,0,8450172360.000,0,-,-,-,-,5350.6000,5350.2000,5350.0000,5349.8000,5349.2000,5351.0000,5351.2000,5351.4000,5351.8000,5352.2000,1,1,1,1,1,1,2,1,1,1
SF,IC2003,2020-01-03 13:36:42.400,5351.0000,53472,0,8450172360.000,0,-,-,-,-,5350.6000,5350.2000,5350.0000,5349.8000,5349.2000,5351.2000,5351.4000,5351.8000,5352.2000,5353.0000,1,1,1,1,1,2,1,1,1,1
SF,IC2003,2020-01-03 13:36:42.900,5351.0000,53472,0,8450172360.000,0,-,-,-,-,5351.0000,5350.6000,5350.2000,5350.0000,5349.8000,5351.2000,5351.4000,5351.8000,5352.2000,5353.0000,1,1,1,1,1,2,1,2,1,1
SF,IC2003,2020-01-03 13:36:43.400,5351.0000,53472,0,8450172360.000,0,-,-,-,-,5351.0000,5350.6000,5350.2000,5350.0000,5349.2000,5351.2000,5351.4000,5351.8000,5352.2000,5353.0000,1,1,1,1,1,2,1,2,1,1
SF,IC2003,2020-01-03 13:36:43.900,5351.0000,53471,-1,8452312800.000,2,0,2,空平,B,5350.6000,5350.2000,5350.0000,5349.2000,5349.0000,5351.2000,5351.8000,5352.2000,5353.0000,5353.8000,1,1,1,1,1,1,2,1,1,2
SF,IC2003,2020-01-03 13:36:44.400,5351.0000,53471,0,8452312800.000,0,-,-,-,-,5350.8000,5350.6000,5350.2000,5350.0000,5349.2000,5351.8000,5352.2000,5353.0000,5353.8000,5354.0000,1,2,1,1,1,2,1,1,2,5
SF,IC2003,2020-01-03 13:36:44.900,5351.0000,53471,0,8452312800.000,0,-,-,-,-,5350.6000,5350.2000,5350.0000,5349.2000,5349.0000,5351.4000,5351.6000,5351.8000,5352.2000,5353.0000,2,1,1,1,1,1,2,2,1,1
SF,IC2003,2020-01-03 13:36:45.400,5351.0000,53471,0,8452312800.000,0,-,-,-,-,5350.6000,5350.2000,5350.0000,5349.2000,5349.0000,5351.2000,5351.4000,5351.8000,5352.2000,5353.0000,2,1,1,1,1,2,1,2,1,1
SF,IC2003,2020-01-03 13:36:45.900,5351.0000,53471,0,8452312800.000,0,-,-,-,-,5350.6000,5350.2000,5350.0000,5349.2000,5349.0000,5351.0000,5351.2000,5351.4000,5351.8000,5352.2000,2,1,1,1,1,1,2,1,2,1
SF,IC2003,2020-01-03 13:36:46.400,5351.0000,53471,0,8452312800.000,0,-,-,-,-,5350.6000,5350.2000,5350.0000,5349.2000,5349.0000,5351.0000,5351.2000,5351.4000,5351.8000,5352.2000,2,1,1,1,1,1,2,1,1,1
SF,IC2003,2020-01-03 13:36:46.900,5350.6000,53472,1,8454453040.000,2,1,1,多开,B,5350.2000,5350.0000,5349.2000,5349.0000,5348.6000,5351.0000,5351.2000,5351.4000,5351.8000,5352.2000,1,1,1,1,3,1,2,1,1,1
SF,IC2003,2020-01-03 13:36:49.400,5350.6000,53472,0,8454453040.000,0,-,-,-,-,5350.2000,5350.0000,5349.2000,5349.0000,5348.6000,5350.8000,5351.0000,5351.2000,5351.4000,5351.8000,1,1,1,1,3,1,1,2,1,1
SF,IC2003,2020-01-03 13:36:50.400,5350.6000,53472,0,8454453040.000,0,-,-,-,-,5350.2000,5350.0000,5349.2000,5349.0000,5348.6000,5350.8000,5351.0000,5351.2000,5351.4000,5351.8000,2,1,1,1,3,1,1,2,1,1
SF,IC2003,2020-01-03 13:36:52.400,5350.6000,53472,0,8454453040.000,0,-,-,-,-,5350.2000,5350.0000,5349.2000,5349.0000,5348.6000,5350.8000,5351.0000,5351.2000,5351.4000,5351.8000,2,1,1,1,3,1,1,2,1,1
SF,IC2003,2020-01-03 13:36:52.900,5350.6000,53472,0,8454453040.000,0,-,-,-,-,5350.2000,5350.0000,5349.2000,5349.0000,5348.6000,5350.8000,5351.0000,5351.2000,5351.8000,5352.2000,2,1,1,1,3,1,1,2,1,1
SF,IC2003,2020-01-03 13:36:53.400,5350.6000,53472,0,8454453040.000,0,-,-,-,-,5350.2000,5350.0000,5349.2000,5349.0000,5348.6000,5350.6000,5350.8000,5351.0000,5351.2000,5351.8000,2,1,1,1,3,1,1,1,2,1
SF,IC2003,2020-01-03 13:36:53.900,5350.6000,53472,0,8454453040.000,0,-,-,-,-,5350.4000,5350.2000,5350.0000,5349.2000,5349.0000,5350.6000,5350.8000,5351.0000,5351.2000,5351.8000,1,2,1,1,1,1,1,1,2,1
SF,IC2003,2020-01-03 13:36:55.400,5350.6000,53472,0,8454453040.000,0,-,-,-,-,5350.4000,5350.2000,5350.0000,5349.2000,5349.0000,5350.6000,5350.8000,5351.0000,5351.2000,5351.8000,1,2,1,1,1,1,1,1,2,1
SF,IC2003,2020-01-03 13:36:55.900,5350.6000,53472,0,8454453040.000,0,-,-,-,-,5350.2000,5350.0000,5349.2000,5349.0000,5348.6000,5350.6000,5350.8000,5351.0000,5351.2000,5351.8000,2,1,1,1,3,1,1,1,2,1
SF,IC2003,2020-01-03 13:36:56.400,5350.6000,53471,-1,8455523160.000,1,0,1,双平,B,5350.6000,5350.2000,5350.0000,5349.2000,5349.0000,5350.8000,5351.0000,5351.2000,5351.8000,5352.2000,1,2,1,1,1,1,1,2,1,2
SF,IC2003,2020-01-03 13:36:56.900,5350.6000,53471,0,8456593280.000,1,0,1,空换,B,5350.6000,5350.2000,5350.0000,5349.2000,5349.0000,5350.8000,5351.0000,5351.8000,5352.2000,5353.0000,1,2,1,1,1,1,1,1,2,1
SF,IC2003,2020-01-03 13:36:57.900,5350.8000,53470,-1,8457663440.000,1,0,1,双平,B,5350.6000,5350.2000,5350.0000,5349.2000,5349.0000,5351.0000,5351.8000,5352.2000,5353.0000,5353.6000,1,2,1,1,1,1,1,2,1,1
SF,IC2003,2020-01-03 13:36:58.400,5350.6000,53469,-1,8458733560.000,1,0,1,双平,B,5350.2000,5350.0000,5349.2000,5349.0000,5348.6000,5351.0000,5351.8000,5352.2000,5353.0000,5353.6000,2,1,1,1,3,1,1,2,1,1
SF,IC2003,2020-01-03 13:36:58.900,5350.6000,53469,0,8458733560.000,0,-,-,-,-,5350.4000,5350.2000,5350.0000,5349.2000,5349.0000,5351.0000,5351.8000,5352.2000,5353.0000,5353.6000,1,2,1,1,1,1,1,2,1,1
SF,IC2003,2020-01-03 13:36:59.900,5350.6000,53469,0,8458733560.000,0,-,-,-,-,5350.4000,5350.2000,5350.0000,5349.2000,5349.0000,5351.8000,5352.2000,5353.0000,5353.6000,5353.8000,1,2,1,1,1,1,2,1,1,2
SF,IC2003,2020-01-03 13:37:00.400,5350.6000,53469,0,8458733560.000,0,-,-,-,-,5350.6000,5350.4000,5350.2000,5350.0000,5349.2000,5351.6000,5351.8000,5352.2000,5353.0000,5353.6000,1,2,2,1,1,2,1,2,1,1
SF,IC2003,2020-01-03 13:37:00.900,5350.6000,53469,0,8458733560.000,0,-,-,-,-,5350.4000,5350.2000,5350.0000,5349.2000,5349.0000,5351.4000,5351.6000,5351.8000,5352.2000,5353.0000,2,2,1,1,1,1,2,1,2,1
SF,IC2003,2020-01-03 13:37:01.400,5350.6000,53469,0,8458733560.000,0,-,-,-,-,5350.6000,5350.4000,5350.2000,5350.0000,5349.2000,5351.6000,5351.8000,5352.2000,5353.0000,5353.6000,1,2,2,1,1,2,1,2,1,1
SF,IC2003,2020-01-03 13:37:01.900,5350.6000,53469,0,8458733560.000,0,-,-,-,-,5350.6000,5350.4000,5350.2000,5350.0000,5349.2000,5351.6000,5351.8000,5352.2000,5353.0000,5353.6000,1,1,2,1,1,2,1,2,1,1
SF,IC2003,2020-01-03 13:37:02.400,5350.6000,53469,0,8458733560.000,0,-,-,-,-,5350.4000,5350.2000,5350.0000,5349.2000,5349.0000,5350.8000,5351.4000,5351.6000,5351.8000,5352.2000,1,2,1,1,1,2,1,2,1,2
SF,IC2003,2020-01-03 13:37:02.900,5350.6000,53469,0,8458733560.000,0,-,-,-,-,5350.4000,5350.2000,5350.0000,5349.2000,5349.0000,5350.6000,5351.6000,5351.8000,5352.2000,5353.0000,1,2,1,1,1,5,2,1,2,1
SF,IC2003,2020-01-03 13:37:03.400,5350.4000,53469,0,8459803640.000,1,0,1,空换,B,5350.2000,5350.0000,5349.2000,5349.0000,5348.6000,5350.4000,5350.6000,5351.6000,5351.8000,5352.2000,2,1,1,1,3,4,5,2,1,2
SF,IC2003,2020-01-03 13:37:03.900,5350.2000,53469,0,8461943720.000,2,1,1,空换,B,5350.0000,5349.2000,5349.0000,5348.6000,5348.2000,5350.2000,5350.4000,5350.6000,5351.6000,5351.8000,1,1,1,3,6,8,1,5,2,1
SF,IC2003,2020-01-03 13:37:04.400,5350.0000,53469,0,8463013720.000,1,0,1,空换,B,5349.2000,5349.0000,5348.6000,5348.2000,5348.0000,5349.8000,5350.0000,5350.2000,5350.4000,5350.6000,1,1,3,6,11,2,4,8,1,5
SF,IC2003,2020-01-03 13:37:04.900,5350.0000,53469,0,8463013720.000,0,-,-,-,-,5349.4000,5349.2000,5349.0000,5348.6000,5348.2000,5350.0000,5350.2000,5350.4000,5350.6000,5351.6000,1,1,1,3,6,4,6,1,5,2
SF,IC2003,2020-01-03 13:37:05.400,5350.0000,53469,0,8463013720.000,0,-,-,-,-,5349.2000,5349.0000,5348.6000,5348.2000,5348.0000,5350.0000,5350.2000,5350.4000,5350.6000,5351.6000,1,1,3,6,11,1,6,1,5,2
SF,IC2003,2020-01-03 13:37:05.900,5350.0000,53469,0,8463013720.000,0,-,-,-,-,5349.4000,5349.2000,5349.0000,5348.6000,5348.2000,5350.0000,5350.2000,5350.4000,5350.6000,5351.6000,1,1,1,3,6,1,5,1,5,2
SF,IC2003,2020-01-03 13:37:06.900,5349.2000,53469,0,8465153440.000,2,1,1,空换,B,5349.0000,5348.6000,5348.2000,5348.0000,5346.8000,5349.4000,5350.0000,5350.2000,5350.4000,5350.6000,1,3,6,11,2,7,1,5,1,5
SF,IC2003,2020-01-03 13:37:07.400,5349.0000,53469,0,8466223240.000,1,0,1,空换,B,5348.6000,5348.2000,5348.0000,5346.8000,5344.0000,5348.8000,5349.2000,5350.0000,5350.2000,5350.4000,1,6,11,2,1,1,2,1,5,1
SF,IC2003,2020-01-03 13:37:07.900,5348.6000,53469,0,8467292960.000,1,0,1,空换,B,5348.2000,5348.0000,5346.8000,5344.0000,5343.4000,5348.6000,5349.2000,5350.2000,5350.6000,5351.6000,6,11,4,1,1,1,2,5,5,2
SF,IC2003,2020-01-03 13:37:08.400,5348.6000,53469,0,8467292960.000,0,-,-,-,-,5348.2000,5348.0000,5346.8000,5344.0000,5343.4000,5348.6000,5349.2000,5350.2000,5350.6000,5351.6000,6,11,4,1,1,1,2,5,5,2
SF,IC2003,2020-01-03 13:37:08.900,5349.2000,53471,2,8470502360.000,3,2,1,多开,B,5349.4000,5348.2000,5348.0000,5346.8000,5344.0000,5350.2000,5350.6000,5351.6000,5351.8000,5352.0000,2,6,11,4,1,5,5,2,1,2
SF,IC2003,2020-01-03 13:37:09.400,5349.4000,53471,0,8472642120.000,2,1,1,空换,B,5348.2000,5348.0000,5346.8000,5344.0000,5343.4000,5349.2000,5349.4000,5349.6000,5350.0000,5350.2000,6,11,4,1,1,3,8,2,1,5
SF,IC2003,2020-01-03 13:37:09.900,5348.0000,53471,0,8481199160.000,8,4,4,空换,B,5348.0000,5346.8000,5344.0000,5343.4000,5343.0000,5348.6000,5349.0000,5349.4000,5350.0000,5350.2000,9,4,1,1,1,1,3,5,1,5
SF,IC2003,2020-01-03 13:37:10.400,5348.0000,53472,1,8482268760.000,1,1,0,双开,B,5348.0000,5346.8000,5344.0000,5343.4000,5343.0000,5348.6000,5349.0000,5349.4000,5350.0000,5350.2000,8,4,1,1,1,1,3,5,1,5
SF,IC2003,2020-01-03 13:37:10.900,5348.0000,53472,0,8482268760.000,0,-,-,-,-,5348.0000,5346.8000,5344.0000,5343.4000,5343.0000,5349.0000,5349.4000,5350.0000,5350.2000,5350.6000,8,4,1,1,1,3,5,1,5,5
SF,IC2003,2020-01-03 13:37:11.400,5348.0000,53472,0,8482268760.000,0,-,-,-,-,5348.0000,5346.8000,5344.0000,5343.4000,5343.0000,5349.0000,5349.4000,5350.0000,5350.2000,5350.6000,8,4,1,1,1,3,5,1,5,5
SF,IC2003,2020-01-03 13:37:12.900,5348.0000,53472,0,8482268760.000,0,-,-,-,-,5348.2000,5348.0000,5346.8000,5344.0000,5343.4000,5349.0000,5349.4000,5350.0000,5350.2000,5350.6000,1,8,4,1,1,3,5,1,5,5
SF,IC2003,2020-01-03 13:37:13.900,5348.0000,53472,0,8482268760.000,0,-,-,-,-,5348.2000,5348.0000,5346.8000,5344.0000,5343.4000,5349.0000,5349.4000,5350.0000,5350.2000,5350.6000,1,8,4,1,1,3,5,1,5,5
SF,IC2003,2020-01-03 13:37:14.400,5348.0000,53472,0,8483338360.000,1,0,1,空换,B,5348.0000,5346.8000,5344.0000,5343.4000,5343.0000,5349.0000,5349.4000,5350.0000,5350.2000,5350.6000,8,4,1,1,1,3,3,1,5,5
SF,IC2003,2020-01-03 13:37:14.900,5348.0000,53472,0,8483338360.000,0,-,-,-,-,5348.2000,5348.0000,5346.8000,5344.0000,5343.4000,5349.0000,5349.4000,5350.2000,5350.6000,5351.0000,1,8,4,1,1,3,3,5,5,1
SF,IC2003,2020-01-03 13:37:15.400,5348.0000,53472,0,8483338360.000,0,-,-,-,-,5348.4000,5348.2000,5348.0000,5346.8000,5344.0000,5348.8000,5349.0000,5349.4000,5350.2000,5350.6000,1,1,8,4,1,1,1,3,5,5
SF,IC2003,2020-01-03 13:37:15.900,5348.0000,53472,0,8483338360.000,0,-,-,-,-,5348.4000,5348.2000,5348.0000,5346.8000,5344.0000,5348.8000,5349.0000,5350.2000,5350.6000,5351.0000,1,1,8,4,1,1,1,5,5,1
SF,IC2003,2020-01-03 13:37:16.400,5348.8000,53473,1,8484408120.000,1,1,0,双开,B,5348.8000,5348.4000,5348.2000,5348.0000,5346.8000,5349.0000,5350.2000,5350.6000,5351.0000,5351.4000,1,1,1,8,4,1,5,5,1,1
SF,IC2003,2020-01-03 13:37:16.900,5349.0000,53473,0,8485477920.000,1,0,1,空换,B,5349.0000,5348.4000,5348.2000,5348.0000,5346.8000,5350.2000,5350.6000,5351.0000,5351.4000,5351.8000,1,1,1,8,4,5,5,1,1,1
SF,IC2003,2020-01-03 13:37:17.400,5349.0000,53474,1,8486547720.000,1,1,0,双开,B,5349.2000,5349.0000,5348.4000,5348.2000,5348.0000,5350.2000,5350.6000,5351.0000,5351.4000,5351.8000,1,2,1,1,8,5,5,1,1,1
SF,IC2003,2020-01-03 13:37:17.900,5349.0000,53474,0,8486547720.000,0,-,-,-,-,5349.0000,5348.4000,5348.2000,5348.0000,5346.8000,5350.0000,5350.2000,5350.6000,5351.0000,5351.4000,1,1,1,8,4,2,5,5,1,1
SF,IC2003,2020-01-03 13:37:18.400,5350.2000,53474,0,8487617760.000,1,0,1,空换,B,5349.0000,5348.4000,5348.2000,5348.0000,5346.8000,5350.2000,5350.6000,5351.0000,5351.4000,5351.8000,1,1,1,8,4,4,5,1,1,1
SF,IC2003,2020-01-03 13:37:18.900,5350.2000,53474,0,8487617760.000,0,-,-,-,-,5349.8000,5349.2000,5349.0000,5348.2000,5348.0000,5350.2000,5350.6000,5351.0000,5351.4000,5351.8000,1,4,2,1,8,4,5,1,1,1
SF,IC2003,2020-01-03 13:37:19.400,5350.2000,53474,0,8487617760.000,0,-,-,-,-,5349.8000,5349.2000,5349.0000,5348.0000,5346.8000,5350.2000,5350.6000,5351.0000,5351.4000,5351.8000,1,2,2,8,4,4,5,1,1,1
SF,IC2003,2020-01-03 13:37:19.900,5350.2000,53474,0,8487617760.000,0,-,-,-,-,5349.8000,5349.2000,5349.0000,5348.0000,5346.8000,5350.0000,5350.2000,5350.6000,5351.0000,5351.4000,1,1,2,8,4,1,4,5,1,1
SF,IC2003,2020-01-03 13:37:20.400,5349.2000,53473,-1,8490827560.000,3,1,2,空平,B,5349.0000,5348.0000,5346.8000,5344.0000,5343.4000,5350.2000,5350.6000,5351.0000,5351.4000,5351.8000,2,8,4,1,1,4,5,1,1,1
SF,IC2003,2020-01-03 13:37:21.400,5349.2000,53473,0,8490827560.000,0,-,-,-,-,5349.2000,5349.0000,5348.0000,5346.8000,5344.0000,5350.2000,5350.6000,5351.0000,5351.4000,5351.8000,1,2,8,4,1,4,5,1,1,1
SF,IC2003,2020-01-03 13:37:21.900,5350.2000,53471,-2,8492967640.000,2,0,2,双平,B,5349.8000,5349.4000,5349.2000,5349.0000,5348.0000,5350.2000,5350.6000,5351.0000,5351.4000,5351.8000,1,4,1,1,8,2,5,1,1,1
SF,IC2003,2020-01-03 13:37:22.400,5350.2000,53469,-2,8495107720.000,2,0,2,双平,B,5350.2000,5349.8000,5349.4000,5349.2000,5349.0000,5350.6000,5351.0000,5351.4000,5351.8000,5352.0000,2,1,2,1,1,5,1,1,1,2
SF,IC2003,2020-01-03 13:37:22.900,5350.2000,53469,0,8495107720.000,0,-,-,-,-,5350.2000,5350.0000,5349.4000,5349.0000,5348.0000,5350.6000,5351.0000,5351.4000,5351.8000,5352.0000,2,1,2,1,8,5,1,1,1,2
SF,IC2003,2020-01-03 13:37:23.400,5350.2000,53470,1,8496177760.000,1,1,0,双开,B,5350.2000,5350.0000,5349.4000,5349.0000,5348.0000,5350.6000,5351.0000,5351.4000,5351.8000,5352.0000,1,1,2,1,8,5,1,1,1,2
SF,IC2003,2020-01-03 13:37:23.900,5350.2000,53471,1,8497247800.000,1,1,0,双开,B,5350.0000,5349.0000,5348.0000,5346.8000,5344.0000,5350.6000,5351.0000,5351.4000,5351.8000,5352.0000,1,1,8,4,1,5,1,1,1,2
SF,IC2003,2020-01-03 13:37:24.400,5350.0000,53472,1,8498317800.000,1,1,0,双开,B,5348.0000,5346.8000,5344.0000,5343.4000,5343.0000,5350.0000,5350.4000,5350.6000,5351.0000,5351.4000,8,4,1,1,1,3,2,5,1,1
SF,IC2003,2020-01-03 13:37:24.900,5350.0000,53472,0,8498317800.000,0,-,-,-,-,5349.2000,5348.8000,5348.6000,5348.4000,5348.2000,5349.8000,5350.0000,5350.6000,5351.0000,5351.4000,1,1,1,1,6,3,3,5,1,1
SF,IC2003,2020-01-03 13:37:25.400,5350.0000,53472,0,8498317800.000,0,-,-,-,-,5348.6000,5348.2000,5348.0000,5346.8000,5344.0000,5349.6000,5349.8000,5350.0000,5350.6000,5351.0000,1,2,8,4,1,2,3,3,5,1
SF,IC2003,2020-01-03 13:37:25.900,5350.0000,53472,0,8498317800.000,0,-,-,-,-,5348.6000,5348.2000,5348.0000,5346.8000,5345.4000,5349.4000,5349.6000,5349.8000,5350.0000,5350.6000,1,2,8,4,1,2,2,1,3,5
SF,IC2003,2020-01-03 13:37:26.400,5350.0000,53472,0,8498317800.000,0,-,-,-,-,5348.6000,5348.0000,5346.8000,5345.4000,5344.0000,5349.4000,5349.6000,5349.8000,5350.0000,5350.6000,1,8,4,1,1,2,2,1,3,5
SF,IC2003,2020-01-03 13:37:27.400,5350.0000,53472,0,8498317800.000,0,-,-,-,-,5348.6000,5348.0000,5346.8000,5345.4000,5344.0000,5349.4000,5349.6000,5349.8000,5350.0000,5350.6000,1,8,4,1,1,2,2,1,3,5
SF,IC2003,2020-01-03 13:37:28.400,5350.0000,53472,0,8498317800.000,0,-,-,-,-,5348.6000,5348.0000,5346.8000,5345.4000,5344.0000,5349.2000,5349.4000,5349.6000,5350.0000,5350.6000,1,8,4,1,1,1,2,1,3,5
SF,IC2003,2020-01-03 13:37:29.400,5350.0000,53472,0,8498317800.000,0,-,-,-,-,5348.6000,5348.0000,5346.8000,5344.0000,5343.8000,5349.2000,5349.4000,5349.6000,5350.0000,5350.6000,1,8,4,1,2,1,2,1,3,5
SF,IC2003,2020-01-03 13:37:29.900,5350.0000,53472,0,8498317800.000,0,-,-,-,-,5348.8000,5348.6000,5348.0000,5346.8000,5344.0000,5349.2000,5349.4000,5350.0000,5350.6000,5351.0000,2,1,8,4,1,1,2,4,5,1
SF,IC2003,2020-01-03 13:37:30.400,5350.0000,53472,0,8498317800.000,0,-,-,-,-,5348.6000,5348.0000,5346.8000,5344.0000,5343.8000,5349.0000,5349.2000,5349.4000,5350.0000,5350.6000,1,8,4,1,2,1,1,2,4,5
SF,IC2003,2020-01-03 13:37:30.900,5350.0000,53472,0,8498317800.000,0,-,-,-,-,5348.6000,5348.0000,5346.8000,5344.0000,5343.8000,5349.0000,5349.2000,5349.4000,5350.0000,5350.6000,1,8,4,1,2,1,1,2,1,5
SF,IC2003,2020-01-03 13:37:31.400,5350.0000,53472,0,8498317800.000,0,-,-,-,-,5348.6000,5348.0000,5346.8000,5344.0000,5343.8000,5349.0000,5349.2000,5349.4000,5350.0000,5350.6000,1,8,4,1,2,1,1,2,1,5
SF,IC2003,2020-01-03 13:37:31.900,5349.4000,53471,-1,8502597200.000,4,1,3,空平,B,5349.2000,5349.0000,5348.8000,5348.0000,5346.8000,5350.0000,5350.6000,5351.0000,5351.4000,5351.8000,1,2,1,8,4,1,5,1,1,2
SF,IC2003,2020-01-03 13:37:32.400,5349.4000,53471,0,8502597200.000,0,-,-,-,-,5348.0000,5346.8000,5344.0000,5343.8000,5343.4000,5349.8000,5350.0000,5350.6000,5351.0000,5351.4000,8,4,1,2,1,1,1,5,1,1
SF,IC2003,2020-01-03 13:37:32.900,5349.4000,53471,0,8502597200.000,0,-,-,-,-,5348.4000,5348.2000,5348.0000,5346.8000,5344.0000,5349.8000,5350.0000,5350.6000,5351.0000,5351.4000,1,5,8,4,1,1,1,5,1,1
SF,IC2003,2020-01-03 13:37:33.400,5349.4000,53471,0,8502597200.000,0,-,-,-,-,5349.0000,5348.6000,5348.2000,5348.0000,5346.8000,5349.8000,5350.0000,5350.6000,5351.0000,5351.4000,1,2,1,8,4,1,1,5,1,1
SF,IC2003,2020-01-03 13:37:33.900,5349.4000,53471,0,8502597200.000,0,-,-,-,-,5349.0000,5348.6000,5348.0000,5346.8000,5344.0000,5350.0000,5350.6000,5351.0000,5351.4000,5351.8000,1,2,8,4,1,1,5,1,1,2
SF,IC2003,2020-01-03 13:37:34.400,5349.4000,53471,0,8502597200.000,0,-,-,-,-,5349.2000,5349.0000,5348.0000,5346.8000,5344.0000,5350.0000,5350.6000,5351.0000,5351.4000,5351.8000,2,1,8,4,1,1,5,1,1,2
SF,IC2003,2020-01-03 13:37:35.400,5349.4000,53471,0,8502597200.000,0,-,-,-,-,5349.2000,5349.0000,5348.0000,5346.8000,5344.0000,5349.8000,5350.0000,5350.6000,5351.0000,5351.4000,2,1,8,4,1,1,1,5,1,1
SF,IC2003,2020-01-03 13:37:36.400,5349.8000,53470,-1,8503667160.000,1,0,1,双平,B,5349.6000,5349.2000,5349.0000,5348.0000,5346.8000,5350.0000,5350.6000,5351.0000,5351.4000,5351.8000,1,2,1,8,4,1,5,1,1,2
SF,IC2003,2020-01-03 13:37:38.400,5349.8000,53470,0,8503667160.000,0,-,-,-,-,5349.6000,5349.2000,5348.4000,5348.0000,5346.8000,5349.8000,5350.6000,5351.0000,5351.4000,5351.8000,1,2,1,8,4,1,5,1,1,2
SF,IC2003,2020-01-03 13:37:38.900,5349.6000,53469,-1,8504737080.000,1,0,1,双平,B,5348.4000,5348.0000,5346.8000,5344.0000,5343.8000,5349.8000,5350.6000,5351.0000,5351.4000,5351.8000,1,8,4,1,2,1,5,1,1,2
SF,IC2003,2020-01-03 13:37:39.400,5349.6000,53469,0,8504737080.000,0,-,-,-,-,5348.6000,5348.4000,5348.0000,5346.8000,5344.0000,5349.6000,5349.8000,5350.6000,5351.0000,5351.4000,4,1,8,4,1,2,1,5,1,1
SF,IC2003,2020-01-03 13:37:39.900,5349.6000,53469,0,8504737080.000,0,-,-,-,-,5348.8000,5348.6000,5348.4000,5348.0000,5346.8000,5349.8000,5350.6000,5351.0000,5351.4000,5351.8000,1,4,1,8,4,1,5,1,1,2
SF,IC2003,2020-01-03 13:37:40.400,5349.6000,53469,0,8504737080.000,0,-,-,-,-,5348.8000,5348.6000,5348.4000,5348.0000,5346.8000,5350.6000,5351.0000,5351.4000,5351.8000,5352.0000,1,3,1,8,4,5,1,1,2,2
SF,IC2003,2020-01-03 13:37:40.900,5349.6000,53469,0,8504737080.000,0,-,-,-,-,5349.6000,5349.0000,5348.8000,5348.6000,5348.4000,5350.2000,5350.4000,5350.6000,5351.0000,5351.4000,1,3,1,1,1,1,3,5,1,1
SF,IC2003,2020-01-03 13:37:41.400,5349.6000,53469,0,8504737080.000,0,-,-,-,-,5349.6000,5349.0000,5348.8000,5348.4000,5348.0000,5350.4000,5350.6000,5351.0000,5351.4000,5351.8000,1,2,1,1,8,1,5,1,1,2
SF,IC2003,2020-01-03 13:37:41.900,5350.2000,53469,0,8505807120.000,1,0,1,空换,B,5350.0000,5349.8000,5348.8000,5348.4000,5348.0000,5350.4000,5350.6000,5351.0000,5351.4000,5351.8000,1,3,1,1,8,1,5,1,1,2
SF,IC2003,2020-01-03 13:37:42.400,5350.6000,53468,-1,8507947320.000,2,0,2,空平,B,5350.4000,5350.0000,5349.8000,5348.8000,5348.4000,5350.6000,5351.0000,5351.4000,5351.8000,5352.0000,1,1,3,1,1,4,1,1,2,2
SF,IC2003,2020-01-03 13:37:42.900,5350.6000,53468,0,8512227800.000,4,2,2,空换,B,5350.6000,5349.8000,5348.8000,5348.4000,5348.0000,5351.0000,5351.4000,5351.8000,5352.0000,5352.2000,1,2,1,1,8,1,1,2,2,2
SF,IC2003,2020-01-03 13:37:43.900,5350.6000,53468,0,8512227800.000,0,-,-,-,-,5350.6000,5349.8000,5348.4000,5348.0000,5346.8000,5351.0000,5351.4000,5351.8000,5352.0000,5352.2000,1,2,1,8,4,1,1,2,2,2
SF,IC2003,2020-01-03 13:37:44.900,5350.6000,53468,0,8513297920.000,1,0,1,空换,B,5349.8000,5348.4000,5348.0000,5346.8000,5344.0000,5351.0000,5351.4000,5351.8000,5352.0000,5352.2000,2,1,8,4,1,1,1,2,2,2
SF,IC2003,2020-01-03 13:37:45.400,5350.6000,53468,0,8513297920.000,0,-,-,-,-,5350.0000,5349.8000,5348.8000,5348.4000,5348.0000,5351.0000,5351.4000,5351.8000,5352.0000,5352.2000,3,2,1,1,8,1,1,2,2,2
SF,IC2003,2020-01-03 13:37:45.900,5350.6000,53468,0,8513297920.000,0,-,-,-,-,5350.2000,5350.0000,5348.8000,5348.4000,5348.0000,5350.8000,5351.0000,5351.4000,5351.8000,5352.0000,2,3,1,1,8,1,2,1,2,2
SF,IC2003,2020-01-03 13:37:46.400,5350.6000,53468,0,8513297920.000,0,-,-,-,-,5350.2000,5350.0000,5348.8000,5348.4000,5348.0000,5350.8000,5351.0000,5351.4000,5351.8000,5352.0000,2,2,1,1,8,1,2,1,2,2
SF,IC2003,2020-01-03 13:37:46.900,5350.6000,53468,0,8513297920.000,0,-,-,-,-,5350.4000,5350.2000,5350.0000,5348.8000,5348.4000,5350.8000,5351.0000,5351.4000,5351.8000,5352.0000,1,2,2,1,1,1,2,1,2,2
SF,IC2003,2020-01-03 13:37:48.400,5350.6000,53468,0,8513297920.000,0,-,-,-,-,5350.4000,5350.2000,5350.0000,5348.8000,5348.4000,5350.8000,5351.0000,5351.4000,5351.8000,5352.0000,1,2,1,1,1,1,2,1,2,2
SF,IC2003,2020-01-03 13:37:49.400,5350.6000,53468,0,8513297920.000,0,-,-,-,-,5350.4000,5350.2000,5350.0000,5348.8000,5348.4000,5350.8000,5351.0000,5351.4000,5351.8000,5352.0000,1,2,1,1,1,2,2,1,2,2
SF,IC2003,2020-01-03 13:37:49.900,5350.8000,53469,1,8519718560.000,6,3,3,多开,B,5348.8000,5348.4000,5348.0000,5346.8000,5344.0000,5351.0000,5351.4000,5351.8000,5352.0000,5352.2000,1,1,8,4,1,2,1,2,2,2
SF,IC2003,2020-01-03 13:37:50.400,5350.8000,53469,0,8519718560.000,0,-,-,-,-,5349.2000,5349.0000,5348.8000,5348.4000,5348.0000,5350.0000,5350.6000,5350.8000,5351.0000,5351.4000,1,3,1,1,8,1,2,2,2,1
SF,IC2003,2020-01-03 13:37:50.900,5350.8000,53469,0,8519718560.000,0,-,-,-,-,5349.0000,5348.8000,5348.4000,5348.0000,5346.8000,5350.0000,5350.6000,5350.8000,5351.0000,5351.4000,2,1,1,8,4,1,1,2,2,1
SF,IC2003,2020-01-03 13:37:51.900,5350.8000,53469,0,8519718560.000,0,-,-,-,-,5349.0000,5348.8000,5348.4000,5348.0000,5346.8000,5350.6000,5350.8000,5351.0000,5351.4000,5351.8000,2,1,1,8,4,1,2,2,1,2
SF,IC2003,2020-01-03 13:37:52.400,5350.8000,53470,1,8520788720.000,1,1,0,双开,B,5349.2000,5349.0000,5348.8000,5348.4000,5348.0000,5350.4000,5350.6000,5351.0000,5351.4000,5351.8000,1,2,1,1,8,1,1,2,1,2
SF,IC2003,2020-01-03 13:37:52.900,5350.8000,53470,0,8520788720.000,0,-,-,-,-,5349.4000,5349.2000,5349.0000,5348.8000,5348.4000,5350.6000,5351.0000,5351.4000,5351.8000,5352.0000,2,1,1,1,1,1,2,1,2,2
SF,IC2003,2020-01-03 13:37:53.900,5350.8000,53470,0,8520788720.000,0,-,-,-,-,5349.4000,5349.2000,5349.0000,5348.8000,5348.4000,5350.6000,5351.0000,5351.4000,5351.8000,5352.0000,2,1,1,1,1,2,2,1,2,2
SF,IC2003,2020-01-03 13:37:54.400,5350.8000,53470,0,8520788720.000,0,-,-,-,-,5349.4000,5349.2000,5349.0000,5348.8000,5348.4000,5350.4000,5350.6000,5351.0000,5351.4000,5351.8000,2,1,1,1,1,1,2,2,1,2
SF,IC2003,2020-01-03 13:37:54.900,5350.8000,53470,0,8520788720.000,0,-,-,-,-,5349.4000,5349.0000,5348.8000,5348.4000,5348.0000,5350.2000,5350.4000,5350.6000,5351.0000,5351.4000,2,1,1,1,8,1,1,2,2,1
SF,IC2003,2020-01-03 13:37:55.400,5350.8000,53470,0,8520788720.000,0,-,-,-,-,5349.4000,5349.0000,5348.8000,5348.4000,5348.0000,5350.0000,5350.6000,5351.0000,5351.4000,5351.8000,2,1,1,1,9,1,2,2,1,2
SF,IC2003,2020-01-03 13:37:55.900,5350.8000,53470,0,8520788720.000,0,-,-,-,-,5349.6000,5349.4000,5349.0000,5348.8000,5348.4000,5350.4000,5350.6000,5351.0000,5351.4000,5351.8000,1,2,1,1,1,1,2,2,1,2
SF,IC2003,2020-01-03 13:37:56.400,5350.8000,53470,0,8520788720.000,0,-,-,-,-,5349.4000,5349.0000,5348.8000,5348.4000,5348.0000,5350.2000,5350.4000,5350.6000,5351.0000,5351.4000,2,1,1,1,9,1,1,2,2,1
SF,IC2003,2020-01-03 13:37:56.900,5350.4000,53471,1,8521858800.000,1,1,0,双开,B,5349.4000,5349.0000,5348.8000,5348.4000,5348.0000,5350.2000,5350.6000,5351.0000,5351.4000,5351.8000,2,1,1,1,9,1,1,2,1,2
SF,IC2003,2020-01-03 13:37:57.400,5350.4000,53471,0,8521858800.000,0,-,-,-,-,5349.4000,5349.0000,5348.8000,5348.4000,5348.0000,5350.0000,5350.2000,5350.6000,5351.0000,5351.4000,2,1,1,1,9,1,1,1,2,1
SF,IC2003,2020-01-03 13:37:58.900,5350.4000,53471,0,8522928880.000,1,0,1,空换,B,5349.4000,5349.0000,5348.8000,5348.4000,5348.0000,5350.2000,5350.6000,5351.0000,5351.4000,5351.8000,2,1,1,1,9,1,1,2,1,2
SF,IC2003,2020-01-03 13:37:59.400,5350.4000,53471,0,8522928880.000,0,-,-,-,-,5349.4000,5349.0000,5348.8000,5348.4000,5348.0000,5350.2000,5350.6000,5351.0000,5351.4000,5351.8000,2,1,1,1,9,1,1,3,1,2
SF,IC2003,2020-01-03 13:38:00.400,5350.4000,53471,0,8522928880.000,0,-,-,-,-,5349.6000,5349.4000,5349.0000,5348.8000,5348.4000,5350.0000,5350.2000,5350.6000,5351.0000,5351.4000,1,2,1,1,1,1,1,1,3,1
SF,IC2003,2020-01-03 13:38:00.900,5350.0000,53471,0,8523998880.000,1,0,1,空换,B,5350.0000,5349.6000,5349.4000,5349.0000,5348.8000,5350.2000,5350.6000,5351.0000,5351.4000,5351.8000,1,1,2,1,1,1,1,3,1,2
SF,IC2003,2020-01-03 13:38:01.400,5350.2000,53471,0,8525068920.000,1,0,1,空换,B,5349.4000,5349.0000,5348.8000,5348.4000,5348.0000,5350.6000,5351.0000,5351.4000,5351.8000,5352.0000,2,1,1,1,9,1,3,1,2,2
SF,IC2003,2020-01-03 13:38:01.900,5350.2000,53471,0,8525068920.000,0,-,-,-,-,5350.2000,5349.6000,5349.4000,5349.0000,5348.8000,5350.6000,5351.0000,5351.4000,5351.8000,5352.0000,2,1,2,1,1,1,3,2,2,2
SF,IC2003,2020-01-03 13:38:02.400,5351.0000,53470,-1,8526139120.000,1,0,1,双平,B,5350.2000,5349.4000,5349.0000,5348.8000,5348.4000,5351.0000,5351.4000,5351.8000,5352.0000,5352.2000,2,2,1,1,1,2,2,2,2,2
SF,IC2003,2020-01-03 13:38:02.900,5351.0000,53470,0,8526139120.000,0,-,-,-,-,5350.4000,5350.2000,5349.0000,5348.8000,5348.4000,5351.0000,5351.4000,5351.8000,5352.0000,5352.2000,3,2,1,1,1,2,2,2,2,2
SF,IC2003,2020-01-03 13:38:03.400,5350.4000,53471,1,8527209200.000,1,1,0,双开,B,5350.4000,5350.2000,5349.0000,5348.8000,5348.4000,5351.0000,5351.4000,5351.8000,5352.0000,5352.2000,1,2,1,1,1,2,2,2,2,2
SF,IC2003,2020-01-03 13:38:03.900,5350.4000,53471,0,8527209200.000,0,-,-,-,-,5350.2000,5349.0000,5348.8000,5348.4000,5348.0000,5351.0000,5351.4000,5351.8000,5352.0000,5352.2000,2,1,1,1,9,2,2,2,2,2
SF,IC2003,2020-01-03 13:38:04.400,5350.4000,53471,0,8527209200.000,0,-,-,-,-,5350.2000,5349.0000,5348.8000,5348.4000,5348.0000,5350.8000,5351.0000,5351.4000,5351.8000,5352.0000,2,1,1,1,9,1,2,2,2,2
SF,IC2003,2020-01-03 13:38:05.900,5350.4000,53471,0,8527209200.000,0,-,-,-,-,5350.4000,5350.2000,5349.0000,5348.8000,5348.4000,5350.8000,5351.0000,5351.4000,5351.8000,5352.0000,1,2,1,1,1,1,2,2,2,2
SF,IC2003,2020-01-03 13:38:06.900,5350.4000,53471,0,8527209200.000,0,-,-,-,-,5350.2000,5349.0000,5348.8000,5348.4000,5348.0000,5350.6000,5350.8000,5351.0000,5351.4000,5351.8000,2,1,1,1,9,1,1,2,2,2
SF,IC2003,2020-01-03 13:38:07.400,5350.6000,53470,-1,8528279320.000,1,0,1,双平,B,5350.2000,5349.0000,5348.4000,5348.0000,5346.8000,5350.8000,5351.0000,5351.4000,5351.8000,5352.0000,2,1,1,9,4,1,2,2,2,2
SF,IC2003,2020-01-03 13:38:09.400,5350.8000,53469,-1,8529349480.000,1,0,1,双平,B,5350.4000,5350.2000,5349.0000,5348.4000,5348.0000,5351.0000,5351.4000,5351.8000,5352.0000,5352.2000,1,2,1,1,9,2,2,2,2,2
SF,IC2003,2020-01-03 13:38:09.900,5350.2000,53468,-1,8531489600.000,2,0,2,空平,B,5350.2000,5349.0000,5348.4000,5348.0000,5346.8000,5350.8000,5351.0000,5351.4000,5351.8000,5352.0000,1,1,1,9,4,1,2,2,2,2
SF,IC2003,2020-01-03 13:38:10.400,5350.2000,53468,0,8532559640.000,1,0,1,空换,B,5349.0000,5348.4000,5348.0000,5346.8000,5344.0000,5350.8000,5351.0000,5351.4000,5351.8000,5352.0000,1,1,9,4,1,1,2,2,2,2
SF,IC2003,2020-01-03 13:38:10.900,5350.2000,53468,0,8532559640.000,0,-,-,-,-,5349.4000,5349.2000,5349.0000,5348.4000,5348.0000,5350.6000,5350.8000,5351.0000,5351.4000,5351.8000,2,3,1,1,9,2,1,2,2,2
SF,IC2003,2020-01-03 13:38:11.400,5350.2000,53468,0,8532559640.000,0,-,-,-,-,5349.6000,5349.2000,5349.0000,5348.0000,5346.8000,5350.4000,5351.0000,5351.4000,5351.8000,5352.0000,2,1,1,9,4,1,2,2,2,2
SF,IC2003,2020-01-03 13:38:11.900,5350.2000,53468,0,8532559640.000,0,-,-,-,-,5349.6000,5349.2000,5349.0000,5348.0000,5346.8000,5350.2000,5350.8000,5351.0000,5351.4000,5351.8000,2,1,1,9,4,1,1,2,2,2
SF,IC2003,2020-01-03 13:38:12.400,5350.2000,53467,-1,8534699720.000,2,0,2,空平,B,5350.2000,5350.0000,5349.8000,5349.6000,5349.0000,5351.0000,5351.4000,5351.8000,5352.0000,5352.2000,1,2,2,4,1,2,2,2,2,2
SF,IC2003,2020-01-03 13:38:12.900,5351.0000,53466,-1,8535769920.000,1,0,1,双平,B,5350.0000,5349.8000,5349.6000,5349.0000,5348.0000,5350.8000,5351.0000,5351.4000,5351.8000,5352.0000,1,2,3,1,9,1,1,2,2,2
SF,IC2003,2020-01-03 13:38:13.400,5351.0000,53466,0,8535769920.000,0,-,-,-,-,5350.0000,5349.8000,5349.6000,5349.0000,5348.0000,5350.6000,5350.8000,5351.0000,5351.4000,5351.8000,1,1,3,1,9,1,1,1,2,2
SF,IC2003,2020-01-03 13:38:15.900,5350.0000,53466,0,8536839920.000,1,0,1,空换,B,5349.8000,5349.6000,5349.0000,5348.0000,5346.8000,5350.0000,5350.8000,5351.0000,5351.4000,5351.8000,1,3,1,9,4,1,1,1,2,2
SF,IC2003,2020-01-03 13:38:16.400,5350.0000,53466,0,8537909920.000,1,0,1,空换,B,5349.8000,5349.6000,5349.0000,5348.0000,5346.8000,5350.8000,5351.0000,5351.4000,5351.8000,5352.0000,1,3,1,9,4,1,1,2,2,2
SF,IC2003,2020-01-03 13:38:16.900,5350.0000,53466,0,8537909920.000,0,-,-,-,-,5349.8000,5349.6000,5349.0000,5348.0000,5346.8000,5350.6000,5350.8000,5351.0000,5351.4000,5351.8000,1,3,1,9,4,1,1,1,2,2
SF,IC2003,2020-01-03 13:38:17.400,5350.0000,53466,0,8537909920.000,0,-,-,-,-,5349.6000,5349.0000,5348.0000,5346.8000,5344.0000,5350.6000,5350.8000,5351.0000,5351.4000,5351.8000,3,1,9,4,1,1,1,1,2,2
SF,IC2003,2020-01-03 13:38:17.900,5350.0000,53466,0,8537909920.000,0,-,-,-,-,5349.6000,5349.0000,5348.0000,5346.8000,5344.8000,5350.6000,5350.8000,5351.0000,5351.4000,5351.8000,3,1,9,4,10,1,1,1,2,2
SF,IC2003,2020-01-03 13:38:19.400,5350.0000,53466,0,8537909920.000,0,-,-,-,-,5349.8000,5349.6000,5349.0000,5348.0000,5346.8000,5350.6000,5350.8000,5351.0000,5351.4000,5351.8000,1,3,1,9,4,1,1,1,2,2
SF,IC2003,2020-01-03 13:38:19.900,5350.0000,53466,0,8537909920.000,0,-,-,-,-,5350.0000,5349.6000,5349.0000,5348.0000,5346.8000,5350.4000,5350.6000,5350.8000,5351.0000,5351.4000,1,3,1,9,4,1,1,1,1,2
SF,IC2003,2020-01-03 13:38:23.900,5350.0000,53465,-1,8538979920.000,1,0,1,双平,B,5349.6000,5349.0000,5348.0000,5346.8000,5345.0000,5350.4000,5350.6000,5350.8000,5351.0000,5351.4000,3,1,9,4,1,1,1,1,1,2
SF,IC2003,2020-01-03 13:38:24.900,5350.4000,53466,1,8540050000.000,1,1,0,双开,B,5350.0000,5349.8000,5349.6000,5349.0000,5348.0000,5350.6000,5350.8000,5351.0000,5351.4000,5351.8000,1,2,4,1,9,1,1,1,2,2
SF,IC2003,2020-01-03 13:38:25.400,5350.4000,53466,0,8540050000.000,0,-,-,-,-,5349.8000,5349.6000,5349.0000,5348.0000,5346.8000,5350.8000,5351.0000,5351.4000,5351.8000,5352.0000,1,3,1,9,4,1,1,2,2,2
SF,IC2003,2020-01-03 13:38:26.400,5349.8000,53466,0,8541119960.000,1,0,1,空换,B,5349.6000,5349.0000,5348.0000,5346.8000,5345.0000,5349.8000,5350.8000,5351.0000,5351.4000,5351.8000,3,1,9,4,1,1,1,1,2,2
SF,IC2003,2020-01-03 13:38:26.900,5349.8000,53467,1,8543259880.000,2,1,1,多开,B,5349.8000,5349.6000,5349.0000,5348.0000,5346.8000,5350.8000,5351.0000,5351.4000,5351.8000,5352.0000,4,3,1,9,4,1,1,2,2,2
SF,IC2003,2020-01-03 13:38:27.400,5349.8000,53467,0,8543259880.000,0,-,-,-,-,5349.8000,5349.6000,5349.0000,5348.0000,5346.8000,5350.6000,5350.8000,5351.0000,5351.4000,5351.8000,4,3,1,9,4,1,1,1,2,2
SF,IC2003,2020-01-03 13:38:29.400,5350.6000,53467,0,8544330000.000,1,0,1,空换,B,5350.2000,5350.0000,5349.8000,5349.6000,5349.0000,5350.8000,5351.0000,5351.4000,5351.8000,5352.0000,2,1,5,3,1,1,1,2,2,2
SF,IC2003,2020-01-03 13:38:29.900,5350.6000,53467,0,8544330000.000,0,-,-,-,-,5350.0000,5349.8000,5349.6000,5349.0000,5348.0000,5350.8000,5351.0000,5351.4000,5351.8000,5352.0000,1,4,3,1,9,1,1,2,2,2
SF,IC2003,2020-01-03 13:38:30.400,5350.8000,53467,0,8545400160.000,1,0,1,空换,B,5350.2000,5350.0000,5349.8000,5349.6000,5349.0000,5351.0000,5351.4000,5351.8000,5352.0000,5352.2000,5,1,4,1,1,1,2,2,2,2
SF,IC2003,2020-01-03 13:38:30.900,5350.8000,53467,0,8545400160.000,0,-,-,-,-,5350.2000,5350.0000,5349.8000,5349.6000,5349.0000,5350.8000,5351.0000,5351.4000,5351.8000,5352.0000,3,1,4,1,1,1,1,2,2,2
SF,IC2003,2020-01-03 13:38:31.400,5350.8000,53466,-1,8546470320.000,1,0,1,双平,B,5350.2000,5350.0000,5349.8000,5349.6000,5349.0000,5351.0000,5351.4000,5351.8000,5352.0000,5352.2000,3,1,4,1,1,1,2,2,2,2
SF,IC2003,2020-01-03 13:38:31.900,5350.2000,53465,-1,8549680440.000,3,1,2,空平,B,5350.0000,5349.8000,5349.6000,5349.0000,5348.0000,5351.0000,5351.4000,5351.8000,5352.0000,5352.2000,1,4,1,1,9,1,2,2,2,2
SF,IC2003,2020-01-03 13:38:32.400,5350.2000,53465,0,8549680440.000,0,-,-,-,-,5350.6000,5349.8000,5349.6000,5349.0000,5348.0000,5350.8000,5351.0000,5351.4000,5351.8000,5352.0000,1,4,1,1,9,5,1,2,2,2
SF,IC2003,2020-01-03 13:38:32.900,5350.6000,53465,0,8550750560.000,1,0,1,空换,B,5349.6000,5349.0000,5348.0000,5346.8000,5345.0000,5350.6000,5350.8000,5351.0000,5351.4000,5351.8000,1,1,9,4,1,3,5,1,2,2
SF,IC2003,2020-01-03 13:38:33.400,5350.6000,53465,0,8550750560.000,0,-,-,-,-,5349.6000,5349.0000,5348.0000,5346.8000,5345.0000,5350.6000,5350.8000,5351.0000,5351.4000,5351.8000,1,1,9,4,1,2,5,1,2,2
SF,IC2003,2020-01-03 13:38:33.900,5350.6000,53465,0,8550750560.000,0,-,-,-,-,5349.6000,5349.0000,5348.0000,5346.8000,5345.0000,5350.4000,5350.6000,5350.8000,5351.0000,5351.4000,1,1,9,4,1,2,2,3,1,2
SF,IC2003,2020-01-03 13:38:34.400,5350.6000,53465,0,8551820680.000,1,0,1,空换,B,5349.8000,5349.6000,5349.0000,5348.0000,5346.8000,5350.4000,5350.6000,5350.8000,5351.0000,5351.4000,3,1,1,9,4,1,2,2,1,2
SF,IC2003,2020-01-03 13:38:34.900,5349.8000,53465,0,8552890640.000,1,0,1,空换,B,5349.6000,5349.0000,5348.0000,5346.8000,5345.0000,5350.8000,5351.0000,5351.4000,5351.8000,5352.0000,1,1,9,4,1,2,1,2,2,2
SF,IC2003,2020-01-03 13:38:35.400,5349.8000,53465,0,8552890640.000,0,-,-,-,-,5350.0000,5349.8000,5349.6000,5349.0000,5348.0000,5350.6000,5350.8000,5351.0000,5351.4000,5351.8000,5,2,1,1,9,1,2,1,2,2
SF,IC2003,2020-01-03 13:38:35.900,5349.8000,53465,0,8552890640.000,0,-,-,-,-,5350.0000,5349.6000,5349.0000,5348.0000,5346.8000,5350.6000,5350.8000,5351.0000,5351.4000,5351.8000,5,1,1,9,4,1,2,1,2,2
SF,IC2003,2020-01-03 13:38:36.900,5349.8000,53465,0,8552890640.000,0,-,-,-,-,5350.0000,5349.6000,5349.0000,5348.0000,5346.8000,5350.6000,5350.8000,5351.0000,5351.4000,5351.8000,5,1,1,9,4,1,2,1,2,2
SF,IC2003,2020-01-03 13:38:37.400,5349.8000,53465,0,8552890640.000,0,-,-,-,-,5350.0000,5349.6000,5349.0000,5348.0000,5346.8000,5350.4000,5350.6000,5350.8000,5351.0000,5351.4000,5,1,1,9,4,1,1,1,1,2
SF,IC2003,2020-01-03 13:38:37.900,5350.0000,53468,3,8556100640.000,3,3,0,双开,B,5350.0000,5349.6000,5349.0000,5348.0000,5346.8000,5350.6000,5350.8000,5351.0000,5351.4000,5351.8000,2,1,1,9,4,1,1,1,2,2
SF,IC2003,2020-01-03 13:38:40.400,5350.0000,53468,0,8556100640.000,0,-,-,-,-,5350.0000,5349.6000,5349.0000,5348.0000,5346.8000,5350.6000,5350.8000,5351.0000,5351.4000,5351.8000,2,1,1,9,4,1,1,1,2,2
SF,IC2003,2020-01-03 13:38:40.900,5350.0000,53468,0,8556100640.000,0,-,-,-,-,5350.0000,5349.6000,5349.0000,5348.0000,5346.8000,5350.4000,5350.6000,5351.0000,5351.4000,5351.8000,2,1,1,9,4,1,1,1,2,2
SF,IC2003,2020-01-03 13:38:41.900,5350.4000,53467,-1,8557170720.000,1,0,1,双平,B,5350.0000,5349.6000,5349.0000,5348.0000,5346.8000,5350.6000,5351.0000,5351.4000,5351.8000,5352.0000,2,1,1,9,3,1,1,2,2,2
SF,IC2003,2020-01-03 13:38:42.900,5350.6000,53466,-1,8559310960.000,2,0,2,空平,B,5350.0000,5349.6000,5349.0000,5348.0000,5346.8000,5351.0000,5351.4000,5351.8000,5352.0000,5352.2000,2,1,1,9,3,1,2,2,2,2
SF,IC2003,2020-01-03 13:38:43.400,5350.0000,53466,0,8561451040.000,2,1,1,空换,B,5350.0000,5349.6000,5349.0000,5348.0000,5346.8000,5351.0000,5351.4000,5351.8000,5352.0000,5352.2000,1,1,1,9,3,1,2,2,2,2
SF,IC2003,2020-01-03 13:38:44.900,5350.0000,53467,1,8562521040.000,1,1,0,双开,B,5349.6000,5349.0000,5348.0000,5346.8000,5345.0000,5351.0000,5351.4000,5351.8000,5352.0000,5352.2000,1,1,9,3,1,1,2,2,2,2
SF,IC2003,2020-01-03 13:38:45.400,5350.0000,53467,0,8563591040.000,1,0,1,空换,B,5349.8000,5349.6000,5349.0000,5348.0000,5346.8000,5351.0000,5351.4000,5351.8000,5352.0000,5352.2000,3,1,1,9,3,1,2,2,2,2
SF,IC2003,2020-01-03 13:38:45.900,5350.0000,53467,0,8563591040.000,0,-,-,-,-,5349.8000,5349.6000,5349.0000,5348.0000,5346.8000,5350.8000,5351.0000,5351.4000,5351.8000,5352.0000,2,1,1,9,3,2,1,2,2,2
SF,IC2003,2020-01-03 13:38:46.400,5350.8000,53468,1,8565731360.000,2,1,1,多开,B,5350.4000,5350.2000,5350.0000,5349.8000,5349.6000,5351.0000,5351.4000,5351.8000,5352.0000,5352.2000,1,1,2,2,1,1,2,2,2,2
SF,IC2003,2020-01-03 13:38:46.900,5350.8000,53468,0,8565731360.000,0,-,-,-,-,5350.4000,5349.8000,5349.6000,5349.0000,5348.0000,5351.0000,5351.4000,5351.8000,5352.0000,5352.2000,1,2,1,1,9,1,2,2,2,2
SF,IC2003,2020-01-03 13:38:47.400,5350.8000,53468,0,8565731360.000,0,-,-,-,-,5349.8000,5349.6000,5349.0000,5348.0000,5346.8000,5350.0000,5351.0000,5351.4000,5351.8000,5352.0000,2,1,1,9,3,2,1,2,2,2
SF,IC2003,2020-01-03 13:38:47.900,5350.0000,53467,-1,8570011360.000,4,1,3,空平,B,5350.0000,5349.8000,5349.6000,5349.0000,5348.0000,5351.0000,5351.4000,5351.8000,5352.0000,5352.2000,7,1,1,1,9,1,2,2,2,2
SF,IC2003,2020-01-03 13:38:48.400,5350.0000,53467,0,8570011360.000,0,-,-,-,-,5350.2000,5350.0000,5349.6000,5349.0000,5348.0000,5351.0000,5351.4000,5351.8000,5352.0000,5352.2000,4,3,1,1,9,1,2,2,2,2
SF,IC2003,2020-01-03 13:38:48.900,5350.0000,53467,0,8570011360.000,0,-,-,-,-,5350.2000,5350.0000,5349.6000,5349.0000,5348.0000,5351.0000,5351.4000,5351.8000,5352.0000,5352.2000,2,2,1,1,9,1,2,2,2,2
SF,IC2003,2020-01-03 13:38:49.900,5350.0000,53467,0,8570011360.000,0,-,-,-,-,5350.2000,5350.0000,5349.6000,5349.0000,5348.0000,5351.0000,5351.4000,5351.8000,5352.0000,5352.2000,2,7,1,1,9,1,2,2,2,2
SF,IC2003,2020-01-03 13:38:51.900,5350.0000,53467,0,8570011360.000,0,-,-,-,-,5350.4000,5350.2000,5350.0000,5349.6000,5349.0000,5351.0000,5351.4000,5351.8000,5352.0000,5352.2000,2,2,7,1,1,1,2,2,2,2
SF,IC2003,2020-01-03 13:38:52.400,5350.0000,53467,0,8571081360.000,1,0,1,空换,B,5350.2000,5350.0000,5349.6000,5349.0000,5348.0000,5351.0000,5351.4000,5351.8000,5352.0000,5352.2000,1,7,1,1,9,1,2,2,2,2
SF,IC2003,2020-01-03 13:38:52.900,5350.0000,53467,0,8571081360.000,0,-,-,-,-,5350.2000,5350.0000,5349.6000,5349.0000,5348.0000,5350.8000,5351.0000,5351.4000,5351.8000,5352.0000,1,7,1,1,9,1,1,2,2,2
SF,IC2003,2020-01-03 13:38:53.900,5350.0000,53467,0,8571081360.000,0,-,-,-,-,5350.6000,5350.4000,5350.2000,5350.0000,5349.6000,5350.8000,5351.0000,5351.4000,5351.8000,5352.0000,2,1,2,6,1,1,1,2,2,2
SF,IC2003,2020-01-03 13:38:54.400,5350.8000,53466,-1,8572151520.000,1,0,1,双平,B,5350.8000,5350.4000,5350.2000,5350.0000,5349.6000,5351.0000,5351.4000,5351.8000,5352.0000,5352.2000,1,1,1,7,1,1,2,2,2,2
SF,IC2003,2020-01-03 13:38:55.900,5350.8000,53466,0,8572151520.000,0,-,-,-,-,5350.8000,5350.4000,5350.2000,5350.0000,5349.6000,5351.0000,5351.4000,5351.8000,5352.0000,5352.2000,1,1,1,6,1,1,2,2,2,2
SF,IC2003,2020-01-03 13:38:56.400,5351.0000,53467,1,8574291880.000,2,1,1,多开,B,5350.8000,5350.4000,5350.2000,5350.0000,5349.6000,5351.4000,5351.8000,5352.0000,5352.2000,5353.0000,1,1,1,6,1,2,2,2,2,1
SF,IC2003,2020-01-03 13:38:56.900,5351.0000,53467,0,8575362080.000,1,0,1,空换,B,5350.4000,5350.2000,5350.0000,5349.6000,5349.0000,5351.4000,5351.8000,5352.0000,5352.2000,5353.0000,1,1,6,1,1,2,2,2,2,1
SF,IC2003,2020-01-03 13:38:57.400,5351.4000,53467,0,8576432360.000,1,0,1,空换,B,5350.8000,5350.6000,5350.4000,5350.2000,5350.0000,5351.4000,5351.8000,5352.0000,5352.2000,5353.0000,1,1,1,1,6,1,2,2,2,1
SF,IC2003,2020-01-03 13:38:57.900,5351.4000,53467,0,8576432360.000,0,-,-,-,-,5350.8000,5350.4000,5350.2000,5350.0000,5349.6000,5351.4000,5351.8000,5352.0000,5352.2000,5353.0000,1,1,1,6,1,1,2,2,2,1
SF,IC2003,2020-01-03 13:38:58.400,5351.4000,53467,0,8576432360.000,0,-,-,-,-,5350.8000,5350.4000,5350.2000,5350.0000,5349.6000,5351.2000,5351.4000,5351.8000,5352.0000,5352.2000,1,1,1,6,1,1,1,2,2,2
SF,IC2003,2020-01-03 13:38:59.400,5351.2000,53466,-1,8577502600.000,1,0,1,双平,B,5351.2000,5351.0000,5350.8000,5350.2000,5350.0000,5351.4000,5351.8000,5352.0000,5352.2000,5353.0000,1,2,2,1,6,1,2,2,2,1
SF,IC2003,2020-01-03 13:38:59.900,5351.4000,53466,0,8578572880.000,1,0,1,空换,B,5351.4000,5351.2000,5351.0000,5350.8000,5350.2000,5351.8000,5352.0000,5352.2000,5353.0000,5353.6000,2,1,2,1,1,2,2,2,1,1
SF,IC2003,2020-01-03 13:39:00.400,5351.4000,53466,0,8578572880.000,0,-,-,-,-,5351.4000,5351.0000,5350.8000,5350.2000,5350.0000,5351.8000,5352.0000,5352.2000,5353.0000,5353.6000,2,1,1,1,6,2,2,2,1,1
SF,IC2003,2020-01-03 13:39:00.900,5351.8000,53467,1,8579643240.000,1,1,0,双开,B,5351.4000,5351.0000,5350.8000,5350.2000,5350.0000,5351.8000,5352.0000,5352.2000,5353.0000,5353.6000,1,1,1,1,6,1,2,2,1,1
SF,IC2003,2020-01-03 13:39:01.900,5351.8000,53468,1,8580713600.000,1,1,0,双开,B,5351.6000,5351.4000,5351.0000,5350.8000,5350.2000,5352.0000,5352.2000,5353.0000,5353.6000,5353.8000,1,1,1,1,1,2,2,1,1,1
SF,IC2003,2020-01-03 13:39:02.400,5351.8000,53468,0,8580713600.000,0,-,-,-,-,5351.6000,5351.4000,5351.0000,5350.8000,5350.2000,5351.8000,5352.0000,5352.2000,5353.0000,5353.6000,1,1,1,1,1,1,2,2,1,1
SF,IC2003,2020-01-03 13:39:03.400,5351.6000,53469,1,8581783920.000,1,1,0,双开,B,5351.4000,5351.0000,5350.8000,5350.2000,5350.0000,5351.6000,5351.8000,5352.0000,5352.2000,5353.0000,1,1,1,1,6,1,1,2,2,1
SF,IC2003,2020-01-03 13:39:03.900,5351.4000,53470,1,8582854200.000,1,1,0,双开,B,5350.8000,5350.2000,5350.0000,5349.6000,5349.0000,5351.2000,5351.4000,5351.6000,5352.0000,5352.2000,1,1,6,1,1,1,5,1,2,2
SF,IC2003,2020-01-03 13:39:04.400,5350.8000,53471,1,8583924360.000,1,1,0,双开,B,5350.2000,5350.0000,5349.6000,5349.0000,5348.6000,5350.8000,5351.0000,5351.2000,5351.4000,5352.0000,1,6,1,1,1,4,1,1,1,2
SF,IC2003,2020-01-03 13:39:04.900,5350.0000,53471,0,8584994360.000,1,0,1,空换,B,5350.0000,5349.6000,5349.0000,5348.6000,5348.0000,5350.6000,5350.8000,5351.0000,5351.4000,5352.0000,5,1,1,1,9,1,6,1,1,2
SF,IC2003,2020-01-03 13:39:05.400,5350.0000,53471,0,8584994360.000,0,-,-,-,-,5350.0000,5349.6000,5349.0000,5348.6000,5348.0000,5350.6000,5350.8000,5351.0000,5351.4000,5352.0000,5,1,1,1,9,1,2,1,1,2
SF,IC2003,2020-01-03 13:39:05.900,5350.0000,53471,0,8584994360.000,0,-,-,-,-,5350.0000,5349.6000,5349.0000,5348.6000,5348.0000,5350.6000,5350.8000,5351.0000,5351.4000,5352.0000,5,1,1,1,9,1,2,1,1,2
SF,IC2003,2020-01-03 13:39:07.400,5350.0000,53471,0,8584994360.000,0,-,-,-,-,5350.0000,5349.6000,5349.0000,5348.6000,5348.0000,5350.2000,5350.6000,5350.8000,5351.4000,5352.0000,5,1,1,1,9,1,1,2,1,2
SF,IC2003,2020-01-03 13:39:07.900,5350.0000,53471,0,8586064360.000,1,0,1,空换,B,5350.0000,5349.6000,5349.0000,5348.6000,5348.0000,5350.2000,5350.6000,5350.8000,5351.4000,5352.0000,4,1,1,1,9,1,1,2,1,2
SF,IC2003,2020-01-03 13:39:08.400,5350.0000,53471,0,8590344360.000,4,2,2,空换,B,5349.6000,5349.0000,5348.6000,5348.0000,5346.8000,5350.6000,5350.8000,5351.4000,5352.0000,5352.2000,1,1,1,9,3,1,2,1,2,2
SF,IC2003,2020-01-03 13:39:08.900,5350.0000,53471,0,8590344360.000,0,-,-,-,-,5349.6000,5349.0000,5348.6000,5348.0000,5346.8000,5350.4000,5350.6000,5350.8000,5351.4000,5352.0000,1,1,1,9,3,2,1,2,1,2
SF,IC2003,2020-01-03 13:39:09.400,5349.6000,53471,0,8591414280.000,1,0,1,空换,B,5349.0000,5348.6000,5348.0000,5346.8000,5345.0000,5350.2000,5350.4000,5350.8000,5351.4000,5352.0000,1,1,9,3,1,1,2,2,1,2
SF,IC2003,2020-01-03 13:39:09.900,5350.0000,53472,1,8592484280.000,1,1,0,双开,B,5349.0000,5348.6000,5348.0000,5346.8000,5345.0000,5350.0000,5350.2000,5350.8000,5351.4000,5352.0000,1,1,9,3,1,3,2,2,1,2
SF,IC2003,2020-01-03 13:39:10.400,5349.0000,53472,0,8593554080.000,1,0,1,空换,B,5348.6000,5348.0000,5346.8000,5345.0000,5344.8000,5349.0000,5350.0000,5350.2000,5351.4000,5352.0000,1,9,3,1,10,2,3,1,1,2
SF,IC2003,2020-01-03 13:39:10.900,5349.0000,53472,0,8593554080.000,0,-,-,-,-,5348.6000,5348.0000,5346.8000,5345.0000,5344.8000,5349.0000,5350.0000,5350.2000,5351.0000,5351.4000,1,9,3,1,10,1,2,1,1,1
SF,IC2003,2020-01-03 13:39:11.900,5350.0000,53471,-1,8595693880.000,2,0,2,空平,B,5348.6000,5348.0000,5346.8000,5345.0000,5344.8000,5350.0000,5350.2000,5351.0000,5351.4000,5351.8000,1,9,3,1,10,1,1,1,1,1
SF,IC2003,2020-01-03 13:39:12.400,5348.8000,53471,0,8596763640.000,1,0,1,空换,B,5348.8000,5348.6000,5348.0000,5346.8000,5345.0000,5349.8000,5350.0000,5350.2000,5351.0000,5351.4000,1,1,9,3,1,1,1,1,1,1
SF,IC2003,2020-01-03 13:39:12.900,5348.8000,53471,0,8596763640.000,0,-,-,-,-,5348.6000,5348.0000,5346.8000,5345.0000,5344.8000,5349.6000,5349.8000,5351.0000,5351.4000,5351.8000,1,9,3,1,10,2,1,1,1,1
SF,IC2003,2020-01-03 13:39:13.400,5348.6000,53470,-1,8597833360.000,1,0,1,双平,B,5348.0000,5346.8000,5345.0000,5344.8000,5343.8000,5348.6000,5349.6000,5349.8000,5351.0000,5351.4000,9,3,1,10,2,2,2,1,1,1
SF,IC2003,2020-01-03 13:39:13.900,5348.6000,53468,-2,8599972800.000,2,0,2,双平,B,5348.4000,5348.2000,5348.0000,5346.8000,5345.0000,5349.6000,5349.8000,5351.0000,5352.0000,5352.2000,1,4,10,3,1,2,1,1,2,2
SF,IC2003,2020-01-03 13:39:14.400,5348.6000,53468,0,8599972800.000,0,-,-,-,-,5349.6000,5348.6000,5348.2000,5348.0000,5346.8000,5349.8000,5351.0000,5352.0000,5352.2000,5353.0000,1,2,1,9,3,1,1,2,2,1
SF,IC2003,2020-01-03 13:39:14.900,5349.6000,53467,-1,8601042720.000,1,0,1,双平,B,5348.6000,5348.2000,5348.0000,5346.8000,5345.0000,5349.6000,5351.0000,5352.0000,5352.2000,5353.0000,3,1,9,3,1,2,1,2,2,1
SF,IC2003,2020-01-03 13:39:15.400,5349.6000,53467,0,8601042720.000,0,-,-,-,-,5348.6000,5348.2000,5348.0000,5346.8000,5345.0000,5349.4000,5351.0000,5352.0000,5352.2000,5353.0000,3,1,9,3,1,1,1,2,2,1
SF,IC2003,2020-01-03 13:39:15.900,5349.6000,53467,0,8601042720.000,0,-,-,-,-,5349.0000,5348.8000,5348.6000,5348.0000,5346.8000,5349.4000,5351.0000,5352.0000,5352.2000,5353.0000,2,1,4,9,3,1,1,2,2,1
SF,IC2003,2020-01-03 13:39:16.400,5349.6000,53466,-1,8602112640.000,1,0,1,双平,B,5349.0000,5348.8000,5348.6000,5348.0000,5346.8000,5351.0000,5352.0000,5352.2000,5353.0000,5353.6000,1,1,3,9,3,1,2,2,1,1
SF,IC2003,2020-01-03 13:39:16.900,5349.6000,53466,0,8602112640.000,0,-,-,-,-,5349.2000,5349.0000,5348.8000,5348.6000,5348.0000,5350.6000,5350.8000,5351.0000,5352.0000,5352.2000,2,1,1,1,9,1,4,1,2,2
SF,IC2003,2020-01-03 13:39:17.400,5349.6000,53466,0,8602112640.000,0,-,-,-,-,5349.2000,5349.0000,5348.8000,5348.6000,5348.0000,5350.4000,5350.6000,5351.0000,5352.0000,5352.2000,2,1,1,1,9,3,1,1,2,2
SF,IC2003,2020-01-03 13:39:17.900,5349.6000,53466,0,8602112640.000,0,-,-,-,-,5349.6000,5349.4000,5349.2000,5349.0000,5348.6000,5350.4000,5350.6000,5351.0000,5352.0000,5352.2000,1,2,2,1,1,1,1,1,2,2
SF,IC2003,2020-01-03 13:39:18.400,5349.6000,53466,0,8602112640.000,0,-,-,-,-,5349.2000,5349.0000,5348.6000,5348.0000,5346.8000,5350.4000,5350.6000,5351.0000,5352.0000,5352.2000,2,1,1,9,3,1,1,1,2,2
SF,IC2003,2020-01-03 13:39:18.900,5349.6000,53466,0,8602112640.000,0,-,-,-,-,5349.8000,5349.4000,5349.2000,5349.0000,5348.6000,5350.4000,5350.6000,5351.0000,5352.0000,5352.2000,2,3,3,1,1,1,1,1,2,2
SF,IC2003,2020-01-03 13:39:19.400,5350.0000,53466,0,8603182640.000,1,0,1,空换,B,5349.4000,5349.2000,5348.6000,5348.0000,5346.8000,5350.4000,5351.0000,5352.0000,5352.2000,5353.0000,2,2,1,9,3,1,1,2,2,1
SF,IC2003,2020-01-03 13:39:19.900,5350.0000,53466,0,8603182640.000,0,-,-,-,-,5349.6000,5349.4000,5348.6000,5348.0000,5346.8000,5350.8000,5351.0000,5352.0000,5352.2000,5353.0000,3,2,1,9,3,1,1,2,2,1
SF,IC2003,2020-01-03 13:39:20.400,5350.0000,53466,0,8603182640.000,0,-,-,-,-,5349.6000,5349.4000,5348.6000,5348.0000,5346.8000,5350.6000,5350.8000,5351.0000,5352.0000,5352.2000,2,1,1,9,3,3,1,1,2,1
SF,IC2003,2020-01-03 13:39:20.900,5350.0000,53466,0,8603182640.000,0,-,-,-,-,5349.6000,5349.4000,5348.6000,5348.0000,5346.8000,5350.4000,5350.6000,5351.0000,5352.0000,5352.2000,2,1,1,9,3,1,3,1,2,1
SF,IC2003,2020-01-03 13:39:21.400,5350.0000,53466,0,8603182640.000,0,-,-,-,-,5349.4000,5348.6000,5348.0000,5346.8000,5345.0000,5350.0000,5350.4000,5350.6000,5351.0000,5352.0000,1,1,9,3,1,1,1,2,1,2
SF,IC2003,2020-01-03 13:39:21.900,5350.0000,53466,0,8603182640.000,0,-,-,-,-,5349.4000,5348.6000,5348.0000,5346.8000,5345.0000,5350.6000,5351.0000,5352.0000,5352.2000,5353.0000,1,1,9,3,1,2,1,2,1,1
SF,IC2003,2020-01-03 13:39:22.400,5350.0000,53466,0,8603182640.000,0,-,-,-,-,5349.4000,5348.6000,5348.0000,5346.8000,5345.0000,5350.4000,5350.6000,5351.0000,5352.0000,5352.2000,1,1,9,3,1,1,2,1,2,1
SF,IC2003,2020-01-03 13:39:22.900,5350.0000,53466,0,8603182640.000,0,-,-,-,-,5349.6000,5349.4000,5348.6000,5348.0000,5346.8000,5350.4000,5350.6000,5351.0000,5352.0000,5352.2000,1,1,1,9,3,1,2,1,2,1
SF,IC2003,2020-01-03 13:39:23.900,5350.0000,53466,0,8603182640.000,0,-,-,-,-,5349.6000,5349.4000,5349.0000,5348.6000,5348.0000,5350.4000,5350.6000,5351.0000,5352.0000,5352.2000,1,1,1,1,9,1,2,1,2,1
SF,IC2003,2020-01-03 13:39:24.400,5350.0000,53466,0,8603182640.000,0,-,-,-,-,5349.4000,5349.0000,5348.6000,5348.0000,5346.8000,5350.2000,5350.4000,5350.6000,5351.0000,5352.0000,1,1,1,9,3,1,1,2,1,2
SF,IC2003,2020-01-03 13:39:24.900,5350.0000,53466,0,8603182640.000,0,-,-,-,-,5349.8000,5349.4000,5349.0000,5348.6000,5348.0000,5350.0000,5350.2000,5350.6000,5351.0000,5352.0000,1,1,1,1,9,1,1,2,1,2
SF,IC2003,2020-01-03 13:39:25.400,5349.8000,53466,0,8604252600.000,1,0,1,空换,B,5349.4000,5349.0000,5348.6000,5348.0000,5346.8000,5350.0000,5350.2000,5350.6000,5351.0000,5352.0000,1,1,1,9,3,1,1,2,1,2
SF,IC2003,2020-01-03 13:39:27.900,5349.8000,53466,0,8604252600.000,0,-,-,-,-,5349.4000,5349.0000,5348.6000,5348.0000,5346.8000,5350.0000,5350.2000,5350.6000,5351.0000,5352.0000,1,1,1,9,3,1,1,2,1,2
SF,IC2003,2020-01-03 13:39:28.400,5349.8000,53466,0,8604252600.000,0,-,-,-,-,5349.4000,5349.0000,5348.6000,5348.0000,5346.8000,5350.0000,5350.2000,5350.6000,5351.0000,5352.0000,1,1,1,9,3,1,1,2,1,2
SF,IC2003,2020-01-03 13:39:30.400,5349.8000,53466,0,8604252600.000,0,-,-,-,-,5349.6000,5349.4000,5349.0000,5348.6000,5348.0000,5350.0000,5350.6000,5351.0000,5352.0000,5352.2000,1,1,1,1,9,1,2,1,2,1
SF,IC2003,2020-01-03 13:39:30.900,5349.8000,53466,0,8604252600.000,0,-,-,-,-,5349.6000,5349.4000,5349.0000,5348.6000,5348.0000,5350.4000,5350.6000,5351.0000,5352.0000,5352.2000,1,1,1,1,9,1,2,1,2,1
SF,IC2003,2020-01-03 13:39:31.900,5349.8000,53466,0,8604252600.000,0,-,-,-,-,5349.4000,5349.0000,5348.6000,5348.0000,5346.8000,5350.4000,5350.6000,5351.0000,5352.0000,5352.2000,1,1,1,9,3,1,2,1,2,1
SF,IC2003,2020-01-03 13:39:32.400,5350.0000,53465,-1,8605322600.000,1,0,1,双平,B,5349.4000,5349.0000,5348.6000,5348.0000,5346.8000,5350.0000,5350.4000,5350.6000,5351.0000,5352.0000,1,1,1,9,3,4,1,2,1,2
SF,IC2003,2020-01-03 13:39:32.900,5349.4000,53465,0,8606392480.000,1,0,1,空换,B,5349.0000,5348.6000,5348.0000,5346.8000,5345.0000,5350.0000,5350.6000,5351.0000,5352.0000,5352.2000,1,1,9,3,1,4,2,1,2,1
SF,IC2003,2020-01-03 13:39:34.400,5349.4000,53465,0,8606392480.000,0,-,-,-,-,5349.0000,5348.6000,5348.0000,5346.8000,5345.0000,5350.0000,5350.6000,5351.0000,5352.0000,5352.2000,1,1,9,3,2,4,2,1,2,1
SF,IC2003,2020-01-03 13:39:34.900,5350.0000,53464,-1,8607462480.000,1,0,1,双平,B,5349.0000,5348.6000,5348.0000,5346.8000,5345.0000,5350.0000,5350.6000,5351.0000,5352.0000,5352.2000,1,1,9,3,2,3,2,1,2,1
SF,IC2003,2020-01-03 13:39:35.900,5350.0000,53464,0,8607462480.000,0,-,-,-,-,5349.0000,5348.6000,5348.0000,5346.8000,5345.0000,5350.0000,5350.6000,5351.0000,5352.0000,5352.2000,1,1,9,3,1,3,2,1,2,1
SF,IC2003,2020-01-03 13:39:36.400,5350.0000,53463,-1,8608532480.000,1,0,1,双平,B,5349.0000,5348.6000,5348.0000,5346.8000,5345.0000,5350.0000,5350.6000,5351.0000,5352.0000,5352.2000,1,1,9,3,1,2,2,1,2,1
SF,IC2003,2020-01-03 13:39:37.400,5350.0000,53463,0,8608532480.000,0,-,-,-,-,5349.0000,5348.6000,5348.0000,5346.8000,5345.0000,5349.6000,5350.0000,5350.6000,5351.0000,5352.0000,1,1,9,3,1,1,2,2,1,2
SF,IC2003,2020-01-03 13:39:38.900,5349.0000,53463,0,8609602280.000,1,0,1,空换,B,5348.6000,5348.0000,5346.8000,5345.0000,5344.8000,5349.6000,5350.0000,5350.6000,5351.0000,5352.0000,1,9,3,1,10,1,2,2,1,2
SF,IC2003,2020-01-03 13:39:40.400,5349.0000,53463,0,8609602280.000,0,-,-,-,-,5348.8000,5348.6000,5348.0000,5346.8000,5345.0000,5349.6000,5350.0000,5350.6000,5351.0000,5352.0000,1,1,9,3,1,1,2,2,1,2
SF,IC2003,2020-01-03 13:39:40.900,5348.8000,53463,0,8610672040.000,1,0,1,空换,B,5348.6000,5348.0000,5346.8000,5345.0000,5344.8000,5349.6000,5350.0000,5350.6000,5351.0000,5352.0000,1,9,3,1,10,1,2,2,1,2
SF,IC2003,2020-01-03 13:39:41.400,5349.6000,53462,-1,8611741960.000,1,0,1,双平,B,5349.6000,5348.8000,5348.6000,5348.0000,5346.8000,5350.0000,5350.6000,5351.0000,5352.0000,5352.2000,1,1,1,9,3,2,2,1,2,1
SF,IC2003,2020-01-03 13:39:41.900,5350.0000,53461,-1,8614951800.000,3,1,2,空平,B,5348.8000,5348.6000,5348.0000,5346.8000,5345.0000,5350.0000,5350.6000,5351.0000,5352.0000,5352.2000,1,1,9,3,1,1,2,1,2,1
SF,IC2003,2020-01-03 13:39:42.400,5350.0000,53461,0,8614951800.000,0,-,-,-,-,5349.0000,5348.8000,5348.6000,5348.0000,5346.8000,5350.0000,5350.6000,5351.0000,5352.0000,5352.2000,2,1,1,9,3,1,2,1,2,1
SF,IC2003,2020-01-03 13:39:43.900,5350.0000,53461,0,8614951800.000,0,-,-,-,-,5349.0000,5348.8000,5348.6000,5348.0000,5346.8000,5350.0000,5350.6000,5351.0000,5352.0000,5352.2000,2,1,1,9,3,3,2,1,2,1
SF,IC2003,2020-01-03 13:39:44.400,5350.0000,53460,-1,8618161800.000,3,1,2,空平,B,5349.0000,5348.8000,5348.6000,5348.0000,5346.8000,5351.0000,5352.0000,5352.2000,5353.0000,5353.6000,2,1,1,9,3,1,2,1,2,1
SF,IC2003,2020-01-03 13:39:44.900,5349.2000,53459,-1,8619231640.000,1,0,1,双平,B,5349.2000,5349.0000,5348.8000,5348.6000,5348.0000,5350.8000,5351.0000,5352.0000,5352.2000,5353.0000,1,2,1,1,9,4,1,2,1,2
SF,IC2003,2020-01-03 13:39:45.400,5349.2000,53459,0,8619231640.000,0,-,-,-,-,5349.4000,5348.8000,5348.6000,5348.0000,5346.8000,5350.8000,5351.0000,5352.0000,5352.2000,5353.0000,2,1,1,9,3,3,1,2,1,2
SF,IC2003,2020-01-03 13:39:45.900,5349.2000,53459,0,8619231640.000,0,-,-,-,-,5349.6000,5349.4000,5348.8000,5348.6000,5348.0000,5350.8000,5351.0000,5352.0000,5352.2000,5353.0000,1,3,1,1,9,3,1,2,1,2
SF,IC2003,2020-01-03 13:39:46.400,5349.2000,53459,0,8619231640.000,0,-,-,-,-,5349.4000,5349.2000,5348.8000,5348.6000,5348.0000,5350.8000,5351.0000,5352.0000,5352.2000,5353.0000,3,1,1,1,9,3,1,2,1,2
SF,IC2003,2020-01-03 13:39:46.900,5349.2000,53459,0,8619231640.000,0,-,-,-,-,5349.4000,5349.2000,5348.8000,5348.6000,5348.0000,5350.6000,5350.8000,5351.0000,5352.0000,5352.2000,3,1,1,1,9,1,3,1,2,1
SF,IC2003,2020-01-03 13:39:47.400,5349.2000,53459,0,8619231640.000,0,-,-,-,-,5349.6000,5349.4000,5349.2000,5348.8000,5348.6000,5350.4000,5350.6000,5350.8000,5351.0000,5352.0000,1,3,1,1,1,1,1,2,1,2
SF,IC2003,2020-01-03 13:39:47.900,5349.2000,53459,0,8619231640.000,0,-,-,-,-,5349.4000,5349.2000,5348.8000,5348.6000,5348.0000,5350.4000,5350.6000,5350.8000,5351.0000,5352.0000,3,1,1,1,9,1,1,2,1,2
SF,IC2003,2020-01-03 13:39:48.400,5349.2000,53459,0,8619231640.000,0,-,-,-,-,5349.6000,5349.4000,5349.2000,5348.8000,5348.6000,5350.4000,5350.6000,5350.8000,5351.0000,5352.0000,1,3,1,1,1,1,1,2,1,2
SF,IC2003,2020-01-03 13:39:48.900,5349.2000,53459,0,8619231640.000,0,-,-,-,-,5349.4000,5349.2000,5348.8000,5348.6000,5348.0000,5350.4000,5350.6000,5350.8000,5351.0000,5352.0000,3,1,1,1,9,1,1,2,1,2
SF,IC2003,2020-01-03 13:39:49.400,5349.2000,53459,0,8619231640.000,0,-,-,-,-,5349.6000,5349.4000,5349.2000,5348.8000,5348.6000,5350.4000,5350.6000,5350.8000,5351.0000,5352.0000,1,3,1,1,1,1,1,2,1,2
SF,IC2003,2020-01-03 13:39:49.900,5349.2000,53459,0,8619231640.000,0,-,-,-,-,5349.4000,5349.2000,5348.8000,5348.6000,5348.0000,5350.4000,5350.6000,5350.8000,5351.0000,5352.0000,3,1,1,1,9,1,1,2,1,2
SF,IC2003,2020-01-03 13:39:50.400,5349.2000,53459,0,8619231640.000,0,-,-,-,-,5349.4000,5349.2000,5348.8000,5348.6000,5348.0000,5350.2000,5350.4000,5350.6000,5350.8000,5351.0000,3,1,1,1,9,1,1,1,2,1
SF,IC2003,2020-01-03 13:39:50.900,5349.2000,53459,0,8619231640.000,0,-,-,-,-,5349.6000,5349.4000,5349.2000,5348.8000,5348.6000,5350.0000,5350.2000,5350.6000,5350.8000,5351.0000,1,3,1,1,1,1,1,1,2,1
SF,IC2003,2020-01-03 13:39:51.400,5350.0000,53460,1,8620301640.000,1,1,0,双开,B,5349.6000,5349.4000,5349.2000,5348.8000,5348.6000,5349.8000,5350.2000,5350.6000,5350.8000,5351.0000,1,3,1,1,1,1,1,1,2,1
SF,IC2003,2020-01-03 13:39:51.900,5349.8000,53460,0,8621371600.000,1,0,1,空换,B,5349.8000,5349.6000,5349.4000,5349.2000,5348.8000,5350.0000,5350.2000,5350.6000,5350.8000,5351.0000,4,1,3,1,1,1,1,1,2,1
SF,IC2003,2020-01-03 13:39:52.400,5350.0000,53461,1,8622441600.000,1,1,0,双开,B,5349.8000,5349.6000,5349.4000,5349.2000,5348.8000,5350.2000,5350.6000,5350.8000,5351.0000,5352.0000,4,1,3,1,1,1,1,2,1,2
SF,IC2003,2020-01-03 13:39:53.400,5350.0000,53461,0,8622441600.000,0,-,-,-,-,5349.8000,5349.6000,5349.4000,5349.2000,5348.6000,5350.2000,5350.6000,5350.8000,5351.0000,5352.0000,4,1,3,1,1,1,1,2,1,2
SF,IC2003,2020-01-03 13:39:53.900,5350.2000,53462,1,8623511640.000,1,1,0,双开,B,5349.8000,5349.6000,5349.4000,5349.2000,5348.6000,5350.6000,5350.8000,5351.0000,5352.0000,5352.2000,4,1,3,1,1,1,2,1,2,1
SF,IC2003,2020-01-03 13:39:55.900,5350.2000,53462,0,8623511640.000,0,-,-,-,-,5350.0000,5349.8000,5349.6000,5349.4000,5349.2000,5350.8000,5351.0000,5352.0000,5352.2000,5353.0000,1,4,1,3,1,2,1,2,1,2
SF,IC2003,2020-01-03 13:39:57.900,5351.0000,53463,1,8626722160.000,3,2,1,多开,B,5350.4000,5350.2000,5350.0000,5349.8000,5349.6000,5352.0000,5352.2000,5353.0000,5353.6000,5353.8000,1,2,1,4,1,2,1,2,1,1
SF,IC2003,2020-01-03 13:39:58.400,5350.6000,53463,0,8627792280.000,1,0,1,空换,B,5350.6000,5350.0000,5349.8000,5349.6000,5349.4000,5351.2000,5351.8000,5352.0000,5352.2000,5353.0000,1,1,2,1,1,1,3,2,1,2
SF,IC2003,2020-01-03 13:39:58.900,5350.6000,53463,0,8627792280.000,0,-,-,-,-,5350.0000,5349.4000,5349.2000,5348.8000,5348.6000,5350.8000,5351.8000,5352.0000,5352.2000,5353.0000,1,1,1,1,1,1,3,2,1,2
SF,IC2003,2020-01-03 13:40:00.400,5350.6000,53463,0,8627792280.000,0,-,-,-,-,5350.0000,5349.4000,5349.2000,5348.8000,5348.6000,5351.8000,5352.0000,5352.2000,5353.0000,5353.6000,1,1,1,1,1,3,2,1,2,1
SF,IC2003,2020-01-03 13:40:00.900,5350.6000,53463,0,8627792280.000,0,-,-,-,-,5350.2000,5350.0000,5349.4000,5349.2000,5348.8000,5351.4000,5351.8000,5352.0000,5352.2000,5353.0000,2,1,1,1,1,2,3,2,1,2
SF,IC2003,2020-01-03 13:40:01.400,5350.6000,53463,0,8627792280.000,0,-,-,-,-,5350.2000,5350.0000,5349.4000,5349.2000,5348.8000,5351.0000,5351.2000,5351.8000,5352.0000,5352.2000,2,1,1,1,1,1,2,1,2,1
SF,IC2003,2020-01-03 13:40:01.900,5350.6000,53463,0,8627792280.000,0,-,-,-,-,5350.2000,5350.0000,5349.4000,5349.2000,5348.8000,5351.0000,5351.2000,5352.0000,5352.2000,5353.0000,2,1,1,1,1,1,2,2,1,2
SF,IC2003,2020-01-03 13:40:02.400,5350.6000,53463,0,8627792280.000,0,-,-,-,-,5350.4000,5350.2000,5350.0000,5349.4000,5349.2000,5351.0000,5351.2000,5352.0000,5352.2000,5353.0000,1,2,1,1,1,1,2,2,1,2
SF,IC2003,2020-01-03 13:40:02.900,5350.6000,53463,0,8627792280.000,0,-,-,-,-,5351.0000,5350.6000,5350.4000,5350.2000,5350.0000,5351.2000,5352.0000,5352.2000,5353.0000,5353.6000,1,1,1,2,1,2,2,1,2,1
SF,IC2003,2020-01-03 13:40:03.400,5350.6000,53463,0,8627792280.000,0,-,-,-,-,5351.0000,5350.6000,5350.4000,5350.2000,5350.0000,5352.0000,5352.2000,5353.0000,5353.6000,5353.8000,1,1,1,2,1,2,1,2,1,1
SF,IC2003,2020-01-03 13:40:03.900,5351.0000,53463,0,8628862480.000,1,0,1,空换,B,5350.6000,5350.4000,5350.2000,5349.4000,5349.2000,5351.4000,5351.6000,5351.8000,5352.0000,5352.2000,1,1,2,1,1,1,1,2,2,1
SF,IC2003,2020-01-03 13:40:04.400,5351.0000,53463,0,8628862480.000,0,-,-,-,-,5350.6000,5350.4000,5350.2000,5349.4000,5349.2000,5351.8000,5352.0000,5352.2000,5353.0000,5353.6000,1,1,2,1,1,2,2,1,2,1
SF,IC2003,2020-01-03 13:40:04.900,5351.0000,53463,0,8628862480.000,0,-,-,-,-,5350.8000,5350.6000,5350.4000,5349.4000,5349.2000,5351.8000,5352.0000,5352.2000,5353.0000,5353.6000,2,1,1,1,1,2,3,1,2,1
SF,IC2003,2020-01-03 13:40:05.400,5351.0000,53463,0,8628862480.000,0,-,-,-,-,5350.8000,5350.6000,5350.4000,5349.4000,5349.2000,5351.6000,5351.8000,5352.0000,5352.2000,5353.0000,2,1,1,1,1,1,2,4,1,2
SF,IC2003,2020-01-03 13:40:05.900,5351.0000,53463,0,8628862480.000,0,-,-,-,-,5351.0000,5350.8000,5350.6000,5350.4000,5349.4000,5351.6000,5351.8000,5352.0000,5352.2000,5353.0000,1,2,1,1,1,1,2,4,1,2
SF,IC2003,2020-01-03 13:40:06.400,5351.6000,53463,0,8629932800.000,1,0,1,空换,B,5351.0000,5350.8000,5350.6000,5350.4000,5349.4000,5351.8000,5352.0000,5352.2000,5353.0000,5353.6000,1,2,1,1,1,2,4,1,2,1
SF,IC2003,2020-01-03 13:40:06.900,5351.6000,53463,0,8629932800.000,0,-,-,-,-,5351.0000,5350.8000,5350.6000,5350.4000,5349.4000,5352.0000,5352.2000,5353.0000,5353.6000,5353.8000,1,2,1,1,1,4,1,2,1,1
SF,IC2003,2020-01-03 13:40:07.400,5351.6000,53463,0,8629932800.000,0,-,-,-,-,5351.2000,5351.0000,5350.6000,5350.4000,5349.4000,5352.0000,5352.2000,5353.0000,5353.6000,5353.8000,2,2,1,1,1,4,1,2,1,1
SF,IC2003,2020-01-03 13:40:07.900,5352.0000,53463,0,8632073600.000,2,1,1,空换,B,5351.2000,5351.0000,5350.6000,5350.4000,5349.4000,5352.0000,5352.2000,5353.0000,5353.6000,5353.8000,2,2,1,1,1,2,1,2,1,1
SF,IC2003,2020-01-03 13:40:08.400,5352.0000,53463,0,8632073600.000,0,-,-,-,-,5351.2000,5351.0000,5350.6000,5350.4000,5349.4000,5351.6000,5352.0000,5352.2000,5353.0000,5353.6000,2,2,1,1,1,1,2,1,2,1
SF,IC2003,2020-01-03 13:40:08.900,5351.6000,53463,0,8633143920.000,1,0,1,空换,B,5351.6000,5351.4000,5351.2000,5351.0000,5350.6000,5352.0000,5352.2000,5353.0000,5353.6000,5353.8000,3,1,2,2,1,2,1,2,1,1
SF,IC2003,2020-01-03 13:40:09.400,5351.6000,53463,0,8633143920.000,0,-,-,-,-,5351.8000,5351.2000,5351.0000,5350.6000,5350.4000,5352.0000,5352.2000,5353.0000,5353.6000,5353.8000,1,2,2,1,1,2,1,2,1,1
SF,IC2003,2020-01-03 13:40:09.900,5351.6000,53463,0,8633143920.000,0,-,-,-,-,5351.2000,5351.0000,5350.6000,5350.4000,5349.4000,5352.0000,5352.2000,5353.0000,5353.6000,5353.8000,2,2,1,1,1,2,1,2,1,1
SF,IC2003,2020-01-03 13:40:10.900,5351.6000,53463,0,8633143920.000,0,-,-,-,-,5351.2000,5351.0000,5350.6000,5350.4000,5349.4000,5352.0000,5352.2000,5353.0000,5353.6000,5353.8000,2,2,1,1,1,2,1,2,1,1
SF,IC2003,2020-01-03 13:40:11.400,5352.0000,53461,-2,8635284720.000,2,0,2,双平,B,5351.2000,5351.0000,5350.6000,5350.4000,5349.4000,5352.2000,5353.0000,5353.6000,5353.8000,5354.0000,2,2,1,1,1,1,2,1,1,1
SF,IC2003,2020-01-03 13:40:11.900,5352.0000,53461,0,8635284720.000,0,-,-,-,-,5351.6000,5351.2000,5351.0000,5350.6000,5350.4000,5352.2000,5353.0000,5353.6000,5353.8000,5354.0000,1,2,2,1,1,1,2,1,1,1
SF,IC2003,2020-01-03 13:40:12.900,5352.2000,53461,0,8636355160.000,1,0,1,空换,B,5352.2000,5351.6000,5351.2000,5351.0000,5350.6000,5353.0000,5353.6000,5353.8000,5354.0000,5354.2000,1,1,2,2,1,2,1,1,1,1
SF,IC2003,2020-01-03 13:40:13.400,5352.2000,53462,1,8637425600.000,1,1,0,双开,B,5351.6000,5351.2000,5351.0000,5350.6000,5350.4000,5352.6000,5352.8000,5353.0000,5353.6000,5353.8000,1,2,2,1,1,1,2,2,1,1
SF,IC2003,2020-01-03 13:40:13.900,5351.6000,53462,0,8638495920.000,1,0,1,空换,B,5352.2000,5351.2000,5351.0000,5350.6000,5350.4000,5352.6000,5352.8000,5353.0000,5353.6000,5353.8000,3,2,2,1,1,1,2,2,1,1
SF,IC2003,2020-01-03 13:40:14.400,5352.2000,53462,0,8642777680.000,4,2,2,空换,B,5351.2000,5351.0000,5350.6000,5350.4000,5349.4000,5352.2000,5352.6000,5352.8000,5353.0000,5353.6000,2,2,1,1,1,1,1,2,2,1
SF,IC2003,2020-01-03 13:40:14.900,5352.2000,53462,0,8642777680.000,0,-,-,-,-,5351.4000,5351.2000,5351.0000,5350.6000,5350.4000,5352.2000,5352.6000,5352.8000,5353.0000,5353.6000,1,2,2,1,1,1,1,2,2,1
SF,IC2003,2020-01-03 13:40:15.400,5352.2000,53462,0,8642777680.000,0,-,-,-,-,5351.4000,5351.2000,5351.0000,5350.6000,5350.4000,5352.2000,5352.6000,5352.8000,5353.0000,5353.6000,1,2,2,1,1,1,1,2,2,1
SF,IC2003,2020-01-03 13:40:16.400,5352.2000,53462,0,8642777680.000,0,-,-,-,-,5351.4000,5351.2000,5351.0000,5350.6000,5350.4000,5352.2000,5352.6000,5352.8000,5353.0000,5353.6000,1,2,2,1,1,1,1,2,2,1
SF,IC2003,2020-01-03 13:40:16.900,5352.2000,53462,0,8643848120.000,1,0,1,空换,B,5351.2000,5351.0000,5350.6000,5350.4000,5350.0000,5352.0000,5352.2000,5352.8000,5353.0000,5353.6000,2,2,1,1,2,1,1,2,2,1
SF,IC2003,2020-01-03 13:40:17.400,5351.2000,53462,0,8645988600.000,2,1,1,空换,B,5351.0000,5350.6000,5350.0000,5349.4000,5348.0000,5351.2000,5352.0000,5352.2000,5352.8000,5353.0000,2,1,2,1,8,2,1,1,2,2
SF,IC2003,2020-01-03 13:40:17.900,5351.0000,53460,-2,8649199200.000,3,0,3,空平,B,5350.6000,5350.0000,5349.4000,5348.0000,5346.8000,5351.0000,5351.2000,5352.0000,5352.2000,5352.8000,1,2,1,8,3,3,2,1,1,2
SF,IC2003,2020-01-03 13:40:18.400,5350.6000,53461,1,8650269320.000,1,1,0,双开,B,5350.0000,5349.4000,5348.0000,5346.8000,5345.0000,5350.2000,5351.0000,5351.2000,5352.0000,5352.2000,2,1,8,3,1,1,3,2,1,1
SF,IC2003,2020-01-03 13:40:18.900,5350.6000,53461,0,8650269320.000,0,-,-,-,-,5350.0000,5349.4000,5348.0000,5346.8000,5345.0000,5350.2000,5351.0000,5351.2000,5352.0000,5352.2000,2,1,8,3,1,1,2,2,1,1
SF,IC2003,2020-01-03 13:40:19.900,5350.6000,53461,0,8650269320.000,0,-,-,-,-,5350.0000,5349.4000,5348.0000,5346.8000,5345.0000,5350.2000,5351.0000,5351.2000,5352.0000,5352.2000,2,1,8,3,1,1,3,2,1,1
SF,IC2003,2020-01-03 13:40:20.400,5350.0000,53460,-1,8651339320.000,1,0,1,双平,B,5350.0000,5349.4000,5348.0000,5346.8000,5345.0000,5350.2000,5351.0000,5351.2000,5352.0000,5352.2000,1,1,8,3,1,1,3,2,1,1
SF,IC2003,2020-01-03 13:40:21.400,5350.2000,53459,-1,8652409360.000,1,0,1,双平,B,5350.2000,5350.0000,5349.4000,5348.0000,5346.8000,5351.0000,5351.2000,5352.0000,5352.2000,5352.8000,1,1,1,8,3,3,2,1,1,2
SF,IC2003,2020-01-03 13:40:23.900,5351.0000,53460,1,8653479560.000,1,1,0,双开,B,5350.4000,5350.2000,5350.0000,5349.4000,5348.0000,5351.0000,5351.2000,5352.0000,5352.2000,5352.8000,1,1,1,1,8,2,2,1,1,2
SF,IC2003,2020-01-03 13:40:24.400,5351.0000,53460,0,8653479560.000,0,-,-,-,-,5350.4000,5350.2000,5350.0000,5349.4000,5348.0000,5351.0000,5352.0000,5352.2000,5352.8000,5353.0000,1,1,1,1,8,2,1,1,2,2
SF,IC2003,2020-01-03 13:40:24.900,5351.0000,53461,1,8654549760.000,1,1,0,双开,B,5350.4000,5350.2000,5350.0000,5349.4000,5348.0000,5351.0000,5352.0000,5352.2000,5352.8000,5353.0000,1,1,1,1,8,1,1,1,2,2
SF,IC2003,2020-01-03 13:40:25.400,5351.0000,53461,0,8654549760.000,0,-,-,-,-,5350.6000,5350.4000,5350.2000,5350.0000,5349.4000,5351.0000,5352.0000,5352.2000,5352.8000,5353.0000,1,1,1,1,1,1,1,1,2,2
SF,IC2003,2020-01-03 13:40:26.900,5351.0000,53461,0,8654549760.000,0,-,-,-,-,5350.6000,5350.4000,5350.2000,5350.0000,5349.4000,5351.0000,5352.0000,5352.2000,5352.8000,5353.0000,1,1,2,1,1,1,1,1,2,2
SF,IC2003,2020-01-03 13:40:27.400,5351.0000,53461,0,8654549760.000,0,-,-,-,-,5350.6000,5350.4000,5350.2000,5350.0000,5349.4000,5351.0000,5352.0000,5352.2000,5352.8000,5353.0000,1,1,2,1,1,1,1,1,2,2
SF,IC2003,2020-01-03 13:40:27.900,5351.0000,53461,0,8654549760.000,0,-,-,-,-,5350.6000,5350.4000,5350.2000,5350.0000,5349.4000,5351.0000,5352.0000,5352.2000,5352.8000,5353.0000,1,1,2,2,1,1,1,1,2,2
SF,IC2003,2020-01-03 13:40:28.400,5351.0000,53461,0,8654549760.000,0,-,-,-,-,5350.6000,5350.4000,5350.2000,5350.0000,5349.4000,5350.8000,5351.0000,5352.0000,5352.2000,5352.8000,1,1,2,2,1,1,1,1,1,2
SF,IC2003,2020-01-03 13:40:28.900,5351.0000,53461,0,8654549760.000,0,-,-,-,-,5350.6000,5350.2000,5350.0000,5349.4000,5348.0000,5350.8000,5351.0000,5352.0000,5352.2000,5352.8000,1,2,2,1,8,1,1,1,1,2
SF,IC2003,2020-01-03 13:40:29.900,5350.8000,53461,0,8655619920.000,1,0,1,空换,B,5350.6000,5350.2000,5350.0000,5348.0000,5346.8000,5351.0000,5352.0000,5352.2000,5352.8000,5353.0000,1,2,2,8,3,1,1,1,2,2
SF,IC2003,2020-01-03 13:40:33.900,5350.8000,53461,0,8655619920.000,0,-,-,-,-,5350.6000,5350.2000,5350.0000,5348.0000,5346.8000,5351.0000,5352.0000,5352.2000,5352.8000,5353.0000,1,2,2,8,3,1,1,1,2,2
SF,IC2003,2020-01-03 13:40:36.900,5350.6000,53461,0,8656690040.000,1,0,1,空换,B,5350.2000,5350.0000,5348.0000,5346.8000,5345.0000,5351.0000,5352.0000,5352.2000,5352.8000,5353.0000,2,2,8,3,1,1,1,1,2,2
SF,IC2003,2020-01-03 13:40:37.400,5350.6000,53461,0,8656690040.000,0,-,-,-,-,5350.2000,5350.0000,5348.0000,5346.8000,5345.0000,5350.8000,5351.0000,5352.0000,5352.2000,5353.0000,2,2,8,3,1,2,1,1,1,2
SF,IC2003,2020-01-03 13:40:38.400,5350.6000,53461,0,8656690040.000,0,-,-,-,-,5350.2000,5350.0000,5348.0000,5346.8000,5345.0000,5350.8000,5351.0000,5352.0000,5352.2000,5353.0000,2,2,8,3,1,2,1,1,1,2
SF,IC2003,2020-01-03 13:40:39.400,5350.6000,53461,0,8656690040.000,0,-,-,-,-,5350.2000,5350.0000,5348.0000,5346.8000,5345.0000,5350.8000,5351.0000,5352.0000,5352.2000,5353.0000,2,2,8,3,1,2,1,1,1,2
SF,IC2003,2020-01-03 13:40:41.400,5350.6000,53461,0,8656690040.000,0,-,-,-,-,5350.2000,5350.0000,5348.0000,5346.8000,5345.0000,5350.8000,5351.0000,5352.2000,5353.0000,5353.2000,2,2,8,3,1,2,1,1,2,1
SF,IC2003,2020-01-03 13:40:41.900,5350.6000,53461,0,8656690040.000,0,-,-,-,-,5350.2000,5350.0000,5348.0000,5346.8000,5345.0000,5350.8000,5351.0000,5352.2000,5353.0000,5353.2000,2,2,8,3,1,2,1,1,2,1
SF,IC2003,2020-01-03 13:40:44.400,5350.6000,53461,0,8656690040.000,0,-,-,-,-,5350.2000,5350.0000,5348.0000,5346.8000,5345.0000,5350.8000,5351.0000,5352.2000,5353.0000,5353.2000,2,2,8,3,1,2,1,2,2,1
SF,IC2003,2020-01-03 13:40:47.900,5350.2000,53461,0,8657760080.000,1,0,1,空换,B,5350.2000,5350.0000,5348.0000,5346.8000,5345.0000,5350.8000,5351.0000,5352.2000,5353.0000,5353.2000,1,2,8,3,1,2,1,2,2,1
SF,IC2003,2020-01-03 13:40:48.400,5350.6000,53462,1,8658830200.000,1,1,0,双开,B,5350.2000,5350.0000,5349.6000,5348.0000,5346.8000,5350.8000,5351.0000,5352.2000,5353.0000,5353.2000,1,2,1,8,3,2,1,2,2,1
SF,IC2003,2020-01-03 13:40:48.900,5350.2000,53461,-1,8659900240.000,1,0,1,双平,B,5350.0000,5349.6000,5348.0000,5346.8000,5345.0000,5350.8000,5351.0000,5352.2000,5353.0000,5353.2000,2,1,8,3,1,2,1,2,2,1
SF,IC2003,2020-01-03 13:40:55.400,5350.2000,53461,0,8659900240.000,0,-,-,-,-,5350.2000,5350.0000,5349.6000,5348.0000,5346.8000,5350.8000,5351.0000,5352.2000,5353.0000,5353.2000,1,2,1,8,3,2,1,2,2,1
SF,IC2003,2020-01-03 13:40:55.900,5350.2000,53461,0,8659900240.000,0,-,-,-,-,5350.2000,5350.0000,5349.6000,5348.0000,5346.8000,5350.8000,5351.0000,5352.2000,5353.0000,5353.2000,1,2,1,8,3,2,2,2,2,1
SF,IC2003,2020-01-03 13:40:56.400,5350.2000,53461,0,8659900240.000,0,-,-,-,-,5350.2000,5350.0000,5349.6000,5348.2000,5348.0000,5350.8000,5351.0000,5352.2000,5353.0000,5353.2000,1,2,1,1,8,2,2,2,2,1
SF,IC2003,2020-01-03 13:40:56.900,5350.2000,53461,0,8659900240.000,0,-,-,-,-,5350.2000,5350.0000,5349.6000,5348.2000,5348.0000,5350.8000,5351.0000,5352.2000,5353.0000,5353.2000,1,2,1,1,8,2,2,2,2,1
SF,IC2003,2020-01-03 13:40:57.900,5350.2000,53462,1,8660970280.000,1,1,0,双开,B,5350.0000,5349.6000,5348.2000,5348.0000,5346.8000,5350.8000,5351.0000,5352.2000,5353.0000,5353.2000,2,1,1,8,3,2,2,2,2,1
SF,IC2003,2020-01-03 13:40:58.400,5350.2000,53462,0,8660970280.000,0,-,-,-,-,5350.0000,5349.6000,5348.2000,5348.0000,5346.8000,5350.2000,5351.0000,5352.2000,5353.0000,5353.2000,2,1,1,8,3,1,2,2,2,1
SF,IC2003,2020-01-03 13:40:58.900,5350.2000,53462,0,8662040320.000,1,0,1,空换,B,5350.2000,5350.0000,5349.6000,5348.2000,5348.0000,5351.0000,5352.2000,5353.0000,5353.2000,5353.8000,1,2,1,1,8,2,2,2,1,1
SF,IC2003,2020-01-03 13:41:02.900,5350.2000,53462,0,8662040320.000,0,-,-,-,-,5350.2000,5350.0000,5349.6000,5348.0000,5346.8000,5351.0000,5352.2000,5353.0000,5353.2000,5353.8000,1,2,1,8,3,2,2,2,1,1
SF,IC2003,2020-01-03 13:41:03.400,5350.2000,53462,0,8662040320.000,0,-,-,-,-,5350.0000,5349.6000,5348.0000,5346.8000,5345.0000,5350.8000,5351.0000,5352.2000,5353.0000,5353.2000,2,1,8,3,1,1,2,2,2,1
SF,IC2003,2020-01-03 13:41:04.400,5350.2000,53462,0,8662040320.000,0,-,-,-,-,5350.0000,5349.6000,5348.0000,5346.8000,5345.0000,5350.8000,5351.0000,5352.2000,5352.8000,5353.0000,2,1,8,3,1,1,2,2,1,2
SF,IC2003,2020-01-03 13:41:04.900,5350.2000,53462,0,8662040320.000,0,-,-,-,-,5350.0000,5349.6000,5348.0000,5346.8000,5345.0000,5350.6000,5350.8000,5351.0000,5352.2000,5352.8000,2,1,8,3,1,2,1,2,2,1
SF,IC2003,2020-01-03 13:41:05.400,5350.2000,53462,0,8662040320.000,0,-,-,-,-,5350.0000,5349.6000,5348.0000,5346.8000,5345.0000,5350.6000,5350.8000,5351.0000,5352.2000,5352.8000,2,1,8,3,1,2,1,2,2,1
SF,IC2003,2020-01-03 13:41:06.400,5350.6000,53463,1,8663110440.000,1,1,0,双开,B,5350.0000,5349.6000,5348.0000,5346.8000,5345.0000,5350.6000,5350.8000,5351.0000,5352.2000,5352.8000,2,1,8,3,1,1,1,2,2,1
SF,IC2003,2020-01-03 13:41:08.400,5350.0000,53463,0,8664180440.000,1,0,1,空换,B,5350.0000,5349.6000,5348.0000,5346.8000,5345.0000,5350.6000,5350.8000,5351.0000,5352.2000,5352.8000,1,1,8,3,1,1,1,2,2,1
SF,IC2003,2020-01-03 13:41:08.900,5350.0000,53463,0,8665250440.000,1,0,1,空换,B,5349.6000,5348.0000,5346.8000,5345.0000,5344.0000,5350.0000,5350.4000,5350.6000,5350.8000,5351.0000,1,8,3,1,1,4,1,1,1,2
SF,IC2003,2020-01-03 13:41:09.900,5350.0000,53463,0,8665250440.000,0,-,-,-,-,5349.6000,5348.0000,5346.8000,5345.0000,5344.0000,5349.8000,5350.0000,5350.4000,5350.6000,5350.8000,1,9,3,1,1,1,4,1,1,1
SF,IC2003,2020-01-03 13:41:10.900,5350.0000,53463,0,8665250440.000,0,-,-,-,-,5349.6000,5348.0000,5346.8000,5345.0000,5344.0000,5349.8000,5350.0000,5350.4000,5350.6000,5351.0000,1,9,3,1,1,1,4,1,1,2
SF,IC2003,2020-01-03 13:41:11.900,5350.0000,53463,0,8665250440.000,0,-,-,-,-,5349.6000,5348.0000,5346.8000,5345.0000,5344.0000,5349.8000,5350.0000,5350.6000,5351.0000,5352.2000,1,9,3,1,1,1,4,1,2,2
SF,IC2003,2020-01-03 13:41:13.400,5350.0000,53463,0,8665250440.000,0,-,-,-,-,5349.6000,5348.0000,5346.8000,5345.0000,5344.0000,5349.8000,5350.0000,5350.6000,5351.0000,5352.2000,1,9,3,1,1,2,4,1,2,2
SF,IC2003,2020-01-03 13:41:13.900,5349.6000,53463,0,8666320360.000,1,0,1,空换,B,5348.0000,5346.8000,5345.0000,5344.0000,5343.8000,5349.8000,5350.0000,5350.6000,5351.0000,5352.2000,9,3,1,1,2,3,4,1,2,2
SF,IC2003,2020-01-03 13:41:14.400,5349.6000,53463,0,8666320360.000,0,-,-,-,-,5348.8000,5348.4000,5348.2000,5348.0000,5346.8000,5349.8000,5350.0000,5350.6000,5351.0000,5352.2000,1,1,3,9,3,3,4,1,2,2
SF,IC2003,2020-01-03 13:41:15.400,5349.8000,53463,0,8667390320.000,1,0,1,空换,B,5348.4000,5348.2000,5348.0000,5346.8000,5345.0000,5349.8000,5350.0000,5350.6000,5351.0000,5352.2000,1,3,9,3,1,2,4,1,2,2
SF,IC2003,2020-01-03 13:41:15.900,5349.8000,53463,0,8667390320.000,0,-,-,-,-,5349.0000,5348.6000,5348.4000,5348.2000,5348.0000,5349.8000,5350.0000,5350.6000,5351.0000,5352.2000,1,2,1,1,9,2,4,1,2,2
SF,IC2003,2020-01-03 13:41:18.400,5349.8000,53463,0,8667390320.000,0,-,-,-,-,5349.4000,5349.0000,5348.6000,5348.4000,5348.2000,5349.8000,5350.0000,5350.6000,5351.0000,5352.2000,1,1,2,1,1,2,4,1,2,2
SF,IC2003,2020-01-03 13:41:19.400,5349.8000,53463,0,8667390320.000,0,-,-,-,-,5349.4000,5349.0000,5348.6000,5348.4000,5348.2000,5349.8000,5350.0000,5350.6000,5351.0000,5352.2000,1,1,2,1,1,2,4,1,2,2
SF,IC2003,2020-01-03 13:41:21.400,5349.8000,53463,0,8667390320.000,0,-,-,-,-,5349.4000,5349.0000,5348.8000,5348.6000,5348.4000,5349.8000,5350.0000,5350.6000,5351.0000,5352.2000,1,1,1,2,1,2,4,1,2,2
SF,IC2003,2020-01-03 13:41:23.400,5349.8000,53463,0,8667390320.000,0,-,-,-,-,5349.0000,5348.8000,5348.6000,5348.4000,5348.2000,5349.8000,5350.0000,5350.6000,5351.0000,5352.2000,1,1,2,1,1,2,4,1,2,2
SF,IC2003,2020-01-03 13:41:23.900,5349.8000,53463,0,8667390320.000,0,-,-,-,-,5349.4000,5348.8000,5348.6000,5348.4000,5348.2000,5349.8000,5350.0000,5350.6000,5351.0000,5352.2000,1,1,2,1,1,2,4,1,2,2
SF,IC2003,2020-01-03 13:41:29.900,5349.8000,53463,0,8667390320.000,0,-,-,-,-,5348.8000,5348.6000,5348.4000,5348.2000,5348.0000,5349.8000,5350.0000,5350.6000,5351.0000,5352.2000,1,2,1,1,10,2,4,1,2,2
SF,IC2003,2020-01-03 13:41:30.400,5349.8000,53463,0,8667390320.000,0,-,-,-,-,5349.6000,5349.0000,5348.8000,5348.4000,5348.2000,5349.8000,5350.0000,5350.6000,5351.0000,5352.2000,1,2,1,1,1,2,4,1,2,2
SF,IC2003,2020-01-03 13:41:30.900,5349.8000,53464,1,8669530240.000,2,1,1,多开,B,5349.8000,5349.6000,5349.0000,5348.8000,5348.4000,5350.0000,5350.6000,5351.0000,5352.2000,5352.8000,1,1,2,1,1,4,1,2,2,1
SF,IC2003,2020-01-03 13:41:31.400,5349.8000,53464,0,8670600200.000,1,0,1,空换,B,5349.6000,5349.0000,5348.8000,5348.4000,5348.2000,5350.0000,5351.0000,5352.2000,5352.8000,5353.0000,1,2,1,1,1,4,2,2,1,2
SF,IC2003,2020-01-03 13:41:32.900,5350.0000,53463,-1,8671670200.000,1,0,1,双平,B,5349.6000,5349.0000,5348.8000,5348.4000,5348.2000,5350.0000,5351.0000,5352.2000,5352.8000,5353.0000,1,2,1,1,1,3,2,2,1,2
SF,IC2003,2020-01-03 13:41:33.400,5350.0000,53463,0,8671670200.000,0,-,-,-,-,5349.6000,5349.0000,5348.8000,5348.2000,5348.0000,5350.0000,5351.0000,5352.2000,5352.8000,5353.0000,1,2,1,1,10,5,2,2,1,2
SF,IC2003,2020-01-03 13:41:34.400,5350.0000,53463,0,8671670200.000,0,-,-,-,-,5349.8000,5349.6000,5349.0000,5348.8000,5348.0000,5350.0000,5351.0000,5352.2000,5352.8000,5353.0000,1,1,2,1,10,5,2,2,1,2
SF,IC2003,2020-01-03 13:41:34.900,5350.0000,53463,0,8677020200.000,5,2,3,空换,B,5350.0000,5349.8000,5349.6000,5349.0000,5348.8000,5351.0000,5352.2000,5352.8000,5353.0000,5353.8000,1,1,1,2,1,2,2,1,2,1
SF,IC2003,2020-01-03 13:41:35.400,5350.0000,53463,0,8677020200.000,0,-,-,-,-,5350.0000,5349.8000,5349.0000,5348.8000,5348.0000,5351.0000,5352.2000,5352.8000,5353.0000,5353.8000,1,1,2,1,10,2,2,1,2,1
SF,IC2003,2020-01-03 13:41:35.900,5350.0000,53463,0,8677020200.000,0,-,-,-,-,5350.6000,5350.2000,5350.0000,5349.8000,5348.8000,5351.0000,5352.2000,5352.8000,5353.0000,5353.8000,1,2,1,1,1,2,2,1,2,1
SF,IC2003,2020-01-03 13:41:36.900,5350.0000,53463,0,8677020200.000,0,-,-,-,-,5350.6000,5350.2000,5350.0000,5349.8000,5348.8000,5351.0000,5352.2000,5352.8000,5353.0000,5353.8000,1,2,1,1,1,2,2,1,2,1
SF,IC2003,2020-01-03 13:41:37.400,5350.6000,53462,-1,8678090320.000,1,0,1,双平,B,5350.0000,5349.8000,5348.8000,5348.0000,5346.8000,5351.0000,5352.2000,5352.8000,5353.0000,5353.8000,1,1,1,10,4,2,2,1,2,1
SF,IC2003,2020-01-03 13:41:38.400,5350.6000,53462,0,8678090320.000,0,-,-,-,-,5350.0000,5349.8000,5348.8000,5348.0000,5346.8000,5350.8000,5351.0000,5352.2000,5352.8000,5353.0000,1,1,1,10,4,1,2,2,1,2
SF,IC2003,2020-01-03 13:41:42.900,5350.6000,53462,0,8678090320.000,0,-,-,-,-,5349.8000,5348.8000,5348.0000,5346.8000,5345.0000,5350.8000,5351.0000,5352.2000,5352.8000,5353.0000,1,1,10,4,1,1,2,2,1,2
SF,IC2003,2020-01-03 13:41:44.400,5350.6000,53462,0,8678090320.000,0,-,-,-,-,5349.8000,5348.8000,5348.6000,5348.0000,5346.8000,5350.8000,5351.0000,5352.2000,5352.8000,5353.0000,1,1,1,10,4,1,2,2,1,2
SF,IC2003,2020-01-03 13:41:44.900,5350.6000,53462,0,8678090320.000,0,-,-,-,-,5349.8000,5348.8000,5348.6000,5348.0000,5346.8000,5350.8000,5351.0000,5352.2000,5352.8000,5353.0000,1,1,1,10,4,1,2,2,1,2
SF,IC2003,2020-01-03 13:41:46.900,5350.6000,53462,0,8678090320.000,0,-,-,-,-,5350.0000,5349.8000,5348.8000,5348.6000,5348.0000,5350.8000,5351.0000,5352.2000,5352.8000,5353.0000,1,1,1,1,10,1,2,2,1,2
SF,IC2003,2020-01-03 13:41:48.400,5350.6000,53462,0,8678090320.000,0,-,-,-,-,5350.0000,5349.8000,5348.8000,5348.6000,5348.0000,5350.8000,5351.0000,5352.2000,5352.8000,5353.0000,1,1,1,1,10,1,2,2,1,2
SF,IC2003,2020-01-03 13:41:48.900,5350.6000,53462,0,8678090320.000,0,-,-,-,-,5350.0000,5349.8000,5348.8000,5348.6000,5348.0000,5350.8000,5351.0000,5352.2000,5352.8000,5353.0000,1,1,1,1,8,1,2,2,1,2
SF,IC2003,2020-01-03 13:41:52.400,5350.6000,53462,0,8678090320.000,0,-,-,-,-,5350.0000,5349.8000,5348.8000,5348.6000,5348.0000,5350.8000,5351.0000,5352.2000,5352.8000,5353.0000,1,1,1,1,8,1,2,2,1,2
SF,IC2003,2020-01-03 13:41:52.900,5350.6000,53462,0,8678090320.000,0,-,-,-,-,5350.2000,5350.0000,5349.8000,5348.8000,5348.6000,5350.8000,5351.0000,5352.2000,5352.8000,5353.0000,1,1,1,1,1,1,2,2,1,2
SF,IC2003,2020-01-03 13:41:53.400,5350.6000,53462,0,8678090320.000,0,-,-,-,-,5350.2000,5350.0000,5349.8000,5348.8000,5348.6000,5350.8000,5351.0000,5352.2000,5352.8000,5353.0000,1,1,1,1,2,1,2,2,1,2
SF,IC2003,2020-01-03 13:41:56.400,5350.2000,53462,0,8679160360.000,1,0,1,空换,B,5350.0000,5349.8000,5348.8000,5348.6000,5348.0000,5350.2000,5350.8000,5351.0000,5352.2000,5352.8000,1,1,1,2,8,4,1,2,2,1
SF,IC2003,2020-01-03 13:42:01.900,5350.2000,53462,0,8679160360.000,0,-,-,-,-,5350.0000,5349.8000,5348.8000,5348.6000,5348.0000,5350.2000,5350.8000,5351.0000,5352.2000,5352.8000,1,1,1,2,8,4,1,2,2,1
SF,IC2003,2020-01-03 13:42:02.400,5350.2000,53461,-1,8680230400.000,1,0,1,双平,B,5350.0000,5349.8000,5348.8000,5348.6000,5348.0000,5350.2000,5350.8000,5351.0000,5352.2000,5352.8000,1,1,1,2,8,3,1,2,2,1
SF,IC2003,2020-01-03 13:42:02.900,5350.0000,53459,-2,8682370440.000,2,0,2,双平,B,5349.8000,5348.8000,5348.6000,5348.0000,5346.8000,5350.2000,5350.8000,5351.0000,5352.2000,5352.8000,1,1,2,8,3,2,1,2,2,1
SF,IC2003,2020-01-03 13:42:03.400,5350.2000,53458,-1,8683440480.000,1,0,1,双平,B,5349.8000,5348.8000,5348.6000,5348.0000,5346.8000,5350.2000,5350.8000,5351.0000,5352.2000,5352.8000,1,1,2,8,3,1,1,2,2,1
SF,IC2003,2020-01-03 13:42:03.900,5350.2000,53458,0,8683440480.000,0,-,-,-,-,5350.0000,5349.8000,5348.8000,5348.6000,5348.0000,5350.2000,5350.8000,5351.0000,5352.2000,5352.8000,2,1,1,2,8,1,1,2,2,1
SF,IC2003,2020-01-03 13:42:04.400,5350.2000,53458,0,8684510520.000,1,0,1,空换,B,5350.0000,5349.8000,5348.8000,5348.6000,5348.0000,5350.8000,5351.0000,5352.2000,5352.8000,5353.0000,2,1,1,2,8,1,2,2,1,2
SF,IC2003,2020-01-03 13:42:04.900,5350.2000,53458,0,8684510520.000,0,-,-,-,-,5349.8000,5348.8000,5348.6000,5348.0000,5346.8000,5350.8000,5351.0000,5352.2000,5352.8000,5353.0000,1,1,2,8,3,1,2,2,1,2
SF,IC2003,2020-01-03 13:42:05.400,5350.2000,53458,0,8684510520.000,0,-,-,-,-,5350.6000,5350.2000,5350.0000,5349.8000,5348.8000,5350.8000,5351.0000,5352.2000,5352.8000,5353.0000,2,1,2,3,1,1,2,2,1,2
SF,IC2003,2020-01-03 13:42:05.900,5350.8000,53457,-1,8685580680.000,1,0,1,双平,B,5350.6000,5350.2000,5350.0000,5349.8000,5348.8000,5351.0000,5352.2000,5352.8000,5353.0000,5353.6000,2,1,2,3,1,2,2,1,2,1
SF,IC2003,2020-01-03 13:42:07.400,5350.8000,53457,0,8685580680.000,0,-,-,-,-,5350.8000,5350.6000,5350.2000,5350.0000,5349.8000,5351.0000,5352.2000,5352.8000,5353.0000,5353.6000,1,2,1,2,3,2,2,1,2,1
SF,IC2003,2020-01-03 13:42:07.900,5350.6000,53458,1,8687720960.000,2,1,1,多开,B,5350.6000,5350.2000,5350.0000,5349.8000,5348.8000,5351.0000,5352.2000,5352.8000,5353.0000,5353.6000,1,1,2,3,1,2,2,1,2,1
SF,IC2003,2020-01-03 13:42:08.900,5350.6000,53458,0,8687720960.000,0,-,-,-,-,5350.2000,5350.0000,5349.8000,5348.8000,5348.6000,5351.0000,5352.2000,5352.8000,5353.0000,5353.6000,1,2,3,1,2,2,2,1,2,1
SF,IC2003,2020-01-03 13:42:09.400,5351.0000,53456,-2,8689861360.000,2,0,2,双平,B,5350.4000,5350.2000,5349.8000,5348.8000,5348.6000,5352.2000,5352.8000,5353.0000,5353.6000,5353.8000,2,1,3,1,2,2,1,2,1,1
SF,IC2003,2020-01-03 13:42:09.900,5351.0000,53456,0,8689861360.000,0,-,-,-,-,5350.4000,5350.2000,5349.8000,5348.8000,5348.6000,5351.8000,5352.0000,5352.2000,5352.8000,5353.0000,2,1,3,1,2,2,3,2,1,2
SF,IC2003,2020-01-03 13:42:10.400,5351.0000,53456,0,8689861360.000,0,-,-,-,-,5350.8000,5350.6000,5350.4000,5349.8000,5348.8000,5351.6000,5352.0000,5352.2000,5352.8000,5353.0000,1,1,2,3,1,1,3,2,1,2
SF,IC2003,2020-01-03 13:42:10.900,5350.8000,53456,0,8692001720.000,2,1,1,空换,B,5350.4000,5349.8000,5348.8000,5348.6000,5348.0000,5351.8000,5352.0000,5352.2000,5352.8000,5353.0000,2,3,1,2,8,1,3,2,1,2
SF,IC2003,2020-01-03 13:42:11.400,5350.6000,53455,-1,8693071840.000,1,0,1,双平,B,5350.4000,5349.8000,5348.8000,5348.6000,5348.0000,5351.8000,5352.0000,5352.2000,5352.8000,5353.0000,2,3,1,2,8,1,3,2,1,2
SF,IC2003,2020-01-03 13:42:11.900,5350.6000,53455,0,8693071840.000,0,-,-,-,-,5351.4000,5350.4000,5349.8000,5348.8000,5348.6000,5351.8000,5352.0000,5352.2000,5352.8000,5353.0000,2,2,3,1,2,1,2,2,1,2
SF,IC2003,2020-01-03 13:42:12.400,5350.6000,53455,0,8693071840.000,0,-,-,-,-,5351.6000,5350.4000,5349.8000,5348.8000,5348.6000,5351.8000,5352.0000,5352.2000,5352.8000,5353.0000,1,2,3,1,2,1,2,2,1,2
SF,IC2003,2020-01-03 13:42:12.900,5351.8000,53455,0,8694142200.000,1,0,1,空换,B,5351.8000,5351.6000,5350.4000,5349.8000,5348.8000,5352.2000,5352.8000,5353.0000,5353.6000,5353.8000,3,1,2,3,1,2,1,2,1,1
SF,IC2003,2020-01-03 13:42:13.400,5352.2000,53455,0,8696283080.000,2,1,1,空换,B,5352.6000,5352.2000,5351.6000,5350.4000,5349.8000,5352.8000,5353.0000,5353.6000,5353.8000,5354.0000,1,2,1,2,3,1,2,1,1,1
SF,IC2003,2020-01-03 13:42:13.900,5352.2000,53452,-3,8699494480.000,3,0,3,双平,B,5351.6000,5350.4000,5349.8000,5348.8000,5348.6000,5352.8000,5353.0000,5353.6000,5353.8000,5354.0000,1,2,3,1,2,1,2,1,1,1
SF,IC2003,2020-01-03 13:42:14.400,5353.0000,53452,0,8701635640.000,2,1,1,空换,B,5351.8000,5351.6000,5349.8000,5348.8000,5348.6000,5352.6000,5353.0000,5353.6000,5353.8000,5354.0000,4,2,3,1,2,1,1,1,1,1
SF,IC2003,2020-01-03 13:42:14.900,5352.6000,53452,0,8704847280.000,3,1,2,空换,B,5351.8000,5351.6000,5349.8000,5348.8000,5348.6000,5353.6000,5353.8000,5354.0000,5354.4000,5355.0000,3,2,3,1,2,1,1,1,2,11
SF,IC2003,2020-01-03 13:42:15.400,5352.6000,53452,0,8704847280.000,0,-,-,-,-,5352.0000,5351.8000,5351.6000,5349.8000,5348.8000,5353.6000,5353.8000,5354.0000,5354.4000,5355.0000,1,3,1,3,1,1,1,1,2,11
SF,IC2003,2020-01-03 13:42:15.900,5352.6000,53452,0,8704847280.000,0,-,-,-,-,5352.2000,5352.0000,5351.8000,5351.6000,5349.8000,5353.6000,5353.8000,5354.0000,5354.4000,5355.0000,2,1,1,1,3,1,1,1,2,11
SF,IC2003,2020-01-03 13:42:16.400,5352.6000,53452,0,8704847280.000,0,-,-,-,-,5352.2000,5352.0000,5351.8000,5351.6000,5349.8000,5353.4000,5353.6000,5353.8000,5354.0000,5354.4000,2,1,1,1,3,2,1,1,1,2
SF,IC2003,2020-01-03 13:42:16.900,5352.6000,53452,0,8704847280.000,0,-,-,-,-,5352.2000,5351.8000,5351.6000,5349.8000,5348.8000,5353.4000,5353.6000,5353.8000,5354.0000,5354.4000,2,1,1,3,1,2,1,1,1,2
SF,IC2003,2020-01-03 13:42:17.400,5352.6000,53452,0,8704847280.000,0,-,-,-,-,5352.2000,5349.8000,5348.8000,5348.6000,5348.0000,5352.8000,5353.4000,5353.6000,5353.8000,5354.0000,2,3,1,2,8,1,2,1,1,1
SF,IC2003,2020-01-03 13:42:17.900,5352.6000,53452,0,8704847280.000,0,-,-,-,-,5352.6000,5352.2000,5349.8000,5348.6000,5348.0000,5352.8000,5353.4000,5353.6000,5353.8000,5354.0000,1,2,3,2,8,1,2,1,1,1
SF,IC2003,2020-01-03 13:42:18.400,5352.6000,53452,0,8705917800.000,1,0,1,空换,B,5349.8000,5348.6000,5348.0000,5346.8000,5345.0000,5352.6000,5352.8000,5353.6000,5353.8000,5354.0000,3,2,8,3,1,5,1,1,1,1
SF,IC2003,2020-01-03 13:42:18.900,5352.6000,53452,0,8705917800.000,0,-,-,-,-,5350.0000,5349.8000,5348.6000,5348.0000,5346.8000,5352.2000,5352.4000,5352.6000,5352.8000,5353.6000,8,3,2,8,3,1,2,5,1,1
SF,IC2003,2020-01-03 13:42:19.400,5352.6000,53452,0,8706988320.000,1,0,1,空换,B,5350.8000,5350.0000,5349.8000,5348.6000,5348.0000,5351.2000,5351.8000,5352.0000,5352.6000,5352.8000,1,3,3,2,8,1,4,3,5,1
SF,IC2003,2020-01-03 13:42:19.900,5351.0000,53451,-1,8711269040.000,4,1,3,空平,B,5350.0000,5349.8000,5348.6000,5348.0000,5346.8000,5352.0000,5352.6000,5352.8000,5353.6000,5353.8000,2,3,2,8,3,3,5,1,1,1
SF,IC2003,2020-01-03 13:42:20.400,5350.0000,53451,0,8713409040.000,2,1,1,空换,B,5349.8000,5348.6000,5348.0000,5346.8000,5345.0000,5351.8000,5352.0000,5352.6000,5352.8000,5353.6000,3,2,8,3,1,3,2,5,1,1
SF,IC2003,2020-01-03 13:42:20.900,5350.0000,53451,0,8714479040.000,1,0,1,空换,B,5350.0000,5349.8000,5348.6000,5348.0000,5346.8000,5351.4000,5351.6000,5352.6000,5352.8000,5353.6000,3,3,2,8,3,1,4,5,1,1
SF,IC2003,2020-01-03 13:42:21.400,5350.0000,53451,0,8714479040.000,0,-,-,-,-,5350.0000,5349.8000,5348.6000,5348.0000,5346.8000,5350.8000,5351.2000,5352.6000,5352.8000,5353.6000,1,3,2,8,3,1,2,5,1,1
SF,IC2003,2020-01-03 13:42:21.900,5350.0000,53451,0,8714479040.000,0,-,-,-,-,5350.2000,5350.0000,5349.8000,5348.6000,5348.0000,5350.8000,5351.2000,5352.6000,5352.8000,5353.6000,1,1,3,2,8,1,2,5,1,1
SF,IC2003,2020-01-03 13:42:22.400,5350.0000,53451,0,8714479040.000,0,-,-,-,-,5350.2000,5350.0000,5349.8000,5348.6000,5348.0000,5351.2000,5352.6000,5352.8000,5353.6000,5353.8000,1,1,3,2,8,2,5,1,1,1
SF,IC2003,2020-01-03 13:42:25.400,5351.2000,53451,0,8715549280.000,1,0,1,空换,B,5350.2000,5349.8000,5348.6000,5348.0000,5346.8000,5351.2000,5352.6000,5352.8000,5353.6000,5353.8000,1,4,2,8,3,1,5,1,1,1
SF,IC2003,2020-01-03 13:42:25.900,5351.2000,53452,1,8716619520.000,1,1,0,双开,B,5350.4000,5350.2000,5349.8000,5348.6000,5348.0000,5352.8000,5353.6000,5353.8000,5354.0000,5354.4000,2,1,4,2,8,1,1,1,1,2
SF,IC2003,2020-01-03 13:42:26.400,5351.2000,53452,0,8716619520.000,0,-,-,-,-,5351.2000,5350.8000,5350.6000,5350.4000,5350.2000,5352.0000,5352.4000,5352.6000,5352.8000,5353.6000,1,1,1,2,1,1,3,3,1,1
SF,IC2003,2020-01-03 13:42:26.900,5351.8000,53453,1,8717689880.000,1,1,0,双开,B,5351.2000,5350.6000,5350.4000,5350.2000,5349.8000,5351.8000,5352.0000,5352.4000,5352.6000,5352.8000,1,1,2,1,4,1,1,1,1,1
SF,IC2003,2020-01-03 13:42:27.900,5351.8000,53453,0,8717689880.000,0,-,-,-,-,5351.2000,5350.6000,5350.4000,5350.2000,5349.8000,5351.8000,5352.0000,5352.4000,5352.6000,5352.8000,1,1,2,1,4,1,1,1,1,3
SF,IC2003,2020-01-03 13:42:28.400,5351.8000,53453,0,8717689880.000,0,-,-,-,-,5351.2000,5350.6000,5350.4000,5350.2000,5349.8000,5352.4000,5352.6000,5352.8000,5353.6000,5353.8000,1,1,2,1,4,1,1,3,1,1
SF,IC2003,2020-01-03 13:42:28.900,5351.8000,53453,0,8717689880.000,0,-,-,-,-,5351.2000,5350.6000,5350.4000,5350.2000,5349.8000,5352.2000,5352.6000,5352.8000,5353.6000,5353.8000,1,1,2,1,4,2,1,3,1,1
SF,IC2003,2020-01-03 13:42:29.900,5351.8000,53453,0,8717689880.000,0,-,-,-,-,5351.2000,5350.6000,5350.4000,5350.2000,5349.8000,5352.2000,5352.8000,5353.6000,5353.8000,5354.0000,1,1,2,1,4,2,3,1,1,1
SF,IC2003,2020-01-03 13:42:30.400,5351.8000,53453,0,8717689880.000,0,-,-,-,-,5351.4000,5351.2000,5350.6000,5350.2000,5349.8000,5352.8000,5353.6000,5353.8000,5354.0000,5354.4000,2,1,1,1,4,3,1,1,1,2
SF,IC2003,2020-01-03 13:42:30.900,5351.8000,53453,0,8717689880.000,0,-,-,-,-,5351.4000,5351.2000,5350.6000,5350.2000,5349.8000,5352.6000,5352.8000,5353.6000,5353.8000,5354.0000,2,1,1,1,4,3,3,1,1,1
SF,IC2003,2020-01-03 13:42:31.400,5351.8000,53453,0,8717689880.000,0,-,-,-,-,5352.2000,5351.8000,5351.2000,5350.6000,5350.2000,5352.4000,5352.6000,5352.8000,5353.6000,5353.8000,1,1,1,1,1,1,3,3,1,1
SF,IC2003,2020-01-03 13:42:31.900,5352.2000,53454,1,8718760320.000,1,1,0,双开,B,5351.8000,5351.2000,5350.6000,5350.2000,5349.8000,5352.2000,5352.4000,5352.6000,5352.8000,5353.6000,1,1,1,1,4,2,1,3,3,1
SF,IC2003,2020-01-03 13:42:32.400,5352.2000,53454,0,8718760320.000,0,-,-,-,-,5351.8000,5351.2000,5350.6000,5349.8000,5349.6000,5352.2000,5352.4000,5352.6000,5352.8000,5353.6000,1,1,1,4,1,1,1,3,3,1
SF,IC2003,2020-01-03 13:42:32.900,5352.2000,53454,0,8719830760.000,1,0,1,空换,B,5351.8000,5351.2000,5350.6000,5349.8000,5349.6000,5352.6000,5352.8000,5353.6000,5353.8000,5354.0000,1,1,1,4,1,3,3,1,1,1
SF,IC2003,2020-01-03 13:42:33.400,5352.8000,53453,-1,8721971880.000,2,0,2,空平,B,5352.4000,5351.8000,5351.2000,5349.8000,5349.6000,5352.8000,5353.6000,5353.8000,5354.0000,5354.4000,1,1,1,4,1,1,1,1,1,2
SF,IC2003,2020-01-03 13:42:33.900,5352.8000,53453,0,8723042440.000,1,0,1,空换,B,5351.8000,5351.2000,5349.8000,5349.6000,5348.6000,5353.6000,5353.8000,5354.0000,5354.4000,5355.0000,1,1,4,1,2,1,1,1,2,11
SF,IC2003,2020-01-03 13:42:34.400,5352.0000,53453,0,8724112840.000,1,0,1,空换,B,5352.0000,5351.8000,5351.2000,5349.8000,5349.6000,5353.0000,5353.2000,5353.4000,5353.6000,5353.8000,1,1,1,4,1,3,3,3,1,1
SF,IC2003,2020-01-03 13:42:34.900,5352.0000,53453,0,8724112840.000,0,-,-,-,-,5352.0000,5351.8000,5351.2000,5350.8000,5349.8000,5353.0000,5353.2000,5353.4000,5353.6000,5353.8000,1,1,1,3,4,3,1,3,1,1
SF,IC2003,2020-01-03 13:42:35.400,5352.0000,53453,0,8724112840.000,0,-,-,-,-,5352.0000,5351.8000,5351.2000,5350.8000,5349.8000,5353.0000,5353.2000,5353.4000,5353.6000,5353.8000,1,1,1,3,4,3,1,3,1,1
SF,IC2003,2020-01-03 13:42:35.900,5352.0000,53453,0,8724112840.000,0,-,-,-,-,5352.0000,5351.8000,5351.2000,5350.8000,5349.8000,5353.0000,5353.2000,5353.4000,5353.6000,5353.8000,1,1,1,3,4,2,1,2,1,1
SF,IC2003,2020-01-03 13:42:36.400,5352.0000,53453,0,8724112840.000,0,-,-,-,-,5351.8000,5351.2000,5350.8000,5349.8000,5348.6000,5353.0000,5353.2000,5353.4000,5353.6000,5353.8000,1,1,3,4,2,2,1,2,1,1
SF,IC2003,2020-01-03 13:42:36.900,5352.0000,53453,0,8724112840.000,0,-,-,-,-,5351.8000,5351.2000,5350.8000,5350.0000,5349.8000,5352.8000,5353.0000,5353.2000,5353.6000,5353.8000,1,1,3,1,4,2,2,1,1,1
SF,IC2003,2020-01-03 13:42:37.400,5352.0000,53453,0,8724112840.000,0,-,-,-,-,5352.0000,5351.8000,5351.2000,5350.8000,5350.0000,5352.8000,5353.0000,5353.2000,5353.6000,5353.8000,1,1,1,3,1,2,2,1,1,1
SF,IC2003,2020-01-03 13:42:37.900,5352.0000,53453,0,8724112840.000,0,-,-,-,-,5352.0000,5351.8000,5351.2000,5350.8000,5350.0000,5352.2000,5352.8000,5353.0000,5353.2000,5353.6000,1,1,1,3,1,1,2,2,1,1
SF,IC2003,2020-01-03 13:42:38.400,5352.0000,53453,0,8724112840.000,0,-,-,-,-,5352.0000,5351.2000,5350.8000,5350.0000,5349.8000,5352.2000,5352.8000,5353.0000,5353.2000,5353.6000,1,1,3,1,4,1,2,2,1,1
SF,IC2003,2020-01-03 13:42:38.900,5352.2000,53452,-1,8725183280.000,1,0,1,双平,B,5352.4000,5352.0000,5351.2000,5350.8000,5350.0000,5352.8000,5353.0000,5353.2000,5353.6000,5353.8000,1,1,1,3,1,2,2,1,1,1
SF,IC2003,2020-01-03 13:42:39.400,5352.4000,53453,1,8726253760.000,1,1,0,双开,B,5352.0000,5351.2000,5350.8000,5350.0000,5349.8000,5352.4000,5352.8000,5353.0000,5353.2000,5353.6000,1,1,3,1,4,1,2,2,1,1
SF,IC2003,2020-01-03 13:42:39.900,5352.4000,53453,0,8726253760.000,0,-,-,-,-,5352.0000,5351.2000,5350.8000,5350.0000,5349.8000,5352.8000,5353.0000,5353.2000,5353.6000,5353.8000,1,1,4,1,4,2,2,1,1,1
SF,IC2003,2020-01-03 13:42:40.400,5352.4000,53453,0,8726253760.000,0,-,-,-,-,5352.0000,5351.2000,5350.8000,5350.0000,5349.8000,5353.0000,5353.2000,5353.6000,5353.8000,5354.0000,1,1,4,1,4,2,1,1,1,1
SF,IC2003,2020-01-03 13:42:40.900,5352.4000,53453,0,8726253760.000,0,-,-,-,-,5352.0000,5351.2000,5350.8000,5350.0000,5349.8000,5352.8000,5353.0000,5353.2000,5353.6000,5353.8000,1,1,4,1,4,2,2,1,1,1
SF,IC2003,2020-01-03 13:42:43.900,5352.8000,53454,1,8727324320.000,1,1,0,双开,B,5352.0000,5351.2000,5350.8000,5350.0000,5349.8000,5352.8000,5353.0000,5353.2000,5353.6000,5353.8000,1,1,4,1,4,1,2,1,1,1
SF,IC2003,2020-01-03 13:42:44.400,5352.8000,53454,0,8727324320.000,0,-,-,-,-,5352.2000,5352.0000,5351.2000,5350.8000,5350.0000,5353.0000,5353.2000,5353.6000,5353.8000,5354.0000,1,1,1,4,1,2,1,1,1,1
SF,IC2003,2020-01-03 13:42:44.900,5352.8000,53454,0,8727324320.000,0,-,-,-,-,5352.4000,5352.2000,5352.0000,5351.2000,5350.8000,5353.0000,5353.2000,5353.6000,5353.8000,5354.0000,1,1,1,1,4,2,1,1,1,1
SF,IC2003,2020-01-03 13:42:46.900,5352.8000,53454,0,8727324320.000,0,-,-,-,-,5352.2000,5351.2000,5350.8000,5350.0000,5349.8000,5353.0000,5353.2000,5353.6000,5353.8000,5354.0000,1,1,4,1,4,2,1,1,1,1
SF,IC2003,2020-01-03 13:42:47.400,5352.8000,53454,0,8727324320.000,0,-,-,-,-,5352.4000,5352.2000,5350.8000,5350.0000,5349.8000,5353.0000,5353.2000,5353.6000,5353.8000,5354.0000,1,1,4,1,4,2,1,1,1,1
SF,IC2003,2020-01-03 13:42:49.400,5352.8000,53454,0,8727324320.000,0,-,-,-,-,5352.4000,5352.2000,5350.8000,5350.6000,5350.0000,5353.0000,5353.2000,5353.6000,5353.8000,5354.0000,1,1,4,1,1,2,1,1,1,1
SF,IC2003,2020-01-03 13:42:49.900,5352.8000,53454,0,8728394880.000,1,0,1,空换,B,5352.4000,5352.2000,5350.8000,5350.6000,5350.0000,5353.0000,5353.2000,5353.6000,5353.8000,5354.0000,1,1,4,1,1,2,1,1,1,1
SF,IC2003,2020-01-03 13:42:50.400,5352.8000,53454,0,8728394880.000,0,-,-,-,-,5352.4000,5352.2000,5350.8000,5350.6000,5350.0000,5352.8000,5353.0000,5353.2000,5353.6000,5353.8000,1,1,4,1,1,1,2,1,1,1
SF,IC2003,2020-01-03 13:42:50.900,5353.0000,53454,0,8730536040.000,2,1,1,空换,B,5352.4000,5352.2000,5350.8000,5350.6000,5350.0000,5353.0000,5353.2000,5353.6000,5353.8000,5354.0000,1,1,4,1,1,1,1,1,1,1
SF,IC2003,2020-01-03 13:42:52.400,5353.0000,53454,0,8731606640.000,1,0,1,空换,B,5352.4000,5352.2000,5350.8000,5350.6000,5350.0000,5353.2000,5353.6000,5353.8000,5354.0000,5354.4000,1,1,4,1,1,1,1,1,1,2
SF,IC2003,2020-01-03 13:42:52.900,5353.0000,53454,0,8732677240.000,1,0,1,空换,B,5352.4000,5352.2000,5350.8000,5350.6000,5350.0000,5353.2000,5353.6000,5353.8000,5354.0000,5354.4000,1,1,4,1,1,1,1,1,1,2
SF,IC2003,2020-01-03 13:42:53.400,5353.0000,53454,0,8732677240.000,0,-,-,-,-,5352.4000,5352.2000,5350.8000,5350.6000,5350.0000,5353.0000,5353.2000,5353.6000,5353.8000,5354.0000,1,1,4,1,1,1,1,1,1,1
SF,IC2003,2020-01-03 13:42:54.400,5353.0000,53454,0,8732677240.000,0,-,-,-,-,5352.6000,5352.4000,5352.2000,5350.8000,5350.6000,5353.0000,5353.2000,5353.6000,5353.8000,5354.0000,1,1,1,4,1,1,1,1,1,1
SF,IC2003,2020-01-03 13:42:54.900,5353.0000,53453,-1,8733747840.000,1,0,1,双平,B,5352.6000,5352.4000,5352.2000,5350.8000,5350.6000,5353.2000,5353.6000,5353.8000,5354.0000,5354.4000,1,1,1,4,1,1,1,1,1,2
SF,IC2003,2020-01-03 13:42:55.400,5352.8000,53452,-1,8734818400.000,1,0,1,双平,B,5352.6000,5352.4000,5352.2000,5350.8000,5350.6000,5352.8000,5353.6000,5353.8000,5354.0000,5354.4000,1,1,1,4,1,2,1,1,1,2
SF,IC2003,2020-01-03 13:42:55.900,5352.8000,53453,1,8736959520.000,2,1,1,多开,B,5352.8000,5352.6000,5352.4000,5352.2000,5350.8000,5353.6000,5353.8000,5354.0000,5354.4000,5355.0000,1,1,1,1,4,1,1,1,2,11
SF,IC2003,2020-01-03 13:42:57.400,5352.8000,53453,0,8736959520.000,0,-,-,-,-,5352.8000,5352.6000,5352.2000,5350.8000,5350.6000,5353.6000,5353.8000,5354.0000,5354.4000,5355.0000,1,1,1,4,1,1,1,1,2,11
SF,IC2003,2020-01-03 13:42:57.900,5352.8000,53453,0,8736959520.000,0,-,-,-,-,5353.0000,5352.8000,5352.6000,5352.2000,5350.8000,5353.6000,5353.8000,5354.0000,5354.4000,5355.0000,1,1,1,1,4,1,1,1,2,11
SF,IC2003,2020-01-03 13:42:58.400,5352.8000,53453,0,8736959520.000,0,-,-,-,-,5353.0000,5352.8000,5352.6000,5352.2000,5351.4000,5353.6000,5353.8000,5354.0000,5354.4000,5355.0000,1,1,1,1,1,1,1,1,2,11
SF,IC2003,2020-01-03 13:42:58.900,5352.8000,53453,0,8736959520.000,0,-,-,-,-,5353.0000,5352.8000,5352.2000,5351.4000,5350.8000,5353.6000,5353.8000,5354.0000,5354.4000,5355.0000,1,1,1,1,1,1,1,1,2,11
SF,IC2003,2020-01-03 13:42:59.400,5352.8000,53453,0,8736959520.000,0,-,-,-,-,5353.0000,5352.2000,5351.4000,5350.8000,5350.6000,5353.4000,5353.6000,5353.8000,5354.0000,5354.4000,1,1,1,1,1,1,1,1,1,2
SF,IC2003,2020-01-03 13:42:59.900,5353.0000,53454,1,8738030120.000,1,1,0,双开,B,5352.2000,5351.4000,5350.8000,5350.6000,5350.0000,5353.0000,5353.6000,5353.8000,5354.0000,5354.4000,1,1,1,1,5,2,1,1,1,2
SF,IC2003,2020-01-03 13:43:00.400,5353.0000,53454,0,8738030120.000,0,-,-,-,-,5352.2000,5351.4000,5350.8000,5350.6000,5350.0000,5352.6000,5352.8000,5353.0000,5353.6000,5353.8000,1,1,1,1,5,1,2,1,1,1
SF,IC2003,2020-01-03 13:43:00.900,5352.2000,53453,-1,8739100560.000,1,0,1,双平,B,5351.4000,5350.8000,5350.6000,5350.0000,5349.8000,5352.0000,5352.2000,5353.0000,5353.6000,5353.8000,1,1,1,5,4,6,4,1,1,1
SF,IC2003,2020-01-03 13:43:01.400,5352.2000,53453,0,8739100560.000,0,-,-,-,-,5351.6000,5351.4000,5350.8000,5350.6000,5350.0000,5352.2000,5353.0000,5353.6000,5353.8000,5354.0000,1,1,1,1,5,3,1,1,1,1
SF,IC2003,2020-01-03 13:43:01.900,5351.6000,53452,-1,8740170880.000,1,0,1,双平,B,5351.4000,5350.6000,5350.0000,5349.8000,5348.0000,5351.6000,5353.0000,5353.6000,5353.8000,5354.0000,1,1,5,4,8,7,1,1,1,1
SF,IC2003,2020-01-03 13:43:02.400,5351.4000,53451,-1,8742311440.000,2,0,2,空平,B,5350.6000,5350.0000,5349.8000,5348.0000,5346.8000,5351.2000,5351.4000,5353.0000,5353.6000,5353.8000,1,5,4,8,3,1,5,1,1,1
SF,IC2003,2020-01-03 13:43:02.900,5351.4000,53451,0,8742311440.000,0,-,-,-,-,5350.6000,5350.0000,5349.8000,5348.0000,5346.8000,5351.4000,5353.0000,5353.6000,5353.8000,5354.0000,1,5,4,8,3,4,1,1,1,1
SF,IC2003,2020-01-03 13:43:03.400,5351.4000,53452,1,8743381720.000,1,1,0,双开,B,5350.6000,5350.0000,5349.8000,5348.0000,5346.8000,5353.0000,5353.6000,5353.8000,5354.0000,5354.4000,1,5,4,8,3,1,1,1,1,2
SF,IC2003,2020-01-03 13:43:03.900,5352.6000,53450,-2,8746593000.000,3,0,3,空平,B,5350.8000,5350.6000,5350.0000,5349.8000,5348.0000,5352.6000,5352.8000,5353.0000,5353.6000,5353.8000,2,1,5,4,8,4,2,1,1,1
SF,IC2003,2020-01-03 13:43:04.400,5352.6000,53450,0,8749804560.000,3,1,2,空换,B,5350.6000,5350.0000,5349.8000,5348.0000,5346.8000,5352.4000,5352.6000,5353.0000,5353.6000,5353.8000,1,5,4,8,3,2,2,1,1,1
SF,IC2003,2020-01-03 13:43:04.900,5352.6000,53450,0,8749804560.000,0,-,-,-,-,5350.8000,5350.6000,5350.0000,5349.8000,5348.0000,5352.0000,5352.4000,5352.6000,5353.0000,5353.6000,3,2,5,4,8,1,2,2,1,1
SF,IC2003,2020-01-03 13:43:05.400,5352.6000,53450,0,8749804560.000,0,-,-,-,-,5351.4000,5351.0000,5350.8000,5350.6000,5350.0000,5352.0000,5352.4000,5352.6000,5353.0000,5353.6000,1,1,2,1,5,1,2,2,1,1
SF,IC2003,2020-01-03 13:43:05.900,5352.6000,53450,0,8749804560.000,0,-,-,-,-,5351.4000,5351.0000,5350.8000,5350.6000,5350.0000,5352.0000,5352.4000,5352.6000,5353.0000,5353.6000,1,1,2,1,5,1,2,2,1,1
SF,IC2003,2020-01-03 13:43:06.400,5352.6000,53450,0,8749804560.000,0,-,-,-,-,5351.4000,5351.0000,5350.8000,5350.6000,5350.0000,5352.0000,5352.4000,5352.6000,5353.0000,5353.6000,1,1,2,1,6,1,2,2,1,1
SF,IC2003,2020-01-03 13:43:06.900,5352.6000,53450,0,8749804560.000,0,-,-,-,-,5351.6000,5351.0000,5350.8000,5350.6000,5350.0000,5352.0000,5352.4000,5352.6000,5353.0000,5353.6000,1,1,2,1,6,1,2,2,1,1
SF,IC2003,2020-01-03 13:43:07.400,5351.6000,53449,-1,8750874880.000,1,0,1,双平,B,5351.0000,5350.8000,5350.6000,5350.0000,5349.8000,5352.0000,5352.4000,5352.6000,5353.0000,5353.6000,1,2,1,6,4,1,2,2,1,1
SF,IC2003,2020-01-03 13:43:08.400,5351.6000,53449,0,8750874880.000,0,-,-,-,-,5350.8000,5350.6000,5350.0000,5349.8000,5348.0000,5352.0000,5352.4000,5352.6000,5353.0000,5353.6000,2,1,6,4,8,1,2,2,1,1
SF,IC2003,2020-01-03 13:43:08.900,5351.6000,53449,0,8750874880.000,0,-,-,-,-,5350.6000,5350.0000,5349.8000,5348.0000,5346.8000,5351.8000,5352.0000,5352.6000,5353.0000,5353.6000,1,6,4,8,3,2,2,2,1,1
SF,IC2003,2020-01-03 13:43:09.400,5351.6000,53449,0,8750874880.000,0,-,-,-,-,5351.4000,5350.6000,5350.0000,5349.8000,5348.0000,5351.6000,5351.8000,5352.0000,5352.6000,5353.0000,1,1,6,4,8,1,2,2,1,2
SF,IC2003,2020-01-03 13:43:09.900,5351.4000,53449,0,8751945160.000,1,0,1,空换,B,5351.2000,5350.6000,5350.0000,5349.8000,5348.0000,5351.4000,5351.6000,5351.8000,5352.0000,5352.6000,1,1,6,4,8,5,1,2,2,1
SF,IC2003,2020-01-03 13:43:10.400,5351.2000,53449,0,8753015400.000,1,0,1,空换,B,5350.6000,5350.0000,5349.8000,5348.0000,5346.8000,5351.0000,5351.2000,5351.6000,5351.8000,5352.0000,1,6,4,8,3,1,4,1,2,2
SF,IC2003,2020-01-03 13:43:10.900,5351.2000,53449,0,8753015400.000,0,-,-,-,-,5350.8000,5350.6000,5350.0000,5349.8000,5348.0000,5351.2000,5351.6000,5351.8000,5352.0000,5352.6000,1,1,6,4,8,3,1,2,2,1
SF,IC2003,2020-01-03 13:43:11.400,5351.2000,53449,0,8753015400.000,0,-,-,-,-,5350.8000,5350.6000,5350.0000,5349.8000,5348.0000,5351.2000,5351.6000,5351.8000,5352.0000,5352.6000,1,1,6,4,9,3,1,2,2,1
SF,IC2003,2020-01-03 13:43:11.900,5351.2000,53449,0,8753015400.000,0,-,-,-,-,5350.8000,5350.6000,5350.0000,5349.8000,5348.0000,5351.2000,5351.6000,5351.8000,5352.0000,5352.6000,1,1,6,4,9,3,1,2,1,1
SF,IC2003,2020-01-03 13:43:12.400,5351.2000,53449,0,8753015400.000,0,-,-,-,-,5351.0000,5350.8000,5350.6000,5350.0000,5349.8000,5351.2000,5351.6000,5351.8000,5352.0000,5352.6000,1,1,1,6,4,3,1,2,1,1
SF,IC2003,2020-01-03 13:43:12.900,5351.2000,53449,0,8753015400.000,0,-,-,-,-,5351.0000,5350.8000,5350.6000,5350.0000,5349.8000,5351.2000,5351.6000,5351.8000,5352.0000,5352.6000,1,1,1,6,4,1,1,2,1,1
SF,IC2003,2020-01-03 13:43:13.400,5351.0000,53449,0,8754085600.000,1,0,1,空换,B,5350.8000,5350.6000,5350.0000,5349.8000,5348.0000,5351.6000,5351.8000,5352.0000,5352.6000,5353.0000,1,1,6,4,9,1,2,1,1,1
SF,IC2003,2020-01-03 13:43:13.900,5351.0000,53449,0,8754085600.000,0,-,-,-,-,5350.8000,5350.6000,5350.0000,5349.8000,5348.0000,5351.4000,5351.6000,5352.0000,5352.6000,5353.0000,1,1,6,4,9,2,1,1,1,1
SF,IC2003,2020-01-03 13:43:14.400,5351.0000,53449,0,8754085600.000,0,-,-,-,-,5351.0000,5350.8000,5350.6000,5350.0000,5349.8000,5351.6000,5352.0000,5352.6000,5353.0000,5353.6000,1,1,1,6,4,1,1,1,1,1
SF,IC2003,2020-01-03 13:43:15.400,5351.0000,53449,0,8754085600.000,0,-,-,-,-,5351.4000,5351.2000,5351.0000,5350.8000,5350.6000,5352.0000,5353.6000,5353.8000,5354.0000,5354.4000,1,1,1,1,1,1,1,1,1,2
SF,IC2003,2020-01-03 13:43:15.900,5351.8000,53448,-1,8755155960.000,1,0,1,双平,B,5351.4000,5351.0000,5350.8000,5350.6000,5350.0000,5353.6000,5353.8000,5354.0000,5354.4000,5355.0000,1,1,1,1,5,1,1,1,2,11
SF,IC2003,2020-01-03 13:43:16.400,5351.8000,53448,0,8755155960.000,0,-,-,-,-,5351.6000,5351.4000,5351.0000,5350.8000,5350.6000,5352.4000,5353.2000,5353.4000,5353.6000,5353.8000,1,1,1,1,1,1,1,2,1,1
SF,IC2003,2020-01-03 13:43:17.400,5351.8000,53448,0,8755155960.000,0,-,-,-,-,5351.8000,5351.6000,5351.0000,5350.8000,5350.6000,5353.2000,5353.4000,5353.6000,5353.8000,5354.0000,1,1,1,1,1,1,2,1,1,1
SF,IC2003,2020-01-03 13:43:17.900,5351.8000,53448,0,8755155960.000,0,-,-,-,-,5351.8000,5351.6000,5351.0000,5350.8000,5350.6000,5352.6000,5353.0000,5353.2000,5353.6000,5353.8000,1,1,1,1,1,1,2,1,1,1
SF,IC2003,2020-01-03 13:43:18.400,5351.8000,53448,0,8755155960.000,0,-,-,-,-,5352.0000,5351.8000,5351.6000,5350.8000,5350.6000,5352.6000,5353.0000,5353.2000,5353.6000,5353.8000,1,1,1,1,1,1,2,1,1,1
SF,IC2003,2020-01-03 13:43:19.900,5352.0000,53448,0,8756226360.000,1,0,1,空换,B,5351.6000,5350.8000,5350.6000,5350.0000,5349.8000,5352.0000,5352.6000,5353.0000,5353.2000,5353.6000,1,1,1,5,4,1,1,2,1,1
SF,IC2003,2020-01-03 13:43:20.400,5352.0000,53448,0,8756226360.000,0,-,-,-,-,5351.6000,5350.8000,5350.6000,5350.0000,5349.8000,5352.0000,5352.6000,5353.0000,5353.2000,5353.6000,1,1,1,5,4,2,1,2,1,1
SF,IC2003,2020-01-03 13:43:20.900,5352.0000,53448,0,8756226360.000,0,-,-,-,-,5351.6000,5350.8000,5350.6000,5350.0000,5349.8000,5352.0000,5352.6000,5353.0000,5353.2000,5353.6000,1,1,1,5,4,3,1,2,1,1
SF,IC2003,2020-01-03 13:43:21.400,5352.0000,53448,0,8756226360.000,0,-,-,-,-,5351.6000,5350.8000,5350.6000,5350.0000,5349.8000,5352.0000,5353.0000,5353.2000,5353.6000,5353.8000,1,1,2,5,4,3,2,1,1,1
SF,IC2003,2020-01-03 13:43:22.400,5352.0000,53448,0,8756226360.000,0,-,-,-,-,5351.6000,5350.8000,5350.6000,5350.0000,5349.8000,5352.0000,5353.0000,5353.2000,5353.6000,5353.8000,1,1,2,5,4,3,2,1,1,1
SF,IC2003,2020-01-03 13:43:23.900,5352.0000,53448,0,8756226360.000,0,-,-,-,-,5351.6000,5350.8000,5350.6000,5350.0000,5349.8000,5352.0000,5353.0000,5353.2000,5353.6000,5353.8000,1,1,2,5,4,1,2,1,1,1
SF,IC2003,2020-01-03 13:43:25.900,5352.0000,53448,0,8756226360.000,0,-,-,-,-,5351.6000,5350.8000,5350.6000,5350.0000,5349.8000,5351.8000,5352.0000,5353.0000,5353.2000,5353.6000,1,1,2,5,4,1,1,2,1,1
SF,IC2003,2020-01-03 13:43:26.400,5351.6000,53448,0,8757296680.000,1,0,1,空换,B,5350.8000,5350.6000,5350.0000,5349.8000,5348.0000,5351.8000,5352.0000,5353.0000,5353.2000,5353.6000,1,2,5,4,8,1,1,2,1,1
SF,IC2003,2020-01-03 13:43:26.900,5351.6000,53448,0,8757296680.000,0,-,-,-,-,5351.2000,5351.0000,5350.8000,5350.6000,5350.0000,5351.6000,5351.8000,5352.0000,5353.0000,5353.2000,1,2,1,2,5,1,1,1,2,1
SF,IC2003,2020-01-03 13:43:27.400,5351.6000,53449,1,8758367000.000,1,1,0,双开,B,5351.2000,5351.0000,5350.8000,5350.6000,5350.0000,5351.8000,5352.0000,5353.0000,5353.2000,5353.6000,1,2,1,2,5,1,1,2,1,1
SF,IC2003,2020-01-03 13:43:28.400,5351.6000,53449,0,8758367000.000,0,-,-,-,-,5351.0000,5350.8000,5350.6000,5350.0000,5349.8000,5351.4000,5351.6000,5351.8000,5352.0000,5353.0000,2,1,2,5,4,1,1,1,1,2
SF,IC2003,2020-01-03 13:43:28.900,5351.6000,53449,0,8758367000.000,0,-,-,-,-,5350.8000,5350.6000,5350.0000,5349.8000,5348.0000,5351.4000,5351.6000,5351.8000,5352.0000,5353.0000,1,2,5,4,8,1,1,1,1,2
SF,IC2003,2020-01-03 13:43:29.900,5351.6000,53449,0,8758367000.000,0,-,-,-,-,5351.0000,5350.8000,5350.6000,5350.0000,5349.8000,5351.4000,5351.6000,5351.8000,5352.0000,5353.0000,1,1,2,5,4,1,1,1,1,2
SF,IC2003,2020-01-03 13:43:30.900,5351.6000,53449,0,8758367000.000,0,-,-,-,-,5351.0000,5350.8000,5350.6000,5350.0000,5349.8000,5351.4000,5351.6000,5352.0000,5353.0000,5353.2000,1,1,2,5,4,1,1,1,2,1
SF,IC2003,2020-01-03 13:43:31.400,5351.0000,53448,-1,8759437200.000,1,0,1,双平,B,5350.8000,5350.6000,5350.0000,5349.8000,5348.0000,5351.4000,5351.6000,5352.0000,5353.0000,5353.2000,1,2,5,4,8,1,1,1,2,1
SF,IC2003,2020-01-03 13:43:31.900,5351.0000,53448,0,8759437200.000,0,-,-,-,-,5350.8000,5350.6000,5350.0000,5349.8000,5348.0000,5351.2000,5351.4000,5351.6000,5352.0000,5353.0000,1,2,5,4,8,1,1,1,1,2
SF,IC2003,2020-01-03 13:43:34.400,5351.0000,53448,0,8759437200.000,0,-,-,-,-,5350.8000,5350.6000,5350.0000,5349.8000,5348.0000,5351.2000,5351.4000,5351.6000,5352.0000,5353.0000,1,2,4,4,8,1,1,1,1,2
SF,IC2003,2020-01-03 13:43:34.900,5351.0000,53448,0,8759437200.000,0,-,-,-,-,5351.0000,5350.8000,5350.6000,5350.0000,5349.8000,5351.2000,5351.6000,5352.0000,5353.0000,5353.2000,1,1,2,4,4,1,1,1,2,1
SF,IC2003,2020-01-03 13:43:35.900,5351.0000,53448,0,8759437200.000,0,-,-,-,-,5350.8000,5350.6000,5350.0000,5349.8000,5348.0000,5351.2000,5351.6000,5352.0000,5353.0000,5353.2000,1,2,4,4,8,1,1,1,2,1
SF,IC2003,2020-01-03 13:43:38.400,5351.0000,53448,0,8759437200.000,0,-,-,-,-,5351.0000,5350.8000,5350.6000,5350.0000,5349.8000,5351.2000,5352.0000,5353.0000,5353.2000,5353.6000,1,1,2,4,4,1,1,2,1,1
SF,IC2003,2020-01-03 13:43:38.900,5351.0000,53448,0,8759437200.000,0,-,-,-,-,5351.0000,5350.8000,5350.6000,5350.0000,5349.8000,5351.2000,5352.0000,5353.0000,5353.2000,5353.6000,1,1,2,4,4,1,1,2,1,1
SF,IC2003,2020-01-03 13:43:40.400,5351.0000,53449,1,8760507400.000,1,1,0,双开,B,5350.8000,5350.6000,5350.0000,5349.8000,5348.0000,5351.2000,5352.0000,5353.0000,5353.2000,5353.6000,1,2,4,4,8,1,1,2,1,1
SF,IC2003,2020-01-03 13:43:42.400,5350.6000,53448,-1,8764787920.000,4,1,3,空平,B,5350.0000,5349.8000,5348.0000,5347.0000,5346.8000,5350.6000,5350.8000,5351.0000,5351.2000,5352.0000,4,4,8,1,3,2,2,1,1,1
SF,IC2003,2020-01-03 13:43:42.900,5350.6000,53448,0,8764787920.000,0,-,-,-,-,5350.0000,5349.8000,5348.0000,5347.0000,5346.8000,5351.0000,5351.2000,5352.0000,5353.0000,5353.2000,4,4,8,1,3,1,1,1,2,1
SF,IC2003,2020-01-03 13:43:43.400,5350.6000,53448,0,8764787920.000,0,-,-,-,-,5350.0000,5349.8000,5348.0000,5347.0000,5346.8000,5350.8000,5351.0000,5351.2000,5352.0000,5353.2000,4,4,8,1,3,3,1,1,1,1
SF,IC2003,2020-01-03 13:43:45.900,5350.0000,53448,0,8765857920.000,1,0,1,空换,B,5350.2000,5350.0000,5349.8000,5348.0000,5347.0000,5350.6000,5350.8000,5351.0000,5352.0000,5353.6000,1,3,4,8,1,1,3,1,1,1
SF,IC2003,2020-01-03 13:43:46.400,5350.2000,53447,-1,8766927960.000,1,0,1,双平,B,5350.0000,5349.8000,5348.0000,5347.0000,5346.8000,5350.6000,5350.8000,5351.0000,5352.0000,5353.6000,3,4,8,1,3,1,3,1,1,1
SF,IC2003,2020-01-03 13:43:46.900,5350.2000,53447,0,8766927960.000,0,-,-,-,-,5350.0000,5349.8000,5348.0000,5347.0000,5346.8000,5350.4000,5350.6000,5350.8000,5351.0000,5352.0000,3,4,8,1,3,1,1,3,1,1
SF,IC2003,2020-01-03 13:43:47.400,5350.0000,53447,0,8770137960.000,3,1,2,空换,B,5349.8000,5348.0000,5347.0000,5346.8000,5346.0000,5350.0000,5350.4000,5350.6000,5350.8000,5351.0000,4,8,1,3,1,2,1,1,3,1
SF,IC2003,2020-01-03 13:43:48.400,5350.0000,53446,-1,8772277960.000,2,0,2,空平,B,5350.0000,5349.8000,5348.0000,5347.0000,5346.8000,5350.4000,5350.6000,5350.8000,5351.0000,5352.0000,2,4,8,1,3,1,1,3,1,1
SF,IC2003,2020-01-03 13:43:48.900,5350.0000,53446,0,8772277960.000,0,-,-,-,-,5350.0000,5349.8000,5348.0000,5347.0000,5346.8000,5350.4000,5350.6000,5350.8000,5351.0000,5352.0000,2,4,8,1,3,1,1,1,1,1
SF,IC2003,2020-01-03 13:43:49.400,5350.4000,53445,-1,8773348040.000,1,0,1,双平,B,5350.4000,5350.0000,5349.8000,5348.0000,5347.0000,5350.8000,5351.0000,5352.0000,5353.6000,5353.8000,3,1,4,8,1,1,1,1,1,1
SF,IC2003,2020-01-03 13:43:49.900,5350.8000,53445,0,8774418200.000,1,0,1,空换,B,5351.0000,5350.8000,5350.6000,5350.0000,5349.8000,5352.0000,5353.6000,5353.8000,5354.0000,5354.4000,1,3,1,1,4,1,1,1,1,2
SF,IC2003,2020-01-03 13:43:50.400,5350.8000,53445,0,8774418200.000,0,-,-,-,-,5350.8000,5350.6000,5350.0000,5349.8000,5348.0000,5351.8000,5352.0000,5353.6000,5353.8000,5354.0000,2,1,1,4,8,3,1,1,1,1
SF,IC2003,2020-01-03 13:43:51.400,5350.8000,53445,0,8774418200.000,0,-,-,-,-,5350.8000,5350.6000,5350.2000,5349.8000,5348.0000,5351.8000,5352.0000,5353.6000,5353.8000,5354.0000,2,1,1,4,8,3,1,1,1,1
SF,IC2003,2020-01-03 13:43:51.900,5350.8000,53445,0,8774418200.000,0,-,-,-,-,5350.8000,5350.6000,5350.2000,5349.8000,5348.0000,5351.8000,5352.0000,5353.6000,5353.8000,5354.0000,2,1,1,4,8,3,1,1,1,1
SF,IC2003,2020-01-03 13:43:52.400,5350.8000,53446,1,8775488360.000,1,1,0,双开,B,5350.6000,5350.2000,5349.8000,5348.0000,5347.0000,5351.8000,5352.0000,5353.6000,5353.8000,5354.0000,1,1,4,7,1,3,1,1,1,1
SF,IC2003,2020-01-03 13:43:52.900,5350.8000,53446,0,8775488360.000,0,-,-,-,-,5350.6000,5350.2000,5349.8000,5348.0000,5347.0000,5351.8000,5352.0000,5353.6000,5353.8000,5354.0000,1,1,4,7,1,3,1,1,1,1
SF,IC2003,2020-01-03 13:43:53.400,5350.8000,53446,0,8775488360.000,0,-,-,-,-,5350.2000,5349.8000,5348.0000,5347.0000,5346.8000,5351.4000,5351.6000,5351.8000,5352.0000,5353.6000,1,4,7,1,3,1,1,3,1,1
SF,IC2003,2020-01-03 13:43:53.900,5350.8000,53446,0,8775488360.000,0,-,-,-,-,5350.2000,5349.8000,5348.0000,5347.0000,5346.8000,5351.0000,5351.2000,5351.4000,5351.8000,5352.0000,1,4,7,1,3,1,2,1,1,1
SF,IC2003,2020-01-03 13:43:54.400,5350.8000,53446,0,8775488360.000,0,-,-,-,-,5350.4000,5349.8000,5348.0000,5347.0000,5346.8000,5351.0000,5351.2000,5351.4000,5351.8000,5352.0000,1,4,7,1,3,1,2,1,1,2
SF,IC2003,2020-01-03 13:43:54.900,5350.8000,53446,0,8775488360.000,0,-,-,-,-,5350.4000,5349.8000,5348.0000,5347.0000,5346.8000,5351.0000,5351.2000,5351.4000,5351.8000,5352.0000,2,4,7,1,3,1,2,1,1,2
SF,IC2003,2020-01-03 13:43:57.400,5350.8000,53446,0,8775488360.000,0,-,-,-,-,5350.6000,5350.4000,5349.8000,5348.0000,5347.0000,5351.0000,5351.2000,5351.4000,5351.8000,5352.0000,1,1,4,7,1,1,2,1,1,2
SF,IC2003,2020-01-03 13:43:58.900,5350.8000,53446,0,8775488360.000,0,-,-,-,-,5350.6000,5350.4000,5349.8000,5348.0000,5347.0000,5351.0000,5351.2000,5351.4000,5351.8000,5352.0000,1,1,4,7,1,1,2,1,1,2
SF,IC2003,2020-01-03 13:43:59.400,5350.8000,53446,0,8775488360.000,0,-,-,-,-,5350.6000,5349.8000,5348.0000,5347.0000,5346.8000,5351.0000,5351.2000,5351.4000,5351.8000,5352.0000,1,4,7,1,3,3,2,1,1,2
SF,IC2003,2020-01-03 13:43:59.900,5350.6000,53445,-1,8776558480.000,1,0,1,双平,B,5349.8000,5348.0000,5347.0000,5346.8000,5346.0000,5351.0000,5351.2000,5351.4000,5351.8000,5352.0000,4,7,1,3,1,3,2,1,1,2
SF,IC2003,2020-01-03 13:44:00.400,5350.6000,53445,0,8776558480.000,0,-,-,-,-,5350.0000,5349.8000,5348.0000,5347.0000,5346.8000,5350.8000,5351.0000,5351.4000,5351.8000,5352.0000,1,4,7,1,3,2,3,1,1,2
SF,IC2003,2020-01-03 13:44:00.900,5350.6000,53445,0,8776558480.000,0,-,-,-,-,5350.0000,5349.8000,5348.0000,5347.0000,5346.8000,5350.6000,5350.8000,5351.0000,5351.4000,5351.8000,1,4,7,1,3,1,2,3,1,1
SF,IC2003,2020-01-03 13:44:01.400,5350.6000,53444,-1,8777628600.000,1,0,1,双平,B,5350.0000,5349.8000,5348.0000,5347.0000,5346.8000,5350.8000,5351.0000,5351.4000,5351.8000,5352.0000,1,4,7,1,3,2,3,1,1,2
SF,IC2003,2020-01-03 13:44:01.900,5350.6000,53444,0,8777628600.000,0,-,-,-,-,5350.4000,5350.0000,5349.8000,5348.0000,5347.0000,5350.8000,5351.0000,5351.8000,5352.0000,5353.6000,1,1,4,7,1,2,3,1,2,1
SF,IC2003,2020-01-03 13:44:02.400,5350.4000,53444,0,8778698680.000,1,0,1,空换,B,5350.2000,5350.0000,5349.8000,5348.0000,5347.0000,5350.6000,5350.8000,5351.0000,5352.0000,5353.6000,1,1,4,7,1,2,2,3,2,1
SF,IC2003,2020-01-03 13:44:02.900,5350.2000,53445,1,8779768720.000,1,1,0,双开,B,5350.0000,5349.8000,5348.0000,5347.0000,5346.8000,5350.6000,5350.8000,5351.0000,5352.0000,5353.6000,1,4,7,1,3,2,2,3,2,1
SF,IC2003,2020-01-03 13:44:03.400,5350.0000,53444,-1,8780838720.000,1,0,1,双平,B,5350.0000,5349.8000,5348.0000,5347.0000,5346.8000,5350.6000,5350.8000,5351.0000,5352.0000,5353.6000,1,4,7,1,3,1,2,3,2,1
SF,IC2003,2020-01-03 13:44:03.900,5350.0000,53444,0,8780838720.000,0,-,-,-,-,5350.2000,5350.0000,5349.8000,5348.0000,5347.0000,5350.6000,5350.8000,5351.0000,5352.0000,5353.6000,1,1,4,7,1,1,2,3,2,1
SF,IC2003,2020-01-03 13:44:04.400,5350.0000,53444,0,8780838720.000,0,-,-,-,-,5350.2000,5350.0000,5349.8000,5348.0000,5347.0000,5350.6000,5350.8000,5351.0000,5352.0000,5353.6000,1,1,4,7,2,1,2,3,2,1
SF,IC2003,2020-01-03 13:44:05.900,5350.6000,53444,0,8781908840.000,1,0,1,空换,B,5350.6000,5350.2000,5350.0000,5349.8000,5348.0000,5350.8000,5351.0000,5352.0000,5353.6000,5353.8000,1,1,1,4,7,2,2,2,1,1
SF,IC2003,2020-01-03 13:44:07.400,5350.6000,53444,0,8781908840.000,0,-,-,-,-,5350.6000,5350.0000,5349.8000,5348.0000,5347.0000,5350.8000,5351.0000,5352.0000,5353.6000,5353.8000,2,1,4,7,2,2,2,2,1,1
SF,IC2003,2020-01-03 13:44:07.900,5350.6000,53445,1,8785119280.000,3,2,1,多开,B,5350.6000,5350.0000,5349.8000,5348.0000,5347.0000,5351.0000,5352.0000,5353.6000,5353.8000,5354.0000,1,1,4,7,2,2,2,1,1,1
SF,IC2003,2020-01-03 13:44:08.900,5350.6000,53445,0,8785119280.000,0,-,-,-,-,5350.6000,5350.0000,5349.8000,5348.0000,5347.0000,5351.0000,5352.0000,5353.6000,5353.8000,5354.0000,3,1,4,7,2,2,2,1,1,1
SF,IC2003,2020-01-03 13:44:10.900,5350.6000,53445,0,8785119280.000,0,-,-,-,-,5350.6000,5350.2000,5350.0000,5349.8000,5348.0000,5351.0000,5352.0000,5353.6000,5353.8000,5354.0000,3,1,1,4,7,2,2,1,1,1
SF,IC2003,2020-01-03 13:44:12.400,5351.0000,53445,0,8786189480.000,1,0,1,空换,B,5350.6000,5350.2000,5350.0000,5349.8000,5348.0000,5351.0000,5352.0000,5353.6000,5353.8000,5354.0000,3,1,1,4,7,1,2,1,1,1
SF,IC2003,2020-01-03 13:44:12.900,5351.0000,53445,0,8787259680.000,1,0,1,空换,B,5351.0000,5350.6000,5350.2000,5350.0000,5349.8000,5352.0000,5353.6000,5353.8000,5354.0000,5354.4000,3,3,1,1,4,2,1,1,1,2
SF,IC2003,2020-01-03 13:44:13.400,5351.0000,53445,0,8787259680.000,0,-,-,-,-,5351.0000,5350.6000,5350.2000,5350.0000,5349.8000,5351.8000,5352.0000,5353.6000,5353.8000,5354.0000,3,3,1,1,4,1,2,1,1,1
SF,IC2003,2020-01-03 13:44:13.900,5351.0000,53445,0,8787259680.000,0,-,-,-,-,5351.0000,5350.6000,5350.2000,5350.0000,5349.8000,5351.4000,5352.0000,5353.6000,5353.8000,5354.0000,1,3,1,1,4,1,2,1,1,1
SF,IC2003,2020-01-03 13:44:14.400,5351.0000,53445,0,8787259680.000,0,-,-,-,-,5351.2000,5351.0000,5350.6000,5350.2000,5350.0000,5351.4000,5352.0000,5353.6000,5353.8000,5354.0000,1,1,3,1,1,1,2,1,1,1
SF,IC2003,2020-01-03 13:44:15.400,5351.2000,53445,0,8788329920.000,1,0,1,空换,B,5351.0000,5350.6000,5350.2000,5350.0000,5349.8000,5351.4000,5352.0000,5353.6000,5353.8000,5354.0000,1,3,1,1,4,1,2,1,1,1
SF,IC2003,2020-01-03 13:44:19.900,5351.2000,53445,0,8788329920.000,0,-,-,-,-,5351.0000,5350.6000,5350.2000,5350.0000,5349.8000,5352.0000,5353.6000,5353.8000,5354.0000,5354.4000,1,3,1,1,4,2,1,1,1,2
SF,IC2003,2020-01-03 13:44:20.900,5351.2000,53445,0,8788329920.000,0,-,-,-,-,5350.6000,5350.2000,5350.0000,5349.8000,5348.0000,5352.0000,5353.6000,5353.8000,5354.0000,5354.4000,3,1,1,4,7,2,1,1,1,2
SF,IC2003,2020-01-03 13:44:21.400,5351.2000,53445,0,8788329920.000,0,-,-,-,-,5351.0000,5350.8000,5350.6000,5350.2000,5350.0000,5352.0000,5353.6000,5353.8000,5354.0000,5354.4000,1,4,3,1,1,2,1,1,1,2
SF,IC2003,2020-01-03 13:44:21.900,5351.2000,53445,0,8788329920.000,0,-,-,-,-,5351.8000,5351.4000,5351.2000,5351.0000,5350.8000,5352.0000,5353.6000,5353.8000,5354.0000,5354.4000,2,1,1,1,1,2,1,1,1,2
SF,IC2003,2020-01-03 13:44:22.400,5352.0000,53447,2,8790470720.000,2,2,0,双开,B,5351.4000,5351.2000,5351.0000,5350.6000,5350.2000,5353.6000,5353.8000,5354.0000,5354.4000,5355.0000,1,1,1,3,1,1,1,1,2,11
SF,IC2003,2020-01-03 13:44:22.900,5352.0000,53447,0,8790470720.000,0,-,-,-,-,5352.0000,5351.8000,5351.6000,5351.4000,5350.6000,5353.2000,5353.4000,5353.6000,5353.8000,5354.0000,1,2,2,1,3,2,2,1,1,1
SF,IC2003,2020-01-03 13:44:23.400,5352.0000,53447,0,8790470720.000,0,-,-,-,-,5352.0000,5351.6000,5351.4000,5350.6000,5350.2000,5353.0000,5353.2000,5353.6000,5353.8000,5354.0000,1,2,1,3,1,2,2,1,1,1
SF,IC2003,2020-01-03 13:44:24.900,5352.0000,53447,0,8790470720.000,0,-,-,-,-,5352.0000,5351.6000,5350.6000,5350.2000,5350.0000,5353.0000,5353.2000,5353.6000,5353.8000,5354.0000,1,2,3,1,1,2,2,1,1,1
SF,IC2003,2020-01-03 13:44:25.400,5352.0000,53447,0,8790470720.000,0,-,-,-,-,5352.0000,5350.6000,5350.2000,5350.0000,5349.8000,5353.2000,5353.6000,5353.8000,5354.0000,5354.4000,1,2,1,1,4,2,1,1,1,2
SF,IC2003,2020-01-03 13:44:25.900,5352.0000,53447,0,8790470720.000,0,-,-,-,-,5352.2000,5352.0000,5350.6000,5350.2000,5350.0000,5353.2000,5353.6000,5353.8000,5354.0000,5354.4000,2,1,2,1,1,2,1,1,1,2
SF,IC2003,2020-01-03 13:44:27.400,5352.2000,53448,1,8791541160.000,1,1,0,双开,B,5352.2000,5352.0000,5350.6000,5350.2000,5350.0000,5353.0000,5353.2000,5353.6000,5353.8000,5354.0000,1,1,2,1,1,1,2,1,1,1
SF,IC2003,2020-01-03 13:44:27.900,5352.2000,53448,0,8791541160.000,0,-,-,-,-,5350.6000,5350.2000,5350.0000,5349.8000,5348.0000,5352.6000,5352.8000,5353.2000,5353.6000,5353.8000,2,1,1,4,7,1,2,2,1,1
SF,IC2003,2020-01-03 13:44:28.400,5352.2000,53448,0,8791541160.000,0,-,-,-,-,5351.4000,5351.2000,5350.8000,5350.6000,5350.2000,5352.6000,5352.8000,5353.2000,5353.6000,5353.8000,1,2,2,2,1,2,2,2,1,1
SF,IC2003,2020-01-03 13:44:28.900,5352.2000,53448,0,8791541160.000,0,-,-,-,-,5351.4000,5351.2000,5350.6000,5350.2000,5350.0000,5352.4000,5352.6000,5352.8000,5353.2000,5353.6000,1,2,2,1,1,1,1,2,2,1
SF,IC2003,2020-01-03 13:44:29.400,5352.2000,53448,0,8791541160.000,0,-,-,-,-,5351.6000,5351.4000,5351.2000,5350.6000,5350.2000,5352.4000,5352.6000,5352.8000,5353.2000,5353.6000,3,1,2,2,1,1,1,2,2,1
SF,IC2003,2020-01-03 13:44:29.900,5352.2000,53448,0,8791541160.000,0,-,-,-,-,5351.6000,5351.4000,5351.2000,5350.6000,5350.2000,5352.4000,5352.6000,5352.8000,5353.2000,5353.6000,2,1,2,2,1,1,1,2,2,1
SF,IC2003,2020-01-03 13:44:31.900,5352.2000,53448,0,8791541160.000,0,-,-,-,-,5351.6000,5351.2000,5350.6000,5350.2000,5350.0000,5352.2000,5352.8000,5353.2000,5353.6000,5353.8000,2,1,2,1,1,1,2,2,1,1
SF,IC2003,2020-01-03 13:44:32.400,5351.6000,53448,0,8793681800.000,2,1,1,空换,B,5350.6000,5350.2000,5350.0000,5349.8000,5348.0000,5351.2000,5351.6000,5351.8000,5352.0000,5353.2000,2,1,1,4,7,4,4,1,2,2
SF,IC2003,2020-01-03 13:44:32.900,5351.6000,53448,0,8793681800.000,0,-,-,-,-,5350.6000,5350.2000,5350.0000,5349.8000,5348.0000,5351.0000,5351.6000,5352.0000,5353.2000,5353.6000,2,1,1,4,7,1,4,2,2,1
SF,IC2003,2020-01-03 13:44:33.400,5350.6000,53448,0,8795822040.000,2,1,1,空换,B,5350.2000,5350.0000,5349.8000,5348.0000,5347.0000,5351.6000,5352.0000,5353.2000,5353.6000,5353.8000,1,1,4,7,2,4,2,2,1,1
SF,IC2003,2020-01-03 13:44:33.900,5350.6000,53448,0,8795822040.000,0,-,-,-,-,5350.2000,5350.0000,5349.8000,5348.0000,5347.0000,5351.4000,5351.6000,5353.2000,5353.6000,5353.8000,1,1,4,7,2,3,4,2,1,1
SF,IC2003,2020-01-03 13:44:34.400,5350.6000,53448,0,8795822040.000,0,-,-,-,-,5350.2000,5350.0000,5349.8000,5348.0000,5347.0000,5350.4000,5350.6000,5351.4000,5351.6000,5351.8000,1,1,4,7,2,2,1,2,4,1
SF,IC2003,2020-01-03 13:44:34.900,5350.6000,53448,0,8795822040.000,0,-,-,-,-,5350.2000,5350.0000,5349.8000,5348.0000,5347.0000,5350.6000,5351.4000,5351.6000,5353.2000,5353.6000,1,1,4,7,2,1,2,4,2,1
SF,IC2003,2020-01-03 13:44:35.900,5350.6000,53448,0,8795822040.000,0,-,-,-,-,5350.2000,5350.0000,5349.8000,5348.0000,5347.0000,5351.4000,5351.6000,5353.2000,5353.6000,5353.8000,1,1,4,7,2,2,4,2,1,1
SF,IC2003,2020-01-03 13:44:36.400,5350.6000,53448,0,8795822040.000,0,-,-,-,-,5350.4000,5350.2000,5350.0000,5349.8000,5348.0000,5351.4000,5351.6000,5353.2000,5353.6000,5353.8000,1,1,1,4,7,2,4,2,1,1
SF,IC2003,2020-01-03 13:44:36.900,5350.6000,53448,0,8795822040.000,0,-,-,-,-,5350.4000,5350.2000,5350.0000,5349.8000,5348.0000,5351.2000,5351.4000,5351.6000,5353.2000,5353.6000,1,1,1,4,7,1,2,4,2,1
SF,IC2003,2020-01-03 13:44:37.400,5350.6000,53448,0,8795822040.000,0,-,-,-,-,5350.4000,5350.2000,5350.0000,5349.8000,5348.0000,5351.0000,5351.2000,5351.4000,5351.6000,5353.2000,1,1,1,4,7,1,2,2,2,2
SF,IC2003,2020-01-03 13:44:38.400,5350.6000,53448,0,8795822040.000,0,-,-,-,-,5350.4000,5350.2000,5350.0000,5349.8000,5348.0000,5351.0000,5351.2000,5351.4000,5351.6000,5353.0000,1,1,1,4,7,1,2,2,2,1
SF,IC2003,2020-01-03 13:44:38.900,5350.6000,53448,0,8795822040.000,0,-,-,-,-,5350.4000,5350.2000,5350.0000,5349.8000,5348.0000,5351.0000,5351.2000,5351.4000,5351.6000,5353.0000,1,1,1,4,7,1,2,2,2,2
SF,IC2003,2020-01-03 13:44:39.400,5351.0000,53448,0,8796892240.000,1,0,1,空换,B,5350.4000,5350.2000,5350.0000,5349.8000,5348.0000,5351.2000,5351.4000,5351.6000,5353.0000,5353.2000,1,1,1,4,7,2,2,2,2,2
SF,IC2003,2020-01-03 13:44:39.900,5351.0000,53448,0,8796892240.000,0,-,-,-,-,5350.4000,5350.2000,5350.0000,5349.8000,5348.0000,5351.2000,5351.4000,5351.6000,5353.0000,5353.2000,3,1,1,4,7,3,2,2,2,2
SF,IC2003,2020-01-03 13:44:40.400,5351.0000,53448,0,8796892240.000,0,-,-,-,-,5350.4000,5350.2000,5350.0000,5349.8000,5348.0000,5351.2000,5351.4000,5351.6000,5353.0000,5353.2000,3,3,1,4,7,3,2,2,2,2
SF,IC2003,2020-01-03 13:44:40.900,5351.0000,53448,0,8796892240.000,0,-,-,-,-,5350.4000,5350.2000,5350.0000,5349.8000,5348.0000,5351.2000,5351.4000,5353.0000,5353.2000,5353.6000,3,3,1,4,7,2,2,2,2,1
SF,IC2003,2020-01-03 13:44:41.900,5351.0000,53448,0,8796892240.000,0,-,-,-,-,5350.6000,5350.4000,5350.2000,5350.0000,5349.8000,5351.2000,5351.4000,5353.0000,5353.2000,5353.6000,1,3,3,1,4,1,2,2,2,1
SF,IC2003,2020-01-03 13:44:42.400,5351.0000,53448,0,8796892240.000,0,-,-,-,-,5350.6000,5350.4000,5350.2000,5350.0000,5349.8000,5351.2000,5351.4000,5353.0000,5353.2000,5353.6000,1,3,3,1,4,1,2,2,2,1
SF,IC2003,2020-01-03 13:44:42.900,5351.0000,53448,0,8796892240.000,0,-,-,-,-,5350.6000,5350.4000,5350.2000,5350.0000,5349.8000,5351.2000,5351.4000,5353.0000,5353.2000,5353.6000,1,3,3,1,4,1,2,2,2,1
SF,IC2003,2020-01-03 13:44:43.400,5351.0000,53448,0,8796892240.000,0,-,-,-,-,5350.4000,5350.2000,5350.0000,5349.8000,5348.0000,5351.2000,5351.4000,5353.0000,5353.2000,5353.6000,3,3,1,4,7,1,2,2,2,1
SF,IC2003,2020-01-03 13:44:44.400,5351.0000,53448,0,8796892240.000,0,-,-,-,-,5350.6000,5350.4000,5350.2000,5350.0000,5349.8000,5351.2000,5351.4000,5353.0000,5353.2000,5353.6000,1,3,3,1,4,1,2,2,2,1
SF,IC2003,2020-01-03 13:44:45.400,5351.0000,53448,0,8796892240.000,0,-,-,-,-,5350.4000,5350.2000,5350.0000,5349.8000,5348.0000,5351.2000,5351.4000,5353.0000,5353.2000,5353.6000,3,3,1,4,7,1,2,2,2,1
SF,IC2003,2020-01-03 13:44:45.900,5351.0000,53448,0,8796892240.000,0,-,-,-,-,5350.4000,5350.2000,5350.0000,5349.8000,5348.0000,5351.2000,5351.4000,5353.0000,5353.2000,5353.6000,3,3,1,4,7,1,2,2,2,1
SF,IC2003,2020-01-03 13:44:47.400,5351.0000,53448,0,8796892240.000,0,-,-,-,-,5350.4000,5350.2000,5350.0000,5349.8000,5348.0000,5351.2000,5351.4000,5353.0000,5353.2000,5353.6000,3,3,1,4,7,1,2,2,2,1
SF,IC2003,2020-01-03 13:44:47.900,5351.0000,53448,0,8796892240.000,0,-,-,-,-,5350.4000,5350.2000,5350.0000,5349.8000,5348.0000,5351.2000,5351.4000,5353.0000,5353.2000,5353.6000,2,3,1,4,7,1,2,2,2,1
SF,IC2003,2020-01-03 13:44:48.400,5351.0000,53448,0,8796892240.000,0,-,-,-,-,5350.8000,5350.4000,5350.2000,5350.0000,5349.8000,5351.2000,5351.4000,5353.0000,5353.2000,5353.6000,1,2,3,1,4,1,2,2,2,1
SF,IC2003,2020-01-03 13:44:48.900,5351.2000,53448,0,8797962480.000,1,0,1,空换,B,5350.8000,5350.4000,5350.2000,5350.0000,5349.8000,5353.0000,5353.2000,5353.6000,5353.8000,5354.0000,1,2,3,1,4,2,2,1,1,1
SF,IC2003,2020-01-03 13:44:49.400,5351.2000,53448,0,8797962480.000,0,-,-,-,-,5351.4000,5351.2000,5351.0000,5350.4000,5350.2000,5352.8000,5353.0000,5353.2000,5353.6000,5353.8000,1,3,4,2,3,2,2,1,1,1
SF,IC2003,2020-01-03 13:44:49.900,5351.2000,53448,0,8797962480.000,0,-,-,-,-,5351.4000,5351.2000,5351.0000,5350.4000,5350.2000,5352.6000,5352.8000,5353.0000,5353.2000,5353.6000,1,1,4,2,3,1,2,2,1,1
SF,IC2003,2020-01-03 13:44:50.400,5351.2000,53448,0,8797962480.000,0,-,-,-,-,5351.6000,5351.4000,5351.2000,5351.0000,5350.4000,5352.4000,5352.6000,5353.0000,5353.2000,5353.6000,1,1,1,4,2,2,2,2,1,1
SF,IC2003,2020-01-03 13:44:50.900,5351.2000,53448,0,8797962480.000,0,-,-,-,-,5351.6000,5351.4000,5351.2000,5351.0000,5350.4000,5352.4000,5352.6000,5353.0000,5353.2000,5353.6000,1,1,1,4,2,2,2,2,1,1
SF,IC2003,2020-01-03 13:44:51.400,5352.4000,53449,1,8799032960.000,1,1,0,双开,B,5351.6000,5351.4000,5351.2000,5351.0000,5350.4000,5352.4000,5352.6000,5353.0000,5353.2000,5353.6000,1,1,1,4,2,1,2,2,1,1
SF,IC2003,2020-01-03 13:44:53.400,5352.4000,53449,0,8800103440.000,1,0,1,空换,B,5351.8000,5351.6000,5351.4000,5351.2000,5351.0000,5352.6000,5353.0000,5353.2000,5353.6000,5353.8000,1,1,1,1,4,1,2,1,1,1
SF,IC2003,2020-01-03 13:44:53.900,5352.4000,53449,0,8800103440.000,0,-,-,-,-,5351.8000,5351.6000,5351.4000,5351.2000,5351.0000,5352.6000,5353.0000,5353.2000,5353.6000,5353.8000,1,1,1,1,4,2,2,1,1,1
SF,IC2003,2020-01-03 13:44:54.400,5351.8000,53449,0,8801173800.000,1,0,1,空换,B,5351.6000,5351.4000,5351.2000,5351.0000,5350.4000,5352.4000,5352.6000,5353.0000,5353.2000,5353.6000,1,1,1,4,2,1,1,2,1,1
SF,IC2003,2020-01-03 13:44:54.900,5351.8000,53449,0,8801173800.000,0,-,-,-,-,5351.4000,5351.2000,5351.0000,5350.4000,5350.2000,5352.4000,5352.6000,5353.0000,5353.2000,5353.6000,1,1,4,2,3,1,1,2,1,1
SF,IC2003,2020-01-03 13:44:57.400,5351.8000,53449,0,8801173800.000,0,-,-,-,-,5351.4000,5351.0000,5350.4000,5350.2000,5350.0000,5352.6000,5353.0000,5353.2000,5353.6000,5353.8000,1,4,2,3,1,1,2,1,1,1
SF,IC2003,2020-01-03 13:44:57.900,5351.8000,53449,0,8801173800.000,0,-,-,-,-,5351.4000,5351.0000,5350.4000,5350.2000,5350.0000,5352.2000,5352.4000,5353.0000,5353.2000,5353.6000,1,4,2,3,1,1,2,2,1,1
SF,IC2003,2020-01-03 13:44:58.400,5352.2000,53448,-1,8802244240.000,1,0,1,双平,B,5351.8000,5351.4000,5351.0000,5350.4000,5350.2000,5352.4000,5353.0000,5353.2000,5353.6000,5353.8000,1,1,4,2,3,2,2,1,1,1
SF,IC2003,2020-01-03 13:44:58.900,5352.2000,53448,0,8802244240.000,0,-,-,-,-,5352.0000,5351.8000,5351.4000,5351.0000,5350.4000,5352.4000,5353.0000,5353.2000,5353.6000,5353.8000,1,1,1,4,2,2,2,1,1,1
SF,IC2003,2020-01-03 13:44:59.400,5352.2000,53448,0,8802244240.000,0,-,-,-,-,5352.0000,5351.8000,5351.4000,5351.0000,5350.4000,5352.4000,5353.0000,5353.2000,5353.6000,5353.8000,1,1,1,4,2,2,2,1,1,1
SF,IC2003,2020-01-03 13:44:59.900,5352.2000,53448,0,8802244240.000,0,-,-,-,-,5352.0000,5351.8000,5351.4000,5351.0000,5350.4000,5352.4000,5353.0000,5353.2000,5353.6000,5353.8000,1,1,1,4,2,2,2,1,1,1
SF,IC2003,2020-01-03 13:45:00.400,5352.0000,53448,0,8803314640.000,1,0,1,空换,B,5351.8000,5351.4000,5351.0000,5350.4000,5350.2000,5352.4000,5353.0000,5353.2000,5353.6000,5353.8000,1,1,4,2,3,2,2,1,1,1
SF,IC2003,2020-01-03 13:45:01.400,5352.0000,53448,0,8803314640.000,0,-,-,-,-,5352.0000,5351.8000,5351.4000,5351.0000,5350.4000,5352.4000,5353.0000,5353.2000,5353.6000,5353.8000,1,1,1,2,2,2,2,1,1,1
SF,IC2003,2020-01-03 13:45:01.900,5352.4000,53449,1,8806526200.000,3,2,1,多开,B,5351.8000,5351.4000,5351.0000,5350.4000,5350.2000,5353.0000,5353.2000,5353.6000,5353.8000,5354.0000,1,1,2,2,3,1,1,1,1,1
SF,IC2003,2020-01-03 13:45:02.400,5352.4000,53449,0,8806526200.000,0,-,-,-,-,5352.2000,5352.0000,5351.8000,5350.4000,5350.2000,5353.0000,5353.2000,5353.6000,5353.8000,5354.0000,1,2,1,2,3,1,1,1,1,1
SF,IC2003,2020-01-03 13:45:02.900,5352.4000,53449,0,8806526200.000,0,-,-,-,-,5352.2000,5352.0000,5351.8000,5350.4000,5350.2000,5353.0000,5353.2000,5353.6000,5353.8000,5354.0000,1,2,1,4,3,1,1,1,1,1
SF,IC2003,2020-01-03 13:45:03.400,5352.4000,53449,0,8806526200.000,0,-,-,-,-,5352.6000,5352.2000,5352.0000,5350.4000,5350.2000,5353.0000,5353.2000,5353.6000,5353.8000,5354.0000,1,1,2,4,3,1,1,1,1,1
SF,IC2003,2020-01-03 13:45:03.900,5352.4000,53449,0,8806526200.000,0,-,-,-,-,5352.8000,5352.6000,5352.2000,5352.0000,5350.4000,5353.0000,5353.6000,5353.8000,5354.0000,5354.4000,1,1,1,2,4,1,1,1,1,2
SF,IC2003,2020-01-03 13:45:04.400,5352.8000,53448,-1,8807596760.000,1,0,1,双平,B,5352.6000,5352.2000,5352.0000,5350.4000,5350.2000,5353.0000,5353.6000,5353.8000,5354.0000,5354.4000,1,1,2,4,3,1,1,1,1,2
SF,IC2003,2020-01-03 13:45:06.900,5353.0000,53447,-1,8808667360.000,1,0,1,双平,B,5353.2000,5352.8000,5352.6000,5352.0000,5350.4000,5353.6000,5353.8000,5354.0000,5354.4000,5355.0000,1,1,1,2,4,1,1,1,2,10
SF,IC2003,2020-01-03 13:45:07.400,5353.6000,53446,-1,8809738080.000,1,0,1,双平,B,5352.8000,5352.6000,5352.0000,5350.4000,5350.2000,5353.8000,5354.0000,5354.4000,5355.0000,5355.2000,1,1,2,4,3,1,1,2,10,2
SF,IC2003,2020-01-03 13:45:07.900,5353.6000,53446,0,8809738080.000,0,-,-,-,-,5353.2000,5353.0000,5352.8000,5352.6000,5350.4000,5353.8000,5354.0000,5354.4000,5355.0000,5355.2000,1,2,1,1,4,1,1,2,10,2
SF,IC2003,2020-01-03 13:45:08.400,5353.8000,53446,0,8810808840.000,1,0,1,空换,B,5353.4000,5353.2000,5352.8000,5352.6000,5350.4000,5354.0000,5354.4000,5355.0000,5355.2000,5355.8000,2,1,1,1,4,1,2,10,2,1
SF,IC2003,2020-01-03 13:45:09.900,5353.8000,53446,0,8810808840.000,0,-,-,-,-,5353.6000,5353.4000,5353.2000,5352.8000,5352.6000,5354.0000,5354.4000,5355.0000,5355.2000,5355.8000,1,2,1,1,1,1,2,10,2,1
SF,IC2003,2020-01-03 13:45:10.400,5353.6000,53447,1,8811879560.000,1,1,0,双开,B,5353.4000,5353.2000,5352.6000,5350.4000,5350.2000,5354.0000,5354.4000,5355.0000,5355.2000,5355.8000,2,1,1,4,3,1,2,10,2,1
SF,IC2003,2020-01-03 13:45:10.900,5353.6000,53447,0,8811879560.000,0,-,-,-,-,5353.4000,5353.2000,5352.6000,5350.4000,5350.2000,5354.0000,5354.4000,5355.0000,5355.2000,5355.8000,2,1,1,4,3,1,2,10,2,1
SF,IC2003,2020-01-03 13:45:11.400,5353.4000,53449,2,8814020920.000,2,2,0,双开,B,5353.2000,5352.6000,5350.4000,5350.2000,5350.0000,5354.0000,5354.4000,5355.0000,5355.2000,5355.8000,1,1,4,3,1,1,2,10,2,1
SF,IC2003,2020-01-03 13:45:11.900,5353.4000,53449,0,8814020920.000,0,-,-,-,-,5353.2000,5352.6000,5350.4000,5350.2000,5350.0000,5353.8000,5354.0000,5354.4000,5355.0000,5355.2000,1,1,4,3,1,2,2,2,10,2
SF,IC2003,2020-01-03 13:45:12.400,5353.6000,53447,-2,8817232920.000,3,0,3,空平,B,5352.6000,5350.4000,5350.2000,5350.0000,5349.8000,5353.6000,5353.8000,5354.0000,5354.4000,5355.0000,1,4,3,1,2,1,2,2,2,10
SF,IC2003,2020-01-03 13:45:12.900,5353.6000,53447,0,8817232920.000,0,-,-,-,-,5352.6000,5350.4000,5350.2000,5350.0000,5349.8000,5353.4000,5353.6000,5354.0000,5354.4000,5355.0000,1,4,3,1,2,1,2,1,2,10
SF,IC2003,2020-01-03 13:45:13.400,5353.6000,53447,0,8817232920.000,0,-,-,-,-,5352.6000,5350.4000,5350.2000,5350.0000,5349.8000,5353.4000,5353.6000,5354.0000,5354.4000,5355.0000,1,4,3,1,2,2,1,1,2,10
SF,IC2003,2020-01-03 13:45:13.900,5353.6000,53447,0,8817232920.000,0,-,-,-,-,5352.6000,5350.4000,5350.2000,5350.0000,5349.8000,5353.4000,5353.6000,5354.0000,5354.4000,5355.0000,1,4,3,1,2,2,1,1,2,10
SF,IC2003,2020-01-03 13:45:14.400,5353.6000,53447,0,8817232920.000,0,-,-,-,-,5352.6000,5350.4000,5350.2000,5350.0000,5349.8000,5353.2000,5353.4000,5353.6000,5354.0000,5354.4000,1,4,3,1,2,1,1,1,1,2
SF,IC2003,2020-01-03 13:45:15.400,5352.6000,53447,0,8818303440.000,1,0,1,空换,B,5350.4000,5350.2000,5350.0000,5349.8000,5348.0000,5353.2000,5353.4000,5353.6000,5354.0000,5354.4000,4,3,1,2,7,1,1,1,1,2
SF,IC2003,2020-01-03 13:45:15.900,5352.6000,53447,0,8818303440.000,0,-,-,-,-,5351.4000,5350.8000,5350.6000,5350.4000,5350.2000,5353.0000,5353.2000,5354.0000,5354.4000,5355.0000,3,3,2,4,3,3,2,1,2,10
SF,IC2003,2020-01-03 13:45:16.400,5352.6000,53447,0,8818303440.000,0,-,-,-,-,5351.8000,5351.6000,5351.4000,5350.8000,5350.4000,5353.0000,5354.0000,5354.4000,5355.0000,5355.2000,1,2,2,1,4,2,1,2,10,2
SF,IC2003,2020-01-03 13:45:16.900,5352.6000,53447,0,8818303440.000,0,-,-,-,-,5351.8000,5351.6000,5351.4000,5350.8000,5350.4000,5352.8000,5353.0000,5354.0000,5354.4000,5355.0000,1,2,2,1,4,1,2,1,2,10
SF,IC2003,2020-01-03 13:45:17.400,5352.6000,53447,0,8818303440.000,0,-,-,-,-,5351.8000,5351.6000,5351.4000,5350.8000,5350.4000,5352.8000,5353.0000,5354.0000,5354.4000,5355.0000,1,2,2,1,2,1,2,1,2,10
SF,IC2003,2020-01-03 13:45:17.900,5352.6000,53447,0,8818303440.000,0,-,-,-,-,5351.8000,5351.6000,5351.4000,5350.8000,5350.4000,5352.8000,5353.0000,5354.0000,5354.4000,5355.0000,1,2,2,1,2,2,2,1,2,10
SF,IC2003,2020-01-03 13:45:18.400,5352.6000,53447,0,8818303440.000,0,-,-,-,-,5351.6000,5351.4000,5350.8000,5350.4000,5350.2000,5352.6000,5352.8000,5354.0000,5354.4000,5355.0000,2,2,1,2,3,2,2,1,2,10
SF,IC2003,2020-01-03 13:45:18.900,5352.6000,53446,-1,8819373960.000,1,0,1,双平,B,5351.4000,5350.8000,5350.4000,5350.2000,5350.0000,5352.6000,5352.8000,5354.0000,5354.4000,5355.0000,2,1,2,3,1,2,1,1,2,10
SF,IC2003,2020-01-03 13:45:19.900,5352.6000,53447,1,8820444480.000,1,1,0,双开,B,5351.4000,5350.8000,5350.4000,5350.2000,5350.0000,5352.6000,5352.8000,5354.0000,5354.4000,5355.0000,1,1,2,3,1,1,1,1,2,10
SF,IC2003,2020-01-03 13:45:20.400,5352.6000,53447,0,8820444480.000,0,-,-,-,-,5351.8000,5351.6000,5351.4000,5350.8000,5350.4000,5352.4000,5352.8000,5354.0000,5354.4000,5355.0000,1,2,2,1,2,1,1,1,2,10
SF,IC2003,2020-01-03 13:45:20.900,5352.6000,53447,0,8820444480.000,0,-,-,-,-,5352.0000,5351.8000,5351.4000,5350.8000,5350.4000,5352.8000,5354.0000,5354.4000,5355.0000,5355.2000,2,1,2,1,2,1,1,2,10,2
SF,IC2003,2020-01-03 13:45:21.900,5352.6000,53447,0,8820444480.000,0,-,-,-,-,5352.2000,5352.0000,5351.4000,5350.8000,5350.4000,5352.8000,5354.0000,5354.4000,5355.0000,5355.2000,1,2,2,1,2,1,1,2,10,2
SF,IC2003,2020-01-03 13:45:22.400,5352.6000,53447,0,8820444480.000,0,-,-,-,-,5352.2000,5352.0000,5351.4000,5350.4000,5350.2000,5352.8000,5354.0000,5354.4000,5355.0000,5355.2000,1,2,2,2,3,1,1,2,10,2
SF,IC2003,2020-01-03 13:45:22.900,5352.6000,53447,0,8820444480.000,0,-,-,-,-,5352.2000,5352.0000,5351.4000,5350.4000,5350.2000,5352.8000,5354.0000,5354.4000,5355.0000,5355.2000,1,2,2,2,3,1,1,2,10,2
SF,IC2003,2020-01-03 13:45:23.400,5352.8000,53447,0,8821515040.000,1,0,1,空换,B,5352.8000,5352.6000,5352.4000,5350.4000,5350.2000,5354.0000,5354.4000,5355.0000,5355.2000,5355.8000,2,1,2,2,3,1,2,10,2,1
SF,IC2003,2020-01-03 13:45:23.900,5352.8000,53447,0,8821515040.000,0,-,-,-,-,5353.0000,5352.8000,5352.6000,5352.4000,5350.4000,5354.0000,5354.4000,5355.0000,5355.2000,5355.8000,1,2,1,2,2,1,2,10,2,1
SF,IC2003,2020-01-03 13:45:24.400,5352.8000,53447,0,8821515040.000,0,-,-,-,-,5353.2000,5353.0000,5352.8000,5352.6000,5350.4000,5354.0000,5354.4000,5355.0000,5355.2000,5355.8000,2,3,2,1,2,1,2,10,2,1
SF,IC2003,2020-01-03 13:45:24.900,5354.0000,53448,1,8822585840.000,1,1,0,双开,B,5353.4000,5353.2000,5352.8000,5352.6000,5350.4000,5354.4000,5355.0000,5355.2000,5355.8000,5356.0000,1,4,2,1,2,2,10,2,1,3
SF,IC2003,2020-01-03 13:45:25.400,5354.0000,53448,0,8822585840.000,0,-,-,-,-,5353.4000,5353.2000,5352.8000,5352.6000,5350.4000,5354.4000,5355.0000,5355.2000,5355.8000,5356.0000,3,2,2,1,2,2,10,2,1,3
SF,IC2003,2020-01-03 13:45:25.900,5354.0000,53448,0,8822585840.000,0,-,-,-,-,5353.4000,5353.2000,5352.8000,5352.6000,5350.4000,5354.2000,5354.4000,5355.0000,5355.2000,5355.8000,3,2,2,1,2,2,2,10,2,1
SF,IC2003,2020-01-03 13:45:26.400,5354.0000,53448,0,8822585840.000,0,-,-,-,-,5353.4000,5353.2000,5352.8000,5350.4000,5350.2000,5354.2000,5354.4000,5355.0000,5355.2000,5355.8000,3,2,2,3,3,2,2,10,2,1
SF,IC2003,2020-01-03 13:45:30.900,5354.0000,53448,0,8822585840.000,0,-,-,-,-,5353.4000,5353.2000,5350.4000,5350.2000,5350.0000,5354.2000,5354.4000,5355.0000,5355.2000,5355.8000,3,2,3,3,2,2,2,10,2,1
SF,IC2003,2020-01-03 13:45:31.400,5354.0000,53448,0,8822585840.000,0,-,-,-,-,5353.4000,5353.2000,5350.4000,5350.2000,5350.0000,5354.4000,5355.0000,5355.2000,5355.8000,5356.0000,3,2,3,3,2,2,10,2,1,3
SF,IC2003,2020-01-03 13:45:31.900,5354.2000,53449,1,8823656680.000,1,1,0,双开,B,5353.4000,5353.2000,5350.4000,5350.2000,5350.0000,5354.2000,5354.4000,5355.0000,5355.2000,5355.8000,3,2,3,1,2,1,2,10,2,1
SF,IC2003,2020-01-03 13:45:33.900,5354.2000,53449,0,8823656680.000,0,-,-,-,-,5353.4000,5353.2000,5350.4000,5350.2000,5350.0000,5354.0000,5354.2000,5354.4000,5355.0000,5355.2000,3,2,3,1,3,1,1,2,10,2
SF,IC2003,2020-01-03 13:45:34.400,5354.2000,53452,3,8827940040.000,4,3,1,多开,B,5353.4000,5350.4000,5350.2000,5350.0000,5349.8000,5353.8000,5354.4000,5355.0000,5355.2000,5355.8000,3,3,1,3,2,1,2,10,2,1
SF,IC2003,2020-01-03 13:45:35.900,5354.2000,53452,0,8827940040.000,0,-,-,-,-,5353.4000,5350.4000,5350.2000,5350.0000,5349.8000,5353.8000,5354.4000,5355.0000,5355.2000,5355.8000,3,3,1,4,2,1,2,10,2,1
SF,IC2003,2020-01-03 13:45:36.900,5353.8000,53453,1,8831152320.000,3,2,1,多开,B,5353.4000,5350.4000,5350.2000,5350.0000,5349.8000,5354.4000,5355.0000,5355.2000,5355.8000,5356.0000,3,3,1,4,2,2,10,2,1,3
SF,IC2003,2020-01-03 13:45:37.400,5353.8000,53453,0,8831152320.000,0,-,-,-,-,5353.6000,5353.4000,5350.4000,5350.2000,5350.0000,5354.4000,5355.0000,5355.2000,5355.8000,5356.0000,2,3,3,1,4,2,10,2,1,3
SF,IC2003,2020-01-03 13:45:37.900,5354.4000,53453,0,8832223200.000,1,0,1,空换,B,5353.6000,5353.4000,5350.4000,5350.2000,5350.0000,5354.4000,5355.0000,5355.2000,5355.8000,5356.0000,4,1,3,1,4,1,10,2,1,3
SF,IC2003,2020-01-03 13:45:38.400,5354.4000,53453,0,8833294080.000,1,0,1,空换,B,5353.8000,5353.6000,5353.4000,5350.4000,5350.2000,5355.0000,5355.2000,5355.8000,5356.0000,5356.2000,1,4,1,3,1,10,2,1,3,1
SF,IC2003,2020-01-03 13:45:38.900,5354.4000,53453,0,8833294080.000,0,-,-,-,-,5354.0000,5353.8000,5353.4000,5350.4000,5350.2000,5355.0000,5355.2000,5355.8000,5356.0000,5356.2000,2,3,1,3,1,10,2,1,3,1
SF,IC2003,2020-01-03 13:45:39.400,5354.4000,53453,0,8833294080.000,0,-,-,-,-,5354.0000,5353.8000,5353.4000,5350.4000,5350.2000,5355.0000,5355.2000,5355.8000,5356.0000,5356.2000,4,1,1,3,1,10,2,1,3,1
SF,IC2003,2020-01-03 13:45:40.400,5354.4000,53453,0,8833294080.000,0,-,-,-,-,5354.0000,5353.8000,5353.4000,5350.4000,5350.2000,5354.8000,5355.0000,5355.2000,5355.8000,5356.0000,4,1,1,3,1,1,10,2,1,3
SF,IC2003,2020-01-03 13:45:40.900,5354.4000,53453,0,8833294080.000,0,-,-,-,-,5354.0000,5353.8000,5350.4000,5350.2000,5350.0000,5354.8000,5355.0000,5355.2000,5355.8000,5356.0000,4,1,3,1,4,1,10,2,1,3
SF,IC2003,2020-01-03 13:45:41.900,5354.4000,53453,0,8833294080.000,0,-,-,-,-,5354.0000,5353.8000,5350.4000,5350.2000,5350.0000,5354.8000,5355.0000,5355.2000,5355.8000,5356.0000,4,1,3,1,4,1,10,2,1,3
SF,IC2003,2020-01-03 13:45:42.400,5354.4000,53453,0,8833294080.000,0,-,-,-,-,5354.0000,5353.8000,5350.4000,5350.2000,5350.0000,5354.6000,5354.8000,5355.0000,5355.2000,5355.8000,4,1,3,1,4,1,1,10,2,1
SF,IC2003,2020-01-03 13:45:44.900,5354.4000,53453,0,8833294080.000,0,-,-,-,-,5354.0000,5353.8000,5350.4000,5350.2000,5350.0000,5354.6000,5354.8000,5355.0000,5355.2000,5355.8000,4,1,3,1,4,1,1,11,2,1
SF,IC2003,2020-01-03 13:45:45.400,5354.4000,53453,0,8833294080.000,0,-,-,-,-,5354.4000,5354.0000,5353.8000,5350.4000,5350.2000,5354.6000,5355.0000,5355.2000,5355.8000,5356.0000,1,4,1,3,1,1,11,2,1,3
SF,IC2003,2020-01-03 13:45:45.900,5355.0000,53454,1,8837577800.000,4,2,2,多开,B,5354.4000,5354.0000,5353.8000,5350.4000,5350.2000,5355.0000,5355.2000,5355.8000,5356.0000,5356.2000,1,2,1,3,1,10,2,1,3,1
SF,IC2003,2020-01-03 13:45:46.400,5355.0000,53454,0,8838648800.000,1,0,1,空换,B,5354.4000,5354.0000,5353.8000,5350.4000,5350.2000,5355.0000,5355.2000,5355.8000,5356.0000,5356.2000,1,2,1,3,1,10,2,1,3,1
SF,IC2003,2020-01-03 13:45:46.900,5355.0000,53454,0,8838648800.000,0,-,-,-,-,5354.6000,5354.4000,5354.2000,5353.8000,5350.4000,5355.0000,5355.2000,5355.8000,5356.0000,5356.2000,2,1,2,1,3,10,2,1,3,1
SF,IC2003,2020-01-03 13:45:47.400,5354.6000,53456,2,8840790640.000,2,2,0,双开,B,5354.6000,5354.2000,5353.8000,5350.4000,5350.2000,5355.0000,5355.2000,5355.8000,5356.0000,5356.2000,1,2,1,3,1,10,2,1,3,1
SF,IC2003,2020-01-03 13:45:47.900,5354.6000,53456,0,8840790640.000,0,-,-,-,-,5354.6000,5354.2000,5353.8000,5350.4000,5350.2000,5355.0000,5355.2000,5355.8000,5356.0000,5356.2000,1,2,1,3,1,10,2,1,3,1
SF,IC2003,2020-01-03 13:45:48.400,5354.6000,53456,0,8840790640.000,0,-,-,-,-,5354.6000,5354.2000,5353.8000,5350.4000,5350.2000,5354.8000,5355.0000,5355.2000,5355.8000,5356.0000,1,2,1,3,1,1,10,2,1,3
SF,IC2003,2020-01-03 13:45:49.400,5354.6000,53456,0,8841861560.000,1,0,1,空换,B,5354.2000,5353.8000,5350.4000,5350.2000,5350.0000,5354.8000,5355.0000,5355.2000,5355.8000,5356.0000,2,1,3,1,4,1,10,2,1,3
SF,IC2003,2020-01-03 13:45:50.400,5354.6000,53456,0,8841861560.000,0,-,-,-,-,5354.6000,5354.4000,5354.2000,5353.8000,5350.4000,5354.8000,5355.0000,5355.2000,5355.8000,5356.0000,1,1,2,1,3,1,11,2,1,3
SF,IC2003,2020-01-03 13:45:50.900,5354.6000,53456,0,8841861560.000,0,-,-,-,-,5354.6000,5354.4000,5354.2000,5353.8000,5350.4000,5354.8000,5355.0000,5355.2000,5355.8000,5356.0000,1,1,2,1,3,1,11,2,1,3
SF,IC2003,2020-01-03 13:45:51.900,5354.6000,53456,0,8841861560.000,0,-,-,-,-,5354.6000,5354.4000,5354.2000,5353.8000,5350.4000,5354.8000,5355.0000,5355.2000,5355.8000,5356.0000,1,1,2,1,3,1,11,2,1,3
SF,IC2003,2020-01-03 13:45:52.400,5354.6000,53456,0,8841861560.000,0,-,-,-,-,5354.6000,5354.4000,5354.2000,5353.8000,5350.4000,5354.8000,5355.0000,5355.2000,5355.8000,5356.0000,1,1,2,1,3,1,11,2,1,4
SF,IC2003,2020-01-03 13:45:52.900,5354.8000,53456,0,8842932520.000,1,0,1,空换,B,5354.6000,5354.4000,5354.2000,5353.8000,5350.4000,5355.0000,5355.2000,5355.8000,5356.0000,5356.2000,1,1,2,1,3,11,2,1,4,1
SF,IC2003,2020-01-03 13:45:54.400,5354.8000,53456,0,8842932520.000,0,-,-,-,-,5354.6000,5354.4000,5354.2000,5353.8000,5350.4000,5355.0000,5355.2000,5355.8000,5356.0000,5356.2000,1,1,2,1,3,11,2,1,4,1
SF,IC2003,2020-01-03 13:45:54.900,5354.8000,53456,0,8842932520.000,0,-,-,-,-,5354.6000,5354.2000,5353.8000,5350.4000,5350.2000,5355.0000,5355.2000,5355.8000,5356.0000,5356.2000,1,2,1,3,1,11,2,1,4,1
SF,IC2003,2020-01-03 13:45:55.400,5354.6000,53455,-1,8844003440.000,1,0,1,双平,B,5354.2000,5353.8000,5350.4000,5350.2000,5350.0000,5355.0000,5355.2000,5355.8000,5356.0000,5356.2000,2,1,3,1,4,11,2,1,4,1
SF,IC2003,2020-01-03 13:45:56.400,5354.2000,53455,0,8846145120.000,2,1,1,空换,B,5350.4000,5350.2000,5350.0000,5349.8000,5349.2000,5355.0000,5355.2000,5355.8000,5356.0000,5356.2000,3,1,4,1,2,11,2,1,4,1
SF,IC2003,2020-01-03 13:45:56.900,5354.2000,53455,0,8846145120.000,0,-,-,-,-,5352.6000,5352.4000,5352.2000,5352.0000,5351.4000,5354.6000,5354.8000,5355.0000,5355.2000,5355.8000,1,1,1,2,4,3,7,11,2,1
SF,IC2003,2020-01-03 13:45:57.400,5354.2000,53455,0,8846145120.000,0,-,-,-,-,5352.8000,5352.6000,5352.4000,5352.2000,5352.0000,5354.4000,5354.6000,5354.8000,5355.0000,5355.2000,2,1,1,1,2,2,3,2,11,2
SF,IC2003,2020-01-03 13:45:57.900,5354.2000,53455,0,8846145120.000,0,-,-,-,-,5352.8000,5352.6000,5352.4000,5352.2000,5352.0000,5354.4000,5354.6000,5354.8000,5355.0000,5355.2000,2,1,1,1,2,2,4,1,11,2
SF,IC2003,2020-01-03 13:45:58.400,5354.2000,53455,0,8846145120.000,0,-,-,-,-,5352.6000,5352.4000,5352.2000,5352.0000,5351.4000,5354.0000,5354.4000,5354.6000,5354.8000,5355.0000,1,1,1,1,1,1,2,3,1,11
SF,IC2003,2020-01-03 13:45:58.900,5354.2000,53455,0,8846145120.000,0,-,-,-,-,5352.8000,5352.6000,5352.4000,5352.2000,5352.0000,5353.8000,5354.0000,5354.6000,5354.8000,5355.0000,2,1,1,1,1,2,1,3,1,11
SF,IC2003,2020-01-03 13:45:59.400,5354.2000,53455,0,8846145120.000,0,-,-,-,-,5352.8000,5352.6000,5352.4000,5352.2000,5352.0000,5353.8000,5354.0000,5354.6000,5354.8000,5355.0000,2,1,1,1,1,2,1,3,1,11
SF,IC2003,2020-01-03 13:45:59.900,5354.2000,53455,0,8846145120.000,0,-,-,-,-,5352.8000,5352.6000,5352.4000,5352.2000,5352.0000,5353.8000,5354.0000,5354.6000,5355.0000,5355.2000,2,1,1,1,1,2,1,3,11,2
SF,IC2003,2020-01-03 13:46:00.400,5354.2000,53455,0,8846145120.000,0,-,-,-,-,5353.2000,5352.8000,5352.6000,5352.2000,5352.0000,5354.0000,5354.6000,5355.0000,5355.2000,5355.8000,1,2,1,1,1,1,3,11,3,1
SF,IC2003,2020-01-03 13:46:00.900,5354.2000,53455,0,8846145120.000,0,-,-,-,-,5353.2000,5352.8000,5352.6000,5352.2000,5352.0000,5354.6000,5355.0000,5355.2000,5355.8000,5356.0000,1,2,1,1,1,3,11,3,1,4
SF,IC2003,2020-01-03 13:46:01.400,5354.2000,53455,0,8846145120.000,0,-,-,-,-,5353.2000,5352.8000,5352.6000,5352.2000,5352.0000,5354.4000,5354.6000,5355.0000,5355.2000,5355.8000,1,2,1,1,1,2,3,11,3,1
SF,IC2003,2020-01-03 13:46:01.900,5354.2000,53455,0,8846145120.000,0,-,-,-,-,5353.2000,5352.8000,5352.6000,5352.2000,5352.0000,5354.2000,5354.4000,5354.6000,5355.0000,5355.2000,1,2,1,1,1,2,2,3,11,3
SF,IC2003,2020-01-03 13:46:02.400,5354.2000,53455,0,8846145120.000,0,-,-,-,-,5352.8000,5352.2000,5352.0000,5351.4000,5350.8000,5353.4000,5354.0000,5354.2000,5354.6000,5355.0000,2,1,1,1,1,3,2,1,3,10
SF,IC2003,2020-01-03 13:46:02.900,5354.2000,53455,0,8846145120.000,0,-,-,-,-,5352.8000,5352.0000,5350.8000,5350.6000,5350.4000,5354.0000,5354.2000,5354.6000,5355.0000,5355.2000,2,1,1,1,4,2,1,4,10,3
SF,IC2003,2020-01-03 13:46:03.400,5354.2000,53455,0,8846145120.000,0,-,-,-,-,5352.0000,5350.8000,5350.6000,5350.4000,5350.2000,5354.0000,5354.2000,5354.6000,5355.0000,5355.2000,1,1,1,4,1,2,1,4,10,3
SF,IC2003,2020-01-03 13:46:03.900,5354.2000,53455,0,8846145120.000,0,-,-,-,-,5352.4000,5352.2000,5352.0000,5350.8000,5350.6000,5354.0000,5354.2000,5354.6000,5355.0000,5355.2000,1,2,1,1,1,2,1,4,10,3
SF,IC2003,2020-01-03 13:46:04.400,5354.2000,53455,0,8846145120.000,0,-,-,-,-,5352.8000,5352.6000,5352.4000,5352.0000,5350.8000,5354.0000,5354.2000,5354.6000,5355.0000,5355.2000,1,2,2,1,1,2,1,4,10,3
SF,IC2003,2020-01-03 13:46:04.900,5354.2000,53455,0,8846145120.000,0,-,-,-,-,5352.8000,5352.6000,5352.4000,5352.0000,5350.8000,5354.0000,5354.2000,5354.6000,5355.0000,5355.2000,1,2,2,1,1,2,1,4,10,3
SF,IC2003,2020-01-03 13:46:05.400,5354.2000,53455,0,8846145120.000,0,-,-,-,-,5353.2000,5353.0000,5352.4000,5352.0000,5350.8000,5354.2000,5354.6000,5355.0000,5355.2000,5355.8000,1,2,2,1,1,1,4,10,3,1
SF,IC2003,2020-01-03 13:46:05.900,5354.2000,53455,0,8846145120.000,0,-,-,-,-,5353.2000,5353.0000,5352.0000,5350.8000,5350.6000,5354.0000,5354.2000,5354.6000,5355.0000,5355.2000,1,2,1,1,2,2,1,4,10,3
SF,IC2003,2020-01-03 13:46:06.400,5354.2000,53455,0,8846145120.000,0,-,-,-,-,5353.2000,5353.0000,5352.0000,5350.8000,5350.6000,5354.0000,5354.2000,5354.6000,5355.0000,5355.2000,2,2,1,1,2,2,1,4,10,3
SF,IC2003,2020-01-03 13:46:07.900,5353.2000,53454,-1,8847215760.000,1,0,1,双平,B,5353.2000,5353.0000,5352.0000,5350.8000,5350.6000,5354.0000,5354.2000,5354.6000,5355.0000,5355.2000,1,2,1,1,2,2,1,4,10,3
SF,IC2003,2020-01-03 13:46:08.400,5353.0000,53451,-3,8851498200.000,4,0,4,空平,B,5350.8000,5350.6000,5350.4000,5350.2000,5350.0000,5353.2000,5353.4000,5353.6000,5354.0000,5354.6000,1,2,4,1,4,5,2,1,2,4
SF,IC2003,2020-01-03 13:46:08.900,5353.0000,53451,0,8851498200.000,0,-,-,-,-,5351.6000,5351.2000,5351.0000,5350.8000,5350.6000,5353.0000,5353.2000,5353.6000,5354.6000,5355.0000,1,2,3,1,2,3,2,1,4,10
SF,IC2003,2020-01-03 13:46:09.400,5353.0000,53451,0,8851498200.000,0,-,-,-,-,5351.0000,5350.8000,5350.6000,5350.4000,5350.2000,5352.8000,5353.0000,5353.2000,5354.6000,5355.0000,3,1,1,3,1,1,2,2,4,10
SF,IC2003,2020-01-03 13:46:09.900,5353.0000,53451,0,8851498200.000,0,-,-,-,-,5351.2000,5351.0000,5350.8000,5350.6000,5350.4000,5352.6000,5352.8000,5353.2000,5354.6000,5355.0000,2,2,1,1,3,2,1,2,4,10
SF,IC2003,2020-01-03 13:46:10.400,5353.0000,53451,0,8851498200.000,0,-,-,-,-,5351.4000,5351.2000,5350.8000,5350.6000,5350.4000,5352.6000,5352.8000,5353.2000,5354.6000,5355.0000,2,2,1,1,3,2,1,2,4,10
SF,IC2003,2020-01-03 13:46:11.900,5353.0000,53451,0,8851498200.000,0,-,-,-,-,5351.4000,5351.2000,5350.8000,5350.6000,5350.4000,5352.4000,5352.6000,5353.2000,5354.6000,5355.0000,2,2,1,1,3,1,2,2,4,10
SF,IC2003,2020-01-03 13:46:12.400,5353.0000,53451,0,8851498200.000,0,-,-,-,-,5351.2000,5350.6000,5350.4000,5350.2000,5350.0000,5352.2000,5352.4000,5353.2000,5354.6000,5355.0000,2,1,3,1,4,2,1,2,4,10
SF,IC2003,2020-01-03 13:46:12.900,5353.0000,53451,0,8851498200.000,0,-,-,-,-,5351.2000,5350.6000,5350.4000,5350.2000,5350.0000,5352.2000,5353.2000,5354.6000,5355.0000,5355.2000,2,1,3,1,4,2,2,4,10,3
SF,IC2003,2020-01-03 13:46:13.400,5353.0000,53451,0,8851498200.000,0,-,-,-,-,5351.2000,5350.6000,5350.4000,5350.2000,5350.0000,5352.2000,5354.6000,5355.0000,5355.2000,5355.8000,2,1,3,1,4,2,4,10,3,1
SF,IC2003,2020-01-03 13:46:13.900,5353.0000,53451,0,8851498200.000,0,-,-,-,-,5351.4000,5351.2000,5350.6000,5350.4000,5350.2000,5354.6000,5355.0000,5355.2000,5355.8000,5356.0000,1,2,1,3,1,4,10,3,1,4
SF,IC2003,2020-01-03 13:46:14.400,5353.0000,53451,0,8851498200.000,0,-,-,-,-,5351.6000,5351.4000,5351.2000,5350.6000,5350.4000,5353.4000,5353.6000,5353.8000,5354.0000,5354.4000,3,1,2,1,3,1,1,2,1,9
SF,IC2003,2020-01-03 13:46:14.900,5353.0000,53451,0,8851498200.000,0,-,-,-,-,5351.6000,5351.4000,5350.6000,5350.4000,5350.2000,5353.2000,5353.4000,5353.6000,5353.8000,5354.0000,2,1,1,3,1,2,1,1,2,1
SF,IC2003,2020-01-03 13:46:15.400,5353.0000,53451,0,8851498200.000,0,-,-,-,-,5351.8000,5351.6000,5351.4000,5350.6000,5350.4000,5353.2000,5353.4000,5353.6000,5353.8000,5354.0000,3,2,1,1,3,2,1,1,2,1
SF,IC2003,2020-01-03 13:46:15.900,5353.0000,53451,0,8851498200.000,0,-,-,-,-,5352.0000,5351.8000,5351.4000,5350.6000,5350.4000,5353.2000,5353.4000,5353.6000,5353.8000,5354.0000,2,3,1,1,3,2,1,1,2,1
SF,IC2003,2020-01-03 13:46:16.400,5353.0000,53451,0,8851498200.000,0,-,-,-,-,5352.0000,5351.8000,5351.4000,5350.6000,5350.4000,5353.2000,5353.4000,5353.6000,5353.8000,5354.0000,2,3,4,1,3,2,1,1,2,1
SF,IC2003,2020-01-03 13:46:16.900,5353.0000,53451,0,8851498200.000,0,-,-,-,-,5351.8000,5351.4000,5350.6000,5350.4000,5350.2000,5353.2000,5353.4000,5353.8000,5354.0000,5354.2000,2,4,1,3,1,2,1,2,1,1
SF,IC2003,2020-01-03 13:46:17.400,5353.0000,53451,0,8851498200.000,0,-,-,-,-,5351.8000,5351.4000,5350.6000,5350.4000,5350.2000,5353.0000,5353.2000,5353.4000,5353.8000,5354.0000,2,4,1,3,1,1,2,1,2,1
SF,IC2003,2020-01-03 13:46:17.900,5353.0000,53451,0,8851498200.000,0,-,-,-,-,5351.8000,5351.4000,5350.6000,5350.4000,5350.2000,5352.8000,5353.0000,5353.4000,5353.8000,5354.2000,2,4,1,3,1,2,1,1,2,1
SF,IC2003,2020-01-03 13:46:18.400,5353.0000,53451,0,8851498200.000,0,-,-,-,-,5351.8000,5351.4000,5350.6000,5350.4000,5350.2000,5352.6000,5352.8000,5353.0000,5353.4000,5353.8000,2,4,1,3,1,1,2,1,1,2
SF,IC2003,2020-01-03 13:46:18.900,5353.0000,53451,0,8851498200.000,0,-,-,-,-,5351.8000,5351.4000,5350.6000,5350.4000,5350.2000,5352.6000,5352.8000,5353.0000,5353.4000,5353.8000,2,4,1,3,1,2,2,1,1,2
SF,IC2003,2020-01-03 13:46:19.400,5353.0000,53451,0,8851498200.000,0,-,-,-,-,5351.8000,5351.4000,5350.6000,5350.4000,5350.2000,5352.6000,5352.8000,5353.0000,5353.4000,5353.8000,2,4,1,3,1,2,2,2,1,2
SF,IC2003,2020-01-03 13:46:20.400,5353.0000,53451,0,8851498200.000,0,-,-,-,-,5351.8000,5351.4000,5350.6000,5350.4000,5350.2000,5352.6000,5352.8000,5353.0000,5353.4000,5353.8000,2,4,1,3,1,2,2,1,1,2
SF,IC2003,2020-01-03 13:46:21.400,5353.0000,53451,0,8851498200.000,0,-,-,-,-,5351.8000,5351.4000,5350.6000,5350.4000,5350.2000,5352.6000,5352.8000,5353.0000,5353.4000,5353.8000,2,4,1,3,1,1,2,1,1,2
SF,IC2003,2020-01-03 13:46:22.900,5353.0000,53451,0,8851498200.000,0,-,-,-,-,5352.0000,5351.8000,5351.4000,5350.6000,5350.4000,5352.6000,5352.8000,5353.0000,5353.4000,5353.8000,1,2,3,1,3,1,2,1,1,2
SF,IC2003,2020-01-03 13:46:23.400,5353.0000,53451,0,8851498200.000,0,-,-,-,-,5351.8000,5351.4000,5350.6000,5350.4000,5350.2000,5352.6000,5352.8000,5353.0000,5353.4000,5353.8000,2,3,1,3,1,1,2,1,1,2
SF,IC2003,2020-01-03 13:46:24.400,5351.8000,53451,0,8853638920.000,2,1,1,空换,B,5351.4000,5350.6000,5350.4000,5350.2000,5350.0000,5351.6000,5351.8000,5352.6000,5352.8000,5353.0000,3,1,3,1,4,1,4,1,2,1
SF,IC2003,2020-01-03 13:46:24.900,5351.4000,53450,-1,8858990320.000,5,2,3,空平,B,5350.6000,5350.4000,5350.2000,5350.0000,5348.0000,5351.4000,5351.6000,5352.8000,5353.0000,5353.8000,1,3,1,4,6,3,1,2,1,2
SF,IC2003,2020-01-03 13:46:25.400,5351.4000,53450,0,8858990320.000,0,-,-,-,-,5350.6000,5350.4000,5350.2000,5350.0000,5348.0000,5351.2000,5351.4000,5351.6000,5352.8000,5353.0000,1,3,1,4,6,1,1,1,2,1
SF,IC2003,2020-01-03 13:46:25.900,5351.2000,53451,1,8860060560.000,1,1,0,双开,B,5350.6000,5350.4000,5350.2000,5350.0000,5348.0000,5351.4000,5351.6000,5352.8000,5353.0000,5353.8000,1,3,1,4,6,1,1,2,1,2
SF,IC2003,2020-01-03 13:46:26.400,5351.2000,53451,0,8860060560.000,0,-,-,-,-,5350.6000,5350.4000,5350.2000,5350.0000,5348.0000,5352.8000,5353.0000,5353.8000,5354.2000,5354.4000,1,3,1,4,6,2,1,2,1,5
SF,IC2003,2020-01-03 13:46:26.900,5351.2000,53451,0,8860060560.000,0,-,-,-,-,5350.8000,5350.6000,5350.4000,5350.2000,5350.0000,5352.2000,5352.4000,5352.6000,5352.8000,5353.0000,2,1,3,1,3,1,1,1,2,1
SF,IC2003,2020-01-03 13:46:27.400,5351.2000,53451,0,8860060560.000,0,-,-,-,-,5350.8000,5350.6000,5350.4000,5350.2000,5350.0000,5352.0000,5352.2000,5352.4000,5352.6000,5353.0000,2,1,3,1,3,2,1,1,1,1
SF,IC2003,2020-01-03 13:46:28.400,5351.2000,53451,0,8860060560.000,0,-,-,-,-,5351.0000,5350.8000,5350.6000,5350.4000,5350.2000,5352.0000,5352.2000,5352.6000,5353.0000,5353.8000,1,2,1,3,1,2,1,1,1,2
SF,IC2003,2020-01-03 13:46:28.900,5351.2000,53451,0,8860060560.000,0,-,-,-,-,5351.2000,5351.0000,5350.6000,5350.4000,5350.2000,5352.2000,5353.0000,5353.8000,5354.2000,5354.4000,2,1,1,3,1,1,2,2,1,5
SF,IC2003,2020-01-03 13:46:29.400,5351.4000,53451,0,8862201240.000,2,1,1,空换,B,5351.4000,5351.2000,5350.6000,5350.4000,5350.2000,5353.0000,5353.8000,5354.2000,5354.4000,5354.6000,3,2,1,3,1,2,2,1,5,3
SF,IC2003,2020-01-03 13:46:29.900,5351.4000,53451,0,8862201240.000,0,-,-,-,-,5351.6000,5351.4000,5350.6000,5350.4000,5350.2000,5352.6000,5352.8000,5353.0000,5353.8000,5354.2000,3,3,1,3,1,1,2,2,2,1
SF,IC2003,2020-01-03 13:46:30.400,5351.4000,53451,0,8862201240.000,0,-,-,-,-,5351.8000,5351.6000,5351.4000,5350.6000,5350.4000,5352.6000,5352.8000,5353.0000,5353.8000,5354.2000,1,1,3,1,3,1,2,2,2,1
SF,IC2003,2020-01-03 13:46:30.900,5351.4000,53451,0,8862201240.000,0,-,-,-,-,5351.8000,5351.4000,5350.6000,5350.4000,5350.2000,5352.8000,5353.0000,5353.8000,5354.2000,5354.4000,1,3,1,3,1,2,2,2,1,5
SF,IC2003,2020-01-03 13:46:33.400,5351.4000,53451,0,8862201240.000,0,-,-,-,-,5351.8000,5351.4000,5350.6000,5350.4000,5350.2000,5352.6000,5352.8000,5353.0000,5353.8000,5354.2000,1,3,1,3,1,1,2,2,2,1
SF,IC2003,2020-01-03 13:46:36.400,5351.4000,53451,0,8862201240.000,0,-,-,-,-,5351.8000,5351.4000,5350.6000,5350.4000,5350.2000,5352.6000,5352.8000,5353.0000,5353.8000,5354.2000,1,4,1,3,1,1,2,2,2,1
SF,IC2003,2020-01-03 13:46:37.900,5351.4000,53451,0,8862201240.000,0,-,-,-,-,5351.8000,5351.4000,5350.6000,5350.4000,5350.2000,5352.6000,5352.8000,5353.0000,5353.8000,5354.2000,1,4,1,3,1,1,2,2,2,1
SF,IC2003,2020-01-03 13:46:38.400,5351.4000,53451,0,8862201240.000,0,-,-,-,-,5351.8000,5351.4000,5350.6000,5350.4000,5350.2000,5352.6000,5352.8000,5353.0000,5353.8000,5354.2000,1,4,1,3,1,1,2,1,2,1
SF,IC2003,2020-01-03 13:46:39.400,5351.4000,53450,-1,8863271520.000,1,0,1,双平,B,5351.4000,5350.6000,5350.4000,5350.2000,5350.0000,5352.6000,5352.8000,5353.0000,5353.8000,5354.2000,4,1,3,1,3,1,2,1,2,1
SF,IC2003,2020-01-03 13:46:39.900,5351.4000,53450,0,8863271520.000,0,-,-,-,-,5351.4000,5350.6000,5350.4000,5350.2000,5350.0000,5352.4000,5352.6000,5353.0000,5353.8000,5354.2000,4,1,3,1,3,2,1,1,2,1
SF,IC2003,2020-01-03 13:46:40.400,5351.4000,53450,0,8863271520.000,0,-,-,-,-,5351.4000,5350.6000,5350.4000,5350.2000,5350.0000,5352.2000,5352.4000,5353.0000,5353.8000,5354.2000,4,1,3,1,3,1,2,1,2,1
SF,IC2003,2020-01-03 13:46:41.900,5351.4000,53450,0,8863271520.000,0,-,-,-,-,5351.4000,5350.6000,5350.4000,5350.2000,5350.0000,5352.2000,5352.4000,5353.0000,5353.8000,5354.2000,4,1,3,1,3,1,2,1,2,1
SF,IC2003,2020-01-03 13:46:44.900,5351.4000,53450,0,8863271520.000,0,-,-,-,-,5351.4000,5350.6000,5350.4000,5350.2000,5350.0000,5352.2000,5352.4000,5353.0000,5353.8000,5354.2000,4,1,3,1,3,1,2,1,2,1
SF,IC2003,2020-01-03 13:46:45.400,5351.4000,53450,0,8863271520.000,0,-,-,-,-,5351.4000,5350.6000,5350.4000,5350.2000,5350.0000,5352.2000,5352.4000,5353.0000,5353.8000,5354.2000,4,1,3,1,3,1,2,1,2,1
SF,IC2003,2020-01-03 13:46:45.900,5351.4000,53450,0,8863271520.000,0,-,-,-,-,5351.4000,5350.6000,5350.4000,5350.2000,5350.0000,5352.4000,5353.0000,5353.8000,5354.2000,5354.4000,4,1,3,1,3,2,1,2,1,5
SF,IC2003,2020-01-03 13:46:46.400,5351.4000,53450,0,8863271520.000,0,-,-,-,-,5351.4000,5350.6000,5350.4000,5350.2000,5350.0000,5352.2000,5352.4000,5353.0000,5353.8000,5354.2000,4,1,3,1,3,1,2,1,2,1
SF,IC2003,2020-01-03 13:46:47.900,5351.4000,53450,0,8863271520.000,0,-,-,-,-,5351.4000,5350.6000,5350.4000,5350.2000,5350.0000,5352.2000,5352.4000,5353.0000,5353.8000,5354.4000,4,1,3,1,3,1,2,1,2,5
SF,IC2003,2020-01-03 13:46:49.400,5351.4000,53450,0,8863271520.000,0,-,-,-,-,5351.8000,5351.4000,5350.6000,5350.4000,5350.2000,5352.2000,5352.4000,5353.0000,5353.8000,5354.4000,1,4,1,3,1,1,2,1,2,5
SF,IC2003,2020-01-03 13:46:52.900,5351.4000,53450,0,8863271520.000,0,-,-,-,-,5352.2000,5351.8000,5351.4000,5350.6000,5350.4000,5352.4000,5353.0000,5353.8000,5354.4000,5354.6000,3,1,4,1,3,2,1,2,5,1
SF,IC2003,2020-01-03 13:46:53.400,5352.4000,53452,2,8865412480.000,2,2,0,双开,B,5352.2000,5351.8000,5351.4000,5350.6000,5350.4000,5353.0000,5353.8000,5354.4000,5354.6000,5355.0000,3,1,4,1,3,1,2,4,1,12
SF,IC2003,2020-01-03 13:46:54.400,5352.4000,53452,0,8865412480.000,0,-,-,-,-,5352.2000,5351.4000,5350.6000,5350.4000,5350.2000,5353.0000,5353.8000,5354.4000,5354.6000,5355.0000,3,4,1,3,1,1,2,4,1,12
SF,IC2003,2020-01-03 13:46:54.900,5352.4000,53452,0,8865412480.000,0,-,-,-,-,5352.6000,5352.2000,5351.4000,5350.6000,5350.4000,5353.0000,5353.8000,5354.4000,5354.6000,5355.0000,1,3,4,1,3,1,2,4,1,12
SF,IC2003,2020-01-03 13:46:55.400,5353.0000,53451,-1,8866483080.000,1,0,1,双平,B,5352.6000,5352.2000,5351.4000,5350.4000,5350.2000,5354.4000,5354.6000,5355.0000,5355.2000,5356.0000,1,3,4,3,1,3,1,12,3,4
SF,IC2003,2020-01-03 13:46:55.900,5353.0000,53451,0,8866483080.000,0,-,-,-,-,5352.8000,5352.6000,5352.2000,5351.4000,5350.4000,5354.0000,5354.2000,5354.4000,5354.6000,5355.0000,2,1,3,4,3,1,4,3,1,12
SF,IC2003,2020-01-03 13:46:56.400,5353.0000,53451,0,8866483080.000,0,-,-,-,-,5352.8000,5352.6000,5352.2000,5351.4000,5350.4000,5353.4000,5353.8000,5354.0000,5354.2000,5354.4000,2,1,3,4,3,1,2,2,1,3
SF,IC2003,2020-01-03 13:46:57.900,5353.0000,53451,0,8866483080.000,0,-,-,-,-,5352.8000,5352.6000,5352.2000,5351.4000,5350.4000,5353.4000,5353.8000,5354.0000,5354.4000,5354.6000,2,1,3,4,3,1,2,2,3,1
SF,IC2003,2020-01-03 13:46:58.400,5353.0000,53451,0,8866483080.000,0,-,-,-,-,5352.6000,5352.2000,5351.4000,5350.4000,5350.2000,5353.4000,5353.8000,5354.0000,5354.4000,5354.6000,1,3,4,3,1,1,2,2,3,1
SF,IC2003,2020-01-03 13:46:58.900,5353.0000,53451,0,8866483080.000,0,-,-,-,-,5353.0000,5352.6000,5352.2000,5351.4000,5350.4000,5353.4000,5353.8000,5354.0000,5354.4000,5354.6000,1,1,3,4,3,1,2,2,3,1
SF,IC2003,2020-01-03 13:46:59.400,5353.0000,53451,0,8866483080.000,0,-,-,-,-,5353.0000,5352.6000,5352.2000,5351.4000,5350.4000,5353.4000,5353.8000,5354.0000,5354.4000,5354.6000,1,1,3,4,3,1,2,1,3,1
SF,IC2003,2020-01-03 13:46:59.900,5352.6000,53450,-1,8868624200.000,2,0,2,空平,B,5352.2000,5351.4000,5350.4000,5350.2000,5350.0000,5352.8000,5353.0000,5353.4000,5353.8000,5354.0000,3,4,3,1,6,2,3,1,2,1
SF,IC2003,2020-01-03 13:47:00.400,5352.6000,53450,0,8868624200.000,0,-,-,-,-,5352.2000,5351.4000,5350.4000,5350.2000,5350.0000,5352.6000,5353.8000,5354.4000,5354.6000,5355.0000,3,4,3,1,6,2,2,3,1,11
SF,IC2003,2020-01-03 13:47:01.400,5352.6000,53450,0,8868624200.000,0,-,-,-,-,5352.2000,5351.4000,5350.4000,5350.2000,5350.0000,5352.6000,5353.8000,5354.4000,5354.6000,5355.0000,3,4,3,1,6,2,2,3,1,11
SF,IC2003,2020-01-03 13:47:01.900,5352.6000,53450,0,8868624200.000,0,-,-,-,-,5352.2000,5351.4000,5350.4000,5350.2000,5350.0000,5352.6000,5353.8000,5354.4000,5354.6000,5355.0000,3,4,3,1,6,1,2,3,1,11
SF,IC2003,2020-01-03 13:47:02.400,5352.6000,53449,-1,8869694720.000,1,0,1,双平,B,5352.2000,5351.4000,5350.4000,5350.2000,5350.0000,5353.8000,5354.4000,5354.6000,5355.0000,5355.2000,3,4,3,1,6,2,3,1,11,3
SF,IC2003,2020-01-03 13:47:02.900,5352.6000,53449,0,8869694720.000,0,-,-,-,-,5352.4000,5352.2000,5351.4000,5350.4000,5350.2000,5353.2000,5353.8000,5354.4000,5354.6000,5355.0000,2,3,4,3,1,1,2,3,1,11
SF,IC2003,2020-01-03 13:47:03.400,5352.4000,53449,0,8870765200.000,1,0,1,空换,B,5352.4000,5352.2000,5351.4000,5350.4000,5350.2000,5353.2000,5353.8000,5354.4000,5354.6000,5355.0000,1,3,4,3,1,1,2,3,1,11
SF,IC2003,2020-01-03 13:47:03.900,5352.4000,53449,0,8870765200.000,0,-,-,-,-,5352.2000,5351.4000,5350.4000,5350.2000,5350.0000,5353.2000,5353.8000,5354.4000,5354.6000,5355.0000,3,4,3,1,6,1,2,3,1,11
SF,IC2003,2020-01-03 13:47:07.900,5353.2000,53448,-1,8871835840.000,1,0,1,双平,B,5352.2000,5351.4000,5350.4000,5350.2000,5350.0000,5353.0000,5353.8000,5354.4000,5354.6000,5355.0000,3,4,3,1,6,1,2,3,1,11
SF,IC2003,2020-01-03 13:47:11.900,5353.2000,53448,0,8871835840.000,0,-,-,-,-,5352.2000,5351.4000,5350.4000,5350.2000,5350.0000,5353.8000,5354.4000,5354.6000,5355.0000,5355.2000,3,4,3,1,6,2,3,1,11,3
SF,IC2003,2020-01-03 13:47:12.400,5353.2000,53448,0,8871835840.000,0,-,-,-,-,5352.4000,5352.2000,5351.4000,5350.4000,5350.2000,5353.8000,5354.4000,5354.6000,5355.0000,5355.2000,4,3,4,3,1,2,3,1,11,3
SF,IC2003,2020-01-03 13:47:12.900,5353.2000,53448,0,8871835840.000,0,-,-,-,-,5352.8000,5352.4000,5352.2000,5351.4000,5350.4000,5353.8000,5354.4000,5354.6000,5355.0000,5355.2000,1,3,3,4,3,2,3,1,11,3
SF,IC2003,2020-01-03 13:47:15.400,5353.2000,53448,0,8871835840.000,0,-,-,-,-,5352.4000,5352.2000,5351.4000,5350.4000,5350.2000,5353.8000,5354.4000,5354.6000,5355.0000,5355.2000,2,3,4,3,1,2,3,1,11,3
SF,IC2003,2020-01-03 13:47:15.900,5353.2000,53448,0,8871835840.000,0,-,-,-,-,5352.4000,5352.2000,5351.4000,5350.4000,5350.2000,5353.6000,5353.8000,5354.4000,5354.6000,5355.0000,2,3,4,3,1,1,2,3,1,11
SF,IC2003,2020-01-03 13:47:16.400,5353.2000,53448,0,8871835840.000,0,-,-,-,-,5352.4000,5352.2000,5351.4000,5350.4000,5350.2000,5353.4000,5353.6000,5354.4000,5354.6000,5355.0000,2,3,4,3,1,2,1,3,1,11
SF,IC2003,2020-01-03 13:47:17.900,5353.2000,53448,0,8871835840.000,0,-,-,-,-,5352.4000,5352.2000,5351.4000,5350.4000,5350.2000,5353.4000,5354.4000,5354.6000,5355.0000,5355.2000,2,3,4,3,1,2,3,1,11,3
SF,IC2003,2020-01-03 13:47:18.400,5353.2000,53448,0,8871835840.000,0,-,-,-,-,5352.4000,5352.2000,5351.4000,5350.4000,5350.2000,5354.4000,5354.6000,5355.0000,5355.2000,5356.0000,2,3,4,3,1,3,1,11,3,4
SF,IC2003,2020-01-03 13:47:18.900,5353.2000,53448,0,8871835840.000,0,-,-,-,-,5352.4000,5352.2000,5351.4000,5350.4000,5350.2000,5354.0000,5354.2000,5354.4000,5354.6000,5355.0000,2,3,4,3,1,2,3,3,1,11
SF,IC2003,2020-01-03 13:47:19.400,5353.2000,53448,0,8871835840.000,0,-,-,-,-,5352.4000,5352.2000,5351.4000,5350.4000,5350.2000,5353.8000,5354.0000,5354.2000,5354.4000,5354.6000,2,3,4,3,1,4,2,1,3,1
SF,IC2003,2020-01-03 13:47:20.400,5352.4000,53449,1,8872906320.000,1,1,0,双开,B,5352.4000,5352.2000,5351.4000,5350.4000,5350.2000,5352.8000,5353.4000,5353.6000,5353.8000,5354.0000,1,3,4,3,1,1,1,3,4,1
SF,IC2003,2020-01-03 13:47:20.900,5352.4000,53449,0,8872906320.000,0,-,-,-,-,5352.2000,5351.4000,5350.4000,5350.2000,5350.0000,5352.8000,5353.4000,5353.6000,5353.8000,5354.0000,3,4,3,1,6,1,1,3,3,1
SF,IC2003,2020-01-03 13:47:21.400,5352.4000,53449,0,8872906320.000,0,-,-,-,-,5352.2000,5351.4000,5350.4000,5350.2000,5350.0000,5353.2000,5353.4000,5353.6000,5353.8000,5354.0000,3,4,3,1,6,1,1,3,3,1
SF,IC2003,2020-01-03 13:47:21.900,5352.4000,53449,0,8872906320.000,0,-,-,-,-,5352.4000,5352.2000,5351.4000,5350.4000,5350.2000,5353.2000,5353.4000,5353.6000,5353.8000,5354.0000,1,3,4,3,1,1,1,2,3,1
SF,IC2003,2020-01-03 13:47:22.400,5353.2000,53449,0,8873976960.000,1,0,1,空换,B,5352.6000,5352.2000,5351.4000,5350.4000,5350.2000,5353.6000,5353.8000,5354.4000,5354.6000,5355.0000,2,3,4,3,1,1,3,3,1,11
SF,IC2003,2020-01-03 13:47:22.900,5353.2000,53449,0,8873976960.000,0,-,-,-,-,5352.2000,5351.4000,5350.4000,5350.2000,5350.0000,5353.4000,5353.6000,5353.8000,5354.4000,5354.6000,3,4,3,1,6,1,1,2,3,1
SF,IC2003,2020-01-03 13:47:23.400,5353.2000,53449,0,8873976960.000,0,-,-,-,-,5352.2000,5351.4000,5350.4000,5350.2000,5350.0000,5353.2000,5353.4000,5353.6000,5354.4000,5354.6000,3,4,3,1,6,2,1,1,3,1
SF,IC2003,2020-01-03 13:47:28.400,5353.2000,53449,0,8873976960.000,0,-,-,-,-,5352.4000,5352.2000,5351.4000,5350.4000,5350.2000,5353.2000,5353.4000,5353.6000,5354.4000,5354.6000,1,3,4,3,1,2,1,1,3,1
SF,IC2003,2020-01-03 13:47:30.900,5352.2000,53448,-1,8876117880.000,2,0,2,空平,B,5352.2000,5351.4000,5350.4000,5350.2000,5350.0000,5352.4000,5353.2000,5353.4000,5353.6000,5354.4000,2,4,3,1,6,2,2,1,1,3
SF,IC2003,2020-01-03 13:47:31.400,5352.2000,53448,0,8878258760.000,2,1,1,空换,B,5351.4000,5350.4000,5350.2000,5350.0000,5349.0000,5352.2000,5352.8000,5353.2000,5354.4000,5354.6000,4,3,1,6,1,7,2,2,3,1
SF,IC2003,2020-01-03 13:47:31.900,5351.4000,53450,2,8880399320.000,2,2,0,双开,B,5351.4000,5350.4000,5350.2000,5350.0000,5349.0000,5351.8000,5352.2000,5352.8000,5353.2000,5354.4000,2,3,1,6,1,1,7,2,2,3
SF,IC2003,2020-01-03 13:47:32.400,5351.4000,53450,0,8882539880.000,2,1,1,空换,B,5350.4000,5350.2000,5350.0000,5349.0000,5348.0000,5351.8000,5352.2000,5352.8000,5353.2000,5354.4000,3,1,6,1,6,1,5,2,2,3
SF,IC2003,2020-01-03 13:47:36.400,5351.4000,53450,0,8882539880.000,0,-,-,-,-,5350.4000,5350.2000,5350.0000,5349.0000,5348.0000,5351.6000,5352.2000,5352.8000,5353.2000,5354.4000,3,1,6,1,6,1,5,2,2,3
SF,IC2003,2020-01-03 13:47:36.900,5351.4000,53450,0,8882539880.000,0,-,-,-,-,5350.4000,5350.2000,5350.0000,5349.0000,5348.0000,5351.4000,5351.6000,5352.2000,5352.8000,5354.4000,3,1,6,1,6,4,1,5,2,3
SF,IC2003,2020-01-03 13:47:38.900,5351.4000,53450,0,8882539880.000,0,-,-,-,-,5350.4000,5350.2000,5350.0000,5349.0000,5348.0000,5351.0000,5351.4000,5351.6000,5352.2000,5352.8000,3,1,6,1,6,1,3,1,5,2
SF,IC2003,2020-01-03 13:47:39.400,5350.4000,53450,0,8885750120.000,3,1,2,空换,B,5350.2000,5350.0000,5349.0000,5348.0000,5347.4000,5351.0000,5351.4000,5351.6000,5352.2000,5352.8000,1,6,1,6,1,1,3,1,3,2
SF,IC2003,2020-01-03 13:47:39.900,5350.4000,53450,0,8885750120.000,0,-,-,-,-,5350.2000,5350.0000,5349.0000,5348.0000,5347.4000,5351.0000,5351.4000,5351.6000,5352.0000,5352.2000,1,6,1,6,1,1,3,1,1,3
SF,IC2003,2020-01-03 13:47:40.400,5350.4000,53450,0,8885750120.000,0,-,-,-,-,5350.2000,5350.0000,5349.0000,5348.0000,5347.4000,5351.4000,5351.6000,5352.0000,5352.2000,5352.8000,1,6,1,6,1,3,1,1,3,2
SF,IC2003,2020-01-03 13:47:40.900,5350.4000,53450,0,8885750120.000,0,-,-,-,-,5350.2000,5350.0000,5349.0000,5348.0000,5347.4000,5351.4000,5351.6000,5352.0000,5352.2000,5352.8000,1,6,1,6,1,3,1,1,1,2
SF,IC2003,2020-01-03 13:47:41.400,5350.4000,53450,0,8885750120.000,0,-,-,-,-,5350.2000,5350.0000,5349.0000,5348.0000,5347.4000,5351.4000,5351.6000,5352.0000,5352.8000,5354.4000,2,6,1,6,1,3,1,1,2,3
SF,IC2003,2020-01-03 13:47:41.900,5350.4000,53450,0,8885750120.000,0,-,-,-,-,5350.8000,5350.4000,5350.2000,5350.0000,5349.0000,5351.4000,5351.6000,5352.0000,5352.8000,5354.4000,1,2,2,6,1,3,1,1,2,3
SF,IC2003,2020-01-03 13:47:42.400,5350.4000,53450,0,8885750120.000,0,-,-,-,-,5350.8000,5350.4000,5350.2000,5350.0000,5349.0000,5351.4000,5351.6000,5352.0000,5354.4000,5354.6000,1,2,2,6,1,1,1,1,3,1
SF,IC2003,2020-01-03 13:47:42.900,5351.4000,53451,1,8886820400.000,1,1,0,双开,B,5351.4000,5350.8000,5350.4000,5350.2000,5350.0000,5351.6000,5352.0000,5354.4000,5354.6000,5355.0000,1,1,2,2,6,1,1,3,1,11
SF,IC2003,2020-01-03 13:47:43.400,5351.6000,53451,0,8887890720.000,1,0,1,空换,B,5351.6000,5350.8000,5350.4000,5350.2000,5350.0000,5352.0000,5354.4000,5354.6000,5355.0000,5355.2000,1,1,2,2,6,1,3,1,11,3
SF,IC2003,2020-01-03 13:47:43.900,5352.0000,53451,0,8890031440.000,2,1,1,空换,B,5350.8000,5350.4000,5350.2000,5350.0000,5349.0000,5351.8000,5354.4000,5354.6000,5355.0000,5355.2000,1,2,2,6,1,1,3,1,11,3
SF,IC2003,2020-01-03 13:47:44.900,5352.0000,53451,0,8890031440.000,0,-,-,-,-,5350.8000,5350.4000,5350.2000,5350.0000,5349.0000,5351.8000,5354.4000,5354.6000,5355.0000,5355.2000,1,2,1,6,1,1,3,1,11,3
SF,IC2003,2020-01-03 13:47:45.400,5352.0000,53451,0,8890031440.000,0,-,-,-,-,5350.8000,5350.4000,5350.2000,5350.0000,5349.0000,5351.8000,5352.0000,5354.4000,5354.6000,5355.0000,1,2,1,6,1,1,1,3,1,11
SF,IC2003,2020-01-03 13:47:45.900,5352.0000,53451,0,8890031440.000,0,-,-,-,-,5350.8000,5350.4000,5350.2000,5350.0000,5349.0000,5351.6000,5351.8000,5352.0000,5354.2000,5354.4000,1,2,1,6,1,2,1,1,1,3
SF,IC2003,2020-01-03 13:47:46.900,5352.0000,53451,0,8890031440.000,0,-,-,-,-,5350.8000,5350.4000,5350.2000,5350.0000,5349.0000,5351.2000,5351.6000,5351.8000,5354.2000,5354.4000,1,2,1,6,1,1,2,1,1,3
SF,IC2003,2020-01-03 13:47:47.400,5350.8000,53451,0,8891101600.000,1,0,1,空换,B,5350.4000,5350.2000,5350.0000,5349.0000,5348.0000,5351.2000,5351.6000,5351.8000,5354.2000,5354.4000,2,1,6,1,6,1,2,1,1,3
SF,IC2003,2020-01-03 13:47:47.900,5350.8000,53451,0,8891101600.000,0,-,-,-,-,5350.2000,5350.0000,5349.0000,5348.0000,5347.4000,5351.0000,5351.2000,5351.8000,5354.2000,5354.4000,1,6,1,6,1,2,1,1,1,3
SF,IC2003,2020-01-03 13:47:48.400,5351.0000,53452,1,8892171800.000,1,1,0,双开,B,5350.8000,5350.2000,5350.0000,5349.0000,5348.0000,5351.0000,5351.2000,5351.8000,5354.2000,5354.4000,2,1,6,1,6,1,1,1,1,3
SF,IC2003,2020-01-03 13:47:48.900,5351.0000,53453,1,8893242000.000,1,1,0,双开,B,5350.8000,5350.2000,5350.0000,5349.0000,5348.0000,5351.2000,5351.8000,5354.2000,5354.4000,5354.6000,2,1,6,1,6,1,1,1,3,1
SF,IC2003,2020-01-03 13:47:49.400,5351.2000,53453,0,8894312240.000,1,0,1,空换,B,5350.8000,5350.2000,5350.0000,5349.0000,5348.0000,5351.0000,5353.0000,5354.2000,5354.4000,5354.6000,2,1,6,1,6,1,1,1,3,1
SF,IC2003,2020-01-03 13:47:49.900,5351.0000,53453,0,8895382440.000,1,0,1,空换,B,5351.0000,5350.8000,5350.2000,5350.0000,5349.0000,5353.0000,5354.2000,5354.4000,5354.6000,5355.0000,1,2,1,6,1,1,1,3,1,11
SF,IC2003,2020-01-03 13:47:50.400,5351.0000,53453,0,8895382440.000,0,-,-,-,-,5351.2000,5351.0000,5350.8000,5350.2000,5350.0000,5352.4000,5352.8000,5353.0000,5354.2000,5354.4000,2,1,2,1,6,3,3,1,1,3
SF,IC2003,2020-01-03 13:47:50.900,5351.2000,53454,1,8896452680.000,1,1,0,双开,B,5351.0000,5350.8000,5350.2000,5350.0000,5349.0000,5352.2000,5352.4000,5352.8000,5353.0000,5354.2000,1,2,1,6,1,2,3,1,1,1
SF,IC2003,2020-01-03 13:47:51.400,5351.2000,53454,0,8896452680.000,0,-,-,-,-,5351.0000,5350.8000,5350.2000,5350.0000,5349.0000,5352.0000,5352.2000,5352.4000,5352.8000,5353.0000,1,2,1,6,1,1,2,2,1,1
SF,IC2003,2020-01-03 13:47:51.900,5351.2000,53454,0,8896452680.000,0,-,-,-,-,5351.0000,5350.8000,5350.2000,5350.0000,5349.0000,5351.8000,5352.0000,5352.4000,5352.8000,5353.0000,1,2,1,6,1,2,1,2,1,1
SF,IC2003,2020-01-03 13:47:54.900,5351.2000,53454,0,8896452680.000,0,-,-,-,-,5351.0000,5350.8000,5350.2000,5350.0000,5349.0000,5351.6000,5351.8000,5352.4000,5352.8000,5353.0000,1,2,1,6,1,1,2,2,1,1
SF,IC2003,2020-01-03 13:47:55.400,5351.2000,53454,0,8896452680.000,0,-,-,-,-,5351.0000,5350.8000,5350.2000,5350.0000,5349.0000,5351.6000,5351.8000,5352.4000,5353.0000,5354.2000,2,2,1,6,1,1,2,2,1,1
SF,IC2003,2020-01-03 13:47:55.900,5351.2000,53454,0,8896452680.000,0,-,-,-,-,5351.0000,5350.8000,5350.2000,5350.0000,5349.0000,5351.6000,5351.8000,5352.4000,5353.0000,5354.2000,1,2,1,6,1,1,2,1,1,1
SF,IC2003,2020-01-03 13:47:56.400,5351.0000,53454,0,8897522880.000,1,0,1,空换,B,5350.8000,5350.2000,5350.0000,5349.0000,5348.0000,5351.6000,5351.8000,5353.0000,5354.2000,5354.4000,2,1,6,1,6,1,2,1,1,3
SF,IC2003,2020-01-03 13:47:56.900,5351.0000,53454,0,8897522880.000,0,-,-,-,-,5350.8000,5350.2000,5350.0000,5349.0000,5348.0000,5351.6000,5351.8000,5353.0000,5354.4000,5354.6000,2,1,6,1,6,1,2,1,3,1
SF,IC2003,2020-01-03 13:47:57.400,5350.8000,53454,0,8898593040.000,1,0,1,空换,B,5350.8000,5350.2000,5350.0000,5349.0000,5348.0000,5351.2000,5351.4000,5353.0000,5354.4000,5354.6000,1,1,6,1,6,1,2,1,3,1
SF,IC2003,2020-01-03 13:48:00.400,5350.8000,53454,0,8899663200.000,1,0,1,空换,B,5350.2000,5350.0000,5349.0000,5348.0000,5347.4000,5350.8000,5351.2000,5351.4000,5353.0000,5354.4000,1,6,1,6,1,1,1,2,1,2
SF,IC2003,2020-01-03 13:48:00.900,5350.2000,53455,1,8900733240.000,1,1,0,双开,B,5350.0000,5349.0000,5348.0000,5347.4000,5347.2000,5350.8000,5351.2000,5351.4000,5353.0000,5354.4000,6,1,6,1,1,1,1,2,1,2
SF,IC2003,2020-01-03 13:48:01.900,5350.2000,53455,0,8900733240.000,0,-,-,-,-,5350.0000,5349.0000,5348.0000,5347.4000,5347.2000,5351.2000,5351.4000,5353.0000,5354.4000,5354.6000,6,1,6,1,1,1,2,1,2,1
SF,IC2003,2020-01-03 13:48:02.400,5350.0000,53455,0,8901803240.000,1,0,1,空换,B,5350.0000,5349.0000,5348.0000,5347.4000,5347.2000,5351.0000,5351.2000,5353.0000,5354.4000,5354.6000,5,1,6,1,1,2,1,1,2,1
SF,IC2003,2020-01-03 13:48:02.900,5350.0000,53455,0,8901803240.000,0,-,-,-,-,5350.0000,5349.0000,5348.0000,5347.4000,5347.2000,5351.0000,5351.2000,5353.0000,5354.4000,5354.6000,5,1,6,1,1,2,1,1,2,1
SF,IC2003,2020-01-03 13:48:04.400,5350.0000,53455,0,8901803240.000,0,-,-,-,-,5350.2000,5350.0000,5349.0000,5348.0000,5347.4000,5351.0000,5351.2000,5353.0000,5354.4000,5354.6000,1,5,1,6,1,2,1,1,2,1
SF,IC2003,2020-01-03 13:48:04.900,5350.0000,53455,0,8901803240.000,0,-,-,-,-,5350.2000,5350.0000,5349.0000,5348.0000,5347.4000,5351.2000,5353.0000,5354.4000,5354.6000,5355.0000,1,5,1,6,1,1,1,2,1,11
SF,IC2003,2020-01-03 13:48:06.900,5350.0000,53455,0,8901803240.000,0,-,-,-,-,5350.2000,5350.0000,5349.0000,5348.0000,5347.4000,5353.0000,5354.4000,5354.6000,5355.0000,5355.2000,1,5,1,6,1,1,2,1,11,3
SF,IC2003,2020-01-03 13:48:07.400,5350.0000,53455,0,8901803240.000,0,-,-,-,-,5350.4000,5350.2000,5350.0000,5349.0000,5348.0000,5352.0000,5352.2000,5352.4000,5352.6000,5352.8000,2,1,5,1,6,1,1,2,3,4
SF,IC2003,2020-01-03 13:48:07.900,5350.0000,53455,0,8901803240.000,0,-,-,-,-,5350.6000,5350.4000,5350.0000,5349.0000,5348.0000,5351.8000,5352.0000,5352.2000,5352.4000,5352.6000,1,2,5,1,6,2,2,1,2,3
SF,IC2003,2020-01-03 13:48:08.400,5350.0000,53455,0,8901803240.000,0,-,-,-,-,5350.6000,5350.4000,5350.0000,5349.0000,5348.0000,5351.6000,5351.8000,5352.0000,5352.2000,5352.4000,1,2,5,1,6,1,2,1,1,2
SF,IC2003,2020-01-03 13:48:09.400,5350.0000,53455,0,8901803240.000,0,-,-,-,-,5350.6000,5350.4000,5350.0000,5349.0000,5348.0000,5351.8000,5352.0000,5352.2000,5352.4000,5352.6000,1,2,5,1,6,2,1,1,2,3
SF,IC2003,2020-01-03 13:48:09.900,5350.0000,53455,0,8901803240.000,0,-,-,-,-,5351.0000,5350.8000,5350.0000,5349.0000,5348.0000,5351.8000,5352.0000,5352.2000,5352.6000,5352.8000,1,2,5,1,6,2,1,1,2,2
SF,IC2003,2020-01-03 13:48:10.400,5350.0000,53455,0,8901803240.000,0,-,-,-,-,5351.0000,5350.8000,5350.0000,5349.0000,5348.0000,5351.8000,5352.0000,5352.2000,5352.6000,5352.8000,1,2,5,1,6,2,1,1,2,1
SF,IC2003,2020-01-03 13:48:11.400,5350.0000,53455,0,8901803240.000,0,-,-,-,-,5351.0000,5350.8000,5350.0000,5349.0000,5348.0000,5351.6000,5351.8000,5352.2000,5352.6000,5352.8000,1,2,5,1,6,1,2,1,2,1
SF,IC2003,2020-01-03 13:48:11.900,5350.0000,53455,0,8901803240.000,0,-,-,-,-,5351.0000,5350.8000,5350.0000,5349.0000,5348.0000,5351.4000,5351.6000,5351.8000,5352.2000,5352.6000,1,2,5,1,6,1,1,2,1,2
SF,IC2003,2020-01-03 13:48:12.400,5350.0000,53455,0,8901803240.000,0,-,-,-,-,5351.0000,5350.8000,5350.0000,5349.0000,5348.0000,5351.4000,5351.6000,5352.2000,5352.6000,5352.8000,1,2,5,1,6,1,1,1,2,1
SF,IC2003,2020-01-03 13:48:14.900,5350.0000,53455,0,8901803240.000,0,-,-,-,-,5350.8000,5350.0000,5349.0000,5348.0000,5347.4000,5351.4000,5351.6000,5352.2000,5352.6000,5352.8000,2,5,1,6,1,1,1,1,2,1
SF,IC2003,2020-01-03 13:48:20.400,5350.0000,53455,0,8901803240.000,0,-,-,-,-,5350.8000,5350.0000,5349.0000,5348.0000,5347.4000,5351.4000,5351.6000,5351.8000,5352.2000,5352.6000,2,5,1,6,1,1,1,1,1,2
SF,IC2003,2020-01-03 13:48:20.900,5350.0000,53455,0,8901803240.000,0,-,-,-,-,5350.0000,5349.0000,5348.0000,5347.4000,5347.2000,5351.4000,5351.6000,5351.8000,5352.2000,5352.6000,5,1,6,1,1,1,1,1,1,2
SF,IC2003,2020-01-03 13:48:23.900,5350.0000,53455,0,8901803240.000,0,-,-,-,-,5350.2000,5350.0000,5349.0000,5348.0000,5347.4000,5351.4000,5351.6000,5351.8000,5352.2000,5352.6000,1,5,1,6,1,1,1,1,1,1
SF,IC2003,2020-01-03 13:48:24.400,5351.4000,53455,0,8902873520.000,1,0,1,空换,B,5350.4000,5350.2000,5350.0000,5349.0000,5348.0000,5351.6000,5351.8000,5352.2000,5352.6000,5352.8000,2,1,5,1,6,1,1,1,1,1
SF,IC2003,2020-01-03 13:48:24.900,5351.4000,53455,0,8902873520.000,0,-,-,-,-,5350.6000,5350.4000,5350.0000,5349.0000,5348.0000,5351.6000,5351.8000,5352.2000,5352.6000,5352.8000,1,3,5,1,6,1,1,1,1,1
SF,IC2003,2020-01-03 13:48:26.900,5351.4000,53455,0,8902873520.000,0,-,-,-,-,5350.4000,5350.0000,5349.0000,5348.0000,5347.4000,5351.4000,5351.6000,5351.8000,5352.2000,5352.6000,3,5,1,6,1,1,1,1,1,1
SF,IC2003,2020-01-03 13:48:27.400,5351.4000,53455,0,8902873520.000,0,-,-,-,-,5350.4000,5350.0000,5349.0000,5348.0000,5347.4000,5351.4000,5351.6000,5351.8000,5352.8000,5353.0000,3,5,1,6,1,1,1,1,1,1
SF,IC2003,2020-01-03 13:48:27.900,5351.4000,53455,0,8902873520.000,0,-,-,-,-,5350.6000,5350.4000,5350.0000,5349.0000,5348.0000,5351.6000,5351.8000,5352.8000,5353.0000,5354.6000,1,3,5,1,6,1,1,1,1,1
SF,IC2003,2020-01-03 13:48:28.400,5351.4000,53455,0,8902873520.000,0,-,-,-,-,5350.6000,5350.4000,5350.0000,5349.0000,5348.0000,5351.6000,5351.8000,5352.8000,5353.0000,5354.6000,1,3,5,1,6,1,1,1,1,1
SF,IC2003,2020-01-03 13:48:28.900,5351.4000,53455,0,8902873520.000,0,-,-,-,-,5350.4000,5350.0000,5349.0000,5348.0000,5347.4000,5351.2000,5351.4000,5351.6000,5351.8000,5352.8000,1,5,1,6,1,1,2,1,1,1
SF,IC2003,2020-01-03 13:48:30.900,5351.4000,53455,0,8902873520.000,0,-,-,-,-,5350.4000,5350.0000,5348.0000,5347.4000,5347.2000,5350.8000,5351.4000,5351.6000,5351.8000,5352.8000,1,5,6,1,1,1,2,1,1,1
SF,IC2003,2020-01-03 13:48:31.400,5350.4000,53455,0,8903943600.000,1,0,1,空换,B,5350.0000,5348.0000,5347.4000,5347.2000,5347.0000,5351.4000,5351.8000,5352.8000,5353.0000,5354.6000,5,6,1,1,2,2,1,1,1,1
SF,IC2003,2020-01-03 13:48:31.900,5350.4000,53455,0,8903943600.000,0,-,-,-,-,5350.0000,5348.0000,5347.4000,5347.2000,5347.0000,5351.2000,5351.4000,5351.8000,5352.8000,5353.0000,5,6,1,1,2,1,2,1,1,1
SF,IC2003,2020-01-03 13:48:32.400,5350.4000,53455,0,8903943600.000,0,-,-,-,-,5350.0000,5348.0000,5347.4000,5347.2000,5347.0000,5351.0000,5351.2000,5351.8000,5352.8000,5353.0000,5,6,1,1,2,3,1,1,1,1
SF,IC2003,2020-01-03 13:48:32.900,5350.4000,53455,0,8903943600.000,0,-,-,-,-,5350.0000,5348.0000,5347.4000,5347.2000,5347.0000,5350.4000,5351.0000,5351.2000,5351.8000,5352.8000,5,6,1,1,2,1,2,1,1,1
SF,IC2003,2020-01-03 13:48:33.400,5350.0000,53455,0,8905013600.000,1,0,1,空换,B,5350.0000,5348.0000,5347.4000,5347.2000,5347.0000,5350.2000,5350.4000,5350.8000,5351.0000,5351.2000,4,6,1,1,2,1,1,1,2,1
SF,IC2003,2020-01-03 13:48:33.900,5350.0000,53458,3,8909293600.000,4,3,1,多开,B,5348.0000,5347.4000,5347.2000,5347.0000,5346.8000,5350.2000,5350.4000,5351.0000,5351.8000,5352.8000,6,1,1,2,3,1,1,2,1,1
SF,IC2003,2020-01-03 13:48:34.400,5350.0000,53458,0,8909293600.000,0,-,-,-,-,5349.2000,5348.6000,5348.4000,5348.2000,5348.0000,5349.8000,5350.0000,5350.2000,5350.4000,5351.8000,1,1,3,4,6,1,3,1,1,1
SF,IC2003,2020-01-03 13:48:34.900,5350.0000,53458,0,8909293600.000,0,-,-,-,-,5349.2000,5348.6000,5348.4000,5348.2000,5348.0000,5350.0000,5350.2000,5351.8000,5352.8000,5353.0000,1,1,1,4,6,3,1,1,1,1
SF,IC2003,2020-01-03 13:48:35.400,5350.0000,53458,0,8909293600.000,0,-,-,-,-,5349.6000,5348.6000,5348.4000,5348.2000,5348.0000,5350.0000,5350.2000,5351.8000,5352.8000,5353.0000,1,1,1,4,6,3,1,1,1,1
SF,IC2003,2020-01-03 13:48:35.900,5349.6000,53457,-1,8910363520.000,1,0,1,双平,B,5348.6000,5348.4000,5348.2000,5348.0000,5347.4000,5349.6000,5350.0000,5350.2000,5351.8000,5352.8000,1,1,4,6,1,1,3,1,1,1
SF,IC2003,2020-01-03 13:48:36.400,5349.6000,53457,0,8910363520.000,0,-,-,-,-,5348.8000,5348.6000,5348.4000,5348.2000,5348.0000,5350.0000,5350.2000,5351.8000,5352.8000,5353.0000,2,1,1,2,6,3,1,1,1,1
SF,IC2003,2020-01-03 13:48:36.900,5349.6000,53457,0,8910363520.000,0,-,-,-,-,5348.8000,5348.6000,5348.2000,5348.0000,5347.4000,5349.8000,5350.0000,5350.2000,5351.8000,5352.8000,2,1,2,6,1,1,3,1,1,1
SF,IC2003,2020-01-03 13:48:37.400,5349.6000,53457,0,8910363520.000,0,-,-,-,-,5348.2000,5348.0000,5347.4000,5347.2000,5347.0000,5348.8000,5349.2000,5349.6000,5349.8000,5350.0000,2,6,1,1,2,5,1,2,1,1
SF,IC2003,2020-01-03 13:48:38.400,5349.6000,53456,-1,8911433440.000,1,0,1,双平,B,5348.2000,5348.0000,5347.4000,5347.2000,5347.0000,5348.8000,5349.2000,5349.6000,5350.0000,5350.2000,2,6,1,1,2,4,1,2,1,1
SF,IC2003,2020-01-03 13:48:38.900,5349.6000,53456,0,8911433440.000,0,-,-,-,-,5348.6000,5348.4000,5348.2000,5348.0000,5347.4000,5348.8000,5350.2000,5351.8000,5352.8000,5353.0000,1,2,2,6,1,4,1,1,1,1
SF,IC2003,2020-01-03 13:48:39.400,5348.8000,53456,0,8913572960.000,2,1,1,空换,B,5348.4000,5348.2000,5348.0000,5347.4000,5347.2000,5348.8000,5350.2000,5351.8000,5352.8000,5353.0000,2,2,6,1,1,3,1,1,1,1
SF,IC2003,2020-01-03 13:48:39.900,5348.8000,53454,-2,8915712480.000,2,0,2,双平,B,5348.4000,5348.2000,5348.0000,5347.4000,5347.2000,5348.8000,5350.2000,5351.8000,5352.8000,5353.0000,2,2,6,1,1,1,1,1,1,1
SF,IC2003,2020-01-03 13:48:40.400,5348.8000,53453,-1,8916782240.000,1,0,1,双平,B,5349.0000,5348.8000,5348.4000,5348.2000,5348.0000,5350.2000,5351.8000,5352.8000,5353.0000,5354.6000,6,6,2,2,6,1,1,1,1,1
SF,IC2003,2020-01-03 13:48:40.900,5349.0000,53451,-2,8919991640.000,3,0,3,空平,B,5349.0000,5348.8000,5348.4000,5348.2000,5348.0000,5349.2000,5349.6000,5349.8000,5350.0000,5350.2000,2,1,2,2,6,1,1,1,2,1
SF,IC2003,2020-01-03 13:48:41.400,5349.2000,53450,-1,8921061480.000,1,0,1,双平,B,5349.4000,5349.2000,5349.0000,5348.4000,5348.2000,5350.0000,5350.2000,5351.8000,5353.0000,5354.6000,1,1,2,2,2,2,1,1,1,1
SF,IC2003,2020-01-03 13:48:41.900,5349.2000,53450,0,8921061480.000,0,-,-,-,-,5349.0000,5348.4000,5348.2000,5348.0000,5347.4000,5350.2000,5351.8000,5353.0000,5354.6000,5355.0000,2,2,2,6,1,1,1,1,1,11
SF,IC2003,2020-01-03 13:48:42.400,5349.2000,53450,0,8921061480.000,0,-,-,-,-,5349.2000,5349.0000,5348.2000,5348.0000,5347.4000,5350.2000,5351.8000,5353.0000,5354.6000,5355.0000,3,2,2,6,1,1,1,1,1,11
SF,IC2003,2020-01-03 13:48:45.400,5349.2000,53450,0,8921061480.000,0,-,-,-,-,5349.2000,5349.0000,5348.2000,5348.0000,5347.4000,5350.2000,5351.8000,5353.0000,5354.6000,5355.0000,2,2,2,6,1,1,1,1,1,11
SF,IC2003,2020-01-03 13:48:48.900,5349.2000,53450,0,8922131320.000,1,0,1,空换,B,5349.2000,5349.0000,5348.2000,5348.0000,5347.4000,5350.0000,5350.2000,5351.8000,5353.0000,5354.6000,1,2,2,6,1,1,1,1,1,1
SF,IC2003,2020-01-03 13:48:49.400,5349.2000,53450,0,8922131320.000,0,-,-,-,-,5349.0000,5348.2000,5348.0000,5347.4000,5347.2000,5350.0000,5350.2000,5351.8000,5353.0000,5354.6000,2,2,6,1,1,1,1,1,1,1
SF,IC2003,2020-01-03 13:48:49.900,5349.2000,53450,0,8922131320.000,0,-,-,-,-,5349.0000,5348.2000,5348.0000,5347.4000,5347.0000,5350.0000,5350.2000,5351.8000,5353.0000,5354.6000,2,2,6,1,2,1,1,1,1,1
SF,IC2003,2020-01-03 13:48:50.400,5349.2000,53450,0,8922131320.000,0,-,-,-,-,5349.0000,5348.2000,5348.0000,5347.4000,5347.0000,5349.8000,5350.0000,5350.2000,5351.8000,5353.0000,2,2,6,1,2,2,1,1,1,1
SF,IC2003,2020-01-03 13:48:52.900,5349.0000,53448,-2,8924270920.000,2,0,2,双平,B,5348.2000,5348.0000,5347.4000,5347.0000,5346.8000,5349.2000,5349.8000,5350.0000,5350.2000,5351.8000,2,6,1,2,3,2,2,1,1,1
SF,IC2003,2020-01-03 13:48:53.400,5349.0000,53448,0,8924270920.000,0,-,-,-,-,5348.2000,5348.0000,5347.4000,5347.0000,5346.8000,5349.0000,5350.0000,5351.8000,5354.6000,5355.0000,2,6,1,2,3,3,1,1,1,11
SF,IC2003,2020-01-03 13:48:54.400,5349.0000,53448,0,8924270920.000,0,-,-,-,-,5348.2000,5348.0000,5347.4000,5347.0000,5346.8000,5348.6000,5349.0000,5350.0000,5351.8000,5354.6000,2,6,1,2,3,1,3,1,1,1
SF,IC2003,2020-01-03 13:48:54.900,5349.0000,53448,0,8924270920.000,0,-,-,-,-,5348.2000,5348.0000,5347.4000,5347.0000,5346.8000,5348.6000,5349.0000,5350.0000,5351.8000,5354.6000,2,6,1,2,3,1,3,1,1,1
SF,IC2003,2020-01-03 13:48:56.400,5349.0000,53448,0,8924270920.000,0,-,-,-,-,5348.2000,5348.0000,5347.4000,5347.0000,5346.8000,5349.0000,5351.8000,5354.6000,5355.0000,5355.2000,2,6,1,2,3,3,1,1,11,3
SF,IC2003,2020-01-03 13:48:56.900,5349.0000,53448,0,8924270920.000,0,-,-,-,-,5348.6000,5348.2000,5348.0000,5347.4000,5347.0000,5348.8000,5349.0000,5351.8000,5354.6000,5355.0000,1,2,6,1,2,1,1,1,1,11
SF,IC2003,2020-01-03 13:48:57.400,5349.0000,53448,0,8926410480.000,2,1,1,空换,B,5348.6000,5348.2000,5348.0000,5347.4000,5347.0000,5351.8000,5354.6000,5355.0000,5355.2000,5356.0000,1,2,6,1,2,1,1,11,3,4
SF,IC2003,2020-01-03 13:48:57.900,5349.0000,53448,0,8926410480.000,0,-,-,-,-,5348.8000,5348.6000,5348.2000,5348.0000,5347.4000,5349.6000,5350.2000,5350.4000,5350.6000,5350.8000,4,1,2,6,1,2,1,2,2,1
SF,IC2003,2020-01-03 13:48:58.400,5349.0000,53448,0,8926410480.000,0,-,-,-,-,5348.8000,5348.6000,5348.2000,5348.0000,5347.4000,5349.6000,5350.2000,5350.4000,5350.6000,5351.0000,2,1,2,6,1,1,1,2,2,1
SF,IC2003,2020-01-03 13:48:58.900,5349.0000,53448,0,8926410480.000,0,-,-,-,-,5348.6000,5348.2000,5348.0000,5347.4000,5347.0000,5349.6000,5350.2000,5350.4000,5350.6000,5351.0000,1,2,6,1,2,1,1,2,2,1
SF,IC2003,2020-01-03 13:48:59.400,5349.0000,53448,0,8926410480.000,0,-,-,-,-,5348.6000,5348.2000,5348.0000,5347.4000,5347.0000,5349.6000,5350.2000,5350.4000,5350.6000,5350.8000,1,2,6,1,2,1,1,2,2,1
SF,IC2003,2020-01-03 13:48:59.900,5349.0000,53448,0,8926410480.000,0,-,-,-,-,5348.6000,5348.2000,5348.0000,5347.4000,5347.0000,5349.4000,5349.6000,5350.2000,5350.4000,5350.6000,1,2,6,1,2,2,1,1,2,2
SF,IC2003,2020-01-03 13:49:00.400,5349.0000,53448,0,8926410480.000,0,-,-,-,-,5348.2000,5348.0000,5347.4000,5347.0000,5346.8000,5349.4000,5349.6000,5350.2000,5350.4000,5350.6000,2,6,1,2,3,2,1,1,2,2
SF,IC2003,2020-01-03 13:49:00.900,5349.0000,53448,0,8926410480.000,0,-,-,-,-,5348.2000,5348.0000,5347.4000,5347.0000,5346.8000,5349.4000,5349.6000,5350.2000,5350.4000,5350.6000,2,6,1,2,3,2,1,1,1,2
SF,IC2003,2020-01-03 13:49:01.400,5349.0000,53448,0,8926410480.000,0,-,-,-,-,5348.2000,5348.0000,5347.4000,5347.0000,5346.8000,5348.6000,5349.2000,5349.4000,5349.6000,5350.2000,2,6,1,2,3,1,1,2,1,1
SF,IC2003,2020-01-03 13:49:01.900,5349.0000,53448,0,8926410480.000,0,-,-,-,-,5348.2000,5348.0000,5347.4000,5347.0000,5346.8000,5348.4000,5348.6000,5349.2000,5349.4000,5350.2000,2,6,1,2,3,1,1,1,2,1
SF,IC2003,2020-01-03 13:49:03.400,5348.6000,53448,0,8927480200.000,1,0,1,空换,B,5348.2000,5348.0000,5347.4000,5347.0000,5346.8000,5348.6000,5349.2000,5349.4000,5350.2000,5350.4000,2,6,1,2,3,1,1,2,1,1
SF,IC2003,2020-01-03 13:49:03.900,5348.6000,53448,0,8927480200.000,0,-,-,-,-,5348.2000,5348.0000,5347.4000,5347.0000,5346.8000,5348.6000,5349.2000,5349.4000,5350.2000,5350.4000,2,6,1,2,3,1,1,2,1,1
SF,IC2003,2020-01-03 13:49:04.900,5348.6000,53447,-1,8928549920.000,1,0,1,双平,B,5348.2000,5348.0000,5347.4000,5347.0000,5346.8000,5349.2000,5349.4000,5350.2000,5350.4000,5350.6000,2,6,1,2,3,1,2,1,1,1
SF,IC2003,2020-01-03 13:49:05.400,5348.6000,53447,0,8928549920.000,0,-,-,-,-,5348.2000,5348.0000,5347.4000,5347.0000,5346.8000,5349.0000,5349.2000,5350.2000,5350.4000,5350.6000,2,6,1,2,3,2,1,1,1,1
SF,IC2003,2020-01-03 13:49:06.400,5348.6000,53447,0,8928549920.000,0,-,-,-,-,5348.2000,5348.0000,5347.4000,5347.0000,5346.8000,5348.6000,5349.0000,5349.2000,5350.2000,5350.4000,2,6,1,2,3,1,3,1,1,1
SF,IC2003,2020-01-03 13:49:06.900,5348.2000,53448,1,8929619560.000,1,1,0,双开,B,5348.2000,5348.0000,5347.4000,5347.0000,5346.8000,5348.6000,5349.0000,5350.4000,5350.6000,5351.0000,1,6,1,2,3,1,3,1,1,1
SF,IC2003,2020-01-03 13:49:07.400,5348.2000,53449,1,8930689200.000,1,1,0,双开,B,5348.0000,5347.4000,5347.0000,5346.8000,5346.0000,5348.6000,5349.0000,5350.4000,5350.6000,5351.0000,6,1,2,3,2,1,3,1,1,1
SF,IC2003,2020-01-03 13:49:09.400,5348.0000,53449,0,8933898000.000,3,1,2,空换,B,5348.0000,5347.4000,5347.0000,5346.8000,5346.0000,5348.6000,5349.0000,5350.4000,5350.6000,5351.0000,3,1,2,3,2,1,3,1,1,1
SF,IC2003,2020-01-03 13:49:09.900,5347.4000,53453,4,8938176280.000,4,4,0,双开,B,5347.0000,5346.8000,5346.0000,5345.2000,5345.0000,5348.0000,5348.2000,5348.4000,5348.6000,5350.4000,2,3,2,1,1,1,1,1,1,1
SF,IC2003,2020-01-03 13:49:10.400,5347.4000,53453,0,8938176280.000,0,-,-,-,-,5347.0000,5346.8000,5346.0000,5345.2000,5345.0000,5347.4000,5347.6000,5347.8000,5348.4000,5350.4000,2,3,2,1,1,1,1,2,1,1
SF,IC2003,2020-01-03 13:49:10.900,5347.0000,53453,0,8939245680.000,1,0,1,空换,B,5347.0000,5346.8000,5346.0000,5345.2000,5345.0000,5347.4000,5348.4000,5350.4000,5350.6000,5351.0000,1,3,2,1,1,1,1,1,1,1
SF,IC2003,2020-01-03 13:49:11.400,5347.4000,53452,-1,8940315160.000,1,0,1,双平,B,5347.0000,5346.8000,5346.0000,5345.2000,5345.0000,5348.0000,5348.4000,5350.4000,5350.6000,5351.0000,1,3,2,1,1,1,1,1,1,1
SF,IC2003,2020-01-03 13:49:11.900,5347.4000,53452,0,8940315160.000,0,-,-,-,-,5347.2000,5347.0000,5346.8000,5346.0000,5345.2000,5348.0000,5348.4000,5350.4000,5350.6000,5351.0000,3,1,3,2,1,1,1,1,1,1
SF,IC2003,2020-01-03 13:49:12.900,5347.4000,53452,0,8940315160.000,0,-,-,-,-,5347.2000,5347.0000,5346.8000,5346.0000,5345.2000,5348.0000,5348.4000,5350.4000,5350.6000,5351.0000,3,1,3,2,1,1,1,1,1,1
SF,IC2003,2020-01-03 13:49:13.400,5347.2000,53452,0,8941384600.000,1,0,1,空换,B,5347.2000,5347.0000,5346.8000,5346.0000,5345.2000,5348.0000,5348.4000,5350.4000,5350.6000,5351.0000,1,1,3,2,1,1,1,1,1,1
SF,IC2003,2020-01-03 13:49:13.900,5347.2000,53452,0,8941384600.000,0,-,-,-,-,5347.0000,5346.8000,5346.0000,5345.2000,5345.0000,5347.2000,5348.0000,5348.4000,5350.4000,5350.6000,1,3,2,1,1,1,1,1,1,1
SF,IC2003,2020-01-03 13:49:14.400,5347.2000,53452,0,8942454040.000,1,0,1,空换,B,5347.0000,5346.8000,5346.0000,5345.2000,5345.0000,5348.0000,5348.4000,5350.4000,5350.6000,5351.0000,1,3,8,1,1,1,1,1,1,1
SF,IC2003,2020-01-03 13:49:15.400,5347.2000,53452,0,8942454040.000,0,-,-,-,-,5347.0000,5346.8000,5346.0000,5345.2000,5345.0000,5347.2000,5347.8000,5348.0000,5348.4000,5350.4000,1,3,8,1,1,2,1,1,1,1
SF,IC2003,2020-01-03 13:49:15.900,5347.2000,53451,-1,8943523480.000,1,0,1,双平,B,5347.0000,5346.8000,5346.0000,5345.2000,5345.0000,5347.2000,5347.8000,5348.0000,5348.4000,5350.4000,1,3,8,1,1,1,1,1,1,1
SF,IC2003,2020-01-03 13:49:16.400,5347.2000,53451,0,8944592920.000,1,0,1,空换,B,5347.0000,5346.8000,5346.0000,5345.2000,5345.0000,5347.8000,5348.0000,5348.4000,5350.4000,5350.6000,1,3,8,1,1,1,1,1,1,1
SF,IC2003,2020-01-03 13:49:16.900,5347.8000,53450,-1,8945662480.000,1,0,1,双平,B,5347.0000,5346.8000,5346.0000,5345.2000,5345.0000,5348.0000,5348.4000,5350.4000,5350.6000,5351.0000,1,3,8,1,1,1,1,1,1,1
SF,IC2003,2020-01-03 13:49:17.400,5347.8000,53450,0,8945662480.000,0,-,-,-,-,5347.4000,5347.2000,5347.0000,5346.8000,5346.0000,5348.0000,5348.4000,5350.4000,5350.6000,5351.0000,1,2,1,3,8,1,1,1,1,1
SF,IC2003,2020-01-03 13:49:17.900,5348.0000,53450,0,8947801680.000,2,1,1,空换,B,5347.4000,5347.2000,5347.0000,5346.8000,5346.0000,5348.4000,5350.4000,5350.6000,5351.0000,5351.4000,1,2,1,3,8,1,1,1,1,1
SF,IC2003,2020-01-03 13:49:18.400,5348.0000,53450,0,8947801680.000,0,-,-,-,-,5347.8000,5347.6000,5347.0000,5346.8000,5346.0000,5348.4000,5350.4000,5350.6000,5351.0000,5351.4000,1,3,1,3,8,1,1,1,1,1
SF,IC2003,2020-01-03 13:49:18.900,5348.0000,53450,0,8947801680.000,0,-,-,-,-,5347.6000,5347.0000,5346.8000,5346.0000,5345.2000,5348.4000,5349.6000,5350.4000,5350.6000,5351.0000,3,1,3,8,1,1,1,1,1,1
SF,IC2003,2020-01-03 13:49:19.900,5348.0000,53450,0,8947801680.000,0,-,-,-,-,5347.8000,5347.6000,5347.0000,5346.8000,5346.0000,5348.4000,5349.6000,5350.4000,5350.6000,5351.0000,1,3,1,3,8,1,1,1,1,1
SF,IC2003,2020-01-03 13:49:21.400,5348.0000,53450,0,8947801680.000,0,-,-,-,-,5348.0000,5347.8000,5347.6000,5347.0000,5346.8000,5348.4000,5349.6000,5350.4000,5350.6000,5351.0000,1,1,3,1,3,1,1,1,1,1
SF,IC2003,2020-01-03 13:49:22.400,5348.0000,53450,0,8947801680.000,0,-,-,-,-,5348.0000,5347.8000,5347.6000,5347.0000,5346.8000,5348.4000,5348.6000,5349.6000,5350.4000,5350.6000,1,1,3,1,3,1,1,1,1,1
SF,IC2003,2020-01-03 13:49:23.900,5348.0000,53449,-1,8948871280.000,1,0,1,双平,B,5347.8000,5347.6000,5347.0000,5346.8000,5346.0000,5348.2000,5348.4000,5348.6000,5349.6000,5350.4000,1,3,1,3,8,1,1,1,1,1
SF,IC2003,2020-01-03 13:49:24.400,5348.0000,53449,0,8948871280.000,0,-,-,-,-,5348.0000,5347.6000,5347.0000,5346.8000,5346.0000,5348.2000,5348.4000,5348.6000,5349.6000,5350.4000,1,3,1,3,8,1,1,1,1,1
SF,IC2003,2020-01-03 13:49:24.900,5348.0000,53449,0,8949940880.000,1,0,1,空换,B,5347.6000,5347.0000,5346.8000,5346.0000,5345.2000,5348.0000,5348.2000,5348.4000,5348.6000,5349.6000,1,1,3,8,1,1,1,1,1,1
SF,IC2003,2020-01-03 13:49:25.400,5347.6000,53450,1,8951010400.000,1,1,0,双开,B,5347.0000,5346.8000,5346.0000,5345.2000,5345.0000,5348.0000,5348.2000,5348.4000,5348.6000,5349.6000,1,3,8,1,1,1,1,1,1,1
SF,IC2003,2020-01-03 13:49:25.900,5347.6000,53450,0,8951010400.000,0,-,-,-,-,5347.0000,5346.8000,5346.0000,5345.2000,5345.0000,5347.8000,5348.0000,5348.2000,5348.4000,5348.6000,1,3,8,1,1,2,1,1,1,1
SF,IC2003,2020-01-03 13:49:26.400,5347.8000,53450,0,8952079960.000,1,0,1,空换,B,5347.0000,5346.8000,5346.0000,5345.2000,5345.0000,5347.8000,5348.0000,5348.4000,5348.6000,5349.6000,1,3,8,1,1,1,1,1,1,1
SF,IC2003,2020-01-03 13:49:26.900,5347.8000,53450,0,8952079960.000,0,-,-,-,-,5347.0000,5346.8000,5346.0000,5345.2000,5345.0000,5347.6000,5347.8000,5348.0000,5348.4000,5348.6000,1,3,8,1,1,1,1,1,1,1
SF,IC2003,2020-01-03 13:49:27.400,5347.8000,53450,0,8952079960.000,0,-,-,-,-,5347.0000,5346.8000,5346.0000,5345.2000,5345.0000,5347.6000,5348.0000,5348.4000,5348.6000,5349.6000,1,3,8,1,1,1,1,1,1,1
SF,IC2003,2020-01-03 13:49:28.900,5347.8000,53450,0,8952079960.000,0,-,-,-,-,5347.0000,5346.8000,5346.0000,5345.2000,5345.0000,5347.6000,5348.0000,5348.4000,5348.6000,5349.6000,1,3,8,1,1,1,1,1,1,1
SF,IC2003,2020-01-03 13:49:29.900,5347.8000,53450,0,8952079960.000,0,-,-,-,-,5347.2000,5347.0000,5346.8000,5346.0000,5345.2000,5347.6000,5348.0000,5348.4000,5348.6000,5349.6000,1,1,3,8,1,1,1,1,1,1
SF,IC2003,2020-01-03 13:49:30.400,5347.8000,53450,0,8952079960.000,0,-,-,-,-,5347.0000,5346.8000,5346.0000,5345.2000,5345.0000,5347.6000,5348.0000,5348.4000,5348.6000,5349.6000,1,3,8,1,1,1,1,1,2,1
SF,IC2003,2020-01-03 13:49:30.900,5347.8000,53450,0,8952079960.000,0,-,-,-,-,5347.0000,5346.8000,5346.0000,5345.2000,5345.0000,5347.6000,5348.4000,5348.6000,5349.6000,5350.4000,1,3,8,1,1,1,1,2,1,1
SF,IC2003,2020-01-03 13:49:31.400,5347.8000,53450,0,8952079960.000,0,-,-,-,-,5347.0000,5346.8000,5346.0000,5345.2000,5345.0000,5347.6000,5348.4000,5348.6000,5350.4000,5350.6000,1,3,8,1,1,1,1,2,1,1
SF,IC2003,2020-01-03 13:49:31.900,5347.8000,53450,0,8952079960.000,0,-,-,-,-,5347.2000,5347.0000,5346.8000,5346.0000,5345.2000,5347.6000,5348.4000,5348.6000,5350.4000,5350.6000,1,1,3,8,1,1,1,2,1,1
SF,IC2003,2020-01-03 13:49:32.900,5347.8000,53450,0,8952079960.000,0,-,-,-,-,5347.4000,5347.2000,5347.0000,5346.8000,5346.6000,5347.6000,5348.4000,5348.6000,5350.4000,5350.6000,1,1,1,3,3,1,1,2,1,1
SF,IC2003,2020-01-03 13:49:33.400,5347.6000,53450,0,8953149480.000,1,0,1,空换,B,5347.8000,5347.6000,5347.4000,5347.2000,5347.0000,5348.4000,5348.6000,5350.4000,5350.6000,5351.0000,1,2,1,1,1,1,2,1,1,1
SF,IC2003,2020-01-03 13:49:33.900,5347.6000,53450,0,8953149480.000,0,-,-,-,-,5347.6000,5347.4000,5347.2000,5347.0000,5346.8000,5348.4000,5348.6000,5350.4000,5350.6000,5351.0000,1,1,1,1,3,1,2,1,1,1
SF,IC2003,2020-01-03 13:49:34.400,5347.6000,53450,0,8953149480.000,0,-,-,-,-,5347.4000,5347.2000,5347.0000,5346.8000,5346.6000,5348.4000,5348.6000,5350.4000,5350.6000,5351.0000,1,1,1,3,3,2,2,1,1,1
SF,IC2003,2020-01-03 13:49:34.900,5347.6000,53450,0,8953149480.000,0,-,-,-,-,5347.6000,5347.4000,5347.2000,5347.0000,5346.8000,5348.4000,5348.6000,5350.4000,5350.6000,5351.0000,2,1,1,1,3,2,2,1,1,1
SF,IC2003,2020-01-03 13:49:36.900,5347.6000,53450,0,8953149480.000,0,-,-,-,-,5347.6000,5347.4000,5347.2000,5347.0000,5346.8000,5348.4000,5348.6000,5350.4000,5350.6000,5351.0000,2,1,1,1,3,3,2,1,1,1
SF,IC2003,2020-01-03 13:49:37.900,5347.6000,53450,0,8953149480.000,0,-,-,-,-,5347.6000,5347.2000,5347.0000,5346.8000,5346.6000,5348.4000,5348.6000,5350.4000,5350.6000,5351.0000,2,1,1,3,3,3,2,1,1,1
SF,IC2003,2020-01-03 13:49:38.400,5347.6000,53450,0,8954219000.000,1,0,1,空换,B,5348.0000,5347.8000,5347.6000,5347.2000,5347.0000,5348.4000,5348.6000,5350.4000,5350.6000,5351.0000,1,1,1,1,1,3,2,1,1,1
SF,IC2003,2020-01-03 13:49:38.900,5348.0000,53449,-1,8955288600.000,1,0,1,双平,B,5347.8000,5347.2000,5347.0000,5346.8000,5346.6000,5348.0000,5348.4000,5348.6000,5350.4000,5350.6000,1,1,1,3,3,3,3,2,1,1
SF,IC2003,2020-01-03 13:49:39.400,5347.8000,53449,0,8956358160.000,1,0,1,空换,B,5347.2000,5347.0000,5346.8000,5346.6000,5346.0000,5347.6000,5347.8000,5348.4000,5348.6000,5350.4000,1,1,3,3,8,1,1,2,2,1
SF,IC2003,2020-01-03 13:49:42.400,5347.8000,53449,0,8956358160.000,0,-,-,-,-,5347.2000,5347.0000,5346.8000,5346.6000,5346.0000,5347.6000,5347.8000,5348.4000,5348.6000,5350.4000,1,1,3,3,8,1,1,2,2,1
SF,IC2003,2020-01-03 13:49:43.400,5346.8000,53451,2,8959566360.000,3,2,1,多开,B,5346.8000,5346.6000,5346.0000,5345.2000,5345.0000,5347.2000,5347.6000,5347.8000,5348.4000,5348.6000,2,3,8,1,1,4,2,1,2,2
SF,IC2003,2020-01-03 13:49:43.900,5346.8000,53451,0,8962774440.000,3,1,2,空换,B,5346.6000,5346.0000,5345.2000,5345.0000,5344.0000,5346.8000,5347.6000,5347.8000,5348.4000,5348.6000,3,8,1,1,1,3,1,1,2,2
SF,IC2003,2020-01-03 13:49:44.400,5346.6000,53454,3,8965982400.000,3,3,0,双开,B,5346.0000,5345.2000,5345.0000,5344.0000,5343.4000,5346.4000,5346.8000,5347.6000,5347.8000,5348.4000,8,1,1,1,1,1,2,1,1,2
SF,IC2003,2020-01-03 13:49:44.900,5346.0000,53454,0,8968120800.000,2,1,1,空换,B,5346.0000,5345.2000,5345.0000,5344.0000,5343.4000,5346.8000,5347.6000,5347.8000,5348.4000,5348.6000,6,1,1,1,1,2,1,1,2,2
SF,IC2003,2020-01-03 13:49:45.400,5346.0000,53454,0,8968120800.000,0,-,-,-,-,5346.0000,5345.2000,5345.0000,5344.0000,5343.4000,5346.8000,5347.6000,5347.8000,5348.4000,5348.6000,6,1,1,1,1,2,1,1,2,2
SF,IC2003,2020-01-03 13:49:45.900,5346.6000,53455,1,8969190120.000,1,1,0,双开,B,5346.0000,5345.2000,5345.0000,5344.0000,5343.4000,5346.6000,5346.8000,5347.6000,5347.8000,5348.0000,6,1,1,1,1,2,2,1,1,1
SF,IC2003,2020-01-03 13:49:46.400,5346.0000,53455,0,8972397720.000,3,1,2,空换,B,5346.0000,5345.2000,5345.0000,5344.0000,5343.4000,5346.4000,5346.6000,5347.6000,5347.8000,5348.0000,3,1,1,1,1,1,2,1,1,1
SF,IC2003,2020-01-03 13:49:46.900,5345.6000,53455,0,8977743480.000,5,2,3,空换,B,5345.0000,5344.0000,5343.4000,5343.0000,5342.2000,5346.0000,5346.4000,5347.4000,5347.8000,5348.0000,1,1,1,1,1,2,1,1,1,1
SF,IC2003,2020-01-03 13:49:47.400,5345.6000,53455,0,8977743480.000,0,-,-,-,-,5345.0000,5344.0000,5343.4000,5343.0000,5342.2000,5345.8000,5346.0000,5346.4000,5347.4000,5348.0000,1,1,1,1,1,2,1,1,1,1
SF,IC2003,2020-01-03 13:49:47.900,5345.0000,53456,1,8978812480.000,1,1,0,双开,B,5344.0000,5343.4000,5343.0000,5342.2000,5342.0000,5345.6000,5345.8000,5346.0000,5346.4000,5347.4000,1,1,1,1,1,1,2,1,1,1
SF,IC2003,2020-01-03 13:49:48.400,5345.0000,53456,0,8978812480.000,0,-,-,-,-,5344.2000,5344.0000,5343.4000,5343.0000,5342.2000,5345.6000,5346.0000,5346.4000,5347.4000,5348.4000,3,1,1,1,1,1,1,1,1,1
SF,IC2003,2020-01-03 13:49:48.900,5344.2000,53455,-1,8979881320.000,1,0,1,双平,B,5344.2000,5344.0000,5343.4000,5343.0000,5342.2000,5345.0000,5345.4000,5345.6000,5346.0000,5346.4000,2,1,1,1,1,1,5,1,1,1
SF,IC2003,2020-01-03 13:49:49.400,5344.2000,53455,0,8979881320.000,0,-,-,-,-,5344.0000,5343.4000,5343.0000,5342.2000,5342.0000,5345.0000,5345.4000,5345.6000,5346.0000,5346.4000,1,1,1,1,1,2,5,1,2,1
SF,IC2003,2020-01-03 13:49:50.400,5345.0000,53454,-1,8980950320.000,1,0,1,双平,B,5344.4000,5344.0000,5343.4000,5343.0000,5342.2000,5345.0000,5345.4000,5345.6000,5346.0000,5346.4000,1,1,1,1,1,1,3,1,2,1
SF,IC2003,2020-01-03 13:49:50.900,5345.0000,53454,0,8980950320.000,0,-,-,-,-,5344.4000,5344.0000,5343.4000,5343.0000,5342.2000,5345.4000,5345.6000,5346.0000,5346.4000,5347.4000,1,1,1,1,1,3,1,2,1,1
SF,IC2003,2020-01-03 13:49:51.400,5345.0000,53454,0,8980950320.000,0,-,-,-,-,5344.0000,5343.4000,5343.0000,5342.2000,5342.0000,5345.0000,5345.2000,5345.4000,5345.6000,5346.0000,1,1,1,1,1,1,2,2,1,2
SF,IC2003,2020-01-03 13:49:51.900,5345.0000,53454,0,8980950320.000,0,-,-,-,-,5344.0000,5343.4000,5343.0000,5342.2000,5342.0000,5344.6000,5344.8000,5345.0000,5345.2000,5346.0000,1,1,1,1,1,1,1,1,2,2
SF,IC2003,2020-01-03 13:49:52.400,5344.0000,53454,0,8982019120.000,1,0,1,空换,B,5343.4000,5343.0000,5342.2000,5342.0000,5340.6000,5344.6000,5344.8000,5345.0000,5345.2000,5346.0000,1,1,1,1,1,1,1,1,2,2
SF,IC2003,2020-01-03 13:49:52.900,5344.0000,53454,0,8982019120.000,0,-,-,-,-,5343.6000,5343.4000,5343.0000,5342.2000,5342.0000,5344.6000,5344.8000,5345.2000,5346.0000,5346.4000,2,1,1,1,1,1,1,2,2,1
SF,IC2003,2020-01-03 13:49:53.400,5343.8000,53454,0,8983087880.000,1,0,1,空换,B,5343.6000,5343.4000,5343.0000,5342.2000,5342.0000,5344.6000,5344.8000,5345.2000,5346.0000,5346.4000,2,1,1,1,1,1,1,2,3,1
SF,IC2003,2020-01-03 13:49:53.900,5343.8000,53454,0,8983087880.000,0,-,-,-,-,5343.6000,5343.4000,5343.0000,5342.2000,5342.0000,5344.6000,5345.2000,5346.0000,5346.4000,5347.4000,2,1,1,1,1,1,2,3,1,1
SF,IC2003,2020-01-03 13:49:54.400,5344.6000,53453,-1,8984156800.000,1,0,1,双平,B,5344.6000,5343.6000,5343.4000,5343.0000,5342.2000,5345.0000,5346.0000,5346.4000,5347.4000,5348.4000,2,2,1,1,1,1,2,1,1,1
SF,IC2003,2020-01-03 13:49:54.900,5344.6000,53453,0,8984156800.000,0,-,-,-,-,5343.6000,5343.4000,5343.0000,5342.2000,5342.0000,5346.0000,5346.4000,5347.4000,5348.4000,5348.6000,2,1,1,1,1,1,1,1,1,2
SF,IC2003,2020-01-03 13:49:55.400,5345.8000,53453,0,8986295120.000,2,1,1,空换,B,5345.6000,5344.8000,5344.6000,5344.4000,5344.0000,5345.8000,5346.0000,5346.4000,5347.4000,5348.4000,1,1,2,1,2,1,1,1,1,1
SF,IC2003,2020-01-03 13:49:55.900,5346.0000,53454,1,8988433480.000,2,1,1,多开,B,5346.0000,5345.8000,5345.6000,5343.8000,5343.6000,5346.4000,5347.4000,5348.4000,5348.6000,5350.4000,1,8,1,1,2,1,1,1,2,1
SF,IC2003,2020-01-03 13:49:56.400,5346.4000,53455,1,8989502760.000,1,1,0,双开,B,5347.0000,5346.8000,5346.6000,5346.4000,5345.8000,5347.4000,5348.4000,5348.6000,5350.4000,5350.6000,1,2,7,9,6,1,1,2,1,1
SF,IC2003,2020-01-03 13:49:56.900,5347.4000,53454,-1,8990572240.000,1,0,1,双平,B,5347.4000,5347.2000,5347.0000,5346.6000,5346.4000,5348.4000,5348.6000,5350.4000,5350.6000,5351.4000,1,1,1,2,4,1,2,1,1,1
SF,IC2003,2020-01-03 13:49:57.400,5347.6000,53453,-1,8992711200.000,2,0,2,空平,B,5346.6000,5346.4000,5345.8000,5344.8000,5343.8000,5348.2000,5348.4000,5348.6000,5350.4000,5350.6000,2,3,2,1,2,2,1,2,1,1
SF,IC2003,2020-01-03 13:49:57.900,5346.6000,53452,-1,8994849840.000,2,0,2,空平,B,5346.4000,5345.8000,5344.8000,5343.8000,5343.4000,5347.8000,5348.0000,5348.2000,5348.4000,5348.6000,3,2,1,2,1,1,6,2,1,2
SF,IC2003,2020-01-03 13:49:58.400,5346.4000,53451,-1,8998057680.000,3,1,2,空平,B,5345.8000,5344.8000,5343.8000,5343.4000,5343.0000,5347.4000,5347.6000,5347.8000,5348.0000,5348.4000,2,1,2,1,1,2,10,2,3,1
SF,IC2003,2020-01-03 13:49:58.900,5346.4000,53451,0,8998057680.000,0,-,-,-,-,5346.4000,5346.0000,5345.8000,5343.8000,5343.4000,5347.2000,5347.4000,5347.6000,5347.8000,5348.0000,1,2,1,2,1,1,2,3,2,3
SF,IC2003,2020-01-03 13:49:59.400,5346.0000,53450,-1,9000196160.000,2,0,2,空平,B,5345.8000,5345.0000,5343.8000,5343.4000,5343.0000,5346.4000,5347.0000,5347.4000,5347.6000,5347.8000,1,1,2,1,1,1,2,2,1,2
SF,IC2003,2020-01-03 13:49:59.900,5346.0000,53450,0,9000196160.000,0,-,-,-,-,5345.8000,5345.0000,5343.8000,5343.4000,5343.0000,5346.2000,5346.4000,5346.6000,5347.6000,5347.8000,1,1,2,1,1,3,1,1,1,1
SF,IC2003,2020-01-03 13:50:00.400,5345.8000,53451,1,9001265320.000,1,1,0,双开,B,5345.0000,5343.8000,5343.4000,5343.0000,5342.2000,5346.2000,5346.4000,5346.6000,5347.6000,5347.8000,1,2,1,1,1,3,1,1,1,1
SF,IC2003,2020-01-03 13:50:00.900,5345.8000,53451,0,9001265320.000,0,-,-,-,-,5345.2000,5345.0000,5343.8000,5343.4000,5343.0000,5346.2000,5346.4000,5346.6000,5347.6000,5347.8000,2,1,2,1,1,3,1,1,1,1
SF,IC2003,2020-01-03 13:50:01.400,5345.8000,53451,0,9001265320.000,0,-,-,-,-,5345.4000,5345.2000,5345.0000,5343.8000,5343.4000,5346.4000,5346.6000,5348.0000,5348.4000,5348.6000,1,2,1,2,1,1,1,2,1,2
SF,IC2003,2020-01-03 13:50:01.900,5345.8000,53451,0,9001265320.000,0,-,-,-,-,5345.4000,5345.2000,5345.0000,5343.8000,5343.4000,5346.2000,5346.4000,5348.0000,5348.4000,5348.6000,1,2,1,2,1,1,1,2,1,2
SF,IC2003,2020-01-03 13:50:02.900,5345.8000,53451,0,9001265320.000,0,-,-,-,-,5345.2000,5345.0000,5343.8000,5343.4000,5343.2000,5345.8000,5346.2000,5346.4000,5348.0000,5348.4000,2,1,2,1,1,1,1,1,2,1
SF,IC2003,2020-01-03 13:50:03.400,5346.2000,53450,-1,9002334560.000,1,0,1,双平,B,5346.2000,5345.2000,5345.0000,5343.8000,5343.4000,5346.4000,5348.0000,5348.4000,5348.6000,5349.4000,1,2,1,2,1,1,2,1,2,2
SF,IC2003,2020-01-03 13:50:03.900,5346.2000,53450,0,9002334560.000,0,-,-,-,-,5346.2000,5346.0000,5345.2000,5345.0000,5343.8000,5346.4000,5348.0000,5348.4000,5348.6000,5349.4000,1,1,2,1,2,1,3,1,2,2
SF,IC2003,2020-01-03 13:50:04.400,5346.2000,53450,0,9002334560.000,0,-,-,-,-,5346.2000,5346.0000,5345.2000,5345.0000,5343.8000,5346.4000,5347.4000,5348.0000,5348.4000,5348.6000,1,1,2,1,2,1,1,3,1,2
SF,IC2003,2020-01-03 13:50:04.900,5346.0000,53450,0,9004473000.000,2,1,1,空换,B,5345.2000,5345.0000,5343.8000,5343.4000,5343.2000,5346.4000,5347.4000,5348.0000,5348.4000,5348.6000,2,1,2,1,1,1,1,3,1,2
SF,IC2003,2020-01-03 13:50:05.900,5346.0000,53450,0,9004473000.000,0,-,-,-,-,5346.2000,5345.2000,5345.0000,5343.8000,5343.4000,5346.4000,5347.4000,5348.0000,5348.4000,5348.6000,1,2,1,2,1,1,1,3,1,2
SF,IC2003,2020-01-03 13:50:06.400,5346.2000,53450,0,9005542240.000,1,0,1,空换,B,5345.2000,5345.0000,5343.8000,5343.4000,5343.2000,5346.4000,5347.4000,5348.0000,5348.4000,5348.6000,2,1,2,1,1,1,1,3,1,2
SF,IC2003,2020-01-03 13:50:06.900,5346.2000,53450,0,9005542240.000,0,-,-,-,-,5345.4000,5345.2000,5345.0000,5343.8000,5343.4000,5346.4000,5347.4000,5348.0000,5348.4000,5348.6000,1,2,1,2,1,1,1,3,1,2
SF,IC2003,2020-01-03 13:50:08.400,5346.2000,53450,0,9005542240.000,0,-,-,-,-,5345.2000,5345.0000,5343.8000,5343.4000,5343.2000,5346.4000,5347.4000,5348.0000,5348.4000,5348.6000,2,1,2,1,1,1,1,3,1,2
SF,IC2003,2020-01-03 13:50:08.900,5346.2000,53450,0,9005542240.000,0,-,-,-,-,5345.2000,5345.0000,5343.8000,5343.4000,5343.2000,5346.2000,5346.4000,5347.4000,5348.0000,5348.4000,2,2,2,1,1,2,1,1,3,1
SF,IC2003,2020-01-03 13:50:10.400,5346.2000,53450,0,9005542240.000,0,-,-,-,-,5345.2000,5345.0000,5343.8000,5343.4000,5343.2000,5346.2000,5346.4000,5347.4000,5348.0000,5348.4000,2,2,2,1,1,2,1,1,4,1
SF,IC2003,2020-01-03 13:50:10.900,5346.2000,53451,1,9006611480.000,1,1,0,双开,B,5345.2000,5345.0000,5343.8000,5343.4000,5343.2000,5346.2000,5347.4000,5348.0000,5348.4000,5348.6000,2,2,2,1,1,1,1,4,1,2
SF,IC2003,2020-01-03 13:50:11.400,5346.2000,53451,0,9006611480.000,0,-,-,-,-,5345.2000,5345.0000,5343.8000,5343.4000,5343.2000,5346.0000,5347.4000,5348.0000,5348.4000,5348.6000,2,2,2,1,1,1,1,4,1,2
SF,IC2003,2020-01-03 13:50:15.400,5346.0000,53452,1,9007680680.000,1,1,0,双开,B,5345.2000,5345.0000,5343.8000,5343.4000,5343.2000,5347.4000,5348.0000,5348.4000,5348.6000,5349.4000,2,2,2,1,1,1,4,1,2,2
SF,IC2003,2020-01-03 13:50:15.900,5346.0000,53452,0,9007680680.000,0,-,-,-,-,5345.2000,5345.0000,5343.8000,5343.4000,5343.2000,5347.0000,5347.4000,5348.0000,5348.4000,5348.6000,2,2,2,1,1,1,1,4,1,2
SF,IC2003,2020-01-03 13:50:16.400,5346.0000,53452,0,9007680680.000,0,-,-,-,-,5345.2000,5345.0000,5343.8000,5343.4000,5343.2000,5346.6000,5346.8000,5347.0000,5348.0000,5348.4000,2,2,2,1,1,1,2,1,3,1
SF,IC2003,2020-01-03 13:50:16.900,5346.0000,53452,0,9007680680.000,0,-,-,-,-,5345.2000,5345.0000,5343.8000,5343.4000,5343.2000,5346.4000,5346.6000,5347.0000,5348.0000,5348.4000,2,2,2,1,1,2,2,1,3,1
SF,IC2003,2020-01-03 13:50:17.900,5346.0000,53452,0,9007680680.000,0,-,-,-,-,5345.4000,5345.2000,5345.0000,5343.8000,5343.4000,5346.4000,5346.6000,5347.0000,5348.0000,5348.4000,1,2,2,2,1,2,2,1,3,1
SF,IC2003,2020-01-03 13:50:18.900,5346.0000,53452,0,9007680680.000,0,-,-,-,-,5345.4000,5345.2000,5345.0000,5343.8000,5343.6000,5346.4000,5346.6000,5347.0000,5348.0000,5348.4000,1,2,2,2,4,2,2,1,2,1
SF,IC2003,2020-01-03 13:50:19.400,5346.0000,53452,0,9007680680.000,0,-,-,-,-,5345.6000,5345.4000,5345.0000,5343.8000,5343.6000,5346.6000,5347.0000,5348.0000,5348.4000,5348.6000,2,1,2,2,4,1,1,2,1,2
SF,IC2003,2020-01-03 13:50:19.900,5346.0000,53452,0,9007680680.000,0,-,-,-,-,5345.6000,5345.4000,5345.0000,5343.8000,5343.6000,5347.0000,5348.0000,5348.4000,5348.6000,5349.4000,2,1,2,2,4,1,2,1,2,2
SF,IC2003,2020-01-03 13:50:20.400,5346.0000,53452,0,9007680680.000,0,-,-,-,-,5345.6000,5345.4000,5345.0000,5343.8000,5343.6000,5346.8000,5347.0000,5347.2000,5348.0000,5348.4000,2,1,2,2,4,2,1,1,2,1
SF,IC2003,2020-01-03 13:50:20.900,5346.0000,53452,0,9007680680.000,0,-,-,-,-,5345.6000,5345.4000,5345.0000,5343.8000,5343.6000,5347.0000,5347.2000,5348.0000,5348.4000,5348.6000,2,1,2,2,4,1,1,2,1,2
SF,IC2003,2020-01-03 13:50:21.900,5346.0000,53452,0,9007680680.000,0,-,-,-,-,5345.8000,5345.6000,5345.4000,5345.0000,5343.8000,5347.2000,5348.0000,5348.4000,5348.6000,5349.4000,1,2,1,2,2,1,2,1,1,2
SF,IC2003,2020-01-03 13:50:22.400,5346.0000,53452,0,9007680680.000,0,-,-,-,-,5346.0000,5345.8000,5345.4000,5345.0000,5343.8000,5348.0000,5348.4000,5348.6000,5349.4000,5350.4000,2,1,1,2,2,2,1,1,2,1
SF,IC2003,2020-01-03 13:50:22.900,5346.0000,53452,0,9007680680.000,0,-,-,-,-,5346.0000,5345.8000,5345.4000,5345.0000,5343.8000,5347.8000,5348.0000,5348.4000,5348.6000,5349.4000,2,1,1,2,2,3,2,1,1,2
SF,IC2003,2020-01-03 13:50:23.400,5346.0000,53452,0,9007680680.000,0,-,-,-,-,5346.4000,5346.0000,5345.8000,5345.4000,5345.0000,5347.8000,5348.0000,5348.4000,5348.6000,5349.4000,2,2,1,1,2,2,2,1,1,2
SF,IC2003,2020-01-03 13:50:23.900,5346.0000,53452,0,9007680680.000,0,-,-,-,-,5346.6000,5346.4000,5345.8000,5345.4000,5345.0000,5347.8000,5348.0000,5348.4000,5348.6000,5349.4000,2,2,1,1,2,2,2,1,1,2
SF,IC2003,2020-01-03 13:50:24.400,5346.0000,53452,0,9007680680.000,0,-,-,-,-,5345.8000,5345.4000,5345.0000,5343.8000,5343.6000,5347.8000,5348.0000,5348.4000,5348.6000,5349.4000,1,1,2,2,4,2,2,1,1,2
SF,IC2003,2020-01-03 13:50:24.900,5346.0000,53452,0,9007680680.000,0,-,-,-,-,5346.0000,5345.8000,5345.4000,5345.0000,5343.8000,5347.4000,5347.6000,5347.8000,5348.0000,5348.4000,4,1,1,2,2,1,2,2,2,1
SF,IC2003,2020-01-03 13:50:25.400,5346.0000,53452,0,9007680680.000,0,-,-,-,-,5346.0000,5345.4000,5345.0000,5343.8000,5343.6000,5347.2000,5347.4000,5347.6000,5348.0000,5348.4000,2,1,2,2,4,2,1,1,2,1
SF,IC2003,2020-01-03 13:50:25.900,5346.0000,53452,0,9007680680.000,0,-,-,-,-,5346.0000,5345.4000,5345.0000,5343.8000,5343.6000,5347.0000,5347.2000,5347.4000,5347.6000,5348.0000,2,1,2,2,4,1,2,1,1,2
SF,IC2003,2020-01-03 13:50:26.900,5346.0000,53452,0,9007680680.000,0,-,-,-,-,5346.0000,5345.4000,5345.0000,5343.8000,5343.6000,5346.6000,5347.0000,5347.2000,5347.6000,5348.0000,2,1,2,2,4,1,1,2,1,2
SF,IC2003,2020-01-03 13:50:27.400,5346.0000,53452,0,9007680680.000,0,-,-,-,-,5345.4000,5345.0000,5343.8000,5343.6000,5343.4000,5346.6000,5347.0000,5347.2000,5347.6000,5348.0000,1,2,2,4,1,1,1,2,1,2
SF,IC2003,2020-01-03 13:50:27.900,5346.0000,53452,0,9007680680.000,0,-,-,-,-,5345.6000,5345.4000,5345.0000,5343.8000,5343.6000,5346.6000,5347.0000,5347.2000,5347.6000,5348.0000,2,1,2,2,4,2,1,2,1,2
SF,IC2003,2020-01-03 13:50:28.400,5345.6000,53452,0,9008749800.000,1,0,1,空换,B,5345.4000,5345.0000,5343.8000,5343.6000,5343.4000,5345.6000,5346.0000,5346.2000,5346.4000,5346.6000,1,2,2,4,1,1,1,1,4,1
SF,IC2003,2020-01-03 13:50:28.900,5345.0000,53453,1,9010887880.000,2,1,1,多开,B,5345.0000,5343.8000,5343.6000,5343.4000,5343.2000,5345.4000,5345.6000,5346.4000,5346.6000,5347.0000,1,2,4,1,1,3,1,3,1,1
SF,IC2003,2020-01-03 13:50:29.400,5345.0000,53454,1,9011956880.000,1,1,0,双开,B,5343.8000,5343.6000,5343.4000,5343.2000,5343.0000,5345.6000,5346.4000,5346.6000,5347.0000,5348.0000,2,4,1,1,1,1,3,1,1,1
SF,IC2003,2020-01-03 13:50:29.900,5345.0000,53454,0,9011956880.000,0,-,-,-,-,5345.2000,5344.2000,5344.0000,5343.8000,5343.6000,5345.6000,5346.4000,5346.6000,5348.0000,5348.4000,1,2,2,2,4,1,1,1,1,1
SF,IC2003,2020-01-03 13:50:30.400,5345.0000,53454,0,9011956880.000,0,-,-,-,-,5345.2000,5344.0000,5343.8000,5343.6000,5343.4000,5345.6000,5346.4000,5346.6000,5348.0000,5348.4000,1,2,2,4,1,1,1,1,1,1
SF,IC2003,2020-01-03 13:50:30.900,5345.0000,53454,0,9011956880.000,0,-,-,-,-,5345.2000,5344.0000,5343.8000,5343.6000,5343.4000,5345.6000,5346.4000,5348.0000,5348.4000,5348.6000,1,2,2,4,1,1,1,1,1,1
SF,IC2003,2020-01-03 13:50:31.400,5345.6000,53453,-1,9013026000.000,1,0,1,双平,B,5345.2000,5344.0000,5343.8000,5343.6000,5343.4000,5346.4000,5348.0000,5348.4000,5348.6000,5349.4000,1,2,2,4,1,1,1,1,1,2
SF,IC2003,2020-01-03 13:50:31.900,5345.6000,53453,0,9013026000.000,0,-,-,-,-,5345.2000,5344.0000,5343.8000,5343.6000,5343.4000,5348.0000,5348.4000,5348.6000,5349.4000,5350.4000,1,2,2,4,1,1,1,1,2,1
SF,IC2003,2020-01-03 13:50:32.400,5345.6000,53453,0,9013026000.000,0,-,-,-,-,5345.4000,5345.2000,5343.8000,5343.6000,5343.4000,5346.6000,5347.0000,5347.4000,5347.6000,5347.8000,2,1,2,4,1,1,1,2,1,11
SF,IC2003,2020-01-03 13:50:32.900,5345.6000,53453,0,9013026000.000,0,-,-,-,-,5345.4000,5345.2000,5343.8000,5343.6000,5343.4000,5346.4000,5346.6000,5347.0000,5347.4000,5347.6000,2,1,2,4,1,2,1,1,1,1
SF,IC2003,2020-01-03 13:50:33.400,5345.6000,53453,0,9013026000.000,0,-,-,-,-,5345.4000,5345.2000,5343.8000,5343.6000,5343.4000,5346.4000,5346.6000,5347.0000,5347.4000,5347.6000,2,1,2,4,1,2,1,1,1,1
SF,IC2003,2020-01-03 13:50:33.900,5345.6000,53453,0,9013026000.000,0,-,-,-,-,5346.4000,5345.4000,5345.2000,5343.8000,5343.6000,5346.6000,5347.0000,5347.6000,5347.8000,5348.0000,1,2,1,2,4,1,1,1,7,1
SF,IC2003,2020-01-03 13:50:34.400,5346.0000,53452,-1,9014095200.000,1,0,1,双平,B,5345.4000,5345.2000,5343.8000,5343.6000,5343.4000,5346.6000,5346.8000,5347.0000,5347.6000,5347.8000,2,1,2,4,1,1,1,1,1,6
SF,IC2003,2020-01-03 13:50:34.900,5346.0000,53452,0,9014095200.000,0,-,-,-,-,5345.4000,5343.8000,5343.6000,5343.4000,5343.2000,5346.6000,5346.8000,5347.0000,5347.6000,5347.8000,2,2,4,1,1,1,1,1,1,6
SF,IC2003,2020-01-03 13:50:35.400,5346.6000,53451,-1,9015164520.000,1,0,1,双平,B,5346.0000,5345.6000,5345.4000,5343.8000,5343.6000,5347.0000,5347.6000,5347.8000,5348.0000,5348.4000,1,1,2,2,4,1,1,6,1,1
SF,IC2003,2020-01-03 13:50:35.900,5346.6000,53451,0,9015164520.000,0,-,-,-,-,5346.2000,5346.0000,5345.6000,5343.8000,5343.6000,5347.0000,5348.0000,5348.4000,5348.6000,5349.4000,2,1,1,2,4,1,1,1,1,2
SF,IC2003,2020-01-03 13:50:36.400,5346.6000,53451,0,9015164520.000,0,-,-,-,-,5346.2000,5346.0000,5345.6000,5343.8000,5343.6000,5347.8000,5348.0000,5348.4000,5348.6000,5349.0000,2,1,1,2,4,1,1,1,1,1
SF,IC2003,2020-01-03 13:50:36.900,5346.6000,53451,0,9015164520.000,0,-,-,-,-,5346.0000,5345.6000,5343.8000,5343.6000,5343.4000,5347.4000,5347.6000,5347.8000,5348.0000,5348.4000,1,1,2,4,1,1,2,1,1,1
SF,IC2003,2020-01-03 13:50:37.400,5346.6000,53451,0,9015164520.000,0,-,-,-,-,5346.0000,5343.8000,5343.6000,5343.4000,5343.2000,5347.2000,5347.4000,5348.0000,5348.4000,5348.6000,1,2,4,1,1,2,1,1,1,1
SF,IC2003,2020-01-03 13:50:37.900,5346.6000,53451,0,9015164520.000,0,-,-,-,-,5346.0000,5343.8000,5343.6000,5343.4000,5343.2000,5347.0000,5347.2000,5347.4000,5348.0000,5348.4000,1,2,4,1,1,1,2,1,1,1
SF,IC2003,2020-01-03 13:50:38.900,5346.6000,53451,0,9015164520.000,0,-,-,-,-,5346.0000,5343.8000,5343.6000,5343.4000,5343.2000,5347.0000,5347.2000,5347.4000,5348.0000,5348.4000,1,2,4,1,1,1,2,1,1,1
SF,IC2003,2020-01-03 13:50:40.900,5346.6000,53451,0,9015164520.000,0,-,-,-,-,5343.8000,5343.6000,5343.4000,5343.2000,5343.0000,5347.0000,5347.2000,5347.4000,5348.0000,5348.4000,2,4,1,1,1,1,2,1,1,1
SF,IC2003,2020-01-03 13:50:41.400,5346.6000,53451,0,9015164520.000,0,-,-,-,-,5345.4000,5345.0000,5344.8000,5344.2000,5344.0000,5346.8000,5347.0000,5347.4000,5348.0000,5348.4000,3,2,2,3,5,3,1,1,1,1
SF,IC2003,2020-01-03 13:50:41.900,5346.6000,53451,0,9015164520.000,0,-,-,-,-,5345.6000,5345.4000,5345.0000,5344.8000,5344.2000,5347.4000,5348.0000,5348.4000,5348.6000,5349.0000,2,3,2,2,1,1,2,1,1,1
SF,IC2003,2020-01-03 13:50:42.400,5346.6000,53451,0,9015164520.000,0,-,-,-,-,5346.0000,5345.6000,5345.4000,5345.0000,5344.8000,5347.2000,5347.4000,5347.6000,5348.0000,5348.4000,2,2,3,2,2,2,1,1,2,1
SF,IC2003,2020-01-03 13:50:42.900,5346.6000,53451,0,9015164520.000,0,-,-,-,-,5345.6000,5345.4000,5345.0000,5344.8000,5344.2000,5346.8000,5347.0000,5347.2000,5347.6000,5348.0000,2,3,2,2,1,1,1,2,1,2
SF,IC2003,2020-01-03 13:50:43.400,5346.6000,53451,0,9015164520.000,0,-,-,-,-,5345.6000,5345.4000,5345.0000,5344.8000,5344.2000,5346.6000,5346.8000,5347.0000,5347.6000,5348.0000,2,3,2,2,1,2,1,1,1,2
SF,IC2003,2020-01-03 13:50:44.400,5346.6000,53452,1,9016233840.000,1,1,0,双开,B,5345.6000,5345.4000,5345.0000,5344.8000,5344.2000,5346.6000,5346.8000,5347.0000,5347.6000,5348.0000,2,3,2,2,1,1,1,1,1,2
SF,IC2003,2020-01-03 13:50:45.400,5346.6000,53452,0,9016233840.000,0,-,-,-,-,5345.6000,5345.4000,5345.0000,5344.8000,5344.2000,5346.0000,5346.6000,5346.8000,5347.0000,5347.6000,2,3,2,2,1,1,1,1,1,1
SF,IC2003,2020-01-03 13:50:45.900,5346.6000,53452,0,9016233840.000,0,-,-,-,-,5345.6000,5345.4000,5345.0000,5344.8000,5344.2000,5346.0000,5346.6000,5346.8000,5347.0000,5347.6000,2,3,2,2,1,1,1,1,1,1
SF,IC2003,2020-01-03 13:50:46.400,5346.6000,53452,0,9016233840.000,0,-,-,-,-,5345.6000,5345.4000,5345.0000,5344.8000,5344.2000,5346.0000,5346.6000,5346.8000,5347.6000,5348.0000,2,2,2,2,1,1,1,1,1,2
SF,IC2003,2020-01-03 13:50:46.900,5346.0000,53451,-1,9017303040.000,1,0,1,双平,B,5345.8000,5345.0000,5344.2000,5343.8000,5343.6000,5346.6000,5347.6000,5348.0000,5348.4000,5348.6000,1,1,1,2,4,1,1,2,1,1
SF,IC2003,2020-01-03 13:50:47.400,5345.8000,53450,-1,9018372200.000,1,0,1,双平,B,5345.0000,5344.2000,5343.8000,5343.6000,5343.4000,5346.2000,5346.6000,5347.6000,5348.0000,5348.4000,1,1,2,4,1,1,1,1,1,1
SF,IC2003,2020-01-03 13:50:47.900,5345.8000,53450,0,9018372200.000,0,-,-,-,-,5345.4000,5345.2000,5345.0000,5344.2000,5343.8000,5346.2000,5346.6000,5347.6000,5348.0000,5348.4000,4,2,1,1,2,2,1,1,1,1
SF,IC2003,2020-01-03 13:50:50.400,5345.8000,53450,0,9018372200.000,0,-,-,-,-,5345.4000,5345.2000,5345.0000,5344.2000,5343.8000,5346.2000,5346.6000,5347.6000,5348.0000,5348.4000,4,2,1,1,2,1,1,1,1,1
SF,IC2003,2020-01-03 13:50:51.400,5345.8000,53450,0,9018372200.000,0,-,-,-,-,5345.4000,5345.2000,5345.0000,5344.2000,5343.8000,5346.6000,5347.6000,5348.0000,5348.4000,5348.6000,4,2,1,1,2,1,1,1,1,1
SF,IC2003,2020-01-03 13:50:52.900,5345.8000,53450,0,9018372200.000,0,-,-,-,-,5345.6000,5345.4000,5345.2000,5345.0000,5344.2000,5346.2000,5346.6000,5347.6000,5348.0000,5348.4000,1,4,2,1,1,1,1,1,1,1
SF,IC2003,2020-01-03 13:50:55.900,5345.8000,53450,0,9018372200.000,0,-,-,-,-,5345.4000,5345.2000,5345.0000,5344.2000,5343.8000,5346.0000,5346.2000,5346.6000,5347.6000,5348.0000,4,2,1,1,2,1,1,1,1,1
SF,IC2003,2020-01-03 13:50:56.400,5346.0000,53449,-1,9019441400.000,1,0,1,双平,B,5345.4000,5345.2000,5345.0000,5344.2000,5343.8000,5346.2000,5346.6000,5347.6000,5348.0000,5348.4000,4,2,1,1,2,1,1,1,1,1
SF,IC2003,2020-01-03 13:50:58.900,5346.0000,53449,0,9019441400.000,0,-,-,-,-,5345.4000,5345.2000,5345.0000,5344.2000,5343.8000,5346.2000,5346.6000,5347.6000,5348.0000,5348.4000,4,2,1,1,2,1,1,1,1,1
SF,IC2003,2020-01-03 13:51:01.400,5346.0000,53449,0,9019441400.000,0,-,-,-,-,5346.2000,5345.4000,5345.2000,5345.0000,5344.2000,5346.6000,5347.6000,5348.0000,5348.4000,5348.6000,1,4,2,1,1,1,1,1,1,1
SF,IC2003,2020-01-03 13:51:01.900,5346.0000,53449,0,9019441400.000,0,-,-,-,-,5346.2000,5345.4000,5345.2000,5345.0000,5344.2000,5347.6000,5348.0000,5348.4000,5348.6000,5349.0000,2,4,2,1,1,1,1,1,1,1
SF,IC2003,2020-01-03 13:51:02.400,5346.0000,53449,0,9019441400.000,0,-,-,-,-,5346.4000,5346.2000,5345.4000,5344.2000,5343.8000,5347.6000,5348.0000,5348.4000,5348.6000,5349.0000,2,2,4,1,2,1,1,1,1,1
SF,IC2003,2020-01-03 13:51:02.900,5346.0000,53449,0,9019441400.000,0,-,-,-,-,5346.4000,5346.2000,5345.4000,5344.2000,5343.8000,5347.2000,5347.4000,5347.6000,5348.0000,5348.4000,2,2,4,1,2,1,2,1,1,1
SF,IC2003,2020-01-03 13:51:03.400,5346.0000,53449,0,9019441400.000,0,-,-,-,-,5346.2000,5345.4000,5344.2000,5343.8000,5343.6000,5347.2000,5347.4000,5347.6000,5348.0000,5348.4000,2,4,1,2,4,2,2,1,1,1
SF,IC2003,2020-01-03 13:51:03.900,5346.0000,53449,0,9019441400.000,0,-,-,-,-,5346.2000,5345.4000,5344.2000,5343.8000,5343.6000,5347.2000,5347.4000,5347.6000,5348.0000,5348.4000,2,4,1,2,4,1,2,1,1,1
SF,IC2003,2020-01-03 13:51:04.400,5346.0000,53449,0,9019441400.000,0,-,-,-,-,5346.2000,5345.4000,5344.2000,5343.8000,5343.6000,5347.2000,5347.4000,5347.6000,5348.0000,5348.4000,2,4,1,2,4,2,2,1,1,1
SF,IC2003,2020-01-03 13:51:04.900,5346.0000,53449,0,9019441400.000,0,-,-,-,-,5346.2000,5345.4000,5344.2000,5343.8000,5343.6000,5347.4000,5348.0000,5348.4000,5348.6000,5349.0000,2,4,1,2,4,2,1,1,1,1
SF,IC2003,2020-01-03 13:51:06.400,5346.0000,53449,0,9019441400.000,0,-,-,-,-,5346.2000,5345.4000,5344.2000,5343.8000,5343.6000,5347.2000,5347.4000,5348.0000,5348.4000,5348.6000,2,4,1,2,4,1,2,1,1,1
SF,IC2003,2020-01-03 13:51:06.900,5346.0000,53449,0,9019441400.000,0,-,-,-,-,5346.2000,5345.4000,5344.2000,5343.8000,5343.6000,5347.2000,5347.4000,5348.0000,5348.4000,5348.6000,2,4,1,2,4,2,2,1,1,1
SF,IC2003,2020-01-03 13:51:08.900,5346.0000,53449,0,9019441400.000,0,-,-,-,-,5346.2000,5346.0000,5345.4000,5344.2000,5343.8000,5347.2000,5347.4000,5348.0000,5348.4000,5348.6000,2,1,4,1,2,2,2,1,1,1
SF,IC2003,2020-01-03 13:51:09.400,5346.0000,53449,0,9019441400.000,0,-,-,-,-,5346.2000,5346.0000,5345.4000,5344.2000,5343.8000,5347.2000,5347.4000,5348.0000,5348.4000,5348.6000,2,1,4,1,2,1,2,1,1,1
SF,IC2003,2020-01-03 13:51:10.400,5347.2000,53448,-1,9020510840.000,1,0,1,双平,B,5346.2000,5346.0000,5345.4000,5344.2000,5343.8000,5347.4000,5348.0000,5348.4000,5348.6000,5349.0000,2,1,4,1,2,2,1,1,1,1
SF,IC2003,2020-01-03 13:51:10.900,5347.2000,53448,0,9020510840.000,0,-,-,-,-,5346.4000,5346.2000,5346.0000,5345.4000,5344.2000,5347.2000,5347.4000,5348.0000,5348.4000,5348.6000,2,2,1,4,1,1,2,1,1,1
SF,IC2003,2020-01-03 13:51:11.400,5347.2000,53448,0,9020510840.000,0,-,-,-,-,5346.4000,5346.2000,5346.0000,5345.4000,5344.2000,5347.2000,5348.0000,5348.4000,5348.6000,5349.0000,2,2,1,4,1,1,1,1,1,1
SF,IC2003,2020-01-03 13:51:11.900,5347.2000,53448,0,9020510840.000,0,-,-,-,-,5346.4000,5346.2000,5346.0000,5345.4000,5344.2000,5347.2000,5347.8000,5348.0000,5348.4000,5348.6000,2,2,1,4,1,1,1,1,1,1
SF,IC2003,2020-01-03 13:51:22.400,5347.2000,53448,0,9020510840.000,0,-,-,-,-,5346.4000,5346.2000,5346.0000,5345.4000,5344.2000,5347.2000,5347.8000,5348.0000,5348.4000,5348.6000,2,1,1,4,1,1,1,1,1,1
SF,IC2003,2020-01-03 13:51:22.900,5347.2000,53448,0,9020510840.000,0,-,-,-,-,5346.8000,5346.4000,5346.2000,5346.0000,5345.4000,5347.0000,5347.2000,5347.8000,5348.0000,5348.4000,1,2,1,1,4,1,1,1,1,1
SF,IC2003,2020-01-03 13:51:24.400,5347.0000,53448,0,9021580240.000,1,0,1,空换,B,5346.8000,5346.4000,5346.2000,5346.0000,5345.4000,5347.2000,5347.8000,5348.0000,5348.4000,5348.6000,1,2,1,1,4,1,1,1,1,1
SF,IC2003,2020-01-03 13:51:26.900,5347.0000,53448,0,9021580240.000,0,-,-,-,-,5347.0000,5346.8000,5346.4000,5346.2000,5346.0000,5347.2000,5347.8000,5348.0000,5348.4000,5348.6000,1,1,2,1,1,1,1,1,1,1
SF,IC2003,2020-01-03 13:51:27.400,5347.0000,53448,0,9021580240.000,0,-,-,-,-,5347.0000,5346.8000,5346.4000,5346.2000,5346.0000,5347.2000,5348.0000,5348.4000,5348.6000,5349.0000,1,1,2,1,1,1,1,1,1,1
SF,IC2003,2020-01-03 13:51:27.900,5347.0000,53448,0,9021580240.000,0,-,-,-,-,5347.0000,5346.4000,5346.2000,5346.0000,5345.4000,5347.2000,5348.0000,5348.4000,5348.6000,5349.0000,1,2,1,1,4,1,2,1,1,1
SF,IC2003,2020-01-03 13:51:28.400,5347.2000,53447,-1,9022649680.000,1,0,1,双平,B,5347.0000,5346.4000,5346.2000,5346.0000,5345.4000,5348.0000,5348.4000,5348.6000,5349.0000,5349.4000,1,2,1,1,4,2,1,1,1,2
SF,IC2003,2020-01-03 13:51:29.900,5347.0000,53447,0,9023719080.000,1,0,1,空换,B,5346.4000,5346.2000,5346.0000,5345.4000,5344.2000,5347.8000,5348.0000,5348.4000,5348.6000,5349.0000,2,1,1,4,1,3,3,1,1,1
SF,IC2003,2020-01-03 13:51:30.400,5347.0000,53447,0,9023719080.000,0,-,-,-,-,5346.4000,5346.2000,5346.0000,5345.4000,5344.2000,5347.6000,5347.8000,5348.0000,5348.4000,5348.6000,2,1,1,4,1,3,3,3,1,1
SF,IC2003,2020-01-03 13:51:30.900,5347.0000,53447,0,9023719080.000,0,-,-,-,-,5346.4000,5346.2000,5346.0000,5345.4000,5344.2000,5347.6000,5347.8000,5348.0000,5348.4000,5348.6000,2,1,1,4,1,2,3,3,1,1
SF,IC2003,2020-01-03 13:51:31.400,5347.0000,53447,0,9023719080.000,0,-,-,-,-,5346.8000,5346.6000,5346.4000,5346.2000,5346.0000,5347.8000,5348.0000,5348.4000,5348.6000,5349.0000,1,1,2,1,1,3,3,1,1,1
SF,IC2003,2020-01-03 13:51:31.900,5347.0000,53447,0,9023719080.000,0,-,-,-,-,5347.2000,5347.0000,5346.6000,5346.2000,5346.0000,5347.8000,5348.0000,5348.4000,5348.6000,5349.0000,1,2,2,1,1,1,3,1,1,1
SF,IC2003,2020-01-03 13:51:32.400,5347.8000,53447,0,9024788640.000,1,0,1,空换,B,5347.8000,5347.4000,5347.2000,5346.6000,5346.2000,5348.0000,5348.4000,5348.6000,5349.0000,5349.4000,1,2,1,1,1,3,1,1,1,2
SF,IC2003,2020-01-03 13:51:32.900,5348.0000,53448,1,9027997440.000,3,2,1,多开,B,5348.0000,5347.8000,5347.4000,5347.2000,5346.6000,5348.4000,5348.6000,5349.0000,5349.4000,5350.4000,3,1,3,1,1,1,1,1,2,1
SF,IC2003,2020-01-03 13:51:33.400,5348.4000,53449,1,9029067120.000,1,1,0,双开,B,5348.4000,5348.0000,5347.8000,5347.4000,5346.6000,5348.6000,5349.0000,5349.4000,5350.4000,5350.6000,2,3,1,3,1,1,1,2,1,1
SF,IC2003,2020-01-03 13:51:33.900,5348.0000,53449,0,9031206440.000,2,1,1,空换,B,5348.0000,5347.8000,5347.4000,5346.6000,5346.2000,5349.0000,5349.4000,5350.4000,5350.6000,5351.4000,2,1,3,1,1,1,2,1,1,1
SF,IC2003,2020-01-03 13:51:34.400,5348.0000,53449,0,9031206440.000,0,-,-,-,-,5348.0000,5347.8000,5347.4000,5346.2000,5346.0000,5349.0000,5349.4000,5350.4000,5350.6000,5351.4000,2,1,3,1,1,1,2,1,1,1
SF,IC2003,2020-01-03 13:51:34.900,5348.0000,53449,0,9031206440.000,0,-,-,-,-,5348.0000,5347.8000,5347.4000,5346.2000,5346.0000,5349.0000,5349.4000,5350.4000,5350.6000,5351.4000,2,1,2,1,1,1,2,1,1,1
SF,IC2003,2020-01-03 13:51:35.400,5348.0000,53449,0,9031206440.000,0,-,-,-,-,5348.0000,5347.8000,5347.4000,5346.2000,5346.0000,5349.0000,5350.4000,5350.6000,5351.4000,5351.6000,2,1,2,1,1,1,1,1,1,2
SF,IC2003,2020-01-03 13:51:35.900,5348.0000,53449,0,9031206440.000,0,-,-,-,-,5348.0000,5347.8000,5347.4000,5346.2000,5346.0000,5349.0000,5349.6000,5350.4000,5350.6000,5351.4000,2,1,2,1,1,1,1,1,1,1
SF,IC2003,2020-01-03 13:51:37.900,5348.0000,53449,0,9033345640.000,2,1,1,空换,B,5347.8000,5347.4000,5346.2000,5346.0000,5345.4000,5348.8000,5349.0000,5349.6000,5350.4000,5350.6000,1,2,1,1,4,1,1,1,1,1
SF,IC2003,2020-01-03 13:51:38.400,5348.0000,53449,0,9033345640.000,0,-,-,-,-,5347.4000,5346.2000,5346.0000,5345.4000,5344.2000,5348.8000,5349.0000,5349.6000,5350.4000,5350.6000,2,1,1,4,1,1,1,1,1,1
SF,IC2003,2020-01-03 13:51:38.900,5348.0000,53449,0,9033345640.000,0,-,-,-,-,5347.4000,5346.2000,5346.0000,5345.4000,5344.2000,5348.6000,5348.8000,5349.0000,5350.4000,5350.6000,2,1,1,4,1,2,2,1,1,1
SF,IC2003,2020-01-03 13:51:39.400,5348.0000,53449,0,9033345640.000,0,-,-,-,-,5347.4000,5346.2000,5346.0000,5345.4000,5344.2000,5348.4000,5348.6000,5348.8000,5349.0000,5350.4000,2,1,1,4,1,1,2,2,1,1
SF,IC2003,2020-01-03 13:51:39.900,5348.0000,53449,0,9033345640.000,0,-,-,-,-,5346.2000,5346.0000,5345.4000,5344.2000,5343.8000,5347.4000,5348.0000,5348.2000,5348.4000,5348.8000,1,1,4,1,2,3,1,2,1,2
SF,IC2003,2020-01-03 13:51:40.400,5348.0000,53449,0,9033345640.000,0,-,-,-,-,5346.2000,5346.0000,5345.4000,5344.2000,5343.8000,5347.2000,5347.4000,5348.2000,5348.8000,5349.0000,1,1,4,1,2,2,3,2,1,1
SF,IC2003,2020-01-03 13:51:41.900,5348.0000,53449,0,9033345640.000,0,-,-,-,-,5346.4000,5346.2000,5346.0000,5345.4000,5344.2000,5347.4000,5348.2000,5348.8000,5349.0000,5350.4000,1,1,1,4,1,3,2,1,1,1
SF,IC2003,2020-01-03 13:51:42.400,5348.0000,53449,0,9033345640.000,0,-,-,-,-,5346.6000,5346.4000,5346.2000,5346.0000,5345.4000,5347.4000,5348.2000,5348.8000,5349.0000,5350.4000,2,1,1,1,4,3,2,1,1,1
SF,IC2003,2020-01-03 13:51:42.900,5348.0000,53449,0,9033345640.000,0,-,-,-,-,5347.0000,5346.6000,5346.2000,5346.0000,5345.4000,5348.2000,5348.8000,5349.0000,5350.4000,5350.6000,1,2,1,1,4,2,1,1,1,1
SF,IC2003,2020-01-03 13:51:43.900,5348.0000,53449,0,9033345640.000,0,-,-,-,-,5347.4000,5347.2000,5346.6000,5346.2000,5346.0000,5347.8000,5348.0000,5348.2000,5348.8000,5349.0000,1,3,2,1,1,1,2,2,1,2
SF,IC2003,2020-01-03 13:51:44.400,5348.0000,53449,0,9033345640.000,0,-,-,-,-,5347.4000,5347.2000,5346.6000,5346.2000,5346.0000,5347.8000,5348.0000,5348.2000,5348.8000,5349.0000,1,3,2,1,1,1,2,2,1,2
SF,IC2003,2020-01-03 13:51:46.400,5348.0000,53449,0,9033345640.000,0,-,-,-,-,5347.4000,5347.2000,5346.6000,5346.2000,5346.0000,5347.6000,5347.8000,5348.0000,5348.2000,5348.8000,1,3,2,1,1,1,1,2,2,1
SF,IC2003,2020-01-03 13:51:46.900,5347.8000,53448,-1,9034415200.000,1,0,1,双平,B,5347.4000,5347.2000,5346.6000,5346.2000,5346.0000,5347.8000,5348.0000,5348.2000,5349.0000,5350.4000,1,3,2,1,1,1,2,2,2,1
SF,IC2003,2020-01-03 13:51:47.900,5347.8000,53449,1,9035484760.000,1,1,0,双开,B,5347.4000,5347.2000,5346.6000,5346.2000,5346.0000,5348.0000,5348.2000,5349.0000,5350.4000,5350.6000,1,3,2,1,1,1,2,2,1,1
SF,IC2003,2020-01-03 13:51:48.400,5347.8000,53449,0,9035484760.000,0,-,-,-,-,5347.6000,5347.4000,5347.2000,5346.6000,5346.2000,5348.0000,5348.2000,5349.0000,5350.4000,5350.6000,1,1,3,2,1,1,2,2,1,1
SF,IC2003,2020-01-03 13:51:48.900,5347.6000,53448,-1,9036554280.000,1,0,1,双平,B,5347.4000,5347.2000,5346.6000,5346.2000,5346.0000,5348.0000,5348.2000,5349.0000,5350.4000,5350.6000,1,3,2,1,1,1,2,2,1,1
SF,IC2003,2020-01-03 13:51:54.900,5347.6000,53448,0,9036554280.000,0,-,-,-,-,5347.4000,5347.2000,5346.6000,5346.2000,5346.0000,5348.0000,5348.2000,5349.0000,5350.4000,5350.6000,2,3,2,1,1,1,2,2,1,1
SF,IC2003,2020-01-03 13:51:55.400,5348.0000,53448,0,9037623880.000,1,0,1,空换,B,5347.4000,5347.2000,5346.6000,5346.2000,5346.0000,5348.2000,5349.0000,5350.4000,5350.6000,5351.4000,2,3,2,1,1,2,2,1,1,1
SF,IC2003,2020-01-03 13:51:55.900,5348.0000,53448,0,9037623880.000,0,-,-,-,-,5347.4000,5347.2000,5346.6000,5346.2000,5346.0000,5349.0000,5350.4000,5350.6000,5351.4000,5351.6000,2,3,2,1,1,2,1,1,1,2
SF,IC2003,2020-01-03 13:51:56.400,5348.0000,53448,0,9037623880.000,0,-,-,-,-,5347.6000,5347.4000,5347.2000,5346.2000,5346.0000,5348.8000,5349.0000,5350.4000,5350.6000,5351.4000,2,2,3,1,1,2,3,1,1,1
SF,IC2003,2020-01-03 13:51:58.400,5348.0000,53448,0,9037623880.000,0,-,-,-,-,5347.8000,5347.6000,5347.4000,5347.2000,5346.2000,5348.8000,5349.0000,5350.4000,5350.6000,5351.4000,1,2,2,3,1,2,3,1,1,1
SF,IC2003,2020-01-03 13:51:58.900,5348.0000,53448,0,9037623880.000,0,-,-,-,-,5348.0000,5347.8000,5347.4000,5347.2000,5346.2000,5348.8000,5349.0000,5350.4000,5350.6000,5351.4000,3,1,2,3,1,2,3,1,1,1
SF,IC2003,2020-01-03 13:51:59.400,5348.0000,53448,0,9037623880.000,0,-,-,-,-,5348.0000,5347.8000,5347.4000,5347.2000,5346.2000,5348.8000,5349.0000,5350.4000,5350.6000,5351.4000,2,1,2,3,1,2,3,1,1,1
SF,IC2003,2020-01-03 13:51:59.900,5348.8000,53447,-1,9038693640.000,1,0,1,双平,B,5348.0000,5347.8000,5347.4000,5347.2000,5346.2000,5348.8000,5349.0000,5350.4000,5350.6000,5351.4000,2,1,2,3,1,1,3,1,1,1
SF,IC2003,2020-01-03 13:52:00.400,5349.0000,53446,-1,9041903000.000,3,1,2,空平,B,5348.8000,5348.6000,5348.4000,5348.2000,5348.0000,5350.4000,5350.6000,5351.4000,5351.6000,5353.4000,3,2,1,2,2,1,1,1,2,5
SF,IC2003,2020-01-03 13:52:00.900,5349.0000,53446,0,9041903000.000,0,-,-,-,-,5349.4000,5349.0000,5348.8000,5348.2000,5347.4000,5350.6000,5351.4000,5351.6000,5354.6000,5355.0000,1,3,1,3,2,1,1,2,1,12
SF,IC2003,2020-01-03 13:52:01.400,5349.0000,53446,0,9041903000.000,0,-,-,-,-,5349.4000,5349.0000,5348.8000,5348.2000,5347.4000,5350.4000,5350.6000,5351.0000,5351.6000,5354.6000,1,3,1,2,2,2,1,1,2,1
SF,IC2003,2020-01-03 13:52:01.900,5349.0000,53446,0,9041903000.000,0,-,-,-,-,5349.0000,5348.8000,5348.2000,5347.4000,5347.2000,5350.4000,5350.6000,5351.0000,5351.6000,5354.6000,2,1,2,2,3,2,1,1,2,1
SF,IC2003,2020-01-03 13:52:02.400,5349.0000,53446,0,9041903000.000,0,-,-,-,-,5349.0000,5348.8000,5348.2000,5347.4000,5347.2000,5350.4000,5350.6000,5351.0000,5351.6000,5354.6000,2,1,1,2,3,2,1,1,2,1
SF,IC2003,2020-01-03 13:52:04.400,5349.0000,53446,0,9041903000.000,0,-,-,-,-,5349.0000,5348.8000,5348.2000,5347.4000,5347.2000,5350.4000,5350.6000,5351.0000,5351.6000,5354.6000,2,1,1,2,3,2,1,1,2,1
SF,IC2003,2020-01-03 13:52:04.900,5349.0000,53446,0,9041903000.000,0,-,-,-,-,5348.8000,5348.2000,5347.4000,5347.2000,5346.2000,5350.2000,5350.4000,5350.6000,5351.0000,5351.6000,1,1,2,3,1,1,2,1,1,2
SF,IC2003,2020-01-03 13:52:05.400,5349.0000,53446,0,9041903000.000,0,-,-,-,-,5348.8000,5348.2000,5347.4000,5347.2000,5346.2000,5350.0000,5350.2000,5350.6000,5351.6000,5354.6000,1,1,2,3,1,2,1,1,2,1
SF,IC2003,2020-01-03 13:52:05.900,5349.0000,53446,0,9041903000.000,0,-,-,-,-,5348.2000,5347.4000,5347.2000,5346.2000,5346.0000,5349.8000,5350.0000,5350.6000,5351.6000,5354.6000,1,2,3,1,1,1,2,1,2,1
SF,IC2003,2020-01-03 13:52:06.400,5349.0000,53446,0,9041903000.000,0,-,-,-,-,5348.4000,5348.2000,5347.4000,5347.2000,5346.2000,5349.8000,5350.6000,5351.6000,5354.6000,5355.0000,2,1,2,3,1,2,1,2,1,12
SF,IC2003,2020-01-03 13:52:06.900,5349.0000,53446,0,9041903000.000,0,-,-,-,-,5348.4000,5347.4000,5347.2000,5346.2000,5346.0000,5349.6000,5349.8000,5350.6000,5351.6000,5354.6000,2,2,3,1,1,2,2,1,2,1
SF,IC2003,2020-01-03 13:52:07.400,5349.0000,53446,0,9041903000.000,0,-,-,-,-,5347.4000,5347.2000,5346.2000,5346.0000,5345.4000,5349.6000,5349.8000,5350.6000,5351.6000,5354.6000,2,3,1,1,4,2,2,1,2,1
SF,IC2003,2020-01-03 13:52:07.900,5349.0000,53446,0,9041903000.000,0,-,-,-,-,5347.8000,5347.6000,5347.4000,5347.2000,5346.2000,5349.4000,5349.6000,5349.8000,5350.6000,5351.6000,3,3,2,3,1,1,2,1,1,2
SF,IC2003,2020-01-03 13:52:08.400,5349.0000,53446,0,9041903000.000,0,-,-,-,-,5349.0000,5348.0000,5347.8000,5347.6000,5347.4000,5349.4000,5349.8000,5350.6000,5351.6000,5354.6000,1,2,1,1,2,1,1,1,2,1
SF,IC2003,2020-01-03 13:52:08.900,5349.0000,53446,0,9042972800.000,1,0,1,空换,B,5348.0000,5347.8000,5347.6000,5347.4000,5347.2000,5348.8000,5349.0000,5349.4000,5349.8000,5350.6000,2,1,1,2,3,2,5,1,1,1
SF,IC2003,2020-01-03 13:52:09.400,5349.0000,53446,0,9042972800.000,0,-,-,-,-,5348.0000,5347.8000,5347.6000,5347.4000,5347.2000,5348.8000,5349.0000,5349.4000,5349.8000,5350.6000,2,1,1,2,3,2,3,1,1,1
SF,IC2003,2020-01-03 13:52:09.900,5349.0000,53446,0,9042972800.000,0,-,-,-,-,5347.8000,5347.6000,5347.4000,5347.2000,5346.2000,5348.8000,5349.0000,5349.4000,5349.8000,5350.6000,1,1,2,3,1,2,3,1,1,1
SF,IC2003,2020-01-03 13:52:10.400,5349.0000,53446,0,9042972800.000,0,-,-,-,-,5347.4000,5347.2000,5346.2000,5346.0000,5345.4000,5348.8000,5349.0000,5349.4000,5349.8000,5350.6000,2,3,1,2,4,2,3,1,1,1
SF,IC2003,2020-01-03 13:52:10.900,5349.0000,53446,0,9042972800.000,0,-,-,-,-,5347.4000,5347.2000,5346.2000,5346.0000,5345.4000,5348.6000,5348.8000,5349.0000,5350.6000,5351.6000,2,3,1,2,4,2,3,3,1,2
SF,IC2003,2020-01-03 13:52:12.400,5349.0000,53446,0,9042972800.000,0,-,-,-,-,5347.4000,5347.2000,5346.2000,5346.0000,5345.4000,5348.4000,5348.6000,5348.8000,5349.0000,5350.6000,2,3,1,2,4,1,2,2,3,1
SF,IC2003,2020-01-03 13:52:12.900,5349.0000,53446,0,9042972800.000,0,-,-,-,-,5347.4000,5347.2000,5346.2000,5346.0000,5345.4000,5348.4000,5348.6000,5348.8000,5349.0000,5350.6000,2,3,1,2,4,1,2,1,3,1
SF,IC2003,2020-01-03 13:52:13.900,5349.0000,53446,0,9042972800.000,0,-,-,-,-,5347.8000,5347.4000,5347.2000,5346.2000,5346.0000,5348.6000,5348.8000,5349.0000,5350.6000,5351.6000,1,2,3,1,2,2,1,3,1,2
SF,IC2003,2020-01-03 13:52:14.400,5348.8000,53446,0,9044042560.000,1,0,1,空换,B,5347.4000,5347.2000,5346.2000,5346.0000,5345.4000,5348.6000,5348.8000,5349.0000,5350.6000,5351.6000,2,3,1,2,4,1,1,3,1,2
SF,IC2003,2020-01-03 13:52:14.900,5348.8000,53446,0,9044042560.000,0,-,-,-,-,5347.6000,5347.4000,5347.2000,5346.2000,5346.0000,5348.8000,5349.0000,5350.6000,5351.6000,5354.6000,2,2,3,1,2,1,3,1,2,1
SF,IC2003,2020-01-03 13:52:15.400,5348.8000,53446,0,9044042560.000,0,-,-,-,-,5347.6000,5347.4000,5347.2000,5346.2000,5346.0000,5348.8000,5350.6000,5351.6000,5354.6000,5355.0000,2,2,3,1,2,1,1,2,1,12
SF,IC2003,2020-01-03 13:52:15.900,5348.8000,53447,1,9045112320.000,1,1,0,双开,B,5348.4000,5347.8000,5347.6000,5347.4000,5347.2000,5350.0000,5350.6000,5351.6000,5354.6000,5355.0000,2,1,2,2,3,1,1,2,1,12
SF,IC2003,2020-01-03 13:52:16.400,5348.8000,53447,0,9045112320.000,0,-,-,-,-,5348.6000,5347.8000,5347.4000,5347.2000,5346.2000,5350.6000,5351.6000,5354.6000,5355.0000,5355.2000,3,1,2,3,1,1,2,1,12,2
SF,IC2003,2020-01-03 13:52:16.900,5348.8000,53447,0,9045112320.000,0,-,-,-,-,5349.0000,5348.8000,5348.6000,5347.8000,5347.4000,5350.4000,5350.6000,5350.8000,5351.6000,5354.6000,2,3,2,1,2,2,1,1,2,1
SF,IC2003,2020-01-03 13:52:17.400,5348.8000,53447,0,9045112320.000,0,-,-,-,-,5349.4000,5349.2000,5349.0000,5347.8000,5347.4000,5350.6000,5350.8000,5351.6000,5354.6000,5355.0000,1,4,1,1,2,1,1,2,1,12
SF,IC2003,2020-01-03 13:52:17.900,5348.8000,53447,0,9045112320.000,0,-,-,-,-,5349.6000,5349.4000,5349.2000,5349.0000,5347.8000,5350.6000,5350.8000,5351.6000,5354.6000,5355.0000,2,1,1,1,1,1,1,2,1,12
SF,IC2003,2020-01-03 13:52:18.400,5348.8000,53447,0,9045112320.000,0,-,-,-,-,5349.6000,5349.2000,5349.0000,5347.4000,5347.2000,5349.8000,5350.6000,5351.6000,5354.6000,5355.0000,2,1,1,2,3,1,1,2,1,12
SF,IC2003,2020-01-03 13:52:18.900,5349.8000,53448,1,9046182280.000,1,1,0,双开,B,5350.2000,5350.0000,5349.8000,5349.2000,5349.0000,5354.6000,5355.0000,5355.2000,5356.0000,5356.2000,2,3,2,1,1,1,12,2,4,1
SF,IC2003,2020-01-03 13:52:19.400,5350.2000,53445,-3,9049392400.000,3,0,3,双平,B,5350.4000,5349.8000,5349.2000,5347.4000,5347.2000,5351.2000,5351.4000,5351.6000,5351.8000,5352.0000,3,1,1,2,3,1,2,1,1,1
SF,IC2003,2020-01-03 13:52:19.900,5350.2000,53445,0,9049392400.000,0,-,-,-,-,5350.6000,5350.4000,5349.8000,5347.4000,5347.2000,5351.0000,5351.4000,5351.6000,5352.0000,5352.4000,1,2,1,2,3,1,2,1,1,2
SF,IC2003,2020-01-03 13:52:20.400,5351.0000,53445,0,9050462600.000,1,0,1,空换,B,5350.6000,5350.4000,5349.8000,5347.4000,5347.2000,5351.2000,5352.0000,5352.4000,5352.6000,5352.8000,1,2,1,2,3,1,1,2,2,1
SF,IC2003,2020-01-03 13:52:20.900,5351.2000,53445,0,9051532840.000,1,0,1,空换,B,5351.0000,5350.6000,5349.8000,5347.4000,5347.2000,5352.0000,5352.4000,5352.6000,5353.4000,5353.6000,1,1,1,2,3,1,2,2,2,1
SF,IC2003,2020-01-03 13:52:21.400,5349.8000,53445,0,9053673000.000,2,1,1,空换,B,5347.4000,5347.2000,5346.2000,5346.0000,5345.4000,5351.4000,5351.6000,5351.8000,5352.0000,5352.4000,2,3,1,2,4,2,1,9,5,2
SF,IC2003,2020-01-03 13:52:21.900,5349.8000,53445,0,9053673000.000,0,-,-,-,-,5349.8000,5349.4000,5349.2000,5348.6000,5348.4000,5351.0000,5351.2000,5351.8000,5352.0000,5352.4000,2,1,1,1,3,1,2,7,4,1
SF,IC2003,2020-01-03 13:52:22.400,5349.8000,53445,0,9053673000.000,0,-,-,-,-,5350.0000,5349.2000,5348.4000,5347.8000,5347.4000,5350.8000,5351.0000,5351.8000,5352.0000,5352.2000,3,1,2,2,2,1,1,7,3,1
SF,IC2003,2020-01-03 13:52:22.900,5349.8000,53445,0,9053673000.000,0,-,-,-,-,5350.0000,5349.2000,5348.4000,5347.8000,5347.4000,5350.8000,5351.0000,5351.8000,5352.2000,5352.4000,3,1,2,2,2,1,1,7,1,1
SF,IC2003,2020-01-03 13:52:23.400,5349.8000,53445,0,9053673000.000,0,-,-,-,-,5349.2000,5347.8000,5347.4000,5347.2000,5346.2000,5350.8000,5351.0000,5351.8000,5352.2000,5352.4000,1,1,2,3,1,2,1,7,1,1
SF,IC2003,2020-01-03 13:52:23.900,5349.8000,53445,0,9053673000.000,0,-,-,-,-,5349.4000,5349.2000,5347.8000,5347.4000,5347.2000,5350.8000,5351.0000,5351.8000,5352.2000,5352.4000,2,2,1,2,3,2,1,6,1,1
SF,IC2003,2020-01-03 13:52:24.400,5349.8000,53445,0,9053673000.000,0,-,-,-,-,5349.4000,5349.2000,5347.8000,5347.4000,5347.2000,5350.6000,5350.8000,5351.0000,5351.8000,5352.2000,2,1,1,2,3,2,2,1,6,1
SF,IC2003,2020-01-03 13:52:24.900,5349.8000,53445,0,9053673000.000,0,-,-,-,-,5349.4000,5349.2000,5347.8000,5347.4000,5347.2000,5350.4000,5350.6000,5350.8000,5351.0000,5351.8000,2,1,1,2,3,1,2,2,1,6
SF,IC2003,2020-01-03 13:52:25.400,5349.8000,53445,0,9053673000.000,0,-,-,-,-,5349.4000,5349.2000,5347.8000,5347.4000,5347.2000,5350.4000,5350.6000,5350.8000,5351.0000,5351.8000,2,1,1,2,3,1,2,2,1,6
SF,IC2003,2020-01-03 13:52:25.900,5349.8000,53445,0,9053673000.000,0,-,-,-,-,5349.4000,5349.2000,5347.8000,5347.4000,5347.2000,5350.4000,5350.6000,5350.8000,5351.0000,5351.8000,2,1,1,2,3,1,2,2,1,6
SF,IC2003,2020-01-03 13:52:27.900,5349.8000,53445,0,9053673000.000,0,-,-,-,-,5349.4000,5349.2000,5347.8000,5347.4000,5347.2000,5349.6000,5350.4000,5350.6000,5350.8000,5351.0000,2,1,1,2,3,2,1,2,2,1
SF,IC2003,2020-01-03 13:52:28.400,5349.4000,53447,2,9056882640.000,3,2,1,多开,B,5349.6000,5347.8000,5347.4000,5347.2000,5346.2000,5350.4000,5350.6000,5351.0000,5351.8000,5352.2000,1,1,2,3,1,1,2,1,6,2
SF,IC2003,2020-01-03 13:52:28.900,5349.4000,53447,0,9056882640.000,0,-,-,-,-,5347.8000,5347.4000,5347.2000,5346.2000,5346.0000,5350.2000,5350.4000,5351.0000,5351.8000,5352.2000,1,2,3,1,2,2,1,1,6,2
SF,IC2003,2020-01-03 13:52:29.400,5349.4000,53447,0,9056882640.000,0,-,-,-,-,5348.6000,5348.2000,5347.8000,5347.4000,5347.2000,5350.2000,5350.4000,5351.8000,5352.2000,5352.4000,1,4,1,2,3,2,1,6,2,1
SF,IC2003,2020-01-03 13:52:29.900,5349.4000,53447,0,9056882640.000,0,-,-,-,-,5348.8000,5348.6000,5348.2000,5347.8000,5347.4000,5350.2000,5350.4000,5351.8000,5352.2000,5352.4000,2,1,2,1,2,2,1,6,2,1
SF,IC2003,2020-01-03 13:52:31.400,5349.4000,53447,0,9056882640.000,0,-,-,-,-,5348.8000,5348.6000,5348.2000,5347.8000,5347.4000,5350.2000,5350.4000,5351.8000,5352.2000,5352.4000,2,1,2,1,2,2,1,6,2,1
SF,IC2003,2020-01-03 13:52:31.900,5349.4000,53447,0,9056882640.000,0,-,-,-,-,5348.8000,5348.6000,5348.2000,5347.8000,5347.4000,5350.0000,5350.2000,5350.4000,5351.8000,5352.2000,2,1,2,1,2,1,2,1,6,2
SF,IC2003,2020-01-03 13:52:32.400,5349.4000,53447,0,9056882640.000,0,-,-,-,-,5348.6000,5348.2000,5347.8000,5347.4000,5347.2000,5349.8000,5350.0000,5350.4000,5351.6000,5351.8000,1,2,1,2,3,2,1,1,1,6
SF,IC2003,2020-01-03 13:52:33.400,5349.4000,53447,0,9056882640.000,0,-,-,-,-,5348.6000,5348.2000,5347.8000,5347.4000,5347.2000,5349.8000,5350.4000,5351.6000,5351.8000,5352.2000,1,2,1,2,3,2,1,1,6,2
SF,IC2003,2020-01-03 13:52:34.900,5349.4000,53447,0,9056882640.000,0,-,-,-,-,5348.6000,5348.2000,5347.8000,5347.4000,5347.2000,5349.8000,5350.4000,5351.6000,5351.8000,5352.2000,1,2,1,2,3,2,1,1,6,2
SF,IC2003,2020-01-03 13:52:35.400,5349.4000,53447,0,9056882640.000,0,-,-,-,-,5348.6000,5348.2000,5347.8000,5347.4000,5347.2000,5349.6000,5349.8000,5350.4000,5351.6000,5351.8000,1,2,1,2,3,1,2,1,1,6
SF,IC2003,2020-01-03 13:52:35.900,5349.4000,53447,0,9056882640.000,0,-,-,-,-,5348.6000,5348.2000,5347.8000,5347.4000,5347.2000,5349.4000,5349.6000,5350.4000,5351.6000,5351.8000,1,1,1,2,3,2,1,1,1,6
SF,IC2003,2020-01-03 13:52:36.400,5349.4000,53447,0,9056882640.000,0,-,-,-,-,5348.2000,5347.8000,5347.4000,5347.2000,5346.2000,5349.4000,5349.6000,5351.6000,5351.8000,5352.2000,1,1,2,3,1,2,1,1,6,2
SF,IC2003,2020-01-03 13:52:38.400,5349.4000,53447,0,9056882640.000,0,-,-,-,-,5348.2000,5347.8000,5347.4000,5347.2000,5346.2000,5349.4000,5351.6000,5351.8000,5352.2000,5352.4000,1,1,2,3,1,2,1,6,2,1
SF,IC2003,2020-01-03 13:52:38.900,5349.4000,53447,0,9056882640.000,0,-,-,-,-,5348.2000,5347.8000,5347.4000,5347.2000,5346.2000,5349.2000,5349.4000,5351.6000,5351.8000,5352.2000,1,1,2,3,1,1,2,1,6,2
SF,IC2003,2020-01-03 13:52:39.900,5349.4000,53447,0,9056882640.000,0,-,-,-,-,5347.4000,5347.2000,5346.2000,5346.0000,5345.4000,5349.2000,5349.4000,5351.6000,5351.8000,5352.2000,2,3,1,2,4,1,2,1,6,2
SF,IC2003,2020-01-03 13:52:40.400,5349.4000,53447,0,9056882640.000,0,-,-,-,-,5347.8000,5347.6000,5347.4000,5347.2000,5346.2000,5349.2000,5351.6000,5351.8000,5352.2000,5352.4000,4,4,2,3,1,1,1,6,2,1
SF,IC2003,2020-01-03 13:52:40.900,5349.4000,53447,0,9056882640.000,0,-,-,-,-,5348.8000,5348.6000,5348.2000,5348.0000,5347.8000,5349.2000,5351.6000,5351.8000,5352.2000,5352.4000,2,1,1,2,1,1,1,6,2,1
SF,IC2003,2020-01-03 13:52:41.400,5349.4000,53447,0,9056882640.000,0,-,-,-,-,5348.2000,5348.0000,5347.8000,5347.6000,5347.4000,5349.2000,5351.6000,5351.8000,5352.2000,5352.4000,1,2,1,1,2,1,1,6,2,1
SF,IC2003,2020-01-03 13:52:41.900,5349.2000,53447,0,9057952480.000,1,0,1,空换,B,5350.4000,5349.2000,5348.2000,5348.0000,5347.8000,5351.6000,5351.8000,5352.2000,5352.4000,5353.4000,1,1,1,2,1,1,6,2,1,2
SF,IC2003,2020-01-03 13:52:42.400,5350.4000,53446,-1,9060092640.000,2,0,2,空平,B,5348.0000,5347.4000,5347.2000,5346.2000,5346.0000,5350.4000,5351.0000,5351.4000,5351.6000,5352.2000,2,2,3,1,2,3,1,8,1,2
SF,IC2003,2020-01-03 13:52:42.900,5350.4000,53446,0,9060092640.000,0,-,-,-,-,5348.8000,5348.4000,5348.2000,5348.0000,5347.4000,5350.2000,5350.4000,5351.0000,5351.4000,5351.6000,2,4,1,2,2,3,3,1,6,1
SF,IC2003,2020-01-03 13:52:43.400,5350.4000,53446,0,9060092640.000,0,-,-,-,-,5348.8000,5348.4000,5348.2000,5348.0000,5347.4000,5350.0000,5350.2000,5350.4000,5351.0000,5351.4000,2,1,1,2,2,1,2,3,1,6
SF,IC2003,2020-01-03 13:52:43.900,5350.4000,53446,0,9060092640.000,0,-,-,-,-,5348.8000,5348.4000,5348.0000,5347.4000,5347.2000,5349.8000,5350.0000,5350.4000,5351.4000,5351.6000,1,1,2,2,3,2,1,3,6,1
SF,IC2003,2020-01-03 13:52:44.400,5350.4000,53446,0,9060092640.000,0,-,-,-,-,5348.8000,5348.4000,5348.0000,5347.4000,5347.2000,5349.6000,5349.8000,5350.0000,5350.4000,5351.4000,1,1,2,2,3,1,2,1,3,6
SF,IC2003,2020-01-03 13:52:44.900,5350.4000,53446,0,9060092640.000,0,-,-,-,-,5348.8000,5348.4000,5348.0000,5347.4000,5347.2000,5349.4000,5349.6000,5350.0000,5350.4000,5351.4000,1,1,2,2,3,2,1,1,3,6
SF,IC2003,2020-01-03 13:52:45.400,5350.4000,53446,0,9060092640.000,0,-,-,-,-,5348.8000,5348.4000,5348.0000,5347.4000,5347.2000,5349.2000,5349.4000,5350.0000,5350.4000,5351.4000,1,1,2,2,3,1,2,1,3,6
SF,IC2003,2020-01-03 13:52:45.900,5350.4000,53446,0,9060092640.000,0,-,-,-,-,5348.4000,5348.0000,5347.4000,5347.2000,5346.2000,5349.2000,5349.4000,5350.0000,5350.4000,5350.6000,1,2,2,3,1,1,2,1,3,1
SF,IC2003,2020-01-03 13:52:46.400,5350.4000,53446,0,9060092640.000,0,-,-,-,-,5348.0000,5347.4000,5347.2000,5346.2000,5346.0000,5349.0000,5349.2000,5349.4000,5350.0000,5350.4000,2,2,3,1,2,1,2,2,1,3
SF,IC2003,2020-01-03 13:52:46.900,5350.4000,53446,0,9060092640.000,0,-,-,-,-,5347.4000,5347.2000,5346.2000,5346.0000,5345.4000,5348.8000,5349.0000,5349.2000,5349.4000,5350.0000,2,3,1,2,4,1,1,1,2,1
SF,IC2003,2020-01-03 13:52:47.400,5348.8000,53447,1,9061162400.000,1,1,0,双开,B,5347.6000,5347.4000,5347.2000,5346.2000,5346.0000,5349.0000,5349.2000,5350.0000,5350.4000,5350.6000,3,2,3,1,2,1,1,1,3,1
SF,IC2003,2020-01-03 13:52:47.900,5348.8000,53447,0,9061162400.000,0,-,-,-,-,5348.0000,5347.8000,5347.6000,5347.4000,5347.2000,5349.0000,5349.2000,5350.0000,5350.4000,5350.6000,1,1,3,2,3,1,1,1,3,1
SF,IC2003,2020-01-03 13:52:48.400,5349.0000,53448,1,9062232200.000,1,1,0,双开,B,5348.2000,5348.0000,5347.8000,5347.6000,5347.4000,5349.2000,5350.0000,5350.4000,5350.6000,5351.4000,1,1,1,2,2,1,1,3,1,6
SF,IC2003,2020-01-03 13:52:48.900,5349.0000,53448,0,9062232200.000,0,-,-,-,-,5348.0000,5347.8000,5347.6000,5347.4000,5347.2000,5349.2000,5350.0000,5350.4000,5350.6000,5351.4000,1,1,2,2,3,1,1,3,1,6
SF,IC2003,2020-01-03 13:52:49.400,5349.0000,53448,0,9062232200.000,0,-,-,-,-,5348.0000,5347.8000,5347.6000,5347.4000,5347.2000,5349.0000,5349.2000,5350.0000,5350.4000,5350.6000,1,1,2,2,3,2,1,1,3,1
SF,IC2003,2020-01-03 13:52:49.900,5349.0000,53448,0,9062232200.000,0,-,-,-,-,5347.6000,5347.4000,5347.2000,5346.2000,5346.0000,5349.0000,5350.0000,5350.4000,5350.6000,5351.4000,2,2,3,1,2,2,1,3,1,6
SF,IC2003,2020-01-03 13:52:50.400,5349.0000,53448,0,9062232200.000,0,-,-,-,-,5347.6000,5347.4000,5347.2000,5346.2000,5346.0000,5348.8000,5349.0000,5350.0000,5350.4000,5350.6000,2,2,3,1,2,1,2,1,3,2
SF,IC2003,2020-01-03 13:52:50.900,5349.0000,53448,0,9062232200.000,0,-,-,-,-,5347.4000,5347.2000,5346.2000,5346.0000,5345.4000,5348.6000,5348.8000,5350.0000,5350.6000,5351.4000,2,3,1,2,4,2,1,1,2,6
SF,IC2003,2020-01-03 13:52:51.400,5349.0000,53448,0,9062232200.000,0,-,-,-,-,5347.4000,5347.2000,5346.2000,5346.0000,5345.4000,5348.0000,5348.4000,5348.6000,5350.0000,5350.6000,2,3,1,2,4,1,1,2,1,2
SF,IC2003,2020-01-03 13:52:51.900,5348.0000,53448,0,9063301800.000,1,0,1,空换,B,5347.4000,5347.2000,5346.2000,5346.0000,5345.4000,5348.4000,5348.6000,5350.0000,5350.6000,5351.4000,2,3,1,2,4,1,2,1,2,6
SF,IC2003,2020-01-03 13:52:52.400,5348.0000,53448,0,9063301800.000,0,-,-,-,-,5348.2000,5347.4000,5347.2000,5346.2000,5346.0000,5348.4000,5348.6000,5350.0000,5350.6000,5351.4000,1,2,3,1,2,1,2,1,2,6
SF,IC2003,2020-01-03 13:52:52.900,5348.2000,53449,1,9064371440.000,1,1,0,双开,B,5347.4000,5347.2000,5346.2000,5346.0000,5345.4000,5348.2000,5348.4000,5348.6000,5350.0000,5350.6000,2,3,1,2,4,2,1,2,1,2
SF,IC2003,2020-01-03 13:52:53.900,5348.2000,53449,0,9064371440.000,0,-,-,-,-,5347.4000,5347.2000,5346.2000,5346.0000,5345.4000,5348.2000,5348.4000,5348.6000,5350.6000,5351.4000,2,3,1,2,4,2,1,2,2,6
SF,IC2003,2020-01-03 13:52:54.900,5348.2000,53449,0,9064371440.000,0,-,-,-,-,5347.4000,5347.2000,5346.2000,5346.0000,5345.4000,5348.0000,5348.2000,5348.6000,5350.6000,5351.4000,2,3,1,2,4,1,2,2,2,6
SF,IC2003,2020-01-03 13:52:57.400,5348.2000,53449,0,9064371440.000,0,-,-,-,-,5347.6000,5347.4000,5347.2000,5346.2000,5346.0000,5348.0000,5348.6000,5350.6000,5351.4000,5351.6000,1,2,3,1,2,2,2,2,6,1
SF,IC2003,2020-01-03 13:52:57.900,5347.8000,53449,0,9065441000.000,1,0,1,空换,B,5347.6000,5347.4000,5347.2000,5346.2000,5346.0000,5348.0000,5348.6000,5350.6000,5351.4000,5351.6000,1,2,3,1,2,2,2,2,6,1
SF,IC2003,2020-01-03 13:52:58.400,5348.0000,53449,0,9066510600.000,1,0,1,空换,B,5347.6000,5347.4000,5347.2000,5346.2000,5346.0000,5348.6000,5350.6000,5351.4000,5351.6000,5352.4000,1,2,3,1,2,2,2,6,1,1
SF,IC2003,2020-01-03 13:52:58.900,5348.0000,53449,0,9066510600.000,0,-,-,-,-,5347.8000,5347.6000,5347.4000,5347.2000,5346.2000,5350.6000,5351.4000,5351.6000,5352.4000,5353.4000,2,1,2,3,1,2,6,1,1,1
SF,IC2003,2020-01-03 13:52:59.400,5348.0000,53449,0,9066510600.000,0,-,-,-,-,5347.8000,5347.6000,5347.4000,5347.2000,5346.2000,5350.0000,5350.4000,5350.6000,5351.4000,5351.6000,2,1,2,3,1,1,3,2,6,1
SF,IC2003,2020-01-03 13:52:59.900,5348.0000,53449,0,9066510600.000,0,-,-,-,-,5347.8000,5347.6000,5347.4000,5347.2000,5346.2000,5349.8000,5350.0000,5350.4000,5350.6000,5351.4000,2,1,2,3,1,2,1,1,2,6
SF,IC2003,2020-01-03 13:53:00.400,5348.0000,53449,0,9066510600.000,0,-,-,-,-,5348.0000,5347.8000,5347.6000,5347.4000,5347.2000,5349.8000,5350.0000,5350.4000,5350.6000,5351.4000,2,2,1,2,3,2,1,1,2,6
SF,IC2003,2020-01-03 13:53:00.900,5348.0000,53449,0,9066510600.000,0,-,-,-,-,5347.8000,5347.6000,5347.4000,5347.2000,5346.2000,5349.6000,5349.8000,5350.0000,5350.4000,5350.6000,2,1,2,3,1,1,2,1,1,2
SF,IC2003,2020-01-03 13:53:01.400,5348.0000,53449,0,9066510600.000,0,-,-,-,-,5348.2000,5347.8000,5347.4000,5347.2000,5346.2000,5349.4000,5350.0000,5350.4000,5350.6000,5351.4000,4,2,2,3,1,2,1,1,2,6
SF,IC2003,2020-01-03 13:53:01.900,5348.0000,53449,0,9066510600.000,0,-,-,-,-,5348.8000,5348.4000,5348.2000,5347.4000,5347.2000,5350.0000,5350.4000,5350.6000,5351.4000,5352.4000,1,2,1,2,3,1,1,1,6,1
SF,IC2003,2020-01-03 13:53:02.400,5348.0000,53449,0,9066510600.000,0,-,-,-,-,5349.4000,5349.2000,5349.0000,5347.4000,5347.2000,5350.0000,5352.4000,5353.4000,5353.6000,5353.8000,1,1,4,2,3,2,1,1,1,1
SF,IC2003,2020-01-03 13:53:02.900,5350.0000,53450,1,9068650600.000,2,1,1,多开,B,5350.0000,5349.6000,5349.4000,5349.2000,5349.0000,5352.4000,5353.4000,5353.6000,5353.8000,5354.0000,1,2,1,1,2,1,1,1,1,6
SF,IC2003,2020-01-03 13:53:03.400,5350.0000,53450,0,9068650600.000,0,-,-,-,-,5350.6000,5350.4000,5350.2000,5350.0000,5347.4000,5352.0000,5353.6000,5353.8000,5354.0000,5354.4000,1,2,2,1,2,1,1,1,6,5
SF,IC2003,2020-01-03 13:53:03.900,5350.0000,53450,0,9068650600.000,0,-,-,-,-,5350.0000,5347.4000,5347.2000,5346.2000,5346.0000,5351.8000,5353.6000,5353.8000,5354.0000,5354.4000,1,2,3,1,2,2,1,1,6,5
SF,IC2003,2020-01-03 13:53:04.400,5350.0000,53450,0,9068650600.000,0,-,-,-,-,5350.4000,5350.2000,5350.0000,5347.4000,5347.2000,5351.8000,5353.6000,5353.8000,5354.0000,5354.4000,3,2,1,2,3,2,1,1,6,5
SF,IC2003,2020-01-03 13:53:04.900,5350.0000,53450,0,9068650600.000,0,-,-,-,-,5350.4000,5350.0000,5347.4000,5347.2000,5346.2000,5351.8000,5353.6000,5353.8000,5354.0000,5354.4000,1,1,2,3,1,2,1,1,6,5
SF,IC2003,2020-01-03 13:53:05.400,5350.0000,53450,0,9068650600.000,0,-,-,-,-,5350.4000,5350.0000,5347.4000,5347.2000,5346.2000,5351.6000,5351.8000,5353.6000,5353.8000,5354.0000,1,1,2,3,1,1,2,1,1,6
SF,IC2003,2020-01-03 13:53:05.900,5350.0000,53450,0,9068650600.000,0,-,-,-,-,5350.4000,5350.0000,5347.4000,5346.2000,5346.0000,5351.4000,5351.6000,5353.6000,5353.8000,5354.0000,1,1,2,1,2,2,1,1,1,6
SF,IC2003,2020-01-03 13:53:06.400,5350.4000,53449,-1,9069720680.000,1,0,1,双平,B,5347.4000,5346.2000,5346.0000,5345.4000,5345.0000,5351.2000,5351.4000,5351.6000,5353.6000,5353.8000,2,1,2,4,2,1,2,1,1,1
SF,IC2003,2020-01-03 13:53:06.900,5350.4000,53449,0,9069720680.000,0,-,-,-,-,5349.2000,5349.0000,5348.8000,5348.6000,5348.0000,5350.8000,5351.0000,5351.2000,5351.6000,5353.6000,1,1,2,1,4,1,5,1,1,1
SF,IC2003,2020-01-03 13:53:07.400,5350.4000,53449,0,9069720680.000,0,-,-,-,-,5348.8000,5348.0000,5347.8000,5347.6000,5347.4000,5350.6000,5350.8000,5351.0000,5351.2000,5351.6000,2,1,1,4,2,2,1,1,1,1
SF,IC2003,2020-01-03 13:53:07.900,5350.4000,53449,0,9069720680.000,0,-,-,-,-,5349.2000,5349.0000,5348.8000,5348.0000,5347.8000,5350.6000,5350.8000,5351.6000,5353.6000,5353.8000,3,2,1,1,1,2,1,1,1,1
SF,IC2003,2020-01-03 13:53:08.400,5350.4000,53449,0,9069720680.000,0,-,-,-,-,5350.0000,5349.4000,5348.8000,5348.0000,5347.8000,5350.8000,5351.6000,5353.6000,5353.8000,5354.0000,1,2,1,1,1,1,3,1,1,6
SF,IC2003,2020-01-03 13:53:08.900,5350.4000,53449,0,9069720680.000,0,-,-,-,-,5350.0000,5349.4000,5348.8000,5348.0000,5347.8000,5351.6000,5353.6000,5353.8000,5354.0000,5354.4000,1,2,1,1,1,3,1,1,6,5
SF,IC2003,2020-01-03 13:53:09.400,5350.4000,53449,0,9069720680.000,0,-,-,-,-,5349.4000,5348.8000,5348.0000,5347.8000,5347.6000,5351.2000,5351.4000,5351.6000,5353.6000,5353.8000,2,1,1,1,1,1,3,3,1,1
SF,IC2003,2020-01-03 13:53:09.900,5350.4000,53449,0,9069720680.000,0,-,-,-,-,5349.8000,5349.4000,5348.8000,5348.0000,5347.8000,5351.0000,5351.2000,5351.4000,5351.6000,5353.6000,2,2,1,1,1,2,1,1,3,1
SF,IC2003,2020-01-03 13:53:10.400,5350.4000,53449,0,9069720680.000,0,-,-,-,-,5349.4000,5348.8000,5348.0000,5347.8000,5347.6000,5351.0000,5351.2000,5351.4000,5351.6000,5353.6000,2,1,1,1,1,2,1,1,3,1
SF,IC2003,2020-01-03 13:53:10.900,5350.4000,53449,0,9069720680.000,0,-,-,-,-,5348.8000,5348.0000,5347.8000,5347.6000,5347.4000,5350.8000,5351.0000,5351.2000,5351.4000,5351.6000,1,1,1,1,2,1,2,1,1,3
SF,IC2003,2020-01-03 13:53:11.400,5350.4000,53449,0,9069720680.000,0,-,-,-,-,5349.6000,5349.0000,5348.8000,5348.0000,5347.8000,5350.8000,5351.2000,5351.4000,5351.6000,5353.6000,1,5,1,1,1,1,1,1,3,1
SF,IC2003,2020-01-03 13:53:11.900,5350.4000,53449,0,9069720680.000,0,-,-,-,-,5350.4000,5349.6000,5349.0000,5348.8000,5348.0000,5350.6000,5350.8000,5351.2000,5351.4000,5351.6000,1,1,3,1,1,2,1,1,1,3
SF,IC2003,2020-01-03 13:53:12.400,5350.4000,53449,0,9070790760.000,1,0,1,空换,B,5349.6000,5349.0000,5348.8000,5348.0000,5347.8000,5350.4000,5350.6000,5350.8000,5351.2000,5351.4000,1,3,1,1,1,5,2,1,1,1
SF,IC2003,2020-01-03 13:53:12.900,5350.4000,53449,0,9070790760.000,0,-,-,-,-,5349.0000,5348.8000,5348.0000,5347.8000,5347.4000,5350.2000,5350.4000,5351.2000,5351.4000,5351.6000,3,1,1,1,2,3,5,1,1,3
SF,IC2003,2020-01-03 13:53:13.400,5350.4000,53449,0,9070790760.000,0,-,-,-,-,5349.0000,5348.8000,5348.0000,5347.8000,5347.4000,5350.0000,5350.2000,5350.4000,5351.6000,5351.8000,3,1,1,1,2,1,2,5,3,3
SF,IC2003,2020-01-03 13:53:13.900,5350.4000,53449,0,9070790760.000,0,-,-,-,-,5349.0000,5348.8000,5347.8000,5347.4000,5346.2000,5350.0000,5350.2000,5350.4000,5351.6000,5351.8000,3,1,1,2,1,1,2,5,3,3
SF,IC2003,2020-01-03 13:53:15.900,5350.4000,53449,0,9070790760.000,0,-,-,-,-,5349.2000,5349.0000,5348.8000,5347.8000,5347.4000,5350.0000,5350.2000,5350.4000,5351.6000,5351.8000,1,3,1,1,2,1,2,5,3,3
SF,IC2003,2020-01-03 13:53:16.900,5350.4000,53449,0,9070790760.000,0,-,-,-,-,5349.2000,5349.0000,5348.8000,5347.8000,5347.4000,5350.2000,5350.4000,5351.6000,5351.8000,5353.6000,1,3,1,1,2,2,5,3,3,1
SF,IC2003,2020-01-03 13:53:17.400,5350.4000,53449,0,9070790760.000,0,-,-,-,-,5349.2000,5349.0000,5348.8000,5347.8000,5347.4000,5350.2000,5350.4000,5351.6000,5351.8000,5353.6000,1,3,1,1,2,2,3,3,3,1
SF,IC2003,2020-01-03 13:53:18.400,5350.4000,53449,0,9070790760.000,0,-,-,-,-,5349.6000,5349.0000,5348.8000,5347.8000,5347.4000,5350.2000,5350.4000,5351.6000,5351.8000,5353.6000,1,3,1,1,2,2,3,3,3,1
SF,IC2003,2020-01-03 13:53:18.900,5350.4000,53449,0,9070790760.000,0,-,-,-,-,5349.0000,5348.8000,5347.8000,5347.4000,5346.2000,5350.2000,5350.4000,5351.6000,5351.8000,5353.6000,3,1,1,2,1,2,3,3,3,1
SF,IC2003,2020-01-03 13:53:20.400,5350.4000,53449,0,9070790760.000,0,-,-,-,-,5349.4000,5349.0000,5348.8000,5347.8000,5347.4000,5350.2000,5350.4000,5351.6000,5351.8000,5353.6000,1,3,1,1,2,2,2,3,3,1
SF,IC2003,2020-01-03 13:53:20.900,5350.4000,53449,0,9070790760.000,0,-,-,-,-,5349.4000,5349.0000,5348.8000,5347.8000,5347.4000,5350.2000,5351.6000,5351.8000,5352.0000,5353.6000,2,3,1,1,2,2,3,3,2,1
SF,IC2003,2020-01-03 13:53:22.400,5349.8000,53450,1,9071860720.000,1,1,0,双开,B,5349.4000,5349.0000,5348.8000,5347.8000,5347.4000,5350.2000,5351.6000,5351.8000,5352.0000,5353.6000,1,3,1,1,2,2,3,3,2,1
SF,IC2003,2020-01-03 13:53:22.900,5350.2000,53451,1,9072930760.000,1,1,0,双开,B,5349.6000,5349.4000,5349.0000,5348.8000,5347.8000,5351.0000,5351.6000,5351.8000,5352.0000,5353.6000,3,1,1,1,1,2,3,3,2,1
SF,IC2003,2020-01-03 13:53:23.400,5350.2000,53451,0,9072930760.000,0,-,-,-,-,5350.0000,5349.6000,5349.4000,5349.0000,5348.8000,5351.0000,5351.6000,5351.8000,5352.0000,5353.6000,1,2,1,1,1,2,3,3,2,1
SF,IC2003,2020-01-03 13:53:23.900,5350.2000,53451,0,9072930760.000,0,-,-,-,-,5350.6000,5350.2000,5349.4000,5349.0000,5348.8000,5351.0000,5351.6000,5351.8000,5352.0000,5353.6000,1,2,1,1,1,2,3,3,2,1
SF,IC2003,2020-01-03 13:53:24.400,5350.2000,53451,0,9072930760.000,0,-,-,-,-,5350.6000,5350.2000,5349.4000,5349.0000,5347.8000,5351.0000,5351.6000,5351.8000,5352.0000,5353.6000,1,2,1,1,1,2,3,3,2,1
SF,IC2003,2020-01-03 13:53:24.900,5350.6000,53451,0,9074000880.000,1,0,1,空换,B,5350.2000,5349.4000,5349.0000,5347.8000,5347.4000,5351.0000,5351.6000,5351.8000,5352.0000,5353.6000,2,1,1,1,2,2,3,3,2,1
SF,IC2003,2020-01-03 13:53:26.400,5350.6000,53451,0,9074000880.000,0,-,-,-,-,5350.2000,5349.4000,5349.0000,5347.8000,5347.4000,5350.8000,5351.0000,5351.6000,5351.8000,5352.0000,2,1,1,1,2,1,2,3,3,2
SF,IC2003,2020-01-03 13:53:26.900,5350.8000,53450,-1,9075071040.000,1,0,1,双平,B,5350.4000,5350.2000,5349.4000,5349.0000,5347.4000,5351.0000,5351.6000,5351.8000,5352.0000,5353.6000,1,2,1,1,2,2,3,3,2,1
SF,IC2003,2020-01-03 13:53:27.400,5350.4000,53450,0,9076141120.000,1,0,1,空换,B,5350.2000,5349.4000,5347.4000,5346.2000,5346.0000,5351.0000,5351.6000,5351.8000,5352.0000,5353.6000,2,1,2,1,2,2,3,3,2,1
SF,IC2003,2020-01-03 13:53:27.900,5350.4000,53450,0,9076141120.000,0,-,-,-,-,5349.4000,5347.4000,5346.2000,5346.0000,5345.4000,5351.0000,5351.6000,5351.8000,5352.0000,5353.6000,1,2,1,2,4,2,3,3,2,1
SF,IC2003,2020-01-03 13:53:28.400,5350.4000,53450,0,9076141120.000,0,-,-,-,-,5349.8000,5349.6000,5349.4000,5347.4000,5346.2000,5351.0000,5351.6000,5351.8000,5352.0000,5353.6000,1,3,1,2,1,2,3,3,2,1
SF,IC2003,2020-01-03 13:53:28.900,5350.4000,53450,0,9076141120.000,0,-,-,-,-,5349.8000,5349.6000,5349.4000,5347.4000,5346.2000,5350.8000,5351.0000,5351.6000,5351.8000,5352.0000,1,3,1,2,1,2,2,3,3,2
SF,IC2003,2020-01-03 13:53:29.900,5349.6000,53450,0,9077211040.000,1,0,1,空换,B,5349.6000,5349.4000,5347.4000,5346.2000,5346.0000,5349.8000,5350.0000,5350.8000,5351.0000,5351.6000,1,1,2,1,2,1,3,2,2,3
SF,IC2003,2020-01-03 13:53:30.400,5349.4000,53450,0,9079350840.000,2,1,1,空换,B,5347.4000,5346.2000,5346.0000,5345.4000,5345.0000,5349.4000,5349.6000,5351.0000,5351.6000,5351.8000,2,1,2,4,2,2,1,2,3,3
SF,IC2003,2020-01-03 13:53:30.900,5349.4000,53450,0,9079350840.000,0,-,-,-,-,5348.2000,5348.0000,5347.8000,5347.6000,5347.4000,5349.2000,5349.4000,5349.6000,5351.0000,5351.6000,1,1,2,4,2,2,2,1,2,3
SF,IC2003,2020-01-03 13:53:31.400,5349.4000,53450,0,9079350840.000,0,-,-,-,-,5348.2000,5348.0000,5347.8000,5347.6000,5347.4000,5349.0000,5349.2000,5349.4000,5349.6000,5351.0000,1,1,2,2,2,2,2,2,1,2
SF,IC2003,2020-01-03 13:53:31.900,5348.8000,53450,0,9080420600.000,1,0,1,空换,B,5347.8000,5347.6000,5347.4000,5346.2000,5346.0000,5349.0000,5349.2000,5349.4000,5349.6000,5351.0000,1,2,2,1,2,2,1,2,1,2
SF,IC2003,2020-01-03 13:53:32.400,5348.8000,53450,0,9080420600.000,0,-,-,-,-,5348.0000,5347.8000,5347.6000,5347.4000,5346.2000,5348.8000,5349.4000,5349.6000,5351.0000,5351.6000,1,1,1,2,1,1,2,1,2,3
SF,IC2003,2020-01-03 13:53:34.400,5348.8000,53450,0,9080420600.000,0,-,-,-,-,5348.0000,5347.8000,5347.6000,5347.4000,5346.2000,5348.8000,5349.4000,5349.6000,5351.0000,5351.6000,1,1,1,2,1,1,2,1,2,3
SF,IC2003,2020-01-03 13:53:34.900,5348.8000,53450,0,9080420600.000,0,-,-,-,-,5347.8000,5347.6000,5347.4000,5346.2000,5346.0000,5348.8000,5349.4000,5349.6000,5351.0000,5351.6000,1,1,2,1,2,1,2,1,2,3
SF,IC2003,2020-01-03 13:53:35.400,5348.8000,53450,0,9080420600.000,0,-,-,-,-,5347.8000,5347.6000,5347.4000,5346.2000,5346.0000,5348.8000,5349.4000,5349.6000,5351.0000,5351.6000,2,1,2,1,2,1,2,1,2,3
SF,IC2003,2020-01-03 13:53:36.400,5348.8000,53450,0,9080420600.000,0,-,-,-,-,5347.8000,5347.6000,5347.4000,5346.2000,5346.0000,5348.8000,5349.4000,5349.6000,5351.0000,5351.6000,2,1,2,1,2,1,1,1,2,3
SF,IC2003,2020-01-03 13:53:36.900,5348.8000,53450,0,9080420600.000,0,-,-,-,-,5347.8000,5347.6000,5347.4000,5346.2000,5346.0000,5348.8000,5349.4000,5349.6000,5351.0000,5351.6000,2,1,2,1,2,1,1,1,2,3
SF,IC2003,2020-01-03 13:53:37.400,5348.8000,53449,-1,9081490360.000,1,0,1,双平,B,5348.8000,5348.2000,5348.0000,5347.8000,5347.6000,5349.4000,5349.6000,5351.0000,5351.6000,5351.8000,1,1,1,2,1,1,1,2,3,3
SF,IC2003,2020-01-03 13:53:37.900,5348.8000,53449,0,9081490360.000,0,-,-,-,-,5348.8000,5348.2000,5348.0000,5347.8000,5347.6000,5349.2000,5349.4000,5349.6000,5351.0000,5351.6000,1,1,1,2,1,1,1,1,2,3
SF,IC2003,2020-01-03 13:53:38.400,5349.4000,53448,-1,9083630080.000,2,0,2,空平,B,5349.8000,5349.2000,5348.8000,5348.0000,5347.8000,5351.0000,5351.6000,5351.8000,5352.0000,5353.6000,1,1,1,1,2,2,3,3,2,1
SF,IC2003,2020-01-03 13:53:38.900,5349.4000,53448,0,9083630080.000,0,-,-,-,-,5349.8000,5349.2000,5348.8000,5348.0000,5347.8000,5350.8000,5351.0000,5351.6000,5351.8000,5352.0000,1,1,1,1,2,5,2,3,3,2
SF,IC2003,2020-01-03 13:53:39.400,5349.4000,53448,0,9083630080.000,0,-,-,-,-,5349.8000,5349.2000,5348.8000,5348.0000,5347.8000,5350.8000,5351.0000,5351.6000,5351.8000,5352.0000,1,1,1,1,2,5,2,3,3,2
SF,IC2003,2020-01-03 13:53:39.900,5349.4000,53448,0,9083630080.000,0,-,-,-,-,5349.8000,5349.2000,5348.8000,5348.0000,5347.8000,5350.4000,5350.8000,5351.0000,5351.6000,5351.8000,1,1,1,1,2,1,4,3,3,3
SF,IC2003,2020-01-03 13:53:40.400,5349.4000,53448,0,9083630080.000,0,-,-,-,-,5349.8000,5349.2000,5348.8000,5348.0000,5347.8000,5350.4000,5350.8000,5351.0000,5351.6000,5351.8000,1,1,1,1,2,1,5,3,3,3
SF,IC2003,2020-01-03 13:53:40.900,5349.8000,53449,1,9084700040.000,1,1,0,双开,B,5349.2000,5348.8000,5348.0000,5347.8000,5347.4000,5350.2000,5350.4000,5350.8000,5351.0000,5351.6000,1,1,1,2,2,2,1,3,3,3
SF,IC2003,2020-01-03 13:53:41.900,5349.8000,53449,0,9084700040.000,0,-,-,-,-,5349.2000,5348.8000,5348.0000,5347.8000,5347.4000,5350.2000,5350.4000,5350.8000,5351.0000,5351.6000,1,1,1,2,2,2,1,3,3,3
SF,IC2003,2020-01-03 13:53:42.400,5349.8000,53449,0,9084700040.000,0,-,-,-,-,5348.8000,5348.0000,5347.8000,5347.4000,5346.2000,5350.2000,5350.4000,5350.8000,5351.0000,5351.6000,1,1,2,2,1,2,1,3,3,3
SF,IC2003,2020-01-03 13:53:43.400,5349.8000,53449,0,9084700040.000,0,-,-,-,-,5348.8000,5348.0000,5347.8000,5347.4000,5346.2000,5349.4000,5350.2000,5350.4000,5350.8000,5351.0000,2,1,2,2,1,1,2,1,3,3
SF,IC2003,2020-01-03 13:53:43.900,5349.4000,53448,-1,9085769920.000,1,0,1,双平,B,5349.4000,5349.0000,5348.8000,5348.0000,5347.8000,5350.2000,5350.4000,5350.8000,5351.0000,5351.6000,5,1,2,1,2,2,1,3,3,3
SF,IC2003,2020-01-03 13:53:44.400,5349.4000,53448,0,9085769920.000,0,-,-,-,-,5349.4000,5349.0000,5348.8000,5348.0000,5347.8000,5350.2000,5350.8000,5351.0000,5351.6000,5351.8000,1,1,2,1,2,2,3,3,3,3
SF,IC2003,2020-01-03 13:53:44.900,5349.4000,53448,0,9085769920.000,0,-,-,-,-,5349.4000,5349.0000,5348.8000,5348.0000,5347.8000,5350.2000,5350.8000,5351.0000,5351.6000,5351.8000,1,1,2,1,2,2,2,3,3,3
SF,IC2003,2020-01-03 13:53:45.400,5349.4000,53448,0,9085769920.000,0,-,-,-,-,5349.4000,5349.0000,5348.8000,5348.0000,5347.8000,5350.0000,5350.2000,5350.8000,5351.0000,5351.6000,1,1,2,1,2,1,2,2,3,3
SF,IC2003,2020-01-03 13:53:45.900,5350.0000,53449,1,9086839920.000,1,1,0,双开,B,5350.0000,5348.8000,5348.0000,5347.8000,5347.4000,5350.8000,5351.0000,5351.6000,5351.8000,5352.0000,1,2,1,2,2,2,3,3,3,2
SF,IC2003,2020-01-03 13:53:46.400,5350.0000,53449,0,9086839920.000,0,-,-,-,-,5349.6000,5348.8000,5348.0000,5347.8000,5347.4000,5350.6000,5350.8000,5351.0000,5351.6000,5351.8000,1,1,1,2,2,2,2,3,3,3
SF,IC2003,2020-01-03 13:53:48.400,5350.0000,53449,0,9086839920.000,0,-,-,-,-,5349.6000,5348.8000,5348.0000,5347.8000,5347.4000,5350.4000,5350.6000,5350.8000,5351.0000,5351.6000,1,1,1,2,2,1,2,2,3,3
SF,IC2003,2020-01-03 13:53:48.900,5350.0000,53449,0,9086839920.000,0,-,-,-,-,5349.6000,5348.8000,5348.0000,5347.8000,5347.4000,5350.2000,5350.4000,5350.8000,5351.0000,5351.6000,1,1,1,2,2,2,1,2,3,3
SF,IC2003,2020-01-03 13:53:49.400,5350.0000,53449,0,9086839920.000,0,-,-,-,-,5349.6000,5348.8000,5348.0000,5347.8000,5347.4000,5350.2000,5350.4000,5350.8000,5351.0000,5351.6000,1,1,1,1,2,2,1,2,3,3
SF,IC2003,2020-01-03 13:53:49.900,5350.0000,53449,0,9086839920.000,0,-,-,-,-,5349.6000,5348.8000,5348.0000,5347.8000,5347.4000,5350.2000,5350.8000,5351.0000,5351.6000,5351.8000,1,1,1,1,2,2,2,3,3,3
SF,IC2003,2020-01-03 13:53:50.400,5350.0000,53449,0,9086839920.000,0,-,-,-,-,5349.6000,5348.8000,5348.0000,5347.8000,5347.4000,5350.2000,5350.8000,5351.0000,5351.6000,5351.8000,2,1,1,1,2,2,2,3,3,3
SF,IC2003,2020-01-03 13:53:52.900,5350.0000,53449,0,9086839920.000,0,-,-,-,-,5349.6000,5348.8000,5348.0000,5347.8000,5347.4000,5350.2000,5350.8000,5351.0000,5351.6000,5351.8000,2,1,1,1,2,2,2,3,3,3
SF,IC2003,2020-01-03 13:53:58.400,5349.6000,53448,-1,9088979760.000,2,0,2,空平,B,5348.8000,5348.0000,5347.8000,5347.4000,5346.2000,5350.2000,5350.8000,5351.0000,5351.6000,5351.8000,1,1,1,2,1,2,2,3,3,3
SF,IC2003,2020-01-03 13:53:58.900,5349.6000,53448,0,9088979760.000,0,-,-,-,-,5348.8000,5348.0000,5347.8000,5347.4000,5346.2000,5350.2000,5350.8000,5351.0000,5351.6000,5351.8000,1,1,1,2,1,2,2,3,3,3
SF,IC2003,2020-01-03 13:54:00.400,5348.8000,53448,0,9090049520.000,1,0,1,空换,B,5348.0000,5347.8000,5347.4000,5346.2000,5346.0000,5350.2000,5350.8000,5351.0000,5351.6000,5351.8000,1,1,2,1,2,2,2,3,3,3
SF,IC2003,2020-01-03 13:54:00.900,5348.8000,53448,0,9090049520.000,0,-,-,-,-,5348.6000,5348.4000,5348.2000,5348.0000,5347.8000,5350.2000,5350.8000,5351.0000,5351.6000,5351.8000,3,4,3,1,1,2,2,3,3,3
SF,IC2003,2020-01-03 13:54:01.400,5348.8000,53448,0,9090049520.000,0,-,-,-,-,5348.8000,5348.6000,5348.4000,5348.2000,5347.4000,5350.2000,5350.8000,5351.0000,5351.6000,5351.8000,2,3,2,3,2,2,2,3,3,3
SF,IC2003,2020-01-03 13:54:02.400,5348.8000,53448,0,9090049520.000,0,-,-,-,-,5348.8000,5348.6000,5348.4000,5348.2000,5347.4000,5350.2000,5350.8000,5351.0000,5351.6000,5351.8000,2,3,2,2,2,2,2,3,3,3
SF,IC2003,2020-01-03 13:54:03.900,5348.8000,53448,0,9090049520.000,0,-,-,-,-,5348.8000,5348.6000,5348.4000,5348.2000,5347.4000,5350.0000,5350.2000,5350.8000,5351.0000,5351.6000,2,3,2,2,2,1,2,2,3,3
SF,IC2003,2020-01-03 13:54:04.400,5348.8000,53448,0,9090049520.000,0,-,-,-,-,5348.8000,5348.6000,5348.4000,5348.2000,5347.4000,5349.8000,5350.0000,5350.2000,5350.8000,5351.0000,2,3,2,2,2,1,1,2,2,3
SF,IC2003,2020-01-03 13:54:04.900,5348.8000,53448,0,9090049520.000,0,-,-,-,-,5348.8000,5348.6000,5348.4000,5348.2000,5347.4000,5349.6000,5349.8000,5350.0000,5350.8000,5351.0000,1,3,2,2,2,2,1,1,2,3
SF,IC2003,2020-01-03 13:54:05.900,5348.8000,53448,0,9090049520.000,0,-,-,-,-,5348.4000,5348.2000,5347.4000,5346.2000,5346.0000,5349.6000,5349.8000,5350.0000,5350.8000,5351.0000,2,2,2,1,2,2,1,1,2,3
SF,IC2003,2020-01-03 13:54:06.400,5348.8000,53448,0,9090049520.000,0,-,-,-,-,5348.4000,5347.4000,5346.2000,5346.0000,5345.4000,5349.4000,5349.6000,5349.8000,5350.8000,5351.0000,1,2,1,2,4,2,2,1,2,3
SF,IC2003,2020-01-03 13:54:06.900,5348.8000,53448,0,9090049520.000,0,-,-,-,-,5347.4000,5346.2000,5346.0000,5345.4000,5345.0000,5349.2000,5349.4000,5349.8000,5350.8000,5351.0000,2,1,2,4,2,2,2,1,2,3
SF,IC2003,2020-01-03 13:54:07.400,5348.8000,53448,0,9090049520.000,0,-,-,-,-,5347.8000,5347.6000,5347.4000,5346.2000,5346.0000,5349.2000,5349.4000,5349.8000,5350.8000,5351.0000,3,1,2,1,2,2,2,1,2,3
SF,IC2003,2020-01-03 13:54:07.900,5348.8000,53448,0,9090049520.000,0,-,-,-,-,5347.8000,5347.6000,5347.4000,5346.2000,5346.0000,5349.2000,5349.4000,5350.8000,5351.0000,5351.6000,1,1,2,1,2,2,2,2,3,3
SF,IC2003,2020-01-03 13:54:08.400,5348.8000,53448,0,9090049520.000,0,-,-,-,-,5347.8000,5347.6000,5347.4000,5346.2000,5346.0000,5349.0000,5349.2000,5349.4000,5350.8000,5351.0000,1,1,2,1,2,2,2,1,2,3
SF,IC2003,2020-01-03 13:54:08.900,5348.8000,53448,0,9090049520.000,0,-,-,-,-,5348.4000,5347.8000,5347.4000,5346.2000,5346.0000,5348.8000,5349.0000,5349.4000,5350.8000,5351.0000,1,1,2,1,2,2,2,1,2,3
SF,IC2003,2020-01-03 13:54:09.400,5348.8000,53448,0,9090049520.000,0,-,-,-,-,5348.4000,5347.8000,5347.4000,5346.2000,5346.0000,5348.8000,5349.0000,5349.4000,5350.2000,5350.8000,1,1,2,1,2,2,2,1,1,1
SF,IC2003,2020-01-03 13:54:11.400,5348.8000,53449,1,9091119280.000,1,1,0,双开,B,5348.4000,5347.8000,5347.4000,5346.2000,5346.0000,5348.8000,5349.0000,5349.4000,5350.2000,5350.8000,1,1,2,1,2,1,2,1,1,1
SF,IC2003,2020-01-03 13:54:11.900,5348.8000,53450,1,9092189040.000,1,1,0,双开,B,5348.4000,5347.8000,5347.4000,5346.2000,5346.0000,5349.0000,5349.4000,5350.2000,5350.8000,5351.0000,1,1,2,1,2,2,1,1,1,3
SF,IC2003,2020-01-03 13:54:12.400,5349.0000,53451,1,9094328640.000,2,1,1,多开,B,5348.4000,5347.8000,5347.4000,5346.2000,5346.0000,5349.4000,5350.2000,5350.8000,5351.0000,5351.6000,1,1,2,1,2,1,1,1,3,3
SF,IC2003,2020-01-03 13:54:13.900,5348.6000,53451,0,9095398360.000,1,0,1,空换,B,5347.8000,5347.4000,5346.2000,5346.0000,5345.4000,5348.4000,5349.4000,5350.2000,5350.8000,5351.0000,1,2,1,2,4,4,1,1,1,3
SF,IC2003,2020-01-03 13:54:14.400,5348.4000,53453,2,9099677080.000,4,3,1,多开,B,5348.4000,5348.2000,5348.0000,5347.8000,5347.4000,5350.2000,5350.8000,5351.0000,5351.6000,5351.8000,1,1,4,1,2,1,1,3,3,3
SF,IC2003,2020-01-03 13:54:14.900,5348.4000,53453,0,9099677080.000,0,-,-,-,-,5348.6000,5348.4000,5348.2000,5348.0000,5347.8000,5349.8000,5350.2000,5350.8000,5351.0000,5351.6000,2,1,1,2,1,1,1,1,3,3
SF,IC2003,2020-01-03 13:54:15.400,5348.4000,53453,0,9099677080.000,0,-,-,-,-,5348.8000,5348.6000,5348.4000,5348.2000,5348.0000,5349.6000,5349.8000,5350.2000,5350.8000,5351.0000,1,2,1,1,2,2,1,1,1,3
SF,IC2003,2020-01-03 13:54:15.900,5348.4000,53453,0,9099677080.000,0,-,-,-,-,5348.4000,5348.2000,5348.0000,5347.8000,5347.4000,5349.6000,5349.8000,5350.2000,5350.8000,5351.0000,1,1,2,1,2,2,1,1,1,3
SF,IC2003,2020-01-03 13:54:16.900,5348.4000,53453,0,9100746760.000,1,0,1,空换,B,5348.2000,5348.0000,5347.8000,5347.4000,5346.2000,5348.4000,5349.6000,5349.8000,5350.2000,5350.8000,1,1,1,2,1,4,2,1,1,1
SF,IC2003,2020-01-03 13:54:17.400,5348.4000,53454,1,9101816440.000,1,1,0,双开,B,5348.2000,5348.0000,5347.8000,5347.4000,5346.2000,5348.4000,5349.6000,5349.8000,5350.2000,5350.8000,1,2,1,2,1,3,2,1,1,1
SF,IC2003,2020-01-03 13:54:17.900,5348.4000,53454,0,9105025480.000,3,1,2,空换,B,5348.4000,5348.2000,5348.0000,5347.8000,5347.4000,5349.6000,5349.8000,5350.2000,5350.8000,5351.0000,2,2,2,1,2,2,1,1,1,3
SF,IC2003,2020-01-03 13:54:18.400,5348.4000,53454,0,9105025480.000,0,-,-,-,-,5348.4000,5348.2000,5348.0000,5347.8000,5347.4000,5349.4000,5349.6000,5350.2000,5350.8000,5351.0000,2,2,1,1,2,1,2,1,1,3
SF,IC2003,2020-01-03 13:54:18.900,5348.4000,53454,0,9105025480.000,0,-,-,-,-,5348.4000,5348.2000,5348.0000,5347.8000,5347.4000,5349.4000,5349.6000,5350.2000,5350.8000,5351.0000,2,2,1,2,2,1,2,1,1,3
SF,IC2003,2020-01-03 13:54:19.400,5348.4000,53454,0,9105025480.000,0,-,-,-,-,5348.4000,5348.2000,5348.0000,5347.8000,5347.4000,5349.4000,5349.6000,5350.2000,5350.8000,5351.0000,2,1,1,2,2,1,2,1,1,3
SF,IC2003,2020-01-03 13:54:19.900,5348.4000,53454,0,9105025480.000,0,-,-,-,-,5349.0000,5348.4000,5348.2000,5348.0000,5347.8000,5349.6000,5350.2000,5350.8000,5351.0000,5351.6000,1,2,1,1,2,2,1,1,3,3
SF,IC2003,2020-01-03 13:54:20.900,5348.4000,53454,0,9105025480.000,0,-,-,-,-,5349.0000,5348.6000,5348.4000,5348.2000,5348.0000,5349.6000,5350.2000,5350.8000,5351.0000,5351.6000,1,1,1,1,1,2,1,1,3,3
SF,IC2003,2020-01-03 13:54:21.900,5348.4000,53454,0,9105025480.000,0,-,-,-,-,5349.0000,5348.6000,5348.4000,5348.0000,5347.8000,5349.6000,5350.2000,5350.8000,5351.0000,5351.6000,1,1,1,1,2,2,1,1,3,3
SF,IC2003,2020-01-03 13:54:22.400,5349.0000,53454,0,9106095280.000,1,0,1,空换,B,5348.6000,5348.4000,5348.0000,5347.8000,5347.4000,5349.6000,5350.2000,5350.8000,5351.0000,5351.6000,1,1,1,2,2,2,1,1,3,3
SF,IC2003,2020-01-03 13:54:22.900,5349.0000,53454,0,9106095280.000,0,-,-,-,-,5348.8000,5348.6000,5348.4000,5348.0000,5347.8000,5349.6000,5350.2000,5350.8000,5351.0000,5351.6000,1,1,1,1,2,2,1,1,3,3
SF,IC2003,2020-01-03 13:54:23.900,5349.0000,53454,0,9106095280.000,0,-,-,-,-,5348.8000,5348.4000,5348.0000,5347.8000,5347.4000,5349.6000,5350.2000,5350.8000,5351.0000,5351.6000,2,1,1,2,2,2,1,1,3,3
SF,IC2003,2020-01-03 13:54:25.400,5348.8000,53455,1,9108234800.000,2,1,1,多开,B,5348.4000,5348.0000,5347.8000,5347.4000,5346.2000,5349.0000,5349.4000,5349.6000,5350.2000,5350.8000,1,1,2,2,1,4,1,2,1,1
SF,IC2003,2020-01-03 13:54:25.900,5348.0000,53455,0,9109304400.000,1,0,1,空换,B,5347.8000,5347.4000,5346.2000,5346.0000,5345.4000,5348.2000,5348.6000,5348.8000,5350.2000,5350.8000,1,2,1,2,4,1,1,3,1,1
SF,IC2003,2020-01-03 13:54:26.400,5348.0000,53455,0,9109304400.000,0,-,-,-,-,5347.4000,5346.2000,5346.0000,5345.4000,5345.0000,5348.6000,5348.8000,5350.2000,5350.8000,5351.0000,2,1,2,4,2,1,3,1,1,3
SF,IC2003,2020-01-03 13:54:26.900,5348.0000,53455,0,9109304400.000,0,-,-,-,-,5347.4000,5346.2000,5346.0000,5345.4000,5345.0000,5348.4000,5348.6000,5348.8000,5350.2000,5350.8000,2,1,2,4,2,2,1,1,1,1
SF,IC2003,2020-01-03 13:54:27.400,5348.0000,53455,0,9109304400.000,0,-,-,-,-,5347.4000,5346.2000,5346.0000,5345.4000,5345.0000,5348.4000,5348.6000,5348.8000,5350.2000,5350.8000,2,1,2,4,2,2,1,1,1,1
SF,IC2003,2020-01-03 13:54:29.400,5348.0000,53455,0,9109304400.000,0,-,-,-,-,5347.4000,5346.2000,5346.0000,5345.4000,5345.0000,5348.4000,5348.8000,5350.2000,5350.8000,5351.0000,2,1,2,4,2,2,1,1,1,3
SF,IC2003,2020-01-03 13:54:29.900,5348.0000,53455,0,9109304400.000,0,-,-,-,-,5347.4000,5346.2000,5346.0000,5345.4000,5345.0000,5348.4000,5348.8000,5350.2000,5350.8000,5351.0000,2,1,2,4,2,2,1,1,1,3
SF,IC2003,2020-01-03 13:54:30.400,5348.0000,53455,0,9109304400.000,0,-,-,-,-,5347.4000,5346.2000,5346.0000,5345.4000,5345.0000,5348.4000,5348.8000,5350.2000,5350.8000,5351.0000,3,1,2,4,2,2,1,1,1,3
SF,IC2003,2020-01-03 13:54:31.400,5348.0000,53455,0,9109304400.000,0,-,-,-,-,5347.4000,5346.2000,5346.0000,5345.4000,5345.0000,5348.4000,5348.8000,5350.2000,5350.8000,5351.0000,3,1,2,4,2,2,1,1,1,3
SF,IC2003,2020-01-03 13:54:31.900,5348.0000,53455,0,9109304400.000,0,-,-,-,-,5347.4000,5346.2000,5346.0000,5345.4000,5345.0000,5348.4000,5348.8000,5350.2000,5350.8000,5351.0000,3,1,2,4,2,2,1,1,1,3
SF,IC2003,2020-01-03 13:54:34.400,5348.0000,53455,0,9109304400.000,0,-,-,-,-,5347.4000,5346.2000,5346.0000,5345.4000,5345.0000,5348.4000,5350.2000,5350.8000,5351.0000,5351.6000,3,1,2,4,2,2,1,1,3,3
SF,IC2003,2020-01-03 13:54:34.900,5348.4000,53457,2,9111443760.000,2,2,0,双开,B,5347.4000,5346.2000,5346.0000,5345.4000,5345.0000,5350.2000,5350.8000,5351.0000,5351.6000,5351.8000,3,1,2,4,2,1,1,3,3,3
SF,IC2003,2020-01-03 13:54:35.400,5348.4000,53457,0,9111443760.000,0,-,-,-,-,5347.6000,5347.4000,5346.2000,5346.0000,5345.4000,5349.2000,5349.4000,5349.8000,5350.0000,5350.2000,2,3,1,2,4,1,1,1,2,1
SF,IC2003,2020-01-03 13:54:36.400,5348.4000,53457,0,9111443760.000,0,-,-,-,-,5347.8000,5347.6000,5347.4000,5346.2000,5346.0000,5348.6000,5349.2000,5349.4000,5349.8000,5350.0000,1,2,3,1,2,1,1,1,1,2
SF,IC2003,2020-01-03 13:54:36.900,5348.4000,53457,0,9111443760.000,0,-,-,-,-,5348.0000,5347.8000,5347.4000,5346.2000,5346.0000,5348.6000,5349.4000,5349.8000,5350.0000,5350.8000,2,1,3,1,2,1,1,1,2,1
SF,IC2003,2020-01-03 13:54:37.400,5348.4000,53457,0,9111443760.000,0,-,-,-,-,5348.0000,5347.8000,5347.4000,5346.2000,5346.0000,5348.6000,5349.4000,5349.8000,5350.0000,5350.8000,2,1,3,1,2,1,1,1,1,1
SF,IC2003,2020-01-03 13:54:38.900,5348.4000,53457,0,9111443760.000,0,-,-,-,-,5348.0000,5347.8000,5347.4000,5346.2000,5346.0000,5348.6000,5349.4000,5349.8000,5350.0000,5350.8000,2,1,4,1,2,1,1,1,1,1
SF,IC2003,2020-01-03 13:54:39.400,5348.6000,53458,1,9112513480.000,1,1,0,双开,B,5348.0000,5347.4000,5346.2000,5346.0000,5345.4000,5349.4000,5349.8000,5350.0000,5350.8000,5351.0000,2,4,1,2,4,1,1,1,1,3
SF,IC2003,2020-01-03 13:54:40.400,5349.4000,53457,-1,9113583360.000,1,0,1,双平,B,5348.0000,5347.4000,5346.2000,5346.0000,5345.4000,5349.8000,5350.0000,5350.8000,5351.0000,5351.6000,2,4,1,2,4,1,1,1,3,3
SF,IC2003,2020-01-03 13:54:40.900,5349.4000,53457,0,9113583360.000,0,-,-,-,-,5348.0000,5347.4000,5346.2000,5346.0000,5345.4000,5349.2000,5349.6000,5349.8000,5350.0000,5350.8000,2,4,1,2,4,1,1,1,1,1
SF,IC2003,2020-01-03 13:54:41.400,5349.4000,53457,0,9113583360.000,0,-,-,-,-,5348.2000,5348.0000,5347.4000,5346.2000,5346.0000,5349.2000,5349.6000,5349.8000,5350.0000,5350.8000,1,2,4,1,2,1,1,1,1,1
SF,IC2003,2020-01-03 13:54:41.900,5349.4000,53457,0,9113583360.000,0,-,-,-,-,5349.0000,5348.6000,5348.4000,5348.2000,5347.4000,5350.0000,5350.8000,5351.0000,5351.6000,5351.8000,2,1,5,1,4,1,1,3,3,3
SF,IC2003,2020-01-03 13:54:42.400,5349.4000,53458,1,9114653240.000,1,1,0,双开,B,5348.6000,5348.4000,5348.2000,5347.4000,5346.2000,5350.8000,5351.0000,5351.6000,5351.8000,5352.0000,1,5,1,4,1,1,3,3,3,2
SF,IC2003,2020-01-03 13:54:42.900,5349.4000,53458,0,9114653240.000,0,-,-,-,-,5349.0000,5348.8000,5348.6000,5348.4000,5347.4000,5350.8000,5351.0000,5351.6000,5351.8000,5352.0000,3,3,2,3,4,1,3,3,3,2
SF,IC2003,2020-01-03 13:54:43.400,5349.4000,53457,-1,9115723120.000,1,0,1,双平,B,5349.4000,5349.2000,5349.0000,5348.8000,5348.6000,5350.8000,5351.0000,5351.6000,5351.8000,5352.0000,1,2,1,1,2,1,3,3,3,2
SF,IC2003,2020-01-03 13:54:43.900,5349.4000,53457,0,9115723120.000,0,-,-,-,-,5349.6000,5349.4000,5349.0000,5348.8000,5348.6000,5350.6000,5350.8000,5351.0000,5351.6000,5351.8000,2,1,1,1,1,1,1,3,3,3
SF,IC2003,2020-01-03 13:54:44.900,5349.4000,53457,0,9115723120.000,0,-,-,-,-,5349.8000,5349.6000,5349.4000,5349.0000,5348.8000,5350.6000,5350.8000,5351.0000,5351.6000,5351.8000,1,2,1,1,1,1,1,3,3,3
SF,IC2003,2020-01-03 13:54:45.400,5349.4000,53457,0,9115723120.000,0,-,-,-,-,5349.8000,5349.6000,5349.4000,5349.0000,5348.8000,5350.6000,5350.8000,5351.0000,5351.6000,5351.8000,2,2,1,1,1,1,1,3,3,3
SF,IC2003,2020-01-03 13:54:46.400,5349.4000,53457,0,9115723120.000,0,-,-,-,-,5349.8000,5349.6000,5349.0000,5348.8000,5348.6000,5350.6000,5350.8000,5351.0000,5351.6000,5351.8000,2,2,1,1,1,1,1,3,3,3
SF,IC2003,2020-01-03 13:54:47.400,5349.4000,53457,0,9115723120.000,0,-,-,-,-,5349.8000,5349.6000,5349.0000,5348.8000,5348.6000,5350.6000,5350.8000,5351.0000,5351.6000,5351.8000,1,2,1,1,1,1,1,3,3,3
SF,IC2003,2020-01-03 13:54:47.900,5349.4000,53457,0,9115723120.000,0,-,-,-,-,5349.8000,5349.6000,5349.0000,5348.8000,5348.6000,5350.4000,5350.6000,5350.8000,5351.0000,5351.6000,1,2,1,1,1,1,1,1,3,3
SF,IC2003,2020-01-03 13:54:48.400,5349.8000,53457,0,9116793080.000,1,0,1,空换,B,5349.0000,5348.8000,5348.6000,5348.4000,5347.4000,5350.4000,5350.6000,5350.8000,5351.0000,5351.6000,1,1,1,1,4,1,1,1,3,3
SF,IC2003,2020-01-03 13:54:48.900,5349.8000,53457,0,9116793080.000,0,-,-,-,-,5349.0000,5348.8000,5348.4000,5347.4000,5346.2000,5349.6000,5350.4000,5350.6000,5350.8000,5351.0000,1,1,1,4,1,1,1,1,1,3
SF,IC2003,2020-01-03 13:54:50.400,5349.8000,53457,0,9116793080.000,0,-,-,-,-,5349.0000,5348.8000,5348.4000,5347.4000,5346.2000,5349.6000,5350.4000,5350.6000,5350.8000,5351.0000,1,1,1,4,1,1,1,1,1,3
SF,IC2003,2020-01-03 13:54:51.400,5349.8000,53457,0,9116793080.000,0,-,-,-,-,5349.0000,5348.8000,5348.4000,5347.4000,5346.2000,5349.6000,5350.4000,5350.8000,5351.0000,5351.6000,1,1,1,4,1,1,1,1,3,3
SF,IC2003,2020-01-03 13:54:52.400,5349.8000,53457,0,9116793080.000,0,-,-,-,-,5347.4000,5346.2000,5346.0000,5345.4000,5345.0000,5349.6000,5350.8000,5351.0000,5351.6000,5351.8000,4,1,2,4,2,1,1,3,3,2
SF,IC2003,2020-01-03 13:54:52.900,5349.8000,53457,0,9116793080.000,0,-,-,-,-,5348.0000,5347.8000,5347.4000,5346.2000,5346.0000,5349.4000,5349.6000,5350.8000,5351.0000,5351.6000,1,2,4,1,2,1,1,1,3,3
SF,IC2003,2020-01-03 13:54:54.400,5349.8000,53457,0,9116793080.000,0,-,-,-,-,5348.0000,5347.8000,5347.4000,5346.2000,5346.0000,5349.4000,5349.6000,5350.8000,5351.0000,5351.6000,1,1,4,1,2,1,1,1,3,3
SF,IC2003,2020-01-03 13:54:54.900,5349.8000,53457,0,9116793080.000,0,-,-,-,-,5348.0000,5347.8000,5347.4000,5346.2000,5346.0000,5349.2000,5349.4000,5349.6000,5350.8000,5351.0000,1,1,4,1,2,1,1,1,1,3
SF,IC2003,2020-01-03 13:54:55.900,5349.8000,53457,0,9116793080.000,0,-,-,-,-,5348.0000,5347.8000,5347.4000,5346.2000,5346.0000,5349.2000,5349.4000,5349.6000,5350.8000,5351.0000,2,1,4,1,2,1,1,1,1,3
SF,IC2003,2020-01-03 13:54:57.400,5349.2000,53457,0,9117862920.000,1,0,1,空换,B,5348.0000,5347.8000,5347.4000,5346.2000,5346.0000,5349.4000,5349.6000,5350.8000,5351.0000,5351.6000,2,1,4,1,2,1,1,1,3,3
SF,IC2003,2020-01-03 13:54:57.900,5349.2000,53457,0,9117862920.000,0,-,-,-,-,5348.0000,5347.8000,5347.4000,5346.2000,5346.0000,5349.2000,5349.4000,5349.6000,5350.8000,5351.0000,1,1,4,1,2,1,1,1,1,3
SF,IC2003,2020-01-03 13:54:58.400,5349.2000,53457,0,9117862920.000,0,-,-,-,-,5348.0000,5347.8000,5347.4000,5346.2000,5346.0000,5349.2000,5349.4000,5349.6000,5350.8000,5351.0000,2,1,4,1,2,1,1,1,1,3
SF,IC2003,2020-01-03 13:54:59.900,5349.2000,53457,0,9117862920.000,0,-,-,-,-,5348.2000,5348.0000,5347.8000,5347.4000,5346.2000,5349.2000,5349.4000,5349.6000,5350.8000,5351.0000,1,2,1,4,1,1,1,1,1,3
SF,IC2003,2020-01-03 13:55:00.400,5349.2000,53457,0,9117862920.000,0,-,-,-,-,5348.2000,5348.0000,5347.8000,5347.4000,5346.2000,5349.2000,5349.4000,5349.6000,5350.8000,5351.0000,2,2,1,4,1,1,1,1,1,3
SF,IC2003,2020-01-03 13:55:00.900,5349.2000,53457,0,9117862920.000,0,-,-,-,-,5349.0000,5348.2000,5348.0000,5347.8000,5347.4000,5349.2000,5349.4000,5349.6000,5350.8000,5351.0000,2,2,2,1,4,1,1,1,1,3
SF,IC2003,2020-01-03 13:55:01.400,5349.4000,53458,1,9120002640.000,2,1,1,多开,B,5349.2000,5348.2000,5348.0000,5347.8000,5347.4000,5349.6000,5350.8000,5351.0000,5351.6000,5351.8000,2,2,1,1,4,1,1,3,3,2
SF,IC2003,2020-01-03 13:55:01.900,5349.6000,53458,0,9121072560.000,1,0,1,空换,B,5349.2000,5348.2000,5347.8000,5347.4000,5346.2000,5350.8000,5351.0000,5351.6000,5351.8000,5352.0000,2,2,1,4,1,1,3,3,2,2
SF,IC2003,2020-01-03 13:55:02.400,5349.6000,53458,0,9121072560.000,0,-,-,-,-,5349.2000,5348.2000,5347.8000,5347.4000,5347.0000,5350.4000,5350.8000,5351.0000,5351.6000,5351.8000,2,2,1,4,1,1,1,3,3,2
SF,IC2003,2020-01-03 13:55:03.400,5349.6000,53458,0,9121072560.000,0,-,-,-,-,5349.4000,5349.2000,5348.2000,5347.8000,5347.4000,5350.4000,5350.8000,5351.0000,5351.6000,5351.8000,1,2,2,1,4,1,1,3,3,2
SF,IC2003,2020-01-03 13:55:03.900,5350.8000,53458,0,9122142720.000,1,0,1,空换,B,5349.4000,5349.2000,5348.2000,5347.8000,5347.4000,5351.0000,5351.6000,5351.8000,5352.0000,5352.4000,1,2,2,1,4,3,3,2,2,1
SF,IC2003,2020-01-03 13:55:04.400,5350.8000,53458,0,9122142720.000,0,-,-,-,-,5349.4000,5349.2000,5348.2000,5347.8000,5347.4000,5351.0000,5351.6000,5351.8000,5352.0000,5352.4000,1,2,2,1,4,3,3,2,2,1
SF,IC2003,2020-01-03 13:55:05.400,5350.8000,53458,0,9122142720.000,0,-,-,-,-,5349.6000,5349.4000,5349.2000,5348.2000,5347.8000,5351.0000,5351.6000,5351.8000,5352.0000,5352.4000,1,1,2,2,1,3,3,2,2,1
SF,IC2003,2020-01-03 13:55:05.900,5350.8000,53458,0,9122142720.000,0,-,-,-,-,5350.6000,5349.8000,5349.6000,5349.2000,5348.2000,5351.0000,5351.6000,5351.8000,5352.0000,5352.4000,2,1,2,2,2,3,3,2,2,1
SF,IC2003,2020-01-03 13:55:06.400,5350.8000,53458,0,9122142720.000,0,-,-,-,-,5349.8000,5349.6000,5349.2000,5348.2000,5347.4000,5351.0000,5351.6000,5351.8000,5352.0000,5352.4000,1,2,2,2,4,3,3,2,2,1
SF,IC2003,2020-01-03 13:55:06.900,5351.0000,53459,1,9123212920.000,1,1,0,双开,B,5350.8000,5350.0000,5349.8000,5349.6000,5349.2000,5351.0000,5351.6000,5351.8000,5352.0000,5352.4000,2,1,2,1,1,2,3,2,2,1
SF,IC2003,2020-01-03 13:55:07.400,5351.0000,53461,2,9125353320.000,2,2,0,双开,B,5351.0000,5350.0000,5349.8000,5349.6000,5349.2000,5351.6000,5351.8000,5352.0000,5352.4000,5353.6000,3,1,2,1,1,3,2,2,1,1
SF,IC2003,2020-01-03 13:55:07.900,5351.0000,53461,0,9125353320.000,0,-,-,-,-,5351.0000,5350.2000,5350.0000,5349.8000,5349.6000,5351.6000,5351.8000,5352.0000,5352.4000,5353.6000,3,1,1,2,1,3,2,2,1,1
SF,IC2003,2020-01-03 13:55:08.400,5351.0000,53461,0,9125353320.000,0,-,-,-,-,5351.0000,5349.8000,5349.6000,5349.2000,5348.2000,5351.6000,5351.8000,5352.0000,5352.4000,5353.6000,3,2,1,1,2,3,2,2,1,1
SF,IC2003,2020-01-03 13:55:08.900,5351.8000,53463,2,9129634640.000,4,3,1,多开,B,5351.4000,5351.2000,5351.0000,5349.8000,5349.6000,5351.8000,5352.0000,5352.4000,5353.6000,5353.8000,1,1,3,2,1,1,2,1,1,1
SF,IC2003,2020-01-03 13:55:09.400,5352.0000,53463,0,9131775400.000,2,1,1,空换,B,5351.4000,5351.2000,5351.0000,5349.8000,5349.6000,5352.0000,5352.4000,5353.6000,5353.8000,5354.0000,1,1,2,2,1,1,1,1,1,7
SF,IC2003,2020-01-03 13:55:09.900,5352.0000,53463,0,9131775400.000,0,-,-,-,-,5351.4000,5351.2000,5351.0000,5349.8000,5349.6000,5352.0000,5352.4000,5353.6000,5353.8000,5354.0000,1,1,2,1,1,1,1,1,1,7
SF,IC2003,2020-01-03 13:55:10.400,5351.4000,53464,1,9132845680.000,1,1,0,双开,B,5351.4000,5351.2000,5351.0000,5349.8000,5349.6000,5352.0000,5352.4000,5353.6000,5353.8000,5354.0000,1,1,2,1,1,1,1,1,1,7
SF,IC2003,2020-01-03 13:55:11.400,5352.0000,53465,1,9133916080.000,1,1,0,双开,B,5352.0000,5351.6000,5351.4000,5351.2000,5351.0000,5352.4000,5353.6000,5353.8000,5354.0000,5354.6000,1,3,1,1,1,1,1,1,7,1
SF,IC2003,2020-01-03 13:55:11.900,5352.4000,53465,0,9136056960.000,2,1,1,空换,B,5351.6000,5351.4000,5351.2000,5351.0000,5349.6000,5353.6000,5353.8000,5354.0000,5354.6000,5355.0000,3,1,1,1,1,1,1,7,1,12
SF,IC2003,2020-01-03 13:55:12.400,5352.4000,53465,0,9136056960.000,0,-,-,-,-,5352.0000,5351.8000,5351.6000,5351.4000,5351.2000,5353.4000,5354.0000,5354.6000,5355.0000,5355.2000,1,2,3,1,1,1,7,1,12,2
SF,IC2003,2020-01-03 13:55:12.900,5353.4000,53465,0,9137127640.000,1,0,1,空换,B,5352.8000,5352.0000,5351.6000,5351.4000,5351.2000,5354.0000,5354.6000,5355.0000,5355.2000,5356.0000,1,2,3,1,1,7,1,12,2,4
SF,IC2003,2020-01-03 13:55:13.400,5353.4000,53465,0,9137127640.000,0,-,-,-,-,5352.8000,5352.0000,5351.6000,5351.4000,5351.2000,5354.0000,5354.6000,5355.0000,5355.2000,5356.0000,2,1,3,1,1,7,1,12,2,4
SF,IC2003,2020-01-03 13:55:13.900,5352.8000,53465,0,9141409880.000,4,2,2,空换,B,5352.0000,5351.6000,5351.4000,5351.2000,5348.2000,5353.0000,5353.8000,5354.0000,5354.6000,5355.0000,1,3,1,1,1,2,1,7,1,12
SF,IC2003,2020-01-03 13:55:14.400,5352.8000,53465,0,9141409880.000,0,-,-,-,-,5352.2000,5352.0000,5351.6000,5351.4000,5347.6000,5352.8000,5354.0000,5354.6000,5355.0000,5355.2000,1,1,3,1,5,1,7,1,12,2
SF,IC2003,2020-01-03 13:55:14.900,5351.4000,53465,0,9145691320.000,4,2,2,空换,B,5347.4000,5347.0000,5346.2000,5346.0000,5345.4000,5351.6000,5352.0000,5352.2000,5352.4000,5352.8000,4,1,1,2,4,1,2,3,1,1
SF,IC2003,2020-01-03 13:55:15.400,5352.0000,53467,2,9149972720.000,4,3,1,多开,B,5350.0000,5349.6000,5349.0000,5348.6000,5348.2000,5352.2000,5354.0000,5354.6000,5355.0000,5355.2000,3,3,1,2,3,1,7,1,12,2
SF,IC2003,2020-01-03 13:55:15.900,5350.0000,53467,0,9151042720.000,1,0,1,空换,B,5349.6000,5349.0000,5348.2000,5348.0000,5347.8000,5351.6000,5351.8000,5352.0000,5352.2000,5354.0000,3,1,2,2,2,1,2,2,2,7
SF,IC2003,2020-01-03 13:55:16.400,5350.0000,53467,0,9151042720.000,0,-,-,-,-,5349.8000,5349.6000,5349.0000,5348.2000,5348.0000,5351.4000,5351.6000,5351.8000,5352.0000,5352.2000,1,3,1,2,2,1,1,1,2,1
SF,IC2003,2020-01-03 13:55:16.900,5350.0000,53467,0,9151042720.000,0,-,-,-,-,5349.8000,5349.6000,5349.0000,5348.2000,5348.0000,5351.6000,5351.8000,5352.0000,5352.2000,5354.0000,1,3,1,2,2,1,1,2,1,7
SF,IC2003,2020-01-03 13:55:17.400,5350.0000,53467,0,9151042720.000,0,-,-,-,-,5349.8000,5349.6000,5348.0000,5347.8000,5347.4000,5350.6000,5351.0000,5351.2000,5351.4000,5351.6000,1,1,2,2,3,1,1,1,1,1
SF,IC2003,2020-01-03 13:55:17.900,5350.0000,53467,0,9151042720.000,0,-,-,-,-,5350.0000,5349.8000,5349.6000,5348.0000,5347.8000,5350.6000,5351.0000,5351.4000,5352.0000,5352.2000,1,1,1,1,2,1,1,1,1,1
SF,IC2003,2020-01-03 13:55:18.900,5350.6000,53467,0,9152112840.000,1,0,1,空换,B,5350.8000,5350.6000,5350.0000,5349.8000,5348.0000,5352.0000,5352.2000,5354.0000,5354.6000,5355.0000,1,4,1,1,1,1,1,7,1,12
SF,IC2003,2020-01-03 13:55:19.400,5350.6000,53467,0,9152112840.000,0,-,-,-,-,5350.8000,5350.6000,5350.0000,5349.8000,5348.0000,5352.0000,5352.2000,5354.0000,5354.6000,5355.0000,1,4,1,1,1,1,1,7,1,12
SF,IC2003,2020-01-03 13:55:19.900,5352.0000,53467,0,9153183240.000,1,0,1,空换,B,5351.2000,5351.0000,5350.8000,5350.6000,5350.0000,5352.2000,5354.0000,5354.6000,5355.0000,5355.2000,1,1,1,4,1,1,7,1,12,2
SF,IC2003,2020-01-03 13:55:20.400,5352.2000,53467,0,9154253680.000,1,0,1,空换,B,5351.8000,5351.6000,5351.4000,5350.8000,5350.6000,5352.0000,5354.0000,5354.6000,5355.0000,5355.2000,1,2,1,1,4,1,7,1,12,2
SF,IC2003,2020-01-03 13:55:20.900,5352.0000,53467,0,9155324080.000,1,0,1,空换,B,5352.2000,5352.0000,5351.6000,5351.4000,5350.8000,5354.0000,5354.6000,5355.0000,5355.2000,5356.0000,1,4,1,1,1,7,1,12,2,4
SF,IC2003,2020-01-03 13:55:21.400,5352.0000,53467,0,9155324080.000,0,-,-,-,-,5352.0000,5351.6000,5351.4000,5350.8000,5350.0000,5352.8000,5353.6000,5354.0000,5354.6000,5355.0000,1,1,1,1,1,1,3,7,1,12
SF,IC2003,2020-01-03 13:55:21.900,5352.0000,53467,0,9155324080.000,0,-,-,-,-,5352.0000,5350.0000,5347.8000,5347.4000,5347.0000,5352.4000,5353.6000,5354.0000,5354.6000,5355.0000,1,1,2,3,1,1,1,7,1,12
SF,IC2003,2020-01-03 13:55:22.400,5352.0000,53467,0,9156394480.000,1,0,1,空换,B,5350.0000,5347.8000,5347.4000,5347.0000,5346.8000,5352.2000,5352.4000,5353.6000,5354.0000,5354.6000,1,2,3,1,1,1,1,1,7,1
SF,IC2003,2020-01-03 13:55:22.900,5352.0000,53467,0,9156394480.000,0,-,-,-,-,5351.2000,5350.8000,5350.6000,5350.4000,5350.2000,5352.2000,5352.4000,5353.6000,5354.0000,5354.6000,1,2,1,2,5,1,1,1,7,1
SF,IC2003,2020-01-03 13:55:23.400,5352.0000,53467,0,9156394480.000,0,-,-,-,-,5350.8000,5350.6000,5350.2000,5350.0000,5347.8000,5352.0000,5352.2000,5353.6000,5354.0000,5354.6000,1,1,3,1,2,1,1,1,7,1
SF,IC2003,2020-01-03 13:55:24.400,5352.2000,53467,0,9157464920.000,1,0,1,空换,B,5352.4000,5352.0000,5351.8000,5351.0000,5350.8000,5353.6000,5354.0000,5354.6000,5355.0000,5355.2000,1,3,3,1,2,1,7,1,12,2
SF,IC2003,2020-01-03 13:55:24.900,5353.2000,53467,0,9158535560.000,1,0,1,空换,B,5352.4000,5350.2000,5350.0000,5347.8000,5347.4000,5354.0000,5354.6000,5355.0000,5355.2000,5356.0000,2,3,1,2,3,7,1,12,2,4
SF,IC2003,2020-01-03 13:55:25.400,5353.2000,53467,0,9158535560.000,0,-,-,-,-,5353.6000,5352.4000,5350.2000,5350.0000,5347.8000,5354.0000,5354.6000,5355.0000,5355.2000,5356.0000,3,2,3,1,2,7,1,12,2,4
SF,IC2003,2020-01-03 13:55:25.900,5353.6000,53466,-1,9161747720.000,3,1,2,空平,B,5352.4000,5350.2000,5350.0000,5347.8000,5347.4000,5353.6000,5354.0000,5354.6000,5355.0000,5355.2000,2,3,1,2,3,4,7,1,12,2
SF,IC2003,2020-01-03 13:55:26.400,5353.6000,53466,0,9161747720.000,0,-,-,-,-,5352.4000,5352.2000,5350.2000,5350.0000,5347.8000,5353.6000,5354.0000,5354.6000,5355.0000,5355.2000,2,1,2,1,2,4,7,1,12,2
SF,IC2003,2020-01-03 13:55:26.900,5353.6000,53466,0,9161747720.000,0,-,-,-,-,5353.0000,5352.6000,5352.4000,5352.2000,5350.2000,5353.6000,5354.0000,5354.6000,5355.0000,5355.2000,2,2,2,1,1,4,7,1,12,2
SF,IC2003,2020-01-03 13:55:27.400,5353.6000,53468,2,9163889160.000,2,2,0,双开,B,5353.2000,5352.6000,5352.4000,5350.2000,5350.0000,5353.6000,5354.0000,5354.6000,5355.0000,5355.2000,1,2,2,1,1,2,7,1,12,2
SF,IC2003,2020-01-03 13:55:27.900,5354.0000,53469,1,9167101400.000,3,2,1,多开,B,5353.2000,5352.6000,5352.4000,5350.2000,5350.0000,5354.0000,5354.6000,5355.0000,5355.2000,5356.0000,1,2,2,1,1,6,1,12,2,4
SF,IC2003,2020-01-03 13:55:28.400,5354.0000,53469,0,9167101400.000,0,-,-,-,-,5353.4000,5353.2000,5352.6000,5352.4000,5350.2000,5354.0000,5354.6000,5355.0000,5355.2000,5356.0000,1,1,2,1,1,6,1,12,2,4
SF,IC2003,2020-01-03 13:55:28.900,5353.4000,53470,1,9168172080.000,1,1,0,双开,B,5353.2000,5352.6000,5352.4000,5350.2000,5350.0000,5354.0000,5354.6000,5355.0000,5355.2000,5356.0000,1,2,1,1,1,6,1,12,2,5
SF,IC2003,2020-01-03 13:55:29.400,5353.2000,53472,2,9171384000.000,3,2,1,多开,B,5352.6000,5352.4000,5350.2000,5350.0000,5347.8000,5353.4000,5353.6000,5354.0000,5354.6000,5355.0000,2,1,1,1,1,1,1,6,1,12
SF,IC2003,2020-01-03 13:55:29.900,5352.6000,53472,0,9173525040.000,2,1,1,空换,B,5352.4000,5350.2000,5350.0000,5347.8000,5347.4000,5353.0000,5353.4000,5354.0000,5354.6000,5355.0000,1,1,1,1,3,1,1,6,1,12
SF,IC2003,2020-01-03 13:55:30.400,5352.4000,53473,1,9175666000.000,2,1,1,多开,B,5350.2000,5350.0000,5347.8000,5347.4000,5347.0000,5352.6000,5353.4000,5354.0000,5354.6000,5355.0000,1,1,1,3,1,1,1,6,1,12
SF,IC2003,2020-01-03 13:55:30.900,5352.4000,53473,0,9175666000.000,0,-,-,-,-,5350.8000,5350.6000,5350.4000,5350.2000,5350.0000,5352.6000,5353.2000,5353.4000,5354.0000,5354.6000,1,3,6,1,1,1,1,1,6,1
SF,IC2003,2020-01-03 13:55:31.400,5352.4000,53473,0,9175666000.000,0,-,-,-,-,5351.6000,5351.2000,5351.0000,5350.6000,5350.4000,5353.2000,5353.4000,5354.0000,5354.6000,5355.0000,3,1,2,2,5,1,1,6,1,12
SF,IC2003,2020-01-03 13:55:31.900,5352.4000,53473,0,9175666000.000,0,-,-,-,-,5351.6000,5351.2000,5351.0000,5350.6000,5350.4000,5353.2000,5353.4000,5354.0000,5354.6000,5355.0000,1,1,1,2,4,1,1,6,1,12
SF,IC2003,2020-01-03 13:55:32.400,5352.4000,53473,0,9175666000.000,0,-,-,-,-,5351.6000,5351.2000,5351.0000,5350.6000,5350.4000,5353.2000,5353.4000,5354.0000,5354.6000,5355.0000,2,1,1,2,4,1,1,6,1,13
SF,IC2003,2020-01-03 13:55:32.900,5352.4000,53473,0,9175666000.000,0,-,-,-,-,5351.6000,5351.2000,5351.0000,5350.6000,5350.4000,5353.2000,5353.4000,5354.0000,5354.6000,5355.0000,2,1,1,2,4,1,1,6,1,13
SF,IC2003,2020-01-03 13:55:33.400,5352.4000,53473,0,9175666000.000,0,-,-,-,-,5351.8000,5351.6000,5351.2000,5351.0000,5350.6000,5353.2000,5353.4000,5354.0000,5354.6000,5355.0000,2,2,1,1,2,1,1,6,1,13
SF,IC2003,2020-01-03 13:55:33.900,5352.4000,53473,0,9175666000.000,0,-,-,-,-,5352.4000,5352.2000,5352.0000,5351.8000,5351.6000,5353.2000,5353.4000,5354.0000,5354.6000,5355.0000,2,1,1,2,1,1,1,5,1,13
SF,IC2003,2020-01-03 13:55:34.400,5352.4000,53473,0,9175666000.000,0,-,-,-,-,5352.2000,5352.0000,5351.8000,5351.6000,5351.0000,5353.2000,5353.4000,5354.0000,5354.6000,5355.0000,1,1,2,1,1,1,1,5,1,13
SF,IC2003,2020-01-03 13:55:34.900,5352.2000,53472,-1,9176736440.000,1,0,1,双平,B,5352.0000,5351.8000,5351.6000,5351.0000,5350.6000,5353.2000,5354.0000,5354.6000,5355.0000,5355.2000,1,2,1,1,2,1,5,1,13,2
SF,IC2003,2020-01-03 13:55:35.400,5352.2000,53472,0,9176736440.000,0,-,-,-,-,5352.0000,5351.8000,5351.6000,5351.0000,5350.6000,5353.0000,5353.2000,5354.0000,5354.6000,5355.0000,1,1,1,1,2,1,1,5,1,13
SF,IC2003,2020-01-03 13:55:35.900,5352.2000,53472,0,9176736440.000,0,-,-,-,-,5351.6000,5351.0000,5350.6000,5350.4000,5350.2000,5352.4000,5353.2000,5354.0000,5354.6000,5355.0000,1,1,2,2,1,1,1,5,1,13
SF,IC2003,2020-01-03 13:55:36.400,5352.2000,53472,0,9176736440.000,0,-,-,-,-,5350.6000,5350.4000,5350.2000,5350.0000,5347.8000,5352.4000,5353.2000,5354.0000,5354.6000,5355.0000,2,2,1,1,1,1,1,5,1,13
SF,IC2003,2020-01-03 13:55:36.900,5352.2000,53472,0,9176736440.000,0,-,-,-,-,5351.4000,5351.0000,5350.4000,5350.2000,5350.0000,5352.4000,5353.2000,5354.0000,5354.6000,5355.0000,2,1,1,1,1,2,1,5,1,13
SF,IC2003,2020-01-03 13:55:37.400,5352.2000,53472,0,9176736440.000,0,-,-,-,-,5350.4000,5350.2000,5350.0000,5347.8000,5347.4000,5352.4000,5353.2000,5354.0000,5354.6000,5355.0000,1,1,1,1,3,2,1,5,1,13
SF,IC2003,2020-01-03 13:55:37.900,5352.2000,53472,0,9176736440.000,0,-,-,-,-,5351.2000,5350.6000,5350.4000,5350.2000,5350.0000,5352.4000,5353.2000,5354.0000,5354.6000,5355.0000,1,3,1,1,1,2,1,5,1,13
SF,IC2003,2020-01-03 13:55:38.400,5352.2000,53472,0,9176736440.000,0,-,-,-,-,5350.6000,5350.4000,5350.2000,5350.0000,5347.8000,5352.2000,5352.4000,5353.2000,5354.0000,5354.6000,2,1,1,1,1,1,2,1,5,1
SF,IC2003,2020-01-03 13:55:38.900,5352.2000,53472,0,9176736440.000,0,-,-,-,-,5350.6000,5350.4000,5350.2000,5350.0000,5347.8000,5352.2000,5352.4000,5353.2000,5354.0000,5354.6000,2,1,1,1,1,1,1,1,5,1
SF,IC2003,2020-01-03 13:55:39.400,5352.2000,53472,0,9176736440.000,0,-,-,-,-,5350.8000,5350.6000,5350.4000,5350.2000,5350.0000,5352.0000,5352.2000,5353.2000,5354.0000,5354.6000,1,2,1,1,1,1,1,1,5,1
SF,IC2003,2020-01-03 13:55:39.900,5352.2000,53472,0,9176736440.000,0,-,-,-,-,5350.8000,5350.6000,5350.4000,5350.2000,5350.0000,5352.0000,5352.2000,5353.2000,5354.0000,5354.6000,1,1,1,1,1,1,1,1,5,1
SF,IC2003,2020-01-03 13:55:40.400,5352.2000,53472,0,9176736440.000,0,-,-,-,-,5351.4000,5350.8000,5350.6000,5350.4000,5350.2000,5352.0000,5353.2000,5354.0000,5354.6000,5355.0000,2,1,1,1,1,1,1,5,1,13
SF,IC2003,2020-01-03 13:55:40.900,5352.0000,53472,0,9177806840.000,1,0,1,空换,B,5352.0000,5350.8000,5350.6000,5350.4000,5350.2000,5353.2000,5354.0000,5354.6000,5355.0000,5355.2000,3,1,1,1,1,1,5,1,14,2
SF,IC2003,2020-01-03 13:55:42.400,5352.0000,53472,0,9177806840.000,0,-,-,-,-,5352.2000,5352.0000,5350.8000,5350.6000,5350.4000,5353.2000,5354.0000,5354.6000,5355.0000,5355.2000,1,3,1,1,1,1,5,1,14,2
SF,IC2003,2020-01-03 13:55:43.400,5352.0000,53472,0,9177806840.000,0,-,-,-,-,5352.2000,5352.0000,5350.8000,5350.6000,5350.4000,5353.2000,5354.0000,5354.6000,5355.0000,5355.2000,1,3,1,2,1,1,5,1,14,2
SF,IC2003,2020-01-03 13:55:45.400,5352.0000,53472,0,9177806840.000,0,-,-,-,-,5352.4000,5352.2000,5352.0000,5350.8000,5350.6000,5353.2000,5354.0000,5354.6000,5355.0000,5355.2000,2,1,3,1,2,1,5,1,14,2
SF,IC2003,2020-01-03 13:55:45.900,5352.4000,53471,-1,9178877320.000,1,0,1,双平,B,5352.4000,5350.8000,5350.6000,5350.4000,5350.2000,5353.2000,5354.0000,5354.6000,5355.0000,5355.2000,2,1,2,1,1,1,5,1,14,2
SF,IC2003,2020-01-03 13:55:50.400,5352.4000,53471,0,9178877320.000,0,-,-,-,-,5352.4000,5350.8000,5350.6000,5350.4000,5350.2000,5353.0000,5353.2000,5354.0000,5354.6000,5355.0000,2,1,2,1,1,1,1,5,1,14
SF,IC2003,2020-01-03 13:55:51.400,5352.4000,53471,0,9178877320.000,0,-,-,-,-,5352.4000,5350.8000,5350.6000,5350.4000,5350.2000,5353.2000,5354.0000,5354.6000,5355.0000,5355.2000,2,1,2,1,1,1,5,1,14,2
SF,IC2003,2020-01-03 13:55:52.400,5352.4000,53471,0,9178877320.000,0,-,-,-,-,5352.4000,5350.8000,5350.6000,5350.4000,5350.2000,5353.0000,5353.2000,5354.0000,5354.6000,5355.0000,2,1,2,1,1,1,1,5,1,14
SF,IC2003,2020-01-03 13:55:53.900,5352.4000,53471,0,9178877320.000,0,-,-,-,-,5352.4000,5350.8000,5350.6000,5350.4000,5350.2000,5353.0000,5353.2000,5354.0000,5354.6000,5355.0000,2,1,3,1,1,1,1,5,1,14
SF,IC2003,2020-01-03 13:55:56.400,5352.4000,53471,0,9178877320.000,0,-,-,-,-,5352.4000,5350.8000,5350.6000,5350.4000,5350.2000,5352.8000,5353.0000,5353.2000,5354.0000,5354.6000,2,1,3,1,1,1,1,1,5,1
SF,IC2003,2020-01-03 13:55:56.900,5352.8000,53471,0,9179947880.000,1,0,1,空换,B,5352.4000,5350.8000,5350.6000,5350.4000,5350.2000,5353.0000,5353.2000,5354.0000,5354.6000,5355.0000,2,1,3,1,1,1,1,5,1,14
SF,IC2003,2020-01-03 13:55:58.400,5352.8000,53471,0,9179947880.000,0,-,-,-,-,5352.4000,5350.8000,5350.6000,5350.4000,5350.2000,5353.0000,5353.2000,5354.0000,5354.6000,5355.0000,2,1,2,1,1,1,1,5,1,14
SF,IC2003,2020-01-03 13:55:58.900,5352.8000,53471,0,9179947880.000,0,-,-,-,-,5352.4000,5350.8000,5350.6000,5350.4000,5350.2000,5352.6000,5353.2000,5354.0000,5354.6000,5355.0000,2,1,2,1,1,1,1,5,1,14
SF,IC2003,2020-01-03 13:55:59.400,5352.6000,53473,2,9183159360.000,3,2,1,多开,B,5350.8000,5350.6000,5350.4000,5350.2000,5350.0000,5353.2000,5354.0000,5354.6000,5355.0000,5355.2000,1,2,1,1,1,1,5,1,14,2
SF,IC2003,2020-01-03 13:55:59.900,5352.6000,53473,0,9183159360.000,0,-,-,-,-,5351.2000,5350.8000,5350.6000,5350.4000,5350.2000,5352.4000,5353.2000,5354.0000,5354.6000,5355.0000,2,2,1,1,1,1,1,5,1,14
SF,IC2003,2020-01-03 13:56:00.400,5352.6000,53473,0,9183159360.000,0,-,-,-,-,5351.4000,5351.2000,5350.8000,5350.6000,5350.4000,5352.2000,5352.4000,5353.2000,5354.0000,5354.6000,1,1,1,1,1,1,1,1,5,1
SF,IC2003,2020-01-03 13:56:00.900,5352.6000,53473,0,9183159360.000,0,-,-,-,-,5351.8000,5351.6000,5351.2000,5350.8000,5350.6000,5352.2000,5352.4000,5353.2000,5354.0000,5354.6000,1,1,1,1,1,1,1,1,5,1
SF,IC2003,2020-01-03 13:56:01.400,5352.4000,53473,0,9185300280.000,2,1,1,空换,B,5352.2000,5351.6000,5351.2000,5350.8000,5350.6000,5353.2000,5353.8000,5354.0000,5354.6000,5355.0000,4,1,1,1,1,1,1,5,1,14
SF,IC2003,2020-01-03 13:56:01.900,5352.4000,53473,0,9185300280.000,0,-,-,-,-,5351.6000,5350.8000,5350.6000,5350.2000,5350.0000,5352.8000,5353.2000,5353.8000,5354.0000,5354.6000,1,1,1,1,1,1,1,1,5,1
SF,IC2003,2020-01-03 13:56:02.400,5352.4000,53473,0,9185300280.000,0,-,-,-,-,5352.4000,5351.6000,5350.8000,5350.6000,5350.2000,5352.8000,5353.2000,5353.8000,5354.0000,5354.6000,2,2,1,1,1,1,1,1,1,1
SF,IC2003,2020-01-03 13:56:02.900,5353.2000,53473,0,9187441480.000,2,1,1,空换,B,5352.8000,5351.6000,5350.8000,5350.6000,5350.2000,5353.8000,5354.0000,5354.6000,5355.0000,5355.2000,3,2,1,1,1,1,1,1,14,2
SF,IC2003,2020-01-03 13:56:03.900,5353.8000,53476,3,9190653800.000,3,3,0,双开,B,5353.6000,5353.2000,5353.0000,5352.8000,5351.6000,5354.6000,5355.0000,5355.2000,5355.6000,5356.0000,2,1,1,3,2,1,14,2,1,5
SF,IC2003,2020-01-03 13:56:04.400,5353.8000,53476,0,9190653800.000,0,-,-,-,-,5353.8000,5353.2000,5352.8000,5351.6000,5350.8000,5354.6000,5355.0000,5355.2000,5356.0000,5356.2000,1,1,3,2,1,1,14,2,5,1
SF,IC2003,2020-01-03 13:56:04.900,5353.8000,53476,0,9190653800.000,0,-,-,-,-,5353.8000,5353.2000,5352.8000,5351.6000,5350.8000,5354.6000,5355.0000,5355.2000,5356.0000,5356.2000,1,1,3,2,1,1,14,2,5,1
SF,IC2003,2020-01-03 13:56:05.400,5353.8000,53476,0,9190653800.000,0,-,-,-,-,5352.8000,5351.6000,5350.8000,5350.6000,5350.2000,5354.6000,5355.0000,5355.2000,5356.0000,5356.2000,3,1,1,1,1,1,14,2,5,1
SF,IC2003,2020-01-03 13:56:05.900,5353.8000,53476,0,9190653800.000,0,-,-,-,-,5353.2000,5352.8000,5351.6000,5350.8000,5350.6000,5354.6000,5355.0000,5355.2000,5356.0000,5356.2000,1,3,1,1,1,1,14,2,5,1
SF,IC2003,2020-01-03 13:56:06.400,5353.8000,53476,0,9190653800.000,0,-,-,-,-,5353.4000,5352.8000,5351.6000,5350.8000,5350.6000,5354.6000,5355.0000,5355.2000,5356.0000,5356.2000,1,3,1,1,1,1,14,2,5,1
SF,IC2003,2020-01-03 13:56:06.900,5353.4000,53476,0,9191724480.000,1,0,1,空换,B,5352.8000,5351.6000,5350.8000,5350.6000,5350.2000,5354.6000,5355.0000,5355.2000,5356.0000,5356.2000,3,1,1,1,1,1,14,2,5,1
SF,IC2003,2020-01-03 13:56:07.400,5353.4000,53476,0,9191724480.000,0,-,-,-,-,5353.2000,5353.0000,5352.8000,5351.6000,5350.8000,5354.0000,5354.6000,5355.0000,5355.2000,5356.0000,1,2,3,1,1,1,1,14,2,5
SF,IC2003,2020-01-03 13:56:07.900,5353.4000,53476,0,9191724480.000,0,-,-,-,-,5353.0000,5352.8000,5351.6000,5350.8000,5350.6000,5354.0000,5354.6000,5355.0000,5355.2000,5356.0000,2,3,1,1,1,1,1,14,2,6
SF,IC2003,2020-01-03 13:56:09.400,5353.4000,53476,0,9191724480.000,0,-,-,-,-,5353.0000,5352.8000,5351.6000,5350.8000,5350.6000,5354.0000,5354.6000,5355.0000,5355.2000,5356.0000,2,3,1,1,1,1,1,14,3,6
SF,IC2003,2020-01-03 13:56:09.900,5353.4000,53476,0,9191724480.000,0,-,-,-,-,5353.0000,5352.8000,5350.8000,5350.6000,5350.2000,5354.0000,5354.6000,5355.0000,5355.2000,5356.0000,2,3,1,1,1,1,1,14,3,6
SF,IC2003,2020-01-03 13:56:10.400,5353.0000,53478,2,9193865680.000,2,2,0,双开,B,5350.8000,5350.6000,5350.2000,5350.0000,5349.0000,5354.0000,5354.6000,5355.0000,5355.2000,5356.0000,1,1,1,1,1,1,1,14,3,6
SF,IC2003,2020-01-03 13:56:10.900,5353.0000,53478,0,9193865680.000,0,-,-,-,-,5351.4000,5351.2000,5351.0000,5350.8000,5350.6000,5353.4000,5353.8000,5354.0000,5354.6000,5355.0000,1,1,5,1,1,1,2,1,1,14
SF,IC2003,2020-01-03 13:56:11.400,5353.0000,53478,0,9193865680.000,0,-,-,-,-,5351.6000,5351.4000,5351.0000,5350.8000,5350.6000,5353.4000,5353.8000,5354.0000,5354.6000,5355.0000,1,1,4,1,1,2,2,1,1,14
SF,IC2003,2020-01-03 13:56:11.900,5353.0000,53478,0,9193865680.000,0,-,-,-,-,5351.4000,5351.0000,5350.8000,5350.6000,5350.2000,5353.0000,5353.2000,5353.4000,5354.0000,5354.6000,1,3,1,1,1,1,1,2,1,1
SF,IC2003,2020-01-03 13:56:12.400,5353.0000,53478,0,9193865680.000,0,-,-,-,-,5351.4000,5351.0000,5350.6000,5350.2000,5350.0000,5353.2000,5353.4000,5354.0000,5354.6000,5355.0000,1,2,1,1,1,1,1,1,1,14
SF,IC2003,2020-01-03 13:56:12.900,5353.0000,53478,0,9193865680.000,0,-,-,-,-,5351.8000,5351.4000,5351.0000,5350.6000,5350.2000,5352.8000,5353.2000,5354.0000,5354.6000,5355.0000,1,1,2,1,1,1,1,1,1,14
SF,IC2003,2020-01-03 13:56:13.400,5353.0000,53478,0,9193865680.000,0,-,-,-,-,5351.8000,5351.4000,5351.0000,5350.6000,5350.2000,5353.2000,5354.0000,5354.6000,5355.0000,5355.2000,1,1,1,1,1,1,1,1,14,3
SF,IC2003,2020-01-03 13:56:14.400,5353.0000,53478,0,9193865680.000,0,-,-,-,-,5351.8000,5351.4000,5351.0000,5350.6000,5350.2000,5353.0000,5353.2000,5354.0000,5354.6000,5355.0000,1,1,1,1,1,1,1,1,1,14
SF,IC2003,2020-01-03 13:56:15.400,5353.0000,53478,0,9193865680.000,0,-,-,-,-,5351.4000,5351.0000,5350.6000,5350.2000,5350.0000,5353.0000,5353.2000,5354.0000,5354.6000,5355.0000,1,1,1,1,1,1,1,1,1,14
SF,IC2003,2020-01-03 13:56:16.900,5353.0000,53478,0,9193865680.000,0,-,-,-,-,5351.4000,5351.0000,5350.6000,5350.2000,5350.0000,5353.0000,5353.2000,5354.0000,5354.6000,5355.0000,2,1,1,1,1,1,1,1,1,14
SF,IC2003,2020-01-03 13:56:17.400,5353.0000,53478,0,9193865680.000,0,-,-,-,-,5352.0000,5351.4000,5351.0000,5350.6000,5350.2000,5353.0000,5353.2000,5354.0000,5354.6000,5355.0000,1,2,1,1,1,1,1,1,1,14
SF,IC2003,2020-01-03 13:56:18.400,5352.0000,53479,1,9194936080.000,1,1,0,双开,B,5351.4000,5351.0000,5350.6000,5350.2000,5350.0000,5353.0000,5353.2000,5354.6000,5355.0000,5355.2000,2,1,1,1,1,1,1,1,14,3
SF,IC2003,2020-01-03 13:56:18.900,5352.0000,53479,0,9194936080.000,0,-,-,-,-,5351.4000,5351.0000,5350.6000,5350.2000,5350.0000,5352.8000,5353.0000,5353.2000,5354.6000,5355.0000,2,1,1,1,1,1,1,1,1,14
SF,IC2003,2020-01-03 13:56:19.400,5352.0000,53479,0,9194936080.000,0,-,-,-,-,5351.4000,5351.0000,5350.6000,5350.2000,5350.0000,5352.6000,5352.8000,5353.0000,5353.2000,5354.6000,2,1,1,1,1,1,1,1,1,1
SF,IC2003,2020-01-03 13:56:19.900,5352.6000,53480,1,9196006600.000,1,1,0,双开,B,5351.8000,5351.4000,5351.0000,5350.6000,5350.2000,5352.8000,5353.0000,5353.2000,5354.6000,5355.0000,1,2,1,1,1,1,1,1,1,14
SF,IC2003,2020-01-03 13:56:20.400,5352.6000,53480,0,9196006600.000,0,-,-,-,-,5351.8000,5351.4000,5351.0000,5350.6000,5350.2000,5353.0000,5353.2000,5354.6000,5355.0000,5355.2000,1,2,1,1,1,1,1,1,14,3
SF,IC2003,2020-01-03 13:56:20.900,5352.6000,53480,0,9196006600.000,0,-,-,-,-,5351.8000,5351.4000,5351.2000,5351.0000,5350.6000,5353.0000,5354.6000,5355.0000,5355.2000,5356.0000,1,1,1,1,1,1,1,14,3,5
SF,IC2003,2020-01-03 13:56:21.400,5352.6000,53480,0,9196006600.000,0,-,-,-,-,5351.8000,5351.4000,5351.2000,5351.0000,5350.6000,5353.0000,5354.4000,5354.6000,5355.0000,5355.2000,1,1,1,1,1,1,1,1,15,3
SF,IC2003,2020-01-03 13:56:23.400,5352.6000,53480,0,9196006600.000,0,-,-,-,-,5351.8000,5351.4000,5351.2000,5351.0000,5350.6000,5353.0000,5354.2000,5354.4000,5354.6000,5355.0000,1,1,1,1,1,1,1,1,1,15
SF,IC2003,2020-01-03 13:56:24.900,5352.6000,53480,0,9196006600.000,0,-,-,-,-,5351.4000,5351.0000,5350.6000,5350.2000,5350.0000,5353.0000,5354.2000,5354.4000,5354.6000,5355.0000,1,1,1,1,1,1,1,1,1,15
SF,IC2003,2020-01-03 13:56:25.400,5351.4000,53480,0,9197076880.000,1,0,1,空换,B,5351.0000,5350.6000,5350.2000,5350.0000,5349.0000,5352.8000,5353.0000,5354.2000,5354.4000,5354.6000,1,1,1,1,1,1,1,1,1,1
SF,IC2003,2020-01-03 13:56:26.400,5351.4000,53480,0,9197076880.000,0,-,-,-,-,5351.0000,5350.6000,5350.2000,5350.0000,5349.0000,5352.4000,5352.8000,5353.0000,5354.2000,5354.4000,1,1,1,1,1,1,1,1,1,1
SF,IC2003,2020-01-03 13:56:26.900,5351.4000,53480,0,9197076880.000,0,-,-,-,-,5351.0000,5350.6000,5350.2000,5350.0000,5349.0000,5352.8000,5353.0000,5354.2000,5354.4000,5354.6000,1,1,1,1,1,1,1,1,1,1
SF,IC2003,2020-01-03 13:56:27.400,5351.4000,53480,0,9197076880.000,0,-,-,-,-,5351.4000,5351.0000,5350.6000,5350.2000,5350.0000,5352.4000,5352.8000,5353.0000,5354.2000,5354.4000,1,1,1,1,1,1,1,1,1,1
SF,IC2003,2020-01-03 13:56:27.900,5351.4000,53480,0,9197076880.000,0,-,-,-,-,5351.4000,5351.2000,5351.0000,5350.6000,5350.2000,5352.8000,5353.0000,5354.2000,5354.4000,5354.6000,1,1,1,1,1,1,1,1,1,1
SF,IC2003,2020-01-03 13:56:28.400,5351.4000,53480,0,9198147160.000,1,0,1,空换,B,5351.2000,5351.0000,5350.6000,5350.2000,5350.0000,5351.4000,5352.8000,5353.0000,5354.2000,5354.4000,1,1,1,1,1,1,1,1,1,1
SF,IC2003,2020-01-03 13:56:28.900,5351.4000,53480,0,9199217440.000,1,0,1,空换,B,5351.4000,5351.2000,5351.0000,5350.6000,5350.2000,5352.8000,5353.0000,5354.2000,5354.4000,5354.6000,3,1,1,1,1,1,1,1,1,1
SF,IC2003,2020-01-03 13:56:29.400,5351.4000,53480,0,9199217440.000,0,-,-,-,-,5351.4000,5351.2000,5351.0000,5350.6000,5350.2000,5352.6000,5352.8000,5353.0000,5354.2000,5354.4000,3,1,1,1,1,1,1,1,1,1
SF,IC2003,2020-01-03 13:56:30.400,5351.4000,53480,0,9199217440.000,0,-,-,-,-,5351.4000,5351.2000,5350.6000,5350.2000,5350.0000,5352.6000,5352.8000,5353.0000,5354.2000,5354.4000,3,1,1,1,1,1,1,1,1,1
SF,IC2003,2020-01-03 13:56:31.400,5351.4000,53480,0,9199217440.000,0,-,-,-,-,5351.4000,5351.2000,5350.6000,5350.2000,5350.0000,5352.4000,5352.6000,5352.8000,5353.0000,5353.4000,3,1,1,1,1,1,1,1,1,2
SF,IC2003,2020-01-03 13:56:32.400,5352.6000,53479,-1,9201358440.000,2,0,2,空平,B,5351.4000,5351.2000,5350.6000,5350.2000,5350.0000,5352.8000,5353.0000,5353.4000,5354.2000,5354.4000,3,1,1,1,1,1,1,2,1,1
SF,IC2003,2020-01-03 13:56:32.900,5352.6000,53479,0,9201358440.000,0,-,-,-,-,5351.4000,5351.2000,5350.6000,5350.2000,5350.0000,5352.8000,5353.0000,5353.4000,5354.2000,5354.6000,3,1,1,1,1,1,1,2,1,1
SF,IC2003,2020-01-03 13:56:34.400,5352.6000,53479,0,9201358440.000,0,-,-,-,-,5351.8000,5351.4000,5351.2000,5350.6000,5350.2000,5352.8000,5353.0000,5353.4000,5354.6000,5355.0000,1,3,1,1,1,1,1,2,1,15
SF,IC2003,2020-01-03 13:56:35.400,5351.8000,53479,0,9202428800.000,1,0,1,空换,B,5351.4000,5351.2000,5350.6000,5350.2000,5350.0000,5352.8000,5353.0000,5353.4000,5354.6000,5355.0000,3,1,1,1,1,1,1,2,1,15
SF,IC2003,2020-01-03 13:56:35.900,5351.8000,53479,0,9202428800.000,0,-,-,-,-,5351.2000,5350.6000,5350.2000,5350.0000,5349.0000,5352.8000,5353.0000,5353.4000,5354.6000,5355.0000,1,1,1,1,1,1,1,2,1,15
SF,IC2003,2020-01-03 13:56:37.400,5351.8000,53479,0,9202428800.000,0,-,-,-,-,5351.2000,5350.6000,5350.2000,5350.0000,5349.0000,5352.8000,5353.0000,5353.4000,5354.4000,5354.6000,1,1,1,1,1,1,1,2,1,1
SF,IC2003,2020-01-03 13:56:37.900,5351.8000,53479,0,9202428800.000,0,-,-,-,-,5351.2000,5350.6000,5350.2000,5350.0000,5349.0000,5352.4000,5352.8000,5353.0000,5353.4000,5354.4000,1,1,1,1,1,1,1,1,2,1
SF,IC2003,2020-01-03 13:56:38.400,5351.8000,53479,0,9202428800.000,0,-,-,-,-,5351.4000,5351.2000,5350.6000,5350.2000,5350.0000,5352.4000,5352.8000,5353.0000,5353.4000,5354.4000,1,1,1,1,1,2,1,1,2,1
SF,IC2003,2020-01-03 13:56:38.900,5351.8000,53479,0,9202428800.000,0,-,-,-,-,5351.4000,5351.2000,5350.6000,5350.2000,5350.0000,5352.4000,5352.8000,5353.0000,5353.4000,5354.0000,1,1,1,1,1,2,1,1,2,1
SF,IC2003,2020-01-03 13:56:39.400,5351.8000,53479,0,9202428800.000,0,-,-,-,-,5351.4000,5351.2000,5350.6000,5350.2000,5350.0000,5352.2000,5352.4000,5353.0000,5353.4000,5354.0000,1,1,1,1,1,1,2,1,2,1
SF,IC2003,2020-01-03 13:56:39.900,5351.8000,53479,0,9202428800.000,0,-,-,-,-,5351.4000,5351.2000,5350.6000,5350.2000,5350.0000,5352.0000,5352.2000,5352.4000,5353.0000,5353.4000,1,1,1,1,1,1,1,2,1,2
SF,IC2003,2020-01-03 13:56:41.400,5351.8000,53479,0,9202428800.000,0,-,-,-,-,5351.4000,5351.2000,5350.6000,5350.2000,5350.0000,5352.0000,5352.2000,5352.4000,5353.0000,5353.4000,1,1,1,1,1,1,1,1,1,2
SF,IC2003,2020-01-03 13:56:41.900,5351.4000,53478,-1,9203499080.000,1,0,1,双平,B,5351.2000,5350.6000,5350.2000,5350.0000,5349.0000,5352.0000,5352.2000,5352.4000,5353.0000,5353.4000,1,1,1,1,1,1,1,1,1,2
SF,IC2003,2020-01-03 13:56:42.400,5351.4000,53478,0,9203499080.000,0,-,-,-,-,5351.2000,5350.6000,5350.2000,5350.0000,5349.0000,5351.4000,5352.0000,5352.2000,5352.4000,5353.0000,1,1,1,1,1,1,1,1,1,1
SF,IC2003,2020-01-03 13:56:42.900,5351.4000,53479,1,9205639640.000,2,1,1,多开,B,5351.4000,5351.2000,5350.6000,5350.2000,5350.0000,5352.0000,5352.2000,5352.4000,5353.0000,5353.4000,3,1,1,1,1,1,1,1,1,2
SF,IC2003,2020-01-03 13:56:43.900,5351.4000,53479,0,9205639640.000,0,-,-,-,-,5351.4000,5351.2000,5350.6000,5350.2000,5350.0000,5352.0000,5352.4000,5353.0000,5353.4000,5354.0000,3,1,1,1,1,1,1,1,2,1
SF,IC2003,2020-01-03 13:56:44.400,5351.4000,53479,0,9205639640.000,0,-,-,-,-,5351.4000,5351.2000,5350.6000,5350.2000,5350.0000,5352.0000,5352.4000,5353.0000,5353.4000,5354.0000,3,1,1,1,1,1,1,1,2,1
SF,IC2003,2020-01-03 13:56:45.400,5352.0000,53480,1,9206710040.000,1,1,0,双开,B,5351.2000,5350.6000,5350.2000,5350.0000,5349.0000,5352.4000,5353.0000,5353.4000,5354.0000,5354.6000,1,1,1,1,1,1,1,2,1,1
SF,IC2003,2020-01-03 13:56:45.900,5352.0000,53480,0,9206710040.000,0,-,-,-,-,5351.6000,5351.2000,5350.6000,5350.2000,5350.0000,5352.4000,5353.0000,5353.4000,5354.0000,5354.6000,1,1,1,1,1,1,1,2,1,1
SF,IC2003,2020-01-03 13:56:48.900,5352.0000,53480,0,9206710040.000,0,-,-,-,-,5352.0000,5351.2000,5350.6000,5350.2000,5350.0000,5353.0000,5353.4000,5354.0000,5354.6000,5355.0000,1,1,1,1,1,1,2,1,1,14
SF,IC2003,2020-01-03 13:56:49.400,5352.0000,53480,0,9206710040.000,0,-,-,-,-,5351.2000,5350.6000,5350.2000,5350.0000,5349.0000,5353.0000,5353.4000,5354.0000,5354.6000,5355.0000,1,1,1,1,1,1,2,1,1,14
SF,IC2003,2020-01-03 13:56:49.900,5352.0000,53480,0,9206710040.000,0,-,-,-,-,5351.6000,5351.4000,5351.2000,5350.6000,5350.2000,5353.0000,5353.4000,5354.0000,5354.6000,5355.0000,1,1,1,1,1,1,2,1,1,14
SF,IC2003,2020-01-03 13:56:50.400,5352.0000,53480,0,9206710040.000,0,-,-,-,-,5351.4000,5351.2000,5350.6000,5350.2000,5350.0000,5353.0000,5353.4000,5354.0000,5354.6000,5355.0000,1,1,1,1,1,1,2,1,1,14
SF,IC2003,2020-01-03 13:56:51.400,5352.0000,53480,0,9206710040.000,0,-,-,-,-,5352.2000,5351.4000,5351.2000,5350.6000,5350.2000,5353.0000,5353.4000,5354.0000,5354.6000,5355.0000,1,1,1,1,1,1,2,1,1,14
SF,IC2003,2020-01-03 13:56:51.900,5352.0000,53480,0,9206710040.000,0,-,-,-,-,5352.2000,5351.2000,5350.6000,5350.2000,5350.0000,5353.0000,5353.4000,5354.0000,5354.6000,5355.0000,1,1,1,1,1,1,2,1,1,14
SF,IC2003,2020-01-03 13:56:52.400,5352.0000,53480,0,9207780440.000,1,0,1,空换,B,5352.2000,5351.2000,5350.6000,5350.2000,5350.0000,5353.0000,5353.4000,5354.0000,5354.6000,5355.0000,1,1,1,1,1,1,2,1,1,14
SF,IC2003,2020-01-03 13:56:52.900,5352.0000,53480,0,9207780440.000,0,-,-,-,-,5352.4000,5352.2000,5351.2000,5350.6000,5350.2000,5353.0000,5353.4000,5354.0000,5354.6000,5355.0000,1,1,1,1,1,1,2,1,1,14
SF,IC2003,2020-01-03 13:56:53.900,5353.0000,53481,1,9208851040.000,1,1,0,双开,B,5353.0000,5352.4000,5352.2000,5351.4000,5351.2000,5353.4000,5354.0000,5354.6000,5355.0000,5355.2000,1,1,1,1,1,2,1,1,14,3
SF,IC2003,2020-01-03 13:56:54.900,5353.0000,53481,0,9208851040.000,0,-,-,-,-,5352.4000,5352.2000,5351.4000,5351.2000,5350.6000,5353.4000,5354.0000,5354.6000,5355.0000,5355.2000,1,1,1,1,1,2,1,1,14,3
SF,IC2003,2020-01-03 13:56:56.400,5353.0000,53481,0,9208851040.000,0,-,-,-,-,5352.4000,5351.4000,5351.2000,5350.6000,5350.2000,5353.4000,5354.0000,5354.6000,5355.0000,5355.2000,1,1,1,1,1,2,1,1,14,3
SF,IC2003,2020-01-03 13:56:56.900,5353.0000,53481,0,9208851040.000,0,-,-,-,-,5353.0000,5352.4000,5351.4000,5351.2000,5350.6000,5353.4000,5354.0000,5354.6000,5355.0000,5355.2000,1,1,1,1,1,2,1,1,14,3
SF,IC2003,2020-01-03 13:56:57.400,5353.0000,53481,0,9208851040.000,0,-,-,-,-,5353.0000,5352.4000,5351.4000,5351.2000,5350.6000,5353.4000,5354.0000,5354.6000,5355.0000,5355.2000,1,1,1,1,1,2,1,1,13,3
SF,IC2003,2020-01-03 13:56:57.900,5353.0000,53481,0,9208851040.000,0,-,-,-,-,5353.0000,5352.4000,5351.4000,5351.2000,5350.6000,5353.4000,5354.0000,5354.6000,5355.0000,5355.2000,2,1,1,1,1,2,1,1,13,3
SF,IC2003,2020-01-03 13:56:58.400,5352.4000,53482,1,9212062720.000,3,2,1,多开,B,5351.4000,5351.2000,5350.6000,5350.2000,5350.0000,5352.4000,5353.4000,5354.0000,5354.6000,5355.0000,1,1,1,1,1,1,2,1,1,13
SF,IC2003,2020-01-03 13:56:58.900,5352.4000,53482,0,9213133200.000,1,0,1,空换,B,5352.4000,5351.8000,5351.6000,5351.4000,5351.2000,5353.0000,5353.4000,5354.0000,5354.6000,5355.0000,1,2,2,1,1,1,2,1,1,13
SF,IC2003,2020-01-03 13:56:59.400,5352.4000,53482,0,9213133200.000,0,-,-,-,-,5352.4000,5351.6000,5351.4000,5351.2000,5350.6000,5353.0000,5353.4000,5354.0000,5354.6000,5355.0000,1,2,1,1,1,1,2,1,1,13
SF,IC2003,2020-01-03 13:57:05.400,5353.0000,53482,0,9214203800.000,1,0,1,空换,B,5352.4000,5351.6000,5351.4000,5351.2000,5350.6000,5353.4000,5354.0000,5354.6000,5355.0000,5355.2000,1,2,1,1,1,2,1,1,13,3
SF,IC2003,2020-01-03 13:57:05.900,5353.4000,53481,-1,9215274480.000,1,0,1,双平,B,5352.4000,5351.6000,5351.4000,5351.2000,5350.6000,5353.4000,5354.0000,5354.6000,5355.0000,5355.2000,1,2,1,1,1,1,1,1,13,3
SF,IC2003,2020-01-03 13:57:06.400,5354.0000,53480,-1,9217415960.000,2,0,2,空平,B,5352.6000,5352.4000,5351.6000,5351.4000,5351.2000,5354.6000,5355.0000,5355.2000,5356.0000,5356.2000,4,1,1,1,1,1,13,3,5,1
SF,IC2003,2020-01-03 13:57:06.900,5354.0000,53480,0,9217415960.000,0,-,-,-,-,5352.8000,5352.6000,5352.4000,5351.4000,5351.2000,5354.6000,5355.0000,5355.2000,5356.0000,5356.2000,3,4,1,1,1,1,13,3,5,1
SF,IC2003,2020-01-03 13:57:07.400,5354.0000,53480,0,9217415960.000,0,-,-,-,-,5353.2000,5353.0000,5352.8000,5352.6000,5352.4000,5354.6000,5355.0000,5355.2000,5356.0000,5356.2000,1,4,3,2,1,2,13,3,5,1
SF,IC2003,2020-01-03 13:57:07.900,5354.0000,53480,0,9217415960.000,0,-,-,-,-,5353.4000,5353.0000,5352.8000,5352.6000,5352.4000,5354.6000,5355.0000,5355.2000,5356.0000,5356.2000,2,1,3,2,1,2,13,3,5,1
SF,IC2003,2020-01-03 13:57:08.400,5354.0000,53480,0,9217415960.000,0,-,-,-,-,5353.4000,5353.0000,5352.8000,5352.6000,5352.4000,5354.4000,5354.6000,5355.0000,5355.2000,5356.0000,2,1,3,2,1,2,2,13,3,5
SF,IC2003,2020-01-03 13:57:08.900,5354.0000,53480,0,9217415960.000,0,-,-,-,-,5353.4000,5353.0000,5352.8000,5352.6000,5352.4000,5354.4000,5354.6000,5355.0000,5355.2000,5356.0000,2,1,2,2,1,2,2,13,3,5
SF,IC2003,2020-01-03 13:57:09.400,5354.0000,53480,0,9217415960.000,0,-,-,-,-,5353.4000,5352.8000,5352.6000,5352.4000,5351.4000,5354.4000,5354.6000,5355.0000,5355.2000,5356.0000,2,2,2,1,1,2,2,13,3,5
SF,IC2003,2020-01-03 13:57:09.900,5354.0000,53480,0,9217415960.000,0,-,-,-,-,5352.8000,5352.6000,5352.4000,5351.4000,5351.2000,5353.6000,5354.4000,5354.6000,5355.0000,5355.2000,2,2,1,1,1,1,1,2,13,3
SF,IC2003,2020-01-03 13:57:10.400,5354.0000,53480,0,9217415960.000,0,-,-,-,-,5353.0000,5352.8000,5352.6000,5352.4000,5351.4000,5353.6000,5354.4000,5354.6000,5355.0000,5355.2000,2,2,1,1,1,1,1,2,13,3
SF,IC2003,2020-01-03 13:57:10.900,5353.0000,53480,0,9218486560.000,1,0,1,空换,B,5352.8000,5352.4000,5351.4000,5351.2000,5350.6000,5353.6000,5354.4000,5354.6000,5355.0000,5355.2000,2,1,1,1,1,1,1,2,13,3
SF,IC2003,2020-01-03 13:57:11.400,5352.8000,53481,1,9219557120.000,1,1,0,双开,B,5352.8000,5352.4000,5351.4000,5351.2000,5350.6000,5353.2000,5354.4000,5354.6000,5355.0000,5355.2000,1,1,1,1,1,1,1,2,13,3
SF,IC2003,2020-01-03 13:57:11.900,5352.8000,53482,1,9220627680.000,1,1,0,双开,B,5352.4000,5351.4000,5351.2000,5350.6000,5350.2000,5352.8000,5353.2000,5354.4000,5354.6000,5355.0000,1,1,1,1,1,1,1,1,1,13
SF,IC2003,2020-01-03 13:57:12.400,5352.8000,53482,0,9220627680.000,0,-,-,-,-,5352.4000,5351.4000,5351.2000,5350.6000,5350.2000,5352.6000,5353.2000,5354.6000,5355.0000,5355.2000,1,1,1,1,1,1,1,1,13,3
SF,IC2003,2020-01-03 13:57:12.900,5352.6000,53482,0,9221698200.000,1,0,1,空换,B,5352.4000,5351.4000,5351.2000,5350.6000,5350.2000,5353.2000,5354.6000,5355.0000,5355.2000,5356.0000,1,1,1,1,1,1,1,13,3,5
SF,IC2003,2020-01-03 13:57:13.400,5352.6000,53482,0,9221698200.000,0,-,-,-,-,5352.4000,5351.4000,5351.2000,5350.6000,5350.2000,5354.6000,5355.0000,5355.2000,5356.0000,5356.4000,1,1,1,1,1,1,13,3,5,3
SF,IC2003,2020-01-03 13:57:13.900,5353.0000,53482,0,9222768800.000,1,0,1,空换,B,5352.6000,5351.4000,5351.2000,5350.6000,5350.2000,5353.0000,5353.2000,5353.4000,5353.6000,5354.0000,1,1,1,1,1,1,4,1,1,1
SF,IC2003,2020-01-03 13:57:14.400,5353.0000,53482,0,9222768800.000,0,-,-,-,-,5351.4000,5351.2000,5350.6000,5350.2000,5350.0000,5353.4000,5353.6000,5354.2000,5354.6000,5355.0000,1,1,1,1,1,1,1,2,1,13
SF,IC2003,2020-01-03 13:57:14.900,5353.0000,53482,0,9222768800.000,0,-,-,-,-,5351.6000,5351.4000,5351.2000,5350.6000,5350.2000,5353.4000,5353.6000,5354.2000,5354.6000,5355.0000,2,1,1,1,1,1,1,2,1,13
SF,IC2003,2020-01-03 13:57:15.400,5353.0000,53482,0,9222768800.000,0,-,-,-,-,5352.0000,5351.6000,5351.4000,5351.2000,5350.6000,5353.0000,5353.2000,5353.4000,5353.6000,5354.2000,1,1,1,1,1,1,1,1,1,3
SF,IC2003,2020-01-03 13:57:15.900,5353.0000,53482,0,9222768800.000,0,-,-,-,-,5351.6000,5351.4000,5351.2000,5350.6000,5350.2000,5353.0000,5353.2000,5353.4000,5353.6000,5354.2000,1,1,1,1,1,1,1,1,1,3
SF,IC2003,2020-01-03 13:57:16.900,5353.0000,53482,0,9222768800.000,0,-,-,-,-,5351.6000,5351.4000,5351.2000,5350.6000,5350.2000,5353.2000,5353.4000,5353.6000,5354.2000,5354.6000,1,1,1,1,1,1,1,1,3,1
SF,IC2003,2020-01-03 13:57:19.900,5353.0000,53482,0,9222768800.000,0,-,-,-,-,5351.8000,5351.6000,5351.4000,5351.2000,5350.6000,5353.2000,5353.4000,5353.6000,5354.2000,5354.6000,2,1,1,1,1,1,1,1,3,1
SF,IC2003,2020-01-03 13:57:20.400,5353.0000,53482,0,9222768800.000,0,-,-,-,-,5352.0000,5351.8000,5351.4000,5351.2000,5350.6000,5353.2000,5353.4000,5353.6000,5354.2000,5354.6000,2,2,1,1,1,1,1,1,3,1
SF,IC2003,2020-01-03 13:57:20.900,5353.0000,53482,0,9222768800.000,0,-,-,-,-,5352.0000,5351.4000,5351.2000,5350.6000,5350.2000,5353.2000,5353.4000,5353.6000,5354.2000,5354.6000,2,1,1,1,1,1,1,1,2,1
SF,IC2003,2020-01-03 13:57:21.900,5353.0000,53482,0,9222768800.000,0,-,-,-,-,5352.0000,5351.4000,5351.2000,5350.6000,5350.2000,5353.2000,5353.4000,5353.6000,5354.2000,5354.6000,2,1,2,1,1,1,1,1,2,1
SF,IC2003,2020-01-03 13:57:23.400,5353.0000,53482,0,9222768800.000,0,-,-,-,-,5352.0000,5351.4000,5351.2000,5350.6000,5350.2000,5353.4000,5353.6000,5354.2000,5354.6000,5355.0000,2,1,2,1,1,1,1,2,1,13
SF,IC2003,2020-01-03 13:57:23.900,5353.0000,53482,0,9222768800.000,0,-,-,-,-,5352.0000,5351.4000,5351.2000,5350.6000,5350.2000,5353.2000,5353.4000,5353.6000,5354.2000,5354.6000,2,1,2,1,1,2,1,1,2,1
SF,IC2003,2020-01-03 13:57:24.400,5353.0000,53482,0,9222768800.000,0,-,-,-,-,5352.2000,5352.0000,5351.4000,5351.2000,5350.6000,5353.2000,5353.4000,5353.6000,5354.2000,5354.6000,1,2,1,2,1,2,1,1,2,1
SF,IC2003,2020-01-03 13:57:24.900,5353.0000,53482,0,9222768800.000,0,-,-,-,-,5353.2000,5352.4000,5352.2000,5351.4000,5351.2000,5353.4000,5353.6000,5354.2000,5354.6000,5355.0000,1,2,2,1,3,1,1,2,1,13
SF,IC2003,2020-01-03 13:57:25.400,5353.2000,53481,-1,9224910080.000,2,0,2,空平,B,5352.4000,5352.2000,5351.4000,5351.2000,5350.6000,5353.6000,5354.2000,5354.6000,5355.0000,5355.2000,2,2,1,3,1,1,2,1,13,3
SF,IC2003,2020-01-03 13:57:27.900,5353.2000,53481,0,9224910080.000,0,-,-,-,-,5352.4000,5352.2000,5351.8000,5351.4000,5351.2000,5353.6000,5354.2000,5354.6000,5355.0000,5355.2000,2,2,1,1,3,1,2,1,13,3
SF,IC2003,2020-01-03 13:57:28.400,5353.2000,53481,0,9224910080.000,0,-,-,-,-,5352.4000,5352.2000,5351.8000,5351.4000,5351.2000,5353.2000,5353.4000,5353.6000,5353.8000,5354.2000,2,2,1,1,3,1,2,1,1,2
SF,IC2003,2020-01-03 13:57:28.900,5353.2000,53481,0,9224910080.000,0,-,-,-,-,5352.4000,5352.2000,5351.8000,5351.4000,5351.2000,5353.2000,5353.4000,5353.6000,5353.8000,5354.2000,2,1,1,1,3,1,2,1,1,2
SF,IC2003,2020-01-03 13:57:30.400,5353.2000,53481,0,9224910080.000,0,-,-,-,-,5352.4000,5351.8000,5351.4000,5351.2000,5350.6000,5353.2000,5353.4000,5353.6000,5353.8000,5354.2000,2,1,1,3,1,1,2,1,1,2
SF,IC2003,2020-01-03 13:57:31.400,5353.2000,53481,0,9224910080.000,0,-,-,-,-,5352.4000,5351.8000,5351.4000,5351.2000,5351.0000,5353.2000,5353.4000,5353.6000,5353.8000,5354.2000,2,1,1,3,1,1,2,1,1,2
SF,IC2003,2020-01-03 13:57:32.400,5353.2000,53481,0,9224910080.000,0,-,-,-,-,5352.4000,5351.8000,5351.4000,5351.2000,5351.0000,5353.4000,5353.6000,5353.8000,5354.2000,5354.6000,2,1,1,3,1,2,1,1,2,1
SF,IC2003,2020-01-03 13:57:32.900,5353.2000,53481,0,9224910080.000,0,-,-,-,-,5351.8000,5351.4000,5351.2000,5351.0000,5350.6000,5353.4000,5353.6000,5353.8000,5354.2000,5354.6000,1,1,3,1,1,2,1,1,2,1
SF,IC2003,2020-01-03 13:57:33.400,5353.2000,53481,0,9224910080.000,0,-,-,-,-,5352.0000,5351.8000,5351.4000,5351.2000,5351.0000,5353.2000,5353.4000,5353.6000,5353.8000,5354.2000,2,1,1,3,1,1,2,1,1,2
SF,IC2003,2020-01-03 13:57:33.900,5353.2000,53481,0,9224910080.000,0,-,-,-,-,5352.0000,5351.8000,5351.4000,5351.2000,5351.0000,5353.2000,5353.4000,5353.6000,5353.8000,5354.2000,2,1,1,3,1,1,2,1,1,1
SF,IC2003,2020-01-03 13:57:34.400,5353.2000,53481,0,9224910080.000,0,-,-,-,-,5352.0000,5351.8000,5351.4000,5351.2000,5351.0000,5353.0000,5353.2000,5353.6000,5353.8000,5354.2000,2,1,1,3,1,3,1,1,1,1
SF,IC2003,2020-01-03 13:57:34.900,5353.2000,53481,0,9224910080.000,0,-,-,-,-,5351.8000,5351.4000,5351.2000,5350.6000,5350.2000,5352.6000,5353.0000,5353.2000,5353.6000,5353.8000,1,1,2,1,1,1,2,1,1,1
SF,IC2003,2020-01-03 13:57:35.400,5353.2000,53481,0,9224910080.000,0,-,-,-,-,5351.8000,5351.4000,5351.2000,5350.6000,5350.2000,5352.6000,5353.0000,5353.2000,5353.8000,5354.2000,1,1,2,1,1,1,3,1,1,1
SF,IC2003,2020-01-03 13:57:35.900,5353.2000,53481,0,9224910080.000,0,-,-,-,-,5351.8000,5351.4000,5351.2000,5350.6000,5350.2000,5352.6000,5353.0000,5353.8000,5354.2000,5354.6000,1,1,2,1,1,1,3,1,1,1
SF,IC2003,2020-01-03 13:57:36.900,5353.2000,53481,0,9224910080.000,0,-,-,-,-,5351.8000,5351.4000,5351.2000,5350.6000,5350.2000,5353.0000,5353.8000,5354.2000,5354.6000,5355.0000,1,1,2,1,1,3,1,1,1,13
SF,IC2003,2020-01-03 13:57:39.400,5353.2000,53481,0,9224910080.000,0,-,-,-,-,5351.8000,5351.4000,5351.2000,5350.6000,5350.2000,5353.0000,5353.8000,5354.2000,5354.6000,5355.0000,1,1,2,1,1,3,1,1,1,13
SF,IC2003,2020-01-03 13:57:39.900,5353.2000,53481,0,9224910080.000,0,-,-,-,-,5352.0000,5351.8000,5351.4000,5351.2000,5350.6000,5353.8000,5354.2000,5354.6000,5355.0000,5355.2000,2,1,1,2,1,1,1,1,13,3
SF,IC2003,2020-01-03 13:57:40.400,5353.2000,53481,0,9224910080.000,0,-,-,-,-,5352.0000,5351.8000,5351.4000,5351.2000,5350.6000,5353.4000,5353.6000,5353.8000,5354.2000,5354.6000,2,1,1,2,1,2,4,1,1,1
SF,IC2003,2020-01-03 13:57:40.900,5353.2000,53481,0,9224910080.000,0,-,-,-,-,5352.0000,5351.8000,5351.4000,5351.2000,5350.6000,5353.2000,5353.4000,5353.6000,5353.8000,5354.2000,2,1,1,2,1,2,1,2,1,1
SF,IC2003,2020-01-03 13:57:41.400,5353.2000,53481,0,9224910080.000,0,-,-,-,-,5353.0000,5352.0000,5351.8000,5351.4000,5351.2000,5353.2000,5353.4000,5353.6000,5353.8000,5354.2000,1,2,1,1,2,2,1,2,1,1
SF,IC2003,2020-01-03 13:57:41.900,5353.0000,53480,-1,9225980680.000,1,0,1,双平,B,5352.0000,5351.8000,5351.4000,5351.2000,5350.6000,5353.0000,5353.2000,5353.4000,5353.6000,5353.8000,2,1,1,2,1,2,2,1,2,1
SF,IC2003,2020-01-03 13:57:42.400,5353.0000,53480,0,9225980680.000,0,-,-,-,-,5352.0000,5351.8000,5351.4000,5351.2000,5350.6000,5352.8000,5353.0000,5353.2000,5353.4000,5353.6000,2,1,1,2,1,1,2,2,1,2
SF,IC2003,2020-01-03 13:57:43.400,5353.0000,53480,0,9225980680.000,0,-,-,-,-,5352.2000,5352.0000,5351.8000,5351.4000,5351.2000,5352.8000,5353.0000,5353.2000,5353.4000,5353.6000,2,2,1,1,2,1,2,2,1,2
SF,IC2003,2020-01-03 13:57:43.900,5352.8000,53480,0,9227051240.000,1,0,1,空换,B,5352.2000,5352.0000,5351.8000,5351.4000,5351.2000,5353.2000,5353.4000,5353.6000,5353.8000,5354.2000,2,2,1,1,2,2,1,2,1,1
SF,IC2003,2020-01-03 13:57:44.400,5352.8000,53480,0,9227051240.000,0,-,-,-,-,5352.4000,5352.2000,5351.8000,5351.4000,5351.2000,5353.4000,5353.6000,5353.8000,5354.2000,5354.6000,2,2,1,1,2,1,2,1,1,1
SF,IC2003,2020-01-03 13:57:45.400,5352.8000,53480,0,9227051240.000,0,-,-,-,-,5352.4000,5352.2000,5351.8000,5351.4000,5351.2000,5353.4000,5353.6000,5353.8000,5354.2000,5354.6000,2,1,1,1,2,1,2,1,1,1
SF,IC2003,2020-01-03 13:57:46.400,5352.8000,53480,0,9227051240.000,0,-,-,-,-,5352.4000,5352.2000,5351.8000,5351.4000,5351.2000,5353.8000,5354.2000,5354.6000,5355.0000,5355.2000,2,1,1,1,2,1,1,1,13,3
SF,IC2003,2020-01-03 13:57:46.900,5352.8000,53480,0,9227051240.000,0,-,-,-,-,5352.4000,5352.2000,5351.8000,5351.4000,5351.2000,5353.6000,5353.8000,5354.2000,5354.6000,5355.0000,2,1,1,1,2,2,1,1,1,13
SF,IC2003,2020-01-03 13:57:48.400,5352.8000,53480,0,9227051240.000,0,-,-,-,-,5353.0000,5352.4000,5351.8000,5351.4000,5351.2000,5353.6000,5353.8000,5354.2000,5354.6000,5355.0000,1,2,1,1,2,2,1,1,1,13
SF,IC2003,2020-01-03 13:57:48.900,5352.8000,53480,0,9227051240.000,0,-,-,-,-,5353.0000,5352.6000,5352.4000,5351.8000,5351.6000,5353.6000,5353.8000,5354.2000,5354.6000,5355.0000,1,1,2,1,1,2,1,1,1,13
SF,IC2003,2020-01-03 13:57:49.900,5353.6000,53480,0,9228121960.000,1,0,1,空换,B,5353.0000,5352.6000,5352.4000,5351.8000,5351.6000,5353.6000,5353.8000,5354.2000,5354.6000,5355.0000,1,1,2,1,1,1,1,1,1,13
SF,IC2003,2020-01-03 13:57:50.400,5353.6000,53480,0,9228121960.000,0,-,-,-,-,5353.0000,5352.6000,5352.4000,5351.8000,5351.6000,5353.8000,5354.2000,5354.6000,5355.0000,5355.2000,1,1,2,1,1,1,1,1,13,3
SF,IC2003,2020-01-03 13:57:51.900,5353.0000,53480,0,9229192560.000,1,0,1,空换,B,5352.4000,5351.8000,5351.6000,5351.4000,5351.2000,5353.0000,5353.4000,5353.8000,5354.2000,5354.6000,2,1,1,1,2,1,2,1,1,1
SF,IC2003,2020-01-03 13:57:52.400,5353.0000,53480,0,9229192560.000,0,-,-,-,-,5351.8000,5351.4000,5351.2000,5350.6000,5350.2000,5353.0000,5353.4000,5353.8000,5354.2000,5354.6000,1,1,2,1,1,1,2,1,1,1
SF,IC2003,2020-01-03 13:57:52.900,5353.0000,53480,0,9229192560.000,0,-,-,-,-,5352.0000,5351.8000,5351.4000,5351.2000,5350.6000,5353.0000,5353.4000,5353.6000,5353.8000,5354.2000,2,1,1,2,1,1,2,1,1,1
SF,IC2003,2020-01-03 13:57:54.400,5353.0000,53480,0,9229192560.000,0,-,-,-,-,5352.0000,5351.8000,5351.4000,5351.2000,5350.6000,5353.0000,5353.4000,5353.8000,5354.2000,5354.6000,2,1,1,2,1,1,2,1,1,1
SF,IC2003,2020-01-03 13:57:57.400,5353.0000,53480,0,9229192560.000,0,-,-,-,-,5352.2000,5352.0000,5351.8000,5351.4000,5351.2000,5353.0000,5353.4000,5353.8000,5354.2000,5354.6000,1,2,1,1,2,1,2,1,1,1
SF,IC2003,2020-01-03 13:57:57.900,5353.0000,53481,1,9230263160.000,1,1,0,双开,B,5352.4000,5352.2000,5351.8000,5351.4000,5351.2000,5353.4000,5353.8000,5354.2000,5354.6000,5355.0000,2,1,1,1,2,2,1,1,1,13
SF,IC2003,2020-01-03 13:57:58.900,5352.4000,53482,1,9231333640.000,1,1,0,双开,B,5352.4000,5352.2000,5351.8000,5351.4000,5351.2000,5353.4000,5353.8000,5354.2000,5354.6000,5355.0000,1,1,1,1,2,1,1,1,1,13
SF,IC2003,2020-01-03 13:57:59.400,5352.4000,53482,0,9231333640.000,0,-,-,-,-,5352.4000,5352.2000,5351.8000,5351.4000,5351.2000,5353.8000,5354.2000,5354.6000,5355.0000,5355.2000,1,1,1,1,2,1,1,1,13,3
SF,IC2003,2020-01-03 13:57:59.900,5352.4000,53482,0,9231333640.000,0,-,-,-,-,5352.4000,5352.2000,5351.8000,5351.4000,5351.2000,5353.8000,5354.2000,5354.6000,5355.0000,5355.2000,2,1,1,1,2,1,1,1,13,3
SF,IC2003,2020-01-03 13:58:01.400,5352.4000,53482,0,9231333640.000,0,-,-,-,-,5352.6000,5352.4000,5352.2000,5351.8000,5351.4000,5353.8000,5354.6000,5355.0000,5355.2000,5356.0000,3,2,1,1,1,1,1,13,3,5
SF,IC2003,2020-01-03 13:58:01.900,5352.4000,53482,0,9231333640.000,0,-,-,-,-,5352.8000,5352.6000,5352.4000,5352.2000,5351.8000,5353.8000,5354.6000,5355.0000,5355.2000,5356.0000,2,3,1,1,1,1,1,13,3,5
SF,IC2003,2020-01-03 13:58:02.400,5352.4000,53482,0,9231333640.000,0,-,-,-,-,5352.8000,5352.6000,5352.4000,5352.2000,5351.8000,5353.8000,5354.6000,5355.0000,5355.2000,5356.0000,2,3,1,1,1,1,1,13,3,5
SF,IC2003,2020-01-03 13:58:02.900,5352.4000,53482,0,9231333640.000,0,-,-,-,-,5353.0000,5352.8000,5352.6000,5352.2000,5351.8000,5353.8000,5354.6000,5355.0000,5355.2000,5356.0000,1,2,2,1,1,1,1,13,3,5
SF,IC2003,2020-01-03 13:58:03.400,5352.4000,53482,0,9231333640.000,0,-,-,-,-,5353.2000,5353.0000,5352.6000,5352.2000,5351.8000,5353.8000,5354.6000,5355.0000,5355.2000,5356.0000,2,1,1,1,1,1,1,13,3,5
SF,IC2003,2020-01-03 13:58:03.900,5352.4000,53482,0,9231333640.000,0,-,-,-,-,5353.2000,5352.6000,5352.2000,5351.8000,5351.4000,5353.6000,5353.8000,5354.6000,5355.0000,5355.2000,2,1,1,1,1,1,1,1,13,3
SF,IC2003,2020-01-03 13:58:04.900,5352.4000,53482,0,9231333640.000,0,-,-,-,-,5353.2000,5352.6000,5352.2000,5351.8000,5351.4000,5353.4000,5353.6000,5353.8000,5354.6000,5355.0000,2,1,1,1,1,1,1,1,1,13
SF,IC2003,2020-01-03 13:58:05.400,5353.4000,53483,1,9232404320.000,1,1,0,双开,B,5353.2000,5352.6000,5352.2000,5351.8000,5351.4000,5353.6000,5353.8000,5354.6000,5355.0000,5355.2000,2,1,1,1,1,1,1,1,13,3
SF,IC2003,2020-01-03 13:58:05.900,5353.8000,53485,2,9234545800.000,2,2,0,双开,B,5353.6000,5352.6000,5352.2000,5351.8000,5351.4000,5354.6000,5355.0000,5355.2000,5356.0000,5356.4000,1,1,1,1,1,1,13,3,5,3
SF,IC2003,2020-01-03 13:58:07.400,5353.8000,53485,0,9234545800.000,0,-,-,-,-,5352.6000,5352.2000,5351.8000,5351.4000,5351.2000,5354.6000,5355.0000,5355.2000,5356.0000,5356.4000,1,1,1,1,2,1,13,3,5,3
SF,IC2003,2020-01-03 13:58:07.900,5353.8000,53485,0,9234545800.000,0,-,-,-,-,5352.8000,5352.6000,5352.2000,5351.8000,5351.4000,5354.2000,5354.4000,5354.6000,5355.0000,5355.2000,3,1,1,1,1,1,2,1,13,3
SF,IC2003,2020-01-03 13:58:08.400,5353.8000,53485,0,9234545800.000,0,-,-,-,-,5353.6000,5353.0000,5352.8000,5352.6000,5352.2000,5354.2000,5354.4000,5354.6000,5355.0000,5355.2000,1,1,2,1,1,1,2,1,13,3
SF,IC2003,2020-01-03 13:58:08.900,5353.8000,53485,0,9234545800.000,0,-,-,-,-,5353.6000,5353.0000,5352.8000,5352.6000,5351.8000,5354.2000,5354.4000,5354.6000,5355.0000,5355.2000,1,1,2,1,1,1,2,1,13,3
SF,IC2003,2020-01-03 13:58:10.400,5353.8000,53485,0,9234545800.000,0,-,-,-,-,5353.6000,5353.0000,5352.8000,5352.6000,5351.8000,5354.2000,5354.4000,5354.6000,5355.0000,5355.2000,1,1,2,1,1,1,2,1,13,3
SF,IC2003,2020-01-03 13:58:11.400,5353.8000,53485,0,9234545800.000,0,-,-,-,-,5353.6000,5353.0000,5352.8000,5352.6000,5351.8000,5354.4000,5354.6000,5355.0000,5355.2000,5356.0000,1,1,2,1,1,2,1,13,3,5
SF,IC2003,2020-01-03 13:58:11.900,5353.8000,53485,0,9234545800.000,0,-,-,-,-,5353.6000,5352.8000,5352.6000,5351.8000,5351.4000,5354.4000,5354.6000,5355.0000,5355.2000,5356.0000,1,2,1,1,1,2,1,13,3,5
SF,IC2003,2020-01-03 13:58:12.400,5353.8000,53485,0,9234545800.000,0,-,-,-,-,5353.6000,5352.8000,5352.6000,5351.8000,5351.4000,5354.4000,5354.6000,5355.0000,5355.2000,5356.0000,1,2,1,1,1,2,1,13,3,5
SF,IC2003,2020-01-03 13:58:12.900,5353.8000,53485,0,9234545800.000,0,-,-,-,-,5353.6000,5352.8000,5352.6000,5351.8000,5351.4000,5354.4000,5354.6000,5355.0000,5355.2000,5356.0000,1,2,1,1,1,2,1,13,3,5
SF,IC2003,2020-01-03 13:58:14.400,5353.8000,53485,0,9234545800.000,0,-,-,-,-,5353.6000,5352.8000,5352.6000,5351.8000,5351.4000,5354.4000,5354.6000,5355.0000,5355.2000,5356.0000,1,2,1,1,1,2,1,14,3,5
SF,IC2003,2020-01-03 13:58:14.900,5353.6000,53485,0,9235616520.000,1,0,1,空换,B,5352.8000,5352.6000,5351.8000,5351.4000,5351.2000,5354.4000,5354.6000,5355.0000,5355.2000,5356.0000,2,1,1,1,2,2,1,14,3,5
SF,IC2003,2020-01-03 13:58:15.400,5353.6000,53485,0,9235616520.000,0,-,-,-,-,5352.8000,5352.6000,5351.8000,5351.4000,5351.2000,5353.6000,5354.2000,5354.4000,5354.6000,5355.0000,2,1,1,1,2,1,1,2,1,14
SF,IC2003,2020-01-03 13:58:15.900,5353.6000,53485,0,9235616520.000,0,-,-,-,-,5352.8000,5352.6000,5351.8000,5351.4000,5351.2000,5353.6000,5354.4000,5354.6000,5355.0000,5355.2000,2,1,1,1,2,1,2,1,14,3
SF,IC2003,2020-01-03 13:58:16.400,5353.6000,53485,0,9235616520.000,0,-,-,-,-,5352.6000,5351.8000,5351.4000,5351.2000,5350.6000,5353.6000,5354.4000,5354.6000,5355.0000,5355.2000,1,1,1,2,1,1,2,1,14,3
SF,IC2003,2020-01-03 13:58:16.900,5353.6000,53485,0,9235616520.000,0,-,-,-,-,5352.8000,5352.6000,5351.8000,5351.4000,5351.2000,5353.6000,5354.4000,5354.6000,5355.0000,5355.2000,2,1,1,1,2,1,3,1,14,3
SF,IC2003,2020-01-03 13:58:17.400,5353.6000,53485,0,9235616520.000,0,-,-,-,-,5353.0000,5352.8000,5352.6000,5351.8000,5351.4000,5353.6000,5354.4000,5354.6000,5355.0000,5355.2000,1,2,1,1,1,1,3,1,14,3
SF,IC2003,2020-01-03 13:58:17.900,5353.6000,53485,0,9236687240.000,1,0,1,空换,B,5353.0000,5352.8000,5352.6000,5351.8000,5351.4000,5354.4000,5354.6000,5355.0000,5355.2000,5356.0000,1,2,1,1,1,3,1,14,3,5
SF,IC2003,2020-01-03 13:58:19.400,5353.6000,53485,0,9236687240.000,0,-,-,-,-,5353.0000,5352.8000,5352.6000,5351.8000,5351.4000,5354.4000,5354.6000,5355.0000,5355.2000,5356.0000,1,2,1,1,1,2,1,14,3,5
SF,IC2003,2020-01-03 13:58:19.900,5353.6000,53485,0,9236687240.000,0,-,-,-,-,5353.2000,5353.0000,5352.6000,5351.8000,5351.4000,5354.4000,5354.6000,5355.0000,5355.2000,5356.0000,2,1,1,1,1,2,1,14,3,5
SF,IC2003,2020-01-03 13:58:20.400,5353.6000,53485,0,9236687240.000,0,-,-,-,-,5353.2000,5353.0000,5352.6000,5351.8000,5351.4000,5354.2000,5354.4000,5354.6000,5355.0000,5355.2000,2,1,1,1,1,1,2,1,14,3
SF,IC2003,2020-01-03 13:58:22.400,5353.6000,53485,0,9236687240.000,0,-,-,-,-,5353.2000,5352.6000,5351.8000,5351.4000,5351.2000,5354.2000,5354.4000,5354.6000,5355.0000,5355.2000,2,1,1,1,2,1,2,1,14,3
SF,IC2003,2020-01-03 13:58:22.900,5354.2000,53485,0,9237758080.000,1,0,1,空换,B,5353.2000,5352.6000,5351.8000,5351.4000,5351.2000,5354.4000,5354.6000,5355.0000,5355.2000,5356.0000,2,1,1,1,2,2,1,14,3,5
SF,IC2003,2020-01-03 13:58:23.400,5354.2000,53485,0,9237758080.000,0,-,-,-,-,5354.2000,5353.6000,5353.4000,5353.2000,5352.6000,5354.6000,5355.0000,5355.2000,5356.0000,5356.4000,4,1,1,2,1,1,14,3,5,3
SF,IC2003,2020-01-03 13:58:23.900,5354.2000,53485,0,9242041440.000,4,2,2,空换,B,5353.4000,5353.2000,5352.6000,5351.8000,5351.4000,5354.0000,5354.6000,5355.0000,5355.2000,5356.0000,1,2,1,1,1,2,1,14,3,5
SF,IC2003,2020-01-03 13:58:24.400,5353.4000,53484,-1,9243112120.000,1,0,1,双平,B,5353.2000,5352.6000,5351.8000,5351.4000,5351.2000,5354.6000,5355.0000,5355.2000,5356.0000,5356.4000,2,1,1,1,2,1,14,3,5,3
SF,IC2003,2020-01-03 13:58:24.900,5353.4000,53484,0,9243112120.000,0,-,-,-,-,5353.2000,5352.6000,5351.8000,5351.4000,5351.2000,5354.4000,5354.6000,5355.0000,5355.2000,5356.0000,2,1,1,1,2,2,1,14,3,5
SF,IC2003,2020-01-03 13:58:25.400,5353.4000,53484,0,9243112120.000,0,-,-,-,-,5353.2000,5352.6000,5352.0000,5351.8000,5351.4000,5354.2000,5354.4000,5354.6000,5355.0000,5355.2000,2,1,1,1,1,1,3,1,14,3
SF,IC2003,2020-01-03 13:58:26.900,5353.4000,53484,0,9243112120.000,0,-,-,-,-,5353.6000,5353.2000,5352.6000,5352.0000,5351.8000,5354.2000,5354.4000,5354.6000,5355.0000,5355.2000,1,2,1,1,1,1,3,1,14,3
SF,IC2003,2020-01-03 13:58:27.400,5353.4000,53484,0,9243112120.000,0,-,-,-,-,5353.6000,5353.2000,5352.6000,5352.0000,5351.8000,5354.2000,5354.4000,5354.6000,5355.0000,5355.2000,1,2,1,1,1,1,1,1,14,3
SF,IC2003,2020-01-03 13:58:28.400,5353.4000,53484,0,9243112120.000,0,-,-,-,-,5353.6000,5353.2000,5352.6000,5352.0000,5351.8000,5354.2000,5354.4000,5354.6000,5355.0000,5355.2000,1,2,1,1,1,1,1,1,14,3
SF,IC2003,2020-01-03 13:58:29.900,5353.4000,53484,0,9243112120.000,0,-,-,-,-,5354.0000,5353.6000,5353.2000,5352.0000,5351.8000,5354.2000,5354.4000,5354.6000,5355.0000,5355.2000,1,1,2,1,1,1,1,1,14,3
SF,IC2003,2020-01-03 13:58:30.400,5354.0000,53485,1,9244182920.000,1,1,0,双开,B,5353.6000,5353.2000,5352.0000,5351.8000,5351.4000,5354.2000,5354.4000,5354.6000,5355.0000,5355.2000,1,2,1,1,1,1,1,1,14,3
SF,IC2003,2020-01-03 13:58:30.900,5354.0000,53485,0,9244182920.000,0,-,-,-,-,5353.8000,5353.6000,5353.2000,5352.0000,5351.8000,5354.0000,5354.2000,5354.4000,5354.6000,5355.0000,1,1,2,1,1,1,1,1,1,14
SF,IC2003,2020-01-03 13:58:31.400,5354.0000,53485,0,9245253720.000,1,0,1,空换,B,5353.8000,5353.6000,5353.2000,5352.0000,5351.8000,5354.2000,5354.4000,5354.6000,5355.0000,5355.2000,1,1,2,1,1,1,1,1,14,3
SF,IC2003,2020-01-03 13:58:33.900,5354.2000,53485,0,9246324560.000,1,0,1,空换,B,5353.8000,5353.6000,5353.2000,5352.0000,5351.8000,5354.4000,5354.6000,5355.0000,5355.2000,5356.0000,1,1,2,1,1,1,1,14,3,4
SF,IC2003,2020-01-03 13:58:36.400,5354.2000,53485,0,9246324560.000,0,-,-,-,-,5353.8000,5353.6000,5353.2000,5352.0000,5351.8000,5354.0000,5354.4000,5354.6000,5355.0000,5355.2000,1,1,2,1,1,1,1,1,14,3
SF,IC2003,2020-01-03 13:58:38.400,5354.2000,53485,0,9246324560.000,0,-,-,-,-,5353.8000,5353.6000,5353.2000,5352.0000,5351.8000,5354.4000,5354.6000,5355.0000,5355.2000,5356.0000,1,1,2,1,1,1,1,14,3,4
SF,IC2003,2020-01-03 13:58:40.400,5354.2000,53485,0,9246324560.000,0,-,-,-,-,5353.8000,5353.6000,5353.2000,5352.0000,5351.8000,5354.4000,5354.6000,5355.0000,5355.2000,5356.0000,1,1,2,1,1,1,1,14,3,4
SF,IC2003,2020-01-03 13:58:42.400,5354.2000,53485,0,9246324560.000,0,-,-,-,-,5353.8000,5353.6000,5353.2000,5352.0000,5351.8000,5354.4000,5354.6000,5355.0000,5355.2000,5356.0000,1,1,2,1,1,1,1,14,3,4
SF,IC2003,2020-01-03 13:58:43.900,5354.2000,53485,0,9246324560.000,0,-,-,-,-,5353.8000,5353.6000,5353.2000,5352.0000,5351.8000,5354.4000,5354.6000,5355.0000,5355.2000,5356.0000,1,1,2,1,1,2,1,14,3,4
SF,IC2003,2020-01-03 13:58:44.900,5354.4000,53485,0,9247395440.000,1,0,1,空换,B,5354.2000,5353.8000,5353.6000,5353.2000,5352.0000,5354.4000,5354.6000,5355.0000,5355.2000,5356.0000,1,1,1,2,1,1,1,14,3,4
SF,IC2003,2020-01-03 13:58:46.400,5354.4000,53485,0,9247395440.000,0,-,-,-,-,5354.2000,5353.8000,5353.6000,5353.2000,5352.0000,5354.4000,5354.6000,5355.0000,5355.2000,5356.0000,1,1,1,2,1,1,1,14,3,4
SF,IC2003,2020-01-03 13:58:46.900,5354.4000,53484,-1,9248466320.000,1,0,1,双平,B,5354.2000,5353.8000,5353.6000,5353.2000,5352.0000,5354.6000,5355.0000,5355.2000,5356.0000,5356.4000,1,1,1,2,1,1,14,3,4,3
SF,IC2003,2020-01-03 13:58:47.900,5354.4000,53484,0,9248466320.000,0,-,-,-,-,5354.4000,5354.2000,5353.8000,5353.6000,5353.2000,5354.6000,5355.0000,5355.2000,5356.0000,5356.4000,1,1,1,1,2,1,14,3,4,3
SF,IC2003,2020-01-03 13:58:48.400,5354.4000,53484,0,9249537200.000,1,0,1,空换,B,5354.2000,5353.8000,5353.6000,5353.2000,5352.0000,5354.6000,5355.0000,5355.2000,5356.0000,5356.4000,1,1,1,2,1,1,14,3,4,3
SF,IC2003,2020-01-03 13:58:49.900,5354.4000,53484,0,9249537200.000,0,-,-,-,-,5353.8000,5353.2000,5352.0000,5351.8000,5351.2000,5354.4000,5354.6000,5355.0000,5355.2000,5356.0000,1,2,1,1,2,1,1,14,3,4
SF,IC2003,2020-01-03 13:58:50.400,5354.2000,53485,1,9251678800.000,2,1,1,多开,B,5352.0000,5351.8000,5351.2000,5350.6000,5350.2000,5354.2000,5354.4000,5354.6000,5355.0000,5355.2000,1,1,2,1,1,3,1,1,14,3
SF,IC2003,2020-01-03 13:58:50.900,5354.2000,53485,0,9251678800.000,0,-,-,-,-,5352.4000,5352.2000,5352.0000,5351.8000,5351.2000,5353.6000,5354.0000,5354.2000,5354.4000,5354.6000,2,3,1,1,2,1,1,3,1,1
SF,IC2003,2020-01-03 13:58:51.400,5354.2000,53485,0,9251678800.000,0,-,-,-,-,5352.6000,5352.4000,5352.2000,5352.0000,5351.8000,5353.6000,5354.2000,5354.4000,5354.6000,5355.0000,2,1,1,1,1,1,3,1,1,14
SF,IC2003,2020-01-03 13:58:52.900,5354.2000,53485,0,9251678800.000,0,-,-,-,-,5353.6000,5353.2000,5352.6000,5352.4000,5352.2000,5354.2000,5354.4000,5354.6000,5355.0000,5355.2000,1,1,2,1,1,3,1,1,14,3
SF,IC2003,2020-01-03 13:58:53.900,5354.2000,53485,0,9251678800.000,0,-,-,-,-,5353.8000,5353.6000,5353.2000,5352.8000,5352.6000,5354.2000,5354.4000,5354.6000,5355.0000,5355.2000,1,1,1,1,2,3,1,1,14,3
SF,IC2003,2020-01-03 13:58:54.400,5354.2000,53485,0,9251678800.000,0,-,-,-,-,5354.0000,5353.8000,5353.6000,5353.2000,5352.8000,5354.2000,5354.4000,5354.6000,5355.0000,5355.2000,1,1,1,1,1,1,1,1,14,3
SF,IC2003,2020-01-03 13:58:54.900,5354.2000,53486,1,9252749640.000,1,1,0,双开,B,5354.0000,5353.8000,5353.6000,5353.2000,5352.8000,5354.4000,5354.6000,5355.0000,5355.2000,5356.0000,1,1,1,1,1,1,1,14,3,4
SF,IC2003,2020-01-03 13:58:55.400,5354.2000,53486,0,9252749640.000,0,-,-,-,-,5354.0000,5353.8000,5353.6000,5352.8000,5352.6000,5354.4000,5354.6000,5355.0000,5355.2000,5356.0000,2,1,1,1,2,1,1,14,1,4
SF,IC2003,2020-01-03 13:58:55.900,5354.4000,53486,0,9253820520.000,1,0,1,空换,B,5354.0000,5353.6000,5352.8000,5352.6000,5352.2000,5354.6000,5355.0000,5355.2000,5356.0000,5356.4000,2,1,1,2,1,1,14,1,4,3
SF,IC2003,2020-01-03 13:58:56.400,5354.4000,53486,0,9253820520.000,0,-,-,-,-,5354.4000,5354.2000,5354.0000,5353.6000,5352.8000,5354.6000,5355.0000,5355.2000,5356.0000,5356.4000,1,2,2,1,1,1,14,1,4,3
SF,IC2003,2020-01-03 13:58:56.900,5354.6000,53486,0,9254891440.000,1,0,1,空换,B,5354.4000,5354.2000,5354.0000,5353.6000,5352.8000,5355.0000,5355.2000,5356.0000,5356.4000,5356.6000,1,2,2,1,1,14,1,4,3,5
SF,IC2003,2020-01-03 13:58:57.900,5354.6000,53486,0,9254891440.000,0,-,-,-,-,5354.6000,5354.4000,5354.2000,5354.0000,5353.6000,5355.0000,5355.2000,5356.0000,5356.4000,5356.6000,2,1,2,1,1,14,1,4,3,5
SF,IC2003,2020-01-03 13:58:58.400,5354.6000,53486,0,9254891440.000,0,-,-,-,-,5354.8000,5354.6000,5354.4000,5354.2000,5354.0000,5355.0000,5355.2000,5356.0000,5356.4000,5356.6000,1,2,1,2,1,14,1,4,3,5
SF,IC2003,2020-01-03 13:58:58.900,5354.6000,53486,0,9254891440.000,0,-,-,-,-,5354.8000,5354.6000,5354.2000,5354.0000,5352.8000,5355.0000,5355.2000,5356.0000,5356.4000,5356.6000,1,2,2,1,1,14,1,4,3,5
SF,IC2003,2020-01-03 13:58:59.400,5355.0000,53487,1,9255962440.000,1,1,0,双开,B,5354.8000,5354.6000,5354.2000,5354.0000,5352.8000,5355.0000,5355.2000,5356.0000,5356.4000,5356.6000,1,2,2,1,1,13,1,4,3,5
SF,IC2003,2020-01-03 13:58:59.900,5354.6000,53490,3,9261317320.000,5,4,1,多开,B,5354.6000,5354.2000,5354.0000,5352.8000,5352.2000,5355.0000,5355.2000,5356.0000,5356.4000,5356.6000,1,2,1,1,1,10,1,4,3,5
SF,IC2003,2020-01-03 13:59:00.400,5354.6000,53490,0,9261317320.000,0,-,-,-,-,5354.6000,5354.2000,5354.0000,5352.2000,5352.0000,5355.0000,5355.2000,5356.0000,5356.4000,5356.6000,1,2,1,1,1,10,1,4,3,5
SF,IC2003,2020-01-03 13:59:02.400,5355.0000,53490,0,9262388320.000,1,0,1,空换,B,5354.6000,5354.2000,5354.0000,5352.2000,5352.0000,5355.0000,5355.2000,5356.0000,5356.4000,5356.6000,1,2,1,1,1,9,1,4,3,5
SF,IC2003,2020-01-03 13:59:04.400,5354.6000,53490,0,9263459240.000,1,0,1,空换,B,5354.8000,5354.2000,5354.0000,5352.2000,5352.0000,5355.0000,5355.2000,5356.0000,5356.4000,5356.6000,1,2,1,1,1,9,1,4,3,5
SF,IC2003,2020-01-03 13:59:04.900,5354.8000,53490,0,9265601160.000,2,1,1,空换,B,5354.0000,5352.2000,5352.0000,5351.8000,5351.2000,5354.6000,5354.8000,5355.0000,5355.2000,5356.0000,1,1,1,1,2,1,2,9,1,4
SF,IC2003,2020-01-03 13:59:06.900,5354.8000,53490,0,9265601160.000,0,-,-,-,-,5352.2000,5352.0000,5351.8000,5351.2000,5350.6000,5354.4000,5354.6000,5354.8000,5355.0000,5355.2000,1,1,1,2,1,1,1,2,9,1
SF,IC2003,2020-01-03 13:59:07.400,5354.8000,53490,0,9265601160.000,0,-,-,-,-,5353.4000,5352.8000,5352.6000,5352.4000,5352.2000,5354.2000,5354.4000,5354.6000,5354.8000,5355.0000,3,2,2,9,1,2,1,1,2,9
SF,IC2003,2020-01-03 13:59:07.900,5354.8000,53490,0,9265601160.000,0,-,-,-,-,5353.4000,5352.8000,5352.4000,5352.2000,5352.0000,5354.2000,5354.4000,5354.6000,5354.8000,5355.0000,1,1,7,1,1,2,1,1,2,9
SF,IC2003,2020-01-03 13:59:08.400,5354.8000,53490,0,9265601160.000,0,-,-,-,-,5353.4000,5352.8000,5352.4000,5352.2000,5352.0000,5354.0000,5354.2000,5354.4000,5354.6000,5354.8000,1,1,6,1,1,1,2,1,1,2
SF,IC2003,2020-01-03 13:59:08.900,5354.8000,53490,0,9265601160.000,0,-,-,-,-,5352.8000,5352.4000,5352.2000,5352.0000,5351.8000,5354.0000,5354.2000,5354.4000,5354.6000,5354.8000,1,5,1,1,1,1,2,1,1,2
SF,IC2003,2020-01-03 13:59:09.400,5354.8000,53490,0,9265601160.000,0,-,-,-,-,5352.4000,5352.2000,5352.0000,5351.8000,5351.2000,5353.8000,5354.0000,5354.6000,5354.8000,5355.0000,2,1,1,1,2,3,1,1,2,9
SF,IC2003,2020-01-03 13:59:09.900,5354.8000,53490,0,9265601160.000,0,-,-,-,-,5352.6000,5352.4000,5352.2000,5352.0000,5351.8000,5353.8000,5354.0000,5354.6000,5354.8000,5355.0000,2,2,1,1,1,3,1,1,2,9
SF,IC2003,2020-01-03 13:59:10.400,5354.8000,53490,0,9265601160.000,0,-,-,-,-,5353.0000,5352.8000,5352.6000,5352.2000,5352.0000,5353.8000,5354.0000,5354.6000,5354.8000,5355.0000,1,2,2,1,1,2,1,1,2,9
SF,IC2003,2020-01-03 13:59:10.900,5354.8000,53490,0,9265601160.000,0,-,-,-,-,5353.0000,5352.8000,5352.6000,5352.2000,5352.0000,5353.8000,5354.0000,5354.6000,5355.0000,5355.2000,1,3,2,1,1,2,1,1,9,1
SF,IC2003,2020-01-03 13:59:11.400,5353.8000,53490,0,9266671920.000,1,0,1,空换,B,5352.8000,5352.6000,5352.2000,5352.0000,5351.8000,5353.8000,5354.6000,5355.0000,5355.2000,5355.4000,1,2,1,1,1,1,1,9,1,1
SF,IC2003,2020-01-03 13:59:11.900,5353.8000,53490,0,9266671920.000,0,-,-,-,-,5353.0000,5352.8000,5352.2000,5352.0000,5351.8000,5354.6000,5355.0000,5355.2000,5355.4000,5356.0000,2,1,1,1,1,1,9,1,1,4
SF,IC2003,2020-01-03 13:59:12.400,5353.8000,53490,0,9266671920.000,0,-,-,-,-,5353.2000,5353.0000,5352.8000,5352.2000,5352.0000,5353.8000,5354.4000,5354.6000,5355.0000,5355.2000,2,2,1,1,1,1,3,1,9,1
SF,IC2003,2020-01-03 13:59:14.400,5353.8000,53491,1,9267742680.000,1,1,0,双开,B,5353.2000,5353.0000,5352.8000,5352.2000,5352.0000,5354.4000,5354.6000,5355.0000,5355.2000,5355.4000,2,2,1,1,1,3,1,9,1,1
SF,IC2003,2020-01-03 13:59:15.400,5353.8000,53491,0,9267742680.000,0,-,-,-,-,5353.2000,5353.0000,5352.8000,5352.2000,5352.0000,5354.2000,5354.4000,5354.6000,5355.0000,5355.2000,2,2,1,1,1,1,3,1,9,1
SF,IC2003,2020-01-03 13:59:16.900,5353.8000,53491,0,9267742680.000,0,-,-,-,-,5353.2000,5353.0000,5352.2000,5352.0000,5351.8000,5354.2000,5354.4000,5354.6000,5355.0000,5355.2000,2,2,1,1,1,2,3,1,9,1
SF,IC2003,2020-01-03 13:59:17.400,5353.8000,53491,0,9267742680.000,0,-,-,-,-,5353.2000,5353.0000,5352.2000,5352.0000,5351.8000,5354.0000,5354.2000,5354.4000,5354.6000,5355.0000,2,2,1,1,1,1,2,3,1,9
SF,IC2003,2020-01-03 13:59:18.400,5353.8000,53491,0,9267742680.000,0,-,-,-,-,5353.2000,5353.0000,5352.2000,5352.0000,5351.8000,5354.0000,5354.2000,5354.4000,5354.6000,5355.0000,2,2,1,1,1,1,2,4,1,9
SF,IC2003,2020-01-03 13:59:18.900,5353.8000,53491,0,9267742680.000,0,-,-,-,-,5353.2000,5353.0000,5352.2000,5352.0000,5351.8000,5354.0000,5354.2000,5354.4000,5354.6000,5355.0000,2,2,1,1,1,1,2,4,1,9
SF,IC2003,2020-01-03 13:59:19.400,5353.8000,53491,0,9267742680.000,0,-,-,-,-,5353.8000,5353.2000,5353.0000,5352.2000,5352.0000,5354.0000,5354.2000,5354.4000,5355.0000,5355.2000,1,2,2,1,1,2,2,4,9,1
SF,IC2003,2020-01-03 13:59:19.900,5353.8000,53492,1,9268813440.000,1,1,0,双开,B,5353.2000,5353.0000,5352.2000,5352.0000,5351.8000,5354.0000,5354.2000,5354.4000,5355.0000,5355.2000,2,2,1,1,1,2,2,4,9,1
SF,IC2003,2020-01-03 13:59:20.400,5353.2000,53491,-1,9270954720.000,2,0,2,空平,B,5353.0000,5352.2000,5352.0000,5351.8000,5351.2000,5354.0000,5354.2000,5354.4000,5355.0000,5355.2000,2,1,1,1,2,2,2,4,9,1
SF,IC2003,2020-01-03 13:59:20.900,5353.2000,53491,0,9270954720.000,0,-,-,-,-,5353.0000,5352.2000,5352.0000,5351.8000,5351.2000,5354.0000,5354.2000,5354.4000,5355.0000,5355.2000,2,1,1,1,2,2,2,4,10,1
SF,IC2003,2020-01-03 13:59:21.400,5353.2000,53491,0,9270954720.000,0,-,-,-,-,5353.0000,5352.2000,5352.0000,5351.8000,5351.2000,5353.8000,5354.0000,5354.2000,5354.4000,5355.0000,2,1,1,1,2,1,1,2,4,10
SF,IC2003,2020-01-03 13:59:22.900,5353.2000,53491,0,9270954720.000,0,-,-,-,-,5353.0000,5352.2000,5352.0000,5351.8000,5351.2000,5353.8000,5354.0000,5354.2000,5354.4000,5355.0000,2,1,1,1,2,1,1,1,4,10
SF,IC2003,2020-01-03 13:59:23.400,5353.2000,53491,0,9270954720.000,0,-,-,-,-,5352.2000,5352.0000,5351.8000,5351.2000,5350.6000,5353.2000,5353.8000,5354.0000,5354.2000,5354.4000,1,1,1,2,1,1,2,1,1,4
SF,IC2003,2020-01-03 13:59:23.900,5353.2000,53491,0,9270954720.000,0,-,-,-,-,5352.4000,5352.2000,5352.0000,5351.8000,5351.2000,5353.0000,5353.8000,5354.0000,5354.2000,5354.4000,2,1,1,1,2,1,2,1,1,3
SF,IC2003,2020-01-03 13:59:24.400,5353.8000,53491,0,9273096120.000,2,1,1,空换,B,5352.2000,5352.0000,5351.8000,5351.2000,5350.6000,5353.8000,5354.0000,5354.2000,5354.4000,5355.0000,1,1,1,2,1,1,1,1,3,10
SF,IC2003,2020-01-03 13:59:24.900,5353.8000,53491,0,9273096120.000,0,-,-,-,-,5352.0000,5351.8000,5351.2000,5350.6000,5350.2000,5353.0000,5353.4000,5353.6000,5353.8000,5354.0000,1,1,2,1,1,2,2,3,1,1
SF,IC2003,2020-01-03 13:59:25.400,5353.8000,53491,0,9273096120.000,0,-,-,-,-,5352.0000,5351.8000,5351.2000,5350.6000,5350.2000,5353.0000,5353.2000,5353.4000,5353.6000,5353.8000,1,1,2,1,1,2,1,2,2,1
SF,IC2003,2020-01-03 13:59:26.400,5353.0000,53492,1,9274166720.000,1,1,0,双开,B,5352.0000,5351.8000,5351.2000,5350.6000,5350.2000,5353.0000,5353.2000,5353.4000,5353.6000,5353.8000,1,1,2,1,1,1,1,2,2,1
SF,IC2003,2020-01-03 13:59:26.900,5353.0000,53492,0,9274166720.000,0,-,-,-,-,5352.2000,5352.0000,5351.8000,5351.2000,5350.6000,5353.0000,5353.2000,5353.4000,5353.6000,5353.8000,3,1,1,2,1,1,1,2,2,1
SF,IC2003,2020-01-03 13:59:27.400,5353.0000,53492,0,9274166720.000,0,-,-,-,-,5353.0000,5352.6000,5352.2000,5352.0000,5351.8000,5353.8000,5354.0000,5354.2000,5354.4000,5355.0000,1,1,2,1,1,1,1,1,1,10
SF,IC2003,2020-01-03 13:59:27.900,5353.0000,53492,0,9274166720.000,0,-,-,-,-,5353.8000,5352.6000,5352.2000,5352.0000,5351.8000,5354.0000,5354.2000,5354.4000,5355.0000,5355.2000,1,1,2,1,1,1,1,1,10,1
SF,IC2003,2020-01-03 13:59:28.400,5353.8000,53493,1,9275237480.000,1,1,0,双开,B,5352.6000,5352.2000,5352.0000,5351.8000,5351.2000,5353.6000,5353.8000,5354.0000,5354.2000,5354.4000,1,2,1,1,2,1,5,1,1,1
SF,IC2003,2020-01-03 13:59:28.900,5354.0000,53494,1,9278449760.000,3,2,1,多开,B,5353.6000,5353.4000,5352.8000,5352.0000,5351.8000,5354.2000,5354.4000,5355.0000,5355.2000,5355.4000,1,1,4,1,1,1,1,10,1,1
SF,IC2003,2020-01-03 13:59:29.400,5354.0000,53494,0,9278449760.000,0,-,-,-,-,5353.8000,5353.4000,5352.8000,5352.0000,5351.8000,5354.2000,5354.4000,5355.0000,5355.2000,5355.4000,1,1,4,1,1,1,1,10,1,1
SF,IC2003,2020-01-03 13:59:29.900,5354.4000,53492,-2,9280591480.000,2,0,2,双平,B,5354.0000,5353.8000,5352.8000,5352.0000,5351.8000,5355.0000,5355.2000,5355.4000,5356.0000,5356.4000,1,1,3,1,1,10,1,1,4,3
SF,IC2003,2020-01-03 13:59:30.400,5354.8000,53493,1,9282733240.000,2,1,1,多开,B,5354.2000,5352.8000,5352.0000,5351.8000,5351.2000,5354.8000,5355.0000,5355.2000,5355.4000,5356.0000,1,3,1,1,2,1,10,1,1,4
SF,IC2003,2020-01-03 13:59:30.900,5354.2000,53492,-1,9283804080.000,1,0,1,双平,B,5352.8000,5352.0000,5351.8000,5351.2000,5350.6000,5354.8000,5355.0000,5355.2000,5355.4000,5356.0000,3,1,1,2,1,1,10,1,1,4
SF,IC2003,2020-01-03 13:59:31.400,5354.2000,53492,0,9283804080.000,0,-,-,-,-,5353.2000,5353.0000,5352.8000,5352.0000,5351.8000,5354.8000,5355.0000,5355.2000,5355.4000,5356.0000,1,2,3,1,1,1,10,1,1,4
SF,IC2003,2020-01-03 13:59:31.900,5354.2000,53492,0,9283804080.000,0,-,-,-,-,5353.4000,5353.2000,5352.8000,5352.0000,5351.8000,5355.0000,5355.2000,5355.4000,5356.0000,5356.4000,3,1,1,1,1,10,1,1,4,3
SF,IC2003,2020-01-03 13:59:32.400,5354.2000,53492,0,9283804080.000,0,-,-,-,-,5353.8000,5353.4000,5353.2000,5352.8000,5352.0000,5354.8000,5355.0000,5355.2000,5355.4000,5356.0000,1,2,1,1,1,1,10,1,1,4
SF,IC2003,2020-01-03 13:59:32.900,5354.2000,53492,0,9283804080.000,0,-,-,-,-,5353.8000,5353.4000,5353.2000,5352.8000,5352.0000,5354.8000,5355.0000,5355.2000,5355.4000,5356.0000,1,3,1,1,1,1,10,1,1,4
SF,IC2003,2020-01-03 13:59:33.400,5354.2000,53492,0,9283804080.000,0,-,-,-,-,5353.8000,5353.4000,5353.2000,5352.8000,5352.0000,5354.0000,5354.8000,5355.0000,5355.2000,5355.4000,1,3,1,1,1,2,1,10,1,1
SF,IC2003,2020-01-03 13:59:33.900,5354.2000,53491,-1,9285945760.000,2,0,2,空平,B,5354.2000,5354.0000,5353.8000,5353.4000,5353.2000,5354.8000,5355.0000,5355.2000,5355.4000,5356.0000,1,2,1,3,1,1,10,1,1,4
SF,IC2003,2020-01-03 13:59:34.400,5354.2000,53491,0,9285945760.000,0,-,-,-,-,5354.2000,5354.0000,5353.4000,5353.2000,5352.8000,5354.4000,5354.8000,5355.0000,5355.2000,5355.4000,1,2,3,1,1,1,1,10,1,1
SF,IC2003,2020-01-03 13:59:34.900,5354.2000,53492,1,9287016600.000,1,1,0,双开,B,5354.0000,5353.8000,5353.4000,5353.2000,5352.8000,5354.8000,5355.0000,5355.2000,5355.4000,5356.0000,2,1,2,1,1,1,10,1,1,4
SF,IC2003,2020-01-03 13:59:35.400,5354.6000,53493,1,9289158320.000,2,1,1,多开,B,5354.0000,5353.8000,5353.4000,5353.2000,5352.8000,5354.6000,5354.8000,5355.0000,5355.2000,5355.4000,1,1,2,1,1,1,1,9,1,1
SF,IC2003,2020-01-03 13:59:35.900,5354.6000,53494,1,9290229240.000,1,1,0,双开,B,5354.0000,5353.8000,5353.4000,5353.2000,5352.8000,5354.6000,5354.8000,5355.0000,5355.2000,5355.4000,1,1,2,1,1,1,1,9,1,1
SF,IC2003,2020-01-03 13:59:36.400,5354.0000,53494,0,9291300040.000,1,0,1,空换,B,5354.2000,5353.4000,5353.2000,5352.8000,5352.0000,5354.6000,5354.8000,5355.0000,5355.2000,5355.4000,1,2,1,1,1,1,1,9,1,1
SF,IC2003,2020-01-03 13:59:36.900,5354.2000,53493,-1,9293441720.000,2,0,2,空平,B,5353.4000,5353.2000,5352.8000,5352.0000,5351.8000,5354.2000,5354.6000,5354.8000,5355.0000,5355.2000,2,1,1,1,1,1,1,1,9,1
SF,IC2003,2020-01-03 13:59:37.400,5354.2000,53493,0,9293441720.000,0,-,-,-,-,5353.4000,5353.2000,5352.8000,5352.0000,5351.8000,5354.2000,5354.6000,5354.8000,5355.0000,5355.2000,2,1,1,1,1,2,1,1,9,1
SF,IC2003,2020-01-03 13:59:37.900,5354.2000,53493,0,9293441720.000,0,-,-,-,-,5352.8000,5352.0000,5351.8000,5351.2000,5350.6000,5353.6000,5354.0000,5354.6000,5354.8000,5355.0000,1,1,1,2,1,1,1,1,1,9
SF,IC2003,2020-01-03 13:59:38.400,5354.2000,53493,0,9293441720.000,0,-,-,-,-,5352.0000,5351.8000,5351.2000,5350.6000,5350.2000,5353.6000,5354.6000,5354.8000,5355.0000,5355.2000,1,1,2,1,1,1,1,1,9,1
SF,IC2003,2020-01-03 13:59:38.900,5354.2000,53493,0,9293441720.000,0,-,-,-,-,5352.2000,5352.0000,5351.8000,5351.2000,5350.6000,5353.6000,5354.4000,5354.6000,5354.8000,5355.0000,2,1,1,2,1,1,1,1,1,9
SF,IC2003,2020-01-03 13:59:39.400,5354.2000,53493,0,9293441720.000,0,-,-,-,-,5352.2000,5352.0000,5351.8000,5351.2000,5350.6000,5353.6000,5354.6000,5354.8000,5355.0000,5355.2000,2,1,1,2,1,1,1,1,9,1
SF,IC2003,2020-01-03 13:59:39.900,5354.2000,53493,0,9293441720.000,0,-,-,-,-,5352.2000,5352.0000,5351.8000,5351.2000,5350.6000,5353.4000,5353.6000,5354.0000,5354.6000,5354.8000,2,1,1,2,1,1,1,1,1,1
SF,IC2003,2020-01-03 13:59:40.400,5354.2000,53493,0,9293441720.000,0,-,-,-,-,5352.2000,5352.0000,5351.8000,5351.2000,5350.6000,5353.2000,5353.4000,5353.6000,5354.0000,5354.6000,2,1,1,2,1,1,1,1,1,1
SF,IC2003,2020-01-03 13:59:40.900,5354.2000,53493,0,9293441720.000,0,-,-,-,-,5352.2000,5352.0000,5351.8000,5351.2000,5350.6000,5353.4000,5353.6000,5354.0000,5354.6000,5354.8000,2,1,1,2,1,1,1,1,1,1
SF,IC2003,2020-01-03 13:59:41.400,5354.2000,53493,0,9293441720.000,0,-,-,-,-,5353.2000,5352.2000,5352.0000,5351.8000,5351.2000,5353.4000,5354.0000,5354.6000,5355.0000,5355.2000,2,2,1,1,2,1,1,1,9,1
SF,IC2003,2020-01-03 13:59:43.400,5354.2000,53493,0,9293441720.000,0,-,-,-,-,5353.2000,5352.2000,5352.0000,5351.8000,5351.2000,5353.4000,5354.0000,5354.6000,5355.0000,5355.2000,2,2,1,1,2,1,1,1,10,1
SF,IC2003,2020-01-03 13:59:43.900,5353.4000,53493,0,9294512400.000,1,0,1,空换,B,5353.4000,5353.2000,5352.2000,5352.0000,5351.8000,5354.0000,5354.6000,5355.0000,5355.2000,5355.4000,1,2,2,1,1,1,1,10,1,1
SF,IC2003,2020-01-03 13:59:44.400,5353.4000,53493,0,9294512400.000,0,-,-,-,-,5353.6000,5353.4000,5353.2000,5352.0000,5351.8000,5354.0000,5354.6000,5355.0000,5355.2000,5355.4000,2,1,2,1,1,1,1,10,1,1
SF,IC2003,2020-01-03 13:59:44.900,5353.4000,53493,0,9294512400.000,0,-,-,-,-,5353.6000,5353.4000,5353.2000,5352.0000,5351.8000,5354.6000,5355.0000,5355.2000,5355.4000,5355.8000,2,1,2,1,1,1,10,1,1,1
SF,IC2003,2020-01-03 13:59:46.400,5354.6000,53493,0,9295583320.000,1,0,1,空换,B,5354.6000,5353.8000,5353.6000,5353.4000,5353.2000,5355.0000,5355.2000,5355.4000,5355.8000,5356.0000,1,1,2,1,2,10,1,1,1,4
SF,IC2003,2020-01-03 13:59:46.900,5354.6000,53493,0,9296654240.000,1,0,1,空换,B,5353.8000,5353.6000,5353.4000,5353.2000,5352.0000,5355.0000,5355.2000,5355.4000,5355.8000,5356.0000,1,2,1,2,1,10,1,1,1,4
SF,IC2003,2020-01-03 13:59:47.400,5354.6000,53493,0,9296654240.000,0,-,-,-,-,5354.0000,5353.8000,5353.6000,5353.4000,5353.2000,5355.0000,5355.2000,5355.4000,5355.8000,5356.0000,1,1,2,1,2,10,1,1,1,4
SF,IC2003,2020-01-03 13:59:47.900,5354.6000,53493,0,9296654240.000,0,-,-,-,-,5354.0000,5353.8000,5353.6000,5353.4000,5353.2000,5354.8000,5355.0000,5355.2000,5355.4000,5355.8000,1,1,2,1,2,1,10,1,1,1
SF,IC2003,2020-01-03 13:59:48.400,5354.6000,53493,0,9296654240.000,0,-,-,-,-,5354.2000,5354.0000,5353.8000,5353.6000,5353.4000,5354.8000,5355.0000,5355.2000,5355.4000,5355.8000,1,1,1,2,1,1,10,1,1,1
SF,IC2003,2020-01-03 13:59:50.900,5354.2000,53494,1,9297725080.000,1,1,0,双开,B,5354.0000,5353.6000,5353.4000,5353.2000,5352.0000,5354.8000,5355.0000,5355.2000,5355.4000,5355.8000,1,2,1,2,1,1,10,1,1,1
SF,IC2003,2020-01-03 13:59:51.400,5354.2000,53494,0,9297725080.000,0,-,-,-,-,5354.0000,5353.6000,5353.2000,5352.0000,5351.8000,5355.0000,5355.2000,5355.4000,5355.8000,5356.0000,1,2,2,1,1,10,1,1,1,4
SF,IC2003,2020-01-03 13:59:51.900,5354.2000,53494,0,9297725080.000,0,-,-,-,-,5354.2000,5354.0000,5353.2000,5352.0000,5351.8000,5355.0000,5355.2000,5355.4000,5355.8000,5356.0000,2,1,2,1,1,10,1,1,1,4
SF,IC2003,2020-01-03 13:59:54.400,5355.0000,53492,-2,9299867080.000,2,0,2,双平,B,5354.2000,5354.0000,5353.2000,5352.0000,5351.8000,5355.0000,5355.2000,5355.4000,5355.8000,5356.0000,2,1,2,1,1,8,1,1,1,4
SF,IC2003,2020-01-03 13:59:54.900,5355.0000,53492,0,9299867080.000,0,-,-,-,-,5354.2000,5353.2000,5352.0000,5351.8000,5351.2000,5355.0000,5355.2000,5355.4000,5355.8000,5356.0000,2,2,1,1,2,9,1,1,1,4
SF,IC2003,2020-01-03 13:59:56.400,5355.0000,53492,0,9299867080.000,0,-,-,-,-,5354.2000,5353.2000,5352.0000,5351.8000,5351.2000,5355.0000,5355.2000,5355.4000,5355.8000,5356.0000,2,2,1,1,2,10,1,1,1,4
SF,IC2003,2020-01-03 13:59:56.900,5355.0000,53492,0,9299867080.000,0,-,-,-,-,5354.2000,5353.2000,5352.0000,5351.8000,5351.2000,5354.8000,5355.0000,5355.2000,5355.4000,5355.8000,2,2,1,1,2,1,10,1,1,1
SF,IC2003,2020-01-03 13:59:57.400,5355.0000,53493,1,9300938080.000,1,1,0,双开,B,5354.2000,5353.2000,5352.0000,5351.8000,5351.2000,5354.8000,5355.0000,5355.2000,5355.4000,5355.8000,2,2,1,1,2,1,10,1,1,1
SF,IC2003,2020-01-03 13:59:59.400,5355.0000,53493,0,9300938080.000,0,-,-,-,-,5354.2000,5353.4000,5353.2000,5352.0000,5351.8000,5354.8000,5355.0000,5355.2000,5355.4000,5355.8000,2,1,2,1,1,1,10,1,1,1
SF,IC2003,2020-01-03 13:59:59.900,5355.0000,53493,0,9300938080.000,0,-,-,-,-,5354.2000,5353.4000,5353.2000,5352.0000,5351.8000,5355.0000,5355.2000,5355.4000,5355.8000,5356.0000,2,1,2,1,1,10,1,1,1,4
SF,IC2003,2020-01-03 14:00:00.400,5355.0000,53493,0,9300938080.000,0,-,-,-,-,5354.2000,5353.4000,5353.2000,5352.0000,5351.8000,5354.8000,5355.0000,5355.2000,5355.4000,5355.8000,2,1,2,1,1,1,10,1,1,1
SF,IC2003,2020-01-03 14:00:01.900,5355.0000,53493,0,9303080040.000,2,1,1,空换,B,5354.2000,5353.4000,5353.2000,5352.0000,5351.8000,5355.0000,5355.2000,5355.4000,5355.8000,5356.0000,2,1,2,1,1,9,1,1,1,4
SF,IC2003,2020-01-03 14:00:02.400,5355.0000,53493,0,9305222040.000,2,1,1,空换,B,5353.4000,5353.2000,5352.0000,5351.8000,5351.2000,5355.0000,5355.2000,5355.4000,5355.8000,5356.0000,1,2,1,1,2,7,1,1,1,4
SF,IC2003,2020-01-03 14:00:02.900,5354.6000,53493,0,9306292960.000,1,0,1,空换,B,5354.4000,5353.8000,5353.6000,5353.4000,5353.2000,5355.0000,5355.2000,5355.4000,5355.8000,5356.0000,1,1,4,1,2,7,1,1,1,4
SF,IC2003,2020-01-03 14:00:03.400,5354.6000,53493,0,9306292960.000,0,-,-,-,-,5354.6000,5353.8000,5353.6000,5353.4000,5353.2000,5355.0000,5355.2000,5355.4000,5355.8000,5356.0000,2,1,2,1,2,7,1,1,1,4
SF,IC2003,2020-01-03 14:00:03.900,5355.0000,53494,1,9310576800.000,4,2,2,多开,B,5353.8000,5353.6000,5353.4000,5353.2000,5352.0000,5355.0000,5355.2000,5355.4000,5355.8000,5356.0000,1,2,1,2,1,5,1,1,1,4
SF,IC2003,2020-01-03 14:00:04.400,5355.0000,53494,0,9311647800.000,1,0,1,空换,B,5353.8000,5353.6000,5353.4000,5353.2000,5352.0000,5355.0000,5355.2000,5355.4000,5355.8000,5356.0000,1,2,1,2,1,4,1,1,1,4
SF,IC2003,2020-01-03 14:00:04.900,5355.0000,53494,0,9311647800.000,0,-,-,-,-,5353.8000,5353.6000,5353.4000,5353.2000,5352.0000,5354.8000,5355.0000,5355.2000,5355.4000,5355.8000,1,2,1,2,1,1,4,1,1,1
SF,IC2003,2020-01-03 14:00:05.400,5355.0000,53494,0,9311647800.000,0,-,-,-,-,5354.0000,5353.8000,5353.6000,5353.4000,5353.2000,5354.8000,5355.0000,5355.2000,5355.4000,5355.8000,1,1,2,1,2,1,4,1,1,1
SF,IC2003,2020-01-03 14:00:06.400,5354.8000,53494,0,9312718760.000,1,0,1,空换,B,5354.0000,5353.8000,5353.6000,5353.4000,5353.2000,5355.0000,5355.2000,5355.4000,5355.8000,5356.0000,1,1,2,1,2,4,1,1,1,4
SF,IC2003,2020-01-03 14:00:06.900,5355.0000,53495,1,9313789760.000,1,1,0,双开,B,5354.0000,5353.8000,5353.6000,5353.4000,5353.2000,5355.0000,5355.2000,5355.4000,5355.8000,5356.0000,1,1,2,1,2,3,1,1,1,4
SF,IC2003,2020-01-03 14:00:07.400,5355.0000,53495,0,9314860760.000,1,0,1,空换,B,5354.0000,5353.8000,5353.6000,5353.2000,5352.0000,5355.0000,5355.2000,5355.4000,5355.8000,5356.0000,1,1,2,2,1,2,1,1,1,4
SF,IC2003,2020-01-03 14:00:07.900,5355.2000,53495,0,9318073800.000,3,1,2,空换,B,5354.2000,5354.0000,5353.8000,5353.6000,5353.2000,5355.4000,5355.8000,5356.0000,5356.4000,5356.6000,1,1,1,1,2,1,1,4,3,5
SF,IC2003,2020-01-03 14:00:08.400,5355.2000,53495,0,9318073800.000,0,-,-,-,-,5354.2000,5354.0000,5353.8000,5353.6000,5353.2000,5355.2000,5355.4000,5355.8000,5356.0000,5356.4000,1,1,1,1,2,2,1,1,4,3
SF,IC2003,2020-01-03 14:00:09.900,5355.2000,53495,0,9318073800.000,0,-,-,-,-,5354.2000,5353.8000,5353.6000,5353.2000,5352.0000,5355.2000,5355.4000,5355.8000,5356.0000,5356.4000,1,1,1,2,1,2,1,1,4,3
SF,IC2003,2020-01-03 14:00:11.400,5355.2000,53495,0,9320215880.000,2,1,1,空换,B,5354.2000,5353.8000,5353.6000,5353.2000,5352.0000,5355.4000,5355.8000,5356.0000,5356.4000,5356.6000,1,1,1,2,1,1,1,4,3,5
SF,IC2003,2020-01-03 14:00:11.900,5355.2000,53495,0,9320215880.000,0,-,-,-,-,5354.4000,5354.2000,5353.8000,5353.6000,5353.2000,5355.4000,5355.8000,5356.0000,5356.4000,5356.6000,2,1,1,1,2,1,1,4,3,5
SF,IC2003,2020-01-03 14:00:12.400,5355.2000,53495,0,9320215880.000,0,-,-,-,-,5354.4000,5354.2000,5353.8000,5353.6000,5353.2000,5355.2000,5355.4000,5355.8000,5356.0000,5356.4000,2,1,1,1,2,1,1,1,4,3
SF,IC2003,2020-01-03 14:00:12.900,5355.2000,53495,0,9320215880.000,0,-,-,-,-,5354.4000,5353.8000,5353.6000,5353.2000,5352.0000,5355.2000,5355.4000,5355.8000,5356.0000,5356.4000,2,1,1,2,1,1,1,1,4,3
SF,IC2003,2020-01-03 14:00:15.400,5355.2000,53495,0,9320215880.000,0,-,-,-,-,5354.6000,5354.4000,5353.8000,5353.6000,5353.2000,5355.2000,5355.4000,5355.8000,5356.0000,5356.4000,1,2,1,1,2,2,1,1,4,3
SF,IC2003,2020-01-03 14:00:17.400,5355.2000,53495,0,9320215880.000,0,-,-,-,-,5354.4000,5353.8000,5353.6000,5353.2000,5352.0000,5355.2000,5355.4000,5355.8000,5356.0000,5356.4000,2,1,1,2,1,2,1,1,4,3
SF,IC2003,2020-01-03 14:00:17.900,5355.2000,53495,0,9320215880.000,0,-,-,-,-,5353.8000,5353.6000,5353.2000,5352.0000,5351.8000,5355.2000,5355.4000,5355.8000,5356.0000,5356.4000,1,1,2,1,1,2,1,1,4,3
SF,IC2003,2020-01-03 14:00:18.400,5355.2000,53495,0,9320215880.000,0,-,-,-,-,5354.4000,5354.2000,5354.0000,5353.8000,5353.6000,5355.2000,5355.4000,5355.8000,5356.0000,5356.4000,3,2,5,1,1,2,1,1,4,3
SF,IC2003,2020-01-03 14:00:18.900,5355.2000,53495,0,9320215880.000,0,-,-,-,-,5354.4000,5354.2000,5354.0000,5353.8000,5353.6000,5355.0000,5355.2000,5355.4000,5355.8000,5356.0000,1,2,5,1,1,1,2,1,1,4
SF,IC2003,2020-01-03 14:00:19.400,5355.2000,53494,-1,9322357960.000,2,0,2,空平,B,5354.6000,5354.4000,5354.2000,5354.0000,5353.6000,5355.2000,5355.4000,5355.8000,5356.0000,5356.4000,1,1,2,5,1,1,1,1,4,3
SF,IC2003,2020-01-03 14:00:19.900,5355.2000,53493,-1,9323429000.000,1,0,1,双平,B,5354.6000,5354.4000,5354.2000,5354.0000,5353.2000,5355.4000,5355.8000,5356.0000,5356.4000,5356.6000,2,1,2,4,2,1,1,4,3,5
SF,IC2003,2020-01-03 14:00:20.400,5355.2000,53493,0,9323429000.000,0,-,-,-,-,5355.2000,5354.8000,5354.6000,5354.4000,5354.2000,5355.4000,5355.8000,5356.0000,5356.4000,5356.6000,1,3,2,1,1,1,1,4,3,5
SF,IC2003,2020-01-03 14:00:20.900,5355.4000,53492,-1,9324500080.000,1,0,1,双平,B,5354.8000,5354.6000,5354.4000,5354.2000,5354.0000,5355.8000,5356.0000,5356.4000,5356.6000,5357.0000,2,2,1,1,1,1,4,3,5,1
SF,IC2003,2020-01-03 14:00:21.400,5355.8000,53493,1,9325571240.000,1,1,0,双开,B,5355.0000,5354.8000,5354.6000,5354.4000,5354.2000,5356.0000,5356.4000,5356.6000,5357.0000,5358.0000,1,2,2,1,1,4,3,5,1,16
SF,IC2003,2020-01-03 14:00:21.900,5355.8000,53493,0,9325571240.000,0,-,-,-,-,5355.0000,5354.8000,5354.6000,5353.2000,5352.0000,5355.8000,5356.0000,5356.4000,5356.6000,5357.0000,1,2,1,2,1,3,4,3,5,1
SF,IC2003,2020-01-03 14:00:22.400,5355.8000,53493,0,9325571240.000,0,-,-,-,-,5355.0000,5354.6000,5353.2000,5352.0000,5351.8000,5355.8000,5356.0000,5356.4000,5356.6000,5357.0000,1,1,2,1,1,3,4,3,5,1
SF,IC2003,2020-01-03 14:00:22.900,5355.0000,53494,1,9326642240.000,1,1,0,双开,B,5354.6000,5353.2000,5352.0000,5351.8000,5351.2000,5355.8000,5356.0000,5356.4000,5356.6000,5357.0000,1,2,1,1,2,3,4,3,5,1
SF,IC2003,2020-01-03 14:00:23.900,5355.8000,53493,-1,9329855720.000,3,1,2,空平,B,5354.6000,5353.2000,5352.0000,5351.8000,5351.2000,5356.0000,5356.4000,5356.6000,5357.0000,5358.0000,1,2,1,1,2,4,3,5,1,16
SF,IC2003,2020-01-03 14:00:24.400,5355.8000,53493,0,9329855720.000,0,-,-,-,-,5354.8000,5354.6000,5353.2000,5352.0000,5351.8000,5356.0000,5356.4000,5356.6000,5357.0000,5358.0000,3,1,2,1,1,4,3,5,1,16
SF,IC2003,2020-01-03 14:00:25.400,5355.8000,53493,0,9329855720.000,0,-,-,-,-,5354.8000,5354.6000,5353.2000,5352.0000,5351.8000,5356.0000,5356.4000,5356.6000,5357.0000,5358.0000,3,1,2,1,1,5,3,5,1,16
SF,IC2003,2020-01-03 14:00:28.900,5356.0000,53491,-2,9334140520.000,4,1,3,空平,B,5354.8000,5354.6000,5353.2000,5352.0000,5351.8000,5356.0000,5356.4000,5356.6000,5357.0000,5358.0000,3,1,2,1,1,1,3,5,1,16
SF,IC2003,2020-01-03 14:00:29.900,5354.8000,53493,2,9337353400.000,3,2,1,多开,B,5354.6000,5353.2000,5352.0000,5351.8000,5351.2000,5354.8000,5356.0000,5356.4000,5356.6000,5357.0000,1,2,1,1,2,2,1,3,5,1
SF,IC2003,2020-01-03 14:00:30.400,5354.6000,53492,-1,9339495240.000,2,0,2,空平,B,5353.2000,5352.0000,5351.8000,5351.2000,5350.6000,5354.4000,5354.6000,5356.0000,5356.4000,5356.6000,2,1,1,2,1,1,2,1,3,5
SF,IC2003,2020-01-03 14:00:30.900,5354.6000,53492,0,9339495240.000,0,-,-,-,-,5353.4000,5353.2000,5352.0000,5351.8000,5351.2000,5354.6000,5356.0000,5356.4000,5356.6000,5357.0000,2,2,1,1,2,1,1,3,5,1
SF,IC2003,2020-01-03 14:00:31.400,5354.6000,53492,0,9339495240.000,0,-,-,-,-,5353.2000,5352.0000,5351.8000,5351.2000,5350.6000,5354.4000,5354.6000,5356.0000,5356.4000,5356.6000,2,1,1,2,1,2,1,1,3,5
SF,IC2003,2020-01-03 14:00:32.400,5353.2000,53492,0,9340565880.000,1,0,1,空换,B,5353.2000,5352.0000,5351.8000,5351.2000,5350.6000,5353.6000,5354.2000,5354.4000,5354.6000,5356.0000,1,1,1,2,1,2,1,2,1,1
SF,IC2003,2020-01-03 14:00:32.900,5353.2000,53493,1,9341636520.000,1,1,0,双开,B,5352.0000,5351.8000,5351.2000,5350.6000,5350.2000,5353.0000,5353.2000,5353.4000,5354.2000,5354.4000,1,1,2,1,1,1,1,1,1,2
SF,IC2003,2020-01-03 14:00:33.400,5353.2000,53493,0,9341636520.000,0,-,-,-,-,5352.2000,5352.0000,5351.8000,5351.2000,5350.6000,5353.4000,5354.2000,5354.4000,5354.6000,5356.0000,2,1,1,2,1,1,1,2,1,1
SF,IC2003,2020-01-03 14:00:33.900,5353.2000,53493,0,9341636520.000,0,-,-,-,-,5352.2000,5352.0000,5351.8000,5351.2000,5350.6000,5353.4000,5354.2000,5354.4000,5354.6000,5356.0000,2,1,1,2,1,1,1,2,1,2
SF,IC2003,2020-01-03 14:00:34.400,5353.2000,53493,0,9341636520.000,0,-,-,-,-,5352.4000,5352.2000,5352.0000,5351.8000,5351.2000,5353.4000,5354.2000,5354.4000,5354.6000,5356.0000,1,2,1,1,2,1,1,2,1,2
SF,IC2003,2020-01-03 14:00:34.900,5353.2000,53493,0,9341636520.000,0,-,-,-,-,5352.4000,5352.2000,5352.0000,5351.8000,5351.2000,5353.4000,5354.2000,5354.4000,5354.6000,5355.8000,1,2,1,1,2,1,1,2,1,1
SF,IC2003,2020-01-03 14:00:35.900,5353.4000,53494,1,9342707200.000,1,1,0,双开,B,5352.4000,5352.2000,5352.0000,5351.8000,5351.2000,5354.2000,5354.4000,5354.6000,5355.8000,5356.0000,1,2,1,1,2,1,2,1,1,2
SF,IC2003,2020-01-03 14:00:36.400,5353.4000,53494,0,9342707200.000,0,-,-,-,-,5352.6000,5352.4000,5352.0000,5351.8000,5351.2000,5353.0000,5353.8000,5354.0000,5354.2000,5354.6000,2,1,1,1,2,2,1,2,1,1
SF,IC2003,2020-01-03 14:00:36.900,5353.4000,53494,0,9342707200.000,0,-,-,-,-,5352.4000,5352.0000,5351.8000,5351.2000,5350.6000,5354.0000,5354.2000,5354.6000,5355.8000,5356.0000,1,1,1,2,1,2,1,1,1,2
SF,IC2003,2020-01-03 14:00:37.400,5353.4000,53494,0,9342707200.000,0,-,-,-,-,5352.4000,5352.0000,5351.8000,5351.2000,5350.6000,5353.0000,5354.0000,5354.2000,5354.6000,5355.8000,1,1,1,2,1,2,2,1,1,1
SF,IC2003,2020-01-03 14:00:37.900,5352.4000,53495,1,9343777680.000,1,1,0,双开,B,5352.0000,5351.8000,5351.2000,5350.6000,5350.2000,5354.0000,5354.2000,5354.6000,5355.8000,5356.0000,1,1,2,1,1,2,1,1,1,2
SF,IC2003,2020-01-03 14:00:38.400,5352.4000,53495,0,9343777680.000,0,-,-,-,-,5352.2000,5352.0000,5351.8000,5351.2000,5350.6000,5353.8000,5354.0000,5354.2000,5355.8000,5356.0000,2,1,1,2,1,1,2,1,1,2
SF,IC2003,2020-01-03 14:00:38.900,5353.6000,53495,0,9345919120.000,2,1,1,空换,B,5352.2000,5352.0000,5351.8000,5351.2000,5350.6000,5354.2000,5355.8000,5356.0000,5356.4000,5356.6000,2,1,1,2,1,1,1,2,3,5
SF,IC2003,2020-01-03 14:00:39.400,5353.6000,53495,0,9345919120.000,0,-,-,-,-,5352.2000,5352.0000,5351.8000,5351.2000,5350.6000,5354.0000,5354.2000,5355.8000,5356.0000,5356.4000,2,1,1,2,1,3,1,1,2,3
SF,IC2003,2020-01-03 14:00:39.900,5353.6000,53495,0,9345919120.000,0,-,-,-,-,5352.2000,5352.0000,5351.8000,5351.2000,5350.6000,5353.6000,5354.0000,5354.2000,5355.8000,5356.0000,2,1,1,2,1,1,2,1,1,2
SF,IC2003,2020-01-03 14:00:40.400,5353.6000,53495,0,9345919120.000,0,-,-,-,-,5352.2000,5352.0000,5351.8000,5351.2000,5350.6000,5354.0000,5354.2000,5355.8000,5356.0000,5356.4000,2,1,1,2,1,2,1,1,2,3
SF,IC2003,2020-01-03 14:00:40.900,5354.2000,53497,2,9350202280.000,4,3,1,多开,B,5352.2000,5352.0000,5351.8000,5351.2000,5350.6000,5355.8000,5356.0000,5356.4000,5356.6000,5357.0000,2,1,1,2,1,1,2,3,5,1
SF,IC2003,2020-01-03 14:00:41.400,5354.2000,53497,0,9350202280.000,0,-,-,-,-,5352.6000,5352.4000,5352.2000,5352.0000,5351.8000,5354.4000,5354.6000,5355.0000,5355.4000,5355.6000,1,3,2,1,1,1,1,1,2,2
SF,IC2003,2020-01-03 14:00:41.900,5354.4000,53497,0,9351273160.000,1,0,1,空换,B,5352.8000,5352.4000,5352.0000,5351.8000,5351.2000,5354.6000,5355.0000,5355.4000,5355.6000,5355.8000,2,1,1,1,2,1,1,2,1,2
SF,IC2003,2020-01-03 14:00:43.400,5354.4000,53497,0,9351273160.000,0,-,-,-,-,5352.8000,5352.4000,5352.0000,5351.8000,5351.2000,5354.4000,5354.6000,5355.0000,5355.4000,5355.6000,2,1,1,1,2,1,1,1,2,1
SF,IC2003,2020-01-03 14:00:44.900,5354.4000,53497,0,9351273160.000,0,-,-,-,-,5353.0000,5352.8000,5352.4000,5352.0000,5351.8000,5354.4000,5354.6000,5355.0000,5355.4000,5355.6000,1,2,1,1,1,2,1,1,2,1
SF,IC2003,2020-01-03 14:00:45.400,5354.4000,53497,0,9351273160.000,0,-,-,-,-,5353.2000,5353.0000,5352.4000,5352.0000,5351.8000,5354.2000,5354.4000,5354.6000,5355.0000,5355.4000,2,1,1,1,1,1,2,1,1,2
SF,IC2003,2020-01-03 14:00:45.900,5353.2000,53498,1,9352343800.000,1,1,0,双开,B,5353.2000,5353.0000,5352.4000,5352.0000,5351.8000,5354.2000,5354.4000,5354.6000,5355.0000,5355.4000,1,1,1,1,1,1,2,1,1,1
SF,IC2003,2020-01-03 14:00:46.400,5353.2000,53498,0,9352343800.000,0,-,-,-,-,5353.2000,5353.0000,5352.4000,5352.0000,5351.8000,5354.4000,5355.4000,5355.6000,5355.8000,5356.0000,1,1,1,1,1,2,1,1,2,2
SF,IC2003,2020-01-03 14:00:46.900,5354.4000,53497,-1,9354485560.000,2,0,2,空平,B,5353.4000,5353.2000,5353.0000,5352.4000,5352.0000,5355.4000,5355.6000,5356.0000,5356.4000,5356.6000,1,1,1,1,1,1,1,2,3,5
SF,IC2003,2020-01-03 14:00:47.400,5354.4000,53497,0,9354485560.000,0,-,-,-,-,5353.8000,5353.6000,5353.4000,5353.0000,5352.4000,5356.0000,5356.4000,5356.6000,5357.0000,5358.0000,1,5,1,1,1,2,3,5,1,16
SF,IC2003,2020-01-03 14:00:47.900,5354.4000,53497,0,9354485560.000,0,-,-,-,-,5354.0000,5353.8000,5353.6000,5353.4000,5353.0000,5355.8000,5356.0000,5356.4000,5356.6000,5357.0000,2,1,1,1,1,2,2,3,5,1
SF,IC2003,2020-01-03 14:00:48.400,5354.4000,53497,0,9354485560.000,0,-,-,-,-,5354.0000,5353.8000,5353.6000,5353.4000,5353.0000,5355.0000,5355.6000,5355.8000,5356.0000,5356.4000,2,1,1,1,1,1,1,2,2,3
SF,IC2003,2020-01-03 14:00:48.900,5354.4000,53497,0,9354485560.000,0,-,-,-,-,5354.4000,5354.2000,5354.0000,5353.0000,5352.4000,5355.0000,5355.6000,5356.0000,5356.4000,5356.6000,1,1,2,1,1,1,1,2,3,5
SF,IC2003,2020-01-03 14:00:49.400,5354.4000,53497,0,9354485560.000,0,-,-,-,-,5354.6000,5354.4000,5354.2000,5353.0000,5352.4000,5355.0000,5356.0000,5356.4000,5356.6000,5357.0000,2,1,1,1,1,1,2,3,5,1
SF,IC2003,2020-01-03 14:00:50.400,5354.6000,53497,0,9355556480.000,1,0,1,空换,B,5354.6000,5354.4000,5354.2000,5353.0000,5352.4000,5355.0000,5356.0000,5356.4000,5356.6000,5357.0000,1,1,1,1,1,1,2,3,5,1
SF,IC2003,2020-01-03 14:00:50.900,5354.6000,53497,0,9356627400.000,1,0,1,空换,B,5354.4000,5354.2000,5353.0000,5352.4000,5352.0000,5355.0000,5356.0000,5356.4000,5356.6000,5357.0000,1,1,1,1,1,1,2,3,5,1
SF,IC2003,2020-01-03 14:00:51.400,5354.6000,53497,0,9356627400.000,0,-,-,-,-,5354.2000,5353.0000,5352.4000,5352.0000,5351.8000,5355.0000,5356.0000,5356.2000,5356.4000,5356.6000,1,1,1,1,1,1,2,1,3,5
SF,IC2003,2020-01-03 14:00:51.900,5354.6000,53497,0,9356627400.000,0,-,-,-,-,5353.0000,5352.4000,5352.0000,5351.8000,5351.2000,5355.0000,5356.0000,5356.2000,5356.4000,5356.6000,1,1,1,1,2,1,2,1,3,5
SF,IC2003,2020-01-03 14:00:52.400,5354.6000,53497,0,9356627400.000,0,-,-,-,-,5353.4000,5353.2000,5353.0000,5352.4000,5352.0000,5354.8000,5355.0000,5356.0000,5356.2000,5356.4000,1,7,1,1,1,2,1,2,1,3
SF,IC2003,2020-01-03 14:00:52.900,5354.6000,53497,0,9356627400.000,0,-,-,-,-,5353.6000,5353.4000,5353.2000,5353.0000,5352.4000,5354.6000,5355.0000,5356.0000,5356.2000,5356.4000,2,1,3,1,1,2,1,2,1,3
SF,IC2003,2020-01-03 14:00:53.400,5354.6000,53497,0,9356627400.000,0,-,-,-,-,5353.8000,5353.6000,5353.4000,5353.2000,5353.0000,5354.6000,5355.0000,5356.0000,5356.2000,5356.4000,1,3,1,2,1,2,1,2,1,3
SF,IC2003,2020-01-03 14:00:53.900,5354.6000,53497,0,9356627400.000,0,-,-,-,-,5353.8000,5353.6000,5353.4000,5353.2000,5353.0000,5354.0000,5354.6000,5354.8000,5355.0000,5355.8000,1,3,1,2,1,4,2,1,1,1
SF,IC2003,2020-01-03 14:00:54.900,5353.8000,53496,-1,9357698160.000,1,0,1,双平,B,5353.6000,5353.4000,5353.2000,5353.0000,5352.4000,5354.0000,5354.6000,5354.8000,5355.0000,5355.8000,2,1,2,1,1,4,2,1,1,1
SF,IC2003,2020-01-03 14:00:55.900,5353.6000,53497,1,9358768880.000,1,1,0,双开,B,5353.6000,5353.4000,5353.2000,5353.0000,5352.4000,5354.0000,5354.6000,5354.8000,5355.0000,5355.8000,1,1,2,1,1,4,2,1,1,1
SF,IC2003,2020-01-03 14:00:56.400,5353.6000,53498,1,9359839600.000,1,1,0,双开,B,5353.4000,5353.2000,5353.0000,5352.4000,5352.0000,5354.0000,5354.6000,5354.8000,5355.0000,5355.8000,1,2,1,1,1,4,2,1,1,1
SF,IC2003,2020-01-03 14:00:56.900,5353.6000,53498,0,9359839600.000,0,-,-,-,-,5353.2000,5353.0000,5352.4000,5352.0000,5351.8000,5353.6000,5354.0000,5354.6000,5354.8000,5355.0000,2,1,1,1,1,1,4,2,1,1
SF,IC2003,2020-01-03 14:00:58.900,5353.6000,53498,0,9359839600.000,0,-,-,-,-,5353.2000,5353.0000,5352.4000,5352.0000,5351.8000,5353.6000,5354.0000,5354.6000,5354.8000,5355.0000,1,1,1,1,1,1,4,2,1,1
SF,IC2003,2020-01-03 14:00:59.900,5353.2000,53498,0,9360910240.000,1,0,1,空换,B,5353.0000,5352.4000,5352.0000,5351.8000,5351.2000,5353.2000,5353.6000,5354.0000,5354.6000,5354.8000,1,1,1,1,2,4,1,4,2,1
SF,IC2003,2020-01-03 14:01:00.400,5353.0000,53498,0,9361980840.000,1,0,1,空换,B,5352.4000,5352.0000,5351.8000,5351.2000,5350.6000,5353.0000,5353.6000,5354.0000,5354.6000,5354.8000,1,1,1,2,1,8,1,4,2,1
SF,IC2003,2020-01-03 14:01:00.900,5352.4000,53498,0,9363051320.000,1,0,1,空换,B,5352.0000,5351.8000,5351.2000,5350.6000,5350.2000,5352.4000,5353.0000,5353.6000,5354.0000,5354.6000,1,1,2,1,1,3,2,1,4,2
SF,IC2003,2020-01-03 14:01:01.400,5352.4000,53498,0,9363051320.000,0,-,-,-,-,5352.0000,5351.8000,5351.2000,5350.6000,5350.2000,5353.0000,5353.6000,5354.0000,5354.6000,5354.8000,1,1,2,1,1,2,1,4,2,1
SF,IC2003,2020-01-03 14:01:01.900,5352.8000,53498,0,9365192440.000,2,1,1,空换,B,5352.0000,5351.8000,5351.2000,5350.6000,5350.2000,5353.0000,5353.6000,5354.0000,5354.6000,5354.8000,1,1,2,1,1,2,1,4,2,1
SF,IC2003,2020-01-03 14:01:02.400,5352.8000,53498,0,9365192440.000,0,-,-,-,-,5352.0000,5351.8000,5351.2000,5350.6000,5350.2000,5352.4000,5353.0000,5353.6000,5354.0000,5354.6000,1,1,2,1,1,2,2,1,4,2
SF,IC2003,2020-01-03 14:01:02.900,5352.8000,53498,0,9365192440.000,0,-,-,-,-,5352.0000,5351.8000,5351.2000,5350.6000,5350.2000,5352.2000,5352.4000,5353.0000,5353.6000,5354.0000,1,1,2,1,1,2,2,2,1,4
SF,IC2003,2020-01-03 14:01:03.400,5352.8000,53498,0,9365192440.000,0,-,-,-,-,5352.0000,5351.8000,5351.2000,5350.6000,5350.2000,5352.2000,5352.4000,5353.0000,5353.6000,5354.0000,1,1,2,1,1,2,2,2,1,4
SF,IC2003,2020-01-03 14:01:03.900,5352.8000,53498,0,9365192440.000,0,-,-,-,-,5352.0000,5351.8000,5351.2000,5350.6000,5350.2000,5352.2000,5352.4000,5353.0000,5353.6000,5354.0000,1,1,2,1,1,2,2,2,1,4
SF,IC2003,2020-01-03 14:01:04.400,5352.2000,53497,-1,9367333280.000,2,0,2,空平,B,5351.8000,5351.2000,5350.6000,5350.2000,5350.0000,5352.2000,5352.4000,5353.0000,5353.6000,5354.0000,1,2,1,1,2,1,2,2,1,4
SF,IC2003,2020-01-03 14:01:04.900,5352.2000,53497,0,9367333280.000,0,-,-,-,-,5351.8000,5351.2000,5350.6000,5350.2000,5350.0000,5352.2000,5352.4000,5352.8000,5353.0000,5353.6000,1,2,1,1,2,1,2,4,2,1
SF,IC2003,2020-01-03 14:01:05.400,5352.2000,53497,0,9367333280.000,0,-,-,-,-,5351.8000,5351.2000,5350.6000,5350.2000,5350.0000,5352.2000,5352.4000,5352.8000,5353.0000,5353.6000,1,1,1,1,2,1,2,4,2,1
SF,IC2003,2020-01-03 14:01:05.900,5352.2000,53497,0,9367333280.000,0,-,-,-,-,5351.8000,5351.2000,5350.6000,5350.2000,5350.0000,5352.2000,5352.4000,5352.8000,5353.6000,5354.0000,1,1,1,1,2,1,2,4,1,4
SF,IC2003,2020-01-03 14:01:06.400,5352.2000,53497,0,9367333280.000,0,-,-,-,-,5351.8000,5351.2000,5350.6000,5350.2000,5350.0000,5352.2000,5352.4000,5352.8000,5353.6000,5354.0000,1,1,1,1,2,1,2,4,1,4
SF,IC2003,2020-01-03 14:01:06.900,5352.2000,53497,0,9367333280.000,0,-,-,-,-,5351.8000,5351.2000,5350.6000,5350.2000,5350.0000,5352.0000,5352.4000,5352.8000,5353.6000,5354.0000,1,1,1,1,2,1,2,4,1,4
SF,IC2003,2020-01-03 14:01:09.400,5351.8000,53497,0,9368403640.000,1,0,1,空换,B,5351.2000,5350.6000,5350.2000,5350.0000,5349.0000,5352.0000,5352.4000,5352.8000,5353.6000,5354.0000,1,1,1,2,1,1,2,4,1,4
SF,IC2003,2020-01-03 14:01:10.900,5351.8000,53497,0,9368403640.000,0,-,-,-,-,5351.2000,5350.6000,5350.2000,5350.0000,5349.0000,5351.8000,5352.0000,5352.4000,5352.8000,5353.6000,1,1,1,2,1,1,1,2,4,1
SF,IC2003,2020-01-03 14:01:11.400,5352.0000,53495,-2,9370544400.000,2,0,2,双平,B,5351.2000,5350.6000,5350.2000,5350.0000,5349.0000,5352.4000,5352.8000,5353.6000,5354.0000,5354.8000,1,1,1,2,1,2,4,1,4,1
SF,IC2003,2020-01-03 14:01:11.900,5352.0000,53495,0,9370544400.000,0,-,-,-,-,5351.2000,5350.6000,5350.2000,5350.0000,5349.0000,5352.2000,5352.4000,5352.8000,5353.6000,5354.0000,1,1,1,2,1,2,2,4,1,4
SF,IC2003,2020-01-03 14:01:13.400,5352.0000,53495,0,9370544400.000,0,-,-,-,-,5351.2000,5350.6000,5350.2000,5350.0000,5349.0000,5352.2000,5352.4000,5352.8000,5353.6000,5354.0000,1,1,1,2,1,2,2,4,1,4
SF,IC2003,2020-01-03 14:01:13.900,5352.0000,53495,0,9370544400.000,0,-,-,-,-,5351.2000,5350.6000,5350.2000,5350.0000,5349.0000,5352.2000,5352.4000,5352.8000,5354.0000,5354.8000,1,1,1,2,1,2,2,4,4,1
SF,IC2003,2020-01-03 14:01:14.400,5352.0000,53495,0,9370544400.000,0,-,-,-,-,5351.4000,5351.2000,5350.6000,5350.2000,5350.0000,5352.2000,5352.4000,5352.8000,5354.0000,5354.8000,1,1,1,1,2,2,2,4,4,1
SF,IC2003,2020-01-03 14:01:16.900,5352.0000,53495,0,9370544400.000,0,-,-,-,-,5351.2000,5350.6000,5350.2000,5350.0000,5349.0000,5352.2000,5352.4000,5352.8000,5354.0000,5354.8000,1,1,1,2,1,2,2,4,4,1
SF,IC2003,2020-01-03 14:01:18.900,5352.0000,53495,0,9370544400.000,0,-,-,-,-,5351.2000,5350.6000,5350.2000,5350.0000,5349.0000,5352.2000,5352.4000,5352.8000,5354.0000,5354.8000,1,1,1,2,1,3,2,4,4,1
SF,IC2003,2020-01-03 14:01:19.900,5351.2000,53494,-1,9371614640.000,1,0,1,双平,B,5350.6000,5350.2000,5350.0000,5349.0000,5347.8000,5352.2000,5352.4000,5352.8000,5354.0000,5354.8000,1,1,2,1,1,3,2,4,4,1
SF,IC2003,2020-01-03 14:01:20.400,5351.2000,53494,0,9371614640.000,0,-,-,-,-,5350.8000,5350.6000,5350.2000,5350.0000,5349.0000,5351.2000,5352.2000,5352.4000,5352.8000,5354.0000,1,1,1,2,1,1,3,2,4,4
SF,IC2003,2020-01-03 14:01:20.900,5351.2000,53494,0,9372684880.000,1,0,1,空换,B,5351.2000,5350.8000,5350.6000,5350.2000,5350.0000,5352.2000,5352.4000,5352.8000,5354.0000,5354.8000,1,1,1,1,2,3,2,4,4,1
SF,IC2003,2020-01-03 14:01:22.400,5351.2000,53494,0,9372684880.000,0,-,-,-,-,5351.4000,5351.2000,5350.8000,5350.6000,5350.2000,5352.2000,5352.4000,5352.8000,5354.0000,5354.8000,1,1,1,1,1,3,2,4,4,1
SF,IC2003,2020-01-03 14:01:24.400,5351.2000,53494,0,9372684880.000,0,-,-,-,-,5351.4000,5351.2000,5350.8000,5350.6000,5350.2000,5352.2000,5352.4000,5352.8000,5354.0000,5354.8000,1,1,1,1,1,4,2,4,4,1
SF,IC2003,2020-01-03 14:01:24.900,5351.2000,53494,0,9372684880.000,0,-,-,-,-,5351.6000,5351.4000,5351.2000,5350.8000,5350.6000,5352.2000,5352.4000,5352.8000,5354.0000,5354.8000,1,1,1,1,1,3,2,4,4,1
SF,IC2003,2020-01-03 14:01:25.400,5351.2000,53494,0,9372684880.000,0,-,-,-,-,5351.6000,5351.4000,5351.2000,5350.8000,5350.6000,5352.2000,5352.4000,5352.8000,5354.0000,5354.8000,1,1,1,1,1,1,2,4,4,1
SF,IC2003,2020-01-03 14:01:26.400,5351.2000,53494,0,9372684880.000,0,-,-,-,-,5351.6000,5351.4000,5350.8000,5350.6000,5350.2000,5352.2000,5352.4000,5352.8000,5354.0000,5354.8000,1,1,1,1,1,1,2,4,4,1
SF,IC2003,2020-01-03 14:01:28.400,5351.6000,53493,-1,9373755200.000,1,0,1,双平,B,5351.4000,5350.6000,5350.2000,5350.0000,5349.0000,5352.2000,5352.4000,5352.8000,5354.0000,5354.8000,1,1,1,2,1,1,2,4,4,1
SF,IC2003,2020-01-03 14:01:28.900,5351.6000,53493,0,9373755200.000,0,-,-,-,-,5351.8000,5350.6000,5350.2000,5350.0000,5349.0000,5352.2000,5352.4000,5352.8000,5354.0000,5354.8000,1,1,1,2,1,1,2,4,4,1
SF,IC2003,2020-01-03 14:01:29.400,5351.8000,53493,0,9374825560.000,1,0,1,空换,B,5350.6000,5350.2000,5350.0000,5349.0000,5347.8000,5352.2000,5352.4000,5352.8000,5354.0000,5354.8000,1,1,2,1,1,1,2,4,4,1
SF,IC2003,2020-01-03 14:01:29.900,5351.8000,53493,0,9374825560.000,0,-,-,-,-,5350.8000,5350.6000,5350.2000,5350.0000,5349.0000,5352.0000,5352.2000,5352.4000,5352.8000,5354.0000,1,1,1,2,1,1,1,2,4,4
SF,IC2003,2020-01-03 14:01:30.400,5351.8000,53493,0,9374825560.000,0,-,-,-,-,5351.0000,5350.8000,5350.6000,5350.2000,5350.0000,5352.2000,5352.4000,5352.8000,5354.0000,5354.8000,1,1,1,1,2,1,2,4,4,1
SF,IC2003,2020-01-03 14:01:30.900,5351.8000,53493,0,9374825560.000,0,-,-,-,-,5351.2000,5351.0000,5350.8000,5350.6000,5350.2000,5352.2000,5352.4000,5352.8000,5354.0000,5354.8000,1,1,1,1,1,1,2,4,4,1
SF,IC2003,2020-01-03 14:01:32.400,5352.2000,53492,-1,9375896000.000,1,0,1,双平,B,5352.2000,5351.2000,5351.0000,5350.8000,5350.6000,5352.4000,5352.8000,5354.0000,5354.8000,5356.0000,1,1,1,1,1,2,4,4,1,2
SF,IC2003,2020-01-03 14:01:32.900,5352.2000,53491,-1,9376966440.000,1,0,1,双平,B,5351.2000,5351.0000,5350.8000,5350.6000,5350.2000,5352.4000,5352.8000,5354.0000,5354.8000,5356.0000,1,1,1,1,1,2,4,4,1,2
SF,IC2003,2020-01-03 14:01:33.400,5352.2000,53491,0,9376966440.000,0,-,-,-,-,5351.2000,5351.0000,5350.8000,5350.6000,5350.2000,5352.2000,5352.4000,5352.8000,5354.0000,5354.8000,1,1,1,1,1,1,2,4,4,1
SF,IC2003,2020-01-03 14:01:33.900,5352.2000,53491,0,9376966440.000,0,-,-,-,-,5351.4000,5351.2000,5351.0000,5350.8000,5350.6000,5352.2000,5352.4000,5352.8000,5354.0000,5354.8000,1,1,1,1,1,1,2,4,4,1
SF,IC2003,2020-01-03 14:01:34.400,5352.2000,53491,0,9376966440.000,0,-,-,-,-,5351.4000,5351.2000,5351.0000,5350.8000,5350.6000,5352.2000,5352.4000,5352.8000,5354.0000,5354.8000,1,1,1,1,1,1,2,4,4,1
SF,IC2003,2020-01-03 14:01:34.900,5352.2000,53491,0,9376966440.000,0,-,-,-,-,5351.4000,5351.2000,5351.0000,5350.8000,5350.6000,5352.2000,5352.4000,5352.8000,5354.0000,5354.6000,1,1,1,1,1,1,2,4,4,1
SF,IC2003,2020-01-03 14:01:35.900,5352.2000,53491,0,9376966440.000,0,-,-,-,-,5351.4000,5351.0000,5350.8000,5350.6000,5350.2000,5352.2000,5352.4000,5352.8000,5354.0000,5354.6000,1,1,1,1,1,1,2,4,4,1
SF,IC2003,2020-01-03 14:01:37.900,5352.2000,53491,0,9376966440.000,0,-,-,-,-,5351.0000,5350.8000,5350.6000,5350.2000,5350.0000,5352.2000,5352.4000,5352.8000,5354.0000,5354.6000,1,1,1,1,2,1,2,4,4,1
SF,IC2003,2020-01-03 14:01:39.400,5352.2000,53491,0,9376966440.000,0,-,-,-,-,5351.0000,5350.8000,5350.6000,5350.2000,5350.0000,5351.4000,5352.2000,5352.4000,5352.8000,5354.0000,1,1,1,1,2,1,1,2,4,4
SF,IC2003,2020-01-03 14:01:40.400,5352.2000,53491,0,9376966440.000,0,-,-,-,-,5351.0000,5350.6000,5350.2000,5350.0000,5349.0000,5351.4000,5352.2000,5352.4000,5352.8000,5354.0000,1,1,1,2,1,1,1,2,4,4
SF,IC2003,2020-01-03 14:01:40.900,5351.0000,53491,0,9378036640.000,1,0,1,空换,B,5350.6000,5350.2000,5350.0000,5349.0000,5347.8000,5351.4000,5352.2000,5352.4000,5352.8000,5354.0000,1,1,2,1,1,1,1,2,4,4
SF,IC2003,2020-01-03 14:01:42.400,5351.0000,53491,0,9378036640.000,0,-,-,-,-,5350.8000,5350.6000,5350.2000,5350.0000,5349.0000,5351.4000,5352.2000,5352.4000,5352.8000,5354.0000,1,1,1,2,1,1,1,2,4,4
SF,IC2003,2020-01-03 14:01:42.900,5350.8000,53490,-1,9379106800.000,1,0,1,双平,B,5350.6000,5350.2000,5350.0000,5349.0000,5347.8000,5350.8000,5351.4000,5352.2000,5352.4000,5352.8000,1,1,2,1,1,1,1,1,2,4
SF,IC2003,2020-01-03 14:01:43.400,5350.6000,53491,1,9380176920.000,1,1,0,双开,B,5350.2000,5350.0000,5349.0000,5347.8000,5347.4000,5350.8000,5351.4000,5352.2000,5352.4000,5352.8000,1,2,1,1,3,1,1,1,2,4
SF,IC2003,2020-01-03 14:01:48.900,5350.0000,53491,0,9383386960.000,3,1,2,空换,B,5349.0000,5347.8000,5347.4000,5347.0000,5346.2000,5350.0000,5350.8000,5351.4000,5352.2000,5352.4000,1,1,3,1,1,1,1,1,1,2
SF,IC2003,2020-01-03 14:01:49.400,5350.0000,53491,0,9383386960.000,0,-,-,-,-,5349.6000,5349.4000,5349.0000,5347.8000,5347.4000,5350.0000,5351.4000,5352.2000,5352.4000,5352.8000,1,1,1,1,3,1,1,1,2,4
SF,IC2003,2020-01-03 14:01:49.900,5350.0000,53491,0,9383386960.000,0,-,-,-,-,5349.0000,5347.8000,5347.4000,5347.0000,5346.2000,5350.0000,5352.2000,5352.4000,5352.8000,5354.0000,1,1,3,1,1,1,1,2,4,4
SF,IC2003,2020-01-03 14:01:50.400,5350.0000,53491,0,9383386960.000,0,-,-,-,-,5349.0000,5347.8000,5347.4000,5347.0000,5346.2000,5349.8000,5350.0000,5352.2000,5352.4000,5352.8000,1,1,3,1,1,1,1,1,2,4
SF,IC2003,2020-01-03 14:01:50.900,5350.0000,53491,0,9384456960.000,1,0,1,空换,B,5349.0000,5347.8000,5347.4000,5347.0000,5346.2000,5350.0000,5352.2000,5352.4000,5352.8000,5354.0000,1,1,3,1,1,1,1,2,4,4
SF,IC2003,2020-01-03 14:01:51.400,5349.0000,53491,0,9385526760.000,1,0,1,空换,B,5349.2000,5347.8000,5347.4000,5347.0000,5346.2000,5350.0000,5352.2000,5352.4000,5352.8000,5354.0000,1,1,3,1,1,1,1,2,4,4
SF,IC2003,2020-01-03 14:01:54.400,5349.0000,53491,0,9385526760.000,0,-,-,-,-,5349.2000,5347.8000,5347.4000,5347.0000,5346.2000,5350.0000,5352.2000,5352.4000,5352.8000,5354.0000,1,1,2,1,1,1,1,2,4,4
SF,IC2003,2020-01-03 14:01:55.900,5349.0000,53491,0,9385526760.000,0,-,-,-,-,5347.8000,5347.4000,5347.0000,5346.2000,5346.0000,5350.0000,5352.2000,5352.4000,5352.8000,5354.0000,1,2,1,1,2,1,1,2,4,4
SF,IC2003,2020-01-03 14:01:56.400,5349.0000,53491,0,9385526760.000,0,-,-,-,-,5349.0000,5348.8000,5348.4000,5348.2000,5348.0000,5349.4000,5349.8000,5350.0000,5352.4000,5352.8000,1,2,2,3,2,1,2,1,2,4
SF,IC2003,2020-01-03 14:01:56.900,5349.4000,53492,1,9386596640.000,1,1,0,双开,B,5349.0000,5348.8000,5348.4000,5348.2000,5348.0000,5350.0000,5352.4000,5352.8000,5354.0000,5354.6000,1,2,2,1,2,1,2,4,4,1
SF,IC2003,2020-01-03 14:01:57.400,5349.4000,53492,0,9386596640.000,0,-,-,-,-,5349.0000,5348.8000,5348.4000,5348.2000,5348.0000,5350.0000,5352.4000,5352.8000,5354.0000,5354.6000,1,2,2,1,2,1,2,4,4,1
SF,IC2003,2020-01-03 14:01:57.900,5349.4000,53492,0,9386596640.000,0,-,-,-,-,5349.2000,5349.0000,5348.8000,5348.4000,5348.2000,5350.0000,5352.4000,5352.8000,5354.0000,5354.6000,1,1,2,2,1,1,2,4,4,1
SF,IC2003,2020-01-03 14:01:58.400,5349.4000,53492,0,9386596640.000,0,-,-,-,-,5349.2000,5349.0000,5348.8000,5348.4000,5348.2000,5350.0000,5352.4000,5352.8000,5354.0000,5354.6000,1,1,2,2,1,1,2,4,4,1
SF,IC2003,2020-01-03 14:01:58.900,5350.0000,53492,0,9388736640.000,2,1,1,空换,B,5350.0000,5349.2000,5349.0000,5348.8000,5348.4000,5352.4000,5352.8000,5354.0000,5354.6000,5355.0000,2,1,1,2,2,2,4,4,1,1
SF,IC2003,2020-01-03 14:01:59.400,5350.0000,53492,0,9389806640.000,1,0,1,空换,B,5350.0000,5349.2000,5349.0000,5348.8000,5348.4000,5351.4000,5352.2000,5352.4000,5352.8000,5354.0000,1,2,1,1,2,1,2,2,4,4
SF,IC2003,2020-01-03 14:01:59.900,5350.0000,53492,0,9389806640.000,0,-,-,-,-,5350.0000,5349.2000,5349.0000,5348.4000,5348.2000,5351.2000,5351.4000,5352.2000,5352.4000,5352.8000,1,2,1,1,1,2,1,1,2,4
SF,IC2003,2020-01-03 14:02:00.400,5350.0000,53492,0,9389806640.000,0,-,-,-,-,5350.0000,5349.2000,5349.0000,5348.4000,5348.2000,5350.6000,5351.2000,5351.4000,5352.2000,5352.4000,1,2,1,1,1,1,2,1,1,2
SF,IC2003,2020-01-03 14:02:00.900,5350.0000,53492,0,9390876640.000,1,0,1,空换,B,5349.2000,5349.0000,5348.4000,5348.2000,5348.0000,5351.2000,5351.4000,5352.2000,5352.4000,5352.8000,2,1,1,1,2,2,1,1,2,4
SF,IC2003,2020-01-03 14:02:01.400,5350.0000,53492,0,9390876640.000,0,-,-,-,-,5349.4000,5349.2000,5349.0000,5348.4000,5348.2000,5351.2000,5351.4000,5352.2000,5352.4000,5352.8000,2,2,1,1,1,2,1,1,2,4
SF,IC2003,2020-01-03 14:02:01.900,5350.0000,53492,0,9390876640.000,0,-,-,-,-,5349.4000,5349.2000,5349.0000,5348.4000,5348.2000,5351.2000,5351.4000,5352.2000,5352.4000,5352.8000,1,1,1,1,1,2,1,1,2,4
SF,IC2003,2020-01-03 14:02:02.400,5350.0000,53492,0,9390876640.000,0,-,-,-,-,5349.8000,5349.6000,5349.4000,5349.2000,5349.0000,5351.2000,5351.4000,5352.4000,5352.8000,5354.0000,3,1,1,1,1,2,1,2,4,4
SF,IC2003,2020-01-03 14:02:02.900,5350.0000,53493,1,9391946640.000,1,1,0,双开,B,5349.8000,5349.6000,5349.4000,5349.2000,5349.0000,5351.4000,5352.4000,5352.8000,5354.0000,5354.6000,1,1,1,1,1,1,2,4,4,1
SF,IC2003,2020-01-03 14:02:03.400,5350.0000,53493,0,9391946640.000,0,-,-,-,-,5350.0000,5349.8000,5349.6000,5349.4000,5349.2000,5351.4000,5352.4000,5352.8000,5354.0000,5354.6000,1,1,1,1,1,1,2,4,4,1
SF,IC2003,2020-01-03 14:02:03.900,5350.0000,53493,0,9391946640.000,0,-,-,-,-,5350.0000,5349.8000,5349.6000,5349.4000,5349.2000,5351.4000,5352.4000,5352.8000,5354.0000,5354.6000,1,1,1,1,1,1,2,4,4,1
SF,IC2003,2020-01-03 14:02:04.400,5350.0000,53493,0,9391946640.000,0,-,-,-,-,5351.2000,5350.0000,5349.8000,5349.6000,5349.4000,5351.4000,5352.4000,5352.8000,5354.0000,5354.6000,1,1,1,1,1,1,2,4,4,1
SF,IC2003,2020-01-03 14:02:04.900,5351.2000,53493,0,9394087120.000,2,1,1,空换,B,5349.8000,5349.6000,5349.2000,5349.0000,5348.4000,5350.6000,5351.0000,5351.2000,5351.4000,5352.4000,1,1,1,1,1,1,1,8,1,2
SF,IC2003,2020-01-03 14:02:05.400,5349.8000,53492,-1,9395157080.000,1,0,1,双平,B,5349.6000,5349.2000,5349.0000,5348.4000,5348.2000,5350.4000,5351.2000,5351.4000,5352.4000,5352.8000,1,1,1,1,1,1,4,1,2,4
SF,IC2003,2020-01-03 14:02:05.900,5349.6000,53492,0,9396227000.000,1,0,1,空换,B,5349.2000,5349.0000,5348.4000,5348.2000,5348.0000,5351.2000,5351.4000,5352.4000,5352.8000,5354.0000,1,1,1,1,2,4,1,2,4,4
SF,IC2003,2020-01-03 14:02:06.400,5349.6000,53492,0,9396227000.000,0,-,-,-,-,5349.4000,5349.2000,5349.0000,5348.4000,5348.2000,5351.2000,5351.4000,5352.4000,5352.8000,5354.0000,2,1,1,1,1,4,1,2,4,4
SF,IC2003,2020-01-03 14:02:07.400,5349.6000,53492,0,9396227000.000,0,-,-,-,-,5349.6000,5349.4000,5349.2000,5349.0000,5348.4000,5351.2000,5351.4000,5352.4000,5352.8000,5354.0000,1,1,1,1,1,4,1,2,4,4
SF,IC2003,2020-01-03 14:02:08.400,5349.6000,53492,0,9397296920.000,1,0,1,空换,B,5349.4000,5349.2000,5349.0000,5348.4000,5348.2000,5351.2000,5351.4000,5352.4000,5352.8000,5354.0000,1,1,1,1,1,4,1,2,4,4
SF,IC2003,2020-01-03 14:02:09.400,5349.6000,53492,0,9397296920.000,0,-,-,-,-,5349.8000,5349.6000,5349.4000,5349.2000,5349.0000,5351.2000,5351.4000,5352.4000,5352.8000,5354.0000,2,1,1,1,1,4,1,2,4,4
SF,IC2003,2020-01-03 14:02:09.900,5349.6000,53492,0,9397296920.000,0,-,-,-,-,5349.6000,5349.4000,5349.2000,5349.0000,5348.4000,5351.2000,5351.4000,5352.4000,5352.8000,5354.0000,2,1,1,1,1,3,1,2,4,4
SF,IC2003,2020-01-03 14:02:10.400,5349.6000,53492,0,9397296920.000,0,-,-,-,-,5350.0000,5349.6000,5349.2000,5349.0000,5348.4000,5351.2000,5352.4000,5352.8000,5354.0000,5354.6000,1,2,1,1,1,3,2,4,4,1
SF,IC2003,2020-01-03 14:02:10.900,5349.6000,53492,0,9397296920.000,0,-,-,-,-,5350.0000,5349.6000,5349.2000,5349.0000,5348.4000,5352.4000,5352.8000,5354.0000,5354.6000,5355.0000,1,2,1,1,1,2,4,4,1,1
SF,IC2003,2020-01-03 14:02:11.400,5349.6000,53492,0,9397296920.000,0,-,-,-,-,5350.4000,5350.2000,5350.0000,5349.6000,5349.2000,5352.2000,5352.4000,5352.8000,5354.0000,5354.6000,2,1,1,2,1,1,2,4,4,1
SF,IC2003,2020-01-03 14:02:11.900,5349.6000,53492,0,9397296920.000,0,-,-,-,-,5350.8000,5350.2000,5350.0000,5349.6000,5349.2000,5352.2000,5352.4000,5352.8000,5354.0000,5354.6000,2,1,1,2,1,1,2,4,4,1
SF,IC2003,2020-01-03 14:02:12.400,5349.6000,53492,0,9397296920.000,0,-,-,-,-,5350.2000,5349.8000,5349.6000,5349.2000,5349.0000,5352.2000,5352.4000,5352.8000,5354.0000,5354.6000,1,1,2,1,1,1,2,4,4,1
SF,IC2003,2020-01-03 14:02:12.900,5349.6000,53492,0,9397296920.000,0,-,-,-,-,5350.4000,5350.2000,5349.8000,5349.6000,5349.2000,5352.2000,5352.4000,5352.8000,5354.0000,5354.6000,3,1,1,2,1,1,2,4,4,1
SF,IC2003,2020-01-03 14:02:13.400,5349.6000,53492,0,9397296920.000,0,-,-,-,-,5350.8000,5350.4000,5350.2000,5349.8000,5349.6000,5352.4000,5352.8000,5354.0000,5354.6000,5355.0000,2,1,1,1,1,2,4,4,1,1
SF,IC2003,2020-01-03 14:02:13.900,5349.6000,53492,0,9397296920.000,0,-,-,-,-,5350.4000,5350.2000,5349.8000,5349.6000,5349.2000,5352.4000,5352.8000,5354.0000,5354.6000,5355.0000,1,1,1,1,1,2,4,4,1,1
SF,IC2003,2020-01-03 14:02:14.400,5349.6000,53492,0,9397296920.000,0,-,-,-,-,5350.6000,5350.4000,5349.8000,5349.2000,5349.0000,5352.4000,5352.8000,5354.0000,5354.6000,5355.0000,3,1,1,1,1,2,4,4,1,1
SF,IC2003,2020-01-03 14:02:14.900,5349.6000,53492,0,9397296920.000,0,-,-,-,-,5351.0000,5350.6000,5349.8000,5349.2000,5349.0000,5352.4000,5352.8000,5354.0000,5354.6000,5355.0000,3,1,1,1,1,2,4,4,1,1
SF,IC2003,2020-01-03 14:02:15.400,5349.6000,53492,0,9397296920.000,0,-,-,-,-,5351.0000,5350.6000,5349.8000,5349.2000,5349.0000,5352.4000,5352.8000,5354.0000,5354.6000,5355.0000,1,1,1,1,1,2,4,4,1,1
SF,IC2003,2020-01-03 14:02:15.900,5349.6000,53492,0,9397296920.000,0,-,-,-,-,5351.0000,5350.6000,5349.8000,5349.0000,5348.4000,5352.4000,5352.8000,5354.0000,5354.6000,5355.0000,1,1,1,1,1,2,4,4,1,1
SF,IC2003,2020-01-03 14:02:18.400,5350.6000,53491,-1,9399437160.000,2,0,2,空平,B,5349.8000,5349.0000,5348.4000,5348.2000,5348.0000,5350.6000,5352.4000,5352.8000,5354.0000,5354.6000,1,1,1,1,1,1,2,4,4,1
SF,IC2003,2020-01-03 14:02:18.900,5350.6000,53490,-1,9400507280.000,1,0,1,双平,B,5350.8000,5350.6000,5350.2000,5350.0000,5349.8000,5352.4000,5352.8000,5354.0000,5354.6000,5355.0000,2,10,1,1,1,2,4,4,1,1
SF,IC2003,2020-01-03 14:02:19.400,5350.6000,53490,0,9400507280.000,0,-,-,-,-,5351.0000,5350.6000,5350.2000,5350.0000,5349.8000,5352.2000,5352.4000,5352.8000,5354.0000,5354.6000,1,3,1,1,1,1,2,4,4,1
SF,IC2003,2020-01-03 14:02:19.900,5350.6000,53490,0,9400507280.000,0,-,-,-,-,5351.0000,5350.8000,5350.6000,5350.2000,5350.0000,5352.2000,5352.4000,5352.8000,5354.0000,5354.6000,1,1,2,1,1,2,2,4,4,1
SF,IC2003,2020-01-03 14:02:20.400,5350.6000,53490,0,9400507280.000,0,-,-,-,-,5351.0000,5350.8000,5350.6000,5350.2000,5350.0000,5352.2000,5352.4000,5352.8000,5354.0000,5354.6000,1,1,2,1,1,2,2,4,4,1
SF,IC2003,2020-01-03 14:02:21.400,5350.6000,53490,0,9400507280.000,0,-,-,-,-,5351.0000,5350.8000,5350.6000,5350.2000,5350.0000,5352.2000,5352.4000,5352.8000,5354.0000,5354.6000,1,1,2,1,1,2,2,4,4,1
SF,IC2003,2020-01-03 14:02:21.900,5350.6000,53490,0,9400507280.000,0,-,-,-,-,5350.6000,5350.2000,5350.0000,5349.8000,5348.2000,5351.0000,5352.2000,5352.4000,5352.8000,5354.0000,2,1,1,1,1,1,2,2,4,4
SF,IC2003,2020-01-03 14:02:22.400,5351.0000,53490,0,9401577480.000,1,0,1,空换,B,5351.6000,5351.4000,5351.0000,5350.8000,5350.6000,5352.2000,5352.4000,5352.8000,5354.0000,5354.6000,4,1,7,1,1,2,2,4,4,1
SF,IC2003,2020-01-03 14:02:22.900,5352.4000,53487,-3,9405859320.000,4,0,4,空平,B,5352.2000,5351.8000,5351.0000,5350.2000,5350.0000,5352.8000,5354.0000,5354.6000,5355.0000,5355.2000,1,2,3,1,1,4,4,1,1,9
SF,IC2003,2020-01-03 14:02:23.400,5352.8000,53485,-2,9410141560.000,4,1,3,空平,B,5352.8000,5351.8000,5351.0000,5350.2000,5350.0000,5354.0000,5354.6000,5355.0000,5355.2000,5356.0000,1,1,4,1,1,4,1,1,9,2
SF,IC2003,2020-01-03 14:02:23.900,5352.8000,53485,0,9410141560.000,0,-,-,-,-,5351.8000,5351.0000,5350.2000,5350.0000,5349.8000,5354.0000,5354.6000,5355.0000,5355.2000,5356.0000,1,4,1,1,1,4,1,1,9,2
SF,IC2003,2020-01-03 14:02:24.400,5352.8000,53485,0,9410141560.000,0,-,-,-,-,5352.2000,5352.0000,5351.8000,5351.0000,5350.2000,5354.0000,5354.6000,5355.0000,5355.2000,5356.0000,3,1,1,4,1,4,1,1,9,2
SF,IC2003,2020-01-03 14:02:24.900,5352.8000,53485,0,9410141560.000,0,-,-,-,-,5352.6000,5352.2000,5352.0000,5351.8000,5351.0000,5354.0000,5354.6000,5355.0000,5355.2000,5356.0000,2,1,1,1,4,4,1,1,9,2
SF,IC2003,2020-01-03 14:02:25.400,5352.8000,53485,0,9410141560.000,0,-,-,-,-,5352.2000,5352.0000,5351.8000,5351.0000,5350.2000,5354.0000,5354.6000,5355.0000,5355.2000,5356.0000,1,1,1,4,1,4,1,1,9,2
SF,IC2003,2020-01-03 14:02:25.900,5352.8000,53485,0,9410141560.000,0,-,-,-,-,5352.6000,5352.2000,5351.8000,5351.0000,5350.2000,5353.8000,5354.0000,5354.6000,5355.0000,5355.2000,2,1,1,4,1,1,4,1,1,9
SF,IC2003,2020-01-03 14:02:26.400,5352.8000,53485,0,9410141560.000,0,-,-,-,-,5352.2000,5351.8000,5351.0000,5350.2000,5350.0000,5353.8000,5354.0000,5354.6000,5355.0000,5355.2000,1,1,4,1,1,1,4,1,1,9
SF,IC2003,2020-01-03 14:02:27.400,5352.8000,53485,0,9410141560.000,0,-,-,-,-,5351.8000,5351.0000,5350.2000,5350.0000,5349.8000,5353.6000,5353.8000,5354.0000,5354.6000,5355.0000,1,4,1,1,1,1,1,4,1,1
SF,IC2003,2020-01-03 14:02:30.400,5352.8000,53485,0,9410141560.000,0,-,-,-,-,5352.2000,5351.8000,5351.0000,5350.2000,5350.0000,5353.4000,5353.6000,5353.8000,5354.0000,5354.6000,1,1,3,1,1,1,1,1,4,1
SF,IC2003,2020-01-03 14:02:30.900,5352.8000,53485,0,9410141560.000,0,-,-,-,-,5351.8000,5351.0000,5350.2000,5350.0000,5349.8000,5353.4000,5353.6000,5353.8000,5354.0000,5354.6000,1,3,1,1,1,1,1,1,4,1
SF,IC2003,2020-01-03 14:02:32.400,5352.8000,53485,0,9410141560.000,0,-,-,-,-,5351.8000,5351.0000,5350.2000,5350.0000,5349.8000,5353.4000,5353.6000,5353.8000,5354.0000,5354.6000,1,2,1,1,1,1,1,1,4,1
SF,IC2003,2020-01-03 14:02:32.900,5352.8000,53485,0,9410141560.000,0,-,-,-,-,5351.0000,5350.2000,5350.0000,5349.8000,5347.4000,5353.4000,5353.6000,5353.8000,5354.0000,5354.6000,2,1,1,1,2,1,1,1,4,1
SF,IC2003,2020-01-03 14:02:33.400,5352.8000,53485,0,9410141560.000,0,-,-,-,-,5351.4000,5351.2000,5351.0000,5350.2000,5350.0000,5353.4000,5353.6000,5353.8000,5354.0000,5354.6000,2,1,2,1,1,1,1,1,4,1
SF,IC2003,2020-01-03 14:02:33.900,5352.8000,53485,0,9410141560.000,0,-,-,-,-,5352.2000,5351.2000,5351.0000,5350.2000,5350.0000,5353.4000,5353.6000,5353.8000,5354.0000,5354.6000,1,1,2,1,1,1,1,1,4,1
SF,IC2003,2020-01-03 14:02:34.400,5352.8000,53485,0,9410141560.000,0,-,-,-,-,5352.2000,5351.0000,5350.2000,5350.0000,5349.8000,5352.4000,5353.4000,5353.6000,5353.8000,5354.0000,1,1,1,1,1,1,1,1,1,4
SF,IC2003,2020-01-03 14:02:34.900,5352.2000,53485,0,9411212000.000,1,0,1,空换,B,5351.0000,5350.2000,5350.0000,5349.8000,5347.4000,5352.2000,5353.4000,5353.8000,5354.0000,5354.6000,1,1,1,1,2,4,1,1,4,1
SF,IC2003,2020-01-03 14:02:37.900,5352.2000,53485,0,9411212000.000,0,-,-,-,-,5351.0000,5350.2000,5349.8000,5347.4000,5347.0000,5351.4000,5352.2000,5353.4000,5353.8000,5354.0000,1,1,1,2,1,4,4,1,1,4
SF,IC2003,2020-01-03 14:02:38.400,5351.4000,53485,0,9412282280.000,1,0,1,空换,B,5350.2000,5349.8000,5347.4000,5347.0000,5346.2000,5351.4000,5352.2000,5353.4000,5353.8000,5354.0000,1,1,2,1,1,3,4,1,1,4
SF,IC2003,2020-01-03 14:02:38.900,5351.4000,53485,0,9412282280.000,0,-,-,-,-,5350.4000,5350.2000,5349.8000,5347.4000,5347.0000,5351.4000,5352.2000,5353.4000,5353.8000,5354.0000,1,1,1,2,1,3,4,1,1,4
SF,IC2003,2020-01-03 14:02:40.900,5351.4000,53485,0,9412282280.000,0,-,-,-,-,5350.4000,5350.2000,5349.8000,5347.4000,5347.0000,5351.4000,5352.2000,5353.4000,5353.8000,5354.0000,1,1,1,2,1,3,2,1,1,4
SF,IC2003,2020-01-03 14:02:41.400,5351.4000,53485,0,9412282280.000,0,-,-,-,-,5350.8000,5350.4000,5350.2000,5349.8000,5347.4000,5351.4000,5353.4000,5353.8000,5354.0000,5354.6000,1,1,1,1,2,3,1,1,4,1
SF,IC2003,2020-01-03 14:02:43.400,5351.4000,53484,-1,9413352560.000,1,0,1,双平,B,5350.4000,5350.2000,5349.8000,5347.4000,5347.0000,5351.4000,5353.4000,5353.8000,5354.0000,5355.0000,1,1,1,2,1,2,1,1,4,1
SF,IC2003,2020-01-03 14:02:44.900,5351.4000,53484,0,9413352560.000,0,-,-,-,-,5350.4000,5349.8000,5347.4000,5347.0000,5346.2000,5351.4000,5353.4000,5353.8000,5354.0000,5355.0000,1,1,2,1,1,2,1,1,4,1
SF,IC2003,2020-01-03 14:02:45.400,5351.4000,53484,0,9413352560.000,0,-,-,-,-,5349.8000,5347.4000,5347.0000,5346.2000,5346.0000,5351.2000,5351.4000,5353.4000,5353.8000,5354.0000,1,2,1,1,2,2,2,1,1,4
SF,IC2003,2020-01-03 14:02:45.900,5351.4000,53484,0,9413352560.000,0,-,-,-,-,5350.8000,5350.6000,5350.2000,5350.0000,5349.8000,5351.4000,5353.4000,5353.8000,5354.0000,5355.0000,1,1,1,3,1,2,1,1,4,1
SF,IC2003,2020-01-03 14:02:46.400,5351.4000,53484,0,9413352560.000,0,-,-,-,-,5350.2000,5350.0000,5349.8000,5347.4000,5347.0000,5351.4000,5353.4000,5353.8000,5354.0000,5355.0000,1,3,1,2,1,2,1,1,4,1
SF,IC2003,2020-01-03 14:02:46.900,5351.4000,53484,0,9414422840.000,1,0,1,空换,B,5350.4000,5350.2000,5350.0000,5349.8000,5347.4000,5351.4000,5353.4000,5353.8000,5354.0000,5355.0000,2,1,1,1,2,1,1,1,4,1
SF,IC2003,2020-01-03 14:02:47.900,5351.4000,53484,0,9414422840.000,0,-,-,-,-,5350.6000,5350.4000,5350.2000,5350.0000,5349.8000,5351.4000,5353.4000,5353.8000,5354.0000,5355.0000,1,2,1,1,1,1,1,1,4,1
SF,IC2003,2020-01-03 14:02:48.900,5351.4000,53484,0,9414422840.000,0,-,-,-,-,5350.4000,5350.2000,5350.0000,5349.8000,5347.4000,5351.4000,5353.4000,5353.8000,5354.0000,5355.0000,2,1,1,1,2,1,1,1,4,1
SF,IC2003,2020-01-03 14:02:49.400,5351.4000,53483,-1,9415493120.000,1,0,1,双平,B,5350.2000,5349.8000,5347.4000,5347.0000,5346.2000,5353.4000,5353.8000,5354.0000,5355.0000,5355.2000,1,1,2,1,1,1,1,4,1,9
SF,IC2003,2020-01-03 14:02:49.900,5351.4000,53483,0,9415493120.000,0,-,-,-,-,5350.6000,5350.4000,5349.8000,5347.4000,5347.0000,5352.4000,5352.8000,5353.0000,5353.2000,5353.4000,1,4,1,2,1,1,1,1,5,1
SF,IC2003,2020-01-03 14:02:50.400,5351.4000,53483,0,9415493120.000,0,-,-,-,-,5350.6000,5350.4000,5349.8000,5347.4000,5347.0000,5352.4000,5352.8000,5353.0000,5353.2000,5353.4000,1,2,1,2,1,1,1,1,4,1
SF,IC2003,2020-01-03 14:02:50.900,5351.4000,53483,0,9415493120.000,0,-,-,-,-,5350.8000,5350.6000,5349.8000,5347.4000,5347.0000,5352.2000,5352.4000,5352.8000,5353.0000,5353.2000,2,1,1,2,1,2,1,1,1,2
SF,IC2003,2020-01-03 14:02:51.400,5351.4000,53483,0,9415493120.000,0,-,-,-,-,5350.8000,5350.6000,5349.8000,5347.4000,5347.0000,5352.2000,5352.4000,5352.8000,5353.0000,5353.2000,1,1,1,2,1,2,1,1,1,2
SF,IC2003,2020-01-03 14:02:52.400,5351.4000,53483,0,9415493120.000,0,-,-,-,-,5351.0000,5350.6000,5349.8000,5347.4000,5347.0000,5352.2000,5352.4000,5352.8000,5353.2000,5353.4000,2,1,1,2,1,2,1,1,2,1
SF,IC2003,2020-01-03 14:02:53.900,5351.4000,53483,0,9415493120.000,0,-,-,-,-,5351.0000,5350.6000,5349.8000,5347.4000,5347.0000,5352.2000,5352.4000,5353.2000,5353.4000,5353.8000,2,1,1,2,1,2,1,2,1,1
SF,IC2003,2020-01-03 14:02:54.400,5351.4000,53483,0,9415493120.000,0,-,-,-,-,5351.0000,5349.8000,5347.4000,5347.0000,5346.2000,5352.2000,5352.4000,5353.2000,5353.4000,5353.8000,2,1,2,1,1,2,1,2,1,1
SF,IC2003,2020-01-03 14:02:54.900,5351.4000,53483,0,9415493120.000,0,-,-,-,-,5351.0000,5349.8000,5347.4000,5347.0000,5346.2000,5352.2000,5352.4000,5353.2000,5353.8000,5354.0000,2,1,2,1,1,2,1,2,1,4
SF,IC2003,2020-01-03 14:02:55.400,5351.4000,53483,0,9415493120.000,0,-,-,-,-,5351.0000,5349.8000,5347.4000,5347.0000,5346.2000,5352.2000,5353.2000,5353.8000,5354.0000,5355.0000,2,1,2,1,1,2,2,1,4,1
SF,IC2003,2020-01-03 14:02:59.900,5351.4000,53483,0,9415493120.000,0,-,-,-,-,5351.0000,5349.8000,5347.4000,5347.0000,5346.2000,5352.2000,5353.2000,5354.0000,5355.0000,5355.2000,2,1,2,1,1,2,2,4,1,9
SF,IC2003,2020-01-03 14:03:02.400,5351.4000,53483,0,9415493120.000,0,-,-,-,-,5351.0000,5349.8000,5347.4000,5347.0000,5346.2000,5352.2000,5353.2000,5354.0000,5355.0000,5355.2000,1,1,2,1,1,2,2,4,1,9
SF,IC2003,2020-01-03 14:03:02.900,5351.0000,53483,0,9416563320.000,1,0,1,空换,B,5347.4000,5347.0000,5346.2000,5346.0000,5345.6000,5351.4000,5352.2000,5353.2000,5354.0000,5355.0000,2,1,1,2,1,1,2,2,4,1
SF,IC2003,2020-01-03 14:03:03.400,5351.0000,53483,0,9416563320.000,0,-,-,-,-,5349.6000,5349.4000,5349.2000,5348.6000,5348.4000,5351.2000,5353.2000,5354.0000,5355.0000,5355.2000,1,1,1,1,2,2,2,4,1,9
SF,IC2003,2020-01-03 14:03:03.900,5351.0000,53483,0,9416563320.000,0,-,-,-,-,5349.6000,5349.2000,5348.6000,5348.4000,5348.2000,5351.2000,5353.2000,5354.0000,5355.0000,5355.2000,1,1,1,2,1,2,2,4,1,9
SF,IC2003,2020-01-03 14:03:04.400,5351.0000,53483,0,9416563320.000,0,-,-,-,-,5349.8000,5349.6000,5349.2000,5348.6000,5348.4000,5351.2000,5353.2000,5354.0000,5355.0000,5355.2000,2,1,1,1,2,2,2,4,1,9
SF,IC2003,2020-01-03 14:03:04.900,5351.2000,53484,1,9417633560.000,1,1,0,双开,B,5349.8000,5349.6000,5349.2000,5348.6000,5348.4000,5351.2000,5353.2000,5354.0000,5355.0000,5355.2000,3,1,1,1,2,1,2,4,1,9
SF,IC2003,2020-01-03 14:03:05.400,5351.2000,53484,0,9417633560.000,0,-,-,-,-,5349.8000,5349.6000,5349.2000,5348.6000,5348.4000,5351.2000,5353.2000,5354.0000,5355.0000,5355.2000,3,1,1,1,2,1,2,4,1,9
SF,IC2003,2020-01-03 14:03:06.400,5351.2000,53484,0,9417633560.000,0,-,-,-,-,5349.8000,5349.6000,5349.2000,5348.6000,5348.4000,5351.2000,5353.2000,5354.0000,5355.0000,5355.2000,2,1,1,1,2,1,2,4,1,9
SF,IC2003,2020-01-03 14:03:07.900,5351.2000,53484,0,9417633560.000,0,-,-,-,-,5349.8000,5349.6000,5349.2000,5348.6000,5348.4000,5351.0000,5351.2000,5353.2000,5354.0000,5355.0000,2,1,1,1,2,1,1,2,4,1
SF,IC2003,2020-01-03 14:03:09.400,5351.2000,53484,0,9417633560.000,0,-,-,-,-,5349.8000,5349.6000,5349.2000,5348.4000,5348.2000,5351.0000,5351.2000,5353.2000,5354.0000,5355.0000,2,1,1,2,1,1,1,2,4,1
SF,IC2003,2020-01-03 14:03:09.900,5351.2000,53484,0,9417633560.000,0,-,-,-,-,5349.8000,5349.6000,5349.2000,5348.4000,5348.2000,5351.0000,5351.2000,5353.2000,5354.0000,5355.0000,2,1,1,2,1,1,1,2,4,1
SF,IC2003,2020-01-03 14:03:11.900,5351.2000,53484,0,9417633560.000,0,-,-,-,-,5350.6000,5349.8000,5349.6000,5349.2000,5348.4000,5351.0000,5351.2000,5353.2000,5354.0000,5355.0000,2,2,1,1,2,1,1,2,4,1
SF,IC2003,2020-01-03 14:03:12.400,5351.0000,53485,1,9418703760.000,1,1,0,双开,B,5351.0000,5349.8000,5348.4000,5348.2000,5347.8000,5353.2000,5354.0000,5355.0000,5355.2000,5356.0000,1,2,2,1,2,2,4,1,9,2
SF,IC2003,2020-01-03 14:03:12.900,5351.0000,53485,0,9418703760.000,0,-,-,-,-,5351.0000,5349.8000,5348.4000,5348.2000,5347.8000,5352.4000,5352.8000,5353.0000,5353.2000,5354.0000,1,2,2,1,2,1,1,3,2,4
SF,IC2003,2020-01-03 14:03:13.400,5351.0000,53485,0,9418703760.000,0,-,-,-,-,5351.0000,5349.8000,5348.4000,5348.2000,5347.8000,5352.2000,5352.4000,5353.0000,5353.2000,5354.0000,1,2,2,1,2,3,1,1,2,4
SF,IC2003,2020-01-03 14:03:13.900,5351.0000,53485,0,9418703760.000,0,-,-,-,-,5351.0000,5349.8000,5348.4000,5348.2000,5347.8000,5352.2000,5352.4000,5353.0000,5353.2000,5354.0000,1,2,2,1,2,3,1,1,2,4
SF,IC2003,2020-01-03 14:03:17.400,5351.0000,53485,0,9418703760.000,0,-,-,-,-,5351.0000,5349.8000,5348.4000,5348.2000,5347.8000,5352.2000,5352.4000,5353.0000,5353.2000,5354.0000,1,2,2,1,2,3,1,1,2,4
SF,IC2003,2020-01-03 14:03:20.400,5351.0000,53485,0,9418703760.000,0,-,-,-,-,5349.8000,5348.4000,5348.2000,5347.8000,5347.6000,5352.2000,5352.4000,5353.0000,5353.2000,5354.0000,2,2,1,2,2,3,1,1,2,4
SF,IC2003,2020-01-03 14:03:20.900,5351.0000,53485,0,9418703760.000,0,-,-,-,-,5350.2000,5350.0000,5349.8000,5348.4000,5348.2000,5352.2000,5352.4000,5353.0000,5353.2000,5354.0000,3,1,2,2,1,3,1,1,2,4
SF,IC2003,2020-01-03 14:03:21.400,5351.0000,53485,0,9418703760.000,0,-,-,-,-,5350.4000,5350.2000,5350.0000,5349.8000,5348.4000,5352.2000,5352.4000,5353.0000,5353.2000,5354.0000,2,1,1,2,2,2,1,1,2,4
SF,IC2003,2020-01-03 14:03:21.900,5351.0000,53485,0,9418703760.000,0,-,-,-,-,5350.8000,5350.6000,5350.4000,5350.2000,5350.0000,5352.2000,5352.4000,5353.0000,5353.2000,5354.0000,2,2,1,1,1,2,1,1,2,4
SF,IC2003,2020-01-03 14:03:22.400,5351.0000,53485,0,9418703760.000,0,-,-,-,-,5350.6000,5350.4000,5350.2000,5350.0000,5348.4000,5352.2000,5352.4000,5353.0000,5353.2000,5354.0000,2,1,1,1,2,2,1,1,2,4
SF,IC2003,2020-01-03 14:03:23.400,5351.0000,53485,0,9418703760.000,0,-,-,-,-,5350.6000,5350.4000,5348.4000,5348.2000,5347.8000,5352.2000,5352.4000,5353.0000,5353.2000,5354.0000,2,1,2,1,2,2,1,1,1,4
SF,IC2003,2020-01-03 14:03:23.900,5351.0000,53485,0,9418703760.000,0,-,-,-,-,5350.8000,5350.6000,5350.4000,5348.4000,5348.2000,5352.2000,5352.4000,5353.0000,5353.2000,5354.0000,1,2,1,2,1,2,1,1,1,4
SF,IC2003,2020-01-03 14:03:24.400,5351.0000,53485,0,9418703760.000,0,-,-,-,-,5350.8000,5350.6000,5350.4000,5348.4000,5348.2000,5352.2000,5352.4000,5353.0000,5353.2000,5354.0000,1,2,1,2,1,2,1,1,1,4
SF,IC2003,2020-01-03 14:03:24.900,5351.0000,53485,0,9418703760.000,0,-,-,-,-,5351.0000,5350.8000,5350.4000,5348.4000,5348.2000,5352.4000,5353.0000,5353.2000,5354.0000,5355.0000,2,1,1,2,1,1,1,1,4,1
SF,IC2003,2020-01-03 14:03:25.400,5351.0000,53485,0,9418703760.000,0,-,-,-,-,5351.0000,5350.8000,5350.4000,5348.4000,5348.2000,5352.4000,5353.2000,5354.0000,5355.0000,5355.2000,2,1,1,2,1,1,1,4,1,9
SF,IC2003,2020-01-03 14:03:25.900,5351.0000,53485,0,9418703760.000,0,-,-,-,-,5351.0000,5350.8000,5350.4000,5348.4000,5348.2000,5352.2000,5352.4000,5353.2000,5354.0000,5355.0000,2,1,1,2,1,2,1,1,4,1
SF,IC2003,2020-01-03 14:03:26.400,5351.0000,53485,0,9418703760.000,0,-,-,-,-,5351.2000,5351.0000,5350.4000,5348.6000,5348.4000,5352.2000,5352.4000,5353.2000,5354.0000,5355.0000,1,2,1,1,2,2,1,1,4,1
SF,IC2003,2020-01-03 14:03:26.900,5351.0000,53485,0,9418703760.000,0,-,-,-,-,5351.2000,5351.0000,5350.4000,5348.6000,5348.4000,5352.2000,5352.4000,5354.0000,5355.0000,5355.2000,1,2,1,1,2,2,1,4,1,9
SF,IC2003,2020-01-03 14:03:30.400,5351.0000,53485,0,9418703760.000,0,-,-,-,-,5351.2000,5351.0000,5350.4000,5348.6000,5348.4000,5352.2000,5354.0000,5355.0000,5355.2000,5355.6000,1,2,1,1,2,2,4,1,9,1
SF,IC2003,2020-01-03 14:03:30.900,5351.0000,53485,0,9418703760.000,0,-,-,-,-,5351.2000,5351.0000,5350.4000,5348.6000,5348.4000,5352.2000,5354.0000,5355.0000,5355.2000,5355.6000,1,2,1,1,2,2,4,1,10,1
SF,IC2003,2020-01-03 14:03:36.400,5351.0000,53485,0,9418703760.000,0,-,-,-,-,5351.2000,5351.0000,5350.4000,5348.6000,5348.4000,5352.2000,5353.8000,5354.0000,5355.0000,5355.2000,1,2,1,1,2,2,1,4,1,10
SF,IC2003,2020-01-03 14:03:36.900,5351.0000,53485,0,9418703760.000,0,-,-,-,-,5351.4000,5351.2000,5351.0000,5350.4000,5348.6000,5353.8000,5354.0000,5355.0000,5355.2000,5355.6000,2,1,1,1,1,1,4,1,10,1
SF,IC2003,2020-01-03 14:03:37.400,5351.0000,53485,0,9418703760.000,0,-,-,-,-,5351.4000,5351.2000,5351.0000,5350.4000,5348.6000,5353.0000,5353.4000,5353.6000,5353.8000,5354.0000,2,1,1,1,1,1,1,1,1,4
SF,IC2003,2020-01-03 14:03:37.900,5351.0000,53485,0,9418703760.000,0,-,-,-,-,5351.4000,5351.2000,5351.0000,5350.4000,5348.6000,5352.8000,5353.0000,5353.4000,5353.6000,5353.8000,3,1,1,1,1,2,1,1,1,1
SF,IC2003,2020-01-03 14:03:38.400,5351.0000,53485,0,9418703760.000,0,-,-,-,-,5351.4000,5351.2000,5351.0000,5350.4000,5348.6000,5352.8000,5353.0000,5353.4000,5353.6000,5353.8000,2,1,1,1,1,2,1,1,1,1
SF,IC2003,2020-01-03 14:03:38.900,5351.0000,53485,0,9418703760.000,0,-,-,-,-,5351.6000,5351.4000,5351.0000,5350.4000,5348.6000,5352.8000,5353.0000,5353.4000,5353.6000,5353.8000,1,2,1,1,1,2,1,1,1,1
SF,IC2003,2020-01-03 14:03:40.900,5351.0000,53485,0,9418703760.000,0,-,-,-,-,5351.8000,5351.6000,5351.4000,5351.0000,5350.4000,5352.8000,5353.0000,5353.4000,5353.6000,5353.8000,1,1,2,1,1,2,1,1,1,1
SF,IC2003,2020-01-03 14:03:41.400,5351.0000,53485,0,9418703760.000,0,-,-,-,-,5352.4000,5352.2000,5352.0000,5351.8000,5351.6000,5353.4000,5353.8000,5354.0000,5355.0000,5355.2000,1,1,2,1,1,1,1,4,1,10
SF,IC2003,2020-01-03 14:03:41.900,5351.0000,53485,0,9418703760.000,0,-,-,-,-,5352.0000,5351.8000,5351.6000,5351.0000,5350.4000,5353.2000,5353.4000,5353.8000,5354.0000,5355.0000,2,1,1,1,1,2,1,1,4,1
SF,IC2003,2020-01-03 14:03:42.400,5351.0000,53485,0,9418703760.000,0,-,-,-,-,5351.8000,5351.6000,5351.0000,5350.4000,5348.6000,5353.2000,5353.4000,5353.8000,5354.0000,5355.0000,1,1,1,1,1,2,1,1,4,1
SF,IC2003,2020-01-03 14:03:42.900,5353.2000,53485,0,9419774400.000,1,0,1,空换,B,5351.6000,5351.0000,5350.4000,5348.6000,5348.4000,5353.2000,5353.4000,5353.8000,5354.0000,5355.0000,1,1,1,1,2,1,1,1,4,1
SF,IC2003,2020-01-03 14:03:43.400,5353.2000,53485,0,9419774400.000,0,-,-,-,-,5351.8000,5351.6000,5351.0000,5350.4000,5348.6000,5353.2000,5353.4000,5353.8000,5354.0000,5355.0000,2,1,1,1,1,1,1,1,4,1
SF,IC2003,2020-01-03 14:03:46.400,5353.2000,53485,0,9419774400.000,0,-,-,-,-,5352.0000,5351.8000,5351.0000,5350.4000,5348.6000,5353.2000,5353.4000,5353.8000,5354.0000,5355.0000,1,2,1,1,1,1,1,1,4,1
SF,IC2003,2020-01-03 14:03:46.900,5353.2000,53485,0,9419774400.000,0,-,-,-,-,5352.2000,5352.0000,5351.0000,5350.4000,5348.6000,5353.4000,5353.8000,5354.0000,5355.0000,5355.2000,2,1,1,1,1,1,1,4,1,10
SF,IC2003,2020-01-03 14:03:47.400,5353.8000,53484,-1,9420845160.000,1,0,1,双平,B,5352.2000,5352.0000,5351.0000,5350.4000,5348.6000,5354.0000,5355.0000,5355.2000,5355.6000,5356.0000,2,1,1,1,1,4,1,10,1,2
SF,IC2003,2020-01-03 14:03:47.900,5353.8000,53484,0,9420845160.000,0,-,-,-,-,5352.6000,5352.2000,5352.0000,5351.0000,5350.4000,5353.8000,5354.0000,5355.0000,5355.2000,5355.6000,2,2,1,1,1,2,4,1,10,1
SF,IC2003,2020-01-03 14:03:48.400,5353.8000,53484,0,9420845160.000,0,-,-,-,-,5352.8000,5352.0000,5351.0000,5350.4000,5348.4000,5354.0000,5355.0000,5355.2000,5355.6000,5356.0000,3,1,1,1,2,4,1,10,1,2
SF,IC2003,2020-01-03 14:03:49.400,5353.8000,53484,0,9420845160.000,0,-,-,-,-,5353.6000,5352.8000,5352.0000,5351.0000,5350.4000,5354.0000,5355.0000,5355.2000,5355.6000,5356.0000,2,3,1,1,1,4,1,10,1,2
SF,IC2003,2020-01-03 14:03:49.900,5353.8000,53484,0,9420845160.000,0,-,-,-,-,5353.0000,5352.8000,5351.0000,5350.4000,5348.4000,5354.0000,5355.0000,5355.2000,5355.6000,5356.0000,1,3,1,1,2,4,1,10,1,2
SF,IC2003,2020-01-03 14:03:50.400,5354.0000,53483,-1,9421915960.000,1,0,1,双平,B,5353.4000,5353.2000,5353.0000,5352.8000,5351.0000,5354.0000,5355.0000,5355.2000,5355.6000,5356.0000,1,2,1,1,1,3,1,10,1,2
SF,IC2003,2020-01-03 14:03:50.900,5354.0000,53483,0,9422986760.000,1,0,1,空换,B,5353.6000,5353.0000,5352.8000,5351.0000,5350.4000,5354.0000,5355.0000,5355.2000,5355.6000,5356.0000,2,1,1,1,1,2,1,10,1,2
SF,IC2003,2020-01-03 14:03:51.400,5354.0000,53481,-2,9425128360.000,2,0,2,双平,B,5354.6000,5354.4000,5354.0000,5352.8000,5351.0000,5355.0000,5355.2000,5355.6000,5356.0000,5356.4000,2,3,7,1,1,1,10,1,2,3
SF,IC2003,2020-01-03 14:03:51.900,5354.0000,53483,2,9427269960.000,2,2,0,双开,B,5354.0000,5352.8000,5352.6000,5351.0000,5350.4000,5355.0000,5355.2000,5355.6000,5356.0000,5356.4000,5,1,1,1,1,1,10,1,2,3
SF,IC2003,2020-01-03 14:03:52.400,5355.0000,53483,0,9428340960.000,1,0,1,空换,B,5354.6000,5354.4000,5354.2000,5354.0000,5352.6000,5355.2000,5355.6000,5356.0000,5356.4000,5356.6000,1,1,3,6,1,10,1,2,3,5
SF,IC2003,2020-01-03 14:03:52.900,5355.0000,53483,0,9428340960.000,0,-,-,-,-,5354.2000,5354.0000,5352.6000,5351.0000,5350.4000,5355.2000,5355.6000,5356.0000,5356.4000,5356.6000,2,5,1,1,1,10,1,2,3,5
SF,IC2003,2020-01-03 14:03:53.400,5355.2000,53480,-3,9431554080.000,3,0,3,双平,B,5354.4000,5354.2000,5354.0000,5352.6000,5351.0000,5355.2000,5355.6000,5356.0000,5356.4000,5356.6000,1,2,5,1,1,7,1,2,3,5
SF,IC2003,2020-01-03 14:03:53.900,5355.0000,53479,-1,9441193480.000,9,4,5,空平,B,5354.8000,5354.4000,5354.0000,5351.0000,5348.4000,5356.0000,5356.4000,5356.6000,5357.0000,5358.0000,1,1,5,1,2,2,3,5,1,17
SF,IC2003,2020-01-03 14:03:54.400,5355.0000,53479,0,9441193480.000,0,-,-,-,-,5355.0000,5354.4000,5354.0000,5351.0000,5348.4000,5356.0000,5356.4000,5356.6000,5357.0000,5358.0000,2,1,5,1,2,2,3,5,1,17
SF,IC2003,2020-01-03 14:03:54.900,5356.0000,53479,0,9442264680.000,1,0,1,空换,B,5355.0000,5354.4000,5354.0000,5351.0000,5348.4000,5356.0000,5356.4000,5356.6000,5357.0000,5358.0000,2,1,5,1,2,1,3,5,1,17
SF,IC2003,2020-01-03 14:03:55.400,5356.0000,53479,0,9442264680.000,0,-,-,-,-,5354.4000,5354.0000,5351.0000,5348.4000,5348.2000,5355.8000,5356.0000,5356.4000,5356.6000,5357.0000,1,5,1,2,1,2,1,3,5,1
SF,IC2003,2020-01-03 14:03:55.900,5356.0000,53479,0,9442264680.000,0,-,-,-,-,5354.0000,5351.0000,5348.4000,5348.2000,5347.8000,5355.8000,5356.0000,5356.4000,5356.6000,5357.0000,5,1,2,1,1,2,1,3,5,1
SF,IC2003,2020-01-03 14:03:56.400,5356.0000,53479,0,9442264680.000,0,-,-,-,-,5354.4000,5354.2000,5354.0000,5351.0000,5348.4000,5355.8000,5356.0000,5356.4000,5356.6000,5357.0000,2,4,1,1,2,2,1,3,5,1
SF,IC2003,2020-01-03 14:03:56.900,5355.8000,53479,0,9443335840.000,1,0,1,空换,B,5354.6000,5354.2000,5354.0000,5351.0000,5348.4000,5355.8000,5356.0000,5356.4000,5356.6000,5357.0000,3,1,1,1,2,1,1,3,5,1
SF,IC2003,2020-01-03 14:03:57.400,5355.8000,53479,0,9443335840.000,0,-,-,-,-,5354.6000,5354.0000,5351.0000,5348.4000,5348.2000,5355.8000,5356.0000,5356.4000,5356.6000,5357.0000,1,1,1,2,1,1,1,3,5,1
SF,IC2003,2020-01-03 14:03:57.900,5354.6000,53478,-1,9444406760.000,1,0,1,双平,B,5354.0000,5351.0000,5348.4000,5348.2000,5347.8000,5355.8000,5356.0000,5356.4000,5356.6000,5357.0000,1,1,2,1,1,1,1,3,5,1
SF,IC2003,2020-01-03 14:03:58.400,5354.6000,53478,0,9444406760.000,0,-,-,-,-,5354.0000,5351.0000,5348.4000,5348.2000,5347.8000,5355.8000,5356.0000,5356.4000,5356.6000,5357.0000,1,1,2,1,1,1,1,3,5,1
SF,IC2003,2020-01-03 14:03:58.900,5354.6000,53478,0,9444406760.000,0,-,-,-,-,5351.0000,5348.4000,5348.2000,5347.8000,5347.6000,5355.4000,5355.6000,5355.8000,5356.0000,5356.4000,1,2,1,1,1,1,1,1,1,3
SF,IC2003,2020-01-03 14:03:59.400,5355.2000,53478,0,9445477800.000,1,0,1,空换,B,5354.0000,5353.6000,5353.0000,5352.6000,5352.4000,5355.2000,5355.4000,5355.6000,5355.8000,5356.0000,5,1,1,3,3,1,1,1,1,1
SF,IC2003,2020-01-03 14:03:59.900,5355.2000,53478,0,9445477800.000,0,-,-,-,-,5354.2000,5352.2000,5351.6000,5351.4000,5351.2000,5355.4000,5355.8000,5356.0000,5356.4000,5356.6000,2,1,1,4,3,1,1,1,3,5
SF,IC2003,2020-01-03 14:04:00.400,5355.2000,53478,0,9445477800.000,0,-,-,-,-,5354.2000,5352.2000,5351.6000,5351.4000,5351.2000,5355.8000,5356.0000,5356.4000,5356.6000,5357.0000,2,1,1,4,3,1,1,3,5,1
SF,IC2003,2020-01-03 14:04:00.900,5355.2000,53478,0,9445477800.000,0,-,-,-,-,5354.2000,5352.2000,5351.6000,5351.4000,5351.2000,5355.6000,5355.8000,5356.0000,5356.4000,5356.6000,2,1,1,4,3,2,1,1,3,5
SF,IC2003,2020-01-03 14:04:01.400,5355.2000,53478,0,9445477800.000,0,-,-,-,-,5354.2000,5352.2000,5351.6000,5351.4000,5351.2000,5355.6000,5355.8000,5356.0000,5356.4000,5356.6000,2,1,1,4,3,2,1,1,3,5
SF,IC2003,2020-01-03 14:04:01.900,5355.2000,53478,0,9445477800.000,0,-,-,-,-,5354.2000,5352.2000,5351.6000,5351.4000,5351.2000,5355.4000,5355.6000,5355.8000,5356.0000,5356.4000,2,1,1,4,3,1,2,1,1,3
SF,IC2003,2020-01-03 14:04:02.400,5354.2000,53479,1,9446548640.000,1,1,0,双开,B,5354.2000,5352.2000,5351.6000,5351.4000,5351.2000,5355.4000,5355.6000,5355.8000,5356.0000,5356.4000,1,1,1,4,3,1,2,1,1,3
SF,IC2003,2020-01-03 14:04:02.900,5355.2000,53479,0,9447619680.000,1,0,1,空换,B,5354.2000,5352.2000,5351.6000,5351.4000,5351.2000,5355.2000,5355.4000,5355.8000,5356.0000,5356.4000,1,1,1,4,3,1,1,1,1,3
SF,IC2003,2020-01-03 14:04:03.400,5355.4000,53480,1,9448690760.000,1,1,0,双开,B,5354.2000,5352.2000,5351.6000,5351.4000,5351.2000,5355.8000,5356.0000,5356.4000,5356.6000,5357.0000,1,1,1,4,3,1,1,3,5,1
SF,IC2003,2020-01-03 14:04:03.900,5355.4000,53480,0,9448690760.000,0,-,-,-,-,5354.2000,5352.2000,5351.6000,5351.4000,5351.2000,5355.6000,5355.8000,5356.0000,5356.4000,5356.6000,1,1,1,4,3,2,1,1,3,5
SF,IC2003,2020-01-03 14:04:04.400,5355.4000,53480,0,9448690760.000,0,-,-,-,-,5354.4000,5354.2000,5352.2000,5351.6000,5351.4000,5355.8000,5356.0000,5356.4000,5356.6000,5357.0000,1,1,1,1,4,1,1,3,5,1
SF,IC2003,2020-01-03 14:04:04.900,5355.4000,53480,0,9448690760.000,0,-,-,-,-,5354.6000,5354.4000,5352.2000,5351.6000,5351.4000,5355.8000,5356.0000,5356.4000,5356.6000,5357.0000,2,1,1,1,4,1,1,3,5,1
SF,IC2003,2020-01-03 14:04:05.900,5355.4000,53480,0,9448690760.000,0,-,-,-,-,5354.6000,5352.2000,5351.6000,5351.4000,5351.2000,5355.8000,5356.0000,5356.4000,5356.6000,5357.0000,2,1,1,4,3,1,1,3,5,1
SF,IC2003,2020-01-03 14:04:06.400,5355.4000,53480,0,9448690760.000,0,-,-,-,-,5354.6000,5352.2000,5351.6000,5351.4000,5351.2000,5355.6000,5355.8000,5356.0000,5356.4000,5356.6000,2,1,1,4,3,2,1,1,3,5
SF,IC2003,2020-01-03 14:04:07.400,5355.6000,53480,0,9449761880.000,1,0,1,空换,B,5354.6000,5352.2000,5351.6000,5351.4000,5351.2000,5355.6000,5355.8000,5356.0000,5356.4000,5356.6000,2,1,1,4,3,1,1,1,3,5
SF,IC2003,2020-01-03 14:04:07.900,5355.6000,53480,0,9449761880.000,0,-,-,-,-,5354.6000,5352.2000,5351.6000,5351.4000,5351.2000,5355.6000,5355.8000,5356.0000,5356.4000,5356.6000,2,1,1,4,3,1,1,1,3,5
SF,IC2003,2020-01-03 14:04:08.900,5355.6000,53480,0,9449761880.000,0,-,-,-,-,5354.6000,5352.2000,5351.6000,5351.4000,5351.2000,5355.6000,5355.8000,5356.0000,5356.4000,5356.6000,2,1,1,4,3,2,1,1,3,5
SF,IC2003,2020-01-03 14:04:09.400,5355.6000,53480,0,9449761880.000,0,-,-,-,-,5354.6000,5352.2000,5351.6000,5351.4000,5351.2000,5355.6000,5355.8000,5356.0000,5356.4000,5356.6000,2,1,1,4,3,2,1,1,3,5
SF,IC2003,2020-01-03 14:04:09.900,5355.6000,53480,0,9449761880.000,0,-,-,-,-,5354.6000,5352.2000,5351.6000,5351.4000,5351.2000,5355.6000,5355.8000,5356.0000,5356.4000,5356.6000,2,1,1,4,3,1,1,1,3,5
SF,IC2003,2020-01-03 14:04:15.400,5355.6000,53480,0,9450833000.000,1,0,1,空换,B,5355.6000,5354.6000,5352.2000,5351.6000,5351.4000,5355.8000,5356.0000,5356.4000,5356.6000,5357.0000,9,2,1,1,4,1,1,3,5,1
SF,IC2003,2020-01-03 14:04:15.900,5355.6000,53477,-3,9455117480.000,4,0,4,空平,B,5355.6000,5354.6000,5352.2000,5351.4000,5351.2000,5355.8000,5356.0000,5356.4000,5356.6000,5357.0000,5,2,1,4,3,1,1,3,5,1
SF,IC2003,2020-01-03 14:04:16.400,5355.6000,53476,-1,9460473080.000,5,2,3,空平,B,5354.6000,5352.2000,5351.4000,5351.2000,5351.0000,5355.8000,5356.0000,5356.4000,5356.6000,5357.0000,2,1,4,3,2,1,1,3,5,1
SF,IC2003,2020-01-03 14:04:16.900,5355.6000,53477,1,9461544200.000,1,1,0,双开,B,5354.6000,5352.2000,5351.4000,5351.2000,5351.0000,5355.8000,5356.0000,5356.4000,5356.6000,5357.0000,2,1,4,3,2,1,1,3,5,1
SF,IC2003,2020-01-03 14:04:17.400,5355.6000,53477,0,9462615320.000,1,0,1,空换,B,5354.6000,5352.2000,5351.4000,5351.2000,5351.0000,5355.6000,5355.8000,5356.0000,5356.4000,5356.6000,2,1,4,3,2,1,1,1,3,5
SF,IC2003,2020-01-03 14:04:17.900,5355.6000,53477,0,9462615320.000,0,-,-,-,-,5352.2000,5351.4000,5351.2000,5351.0000,5349.6000,5355.4000,5355.6000,5355.8000,5356.0000,5356.4000,1,4,3,2,2,1,1,1,1,3
SF,IC2003,2020-01-03 14:04:18.400,5355.6000,53477,0,9462615320.000,0,-,-,-,-,5353.6000,5353.0000,5352.6000,5352.4000,5352.2000,5355.2000,5355.4000,5355.6000,5355.8000,5356.0000,1,1,3,6,1,1,1,1,1,1
SF,IC2003,2020-01-03 14:04:18.900,5355.6000,53477,0,9462615320.000,0,-,-,-,-,5353.8000,5353.6000,5353.0000,5352.6000,5352.4000,5355.4000,5355.6000,5355.8000,5356.0000,5356.4000,2,1,1,1,4,1,1,1,1,3
SF,IC2003,2020-01-03 14:04:19.400,5355.6000,53477,0,9462615320.000,0,-,-,-,-,5353.8000,5353.6000,5352.6000,5352.4000,5352.2000,5355.6000,5355.8000,5356.0000,5356.4000,5356.6000,2,1,1,3,1,1,1,1,3,5
SF,IC2003,2020-01-03 14:04:19.900,5355.6000,53477,0,9462615320.000,0,-,-,-,-,5354.2000,5353.8000,5353.6000,5352.4000,5351.4000,5354.8000,5355.4000,5355.6000,5355.8000,5356.0000,2,2,1,2,2,1,2,1,1,1
SF,IC2003,2020-01-03 14:04:20.400,5355.6000,53477,0,9462615320.000,0,-,-,-,-,5353.8000,5353.6000,5352.4000,5351.4000,5351.2000,5355.4000,5355.8000,5356.0000,5356.4000,5356.6000,2,1,2,2,1,2,1,1,3,5
SF,IC2003,2020-01-03 14:04:20.900,5355.6000,53477,0,9462615320.000,0,-,-,-,-,5353.8000,5353.6000,5352.4000,5351.4000,5351.2000,5355.2000,5355.4000,5355.8000,5356.0000,5356.4000,2,1,2,2,1,1,2,1,1,3
SF,IC2003,2020-01-03 14:04:21.400,5355.6000,53477,0,9462615320.000,0,-,-,-,-,5353.8000,5353.6000,5352.4000,5351.4000,5351.2000,5355.2000,5355.4000,5355.8000,5356.0000,5356.4000,2,1,2,2,1,2,2,1,1,3
SF,IC2003,2020-01-03 14:04:21.900,5355.6000,53477,0,9462615320.000,0,-,-,-,-,5353.8000,5353.6000,5352.4000,5351.4000,5351.2000,5355.0000,5355.2000,5355.4000,5355.8000,5356.0000,2,1,2,2,1,1,2,1,1,1
SF,IC2003,2020-01-03 14:04:23.400,5355.6000,53477,0,9462615320.000,0,-,-,-,-,5353.8000,5353.6000,5352.4000,5351.4000,5351.2000,5355.0000,5355.2000,5355.4000,5355.8000,5356.0000,2,1,2,2,1,1,1,1,1,1
SF,IC2003,2020-01-03 14:04:23.900,5355.0000,53478,1,9464757080.000,2,1,1,多开,B,5353.8000,5353.6000,5352.4000,5351.4000,5351.2000,5355.2000,5355.4000,5355.8000,5356.0000,5356.4000,1,1,2,2,1,1,1,1,1,3
SF,IC2003,2020-01-03 14:04:24.900,5355.0000,53478,0,9464757080.000,0,-,-,-,-,5353.8000,5353.6000,5352.4000,5351.4000,5351.2000,5355.0000,5355.2000,5355.4000,5355.8000,5356.0000,1,1,2,2,1,1,1,1,1,1
SF,IC2003,2020-01-03 14:04:25.400,5355.0000,53478,0,9464757080.000,0,-,-,-,-,5353.8000,5353.6000,5352.4000,5351.4000,5351.2000,5354.8000,5355.0000,5355.2000,5355.4000,5355.8000,1,1,1,2,1,1,1,1,1,1
SF,IC2003,2020-01-03 14:04:27.400,5355.0000,53478,0,9464757080.000,0,-,-,-,-,5353.8000,5353.6000,5352.4000,5351.4000,5351.2000,5354.8000,5355.2000,5355.4000,5355.8000,5356.0000,1,1,1,2,1,1,1,1,1,1
SF,IC2003,2020-01-03 14:04:28.900,5355.0000,53478,0,9464757080.000,0,-,-,-,-,5353.8000,5353.6000,5352.4000,5351.4000,5351.2000,5354.8000,5355.2000,5355.8000,5356.0000,5356.4000,1,1,1,2,1,1,1,1,1,3
SF,IC2003,2020-01-03 14:04:29.400,5354.8000,53478,0,9465828040.000,1,0,1,空换,B,5354.8000,5354.0000,5353.8000,5353.6000,5352.4000,5355.0000,5355.2000,5355.8000,5356.0000,5356.4000,2,1,2,1,1,1,1,1,1,3
SF,IC2003,2020-01-03 14:04:29.900,5355.0000,53479,1,9466899040.000,1,1,0,双开,B,5355.0000,5354.8000,5354.0000,5353.8000,5353.6000,5355.8000,5356.0000,5356.4000,5356.6000,5357.0000,1,2,1,1,1,1,1,3,5,1
SF,IC2003,2020-01-03 14:04:30.400,5355.0000,53479,0,9466899040.000,0,-,-,-,-,5355.0000,5354.8000,5354.0000,5353.8000,5353.6000,5355.8000,5356.0000,5356.4000,5356.6000,5357.0000,1,2,1,1,1,1,1,3,5,1
SF,IC2003,2020-01-03 14:04:30.900,5355.8000,53479,0,9467970200.000,1,0,1,空换,B,5355.0000,5354.8000,5354.0000,5353.8000,5353.6000,5356.0000,5356.4000,5356.6000,5357.0000,5358.0000,1,2,1,2,1,1,3,6,1,17
SF,IC2003,2020-01-03 14:04:31.400,5355.8000,53479,0,9467970200.000,0,-,-,-,-,5355.2000,5355.0000,5354.8000,5354.0000,5353.8000,5356.0000,5356.4000,5356.6000,5357.0000,5358.0000,2,1,2,1,1,1,3,6,1,17
SF,IC2003,2020-01-03 14:04:31.900,5355.8000,53479,0,9467970200.000,0,-,-,-,-,5355.4000,5355.2000,5355.0000,5354.8000,5353.8000,5356.0000,5356.4000,5356.6000,5357.0000,5358.0000,1,2,1,2,1,1,3,6,1,17
SF,IC2003,2020-01-03 14:04:32.400,5355.4000,53479,0,9469041280.000,1,0,1,空换,B,5355.0000,5354.8000,5353.8000,5353.6000,5352.4000,5355.8000,5356.0000,5356.4000,5356.6000,5357.0000,1,2,1,1,1,1,1,3,6,1
SF,IC2003,2020-01-03 14:04:32.900,5355.4000,53479,0,9469041280.000,0,-,-,-,-,5355.0000,5354.8000,5354.0000,5353.8000,5353.6000,5356.0000,5356.4000,5356.6000,5357.0000,5358.0000,1,2,1,1,1,1,3,6,1,17
SF,IC2003,2020-01-03 14:04:33.900,5355.4000,53479,0,9469041280.000,0,-,-,-,-,5355.0000,5354.8000,5354.0000,5353.8000,5353.6000,5356.0000,5356.4000,5356.6000,5357.0000,5358.0000,1,2,1,1,1,1,3,6,1,17
SF,IC2003,2020-01-03 14:04:34.900,5356.0000,53478,-1,9470112480.000,1,0,1,双平,B,5355.0000,5354.8000,5354.0000,5353.8000,5353.6000,5356.4000,5356.6000,5357.0000,5358.0000,5358.4000,1,2,1,1,1,3,6,1,17,3
SF,IC2003,2020-01-03 14:04:35.400,5356.0000,53478,0,9470112480.000,0,-,-,-,-,5355.2000,5355.0000,5354.0000,5353.8000,5353.6000,5355.8000,5356.2000,5356.4000,5356.6000,5357.0000,2,1,1,1,1,1,1,3,6,1
SF,IC2003,2020-01-03 14:04:35.900,5355.2000,53478,0,9471183520.000,1,0,1,空换,B,5355.2000,5355.0000,5354.0000,5353.8000,5353.6000,5356.2000,5356.4000,5356.6000,5357.0000,5358.0000,1,1,1,1,1,1,3,6,1,17
SF,IC2003,2020-01-03 14:04:36.400,5355.2000,53478,0,9472254560.000,1,0,1,空换,B,5355.0000,5354.0000,5353.8000,5353.6000,5352.4000,5356.2000,5356.4000,5356.6000,5357.0000,5358.0000,1,1,1,1,1,1,3,6,1,17
SF,IC2003,2020-01-03 14:04:37.400,5356.2000,53479,1,9473325800.000,1,1,0,双开,B,5355.0000,5354.0000,5353.8000,5353.6000,5352.4000,5356.4000,5356.6000,5357.0000,5358.0000,5358.4000,1,1,1,1,1,3,6,1,17,3
SF,IC2003,2020-01-03 14:04:37.900,5356.2000,53479,0,9473325800.000,0,-,-,-,-,5355.2000,5354.0000,5353.8000,5353.6000,5352.4000,5356.4000,5356.6000,5357.0000,5358.0000,5358.4000,2,1,1,1,1,3,6,1,17,3
SF,IC2003,2020-01-03 14:04:38.400,5355.2000,53480,1,9474396840.000,1,1,0,双开,B,5355.2000,5354.0000,5353.8000,5353.6000,5352.4000,5356.2000,5356.4000,5356.6000,5357.0000,5358.0000,1,1,1,1,1,2,3,6,1,17
SF,IC2003,2020-01-03 14:04:40.400,5356.2000,53480,0,9475468080.000,1,0,1,空换,B,5355.2000,5354.0000,5353.8000,5353.6000,5352.4000,5356.2000,5356.4000,5356.6000,5357.0000,5358.0000,1,1,1,1,1,1,3,6,1,17
SF,IC2003,2020-01-03 14:04:40.900,5356.2000,53480,0,9475468080.000,0,-,-,-,-,5354.0000,5353.8000,5353.6000,5352.4000,5351.4000,5354.6000,5356.2000,5356.4000,5356.6000,5357.0000,1,1,1,1,2,1,1,3,6,1
SF,IC2003,2020-01-03 14:04:41.400,5354.6000,53480,0,9476539000.000,1,0,1,空换,B,5354.6000,5354.4000,5354.2000,5354.0000,5353.6000,5356.2000,5356.4000,5356.6000,5357.0000,5358.0000,9,1,1,1,1,1,3,6,1,17
SF,IC2003,2020-01-03 14:04:41.900,5354.6000,53480,0,9476539000.000,0,-,-,-,-,5354.8000,5354.6000,5354.2000,5354.0000,5353.6000,5356.0000,5356.2000,5356.4000,5356.6000,5357.0000,2,8,1,1,1,1,1,3,6,1
SF,IC2003,2020-01-03 14:04:42.400,5354.6000,53480,0,9476539000.000,0,-,-,-,-,5354.8000,5354.6000,5354.2000,5354.0000,5353.6000,5356.0000,5356.4000,5356.6000,5357.0000,5358.0000,2,8,1,1,1,1,3,6,1,17
SF,IC2003,2020-01-03 14:04:42.900,5354.6000,53480,0,9476539000.000,0,-,-,-,-,5355.4000,5354.8000,5354.6000,5354.2000,5354.0000,5356.0000,5356.4000,5356.6000,5357.0000,5358.0000,1,2,8,1,1,1,3,6,1,17
SF,IC2003,2020-01-03 14:04:43.400,5354.6000,53480,0,9476539000.000,0,-,-,-,-,5355.4000,5354.6000,5354.2000,5354.0000,5353.6000,5356.0000,5356.4000,5356.6000,5357.0000,5358.0000,1,8,1,1,1,1,3,6,1,17
SF,IC2003,2020-01-03 14:04:43.900,5355.4000,53479,-1,9477610080.000,1,0,1,双平,B,5354.6000,5354.2000,5354.0000,5353.6000,5352.4000,5356.0000,5356.4000,5356.6000,5357.0000,5358.0000,8,1,1,1,1,1,3,6,1,17
SF,IC2003,2020-01-03 14:04:44.400,5355.4000,53479,0,9477610080.000,0,-,-,-,-,5354.8000,5354.6000,5354.2000,5354.0000,5353.6000,5356.0000,5356.4000,5356.6000,5357.0000,5358.0000,2,8,1,1,1,1,3,6,1,17
SF,IC2003,2020-01-03 14:04:45.400,5355.4000,53479,0,9477610080.000,0,-,-,-,-,5354.8000,5354.6000,5354.2000,5354.0000,5353.6000,5356.4000,5356.6000,5357.0000,5358.0000,5358.4000,2,8,1,1,1,3,6,1,17,3
SF,IC2003,2020-01-03 14:04:45.900,5355.4000,53479,0,9477610080.000,0,-,-,-,-,5354.8000,5354.6000,5354.2000,5354.0000,5353.6000,5356.2000,5356.4000,5356.6000,5357.0000,5358.0000,2,8,1,1,1,2,3,6,1,17
SF,IC2003,2020-01-03 14:04:46.400,5355.4000,53479,0,9477610080.000,0,-,-,-,-,5354.8000,5354.6000,5354.2000,5354.0000,5353.6000,5356.2000,5356.4000,5356.6000,5357.0000,5358.0000,2,2,1,1,1,2,3,6,1,17
SF,IC2003,2020-01-03 14:04:46.900,5355.4000,53479,0,9477610080.000,0,-,-,-,-,5354.8000,5354.6000,5354.2000,5354.0000,5353.6000,5356.0000,5356.2000,5356.4000,5356.6000,5357.0000,2,2,1,1,1,1,2,3,6,1
SF,IC2003,2020-01-03 14:04:48.400,5355.4000,53479,0,9477610080.000,0,-,-,-,-,5354.8000,5354.6000,5354.2000,5354.0000,5353.6000,5356.0000,5356.2000,5356.4000,5356.6000,5357.0000,2,2,1,1,1,2,2,3,6,1
SF,IC2003,2020-01-03 14:04:48.900,5355.4000,53479,0,9477610080.000,0,-,-,-,-,5354.8000,5354.6000,5354.2000,5354.0000,5353.6000,5355.8000,5356.0000,5356.4000,5356.6000,5357.0000,2,2,1,1,1,2,2,3,6,1
SF,IC2003,2020-01-03 14:04:49.400,5355.4000,53479,0,9477610080.000,0,-,-,-,-,5354.8000,5354.2000,5354.0000,5353.6000,5352.4000,5355.8000,5356.0000,5356.4000,5356.6000,5357.0000,2,1,1,1,1,2,2,3,6,1
SF,IC2003,2020-01-03 14:04:49.900,5355.4000,53479,0,9477610080.000,0,-,-,-,-,5354.8000,5354.0000,5353.6000,5352.4000,5351.4000,5356.0000,5356.4000,5356.6000,5357.0000,5358.0000,2,1,1,1,2,2,3,6,1,17
SF,IC2003,2020-01-03 14:04:50.400,5355.8000,53479,0,9478681240.000,1,0,1,空换,B,5354.8000,5354.0000,5353.6000,5352.4000,5351.4000,5355.8000,5356.0000,5356.4000,5356.6000,5357.0000,2,1,1,1,2,2,2,3,6,1
SF,IC2003,2020-01-03 14:04:51.400,5355.8000,53479,0,9478681240.000,0,-,-,-,-,5354.8000,5354.0000,5353.6000,5352.4000,5351.4000,5355.8000,5356.0000,5356.2000,5356.4000,5356.6000,2,1,1,1,2,2,2,1,3,6
SF,IC2003,2020-01-03 14:04:51.900,5354.8000,53479,0,9480823160.000,2,1,1,空换,B,5354.0000,5353.6000,5352.4000,5351.4000,5351.2000,5354.8000,5355.8000,5356.0000,5356.2000,5356.4000,1,1,1,2,1,4,2,2,1,3
SF,IC2003,2020-01-03 14:04:52.400,5354.8000,53479,0,9480823160.000,0,-,-,-,-,5354.2000,5354.0000,5353.6000,5352.4000,5351.4000,5354.8000,5355.8000,5356.0000,5356.2000,5356.4000,2,1,1,1,2,4,2,1,1,3
SF,IC2003,2020-01-03 14:04:52.900,5354.8000,53479,0,9480823160.000,0,-,-,-,-,5354.2000,5354.0000,5353.6000,5352.4000,5351.4000,5354.8000,5355.6000,5355.8000,5356.0000,5356.2000,2,1,1,1,2,4,1,2,1,1
SF,IC2003,2020-01-03 14:04:53.900,5354.8000,53478,-1,9481894120.000,1,0,1,双平,B,5354.2000,5354.0000,5353.6000,5352.4000,5351.4000,5354.8000,5355.6000,5355.8000,5356.0000,5356.2000,2,1,1,1,2,3,1,2,3,1
SF,IC2003,2020-01-03 14:04:54.400,5354.8000,53478,0,9481894120.000,0,-,-,-,-,5354.2000,5354.0000,5353.6000,5352.4000,5351.4000,5354.8000,5355.6000,5355.8000,5356.0000,5356.2000,2,1,1,1,2,3,1,3,3,1
SF,IC2003,2020-01-03 14:04:54.900,5354.8000,53478,0,9481894120.000,0,-,-,-,-,5354.2000,5354.0000,5353.6000,5352.4000,5352.2000,5354.8000,5355.6000,5355.8000,5356.0000,5356.2000,2,1,1,1,2,3,1,3,3,1
SF,IC2003,2020-01-03 14:04:56.400,5354.8000,53478,0,9481894120.000,0,-,-,-,-,5354.2000,5354.0000,5353.6000,5352.4000,5352.2000,5354.8000,5355.6000,5355.8000,5356.0000,5356.2000,2,1,1,1,2,3,1,2,3,1
SF,IC2003,2020-01-03 14:04:56.900,5354.2000,53480,2,9484035800.000,2,2,0,双开,B,5354.0000,5353.6000,5352.4000,5352.2000,5351.4000,5354.8000,5355.6000,5355.8000,5356.0000,5356.2000,1,1,1,2,2,3,1,2,3,1
SF,IC2003,2020-01-03 14:04:57.400,5354.0000,53480,0,9485106600.000,1,0,1,空换,B,5353.6000,5352.4000,5352.2000,5351.4000,5351.2000,5354.0000,5354.6000,5355.6000,5355.8000,5356.0000,1,1,2,2,1,3,2,1,1,3
SF,IC2003,2020-01-03 14:04:57.900,5354.0000,53480,0,9486177400.000,1,0,1,空换,B,5353.6000,5352.2000,5351.4000,5351.2000,5349.6000,5354.0000,5354.6000,5355.6000,5355.8000,5356.0000,1,2,1,1,2,2,2,1,1,3
SF,IC2003,2020-01-03 14:04:58.400,5354.0000,53480,0,9486177400.000,0,-,-,-,-,5353.6000,5352.2000,5351.4000,5351.2000,5349.6000,5354.0000,5354.6000,5355.8000,5356.0000,5356.2000,1,2,1,1,2,2,2,1,3,1
SF,IC2003,2020-01-03 14:04:58.900,5354.0000,53480,0,9486177400.000,0,-,-,-,-,5353.6000,5352.2000,5351.4000,5351.2000,5349.6000,5354.0000,5354.6000,5355.8000,5356.0000,5356.2000,1,2,1,1,2,2,2,1,3,1
SF,IC2003,2020-01-03 14:04:59.900,5354.0000,53480,0,9486177400.000,0,-,-,-,-,5353.6000,5352.2000,5351.4000,5351.2000,5349.6000,5354.0000,5354.6000,5355.8000,5356.0000,5356.2000,1,2,1,1,2,2,2,1,3,1
SF,IC2003,2020-01-03 14:05:01.400,5354.0000,53480,0,9487248200.000,1,0,1,空换,B,5353.6000,5352.2000,5351.4000,5351.2000,5349.6000,5354.0000,5354.6000,5355.8000,5356.0000,5356.2000,1,2,1,1,2,1,2,1,3,1
SF,IC2003,2020-01-03 14:05:01.900,5354.0000,53480,0,9488319000.000,1,0,1,空换,B,5353.6000,5352.2000,5351.4000,5351.2000,5349.6000,5354.6000,5355.8000,5356.0000,5356.2000,5356.4000,1,2,1,1,2,2,1,3,1,3
SF,IC2003,2020-01-03 14:05:03.900,5354.0000,53480,0,9488319000.000,0,-,-,-,-,5353.8000,5353.6000,5352.2000,5351.4000,5351.2000,5354.6000,5355.8000,5356.0000,5356.2000,5356.4000,1,1,2,1,1,2,1,3,1,3
SF,IC2003,2020-01-03 14:05:04.400,5354.0000,53480,0,9488319000.000,0,-,-,-,-,5353.8000,5353.6000,5352.2000,5351.4000,5351.2000,5354.6000,5355.8000,5356.0000,5356.2000,5356.4000,1,1,2,1,1,2,1,3,1,3
SF,IC2003,2020-01-03 14:05:05.400,5354.0000,53480,0,9488319000.000,0,-,-,-,-,5353.6000,5352.2000,5351.4000,5351.2000,5349.6000,5354.6000,5355.8000,5356.0000,5356.2000,5356.4000,1,2,1,1,2,2,1,3,1,3
SF,IC2003,2020-01-03 14:05:07.400,5354.0000,53480,0,9488319000.000,0,-,-,-,-,5353.6000,5352.2000,5351.4000,5351.2000,5349.6000,5354.6000,5355.8000,5356.0000,5356.2000,5356.4000,1,2,1,1,2,2,1,3,1,3
SF,IC2003,2020-01-03 14:05:08.900,5354.0000,53480,0,9488319000.000,0,-,-,-,-,5353.6000,5352.2000,5351.4000,5351.2000,5349.6000,5354.6000,5355.8000,5356.0000,5356.2000,5356.4000,1,2,1,1,2,2,1,2,1,3
SF,IC2003,2020-01-03 14:05:11.400,5354.0000,53480,0,9488319000.000,0,-,-,-,-,5353.6000,5352.2000,5351.4000,5351.2000,5349.6000,5353.8000,5354.6000,5355.8000,5356.0000,5356.2000,1,2,1,1,2,1,2,1,2,1
SF,IC2003,2020-01-03 14:05:11.900,5353.8000,53481,1,9489389760.000,1,1,0,双开,B,5354.0000,5353.8000,5353.6000,5352.2000,5351.4000,5355.8000,5356.0000,5356.2000,5356.4000,5356.6000,3,10,2,2,1,1,2,1,3,4
SF,IC2003,2020-01-03 14:05:12.400,5353.8000,53481,0,9489389760.000,0,-,-,-,-,5354.2000,5354.0000,5353.8000,5353.6000,5352.2000,5355.6000,5355.8000,5356.0000,5356.2000,5356.4000,2,1,7,1,2,2,1,2,1,3
SF,IC2003,2020-01-03 14:05:12.900,5353.8000,53481,0,9489389760.000,0,-,-,-,-,5354.2000,5354.0000,5353.8000,5353.6000,5352.6000,5355.6000,5355.8000,5356.0000,5356.2000,5356.4000,3,1,7,1,1,2,1,2,1,3
SF,IC2003,2020-01-03 14:05:13.400,5353.8000,53481,0,9489389760.000,0,-,-,-,-,5354.4000,5354.0000,5353.8000,5353.6000,5352.6000,5355.6000,5355.8000,5356.0000,5356.2000,5356.4000,1,1,7,1,1,2,1,2,1,3
SF,IC2003,2020-01-03 14:05:14.400,5353.8000,53481,0,9489389760.000,0,-,-,-,-,5354.0000,5353.8000,5353.6000,5352.6000,5352.2000,5355.6000,5355.8000,5356.0000,5356.2000,5356.4000,1,7,1,1,2,2,1,2,1,3
SF,IC2003,2020-01-03 14:05:16.900,5353.8000,53481,0,9489389760.000,0,-,-,-,-,5354.2000,5354.0000,5353.8000,5353.6000,5352.6000,5355.6000,5355.8000,5356.0000,5356.2000,5356.4000,1,1,7,1,1,2,1,2,1,3
SF,IC2003,2020-01-03 14:05:17.400,5353.8000,53481,0,9489389760.000,0,-,-,-,-,5354.2000,5353.8000,5353.6000,5352.6000,5352.2000,5355.0000,5355.4000,5355.6000,5355.8000,5356.0000,1,5,1,1,2,5,1,2,1,2
SF,IC2003,2020-01-03 14:05:17.900,5353.8000,53481,0,9489389760.000,0,-,-,-,-,5353.8000,5353.6000,5352.6000,5352.2000,5351.4000,5354.8000,5355.0000,5355.2000,5355.4000,5355.8000,5,1,1,2,1,2,7,1,1,1
SF,IC2003,2020-01-03 14:05:18.400,5353.8000,53481,0,9489389760.000,0,-,-,-,-,5353.8000,5353.6000,5352.6000,5352.2000,5351.4000,5354.8000,5355.0000,5355.4000,5355.8000,5356.0000,5,1,1,2,1,2,7,1,1,2
SF,IC2003,2020-01-03 14:05:19.400,5353.8000,53481,0,9489389760.000,0,-,-,-,-,5354.6000,5354.0000,5353.8000,5353.6000,5352.6000,5354.8000,5355.0000,5355.8000,5356.0000,5356.2000,4,1,6,1,1,2,7,1,2,1
SF,IC2003,2020-01-03 14:05:19.900,5354.8000,53483,2,9491531680.000,2,2,0,双开,B,5354.8000,5354.0000,5353.8000,5353.6000,5352.6000,5355.0000,5355.8000,5356.0000,5356.2000,5356.4000,2,1,5,1,1,7,1,2,1,3
SF,IC2003,2020-01-03 14:05:20.400,5355.0000,53482,-1,9494744680.000,3,1,2,空平,B,5354.8000,5354.0000,5353.8000,5353.6000,5352.6000,5355.0000,5355.8000,5356.0000,5356.2000,5356.4000,2,2,5,1,1,4,1,2,1,3
SF,IC2003,2020-01-03 14:05:20.900,5355.0000,53482,0,9499028680.000,4,2,2,空换,B,5355.0000,5354.8000,5354.0000,5353.8000,5353.6000,5355.8000,5356.0000,5356.2000,5356.4000,5356.6000,3,2,2,2,1,1,2,1,3,4
SF,IC2003,2020-01-03 14:05:21.400,5355.0000,53482,0,9499028680.000,0,-,-,-,-,5355.2000,5355.0000,5354.8000,5354.0000,5353.8000,5355.8000,5356.0000,5356.2000,5356.4000,5356.6000,3,3,2,2,2,1,2,1,3,4
SF,IC2003,2020-01-03 14:05:21.900,5355.0000,53482,0,9499028680.000,0,-,-,-,-,5355.2000,5355.0000,5354.8000,5354.0000,5353.8000,5355.8000,5356.0000,5356.2000,5356.4000,5356.6000,3,3,2,2,1,1,2,1,3,4
SF,IC2003,2020-01-03 14:05:22.900,5355.0000,53482,0,9499028680.000,0,-,-,-,-,5355.2000,5355.0000,5354.8000,5354.0000,5353.6000,5355.8000,5356.0000,5356.2000,5356.4000,5356.6000,4,3,2,2,1,1,2,1,3,4
SF,IC2003,2020-01-03 14:05:23.400,5355.8000,53481,-1,9500099840.000,1,0,1,双平,B,5355.2000,5355.0000,5354.8000,5354.0000,5353.6000,5356.0000,5356.2000,5356.4000,5356.6000,5357.0000,1,3,2,2,1,2,1,3,4,2
SF,IC2003,2020-01-03 14:05:23.900,5355.8000,53481,0,9500099840.000,0,-,-,-,-,5355.2000,5355.0000,5354.8000,5354.0000,5353.6000,5356.0000,5356.2000,5356.4000,5356.6000,5357.0000,2,3,2,2,1,2,1,3,4,2
SF,IC2003,2020-01-03 14:05:24.400,5355.8000,53481,0,9500099840.000,0,-,-,-,-,5355.2000,5355.0000,5354.8000,5354.0000,5353.6000,5356.0000,5356.2000,5356.4000,5356.6000,5357.0000,1,3,2,2,1,2,1,3,4,2
SF,IC2003,2020-01-03 14:05:24.900,5355.8000,53481,0,9500099840.000,0,-,-,-,-,5355.2000,5354.8000,5354.0000,5353.6000,5352.6000,5356.0000,5356.2000,5356.4000,5356.6000,5357.0000,1,2,2,1,1,2,1,3,4,2
SF,IC2003,2020-01-03 14:05:25.400,5355.8000,53481,0,9500099840.000,0,-,-,-,-,5355.2000,5354.8000,5354.0000,5353.6000,5352.6000,5355.8000,5356.0000,5356.2000,5356.4000,5356.6000,1,2,2,1,1,1,2,1,3,4
SF,IC2003,2020-01-03 14:05:25.900,5355.8000,53481,0,9500099840.000,0,-,-,-,-,5354.0000,5353.6000,5352.6000,5352.2000,5351.4000,5355.2000,5355.8000,5356.0000,5356.2000,5356.4000,2,1,1,2,1,1,1,2,1,3
SF,IC2003,2020-01-03 14:05:26.400,5355.8000,53481,0,9500099840.000,0,-,-,-,-,5354.2000,5354.0000,5353.6000,5352.6000,5352.2000,5355.2000,5355.8000,5356.0000,5356.2000,5356.4000,3,1,1,1,2,1,1,2,1,3
SF,IC2003,2020-01-03 14:05:26.900,5355.8000,53481,0,9500099840.000,0,-,-,-,-,5354.2000,5353.6000,5352.6000,5352.2000,5351.4000,5355.2000,5355.8000,5356.0000,5356.2000,5356.4000,3,1,1,2,1,1,1,2,1,3
SF,IC2003,2020-01-03 14:05:27.900,5355.8000,53481,0,9500099840.000,0,-,-,-,-,5354.2000,5353.6000,5352.6000,5352.2000,5351.4000,5355.2000,5355.8000,5356.0000,5356.2000,5356.4000,2,1,1,2,1,1,1,2,1,3
SF,IC2003,2020-01-03 14:05:28.900,5354.2000,53481,0,9502241520.000,2,1,1,空换,B,5353.6000,5352.6000,5352.2000,5351.4000,5351.2000,5354.2000,5355.2000,5355.8000,5356.0000,5356.2000,1,1,2,1,1,3,1,1,3,1
SF,IC2003,2020-01-03 14:05:29.400,5354.2000,53481,0,9502241520.000,0,-,-,-,-,5353.6000,5352.6000,5352.2000,5351.4000,5351.2000,5354.2000,5355.2000,5356.0000,5356.2000,5356.4000,1,1,2,1,1,3,1,3,1,3
SF,IC2003,2020-01-03 14:05:31.400,5354.2000,53481,0,9502241520.000,0,-,-,-,-,5353.8000,5353.6000,5352.6000,5352.2000,5351.4000,5354.2000,5355.2000,5356.0000,5356.2000,5356.4000,2,1,1,2,1,3,1,3,1,3
SF,IC2003,2020-01-03 14:05:31.900,5354.2000,53481,0,9502241520.000,0,-,-,-,-,5353.8000,5353.6000,5352.6000,5352.2000,5351.4000,5354.2000,5355.2000,5356.0000,5356.2000,5356.4000,1,1,1,2,1,3,1,3,1,3
SF,IC2003,2020-01-03 14:05:34.400,5353.8000,53482,1,9503312280.000,1,1,0,双开,B,5353.6000,5352.6000,5352.2000,5351.4000,5351.2000,5354.2000,5355.2000,5356.0000,5356.2000,5356.4000,1,1,2,1,1,3,1,3,1,3
SF,IC2003,2020-01-03 14:05:35.900,5353.8000,53482,0,9503312280.000,0,-,-,-,-,5353.6000,5352.6000,5352.2000,5351.4000,5351.2000,5354.2000,5355.2000,5356.0000,5356.2000,5356.4000,1,1,2,1,1,3,1,3,1,3
SF,IC2003,2020-01-03 14:05:36.400,5353.8000,53482,0,9503312280.000,0,-,-,-,-,5353.6000,5352.6000,5352.2000,5351.4000,5351.2000,5354.2000,5355.2000,5356.0000,5356.2000,5356.4000,1,1,2,1,1,3,1,3,1,3
SF,IC2003,2020-01-03 14:05:38.900,5353.8000,53482,0,9503312280.000,0,-,-,-,-,5353.6000,5352.6000,5352.2000,5351.4000,5351.2000,5354.0000,5354.2000,5355.2000,5356.0000,5356.2000,1,1,2,1,1,1,3,1,3,1
SF,IC2003,2020-01-03 14:05:39.400,5353.8000,53482,0,9503312280.000,0,-,-,-,-,5353.6000,5352.6000,5352.2000,5351.4000,5351.2000,5353.8000,5354.0000,5354.2000,5355.2000,5356.0000,1,1,2,1,1,1,1,3,1,3
SF,IC2003,2020-01-03 14:05:39.900,5353.6000,53483,1,9505453720.000,2,1,1,多开,B,5352.6000,5352.2000,5351.4000,5351.2000,5349.6000,5353.8000,5354.0000,5354.2000,5355.2000,5356.0000,1,2,1,1,2,1,1,3,1,3
SF,IC2003,2020-01-03 14:05:40.400,5353.6000,53483,0,9505453720.000,0,-,-,-,-,5353.0000,5352.6000,5352.2000,5351.4000,5351.2000,5353.8000,5354.0000,5354.2000,5355.2000,5356.0000,1,1,2,1,1,1,1,3,1,3
SF,IC2003,2020-01-03 14:05:40.900,5353.6000,53483,0,9505453720.000,0,-,-,-,-,5352.6000,5352.2000,5351.4000,5351.2000,5349.6000,5353.6000,5353.8000,5354.0000,5354.2000,5355.2000,1,2,1,1,2,2,1,1,3,1
SF,IC2003,2020-01-03 14:05:41.400,5353.6000,53483,0,9505453720.000,0,-,-,-,-,5352.6000,5352.2000,5351.4000,5351.2000,5349.6000,5353.6000,5353.8000,5354.0000,5354.2000,5355.2000,1,2,1,1,2,2,1,1,3,1
SF,IC2003,2020-01-03 14:05:41.900,5353.6000,53483,0,9505453720.000,0,-,-,-,-,5352.6000,5352.2000,5351.4000,5351.2000,5349.6000,5353.4000,5353.6000,5353.8000,5354.0000,5354.2000,1,2,1,1,2,1,2,1,1,3
SF,IC2003,2020-01-03 14:05:42.400,5352.6000,53484,1,9506524240.000,1,1,0,双开,B,5352.2000,5351.4000,5351.2000,5349.6000,5348.8000,5353.2000,5353.4000,5353.8000,5354.0000,5354.2000,2,1,1,2,1,2,1,1,1,3
SF,IC2003,2020-01-03 14:05:42.900,5352.6000,53484,0,9506524240.000,0,-,-,-,-,5352.2000,5349.6000,5348.8000,5348.4000,5348.2000,5353.0000,5353.2000,5353.8000,5354.0000,5354.2000,2,2,1,2,1,1,2,1,1,3
SF,IC2003,2020-01-03 14:05:43.900,5352.6000,53484,0,9506524240.000,0,-,-,-,-,5352.4000,5352.2000,5349.6000,5348.8000,5348.4000,5353.0000,5353.2000,5353.8000,5354.0000,5354.2000,1,2,2,1,2,1,2,1,1,3
SF,IC2003,2020-01-03 14:05:44.400,5352.4000,53484,0,9507594720.000,1,0,1,空换,B,5352.2000,5349.6000,5348.8000,5348.4000,5348.2000,5352.4000,5352.8000,5353.0000,5353.8000,5354.0000,2,2,1,2,1,1,2,1,1,1
SF,IC2003,2020-01-03 14:05:44.900,5352.2000,53486,2,9509735600.000,2,2,0,双开,B,5349.6000,5348.8000,5348.4000,5348.2000,5347.4000,5352.8000,5353.0000,5353.8000,5354.0000,5354.2000,2,1,2,1,2,2,1,1,1,3
SF,IC2003,2020-01-03 14:05:45.400,5352.2000,53486,0,9509735600.000,0,-,-,-,-,5351.2000,5350.8000,5350.2000,5350.0000,5349.8000,5352.6000,5352.8000,5353.0000,5353.8000,5354.0000,1,1,1,4,6,2,2,1,1,1
SF,IC2003,2020-01-03 14:05:45.900,5352.2000,53486,0,9509735600.000,0,-,-,-,-,5351.4000,5350.8000,5350.2000,5350.0000,5349.8000,5352.4000,5353.0000,5353.8000,5354.0000,5354.2000,1,1,1,1,6,2,1,1,1,3
SF,IC2003,2020-01-03 14:05:46.900,5352.2000,53486,0,9509735600.000,0,-,-,-,-,5351.4000,5350.8000,5350.2000,5350.0000,5349.8000,5352.4000,5353.0000,5353.8000,5354.0000,5354.2000,1,1,1,1,5,2,1,1,1,3
SF,IC2003,2020-01-03 14:05:47.400,5352.2000,53486,0,9509735600.000,0,-,-,-,-,5350.8000,5350.2000,5350.0000,5349.8000,5349.6000,5352.4000,5353.0000,5353.8000,5354.0000,5354.2000,1,1,1,4,2,2,1,1,1,3
SF,IC2003,2020-01-03 14:05:47.900,5351.0000,53486,0,9510805800.000,1,0,1,空换,B,5351.0000,5350.8000,5350.2000,5350.0000,5349.8000,5353.0000,5353.8000,5354.0000,5354.2000,5355.2000,3,1,1,1,2,1,1,1,3,1
SF,IC2003,2020-01-03 14:05:48.400,5351.0000,53486,0,9510805800.000,0,-,-,-,-,5351.2000,5351.0000,5350.8000,5350.2000,5350.0000,5352.8000,5353.0000,5353.8000,5354.0000,5354.2000,1,3,1,1,1,2,1,1,1,3
SF,IC2003,2020-01-03 14:05:48.900,5351.0000,53486,0,9510805800.000,0,-,-,-,-,5351.4000,5351.2000,5350.8000,5350.0000,5349.8000,5352.8000,5353.0000,5353.8000,5354.0000,5354.2000,2,2,1,1,2,2,1,1,1,3
SF,IC2003,2020-01-03 14:05:49.400,5351.0000,53486,0,9510805800.000,0,-,-,-,-,5352.0000,5351.4000,5351.2000,5350.0000,5349.8000,5353.0000,5353.8000,5354.0000,5354.2000,5355.2000,1,3,2,1,2,1,1,1,3,1
SF,IC2003,2020-01-03 14:05:49.900,5351.0000,53486,0,9510805800.000,0,-,-,-,-,5351.4000,5351.2000,5350.0000,5349.8000,5349.6000,5352.8000,5353.0000,5353.8000,5354.0000,5354.2000,3,2,1,2,2,2,1,1,1,3
SF,IC2003,2020-01-03 14:05:50.900,5351.0000,53486,0,9510805800.000,0,-,-,-,-,5351.6000,5351.4000,5351.2000,5350.0000,5349.8000,5352.8000,5353.0000,5353.8000,5354.2000,5355.2000,1,3,1,1,2,2,1,1,3,1
SF,IC2003,2020-01-03 14:05:51.400,5351.0000,53486,0,9510805800.000,0,-,-,-,-,5351.6000,5351.4000,5351.2000,5350.0000,5349.8000,5352.8000,5353.0000,5353.8000,5354.2000,5355.2000,2,2,1,1,2,2,1,1,3,1
SF,IC2003,2020-01-03 14:05:51.900,5351.0000,53486,0,9510805800.000,0,-,-,-,-,5351.8000,5351.6000,5351.2000,5350.0000,5349.8000,5352.8000,5353.0000,5353.8000,5354.2000,5355.2000,2,2,1,1,2,2,1,1,3,1
SF,IC2003,2020-01-03 14:05:52.900,5351.0000,53486,0,9510805800.000,0,-,-,-,-,5351.8000,5351.6000,5350.0000,5349.8000,5349.6000,5352.8000,5353.0000,5353.8000,5354.2000,5355.2000,2,2,1,2,2,2,1,1,3,1
SF,IC2003,2020-01-03 14:05:53.400,5351.0000,53486,0,9510805800.000,0,-,-,-,-,5352.0000,5351.8000,5350.0000,5349.8000,5349.6000,5352.8000,5353.0000,5353.8000,5354.2000,5355.2000,3,2,1,2,2,2,1,1,3,1
SF,IC2003,2020-01-03 14:05:53.900,5351.0000,53486,0,9510805800.000,0,-,-,-,-,5352.0000,5351.8000,5350.0000,5349.8000,5349.6000,5352.8000,5353.0000,5353.8000,5354.2000,5355.2000,3,2,1,2,2,2,2,1,3,1
SF,IC2003,2020-01-03 14:05:55.400,5351.0000,53486,0,9510805800.000,0,-,-,-,-,5352.0000,5351.8000,5350.0000,5349.8000,5349.6000,5352.8000,5353.0000,5353.8000,5354.2000,5355.2000,2,2,1,2,2,2,3,1,3,1
SF,IC2003,2020-01-03 14:05:55.900,5351.0000,53486,0,9510805800.000,0,-,-,-,-,5352.0000,5350.0000,5349.8000,5349.6000,5348.8000,5352.8000,5353.0000,5353.8000,5354.2000,5355.2000,2,1,2,2,1,2,3,1,3,1
SF,IC2003,2020-01-03 14:05:56.400,5352.8000,53486,0,9511876360.000,1,0,1,空换,B,5352.0000,5350.0000,5349.8000,5349.6000,5348.8000,5352.8000,5353.0000,5353.8000,5354.2000,5355.2000,2,1,2,2,1,1,3,1,3,1
SF,IC2003,2020-01-03 14:05:57.400,5352.0000,53486,0,9512946760.000,1,0,1,空换,B,5352.0000,5350.0000,5349.8000,5349.6000,5348.8000,5352.8000,5353.0000,5353.8000,5354.2000,5355.2000,1,1,2,2,1,1,3,1,3,1
SF,IC2003,2020-01-03 14:05:57.900,5352.0000,53486,0,9512946760.000,0,-,-,-,-,5352.0000,5350.4000,5350.0000,5349.8000,5349.6000,5352.8000,5353.0000,5353.8000,5354.2000,5355.2000,1,1,1,2,2,1,3,1,3,1
SF,IC2003,2020-01-03 14:05:58.400,5352.0000,53486,0,9512946760.000,0,-,-,-,-,5352.0000,5350.4000,5350.0000,5349.8000,5349.6000,5352.8000,5353.0000,5353.8000,5354.2000,5355.2000,1,1,1,2,2,1,3,1,3,1
SF,IC2003,2020-01-03 14:05:58.900,5352.0000,53486,0,9512946760.000,0,-,-,-,-,5352.0000,5350.4000,5350.0000,5349.8000,5349.6000,5352.6000,5352.8000,5353.0000,5353.8000,5354.2000,2,1,1,2,2,1,1,3,1,3
SF,IC2003,2020-01-03 14:06:00.400,5352.0000,53486,0,9512946760.000,0,-,-,-,-,5352.0000,5350.4000,5350.0000,5349.8000,5349.6000,5352.6000,5352.8000,5353.0000,5353.8000,5354.2000,2,1,1,2,2,1,1,2,1,3
SF,IC2003,2020-01-03 14:06:00.900,5352.0000,53486,0,9512946760.000,0,-,-,-,-,5352.0000,5350.4000,5350.0000,5349.8000,5349.6000,5352.6000,5352.8000,5353.0000,5354.2000,5355.2000,2,1,1,2,2,1,1,2,3,1
SF,IC2003,2020-01-03 14:06:01.400,5352.0000,53486,0,9512946760.000,0,-,-,-,-,5352.0000,5350.4000,5350.0000,5349.8000,5349.6000,5352.4000,5352.6000,5353.0000,5354.2000,5355.2000,2,1,1,2,2,2,1,2,3,1
SF,IC2003,2020-01-03 14:06:01.900,5352.0000,53486,0,9514017160.000,1,0,1,空换,B,5352.0000,5350.4000,5350.0000,5349.8000,5349.6000,5352.2000,5352.4000,5352.6000,5353.0000,5354.2000,1,1,1,2,2,1,2,1,2,3
SF,IC2003,2020-01-03 14:06:02.400,5352.2000,53486,0,9515087600.000,1,0,1,空换,B,5352.0000,5350.4000,5350.0000,5349.8000,5349.6000,5352.4000,5352.6000,5353.0000,5354.2000,5355.2000,1,1,1,2,2,2,1,2,3,1
SF,IC2003,2020-01-03 14:06:02.900,5352.0000,53486,0,9516158000.000,1,0,1,空换,B,5350.4000,5350.0000,5349.8000,5349.6000,5348.8000,5352.4000,5352.6000,5353.0000,5354.2000,5355.2000,1,1,2,2,1,2,1,2,3,1
SF,IC2003,2020-01-03 14:06:03.400,5352.0000,53486,0,9516158000.000,0,-,-,-,-,5350.8000,5350.6000,5350.4000,5350.0000,5349.8000,5352.4000,5352.6000,5353.0000,5354.2000,5355.2000,1,4,1,1,2,2,1,2,3,1
SF,IC2003,2020-01-03 14:06:03.900,5352.0000,53486,0,9516158000.000,0,-,-,-,-,5351.0000,5350.8000,5350.4000,5349.8000,5349.6000,5352.4000,5352.6000,5353.0000,5354.2000,5355.2000,3,1,1,2,2,2,1,2,3,1
SF,IC2003,2020-01-03 14:06:04.400,5352.0000,53486,0,9516158000.000,0,-,-,-,-,5351.0000,5350.8000,5350.4000,5349.8000,5349.6000,5352.4000,5352.6000,5353.0000,5354.2000,5355.2000,2,1,1,2,2,2,1,2,3,1
SF,IC2003,2020-01-03 14:06:05.900,5352.0000,53486,0,9516158000.000,0,-,-,-,-,5351.2000,5351.0000,5350.8000,5350.4000,5349.8000,5352.4000,5352.6000,5353.0000,5354.2000,5355.2000,1,2,1,1,2,2,1,2,3,1
SF,IC2003,2020-01-03 14:06:06.900,5352.4000,53486,0,9517228480.000,1,0,1,空换,B,5351.2000,5351.0000,5350.8000,5350.4000,5349.8000,5352.4000,5352.6000,5353.0000,5354.2000,5355.2000,1,2,1,1,2,1,1,2,3,1
SF,IC2003,2020-01-03 14:06:07.400,5352.4000,53486,0,9517228480.000,0,-,-,-,-,5351.4000,5351.2000,5350.8000,5350.4000,5349.8000,5352.4000,5352.6000,5353.0000,5354.2000,5355.2000,3,1,1,1,2,1,1,2,3,1
SF,IC2003,2020-01-03 14:06:08.400,5352.4000,53486,0,9517228480.000,0,-,-,-,-,5351.4000,5351.2000,5350.8000,5350.4000,5349.8000,5352.4000,5352.6000,5353.0000,5354.2000,5355.2000,3,1,1,1,3,1,1,2,3,1
SF,IC2003,2020-01-03 14:06:08.900,5352.4000,53486,0,9517228480.000,0,-,-,-,-,5352.4000,5351.4000,5351.2000,5350.8000,5349.8000,5352.6000,5353.0000,5354.2000,5355.2000,5356.0000,1,3,1,1,3,1,2,3,1,2
SF,IC2003,2020-01-03 14:06:09.400,5352.4000,53486,0,9517228480.000,0,-,-,-,-,5352.4000,5351.4000,5351.2000,5350.8000,5349.8000,5352.6000,5353.0000,5354.2000,5355.2000,5356.0000,1,3,1,1,2,1,2,3,1,2
SF,IC2003,2020-01-03 14:06:09.900,5352.4000,53485,-1,9518298960.000,1,0,1,双平,B,5351.4000,5351.2000,5350.8000,5349.8000,5349.6000,5353.0000,5354.2000,5355.2000,5356.0000,5356.2000,3,1,1,2,2,2,3,1,2,1
SF,IC2003,2020-01-03 14:06:10.400,5352.4000,53485,0,9518298960.000,0,-,-,-,-,5351.4000,5350.8000,5349.8000,5349.6000,5348.8000,5352.8000,5353.0000,5354.2000,5355.2000,5356.0000,1,1,2,2,1,2,2,3,1,2
SF,IC2003,2020-01-03 14:06:11.900,5352.4000,53485,0,9518298960.000,0,-,-,-,-,5351.4000,5350.8000,5349.8000,5349.6000,5348.8000,5352.4000,5352.8000,5353.0000,5354.2000,5355.2000,1,1,2,2,1,1,2,2,3,1
SF,IC2003,2020-01-03 14:06:13.900,5352.4000,53485,0,9518298960.000,0,-,-,-,-,5351.4000,5350.8000,5349.8000,5349.6000,5349.4000,5352.4000,5352.8000,5353.0000,5354.2000,5355.2000,1,1,2,2,1,1,2,2,3,1
SF,IC2003,2020-01-03 14:06:15.900,5351.4000,53485,0,9519369240.000,1,0,1,空换,B,5350.8000,5349.8000,5349.6000,5349.4000,5348.8000,5352.4000,5352.8000,5353.0000,5354.2000,5355.2000,1,1,2,1,1,1,2,2,3,1
SF,IC2003,2020-01-03 14:06:16.400,5351.4000,53485,0,9519369240.000,0,-,-,-,-,5349.8000,5349.6000,5349.4000,5348.8000,5348.4000,5351.8000,5352.0000,5352.2000,5352.4000,5353.0000,1,2,1,1,2,1,2,2,1,2
SF,IC2003,2020-01-03 14:06:16.900,5351.4000,53485,0,9519369240.000,0,-,-,-,-,5350.4000,5350.0000,5349.6000,5349.4000,5348.8000,5351.6000,5352.4000,5353.0000,5354.2000,5354.8000,1,4,2,1,1,2,1,2,3,1
SF,IC2003,2020-01-03 14:06:17.400,5351.4000,53485,0,9519369240.000,0,-,-,-,-,5350.6000,5350.4000,5349.6000,5349.4000,5348.8000,5353.0000,5354.2000,5354.8000,5355.2000,5356.0000,3,1,2,1,1,2,3,1,1,2
SF,IC2003,2020-01-03 14:06:17.900,5351.4000,53485,0,9519369240.000,0,-,-,-,-,5350.6000,5350.4000,5349.6000,5349.4000,5348.8000,5352.2000,5352.4000,5352.6000,5352.8000,5353.0000,3,1,2,1,1,1,1,3,2,2
SF,IC2003,2020-01-03 14:06:18.400,5351.4000,53485,0,9519369240.000,0,-,-,-,-,5350.6000,5350.4000,5349.6000,5349.4000,5348.8000,5352.0000,5352.2000,5352.4000,5352.6000,5353.0000,3,1,2,1,1,2,1,1,3,2
SF,IC2003,2020-01-03 14:06:18.900,5351.4000,53485,0,9519369240.000,0,-,-,-,-,5350.4000,5349.6000,5349.4000,5348.8000,5348.4000,5352.0000,5352.2000,5352.4000,5352.6000,5353.0000,1,2,1,1,2,2,1,1,3,2
SF,IC2003,2020-01-03 14:06:19.400,5351.4000,53485,0,9519369240.000,0,-,-,-,-,5350.6000,5350.4000,5349.6000,5349.4000,5348.8000,5351.8000,5352.0000,5352.2000,5352.4000,5352.6000,2,1,2,1,1,1,2,1,1,3
SF,IC2003,2020-01-03 14:06:19.900,5351.4000,53485,0,9519369240.000,0,-,-,-,-,5350.6000,5350.4000,5349.6000,5348.8000,5348.4000,5351.6000,5351.8000,5352.2000,5352.4000,5352.6000,2,1,2,1,2,2,1,1,1,3
SF,IC2003,2020-01-03 14:06:20.400,5351.4000,53485,0,9519369240.000,0,-,-,-,-,5351.4000,5350.6000,5350.4000,5349.6000,5348.8000,5351.6000,5351.8000,5352.2000,5352.4000,5352.6000,2,3,1,2,1,2,1,1,1,3
SF,IC2003,2020-01-03 14:06:20.900,5351.4000,53487,2,9521509800.000,2,2,0,双开,B,5350.6000,5350.4000,5349.6000,5348.8000,5348.4000,5351.4000,5351.6000,5351.8000,5352.2000,5352.4000,3,1,2,1,2,3,2,1,1,1
SF,IC2003,2020-01-03 14:06:21.400,5351.4000,53487,0,9521509800.000,0,-,-,-,-,5350.6000,5350.4000,5349.6000,5349.0000,5348.8000,5351.2000,5352.2000,5352.4000,5352.6000,5353.0000,1,1,2,1,1,2,1,1,3,2
SF,IC2003,2020-01-03 14:06:21.900,5351.4000,53487,0,9521509800.000,0,-,-,-,-,5350.4000,5349.6000,5349.0000,5348.8000,5348.4000,5351.2000,5352.2000,5352.4000,5352.6000,5353.0000,1,2,1,1,2,2,1,1,3,2
SF,IC2003,2020-01-03 14:06:22.400,5351.4000,53487,0,9521509800.000,0,-,-,-,-,5350.4000,5349.6000,5349.0000,5348.8000,5348.4000,5350.6000,5351.2000,5352.2000,5352.4000,5352.6000,1,2,1,2,2,1,2,1,1,2
SF,IC2003,2020-01-03 14:06:22.900,5350.6000,53488,1,9522579920.000,1,1,0,双开,B,5350.6000,5349.6000,5349.0000,5348.8000,5348.4000,5351.2000,5352.2000,5352.4000,5352.6000,5353.0000,1,2,1,1,2,2,1,1,2,1
SF,IC2003,2020-01-03 14:06:24.900,5351.2000,53489,1,9523650160.000,1,1,0,双开,B,5350.6000,5349.6000,5349.0000,5348.8000,5348.4000,5351.2000,5352.2000,5352.4000,5352.6000,5353.0000,1,2,1,1,2,1,1,1,2,1
SF,IC2003,2020-01-03 14:06:25.400,5351.2000,53489,0,9523650160.000,0,-,-,-,-,5350.8000,5350.6000,5349.6000,5349.0000,5348.8000,5352.2000,5352.4000,5352.6000,5353.0000,5354.2000,2,1,2,1,1,1,1,2,1,3
SF,IC2003,2020-01-03 14:06:25.900,5351.2000,53489,0,9523650160.000,0,-,-,-,-,5350.8000,5350.6000,5349.6000,5349.0000,5348.8000,5352.2000,5352.4000,5352.6000,5353.0000,5354.2000,2,1,3,1,1,1,1,2,1,3
SF,IC2003,2020-01-03 14:06:26.400,5351.2000,53489,0,9523650160.000,0,-,-,-,-,5350.8000,5349.6000,5349.0000,5348.8000,5348.4000,5352.0000,5352.2000,5352.4000,5352.6000,5353.0000,2,3,1,1,2,1,1,1,2,1
SF,IC2003,2020-01-03 14:06:28.400,5351.2000,53489,0,9523650160.000,0,-,-,-,-,5351.0000,5350.8000,5349.6000,5349.0000,5348.8000,5352.0000,5352.2000,5352.4000,5352.6000,5353.0000,1,2,3,1,1,1,1,1,2,1
SF,IC2003,2020-01-03 14:06:28.900,5351.2000,53489,0,9523650160.000,0,-,-,-,-,5351.2000,5351.0000,5349.6000,5349.0000,5348.8000,5352.2000,5352.4000,5352.6000,5353.0000,5354.2000,2,1,3,1,1,1,1,2,1,3
SF,IC2003,2020-01-03 14:06:29.400,5351.2000,53489,0,9523650160.000,0,-,-,-,-,5351.0000,5349.6000,5349.0000,5348.8000,5348.4000,5352.2000,5352.4000,5352.6000,5353.0000,5354.2000,1,3,1,1,2,1,1,2,1,3
SF,IC2003,2020-01-03 14:06:29.900,5351.0000,53489,0,9524720360.000,1,0,1,空换,B,5349.6000,5349.0000,5348.8000,5348.4000,5348.2000,5352.0000,5352.2000,5352.4000,5352.6000,5353.0000,3,1,1,1,1,2,1,1,2,1
SF,IC2003,2020-01-03 14:06:30.400,5351.0000,53489,0,9524720360.000,0,-,-,-,-,5350.0000,5349.8000,5349.6000,5349.0000,5348.8000,5351.8000,5352.0000,5352.2000,5352.4000,5352.6000,4,2,4,1,1,1,1,1,1,2
SF,IC2003,2020-01-03 14:06:30.900,5351.0000,53489,0,9524720360.000,0,-,-,-,-,5350.2000,5350.0000,5349.6000,5349.0000,5348.8000,5351.6000,5351.8000,5352.2000,5352.4000,5352.6000,3,2,3,1,1,1,1,1,1,2
SF,IC2003,2020-01-03 14:06:31.400,5351.0000,53489,0,9524720360.000,0,-,-,-,-,5350.2000,5350.0000,5349.6000,5349.0000,5348.8000,5351.6000,5351.8000,5352.2000,5352.4000,5352.6000,3,2,3,1,1,1,1,2,1,2
SF,IC2003,2020-01-03 14:06:31.900,5351.0000,53489,0,9524720360.000,0,-,-,-,-,5350.2000,5350.0000,5349.6000,5349.0000,5348.8000,5351.6000,5352.2000,5352.4000,5352.6000,5353.0000,1,2,3,1,1,1,2,1,2,1
SF,IC2003,2020-01-03 14:06:32.400,5351.0000,53489,0,9524720360.000,0,-,-,-,-,5350.2000,5350.0000,5349.6000,5349.0000,5348.8000,5351.4000,5351.6000,5352.2000,5352.4000,5352.6000,1,2,2,1,1,1,1,2,1,2
SF,IC2003,2020-01-03 14:06:32.900,5351.0000,53489,0,9524720360.000,0,-,-,-,-,5350.2000,5350.0000,5349.6000,5349.0000,5348.8000,5351.2000,5351.4000,5352.2000,5352.4000,5352.6000,1,2,2,1,1,1,1,2,1,2
SF,IC2003,2020-01-03 14:06:33.400,5351.0000,53489,0,9524720360.000,0,-,-,-,-,5350.4000,5350.2000,5350.0000,5349.6000,5349.0000,5351.4000,5352.2000,5352.4000,5352.6000,5353.0000,3,1,2,2,1,1,2,1,2,1
SF,IC2003,2020-01-03 14:06:33.900,5351.0000,53489,0,9524720360.000,0,-,-,-,-,5350.4000,5350.0000,5349.6000,5349.0000,5348.8000,5351.4000,5352.2000,5352.4000,5352.6000,5353.0000,3,2,2,1,1,1,2,1,2,1
SF,IC2003,2020-01-03 14:06:34.900,5351.4000,53490,1,9525790640.000,1,1,0,双开,B,5350.4000,5350.0000,5349.0000,5348.8000,5347.4000,5352.2000,5352.4000,5352.6000,5353.0000,5354.2000,3,2,1,1,2,2,1,2,1,3
SF,IC2003,2020-01-03 14:06:35.400,5351.4000,53490,0,9525790640.000,0,-,-,-,-,5350.4000,5350.0000,5349.0000,5348.8000,5347.4000,5350.6000,5352.0000,5352.2000,5352.4000,5352.6000,3,2,1,1,2,1,1,2,1,2
SF,IC2003,2020-01-03 14:06:35.900,5350.6000,53491,1,9526860760.000,1,1,0,双开,B,5350.6000,5350.4000,5349.0000,5348.8000,5347.4000,5352.0000,5352.2000,5352.4000,5352.6000,5353.0000,9,1,1,1,2,1,2,1,2,1
SF,IC2003,2020-01-03 14:06:36.400,5350.6000,53491,0,9526860760.000,0,-,-,-,-,5350.8000,5350.6000,5350.4000,5349.0000,5348.8000,5352.0000,5352.2000,5352.4000,5352.6000,5353.0000,2,9,1,1,1,1,2,1,2,1
SF,IC2003,2020-01-03 14:06:36.900,5350.6000,53491,0,9526860760.000,0,-,-,-,-,5350.8000,5350.6000,5349.0000,5348.8000,5347.4000,5352.2000,5352.4000,5352.6000,5353.0000,5354.2000,2,8,1,1,2,2,1,2,1,3
SF,IC2003,2020-01-03 14:06:37.400,5350.6000,53491,0,9526860760.000,0,-,-,-,-,5351.0000,5350.8000,5350.6000,5349.0000,5348.8000,5352.2000,5352.6000,5353.0000,5354.2000,5354.8000,1,2,8,1,1,1,1,1,3,1
SF,IC2003,2020-01-03 14:06:37.900,5350.6000,53491,0,9526860760.000,0,-,-,-,-,5351.8000,5351.6000,5351.4000,5351.2000,5351.0000,5352.2000,5353.0000,5354.2000,5354.8000,5355.2000,2,1,1,2,1,1,1,3,1,1
SF,IC2003,2020-01-03 14:06:38.400,5352.2000,53491,0,9527931200.000,1,0,1,空换,B,5352.2000,5351.2000,5351.0000,5350.6000,5349.0000,5353.0000,5354.2000,5354.8000,5355.2000,5356.0000,1,2,1,4,1,1,3,1,1,2
SF,IC2003,2020-01-03 14:06:38.900,5352.2000,53491,0,9529001640.000,1,0,1,空换,B,5352.4000,5351.2000,5351.0000,5350.6000,5349.0000,5353.0000,5354.2000,5354.8000,5355.2000,5356.0000,1,2,1,4,1,1,3,1,1,2
SF,IC2003,2020-01-03 14:06:39.400,5352.4000,53491,0,9530072120.000,1,0,1,空换,B,5351.2000,5351.0000,5350.6000,5349.0000,5348.8000,5353.0000,5354.2000,5354.8000,5355.2000,5356.0000,2,1,4,1,1,1,3,1,1,2
SF,IC2003,2020-01-03 14:06:39.900,5352.4000,53491,0,9530072120.000,0,-,-,-,-,5351.8000,5351.6000,5351.2000,5351.0000,5350.6000,5352.8000,5353.0000,5354.2000,5354.8000,5355.2000,2,2,2,1,4,1,1,3,1,1
SF,IC2003,2020-01-03 14:06:40.400,5352.4000,53491,0,9530072120.000,0,-,-,-,-,5351.8000,5351.2000,5351.0000,5350.6000,5349.0000,5353.0000,5354.2000,5354.8000,5355.2000,5356.0000,2,2,1,4,1,1,3,1,1,2
SF,IC2003,2020-01-03 14:06:40.900,5352.4000,53491,0,9530072120.000,0,-,-,-,-,5352.0000,5351.8000,5351.0000,5350.6000,5349.0000,5353.0000,5354.2000,5354.8000,5355.2000,5356.0000,2,2,1,4,1,1,3,1,1,2
SF,IC2003,2020-01-03 14:06:41.400,5352.4000,53491,0,9530072120.000,0,-,-,-,-,5352.0000,5351.8000,5350.6000,5349.0000,5348.8000,5353.0000,5354.2000,5354.8000,5355.2000,5356.0000,2,2,2,1,1,1,3,1,1,2
SF,IC2003,2020-01-03 14:06:41.900,5352.4000,53491,0,9530072120.000,0,-,-,-,-,5352.0000,5351.8000,5350.6000,5349.0000,5348.8000,5353.0000,5354.2000,5354.8000,5355.2000,5356.0000,2,2,2,1,1,1,3,1,1,2
SF,IC2003,2020-01-03 14:06:43.400,5352.0000,53493,2,9532212920.000,2,2,0,双开,B,5351.8000,5350.6000,5349.0000,5348.8000,5347.4000,5353.0000,5354.2000,5354.8000,5355.2000,5356.0000,2,2,1,1,2,1,3,1,1,2
SF,IC2003,2020-01-03 14:06:43.900,5352.0000,53493,0,9532212920.000,0,-,-,-,-,5352.0000,5350.6000,5349.0000,5348.8000,5347.4000,5352.8000,5353.0000,5354.2000,5354.8000,5356.0000,1,2,1,1,2,2,1,3,1,2
SF,IC2003,2020-01-03 14:06:44.400,5352.0000,53493,0,9533283320.000,1,0,1,空换,B,5350.6000,5349.0000,5348.8000,5347.4000,5347.0000,5351.8000,5352.0000,5352.6000,5353.0000,5354.2000,2,1,1,2,1,1,1,1,1,3
SF,IC2003,2020-01-03 14:06:44.900,5352.0000,53493,0,9533283320.000,0,-,-,-,-,5350.8000,5350.6000,5349.0000,5348.8000,5347.4000,5351.6000,5352.0000,5352.6000,5353.0000,5354.2000,1,2,1,1,2,2,1,1,1,3
SF,IC2003,2020-01-03 14:06:45.400,5352.0000,53493,0,9533283320.000,0,-,-,-,-,5350.8000,5350.6000,5349.0000,5348.8000,5347.4000,5351.6000,5352.0000,5352.6000,5353.0000,5353.2000,1,2,3,1,2,2,1,1,1,1
SF,IC2003,2020-01-03 14:06:45.900,5352.0000,53493,0,9533283320.000,0,-,-,-,-,5350.8000,5350.6000,5349.0000,5348.8000,5347.4000,5351.6000,5352.0000,5352.6000,5353.0000,5353.2000,1,2,3,1,2,2,1,1,1,1
SF,IC2003,2020-01-03 14:06:48.400,5352.0000,53493,0,9533283320.000,0,-,-,-,-,5350.8000,5350.6000,5349.2000,5349.0000,5348.8000,5351.6000,5352.0000,5352.6000,5353.0000,5353.2000,1,2,1,3,1,2,1,1,1,1
SF,IC2003,2020-01-03 14:06:49.900,5352.0000,53493,0,9533283320.000,0,-,-,-,-,5350.8000,5350.6000,5350.2000,5349.2000,5349.0000,5351.6000,5352.0000,5352.6000,5353.0000,5353.2000,1,2,1,1,3,2,1,1,1,1
SF,IC2003,2020-01-03 14:06:50.900,5352.0000,53493,0,9533283320.000,0,-,-,-,-,5350.8000,5350.6000,5350.2000,5349.2000,5349.0000,5351.6000,5352.0000,5352.6000,5353.0000,5353.2000,1,2,1,1,3,2,1,1,1,1
SF,IC2003,2020-01-03 14:06:51.400,5352.0000,53493,0,9533283320.000,0,-,-,-,-,5350.8000,5350.6000,5350.2000,5349.2000,5349.0000,5351.6000,5352.6000,5353.0000,5353.2000,5354.2000,1,2,1,1,3,2,1,1,1,3
SF,IC2003,2020-01-03 14:06:51.900,5352.0000,53493,0,9533283320.000,0,-,-,-,-,5350.8000,5350.6000,5350.2000,5349.2000,5349.0000,5352.6000,5353.0000,5353.2000,5354.2000,5354.4000,1,2,1,1,3,1,1,1,3,1
SF,IC2003,2020-01-03 14:06:52.400,5352.0000,53493,0,9533283320.000,0,-,-,-,-,5351.6000,5351.0000,5350.8000,5350.6000,5350.2000,5352.4000,5352.6000,5353.0000,5353.2000,5354.2000,3,2,1,2,1,2,1,1,1,3
SF,IC2003,2020-01-03 14:06:52.900,5352.0000,53493,0,9533283320.000,0,-,-,-,-,5351.6000,5351.0000,5350.6000,5350.2000,5349.2000,5352.4000,5353.0000,5353.2000,5354.2000,5354.4000,3,2,1,1,1,2,1,1,3,1
SF,IC2003,2020-01-03 14:06:54.400,5351.8000,53493,0,9534353680.000,1,0,1,空换,B,5351.6000,5351.0000,5350.6000,5350.2000,5349.2000,5352.4000,5353.0000,5353.2000,5354.2000,5354.4000,3,2,1,1,1,2,1,1,3,1
SF,IC2003,2020-01-03 14:06:54.900,5351.8000,53493,0,9534353680.000,0,-,-,-,-,5351.6000,5351.0000,5350.6000,5350.2000,5349.2000,5353.0000,5353.2000,5354.2000,5354.4000,5354.8000,3,2,1,1,1,1,1,3,1,1
SF,IC2003,2020-01-03 14:06:55.400,5351.8000,53493,0,9534353680.000,0,-,-,-,-,5351.8000,5351.6000,5350.6000,5350.2000,5349.2000,5352.8000,5353.0000,5353.2000,5354.2000,5354.4000,2,3,1,1,1,3,1,1,3,1
SF,IC2003,2020-01-03 14:06:55.900,5351.8000,53493,0,9534353680.000,0,-,-,-,-,5351.8000,5351.6000,5350.6000,5350.2000,5349.2000,5352.8000,5353.0000,5353.2000,5354.2000,5354.4000,2,3,1,1,1,2,1,1,3,1
SF,IC2003,2020-01-03 14:06:57.400,5351.8000,53493,0,9534353680.000,0,-,-,-,-,5351.8000,5351.6000,5350.6000,5350.2000,5350.0000,5352.8000,5353.0000,5353.2000,5354.2000,5354.4000,2,3,1,1,1,2,1,1,3,1
SF,IC2003,2020-01-03 14:06:57.900,5351.8000,53493,0,9534353680.000,0,-,-,-,-,5352.0000,5351.8000,5350.6000,5350.2000,5350.0000,5352.8000,5353.0000,5353.2000,5354.2000,5354.4000,3,2,1,1,1,2,1,1,3,1
SF,IC2003,2020-01-03 14:06:58.900,5352.0000,53493,0,9535424080.000,1,0,1,空换,B,5352.0000,5351.8000,5350.6000,5350.2000,5350.0000,5352.8000,5353.0000,5353.2000,5354.2000,5354.4000,2,2,1,1,1,2,1,1,3,1
SF,IC2003,2020-01-03 14:06:59.400,5352.0000,53493,0,9535424080.000,0,-,-,-,-,5352.0000,5351.8000,5350.6000,5350.2000,5350.0000,5352.8000,5353.0000,5353.2000,5354.2000,5354.4000,2,2,1,1,1,2,1,1,3,1
SF,IC2003,2020-01-03 14:06:59.900,5352.0000,53493,0,9536494480.000,1,0,1,空换,B,5352.0000,5351.8000,5350.6000,5350.2000,5350.0000,5352.8000,5353.0000,5353.2000,5354.2000,5354.4000,1,2,1,1,1,2,1,1,3,1
SF,IC2003,2020-01-03 14:07:00.400,5352.0000,53493,0,9536494480.000,0,-,-,-,-,5352.0000,5350.6000,5350.2000,5350.0000,5349.2000,5352.6000,5352.8000,5353.0000,5353.2000,5354.2000,1,1,1,1,1,1,2,1,1,3
SF,IC2003,2020-01-03 14:07:00.900,5352.0000,53493,0,9536494480.000,0,-,-,-,-,5352.0000,5350.6000,5350.2000,5350.0000,5349.2000,5352.4000,5352.6000,5352.8000,5353.0000,5353.2000,1,1,1,1,1,1,1,2,1,1
SF,IC2003,2020-01-03 14:07:02.900,5352.0000,53493,0,9537564880.000,1,0,1,空换,B,5350.6000,5350.2000,5350.0000,5349.2000,5349.0000,5352.4000,5352.6000,5352.8000,5353.0000,5353.2000,1,1,1,1,3,1,1,2,1,1
SF,IC2003,2020-01-03 14:07:03.400,5352.0000,53493,0,9537564880.000,0,-,-,-,-,5351.2000,5351.0000,5350.8000,5350.6000,5350.2000,5352.2000,5352.4000,5352.6000,5353.0000,5353.2000,1,2,2,1,1,2,1,1,1,1
SF,IC2003,2020-01-03 14:07:03.900,5352.0000,53493,0,9537564880.000,0,-,-,-,-,5351.4000,5351.2000,5350.6000,5350.2000,5350.0000,5352.6000,5353.0000,5353.2000,5354.2000,5354.4000,2,1,1,1,1,1,1,1,3,1
SF,IC2003,2020-01-03 14:07:04.400,5352.0000,53493,0,9537564880.000,0,-,-,-,-,5351.4000,5351.2000,5350.6000,5350.2000,5350.0000,5352.6000,5352.8000,5353.0000,5353.2000,5354.2000,2,1,1,1,1,1,1,1,1,3
SF,IC2003,2020-01-03 14:07:04.900,5352.0000,53493,0,9537564880.000,0,-,-,-,-,5351.6000,5351.4000,5351.2000,5350.6000,5350.2000,5352.6000,5352.8000,5353.0000,5353.2000,5354.2000,1,2,1,1,1,1,1,1,1,3
SF,IC2003,2020-01-03 14:07:05.900,5352.6000,53493,0,9538635400.000,1,0,1,空换,B,5351.6000,5351.4000,5351.2000,5350.6000,5350.2000,5352.8000,5353.0000,5353.2000,5354.2000,5354.4000,1,2,1,1,1,1,1,1,3,1
SF,IC2003,2020-01-03 14:07:06.400,5352.6000,53493,0,9538635400.000,0,-,-,-,-,5351.8000,5351.6000,5351.4000,5351.2000,5350.6000,5353.0000,5353.2000,5354.2000,5354.4000,5354.8000,1,1,2,1,1,1,1,3,1,1
SF,IC2003,2020-01-03 14:07:07.900,5352.6000,53493,0,9538635400.000,0,-,-,-,-,5351.8000,5351.4000,5351.2000,5350.6000,5350.2000,5353.0000,5353.2000,5354.2000,5354.4000,5354.8000,1,2,1,1,1,1,1,3,1,1
SF,IC2003,2020-01-03 14:07:08.400,5352.6000,53493,0,9538635400.000,0,-,-,-,-,5351.8000,5351.4000,5351.2000,5350.6000,5350.2000,5352.8000,5353.0000,5353.2000,5354.2000,5354.4000,1,2,1,1,1,2,1,1,3,1
SF,IC2003,2020-01-03 14:07:09.900,5352.6000,53493,0,9538635400.000,0,-,-,-,-,5352.0000,5351.8000,5351.4000,5350.6000,5350.2000,5352.8000,5353.0000,5353.2000,5354.2000,5354.4000,1,1,2,1,1,2,1,1,3,1
SF,IC2003,2020-01-03 14:07:10.900,5353.2000,53493,0,9542917760.000,4,2,2,空换,B,5353.4000,5353.2000,5352.8000,5352.0000,5351.8000,5354.2000,5354.4000,5354.8000,5356.0000,5356.2000,1,2,2,1,1,3,1,1,2,1
SF,IC2003,2020-01-03 14:07:11.400,5353.2000,53493,0,9542917760.000,0,-,-,-,-,5352.8000,5352.0000,5351.8000,5351.4000,5350.2000,5354.2000,5354.4000,5354.8000,5356.0000,5356.2000,2,1,1,2,1,3,1,1,2,1
SF,IC2003,2020-01-03 14:07:11.900,5353.2000,53493,0,9542917760.000,0,-,-,-,-,5353.0000,5352.8000,5352.0000,5351.8000,5350.2000,5354.2000,5354.4000,5354.8000,5356.0000,5356.2000,3,2,1,1,1,3,1,1,2,1
SF,IC2003,2020-01-03 14:07:12.400,5353.2000,53493,0,9542917760.000,0,-,-,-,-,5353.4000,5353.2000,5353.0000,5352.8000,5352.0000,5354.2000,5354.4000,5354.8000,5356.0000,5356.2000,1,1,3,2,1,3,1,1,2,1
SF,IC2003,2020-01-03 14:07:12.900,5353.2000,53493,0,9542917760.000,0,-,-,-,-,5353.6000,5353.4000,5353.2000,5353.0000,5352.8000,5354.2000,5354.4000,5354.8000,5356.0000,5356.2000,2,1,1,1,2,3,1,1,2,1
SF,IC2003,2020-01-03 14:07:13.400,5354.2000,53491,-2,9545059440.000,2,0,2,双平,B,5353.6000,5353.4000,5353.2000,5353.0000,5352.8000,5354.2000,5354.4000,5354.8000,5356.0000,5356.2000,2,1,1,1,2,1,1,1,2,1
SF,IC2003,2020-01-03 14:07:13.900,5354.2000,53491,0,9545059440.000,0,-,-,-,-,5353.6000,5353.4000,5353.2000,5353.0000,5352.8000,5354.2000,5354.4000,5354.8000,5356.0000,5356.2000,2,1,1,1,2,1,1,1,2,1
SF,IC2003,2020-01-03 14:07:14.400,5354.2000,53491,0,9545059440.000,0,-,-,-,-,5353.6000,5353.4000,5353.2000,5353.0000,5352.8000,5354.2000,5354.4000,5354.8000,5356.0000,5356.2000,2,1,1,1,2,1,1,1,2,1
SF,IC2003,2020-01-03 14:07:14.900,5354.2000,53491,0,9545059440.000,0,-,-,-,-,5353.6000,5353.4000,5353.2000,5353.0000,5352.8000,5354.2000,5354.4000,5354.8000,5356.0000,5356.2000,2,1,1,1,2,1,1,1,2,1
SF,IC2003,2020-01-03 14:07:15.400,5354.2000,53491,0,9545059440.000,0,-,-,-,-,5353.8000,5353.6000,5353.4000,5353.2000,5353.0000,5354.2000,5354.4000,5354.8000,5356.0000,5356.2000,1,2,1,1,1,1,1,1,2,1
SF,IC2003,2020-01-03 14:07:16.400,5354.2000,53491,0,9545059440.000,0,-,-,-,-,5353.8000,5353.6000,5353.4000,5353.2000,5353.0000,5354.2000,5354.4000,5354.8000,5356.0000,5356.2000,1,2,1,1,1,1,1,1,2,1
SF,IC2003,2020-01-03 14:07:17.900,5353.8000,53490,-1,9546130200.000,1,0,1,双平,B,5353.6000,5353.4000,5353.2000,5353.0000,5351.8000,5354.2000,5354.4000,5354.8000,5356.0000,5356.2000,2,1,1,1,1,1,1,1,2,1
SF,IC2003,2020-01-03 14:07:18.400,5353.8000,53490,0,9546130200.000,0,-,-,-,-,5353.6000,5353.4000,5353.2000,5353.0000,5351.8000,5354.0000,5354.2000,5354.4000,5354.8000,5356.0000,2,1,1,1,1,1,1,1,1,2
SF,IC2003,2020-01-03 14:07:18.900,5354.0000,53491,1,9547201000.000,1,1,0,双开,B,5353.6000,5353.4000,5353.2000,5353.0000,5351.8000,5354.2000,5354.4000,5354.8000,5356.0000,5356.2000,2,1,1,1,1,1,1,1,2,1
SF,IC2003,2020-01-03 14:07:19.400,5353.6000,53491,0,9549342560.000,2,1,1,空换,B,5353.6000,5353.4000,5353.2000,5353.0000,5351.8000,5354.4000,5354.8000,5356.0000,5356.2000,5356.4000,1,1,1,1,1,1,1,2,1,3
SF,IC2003,2020-01-03 14:07:20.400,5353.6000,53491,0,9549342560.000,0,-,-,-,-,5353.8000,5353.6000,5353.4000,5353.2000,5353.0000,5354.4000,5354.8000,5356.0000,5356.2000,5356.4000,1,1,1,1,1,1,1,2,1,3
SF,IC2003,2020-01-03 14:07:21.900,5353.8000,53490,-1,9550413320.000,1,0,1,双平,B,5354.0000,5353.6000,5353.4000,5353.2000,5353.0000,5354.4000,5354.8000,5356.0000,5356.2000,5356.4000,1,1,1,1,1,1,1,2,1,3
SF,IC2003,2020-01-03 14:07:22.400,5354.4000,53489,-1,9551484200.000,1,0,1,双平,B,5354.0000,5353.6000,5353.4000,5353.2000,5351.8000,5354.8000,5356.0000,5356.2000,5356.4000,5356.6000,1,1,1,1,1,1,2,1,3,4
SF,IC2003,2020-01-03 14:07:22.900,5354.0000,53488,-1,9552555000.000,1,0,1,双平,B,5354.4000,5353.6000,5353.4000,5353.2000,5351.8000,5354.8000,5356.0000,5356.2000,5356.4000,5356.6000,1,1,1,1,1,1,2,1,3,4
SF,IC2003,2020-01-03 14:07:23.400,5354.0000,53488,0,9552555000.000,0,-,-,-,-,5354.4000,5353.6000,5353.4000,5353.2000,5351.8000,5354.8000,5355.2000,5356.0000,5356.2000,5356.4000,1,1,1,1,1,1,1,2,1,3
SF,IC2003,2020-01-03 14:07:24.400,5354.0000,53488,0,9552555000.000,0,-,-,-,-,5354.4000,5353.6000,5351.8000,5350.2000,5350.0000,5354.8000,5355.2000,5356.0000,5356.2000,5356.4000,1,1,1,1,1,1,1,2,1,3
SF,IC2003,2020-01-03 14:07:24.900,5354.8000,53487,-1,9554696840.000,2,0,2,空平,B,5353.6000,5351.8000,5350.2000,5350.0000,5349.0000,5354.4000,5356.0000,5356.2000,5356.4000,5356.6000,1,1,1,1,3,1,2,1,3,3
SF,IC2003,2020-01-03 14:07:25.400,5354.4000,53486,-1,9555767720.000,1,0,1,双平,B,5353.6000,5351.8000,5350.2000,5350.0000,5349.0000,5354.2000,5356.0000,5356.2000,5356.4000,5356.6000,1,1,1,1,3,1,2,1,3,3
SF,IC2003,2020-01-03 14:07:25.900,5354.2000,53486,0,9556838560.000,1,0,1,空换,B,5353.8000,5353.6000,5351.8000,5350.2000,5350.0000,5354.2000,5354.8000,5356.0000,5356.2000,5356.4000,1,1,1,1,1,1,1,2,1,3
SF,IC2003,2020-01-03 14:07:26.400,5354.2000,53486,0,9556838560.000,0,-,-,-,-,5353.8000,5353.6000,5352.8000,5351.8000,5350.2000,5354.8000,5356.0000,5356.2000,5356.4000,5356.6000,1,1,1,1,1,1,2,1,3,3
SF,IC2003,2020-01-03 14:07:26.900,5354.2000,53486,0,9556838560.000,0,-,-,-,-,5354.2000,5354.0000,5353.8000,5352.8000,5351.8000,5354.6000,5354.8000,5356.0000,5356.2000,5356.4000,1,2,1,1,1,1,1,2,1,3
SF,IC2003,2020-01-03 14:07:27.400,5354.2000,53486,0,9556838560.000,0,-,-,-,-,5354.2000,5354.0000,5353.8000,5352.8000,5351.8000,5354.8000,5356.0000,5356.2000,5356.4000,5356.6000,1,2,1,1,1,1,2,1,3,3
SF,IC2003,2020-01-03 14:07:27.900,5354.2000,53486,0,9556838560.000,0,-,-,-,-,5354.2000,5354.0000,5353.8000,5352.8000,5351.8000,5354.8000,5355.2000,5356.0000,5356.2000,5356.4000,1,2,1,1,1,1,1,2,1,3
SF,IC2003,2020-01-03 14:07:28.400,5354.8000,53486,0,9557909520.000,1,0,1,空换,B,5354.2000,5354.0000,5353.8000,5352.8000,5351.8000,5355.2000,5356.0000,5356.2000,5356.4000,5356.6000,1,2,1,1,1,1,2,1,3,3
SF,IC2003,2020-01-03 14:07:28.900,5354.8000,53486,0,9557909520.000,0,-,-,-,-,5354.8000,5354.4000,5354.2000,5352.8000,5351.8000,5356.0000,5356.2000,5356.4000,5356.6000,5357.0000,1,2,1,1,1,2,1,3,3,1
SF,IC2003,2020-01-03 14:07:29.400,5354.8000,53486,0,9557909520.000,0,-,-,-,-,5355.0000,5354.8000,5354.2000,5352.8000,5351.8000,5355.8000,5356.0000,5356.2000,5356.4000,5356.6000,2,1,1,1,1,1,2,1,3,3
SF,IC2003,2020-01-03 14:07:30.400,5355.8000,53486,0,9558980680.000,1,0,1,空换,B,5355.2000,5355.0000,5354.8000,5354.2000,5352.8000,5355.6000,5356.0000,5356.2000,5356.4000,5356.6000,1,2,1,1,1,1,2,1,3,3
SF,IC2003,2020-01-03 14:07:30.900,5355.8000,53487,1,9562194160.000,3,2,1,多开,B,5355.2000,5354.8000,5354.2000,5352.8000,5351.8000,5355.8000,5356.0000,5356.2000,5356.4000,5356.6000,1,1,1,1,1,1,1,1,3,3
SF,IC2003,2020-01-03 14:07:31.400,5355.8000,53487,0,9562194160.000,0,-,-,-,-,5355.4000,5355.2000,5354.8000,5354.2000,5352.8000,5355.8000,5356.0000,5356.2000,5356.4000,5356.6000,3,1,2,1,1,1,1,1,3,3
SF,IC2003,2020-01-03 14:07:31.900,5355.8000,53488,1,9563265320.000,1,1,0,双开,B,5355.8000,5355.6000,5355.4000,5355.2000,5354.8000,5356.0000,5356.2000,5356.4000,5356.6000,5357.0000,1,1,3,1,2,1,1,3,3,1
SF,IC2003,2020-01-03 14:07:32.400,5356.2000,53489,1,9565407760.000,2,1,1,多开,B,5355.8000,5355.6000,5355.4000,5355.2000,5354.8000,5356.4000,5356.6000,5357.0000,5358.0000,5358.4000,1,1,3,1,2,3,3,1,11,3
SF,IC2003,2020-01-03 14:07:32.900,5355.4000,53488,-1,9571834840.000,6,2,4,空平,B,5355.2000,5354.8000,5354.2000,5352.8000,5351.8000,5356.4000,5356.6000,5357.0000,5358.0000,5358.4000,1,2,1,1,1,2,3,1,11,3
SF,IC2003,2020-01-03 14:07:33.400,5356.4000,53487,-1,9572906120.000,1,0,1,双平,B,5355.8000,5355.6000,5355.4000,5355.2000,5354.8000,5356.4000,5356.6000,5357.0000,5358.0000,5358.4000,1,1,3,1,2,1,3,1,11,3
SF,IC2003,2020-01-03 14:07:33.900,5356.4000,53486,-1,9573977400.000,1,0,1,双平,B,5355.6000,5355.4000,5355.2000,5354.8000,5354.2000,5356.6000,5357.0000,5358.0000,5358.4000,5358.6000,1,3,1,2,1,2,1,11,3,3
SF,IC2003,2020-01-03 14:07:34.400,5356.4000,53486,0,9573977400.000,0,-,-,-,-,5355.8000,5355.6000,5355.4000,5355.2000,5354.8000,5356.6000,5357.0000,5358.0000,5358.4000,5358.6000,2,1,1,1,2,2,1,11,3,3
SF,IC2003,2020-01-03 14:07:34.900,5356.6000,53486,0,9575048720.000,1,0,1,空换,B,5356.2000,5356.0000,5355.8000,5355.6000,5355.4000,5356.6000,5357.0000,5358.0000,5358.4000,5358.6000,1,1,2,1,1,1,1,11,3,3
SF,IC2003,2020-01-03 14:07:35.400,5356.6000,53487,1,9577191360.000,2,1,1,多开,B,5356.0000,5355.8000,5355.6000,5355.4000,5354.8000,5357.0000,5358.0000,5358.4000,5358.6000,5358.8000,1,2,1,1,2,1,11,3,3,5
SF,IC2003,2020-01-03 14:07:35.900,5356.6000,53487,0,9577191360.000,0,-,-,-,-,5356.2000,5356.0000,5355.6000,5355.4000,5354.8000,5357.0000,5358.0000,5358.4000,5358.6000,5358.8000,2,1,1,1,2,1,11,3,3,5
SF,IC2003,2020-01-03 14:07:36.400,5356.6000,53487,0,9577191360.000,0,-,-,-,-,5356.6000,5356.4000,5356.2000,5356.0000,5355.6000,5357.0000,5358.0000,5358.4000,5358.6000,5358.8000,1,1,2,1,1,1,11,3,3,5
SF,IC2003,2020-01-03 14:07:36.900,5357.0000,53487,0,9578262760.000,1,0,1,空换,B,5356.4000,5356.2000,5356.0000,5355.6000,5355.4000,5358.0000,5358.4000,5358.6000,5358.8000,5359.0000,1,2,1,1,1,11,3,3,5,3
SF,IC2003,2020-01-03 14:07:37.400,5357.0000,53488,1,9579334160.000,1,1,0,双开,B,5357.6000,5356.8000,5356.4000,5356.2000,5356.0000,5357.8000,5358.0000,5358.4000,5358.6000,5358.8000,3,1,1,2,1,3,11,3,3,5
SF,IC2003,2020-01-03 14:07:37.900,5357.6000,53491,3,9582548720.000,3,3,0,双开,B,5356.8000,5356.4000,5356.0000,5355.6000,5355.4000,5357.4000,5357.6000,5357.8000,5358.0000,5358.4000,1,1,1,1,1,1,13,1,11,3
SF,IC2003,2020-01-03 14:07:38.400,5356.8000,53493,2,9584691440.000,2,2,0,双开,B,5356.4000,5355.6000,5355.4000,5354.8000,5354.2000,5356.8000,5357.2000,5357.6000,5357.8000,5358.0000,1,1,1,2,1,2,2,2,1,11
SF,IC2003,2020-01-03 14:07:38.900,5356.8000,53493,0,9585762800.000,1,0,1,空换,B,5356.4000,5355.6000,5355.4000,5354.8000,5354.2000,5356.8000,5357.2000,5357.6000,5357.8000,5358.0000,1,1,1,2,1,1,2,2,1,11
SF,IC2003,2020-01-03 14:07:39.400,5356.4000,53493,0,9587905520.000,2,1,1,空换,B,5354.8000,5354.2000,5352.8000,5350.2000,5349.0000,5357.2000,5357.6000,5357.8000,5358.0000,5358.4000,2,1,1,1,3,1,2,1,11,3
SF,IC2003,2020-01-03 14:07:39.900,5356.4000,53493,0,9587905520.000,0,-,-,-,-,5355.2000,5355.0000,5354.8000,5354.2000,5352.8000,5357.2000,5357.6000,5357.8000,5358.0000,5358.4000,3,4,2,1,1,1,2,1,11,3
SF,IC2003,2020-01-03 14:07:40.400,5356.4000,53493,0,9587905520.000,0,-,-,-,-,5355.4000,5355.2000,5355.0000,5354.8000,5354.2000,5357.2000,5357.6000,5357.8000,5358.0000,5358.4000,2,1,2,2,1,1,2,1,11,3
SF,IC2003,2020-01-03 14:07:40.900,5356.4000,53493,0,9587905520.000,0,-,-,-,-,5355.2000,5355.0000,5354.8000,5354.2000,5352.8000,5357.2000,5357.6000,5357.8000,5358.0000,5358.4000,1,2,2,1,1,1,2,1,11,3
SF,IC2003,2020-01-03 14:07:41.400,5357.2000,53494,1,9588976960.000,1,1,0,双开,B,5355.4000,5355.2000,5355.0000,5354.8000,5354.2000,5357.6000,5357.8000,5358.0000,5358.4000,5358.6000,2,1,2,2,1,2,1,11,3,3
SF,IC2003,2020-01-03 14:07:41.900,5357.2000,53494,0,9588976960.000,0,-,-,-,-,5355.4000,5355.2000,5355.0000,5354.8000,5354.2000,5357.4000,5357.6000,5357.8000,5358.0000,5358.4000,2,1,2,2,1,4,2,1,11,3
SF,IC2003,2020-01-03 14:07:42.400,5355.6000,53494,0,9590048080.000,1,0,1,空换,B,5355.6000,5355.4000,5355.2000,5355.0000,5354.8000,5357.2000,5357.4000,5357.6000,5357.8000,5358.0000,1,2,1,2,2,1,4,2,1,11
SF,IC2003,2020-01-03 14:07:42.900,5355.6000,53494,0,9590048080.000,0,-,-,-,-,5355.8000,5355.2000,5355.0000,5354.8000,5354.2000,5357.0000,5357.2000,5357.4000,5357.8000,5358.0000,2,1,2,2,1,2,1,2,1,11
SF,IC2003,2020-01-03 14:07:43.900,5355.6000,53494,0,9590048080.000,0,-,-,-,-,5355.8000,5355.2000,5355.0000,5354.8000,5354.2000,5357.0000,5357.2000,5357.4000,5357.8000,5358.0000,2,1,2,2,1,2,1,1,1,11
SF,IC2003,2020-01-03 14:07:44.900,5357.0000,53494,0,9592190880.000,2,1,1,空换,B,5355.8000,5355.2000,5355.0000,5354.8000,5354.2000,5357.0000,5357.2000,5357.4000,5357.8000,5358.0000,2,1,1,2,1,1,3,1,1,11
SF,IC2003,2020-01-03 14:07:45.900,5357.0000,53494,0,9592190880.000,0,-,-,-,-,5355.8000,5355.2000,5355.0000,5354.8000,5354.2000,5357.0000,5357.2000,5357.4000,5357.8000,5358.0000,2,1,1,2,1,1,3,1,1,11
SF,IC2003,2020-01-03 14:07:46.400,5357.0000,53494,0,9592190880.000,0,-,-,-,-,5355.8000,5355.2000,5355.0000,5354.8000,5354.2000,5357.0000,5357.2000,5357.4000,5357.8000,5358.0000,2,1,1,2,1,1,3,1,1,11
SF,IC2003,2020-01-03 14:07:46.900,5357.0000,53494,0,9592190880.000,0,-,-,-,-,5356.0000,5355.8000,5355.2000,5355.0000,5354.8000,5357.0000,5357.2000,5357.4000,5357.8000,5358.0000,1,2,1,1,2,1,3,1,1,11
SF,IC2003,2020-01-03 14:07:47.400,5357.0000,53494,0,9592190880.000,0,-,-,-,-,5356.2000,5356.0000,5355.2000,5355.0000,5354.8000,5357.0000,5357.2000,5357.4000,5357.8000,5358.0000,2,1,1,1,2,1,3,1,1,11
SF,IC2003,2020-01-03 14:07:47.900,5357.0000,53494,0,9592190880.000,0,-,-,-,-,5356.2000,5356.0000,5355.0000,5354.8000,5354.2000,5357.0000,5357.2000,5357.4000,5357.8000,5358.0000,2,1,1,2,1,1,2,1,1,11
SF,IC2003,2020-01-03 14:07:48.900,5357.0000,53494,0,9592190880.000,0,-,-,-,-,5356.2000,5356.0000,5355.0000,5354.8000,5354.2000,5357.0000,5357.2000,5357.4000,5357.8000,5358.0000,2,1,1,2,1,2,2,1,1,11
SF,IC2003,2020-01-03 14:07:49.900,5357.0000,53494,0,9592190880.000,0,-,-,-,-,5356.2000,5355.0000,5354.8000,5354.2000,5352.8000,5357.0000,5357.2000,5357.8000,5358.0000,5358.6000,2,1,2,1,1,2,2,1,11,3
SF,IC2003,2020-01-03 14:07:50.900,5357.0000,53494,0,9592190880.000,0,-,-,-,-,5356.2000,5355.0000,5354.8000,5354.2000,5352.8000,5357.0000,5357.2000,5357.8000,5358.0000,5358.6000,2,1,2,1,1,2,2,1,11,3
SF,IC2003,2020-01-03 14:07:51.900,5356.2000,53495,1,9593262120.000,1,1,0,双开,B,5356.4000,5356.2000,5355.0000,5354.8000,5354.2000,5357.0000,5357.2000,5357.8000,5358.0000,5358.6000,1,1,1,2,1,2,2,1,11,3
SF,IC2003,2020-01-03 14:07:53.400,5356.2000,53495,0,9593262120.000,0,-,-,-,-,5356.6000,5356.4000,5356.2000,5355.0000,5354.8000,5357.0000,5357.2000,5357.8000,5358.0000,5358.6000,1,1,1,1,2,2,2,1,11,3
SF,IC2003,2020-01-03 14:07:53.900,5356.2000,53495,0,9593262120.000,0,-,-,-,-,5356.8000,5356.6000,5356.4000,5355.0000,5354.8000,5357.0000,5357.2000,5357.8000,5358.0000,5358.6000,3,1,1,1,2,2,2,1,11,3
SF,IC2003,2020-01-03 14:07:54.400,5357.2000,53495,0,9596476360.000,3,1,2,空换,B,5357.0000,5356.8000,5356.6000,5356.4000,5355.0000,5357.2000,5357.8000,5358.0000,5358.6000,5358.8000,1,1,1,1,1,1,1,11,3,5
SF,IC2003,2020-01-03 14:07:54.900,5357.2000,53495,0,9597547800.000,1,0,1,空换,B,5357.0000,5356.6000,5355.0000,5354.8000,5354.2000,5357.8000,5358.0000,5358.6000,5358.8000,5359.0000,1,1,1,2,1,1,11,3,5,3
SF,IC2003,2020-01-03 14:07:55.400,5357.2000,53495,0,9597547800.000,0,-,-,-,-,5355.0000,5354.8000,5354.2000,5352.8000,5350.2000,5357.8000,5358.0000,5358.6000,5358.8000,5359.0000,1,2,1,1,1,1,11,3,5,3
SF,IC2003,2020-01-03 14:07:55.900,5357.2000,53495,0,9597547800.000,0,-,-,-,-,5357.0000,5356.8000,5356.0000,5355.8000,5355.6000,5357.6000,5357.8000,5358.0000,5358.6000,5358.8000,1,1,1,4,2,1,1,11,3,5
SF,IC2003,2020-01-03 14:07:56.400,5357.2000,53495,0,9597547800.000,0,-,-,-,-,5356.0000,5355.8000,5355.6000,5355.4000,5355.2000,5357.8000,5358.0000,5358.6000,5358.8000,5359.0000,2,2,1,1,7,1,11,3,5,3
SF,IC2003,2020-01-03 14:07:56.900,5356.4000,53494,-1,9598619080.000,1,0,1,双平,B,5356.4000,5356.2000,5356.0000,5355.8000,5355.6000,5357.8000,5358.0000,5358.6000,5358.8000,5359.0000,1,4,2,2,1,1,11,3,5,3
SF,IC2003,2020-01-03 14:07:57.400,5356.4000,53494,0,9598619080.000,0,-,-,-,-,5357.0000,5356.6000,5356.4000,5356.2000,5356.0000,5357.8000,5358.0000,5358.6000,5358.8000,5359.0000,1,4,1,1,2,1,11,3,5,3
SF,IC2003,2020-01-03 14:07:57.900,5356.4000,53494,0,9598619080.000,0,-,-,-,-,5357.6000,5356.6000,5356.4000,5356.2000,5356.0000,5357.8000,5358.0000,5358.6000,5358.8000,5359.0000,1,4,1,1,2,1,11,3,5,3
SF,IC2003,2020-01-03 14:07:58.400,5356.4000,53494,0,9598619080.000,0,-,-,-,-,5357.6000,5356.6000,5356.4000,5356.2000,5356.0000,5357.8000,5358.0000,5358.6000,5358.8000,5359.0000,1,4,1,1,2,1,11,3,7,3
SF,IC2003,2020-01-03 14:07:58.900,5357.6000,53494,0,9599690600.000,1,0,1,空换,B,5357.6000,5356.6000,5356.4000,5356.2000,5356.0000,5357.8000,5358.0000,5358.6000,5358.8000,5359.0000,1,4,1,1,2,1,11,3,7,3
SF,IC2003,2020-01-03 14:07:59.400,5357.6000,53496,2,9601833640.000,2,2,0,双开,B,5356.6000,5356.4000,5356.2000,5356.0000,5355.8000,5357.6000,5357.8000,5358.0000,5358.6000,5358.8000,5,1,1,1,1,3,1,11,3,7
SF,IC2003,2020-01-03 14:07:59.900,5357.6000,53496,0,9601833640.000,0,-,-,-,-,5356.6000,5356.4000,5356.2000,5356.0000,5355.8000,5357.6000,5357.8000,5358.0000,5358.6000,5358.8000,4,1,1,1,1,3,1,11,3,7
SF,IC2003,2020-01-03 14:08:00.400,5357.6000,53496,0,9601833640.000,0,-,-,-,-,5356.6000,5356.2000,5356.0000,5355.8000,5355.6000,5357.6000,5357.8000,5358.0000,5358.6000,5358.8000,3,1,1,1,1,3,1,11,3,7
SF,IC2003,2020-01-03 14:08:00.900,5357.6000,53496,0,9601833640.000,0,-,-,-,-,5356.6000,5355.4000,5355.2000,5355.0000,5354.8000,5357.4000,5357.6000,5357.8000,5358.0000,5358.6000,1,1,1,2,2,2,3,1,11,3
SF,IC2003,2020-01-03 14:08:01.400,5357.6000,53496,0,9601833640.000,0,-,-,-,-,5356.6000,5355.4000,5355.2000,5355.0000,5354.8000,5357.2000,5357.4000,5357.6000,5357.8000,5358.0000,1,1,1,2,2,1,2,3,1,11
SF,IC2003,2020-01-03 14:08:01.900,5356.6000,53495,-1,9602904960.000,1,0,1,双平,B,5355.4000,5355.2000,5355.0000,5354.8000,5354.2000,5356.6000,5357.2000,5357.4000,5357.8000,5358.0000,1,1,2,2,1,3,1,2,1,11
SF,IC2003,2020-01-03 14:08:02.400,5356.6000,53496,1,9603976280.000,1,1,0,双开,B,5356.2000,5356.0000,5355.6000,5355.4000,5355.2000,5356.6000,5357.2000,5357.4000,5358.0000,5358.6000,1,1,2,1,1,3,1,2,11,3
SF,IC2003,2020-01-03 14:08:02.900,5356.2000,53495,-1,9605047520.000,1,0,1,双平,B,5355.6000,5355.0000,5354.8000,5354.2000,5352.8000,5356.2000,5357.4000,5358.0000,5358.6000,5358.8000,2,1,2,1,1,2,2,11,3,7
SF,IC2003,2020-01-03 14:08:03.400,5356.2000,53495,0,9605047520.000,0,-,-,-,-,5355.6000,5355.0000,5354.8000,5354.2000,5352.8000,5356.4000,5357.4000,5358.0000,5358.6000,5358.8000,2,1,2,1,1,2,2,11,3,7
SF,IC2003,2020-01-03 14:08:04.400,5356.2000,53495,0,9605047520.000,0,-,-,-,-,5355.6000,5355.0000,5354.8000,5354.2000,5352.8000,5356.4000,5357.0000,5357.4000,5358.0000,5358.6000,2,1,2,1,1,2,1,2,11,3
SF,IC2003,2020-01-03 14:08:04.900,5356.2000,53495,0,9605047520.000,0,-,-,-,-,5355.6000,5355.0000,5354.8000,5354.2000,5352.8000,5356.4000,5357.0000,5357.4000,5358.0000,5358.6000,2,1,2,1,1,2,1,2,11,3
SF,IC2003,2020-01-03 14:08:05.400,5355.6000,53495,0,9607189920.000,2,1,1,空换,B,5355.6000,5355.0000,5354.8000,5354.2000,5352.8000,5356.4000,5357.0000,5357.4000,5358.0000,5358.6000,1,1,2,1,1,1,1,2,11,3
SF,IC2003,2020-01-03 14:08:06.400,5356.4000,53495,0,9608261200.000,1,0,1,空换,B,5355.8000,5355.6000,5355.0000,5354.8000,5354.2000,5357.0000,5357.4000,5358.0000,5358.6000,5358.8000,1,1,1,2,1,1,2,11,3,7
SF,IC2003,2020-01-03 14:08:06.900,5356.4000,53495,0,9608261200.000,0,-,-,-,-,5355.8000,5355.0000,5354.8000,5354.2000,5352.8000,5356.6000,5356.8000,5357.4000,5358.0000,5358.6000,1,1,2,1,1,1,2,1,11,3
SF,IC2003,2020-01-03 14:08:07.400,5356.4000,53495,0,9608261200.000,0,-,-,-,-,5356.0000,5355.0000,5354.8000,5354.2000,5352.8000,5356.6000,5356.8000,5357.4000,5358.0000,5358.6000,1,1,2,1,1,1,2,1,11,3
SF,IC2003,2020-01-03 14:08:08.400,5356.4000,53495,0,9608261200.000,0,-,-,-,-,5356.0000,5355.0000,5354.8000,5354.2000,5352.8000,5356.6000,5356.8000,5358.0000,5358.6000,5358.8000,1,1,2,1,1,1,2,11,3,7
SF,IC2003,2020-01-03 14:08:09.400,5356.4000,53495,0,9608261200.000,0,-,-,-,-,5356.0000,5355.0000,5354.8000,5354.2000,5352.8000,5356.6000,5356.8000,5358.0000,5358.6000,5358.8000,1,1,2,1,1,1,2,11,3,7
SF,IC2003,2020-01-03 14:08:10.400,5356.0000,53494,-1,9609332400.000,1,0,1,双平,B,5355.0000,5354.8000,5354.2000,5352.8000,5350.2000,5356.6000,5356.8000,5357.8000,5358.0000,5358.6000,1,2,1,1,1,1,2,1,11,3
SF,IC2003,2020-01-03 14:08:10.900,5356.0000,53494,0,9609332400.000,0,-,-,-,-,5355.4000,5355.2000,5355.0000,5354.8000,5354.2000,5356.8000,5357.8000,5358.0000,5358.6000,5358.8000,1,4,1,2,1,2,1,11,3,7
SF,IC2003,2020-01-03 14:08:11.400,5356.0000,53494,0,9609332400.000,0,-,-,-,-,5355.6000,5355.4000,5355.2000,5355.0000,5354.8000,5356.8000,5357.8000,5358.0000,5358.6000,5358.8000,2,1,1,1,2,2,1,11,3,7
SF,IC2003,2020-01-03 14:08:11.900,5356.0000,53494,0,9609332400.000,0,-,-,-,-,5355.4000,5355.0000,5354.8000,5354.2000,5352.8000,5356.8000,5357.8000,5358.0000,5358.6000,5358.8000,1,1,2,1,1,2,1,11,3,7
SF,IC2003,2020-01-03 14:08:12.400,5356.0000,53494,0,9609332400.000,0,-,-,-,-,5355.6000,5355.4000,5355.0000,5354.8000,5354.2000,5356.8000,5357.8000,5358.0000,5358.6000,5358.8000,2,1,1,2,1,2,1,11,3,7
SF,IC2003,2020-01-03 14:08:12.900,5356.0000,53494,0,9609332400.000,0,-,-,-,-,5355.8000,5355.4000,5355.0000,5354.8000,5354.2000,5356.0000,5356.8000,5357.8000,5358.0000,5358.6000,1,1,1,2,1,1,2,1,11,3
SF,IC2003,2020-01-03 14:08:14.400,5355.8000,53494,0,9610403560.000,1,0,1,空换,B,5355.4000,5355.0000,5354.8000,5354.2000,5352.8000,5356.0000,5356.8000,5357.8000,5358.0000,5358.6000,1,1,2,1,1,1,2,1,11,3
SF,IC2003,2020-01-03 14:08:14.900,5355.8000,53494,0,9610403560.000,0,-,-,-,-,5355.0000,5354.8000,5354.2000,5352.8000,5350.2000,5356.0000,5356.8000,5357.8000,5358.0000,5358.6000,1,2,1,1,1,1,2,1,11,3
SF,IC2003,2020-01-03 14:08:15.400,5355.8000,53494,0,9610403560.000,0,-,-,-,-,5355.2000,5355.0000,5354.8000,5354.2000,5352.8000,5355.8000,5356.0000,5357.8000,5358.0000,5358.6000,1,1,2,1,1,2,1,1,11,3
SF,IC2003,2020-01-03 14:08:17.400,5355.8000,53494,0,9610403560.000,0,-,-,-,-,5355.2000,5355.0000,5354.8000,5354.2000,5352.8000,5355.8000,5356.0000,5357.6000,5357.8000,5358.0000,1,1,2,1,1,2,1,1,1,11
SF,IC2003,2020-01-03 14:08:17.900,5355.8000,53494,0,9610403560.000,0,-,-,-,-,5355.4000,5355.2000,5355.0000,5354.8000,5354.2000,5356.0000,5357.6000,5357.8000,5358.0000,5358.6000,1,1,1,2,1,1,1,1,11,3
SF,IC2003,2020-01-03 14:08:18.400,5355.4000,53494,0,9611474640.000,1,0,1,空换,B,5355.2000,5355.0000,5354.8000,5354.2000,5352.8000,5355.8000,5356.0000,5357.6000,5357.8000,5358.0000,1,1,2,1,1,1,1,1,1,11
SF,IC2003,2020-01-03 14:08:18.900,5355.8000,53494,0,9612545800.000,1,0,1,空换,B,5355.2000,5355.0000,5354.8000,5352.8000,5350.2000,5356.0000,5357.6000,5357.8000,5358.0000,5358.6000,1,1,2,1,1,1,1,1,11,3
SF,IC2003,2020-01-03 14:08:19.900,5355.8000,53494,0,9612545800.000,0,-,-,-,-,5355.8000,5355.2000,5355.0000,5354.8000,5352.8000,5356.0000,5357.6000,5357.8000,5358.0000,5358.6000,1,1,1,2,1,1,1,1,11,3
SF,IC2003,2020-01-03 14:08:20.400,5355.8000,53493,-1,9613616960.000,1,0,1,双平,B,5355.2000,5355.0000,5354.8000,5352.8000,5350.2000,5356.0000,5357.6000,5357.8000,5358.0000,5358.6000,1,1,2,1,1,1,1,1,11,3
SF,IC2003,2020-01-03 14:08:20.900,5356.0000,53493,0,9614688160.000,1,0,1,空换,B,5355.2000,5355.0000,5354.8000,5352.8000,5350.2000,5357.6000,5357.8000,5358.0000,5358.6000,5358.8000,1,1,2,1,1,1,1,11,3,7
SF,IC2003,2020-01-03 14:08:21.400,5356.0000,53493,0,9614688160.000,0,-,-,-,-,5355.4000,5355.2000,5355.0000,5354.8000,5352.8000,5356.4000,5357.0000,5357.2000,5357.4000,5357.6000,2,1,1,2,1,1,1,3,3,1
SF,IC2003,2020-01-03 14:08:21.900,5356.0000,53493,0,9614688160.000,0,-,-,-,-,5355.4000,5355.2000,5355.0000,5354.8000,5350.2000,5357.0000,5357.2000,5357.4000,5357.6000,5357.8000,2,1,1,2,1,1,1,3,1,1
SF,IC2003,2020-01-03 14:08:22.400,5356.0000,53493,0,9614688160.000,0,-,-,-,-,5355.4000,5355.2000,5355.0000,5354.8000,5350.2000,5356.8000,5357.0000,5357.2000,5357.4000,5357.6000,2,1,1,2,1,2,1,1,1,1
SF,IC2003,2020-01-03 14:08:22.900,5356.0000,53493,0,9614688160.000,0,-,-,-,-,5355.4000,5355.2000,5355.0000,5354.8000,5350.2000,5356.2000,5356.8000,5357.0000,5357.2000,5357.4000,2,1,1,2,1,1,2,1,1,1
SF,IC2003,2020-01-03 14:08:23.400,5356.2000,53494,1,9615759400.000,1,1,0,双开,B,5355.6000,5355.4000,5355.2000,5355.0000,5354.8000,5356.8000,5357.0000,5357.2000,5357.4000,5357.6000,1,2,1,1,2,2,1,1,1,1
SF,IC2003,2020-01-03 14:08:23.900,5356.2000,53494,0,9615759400.000,0,-,-,-,-,5355.8000,5355.6000,5355.2000,5355.0000,5354.8000,5357.6000,5358.0000,5358.6000,5358.8000,5359.0000,2,1,1,1,2,1,11,3,7,3
SF,IC2003,2020-01-03 14:08:24.400,5356.2000,53494,0,9615759400.000,0,-,-,-,-,5355.8000,5355.6000,5355.0000,5354.8000,5350.2000,5357.4000,5357.6000,5358.0000,5358.6000,5358.8000,2,1,1,2,1,2,1,11,3,7
SF,IC2003,2020-01-03 14:08:24.900,5355.8000,53494,0,9616830560.000,1,0,1,空换,B,5355.8000,5355.6000,5355.0000,5354.8000,5350.2000,5357.4000,5357.6000,5358.0000,5358.6000,5358.8000,1,1,1,2,1,2,1,11,3,7
SF,IC2003,2020-01-03 14:08:25.400,5355.8000,53494,0,9616830560.000,0,-,-,-,-,5355.8000,5355.6000,5355.0000,5354.8000,5350.2000,5357.2000,5357.4000,5358.0000,5358.6000,5358.8000,1,1,1,2,1,1,2,11,3,7
SF,IC2003,2020-01-03 14:08:25.900,5355.8000,53494,0,9616830560.000,0,-,-,-,-,5355.8000,5355.6000,5355.0000,5354.8000,5350.2000,5357.0000,5357.2000,5358.0000,5358.6000,5358.8000,1,1,1,2,1,2,1,11,3,7
SF,IC2003,2020-01-03 14:08:26.400,5355.8000,53494,0,9616830560.000,0,-,-,-,-,5355.8000,5355.0000,5354.8000,5350.2000,5349.0000,5357.0000,5357.2000,5358.0000,5358.6000,5358.8000,1,1,2,1,3,2,1,11,3,7
SF,IC2003,2020-01-03 14:08:26.900,5355.8000,53494,0,9616830560.000,0,-,-,-,-,5355.0000,5354.8000,5350.2000,5349.0000,5348.8000,5357.0000,5358.0000,5358.6000,5358.8000,5359.0000,1,2,1,3,1,2,11,3,7,3
SF,IC2003,2020-01-03 14:08:27.400,5355.8000,53494,0,9616830560.000,0,-,-,-,-,5355.4000,5355.2000,5355.0000,5354.8000,5352.2000,5357.0000,5358.0000,5358.6000,5358.8000,5359.0000,1,2,1,2,1,2,11,3,7,3
SF,IC2003,2020-01-03 14:08:27.900,5355.8000,53494,0,9616830560.000,0,-,-,-,-,5355.6000,5355.4000,5355.2000,5355.0000,5354.8000,5357.0000,5357.8000,5358.0000,5358.6000,5358.8000,1,1,2,1,2,2,1,11,3,7
SF,IC2003,2020-01-03 14:08:28.400,5355.8000,53494,0,9616830560.000,0,-,-,-,-,5355.8000,5355.6000,5355.4000,5355.2000,5355.0000,5357.0000,5357.8000,5358.0000,5358.6000,5358.8000,1,1,1,2,1,2,1,11,3,7
SF,IC2003,2020-01-03 14:08:29.900,5355.8000,53494,0,9617901720.000,1,0,1,空换,B,5355.6000,5355.4000,5355.2000,5355.0000,5354.8000,5357.0000,5357.8000,5358.0000,5358.6000,5358.8000,1,1,2,1,2,2,1,11,3,7
SF,IC2003,2020-01-03 14:08:30.400,5355.8000,53494,0,9617901720.000,0,-,-,-,-,5355.8000,5355.6000,5355.4000,5355.0000,5354.8000,5356.0000,5357.0000,5357.8000,5358.0000,5358.6000,2,1,1,1,2,1,2,1,11,3
SF,IC2003,2020-01-03 14:08:30.900,5356.0000,53494,0,9618972920.000,1,0,1,空换,B,5356.0000,5355.4000,5355.0000,5354.8000,5352.2000,5357.0000,5357.8000,5358.0000,5358.6000,5358.8000,4,1,1,1,1,2,1,11,3,7
SF,IC2003,2020-01-03 14:08:31.400,5357.0000,53494,0,9620044320.000,1,0,1,空换,B,5355.4000,5355.0000,5354.8000,5352.2000,5350.2000,5357.0000,5357.8000,5358.0000,5358.6000,5358.8000,1,1,1,1,1,1,1,11,3,7
SF,IC2003,2020-01-03 14:08:31.900,5357.0000,53494,0,9620044320.000,0,-,-,-,-,5355.6000,5355.4000,5355.0000,5354.8000,5352.2000,5357.0000,5357.8000,5358.0000,5358.6000,5358.8000,2,1,1,1,1,1,1,11,3,7
SF,IC2003,2020-01-03 14:08:32.400,5357.0000,53494,0,9620044320.000,0,-,-,-,-,5355.6000,5355.4000,5355.0000,5354.8000,5352.2000,5357.0000,5357.8000,5358.0000,5358.6000,5358.8000,3,1,1,1,1,1,1,11,3,7
SF,IC2003,2020-01-03 14:08:32.900,5357.0000,53494,0,9620044320.000,0,-,-,-,-,5355.8000,5355.6000,5355.4000,5355.0000,5354.8000,5357.0000,5357.8000,5358.0000,5358.6000,5358.8000,1,2,1,1,1,1,1,11,3,7
SF,IC2003,2020-01-03 14:08:33.400,5357.0000,53494,0,9620044320.000,0,-,-,-,-,5355.6000,5355.4000,5355.0000,5354.8000,5352.2000,5356.8000,5357.0000,5357.8000,5358.0000,5358.6000,2,1,1,1,1,1,1,1,11,3
SF,IC2003,2020-01-03 14:08:33.900,5357.0000,53494,0,9620044320.000,0,-,-,-,-,5355.8000,5355.6000,5355.4000,5355.0000,5354.8000,5356.6000,5356.8000,5357.8000,5358.0000,5358.6000,1,2,1,1,1,2,1,1,11,3
SF,IC2003,2020-01-03 14:08:35.400,5357.0000,53494,0,9620044320.000,0,-,-,-,-,5355.8000,5355.6000,5355.4000,5355.0000,5354.8000,5356.6000,5356.8000,5357.8000,5358.0000,5358.6000,1,2,1,1,1,2,1,1,11,3
SF,IC2003,2020-01-03 14:08:36.400,5355.8000,53493,-1,9621115480.000,1,0,1,双平,B,5355.6000,5355.0000,5354.8000,5352.2000,5350.2000,5355.8000,5356.6000,5356.8000,5357.8000,5358.0000,2,1,1,1,1,4,2,1,1,11
SF,IC2003,2020-01-03 14:08:36.900,5354.8000,53495,2,9625399680.000,4,3,1,多开,B,5352.2000,5350.2000,5349.0000,5348.8000,5347.6000,5355.4000,5355.6000,5355.8000,5356.6000,5357.8000,1,1,3,1,5,1,14,1,2,1
SF,IC2003,2020-01-03 14:08:37.400,5354.8000,53495,0,9625399680.000,0,-,-,-,-,5353.2000,5352.6000,5352.4000,5352.2000,5350.2000,5355.0000,5355.2000,5355.6000,5357.8000,5358.0000,1,3,8,1,1,1,4,9,1,11
SF,IC2003,2020-01-03 14:08:37.900,5354.8000,53495,0,9625399680.000,0,-,-,-,-,5353.4000,5353.2000,5352.6000,5352.4000,5352.2000,5354.8000,5355.0000,5355.2000,5355.6000,5357.8000,3,1,3,3,1,2,1,1,9,1
SF,IC2003,2020-01-03 14:08:38.400,5354.8000,53495,0,9625399680.000,0,-,-,-,-,5353.4000,5353.2000,5352.6000,5352.4000,5352.2000,5354.8000,5355.0000,5355.2000,5355.6000,5358.0000,3,1,2,2,1,2,1,1,9,11
SF,IC2003,2020-01-03 14:08:38.900,5354.8000,53495,0,9625399680.000,0,-,-,-,-,5353.6000,5353.4000,5353.2000,5352.6000,5352.4000,5354.8000,5355.0000,5355.2000,5355.6000,5358.0000,2,2,1,2,2,2,1,1,9,11
SF,IC2003,2020-01-03 14:08:39.900,5354.8000,53495,0,9625399680.000,0,-,-,-,-,5353.6000,5353.4000,5353.2000,5352.6000,5352.4000,5354.8000,5355.0000,5355.2000,5355.6000,5358.0000,2,2,1,2,1,2,1,1,9,11
SF,IC2003,2020-01-03 14:08:41.400,5354.8000,53495,0,9625399680.000,0,-,-,-,-,5353.6000,5353.4000,5353.2000,5352.6000,5352.4000,5354.8000,5355.0000,5355.2000,5355.6000,5357.6000,2,2,1,2,1,2,1,1,9,1
SF,IC2003,2020-01-03 14:08:41.900,5354.8000,53495,0,9626470640.000,1,0,1,空换,B,5353.6000,5353.2000,5352.6000,5352.4000,5352.2000,5354.8000,5355.0000,5355.2000,5355.6000,5357.6000,2,1,2,1,1,1,1,1,7,1
SF,IC2003,2020-01-03 14:08:42.900,5354.8000,53495,0,9626470640.000,0,-,-,-,-,5353.6000,5353.2000,5352.6000,5352.4000,5352.2000,5354.8000,5355.0000,5355.2000,5355.6000,5357.6000,1,1,2,1,1,1,1,1,7,1
SF,IC2003,2020-01-03 14:08:43.400,5354.8000,53495,0,9626470640.000,0,-,-,-,-,5353.6000,5353.2000,5350.2000,5349.0000,5348.8000,5354.8000,5355.0000,5355.2000,5355.6000,5357.6000,1,1,1,3,1,1,1,1,7,1
SF,IC2003,2020-01-03 14:08:44.900,5354.8000,53495,0,9626470640.000,0,-,-,-,-,5354.6000,5354.4000,5354.0000,5353.8000,5353.6000,5354.8000,5355.0000,5355.6000,5357.6000,5358.0000,1,2,1,1,1,1,1,5,1,10
SF,IC2003,2020-01-03 14:08:45.400,5355.0000,53495,0,9628612600.000,2,1,1,空换,B,5354.8000,5354.0000,5353.6000,5350.2000,5349.0000,5355.6000,5357.6000,5358.0000,5358.6000,5358.8000,3,1,1,1,3,1,1,10,3,7
SF,IC2003,2020-01-03 14:08:45.900,5355.0000,53495,0,9628612600.000,0,-,-,-,-,5355.0000,5354.8000,5354.0000,5353.6000,5350.2000,5357.6000,5358.0000,5358.6000,5358.8000,5359.0000,3,2,1,1,1,1,10,3,7,3
SF,IC2003,2020-01-03 14:08:46.400,5355.0000,53495,0,9628612600.000,0,-,-,-,-,5355.2000,5355.0000,5354.8000,5353.6000,5350.2000,5357.2000,5357.4000,5357.6000,5358.0000,5358.6000,2,3,2,1,1,3,4,1,10,3
SF,IC2003,2020-01-03 14:08:46.900,5355.0000,53495,0,9628612600.000,0,-,-,-,-,5355.4000,5355.2000,5355.0000,5354.8000,5350.2000,5357.0000,5357.2000,5357.4000,5357.6000,5358.0000,2,1,1,2,1,4,1,2,1,10
SF,IC2003,2020-01-03 14:08:47.400,5355.0000,53495,0,9628612600.000,0,-,-,-,-,5355.4000,5355.2000,5355.0000,5354.8000,5350.2000,5357.0000,5357.2000,5357.4000,5357.6000,5358.0000,2,1,1,2,1,2,1,2,1,10
SF,IC2003,2020-01-03 14:08:47.900,5355.0000,53495,0,9628612600.000,0,-,-,-,-,5355.4000,5355.0000,5354.8000,5350.2000,5349.0000,5357.0000,5357.2000,5357.4000,5357.6000,5358.0000,2,1,2,1,3,2,1,1,1,10
SF,IC2003,2020-01-03 14:08:48.400,5355.0000,53495,0,9628612600.000,0,-,-,-,-,5355.4000,5355.0000,5354.8000,5350.2000,5349.0000,5357.0000,5357.4000,5357.6000,5358.0000,5358.6000,2,1,2,1,3,2,1,1,10,3
SF,IC2003,2020-01-03 14:08:48.900,5355.0000,53495,0,9628612600.000,0,-,-,-,-,5356.2000,5355.8000,5355.4000,5355.0000,5354.8000,5357.4000,5357.6000,5358.0000,5358.6000,5358.8000,1,1,2,1,2,1,1,10,3,7
SF,IC2003,2020-01-03 14:08:49.400,5355.0000,53495,0,9628612600.000,0,-,-,-,-,5356.4000,5355.8000,5355.4000,5355.0000,5354.8000,5357.2000,5357.4000,5357.6000,5358.0000,5358.6000,1,1,2,1,2,2,1,1,10,3
SF,IC2003,2020-01-03 14:08:49.900,5355.0000,53495,0,9628612600.000,0,-,-,-,-,5356.4000,5355.8000,5355.4000,5355.0000,5354.8000,5357.4000,5357.6000,5358.0000,5358.6000,5358.8000,1,1,2,1,2,1,1,10,3,7
SF,IC2003,2020-01-03 14:08:50.400,5355.0000,53495,0,9628612600.000,0,-,-,-,-,5356.4000,5355.4000,5355.0000,5354.8000,5350.2000,5357.4000,5357.6000,5358.0000,5358.6000,5358.8000,1,2,1,2,1,1,1,10,3,7
SF,IC2003,2020-01-03 14:08:50.900,5355.0000,53495,0,9628612600.000,0,-,-,-,-,5356.4000,5355.4000,5355.0000,5354.8000,5350.2000,5357.6000,5358.0000,5358.6000,5358.8000,5359.0000,1,2,1,2,1,1,10,3,7,3
SF,IC2003,2020-01-03 14:08:51.400,5355.0000,53495,0,9628612600.000,0,-,-,-,-,5356.6000,5356.4000,5355.0000,5350.2000,5349.0000,5357.6000,5358.0000,5358.6000,5358.8000,5359.0000,2,1,1,1,3,1,10,3,7,3
SF,IC2003,2020-01-03 14:08:51.900,5355.0000,53495,0,9628612600.000,0,-,-,-,-,5356.6000,5356.4000,5355.0000,5350.2000,5349.0000,5356.8000,5357.6000,5358.0000,5358.6000,5358.8000,2,1,1,1,3,1,1,10,3,7
SF,IC2003,2020-01-03 14:08:52.400,5356.8000,53496,1,9629683960.000,1,1,0,双开,B,5356.8000,5356.6000,5355.0000,5350.2000,5349.0000,5357.6000,5358.0000,5358.6000,5358.8000,5359.0000,2,2,1,1,3,1,10,3,7,3
SF,IC2003,2020-01-03 14:08:52.900,5356.8000,53496,0,9629683960.000,0,-,-,-,-,5357.0000,5356.8000,5356.6000,5355.0000,5350.2000,5357.4000,5357.6000,5358.0000,5358.6000,5358.8000,1,1,2,1,1,1,1,10,3,7
SF,IC2003,2020-01-03 14:08:53.400,5356.8000,53496,0,9629683960.000,0,-,-,-,-,5357.0000,5356.8000,5356.6000,5355.0000,5350.2000,5357.6000,5358.0000,5358.6000,5358.8000,5359.0000,1,1,2,1,1,1,10,3,7,3
SF,IC2003,2020-01-03 14:08:54.400,5356.8000,53496,0,9629683960.000,0,-,-,-,-,5357.0000,5356.8000,5356.6000,5355.0000,5350.2000,5357.6000,5358.0000,5358.6000,5358.8000,5359.0000,1,1,2,1,1,1,10,3,7,3
SF,IC2003,2020-01-03 14:08:54.900,5356.8000,53496,0,9629683960.000,0,-,-,-,-,5357.2000,5357.0000,5356.8000,5356.6000,5355.0000,5357.6000,5358.0000,5358.6000,5358.8000,5359.0000,1,1,1,2,1,1,10,3,7,3
SF,IC2003,2020-01-03 14:08:55.900,5356.8000,53496,0,9629683960.000,0,-,-,-,-,5357.2000,5357.0000,5356.8000,5356.6000,5350.2000,5357.6000,5358.0000,5358.6000,5358.8000,5359.0000,1,1,1,2,1,1,10,3,7,3
SF,IC2003,2020-01-03 14:08:56.400,5356.8000,53496,0,9629683960.000,0,-,-,-,-,5357.2000,5357.0000,5356.8000,5350.2000,5349.0000,5357.6000,5358.0000,5358.6000,5358.8000,5359.0000,1,1,1,1,3,1,10,3,7,3
SF,IC2003,2020-01-03 14:08:56.900,5357.0000,53495,-1,9631826800.000,2,0,2,空平,B,5356.8000,5352.4000,5350.2000,5349.0000,5348.8000,5357.2000,5357.6000,5358.0000,5358.6000,5358.8000,1,1,1,3,1,1,1,10,3,7
SF,IC2003,2020-01-03 14:08:57.400,5356.8000,53496,1,9632898160.000,1,1,0,双开,B,5352.6000,5352.4000,5350.2000,5349.0000,5348.8000,5357.6000,5358.0000,5358.6000,5358.8000,5359.0000,1,1,1,3,1,1,10,3,7,3
SF,IC2003,2020-01-03 14:08:57.900,5356.8000,53496,0,9632898160.000,0,-,-,-,-,5355.6000,5355.4000,5355.2000,5355.0000,5354.8000,5357.4000,5357.6000,5358.0000,5358.6000,5358.8000,1,1,1,2,2,5,1,10,3,7
SF,IC2003,2020-01-03 14:08:58.400,5356.8000,53496,0,9632898160.000,0,-,-,-,-,5355.8000,5355.4000,5355.2000,5355.0000,5354.8000,5357.0000,5357.4000,5357.6000,5358.0000,5358.6000,2,1,1,1,2,2,2,1,10,3
SF,IC2003,2020-01-03 14:08:58.900,5356.8000,53496,0,9632898160.000,0,-,-,-,-,5355.4000,5354.8000,5354.2000,5353.6000,5353.4000,5356.8000,5357.6000,5358.0000,5358.6000,5358.8000,1,1,1,1,2,2,1,10,3,5
SF,IC2003,2020-01-03 14:08:59.400,5356.8000,53496,0,9632898160.000,0,-,-,-,-,5355.6000,5355.4000,5354.8000,5354.2000,5353.6000,5356.8000,5357.6000,5358.0000,5358.6000,5358.8000,2,1,1,1,1,2,1,10,3,5
SF,IC2003,2020-01-03 14:08:59.900,5356.8000,53496,0,9632898160.000,0,-,-,-,-,5355.8000,5355.6000,5355.4000,5354.8000,5354.2000,5357.6000,5358.0000,5358.6000,5358.8000,5359.0000,1,2,1,1,1,1,10,3,5,3
SF,IC2003,2020-01-03 14:09:00.400,5356.8000,53496,0,9632898160.000,0,-,-,-,-,5356.0000,5355.8000,5355.4000,5354.8000,5354.2000,5357.2000,5357.4000,5357.6000,5358.0000,5358.6000,2,1,1,1,1,2,1,1,10,3
SF,IC2003,2020-01-03 14:09:00.900,5356.8000,53496,0,9632898160.000,0,-,-,-,-,5356.0000,5355.8000,5355.4000,5354.8000,5354.2000,5357.4000,5357.6000,5358.0000,5358.6000,5358.8000,2,1,1,1,1,1,1,10,3,5
SF,IC2003,2020-01-03 14:09:01.400,5356.8000,53496,0,9632898160.000,0,-,-,-,-,5356.0000,5355.8000,5355.4000,5354.8000,5354.2000,5357.2000,5357.4000,5357.6000,5358.0000,5358.6000,2,1,1,1,1,3,1,1,10,3
SF,IC2003,2020-01-03 14:09:01.900,5356.8000,53496,0,9632898160.000,0,-,-,-,-,5356.6000,5356.0000,5355.8000,5355.4000,5354.8000,5357.2000,5357.4000,5357.6000,5358.0000,5358.6000,1,2,1,1,1,3,1,1,10,3
SF,IC2003,2020-01-03 14:09:02.400,5356.8000,53496,0,9632898160.000,0,-,-,-,-,5356.6000,5356.0000,5355.8000,5355.4000,5354.2000,5357.2000,5357.4000,5357.6000,5358.0000,5358.6000,1,2,1,1,1,3,1,1,10,3
SF,IC2003,2020-01-03 14:09:02.900,5356.8000,53496,0,9632898160.000,0,-,-,-,-,5356.6000,5356.0000,5355.4000,5354.2000,5353.6000,5357.2000,5357.4000,5357.6000,5358.0000,5358.6000,1,2,1,1,1,3,1,1,10,3
SF,IC2003,2020-01-03 14:09:03.400,5356.8000,53496,0,9632898160.000,0,-,-,-,-,5356.6000,5356.0000,5354.2000,5353.6000,5353.4000,5357.4000,5357.6000,5358.0000,5358.6000,5358.8000,1,2,1,1,2,1,1,10,3,5
SF,IC2003,2020-01-03 14:09:03.900,5356.8000,53496,0,9632898160.000,0,-,-,-,-,5356.8000,5356.6000,5356.0000,5354.2000,5353.6000,5357.6000,5358.0000,5358.6000,5358.8000,5359.0000,1,1,2,1,1,1,10,3,5,3
SF,IC2003,2020-01-03 14:09:05.400,5356.8000,53496,0,9633969520.000,1,0,1,空换,B,5357.0000,5356.6000,5356.0000,5354.2000,5353.6000,5357.6000,5358.0000,5358.6000,5358.8000,5359.0000,1,1,2,1,1,1,10,3,5,3
SF,IC2003,2020-01-03 14:09:05.900,5356.8000,53495,-1,9635040880.000,1,0,1,双平,B,5356.6000,5356.0000,5354.2000,5353.6000,5353.4000,5356.8000,5357.4000,5357.6000,5358.0000,5358.6000,1,2,1,1,2,1,2,1,10,3
SF,IC2003,2020-01-03 14:09:07.900,5356.8000,53495,0,9635040880.000,0,-,-,-,-,5356.6000,5356.0000,5354.2000,5353.6000,5353.4000,5356.8000,5357.4000,5357.6000,5358.0000,5358.6000,1,3,1,1,2,1,2,1,10,3
SF,IC2003,2020-01-03 14:09:08.400,5356.8000,53495,0,9635040880.000,0,-,-,-,-,5356.6000,5356.0000,5354.2000,5353.6000,5353.4000,5356.8000,5357.4000,5357.6000,5358.0000,5358.6000,1,3,1,1,2,1,2,1,10,3
SF,IC2003,2020-01-03 14:09:08.900,5356.8000,53495,0,9636112240.000,1,0,1,空换,B,5356.6000,5356.0000,5354.2000,5353.6000,5353.4000,5357.4000,5357.6000,5358.0000,5358.6000,5358.8000,1,3,1,1,2,2,1,10,3,5
SF,IC2003,2020-01-03 14:09:10.400,5356.8000,53495,0,9636112240.000,0,-,-,-,-,5356.8000,5356.6000,5356.0000,5354.2000,5353.6000,5357.4000,5357.6000,5358.0000,5358.6000,5358.8000,1,1,3,1,1,2,1,10,3,5
SF,IC2003,2020-01-03 14:09:10.900,5356.6000,53495,0,9638254920.000,2,1,1,空换,B,5356.0000,5354.6000,5354.2000,5353.6000,5353.4000,5357.4000,5357.6000,5358.0000,5358.6000,5358.8000,3,1,1,1,2,2,1,10,3,5
SF,IC2003,2020-01-03 14:09:11.400,5356.6000,53495,0,9638254920.000,0,-,-,-,-,5356.0000,5354.6000,5354.2000,5353.6000,5353.4000,5357.4000,5357.6000,5358.0000,5358.6000,5358.8000,3,1,1,1,2,2,1,10,3,5
SF,IC2003,2020-01-03 14:09:11.900,5356.6000,53495,0,9638254920.000,0,-,-,-,-,5356.0000,5354.6000,5354.2000,5353.6000,5353.4000,5357.4000,5357.6000,5358.0000,5358.6000,5358.8000,3,1,1,1,2,2,1,10,3,5
SF,IC2003,2020-01-03 14:09:12.400,5356.6000,53495,0,9638254920.000,0,-,-,-,-,5356.0000,5354.6000,5354.2000,5353.6000,5353.4000,5357.2000,5357.4000,5357.6000,5358.0000,5358.6000,3,1,1,1,2,1,2,1,10,3
SF,IC2003,2020-01-03 14:09:12.900,5356.6000,53495,0,9638254920.000,0,-,-,-,-,5356.0000,5354.6000,5354.2000,5353.6000,5353.4000,5357.0000,5357.2000,5357.6000,5358.0000,5358.6000,3,1,1,1,2,2,1,1,10,3
SF,IC2003,2020-01-03 14:09:13.400,5356.6000,53495,0,9638254920.000,0,-,-,-,-,5356.0000,5354.6000,5354.2000,5353.6000,5353.4000,5356.6000,5357.0000,5357.2000,5357.6000,5358.0000,3,1,1,1,2,1,2,1,1,10
SF,IC2003,2020-01-03 14:09:13.900,5356.6000,53496,1,9639326240.000,1,1,0,双开,B,5356.6000,5356.0000,5354.6000,5354.2000,5353.6000,5357.0000,5357.2000,5357.6000,5358.0000,5358.6000,2,1,1,1,1,2,1,1,10,3
SF,IC2003,2020-01-03 14:09:14.400,5356.6000,53496,0,9639326240.000,0,-,-,-,-,5356.6000,5356.0000,5354.6000,5354.2000,5353.6000,5357.6000,5358.0000,5358.6000,5358.8000,5359.0000,2,1,1,1,1,1,10,3,5,3
SF,IC2003,2020-01-03 14:09:14.900,5356.6000,53496,0,9639326240.000,0,-,-,-,-,5356.6000,5356.0000,5354.6000,5354.2000,5353.6000,5357.4000,5357.6000,5358.0000,5358.6000,5358.8000,2,1,1,1,1,2,1,10,3,5
SF,IC2003,2020-01-03 14:09:15.400,5356.6000,53496,0,9639326240.000,0,-,-,-,-,5356.8000,5356.6000,5356.0000,5354.6000,5354.2000,5357.6000,5358.0000,5358.6000,5358.8000,5359.0000,1,2,1,1,1,1,10,3,5,3
SF,IC2003,2020-01-03 14:09:16.400,5356.6000,53495,-1,9640397560.000,1,0,1,双平,B,5356.6000,5356.0000,5354.6000,5354.2000,5353.6000,5357.6000,5358.0000,5358.6000,5358.8000,5359.0000,2,1,1,1,1,1,10,3,5,3
SF,IC2003,2020-01-03 14:09:16.900,5356.6000,53495,0,9640397560.000,0,-,-,-,-,5356.6000,5356.0000,5355.8000,5354.6000,5354.2000,5357.4000,5357.6000,5358.0000,5358.6000,5358.8000,2,1,1,1,1,2,1,10,3,5
SF,IC2003,2020-01-03 14:09:17.400,5356.6000,53495,0,9640397560.000,0,-,-,-,-,5356.6000,5356.0000,5355.8000,5354.6000,5354.2000,5357.6000,5358.0000,5358.6000,5358.8000,5359.0000,2,1,1,1,1,1,10,3,5,3
SF,IC2003,2020-01-03 14:09:17.900,5356.6000,53495,0,9640397560.000,0,-,-,-,-,5356.8000,5356.6000,5356.0000,5355.8000,5354.6000,5357.6000,5358.0000,5358.6000,5358.8000,5359.0000,2,2,1,1,1,1,10,3,5,3
SF,IC2003,2020-01-03 14:09:18.900,5356.6000,53495,0,9640397560.000,0,-,-,-,-,5356.8000,5356.6000,5356.0000,5355.8000,5354.2000,5357.6000,5358.0000,5358.6000,5358.8000,5359.0000,2,2,1,1,1,1,10,3,5,3
SF,IC2003,2020-01-03 14:09:19.400,5356.6000,53495,0,9640397560.000,0,-,-,-,-,5356.6000,5356.0000,5355.8000,5354.2000,5353.6000,5357.6000,5358.0000,5358.6000,5358.8000,5359.0000,2,1,1,1,1,1,10,3,5,3
SF,IC2003,2020-01-03 14:09:19.900,5356.6000,53495,0,9640397560.000,0,-,-,-,-,5356.6000,5356.0000,5355.8000,5354.2000,5353.6000,5357.6000,5358.0000,5358.6000,5358.8000,5359.0000,2,1,1,1,1,1,11,3,5,3
SF,IC2003,2020-01-03 14:09:20.900,5356.6000,53495,0,9640397560.000,0,-,-,-,-,5356.8000,5356.6000,5356.0000,5355.8000,5354.2000,5357.6000,5358.0000,5358.6000,5358.8000,5359.0000,1,2,1,1,1,1,11,3,5,3
SF,IC2003,2020-01-03 14:09:21.400,5356.6000,53495,0,9640397560.000,0,-,-,-,-,5356.8000,5356.0000,5355.8000,5354.2000,5353.6000,5357.6000,5358.0000,5358.6000,5358.8000,5359.0000,1,1,1,1,1,1,11,3,5,3
SF,IC2003,2020-01-03 14:09:21.900,5356.6000,53495,0,9640397560.000,0,-,-,-,-,5356.8000,5356.0000,5355.8000,5354.2000,5353.6000,5357.6000,5358.0000,5358.6000,5358.8000,5359.0000,1,2,1,1,1,1,11,3,5,3
SF,IC2003,2020-01-03 14:09:23.400,5357.6000,53494,-1,9641469080.000,1,0,1,双平,B,5357.0000,5356.8000,5356.0000,5355.8000,5354.2000,5358.0000,5358.6000,5358.8000,5359.0000,5359.2000,1,1,2,1,1,11,3,5,3,1
SF,IC2003,2020-01-03 14:09:23.900,5357.6000,53494,0,9641469080.000,0,-,-,-,-,5356.0000,5355.8000,5354.2000,5353.6000,5353.4000,5358.0000,5358.6000,5358.8000,5359.0000,5359.2000,2,1,1,1,2,11,3,5,3,1
SF,IC2003,2020-01-03 14:09:24.400,5357.6000,53494,0,9641469080.000,0,-,-,-,-,5357.0000,5356.4000,5356.2000,5356.0000,5355.8000,5357.6000,5358.0000,5358.6000,5358.8000,5359.0000,1,3,5,2,1,1,11,3,5,3
SF,IC2003,2020-01-03 14:09:24.900,5358.0000,53494,0,9643612200.000,2,1,1,空换,B,5357.6000,5356.4000,5356.2000,5356.0000,5355.8000,5358.0000,5358.6000,5358.8000,5359.0000,5359.2000,1,3,4,2,1,10,3,5,3,1
SF,IC2003,2020-01-03 14:09:25.400,5358.0000,53494,0,9643612200.000,0,-,-,-,-,5357.8000,5357.6000,5356.4000,5356.2000,5356.0000,5358.0000,5358.6000,5358.8000,5359.0000,5359.2000,1,1,2,4,2,10,3,5,3,1
SF,IC2003,2020-01-03 14:09:25.900,5358.0000,53496,2,9646827000.000,3,2,1,多开,B,5357.8000,5356.4000,5356.2000,5356.0000,5355.8000,5358.0000,5358.6000,5358.8000,5359.0000,5359.2000,1,2,4,2,1,7,3,5,3,1
SF,IC2003,2020-01-03 14:09:26.400,5358.0000,53498,2,9651113400.000,4,3,1,多开,B,5357.8000,5356.4000,5356.2000,5356.0000,5355.8000,5358.0000,5358.6000,5358.8000,5359.0000,5359.2000,1,2,2,2,1,3,3,5,3,1
SF,IC2003,2020-01-03 14:09:26.900,5358.0000,53500,2,9654328200.000,3,2,1,多开,B,5358.0000,5357.8000,5356.4000,5356.2000,5356.0000,5358.6000,5358.8000,5359.0000,5359.2000,5359.6000,1,1,2,2,2,3,5,3,1,2
SF,IC2003,2020-01-03 14:09:27.400,5358.0000,53500,0,9654328200.000,0,-,-,-,-,5357.8000,5356.4000,5356.2000,5356.0000,5355.8000,5358.6000,5358.8000,5359.0000,5359.2000,5359.6000,1,2,2,2,1,3,5,3,1,2
SF,IC2003,2020-01-03 14:09:27.900,5358.0000,53500,0,9654328200.000,0,-,-,-,-,5358.0000,5357.8000,5356.4000,5356.2000,5356.0000,5358.4000,5358.6000,5358.8000,5359.0000,5359.2000,7,1,2,2,2,2,3,5,3,1
SF,IC2003,2020-01-03 14:09:28.900,5358.0000,53500,0,9654328200.000,0,-,-,-,-,5358.0000,5357.8000,5356.4000,5356.2000,5356.0000,5358.4000,5358.6000,5358.8000,5359.0000,5359.2000,7,1,2,2,2,2,3,5,3,1
SF,IC2003,2020-01-03 14:09:29.400,5358.4000,53501,1,9655399880.000,1,1,0,双开,B,5358.0000,5357.8000,5356.4000,5356.2000,5356.0000,5358.4000,5358.6000,5358.8000,5359.0000,5359.2000,7,1,2,2,2,1,3,5,3,1
SF,IC2003,2020-01-03 14:09:29.900,5358.4000,53501,0,9656471560.000,1,0,1,空换,B,5358.4000,5358.0000,5357.8000,5356.4000,5356.2000,5358.6000,5358.8000,5359.0000,5359.2000,5359.6000,1,7,1,2,2,3,5,3,1,2
SF,IC2003,2020-01-03 14:09:30.400,5358.4000,53501,0,9656471560.000,0,-,-,-,-,5358.4000,5358.0000,5357.8000,5356.4000,5356.2000,5358.6000,5358.8000,5359.0000,5359.2000,5359.6000,1,7,1,2,2,3,5,3,1,2
SF,IC2003,2020-01-03 14:09:31.900,5358.4000,53501,0,9656471560.000,0,-,-,-,-,5358.4000,5358.0000,5357.8000,5356.8000,5356.4000,5358.6000,5358.8000,5359.0000,5359.2000,5359.6000,1,7,1,1,2,3,5,3,1,2
SF,IC2003,2020-01-03 14:09:32.400,5358.4000,53502,1,9658614920.000,2,1,1,多开,B,5358.0000,5357.8000,5356.8000,5356.4000,5356.2000,5358.4000,5358.6000,5358.8000,5359.0000,5359.2000,7,1,1,2,2,1,3,5,3,1
SF,IC2003,2020-01-03 14:09:32.900,5358.4000,53502,0,9658614920.000,0,-,-,-,-,5358.0000,5357.8000,5356.8000,5356.4000,5356.2000,5358.4000,5358.6000,5358.8000,5359.0000,5359.2000,7,1,1,2,2,1,3,5,3,1
SF,IC2003,2020-01-03 14:09:33.400,5358.4000,53502,0,9658614920.000,0,-,-,-,-,5358.0000,5357.8000,5356.8000,5356.4000,5356.2000,5358.6000,5358.8000,5359.0000,5359.2000,5359.6000,7,1,1,2,2,3,5,3,1,2
SF,IC2003,2020-01-03 14:09:38.400,5358.4000,53502,0,9658614920.000,0,-,-,-,-,5358.0000,5357.8000,5356.8000,5356.4000,5356.2000,5358.4000,5358.6000,5358.8000,5359.0000,5359.2000,7,1,1,2,2,1,3,5,3,1
SF,IC2003,2020-01-03 14:09:40.400,5358.4000,53503,1,9659686600.000,1,1,0,双开,B,5358.0000,5357.8000,5356.8000,5356.4000,5356.2000,5358.6000,5358.8000,5359.0000,5359.2000,5359.6000,7,1,1,2,2,3,5,3,1,2
SF,IC2003,2020-01-03 14:09:43.400,5358.6000,53503,0,9660758320.000,1,0,1,空换,B,5358.0000,5357.8000,5356.8000,5356.4000,5356.2000,5358.6000,5358.8000,5359.0000,5359.2000,5359.6000,7,1,1,2,2,2,5,3,1,2
SF,IC2003,2020-01-03 14:09:45.900,5358.6000,53503,0,9660758320.000,0,-,-,-,-,5358.0000,5357.8000,5356.8000,5356.4000,5356.2000,5358.6000,5358.8000,5359.0000,5359.2000,5359.6000,7,1,1,2,2,3,5,3,1,2
SF,IC2003,2020-01-03 14:09:46.400,5358.6000,53503,0,9660758320.000,0,-,-,-,-,5358.0000,5357.8000,5356.8000,5356.4000,5356.2000,5358.6000,5358.8000,5359.0000,5359.2000,5359.6000,7,1,1,2,2,4,5,3,1,2
SF,IC2003,2020-01-03 14:09:49.400,5358.6000,53502,-1,9662901760.000,2,0,2,空平,B,5358.0000,5357.8000,5356.8000,5356.4000,5356.2000,5358.6000,5358.8000,5359.0000,5359.2000,5359.6000,7,1,1,2,2,2,5,3,1,2
SF,IC2003,2020-01-03 14:09:50.900,5358.6000,53502,0,9662901760.000,0,-,-,-,-,5358.0000,5357.8000,5356.8000,5356.4000,5356.2000,5358.6000,5358.8000,5359.0000,5359.2000,5359.6000,7,1,1,2,2,2,5,3,1,1
SF,IC2003,2020-01-03 14:09:51.400,5358.6000,53502,0,9662901760.000,0,-,-,-,-,5358.0000,5357.8000,5356.8000,5356.4000,5356.2000,5358.6000,5358.8000,5359.0000,5359.2000,5359.6000,7,1,1,2,2,2,5,3,1,1
SF,IC2003,2020-01-03 14:09:51.900,5358.6000,53502,0,9663973480.000,1,0,1,空换,B,5358.0000,5357.8000,5356.8000,5356.4000,5356.2000,5358.6000,5358.8000,5359.0000,5359.2000,5359.6000,7,1,1,2,2,1,5,3,1,1
SF,IC2003,2020-01-03 14:09:52.400,5358.6000,53502,0,9665045200.000,1,0,1,空换,B,5358.0000,5357.8000,5356.8000,5356.4000,5356.2000,5358.8000,5359.0000,5359.2000,5359.6000,5359.8000,7,1,1,2,2,5,3,1,1,2
SF,IC2003,2020-01-03 14:09:54.400,5358.8000,53502,0,9666116960.000,1,0,1,空换,B,5358.0000,5357.8000,5356.8000,5356.4000,5356.2000,5358.8000,5359.0000,5359.2000,5359.6000,5359.8000,7,1,1,2,2,4,3,1,1,1
SF,IC2003,2020-01-03 14:09:54.900,5358.8000,53503,1,9667188720.000,1,1,0,双开,B,5358.0000,5357.8000,5356.8000,5356.4000,5356.2000,5358.8000,5359.0000,5359.2000,5359.6000,5359.8000,7,1,1,2,2,3,3,1,1,1
SF,IC2003,2020-01-03 14:09:55.400,5358.0000,53504,1,9669332080.000,2,1,1,多开,B,5358.0000,5357.8000,5356.8000,5356.4000,5356.2000,5358.8000,5359.0000,5359.2000,5359.6000,5359.8000,6,1,1,2,2,2,3,1,1,1
SF,IC2003,2020-01-03 14:09:55.900,5358.0000,53504,0,9669332080.000,0,-,-,-,-,5358.0000,5357.8000,5356.8000,5356.4000,5356.2000,5358.8000,5359.0000,5359.2000,5359.6000,5359.8000,7,1,1,2,2,2,3,1,1,1
SF,IC2003,2020-01-03 14:09:56.900,5358.0000,53504,0,9669332080.000,0,-,-,-,-,5358.0000,5357.8000,5356.8000,5356.4000,5356.2000,5358.8000,5359.0000,5359.2000,5359.6000,5359.8000,7,1,1,2,2,3,3,1,1,1
SF,IC2003,2020-01-03 14:09:57.900,5358.8000,53505,1,9670403840.000,1,1,0,双开,B,5358.0000,5357.8000,5356.8000,5356.4000,5356.2000,5358.8000,5359.0000,5359.2000,5359.6000,5359.8000,7,1,1,2,2,2,3,1,1,1
SF,IC2003,2020-01-03 14:09:58.900,5358.8000,53505,0,9670403840.000,0,-,-,-,-,5358.0000,5357.8000,5356.8000,5356.4000,5356.2000,5358.6000,5358.8000,5359.0000,5359.2000,5359.6000,7,1,1,2,2,1,2,3,1,1
SF,IC2003,2020-01-03 14:09:59.400,5358.8000,53506,1,9671475600.000,1,1,0,双开,B,5358.0000,5357.8000,5356.8000,5356.4000,5356.2000,5358.8000,5359.0000,5359.2000,5359.6000,5359.8000,7,1,1,2,2,2,3,1,1,1
SF,IC2003,2020-01-03 14:09:59.900,5358.8000,53507,1,9672547360.000,1,1,0,双开,B,5358.0000,5357.8000,5356.8000,5356.4000,5356.2000,5358.8000,5359.0000,5359.2000,5359.6000,5359.8000,7,1,1,2,2,1,3,1,1,1
SF,IC2003,2020-01-03 14:10:01.400,5358.8000,53507,0,9672547360.000,0,-,-,-,-,5358.0000,5357.8000,5356.8000,5356.4000,5356.2000,5358.8000,5359.0000,5359.2000,5359.6000,5359.8000,7,1,1,2,2,1,3,1,1,1
SF,IC2003,2020-01-03 14:10:01.900,5358.8000,53507,0,9672547360.000,0,-,-,-,-,5358.2000,5358.0000,5357.8000,5356.8000,5356.4000,5358.8000,5359.0000,5359.2000,5359.6000,5359.8000,2,7,1,1,2,1,3,1,1,1
SF,IC2003,2020-01-03 14:10:02.400,5358.8000,53507,0,9673619120.000,1,0,1,空换,B,5358.2000,5358.0000,5357.8000,5356.8000,5356.4000,5359.0000,5359.2000,5359.6000,5359.8000,5360.0000,2,7,1,1,2,3,1,1,1,12
SF,IC2003,2020-01-03 14:10:02.900,5358.8000,53507,0,9673619120.000,0,-,-,-,-,5358.2000,5358.0000,5357.8000,5356.8000,5356.4000,5359.0000,5359.2000,5359.4000,5359.6000,5359.8000,2,7,1,1,2,3,1,1,1,1
SF,IC2003,2020-01-03 14:10:03.400,5358.8000,53507,0,9673619120.000,0,-,-,-,-,5358.2000,5358.0000,5357.8000,5356.8000,5356.4000,5359.0000,5359.2000,5359.4000,5359.6000,5359.8000,3,7,1,1,2,3,1,1,1,1
SF,IC2003,2020-01-03 14:10:03.900,5358.8000,53507,0,9673619120.000,0,-,-,-,-,5358.2000,5358.0000,5357.8000,5356.8000,5356.4000,5359.0000,5359.2000,5359.4000,5359.6000,5359.8000,3,7,1,1,2,3,1,1,1,1
SF,IC2003,2020-01-03 14:10:04.400,5359.0000,53507,0,9675762720.000,2,1,1,空换,B,5358.2000,5358.0000,5357.8000,5356.8000,5356.4000,5359.0000,5359.2000,5359.4000,5359.6000,5359.8000,3,7,1,1,2,1,1,1,1,1
SF,IC2003,2020-01-03 14:10:04.900,5359.0000,53508,1,9676834520.000,1,1,0,双开,B,5358.2000,5358.0000,5357.8000,5356.8000,5356.4000,5359.2000,5359.4000,5359.6000,5359.8000,5360.0000,3,7,1,1,2,1,1,1,1,12
SF,IC2003,2020-01-03 14:10:05.400,5359.0000,53508,0,9676834520.000,0,-,-,-,-,5358.4000,5358.2000,5358.0000,5357.8000,5356.8000,5359.2000,5359.4000,5359.6000,5359.8000,5360.0000,1,3,7,1,1,1,1,1,1,12
SF,IC2003,2020-01-03 14:10:05.900,5359.0000,53508,0,9676834520.000,0,-,-,-,-,5358.4000,5358.2000,5358.0000,5357.8000,5356.8000,5359.2000,5359.4000,5359.6000,5359.8000,5360.0000,1,3,7,1,1,1,1,1,1,12
SF,IC2003,2020-01-03 14:10:09.400,5358.4000,53507,-1,9677906200.000,1,0,1,双平,B,5358.2000,5358.0000,5357.8000,5356.8000,5356.4000,5359.2000,5359.4000,5359.6000,5359.8000,5360.0000,3,7,1,1,2,1,1,1,1,11
SF,IC2003,2020-01-03 14:10:09.900,5358.4000,53507,0,9677906200.000,0,-,-,-,-,5358.2000,5358.0000,5357.8000,5356.8000,5356.4000,5358.4000,5359.0000,5359.2000,5359.4000,5359.6000,1,7,1,1,2,1,2,1,2,1
SF,IC2003,2020-01-03 14:10:10.400,5358.4000,53508,1,9678977880.000,1,1,0,双开,B,5358.2000,5358.0000,5357.8000,5356.8000,5356.4000,5358.8000,5359.0000,5359.2000,5359.4000,5359.6000,1,7,1,1,2,1,2,1,3,1
SF,IC2003,2020-01-03 14:10:10.900,5359.0000,53509,1,9680049680.000,1,1,0,双开,B,5358.2000,5358.0000,5357.8000,5356.8000,5356.4000,5359.0000,5359.2000,5359.4000,5359.6000,5359.8000,1,7,1,1,2,1,1,3,1,1
SF,IC2003,2020-01-03 14:10:11.400,5359.0000,53509,0,9680049680.000,0,-,-,-,-,5358.2000,5358.0000,5357.8000,5356.8000,5356.4000,5359.2000,5359.4000,5359.6000,5359.8000,5360.0000,1,7,1,1,2,1,3,1,1,11
SF,IC2003,2020-01-03 14:10:11.900,5359.0000,53509,0,9680049680.000,0,-,-,-,-,5358.2000,5358.0000,5357.8000,5356.8000,5356.4000,5359.2000,5359.4000,5359.6000,5359.8000,5360.0000,1,7,1,1,2,2,3,1,1,11
SF,IC2003,2020-01-03 14:10:12.400,5359.0000,53509,0,9680049680.000,0,-,-,-,-,5358.2000,5358.0000,5357.8000,5356.8000,5356.4000,5359.2000,5359.4000,5359.6000,5359.8000,5360.0000,1,7,1,1,2,2,3,1,1,11
SF,IC2003,2020-01-03 14:10:13.400,5359.0000,53509,0,9680049680.000,0,-,-,-,-,5358.2000,5358.0000,5357.8000,5356.8000,5356.4000,5359.0000,5359.2000,5359.4000,5359.6000,5359.8000,1,7,1,1,2,1,2,3,1,1
SF,IC2003,2020-01-03 14:10:13.900,5359.0000,53509,0,9680049680.000,0,-,-,-,-,5358.2000,5358.0000,5357.8000,5356.8000,5356.4000,5359.0000,5359.2000,5359.4000,5359.6000,5359.8000,2,7,1,1,2,1,2,3,1,1
SF,IC2003,2020-01-03 14:10:14.400,5359.0000,53509,0,9680049680.000,0,-,-,-,-,5358.2000,5358.0000,5357.8000,5356.8000,5356.4000,5359.0000,5359.2000,5359.4000,5359.6000,5359.8000,2,7,1,1,2,1,1,3,1,1
SF,IC2003,2020-01-03 14:10:15.400,5359.0000,53509,0,9680049680.000,0,-,-,-,-,5358.4000,5358.2000,5358.0000,5357.8000,5356.8000,5359.0000,5359.2000,5359.4000,5359.6000,5359.8000,1,2,7,1,1,1,1,3,1,1
SF,IC2003,2020-01-03 14:10:15.900,5359.0000,53509,0,9680049680.000,0,-,-,-,-,5358.4000,5358.2000,5358.0000,5357.8000,5356.8000,5359.0000,5359.2000,5359.4000,5359.6000,5359.8000,1,2,7,1,1,1,1,3,1,1
SF,IC2003,2020-01-03 14:10:16.400,5359.0000,53509,0,9680049680.000,0,-,-,-,-,5358.4000,5358.2000,5358.0000,5357.8000,5356.8000,5359.0000,5359.2000,5359.4000,5359.6000,5359.8000,1,2,8,1,1,1,1,3,1,1
SF,IC2003,2020-01-03 14:10:16.900,5359.0000,53509,0,9681121480.000,1,0,1,空换,B,5359.0000,5358.4000,5358.2000,5358.0000,5357.8000,5359.2000,5359.4000,5359.6000,5359.8000,5360.0000,2,1,2,8,1,1,3,1,1,11
SF,IC2003,2020-01-03 14:10:17.400,5359.0000,53509,0,9683265080.000,2,1,1,空换,B,5358.4000,5358.2000,5358.0000,5356.8000,5356.4000,5359.2000,5359.4000,5359.6000,5359.8000,5360.0000,1,2,8,1,2,1,3,1,1,11
SF,IC2003,2020-01-03 14:10:17.900,5358.4000,53510,1,9684336760.000,1,1,0,双开,B,5358.2000,5358.0000,5356.8000,5356.4000,5356.2000,5359.0000,5359.2000,5359.4000,5359.6000,5359.8000,2,8,1,2,2,1,2,3,1,1
SF,IC2003,2020-01-03 14:10:18.400,5358.4000,53510,0,9684336760.000,0,-,-,-,-,5358.2000,5358.0000,5356.8000,5356.4000,5356.2000,5359.0000,5359.2000,5359.4000,5359.6000,5359.8000,2,8,1,2,2,1,1,3,1,1
SF,IC2003,2020-01-03 14:10:18.900,5359.0000,53510,0,9685408560.000,1,0,1,空换,B,5358.2000,5358.0000,5356.8000,5356.4000,5356.2000,5359.2000,5359.4000,5359.6000,5359.8000,5360.0000,2,8,1,2,2,1,3,1,1,11
SF,IC2003,2020-01-03 14:10:19.400,5359.0000,53510,0,9685408560.000,0,-,-,-,-,5358.2000,5358.0000,5356.8000,5356.4000,5356.2000,5359.2000,5359.4000,5359.6000,5359.8000,5360.0000,2,8,1,2,2,1,3,1,1,11
SF,IC2003,2020-01-03 14:10:19.900,5359.0000,53510,0,9685408560.000,0,-,-,-,-,5358.4000,5358.2000,5358.0000,5356.8000,5356.4000,5359.2000,5359.4000,5359.6000,5359.8000,5360.0000,2,2,8,1,2,1,3,1,1,11
SF,IC2003,2020-01-03 14:10:20.400,5359.0000,53510,0,9685408560.000,0,-,-,-,-,5358.6000,5358.4000,5358.2000,5358.0000,5356.8000,5359.0000,5359.2000,5359.4000,5359.6000,5359.8000,1,2,2,8,1,1,1,3,1,1
SF,IC2003,2020-01-03 14:10:20.900,5359.0000,53510,0,9685408560.000,0,-,-,-,-,5358.6000,5358.2000,5358.0000,5356.8000,5356.4000,5359.0000,5359.2000,5359.4000,5359.6000,5359.8000,1,2,8,1,2,2,1,3,1,1
SF,IC2003,2020-01-03 14:10:21.400,5358.6000,53510,0,9686480280.000,1,0,1,空换,B,5358.2000,5358.0000,5356.8000,5356.4000,5356.2000,5358.4000,5358.6000,5359.0000,5359.2000,5359.4000,2,8,1,2,2,1,2,2,1,3
SF,IC2003,2020-01-03 14:10:21.900,5358.2000,53510,0,9689695200.000,3,1,2,空换,B,5358.0000,5356.8000,5356.4000,5356.2000,5356.0000,5358.6000,5358.8000,5359.0000,5359.2000,5359.4000,11,1,2,1,2,2,1,2,1,3
SF,IC2003,2020-01-03 14:10:22.400,5358.2000,53510,0,9689695200.000,0,-,-,-,-,5358.0000,5356.8000,5356.4000,5356.2000,5356.0000,5358.6000,5359.0000,5359.2000,5359.4000,5359.6000,11,1,2,1,2,2,2,1,3,1
SF,IC2003,2020-01-03 14:10:22.900,5358.2000,53510,0,9689695200.000,0,-,-,-,-,5358.0000,5356.8000,5356.4000,5356.2000,5356.0000,5358.6000,5359.0000,5359.2000,5359.4000,5359.6000,11,1,2,1,2,1,2,1,3,1
SF,IC2003,2020-01-03 14:10:23.400,5358.2000,53510,0,9689695200.000,0,-,-,-,-,5358.0000,5356.8000,5356.4000,5356.2000,5356.0000,5358.6000,5358.8000,5359.0000,5359.2000,5359.4000,11,1,2,1,2,1,1,2,1,3
SF,IC2003,2020-01-03 14:10:23.900,5358.2000,53510,0,9689695200.000,0,-,-,-,-,5358.0000,5356.8000,5356.4000,5356.2000,5356.0000,5358.6000,5358.8000,5359.0000,5359.2000,5359.4000,11,1,2,1,2,1,1,2,1,3
SF,IC2003,2020-01-03 14:10:24.400,5358.2000,53510,0,9689695200.000,0,-,-,-,-,5358.0000,5356.8000,5356.4000,5356.2000,5356.0000,5358.6000,5358.8000,5359.0000,5359.2000,5359.4000,11,1,2,1,2,1,1,2,1,3
SF,IC2003,2020-01-03 14:10:25.900,5358.2000,53510,0,9689695200.000,0,-,-,-,-,5358.2000,5358.0000,5356.8000,5356.4000,5356.2000,5358.6000,5358.8000,5359.0000,5359.2000,5359.4000,1,11,1,2,1,1,1,2,1,3
SF,IC2003,2020-01-03 14:10:26.400,5358.2000,53510,0,9689695200.000,0,-,-,-,-,5358.2000,5358.0000,5356.8000,5356.4000,5356.2000,5358.6000,5359.0000,5359.2000,5359.4000,5359.6000,1,11,1,2,1,1,2,1,3,1
SF,IC2003,2020-01-03 14:10:26.900,5358.2000,53510,0,9689695200.000,0,-,-,-,-,5358.2000,5358.0000,5356.8000,5356.4000,5356.2000,5358.6000,5359.0000,5359.2000,5359.4000,5359.6000,1,11,1,2,1,1,3,1,3,1
SF,IC2003,2020-01-03 14:10:27.400,5358.2000,53510,0,9689695200.000,0,-,-,-,-,5358.2000,5358.0000,5356.8000,5356.4000,5356.2000,5358.6000,5358.8000,5359.0000,5359.2000,5359.4000,1,11,1,2,1,1,1,3,1,3
SF,IC2003,2020-01-03 14:10:28.400,5358.2000,53510,0,9689695200.000,0,-,-,-,-,5358.2000,5358.0000,5356.8000,5356.4000,5356.2000,5358.6000,5358.8000,5359.0000,5359.2000,5359.4000,1,10,1,2,1,1,1,3,1,3
SF,IC2003,2020-01-03 14:10:28.900,5358.2000,53510,0,9690766840.000,1,0,1,空换,B,5358.0000,5356.8000,5356.4000,5356.2000,5356.0000,5358.2000,5358.6000,5358.8000,5359.0000,5359.2000,10,1,2,1,2,1,1,1,3,1
SF,IC2003,2020-01-03 14:10:29.400,5358.6000,53511,1,9692910200.000,2,1,1,多开,B,5358.2000,5358.0000,5356.8000,5356.4000,5356.2000,5358.4000,5359.0000,5359.2000,5359.4000,5359.6000,2,10,1,2,1,1,3,1,3,1
SF,IC2003,2020-01-03 14:10:29.900,5358.4000,53512,1,9693981880.000,1,1,0,双开,B,5358.2000,5358.0000,5356.8000,5356.4000,5356.2000,5359.0000,5359.2000,5359.4000,5359.6000,5359.8000,2,10,1,2,1,3,1,3,1,2
SF,IC2003,2020-01-03 14:10:30.400,5358.4000,53512,0,9693981880.000,0,-,-,-,-,5358.2000,5358.0000,5356.8000,5356.4000,5356.2000,5359.0000,5359.2000,5359.4000,5359.6000,5359.8000,2,10,1,2,1,2,1,3,1,2
SF,IC2003,2020-01-03 14:10:31.400,5358.4000,53512,0,9693981880.000,0,-,-,-,-,5358.2000,5358.0000,5356.8000,5356.4000,5356.2000,5359.0000,5359.2000,5359.4000,5359.6000,5359.8000,2,10,1,2,1,2,1,3,1,2
SF,IC2003,2020-01-03 14:10:32.400,5358.4000,53512,0,9693981880.000,0,-,-,-,-,5358.2000,5358.0000,5356.8000,5356.4000,5356.2000,5359.0000,5359.2000,5359.4000,5359.6000,5359.8000,2,10,1,2,1,2,1,2,1,2
SF,IC2003,2020-01-03 14:10:33.900,5359.0000,53511,-1,9695053680.000,1,0,1,双平,B,5358.2000,5358.0000,5356.8000,5356.4000,5356.2000,5359.0000,5359.2000,5359.4000,5359.6000,5359.8000,2,10,1,2,1,1,1,2,1,2
SF,IC2003,2020-01-03 14:10:36.400,5359.0000,53511,0,9695053680.000,0,-,-,-,-,5358.4000,5358.0000,5356.8000,5356.4000,5356.2000,5358.8000,5359.0000,5359.2000,5359.4000,5359.6000,1,10,1,2,1,1,1,1,2,1
SF,IC2003,2020-01-03 14:10:38.400,5359.0000,53511,0,9695053680.000,0,-,-,-,-,5358.4000,5358.0000,5356.8000,5356.4000,5356.2000,5358.8000,5359.0000,5359.2000,5359.4000,5359.6000,1,10,1,2,1,2,1,1,2,1
SF,IC2003,2020-01-03 14:10:40.900,5359.0000,53511,0,9695053680.000,0,-,-,-,-,5358.4000,5358.0000,5356.8000,5356.4000,5356.2000,5358.8000,5359.0000,5359.2000,5359.4000,5359.6000,1,10,1,2,1,1,1,1,2,1
SF,IC2003,2020-01-03 14:10:41.400,5358.8000,53511,0,9696125440.000,1,0,1,空换,B,5358.8000,5358.4000,5358.0000,5356.8000,5356.4000,5359.0000,5359.2000,5359.4000,5359.6000,5359.8000,1,1,10,1,2,1,1,2,1,2
SF,IC2003,2020-01-03 14:10:41.900,5358.8000,53512,1,9698269000.000,2,1,1,多开,B,5358.4000,5358.0000,5356.8000,5356.4000,5356.2000,5359.2000,5359.4000,5359.6000,5359.8000,5360.0000,1,10,1,2,1,1,2,1,2,16
SF,IC2003,2020-01-03 14:10:42.400,5358.8000,53512,0,9698269000.000,0,-,-,-,-,5358.4000,5358.0000,5356.8000,5356.4000,5356.2000,5359.0000,5359.2000,5359.4000,5359.6000,5359.8000,1,10,1,2,1,1,1,2,1,2
SF,IC2003,2020-01-03 14:10:42.900,5358.8000,53512,0,9698269000.000,0,-,-,-,-,5358.4000,5358.0000,5356.8000,5356.4000,5356.2000,5358.8000,5359.0000,5359.2000,5359.4000,5359.6000,1,10,1,2,1,1,1,1,2,1
SF,IC2003,2020-01-03 14:10:44.400,5358.8000,53512,0,9699340760.000,1,0,1,空换,B,5358.4000,5358.0000,5356.8000,5356.4000,5356.2000,5359.0000,5359.2000,5359.4000,5359.6000,5359.8000,1,10,1,2,1,1,1,2,1,2
SF,IC2003,2020-01-03 14:10:44.900,5358.8000,53512,0,9699340760.000,0,-,-,-,-,5358.6000,5358.4000,5358.0000,5356.8000,5356.4000,5359.2000,5359.4000,5359.6000,5359.8000,5360.0000,1,1,10,1,2,1,2,1,2,16
SF,IC2003,2020-01-03 14:10:45.900,5359.6000,53513,1,9703628280.000,4,2,2,多开,B,5359.2000,5358.8000,5358.6000,5358.4000,5358.0000,5359.8000,5360.0000,5360.4000,5360.8000,5361.0000,2,1,1,1,10,2,16,10,2,1
SF,IC2003,2020-01-03 14:10:46.400,5359.8000,53513,0,9704700240.000,1,0,1,空换,B,5359.4000,5359.2000,5359.0000,5358.8000,5358.6000,5359.6000,5359.8000,5360.0000,5360.4000,5360.8000,2,2,3,1,1,1,1,16,10,2
SF,IC2003,2020-01-03 14:10:46.900,5359.6000,53513,0,9708988040.000,4,2,2,空换,B,5359.2000,5359.0000,5358.8000,5358.6000,5358.4000,5359.8000,5360.0000,5360.4000,5360.8000,5361.0000,2,3,1,1,1,1,15,10,2,1
SF,IC2003,2020-01-03 14:10:47.400,5359.8000,53513,0,9710060000.000,1,0,1,空换,B,5359.4000,5359.2000,5359.0000,5358.8000,5358.6000,5360.0000,5360.4000,5360.8000,5361.0000,5361.2000,2,2,3,1,1,15,10,2,1,1
SF,IC2003,2020-01-03 14:10:47.900,5359.6000,53514,1,9711131920.000,1,1,0,双开,B,5359.4000,5359.2000,5359.0000,5358.8000,5358.6000,5360.0000,5360.4000,5360.8000,5361.0000,5361.2000,2,2,3,1,1,15,10,2,1,1
SF,IC2003,2020-01-03 14:10:48.400,5359.6000,53514,0,9711131920.000,0,-,-,-,-,5359.0000,5358.8000,5358.6000,5358.4000,5358.0000,5360.0000,5360.4000,5360.8000,5361.0000,5361.2000,3,1,1,1,10,15,10,2,1,1
SF,IC2003,2020-01-03 14:10:48.900,5360.0000,53514,0,9712203920.000,1,0,1,空换,B,5359.4000,5359.2000,5359.0000,5358.8000,5358.6000,5360.0000,5360.4000,5360.8000,5361.0000,5361.2000,1,2,3,1,1,14,10,2,1,1
SF,IC2003,2020-01-03 14:10:49.400,5360.0000,53513,-1,9714347920.000,2,0,2,空平,B,5359.2000,5359.0000,5358.8000,5358.6000,5358.4000,5360.0000,5360.4000,5360.8000,5361.0000,5361.2000,2,3,1,1,1,12,10,2,1,1
SF,IC2003,2020-01-03 14:10:49.900,5360.0000,53514,1,9716491920.000,2,1,1,多开,B,5359.2000,5359.0000,5358.8000,5358.6000,5358.0000,5360.0000,5360.4000,5360.8000,5361.0000,5361.2000,2,3,1,1,10,10,10,2,1,1
SF,IC2003,2020-01-03 14:10:50.400,5360.0000,53513,-1,9717563920.000,1,0,1,双平,B,5359.6000,5359.2000,5359.0000,5358.8000,5358.6000,5360.0000,5360.4000,5360.8000,5361.0000,5361.2000,1,2,3,1,1,9,10,2,1,1
SF,IC2003,2020-01-03 14:10:50.900,5360.0000,53514,1,9718635920.000,1,1,0,双开,B,5359.2000,5359.0000,5358.8000,5358.6000,5358.0000,5360.0000,5360.4000,5360.8000,5361.0000,5361.2000,2,3,1,1,10,8,10,2,1,1
SF,IC2003,2020-01-03 14:10:51.900,5360.0000,53514,0,9718635920.000,0,-,-,-,-,5359.4000,5359.2000,5359.0000,5358.8000,5358.6000,5360.0000,5360.4000,5360.8000,5361.0000,5361.2000,1,2,3,1,1,8,10,2,1,1
SF,IC2003,2020-01-03 14:10:52.400,5360.0000,53514,0,9719707920.000,1,0,1,空换,B,5359.8000,5359.4000,5359.2000,5359.0000,5358.8000,5360.0000,5360.4000,5360.8000,5361.0000,5361.2000,1,1,2,3,1,8,10,2,1,1
SF,IC2003,2020-01-03 14:10:52.900,5359.8000,53514,0,9720779880.000,1,0,1,空换,B,5359.4000,5359.2000,5359.0000,5358.8000,5358.6000,5359.8000,5360.0000,5360.4000,5360.8000,5361.0000,1,2,3,1,1,3,8,10,2,1
SF,IC2003,2020-01-03 14:10:53.400,5359.8000,53514,0,9720779880.000,0,-,-,-,-,5359.4000,5359.2000,5359.0000,5358.8000,5358.6000,5359.6000,5359.8000,5360.0000,5360.4000,5360.8000,1,2,3,1,1,1,3,8,10,2
SF,IC2003,2020-01-03 14:10:53.900,5359.6000,53514,0,9721851800.000,1,0,1,空换,B,5359.4000,5359.2000,5359.0000,5358.8000,5358.6000,5359.8000,5360.0000,5360.4000,5360.8000,5361.0000,1,2,3,1,1,3,8,10,2,1
SF,IC2003,2020-01-03 14:10:54.400,5359.6000,53514,0,9721851800.000,0,-,-,-,-,5359.6000,5359.4000,5359.2000,5359.0000,5358.8000,5360.0000,5360.4000,5360.8000,5361.0000,5361.2000,1,1,2,3,1,8,10,2,1,1
SF,IC2003,2020-01-03 14:10:55.400,5359.6000,53515,1,9722923720.000,1,1,0,双开,B,5359.2000,5359.0000,5358.8000,5358.6000,5358.0000,5360.0000,5360.4000,5360.8000,5361.0000,5361.2000,2,3,1,2,10,8,10,2,1,1
SF,IC2003,2020-01-03 14:10:57.400,5359.6000,53515,0,9722923720.000,0,-,-,-,-,5359.4000,5359.2000,5359.0000,5358.8000,5358.6000,5360.0000,5360.4000,5360.8000,5361.0000,5361.2000,1,2,3,1,2,8,10,2,1,1
SF,IC2003,2020-01-03 14:10:57.900,5360.0000,53514,-1,9725067720.000,2,0,2,空平,B,5359.4000,5359.2000,5359.0000,5358.8000,5358.6000,5360.0000,5360.4000,5360.8000,5361.0000,5361.2000,1,2,3,1,2,6,10,2,1,1
SF,IC2003,2020-01-03 14:10:59.400,5360.0000,53515,1,9726139720.000,1,1,0,双开,B,5359.4000,5359.2000,5359.0000,5358.8000,5358.6000,5360.0000,5360.4000,5360.8000,5361.0000,5361.2000,2,2,3,1,2,5,10,2,1,1
SF,IC2003,2020-01-03 14:11:00.400,5359.4000,53514,-1,9728283480.000,2,0,2,空平,B,5359.2000,5359.0000,5358.8000,5358.6000,5358.0000,5359.4000,5359.8000,5360.0000,5360.4000,5360.8000,2,3,1,2,10,1,1,5,10,2
SF,IC2003,2020-01-03 14:11:00.900,5359.0000,53516,2,9735786160.000,7,4,3,多开,B,5358.8000,5358.6000,5358.0000,5356.8000,5356.4000,5359.2000,5359.8000,5360.0000,5360.4000,5360.8000,1,2,10,1,2,1,1,5,10,1
SF,IC2003,2020-01-03 14:11:01.400,5359.0000,53516,0,9740073200.000,4,2,2,空换,B,5358.6000,5358.0000,5356.8000,5356.4000,5356.2000,5359.0000,5359.2000,5359.6000,5359.8000,5360.0000,1,10,1,2,1,2,1,1,1,5
SF,IC2003,2020-01-03 14:11:01.900,5359.0000,53516,0,9740073200.000,0,-,-,-,-,5358.6000,5358.0000,5356.8000,5356.4000,5356.2000,5359.0000,5359.2000,5359.6000,5359.8000,5360.0000,1,10,1,2,1,2,1,1,1,5
SF,IC2003,2020-01-03 14:11:02.400,5359.0000,53517,1,9741145000.000,1,1,0,双开,B,5358.0000,5356.8000,5356.4000,5356.2000,5356.0000,5359.2000,5359.6000,5359.8000,5360.0000,5360.4000,10,1,2,1,2,1,1,1,5,10
SF,IC2003,2020-01-03 14:11:02.900,5359.0000,53517,0,9741145000.000,0,-,-,-,-,5359.0000,5358.2000,5358.0000,5356.8000,5356.4000,5359.6000,5359.8000,5360.0000,5360.4000,5360.8000,1,6,10,1,2,1,1,5,10,1
SF,IC2003,2020-01-03 14:11:03.400,5359.0000,53517,0,9741145000.000,0,-,-,-,-,5359.0000,5358.2000,5358.0000,5356.8000,5356.4000,5359.8000,5360.0000,5360.4000,5360.8000,5361.0000,1,5,10,1,2,1,5,10,1,1
SF,IC2003,2020-01-03 14:11:03.900,5359.0000,53517,0,9741145000.000,0,-,-,-,-,5359.0000,5358.2000,5358.0000,5356.8000,5356.4000,5359.8000,5360.0000,5360.4000,5360.8000,5361.0000,1,5,10,1,2,1,5,10,1,1
SF,IC2003,2020-01-03 14:11:04.400,5359.0000,53517,0,9741145000.000,0,-,-,-,-,5359.6000,5359.0000,5358.2000,5358.0000,5356.8000,5359.8000,5360.0000,5360.4000,5360.8000,5361.0000,1,1,5,10,1,1,5,10,1,1
SF,IC2003,2020-01-03 14:11:04.900,5359.6000,53517,0,9742216920.000,1,0,1,空换,B,5359.0000,5358.2000,5358.0000,5356.8000,5356.4000,5359.6000,5360.0000,5360.4000,5360.8000,5361.0000,1,5,10,1,2,2,7,10,1,1
SF,IC2003,2020-01-03 14:11:05.400,5359.6000,53517,0,9742216920.000,0,-,-,-,-,5359.0000,5358.2000,5358.0000,5356.8000,5356.4000,5360.0000,5360.4000,5360.8000,5361.0000,5361.2000,1,5,10,1,2,7,10,1,1,1
SF,IC2003,2020-01-03 14:11:05.900,5359.6000,53517,0,9742216920.000,0,-,-,-,-,5359.0000,5358.2000,5358.0000,5356.8000,5356.4000,5360.0000,5360.4000,5360.8000,5361.0000,5361.2000,2,5,10,1,2,7,10,1,1,1
SF,IC2003,2020-01-03 14:11:06.400,5359.0000,53519,2,9744360720.000,2,2,0,双开,B,5359.0000,5358.2000,5358.0000,5356.8000,5356.4000,5360.0000,5360.4000,5360.8000,5361.0000,5361.2000,1,5,10,1,2,6,10,1,1,1
SF,IC2003,2020-01-03 14:11:06.900,5359.0000,53519,0,9744360720.000,0,-,-,-,-,5359.0000,5358.2000,5358.0000,5356.8000,5356.4000,5359.8000,5360.0000,5360.4000,5360.8000,5361.0000,1,5,10,1,2,1,6,10,1,1
SF,IC2003,2020-01-03 14:11:07.900,5359.0000,53519,0,9744360720.000,0,-,-,-,-,5359.0000,5358.2000,5358.0000,5356.8000,5356.4000,5359.8000,5360.0000,5360.4000,5360.8000,5361.0000,2,5,10,1,2,1,6,10,1,1
SF,IC2003,2020-01-03 14:11:08.400,5359.0000,53518,-1,9745432520.000,1,0,1,双平,B,5359.0000,5358.2000,5358.0000,5356.8000,5356.4000,5360.0000,5360.4000,5360.8000,5361.0000,5361.2000,1,5,10,1,2,6,10,1,1,1
SF,IC2003,2020-01-03 14:11:08.900,5359.0000,53518,0,9745432520.000,0,-,-,-,-,5359.0000,5358.2000,5358.0000,5356.8000,5356.4000,5359.8000,5360.0000,5360.4000,5360.8000,5361.0000,1,5,10,1,2,1,6,10,1,1
SF,IC2003,2020-01-03 14:11:09.900,5359.0000,53518,0,9745432520.000,0,-,-,-,-,5359.0000,5358.2000,5358.0000,5356.8000,5356.4000,5359.8000,5360.0000,5360.4000,5360.8000,5361.0000,1,4,10,1,2,1,6,10,1,1
SF,IC2003,2020-01-03 14:11:10.400,5359.0000,53518,0,9745432520.000,0,-,-,-,-,5359.0000,5358.8000,5358.2000,5358.0000,5356.8000,5359.8000,5360.0000,5360.4000,5360.8000,5361.0000,1,3,4,10,1,1,6,10,1,1
SF,IC2003,2020-01-03 14:11:10.900,5359.0000,53518,0,9745432520.000,0,-,-,-,-,5359.0000,5358.8000,5358.2000,5358.0000,5356.8000,5360.0000,5360.4000,5360.8000,5361.0000,5361.2000,1,3,4,10,1,6,10,1,1,1
SF,IC2003,2020-01-03 14:11:11.400,5359.0000,53518,0,9745432520.000,0,-,-,-,-,5359.0000,5358.8000,5358.2000,5358.0000,5356.8000,5359.8000,5360.0000,5360.4000,5360.8000,5361.0000,2,3,4,10,1,1,6,10,1,1
SF,IC2003,2020-01-03 14:11:12.900,5359.0000,53518,0,9746504320.000,1,0,1,空换,B,5359.0000,5358.8000,5358.2000,5358.0000,5356.8000,5359.8000,5360.0000,5360.4000,5360.8000,5361.0000,1,3,4,10,1,1,6,10,1,1
SF,IC2003,2020-01-03 14:11:13.400,5359.0000,53518,0,9747576120.000,1,0,1,空换,B,5358.8000,5358.2000,5358.0000,5356.8000,5356.4000,5359.6000,5359.8000,5360.0000,5360.4000,5360.8000,3,4,10,1,2,1,1,6,10,1
SF,IC2003,2020-01-03 14:11:13.900,5359.0000,53518,0,9747576120.000,0,-,-,-,-,5358.8000,5358.2000,5358.0000,5356.8000,5356.4000,5359.4000,5359.6000,5359.8000,5360.0000,5360.4000,3,4,10,1,2,1,2,1,6,10
SF,IC2003,2020-01-03 14:11:14.400,5359.0000,53518,0,9747576120.000,0,-,-,-,-,5358.8000,5358.2000,5358.0000,5356.8000,5356.4000,5359.4000,5359.6000,5359.8000,5360.0000,5360.4000,3,3,10,1,2,1,1,1,6,10
SF,IC2003,2020-01-03 14:11:14.900,5359.0000,53518,0,9747576120.000,0,-,-,-,-,5358.8000,5358.2000,5358.0000,5356.8000,5356.4000,5359.0000,5359.4000,5359.6000,5359.8000,5360.0000,3,3,10,1,2,1,1,1,1,6
SF,IC2003,2020-01-03 14:11:15.400,5359.0000,53519,1,9748647920.000,1,1,0,双开,B,5359.0000,5358.8000,5358.2000,5358.0000,5356.8000,5359.4000,5359.6000,5360.0000,5360.4000,5360.8000,1,3,2,10,1,1,1,6,10,1
SF,IC2003,2020-01-03 14:11:15.900,5359.0000,53519,0,9748647920.000,0,-,-,-,-,5358.8000,5358.2000,5358.0000,5356.8000,5356.4000,5359.4000,5359.6000,5360.0000,5360.4000,5360.8000,3,3,10,1,2,1,1,6,10,1
SF,IC2003,2020-01-03 14:11:16.400,5359.4000,53518,-1,9750791600.000,2,0,2,空平,B,5359.4000,5358.8000,5358.2000,5358.0000,5356.8000,5359.6000,5360.0000,5360.4000,5360.8000,5361.0000,4,3,3,10,1,1,6,10,1,1
SF,IC2003,2020-01-03 14:11:17.900,5359.4000,53518,0,9750791600.000,0,-,-,-,-,5359.4000,5358.8000,5358.2000,5358.0000,5356.8000,5359.6000,5360.0000,5360.4000,5360.8000,5361.0000,4,3,3,10,1,1,6,10,1,1
SF,IC2003,2020-01-03 14:11:18.400,5359.4000,53517,-1,9751863480.000,1,0,1,双平,B,5359.4000,5358.8000,5358.2000,5358.0000,5356.8000,5359.6000,5360.0000,5360.4000,5360.8000,5361.0000,3,3,3,10,1,1,6,10,1,1
SF,IC2003,2020-01-03 14:11:18.900,5359.4000,53517,0,9755079120.000,3,1,2,空换,B,5358.8000,5358.2000,5358.0000,5356.8000,5356.4000,5359.4000,5359.6000,5359.8000,5360.0000,5360.4000,3,3,10,1,2,2,1,1,6,10
SF,IC2003,2020-01-03 14:11:19.400,5359.4000,53517,0,9755079120.000,0,-,-,-,-,5358.8000,5358.2000,5358.0000,5356.8000,5356.4000,5359.4000,5359.6000,5359.8000,5360.0000,5360.4000,3,3,10,1,2,1,1,1,6,10
SF,IC2003,2020-01-03 14:11:24.400,5359.4000,53516,-1,9756151000.000,1,0,1,双平,B,5358.8000,5358.2000,5358.0000,5356.8000,5356.4000,5359.6000,5359.8000,5360.0000,5360.4000,5360.8000,3,3,10,1,2,1,1,6,10,1
SF,IC2003,2020-01-03 14:11:24.900,5359.4000,53516,0,9756151000.000,0,-,-,-,-,5359.0000,5358.8000,5358.2000,5358.0000,5356.8000,5359.8000,5360.0000,5360.4000,5360.8000,5361.0000,2,3,1,10,1,1,6,10,1,1
SF,IC2003,2020-01-03 14:11:25.400,5359.4000,53516,0,9756151000.000,0,-,-,-,-,5359.0000,5358.8000,5358.2000,5358.0000,5356.8000,5360.0000,5360.4000,5360.8000,5361.0000,5361.2000,2,3,1,10,1,6,10,1,1,1
SF,IC2003,2020-01-03 14:11:25.900,5359.4000,53516,0,9756151000.000,0,-,-,-,-,5359.0000,5358.8000,5358.2000,5358.0000,5356.8000,5359.4000,5360.0000,5360.4000,5360.8000,5361.0000,2,3,1,10,1,1,6,10,1,1
SF,IC2003,2020-01-03 14:11:26.400,5359.4000,53516,0,9757222880.000,1,0,1,空换,B,5359.0000,5358.8000,5358.2000,5358.0000,5356.8000,5359.8000,5360.0000,5360.4000,5360.8000,5361.0000,2,3,1,10,1,1,6,10,1,1
SF,IC2003,2020-01-03 14:11:26.900,5359.4000,53516,0,9757222880.000,0,-,-,-,-,5359.0000,5358.8000,5358.2000,5358.0000,5356.8000,5360.0000,5360.4000,5360.8000,5361.0000,5361.2000,2,3,1,10,1,6,10,1,1,1
SF,IC2003,2020-01-03 14:11:27.400,5359.4000,53516,0,9757222880.000,0,-,-,-,-,5359.0000,5358.8000,5358.2000,5358.0000,5356.8000,5359.8000,5360.0000,5360.4000,5360.8000,5361.0000,2,3,1,10,1,1,6,10,1,1
SF,IC2003,2020-01-03 14:11:29.900,5359.8000,53515,-1,9758294840.000,1,0,1,双平,B,5359.8000,5359.2000,5359.0000,5358.8000,5358.2000,5360.0000,5360.4000,5360.8000,5361.0000,5361.2000,12,1,2,3,1,6,10,1,1,1
SF,IC2003,2020-01-03 14:11:30.400,5359.8000,53512,-3,9761510720.000,3,0,3,双平,B,5359.8000,5359.0000,5358.8000,5358.2000,5358.0000,5360.0000,5360.4000,5360.8000,5361.0000,5361.2000,9,2,3,1,10,6,10,1,1,1
SF,IC2003,2020-01-03 14:11:30.900,5359.8000,53512,0,9762582680.000,1,0,1,空换,B,5359.8000,5359.0000,5358.8000,5358.2000,5358.0000,5360.0000,5360.4000,5360.8000,5361.0000,5361.2000,8,2,3,1,10,6,10,1,1,1
SF,IC2003,2020-01-03 14:11:31.400,5359.8000,53512,0,9763654640.000,1,0,1,空换,B,5359.8000,5359.0000,5358.8000,5358.2000,5358.0000,5360.0000,5360.4000,5360.8000,5361.0000,5361.2000,7,2,3,1,10,6,10,1,1,1
SF,IC2003,2020-01-03 14:11:34.400,5359.8000,53512,0,9764726600.000,1,0,1,空换,B,5359.8000,5359.0000,5358.8000,5358.2000,5358.0000,5360.0000,5360.4000,5360.8000,5361.0000,5361.2000,6,2,3,1,10,6,10,1,1,1
SF,IC2003,2020-01-03 14:11:34.900,5359.8000,53510,-2,9772230320.000,7,2,5,空平,B,5359.6000,5359.0000,5358.8000,5358.2000,5358.0000,5359.8000,5360.0000,5360.4000,5360.8000,5361.0000,3,2,3,1,10,6,6,10,1,1
SF,IC2003,2020-01-03 14:11:35.400,5359.6000,53510,0,9775446080.000,3,1,2,空换,B,5358.8000,5358.2000,5358.0000,5356.8000,5356.4000,5360.0000,5360.4000,5360.8000,5361.0000,5361.2000,3,1,10,1,2,7,10,1,1,1
SF,IC2003,2020-01-03 14:11:35.900,5359.6000,53510,0,9775446080.000,0,-,-,-,-,5358.8000,5358.2000,5358.0000,5356.8000,5356.4000,5359.8000,5360.0000,5360.4000,5360.8000,5361.0000,3,1,10,1,2,2,7,10,1,1
SF,IC2003,2020-01-03 14:11:40.400,5359.6000,53510,0,9775446080.000,0,-,-,-,-,5358.8000,5358.2000,5358.0000,5356.8000,5356.4000,5359.8000,5360.0000,5360.4000,5360.8000,5361.0000,3,1,10,1,2,2,7,10,1,1
SF,IC2003,2020-01-03 14:11:42.400,5359.6000,53510,0,9775446080.000,0,-,-,-,-,5358.8000,5358.2000,5358.0000,5356.8000,5356.4000,5359.8000,5360.0000,5360.4000,5360.8000,5361.0000,3,1,10,1,2,2,7,10,1,1
SF,IC2003,2020-01-03 14:11:42.900,5359.0000,53510,0,9776517880.000,1,0,1,空换,B,5359.0000,5358.8000,5358.2000,5358.0000,5356.8000,5360.0000,5360.4000,5360.8000,5361.0000,5361.2000,1,3,1,10,1,7,10,1,1,1
SF,IC2003,2020-01-03 14:11:43.400,5359.0000,53510,0,9776517880.000,0,-,-,-,-,5359.8000,5359.0000,5358.8000,5358.2000,5358.0000,5360.0000,5360.4000,5360.8000,5361.0000,5361.2000,1,1,3,1,10,7,10,1,1,1
SF,IC2003,2020-01-03 14:11:43.900,5359.8000,53509,-1,9777589840.000,1,0,1,双平,B,5359.0000,5358.8000,5358.2000,5358.0000,5356.8000,5360.0000,5360.4000,5360.8000,5361.0000,5361.2000,1,3,1,10,1,7,10,1,1,1
SF,IC2003,2020-01-03 14:11:44.400,5359.8000,53509,0,9777589840.000,0,-,-,-,-,5359.0000,5358.8000,5358.2000,5358.0000,5356.8000,5360.0000,5360.4000,5360.8000,5361.0000,5361.2000,2,3,1,10,1,7,10,1,1,1
SF,IC2003,2020-01-03 14:11:44.900,5359.8000,53509,0,9777589840.000,0,-,-,-,-,5359.0000,5358.8000,5358.2000,5358.0000,5356.8000,5359.8000,5360.0000,5360.4000,5360.8000,5361.0000,1,3,1,10,1,2,7,10,1,1
SF,IC2003,2020-01-03 14:11:45.400,5359.8000,53509,0,9777589840.000,0,-,-,-,-,5359.0000,5358.8000,5358.2000,5358.0000,5356.8000,5360.0000,5360.4000,5360.8000,5361.0000,5361.2000,1,3,1,10,1,7,10,1,1,1
SF,IC2003,2020-01-03 14:11:45.900,5359.8000,53509,0,9777589840.000,0,-,-,-,-,5359.2000,5359.0000,5358.8000,5358.2000,5358.0000,5360.0000,5360.4000,5360.8000,5361.0000,5361.2000,2,1,3,1,10,7,10,1,1,1
SF,IC2003,2020-01-03 14:11:46.900,5359.8000,53509,0,9777589840.000,0,-,-,-,-,5359.2000,5359.0000,5358.8000,5358.2000,5358.0000,5360.0000,5360.4000,5360.8000,5361.0000,5361.2000,2,1,3,1,10,7,10,1,1,1
SF,IC2003,2020-01-03 14:11:47.400,5360.0000,53511,2,9779733840.000,2,2,0,双开,B,5359.2000,5359.0000,5358.8000,5358.2000,5358.0000,5360.0000,5360.4000,5360.8000,5361.0000,5361.2000,2,1,3,1,10,5,10,1,1,1
SF,IC2003,2020-01-03 14:11:47.900,5360.4000,53512,1,9786165920.000,6,3,3,多开,B,5359.4000,5359.2000,5359.0000,5358.8000,5358.2000,5360.4000,5360.8000,5361.0000,5361.2000,5361.8000,1,2,1,3,1,9,1,1,1,1
SF,IC2003,2020-01-03 14:11:48.400,5360.4000,53512,0,9786165920.000,0,-,-,-,-,5359.4000,5359.2000,5359.0000,5358.8000,5358.2000,5360.4000,5360.8000,5361.0000,5361.2000,5361.8000,1,2,1,3,1,9,1,1,1,1
SF,IC2003,2020-01-03 14:11:48.900,5360.4000,53512,0,9786165920.000,0,-,-,-,-,5360.0000,5359.0000,5358.8000,5358.2000,5358.0000,5360.2000,5360.4000,5360.8000,5361.0000,5361.2000,1,1,3,1,10,2,9,1,1,1
SF,IC2003,2020-01-03 14:11:49.900,5360.2000,53514,2,9788310000.000,2,2,0,双开,B,5360.0000,5359.0000,5358.8000,5358.2000,5358.0000,5360.4000,5360.8000,5361.0000,5361.2000,5361.8000,1,1,3,1,10,9,1,1,1,1
SF,IC2003,2020-01-03 14:11:50.400,5360.2000,53514,0,9788310000.000,0,-,-,-,-,5360.0000,5359.0000,5358.8000,5358.2000,5358.0000,5360.4000,5360.8000,5361.0000,5361.2000,5361.8000,1,1,3,1,10,9,1,1,1,1
SF,IC2003,2020-01-03 14:11:52.900,5360.4000,53513,-1,9789382080.000,1,0,1,双平,B,5360.0000,5359.0000,5358.8000,5358.2000,5358.0000,5360.4000,5360.8000,5361.0000,5361.2000,5361.8000,1,1,3,1,10,8,1,1,1,1
SF,IC2003,2020-01-03 14:11:53.400,5360.4000,53513,0,9789382080.000,0,-,-,-,-,5360.0000,5359.0000,5358.8000,5358.2000,5358.0000,5360.4000,5360.8000,5361.0000,5361.2000,5361.8000,1,1,4,1,10,8,1,1,1,1
SF,IC2003,2020-01-03 14:11:53.900,5360.4000,53513,0,9790454160.000,1,0,1,空换,B,5360.0000,5359.0000,5358.8000,5358.2000,5358.0000,5360.4000,5360.8000,5361.0000,5361.2000,5361.8000,1,1,4,1,10,8,1,1,1,1
SF,IC2003,2020-01-03 14:11:54.400,5360.4000,53513,0,9791526240.000,1,0,1,空换,B,5360.0000,5359.0000,5358.8000,5358.2000,5358.0000,5360.4000,5360.8000,5361.0000,5361.2000,5361.8000,1,1,4,1,10,7,1,1,1,1
SF,IC2003,2020-01-03 14:11:54.900,5360.4000,53512,-1,9792598320.000,1,0,1,双平,B,5360.2000,5360.0000,5359.0000,5358.8000,5358.2000,5360.4000,5360.8000,5361.0000,5361.2000,5361.8000,3,1,1,4,1,6,1,1,1,1
SF,IC2003,2020-01-03 14:11:55.400,5360.4000,53512,0,9794742480.000,2,1,1,空换,B,5360.0000,5359.0000,5358.8000,5358.2000,5358.0000,5360.4000,5360.8000,5361.0000,5361.2000,5361.8000,1,1,4,1,10,5,1,1,1,1
SF,IC2003,2020-01-03 14:12:01.400,5360.4000,53512,0,9794742480.000,0,-,-,-,-,5360.0000,5359.0000,5358.8000,5358.2000,5358.0000,5360.4000,5360.8000,5361.0000,5361.2000,5361.8000,1,1,4,1,10,6,1,1,1,1
SF,IC2003,2020-01-03 14:12:01.900,5360.4000,53512,0,9794742480.000,0,-,-,-,-,5360.0000,5359.8000,5359.0000,5358.8000,5358.2000,5360.4000,5360.8000,5361.0000,5361.2000,5361.8000,1,3,1,4,1,6,1,1,1,1
SF,IC2003,2020-01-03 14:12:03.400,5360.0000,53513,1,9795814480.000,1,1,0,双开,B,5359.8000,5359.0000,5358.8000,5358.2000,5358.0000,5360.4000,5360.8000,5361.0000,5361.2000,5361.8000,3,1,4,1,10,6,1,1,1,1
SF,IC2003,2020-01-03 14:12:04.900,5360.0000,53513,0,9795814480.000,0,-,-,-,-,5359.8000,5359.0000,5358.8000,5358.2000,5358.0000,5360.0000,5360.4000,5360.8000,5361.0000,5361.2000,3,1,4,1,10,1,6,1,1,1
SF,IC2003,2020-01-03 14:12:07.400,5360.0000,53514,1,9796886480.000,1,1,0,双开,B,5359.8000,5359.0000,5358.8000,5358.2000,5358.0000,5360.4000,5360.8000,5361.0000,5361.2000,5361.8000,3,1,4,1,10,6,1,1,1,1
SF,IC2003,2020-01-03 14:12:10.400,5360.0000,53514,0,9796886480.000,0,-,-,-,-,5359.8000,5359.0000,5358.8000,5358.2000,5358.0000,5360.2000,5360.4000,5360.8000,5361.0000,5361.2000,3,1,5,1,10,1,6,1,1,1
SF,IC2003,2020-01-03 14:12:11.400,5360.0000,53514,0,9796886480.000,0,-,-,-,-,5359.8000,5359.0000,5358.8000,5358.2000,5358.0000,5360.2000,5360.4000,5360.8000,5361.0000,5361.2000,3,1,4,1,10,1,6,1,1,1
SF,IC2003,2020-01-03 14:12:12.900,5359.8000,53513,-1,9797958440.000,1,0,1,双平,B,5359.8000,5359.0000,5358.8000,5358.2000,5358.0000,5360.2000,5360.4000,5360.8000,5361.0000,5361.2000,2,1,4,1,10,1,6,1,1,1
SF,IC2003,2020-01-03 14:12:13.400,5359.8000,53513,0,9797958440.000,0,-,-,-,-,5359.8000,5359.0000,5358.8000,5358.2000,5358.0000,5360.0000,5360.2000,5360.4000,5360.8000,5361.0000,2,1,4,1,10,1,1,6,1,1
SF,IC2003,2020-01-03 14:12:13.900,5359.8000,53513,0,9800102360.000,2,1,1,空换,B,5359.0000,5358.8000,5358.2000,5358.0000,5356.8000,5360.0000,5360.2000,5360.4000,5360.8000,5361.0000,1,4,1,10,1,1,1,6,1,1
SF,IC2003,2020-01-03 14:12:14.400,5359.8000,53513,0,9800102360.000,0,-,-,-,-,5359.2000,5359.0000,5358.8000,5358.2000,5358.0000,5360.0000,5360.2000,5360.4000,5360.8000,5361.0000,2,1,4,1,10,1,1,6,1,1
SF,IC2003,2020-01-03 14:12:14.900,5359.8000,53513,0,9800102360.000,0,-,-,-,-,5359.2000,5359.0000,5358.8000,5358.2000,5358.0000,5360.0000,5360.2000,5360.4000,5360.8000,5361.0000,2,1,4,1,10,5,1,6,1,1
SF,IC2003,2020-01-03 14:12:15.900,5360.0000,53514,1,9803318360.000,3,2,1,多开,B,5359.2000,5359.0000,5358.8000,5358.2000,5358.0000,5360.0000,5360.2000,5360.4000,5360.8000,5361.0000,2,1,4,1,10,2,1,6,1,1
SF,IC2003,2020-01-03 14:12:16.900,5360.0000,53514,0,9803318360.000,0,-,-,-,-,5359.2000,5359.0000,5358.8000,5358.2000,5358.0000,5360.0000,5360.2000,5360.4000,5360.8000,5361.0000,2,1,4,1,10,2,1,6,1,1
SF,IC2003,2020-01-03 14:12:17.900,5360.0000,53514,0,9804390360.000,1,0,1,空换,B,5359.2000,5359.0000,5358.8000,5358.2000,5358.0000,5360.0000,5360.2000,5360.4000,5360.8000,5361.0000,2,1,4,1,10,1,1,6,1,1
SF,IC2003,2020-01-03 14:12:18.400,5359.2000,53516,2,9808677920.000,4,3,1,多开,B,5359.0000,5358.8000,5358.2000,5358.0000,5356.8000,5359.2000,5360.2000,5360.4000,5360.8000,5361.0000,1,4,1,10,1,2,1,6,1,1
SF,IC2003,2020-01-03 14:12:18.900,5359.2000,53518,2,9810821600.000,2,2,0,双开,B,5359.2000,5359.0000,5358.8000,5358.2000,5358.0000,5360.2000,5360.4000,5360.8000,5361.0000,5361.2000,7,1,4,1,10,1,6,1,1,1
SF,IC2003,2020-01-03 14:12:19.400,5359.2000,53518,0,9810821600.000,0,-,-,-,-,5359.2000,5359.0000,5358.8000,5358.2000,5358.0000,5360.2000,5360.4000,5360.8000,5361.0000,5361.2000,4,1,4,1,10,1,6,1,1,1
SF,IC2003,2020-01-03 14:12:21.400,5359.2000,53519,1,9811893440.000,1,1,0,双开,B,5359.0000,5358.8000,5358.2000,5358.0000,5356.8000,5360.2000,5360.4000,5360.8000,5361.0000,5361.2000,1,4,1,10,1,1,6,1,1,1
SF,IC2003,2020-01-03 14:12:21.900,5359.2000,53519,0,9811893440.000,0,-,-,-,-,5359.0000,5358.8000,5358.2000,5358.0000,5356.8000,5360.0000,5360.2000,5360.4000,5360.8000,5361.0000,1,4,1,10,1,2,2,6,1,1
SF,IC2003,2020-01-03 14:12:23.400,5360.0000,53520,1,9812965440.000,1,1,0,双开,B,5359.2000,5359.0000,5358.8000,5358.2000,5358.0000,5360.0000,5360.2000,5360.4000,5360.8000,5361.0000,4,2,4,1,10,1,2,6,1,1
SF,IC2003,2020-01-03 14:12:23.900,5360.0000,53520,0,9814037440.000,1,0,1,空换,B,5359.4000,5359.2000,5359.0000,5358.8000,5358.2000,5360.2000,5360.4000,5360.8000,5361.0000,5361.2000,4,2,1,4,1,1,6,1,1,1
SF,IC2003,2020-01-03 14:12:24.400,5360.2000,53521,1,9815109480.000,1,1,0,双开,B,5359.6000,5359.4000,5359.2000,5359.0000,5358.8000,5360.4000,5360.8000,5361.0000,5361.2000,5361.8000,1,3,1,1,4,6,1,1,1,1
SF,IC2003,2020-01-03 14:12:24.900,5360.2000,53521,0,9815109480.000,0,-,-,-,-,5359.8000,5359.6000,5359.4000,5359.2000,5359.0000,5360.4000,5360.8000,5361.0000,5361.2000,5361.8000,2,1,1,1,1,6,1,1,1,1
SF,IC2003,2020-01-03 14:12:25.400,5360.2000,53521,0,9815109480.000,0,-,-,-,-,5359.8000,5359.4000,5359.2000,5359.0000,5358.8000,5360.4000,5360.8000,5361.0000,5361.2000,5361.8000,2,1,1,1,4,6,1,1,1,1
SF,IC2003,2020-01-03 14:12:25.900,5359.6000,53520,-1,9816181400.000,1,0,1,双平,B,5359.6000,5359.4000,5359.2000,5359.0000,5358.8000,5360.4000,5360.8000,5361.0000,5361.2000,5361.8000,2,1,1,1,4,6,1,1,1,1
SF,IC2003,2020-01-03 14:12:27.900,5359.6000,53520,0,9816181400.000,0,-,-,-,-,5359.6000,5359.4000,5359.0000,5358.8000,5358.2000,5360.4000,5360.8000,5361.0000,5361.2000,5361.8000,2,1,1,4,1,6,1,1,1,1
SF,IC2003,2020-01-03 14:12:29.900,5359.6000,53520,0,9816181400.000,0,-,-,-,-,5359.8000,5359.6000,5359.4000,5359.0000,5358.8000,5360.4000,5360.8000,5361.0000,5361.2000,5361.8000,2,2,1,1,4,6,1,1,1,1
SF,IC2003,2020-01-03 14:12:30.400,5360.4000,53517,-3,9819397640.000,3,0,3,双平,B,5359.8000,5359.6000,5359.4000,5359.0000,5358.8000,5360.4000,5360.6000,5360.8000,5361.0000,5361.2000,1,2,1,1,4,3,1,1,1,1
SF,IC2003,2020-01-03 14:12:30.900,5360.4000,53517,0,9819397640.000,0,-,-,-,-,5360.0000,5359.8000,5359.6000,5359.4000,5359.0000,5360.2000,5360.4000,5360.6000,5360.8000,5361.0000,2,1,2,1,1,1,3,1,1,1
SF,IC2003,2020-01-03 14:12:31.400,5360.0000,53517,0,9820469640.000,1,0,1,空换,B,5360.0000,5359.6000,5359.4000,5359.0000,5358.8000,5360.2000,5360.4000,5360.6000,5360.8000,5361.0000,1,2,1,1,4,1,3,1,1,1
SF,IC2003,2020-01-03 14:12:31.900,5360.0000,53517,0,9820469640.000,0,-,-,-,-,5359.6000,5359.4000,5359.0000,5358.8000,5358.2000,5360.2000,5360.4000,5360.6000,5360.8000,5361.0000,2,1,1,4,1,1,3,1,1,1
SF,IC2003,2020-01-03 14:12:32.400,5360.2000,53518,1,9821541680.000,1,1,0,双开,B,5359.6000,5359.4000,5359.0000,5358.8000,5358.2000,5360.4000,5360.6000,5360.8000,5361.0000,5361.2000,2,1,1,4,1,3,1,1,1,1
SF,IC2003,2020-01-03 14:12:33.400,5360.2000,53518,0,9821541680.000,0,-,-,-,-,5359.6000,5359.4000,5359.0000,5358.8000,5358.2000,5360.4000,5360.6000,5360.8000,5361.0000,5361.2000,2,1,1,4,1,3,2,1,1,1
SF,IC2003,2020-01-03 14:12:34.900,5360.2000,53518,0,9821541680.000,0,-,-,-,-,5359.6000,5359.4000,5359.0000,5358.8000,5358.2000,5360.2000,5360.4000,5360.6000,5360.8000,5361.0000,2,1,1,4,1,1,3,2,1,1
SF,IC2003,2020-01-03 14:12:36.400,5360.2000,53519,1,9822613720.000,1,1,0,双开,B,5359.6000,5359.4000,5359.0000,5358.8000,5358.2000,5360.2000,5360.4000,5360.6000,5360.8000,5361.0000,2,1,1,4,1,1,3,2,1,1
SF,IC2003,2020-01-03 14:12:38.900,5360.2000,53519,0,9823685760.000,1,0,1,空换,B,5360.2000,5359.8000,5359.6000,5359.4000,5359.0000,5360.4000,5360.6000,5360.8000,5361.0000,5361.2000,2,1,2,1,1,3,2,1,1,1
SF,IC2003,2020-01-03 14:12:39.400,5360.4000,53519,0,9826902000.000,3,1,2,空换,B,5360.2000,5359.8000,5359.6000,5359.4000,5359.0000,5360.6000,5360.8000,5361.0000,5361.2000,5361.8000,1,1,2,1,1,2,1,1,1,1
SF,IC2003,2020-01-03 14:12:39.900,5360.6000,53520,1,9827974120.000,1,1,0,双开,B,5360.2000,5359.8000,5359.6000,5359.4000,5359.0000,5360.6000,5360.8000,5361.0000,5361.2000,5361.8000,1,1,2,1,1,1,1,1,1,1
SF,IC2003,2020-01-03 14:12:40.400,5360.8000,53522,2,9830118400.000,2,2,0,双开,B,5359.8000,5359.6000,5359.4000,5359.0000,5358.8000,5361.0000,5361.2000,5361.8000,5362.0000,5362.6000,1,2,1,1,4,1,1,1,4,2
SF,IC2003,2020-01-03 14:12:40.900,5360.8000,53522,0,9830118400.000,0,-,-,-,-,5360.0000,5359.8000,5359.6000,5359.4000,5359.0000,5361.0000,5361.2000,5361.8000,5362.0000,5362.6000,2,1,2,1,1,1,1,1,4,2
SF,IC2003,2020-01-03 14:12:41.400,5360.8000,53522,0,9830118400.000,0,-,-,-,-,5360.2000,5360.0000,5359.6000,5359.4000,5359.0000,5360.8000,5361.0000,5361.2000,5361.8000,5362.0000,2,2,2,1,1,1,1,1,1,4
SF,IC2003,2020-01-03 14:12:41.900,5361.8000,53520,-2,9834407360.000,4,1,3,空平,B,5360.2000,5359.6000,5359.4000,5359.0000,5358.8000,5362.0000,5362.6000,5363.0000,5363.8000,5364.0000,2,2,1,1,4,4,2,3,2,12
SF,IC2003,2020-01-03 14:12:42.400,5362.0000,53522,2,9837624560.000,3,2,1,多开,B,5360.8000,5360.4000,5360.2000,5359.6000,5359.4000,5362.0000,5362.6000,5363.0000,5363.8000,5364.0000,1,2,2,2,1,1,2,3,2,12
SF,IC2003,2020-01-03 14:12:42.900,5362.0000,53522,0,9837624560.000,0,-,-,-,-,5361.0000,5360.8000,5360.2000,5359.6000,5359.0000,5362.0000,5362.6000,5363.0000,5363.8000,5364.0000,2,1,2,2,1,1,2,3,2,12
SF,IC2003,2020-01-03 14:12:43.400,5362.0000,53522,0,9837624560.000,0,-,-,-,-,5361.2000,5361.0000,5360.8000,5359.6000,5359.0000,5362.0000,5362.2000,5362.6000,5363.0000,5363.8000,2,2,1,2,1,1,1,2,3,2
SF,IC2003,2020-01-03 14:12:43.900,5362.0000,53522,0,9837624560.000,0,-,-,-,-,5361.2000,5361.0000,5360.8000,5359.6000,5359.0000,5362.0000,5362.6000,5363.0000,5363.8000,5364.0000,2,2,1,2,1,1,2,3,2,12
SF,IC2003,2020-01-03 14:12:44.400,5362.0000,53529,7,9845131560.000,7,7,0,双开,B,5361.6000,5361.2000,5361.0000,5360.8000,5359.6000,5362.0000,5362.6000,5363.0000,5363.8000,5364.0000,1,2,2,1,2,4,2,3,2,12
SF,IC2003,2020-01-03 14:12:44.900,5361.8000,53532,3,9848348640.000,3,3,0,双开,B,5361.2000,5361.0000,5360.8000,5359.6000,5359.0000,5361.8000,5362.0000,5362.6000,5363.0000,5363.8000,2,2,1,2,1,1,4,2,3,2
SF,IC2003,2020-01-03 14:12:45.400,5361.8000,53532,0,9848348640.000,0,-,-,-,-,5361.2000,5361.0000,5360.8000,5359.6000,5359.0000,5361.6000,5361.8000,5362.0000,5362.6000,5363.0000,2,2,1,2,1,2,1,4,2,3
SF,IC2003,2020-01-03 14:12:45.900,5361.6000,53532,0,9849420960.000,1,0,1,空换,B,5361.2000,5361.0000,5360.8000,5359.6000,5359.0000,5361.6000,5361.8000,5362.0000,5362.6000,5363.0000,1,2,1,2,1,1,1,4,2,3
SF,IC2003,2020-01-03 14:12:46.400,5361.6000,53536,4,9854782760.000,5,4,1,多开,B,5361.4000,5361.0000,5360.8000,5359.6000,5359.0000,5362.0000,5362.6000,5363.0000,5363.8000,5364.0000,1,2,1,2,1,2,2,3,2,12
SF,IC2003,2020-01-03 14:12:46.900,5361.6000,53536,0,9854782760.000,0,-,-,-,-,5361.6000,5361.4000,5360.8000,5359.6000,5359.0000,5362.0000,5362.6000,5363.0000,5363.8000,5364.0000,2,1,1,2,1,2,2,3,2,12
SF,IC2003,2020-01-03 14:12:47.400,5361.6000,53536,0,9854782760.000,0,-,-,-,-,5361.4000,5360.8000,5359.6000,5359.0000,5358.8000,5362.0000,5362.6000,5363.0000,5363.8000,5364.0000,1,1,2,1,4,2,2,3,2,12
SF,IC2003,2020-01-03 14:12:47.900,5361.6000,53536,0,9854782760.000,0,-,-,-,-,5360.8000,5359.6000,5359.0000,5358.8000,5358.2000,5361.4000,5362.0000,5362.6000,5363.0000,5363.8000,1,2,1,4,1,1,2,2,3,2
SF,IC2003,2020-01-03 14:12:48.400,5362.0000,53537,1,9855855160.000,1,1,0,双开,B,5361.0000,5360.8000,5359.6000,5359.0000,5358.8000,5362.0000,5362.6000,5363.0000,5363.8000,5364.0000,1,1,2,1,4,1,2,3,2,12
SF,IC2003,2020-01-03 14:12:48.900,5362.0000,53538,1,9856927560.000,1,1,0,双开,B,5361.6000,5361.4000,5361.2000,5361.0000,5360.8000,5362.6000,5363.0000,5363.8000,5364.0000,5364.4000,1,2,7,6,1,2,3,2,12,1
SF,IC2003,2020-01-03 14:12:49.400,5362.0000,53538,0,9856927560.000,0,-,-,-,-,5361.8000,5361.6000,5361.2000,5361.0000,5360.8000,5362.6000,5363.0000,5363.8000,5364.0000,5364.4000,3,1,4,5,1,2,3,2,12,1
SF,IC2003,2020-01-03 14:12:49.900,5361.8000,53537,-1,9861217160.000,4,1,3,空平,B,5361.8000,5361.6000,5361.2000,5361.0000,5360.8000,5362.6000,5363.0000,5363.8000,5364.0000,5364.4000,1,5,4,5,1,1,3,2,12,1
SF,IC2003,2020-01-03 14:12:50.400,5361.8000,53537,0,9861217160.000,0,-,-,-,-,5361.8000,5361.6000,5361.2000,5361.0000,5360.8000,5362.6000,5363.0000,5363.8000,5364.0000,5364.4000,1,4,4,5,1,1,3,2,12,1
SF,IC2003,2020-01-03 14:12:50.900,5361.8000,53537,0,9861217160.000,0,-,-,-,-,5362.0000,5361.8000,5361.6000,5361.2000,5361.0000,5362.6000,5363.0000,5363.8000,5364.0000,5364.4000,2,1,4,4,5,1,3,2,12,1
SF,IC2003,2020-01-03 14:12:51.400,5361.8000,53537,0,9861217160.000,0,-,-,-,-,5362.2000,5362.0000,5361.8000,5361.6000,5361.2000,5362.6000,5363.0000,5363.8000,5364.0000,5364.4000,1,2,1,4,4,1,3,2,12,1
SF,IC2003,2020-01-03 14:12:51.900,5362.2000,53538,1,9862289600.000,1,1,0,双开,B,5362.0000,5361.8000,5361.6000,5361.2000,5360.0000,5362.4000,5362.6000,5363.0000,5363.8000,5364.0000,2,1,4,4,1,1,1,3,2,12
SF,IC2003,2020-01-03 14:12:52.400,5362.0000,53538,0,9864434400.000,2,1,1,空换,B,5361.6000,5360.0000,5359.6000,5359.0000,5358.8000,5362.0000,5362.2000,5362.4000,5362.6000,5363.0000,3,1,2,1,4,2,2,1,1,3
SF,IC2003,2020-01-03 14:12:52.900,5361.6000,53538,0,9865506720.000,1,0,1,空换,B,5361.6000,5360.8000,5360.6000,5360.0000,5359.6000,5361.8000,5362.0000,5362.2000,5362.4000,5362.6000,2,1,1,1,2,1,1,2,1,1
SF,IC2003,2020-01-03 14:12:53.400,5361.8000,53539,1,9868723720.000,3,2,1,多开,B,5360.8000,5360.6000,5360.0000,5359.6000,5359.0000,5362.0000,5362.2000,5362.4000,5362.6000,5363.0000,1,1,1,2,1,1,2,1,1,3
SF,IC2003,2020-01-03 14:12:53.900,5361.8000,53539,0,9868723720.000,0,-,-,-,-,5360.8000,5360.6000,5360.2000,5360.0000,5359.6000,5361.8000,5362.0000,5362.4000,5362.6000,5363.0000,1,1,1,1,2,2,1,1,1,3
SF,IC2003,2020-01-03 14:12:54.900,5361.8000,53539,0,9868723720.000,0,-,-,-,-,5360.8000,5360.6000,5360.2000,5360.0000,5359.6000,5361.8000,5362.0000,5362.6000,5363.0000,5363.8000,1,1,1,1,2,2,1,1,3,2
SF,IC2003,2020-01-03 14:12:55.400,5361.8000,53539,0,9868723720.000,0,-,-,-,-,5361.0000,5360.8000,5360.6000,5360.2000,5360.0000,5361.8000,5362.0000,5362.6000,5363.0000,5363.8000,1,1,1,1,1,2,1,2,3,2
SF,IC2003,2020-01-03 14:12:55.900,5361.0000,53539,0,9869795920.000,1,0,1,空换,B,5360.8000,5360.6000,5360.2000,5360.0000,5359.6000,5361.8000,5362.0000,5362.6000,5363.0000,5363.8000,1,1,1,1,2,2,1,2,3,2
SF,IC2003,2020-01-03 14:12:56.900,5361.0000,53539,0,9869795920.000,0,-,-,-,-,5360.8000,5360.6000,5360.2000,5360.0000,5359.6000,5361.6000,5361.8000,5362.0000,5362.6000,5363.0000,1,1,1,1,2,2,2,1,2,3
SF,IC2003,2020-01-03 14:12:57.400,5361.6000,53540,1,9870868240.000,1,1,0,双开,B,5360.8000,5360.6000,5360.2000,5360.0000,5359.6000,5361.6000,5361.8000,5362.0000,5362.6000,5363.0000,1,1,1,1,2,1,2,1,2,3
SF,IC2003,2020-01-03 14:12:57.900,5361.8000,53540,0,9873012920.000,2,1,1,空换,B,5360.8000,5360.6000,5360.2000,5360.0000,5359.6000,5361.8000,5362.0000,5362.6000,5363.0000,5363.8000,1,1,1,1,2,1,1,2,3,2
SF,IC2003,2020-01-03 14:12:58.400,5361.8000,53541,1,9874085280.000,1,1,0,双开,B,5361.6000,5361.4000,5361.2000,5361.0000,5360.8000,5362.0000,5362.6000,5363.0000,5363.8000,5364.0000,1,2,4,8,4,1,2,3,2,12
SF,IC2003,2020-01-03 14:12:58.900,5361.8000,53541,0,9874085280.000,0,-,-,-,-,5361.8000,5361.6000,5361.2000,5361.0000,5360.8000,5362.6000,5363.0000,5363.8000,5364.0000,5364.4000,1,1,1,7,4,2,3,2,12,1
SF,IC2003,2020-01-03 14:12:59.400,5361.8000,53541,0,9874085280.000,0,-,-,-,-,5361.0000,5360.8000,5360.6000,5360.2000,5360.0000,5362.4000,5362.6000,5363.0000,5363.8000,5364.0000,2,2,1,1,1,2,2,3,2,12
SF,IC2003,2020-01-03 14:12:59.900,5361.8000,53541,0,9874085280.000,0,-,-,-,-,5361.2000,5361.0000,5360.8000,5360.6000,5360.2000,5362.4000,5362.6000,5363.0000,5363.8000,5364.0000,1,2,2,1,1,2,2,3,2,12
SF,IC2003,2020-01-03 14:13:00.400,5361.8000,53541,0,9874085280.000,0,-,-,-,-,5361.8000,5361.6000,5361.4000,5361.2000,5360.8000,5362.6000,5363.0000,5363.8000,5364.0000,5364.4000,1,1,5,5,2,2,3,2,12,1
SF,IC2003,2020-01-03 14:13:00.900,5361.8000,53541,0,9874085280.000,0,-,-,-,-,5362.0000,5361.8000,5361.4000,5361.2000,5360.8000,5362.6000,5363.0000,5363.8000,5364.0000,5364.4000,3,1,1,1,2,2,3,2,12,1
SF,IC2003,2020-01-03 14:13:01.400,5361.8000,53541,0,9874085280.000,0,-,-,-,-,5362.0000,5361.8000,5361.4000,5361.2000,5360.8000,5362.6000,5363.0000,5363.8000,5364.0000,5364.4000,3,1,1,1,1,2,3,2,12,1
SF,IC2003,2020-01-03 14:13:02.900,5361.8000,53541,0,9874085280.000,0,-,-,-,-,5362.0000,5361.8000,5361.4000,5361.2000,5360.8000,5362.6000,5363.0000,5363.8000,5364.0000,5364.4000,2,1,1,1,1,2,3,2,12,1
SF,IC2003,2020-01-03 14:13:03.400,5362.0000,53541,0,9875157680.000,1,0,1,空换,B,5361.8000,5361.2000,5360.8000,5360.6000,5360.2000,5362.6000,5363.0000,5363.8000,5364.0000,5364.4000,1,1,1,1,1,2,3,2,12,1
SF,IC2003,2020-01-03 14:13:03.900,5362.0000,53541,0,9875157680.000,0,-,-,-,-,5361.8000,5361.2000,5360.8000,5360.6000,5360.2000,5362.6000,5363.0000,5363.8000,5364.0000,5364.4000,1,1,1,1,1,2,3,2,12,1
SF,IC2003,2020-01-03 14:13:04.400,5362.0000,53541,0,9875157680.000,0,-,-,-,-,5361.8000,5361.2000,5360.8000,5360.6000,5360.2000,5362.6000,5363.0000,5363.8000,5364.0000,5364.4000,1,1,1,1,1,2,3,2,12,1
SF,IC2003,2020-01-03 14:13:06.900,5362.0000,53541,0,9875157680.000,0,-,-,-,-,5361.8000,5361.2000,5360.8000,5360.6000,5360.2000,5362.6000,5363.0000,5363.8000,5364.0000,5364.4000,1,1,1,1,1,2,3,2,12,1
SF,IC2003,2020-01-03 14:13:07.900,5362.0000,53541,0,9875157680.000,0,-,-,-,-,5361.8000,5361.2000,5360.8000,5360.6000,5360.2000,5362.4000,5362.6000,5363.0000,5363.8000,5364.0000,1,1,1,1,1,1,2,3,2,12
SF,IC2003,2020-01-03 14:13:08.400,5361.2000,53541,0,9876229920.000,1,0,1,空换,B,5360.8000,5360.6000,5360.2000,5360.0000,5359.6000,5362.4000,5362.6000,5363.0000,5363.8000,5364.0000,1,1,1,1,2,1,2,3,2,12
SF,IC2003,2020-01-03 14:13:08.900,5361.2000,53541,0,9876229920.000,0,-,-,-,-,5361.0000,5360.8000,5360.6000,5360.2000,5360.0000,5362.4000,5362.6000,5363.0000,5363.8000,5364.0000,3,1,1,1,1,1,1,3,2,12
SF,IC2003,2020-01-03 14:13:09.400,5361.2000,53541,0,9876229920.000,0,-,-,-,-,5361.0000,5360.8000,5360.6000,5360.2000,5360.0000,5362.0000,5362.4000,5362.6000,5363.0000,5363.8000,3,1,1,1,1,1,1,1,3,2
SF,IC2003,2020-01-03 14:13:09.900,5361.2000,53541,0,9876229920.000,0,-,-,-,-,5361.0000,5360.8000,5360.6000,5360.2000,5360.0000,5362.0000,5362.4000,5362.6000,5363.0000,5363.8000,3,1,1,1,1,1,1,1,3,2
SF,IC2003,2020-01-03 14:13:10.900,5361.2000,53541,0,9876229920.000,0,-,-,-,-,5361.2000,5361.0000,5360.8000,5360.6000,5360.2000,5362.0000,5362.4000,5362.6000,5363.0000,5363.8000,1,3,1,1,2,1,1,1,3,2
SF,IC2003,2020-01-03 14:13:12.400,5362.4000,53541,0,9878374800.000,2,1,1,空换,B,5361.6000,5361.4000,5361.2000,5361.0000,5360.8000,5362.6000,5363.0000,5363.8000,5364.0000,5364.4000,1,3,1,2,1,1,2,2,12,1
SF,IC2003,2020-01-03 14:13:12.900,5362.6000,53541,0,9879447320.000,1,0,1,空换,B,5362.6000,5361.8000,5361.6000,5361.4000,5361.2000,5363.0000,5363.8000,5364.0000,5364.4000,5364.8000,2,5,4,2,1,2,2,12,1,2
SF,IC2003,2020-01-03 14:13:13.400,5362.6000,53541,0,9879447320.000,0,-,-,-,-,5362.8000,5361.8000,5361.6000,5361.4000,5361.2000,5363.0000,5363.8000,5364.0000,5364.4000,5364.8000,2,1,3,1,1,2,2,12,1,2
SF,IC2003,2020-01-03 14:13:13.900,5363.0000,53542,1,9881592520.000,2,1,1,多开,B,5363.0000,5362.8000,5362.6000,5361.6000,5361.4000,5363.8000,5364.0000,5364.4000,5364.8000,5365.0000,1,2,3,3,1,2,12,1,2,27
SF,IC2003,2020-01-03 14:13:14.400,5362.8000,53543,1,9883737640.000,2,1,1,多开,B,5362.6000,5361.6000,5361.4000,5361.2000,5360.8000,5363.8000,5364.0000,5364.4000,5364.8000,5365.0000,3,3,1,1,1,6,12,1,2,27
SF,IC2003,2020-01-03 14:13:14.900,5362.8000,53543,0,9883737640.000,0,-,-,-,-,5362.8000,5362.6000,5361.6000,5361.4000,5361.2000,5363.8000,5364.0000,5364.4000,5364.8000,5365.0000,5,3,2,1,1,6,11,1,2,27
SF,IC2003,2020-01-03 14:13:15.400,5362.8000,53543,0,9883737640.000,0,-,-,-,-,5363.6000,5363.2000,5363.0000,5362.8000,5362.6000,5363.8000,5364.0000,5364.4000,5364.8000,5365.0000,3,2,3,7,3,6,11,1,2,27
SF,IC2003,2020-01-03 14:13:15.900,5363.4000,53543,0,9892319600.000,8,4,4,空换,B,5363.0000,5362.8000,5362.6000,5361.8000,5361.2000,5364.0000,5364.4000,5364.8000,5365.0000,5365.6000,2,4,3,1,1,11,1,2,27,2
SF,IC2003,2020-01-03 14:13:16.400,5363.4000,53543,0,9892319600.000,0,-,-,-,-,5363.2000,5363.0000,5362.8000,5362.6000,5361.8000,5364.0000,5364.4000,5364.8000,5365.0000,5365.6000,3,2,4,3,1,11,1,2,27,2
SF,IC2003,2020-01-03 14:13:16.900,5363.2000,53543,0,9894464880.000,2,1,1,空换,B,5362.6000,5361.8000,5361.2000,5360.8000,5360.6000,5363.8000,5364.0000,5364.4000,5364.8000,5365.0000,3,1,1,1,1,2,11,1,2,27
SF,IC2003,2020-01-03 14:13:17.400,5363.2000,53543,0,9894464880.000,0,-,-,-,-,5362.6000,5361.8000,5361.2000,5360.8000,5360.6000,5363.8000,5364.0000,5364.4000,5364.8000,5365.0000,3,1,1,1,1,4,11,1,2,27
SF,IC2003,2020-01-03 14:13:18.400,5363.2000,53543,0,9894464880.000,0,-,-,-,-,5363.0000,5362.8000,5362.6000,5361.8000,5361.2000,5363.8000,5364.0000,5364.4000,5364.8000,5365.0000,2,2,7,1,1,4,11,1,2,27
SF,IC2003,2020-01-03 14:13:18.900,5363.2000,53543,0,9894464880.000,0,-,-,-,-,5363.0000,5362.8000,5362.6000,5361.8000,5361.2000,5363.8000,5364.0000,5364.4000,5364.8000,5365.0000,1,1,7,1,1,3,11,1,2,27
SF,IC2003,2020-01-03 14:13:19.400,5363.2000,53543,0,9894464880.000,0,-,-,-,-,5362.6000,5361.8000,5361.2000,5360.8000,5360.6000,5363.6000,5363.8000,5364.0000,5364.4000,5364.8000,3,1,1,1,1,1,3,11,1,2
SF,IC2003,2020-01-03 14:13:19.900,5363.6000,53543,0,9895537600.000,1,0,1,空换,B,5363.2000,5363.0000,5362.8000,5362.6000,5361.8000,5363.8000,5364.0000,5364.4000,5364.8000,5365.0000,1,2,6,7,1,3,11,1,2,27
SF,IC2003,2020-01-03 14:13:20.400,5363.6000,53543,0,9895537600.000,0,-,-,-,-,5363.2000,5363.0000,5362.8000,5362.6000,5361.8000,5363.8000,5364.0000,5364.4000,5364.8000,5365.0000,1,1,6,5,1,3,11,1,2,27
SF,IC2003,2020-01-03 14:13:20.900,5363.6000,53543,0,9895537600.000,0,-,-,-,-,5363.2000,5362.8000,5362.6000,5361.8000,5360.8000,5363.8000,5364.0000,5364.4000,5364.8000,5365.0000,1,1,3,1,1,3,11,1,2,27
SF,IC2003,2020-01-03 14:13:21.400,5363.6000,53543,0,9895537600.000,0,-,-,-,-,5363.2000,5362.8000,5362.6000,5361.8000,5360.8000,5363.8000,5364.0000,5364.4000,5364.8000,5365.0000,1,1,3,1,1,3,11,1,2,27
SF,IC2003,2020-01-03 14:13:21.900,5363.6000,53543,0,9895537600.000,0,-,-,-,-,5363.2000,5362.8000,5362.6000,5361.8000,5360.8000,5363.8000,5364.0000,5364.4000,5364.8000,5365.0000,1,1,3,1,1,1,11,1,2,27
SF,IC2003,2020-01-03 14:13:22.400,5363.8000,53544,1,9897683120.000,2,1,1,多开,B,5363.8000,5363.2000,5362.8000,5362.6000,5361.8000,5364.0000,5364.4000,5364.8000,5365.0000,5365.6000,3,1,1,3,1,11,1,2,27,2
SF,IC2003,2020-01-03 14:13:22.900,5364.0000,53545,1,9905192480.000,7,4,3,多开,B,5363.2000,5362.6000,5361.8000,5360.8000,5360.2000,5363.6000,5364.0000,5364.4000,5364.8000,5365.0000,1,3,1,1,2,1,10,1,2,27
SF,IC2003,2020-01-03 14:13:23.400,5364.0000,53546,1,9914847600.000,9,5,4,多开,B,5363.6000,5363.4000,5363.2000,5362.6000,5361.8000,5364.0000,5364.4000,5364.8000,5365.0000,5365.6000,3,1,2,3,1,2,1,2,27,2
SF,IC2003,2020-01-03 14:13:23.900,5364.4000,53546,0,9918066080.000,3,1,2,空换,B,5364.6000,5364.2000,5364.0000,5363.8000,5363.6000,5364.8000,5365.0000,5365.6000,5366.0000,5368.0000,1,1,4,3,4,2,27,2,2,2
SF,IC2003,2020-01-03 14:13:24.400,5365.0000,53546,0,9921285000.000,3,1,2,空换,B,5364.8000,5364.6000,5364.2000,5364.0000,5363.8000,5365.0000,5365.6000,5366.0000,5368.0000,5368.2000,1,1,1,2,2,26,2,2,2,1
SF,IC2003,2020-01-03 14:13:24.900,5365.0000,53549,3,9942744880.000,20,11,9,多开,B,5364.2000,5364.0000,5363.8000,5363.2000,5362.6000,5364.8000,5365.0000,5365.6000,5366.0000,5368.0000,1,2,3,1,3,1,8,2,2,2
SF,IC2003,2020-01-03 14:13:25.400,5365.0000,53550,1,9945963840.000,3,2,1,多开,B,5364.8000,5364.6000,5364.4000,5364.2000,5364.0000,5365.0000,5365.6000,5366.0000,5368.0000,5368.2000,4,2,5,6,2,6,2,2,2,1
SF,IC2003,2020-01-03 14:13:25.900,5365.6000,53550,0,9954548080.000,8,4,4,空换,B,5365.2000,5365.0000,5364.8000,5364.6000,5364.4000,5366.0000,5368.0000,5368.2000,5368.4000,5368.8000,1,6,2,1,3,2,2,1,2,2
SF,IC2003,2020-01-03 14:13:26.400,5365.6000,53550,0,9954548080.000,0,-,-,-,-,5365.2000,5365.0000,5364.8000,5364.6000,5364.4000,5366.0000,5368.0000,5368.2000,5368.4000,5368.8000,1,3,1,1,3,2,2,1,2,2
SF,IC2003,2020-01-03 14:13:27.400,5365.6000,53550,0,9954548080.000,0,-,-,-,-,5365.6000,5365.4000,5365.2000,5365.0000,5364.8000,5366.0000,5368.0000,5368.2000,5368.4000,5368.8000,1,4,5,3,1,2,2,1,2,2
SF,IC2003,2020-01-03 14:13:27.900,5365.6000,53550,0,9954548080.000,0,-,-,-,-,5365.4000,5365.2000,5365.0000,5364.8000,5364.6000,5366.0000,5368.0000,5368.2000,5368.4000,5368.8000,3,5,3,1,1,2,2,1,2,2
SF,IC2003,2020-01-03 14:13:28.400,5366.0000,53550,0,9957767680.000,3,1,2,空换,B,5366.2000,5366.0000,5365.8000,5365.6000,5365.4000,5368.0000,5368.2000,5368.4000,5368.8000,5369.0000,1,4,2,4,3,2,1,2,2,3
SF,IC2003,2020-01-03 14:13:28.900,5367.8000,53547,-3,9962061800.000,4,0,4,空平,B,5366.0000,5365.8000,5365.6000,5365.4000,5365.0000,5367.8000,5368.0000,5368.2000,5368.4000,5368.8000,1,1,4,1,1,2,2,1,2,2
SF,IC2003,2020-01-03 14:13:29.400,5367.6000,53546,-1,9968502200.000,6,2,4,空平,B,5366.0000,5365.6000,5365.4000,5365.0000,5364.8000,5367.8000,5368.0000,5368.2000,5368.4000,5368.8000,1,1,1,1,1,2,2,1,2,2
SF,IC2003,2020-01-03 14:13:29.900,5366.0000,53546,0,9969575400.000,1,0,1,空换,B,5365.0000,5364.8000,5364.6000,5364.4000,5364.2000,5366.0000,5367.2000,5367.4000,5367.6000,5367.8000,1,1,1,1,2,2,1,2,1,2
SF,IC2003,2020-01-03 14:13:30.400,5366.0000,53546,0,9970648600.000,1,0,1,空换,B,5365.0000,5364.8000,5364.6000,5364.4000,5364.2000,5365.8000,5366.0000,5367.2000,5367.4000,5367.6000,1,1,1,1,2,1,2,1,2,1
SF,IC2003,2020-01-03 14:13:30.900,5366.0000,53546,0,9970648600.000,0,-,-,-,-,5365.0000,5364.8000,5364.6000,5364.4000,5364.2000,5366.0000,5367.2000,5367.4000,5367.6000,5368.0000,1,1,1,1,2,2,2,2,1,2
SF,IC2003,2020-01-03 14:13:31.400,5366.0000,53551,5,9976014600.000,5,5,0,双开,B,5366.0000,5365.0000,5364.8000,5364.6000,5364.4000,5367.2000,5367.4000,5367.6000,5368.0000,5368.2000,1,1,1,1,1,2,2,1,2,1
SF,IC2003,2020-01-03 14:13:31.900,5366.0000,53551,0,9977087800.000,1,0,1,空换,B,5365.0000,5364.8000,5364.4000,5364.2000,5363.8000,5366.0000,5366.8000,5367.0000,5367.2000,5367.4000,1,1,1,2,1,1,1,3,2,1
SF,IC2003,2020-01-03 14:13:32.400,5366.4000,53550,-1,9978161080.000,1,0,1,双平,B,5365.8000,5365.0000,5364.8000,5364.4000,5363.8000,5366.8000,5367.0000,5367.2000,5367.8000,5368.0000,1,1,1,1,1,1,3,2,1,2
SF,IC2003,2020-01-03 14:13:32.900,5365.8000,53550,0,9979234240.000,1,0,1,空换,B,5365.0000,5364.8000,5364.4000,5363.8000,5363.6000,5365.6000,5365.8000,5366.0000,5366.6000,5366.8000,1,1,2,1,1,1,5,2,4,1
SF,IC2003,2020-01-03 14:13:33.400,5364.8000,53551,1,9981380200.000,2,1,1,多开,B,5364.4000,5363.8000,5363.6000,5362.8000,5362.6000,5365.0000,5365.8000,5366.0000,5366.6000,5366.8000,2,1,1,1,5,2,3,1,4,1
SF,IC2003,2020-01-03 14:13:33.900,5365.8000,53550,-1,9982453360.000,1,0,1,双平,B,5364.4000,5363.8000,5363.6000,5362.8000,5362.6000,5365.8000,5366.0000,5366.6000,5366.8000,5367.2000,2,1,1,1,5,1,2,4,1,1
SF,IC2003,2020-01-03 14:13:34.400,5365.8000,53550,0,9982453360.000,0,-,-,-,-,5365.0000,5364.6000,5364.4000,5363.8000,5363.6000,5365.6000,5365.8000,5366.0000,5367.2000,5367.8000,1,2,2,1,1,1,1,2,1,1
SF,IC2003,2020-01-03 14:13:34.900,5365.0000,53549,-1,9983526360.000,1,0,1,双平,B,5364.6000,5364.4000,5363.6000,5362.8000,5362.6000,5365.6000,5365.8000,5366.0000,5366.6000,5367.2000,2,2,1,1,3,1,1,2,1,1
SF,IC2003,2020-01-03 14:13:35.400,5365.0000,53549,0,9983526360.000,0,-,-,-,-,5364.6000,5364.4000,5363.6000,5362.8000,5362.6000,5365.4000,5365.6000,5365.8000,5366.0000,5366.6000,2,2,1,1,3,1,2,1,2,1
SF,IC2003,2020-01-03 14:13:35.900,5365.0000,53549,0,9983526360.000,0,-,-,-,-,5364.6000,5364.4000,5363.6000,5362.8000,5362.6000,5365.4000,5365.8000,5366.0000,5366.6000,5367.2000,2,2,1,1,3,1,1,2,1,1
SF,IC2003,2020-01-03 14:13:36.400,5364.6000,53549,0,9984599280.000,1,0,1,空换,B,5364.4000,5363.6000,5362.8000,5362.6000,5362.4000,5365.4000,5365.8000,5366.0000,5367.2000,5368.0000,2,1,1,3,2,1,1,2,1,2
SF,IC2003,2020-01-03 14:13:36.900,5364.6000,53549,0,9984599280.000,0,-,-,-,-,5364.6000,5364.4000,5363.6000,5362.8000,5362.6000,5365.4000,5365.8000,5366.0000,5367.2000,5368.0000,2,2,1,1,3,1,1,2,1,2
SF,IC2003,2020-01-03 14:13:37.400,5364.6000,53549,0,9984599280.000,0,-,-,-,-,5364.6000,5364.4000,5363.6000,5362.8000,5362.6000,5365.4000,5365.8000,5366.0000,5366.8000,5367.2000,2,2,1,1,3,1,1,2,2,1
SF,IC2003,2020-01-03 14:13:37.900,5364.6000,53549,0,9984599280.000,0,-,-,-,-,5364.6000,5364.4000,5363.6000,5362.8000,5362.6000,5365.4000,5365.8000,5366.0000,5366.8000,5367.2000,2,5,1,1,3,1,1,2,2,1
SF,IC2003,2020-01-03 14:13:38.400,5365.4000,53549,0,9985672360.000,1,0,1,空换,B,5365.4000,5364.6000,5364.4000,5363.6000,5362.8000,5366.0000,5366.8000,5367.2000,5368.0000,5368.2000,1,2,5,1,1,2,2,1,2,1
SF,IC2003,2020-01-03 14:13:38.900,5365.4000,53549,0,9985672360.000,0,-,-,-,-,5364.6000,5364.4000,5363.6000,5362.8000,5362.6000,5366.0000,5366.8000,5367.2000,5368.0000,5368.2000,3,5,1,1,3,2,2,1,2,1
SF,IC2003,2020-01-03 14:13:39.900,5365.4000,53549,0,9985672360.000,0,-,-,-,-,5364.6000,5364.4000,5363.6000,5362.8000,5362.6000,5365.8000,5366.0000,5366.2000,5366.8000,5367.2000,3,5,1,1,3,1,1,1,2,1
SF,IC2003,2020-01-03 14:13:40.400,5365.4000,53549,0,9985672360.000,0,-,-,-,-,5364.6000,5364.4000,5363.6000,5362.8000,5362.6000,5365.6000,5365.8000,5366.0000,5366.2000,5366.8000,3,5,1,1,3,1,1,1,1,2
SF,IC2003,2020-01-03 14:13:40.900,5365.4000,53549,0,9985672360.000,0,-,-,-,-,5364.6000,5364.4000,5363.6000,5362.8000,5362.6000,5365.6000,5365.8000,5366.0000,5366.2000,5366.8000,3,5,1,1,3,1,1,1,1,2
SF,IC2003,2020-01-03 14:13:41.400,5365.4000,53549,0,9985672360.000,0,-,-,-,-,5364.6000,5364.4000,5363.6000,5362.8000,5362.6000,5365.4000,5365.6000,5365.8000,5366.0000,5366.2000,1,5,1,1,3,4,1,1,1,1
SF,IC2003,2020-01-03 14:13:41.900,5365.4000,53549,0,9985672360.000,0,-,-,-,-,5364.8000,5364.6000,5364.4000,5363.6000,5362.8000,5365.4000,5365.6000,5365.8000,5366.0000,5366.2000,2,2,5,1,1,2,1,1,1,1
SF,IC2003,2020-01-03 14:13:42.400,5364.8000,53550,1,9986745320.000,1,1,0,双开,B,5364.8000,5364.6000,5364.4000,5363.6000,5362.8000,5365.4000,5365.6000,5365.8000,5366.0000,5366.2000,1,2,5,1,1,2,1,2,1,1
SF,IC2003,2020-01-03 14:13:42.900,5364.8000,53550,0,9986745320.000,0,-,-,-,-,5364.6000,5364.4000,5363.6000,5362.8000,5362.6000,5365.4000,5365.6000,5365.8000,5366.0000,5366.2000,2,5,1,1,3,2,2,1,1,1
SF,IC2003,2020-01-03 14:13:43.400,5364.8000,53550,0,9986745320.000,0,-,-,-,-,5364.6000,5364.4000,5363.6000,5362.8000,5362.6000,5365.6000,5365.8000,5366.0000,5366.2000,5366.8000,2,5,1,1,3,1,1,1,1,2
SF,IC2003,2020-01-03 14:13:43.900,5364.8000,53550,0,9986745320.000,0,-,-,-,-,5364.8000,5364.6000,5364.4000,5363.6000,5362.8000,5365.6000,5365.8000,5366.0000,5366.2000,5366.8000,2,2,5,1,1,1,1,1,1,2
SF,IC2003,2020-01-03 14:13:44.400,5364.8000,53550,0,9987818280.000,1,0,1,空换,B,5364.8000,5364.6000,5364.4000,5363.6000,5362.8000,5365.6000,5365.8000,5366.0000,5366.2000,5366.8000,1,2,5,1,1,1,1,1,1,2
SF,IC2003,2020-01-03 14:13:44.900,5365.4000,53551,1,9988891360.000,1,1,0,双开,B,5364.6000,5364.4000,5363.6000,5362.8000,5362.6000,5365.4000,5365.6000,5365.8000,5366.0000,5366.2000,2,5,1,1,3,3,1,1,1,1
SF,IC2003,2020-01-03 14:13:45.400,5365.4000,53551,0,9988891360.000,0,-,-,-,-,5364.6000,5364.4000,5363.6000,5362.8000,5362.6000,5365.4000,5365.6000,5365.8000,5366.0000,5366.2000,2,5,1,1,3,3,1,1,1,1
SF,IC2003,2020-01-03 14:13:45.900,5365.4000,53551,0,9988891360.000,0,-,-,-,-,5365.0000,5364.6000,5364.4000,5363.6000,5362.8000,5365.4000,5365.6000,5365.8000,5366.0000,5366.2000,1,2,5,1,1,4,1,1,1,1
SF,IC2003,2020-01-03 14:13:46.400,5365.0000,53551,0,9989964360.000,1,0,1,空换,B,5364.6000,5364.4000,5363.6000,5362.8000,5362.6000,5365.0000,5365.4000,5365.6000,5365.8000,5366.0000,2,5,1,1,3,1,4,1,1,1
SF,IC2003,2020-01-03 14:13:47.400,5365.4000,53552,1,9992110440.000,2,1,1,多开,B,5364.6000,5364.4000,5363.6000,5362.8000,5362.6000,5365.4000,5365.6000,5366.0000,5366.2000,5366.8000,2,5,1,1,3,3,1,1,1,2
SF,IC2003,2020-01-03 14:13:47.900,5365.4000,53552,0,9992110440.000,0,-,-,-,-,5364.8000,5364.6000,5364.4000,5363.6000,5362.8000,5365.4000,5365.6000,5366.0000,5366.2000,5366.8000,2,2,5,1,1,3,1,1,1,2
SF,IC2003,2020-01-03 14:13:48.400,5365.4000,53552,0,9992110440.000,0,-,-,-,-,5364.8000,5364.6000,5364.4000,5363.6000,5362.8000,5365.4000,5365.6000,5366.0000,5366.2000,5366.8000,2,2,5,1,1,1,1,1,1,2
SF,IC2003,2020-01-03 14:13:48.900,5365.4000,53552,0,9992110440.000,0,-,-,-,-,5364.8000,5364.6000,5364.4000,5363.8000,5363.6000,5365.4000,5365.6000,5366.0000,5366.2000,5366.8000,2,2,5,1,1,1,1,1,1,2
SF,IC2003,2020-01-03 14:13:49.900,5365.4000,53552,0,9992110440.000,0,-,-,-,-,5364.8000,5364.6000,5364.4000,5363.8000,5363.6000,5365.4000,5365.6000,5366.0000,5366.2000,5366.8000,2,3,5,1,1,1,2,1,1,2
SF,IC2003,2020-01-03 14:13:50.400,5365.4000,53552,0,9992110440.000,0,-,-,-,-,5364.6000,5364.4000,5363.8000,5363.6000,5362.8000,5365.4000,5365.6000,5366.0000,5366.2000,5366.8000,3,4,1,1,1,1,2,1,1,2
SF,IC2003,2020-01-03 14:13:52.400,5365.4000,53553,1,9993183520.000,1,1,0,双开,B,5364.6000,5364.4000,5363.8000,5363.6000,5362.8000,5365.0000,5365.2000,5365.4000,5365.6000,5366.0000,3,4,1,1,1,1,1,1,2,1
SF,IC2003,2020-01-03 14:13:52.900,5364.6000,53553,0,9995329360.000,2,1,1,空换,B,5364.6000,5364.4000,5363.8000,5363.6000,5362.8000,5365.0000,5365.2000,5365.4000,5365.6000,5366.0000,1,4,1,1,1,1,1,1,2,1
SF,IC2003,2020-01-03 14:13:53.400,5364.6000,53553,0,9996402280.000,1,0,1,空换,B,5364.4000,5363.8000,5363.6000,5362.8000,5362.6000,5365.0000,5365.2000,5365.4000,5365.6000,5366.0000,4,1,1,1,3,1,1,1,2,1
SF,IC2003,2020-01-03 14:13:53.900,5364.4000,53554,1,9997475160.000,1,1,0,双开,B,5364.4000,5363.8000,5363.6000,5362.8000,5362.6000,5365.2000,5365.6000,5366.0000,5366.2000,5366.8000,3,1,1,1,3,1,2,1,1,2
SF,IC2003,2020-01-03 14:13:54.400,5364.4000,53553,-1,10000693800.000,3,1,2,空平,B,5363.8000,5363.6000,5362.8000,5362.6000,5362.4000,5365.0000,5365.2000,5365.6000,5366.0000,5366.2000,1,1,1,3,2,2,1,2,1,1
SF,IC2003,2020-01-03 14:13:54.900,5364.4000,53553,0,10000693800.000,0,-,-,-,-,5364.0000,5363.8000,5363.6000,5362.8000,5362.6000,5365.0000,5365.2000,5365.6000,5366.0000,5366.2000,1,1,1,1,3,3,1,2,1,1
SF,IC2003,2020-01-03 14:13:55.400,5364.4000,53553,0,10000693800.000,0,-,-,-,-,5364.0000,5363.8000,5363.6000,5362.8000,5362.6000,5365.0000,5365.2000,5365.6000,5366.0000,5366.2000,1,1,1,1,3,3,1,2,1,1
SF,IC2003,2020-01-03 14:13:55.900,5364.4000,53553,0,10000693800.000,0,-,-,-,-,5364.0000,5363.8000,5363.6000,5362.8000,5362.6000,5365.0000,5365.2000,5365.6000,5366.0000,5366.2000,1,1,1,1,3,3,3,2,1,1
SF,IC2003,2020-01-03 14:13:56.400,5364.4000,53553,0,10000693800.000,0,-,-,-,-,5364.0000,5363.8000,5363.6000,5362.8000,5362.6000,5364.8000,5365.0000,5365.2000,5365.6000,5366.0000,1,1,1,1,3,1,3,3,2,1
SF,IC2003,2020-01-03 14:13:56.900,5364.4000,53553,0,10000693800.000,0,-,-,-,-,5364.2000,5364.0000,5363.8000,5363.6000,5362.8000,5364.8000,5365.0000,5365.2000,5365.6000,5366.0000,2,1,1,1,1,1,1,3,2,1
SF,IC2003,2020-01-03 14:13:57.900,5364.4000,53553,0,10000693800.000,0,-,-,-,-,5364.2000,5364.0000,5363.8000,5363.6000,5362.8000,5364.8000,5365.2000,5365.6000,5366.0000,5366.2000,2,1,1,1,1,1,3,2,1,1
SF,IC2003,2020-01-03 14:13:58.400,5364.2000,53554,1,10001766640.000,1,1,0,双开,B,5364.2000,5364.0000,5363.8000,5363.6000,5362.8000,5364.8000,5365.2000,5365.6000,5366.0000,5366.2000,1,1,1,1,1,1,3,2,1,1
SF,IC2003,2020-01-03 14:13:58.900,5364.2000,53554,0,10001766640.000,0,-,-,-,-,5364.2000,5364.0000,5363.8000,5363.6000,5362.8000,5364.8000,5365.2000,5365.6000,5366.0000,5366.2000,1,1,1,1,1,1,3,2,1,2
SF,IC2003,2020-01-03 14:13:59.400,5364.2000,53554,0,10001766640.000,0,-,-,-,-,5364.0000,5363.8000,5363.6000,5362.8000,5362.6000,5364.8000,5365.2000,5365.6000,5366.0000,5366.2000,1,1,1,1,3,1,3,2,1,2
SF,IC2003,2020-01-03 14:13:59.900,5364.2000,53554,0,10001766640.000,0,-,-,-,-,5364.0000,5363.8000,5363.6000,5362.8000,5362.6000,5364.8000,5365.2000,5365.6000,5366.0000,5366.2000,2,1,1,1,3,1,3,2,1,2
SF,IC2003,2020-01-03 14:14:01.400,5364.8000,53554,0,10002839600.000,1,0,1,空换,B,5364.0000,5363.8000,5363.6000,5362.8000,5362.6000,5365.2000,5365.6000,5366.0000,5366.2000,5366.8000,2,1,1,1,3,2,2,1,2,2
SF,IC2003,2020-01-03 14:14:01.900,5364.8000,53554,0,10002839600.000,0,-,-,-,-,5364.2000,5364.0000,5363.8000,5363.6000,5362.8000,5365.2000,5365.6000,5366.0000,5366.2000,5366.8000,3,2,1,1,1,2,2,1,2,2
SF,IC2003,2020-01-03 14:14:02.400,5364.8000,53554,0,10002839600.000,0,-,-,-,-,5364.2000,5364.0000,5363.8000,5363.6000,5362.8000,5365.2000,5365.6000,5366.0000,5366.2000,5366.8000,6,2,1,1,1,2,2,1,2,2
SF,IC2003,2020-01-03 14:14:03.400,5364.8000,53554,0,10002839600.000,0,-,-,-,-,5364.2000,5364.0000,5363.8000,5363.6000,5362.8000,5365.0000,5365.2000,5365.6000,5366.0000,5366.2000,6,2,1,1,1,1,2,2,1,2
SF,IC2003,2020-01-03 14:14:04.400,5364.2000,53554,0,10006058120.000,3,1,2,空换,B,5364.2000,5364.0000,5363.8000,5363.6000,5362.8000,5365.0000,5365.2000,5365.6000,5366.0000,5366.2000,3,2,1,1,1,1,2,2,1,2
SF,IC2003,2020-01-03 14:14:04.900,5364.2000,53554,0,10007130960.000,1,0,1,空换,B,5364.4000,5364.2000,5364.0000,5363.8000,5363.6000,5364.8000,5365.0000,5365.2000,5365.6000,5366.0000,1,2,2,1,1,3,1,2,2,1
SF,IC2003,2020-01-03 14:14:05.400,5364.2000,53554,0,10010349480.000,3,1,2,空换,B,5364.0000,5363.8000,5363.6000,5362.8000,5362.4000,5364.4000,5364.8000,5365.0000,5365.2000,5365.6000,2,1,1,1,2,3,3,1,2,2
SF,IC2003,2020-01-03 14:14:05.900,5364.0000,53555,1,10012495080.000,2,1,1,多开,B,5363.8000,5363.6000,5362.8000,5362.4000,5360.8000,5364.0000,5364.2000,5364.4000,5364.8000,5365.0000,1,1,1,2,1,3,1,1,3,1
SF,IC2003,2020-01-03 14:14:06.400,5363.6000,53556,1,10014640560.000,2,1,1,多开,B,5362.8000,5362.4000,5360.8000,5360.2000,5360.0000,5363.8000,5364.2000,5364.4000,5364.8000,5365.0000,1,2,1,2,1,7,1,1,2,1
SF,IC2003,2020-01-03 14:14:06.900,5363.6000,53556,0,10014640560.000,0,-,-,-,-,5362.8000,5360.8000,5360.2000,5360.0000,5358.8000,5363.8000,5364.2000,5364.4000,5364.8000,5365.0000,1,1,2,1,1,5,1,1,2,1
SF,IC2003,2020-01-03 14:14:07.400,5363.6000,53556,0,10014640560.000,0,-,-,-,-,5362.8000,5360.8000,5360.2000,5360.0000,5358.8000,5363.8000,5364.2000,5364.8000,5365.0000,5365.2000,1,1,2,1,1,4,1,2,1,2
SF,IC2003,2020-01-03 14:14:07.900,5363.6000,53556,0,10014640560.000,0,-,-,-,-,5362.8000,5360.8000,5360.2000,5360.0000,5358.8000,5363.6000,5363.8000,5364.2000,5365.0000,5365.2000,4,1,2,1,1,2,4,1,1,2
SF,IC2003,2020-01-03 14:14:08.400,5363.6000,53556,0,10014640560.000,0,-,-,-,-,5362.8000,5360.8000,5360.2000,5360.0000,5358.8000,5363.8000,5364.2000,5365.0000,5365.2000,5365.6000,4,1,2,1,1,4,1,1,2,2
SF,IC2003,2020-01-03 14:14:10.400,5363.6000,53556,0,10014640560.000,0,-,-,-,-,5362.8000,5360.8000,5360.2000,5360.0000,5358.8000,5363.6000,5363.8000,5364.2000,5365.0000,5365.2000,4,1,2,1,1,1,4,1,1,2
SF,IC2003,2020-01-03 14:14:10.900,5362.8000,53557,1,10015713120.000,1,1,0,双开,B,5362.8000,5360.8000,5360.2000,5360.0000,5358.8000,5363.6000,5363.8000,5364.2000,5365.0000,5365.2000,3,1,2,1,1,1,4,1,1,2
SF,IC2003,2020-01-03 14:14:11.400,5362.8000,53557,0,10015713120.000,0,-,-,-,-,5362.8000,5360.8000,5360.2000,5360.0000,5358.8000,5363.6000,5363.8000,5364.2000,5365.0000,5365.2000,3,1,2,1,1,2,2,1,1,2
SF,IC2003,2020-01-03 14:14:12.400,5362.8000,53557,0,10015713120.000,0,-,-,-,-,5363.0000,5362.8000,5362.6000,5360.8000,5360.2000,5363.6000,5363.8000,5364.2000,5365.0000,5365.2000,2,4,1,1,2,2,2,1,1,2
SF,IC2003,2020-01-03 14:14:12.900,5362.8000,53557,0,10015713120.000,0,-,-,-,-,5362.8000,5360.8000,5360.2000,5360.0000,5358.8000,5363.6000,5363.8000,5364.2000,5365.0000,5365.2000,1,1,2,1,1,2,2,1,1,2
SF,IC2003,2020-01-03 14:14:13.400,5362.8000,53558,1,10016785680.000,1,1,0,双开,B,5362.8000,5360.8000,5360.2000,5360.0000,5358.8000,5363.6000,5363.8000,5364.2000,5365.0000,5365.2000,3,1,2,1,1,2,2,1,1,2
SF,IC2003,2020-01-03 14:14:13.900,5362.8000,53558,0,10016785680.000,0,-,-,-,-,5362.8000,5360.8000,5360.2000,5360.0000,5358.8000,5363.4000,5363.6000,5363.8000,5364.2000,5365.0000,3,1,2,1,1,2,2,2,1,1
SF,IC2003,2020-01-03 14:14:14.900,5362.8000,53558,0,10016785680.000,0,-,-,-,-,5362.8000,5360.8000,5360.2000,5360.0000,5358.8000,5363.4000,5363.6000,5363.8000,5364.2000,5365.0000,3,1,2,1,1,2,2,1,1,1
SF,IC2003,2020-01-03 14:14:15.400,5362.8000,53558,0,10016785680.000,0,-,-,-,-,5362.8000,5360.8000,5360.2000,5360.0000,5358.8000,5363.4000,5363.6000,5363.8000,5364.2000,5365.0000,3,1,2,1,1,2,2,1,1,1
SF,IC2003,2020-01-03 14:14:16.400,5362.8000,53558,0,10016785680.000,0,-,-,-,-,5362.8000,5362.6000,5360.8000,5360.2000,5360.0000,5363.4000,5363.6000,5363.8000,5364.2000,5365.0000,3,1,1,2,1,2,2,1,1,1
SF,IC2003,2020-01-03 14:14:16.900,5362.8000,53558,0,10016785680.000,0,-,-,-,-,5362.8000,5362.6000,5360.8000,5360.2000,5360.0000,5363.2000,5363.4000,5363.6000,5363.8000,5364.2000,3,1,1,2,1,1,2,2,1,1
SF,IC2003,2020-01-03 14:14:17.400,5362.8000,53558,0,10016785680.000,0,-,-,-,-,5362.8000,5362.6000,5360.8000,5360.2000,5360.0000,5363.2000,5363.4000,5363.6000,5364.2000,5365.0000,3,1,1,2,1,1,2,2,1,1
SF,IC2003,2020-01-03 14:14:17.900,5362.8000,53558,0,10016785680.000,0,-,-,-,-,5362.8000,5362.6000,5360.8000,5360.2000,5360.0000,5363.2000,5363.4000,5363.6000,5364.2000,5365.0000,3,1,1,2,1,1,2,2,1,1
SF,IC2003,2020-01-03 14:14:18.400,5362.8000,53558,0,10016785680.000,0,-,-,-,-,5362.8000,5362.6000,5360.8000,5360.2000,5360.0000,5363.2000,5363.4000,5363.6000,5364.2000,5365.0000,1,1,1,2,1,1,2,2,1,1
SF,IC2003,2020-01-03 14:14:18.900,5362.8000,53558,0,10016785680.000,0,-,-,-,-,5362.8000,5362.6000,5360.8000,5360.2000,5360.0000,5363.2000,5363.4000,5363.6000,5364.2000,5365.0000,4,1,1,1,1,1,2,2,1,1
SF,IC2003,2020-01-03 14:14:19.400,5362.8000,53555,-3,10022148480.000,5,1,4,空平,B,5362.6000,5360.8000,5360.2000,5360.0000,5358.8000,5362.8000,5363.2000,5363.4000,5363.6000,5364.2000,1,1,1,1,1,4,1,2,2,1
SF,IC2003,2020-01-03 14:14:19.900,5362.6000,53556,1,10023221000.000,1,1,0,双开,B,5360.8000,5360.2000,5360.0000,5358.8000,5358.2000,5362.8000,5363.4000,5363.6000,5364.2000,5365.0000,1,1,1,1,1,5,2,2,1,1
SF,IC2003,2020-01-03 14:14:20.400,5362.6000,53556,0,10023221000.000,0,-,-,-,-,5361.6000,5361.4000,5361.2000,5361.0000,5360.8000,5362.8000,5363.6000,5364.2000,5365.0000,5365.2000,3,3,5,10,1,5,2,1,2,2
SF,IC2003,2020-01-03 14:14:20.900,5362.6000,53556,0,10023221000.000,0,-,-,-,-,5361.8000,5361.6000,5361.4000,5361.2000,5361.0000,5362.8000,5363.6000,5364.2000,5365.0000,5365.2000,4,2,3,5,4,6,2,1,2,2
SF,IC2003,2020-01-03 14:14:21.900,5362.6000,53556,0,10023221000.000,0,-,-,-,-,5361.8000,5361.6000,5361.4000,5361.2000,5361.0000,5362.6000,5362.8000,5363.6000,5364.2000,5365.0000,4,2,3,5,4,1,6,2,1,2
SF,IC2003,2020-01-03 14:14:22.400,5362.6000,53557,1,10024293520.000,1,1,0,双开,B,5361.8000,5361.6000,5361.4000,5361.2000,5361.0000,5362.8000,5363.6000,5364.2000,5365.0000,5365.2000,4,2,3,5,4,5,2,1,2,2
SF,IC2003,2020-01-03 14:14:22.900,5362.6000,53557,0,10024293520.000,0,-,-,-,-,5361.8000,5361.4000,5361.2000,5361.0000,5360.8000,5362.8000,5363.6000,5364.2000,5365.0000,5365.2000,4,3,1,2,1,5,2,1,2,2
SF,IC2003,2020-01-03 14:14:23.400,5361.8000,53557,0,10025365880.000,1,0,1,空换,B,5361.8000,5361.4000,5361.2000,5361.0000,5360.8000,5362.8000,5363.6000,5364.2000,5365.0000,5365.2000,3,3,1,2,1,5,2,1,2,2
SF,IC2003,2020-01-03 14:14:23.900,5361.8000,53557,0,10025365880.000,0,-,-,-,-,5361.8000,5361.4000,5361.2000,5361.0000,5360.8000,5362.6000,5362.8000,5363.6000,5364.2000,5365.0000,3,3,1,2,1,2,5,2,1,2
SF,IC2003,2020-01-03 14:14:24.400,5361.8000,53557,0,10026438240.000,1,0,1,空换,B,5361.8000,5361.4000,5361.2000,5361.0000,5360.8000,5362.6000,5362.8000,5363.6000,5364.2000,5365.0000,6,1,1,2,1,2,5,2,1,2
SF,IC2003,2020-01-03 14:14:26.400,5361.8000,53557,0,10026438240.000,0,-,-,-,-,5361.8000,5361.4000,5361.2000,5361.0000,5360.8000,5362.6000,5362.8000,5363.6000,5364.2000,5365.0000,6,1,1,2,2,2,5,2,1,2
SF,IC2003,2020-01-03 14:14:26.900,5361.8000,53557,0,10026438240.000,0,-,-,-,-,5362.0000,5361.8000,5361.6000,5361.4000,5361.2000,5362.6000,5362.8000,5363.6000,5364.2000,5365.0000,1,6,1,1,1,2,5,2,1,2
SF,IC2003,2020-01-03 14:14:27.400,5361.8000,53557,0,10026438240.000,0,-,-,-,-,5362.0000,5361.8000,5361.4000,5361.2000,5361.0000,5362.4000,5362.6000,5362.8000,5363.6000,5364.2000,1,6,1,1,2,1,2,5,2,1
SF,IC2003,2020-01-03 14:14:27.900,5361.8000,53557,0,10026438240.000,0,-,-,-,-,5362.0000,5361.8000,5361.4000,5361.2000,5361.0000,5362.4000,5362.6000,5362.8000,5363.6000,5364.2000,1,6,1,1,2,1,2,5,2,1
SF,IC2003,2020-01-03 14:14:28.900,5361.8000,53557,0,10026438240.000,0,-,-,-,-,5361.8000,5361.4000,5361.2000,5361.0000,5360.8000,5362.4000,5362.6000,5362.8000,5363.6000,5364.2000,6,1,1,2,2,1,2,5,2,1
SF,IC2003,2020-01-03 14:14:29.400,5361.8000,53557,0,10026438240.000,0,-,-,-,-,5361.8000,5361.4000,5361.2000,5361.0000,5360.8000,5362.4000,5362.6000,5362.8000,5363.6000,5364.2000,3,1,1,2,2,1,2,5,2,1
SF,IC2003,2020-01-03 14:14:29.900,5361.8000,53557,0,10026438240.000,0,-,-,-,-,5361.8000,5361.4000,5361.2000,5361.0000,5360.8000,5362.4000,5362.6000,5362.8000,5363.6000,5364.2000,6,1,1,2,2,1,2,5,2,1
SF,IC2003,2020-01-03 14:14:30.400,5361.8000,53557,0,10026438240.000,0,-,-,-,-,5361.8000,5361.4000,5361.2000,5361.0000,5360.8000,5362.2000,5362.4000,5362.8000,5363.6000,5364.2000,6,1,1,2,2,2,1,5,2,1
SF,IC2003,2020-01-03 14:14:30.900,5361.8000,53557,0,10026438240.000,0,-,-,-,-,5362.0000,5361.8000,5361.4000,5361.2000,5361.0000,5362.2000,5362.4000,5362.8000,5363.6000,5364.2000,1,6,1,1,2,2,1,5,2,1
SF,IC2003,2020-01-03 14:14:31.400,5362.2000,53557,0,10027510680.000,1,0,1,空换,B,5361.8000,5361.4000,5361.2000,5361.0000,5360.8000,5362.2000,5362.4000,5362.8000,5363.6000,5364.2000,6,1,1,2,2,1,1,5,2,1
SF,IC2003,2020-01-03 14:14:31.900,5362.2000,53558,1,10028583120.000,1,1,0,双开,B,5361.8000,5361.4000,5361.2000,5361.0000,5360.8000,5362.4000,5362.8000,5363.6000,5364.2000,5365.0000,6,1,1,2,2,1,5,2,1,2
SF,IC2003,2020-01-03 14:14:32.400,5362.2000,53558,0,10028583120.000,0,-,-,-,-,5361.8000,5361.4000,5361.2000,5361.0000,5360.8000,5362.4000,5362.8000,5363.6000,5364.2000,5365.0000,6,1,1,1,2,1,5,2,1,2
SF,IC2003,2020-01-03 14:14:32.900,5362.2000,53558,0,10028583120.000,0,-,-,-,-,5361.8000,5361.4000,5361.0000,5360.8000,5360.2000,5362.2000,5362.4000,5362.8000,5363.6000,5364.2000,3,1,1,2,1,2,1,5,2,1
SF,IC2003,2020-01-03 14:14:33.400,5361.8000,53558,0,10029655480.000,1,0,1,空换,B,5361.8000,5360.8000,5360.2000,5360.0000,5358.8000,5362.0000,5362.2000,5362.4000,5362.8000,5363.6000,2,2,1,3,1,1,2,1,5,2
SF,IC2003,2020-01-03 14:14:33.900,5361.8000,53558,0,10031800200.000,2,1,1,空换,B,5360.8000,5360.2000,5360.0000,5358.8000,5358.2000,5361.8000,5362.0000,5362.2000,5362.4000,5362.8000,2,1,3,1,1,10,1,2,1,5
SF,IC2003,2020-01-03 14:14:34.400,5361.8000,53558,0,10031800200.000,0,-,-,-,-,5361.0000,5360.8000,5360.2000,5360.0000,5358.8000,5361.8000,5362.0000,5362.2000,5362.4000,5362.8000,5,3,1,3,1,4,1,2,1,5
SF,IC2003,2020-01-03 14:14:34.900,5361.8000,53558,0,10031800200.000,0,-,-,-,-,5360.8000,5360.2000,5360.0000,5358.8000,5358.2000,5361.8000,5362.0000,5362.2000,5362.4000,5362.8000,2,1,3,1,1,4,1,2,1,5
SF,IC2003,2020-01-03 14:14:35.400,5361.8000,53558,0,10031800200.000,0,-,-,-,-,5360.8000,5360.2000,5360.0000,5358.8000,5358.2000,5361.8000,5362.0000,5362.2000,5362.8000,5363.6000,5,1,3,1,1,4,1,2,5,2
SF,IC2003,2020-01-03 14:14:36.400,5361.8000,53558,0,10031800200.000,0,-,-,-,-,5361.0000,5360.8000,5360.2000,5360.0000,5358.8000,5361.8000,5362.0000,5362.2000,5362.8000,5363.6000,1,5,1,3,1,4,1,2,5,2
SF,IC2003,2020-01-03 14:14:36.900,5361.8000,53558,0,10031800200.000,0,-,-,-,-,5361.0000,5360.8000,5360.2000,5360.0000,5358.8000,5361.6000,5361.8000,5362.0000,5362.8000,5363.6000,1,5,1,3,1,2,4,1,5,2
SF,IC2003,2020-01-03 14:14:37.400,5361.8000,53558,0,10031800200.000,0,-,-,-,-,5361.0000,5360.8000,5360.2000,5360.0000,5358.8000,5361.4000,5361.6000,5361.8000,5362.0000,5362.8000,1,5,1,3,1,1,2,4,1,5
SF,IC2003,2020-01-03 14:14:37.900,5361.0000,53558,0,10032872400.000,1,0,1,空换,B,5360.8000,5360.2000,5360.0000,5358.8000,5358.2000,5361.4000,5361.6000,5361.8000,5362.0000,5362.8000,5,1,3,1,1,1,2,4,1,5
SF,IC2003,2020-01-03 14:14:39.900,5361.0000,53558,0,10032872400.000,0,-,-,-,-,5360.8000,5360.2000,5360.0000,5358.8000,5358.2000,5361.4000,5361.6000,5361.8000,5362.0000,5362.8000,5,1,3,1,1,1,2,4,2,5
SF,IC2003,2020-01-03 14:14:40.400,5361.0000,53558,0,10032872400.000,0,-,-,-,-,5360.8000,5360.2000,5360.0000,5358.8000,5358.2000,5361.4000,5361.6000,5361.8000,5362.0000,5362.8000,2,1,3,1,1,1,2,4,2,5
SF,IC2003,2020-01-03 14:14:40.900,5361.0000,53558,0,10032872400.000,0,-,-,-,-,5360.8000,5360.2000,5360.0000,5358.8000,5358.2000,5361.4000,5361.6000,5361.8000,5362.0000,5362.8000,5,1,3,1,1,1,2,4,2,5
SF,IC2003,2020-01-03 14:14:41.400,5361.0000,53558,0,10032872400.000,0,-,-,-,-,5360.8000,5360.2000,5360.0000,5358.8000,5358.2000,5361.4000,5361.6000,5361.8000,5362.0000,5362.8000,5,1,3,1,1,1,2,1,2,5
SF,IC2003,2020-01-03 14:14:42.400,5360.8000,53559,1,10038233200.000,5,3,2,多开,B,5360.2000,5360.0000,5358.8000,5358.2000,5358.0000,5360.6000,5361.4000,5361.6000,5361.8000,5362.0000,1,3,1,1,7,1,1,2,1,2
SF,IC2003,2020-01-03 14:14:42.900,5360.2000,53560,1,10039305240.000,1,1,0,双开,B,5360.0000,5358.8000,5358.2000,5358.0000,5357.0000,5361.4000,5361.6000,5361.8000,5362.0000,5362.8000,3,1,1,7,1,1,2,1,2,5
SF,IC2003,2020-01-03 14:14:43.400,5360.2000,53560,0,10039305240.000,0,-,-,-,-,5360.2000,5360.0000,5358.8000,5358.2000,5358.0000,5361.4000,5361.8000,5362.0000,5362.8000,5363.6000,2,3,1,1,7,2,1,2,5,2
SF,IC2003,2020-01-03 14:14:43.900,5360.2000,53560,0,10039305240.000,0,-,-,-,-,5360.2000,5360.0000,5358.8000,5358.2000,5358.0000,5361.2000,5361.4000,5361.8000,5362.0000,5362.8000,2,3,1,1,7,2,1,1,2,5
SF,IC2003,2020-01-03 14:14:44.400,5360.2000,53560,0,10040377280.000,1,0,1,空换,B,5360.2000,5360.0000,5358.8000,5358.2000,5358.0000,5361.2000,5361.4000,5362.0000,5362.8000,5363.6000,1,3,1,1,7,2,1,2,5,2
SF,IC2003,2020-01-03 14:14:44.900,5360.2000,53560,0,10040377280.000,0,-,-,-,-,5360.0000,5358.8000,5358.2000,5358.0000,5357.0000,5361.2000,5361.4000,5362.0000,5362.8000,5363.6000,3,1,1,7,1,2,1,2,5,2
SF,IC2003,2020-01-03 14:14:45.400,5360.2000,53560,0,10040377280.000,0,-,-,-,-,5360.0000,5358.8000,5358.2000,5358.0000,5357.0000,5361.2000,5361.4000,5362.0000,5362.8000,5363.6000,3,1,1,7,1,2,1,2,5,2
SF,IC2003,2020-01-03 14:14:45.900,5360.2000,53560,0,10040377280.000,0,-,-,-,-,5360.0000,5358.8000,5358.2000,5358.0000,5357.0000,5361.0000,5361.2000,5362.0000,5362.8000,5363.6000,3,1,1,7,1,2,2,2,5,2
SF,IC2003,2020-01-03 14:14:46.400,5360.0000,53561,1,10042521280.000,2,1,1,多开,B,5360.0000,5358.8000,5358.2000,5358.0000,5357.0000,5360.8000,5361.0000,5362.0000,5362.8000,5363.6000,4,1,1,7,1,3,2,1,5,2
SF,IC2003,2020-01-03 14:14:46.900,5360.0000,53561,0,10042521280.000,0,-,-,-,-,5360.0000,5358.8000,5358.2000,5358.0000,5357.0000,5360.8000,5361.0000,5362.0000,5362.8000,5363.6000,4,1,1,7,1,3,2,1,5,2
SF,IC2003,2020-01-03 14:14:47.400,5360.0000,53559,-2,10045737280.000,3,0,3,空平,B,5360.0000,5358.8000,5358.2000,5358.0000,5357.0000,5360.8000,5361.0000,5362.0000,5362.8000,5363.6000,1,1,1,7,1,3,1,1,5,2
SF,IC2003,2020-01-03 14:14:47.900,5360.0000,53559,0,10045737280.000,0,-,-,-,-,5360.0000,5358.8000,5358.2000,5358.0000,5357.0000,5360.6000,5360.8000,5361.0000,5362.0000,5362.8000,1,1,1,7,1,2,3,1,1,5
SF,IC2003,2020-01-03 14:14:48.400,5360.0000,53559,0,10045737280.000,0,-,-,-,-,5360.0000,5358.8000,5358.2000,5358.0000,5357.0000,5360.6000,5360.8000,5362.0000,5362.8000,5363.6000,1,1,1,7,1,2,3,1,5,2
SF,IC2003,2020-01-03 14:14:48.900,5360.0000,53559,0,10046809280.000,1,0,1,空换,B,5358.8000,5358.2000,5358.0000,5357.0000,5356.8000,5360.6000,5360.8000,5362.0000,5362.8000,5363.6000,1,1,7,1,1,2,3,1,5,2
SF,IC2003,2020-01-03 14:14:49.400,5360.0000,53559,0,10046809280.000,0,-,-,-,-,5359.0000,5358.8000,5358.6000,5358.2000,5358.0000,5360.4000,5360.6000,5362.0000,5362.8000,5363.6000,5,1,1,1,7,1,2,1,5,2
SF,IC2003,2020-01-03 14:14:49.900,5360.0000,53559,0,10046809280.000,0,-,-,-,-,5359.4000,5359.2000,5359.0000,5358.8000,5358.6000,5360.4000,5360.6000,5362.0000,5362.8000,5363.6000,1,1,5,1,1,1,2,1,5,2
SF,IC2003,2020-01-03 14:14:50.400,5360.0000,53559,0,10046809280.000,0,-,-,-,-,5359.4000,5359.2000,5359.0000,5358.8000,5358.6000,5360.4000,5360.6000,5362.0000,5362.8000,5363.6000,1,1,5,1,1,1,2,1,5,2
SF,IC2003,2020-01-03 14:14:50.900,5360.0000,53559,0,10046809280.000,0,-,-,-,-,5359.6000,5359.4000,5359.2000,5359.0000,5358.8000,5360.4000,5362.0000,5362.8000,5363.6000,5364.0000,2,1,1,3,1,1,1,5,2,2
SF,IC2003,2020-01-03 14:14:51.400,5360.4000,53560,1,10047881360.000,1,1,0,双开,B,5359.6000,5359.4000,5359.2000,5359.0000,5358.8000,5362.0000,5362.8000,5363.6000,5364.0000,5364.2000,2,1,1,3,1,1,5,2,2,1
SF,IC2003,2020-01-03 14:14:51.900,5360.4000,53560,0,10047881360.000,0,-,-,-,-,5360.0000,5359.8000,5359.6000,5359.2000,5358.8000,5361.8000,5362.0000,5362.8000,5363.6000,5364.0000,1,4,5,1,1,2,1,5,2,2
SF,IC2003,2020-01-03 14:14:52.400,5360.4000,53560,0,10047881360.000,0,-,-,-,-,5360.2000,5360.0000,5359.8000,5359.6000,5359.2000,5361.8000,5362.8000,5363.6000,5364.0000,5364.2000,2,1,4,3,1,2,5,2,2,1
SF,IC2003,2020-01-03 14:14:52.900,5360.4000,53560,0,10047881360.000,0,-,-,-,-,5360.2000,5360.0000,5359.8000,5359.6000,5358.8000,5361.8000,5362.8000,5363.6000,5364.0000,5364.2000,2,1,4,3,1,2,5,2,2,1
SF,IC2003,2020-01-03 14:14:53.400,5360.2000,53560,0,10050025440.000,2,1,1,空换,B,5360.0000,5359.8000,5359.6000,5358.8000,5358.2000,5361.4000,5361.6000,5361.8000,5362.8000,5363.6000,1,4,3,1,1,1,1,2,5,2
SF,IC2003,2020-01-03 14:14:53.900,5360.2000,53560,0,10050025440.000,0,-,-,-,-,5360.0000,5359.8000,5359.6000,5358.8000,5358.2000,5361.2000,5361.4000,5361.6000,5362.8000,5363.6000,1,4,3,1,1,2,1,1,5,2
SF,IC2003,2020-01-03 14:14:54.400,5360.2000,53560,0,10050025440.000,0,-,-,-,-,5360.0000,5359.8000,5359.6000,5358.8000,5358.2000,5361.2000,5361.4000,5361.6000,5362.8000,5363.6000,1,4,3,1,1,2,1,1,5,2
SF,IC2003,2020-01-03 14:14:55.400,5360.2000,53560,0,10050025440.000,0,-,-,-,-,5360.0000,5359.8000,5359.6000,5358.8000,5358.2000,5361.2000,5361.6000,5362.8000,5363.6000,5364.0000,1,4,3,1,1,2,1,5,2,2
SF,IC2003,2020-01-03 14:14:56.400,5360.2000,53560,0,10050025440.000,0,-,-,-,-,5360.0000,5359.8000,5359.6000,5358.8000,5358.2000,5361.2000,5362.8000,5363.6000,5364.0000,5364.2000,1,4,3,1,1,2,5,2,2,1
SF,IC2003,2020-01-03 14:14:56.900,5360.2000,53560,0,10050025440.000,0,-,-,-,-,5360.2000,5360.0000,5359.8000,5358.8000,5358.2000,5361.2000,5362.8000,5363.6000,5364.0000,5364.2000,4,1,2,1,1,2,5,2,2,1
SF,IC2003,2020-01-03 14:14:57.400,5360.2000,53560,0,10050025440.000,0,-,-,-,-,5360.2000,5360.0000,5359.8000,5358.8000,5358.2000,5361.2000,5362.8000,5363.6000,5364.0000,5364.2000,8,1,1,1,1,2,5,2,2,1
SF,IC2003,2020-01-03 14:14:58.400,5361.2000,53562,2,10052169920.000,2,2,0,双开,B,5360.2000,5360.0000,5359.8000,5358.8000,5358.2000,5361.0000,5362.8000,5363.6000,5364.0000,5364.2000,8,1,1,1,1,2,5,2,2,1
SF,IC2003,2020-01-03 14:14:58.900,5361.0000,53562,0,10054314320.000,2,1,1,空换,B,5361.6000,5361.4000,5361.0000,5360.4000,5360.2000,5362.8000,5363.6000,5364.0000,5364.2000,5365.0000,2,3,7,2,8,5,2,2,1,2
SF,IC2003,2020-01-03 14:14:59.400,5361.8000,53563,1,10057531800.000,3,2,1,多开,B,5361.8000,5361.2000,5361.0000,5360.2000,5358.8000,5362.8000,5363.6000,5364.0000,5364.2000,5365.0000,3,1,4,8,1,3,2,2,1,2
SF,IC2003,2020-01-03 14:14:59.900,5362.8000,53563,0,10059676920.000,2,1,1,空换,B,5362.0000,5361.8000,5361.6000,5361.2000,5361.0000,5362.8000,5363.6000,5364.0000,5364.2000,5365.0000,4,2,2,1,4,1,2,2,1,2
SF,IC2003,2020-01-03 14:15:00.400,5362.8000,53563,0,10060749480.000,1,0,1,空换,B,5363.0000,5362.2000,5362.0000,5361.8000,5361.6000,5363.6000,5364.0000,5364.2000,5365.0000,5365.2000,1,2,4,1,2,2,2,1,2,2
SF,IC2003,2020-01-03 14:15:00.900,5362.8000,53563,0,10060749480.000,0,-,-,-,-,5362.0000,5361.2000,5360.2000,5358.8000,5358.2000,5363.0000,5363.4000,5363.6000,5364.0000,5364.2000,4,1,5,1,1,4,2,2,2,1
SF,IC2003,2020-01-03 14:15:01.400,5362.8000,53563,0,10060749480.000,0,-,-,-,-,5362.0000,5361.2000,5360.2000,5358.8000,5358.2000,5362.8000,5363.0000,5363.6000,5364.0000,5364.2000,1,1,5,1,1,2,4,2,2,1
SF,IC2003,2020-01-03 14:15:01.900,5362.8000,53563,0,10060749480.000,0,-,-,-,-,5362.0000,5361.2000,5360.2000,5358.8000,5358.2000,5362.6000,5362.8000,5363.0000,5363.6000,5364.0000,1,1,5,1,1,1,2,4,2,2
SF,IC2003,2020-01-03 14:15:02.400,5362.8000,53564,1,10062894600.000,2,1,1,多开,B,5362.0000,5361.2000,5360.2000,5358.8000,5358.2000,5362.4000,5362.8000,5363.0000,5363.6000,5364.0000,1,1,2,1,1,1,2,4,2,2
SF,IC2003,2020-01-03 14:15:02.900,5362.8000,53564,0,10062894600.000,0,-,-,-,-,5362.2000,5362.0000,5361.8000,5361.2000,5360.2000,5362.4000,5362.8000,5363.0000,5363.6000,5364.0000,3,3,1,1,2,1,2,5,2,2
SF,IC2003,2020-01-03 14:15:03.400,5362.8000,53564,0,10062894600.000,0,-,-,-,-,5362.0000,5361.2000,5360.2000,5358.8000,5358.2000,5362.8000,5363.0000,5363.6000,5364.0000,5364.2000,3,1,2,1,1,2,5,2,2,1
SF,IC2003,2020-01-03 14:15:03.900,5362.8000,53564,0,10062894600.000,0,-,-,-,-,5362.0000,5361.2000,5360.2000,5358.8000,5358.2000,5362.6000,5362.8000,5363.0000,5363.6000,5364.0000,3,1,2,1,1,2,2,5,2,2
SF,IC2003,2020-01-03 14:15:04.400,5362.8000,53564,0,10062894600.000,0,-,-,-,-,5362.0000,5361.2000,5360.2000,5358.8000,5358.2000,5362.6000,5362.8000,5363.0000,5363.6000,5364.0000,3,1,2,1,1,1,2,5,2,2
SF,IC2003,2020-01-03 14:15:04.900,5362.8000,53564,0,10062894600.000,0,-,-,-,-,5362.0000,5361.2000,5360.2000,5358.8000,5358.2000,5362.4000,5362.6000,5362.8000,5363.0000,5363.6000,3,1,2,1,1,1,1,2,5,2
SF,IC2003,2020-01-03 14:15:05.400,5362.0000,53564,0,10063967000.000,1,0,1,空换,B,5362.0000,5361.2000,5360.2000,5358.8000,5358.2000,5362.4000,5362.6000,5362.8000,5363.0000,5363.6000,2,1,2,1,1,1,1,2,1,2
SF,IC2003,2020-01-03 14:15:05.900,5362.0000,53562,-2,10066111800.000,2,0,2,双平,B,5361.2000,5360.2000,5358.8000,5358.2000,5358.0000,5362.0000,5362.2000,5362.4000,5362.6000,5363.0000,1,2,1,1,8,2,2,1,1,1
SF,IC2003,2020-01-03 14:15:06.400,5362.0000,53562,0,10066111800.000,0,-,-,-,-,5361.4000,5361.2000,5361.0000,5360.2000,5358.8000,5362.0000,5362.2000,5362.6000,5363.0000,5363.6000,3,1,2,2,1,2,2,1,1,2
SF,IC2003,2020-01-03 14:15:06.900,5362.0000,53562,0,10066111800.000,0,-,-,-,-,5361.4000,5361.2000,5361.0000,5360.2000,5358.8000,5362.0000,5362.2000,5363.0000,5363.6000,5364.0000,3,1,2,2,1,2,2,1,2,2
SF,IC2003,2020-01-03 14:15:07.400,5361.2000,53560,-2,10069328600.000,3,0,3,空平,B,5361.2000,5360.2000,5358.8000,5358.2000,5358.0000,5362.0000,5362.2000,5363.0000,5363.6000,5364.0000,1,2,1,1,8,2,2,1,2,2
SF,IC2003,2020-01-03 14:15:07.900,5361.2000,53561,1,10070400840.000,1,1,0,双开,B,5360.2000,5358.8000,5358.2000,5358.0000,5357.0000,5361.2000,5361.8000,5362.8000,5363.0000,5363.6000,2,1,1,8,1,3,3,1,1,2
SF,IC2003,2020-01-03 14:15:08.400,5361.2000,53561,0,10070400840.000,0,-,-,-,-,5360.4000,5360.2000,5360.0000,5358.8000,5358.2000,5361.2000,5361.8000,5362.8000,5363.0000,5363.6000,1,5,1,1,1,3,3,1,1,2
SF,IC2003,2020-01-03 14:15:08.900,5361.2000,53561,0,10070400840.000,0,-,-,-,-,5360.4000,5360.2000,5360.0000,5358.8000,5358.2000,5361.0000,5361.8000,5362.8000,5363.0000,5363.6000,1,5,1,1,1,3,1,1,1,2
SF,IC2003,2020-01-03 14:15:09.900,5361.2000,53561,0,10070400840.000,0,-,-,-,-,5360.4000,5360.2000,5360.0000,5358.8000,5358.2000,5361.0000,5361.8000,5362.8000,5363.0000,5363.6000,1,4,1,1,1,3,1,1,1,2
SF,IC2003,2020-01-03 14:15:10.400,5360.4000,53560,-1,10071472920.000,1,0,1,双平,B,5360.4000,5360.2000,5360.0000,5358.8000,5358.2000,5361.0000,5361.8000,5362.8000,5363.0000,5363.6000,1,4,1,1,1,3,1,1,1,2
SF,IC2003,2020-01-03 14:15:10.900,5360.4000,53560,0,10072545000.000,1,0,1,空换,B,5360.2000,5358.8000,5358.2000,5358.0000,5357.0000,5361.0000,5361.8000,5362.8000,5363.0000,5363.6000,4,1,1,8,1,3,1,1,1,2
SF,IC2003,2020-01-03 14:15:11.400,5360.4000,53560,0,10072545000.000,0,-,-,-,-,5360.4000,5360.2000,5358.8000,5358.2000,5358.0000,5361.0000,5363.0000,5363.6000,5364.0000,5364.2000,1,3,1,1,8,3,1,2,2,1
SF,IC2003,2020-01-03 14:15:11.900,5360.4000,53560,0,10072545000.000,0,-,-,-,-,5360.4000,5360.2000,5358.8000,5358.2000,5358.0000,5361.0000,5363.0000,5363.6000,5364.0000,5364.2000,1,3,1,1,8,3,1,2,2,1
SF,IC2003,2020-01-03 14:15:12.400,5360.4000,53560,0,10072545000.000,0,-,-,-,-,5360.4000,5360.2000,5359.0000,5358.8000,5358.2000,5361.0000,5363.0000,5363.6000,5364.0000,5364.2000,1,3,1,1,1,3,1,2,2,1
SF,IC2003,2020-01-03 14:15:12.900,5360.4000,53560,0,10072545000.000,0,-,-,-,-,5360.4000,5360.2000,5359.0000,5358.8000,5358.2000,5361.0000,5363.0000,5363.6000,5364.0000,5364.2000,2,3,1,1,1,3,1,2,2,1
SF,IC2003,2020-01-03 14:15:13.400,5360.4000,53560,0,10072545000.000,0,-,-,-,-,5360.4000,5359.0000,5358.8000,5358.2000,5358.0000,5361.0000,5363.0000,5363.6000,5364.0000,5364.2000,2,1,1,1,8,3,1,2,2,1
SF,IC2003,2020-01-03 14:15:13.900,5360.4000,53560,0,10072545000.000,0,-,-,-,-,5360.4000,5359.0000,5358.8000,5358.2000,5358.0000,5361.0000,5363.0000,5363.4000,5363.6000,5364.0000,5,1,1,1,8,3,1,1,2,2
SF,IC2003,2020-01-03 14:15:14.900,5361.0000,53561,1,10073617200.000,1,1,0,双开,B,5360.6000,5360.4000,5359.0000,5358.8000,5358.2000,5361.0000,5363.0000,5363.4000,5363.6000,5364.0000,1,5,1,1,1,2,1,1,2,2
SF,IC2003,2020-01-03 14:15:15.400,5361.0000,53563,2,10075761600.000,2,2,0,双开,B,5361.0000,5360.8000,5360.6000,5360.4000,5359.0000,5363.0000,5363.4000,5363.6000,5364.0000,5364.2000,6,2,1,5,1,1,1,2,2,1
SF,IC2003,2020-01-03 14:15:15.900,5361.0000,53563,0,10075761600.000,0,-,-,-,-,5361.2000,5361.0000,5360.6000,5360.4000,5359.0000,5362.6000,5362.8000,5363.0000,5363.4000,5363.6000,2,6,1,5,1,1,1,1,1,2
SF,IC2003,2020-01-03 14:15:16.400,5361.0000,53562,-1,10076833800.000,1,0,1,双平,B,5361.0000,5360.6000,5360.4000,5359.0000,5358.8000,5362.4000,5362.6000,5362.8000,5363.0000,5363.4000,1,1,5,1,1,2,3,1,1,1
SF,IC2003,2020-01-03 14:15:16.900,5361.0000,53561,-1,10077906000.000,1,0,1,双平,B,5360.6000,5360.4000,5359.0000,5358.8000,5358.2000,5362.2000,5362.4000,5362.6000,5363.0000,5363.4000,1,5,1,1,1,2,2,2,1,1
SF,IC2003,2020-01-03 14:15:17.400,5361.0000,53561,0,10077906000.000,0,-,-,-,-,5360.4000,5359.0000,5358.8000,5358.2000,5358.0000,5361.8000,5362.0000,5362.2000,5362.6000,5363.0000,5,1,1,1,8,1,3,2,2,1
SF,IC2003,2020-01-03 14:15:17.900,5361.0000,53561,0,10077906000.000,0,-,-,-,-,5360.4000,5359.0000,5358.8000,5358.2000,5358.0000,5361.8000,5362.0000,5362.2000,5362.6000,5363.0000,5,1,1,1,8,1,2,1,2,1
SF,IC2003,2020-01-03 14:15:18.400,5361.8000,53562,1,10078978360.000,1,1,0,双开,B,5360.6000,5360.4000,5359.0000,5358.8000,5358.2000,5361.6000,5361.8000,5362.2000,5362.6000,5363.0000,2,5,1,1,1,1,1,1,1,1
SF,IC2003,2020-01-03 14:15:18.900,5361.8000,53562,0,10078978360.000,0,-,-,-,-,5360.6000,5360.4000,5359.0000,5358.8000,5358.2000,5361.6000,5362.2000,5362.6000,5363.0000,5363.4000,2,2,1,1,1,1,1,1,1,1
SF,IC2003,2020-01-03 14:15:19.400,5360.6000,53562,0,10080050480.000,1,0,1,空换,B,5360.6000,5360.4000,5359.0000,5358.8000,5358.2000,5361.4000,5361.6000,5361.8000,5362.2000,5363.0000,2,2,1,1,1,2,1,1,1,1
SF,IC2003,2020-01-03 14:15:20.400,5360.6000,53562,0,10080050480.000,0,-,-,-,-,5360.6000,5360.4000,5359.0000,5358.8000,5358.2000,5361.4000,5361.6000,5361.8000,5363.0000,5363.4000,2,2,1,1,1,2,1,1,1,1
SF,IC2003,2020-01-03 14:15:21.400,5360.6000,53562,0,10080050480.000,0,-,-,-,-,5360.6000,5360.4000,5358.8000,5358.2000,5358.0000,5361.2000,5361.4000,5361.8000,5363.0000,5363.4000,2,2,1,1,8,1,2,1,1,1
SF,IC2003,2020-01-03 14:15:21.900,5360.6000,53560,-2,10082194720.000,2,0,2,双平,B,5360.4000,5358.8000,5358.2000,5358.0000,5357.0000,5361.0000,5361.2000,5361.8000,5363.0000,5363.4000,2,1,1,8,1,2,2,1,1,1
SF,IC2003,2020-01-03 14:15:22.400,5360.4000,53561,1,10083266800.000,1,1,0,双开,B,5360.4000,5358.8000,5358.2000,5358.0000,5357.0000,5361.0000,5361.2000,5361.8000,5363.0000,5363.4000,1,1,1,8,1,2,1,1,1,1
SF,IC2003,2020-01-03 14:15:22.900,5360.4000,53561,0,10084338880.000,1,0,1,空换,B,5358.8000,5358.2000,5358.0000,5357.0000,5356.8000,5361.0000,5361.2000,5361.8000,5363.0000,5363.4000,1,1,8,1,1,2,1,1,1,1
SF,IC2003,2020-01-03 14:15:23.400,5361.0000,53564,3,10087555480.000,3,3,0,双开,B,5361.0000,5359.4000,5359.2000,5359.0000,5358.8000,5363.0000,5363.4000,5363.6000,5364.0000,5364.2000,1,1,2,3,1,1,1,2,2,1
SF,IC2003,2020-01-03 14:15:23.900,5361.0000,53564,0,10087555480.000,0,-,-,-,-,5361.0000,5359.0000,5358.8000,5358.2000,5358.0000,5361.6000,5361.8000,5362.0000,5362.2000,5362.6000,1,2,1,1,8,1,2,3,1,2
SF,IC2003,2020-01-03 14:15:24.400,5361.0000,53564,0,10088627680.000,1,0,1,空换,B,5359.0000,5358.8000,5358.2000,5358.0000,5357.0000,5361.4000,5362.0000,5362.2000,5362.6000,5362.8000,2,1,1,8,1,3,1,1,2,2
SF,IC2003,2020-01-03 14:15:24.900,5361.0000,53564,0,10088627680.000,0,-,-,-,-,5359.4000,5359.0000,5358.8000,5358.2000,5358.0000,5361.0000,5361.4000,5362.2000,5362.6000,5362.8000,2,5,1,1,8,1,2,1,2,2
SF,IC2003,2020-01-03 14:15:25.400,5361.0000,53564,0,10088627680.000,0,-,-,-,-,5359.6000,5359.4000,5359.0000,5358.8000,5358.2000,5361.0000,5361.4000,5362.2000,5362.6000,5362.8000,3,1,3,1,1,3,1,1,2,2
SF,IC2003,2020-01-03 14:15:25.900,5361.0000,53564,0,10088627680.000,0,-,-,-,-,5360.6000,5360.0000,5359.8000,5359.6000,5359.0000,5361.0000,5362.2000,5362.6000,5363.0000,5363.4000,4,1,1,2,3,1,1,2,1,1
SF,IC2003,2020-01-03 14:15:26.400,5361.0000,53564,0,10088627680.000,0,-,-,-,-,5360.0000,5359.8000,5359.6000,5359.0000,5358.8000,5361.0000,5362.2000,5362.6000,5363.0000,5363.4000,1,2,2,3,1,1,1,2,1,1
SF,IC2003,2020-01-03 14:15:26.900,5361.0000,53564,0,10089699880.000,1,0,1,空换,B,5360.0000,5359.8000,5359.0000,5358.8000,5358.2000,5361.8000,5362.2000,5362.6000,5363.0000,5363.4000,1,2,3,1,1,1,1,2,1,1
SF,IC2003,2020-01-03 14:15:27.900,5361.0000,53564,0,10089699880.000,0,-,-,-,-,5360.4000,5360.0000,5359.8000,5359.0000,5358.8000,5361.8000,5362.2000,5362.6000,5363.0000,5363.4000,1,1,2,3,1,1,1,2,1,1
SF,IC2003,2020-01-03 14:15:28.400,5361.0000,53564,0,10089699880.000,0,-,-,-,-,5360.0000,5359.8000,5359.0000,5358.8000,5358.2000,5362.2000,5362.6000,5363.0000,5363.4000,5363.6000,1,2,3,1,1,1,2,1,1,2
SF,IC2003,2020-01-03 14:15:28.900,5361.0000,53564,0,10089699880.000,0,-,-,-,-,5360.0000,5359.8000,5359.0000,5358.8000,5358.2000,5361.6000,5361.8000,5362.0000,5362.2000,5362.6000,1,2,3,1,1,1,1,2,1,2
SF,IC2003,2020-01-03 14:15:29.400,5359.0000,53567,3,10095059640.000,5,4,1,多开,B,5359.0000,5358.8000,5358.2000,5358.0000,5357.0000,5361.6000,5361.8000,5362.0000,5362.2000,5362.6000,2,1,1,8,1,1,1,1,1,2
SF,IC2003,2020-01-03 14:15:29.900,5359.0000,53567,0,10095059640.000,0,-,-,-,-,5359.4000,5359.2000,5358.8000,5358.2000,5358.0000,5361.4000,5361.6000,5361.8000,5362.0000,5362.2000,2,3,2,1,8,2,2,1,1,1
SF,IC2003,2020-01-03 14:15:30.400,5359.0000,53567,0,10095059640.000,0,-,-,-,-,5359.6000,5359.4000,5359.2000,5358.8000,5358.2000,5361.4000,5361.6000,5361.8000,5362.0000,5362.2000,2,3,3,2,1,1,2,1,1,1
SF,IC2003,2020-01-03 14:15:30.900,5359.0000,53567,0,10095059640.000,0,-,-,-,-,5359.4000,5359.2000,5358.8000,5358.2000,5358.0000,5361.4000,5361.6000,5361.8000,5362.0000,5362.2000,3,3,2,1,8,1,2,1,1,1
SF,IC2003,2020-01-03 14:15:31.400,5359.0000,53567,0,10095059640.000,0,-,-,-,-,5359.6000,5359.4000,5359.2000,5358.8000,5358.2000,5361.4000,5361.6000,5361.8000,5362.0000,5362.2000,1,3,3,2,1,2,2,1,1,1
SF,IC2003,2020-01-03 14:15:31.900,5359.0000,53567,0,10095059640.000,0,-,-,-,-,5359.6000,5359.4000,5359.2000,5358.8000,5358.2000,5361.4000,5361.6000,5361.8000,5362.0000,5362.2000,1,3,3,3,1,1,2,1,1,1
SF,IC2003,2020-01-03 14:15:32.400,5359.0000,53567,0,10095059640.000,0,-,-,-,-,5359.6000,5359.4000,5359.2000,5358.8000,5358.2000,5361.4000,5361.6000,5361.8000,5362.0000,5362.2000,1,3,3,3,1,2,2,1,1,1
SF,IC2003,2020-01-03 14:15:32.900,5359.0000,53567,0,10095059640.000,0,-,-,-,-,5359.4000,5359.2000,5359.0000,5358.8000,5358.2000,5361.0000,5361.2000,5361.4000,5361.6000,5361.8000,4,3,1,3,1,1,1,1,2,1
SF,IC2003,2020-01-03 14:15:33.400,5361.2000,53569,2,10099348400.000,4,3,1,多开,B,5359.4000,5359.2000,5359.0000,5358.8000,5358.2000,5361.0000,5361.4000,5361.6000,5361.8000,5362.0000,4,1,1,3,1,1,1,2,1,1
SF,IC2003,2020-01-03 14:15:33.900,5359.4000,53569,0,10100420280.000,1,0,1,空换,B,5359.4000,5358.8000,5358.2000,5358.0000,5357.0000,5360.0000,5360.6000,5361.0000,5361.4000,5361.6000,2,1,1,8,1,1,1,1,1,2
SF,IC2003,2020-01-03 14:15:34.400,5359.4000,53569,0,10101492160.000,1,0,1,空换,B,5359.6000,5359.4000,5358.8000,5358.2000,5358.0000,5360.2000,5360.6000,5361.0000,5361.4000,5361.6000,1,1,1,1,9,1,1,1,1,2
SF,IC2003,2020-01-03 14:15:34.900,5359.6000,53569,0,10102564080.000,1,0,1,空换,B,5359.4000,5358.8000,5358.2000,5358.0000,5357.0000,5360.6000,5361.4000,5361.6000,5361.8000,5362.0000,1,1,1,9,1,2,1,2,2,1
SF,IC2003,2020-01-03 14:15:35.400,5359.6000,53569,0,10102564080.000,0,-,-,-,-,5359.4000,5358.8000,5358.2000,5358.0000,5357.0000,5360.6000,5361.4000,5361.6000,5361.8000,5362.0000,1,1,1,9,1,2,1,3,2,1
SF,IC2003,2020-01-03 14:15:35.900,5359.6000,53569,0,10102564080.000,0,-,-,-,-,5359.6000,5359.4000,5358.8000,5358.2000,5358.0000,5360.6000,5361.4000,5361.6000,5361.8000,5362.0000,1,4,1,1,9,2,1,4,2,1
SF,IC2003,2020-01-03 14:15:36.400,5359.6000,53569,0,10102564080.000,0,-,-,-,-,5359.6000,5359.4000,5358.8000,5358.2000,5358.0000,5360.6000,5361.4000,5361.6000,5361.8000,5362.0000,1,4,1,1,9,1,1,4,2,1
SF,IC2003,2020-01-03 14:15:36.900,5360.6000,53568,-1,10103636200.000,1,0,1,双平,B,5359.6000,5359.4000,5358.8000,5358.2000,5358.0000,5361.0000,5361.4000,5361.6000,5361.8000,5362.0000,1,4,1,1,9,1,1,4,2,1
SF,IC2003,2020-01-03 14:15:37.400,5360.6000,53568,0,10103636200.000,0,-,-,-,-,5359.6000,5359.4000,5358.8000,5358.2000,5358.0000,5361.0000,5361.4000,5361.6000,5361.8000,5362.0000,2,3,1,1,9,1,1,4,2,1
SF,IC2003,2020-01-03 14:15:37.900,5360.6000,53568,0,10103636200.000,0,-,-,-,-,5359.6000,5359.4000,5358.8000,5358.2000,5358.0000,5361.6000,5361.8000,5362.0000,5362.6000,5363.4000,1,3,1,1,9,4,2,1,2,1
SF,IC2003,2020-01-03 14:15:38.400,5360.6000,53568,0,10103636200.000,0,-,-,-,-,5359.6000,5359.4000,5358.8000,5358.2000,5358.0000,5361.4000,5361.6000,5361.8000,5362.0000,5362.6000,1,3,1,1,9,1,4,2,1,2
SF,IC2003,2020-01-03 14:15:38.900,5360.6000,53568,0,10103636200.000,0,-,-,-,-,5359.6000,5359.4000,5358.8000,5358.2000,5358.0000,5361.4000,5361.6000,5361.8000,5362.0000,5362.6000,1,3,1,1,9,1,4,1,1,2
SF,IC2003,2020-01-03 14:15:39.400,5359.6000,53568,0,10104708120.000,1,0,1,空换,B,5359.6000,5359.4000,5358.8000,5358.2000,5358.0000,5361.2000,5361.4000,5361.6000,5361.8000,5362.0000,1,3,1,1,9,1,1,4,1,1
SF,IC2003,2020-01-03 14:15:39.900,5359.6000,53568,0,10104708120.000,0,-,-,-,-,5359.8000,5359.6000,5359.4000,5358.8000,5358.2000,5361.2000,5361.6000,5361.8000,5362.0000,5362.6000,1,1,3,1,1,1,4,1,1,2
SF,IC2003,2020-01-03 14:15:40.400,5359.4000,53569,1,10110067600.000,5,3,2,多开,B,5358.8000,5358.2000,5358.0000,5357.0000,5356.8000,5361.0000,5361.2000,5361.6000,5361.8000,5362.0000,1,1,9,1,2,1,2,3,1,1
SF,IC2003,2020-01-03 14:15:40.900,5359.4000,53569,0,10110067600.000,0,-,-,-,-,5360.2000,5359.6000,5359.4000,5359.2000,5359.0000,5361.0000,5361.6000,5361.8000,5362.0000,5362.6000,2,1,1,2,2,1,2,1,1,2
SF,IC2003,2020-01-03 14:15:41.400,5359.4000,53569,0,10110067600.000,0,-,-,-,-,5360.4000,5360.2000,5359.6000,5359.4000,5359.0000,5361.0000,5361.6000,5361.8000,5362.0000,5362.6000,1,3,1,1,1,1,2,1,1,2
SF,IC2003,2020-01-03 14:15:41.900,5359.4000,53569,0,10110067600.000,0,-,-,-,-,5360.4000,5360.2000,5359.4000,5359.0000,5358.8000,5361.0000,5361.6000,5362.6000,5363.4000,5363.6000,1,3,1,1,1,1,2,1,1,2
SF,IC2003,2020-01-03 14:15:42.400,5361.0000,53570,1,10111139800.000,1,1,0,双开,B,5360.4000,5360.2000,5359.4000,5359.0000,5358.8000,5361.6000,5362.6000,5363.4000,5363.6000,5364.0000,1,3,1,1,1,2,1,1,2,2
SF,IC2003,2020-01-03 14:15:42.900,5361.0000,53570,0,10111139800.000,0,-,-,-,-,5360.4000,5360.2000,5359.4000,5359.0000,5358.8000,5361.6000,5362.6000,5363.4000,5363.6000,5364.0000,1,3,1,2,1,2,1,1,2,2
SF,IC2003,2020-01-03 14:15:43.400,5361.0000,53570,0,10111139800.000,0,-,-,-,-,5360.4000,5360.2000,5359.4000,5359.0000,5358.8000,5361.6000,5362.6000,5363.4000,5363.6000,5364.0000,1,3,1,2,1,2,1,1,2,2
SF,IC2003,2020-01-03 14:15:43.900,5361.0000,53570,0,10111139800.000,0,-,-,-,-,5360.4000,5360.2000,5359.6000,5359.4000,5359.0000,5361.6000,5362.6000,5363.4000,5363.6000,5364.0000,1,3,1,1,2,2,1,1,2,2
SF,IC2003,2020-01-03 14:15:44.400,5361.0000,53570,0,10111139800.000,0,-,-,-,-,5360.4000,5360.2000,5359.6000,5359.4000,5359.0000,5361.4000,5361.6000,5362.6000,5363.4000,5363.6000,1,3,1,1,2,1,2,1,1,2
SF,IC2003,2020-01-03 14:15:44.900,5360.4000,53571,1,10112211880.000,1,1,0,双开,B,5360.2000,5359.6000,5359.4000,5359.0000,5358.8000,5361.4000,5361.6000,5362.6000,5363.4000,5363.6000,3,1,1,2,1,2,2,1,1,2
SF,IC2003,2020-01-03 14:15:45.400,5360.4000,53571,0,10112211880.000,0,-,-,-,-,5360.2000,5359.6000,5359.4000,5359.0000,5358.8000,5361.2000,5361.4000,5361.6000,5361.8000,5362.6000,3,1,1,2,1,1,2,2,1,1
SF,IC2003,2020-01-03 14:15:45.900,5360.4000,53571,0,10112211880.000,0,-,-,-,-,5360.2000,5359.6000,5359.4000,5359.0000,5358.8000,5361.2000,5361.4000,5361.6000,5361.8000,5362.6000,3,1,1,2,1,2,1,2,1,1
SF,IC2003,2020-01-03 14:15:46.400,5360.4000,53571,0,10112211880.000,0,-,-,-,-,5359.6000,5359.4000,5359.0000,5358.8000,5358.2000,5361.2000,5361.4000,5361.6000,5361.8000,5362.6000,1,1,1,1,1,2,1,2,1,1
SF,IC2003,2020-01-03 14:15:46.900,5360.4000,53571,0,10112211880.000,0,-,-,-,-,5359.6000,5359.4000,5359.0000,5358.8000,5358.2000,5361.0000,5361.2000,5361.6000,5361.8000,5362.6000,4,1,1,1,1,2,1,2,1,1
SF,IC2003,2020-01-03 14:15:47.400,5360.4000,53571,0,10112211880.000,0,-,-,-,-,5359.6000,5359.0000,5358.8000,5358.2000,5358.0000,5360.2000,5361.0000,5361.2000,5361.6000,5361.8000,4,1,1,1,8,1,1,1,2,1
SF,IC2003,2020-01-03 14:15:47.900,5360.2000,53570,-1,10113283920.000,1,0,1,双平,B,5359.8000,5359.6000,5359.0000,5358.8000,5358.2000,5360.8000,5361.0000,5361.2000,5361.6000,5361.8000,1,4,1,1,1,1,1,1,2,1
SF,IC2003,2020-01-03 14:15:48.400,5360.2000,53570,0,10113283920.000,0,-,-,-,-,5359.6000,5359.0000,5358.8000,5358.2000,5358.0000,5361.0000,5361.6000,5361.8000,5362.6000,5363.4000,4,1,1,1,8,1,2,1,1,1
SF,IC2003,2020-01-03 14:15:48.900,5360.2000,53570,0,10113283920.000,0,-,-,-,-,5359.6000,5359.0000,5358.8000,5358.2000,5358.0000,5361.0000,5361.4000,5361.6000,5361.8000,5362.6000,4,1,1,1,8,1,1,2,1,1
SF,IC2003,2020-01-03 14:15:49.400,5360.2000,53570,0,10113283920.000,0,-,-,-,-,5359.6000,5359.0000,5358.8000,5358.2000,5358.0000,5361.0000,5361.4000,5361.6000,5361.8000,5362.6000,4,1,1,1,8,1,1,2,1,1
SF,IC2003,2020-01-03 14:15:49.900,5360.2000,53570,0,10113283920.000,0,-,-,-,-,5359.6000,5359.0000,5358.8000,5358.2000,5358.0000,5360.8000,5361.0000,5361.4000,5361.6000,5361.8000,4,1,1,1,8,1,1,1,2,1
SF,IC2003,2020-01-03 14:15:50.400,5360.2000,53570,0,10113283920.000,0,-,-,-,-,5359.6000,5359.0000,5358.8000,5358.2000,5358.0000,5360.6000,5360.8000,5361.0000,5361.4000,5361.6000,4,1,1,1,8,1,1,1,1,2
SF,IC2003,2020-01-03 14:15:50.900,5360.2000,53570,0,10113283920.000,0,-,-,-,-,5360.0000,5359.8000,5359.6000,5358.8000,5358.2000,5360.6000,5360.8000,5361.0000,5361.4000,5361.6000,1,2,4,1,1,1,1,1,1,2
SF,IC2003,2020-01-03 14:15:51.400,5360.2000,53570,0,10113283920.000,0,-,-,-,-,5360.0000,5359.8000,5359.6000,5358.8000,5358.2000,5360.6000,5361.4000,5361.6000,5361.8000,5362.6000,1,2,4,1,1,1,1,2,1,1
SF,IC2003,2020-01-03 14:15:51.900,5360.2000,53570,0,10113283920.000,0,-,-,-,-,5360.0000,5359.8000,5359.6000,5358.8000,5358.2000,5360.6000,5361.4000,5361.6000,5361.8000,5362.6000,1,2,1,1,1,1,1,2,1,1
SF,IC2003,2020-01-03 14:15:52.400,5360.2000,53570,0,10113283920.000,0,-,-,-,-,5360.0000,5359.8000,5359.6000,5358.8000,5358.2000,5360.6000,5361.4000,5361.6000,5361.8000,5362.6000,4,2,1,1,1,1,1,2,1,1
SF,IC2003,2020-01-03 14:15:52.900,5360.6000,53571,1,10114356040.000,1,1,0,双开,B,5360.0000,5359.8000,5359.6000,5358.8000,5358.2000,5361.4000,5361.6000,5361.8000,5362.6000,5363.4000,4,2,1,1,1,1,2,1,1,1
SF,IC2003,2020-01-03 14:15:53.400,5360.0000,53570,-1,10115428040.000,1,0,1,双平,B,5360.0000,5359.8000,5359.6000,5358.8000,5358.2000,5361.0000,5361.4000,5361.6000,5361.8000,5362.6000,3,2,1,1,1,1,1,2,1,1
SF,IC2003,2020-01-03 14:15:53.900,5360.0000,53570,0,10115428040.000,0,-,-,-,-,5360.0000,5359.8000,5359.6000,5358.8000,5358.2000,5361.0000,5361.4000,5361.6000,5361.8000,5362.6000,3,1,1,1,1,1,1,2,1,1
SF,IC2003,2020-01-03 14:15:54.400,5360.0000,53570,0,10115428040.000,0,-,-,-,-,5360.0000,5359.8000,5359.6000,5358.8000,5358.2000,5361.0000,5361.4000,5361.6000,5361.8000,5362.6000,3,1,1,1,1,1,1,2,1,1
SF,IC2003,2020-01-03 14:15:55.400,5360.0000,53570,0,10116500040.000,1,0,1,空换,B,5360.0000,5359.6000,5358.8000,5358.2000,5358.0000,5361.0000,5361.4000,5361.6000,5361.8000,5362.6000,2,1,1,1,8,1,1,2,1,1
SF,IC2003,2020-01-03 14:15:55.900,5360.0000,53570,0,10116500040.000,0,-,-,-,-,5360.0000,5359.8000,5359.6000,5358.8000,5358.2000,5360.8000,5361.0000,5361.4000,5361.6000,5361.8000,2,1,1,1,1,1,1,1,2,1
SF,IC2003,2020-01-03 14:15:56.400,5360.0000,53570,0,10118644040.000,2,1,1,空换,B,5359.8000,5359.6000,5358.8000,5358.2000,5358.0000,5360.0000,5360.8000,5361.0000,5361.4000,5361.6000,1,1,1,1,8,3,1,1,1,2
SF,IC2003,2020-01-03 14:15:56.900,5360.0000,53573,3,10121860040.000,3,3,0,双开,B,5359.8000,5359.6000,5358.8000,5358.2000,5358.0000,5360.8000,5361.0000,5361.4000,5361.6000,5361.8000,1,1,1,1,8,1,1,1,2,1
SF,IC2003,2020-01-03 14:15:57.900,5360.0000,53573,0,10121860040.000,0,-,-,-,-,5360.0000,5359.8000,5359.6000,5358.8000,5358.2000,5360.8000,5361.0000,5361.4000,5361.6000,5361.8000,1,1,1,1,1,1,1,1,2,1
SF,IC2003,2020-01-03 14:15:58.400,5360.0000,53573,0,10121860040.000,0,-,-,-,-,5360.0000,5359.8000,5359.6000,5358.8000,5358.2000,5360.8000,5361.0000,5361.4000,5361.6000,5361.8000,4,1,1,1,1,6,1,1,2,1
SF,IC2003,2020-01-03 14:15:58.900,5360.0000,53573,0,10121860040.000,0,-,-,-,-,5360.0000,5359.8000,5359.6000,5358.8000,5358.2000,5360.8000,5361.0000,5361.4000,5361.6000,5361.8000,5,1,1,1,1,6,1,1,2,1
SF,IC2003,2020-01-03 14:16:00.400,5360.0000,53573,0,10121860040.000,0,-,-,-,-,5360.0000,5359.8000,5359.6000,5358.8000,5358.2000,5360.8000,5361.0000,5361.4000,5361.6000,5361.8000,9,1,1,1,1,6,1,1,2,1
SF,IC2003,2020-01-03 14:16:00.900,5360.0000,53573,0,10121860040.000,0,-,-,-,-,5360.0000,5359.8000,5359.6000,5358.8000,5358.2000,5360.6000,5360.8000,5361.0000,5361.4000,5361.6000,9,1,1,1,1,1,6,1,1,2
SF,IC2003,2020-01-03 14:16:01.400,5360.0000,53573,0,10121860040.000,0,-,-,-,-,5360.0000,5359.8000,5359.6000,5358.8000,5358.2000,5360.6000,5360.8000,5361.0000,5361.4000,5361.6000,9,1,1,2,1,1,6,1,1,2
SF,IC2003,2020-01-03 14:16:01.900,5360.0000,53573,0,10121860040.000,0,-,-,-,-,5360.0000,5359.8000,5359.6000,5358.8000,5358.2000,5360.6000,5360.8000,5361.0000,5361.4000,5361.6000,9,1,1,2,1,1,6,1,1,2
SF,IC2003,2020-01-03 14:16:02.400,5360.0000,53574,1,10127220040.000,5,3,2,多开,B,5360.0000,5359.8000,5359.6000,5358.8000,5358.2000,5360.6000,5360.8000,5361.0000,5361.4000,5361.6000,4,1,1,2,1,1,6,1,1,2
SF,IC2003,2020-01-03 14:16:02.900,5360.0000,53574,0,10127220040.000,0,-,-,-,-,5360.0000,5359.8000,5359.6000,5358.8000,5358.6000,5360.6000,5360.8000,5361.0000,5361.6000,5361.8000,4,1,1,2,1,1,6,1,2,1
SF,IC2003,2020-01-03 14:16:03.900,5360.0000,53574,0,10127220040.000,0,-,-,-,-,5360.0000,5359.8000,5359.6000,5358.8000,5358.6000,5360.6000,5360.8000,5361.0000,5361.6000,5361.8000,4,1,1,2,1,1,5,1,2,1
SF,IC2003,2020-01-03 14:16:04.400,5360.0000,53574,0,10127220040.000,0,-,-,-,-,5360.0000,5359.8000,5359.6000,5359.0000,5358.8000,5360.6000,5360.8000,5361.0000,5361.6000,5361.8000,7,1,1,1,2,1,5,1,2,1
SF,IC2003,2020-01-03 14:16:04.900,5360.0000,53574,0,10127220040.000,0,-,-,-,-,5360.0000,5359.8000,5359.6000,5359.0000,5358.8000,5360.4000,5360.6000,5360.8000,5361.0000,5361.6000,7,1,1,1,2,1,1,5,1,2
SF,IC2003,2020-01-03 14:16:05.900,5360.0000,53574,0,10127220040.000,0,-,-,-,-,5360.0000,5359.8000,5359.6000,5359.0000,5358.8000,5360.2000,5360.4000,5360.6000,5360.8000,5361.0000,7,1,1,1,2,1,1,1,5,1
SF,IC2003,2020-01-03 14:16:06.400,5360.0000,53573,-1,10128292040.000,1,0,1,双平,B,5360.0000,5359.8000,5359.6000,5359.0000,5358.8000,5360.2000,5360.4000,5360.8000,5361.0000,5361.6000,6,1,1,1,2,1,1,5,1,2
SF,IC2003,2020-01-03 14:16:06.900,5360.0000,53573,0,10128292040.000,0,-,-,-,-,5360.0000,5359.8000,5359.6000,5359.0000,5358.8000,5360.2000,5360.4000,5360.8000,5361.0000,5361.6000,6,1,1,1,2,1,1,5,1,2
SF,IC2003,2020-01-03 14:16:07.400,5360.0000,53573,0,10128292040.000,0,-,-,-,-,5360.0000,5359.8000,5359.6000,5359.0000,5358.8000,5360.2000,5360.4000,5360.8000,5361.0000,5361.6000,6,1,1,1,2,1,1,5,1,2
SF,IC2003,2020-01-03 14:16:07.900,5360.0000,53573,0,10129364040.000,1,0,1,空换,B,5360.0000,5359.8000,5359.6000,5359.0000,5358.8000,5360.2000,5360.4000,5360.8000,5361.0000,5361.6000,5,1,1,1,2,1,1,5,1,2
SF,IC2003,2020-01-03 14:16:08.400,5359.8000,53569,-4,10135796000.000,6,1,5,空平,B,5359.6000,5358.8000,5358.6000,5358.2000,5358.0000,5360.0000,5360.2000,5360.4000,5360.8000,5361.0000,1,2,1,1,9,15,1,1,5,1
SF,IC2003,2020-01-03 14:16:08.900,5359.6000,53569,0,10136867920.000,1,0,1,空换,B,5358.8000,5358.6000,5358.2000,5358.0000,5357.0000,5359.6000,5359.8000,5360.0000,5360.2000,5360.4000,2,1,1,9,1,4,1,12,1,1
SF,IC2003,2020-01-03 14:16:09.400,5359.6000,53569,0,10136867920.000,0,-,-,-,-,5358.8000,5358.6000,5358.2000,5358.0000,5357.0000,5359.6000,5359.8000,5360.0000,5360.4000,5360.8000,2,1,1,9,1,4,1,8,1,5
SF,IC2003,2020-01-03 14:16:09.900,5359.6000,53569,0,10136867920.000,0,-,-,-,-,5358.8000,5358.6000,5358.2000,5358.0000,5357.0000,5359.6000,5360.0000,5360.4000,5360.8000,5361.0000,5,1,1,9,1,4,8,1,5,1
SF,IC2003,2020-01-03 14:16:10.400,5359.6000,53569,0,10136867920.000,0,-,-,-,-,5358.8000,5358.6000,5358.2000,5358.0000,5357.0000,5359.4000,5359.6000,5360.0000,5360.4000,5360.8000,5,1,1,9,1,1,4,8,1,5
SF,IC2003,2020-01-03 14:16:10.900,5358.8000,53570,1,10139011440.000,2,1,1,多开,B,5358.8000,5358.6000,5358.2000,5358.0000,5357.0000,5359.4000,5359.6000,5360.0000,5360.8000,5361.0000,3,1,1,9,1,1,4,8,5,1
SF,IC2003,2020-01-03 14:16:11.400,5358.8000,53569,-1,10140083200.000,1,0,1,双平,B,5358.8000,5358.6000,5358.2000,5358.0000,5357.0000,5359.2000,5359.4000,5359.6000,5360.0000,5360.8000,2,1,1,9,1,1,1,4,6,5
SF,IC2003,2020-01-03 14:16:11.900,5358.8000,53569,0,10140083200.000,0,-,-,-,-,5358.8000,5358.6000,5358.2000,5358.0000,5357.0000,5359.0000,5359.2000,5359.4000,5359.6000,5360.0000,2,1,1,9,1,1,1,1,4,6
SF,IC2003,2020-01-03 14:16:12.400,5359.0000,53570,1,10142226760.000,2,1,1,多开,B,5358.8000,5358.6000,5358.2000,5358.0000,5357.0000,5359.2000,5359.4000,5360.0000,5360.8000,5361.0000,1,1,1,9,1,1,1,6,5,1
SF,IC2003,2020-01-03 14:16:12.900,5359.0000,53570,0,10142226760.000,0,-,-,-,-,5358.8000,5358.6000,5358.2000,5358.0000,5357.0000,5359.2000,5360.0000,5360.8000,5361.0000,5361.6000,1,1,1,9,1,1,6,5,1,2
SF,IC2003,2020-01-03 14:16:13.400,5358.8000,53569,-1,10143298520.000,1,0,1,双平,B,5358.6000,5358.2000,5358.0000,5357.0000,5356.8000,5358.8000,5359.2000,5360.0000,5360.8000,5361.0000,1,1,9,1,1,1,1,7,5,1
SF,IC2003,2020-01-03 14:16:13.900,5358.6000,53570,1,10144370240.000,1,1,0,双开,B,5358.2000,5358.0000,5357.0000,5356.8000,5356.6000,5358.8000,5359.2000,5360.0000,5360.8000,5361.0000,1,9,1,1,2,5,1,7,5,1
SF,IC2003,2020-01-03 14:16:14.400,5358.6000,53570,0,10144370240.000,0,-,-,-,-,5358.2000,5358.0000,5357.0000,5356.8000,5356.6000,5358.8000,5360.0000,5360.8000,5361.0000,5361.6000,1,9,1,1,2,5,7,5,1,2
SF,IC2003,2020-01-03 14:16:14.900,5358.6000,53570,0,10144370240.000,0,-,-,-,-,5358.2000,5358.0000,5357.0000,5356.8000,5356.6000,5358.8000,5360.0000,5360.8000,5361.0000,5361.6000,1,9,1,1,2,5,7,5,1,2
SF,IC2003,2020-01-03 14:16:15.400,5358.0000,53572,2,10146513480.000,2,2,0,双开,B,5358.2000,5358.0000,5357.0000,5356.8000,5356.6000,5358.8000,5360.0000,5360.8000,5361.0000,5361.6000,3,8,1,1,2,5,7,5,1,2
SF,IC2003,2020-01-03 14:16:15.900,5358.0000,53573,1,10150800000.000,4,2,2,多开,B,5358.0000,5357.0000,5356.8000,5356.6000,5356.4000,5358.8000,5360.0000,5360.8000,5361.0000,5361.6000,7,1,1,2,1,5,7,5,1,2
SF,IC2003,2020-01-03 14:16:16.400,5358.0000,53573,0,10150800000.000,0,-,-,-,-,5358.0000,5357.0000,5356.8000,5356.6000,5356.4000,5358.6000,5358.8000,5360.0000,5360.8000,5361.0000,7,1,1,2,1,1,5,7,5,1
SF,IC2003,2020-01-03 14:16:16.900,5358.0000,53573,0,10151871600.000,1,0,1,空换,B,5358.0000,5357.0000,5356.8000,5356.6000,5356.4000,5358.6000,5358.8000,5360.0000,5360.8000,5361.0000,6,1,1,2,1,1,6,7,5,1
SF,IC2003,2020-01-03 14:16:17.900,5358.6000,53573,0,10152943320.000,1,0,1,空换,B,5358.0000,5357.0000,5356.8000,5356.6000,5356.4000,5358.8000,5360.0000,5360.8000,5361.0000,5361.6000,6,1,1,2,1,6,7,5,1,2
SF,IC2003,2020-01-03 14:16:18.400,5358.6000,53573,0,10152943320.000,0,-,-,-,-,5358.0000,5357.0000,5356.8000,5356.6000,5356.4000,5358.8000,5360.0000,5360.8000,5361.0000,5361.6000,6,1,1,2,1,6,6,5,1,2
SF,IC2003,2020-01-03 14:16:18.900,5358.0000,53573,0,10154014920.000,1,0,1,空换,B,5358.0000,5357.0000,5356.8000,5356.6000,5356.4000,5358.8000,5360.0000,5360.8000,5361.0000,5361.6000,5,1,1,2,1,6,6,5,1,2
SF,IC2003,2020-01-03 14:16:19.400,5358.0000,53573,0,10154014920.000,0,-,-,-,-,5358.0000,5357.0000,5356.8000,5356.6000,5356.4000,5358.6000,5358.8000,5360.0000,5360.8000,5361.0000,5,1,1,2,1,1,6,6,5,1
SF,IC2003,2020-01-03 14:16:20.400,5358.0000,53573,0,10154014920.000,0,-,-,-,-,5358.0000,5357.0000,5356.8000,5356.6000,5356.4000,5358.4000,5358.6000,5358.8000,5360.0000,5360.8000,5,1,1,2,1,1,1,6,6,5
SF,IC2003,2020-01-03 14:16:20.900,5358.0000,53573,0,10154014920.000,0,-,-,-,-,5358.0000,5357.0000,5356.8000,5356.6000,5356.4000,5358.4000,5358.6000,5358.8000,5360.0000,5360.8000,5,1,1,2,1,1,1,6,6,5
SF,IC2003,2020-01-03 14:16:21.400,5358.0000,53573,0,10154014920.000,0,-,-,-,-,5358.0000,5357.0000,5356.8000,5356.6000,5356.4000,5358.4000,5358.6000,5358.8000,5360.0000,5360.8000,8,1,1,2,1,1,1,6,7,5
SF,IC2003,2020-01-03 14:16:21.900,5358.0000,53573,0,10154014920.000,0,-,-,-,-,5358.0000,5357.0000,5356.8000,5356.6000,5356.4000,5358.2000,5358.4000,5358.8000,5360.0000,5360.8000,8,1,1,2,1,1,1,6,7,5
SF,IC2003,2020-01-03 14:16:22.400,5358.2000,53573,0,10155086560.000,1,0,1,空换,B,5358.0000,5357.0000,5356.8000,5356.6000,5356.4000,5358.4000,5358.8000,5360.0000,5360.8000,5361.0000,8,1,1,2,1,1,6,7,5,1
SF,IC2003,2020-01-03 14:16:22.900,5358.2000,53573,0,10155086560.000,0,-,-,-,-,5358.0000,5357.0000,5356.8000,5356.6000,5356.4000,5358.2000,5358.4000,5358.8000,5360.0000,5360.8000,8,1,1,2,1,2,1,6,7,5
SF,IC2003,2020-01-03 14:16:23.400,5358.2000,53573,0,10157229840.000,2,1,1,空换,B,5358.0000,5357.0000,5356.8000,5356.6000,5356.4000,5358.4000,5358.8000,5360.0000,5360.8000,5361.0000,8,1,1,2,1,1,6,7,5,1
SF,IC2003,2020-01-03 14:16:23.900,5358.2000,53573,0,10157229840.000,0,-,-,-,-,5358.0000,5357.0000,5356.8000,5356.6000,5356.4000,5358.4000,5358.6000,5358.8000,5360.0000,5360.8000,8,1,1,2,1,1,3,6,7,5
SF,IC2003,2020-01-03 14:16:24.400,5358.0000,53577,4,10161516240.000,4,4,0,双开,B,5358.0000,5357.0000,5356.8000,5356.6000,5356.0000,5358.4000,5358.6000,5358.8000,5360.0000,5360.8000,4,1,1,2,2,1,3,6,7,5
SF,IC2003,2020-01-03 14:16:24.900,5358.0000,53577,0,10165802640.000,4,2,2,空换,B,5357.0000,5356.8000,5356.6000,5356.0000,5355.8000,5357.2000,5357.4000,5358.0000,5358.2000,5358.4000,1,1,2,2,1,1,1,3,1,2
SF,IC2003,2020-01-03 14:16:25.400,5357.0000,53576,-1,10167945480.000,2,0,2,空平,B,5356.8000,5356.6000,5356.0000,5355.8000,5355.0000,5357.2000,5358.0000,5358.2000,5358.4000,5358.6000,1,2,2,1,6,1,1,1,1,3
SF,IC2003,2020-01-03 14:16:26.400,5357.0000,53576,0,10167945480.000,0,-,-,-,-,5356.8000,5356.6000,5356.0000,5355.8000,5355.0000,5357.2000,5357.8000,5358.0000,5358.2000,5358.4000,1,2,2,1,6,1,1,1,1,1
SF,IC2003,2020-01-03 14:16:26.900,5357.0000,53576,0,10167945480.000,0,-,-,-,-,5356.8000,5356.6000,5356.0000,5355.8000,5355.0000,5357.0000,5357.2000,5358.0000,5358.2000,5358.4000,1,2,2,1,6,1,1,1,1,1
SF,IC2003,2020-01-03 14:16:27.400,5357.0000,53578,2,10170088280.000,2,2,0,双开,B,5357.0000,5356.8000,5356.6000,5356.0000,5355.8000,5358.0000,5358.2000,5358.4000,5358.6000,5358.8000,1,4,2,2,1,1,1,1,3,6
SF,IC2003,2020-01-03 14:16:27.900,5357.0000,53578,0,10170088280.000,0,-,-,-,-,5356.8000,5356.6000,5356.0000,5355.8000,5355.0000,5358.0000,5358.2000,5358.4000,5358.6000,5358.8000,4,2,2,1,6,1,1,1,3,6
SF,IC2003,2020-01-03 14:16:28.400,5357.0000,53578,0,10170088280.000,0,-,-,-,-,5356.8000,5356.6000,5356.0000,5355.8000,5355.0000,5358.0000,5358.2000,5358.6000,5358.8000,5360.0000,4,2,2,1,6,1,1,3,6,2
SF,IC2003,2020-01-03 14:16:29.400,5357.0000,53578,0,10170088280.000,0,-,-,-,-,5357.0000,5356.8000,5356.6000,5356.0000,5355.8000,5358.0000,5358.2000,5358.6000,5358.8000,5360.0000,1,4,2,2,1,1,1,3,6,2
SF,IC2003,2020-01-03 14:16:29.900,5358.0000,53578,0,10171159880.000,1,0,1,空换,B,5357.0000,5356.8000,5356.6000,5356.0000,5355.8000,5358.2000,5358.6000,5358.8000,5360.0000,5360.8000,1,4,2,2,1,1,3,6,2,5
SF,IC2003,2020-01-03 14:16:30.400,5357.0000,53579,1,10172231280.000,1,1,0,双开,B,5356.8000,5356.6000,5356.0000,5355.8000,5355.0000,5358.2000,5358.6000,5358.8000,5360.0000,5360.8000,4,2,2,1,6,1,3,6,2,5
SF,IC2003,2020-01-03 14:16:30.900,5357.0000,53579,0,10172231280.000,0,-,-,-,-,5356.8000,5356.6000,5356.0000,5355.8000,5355.0000,5358.2000,5358.4000,5358.6000,5358.8000,5360.0000,4,2,2,1,6,1,1,3,6,2
SF,IC2003,2020-01-03 14:16:31.400,5357.0000,53579,0,10172231280.000,0,-,-,-,-,5356.8000,5356.6000,5356.0000,5355.8000,5355.0000,5358.0000,5358.2000,5358.4000,5358.6000,5358.8000,4,2,2,1,6,1,1,1,3,6
SF,IC2003,2020-01-03 14:16:31.900,5357.0000,53579,0,10172231280.000,0,-,-,-,-,5356.8000,5356.6000,5356.0000,5355.8000,5355.0000,5358.0000,5358.2000,5358.6000,5358.8000,5360.0000,4,2,2,1,6,2,1,3,6,2
SF,IC2003,2020-01-03 14:16:32.400,5357.0000,53579,0,10172231280.000,0,-,-,-,-,5357.2000,5357.0000,5356.8000,5356.6000,5356.0000,5358.0000,5358.2000,5358.6000,5358.8000,5360.0000,1,1,1,2,2,1,1,3,6,2
SF,IC2003,2020-01-03 14:16:32.900,5357.0000,53579,0,10172231280.000,0,-,-,-,-,5357.2000,5357.0000,5356.8000,5356.6000,5356.0000,5358.2000,5358.6000,5358.8000,5360.0000,5361.0000,4,1,1,2,2,1,3,6,2,1
SF,IC2003,2020-01-03 14:16:33.400,5357.0000,53579,0,10172231280.000,0,-,-,-,-,5357.2000,5357.0000,5356.8000,5356.6000,5356.0000,5357.8000,5358.2000,5358.6000,5358.8000,5360.0000,4,1,1,2,2,1,1,3,6,2
SF,IC2003,2020-01-03 14:16:33.900,5357.0000,53579,0,10172231280.000,0,-,-,-,-,5357.2000,5357.0000,5356.8000,5356.6000,5356.0000,5358.0000,5358.2000,5358.6000,5358.8000,5360.0000,4,2,1,2,2,1,1,3,6,2
SF,IC2003,2020-01-03 14:16:34.900,5357.0000,53579,0,10172231280.000,0,-,-,-,-,5357.2000,5357.0000,5356.8000,5356.6000,5356.0000,5358.0000,5358.2000,5358.6000,5358.8000,5360.0000,4,3,1,2,2,1,1,3,6,2
SF,IC2003,2020-01-03 14:16:35.400,5357.0000,53579,0,10172231280.000,0,-,-,-,-,5357.2000,5357.0000,5356.8000,5356.6000,5356.0000,5358.2000,5358.6000,5358.8000,5360.0000,5361.0000,4,3,1,2,2,1,3,6,2,1
SF,IC2003,2020-01-03 14:16:35.900,5357.0000,53581,2,10177588280.000,5,3,2,多开,B,5357.0000,5356.8000,5356.6000,5356.0000,5355.8000,5358.2000,5358.4000,5358.6000,5358.8000,5360.0000,1,1,2,2,1,1,3,3,6,2
SF,IC2003,2020-01-03 14:16:36.400,5357.0000,53581,0,10177588280.000,0,-,-,-,-,5357.0000,5356.8000,5356.6000,5356.0000,5355.8000,5358.0000,5358.2000,5358.4000,5358.6000,5358.8000,1,1,2,2,1,2,1,3,3,6
SF,IC2003,2020-01-03 14:16:36.900,5357.0000,53581,0,10177588280.000,0,-,-,-,-,5357.0000,5356.8000,5356.6000,5356.0000,5355.8000,5357.8000,5358.0000,5358.2000,5358.4000,5358.6000,1,1,2,3,1,1,2,1,3,3
SF,IC2003,2020-01-03 14:16:37.400,5357.0000,53581,0,10178659680.000,1,0,1,空换,B,5356.8000,5356.6000,5356.0000,5355.8000,5355.0000,5357.8000,5358.0000,5358.2000,5358.4000,5358.6000,1,2,3,1,6,1,2,1,3,3
SF,IC2003,2020-01-03 14:16:37.900,5356.6000,53580,-1,10180802360.000,2,0,2,空平,B,5356.6000,5356.0000,5355.8000,5355.0000,5353.4000,5357.6000,5357.8000,5358.0000,5358.2000,5358.4000,1,3,1,7,4,1,1,1,1,3
SF,IC2003,2020-01-03 14:16:38.400,5356.6000,53581,1,10181873680.000,1,1,0,双开,B,5356.6000,5356.0000,5355.8000,5355.0000,5353.4000,5357.6000,5357.8000,5358.2000,5358.4000,5358.6000,3,3,1,7,4,1,1,1,3,3
SF,IC2003,2020-01-03 14:16:38.900,5356.6000,53581,0,10181873680.000,0,-,-,-,-,5356.6000,5356.0000,5355.8000,5355.0000,5353.4000,5357.4000,5357.6000,5358.2000,5358.4000,5358.6000,3,3,1,7,4,1,1,1,3,3
SF,IC2003,2020-01-03 14:16:39.400,5356.6000,53581,0,10182945000.000,1,0,1,空换,B,5356.6000,5356.0000,5355.8000,5355.0000,5353.4000,5357.4000,5357.6000,5358.2000,5358.4000,5358.6000,2,3,1,7,4,1,1,1,3,3
SF,IC2003,2020-01-03 14:16:39.900,5356.6000,53581,0,10185087640.000,2,1,1,空换,B,5356.0000,5355.8000,5355.0000,5353.4000,5352.6000,5357.2000,5357.4000,5358.2000,5358.4000,5358.6000,3,1,7,4,1,1,1,1,3,3
SF,IC2003,2020-01-03 14:16:40.400,5356.6000,53581,0,10185087640.000,0,-,-,-,-,5356.0000,5355.8000,5355.0000,5353.4000,5352.6000,5357.2000,5357.4000,5358.4000,5358.6000,5358.8000,3,1,7,4,1,2,1,3,3,1
SF,IC2003,2020-01-03 14:16:40.900,5356.0000,53582,1,10186158840.000,1,1,0,双开,B,5356.8000,5356.0000,5355.8000,5355.0000,5353.4000,5357.0000,5357.2000,5358.2000,5358.4000,5358.6000,1,2,1,7,4,1,2,1,3,3
SF,IC2003,2020-01-03 14:16:41.400,5356.0000,53585,3,10189372600.000,3,3,0,双开,B,5355.8000,5355.0000,5353.4000,5350.6000,5350.2000,5356.6000,5356.8000,5357.0000,5357.2000,5358.2000,1,7,4,2,2,1,6,2,1,1
SF,IC2003,2020-01-03 14:16:41.900,5355.8000,53586,1,10190443760.000,1,1,0,双开,B,5355.0000,5353.4000,5350.6000,5350.2000,5350.0000,5356.4000,5356.8000,5357.0000,5357.2000,5358.2000,7,4,2,2,4,1,4,2,1,1
SF,IC2003,2020-01-03 14:16:42.400,5355.8000,53586,0,10190443760.000,0,-,-,-,-,5355.0000,5353.4000,5350.6000,5350.2000,5350.0000,5356.4000,5356.8000,5357.0000,5358.2000,5358.4000,7,4,2,2,4,1,4,2,1,3
SF,IC2003,2020-01-03 14:16:42.900,5355.0000,53587,1,10192585760.000,2,1,1,多开,B,5355.0000,5353.4000,5350.6000,5350.2000,5350.0000,5356.2000,5356.4000,5356.8000,5357.0000,5358.2000,5,4,2,2,4,1,2,4,1,1
SF,IC2003,2020-01-03 14:16:43.400,5355.0000,53587,0,10192585760.000,0,-,-,-,-,5355.0000,5353.4000,5350.6000,5350.2000,5350.0000,5356.2000,5356.4000,5356.8000,5357.0000,5358.2000,5,4,2,2,4,1,1,4,1,1
SF,IC2003,2020-01-03 14:16:43.900,5355.0000,53589,2,10194727760.000,2,2,0,双开,B,5355.0000,5353.4000,5350.6000,5350.2000,5350.0000,5355.2000,5355.4000,5356.0000,5356.2000,5356.4000,5,4,2,2,4,1,1,3,1,1
SF,IC2003,2020-01-03 14:16:44.400,5355.0000,53589,0,10194727760.000,0,-,-,-,-,5355.0000,5354.8000,5353.4000,5350.6000,5350.2000,5356.0000,5356.2000,5356.4000,5356.8000,5357.0000,5,1,4,2,2,2,1,1,9,1
SF,IC2003,2020-01-03 14:16:44.900,5355.0000,53591,2,10197940760.000,3,2,1,多开,B,5355.0000,5354.8000,5353.4000,5350.6000,5350.2000,5355.8000,5356.0000,5356.2000,5356.8000,5357.0000,2,1,4,2,2,3,2,1,5,1
SF,IC2003,2020-01-03 14:16:45.400,5355.0000,53591,0,10200082760.000,2,1,1,空换,B,5354.8000,5353.4000,5350.6000,5350.2000,5350.0000,5355.0000,5355.4000,5355.8000,5356.0000,5356.8000,1,4,2,2,4,4,1,2,2,5
SF,IC2003,2020-01-03 14:16:45.900,5354.8000,53592,1,10201153720.000,1,1,0,双开,B,5353.4000,5350.6000,5350.2000,5350.0000,5349.0000,5354.8000,5355.8000,5356.0000,5356.8000,5357.0000,4,2,2,4,3,8,1,1,5,1
SF,IC2003,2020-01-03 14:16:46.400,5353.4000,53593,1,10202224400.000,1,1,0,双开,B,5353.4000,5350.6000,5350.2000,5350.0000,5349.0000,5354.8000,5355.8000,5356.0000,5356.8000,5357.0000,3,2,2,4,3,4,1,1,5,1
SF,IC2003,2020-01-03 14:16:46.900,5354.6000,53595,2,10204366240.000,2,2,0,双开,B,5353.4000,5350.6000,5350.2000,5350.0000,5349.0000,5354.6000,5354.8000,5355.8000,5356.0000,5356.8000,3,2,2,4,3,1,4,1,1,5
SF,IC2003,2020-01-03 14:16:47.900,5354.6000,53595,0,10204366240.000,0,-,-,-,-,5353.4000,5350.6000,5350.2000,5350.0000,5349.0000,5354.6000,5354.8000,5356.0000,5356.8000,5358.4000,3,2,2,4,3,1,4,1,5,3
SF,IC2003,2020-01-03 14:16:48.400,5353.4000,53596,1,10205436920.000,1,1,0,双开,B,5353.4000,5351.0000,5350.6000,5350.2000,5350.0000,5354.6000,5354.8000,5356.0000,5356.8000,5358.4000,2,1,2,2,4,2,7,1,5,3
SF,IC2003,2020-01-03 14:16:48.900,5353.4000,53596,0,10205436920.000,0,-,-,-,-,5353.4000,5351.0000,5350.6000,5350.2000,5350.0000,5354.0000,5354.2000,5354.6000,5354.8000,5356.0000,3,1,2,2,4,1,1,2,7,1
SF,IC2003,2020-01-03 14:16:49.400,5353.4000,53596,0,10206507600.000,1,0,1,空换,B,5353.4000,5351.0000,5350.6000,5350.2000,5350.0000,5354.2000,5354.6000,5354.8000,5356.0000,5356.8000,2,1,2,2,4,1,1,7,1,5
SF,IC2003,2020-01-03 14:16:49.900,5353.4000,53596,0,10206507600.000,0,-,-,-,-,5353.4000,5351.0000,5350.6000,5350.2000,5350.0000,5354.0000,5354.6000,5354.8000,5356.0000,5356.8000,2,1,2,2,4,1,1,7,1,5
SF,IC2003,2020-01-03 14:16:50.900,5354.0000,53597,1,10207578400.000,1,1,0,双开,B,5354.0000,5353.4000,5351.2000,5351.0000,5350.6000,5354.6000,5354.8000,5356.0000,5356.8000,5358.4000,1,2,1,1,2,1,4,1,5,3
SF,IC2003,2020-01-03 14:16:51.400,5354.8000,53599,2,10210791240.000,3,2,1,多开,B,5354.6000,5353.4000,5351.2000,5351.0000,5350.6000,5354.8000,5356.8000,5358.4000,5358.6000,5358.8000,1,2,1,1,2,2,5,3,3,1
SF,IC2003,2020-01-03 14:16:51.900,5354.8000,53601,2,10212933160.000,2,2,0,双开,B,5354.8000,5354.6000,5353.4000,5351.2000,5351.0000,5356.8000,5358.4000,5358.6000,5358.8000,5360.0000,2,1,3,1,1,5,3,3,1,2
SF,IC2003,2020-01-03 14:16:52.400,5354.8000,53601,0,10214004120.000,1,0,1,空换,B,5354.6000,5353.4000,5351.2000,5351.0000,5350.6000,5356.2000,5356.8000,5358.4000,5358.6000,5358.8000,1,3,1,1,2,2,5,3,3,1
SF,IC2003,2020-01-03 14:16:52.900,5354.8000,53601,0,10214004120.000,0,-,-,-,-,5354.6000,5353.4000,5351.2000,5351.0000,5350.6000,5356.2000,5356.8000,5358.4000,5358.6000,5358.8000,1,4,1,1,2,2,5,3,3,1
SF,IC2003,2020-01-03 14:16:53.400,5354.8000,53601,0,10214004120.000,0,-,-,-,-,5354.6000,5353.4000,5351.2000,5351.0000,5350.6000,5356.2000,5356.8000,5358.4000,5358.6000,5358.8000,2,4,1,1,2,2,5,3,3,1
SF,IC2003,2020-01-03 14:16:53.900,5354.8000,53601,0,10214004120.000,0,-,-,-,-,5354.8000,5354.6000,5353.4000,5351.2000,5351.0000,5356.2000,5356.8000,5358.4000,5358.6000,5360.0000,1,2,4,1,1,2,5,3,3,2
SF,IC2003,2020-01-03 14:16:54.400,5354.8000,53601,0,10214004120.000,0,-,-,-,-,5354.8000,5354.6000,5353.4000,5351.2000,5351.0000,5356.2000,5356.8000,5358.4000,5358.6000,5360.0000,2,1,4,1,1,2,5,3,3,2
SF,IC2003,2020-01-03 14:16:54.900,5354.8000,53601,0,10214004120.000,0,-,-,-,-,5354.8000,5354.6000,5353.4000,5351.2000,5350.6000,5356.2000,5356.8000,5358.4000,5358.6000,5360.0000,1,1,4,1,2,2,5,3,3,2
SF,IC2003,2020-01-03 14:16:55.400,5354.8000,53601,0,10214004120.000,0,-,-,-,-,5354.8000,5354.6000,5353.4000,5353.0000,5351.4000,5356.2000,5356.8000,5358.4000,5358.6000,5360.0000,2,1,4,1,1,2,5,3,3,2
SF,IC2003,2020-01-03 14:16:55.900,5354.8000,53601,0,10214004120.000,0,-,-,-,-,5354.8000,5354.6000,5353.4000,5353.0000,5351.4000,5356.2000,5356.8000,5358.4000,5358.6000,5360.0000,2,1,3,1,1,2,5,3,3,2
SF,IC2003,2020-01-03 14:16:56.400,5354.6000,53600,-1,10217216960.000,3,1,2,空平,B,5353.4000,5353.0000,5351.4000,5351.2000,5350.6000,5354.6000,5356.2000,5356.8000,5358.4000,5358.6000,3,1,1,1,2,2,2,5,3,3
SF,IC2003,2020-01-03 14:16:56.900,5354.6000,53600,0,10219358800.000,2,1,1,空换,B,5355.8000,5354.0000,5353.8000,5353.6000,5353.4000,5356.2000,5356.8000,5358.4000,5358.6000,5360.0000,4,1,1,2,3,1,5,3,3,2
SF,IC2003,2020-01-03 14:16:57.400,5355.8000,53602,2,10223643440.000,4,3,1,多开,B,5354.0000,5353.8000,5353.6000,5353.4000,5353.0000,5354.8000,5355.8000,5356.0000,5356.8000,5358.4000,1,1,2,3,1,1,4,2,5,3
SF,IC2003,2020-01-03 14:16:57.900,5355.8000,53602,0,10223643440.000,0,-,-,-,-,5354.0000,5353.8000,5353.6000,5353.4000,5353.0000,5354.8000,5355.8000,5356.0000,5356.8000,5358.4000,1,1,3,3,1,1,1,1,5,3
SF,IC2003,2020-01-03 14:16:58.900,5354.8000,53602,0,10224714400.000,1,0,1,空换,B,5354.8000,5354.6000,5354.2000,5354.0000,5353.8000,5355.8000,5356.0000,5356.8000,5358.4000,5358.6000,1,1,1,1,1,1,1,5,3,3
SF,IC2003,2020-01-03 14:16:59.400,5354.8000,53602,0,10224714400.000,0,-,-,-,-,5354.6000,5354.2000,5354.0000,5353.8000,5353.6000,5355.8000,5356.0000,5356.8000,5358.4000,5358.6000,1,1,1,1,3,1,1,5,3,3
SF,IC2003,2020-01-03 14:16:59.900,5355.8000,53601,-1,10225785560.000,1,0,1,双平,B,5354.6000,5354.0000,5353.8000,5353.6000,5353.4000,5356.0000,5356.8000,5358.4000,5358.6000,5360.0000,2,1,1,2,3,1,5,3,3,2
SF,IC2003,2020-01-03 14:17:00.400,5355.8000,53601,0,10225785560.000,0,-,-,-,-,5354.8000,5354.6000,5353.6000,5353.4000,5353.0000,5356.8000,5360.0000,5361.6000,5362.6000,5363.4000,1,2,2,3,1,5,2,2,1,1
SF,IC2003,2020-01-03 14:17:00.900,5355.8000,53601,0,10225785560.000,0,-,-,-,-,5355.0000,5354.8000,5354.6000,5353.6000,5353.4000,5356.8000,5360.0000,5361.6000,5362.6000,5363.4000,2,1,2,2,3,8,2,2,1,1
SF,IC2003,2020-01-03 14:17:01.400,5355.8000,53601,0,10225785560.000,0,-,-,-,-,5354.8000,5354.6000,5353.6000,5353.4000,5353.0000,5356.8000,5360.0000,5361.6000,5362.6000,5363.4000,1,1,8,3,1,8,2,2,1,1
SF,IC2003,2020-01-03 14:17:01.900,5355.8000,53601,0,10225785560.000,0,-,-,-,-,5355.0000,5354.6000,5353.6000,5353.4000,5353.0000,5356.8000,5360.0000,5361.6000,5362.6000,5363.4000,1,1,8,3,1,8,2,2,1,1
SF,IC2003,2020-01-03 14:17:02.400,5355.8000,53601,0,10225785560.000,0,-,-,-,-,5355.2000,5354.6000,5353.6000,5353.4000,5353.0000,5356.4000,5356.6000,5356.8000,5360.0000,5361.6000,1,1,8,3,1,1,1,8,2,2
SF,IC2003,2020-01-03 14:17:02.900,5355.8000,53601,0,10225785560.000,0,-,-,-,-,5355.2000,5354.6000,5353.6000,5353.4000,5353.0000,5356.4000,5356.6000,5356.8000,5360.0000,5361.6000,1,2,8,3,1,1,1,8,2,2
SF,IC2003,2020-01-03 14:17:03.400,5355.8000,53601,0,10225785560.000,0,-,-,-,-,5355.2000,5354.6000,5353.6000,5353.4000,5353.0000,5356.4000,5356.6000,5356.8000,5360.0000,5361.6000,1,2,8,3,1,1,1,8,3,2
SF,IC2003,2020-01-03 14:17:03.900,5355.8000,53601,0,10225785560.000,0,-,-,-,-,5355.4000,5355.2000,5355.0000,5354.6000,5353.6000,5356.4000,5356.6000,5356.8000,5360.0000,5361.6000,1,1,1,2,8,1,1,8,3,2
SF,IC2003,2020-01-03 14:17:04.400,5355.8000,53601,0,10225785560.000,0,-,-,-,-,5355.4000,5355.2000,5355.0000,5354.6000,5353.6000,5356.4000,5356.6000,5356.8000,5360.0000,5361.6000,1,1,1,2,7,1,1,8,3,2
SF,IC2003,2020-01-03 14:17:04.900,5355.8000,53601,0,10225785560.000,0,-,-,-,-,5355.2000,5355.0000,5354.6000,5353.6000,5353.4000,5356.4000,5356.6000,5356.8000,5360.0000,5361.6000,1,2,2,7,2,2,1,8,3,2
SF,IC2003,2020-01-03 14:17:05.400,5355.8000,53601,0,10225785560.000,0,-,-,-,-,5355.2000,5355.0000,5354.6000,5353.6000,5353.4000,5356.4000,5356.6000,5356.8000,5360.0000,5361.6000,1,2,2,7,2,2,1,8,3,2
SF,IC2003,2020-01-03 14:17:05.900,5355.8000,53601,0,10225785560.000,0,-,-,-,-,5355.0000,5354.6000,5353.6000,5353.4000,5353.0000,5356.4000,5356.6000,5356.8000,5360.0000,5361.6000,2,2,7,2,1,1,1,5,3,2
SF,IC2003,2020-01-03 14:17:06.400,5355.8000,53601,0,10225785560.000,0,-,-,-,-,5355.0000,5354.6000,5353.6000,5353.4000,5353.0000,5356.4000,5356.6000,5356.8000,5360.0000,5361.6000,2,2,7,2,1,5,1,5,3,2
SF,IC2003,2020-01-03 14:17:06.900,5355.8000,53601,0,10225785560.000,0,-,-,-,-,5355.0000,5354.6000,5353.6000,5353.4000,5353.0000,5356.2000,5356.4000,5356.6000,5356.8000,5360.0000,2,2,7,2,1,1,4,1,5,3
SF,IC2003,2020-01-03 14:17:07.900,5355.8000,53601,0,10225785560.000,0,-,-,-,-,5355.0000,5354.6000,5353.6000,5353.4000,5353.0000,5356.4000,5356.6000,5356.8000,5360.0000,5361.6000,2,2,7,2,1,4,1,5,3,2
SF,IC2003,2020-01-03 14:17:08.400,5355.8000,53601,0,10225785560.000,0,-,-,-,-,5355.0000,5354.6000,5353.6000,5353.4000,5353.0000,5355.6000,5356.2000,5356.4000,5356.6000,5356.8000,2,2,7,2,1,1,1,4,1,5
SF,IC2003,2020-01-03 14:17:08.900,5355.8000,53601,0,10225785560.000,0,-,-,-,-,5355.0000,5354.6000,5353.6000,5353.4000,5353.0000,5356.2000,5356.4000,5356.6000,5356.8000,5360.0000,2,2,7,2,1,1,4,1,5,3
SF,IC2003,2020-01-03 14:17:09.900,5355.8000,53601,0,10225785560.000,0,-,-,-,-,5355.0000,5354.6000,5353.6000,5353.4000,5353.0000,5356.0000,5356.2000,5356.4000,5356.6000,5356.8000,2,2,7,2,1,2,1,4,1,5
SF,IC2003,2020-01-03 14:17:10.900,5355.8000,53601,0,10225785560.000,0,-,-,-,-,5355.0000,5354.6000,5353.6000,5353.4000,5353.0000,5356.0000,5356.4000,5356.6000,5356.8000,5360.0000,3,2,7,2,1,2,4,1,5,3
SF,IC2003,2020-01-03 14:17:11.400,5355.0000,53603,2,10228998560.000,3,2,1,多开,B,5354.6000,5353.6000,5353.4000,5353.0000,5350.8000,5355.0000,5356.0000,5356.4000,5356.6000,5356.8000,2,7,2,1,1,2,2,1,1,5
SF,IC2003,2020-01-03 14:17:11.900,5355.0000,53606,3,10234353560.000,5,4,1,多开,B,5355.0000,5354.8000,5354.6000,5353.6000,5353.4000,5356.0000,5356.4000,5356.6000,5356.8000,5360.0000,5,1,2,7,2,2,1,1,5,3
SF,IC2003,2020-01-03 14:17:12.400,5355.0000,53606,0,10234353560.000,0,-,-,-,-,5355.0000,5354.8000,5354.6000,5353.6000,5353.4000,5356.0000,5356.4000,5356.6000,5356.8000,5360.0000,4,1,2,7,2,2,1,1,5,3
SF,IC2003,2020-01-03 14:17:13.400,5355.0000,53606,0,10234353560.000,0,-,-,-,-,5355.0000,5354.8000,5354.6000,5353.6000,5353.4000,5356.0000,5356.4000,5356.6000,5356.8000,5360.0000,4,1,1,7,2,2,1,1,5,3
SF,IC2003,2020-01-03 14:17:13.900,5355.0000,53606,0,10234353560.000,0,-,-,-,-,5355.0000,5354.8000,5354.6000,5353.8000,5353.6000,5356.0000,5356.4000,5356.6000,5356.8000,5360.0000,4,2,1,1,7,2,1,1,5,3
SF,IC2003,2020-01-03 14:17:16.400,5355.0000,53610,4,10238637560.000,4,4,0,双开,B,5354.8000,5354.6000,5353.8000,5353.6000,5353.4000,5355.0000,5356.0000,5356.4000,5356.6000,5356.8000,2,1,1,7,2,2,2,1,1,5
SF,IC2003,2020-01-03 14:17:16.900,5355.0000,53612,2,10240779560.000,2,2,0,双开,B,5354.8000,5354.6000,5353.8000,5353.6000,5353.4000,5356.0000,5356.4000,5356.6000,5356.8000,5360.0000,2,1,1,7,2,2,1,1,5,3
SF,IC2003,2020-01-03 14:17:17.400,5355.0000,53612,0,10240779560.000,0,-,-,-,-,5354.8000,5354.6000,5353.8000,5353.6000,5353.4000,5356.0000,5356.4000,5356.6000,5356.8000,5360.0000,2,1,1,7,2,5,1,1,5,3
SF,IC2003,2020-01-03 14:17:17.900,5355.0000,53612,0,10240779560.000,0,-,-,-,-,5354.8000,5354.6000,5353.8000,5353.6000,5353.4000,5356.0000,5356.4000,5356.6000,5356.8000,5360.0000,2,1,1,7,2,5,1,1,5,3
SF,IC2003,2020-01-03 14:17:18.400,5355.0000,53612,0,10240779560.000,0,-,-,-,-,5355.0000,5354.8000,5354.6000,5353.8000,5353.6000,5356.0000,5356.4000,5356.6000,5356.8000,5360.0000,1,2,1,1,7,5,1,1,5,3
SF,IC2003,2020-01-03 14:17:19.900,5355.0000,53612,0,10240779560.000,0,-,-,-,-,5354.8000,5354.6000,5353.8000,5353.6000,5353.4000,5356.0000,5356.4000,5356.6000,5356.8000,5360.0000,2,1,1,7,2,5,1,1,5,3
SF,IC2003,2020-01-03 14:17:20.400,5355.0000,53612,0,10240779560.000,0,-,-,-,-,5354.8000,5354.6000,5353.8000,5353.6000,5353.4000,5356.0000,5356.4000,5356.6000,5356.8000,5360.0000,2,1,1,7,2,5,1,1,5,3
SF,IC2003,2020-01-03 14:17:20.900,5355.0000,53612,0,10240779560.000,0,-,-,-,-,5354.8000,5354.6000,5353.8000,5353.6000,5353.4000,5355.8000,5356.0000,5356.4000,5356.6000,5356.8000,2,1,1,7,2,1,5,1,1,5
SF,IC2003,2020-01-03 14:17:21.400,5355.0000,53612,0,10240779560.000,0,-,-,-,-,5355.0000,5354.8000,5354.6000,5353.8000,5353.6000,5355.8000,5356.0000,5356.4000,5356.6000,5356.8000,1,2,1,1,7,1,5,1,1,5
SF,IC2003,2020-01-03 14:17:22.900,5355.0000,53612,0,10240779560.000,0,-,-,-,-,5355.0000,5354.8000,5354.6000,5353.8000,5353.6000,5355.8000,5356.0000,5356.4000,5356.6000,5356.8000,1,2,3,1,7,1,5,1,1,5
SF,IC2003,2020-01-03 14:17:23.400,5354.8000,53611,-1,10243992480.000,3,1,2,空平,B,5354.6000,5353.8000,5353.6000,5353.4000,5353.0000,5354.8000,5355.8000,5356.0000,5356.4000,5356.6000,3,1,7,2,1,16,1,2,1,1
SF,IC2003,2020-01-03 14:17:23.900,5354.8000,53608,-3,10264340720.000,19,8,11,空平,B,5354.6000,5353.8000,5353.6000,5353.4000,5353.0000,5355.8000,5356.0000,5360.0000,5361.6000,5362.6000,3,1,7,2,1,1,2,3,2,1
SF,IC2003,2020-01-03 14:17:24.400,5354.8000,53608,0,10264340720.000,0,-,-,-,-,5354.8000,5354.6000,5353.8000,5353.6000,5353.4000,5355.8000,5356.0000,5359.0000,5360.0000,5361.6000,1,3,1,11,2,1,2,2,3,2
SF,IC2003,2020-01-03 14:17:24.900,5354.8000,53608,0,10264340720.000,0,-,-,-,-,5355.0000,5354.8000,5354.6000,5353.8000,5353.6000,5355.8000,5356.0000,5359.0000,5360.0000,5361.6000,2,1,3,1,11,2,2,2,3,2
SF,IC2003,2020-01-03 14:17:26.900,5355.8000,53610,2,10266483040.000,2,2,0,双开,B,5355.2000,5355.0000,5354.8000,5354.6000,5353.6000,5355.6000,5356.0000,5359.0000,5360.0000,5361.6000,1,2,1,3,11,1,2,2,3,2
SF,IC2003,2020-01-03 14:17:27.400,5355.6000,53611,1,10267554160.000,1,1,0,双开,B,5355.6000,5355.2000,5355.0000,5354.8000,5354.6000,5356.0000,5359.0000,5360.0000,5361.6000,5362.6000,2,1,2,1,3,2,2,3,2,1
SF,IC2003,2020-01-03 14:17:27.900,5355.6000,53611,0,10267554160.000,0,-,-,-,-,5355.2000,5355.0000,5354.8000,5354.6000,5353.6000,5356.0000,5359.0000,5360.0000,5361.6000,5362.6000,1,2,1,3,11,2,2,3,2,1
SF,IC2003,2020-01-03 14:17:28.400,5355.6000,53611,0,10267554160.000,0,-,-,-,-,5355.6000,5355.2000,5355.0000,5354.8000,5354.6000,5356.0000,5359.0000,5360.0000,5361.6000,5362.6000,1,1,2,1,3,2,2,3,2,1
SF,IC2003,2020-01-03 14:17:28.900,5355.6000,53611,0,10267554160.000,0,-,-,-,-,5355.6000,5355.2000,5355.0000,5354.8000,5354.6000,5356.0000,5359.0000,5360.0000,5361.6000,5362.6000,1,2,2,1,3,2,2,3,2,1
SF,IC2003,2020-01-03 14:17:29.400,5355.6000,53611,0,10267554160.000,0,-,-,-,-,5355.6000,5355.2000,5355.0000,5354.8000,5354.6000,5356.0000,5359.0000,5360.0000,5361.6000,5362.6000,1,2,1,1,3,5,2,3,2,1
SF,IC2003,2020-01-03 14:17:29.900,5355.6000,53611,0,10267554160.000,0,-,-,-,-,5355.8000,5355.6000,5355.2000,5354.8000,5354.6000,5356.0000,5359.0000,5360.0000,5361.6000,5362.6000,1,1,1,1,3,5,2,3,2,1
SF,IC2003,2020-01-03 14:17:30.900,5355.6000,53612,1,10268625280.000,1,1,0,双开,B,5355.6000,5355.2000,5354.8000,5354.6000,5353.6000,5355.8000,5356.0000,5359.0000,5360.0000,5361.6000,1,1,1,3,11,3,5,2,3,2
SF,IC2003,2020-01-03 14:17:31.400,5355.8000,53613,1,10269696440.000,1,1,0,双开,B,5355.6000,5355.2000,5354.8000,5354.6000,5353.6000,5355.8000,5356.0000,5359.0000,5360.0000,5361.6000,1,1,1,3,11,2,5,2,3,2
SF,IC2003,2020-01-03 14:17:31.900,5356.0000,53615,2,10272909960.000,3,2,1,多开,B,5355.6000,5355.2000,5354.6000,5353.6000,5353.4000,5356.0000,5359.0000,5360.0000,5361.6000,5362.6000,1,1,3,11,2,4,2,3,2,1
SF,IC2003,2020-01-03 14:17:32.400,5356.0000,53615,0,10277194760.000,4,2,2,空换,B,5356.0000,5355.6000,5355.2000,5354.6000,5353.6000,5359.0000,5360.0000,5361.6000,5362.6000,5363.4000,2,1,1,3,11,2,3,2,1,1
SF,IC2003,2020-01-03 14:17:32.900,5356.0000,53615,0,10277194760.000,0,-,-,-,-,5355.6000,5355.2000,5354.6000,5353.6000,5353.4000,5357.6000,5357.8000,5358.2000,5358.6000,5358.8000,1,1,3,11,2,1,1,1,1,1
SF,IC2003,2020-01-03 14:17:33.400,5356.0000,53615,0,10277194760.000,0,-,-,-,-,5355.8000,5355.6000,5355.2000,5354.6000,5353.6000,5357.6000,5357.8000,5358.2000,5358.6000,5358.8000,3,1,1,3,11,1,1,1,1,1
SF,IC2003,2020-01-03 14:17:33.900,5356.0000,53615,0,10277194760.000,0,-,-,-,-,5356.2000,5356.0000,5355.8000,5355.6000,5355.2000,5357.6000,5357.8000,5358.2000,5358.6000,5358.8000,2,1,1,3,1,1,1,1,1,1
SF,IC2003,2020-01-03 14:17:34.400,5356.0000,53615,0,10277194760.000,0,-,-,-,-,5355.8000,5355.6000,5355.2000,5354.6000,5353.6000,5357.6000,5357.8000,5358.2000,5358.6000,5358.8000,1,1,1,3,11,1,1,1,1,1
SF,IC2003,2020-01-03 14:17:34.900,5356.0000,53615,0,10277194760.000,0,-,-,-,-,5355.8000,5354.6000,5353.6000,5353.4000,5353.0000,5357.6000,5357.8000,5358.2000,5358.6000,5358.8000,1,3,11,2,1,4,1,1,1,1
SF,IC2003,2020-01-03 14:17:35.400,5355.8000,53614,-1,10278265920.000,1,0,1,双平,B,5354.6000,5353.6000,5353.4000,5353.0000,5352.0000,5357.6000,5357.8000,5358.2000,5358.6000,5358.8000,3,11,2,1,1,4,1,1,1,1
SF,IC2003,2020-01-03 14:17:35.900,5357.6000,53614,0,10279337440.000,1,0,1,空换,B,5355.4000,5355.2000,5355.0000,5354.8000,5354.6000,5357.6000,5357.8000,5358.2000,5358.6000,5358.8000,1,4,1,6,7,3,1,1,1,1
SF,IC2003,2020-01-03 14:17:36.400,5357.6000,53614,0,10279337440.000,0,-,-,-,-,5355.8000,5355.4000,5355.2000,5355.0000,5354.8000,5357.6000,5357.8000,5358.2000,5358.6000,5358.8000,2,1,2,2,6,3,1,1,1,1
SF,IC2003,2020-01-03 14:17:36.900,5357.6000,53615,1,10280408960.000,1,1,0,双开,B,5355.4000,5355.2000,5355.0000,5354.8000,5354.6000,5357.6000,5357.8000,5358.2000,5358.6000,5358.8000,1,2,2,6,7,2,1,1,1,1
SF,IC2003,2020-01-03 14:17:37.400,5356.0000,53614,-1,10281480160.000,1,0,1,双平,B,5355.8000,5355.4000,5355.2000,5355.0000,5354.8000,5357.6000,5357.8000,5358.2000,5358.6000,5358.8000,2,1,2,2,6,2,1,1,1,1
SF,IC2003,2020-01-03 14:17:37.900,5356.0000,53614,0,10281480160.000,0,-,-,-,-,5355.4000,5355.2000,5355.0000,5354.8000,5354.6000,5357.6000,5357.8000,5358.2000,5358.6000,5358.8000,1,2,2,6,7,2,1,1,1,1
SF,IC2003,2020-01-03 14:17:38.400,5356.0000,53614,0,10281480160.000,0,-,-,-,-,5355.8000,5355.6000,5355.4000,5355.2000,5355.0000,5357.0000,5357.6000,5357.8000,5358.2000,5358.6000,2,1,2,2,2,1,2,1,1,1
SF,IC2003,2020-01-03 14:17:38.900,5356.0000,53614,0,10281480160.000,0,-,-,-,-,5355.6000,5355.4000,5355.2000,5355.0000,5354.8000,5357.0000,5357.6000,5357.8000,5358.2000,5358.6000,1,3,2,2,6,1,2,1,1,1
SF,IC2003,2020-01-03 14:17:39.400,5356.0000,53614,0,10281480160.000,0,-,-,-,-,5355.6000,5355.4000,5355.2000,5355.0000,5354.8000,5357.0000,5357.6000,5357.8000,5358.2000,5358.6000,1,3,2,2,6,1,2,1,1,1
SF,IC2003,2020-01-03 14:17:39.900,5356.0000,53614,0,10281480160.000,0,-,-,-,-,5355.8000,5355.6000,5355.4000,5355.2000,5355.0000,5357.0000,5357.8000,5358.2000,5358.6000,5358.8000,2,2,2,1,1,1,1,1,1,1
SF,IC2003,2020-01-03 14:17:40.400,5356.0000,53614,0,10281480160.000,0,-,-,-,-,5356.8000,5356.0000,5355.8000,5355.6000,5355.4000,5357.0000,5357.8000,5358.2000,5358.6000,5358.8000,2,1,2,1,1,4,1,1,1,1
SF,IC2003,2020-01-03 14:17:40.900,5357.0000,53616,2,10284694280.000,3,2,1,多开,B,5356.0000,5355.8000,5355.6000,5355.4000,5355.2000,5357.0000,5357.8000,5358.2000,5358.6000,5358.8000,1,2,1,1,1,3,1,1,1,1
SF,IC2003,2020-01-03 14:17:41.400,5355.6000,53617,1,10288978920.000,4,2,2,多开,B,5355.4000,5355.2000,5355.0000,5354.8000,5354.6000,5355.6000,5357.0000,5357.8000,5358.6000,5358.8000,1,1,1,6,4,1,3,1,1,1
SF,IC2003,2020-01-03 14:17:41.900,5355.6000,53618,1,10290050040.000,1,1,0,双开,B,5356.2000,5355.8000,5355.6000,5355.4000,5355.2000,5357.0000,5357.8000,5358.6000,5358.8000,5359.0000,1,4,7,1,1,3,1,1,1,4
SF,IC2003,2020-01-03 14:17:42.400,5356.8000,53618,0,10292192800.000,2,1,1,空换,B,5355.6000,5355.4000,5355.2000,5355.0000,5354.8000,5357.0000,5357.8000,5358.6000,5358.8000,5359.0000,5,1,1,1,4,2,1,1,1,4
SF,IC2003,2020-01-03 14:17:42.900,5356.8000,53618,0,10292192800.000,0,-,-,-,-,5355.8000,5355.6000,5355.4000,5355.2000,5355.0000,5357.0000,5357.8000,5358.6000,5359.0000,5360.0000,2,4,1,1,1,2,1,1,4,3
SF,IC2003,2020-01-03 14:17:43.400,5356.8000,53618,0,10292192800.000,0,-,-,-,-,5355.8000,5355.6000,5355.4000,5355.2000,5355.0000,5357.0000,5357.8000,5358.6000,5359.0000,5360.0000,2,4,1,1,1,2,1,1,4,3
SF,IC2003,2020-01-03 14:17:43.900,5356.8000,53618,0,10292192800.000,0,-,-,-,-,5356.0000,5355.8000,5355.6000,5355.4000,5355.0000,5357.0000,5357.8000,5359.0000,5360.0000,5361.6000,1,2,4,1,1,2,1,4,3,2
SF,IC2003,2020-01-03 14:17:44.400,5357.0000,53620,2,10294335600.000,2,2,0,双开,B,5357.0000,5356.8000,5356.2000,5356.0000,5355.8000,5359.0000,5360.0000,5361.6000,5362.6000,5363.4000,3,2,3,4,2,2,3,2,1,1
SF,IC2003,2020-01-03 14:17:44.900,5357.0000,53620,0,10294335600.000,0,-,-,-,-,5356.2000,5356.0000,5355.8000,5355.4000,5355.0000,5358.4000,5358.6000,5359.0000,5360.0000,5361.6000,3,4,2,1,1,1,2,2,3,2
SF,IC2003,2020-01-03 14:17:45.400,5357.0000,53620,0,10294335600.000,0,-,-,-,-,5356.6000,5356.4000,5356.0000,5355.4000,5355.0000,5358.0000,5358.4000,5359.0000,5360.0000,5361.6000,1,2,1,1,1,1,1,2,3,2
SF,IC2003,2020-01-03 14:17:45.900,5357.0000,53620,0,10294335600.000,0,-,-,-,-,5356.4000,5356.0000,5355.4000,5355.0000,5354.6000,5358.0000,5358.4000,5359.0000,5360.0000,5361.6000,2,1,1,1,2,4,1,2,3,2
SF,IC2003,2020-01-03 14:17:46.400,5357.0000,53620,0,10294335600.000,0,-,-,-,-,5356.6000,5356.4000,5355.4000,5355.0000,5354.6000,5358.0000,5358.4000,5359.0000,5360.0000,5361.6000,1,2,2,1,2,4,1,2,3,2
SF,IC2003,2020-01-03 14:17:47.400,5357.0000,53620,0,10294335600.000,0,-,-,-,-,5356.8000,5356.6000,5356.4000,5355.4000,5355.0000,5358.0000,5358.4000,5359.0000,5360.0000,5361.6000,1,1,2,2,1,4,1,2,3,2
SF,IC2003,2020-01-03 14:17:47.900,5357.0000,53620,0,10294335600.000,0,-,-,-,-,5356.8000,5356.6000,5356.4000,5355.4000,5355.0000,5358.0000,5358.4000,5360.0000,5361.6000,5362.6000,1,1,2,2,1,4,1,3,2,1
SF,IC2003,2020-01-03 14:17:48.400,5357.0000,53620,0,10294335600.000,0,-,-,-,-,5356.8000,5356.4000,5355.4000,5355.0000,5354.6000,5358.0000,5360.0000,5361.6000,5362.6000,5363.4000,4,1,2,1,2,3,3,2,1,1
SF,IC2003,2020-01-03 14:17:48.900,5357.0000,53620,0,10294335600.000,0,-,-,-,-,5356.4000,5355.4000,5355.0000,5354.6000,5353.6000,5358.0000,5360.0000,5361.6000,5362.6000,5363.4000,1,2,1,2,11,3,3,2,1,1
SF,IC2003,2020-01-03 14:17:49.400,5357.0000,53620,0,10294335600.000,0,-,-,-,-,5356.4000,5355.4000,5355.0000,5354.6000,5353.6000,5358.0000,5360.0000,5361.6000,5362.6000,5363.4000,2,2,1,2,11,3,3,2,1,1
SF,IC2003,2020-01-03 14:17:49.900,5357.0000,53620,0,10294335600.000,0,-,-,-,-,5356.8000,5356.6000,5356.4000,5355.4000,5355.0000,5358.0000,5360.0000,5361.6000,5362.6000,5363.4000,5,3,6,2,1,3,3,2,1,1
SF,IC2003,2020-01-03 14:17:50.400,5358.0000,53620,0,10295407200.000,1,0,1,空换,B,5357.6000,5357.0000,5356.8000,5356.6000,5356.4000,5358.0000,5359.8000,5360.0000,5361.6000,5362.6000,2,1,5,2,5,2,1,3,2,1
SF,IC2003,2020-01-03 14:17:50.900,5358.0000,53620,0,10295407200.000,0,-,-,-,-,5357.0000,5356.8000,5356.6000,5356.4000,5355.4000,5359.8000,5360.0000,5361.6000,5362.6000,5363.4000,1,5,2,5,2,1,3,2,1,1
SF,IC2003,2020-01-03 14:17:51.400,5358.0000,53620,0,10295407200.000,0,-,-,-,-,5358.0000,5357.2000,5357.0000,5356.8000,5356.6000,5359.2000,5359.4000,5359.8000,5360.0000,5361.6000,1,1,1,5,2,1,1,4,3,2
SF,IC2003,2020-01-03 14:17:51.900,5358.0000,53620,0,10295407200.000,0,-,-,-,-,5358.0000,5357.4000,5357.2000,5357.0000,5356.8000,5359.2000,5359.4000,5359.8000,5360.0000,5361.6000,1,1,1,1,4,2,1,4,3,2
SF,IC2003,2020-01-03 14:17:52.400,5358.0000,53620,0,10295407200.000,0,-,-,-,-,5358.0000,5357.4000,5357.2000,5357.0000,5356.8000,5359.0000,5359.2000,5359.4000,5359.8000,5360.0000,1,1,1,1,4,1,1,1,3,3
SF,IC2003,2020-01-03 14:17:52.900,5357.0000,53620,0,10299693120.000,4,2,2,空换,B,5357.4000,5356.8000,5356.6000,5356.4000,5355.4000,5359.0000,5359.2000,5359.4000,5359.8000,5360.0000,1,4,2,4,1,1,1,1,3,3
SF,IC2003,2020-01-03 14:17:53.400,5357.0000,53620,0,10299693120.000,0,-,-,-,-,5356.8000,5356.6000,5356.4000,5355.4000,5355.0000,5358.8000,5359.0000,5359.2000,5359.4000,5359.8000,4,2,4,1,1,1,1,1,1,3
SF,IC2003,2020-01-03 14:17:53.900,5357.0000,53620,0,10299693120.000,0,-,-,-,-,5357.0000,5356.8000,5356.6000,5356.4000,5355.4000,5358.8000,5359.0000,5359.2000,5359.4000,5359.8000,3,4,2,4,1,1,1,1,1,3
SF,IC2003,2020-01-03 14:17:54.400,5357.0000,53620,0,10299693120.000,0,-,-,-,-,5357.4000,5357.0000,5356.8000,5356.6000,5356.4000,5358.6000,5358.8000,5359.2000,5359.4000,5359.8000,2,1,4,2,4,1,1,1,1,3
SF,IC2003,2020-01-03 14:17:54.900,5357.0000,53620,0,10299693120.000,0,-,-,-,-,5357.0000,5356.8000,5356.6000,5356.4000,5355.4000,5358.6000,5358.8000,5359.2000,5359.4000,5359.8000,1,4,2,4,1,1,1,1,1,3
SF,IC2003,2020-01-03 14:17:55.400,5357.0000,53620,0,10299693120.000,0,-,-,-,-,5357.0000,5356.8000,5356.6000,5355.0000,5354.6000,5358.6000,5358.8000,5359.2000,5359.4000,5359.8000,1,2,2,1,2,1,1,1,1,3
SF,IC2003,2020-01-03 14:17:55.900,5357.0000,53620,0,10299693120.000,0,-,-,-,-,5356.8000,5356.6000,5355.0000,5354.6000,5353.6000,5358.6000,5358.8000,5359.2000,5359.4000,5359.8000,2,2,1,2,11,1,1,1,1,3
SF,IC2003,2020-01-03 14:17:56.400,5357.0000,53620,0,10299693120.000,0,-,-,-,-,5357.2000,5356.8000,5356.6000,5355.0000,5354.6000,5358.6000,5358.8000,5359.4000,5360.0000,5361.6000,2,2,4,1,2,1,1,1,3,2
SF,IC2003,2020-01-03 14:17:56.900,5357.0000,53620,0,10299693120.000,0,-,-,-,-,5356.8000,5356.6000,5355.0000,5354.6000,5353.6000,5358.6000,5358.8000,5360.0000,5361.6000,5362.6000,2,4,1,2,11,5,1,3,2,1
SF,IC2003,2020-01-03 14:17:57.400,5357.4000,53620,0,10302907560.000,3,1,2,空换,B,5357.2000,5355.0000,5354.6000,5353.6000,5353.4000,5357.4000,5358.0000,5358.2000,5358.4000,5358.6000,2,1,2,11,2,1,1,1,1,4
SF,IC2003,2020-01-03 14:17:57.900,5357.4000,53622,2,10306121960.000,3,2,1,多开,B,5357.4000,5357.2000,5355.2000,5355.0000,5354.6000,5358.2000,5358.4000,5358.6000,5358.8000,5360.0000,1,1,1,1,1,1,1,4,1,3
SF,IC2003,2020-01-03 14:17:58.400,5357.4000,53622,0,10306121960.000,0,-,-,-,-,5355.2000,5354.6000,5353.6000,5353.4000,5353.0000,5358.0000,5358.2000,5358.4000,5358.6000,5360.0000,1,1,11,2,2,1,1,1,3,3
SF,IC2003,2020-01-03 14:17:58.900,5357.4000,53622,0,10306121960.000,0,-,-,-,-,5356.4000,5356.2000,5356.0000,5355.8000,5355.6000,5358.0000,5358.2000,5358.6000,5360.0000,5361.6000,2,1,5,3,1,2,1,3,3,2
SF,IC2003,2020-01-03 14:17:59.400,5357.4000,53622,0,10306121960.000,0,-,-,-,-,5356.4000,5356.2000,5356.0000,5355.8000,5355.4000,5358.0000,5358.2000,5358.6000,5360.0000,5361.6000,3,2,1,1,2,1,1,4,3,2
SF,IC2003,2020-01-03 14:17:59.900,5357.4000,53622,0,10306121960.000,0,-,-,-,-,5356.4000,5356.2000,5356.0000,5355.8000,5355.4000,5358.0000,5358.2000,5358.6000,5360.0000,5361.6000,3,2,1,1,2,1,1,4,3,2
SF,IC2003,2020-01-03 14:18:00.900,5357.4000,53622,0,10306121960.000,0,-,-,-,-,5356.4000,5356.2000,5356.0000,5355.8000,5355.4000,5358.0000,5358.2000,5358.6000,5360.0000,5361.0000,2,2,1,1,2,1,1,4,3,1
SF,IC2003,2020-01-03 14:18:01.400,5357.4000,53622,0,10306121960.000,0,-,-,-,-,5356.4000,5356.2000,5356.0000,5355.8000,5355.4000,5358.0000,5358.2000,5358.6000,5360.0000,5361.0000,2,3,1,1,2,1,1,4,3,1
SF,IC2003,2020-01-03 14:18:01.900,5357.4000,53622,0,10306121960.000,0,-,-,-,-,5356.6000,5356.4000,5356.2000,5356.0000,5355.8000,5358.0000,5358.2000,5358.6000,5360.0000,5361.0000,3,7,1,1,1,1,1,1,3,1
SF,IC2003,2020-01-03 14:18:02.400,5357.4000,53622,0,10306121960.000,0,-,-,-,-,5356.8000,5356.6000,5356.4000,5356.2000,5356.0000,5358.0000,5358.2000,5358.6000,5360.0000,5361.0000,2,2,3,1,1,4,1,1,3,1
SF,IC2003,2020-01-03 14:18:02.900,5357.4000,53622,0,10306121960.000,0,-,-,-,-,5356.4000,5356.2000,5356.0000,5355.8000,5355.0000,5358.0000,5358.2000,5358.6000,5360.0000,5361.0000,3,1,1,1,3,4,1,1,3,1
SF,IC2003,2020-01-03 14:18:03.400,5357.4000,53622,0,10306121960.000,0,-,-,-,-,5356.6000,5356.4000,5356.2000,5356.0000,5355.8000,5358.0000,5358.2000,5358.6000,5359.6000,5360.0000,4,3,1,1,1,4,1,1,1,3
SF,IC2003,2020-01-03 14:18:03.900,5357.4000,53622,0,10306121960.000,0,-,-,-,-,5356.8000,5356.6000,5356.4000,5356.2000,5356.0000,5358.0000,5358.2000,5358.6000,5359.6000,5360.0000,2,2,3,1,1,4,1,1,1,3
SF,IC2003,2020-01-03 14:18:04.400,5357.4000,53622,0,10306121960.000,0,-,-,-,-,5356.8000,5356.6000,5356.4000,5356.2000,5356.0000,5358.0000,5358.2000,5358.6000,5359.6000,5360.0000,3,2,3,1,1,4,1,1,1,3
SF,IC2003,2020-01-03 14:18:05.400,5357.4000,53622,0,10306121960.000,0,-,-,-,-,5356.8000,5356.6000,5356.4000,5356.2000,5356.0000,5358.0000,5358.2000,5358.6000,5359.6000,5360.0000,3,2,3,1,1,4,1,1,1,3
SF,IC2003,2020-01-03 14:18:06.400,5357.4000,53622,0,10306121960.000,0,-,-,-,-,5357.4000,5356.8000,5356.6000,5356.4000,5356.2000,5358.0000,5358.2000,5358.6000,5359.6000,5360.0000,1,3,2,3,1,4,1,1,2,3
SF,IC2003,2020-01-03 14:18:14.400,5357.4000,53622,0,10306121960.000,0,-,-,-,-,5357.4000,5356.8000,5356.6000,5356.4000,5356.2000,5358.0000,5358.2000,5358.6000,5359.6000,5360.0000,2,3,2,3,1,4,1,1,2,3
SF,IC2003,2020-01-03 14:18:14.900,5357.4000,53622,0,10306121960.000,0,-,-,-,-,5357.4000,5356.8000,5356.6000,5356.4000,5356.2000,5358.0000,5358.2000,5358.6000,5359.6000,5360.0000,2,3,1,3,1,1,1,1,2,3
SF,IC2003,2020-01-03 14:18:15.400,5357.4000,53622,0,10306121960.000,0,-,-,-,-,5357.4000,5356.8000,5356.6000,5356.4000,5356.2000,5358.0000,5358.2000,5358.6000,5359.6000,5360.0000,2,3,1,3,1,4,1,1,2,3
SF,IC2003,2020-01-03 14:18:15.900,5357.4000,53624,2,10308264920.000,2,2,0,双开,B,5356.8000,5356.6000,5356.4000,5356.2000,5356.0000,5357.4000,5358.0000,5358.2000,5358.6000,5359.6000,3,1,3,1,1,3,4,1,1,2
SF,IC2003,2020-01-03 14:18:16.400,5357.4000,53624,0,10311479360.000,3,1,2,空换,B,5357.4000,5356.8000,5356.6000,5356.4000,5356.2000,5358.0000,5358.2000,5358.6000,5359.6000,5360.0000,3,4,1,1,1,4,1,1,2,3
SF,IC2003,2020-01-03 14:18:16.900,5358.0000,53624,0,10312550960.000,1,0,1,空换,B,5356.8000,5356.4000,5356.2000,5356.0000,5355.8000,5358.0000,5358.2000,5358.6000,5359.6000,5360.0000,2,1,1,1,1,3,1,1,2,3
SF,IC2003,2020-01-03 14:18:17.400,5358.0000,53625,1,10313622560.000,1,1,0,双开,B,5357.4000,5357.0000,5356.8000,5356.2000,5356.0000,5358.0000,5358.2000,5358.6000,5359.6000,5360.0000,11,1,5,1,1,2,1,1,2,3
SF,IC2003,2020-01-03 14:18:17.900,5358.0000,53627,2,10315765760.000,2,2,0,双开,B,5357.4000,5356.8000,5356.2000,5356.0000,5355.8000,5358.6000,5359.6000,5360.0000,5361.0000,5361.6000,11,4,1,1,1,1,2,3,1,2
SF,IC2003,2020-01-03 14:18:18.400,5358.0000,53627,0,10315765760.000,0,-,-,-,-,5357.4000,5356.8000,5356.2000,5356.0000,5355.8000,5358.6000,5359.6000,5360.0000,5361.0000,5361.6000,13,4,1,1,1,1,1,3,1,2
SF,IC2003,2020-01-03 14:18:18.900,5358.0000,53627,0,10315765760.000,0,-,-,-,-,5357.6000,5357.4000,5356.8000,5356.2000,5356.0000,5358.0000,5358.6000,5359.6000,5360.0000,5361.0000,1,13,4,1,1,1,1,1,3,1
SF,IC2003,2020-01-03 14:18:19.400,5358.0000,53627,0,10316837360.000,1,0,1,空换,B,5358.2000,5358.0000,5357.6000,5357.4000,5356.8000,5358.6000,5359.6000,5360.0000,5361.0000,5361.6000,4,4,1,13,4,1,1,3,1,2
SF,IC2003,2020-01-03 14:18:19.900,5358.0000,53627,0,10316837360.000,0,-,-,-,-,5357.6000,5357.4000,5356.8000,5356.2000,5356.0000,5358.6000,5359.6000,5360.0000,5361.0000,5361.6000,1,13,4,1,1,1,1,3,1,2
SF,IC2003,2020-01-03 14:18:20.400,5358.0000,53627,0,10316837360.000,0,-,-,-,-,5357.6000,5357.4000,5356.8000,5356.2000,5356.0000,5358.6000,5359.6000,5360.0000,5361.0000,5361.6000,1,13,4,1,1,1,1,3,1,2
SF,IC2003,2020-01-03 14:18:20.900,5357.4000,53628,1,10324337760.000,7,4,3,多开,B,5357.4000,5356.8000,5356.2000,5356.0000,5355.8000,5358.6000,5359.6000,5360.0000,5361.0000,5361.6000,7,4,1,1,1,4,1,4,1,2
SF,IC2003,2020-01-03 14:18:21.900,5357.4000,53628,0,10324337760.000,0,-,-,-,-,5357.6000,5357.4000,5356.8000,5356.2000,5356.0000,5358.6000,5359.6000,5360.0000,5361.0000,5361.6000,2,7,2,1,1,3,1,4,1,2
SF,IC2003,2020-01-03 14:18:23.400,5357.4000,53628,0,10324337760.000,0,-,-,-,-,5358.0000,5357.6000,5357.4000,5356.8000,5356.2000,5358.6000,5359.6000,5360.0000,5361.0000,5361.6000,1,2,7,2,1,3,1,4,1,2
SF,IC2003,2020-01-03 14:18:24.900,5357.4000,53628,0,10324337760.000,0,-,-,-,-,5358.0000,5357.6000,5357.4000,5356.8000,5356.2000,5358.6000,5359.6000,5360.0000,5361.0000,5361.6000,1,2,7,2,1,3,1,4,1,2
SF,IC2003,2020-01-03 14:18:25.900,5357.6000,53629,1,10325409280.000,1,1,0,双开,B,5357.6000,5357.4000,5356.8000,5356.2000,5356.0000,5358.6000,5359.6000,5360.0000,5361.0000,5361.6000,2,7,2,1,1,3,1,4,1,2
SF,IC2003,2020-01-03 14:18:26.400,5357.6000,53629,0,10325409280.000,0,-,-,-,-,5357.6000,5357.4000,5356.8000,5356.2000,5356.0000,5359.6000,5360.0000,5361.0000,5361.6000,5363.4000,2,8,2,1,1,1,4,1,2,1
SF,IC2003,2020-01-03 14:18:26.900,5357.6000,53629,0,10325409280.000,0,-,-,-,-,5357.8000,5357.6000,5357.4000,5356.8000,5356.2000,5359.2000,5359.4000,5359.6000,5360.0000,5361.0000,1,2,8,2,1,1,3,4,4,1
SF,IC2003,2020-01-03 14:18:27.400,5357.6000,53629,0,10325409280.000,0,-,-,-,-,5357.8000,5357.6000,5357.4000,5356.8000,5356.2000,5359.0000,5359.2000,5359.4000,5359.6000,5360.0000,1,2,8,2,1,1,1,2,4,4
SF,IC2003,2020-01-03 14:18:27.900,5357.6000,53629,0,10325409280.000,0,-,-,-,-,5357.8000,5357.6000,5357.4000,5356.8000,5356.2000,5358.8000,5359.0000,5359.2000,5359.4000,5359.6000,1,2,8,2,1,1,2,1,2,3
SF,IC2003,2020-01-03 14:18:28.400,5357.6000,53629,0,10325409280.000,0,-,-,-,-,5357.8000,5357.6000,5357.4000,5356.8000,5356.2000,5358.6000,5358.8000,5359.2000,5359.4000,5359.6000,1,2,8,2,1,1,2,1,2,3
SF,IC2003,2020-01-03 14:18:28.900,5357.6000,53629,0,10325409280.000,0,-,-,-,-,5357.8000,5357.6000,5357.4000,5356.8000,5356.2000,5358.6000,5358.8000,5359.2000,5359.4000,5359.6000,1,2,8,2,1,1,2,1,2,3
SF,IC2003,2020-01-03 14:18:29.400,5357.6000,53629,0,10325409280.000,0,-,-,-,-,5357.8000,5357.6000,5357.4000,5356.8000,5356.2000,5358.6000,5358.8000,5359.0000,5359.2000,5359.4000,1,2,8,2,1,1,2,1,1,2
SF,IC2003,2020-01-03 14:18:30.400,5357.6000,53629,0,10325409280.000,0,-,-,-,-,5357.8000,5357.6000,5357.4000,5356.8000,5356.2000,5358.4000,5358.6000,5358.8000,5359.0000,5359.2000,1,2,8,2,1,1,1,1,1,1
SF,IC2003,2020-01-03 14:18:30.900,5357.6000,53629,0,10325409280.000,0,-,-,-,-,5357.6000,5357.4000,5356.8000,5356.2000,5356.0000,5358.2000,5358.4000,5358.8000,5359.0000,5359.2000,2,8,2,1,1,1,1,2,1,1
SF,IC2003,2020-01-03 14:18:31.900,5358.2000,53630,1,10326480920.000,1,1,0,双开,B,5357.8000,5357.6000,5357.4000,5356.8000,5356.2000,5358.4000,5358.8000,5359.0000,5359.2000,5359.4000,1,2,8,2,1,1,2,1,1,2
SF,IC2003,2020-01-03 14:18:32.400,5358.2000,53630,0,10326480920.000,0,-,-,-,-,5357.8000,5357.6000,5357.4000,5356.8000,5356.2000,5358.4000,5358.8000,5359.0000,5359.2000,5359.4000,1,2,8,2,1,1,1,1,1,2
SF,IC2003,2020-01-03 14:18:32.900,5357.8000,53631,1,10327552480.000,1,1,0,双开,B,5357.6000,5357.4000,5356.8000,5356.2000,5356.0000,5357.8000,5358.4000,5358.8000,5359.0000,5359.2000,2,3,2,1,1,2,1,1,1,1
SF,IC2003,2020-01-03 14:18:33.400,5357.8000,53632,1,10329695600.000,2,1,1,多开,B,5358.0000,5357.8000,5357.6000,5357.4000,5356.8000,5358.4000,5358.8000,5359.0000,5359.2000,5359.4000,2,3,2,3,2,1,1,1,1,2
SF,IC2003,2020-01-03 14:18:33.900,5357.8000,53632,0,10329695600.000,0,-,-,-,-,5357.8000,5357.6000,5357.4000,5356.8000,5356.2000,5358.4000,5358.8000,5359.0000,5359.2000,5359.4000,1,2,3,2,1,1,1,1,1,2
SF,IC2003,2020-01-03 14:18:34.900,5358.4000,53631,-1,10330767280.000,1,0,1,双平,B,5357.6000,5357.4000,5356.8000,5356.2000,5356.0000,5358.8000,5359.0000,5359.2000,5359.4000,5360.0000,2,3,2,1,1,1,1,1,2,5
SF,IC2003,2020-01-03 14:18:35.400,5358.4000,53631,0,10330767280.000,0,-,-,-,-,5358.4000,5357.6000,5357.4000,5356.8000,5356.2000,5358.8000,5359.0000,5359.2000,5359.4000,5360.0000,5,2,3,2,1,1,1,1,2,5
SF,IC2003,2020-01-03 14:18:36.400,5358.4000,53631,0,10336125680.000,5,2,3,空换,B,5357.6000,5357.4000,5356.8000,5356.2000,5356.0000,5358.6000,5358.8000,5359.0000,5359.2000,5359.4000,2,3,2,1,1,1,1,1,1,2
SF,IC2003,2020-01-03 14:18:36.900,5358.4000,53631,0,10336125680.000,0,-,-,-,-,5357.6000,5357.4000,5356.8000,5356.2000,5356.0000,5358.6000,5358.8000,5359.0000,5359.2000,5359.4000,2,3,2,1,1,2,1,1,1,2
SF,IC2003,2020-01-03 14:18:37.400,5357.4000,53631,0,10337197160.000,1,0,1,空换,B,5357.4000,5356.2000,5356.0000,5355.8000,5355.0000,5357.6000,5358.4000,5358.6000,5358.8000,5359.0000,1,1,1,1,5,2,2,2,1,1
SF,IC2003,2020-01-03 14:18:37.900,5357.4000,53632,1,10338268640.000,1,1,0,双开,B,5355.8000,5355.0000,5354.6000,5353.6000,5353.4000,5357.2000,5357.4000,5357.6000,5358.6000,5358.8000,1,5,1,10,2,1,5,1,2,1
SF,IC2003,2020-01-03 14:18:38.400,5355.8000,53634,2,10341482200.000,3,2,1,多开,B,5355.8000,5355.0000,5354.6000,5353.6000,5353.4000,5357.0000,5357.2000,5357.4000,5357.6000,5358.6000,2,5,1,10,2,1,1,2,1,1
SF,IC2003,2020-01-03 14:18:38.900,5355.8000,53634,0,10341482200.000,0,-,-,-,-,5355.0000,5354.6000,5353.6000,5353.4000,5353.0000,5356.8000,5357.0000,5357.4000,5357.6000,5358.0000,5,1,10,2,1,1,3,2,1,1
SF,IC2003,2020-01-03 14:18:39.400,5355.8000,53634,0,10341482200.000,0,-,-,-,-,5355.2000,5355.0000,5354.6000,5353.6000,5353.4000,5356.4000,5356.6000,5356.8000,5357.0000,5357.4000,1,9,1,10,2,1,2,2,1,2
SF,IC2003,2020-01-03 14:18:39.900,5355.8000,53634,0,10341482200.000,0,-,-,-,-,5356.4000,5355.2000,5355.0000,5354.6000,5353.6000,5356.6000,5356.8000,5357.0000,5357.4000,5357.6000,1,1,6,1,10,2,2,1,2,1
SF,IC2003,2020-01-03 14:18:40.400,5356.4000,53634,0,10342553480.000,1,0,1,空换,B,5355.2000,5355.0000,5354.6000,5353.6000,5353.4000,5356.4000,5356.6000,5356.8000,5357.4000,5357.6000,1,6,1,10,2,2,2,2,1,1
SF,IC2003,2020-01-03 14:18:40.900,5356.4000,53634,0,10342553480.000,0,-,-,-,-,5355.2000,5355.0000,5354.6000,5353.6000,5353.4000,5356.6000,5356.8000,5357.4000,5357.6000,5358.0000,1,6,1,10,2,2,2,1,1,1
SF,IC2003,2020-01-03 14:18:41.400,5356.4000,53634,0,10342553480.000,0,-,-,-,-,5355.2000,5355.0000,5354.6000,5353.6000,5353.4000,5356.6000,5357.4000,5357.6000,5358.6000,5358.8000,6,5,1,10,2,2,1,1,1,1
SF,IC2003,2020-01-03 14:18:41.900,5356.4000,53634,0,10342553480.000,0,-,-,-,-,5356.0000,5355.6000,5355.4000,5355.2000,5355.0000,5356.6000,5357.4000,5357.6000,5358.6000,5358.8000,1,4,1,4,5,2,1,1,1,1
SF,IC2003,2020-01-03 14:18:42.400,5356.6000,53634,0,10343624800.000,1,0,1,空换,B,5355.6000,5355.4000,5355.2000,5355.0000,5354.6000,5356.6000,5357.4000,5357.6000,5358.6000,5358.8000,3,1,4,5,1,1,1,1,1,1
SF,IC2003,2020-01-03 14:18:42.900,5356.6000,53634,0,10343624800.000,0,-,-,-,-,5355.6000,5355.4000,5355.2000,5355.0000,5354.6000,5356.6000,5357.4000,5358.6000,5358.8000,5359.0000,4,1,4,5,1,1,1,1,1,1
SF,IC2003,2020-01-03 14:18:43.400,5356.6000,53634,0,10344696120.000,1,0,1,空换,B,5355.8000,5355.6000,5355.4000,5355.2000,5355.0000,5357.4000,5358.6000,5358.8000,5359.0000,5360.0000,1,7,1,2,5,1,1,1,1,5
SF,IC2003,2020-01-03 14:18:43.900,5355.8000,53637,3,10347909600.000,3,3,0,双开,B,5356.0000,5355.8000,5355.6000,5355.2000,5355.0000,5357.4000,5358.6000,5358.8000,5359.0000,5360.0000,1,1,7,2,5,1,1,1,1,5
SF,IC2003,2020-01-03 14:18:44.400,5357.4000,53638,1,10348981080.000,1,1,0,双开,B,5356.0000,5355.8000,5355.6000,5355.2000,5355.0000,5358.6000,5358.8000,5359.0000,5360.0000,5361.0000,1,1,7,2,5,1,1,1,5,1
SF,IC2003,2020-01-03 14:18:44.900,5357.4000,53638,0,10348981080.000,0,-,-,-,-,5356.0000,5355.8000,5355.6000,5355.2000,5355.0000,5358.0000,5358.2000,5358.6000,5358.8000,5359.0000,1,1,7,2,5,1,3,1,1,1
SF,IC2003,2020-01-03 14:18:45.400,5357.4000,53638,0,10348981080.000,0,-,-,-,-,5356.2000,5356.0000,5355.8000,5355.6000,5355.2000,5358.0000,5358.2000,5358.6000,5358.8000,5359.0000,1,1,1,1,2,1,2,1,1,1
SF,IC2003,2020-01-03 14:18:45.900,5357.4000,53638,0,10348981080.000,0,-,-,-,-,5356.6000,5356.2000,5356.0000,5355.8000,5355.6000,5358.0000,5358.2000,5358.6000,5358.8000,5359.0000,1,2,1,1,1,1,2,1,1,1
SF,IC2003,2020-01-03 14:18:46.400,5357.4000,53638,0,10348981080.000,0,-,-,-,-,5356.8000,5356.2000,5356.0000,5355.8000,5355.2000,5358.0000,5358.2000,5358.6000,5358.8000,5359.0000,1,2,1,1,2,1,2,1,1,1
SF,IC2003,2020-01-03 14:18:47.400,5356.8000,53638,0,10350052440.000,1,0,1,空换,B,5356.0000,5355.8000,5355.2000,5355.0000,5354.6000,5357.6000,5358.0000,5358.6000,5358.8000,5359.0000,1,1,2,5,1,2,2,1,1,1
SF,IC2003,2020-01-03 14:18:47.900,5356.8000,53638,0,10350052440.000,0,-,-,-,-,5356.0000,5355.8000,5355.0000,5354.6000,5353.6000,5357.0000,5357.4000,5357.6000,5358.8000,5359.0000,1,1,5,1,10,1,1,1,1,1
SF,IC2003,2020-01-03 14:18:48.400,5356.8000,53638,0,10350052440.000,0,-,-,-,-,5356.0000,5355.8000,5355.0000,5354.6000,5353.6000,5356.2000,5357.0000,5357.6000,5358.8000,5359.0000,1,1,5,1,10,1,2,1,1,1
SF,IC2003,2020-01-03 14:18:48.900,5356.8000,53638,0,10350052440.000,0,-,-,-,-,5355.8000,5355.0000,5354.6000,5353.6000,5353.4000,5356.2000,5357.0000,5357.6000,5358.8000,5359.0000,1,5,1,10,2,1,1,1,1,1
SF,IC2003,2020-01-03 14:18:49.400,5355.8000,53639,1,10351123600.000,1,1,0,双开,B,5355.0000,5354.6000,5353.6000,5353.4000,5353.0000,5355.8000,5356.2000,5357.0000,5358.8000,5359.0000,5,1,10,2,1,2,1,1,1,1
SF,IC2003,2020-01-03 14:18:49.900,5355.8000,53639,0,10351123600.000,0,-,-,-,-,5355.0000,5354.6000,5353.6000,5353.4000,5353.0000,5355.8000,5356.2000,5357.0000,5358.8000,5359.0000,8,1,10,2,1,2,1,1,1,1
SF,IC2003,2020-01-03 14:18:50.400,5355.8000,53639,0,10351123600.000,0,-,-,-,-,5355.2000,5355.0000,5354.6000,5353.6000,5353.4000,5355.8000,5356.2000,5357.0000,5358.8000,5359.0000,1,8,1,10,2,2,1,1,1,1
SF,IC2003,2020-01-03 14:18:50.900,5355.2000,53640,1,10352194640.000,1,1,0,双开,B,5355.0000,5354.6000,5353.6000,5353.4000,5353.0000,5355.8000,5356.2000,5357.0000,5358.8000,5359.0000,7,1,10,2,1,2,1,1,1,1
SF,IC2003,2020-01-03 14:18:51.400,5355.2000,53640,0,10352194640.000,0,-,-,-,-,5355.0000,5354.6000,5353.6000,5353.4000,5353.0000,5355.8000,5356.2000,5358.8000,5359.0000,5360.0000,8,1,10,2,1,2,1,1,1,8
SF,IC2003,2020-01-03 14:18:51.900,5355.8000,53642,2,10354336960.000,2,2,0,双开,B,5355.8000,5355.0000,5354.6000,5353.6000,5353.4000,5356.2000,5358.8000,5359.0000,5360.0000,5361.0000,5,8,1,10,2,1,1,1,8,1
SF,IC2003,2020-01-03 14:18:52.400,5355.8000,53642,0,10354336960.000,0,-,-,-,-,5355.8000,5355.0000,5354.6000,5354.0000,5353.6000,5356.2000,5358.8000,5359.0000,5360.0000,5361.0000,5,7,1,1,10,1,1,1,8,1
SF,IC2003,2020-01-03 14:18:53.900,5356.2000,53642,0,10355408200.000,1,0,1,空换,B,5355.8000,5355.0000,5354.6000,5354.0000,5353.6000,5358.8000,5359.0000,5360.0000,5361.0000,5361.6000,5,7,1,1,10,1,1,8,1,2
SF,IC2003,2020-01-03 14:18:54.400,5355.8000,53642,0,10356479360.000,1,0,1,空换,B,5355.8000,5355.0000,5354.6000,5354.0000,5353.6000,5357.4000,5357.6000,5358.2000,5358.6000,5358.8000,4,7,1,1,10,1,2,3,3,1
SF,IC2003,2020-01-03 14:18:54.900,5355.8000,53645,3,10359692840.000,3,3,0,双开,B,5355.8000,5355.0000,5354.6000,5354.0000,5353.6000,5357.2000,5357.4000,5357.6000,5358.2000,5358.6000,1,7,1,1,10,1,1,2,2,3
SF,IC2003,2020-01-03 14:18:55.400,5355.8000,53645,0,10359692840.000,0,-,-,-,-,5355.8000,5355.0000,5354.6000,5354.0000,5353.6000,5357.2000,5357.4000,5357.6000,5358.2000,5358.6000,1,7,1,1,10,1,1,2,2,3
SF,IC2003,2020-01-03 14:18:56.400,5355.8000,53645,0,10359692840.000,0,-,-,-,-,5355.8000,5355.2000,5355.0000,5354.6000,5354.0000,5357.2000,5357.4000,5357.6000,5358.2000,5358.6000,1,1,7,1,1,1,1,2,2,3
SF,IC2003,2020-01-03 14:18:56.900,5355.8000,53645,0,10359692840.000,0,-,-,-,-,5355.8000,5355.2000,5355.0000,5354.6000,5354.0000,5357.2000,5357.4000,5357.6000,5358.2000,5358.6000,1,1,5,1,1,1,1,2,2,3
SF,IC2003,2020-01-03 14:18:57.400,5355.8000,53645,0,10359692840.000,0,-,-,-,-,5355.8000,5355.6000,5355.2000,5355.0000,5354.6000,5357.2000,5357.4000,5357.6000,5358.2000,5358.6000,1,1,1,5,1,2,1,2,2,3
SF,IC2003,2020-01-03 14:18:57.900,5355.8000,53645,0,10359692840.000,0,-,-,-,-,5355.8000,5355.2000,5355.0000,5354.6000,5354.0000,5357.2000,5357.4000,5357.6000,5358.2000,5358.6000,1,1,5,1,1,2,1,2,2,3
SF,IC2003,2020-01-03 14:18:58.400,5357.2000,53645,0,10361835720.000,2,1,1,空换,B,5355.8000,5355.2000,5355.0000,5354.6000,5354.0000,5357.4000,5357.6000,5358.2000,5358.6000,5358.8000,1,1,5,1,1,1,2,2,3,1
SF,IC2003,2020-01-03 14:18:59.400,5357.2000,53645,0,10361835720.000,0,-,-,-,-,5356.2000,5355.8000,5355.2000,5355.0000,5354.6000,5357.0000,5357.4000,5357.6000,5358.2000,5358.6000,1,1,1,5,1,1,1,2,2,3
SF,IC2003,2020-01-03 14:19:00.400,5356.2000,53644,-1,10362906960.000,1,0,1,双平,B,5355.8000,5355.2000,5355.0000,5354.6000,5354.0000,5357.0000,5357.4000,5357.6000,5358.2000,5358.6000,1,1,5,1,1,1,1,1,2,3
SF,IC2003,2020-01-03 14:19:00.900,5355.8000,53645,1,10363978120.000,1,1,0,双开,B,5355.2000,5355.0000,5354.6000,5354.0000,5353.6000,5355.8000,5357.0000,5357.4000,5357.6000,5358.2000,1,5,1,1,10,2,1,1,1,2
SF,IC2003,2020-01-03 14:19:01.400,5355.8000,53647,2,10366120440.000,2,2,0,双开,B,5355.8000,5355.2000,5355.0000,5354.6000,5354.0000,5357.0000,5358.2000,5358.6000,5358.8000,5359.0000,1,4,5,1,1,1,2,3,1,1
SF,IC2003,2020-01-03 14:19:01.900,5355.8000,53647,0,10366120440.000,0,-,-,-,-,5355.8000,5355.2000,5355.0000,5354.6000,5354.0000,5357.0000,5358.2000,5358.6000,5358.8000,5359.0000,1,3,5,1,1,1,2,3,1,1
SF,IC2003,2020-01-03 14:19:02.400,5355.8000,53647,0,10366120440.000,0,-,-,-,-,5355.2000,5355.0000,5354.6000,5354.0000,5353.6000,5356.8000,5357.0000,5358.2000,5358.6000,5358.8000,1,5,1,1,10,1,1,2,3,1
SF,IC2003,2020-01-03 14:19:02.900,5355.8000,53647,0,10366120440.000,0,-,-,-,-,5355.2000,5355.0000,5354.6000,5354.0000,5353.6000,5356.8000,5357.0000,5358.2000,5358.6000,5358.8000,1,7,1,1,10,2,1,2,3,1
SF,IC2003,2020-01-03 14:19:03.400,5355.8000,53647,0,10366120440.000,0,-,-,-,-,5355.2000,5355.0000,5354.6000,5354.0000,5353.6000,5356.8000,5358.2000,5358.6000,5358.8000,5359.0000,1,7,1,1,10,2,2,3,1,1
SF,IC2003,2020-01-03 14:19:03.900,5355.8000,53647,0,10366120440.000,0,-,-,-,-,5355.4000,5355.2000,5355.0000,5354.6000,5354.0000,5355.8000,5356.6000,5356.8000,5358.2000,5358.6000,1,1,7,1,1,1,2,1,2,3
SF,IC2003,2020-01-03 14:19:04.400,5355.8000,53647,0,10366120440.000,0,-,-,-,-,5355.2000,5355.0000,5354.6000,5354.0000,5353.6000,5355.8000,5356.6000,5356.8000,5358.2000,5358.6000,1,7,1,1,10,1,2,1,2,2
SF,IC2003,2020-01-03 14:19:04.900,5355.8000,53647,0,10366120440.000,0,-,-,-,-,5355.2000,5355.0000,5354.6000,5354.0000,5353.6000,5355.8000,5356.6000,5358.2000,5358.6000,5358.8000,1,5,1,1,10,1,2,2,2,1
SF,IC2003,2020-01-03 14:19:05.400,5355.8000,53647,0,10366120440.000,0,-,-,-,-,5355.2000,5355.0000,5354.6000,5354.0000,5353.6000,5355.6000,5355.8000,5356.6000,5358.2000,5358.6000,1,5,1,1,10,1,1,2,2,2
SF,IC2003,2020-01-03 14:19:05.900,5355.8000,53647,0,10366120440.000,0,-,-,-,-,5355.2000,5355.0000,5354.6000,5354.0000,5353.6000,5355.6000,5355.8000,5356.6000,5358.2000,5358.6000,1,5,1,1,10,1,1,2,2,2
SF,IC2003,2020-01-03 14:19:06.400,5355.2000,53647,0,10367191480.000,1,0,1,空换,B,5355.0000,5354.6000,5354.0000,5353.6000,5353.4000,5355.2000,5355.6000,5355.8000,5356.6000,5358.2000,5,1,1,10,2,2,1,1,2,2
SF,IC2003,2020-01-03 14:19:06.900,5355.0000,53649,2,10369333480.000,2,2,0,双开,B,5355.0000,5354.6000,5354.0000,5353.6000,5353.4000,5355.2000,5355.6000,5355.8000,5356.6000,5358.2000,3,1,1,10,2,2,1,1,2,2
SF,IC2003,2020-01-03 14:19:07.400,5355.0000,53653,4,10373617480.000,4,4,0,双开,B,5354.6000,5354.0000,5353.6000,5353.4000,5353.0000,5355.0000,5355.2000,5355.6000,5355.8000,5356.6000,1,1,10,2,2,1,2,1,1,1
SF,IC2003,2020-01-03 14:19:08.400,5355.0000,53653,0,10373617480.000,0,-,-,-,-,5354.6000,5354.0000,5353.6000,5353.4000,5353.0000,5355.2000,5355.8000,5358.2000,5358.6000,5358.8000,1,1,10,2,2,2,1,2,2,1
SF,IC2003,2020-01-03 14:19:08.900,5355.2000,53654,1,10374688520.000,1,1,0,双开,B,5354.6000,5354.0000,5353.6000,5353.4000,5353.0000,5355.2000,5355.8000,5358.2000,5358.6000,5358.8000,3,1,10,2,2,1,1,2,2,1
SF,IC2003,2020-01-03 14:19:09.900,5355.2000,53655,1,10375759560.000,1,1,0,双开,B,5355.2000,5354.6000,5354.0000,5353.6000,5353.4000,5355.8000,5358.2000,5358.6000,5358.8000,5359.0000,3,3,1,10,2,1,2,2,1,1
SF,IC2003,2020-01-03 14:19:10.900,5355.2000,53655,0,10375759560.000,0,-,-,-,-,5355.2000,5354.6000,5354.0000,5353.6000,5353.4000,5355.8000,5358.2000,5358.6000,5358.8000,5359.0000,3,3,1,10,2,1,2,2,1,1
SF,IC2003,2020-01-03 14:19:11.900,5355.2000,53655,0,10375759560.000,0,-,-,-,-,5355.2000,5354.6000,5354.0000,5353.6000,5353.4000,5355.8000,5358.0000,5358.2000,5358.6000,5358.8000,3,1,1,10,2,1,1,2,2,1
SF,IC2003,2020-01-03 14:19:12.400,5355.2000,53657,2,10380043720.000,4,3,1,多开,B,5354.6000,5354.0000,5353.6000,5353.4000,5353.0000,5358.0000,5358.2000,5358.6000,5358.8000,5359.0000,1,1,10,2,2,1,2,2,1,1
SF,IC2003,2020-01-03 14:19:12.900,5355.2000,53657,0,10380043720.000,0,-,-,-,-,5354.8000,5354.6000,5354.0000,5353.6000,5353.4000,5355.2000,5356.8000,5357.0000,5357.2000,5357.4000,1,1,1,10,2,1,1,1,1,1
SF,IC2003,2020-01-03 14:19:13.400,5355.2000,53657,0,10380043720.000,0,-,-,-,-,5354.6000,5354.0000,5353.6000,5353.4000,5353.0000,5355.2000,5356.8000,5357.8000,5358.0000,5358.2000,1,1,10,2,2,1,1,1,1,2
SF,IC2003,2020-01-03 14:19:13.900,5355.2000,53657,0,10381114760.000,1,0,1,空换,B,5354.8000,5354.6000,5354.0000,5353.6000,5353.4000,5356.8000,5357.8000,5358.0000,5358.2000,5358.8000,1,7,1,10,2,1,1,1,2,1
SF,IC2003,2020-01-03 14:19:14.400,5355.2000,53657,0,10381114760.000,0,-,-,-,-,5355.0000,5354.6000,5354.0000,5353.6000,5353.4000,5356.6000,5356.8000,5357.8000,5358.0000,5358.2000,2,1,1,10,2,1,1,1,1,2
SF,IC2003,2020-01-03 14:19:14.900,5355.2000,53657,0,10381114760.000,0,-,-,-,-,5355.0000,5354.8000,5354.6000,5354.0000,5353.6000,5356.8000,5357.8000,5358.0000,5358.2000,5358.8000,2,1,1,1,10,1,1,1,2,1
SF,IC2003,2020-01-03 14:19:15.400,5355.2000,53657,0,10381114760.000,0,-,-,-,-,5355.0000,5354.8000,5354.6000,5354.0000,5353.6000,5356.4000,5356.8000,5357.8000,5358.0000,5358.2000,2,1,1,1,10,1,1,1,1,2
SF,IC2003,2020-01-03 14:19:15.900,5355.2000,53657,0,10381114760.000,0,-,-,-,-,5355.0000,5354.8000,5354.6000,5354.0000,5353.6000,5356.8000,5357.8000,5358.0000,5358.2000,5358.8000,2,1,1,1,10,1,1,1,2,1
SF,IC2003,2020-01-03 14:19:16.400,5355.2000,53656,-1,10382185800.000,1,0,1,双平,B,5355.0000,5354.8000,5354.6000,5354.0000,5353.6000,5356.6000,5356.8000,5357.8000,5358.0000,5358.2000,2,1,1,1,10,1,1,1,1,2
SF,IC2003,2020-01-03 14:19:17.900,5355.2000,53656,0,10382185800.000,0,-,-,-,-,5355.2000,5355.0000,5354.8000,5354.6000,5354.0000,5356.6000,5356.8000,5357.8000,5358.0000,5358.2000,1,2,1,1,1,1,1,1,1,2
SF,IC2003,2020-01-03 14:19:18.400,5355.2000,53656,0,10382185800.000,0,-,-,-,-,5355.2000,5355.0000,5354.8000,5354.6000,5354.0000,5356.6000,5356.8000,5357.8000,5358.0000,5358.2000,2,2,1,1,1,1,1,1,1,2
SF,IC2003,2020-01-03 14:19:18.900,5355.2000,53658,2,10385398920.000,3,2,1,多开,B,5355.2000,5355.0000,5354.6000,5354.0000,5353.6000,5356.6000,5356.8000,5357.8000,5358.0000,5358.2000,3,1,1,1,10,1,1,1,1,2
SF,IC2003,2020-01-03 14:19:19.400,5355.2000,53658,0,10385398920.000,0,-,-,-,-,5355.8000,5355.6000,5355.4000,5355.2000,5355.0000,5356.6000,5356.8000,5358.0000,5358.2000,5358.8000,1,2,1,2,1,1,1,1,2,1
SF,IC2003,2020-01-03 14:19:19.900,5356.6000,53659,1,10386470240.000,1,1,0,双开,B,5356.6000,5355.8000,5355.6000,5355.4000,5354.6000,5358.0000,5358.2000,5358.8000,5359.0000,5360.0000,6,2,1,1,1,1,2,1,1,9
SF,IC2003,2020-01-03 14:19:20.400,5356.6000,53659,0,10386470240.000,0,-,-,-,-,5356.8000,5355.4000,5354.6000,5354.0000,5353.6000,5357.8000,5358.8000,5359.0000,5360.0000,5360.8000,1,1,1,1,10,1,1,1,9,1
SF,IC2003,2020-01-03 14:19:20.900,5357.8000,53659,0,10387541800.000,1,0,1,空换,B,5358.0000,5357.8000,5357.6000,5357.4000,5357.2000,5358.8000,5359.0000,5360.0000,5360.8000,5361.0000,2,1,5,1,3,1,1,9,1,1
SF,IC2003,2020-01-03 14:19:21.400,5357.8000,53661,2,10389684920.000,2,2,0,双开,B,5358.2000,5357.0000,5354.6000,5354.0000,5353.6000,5358.8000,5359.0000,5360.0000,5360.8000,5361.0000,1,2,1,1,10,1,1,9,1,1
SF,IC2003,2020-01-03 14:19:21.900,5358.2000,53660,-1,10390756560.000,1,0,1,双平,B,5357.0000,5354.6000,5354.0000,5353.6000,5353.4000,5358.2000,5358.8000,5359.0000,5360.0000,5360.8000,2,1,1,10,2,2,1,1,9,1
SF,IC2003,2020-01-03 14:19:22.400,5358.2000,53660,0,10390756560.000,0,-,-,-,-,5357.2000,5357.0000,5354.6000,5354.0000,5353.6000,5358.2000,5358.8000,5359.0000,5360.0000,5360.8000,2,6,1,1,10,2,1,1,9,1
SF,IC2003,2020-01-03 14:19:22.900,5358.2000,53660,0,10390756560.000,0,-,-,-,-,5357.2000,5357.0000,5354.8000,5354.6000,5354.0000,5358.0000,5358.2000,5358.8000,5359.0000,5360.0000,2,3,1,1,1,1,2,1,1,9
SF,IC2003,2020-01-03 14:19:23.900,5358.2000,53660,0,10390756560.000,0,-,-,-,-,5357.4000,5357.0000,5355.2000,5354.8000,5354.6000,5358.0000,5358.2000,5358.8000,5359.0000,5360.0000,1,2,1,1,1,1,2,1,1,9
SF,IC2003,2020-01-03 14:19:25.400,5358.2000,53660,0,10390756560.000,0,-,-,-,-,5357.4000,5355.2000,5354.8000,5354.6000,5354.0000,5358.0000,5358.2000,5358.8000,5359.0000,5360.0000,1,1,1,1,1,1,2,1,1,9
SF,IC2003,2020-01-03 14:19:25.900,5357.4000,53660,0,10391828040.000,1,0,1,空换,B,5357.2000,5355.2000,5354.8000,5354.6000,5354.0000,5357.4000,5358.0000,5358.2000,5358.8000,5359.0000,2,1,1,1,1,2,1,2,1,1
SF,IC2003,2020-01-03 14:19:26.400,5357.4000,53661,1,10393971000.000,2,1,1,多开,B,5357.4000,5357.2000,5355.2000,5354.8000,5354.6000,5358.0000,5358.8000,5359.0000,5360.0000,5360.8000,5,3,1,1,1,1,1,1,9,1
SF,IC2003,2020-01-03 14:19:26.900,5357.4000,53661,0,10393971000.000,0,-,-,-,-,5355.2000,5354.8000,5354.6000,5354.0000,5353.6000,5358.0000,5358.8000,5359.0000,5360.0000,5360.8000,1,1,1,1,10,1,1,1,9,1
SF,IC2003,2020-01-03 14:19:27.400,5357.4000,53661,0,10393971000.000,0,-,-,-,-,5357.0000,5356.8000,5356.4000,5356.2000,5356.0000,5358.8000,5359.0000,5360.0000,5360.8000,5361.0000,1,4,3,2,1,1,1,9,1,1
SF,IC2003,2020-01-03 14:19:27.900,5357.4000,53661,0,10393971000.000,0,-,-,-,-,5356.0000,5355.8000,5355.6000,5355.4000,5355.2000,5358.8000,5359.0000,5360.0000,5360.8000,5361.0000,1,1,3,1,1,1,1,9,1,1
SF,IC2003,2020-01-03 14:19:28.400,5357.4000,53661,0,10393971000.000,0,-,-,-,-,5357.2000,5357.0000,5356.8000,5356.4000,5356.2000,5358.4000,5358.6000,5358.8000,5359.0000,5360.0000,1,4,2,1,3,1,1,2,1,9
SF,IC2003,2020-01-03 14:19:28.900,5357.4000,53661,0,10393971000.000,0,-,-,-,-,5357.2000,5357.0000,5356.8000,5356.2000,5356.0000,5358.4000,5358.6000,5358.8000,5359.0000,5360.0000,1,4,2,2,2,1,1,2,1,9
SF,IC2003,2020-01-03 14:19:29.400,5357.4000,53661,0,10393971000.000,0,-,-,-,-,5357.4000,5356.2000,5356.0000,5355.8000,5355.6000,5358.4000,5358.6000,5358.8000,5359.0000,5360.0000,1,2,2,1,2,1,1,2,1,9
SF,IC2003,2020-01-03 14:19:29.900,5357.4000,53661,0,10393971000.000,0,-,-,-,-,5357.6000,5357.4000,5356.2000,5356.0000,5355.8000,5358.4000,5358.6000,5358.8000,5359.0000,5360.0000,1,1,2,2,1,1,1,2,1,9
SF,IC2003,2020-01-03 14:19:30.400,5357.4000,53661,0,10393971000.000,0,-,-,-,-,5357.6000,5356.2000,5356.0000,5355.8000,5355.6000,5358.4000,5358.6000,5358.8000,5359.0000,5360.0000,3,2,2,1,2,1,1,2,1,9
SF,IC2003,2020-01-03 14:19:31.900,5357.4000,53661,0,10393971000.000,0,-,-,-,-,5357.8000,5356.2000,5356.0000,5355.8000,5355.6000,5358.4000,5358.6000,5358.8000,5359.0000,5360.0000,1,2,2,1,2,1,1,2,1,9
SF,IC2003,2020-01-03 14:19:32.400,5357.8000,53661,0,10395042560.000,1,0,1,空换,B,5356.2000,5356.0000,5355.8000,5355.6000,5354.8000,5357.8000,5358.4000,5358.6000,5358.8000,5359.0000,3,2,1,2,1,2,1,1,1,1
SF,IC2003,2020-01-03 14:19:32.900,5357.8000,53662,1,10396114120.000,1,1,0,双开,B,5357.6000,5357.4000,5357.2000,5357.0000,5356.8000,5357.8000,5358.4000,5358.8000,5359.0000,5360.0000,1,4,2,3,2,1,1,1,1,10
SF,IC2003,2020-01-03 14:19:33.400,5357.8000,53663,1,10397185680.000,1,1,0,双开,B,5357.8000,5356.2000,5356.0000,5355.8000,5355.6000,5358.8000,5359.0000,5360.0000,5360.8000,5361.0000,2,4,2,1,2,1,1,10,3,1
SF,IC2003,2020-01-03 14:19:33.900,5357.8000,53663,0,10397185680.000,0,-,-,-,-,5357.8000,5357.6000,5356.2000,5356.0000,5355.8000,5358.8000,5359.0000,5360.0000,5360.8000,5361.0000,2,2,4,2,1,1,1,10,3,1
SF,IC2003,2020-01-03 14:19:35.400,5357.8000,53663,0,10397185680.000,0,-,-,-,-,5357.8000,5357.6000,5356.4000,5356.2000,5356.0000,5358.8000,5359.0000,5360.0000,5360.8000,5361.0000,2,3,1,4,2,1,1,10,3,1
SF,IC2003,2020-01-03 14:19:36.400,5357.8000,53663,0,10397185680.000,0,-,-,-,-,5357.6000,5356.4000,5356.2000,5356.0000,5355.8000,5358.8000,5359.0000,5360.0000,5360.8000,5361.0000,3,1,4,2,1,1,1,9,3,2
SF,IC2003,2020-01-03 14:19:36.900,5357.8000,53663,0,10397185680.000,0,-,-,-,-,5357.6000,5356.4000,5356.2000,5356.0000,5355.8000,5358.8000,5359.0000,5360.0000,5360.8000,5361.0000,3,1,4,2,1,2,1,9,3,2
SF,IC2003,2020-01-03 14:19:37.400,5357.8000,53663,0,10397185680.000,0,-,-,-,-,5357.6000,5356.4000,5356.2000,5356.0000,5355.8000,5357.8000,5358.8000,5359.0000,5360.0000,5360.8000,3,1,4,2,1,1,2,1,9,3
SF,IC2003,2020-01-03 14:19:37.900,5357.6000,53665,2,10401471880.000,4,3,1,多开,B,5357.6000,5356.8000,5356.4000,5356.2000,5356.0000,5358.8000,5359.0000,5360.0000,5360.8000,5361.0000,2,1,1,4,2,2,1,9,3,2
SF,IC2003,2020-01-03 14:19:38.400,5357.6000,53665,0,10401471880.000,0,-,-,-,-,5357.8000,5357.6000,5356.8000,5356.4000,5356.2000,5358.8000,5359.0000,5360.0000,5360.8000,5361.0000,1,2,1,1,4,2,1,9,3,2
SF,IC2003,2020-01-03 14:19:38.900,5357.6000,53665,0,10401471880.000,0,-,-,-,-,5357.8000,5357.6000,5356.8000,5356.4000,5356.2000,5358.6000,5358.8000,5359.0000,5360.0000,5360.8000,1,1,1,1,4,2,2,1,9,3
SF,IC2003,2020-01-03 14:19:39.400,5357.8000,53666,1,10402543440.000,1,1,0,双开,B,5357.6000,5356.8000,5356.4000,5356.2000,5356.0000,5358.6000,5358.8000,5359.0000,5360.0000,5360.8000,1,1,1,4,2,2,2,1,9,3
SF,IC2003,2020-01-03 14:19:39.900,5357.8000,53666,0,10402543440.000,0,-,-,-,-,5357.6000,5356.8000,5356.4000,5356.2000,5356.0000,5358.0000,5358.6000,5358.8000,5359.0000,5360.0000,1,1,1,4,2,1,1,1,1,9
SF,IC2003,2020-01-03 14:19:40.900,5357.8000,53666,0,10402543440.000,0,-,-,-,-,5357.6000,5356.8000,5356.4000,5356.2000,5356.0000,5358.0000,5358.6000,5358.8000,5359.0000,5360.0000,1,1,1,4,2,1,3,1,1,9
SF,IC2003,2020-01-03 14:19:41.900,5357.8000,53666,0,10402543440.000,0,-,-,-,-,5357.6000,5356.8000,5356.4000,5356.2000,5356.0000,5358.0000,5358.6000,5358.8000,5359.0000,5360.0000,1,1,1,4,1,1,3,1,1,9
SF,IC2003,2020-01-03 14:19:42.400,5357.8000,53666,0,10402543440.000,0,-,-,-,-,5357.6000,5356.8000,5356.4000,5356.2000,5356.0000,5358.6000,5358.8000,5359.0000,5360.0000,5360.8000,1,1,1,4,1,3,1,1,9,3
SF,IC2003,2020-01-03 14:19:42.900,5357.8000,53666,0,10402543440.000,0,-,-,-,-,5357.6000,5356.8000,5356.4000,5356.2000,5356.0000,5358.4000,5358.6000,5358.8000,5359.0000,5360.0000,1,1,1,4,1,2,3,1,1,9
SF,IC2003,2020-01-03 14:19:43.400,5357.6000,53667,1,10403614960.000,1,1,0,双开,B,5356.8000,5356.4000,5356.2000,5356.0000,5355.8000,5357.6000,5358.4000,5358.6000,5358.8000,5359.0000,1,1,4,1,1,2,2,3,1,1
SF,IC2003,2020-01-03 14:19:43.900,5357.6000,53667,0,10403614960.000,0,-,-,-,-,5357.2000,5357.0000,5356.8000,5356.4000,5356.2000,5357.6000,5358.4000,5358.6000,5358.8000,5359.0000,2,4,3,1,4,2,2,3,1,1
SF,IC2003,2020-01-03 14:19:44.400,5357.6000,53667,0,10403614960.000,0,-,-,-,-,5357.2000,5357.0000,5356.8000,5356.4000,5356.2000,5357.6000,5358.4000,5358.6000,5358.8000,5359.0000,1,3,3,1,4,2,2,3,1,1
SF,IC2003,2020-01-03 14:19:44.900,5357.6000,53667,0,10403614960.000,0,-,-,-,-,5357.2000,5357.0000,5356.8000,5356.2000,5356.0000,5357.6000,5358.4000,5358.6000,5358.8000,5359.0000,1,3,3,4,1,2,2,3,1,1
SF,IC2003,2020-01-03 14:19:45.900,5357.6000,53667,0,10403614960.000,0,-,-,-,-,5356.8000,5356.2000,5356.0000,5355.8000,5355.6000,5357.6000,5358.4000,5358.6000,5358.8000,5359.0000,1,4,1,1,1,2,2,3,1,1
SF,IC2003,2020-01-03 14:19:46.400,5357.6000,53667,0,10403614960.000,0,-,-,-,-,5357.0000,5356.8000,5356.2000,5355.8000,5355.6000,5357.6000,5358.4000,5358.6000,5358.8000,5359.0000,1,1,4,1,1,2,1,3,1,1
SF,IC2003,2020-01-03 14:19:46.900,5358.4000,53669,2,10406829680.000,3,2,1,多开,B,5357.6000,5357.4000,5357.2000,5357.0000,5356.8000,5358.6000,5358.8000,5359.0000,5360.0000,5360.8000,4,5,3,1,1,3,1,1,9,3
SF,IC2003,2020-01-03 14:19:47.400,5358.4000,53669,0,10406829680.000,0,-,-,-,-,5357.6000,5357.2000,5357.0000,5356.8000,5356.2000,5358.6000,5358.8000,5359.0000,5360.0000,5360.8000,1,1,1,1,4,3,1,1,9,3
SF,IC2003,2020-01-03 14:19:48.400,5358.4000,53669,0,10406829680.000,0,-,-,-,-,5358.0000,5357.8000,5357.6000,5357.2000,5357.0000,5358.6000,5358.8000,5359.0000,5360.0000,5360.8000,1,3,3,1,1,2,1,1,9,3
SF,IC2003,2020-01-03 14:19:48.900,5358.4000,53669,0,10406829680.000,0,-,-,-,-,5357.6000,5357.2000,5357.0000,5356.8000,5356.2000,5358.6000,5358.8000,5359.0000,5360.0000,5360.8000,1,1,1,1,4,2,1,1,9,3
SF,IC2003,2020-01-03 14:19:49.400,5357.6000,53672,3,10410044320.000,3,3,0,双开,B,5357.6000,5357.2000,5357.0000,5356.8000,5356.2000,5358.6000,5358.8000,5359.0000,5360.0000,5360.8000,3,1,1,1,4,2,1,1,9,3
SF,IC2003,2020-01-03 14:19:50.400,5357.6000,53672,0,10410044320.000,0,-,-,-,-,5357.6000,5357.2000,5357.0000,5356.8000,5356.2000,5358.6000,5358.8000,5359.0000,5360.0000,5360.8000,5,1,1,1,4,2,1,1,9,3
SF,IC2003,2020-01-03 14:19:50.900,5358.8000,53675,3,10413259520.000,3,3,0,双开,B,5358.6000,5357.8000,5357.6000,5357.2000,5357.0000,5359.0000,5360.0000,5360.8000,5361.0000,5361.6000,2,4,2,1,1,1,9,3,2,2
SF,IC2003,2020-01-03 14:19:51.400,5358.8000,53675,0,10413259520.000,0,-,-,-,-,5357.8000,5357.6000,5357.2000,5357.0000,5356.8000,5359.0000,5360.0000,5360.8000,5361.0000,5361.6000,3,2,1,1,1,1,9,3,2,2
SF,IC2003,2020-01-03 14:19:51.900,5359.0000,53676,1,10414331320.000,1,1,0,双开,B,5359.0000,5358.8000,5358.2000,5358.0000,5357.8000,5360.0000,5360.8000,5361.0000,5361.6000,5363.4000,7,2,2,3,3,9,3,2,2,1
SF,IC2003,2020-01-03 14:19:52.400,5359.8000,53676,0,10415403280.000,1,0,1,空换,B,5359.0000,5358.8000,5358.2000,5358.0000,5357.8000,5360.0000,5360.8000,5361.0000,5361.6000,5363.4000,4,2,1,4,3,9,3,2,2,1
SF,IC2003,2020-01-03 14:19:52.900,5359.8000,53676,0,10415403280.000,0,-,-,-,-,5359.8000,5359.0000,5358.2000,5358.0000,5357.8000,5360.0000,5360.8000,5361.0000,5361.6000,5363.4000,1,1,1,4,3,9,3,2,2,1
SF,IC2003,2020-01-03 14:19:53.400,5359.8000,53677,1,10416475240.000,1,1,0,双开,B,5359.0000,5358.2000,5358.0000,5357.8000,5357.2000,5359.8000,5360.0000,5360.8000,5361.0000,5361.6000,1,1,4,2,1,6,9,3,2,2
SF,IC2003,2020-01-03 14:19:53.900,5359.0000,53678,1,10419690640.000,3,2,1,多开,B,5358.0000,5357.8000,5357.2000,5357.0000,5356.8000,5359.0000,5359.4000,5359.6000,5359.8000,5360.0000,1,2,1,1,1,1,1,3,1,9
SF,IC2003,2020-01-03 14:19:54.400,5359.0000,53678,0,10419690640.000,0,-,-,-,-,5358.0000,5357.2000,5357.0000,5356.8000,5355.8000,5358.8000,5359.0000,5359.4000,5359.6000,5359.8000,1,1,1,1,1,2,3,1,1,1
SF,IC2003,2020-01-03 14:19:54.900,5358.0000,53678,0,10420762240.000,1,0,1,空换,B,5357.2000,5357.0000,5356.8000,5355.8000,5355.6000,5358.0000,5358.8000,5359.0000,5359.4000,5359.6000,1,1,1,1,1,3,2,2,1,1
SF,IC2003,2020-01-03 14:19:55.400,5358.8000,53681,3,10425048800.000,4,3,1,多开,B,5357.6000,5357.4000,5357.2000,5357.0000,5356.8000,5358.8000,5359.0000,5359.6000,5360.0000,5360.8000,5,2,1,1,1,1,2,1,9,3
SF,IC2003,2020-01-03 14:19:55.900,5358.8000,53681,0,10425048800.000,0,-,-,-,-,5357.2000,5357.0000,5356.8000,5355.8000,5355.6000,5358.6000,5358.8000,5359.6000,5360.0000,5360.8000,1,1,1,1,1,3,2,1,9,3
SF,IC2003,2020-01-03 14:19:56.400,5358.8000,53681,0,10425048800.000,0,-,-,-,-,5357.4000,5357.2000,5357.0000,5356.8000,5355.8000,5358.6000,5358.8000,5359.6000,5360.0000,5360.8000,5,3,1,1,1,3,1,1,9,3
SF,IC2003,2020-01-03 14:19:57.900,5358.8000,53681,0,10425048800.000,0,-,-,-,-,5357.4000,5357.2000,5357.0000,5356.8000,5355.8000,5358.4000,5358.6000,5358.8000,5359.6000,5360.0000,5,3,1,1,1,1,2,1,1,9
SF,IC2003,2020-01-03 14:19:58.400,5358.8000,53681,0,10425048800.000,0,-,-,-,-,5357.4000,5357.2000,5357.0000,5356.8000,5355.8000,5358.2000,5358.4000,5358.6000,5358.8000,5359.6000,5,3,1,1,1,1,1,2,1,1
SF,IC2003,2020-01-03 14:19:58.900,5358.8000,53681,0,10425048800.000,0,-,-,-,-,5357.4000,5357.2000,5357.0000,5356.8000,5355.8000,5358.2000,5358.4000,5358.6000,5358.8000,5359.6000,2,1,1,1,1,1,1,2,1,1
SF,IC2003,2020-01-03 14:19:59.900,5358.8000,53681,0,10425048800.000,0,-,-,-,-,5357.6000,5357.4000,5357.2000,5357.0000,5356.8000,5358.2000,5358.4000,5358.6000,5358.8000,5359.6000,1,5,1,1,1,1,1,2,1,1
SF,IC2003,2020-01-03 14:20:00.400,5358.8000,53681,0,10425048800.000,0,-,-,-,-,5357.6000,5357.4000,5357.2000,5357.0000,5356.8000,5358.2000,5358.4000,5358.6000,5359.6000,5360.0000,1,2,1,1,1,1,1,2,1,9
SF,IC2003,2020-01-03 14:20:00.900,5358.8000,53681,0,10425048800.000,0,-,-,-,-,5357.6000,5357.4000,5357.2000,5357.0000,5356.8000,5358.2000,5358.6000,5359.6000,5360.0000,5360.8000,1,2,1,1,1,1,2,1,9,3
SF,IC2003,2020-01-03 14:20:03.900,5358.8000,53681,0,10425048800.000,0,-,-,-,-,5357.6000,5357.4000,5357.2000,5357.0000,5356.8000,5358.2000,5358.6000,5360.0000,5360.8000,5361.0000,1,2,1,1,1,1,2,9,3,2
SF,IC2003,2020-01-03 14:20:04.400,5358.8000,53681,0,10425048800.000,0,-,-,-,-,5357.6000,5357.2000,5357.0000,5356.8000,5355.8000,5358.0000,5358.2000,5358.6000,5360.0000,5360.8000,1,1,1,1,1,2,1,2,9,3
SF,IC2003,2020-01-03 14:20:05.400,5358.8000,53681,0,10425048800.000,0,-,-,-,-,5357.6000,5357.0000,5356.8000,5355.8000,5355.6000,5358.0000,5358.2000,5358.6000,5360.0000,5360.8000,1,1,1,1,1,2,1,2,9,3
SF,IC2003,2020-01-03 14:20:07.400,5357.6000,53682,1,10426120320.000,1,1,0,双开,B,5357.0000,5356.8000,5355.8000,5355.6000,5354.6000,5358.0000,5358.2000,5358.6000,5360.0000,5360.8000,1,1,1,1,1,2,1,2,9,3
SF,IC2003,2020-01-03 14:20:07.900,5357.6000,53682,0,10426120320.000,0,-,-,-,-,5357.0000,5356.8000,5355.8000,5355.6000,5354.6000,5358.0000,5358.2000,5358.6000,5360.0000,5360.8000,1,3,1,1,1,2,2,1,9,3
SF,IC2003,2020-01-03 14:20:08.900,5357.6000,53682,0,10426120320.000,0,-,-,-,-,5357.0000,5356.8000,5355.8000,5355.6000,5354.6000,5357.8000,5358.0000,5358.2000,5358.6000,5360.0000,1,3,1,1,1,1,2,2,1,9
SF,IC2003,2020-01-03 14:20:09.400,5357.6000,53682,0,10426120320.000,0,-,-,-,-,5357.0000,5356.8000,5355.8000,5355.6000,5354.6000,5357.6000,5357.8000,5358.0000,5358.2000,5358.6000,1,3,1,1,1,1,1,2,2,1
SF,IC2003,2020-01-03 14:20:10.400,5357.6000,53682,0,10426120320.000,0,-,-,-,-,5357.0000,5356.8000,5355.8000,5355.6000,5354.6000,5357.6000,5357.8000,5358.0000,5358.2000,5358.6000,1,3,2,1,1,1,1,2,2,1
SF,IC2003,2020-01-03 14:20:10.900,5357.6000,53682,0,10426120320.000,0,-,-,-,-,5357.0000,5356.8000,5355.8000,5355.6000,5354.6000,5357.6000,5357.8000,5358.0000,5358.2000,5358.6000,1,3,2,1,1,1,1,2,2,1
SF,IC2003,2020-01-03 14:20:11.400,5357.0000,53681,-1,10427191720.000,1,0,1,双平,B,5356.8000,5355.8000,5355.6000,5354.6000,5354.0000,5357.6000,5358.0000,5358.2000,5358.6000,5359.0000,3,2,1,1,1,1,2,1,1,1
SF,IC2003,2020-01-03 14:20:11.900,5357.6000,53681,0,10428263240.000,1,0,1,空换,B,5357.0000,5356.8000,5355.8000,5355.6000,5354.6000,5357.4000,5357.8000,5358.2000,5358.6000,5359.0000,2,6,2,1,1,1,1,1,1,1
SF,IC2003,2020-01-03 14:20:12.400,5357.6000,53682,1,10429334760.000,1,1,0,双开,B,5357.6000,5357.4000,5357.2000,5357.0000,5356.8000,5358.2000,5358.6000,5359.0000,5360.0000,5360.8000,1,5,4,2,3,1,1,1,9,3
SF,IC2003,2020-01-03 14:20:12.900,5358.2000,53682,0,10430406400.000,1,0,1,空换,B,5357.4000,5357.0000,5356.8000,5355.8000,5355.6000,5358.6000,5359.0000,5360.0000,5360.8000,5361.0000,3,2,3,2,1,1,1,9,3,2
SF,IC2003,2020-01-03 14:20:13.400,5357.6000,53682,0,10431477920.000,1,0,1,空换,B,5357.6000,5357.4000,5356.8000,5355.8000,5355.6000,5358.6000,5359.0000,5360.0000,5360.8000,5361.0000,2,6,3,2,1,1,1,9,3,2
SF,IC2003,2020-01-03 14:20:13.900,5357.6000,53682,0,10431477920.000,0,-,-,-,-,5357.8000,5357.6000,5357.4000,5356.8000,5355.8000,5358.0000,5359.0000,5360.0000,5360.8000,5361.0000,1,1,3,3,2,2,1,9,3,2
SF,IC2003,2020-01-03 14:20:14.400,5358.0000,53684,2,10433621120.000,2,2,0,双开,B,5358.2000,5358.0000,5357.8000,5356.8000,5355.8000,5359.0000,5360.0000,5360.8000,5361.0000,5361.6000,2,13,3,3,2,1,9,3,2,2
SF,IC2003,2020-01-03 14:20:14.900,5359.0000,53684,0,10435764520.000,2,1,1,空换,B,5358.4000,5358.0000,5357.8000,5356.8000,5355.8000,5359.0000,5360.0000,5360.8000,5361.0000,5361.6000,1,6,1,3,2,1,9,3,2,2
SF,IC2003,2020-01-03 14:20:15.400,5359.0000,53683,-1,10436836320.000,1,0,1,双平,B,5359.0000,5358.8000,5358.6000,5358.0000,5357.8000,5359.2000,5360.0000,5360.8000,5361.0000,5361.6000,2,3,2,6,1,1,9,3,2,2
SF,IC2003,2020-01-03 14:20:15.900,5359.0000,53683,0,10436836320.000,0,-,-,-,-,5358.8000,5358.6000,5358.0000,5357.8000,5356.8000,5360.0000,5360.8000,5361.0000,5361.6000,5363.4000,3,2,6,1,3,9,3,2,2,1
SF,IC2003,2020-01-03 14:20:16.400,5358.8000,53683,0,10437908080.000,1,0,1,空换,B,5358.8000,5358.6000,5358.0000,5356.8000,5355.8000,5359.8000,5360.0000,5360.8000,5361.0000,5361.6000,2,2,6,3,2,3,9,3,2,2
SF,IC2003,2020-01-03 14:20:16.900,5358.8000,53683,0,10437908080.000,0,-,-,-,-,5358.0000,5356.8000,5355.8000,5355.6000,5354.6000,5359.6000,5359.8000,5360.0000,5360.8000,5361.0000,6,3,2,1,1,1,3,9,3,2
SF,IC2003,2020-01-03 14:20:17.400,5358.8000,53683,0,10437908080.000,0,-,-,-,-,5359.0000,5358.8000,5358.2000,5358.0000,5356.8000,5359.6000,5359.8000,5360.0000,5360.8000,5361.0000,3,2,3,6,3,1,1,9,3,2
SF,IC2003,2020-01-03 14:20:17.900,5358.8000,53683,0,10437908080.000,0,-,-,-,-,5359.0000,5358.8000,5358.2000,5358.0000,5356.8000,5359.8000,5360.0000,5360.8000,5361.0000,5361.6000,3,3,2,4,3,1,9,3,2,2
SF,IC2003,2020-01-03 14:20:18.400,5358.8000,53683,0,10437908080.000,0,-,-,-,-,5358.8000,5358.2000,5358.0000,5356.8000,5355.8000,5359.8000,5360.0000,5360.8000,5361.0000,5361.6000,1,2,4,3,2,1,9,3,2,2
SF,IC2003,2020-01-03 14:20:18.900,5358.8000,53683,0,10437908080.000,0,-,-,-,-,5359.0000,5358.8000,5358.2000,5358.0000,5356.8000,5359.6000,5359.8000,5360.0000,5360.8000,5361.0000,2,3,2,4,3,1,1,9,3,2
SF,IC2003,2020-01-03 14:20:19.400,5358.8000,53683,0,10437908080.000,0,-,-,-,-,5359.0000,5358.8000,5358.2000,5358.0000,5356.8000,5359.8000,5360.0000,5360.8000,5361.0000,5361.6000,2,3,2,4,3,1,9,3,2,2
SF,IC2003,2020-01-03 14:20:19.900,5359.0000,53682,-1,10438979880.000,1,0,1,双平,B,5358.8000,5358.2000,5358.0000,5356.8000,5355.8000,5359.6000,5359.8000,5360.0000,5360.8000,5361.0000,1,2,4,3,2,2,1,10,3,2
SF,IC2003,2020-01-03 14:20:20.400,5359.0000,53682,0,10438979880.000,0,-,-,-,-,5358.8000,5358.2000,5358.0000,5356.8000,5355.8000,5359.4000,5359.6000,5359.8000,5360.0000,5360.8000,3,2,4,3,2,1,2,1,10,3
SF,IC2003,2020-01-03 14:20:20.900,5359.0000,53682,0,10438979880.000,0,-,-,-,-,5358.8000,5358.2000,5358.0000,5356.8000,5355.8000,5359.8000,5360.0000,5360.8000,5361.0000,5361.6000,3,2,4,3,2,1,10,3,2,2
SF,IC2003,2020-01-03 14:20:21.400,5359.0000,53682,0,10438979880.000,0,-,-,-,-,5359.0000,5358.8000,5358.2000,5358.0000,5356.8000,5359.8000,5360.0000,5360.8000,5361.0000,5361.6000,2,3,2,2,3,2,10,3,2,2
SF,IC2003,2020-01-03 14:20:21.900,5359.8000,53681,-1,10440051840.000,1,0,1,双平,B,5359.0000,5358.8000,5358.2000,5358.0000,5356.8000,5360.0000,5360.8000,5361.0000,5361.6000,5363.4000,2,3,2,2,3,10,3,2,2,1
SF,IC2003,2020-01-03 14:20:22.400,5359.8000,53681,0,10440051840.000,0,-,-,-,-,5358.8000,5358.2000,5358.0000,5356.8000,5355.8000,5359.6000,5359.8000,5360.0000,5360.8000,5361.0000,1,2,2,3,2,4,2,10,3,2
SF,IC2003,2020-01-03 14:20:22.900,5359.4000,53680,-1,10443267240.000,3,1,2,空平,B,5358.0000,5356.8000,5355.8000,5355.6000,5354.6000,5359.4000,5359.6000,5360.0000,5360.8000,5361.0000,1,3,2,1,1,3,2,10,3,2
SF,IC2003,2020-01-03 14:20:23.400,5359.4000,53680,0,10443267240.000,0,-,-,-,-,5358.2000,5358.0000,5356.8000,5355.8000,5355.6000,5359.4000,5359.6000,5360.0000,5360.8000,5361.0000,4,4,3,2,1,2,2,10,3,2
SF,IC2003,2020-01-03 14:20:23.900,5359.4000,53680,0,10443267240.000,0,-,-,-,-,5358.2000,5358.0000,5356.8000,5355.8000,5355.6000,5359.4000,5359.6000,5360.0000,5360.8000,5361.0000,2,2,3,2,1,2,1,10,3,2
SF,IC2003,2020-01-03 14:20:24.400,5359.4000,53680,0,10443267240.000,0,-,-,-,-,5358.0000,5356.8000,5355.8000,5355.6000,5354.6000,5359.2000,5359.4000,5359.6000,5360.0000,5360.8000,1,3,2,1,1,1,2,1,10,3
SF,IC2003,2020-01-03 14:20:24.900,5359.4000,53680,0,10443267240.000,0,-,-,-,-,5358.2000,5358.0000,5356.8000,5355.8000,5355.6000,5359.0000,5359.2000,5360.0000,5360.8000,5361.0000,2,3,3,2,1,3,1,10,3,2
SF,IC2003,2020-01-03 14:20:25.400,5358.2000,53682,2,10445410520.000,2,2,0,双开,B,5358.0000,5356.8000,5355.8000,5355.6000,5354.6000,5358.8000,5359.0000,5359.2000,5360.0000,5360.8000,1,3,2,1,1,1,3,1,10,3
SF,IC2003,2020-01-03 14:20:25.900,5358.2000,53682,0,10445410520.000,0,-,-,-,-,5356.8000,5355.8000,5355.6000,5354.6000,5354.0000,5358.0000,5358.6000,5359.6000,5360.0000,5360.8000,3,2,1,1,1,3,3,1,10,3
SF,IC2003,2020-01-03 14:20:26.400,5358.2000,53682,0,10445410520.000,0,-,-,-,-,5357.2000,5357.0000,5356.8000,5355.8000,5355.6000,5357.8000,5358.0000,5358.6000,5359.6000,5360.0000,2,2,3,2,1,1,1,3,1,10
SF,IC2003,2020-01-03 14:20:26.900,5358.2000,53682,0,10445410520.000,0,-,-,-,-,5357.2000,5357.0000,5356.8000,5355.8000,5355.6000,5358.0000,5358.6000,5360.0000,5360.8000,5361.0000,2,2,3,2,1,1,3,10,3,2
SF,IC2003,2020-01-03 14:20:27.400,5358.2000,53682,0,10445410520.000,0,-,-,-,-,5357.2000,5357.0000,5356.8000,5356.0000,5355.8000,5358.0000,5358.6000,5359.2000,5360.0000,5360.8000,2,2,3,1,2,1,3,1,10,3
SF,IC2003,2020-01-03 14:20:27.900,5358.2000,53682,0,10445410520.000,0,-,-,-,-,5357.2000,5357.0000,5356.8000,5356.0000,5355.8000,5358.0000,5358.6000,5359.2000,5360.0000,5360.8000,3,2,3,1,2,1,2,1,10,3
SF,IC2003,2020-01-03 14:20:28.400,5358.2000,53682,0,10445410520.000,0,-,-,-,-,5357.2000,5357.0000,5356.8000,5356.0000,5355.8000,5358.0000,5358.6000,5359.2000,5360.0000,5360.8000,3,2,3,1,2,1,2,1,10,3
SF,IC2003,2020-01-03 14:20:28.900,5358.2000,53682,0,10445410520.000,0,-,-,-,-,5357.2000,5357.0000,5356.8000,5356.0000,5355.8000,5358.0000,5358.6000,5359.2000,5360.0000,5360.8000,3,2,3,1,2,1,2,1,10,3
SF,IC2003,2020-01-03 14:20:29.400,5358.0000,53682,0,10446482120.000,1,0,1,空换,B,5358.0000,5357.6000,5357.2000,5357.0000,5356.8000,5358.6000,5359.2000,5360.0000,5360.8000,5361.0000,1,2,2,2,3,2,1,10,3,2
SF,IC2003,2020-01-03 14:20:29.900,5358.0000,53682,0,10446482120.000,0,-,-,-,-,5358.0000,5357.2000,5357.0000,5356.8000,5356.0000,5358.6000,5359.2000,5360.0000,5360.8000,5361.0000,1,2,2,3,1,2,1,10,3,2
SF,IC2003,2020-01-03 14:20:31.400,5358.0000,53682,0,10446482120.000,0,-,-,-,-,5358.0000,5357.2000,5357.0000,5356.8000,5356.0000,5358.6000,5359.2000,5360.0000,5360.8000,5361.0000,2,2,2,3,1,2,1,10,3,2
SF,IC2003,2020-01-03 14:20:31.900,5358.6000,53683,1,10447553840.000,1,1,0,双开,B,5358.0000,5357.2000,5357.0000,5356.8000,5356.0000,5358.6000,5358.8000,5360.0000,5360.8000,5361.0000,2,2,2,3,1,1,1,10,3,2
SF,IC2003,2020-01-03 14:20:32.400,5358.6000,53684,1,10448625560.000,1,1,0,双开,B,5358.0000,5357.2000,5357.0000,5356.8000,5356.0000,5358.8000,5360.0000,5360.8000,5361.0000,5361.6000,2,2,2,3,1,1,10,3,2,2
SF,IC2003,2020-01-03 14:20:32.900,5358.2000,53685,1,10450768960.000,2,1,1,多开,B,5358.2000,5358.0000,5357.2000,5356.8000,5356.0000,5359.0000,5360.0000,5360.8000,5361.0000,5361.6000,2,4,2,3,1,2,10,3,2,2
SF,IC2003,2020-01-03 14:20:33.400,5359.0000,53687,2,10453984360.000,3,2,1,多开,B,5358.6000,5358.2000,5358.0000,5357.2000,5356.8000,5360.0000,5360.8000,5361.0000,5361.6000,5363.4000,2,2,3,2,3,10,3,2,2,1
SF,IC2003,2020-01-03 14:20:33.900,5359.0000,53687,0,10453984360.000,0,-,-,-,-,5358.8000,5358.6000,5358.0000,5357.2000,5356.8000,5360.0000,5360.8000,5361.0000,5361.6000,5363.4000,5,2,3,2,3,10,3,2,2,1
SF,IC2003,2020-01-03 14:20:34.400,5359.0000,53687,0,10453984360.000,0,-,-,-,-,5359.0000,5358.8000,5358.6000,5358.0000,5357.2000,5360.0000,5360.8000,5361.0000,5361.6000,5363.4000,1,4,2,3,2,10,3,2,2,1
SF,IC2003,2020-01-03 14:20:34.900,5360.0000,53687,0,10455056360.000,1,0,1,空换,B,5359.2000,5359.0000,5358.6000,5358.0000,5357.2000,5360.0000,5360.8000,5361.0000,5361.6000,5363.4000,3,1,2,3,2,9,3,2,2,1
SF,IC2003,2020-01-03 14:20:35.400,5360.0000,53687,0,10455056360.000,0,-,-,-,-,5359.2000,5359.0000,5358.6000,5358.0000,5357.2000,5360.0000,5360.8000,5361.0000,5361.6000,5363.4000,3,1,2,3,2,9,3,2,2,1
SF,IC2003,2020-01-03 14:20:35.900,5360.0000,53687,0,10455056360.000,0,-,-,-,-,5359.2000,5359.0000,5358.6000,5358.0000,5357.2000,5360.0000,5360.8000,5361.0000,5361.6000,5363.4000,3,1,2,3,2,9,3,2,2,1
SF,IC2003,2020-01-03 14:20:36.400,5360.0000,53687,0,10455056360.000,0,-,-,-,-,5359.2000,5359.0000,5358.6000,5358.0000,5357.2000,5360.0000,5360.8000,5361.0000,5361.6000,5363.4000,2,1,2,3,2,9,3,2,2,1
SF,IC2003,2020-01-03 14:20:37.900,5360.0000,53687,0,10455056360.000,0,-,-,-,-,5359.2000,5359.0000,5358.6000,5358.0000,5357.2000,5360.0000,5360.8000,5361.0000,5361.6000,5363.4000,2,1,2,3,2,9,3,2,2,1
SF,IC2003,2020-01-03 14:20:38.900,5360.0000,53688,1,10456128360.000,1,1,0,双开,B,5359.2000,5359.0000,5358.6000,5358.0000,5357.2000,5360.0000,5360.8000,5361.0000,5361.6000,5363.4000,2,1,2,3,2,8,3,2,2,1
SF,IC2003,2020-01-03 14:20:39.400,5360.0000,53688,0,10456128360.000,0,-,-,-,-,5359.2000,5358.6000,5358.0000,5357.2000,5356.8000,5360.0000,5360.8000,5361.0000,5361.6000,5363.4000,2,2,3,2,3,8,3,2,2,1
SF,IC2003,2020-01-03 14:20:40.900,5360.0000,53692,4,10463632360.000,7,5,2,多开,B,5359.4000,5359.2000,5358.0000,5357.2000,5356.8000,5360.0000,5360.8000,5361.0000,5361.6000,5363.4000,2,2,3,2,3,1,3,2,2,1
SF,IC2003,2020-01-03 14:20:41.400,5360.0000,53692,0,10464704360.000,1,0,1,空换,B,5360.6000,5359.2000,5358.0000,5357.2000,5356.8000,5360.8000,5361.0000,5361.6000,5363.4000,5363.6000,1,2,3,2,3,3,2,2,1,2
SF,IC2003,2020-01-03 14:20:41.900,5360.6000,53692,0,10465776480.000,1,0,1,空换,B,5359.4000,5359.2000,5358.0000,5357.2000,5356.8000,5360.0000,5360.4000,5360.6000,5360.8000,5361.0000,1,2,3,2,3,1,2,9,3,2
SF,IC2003,2020-01-03 14:20:42.400,5360.0000,53693,1,10467920480.000,2,1,1,多开,B,5359.4000,5358.0000,5357.2000,5356.8000,5356.0000,5359.8000,5360.6000,5360.8000,5361.0000,5361.6000,1,3,2,3,1,1,4,3,2,2
SF,IC2003,2020-01-03 14:20:42.900,5359.8000,53693,0,10468992440.000,1,0,1,空换,B,5359.4000,5358.0000,5357.2000,5356.8000,5356.0000,5360.2000,5360.6000,5360.8000,5361.0000,5361.6000,1,3,2,3,1,1,4,3,2,2
SF,IC2003,2020-01-03 14:20:43.400,5360.2000,53693,0,10471136520.000,2,1,1,空换,B,5359.4000,5358.0000,5357.2000,5356.8000,5356.0000,5360.6000,5360.8000,5361.0000,5361.6000,5363.4000,1,3,2,3,1,4,3,2,2,1
SF,IC2003,2020-01-03 14:20:43.900,5360.2000,53693,0,10471136520.000,0,-,-,-,-,5360.2000,5359.4000,5358.0000,5357.2000,5356.8000,5360.6000,5360.8000,5361.0000,5361.6000,5363.4000,1,1,3,2,3,4,4,2,2,1
SF,IC2003,2020-01-03 14:20:44.400,5360.2000,53692,-1,10472208560.000,1,0,1,双平,B,5359.4000,5358.0000,5357.2000,5356.8000,5356.0000,5360.2000,5360.8000,5361.0000,5361.6000,5363.4000,1,3,2,3,1,3,4,2,2,1
SF,IC2003,2020-01-03 14:20:44.900,5360.2000,53692,0,10472208560.000,0,-,-,-,-,5359.4000,5358.0000,5357.2000,5356.8000,5356.0000,5360.8000,5361.0000,5361.6000,5363.4000,5363.6000,1,3,2,3,1,4,2,2,1,2
SF,IC2003,2020-01-03 14:20:45.400,5360.2000,53692,0,10472208560.000,0,-,-,-,-,5359.4000,5358.2000,5358.0000,5357.2000,5356.8000,5360.6000,5360.8000,5361.0000,5361.6000,5363.4000,1,1,3,2,3,2,4,2,2,1
SF,IC2003,2020-01-03 14:20:45.900,5360.6000,53692,0,10473280680.000,1,0,1,空换,B,5359.6000,5359.4000,5358.2000,5358.0000,5357.2000,5360.6000,5360.8000,5361.0000,5361.6000,5363.4000,2,1,1,3,2,1,4,2,2,1
SF,IC2003,2020-01-03 14:20:46.400,5360.6000,53692,0,10473280680.000,0,-,-,-,-,5360.0000,5359.8000,5359.6000,5359.4000,5358.2000,5360.4000,5360.8000,5361.0000,5361.6000,5363.4000,1,2,2,1,1,1,4,2,2,1
SF,IC2003,2020-01-03 14:20:46.900,5360.6000,53692,0,10473280680.000,0,-,-,-,-,5360.0000,5359.6000,5359.4000,5358.2000,5358.0000,5360.4000,5360.8000,5361.0000,5361.6000,5363.4000,1,1,1,1,3,1,4,2,2,1
SF,IC2003,2020-01-03 14:20:47.900,5360.6000,53692,0,10473280680.000,0,-,-,-,-,5360.0000,5359.6000,5359.4000,5358.2000,5358.0000,5360.4000,5360.8000,5361.0000,5361.6000,5362.0000,1,1,1,1,3,1,4,2,2,2
SF,IC2003,2020-01-03 14:20:48.400,5360.6000,53692,0,10473280680.000,0,-,-,-,-,5360.0000,5359.6000,5359.4000,5358.4000,5358.2000,5360.4000,5360.8000,5361.0000,5361.6000,5362.0000,1,1,1,1,1,1,4,2,2,2
SF,IC2003,2020-01-03 14:20:49.900,5360.6000,53692,0,10473280680.000,0,-,-,-,-,5360.0000,5359.6000,5358.4000,5358.2000,5358.0000,5360.4000,5360.8000,5361.0000,5361.6000,5362.0000,1,1,1,1,3,1,4,2,2,2
SF,IC2003,2020-01-03 14:20:50.900,5360.6000,53692,0,10473280680.000,0,-,-,-,-,5359.6000,5358.4000,5358.2000,5358.0000,5357.2000,5360.4000,5360.8000,5361.0000,5361.6000,5362.0000,1,1,1,3,2,1,4,2,2,2
SF,IC2003,2020-01-03 14:20:52.400,5360.6000,53692,0,10473280680.000,0,-,-,-,-,5359.6000,5358.4000,5358.2000,5358.0000,5357.2000,5360.4000,5360.8000,5361.0000,5361.6000,5362.0000,2,1,1,3,2,1,4,2,2,2
SF,IC2003,2020-01-03 14:20:52.900,5360.4000,53693,1,10474352760.000,1,1,0,双开,B,5360.4000,5359.6000,5358.4000,5358.2000,5358.0000,5360.8000,5361.0000,5361.6000,5362.0000,5363.4000,5,2,1,1,3,4,2,2,2,1
SF,IC2003,2020-01-03 14:20:55.400,5360.4000,53693,0,10474352760.000,0,-,-,-,-,5360.4000,5359.6000,5358.2000,5358.0000,5357.2000,5360.8000,5361.0000,5361.6000,5362.0000,5363.4000,5,1,1,3,2,4,2,2,2,1
SF,IC2003,2020-01-03 14:20:55.900,5360.4000,53693,0,10474352760.000,0,-,-,-,-,5360.4000,5359.6000,5358.2000,5358.0000,5357.2000,5360.8000,5361.0000,5361.6000,5362.0000,5363.4000,5,1,1,3,2,4,3,2,2,1
SF,IC2003,2020-01-03 14:20:57.400,5360.8000,53692,-1,10475424920.000,1,0,1,双平,B,5360.4000,5359.6000,5358.2000,5358.0000,5357.2000,5360.8000,5361.0000,5361.6000,5362.0000,5363.4000,6,1,1,3,2,3,3,2,2,1
SF,IC2003,2020-01-03 14:20:57.900,5360.8000,53692,0,10477569240.000,2,1,1,空换,B,5360.4000,5359.6000,5358.2000,5358.0000,5357.2000,5360.8000,5361.0000,5361.6000,5362.0000,5363.4000,6,1,1,3,2,1,3,2,2,1
SF,IC2003,2020-01-03 14:20:59.400,5360.8000,53692,0,10477569240.000,0,-,-,-,-,5360.4000,5359.6000,5358.2000,5358.0000,5357.2000,5360.8000,5361.0000,5361.6000,5362.0000,5363.4000,6,1,1,2,2,1,3,2,2,1
SF,IC2003,2020-01-03 14:21:00.400,5360.8000,53692,0,10477569240.000,0,-,-,-,-,5360.4000,5359.6000,5358.2000,5358.0000,5357.2000,5360.8000,5361.0000,5361.6000,5362.0000,5363.4000,6,1,1,3,2,1,3,2,2,1
SF,IC2003,2020-01-03 14:21:00.900,5360.8000,53692,0,10477569240.000,0,-,-,-,-,5360.4000,5359.6000,5358.2000,5358.0000,5357.2000,5360.8000,5361.0000,5361.6000,5362.0000,5363.4000,1,1,1,3,2,1,3,2,2,1
SF,IC2003,2020-01-03 14:21:01.400,5360.4000,53692,0,10478641320.000,1,0,1,空换,B,5359.6000,5358.2000,5358.0000,5357.2000,5356.8000,5360.4000,5360.8000,5361.0000,5361.6000,5362.0000,1,1,3,2,3,6,1,3,2,2
SF,IC2003,2020-01-03 14:21:01.900,5360.4000,53692,0,10480785480.000,2,1,1,空换,B,5359.6000,5358.2000,5358.0000,5357.2000,5356.8000,5360.4000,5360.8000,5361.0000,5361.6000,5362.0000,2,1,3,2,3,4,1,3,2,2
SF,IC2003,2020-01-03 14:21:02.400,5360.4000,53692,0,10480785480.000,0,-,-,-,-,5359.6000,5358.2000,5358.0000,5357.2000,5356.8000,5360.4000,5360.8000,5361.0000,5361.6000,5362.0000,2,1,3,2,3,4,3,3,2,2
SF,IC2003,2020-01-03 14:21:03.400,5360.4000,53692,0,10480785480.000,0,-,-,-,-,5359.6000,5358.0000,5357.2000,5356.8000,5355.8000,5360.4000,5360.8000,5361.0000,5361.6000,5362.0000,2,3,2,3,2,4,3,3,2,2
SF,IC2003,2020-01-03 14:21:04.900,5359.6000,53693,1,10482929320.000,2,1,1,多开,B,5358.0000,5357.2000,5356.8000,5355.8000,5355.6000,5360.8000,5361.0000,5361.6000,5362.0000,5363.4000,3,2,3,2,1,3,3,2,2,1
SF,IC2003,2020-01-03 14:21:05.400,5359.6000,53693,0,10482929320.000,0,-,-,-,-,5358.8000,5358.4000,5358.2000,5358.0000,5357.2000,5360.8000,5361.0000,5361.6000,5362.0000,5363.4000,1,2,7,3,2,3,3,2,2,1
SF,IC2003,2020-01-03 14:21:05.900,5359.6000,53693,0,10482929320.000,0,-,-,-,-,5359.0000,5358.8000,5358.4000,5358.2000,5358.0000,5360.8000,5361.0000,5361.6000,5362.0000,5363.4000,3,1,1,4,3,3,3,2,2,1
SF,IC2003,2020-01-03 14:21:06.400,5359.6000,53693,0,10482929320.000,0,-,-,-,-,5359.4000,5359.0000,5358.8000,5358.4000,5358.2000,5360.6000,5360.8000,5361.0000,5361.6000,5362.0000,1,2,1,1,4,3,3,3,2,2
SF,IC2003,2020-01-03 14:21:06.900,5359.6000,53693,0,10482929320.000,0,-,-,-,-,5359.0000,5358.8000,5358.4000,5358.2000,5358.0000,5360.6000,5360.8000,5361.0000,5361.6000,5362.0000,2,1,1,3,3,3,3,3,2,2
SF,IC2003,2020-01-03 14:21:07.900,5360.6000,53696,3,10486145680.000,3,3,0,双开,B,5360.6000,5359.0000,5358.8000,5358.4000,5358.2000,5360.8000,5361.0000,5361.6000,5362.0000,5363.4000,2,2,1,1,3,4,3,2,2,1
SF,IC2003,2020-01-03 14:21:08.400,5360.6000,53698,2,10488289920.000,2,2,0,双开,B,5359.0000,5358.8000,5358.4000,5358.2000,5358.0000,5360.2000,5360.4000,5360.6000,5360.8000,5361.0000,2,1,1,3,3,1,1,7,4,3
SF,IC2003,2020-01-03 14:21:08.900,5360.6000,53698,0,10488289920.000,0,-,-,-,-,5359.2000,5359.0000,5358.8000,5358.2000,5358.0000,5359.6000,5360.6000,5360.8000,5361.0000,5361.6000,1,2,1,2,3,1,3,4,3,2
SF,IC2003,2020-01-03 14:21:09.400,5359.6000,53699,1,10489361840.000,1,1,0,双开,B,5360.0000,5359.6000,5358.8000,5358.2000,5358.0000,5360.6000,5360.8000,5361.0000,5361.6000,5362.0000,1,4,1,2,3,1,4,3,2,2
SF,IC2003,2020-01-03 14:21:09.900,5360.6000,53699,0,10490433960.000,1,0,1,空换,B,5359.6000,5358.8000,5358.2000,5358.0000,5357.2000,5360.8000,5361.0000,5361.6000,5362.0000,5363.4000,4,1,2,3,1,4,3,2,2,1
SF,IC2003,2020-01-03 14:21:10.400,5360.6000,53699,0,10490433960.000,0,-,-,-,-,5359.8000,5359.6000,5358.8000,5358.2000,5358.0000,5360.8000,5361.0000,5361.6000,5362.0000,5363.4000,4,4,1,2,3,4,3,2,2,1
SF,IC2003,2020-01-03 14:21:10.900,5360.8000,53699,0,10491506120.000,1,0,1,空换,B,5359.8000,5359.6000,5358.2000,5358.0000,5357.2000,5360.8000,5361.0000,5361.6000,5362.0000,5363.4000,4,3,2,3,1,3,3,2,2,1
SF,IC2003,2020-01-03 14:21:11.400,5360.8000,53699,0,10491506120.000,0,-,-,-,-,5360.0000,5359.8000,5359.6000,5358.2000,5358.0000,5360.8000,5361.0000,5361.6000,5362.0000,5363.4000,1,4,3,2,3,3,3,2,2,1
SF,IC2003,2020-01-03 14:21:12.900,5360.8000,53699,0,10491506120.000,0,-,-,-,-,5360.0000,5359.8000,5359.6000,5358.2000,5358.0000,5360.8000,5361.0000,5361.6000,5362.0000,5363.4000,1,4,3,2,3,5,3,2,2,1
SF,IC2003,2020-01-03 14:21:13.900,5360.8000,53699,0,10491506120.000,0,-,-,-,-,5360.0000,5359.8000,5359.6000,5358.2000,5358.0000,5360.8000,5361.0000,5361.6000,5362.0000,5363.4000,1,4,3,2,3,5,3,2,2,1
SF,IC2003,2020-01-03 14:21:14.400,5359.8000,53698,-1,10493650080.000,2,0,2,空平,B,5359.8000,5358.2000,5358.0000,5357.2000,5356.8000,5360.6000,5360.8000,5361.0000,5361.6000,5362.0000,1,2,3,1,3,2,5,3,2,2
SF,IC2003,2020-01-03 14:21:14.900,5359.8000,53698,0,10494722040.000,1,0,1,空换,B,5358.2000,5358.0000,5357.2000,5356.8000,5355.8000,5359.8000,5360.4000,5360.6000,5360.8000,5361.0000,2,3,1,3,2,3,3,2,5,3
SF,IC2003,2020-01-03 14:21:15.400,5359.8000,53698,0,10494722040.000,0,-,-,-,-,5359.0000,5358.6000,5358.4000,5358.2000,5358.0000,5359.8000,5360.4000,5360.6000,5360.8000,5361.0000,1,3,5,2,3,3,1,2,5,3
SF,IC2003,2020-01-03 14:21:15.900,5359.8000,53698,0,10494722040.000,0,-,-,-,-,5358.6000,5358.4000,5358.0000,5357.2000,5356.8000,5359.8000,5360.4000,5360.6000,5360.8000,5361.0000,1,4,3,1,3,3,1,1,5,3
SF,IC2003,2020-01-03 14:21:16.400,5359.8000,53698,0,10494722040.000,0,-,-,-,-,5358.8000,5358.6000,5358.4000,5358.0000,5357.2000,5359.8000,5360.4000,5360.6000,5360.8000,5361.0000,2,1,2,3,1,3,1,1,5,3
SF,IC2003,2020-01-03 14:21:18.400,5359.8000,53698,0,10494722040.000,0,-,-,-,-,5358.8000,5358.6000,5358.4000,5358.0000,5357.2000,5359.6000,5359.8000,5360.4000,5360.6000,5360.8000,2,1,2,3,1,1,3,1,3,3
SF,IC2003,2020-01-03 14:21:18.900,5359.8000,53698,0,10494722040.000,0,-,-,-,-,5358.8000,5358.6000,5358.4000,5358.0000,5357.2000,5359.6000,5359.8000,5360.6000,5360.8000,5361.0000,2,1,2,3,1,1,3,3,3,3
SF,IC2003,2020-01-03 14:21:20.900,5359.8000,53698,0,10494722040.000,0,-,-,-,-,5358.8000,5358.6000,5358.4000,5358.0000,5357.2000,5359.6000,5359.8000,5360.4000,5360.6000,5360.8000,2,1,2,3,1,1,3,1,3,3
SF,IC2003,2020-01-03 14:21:21.400,5359.8000,53698,0,10494722040.000,0,-,-,-,-,5358.6000,5358.4000,5358.0000,5357.2000,5356.8000,5359.4000,5359.6000,5360.4000,5360.6000,5360.8000,1,2,3,1,3,1,1,1,5,3
SF,IC2003,2020-01-03 14:21:21.900,5359.4000,53698,0,10495793920.000,1,0,1,空换,B,5358.6000,5358.4000,5358.0000,5357.2000,5356.8000,5359.6000,5360.4000,5360.6000,5360.8000,5361.0000,1,2,3,1,3,1,1,5,3,3
SF,IC2003,2020-01-03 14:21:22.400,5359.4000,53698,0,10495793920.000,0,-,-,-,-,5358.8000,5358.6000,5358.4000,5358.0000,5357.2000,5359.6000,5360.4000,5360.6000,5360.8000,5361.0000,2,1,2,3,1,1,1,5,3,3
SF,IC2003,2020-01-03 14:21:23.900,5358.8000,53698,0,10496865680.000,1,0,1,空换,B,5358.8000,5358.6000,5358.4000,5358.0000,5357.2000,5359.6000,5360.4000,5360.6000,5360.8000,5361.0000,1,1,2,3,1,1,1,5,3,3
SF,IC2003,2020-01-03 14:21:24.400,5358.8000,53698,0,10496865680.000,0,-,-,-,-,5358.8000,5358.6000,5358.4000,5358.0000,5357.2000,5359.6000,5360.4000,5360.6000,5360.8000,5361.0000,2,1,2,3,1,1,1,4,3,3
SF,IC2003,2020-01-03 14:21:25.400,5358.8000,53698,0,10496865680.000,0,-,-,-,-,5358.8000,5358.6000,5358.4000,5358.0000,5357.2000,5360.4000,5360.6000,5360.8000,5361.0000,5361.6000,2,1,2,3,1,1,4,3,3,2
SF,IC2003,2020-01-03 14:21:25.900,5358.8000,53698,0,10496865680.000,0,-,-,-,-,5358.8000,5358.6000,5358.4000,5358.0000,5357.2000,5360.2000,5360.4000,5360.6000,5360.8000,5361.0000,2,1,2,3,1,2,1,4,3,3
SF,IC2003,2020-01-03 14:21:27.900,5358.8000,53698,0,10496865680.000,0,-,-,-,-,5359.0000,5358.8000,5358.6000,5358.4000,5358.0000,5360.2000,5360.4000,5360.6000,5360.8000,5361.0000,2,2,1,2,3,2,1,4,3,3
SF,IC2003,2020-01-03 14:21:28.400,5358.8000,53698,0,10496865680.000,0,-,-,-,-,5359.2000,5359.0000,5358.8000,5358.6000,5358.4000,5360.4000,5360.6000,5360.8000,5361.0000,5361.6000,2,2,1,1,2,1,4,3,3,2
SF,IC2003,2020-01-03 14:21:28.900,5358.8000,53698,0,10496865680.000,0,-,-,-,-,5359.2000,5359.0000,5358.8000,5358.6000,5358.4000,5360.6000,5360.8000,5361.0000,5361.6000,5362.0000,2,2,1,1,2,4,3,3,2,2
SF,IC2003,2020-01-03 14:21:29.400,5358.8000,53698,0,10496865680.000,0,-,-,-,-,5360.2000,5359.2000,5359.0000,5358.8000,5358.6000,5360.4000,5360.6000,5360.8000,5361.0000,5361.6000,4,2,2,1,1,2,4,3,3,2
SF,IC2003,2020-01-03 14:21:29.900,5360.2000,53700,2,10499009760.000,2,2,0,双开,B,5360.2000,5359.2000,5359.0000,5358.6000,5358.4000,5360.6000,5360.8000,5361.0000,5361.6000,5362.0000,2,2,2,1,2,4,3,3,2,2
SF,IC2003,2020-01-03 14:21:30.400,5360.2000,53702,2,10502225880.000,3,2,1,多开,B,5359.2000,5359.0000,5358.6000,5358.4000,5358.0000,5360.4000,5360.6000,5360.8000,5361.0000,5361.6000,2,2,1,2,3,1,4,3,3,2
SF,IC2003,2020-01-03 14:21:30.900,5360.2000,53702,0,10502225880.000,0,-,-,-,-,5359.4000,5359.2000,5359.0000,5358.6000,5358.4000,5360.4000,5360.6000,5360.8000,5361.0000,5361.6000,1,2,2,1,2,1,4,3,3,2
SF,IC2003,2020-01-03 14:21:31.400,5360.2000,53702,0,10502225880.000,0,-,-,-,-,5359.6000,5359.4000,5359.0000,5358.6000,5358.4000,5360.4000,5360.6000,5360.8000,5361.0000,5361.6000,2,1,2,1,2,1,4,3,3,2
SF,IC2003,2020-01-03 14:21:33.900,5360.4000,53702,0,10503297960.000,1,0,1,空换,B,5359.6000,5359.4000,5359.0000,5358.6000,5358.4000,5360.6000,5360.8000,5361.0000,5361.6000,5362.0000,2,1,2,1,2,4,3,3,2,2
SF,IC2003,2020-01-03 14:21:34.400,5360.4000,53702,0,10503297960.000,0,-,-,-,-,5359.4000,5359.0000,5358.6000,5358.4000,5358.0000,5360.6000,5360.8000,5361.0000,5361.6000,5362.0000,1,2,1,2,3,4,3,3,2,2
SF,IC2003,2020-01-03 14:21:34.900,5360.4000,53702,0,10503297960.000,0,-,-,-,-,5359.4000,5359.0000,5358.6000,5358.4000,5358.0000,5360.4000,5360.6000,5360.8000,5361.0000,5361.6000,1,2,1,2,3,2,4,3,3,2
SF,IC2003,2020-01-03 14:21:36.400,5360.4000,53702,0,10503297960.000,0,-,-,-,-,5359.0000,5358.6000,5358.4000,5358.0000,5357.2000,5360.2000,5360.4000,5360.6000,5360.8000,5361.0000,2,1,2,3,1,1,2,4,3,3
SF,IC2003,2020-01-03 14:21:36.900,5360.4000,53702,0,10503297960.000,0,-,-,-,-,5360.0000,5359.0000,5358.6000,5358.4000,5358.0000,5360.2000,5360.4000,5360.6000,5360.8000,5361.0000,1,2,2,2,3,2,2,4,3,3
SF,IC2003,2020-01-03 14:21:37.400,5360.0000,53703,1,10504369960.000,1,1,0,双开,B,5359.0000,5358.6000,5358.4000,5358.0000,5357.2000,5359.8000,5360.0000,5360.2000,5360.4000,5360.6000,2,2,2,3,1,3,7,2,2,4
SF,IC2003,2020-01-03 14:21:37.900,5360.0000,53703,0,10504369960.000,0,-,-,-,-,5359.0000,5358.6000,5358.4000,5358.0000,5357.2000,5360.0000,5360.2000,5360.4000,5360.6000,5360.8000,2,2,2,3,1,3,2,2,4,3
SF,IC2003,2020-01-03 14:21:38.400,5360.0000,53703,0,10504369960.000,0,-,-,-,-,5360.0000,5359.2000,5359.0000,5358.6000,5358.4000,5360.6000,5360.8000,5361.0000,5361.6000,5362.0000,1,3,2,2,2,4,3,3,2,2
SF,IC2003,2020-01-03 14:21:39.400,5360.0000,53703,0,10504369960.000,0,-,-,-,-,5360.0000,5359.2000,5359.0000,5358.6000,5358.4000,5360.6000,5360.8000,5361.0000,5361.6000,5362.0000,1,3,2,1,2,4,3,3,2,2
SF,IC2003,2020-01-03 14:21:39.900,5360.0000,53703,0,10504369960.000,0,-,-,-,-,5360.0000,5359.2000,5359.0000,5358.6000,5358.4000,5360.6000,5360.8000,5361.0000,5361.6000,5362.0000,2,3,2,1,2,4,3,3,2,2
SF,IC2003,2020-01-03 14:21:40.400,5360.0000,53703,0,10504369960.000,0,-,-,-,-,5360.0000,5359.2000,5359.0000,5358.6000,5358.0000,5360.6000,5360.8000,5361.0000,5361.6000,5362.0000,2,3,2,1,3,4,3,3,2,2
SF,IC2003,2020-01-03 14:21:40.900,5360.0000,53703,0,10504369960.000,0,-,-,-,-,5360.0000,5359.2000,5359.0000,5358.6000,5358.0000,5360.6000,5360.8000,5361.0000,5361.6000,5362.0000,2,3,2,1,3,4,3,3,2,2
SF,IC2003,2020-01-03 14:21:42.400,5360.0000,53703,0,10504369960.000,0,-,-,-,-,5360.0000,5359.2000,5358.6000,5358.0000,5357.2000,5360.6000,5360.8000,5361.0000,5361.6000,5362.0000,2,3,1,3,1,4,3,3,2,2
SF,IC2003,2020-01-03 14:21:42.900,5360.0000,53703,0,10504369960.000,0,-,-,-,-,5360.2000,5360.0000,5359.2000,5358.6000,5358.0000,5360.6000,5360.8000,5361.0000,5361.6000,5362.0000,1,2,2,1,3,4,3,3,2,2
SF,IC2003,2020-01-03 14:21:43.900,5360.0000,53704,1,10507585960.000,3,2,1,多开,B,5359.2000,5358.6000,5358.0000,5357.2000,5356.8000,5360.6000,5360.8000,5361.0000,5361.6000,5362.0000,2,1,3,1,3,4,3,3,2,2
SF,IC2003,2020-01-03 14:21:44.400,5360.0000,53704,0,10507585960.000,0,-,-,-,-,5359.2000,5358.6000,5358.0000,5357.2000,5356.8000,5360.4000,5360.6000,5360.8000,5361.0000,5361.6000,2,1,3,1,3,2,4,3,3,2
SF,IC2003,2020-01-03 14:21:45.900,5360.0000,53704,0,10507585960.000,0,-,-,-,-,5359.2000,5358.6000,5358.0000,5357.2000,5356.8000,5360.2000,5360.4000,5360.6000,5360.8000,5361.0000,2,1,3,1,3,1,2,4,3,3
SF,IC2003,2020-01-03 14:21:46.400,5360.2000,53704,0,10508658000.000,1,0,1,空换,B,5359.2000,5358.6000,5358.0000,5357.2000,5356.8000,5360.2000,5360.4000,5360.6000,5360.8000,5361.0000,2,1,3,1,3,1,2,4,3,3
SF,IC2003,2020-01-03 14:21:49.400,5360.2000,53704,0,10508658000.000,0,-,-,-,-,5359.2000,5358.6000,5358.0000,5357.2000,5356.8000,5360.2000,5360.4000,5360.6000,5360.8000,5361.0000,2,1,3,1,3,1,4,4,3,3
SF,IC2003,2020-01-03 14:21:49.900,5360.2000,53704,0,10508658000.000,0,-,-,-,-,5358.6000,5358.0000,5357.2000,5356.8000,5355.8000,5360.0000,5360.2000,5360.4000,5360.6000,5360.8000,1,3,1,3,2,2,1,2,4,3
SF,IC2003,2020-01-03 14:21:50.400,5360.2000,53704,0,10508658000.000,0,-,-,-,-,5358.6000,5358.0000,5357.2000,5356.8000,5355.8000,5360.0000,5360.2000,5360.4000,5360.6000,5360.8000,1,3,1,3,2,3,1,2,4,3
SF,IC2003,2020-01-03 14:21:50.900,5360.2000,53704,0,10508658000.000,0,-,-,-,-,5358.8000,5358.6000,5358.0000,5357.2000,5356.8000,5359.8000,5360.0000,5360.2000,5360.4000,5360.6000,2,1,3,1,3,1,3,1,2,4
SF,IC2003,2020-01-03 14:21:51.900,5360.2000,53704,0,10508658000.000,0,-,-,-,-,5358.8000,5358.6000,5358.0000,5357.2000,5356.8000,5359.8000,5360.0000,5360.2000,5360.4000,5360.6000,2,1,3,1,3,1,2,1,2,4
SF,IC2003,2020-01-03 14:21:52.400,5360.2000,53704,0,10508658000.000,0,-,-,-,-,5358.6000,5358.0000,5357.2000,5356.8000,5355.8000,5359.6000,5359.8000,5360.4000,5360.6000,5360.8000,1,3,1,3,2,3,1,2,4,3
SF,IC2003,2020-01-03 14:21:52.900,5360.2000,53704,0,10508658000.000,0,-,-,-,-,5358.6000,5358.0000,5357.2000,5356.8000,5355.8000,5359.6000,5359.8000,5360.4000,5360.6000,5360.8000,1,3,1,3,2,1,1,2,4,3
SF,IC2003,2020-01-03 14:21:53.400,5360.2000,53704,0,10508658000.000,0,-,-,-,-,5358.8000,5358.6000,5358.0000,5357.2000,5356.8000,5359.6000,5359.8000,5360.4000,5360.6000,5360.8000,2,1,3,1,3,1,1,2,4,3
SF,IC2003,2020-01-03 14:21:54.400,5360.2000,53704,0,10508658000.000,0,-,-,-,-,5358.8000,5358.6000,5358.0000,5357.2000,5356.8000,5359.6000,5360.4000,5360.6000,5360.8000,5361.0000,2,1,3,1,3,1,2,4,3,3
SF,IC2003,2020-01-03 14:21:54.900,5360.2000,53704,0,10508658000.000,0,-,-,-,-,5358.8000,5358.6000,5358.0000,5357.2000,5356.8000,5359.6000,5360.4000,5360.6000,5360.8000,5361.0000,3,1,3,1,3,1,2,4,3,3
SF,IC2003,2020-01-03 14:21:56.900,5360.2000,53704,0,10508658000.000,0,-,-,-,-,5359.0000,5358.8000,5358.6000,5358.0000,5357.2000,5359.6000,5360.4000,5360.6000,5360.8000,5361.0000,1,3,1,3,1,1,2,4,3,3
SF,IC2003,2020-01-03 14:21:57.900,5360.2000,53704,0,10508658000.000,0,-,-,-,-,5359.0000,5358.8000,5358.6000,5358.0000,5357.2000,5359.6000,5360.2000,5360.4000,5360.6000,5360.8000,1,3,1,3,1,1,1,2,4,3
SF,IC2003,2020-01-03 14:21:59.900,5360.2000,53704,0,10508658000.000,0,-,-,-,-,5359.0000,5358.8000,5358.6000,5358.0000,5357.2000,5360.2000,5360.4000,5360.6000,5360.8000,5361.0000,1,3,1,3,1,1,2,4,3,3
SF,IC2003,2020-01-03 14:22:00.400,5360.2000,53704,0,10508658000.000,0,-,-,-,-,5359.2000,5359.0000,5358.8000,5358.6000,5358.0000,5360.2000,5360.4000,5360.6000,5360.8000,5361.0000,2,1,1,1,3,1,2,4,3,2
SF,IC2003,2020-01-03 14:22:00.900,5360.2000,53704,0,10508658000.000,0,-,-,-,-,5359.2000,5359.0000,5358.8000,5358.6000,5358.0000,5360.2000,5360.4000,5360.6000,5360.8000,5361.0000,4,1,1,1,3,2,2,4,3,2
SF,IC2003,2020-01-03 14:22:01.400,5360.2000,53704,0,10508658000.000,0,-,-,-,-,5359.2000,5359.0000,5358.8000,5358.6000,5358.0000,5360.2000,5360.4000,5360.6000,5360.8000,5361.0000,4,1,1,1,3,2,2,4,3,2
SF,IC2003,2020-01-03 14:22:02.400,5360.2000,53704,0,10508658000.000,0,-,-,-,-,5359.4000,5359.2000,5359.0000,5358.8000,5358.6000,5360.2000,5360.4000,5360.6000,5360.8000,5361.0000,2,5,1,1,1,3,2,4,3,2
SF,IC2003,2020-01-03 14:22:02.900,5360.2000,53704,0,10508658000.000,0,-,-,-,-,5359.6000,5359.2000,5359.0000,5358.8000,5358.6000,5360.2000,5360.4000,5360.6000,5360.8000,5361.0000,2,2,1,1,1,2,2,4,3,2
SF,IC2003,2020-01-03 14:22:04.900,5360.2000,53704,0,10508658000.000,0,-,-,-,-,5359.6000,5359.2000,5358.8000,5358.6000,5358.0000,5360.2000,5360.4000,5360.6000,5360.8000,5361.0000,2,2,1,1,3,2,2,4,3,2
SF,IC2003,2020-01-03 14:22:06.400,5360.2000,53704,0,10508658000.000,0,-,-,-,-,5359.6000,5359.2000,5358.8000,5358.6000,5358.0000,5360.2000,5360.4000,5360.6000,5360.8000,5361.0000,2,2,1,1,3,2,2,4,3,2
SF,IC2003,2020-01-03 14:22:06.900,5360.2000,53704,0,10508658000.000,0,-,-,-,-,5359.6000,5358.8000,5358.6000,5358.0000,5357.6000,5360.2000,5360.4000,5360.6000,5360.8000,5361.0000,2,1,1,2,1,1,2,4,3,2
SF,IC2003,2020-01-03 14:22:07.400,5360.2000,53704,0,10508658000.000,0,-,-,-,-,5359.8000,5359.6000,5358.8000,5358.6000,5358.2000,5360.2000,5360.4000,5360.6000,5360.8000,5361.0000,1,4,1,1,1,2,2,4,3,2
SF,IC2003,2020-01-03 14:22:07.900,5360.2000,53704,0,10508658000.000,0,-,-,-,-,5359.8000,5359.6000,5358.8000,5358.6000,5358.2000,5360.2000,5360.4000,5360.6000,5360.8000,5361.0000,2,4,1,1,1,2,2,4,3,2
SF,IC2003,2020-01-03 14:22:08.900,5360.2000,53706,2,10510802080.000,2,2,0,双开,B,5360.2000,5359.8000,5359.6000,5358.8000,5358.6000,5360.4000,5360.6000,5360.8000,5361.0000,5361.6000,1,2,4,1,1,2,4,3,2,2
SF,IC2003,2020-01-03 14:22:09.400,5360.4000,53707,1,10512946240.000,2,1,1,多开,B,5359.8000,5359.6000,5358.8000,5358.6000,5358.2000,5360.6000,5360.8000,5361.0000,5361.6000,5362.0000,2,4,1,1,1,4,3,2,2,3
SF,IC2003,2020-01-03 14:22:11.400,5359.8000,53706,-1,10515090160.000,2,0,2,空平,B,5359.6000,5358.8000,5358.6000,5358.2000,5358.0000,5360.6000,5360.8000,5361.0000,5361.6000,5362.0000,4,1,1,1,2,4,3,2,2,3
SF,IC2003,2020-01-03 14:22:11.900,5359.8000,53706,0,10515090160.000,0,-,-,-,-,5360.0000,5359.8000,5359.6000,5358.8000,5358.6000,5360.6000,5360.8000,5361.0000,5361.6000,5362.0000,2,2,5,1,1,4,3,2,2,3
SF,IC2003,2020-01-03 14:22:12.400,5360.6000,53706,0,10516162280.000,1,0,1,空换,B,5360.2000,5360.0000,5359.6000,5358.8000,5358.6000,5360.6000,5360.8000,5361.0000,5361.6000,5362.0000,2,3,2,1,1,3,3,2,2,3
SF,IC2003,2020-01-03 14:22:12.900,5360.8000,53709,3,10520450800.000,4,3,1,多开,B,5360.4000,5360.2000,5360.0000,5359.6000,5358.8000,5360.8000,5361.0000,5361.6000,5362.0000,5363.4000,1,4,2,2,1,2,2,2,3,1
SF,IC2003,2020-01-03 14:22:13.400,5360.8000,53710,1,10522595120.000,2,1,1,多开,B,5360.4000,5360.2000,5360.0000,5359.6000,5358.8000,5361.0000,5361.6000,5362.0000,5363.4000,5363.6000,1,4,2,2,1,2,2,3,1,2
SF,IC2003,2020-01-03 14:22:13.900,5361.0000,53711,1,10524739520.000,2,1,1,多开,B,5361.0000,5360.6000,5360.4000,5360.2000,5360.0000,5361.6000,5362.0000,5363.4000,5363.6000,5364.0000,2,2,2,2,2,2,3,1,2,2
SF,IC2003,2020-01-03 14:22:14.400,5361.0000,53711,0,10524739520.000,0,-,-,-,-,5361.2000,5361.0000,5360.6000,5360.4000,5360.2000,5361.6000,5362.0000,5363.4000,5363.6000,5364.0000,2,2,2,1,2,2,3,1,2,2
SF,IC2003,2020-01-03 14:22:14.900,5361.6000,53711,0,10526884160.000,2,1,1,空换,B,5361.2000,5361.0000,5360.6000,5360.4000,5360.2000,5362.0000,5363.4000,5363.6000,5364.0000,5364.2000,3,2,2,1,2,3,1,2,2,1
SF,IC2003,2020-01-03 14:22:15.400,5361.6000,53711,0,10526884160.000,0,-,-,-,-,5361.2000,5361.0000,5360.6000,5360.4000,5360.2000,5362.0000,5363.4000,5363.6000,5364.0000,5364.2000,3,2,2,1,2,3,1,2,2,1
SF,IC2003,2020-01-03 14:22:16.900,5361.6000,53711,0,10526884160.000,0,-,-,-,-,5361.2000,5361.0000,5360.6000,5360.4000,5360.2000,5361.8000,5362.0000,5363.4000,5363.6000,5364.0000,3,2,2,1,2,1,3,1,2,2
SF,IC2003,2020-01-03 14:22:17.400,5361.6000,53711,0,10526884160.000,0,-,-,-,-,5361.6000,5361.4000,5361.2000,5361.0000,5360.6000,5361.8000,5362.0000,5363.4000,5363.6000,5364.0000,1,1,3,2,2,1,3,1,2,2
SF,IC2003,2020-01-03 14:22:17.900,5361.8000,53711,0,10527956520.000,1,0,1,空换,B,5361.6000,5361.4000,5361.2000,5360.6000,5360.4000,5362.0000,5363.4000,5363.6000,5364.0000,5364.2000,2,1,1,2,1,3,1,2,2,1
SF,IC2003,2020-01-03 14:22:18.400,5362.0000,53713,2,10530101320.000,2,2,0,双开,B,5361.6000,5361.4000,5361.2000,5360.6000,5360.4000,5362.0000,5363.4000,5363.6000,5364.0000,5364.2000,4,1,1,2,1,1,1,2,2,1
SF,IC2003,2020-01-03 14:22:18.900,5362.0000,53713,0,10531173720.000,1,0,1,空换,B,5362.0000,5361.8000,5361.6000,5361.4000,5361.2000,5363.4000,5363.6000,5364.0000,5364.2000,5365.0000,1,2,4,1,1,1,2,2,1,9
SF,IC2003,2020-01-03 14:22:19.400,5362.0000,53713,0,10531173720.000,0,-,-,-,-,5362.0000,5361.8000,5361.6000,5361.4000,5361.2000,5363.4000,5363.6000,5364.0000,5364.2000,5365.0000,2,2,4,1,1,1,2,2,1,9
SF,IC2003,2020-01-03 14:22:19.900,5362.0000,53713,0,10531173720.000,0,-,-,-,-,5362.0000,5361.8000,5361.6000,5361.4000,5361.2000,5363.4000,5363.6000,5364.0000,5364.2000,5365.0000,2,2,4,1,1,1,2,2,1,9
SF,IC2003,2020-01-03 14:22:20.400,5363.4000,53714,1,10532246400.000,1,1,0,双开,B,5362.2000,5362.0000,5361.6000,5361.2000,5360.6000,5363.6000,5364.0000,5364.2000,5365.0000,5365.2000,2,2,4,1,2,2,2,1,9,2
SF,IC2003,2020-01-03 14:22:20.900,5363.4000,53714,0,10532246400.000,0,-,-,-,-,5362.2000,5362.0000,5361.6000,5361.2000,5360.6000,5363.4000,5363.6000,5364.0000,5364.2000,5365.0000,2,2,4,1,2,2,2,2,1,9
SF,IC2003,2020-01-03 14:22:21.400,5363.4000,53714,0,10532246400.000,0,-,-,-,-,5362.2000,5362.0000,5361.6000,5361.2000,5360.6000,5363.4000,5363.6000,5364.0000,5364.2000,5365.0000,2,1,4,1,2,2,2,2,1,9
SF,IC2003,2020-01-03 14:22:21.900,5363.4000,53714,0,10532246400.000,0,-,-,-,-,5361.6000,5361.2000,5360.6000,5360.4000,5359.2000,5362.2000,5363.2000,5363.4000,5363.6000,5364.0000,4,1,2,1,5,1,1,2,2,2
SF,IC2003,2020-01-03 14:22:22.400,5363.4000,53714,0,10532246400.000,0,-,-,-,-,5361.6000,5361.2000,5360.6000,5360.4000,5359.0000,5362.2000,5363.2000,5363.4000,5363.6000,5364.0000,3,1,2,1,1,1,1,2,2,2
SF,IC2003,2020-01-03 14:22:22.900,5361.2000,53715,1,10536535600.000,4,2,2,多开,B,5361.8000,5359.0000,5358.6000,5358.2000,5358.0000,5362.0000,5362.2000,5363.2000,5363.4000,5363.6000,1,1,1,1,2,2,1,1,2,2
SF,IC2003,2020-01-03 14:22:23.400,5361.8000,53715,0,10537607960.000,1,0,1,空换,B,5359.0000,5358.6000,5358.2000,5358.0000,5357.6000,5361.6000,5361.8000,5362.0000,5363.0000,5363.2000,1,1,1,2,1,2,8,1,1,1
SF,IC2003,2020-01-03 14:22:23.900,5361.8000,53715,0,10537607960.000,0,-,-,-,-,5359.4000,5359.2000,5359.0000,5358.6000,5358.2000,5361.8000,5362.0000,5363.0000,5363.2000,5363.6000,4,5,1,1,1,5,1,1,1,2
SF,IC2003,2020-01-03 14:22:24.400,5361.8000,53715,0,10537607960.000,0,-,-,-,-,5359.8000,5359.4000,5359.2000,5359.0000,5358.6000,5361.8000,5362.0000,5363.0000,5363.2000,5363.6000,1,3,5,1,1,5,1,1,1,2
SF,IC2003,2020-01-03 14:22:24.900,5361.8000,53715,0,10537607960.000,0,-,-,-,-,5360.0000,5359.4000,5359.2000,5359.0000,5358.6000,5361.8000,5362.0000,5363.6000,5364.0000,5364.2000,6,3,1,1,1,5,1,2,2,1
SF,IC2003,2020-01-03 14:22:25.400,5361.8000,53715,0,10537607960.000,0,-,-,-,-,5360.0000,5359.4000,5359.0000,5358.6000,5358.2000,5361.6000,5361.8000,5362.0000,5363.6000,5364.0000,5,3,1,1,1,2,5,1,2,2
SF,IC2003,2020-01-03 14:22:25.900,5361.8000,53715,0,10537607960.000,0,-,-,-,-,5360.2000,5360.0000,5359.4000,5359.0000,5358.6000,5361.6000,5361.8000,5362.0000,5363.6000,5364.0000,1,5,3,1,1,2,5,1,2,2
SF,IC2003,2020-01-03 14:22:26.400,5361.8000,53715,0,10537607960.000,0,-,-,-,-,5360.4000,5360.2000,5360.0000,5359.4000,5359.0000,5361.6000,5361.8000,5362.0000,5363.6000,5364.0000,2,1,1,3,1,2,5,1,2,2
SF,IC2003,2020-01-03 14:22:26.900,5361.8000,53715,0,10537607960.000,0,-,-,-,-,5360.4000,5360.2000,5360.0000,5359.4000,5359.0000,5361.4000,5361.6000,5361.8000,5362.0000,5363.6000,2,1,1,3,1,1,2,5,1,2
SF,IC2003,2020-01-03 14:22:27.400,5361.8000,53715,0,10537607960.000,0,-,-,-,-,5360.4000,5360.0000,5359.4000,5359.0000,5358.6000,5361.8000,5362.0000,5363.6000,5364.0000,5364.2000,2,1,3,1,1,5,1,2,2,1
SF,IC2003,2020-01-03 14:22:27.900,5361.8000,53715,0,10537607960.000,0,-,-,-,-,5360.6000,5360.4000,5360.0000,5359.4000,5359.0000,5361.6000,5361.8000,5362.0000,5363.6000,5364.0000,1,2,1,3,1,2,5,1,2,2
SF,IC2003,2020-01-03 14:22:29.400,5361.8000,53715,0,10537607960.000,0,-,-,-,-,5360.6000,5360.4000,5360.0000,5359.4000,5359.0000,5361.4000,5361.6000,5361.8000,5362.0000,5363.6000,1,2,1,1,1,1,2,5,1,2
SF,IC2003,2020-01-03 14:22:30.400,5361.8000,53715,0,10538680320.000,1,0,1,空换,B,5360.6000,5360.4000,5360.0000,5359.4000,5359.0000,5361.6000,5361.8000,5362.0000,5363.6000,5364.0000,1,2,1,1,1,2,5,1,2,2
SF,IC2003,2020-01-03 14:22:30.900,5361.8000,53715,0,10538680320.000,0,-,-,-,-,5360.6000,5360.4000,5360.0000,5359.4000,5359.0000,5361.0000,5361.6000,5361.8000,5362.0000,5363.6000,1,2,1,1,1,1,2,5,1,2
SF,IC2003,2020-01-03 14:22:31.400,5361.8000,53715,0,10538680320.000,0,-,-,-,-,5360.6000,5360.4000,5360.0000,5359.0000,5358.6000,5361.0000,5361.8000,5362.0000,5363.6000,5364.0000,1,2,1,1,1,1,2,1,2,2
SF,IC2003,2020-01-03 14:22:31.900,5361.8000,53715,0,10538680320.000,0,-,-,-,-,5360.6000,5360.4000,5360.0000,5359.8000,5359.0000,5361.0000,5361.8000,5362.0000,5363.6000,5364.0000,1,2,1,1,1,1,2,1,2,2
SF,IC2003,2020-01-03 14:22:32.900,5361.8000,53715,0,10538680320.000,0,-,-,-,-,5360.6000,5360.4000,5360.0000,5359.8000,5359.0000,5361.0000,5361.8000,5363.6000,5364.0000,5364.2000,1,2,1,1,1,1,2,2,2,1
SF,IC2003,2020-01-03 14:22:33.400,5361.8000,53715,0,10538680320.000,0,-,-,-,-,5360.6000,5360.4000,5359.8000,5359.0000,5358.6000,5361.0000,5361.8000,5363.6000,5364.0000,5364.2000,1,2,1,1,1,1,1,2,2,1
SF,IC2003,2020-01-03 14:22:33.900,5361.8000,53715,0,10538680320.000,0,-,-,-,-,5360.6000,5360.4000,5359.8000,5359.0000,5358.6000,5360.8000,5361.0000,5361.4000,5361.6000,5361.8000,1,2,1,1,1,1,1,1,2,1
SF,IC2003,2020-01-03 14:22:34.400,5361.8000,53715,0,10538680320.000,0,-,-,-,-,5360.6000,5360.4000,5359.8000,5359.0000,5358.6000,5360.8000,5361.0000,5361.6000,5361.8000,5363.6000,1,2,1,1,1,1,1,2,1,2
SF,IC2003,2020-01-03 14:22:35.400,5361.8000,53715,0,10538680320.000,0,-,-,-,-,5360.6000,5360.4000,5359.8000,5359.0000,5358.6000,5360.8000,5361.0000,5361.6000,5361.8000,5363.6000,1,2,1,1,1,1,1,2,1,2
SF,IC2003,2020-01-03 14:22:35.900,5360.8000,53715,0,10539752480.000,1,0,1,空换,B,5360.6000,5360.4000,5359.8000,5359.0000,5358.6000,5361.0000,5361.6000,5361.8000,5363.6000,5364.0000,1,2,1,1,1,1,2,1,2,2
SF,IC2003,2020-01-03 14:22:37.400,5360.8000,53715,0,10539752480.000,0,-,-,-,-,5360.6000,5360.4000,5359.8000,5359.0000,5358.6000,5361.0000,5361.6000,5361.8000,5363.2000,5363.6000,1,2,1,1,1,1,2,1,1,2
SF,IC2003,2020-01-03 14:22:37.900,5361.0000,53715,0,10540824680.000,1,0,1,空换,B,5361.2000,5361.0000,5360.8000,5360.6000,5359.8000,5361.6000,5361.8000,5363.2000,5363.6000,5364.0000,1,2,2,1,1,2,1,1,2,2
SF,IC2003,2020-01-03 14:22:38.400,5361.6000,53716,1,10542969320.000,2,1,1,多开,B,5361.8000,5361.0000,5360.8000,5360.6000,5359.8000,5363.2000,5363.6000,5364.0000,5364.2000,5365.0000,1,1,2,1,1,1,2,3,1,9
SF,IC2003,2020-01-03 14:22:38.900,5361.6000,53716,0,10542969320.000,0,-,-,-,-,5361.0000,5360.8000,5360.6000,5359.8000,5359.0000,5363.0000,5363.2000,5363.6000,5364.0000,5364.2000,1,2,1,1,1,2,1,2,3,1
SF,IC2003,2020-01-03 14:22:39.400,5361.6000,53716,0,10542969320.000,0,-,-,-,-,5361.2000,5361.0000,5360.6000,5359.8000,5359.0000,5363.0000,5363.2000,5363.6000,5364.0000,5364.2000,4,1,1,1,1,2,1,2,3,1
SF,IC2003,2020-01-03 14:22:39.900,5361.6000,53716,0,10542969320.000,0,-,-,-,-,5361.6000,5361.2000,5361.0000,5360.6000,5359.8000,5363.0000,5363.2000,5363.6000,5364.0000,5364.2000,1,3,1,1,1,2,1,2,3,1
SF,IC2003,2020-01-03 14:22:40.400,5361.6000,53716,0,10542969320.000,0,-,-,-,-,5361.8000,5361.2000,5361.0000,5360.6000,5359.8000,5363.0000,5363.2000,5363.6000,5364.0000,5364.2000,2,1,1,1,1,2,1,2,3,1
SF,IC2003,2020-01-03 14:22:41.400,5361.6000,53716,0,10542969320.000,0,-,-,-,-,5361.8000,5361.2000,5361.0000,5359.8000,5359.0000,5362.8000,5363.0000,5363.2000,5363.6000,5364.0000,2,1,1,1,1,1,2,1,2,3
SF,IC2003,2020-01-03 14:22:42.400,5361.6000,53716,0,10542969320.000,0,-,-,-,-,5361.8000,5361.2000,5361.0000,5359.8000,5359.0000,5362.8000,5363.0000,5363.6000,5364.0000,5364.2000,2,1,1,1,1,1,2,2,3,1
SF,IC2003,2020-01-03 14:22:42.900,5361.6000,53716,0,10542969320.000,0,-,-,-,-,5361.2000,5361.0000,5359.8000,5359.0000,5358.6000,5362.6000,5362.8000,5363.6000,5364.0000,5364.2000,1,1,1,1,1,2,1,2,3,1
SF,IC2003,2020-01-03 14:22:43.400,5362.6000,53716,0,10544041840.000,1,0,1,空换,B,5361.4000,5361.0000,5359.8000,5359.0000,5358.6000,5362.6000,5362.8000,5363.6000,5364.0000,5364.2000,3,1,1,1,1,1,1,2,3,1
SF,IC2003,2020-01-03 14:22:43.900,5362.6000,53716,0,10544041840.000,0,-,-,-,-,5361.4000,5361.0000,5360.8000,5359.8000,5359.0000,5363.6000,5364.0000,5364.2000,5365.0000,5365.2000,3,1,1,1,1,2,3,1,9,2
SF,IC2003,2020-01-03 14:22:44.400,5362.6000,53716,0,10544041840.000,0,-,-,-,-,5361.4000,5361.0000,5360.8000,5359.8000,5359.0000,5363.0000,5363.2000,5363.4000,5363.6000,5364.0000,3,1,1,1,1,1,2,2,2,3
SF,IC2003,2020-01-03 14:22:44.900,5362.6000,53716,0,10544041840.000,0,-,-,-,-,5361.4000,5361.0000,5360.8000,5359.8000,5359.0000,5362.8000,5363.0000,5363.2000,5363.4000,5363.6000,3,1,1,1,1,1,1,1,2,2
SF,IC2003,2020-01-03 14:22:46.400,5362.6000,53716,0,10544041840.000,0,-,-,-,-,5361.4000,5360.8000,5359.8000,5359.0000,5358.6000,5362.8000,5363.0000,5363.2000,5363.4000,5363.6000,3,1,1,1,1,1,1,1,2,2
SF,IC2003,2020-01-03 14:22:46.900,5362.6000,53716,0,10544041840.000,0,-,-,-,-,5361.6000,5361.4000,5360.8000,5359.8000,5359.0000,5362.8000,5363.0000,5363.2000,5363.4000,5363.6000,1,3,1,1,1,1,1,1,2,2
SF,IC2003,2020-01-03 14:22:47.400,5362.6000,53716,0,10544041840.000,0,-,-,-,-,5361.8000,5361.6000,5361.4000,5360.8000,5359.8000,5362.8000,5363.0000,5363.2000,5363.4000,5363.6000,2,1,1,1,1,1,1,1,2,2
SF,IC2003,2020-01-03 14:22:48.400,5362.6000,53716,0,10544041840.000,0,-,-,-,-,5361.8000,5361.6000,5361.4000,5360.8000,5359.8000,5363.0000,5363.2000,5363.4000,5363.6000,5364.0000,2,1,1,1,1,1,1,2,2,3
SF,IC2003,2020-01-03 14:22:50.900,5362.6000,53716,0,10544041840.000,0,-,-,-,-,5362.0000,5361.8000,5361.4000,5360.8000,5359.8000,5363.0000,5363.2000,5363.4000,5363.6000,5364.0000,1,2,1,1,1,1,1,2,2,3
SF,IC2003,2020-01-03 14:22:51.400,5362.6000,53716,0,10544041840.000,0,-,-,-,-,5362.2000,5362.0000,5360.8000,5359.8000,5359.0000,5363.0000,5363.2000,5363.4000,5363.6000,5364.0000,2,1,1,1,1,1,1,2,2,3
SF,IC2003,2020-01-03 14:22:51.900,5362.6000,53716,0,10544041840.000,0,-,-,-,-,5362.0000,5360.8000,5359.8000,5359.0000,5358.6000,5363.0000,5363.2000,5363.4000,5363.6000,5364.0000,1,1,1,1,1,1,1,2,2,3
SF,IC2003,2020-01-03 14:22:52.400,5362.6000,53716,0,10544041840.000,0,-,-,-,-,5362.0000,5360.8000,5359.8000,5359.0000,5358.6000,5363.0000,5363.2000,5363.4000,5363.6000,5364.0000,1,1,1,1,1,1,1,2,2,3
SF,IC2003,2020-01-03 14:22:53.900,5362.6000,53716,0,10544041840.000,0,-,-,-,-,5362.2000,5362.0000,5360.8000,5359.8000,5359.0000,5363.0000,5363.2000,5363.4000,5363.6000,5364.0000,1,1,1,1,1,1,1,2,2,3
SF,IC2003,2020-01-03 14:22:54.400,5362.6000,53716,0,10544041840.000,0,-,-,-,-,5362.2000,5362.0000,5360.8000,5359.8000,5359.0000,5363.0000,5363.2000,5363.4000,5363.6000,5364.0000,1,1,1,1,1,1,2,2,3,3
SF,IC2003,2020-01-03 14:22:54.900,5362.2000,53715,-1,10545114280.000,1,0,1,双平,B,5360.8000,5359.8000,5359.0000,5358.6000,5358.2000,5363.0000,5363.2000,5363.4000,5363.6000,5364.0000,1,1,1,1,1,1,2,2,3,3
SF,IC2003,2020-01-03 14:22:55.400,5362.2000,53715,0,10545114280.000,0,-,-,-,-,5361.2000,5361.0000,5360.8000,5359.8000,5359.0000,5362.8000,5363.0000,5363.2000,5363.6000,5364.0000,1,2,1,1,1,1,1,2,3,3
SF,IC2003,2020-01-03 14:22:55.900,5362.2000,53715,0,10545114280.000,0,-,-,-,-,5361.4000,5360.8000,5359.8000,5359.0000,5358.6000,5362.8000,5363.0000,5363.2000,5363.6000,5364.0000,2,1,1,1,1,1,1,2,3,3
SF,IC2003,2020-01-03 14:22:56.400,5362.2000,53715,0,10545114280.000,0,-,-,-,-,5361.4000,5360.8000,5359.8000,5359.0000,5358.6000,5362.4000,5362.8000,5363.0000,5363.2000,5363.6000,2,1,1,1,1,1,1,1,2,3
SF,IC2003,2020-01-03 14:22:57.400,5362.2000,53715,0,10545114280.000,0,-,-,-,-,5361.4000,5360.8000,5359.8000,5359.0000,5358.6000,5362.8000,5363.0000,5363.2000,5363.6000,5364.0000,2,1,1,1,1,1,1,2,3,3
SF,IC2003,2020-01-03 14:23:00.900,5362.8000,53716,1,10546186840.000,1,1,0,双开,B,5361.4000,5360.8000,5359.8000,5359.0000,5358.6000,5363.0000,5363.2000,5363.6000,5364.0000,5364.2000,2,1,1,1,1,1,2,3,3,1
SF,IC2003,2020-01-03 14:23:02.900,5362.8000,53716,0,10546186840.000,0,-,-,-,-,5361.6000,5361.4000,5360.8000,5359.8000,5359.0000,5363.0000,5363.2000,5363.6000,5364.0000,5364.2000,1,2,1,1,1,1,2,3,3,1
SF,IC2003,2020-01-03 14:23:03.400,5362.8000,53716,0,10546186840.000,0,-,-,-,-,5361.6000,5361.4000,5360.8000,5359.8000,5359.0000,5362.8000,5363.0000,5363.2000,5363.6000,5364.0000,1,2,1,1,1,2,1,2,3,3
SF,IC2003,2020-01-03 14:23:03.900,5362.8000,53716,0,10546186840.000,0,-,-,-,-,5361.6000,5361.4000,5360.8000,5359.8000,5359.0000,5362.8000,5363.0000,5363.2000,5363.6000,5364.0000,1,2,1,1,1,2,1,2,3,3
SF,IC2003,2020-01-03 14:23:04.400,5362.8000,53716,0,10546186840.000,0,-,-,-,-,5361.8000,5361.6000,5360.8000,5359.8000,5359.0000,5362.8000,5363.0000,5363.2000,5363.6000,5364.0000,2,1,1,1,1,2,1,2,3,3
SF,IC2003,2020-01-03 14:23:04.900,5362.8000,53716,0,10546186840.000,0,-,-,-,-,5361.8000,5361.6000,5360.8000,5360.2000,5359.8000,5362.8000,5363.0000,5363.2000,5363.6000,5364.0000,2,1,1,1,1,2,1,2,3,3
SF,IC2003,2020-01-03 14:23:05.400,5362.8000,53716,0,10546186840.000,0,-,-,-,-,5361.8000,5360.8000,5360.2000,5359.8000,5359.0000,5362.6000,5362.8000,5363.0000,5363.2000,5363.6000,2,1,1,1,1,1,2,1,2,3
SF,IC2003,2020-01-03 14:23:05.900,5363.0000,53716,0,10550477120.000,4,2,2,空换,B,5363.0000,5360.8000,5360.2000,5359.8000,5359.0000,5363.2000,5363.6000,5364.0000,5364.2000,5365.0000,16,1,1,1,1,2,3,3,1,9
SF,IC2003,2020-01-03 14:23:06.400,5363.0000,53713,-3,10567638720.000,16,6,10,空平,B,5360.8000,5360.2000,5359.8000,5359.0000,5358.6000,5363.2000,5363.6000,5364.0000,5364.2000,5365.0000,1,1,1,1,1,1,3,3,1,9
SF,IC2003,2020-01-03 14:23:06.900,5363.0000,53713,0,10567638720.000,0,-,-,-,-,5361.2000,5361.0000,5360.8000,5360.2000,5359.8000,5363.2000,5363.6000,5364.0000,5364.2000,5364.8000,1,2,1,1,1,1,3,3,1,2
SF,IC2003,2020-01-03 14:23:07.400,5361.4000,53714,1,10568711000.000,1,1,0,双开,B,5361.4000,5360.8000,5360.2000,5359.8000,5359.2000,5363.2000,5363.6000,5364.0000,5364.2000,5364.8000,1,1,1,1,4,1,3,3,1,2
SF,IC2003,2020-01-03 14:23:07.900,5361.4000,53714,0,10568711000.000,0,-,-,-,-,5361.4000,5360.8000,5360.2000,5359.8000,5359.2000,5362.8000,5363.0000,5363.2000,5363.6000,5364.0000,1,1,1,1,4,1,2,1,3,3
SF,IC2003,2020-01-03 14:23:08.400,5361.4000,53714,0,10568711000.000,0,-,-,-,-,5361.4000,5360.8000,5360.2000,5359.8000,5359.2000,5363.0000,5363.2000,5363.6000,5364.0000,5364.2000,1,1,1,1,4,2,1,3,3,1
SF,IC2003,2020-01-03 14:23:08.900,5361.4000,53714,0,10568711000.000,0,-,-,-,-,5361.4000,5360.8000,5360.2000,5359.8000,5359.2000,5362.6000,5363.0000,5363.2000,5363.6000,5364.0000,1,1,1,1,4,1,2,1,3,3
SF,IC2003,2020-01-03 14:23:09.400,5361.4000,53714,0,10568711000.000,0,-,-,-,-,5361.4000,5360.8000,5360.2000,5359.8000,5359.2000,5362.4000,5362.6000,5363.2000,5363.6000,5364.0000,1,1,1,1,4,2,1,1,3,3
SF,IC2003,2020-01-03 14:23:09.900,5361.4000,53714,0,10568711000.000,0,-,-,-,-,5360.8000,5360.2000,5359.8000,5359.2000,5359.0000,5362.4000,5362.6000,5363.2000,5363.6000,5364.0000,1,1,1,4,1,2,1,1,3,3
SF,IC2003,2020-01-03 14:23:10.400,5361.4000,53714,0,10568711000.000,0,-,-,-,-,5361.0000,5360.8000,5359.8000,5359.2000,5359.0000,5362.4000,5362.6000,5363.2000,5363.6000,5364.0000,2,1,1,4,1,2,1,1,3,3
SF,IC2003,2020-01-03 14:23:10.900,5361.4000,53714,0,10568711000.000,0,-,-,-,-,5361.0000,5360.8000,5359.8000,5359.2000,5359.0000,5362.4000,5362.6000,5363.2000,5363.6000,5364.0000,2,1,1,4,1,2,1,1,3,3
SF,IC2003,2020-01-03 14:23:11.900,5361.2000,53715,1,10569783240.000,1,1,0,双开,B,5361.0000,5360.8000,5359.8000,5359.2000,5359.0000,5362.2000,5362.4000,5362.6000,5363.2000,5363.6000,2,1,1,4,1,1,2,1,1,3
SF,IC2003,2020-01-03 14:23:12.900,5361.2000,53715,0,10569783240.000,0,-,-,-,-,5361.0000,5360.8000,5359.8000,5359.2000,5359.0000,5362.2000,5362.4000,5362.6000,5363.2000,5363.6000,2,1,1,4,1,1,2,1,1,3
SF,IC2003,2020-01-03 14:23:13.400,5361.2000,53715,0,10569783240.000,0,-,-,-,-,5361.2000,5361.0000,5360.8000,5359.8000,5359.2000,5362.2000,5362.6000,5363.2000,5363.6000,5363.8000,1,2,1,1,4,1,1,1,3,1
SF,IC2003,2020-01-03 14:23:13.900,5361.2000,53715,0,10569783240.000,0,-,-,-,-,5361.4000,5361.2000,5360.8000,5359.8000,5359.2000,5362.2000,5362.6000,5363.2000,5363.6000,5363.8000,2,1,1,1,4,1,1,1,3,1
SF,IC2003,2020-01-03 14:23:14.400,5361.2000,53715,0,10569783240.000,0,-,-,-,-,5361.2000,5360.8000,5359.8000,5359.2000,5359.0000,5362.2000,5362.6000,5363.2000,5363.6000,5363.8000,1,1,1,4,1,1,1,1,3,1
SF,IC2003,2020-01-03 14:23:14.900,5361.2000,53715,0,10569783240.000,0,-,-,-,-,5360.8000,5359.8000,5359.2000,5359.0000,5358.6000,5361.8000,5362.0000,5362.2000,5362.6000,5363.2000,1,1,4,1,1,1,2,1,1,1
SF,IC2003,2020-01-03 14:23:15.400,5360.8000,53716,1,10570855400.000,1,1,0,双开,B,5359.8000,5359.2000,5359.0000,5358.6000,5358.2000,5361.6000,5361.8000,5362.2000,5363.2000,5363.6000,1,4,1,1,1,2,1,1,1,3
SF,IC2003,2020-01-03 14:23:15.900,5360.8000,53716,0,10570855400.000,0,-,-,-,-,5360.2000,5360.0000,5359.8000,5359.0000,5358.6000,5361.2000,5361.4000,5361.6000,5361.8000,5362.2000,1,2,1,1,1,1,2,2,1,1
SF,IC2003,2020-01-03 14:23:16.400,5362.2000,53715,-1,10578361600.000,7,3,4,空平,B,5360.4000,5360.2000,5359.8000,5359.0000,5358.6000,5363.2000,5363.6000,5363.8000,5364.0000,5364.2000,2,1,1,1,1,1,3,1,3,1
SF,IC2003,2020-01-03 14:23:16.900,5362.2000,53715,0,10578361600.000,0,-,-,-,-,5360.6000,5360.4000,5360.2000,5359.8000,5359.0000,5362.0000,5362.2000,5362.4000,5362.8000,5363.0000,2,2,1,1,1,2,3,1,1,1
SF,IC2003,2020-01-03 14:23:17.400,5362.2000,53715,0,10578361600.000,0,-,-,-,-,5360.8000,5360.2000,5359.8000,5359.0000,5358.6000,5361.8000,5362.0000,5362.2000,5362.4000,5362.8000,2,1,1,1,1,1,2,1,1,1
SF,IC2003,2020-01-03 14:23:17.900,5361.8000,53716,1,10579433960.000,1,1,0,双开,B,5361.0000,5360.8000,5359.8000,5359.0000,5358.6000,5362.0000,5362.2000,5362.4000,5362.8000,5363.0000,1,2,1,1,1,2,1,1,1,1
SF,IC2003,2020-01-03 14:23:18.400,5361.8000,53716,0,10579433960.000,0,-,-,-,-,5361.4000,5361.2000,5361.0000,5359.8000,5359.0000,5363.2000,5363.6000,5363.8000,5364.0000,5364.2000,2,2,1,1,1,1,3,1,3,1
SF,IC2003,2020-01-03 14:23:18.900,5361.8000,53716,0,10579433960.000,0,-,-,-,-,5361.8000,5361.6000,5361.4000,5361.2000,5361.0000,5363.0000,5363.2000,5363.6000,5364.0000,5364.2000,2,2,2,1,1,2,1,3,3,1
SF,IC2003,2020-01-03 14:23:19.400,5361.8000,53716,0,10579433960.000,0,-,-,-,-,5362.0000,5361.4000,5361.2000,5359.8000,5359.0000,5363.0000,5363.2000,5363.6000,5364.0000,5364.2000,3,2,1,1,1,2,1,3,3,1
SF,IC2003,2020-01-03 14:23:19.900,5361.8000,53716,0,10579433960.000,0,-,-,-,-,5362.0000,5361.4000,5361.2000,5359.8000,5359.0000,5363.2000,5363.6000,5364.0000,5364.2000,5364.8000,4,2,1,1,1,1,3,3,1,2
SF,IC2003,2020-01-03 14:23:20.400,5361.8000,53716,0,10579433960.000,0,-,-,-,-,5362.2000,5362.0000,5361.2000,5359.8000,5359.0000,5363.2000,5363.6000,5364.0000,5364.2000,5364.8000,2,3,1,1,1,1,3,3,1,2
SF,IC2003,2020-01-03 14:23:20.900,5361.8000,53716,0,10579433960.000,0,-,-,-,-,5362.4000,5362.2000,5362.0000,5361.2000,5360.2000,5363.2000,5363.6000,5364.0000,5364.2000,5364.8000,2,2,1,1,1,1,3,3,1,2
SF,IC2003,2020-01-03 14:23:21.400,5361.8000,53716,0,10579433960.000,0,-,-,-,-,5362.4000,5362.2000,5362.0000,5361.2000,5360.4000,5363.2000,5363.6000,5364.0000,5364.2000,5364.8000,2,2,1,1,1,1,3,3,1,2
SF,IC2003,2020-01-03 14:23:22.400,5361.8000,53716,0,10579433960.000,0,-,-,-,-,5362.4000,5362.2000,5362.0000,5361.2000,5360.4000,5363.2000,5363.6000,5364.0000,5364.2000,5364.8000,2,2,1,1,1,1,3,3,1,2
SF,IC2003,2020-01-03 14:23:24.900,5361.8000,53716,0,10579433960.000,0,-,-,-,-,5362.4000,5362.2000,5362.0000,5361.2000,5360.4000,5363.2000,5363.6000,5364.0000,5364.2000,5364.8000,2,2,1,1,1,1,3,3,1,2
SF,IC2003,2020-01-03 14:23:25.400,5361.8000,53716,0,10579433960.000,0,-,-,-,-,5362.4000,5362.2000,5362.0000,5360.4000,5359.8000,5363.2000,5363.6000,5364.0000,5364.2000,5364.8000,2,2,1,1,1,1,3,3,1,2
SF,IC2003,2020-01-03 14:23:25.900,5361.8000,53716,0,10579433960.000,0,-,-,-,-,5362.4000,5362.2000,5362.0000,5360.4000,5359.8000,5363.2000,5363.6000,5364.0000,5364.2000,5364.8000,2,1,1,1,1,4,3,3,1,2
SF,IC2003,2020-01-03 14:23:26.400,5362.4000,53717,1,10580506440.000,1,1,0,双开,B,5362.4000,5362.2000,5362.0000,5360.4000,5359.8000,5363.2000,5363.6000,5364.0000,5364.2000,5364.8000,1,1,1,1,1,4,3,3,1,2
SF,IC2003,2020-01-03 14:23:26.900,5362.4000,53717,0,10580506440.000,0,-,-,-,-,5362.4000,5362.2000,5362.0000,5360.8000,5360.4000,5363.0000,5363.2000,5363.6000,5364.0000,5364.2000,1,1,1,1,1,1,4,3,3,1
SF,IC2003,2020-01-03 14:23:27.400,5362.4000,53717,0,10580506440.000,0,-,-,-,-,5362.4000,5362.2000,5362.0000,5360.8000,5360.4000,5363.0000,5363.2000,5363.6000,5364.0000,5364.2000,1,1,1,1,1,3,4,3,3,1
SF,IC2003,2020-01-03 14:23:28.400,5362.4000,53717,0,10580506440.000,0,-,-,-,-,5362.4000,5362.0000,5360.8000,5360.4000,5359.8000,5363.0000,5363.2000,5363.6000,5364.0000,5364.2000,1,1,1,1,1,3,4,3,3,1
SF,IC2003,2020-01-03 14:23:28.900,5362.4000,53718,1,10581578920.000,1,1,0,双开,B,5362.0000,5360.8000,5360.4000,5359.8000,5359.0000,5363.0000,5363.2000,5363.6000,5364.0000,5364.2000,1,1,1,1,1,3,4,3,3,1
SF,IC2003,2020-01-03 14:23:29.400,5362.4000,53718,0,10581578920.000,0,-,-,-,-,5362.0000,5360.8000,5360.4000,5359.8000,5359.0000,5363.0000,5363.2000,5363.6000,5364.0000,5364.2000,1,1,1,1,1,2,4,3,3,1
SF,IC2003,2020-01-03 14:23:29.900,5362.4000,53718,0,10581578920.000,0,-,-,-,-,5362.2000,5362.0000,5360.8000,5360.4000,5359.8000,5363.0000,5363.2000,5363.6000,5364.0000,5364.2000,2,2,1,1,1,2,4,3,3,1
SF,IC2003,2020-01-03 14:23:30.400,5362.4000,53718,0,10581578920.000,0,-,-,-,-,5362.2000,5362.0000,5360.8000,5360.4000,5359.8000,5363.0000,5363.2000,5363.6000,5364.0000,5364.2000,2,2,1,1,1,2,4,3,3,1
SF,IC2003,2020-01-03 14:23:30.900,5362.4000,53718,0,10581578920.000,0,-,-,-,-,5362.2000,5362.0000,5360.8000,5360.4000,5359.8000,5363.0000,5363.2000,5363.6000,5364.0000,5364.2000,2,2,1,1,1,2,1,3,3,1
SF,IC2003,2020-01-03 14:23:31.400,5362.2000,53721,3,10584796240.000,3,3,0,双开,B,5362.0000,5360.8000,5360.4000,5359.8000,5359.0000,5363.0000,5363.2000,5363.6000,5364.0000,5364.2000,2,1,1,1,1,2,1,3,3,1
SF,IC2003,2020-01-03 14:23:31.900,5362.2000,53721,0,10584796240.000,0,-,-,-,-,5362.2000,5362.0000,5360.8000,5360.4000,5359.8000,5363.0000,5363.2000,5363.6000,5364.0000,5364.2000,2,2,1,1,1,2,1,3,3,1
SF,IC2003,2020-01-03 14:23:32.400,5362.4000,53722,1,10586941320.000,2,1,1,多开,B,5362.4000,5362.2000,5362.0000,5360.8000,5360.4000,5363.0000,5363.2000,5363.6000,5364.0000,5364.2000,1,1,2,1,1,1,1,3,3,1
SF,IC2003,2020-01-03 14:23:32.900,5363.2000,53723,1,10589086560.000,2,1,1,多开,B,5362.6000,5362.4000,5362.2000,5362.0000,5360.8000,5363.6000,5364.0000,5364.2000,5365.0000,5365.2000,1,1,1,1,1,3,3,1,8,2
SF,IC2003,2020-01-03 14:23:33.900,5363.2000,53723,0,10589086560.000,0,-,-,-,-,5362.8000,5362.6000,5362.4000,5362.2000,5362.0000,5363.6000,5364.0000,5364.2000,5365.0000,5365.2000,1,1,1,1,1,3,3,1,8,2
SF,IC2003,2020-01-03 14:23:35.900,5363.2000,53723,0,10589086560.000,0,-,-,-,-,5362.6000,5362.4000,5362.0000,5360.8000,5360.4000,5363.6000,5364.0000,5364.2000,5365.0000,5365.2000,1,1,1,1,1,3,3,1,8,2
SF,IC2003,2020-01-03 14:23:36.400,5363.2000,53723,0,10589086560.000,0,-,-,-,-,5362.6000,5362.0000,5360.8000,5360.4000,5359.8000,5363.4000,5363.6000,5364.0000,5364.2000,5365.0000,1,1,1,1,1,2,3,3,1,8
SF,IC2003,2020-01-03 14:23:36.900,5362.6000,53723,0,10590159080.000,1,0,1,空换,B,5362.0000,5360.8000,5360.4000,5359.8000,5359.0000,5362.6000,5362.8000,5363.4000,5363.6000,5364.0000,1,1,1,1,1,2,1,2,3,3
SF,IC2003,2020-01-03 14:23:37.900,5362.6000,53725,2,10592304120.000,2,2,0,双开,B,5362.0000,5360.8000,5360.4000,5359.8000,5359.0000,5362.8000,5363.4000,5363.6000,5364.0000,5364.2000,1,1,1,1,1,1,2,3,3,1
SF,IC2003,2020-01-03 14:23:41.400,5362.6000,53725,0,10592304120.000,0,-,-,-,-,5362.0000,5360.8000,5360.4000,5359.8000,5359.0000,5362.6000,5362.8000,5363.4000,5363.6000,5364.0000,1,1,1,1,1,1,1,2,3,3
SF,IC2003,2020-01-03 14:23:42.400,5362.6000,53725,0,10592304120.000,0,-,-,-,-,5362.0000,5360.8000,5360.4000,5359.8000,5359.0000,5362.6000,5362.8000,5363.4000,5363.6000,5364.0000,1,1,1,1,1,1,1,2,3,3
SF,IC2003,2020-01-03 14:23:44.400,5362.6000,53725,0,10592304120.000,0,-,-,-,-,5362.0000,5360.8000,5360.4000,5359.8000,5359.0000,5362.6000,5362.8000,5363.4000,5363.6000,5364.0000,2,1,1,1,1,1,1,2,3,3
SF,IC2003,2020-01-03 14:23:46.400,5362.6000,53725,0,10592304120.000,0,-,-,-,-,5362.0000,5360.8000,5360.4000,5359.8000,5359.0000,5362.8000,5363.4000,5363.6000,5364.0000,5364.2000,2,1,1,1,1,1,2,3,3,1
SF,IC2003,2020-01-03 14:23:48.400,5362.6000,53725,0,10592304120.000,0,-,-,-,-,5362.0000,5360.8000,5360.4000,5359.8000,5359.0000,5362.8000,5363.4000,5363.6000,5364.0000,5364.2000,2,2,1,1,1,1,2,3,3,1
SF,IC2003,2020-01-03 14:23:48.900,5362.6000,53725,0,10592304120.000,0,-,-,-,-,5362.0000,5360.8000,5360.4000,5359.8000,5359.0000,5362.6000,5362.8000,5363.6000,5364.0000,5364.2000,2,2,1,1,1,2,1,3,3,1
SF,IC2003,2020-01-03 14:23:49.400,5362.6000,53725,0,10594449160.000,2,1,1,空换,B,5362.0000,5360.8000,5360.4000,5359.8000,5359.0000,5362.4000,5362.8000,5363.6000,5364.0000,5364.2000,2,2,1,1,1,1,1,3,3,1
SF,IC2003,2020-01-03 14:23:49.900,5362.4000,53726,1,10595521640.000,1,1,0,双开,B,5362.0000,5360.8000,5360.4000,5359.8000,5359.0000,5362.8000,5363.6000,5364.0000,5364.2000,5365.0000,2,2,1,1,1,1,2,3,1,8
SF,IC2003,2020-01-03 14:23:50.400,5362.0000,53725,-1,10597666440.000,2,0,2,空平,B,5362.0000,5360.8000,5360.4000,5359.8000,5359.0000,5362.8000,5363.0000,5363.6000,5364.0000,5364.2000,1,2,1,1,1,1,1,2,3,1
SF,IC2003,2020-01-03 14:23:50.900,5362.0000,53725,0,10597666440.000,0,-,-,-,-,5362.0000,5360.8000,5360.4000,5359.8000,5359.0000,5362.8000,5363.0000,5363.6000,5364.0000,5364.2000,1,2,1,1,1,1,1,2,3,1
SF,IC2003,2020-01-03 14:23:51.400,5362.8000,53725,0,10598739000.000,1,0,1,空换,B,5362.2000,5362.0000,5361.8000,5360.8000,5360.4000,5363.0000,5363.6000,5364.0000,5364.2000,5365.0000,3,1,2,2,1,1,2,3,1,8
SF,IC2003,2020-01-03 14:23:51.900,5362.8000,53725,0,10598739000.000,0,-,-,-,-,5362.6000,5362.2000,5362.0000,5361.8000,5360.8000,5363.0000,5363.6000,5364.0000,5364.2000,5365.0000,1,3,1,2,2,1,2,3,1,8
SF,IC2003,2020-01-03 14:23:52.400,5363.0000,53725,0,10599811600.000,1,0,1,空换,B,5362.6000,5362.2000,5362.0000,5361.8000,5360.8000,5363.6000,5364.0000,5364.2000,5365.0000,5365.2000,1,3,1,2,2,2,3,1,8,2
SF,IC2003,2020-01-03 14:23:52.900,5363.0000,53725,0,10599811600.000,0,-,-,-,-,5362.8000,5362.6000,5362.2000,5362.0000,5361.8000,5363.6000,5364.0000,5364.2000,5365.0000,5365.2000,2,2,1,1,2,2,3,1,8,2
SF,IC2003,2020-01-03 14:23:53.400,5363.6000,53724,-1,10600884320.000,1,0,1,双平,B,5362.8000,5362.6000,5362.2000,5362.0000,5360.8000,5363.6000,5364.0000,5364.2000,5365.0000,5365.2000,3,2,1,1,2,1,3,1,8,2
SF,IC2003,2020-01-03 14:23:53.900,5363.6000,53725,1,10601957040.000,1,1,0,双开,B,5363.6000,5362.8000,5362.6000,5362.2000,5362.0000,5364.0000,5364.2000,5365.0000,5365.2000,5365.6000,3,3,3,1,1,3,1,8,2,1
SF,IC2003,2020-01-03 14:23:54.400,5364.0000,53726,1,10604102640.000,2,1,1,多开,B,5363.8000,5363.6000,5362.8000,5362.6000,5362.2000,5364.0000,5364.2000,5365.0000,5365.2000,5365.6000,1,3,3,3,1,1,1,8,2,1
SF,IC2003,2020-01-03 14:23:54.900,5364.2000,53728,2,10606248280.000,2,2,0,双开,B,5364.0000,5363.8000,5362.8000,5362.6000,5362.2000,5365.0000,5365.2000,5365.6000,5366.0000,5366.2000,4,1,1,1,1,8,2,1,2,2
SF,IC2003,2020-01-03 14:23:55.400,5364.2000,53728,0,10606248280.000,0,-,-,-,-,5364.0000,5363.8000,5362.6000,5362.2000,5362.0000,5365.0000,5365.2000,5365.6000,5366.0000,5366.2000,5,1,2,1,1,8,2,1,2,2
SF,IC2003,2020-01-03 14:23:55.900,5364.2000,53728,0,10606248280.000,0,-,-,-,-,5364.2000,5364.0000,5363.8000,5362.6000,5362.2000,5365.0000,5365.2000,5365.6000,5366.0000,5366.2000,1,5,3,1,1,8,2,1,2,2
SF,IC2003,2020-01-03 14:23:56.400,5364.2000,53728,0,10606248280.000,0,-,-,-,-,5364.2000,5364.0000,5363.8000,5362.6000,5362.2000,5365.0000,5365.2000,5365.6000,5366.0000,5366.2000,1,1,1,1,1,8,2,1,2,2
SF,IC2003,2020-01-03 14:23:56.900,5364.2000,53728,0,10606248280.000,0,-,-,-,-,5364.2000,5363.8000,5362.6000,5362.2000,5362.0000,5365.0000,5365.2000,5365.6000,5366.0000,5366.2000,1,1,1,1,1,8,2,1,2,2
SF,IC2003,2020-01-03 14:23:58.400,5364.2000,53729,1,10608394120.000,2,1,1,多开,B,5363.8000,5362.6000,5362.2000,5362.0000,5360.8000,5364.8000,5365.0000,5365.2000,5365.6000,5366.0000,1,1,1,1,2,1,7,2,1,2
SF,IC2003,2020-01-03 14:23:58.900,5364.2000,53729,0,10608394120.000,0,-,-,-,-,5364.2000,5364.0000,5363.8000,5362.6000,5362.2000,5364.8000,5365.0000,5365.2000,5365.6000,5366.0000,1,6,1,1,1,1,7,2,1,2
SF,IC2003,2020-01-03 14:23:59.400,5364.8000,53729,0,10609467080.000,1,0,1,空换,B,5364.4000,5364.2000,5364.0000,5363.8000,5362.6000,5365.0000,5365.2000,5365.6000,5366.0000,5366.2000,3,3,4,1,1,7,2,1,2,2
SF,IC2003,2020-01-03 14:23:59.900,5364.8000,53729,0,10609467080.000,0,-,-,-,-,5364.4000,5364.2000,5364.0000,5363.8000,5362.2000,5365.0000,5365.2000,5365.6000,5366.0000,5366.2000,3,2,4,1,1,7,2,1,2,2
SF,IC2003,2020-01-03 14:24:00.400,5365.0000,53729,0,10610540080.000,1,0,1,空换,B,5364.4000,5364.0000,5363.8000,5362.2000,5362.0000,5365.0000,5365.2000,5365.6000,5366.0000,5366.2000,1,3,1,1,1,6,2,1,2,2
SF,IC2003,2020-01-03 14:24:00.900,5364.4000,53729,0,10613758960.000,3,1,2,空换,B,5364.0000,5363.8000,5362.2000,5362.0000,5360.8000,5365.0000,5365.2000,5365.6000,5366.0000,5366.2000,3,1,1,1,1,4,2,1,2,2
SF,IC2003,2020-01-03 14:24:01.400,5364.4000,53729,0,10613758960.000,0,-,-,-,-,5364.8000,5364.0000,5363.8000,5362.2000,5362.0000,5365.0000,5365.2000,5365.6000,5366.0000,5366.2000,1,2,2,1,1,4,2,1,2,2
SF,IC2003,2020-01-03 14:24:01.900,5364.8000,53728,-1,10615904880.000,2,0,2,空平,B,5364.0000,5363.8000,5362.2000,5362.0000,5360.8000,5364.8000,5365.0000,5365.2000,5365.6000,5366.0000,2,2,1,1,1,4,4,2,1,2
SF,IC2003,2020-01-03 14:24:02.400,5364.8000,53730,2,10619123760.000,3,2,1,多开,B,5363.8000,5362.2000,5362.0000,5360.8000,5360.4000,5364.8000,5365.0000,5365.2000,5365.6000,5366.0000,2,1,1,1,1,1,4,2,1,2
SF,IC2003,2020-01-03 14:24:02.900,5364.8000,53730,0,10619123760.000,0,-,-,-,-,5363.8000,5362.4000,5362.2000,5362.0000,5360.8000,5364.8000,5365.0000,5365.2000,5365.6000,5366.0000,1,1,1,1,1,1,4,2,1,2
SF,IC2003,2020-01-03 14:24:03.400,5364.8000,53730,0,10619123760.000,0,-,-,-,-,5363.8000,5362.4000,5362.2000,5362.0000,5360.8000,5364.6000,5364.8000,5365.0000,5365.2000,5365.6000,1,1,1,1,1,2,1,4,2,1
SF,IC2003,2020-01-03 14:24:05.400,5364.8000,53730,0,10619123760.000,0,-,-,-,-,5364.0000,5363.8000,5362.4000,5362.2000,5362.0000,5364.6000,5364.8000,5365.0000,5365.2000,5365.6000,2,1,1,1,1,2,1,4,2,1
SF,IC2003,2020-01-03 14:24:05.900,5364.4000,53730,0,10622342240.000,3,1,2,空换,B,5363.8000,5362.4000,5362.2000,5362.0000,5360.8000,5364.6000,5365.0000,5365.2000,5365.6000,5366.0000,1,1,1,1,1,2,4,2,1,2
SF,IC2003,2020-01-03 14:24:06.400,5364.4000,53730,0,10622342240.000,0,-,-,-,-,5362.4000,5362.2000,5362.0000,5360.8000,5360.4000,5364.6000,5365.0000,5365.2000,5365.6000,5366.0000,1,1,1,1,1,2,4,2,1,2
SF,IC2003,2020-01-03 14:24:06.900,5364.4000,53730,0,10622342240.000,0,-,-,-,-,5362.8000,5362.6000,5362.4000,5362.2000,5362.0000,5364.6000,5365.0000,5365.2000,5365.6000,5366.0000,3,7,3,1,1,2,4,2,1,2
SF,IC2003,2020-01-03 14:24:07.400,5364.4000,53730,0,10622342240.000,0,-,-,-,-,5363.2000,5363.0000,5362.8000,5362.6000,5362.4000,5364.6000,5365.0000,5365.2000,5365.6000,5366.0000,2,5,1,3,3,2,4,2,1,2
SF,IC2003,2020-01-03 14:24:07.900,5364.4000,53730,0,10622342240.000,0,-,-,-,-,5363.4000,5363.0000,5362.8000,5362.4000,5362.2000,5364.6000,5365.0000,5365.2000,5365.6000,5366.0000,5,3,1,3,1,2,4,2,1,2
SF,IC2003,2020-01-03 14:24:09.400,5363.4000,53730,0,10623414920.000,1,0,1,空换,B,5363.4000,5363.0000,5362.4000,5362.2000,5362.0000,5364.6000,5365.0000,5365.2000,5365.6000,5366.0000,4,3,3,1,1,2,4,2,1,2
SF,IC2003,2020-01-03 14:24:09.900,5363.4000,53730,0,10623414920.000,0,-,-,-,-,5363.6000,5363.4000,5363.0000,5362.4000,5362.2000,5364.4000,5364.6000,5365.0000,5365.2000,5365.6000,1,3,3,3,1,1,2,4,2,1
SF,IC2003,2020-01-03 14:24:12.400,5363.4000,53730,0,10623414920.000,0,-,-,-,-,5363.6000,5363.4000,5363.0000,5362.4000,5362.2000,5364.4000,5364.6000,5365.0000,5365.2000,5365.6000,1,3,1,3,1,1,2,4,2,1
SF,IC2003,2020-01-03 14:24:12.900,5363.4000,53730,0,10623414920.000,0,-,-,-,-,5363.8000,5363.0000,5362.4000,5362.2000,5362.0000,5364.4000,5364.6000,5365.0000,5365.2000,5365.6000,2,1,3,1,1,1,2,4,2,1
SF,IC2003,2020-01-03 14:24:14.400,5363.4000,53730,0,10623414920.000,0,-,-,-,-,5363.8000,5363.0000,5362.4000,5362.2000,5362.0000,5364.4000,5364.6000,5365.0000,5365.2000,5365.6000,2,1,3,1,1,1,2,4,2,1
SF,IC2003,2020-01-03 14:24:15.900,5363.8000,53731,1,10624487680.000,1,1,0,双开,B,5363.8000,5363.0000,5362.4000,5362.2000,5362.0000,5364.2000,5364.4000,5364.6000,5365.0000,5365.2000,1,1,3,1,1,2,1,2,4,2
SF,IC2003,2020-01-03 14:24:17.900,5363.8000,53731,0,10624487680.000,0,-,-,-,-,5364.0000,5363.8000,5363.0000,5362.4000,5362.2000,5364.2000,5364.4000,5364.6000,5365.0000,5365.2000,1,1,1,3,1,2,1,2,4,2
SF,IC2003,2020-01-03 14:24:18.400,5363.8000,53731,0,10624487680.000,0,-,-,-,-,5364.0000,5363.8000,5363.0000,5362.4000,5362.2000,5364.2000,5364.6000,5365.0000,5365.2000,5365.6000,1,1,1,3,1,2,2,4,2,1
SF,IC2003,2020-01-03 14:24:18.900,5364.0000,53732,1,10625560480.000,1,1,0,双开,B,5363.8000,5363.0000,5362.4000,5362.2000,5362.0000,5364.2000,5364.6000,5365.0000,5365.2000,5365.6000,1,1,3,1,1,2,2,4,2,1
SF,IC2003,2020-01-03 14:24:19.900,5364.0000,53732,0,10625560480.000,0,-,-,-,-,5363.8000,5363.0000,5362.2000,5362.0000,5360.8000,5364.2000,5364.6000,5365.0000,5365.2000,5365.6000,1,1,1,1,1,2,2,4,2,1
SF,IC2003,2020-01-03 14:24:20.400,5364.0000,53732,0,10625560480.000,0,-,-,-,-,5363.8000,5363.0000,5362.2000,5362.0000,5360.8000,5364.0000,5364.2000,5365.0000,5365.2000,5365.6000,1,1,1,1,1,2,2,4,2,1
SF,IC2003,2020-01-03 14:24:22.400,5364.0000,53732,0,10626633280.000,1,0,1,空换,B,5363.8000,5363.0000,5362.2000,5362.0000,5360.8000,5364.0000,5364.2000,5365.0000,5365.2000,5365.6000,1,1,1,1,1,1,2,4,2,1
SF,IC2003,2020-01-03 14:24:22.900,5363.8000,53733,1,10627706040.000,1,1,0,双开,B,5363.0000,5362.2000,5362.0000,5360.8000,5360.4000,5364.2000,5365.0000,5365.2000,5365.6000,5365.8000,1,1,1,1,1,2,4,2,1,1
SF,IC2003,2020-01-03 14:24:23.400,5363.8000,53733,0,10627706040.000,0,-,-,-,-,5362.2000,5362.0000,5360.8000,5360.4000,5360.0000,5364.0000,5364.2000,5365.0000,5365.2000,5365.6000,1,1,1,1,1,3,2,4,2,1
SF,IC2003,2020-01-03 14:24:23.900,5363.8000,53733,0,10627706040.000,0,-,-,-,-,5362.6000,5362.4000,5362.2000,5362.0000,5360.8000,5364.0000,5364.2000,5365.0000,5365.2000,5365.6000,1,2,2,1,1,4,2,4,2,1
SF,IC2003,2020-01-03 14:24:24.400,5363.8000,53733,0,10627706040.000,0,-,-,-,-,5362.2000,5362.0000,5360.4000,5360.0000,5359.8000,5363.4000,5363.8000,5364.0000,5364.2000,5365.0000,1,1,1,1,1,1,1,3,2,4
SF,IC2003,2020-01-03 14:24:24.900,5363.8000,53733,0,10627706040.000,0,-,-,-,-,5362.2000,5362.0000,5360.4000,5360.0000,5359.8000,5363.2000,5363.4000,5363.8000,5364.2000,5365.0000,1,1,1,1,1,2,1,1,2,4
SF,IC2003,2020-01-03 14:24:25.900,5363.8000,53733,0,10627706040.000,0,-,-,-,-,5362.2000,5362.0000,5360.4000,5360.0000,5359.8000,5363.2000,5364.2000,5365.0000,5365.2000,5365.6000,1,1,1,1,1,2,2,4,2,1
SF,IC2003,2020-01-03 14:24:28.400,5363.8000,53733,0,10627706040.000,0,-,-,-,-,5362.4000,5362.2000,5362.0000,5360.4000,5360.0000,5363.2000,5364.2000,5365.0000,5365.2000,5365.6000,1,1,1,1,1,2,2,4,2,1
SF,IC2003,2020-01-03 14:24:28.900,5363.8000,53733,0,10627706040.000,0,-,-,-,-,5362.4000,5362.2000,5362.0000,5360.4000,5360.0000,5364.2000,5365.0000,5365.2000,5365.6000,5365.8000,1,1,1,1,1,2,4,2,1,1
SF,IC2003,2020-01-03 14:24:29.400,5363.8000,53733,0,10627706040.000,0,-,-,-,-,5362.6000,5362.4000,5362.2000,5362.0000,5360.4000,5364.2000,5365.0000,5365.2000,5365.6000,5365.8000,2,1,1,1,1,2,4,2,1,1
SF,IC2003,2020-01-03 14:24:30.400,5363.8000,53733,0,10627706040.000,0,-,-,-,-,5362.6000,5362.4000,5362.2000,5362.0000,5360.8000,5364.2000,5365.0000,5365.2000,5365.6000,5365.8000,2,1,1,1,1,2,4,2,1,1
SF,IC2003,2020-01-03 14:24:30.900,5363.8000,53733,0,10627706040.000,0,-,-,-,-,5362.8000,5362.6000,5362.2000,5362.0000,5360.8000,5363.8000,5364.0000,5364.2000,5365.0000,5365.2000,1,3,1,1,1,1,2,2,4,2
SF,IC2003,2020-01-03 14:24:31.400,5363.8000,53733,0,10627706040.000,0,-,-,-,-,5362.8000,5362.6000,5362.2000,5362.0000,5360.8000,5363.8000,5364.0000,5364.2000,5365.0000,5365.2000,3,2,1,1,1,2,2,2,4,2
SF,IC2003,2020-01-03 14:24:31.900,5363.0000,53733,0,10628778640.000,1,0,1,空换,B,5363.0000,5362.8000,5362.2000,5362.0000,5360.8000,5364.0000,5364.2000,5365.0000,5365.2000,5365.6000,3,3,1,1,1,2,2,4,2,1
SF,IC2003,2020-01-03 14:24:32.400,5363.0000,53733,0,10628778640.000,0,-,-,-,-,5363.0000,5362.8000,5362.2000,5362.0000,5360.8000,5364.0000,5364.2000,5365.0000,5365.2000,5365.6000,4,2,1,1,1,2,2,4,2,1
SF,IC2003,2020-01-03 14:24:34.400,5363.0000,53733,0,10628778640.000,0,-,-,-,-,5363.0000,5362.8000,5362.2000,5362.0000,5360.4000,5364.0000,5364.2000,5365.0000,5365.2000,5365.6000,4,1,1,1,1,2,2,4,2,1
SF,IC2003,2020-01-03 14:24:35.400,5363.0000,53733,0,10628778640.000,0,-,-,-,-,5363.2000,5363.0000,5362.8000,5362.2000,5362.0000,5364.0000,5364.2000,5365.0000,5365.2000,5365.6000,1,4,1,1,1,2,2,4,2,1
SF,IC2003,2020-01-03 14:24:35.900,5363.0000,53733,0,10628778640.000,0,-,-,-,-,5363.2000,5363.0000,5362.8000,5362.2000,5362.0000,5364.2000,5365.0000,5365.2000,5365.6000,5365.8000,2,3,1,1,1,2,4,2,1,1
SF,IC2003,2020-01-03 14:24:36.400,5363.0000,53733,0,10628778640.000,0,-,-,-,-,5363.2000,5363.0000,5362.2000,5362.0000,5360.4000,5364.2000,5365.0000,5365.2000,5365.6000,5365.8000,2,3,1,1,1,2,4,2,1,1
SF,IC2003,2020-01-03 14:24:39.900,5363.0000,53733,0,10628778640.000,0,-,-,-,-,5363.2000,5363.0000,5362.2000,5362.0000,5360.4000,5364.2000,5365.0000,5365.2000,5365.6000,5365.8000,2,3,1,1,1,2,4,2,1,1
SF,IC2003,2020-01-03 14:24:41.900,5363.0000,53733,0,10628778640.000,0,-,-,-,-,5363.2000,5363.0000,5362.2000,5362.0000,5360.4000,5364.2000,5365.0000,5365.2000,5365.6000,5365.8000,2,2,1,1,1,2,4,2,1,1
SF,IC2003,2020-01-03 14:24:42.400,5363.0000,53733,0,10628778640.000,0,-,-,-,-,5363.2000,5363.0000,5362.2000,5362.0000,5360.4000,5364.2000,5365.0000,5365.2000,5365.6000,5365.8000,2,2,1,1,1,2,4,2,1,1
SF,IC2003,2020-01-03 14:24:43.400,5363.0000,53733,0,10628778640.000,0,-,-,-,-,5363.2000,5363.0000,5362.2000,5362.0000,5360.4000,5364.0000,5364.2000,5365.0000,5365.2000,5365.6000,2,2,1,1,1,1,2,4,2,1
SF,IC2003,2020-01-03 14:24:44.900,5364.0000,53734,1,10629851440.000,1,1,0,双开,B,5363.2000,5363.0000,5362.2000,5362.0000,5360.4000,5364.2000,5365.0000,5365.2000,5365.6000,5365.8000,2,2,1,1,1,2,4,2,1,1
SF,IC2003,2020-01-03 14:24:45.400,5364.0000,53734,0,10629851440.000,0,-,-,-,-,5363.4000,5363.2000,5362.2000,5362.0000,5360.4000,5364.0000,5364.2000,5365.0000,5365.2000,5365.6000,2,1,1,1,1,1,2,4,2,1
SF,IC2003,2020-01-03 14:24:45.900,5364.0000,53734,0,10629851440.000,0,-,-,-,-,5363.4000,5362.2000,5362.0000,5360.4000,5360.0000,5364.0000,5364.2000,5365.0000,5365.2000,5365.6000,3,1,1,1,1,1,2,4,2,1
SF,IC2003,2020-01-03 14:24:46.400,5364.0000,53734,0,10629851440.000,0,-,-,-,-,5363.4000,5362.2000,5362.0000,5360.4000,5360.0000,5364.0000,5364.2000,5365.0000,5365.2000,5365.6000,1,1,1,1,1,2,2,4,2,1
SF,IC2003,2020-01-03 14:24:51.400,5364.0000,53734,0,10629851440.000,0,-,-,-,-,5363.4000,5362.2000,5362.0000,5360.4000,5360.0000,5364.0000,5364.2000,5365.0000,5365.2000,5365.6000,1,1,1,1,1,2,3,4,2,1
SF,IC2003,2020-01-03 14:24:51.900,5364.0000,53734,0,10629851440.000,0,-,-,-,-,5363.4000,5362.2000,5362.0000,5360.4000,5360.0000,5363.8000,5364.0000,5364.2000,5365.0000,5365.2000,1,1,1,1,1,1,2,3,4,2
SF,IC2003,2020-01-03 14:24:54.900,5364.0000,53734,0,10629851440.000,0,-,-,-,-,5363.4000,5362.2000,5362.0000,5360.4000,5360.0000,5363.8000,5364.0000,5364.2000,5365.0000,5365.2000,1,1,1,1,1,2,2,3,4,2
SF,IC2003,2020-01-03 14:24:55.400,5363.8000,53734,0,10630924200.000,1,0,1,空换,B,5363.4000,5362.2000,5362.0000,5360.4000,5360.0000,5363.8000,5364.0000,5364.2000,5365.0000,5365.2000,1,1,1,1,1,1,1,3,4,2
SF,IC2003,2020-01-03 14:24:55.900,5363.8000,53734,0,10630924200.000,0,-,-,-,-,5363.4000,5362.2000,5362.0000,5360.4000,5360.0000,5363.8000,5364.0000,5364.2000,5364.8000,5365.0000,1,1,1,1,1,1,1,3,1,4
SF,IC2003,2020-01-03 14:24:58.900,5363.8000,53734,0,10631996960.000,1,0,1,空换,B,5363.4000,5362.2000,5362.0000,5360.4000,5360.0000,5364.0000,5364.2000,5364.8000,5365.0000,5365.2000,1,1,1,1,1,1,3,1,4,2
SF,IC2003,2020-01-03 14:24:59.900,5363.8000,53734,0,10631996960.000,0,-,-,-,-,5363.4000,5362.2000,5362.0000,5360.4000,5360.0000,5364.0000,5364.2000,5364.8000,5365.0000,5365.2000,1,1,1,1,1,2,3,1,4,2
SF,IC2003,2020-01-03 14:25:02.400,5363.4000,53735,1,10633069640.000,1,1,0,双开,B,5362.2000,5362.0000,5360.4000,5360.0000,5358.6000,5363.4000,5364.0000,5364.2000,5364.8000,5365.0000,1,1,1,1,1,1,2,3,1,4
SF,IC2003,2020-01-03 14:25:02.900,5363.4000,53736,1,10634142320.000,1,1,0,双开,B,5363.4000,5363.2000,5363.0000,5362.8000,5362.6000,5364.0000,5364.2000,5364.8000,5365.0000,5365.2000,3,3,2,3,3,2,3,1,4,2
SF,IC2003,2020-01-03 14:25:03.400,5364.0000,53738,2,10636287920.000,2,2,0,双开,B,5363.6000,5363.4000,5363.2000,5363.0000,5362.8000,5364.2000,5364.8000,5365.0000,5365.2000,5365.6000,1,1,3,1,3,3,1,4,2,1
SF,IC2003,2020-01-03 14:25:03.900,5364.0000,53738,0,10636287920.000,0,-,-,-,-,5363.8000,5363.6000,5363.4000,5363.2000,5363.0000,5364.2000,5364.8000,5365.0000,5365.2000,5365.6000,2,1,1,3,1,3,1,4,2,1
SF,IC2003,2020-01-03 14:25:04.400,5364.2000,53741,3,10639506440.000,3,3,0,双开,B,5364.2000,5364.0000,5363.8000,5363.6000,5363.4000,5364.8000,5365.0000,5365.2000,5365.6000,5365.8000,1,1,2,1,1,1,4,2,1,1
SF,IC2003,2020-01-03 14:25:04.900,5364.8000,53740,-1,10640579400.000,1,0,1,双平,B,5364.6000,5364.2000,5364.0000,5363.8000,5363.2000,5365.0000,5365.2000,5365.6000,5365.8000,5366.0000,1,1,1,2,3,4,2,1,1,2
SF,IC2003,2020-01-03 14:25:05.400,5365.0000,53740,0,10641652400.000,1,0,1,空换,B,5364.2000,5364.0000,5363.8000,5362.8000,5362.6000,5365.0000,5365.2000,5365.6000,5365.8000,5366.0000,1,1,2,3,2,3,2,1,1,2
SF,IC2003,2020-01-03 14:25:05.900,5365.0000,53740,0,10641652400.000,0,-,-,-,-,5364.2000,5364.0000,5363.8000,5362.8000,5362.6000,5365.0000,5365.2000,5365.6000,5365.8000,5366.0000,1,2,2,3,2,3,2,1,1,2
SF,IC2003,2020-01-03 14:25:07.900,5364.2000,53741,1,10642725240.000,1,1,0,双开,B,5364.0000,5363.8000,5362.8000,5362.6000,5362.4000,5365.0000,5365.2000,5365.6000,5365.8000,5366.0000,2,2,3,2,1,3,2,1,1,2
SF,IC2003,2020-01-03 14:25:08.400,5364.2000,53741,0,10642725240.000,0,-,-,-,-,5364.0000,5363.8000,5362.8000,5362.6000,5362.4000,5364.8000,5365.0000,5365.2000,5365.6000,5365.8000,2,2,3,2,1,1,3,2,1,1
SF,IC2003,2020-01-03 14:25:08.900,5364.2000,53741,0,10642725240.000,0,-,-,-,-,5364.0000,5363.8000,5362.8000,5362.6000,5362.4000,5364.8000,5365.0000,5365.2000,5365.6000,5365.8000,2,4,3,2,1,1,3,2,1,1
SF,IC2003,2020-01-03 14:25:09.400,5364.2000,53741,0,10642725240.000,0,-,-,-,-,5364.0000,5363.8000,5362.8000,5362.6000,5362.4000,5364.2000,5364.8000,5365.0000,5365.2000,5365.6000,1,2,3,2,1,1,1,3,2,1
SF,IC2003,2020-01-03 14:25:09.900,5364.0000,53742,1,10643798040.000,1,1,0,双开,B,5362.8000,5362.6000,5362.4000,5362.2000,5362.0000,5364.2000,5364.8000,5365.0000,5365.2000,5365.6000,3,2,1,1,1,1,1,3,2,1
SF,IC2003,2020-01-03 14:25:10.400,5364.0000,53742,0,10643798040.000,0,-,-,-,-,5363.2000,5363.0000,5362.6000,5362.4000,5362.2000,5364.2000,5364.8000,5365.0000,5365.2000,5365.6000,1,3,1,1,1,1,1,3,2,1
SF,IC2003,2020-01-03 14:25:10.900,5364.0000,53742,0,10643798040.000,0,-,-,-,-,5363.2000,5363.0000,5362.6000,5362.4000,5362.2000,5364.0000,5364.2000,5364.8000,5365.0000,5365.2000,1,1,1,1,1,2,2,1,3,2
SF,IC2003,2020-01-03 14:25:11.400,5364.0000,53742,0,10644870840.000,1,0,1,空换,B,5363.2000,5362.6000,5362.4000,5362.2000,5362.0000,5364.0000,5364.2000,5365.0000,5365.2000,5365.6000,1,1,1,1,1,1,2,3,2,1
SF,IC2003,2020-01-03 14:25:11.900,5364.0000,53742,0,10644870840.000,0,-,-,-,-,5363.2000,5362.6000,5362.4000,5362.2000,5362.0000,5363.8000,5364.0000,5364.2000,5365.0000,5365.2000,1,1,1,1,1,1,1,2,3,2
SF,IC2003,2020-01-03 14:25:12.400,5364.0000,53742,0,10644870840.000,0,-,-,-,-,5362.6000,5362.4000,5362.2000,5362.0000,5360.4000,5363.8000,5364.2000,5365.0000,5365.2000,5365.6000,1,1,1,1,1,1,2,3,2,1
SF,IC2003,2020-01-03 14:25:12.900,5364.0000,53742,0,10644870840.000,0,-,-,-,-,5362.8000,5362.6000,5362.4000,5362.2000,5362.0000,5363.8000,5364.2000,5365.0000,5365.2000,5365.6000,2,1,1,1,1,1,2,3,2,1
SF,IC2003,2020-01-03 14:25:14.900,5364.0000,53742,0,10644870840.000,0,-,-,-,-,5363.2000,5362.8000,5362.6000,5362.4000,5362.2000,5363.8000,5364.2000,5365.0000,5365.2000,5365.6000,1,2,3,1,1,1,2,3,2,1
SF,IC2003,2020-01-03 14:25:15.400,5363.8000,53743,1,10645943600.000,1,1,0,双开,B,5363.2000,5362.8000,5362.6000,5362.4000,5362.2000,5364.2000,5365.0000,5365.2000,5365.6000,5365.8000,1,2,2,1,1,1,3,2,1,1
SF,IC2003,2020-01-03 14:25:15.900,5364.2000,53743,0,10647016440.000,1,0,1,空换,B,5363.4000,5363.2000,5362.6000,5362.4000,5362.2000,5365.0000,5365.2000,5365.6000,5365.8000,5366.0000,2,1,2,1,1,3,2,1,1,2
SF,IC2003,2020-01-03 14:25:16.400,5364.2000,53743,0,10647016440.000,0,-,-,-,-,5363.6000,5363.4000,5363.2000,5362.2000,5362.0000,5365.0000,5365.2000,5365.6000,5365.8000,5366.0000,5,2,1,1,1,3,2,1,1,2
SF,IC2003,2020-01-03 14:25:16.900,5365.0000,53742,-1,10649162440.000,2,0,2,空平,B,5364.2000,5364.0000,5363.8000,5363.6000,5363.4000,5365.0000,5365.2000,5365.6000,5365.8000,5366.0000,1,4,6,2,2,1,2,1,1,2
SF,IC2003,2020-01-03 14:25:17.400,5365.2000,53741,-1,10652381520.000,3,1,2,空平,B,5364.4000,5364.2000,5364.0000,5363.8000,5363.6000,5365.6000,5365.8000,5366.0000,5366.2000,5366.8000,2,1,4,1,2,1,1,2,2,5
SF,IC2003,2020-01-03 14:25:17.900,5365.2000,53741,0,10652381520.000,0,-,-,-,-,5364.8000,5364.6000,5364.4000,5364.2000,5364.0000,5365.6000,5365.8000,5366.0000,5366.2000,5366.8000,1,3,2,2,3,1,1,2,2,5
SF,IC2003,2020-01-03 14:25:18.400,5365.6000,53742,1,10653454640.000,1,1,0,双开,B,5365.0000,5364.8000,5364.6000,5364.4000,5364.0000,5365.8000,5366.0000,5366.2000,5366.8000,5367.0000,3,2,1,1,3,1,2,2,5,1
SF,IC2003,2020-01-03 14:25:18.900,5365.6000,53742,0,10653454640.000,0,-,-,-,-,5365.2000,5365.0000,5364.8000,5364.6000,5364.4000,5365.8000,5366.0000,5366.2000,5366.8000,5367.0000,1,4,2,1,1,1,2,2,5,1
SF,IC2003,2020-01-03 14:25:19.400,5365.8000,53743,1,10654527800.000,1,1,0,双开,B,5365.8000,5365.2000,5365.0000,5364.8000,5364.6000,5366.0000,5366.2000,5366.8000,5367.0000,5368.0000,1,2,5,2,1,2,2,5,1,9
SF,IC2003,2020-01-03 14:25:19.900,5365.8000,53747,4,10660967000.000,6,5,1,多开,B,5366.0000,5365.8000,5365.2000,5365.0000,5364.8000,5366.2000,5366.8000,5367.0000,5368.0000,5368.2000,1,1,1,5,1,1,5,1,9,1
SF,IC2003,2020-01-03 14:25:20.400,5366.2000,53748,1,10662040240.000,1,1,0,双开,B,5366.2000,5366.0000,5365.2000,5365.0000,5364.4000,5366.8000,5367.0000,5368.0000,5368.2000,5368.4000,2,1,1,3,1,5,1,9,1,2
SF,IC2003,2020-01-03 14:25:20.900,5366.2000,53749,1,10665260080.000,3,2,1,多开,B,5366.2000,5365.2000,5365.0000,5364.4000,5363.6000,5366.8000,5367.0000,5368.0000,5368.2000,5368.4000,1,1,3,1,2,4,1,9,1,2
SF,IC2003,2020-01-03 14:25:21.400,5366.2000,53750,1,10666333320.000,1,1,0,双开,B,5365.2000,5365.0000,5364.4000,5363.6000,5363.2000,5366.8000,5367.0000,5368.0000,5368.2000,5368.4000,1,3,1,2,1,4,1,9,1,2
SF,IC2003,2020-01-03 14:25:21.900,5366.2000,53750,0,10666333320.000,0,-,-,-,-,5365.2000,5364.4000,5363.6000,5363.2000,5362.2000,5366.6000,5366.8000,5367.0000,5368.0000,5368.2000,3,1,2,1,1,3,4,1,9,1
SF,IC2003,2020-01-03 14:25:22.400,5366.2000,53750,0,10666333320.000,0,-,-,-,-,5366.2000,5364.4000,5363.6000,5363.2000,5362.2000,5366.4000,5366.6000,5366.8000,5367.0000,5368.0000,1,1,2,1,1,2,2,4,1,9
SF,IC2003,2020-01-03 14:25:22.900,5366.2000,53751,1,10667406560.000,1,1,0,双开,B,5364.4000,5363.6000,5363.2000,5362.2000,5362.0000,5365.2000,5365.8000,5366.0000,5366.2000,5366.4000,1,2,1,1,1,1,2,2,15,1
SF,IC2003,2020-01-03 14:25:23.400,5365.2000,53750,-1,10668479600.000,1,0,1,双平,B,5364.6000,5364.4000,5364.2000,5363.6000,5363.2000,5366.2000,5366.4000,5366.6000,5366.8000,5367.0000,2,1,1,2,1,9,1,2,4,1
SF,IC2003,2020-01-03 14:25:23.900,5365.2000,53751,1,10669552640.000,1,1,0,双开,B,5364.8000,5364.6000,5363.6000,5363.2000,5362.2000,5366.2000,5366.4000,5366.6000,5366.8000,5368.0000,2,2,2,1,1,9,1,2,4,10
SF,IC2003,2020-01-03 14:25:24.400,5365.2000,53751,0,10669552640.000,0,-,-,-,-,5365.0000,5364.8000,5364.6000,5363.6000,5363.2000,5366.2000,5366.4000,5366.6000,5366.8000,5368.0000,3,2,2,2,1,7,1,2,4,10
SF,IC2003,2020-01-03 14:25:24.900,5365.2000,53751,0,10669552640.000,0,-,-,-,-,5365.0000,5363.6000,5362.2000,5362.0000,5360.4000,5366.0000,5366.2000,5366.4000,5366.8000,5368.0000,3,2,1,1,1,2,7,1,5,10
SF,IC2003,2020-01-03 14:25:25.400,5365.2000,53750,-1,10670625680.000,1,0,1,双平,B,5365.0000,5363.6000,5362.2000,5362.0000,5360.4000,5366.0000,5366.2000,5366.8000,5368.0000,5368.2000,2,2,1,1,1,2,7,5,10,1
SF,IC2003,2020-01-03 14:25:25.900,5365.2000,53750,0,10670625680.000,0,-,-,-,-,5363.6000,5362.2000,5362.0000,5360.4000,5360.0000,5366.0000,5366.2000,5366.8000,5368.0000,5368.2000,2,1,1,1,2,2,7,5,10,1
SF,IC2003,2020-01-03 14:25:26.400,5365.2000,53750,0,10670625680.000,0,-,-,-,-,5364.6000,5364.4000,5364.2000,5364.0000,5363.8000,5365.0000,5366.0000,5366.2000,5366.8000,5368.0000,3,2,1,10,6,1,2,7,5,10
SF,IC2003,2020-01-03 14:25:26.900,5365.0000,53749,-1,10671698680.000,1,0,1,双平,B,5365.0000,5364.8000,5364.4000,5364.2000,5364.0000,5366.2000,5366.8000,5368.0000,5368.2000,5368.4000,6,3,3,1,8,3,5,10,1,2
SF,IC2003,2020-01-03 14:25:27.400,5365.0000,53749,0,10671698680.000,0,-,-,-,-,5365.2000,5365.0000,5364.8000,5364.4000,5364.2000,5366.2000,5366.8000,5368.0000,5368.2000,5368.4000,2,5,2,2,1,3,5,10,1,2
SF,IC2003,2020-01-03 14:25:27.900,5365.0000,53749,0,10671698680.000,0,-,-,-,-,5365.4000,5365.2000,5365.0000,5364.8000,5364.4000,5366.2000,5366.8000,5368.0000,5368.2000,5368.4000,1,3,4,2,2,1,5,10,1,2
SF,IC2003,2020-01-03 14:25:28.400,5365.0000,53749,0,10671698680.000,0,-,-,-,-,5365.8000,5365.4000,5365.2000,5365.0000,5364.8000,5366.2000,5366.8000,5368.0000,5368.2000,5368.4000,1,2,2,4,2,1,5,10,1,2
SF,IC2003,2020-01-03 14:25:28.900,5366.2000,53750,1,10672771920.000,1,1,0,双开,B,5365.8000,5365.4000,5365.2000,5365.0000,5364.8000,5366.8000,5368.0000,5368.2000,5368.4000,5368.6000,1,1,2,4,2,6,10,1,2,3
SF,IC2003,2020-01-03 14:25:29.400,5365.8000,53750,0,10673845080.000,1,0,1,空换,B,5365.4000,5365.2000,5365.0000,5364.8000,5364.2000,5366.8000,5368.0000,5368.2000,5368.4000,5368.6000,1,2,4,2,1,6,10,1,2,3
SF,IC2003,2020-01-03 14:25:29.900,5366.0000,53750,0,10675991480.000,2,1,1,空换,B,5366.0000,5365.6000,5365.0000,5364.8000,5364.2000,5366.8000,5368.0000,5368.2000,5368.4000,5368.6000,1,2,4,2,1,6,10,1,2,3
SF,IC2003,2020-01-03 14:25:30.400,5366.0000,53750,0,10675991480.000,0,-,-,-,-,5366.0000,5365.6000,5365.0000,5364.8000,5364.2000,5366.8000,5368.0000,5368.2000,5368.4000,5368.6000,1,2,4,2,1,6,10,1,2,3
SF,IC2003,2020-01-03 14:25:30.900,5366.0000,53750,0,10677064680.000,1,0,1,空换,B,5365.6000,5365.0000,5364.8000,5364.2000,5364.0000,5366.8000,5368.0000,5368.2000,5368.4000,5368.6000,2,4,2,1,2,6,10,1,2,3
SF,IC2003,2020-01-03 14:25:31.400,5366.0000,53750,0,10677064680.000,0,-,-,-,-,5365.6000,5365.0000,5364.8000,5364.2000,5364.0000,5366.6000,5366.8000,5368.0000,5368.2000,5368.4000,2,4,2,1,2,2,6,10,1,2
SF,IC2003,2020-01-03 14:25:31.900,5366.0000,53750,0,10677064680.000,0,-,-,-,-,5365.6000,5365.0000,5364.8000,5364.2000,5364.0000,5366.6000,5366.8000,5368.0000,5368.2000,5368.4000,3,4,2,1,2,2,6,10,1,2
SF,IC2003,2020-01-03 14:25:32.900,5366.6000,53751,1,10678138000.000,1,1,0,双开,B,5365.6000,5365.0000,5364.8000,5364.2000,5364.0000,5366.6000,5366.8000,5368.0000,5368.2000,5368.4000,3,4,2,1,2,1,6,10,1,2
SF,IC2003,2020-01-03 14:25:33.400,5366.6000,53751,0,10678138000.000,0,-,-,-,-,5365.6000,5365.0000,5364.8000,5364.2000,5364.0000,5366.8000,5368.0000,5368.2000,5368.4000,5368.6000,3,4,2,1,2,6,10,1,2,3
SF,IC2003,2020-01-03 14:25:33.900,5366.6000,53751,0,10678138000.000,0,-,-,-,-,5365.6000,5365.0000,5364.8000,5364.2000,5364.0000,5366.8000,5368.0000,5368.2000,5368.4000,5368.6000,3,4,2,1,2,6,10,1,2,3
SF,IC2003,2020-01-03 14:25:34.400,5366.6000,53751,0,10678138000.000,0,-,-,-,-,5365.6000,5365.0000,5364.8000,5364.2000,5364.0000,5366.6000,5366.8000,5368.0000,5368.2000,5368.4000,3,4,2,1,2,1,6,10,1,2
SF,IC2003,2020-01-03 14:25:34.900,5366.6000,53751,0,10678138000.000,0,-,-,-,-,5365.8000,5365.6000,5365.0000,5364.8000,5364.2000,5366.6000,5366.8000,5367.2000,5368.0000,5368.2000,1,3,4,2,1,1,6,1,10,1
SF,IC2003,2020-01-03 14:25:35.400,5366.6000,53751,0,10678138000.000,0,-,-,-,-,5366.0000,5365.8000,5365.6000,5365.0000,5364.8000,5366.6000,5366.8000,5367.2000,5368.0000,5368.2000,2,1,1,4,2,5,6,1,10,1
SF,IC2003,2020-01-03 14:25:36.400,5366.8000,53751,0,10685651280.000,7,3,4,空换,B,5366.2000,5366.0000,5365.8000,5365.6000,5364.8000,5366.8000,5367.2000,5368.0000,5368.2000,5368.4000,1,2,2,1,2,5,1,10,1,2
SF,IC2003,2020-01-03 14:25:36.900,5366.8000,53755,4,10691018080.000,5,4,1,多开,B,5366.6000,5366.4000,5366.2000,5365.6000,5364.2000,5367.2000,5368.0000,5368.2000,5368.6000,5368.8000,1,2,4,1,1,1,10,1,3,2
SF,IC2003,2020-01-03 14:25:37.400,5367.2000,53754,-1,10692091520.000,1,0,1,双平,B,5367.2000,5366.8000,5366.6000,5366.2000,5365.6000,5368.0000,5368.2000,5368.6000,5368.8000,5369.0000,1,2,4,1,1,10,1,3,2,4
SF,IC2003,2020-01-03 14:25:37.900,5367.2000,53755,1,10694238400.000,2,1,1,多开,B,5367.2000,5366.8000,5366.6000,5366.2000,5365.6000,5368.0000,5368.2000,5368.6000,5368.8000,5369.0000,3,2,1,1,1,10,1,3,2,4
SF,IC2003,2020-01-03 14:25:38.400,5367.2000,53755,0,10694238400.000,0,-,-,-,-,5367.6000,5367.4000,5367.2000,5366.2000,5365.6000,5367.8000,5368.0000,5368.2000,5368.6000,5368.8000,3,4,3,1,1,1,10,1,3,2
SF,IC2003,2020-01-03 14:25:38.900,5367.6000,53760,5,10700679520.000,6,5,1,多开,B,5367.4000,5367.2000,5366.2000,5365.6000,5365.0000,5367.8000,5368.0000,5368.2000,5368.6000,5368.8000,2,1,1,1,7,1,10,1,3,2
SF,IC2003,2020-01-03 14:25:39.400,5367.2000,53760,0,10702826440.000,2,1,1,空换,B,5366.2000,5365.6000,5365.0000,5364.2000,5364.0000,5367.2000,5367.4000,5367.6000,5367.8000,5368.0000,1,1,7,1,2,4,2,2,1,10
SF,IC2003,2020-01-03 14:25:39.900,5367.2000,53761,1,10703899880.000,1,1,0,双开,B,5366.4000,5366.2000,5365.6000,5365.0000,5364.2000,5367.0000,5367.8000,5368.0000,5368.2000,5368.6000,1,1,1,2,1,2,1,10,1,3
SF,IC2003,2020-01-03 14:25:40.400,5367.0000,53762,1,10706046680.000,2,1,1,多开,B,5367.2000,5366.2000,5365.6000,5365.0000,5364.2000,5367.8000,5368.0000,5368.2000,5368.6000,5368.8000,3,1,1,2,1,1,9,1,3,2
SF,IC2003,2020-01-03 14:25:40.900,5367.2000,53759,-3,10709267000.000,3,0,3,双平,B,5366.2000,5365.6000,5365.0000,5364.2000,5364.0000,5367.2000,5367.8000,5368.0000,5368.2000,5368.6000,1,1,2,1,2,5,1,9,1,3
SF,IC2003,2020-01-03 14:25:41.400,5367.2000,53759,0,10709267000.000,0,-,-,-,-,5366.4000,5366.2000,5366.0000,5365.6000,5365.0000,5367.8000,5368.0000,5368.2000,5368.6000,5368.8000,2,1,2,1,2,1,9,1,3,2
SF,IC2003,2020-01-03 14:25:41.900,5367.0000,53759,0,10710340400.000,1,0,1,空换,B,5366.4000,5366.2000,5366.0000,5365.6000,5365.0000,5367.8000,5368.0000,5368.2000,5368.6000,5368.8000,2,1,2,1,2,1,9,1,3,2
SF,IC2003,2020-01-03 14:25:42.400,5367.0000,53759,0,10710340400.000,0,-,-,-,-,5366.4000,5366.2000,5366.0000,5365.6000,5365.0000,5367.6000,5367.8000,5368.0000,5368.2000,5368.6000,2,1,2,1,2,2,1,9,1,3
SF,IC2003,2020-01-03 14:25:42.900,5367.0000,53759,0,10710340400.000,0,-,-,-,-,5366.2000,5366.0000,5365.6000,5365.0000,5364.4000,5367.6000,5367.8000,5368.0000,5368.2000,5368.6000,1,2,1,2,1,2,3,9,1,3
SF,IC2003,2020-01-03 14:25:43.400,5367.0000,53759,0,10710340400.000,0,-,-,-,-,5366.2000,5366.0000,5365.6000,5365.0000,5364.4000,5367.4000,5367.6000,5367.8000,5368.0000,5368.2000,1,2,1,2,1,1,2,2,9,1
SF,IC2003,2020-01-03 14:25:43.900,5367.0000,53759,0,10710340400.000,0,-,-,-,-,5366.2000,5366.0000,5365.6000,5365.0000,5364.4000,5367.2000,5367.4000,5367.8000,5368.0000,5368.2000,1,2,1,2,1,3,1,2,9,1
SF,IC2003,2020-01-03 14:25:44.400,5367.0000,53759,0,10710340400.000,0,-,-,-,-,5366.6000,5366.4000,5366.0000,5365.6000,5365.0000,5367.0000,5367.2000,5367.4000,5367.8000,5368.0000,1,1,2,1,2,1,3,1,2,9
SF,IC2003,2020-01-03 14:25:44.900,5367.0000,53759,0,10710340400.000,0,-,-,-,-,5366.6000,5366.4000,5366.0000,5365.6000,5365.0000,5367.0000,5367.2000,5367.4000,5367.8000,5368.0000,1,1,2,1,2,1,3,1,2,9
SF,IC2003,2020-01-03 14:25:45.400,5367.2000,53758,-1,10713560680.000,3,1,2,空平,B,5367.0000,5366.6000,5366.4000,5366.0000,5365.6000,5367.2000,5367.4000,5367.8000,5368.0000,5368.2000,1,1,1,2,1,1,1,2,11,1
SF,IC2003,2020-01-03 14:25:46.900,5367.0000,53759,1,10714634080.000,1,1,0,双开,B,5366.6000,5366.4000,5366.0000,5365.6000,5365.0000,5367.8000,5368.0000,5368.2000,5368.6000,5368.8000,1,1,2,1,2,2,11,1,3,2
SF,IC2003,2020-01-03 14:25:47.400,5367.0000,53759,0,10714634080.000,0,-,-,-,-,5367.2000,5366.8000,5366.6000,5366.4000,5365.6000,5367.8000,5368.0000,5368.2000,5368.6000,5368.8000,2,2,1,1,1,2,11,1,3,2
SF,IC2003,2020-01-03 14:25:47.900,5367.0000,53759,0,10714634080.000,0,-,-,-,-,5367.2000,5366.8000,5366.6000,5366.4000,5365.6000,5367.6000,5367.8000,5368.0000,5368.2000,5368.6000,2,2,1,1,1,1,2,11,1,3
SF,IC2003,2020-01-03 14:25:48.400,5367.6000,53760,1,10715707600.000,1,1,0,双开,B,5367.6000,5367.2000,5366.8000,5366.6000,5366.4000,5367.8000,5368.0000,5368.2000,5368.6000,5368.8000,1,2,2,1,1,2,11,1,3,3
SF,IC2003,2020-01-03 14:25:48.900,5367.8000,53760,0,10716781160.000,1,0,1,空换,B,5367.2000,5366.8000,5366.6000,5366.4000,5365.6000,5367.8000,5368.0000,5368.2000,5368.6000,5368.8000,2,2,1,1,1,1,6,1,3,3
SF,IC2003,2020-01-03 14:25:49.900,5367.8000,53760,0,10716781160.000,0,-,-,-,-,5367.2000,5366.8000,5366.4000,5365.6000,5365.0000,5367.8000,5368.0000,5368.2000,5368.6000,5368.8000,2,2,1,1,2,1,6,1,3,3
SF,IC2003,2020-01-03 14:25:50.400,5367.8000,53760,0,10716781160.000,0,-,-,-,-,5367.4000,5367.2000,5366.4000,5365.6000,5365.0000,5367.8000,5368.0000,5368.2000,5368.6000,5368.8000,2,2,1,1,2,1,6,1,3,3
SF,IC2003,2020-01-03 14:25:50.900,5367.8000,53760,0,10717854720.000,1,0,1,空换,B,5367.8000,5367.4000,5367.2000,5365.6000,5365.0000,5368.0000,5368.2000,5368.6000,5368.8000,5369.0000,1,2,2,1,2,6,1,3,3,5
SF,IC2003,2020-01-03 14:25:51.400,5368.0000,53761,1,10722149120.000,4,2,2,多开,B,5367.8000,5367.4000,5367.2000,5365.6000,5365.0000,5368.0000,5368.2000,5368.6000,5368.8000,5369.0000,1,2,2,1,2,2,1,3,3,5
SF,IC2003,2020-01-03 14:25:51.900,5368.0000,53761,0,10725369920.000,3,1,2,空换,B,5368.0000,5367.8000,5367.4000,5367.2000,5365.6000,5368.2000,5368.6000,5368.8000,5369.0000,5369.6000,18,1,2,2,1,1,3,3,5,3
SF,IC2003,2020-01-03 14:25:52.400,5368.0000,53759,-2,10729664440.000,4,1,3,空平,B,5368.0000,5367.8000,5367.4000,5367.2000,5365.6000,5368.6000,5368.8000,5369.0000,5369.6000,5369.8000,17,1,2,2,1,3,3,5,3,3
SF,IC2003,2020-01-03 14:25:53.400,5368.6000,53760,1,10730738160.000,1,1,0,双开,B,5368.0000,5367.8000,5367.4000,5367.2000,5365.6000,5368.6000,5368.8000,5369.0000,5369.6000,5369.8000,17,1,2,2,1,2,3,5,3,3
SF,IC2003,2020-01-03 14:25:53.900,5368.6000,53760,0,10730738160.000,0,-,-,-,-,5368.0000,5367.8000,5367.4000,5367.2000,5365.6000,5368.6000,5368.8000,5369.0000,5369.6000,5369.8000,17,1,2,2,1,2,3,5,3,3
SF,IC2003,2020-01-03 14:25:54.900,5368.6000,53760,0,10730738160.000,0,-,-,-,-,5368.2000,5368.0000,5367.4000,5367.2000,5365.6000,5368.6000,5368.8000,5369.0000,5369.6000,5369.8000,1,17,2,2,1,2,3,5,3,3
SF,IC2003,2020-01-03 14:25:55.400,5368.6000,53760,0,10730738160.000,0,-,-,-,-,5368.0000,5367.4000,5367.2000,5365.6000,5365.0000,5368.6000,5368.8000,5369.0000,5369.6000,5369.8000,18,2,2,1,2,2,3,5,3,3
SF,IC2003,2020-01-03 14:25:56.400,5368.0000,53759,-1,10731811760.000,1,0,1,双平,B,5368.0000,5367.4000,5367.2000,5365.6000,5365.0000,5368.6000,5368.8000,5369.0000,5369.6000,5369.8000,17,2,2,1,2,2,3,5,3,3
SF,IC2003,2020-01-03 14:25:56.900,5368.6000,53760,1,10732885480.000,1,1,0,双开,B,5368.2000,5368.0000,5367.2000,5365.6000,5364.4000,5368.6000,5368.8000,5369.0000,5369.6000,5369.8000,2,17,2,1,1,1,3,5,3,3
SF,IC2003,2020-01-03 14:25:57.400,5368.6000,53760,0,10733959200.000,1,0,1,空换,B,5368.2000,5368.0000,5367.2000,5365.6000,5364.4000,5368.8000,5369.0000,5369.6000,5369.8000,5370.0000,3,17,2,1,1,3,5,3,3,27
SF,IC2003,2020-01-03 14:25:57.900,5369.0000,53762,2,10738254280.000,4,3,1,多开,B,5368.6000,5368.2000,5368.0000,5367.2000,5365.6000,5369.0000,5369.6000,5369.8000,5370.0000,5370.2000,1,1,17,2,1,3,4,3,27,1
SF,IC2003,2020-01-03 14:25:58.400,5369.0000,53760,-2,10741475680.000,3,0,3,空平,B,5368.8000,5368.6000,5368.4000,5368.2000,5368.0000,5369.6000,5369.8000,5370.0000,5370.2000,5370.8000,3,2,2,1,17,4,3,27,1,1
SF,IC2003,2020-01-03 14:25:58.900,5369.0000,53760,0,10741475680.000,0,-,-,-,-,5368.8000,5368.6000,5368.4000,5368.0000,5367.2000,5369.6000,5369.8000,5370.0000,5370.2000,5370.8000,3,2,2,17,2,4,3,27,1,1
SF,IC2003,2020-01-03 14:25:59.400,5369.6000,53759,-1,10742549600.000,1,0,1,双平,B,5368.6000,5368.4000,5368.0000,5367.2000,5365.6000,5369.6000,5369.8000,5370.0000,5370.2000,5370.8000,2,2,17,2,1,3,3,27,1,1
SF,IC2003,2020-01-03 14:25:59.900,5369.6000,53758,-1,10743623520.000,1,0,1,双平,B,5368.6000,5368.0000,5367.2000,5365.6000,5364.4000,5369.6000,5369.8000,5370.0000,5370.2000,5370.8000,2,17,2,1,1,2,3,27,1,1
SF,IC2003,2020-01-03 14:26:00.400,5368.6000,53758,0,10744697240.000,1,0,1,空换,B,5368.6000,5368.0000,5367.2000,5365.6000,5364.4000,5369.2000,5369.4000,5369.6000,5369.8000,5370.0000,2,17,2,1,1,1,3,2,3,27
SF,IC2003,2020-01-03 14:26:00.900,5368.6000,53759,1,10746844680.000,2,1,1,多开,B,5368.0000,5367.2000,5365.6000,5364.4000,5364.2000,5368.6000,5369.0000,5369.2000,5369.4000,5369.6000,16,2,1,1,1,3,2,1,1,2
SF,IC2003,2020-01-03 14:26:01.400,5368.6000,53759,0,10746844680.000,0,-,-,-,-,5368.0000,5367.2000,5365.6000,5364.4000,5364.2000,5368.4000,5368.6000,5369.0000,5369.2000,5369.4000,16,2,1,1,1,1,3,2,1,2
SF,IC2003,2020-01-03 14:26:01.900,5368.0000,53756,-3,10753286280.000,6,1,5,空平,B,5368.0000,5367.2000,5365.6000,5364.4000,5364.2000,5368.4000,5369.0000,5369.2000,5369.4000,5369.6000,10,2,1,1,1,1,2,1,2,2
SF,IC2003,2020-01-03 14:26:02.400,5368.0000,53753,-3,10764022280.000,10,3,7,空平,B,5367.2000,5365.6000,5364.4000,5364.2000,5364.0000,5367.8000,5368.2000,5368.4000,5369.4000,5369.6000,2,1,1,1,2,1,2,1,2,2
SF,IC2003,2020-01-03 14:26:02.900,5367.2000,53753,0,10766169160.000,2,1,1,空换,B,5365.6000,5364.4000,5364.2000,5364.0000,5363.6000,5367.6000,5368.4000,5369.4000,5369.6000,5369.8000,1,1,1,2,2,2,1,2,2,3
SF,IC2003,2020-01-03 14:26:03.400,5367.4000,53753,0,10767242640.000,1,0,1,空换,B,5365.8000,5365.6000,5364.4000,5364.2000,5364.0000,5367.6000,5368.4000,5369.4000,5369.6000,5369.8000,8,2,1,3,2,2,1,1,2,3
SF,IC2003,2020-01-03 14:26:03.900,5367.4000,53753,0,10768316120.000,1,0,1,空换,B,5366.0000,5365.8000,5365.6000,5364.4000,5364.2000,5367.4000,5367.6000,5368.4000,5369.4000,5369.6000,1,6,2,1,3,1,2,1,1,2
SF,IC2003,2020-01-03 14:26:04.400,5367.4000,53753,0,10768316120.000,0,-,-,-,-,5366.2000,5366.0000,5365.6000,5364.4000,5364.2000,5367.2000,5368.4000,5369.4000,5369.6000,5369.8000,3,1,1,1,3,1,1,1,2,3
SF,IC2003,2020-01-03 14:26:04.900,5367.4000,53753,0,10768316120.000,0,-,-,-,-,5366.4000,5366.2000,5365.6000,5364.4000,5364.2000,5367.2000,5368.4000,5369.4000,5369.6000,5369.8000,2,3,1,1,3,1,1,1,2,3
SF,IC2003,2020-01-03 14:26:05.400,5367.4000,53753,0,10768316120.000,0,-,-,-,-,5366.6000,5366.4000,5365.6000,5364.4000,5364.2000,5367.2000,5368.4000,5369.2000,5369.4000,5369.6000,2,2,1,1,3,1,1,2,1,2
SF,IC2003,2020-01-03 14:26:05.900,5367.4000,53753,0,10768316120.000,0,-,-,-,-,5366.6000,5366.4000,5365.6000,5364.4000,5364.2000,5367.2000,5368.4000,5369.2000,5369.4000,5369.6000,2,1,1,1,3,1,1,2,1,2
SF,IC2003,2020-01-03 14:26:06.400,5367.4000,53753,0,10768316120.000,0,-,-,-,-,5366.6000,5366.4000,5365.6000,5365.0000,5364.4000,5367.2000,5368.4000,5369.2000,5369.6000,5369.8000,3,1,1,1,1,1,1,2,2,3
SF,IC2003,2020-01-03 14:26:06.900,5367.4000,53753,0,10768316120.000,0,-,-,-,-,5367.0000,5366.8000,5366.6000,5366.4000,5365.6000,5367.2000,5368.4000,5369.2000,5369.6000,5369.8000,1,1,2,1,1,1,1,2,2,3
SF,IC2003,2020-01-03 14:26:07.400,5367.2000,53753,0,10770463000.000,2,1,1,空换,B,5367.0000,5366.8000,5366.6000,5366.4000,5365.6000,5368.4000,5369.2000,5369.6000,5369.8000,5370.0000,1,1,2,1,1,1,2,2,3,22
SF,IC2003,2020-01-03 14:26:07.900,5367.2000,53753,0,10770463000.000,0,-,-,-,-,5367.2000,5367.0000,5366.6000,5365.6000,5365.0000,5368.2000,5368.4000,5369.2000,5369.6000,5369.8000,1,1,2,1,1,3,1,2,2,3
SF,IC2003,2020-01-03 14:26:08.400,5367.0000,53753,0,10773683280.000,3,1,2,空换,B,5365.6000,5365.0000,5364.4000,5364.2000,5364.0000,5367.4000,5368.2000,5368.4000,5369.2000,5369.6000,1,1,1,3,2,4,3,1,2,2
SF,IC2003,2020-01-03 14:26:08.900,5367.0000,53753,0,10773683280.000,0,-,-,-,-,5365.8000,5365.6000,5365.0000,5364.4000,5364.2000,5367.2000,5368.0000,5368.2000,5368.4000,5369.2000,2,1,1,1,3,1,1,1,1,2
SF,IC2003,2020-01-03 14:26:09.400,5367.0000,53753,0,10773683280.000,0,-,-,-,-,5365.8000,5365.6000,5365.0000,5364.4000,5364.2000,5366.8000,5367.0000,5367.2000,5368.0000,5368.2000,2,1,1,1,3,1,2,1,1,1
SF,IC2003,2020-01-03 14:26:09.900,5367.0000,53753,0,10773683280.000,0,-,-,-,-,5365.6000,5365.0000,5364.4000,5364.2000,5364.0000,5366.6000,5366.8000,5368.0000,5368.2000,5368.4000,1,1,1,3,2,2,2,1,1,1
SF,IC2003,2020-01-03 14:26:10.400,5367.0000,53753,0,10773683280.000,0,-,-,-,-,5365.6000,5365.0000,5364.4000,5364.2000,5364.0000,5366.8000,5368.0000,5368.4000,5369.2000,5369.6000,1,1,1,3,2,2,1,1,1,2
SF,IC2003,2020-01-03 14:26:10.900,5365.6000,53754,1,10775829760.000,2,1,1,多开,B,5365.0000,5364.4000,5364.2000,5364.0000,5363.6000,5366.6000,5366.8000,5368.0000,5368.4000,5369.2000,1,1,3,2,2,1,1,3,1,1
SF,IC2003,2020-01-03 14:26:11.400,5365.6000,53754,0,10775829760.000,0,-,-,-,-,5365.2000,5365.0000,5364.4000,5364.2000,5364.0000,5366.6000,5368.0000,5369.2000,5369.6000,5369.8000,2,1,1,2,2,2,3,1,2,3
SF,IC2003,2020-01-03 14:26:11.900,5365.6000,53754,0,10775829760.000,0,-,-,-,-,5365.2000,5365.0000,5364.4000,5364.0000,5362.0000,5366.6000,5368.0000,5369.2000,5369.6000,5369.8000,2,1,1,1,2,3,3,1,2,3
SF,IC2003,2020-01-03 14:26:12.400,5369.6000,53759,5,10783344960.000,7,6,1,多开,B,5365.2000,5365.0000,5364.4000,5364.0000,5362.0000,5369.6000,5369.8000,5370.0000,5370.2000,5370.8000,2,1,1,1,2,1,3,22,1,2
SF,IC2003,2020-01-03 14:26:12.900,5369.6000,53759,0,10783344960.000,0,-,-,-,-,5365.8000,5365.6000,5365.4000,5365.2000,5365.0000,5367.0000,5367.2000,5367.4000,5367.8000,5368.0000,1,1,3,2,1,5,4,2,1,1
SF,IC2003,2020-01-03 14:26:13.400,5366.0000,53760,1,10784418160.000,1,1,0,双开,B,5366.0000,5365.8000,5365.6000,5365.0000,5364.4000,5367.0000,5367.2000,5367.4000,5367.8000,5368.0000,1,2,1,1,1,1,1,2,1,1
SF,IC2003,2020-01-03 14:26:13.900,5366.0000,53760,0,10784418160.000,0,-,-,-,-,5366.6000,5366.0000,5365.8000,5365.6000,5365.0000,5368.0000,5368.2000,5368.6000,5368.8000,5369.0000,1,1,2,1,1,1,2,1,1,2
SF,IC2003,2020-01-03 14:26:14.400,5366.0000,53760,0,10784418160.000,0,-,-,-,-,5366.6000,5366.0000,5365.8000,5365.6000,5365.0000,5367.8000,5368.0000,5368.2000,5368.6000,5369.0000,1,1,1,1,1,2,1,2,1,2
SF,IC2003,2020-01-03 14:26:14.900,5366.0000,53760,0,10784418160.000,0,-,-,-,-,5366.6000,5366.0000,5365.8000,5365.6000,5365.0000,5367.8000,5368.0000,5368.2000,5368.4000,5368.6000,1,1,1,1,1,2,1,2,1,1
SF,IC2003,2020-01-03 14:26:15.400,5366.6000,53760,0,10785491480.000,1,0,1,空换,B,5366.0000,5365.8000,5365.6000,5365.2000,5365.0000,5367.8000,5368.0000,5368.2000,5368.4000,5368.6000,1,1,1,1,1,2,1,2,1,1
SF,IC2003,2020-01-03 14:26:15.900,5366.6000,53760,0,10785491480.000,0,-,-,-,-,5366.0000,5365.8000,5365.6000,5365.2000,5365.0000,5367.8000,5368.0000,5368.2000,5368.4000,5368.6000,1,1,1,1,1,2,1,2,1,1
SF,IC2003,2020-01-03 14:26:16.400,5366.2000,53761,1,10786564720.000,1,1,0,双开,B,5366.0000,5365.6000,5365.2000,5365.0000,5364.4000,5368.0000,5368.2000,5368.4000,5368.6000,5369.0000,1,1,1,1,1,1,2,1,1,3
SF,IC2003,2020-01-03 14:26:16.900,5366.2000,53761,0,10786564720.000,0,-,-,-,-,5366.0000,5365.2000,5365.0000,5364.4000,5364.0000,5367.8000,5368.2000,5368.4000,5368.6000,5368.8000,2,1,1,1,1,2,2,1,1,1
SF,IC2003,2020-01-03 14:26:17.400,5366.2000,53761,0,10786564720.000,0,-,-,-,-,5366.0000,5365.2000,5365.0000,5364.4000,5364.0000,5367.8000,5368.2000,5368.4000,5368.6000,5368.8000,1,1,1,1,1,2,2,1,1,1
SF,IC2003,2020-01-03 14:26:17.900,5366.2000,53761,0,10786564720.000,0,-,-,-,-,5366.4000,5366.0000,5365.4000,5365.2000,5365.0000,5368.2000,5368.4000,5368.6000,5368.8000,5369.0000,3,1,1,1,1,2,1,1,1,3
SF,IC2003,2020-01-03 14:26:18.400,5366.2000,53761,0,10786564720.000,0,-,-,-,-,5366.6000,5366.4000,5365.4000,5365.2000,5365.0000,5368.2000,5368.4000,5368.6000,5368.8000,5369.0000,2,1,1,1,1,1,1,1,1,3
SF,IC2003,2020-01-03 14:26:18.900,5366.2000,53761,0,10786564720.000,0,-,-,-,-,5366.6000,5366.4000,5365.4000,5365.2000,5365.0000,5368.2000,5368.4000,5368.6000,5368.8000,5369.0000,2,1,1,1,1,1,1,1,1,3
SF,IC2003,2020-01-03 14:26:19.400,5366.2000,53761,0,10786564720.000,0,-,-,-,-,5366.6000,5366.4000,5365.4000,5365.2000,5365.0000,5368.0000,5368.2000,5368.4000,5368.6000,5368.8000,2,1,1,1,1,2,1,1,1,1
SF,IC2003,2020-01-03 14:26:19.900,5366.2000,53761,0,10786564720.000,0,-,-,-,-,5366.6000,5366.4000,5365.4000,5365.2000,5365.0000,5368.0000,5368.4000,5368.6000,5368.8000,5369.0000,2,1,1,1,1,2,1,1,1,3
SF,IC2003,2020-01-03 14:26:20.400,5366.2000,53761,0,10786564720.000,0,-,-,-,-,5366.6000,5366.4000,5365.4000,5365.2000,5365.0000,5367.8000,5368.4000,5368.6000,5368.8000,5369.0000,2,1,1,1,1,1,1,1,1,3
SF,IC2003,2020-01-03 14:26:20.900,5366.2000,53761,0,10786564720.000,0,-,-,-,-,5366.6000,5366.4000,5365.4000,5365.2000,5365.0000,5368.4000,5368.6000,5368.8000,5369.0000,5369.4000,2,1,1,1,1,1,1,1,3,3
SF,IC2003,2020-01-03 14:26:21.400,5366.2000,53761,0,10786564720.000,0,-,-,-,-,5367.0000,5366.8000,5366.6000,5366.4000,5365.4000,5368.2000,5368.4000,5368.6000,5368.8000,5369.0000,3,1,2,1,1,3,1,1,1,3
SF,IC2003,2020-01-03 14:26:21.900,5366.2000,53761,0,10786564720.000,0,-,-,-,-,5367.2000,5367.0000,5366.8000,5366.4000,5365.4000,5368.2000,5368.4000,5368.8000,5369.0000,5369.4000,2,1,2,1,1,1,1,1,2,1
SF,IC2003,2020-01-03 14:26:22.400,5366.2000,53761,0,10786564720.000,0,-,-,-,-,5367.2000,5367.0000,5366.8000,5366.4000,5365.4000,5368.8000,5369.0000,5369.4000,5369.6000,5369.8000,2,1,2,1,1,1,2,1,2,5
SF,IC2003,2020-01-03 14:26:22.900,5366.2000,53761,0,10786564720.000,0,-,-,-,-,5367.4000,5367.2000,5367.0000,5366.8000,5366.4000,5368.6000,5368.8000,5369.0000,5369.4000,5369.6000,1,2,1,1,1,2,1,2,1,2
SF,IC2003,2020-01-03 14:26:23.400,5366.2000,53761,0,10786564720.000,0,-,-,-,-,5367.6000,5367.4000,5367.0000,5366.8000,5366.4000,5368.4000,5368.6000,5368.8000,5369.0000,5369.4000,2,1,1,1,1,1,2,1,2,1
SF,IC2003,2020-01-03 14:26:23.900,5366.2000,53761,0,10786564720.000,0,-,-,-,-,5367.6000,5367.4000,5367.0000,5366.8000,5366.4000,5368.4000,5368.8000,5369.4000,5369.6000,5369.8000,2,1,1,1,1,1,1,1,1,4
SF,IC2003,2020-01-03 14:26:24.400,5366.2000,53761,0,10786564720.000,0,-,-,-,-,5367.6000,5367.4000,5367.0000,5366.4000,5366.2000,5368.8000,5369.6000,5369.8000,5370.0000,5370.2000,2,1,1,1,1,1,1,4,22,1
SF,IC2003,2020-01-03 14:26:24.900,5366.2000,53761,0,10786564720.000,0,-,-,-,-,5367.6000,5367.4000,5367.0000,5366.4000,5366.2000,5368.8000,5369.6000,5369.8000,5370.0000,5370.2000,2,1,1,1,1,1,1,3,22,1
SF,IC2003,2020-01-03 14:26:25.400,5366.2000,53761,0,10786564720.000,0,-,-,-,-,5367.4000,5367.0000,5366.4000,5365.4000,5365.2000,5367.6000,5368.0000,5368.6000,5368.8000,5369.6000,1,1,1,1,1,1,5,2,2,1
SF,IC2003,2020-01-03 14:26:25.900,5367.6000,53763,2,10788711760.000,2,2,0,双开,B,5367.6000,5367.4000,5367.0000,5366.4000,5366.2000,5368.0000,5368.6000,5368.8000,5369.6000,5369.8000,2,1,1,1,1,1,2,2,1,3
SF,IC2003,2020-01-03 14:26:26.400,5367.6000,53763,0,10789785280.000,1,0,1,空换,B,5367.6000,5367.4000,5367.0000,5366.4000,5366.2000,5368.0000,5368.6000,5368.8000,5369.6000,5369.8000,1,1,1,1,2,1,2,2,1,4
SF,IC2003,2020-01-03 14:26:26.900,5367.6000,53763,0,10789785280.000,0,-,-,-,-,5367.4000,5367.0000,5366.4000,5366.2000,5365.4000,5368.0000,5368.6000,5368.8000,5369.6000,5369.8000,1,1,1,2,1,1,2,2,1,4
SF,IC2003,2020-01-03 14:26:27.900,5367.4000,53764,1,10790858760.000,1,1,0,双开,B,5367.0000,5366.4000,5366.2000,5365.4000,5365.2000,5367.4000,5368.0000,5368.6000,5368.8000,5369.6000,1,1,2,1,1,3,1,2,2,1
SF,IC2003,2020-01-03 14:26:28.400,5367.4000,53764,0,10790858760.000,0,-,-,-,-,5366.4000,5366.2000,5365.4000,5365.2000,5365.0000,5368.0000,5368.6000,5368.8000,5369.6000,5369.8000,1,2,1,1,1,1,2,2,1,4
SF,IC2003,2020-01-03 14:26:28.900,5367.4000,53764,0,10790858760.000,0,-,-,-,-,5366.6000,5366.4000,5366.2000,5365.4000,5365.2000,5368.0000,5368.8000,5369.6000,5369.8000,5370.0000,2,1,1,1,1,1,1,1,4,23
SF,IC2003,2020-01-03 14:26:29.400,5367.4000,53764,0,10790858760.000,0,-,-,-,-,5366.6000,5366.4000,5366.2000,5365.4000,5365.2000,5368.0000,5368.4000,5368.8000,5369.6000,5369.8000,2,1,1,1,1,1,1,1,2,4
SF,IC2003,2020-01-03 14:26:29.900,5367.4000,53764,0,10790858760.000,0,-,-,-,-,5366.6000,5366.2000,5365.4000,5365.2000,5365.0000,5368.0000,5368.4000,5368.8000,5369.6000,5369.8000,2,1,1,1,1,1,1,1,2,4
SF,IC2003,2020-01-03 14:26:30.400,5367.4000,53764,0,10790858760.000,0,-,-,-,-,5366.6000,5366.2000,5365.4000,5365.2000,5365.0000,5368.0000,5368.8000,5369.6000,5369.8000,5370.0000,2,1,1,1,1,1,1,2,4,23
SF,IC2003,2020-01-03 14:26:30.900,5367.4000,53765,1,10791932240.000,1,1,0,双开,B,5366.8000,5366.6000,5366.2000,5365.4000,5365.2000,5368.0000,5368.8000,5369.6000,5369.8000,5370.0000,1,2,1,1,1,1,1,2,4,23
SF,IC2003,2020-01-03 14:26:31.400,5367.4000,53765,0,10791932240.000,0,-,-,-,-,5367.0000,5366.8000,5366.2000,5365.4000,5365.2000,5368.0000,5368.8000,5369.6000,5369.8000,5370.0000,2,1,1,1,1,1,1,2,4,23
SF,IC2003,2020-01-03 14:26:31.900,5367.4000,53765,0,10791932240.000,0,-,-,-,-,5367.2000,5367.0000,5366.2000,5365.4000,5365.2000,5368.0000,5368.2000,5368.8000,5369.6000,5369.8000,1,2,1,1,1,1,3,2,2,4
SF,IC2003,2020-01-03 14:26:32.400,5367.4000,53765,0,10791932240.000,0,-,-,-,-,5367.2000,5367.0000,5366.2000,5365.4000,5365.2000,5368.0000,5368.2000,5368.8000,5369.6000,5369.8000,1,2,1,1,1,1,3,2,2,4
SF,IC2003,2020-01-03 14:26:33.400,5367.4000,53765,0,10791932240.000,0,-,-,-,-,5367.2000,5367.0000,5366.2000,5365.4000,5365.2000,5368.0000,5368.2000,5368.8000,5369.4000,5369.6000,1,2,1,1,1,1,3,2,1,3
SF,IC2003,2020-01-03 14:26:34.900,5367.4000,53765,0,10791932240.000,0,-,-,-,-,5367.2000,5367.0000,5366.2000,5365.4000,5365.2000,5368.0000,5368.2000,5368.8000,5369.4000,5369.6000,1,2,1,1,1,1,3,2,1,3
SF,IC2003,2020-01-03 14:26:37.400,5367.2000,53765,0,10793005680.000,1,0,1,空换,B,5367.0000,5366.2000,5365.4000,5365.2000,5365.0000,5368.0000,5368.2000,5368.8000,5369.4000,5369.6000,2,1,1,1,1,1,3,2,1,3
SF,IC2003,2020-01-03 14:26:37.900,5367.8000,53765,0,10794079240.000,1,0,1,空换,B,5366.2000,5365.6000,5365.4000,5365.2000,5365.0000,5367.8000,5368.0000,5368.2000,5368.8000,5369.4000,1,1,1,1,1,1,2,3,2,1
SF,IC2003,2020-01-03 14:26:38.400,5367.8000,53765,0,10794079240.000,0,-,-,-,-,5366.4000,5366.2000,5365.6000,5365.4000,5365.2000,5367.6000,5367.8000,5368.0000,5368.2000,5368.8000,2,1,1,1,1,1,2,1,3,2
SF,IC2003,2020-01-03 14:26:39.400,5367.8000,53765,0,10794079240.000,0,-,-,-,-,5366.6000,5366.4000,5366.2000,5365.6000,5365.4000,5367.6000,5367.8000,5368.0000,5368.2000,5368.8000,1,2,1,1,1,1,2,1,3,2
SF,IC2003,2020-01-03 14:26:41.900,5367.8000,53765,0,10794079240.000,0,-,-,-,-,5366.6000,5366.4000,5366.2000,5365.6000,5365.4000,5367.4000,5367.8000,5368.0000,5368.2000,5368.8000,1,2,1,1,1,1,2,1,3,2
SF,IC2003,2020-01-03 14:26:44.900,5367.8000,53765,0,10794079240.000,0,-,-,-,-,5366.6000,5366.4000,5366.2000,5365.6000,5365.4000,5367.4000,5367.8000,5368.0000,5368.2000,5368.8000,1,2,1,1,1,1,2,1,3,2
SF,IC2003,2020-01-03 14:26:45.400,5367.8000,53765,0,10794079240.000,0,-,-,-,-,5366.8000,5366.6000,5366.2000,5365.6000,5365.4000,5367.4000,5367.8000,5368.0000,5368.2000,5368.8000,2,1,1,1,1,1,1,1,3,2
SF,IC2003,2020-01-03 14:26:45.900,5367.8000,53766,1,10795152800.000,1,1,0,双开,B,5366.8000,5366.6000,5366.2000,5365.6000,5365.4000,5367.8000,5368.0000,5368.2000,5368.8000,5369.6000,2,1,1,1,1,1,1,3,2,3
SF,IC2003,2020-01-03 14:26:46.400,5367.8000,53766,0,10795152800.000,0,-,-,-,-,5367.2000,5366.8000,5366.6000,5366.2000,5365.6000,5368.0000,5368.2000,5368.8000,5369.6000,5369.8000,1,2,1,1,1,1,3,2,3,3
SF,IC2003,2020-01-03 14:26:48.400,5368.0000,53766,0,10796226400.000,1,0,1,空换,B,5367.2000,5366.8000,5366.6000,5366.2000,5365.6000,5368.2000,5368.8000,5369.6000,5369.8000,5370.0000,1,2,1,1,1,3,2,3,3,23
SF,IC2003,2020-01-03 14:26:48.900,5367.2000,53766,0,10797299840.000,1,0,1,空换,B,5366.8000,5366.6000,5366.2000,5365.6000,5365.4000,5368.0000,5368.2000,5368.8000,5369.6000,5369.8000,2,1,1,1,1,2,3,2,3,3
SF,IC2003,2020-01-03 14:26:49.400,5367.2000,53766,0,10797299840.000,0,-,-,-,-,5366.8000,5366.6000,5366.2000,5365.6000,5365.4000,5368.0000,5368.2000,5368.8000,5369.6000,5369.8000,2,1,1,1,1,2,3,2,2,3
SF,IC2003,2020-01-03 14:26:49.900,5367.2000,53766,0,10797299840.000,0,-,-,-,-,5366.8000,5366.6000,5366.2000,5365.6000,5365.4000,5367.8000,5368.2000,5368.8000,5369.2000,5369.6000,2,1,1,1,1,1,3,2,1,2
SF,IC2003,2020-01-03 14:26:50.900,5367.2000,53766,0,10797299840.000,0,-,-,-,-,5366.8000,5366.6000,5366.2000,5365.6000,5365.4000,5367.8000,5368.2000,5368.8000,5369.2000,5369.6000,2,1,1,1,1,2,3,2,1,2
SF,IC2003,2020-01-03 14:26:51.900,5367.2000,53766,0,10797299840.000,0,-,-,-,-,5366.8000,5366.6000,5366.2000,5365.6000,5365.4000,5367.8000,5368.2000,5368.8000,5369.2000,5369.6000,2,1,1,1,1,2,3,2,1,2
SF,IC2003,2020-01-03 14:26:52.400,5367.2000,53766,0,10797299840.000,0,-,-,-,-,5366.6000,5366.2000,5366.0000,5365.6000,5365.4000,5367.6000,5367.8000,5368.2000,5368.8000,5369.6000,1,1,1,1,1,2,2,3,2,2
SF,IC2003,2020-01-03 14:26:52.900,5367.2000,53766,0,10797299840.000,0,-,-,-,-,5366.6000,5366.2000,5366.0000,5365.6000,5365.4000,5367.4000,5367.6000,5368.2000,5368.8000,5369.6000,1,1,1,1,1,2,2,3,2,2
SF,IC2003,2020-01-03 14:26:53.400,5367.2000,53766,0,10797299840.000,0,-,-,-,-,5366.6000,5366.2000,5366.0000,5365.6000,5365.4000,5367.2000,5367.4000,5367.6000,5368.2000,5368.8000,1,1,1,1,1,1,1,2,3,2
SF,IC2003,2020-01-03 14:26:54.400,5366.6000,53766,0,10798373160.000,1,0,1,空换,B,5366.2000,5366.0000,5365.6000,5365.4000,5365.2000,5367.2000,5367.4000,5367.6000,5368.2000,5368.8000,1,1,1,1,1,1,1,2,3,2
SF,IC2003,2020-01-03 14:26:54.900,5366.6000,53766,0,10798373160.000,0,-,-,-,-,5366.2000,5366.0000,5365.6000,5365.4000,5365.2000,5367.2000,5367.6000,5368.2000,5368.8000,5369.6000,1,1,1,1,1,2,2,3,2,2
SF,IC2003,2020-01-03 14:26:55.400,5366.6000,53766,0,10798373160.000,0,-,-,-,-,5366.4000,5366.2000,5366.0000,5365.6000,5365.4000,5367.2000,5368.2000,5368.8000,5369.6000,5369.8000,2,1,1,1,1,1,3,2,2,3
SF,IC2003,2020-01-03 14:26:55.900,5366.6000,53766,0,10798373160.000,0,-,-,-,-,5366.4000,5366.2000,5366.0000,5365.6000,5365.4000,5366.6000,5367.2000,5367.6000,5368.2000,5368.8000,2,1,1,1,1,20,1,3,3,2
SF,IC2003,2020-01-03 14:26:56.400,5366.6000,53767,1,10800519760.000,2,1,1,多开,B,5366.4000,5366.2000,5366.0000,5365.6000,5365.4000,5366.6000,5367.6000,5368.2000,5368.8000,5369.6000,1,1,1,1,1,19,3,3,2,2
SF,IC2003,2020-01-03 14:26:56.900,5366.6000,53768,1,10802666400.000,2,1,1,多开,B,5366.4000,5366.2000,5366.0000,5365.6000,5365.4000,5366.6000,5366.8000,5367.6000,5368.2000,5368.8000,1,1,1,1,1,17,1,3,3,2
SF,IC2003,2020-01-03 14:26:57.400,5366.6000,53769,1,10804813040.000,2,1,1,多开,B,5366.4000,5366.2000,5366.0000,5365.6000,5365.4000,5366.6000,5366.8000,5367.6000,5368.2000,5368.8000,1,1,1,1,1,15,1,3,3,2
SF,IC2003,2020-01-03 14:26:57.900,5366.6000,53774,5,10815546240.000,10,7,3,多开,B,5366.4000,5366.2000,5366.0000,5365.6000,5365.4000,5366.6000,5366.8000,5367.6000,5368.2000,5368.8000,1,1,1,1,1,5,1,3,3,2
SF,IC2003,2020-01-03 14:26:58.400,5366.8000,53779,5,10821986200.000,6,5,1,多开,B,5366.6000,5366.2000,5366.0000,5365.6000,5365.4000,5367.6000,5368.2000,5368.8000,5369.6000,5369.8000,5,1,1,1,1,3,3,2,1,3
SF,IC2003,2020-01-03 14:26:58.900,5367.6000,53781,2,10824133240.000,2,2,0,双开,B,5366.8000,5366.6000,5366.2000,5366.0000,5365.6000,5367.6000,5368.2000,5368.8000,5369.6000,5369.8000,2,4,1,1,1,1,3,2,1,3
SF,IC2003,2020-01-03 14:26:59.400,5367.6000,53781,0,10824133240.000,0,-,-,-,-,5366.8000,5366.6000,5366.2000,5366.0000,5365.6000,5367.6000,5368.2000,5368.8000,5369.6000,5369.8000,3,4,1,1,1,1,3,2,1,3
SF,IC2003,2020-01-03 14:26:59.900,5367.6000,53781,0,10824133240.000,0,-,-,-,-,5367.0000,5366.8000,5366.6000,5366.2000,5366.0000,5367.6000,5368.2000,5368.8000,5369.6000,5369.8000,1,3,3,1,1,1,3,2,1,3
SF,IC2003,2020-01-03 14:27:00.400,5367.6000,53781,0,10824133240.000,0,-,-,-,-,5367.2000,5367.0000,5366.8000,5366.6000,5366.2000,5367.6000,5368.2000,5368.8000,5369.6000,5369.8000,1,1,3,3,1,1,3,2,1,4
SF,IC2003,2020-01-03 14:27:00.900,5367.6000,53781,0,10824133240.000,0,-,-,-,-,5367.2000,5367.0000,5366.8000,5366.6000,5366.2000,5367.6000,5368.0000,5368.2000,5368.8000,5369.6000,1,1,2,3,1,1,1,3,2,1
SF,IC2003,2020-01-03 14:27:01.400,5367.6000,53781,0,10824133240.000,0,-,-,-,-,5367.2000,5366.6000,5366.2000,5366.0000,5365.6000,5367.6000,5368.0000,5368.2000,5368.8000,5369.6000,1,3,1,1,1,1,1,3,2,1
SF,IC2003,2020-01-03 14:27:01.900,5367.2000,53780,-1,10825206680.000,1,0,1,双平,B,5366.6000,5366.2000,5366.0000,5365.6000,5365.4000,5367.2000,5367.6000,5368.0000,5368.2000,5368.8000,3,1,1,1,1,1,1,1,3,2
SF,IC2003,2020-01-03 14:27:02.400,5367.2000,53780,0,10825206680.000,0,-,-,-,-,5366.6000,5366.2000,5366.0000,5365.6000,5365.4000,5367.2000,5367.6000,5368.0000,5368.2000,5368.8000,2,1,1,1,1,1,1,1,3,2
SF,IC2003,2020-01-03 14:27:02.900,5367.2000,53780,0,10826280120.000,1,0,1,空换,B,5367.0000,5366.6000,5366.2000,5366.0000,5365.6000,5367.6000,5368.0000,5368.2000,5368.8000,5369.6000,1,2,1,1,1,1,1,3,2,1
SF,IC2003,2020-01-03 14:27:04.900,5367.0000,53779,-1,10827353520.000,1,0,1,双平,B,5366.6000,5366.2000,5366.0000,5365.6000,5365.4000,5367.6000,5368.0000,5368.2000,5368.8000,5369.6000,2,1,1,1,1,1,1,3,2,1
SF,IC2003,2020-01-03 14:27:05.400,5367.0000,53779,0,10827353520.000,0,-,-,-,-,5366.8000,5366.6000,5366.2000,5366.0000,5365.6000,5367.6000,5368.0000,5368.2000,5368.8000,5369.6000,2,2,1,1,1,1,1,3,2,1
SF,IC2003,2020-01-03 14:27:05.900,5367.6000,53780,1,10828427040.000,1,1,0,双开,B,5366.8000,5366.6000,5366.2000,5366.0000,5365.6000,5368.0000,5368.2000,5368.8000,5369.6000,5369.8000,2,2,1,1,1,1,3,2,1,4
SF,IC2003,2020-01-03 14:27:06.400,5367.6000,53780,0,10828427040.000,0,-,-,-,-,5366.8000,5366.2000,5366.0000,5365.6000,5365.4000,5368.0000,5368.2000,5368.8000,5369.6000,5369.8000,2,1,1,1,1,1,3,2,1,4
SF,IC2003,2020-01-03 14:27:06.900,5367.6000,53780,0,10828427040.000,0,-,-,-,-,5367.0000,5366.8000,5366.2000,5366.0000,5365.4000,5368.0000,5368.2000,5368.8000,5369.6000,5369.8000,1,2,1,1,1,1,3,2,1,4
SF,IC2003,2020-01-03 14:27:07.400,5367.6000,53780,0,10828427040.000,0,-,-,-,-,5367.0000,5366.8000,5366.2000,5366.0000,5365.4000,5368.0000,5368.2000,5368.8000,5369.6000,5369.8000,2,3,1,1,1,1,3,2,1,4
SF,IC2003,2020-01-03 14:27:07.900,5368.0000,53781,1,10829500640.000,1,1,0,双开,B,5367.0000,5366.8000,5366.2000,5366.0000,5365.4000,5368.0000,5368.2000,5368.8000,5369.6000,5369.8000,2,3,1,1,1,1,3,2,1,4
SF,IC2003,2020-01-03 14:27:08.400,5367.0000,53781,0,10830574040.000,1,0,1,空换,B,5367.2000,5366.8000,5366.2000,5366.0000,5365.4000,5367.8000,5368.0000,5368.2000,5368.8000,5369.6000,2,1,1,1,1,2,1,3,2,1
SF,IC2003,2020-01-03 14:27:08.900,5366.8000,53781,0,10833794280.000,3,1,2,空换,B,5366.2000,5366.0000,5365.4000,5365.2000,5365.0000,5366.8000,5367.2000,5367.6000,5367.8000,5368.0000,1,1,1,1,1,2,4,2,2,1
SF,IC2003,2020-01-03 14:27:09.400,5367.2000,53781,0,10837014200.000,3,1,2,空换,B,5366.0000,5365.4000,5365.2000,5365.0000,5364.2000,5367.2000,5367.6000,5367.8000,5368.0000,5368.2000,1,1,1,1,1,2,2,2,1,3
SF,IC2003,2020-01-03 14:27:09.900,5367.2000,53781,0,10837014200.000,0,-,-,-,-,5366.0000,5365.4000,5365.2000,5365.0000,5364.2000,5367.0000,5367.2000,5367.6000,5368.2000,5368.8000,1,1,1,1,1,4,2,2,3,2
SF,IC2003,2020-01-03 14:27:10.400,5367.2000,53781,0,10837014200.000,0,-,-,-,-,5366.0000,5365.4000,5365.2000,5365.0000,5364.2000,5367.0000,5367.2000,5367.6000,5368.2000,5368.8000,1,1,1,1,1,4,2,2,3,2
SF,IC2003,2020-01-03 14:27:10.900,5367.2000,53781,0,10837014200.000,0,-,-,-,-,5366.0000,5365.4000,5365.2000,5365.0000,5364.2000,5366.8000,5367.0000,5367.2000,5367.6000,5368.2000,1,1,1,1,1,1,1,2,2,3
SF,IC2003,2020-01-03 14:27:12.900,5367.2000,53781,0,10837014200.000,0,-,-,-,-,5366.0000,5365.4000,5365.2000,5365.0000,5364.2000,5366.8000,5367.0000,5367.2000,5367.6000,5368.2000,1,1,1,1,1,1,1,2,2,3
SF,IC2003,2020-01-03 14:27:13.400,5366.0000,53782,1,10838087400.000,1,1,0,双开,B,5365.4000,5365.2000,5365.0000,5364.2000,5364.0000,5366.0000,5366.4000,5366.6000,5366.8000,5367.0000,1,1,1,1,1,1,1,2,1,1
SF,IC2003,2020-01-03 14:27:13.900,5366.0000,53782,0,10838087400.000,0,-,-,-,-,5365.4000,5365.2000,5365.0000,5364.2000,5364.0000,5366.0000,5366.6000,5366.8000,5367.0000,5367.2000,1,1,1,1,1,1,2,1,1,2
SF,IC2003,2020-01-03 14:27:14.400,5366.0000,53782,0,10838087400.000,0,-,-,-,-,5365.4000,5365.2000,5365.0000,5364.2000,5364.0000,5366.6000,5366.8000,5367.0000,5367.6000,5368.0000,1,1,1,1,1,2,1,1,1,1
SF,IC2003,2020-01-03 14:27:15.400,5366.0000,53782,0,10838087400.000,0,-,-,-,-,5365.4000,5365.2000,5365.0000,5364.2000,5364.0000,5366.4000,5366.6000,5367.0000,5367.6000,5368.0000,1,1,1,1,1,1,2,1,1,1
SF,IC2003,2020-01-03 14:27:15.900,5366.0000,53782,0,10838087400.000,0,-,-,-,-,5365.6000,5365.4000,5365.2000,5365.0000,5364.2000,5366.4000,5366.6000,5367.0000,5367.6000,5368.0000,2,1,1,1,1,1,2,1,1,1
SF,IC2003,2020-01-03 14:27:17.400,5366.0000,53782,0,10838087400.000,0,-,-,-,-,5365.6000,5365.4000,5365.2000,5365.0000,5364.2000,5366.4000,5366.6000,5367.0000,5367.6000,5368.0000,2,1,1,1,1,1,2,1,1,1
SF,IC2003,2020-01-03 14:27:17.900,5366.0000,53782,0,10838087400.000,0,-,-,-,-,5365.4000,5365.2000,5365.0000,5364.2000,5364.0000,5366.4000,5366.6000,5367.0000,5367.6000,5368.0000,1,1,1,1,1,4,2,3,1,1
SF,IC2003,2020-01-03 14:27:18.900,5366.0000,53782,0,10838087400.000,0,-,-,-,-,5365.4000,5365.2000,5365.0000,5364.2000,5364.0000,5366.4000,5366.6000,5366.8000,5367.0000,5368.0000,1,1,1,1,1,4,2,1,3,1
SF,IC2003,2020-01-03 14:27:20.400,5366.0000,53782,0,10838087400.000,0,-,-,-,-,5365.4000,5365.2000,5365.0000,5364.2000,5364.0000,5366.4000,5366.6000,5366.8000,5367.0000,5368.0000,1,1,1,1,1,4,2,1,2,1
SF,IC2003,2020-01-03 14:27:20.900,5366.0000,53782,0,10838087400.000,0,-,-,-,-,5365.6000,5365.4000,5365.2000,5365.0000,5364.2000,5366.4000,5366.6000,5367.0000,5368.0000,5368.2000,2,1,1,1,1,3,2,2,1,3
SF,IC2003,2020-01-03 14:27:21.400,5366.0000,53782,0,10838087400.000,0,-,-,-,-,5365.6000,5365.4000,5365.2000,5365.0000,5364.2000,5366.4000,5367.0000,5368.0000,5368.2000,5368.8000,2,1,1,1,1,3,2,1,3,2
SF,IC2003,2020-01-03 14:27:21.900,5366.0000,53782,0,10838087400.000,0,-,-,-,-,5365.4000,5365.2000,5365.0000,5364.2000,5364.0000,5366.4000,5367.0000,5368.0000,5368.2000,5368.8000,1,1,1,1,1,3,2,1,3,2
SF,IC2003,2020-01-03 14:27:22.400,5366.0000,53782,0,10838087400.000,0,-,-,-,-,5365.4000,5365.2000,5365.0000,5364.2000,5364.0000,5366.2000,5366.4000,5367.0000,5368.0000,5368.2000,1,1,1,1,1,2,3,2,1,3
SF,IC2003,2020-01-03 14:27:22.900,5366.0000,53782,0,10838087400.000,0,-,-,-,-,5365.4000,5365.2000,5365.0000,5364.2000,5364.0000,5366.2000,5366.4000,5367.0000,5368.0000,5368.2000,1,1,1,1,1,3,3,2,1,3
SF,IC2003,2020-01-03 14:27:24.400,5366.0000,53782,0,10838087400.000,0,-,-,-,-,5365.4000,5365.2000,5365.0000,5364.2000,5364.0000,5366.2000,5366.4000,5367.0000,5368.0000,5368.2000,1,1,1,1,1,2,3,2,1,3
SF,IC2003,2020-01-03 14:27:24.900,5366.2000,53782,0,10839160640.000,1,0,1,空换,B,5365.4000,5365.2000,5365.0000,5364.2000,5364.0000,5366.2000,5366.4000,5367.0000,5368.0000,5368.2000,1,1,1,1,1,1,3,2,1,3
SF,IC2003,2020-01-03 14:27:25.400,5366.2000,53782,0,10839160640.000,0,-,-,-,-,5365.4000,5365.2000,5365.0000,5364.2000,5364.0000,5366.2000,5366.4000,5367.0000,5368.0000,5368.2000,1,1,1,1,1,1,3,3,1,3
SF,IC2003,2020-01-03 14:27:25.900,5366.2000,53782,0,10839160640.000,0,-,-,-,-,5365.4000,5365.2000,5365.0000,5364.2000,5364.0000,5366.4000,5367.0000,5368.0000,5368.2000,5368.8000,1,1,1,1,1,3,3,1,3,2
SF,IC2003,2020-01-03 14:27:27.400,5366.2000,53782,0,10839160640.000,0,-,-,-,-,5365.4000,5365.2000,5365.0000,5364.2000,5364.0000,5366.4000,5367.0000,5368.2000,5368.6000,5368.8000,1,1,1,1,1,3,4,3,1,2
SF,IC2003,2020-01-03 14:27:27.900,5366.2000,53782,0,10839160640.000,0,-,-,-,-,5365.6000,5365.4000,5365.2000,5365.0000,5364.2000,5366.0000,5366.4000,5367.0000,5368.2000,5368.6000,2,1,1,1,1,1,3,4,3,1
SF,IC2003,2020-01-03 14:27:28.900,5366.0000,53783,1,10840233840.000,1,1,0,双开,B,5365.6000,5365.4000,5365.2000,5365.0000,5364.2000,5367.0000,5368.2000,5368.6000,5368.8000,5369.6000,2,1,1,1,1,4,3,1,2,1
SF,IC2003,2020-01-03 14:27:29.400,5366.0000,53783,0,10840233840.000,0,-,-,-,-,5365.6000,5365.4000,5365.2000,5364.2000,5364.0000,5366.8000,5367.0000,5368.2000,5368.6000,5368.8000,2,1,1,1,1,2,4,3,1,2
SF,IC2003,2020-01-03 14:27:29.900,5366.0000,53783,0,10840233840.000,0,-,-,-,-,5365.6000,5365.4000,5365.2000,5364.2000,5364.0000,5367.0000,5368.2000,5368.6000,5368.8000,5369.6000,2,1,1,1,1,4,3,1,2,1
SF,IC2003,2020-01-03 14:27:30.400,5366.0000,53783,0,10840233840.000,0,-,-,-,-,5365.6000,5365.2000,5364.2000,5364.0000,5362.6000,5367.0000,5368.2000,5368.6000,5368.8000,5369.6000,2,1,1,1,1,4,3,1,2,1
SF,IC2003,2020-01-03 14:27:31.900,5366.0000,53783,0,10840233840.000,0,-,-,-,-,5366.0000,5365.6000,5365.2000,5364.2000,5364.0000,5367.0000,5368.2000,5368.8000,5369.6000,5369.8000,1,2,1,1,1,4,3,2,1,4
SF,IC2003,2020-01-03 14:27:32.400,5367.0000,53787,4,10845600800.000,5,4,1,多开,B,5366.2000,5366.0000,5365.2000,5364.2000,5364.0000,5368.2000,5368.8000,5369.6000,5369.8000,5370.0000,3,1,1,1,1,3,2,1,4,23
SF,IC2003,2020-01-03 14:27:32.900,5368.0000,53790,3,10848821600.000,3,3,0,双开,B,5366.2000,5366.0000,5365.2000,5364.2000,5364.0000,5368.0000,5368.2000,5368.8000,5369.6000,5369.8000,3,1,1,1,1,2,3,2,1,3
SF,IC2003,2020-01-03 14:27:33.400,5368.0000,53790,0,10849895200.000,1,0,1,空换,B,5366.2000,5366.0000,5365.2000,5364.2000,5364.0000,5367.4000,5367.6000,5368.0000,5368.2000,5368.8000,3,1,1,1,1,1,3,2,3,2
SF,IC2003,2020-01-03 14:27:33.900,5368.0000,53790,0,10849895200.000,0,-,-,-,-,5366.2000,5366.0000,5365.2000,5364.2000,5364.0000,5367.6000,5368.0000,5368.2000,5368.8000,5369.6000,3,1,1,1,1,1,2,3,2,1
SF,IC2003,2020-01-03 14:27:34.400,5368.0000,53790,0,10849895200.000,0,-,-,-,-,5366.2000,5366.0000,5365.2000,5364.2000,5364.0000,5367.6000,5368.0000,5368.2000,5368.8000,5369.6000,3,1,1,1,1,2,2,3,2,1
SF,IC2003,2020-01-03 14:27:34.900,5368.0000,53790,0,10849895200.000,0,-,-,-,-,5366.2000,5366.0000,5365.2000,5364.2000,5364.0000,5367.4000,5367.6000,5368.0000,5368.2000,5368.8000,3,1,1,1,1,2,2,1,3,2
SF,IC2003,2020-01-03 14:27:36.400,5368.0000,53790,0,10849895200.000,0,-,-,-,-,5366.2000,5366.0000,5365.2000,5364.2000,5364.0000,5367.4000,5367.6000,5368.0000,5368.2000,5368.8000,3,1,1,1,1,2,3,1,3,2
SF,IC2003,2020-01-03 14:27:37.900,5367.4000,53790,0,10850968680.000,1,0,1,空换,B,5366.2000,5366.0000,5365.2000,5364.2000,5364.0000,5367.4000,5367.6000,5368.0000,5368.2000,5368.8000,3,1,1,1,1,1,2,1,3,2
SF,IC2003,2020-01-03 14:27:38.400,5367.4000,53790,0,10850968680.000,0,-,-,-,-,5366.2000,5366.0000,5365.2000,5364.2000,5364.0000,5367.6000,5368.2000,5368.8000,5369.6000,5369.8000,3,1,1,1,1,2,3,2,1,3
SF,IC2003,2020-01-03 14:27:39.400,5367.4000,53790,0,10850968680.000,0,-,-,-,-,5366.2000,5366.0000,5365.2000,5364.2000,5364.0000,5367.6000,5368.2000,5368.8000,5369.6000,5369.8000,2,1,1,1,1,2,3,2,1,3
SF,IC2003,2020-01-03 14:27:39.900,5367.4000,53790,0,10850968680.000,0,-,-,-,-,5366.4000,5366.2000,5366.0000,5365.2000,5364.2000,5367.6000,5368.2000,5368.8000,5369.6000,5369.8000,1,2,1,1,1,1,3,2,1,3
SF,IC2003,2020-01-03 14:27:40.400,5367.4000,53790,0,10850968680.000,0,-,-,-,-,5366.6000,5366.4000,5366.0000,5365.2000,5364.2000,5367.6000,5368.2000,5368.8000,5369.0000,5369.6000,2,1,1,1,1,1,3,2,1,1
SF,IC2003,2020-01-03 14:27:41.400,5367.4000,53790,0,10850968680.000,0,-,-,-,-,5366.6000,5366.4000,5366.0000,5365.2000,5364.2000,5367.2000,5368.2000,5368.8000,5369.0000,5369.6000,2,1,1,1,1,1,3,2,1,1
SF,IC2003,2020-01-03 14:27:41.900,5367.4000,53790,0,10850968680.000,0,-,-,-,-,5366.6000,5366.4000,5366.0000,5365.2000,5365.0000,5367.2000,5368.2000,5368.8000,5369.0000,5369.6000,2,1,1,1,1,1,3,2,1,1
SF,IC2003,2020-01-03 14:27:42.900,5367.4000,53791,1,10852042160.000,1,1,0,双开,B,5366.6000,5366.4000,5366.0000,5365.2000,5365.0000,5368.2000,5368.8000,5369.0000,5369.6000,5369.8000,2,1,1,1,1,3,2,1,1,3
SF,IC2003,2020-01-03 14:27:43.400,5367.4000,53791,0,10852042160.000,0,-,-,-,-,5366.6000,5366.4000,5366.0000,5365.8000,5365.2000,5368.0000,5368.2000,5368.8000,5369.0000,5369.6000,2,1,1,1,1,2,3,2,1,1
SF,IC2003,2020-01-03 14:27:43.900,5367.4000,53791,0,10852042160.000,0,-,-,-,-,5366.6000,5366.4000,5366.0000,5365.8000,5365.2000,5367.6000,5368.0000,5368.6000,5368.8000,5369.0000,2,1,1,1,1,1,1,1,2,1
SF,IC2003,2020-01-03 14:27:45.400,5367.4000,53791,0,10852042160.000,0,-,-,-,-,5366.6000,5366.4000,5365.8000,5365.2000,5365.0000,5367.6000,5368.0000,5368.6000,5368.8000,5369.0000,2,1,1,1,1,1,1,1,2,1
SF,IC2003,2020-01-03 14:27:45.900,5367.4000,53791,0,10852042160.000,0,-,-,-,-,5366.8000,5366.6000,5366.4000,5365.8000,5365.2000,5367.4000,5367.6000,5368.0000,5368.6000,5368.8000,1,2,1,1,1,1,1,1,1,2
SF,IC2003,2020-01-03 14:27:46.400,5367.4000,53791,0,10853115640.000,1,0,1,空换,B,5367.4000,5367.0000,5366.8000,5366.4000,5365.8000,5367.6000,5368.6000,5368.8000,5369.0000,5369.6000,1,2,1,1,1,1,1,2,1,1
SF,IC2003,2020-01-03 14:27:46.900,5367.6000,53792,1,10854189160.000,1,1,0,双开,B,5367.6000,5366.8000,5366.4000,5365.8000,5365.2000,5368.6000,5368.8000,5369.0000,5369.6000,5369.8000,1,1,1,1,1,1,2,1,1,3
SF,IC2003,2020-01-03 14:27:47.400,5367.6000,53792,0,10854189160.000,0,-,-,-,-,5367.8000,5367.6000,5366.8000,5366.4000,5365.8000,5368.4000,5368.6000,5368.8000,5369.6000,5369.8000,2,2,1,1,1,1,1,2,1,3
SF,IC2003,2020-01-03 14:27:47.900,5368.4000,53793,1,10855262840.000,1,1,0,双开,B,5368.0000,5367.6000,5366.8000,5365.8000,5365.2000,5368.6000,5368.8000,5369.6000,5369.8000,5370.0000,1,2,1,1,1,1,2,1,3,23
SF,IC2003,2020-01-03 14:27:48.400,5368.4000,53793,0,10855262840.000,0,-,-,-,-,5368.2000,5368.0000,5367.6000,5366.8000,5366.4000,5368.6000,5368.8000,5369.6000,5369.8000,5370.0000,2,1,2,1,1,1,2,1,3,23
SF,IC2003,2020-01-03 14:27:49.400,5368.4000,53793,0,10855262840.000,0,-,-,-,-,5368.2000,5367.6000,5366.8000,5366.4000,5365.8000,5368.6000,5368.8000,5369.6000,5369.8000,5370.0000,2,2,1,1,1,1,2,1,3,23
SF,IC2003,2020-01-03 14:27:51.400,5368.2000,53792,-1,10858483800.000,3,1,2,空平,B,5367.6000,5366.8000,5366.4000,5365.8000,5365.2000,5368.2000,5368.6000,5368.8000,5369.6000,5369.8000,2,1,1,1,1,4,1,2,1,3
SF,IC2003,2020-01-03 14:27:51.900,5368.2000,53792,0,10859557440.000,1,0,1,空换,B,5367.8000,5367.6000,5366.8000,5366.4000,5365.8000,5368.2000,5368.6000,5368.8000,5369.6000,5369.8000,2,1,1,1,1,3,1,2,1,3
SF,IC2003,2020-01-03 14:27:52.400,5368.2000,53791,-1,10860631080.000,1,0,1,双平,B,5367.8000,5366.8000,5366.4000,5365.8000,5365.2000,5368.2000,5368.6000,5368.8000,5369.6000,5369.8000,2,1,1,1,1,2,1,2,1,3
SF,IC2003,2020-01-03 14:27:52.900,5368.2000,53791,0,10862778360.000,2,1,1,空换,B,5368.0000,5367.8000,5366.8000,5366.4000,5365.8000,5368.6000,5368.8000,5369.6000,5369.8000,5370.0000,1,2,1,1,1,1,2,1,3,23
SF,IC2003,2020-01-03 14:27:53.400,5368.6000,53792,1,10863852080.000,1,1,0,双开,B,5368.6000,5368.0000,5366.8000,5366.4000,5365.8000,5368.8000,5369.6000,5369.8000,5370.0000,5370.8000,2,1,1,1,1,2,1,3,23,3
SF,IC2003,2020-01-03 14:27:53.900,5368.8000,53793,1,10864925840.000,1,1,0,双开,B,5368.2000,5368.0000,5365.8000,5365.2000,5365.0000,5368.8000,5369.6000,5369.8000,5370.0000,5370.8000,2,1,1,1,1,1,1,3,23,3
SF,IC2003,2020-01-03 14:27:54.400,5368.8000,53794,1,10865999600.000,1,1,0,双开,B,5369.0000,5368.8000,5368.2000,5368.0000,5365.8000,5369.6000,5369.8000,5370.0000,5370.8000,5371.0000,1,2,2,1,1,1,3,23,3,2
SF,IC2003,2020-01-03 14:27:54.900,5369.6000,53794,0,10867073520.000,1,0,1,空换,B,5368.4000,5368.2000,5368.0000,5365.8000,5365.2000,5369.0000,5369.4000,5369.8000,5370.0000,5370.8000,1,2,1,1,1,7,1,3,23,3
SF,IC2003,2020-01-03 14:27:55.400,5369.0000,53792,-2,10876737720.000,9,3,6,空平,B,5369.0000,5368.6000,5368.4000,5368.2000,5368.0000,5369.8000,5370.0000,5370.8000,5371.0000,5371.2000,3,2,4,2,1,3,23,3,2,2
SF,IC2003,2020-01-03 14:27:55.900,5369.8000,53791,-1,10877811680.000,1,0,1,双平,B,5369.2000,5369.0000,5368.8000,5368.6000,5368.4000,5369.8000,5370.0000,5370.8000,5371.0000,5371.2000,1,3,5,2,3,2,23,3,2,2
SF,IC2003,2020-01-03 14:27:56.400,5369.8000,53791,0,10879959600.000,2,1,1,空换,B,5369.8000,5369.2000,5369.0000,5368.8000,5368.6000,5370.0000,5370.8000,5371.0000,5371.2000,5371.6000,1,1,3,5,2,23,3,2,2,1
SF,IC2003,2020-01-03 14:27:56.900,5369.8000,53790,-1,10882107520.000,2,0,2,空平,B,5369.4000,5369.0000,5368.8000,5368.6000,5368.4000,5370.0000,5370.8000,5371.0000,5371.2000,5371.6000,1,2,5,2,2,23,3,2,2,1
SF,IC2003,2020-01-03 14:27:57.400,5369.4000,53791,1,10883181400.000,1,1,0,双开,B,5369.0000,5368.8000,5368.6000,5368.4000,5368.2000,5370.0000,5370.8000,5371.0000,5371.2000,5371.6000,2,5,2,2,2,23,3,2,2,1
SF,IC2003,2020-01-03 14:27:57.900,5369.8000,53792,1,10884255360.000,1,1,0,双开,B,5369.0000,5368.8000,5368.2000,5368.0000,5365.8000,5369.8000,5370.0000,5370.8000,5371.0000,5371.2000,1,5,2,1,1,2,23,3,2,2
SF,IC2003,2020-01-03 14:27:58.400,5368.8000,53793,1,10886402920.000,2,1,1,多开,B,5368.8000,5368.2000,5368.0000,5365.8000,5365.2000,5369.0000,5369.4000,5369.8000,5370.0000,5370.8000,4,2,1,1,1,2,1,2,23,3
SF,IC2003,2020-01-03 14:27:58.900,5368.8000,53797,4,10890697960.000,4,4,0,双开,B,5368.2000,5368.0000,5365.8000,5365.2000,5365.0000,5368.8000,5369.4000,5369.8000,5370.0000,5370.8000,2,1,1,1,1,7,1,2,23,3
SF,IC2003,2020-01-03 14:27:59.400,5369.4000,53796,-1,10891771840.000,1,0,1,双平,B,5368.2000,5368.0000,5365.8000,5365.2000,5365.0000,5369.8000,5370.0000,5370.8000,5371.0000,5371.2000,2,1,1,1,1,2,23,3,2,2
SF,IC2003,2020-01-03 14:27:59.900,5369.4000,53796,0,10891771840.000,0,-,-,-,-,5368.2000,5368.0000,5365.8000,5365.2000,5365.0000,5369.8000,5370.0000,5370.8000,5371.0000,5371.2000,2,1,1,1,1,1,23,3,2,2
SF,IC2003,2020-01-03 14:28:00.400,5369.4000,53796,0,10891771840.000,0,-,-,-,-,5368.2000,5368.0000,5365.8000,5365.2000,5365.0000,5369.0000,5369.8000,5370.0000,5370.8000,5371.0000,2,1,1,1,1,1,1,23,3,2
SF,IC2003,2020-01-03 14:28:00.900,5369.4000,53795,-1,10892845720.000,1,0,1,双平,B,5368.2000,5368.0000,5365.8000,5365.2000,5365.0000,5369.8000,5370.0000,5370.8000,5371.0000,5371.2000,2,1,1,1,1,1,23,3,2,2
SF,IC2003,2020-01-03 14:28:01.400,5369.4000,53795,0,10892845720.000,0,-,-,-,-,5368.4000,5368.2000,5368.0000,5366.2000,5365.8000,5369.8000,5370.0000,5370.8000,5371.0000,5371.2000,1,2,1,1,1,1,23,3,2,2
SF,IC2003,2020-01-03 14:28:01.900,5369.4000,53795,0,10892845720.000,0,-,-,-,-,5368.4000,5368.2000,5368.0000,5366.2000,5365.8000,5369.8000,5370.0000,5370.8000,5371.0000,5371.2000,3,2,1,1,1,1,23,3,2,2
SF,IC2003,2020-01-03 14:28:02.400,5369.4000,53795,0,10892845720.000,0,-,-,-,-,5368.4000,5368.2000,5368.0000,5366.2000,5365.8000,5369.8000,5370.0000,5370.8000,5371.0000,5371.2000,2,2,1,1,1,1,23,3,2,2
SF,IC2003,2020-01-03 14:28:02.900,5369.8000,53796,1,10893919680.000,1,1,0,双开,B,5368.4000,5368.2000,5368.0000,5366.2000,5365.8000,5370.0000,5370.8000,5371.0000,5371.2000,5371.6000,2,2,1,1,1,23,3,2,2,1
SF,IC2003,2020-01-03 14:28:03.400,5369.8000,53796,0,10893919680.000,0,-,-,-,-,5368.4000,5368.2000,5368.0000,5366.2000,5365.8000,5369.8000,5370.0000,5370.8000,5371.0000,5371.2000,2,1,1,1,1,2,23,3,2,2
SF,IC2003,2020-01-03 14:28:03.900,5369.8000,53796,0,10893919680.000,0,-,-,-,-,5369.0000,5368.4000,5368.2000,5368.0000,5366.2000,5369.8000,5370.0000,5370.8000,5371.0000,5371.2000,5,2,1,1,1,2,22,3,2,2
SF,IC2003,2020-01-03 14:28:04.400,5369.8000,53796,0,10893919680.000,0,-,-,-,-,5369.0000,5368.4000,5368.2000,5366.2000,5365.8000,5370.0000,5370.8000,5371.0000,5371.2000,5371.6000,6,1,1,1,1,22,3,2,2,1
SF,IC2003,2020-01-03 14:28:04.900,5369.8000,53796,0,10893919680.000,0,-,-,-,-,5369.2000,5369.0000,5368.4000,5368.2000,5366.2000,5370.0000,5370.8000,5371.0000,5371.2000,5371.6000,1,6,1,1,1,22,3,2,2,1
SF,IC2003,2020-01-03 14:28:05.400,5369.8000,53796,0,10893919680.000,0,-,-,-,-,5369.2000,5369.0000,5368.4000,5368.2000,5366.2000,5370.0000,5370.8000,5371.0000,5371.2000,5371.6000,2,5,1,1,1,22,3,2,2,1
SF,IC2003,2020-01-03 14:28:05.900,5370.0000,53798,2,10896067560.000,2,2,0,双开,B,5369.2000,5369.0000,5368.4000,5368.2000,5367.8000,5370.0000,5370.8000,5371.0000,5371.2000,5371.6000,2,5,1,1,1,21,3,2,2,1
SF,IC2003,2020-01-03 14:28:06.400,5369.4000,53799,1,10899289320.000,3,2,1,多开,B,5369.4000,5369.2000,5369.0000,5368.2000,5367.8000,5370.0000,5370.8000,5371.0000,5371.2000,5371.6000,2,2,5,1,1,25,3,2,2,1
SF,IC2003,2020-01-03 14:28:06.900,5370.0000,53799,0,10900363320.000,1,0,1,空换,B,5369.4000,5369.2000,5369.0000,5368.2000,5367.8000,5370.0000,5370.8000,5371.0000,5371.2000,5371.6000,3,1,5,1,1,24,3,2,2,1
SF,IC2003,2020-01-03 14:28:07.400,5370.0000,53798,-1,10903585320.000,3,1,2,空平,B,5369.4000,5369.2000,5369.0000,5368.2000,5367.8000,5370.0000,5370.8000,5371.0000,5371.2000,5371.6000,3,1,5,1,1,21,3,2,2,1
SF,IC2003,2020-01-03 14:28:07.900,5370.0000,53798,0,10912177320.000,8,4,4,空换,B,5369.6000,5369.4000,5369.0000,5368.2000,5367.8000,5370.0000,5370.8000,5371.0000,5371.2000,5371.6000,3,6,5,1,1,13,3,2,2,1
SF,IC2003,2020-01-03 14:28:08.400,5370.0000,53794,-4,10929361320.000,16,6,10,空平,B,5370.0000,5369.6000,5369.4000,5369.0000,5368.2000,5370.8000,5371.0000,5371.2000,5371.6000,5371.8000,1,4,4,5,1,3,2,2,1,1
SF,IC2003,2020-01-03 14:28:08.900,5370.8000,53794,0,10930435480.000,1,0,1,空换,B,5370.0000,5369.6000,5369.4000,5369.0000,5368.8000,5370.8000,5371.0000,5371.2000,5371.6000,5371.8000,3,3,2,5,1,2,2,2,1,1
SF,IC2003,2020-01-03 14:28:09.400,5370.8000,53794,0,10932583800.000,2,1,1,空换,B,5370.2000,5370.0000,5369.6000,5369.0000,5368.8000,5371.0000,5371.2000,5371.6000,5371.8000,5372.0000,2,17,3,5,1,2,2,1,1,1
SF,IC2003,2020-01-03 14:28:09.900,5370.8000,53794,0,10932583800.000,0,-,-,-,-,5370.2000,5370.0000,5369.6000,5369.0000,5368.8000,5371.0000,5371.2000,5371.6000,5371.8000,5372.0000,4,14,3,5,1,2,2,1,1,1
SF,IC2003,2020-01-03 14:28:10.400,5370.8000,53794,0,10932583800.000,0,-,-,-,-,5370.4000,5370.2000,5370.0000,5369.6000,5369.0000,5371.0000,5371.2000,5371.6000,5371.8000,5372.0000,1,3,14,3,5,2,2,1,1,1
SF,IC2003,2020-01-03 14:28:10.900,5370.6000,53796,2,10934732040.000,2,2,0,双开,B,5370.4000,5370.2000,5369.6000,5369.0000,5368.8000,5371.0000,5371.2000,5371.6000,5371.8000,5372.0000,2,3,3,5,1,2,2,1,1,1
SF,IC2003,2020-01-03 14:28:11.400,5371.0000,53795,-1,10937954640.000,3,1,2,空平,B,5370.4000,5370.2000,5369.6000,5369.0000,5368.8000,5371.2000,5371.6000,5371.8000,5372.0000,5372.2000,2,3,3,5,1,2,1,1,1,1
SF,IC2003,2020-01-03 14:28:12.400,5371.0000,53795,0,10937954640.000,0,-,-,-,-,5370.4000,5370.2000,5369.6000,5369.0000,5368.8000,5371.2000,5371.6000,5371.8000,5372.0000,5372.2000,2,3,3,5,1,2,1,1,1,1
SF,IC2003,2020-01-03 14:28:13.400,5370.4000,53795,0,10939028720.000,1,0,1,空换,B,5370.4000,5370.2000,5369.0000,5368.8000,5368.2000,5371.2000,5371.6000,5371.8000,5372.0000,5372.2000,1,3,5,1,1,2,1,1,1,1
SF,IC2003,2020-01-03 14:28:13.900,5370.4000,53795,0,10939028720.000,0,-,-,-,-,5370.4000,5370.2000,5369.0000,5368.8000,5368.2000,5371.2000,5371.6000,5371.8000,5372.0000,5372.2000,1,3,5,1,1,2,1,1,1,1
SF,IC2003,2020-01-03 14:28:14.400,5371.2000,53795,0,10941177200.000,2,1,1,空换,B,5371.4000,5370.6000,5370.4000,5370.2000,5369.0000,5371.6000,5371.8000,5372.0000,5372.2000,5372.4000,4,5,3,1,5,1,1,1,1,1
SF,IC2003,2020-01-03 14:28:14.900,5371.6000,53794,-1,10942251520.000,1,0,1,双平,B,5371.4000,5371.2000,5370.6000,5370.4000,5370.2000,5371.8000,5372.0000,5372.2000,5372.4000,5373.2000,5,14,5,1,1,1,1,1,1,3
SF,IC2003,2020-01-03 14:28:15.400,5371.4000,53794,0,10943325800.000,1,0,1,空换,B,5371.4000,5371.2000,5370.6000,5370.4000,5370.2000,5371.8000,5372.0000,5372.2000,5372.4000,5373.2000,4,14,5,1,2,1,1,1,1,3
SF,IC2003,2020-01-03 14:28:16.400,5371.4000,53794,0,10943325800.000,0,-,-,-,-,5371.4000,5371.2000,5370.6000,5370.2000,5368.8000,5371.8000,5372.0000,5372.2000,5372.4000,5373.2000,4,14,2,2,1,1,1,1,1,3
SF,IC2003,2020-01-03 14:28:17.900,5371.4000,53794,0,10943325800.000,0,-,-,-,-,5371.4000,5371.2000,5370.6000,5370.2000,5368.8000,5371.8000,5372.0000,5372.2000,5372.4000,5373.2000,4,14,2,1,1,1,1,1,1,3
SF,IC2003,2020-01-03 14:28:18.400,5371.4000,53795,1,10944400080.000,1,1,0,双开,B,5371.4000,5371.2000,5370.6000,5370.2000,5368.8000,5371.6000,5371.8000,5372.0000,5372.2000,5372.4000,3,14,2,1,1,1,1,1,1,1
SF,IC2003,2020-01-03 14:28:18.900,5371.6000,53796,1,10947622960.000,3,2,1,多开,B,5371.4000,5371.2000,5370.6000,5370.2000,5368.8000,5371.8000,5372.0000,5372.2000,5372.4000,5373.2000,1,14,2,1,1,1,1,1,1,3
SF,IC2003,2020-01-03 14:28:19.400,5371.4000,53797,1,10948697240.000,1,1,0,双开,B,5371.2000,5370.6000,5370.2000,5368.8000,5368.2000,5371.4000,5371.8000,5372.0000,5372.2000,5372.4000,14,2,1,1,1,1,1,1,1,1
SF,IC2003,2020-01-03 14:28:19.900,5371.8000,53797,0,10949771600.000,1,0,1,空换,B,5371.2000,5370.6000,5370.2000,5368.8000,5368.2000,5372.0000,5372.2000,5372.4000,5372.8000,5373.2000,14,2,1,1,1,1,1,1,1,3
SF,IC2003,2020-01-03 14:28:20.900,5371.2000,53797,0,10950845840.000,1,0,1,空换,B,5371.2000,5370.6000,5370.2000,5368.8000,5368.2000,5372.0000,5372.2000,5372.4000,5372.8000,5373.2000,13,2,1,1,1,1,1,1,1,3
SF,IC2003,2020-01-03 14:28:21.400,5371.2000,53797,0,10950845840.000,0,-,-,-,-,5371.2000,5370.6000,5370.2000,5368.8000,5368.2000,5372.0000,5372.2000,5372.4000,5372.8000,5373.2000,13,2,1,1,1,1,1,1,1,3
SF,IC2003,2020-01-03 14:28:23.400,5371.2000,53796,-1,10951920080.000,1,0,1,双平,B,5371.2000,5370.6000,5370.2000,5368.8000,5368.2000,5372.0000,5372.2000,5372.4000,5372.8000,5373.2000,12,2,1,1,1,1,1,1,1,3
SF,IC2003,2020-01-03 14:28:23.900,5371.2000,53796,0,10951920080.000,0,-,-,-,-,5371.2000,5370.6000,5370.2000,5368.8000,5368.2000,5372.0000,5372.2000,5372.4000,5372.8000,5373.2000,12,2,1,1,1,11,1,1,1,3
SF,IC2003,2020-01-03 14:28:24.400,5371.2000,53796,0,10956217040.000,4,2,2,空换,B,5371.2000,5370.6000,5370.2000,5368.8000,5368.2000,5372.0000,5372.2000,5372.4000,5372.8000,5373.2000,8,2,1,1,1,12,1,1,1,3
SF,IC2003,2020-01-03 14:28:24.900,5371.2000,53796,0,10964810960.000,8,4,4,空换,B,5370.6000,5370.2000,5368.8000,5368.2000,5367.8000,5371.0000,5371.2000,5371.4000,5371.8000,5372.0000,2,1,1,1,4,1,8,2,1,12
SF,IC2003,2020-01-03 14:28:25.400,5370.6000,53797,1,10965885080.000,1,1,0,双开,B,5370.2000,5368.8000,5368.2000,5367.8000,5366.2000,5371.0000,5371.8000,5372.0000,5372.2000,5372.4000,1,1,1,4,1,1,1,12,1,1
SF,IC2003,2020-01-03 14:28:25.900,5370.8000,53797,0,10966959240.000,1,0,1,空换,B,5370.4000,5370.2000,5368.8000,5368.2000,5367.8000,5371.0000,5371.8000,5372.0000,5372.2000,5372.4000,1,1,1,1,4,1,1,12,1,1
SF,IC2003,2020-01-03 14:28:26.400,5370.8000,53797,0,10966959240.000,0,-,-,-,-,5370.4000,5370.2000,5368.8000,5368.2000,5367.8000,5371.8000,5372.0000,5372.2000,5372.4000,5373.2000,1,1,1,1,4,1,12,1,1,3
SF,IC2003,2020-01-03 14:28:26.900,5370.4000,53797,0,10968033320.000,1,0,1,空换,B,5370.2000,5368.8000,5368.2000,5367.8000,5366.2000,5370.8000,5371.4000,5371.6000,5371.8000,5372.0000,1,1,1,4,1,4,2,3,1,12
SF,IC2003,2020-01-03 14:28:27.400,5370.2000,53797,0,10969107360.000,1,0,1,空换,B,5368.8000,5368.2000,5367.8000,5366.2000,5365.8000,5371.6000,5371.8000,5372.0000,5372.2000,5372.4000,1,1,4,1,1,3,1,12,1,1
SF,IC2003,2020-01-03 14:28:27.900,5370.2000,53797,0,10969107360.000,0,-,-,-,-,5369.0000,5368.8000,5368.2000,5367.8000,5366.2000,5370.8000,5371.2000,5371.4000,5371.6000,5371.8000,2,1,1,4,1,1,1,1,3,1
SF,IC2003,2020-01-03 14:28:28.400,5370.2000,53797,0,10969107360.000,0,-,-,-,-,5369.4000,5369.2000,5369.0000,5368.8000,5368.2000,5370.6000,5370.8000,5371.2000,5371.4000,5371.6000,2,1,2,1,1,2,2,1,1,1
SF,IC2003,2020-01-03 14:28:28.900,5370.2000,53797,0,10969107360.000,0,-,-,-,-,5369.2000,5369.0000,5368.8000,5368.2000,5367.8000,5370.6000,5370.8000,5371.2000,5371.4000,5371.6000,1,2,1,1,4,2,2,2,1,1
SF,IC2003,2020-01-03 14:28:29.400,5370.2000,53797,0,10969107360.000,0,-,-,-,-,5369.4000,5369.2000,5368.8000,5368.2000,5367.8000,5370.6000,5370.8000,5371.2000,5371.4000,5371.6000,2,1,1,1,4,2,2,1,1,1
SF,IC2003,2020-01-03 14:28:29.900,5370.2000,53797,0,10969107360.000,0,-,-,-,-,5369.6000,5369.4000,5369.2000,5368.8000,5368.2000,5370.6000,5370.8000,5371.2000,5371.4000,5371.6000,1,2,1,1,1,2,2,1,1,1
SF,IC2003,2020-01-03 14:28:30.400,5370.2000,53797,0,10969107360.000,0,-,-,-,-,5370.0000,5369.8000,5369.6000,5369.2000,5368.8000,5370.8000,5371.2000,5371.4000,5371.6000,5371.8000,1,2,2,1,1,2,1,1,1,1
SF,IC2003,2020-01-03 14:28:30.900,5370.2000,53797,0,10969107360.000,0,-,-,-,-,5370.0000,5369.8000,5369.6000,5369.2000,5368.8000,5370.8000,5371.2000,5371.4000,5371.6000,5371.8000,1,2,2,1,1,1,1,1,1,1
SF,IC2003,2020-01-03 14:28:31.400,5370.2000,53797,0,10969107360.000,0,-,-,-,-,5370.0000,5369.6000,5369.2000,5368.8000,5368.2000,5370.8000,5371.2000,5371.4000,5371.6000,5371.8000,1,2,1,1,1,1,1,1,1,1
SF,IC2003,2020-01-03 14:28:31.900,5370.2000,53797,0,10969107360.000,0,-,-,-,-,5370.2000,5370.0000,5369.6000,5369.2000,5368.8000,5370.6000,5370.8000,5371.2000,5371.4000,5371.6000,1,1,1,1,1,2,1,1,1,3
SF,IC2003,2020-01-03 14:28:32.900,5370.2000,53798,1,10970181400.000,1,1,0,双开,B,5370.0000,5369.6000,5369.2000,5368.8000,5368.2000,5370.6000,5370.8000,5371.2000,5371.4000,5371.6000,1,1,1,1,1,2,1,1,1,3
SF,IC2003,2020-01-03 14:28:33.400,5370.2000,53798,0,10970181400.000,0,-,-,-,-,5370.0000,5369.2000,5368.8000,5368.2000,5367.8000,5370.6000,5370.8000,5371.2000,5371.4000,5371.6000,1,1,1,1,4,2,1,1,1,3
SF,IC2003,2020-01-03 14:28:33.900,5370.6000,53799,1,10972329640.000,2,1,1,多开,B,5370.0000,5369.2000,5368.8000,5368.2000,5367.8000,5370.8000,5371.2000,5371.4000,5371.6000,5371.8000,1,1,1,1,4,1,1,1,3,1
SF,IC2003,2020-01-03 14:28:34.400,5370.6000,53799,0,10972329640.000,0,-,-,-,-,5370.2000,5370.0000,5369.2000,5368.8000,5368.2000,5370.8000,5371.2000,5371.6000,5371.8000,5372.0000,2,1,1,1,1,1,1,3,1,12
SF,IC2003,2020-01-03 14:28:34.900,5370.8000,53800,1,10973403800.000,1,1,0,双开,B,5370.8000,5370.2000,5370.0000,5368.8000,5368.2000,5371.2000,5371.6000,5372.0000,5372.2000,5372.4000,1,2,1,1,1,1,3,12,1,1
SF,IC2003,2020-01-03 14:28:35.400,5370.8000,53801,1,10974477960.000,1,1,0,双开,B,5370.2000,5370.0000,5368.8000,5368.2000,5367.8000,5371.6000,5372.0000,5372.2000,5372.4000,5373.2000,2,1,1,1,4,2,12,1,1,3
SF,IC2003,2020-01-03 14:28:35.900,5370.8000,53801,0,10974477960.000,0,-,-,-,-,5370.2000,5370.0000,5368.8000,5368.2000,5367.8000,5371.4000,5371.6000,5372.0000,5372.2000,5372.4000,2,4,1,1,4,1,2,12,1,1
SF,IC2003,2020-01-03 14:28:36.400,5370.8000,53801,0,10974477960.000,0,-,-,-,-,5370.4000,5370.2000,5370.0000,5368.8000,5368.2000,5371.4000,5371.6000,5372.0000,5372.2000,5372.4000,1,2,4,1,1,1,2,12,1,1
SF,IC2003,2020-01-03 14:28:36.900,5370.8000,53801,0,10974477960.000,0,-,-,-,-,5370.6000,5370.4000,5370.2000,5370.0000,5368.8000,5371.4000,5371.6000,5372.0000,5372.2000,5372.4000,1,2,2,4,1,1,2,12,1,1
SF,IC2003,2020-01-03 14:28:37.400,5371.4000,53801,0,10975552240.000,1,0,1,空换,B,5370.6000,5370.4000,5370.2000,5370.0000,5368.8000,5371.6000,5372.0000,5372.2000,5372.4000,5373.2000,1,2,2,4,1,2,12,1,1,3
SF,IC2003,2020-01-03 14:28:37.900,5371.6000,53801,0,10977700880.000,2,1,1,空换,B,5370.8000,5370.6000,5370.4000,5370.0000,5368.8000,5372.0000,5372.2000,5372.4000,5373.2000,5373.8000,2,1,2,4,1,12,1,1,3,2
SF,IC2003,2020-01-03 14:28:38.400,5371.6000,53801,0,10977700880.000,0,-,-,-,-,5371.6000,5370.8000,5370.6000,5370.4000,5370.0000,5372.0000,5372.2000,5372.4000,5373.2000,5373.8000,20,3,1,1,4,12,1,1,3,2
SF,IC2003,2020-01-03 14:28:38.900,5371.6000,53802,1,10978775200.000,1,1,0,双开,B,5371.6000,5370.8000,5370.6000,5370.0000,5368.8000,5372.0000,5372.2000,5372.4000,5373.2000,5373.8000,19,3,1,4,1,12,1,1,3,2
SF,IC2003,2020-01-03 14:28:39.400,5372.0000,53802,0,10979849600.000,1,0,1,空换,B,5371.6000,5370.8000,5370.6000,5370.0000,5368.8000,5372.0000,5372.2000,5372.4000,5373.2000,5373.8000,19,4,1,2,1,12,1,1,3,2
SF,IC2003,2020-01-03 14:28:40.400,5372.0000,53802,0,10981998400.000,2,1,1,空换,B,5371.6000,5370.8000,5370.6000,5370.0000,5368.8000,5372.0000,5372.2000,5372.4000,5372.8000,5373.2000,19,3,1,2,1,11,1,1,1,3
SF,IC2003,2020-01-03 14:28:40.900,5372.0000,53804,2,10986296000.000,4,3,1,多开,B,5371.6000,5370.8000,5370.6000,5370.0000,5368.8000,5372.0000,5372.2000,5372.4000,5372.8000,5373.2000,19,2,1,2,1,7,1,1,1,3
SF,IC2003,2020-01-03 14:28:41.400,5372.0000,53806,2,10988444800.000,2,2,0,双开,B,5371.6000,5370.8000,5370.6000,5370.0000,5368.8000,5372.0000,5372.2000,5372.4000,5372.8000,5373.2000,19,2,1,2,1,5,1,1,1,3
SF,IC2003,2020-01-03 14:28:41.900,5372.0000,53807,1,10989519200.000,1,1,0,双开,B,5371.6000,5370.8000,5370.6000,5370.0000,5368.8000,5372.0000,5372.2000,5372.4000,5372.8000,5373.2000,19,2,1,2,1,4,1,1,1,3
SF,IC2003,2020-01-03 14:28:42.400,5372.0000,53810,3,10993816800.000,4,3,1,多开,B,5371.6000,5370.8000,5370.6000,5370.0000,5368.8000,5372.2000,5372.4000,5372.8000,5373.2000,5373.4000,19,2,1,2,1,1,1,1,1,1
SF,IC2003,2020-01-03 14:28:42.900,5372.0000,53810,0,10993816800.000,0,-,-,-,-,5371.8000,5371.6000,5370.8000,5370.6000,5370.0000,5372.2000,5372.4000,5372.8000,5373.2000,5373.4000,1,19,2,1,2,1,1,1,1,1
SF,IC2003,2020-01-03 14:28:43.900,5372.0000,53810,0,10993816800.000,0,-,-,-,-,5372.0000,5371.8000,5371.6000,5370.8000,5370.6000,5372.2000,5372.4000,5372.8000,5373.2000,5373.4000,2,1,19,2,1,1,1,1,1,1
SF,IC2003,2020-01-03 14:28:44.400,5372.2000,53810,0,10994891240.000,1,0,1,空换,B,5372.2000,5372.0000,5371.8000,5371.6000,5370.8000,5372.4000,5372.8000,5373.2000,5373.4000,5373.8000,1,2,1,19,2,1,1,1,1,2
SF,IC2003,2020-01-03 14:28:44.900,5372.4000,53810,0,10995965720.000,1,0,1,空换,B,5372.6000,5372.0000,5371.8000,5371.6000,5370.8000,5372.8000,5373.2000,5373.4000,5373.8000,5374.0000,1,2,1,19,2,1,1,1,2,1
SF,IC2003,2020-01-03 14:28:45.400,5372.6000,53809,-1,10997040240.000,1,0,1,双平,B,5372.2000,5372.0000,5371.8000,5371.6000,5370.8000,5372.8000,5373.2000,5373.4000,5373.8000,5374.0000,1,2,1,19,2,1,1,1,2,1
SF,IC2003,2020-01-03 14:28:46.900,5372.6000,53809,0,10997040240.000,0,-,-,-,-,5372.4000,5372.2000,5372.0000,5371.8000,5371.6000,5372.6000,5372.8000,5373.2000,5373.4000,5373.8000,1,1,2,1,19,1,1,1,1,2
SF,IC2003,2020-01-03 14:28:47.400,5372.6000,53809,0,10997040240.000,0,-,-,-,-,5372.4000,5372.2000,5372.0000,5371.8000,5371.6000,5372.6000,5372.8000,5373.2000,5373.4000,5373.8000,1,1,2,1,19,1,1,1,1,2
SF,IC2003,2020-01-03 14:28:47.900,5372.6000,53809,0,10997040240.000,0,-,-,-,-,5372.4000,5372.2000,5372.0000,5371.8000,5371.6000,5372.6000,5372.8000,5373.2000,5373.4000,5373.8000,1,1,1,1,19,1,1,1,1,2
SF,IC2003,2020-01-03 14:28:48.400,5372.4000,53809,0,10998114720.000,1,0,1,空换,B,5372.2000,5372.0000,5371.8000,5371.6000,5370.8000,5372.6000,5372.8000,5373.2000,5373.4000,5373.8000,1,1,1,19,2,1,1,1,1,2
SF,IC2003,2020-01-03 14:28:48.900,5371.8000,53809,0,11001337920.000,3,1,2,空换,B,5371.6000,5370.8000,5370.0000,5368.8000,5367.8000,5372.0000,5372.2000,5372.6000,5372.8000,5373.2000,19,2,2,1,4,2,3,1,1,1
SF,IC2003,2020-01-03 14:28:49.400,5371.8000,53816,7,11008858200.000,7,7,0,双开,B,5371.6000,5370.8000,5370.0000,5368.8000,5367.8000,5371.8000,5372.0000,5372.2000,5372.6000,5372.8000,13,2,2,1,4,1,2,2,2,1
SF,IC2003,2020-01-03 14:28:49.900,5370.8000,53826,10,11023898520.000,14,12,2,多开,B,5370.8000,5370.0000,5368.8000,5367.8000,5365.8000,5371.6000,5371.8000,5372.6000,5372.8000,5373.2000,1,2,1,4,1,4,1,1,3,1
SF,IC2003,2020-01-03 14:28:50.400,5370.8000,53826,0,11023898520.000,0,-,-,-,-,5370.0000,5368.8000,5367.8000,5365.8000,5365.2000,5371.6000,5371.8000,5372.6000,5372.8000,5373.2000,2,1,4,1,1,4,1,1,3,1
SF,IC2003,2020-01-03 14:28:50.900,5370.8000,53826,0,11023898520.000,0,-,-,-,-,5370.2000,5370.0000,5368.8000,5367.8000,5365.8000,5371.6000,5371.8000,5372.2000,5372.6000,5372.8000,2,2,1,4,1,4,1,1,1,3
SF,IC2003,2020-01-03 14:28:51.400,5370.8000,53826,0,11023898520.000,0,-,-,-,-,5370.2000,5370.0000,5368.8000,5367.8000,5365.8000,5371.4000,5371.6000,5371.8000,5372.2000,5372.6000,2,2,1,4,1,2,4,1,1,1
SF,IC2003,2020-01-03 14:28:51.900,5371.6000,53827,1,11024972840.000,1,1,0,双开,B,5370.2000,5370.0000,5368.8000,5367.8000,5365.8000,5371.6000,5371.8000,5372.2000,5372.6000,5372.8000,2,2,1,4,1,3,1,2,1,3
SF,IC2003,2020-01-03 14:28:52.400,5370.4000,53828,1,11026046920.000,1,1,0,双开,B,5370.4000,5370.2000,5370.0000,5368.8000,5367.8000,5371.2000,5371.6000,5371.8000,5372.2000,5372.6000,6,3,2,1,4,1,3,1,2,1
SF,IC2003,2020-01-03 14:28:52.900,5370.4000,53828,0,11026046920.000,0,-,-,-,-,5370.6000,5370.4000,5370.0000,5368.8000,5367.8000,5371.2000,5371.6000,5371.8000,5372.2000,5372.6000,2,1,2,1,4,1,1,1,2,1
SF,IC2003,2020-01-03 14:28:53.400,5371.2000,53828,0,11027121160.000,1,0,1,空换,B,5371.2000,5370.6000,5370.4000,5370.0000,5368.8000,5371.6000,5371.8000,5372.2000,5372.6000,5372.8000,2,2,1,2,1,1,1,2,1,3
SF,IC2003,2020-01-03 14:28:53.900,5371.6000,53828,0,11028195480.000,1,0,1,空换,B,5371.2000,5370.6000,5370.4000,5370.0000,5368.8000,5371.8000,5372.2000,5372.6000,5372.8000,5373.2000,2,2,1,2,1,1,2,1,3,1
SF,IC2003,2020-01-03 14:28:54.400,5371.6000,53828,0,11028195480.000,0,-,-,-,-,5371.2000,5370.6000,5370.0000,5368.8000,5367.8000,5371.8000,5372.2000,5372.6000,5372.8000,5373.2000,2,2,2,1,4,1,1,1,3,1
SF,IC2003,2020-01-03 14:28:54.900,5371.2000,53829,1,11029269720.000,1,1,0,双开,B,5371.4000,5371.2000,5370.6000,5370.2000,5370.0000,5371.8000,5372.2000,5372.6000,5372.8000,5373.2000,1,1,2,1,2,1,1,1,3,1
SF,IC2003,2020-01-03 14:28:55.400,5371.2000,53829,0,11031418240.000,2,1,1,空换,B,5370.6000,5370.2000,5370.0000,5368.8000,5367.8000,5371.4000,5371.8000,5372.0000,5372.2000,5372.6000,2,1,2,1,4,1,1,2,1,1
SF,IC2003,2020-01-03 14:28:55.900,5371.2000,53829,0,11031418240.000,0,-,-,-,-,5370.6000,5370.2000,5370.0000,5368.8000,5367.8000,5371.4000,5371.8000,5372.0000,5372.2000,5372.6000,2,1,2,1,4,1,1,3,1,1
SF,IC2003,2020-01-03 14:28:56.400,5371.4000,53830,1,11032492520.000,1,1,0,双开,B,5370.2000,5370.0000,5368.8000,5367.8000,5365.8000,5371.8000,5372.0000,5372.2000,5372.6000,5372.8000,1,2,1,4,1,1,3,1,1,3
SF,IC2003,2020-01-03 14:28:56.900,5371.4000,53830,0,11032492520.000,0,-,-,-,-,5371.4000,5370.4000,5370.2000,5370.0000,5368.8000,5371.8000,5372.0000,5372.2000,5372.6000,5372.8000,1,2,1,2,1,1,4,1,1,3
SF,IC2003,2020-01-03 14:28:57.400,5371.4000,53830,0,11033566800.000,1,0,1,空换,B,5370.4000,5370.2000,5370.0000,5368.8000,5367.8000,5371.4000,5371.8000,5372.0000,5372.2000,5372.6000,2,1,2,1,4,1,1,4,1,1
SF,IC2003,2020-01-03 14:28:57.900,5371.4000,53830,0,11033566800.000,0,-,-,-,-,5371.2000,5370.6000,5370.4000,5370.2000,5370.0000,5371.8000,5372.0000,5372.2000,5372.6000,5372.8000,8,1,2,1,2,1,4,1,1,3
SF,IC2003,2020-01-03 14:28:58.400,5371.4000,53830,0,11033566800.000,0,-,-,-,-,5371.2000,5370.6000,5370.4000,5370.2000,5370.0000,5371.6000,5371.8000,5372.0000,5372.2000,5372.6000,8,1,2,1,2,2,1,4,1,1
SF,IC2003,2020-01-03 14:28:58.900,5371.2000,53830,0,11037863760.000,4,2,2,空换,B,5371.2000,5370.6000,5370.4000,5370.2000,5370.0000,5371.8000,5372.0000,5372.2000,5372.6000,5372.8000,4,1,2,1,2,1,4,1,1,3
SF,IC2003,2020-01-03 14:29:01.400,5371.2000,53830,0,11037863760.000,0,-,-,-,-,5371.2000,5370.6000,5370.4000,5370.0000,5368.8000,5371.6000,5371.8000,5372.0000,5372.2000,5372.6000,4,1,2,2,1,1,1,4,1,1
SF,IC2003,2020-01-03 14:29:02.400,5371.2000,53830,0,11037863760.000,0,-,-,-,-,5371.2000,5370.6000,5370.4000,5370.0000,5368.8000,5371.6000,5371.8000,5372.0000,5372.2000,5372.6000,4,1,2,5,1,1,1,4,1,1
SF,IC2003,2020-01-03 14:29:02.900,5371.2000,53832,2,11040012240.000,2,2,0,双开,B,5371.2000,5370.6000,5370.4000,5370.0000,5368.8000,5371.6000,5371.8000,5372.0000,5372.2000,5372.6000,2,1,2,5,1,1,1,4,1,1
SF,IC2003,2020-01-03 14:29:03.400,5371.2000,53834,2,11042160720.000,2,2,0,双开,B,5370.6000,5370.4000,5370.0000,5368.8000,5367.8000,5371.0000,5371.2000,5371.6000,5371.8000,5372.0000,1,2,5,1,4,1,2,2,1,3
SF,IC2003,2020-01-03 14:29:03.900,5371.2000,53834,0,11042160720.000,0,-,-,-,-,5370.4000,5370.0000,5368.8000,5367.8000,5365.8000,5371.2000,5371.6000,5371.8000,5372.0000,5372.2000,2,5,1,4,1,2,2,1,3,1
SF,IC2003,2020-01-03 14:29:04.400,5371.2000,53834,0,11042160720.000,0,-,-,-,-,5370.0000,5368.8000,5367.8000,5365.8000,5365.2000,5370.4000,5371.2000,5371.6000,5371.8000,5372.0000,5,1,4,1,1,1,1,1,1,3
SF,IC2003,2020-01-03 14:29:04.900,5371.2000,53834,0,11042160720.000,0,-,-,-,-,5370.0000,5368.8000,5367.8000,5365.8000,5365.2000,5370.8000,5371.0000,5372.0000,5372.2000,5372.6000,5,1,4,1,1,1,1,3,1,1
SF,IC2003,2020-01-03 14:29:05.400,5371.2000,53834,0,11042160720.000,0,-,-,-,-,5370.0000,5368.8000,5367.8000,5366.0000,5365.8000,5370.8000,5371.0000,5372.0000,5372.2000,5372.6000,5,1,4,1,1,1,1,3,1,1
SF,IC2003,2020-01-03 14:29:06.400,5371.2000,53834,0,11043234960.000,1,0,1,空换,B,5370.0000,5368.8000,5367.8000,5366.0000,5365.8000,5371.0000,5372.0000,5372.2000,5372.6000,5372.8000,5,1,4,1,1,1,3,1,1,3
SF,IC2003,2020-01-03 14:29:06.900,5371.2000,53834,0,11043234960.000,0,-,-,-,-,5370.0000,5368.8000,5367.8000,5366.0000,5365.8000,5370.8000,5371.0000,5372.0000,5372.2000,5372.6000,5,1,4,1,1,2,1,3,1,1
SF,IC2003,2020-01-03 14:29:07.400,5371.2000,53834,0,11043234960.000,0,-,-,-,-,5370.0000,5368.8000,5367.8000,5366.0000,5365.8000,5371.0000,5372.0000,5372.2000,5372.6000,5372.8000,5,1,4,1,1,1,3,1,1,3
SF,IC2003,2020-01-03 14:29:08.900,5370.0000,53835,1,11048604960.000,5,3,2,多开,B,5368.8000,5367.8000,5366.0000,5365.8000,5365.2000,5370.0000,5370.6000,5371.0000,5372.0000,5372.2000,1,4,1,1,1,2,2,1,3,1
SF,IC2003,2020-01-03 14:29:09.400,5370.0000,53835,0,11048604960.000,0,-,-,-,-,5368.8000,5367.8000,5366.0000,5365.8000,5365.2000,5370.0000,5370.6000,5371.0000,5372.0000,5372.2000,1,2,1,1,1,1,2,1,3,1
SF,IC2003,2020-01-03 14:29:09.900,5370.0000,53835,0,11048604960.000,0,-,-,-,-,5368.8000,5367.8000,5366.0000,5365.8000,5365.2000,5369.6000,5369.8000,5370.0000,5370.6000,5372.0000,1,2,1,1,1,1,1,1,3,3
SF,IC2003,2020-01-03 14:29:10.400,5368.8000,53835,0,11049678720.000,1,0,1,空换,B,5367.8000,5366.0000,5365.8000,5365.2000,5365.0000,5369.6000,5369.8000,5370.6000,5372.0000,5372.2000,2,1,1,1,1,1,1,3,4,1
SF,IC2003,2020-01-03 14:29:10.900,5368.8000,53835,0,11049678720.000,0,-,-,-,-,5368.0000,5367.8000,5366.0000,5365.8000,5365.2000,5369.6000,5370.6000,5372.0000,5372.2000,5372.6000,1,2,1,1,1,1,3,4,1,1
SF,IC2003,2020-01-03 14:29:11.400,5368.8000,53835,0,11049678720.000,0,-,-,-,-,5368.4000,5368.0000,5367.8000,5366.0000,5365.8000,5369.4000,5370.6000,5372.0000,5372.2000,5372.6000,1,1,2,1,1,1,3,4,1,1
SF,IC2003,2020-01-03 14:29:11.900,5369.4000,53837,2,11051826480.000,2,2,0,双开,B,5368.4000,5368.0000,5367.8000,5366.0000,5365.8000,5370.6000,5372.0000,5372.2000,5372.6000,5372.8000,1,1,2,1,1,3,4,1,1,3
SF,IC2003,2020-01-03 14:29:12.400,5369.4000,53836,-1,11052900360.000,1,0,1,双平,B,5368.8000,5368.4000,5367.8000,5366.0000,5365.8000,5370.6000,5372.0000,5372.2000,5372.6000,5372.8000,3,2,2,1,1,3,4,1,1,3
SF,IC2003,2020-01-03 14:29:12.900,5369.4000,53836,0,11052900360.000,0,-,-,-,-,5369.2000,5369.0000,5368.8000,5368.6000,5367.8000,5370.6000,5372.0000,5372.2000,5372.6000,5372.8000,2,2,1,1,2,3,4,1,1,3
SF,IC2003,2020-01-03 14:29:13.400,5369.4000,53836,0,11052900360.000,0,-,-,-,-,5369.4000,5369.0000,5368.8000,5368.6000,5367.8000,5370.6000,5372.0000,5372.2000,5372.6000,5372.8000,1,1,1,1,2,3,4,1,1,3
SF,IC2003,2020-01-03 14:29:13.900,5369.4000,53837,1,11053974240.000,1,1,0,双开,B,5369.0000,5368.8000,5368.6000,5367.8000,5366.0000,5370.6000,5372.0000,5372.2000,5372.6000,5372.8000,1,1,1,2,1,3,4,1,1,3
SF,IC2003,2020-01-03 14:29:14.900,5369.4000,53837,0,11053974240.000,0,-,-,-,-,5369.6000,5369.0000,5368.8000,5367.8000,5366.0000,5370.6000,5372.0000,5372.2000,5372.6000,5372.8000,2,1,1,2,1,3,4,1,1,3
SF,IC2003,2020-01-03 14:29:15.400,5369.4000,53837,0,11053974240.000,0,-,-,-,-,5369.6000,5369.0000,5368.8000,5367.8000,5366.0000,5370.6000,5371.0000,5372.0000,5372.2000,5372.6000,2,1,1,2,1,3,1,4,1,1
SF,IC2003,2020-01-03 14:29:15.900,5369.4000,53837,0,11053974240.000,0,-,-,-,-,5369.6000,5369.0000,5368.8000,5367.8000,5366.0000,5370.6000,5371.0000,5372.0000,5372.2000,5372.6000,2,1,2,2,1,3,1,4,1,1
SF,IC2003,2020-01-03 14:29:16.900,5370.6000,53836,-1,11057196600.000,3,1,2,空平,B,5369.6000,5369.4000,5369.0000,5368.8000,5367.8000,5371.0000,5372.0000,5372.2000,5372.6000,5372.8000,2,2,1,2,2,1,4,1,1,3
SF,IC2003,2020-01-03 14:29:17.400,5370.6000,53836,0,11057196600.000,0,-,-,-,-,5369.6000,5369.0000,5368.8000,5367.8000,5366.0000,5371.0000,5372.0000,5372.2000,5372.6000,5372.8000,2,1,2,2,1,1,4,1,1,3
SF,IC2003,2020-01-03 14:29:17.900,5370.6000,53836,0,11057196600.000,0,-,-,-,-,5369.6000,5369.0000,5368.8000,5367.8000,5366.0000,5371.0000,5372.0000,5372.2000,5372.6000,5372.8000,2,1,1,2,1,1,4,1,1,3
SF,IC2003,2020-01-03 14:29:18.900,5370.6000,53836,0,11057196600.000,0,-,-,-,-,5370.6000,5369.6000,5369.0000,5368.8000,5367.8000,5371.0000,5372.0000,5372.2000,5372.6000,5372.8000,2,2,1,1,2,1,4,1,1,3
SF,IC2003,2020-01-03 14:29:19.400,5371.0000,53836,0,11058270800.000,1,0,1,空换,B,5369.8000,5369.6000,5368.8000,5367.8000,5366.0000,5372.0000,5372.2000,5372.6000,5372.8000,5373.2000,1,2,1,2,1,4,1,1,3,1
SF,IC2003,2020-01-03 14:29:19.900,5371.0000,53837,1,11059345000.000,1,1,0,双开,B,5371.4000,5371.2000,5370.2000,5370.0000,5369.8000,5372.0000,5372.2000,5372.6000,5372.8000,5373.2000,1,2,3,7,3,4,1,1,3,1
SF,IC2003,2020-01-03 14:29:20.400,5371.0000,53837,0,11059345000.000,0,-,-,-,-,5371.6000,5370.0000,5369.8000,5369.6000,5368.8000,5372.0000,5372.2000,5372.6000,5372.8000,5373.2000,1,6,1,2,1,4,1,1,3,1
SF,IC2003,2020-01-03 14:29:20.900,5372.0000,53838,1,11060419400.000,1,1,0,双开,B,5371.6000,5370.0000,5369.8000,5369.6000,5368.8000,5372.0000,5372.2000,5372.6000,5372.8000,5373.2000,1,6,1,2,1,3,1,1,3,1
SF,IC2003,2020-01-03 14:29:21.400,5372.0000,53838,0,11060419400.000,0,-,-,-,-,5371.8000,5371.6000,5370.0000,5369.8000,5369.6000,5372.0000,5372.2000,5372.6000,5372.8000,5373.2000,1,1,6,1,2,3,1,1,3,1
SF,IC2003,2020-01-03 14:29:21.900,5372.0000,53838,0,11060419400.000,0,-,-,-,-,5371.8000,5371.6000,5371.0000,5370.0000,5369.8000,5372.0000,5372.2000,5372.6000,5372.8000,5373.2000,1,1,1,6,1,3,1,1,3,1
SF,IC2003,2020-01-03 14:29:22.400,5371.8000,53838,0,11061493760.000,1,0,1,空换,B,5371.6000,5371.0000,5370.0000,5369.8000,5369.6000,5372.0000,5372.2000,5372.6000,5372.8000,5373.2000,1,1,6,1,2,3,1,1,3,1
SF,IC2003,2020-01-03 14:29:22.900,5372.0000,53838,0,11064716960.000,3,1,2,空换,B,5371.6000,5371.0000,5370.0000,5369.8000,5369.6000,5372.0000,5372.2000,5372.6000,5372.8000,5373.2000,1,1,6,1,2,3,1,1,3,1
SF,IC2003,2020-01-03 14:29:23.400,5372.0000,53837,-1,11065791360.000,1,0,1,双平,B,5371.6000,5371.0000,5370.0000,5369.8000,5369.6000,5372.0000,5372.2000,5372.6000,5372.8000,5373.2000,1,1,6,1,2,2,1,1,3,1
SF,IC2003,2020-01-03 14:29:23.900,5371.6000,53838,1,11066865680.000,1,1,0,双开,B,5371.0000,5370.0000,5369.8000,5369.6000,5368.8000,5372.0000,5372.2000,5372.6000,5372.8000,5373.2000,1,6,1,2,1,2,1,1,3,1
SF,IC2003,2020-01-03 14:29:24.400,5372.0000,53839,1,11069014480.000,2,1,1,多开,B,5371.8000,5371.0000,5370.0000,5369.8000,5369.6000,5372.2000,5372.6000,5372.8000,5373.2000,5373.4000,2,1,6,1,2,1,1,3,1,1
SF,IC2003,2020-01-03 14:29:24.900,5372.2000,53840,1,11070088920.000,1,1,0,双开,B,5372.4000,5371.0000,5370.0000,5369.8000,5369.6000,5372.6000,5372.8000,5373.2000,5373.4000,5373.8000,2,1,6,1,2,1,3,1,1,2
SF,IC2003,2020-01-03 14:29:25.400,5372.8000,53840,0,11072238000.000,2,1,1,空换,B,5371.0000,5370.0000,5369.6000,5368.8000,5367.8000,5372.8000,5373.2000,5373.4000,5373.8000,5374.0000,1,6,2,1,2,2,1,1,2,1
SF,IC2003,2020-01-03 14:29:25.900,5372.8000,53841,1,11074387120.000,2,1,1,多开,B,5372.8000,5372.0000,5371.6000,5371.4000,5371.2000,5373.2000,5373.4000,5373.8000,5374.0000,5374.6000,5,1,2,3,11,1,1,2,1,2
SF,IC2003,2020-01-03 14:29:26.400,5372.8000,53841,0,11074387120.000,0,-,-,-,-,5372.8000,5372.6000,5372.0000,5371.4000,5371.2000,5373.0000,5373.2000,5373.4000,5373.8000,5374.0000,5,1,1,1,2,3,1,1,2,1
SF,IC2003,2020-01-03 14:29:27.900,5372.8000,53842,1,11075461680.000,1,1,0,双开,B,5372.8000,5372.6000,5371.4000,5371.2000,5371.0000,5373.0000,5373.2000,5373.4000,5373.8000,5374.0000,4,1,1,2,1,3,1,1,2,1
SF,IC2003,2020-01-03 14:29:28.400,5372.8000,53844,2,11077610800.000,2,2,0,双开,B,5372.8000,5372.6000,5371.2000,5371.0000,5369.6000,5373.0000,5373.2000,5373.4000,5373.8000,5374.0000,2,1,2,1,2,5,1,1,2,1
SF,IC2003,2020-01-03 14:29:28.900,5372.6000,53847,3,11082983480.000,5,4,1,多开,B,5371.2000,5371.0000,5368.8000,5367.8000,5366.0000,5372.8000,5373.0000,5373.2000,5373.4000,5373.8000,2,1,1,2,1,1,5,1,1,2
SF,IC2003,2020-01-03 14:29:29.400,5372.6000,53847,0,11082983480.000,0,-,-,-,-,5371.2000,5371.0000,5368.8000,5367.8000,5366.0000,5372.6000,5373.0000,5373.2000,5373.4000,5373.8000,2,1,1,2,1,2,3,1,1,2
SF,IC2003,2020-01-03 14:29:29.900,5371.2000,53848,1,11084057720.000,1,1,0,双开,B,5371.2000,5371.0000,5368.8000,5367.8000,5366.0000,5372.6000,5373.0000,5373.2000,5373.4000,5373.8000,1,1,1,2,1,2,5,1,1,4
SF,IC2003,2020-01-03 14:29:30.400,5371.2000,53848,0,11084057720.000,0,-,-,-,-,5371.0000,5368.8000,5367.8000,5366.0000,5365.2000,5372.4000,5372.6000,5373.0000,5373.2000,5373.4000,1,1,2,1,1,1,2,5,1,1
SF,IC2003,2020-01-03 14:29:30.900,5371.2000,53848,0,11084057720.000,0,-,-,-,-,5371.0000,5368.8000,5367.8000,5366.0000,5365.2000,5372.2000,5372.4000,5373.0000,5373.2000,5373.4000,1,1,2,1,1,2,1,5,1,1
SF,IC2003,2020-01-03 14:29:31.400,5371.2000,53848,0,11084057720.000,0,-,-,-,-,5371.2000,5371.0000,5368.8000,5367.8000,5366.0000,5372.2000,5372.4000,5373.0000,5373.2000,5373.4000,2,1,1,2,1,2,1,5,1,1
SF,IC2003,2020-01-03 14:29:31.900,5372.2000,53850,2,11086206600.000,2,2,0,双开,B,5372.2000,5371.2000,5371.0000,5368.8000,5367.8000,5373.0000,5373.2000,5373.4000,5373.8000,5374.0000,4,2,1,1,2,5,1,1,4,1
SF,IC2003,2020-01-03 14:29:32.900,5372.2000,53850,0,11086206600.000,0,-,-,-,-,5372.2000,5371.2000,5371.0000,5368.8000,5367.8000,5373.0000,5373.2000,5373.4000,5373.8000,5374.0000,4,2,1,2,2,5,1,1,4,1
SF,IC2003,2020-01-03 14:29:33.400,5372.2000,53850,0,11086206600.000,0,-,-,-,-,5372.2000,5371.2000,5371.0000,5368.8000,5367.8000,5373.0000,5373.2000,5373.4000,5373.8000,5374.0000,4,3,1,2,2,5,1,1,4,1
SF,IC2003,2020-01-03 14:29:33.900,5372.2000,53850,0,11086206600.000,0,-,-,-,-,5372.2000,5371.2000,5371.0000,5368.8000,5367.8000,5373.0000,5373.2000,5373.4000,5373.8000,5374.0000,4,3,1,2,2,5,1,1,4,1
SF,IC2003,2020-01-03 14:29:34.900,5372.2000,53851,1,11087281040.000,1,1,0,双开,B,5372.2000,5371.2000,5371.0000,5368.8000,5367.8000,5373.0000,5373.2000,5373.4000,5373.8000,5374.0000,3,2,1,2,2,5,1,1,4,2
SF,IC2003,2020-01-03 14:29:35.400,5372.2000,53852,1,11089429920.000,2,1,1,多开,B,5372.2000,5371.2000,5371.0000,5368.8000,5367.8000,5372.8000,5373.0000,5373.2000,5373.4000,5373.8000,1,2,1,2,2,2,5,1,1,4
SF,IC2003,2020-01-03 14:29:35.900,5372.2000,53852,0,11090504360.000,1,0,1,空换,B,5371.2000,5371.0000,5368.8000,5367.8000,5365.2000,5372.2000,5372.8000,5373.0000,5373.2000,5373.4000,2,1,2,2,1,1,2,5,1,1
SF,IC2003,2020-01-03 14:29:36.400,5372.8000,53853,1,11092653160.000,2,1,1,多开,B,5371.2000,5371.0000,5368.8000,5367.8000,5365.2000,5372.8000,5373.0000,5373.2000,5373.4000,5373.8000,1,1,2,2,1,1,5,1,1,4
SF,IC2003,2020-01-03 14:29:36.900,5372.8000,53853,0,11092653160.000,0,-,-,-,-,5371.2000,5371.0000,5368.8000,5367.8000,5365.2000,5372.6000,5372.8000,5373.0000,5373.2000,5373.4000,1,1,2,2,1,1,1,5,1,1
SF,IC2003,2020-01-03 14:29:37.400,5372.8000,53853,0,11092653160.000,0,-,-,-,-,5371.6000,5371.2000,5371.0000,5368.8000,5367.8000,5372.6000,5373.0000,5373.2000,5373.4000,5373.8000,1,1,1,2,2,1,5,1,1,4
SF,IC2003,2020-01-03 14:29:37.900,5372.8000,53853,0,11092653160.000,0,-,-,-,-,5371.8000,5371.6000,5371.0000,5368.8000,5367.8000,5372.6000,5373.0000,5373.2000,5373.4000,5373.8000,2,2,1,2,2,1,5,1,1,4
SF,IC2003,2020-01-03 14:29:38.400,5372.8000,53853,0,11092653160.000,0,-,-,-,-,5371.8000,5371.6000,5371.0000,5368.8000,5367.8000,5373.0000,5373.2000,5373.4000,5373.8000,5374.0000,2,2,1,2,2,5,1,2,4,1
SF,IC2003,2020-01-03 14:29:38.900,5372.8000,53853,0,11092653160.000,0,-,-,-,-,5372.2000,5371.8000,5371.6000,5371.0000,5368.8000,5373.0000,5373.2000,5373.4000,5373.8000,5374.0000,1,2,1,1,2,5,1,2,4,1
SF,IC2003,2020-01-03 14:29:39.400,5372.8000,53853,0,11092653160.000,0,-,-,-,-,5371.8000,5371.6000,5371.0000,5368.8000,5367.8000,5373.0000,5373.2000,5373.4000,5373.8000,5374.0000,2,1,1,2,2,5,1,2,4,1
SF,IC2003,2020-01-03 14:29:39.900,5372.8000,53853,0,11092653160.000,0,-,-,-,-,5372.8000,5371.8000,5371.6000,5371.0000,5368.8000,5373.0000,5373.2000,5373.4000,5373.8000,5374.0000,1,2,1,1,2,5,1,2,4,1
SF,IC2003,2020-01-03 14:29:40.400,5372.8000,53853,0,11093727720.000,1,0,1,空换,B,5371.8000,5371.6000,5371.0000,5370.0000,5368.8000,5372.8000,5373.0000,5373.2000,5373.4000,5373.8000,2,1,1,1,2,2,5,1,2,4
SF,IC2003,2020-01-03 14:29:40.900,5372.8000,53853,0,11093727720.000,0,-,-,-,-,5371.8000,5371.6000,5371.0000,5370.0000,5368.8000,5372.8000,5373.0000,5373.2000,5373.4000,5373.8000,2,1,1,1,2,2,6,1,1,4
SF,IC2003,2020-01-03 14:29:41.900,5372.8000,53854,1,11094802280.000,1,1,0,双开,B,5371.8000,5371.6000,5371.0000,5370.0000,5368.8000,5372.8000,5373.0000,5373.2000,5373.4000,5373.8000,2,1,1,1,2,1,6,1,1,4
SF,IC2003,2020-01-03 14:29:42.900,5371.8000,53855,1,11095876640.000,1,1,0,双开,B,5371.8000,5371.6000,5371.0000,5370.0000,5368.8000,5372.8000,5373.0000,5373.2000,5373.4000,5373.8000,1,1,1,1,2,1,6,1,1,4
SF,IC2003,2020-01-03 14:29:43.400,5371.8000,53855,0,11095876640.000,0,-,-,-,-,5371.8000,5371.6000,5371.0000,5370.0000,5368.8000,5372.8000,5373.0000,5373.2000,5373.4000,5373.8000,1,1,1,1,2,3,6,1,1,4
SF,IC2003,2020-01-03 14:29:44.900,5372.8000,53856,1,11096951200.000,1,1,0,双开,B,5372.0000,5371.8000,5371.6000,5371.0000,5370.0000,5372.8000,5373.0000,5373.2000,5373.4000,5373.8000,1,1,1,1,1,2,6,1,1,4
SF,IC2003,2020-01-03 14:29:45.400,5372.8000,53856,0,11096951200.000,0,-,-,-,-,5372.2000,5372.0000,5371.6000,5371.0000,5370.0000,5372.8000,5373.0000,5373.2000,5373.4000,5373.8000,2,2,1,1,1,2,6,1,1,4
SF,IC2003,2020-01-03 14:29:46.400,5372.8000,53855,-1,11099100320.000,2,0,2,空平,B,5372.2000,5372.0000,5371.6000,5371.0000,5370.0000,5373.0000,5373.2000,5373.4000,5373.8000,5374.0000,2,1,1,1,1,6,1,1,4,1
SF,IC2003,2020-01-03 14:29:46.900,5373.0000,53856,1,11100174920.000,1,1,0,双开,B,5372.2000,5371.6000,5371.0000,5370.0000,5368.8000,5373.0000,5373.2000,5373.4000,5373.8000,5374.0000,2,1,1,1,2,4,1,1,4,1
SF,IC2003,2020-01-03 14:29:47.400,5372.4000,53857,1,11101249400.000,1,1,0,双开,B,5372.2000,5371.6000,5371.0000,5370.0000,5368.8000,5373.0000,5373.2000,5373.4000,5373.8000,5374.0000,2,1,1,1,2,4,1,1,4,1
SF,IC2003,2020-01-03 14:29:48.400,5372.4000,53857,0,11101249400.000,0,-,-,-,-,5372.2000,5371.6000,5371.0000,5370.0000,5368.8000,5373.0000,5373.2000,5373.4000,5373.8000,5374.0000,2,1,1,1,2,4,1,1,4,1
SF,IC2003,2020-01-03 14:29:48.900,5372.4000,53857,0,11101249400.000,0,-,-,-,-,5371.6000,5371.0000,5370.0000,5368.8000,5367.8000,5372.8000,5373.0000,5373.2000,5373.4000,5373.8000,1,1,2,2,2,2,4,1,1,4
SF,IC2003,2020-01-03 14:29:49.400,5372.8000,53858,1,11102323960.000,1,1,0,双开,B,5371.0000,5370.0000,5368.8000,5367.8000,5365.2000,5372.8000,5373.0000,5373.2000,5373.4000,5373.8000,1,2,2,2,1,2,4,1,1,4
SF,IC2003,2020-01-03 14:29:49.900,5371.4000,53859,1,11103398240.000,1,1,0,双开,B,5371.4000,5371.2000,5371.0000,5370.0000,5368.8000,5372.6000,5372.8000,5373.0000,5373.2000,5373.4000,1,2,1,2,2,2,1,4,1,1
SF,IC2003,2020-01-03 14:29:50.400,5371.8000,53860,1,11105546960.000,2,1,1,多开,B,5371.0000,5370.0000,5368.8000,5367.8000,5365.2000,5372.4000,5372.6000,5373.0000,5373.2000,5373.4000,1,2,2,2,1,3,2,4,1,1
SF,IC2003,2020-01-03 14:29:50.900,5371.8000,53860,0,11105546960.000,0,-,-,-,-,5371.0000,5370.0000,5368.8000,5367.8000,5365.2000,5371.6000,5372.0000,5372.2000,5372.4000,5372.6000,1,2,2,2,1,1,1,1,3,1
SF,IC2003,2020-01-03 14:29:51.400,5371.8000,53860,0,11105546960.000,0,-,-,-,-,5371.0000,5370.0000,5368.8000,5367.8000,5365.2000,5372.0000,5372.2000,5372.4000,5372.6000,5373.0000,1,2,2,2,1,1,1,3,1,4
SF,IC2003,2020-01-03 14:29:52.400,5371.8000,53860,0,11105546960.000,0,-,-,-,-,5371.0000,5370.0000,5368.8000,5367.8000,5365.2000,5372.0000,5372.2000,5372.4000,5372.6000,5373.0000,1,2,2,2,1,1,1,3,1,4
SF,IC2003,2020-01-03 14:29:52.900,5371.8000,53860,0,11105546960.000,0,-,-,-,-,5371.2000,5371.0000,5370.0000,5368.8000,5367.8000,5372.0000,5372.2000,5372.4000,5372.6000,5373.0000,2,1,2,2,2,1,1,2,1,4
SF,IC2003,2020-01-03 14:29:54.400,5371.2000,53860,0,11106621200.000,1,0,1,空换,B,5371.2000,5371.0000,5370.0000,5368.8000,5367.8000,5372.0000,5372.2000,5372.4000,5372.6000,5373.0000,1,1,2,2,2,1,1,2,1,4
SF,IC2003,2020-01-03 14:29:54.900,5371.2000,53860,0,11106621200.000,0,-,-,-,-,5371.0000,5370.0000,5368.8000,5367.8000,5365.2000,5372.0000,5372.2000,5372.4000,5372.6000,5373.0000,2,2,2,2,1,1,1,2,1,4
SF,IC2003,2020-01-03 14:29:55.400,5371.2000,53860,0,11106621200.000,0,-,-,-,-,5371.0000,5370.0000,5368.8000,5367.8000,5365.2000,5371.8000,5372.0000,5372.2000,5372.6000,5373.0000,2,2,2,2,1,2,1,1,1,4
SF,IC2003,2020-01-03 14:29:56.900,5371.0000,53861,1,11108769760.000,2,1,1,多开,B,5371.0000,5370.0000,5368.8000,5367.8000,5365.2000,5371.8000,5372.0000,5372.2000,5372.6000,5373.0000,1,2,1,2,1,1,1,1,1,4
SF,IC2003,2020-01-03 14:29:57.400,5371.0000,53861,0,11108769760.000,0,-,-,-,-,5371.0000,5370.0000,5368.8000,5367.8000,5365.2000,5371.8000,5372.0000,5372.2000,5373.0000,5373.2000,1,2,1,2,1,1,1,1,4,1
SF,IC2003,2020-01-03 14:29:57.900,5371.0000,53861,0,11109843960.000,1,0,1,空换,B,5370.0000,5368.8000,5367.8000,5365.2000,5365.0000,5371.8000,5372.0000,5372.2000,5373.0000,5373.2000,2,1,2,1,1,1,1,1,4,1
SF,IC2003,2020-01-03 14:29:58.400,5371.8000,53861,0,11110918320.000,1,0,1,空换,B,5370.4000,5370.2000,5370.0000,5368.8000,5367.8000,5372.0000,5372.2000,5373.0000,5373.2000,5373.4000,1,2,2,1,2,1,1,4,1,1
SF,IC2003,2020-01-03 14:29:58.900,5371.8000,53861,0,11110918320.000,0,-,-,-,-,5370.8000,5370.6000,5370.0000,5368.8000,5367.8000,5372.0000,5372.2000,5373.0000,5373.2000,5373.4000,1,2,2,1,2,1,1,4,1,1
SF,IC2003,2020-01-03 14:29:59.400,5371.8000,53861,0,11110918320.000,0,-,-,-,-,5370.8000,5370.6000,5370.0000,5368.8000,5367.8000,5371.8000,5372.0000,5372.2000,5373.0000,5373.2000,1,2,2,1,2,2,5,1,4,1
SF,IC2003,2020-01-03 14:29:59.900,5371.8000,53861,0,11110918320.000,0,-,-,-,-,5370.8000,5370.6000,5370.0000,5368.8000,5367.8000,5371.8000,5372.0000,5372.2000,5373.0000,5373.2000,1,2,2,1,2,2,5,1,4,1
SF,IC2003,2020-01-03 14:30:00.400,5371.8000,53861,0,11110918320.000,0,-,-,-,-,5370.8000,5370.6000,5370.0000,5368.8000,5367.8000,5371.8000,5372.0000,5372.2000,5373.0000,5373.2000,1,2,2,1,2,2,5,1,3,1
SF,IC2003,2020-01-03 14:30:00.900,5371.0000,53862,1,11111992520.000,1,1,0,双开,B,5370.8000,5370.6000,5370.0000,5368.8000,5367.8000,5371.8000,5372.0000,5372.2000,5373.0000,5373.2000,1,2,1,1,2,2,5,1,3,1
SF,IC2003,2020-01-03 14:30:01.400,5371.0000,53862,0,11111992520.000,0,-,-,-,-,5370.8000,5370.6000,5370.0000,5368.8000,5367.8000,5371.6000,5371.8000,5372.0000,5372.2000,5373.0000,1,2,1,1,2,1,2,5,1,3
SF,IC2003,2020-01-03 14:30:01.900,5371.0000,53862,0,11111992520.000,0,-,-,-,-,5370.8000,5370.0000,5368.8000,5367.8000,5365.2000,5371.6000,5371.8000,5372.0000,5372.2000,5373.0000,1,1,1,2,1,1,2,5,1,3
SF,IC2003,2020-01-03 14:30:02.400,5371.0000,53862,0,11111992520.000,0,-,-,-,-,5370.8000,5370.0000,5368.8000,5367.8000,5365.2000,5371.4000,5371.6000,5372.0000,5372.2000,5373.0000,1,1,1,2,1,2,1,5,1,3
SF,IC2003,2020-01-03 14:30:02.900,5370.8000,53863,1,11113066680.000,1,1,0,双开,B,5370.0000,5368.8000,5367.8000,5365.2000,5365.0000,5370.8000,5371.4000,5371.6000,5372.0000,5372.2000,1,1,2,1,1,1,2,1,5,1
SF,IC2003,2020-01-03 14:30:03.400,5370.0000,53864,1,11114140680.000,1,1,0,双开,B,5368.8000,5367.8000,5365.2000,5365.0000,5364.2000,5370.6000,5371.6000,5372.0000,5373.0000,5373.2000,1,2,1,1,1,2,1,4,3,1
SF,IC2003,2020-01-03 14:30:03.900,5370.0000,53864,0,11114140680.000,0,-,-,-,-,5369.2000,5369.0000,5368.8000,5368.6000,5367.8000,5370.2000,5370.6000,5371.6000,5372.0000,5373.0000,1,2,1,2,2,1,2,1,4,3
SF,IC2003,2020-01-03 14:30:04.400,5370.0000,53864,0,11114140680.000,0,-,-,-,-,5369.0000,5368.8000,5368.6000,5367.8000,5365.2000,5370.2000,5370.6000,5371.6000,5372.0000,5373.0000,3,1,2,2,1,1,2,1,4,3
SF,IC2003,2020-01-03 14:30:04.900,5370.0000,53864,0,11114140680.000,0,-,-,-,-,5369.0000,5368.8000,5368.6000,5367.8000,5365.2000,5370.0000,5370.6000,5371.6000,5372.0000,5373.0000,3,1,2,2,1,1,2,1,4,3
SF,IC2003,2020-01-03 14:30:05.400,5370.0000,53864,0,11114140680.000,0,-,-,-,-,5369.0000,5368.8000,5368.6000,5365.2000,5365.0000,5370.0000,5370.6000,5371.6000,5372.0000,5373.0000,3,1,2,1,1,1,2,1,4,3
SF,IC2003,2020-01-03 14:30:05.900,5370.0000,53864,0,11115214680.000,1,0,1,空换,B,5369.0000,5368.8000,5368.6000,5365.2000,5365.0000,5370.6000,5371.6000,5372.0000,5373.0000,5373.2000,3,1,2,1,1,2,1,4,3,1
SF,IC2003,2020-01-03 14:30:06.900,5370.0000,53864,0,11115214680.000,0,-,-,-,-,5369.0000,5368.8000,5368.6000,5365.2000,5365.0000,5370.2000,5370.4000,5370.6000,5371.4000,5371.6000,3,1,2,1,1,1,2,2,1,1
SF,IC2003,2020-01-03 14:30:07.400,5369.0000,53864,0,11117362280.000,2,1,1,空换,B,5369.0000,5368.8000,5368.6000,5365.2000,5365.0000,5370.2000,5370.4000,5370.6000,5371.4000,5371.6000,1,1,2,1,1,1,2,2,1,1
SF,IC2003,2020-01-03 14:30:07.900,5370.0000,53865,1,11118436280.000,1,1,0,双开,B,5369.0000,5368.8000,5368.6000,5365.2000,5365.0000,5370.0000,5370.2000,5370.4000,5371.4000,5371.6000,1,1,2,1,1,1,1,2,1,1
SF,IC2003,2020-01-03 14:30:08.400,5370.0000,53865,0,11118436280.000,0,-,-,-,-,5369.0000,5368.8000,5368.6000,5365.2000,5365.0000,5370.0000,5370.2000,5370.4000,5371.4000,5371.6000,1,1,2,1,1,2,1,2,1,1
SF,IC2003,2020-01-03 14:30:08.900,5370.0000,53865,0,11118436280.000,0,-,-,-,-,5369.0000,5368.8000,5368.6000,5365.2000,5365.0000,5370.0000,5370.2000,5370.4000,5371.4000,5371.6000,1,1,2,1,1,2,1,2,1,1
SF,IC2003,2020-01-03 14:30:09.400,5370.0000,53866,1,11119510280.000,1,1,0,双开,B,5369.4000,5369.2000,5369.0000,5368.8000,5368.6000,5370.2000,5370.4000,5371.4000,5371.6000,5372.0000,1,2,1,1,2,1,2,1,1,14
SF,IC2003,2020-01-03 14:30:09.900,5370.0000,53866,0,11119510280.000,0,-,-,-,-,5369.6000,5369.4000,5369.0000,5368.8000,5368.6000,5370.2000,5370.4000,5371.4000,5371.6000,5372.0000,2,1,1,1,2,1,1,1,1,14
SF,IC2003,2020-01-03 14:30:10.400,5369.0000,53867,1,11121657960.000,2,1,1,多开,B,5368.8000,5368.6000,5365.2000,5365.0000,5364.2000,5370.2000,5370.4000,5371.4000,5371.6000,5372.0000,1,2,1,1,1,1,1,1,1,14
SF,IC2003,2020-01-03 14:30:10.900,5369.0000,53867,0,11121657960.000,0,-,-,-,-,5369.0000,5368.8000,5368.6000,5365.2000,5365.0000,5370.2000,5371.4000,5371.6000,5372.0000,5373.0000,2,1,2,1,1,1,1,1,14,5
SF,IC2003,2020-01-03 14:30:11.400,5369.0000,53867,0,11121657960.000,0,-,-,-,-,5369.4000,5369.0000,5368.8000,5368.6000,5365.2000,5371.4000,5371.6000,5372.0000,5373.0000,5373.2000,1,2,1,2,1,1,1,14,5,1
SF,IC2003,2020-01-03 14:30:11.900,5370.8000,53866,-1,11122732120.000,1,0,1,双平,B,5369.6000,5369.4000,5368.8000,5368.6000,5365.2000,5371.2000,5371.4000,5371.6000,5372.0000,5373.0000,2,1,1,2,1,1,1,1,14,5
SF,IC2003,2020-01-03 14:30:12.400,5370.8000,53866,0,11122732120.000,0,-,-,-,-,5369.6000,5369.4000,5368.8000,5368.6000,5365.2000,5371.0000,5371.6000,5372.0000,5373.0000,5373.2000,2,1,1,2,1,2,1,14,5,1
SF,IC2003,2020-01-03 14:30:12.900,5370.8000,53866,0,11122732120.000,0,-,-,-,-,5369.6000,5369.4000,5368.8000,5368.6000,5365.2000,5371.0000,5372.0000,5373.0000,5373.2000,5373.4000,2,1,1,2,1,2,14,5,1,1
SF,IC2003,2020-01-03 14:30:13.400,5370.8000,53867,1,11123806280.000,1,1,0,双开,B,5369.8000,5369.6000,5369.4000,5368.8000,5368.6000,5371.0000,5372.0000,5373.0000,5373.2000,5373.4000,1,2,1,1,2,2,14,3,1,1
SF,IC2003,2020-01-03 14:30:13.900,5370.8000,53867,0,11123806280.000,0,-,-,-,-,5370.0000,5369.8000,5369.4000,5368.8000,5368.6000,5372.0000,5373.0000,5373.2000,5373.4000,5373.8000,2,1,1,1,2,14,3,1,1,5
SF,IC2003,2020-01-03 14:30:14.400,5370.8000,53867,0,11123806280.000,0,-,-,-,-,5370.2000,5370.0000,5369.8000,5369.4000,5368.8000,5371.8000,5372.0000,5373.0000,5373.2000,5373.4000,1,2,1,1,1,4,14,3,1,1
SF,IC2003,2020-01-03 14:30:14.900,5370.8000,53867,0,11123806280.000,0,-,-,-,-,5370.4000,5370.2000,5370.0000,5369.8000,5369.4000,5371.8000,5372.0000,5373.0000,5373.2000,5373.4000,2,1,1,1,1,3,14,3,1,1
SF,IC2003,2020-01-03 14:30:15.400,5370.4000,53867,0,11125954440.000,2,1,1,空换,B,5370.4000,5370.0000,5369.4000,5368.8000,5368.6000,5371.8000,5372.0000,5373.0000,5373.2000,5373.4000,1,1,1,1,2,2,14,3,1,1
SF,IC2003,2020-01-03 14:30:15.900,5370.4000,53867,0,11125954440.000,0,-,-,-,-,5370.6000,5370.4000,5370.0000,5369.4000,5368.8000,5371.2000,5371.8000,5372.0000,5373.0000,5373.2000,1,1,1,1,1,1,2,14,3,1
SF,IC2003,2020-01-03 14:30:17.900,5370.4000,53867,0,11125954440.000,0,-,-,-,-,5370.8000,5370.6000,5370.0000,5369.4000,5368.8000,5371.2000,5371.8000,5372.0000,5373.0000,5373.2000,1,1,1,1,1,1,2,14,3,1
SF,IC2003,2020-01-03 14:30:18.400,5370.4000,53867,0,11125954440.000,0,-,-,-,-,5370.8000,5370.0000,5369.4000,5368.8000,5368.6000,5371.0000,5371.2000,5371.4000,5372.0000,5373.0000,1,1,1,1,2,2,1,3,14,3
SF,IC2003,2020-01-03 14:30:18.900,5370.8000,53868,1,11127028600.000,1,1,0,双开,B,5370.0000,5369.4000,5368.8000,5368.6000,5365.2000,5370.8000,5371.2000,5371.4000,5372.0000,5373.0000,1,1,1,2,1,3,1,3,14,3
SF,IC2003,2020-01-03 14:30:19.900,5370.8000,53868,0,11127028600.000,0,-,-,-,-,5370.0000,5369.4000,5368.8000,5368.6000,5365.2000,5370.8000,5371.0000,5371.2000,5371.4000,5372.0000,1,1,1,2,1,3,1,1,3,14
SF,IC2003,2020-01-03 14:30:20.400,5370.8000,53868,0,11127028600.000,0,-,-,-,-,5370.0000,5369.4000,5368.8000,5368.6000,5365.2000,5370.6000,5370.8000,5371.0000,5371.2000,5371.4000,1,1,1,2,1,2,3,1,1,3
SF,IC2003,2020-01-03 14:30:21.400,5370.0000,53868,0,11128102600.000,1,0,1,空换,B,5369.4000,5368.8000,5368.6000,5365.2000,5365.0000,5369.8000,5370.6000,5370.8000,5371.0000,5371.2000,1,1,2,1,1,2,2,3,1,1
SF,IC2003,2020-01-03 14:30:21.900,5370.0000,53869,1,11130250480.000,2,1,1,多开,B,5368.8000,5368.6000,5365.2000,5365.0000,5364.2000,5370.0000,5370.6000,5370.8000,5371.0000,5371.2000,1,2,1,1,1,1,2,2,1,1
SF,IC2003,2020-01-03 14:30:22.400,5370.0000,53869,0,11130250480.000,0,-,-,-,-,5369.0000,5368.8000,5368.6000,5367.0000,5365.2000,5370.0000,5370.6000,5370.8000,5371.0000,5371.2000,1,1,2,1,1,1,2,2,1,1
SF,IC2003,2020-01-03 14:30:26.400,5369.0000,53869,0,11131324280.000,1,0,1,空换,B,5368.8000,5368.6000,5367.0000,5365.2000,5364.2000,5369.0000,5370.0000,5370.6000,5370.8000,5371.0000,1,2,1,1,1,1,2,2,2,1
SF,IC2003,2020-01-03 14:30:26.900,5369.0000,53869,0,11132398080.000,1,0,1,空换,B,5369.6000,5369.2000,5368.8000,5368.6000,5367.0000,5370.0000,5370.6000,5370.8000,5371.0000,5371.2000,1,1,1,2,1,2,2,2,1,1
SF,IC2003,2020-01-03 14:30:27.400,5370.0000,53871,2,11136693840.000,4,3,1,多开,B,5368.8000,5368.6000,5367.0000,5365.2000,5364.2000,5369.8000,5370.8000,5371.0000,5371.2000,5371.4000,1,2,1,1,1,1,2,1,1,3
SF,IC2003,2020-01-03 14:30:27.900,5368.8000,53871,0,11137767600.000,1,0,1,空换,B,5368.6000,5367.0000,5365.2000,5364.2000,5364.0000,5369.6000,5369.8000,5370.8000,5371.0000,5371.2000,2,1,1,1,1,2,1,2,1,1
SF,IC2003,2020-01-03 14:30:28.400,5368.6000,53873,2,11139915040.000,2,2,0,双开,B,5367.0000,5365.2000,5364.2000,5364.0000,5362.6000,5369.6000,5370.8000,5371.0000,5371.2000,5371.4000,1,1,1,1,1,2,2,1,1,3
SF,IC2003,2020-01-03 14:30:28.900,5368.6000,53873,0,11139915040.000,0,-,-,-,-,5368.0000,5367.4000,5367.2000,5367.0000,5365.2000,5369.6000,5370.8000,5371.0000,5371.2000,5371.4000,1,1,1,1,1,2,2,1,1,3
SF,IC2003,2020-01-03 14:30:29.400,5368.6000,53873,0,11139915040.000,0,-,-,-,-,5368.0000,5367.0000,5365.2000,5364.2000,5364.0000,5368.6000,5369.4000,5369.6000,5370.8000,5371.0000,1,1,1,1,1,2,2,2,2,1
SF,IC2003,2020-01-03 14:30:29.900,5368.0000,53873,0,11140988640.000,1,0,1,空换,B,5367.0000,5365.2000,5364.2000,5364.0000,5362.6000,5368.6000,5369.4000,5369.6000,5370.8000,5371.0000,1,1,1,1,1,2,2,2,2,1
SF,IC2003,2020-01-03 14:30:30.400,5368.4000,53874,1,11142062320.000,1,1,0,双开,B,5367.2000,5367.0000,5365.2000,5364.2000,5364.0000,5368.4000,5368.6000,5368.8000,5369.4000,5370.8000,2,1,1,1,1,1,2,3,2,2
SF,IC2003,2020-01-03 14:30:30.900,5368.4000,53874,0,11142062320.000,0,-,-,-,-,5367.4000,5367.2000,5367.0000,5365.2000,5364.2000,5368.6000,5368.8000,5369.4000,5370.8000,5371.0000,1,2,1,1,1,2,3,2,2,1
SF,IC2003,2020-01-03 14:30:31.400,5368.4000,53874,0,11142062320.000,0,-,-,-,-,5367.6000,5367.4000,5367.0000,5365.2000,5364.2000,5368.6000,5368.8000,5369.4000,5370.8000,5371.0000,2,2,1,1,1,2,3,2,2,1
SF,IC2003,2020-01-03 14:30:31.900,5368.6000,53873,-1,11143136040.000,1,0,1,双平,B,5367.8000,5367.4000,5367.0000,5365.2000,5364.2000,5368.6000,5368.8000,5369.4000,5370.8000,5371.0000,1,2,1,1,1,1,3,1,2,1
SF,IC2003,2020-01-03 14:30:32.900,5368.6000,53872,-1,11144209760.000,1,0,1,双平,B,5367.8000,5367.4000,5367.0000,5365.2000,5364.2000,5368.8000,5370.8000,5371.0000,5371.2000,5371.4000,1,2,1,1,1,3,2,1,1,3
SF,IC2003,2020-01-03 14:30:33.400,5368.6000,53872,0,11144209760.000,0,-,-,-,-,5368.0000,5367.8000,5367.4000,5367.0000,5365.2000,5368.8000,5370.8000,5371.0000,5371.2000,5371.4000,1,1,1,1,1,3,2,1,1,3
SF,IC2003,2020-01-03 14:30:33.900,5367.8000,53872,0,11146356920.000,2,1,1,空换,B,5367.4000,5367.0000,5365.2000,5364.2000,5364.0000,5367.8000,5368.8000,5370.8000,5371.0000,5371.2000,1,1,1,1,2,1,3,2,1,1
SF,IC2003,2020-01-03 14:30:34.400,5367.8000,53872,0,11147430480.000,1,0,1,空换,B,5367.4000,5367.0000,5365.2000,5365.0000,5364.2000,5368.8000,5370.8000,5371.0000,5371.2000,5371.4000,1,1,1,3,1,3,3,1,1,3
SF,IC2003,2020-01-03 14:30:34.900,5368.6000,53874,2,11150651640.000,3,2,1,多开,B,5367.6000,5367.4000,5367.0000,5365.2000,5365.0000,5368.8000,5369.0000,5370.8000,5371.0000,5371.2000,1,1,1,1,3,3,1,3,1,1
SF,IC2003,2020-01-03 14:30:35.400,5368.8000,53874,0,11151725400.000,1,0,1,空换,B,5367.8000,5367.6000,5367.0000,5365.2000,5365.0000,5368.8000,5369.0000,5370.8000,5371.0000,5371.2000,2,2,1,1,3,2,1,3,1,1
SF,IC2003,2020-01-03 14:30:35.900,5368.8000,53875,1,11153872920.000,2,1,1,多开,B,5367.8000,5367.6000,5367.0000,5365.2000,5365.0000,5369.0000,5370.8000,5371.0000,5371.2000,5371.4000,2,2,1,1,3,1,3,1,1,3
SF,IC2003,2020-01-03 14:30:36.400,5368.8000,53875,0,11153872920.000,0,-,-,-,-,5367.8000,5367.6000,5367.0000,5365.2000,5365.0000,5368.8000,5369.0000,5370.8000,5371.0000,5371.2000,2,2,1,1,3,1,1,3,1,1
SF,IC2003,2020-01-03 14:30:37.400,5367.8000,53876,1,11154946480.000,1,1,0,双开,B,5368.0000,5367.8000,5367.6000,5367.0000,5365.2000,5368.8000,5369.0000,5370.8000,5371.0000,5371.2000,1,1,2,1,1,1,1,3,1,1
SF,IC2003,2020-01-03 14:30:38.400,5367.8000,53876,0,11157093600.000,2,1,1,空换,B,5367.6000,5367.0000,5365.2000,5365.0000,5364.2000,5367.8000,5368.8000,5369.0000,5370.8000,5371.0000,2,1,1,3,1,3,1,1,3,1
SF,IC2003,2020-01-03 14:30:38.900,5367.8000,53875,-1,11160314280.000,3,1,2,空平,B,5367.8000,5367.0000,5365.2000,5365.0000,5364.2000,5368.8000,5369.0000,5370.8000,5371.2000,5371.4000,2,1,1,3,1,1,1,3,1,3
SF,IC2003,2020-01-03 14:30:39.400,5367.8000,53875,0,11160314280.000,0,-,-,-,-,5367.8000,5367.0000,5365.2000,5365.0000,5364.2000,5368.6000,5368.8000,5369.0000,5370.8000,5371.2000,1,1,1,3,1,2,1,1,3,1
SF,IC2003,2020-01-03 14:30:39.900,5367.8000,53875,0,11160314280.000,0,-,-,-,-,5367.8000,5367.0000,5365.2000,5365.0000,5364.2000,5368.0000,5368.6000,5368.8000,5369.0000,5370.8000,1,1,1,3,1,5,2,1,1,3
SF,IC2003,2020-01-03 14:30:40.400,5367.8000,53875,0,11160314280.000,0,-,-,-,-,5367.8000,5367.0000,5365.4000,5365.2000,5365.0000,5368.0000,5368.2000,5368.6000,5368.8000,5369.0000,1,1,1,1,3,5,2,2,1,1
SF,IC2003,2020-01-03 14:30:40.900,5367.8000,53876,1,11161387840.000,1,1,0,双开,B,5367.0000,5365.4000,5365.2000,5365.0000,5364.2000,5368.0000,5368.2000,5368.8000,5369.0000,5370.8000,1,1,1,3,1,5,2,1,1,3
SF,IC2003,2020-01-03 14:30:41.400,5367.0000,53877,1,11162461240.000,1,1,0,双开,B,5365.4000,5365.2000,5365.0000,5364.2000,5364.0000,5367.8000,5368.0000,5368.2000,5368.8000,5369.0000,1,1,3,1,2,3,5,2,1,1
SF,IC2003,2020-01-03 14:30:41.900,5367.0000,53877,0,11162461240.000,0,-,-,-,-,5365.8000,5365.6000,5365.4000,5365.2000,5365.0000,5367.0000,5367.2000,5367.4000,5367.6000,5367.8000,1,11,1,1,3,1,1,1,2,2
SF,IC2003,2020-01-03 14:30:42.400,5367.0000,53877,0,11162461240.000,0,-,-,-,-,5365.6000,5365.4000,5365.2000,5365.0000,5364.2000,5366.8000,5367.0000,5367.2000,5367.4000,5367.6000,2,1,1,3,1,2,1,4,1,1
SF,IC2003,2020-01-03 14:30:42.900,5366.8000,53878,1,11163534600.000,1,1,0,双开,B,5365.6000,5365.2000,5365.0000,5364.2000,5364.0000,5366.8000,5367.0000,5367.2000,5367.6000,5368.0000,2,1,3,1,2,1,1,4,1,5
SF,IC2003,2020-01-03 14:30:43.400,5366.8000,53878,0,11163534600.000,0,-,-,-,-,5365.6000,5365.2000,5365.0000,5364.2000,5364.0000,5366.8000,5367.0000,5367.2000,5368.0000,5368.2000,2,1,3,1,2,1,1,4,5,2
SF,IC2003,2020-01-03 14:30:43.900,5366.8000,53878,0,11163534600.000,0,-,-,-,-,5365.8000,5365.2000,5365.0000,5364.2000,5364.0000,5366.8000,5367.0000,5367.2000,5368.0000,5368.2000,1,1,3,1,2,1,1,4,5,2
SF,IC2003,2020-01-03 14:30:44.400,5366.8000,53878,0,11163534600.000,0,-,-,-,-,5365.2000,5365.0000,5364.2000,5364.0000,5363.8000,5366.8000,5367.0000,5367.2000,5368.0000,5368.2000,1,3,1,2,1,1,1,3,5,2
SF,IC2003,2020-01-03 14:30:44.900,5366.8000,53878,0,11163534600.000,0,-,-,-,-,5365.4000,5365.2000,5365.0000,5364.2000,5364.0000,5366.8000,5367.0000,5367.2000,5368.0000,5368.2000,1,1,3,1,2,1,1,3,6,2
SF,IC2003,2020-01-03 14:30:45.400,5366.8000,53878,0,11164607960.000,1,0,1,空换,B,5365.2000,5365.0000,5364.2000,5364.0000,5363.8000,5367.0000,5367.2000,5368.0000,5368.2000,5368.8000,1,3,1,2,1,1,3,6,2,1
SF,IC2003,2020-01-03 14:30:45.900,5366.8000,53878,0,11164607960.000,0,-,-,-,-,5365.4000,5365.2000,5365.0000,5364.2000,5364.0000,5366.6000,5367.0000,5367.2000,5368.0000,5368.2000,2,1,3,1,2,1,1,3,7,2
SF,IC2003,2020-01-03 14:30:46.400,5366.8000,53878,0,11164607960.000,0,-,-,-,-,5365.4000,5365.2000,5365.0000,5364.2000,5364.0000,5367.0000,5367.2000,5368.0000,5368.2000,5368.8000,2,1,4,1,2,1,3,6,2,1
SF,IC2003,2020-01-03 14:30:46.900,5366.8000,53878,0,11164607960.000,0,-,-,-,-,5365.4000,5365.2000,5365.0000,5364.2000,5364.0000,5366.6000,5366.8000,5367.0000,5367.2000,5368.0000,2,1,4,1,2,1,2,1,3,6
SF,IC2003,2020-01-03 14:30:47.400,5365.4000,53879,1,11166754360.000,2,1,1,多开,B,5365.6000,5365.4000,5365.2000,5365.0000,5364.2000,5367.2000,5368.0000,5368.2000,5368.8000,5369.0000,1,1,1,4,1,3,6,2,1,1
SF,IC2003,2020-01-03 14:30:47.900,5367.0000,53879,0,11167827760.000,1,0,1,空换,B,5365.6000,5365.4000,5365.2000,5365.0000,5364.2000,5367.0000,5367.2000,5368.0000,5368.2000,5368.8000,1,1,1,4,1,1,3,6,2,1
SF,IC2003,2020-01-03 14:30:48.400,5367.0000,53879,0,11167827760.000,0,-,-,-,-,5365.6000,5365.4000,5365.2000,5365.0000,5364.2000,5367.0000,5367.2000,5368.0000,5368.2000,5368.8000,1,1,2,4,1,1,3,6,2,1
SF,IC2003,2020-01-03 14:30:48.900,5367.0000,53879,0,11167827760.000,0,-,-,-,-,5365.8000,5365.6000,5365.2000,5365.0000,5364.2000,5367.0000,5367.2000,5368.0000,5368.2000,5368.8000,2,1,2,4,1,1,3,6,2,1
SF,IC2003,2020-01-03 14:30:49.400,5367.0000,53879,0,11167827760.000,0,-,-,-,-,5365.6000,5365.2000,5365.0000,5364.2000,5364.0000,5367.0000,5367.2000,5368.0000,5368.2000,5368.8000,1,2,4,1,2,1,3,6,2,1
SF,IC2003,2020-01-03 14:30:50.400,5367.0000,53880,1,11168901160.000,1,1,0,双开,B,5365.6000,5365.2000,5365.0000,5364.2000,5364.0000,5366.8000,5367.2000,5368.0000,5368.2000,5368.8000,1,2,4,1,2,1,3,6,2,1
SF,IC2003,2020-01-03 14:30:50.900,5367.0000,53881,1,11169974560.000,1,1,0,双开,B,5365.6000,5365.2000,5365.0000,5364.2000,5364.0000,5366.6000,5366.8000,5367.2000,5368.0000,5368.2000,1,2,4,1,2,1,1,3,6,2
SF,IC2003,2020-01-03 14:30:52.400,5367.0000,53881,0,11169974560.000,0,-,-,-,-,5365.8000,5365.2000,5365.0000,5364.2000,5364.0000,5366.6000,5366.8000,5367.2000,5368.0000,5368.2000,1,2,4,1,2,1,1,3,6,2
SF,IC2003,2020-01-03 14:30:52.900,5365.8000,53882,1,11171047720.000,1,1,0,双开,B,5365.2000,5365.0000,5364.2000,5364.0000,5363.8000,5366.6000,5366.8000,5367.2000,5368.0000,5368.2000,2,4,1,2,1,1,1,3,6,2
SF,IC2003,2020-01-03 14:30:53.400,5365.8000,53882,0,11171047720.000,0,-,-,-,-,5365.4000,5365.2000,5365.0000,5364.2000,5364.0000,5366.6000,5366.8000,5367.2000,5368.0000,5368.2000,2,1,4,1,2,1,1,3,6,2
SF,IC2003,2020-01-03 14:30:54.400,5365.8000,53882,0,11171047720.000,0,-,-,-,-,5365.4000,5365.2000,5365.0000,5364.2000,5364.0000,5366.6000,5366.8000,5367.2000,5368.0000,5368.8000,2,1,4,1,2,3,1,3,6,1
SF,IC2003,2020-01-03 14:30:55.400,5365.8000,53882,0,11171047720.000,0,-,-,-,-,5365.4000,5365.2000,5365.0000,5364.2000,5364.0000,5366.4000,5366.6000,5366.8000,5367.2000,5368.0000,2,1,4,1,2,1,3,1,3,5
SF,IC2003,2020-01-03 14:30:55.900,5365.8000,53882,0,11171047720.000,0,-,-,-,-,5365.4000,5365.2000,5365.0000,5364.2000,5364.0000,5366.0000,5366.4000,5366.6000,5366.8000,5367.2000,2,1,4,1,2,1,1,3,1,3
SF,IC2003,2020-01-03 14:30:56.400,5365.8000,53882,0,11171047720.000,0,-,-,-,-,5365.4000,5365.2000,5365.0000,5364.2000,5364.0000,5366.0000,5366.4000,5366.6000,5366.8000,5367.2000,2,1,4,1,2,1,1,3,1,3
SF,IC2003,2020-01-03 14:30:56.900,5366.0000,53882,0,11172120920.000,1,0,1,空换,B,5365.4000,5365.2000,5365.0000,5364.2000,5364.0000,5366.6000,5366.8000,5367.2000,5368.0000,5368.8000,2,1,4,1,2,3,1,3,5,1
SF,IC2003,2020-01-03 14:30:57.900,5366.0000,53882,0,11172120920.000,0,-,-,-,-,5365.4000,5365.2000,5365.0000,5364.2000,5364.0000,5366.6000,5366.8000,5367.2000,5368.0000,5368.8000,2,1,4,1,2,4,1,3,5,1
SF,IC2003,2020-01-03 14:30:58.400,5366.0000,53882,0,11172120920.000,0,-,-,-,-,5365.4000,5365.2000,5365.0000,5364.2000,5364.0000,5366.6000,5366.8000,5367.2000,5368.0000,5368.8000,2,1,4,1,2,3,1,3,5,1
SF,IC2003,2020-01-03 14:30:58.900,5366.0000,53882,0,11172120920.000,0,-,-,-,-,5365.6000,5365.4000,5365.2000,5365.0000,5364.2000,5366.6000,5366.8000,5367.2000,5368.0000,5368.8000,2,2,1,4,1,3,1,3,5,1
SF,IC2003,2020-01-03 14:31:01.400,5366.0000,53882,0,11172120920.000,0,-,-,-,-,5365.6000,5365.4000,5365.2000,5365.0000,5364.2000,5366.2000,5366.6000,5366.8000,5367.2000,5368.0000,2,2,1,4,1,1,3,1,3,5
SF,IC2003,2020-01-03 14:31:01.900,5366.0000,53882,0,11172120920.000,0,-,-,-,-,5365.8000,5365.6000,5365.2000,5365.0000,5364.2000,5366.2000,5366.6000,5366.8000,5367.2000,5368.0000,2,2,1,4,1,1,3,1,3,5
SF,IC2003,2020-01-03 14:31:04.400,5365.8000,53883,1,11173194080.000,1,1,0,双开,B,5365.8000,5365.6000,5365.2000,5365.0000,5364.2000,5366.2000,5366.6000,5366.8000,5367.2000,5368.0000,1,2,1,4,1,1,3,1,3,5
SF,IC2003,2020-01-03 14:31:08.900,5366.2000,53883,0,11174267320.000,1,0,1,空换,B,5365.8000,5365.6000,5365.2000,5365.0000,5364.2000,5366.6000,5366.8000,5367.2000,5368.0000,5368.8000,1,2,1,4,1,3,1,3,5,1
SF,IC2003,2020-01-03 14:31:10.400,5366.2000,53883,0,11174267320.000,0,-,-,-,-,5366.2000,5365.8000,5365.6000,5365.2000,5365.0000,5366.6000,5366.8000,5367.2000,5368.0000,5368.8000,1,1,2,1,4,3,1,3,5,1
SF,IC2003,2020-01-03 14:31:10.900,5366.2000,53883,0,11174267320.000,0,-,-,-,-,5366.2000,5365.8000,5365.6000,5365.2000,5365.0000,5366.6000,5366.8000,5367.2000,5368.0000,5368.8000,1,1,2,1,4,3,1,3,5,1
SF,IC2003,2020-01-03 14:31:11.400,5366.2000,53883,0,11174267320.000,0,-,-,-,-,5366.2000,5365.8000,5365.6000,5365.2000,5365.0000,5366.6000,5366.8000,5367.2000,5368.0000,5368.8000,1,1,2,1,4,3,1,3,5,1
SF,IC2003,2020-01-03 14:31:11.900,5366.2000,53884,1,11175340560.000,1,1,0,双开,B,5365.8000,5365.6000,5365.2000,5365.0000,5364.2000,5366.6000,5366.8000,5367.2000,5368.0000,5368.8000,1,2,1,4,1,3,1,3,5,1
SF,IC2003,2020-01-03 14:31:14.400,5366.6000,53884,0,11177487200.000,2,1,1,空换,B,5365.8000,5365.6000,5365.2000,5365.0000,5364.2000,5366.6000,5366.8000,5367.2000,5368.0000,5368.8000,1,2,1,4,1,1,1,3,5,1
SF,IC2003,2020-01-03 14:31:14.900,5366.6000,53884,0,11178560520.000,1,0,1,空换,B,5366.6000,5366.0000,5365.8000,5365.6000,5365.2000,5366.8000,5367.2000,5368.0000,5368.8000,5369.0000,1,1,1,2,1,1,3,5,1,1
SF,IC2003,2020-01-03 14:31:15.400,5366.8000,53883,-1,11179633880.000,1,0,1,双平,B,5366.0000,5365.8000,5365.6000,5365.2000,5365.0000,5367.2000,5368.0000,5368.8000,5369.0000,5370.8000,1,1,2,1,4,3,5,1,1,3
SF,IC2003,2020-01-03 14:31:15.900,5366.2000,53884,1,11180707120.000,1,1,0,双开,B,5366.2000,5366.0000,5365.6000,5365.2000,5365.0000,5367.2000,5368.0000,5368.8000,5369.0000,5370.8000,1,1,2,1,4,3,5,1,1,3
SF,IC2003,2020-01-03 14:31:16.400,5366.2000,53884,0,11180707120.000,0,-,-,-,-,5366.6000,5366.2000,5366.0000,5365.6000,5365.2000,5367.2000,5368.0000,5368.8000,5369.0000,5370.8000,1,1,1,2,1,3,5,1,1,3
SF,IC2003,2020-01-03 14:31:17.900,5366.2000,53884,0,11180707120.000,0,-,-,-,-,5366.6000,5366.2000,5366.0000,5365.6000,5365.2000,5367.2000,5368.0000,5368.8000,5369.0000,5370.8000,1,1,2,2,1,3,5,1,1,3
SF,IC2003,2020-01-03 14:31:20.400,5366.2000,53884,0,11180707120.000,0,-,-,-,-,5366.8000,5366.6000,5366.2000,5366.0000,5365.6000,5367.2000,5368.0000,5368.8000,5369.0000,5370.8000,1,1,1,1,2,3,5,1,1,3
SF,IC2003,2020-01-03 14:31:20.900,5367.2000,53885,1,11181780560.000,1,1,0,双开,B,5366.8000,5366.6000,5366.2000,5366.0000,5365.6000,5367.2000,5368.0000,5368.8000,5369.0000,5370.8000,1,1,1,1,2,2,5,1,1,3
SF,IC2003,2020-01-03 14:31:21.400,5367.2000,53885,0,11181780560.000,0,-,-,-,-,5366.6000,5366.2000,5366.0000,5365.6000,5365.2000,5367.2000,5368.0000,5368.8000,5369.0000,5370.8000,1,1,1,2,1,2,5,1,1,3
SF,IC2003,2020-01-03 14:31:22.400,5367.2000,53885,0,11181780560.000,0,-,-,-,-,5366.6000,5366.2000,5366.0000,5365.6000,5365.2000,5367.2000,5368.0000,5368.8000,5369.0000,5370.2000,1,1,1,2,1,2,5,1,1,2
SF,IC2003,2020-01-03 14:31:23.400,5367.2000,53885,0,11181780560.000,0,-,-,-,-,5366.6000,5366.2000,5366.0000,5365.6000,5365.2000,5367.2000,5368.0000,5368.8000,5369.0000,5370.2000,1,1,1,2,1,2,5,1,1,2
SF,IC2003,2020-01-03 14:31:24.400,5367.2000,53885,0,11181780560.000,0,-,-,-,-,5366.6000,5366.2000,5366.0000,5365.6000,5365.2000,5367.2000,5368.0000,5368.8000,5369.0000,5370.2000,1,1,1,2,1,2,5,1,1,2
SF,IC2003,2020-01-03 14:31:25.400,5367.2000,53885,0,11181780560.000,0,-,-,-,-,5366.6000,5366.2000,5366.0000,5365.6000,5365.2000,5367.2000,5368.0000,5368.8000,5369.0000,5370.2000,2,1,1,2,1,2,5,1,1,2
SF,IC2003,2020-01-03 14:31:25.900,5367.2000,53885,0,11181780560.000,0,-,-,-,-,5366.6000,5366.2000,5366.0000,5365.6000,5365.0000,5367.2000,5368.0000,5368.8000,5369.0000,5370.2000,2,1,1,2,4,2,5,1,1,2
SF,IC2003,2020-01-03 14:31:26.400,5367.2000,53885,0,11181780560.000,0,-,-,-,-,5366.6000,5366.0000,5365.8000,5365.6000,5365.0000,5367.2000,5368.0000,5368.8000,5369.0000,5370.0000,2,1,1,2,4,2,5,1,1,1
SF,IC2003,2020-01-03 14:31:26.900,5366.6000,53886,1,11182853880.000,1,1,0,双开,B,5366.6000,5366.0000,5365.8000,5365.6000,5365.0000,5367.0000,5367.2000,5368.0000,5368.8000,5369.0000,1,1,1,2,1,2,2,5,1,1
SF,IC2003,2020-01-03 14:31:27.400,5366.6000,53887,1,11185000520.000,2,1,1,多开,B,5366.0000,5365.8000,5365.6000,5365.0000,5364.2000,5367.0000,5367.2000,5368.0000,5368.8000,5369.0000,1,1,2,1,1,2,2,5,1,1
SF,IC2003,2020-01-03 14:31:27.900,5366.6000,53887,0,11185000520.000,0,-,-,-,-,5366.0000,5365.8000,5365.6000,5365.0000,5364.2000,5366.4000,5367.0000,5367.2000,5368.0000,5368.8000,1,1,2,1,1,1,2,2,5,1
SF,IC2003,2020-01-03 14:31:28.900,5366.0000,53887,0,11186073720.000,1,0,1,空换,B,5365.8000,5365.6000,5365.0000,5364.2000,5364.0000,5367.0000,5367.2000,5368.0000,5368.8000,5369.0000,1,2,1,1,2,2,2,5,1,1
SF,IC2003,2020-01-03 14:31:29.900,5366.0000,53887,0,11186073720.000,0,-,-,-,-,5365.8000,5365.6000,5365.0000,5364.2000,5364.0000,5366.6000,5367.0000,5367.2000,5368.0000,5368.8000,1,2,1,1,2,1,2,2,5,1
SF,IC2003,2020-01-03 14:31:31.900,5366.0000,53887,0,11186073720.000,0,-,-,-,-,5365.8000,5365.6000,5365.0000,5364.2000,5364.0000,5366.6000,5367.0000,5367.2000,5368.0000,5368.8000,1,2,1,1,2,1,2,2,5,1
SF,IC2003,2020-01-03 14:31:32.400,5365.8000,53887,0,11187146880.000,1,0,1,空换,B,5366.0000,5365.6000,5365.0000,5364.2000,5364.0000,5366.4000,5366.6000,5367.2000,5368.0000,5368.8000,3,2,1,1,2,2,1,2,5,1
SF,IC2003,2020-01-03 14:31:32.900,5366.0000,53887,0,11188220080.000,1,0,1,空换,B,5366.0000,5365.6000,5365.0000,5364.2000,5364.0000,5366.2000,5366.4000,5366.6000,5367.2000,5368.0000,2,2,1,1,2,1,2,1,2,5
SF,IC2003,2020-01-03 14:31:33.400,5366.0000,53887,0,11188220080.000,0,-,-,-,-,5366.0000,5365.6000,5365.0000,5364.2000,5364.0000,5366.2000,5366.4000,5367.2000,5368.0000,5368.8000,2,2,1,1,2,1,2,2,5,1
SF,IC2003,2020-01-03 14:31:34.400,5366.0000,53887,0,11189293280.000,1,0,1,空换,B,5366.0000,5365.6000,5365.0000,5364.2000,5364.0000,5366.2000,5366.4000,5367.2000,5368.0000,5368.8000,1,2,1,1,2,1,2,2,5,1
SF,IC2003,2020-01-03 14:31:35.900,5366.0000,53887,0,11190366480.000,1,0,1,空换,B,5365.6000,5365.0000,5364.2000,5364.0000,5363.8000,5366.2000,5366.4000,5367.2000,5368.0000,5368.8000,2,1,1,2,1,1,2,2,5,1
SF,IC2003,2020-01-03 14:31:36.900,5366.2000,53888,1,11191439720.000,1,1,0,双开,B,5365.6000,5365.0000,5364.2000,5364.0000,5363.8000,5366.4000,5367.2000,5368.0000,5368.8000,5369.0000,2,1,1,2,1,2,2,5,1,1
SF,IC2003,2020-01-03 14:31:37.400,5366.2000,53888,0,11191439720.000,0,-,-,-,-,5365.6000,5365.0000,5364.2000,5364.0000,5363.8000,5366.4000,5367.2000,5368.0000,5368.8000,5369.0000,2,1,1,2,1,2,2,5,1,1
SF,IC2003,2020-01-03 14:31:37.900,5365.6000,53890,2,11193585960.000,2,2,0,双开,B,5365.0000,5364.2000,5364.0000,5363.8000,5362.6000,5366.4000,5367.2000,5368.0000,5368.8000,5369.0000,1,1,2,1,1,2,2,5,1,1
SF,IC2003,2020-01-03 14:31:38.400,5365.6000,53890,0,11193585960.000,0,-,-,-,-,5365.0000,5364.2000,5364.0000,5363.8000,5362.6000,5366.0000,5366.2000,5366.4000,5367.2000,5368.0000,1,1,2,1,1,1,2,2,2,5
SF,IC2003,2020-01-03 14:31:38.900,5365.6000,53890,0,11193585960.000,0,-,-,-,-,5365.0000,5364.2000,5364.0000,5363.8000,5362.6000,5365.8000,5366.0000,5366.2000,5367.2000,5368.0000,1,1,2,1,1,2,1,2,2,5
SF,IC2003,2020-01-03 14:31:39.400,5365.0000,53890,0,11194658960.000,1,0,1,空换,B,5364.2000,5364.0000,5363.8000,5362.6000,5362.0000,5365.8000,5366.0000,5366.2000,5367.2000,5368.0000,1,2,1,1,2,2,2,1,2,5
SF,IC2003,2020-01-03 14:31:39.900,5365.0000,53890,0,11194658960.000,0,-,-,-,-,5364.4000,5364.2000,5364.0000,5363.8000,5362.6000,5365.8000,5366.0000,5366.2000,5367.2000,5368.0000,2,1,2,1,1,2,2,1,2,5
SF,IC2003,2020-01-03 14:31:40.400,5365.0000,53890,0,11194658960.000,0,-,-,-,-,5364.6000,5364.4000,5364.2000,5364.0000,5363.8000,5365.8000,5366.0000,5366.2000,5367.2000,5368.0000,1,2,1,2,1,2,2,1,2,5
SF,IC2003,2020-01-03 14:31:40.900,5365.0000,53890,0,11194658960.000,0,-,-,-,-,5364.6000,5364.2000,5364.0000,5363.8000,5362.6000,5365.8000,5366.0000,5366.2000,5367.2000,5368.0000,1,1,2,1,1,2,2,1,2,5
SF,IC2003,2020-01-03 14:31:41.400,5365.0000,53890,0,11194658960.000,0,-,-,-,-,5364.6000,5364.2000,5364.0000,5363.8000,5362.6000,5365.8000,5366.0000,5366.2000,5367.0000,5367.2000,1,1,2,1,1,2,2,1,1,2
SF,IC2003,2020-01-03 14:31:41.900,5365.0000,53890,0,11194658960.000,0,-,-,-,-,5364.8000,5364.6000,5364.2000,5364.0000,5363.8000,5365.8000,5366.0000,5367.0000,5367.2000,5368.0000,2,1,1,2,1,2,2,1,2,5
SF,IC2003,2020-01-03 14:31:42.400,5365.0000,53890,0,11194658960.000,0,-,-,-,-,5364.8000,5364.6000,5364.2000,5364.0000,5363.8000,5365.8000,5366.0000,5367.0000,5367.2000,5368.0000,2,1,1,2,1,2,2,1,2,5
SF,IC2003,2020-01-03 14:31:42.900,5365.0000,53890,0,11194658960.000,0,-,-,-,-,5364.8000,5364.6000,5364.2000,5364.0000,5363.8000,5366.0000,5367.0000,5367.2000,5368.0000,5368.8000,2,1,1,2,1,2,1,2,5,1
SF,IC2003,2020-01-03 14:31:43.400,5364.8000,53890,0,11196804920.000,2,1,1,空换,B,5364.8000,5364.2000,5364.0000,5363.8000,5362.6000,5366.0000,5367.0000,5367.2000,5368.0000,5368.8000,1,1,2,1,1,1,1,2,5,1
SF,IC2003,2020-01-03 14:31:43.900,5364.8000,53890,0,11196804920.000,0,-,-,-,-,5365.0000,5364.8000,5364.2000,5364.0000,5363.8000,5366.0000,5367.0000,5367.2000,5368.0000,5368.8000,1,1,1,2,1,1,1,2,5,1
SF,IC2003,2020-01-03 14:31:45.900,5364.8000,53890,0,11196804920.000,0,-,-,-,-,5365.0000,5364.8000,5364.2000,5364.0000,5363.8000,5366.0000,5367.0000,5367.2000,5368.0000,5368.8000,1,1,1,2,1,1,1,2,5,1
SF,IC2003,2020-01-03 14:31:46.400,5365.0000,53890,0,11197877920.000,1,0,1,空换,B,5364.8000,5364.2000,5364.0000,5363.8000,5362.6000,5366.0000,5366.8000,5367.0000,5367.2000,5368.0000,1,1,2,1,1,1,1,1,2,5
SF,IC2003,2020-01-03 14:31:46.900,5364.0000,53892,2,11202169320.000,4,3,1,多开,B,5363.8000,5362.6000,5362.0000,5360.4000,5360.0000,5366.0000,5366.8000,5367.0000,5367.2000,5368.0000,1,1,2,1,4,1,1,1,2,5
SF,IC2003,2020-01-03 14:31:47.400,5366.0000,53891,-1,11203242520.000,1,0,1,双平,B,5364.2000,5364.0000,5363.8000,5362.6000,5362.0000,5366.8000,5367.0000,5367.2000,5368.0000,5368.8000,3,2,3,1,2,1,1,2,5,1
SF,IC2003,2020-01-03 14:31:47.900,5364.8000,53892,1,11204315480.000,1,1,0,双开,B,5364.6000,5364.4000,5364.2000,5363.8000,5362.6000,5366.6000,5366.8000,5367.0000,5367.2000,5368.0000,1,5,1,3,1,1,1,1,2,5
SF,IC2003,2020-01-03 14:31:48.400,5364.8000,53892,0,11204315480.000,0,-,-,-,-,5364.8000,5364.6000,5364.4000,5364.2000,5363.8000,5366.6000,5366.8000,5367.0000,5367.2000,5368.0000,2,1,3,1,3,1,1,1,2,5
SF,IC2003,2020-01-03 14:31:48.900,5364.8000,53892,0,11204315480.000,0,-,-,-,-,5364.8000,5364.6000,5364.4000,5364.2000,5363.8000,5366.2000,5366.4000,5366.6000,5366.8000,5367.0000,2,1,2,1,3,1,2,1,1,1
SF,IC2003,2020-01-03 14:31:49.400,5364.8000,53892,0,11204315480.000,0,-,-,-,-,5364.8000,5364.6000,5364.4000,5364.2000,5364.0000,5366.4000,5366.6000,5366.8000,5367.0000,5367.2000,2,1,1,1,1,3,1,1,1,2
SF,IC2003,2020-01-03 14:31:49.900,5364.8000,53892,0,11204315480.000,0,-,-,-,-,5365.0000,5364.8000,5364.6000,5364.4000,5364.2000,5366.4000,5366.6000,5366.8000,5367.0000,5367.2000,1,2,1,1,1,3,1,1,1,2
SF,IC2003,2020-01-03 14:31:50.400,5364.8000,53892,0,11204315480.000,0,-,-,-,-,5365.0000,5364.8000,5364.6000,5364.4000,5364.2000,5366.4000,5366.6000,5366.8000,5367.0000,5367.2000,1,2,1,1,1,3,1,1,1,2
SF,IC2003,2020-01-03 14:31:52.900,5364.8000,53892,0,11204315480.000,0,-,-,-,-,5365.0000,5364.8000,5364.6000,5364.4000,5364.2000,5366.4000,5366.6000,5366.8000,5367.0000,5367.2000,1,2,1,1,2,3,1,1,1,2
SF,IC2003,2020-01-03 14:31:53.400,5366.4000,53893,1,11205388760.000,1,1,0,双开,B,5365.0000,5364.8000,5364.6000,5364.4000,5364.2000,5366.4000,5366.6000,5366.8000,5367.0000,5367.2000,1,2,1,1,2,2,1,1,1,2
SF,IC2003,2020-01-03 14:31:53.900,5366.4000,53893,0,11205388760.000,0,-,-,-,-,5365.2000,5365.0000,5364.4000,5364.2000,5364.0000,5365.8000,5366.4000,5366.6000,5366.8000,5367.0000,3,1,1,2,1,1,2,1,1,1
SF,IC2003,2020-01-03 14:31:54.400,5366.4000,53893,0,11205388760.000,0,-,-,-,-,5365.2000,5365.0000,5364.4000,5364.2000,5364.0000,5365.8000,5366.4000,5366.8000,5367.0000,5367.2000,1,1,1,2,1,1,2,1,1,2
SF,IC2003,2020-01-03 14:31:55.400,5366.4000,53893,0,11205388760.000,0,-,-,-,-,5365.2000,5365.0000,5364.4000,5364.2000,5364.0000,5365.8000,5366.2000,5366.4000,5366.8000,5367.2000,1,1,1,2,1,1,1,2,1,2
SF,IC2003,2020-01-03 14:31:55.900,5365.8000,53894,1,11206461920.000,1,1,0,双开,B,5365.0000,5364.4000,5364.2000,5364.0000,5363.8000,5366.2000,5366.4000,5366.8000,5367.2000,5368.0000,1,1,2,1,3,1,2,1,2,6
SF,IC2003,2020-01-03 14:31:56.400,5365.8000,53894,0,11206461920.000,0,-,-,-,-,5364.4000,5364.2000,5364.0000,5363.8000,5362.6000,5366.2000,5366.4000,5366.8000,5367.2000,5368.0000,1,2,1,3,1,1,2,1,2,6
SF,IC2003,2020-01-03 14:31:56.900,5365.8000,53894,0,11206461920.000,0,-,-,-,-,5364.8000,5364.4000,5364.2000,5364.0000,5363.8000,5366.2000,5366.4000,5366.8000,5367.2000,5368.0000,1,1,2,1,3,1,2,1,2,6
SF,IC2003,2020-01-03 14:31:57.400,5365.8000,53894,0,11206461920.000,0,-,-,-,-,5365.0000,5364.8000,5364.4000,5364.2000,5364.0000,5366.2000,5366.4000,5366.8000,5367.2000,5368.0000,2,1,1,2,1,1,2,1,2,6
SF,IC2003,2020-01-03 14:31:57.900,5365.8000,53894,0,11206461920.000,0,-,-,-,-,5365.0000,5364.4000,5364.2000,5364.0000,5363.8000,5366.2000,5366.4000,5366.8000,5367.2000,5368.0000,2,1,2,1,3,1,2,1,2,6
SF,IC2003,2020-01-03 14:31:58.400,5365.8000,53894,0,11206461920.000,0,-,-,-,-,5365.2000,5365.0000,5364.4000,5364.2000,5364.0000,5366.0000,5366.2000,5366.4000,5366.8000,5367.2000,1,2,1,2,1,2,1,1,1,2
SF,IC2003,2020-01-03 14:31:59.400,5365.8000,53894,0,11206461920.000,0,-,-,-,-,5365.0000,5364.4000,5364.2000,5364.0000,5363.8000,5366.0000,5366.2000,5366.4000,5366.8000,5367.2000,2,1,2,1,3,2,1,1,1,2
SF,IC2003,2020-01-03 14:31:59.900,5366.2000,53897,3,11209681560.000,3,3,0,双开,B,5365.0000,5364.4000,5364.2000,5364.0000,5363.8000,5366.4000,5366.8000,5367.2000,5368.0000,5368.8000,2,1,2,1,3,1,1,2,6,1
SF,IC2003,2020-01-03 14:32:00.900,5366.2000,53897,0,11209681560.000,0,-,-,-,-,5365.0000,5364.4000,5364.2000,5364.0000,5363.8000,5366.4000,5366.8000,5367.2000,5368.0000,5368.8000,2,1,2,1,3,1,1,2,6,1
SF,IC2003,2020-01-03 14:32:01.400,5366.2000,53897,0,11209681560.000,0,-,-,-,-,5365.0000,5364.4000,5364.2000,5364.0000,5363.8000,5366.4000,5366.8000,5367.2000,5368.0000,5368.8000,2,1,2,1,3,1,1,2,6,1
SF,IC2003,2020-01-03 14:32:01.900,5366.2000,53897,0,11209681560.000,0,-,-,-,-,5365.0000,5364.4000,5364.2000,5364.0000,5363.8000,5366.4000,5366.8000,5367.2000,5368.0000,5368.8000,2,1,2,1,3,1,1,2,6,1
SF,IC2003,2020-01-03 14:32:03.900,5366.2000,53897,0,11209681560.000,0,-,-,-,-,5365.0000,5364.4000,5364.2000,5364.0000,5363.8000,5366.4000,5366.8000,5367.2000,5368.0000,5368.8000,2,1,2,1,3,1,1,2,6,1
SF,IC2003,2020-01-03 14:32:05.400,5365.0000,53898,1,11210754560.000,1,1,0,双开,B,5365.2000,5365.0000,5364.4000,5364.2000,5364.0000,5366.4000,5366.8000,5367.2000,5368.0000,5368.8000,1,1,1,2,1,1,1,2,6,1
SF,IC2003,2020-01-03 14:32:05.900,5365.0000,53898,0,11210754560.000,0,-,-,-,-,5365.4000,5365.2000,5364.4000,5364.2000,5364.0000,5366.4000,5366.8000,5367.2000,5368.0000,5368.8000,2,1,1,2,1,1,1,2,6,1
SF,IC2003,2020-01-03 14:32:06.400,5366.4000,53899,1,11211827840.000,1,1,0,双开,B,5366.4000,5365.4000,5365.2000,5364.4000,5364.2000,5366.8000,5367.2000,5368.0000,5368.8000,5369.0000,9,2,1,1,2,1,2,6,1,1
SF,IC2003,2020-01-03 14:32:06.900,5366.4000,53899,0,11211827840.000,0,-,-,-,-,5366.4000,5365.6000,5365.4000,5365.2000,5364.2000,5366.8000,5367.2000,5368.0000,5368.8000,5369.0000,9,1,2,1,2,1,2,6,1,1
SF,IC2003,2020-01-03 14:32:07.400,5366.4000,53899,0,11211827840.000,0,-,-,-,-,5366.4000,5365.6000,5365.4000,5365.2000,5364.2000,5366.8000,5367.2000,5368.0000,5368.8000,5369.0000,9,1,2,1,1,1,2,6,1,1
SF,IC2003,2020-01-03 14:32:07.900,5366.4000,53899,0,11211827840.000,0,-,-,-,-,5366.4000,5365.4000,5365.2000,5364.2000,5364.0000,5366.8000,5367.2000,5368.0000,5368.8000,5369.0000,9,2,1,1,1,1,2,6,1,1
SF,IC2003,2020-01-03 14:32:08.900,5366.4000,53899,0,11211827840.000,0,-,-,-,-,5366.4000,5365.4000,5365.2000,5364.2000,5363.8000,5366.8000,5367.2000,5368.0000,5368.8000,5369.0000,9,2,1,1,3,1,2,6,1,1
SF,IC2003,2020-01-03 14:32:09.400,5366.8000,53900,1,11212901200.000,1,1,0,双开,B,5366.4000,5365.4000,5365.2000,5364.2000,5363.8000,5367.2000,5368.0000,5368.8000,5369.0000,5370.0000,9,2,1,1,3,2,5,1,1,3
SF,IC2003,2020-01-03 14:32:09.900,5367.2000,53902,2,11215048080.000,2,2,0,双开,B,5367.2000,5367.0000,5366.6000,5366.4000,5365.2000,5368.0000,5368.8000,5369.0000,5370.0000,5370.2000,2,2,3,9,1,5,1,1,3,2
SF,IC2003,2020-01-03 14:32:10.400,5367.2000,53902,0,11215048080.000,0,-,-,-,-,5367.4000,5366.6000,5366.4000,5365.2000,5364.2000,5368.0000,5368.8000,5369.0000,5370.0000,5370.2000,2,1,9,1,1,5,1,1,3,2
SF,IC2003,2020-01-03 14:32:10.900,5368.0000,53900,-2,11218268880.000,3,0,3,空平,B,5367.4000,5366.6000,5366.4000,5365.2000,5364.2000,5368.0000,5368.8000,5369.0000,5370.0000,5370.2000,2,1,9,1,1,2,1,1,3,2
SF,IC2003,2020-01-03 14:32:11.400,5368.0000,53900,0,11220416080.000,2,1,1,空换,B,5368.2000,5368.0000,5367.4000,5366.6000,5366.4000,5368.8000,5369.0000,5370.0000,5370.6000,5370.8000,1,1,2,1,9,1,1,3,1,2
SF,IC2003,2020-01-03 14:32:11.900,5368.0000,53899,-1,11221489680.000,1,0,1,双平,B,5367.4000,5366.6000,5366.4000,5365.2000,5364.2000,5368.8000,5369.0000,5370.0000,5370.6000,5370.8000,2,1,9,1,1,1,1,3,1,2
SF,IC2003,2020-01-03 14:32:12.400,5368.8000,53900,1,11222563440.000,1,1,0,双开,B,5367.6000,5367.4000,5366.6000,5366.4000,5365.2000,5369.0000,5370.0000,5370.6000,5370.8000,5371.4000,2,2,1,9,1,1,3,1,2,3
SF,IC2003,2020-01-03 14:32:12.900,5368.8000,53900,0,11222563440.000,0,-,-,-,-,5368.2000,5367.8000,5367.6000,5366.6000,5366.4000,5369.0000,5370.0000,5370.6000,5370.8000,5371.4000,1,2,1,1,9,1,3,1,2,3
SF,IC2003,2020-01-03 14:32:13.400,5368.8000,53900,0,11222563440.000,0,-,-,-,-,5368.2000,5367.8000,5367.6000,5366.6000,5366.4000,5369.0000,5370.0000,5370.6000,5370.8000,5371.4000,1,2,1,1,9,1,3,1,2,3
SF,IC2003,2020-01-03 14:32:14.400,5368.8000,53900,0,11222563440.000,0,-,-,-,-,5367.8000,5367.6000,5366.6000,5366.4000,5365.2000,5369.0000,5370.0000,5370.6000,5370.8000,5371.4000,2,1,1,9,1,1,3,1,2,3
SF,IC2003,2020-01-03 14:32:14.900,5369.0000,53900,0,11223637240.000,1,0,1,空换,B,5367.8000,5366.6000,5366.4000,5365.2000,5364.2000,5370.0000,5370.6000,5370.8000,5371.4000,5371.6000,2,1,9,1,1,3,1,2,3,1
SF,IC2003,2020-01-03 14:32:15.400,5369.0000,53900,0,11223637240.000,0,-,-,-,-,5368.2000,5367.8000,5366.6000,5366.4000,5364.2000,5369.0000,5369.8000,5370.0000,5370.6000,5370.8000,1,2,1,9,1,2,2,3,1,2
SF,IC2003,2020-01-03 14:32:15.900,5369.0000,53901,1,11224711040.000,1,1,0,双开,B,5368.4000,5366.6000,5366.4000,5364.2000,5363.8000,5369.0000,5369.8000,5370.0000,5370.6000,5370.8000,2,1,9,1,4,1,2,3,1,2
SF,IC2003,2020-01-03 14:32:16.400,5369.0000,53901,0,11224711040.000,0,-,-,-,-,5368.4000,5366.6000,5366.4000,5364.2000,5363.8000,5369.0000,5369.8000,5370.0000,5370.6000,5370.8000,2,1,9,1,4,1,2,3,1,2
SF,IC2003,2020-01-03 14:32:19.400,5369.0000,53902,1,11225784840.000,1,1,0,双开,B,5368.4000,5366.6000,5366.4000,5364.2000,5363.8000,5369.8000,5370.0000,5370.6000,5370.8000,5371.4000,2,1,9,1,4,2,3,1,2,3
SF,IC2003,2020-01-03 14:32:19.900,5369.0000,53902,0,11225784840.000,0,-,-,-,-,5366.4000,5364.2000,5363.8000,5362.6000,5362.0000,5368.6000,5369.2000,5369.4000,5369.6000,5369.8000,9,1,4,1,2,2,1,1,2,2
SF,IC2003,2020-01-03 14:32:20.400,5369.0000,53902,0,11225784840.000,0,-,-,-,-,5366.8000,5366.6000,5366.4000,5364.2000,5363.8000,5369.4000,5369.6000,5370.0000,5370.6000,5370.8000,1,2,9,1,4,1,2,3,1,2
SF,IC2003,2020-01-03 14:32:20.900,5369.0000,53902,0,11225784840.000,0,-,-,-,-,5367.2000,5367.0000,5366.4000,5364.2000,5363.8000,5369.2000,5369.4000,5369.6000,5370.0000,5370.6000,1,4,9,1,4,2,1,2,3,1
SF,IC2003,2020-01-03 14:32:21.400,5369.0000,53902,0,11225784840.000,0,-,-,-,-,5367.4000,5367.0000,5366.4000,5364.2000,5363.8000,5369.2000,5369.4000,5369.6000,5370.0000,5370.6000,3,2,9,1,4,2,1,2,3,1
SF,IC2003,2020-01-03 14:32:21.900,5369.0000,53902,0,11225784840.000,0,-,-,-,-,5368.2000,5367.8000,5367.4000,5367.0000,5366.4000,5369.0000,5369.2000,5369.4000,5369.6000,5370.0000,1,1,2,2,9,2,1,1,1,3
SF,IC2003,2020-01-03 14:32:22.400,5369.0000,53902,0,11225784840.000,0,-,-,-,-,5368.2000,5367.8000,5367.6000,5367.4000,5367.0000,5369.4000,5369.6000,5370.0000,5370.6000,5370.8000,1,1,1,2,1,1,1,3,1,2
SF,IC2003,2020-01-03 14:32:22.900,5369.0000,53902,0,11225784840.000,0,-,-,-,-,5368.2000,5367.6000,5367.4000,5367.0000,5366.4000,5369.2000,5369.4000,5369.6000,5370.0000,5370.6000,1,1,2,1,9,2,1,1,3,1
SF,IC2003,2020-01-03 14:32:23.400,5369.0000,53902,0,11225784840.000,0,-,-,-,-,5368.2000,5367.6000,5367.4000,5367.0000,5366.4000,5369.2000,5369.4000,5369.6000,5370.0000,5370.6000,1,1,2,3,9,2,1,1,3,1
SF,IC2003,2020-01-03 14:32:24.900,5369.0000,53902,0,11225784840.000,0,-,-,-,-,5368.2000,5367.6000,5367.4000,5367.0000,5366.4000,5369.2000,5369.4000,5370.0000,5370.6000,5370.8000,1,1,2,3,9,2,1,3,1,2
SF,IC2003,2020-01-03 14:32:25.900,5369.0000,53902,0,11225784840.000,0,-,-,-,-,5368.2000,5367.6000,5367.4000,5367.0000,5366.4000,5369.2000,5369.4000,5370.0000,5370.6000,5370.8000,1,2,2,3,9,2,1,3,1,2
SF,IC2003,2020-01-03 14:32:26.400,5369.0000,53902,0,11225784840.000,0,-,-,-,-,5368.2000,5367.6000,5367.4000,5367.0000,5366.4000,5369.4000,5370.0000,5370.2000,5370.6000,5370.8000,1,2,2,3,9,1,3,1,1,2
SF,IC2003,2020-01-03 14:32:26.900,5369.0000,53902,0,11225784840.000,0,-,-,-,-,5368.2000,5367.6000,5367.4000,5367.0000,5366.4000,5369.4000,5370.0000,5370.2000,5370.6000,5370.8000,1,2,2,3,9,1,3,1,1,2
SF,IC2003,2020-01-03 14:32:27.400,5369.0000,53902,0,11225784840.000,0,-,-,-,-,5369.2000,5368.4000,5368.2000,5367.6000,5367.0000,5369.4000,5370.0000,5370.2000,5370.6000,5370.8000,1,2,1,2,3,1,3,1,1,2
SF,IC2003,2020-01-03 14:32:27.900,5368.4000,53902,0,11227932360.000,2,1,1,空换,B,5368.4000,5368.2000,5367.6000,5367.0000,5366.4000,5370.0000,5370.2000,5370.6000,5370.8000,5371.4000,1,1,2,3,9,3,1,1,2,3
SF,IC2003,2020-01-03 14:32:28.400,5368.4000,53902,0,11227932360.000,0,-,-,-,-,5368.2000,5368.0000,5367.6000,5367.0000,5366.4000,5369.8000,5370.0000,5370.2000,5370.6000,5370.8000,1,1,2,3,9,2,3,1,1,2
SF,IC2003,2020-01-03 14:32:28.900,5368.4000,53902,0,11227932360.000,0,-,-,-,-,5368.2000,5368.0000,5367.6000,5367.0000,5366.4000,5369.0000,5369.4000,5369.8000,5370.0000,5370.2000,1,1,2,3,9,2,1,2,3,1
SF,IC2003,2020-01-03 14:32:29.900,5368.4000,53902,0,11227932360.000,0,-,-,-,-,5368.2000,5368.0000,5367.6000,5367.0000,5366.4000,5369.0000,5369.4000,5369.6000,5369.8000,5370.0000,1,1,2,3,9,2,1,1,2,3
SF,IC2003,2020-01-03 14:32:30.900,5368.4000,53902,0,11227932360.000,0,-,-,-,-,5368.2000,5368.0000,5367.6000,5367.0000,5366.4000,5369.0000,5369.4000,5369.6000,5369.8000,5370.0000,1,1,2,3,9,2,1,2,2,3
SF,IC2003,2020-01-03 14:32:31.400,5368.4000,53902,0,11227932360.000,0,-,-,-,-,5368.2000,5368.0000,5367.6000,5367.0000,5366.4000,5368.8000,5369.0000,5369.6000,5370.0000,5370.2000,1,1,2,3,9,3,2,2,3,1
SF,IC2003,2020-01-03 14:32:31.900,5368.4000,53902,0,11227932360.000,0,-,-,-,-,5368.2000,5368.0000,5367.6000,5367.0000,5366.4000,5368.8000,5369.0000,5369.6000,5370.0000,5370.2000,1,1,1,2,9,3,2,2,3,1
SF,IC2003,2020-01-03 14:32:32.400,5368.4000,53902,0,11227932360.000,0,-,-,-,-,5368.2000,5368.0000,5367.6000,5367.0000,5366.4000,5368.8000,5369.0000,5369.6000,5370.0000,5370.2000,1,1,1,2,9,2,2,2,3,1
SF,IC2003,2020-01-03 14:32:33.400,5368.2000,53902,0,11229006000.000,1,0,1,空换,B,5368.0000,5367.6000,5367.0000,5366.4000,5365.2000,5368.8000,5369.0000,5369.6000,5370.0000,5370.2000,1,6,2,9,1,2,2,2,3,1
SF,IC2003,2020-01-03 14:32:36.400,5368.2000,53902,0,11229006000.000,0,-,-,-,-,5368.0000,5367.6000,5367.0000,5366.4000,5365.2000,5368.6000,5368.8000,5369.0000,5369.6000,5370.0000,1,6,2,9,1,4,2,2,2,3
SF,IC2003,2020-01-03 14:32:37.400,5368.0000,53903,1,11230079600.000,1,1,0,双开,B,5367.6000,5367.0000,5366.4000,5365.2000,5364.2000,5368.6000,5368.8000,5369.0000,5369.6000,5370.0000,6,2,9,1,1,4,2,2,2,3
SF,IC2003,2020-01-03 14:32:37.900,5368.0000,53903,0,11230079600.000,0,-,-,-,-,5367.6000,5367.0000,5366.4000,5365.2000,5364.2000,5368.6000,5368.8000,5369.0000,5369.6000,5370.0000,6,2,9,1,1,4,2,2,1,3
SF,IC2003,2020-01-03 14:32:38.400,5368.0000,53903,0,11230079600.000,0,-,-,-,-,5367.6000,5367.0000,5366.4000,5365.2000,5364.2000,5368.6000,5368.8000,5369.0000,5369.6000,5369.8000,6,2,9,1,1,4,2,2,1,1
SF,IC2003,2020-01-03 14:32:40.400,5368.0000,53903,0,11230079600.000,0,-,-,-,-,5367.8000,5367.6000,5367.0000,5366.4000,5365.2000,5368.6000,5368.8000,5369.0000,5369.6000,5369.8000,1,6,2,9,1,4,2,2,1,1
SF,IC2003,2020-01-03 14:32:40.900,5368.0000,53903,0,11230079600.000,0,-,-,-,-,5367.8000,5367.6000,5367.0000,5366.4000,5365.2000,5368.6000,5368.8000,5369.0000,5369.8000,5370.0000,1,6,2,9,1,4,2,2,1,3
SF,IC2003,2020-01-03 14:32:41.900,5368.0000,53903,0,11230079600.000,0,-,-,-,-,5367.8000,5367.6000,5367.0000,5366.4000,5365.2000,5368.6000,5368.8000,5369.0000,5369.8000,5370.0000,1,6,2,9,2,4,2,2,1,3
SF,IC2003,2020-01-03 14:32:42.400,5367.8000,53904,1,11231153160.000,1,1,0,双开,B,5367.6000,5367.0000,5366.4000,5365.2000,5364.2000,5368.4000,5368.6000,5369.0000,5369.8000,5370.0000,6,2,9,2,1,2,4,2,1,3
SF,IC2003,2020-01-03 14:32:42.900,5367.8000,53904,0,11231153160.000,0,-,-,-,-,5367.6000,5367.0000,5366.4000,5365.2000,5364.2000,5368.2000,5368.4000,5368.6000,5369.0000,5369.8000,6,2,9,2,1,1,2,4,2,1
SF,IC2003,2020-01-03 14:32:44.900,5367.8000,53904,0,11231153160.000,0,-,-,-,-,5367.6000,5367.0000,5366.4000,5365.2000,5364.2000,5368.2000,5368.4000,5368.6000,5369.0000,5369.8000,6,2,9,2,1,1,2,4,2,1
SF,IC2003,2020-01-03 14:32:46.900,5367.8000,53904,0,11231153160.000,0,-,-,-,-,5367.6000,5367.0000,5366.4000,5365.2000,5364.2000,5368.2000,5368.4000,5368.6000,5369.0000,5369.8000,6,2,9,2,1,1,2,4,2,1
SF,IC2003,2020-01-03 14:32:49.400,5368.2000,53904,0,11232226800.000,1,0,1,空换,B,5367.6000,5367.0000,5366.4000,5365.2000,5364.2000,5368.4000,5368.6000,5369.0000,5369.8000,5370.0000,6,2,9,2,1,2,4,2,1,3
SF,IC2003,2020-01-03 14:32:53.900,5367.6000,53906,2,11234373840.000,2,2,0,双开,B,5367.6000,5367.0000,5366.4000,5365.2000,5364.2000,5368.2000,5368.4000,5368.6000,5369.0000,5369.8000,4,2,9,2,1,1,2,4,2,1
SF,IC2003,2020-01-03 14:32:54.400,5367.0000,53909,3,11239741320.000,5,4,1,多开,B,5367.0000,5366.4000,5365.2000,5364.2000,5363.8000,5367.8000,5368.0000,5368.2000,5368.6000,5369.0000,1,9,2,1,4,1,2,4,4,2
SF,IC2003,2020-01-03 14:32:54.900,5367.0000,53909,0,11239741320.000,0,-,-,-,-,5367.0000,5366.4000,5365.2000,5364.2000,5363.8000,5367.6000,5368.2000,5368.6000,5369.0000,5369.8000,1,9,2,1,4,2,4,4,2,1
SF,IC2003,2020-01-03 14:32:55.400,5367.0000,53909,0,11239741320.000,0,-,-,-,-,5367.0000,5366.4000,5365.2000,5364.2000,5363.8000,5367.6000,5368.2000,5368.6000,5369.0000,5369.8000,1,9,2,1,4,2,4,4,2,1
SF,IC2003,2020-01-03 14:32:56.400,5367.0000,53909,0,11239741320.000,0,-,-,-,-,5367.0000,5366.4000,5365.2000,5364.2000,5363.8000,5367.6000,5368.2000,5368.6000,5369.0000,5369.8000,1,9,2,1,4,2,5,4,2,1
SF,IC2003,2020-01-03 14:32:56.900,5367.0000,53909,0,11239741320.000,0,-,-,-,-,5367.0000,5366.4000,5365.2000,5364.2000,5363.8000,5368.2000,5368.6000,5369.0000,5369.8000,5370.0000,1,9,2,1,4,5,4,2,1,3
SF,IC2003,2020-01-03 14:32:57.400,5367.0000,53909,0,11239741320.000,0,-,-,-,-,5367.0000,5366.4000,5365.2000,5364.2000,5363.8000,5368.0000,5368.2000,5368.6000,5369.0000,5369.8000,1,9,2,1,4,2,5,4,2,1
SF,IC2003,2020-01-03 14:32:58.400,5367.0000,53909,0,11239741320.000,0,-,-,-,-,5367.0000,5366.4000,5365.2000,5364.2000,5363.8000,5368.0000,5368.2000,5368.6000,5369.0000,5369.8000,1,9,2,1,4,2,6,4,2,1
SF,IC2003,2020-01-03 14:32:59.400,5367.0000,53909,0,11239741320.000,0,-,-,-,-,5367.0000,5366.4000,5365.2000,5364.2000,5363.8000,5367.8000,5368.0000,5368.2000,5368.6000,5369.0000,1,9,2,1,4,1,2,6,4,2
SF,IC2003,2020-01-03 14:32:59.900,5367.0000,53909,0,11239741320.000,0,-,-,-,-,5367.0000,5366.4000,5365.2000,5364.2000,5363.8000,5367.8000,5368.0000,5368.2000,5368.6000,5369.0000,1,9,2,1,4,1,2,3,4,2
SF,IC2003,2020-01-03 14:33:00.400,5367.0000,53909,0,11239741320.000,0,-,-,-,-,5367.0000,5366.4000,5365.2000,5364.2000,5363.8000,5367.8000,5368.0000,5368.2000,5368.6000,5369.0000,1,9,2,1,4,4,2,3,4,2
SF,IC2003,2020-01-03 14:33:01.900,5367.0000,53909,0,11239741320.000,0,-,-,-,-,5367.6000,5367.0000,5366.4000,5365.2000,5364.2000,5367.8000,5368.0000,5368.2000,5368.6000,5369.0000,1,1,9,2,1,4,2,3,4,2
SF,IC2003,2020-01-03 14:33:02.400,5367.0000,53911,2,11241888240.000,2,2,0,双开,B,5366.4000,5365.2000,5364.2000,5363.8000,5362.6000,5367.8000,5368.0000,5368.2000,5368.6000,5369.0000,9,2,1,4,1,4,2,3,4,2
SF,IC2003,2020-01-03 14:33:02.900,5367.0000,53911,0,11241888240.000,0,-,-,-,-,5366.4000,5365.2000,5364.2000,5363.8000,5362.6000,5367.4000,5367.6000,5367.8000,5368.2000,5368.6000,9,2,1,4,1,1,2,4,3,4
SF,IC2003,2020-01-03 14:33:03.400,5367.0000,53911,0,11241888240.000,0,-,-,-,-,5366.4000,5365.2000,5364.2000,5363.8000,5362.6000,5367.2000,5367.4000,5367.8000,5368.2000,5368.6000,9,2,1,4,1,2,1,3,3,4
SF,IC2003,2020-01-03 14:33:07.400,5367.0000,53911,0,11241888240.000,0,-,-,-,-,5366.4000,5365.2000,5364.2000,5363.8000,5362.6000,5367.2000,5367.4000,5367.8000,5368.2000,5368.6000,9,2,1,4,1,2,1,3,3,4
SF,IC2003,2020-01-03 14:33:07.900,5366.4000,53911,0,11242961520.000,1,0,1,空换,B,5366.4000,5365.2000,5364.2000,5363.8000,5362.6000,5367.2000,5367.4000,5368.2000,5368.6000,5369.0000,8,2,1,4,1,2,1,2,4,2
SF,IC2003,2020-01-03 14:33:08.400,5366.4000,53912,1,11244034800.000,1,1,0,双开,B,5366.4000,5365.2000,5364.2000,5363.8000,5362.6000,5367.2000,5367.4000,5368.2000,5369.0000,5369.8000,8,2,1,4,1,5,1,2,2,1
SF,IC2003,2020-01-03 14:33:08.900,5366.4000,53912,0,11244034800.000,0,-,-,-,-,5366.4000,5365.2000,5364.2000,5363.8000,5362.6000,5367.2000,5367.4000,5368.2000,5369.0000,5369.8000,8,2,1,4,1,9,1,2,2,1
SF,IC2003,2020-01-03 14:33:11.400,5366.4000,53912,0,11245108080.000,1,0,1,空换,B,5366.4000,5365.2000,5364.2000,5364.0000,5363.8000,5367.0000,5367.2000,5367.4000,5368.2000,5369.0000,7,2,1,1,4,1,9,1,2,2
SF,IC2003,2020-01-03 14:33:11.900,5366.4000,53912,0,11248327920.000,3,1,2,空换,B,5366.4000,5365.2000,5364.2000,5364.0000,5363.8000,5366.8000,5367.0000,5367.2000,5367.4000,5368.2000,4,2,1,1,4,2,1,7,1,2
SF,IC2003,2020-01-03 14:33:12.400,5366.4000,53915,3,11251547760.000,3,3,0,双开,B,5366.4000,5365.2000,5364.2000,5364.0000,5363.8000,5367.0000,5367.2000,5367.4000,5368.2000,5369.0000,1,2,1,1,4,1,7,1,2,2
SF,IC2003,2020-01-03 14:33:12.900,5366.4000,53916,1,11252621040.000,1,1,0,双开,B,5365.2000,5364.2000,5364.0000,5363.8000,5362.6000,5366.4000,5366.8000,5367.0000,5367.2000,5367.4000,2,1,1,4,1,1,1,1,7,1
SF,IC2003,2020-01-03 14:33:13.400,5366.4000,53916,0,11252621040.000,0,-,-,-,-,5365.4000,5365.2000,5364.2000,5364.0000,5363.8000,5366.4000,5367.0000,5367.2000,5368.2000,5369.0000,2,2,1,1,4,1,1,4,2,2
SF,IC2003,2020-01-03 14:33:13.900,5366.4000,53916,0,11252621040.000,0,-,-,-,-,5365.4000,5365.2000,5364.2000,5364.0000,5363.8000,5366.4000,5366.8000,5367.0000,5367.2000,5368.2000,2,2,1,1,4,4,1,1,4,2
SF,IC2003,2020-01-03 14:33:17.900,5366.4000,53916,0,11252621040.000,0,-,-,-,-,5365.4000,5365.2000,5364.2000,5364.0000,5363.8000,5366.4000,5366.8000,5367.0000,5367.2000,5368.2000,2,2,1,1,4,4,1,1,4,2
SF,IC2003,2020-01-03 14:33:18.400,5366.4000,53916,0,11252621040.000,0,-,-,-,-,5365.2000,5364.2000,5364.0000,5363.8000,5362.6000,5366.4000,5366.8000,5367.0000,5367.2000,5368.2000,2,1,1,2,1,4,1,1,4,2
SF,IC2003,2020-01-03 14:33:18.900,5366.4000,53918,2,11254767600.000,2,2,0,双开,B,5365.2000,5364.2000,5364.0000,5363.8000,5362.6000,5366.4000,5366.8000,5367.0000,5367.2000,5368.2000,2,1,1,2,1,1,1,1,4,2
SF,IC2003,2020-01-03 14:33:19.400,5366.4000,53918,0,11254767600.000,0,-,-,-,-,5365.4000,5365.2000,5364.2000,5364.0000,5363.8000,5366.4000,5366.8000,5367.0000,5367.2000,5368.2000,2,2,1,1,2,4,1,1,4,2
SF,IC2003,2020-01-03 14:33:19.900,5366.4000,53918,0,11254767600.000,0,-,-,-,-,5365.4000,5365.2000,5364.2000,5364.0000,5363.8000,5366.2000,5366.4000,5367.0000,5367.2000,5368.2000,2,2,1,1,2,2,4,1,4,2
SF,IC2003,2020-01-03 14:33:20.400,5366.4000,53918,0,11254767600.000,0,-,-,-,-,5365.4000,5365.2000,5364.2000,5364.0000,5363.8000,5366.2000,5366.4000,5367.0000,5368.2000,5369.0000,2,2,1,1,2,3,4,1,2,2
SF,IC2003,2020-01-03 14:33:20.900,5365.4000,53919,1,11255840680.000,1,1,0,双开,B,5365.4000,5365.2000,5364.2000,5364.0000,5363.8000,5366.2000,5366.4000,5367.0000,5368.2000,5369.0000,1,2,1,1,2,3,9,1,2,2
SF,IC2003,2020-01-03 14:33:21.400,5365.4000,53919,0,11255840680.000,0,-,-,-,-,5365.2000,5364.2000,5364.0000,5363.8000,5362.6000,5366.2000,5366.4000,5367.0000,5368.2000,5369.0000,2,1,1,2,1,3,9,1,2,2
SF,IC2003,2020-01-03 14:33:21.900,5365.4000,53919,0,11255840680.000,0,-,-,-,-,5365.2000,5364.2000,5364.0000,5363.8000,5362.6000,5366.0000,5366.2000,5366.4000,5367.0000,5368.2000,2,1,1,2,1,1,2,9,1,2
SF,IC2003,2020-01-03 14:33:22.900,5365.2000,53919,0,11257986760.000,2,1,1,空换,B,5364.2000,5364.0000,5363.8000,5362.6000,5362.0000,5366.0000,5366.2000,5366.4000,5367.0000,5368.2000,1,1,2,1,2,1,2,9,1,2
SF,IC2003,2020-01-03 14:33:23.400,5365.2000,53919,0,11257986760.000,0,-,-,-,-,5364.4000,5364.2000,5364.0000,5363.8000,5362.6000,5365.6000,5366.0000,5366.2000,5366.4000,5367.0000,2,1,1,2,1,1,1,1,9,1
SF,IC2003,2020-01-03 14:33:23.900,5365.2000,53919,0,11257986760.000,0,-,-,-,-,5364.4000,5364.2000,5364.0000,5363.8000,5362.6000,5366.0000,5366.2000,5366.4000,5367.0000,5368.2000,2,1,1,2,1,1,1,9,1,2
SF,IC2003,2020-01-03 14:33:24.400,5365.2000,53919,0,11260132840.000,2,1,1,空换,B,5365.4000,5364.4000,5364.2000,5364.0000,5363.8000,5366.0000,5366.2000,5366.4000,5367.0000,5368.2000,4,2,1,1,2,1,1,6,1,2
SF,IC2003,2020-01-03 14:33:24.900,5364.4000,53919,0,11265497880.000,5,2,3,空换,B,5364.4000,5364.2000,5364.0000,5363.8000,5362.6000,5365.8000,5366.0000,5366.2000,5366.4000,5367.0000,1,1,1,2,1,1,4,1,6,1
SF,IC2003,2020-01-03 14:33:25.400,5364.4000,53919,0,11265497880.000,0,-,-,-,-,5364.4000,5364.2000,5364.0000,5363.8000,5362.6000,5365.6000,5366.0000,5366.2000,5366.4000,5367.0000,1,1,1,2,1,2,4,1,6,1
SF,IC2003,2020-01-03 14:33:25.900,5364.4000,53919,0,11266570760.000,1,0,1,空换,B,5364.2000,5364.0000,5363.8000,5362.6000,5362.0000,5366.0000,5366.2000,5366.4000,5367.0000,5368.2000,1,1,2,1,2,4,1,6,1,2
SF,IC2003,2020-01-03 14:33:26.400,5364.4000,53919,0,11268716520.000,2,1,1,空换,B,5364.2000,5364.0000,5363.8000,5362.6000,5362.0000,5365.6000,5366.0000,5366.4000,5367.0000,5368.2000,1,1,2,1,2,2,4,6,1,2
SF,IC2003,2020-01-03 14:33:26.900,5364.4000,53919,0,11268716520.000,0,-,-,-,-,5364.2000,5364.0000,5363.8000,5362.6000,5362.0000,5365.4000,5365.6000,5366.0000,5366.4000,5367.0000,1,1,2,1,2,2,1,4,6,1
SF,IC2003,2020-01-03 14:33:27.900,5364.4000,53919,0,11268716520.000,0,-,-,-,-,5364.2000,5364.0000,5363.8000,5362.6000,5362.0000,5365.4000,5365.6000,5366.0000,5366.4000,5368.2000,1,1,2,1,2,2,1,4,6,2
SF,IC2003,2020-01-03 14:33:28.400,5364.4000,53919,0,11268716520.000,0,-,-,-,-,5364.2000,5364.0000,5363.8000,5362.6000,5362.0000,5365.2000,5365.4000,5365.6000,5366.0000,5366.4000,1,1,2,1,2,1,2,1,4,6
SF,IC2003,2020-01-03 14:33:28.900,5364.4000,53919,0,11268716520.000,0,-,-,-,-,5364.2000,5364.0000,5363.8000,5362.6000,5362.0000,5365.0000,5365.2000,5365.6000,5366.0000,5366.4000,1,1,2,1,2,2,1,1,4,6
SF,IC2003,2020-01-03 14:33:29.900,5364.4000,53919,0,11268716520.000,0,-,-,-,-,5364.4000,5364.2000,5364.0000,5363.8000,5362.6000,5365.0000,5365.6000,5366.0000,5366.4000,5368.2000,1,1,1,2,1,2,1,4,6,2
SF,IC2003,2020-01-03 14:33:30.400,5364.4000,53919,0,11268716520.000,0,-,-,-,-,5364.4000,5364.2000,5364.0000,5363.8000,5362.6000,5365.0000,5365.6000,5366.0000,5366.4000,5368.2000,1,1,1,2,1,2,1,1,6,2
SF,IC2003,2020-01-03 14:33:30.900,5364.4000,53919,0,11270862280.000,2,1,1,空换,B,5364.2000,5364.0000,5363.8000,5362.6000,5362.0000,5364.4000,5365.0000,5365.6000,5366.0000,5366.4000,1,1,2,1,2,1,2,1,1,6
SF,IC2003,2020-01-03 14:33:31.400,5364.4000,53919,0,11271935160.000,1,0,1,空换,B,5364.4000,5364.2000,5364.0000,5363.8000,5362.6000,5365.0000,5365.6000,5366.0000,5366.4000,5368.2000,1,1,1,2,1,2,1,1,6,2
SF,IC2003,2020-01-03 14:33:31.900,5364.4000,53919,0,11273008040.000,1,0,1,空换,B,5364.2000,5364.0000,5363.8000,5362.6000,5362.0000,5364.4000,5365.0000,5365.6000,5366.0000,5366.4000,1,1,2,1,2,4,2,1,1,6
SF,IC2003,2020-01-03 14:33:32.400,5364.2000,53920,1,11274080880.000,1,1,0,双开,B,5364.0000,5363.8000,5362.6000,5362.0000,5361.4000,5364.4000,5365.0000,5366.0000,5366.4000,5368.2000,1,2,1,2,2,4,2,1,6,2
SF,IC2003,2020-01-03 14:33:32.900,5364.4000,53920,0,11275153760.000,1,0,1,空换,B,5364.0000,5363.8000,5362.6000,5362.0000,5361.4000,5364.4000,5365.0000,5366.0000,5366.4000,5368.2000,1,2,1,2,2,3,2,1,6,2
SF,IC2003,2020-01-03 14:33:33.400,5364.4000,53920,0,11275153760.000,0,-,-,-,-,5364.0000,5363.8000,5362.6000,5362.0000,5361.4000,5364.2000,5364.4000,5365.0000,5366.0000,5366.4000,1,2,1,2,2,4,3,2,1,6
SF,IC2003,2020-01-03 14:33:33.900,5364.2000,53920,0,11279445120.000,4,2,2,空换,B,5364.0000,5363.8000,5362.6000,5362.0000,5361.4000,5364.4000,5365.0000,5366.0000,5366.4000,5368.2000,1,2,1,2,2,3,2,1,6,2
SF,IC2003,2020-01-03 14:33:34.400,5364.4000,53919,-1,11280518000.000,1,0,1,双平,B,5364.2000,5364.0000,5363.8000,5362.6000,5362.0000,5364.4000,5365.0000,5366.0000,5366.4000,5368.2000,1,1,2,1,2,2,2,1,6,2
SF,IC2003,2020-01-03 14:33:34.900,5364.4000,53918,-1,11281590880.000,1,0,1,双平,B,5364.2000,5364.0000,5363.8000,5362.6000,5362.0000,5364.4000,5365.0000,5366.0000,5366.4000,5368.2000,2,1,2,1,2,1,2,1,6,2
SF,IC2003,2020-01-03 14:33:36.400,5364.2000,53918,0,11282663720.000,1,0,1,空换,B,5364.2000,5364.0000,5363.8000,5362.6000,5362.0000,5364.4000,5365.0000,5366.0000,5366.4000,5368.2000,1,1,2,1,2,1,2,1,6,2
SF,IC2003,2020-01-03 14:33:36.900,5364.2000,53919,1,11283736560.000,1,1,0,双开,B,5364.0000,5363.8000,5362.6000,5362.0000,5361.4000,5364.2000,5364.4000,5365.0000,5366.0000,5366.4000,1,2,1,2,2,2,2,2,1,6
SF,IC2003,2020-01-03 14:33:37.400,5364.0000,53920,1,11284809360.000,1,1,0,双开,B,5363.8000,5362.6000,5362.0000,5361.4000,5360.4000,5364.0000,5364.4000,5365.0000,5366.0000,5366.4000,2,1,2,2,1,5,2,2,1,6
SF,IC2003,2020-01-03 14:33:37.900,5364.0000,53920,0,11288027680.000,3,1,2,空换,B,5362.6000,5362.0000,5361.4000,5360.4000,5360.2000,5364.0000,5364.4000,5365.0000,5366.0000,5366.4000,1,2,2,1,1,2,2,2,1,6
SF,IC2003,2020-01-03 14:33:38.400,5364.0000,53920,0,11289100480.000,1,0,1,空换,B,5362.8000,5362.6000,5362.0000,5361.4000,5360.4000,5364.0000,5364.4000,5365.0000,5366.0000,5366.4000,2,1,2,2,1,1,2,2,1,6
SF,IC2003,2020-01-03 14:33:38.900,5363.0000,53921,1,11290173080.000,1,1,0,双开,B,5362.8000,5362.6000,5362.0000,5361.4000,5360.4000,5364.0000,5364.4000,5365.0000,5366.0000,5366.4000,2,1,2,2,1,1,2,2,1,6
SF,IC2003,2020-01-03 14:33:39.400,5364.0000,53921,0,11291245880.000,1,0,1,空换,B,5362.8000,5362.6000,5362.0000,5361.4000,5360.4000,5364.4000,5365.0000,5366.0000,5366.4000,5368.2000,2,1,2,2,1,2,2,1,6,2
SF,IC2003,2020-01-03 14:33:39.900,5364.0000,53921,0,11291245880.000,0,-,-,-,-,5362.8000,5362.6000,5362.0000,5361.4000,5360.4000,5364.2000,5364.4000,5366.0000,5366.4000,5368.2000,2,1,2,2,1,2,2,1,6,2
SF,IC2003,2020-01-03 14:33:41.900,5364.0000,53921,0,11291245880.000,0,-,-,-,-,5363.0000,5362.8000,5362.6000,5362.0000,5361.4000,5364.2000,5364.4000,5366.0000,5366.4000,5368.2000,1,2,1,2,1,2,2,1,6,2
SF,IC2003,2020-01-03 14:33:42.400,5364.0000,53921,0,11291245880.000,0,-,-,-,-,5363.2000,5363.0000,5362.6000,5362.0000,5361.4000,5364.2000,5364.4000,5366.0000,5366.4000,5368.2000,2,1,1,2,1,2,2,1,6,2
SF,IC2003,2020-01-03 14:33:42.900,5364.0000,53921,0,11291245880.000,0,-,-,-,-,5363.0000,5362.6000,5362.0000,5361.4000,5360.4000,5363.2000,5364.2000,5364.4000,5366.0000,5366.4000,1,1,2,1,1,3,2,2,1,6
SF,IC2003,2020-01-03 14:33:43.400,5363.2000,53923,2,11295536440.000,4,3,1,多开,B,5363.4000,5363.2000,5363.0000,5362.6000,5362.0000,5364.2000,5364.4000,5366.0000,5366.4000,5368.2000,1,13,1,1,2,2,2,1,6,2
SF,IC2003,2020-01-03 14:33:43.900,5363.2000,53923,0,11295536440.000,0,-,-,-,-,5363.8000,5363.2000,5363.0000,5362.6000,5362.0000,5364.2000,5364.4000,5366.0000,5366.4000,5368.2000,1,7,1,1,2,2,2,1,6,2
SF,IC2003,2020-01-03 14:33:44.400,5363.8000,53923,0,11296609200.000,1,0,1,空换,B,5363.2000,5363.0000,5362.6000,5362.0000,5361.4000,5364.2000,5364.4000,5366.0000,5366.4000,5368.2000,3,1,1,2,1,2,2,1,6,2
SF,IC2003,2020-01-03 14:33:45.400,5363.8000,53923,0,11296609200.000,0,-,-,-,-,5363.2000,5363.0000,5362.6000,5362.0000,5361.4000,5363.8000,5364.2000,5364.4000,5366.0000,5366.4000,2,1,1,2,1,1,2,2,1,6
SF,IC2003,2020-01-03 14:33:45.900,5363.8000,53923,0,11296609200.000,0,-,-,-,-,5363.2000,5363.0000,5362.6000,5362.0000,5361.4000,5363.6000,5363.8000,5364.4000,5366.0000,5366.4000,2,1,1,2,1,2,1,2,1,6
SF,IC2003,2020-01-03 14:33:47.400,5363.8000,53923,0,11296609200.000,0,-,-,-,-,5363.2000,5363.0000,5362.6000,5362.0000,5361.4000,5363.6000,5363.8000,5364.4000,5366.0000,5366.4000,2,1,1,2,1,2,1,2,1,6
SF,IC2003,2020-01-03 14:33:47.900,5363.6000,53924,1,11297681920.000,1,1,0,双开,B,5363.2000,5363.0000,5362.6000,5362.0000,5361.4000,5363.6000,5363.8000,5364.4000,5366.0000,5366.4000,2,1,1,2,1,1,1,2,1,6
SF,IC2003,2020-01-03 14:33:48.400,5363.6000,53924,0,11297681920.000,0,-,-,-,-,5363.0000,5362.6000,5362.0000,5361.4000,5360.4000,5363.2000,5363.6000,5363.8000,5364.4000,5366.4000,1,1,2,1,1,3,1,1,2,6
SF,IC2003,2020-01-03 14:33:49.900,5363.6000,53924,0,11297681920.000,0,-,-,-,-,5363.0000,5362.6000,5362.0000,5361.4000,5360.4000,5363.2000,5363.6000,5363.8000,5364.4000,5366.4000,1,1,2,1,1,3,1,1,2,6
SF,IC2003,2020-01-03 14:33:50.400,5363.2000,53925,1,11298754560.000,1,1,0,双开,B,5363.0000,5362.6000,5362.0000,5361.4000,5360.4000,5363.2000,5363.6000,5363.8000,5364.4000,5366.4000,1,1,2,1,1,2,1,1,2,6
SF,IC2003,2020-01-03 14:33:50.900,5363.0000,53925,0,11299827160.000,1,0,1,空换,B,5362.6000,5362.0000,5361.4000,5360.4000,5360.2000,5363.2000,5363.6000,5363.8000,5364.4000,5366.4000,1,2,1,1,1,2,1,1,2,6
SF,IC2003,2020-01-03 14:33:52.900,5362.6000,53926,1,11301972320.000,2,1,1,多开,B,5362.0000,5361.4000,5360.4000,5360.2000,5360.0000,5363.2000,5363.6000,5363.8000,5364.4000,5366.4000,2,1,1,1,3,1,1,1,2,6
SF,IC2003,2020-01-03 14:33:53.400,5362.2000,53926,0,11304117280.000,2,1,1,空换,B,5362.2000,5362.0000,5361.4000,5360.4000,5360.2000,5363.8000,5364.4000,5366.4000,5368.2000,5369.0000,2,4,1,1,1,1,2,6,2,2
SF,IC2003,2020-01-03 14:33:53.900,5363.6000,53928,2,11308407320.000,4,3,1,多开,B,5362.2000,5362.0000,5361.4000,5360.4000,5360.2000,5363.6000,5363.8000,5364.4000,5366.4000,5368.2000,1,3,1,1,1,1,1,3,6,2
SF,IC2003,2020-01-03 14:33:54.400,5363.6000,53929,1,11309480040.000,1,1,0,双开,B,5362.8000,5362.2000,5362.0000,5361.4000,5360.4000,5363.8000,5364.4000,5366.4000,5368.2000,5369.0000,1,3,3,1,1,1,3,6,2,2
SF,IC2003,2020-01-03 14:33:55.400,5363.6000,53929,0,11309480040.000,0,-,-,-,-,5362.8000,5362.2000,5362.0000,5361.4000,5360.4000,5363.8000,5364.4000,5366.4000,5368.2000,5369.0000,1,3,2,1,1,1,3,6,2,2
SF,IC2003,2020-01-03 14:33:55.900,5363.6000,53929,0,11309480040.000,0,-,-,-,-,5363.0000,5362.8000,5362.2000,5362.0000,5361.4000,5363.4000,5363.8000,5364.4000,5366.4000,5368.2000,2,1,2,2,1,1,1,3,6,2
SF,IC2003,2020-01-03 14:33:56.400,5363.6000,53929,0,11309480040.000,0,-,-,-,-,5363.0000,5362.8000,5362.2000,5362.0000,5361.4000,5363.4000,5363.6000,5363.8000,5364.4000,5366.4000,2,1,2,2,1,1,1,1,3,6
SF,IC2003,2020-01-03 14:33:56.900,5363.8000,53932,3,11312698200.000,3,3,0,双开,B,5363.0000,5362.8000,5362.2000,5362.0000,5361.4000,5364.4000,5366.4000,5368.2000,5369.0000,5370.0000,2,1,2,2,1,3,6,2,2,4
SF,IC2003,2020-01-03 14:33:57.400,5363.8000,53932,0,11312698200.000,0,-,-,-,-,5363.2000,5363.0000,5362.8000,5362.2000,5362.0000,5364.2000,5364.4000,5366.4000,5368.2000,5369.0000,1,2,1,2,2,1,3,6,2,2
SF,IC2003,2020-01-03 14:34:00.400,5363.8000,53932,0,11312698200.000,0,-,-,-,-,5363.2000,5363.0000,5362.8000,5362.2000,5362.0000,5364.4000,5366.4000,5368.2000,5369.0000,5370.0000,1,2,1,2,2,3,6,2,2,4
SF,IC2003,2020-01-03 14:34:00.900,5363.8000,53932,0,11312698200.000,0,-,-,-,-,5363.4000,5363.2000,5362.8000,5362.2000,5362.0000,5364.4000,5366.4000,5368.2000,5369.0000,5370.0000,2,1,1,2,2,3,6,2,2,4
SF,IC2003,2020-01-03 14:34:01.400,5363.4000,53935,3,11315916240.000,3,3,0,双开,B,5363.2000,5362.2000,5362.0000,5361.4000,5360.4000,5364.4000,5366.4000,5368.2000,5369.0000,5370.0000,1,2,2,1,1,3,6,2,2,4
SF,IC2003,2020-01-03 14:34:01.900,5363.2000,53935,0,11316988880.000,1,0,1,空换,B,5362.2000,5362.0000,5361.4000,5360.4000,5360.2000,5364.2000,5364.4000,5366.4000,5368.2000,5369.0000,2,2,1,1,1,2,3,6,2,2
SF,IC2003,2020-01-03 14:34:02.400,5363.2000,53935,0,11316988880.000,0,-,-,-,-,5362.6000,5362.4000,5362.2000,5362.0000,5361.4000,5364.2000,5364.4000,5366.4000,5368.2000,5369.0000,2,11,2,4,1,2,3,6,2,2
SF,IC2003,2020-01-03 14:34:02.900,5363.2000,53935,0,11316988880.000,0,-,-,-,-,5362.8000,5362.6000,5362.2000,5362.0000,5361.4000,5364.2000,5364.4000,5366.4000,5368.2000,5369.0000,3,2,2,2,1,2,3,6,2,2
SF,IC2003,2020-01-03 14:34:04.400,5363.2000,53935,0,11316988880.000,0,-,-,-,-,5362.8000,5362.6000,5362.2000,5362.0000,5361.4000,5364.2000,5364.4000,5366.4000,5368.2000,5369.0000,3,2,2,2,1,2,3,6,2,2
SF,IC2003,2020-01-03 14:34:05.400,5363.2000,53935,0,11316988880.000,0,-,-,-,-,5362.8000,5362.6000,5362.2000,5362.0000,5361.4000,5364.0000,5364.2000,5364.4000,5366.4000,5368.2000,2,2,2,2,1,1,3,3,6,2
SF,IC2003,2020-01-03 14:34:05.900,5363.8000,53935,0,11319134400.000,2,1,1,空换,B,5362.8000,5362.2000,5362.0000,5361.4000,5360.4000,5364.0000,5364.2000,5364.4000,5366.4000,5368.2000,2,2,2,1,1,1,1,2,6,2
SF,IC2003,2020-01-03 14:34:06.400,5363.8000,53935,0,11319134400.000,0,-,-,-,-,5362.8000,5362.2000,5362.0000,5361.4000,5360.4000,5363.8000,5364.0000,5364.2000,5364.4000,5366.4000,2,2,2,1,1,2,1,1,2,6
SF,IC2003,2020-01-03 14:34:06.900,5362.8000,53937,2,11321279520.000,2,2,0,双开,B,5362.2000,5362.0000,5361.4000,5360.4000,5360.2000,5362.8000,5364.0000,5364.2000,5364.4000,5366.4000,2,2,1,1,1,1,2,1,2,6
SF,IC2003,2020-01-03 14:34:07.400,5362.8000,53938,1,11322352080.000,1,1,0,双开,B,5362.8000,5362.4000,5362.2000,5362.0000,5361.4000,5364.0000,5364.2000,5364.4000,5366.4000,5368.2000,4,2,2,2,1,2,1,2,6,2
SF,IC2003,2020-01-03 14:34:07.900,5363.8000,53939,1,11323424840.000,1,1,0,双开,B,5362.8000,5362.4000,5362.2000,5362.0000,5361.4000,5363.8000,5364.0000,5364.2000,5364.4000,5366.4000,4,2,2,2,1,1,2,1,2,6
SF,IC2003,2020-01-03 14:34:08.400,5363.8000,53939,0,11323424840.000,0,-,-,-,-,5363.0000,5362.8000,5362.2000,5362.0000,5361.4000,5364.0000,5364.2000,5364.4000,5366.4000,5368.2000,1,1,2,2,1,2,1,2,6,2
SF,IC2003,2020-01-03 14:34:10.400,5363.8000,53939,0,11323424840.000,0,-,-,-,-,5363.0000,5362.8000,5362.2000,5362.0000,5361.4000,5363.8000,5364.0000,5364.2000,5364.4000,5366.4000,1,1,2,2,1,1,2,1,2,6
SF,IC2003,2020-01-03 14:34:10.900,5363.8000,53939,0,11323424840.000,0,-,-,-,-,5363.0000,5362.8000,5362.2000,5362.0000,5361.4000,5363.8000,5364.0000,5364.2000,5364.4000,5366.4000,2,1,2,2,1,1,2,1,2,6
SF,IC2003,2020-01-03 14:34:11.400,5363.8000,53939,0,11323424840.000,0,-,-,-,-,5363.0000,5362.8000,5362.2000,5362.0000,5361.4000,5364.0000,5364.2000,5364.4000,5366.4000,5368.2000,1,1,2,2,1,2,1,2,6,2
SF,IC2003,2020-01-03 14:34:11.900,5363.8000,53939,0,11323424840.000,0,-,-,-,-,5363.0000,5362.8000,5362.2000,5362.0000,5361.4000,5364.0000,5364.2000,5364.4000,5366.4000,5368.2000,2,1,2,2,1,2,1,2,6,2
SF,IC2003,2020-01-03 14:34:12.400,5363.0000,53940,1,11325570040.000,2,1,1,多开,B,5362.8000,5362.2000,5362.0000,5361.4000,5360.4000,5363.0000,5364.0000,5364.2000,5364.4000,5366.4000,1,2,2,1,1,1,2,1,2,6
SF,IC2003,2020-01-03 14:34:12.900,5363.0000,53941,1,11326642640.000,1,1,0,双开,B,5363.0000,5362.8000,5362.2000,5362.0000,5361.4000,5364.0000,5364.2000,5364.4000,5366.4000,5368.2000,8,1,2,2,1,2,1,2,6,2
SF,IC2003,2020-01-03 14:34:13.400,5363.0000,53941,0,11326642640.000,0,-,-,-,-,5363.0000,5362.8000,5362.2000,5362.0000,5361.4000,5363.8000,5364.0000,5364.2000,5364.4000,5366.4000,6,1,2,2,1,2,2,1,1,6
SF,IC2003,2020-01-03 14:34:13.900,5363.0000,53942,1,11327715240.000,1,1,0,双开,B,5363.2000,5363.0000,5362.8000,5362.2000,5362.0000,5364.0000,5364.2000,5364.4000,5366.4000,5368.2000,1,5,1,2,2,2,1,1,6,2
SF,IC2003,2020-01-03 14:34:14.400,5363.0000,53942,0,11327715240.000,0,-,-,-,-,5363.2000,5363.0000,5362.8000,5362.0000,5361.4000,5363.8000,5364.0000,5364.2000,5364.4000,5366.4000,2,1,1,2,1,2,2,1,1,6
SF,IC2003,2020-01-03 14:34:14.900,5363.0000,53942,0,11327715240.000,0,-,-,-,-,5363.2000,5363.0000,5362.8000,5362.0000,5361.4000,5363.8000,5364.0000,5364.2000,5364.4000,5366.4000,11,1,1,2,1,2,2,1,1,7
SF,IC2003,2020-01-03 14:34:15.400,5363.0000,53942,0,11327715240.000,0,-,-,-,-,5363.2000,5363.0000,5362.8000,5362.0000,5361.4000,5363.8000,5364.0000,5364.2000,5364.4000,5366.4000,11,2,1,2,1,2,2,1,1,7
SF,IC2003,2020-01-03 14:34:15.900,5363.2000,53945,3,11333078680.000,5,4,1,多开,B,5363.2000,5363.0000,5362.8000,5362.0000,5361.4000,5364.0000,5364.2000,5364.4000,5366.4000,5368.2000,8,2,1,2,1,2,1,1,7,2
SF,IC2003,2020-01-03 14:34:16.400,5364.0000,53944,-1,11334151480.000,1,0,1,双平,B,5363.4000,5363.2000,5363.0000,5362.8000,5362.0000,5364.0000,5364.2000,5364.4000,5366.4000,5368.2000,2,8,2,1,2,1,1,1,7,2
SF,IC2003,2020-01-03 14:34:16.900,5364.0000,53944,0,11334151480.000,0,-,-,-,-,5363.6000,5363.4000,5363.2000,5363.0000,5362.8000,5363.8000,5364.0000,5364.2000,5364.4000,5366.4000,1,2,8,2,1,1,1,1,1,7
SF,IC2003,2020-01-03 14:34:17.400,5364.0000,53944,0,11334151480.000,0,-,-,-,-,5363.6000,5363.2000,5363.0000,5362.8000,5362.0000,5363.8000,5364.0000,5364.2000,5364.4000,5366.4000,1,8,2,1,2,1,1,1,1,7
SF,IC2003,2020-01-03 14:34:17.900,5363.6000,53944,0,11335224200.000,1,0,1,空换,B,5363.2000,5363.0000,5362.8000,5362.0000,5361.4000,5363.6000,5363.8000,5364.0000,5364.2000,5364.4000,8,1,1,2,1,2,1,1,1,1
SF,IC2003,2020-01-03 14:34:18.400,5363.6000,53944,0,11336296920.000,1,0,1,空换,B,5363.2000,5363.0000,5362.8000,5362.0000,5361.4000,5363.6000,5363.8000,5364.0000,5364.2000,5364.4000,8,1,1,2,1,1,1,1,1,1
SF,IC2003,2020-01-03 14:34:19.400,5363.6000,53944,0,11336296920.000,0,-,-,-,-,5363.2000,5363.0000,5362.8000,5362.0000,5361.4000,5363.4000,5363.6000,5363.8000,5364.0000,5364.2000,8,1,1,2,1,1,1,1,1,1
SF,IC2003,2020-01-03 14:34:20.900,5363.4000,53943,-1,11337369600.000,1,0,1,双平,B,5363.2000,5363.0000,5362.8000,5362.0000,5361.4000,5363.6000,5363.8000,5364.0000,5364.2000,5364.4000,8,1,1,2,1,1,1,1,1,1
SF,IC2003,2020-01-03 14:34:22.900,5363.4000,53943,0,11337369600.000,0,-,-,-,-,5363.2000,5363.0000,5362.8000,5362.0000,5361.4000,5363.6000,5363.8000,5364.0000,5364.4000,5365.6000,8,1,1,2,1,1,1,1,1,1
SF,IC2003,2020-01-03 14:34:23.400,5363.4000,53943,0,11337369600.000,0,-,-,-,-,5363.2000,5363.0000,5362.8000,5362.0000,5361.4000,5363.8000,5364.0000,5364.4000,5365.6000,5366.4000,8,1,2,2,1,1,1,1,1,7
SF,IC2003,2020-01-03 14:34:23.900,5363.2000,53946,3,11340587520.000,3,3,0,双开,B,5363.2000,5363.0000,5362.8000,5362.0000,5361.4000,5363.8000,5364.0000,5364.4000,5365.6000,5366.4000,5,1,2,2,1,1,1,1,1,7
SF,IC2003,2020-01-03 14:34:24.400,5363.2000,53948,2,11342732800.000,2,2,0,双开,B,5363.2000,5363.0000,5362.8000,5362.0000,5361.4000,5363.8000,5364.0000,5364.4000,5365.6000,5366.4000,3,1,2,2,1,1,1,1,1,7
SF,IC2003,2020-01-03 14:34:25.400,5363.6000,53948,0,11348096040.000,5,2,3,空换,B,5362.8000,5362.0000,5361.4000,5360.4000,5360.2000,5363.6000,5363.8000,5364.0000,5364.4000,5366.4000,2,2,1,1,1,1,1,1,1,7
SF,IC2003,2020-01-03 14:34:25.900,5363.4000,53948,0,11349168720.000,1,0,1,空换,B,5362.8000,5362.0000,5361.4000,5360.4000,5360.2000,5363.4000,5363.6000,5363.8000,5364.0000,5364.4000,2,2,1,1,1,1,1,1,1,1
SF,IC2003,2020-01-03 14:34:27.900,5362.8000,53948,0,11351313840.000,2,1,1,空换,B,5362.0000,5361.4000,5360.4000,5360.2000,5360.0000,5363.2000,5363.4000,5363.6000,5363.8000,5364.0000,2,1,1,1,3,1,1,1,1,1
SF,IC2003,2020-01-03 14:34:28.400,5362.8000,53948,0,11351313840.000,0,-,-,-,-,5362.8000,5362.0000,5361.4000,5360.4000,5360.2000,5363.0000,5363.2000,5363.6000,5363.8000,5364.0000,1,2,1,1,1,2,1,1,1,1
SF,IC2003,2020-01-03 14:34:28.900,5362.8000,53949,1,11352386400.000,1,1,0,双开,B,5362.0000,5361.4000,5360.4000,5360.2000,5360.0000,5362.8000,5363.2000,5363.6000,5363.8000,5364.0000,2,1,1,1,3,6,1,1,1,1
SF,IC2003,2020-01-03 14:34:29.400,5362.0000,53950,1,11354531200.000,2,1,1,多开,B,5361.4000,5360.4000,5360.2000,5360.0000,5359.0000,5362.0000,5362.8000,5363.2000,5363.6000,5364.0000,1,1,1,3,1,2,6,2,1,1
SF,IC2003,2020-01-03 14:34:29.900,5361.4000,53950,0,11355603480.000,1,0,1,空换,B,5360.4000,5360.2000,5360.0000,5359.0000,5358.6000,5362.0000,5362.8000,5363.2000,5363.6000,5364.0000,1,1,3,1,1,2,6,2,1,1
SF,IC2003,2020-01-03 14:34:30.400,5360.6000,53950,0,11356675600.000,1,0,1,空换,B,5360.6000,5360.4000,5360.2000,5360.0000,5359.0000,5362.0000,5362.8000,5363.2000,5363.6000,5364.0000,1,1,1,3,1,2,6,2,1,1
SF,IC2003,2020-01-03 14:34:31.900,5360.6000,53950,0,11356675600.000,0,-,-,-,-,5360.6000,5360.4000,5360.2000,5360.0000,5359.0000,5361.8000,5362.0000,5362.8000,5363.2000,5363.6000,1,1,1,3,1,1,2,6,2,1
SF,IC2003,2020-01-03 14:34:32.400,5360.6000,53950,0,11356675600.000,0,-,-,-,-,5360.6000,5360.4000,5360.2000,5360.0000,5359.0000,5361.8000,5362.0000,5362.8000,5363.2000,5363.6000,1,1,1,3,1,1,2,5,2,1
SF,IC2003,2020-01-03 14:34:32.900,5360.6000,53950,0,11356675600.000,0,-,-,-,-,5360.6000,5360.4000,5360.2000,5360.0000,5359.0000,5361.6000,5361.8000,5362.0000,5362.8000,5363.2000,1,1,1,3,1,1,1,2,5,1
SF,IC2003,2020-01-03 14:34:33.900,5361.6000,53950,0,11357747920.000,1,0,1,空换,B,5360.6000,5360.4000,5360.2000,5360.0000,5359.0000,5362.0000,5362.8000,5363.2000,5363.6000,5364.0000,1,1,1,3,1,2,5,1,1,1
SF,IC2003,2020-01-03 14:34:34.400,5361.6000,53950,0,11357747920.000,0,-,-,-,-,5360.6000,5360.4000,5360.2000,5360.0000,5359.0000,5362.8000,5363.2000,5363.6000,5364.0000,5364.4000,1,1,1,3,1,4,1,1,1,1
SF,IC2003,2020-01-03 14:34:34.900,5360.6000,53951,1,11358820040.000,1,1,0,双开,B,5360.4000,5360.2000,5360.0000,5359.0000,5358.6000,5360.6000,5362.4000,5362.8000,5363.2000,5363.6000,1,1,4,1,1,2,2,4,1,1
SF,IC2003,2020-01-03 14:34:35.400,5360.6000,53953,2,11360964280.000,2,2,0,双开,B,5360.8000,5360.6000,5360.4000,5360.2000,5360.0000,5362.4000,5362.8000,5363.2000,5363.6000,5364.0000,1,12,1,1,4,1,1,1,1,1
SF,IC2003,2020-01-03 14:34:35.900,5360.6000,53953,0,11360964280.000,0,-,-,-,-,5361.0000,5360.6000,5360.4000,5360.2000,5360.0000,5362.4000,5362.8000,5363.2000,5363.6000,5364.0000,1,6,1,1,4,1,1,1,1,1
SF,IC2003,2020-01-03 14:34:36.400,5360.8000,53953,0,11362036440.000,1,0,1,空换,B,5361.0000,5360.6000,5360.4000,5360.2000,5360.0000,5362.4000,5362.8000,5363.2000,5363.6000,5364.0000,1,6,1,1,4,1,1,1,1,1
SF,IC2003,2020-01-03 14:34:36.900,5362.4000,53954,1,11363108920.000,1,1,0,双开,B,5362.4000,5361.0000,5360.6000,5360.4000,5360.2000,5362.8000,5363.2000,5363.6000,5364.0000,5364.4000,1,11,4,1,1,1,1,1,1,1
SF,IC2003,2020-01-03 14:34:37.400,5362.4000,53955,1,11364181400.000,1,1,0,双开,B,5361.0000,5360.6000,5360.4000,5360.2000,5360.0000,5362.8000,5363.2000,5363.6000,5364.0000,5364.4000,11,4,1,1,4,1,1,1,1,1
SF,IC2003,2020-01-03 14:34:37.900,5361.0000,53956,1,11365253600.000,1,1,0,双开,B,5361.2000,5361.0000,5360.6000,5360.4000,5360.2000,5362.4000,5362.8000,5363.2000,5363.6000,5364.0000,2,10,3,1,1,1,1,1,1,1
SF,IC2003,2020-01-03 14:34:38.400,5361.0000,53956,0,11365253600.000,0,-,-,-,-,5361.2000,5361.0000,5360.6000,5360.4000,5360.2000,5362.8000,5363.2000,5363.6000,5364.0000,5364.4000,3,10,3,1,2,1,1,1,1,1
SF,IC2003,2020-01-03 14:34:38.900,5361.0000,53956,0,11365253600.000,0,-,-,-,-,5361.4000,5361.2000,5361.0000,5360.6000,5360.4000,5362.8000,5363.2000,5363.6000,5364.0000,5364.4000,1,3,10,3,1,1,1,1,1,1
SF,IC2003,2020-01-03 14:34:39.400,5361.0000,53956,0,11365253600.000,0,-,-,-,-,5361.4000,5361.2000,5361.0000,5360.6000,5360.4000,5363.2000,5363.6000,5364.0000,5364.4000,5366.4000,1,3,10,3,1,1,1,1,1,7
SF,IC2003,2020-01-03 14:34:39.900,5361.0000,53956,0,11365253600.000,0,-,-,-,-,5361.6000,5361.4000,5361.2000,5361.0000,5360.6000,5362.8000,5363.2000,5363.6000,5364.0000,5364.4000,1,1,2,10,3,1,1,1,1,1
SF,IC2003,2020-01-03 14:34:40.400,5362.4000,53958,2,11369543760.000,4,3,1,多开,B,5361.6000,5361.4000,5361.2000,5361.0000,5360.6000,5363.6000,5364.0000,5364.4000,5366.4000,5368.2000,1,1,2,10,1,1,1,1,7,2
SF,IC2003,2020-01-03 14:34:40.900,5362.4000,53958,0,11369543760.000,0,-,-,-,-,5361.8000,5361.6000,5361.4000,5361.2000,5361.0000,5363.4000,5363.6000,5364.0000,5364.4000,5366.4000,1,1,1,2,10,1,1,1,1,7
SF,IC2003,2020-01-03 14:34:41.400,5362.4000,53958,0,11369543760.000,0,-,-,-,-,5362.2000,5362.0000,5361.8000,5361.6000,5361.2000,5363.6000,5364.0000,5364.4000,5366.4000,5368.2000,1,1,2,1,2,1,1,1,7,2
SF,IC2003,2020-01-03 14:34:41.900,5362.4000,53958,0,11369543760.000,0,-,-,-,-,5362.2000,5362.0000,5361.8000,5361.6000,5361.2000,5363.6000,5364.0000,5364.4000,5366.4000,5368.2000,1,1,1,1,2,1,1,1,7,2
SF,IC2003,2020-01-03 14:34:42.400,5362.4000,53958,0,11369543760.000,0,-,-,-,-,5362.2000,5361.8000,5361.6000,5361.2000,5361.0000,5363.6000,5364.0000,5364.4000,5366.4000,5368.2000,1,1,1,2,18,1,1,1,7,2
SF,IC2003,2020-01-03 14:34:43.400,5362.4000,53958,0,11369543760.000,0,-,-,-,-,5362.4000,5362.2000,5361.8000,5361.2000,5361.0000,5363.6000,5364.0000,5364.4000,5366.4000,5368.2000,1,1,1,2,18,1,1,1,7,2
SF,IC2003,2020-01-03 14:34:43.900,5362.4000,53958,0,11369543760.000,0,-,-,-,-,5362.4000,5362.2000,5361.8000,5361.2000,5361.0000,5363.6000,5364.0000,5364.4000,5366.4000,5368.2000,1,1,1,2,18,1,1,1,3,2
SF,IC2003,2020-01-03 14:34:44.400,5362.4000,53958,0,11370616240.000,1,0,1,空换,B,5362.2000,5361.8000,5361.2000,5361.0000,5360.6000,5363.6000,5364.0000,5364.4000,5366.4000,5368.2000,1,1,2,18,1,1,1,1,3,2
SF,IC2003,2020-01-03 14:34:44.900,5362.4000,53958,0,11370616240.000,0,-,-,-,-,5362.2000,5361.8000,5361.2000,5361.0000,5360.6000,5363.6000,5364.0000,5364.4000,5366.4000,5368.2000,1,1,2,18,1,1,1,1,3,2
SF,IC2003,2020-01-03 14:34:45.400,5362.4000,53958,0,11370616240.000,0,-,-,-,-,5362.2000,5361.8000,5361.2000,5361.0000,5360.4000,5363.6000,5364.0000,5364.4000,5366.4000,5368.2000,1,1,2,18,1,1,1,1,3,2
SF,IC2003,2020-01-03 14:34:45.900,5362.2000,53959,1,11371688680.000,1,1,0,双开,B,5361.8000,5361.2000,5361.0000,5360.4000,5360.2000,5362.2000,5363.6000,5364.0000,5364.4000,5366.4000,1,2,18,1,2,2,1,1,1,3
SF,IC2003,2020-01-03 14:34:46.400,5362.2000,53960,1,11374906000.000,3,2,1,多开,B,5362.2000,5361.8000,5361.2000,5361.0000,5360.6000,5363.6000,5364.0000,5364.4000,5366.4000,5368.2000,1,1,2,18,1,1,1,1,3,2
SF,IC2003,2020-01-03 14:34:46.900,5362.2000,53960,0,11374906000.000,0,-,-,-,-,5362.2000,5361.8000,5361.2000,5361.0000,5360.6000,5363.6000,5364.0000,5364.4000,5366.4000,5368.2000,1,1,2,18,1,1,1,1,3,2
SF,IC2003,2020-01-03 14:34:47.400,5362.2000,53960,0,11374906000.000,0,-,-,-,-,5362.2000,5361.8000,5361.2000,5361.0000,5360.6000,5363.6000,5364.0000,5364.4000,5366.4000,5368.2000,1,1,2,19,1,1,1,1,3,2
SF,IC2003,2020-01-03 14:34:47.900,5362.2000,53960,0,11374906000.000,0,-,-,-,-,5362.2000,5361.8000,5361.2000,5361.0000,5360.6000,5363.6000,5364.0000,5364.4000,5366.4000,5368.2000,2,1,2,19,1,1,1,1,3,2
SF,IC2003,2020-01-03 14:34:48.400,5362.2000,53960,0,11374906000.000,0,-,-,-,-,5362.6000,5362.2000,5362.0000,5361.8000,5361.2000,5363.6000,5364.0000,5364.4000,5366.4000,5368.2000,1,2,1,1,2,1,1,1,3,2
SF,IC2003,2020-01-03 14:34:49.400,5362.2000,53960,0,11374906000.000,0,-,-,-,-,5362.6000,5362.2000,5362.0000,5361.8000,5361.2000,5363.0000,5363.6000,5364.0000,5364.4000,5366.4000,1,2,1,1,2,4,1,1,1,3
SF,IC2003,2020-01-03 14:34:49.900,5363.0000,53958,-2,11378123800.000,3,0,3,空平,B,5362.8000,5362.6000,5362.2000,5362.0000,5361.8000,5363.0000,5364.0000,5364.4000,5366.4000,5368.2000,1,1,1,1,1,1,1,1,3,2
SF,IC2003,2020-01-03 14:34:50.400,5363.0000,53957,-1,11379196400.000,1,0,1,双平,B,5363.0000,5362.8000,5362.6000,5362.2000,5362.0000,5364.0000,5364.4000,5366.4000,5368.2000,5369.0000,2,1,1,1,1,1,1,3,2,2
SF,IC2003,2020-01-03 14:34:51.400,5363.0000,53957,0,11379196400.000,0,-,-,-,-,5363.0000,5362.8000,5362.6000,5362.2000,5362.0000,5363.6000,5364.0000,5364.4000,5366.4000,5368.2000,2,1,1,1,1,1,1,1,3,2
SF,IC2003,2020-01-03 14:34:51.900,5363.0000,53958,1,11381341600.000,2,1,1,多开,B,5362.8000,5362.2000,5362.0000,5361.2000,5361.0000,5363.0000,5363.6000,5364.0000,5364.4000,5366.4000,1,1,1,2,19,1,1,1,1,2
SF,IC2003,2020-01-03 14:34:53.400,5363.0000,53958,0,11381341600.000,0,-,-,-,-,5362.8000,5362.2000,5362.0000,5361.2000,5361.0000,5363.0000,5363.6000,5364.0000,5364.4000,5366.4000,1,1,1,2,19,1,1,1,1,2
SF,IC2003,2020-01-03 14:34:53.900,5363.0000,53959,1,11382414200.000,1,1,0,双开,B,5362.8000,5362.2000,5362.0000,5361.2000,5361.0000,5363.6000,5364.0000,5364.4000,5366.4000,5368.2000,1,1,1,2,19,1,1,1,2,2
SF,IC2003,2020-01-03 14:34:55.400,5363.0000,53959,0,11382414200.000,0,-,-,-,-,5362.8000,5362.2000,5362.0000,5361.2000,5361.0000,5363.6000,5364.0000,5364.4000,5366.4000,5368.2000,1,1,1,2,19,1,2,1,2,2
SF,IC2003,2020-01-03 14:34:56.400,5362.8000,53961,2,11384559480.000,2,2,0,双开,B,5362.2000,5362.0000,5361.2000,5361.0000,5360.6000,5364.0000,5364.4000,5366.4000,5368.2000,5369.0000,1,1,2,19,1,2,1,2,2,2
SF,IC2003,2020-01-03 14:34:56.900,5362.8000,53961,0,11384559480.000,0,-,-,-,-,5363.4000,5362.6000,5362.4000,5362.2000,5362.0000,5364.0000,5364.4000,5366.4000,5368.2000,5369.0000,2,2,9,5,1,2,1,2,2,2
SF,IC2003,2020-01-03 14:34:57.400,5364.0000,53960,-1,11386705080.000,2,0,2,空平,B,5362.6000,5362.4000,5362.2000,5362.0000,5361.2000,5364.4000,5366.4000,5368.2000,5369.0000,5370.0000,1,8,5,1,2,1,2,2,2,4
SF,IC2003,2020-01-03 14:34:57.900,5364.4000,53960,0,11387777960.000,1,0,1,空换,B,5364.0000,5363.8000,5363.0000,5362.8000,5362.6000,5366.4000,5368.2000,5369.0000,5370.0000,5370.4000,2,2,1,9,1,2,2,2,4,2
SF,IC2003,2020-01-03 14:34:58.400,5364.4000,53960,0,11387777960.000,0,-,-,-,-,5362.8000,5362.6000,5362.2000,5362.0000,5361.2000,5365.4000,5366.0000,5366.2000,5366.4000,5368.2000,9,1,1,1,2,1,2,1,2,2
SF,IC2003,2020-01-03 14:34:58.900,5364.4000,53960,0,11387777960.000,0,-,-,-,-,5364.4000,5364.0000,5363.2000,5363.0000,5362.8000,5365.4000,5366.0000,5366.2000,5366.4000,5368.2000,1,1,1,3,1,1,1,1,2,2
SF,IC2003,2020-01-03 14:34:59.400,5364.4000,53960,0,11387777960.000,0,-,-,-,-,5364.4000,5364.0000,5363.2000,5363.0000,5362.8000,5365.2000,5365.4000,5366.0000,5366.2000,5366.4000,1,1,1,3,1,1,1,1,1,2
SF,IC2003,2020-01-03 14:34:59.900,5365.2000,53958,-2,11389923880.000,2,0,2,双平,B,5364.0000,5363.2000,5363.0000,5362.8000,5362.6000,5365.4000,5366.0000,5366.2000,5366.4000,5368.2000,1,1,3,1,1,1,1,1,2,2
SF,IC2003,2020-01-03 14:35:00.400,5365.2000,53958,0,11389923880.000,0,-,-,-,-,5364.0000,5363.2000,5363.0000,5362.8000,5362.6000,5365.4000,5366.2000,5366.4000,5368.2000,5369.0000,1,1,3,1,1,1,1,2,2,2
SF,IC2003,2020-01-03 14:35:00.900,5364.0000,53958,0,11390996680.000,1,0,1,空换,B,5363.2000,5363.0000,5362.8000,5362.6000,5362.2000,5365.4000,5366.2000,5366.4000,5368.2000,5369.0000,1,3,1,1,1,1,1,2,2,2
SF,IC2003,2020-01-03 14:35:01.400,5364.0000,53958,0,11390996680.000,0,-,-,-,-,5363.6000,5363.2000,5363.0000,5362.8000,5362.6000,5365.4000,5366.2000,5366.4000,5368.2000,5369.0000,1,1,1,1,1,1,1,2,2,2
SF,IC2003,2020-01-03 14:35:01.900,5364.0000,53958,0,11390996680.000,0,-,-,-,-,5363.2000,5363.0000,5362.8000,5362.6000,5362.2000,5365.0000,5365.2000,5365.4000,5366.2000,5366.4000,1,1,1,1,1,1,1,1,1,2
SF,IC2003,2020-01-03 14:35:02.400,5364.0000,53958,0,11390996680.000,0,-,-,-,-,5363.2000,5362.8000,5362.6000,5362.2000,5362.0000,5365.0000,5365.2000,5365.4000,5366.4000,5368.2000,1,1,1,1,1,2,2,1,2,2
SF,IC2003,2020-01-03 14:35:02.900,5364.0000,53958,0,11390996680.000,0,-,-,-,-,5363.6000,5363.2000,5362.6000,5362.2000,5362.0000,5365.0000,5365.2000,5365.4000,5366.4000,5368.2000,1,1,1,1,1,1,2,1,2,2
SF,IC2003,2020-01-03 14:35:03.400,5364.0000,53958,0,11390996680.000,0,-,-,-,-,5363.2000,5362.6000,5362.2000,5362.0000,5361.0000,5365.0000,5365.2000,5365.4000,5365.8000,5366.4000,1,1,1,1,19,1,2,1,1,2
SF,IC2003,2020-01-03 14:35:03.900,5364.0000,53958,0,11390996680.000,0,-,-,-,-,5362.2000,5362.0000,5361.0000,5360.6000,5360.4000,5364.6000,5365.0000,5365.2000,5365.8000,5366.4000,1,1,19,1,1,2,1,2,1,2
SF,IC2003,2020-01-03 14:35:04.400,5364.0000,53958,0,11390996680.000,0,-,-,-,-,5362.6000,5362.2000,5362.0000,5361.0000,5360.6000,5364.6000,5365.0000,5365.2000,5365.8000,5366.4000,1,1,1,19,1,1,1,2,1,2
SF,IC2003,2020-01-03 14:35:04.900,5364.0000,53958,0,11390996680.000,0,-,-,-,-,5362.8000,5362.2000,5362.0000,5361.0000,5360.6000,5364.6000,5365.0000,5365.2000,5365.8000,5366.4000,1,1,1,19,1,1,1,2,1,2
SF,IC2003,2020-01-03 14:35:05.400,5364.0000,53958,0,11390996680.000,0,-,-,-,-,5363.2000,5362.2000,5362.0000,5361.0000,5360.6000,5364.6000,5365.0000,5365.2000,5365.8000,5366.4000,1,1,1,19,1,1,1,2,1,2
SF,IC2003,2020-01-03 14:35:05.900,5364.0000,53958,0,11390996680.000,0,-,-,-,-,5362.2000,5362.0000,5361.2000,5361.0000,5360.6000,5364.6000,5365.0000,5365.2000,5365.8000,5366.4000,1,1,1,19,1,1,1,2,1,2
SF,IC2003,2020-01-03 14:35:06.400,5364.0000,53958,0,11390996680.000,0,-,-,-,-,5362.6000,5362.4000,5362.2000,5362.0000,5361.2000,5364.6000,5365.0000,5365.2000,5365.8000,5366.4000,1,1,1,1,1,1,1,2,1,2
SF,IC2003,2020-01-03 14:35:06.900,5364.0000,53958,0,11390996680.000,0,-,-,-,-,5362.8000,5362.4000,5362.2000,5362.0000,5361.2000,5364.4000,5364.6000,5365.0000,5365.2000,5365.8000,1,1,1,1,1,1,1,1,1,1
SF,IC2003,2020-01-03 14:35:07.400,5364.0000,53958,0,11390996680.000,0,-,-,-,-,5362.4000,5362.2000,5362.0000,5361.2000,5361.0000,5364.4000,5364.6000,5365.0000,5365.2000,5365.8000,1,1,1,1,19,1,1,1,1,1
SF,IC2003,2020-01-03 14:35:07.900,5364.0000,53958,0,11390996680.000,0,-,-,-,-,5362.6000,5362.4000,5362.2000,5362.0000,5361.2000,5364.4000,5364.6000,5365.0000,5365.2000,5365.8000,1,1,1,1,1,1,1,1,1,1
SF,IC2003,2020-01-03 14:35:08.400,5364.0000,53958,0,11390996680.000,0,-,-,-,-,5363.0000,5362.4000,5362.2000,5362.0000,5361.2000,5364.4000,5364.6000,5365.0000,5365.2000,5366.4000,1,1,1,1,1,1,1,1,1,2
SF,IC2003,2020-01-03 14:35:08.900,5364.0000,53958,0,11390996680.000,0,-,-,-,-,5362.4000,5362.2000,5362.0000,5361.2000,5361.0000,5364.4000,5364.6000,5365.0000,5365.2000,5366.4000,1,1,1,1,19,1,1,1,1,2
SF,IC2003,2020-01-03 14:35:09.400,5364.0000,53958,0,11390996680.000,0,-,-,-,-,5362.6000,5362.4000,5362.2000,5362.0000,5361.2000,5364.6000,5365.0000,5365.2000,5366.4000,5368.2000,11,5,1,1,1,1,1,1,2,2
SF,IC2003,2020-01-03 14:35:09.900,5364.0000,53958,0,11390996680.000,0,-,-,-,-,5362.8000,5362.6000,5362.4000,5362.2000,5362.0000,5364.6000,5365.0000,5365.2000,5366.4000,5368.2000,2,10,3,1,1,1,1,1,2,2
SF,IC2003,2020-01-03 14:35:10.400,5364.0000,53958,0,11390996680.000,0,-,-,-,-,5363.2000,5363.0000,5362.8000,5362.6000,5362.4000,5364.6000,5365.0000,5365.2000,5366.4000,5368.2000,1,1,2,10,3,1,1,1,2,2
SF,IC2003,2020-01-03 14:35:10.900,5364.0000,53958,0,11390996680.000,0,-,-,-,-,5363.0000,5362.8000,5362.6000,5362.4000,5362.2000,5364.6000,5365.2000,5366.4000,5368.2000,5369.0000,1,2,10,3,1,1,1,2,2,2
SF,IC2003,2020-01-03 14:35:11.400,5364.0000,53958,0,11390996680.000,0,-,-,-,-,5363.0000,5362.8000,5362.6000,5362.4000,5362.2000,5364.6000,5365.2000,5366.4000,5368.2000,5369.0000,1,2,10,1,1,1,1,2,2,2
SF,IC2003,2020-01-03 14:35:11.900,5364.0000,53958,0,11390996680.000,0,-,-,-,-,5363.2000,5363.0000,5362.8000,5362.6000,5362.2000,5364.4000,5365.2000,5366.4000,5368.2000,5369.0000,1,3,4,10,1,2,1,2,2,2
SF,IC2003,2020-01-03 14:35:12.400,5364.0000,53958,0,11390996680.000,0,-,-,-,-,5363.2000,5363.0000,5362.8000,5362.6000,5362.2000,5364.4000,5365.2000,5366.4000,5368.2000,5369.0000,2,1,3,10,1,2,1,2,2,2
SF,IC2003,2020-01-03 14:35:12.900,5364.4000,53958,0,11392069560.000,1,0,1,空换,B,5363.4000,5363.2000,5363.0000,5362.8000,5362.6000,5364.4000,5365.2000,5366.4000,5368.2000,5369.0000,1,4,1,3,10,1,1,2,2,2
SF,IC2003,2020-01-03 14:35:13.900,5364.4000,53958,0,11392069560.000,0,-,-,-,-,5363.4000,5363.2000,5363.0000,5362.8000,5362.6000,5364.4000,5365.2000,5366.4000,5368.2000,5369.0000,1,3,1,3,10,1,1,2,2,2
SF,IC2003,2020-01-03 14:35:14.400,5363.4000,53958,0,11393142240.000,1,0,1,空换,B,5363.2000,5363.0000,5362.8000,5362.6000,5362.2000,5364.4000,5364.6000,5365.2000,5366.4000,5368.2000,1,1,3,10,1,1,1,1,2,2
SF,IC2003,2020-01-03 14:35:14.900,5364.4000,53959,1,11394215120.000,1,1,0,双开,B,5363.2000,5363.0000,5362.8000,5362.6000,5362.2000,5364.6000,5365.2000,5366.4000,5368.2000,5369.0000,1,1,3,10,1,1,1,2,2,2
SF,IC2003,2020-01-03 14:35:15.400,5363.2000,53958,-1,11395287760.000,1,0,1,双平,B,5363.4000,5363.0000,5362.8000,5362.6000,5362.2000,5364.6000,5365.2000,5366.4000,5368.2000,5369.0000,1,1,2,10,1,1,1,2,2,2
SF,IC2003,2020-01-03 14:35:15.900,5363.2000,53958,0,11395287760.000,0,-,-,-,-,5363.4000,5363.0000,5362.8000,5362.6000,5362.2000,5364.6000,5365.2000,5366.4000,5368.2000,5369.0000,1,1,2,11,1,1,1,2,2,2
SF,IC2003,2020-01-03 14:35:16.900,5363.2000,53958,0,11395287760.000,0,-,-,-,-,5363.4000,5363.0000,5362.8000,5362.6000,5362.0000,5364.6000,5365.2000,5366.4000,5368.2000,5369.0000,1,1,2,11,1,1,1,2,2,2
SF,IC2003,2020-01-03 14:35:18.400,5363.2000,53957,-1,11396360400.000,1,0,1,双平,B,5363.0000,5362.8000,5362.6000,5362.0000,5361.2000,5363.2000,5364.6000,5365.2000,5366.4000,5368.2000,1,2,11,1,1,1,1,1,2,2
SF,IC2003,2020-01-03 14:35:18.900,5363.2000,53957,0,11397433040.000,1,0,1,空换,B,5363.4000,5363.2000,5362.6000,5362.0000,5361.2000,5364.6000,5365.2000,5366.4000,5368.2000,5369.0000,2,5,11,1,1,1,1,2,2,2
SF,IC2003,2020-01-03 14:35:19.400,5363.2000,53957,0,11397433040.000,0,-,-,-,-,5363.4000,5363.2000,5362.6000,5362.0000,5361.2000,5364.6000,5365.2000,5366.4000,5368.2000,5369.0000,1,1,11,1,1,1,1,2,2,2
SF,IC2003,2020-01-03 14:35:19.900,5363.2000,53957,0,11397433040.000,0,-,-,-,-,5363.6000,5363.4000,5363.2000,5362.6000,5362.0000,5364.4000,5364.6000,5365.2000,5366.4000,5368.2000,1,1,1,11,1,1,1,1,2,2
SF,IC2003,2020-01-03 14:35:20.400,5363.2000,53956,-1,11398505680.000,1,0,1,双平,B,5363.4000,5363.2000,5362.6000,5362.0000,5361.2000,5364.4000,5364.6000,5365.2000,5366.4000,5368.2000,1,1,10,1,1,1,1,1,2,2
SF,IC2003,2020-01-03 14:35:20.900,5363.2000,53956,0,11398505680.000,0,-,-,-,-,5363.4000,5362.6000,5362.0000,5361.2000,5361.0000,5364.4000,5364.6000,5365.2000,5366.4000,5368.2000,1,10,1,1,19,1,1,1,2,2
SF,IC2003,2020-01-03 14:35:21.400,5363.2000,53956,0,11398505680.000,0,-,-,-,-,5363.4000,5362.6000,5362.0000,5361.2000,5361.0000,5364.4000,5364.6000,5365.2000,5366.4000,5368.2000,1,10,1,1,19,1,1,1,2,2
SF,IC2003,2020-01-03 14:35:23.900,5363.4000,53955,-1,11399578360.000,1,0,1,双平,B,5362.6000,5362.0000,5361.2000,5361.0000,5360.6000,5364.4000,5364.6000,5365.2000,5366.4000,5368.2000,10,1,1,19,1,1,1,1,2,2
SF,IC2003,2020-01-03 14:35:24.400,5363.4000,53955,0,11399578360.000,0,-,-,-,-,5363.0000,5362.6000,5362.0000,5361.2000,5361.0000,5364.2000,5364.4000,5364.6000,5365.2000,5366.4000,1,10,1,1,19,1,1,1,1,2
SF,IC2003,2020-01-03 14:35:24.900,5363.4000,53955,0,11399578360.000,0,-,-,-,-,5363.2000,5362.6000,5362.0000,5361.2000,5361.0000,5364.2000,5364.4000,5364.6000,5365.2000,5366.4000,2,10,1,1,19,1,1,1,1,2
SF,IC2003,2020-01-03 14:35:25.400,5363.4000,53955,0,11399578360.000,0,-,-,-,-,5362.6000,5362.0000,5361.2000,5361.0000,5360.6000,5364.2000,5364.4000,5364.6000,5365.2000,5366.4000,10,1,1,19,1,1,1,1,1,2
SF,IC2003,2020-01-03 14:35:25.900,5363.4000,53955,0,11399578360.000,0,-,-,-,-,5362.8000,5362.6000,5362.4000,5362.0000,5361.2000,5364.0000,5364.2000,5364.4000,5364.6000,5365.2000,2,10,2,1,1,2,1,1,1,1
SF,IC2003,2020-01-03 14:35:26.400,5363.4000,53955,0,11399578360.000,0,-,-,-,-,5363.0000,5362.8000,5362.6000,5362.4000,5362.0000,5364.0000,5364.2000,5364.4000,5364.6000,5365.2000,2,2,10,2,1,2,2,1,1,1
SF,IC2003,2020-01-03 14:35:27.400,5363.4000,53955,0,11399578360.000,0,-,-,-,-,5363.0000,5362.8000,5362.6000,5362.0000,5361.2000,5364.0000,5364.2000,5364.4000,5364.6000,5365.2000,2,2,10,1,1,2,2,1,1,1
SF,IC2003,2020-01-03 14:35:28.400,5363.4000,53955,0,11399578360.000,0,-,-,-,-,5363.2000,5363.0000,5362.8000,5362.6000,5362.0000,5363.8000,5364.0000,5364.2000,5364.4000,5364.6000,1,2,2,10,1,1,2,1,1,1
SF,IC2003,2020-01-03 14:35:28.900,5363.4000,53955,0,11399578360.000,0,-,-,-,-,5363.2000,5363.0000,5362.6000,5362.0000,5361.2000,5363.8000,5364.0000,5364.2000,5364.6000,5365.2000,1,1,10,1,1,1,2,1,1,1
SF,IC2003,2020-01-03 14:35:30.400,5363.8000,53955,0,11400651120.000,1,0,1,空换,B,5363.2000,5363.0000,5362.6000,5362.0000,5361.2000,5364.0000,5364.2000,5364.6000,5365.2000,5366.2000,1,1,10,1,1,2,1,1,1,1
SF,IC2003,2020-01-03 14:35:30.900,5363.8000,53955,0,11400651120.000,0,-,-,-,-,5363.2000,5363.0000,5362.6000,5362.0000,5361.2000,5364.0000,5364.2000,5364.6000,5365.2000,5366.2000,1,1,2,1,1,2,1,1,1,1
SF,IC2003,2020-01-03 14:35:31.900,5363.8000,53955,0,11400651120.000,0,-,-,-,-,5363.2000,5363.0000,5362.6000,5362.0000,5361.4000,5364.0000,5364.2000,5364.6000,5365.2000,5366.2000,1,1,2,1,1,2,1,1,1,1
SF,IC2003,2020-01-03 14:35:34.400,5363.8000,53955,0,11400651120.000,0,-,-,-,-,5363.2000,5363.0000,5362.6000,5362.0000,5361.4000,5364.0000,5364.2000,5364.6000,5365.2000,5366.2000,1,1,2,2,1,2,1,1,1,1
SF,IC2003,2020-01-03 14:35:35.400,5363.0000,53956,1,11402796360.000,2,1,1,多开,B,5362.6000,5362.0000,5361.4000,5361.2000,5361.0000,5363.2000,5363.6000,5364.0000,5364.2000,5364.6000,2,2,1,1,19,3,1,2,1,1
SF,IC2003,2020-01-03 14:35:35.900,5363.2000,53957,1,11403869000.000,1,1,0,双开,B,5362.6000,5362.0000,5361.4000,5361.2000,5361.0000,5363.6000,5364.0000,5364.2000,5364.6000,5365.2000,2,2,1,1,19,1,2,1,1,1
SF,IC2003,2020-01-03 14:35:36.400,5362.6000,53959,2,11406014040.000,2,2,0,双开,B,5362.0000,5361.4000,5361.2000,5361.0000,5360.6000,5363.4000,5363.6000,5364.2000,5364.6000,5365.2000,2,1,1,19,1,3,1,1,1,1
SF,IC2003,2020-01-03 14:35:36.900,5362.6000,53959,0,11406014040.000,0,-,-,-,-,5362.2000,5362.0000,5361.4000,5361.2000,5361.0000,5363.4000,5363.6000,5364.2000,5364.6000,5365.2000,2,2,1,1,19,3,1,1,1,1
SF,IC2003,2020-01-03 14:35:37.400,5362.6000,53959,0,11406014040.000,0,-,-,-,-,5362.2000,5362.0000,5361.4000,5361.2000,5361.0000,5363.2000,5363.4000,5363.6000,5364.2000,5364.6000,2,2,1,1,19,2,3,1,1,1
SF,IC2003,2020-01-03 14:35:37.900,5363.2000,53960,1,11407086680.000,1,1,0,双开,B,5362.0000,5361.4000,5361.2000,5361.0000,5360.6000,5363.2000,5363.4000,5363.6000,5364.2000,5364.6000,2,1,1,19,1,1,3,1,1,1
SF,IC2003,2020-01-03 14:35:38.400,5363.2000,53960,0,11407086680.000,0,-,-,-,-,5362.0000,5361.4000,5361.2000,5361.0000,5360.6000,5363.0000,5363.2000,5363.4000,5363.6000,5363.8000,2,1,1,19,1,2,1,2,1,2
SF,IC2003,2020-01-03 14:35:38.900,5362.0000,53962,2,11409231480.000,2,2,0,双开,B,5361.4000,5361.2000,5361.0000,5360.6000,5360.4000,5363.0000,5363.2000,5363.4000,5363.6000,5363.8000,1,1,19,1,1,2,1,2,1,2
SF,IC2003,2020-01-03 14:35:39.400,5362.0000,53962,0,11409231480.000,0,-,-,-,-,5361.6000,5361.4000,5361.2000,5361.0000,5360.6000,5363.2000,5363.4000,5363.6000,5363.8000,5364.2000,11,2,1,19,1,1,1,1,2,1
SF,IC2003,2020-01-03 14:35:39.900,5362.0000,53962,0,11409231480.000,0,-,-,-,-,5361.6000,5361.4000,5361.2000,5361.0000,5360.6000,5363.0000,5363.2000,5363.4000,5363.8000,5364.2000,11,2,1,19,1,1,1,1,2,1
SF,IC2003,2020-01-03 14:35:40.400,5362.0000,53962,0,11409231480.000,0,-,-,-,-,5361.8000,5361.6000,5361.4000,5361.2000,5361.0000,5363.0000,5363.2000,5363.4000,5363.8000,5364.2000,8,4,2,1,19,1,1,1,2,1
SF,IC2003,2020-01-03 14:35:40.900,5363.0000,53962,0,11410304080.000,1,0,1,空换,B,5362.2000,5362.0000,5361.8000,5361.6000,5361.4000,5363.2000,5363.4000,5363.8000,5364.2000,5364.6000,1,3,8,1,1,1,1,2,1,1
SF,IC2003,2020-01-03 14:35:41.400,5363.0000,53962,0,11410304080.000,0,-,-,-,-,5362.4000,5362.2000,5362.0000,5361.8000,5361.6000,5363.2000,5363.4000,5363.8000,5364.2000,5364.6000,2,1,1,8,1,1,1,2,1,1
SF,IC2003,2020-01-03 14:35:42.400,5363.0000,53962,0,11410304080.000,0,-,-,-,-,5362.4000,5362.2000,5362.0000,5361.8000,5361.6000,5363.2000,5363.4000,5363.8000,5364.2000,5364.6000,2,1,1,9,1,1,1,2,1,1
SF,IC2003,2020-01-03 14:35:42.900,5363.0000,53962,0,11410304080.000,0,-,-,-,-,5362.2000,5361.8000,5361.4000,5361.0000,5360.6000,5363.0000,5363.2000,5363.4000,5363.8000,5364.2000,1,1,1,19,1,2,1,1,2,1
SF,IC2003,2020-01-03 14:35:43.400,5363.0000,53962,0,11410304080.000,0,-,-,-,-,5361.4000,5361.0000,5360.6000,5360.4000,5360.2000,5363.0000,5363.2000,5363.4000,5363.8000,5364.2000,1,19,1,1,2,2,1,1,2,1
SF,IC2003,2020-01-03 14:35:43.900,5361.6000,53963,1,11411376400.000,1,1,0,双开,B,5361.6000,5361.4000,5361.2000,5361.0000,5360.6000,5363.0000,5363.2000,5363.4000,5363.8000,5364.2000,1,1,1,19,1,2,1,1,2,1
SF,IC2003,2020-01-03 14:35:46.400,5361.6000,53963,0,11411376400.000,0,-,-,-,-,5361.8000,5361.6000,5361.4000,5361.2000,5361.0000,5363.0000,5363.2000,5363.4000,5363.8000,5364.2000,1,1,1,1,19,4,1,1,2,1
SF,IC2003,2020-01-03 14:35:48.900,5361.6000,53963,0,11411376400.000,0,-,-,-,-,5361.8000,5361.6000,5361.4000,5361.2000,5361.0000,5363.0000,5363.2000,5363.4000,5363.8000,5364.2000,1,1,1,1,19,4,1,1,2,1
SF,IC2003,2020-01-03 14:35:49.900,5361.6000,53963,0,11411376400.000,0,-,-,-,-,5361.8000,5361.6000,5361.4000,5361.0000,5360.6000,5362.8000,5363.0000,5363.2000,5363.4000,5363.8000,1,1,1,19,1,1,4,1,1,2
SF,IC2003,2020-01-03 14:35:50.400,5361.8000,53964,1,11412448760.000,1,1,0,双开,B,5361.4000,5361.0000,5360.6000,5360.4000,5360.2000,5362.6000,5362.8000,5363.0000,5363.2000,5363.4000,1,19,1,1,2,2,1,3,1,1
SF,IC2003,2020-01-03 14:35:50.900,5361.4000,53964,0,11413521040.000,1,0,1,空换,B,5361.0000,5360.6000,5360.4000,5360.2000,5360.0000,5361.4000,5362.4000,5362.6000,5362.8000,5363.0000,19,1,1,2,3,2,1,2,1,3
SF,IC2003,2020-01-03 14:35:52.400,5361.4000,53964,0,11413521040.000,0,-,-,-,-,5361.0000,5360.6000,5360.4000,5360.2000,5360.0000,5361.4000,5362.6000,5362.8000,5363.0000,5363.2000,19,1,1,2,3,2,2,1,3,1
SF,IC2003,2020-01-03 14:35:52.900,5361.4000,53964,0,11415665600.000,2,1,1,空换,B,5361.0000,5360.6000,5360.4000,5360.2000,5360.0000,5362.6000,5362.8000,5363.0000,5363.2000,5363.4000,19,1,1,2,3,2,1,3,1,1
SF,IC2003,2020-01-03 14:35:53.400,5361.4000,53964,0,11415665600.000,0,-,-,-,-,5361.2000,5361.0000,5360.6000,5360.4000,5360.2000,5362.6000,5362.8000,5363.0000,5363.2000,5363.4000,2,19,1,1,2,2,1,3,1,1
SF,IC2003,2020-01-03 14:35:54.400,5361.2000,53965,1,11416737840.000,1,1,0,双开,B,5361.2000,5361.0000,5360.6000,5360.4000,5360.2000,5362.6000,5362.8000,5363.0000,5363.2000,5363.4000,1,19,1,1,2,2,1,3,1,1
SF,IC2003,2020-01-03 14:35:54.900,5361.2000,53965,0,11417810080.000,1,0,1,空换,B,5361.0000,5360.6000,5360.4000,5360.2000,5360.0000,5362.6000,5362.8000,5363.0000,5363.2000,5363.4000,19,1,1,2,3,2,1,3,1,1
SF,IC2003,2020-01-03 14:35:55.400,5361.2000,53965,0,11417810080.000,0,-,-,-,-,5361.2000,5361.0000,5360.6000,5360.4000,5360.2000,5362.6000,5362.8000,5363.0000,5363.2000,5363.4000,10,21,1,1,2,2,1,3,1,1
SF,IC2003,2020-01-03 14:35:55.900,5361.2000,53965,0,11417810080.000,0,-,-,-,-,5361.2000,5361.0000,5360.6000,5360.4000,5360.2000,5362.4000,5362.6000,5362.8000,5363.0000,5363.2000,2,19,1,1,2,1,2,1,3,1
SF,IC2003,2020-01-03 14:35:56.400,5361.2000,53965,0,11417810080.000,0,-,-,-,-,5361.4000,5361.2000,5361.0000,5360.6000,5360.4000,5362.4000,5362.6000,5362.8000,5363.0000,5363.2000,11,2,19,1,1,1,2,1,3,1
SF,IC2003,2020-01-03 14:35:56.900,5361.2000,53965,0,11417810080.000,0,-,-,-,-,5361.2000,5361.0000,5360.6000,5360.4000,5360.2000,5362.4000,5362.6000,5362.8000,5363.0000,5363.2000,2,19,1,1,2,1,2,1,3,1
SF,IC2003,2020-01-03 14:35:57.400,5361.2000,53964,-1,11418882320.000,1,0,1,双平,B,5361.2000,5361.0000,5360.6000,5360.4000,5360.2000,5362.4000,5362.6000,5362.8000,5363.0000,5363.2000,1,19,1,1,2,1,2,1,3,1
SF,IC2003,2020-01-03 14:35:57.900,5361.2000,53964,0,11418882320.000,0,-,-,-,-,5361.2000,5361.0000,5360.6000,5360.4000,5360.2000,5362.2000,5362.4000,5362.8000,5363.0000,5363.2000,1,19,1,1,2,2,1,1,3,1
SF,IC2003,2020-01-03 14:35:58.400,5361.2000,53964,0,11418882320.000,0,-,-,-,-,5361.0000,5360.6000,5360.4000,5360.2000,5360.0000,5362.2000,5362.4000,5362.8000,5363.0000,5363.2000,19,1,1,2,3,2,1,1,3,1
SF,IC2003,2020-01-03 14:35:58.900,5361.2000,53964,0,11418882320.000,0,-,-,-,-,5361.0000,5360.8000,5360.6000,5360.4000,5360.2000,5362.2000,5362.8000,5363.0000,5363.2000,5363.4000,19,1,1,1,2,2,1,3,1,1
SF,IC2003,2020-01-03 14:35:59.400,5362.2000,53965,1,11419954760.000,1,1,0,双开,B,5361.0000,5360.8000,5360.6000,5360.4000,5360.2000,5362.2000,5362.8000,5363.0000,5363.2000,5363.4000,19,1,1,1,2,1,1,3,1,1
SF,IC2003,2020-01-03 14:35:59.900,5362.2000,53965,0,11419954760.000,0,-,-,-,-,5361.0000,5360.6000,5360.4000,5360.2000,5360.0000,5362.2000,5362.8000,5363.0000,5363.2000,5363.4000,19,1,1,2,3,1,1,3,1,1
SF,IC2003,2020-01-03 14:36:00.900,5362.2000,53965,0,11419954760.000,0,-,-,-,-,5361.0000,5360.8000,5360.6000,5360.4000,5360.2000,5362.2000,5362.8000,5363.0000,5363.2000,5363.4000,19,2,3,1,2,1,1,3,1,1
SF,IC2003,2020-01-03 14:36:01.900,5362.2000,53965,0,11419954760.000,0,-,-,-,-,5361.0000,5360.8000,5360.6000,5360.4000,5360.2000,5362.2000,5362.8000,5363.0000,5363.2000,5363.4000,19,2,3,1,2,1,1,3,1,1
SF,IC2003,2020-01-03 14:36:02.400,5362.2000,53966,1,11421027200.000,1,1,0,双开,B,5361.0000,5360.8000,5360.6000,5360.4000,5360.2000,5362.4000,5362.8000,5363.0000,5363.2000,5363.4000,19,2,3,1,2,1,1,3,1,1
SF,IC2003,2020-01-03 14:36:02.900,5362.2000,53966,0,11421027200.000,0,-,-,-,-,5361.2000,5361.0000,5360.8000,5360.6000,5360.4000,5362.2000,5362.4000,5362.8000,5363.0000,5363.2000,2,19,2,3,1,2,1,1,3,1
SF,IC2003,2020-01-03 14:36:03.900,5362.2000,53966,0,11421027200.000,0,-,-,-,-,5361.2000,5361.0000,5360.8000,5360.6000,5360.4000,5361.6000,5362.2000,5362.4000,5362.8000,5363.0000,2,19,2,3,1,1,2,1,1,3
SF,IC2003,2020-01-03 14:36:04.400,5362.2000,53966,0,11421027200.000,0,-,-,-,-,5361.0000,5360.8000,5360.6000,5360.4000,5360.2000,5361.6000,5362.2000,5362.4000,5363.0000,5363.2000,19,2,3,1,2,1,2,1,3,1
SF,IC2003,2020-01-03 14:36:04.900,5361.6000,53965,-1,11422099520.000,1,0,1,双平,B,5361.6000,5361.2000,5361.0000,5360.8000,5360.6000,5362.2000,5362.4000,5363.0000,5363.2000,5363.4000,1,1,19,2,3,2,1,3,1,1
SF,IC2003,2020-01-03 14:36:05.400,5361.6000,53964,-1,11423171840.000,1,0,1,双平,B,5361.2000,5361.0000,5360.6000,5360.4000,5360.2000,5362.2000,5362.4000,5363.0000,5363.2000,5363.4000,1,19,3,1,2,2,1,3,1,1
SF,IC2003,2020-01-03 14:36:05.900,5361.6000,53964,0,11423171840.000,0,-,-,-,-,5361.2000,5361.0000,5360.6000,5360.4000,5360.2000,5362.2000,5362.4000,5362.8000,5363.0000,5363.2000,1,19,3,1,2,2,1,1,3,1
SF,IC2003,2020-01-03 14:36:06.400,5361.6000,53964,0,11423171840.000,0,-,-,-,-,5361.4000,5361.2000,5361.0000,5360.6000,5360.4000,5362.4000,5362.8000,5363.0000,5363.2000,5363.4000,2,1,19,3,1,1,1,3,1,1
SF,IC2003,2020-01-03 14:36:07.900,5361.6000,53964,0,11423171840.000,0,-,-,-,-,5361.4000,5361.2000,5361.0000,5360.6000,5360.4000,5362.4000,5362.8000,5363.0000,5363.2000,5363.4000,2,2,19,3,1,1,1,3,1,1
SF,IC2003,2020-01-03 14:36:08.900,5361.6000,53964,0,11423171840.000,0,-,-,-,-,5361.4000,5361.2000,5361.0000,5360.6000,5360.4000,5362.4000,5363.0000,5363.2000,5363.4000,5363.8000,2,2,19,3,1,1,3,1,1,2
SF,IC2003,2020-01-03 14:36:10.400,5361.6000,53964,0,11423171840.000,0,-,-,-,-,5361.4000,5361.2000,5361.0000,5360.6000,5360.4000,5362.4000,5363.0000,5363.2000,5363.4000,5363.8000,2,2,19,3,1,7,3,1,1,2
SF,IC2003,2020-01-03 14:36:11.400,5361.6000,53964,0,11423171840.000,0,-,-,-,-,5361.4000,5361.2000,5361.0000,5360.6000,5360.4000,5362.4000,5363.0000,5363.2000,5363.4000,5363.8000,2,4,19,3,1,7,3,1,1,2
SF,IC2003,2020-01-03 14:36:11.900,5361.6000,53964,0,11423171840.000,0,-,-,-,-,5361.2000,5361.0000,5360.6000,5360.4000,5360.2000,5362.2000,5362.4000,5363.0000,5363.2000,5363.4000,2,19,3,1,2,2,7,3,1,1
SF,IC2003,2020-01-03 14:36:12.400,5361.6000,53964,0,11423171840.000,0,-,-,-,-,5361.2000,5361.0000,5360.6000,5360.4000,5360.2000,5362.0000,5362.2000,5362.4000,5363.0000,5363.2000,2,19,3,1,2,1,2,7,3,1
SF,IC2003,2020-01-03 14:36:12.900,5361.6000,53964,0,11423171840.000,0,-,-,-,-,5361.2000,5361.0000,5360.6000,5360.4000,5360.2000,5361.8000,5362.0000,5362.4000,5363.0000,5363.2000,2,19,3,1,2,4,1,7,3,1
SF,IC2003,2020-01-03 14:36:13.400,5361.6000,53964,0,11425316400.000,2,1,1,空换,B,5361.2000,5361.0000,5360.6000,5360.4000,5360.2000,5361.8000,5362.0000,5362.4000,5363.0000,5363.2000,2,19,3,1,2,3,1,7,3,1
SF,IC2003,2020-01-03 14:36:14.400,5361.2000,53963,-1,11427460880.000,2,0,2,空平,B,5361.0000,5360.6000,5360.4000,5360.2000,5360.0000,5361.8000,5362.0000,5362.4000,5363.0000,5363.2000,19,3,1,2,3,3,1,7,3,1
SF,IC2003,2020-01-03 14:36:14.900,5361.2000,53963,0,11427460880.000,0,-,-,-,-,5361.0000,5360.6000,5360.4000,5360.2000,5360.0000,5361.8000,5362.0000,5362.4000,5363.0000,5363.2000,19,3,1,2,3,3,2,7,3,1
SF,IC2003,2020-01-03 14:36:15.400,5361.0000,53964,1,11432821880.000,5,3,2,多开,B,5361.0000,5360.6000,5360.4000,5360.2000,5360.0000,5361.6000,5361.8000,5362.0000,5362.4000,5363.0000,14,3,1,2,3,4,2,2,7,3
SF,IC2003,2020-01-03 14:36:15.900,5361.0000,53966,2,11437110680.000,4,3,1,多开,B,5361.0000,5360.6000,5360.4000,5360.2000,5360.0000,5361.8000,5362.0000,5362.4000,5363.0000,5363.2000,10,3,1,2,3,2,2,7,3,1
SF,IC2003,2020-01-03 14:36:16.400,5361.0000,53966,0,11437110680.000,0,-,-,-,-,5361.0000,5360.6000,5360.4000,5360.2000,5360.0000,5361.8000,5362.0000,5362.4000,5363.0000,5363.2000,10,3,1,2,3,2,2,7,3,1
SF,IC2003,2020-01-03 14:36:16.900,5361.8000,53967,1,11438183040.000,1,1,0,双开,B,5361.0000,5360.6000,5360.4000,5360.2000,5360.0000,5361.8000,5362.0000,5362.4000,5363.0000,5363.2000,10,3,1,2,3,1,2,7,3,1
SF,IC2003,2020-01-03 14:36:17.400,5361.0000,53968,1,11439255240.000,1,1,0,双开,B,5361.0000,5360.6000,5360.4000,5360.2000,5360.0000,5361.8000,5362.0000,5362.4000,5363.0000,5363.2000,9,3,1,2,3,1,2,7,3,1
SF,IC2003,2020-01-03 14:36:17.900,5361.0000,53968,0,11439255240.000,0,-,-,-,-,5361.2000,5361.0000,5360.6000,5360.4000,5360.2000,5361.8000,5362.0000,5362.4000,5362.8000,5363.0000,1,9,3,1,2,1,2,7,1,3
SF,IC2003,2020-01-03 14:36:18.400,5361.0000,53968,0,11439255240.000,0,-,-,-,-,5361.2000,5361.0000,5360.6000,5360.4000,5360.2000,5362.0000,5362.4000,5362.8000,5363.0000,5363.2000,1,9,3,1,2,2,7,1,3,1
SF,IC2003,2020-01-03 14:36:18.900,5361.0000,53968,0,11439255240.000,0,-,-,-,-,5361.2000,5361.0000,5360.6000,5360.4000,5360.2000,5362.0000,5362.4000,5362.8000,5363.0000,5363.2000,1,9,3,1,2,2,7,1,3,1
SF,IC2003,2020-01-03 14:36:22.400,5361.2000,53967,-1,11440327480.000,1,0,1,双平,B,5361.0000,5360.6000,5360.4000,5360.2000,5360.0000,5362.0000,5362.4000,5362.8000,5363.0000,5363.2000,9,3,1,2,3,2,7,1,3,1
SF,IC2003,2020-01-03 14:36:22.900,5361.2000,53967,0,11440327480.000,0,-,-,-,-,5361.0000,5360.6000,5360.4000,5360.2000,5360.0000,5361.8000,5362.0000,5362.4000,5362.8000,5363.0000,9,3,1,2,3,3,3,7,1,3
SF,IC2003,2020-01-03 14:36:23.400,5361.6000,53967,0,11441399800.000,1,0,1,空换,B,5361.2000,5361.0000,5360.6000,5360.4000,5360.2000,5361.8000,5362.0000,5362.4000,5362.8000,5363.0000,1,9,3,1,2,3,3,7,1,3
SF,IC2003,2020-01-03 14:36:23.900,5361.2000,53968,1,11442472040.000,1,1,0,双开,B,5361.0000,5360.6000,5360.4000,5360.2000,5360.0000,5361.8000,5362.0000,5362.4000,5362.8000,5363.0000,9,3,1,2,3,3,3,7,1,3
SF,IC2003,2020-01-03 14:36:24.400,5361.0000,53969,1,11443544240.000,1,1,0,双开,B,5361.0000,5360.6000,5360.4000,5360.2000,5360.0000,5361.8000,5362.0000,5362.4000,5362.8000,5363.0000,8,3,1,2,3,3,3,7,1,3
SF,IC2003,2020-01-03 14:36:24.900,5361.0000,53969,0,11443544240.000,0,-,-,-,-,5361.0000,5360.6000,5360.4000,5360.2000,5360.0000,5361.8000,5362.0000,5362.4000,5362.8000,5363.0000,8,3,1,2,3,1,3,7,1,3
SF,IC2003,2020-01-03 14:36:25.400,5361.0000,53969,0,11443544240.000,0,-,-,-,-,5361.0000,5360.6000,5360.4000,5360.2000,5360.0000,5361.6000,5361.8000,5362.0000,5362.4000,5362.8000,8,3,1,2,3,1,1,3,7,1
SF,IC2003,2020-01-03 14:36:25.900,5362.0000,53972,3,11447833720.000,4,3,1,多开,B,5361.6000,5361.2000,5361.0000,5360.6000,5360.4000,5362.0000,5362.4000,5362.8000,5363.0000,5363.2000,1,2,8,3,1,1,7,1,3,1
SF,IC2003,2020-01-03 14:36:26.400,5362.0000,53972,0,11448906120.000,1,0,1,空换,B,5361.6000,5361.2000,5361.0000,5360.6000,5360.4000,5362.4000,5362.8000,5363.0000,5363.2000,5363.4000,1,4,8,3,1,7,1,3,1,1
SF,IC2003,2020-01-03 14:36:26.900,5362.0000,53972,0,11448906120.000,0,-,-,-,-,5361.8000,5361.6000,5361.2000,5361.0000,5360.6000,5362.4000,5362.6000,5362.8000,5363.0000,5363.2000,2,1,2,8,3,7,1,1,3,1
SF,IC2003,2020-01-03 14:36:28.400,5362.0000,53972,0,11448906120.000,0,-,-,-,-,5361.8000,5361.6000,5361.2000,5361.0000,5360.6000,5362.4000,5362.6000,5362.8000,5363.0000,5363.2000,2,1,2,8,4,7,1,1,3,1
SF,IC2003,2020-01-03 14:36:29.400,5362.0000,53972,0,11448906120.000,0,-,-,-,-,5361.8000,5361.6000,5361.2000,5361.0000,5360.6000,5362.4000,5362.6000,5362.8000,5363.0000,5363.2000,2,1,2,8,4,7,1,1,3,1
SF,IC2003,2020-01-03 14:36:29.900,5362.0000,53972,0,11448906120.000,0,-,-,-,-,5361.6000,5361.2000,5361.0000,5360.6000,5360.4000,5362.4000,5362.6000,5362.8000,5363.0000,5363.2000,1,2,8,4,1,7,1,1,3,1
SF,IC2003,2020-01-03 14:36:30.400,5361.2000,53973,1,11451050680.000,2,1,1,多开,B,5361.2000,5361.0000,5360.6000,5360.4000,5360.2000,5362.2000,5362.4000,5362.6000,5362.8000,5363.0000,1,8,4,1,2,2,7,1,1,3
SF,IC2003,2020-01-03 14:36:31.400,5361.2000,53973,0,11451050680.000,0,-,-,-,-,5361.2000,5361.0000,5360.6000,5360.4000,5360.2000,5361.8000,5362.0000,5362.2000,5362.4000,5362.6000,1,8,4,1,2,1,2,2,7,1
SF,IC2003,2020-01-03 14:36:31.900,5361.2000,53973,0,11451050680.000,0,-,-,-,-,5361.2000,5361.0000,5360.6000,5360.4000,5360.2000,5361.8000,5362.0000,5362.2000,5362.4000,5362.6000,1,8,4,1,2,1,2,2,7,1
SF,IC2003,2020-01-03 14:36:32.400,5361.8000,53973,0,11453195280.000,2,1,1,空换,B,5361.0000,5360.6000,5360.4000,5360.2000,5360.0000,5362.0000,5362.2000,5362.4000,5362.6000,5362.8000,8,4,1,2,3,2,2,7,1,1
SF,IC2003,2020-01-03 14:36:33.400,5361.8000,53973,0,11453195280.000,0,-,-,-,-,5361.0000,5360.6000,5360.4000,5360.2000,5360.0000,5361.8000,5362.0000,5362.2000,5362.4000,5362.6000,7,4,1,2,3,1,2,2,7,1
SF,IC2003,2020-01-03 14:36:33.900,5361.8000,53973,0,11453195280.000,0,-,-,-,-,5361.4000,5361.0000,5360.6000,5360.4000,5360.2000,5361.6000,5361.8000,5362.0000,5362.4000,5362.6000,1,7,4,1,2,2,1,2,7,1
SF,IC2003,2020-01-03 14:36:34.400,5361.4000,53974,1,11454267560.000,1,1,0,双开,B,5361.0000,5360.6000,5360.4000,5360.2000,5360.0000,5361.6000,5361.8000,5362.0000,5362.4000,5362.6000,7,4,1,2,3,2,1,1,7,1
SF,IC2003,2020-01-03 14:36:34.900,5361.4000,53974,0,11454267560.000,0,-,-,-,-,5361.0000,5360.6000,5360.4000,5360.2000,5360.0000,5361.6000,5361.8000,5362.0000,5362.4000,5362.6000,7,4,1,2,3,2,1,3,7,1
SF,IC2003,2020-01-03 14:36:35.400,5361.4000,53974,0,11454267560.000,0,-,-,-,-,5361.0000,5360.6000,5360.4000,5360.2000,5360.0000,5361.6000,5361.8000,5362.0000,5362.4000,5362.6000,7,4,1,2,3,2,1,3,7,1
SF,IC2003,2020-01-03 14:36:36.400,5361.0000,53978,4,11460700760.000,6,5,1,多开,B,5361.0000,5360.6000,5360.4000,5360.2000,5360.0000,5361.6000,5361.8000,5362.0000,5362.4000,5362.6000,11,4,1,2,3,2,1,3,7,1
SF,IC2003,2020-01-03 14:36:36.900,5361.0000,53989,11,11472494960.000,11,11,0,双开,B,5360.6000,5360.4000,5360.2000,5360.0000,5359.8000,5361.4000,5361.8000,5362.0000,5362.4000,5362.6000,4,1,2,3,1,3,1,3,7,1
SF,IC2003,2020-01-03 14:36:37.400,5361.0000,53989,0,11472494960.000,0,-,-,-,-,5361.0000,5360.6000,5360.4000,5360.2000,5360.0000,5361.4000,5361.8000,5362.0000,5362.4000,5362.6000,2,4,1,2,3,2,1,3,7,1
SF,IC2003,2020-01-03 14:36:37.900,5361.0000,53990,1,11475711560.000,3,2,1,多开,B,5360.6000,5360.4000,5360.2000,5360.0000,5359.8000,5361.4000,5361.8000,5362.0000,5362.4000,5362.6000,4,1,2,3,1,2,1,3,7,1
SF,IC2003,2020-01-03 14:36:40.900,5361.0000,53990,0,11475711560.000,0,-,-,-,-,5360.6000,5360.4000,5360.2000,5360.0000,5359.8000,5361.2000,5361.4000,5361.8000,5362.0000,5362.4000,4,1,2,3,1,1,2,1,3,7
SF,IC2003,2020-01-03 14:36:41.400,5360.6000,53991,1,11477855800.000,2,1,1,多开,B,5360.6000,5360.4000,5360.2000,5360.0000,5359.8000,5361.0000,5361.4000,5361.8000,5362.0000,5362.4000,2,1,2,3,1,2,3,1,2,7
SF,IC2003,2020-01-03 14:36:41.900,5360.4000,53992,1,11481072120.000,3,2,1,多开,B,5360.2000,5360.0000,5359.8000,5359.6000,5359.0000,5360.6000,5360.8000,5361.0000,5361.4000,5361.8000,2,3,1,2,1,2,1,1,3,1
SF,IC2003,2020-01-03 14:36:42.400,5360.2000,53992,0,11483216200.000,2,1,1,空换,B,5360.0000,5359.8000,5359.6000,5359.0000,5358.6000,5360.2000,5360.6000,5360.8000,5361.0000,5361.4000,3,1,2,1,1,1,1,1,1,3
SF,IC2003,2020-01-03 14:36:42.900,5360.6000,53991,-1,11486432360.000,3,1,2,空平,B,5360.6000,5360.0000,5359.8000,5359.6000,5359.0000,5360.8000,5361.0000,5361.4000,5361.8000,5362.0000,1,2,1,2,1,1,1,3,1,2
SF,IC2003,2020-01-03 14:36:43.400,5360.6000,53991,0,11487504480.000,1,0,1,空换,B,5360.6000,5360.0000,5359.8000,5359.6000,5359.0000,5360.8000,5361.0000,5361.4000,5361.8000,5362.0000,1,2,1,2,1,1,1,3,1,2
SF,IC2003,2020-01-03 14:36:43.900,5360.6000,53992,1,11488576600.000,1,1,0,双开,B,5360.0000,5359.8000,5359.6000,5359.0000,5358.6000,5360.8000,5361.0000,5361.4000,5361.8000,5362.0000,2,1,2,1,1,1,1,3,1,2
SF,IC2003,2020-01-03 14:36:44.400,5360.6000,53992,0,11488576600.000,0,-,-,-,-,5360.0000,5359.8000,5359.6000,5359.0000,5358.6000,5360.8000,5361.0000,5361.4000,5361.8000,5362.0000,2,1,2,1,1,1,1,3,1,2
SF,IC2003,2020-01-03 14:36:44.900,5360.6000,53994,2,11491792720.000,3,2,1,多开,B,5359.8000,5359.6000,5359.0000,5358.6000,5358.0000,5360.6000,5360.8000,5361.0000,5361.4000,5361.8000,1,2,1,1,1,3,1,1,3,1
SF,IC2003,2020-01-03 14:36:45.400,5359.6000,53995,1,11495008520.000,3,2,1,多开,B,5359.0000,5358.6000,5358.0000,5356.2000,5356.0000,5360.2000,5360.6000,5360.8000,5361.4000,5361.8000,1,1,1,1,6,1,3,1,3,1
SF,IC2003,2020-01-03 14:36:45.900,5359.6000,53995,0,11495008520.000,0,-,-,-,-,5359.0000,5358.6000,5358.2000,5358.0000,5356.2000,5359.8000,5360.0000,5360.2000,5360.8000,5361.4000,1,1,2,1,1,8,3,2,1,3
SF,IC2003,2020-01-03 14:36:46.400,5358.6000,53997,2,11497152040.000,2,2,0,双开,B,5358.2000,5358.0000,5356.2000,5356.0000,5355.6000,5359.6000,5359.8000,5360.0000,5360.2000,5360.8000,2,1,1,6,2,2,8,3,3,1
SF,IC2003,2020-01-03 14:36:46.900,5358.4000,53998,1,11498223720.000,1,1,0,双开,B,5358.4000,5358.2000,5358.0000,5356.2000,5356.0000,5358.8000,5359.4000,5359.6000,5359.8000,5360.0000,1,2,1,1,6,1,1,2,8,3
SF,IC2003,2020-01-03 14:36:47.400,5358.2000,53999,1,11499295360.000,1,1,0,双开,B,5358.2000,5358.0000,5356.2000,5356.0000,5355.6000,5358.8000,5359.4000,5359.6000,5359.8000,5360.0000,1,1,1,6,2,1,1,4,8,3
SF,IC2003,2020-01-03 14:36:47.900,5358.2000,53999,0,11499295360.000,0,-,-,-,-,5358.2000,5358.0000,5356.2000,5356.0000,5355.6000,5358.8000,5359.4000,5359.6000,5359.8000,5360.0000,1,2,1,6,2,1,1,4,8,3
SF,IC2003,2020-01-03 14:36:48.400,5358.8000,53999,0,11501438760.000,2,1,1,空换,B,5358.0000,5356.2000,5356.0000,5355.6000,5355.0000,5359.4000,5359.6000,5359.8000,5360.0000,5360.2000,2,1,6,1,1,1,4,8,5,1
SF,IC2003,2020-01-03 14:36:48.900,5358.8000,54000,1,11502510520.000,1,1,0,双开,B,5358.0000,5356.2000,5356.0000,5355.6000,5355.0000,5359.0000,5359.2000,5359.4000,5359.6000,5359.8000,2,1,6,1,1,2,3,1,2,8
SF,IC2003,2020-01-03 14:36:49.400,5358.8000,54000,0,11502510520.000,0,-,-,-,-,5358.0000,5356.2000,5356.0000,5355.6000,5355.0000,5359.0000,5359.2000,5359.6000,5359.8000,5360.0000,12,1,6,1,1,4,2,2,8,3
SF,IC2003,2020-01-03 14:36:49.900,5358.8000,54000,0,11502510520.000,0,-,-,-,-,5358.2000,5358.0000,5356.2000,5356.0000,5355.6000,5359.0000,5359.6000,5359.8000,5360.0000,5360.8000,2,12,1,6,1,1,1,8,3,1
SF,IC2003,2020-01-03 14:36:50.900,5358.8000,54000,0,11502510520.000,0,-,-,-,-,5358.2000,5358.0000,5356.2000,5356.0000,5355.6000,5359.0000,5359.6000,5359.8000,5360.0000,5360.8000,2,12,1,6,1,1,1,8,4,1
SF,IC2003,2020-01-03 14:36:51.400,5358.2000,54000,0,11504653800.000,2,1,1,空换,B,5358.0000,5356.2000,5356.0000,5355.6000,5355.0000,5358.2000,5359.0000,5359.2000,5359.6000,5360.0000,12,1,6,1,1,6,1,1,1,4
SF,IC2003,2020-01-03 14:36:51.900,5358.2000,53999,-1,11506797080.000,2,0,2,空平,B,5358.0000,5356.2000,5356.0000,5355.6000,5355.0000,5358.2000,5359.0000,5359.6000,5360.0000,5361.4000,12,1,6,1,1,4,1,1,4,3
SF,IC2003,2020-01-03 14:36:52.400,5358.2000,53995,-4,11511083640.000,4,0,4,双平,B,5358.2000,5358.0000,5356.2000,5356.0000,5355.6000,5359.0000,5359.6000,5360.0000,5361.4000,5362.0000,2,12,1,6,1,1,1,4,3,4
SF,IC2003,2020-01-03 14:36:52.900,5358.2000,53995,0,11511083640.000,0,-,-,-,-,5358.2000,5358.0000,5356.2000,5356.0000,5355.6000,5359.0000,5359.6000,5360.0000,5361.4000,5362.0000,2,12,1,6,1,1,1,4,3,2
SF,IC2003,2020-01-03 14:36:53.400,5358.2000,53995,0,11511083640.000,0,-,-,-,-,5358.2000,5358.0000,5356.2000,5356.0000,5355.6000,5359.0000,5359.4000,5359.6000,5360.0000,5361.4000,2,12,1,6,1,1,1,1,4,3
SF,IC2003,2020-01-03 14:36:53.900,5358.2000,53995,0,11511083640.000,0,-,-,-,-,5358.2000,5358.0000,5356.2000,5356.0000,5355.6000,5359.0000,5359.4000,5359.6000,5360.0000,5361.4000,2,12,1,6,1,1,1,1,4,3
SF,IC2003,2020-01-03 14:36:54.400,5358.2000,53995,0,11511083640.000,0,-,-,-,-,5358.2000,5358.0000,5356.2000,5356.0000,5355.6000,5358.8000,5359.0000,5359.4000,5359.6000,5360.0000,2,12,1,6,1,2,3,1,1,4
SF,IC2003,2020-01-03 14:36:54.900,5358.2000,53996,1,11513226920.000,2,1,1,多开,B,5358.0000,5356.2000,5356.0000,5355.6000,5355.0000,5358.8000,5359.0000,5360.0000,5361.4000,5362.0000,12,1,6,1,1,2,3,4,3,2
SF,IC2003,2020-01-03 14:36:55.900,5358.0000,53996,0,11519656520.000,6,3,3,空换,B,5358.0000,5356.2000,5356.0000,5355.6000,5355.0000,5358.6000,5358.8000,5359.0000,5360.0000,5361.4000,6,1,6,1,1,1,2,3,4,3
SF,IC2003,2020-01-03 14:36:56.400,5358.0000,53996,0,11519656520.000,0,-,-,-,-,5358.2000,5358.0000,5356.2000,5356.0000,5355.6000,5358.4000,5358.6000,5358.8000,5359.0000,5360.0000,2,6,1,6,1,1,1,2,3,4
SF,IC2003,2020-01-03 14:36:56.900,5358.4000,53997,1,11520728200.000,1,1,0,双开,B,5358.2000,5358.0000,5356.2000,5356.0000,5355.6000,5358.8000,5359.0000,5360.0000,5361.4000,5362.0000,2,6,1,6,1,2,3,4,3,2
SF,IC2003,2020-01-03 14:36:57.900,5358.4000,53997,0,11520728200.000,0,-,-,-,-,5358.2000,5358.0000,5356.2000,5356.0000,5355.6000,5358.6000,5358.8000,5359.0000,5360.0000,5361.4000,2,6,1,6,1,1,2,3,4,3
SF,IC2003,2020-01-03 14:36:58.400,5358.4000,53997,0,11520728200.000,0,-,-,-,-,5358.2000,5358.0000,5356.2000,5356.0000,5355.6000,5358.6000,5359.0000,5360.0000,5361.4000,5362.0000,2,6,1,6,1,1,1,4,3,2
SF,IC2003,2020-01-03 14:36:58.900,5359.0000,53998,1,11522871720.000,2,1,1,多开,B,5358.6000,5358.2000,5358.0000,5356.2000,5356.0000,5360.0000,5362.0000,5362.8000,5363.0000,5363.2000,3,2,6,1,6,4,2,1,2,1
SF,IC2003,2020-01-03 14:36:59.400,5358.6000,53998,0,11523943440.000,1,0,1,空换,B,5358.6000,5358.2000,5358.0000,5356.2000,5356.0000,5359.6000,5359.8000,5360.0000,5362.0000,5362.8000,2,2,6,1,6,2,2,4,2,1
SF,IC2003,2020-01-03 14:36:59.900,5358.6000,53998,0,11523943440.000,0,-,-,-,-,5358.2000,5358.0000,5356.2000,5356.0000,5355.6000,5359.4000,5359.6000,5360.0000,5362.0000,5362.8000,2,6,1,6,1,2,2,4,2,1
SF,IC2003,2020-01-03 14:37:00.400,5358.6000,53998,0,11523943440.000,0,-,-,-,-,5358.4000,5358.2000,5358.0000,5356.2000,5356.0000,5359.4000,5359.6000,5360.0000,5362.0000,5362.8000,2,2,6,1,6,2,2,4,2,1
SF,IC2003,2020-01-03 14:37:01.900,5359.4000,53999,1,11528231000.000,4,2,2,多开,B,5358.4000,5358.2000,5358.0000,5356.2000,5356.0000,5359.6000,5359.8000,5360.0000,5362.0000,5362.8000,2,2,6,1,6,1,9,4,2,1
SF,IC2003,2020-01-03 14:37:02.400,5359.8000,53999,0,11530374880.000,2,1,1,空换,B,5358.6000,5358.4000,5358.2000,5358.0000,5356.2000,5359.8000,5360.0000,5362.0000,5362.8000,5363.0000,1,2,2,6,1,8,4,2,1,2
SF,IC2003,2020-01-03 14:37:02.900,5359.8000,53999,0,11530374880.000,0,-,-,-,-,5358.8000,5358.6000,5358.2000,5358.0000,5356.2000,5359.8000,5360.0000,5362.0000,5362.8000,5363.0000,2,1,2,6,1,8,4,2,1,2
SF,IC2003,2020-01-03 14:37:03.400,5359.8000,53999,0,11530374880.000,0,-,-,-,-,5358.8000,5358.6000,5358.2000,5358.0000,5356.2000,5359.8000,5360.0000,5362.0000,5362.8000,5363.0000,2,1,2,6,1,10,4,2,1,2
SF,IC2003,2020-01-03 14:37:03.900,5358.8000,53999,0,11532518400.000,2,1,1,空换,B,5358.2000,5358.0000,5356.2000,5356.0000,5355.6000,5359.8000,5360.0000,5362.0000,5362.8000,5363.0000,2,6,1,6,2,10,4,2,1,2
SF,IC2003,2020-01-03 14:37:04.400,5358.8000,53999,0,11532518400.000,0,-,-,-,-,5358.4000,5358.2000,5358.0000,5356.2000,5356.0000,5359.6000,5359.8000,5360.0000,5362.0000,5362.8000,2,2,6,1,6,2,10,4,2,1
SF,IC2003,2020-01-03 14:37:04.900,5358.8000,53999,0,11532518400.000,0,-,-,-,-,5358.6000,5358.4000,5358.2000,5358.0000,5356.2000,5359.2000,5359.6000,5359.8000,5360.0000,5362.0000,1,2,2,6,1,1,5,10,4,2
SF,IC2003,2020-01-03 14:37:05.400,5358.8000,53999,0,11532518400.000,0,-,-,-,-,5358.6000,5358.4000,5358.2000,5358.0000,5356.2000,5359.2000,5359.6000,5359.8000,5360.0000,5362.0000,1,2,2,6,1,1,6,10,4,2
SF,IC2003,2020-01-03 14:37:05.900,5358.8000,53999,0,11532518400.000,0,-,-,-,-,5358.6000,5358.4000,5358.2000,5358.0000,5356.2000,5359.2000,5359.6000,5359.8000,5360.0000,5362.0000,1,2,2,6,1,1,4,10,4,2
SF,IC2003,2020-01-03 14:37:06.400,5358.8000,53999,0,11532518400.000,0,-,-,-,-,5358.6000,5358.4000,5358.2000,5358.0000,5356.2000,5359.2000,5359.6000,5359.8000,5360.0000,5362.0000,1,2,2,6,1,1,3,10,4,2
SF,IC2003,2020-01-03 14:37:06.900,5358.8000,53999,0,11532518400.000,0,-,-,-,-,5358.8000,5358.6000,5358.2000,5358.0000,5356.2000,5359.2000,5359.6000,5359.8000,5360.0000,5362.0000,1,1,2,6,1,1,3,10,4,2
SF,IC2003,2020-01-03 14:37:07.900,5359.2000,53999,0,11533590240.000,1,0,1,空换,B,5358.8000,5358.6000,5358.2000,5358.0000,5356.2000,5359.6000,5359.8000,5360.0000,5362.0000,5362.8000,1,1,2,6,1,3,10,4,2,1
SF,IC2003,2020-01-03 14:37:08.400,5359.2000,53999,0,11533590240.000,0,-,-,-,-,5359.0000,5358.8000,5358.6000,5358.2000,5358.0000,5359.6000,5359.8000,5360.0000,5362.0000,5362.8000,2,1,1,2,6,3,10,4,2,1
SF,IC2003,2020-01-03 14:37:08.900,5359.0000,53999,0,11534662040.000,1,0,1,空换,B,5359.0000,5358.8000,5358.6000,5358.2000,5358.0000,5359.6000,5359.8000,5360.0000,5362.0000,5362.8000,1,1,1,2,6,3,10,4,2,1
SF,IC2003,2020-01-03 14:37:09.400,5359.0000,53999,0,11535733840.000,1,0,1,空换,B,5358.8000,5358.6000,5358.2000,5358.0000,5356.2000,5359.6000,5359.8000,5360.0000,5362.0000,5362.8000,1,1,2,6,1,3,10,4,2,1
SF,IC2003,2020-01-03 14:37:09.900,5358.8000,53999,0,11536805600.000,1,0,1,空换,B,5358.6000,5358.2000,5358.0000,5356.2000,5356.0000,5358.8000,5359.8000,5360.0000,5362.0000,5362.8000,1,2,6,1,6,1,10,4,2,1
SF,IC2003,2020-01-03 14:37:10.400,5358.8000,53999,0,11536805600.000,0,-,-,-,-,5358.6000,5358.2000,5358.0000,5356.2000,5356.0000,5358.8000,5359.8000,5360.0000,5362.0000,5362.8000,1,2,6,1,6,4,10,4,2,1
SF,IC2003,2020-01-03 14:37:11.400,5358.6000,53999,0,11540020840.000,3,1,2,空换,B,5358.2000,5358.0000,5356.2000,5356.0000,5355.6000,5358.6000,5358.8000,5359.8000,5360.0000,5361.0000,2,6,1,6,2,3,2,10,4,2
SF,IC2003,2020-01-03 14:37:11.900,5358.6000,53999,0,11540020840.000,0,-,-,-,-,5358.2000,5358.0000,5356.2000,5356.0000,5355.6000,5358.8000,5359.8000,5360.0000,5361.0000,5362.0000,2,6,1,6,2,2,10,4,2,2
SF,IC2003,2020-01-03 14:37:12.400,5358.6000,53999,0,11540020840.000,0,-,-,-,-,5358.2000,5358.0000,5356.2000,5356.0000,5355.6000,5358.8000,5359.8000,5360.0000,5361.0000,5362.0000,2,6,1,6,4,2,10,4,2,2
SF,IC2003,2020-01-03 14:37:12.900,5358.6000,53999,0,11540020840.000,0,-,-,-,-,5358.2000,5358.0000,5356.2000,5356.0000,5355.6000,5358.8000,5359.8000,5360.0000,5361.0000,5362.0000,2,6,1,6,4,2,10,4,2,2
SF,IC2003,2020-01-03 14:37:13.400,5358.2000,53999,0,11542164120.000,2,1,1,空换,B,5358.0000,5356.2000,5356.0000,5355.6000,5355.0000,5358.8000,5359.8000,5360.0000,5361.0000,5362.0000,6,1,6,4,1,2,10,4,2,2
SF,IC2003,2020-01-03 14:37:13.900,5358.2000,53999,0,11542164120.000,0,-,-,-,-,5358.0000,5356.2000,5356.0000,5355.6000,5355.0000,5358.6000,5358.8000,5359.8000,5360.0000,5361.0000,6,1,6,4,1,2,2,10,4,2
SF,IC2003,2020-01-03 14:37:14.400,5358.2000,53999,0,11542164120.000,0,-,-,-,-,5358.0000,5356.2000,5356.0000,5355.6000,5355.0000,5358.6000,5358.8000,5359.8000,5360.0000,5361.0000,6,1,6,4,1,2,2,10,4,2
SF,IC2003,2020-01-03 14:37:14.900,5358.0000,53999,0,11543235720.000,1,0,1,空换,B,5358.0000,5356.2000,5356.0000,5355.6000,5355.0000,5358.6000,5358.8000,5359.8000,5360.0000,5361.0000,5,1,6,4,1,2,2,10,4,2
SF,IC2003,2020-01-03 14:37:15.400,5358.0000,53999,0,11545378920.000,2,1,1,空换,B,5358.0000,5356.2000,5356.0000,5355.6000,5355.0000,5358.6000,5358.8000,5359.8000,5360.0000,5361.0000,3,1,6,4,1,2,1,10,4,2
SF,IC2003,2020-01-03 14:37:15.900,5358.0000,54001,2,11547522120.000,2,2,0,双开,B,5358.0000,5357.8000,5356.2000,5356.0000,5355.6000,5358.6000,5358.8000,5359.8000,5360.0000,5361.0000,1,1,1,6,4,5,1,10,4,2
SF,IC2003,2020-01-03 14:37:16.400,5357.8000,54003,2,11549665280.000,2,2,0,双开,B,5356.2000,5356.0000,5355.6000,5355.0000,5354.6000,5357.0000,5357.2000,5358.0000,5358.2000,5358.6000,1,6,4,1,1,1,3,2,1,5
SF,IC2003,2020-01-03 14:37:16.900,5356.6000,54004,1,11550736600.000,1,1,0,双开,B,5356.6000,5356.2000,5356.0000,5355.6000,5355.0000,5357.0000,5357.2000,5358.0000,5358.6000,5358.8000,1,1,6,4,1,1,3,2,5,1
SF,IC2003,2020-01-03 14:37:17.400,5356.2000,54005,1,11551807840.000,1,1,0,双开,B,5356.0000,5355.6000,5355.0000,5354.6000,5354.0000,5356.6000,5357.0000,5357.2000,5358.6000,5358.8000,6,4,1,1,1,2,1,3,3,1
SF,IC2003,2020-01-03 14:37:17.900,5356.4000,54005,0,11552879120.000,1,0,1,空换,B,5356.0000,5355.6000,5355.0000,5354.6000,5354.0000,5356.4000,5356.6000,5357.0000,5357.2000,5358.2000,6,4,1,1,1,2,2,1,3,1
SF,IC2003,2020-01-03 14:37:18.400,5355.6000,54008,3,11560377440.000,7,5,2,多开,B,5355.6000,5355.0000,5354.6000,5354.0000,5353.0000,5356.0000,5356.2000,5356.4000,5356.6000,5357.0000,3,1,1,1,1,5,2,3,2,1
SF,IC2003,2020-01-03 14:37:18.900,5355.6000,54007,-1,11566803840.000,6,2,4,空平,B,5354.0000,5353.0000,5352.0000,5351.4000,5351.2000,5355.6000,5355.8000,5356.2000,5356.6000,5357.0000,1,1,1,1,2,5,1,2,2,2
SF,IC2003,2020-01-03 14:37:19.400,5355.6000,54007,0,11566803840.000,0,-,-,-,-,5354.0000,5353.0000,5352.0000,5351.4000,5351.2000,5354.8000,5355.4000,5356.2000,5356.6000,5357.0000,1,1,1,1,2,1,3,2,2,2
SF,IC2003,2020-01-03 14:37:19.900,5355.6000,54007,0,11566803840.000,0,-,-,-,-,5354.0000,5353.0000,5352.0000,5351.4000,5351.2000,5355.2000,5355.4000,5356.2000,5356.6000,5357.0000,1,1,1,1,2,1,3,2,2,2
SF,IC2003,2020-01-03 14:37:20.400,5355.6000,54007,0,11566803840.000,0,-,-,-,-,5354.0000,5353.0000,5352.0000,5351.4000,5351.2000,5354.8000,5355.0000,5355.2000,5355.4000,5356.2000,1,1,1,1,2,1,2,1,2,2
SF,IC2003,2020-01-03 14:37:20.900,5355.6000,54007,0,11566803840.000,0,-,-,-,-,5354.0000,5353.0000,5352.0000,5351.4000,5351.2000,5354.4000,5354.6000,5355.4000,5356.2000,5356.6000,1,1,1,1,2,2,2,2,1,2
SF,IC2003,2020-01-03 14:37:21.400,5354.0000,54008,1,11567874640.000,1,1,0,双开,B,5353.0000,5352.0000,5351.4000,5351.2000,5350.4000,5354.0000,5354.2000,5354.4000,5354.6000,5355.4000,1,1,1,2,2,1,3,3,3,1
SF,IC2003,2020-01-03 14:37:21.900,5353.2000,54009,1,11572157560.000,4,2,2,多开,B,5353.2000,5353.0000,5352.0000,5351.4000,5351.2000,5353.8000,5354.2000,5354.4000,5354.6000,5355.4000,2,1,1,1,2,2,3,3,3,1
SF,IC2003,2020-01-03 14:37:22.400,5352.0000,54012,3,11578581200.000,6,4,2,多开,B,5351.4000,5351.2000,5350.4000,5350.2000,5350.0000,5352.6000,5354.2000,5354.4000,5354.6000,5355.4000,1,2,2,1,12,11,3,3,2,1
SF,IC2003,2020-01-03 14:37:22.900,5354.2000,54023,11,11592498280.000,13,12,1,多开,B,5352.6000,5352.4000,5351.8000,5351.4000,5351.2000,5354.0000,5354.2000,5354.4000,5354.6000,5356.2000,3,2,1,1,2,1,2,3,2,1
SF,IC2003,2020-01-03 14:37:23.400,5354.0000,54024,1,11593569080.000,1,1,0,双开,B,5351.8000,5351.4000,5351.2000,5350.6000,5350.4000,5353.8000,5354.0000,5354.2000,5354.4000,5356.2000,1,1,2,3,2,3,1,2,3,1
SF,IC2003,2020-01-03 14:37:23.900,5354.0000,54024,0,11593569080.000,0,-,-,-,-,5352.8000,5352.4000,5351.8000,5351.4000,5351.2000,5353.6000,5353.8000,5354.0000,5354.2000,5354.4000,1,2,1,1,2,1,1,1,2,3
SF,IC2003,2020-01-03 14:37:24.400,5352.8000,54024,0,11594639640.000,1,0,1,空换,B,5352.4000,5351.8000,5351.4000,5351.2000,5351.0000,5353.4000,5353.6000,5353.8000,5354.0000,5354.2000,2,1,1,2,2,2,1,1,1,2
SF,IC2003,2020-01-03 14:37:24.900,5352.8000,54024,0,11594639640.000,0,-,-,-,-,5352.4000,5351.8000,5351.4000,5351.2000,5351.0000,5352.8000,5353.4000,5353.6000,5353.8000,5354.0000,2,1,1,2,2,3,2,1,1,1
SF,IC2003,2020-01-03 14:37:25.400,5352.8000,54023,-1,11596780760.000,2,0,2,空平,B,5352.4000,5351.8000,5351.4000,5351.2000,5351.0000,5352.8000,5353.4000,5353.6000,5353.8000,5354.0000,2,1,1,2,2,4,2,1,1,1
SF,IC2003,2020-01-03 14:37:25.900,5352.8000,54023,0,11596780760.000,0,-,-,-,-,5352.4000,5351.8000,5351.4000,5351.2000,5351.0000,5352.8000,5353.4000,5353.6000,5353.8000,5354.0000,2,1,1,2,2,4,2,1,1,1
SF,IC2003,2020-01-03 14:37:26.400,5352.8000,54023,0,11596780760.000,0,-,-,-,-,5351.8000,5351.4000,5351.2000,5351.0000,5350.6000,5352.8000,5353.4000,5353.6000,5354.0000,5354.2000,1,1,2,2,3,5,2,1,1,2
SF,IC2003,2020-01-03 14:37:26.900,5352.8000,54023,0,11596780760.000,0,-,-,-,-,5351.4000,5351.2000,5351.0000,5350.6000,5350.4000,5352.6000,5352.8000,5353.6000,5354.0000,5354.2000,1,2,2,3,2,2,8,1,1,2
SF,IC2003,2020-01-03 14:37:27.400,5352.8000,54023,0,11596780760.000,0,-,-,-,-,5351.4000,5351.2000,5351.0000,5350.6000,5350.4000,5352.6000,5352.8000,5353.6000,5354.0000,5354.2000,1,2,2,3,2,2,8,1,1,2
SF,IC2003,2020-01-03 14:37:27.900,5352.8000,54023,0,11596780760.000,0,-,-,-,-,5351.4000,5351.2000,5351.0000,5350.6000,5350.4000,5352.4000,5352.6000,5352.8000,5353.6000,5354.0000,1,2,2,3,2,1,2,8,1,1
SF,IC2003,2020-01-03 14:37:28.400,5352.8000,54023,0,11596780760.000,0,-,-,-,-,5351.4000,5351.2000,5351.0000,5350.6000,5350.4000,5352.2000,5352.4000,5352.8000,5353.6000,5354.0000,1,2,2,3,2,2,1,8,1,1
SF,IC2003,2020-01-03 14:37:28.900,5352.4000,54024,1,11597851240.000,1,1,0,双开,B,5351.4000,5351.2000,5351.0000,5350.6000,5350.4000,5352.2000,5352.4000,5352.8000,5353.6000,5354.0000,1,2,2,3,2,1,1,8,1,1
SF,IC2003,2020-01-03 14:37:29.400,5351.4000,54037,13,11612834880.000,14,13,1,多开,B,5350.6000,5350.4000,5350.2000,5350.0000,5348.6000,5351.4000,5352.2000,5352.4000,5352.8000,5353.6000,3,2,1,12,1,8,1,1,8,1
SF,IC2003,2020-01-03 14:37:29.900,5351.4000,54038,1,11613905160.000,1,1,0,双开,B,5350.6000,5350.4000,5350.2000,5350.0000,5348.6000,5351.2000,5351.4000,5352.4000,5352.8000,5353.6000,3,3,1,12,1,4,8,1,8,1
SF,IC2003,2020-01-03 14:37:30.400,5351.4000,54038,0,11613905160.000,0,-,-,-,-,5350.6000,5350.4000,5350.2000,5350.0000,5348.6000,5351.2000,5351.4000,5352.4000,5352.8000,5353.6000,3,3,1,12,1,4,8,1,7,1
SF,IC2003,2020-01-03 14:37:30.900,5351.4000,54038,0,11613905160.000,0,-,-,-,-,5350.6000,5350.4000,5350.2000,5350.0000,5348.6000,5351.2000,5351.4000,5352.4000,5352.8000,5353.6000,3,3,1,12,1,4,8,1,7,1
SF,IC2003,2020-01-03 14:37:31.400,5350.6000,54037,-1,11614975280.000,1,0,1,双平,B,5350.6000,5350.4000,5350.2000,5350.0000,5348.6000,5351.2000,5351.4000,5352.4000,5352.8000,5354.0000,2,3,1,12,1,4,8,1,7,1
SF,IC2003,2020-01-03 14:37:31.900,5350.6000,54037,0,11614975280.000,0,-,-,-,-,5350.6000,5350.4000,5350.2000,5350.0000,5348.6000,5351.2000,5351.4000,5352.4000,5352.8000,5354.0000,2,3,1,12,1,4,8,1,4,1
SF,IC2003,2020-01-03 14:37:32.400,5351.2000,54037,0,11620326240.000,5,2,3,空换,B,5350.4000,5350.2000,5350.0000,5348.6000,5347.4000,5351.2000,5352.8000,5354.0000,5356.0000,5356.6000,3,1,12,1,2,4,4,1,2,2
SF,IC2003,2020-01-03 14:37:32.900,5350.4000,54037,0,11622466400.000,2,1,1,空换,B,5350.4000,5350.2000,5350.0000,5348.6000,5347.4000,5351.2000,5352.8000,5354.0000,5356.0000,5356.6000,1,1,12,1,2,4,4,1,2,2
SF,IC2003,2020-01-03 14:37:33.400,5351.2000,54037,0,11627817600.000,5,2,3,空换,B,5350.8000,5350.4000,5350.2000,5350.0000,5348.6000,5352.8000,5354.0000,5356.0000,5356.6000,5357.0000,4,1,1,12,1,4,1,2,2,1
SF,IC2003,2020-01-03 14:37:33.900,5351.2000,54037,0,11627817600.000,0,-,-,-,-,5350.8000,5350.4000,5350.2000,5350.0000,5348.6000,5352.2000,5352.6000,5352.8000,5354.0000,5356.0000,4,1,1,12,1,1,4,4,1,2
SF,IC2003,2020-01-03 14:37:34.400,5350.8000,54037,0,11628887760.000,1,0,1,空换,B,5350.8000,5350.4000,5350.2000,5350.0000,5348.6000,5351.4000,5352.0000,5352.8000,5354.0000,5356.0000,3,1,1,12,1,1,3,4,1,2
SF,IC2003,2020-01-03 14:37:34.900,5351.4000,54036,-1,11629958040.000,1,0,1,双平,B,5351.4000,5350.8000,5350.4000,5350.2000,5350.0000,5351.8000,5352.0000,5352.8000,5354.0000,5356.0000,2,3,1,1,12,1,2,4,1,2
SF,IC2003,2020-01-03 14:37:35.400,5350.8000,54040,4,11639590200.000,9,6,3,多开,B,5350.4000,5350.2000,5350.0000,5348.6000,5347.4000,5350.8000,5352.0000,5352.8000,5354.0000,5356.0000,1,1,12,1,2,6,2,4,1,2
SF,IC2003,2020-01-03 14:37:35.900,5350.8000,54040,0,11639590200.000,0,-,-,-,-,5350.4000,5350.2000,5350.0000,5348.6000,5347.4000,5350.8000,5352.0000,5352.8000,5354.0000,5356.0000,1,1,11,1,2,6,2,4,1,2
SF,IC2003,2020-01-03 14:37:36.900,5350.8000,54040,0,11639590200.000,0,-,-,-,-,5350.6000,5350.4000,5350.2000,5350.0000,5348.6000,5350.8000,5352.0000,5352.8000,5354.0000,5356.0000,1,1,1,11,1,6,2,4,1,2
SF,IC2003,2020-01-03 14:37:37.400,5350.8000,54040,0,11639590200.000,0,-,-,-,-,5350.6000,5350.4000,5350.2000,5350.0000,5348.6000,5350.8000,5352.0000,5352.8000,5354.0000,5356.0000,2,1,1,11,1,6,3,4,1,2
SF,IC2003,2020-01-03 14:37:37.900,5350.8000,54040,0,11640660360.000,1,0,1,空换,B,5350.6000,5350.4000,5350.0000,5348.6000,5347.4000,5350.8000,5352.0000,5352.8000,5354.0000,5356.0000,3,1,11,1,2,8,3,4,1,2
SF,IC2003,2020-01-03 14:37:38.400,5350.8000,54041,1,11641730520.000,1,1,0,双开,B,5350.6000,5350.4000,5350.0000,5348.6000,5347.4000,5350.8000,5352.0000,5352.8000,5354.0000,5356.0000,3,1,11,1,2,7,3,4,1,2
SF,IC2003,2020-01-03 14:37:38.900,5350.6000,54043,2,11644940880.000,3,2,1,多开,B,5350.4000,5350.0000,5348.6000,5347.4000,5347.0000,5350.6000,5350.8000,5352.0000,5352.8000,5354.0000,1,11,1,2,1,3,7,3,4,1
SF,IC2003,2020-01-03 14:37:39.400,5350.6000,54043,0,11644940880.000,0,-,-,-,-,5350.6000,5350.4000,5350.0000,5348.6000,5347.4000,5350.8000,5352.0000,5352.8000,5354.0000,5356.0000,1,1,10,1,2,7,3,4,1,2
SF,IC2003,2020-01-03 14:37:39.900,5350.8000,54043,0,11649221520.000,4,2,2,空换,B,5350.4000,5350.0000,5348.6000,5347.4000,5347.0000,5350.8000,5352.0000,5352.8000,5354.0000,5356.0000,1,10,1,2,1,3,3,4,1,2
SF,IC2003,2020-01-03 14:37:40.400,5350.8000,54046,3,11652432000.000,3,3,0,双开,B,5350.4000,5350.0000,5348.6000,5347.4000,5347.0000,5352.0000,5352.8000,5354.0000,5356.0000,5356.6000,1,10,1,2,1,3,3,1,2,3
SF,IC2003,2020-01-03 14:37:40.900,5350.4000,54047,1,11653502080.000,1,1,0,双开,B,5350.0000,5348.6000,5347.4000,5347.0000,5346.2000,5351.8000,5352.0000,5352.8000,5354.0000,5356.0000,10,1,2,1,1,1,3,3,1,2
SF,IC2003,2020-01-03 14:37:41.400,5350.4000,54047,0,11653502080.000,0,-,-,-,-,5350.2000,5350.0000,5348.6000,5347.4000,5347.0000,5350.4000,5351.4000,5351.6000,5351.8000,5352.0000,2,20,1,2,1,5,1,3,1,2
SF,IC2003,2020-01-03 14:37:41.900,5352.8000,54049,2,11667415920.000,13,7,6,多开,B,5351.4000,5351.2000,5351.0000,5350.8000,5350.6000,5356.0000,5356.6000,5357.0000,5358.8000,5359.2000,1,2,2,2,1,2,3,1,1,5
SF,IC2003,2020-01-03 14:37:42.400,5353.4000,54049,0,11668486600.000,1,0,1,空换,B,5351.8000,5351.6000,5351.4000,5350.4000,5350.0000,5353.6000,5353.8000,5354.6000,5354.8000,5355.0000,1,6,1,4,20,1,2,6,2,1
SF,IC2003,2020-01-03 14:37:42.900,5353.4000,54049,0,11670627960.000,2,1,1,空换,B,5352.2000,5352.0000,5351.8000,5351.6000,5351.4000,5353.4000,5353.6000,5353.8000,5354.8000,5355.0000,1,2,1,2,1,2,1,1,1,1
SF,IC2003,2020-01-03 14:37:43.400,5353.4000,54049,0,11670627960.000,0,-,-,-,-,5352.4000,5351.8000,5351.6000,5351.4000,5350.4000,5353.4000,5354.8000,5355.0000,5355.2000,5355.4000,2,1,2,1,4,3,1,1,2,1
SF,IC2003,2020-01-03 14:37:43.900,5353.4000,54049,0,11670627960.000,0,-,-,-,-,5352.4000,5351.8000,5351.6000,5351.4000,5350.4000,5353.4000,5354.8000,5355.0000,5355.2000,5355.4000,2,1,2,1,4,2,1,1,2,1
SF,IC2003,2020-01-03 14:37:44.400,5353.4000,54049,0,11671698640.000,1,0,1,空换,B,5352.4000,5351.8000,5351.6000,5351.4000,5350.4000,5353.4000,5354.8000,5355.0000,5355.2000,5355.4000,2,1,1,1,4,2,1,1,2,1
SF,IC2003,2020-01-03 14:37:44.900,5353.4000,54049,0,11671698640.000,0,-,-,-,-,5352.4000,5351.8000,5351.6000,5351.4000,5350.6000,5353.2000,5353.4000,5354.8000,5355.0000,5355.2000,2,1,1,1,1,3,2,1,1,2
SF,IC2003,2020-01-03 14:37:45.400,5353.2000,54049,0,11672769280.000,1,0,1,空换,B,5352.4000,5351.8000,5351.6000,5351.4000,5350.6000,5353.2000,5353.4000,5354.8000,5355.2000,5355.4000,2,1,1,1,1,2,1,1,2,1
SF,IC2003,2020-01-03 14:37:45.900,5353.2000,54049,0,11672769280.000,0,-,-,-,-,5352.6000,5352.4000,5351.4000,5350.6000,5350.4000,5353.2000,5353.4000,5354.8000,5355.2000,5355.4000,1,2,1,1,4,2,1,1,2,1
SF,IC2003,2020-01-03 14:37:46.400,5353.2000,54049,0,11672769280.000,0,-,-,-,-,5352.6000,5352.4000,5351.4000,5350.6000,5350.4000,5353.2000,5353.4000,5354.8000,5355.2000,5355.8000,1,2,1,1,4,2,1,1,2,3
SF,IC2003,2020-01-03 14:37:46.900,5353.2000,54049,0,11672769280.000,0,-,-,-,-,5352.4000,5351.4000,5350.6000,5350.4000,5350.0000,5353.2000,5353.4000,5354.8000,5355.2000,5355.8000,2,1,1,2,20,2,1,1,2,3
SF,IC2003,2020-01-03 14:37:47.400,5353.2000,54049,0,11672769280.000,0,-,-,-,-,5352.4000,5351.4000,5351.0000,5350.6000,5350.4000,5353.2000,5353.4000,5354.8000,5355.2000,5355.8000,2,1,5,1,2,2,1,1,2,3
SF,IC2003,2020-01-03 14:37:47.900,5353.2000,54049,0,11672769280.000,0,-,-,-,-,5351.4000,5351.0000,5350.6000,5350.4000,5350.2000,5353.2000,5353.4000,5354.8000,5355.2000,5355.8000,1,5,1,2,1,2,1,1,2,3
SF,IC2003,2020-01-03 14:37:48.400,5353.2000,54049,0,11672769280.000,0,-,-,-,-,5351.8000,5351.6000,5351.4000,5351.0000,5350.6000,5352.6000,5353.0000,5353.2000,5354.8000,5355.2000,2,3,1,5,1,1,3,2,1,2
SF,IC2003,2020-01-03 14:37:48.900,5353.2000,54049,0,11672769280.000,0,-,-,-,-,5351.6000,5351.4000,5351.2000,5351.0000,5350.6000,5352.6000,5353.0000,5353.2000,5354.8000,5355.2000,3,1,1,5,1,2,3,2,1,2
SF,IC2003,2020-01-03 14:37:49.400,5353.2000,54049,0,11672769280.000,0,-,-,-,-,5351.6000,5351.4000,5351.2000,5351.0000,5350.6000,5352.4000,5352.6000,5353.0000,5353.2000,5354.8000,3,1,1,5,1,1,2,2,2,1
SF,IC2003,2020-01-03 14:37:49.900,5351.6000,54049,0,11673839600.000,1,0,1,空换,B,5351.6000,5351.4000,5351.2000,5351.0000,5350.6000,5352.4000,5352.6000,5353.0000,5353.2000,5354.8000,2,1,1,5,1,1,2,2,2,1
SF,IC2003,2020-01-03 14:37:50.400,5351.6000,54049,0,11673839600.000,0,-,-,-,-,5351.6000,5351.2000,5351.0000,5350.6000,5350.4000,5352.6000,5353.2000,5354.8000,5355.2000,5355.8000,2,1,5,1,2,2,2,2,2,3
SF,IC2003,2020-01-03 14:37:50.900,5351.6000,54049,0,11673839600.000,0,-,-,-,-,5351.8000,5351.6000,5351.0000,5350.6000,5350.4000,5352.6000,5353.2000,5354.8000,5355.2000,5355.8000,2,2,5,1,2,2,2,2,2,3
SF,IC2003,2020-01-03 14:37:51.400,5351.6000,54049,0,11673839600.000,0,-,-,-,-,5352.0000,5351.8000,5351.0000,5350.6000,5350.4000,5352.6000,5353.2000,5354.8000,5355.2000,5355.8000,2,2,5,1,2,2,2,2,2,3
SF,IC2003,2020-01-03 14:37:51.900,5351.6000,54049,0,11673839600.000,0,-,-,-,-,5352.0000,5351.8000,5351.0000,5350.6000,5350.4000,5352.6000,5353.2000,5354.8000,5355.2000,5355.8000,2,2,5,1,1,2,2,2,2,3
SF,IC2003,2020-01-03 14:37:52.400,5351.6000,54049,0,11673839600.000,0,-,-,-,-,5351.8000,5351.2000,5351.0000,5350.6000,5350.4000,5352.4000,5352.6000,5353.2000,5354.8000,5355.2000,1,1,5,1,1,2,2,2,2,2
SF,IC2003,2020-01-03 14:37:52.900,5351.6000,54049,0,11673839600.000,0,-,-,-,-,5352.0000,5351.2000,5351.0000,5350.6000,5350.4000,5352.4000,5352.6000,5353.2000,5354.8000,5355.2000,2,1,5,1,1,1,2,2,2,2
SF,IC2003,2020-01-03 14:37:53.900,5351.6000,54049,0,11673839600.000,0,-,-,-,-,5352.0000,5351.2000,5351.0000,5350.6000,5350.4000,5352.4000,5352.6000,5353.2000,5354.8000,5355.2000,2,2,5,1,1,1,2,2,2,2
SF,IC2003,2020-01-03 14:37:54.400,5351.6000,54049,0,11673839600.000,0,-,-,-,-,5352.0000,5351.2000,5351.0000,5350.6000,5350.4000,5352.4000,5352.6000,5353.2000,5354.8000,5355.2000,2,2,5,1,1,1,1,2,2,2
SF,IC2003,2020-01-03 14:37:54.900,5351.6000,54049,0,11673839600.000,0,-,-,-,-,5352.0000,5351.2000,5351.0000,5350.6000,5350.4000,5352.4000,5352.6000,5353.2000,5354.8000,5355.2000,2,2,5,1,1,2,1,2,2,2
SF,IC2003,2020-01-03 14:37:55.400,5351.6000,54049,0,11673839600.000,0,-,-,-,-,5352.2000,5352.0000,5351.2000,5351.0000,5350.6000,5352.4000,5352.6000,5353.2000,5354.8000,5355.2000,1,2,2,5,1,2,1,2,2,2
SF,IC2003,2020-01-03 14:37:55.900,5351.6000,54049,0,11673839600.000,0,-,-,-,-,5352.2000,5352.0000,5351.2000,5351.0000,5350.6000,5352.4000,5352.6000,5353.2000,5354.8000,5355.2000,1,2,2,5,1,3,1,2,2,2
SF,IC2003,2020-01-03 14:37:56.400,5352.4000,54049,0,11677051040.000,3,1,2,空换,B,5352.4000,5352.2000,5351.2000,5351.0000,5350.6000,5352.6000,5353.2000,5354.8000,5355.2000,5355.8000,2,1,2,5,1,1,2,2,2,3
SF,IC2003,2020-01-03 14:37:56.900,5352.6000,54049,0,11678121560.000,1,0,1,空换,B,5352.6000,5352.4000,5352.2000,5351.2000,5351.0000,5353.2000,5354.8000,5355.2000,5355.8000,5356.0000,3,2,1,2,5,2,2,2,3,2
SF,IC2003,2020-01-03 14:37:57.400,5352.8000,54049,0,11680262760.000,2,1,1,空换,B,5352.8000,5352.4000,5352.2000,5351.2000,5351.0000,5353.2000,5354.8000,5355.2000,5355.8000,5356.0000,1,2,1,2,5,1,2,2,3,2
SF,IC2003,2020-01-03 14:37:57.900,5352.8000,54049,0,11680262760.000,0,-,-,-,-,5352.8000,5352.4000,5352.2000,5351.2000,5351.0000,5353.2000,5354.8000,5355.2000,5355.8000,5356.0000,1,2,1,2,5,1,2,2,3,2
SF,IC2003,2020-01-03 14:37:58.400,5353.2000,54049,0,11681333400.000,1,0,1,空换,B,5353.2000,5352.8000,5352.2000,5351.6000,5351.2000,5354.8000,5355.2000,5355.8000,5356.0000,5356.6000,3,1,1,1,2,2,2,3,2,3
SF,IC2003,2020-01-03 14:37:58.900,5353.2000,54049,0,11681333400.000,0,-,-,-,-,5353.2000,5352.8000,5352.2000,5351.6000,5351.2000,5354.6000,5354.8000,5355.2000,5355.8000,5356.0000,1,1,1,1,2,3,1,2,3,2
SF,IC2003,2020-01-03 14:37:59.400,5353.2000,54050,1,11682404040.000,1,1,0,双开,B,5352.8000,5352.2000,5351.6000,5351.2000,5351.0000,5353.2000,5354.0000,5354.4000,5354.6000,5355.2000,1,1,1,2,5,1,1,1,3,2
SF,IC2003,2020-01-03 14:37:59.900,5353.2000,54050,0,11682404040.000,0,-,-,-,-,5352.8000,5352.2000,5351.6000,5351.2000,5351.0000,5353.2000,5354.6000,5355.2000,5355.8000,5356.0000,1,2,1,2,5,1,3,2,3,2
SF,IC2003,2020-01-03 14:38:00.400,5352.8000,54051,1,11684545240.000,2,1,1,多开,B,5352.2000,5351.6000,5351.2000,5351.0000,5350.6000,5353.2000,5354.0000,5354.6000,5355.2000,5355.8000,2,1,2,5,1,1,1,3,2,3
SF,IC2003,2020-01-03 14:38:00.900,5353.2000,54051,0,11685615880.000,1,0,1,空换,B,5352.4000,5352.2000,5351.6000,5351.2000,5351.0000,5354.0000,5354.6000,5355.2000,5355.8000,5356.0000,2,2,1,2,5,1,3,2,3,2
SF,IC2003,2020-01-03 14:38:01.400,5352.8000,54052,1,11686686440.000,1,1,0,双开,B,5352.6000,5352.4000,5352.2000,5351.6000,5351.2000,5354.6000,5355.2000,5355.8000,5356.0000,5356.6000,2,4,2,1,2,3,2,3,2,3
SF,IC2003,2020-01-03 14:38:01.900,5352.8000,54052,0,11686686440.000,0,-,-,-,-,5352.8000,5352.6000,5352.4000,5352.2000,5351.6000,5354.6000,5355.2000,5355.8000,5356.0000,5356.6000,4,2,2,2,1,3,2,3,2,3
SF,IC2003,2020-01-03 14:38:02.400,5352.8000,54052,0,11686686440.000,0,-,-,-,-,5353.4000,5353.2000,5352.8000,5352.4000,5352.2000,5354.6000,5356.6000,5358.8000,5359.8000,5360.0000,1,4,2,2,2,2,3,1,8,4
SF,IC2003,2020-01-03 14:38:02.900,5352.8000,54052,0,11686686440.000,0,-,-,-,-,5352.8000,5352.4000,5352.2000,5351.6000,5351.2000,5353.4000,5354.4000,5354.6000,5356.6000,5358.8000,2,2,2,1,1,1,1,2,3,1
SF,IC2003,2020-01-03 14:38:03.400,5352.8000,54052,0,11689898240.000,3,1,2,空换,B,5352.4000,5352.2000,5351.6000,5351.2000,5351.0000,5352.8000,5354.6000,5356.6000,5358.8000,5359.8000,2,2,1,1,5,7,2,3,1,8
SF,IC2003,2020-01-03 14:38:03.900,5352.8000,54048,-4,11697392160.000,7,1,6,空平,B,5352.2000,5351.6000,5351.2000,5351.0000,5350.4000,5353.4000,5354.6000,5356.6000,5358.8000,5359.8000,2,1,1,5,1,1,2,3,1,8
SF,IC2003,2020-01-03 14:38:04.400,5352.8000,54048,0,11697392160.000,0,-,-,-,-,5352.2000,5351.6000,5351.2000,5351.0000,5350.4000,5353.2000,5353.4000,5356.6000,5358.8000,5359.8000,2,1,1,5,1,2,1,3,1,8
SF,IC2003,2020-01-03 14:38:04.900,5352.8000,54048,0,11697392160.000,0,-,-,-,-,5352.8000,5352.2000,5351.6000,5351.2000,5351.0000,5353.2000,5353.4000,5356.6000,5358.8000,5359.8000,1,2,1,1,5,2,1,3,1,8
SF,IC2003,2020-01-03 14:38:05.400,5352.2000,54048,0,11699533160.000,2,1,1,空换,B,5352.2000,5351.6000,5351.2000,5351.0000,5350.4000,5353.2000,5353.4000,5356.6000,5358.8000,5359.8000,1,1,1,5,1,2,1,3,1,8
SF,IC2003,2020-01-03 14:38:05.900,5352.2000,54048,0,11699533160.000,0,-,-,-,-,5352.8000,5352.4000,5352.2000,5351.6000,5351.2000,5353.4000,5356.6000,5358.8000,5359.8000,5360.0000,1,2,1,1,1,1,3,1,8,4
SF,IC2003,2020-01-03 14:38:06.400,5353.4000,54049,1,11700603840.000,1,1,0,双开,B,5352.2000,5351.6000,5351.2000,5350.2000,5350.0000,5355.2000,5356.6000,5358.8000,5359.8000,5360.0000,1,1,1,2,20,1,3,1,8,4
SF,IC2003,2020-01-03 14:38:06.900,5353.4000,54049,0,11700603840.000,0,-,-,-,-,5352.6000,5352.4000,5352.2000,5351.6000,5351.2000,5354.4000,5354.8000,5355.0000,5355.2000,5356.0000,1,1,1,1,1,2,2,10,1,1
SF,IC2003,2020-01-03 14:38:07.400,5353.4000,54049,0,11700603840.000,0,-,-,-,-,5352.2000,5351.6000,5351.2000,5350.2000,5350.0000,5354.2000,5354.4000,5354.8000,5355.0000,5356.0000,1,1,1,2,20,5,1,2,5,1
SF,IC2003,2020-01-03 14:38:07.900,5353.4000,54049,0,11700603840.000,0,-,-,-,-,5352.2000,5351.6000,5351.2000,5350.2000,5350.0000,5354.0000,5354.2000,5354.4000,5354.8000,5355.0000,1,1,1,2,20,1,5,1,2,5
SF,IC2003,2020-01-03 14:38:08.400,5353.4000,54049,0,11700603840.000,0,-,-,-,-,5352.2000,5351.6000,5351.2000,5350.2000,5350.0000,5353.8000,5354.0000,5354.2000,5354.4000,5354.8000,1,1,1,2,20,4,1,2,1,2
SF,IC2003,2020-01-03 14:38:08.900,5353.4000,54049,0,11700603840.000,0,-,-,-,-,5352.2000,5351.6000,5351.2000,5350.2000,5350.0000,5353.8000,5354.2000,5354.4000,5354.8000,5355.0000,1,1,1,2,20,4,2,1,2,5
SF,IC2003,2020-01-03 14:38:09.400,5353.4000,54049,0,11700603840.000,0,-,-,-,-,5352.2000,5351.6000,5351.2000,5350.2000,5350.0000,5353.6000,5353.8000,5354.2000,5354.4000,5354.8000,1,1,1,2,20,1,3,1,1,2
SF,IC2003,2020-01-03 14:38:09.900,5353.4000,54049,0,11700603840.000,0,-,-,-,-,5352.2000,5351.6000,5351.2000,5350.2000,5350.0000,5353.4000,5353.6000,5353.8000,5354.2000,5354.4000,1,1,1,2,20,2,1,1,1,1
SF,IC2003,2020-01-03 14:38:10.400,5353.4000,54049,0,11700603840.000,0,-,-,-,-,5352.2000,5351.6000,5351.2000,5350.2000,5350.0000,5353.4000,5353.6000,5353.8000,5354.2000,5354.4000,3,1,1,2,21,2,1,1,1,1
SF,IC2003,2020-01-03 14:38:10.900,5353.4000,54049,0,11700603840.000,0,-,-,-,-,5352.2000,5351.6000,5351.2000,5350.2000,5350.0000,5353.2000,5353.4000,5353.8000,5354.2000,5354.4000,3,1,1,2,21,1,2,1,1,1
SF,IC2003,2020-01-03 14:38:11.400,5353.4000,54049,0,11700603840.000,0,-,-,-,-,5352.6000,5352.2000,5351.6000,5351.2000,5350.2000,5353.2000,5353.4000,5353.8000,5354.2000,5354.4000,1,3,1,1,2,1,2,1,1,1
SF,IC2003,2020-01-03 14:38:12.400,5353.2000,54048,-1,11701674480.000,1,0,1,双平,B,5352.2000,5351.6000,5351.2000,5350.2000,5350.0000,5353.4000,5354.2000,5354.4000,5354.8000,5356.6000,1,1,1,2,21,2,1,1,2,3
SF,IC2003,2020-01-03 14:38:12.900,5353.4000,54049,1,11703815840.000,2,1,1,多开,B,5353.4000,5353.2000,5353.0000,5352.2000,5351.6000,5354.2000,5354.4000,5354.8000,5356.6000,5358.8000,1,4,3,1,1,1,1,1,3,1
SF,IC2003,2020-01-03 14:38:13.400,5353.4000,54049,0,11703815840.000,0,-,-,-,-,5353.6000,5353.0000,5352.8000,5352.2000,5351.6000,5356.6000,5358.8000,5359.8000,5360.0000,5361.0000,3,3,1,1,1,3,1,8,4,2
SF,IC2003,2020-01-03 14:38:13.900,5355.6000,54050,1,11704886960.000,1,1,0,双开,B,5354.2000,5354.0000,5353.8000,5353.6000,5353.4000,5356.2000,5356.4000,5356.6000,5358.8000,5359.8000,1,1,1,3,1,2,4,3,1,8
SF,IC2003,2020-01-03 14:38:14.400,5355.6000,54050,0,11704886960.000,0,-,-,-,-,5354.4000,5354.0000,5353.8000,5353.6000,5353.4000,5356.0000,5356.2000,5356.6000,5358.8000,5359.8000,2,1,1,1,1,3,2,3,1,8
SF,IC2003,2020-01-03 14:38:14.900,5355.6000,54050,0,11704886960.000,0,-,-,-,-,5354.4000,5354.0000,5353.8000,5353.6000,5353.4000,5355.8000,5356.0000,5356.2000,5356.6000,5358.8000,2,1,1,1,1,1,3,2,3,1
SF,IC2003,2020-01-03 14:38:15.400,5355.6000,54050,0,11704886960.000,0,-,-,-,-,5354.0000,5353.8000,5353.6000,5353.4000,5353.0000,5355.0000,5355.6000,5355.8000,5356.0000,5356.2000,1,1,1,1,3,1,3,1,1,2
SF,IC2003,2020-01-03 14:38:15.900,5355.6000,54050,0,11704886960.000,0,-,-,-,-,5354.0000,5353.6000,5353.4000,5353.0000,5352.2000,5355.0000,5355.2000,5355.6000,5355.8000,5356.0000,1,1,1,3,1,1,1,3,1,1
SF,IC2003,2020-01-03 14:38:16.400,5355.6000,54050,0,11704886960.000,0,-,-,-,-,5354.0000,5353.6000,5353.4000,5353.0000,5352.2000,5355.0000,5355.2000,5355.6000,5355.8000,5356.0000,1,1,1,3,1,1,1,3,1,1
SF,IC2003,2020-01-03 14:38:16.900,5355.0000,54049,-1,11705957960.000,1,0,1,双平,B,5354.2000,5354.0000,5353.6000,5353.4000,5353.0000,5355.2000,5355.6000,5355.8000,5356.2000,5356.6000,2,1,1,1,1,1,1,1,1,3
SF,IC2003,2020-01-03 14:38:17.400,5355.0000,54049,0,11705957960.000,0,-,-,-,-,5354.2000,5354.0000,5353.6000,5353.4000,5353.0000,5355.8000,5356.2000,5356.6000,5358.8000,5359.8000,2,3,1,1,1,1,1,3,1,8
SF,IC2003,2020-01-03 14:38:17.900,5355.0000,54049,0,11705957960.000,0,-,-,-,-,5354.2000,5354.0000,5353.6000,5353.4000,5353.0000,5355.6000,5355.8000,5356.2000,5356.6000,5358.8000,2,1,1,1,1,2,1,1,3,1
SF,IC2003,2020-01-03 14:38:18.400,5355.0000,54049,0,11705957960.000,0,-,-,-,-,5354.2000,5354.0000,5353.4000,5353.0000,5352.2000,5355.4000,5355.6000,5355.8000,5356.2000,5356.6000,2,1,1,1,1,1,2,1,1,3
SF,IC2003,2020-01-03 14:38:18.900,5355.0000,54049,0,11705957960.000,0,-,-,-,-,5355.0000,5354.2000,5354.0000,5353.4000,5353.0000,5355.2000,5355.8000,5356.2000,5356.6000,5358.8000,1,2,1,1,1,2,1,1,3,1
SF,IC2003,2020-01-03 14:38:19.400,5355.0000,54049,0,11707028960.000,1,0,1,空换,B,5354.2000,5354.0000,5353.4000,5353.0000,5352.2000,5355.0000,5355.8000,5356.6000,5358.8000,5359.8000,2,1,1,1,1,2,2,3,1,8
SF,IC2003,2020-01-03 14:38:19.900,5355.0000,54049,0,11707028960.000,0,-,-,-,-,5355.4000,5354.2000,5354.0000,5353.4000,5353.0000,5355.8000,5356.6000,5358.8000,5359.8000,5360.0000,2,2,1,1,1,2,3,1,8,4
SF,IC2003,2020-01-03 14:38:20.400,5355.4000,54049,0,11709171120.000,2,1,1,空换,B,5355.0000,5354.2000,5354.0000,5353.4000,5353.0000,5355.8000,5356.6000,5358.8000,5359.8000,5360.0000,1,2,1,1,1,2,3,1,8,4
SF,IC2003,2020-01-03 14:38:21.400,5355.4000,54049,0,11709171120.000,0,-,-,-,-,5355.0000,5354.2000,5353.4000,5353.0000,5352.2000,5355.8000,5356.6000,5358.8000,5359.8000,5360.0000,1,2,1,1,1,2,3,1,8,4
SF,IC2003,2020-01-03 14:38:22.900,5355.4000,54049,0,11709171120.000,0,-,-,-,-,5355.0000,5354.2000,5353.4000,5353.0000,5352.2000,5355.6000,5355.8000,5356.6000,5358.8000,5359.8000,1,2,1,1,1,1,2,3,1,8
SF,IC2003,2020-01-03 14:38:23.400,5355.4000,54049,0,11709171120.000,0,-,-,-,-,5355.0000,5354.2000,5353.4000,5353.0000,5352.2000,5355.6000,5355.8000,5356.6000,5358.8000,5359.8000,1,2,1,1,1,2,2,3,1,8
SF,IC2003,2020-01-03 14:38:24.400,5355.4000,54049,0,11709171120.000,0,-,-,-,-,5355.0000,5354.2000,5353.4000,5353.0000,5352.2000,5355.4000,5355.6000,5355.8000,5356.6000,5358.8000,1,2,1,1,1,1,1,2,3,1
SF,IC2003,2020-01-03 14:38:24.900,5355.4000,54049,0,11710242200.000,1,0,1,空换,B,5355.0000,5354.2000,5353.4000,5353.0000,5352.2000,5355.6000,5355.8000,5356.6000,5358.8000,5359.8000,1,2,1,1,1,2,2,3,1,8
SF,IC2003,2020-01-03 14:38:25.400,5355.0000,54049,0,11711313200.000,1,0,1,空换,B,5354.2000,5353.4000,5353.0000,5352.2000,5351.6000,5355.0000,5355.4000,5355.6000,5355.8000,5356.6000,2,1,1,1,1,4,2,2,2,3
SF,IC2003,2020-01-03 14:38:25.900,5355.0000,54049,0,11712384200.000,1,0,1,空换,B,5354.2000,5353.4000,5353.0000,5352.2000,5351.6000,5354.8000,5355.0000,5355.4000,5355.6000,5355.8000,2,1,1,1,1,1,4,2,2,2
SF,IC2003,2020-01-03 14:38:26.400,5355.0000,54049,0,11712384200.000,0,-,-,-,-,5353.4000,5353.0000,5352.2000,5351.6000,5351.2000,5355.0000,5355.4000,5355.6000,5355.8000,5356.6000,1,1,1,1,1,4,2,2,2,3
SF,IC2003,2020-01-03 14:38:26.900,5355.0000,54049,0,11712384200.000,0,-,-,-,-,5353.6000,5353.4000,5353.0000,5352.2000,5351.6000,5354.8000,5355.0000,5355.6000,5355.8000,5356.6000,2,1,1,1,1,3,4,2,2,3
SF,IC2003,2020-01-03 14:38:27.400,5355.0000,54052,3,11717739200.000,5,4,1,多开,B,5353.8000,5353.6000,5353.4000,5353.0000,5352.2000,5355.0000,5355.6000,5355.8000,5356.6000,5358.8000,1,2,1,1,1,2,2,2,3,1
SF,IC2003,2020-01-03 14:38:27.900,5355.0000,54052,0,11717739200.000,0,-,-,-,-,5354.0000,5353.8000,5353.4000,5353.0000,5352.2000,5355.0000,5355.6000,5355.8000,5356.6000,5358.8000,2,1,1,1,1,2,2,2,3,1
SF,IC2003,2020-01-03 14:38:28.400,5355.0000,54053,1,11718810200.000,1,1,0,双开,B,5354.0000,5353.8000,5353.0000,5352.2000,5351.6000,5355.0000,5355.6000,5355.8000,5356.6000,5358.8000,2,1,1,1,1,2,2,3,3,1
SF,IC2003,2020-01-03 14:38:28.900,5355.0000,54053,0,11718810200.000,0,-,-,-,-,5354.0000,5353.8000,5353.0000,5352.2000,5351.6000,5354.8000,5355.0000,5355.6000,5355.8000,5356.6000,2,1,1,1,1,1,2,2,3,3
SF,IC2003,2020-01-03 14:38:29.400,5355.0000,54053,0,11718810200.000,0,-,-,-,-,5353.8000,5353.0000,5352.2000,5351.6000,5351.2000,5354.8000,5355.0000,5355.6000,5355.8000,5356.6000,1,1,1,1,1,1,2,2,3,3
SF,IC2003,2020-01-03 14:38:29.900,5355.0000,54053,0,11718810200.000,0,-,-,-,-,5354.0000,5353.8000,5353.0000,5352.2000,5351.6000,5354.6000,5355.0000,5355.6000,5355.8000,5356.6000,2,1,1,1,1,1,2,2,3,3
SF,IC2003,2020-01-03 14:38:30.400,5355.0000,54053,0,11718810200.000,0,-,-,-,-,5354.0000,5353.0000,5352.2000,5351.6000,5351.2000,5354.6000,5355.0000,5355.6000,5355.8000,5356.6000,2,1,1,1,1,1,1,2,3,3
SF,IC2003,2020-01-03 14:38:31.400,5355.0000,54053,0,11718810200.000,0,-,-,-,-,5354.0000,5353.8000,5353.0000,5352.2000,5351.6000,5354.6000,5355.0000,5355.6000,5355.8000,5356.6000,2,1,1,1,1,1,1,2,3,3
SF,IC2003,2020-01-03 14:38:31.900,5354.6000,54052,-1,11719881120.000,1,0,1,双平,B,5354.6000,5354.0000,5353.8000,5353.0000,5352.2000,5355.0000,5355.6000,5355.8000,5356.6000,5358.8000,1,2,1,1,1,1,2,3,3,1
SF,IC2003,2020-01-03 14:38:32.400,5354.6000,54052,0,11719881120.000,0,-,-,-,-,5354.8000,5354.6000,5354.0000,5353.8000,5353.0000,5355.0000,5355.6000,5355.8000,5356.6000,5358.8000,1,1,2,1,1,1,2,3,3,1
SF,IC2003,2020-01-03 14:38:32.900,5354.6000,54052,0,11719881120.000,0,-,-,-,-,5354.8000,5354.6000,5354.0000,5353.8000,5353.0000,5355.0000,5355.6000,5355.8000,5356.6000,5356.8000,1,1,2,1,1,1,2,3,3,1
SF,IC2003,2020-01-03 14:38:33.400,5354.6000,54052,0,11719881120.000,0,-,-,-,-,5354.8000,5354.6000,5354.0000,5353.8000,5353.0000,5355.0000,5355.6000,5355.8000,5356.6000,5356.8000,1,1,2,1,1,1,2,5,3,1
SF,IC2003,2020-01-03 14:38:33.900,5354.6000,54051,-1,11723094000.000,3,1,2,空平,B,5354.0000,5353.8000,5353.0000,5352.2000,5352.0000,5355.6000,5355.8000,5356.6000,5356.8000,5358.8000,2,1,1,1,1,2,4,3,1,1
SF,IC2003,2020-01-03 14:38:34.400,5354.6000,54051,0,11723094000.000,0,-,-,-,-,5354.0000,5353.8000,5353.0000,5352.2000,5352.0000,5355.0000,5355.4000,5355.6000,5355.8000,5356.6000,2,1,1,1,1,1,2,2,4,3
SF,IC2003,2020-01-03 14:38:35.400,5354.6000,54051,0,11723094000.000,0,-,-,-,-,5354.0000,5353.8000,5353.0000,5352.2000,5352.0000,5355.0000,5355.4000,5355.6000,5355.8000,5356.6000,3,1,1,1,1,1,2,2,4,3
SF,IC2003,2020-01-03 14:38:35.900,5354.6000,54051,0,11723094000.000,0,-,-,-,-,5354.0000,5353.8000,5353.0000,5352.2000,5352.0000,5355.0000,5355.6000,5355.8000,5356.6000,5356.8000,3,1,1,1,1,1,2,4,3,1
SF,IC2003,2020-01-03 14:38:36.400,5354.6000,54051,0,11723094000.000,0,-,-,-,-,5354.0000,5353.8000,5353.0000,5352.2000,5352.0000,5355.0000,5355.6000,5355.8000,5356.6000,5356.8000,3,1,1,1,1,1,2,4,4,1
SF,IC2003,2020-01-03 14:38:36.900,5354.6000,54051,0,11723094000.000,0,-,-,-,-,5354.0000,5353.8000,5353.0000,5352.2000,5352.0000,5354.6000,5355.0000,5355.6000,5355.8000,5356.6000,3,1,1,1,1,1,1,2,4,4
SF,IC2003,2020-01-03 14:38:37.400,5354.6000,54051,0,11723094000.000,0,-,-,-,-,5354.0000,5353.8000,5353.0000,5352.2000,5352.0000,5354.6000,5355.0000,5355.6000,5355.8000,5356.6000,3,1,1,1,1,1,1,2,4,4
SF,IC2003,2020-01-03 14:38:37.900,5354.6000,54051,0,11723094000.000,0,-,-,-,-,5354.2000,5354.0000,5353.8000,5353.0000,5352.2000,5354.6000,5355.0000,5355.6000,5355.8000,5356.6000,1,3,1,1,1,1,1,2,4,4
SF,IC2003,2020-01-03 14:38:38.900,5354.6000,54051,0,11723094000.000,0,-,-,-,-,5354.2000,5354.0000,5353.8000,5353.0000,5352.2000,5354.6000,5355.0000,5355.6000,5355.8000,5356.6000,1,3,1,1,1,1,1,2,4,4
SF,IC2003,2020-01-03 14:38:39.900,5354.6000,54051,0,11723094000.000,0,-,-,-,-,5354.2000,5354.0000,5353.8000,5353.0000,5352.2000,5354.6000,5355.0000,5355.6000,5355.8000,5356.6000,2,4,1,1,1,1,1,2,4,4
SF,IC2003,2020-01-03 14:38:44.400,5354.6000,54051,0,11723094000.000,0,-,-,-,-,5354.2000,5354.0000,5353.8000,5353.0000,5352.2000,5354.6000,5355.0000,5355.6000,5355.8000,5356.0000,2,4,1,1,1,1,1,3,3,1
SF,IC2003,2020-01-03 14:38:44.900,5354.2000,54051,0,11725235680.000,2,1,1,空换,B,5354.0000,5353.8000,5353.0000,5352.2000,5352.0000,5354.2000,5354.6000,5355.0000,5355.6000,5355.8000,2,1,1,1,1,1,1,1,3,3
SF,IC2003,2020-01-03 14:38:45.400,5353.8000,54052,1,11728448040.000,3,2,1,多开,B,5352.2000,5352.0000,5351.6000,5351.0000,5350.2000,5352.8000,5353.6000,5353.8000,5354.0000,5354.2000,1,1,1,3,1,1,1,1,6,2
SF,IC2003,2020-01-03 14:38:45.900,5353.8000,54052,0,11728448040.000,0,-,-,-,-,5352.4000,5352.2000,5352.0000,5351.6000,5351.0000,5352.6000,5352.8000,5354.0000,5354.2000,5354.6000,2,1,1,1,3,1,1,1,3,1
SF,IC2003,2020-01-03 14:38:46.400,5352.4000,54053,1,11732730200.000,4,2,2,多开,B,5352.4000,5352.2000,5352.0000,5351.6000,5351.0000,5354.0000,5354.2000,5354.6000,5355.0000,5355.6000,1,1,1,1,3,1,3,1,1,3
SF,IC2003,2020-01-03 14:38:46.900,5352.4000,54053,0,11732730200.000,0,-,-,-,-,5352.4000,5352.2000,5352.0000,5351.6000,5351.0000,5353.8000,5354.0000,5354.2000,5354.6000,5355.0000,1,1,1,1,3,3,1,3,1,1
SF,IC2003,2020-01-03 14:38:47.400,5352.4000,54053,0,11732730200.000,0,-,-,-,-,5352.4000,5352.2000,5352.0000,5351.6000,5351.0000,5353.8000,5354.0000,5354.2000,5354.6000,5355.0000,1,1,1,1,3,1,1,2,1,1
SF,IC2003,2020-01-03 14:38:47.900,5352.4000,54053,0,11732730200.000,0,-,-,-,-,5352.6000,5352.4000,5352.2000,5352.0000,5351.6000,5354.0000,5354.2000,5354.6000,5355.0000,5355.6000,3,1,1,1,1,1,2,1,1,2
SF,IC2003,2020-01-03 14:38:48.400,5352.4000,54053,0,11732730200.000,0,-,-,-,-,5352.8000,5352.6000,5352.2000,5352.0000,5351.6000,5354.0000,5354.2000,5354.6000,5355.0000,5355.6000,2,3,1,1,1,1,2,1,1,2
SF,IC2003,2020-01-03 14:38:48.900,5352.4000,54053,0,11732730200.000,0,-,-,-,-,5353.4000,5352.8000,5352.6000,5352.2000,5352.0000,5354.0000,5354.2000,5354.6000,5354.8000,5355.0000,1,2,3,1,1,1,2,1,1,1
SF,IC2003,2020-01-03 14:38:49.900,5352.4000,54053,0,11732730200.000,0,-,-,-,-,5353.4000,5352.8000,5352.6000,5352.2000,5352.0000,5354.2000,5354.6000,5354.8000,5355.0000,5355.6000,1,2,3,1,1,2,1,1,1,2
SF,IC2003,2020-01-03 14:38:50.400,5352.4000,54054,1,11733800680.000,1,1,0,双开,B,5353.6000,5353.4000,5352.6000,5352.2000,5352.0000,5354.2000,5354.6000,5354.8000,5355.0000,5355.6000,1,1,3,1,1,1,1,1,1,2
SF,IC2003,2020-01-03 14:38:50.900,5352.4000,54054,0,11733800680.000,0,-,-,-,-,5353.6000,5353.4000,5352.6000,5352.2000,5352.0000,5354.6000,5354.8000,5355.0000,5355.6000,5355.8000,1,1,3,1,1,1,1,1,2,3
SF,IC2003,2020-01-03 14:38:51.400,5352.4000,54054,0,11733800680.000,0,-,-,-,-,5353.6000,5353.4000,5352.6000,5352.2000,5352.0000,5354.6000,5354.8000,5355.0000,5355.6000,5355.8000,1,1,2,1,1,1,1,1,2,3
SF,IC2003,2020-01-03 14:38:52.400,5352.4000,54054,0,11733800680.000,0,-,-,-,-,5353.6000,5353.4000,5352.6000,5352.2000,5352.0000,5354.6000,5354.8000,5355.0000,5355.2000,5355.6000,1,1,2,1,1,1,1,1,1,1
SF,IC2003,2020-01-03 14:38:53.400,5353.4000,54053,-1,11734871360.000,1,0,1,双平,B,5353.6000,5353.4000,5352.6000,5352.2000,5352.0000,5354.6000,5354.8000,5355.0000,5355.2000,5355.6000,1,1,2,1,1,1,1,1,1,1
SF,IC2003,2020-01-03 14:38:53.900,5353.4000,54053,0,11734871360.000,0,-,-,-,-,5353.4000,5352.6000,5352.2000,5352.0000,5351.6000,5353.6000,5354.4000,5354.6000,5354.8000,5355.0000,1,2,1,1,1,1,2,1,1,1
SF,IC2003,2020-01-03 14:38:54.400,5353.6000,54053,0,11735942080.000,1,0,1,空换,B,5353.4000,5352.6000,5352.2000,5352.0000,5351.6000,5353.6000,5354.4000,5354.6000,5354.8000,5355.0000,1,2,1,1,1,1,2,1,1,1
SF,IC2003,2020-01-03 14:38:55.400,5353.4000,54053,0,11737012760.000,1,0,1,空换,B,5352.6000,5352.2000,5352.0000,5351.6000,5351.0000,5353.6000,5354.4000,5354.6000,5354.8000,5355.0000,2,1,1,1,3,1,2,1,1,1
SF,IC2003,2020-01-03 14:38:55.900,5353.6000,54052,-1,11738083480.000,1,0,1,双平,B,5353.0000,5352.8000,5352.6000,5352.2000,5352.0000,5354.4000,5354.8000,5355.0000,5355.2000,5355.6000,3,2,2,1,1,2,1,1,1,1
SF,IC2003,2020-01-03 14:38:56.400,5353.6000,54052,0,11738083480.000,0,-,-,-,-,5353.2000,5353.0000,5352.6000,5352.2000,5352.0000,5354.4000,5354.8000,5355.0000,5355.2000,5355.6000,2,2,2,1,1,2,1,1,1,1
SF,IC2003,2020-01-03 14:38:56.900,5353.6000,54052,0,11738083480.000,0,-,-,-,-,5353.2000,5353.0000,5352.6000,5352.2000,5352.0000,5353.6000,5354.4000,5354.8000,5355.0000,5355.2000,2,2,2,1,1,1,2,1,1,1
SF,IC2003,2020-01-03 14:38:57.400,5353.6000,54052,0,11739154200.000,1,0,1,空换,B,5353.8000,5353.6000,5353.2000,5353.0000,5352.6000,5354.8000,5355.0000,5355.2000,5355.6000,5355.8000,1,1,2,2,2,1,1,1,1,3
SF,IC2003,2020-01-03 14:38:57.900,5353.6000,54054,2,11741295640.000,2,2,0,双开,B,5354.0000,5353.0000,5352.6000,5352.2000,5352.0000,5354.8000,5355.0000,5355.2000,5355.6000,5355.8000,3,2,2,1,1,1,1,1,1,3
SF,IC2003,2020-01-03 14:38:58.400,5353.8000,54054,0,11743437160.000,2,1,1,空换,B,5354.2000,5354.0000,5353.0000,5352.6000,5352.2000,5354.8000,5355.0000,5355.2000,5355.6000,5355.8000,1,1,2,2,1,1,1,1,1,3
SF,IC2003,2020-01-03 14:38:58.900,5353.8000,54054,0,11743437160.000,0,-,-,-,-,5354.2000,5354.0000,5353.4000,5353.2000,5353.0000,5354.8000,5355.0000,5355.2000,5355.6000,5355.8000,1,1,1,1,3,1,1,1,1,3
SF,IC2003,2020-01-03 14:38:59.400,5353.8000,54054,0,11743437160.000,0,-,-,-,-,5354.2000,5354.0000,5353.4000,5353.2000,5353.0000,5354.8000,5355.0000,5355.2000,5355.6000,5355.8000,1,1,1,1,3,1,1,1,1,3
SF,IC2003,2020-01-03 14:38:59.900,5353.8000,54054,0,11743437160.000,0,-,-,-,-,5354.2000,5354.0000,5353.4000,5353.2000,5353.0000,5354.8000,5355.0000,5355.2000,5355.6000,5355.8000,1,1,1,1,3,1,1,1,1,3
SF,IC2003,2020-01-03 14:39:00.400,5353.8000,54054,0,11743437160.000,0,-,-,-,-,5354.2000,5353.4000,5353.2000,5353.0000,5352.6000,5354.8000,5355.0000,5355.2000,5355.6000,5355.8000,1,1,1,3,1,1,1,1,1,3
SF,IC2003,2020-01-03 14:39:00.900,5354.6000,54055,1,11744508080.000,1,1,0,双开,B,5354.2000,5353.2000,5353.0000,5352.6000,5352.2000,5354.6000,5354.8000,5355.0000,5355.2000,5355.6000,1,1,3,1,1,1,1,1,1,1
SF,IC2003,2020-01-03 14:39:01.400,5354.2000,54054,-1,11745578920.000,1,0,1,双平,B,5353.2000,5353.0000,5352.6000,5352.2000,5352.0000,5354.2000,5354.6000,5354.8000,5355.0000,5355.2000,1,3,1,1,1,2,1,1,1,1
SF,IC2003,2020-01-03 14:39:01.900,5354.2000,54054,0,11746649760.000,1,0,1,空换,B,5353.2000,5353.0000,5352.6000,5352.2000,5352.0000,5354.2000,5354.6000,5354.8000,5355.0000,5355.2000,1,3,1,1,1,1,1,1,1,1
SF,IC2003,2020-01-03 14:39:02.400,5354.2000,54054,0,11746649760.000,0,-,-,-,-,5353.4000,5353.2000,5353.0000,5352.6000,5352.2000,5354.2000,5354.6000,5354.8000,5355.0000,5355.2000,1,1,3,1,1,1,1,1,1,1
SF,IC2003,2020-01-03 14:39:03.400,5354.2000,54055,1,11747720600.000,1,1,0,双开,B,5354.2000,5353.6000,5353.4000,5353.2000,5353.0000,5354.6000,5354.8000,5355.0000,5355.2000,5355.6000,4,1,1,1,3,1,1,1,1,1
SF,IC2003,2020-01-03 14:39:03.900,5354.2000,54055,0,11747720600.000,0,-,-,-,-,5354.2000,5353.6000,5353.4000,5353.2000,5353.0000,5354.8000,5355.0000,5355.2000,5355.6000,5355.8000,4,1,1,1,3,1,1,1,1,3
SF,IC2003,2020-01-03 14:39:04.400,5354.2000,54055,0,11747720600.000,0,-,-,-,-,5354.2000,5353.6000,5353.4000,5353.2000,5353.0000,5354.8000,5355.0000,5355.2000,5355.6000,5355.8000,4,1,1,1,3,1,1,1,1,3
SF,IC2003,2020-01-03 14:39:04.900,5354.2000,54055,0,11747720600.000,0,-,-,-,-,5354.2000,5353.6000,5353.4000,5353.2000,5353.0000,5354.8000,5355.0000,5355.2000,5355.6000,5355.8000,4,1,1,1,3,1,1,1,1,3
SF,IC2003,2020-01-03 14:39:05.400,5354.2000,54055,0,11747720600.000,0,-,-,-,-,5354.6000,5354.2000,5353.6000,5353.4000,5353.2000,5354.8000,5355.0000,5355.2000,5355.6000,5355.8000,5,4,1,1,1,1,1,1,1,3
SF,IC2003,2020-01-03 14:39:05.900,5354.2000,54055,0,11747720600.000,0,-,-,-,-,5354.6000,5354.2000,5353.6000,5353.4000,5353.2000,5354.8000,5355.0000,5355.2000,5355.6000,5355.8000,5,4,1,1,1,1,1,1,1,3
SF,IC2003,2020-01-03 14:39:06.400,5354.6000,54056,1,11750933400.000,3,2,1,多开,B,5354.8000,5354.6000,5354.2000,5353.6000,5353.2000,5355.0000,5355.2000,5355.6000,5355.8000,5356.0000,1,3,4,1,1,1,1,1,3,1
SF,IC2003,2020-01-03 14:39:07.400,5354.6000,54056,0,11750933400.000,0,-,-,-,-,5354.8000,5354.6000,5354.2000,5353.2000,5353.0000,5355.0000,5355.2000,5355.6000,5355.8000,5356.0000,1,3,4,1,3,1,1,1,3,1
SF,IC2003,2020-01-03 14:39:07.900,5354.8000,54058,2,11754146240.000,3,2,1,多开,B,5354.6000,5354.2000,5353.2000,5353.0000,5352.6000,5355.0000,5355.2000,5355.6000,5355.8000,5356.0000,2,4,1,3,1,1,1,1,3,1
SF,IC2003,2020-01-03 14:39:08.400,5354.6000,54059,1,11756288080.000,2,1,1,多开,B,5354.2000,5353.2000,5353.0000,5352.6000,5352.2000,5355.0000,5355.2000,5355.6000,5355.8000,5356.0000,4,1,3,1,1,1,1,1,3,1
SF,IC2003,2020-01-03 14:39:08.900,5354.6000,54059,0,11756288080.000,0,-,-,-,-,5354.2000,5353.2000,5353.0000,5352.6000,5352.2000,5354.8000,5355.0000,5355.2000,5355.6000,5355.8000,4,1,3,1,1,2,1,1,1,3
SF,IC2003,2020-01-03 14:39:09.900,5354.6000,54059,0,11756288080.000,0,-,-,-,-,5354.2000,5353.2000,5353.0000,5352.6000,5352.2000,5354.8000,5355.0000,5355.2000,5355.8000,5356.0000,4,1,3,1,1,2,1,1,3,1
SF,IC2003,2020-01-03 14:39:10.900,5354.8000,54059,0,11757359040.000,1,0,1,空换,B,5354.2000,5353.2000,5353.0000,5352.6000,5352.2000,5354.8000,5355.0000,5355.2000,5355.8000,5356.0000,4,1,3,1,1,1,1,1,3,1
SF,IC2003,2020-01-03 14:39:11.400,5354.8000,54059,0,11757359040.000,0,-,-,-,-,5354.2000,5353.2000,5353.0000,5352.6000,5352.2000,5355.0000,5355.2000,5355.8000,5356.0000,5356.6000,4,1,3,1,1,1,1,3,1,5
SF,IC2003,2020-01-03 14:39:11.900,5354.8000,54059,0,11757359040.000,0,-,-,-,-,5354.4000,5354.2000,5353.2000,5353.0000,5352.6000,5355.0000,5355.2000,5355.8000,5356.0000,5356.6000,2,4,1,3,1,1,1,3,1,5
SF,IC2003,2020-01-03 14:39:12.400,5354.6000,54059,0,11758429960.000,1,0,1,空换,B,5354.4000,5354.2000,5353.2000,5353.0000,5352.6000,5355.0000,5355.2000,5355.8000,5356.0000,5356.6000,2,4,1,3,1,1,1,3,1,5
SF,IC2003,2020-01-03 14:39:12.900,5354.6000,54059,0,11758429960.000,0,-,-,-,-,5353.2000,5353.0000,5352.6000,5352.2000,5352.0000,5354.6000,5355.0000,5355.2000,5355.8000,5356.0000,1,3,1,1,1,1,1,1,3,1
SF,IC2003,2020-01-03 14:39:13.400,5354.6000,54059,0,11758429960.000,0,-,-,-,-,5353.6000,5353.4000,5353.2000,5353.0000,5352.6000,5354.6000,5355.0000,5355.2000,5355.8000,5356.0000,1,2,1,1,1,1,1,1,3,1
SF,IC2003,2020-01-03 14:39:13.900,5354.6000,54059,0,11758429960.000,0,-,-,-,-,5353.8000,5353.6000,5353.2000,5353.0000,5352.6000,5354.6000,5355.0000,5355.2000,5355.8000,5356.0000,2,1,3,1,1,1,1,1,3,1
SF,IC2003,2020-01-03 14:39:14.400,5354.6000,54060,1,11759500880.000,1,1,0,双开,B,5353.8000,5353.6000,5353.2000,5353.0000,5352.6000,5355.0000,5355.2000,5355.8000,5356.0000,5356.6000,2,1,3,1,1,1,1,3,1,5
SF,IC2003,2020-01-03 14:39:14.900,5354.6000,54060,0,11759500880.000,0,-,-,-,-,5353.8000,5353.6000,5353.2000,5353.0000,5352.6000,5355.0000,5355.2000,5355.8000,5356.0000,5356.6000,2,1,3,1,1,1,1,3,1,5
SF,IC2003,2020-01-03 14:39:15.400,5354.6000,54060,0,11759500880.000,0,-,-,-,-,5353.8000,5353.6000,5353.2000,5353.0000,5352.6000,5355.0000,5355.2000,5355.8000,5356.0000,5356.6000,2,1,3,1,1,1,1,3,1,5
SF,IC2003,2020-01-03 14:39:16.400,5355.0000,54060,0,11760571880.000,1,0,1,空换,B,5353.8000,5353.6000,5353.2000,5353.0000,5352.6000,5355.2000,5355.8000,5356.0000,5356.6000,5357.0000,2,1,3,1,1,1,3,1,5,1
SF,IC2003,2020-01-03 14:39:16.900,5355.0000,54060,0,11760571880.000,0,-,-,-,-,5355.0000,5353.8000,5353.6000,5353.2000,5353.0000,5355.2000,5355.8000,5356.0000,5356.6000,5357.0000,4,2,1,3,1,1,3,1,5,1
SF,IC2003,2020-01-03 14:39:17.900,5355.0000,54061,1,11761642880.000,1,1,0,双开,B,5355.0000,5353.8000,5353.6000,5353.2000,5353.0000,5355.2000,5355.8000,5356.0000,5356.6000,5357.0000,3,2,1,3,1,1,3,1,5,1
SF,IC2003,2020-01-03 14:39:18.400,5355.0000,54064,3,11764855880.000,3,3,0,双开,B,5354.2000,5353.8000,5353.2000,5353.0000,5352.6000,5355.2000,5355.8000,5356.0000,5356.6000,5357.0000,1,2,3,1,1,1,3,1,5,1
SF,IC2003,2020-01-03 14:39:18.900,5355.2000,54065,1,11765926920.000,1,1,0,双开,B,5354.2000,5353.8000,5353.2000,5353.0000,5352.6000,5355.8000,5356.0000,5356.6000,5357.0000,5358.8000,1,2,3,1,1,3,1,5,1,1
SF,IC2003,2020-01-03 14:39:19.400,5355.2000,54065,0,11765926920.000,0,-,-,-,-,5354.4000,5354.2000,5353.2000,5353.0000,5352.6000,5355.6000,5355.8000,5356.0000,5356.6000,5357.0000,2,1,3,1,1,2,3,1,5,1
SF,IC2003,2020-01-03 14:39:19.900,5355.2000,54065,0,11765926920.000,0,-,-,-,-,5355.2000,5354.4000,5354.2000,5353.2000,5353.0000,5355.6000,5355.8000,5356.0000,5356.6000,5357.0000,1,2,1,3,1,2,3,1,5,1
SF,IC2003,2020-01-03 14:39:20.400,5355.2000,54065,0,11766997960.000,1,0,1,空换,B,5354.4000,5354.2000,5353.2000,5353.0000,5352.6000,5355.6000,5355.8000,5356.0000,5356.6000,5357.0000,2,1,3,1,1,2,3,1,5,1
SF,IC2003,2020-01-03 14:39:20.900,5355.2000,54065,0,11766997960.000,0,-,-,-,-,5354.4000,5354.2000,5353.2000,5353.0000,5352.6000,5355.4000,5355.6000,5355.8000,5356.0000,5356.6000,2,1,3,1,1,1,2,3,1,5
SF,IC2003,2020-01-03 14:39:21.400,5355.6000,54066,1,11768069080.000,1,1,0,双开,B,5354.2000,5353.2000,5353.0000,5352.6000,5352.2000,5355.6000,5355.8000,5356.0000,5356.6000,5357.0000,1,3,1,1,1,1,3,1,5,1
SF,IC2003,2020-01-03 14:39:21.900,5355.6000,54066,0,11768069080.000,0,-,-,-,-,5354.8000,5354.4000,5354.2000,5354.0000,5353.2000,5355.4000,5355.6000,5355.8000,5356.0000,5356.6000,1,2,1,1,3,1,1,3,1,5
SF,IC2003,2020-01-03 14:39:22.400,5355.6000,54066,0,11768069080.000,0,-,-,-,-,5354.8000,5354.4000,5354.2000,5354.0000,5353.2000,5355.6000,5355.8000,5356.0000,5356.6000,5357.0000,1,2,1,1,3,1,3,1,5,1
SF,IC2003,2020-01-03 14:39:22.900,5355.6000,54066,0,11768069080.000,0,-,-,-,-,5355.4000,5354.8000,5354.4000,5354.2000,5354.0000,5355.6000,5355.8000,5356.0000,5356.6000,5357.0000,1,1,2,1,1,1,3,1,5,1
SF,IC2003,2020-01-03 14:39:23.400,5355.4000,54067,1,11769140160.000,1,1,0,双开,B,5354.8000,5354.4000,5354.2000,5354.0000,5353.2000,5355.4000,5355.6000,5355.8000,5356.0000,5356.6000,1,2,1,1,3,2,1,3,1,5
SF,IC2003,2020-01-03 14:39:23.900,5355.4000,54067,0,11769140160.000,0,-,-,-,-,5354.8000,5354.4000,5354.2000,5354.0000,5353.2000,5355.4000,5355.6000,5355.8000,5356.0000,5356.6000,1,2,1,1,3,1,1,2,1,5
SF,IC2003,2020-01-03 14:39:24.400,5354.8000,54066,-1,11770211120.000,1,0,1,双平,B,5354.4000,5354.2000,5354.0000,5353.2000,5353.0000,5355.4000,5355.6000,5355.8000,5356.0000,5356.6000,2,1,1,3,1,1,1,2,1,5
SF,IC2003,2020-01-03 14:39:25.400,5354.8000,54066,0,11770211120.000,0,-,-,-,-,5354.4000,5354.2000,5354.0000,5353.2000,5353.0000,5355.6000,5355.8000,5356.0000,5356.6000,5357.0000,2,1,1,3,1,1,2,1,5,1
SF,IC2003,2020-01-03 14:39:26.900,5354.8000,54066,0,11770211120.000,0,-,-,-,-,5354.4000,5354.2000,5354.0000,5353.2000,5353.0000,5355.4000,5355.6000,5355.8000,5356.0000,5356.6000,2,1,1,3,1,3,1,2,1,5
SF,IC2003,2020-01-03 14:39:27.400,5354.8000,54066,0,11770211120.000,0,-,-,-,-,5354.4000,5354.2000,5354.0000,5353.2000,5353.0000,5355.4000,5355.6000,5355.8000,5356.0000,5356.6000,1,1,1,2,1,3,1,2,1,5
SF,IC2003,2020-01-03 14:39:27.900,5354.8000,54066,0,11770211120.000,0,-,-,-,-,5354.4000,5354.2000,5354.0000,5353.2000,5353.0000,5355.2000,5355.4000,5355.6000,5355.8000,5356.0000,1,1,1,2,1,1,3,1,2,1
SF,IC2003,2020-01-03 14:39:29.900,5354.8000,54066,0,11770211120.000,0,-,-,-,-,5354.4000,5354.2000,5354.0000,5353.0000,5352.6000,5355.0000,5355.2000,5355.4000,5355.6000,5355.8000,1,1,1,1,1,1,1,3,1,2
SF,IC2003,2020-01-03 14:39:30.400,5354.8000,54066,0,11770211120.000,0,-,-,-,-,5354.4000,5354.2000,5354.0000,5353.0000,5352.6000,5354.8000,5355.0000,5355.2000,5355.4000,5355.6000,1,1,1,1,1,1,1,1,3,1
SF,IC2003,2020-01-03 14:39:30.900,5354.8000,54066,0,11770211120.000,0,-,-,-,-,5354.4000,5354.2000,5354.0000,5353.0000,5352.6000,5355.0000,5355.2000,5355.4000,5355.6000,5355.8000,1,1,1,1,1,1,1,3,1,2
SF,IC2003,2020-01-03 14:39:31.900,5354.8000,54066,0,11770211120.000,0,-,-,-,-,5354.4000,5354.2000,5354.0000,5353.0000,5352.6000,5355.0000,5355.2000,5355.4000,5355.6000,5355.8000,2,1,1,1,1,1,1,2,1,2
SF,IC2003,2020-01-03 14:39:32.900,5354.8000,54066,0,11770211120.000,0,-,-,-,-,5354.4000,5354.2000,5354.0000,5353.0000,5352.6000,5354.8000,5355.0000,5355.2000,5355.4000,5355.6000,2,1,1,1,1,1,1,1,2,1
SF,IC2003,2020-01-03 14:39:33.400,5354.8000,54066,0,11771282080.000,1,0,1,空换,B,5354.8000,5354.4000,5354.2000,5354.0000,5353.6000,5355.0000,5355.2000,5355.4000,5355.6000,5355.8000,1,2,1,1,1,1,1,2,1,2
SF,IC2003,2020-01-03 14:39:33.900,5355.0000,54067,1,11772353080.000,1,1,0,双开,B,5354.8000,5354.4000,5354.2000,5354.0000,5353.6000,5355.4000,5355.6000,5355.8000,5356.0000,5356.4000,1,2,1,1,1,2,1,2,1,1
SF,IC2003,2020-01-03 14:39:34.400,5355.0000,54067,0,11772353080.000,0,-,-,-,-,5354.8000,5354.4000,5354.2000,5354.0000,5353.6000,5355.4000,5355.8000,5356.0000,5356.4000,5356.6000,1,2,1,1,1,2,2,1,1,5
SF,IC2003,2020-01-03 14:39:35.400,5354.8000,54066,-1,11773424040.000,1,0,1,双平,B,5354.4000,5354.2000,5354.0000,5353.6000,5353.0000,5354.6000,5355.4000,5355.8000,5356.0000,5356.4000,2,1,1,1,1,1,2,2,1,1
SF,IC2003,2020-01-03 14:39:35.900,5354.6000,54066,0,11774494960.000,1,0,1,空换,B,5354.6000,5354.4000,5354.2000,5354.0000,5353.6000,5355.0000,5355.4000,5355.8000,5356.0000,5356.4000,2,2,2,1,1,2,2,2,1,1
SF,IC2003,2020-01-03 14:39:36.400,5354.6000,54066,0,11774494960.000,0,-,-,-,-,5354.4000,5354.2000,5354.0000,5353.6000,5353.0000,5355.0000,5355.4000,5355.8000,5356.0000,5356.4000,2,2,1,1,1,2,2,2,1,1
SF,IC2003,2020-01-03 14:39:36.900,5354.6000,54066,0,11774494960.000,0,-,-,-,-,5354.4000,5354.2000,5354.0000,5353.6000,5353.0000,5355.0000,5355.4000,5355.8000,5356.0000,5356.4000,2,2,1,1,1,2,2,2,1,1
SF,IC2003,2020-01-03 14:39:37.400,5354.6000,54066,0,11774494960.000,0,-,-,-,-,5354.4000,5354.2000,5354.0000,5353.6000,5353.0000,5355.0000,5355.4000,5355.8000,5356.0000,5356.4000,2,2,1,1,1,2,2,2,1,1
SF,IC2003,2020-01-03 14:39:38.900,5355.0000,54064,-2,11776636960.000,2,0,2,双平,B,5355.0000,5354.4000,5354.2000,5354.0000,5353.6000,5355.4000,5355.8000,5356.0000,5356.4000,5356.6000,3,2,2,1,1,2,2,1,1,5
SF,IC2003,2020-01-03 14:39:39.400,5355.0000,54064,0,11777707960.000,1,0,1,空换,B,5355.0000,5354.4000,5354.2000,5354.0000,5353.6000,5355.4000,5355.8000,5356.0000,5356.4000,5356.6000,2,2,2,1,1,2,2,1,1,5
SF,IC2003,2020-01-03 14:39:40.900,5355.0000,54064,0,11778778960.000,1,0,1,空换,B,5355.0000,5354.4000,5354.2000,5354.0000,5353.6000,5355.4000,5355.8000,5356.0000,5356.4000,5356.6000,1,2,2,1,1,2,2,1,1,5
SF,IC2003,2020-01-03 14:39:42.400,5355.0000,54064,0,11779849960.000,1,0,1,空换,B,5354.4000,5354.2000,5354.0000,5353.6000,5353.0000,5355.4000,5355.8000,5356.0000,5356.4000,5356.6000,2,2,1,1,1,2,2,1,1,5
SF,IC2003,2020-01-03 14:39:42.900,5355.0000,54064,0,11779849960.000,0,-,-,-,-,5354.4000,5354.2000,5354.0000,5353.6000,5353.0000,5355.2000,5355.4000,5355.6000,5355.8000,5356.0000,2,2,1,1,1,1,2,1,2,1
SF,IC2003,2020-01-03 14:39:43.400,5355.0000,54064,0,11779849960.000,0,-,-,-,-,5355.0000,5354.4000,5354.2000,5354.0000,5353.6000,5355.2000,5355.4000,5355.6000,5355.8000,5356.0000,1,2,2,1,1,1,2,1,2,1
SF,IC2003,2020-01-03 14:39:43.900,5354.4000,54066,2,11781991840.000,2,2,0,双开,B,5354.4000,5354.2000,5354.0000,5353.6000,5353.0000,5355.0000,5355.2000,5355.4000,5355.6000,5355.8000,1,2,1,1,1,2,1,2,1,2
SF,IC2003,2020-01-03 14:39:44.400,5354.4000,54066,0,11781991840.000,0,-,-,-,-,5354.4000,5354.2000,5354.0000,5353.6000,5353.0000,5355.0000,5355.2000,5355.4000,5355.6000,5355.8000,1,2,1,1,1,3,1,2,1,2
SF,IC2003,2020-01-03 14:39:44.900,5355.0000,54067,1,11783062840.000,1,1,0,双开,B,5354.4000,5354.2000,5354.0000,5353.6000,5353.0000,5355.0000,5355.2000,5355.4000,5355.6000,5355.8000,1,2,1,1,1,3,1,2,1,2
SF,IC2003,2020-01-03 14:39:45.400,5355.0000,54067,0,11783062840.000,0,-,-,-,-,5354.4000,5354.2000,5354.0000,5353.6000,5353.0000,5355.0000,5355.2000,5355.4000,5355.6000,5355.8000,1,3,1,1,1,3,1,2,1,2
SF,IC2003,2020-01-03 14:39:46.400,5355.0000,54067,0,11783062840.000,0,-,-,-,-,5354.4000,5354.2000,5354.0000,5353.6000,5353.0000,5355.0000,5355.2000,5355.4000,5355.6000,5355.8000,1,3,1,1,1,3,1,2,1,2
SF,IC2003,2020-01-03 14:39:46.900,5355.0000,54067,0,11783062840.000,0,-,-,-,-,5354.4000,5354.2000,5354.0000,5353.6000,5353.0000,5354.8000,5355.0000,5355.2000,5355.4000,5355.6000,1,3,1,1,1,1,3,1,2,1
SF,IC2003,2020-01-03 14:39:47.400,5355.0000,54067,0,11783062840.000,0,-,-,-,-,5354.4000,5354.2000,5354.0000,5353.6000,5353.0000,5355.0000,5355.2000,5355.4000,5355.6000,5355.8000,1,3,1,1,1,3,1,2,1,2
SF,IC2003,2020-01-03 14:39:47.900,5355.0000,54067,0,11783062840.000,0,-,-,-,-,5354.4000,5354.2000,5354.0000,5353.6000,5353.0000,5355.0000,5355.2000,5355.4000,5355.6000,5355.8000,1,3,1,1,1,4,1,2,1,2
SF,IC2003,2020-01-03 14:39:48.400,5355.0000,54067,0,11783062840.000,0,-,-,-,-,5354.4000,5354.2000,5354.0000,5353.6000,5353.0000,5355.0000,5355.2000,5355.4000,5355.6000,5356.0000,1,3,1,1,1,4,1,2,1,1
SF,IC2003,2020-01-03 14:39:48.900,5355.0000,54067,0,11783062840.000,0,-,-,-,-,5354.4000,5354.2000,5354.0000,5353.6000,5353.0000,5355.0000,5355.4000,5355.6000,5356.0000,5356.4000,1,3,1,1,1,4,2,1,1,1
SF,IC2003,2020-01-03 14:39:50.400,5355.0000,54067,0,11785204840.000,2,1,1,空换,B,5354.4000,5354.2000,5354.0000,5353.6000,5353.0000,5355.0000,5355.4000,5355.6000,5356.0000,5356.4000,1,3,1,1,1,2,2,1,1,1
SF,IC2003,2020-01-03 14:39:50.900,5355.0000,54067,0,11785204840.000,0,-,-,-,-,5354.6000,5354.4000,5354.2000,5354.0000,5353.6000,5355.0000,5355.4000,5355.6000,5356.0000,5356.4000,2,1,3,1,1,2,2,1,1,1
SF,IC2003,2020-01-03 14:39:51.400,5355.0000,54066,-1,11787346840.000,2,0,2,空平,B,5354.6000,5354.4000,5354.2000,5354.0000,5353.6000,5355.4000,5355.6000,5356.0000,5356.4000,5356.6000,2,1,3,1,1,2,1,1,1,4
SF,IC2003,2020-01-03 14:39:51.900,5355.0000,54066,0,11787346840.000,0,-,-,-,-,5354.6000,5354.4000,5354.2000,5354.0000,5353.6000,5355.4000,5355.6000,5356.0000,5356.4000,5356.6000,2,1,3,1,1,2,1,1,1,4
SF,IC2003,2020-01-03 14:39:52.900,5355.0000,54066,0,11787346840.000,0,-,-,-,-,5354.6000,5354.4000,5354.2000,5354.0000,5353.6000,5355.4000,5355.6000,5356.0000,5356.4000,5356.6000,2,1,3,1,1,2,1,1,1,4
SF,IC2003,2020-01-03 14:39:53.400,5355.0000,54066,0,11787346840.000,0,-,-,-,-,5354.6000,5354.4000,5354.2000,5354.0000,5353.6000,5355.2000,5355.4000,5355.6000,5356.0000,5356.4000,2,1,3,1,1,1,2,1,1,1
SF,IC2003,2020-01-03 14:39:55.400,5355.0000,54066,0,11787346840.000,0,-,-,-,-,5354.6000,5354.4000,5354.2000,5354.0000,5353.6000,5355.2000,5355.4000,5355.6000,5356.0000,5356.4000,2,1,3,1,1,1,2,1,1,1
SF,IC2003,2020-01-03 14:39:56.900,5355.0000,54066,0,11787346840.000,0,-,-,-,-,5354.6000,5354.4000,5354.2000,5354.0000,5353.6000,5355.2000,5355.4000,5355.6000,5356.0000,5356.4000,2,1,3,1,1,1,2,1,1,1
SF,IC2003,2020-01-03 14:39:57.400,5354.6000,54066,0,11788417760.000,1,0,1,空换,B,5354.6000,5354.4000,5354.2000,5354.0000,5353.6000,5355.2000,5355.4000,5355.6000,5356.0000,5356.4000,1,1,3,1,1,1,2,1,1,2
SF,IC2003,2020-01-03 14:39:57.900,5354.6000,54066,0,11788417760.000,0,-,-,-,-,5354.4000,5354.2000,5354.0000,5353.6000,5353.0000,5355.2000,5355.4000,5355.6000,5356.0000,5356.4000,1,3,1,1,1,1,2,1,1,2
SF,IC2003,2020-01-03 14:39:58.400,5354.6000,54066,0,11788417760.000,0,-,-,-,-,5354.4000,5354.2000,5354.0000,5353.6000,5353.0000,5355.4000,5355.6000,5356.0000,5356.4000,5356.6000,1,3,1,1,1,2,1,1,2,4
SF,IC2003,2020-01-03 14:40:00.400,5354.6000,54066,0,11788417760.000,0,-,-,-,-,5355.0000,5354.6000,5354.4000,5354.2000,5354.0000,5355.2000,5355.4000,5355.6000,5356.0000,5356.4000,1,1,1,3,1,1,2,1,1,2
SF,IC2003,2020-01-03 14:40:00.900,5354.6000,54066,0,11790559680.000,2,1,1,空换,B,5354.4000,5354.2000,5354.0000,5353.6000,5353.0000,5355.0000,5355.2000,5355.4000,5355.6000,5356.0000,1,3,1,1,1,1,2,2,1,1
SF,IC2003,2020-01-03 14:40:01.400,5354.6000,54066,0,11790559680.000,0,-,-,-,-,5354.4000,5354.2000,5354.0000,5353.6000,5353.0000,5355.2000,5355.4000,5355.6000,5356.0000,5356.4000,1,3,1,1,1,2,2,1,1,2
SF,IC2003,2020-01-03 14:40:01.900,5354.4000,54066,0,11791630560.000,1,0,1,空换,B,5354.2000,5354.0000,5353.6000,5353.0000,5352.6000,5355.0000,5355.2000,5355.4000,5355.6000,5356.0000,3,1,1,1,1,2,2,2,1,1
SF,IC2003,2020-01-03 14:40:02.400,5354.4000,54066,0,11791630560.000,0,-,-,-,-,5354.2000,5354.0000,5353.6000,5353.0000,5352.6000,5355.0000,5355.2000,5355.4000,5355.6000,5356.0000,3,1,1,1,1,2,2,2,1,1
SF,IC2003,2020-01-03 14:40:02.900,5354.2000,54065,-1,11792701400.000,1,0,1,双平,B,5354.2000,5354.0000,5353.6000,5353.0000,5352.6000,5354.8000,5355.0000,5355.2000,5355.4000,5355.6000,2,1,1,1,1,1,2,1,2,1
SF,IC2003,2020-01-03 14:40:03.400,5354.2000,54065,0,11792701400.000,0,-,-,-,-,5354.2000,5354.0000,5353.6000,5353.0000,5352.6000,5354.8000,5355.0000,5355.4000,5355.6000,5356.0000,2,1,1,1,1,1,2,2,1,1
SF,IC2003,2020-01-03 14:40:03.900,5354.2000,54066,1,11794843080.000,2,1,1,多开,B,5354.0000,5353.6000,5353.0000,5352.6000,5351.6000,5354.2000,5354.6000,5354.8000,5355.4000,5355.6000,1,1,1,1,1,2,2,1,2,1
SF,IC2003,2020-01-03 14:40:04.400,5354.2000,54066,0,11798055600.000,3,1,2,空换,B,5354.0000,5353.6000,5353.0000,5352.6000,5351.6000,5355.4000,5355.6000,5356.0000,5356.4000,5356.6000,1,1,1,1,1,2,1,1,2,4
SF,IC2003,2020-01-03 14:40:04.900,5354.0000,54066,0,11799126400.000,1,0,1,空换,B,5354.2000,5353.6000,5353.0000,5352.6000,5351.6000,5355.2000,5355.4000,5355.6000,5356.0000,5356.4000,1,1,1,1,1,2,2,1,1,2
SF,IC2003,2020-01-03 14:40:05.400,5354.0000,54066,0,11799126400.000,0,-,-,-,-,5354.2000,5353.6000,5353.0000,5352.6000,5351.6000,5355.0000,5355.2000,5355.4000,5355.6000,5356.0000,1,1,1,1,1,1,2,2,1,1
SF,IC2003,2020-01-03 14:40:05.900,5354.0000,54066,0,11799126400.000,0,-,-,-,-,5354.2000,5353.6000,5353.0000,5352.6000,5351.6000,5355.0000,5355.2000,5355.4000,5355.6000,5356.0000,1,1,1,1,1,1,2,2,1,1
SF,IC2003,2020-01-03 14:40:06.400,5354.0000,54066,0,11799126400.000,0,-,-,-,-,5354.2000,5354.0000,5353.6000,5353.0000,5352.6000,5355.0000,5355.2000,5355.4000,5355.6000,5356.0000,1,1,1,1,1,1,2,2,1,1
SF,IC2003,2020-01-03 14:40:06.900,5354.0000,54066,0,11799126400.000,0,-,-,-,-,5354.2000,5354.0000,5353.6000,5353.0000,5352.6000,5355.2000,5355.4000,5355.6000,5356.0000,5356.4000,1,1,1,1,1,2,2,1,1,2
SF,IC2003,2020-01-03 14:40:07.400,5354.2000,54067,1,11800197240.000,1,1,0,双开,B,5354.0000,5353.6000,5353.0000,5352.6000,5352.2000,5355.2000,5355.4000,5355.6000,5356.0000,5356.4000,1,1,1,1,1,2,2,1,1,2
SF,IC2003,2020-01-03 14:40:07.900,5354.2000,54067,0,11800197240.000,0,-,-,-,-,5354.2000,5354.0000,5353.6000,5353.0000,5352.6000,5355.0000,5355.2000,5355.4000,5355.6000,5356.0000,1,1,1,1,1,1,2,2,1,1
SF,IC2003,2020-01-03 14:40:08.400,5354.0000,54068,1,11802338880.000,2,1,1,多开,B,5353.6000,5353.0000,5352.6000,5352.2000,5351.6000,5355.2000,5355.4000,5355.6000,5356.0000,5356.4000,1,1,1,1,1,2,2,1,1,2
SF,IC2003,2020-01-03 14:40:08.900,5354.0000,54068,0,11802338880.000,0,-,-,-,-,5353.8000,5353.6000,5353.0000,5352.6000,5352.2000,5355.0000,5355.2000,5355.4000,5355.6000,5356.0000,2,1,1,1,1,1,2,2,1,1
SF,IC2003,2020-01-03 14:40:09.400,5355.0000,54068,0,11803409880.000,1,0,1,空换,B,5353.8000,5353.6000,5353.0000,5352.6000,5352.2000,5354.8000,5355.0000,5355.2000,5355.4000,5355.6000,2,1,1,1,1,1,1,2,2,1
SF,IC2003,2020-01-03 14:40:09.900,5355.0000,54068,0,11803409880.000,0,-,-,-,-,5353.8000,5353.6000,5353.0000,5352.6000,5352.2000,5354.8000,5355.0000,5355.2000,5355.4000,5355.6000,2,1,1,1,1,1,3,2,2,1
SF,IC2003,2020-01-03 14:40:10.400,5355.0000,54068,0,11803409880.000,0,-,-,-,-,5353.8000,5353.6000,5353.0000,5352.6000,5352.2000,5354.8000,5355.0000,5355.2000,5355.4000,5355.6000,2,1,1,1,1,1,3,2,2,1
SF,IC2003,2020-01-03 14:40:10.900,5355.0000,54068,0,11803409880.000,0,-,-,-,-,5353.8000,5353.6000,5353.0000,5352.6000,5352.2000,5354.8000,5355.0000,5355.2000,5355.4000,5355.6000,2,1,1,1,1,1,3,2,2,1
SF,IC2003,2020-01-03 14:40:12.400,5353.8000,54069,1,11804480640.000,1,1,0,双开,B,5353.8000,5353.6000,5353.0000,5352.6000,5352.2000,5355.0000,5355.2000,5355.4000,5355.6000,5356.0000,1,1,1,1,1,3,2,2,1,1
SF,IC2003,2020-01-03 14:40:12.900,5353.8000,54069,0,11804480640.000,0,-,-,-,-,5353.8000,5353.6000,5353.0000,5352.6000,5352.2000,5354.8000,5355.0000,5355.4000,5355.6000,5356.0000,1,1,1,1,1,2,3,2,1,1
SF,IC2003,2020-01-03 14:40:13.400,5353.8000,54069,0,11804480640.000,0,-,-,-,-,5353.8000,5353.6000,5353.0000,5352.6000,5352.2000,5354.8000,5355.0000,5355.4000,5355.6000,5356.0000,1,1,1,1,1,2,3,2,1,1
SF,IC2003,2020-01-03 14:40:13.900,5353.8000,54069,0,11804480640.000,0,-,-,-,-,5353.8000,5353.6000,5353.0000,5352.6000,5352.2000,5355.0000,5355.4000,5355.6000,5356.0000,5356.4000,1,1,1,1,1,3,2,1,1,2
SF,IC2003,2020-01-03 14:40:14.900,5353.8000,54069,0,11804480640.000,0,-,-,-,-,5354.0000,5353.8000,5353.6000,5353.0000,5352.6000,5355.0000,5355.4000,5355.6000,5356.0000,5356.4000,1,1,1,1,1,3,2,1,1,2
SF,IC2003,2020-01-03 14:40:15.400,5353.8000,54069,0,11804480640.000,0,-,-,-,-,5354.2000,5354.0000,5353.6000,5353.0000,5352.6000,5355.0000,5355.4000,5355.6000,5356.0000,5356.4000,2,2,1,1,1,2,2,1,1,2
SF,IC2003,2020-01-03 14:40:15.900,5355.0000,54071,2,11806622640.000,2,2,0,双开,B,5355.2000,5355.0000,5354.4000,5354.2000,5354.0000,5355.4000,5355.6000,5356.0000,5356.4000,5356.6000,4,3,1,2,2,2,1,1,2,1
SF,IC2003,2020-01-03 14:40:16.400,5355.6000,54072,1,11809835920.000,3,2,1,多开,B,5355.4000,5355.0000,5354.2000,5354.0000,5353.6000,5356.0000,5356.4000,5356.6000,5357.0000,5357.2000,5,2,2,2,1,1,2,1,1,1
SF,IC2003,2020-01-03 14:40:16.900,5356.0000,54072,0,11810907120.000,1,0,1,空换,B,5356.0000,5355.6000,5355.4000,5355.0000,5354.6000,5356.4000,5356.6000,5357.0000,5357.2000,5358.8000,4,2,1,2,1,2,1,1,1,1
SF,IC2003,2020-01-03 14:40:17.400,5356.4000,54071,-1,11813049680.000,2,0,2,空平,B,5356.2000,5355.6000,5355.4000,5355.0000,5354.6000,5356.6000,5357.0000,5357.2000,5358.8000,5359.8000,1,2,1,2,1,1,1,1,1,8
SF,IC2003,2020-01-03 14:40:17.900,5356.4000,54071,0,11813049680.000,0,-,-,-,-,5356.2000,5355.6000,5355.4000,5355.0000,5354.0000,5356.6000,5357.0000,5357.2000,5358.8000,5359.8000,1,2,1,2,2,1,1,1,1,8
SF,IC2003,2020-01-03 14:40:18.400,5356.6000,54072,1,11814121000.000,1,1,0,双开,B,5356.8000,5356.6000,5356.2000,5355.6000,5355.4000,5357.0000,5357.2000,5358.8000,5359.8000,5360.0000,1,3,3,2,1,1,1,1,8,4
SF,IC2003,2020-01-03 14:40:18.900,5357.0000,54073,1,11815192400.000,1,1,0,双开,B,5357.0000,5356.6000,5356.4000,5356.2000,5355.6000,5357.2000,5358.8000,5359.8000,5360.0000,5361.0000,2,2,1,3,2,1,1,8,4,2
SF,IC2003,2020-01-03 14:40:19.400,5357.2000,54073,0,11816263840.000,1,0,1,空换,B,5357.0000,5356.4000,5356.2000,5355.6000,5355.4000,5358.8000,5359.8000,5360.0000,5361.0000,5361.8000,2,1,3,2,1,1,8,4,2,1
SF,IC2003,2020-01-03 14:40:19.900,5357.2000,54073,0,11816263840.000,0,-,-,-,-,5357.4000,5357.2000,5357.0000,5356.4000,5356.2000,5358.6000,5358.8000,5359.8000,5360.0000,5361.0000,3,2,2,1,3,2,1,8,4,2
SF,IC2003,2020-01-03 14:40:20.400,5357.2000,54073,0,11816263840.000,0,-,-,-,-,5357.6000,5357.4000,5357.0000,5356.4000,5356.2000,5358.6000,5358.8000,5359.8000,5360.0000,5361.0000,2,2,2,1,3,2,1,8,4,2
SF,IC2003,2020-01-03 14:40:20.900,5357.6000,54073,0,11818406880.000,2,1,1,空换,B,5357.4000,5357.0000,5356.4000,5356.2000,5355.4000,5358.6000,5358.8000,5359.8000,5360.0000,5361.0000,2,2,1,3,1,2,1,8,4,2
SF,IC2003,2020-01-03 14:40:21.400,5358.4000,54073,0,11819478560.000,1,0,1,空换,B,5357.4000,5357.0000,5356.4000,5356.2000,5355.4000,5358.6000,5358.8000,5359.8000,5360.0000,5361.0000,2,2,1,3,1,2,1,8,4,2
SF,IC2003,2020-01-03 14:40:21.900,5358.4000,54073,0,11819478560.000,0,-,-,-,-,5357.4000,5357.0000,5356.4000,5356.2000,5355.4000,5358.6000,5358.8000,5359.4000,5359.8000,5360.0000,1,2,1,3,1,2,1,2,8,4
SF,IC2003,2020-01-03 14:40:22.400,5358.4000,54073,0,11819478560.000,0,-,-,-,-,5357.4000,5357.0000,5356.4000,5356.2000,5355.4000,5358.4000,5358.6000,5358.8000,5359.4000,5359.8000,1,2,1,3,1,1,2,1,2,8
SF,IC2003,2020-01-03 14:40:22.900,5357.4000,54073,0,11820550040.000,1,0,1,空换,B,5357.0000,5356.4000,5356.2000,5355.4000,5354.0000,5357.4000,5358.0000,5358.2000,5358.4000,5358.8000,2,1,1,1,1,1,2,1,2,1
SF,IC2003,2020-01-03 14:40:23.400,5357.4000,54073,0,11820550040.000,0,-,-,-,-,5357.0000,5356.4000,5356.2000,5355.4000,5354.0000,5357.2000,5357.4000,5358.0000,5358.2000,5358.4000,2,1,1,1,1,2,1,2,1,1
SF,IC2003,2020-01-03 14:40:23.900,5357.0000,54074,1,11822692840.000,2,1,1,多开,B,5356.4000,5356.2000,5355.4000,5354.0000,5353.6000,5357.2000,5357.4000,5358.0000,5358.2000,5358.4000,1,1,1,1,1,2,1,2,1,3
SF,IC2003,2020-01-03 14:40:24.400,5357.0000,54074,0,11822692840.000,0,-,-,-,-,5356.4000,5356.2000,5355.4000,5354.0000,5353.6000,5357.2000,5357.4000,5358.0000,5358.4000,5358.8000,1,1,1,1,1,2,1,2,2,1
SF,IC2003,2020-01-03 14:40:25.400,5357.0000,54074,0,11822692840.000,0,-,-,-,-,5356.2000,5355.4000,5354.0000,5353.6000,5353.0000,5357.2000,5357.4000,5358.0000,5358.4000,5358.8000,1,1,1,1,1,2,1,2,2,1
SF,IC2003,2020-01-03 14:40:26.400,5357.0000,54074,0,11822692840.000,0,-,-,-,-,5356.2000,5354.0000,5353.6000,5353.0000,5352.6000,5357.2000,5357.4000,5358.0000,5358.4000,5358.8000,1,1,1,1,1,2,1,2,2,1
SF,IC2003,2020-01-03 14:40:26.900,5357.0000,54075,1,11823764240.000,1,1,0,双开,B,5356.2000,5354.0000,5353.6000,5353.0000,5352.6000,5357.0000,5357.2000,5357.4000,5358.0000,5358.4000,1,1,1,1,1,1,2,1,4,2
SF,IC2003,2020-01-03 14:40:28.400,5356.2000,54075,0,11824835480.000,1,0,1,空换,B,5354.0000,5353.6000,5353.0000,5352.6000,5352.2000,5357.0000,5357.2000,5357.4000,5358.0000,5358.4000,1,1,1,1,1,1,2,1,4,2
SF,IC2003,2020-01-03 14:40:28.900,5356.2000,54075,0,11824835480.000,0,-,-,-,-,5355.4000,5355.0000,5354.6000,5354.4000,5354.2000,5356.8000,5357.0000,5357.4000,5358.0000,5358.4000,3,2,3,3,4,4,1,1,4,2
SF,IC2003,2020-01-03 14:40:29.400,5356.2000,54075,0,11824835480.000,0,-,-,-,-,5355.4000,5355.0000,5354.6000,5354.4000,5354.2000,5356.8000,5357.0000,5357.4000,5358.0000,5358.8000,3,2,1,2,3,2,1,1,4,1
SF,IC2003,2020-01-03 14:40:30.400,5356.2000,54075,0,11824835480.000,0,-,-,-,-,5355.4000,5355.0000,5354.6000,5354.4000,5354.2000,5356.8000,5357.0000,5358.0000,5358.8000,5359.4000,1,2,1,2,3,2,1,4,1,2
SF,IC2003,2020-01-03 14:40:30.900,5356.2000,54075,0,11824835480.000,0,-,-,-,-,5355.6000,5355.4000,5355.0000,5354.6000,5354.4000,5356.8000,5357.0000,5358.0000,5358.8000,5359.4000,2,1,2,1,2,2,1,4,1,2
SF,IC2003,2020-01-03 14:40:31.400,5356.2000,54075,0,11824835480.000,0,-,-,-,-,5355.6000,5355.4000,5355.0000,5354.6000,5354.4000,5356.8000,5358.0000,5358.8000,5359.4000,5359.8000,2,1,2,1,2,2,4,1,2,8
SF,IC2003,2020-01-03 14:40:31.900,5356.2000,54075,0,11824835480.000,0,-,-,-,-,5355.4000,5355.0000,5354.6000,5354.4000,5354.2000,5356.8000,5358.0000,5358.8000,5359.4000,5359.8000,1,2,1,2,1,2,4,1,2,8
SF,IC2003,2020-01-03 14:40:32.400,5356.2000,54075,0,11824835480.000,0,-,-,-,-,5355.6000,5355.4000,5355.0000,5354.6000,5354.4000,5356.8000,5358.0000,5358.8000,5359.4000,5359.8000,2,1,2,1,2,2,4,1,2,8
SF,IC2003,2020-01-03 14:40:32.900,5356.2000,54075,0,11824835480.000,0,-,-,-,-,5355.4000,5355.0000,5354.6000,5354.4000,5354.2000,5356.8000,5358.0000,5358.8000,5359.4000,5359.8000,1,2,1,2,1,2,4,1,2,8
SF,IC2003,2020-01-03 14:40:33.400,5356.2000,54075,0,11824835480.000,0,-,-,-,-,5355.4000,5355.0000,5354.6000,5354.4000,5354.2000,5356.8000,5358.0000,5358.8000,5359.4000,5359.8000,2,2,1,2,1,2,4,1,2,8
SF,IC2003,2020-01-03 14:40:33.900,5356.2000,54075,0,11824835480.000,0,-,-,-,-,5355.6000,5355.4000,5355.0000,5354.6000,5354.4000,5356.8000,5357.0000,5358.0000,5358.8000,5359.4000,2,2,2,1,2,2,2,4,1,2
SF,IC2003,2020-01-03 14:40:34.400,5356.2000,54075,0,11824835480.000,0,-,-,-,-,5355.4000,5355.0000,5354.6000,5354.4000,5354.2000,5356.8000,5357.0000,5358.0000,5358.8000,5359.4000,2,2,1,2,1,2,2,4,1,2
SF,IC2003,2020-01-03 14:40:34.900,5356.2000,54075,0,11824835480.000,0,-,-,-,-,5355.4000,5355.0000,5354.6000,5354.4000,5354.2000,5356.8000,5357.0000,5358.0000,5358.8000,5359.4000,2,2,1,2,1,2,2,4,1,2
SF,IC2003,2020-01-03 14:40:35.400,5356.2000,54075,0,11824835480.000,0,-,-,-,-,5355.6000,5355.4000,5355.0000,5354.6000,5354.4000,5356.8000,5357.0000,5358.0000,5358.8000,5359.4000,2,2,2,1,2,2,2,4,1,2
SF,IC2003,2020-01-03 14:40:35.900,5356.8000,54075,0,11825906840.000,1,0,1,空换,B,5355.4000,5355.0000,5354.6000,5354.4000,5354.2000,5356.8000,5357.0000,5358.0000,5358.8000,5359.4000,2,2,1,2,1,1,2,4,1,2
SF,IC2003,2020-01-03 14:40:36.400,5356.8000,54075,0,11825906840.000,0,-,-,-,-,5356.8000,5355.6000,5355.4000,5355.0000,5354.6000,5357.0000,5358.0000,5358.8000,5359.4000,5359.8000,1,2,2,2,1,2,4,1,2,8
SF,IC2003,2020-01-03 14:40:36.900,5356.8000,54074,-1,11826978200.000,1,0,1,双平,B,5355.6000,5355.4000,5355.0000,5354.6000,5354.4000,5357.0000,5358.0000,5358.8000,5359.4000,5359.8000,2,2,2,1,2,2,4,1,2,8
SF,IC2003,2020-01-03 14:40:37.400,5356.8000,54074,0,11828049560.000,1,0,1,空换,B,5355.6000,5355.4000,5355.0000,5354.6000,5354.4000,5356.8000,5357.0000,5358.0000,5358.8000,5359.4000,3,2,2,1,2,1,2,4,1,2
SF,IC2003,2020-01-03 14:40:37.900,5356.8000,54074,0,11828049560.000,0,-,-,-,-,5355.6000,5355.4000,5355.0000,5354.6000,5354.4000,5357.0000,5358.0000,5358.8000,5359.4000,5359.8000,3,2,1,1,2,2,4,1,2,8
SF,IC2003,2020-01-03 14:40:38.400,5356.8000,54074,0,11828049560.000,0,-,-,-,-,5355.6000,5355.4000,5355.0000,5354.6000,5354.4000,5356.8000,5357.0000,5358.0000,5358.8000,5359.4000,3,2,1,1,2,2,2,4,1,2
SF,IC2003,2020-01-03 14:40:38.900,5356.8000,54074,0,11828049560.000,0,-,-,-,-,5355.6000,5355.4000,5355.0000,5354.6000,5354.4000,5357.0000,5358.0000,5358.8000,5359.4000,5359.8000,3,2,1,1,2,2,4,1,2,8
SF,IC2003,2020-01-03 14:40:39.400,5356.8000,54074,0,11828049560.000,0,-,-,-,-,5355.6000,5355.4000,5355.0000,5354.6000,5354.4000,5356.8000,5357.0000,5358.0000,5358.8000,5359.4000,3,2,1,1,2,2,2,4,1,2
SF,IC2003,2020-01-03 14:40:41.400,5356.8000,54074,0,11828049560.000,0,-,-,-,-,5355.6000,5355.4000,5355.0000,5354.6000,5354.4000,5356.8000,5357.0000,5358.0000,5358.8000,5359.4000,3,1,1,1,2,2,2,4,1,2
SF,IC2003,2020-01-03 14:40:41.900,5356.8000,54074,0,11828049560.000,0,-,-,-,-,5355.6000,5355.4000,5355.0000,5354.6000,5354.4000,5356.8000,5357.0000,5358.0000,5358.8000,5359.4000,3,1,1,1,2,2,2,4,1,2
SF,IC2003,2020-01-03 14:40:43.900,5356.8000,54074,0,11828049560.000,0,-,-,-,-,5356.4000,5355.6000,5355.4000,5355.0000,5354.6000,5356.8000,5357.0000,5358.0000,5358.8000,5359.4000,1,3,1,1,1,2,2,4,1,2
SF,IC2003,2020-01-03 14:40:44.400,5356.8000,54074,0,11828049560.000,0,-,-,-,-,5356.4000,5355.6000,5355.4000,5355.0000,5354.6000,5357.0000,5358.0000,5358.8000,5359.4000,5359.8000,1,3,1,1,1,2,4,1,2,8
SF,IC2003,2020-01-03 14:40:46.400,5357.0000,54076,2,11830192360.000,2,2,0,双开,B,5357.0000,5356.4000,5355.6000,5355.4000,5355.0000,5358.0000,5358.8000,5359.4000,5359.8000,5360.0000,6,1,3,1,1,4,1,2,8,5
SF,IC2003,2020-01-03 14:40:46.900,5357.0000,54076,0,11830192360.000,0,-,-,-,-,5357.0000,5356.4000,5355.6000,5354.6000,5354.4000,5358.0000,5358.8000,5359.4000,5359.8000,5360.0000,6,1,3,1,2,4,1,2,8,5
SF,IC2003,2020-01-03 14:40:47.400,5357.0000,54076,0,11830192360.000,0,-,-,-,-,5357.0000,5356.6000,5356.4000,5355.6000,5354.6000,5358.0000,5358.8000,5359.4000,5359.8000,5360.0000,6,1,1,3,1,4,1,2,8,5
SF,IC2003,2020-01-03 14:40:47.900,5357.0000,54076,0,11830192360.000,0,-,-,-,-,5357.0000,5356.6000,5356.4000,5356.2000,5355.6000,5358.0000,5358.8000,5359.4000,5359.8000,5360.0000,6,1,1,1,3,4,1,2,8,5
SF,IC2003,2020-01-03 14:40:48.900,5357.0000,54076,0,11830192360.000,0,-,-,-,-,5357.0000,5356.6000,5356.4000,5356.2000,5355.6000,5357.8000,5358.0000,5358.8000,5359.4000,5359.8000,6,1,1,1,3,1,4,1,2,8
SF,IC2003,2020-01-03 14:40:49.400,5357.0000,54076,0,11830192360.000,0,-,-,-,-,5357.0000,5356.4000,5356.2000,5355.6000,5354.6000,5357.8000,5358.0000,5358.8000,5359.4000,5359.8000,6,1,1,3,1,1,4,1,2,8
SF,IC2003,2020-01-03 14:40:50.400,5357.0000,54076,0,11830192360.000,0,-,-,-,-,5357.0000,5356.4000,5356.2000,5355.6000,5354.6000,5357.8000,5358.0000,5358.8000,5359.4000,5359.6000,6,1,1,3,1,1,4,1,2,1
SF,IC2003,2020-01-03 14:40:53.400,5357.8000,54076,0,11831263920.000,1,0,1,空换,B,5357.0000,5356.4000,5356.2000,5355.6000,5354.6000,5358.0000,5358.8000,5359.4000,5359.6000,5359.8000,6,1,1,3,1,4,1,2,1,8
SF,IC2003,2020-01-03 14:40:53.900,5357.8000,54076,0,11831263920.000,0,-,-,-,-,5357.2000,5357.0000,5356.4000,5356.2000,5355.6000,5358.0000,5358.8000,5359.4000,5359.6000,5359.8000,2,6,1,1,1,4,1,2,1,8
SF,IC2003,2020-01-03 14:40:55.400,5357.8000,54076,0,11831263920.000,0,-,-,-,-,5357.2000,5357.0000,5356.4000,5356.2000,5355.6000,5358.0000,5358.8000,5359.4000,5359.6000,5359.8000,2,6,1,1,1,4,1,2,1,8
SF,IC2003,2020-01-03 14:40:55.900,5357.8000,54076,0,11831263920.000,0,-,-,-,-,5357.8000,5357.2000,5357.0000,5356.4000,5356.2000,5358.0000,5358.8000,5359.4000,5359.6000,5359.8000,1,2,6,1,1,4,1,2,1,8
SF,IC2003,2020-01-03 14:40:56.400,5358.0000,54079,3,11835550240.000,4,3,1,多开,B,5357.2000,5357.0000,5356.4000,5355.6000,5354.6000,5358.0000,5358.8000,5359.4000,5359.6000,5359.8000,2,6,1,1,1,2,1,2,1,8
SF,IC2003,2020-01-03 14:40:58.400,5358.0000,54079,0,11835550240.000,0,-,-,-,-,5357.2000,5357.0000,5356.4000,5355.6000,5354.6000,5358.0000,5358.8000,5359.2000,5359.4000,5359.6000,2,6,1,1,1,2,1,1,2,1
SF,IC2003,2020-01-03 14:40:58.900,5357.2000,54080,1,11836621680.000,1,1,0,双开,B,5357.2000,5357.0000,5356.4000,5355.6000,5354.6000,5358.0000,5358.8000,5359.2000,5359.4000,5359.6000,1,6,1,1,1,2,1,1,2,1
SF,IC2003,2020-01-03 14:40:59.400,5357.2000,54080,0,11836621680.000,0,-,-,-,-,5357.0000,5356.4000,5355.6000,5354.6000,5354.4000,5358.0000,5358.8000,5359.2000,5359.4000,5359.6000,6,1,1,1,1,2,1,1,2,1
SF,IC2003,2020-01-03 14:41:00.400,5358.0000,54080,0,11837693280.000,1,0,1,空换,B,5357.0000,5356.4000,5355.6000,5354.6000,5354.4000,5358.0000,5358.8000,5359.2000,5359.4000,5359.6000,6,1,1,1,1,1,1,1,2,1
SF,IC2003,2020-01-03 14:41:00.900,5358.0000,54080,0,11837693280.000,0,-,-,-,-,5357.0000,5356.4000,5355.6000,5354.6000,5354.4000,5358.0000,5358.8000,5359.2000,5359.4000,5359.6000,6,1,1,1,1,1,1,1,2,1
SF,IC2003,2020-01-03 14:41:02.900,5358.0000,54080,0,11838764880.000,1,0,1,空换,B,5357.8000,5357.2000,5357.0000,5356.4000,5355.6000,5358.8000,5359.2000,5359.4000,5359.6000,5359.8000,4,1,8,1,1,1,1,2,1,8
SF,IC2003,2020-01-03 14:41:03.400,5358.0000,54080,0,11838764880.000,0,-,-,-,-,5358.0000,5357.2000,5357.0000,5356.4000,5355.6000,5358.8000,5359.2000,5359.4000,5359.6000,5359.8000,2,1,8,1,1,1,1,2,1,8
SF,IC2003,2020-01-03 14:41:03.900,5358.0000,54080,0,11838764880.000,0,-,-,-,-,5358.0000,5357.2000,5357.0000,5356.4000,5355.6000,5358.8000,5359.4000,5359.8000,5360.0000,5361.0000,2,1,6,1,1,2,2,8,4,2
SF,IC2003,2020-01-03 14:41:04.400,5358.0000,54080,0,11838764880.000,0,-,-,-,-,5358.0000,5357.2000,5357.0000,5356.4000,5355.6000,5358.8000,5359.4000,5359.8000,5360.0000,5361.0000,4,1,6,1,1,1,2,8,4,2
SF,IC2003,2020-01-03 14:41:04.900,5358.0000,54080,0,11838764880.000,0,-,-,-,-,5358.0000,5357.2000,5357.0000,5356.4000,5355.6000,5358.8000,5359.2000,5359.4000,5359.8000,5360.0000,2,1,6,1,1,1,1,2,8,4
SF,IC2003,2020-01-03 14:41:05.400,5358.8000,54080,0,11839836640.000,1,0,1,空换,B,5358.0000,5357.2000,5357.0000,5356.4000,5355.6000,5359.4000,5359.8000,5360.0000,5361.0000,5361.8000,2,1,6,1,1,2,8,4,2,1
SF,IC2003,2020-01-03 14:41:05.900,5358.8000,54080,0,11839836640.000,0,-,-,-,-,5358.0000,5357.2000,5357.0000,5356.4000,5355.6000,5359.2000,5359.4000,5359.8000,5360.0000,5361.0000,2,1,6,1,1,3,2,8,4,2
SF,IC2003,2020-01-03 14:41:06.400,5358.8000,54080,0,11839836640.000,0,-,-,-,-,5358.0000,5357.2000,5357.0000,5356.4000,5355.6000,5359.0000,5359.2000,5359.4000,5359.8000,5360.0000,1,1,6,1,1,1,3,2,8,4
SF,IC2003,2020-01-03 14:41:07.400,5358.8000,54080,0,11839836640.000,0,-,-,-,-,5358.0000,5357.2000,5357.0000,5356.4000,5355.6000,5359.0000,5359.2000,5359.4000,5359.8000,5360.0000,1,1,6,1,1,1,3,3,8,4
SF,IC2003,2020-01-03 14:41:07.900,5358.8000,54081,1,11841980000.000,2,1,1,多开,B,5357.2000,5357.0000,5356.4000,5355.6000,5354.6000,5358.8000,5359.0000,5359.2000,5359.4000,5359.8000,1,6,1,1,1,1,1,1,3,8
SF,IC2003,2020-01-03 14:41:08.400,5358.8000,54081,0,11841980000.000,0,-,-,-,-,5357.6000,5357.4000,5357.2000,5357.0000,5356.4000,5358.8000,5359.2000,5359.4000,5359.8000,5360.0000,2,2,1,6,1,1,1,3,10,4
SF,IC2003,2020-01-03 14:41:08.900,5358.8000,54081,0,11841980000.000,0,-,-,-,-,5357.6000,5357.4000,5357.2000,5357.0000,5356.4000,5358.0000,5358.8000,5359.2000,5359.4000,5359.8000,2,2,1,6,1,14,1,1,3,10
SF,IC2003,2020-01-03 14:41:09.400,5358.8000,54081,0,11841980000.000,0,-,-,-,-,5357.2000,5357.0000,5356.4000,5355.6000,5354.6000,5358.0000,5358.8000,5359.2000,5359.4000,5359.8000,1,6,1,1,1,14,1,1,3,10
SF,IC2003,2020-01-03 14:41:09.900,5358.8000,54081,0,11841980000.000,0,-,-,-,-,5357.2000,5357.0000,5356.4000,5355.6000,5354.6000,5358.0000,5358.8000,5359.4000,5359.8000,5360.0000,2,6,1,1,1,14,1,3,10,4
SF,IC2003,2020-01-03 14:41:10.400,5358.8000,54081,0,11841980000.000,0,-,-,-,-,5357.0000,5356.4000,5355.6000,5354.6000,5354.4000,5358.0000,5358.8000,5359.4000,5359.8000,5360.0000,6,1,1,1,1,14,1,3,8,4
SF,IC2003,2020-01-03 14:41:10.900,5358.8000,54081,0,11841980000.000,0,-,-,-,-,5357.0000,5356.4000,5355.6000,5354.6000,5354.4000,5358.0000,5358.8000,5359.4000,5359.8000,5360.0000,6,1,1,1,1,14,1,3,8,4
SF,IC2003,2020-01-03 14:41:11.400,5358.8000,54081,0,11841980000.000,0,-,-,-,-,5357.0000,5356.4000,5355.6000,5354.6000,5354.4000,5357.8000,5358.0000,5359.4000,5359.8000,5360.0000,6,1,1,1,1,2,14,3,8,4
SF,IC2003,2020-01-03 14:41:13.400,5358.8000,54081,0,11841980000.000,0,-,-,-,-,5357.0000,5356.4000,5355.6000,5354.6000,5354.4000,5357.8000,5358.0000,5359.4000,5359.8000,5360.0000,6,1,1,1,1,2,14,3,8,4
SF,IC2003,2020-01-03 14:41:13.900,5357.0000,54082,1,11846265600.000,4,2,2,多开,B,5357.0000,5356.4000,5355.6000,5354.6000,5354.4000,5357.8000,5358.0000,5359.4000,5359.8000,5360.0000,2,1,1,1,1,2,14,3,8,4
SF,IC2003,2020-01-03 14:41:14.400,5357.0000,54082,0,11846265600.000,0,-,-,-,-,5357.0000,5356.4000,5355.6000,5354.6000,5354.4000,5357.6000,5357.8000,5358.0000,5359.4000,5359.8000,2,1,1,1,1,1,2,14,3,8
SF,IC2003,2020-01-03 14:41:14.900,5357.0000,54082,0,11848408400.000,2,1,1,空换,B,5356.4000,5355.6000,5354.6000,5354.4000,5353.4000,5357.0000,5357.6000,5357.8000,5358.0000,5359.4000,1,1,1,1,1,1,1,2,14,3
SF,IC2003,2020-01-03 14:41:15.900,5356.4000,54082,0,11849479680.000,1,0,1,空换,B,5355.6000,5354.6000,5354.4000,5353.4000,5353.0000,5356.4000,5357.0000,5357.6000,5357.8000,5358.0000,1,1,1,1,1,2,1,1,2,14
SF,IC2003,2020-01-03 14:41:16.400,5356.4000,54082,0,11849479680.000,0,-,-,-,-,5356.0000,5355.6000,5354.6000,5354.4000,5353.4000,5356.4000,5357.0000,5357.8000,5358.0000,5359.4000,3,1,1,1,1,2,1,2,14,3
SF,IC2003,2020-01-03 14:41:16.900,5356.4000,54082,0,11851622240.000,2,1,1,空换,B,5356.6000,5356.0000,5355.6000,5354.6000,5354.4000,5357.0000,5357.8000,5358.0000,5359.4000,5359.8000,1,2,1,1,1,1,2,14,3,8
SF,IC2003,2020-01-03 14:41:17.400,5356.6000,54081,-1,11852693560.000,1,0,1,双平,B,5356.0000,5355.6000,5354.6000,5354.4000,5353.4000,5357.0000,5357.8000,5358.0000,5359.4000,5359.8000,2,1,1,1,1,1,2,14,3,8
SF,IC2003,2020-01-03 14:41:17.900,5356.0000,54081,0,11854835960.000,2,1,1,空换,B,5355.6000,5354.6000,5354.4000,5353.4000,5353.0000,5356.0000,5357.0000,5357.2000,5357.8000,5358.0000,1,1,1,1,1,1,1,1,2,14
SF,IC2003,2020-01-03 14:41:18.400,5356.0000,54080,-1,11855907160.000,1,0,1,双平,B,5356.2000,5356.0000,5355.6000,5353.4000,5353.0000,5357.0000,5357.8000,5358.0000,5359.4000,5359.8000,1,2,1,1,1,1,2,13,3,8
SF,IC2003,2020-01-03 14:41:18.900,5355.6000,54078,-2,11859120680.000,3,0,3,空平,B,5353.4000,5353.0000,5352.6000,5351.6000,5351.4000,5357.0000,5357.8000,5358.0000,5359.4000,5359.8000,1,1,1,1,1,1,2,13,3,8
SF,IC2003,2020-01-03 14:41:19.400,5355.6000,54078,0,11862334040.000,3,1,2,空换,B,5355.0000,5354.8000,5354.4000,5354.2000,5354.0000,5356.8000,5357.0000,5357.8000,5358.0000,5359.4000,2,1,2,5,2,3,1,2,13,3
SF,IC2003,2020-01-03 14:41:19.900,5355.4000,54077,-1,11865547360.000,3,1,2,空平,B,5355.4000,5355.0000,5354.8000,5354.4000,5354.2000,5357.0000,5357.6000,5357.8000,5358.0000,5359.4000,2,2,1,2,5,1,1,2,13,3
SF,IC2003,2020-01-03 14:41:20.400,5355.4000,54076,-1,11866618440.000,1,0,1,双平,B,5355.0000,5354.8000,5354.4000,5353.6000,5353.4000,5355.4000,5357.0000,5357.2000,5357.6000,5357.8000,2,1,2,1,3,2,1,1,1,2
SF,IC2003,2020-01-03 14:41:20.900,5355.4000,54076,0,11871973840.000,5,2,3,空换,B,5355.0000,5354.8000,5354.4000,5353.4000,5353.0000,5357.0000,5357.2000,5357.6000,5357.8000,5358.0000,1,1,1,3,1,1,1,1,2,13
SF,IC2003,2020-01-03 14:41:21.400,5356.8000,54077,1,11876259280.000,4,2,2,多开,B,5354.8000,5354.4000,5353.4000,5353.0000,5352.6000,5355.0000,5357.0000,5357.6000,5357.8000,5358.0000,1,1,2,1,1,1,1,1,2,13
SF,IC2003,2020-01-03 14:41:21.900,5355.0000,54074,-3,11883756280.000,7,2,5,空平,B,5355.4000,5355.0000,5354.8000,5353.4000,5353.0000,5357.0000,5357.6000,5357.8000,5358.0000,5359.4000,1,4,1,2,1,1,1,2,13,3
SF,IC2003,2020-01-03 14:41:22.400,5355.0000,54074,0,11883756280.000,0,-,-,-,-,5355.4000,5355.0000,5354.8000,5353.4000,5353.0000,5356.6000,5356.8000,5357.0000,5357.6000,5358.0000,1,4,1,2,1,1,1,1,1,13
SF,IC2003,2020-01-03 14:41:22.900,5356.6000,54076,2,11889112320.000,5,3,2,多开,B,5353.4000,5353.0000,5352.6000,5351.6000,5351.4000,5356.4000,5356.8000,5357.0000,5357.6000,5358.0000,2,1,2,1,1,1,1,1,1,13
SF,IC2003,2020-01-03 14:41:23.400,5356.6000,54076,0,11889112320.000,0,-,-,-,-,5354.6000,5354.2000,5354.0000,5353.8000,5353.6000,5354.8000,5356.2000,5356.4000,5356.8000,5357.0000,2,2,2,2,5,1,2,1,1,1
SF,IC2003,2020-01-03 14:41:23.900,5354.8000,54077,1,11890183280.000,1,1,0,双开,B,5354.8000,5354.6000,5354.2000,5353.8000,5353.6000,5356.2000,5356.4000,5357.0000,5357.6000,5359.4000,3,2,1,2,3,1,1,1,1,3
SF,IC2003,2020-01-03 14:41:24.400,5354.8000,54077,0,11890183280.000,0,-,-,-,-,5354.8000,5354.2000,5353.8000,5353.6000,5353.4000,5356.2000,5357.0000,5357.6000,5359.4000,5359.8000,3,1,1,1,2,1,1,1,3,8
SF,IC2003,2020-01-03 14:41:24.900,5354.8000,54078,1,11893396160.000,3,2,1,多开,B,5353.4000,5353.0000,5352.6000,5351.6000,5351.4000,5354.8000,5355.0000,5355.6000,5356.0000,5356.2000,1,1,2,1,1,4,2,1,2,1
SF,IC2003,2020-01-03 14:41:25.400,5354.8000,54078,0,11893396160.000,0,-,-,-,-,5353.6000,5353.4000,5353.0000,5352.6000,5351.6000,5354.6000,5354.8000,5356.0000,5357.0000,5357.6000,1,1,1,1,1,3,4,2,1,1
SF,IC2003,2020-01-03 14:41:25.900,5354.8000,54078,0,11893396160.000,0,-,-,-,-,5353.6000,5353.4000,5353.0000,5352.6000,5351.6000,5354.6000,5354.8000,5356.0000,5357.0000,5357.6000,1,1,1,1,1,3,4,2,1,1
SF,IC2003,2020-01-03 14:41:26.400,5354.8000,54078,0,11893396160.000,0,-,-,-,-,5353.6000,5353.4000,5353.0000,5352.6000,5351.6000,5354.6000,5354.8000,5356.0000,5357.0000,5357.6000,1,1,1,1,1,1,4,2,1,1
SF,IC2003,2020-01-03 14:41:28.400,5353.6000,54077,-1,11894466880.000,1,0,1,双平,B,5353.4000,5353.0000,5352.6000,5351.6000,5351.4000,5353.6000,5354.8000,5356.0000,5357.0000,5357.6000,1,1,1,1,1,2,4,2,1,1
SF,IC2003,2020-01-03 14:41:28.900,5353.6000,54077,0,11896608320.000,2,1,1,空换,B,5353.6000,5353.4000,5353.0000,5352.6000,5352.0000,5354.8000,5356.0000,5357.0000,5357.6000,5359.4000,1,1,1,1,1,2,2,1,1,3
SF,IC2003,2020-01-03 14:41:29.400,5353.4000,54076,-1,11898749720.000,2,0,2,空平,B,5353.0000,5352.6000,5351.8000,5351.6000,5351.4000,5353.4000,5354.6000,5354.8000,5356.0000,5357.0000,1,1,1,1,1,1,1,2,2,1
SF,IC2003,2020-01-03 14:41:29.900,5353.4000,54076,0,11899820400.000,1,0,1,空换,B,5353.4000,5353.0000,5352.6000,5351.8000,5351.6000,5354.4000,5354.6000,5356.0000,5357.0000,5357.6000,2,1,1,1,1,1,1,2,1,1
SF,IC2003,2020-01-03 14:41:30.400,5353.4000,54076,0,11899820400.000,0,-,-,-,-,5353.4000,5353.0000,5352.6000,5351.8000,5351.6000,5354.6000,5357.0000,5357.6000,5359.4000,5359.8000,3,1,1,1,1,2,1,1,3,8
SF,IC2003,2020-01-03 14:41:30.900,5354.6000,54076,0,11901962240.000,2,1,1,空换,B,5353.4000,5353.0000,5352.6000,5351.8000,5351.6000,5357.0000,5357.6000,5359.4000,5359.8000,5360.0000,1,1,1,1,1,1,1,3,8,4
SF,IC2003,2020-01-03 14:41:31.400,5354.6000,54076,0,11901962240.000,0,-,-,-,-,5353.8000,5353.6000,5353.4000,5353.0000,5352.6000,5355.2000,5355.6000,5355.8000,5356.0000,5356.2000,2,3,1,1,1,1,1,2,1,3
SF,IC2003,2020-01-03 14:41:31.900,5354.6000,54076,0,11901962240.000,0,-,-,-,-,5353.8000,5353.4000,5353.0000,5352.6000,5351.8000,5355.4000,5355.6000,5355.8000,5356.0000,5356.2000,2,1,1,1,2,1,1,2,1,3
SF,IC2003,2020-01-03 14:41:32.400,5354.6000,54076,0,11901962240.000,0,-,-,-,-,5353.8000,5353.4000,5353.2000,5353.0000,5352.6000,5355.4000,5355.6000,5355.8000,5356.0000,5356.2000,2,1,1,1,1,1,1,2,1,3
SF,IC2003,2020-01-03 14:41:32.900,5354.6000,54076,0,11901962240.000,0,-,-,-,-,5353.8000,5353.4000,5353.2000,5353.0000,5352.6000,5355.4000,5355.6000,5356.0000,5356.2000,5356.6000,2,1,1,1,1,1,1,1,1,2
SF,IC2003,2020-01-03 14:41:33.400,5354.6000,54076,0,11901962240.000,0,-,-,-,-,5354.0000,5353.8000,5353.4000,5353.2000,5353.0000,5355.6000,5356.0000,5356.2000,5356.6000,5356.8000,2,2,1,1,1,1,1,1,2,1
SF,IC2003,2020-01-03 14:41:33.900,5354.6000,54076,0,11901962240.000,0,-,-,-,-,5354.0000,5353.8000,5353.4000,5353.2000,5353.0000,5355.6000,5355.8000,5356.0000,5356.2000,5356.6000,2,2,1,1,1,1,1,1,1,2
SF,IC2003,2020-01-03 14:41:35.400,5354.6000,54076,0,11901962240.000,0,-,-,-,-,5354.0000,5353.8000,5353.2000,5353.0000,5352.6000,5355.6000,5355.8000,5356.0000,5356.2000,5356.6000,2,2,1,1,1,1,1,1,1,2
SF,IC2003,2020-01-03 14:41:35.900,5354.6000,54076,0,11901962240.000,0,-,-,-,-,5354.2000,5354.0000,5353.8000,5353.2000,5353.0000,5355.6000,5355.8000,5356.0000,5356.2000,5356.6000,1,2,1,1,1,1,1,1,1,2
SF,IC2003,2020-01-03 14:41:36.400,5354.6000,54076,0,11901962240.000,0,-,-,-,-,5354.2000,5354.0000,5353.8000,5353.2000,5352.6000,5355.6000,5355.8000,5356.2000,5356.6000,5357.0000,1,2,1,1,1,1,1,1,2,3
SF,IC2003,2020-01-03 14:41:36.900,5354.6000,54076,0,11901962240.000,0,-,-,-,-,5354.2000,5354.0000,5353.8000,5353.2000,5352.6000,5355.0000,5355.2000,5355.6000,5355.8000,5356.2000,1,2,1,1,1,1,2,1,1,1
SF,IC2003,2020-01-03 14:41:37.400,5354.6000,54076,0,11901962240.000,0,-,-,-,-,5354.2000,5354.0000,5353.8000,5353.2000,5352.6000,5355.6000,5355.8000,5357.0000,5357.6000,5359.4000,1,2,1,1,1,1,1,3,1,3
SF,IC2003,2020-01-03 14:41:37.900,5354.6000,54076,0,11901962240.000,0,-,-,-,-,5354.2000,5354.0000,5353.8000,5353.2000,5352.6000,5355.6000,5357.0000,5357.6000,5359.4000,5359.8000,1,2,2,1,1,1,3,1,3,8
SF,IC2003,2020-01-03 14:41:38.400,5354.6000,54076,0,11901962240.000,0,-,-,-,-,5354.2000,5354.0000,5353.8000,5353.2000,5352.6000,5355.6000,5356.2000,5357.0000,5357.6000,5359.4000,1,2,2,1,1,1,1,3,1,3
SF,IC2003,2020-01-03 14:41:38.900,5354.6000,54076,0,11901962240.000,0,-,-,-,-,5354.2000,5354.0000,5353.8000,5352.6000,5351.8000,5355.6000,5356.2000,5357.0000,5357.6000,5359.4000,1,2,2,1,2,1,1,3,1,3
SF,IC2003,2020-01-03 14:41:39.400,5354.2000,54077,1,11903033080.000,1,1,0,双开,B,5354.0000,5353.8000,5352.6000,5351.8000,5351.6000,5355.6000,5356.2000,5357.0000,5357.6000,5359.4000,2,2,1,2,1,1,1,3,1,3
SF,IC2003,2020-01-03 14:41:39.900,5354.2000,54077,0,11903033080.000,0,-,-,-,-,5354.0000,5353.8000,5352.6000,5351.8000,5351.6000,5355.6000,5356.2000,5357.0000,5357.6000,5359.4000,2,2,1,2,1,1,1,1,1,3
SF,IC2003,2020-01-03 14:41:40.400,5354.2000,54079,2,11905174760.000,2,2,0,双开,B,5354.2000,5354.0000,5353.8000,5352.6000,5351.8000,5356.2000,5357.0000,5357.6000,5359.4000,5359.8000,1,2,2,1,2,1,1,1,3,8
SF,IC2003,2020-01-03 14:41:40.900,5354.2000,54079,0,11905174760.000,0,-,-,-,-,5354.2000,5354.0000,5353.8000,5352.6000,5351.8000,5356.2000,5357.0000,5357.6000,5359.4000,5359.8000,1,2,1,1,2,1,1,1,3,8
SF,IC2003,2020-01-03 14:41:41.400,5354.2000,54079,0,11905174760.000,0,-,-,-,-,5354.6000,5354.4000,5354.2000,5354.0000,5353.8000,5355.4000,5356.0000,5356.2000,5357.0000,5357.6000,1,4,2,2,1,1,1,1,1,1
SF,IC2003,2020-01-03 14:41:41.900,5354.2000,54079,0,11905174760.000,0,-,-,-,-,5354.6000,5354.4000,5354.2000,5354.0000,5353.8000,5355.4000,5356.0000,5357.0000,5359.4000,5359.8000,1,2,2,2,1,1,1,1,3,8
SF,IC2003,2020-01-03 14:41:42.400,5354.6000,54080,1,11907316760.000,2,1,1,多开,B,5354.4000,5354.2000,5354.0000,5353.8000,5352.6000,5356.0000,5357.0000,5359.4000,5359.8000,5360.0000,2,2,2,1,1,1,1,3,8,4
SF,IC2003,2020-01-03 14:41:42.900,5354.6000,54080,0,11907316760.000,0,-,-,-,-,5354.4000,5354.2000,5354.0000,5353.8000,5352.6000,5356.0000,5356.6000,5357.0000,5359.4000,5359.8000,2,2,2,1,1,1,1,1,3,8
SF,IC2003,2020-01-03 14:41:43.400,5354.6000,54080,0,11907316760.000,0,-,-,-,-,5354.8000,5354.6000,5354.4000,5354.2000,5354.0000,5356.6000,5357.0000,5359.4000,5359.8000,5360.0000,1,1,2,1,2,1,1,3,8,4
SF,IC2003,2020-01-03 14:41:43.900,5354.6000,54080,0,11907316760.000,0,-,-,-,-,5355.2000,5354.8000,5354.6000,5354.4000,5354.2000,5357.0000,5359.4000,5359.8000,5360.0000,5361.0000,2,1,1,2,1,1,3,8,4,2
SF,IC2003,2020-01-03 14:41:44.400,5354.6000,54080,0,11907316760.000,0,-,-,-,-,5355.6000,5355.4000,5354.4000,5354.2000,5354.0000,5357.0000,5357.6000,5359.4000,5359.8000,5360.0000,2,2,2,1,2,1,1,3,8,4
SF,IC2003,2020-01-03 14:41:44.900,5355.2000,54079,-1,11910529880.000,3,1,2,空平,B,5354.4000,5354.2000,5354.0000,5353.8000,5352.6000,5357.0000,5357.6000,5359.4000,5359.8000,5360.0000,2,1,2,1,1,1,1,3,8,4
SF,IC2003,2020-01-03 14:41:45.400,5355.2000,54079,0,11910529880.000,0,-,-,-,-,5354.8000,5354.6000,5354.4000,5354.2000,5354.0000,5355.6000,5356.8000,5357.0000,5359.4000,5359.8000,3,4,1,1,2,3,1,1,3,8
SF,IC2003,2020-01-03 14:41:45.900,5355.6000,54076,-3,11913743240.000,3,0,3,双平,B,5355.6000,5355.2000,5355.0000,5354.6000,5354.2000,5356.4000,5356.8000,5357.0000,5359.4000,5359.8000,1,1,1,2,1,1,1,1,3,8
SF,IC2003,2020-01-03 14:41:46.400,5355.2000,54075,-1,11915885400.000,2,0,2,空平,B,5354.6000,5354.2000,5354.0000,5353.8000,5352.6000,5354.8000,5356.4000,5357.0000,5359.4000,5359.8000,1,1,2,1,1,1,1,1,3,8
SF,IC2003,2020-01-03 14:41:46.900,5354.8000,54075,0,11916956360.000,1,0,1,空换,B,5355.0000,5354.8000,5354.6000,5354.2000,5354.0000,5356.0000,5356.4000,5357.0000,5358.0000,5359.4000,2,4,2,1,2,1,1,1,1,3
SF,IC2003,2020-01-03 14:41:47.400,5354.8000,54075,0,11916956360.000,0,-,-,-,-,5354.8000,5354.6000,5354.2000,5354.0000,5353.8000,5356.4000,5357.0000,5358.0000,5359.4000,5359.8000,2,1,1,2,1,1,1,1,3,8
SF,IC2003,2020-01-03 14:41:47.900,5354.8000,54074,-1,11920169240.000,3,1,2,空平,B,5354.6000,5354.2000,5354.0000,5353.8000,5352.6000,5356.4000,5356.6000,5357.0000,5358.0000,5359.4000,1,1,2,1,1,1,1,1,1,3
SF,IC2003,2020-01-03 14:41:48.400,5354.8000,54074,0,11920169240.000,0,-,-,-,-,5355.2000,5355.0000,5354.8000,5354.6000,5354.2000,5356.4000,5356.6000,5357.0000,5358.0000,5359.4000,1,3,1,1,1,1,1,1,1,3
SF,IC2003,2020-01-03 14:41:48.900,5355.2000,54074,0,11921240280.000,1,0,1,空换,B,5355.0000,5354.8000,5354.6000,5354.2000,5354.0000,5355.2000,5356.0000,5357.0000,5358.0000,5359.4000,1,1,1,1,2,2,1,1,1,3
SF,IC2003,2020-01-03 14:41:49.400,5354.8000,54070,-4,11925524320.000,4,0,4,双平,B,5354.2000,5354.0000,5353.8000,5352.6000,5351.6000,5354.8000,5356.0000,5357.0000,5358.0000,5359.4000,1,2,1,1,1,1,1,1,1,3
SF,IC2003,2020-01-03 14:41:49.900,5355.0000,54069,-1,11927666280.000,2,0,2,空平,B,5354.2000,5354.0000,5353.8000,5352.6000,5351.6000,5355.0000,5356.0000,5357.0000,5358.0000,5359.4000,2,2,1,1,1,2,1,1,1,3
SF,IC2003,2020-01-03 14:41:50.400,5354.2000,54068,-1,11929807960.000,2,0,2,空平,B,5354.0000,5353.8000,5352.6000,5351.6000,5351.4000,5354.2000,5355.0000,5356.0000,5357.0000,5358.0000,2,1,1,1,1,4,2,1,1,1
SF,IC2003,2020-01-03 14:41:50.900,5354.2000,54068,0,11935162120.000,5,2,3,空换,B,5354.2000,5354.0000,5353.8000,5352.6000,5351.6000,5355.0000,5356.0000,5357.0000,5358.0000,5359.4000,3,2,1,1,1,2,1,1,1,3
SF,IC2003,2020-01-03 14:41:51.400,5354.0000,54067,-1,11939445440.000,4,1,3,空平,B,5353.8000,5352.6000,5351.6000,5351.4000,5351.2000,5354.8000,5355.0000,5356.0000,5357.0000,5358.0000,1,1,1,1,1,2,2,1,1,1
SF,IC2003,2020-01-03 14:41:51.900,5353.8000,54066,-1,11941586960.000,2,0,2,空平,B,5352.6000,5351.6000,5351.4000,5351.2000,5351.0000,5354.8000,5355.0000,5356.0000,5357.0000,5358.0000,1,1,1,1,4,2,2,1,1,1
SF,IC2003,2020-01-03 14:41:52.400,5353.0000,54066,0,11944798760.000,3,1,2,空换,B,5352.8000,5352.6000,5351.6000,5351.4000,5351.0000,5354.2000,5354.4000,5354.6000,5354.8000,5355.0000,3,1,1,1,4,13,1,2,2,2
SF,IC2003,2020-01-03 14:41:52.900,5353.0000,54066,0,11944798760.000,0,-,-,-,-,5352.8000,5352.6000,5351.6000,5351.4000,5351.2000,5353.8000,5354.0000,5354.2000,5354.4000,5355.0000,1,1,1,1,1,1,4,13,1,2
SF,IC2003,2020-01-03 14:41:53.400,5352.8000,54066,0,11946940080.000,2,1,1,空换,B,5352.6000,5351.6000,5351.4000,5351.0000,5350.2000,5352.8000,5354.0000,5354.2000,5354.4000,5355.0000,1,1,1,4,1,2,3,13,1,2
SF,IC2003,2020-01-03 14:41:53.900,5352.8000,54066,0,11949081200.000,2,1,1,空换,B,5353.0000,5352.6000,5351.6000,5351.4000,5351.0000,5354.0000,5354.2000,5355.0000,5357.0000,5358.0000,1,1,1,1,4,3,13,2,1,1
SF,IC2003,2020-01-03 14:41:54.400,5353.0000,54067,1,11950151800.000,1,1,0,双开,B,5352.6000,5351.6000,5351.4000,5351.0000,5350.2000,5352.8000,5353.0000,5353.6000,5353.8000,5354.0000,1,1,1,4,1,2,4,1,1,2
SF,IC2003,2020-01-03 14:41:54.900,5352.6000,54067,0,11951222320.000,1,0,1,空换,B,5351.6000,5351.4000,5351.0000,5350.2000,5350.0000,5352.6000,5353.6000,5353.8000,5354.0000,5354.2000,1,1,4,1,14,1,1,1,2,13
SF,IC2003,2020-01-03 14:41:55.400,5352.6000,54067,0,11951222320.000,0,-,-,-,-,5353.0000,5351.8000,5351.6000,5351.4000,5351.0000,5353.4000,5353.6000,5353.8000,5354.0000,5354.2000,1,2,1,1,4,1,1,1,2,13
SF,IC2003,2020-01-03 14:41:55.900,5353.2000,54068,1,11953363560.000,2,1,1,多开,B,5351.8000,5351.6000,5351.4000,5351.0000,5350.2000,5353.6000,5353.8000,5354.0000,5354.2000,5355.0000,2,1,1,4,1,1,1,2,13,2
SF,IC2003,2020-01-03 14:41:56.400,5353.2000,54068,0,11953363560.000,0,-,-,-,-,5351.8000,5351.6000,5351.4000,5351.0000,5350.2000,5353.2000,5353.4000,5353.6000,5353.8000,5354.2000,2,1,1,4,1,2,3,2,1,13
SF,IC2003,2020-01-03 14:41:56.900,5353.2000,54068,0,11953363560.000,0,-,-,-,-,5351.8000,5351.6000,5351.4000,5351.0000,5350.2000,5353.0000,5353.4000,5353.6000,5353.8000,5354.2000,2,1,1,4,1,2,1,1,1,13
SF,IC2003,2020-01-03 14:41:57.900,5353.2000,54068,0,11953363560.000,0,-,-,-,-,5351.8000,5351.6000,5351.4000,5351.0000,5350.2000,5353.0000,5353.4000,5353.6000,5353.8000,5355.0000,2,1,1,4,1,2,1,1,1,2
SF,IC2003,2020-01-03 14:41:59.400,5353.0000,54069,1,11954434160.000,1,1,0,双开,B,5351.8000,5351.6000,5351.4000,5351.0000,5350.2000,5353.0000,5353.4000,5353.6000,5353.8000,5355.0000,2,1,1,4,1,1,1,1,1,2
SF,IC2003,2020-01-03 14:41:59.900,5353.0000,54070,1,11955504760.000,1,1,0,双开,B,5352.4000,5351.8000,5351.6000,5351.4000,5351.0000,5353.4000,5353.6000,5353.8000,5355.0000,5357.0000,1,2,1,1,4,1,1,1,2,1
SF,IC2003,2020-01-03 14:42:01.900,5352.4000,54070,0,11956575240.000,1,0,1,空换,B,5351.8000,5351.6000,5351.4000,5351.0000,5350.2000,5352.4000,5353.4000,5353.6000,5353.8000,5355.0000,2,1,1,4,1,12,1,1,1,2
SF,IC2003,2020-01-03 14:42:02.400,5352.4000,54069,-1,11957645720.000,1,0,1,双平,B,5351.8000,5351.6000,5351.4000,5351.0000,5350.2000,5352.4000,5353.4000,5353.6000,5353.8000,5355.0000,2,1,1,4,1,11,1,1,1,2
SF,IC2003,2020-01-03 14:42:02.900,5352.4000,54069,0,11958716200.000,1,0,1,空换,B,5351.8000,5351.6000,5351.4000,5351.0000,5350.2000,5352.4000,5353.8000,5355.0000,5357.0000,5358.0000,2,1,1,4,1,10,1,2,1,1
SF,IC2003,2020-01-03 14:42:03.400,5352.4000,54068,-1,11960857160.000,2,0,2,空平,B,5352.0000,5351.8000,5351.6000,5351.4000,5351.0000,5352.4000,5353.8000,5355.0000,5357.0000,5358.0000,2,2,1,1,4,8,1,2,1,1
SF,IC2003,2020-01-03 14:42:03.900,5352.4000,54066,-2,11962998120.000,2,0,2,双平,B,5352.0000,5351.8000,5351.6000,5351.4000,5351.0000,5352.4000,5353.8000,5355.0000,5357.0000,5358.0000,2,2,1,1,4,6,1,2,1,1
SF,IC2003,2020-01-03 14:42:04.400,5352.4000,54064,-2,11966209560.000,3,0,3,空平,B,5352.2000,5352.0000,5351.6000,5351.4000,5351.0000,5352.4000,5353.8000,5355.0000,5357.0000,5358.0000,2,2,1,1,4,3,1,2,1,1
SF,IC2003,2020-01-03 14:42:04.900,5352.4000,54064,0,11969421000.000,3,1,2,空换,B,5352.4000,5352.0000,5351.6000,5351.4000,5351.0000,5353.8000,5355.0000,5357.0000,5358.0000,5359.4000,2,2,1,1,4,1,2,1,1,3
SF,IC2003,2020-01-03 14:42:05.400,5352.4000,54064,0,11969421000.000,0,-,-,-,-,5352.6000,5352.4000,5352.0000,5351.6000,5351.4000,5353.6000,5355.0000,5357.0000,5358.0000,5359.4000,1,1,3,1,1,3,2,1,1,3
SF,IC2003,2020-01-03 14:42:05.900,5352.4000,54064,0,11970491480.000,1,0,1,空换,B,5352.4000,5352.0000,5351.6000,5351.4000,5351.0000,5352.8000,5353.6000,5355.0000,5357.0000,5358.0000,1,3,1,1,4,2,3,2,1,1
SF,IC2003,2020-01-03 14:42:06.400,5352.4000,54064,0,11970491480.000,0,-,-,-,-,5352.4000,5352.0000,5351.6000,5351.4000,5351.0000,5353.6000,5355.0000,5357.0000,5358.0000,5359.4000,1,3,1,1,4,2,2,1,1,3
SF,IC2003,2020-01-03 14:42:06.900,5352.4000,54064,0,11970491480.000,0,-,-,-,-,5352.6000,5352.4000,5352.0000,5351.6000,5351.4000,5353.4000,5353.6000,5355.0000,5357.0000,5358.0000,2,1,3,1,1,1,2,2,1,1
SF,IC2003,2020-01-03 14:42:07.400,5352.4000,54064,0,11970491480.000,0,-,-,-,-,5352.4000,5352.0000,5351.6000,5351.4000,5351.0000,5353.4000,5353.6000,5355.0000,5357.0000,5358.0000,1,3,1,1,4,1,2,2,1,1
SF,IC2003,2020-01-03 14:42:07.900,5352.4000,54064,0,11970491480.000,0,-,-,-,-,5352.6000,5352.0000,5351.6000,5351.4000,5351.0000,5353.4000,5353.6000,5355.0000,5357.0000,5358.0000,1,3,1,1,4,1,2,2,1,1
SF,IC2003,2020-01-03 14:42:08.400,5352.4000,54064,0,11970491480.000,0,-,-,-,-,5352.8000,5352.6000,5352.0000,5351.6000,5351.4000,5353.4000,5355.0000,5357.0000,5358.0000,5359.4000,2,1,3,1,1,1,2,1,1,3
SF,IC2003,2020-01-03 14:42:09.400,5352.4000,54064,0,11970491480.000,0,-,-,-,-,5353.4000,5352.8000,5352.6000,5352.0000,5351.6000,5355.0000,5357.0000,5358.0000,5359.4000,5359.8000,1,2,1,3,1,2,1,1,3,8
SF,IC2003,2020-01-03 14:42:09.900,5352.8000,54065,1,11972632720.000,2,1,1,多开,B,5352.8000,5352.6000,5352.0000,5351.6000,5351.4000,5354.0000,5354.2000,5354.4000,5354.6000,5354.8000,1,1,3,1,1,2,1,4,1,2
SF,IC2003,2020-01-03 14:42:10.400,5352.8000,54065,0,11972632720.000,0,-,-,-,-,5352.8000,5352.6000,5352.0000,5351.6000,5351.4000,5353.8000,5354.0000,5354.4000,5354.6000,5355.0000,1,1,3,1,1,4,2,3,1,2
SF,IC2003,2020-01-03 14:42:10.900,5352.8000,54065,0,11972632720.000,0,-,-,-,-,5352.8000,5352.0000,5351.6000,5351.4000,5351.0000,5353.8000,5354.0000,5354.4000,5354.6000,5355.0000,2,3,1,1,4,4,2,3,1,2
SF,IC2003,2020-01-03 14:42:11.400,5352.8000,54065,0,11972632720.000,0,-,-,-,-,5352.8000,5352.0000,5351.6000,5351.4000,5351.0000,5353.8000,5354.0000,5354.4000,5354.6000,5355.0000,2,3,1,1,4,3,2,3,1,2
SF,IC2003,2020-01-03 14:42:12.900,5352.8000,54065,0,11972632720.000,0,-,-,-,-,5352.8000,5352.0000,5351.6000,5351.4000,5351.0000,5353.8000,5354.4000,5355.0000,5357.0000,5358.0000,2,3,1,1,4,3,1,2,1,1
SF,IC2003,2020-01-03 14:42:13.400,5352.8000,54065,0,11972632720.000,0,-,-,-,-,5352.8000,5352.0000,5351.6000,5351.4000,5351.0000,5353.8000,5354.4000,5355.0000,5357.0000,5358.0000,2,3,1,1,4,1,1,2,1,1
SF,IC2003,2020-01-03 14:42:13.900,5352.8000,54065,0,11972632720.000,0,-,-,-,-,5353.0000,5352.8000,5352.0000,5351.6000,5351.4000,5353.8000,5354.4000,5355.0000,5357.0000,5358.0000,1,1,3,1,1,1,1,2,1,1
SF,IC2003,2020-01-03 14:42:14.400,5352.8000,54066,1,11973703280.000,1,1,0,双开,B,5352.8000,5352.0000,5351.6000,5351.4000,5351.0000,5353.8000,5354.4000,5355.0000,5357.0000,5358.0000,1,3,1,1,4,1,1,2,1,1
SF,IC2003,2020-01-03 14:42:15.400,5352.8000,54066,0,11973703280.000,0,-,-,-,-,5352.8000,5352.0000,5351.6000,5351.4000,5351.0000,5353.8000,5354.4000,5355.0000,5357.0000,5358.0000,1,3,1,1,4,1,1,2,1,1
SF,IC2003,2020-01-03 14:42:16.400,5352.8000,54066,0,11974773840.000,1,0,1,空换,B,5352.0000,5351.6000,5351.4000,5351.0000,5350.2000,5353.8000,5354.4000,5355.0000,5357.0000,5358.0000,4,1,1,4,1,1,1,2,1,1
SF,IC2003,2020-01-03 14:42:16.900,5352.8000,54066,0,11974773840.000,0,-,-,-,-,5352.2000,5352.0000,5351.6000,5351.4000,5351.0000,5353.6000,5353.8000,5354.4000,5355.0000,5357.0000,2,4,1,1,4,1,1,1,2,1
SF,IC2003,2020-01-03 14:42:17.400,5352.8000,54066,0,11974773840.000,0,-,-,-,-,5352.4000,5352.2000,5352.0000,5351.6000,5351.4000,5353.8000,5354.4000,5355.0000,5357.0000,5358.0000,1,2,4,1,1,1,1,2,1,1
SF,IC2003,2020-01-03 14:42:17.900,5352.8000,54066,0,11974773840.000,0,-,-,-,-,5352.4000,5352.0000,5351.6000,5351.4000,5351.0000,5353.8000,5354.4000,5355.0000,5357.0000,5358.0000,1,4,1,1,4,1,1,2,1,1
SF,IC2003,2020-01-03 14:42:18.400,5352.8000,54066,0,11974773840.000,0,-,-,-,-,5352.6000,5352.4000,5352.0000,5351.6000,5351.4000,5354.4000,5355.0000,5357.0000,5358.0000,5359.4000,2,1,4,1,1,1,2,1,1,3
SF,IC2003,2020-01-03 14:42:18.900,5352.8000,54066,0,11974773840.000,0,-,-,-,-,5352.8000,5352.6000,5352.4000,5352.0000,5351.6000,5354.4000,5355.0000,5357.0000,5358.0000,5359.4000,1,2,1,4,1,1,2,1,1,3
SF,IC2003,2020-01-03 14:42:19.400,5352.8000,54066,0,11974773840.000,0,-,-,-,-,5353.0000,5352.8000,5352.4000,5352.0000,5351.6000,5354.4000,5355.0000,5357.0000,5358.0000,5359.4000,2,1,1,4,1,1,2,1,1,3
SF,IC2003,2020-01-03 14:42:19.900,5352.8000,54066,0,11974773840.000,0,-,-,-,-,5354.4000,5353.0000,5352.8000,5352.4000,5352.0000,5355.0000,5357.0000,5358.0000,5359.4000,5359.8000,1,2,1,1,4,2,1,1,3,8
SF,IC2003,2020-01-03 14:42:20.400,5354.4000,54067,1,11975844720.000,1,1,0,双开,B,5353.0000,5352.8000,5352.4000,5352.0000,5351.6000,5354.2000,5354.4000,5355.0000,5357.0000,5358.0000,2,1,1,4,1,2,2,2,1,1
SF,IC2003,2020-01-03 14:42:20.900,5354.4000,54067,0,11975844720.000,0,-,-,-,-,5353.2000,5353.0000,5352.0000,5351.6000,5351.4000,5355.0000,5357.0000,5358.0000,5359.4000,5359.8000,1,2,4,1,1,2,1,1,3,8
SF,IC2003,2020-01-03 14:42:21.400,5354.4000,54067,0,11975844720.000,0,-,-,-,-,5353.4000,5353.2000,5352.0000,5351.6000,5351.4000,5354.6000,5354.8000,5355.0000,5357.0000,5358.0000,2,1,4,1,1,4,2,2,1,1
SF,IC2003,2020-01-03 14:42:21.900,5354.4000,54067,0,11975844720.000,0,-,-,-,-,5353.4000,5353.2000,5352.0000,5351.6000,5351.4000,5354.6000,5354.8000,5355.0000,5357.0000,5358.0000,2,1,4,1,1,2,2,2,1,1
SF,IC2003,2020-01-03 14:42:22.400,5353.4000,54067,0,11976915400.000,1,0,1,空换,B,5353.4000,5353.2000,5352.0000,5351.6000,5351.4000,5354.6000,5354.8000,5355.0000,5357.0000,5358.0000,1,1,4,1,1,2,2,2,1,1
SF,IC2003,2020-01-03 14:42:22.900,5353.4000,54068,1,11977986080.000,1,1,0,双开,B,5353.2000,5352.0000,5351.6000,5351.4000,5351.0000,5354.4000,5354.6000,5355.0000,5357.0000,5358.0000,1,4,1,1,4,3,2,2,1,1
SF,IC2003,2020-01-03 14:42:23.400,5353.4000,54068,0,11977986080.000,0,-,-,-,-,5352.0000,5351.6000,5351.4000,5351.0000,5350.2000,5353.8000,5354.4000,5354.6000,5355.0000,5357.0000,4,1,1,4,1,1,3,2,2,1
SF,IC2003,2020-01-03 14:42:23.900,5353.4000,54068,0,11977986080.000,0,-,-,-,-,5352.6000,5352.4000,5352.2000,5352.0000,5351.6000,5353.6000,5353.8000,5354.2000,5354.4000,5354.6000,2,1,3,4,1,2,1,1,1,2
SF,IC2003,2020-01-03 14:42:24.400,5353.4000,54068,0,11977986080.000,0,-,-,-,-,5352.6000,5352.4000,5352.2000,5352.0000,5351.6000,5353.8000,5354.2000,5354.6000,5355.0000,5357.0000,2,1,3,4,1,1,1,2,2,1
SF,IC2003,2020-01-03 14:42:24.900,5353.6000,54069,1,11979056800.000,1,1,0,双开,B,5352.6000,5352.4000,5352.2000,5352.0000,5351.6000,5353.6000,5353.8000,5354.6000,5355.0000,5357.0000,2,1,3,4,1,1,1,2,2,1
SF,IC2003,2020-01-03 14:42:25.400,5353.6000,54069,0,11979056800.000,0,-,-,-,-,5352.6000,5352.2000,5352.0000,5351.6000,5351.4000,5353.6000,5353.8000,5355.0000,5357.0000,5358.0000,2,3,4,1,1,1,1,2,1,1
SF,IC2003,2020-01-03 14:42:26.900,5353.6000,54069,0,11979056800.000,0,-,-,-,-,5352.6000,5352.2000,5352.0000,5351.6000,5351.4000,5353.6000,5353.8000,5355.0000,5357.0000,5358.0000,2,3,4,1,1,1,1,2,1,1
SF,IC2003,2020-01-03 14:42:28.400,5353.6000,54069,0,11979056800.000,0,-,-,-,-,5352.6000,5352.2000,5352.0000,5351.6000,5351.4000,5353.6000,5353.8000,5355.0000,5357.0000,5358.0000,2,4,3,1,1,1,1,2,1,1
SF,IC2003,2020-01-03 14:42:29.400,5353.6000,54069,0,11979056800.000,0,-,-,-,-,5352.6000,5352.2000,5352.0000,5351.6000,5351.4000,5353.6000,5353.8000,5355.0000,5357.0000,5358.0000,2,4,3,1,1,1,1,3,1,1
SF,IC2003,2020-01-03 14:42:29.900,5353.6000,54069,0,11979056800.000,0,-,-,-,-,5352.6000,5352.2000,5352.0000,5351.6000,5351.4000,5353.4000,5353.6000,5353.8000,5355.0000,5357.0000,2,2,3,1,1,1,1,1,3,1
SF,IC2003,2020-01-03 14:42:30.400,5352.6000,54069,0,11981197840.000,2,1,1,空换,B,5352.2000,5352.0000,5351.6000,5351.4000,5351.0000,5352.8000,5353.2000,5353.4000,5353.8000,5355.0000,2,3,1,1,4,2,2,2,1,3
SF,IC2003,2020-01-03 14:42:30.900,5352.6000,54069,0,11981197840.000,0,-,-,-,-,5352.2000,5352.0000,5351.6000,5351.4000,5351.0000,5353.2000,5353.4000,5353.8000,5354.4000,5355.0000,2,3,1,1,4,2,2,1,1,3
SF,IC2003,2020-01-03 14:42:31.900,5352.6000,54069,0,11981197840.000,0,-,-,-,-,5352.2000,5352.0000,5351.6000,5351.4000,5351.0000,5353.0000,5353.2000,5353.4000,5353.8000,5354.4000,2,3,1,1,4,1,2,1,1,1
SF,IC2003,2020-01-03 14:42:33.400,5352.6000,54069,0,11981197840.000,0,-,-,-,-,5352.2000,5352.0000,5351.6000,5351.4000,5351.0000,5353.0000,5353.2000,5353.4000,5353.8000,5354.4000,2,3,1,1,4,1,2,1,1,1
SF,IC2003,2020-01-03 14:42:33.900,5352.6000,54069,0,11981197840.000,0,-,-,-,-,5352.2000,5352.0000,5351.6000,5351.4000,5351.0000,5352.8000,5353.0000,5353.4000,5353.8000,5354.4000,2,3,1,1,4,2,1,1,1,1
SF,IC2003,2020-01-03 14:42:34.400,5352.6000,54069,0,11981197840.000,0,-,-,-,-,5352.2000,5352.0000,5351.6000,5351.4000,5351.0000,5352.8000,5353.0000,5353.4000,5353.8000,5355.0000,2,3,1,1,4,2,1,1,1,3
SF,IC2003,2020-01-03 14:42:35.400,5352.2000,54069,0,11982268280.000,1,0,1,空换,B,5352.2000,5352.0000,5351.6000,5351.4000,5351.0000,5352.8000,5353.4000,5353.8000,5355.0000,5357.0000,1,3,1,1,4,2,1,1,3,1
SF,IC2003,2020-01-03 14:42:37.400,5352.8000,54069,0,11983338840.000,1,0,1,空换,B,5352.2000,5352.0000,5351.6000,5351.4000,5351.0000,5352.8000,5353.4000,5353.8000,5355.0000,5357.0000,1,3,1,1,4,1,1,1,3,1
SF,IC2003,2020-01-03 14:42:37.900,5352.8000,54069,0,11983338840.000,0,-,-,-,-,5352.2000,5352.0000,5351.6000,5351.4000,5351.0000,5353.4000,5353.8000,5355.0000,5357.0000,5358.0000,1,3,1,1,4,1,1,3,1,1
SF,IC2003,2020-01-03 14:42:38.400,5352.8000,54069,0,11983338840.000,0,-,-,-,-,5352.2000,5352.0000,5351.6000,5351.4000,5351.0000,5353.2000,5353.4000,5353.8000,5355.0000,5357.0000,1,3,1,1,4,2,1,1,3,1
SF,IC2003,2020-01-03 14:42:38.900,5352.8000,54069,0,11983338840.000,0,-,-,-,-,5352.2000,5352.0000,5351.6000,5351.4000,5351.0000,5353.2000,5353.4000,5353.8000,5355.0000,5357.0000,1,3,1,1,4,3,1,1,3,1
SF,IC2003,2020-01-03 14:42:40.900,5352.8000,54069,0,11983338840.000,0,-,-,-,-,5352.4000,5352.2000,5352.0000,5351.6000,5351.4000,5353.2000,5353.4000,5353.8000,5355.0000,5357.0000,1,1,3,1,1,2,1,1,3,1
SF,IC2003,2020-01-03 14:42:41.400,5352.4000,54069,0,11984409320.000,1,0,1,空换,B,5352.2000,5352.0000,5351.6000,5351.4000,5351.0000,5353.2000,5353.4000,5353.8000,5355.0000,5357.0000,1,3,1,1,4,2,1,1,3,1
SF,IC2003,2020-01-03 14:42:43.400,5353.2000,54071,2,11986550600.000,2,2,0,双开,B,5352.2000,5352.0000,5351.6000,5351.4000,5351.0000,5353.4000,5353.8000,5355.0000,5357.0000,5358.0000,1,3,1,1,4,1,1,3,1,1
SF,IC2003,2020-01-03 14:42:43.900,5353.2000,54071,0,11986550600.000,0,-,-,-,-,5352.2000,5352.0000,5351.6000,5351.4000,5351.0000,5353.2000,5353.4000,5353.8000,5355.0000,5357.0000,1,3,1,1,4,1,1,1,3,1
SF,IC2003,2020-01-03 14:42:44.400,5353.2000,54071,0,11986550600.000,0,-,-,-,-,5352.2000,5352.0000,5351.6000,5351.4000,5351.0000,5353.2000,5353.4000,5353.8000,5355.0000,5357.0000,2,3,1,1,4,1,1,1,3,1
SF,IC2003,2020-01-03 14:42:44.900,5353.2000,54071,0,11986550600.000,0,-,-,-,-,5352.2000,5352.0000,5351.6000,5351.4000,5351.0000,5353.4000,5353.8000,5355.0000,5357.0000,5358.0000,2,3,1,1,4,1,1,3,1,1
SF,IC2003,2020-01-03 14:42:45.400,5352.2000,54070,-1,11990832440.000,4,1,3,空平,B,5352.0000,5351.6000,5351.4000,5351.0000,5350.6000,5352.2000,5353.4000,5353.8000,5355.0000,5357.0000,3,1,1,4,1,1,1,1,3,1
SF,IC2003,2020-01-03 14:42:45.900,5352.2000,54069,-1,11991902880.000,1,0,1,双平,B,5352.2000,5352.0000,5351.6000,5351.4000,5351.0000,5353.4000,5353.8000,5355.0000,5357.0000,5358.0000,4,3,1,1,4,1,1,3,1,1
SF,IC2003,2020-01-03 14:42:46.900,5352.2000,54068,-1,11992973320.000,1,0,1,双平,B,5352.2000,5352.0000,5351.6000,5351.4000,5351.0000,5352.8000,5353.4000,5353.8000,5355.0000,5357.0000,3,3,1,1,4,4,1,1,3,1
SF,IC2003,2020-01-03 14:42:47.400,5352.2000,54068,0,11992973320.000,0,-,-,-,-,5352.0000,5351.6000,5351.4000,5351.0000,5350.6000,5352.8000,5353.4000,5353.8000,5355.0000,5357.0000,3,1,1,4,1,4,1,1,3,1
SF,IC2003,2020-01-03 14:42:47.900,5352.2000,54068,0,11992973320.000,0,-,-,-,-,5352.0000,5351.6000,5351.4000,5351.0000,5350.2000,5352.8000,5353.4000,5353.8000,5355.0000,5357.0000,3,1,1,4,1,4,1,1,3,1
SF,IC2003,2020-01-03 14:42:48.900,5352.2000,54068,0,11992973320.000,0,-,-,-,-,5352.0000,5351.6000,5351.4000,5351.0000,5350.2000,5352.2000,5353.4000,5353.8000,5355.0000,5357.0000,3,1,1,4,1,2,1,1,3,1
SF,IC2003,2020-01-03 14:42:49.400,5352.0000,54069,1,11994043720.000,1,1,0,双开,B,5352.0000,5351.6000,5351.4000,5351.0000,5350.2000,5352.2000,5353.4000,5353.8000,5355.0000,5357.0000,2,1,1,4,1,2,1,1,3,1
SF,IC2003,2020-01-03 14:42:49.900,5352.2000,54070,1,11996184600.000,2,1,1,多开,B,5352.0000,5351.6000,5351.4000,5351.0000,5350.2000,5353.4000,5353.8000,5355.0000,5357.0000,5358.0000,2,1,1,4,1,1,1,3,1,1
SF,IC2003,2020-01-03 14:42:50.400,5352.0000,54072,2,11998325400.000,2,2,0,双开,B,5351.6000,5351.4000,5351.0000,5350.2000,5350.0000,5352.6000,5353.0000,5353.2000,5353.4000,5353.8000,1,1,4,1,13,4,3,3,1,1
SF,IC2003,2020-01-03 14:42:50.900,5352.0000,54072,0,11998325400.000,0,-,-,-,-,5351.6000,5351.4000,5351.0000,5350.2000,5350.0000,5352.4000,5352.6000,5353.0000,5353.2000,5353.4000,1,1,4,1,13,2,4,2,1,1
SF,IC2003,2020-01-03 14:42:51.400,5351.6000,54072,0,11999395720.000,1,0,1,空换,B,5351.4000,5351.0000,5350.2000,5350.0000,5349.0000,5352.4000,5352.6000,5353.0000,5353.4000,5353.8000,1,4,1,13,1,2,4,2,1,1
SF,IC2003,2020-01-03 14:42:51.900,5351.6000,54072,0,11999395720.000,0,-,-,-,-,5351.4000,5351.0000,5350.2000,5350.0000,5349.0000,5352.4000,5352.6000,5353.0000,5353.4000,5353.8000,1,4,1,13,1,2,4,1,1,1
SF,IC2003,2020-01-03 14:42:52.400,5351.6000,54072,0,11999395720.000,0,-,-,-,-,5351.4000,5351.0000,5350.2000,5350.0000,5349.0000,5352.4000,5352.6000,5353.0000,5353.4000,5353.8000,1,4,1,13,1,2,4,1,1,1
SF,IC2003,2020-01-03 14:42:52.900,5351.6000,54072,0,11999395720.000,0,-,-,-,-,5351.4000,5351.0000,5350.2000,5350.0000,5349.0000,5352.4000,5352.6000,5353.0000,5353.4000,5353.8000,1,4,1,13,1,2,4,1,1,1
SF,IC2003,2020-01-03 14:42:53.900,5351.6000,54072,0,11999395720.000,0,-,-,-,-,5351.6000,5351.4000,5351.0000,5350.2000,5350.0000,5352.4000,5352.6000,5353.0000,5353.4000,5353.8000,1,2,4,1,13,2,4,1,1,1
SF,IC2003,2020-01-03 14:42:54.400,5351.6000,54073,1,12000466040.000,1,1,0,双开,B,5351.4000,5351.0000,5350.2000,5350.0000,5349.0000,5352.4000,5352.6000,5353.0000,5353.4000,5353.8000,2,4,1,13,1,2,4,1,1,1
SF,IC2003,2020-01-03 14:42:54.900,5351.6000,54073,0,12000466040.000,0,-,-,-,-,5351.4000,5351.0000,5350.2000,5350.0000,5349.0000,5352.4000,5352.6000,5353.0000,5353.4000,5353.8000,2,4,1,13,1,2,4,1,1,1
SF,IC2003,2020-01-03 14:42:55.400,5351.4000,54073,0,12001536320.000,1,0,1,空换,B,5351.4000,5351.0000,5350.2000,5350.0000,5349.0000,5352.4000,5352.6000,5353.4000,5353.8000,5355.0000,1,4,1,13,1,2,4,1,1,3
SF,IC2003,2020-01-03 14:42:55.900,5351.4000,54074,1,12002606600.000,1,1,0,双开,B,5351.0000,5350.2000,5350.0000,5349.0000,5348.8000,5351.2000,5352.2000,5352.4000,5352.6000,5353.4000,4,1,13,1,2,1,1,2,4,1
SF,IC2003,2020-01-03 14:42:56.400,5351.0000,54077,3,12005817200.000,3,3,0,双开,B,5351.0000,5350.2000,5350.0000,5349.0000,5348.8000,5351.8000,5352.2000,5352.4000,5352.6000,5353.4000,1,1,13,1,2,1,1,1,4,1
SF,IC2003,2020-01-03 14:42:56.900,5351.0000,54077,0,12005817200.000,0,-,-,-,-,5351.0000,5350.2000,5350.0000,5349.0000,5348.8000,5351.6000,5351.8000,5352.2000,5352.4000,5352.6000,1,1,13,1,2,1,1,1,1,4
SF,IC2003,2020-01-03 14:42:57.900,5351.0000,54077,0,12006887400.000,1,0,1,空换,B,5350.2000,5350.0000,5349.0000,5348.8000,5348.0000,5351.6000,5351.8000,5352.2000,5352.4000,5352.6000,1,13,1,2,1,1,1,1,1,4
SF,IC2003,2020-01-03 14:42:58.400,5351.0000,54077,0,12006887400.000,0,-,-,-,-,5350.4000,5350.2000,5350.0000,5349.0000,5348.8000,5351.6000,5351.8000,5352.2000,5352.4000,5352.6000,2,1,13,1,2,1,1,1,1,4
SF,IC2003,2020-01-03 14:42:58.900,5350.6000,54077,0,12007957520.000,1,0,1,空换,B,5351.2000,5350.4000,5350.2000,5350.0000,5349.0000,5351.6000,5352.2000,5352.4000,5352.6000,5353.4000,1,2,1,13,1,1,1,1,4,1
SF,IC2003,2020-01-03 14:42:59.400,5351.2000,54077,0,12009027760.000,1,0,1,空换,B,5350.4000,5350.2000,5350.0000,5349.0000,5348.8000,5351.6000,5352.2000,5352.4000,5352.6000,5353.4000,2,1,13,1,2,1,1,1,4,1
SF,IC2003,2020-01-03 14:42:59.900,5351.2000,54077,0,12009027760.000,0,-,-,-,-,5350.4000,5350.2000,5350.0000,5349.0000,5348.8000,5351.6000,5352.0000,5352.2000,5352.4000,5352.6000,2,1,13,1,2,1,1,1,1,4
SF,IC2003,2020-01-03 14:43:00.400,5351.2000,54077,0,12009027760.000,0,-,-,-,-,5350.4000,5350.2000,5350.0000,5349.0000,5348.8000,5351.4000,5351.6000,5352.0000,5352.2000,5352.6000,2,2,13,1,2,2,1,1,1,4
SF,IC2003,2020-01-03 14:43:00.900,5351.2000,54077,0,12009027760.000,0,-,-,-,-,5350.2000,5350.0000,5349.0000,5348.8000,5348.0000,5351.4000,5351.6000,5352.0000,5352.2000,5352.6000,2,13,1,2,1,2,1,1,1,4
SF,IC2003,2020-01-03 14:43:01.400,5351.2000,54078,1,12010098000.000,1,1,0,双开,B,5350.2000,5350.0000,5349.0000,5348.8000,5348.0000,5351.2000,5351.4000,5352.0000,5352.6000,5353.4000,2,13,1,2,1,1,2,1,4,1
SF,IC2003,2020-01-03 14:43:01.900,5351.2000,54079,1,12011168240.000,1,1,0,双开,B,5350.2000,5350.0000,5349.0000,5348.8000,5348.0000,5351.0000,5351.2000,5352.0000,5352.6000,5353.4000,2,13,1,2,1,1,1,1,4,1
SF,IC2003,2020-01-03 14:43:02.900,5350.2000,54082,3,12014378360.000,3,3,0,双开,B,5350.0000,5349.0000,5348.8000,5348.0000,5347.4000,5350.8000,5351.0000,5351.2000,5352.0000,5353.4000,13,1,2,1,2,1,1,1,1,1
SF,IC2003,2020-01-03 14:43:03.400,5350.2000,54082,0,12014378360.000,0,-,-,-,-,5350.0000,5349.0000,5348.8000,5348.0000,5347.4000,5350.8000,5351.2000,5352.0000,5353.4000,5353.8000,13,1,2,1,2,1,1,1,1,1
SF,IC2003,2020-01-03 14:43:03.900,5350.0000,54079,-3,12019728640.000,5,1,4,空平,B,5350.0000,5349.0000,5348.8000,5348.0000,5347.4000,5351.2000,5352.0000,5353.4000,5353.8000,5355.0000,10,1,2,1,2,1,1,1,1,3
SF,IC2003,2020-01-03 14:43:04.400,5347.4000,54074,-5,12038986520.000,18,6,12,空平,B,5347.6000,5347.0000,5346.6000,5346.2000,5346.0000,5350.0000,5352.0000,5353.4000,5353.8000,5355.0000,2,7,1,1,2,2,1,1,1,3
SF,IC2003,2020-01-03 14:43:04.900,5349.0000,54077,3,12052895480.000,13,8,5,多开,B,5350.0000,5349.0000,5348.8000,5348.6000,5348.2000,5351.6000,5352.0000,5353.4000,5353.8000,5355.0000,1,2,3,2,1,2,1,1,1,3
SF,IC2003,2020-01-03 14:43:05.400,5351.4000,54085,8,12063596720.000,10,9,1,多开,B,5348.8000,5348.6000,5348.0000,5347.8000,5347.6000,5350.0000,5351.6000,5352.0000,5353.4000,5353.8000,1,3,1,1,3,1,2,1,1,1
SF,IC2003,2020-01-03 14:43:05.900,5350.0000,54085,0,12065736720.000,2,1,1,空换,B,5350.6000,5349.2000,5349.0000,5348.8000,5348.6000,5351.0000,5351.6000,5353.4000,5353.8000,5355.0000,1,2,2,1,3,1,2,1,1,3
SF,IC2003,2020-01-03 14:43:06.400,5350.8000,54086,1,12070017240.000,4,2,2,多开,B,5349.2000,5349.0000,5348.8000,5348.6000,5348.0000,5351.6000,5353.4000,5353.8000,5355.0000,5357.0000,3,2,1,2,2,2,1,1,3,1
SF,IC2003,2020-01-03 14:43:06.900,5350.8000,54086,0,12070017240.000,0,-,-,-,-,5349.6000,5349.4000,5349.2000,5348.8000,5348.6000,5351.2000,5351.4000,5351.6000,5353.4000,5353.8000,1,2,3,1,3,2,2,2,1,1
SF,IC2003,2020-01-03 14:43:07.400,5350.8000,54086,0,12070017240.000,0,-,-,-,-,5349.8000,5349.6000,5349.2000,5348.8000,5348.6000,5351.0000,5351.6000,5353.4000,5353.8000,5355.0000,2,1,2,1,4,2,2,1,1,3
SF,IC2003,2020-01-03 14:43:07.900,5350.8000,54086,0,12070017240.000,0,-,-,-,-,5349.8000,5349.6000,5349.2000,5348.8000,5348.6000,5351.6000,5353.4000,5353.8000,5355.0000,5357.0000,3,1,2,1,4,2,1,1,3,1
SF,IC2003,2020-01-03 14:43:08.400,5350.8000,54086,0,12070017240.000,0,-,-,-,-,5349.8000,5349.6000,5349.4000,5349.2000,5348.8000,5351.2000,5351.4000,5351.6000,5353.4000,5353.8000,3,1,1,3,1,2,2,2,1,1
SF,IC2003,2020-01-03 14:43:08.900,5350.8000,54086,0,12070017240.000,0,-,-,-,-,5349.8000,5349.6000,5349.4000,5349.2000,5348.8000,5351.4000,5351.6000,5353.4000,5353.8000,5355.0000,3,1,1,3,1,2,2,1,1,3
SF,IC2003,2020-01-03 14:43:09.400,5350.8000,54086,0,12070017240.000,0,-,-,-,-,5350.0000,5349.8000,5349.6000,5349.4000,5349.2000,5351.6000,5353.4000,5353.8000,5355.0000,5357.0000,2,3,1,1,3,2,1,1,3,1
SF,IC2003,2020-01-03 14:43:09.900,5350.8000,54086,0,12070017240.000,0,-,-,-,-,5350.2000,5350.0000,5349.8000,5349.6000,5349.4000,5351.6000,5353.2000,5353.4000,5353.8000,5355.0000,2,2,1,2,1,2,1,1,1,3
SF,IC2003,2020-01-03 14:43:10.400,5350.8000,54086,0,12070017240.000,0,-,-,-,-,5350.2000,5350.0000,5349.6000,5349.4000,5348.6000,5351.6000,5353.2000,5353.4000,5353.8000,5355.0000,2,2,2,1,4,2,1,1,1,2
SF,IC2003,2020-01-03 14:43:10.900,5350.8000,54086,0,12070017240.000,0,-,-,-,-,5350.2000,5350.0000,5349.6000,5349.4000,5348.6000,5351.6000,5353.2000,5353.4000,5353.6000,5353.8000,2,2,2,1,3,2,1,1,2,1
SF,IC2003,2020-01-03 14:43:11.400,5350.8000,54086,0,12070017240.000,0,-,-,-,-,5350.2000,5350.0000,5349.6000,5349.4000,5348.6000,5351.6000,5353.2000,5353.4000,5353.6000,5353.8000,2,2,2,1,3,2,1,1,2,1
SF,IC2003,2020-01-03 14:43:11.900,5351.6000,54086,0,12071087560.000,1,0,1,空换,B,5350.4000,5350.2000,5350.0000,5349.6000,5349.4000,5351.6000,5353.2000,5353.4000,5353.6000,5353.8000,1,2,2,2,1,1,1,1,2,1
SF,IC2003,2020-01-03 14:43:12.400,5351.6000,54086,0,12071087560.000,0,-,-,-,-,5350.6000,5350.4000,5350.0000,5349.6000,5349.4000,5351.6000,5353.2000,5353.4000,5353.6000,5353.8000,2,1,1,2,1,1,1,1,2,1
SF,IC2003,2020-01-03 14:43:12.900,5351.6000,54086,0,12072157880.000,1,0,1,空换,B,5350.8000,5350.4000,5350.0000,5349.6000,5349.4000,5351.6000,5352.4000,5353.2000,5353.4000,5353.6000,1,1,1,1,1,3,1,1,1,2
SF,IC2003,2020-01-03 14:43:13.400,5351.6000,54088,2,12074298520.000,2,2,0,双开,B,5351.0000,5350.8000,5350.0000,5349.6000,5349.4000,5351.6000,5352.4000,5353.2000,5353.4000,5353.6000,2,1,1,1,2,1,1,1,1,2
SF,IC2003,2020-01-03 14:43:13.900,5351.6000,54089,1,12075368840.000,1,1,0,双开,B,5351.0000,5350.8000,5350.0000,5349.6000,5349.4000,5353.2000,5353.4000,5353.6000,5353.8000,5354.6000,2,1,1,1,3,1,1,2,1,2
SF,IC2003,2020-01-03 14:43:14.400,5351.6000,54089,0,12075368840.000,0,-,-,-,-,5351.0000,5350.0000,5349.6000,5349.4000,5349.0000,5352.8000,5353.0000,5353.2000,5353.4000,5353.6000,2,1,1,3,1,3,3,1,1,2
SF,IC2003,2020-01-03 14:43:14.900,5351.6000,54089,0,12075368840.000,0,-,-,-,-,5351.0000,5350.0000,5349.6000,5349.4000,5349.0000,5352.6000,5352.8000,5353.0000,5353.4000,5353.6000,2,1,2,3,1,3,1,1,1,2
SF,IC2003,2020-01-03 14:43:15.400,5351.6000,54089,0,12075368840.000,0,-,-,-,-,5350.0000,5349.6000,5349.4000,5349.0000,5348.6000,5352.6000,5352.8000,5353.0000,5353.4000,5353.6000,1,2,3,1,2,2,1,1,1,2
SF,IC2003,2020-01-03 14:43:15.900,5351.6000,54089,0,12075368840.000,0,-,-,-,-,5350.4000,5350.2000,5350.0000,5349.6000,5349.4000,5352.2000,5352.4000,5352.6000,5352.8000,5353.0000,1,5,1,2,3,2,2,2,1,1
SF,IC2003,2020-01-03 14:43:16.400,5351.6000,54089,0,12075368840.000,0,-,-,-,-,5350.6000,5350.4000,5350.2000,5350.0000,5349.6000,5352.0000,5352.4000,5352.8000,5353.0000,5353.4000,2,1,2,1,1,2,1,1,1,1
SF,IC2003,2020-01-03 14:43:16.900,5351.6000,54089,0,12075368840.000,0,-,-,-,-,5350.6000,5350.4000,5350.2000,5350.0000,5349.6000,5352.0000,5352.8000,5353.0000,5353.4000,5353.6000,2,1,1,1,1,2,1,1,1,2
SF,IC2003,2020-01-03 14:43:17.400,5351.6000,54089,0,12075368840.000,0,-,-,-,-,5350.6000,5350.4000,5350.2000,5350.0000,5349.6000,5352.8000,5353.0000,5353.4000,5353.6000,5353.8000,2,1,1,1,1,1,1,1,2,1
SF,IC2003,2020-01-03 14:43:17.900,5351.6000,54089,0,12075368840.000,0,-,-,-,-,5351.0000,5350.8000,5350.6000,5350.2000,5350.0000,5352.4000,5352.6000,5352.8000,5353.0000,5353.4000,1,1,2,1,1,1,3,1,1,1
SF,IC2003,2020-01-03 14:43:18.400,5351.6000,54089,0,12075368840.000,0,-,-,-,-,5351.2000,5351.0000,5350.8000,5350.0000,5349.6000,5352.4000,5352.6000,5352.8000,5353.0000,5353.4000,2,1,1,1,2,3,2,1,1,1
SF,IC2003,2020-01-03 14:43:18.900,5351.6000,54089,0,12075368840.000,0,-,-,-,-,5351.2000,5351.0000,5350.8000,5350.0000,5349.6000,5352.4000,5352.6000,5352.8000,5353.0000,5353.4000,2,1,1,1,2,3,2,1,1,1
SF,IC2003,2020-01-03 14:43:19.400,5351.6000,54089,0,12075368840.000,0,-,-,-,-,5351.4000,5351.2000,5351.0000,5350.8000,5350.0000,5352.4000,5352.6000,5352.8000,5353.0000,5353.4000,1,2,1,1,1,3,2,1,1,1
SF,IC2003,2020-01-03 14:43:19.900,5351.6000,54089,0,12075368840.000,0,-,-,-,-,5351.6000,5351.4000,5351.0000,5350.8000,5350.0000,5352.4000,5352.6000,5352.8000,5353.0000,5353.4000,2,1,1,1,1,3,2,1,1,1
SF,IC2003,2020-01-03 14:43:20.400,5351.6000,54089,0,12075368840.000,0,-,-,-,-,5351.6000,5351.4000,5351.0000,5350.8000,5350.0000,5352.4000,5352.6000,5352.8000,5353.0000,5353.4000,2,1,1,1,2,3,2,1,1,1
SF,IC2003,2020-01-03 14:43:20.900,5351.6000,54089,0,12075368840.000,0,-,-,-,-,5351.6000,5351.4000,5351.0000,5350.8000,5350.0000,5352.4000,5352.6000,5352.8000,5353.0000,5353.4000,2,1,1,1,2,3,2,1,1,1
SF,IC2003,2020-01-03 14:43:21.400,5351.6000,54089,0,12075368840.000,0,-,-,-,-,5351.6000,5351.4000,5351.0000,5350.8000,5350.0000,5352.4000,5352.8000,5353.0000,5353.4000,5353.6000,2,1,1,1,2,3,1,1,1,2
SF,IC2003,2020-01-03 14:43:22.400,5351.6000,54089,0,12075368840.000,0,-,-,-,-,5351.6000,5351.4000,5351.0000,5350.0000,5349.6000,5352.4000,5352.8000,5353.0000,5353.4000,5353.6000,2,1,1,2,3,3,1,1,1,2
SF,IC2003,2020-01-03 14:43:22.900,5351.6000,54089,0,12075368840.000,0,-,-,-,-,5351.6000,5351.4000,5351.0000,5350.0000,5349.6000,5352.4000,5352.8000,5353.0000,5353.4000,5353.6000,2,1,1,2,4,3,1,1,1,2
SF,IC2003,2020-01-03 14:43:23.400,5351.6000,54089,0,12075368840.000,0,-,-,-,-,5351.6000,5351.4000,5351.0000,5350.0000,5349.6000,5352.8000,5353.0000,5353.4000,5353.6000,5353.8000,2,1,1,2,3,1,1,1,2,1
SF,IC2003,2020-01-03 14:43:23.900,5351.6000,54089,0,12075368840.000,0,-,-,-,-,5351.6000,5351.4000,5351.0000,5350.0000,5349.6000,5352.8000,5353.0000,5353.4000,5353.6000,5353.8000,2,1,1,2,3,5,1,1,2,1
SF,IC2003,2020-01-03 14:43:24.400,5351.6000,54089,0,12075368840.000,0,-,-,-,-,5351.6000,5351.4000,5351.0000,5350.0000,5349.6000,5352.6000,5352.8000,5353.0000,5353.4000,5353.6000,2,1,1,2,3,2,4,1,1,2
SF,IC2003,2020-01-03 14:43:24.900,5351.6000,54089,0,12075368840.000,0,-,-,-,-,5351.6000,5351.4000,5351.0000,5350.0000,5349.6000,5352.6000,5352.8000,5353.0000,5353.4000,5353.6000,2,1,1,2,3,2,4,1,1,2
SF,IC2003,2020-01-03 14:43:25.400,5351.6000,54089,0,12075368840.000,0,-,-,-,-,5351.6000,5351.4000,5351.0000,5350.0000,5349.6000,5352.6000,5352.8000,5353.0000,5353.4000,5353.6000,5,1,1,2,3,2,4,1,1,2
SF,IC2003,2020-01-03 14:43:25.900,5351.6000,54089,0,12075368840.000,0,-,-,-,-,5351.6000,5351.4000,5351.0000,5350.0000,5349.6000,5352.6000,5352.8000,5353.0000,5353.4000,5353.6000,5,1,1,2,3,2,4,1,1,2
SF,IC2003,2020-01-03 14:43:26.400,5351.6000,54089,0,12075368840.000,0,-,-,-,-,5351.6000,5351.4000,5351.0000,5350.0000,5349.6000,5352.6000,5352.8000,5353.0000,5353.4000,5353.6000,5,1,1,2,3,2,4,1,1,2
SF,IC2003,2020-01-03 14:43:26.900,5351.6000,54089,0,12075368840.000,0,-,-,-,-,5351.6000,5351.4000,5351.0000,5350.0000,5349.6000,5352.6000,5352.8000,5353.0000,5353.4000,5353.6000,5,1,1,2,3,2,4,1,2,2
SF,IC2003,2020-01-03 14:43:27.400,5351.6000,54089,0,12075368840.000,0,-,-,-,-,5351.6000,5351.4000,5351.0000,5350.0000,5349.6000,5352.8000,5353.0000,5353.4000,5353.6000,5353.8000,5,1,1,2,3,4,1,2,2,1
SF,IC2003,2020-01-03 14:43:27.900,5351.6000,54089,0,12075368840.000,0,-,-,-,-,5352.0000,5351.6000,5351.4000,5351.0000,5350.0000,5352.8000,5353.0000,5353.4000,5353.6000,5353.8000,3,5,1,1,2,4,1,2,2,1
SF,IC2003,2020-01-03 14:43:28.900,5351.6000,54089,0,12075368840.000,0,-,-,-,-,5352.0000,5351.6000,5351.4000,5351.0000,5350.0000,5352.8000,5353.0000,5353.4000,5353.6000,5353.8000,3,5,1,1,2,4,1,2,2,1
SF,IC2003,2020-01-03 14:43:29.400,5351.6000,54089,0,12075368840.000,0,-,-,-,-,5352.0000,5351.6000,5351.4000,5351.0000,5350.0000,5352.8000,5353.0000,5353.4000,5353.6000,5353.8000,3,5,1,1,2,1,1,2,2,1
SF,IC2003,2020-01-03 14:43:29.900,5352.8000,54093,4,12079650600.000,4,4,0,双开,B,5351.6000,5351.4000,5351.0000,5350.0000,5349.6000,5353.0000,5353.4000,5353.6000,5353.8000,5354.0000,5,1,1,2,3,1,2,2,1,2
SF,IC2003,2020-01-03 14:43:30.400,5352.8000,54093,0,12079650600.000,0,-,-,-,-,5351.6000,5351.4000,5351.0000,5350.0000,5349.6000,5352.8000,5353.0000,5353.4000,5353.6000,5353.8000,5,1,1,2,3,2,2,2,2,1
SF,IC2003,2020-01-03 14:43:30.900,5352.8000,54093,0,12079650600.000,0,-,-,-,-,5351.6000,5351.4000,5351.0000,5350.0000,5349.6000,5352.6000,5352.8000,5353.0000,5353.4000,5353.6000,5,1,1,2,3,1,2,1,2,2
SF,IC2003,2020-01-03 14:43:33.400,5352.8000,54093,0,12079650600.000,0,-,-,-,-,5352.0000,5351.6000,5351.4000,5351.0000,5350.0000,5352.6000,5352.8000,5353.0000,5353.4000,5353.6000,1,5,1,1,2,1,2,1,2,2
SF,IC2003,2020-01-03 14:43:33.900,5352.6000,54094,1,12081791640.000,2,1,1,多开,B,5352.0000,5351.6000,5351.4000,5351.0000,5350.0000,5352.8000,5353.0000,5353.4000,5353.6000,5353.8000,1,5,1,1,2,2,1,2,2,1
SF,IC2003,2020-01-03 14:43:34.400,5352.6000,54094,0,12081791640.000,0,-,-,-,-,5352.0000,5351.6000,5351.4000,5351.0000,5350.0000,5352.8000,5353.0000,5353.4000,5353.6000,5353.8000,2,5,1,1,2,2,1,2,2,1
SF,IC2003,2020-01-03 14:43:34.900,5352.6000,54094,0,12081791640.000,0,-,-,-,-,5352.0000,5351.6000,5351.4000,5351.0000,5350.0000,5352.8000,5353.0000,5353.4000,5353.6000,5353.8000,2,5,1,1,2,2,2,2,2,1
SF,IC2003,2020-01-03 14:43:35.400,5352.0000,54096,2,12083932440.000,2,2,0,双开,B,5351.6000,5351.4000,5351.0000,5350.0000,5349.6000,5352.0000,5353.0000,5353.4000,5353.6000,5353.8000,5,1,1,2,3,1,2,2,2,1
SF,IC2003,2020-01-03 14:43:35.900,5352.0000,54097,1,12085002840.000,1,1,0,双开,B,5351.6000,5351.4000,5351.0000,5350.0000,5349.6000,5352.6000,5353.0000,5353.4000,5353.6000,5353.8000,5,1,1,2,2,1,2,2,2,1
SF,IC2003,2020-01-03 14:43:36.400,5352.0000,54097,0,12085002840.000,0,-,-,-,-,5352.0000,5351.6000,5351.4000,5351.0000,5350.0000,5353.0000,5353.4000,5353.6000,5353.8000,5354.0000,1,5,1,1,2,2,2,2,1,2
SF,IC2003,2020-01-03 14:43:36.900,5352.0000,54097,0,12085002840.000,0,-,-,-,-,5352.0000,5351.6000,5351.4000,5351.0000,5350.0000,5352.6000,5352.8000,5353.0000,5353.4000,5353.6000,1,5,1,1,2,3,2,2,2,2
SF,IC2003,2020-01-03 14:43:37.400,5352.0000,54097,0,12085002840.000,0,-,-,-,-,5352.0000,5351.6000,5351.4000,5351.0000,5350.0000,5352.6000,5353.0000,5353.4000,5353.6000,5353.8000,1,5,1,1,2,2,2,2,2,1
SF,IC2003,2020-01-03 14:43:38.900,5352.0000,54097,0,12086073240.000,1,0,1,空换,B,5351.6000,5351.4000,5351.0000,5350.0000,5349.6000,5353.0000,5353.4000,5353.6000,5353.8000,5354.0000,5,1,1,2,2,2,2,2,1,2
SF,IC2003,2020-01-03 14:43:39.400,5352.0000,54097,0,12086073240.000,0,-,-,-,-,5351.6000,5351.4000,5351.0000,5350.0000,5349.6000,5352.4000,5352.8000,5353.0000,5353.4000,5353.6000,5,1,1,2,2,2,2,2,2,2
SF,IC2003,2020-01-03 14:43:39.900,5352.0000,54097,0,12086073240.000,0,-,-,-,-,5351.6000,5351.4000,5351.0000,5350.0000,5349.6000,5352.4000,5352.8000,5353.0000,5353.4000,5353.6000,5,1,1,2,2,1,2,2,2,2
SF,IC2003,2020-01-03 14:43:41.900,5351.6000,54097,0,12088213880.000,2,1,1,空换,B,5351.6000,5351.4000,5351.0000,5350.0000,5349.6000,5352.4000,5352.8000,5353.0000,5353.4000,5353.6000,3,1,1,2,1,1,2,2,2,2
SF,IC2003,2020-01-03 14:43:42.400,5351.6000,54100,3,12091424840.000,3,3,0,双开,B,5351.4000,5351.0000,5350.0000,5349.6000,5349.4000,5351.6000,5352.2000,5352.4000,5353.0000,5353.4000,1,1,2,1,1,1,2,2,3,2
SF,IC2003,2020-01-03 14:43:42.900,5351.6000,54101,1,12094635760.000,3,2,1,多开,B,5351.0000,5350.0000,5349.6000,5349.4000,5349.0000,5352.2000,5352.4000,5353.0000,5353.4000,5353.6000,1,2,1,1,3,2,1,3,2,2
SF,IC2003,2020-01-03 14:43:43.400,5351.6000,54101,0,12094635760.000,0,-,-,-,-,5351.0000,5350.0000,5349.6000,5349.0000,5348.8000,5352.2000,5352.4000,5353.0000,5353.4000,5353.6000,1,2,1,3,1,3,1,3,2,2
SF,IC2003,2020-01-03 14:43:43.900,5351.6000,54101,0,12094635760.000,0,-,-,-,-,5351.0000,5350.0000,5349.6000,5349.0000,5348.8000,5352.0000,5352.2000,5352.4000,5353.0000,5353.4000,1,1,1,1,1,1,3,1,2,2
SF,IC2003,2020-01-03 14:43:44.400,5351.6000,54101,0,12094635760.000,0,-,-,-,-,5351.0000,5350.0000,5349.6000,5349.0000,5348.8000,5351.8000,5352.0000,5352.2000,5352.4000,5353.0000,1,1,1,1,1,2,1,1,1,2
SF,IC2003,2020-01-03 14:43:44.900,5351.6000,54101,0,12094635760.000,0,-,-,-,-,5351.0000,5350.0000,5349.6000,5349.0000,5348.8000,5351.8000,5352.0000,5352.2000,5352.4000,5353.0000,1,1,1,1,1,2,1,1,1,2
SF,IC2003,2020-01-03 14:43:45.400,5351.0000,54102,1,12095705960.000,1,1,0,双开,B,5350.0000,5349.6000,5349.0000,5348.8000,5348.6000,5351.0000,5351.8000,5352.0000,5352.2000,5352.4000,1,1,1,1,2,2,2,1,1,1
SF,IC2003,2020-01-03 14:43:45.900,5350.2000,54102,0,12097846200.000,2,1,1,空换,B,5350.2000,5350.0000,5349.6000,5349.0000,5348.8000,5351.0000,5351.8000,5352.0000,5352.2000,5352.4000,1,1,1,1,1,1,2,1,1,1
SF,IC2003,2020-01-03 14:43:46.400,5350.2000,54102,0,12097846200.000,0,-,-,-,-,5350.2000,5350.0000,5349.6000,5349.0000,5348.8000,5351.0000,5351.8000,5352.2000,5352.4000,5353.0000,1,1,1,1,1,1,2,1,1,2
SF,IC2003,2020-01-03 14:43:46.900,5351.0000,54102,0,12098916400.000,1,0,1,空换,B,5350.0000,5349.6000,5349.0000,5348.8000,5348.6000,5350.2000,5351.6000,5351.8000,5352.2000,5352.4000,1,1,1,1,2,2,1,2,1,1
SF,IC2003,2020-01-03 14:43:47.400,5350.2000,54100,-2,12101056480.000,2,0,2,双平,B,5350.8000,5350.2000,5350.0000,5349.6000,5349.0000,5351.6000,5351.8000,5352.2000,5352.4000,5353.0000,3,2,1,1,1,1,2,1,1,2
SF,IC2003,2020-01-03 14:43:47.900,5350.8000,54102,2,12104266960.000,3,2,1,多开,B,5350.2000,5350.0000,5349.6000,5349.0000,5348.8000,5351.4000,5352.2000,5352.4000,5353.0000,5353.4000,2,1,1,1,1,3,1,1,2,2
SF,IC2003,2020-01-03 14:43:48.400,5350.8000,54102,0,12104266960.000,0,-,-,-,-,5350.2000,5350.0000,5349.6000,5349.0000,5348.8000,5351.2000,5351.4000,5352.4000,5353.0000,5353.4000,2,1,1,1,1,1,3,1,2,2
SF,IC2003,2020-01-03 14:43:48.900,5350.8000,54102,0,12104266960.000,0,-,-,-,-,5350.2000,5350.0000,5349.6000,5349.0000,5348.8000,5351.0000,5351.2000,5351.4000,5352.4000,5353.0000,2,1,1,1,1,2,1,1,1,2
SF,IC2003,2020-01-03 14:43:49.400,5350.8000,54102,0,12104266960.000,0,-,-,-,-,5350.2000,5350.0000,5349.6000,5349.0000,5348.8000,5351.0000,5351.2000,5351.4000,5352.4000,5353.0000,2,1,1,1,1,2,1,1,1,2
SF,IC2003,2020-01-03 14:43:49.900,5350.2000,54102,0,12105337000.000,1,0,1,空换,B,5350.2000,5350.0000,5349.6000,5349.0000,5348.8000,5350.8000,5351.0000,5351.2000,5352.4000,5353.0000,1,1,1,1,1,1,2,1,1,2
SF,IC2003,2020-01-03 14:43:50.400,5350.2000,54102,0,12105337000.000,0,-,-,-,-,5350.2000,5350.0000,5349.6000,5349.0000,5348.8000,5350.8000,5351.0000,5352.4000,5353.0000,5353.4000,1,1,1,1,1,1,2,1,2,2
SF,IC2003,2020-01-03 14:43:50.900,5350.2000,54102,0,12106407040.000,1,0,1,空换,B,5350.0000,5349.6000,5349.0000,5348.8000,5348.6000,5350.6000,5350.8000,5352.4000,5353.0000,5353.4000,1,1,1,1,2,2,1,1,2,2
SF,IC2003,2020-01-03 14:43:51.400,5350.0000,54102,0,12107477040.000,1,0,1,空换,B,5349.6000,5349.0000,5348.8000,5348.6000,5348.0000,5350.0000,5350.6000,5350.8000,5352.4000,5353.0000,1,1,1,2,1,2,2,1,1,2
SF,IC2003,2020-01-03 14:43:51.900,5350.0000,54104,2,12109617040.000,2,2,0,双开,B,5350.0000,5349.6000,5349.0000,5348.8000,5348.6000,5350.6000,5350.8000,5352.4000,5353.0000,5353.4000,5,1,1,1,2,2,1,1,2,2
SF,IC2003,2020-01-03 14:43:52.400,5350.4000,54107,3,12113897120.000,4,3,1,多开,B,5350.0000,5349.6000,5349.0000,5348.8000,5348.6000,5350.6000,5350.8000,5352.4000,5353.0000,5353.4000,3,1,1,1,2,2,1,1,2,2
SF,IC2003,2020-01-03 14:43:52.900,5349.6000,54109,2,12118177040.000,4,3,1,多开,B,5349.0000,5348.8000,5348.6000,5348.0000,5347.8000,5349.8000,5350.0000,5350.2000,5350.4000,5350.6000,1,1,2,1,2,1,5,1,2,2
SF,IC2003,2020-01-03 14:43:53.400,5349.0000,54109,0,12119246840.000,1,0,1,空换,B,5348.8000,5348.0000,5347.8000,5347.6000,5346.6000,5349.0000,5349.6000,5349.8000,5350.0000,5350.8000,1,1,2,2,1,4,2,1,3,1
SF,IC2003,2020-01-03 14:43:53.900,5348.8000,54110,1,12120316600.000,1,1,0,双开,B,5348.0000,5347.8000,5347.6000,5346.6000,5346.2000,5348.6000,5348.8000,5349.0000,5349.6000,5349.8000,1,2,2,1,1,1,2,4,3,1
SF,IC2003,2020-01-03 14:43:54.400,5348.8000,54110,0,12120316600.000,0,-,-,-,-,5348.0000,5347.6000,5346.6000,5346.2000,5346.0000,5348.8000,5349.0000,5349.6000,5349.8000,5350.0000,1,2,1,1,3,1,4,3,1,3
SF,IC2003,2020-01-03 14:43:54.900,5348.8000,54110,0,12120316600.000,0,-,-,-,-,5348.0000,5346.6000,5346.2000,5346.0000,5345.6000,5348.6000,5348.8000,5349.0000,5349.6000,5349.8000,1,1,1,3,1,3,1,4,1,1
SF,IC2003,2020-01-03 14:43:55.400,5348.0000,54111,1,12123525400.000,3,2,1,多开,B,5346.6000,5346.2000,5346.0000,5345.6000,5345.4000,5348.0000,5348.6000,5348.8000,5349.0000,5349.6000,1,1,3,1,1,3,3,1,4,1
SF,IC2003,2020-01-03 14:43:55.900,5346.6000,54111,0,12124594720.000,1,0,1,空换,B,5346.2000,5346.0000,5345.6000,5345.4000,5345.2000,5347.8000,5348.0000,5348.6000,5348.8000,5349.0000,1,3,1,1,3,2,3,1,1,4
SF,IC2003,2020-01-03 14:43:56.400,5347.6000,54111,0,12125664240.000,1,0,1,空换,B,5346.4000,5346.2000,5346.0000,5345.6000,5345.4000,5346.6000,5347.8000,5348.0000,5348.8000,5349.0000,2,1,3,1,1,2,2,3,1,4
SF,IC2003,2020-01-03 14:43:56.900,5346.6000,54109,-2,12127802880.000,2,0,2,双平,B,5346.4000,5346.2000,5346.0000,5345.6000,5345.4000,5347.8000,5348.0000,5348.8000,5349.0000,5349.6000,2,1,3,1,1,2,3,1,4,1
SF,IC2003,2020-01-03 14:43:57.400,5347.8000,54110,1,12129942000.000,2,1,1,多开,B,5346.6000,5346.4000,5346.2000,5346.0000,5345.6000,5348.0000,5348.8000,5349.0000,5349.6000,5349.8000,2,3,1,3,1,3,1,4,1,1
SF,IC2003,2020-01-03 14:43:57.900,5347.8000,54110,0,12129942000.000,0,-,-,-,-,5346.8000,5346.6000,5346.4000,5346.2000,5346.0000,5347.8000,5348.0000,5348.8000,5349.0000,5349.6000,2,2,1,1,3,2,3,1,4,1
SF,IC2003,2020-01-03 14:43:58.400,5347.8000,54110,0,12129942000.000,0,-,-,-,-,5347.0000,5346.8000,5346.6000,5346.4000,5346.2000,5348.0000,5348.8000,5349.0000,5349.6000,5349.8000,1,2,1,1,1,3,1,2,1,1
SF,IC2003,2020-01-03 14:43:58.900,5347.2000,54113,3,12133150440.000,3,3,0,双开,B,5347.0000,5346.4000,5346.2000,5346.0000,5345.6000,5348.8000,5349.0000,5349.6000,5349.8000,5353.0000,1,1,1,3,1,1,2,1,1,2
SF,IC2003,2020-01-03 14:43:59.400,5347.2000,54113,0,12133150440.000,0,-,-,-,-,5347.0000,5346.4000,5346.2000,5346.0000,5345.6000,5348.4000,5348.6000,5348.8000,5349.0000,5349.6000,1,1,1,3,1,3,2,1,2,1
SF,IC2003,2020-01-03 14:43:59.900,5347.2000,54113,0,12133150440.000,0,-,-,-,-,5347.0000,5346.4000,5346.2000,5346.0000,5345.6000,5348.2000,5348.4000,5348.8000,5349.0000,5349.6000,1,1,1,3,1,3,1,1,2,1
SF,IC2003,2020-01-03 14:44:01.400,5346.2000,54115,2,12137427800.000,4,3,1,多开,B,5346.0000,5345.6000,5345.4000,5345.2000,5345.0000,5348.2000,5348.4000,5348.8000,5349.0000,5353.0000,3,1,1,1,6,3,1,1,2,2
SF,IC2003,2020-01-03 14:44:01.900,5346.2000,54115,0,12137427800.000,0,-,-,-,-,5347.4000,5346.6000,5346.4000,5346.2000,5346.0000,5348.2000,5348.8000,5349.0000,5353.0000,5353.4000,3,2,1,3,3,1,1,2,2,2
SF,IC2003,2020-01-03 14:44:02.400,5348.2000,54116,1,12138497440.000,1,1,0,双开,B,5348.2000,5347.4000,5346.6000,5346.2000,5346.0000,5348.8000,5349.0000,5353.0000,5353.4000,5353.6000,1,1,1,2,3,1,2,2,2,2
SF,IC2003,2020-01-03 14:44:02.900,5348.2000,54116,0,12138497440.000,0,-,-,-,-,5348.4000,5346.6000,5346.4000,5346.2000,5346.0000,5349.0000,5353.0000,5353.4000,5353.6000,5353.8000,1,3,1,2,3,2,2,2,2,1
SF,IC2003,2020-01-03 14:44:03.400,5348.4000,54117,1,12140636800.000,2,1,1,多开,B,5346.6000,5346.4000,5346.2000,5346.0000,5345.8000,5348.2000,5349.0000,5353.0000,5353.4000,5353.6000,3,2,2,3,1,3,2,2,2,2
SF,IC2003,2020-01-03 14:44:03.900,5348.4000,54117,0,12140636800.000,0,-,-,-,-,5347.2000,5347.0000,5346.8000,5346.6000,5346.4000,5347.4000,5348.0000,5348.2000,5349.0000,5353.0000,1,1,2,3,2,1,2,3,2,2
SF,IC2003,2020-01-03 14:44:04.400,5347.2000,54117,0,12142775680.000,2,1,1,空换,B,5347.0000,5346.6000,5346.4000,5346.0000,5345.8000,5347.2000,5347.4000,5348.0000,5348.2000,5349.0000,1,3,1,3,1,3,1,2,3,2
SF,IC2003,2020-01-03 14:44:04.900,5347.2000,54117,0,12144914560.000,2,1,1,空换,B,5346.6000,5346.4000,5346.0000,5345.8000,5345.6000,5347.2000,5347.4000,5348.0000,5348.2000,5349.0000,1,1,3,1,1,2,1,2,3,2
SF,IC2003,2020-01-03 14:44:05.400,5347.2000,54117,0,12145984000.000,1,0,1,空换,B,5346.0000,5345.6000,5345.4000,5345.2000,5345.0000,5347.2000,5347.4000,5348.0000,5348.2000,5349.0000,3,1,1,1,6,1,1,2,3,2
SF,IC2003,2020-01-03 14:44:05.900,5347.2000,54118,1,12147053440.000,1,1,0,双开,B,5346.2000,5346.0000,5345.6000,5345.4000,5345.2000,5347.2000,5347.4000,5348.0000,5348.2000,5349.0000,2,3,1,1,1,1,1,2,3,2
SF,IC2003,2020-01-03 14:44:06.400,5347.2000,54118,0,12148122880.000,1,0,1,空换,B,5346.2000,5346.0000,5345.6000,5345.4000,5345.2000,5347.0000,5347.2000,5347.4000,5348.0000,5348.2000,2,3,1,1,1,1,1,1,2,3
SF,IC2003,2020-01-03 14:44:06.900,5347.2000,54118,0,12150261720.000,2,1,1,空换,B,5347.0000,5346.2000,5346.0000,5345.6000,5345.4000,5347.4000,5348.0000,5348.2000,5349.0000,5353.0000,1,2,3,1,1,1,2,3,2,2
SF,IC2003,2020-01-03 14:44:07.400,5347.0000,54118,0,12152400520.000,2,1,1,空换,B,5346.0000,5345.6000,5345.4000,5345.2000,5345.0000,5347.4000,5348.2000,5349.0000,5353.0000,5353.4000,3,1,1,1,7,1,3,2,2,2
SF,IC2003,2020-01-03 14:44:07.900,5347.2000,54119,1,12154539440.000,2,1,1,多开,B,5346.4000,5346.2000,5346.0000,5345.6000,5345.4000,5348.2000,5349.0000,5353.0000,5353.4000,5353.6000,2,3,3,1,1,3,2,1,2,2
SF,IC2003,2020-01-03 14:44:08.400,5347.2000,54119,0,12154539440.000,0,-,-,-,-,5346.6000,5346.4000,5346.2000,5346.0000,5345.6000,5348.0000,5348.2000,5349.0000,5353.0000,5353.4000,2,2,1,3,1,2,3,2,1,2
SF,IC2003,2020-01-03 14:44:08.900,5347.2000,54119,0,12154539440.000,0,-,-,-,-,5346.6000,5346.4000,5346.2000,5346.0000,5345.6000,5348.0000,5348.2000,5349.0000,5353.0000,5353.4000,2,3,1,3,1,2,3,2,1,2
SF,IC2003,2020-01-03 14:44:09.900,5346.8000,54120,1,12155608800.000,1,1,0,双开,B,5346.8000,5346.6000,5346.4000,5346.0000,5345.6000,5348.0000,5348.2000,5349.0000,5353.0000,5353.4000,1,2,3,3,1,2,3,2,1,2
SF,IC2003,2020-01-03 14:44:10.400,5346.8000,54123,3,12158816880.000,3,3,0,双开,B,5346.4000,5346.0000,5345.6000,5345.4000,5345.2000,5346.8000,5348.2000,5349.0000,5353.0000,5353.4000,2,4,2,1,1,1,3,2,1,2
SF,IC2003,2020-01-03 14:44:10.900,5346.8000,54122,-1,12159886240.000,1,0,1,双平,B,5347.0000,5346.8000,5346.0000,5345.6000,5345.4000,5348.2000,5349.0000,5353.0000,5353.4000,5353.6000,1,11,4,2,1,3,2,1,2,2
SF,IC2003,2020-01-03 14:44:11.400,5348.0000,54120,-2,12166302640.000,6,2,4,空平,B,5347.0000,5346.8000,5346.0000,5345.6000,5345.4000,5348.0000,5348.2000,5349.0000,5353.0000,5353.4000,1,5,4,2,1,1,3,2,1,2
SF,IC2003,2020-01-03 14:44:11.900,5348.0000,54121,1,12167372240.000,1,1,0,双开,B,5347.0000,5346.8000,5346.0000,5345.6000,5345.4000,5348.2000,5349.0000,5353.0000,5353.4000,5353.6000,1,5,4,2,1,3,2,1,2,2
SF,IC2003,2020-01-03 14:44:12.400,5348.0000,54121,0,12167372240.000,0,-,-,-,-,5347.2000,5347.0000,5346.8000,5346.0000,5345.6000,5348.2000,5349.0000,5353.0000,5353.4000,5353.6000,2,1,6,4,2,3,2,1,2,2
SF,IC2003,2020-01-03 14:44:12.900,5348.2000,54122,1,12168441880.000,1,1,0,双开,B,5347.2000,5346.8000,5346.0000,5345.6000,5345.4000,5348.2000,5349.0000,5353.0000,5353.4000,5353.6000,3,5,4,2,1,2,2,1,2,2
SF,IC2003,2020-01-03 14:44:13.400,5348.2000,54122,0,12168441880.000,0,-,-,-,-,5347.2000,5346.8000,5346.0000,5345.6000,5345.4000,5348.2000,5349.0000,5353.0000,5353.4000,5353.6000,3,5,5,2,1,2,2,1,2,2
SF,IC2003,2020-01-03 14:44:13.900,5347.2000,54122,0,12170580800.000,2,1,1,空换,B,5347.2000,5346.8000,5346.0000,5345.6000,5345.4000,5348.2000,5349.0000,5353.0000,5353.4000,5353.6000,2,5,5,2,1,2,2,1,2,2
SF,IC2003,2020-01-03 14:44:14.400,5348.0000,54123,1,12171650400.000,1,1,0,双开,B,5347.2000,5346.8000,5346.0000,5345.6000,5345.4000,5348.0000,5348.2000,5349.0000,5353.0000,5353.4000,1,5,5,2,1,1,2,2,1,2
SF,IC2003,2020-01-03 14:44:14.900,5348.2000,54125,2,12173789640.000,2,2,0,双开,B,5347.2000,5346.8000,5346.0000,5345.6000,5345.4000,5348.2000,5349.0000,5353.0000,5353.4000,5353.6000,1,5,5,2,1,1,2,1,2,2
SF,IC2003,2020-01-03 14:44:15.400,5348.2000,54125,0,12174859280.000,1,0,1,空换,B,5347.2000,5346.8000,5346.0000,5345.6000,5345.4000,5348.0000,5349.0000,5353.0000,5353.4000,5353.6000,1,5,5,2,1,1,2,1,2,2
SF,IC2003,2020-01-03 14:44:15.900,5347.4000,54127,2,12179137480.000,4,3,1,多开,B,5347.4000,5347.2000,5346.8000,5346.0000,5345.6000,5349.0000,5353.0000,5353.4000,5353.6000,5353.8000,1,1,1,5,2,2,1,2,2,1
SF,IC2003,2020-01-03 14:44:16.400,5347.4000,54127,0,12180206960.000,1,0,1,空换,B,5346.8000,5346.0000,5345.6000,5345.4000,5345.2000,5348.8000,5349.0000,5353.0000,5353.4000,5353.6000,1,5,2,1,1,2,2,1,2,2
SF,IC2003,2020-01-03 14:44:16.900,5347.4000,54127,0,12180206960.000,0,-,-,-,-,5347.0000,5346.8000,5346.0000,5345.6000,5345.4000,5348.6000,5348.8000,5349.0000,5353.0000,5353.4000,3,1,5,2,1,3,2,2,1,2
SF,IC2003,2020-01-03 14:44:17.400,5347.4000,54127,0,12180206960.000,0,-,-,-,-,5347.0000,5346.8000,5346.0000,5345.6000,5345.4000,5348.4000,5348.6000,5349.0000,5353.0000,5353.4000,3,1,5,2,1,2,1,2,1,2
SF,IC2003,2020-01-03 14:44:17.900,5347.0000,54128,1,12182345760.000,2,1,1,多开,B,5347.0000,5346.8000,5346.0000,5345.6000,5345.4000,5348.4000,5348.6000,5349.0000,5353.0000,5353.4000,2,1,4,2,1,2,1,2,1,2
SF,IC2003,2020-01-03 14:44:18.400,5347.0000,54128,0,12182345760.000,0,-,-,-,-,5348.0000,5347.0000,5346.8000,5346.0000,5345.6000,5348.4000,5348.6000,5349.0000,5353.0000,5353.4000,1,1,1,4,2,3,1,2,1,2
SF,IC2003,2020-01-03 14:44:18.900,5348.0000,54127,-1,12183415360.000,1,0,1,双平,B,5347.0000,5346.8000,5346.4000,5346.0000,5345.6000,5348.0000,5348.4000,5349.0000,5353.0000,5353.4000,1,1,1,4,2,8,1,2,1,2
SF,IC2003,2020-01-03 14:44:19.400,5348.0000,54127,0,12183415360.000,0,-,-,-,-,5347.0000,5346.8000,5346.4000,5346.0000,5345.6000,5347.8000,5348.0000,5349.0000,5353.0000,5353.4000,1,1,1,4,2,4,6,2,1,2
SF,IC2003,2020-01-03 14:44:19.900,5348.0000,54127,0,12183415360.000,0,-,-,-,-,5347.0000,5346.8000,5346.4000,5346.0000,5345.6000,5347.6000,5347.8000,5348.0000,5349.0000,5353.0000,1,1,1,4,2,1,5,1,2,1
SF,IC2003,2020-01-03 14:44:20.400,5347.6000,54126,-1,12184484880.000,1,0,1,双平,B,5347.0000,5346.8000,5346.4000,5346.0000,5345.6000,5347.6000,5347.8000,5348.0000,5349.0000,5353.0000,1,1,1,4,2,1,4,1,2,1
SF,IC2003,2020-01-03 14:44:20.900,5347.6000,54126,0,12184484880.000,0,-,-,-,-,5347.0000,5346.0000,5345.6000,5345.4000,5345.2000,5347.6000,5347.8000,5349.0000,5353.0000,5353.4000,2,3,2,1,1,1,4,2,1,2
SF,IC2003,2020-01-03 14:44:21.400,5347.0000,54128,2,12186623680.000,2,2,0,双开,B,5346.0000,5345.6000,5345.4000,5345.2000,5345.0000,5347.0000,5347.4000,5347.6000,5347.8000,5349.0000,3,2,1,1,6,1,2,1,2,2
SF,IC2003,2020-01-03 14:44:21.900,5347.0000,54129,1,12187693080.000,1,1,0,双开,B,5346.0000,5345.6000,5345.4000,5345.2000,5345.0000,5347.0000,5347.4000,5347.8000,5349.0000,5353.0000,3,2,1,1,6,1,2,2,2,1
SF,IC2003,2020-01-03 14:44:22.400,5347.0000,54129,0,12187693080.000,0,-,-,-,-,5346.0000,5345.6000,5345.4000,5345.2000,5345.0000,5346.8000,5347.0000,5347.8000,5349.0000,5353.0000,3,1,1,1,6,2,1,2,2,1
SF,IC2003,2020-01-03 14:44:22.900,5346.8000,54130,1,12189831840.000,2,1,1,多开,B,5346.0000,5345.6000,5345.4000,5345.2000,5345.0000,5346.8000,5347.8000,5349.0000,5353.0000,5353.4000,3,1,1,1,6,1,2,2,1,2
SF,IC2003,2020-01-03 14:44:23.400,5346.8000,54131,1,12190901200.000,1,1,0,双开,B,5346.0000,5345.6000,5345.4000,5345.2000,5345.0000,5347.8000,5348.0000,5349.0000,5353.0000,5353.4000,3,1,1,1,6,2,1,2,1,2
SF,IC2003,2020-01-03 14:44:23.900,5347.4000,54132,1,12191970680.000,1,1,0,双开,B,5346.2000,5346.0000,5345.6000,5345.4000,5345.2000,5347.4000,5347.6000,5347.8000,5348.0000,5349.0000,2,3,1,1,1,1,2,2,1,2
SF,IC2003,2020-01-03 14:44:24.400,5347.4000,54132,0,12191970680.000,0,-,-,-,-,5346.0000,5345.6000,5345.4000,5345.2000,5345.0000,5347.2000,5347.8000,5348.0000,5349.0000,5353.0000,3,1,1,1,6,2,2,1,2,1
SF,IC2003,2020-01-03 14:44:24.900,5347.4000,54132,0,12191970680.000,0,-,-,-,-,5346.2000,5346.0000,5345.6000,5345.4000,5345.2000,5347.2000,5347.8000,5348.0000,5349.0000,5353.0000,2,3,1,1,1,1,2,1,2,1
SF,IC2003,2020-01-03 14:44:25.400,5347.4000,54132,0,12191970680.000,0,-,-,-,-,5346.2000,5346.0000,5345.6000,5345.4000,5345.2000,5347.8000,5348.0000,5349.0000,5353.0000,5353.4000,2,3,1,1,1,2,1,2,1,2
SF,IC2003,2020-01-03 14:44:25.900,5347.4000,54132,0,12191970680.000,0,-,-,-,-,5346.6000,5346.2000,5346.0000,5345.6000,5345.4000,5347.6000,5347.8000,5348.0000,5349.0000,5353.0000,1,2,3,1,1,2,2,1,2,1
SF,IC2003,2020-01-03 14:44:26.400,5347.4000,54132,0,12191970680.000,0,-,-,-,-,5346.6000,5346.0000,5345.6000,5345.4000,5345.2000,5347.6000,5347.8000,5349.0000,5352.0000,5353.0000,1,3,1,1,1,2,2,2,1,1
SF,IC2003,2020-01-03 14:44:26.900,5346.6000,54132,0,12193040000.000,1,0,1,空换,B,5346.0000,5345.6000,5345.4000,5345.2000,5345.0000,5346.6000,5347.6000,5347.8000,5349.0000,5352.0000,3,1,1,1,7,2,2,2,2,1
SF,IC2003,2020-01-03 14:44:27.400,5346.6000,54133,1,12194109320.000,1,1,0,双开,B,5346.0000,5345.6000,5345.4000,5345.2000,5345.0000,5346.6000,5347.6000,5347.8000,5349.0000,5352.0000,3,1,1,1,7,1,2,2,2,1
SF,IC2003,2020-01-03 14:44:27.900,5346.0000,54134,1,12195178520.000,1,1,0,双开,B,5346.0000,5345.6000,5345.4000,5345.2000,5345.0000,5346.6000,5347.6000,5347.8000,5349.0000,5352.0000,2,1,1,1,7,1,2,2,2,1
SF,IC2003,2020-01-03 14:44:28.900,5346.6000,54135,1,12196247840.000,1,1,0,双开,B,5346.0000,5345.6000,5345.4000,5345.2000,5345.0000,5347.4000,5347.6000,5347.8000,5349.0000,5352.0000,2,1,1,1,7,1,2,2,2,1
SF,IC2003,2020-01-03 14:44:29.400,5347.2000,54136,1,12197317280.000,1,1,0,双开,B,5346.0000,5345.6000,5345.4000,5345.2000,5345.0000,5347.2000,5347.4000,5347.8000,5349.0000,5352.0000,2,1,1,1,7,1,1,2,2,1
SF,IC2003,2020-01-03 14:44:29.900,5347.2000,54136,0,12197317280.000,0,-,-,-,-,5346.0000,5345.6000,5345.4000,5345.2000,5345.0000,5347.0000,5347.2000,5347.4000,5347.8000,5349.0000,2,1,1,1,7,1,1,1,2,2
SF,IC2003,2020-01-03 14:44:30.400,5347.2000,54136,0,12197317280.000,0,-,-,-,-,5346.2000,5346.0000,5345.6000,5345.4000,5345.2000,5347.0000,5347.2000,5347.4000,5347.8000,5349.0000,1,2,1,1,1,1,1,1,2,2
SF,IC2003,2020-01-03 14:44:30.900,5347.2000,54136,0,12197317280.000,0,-,-,-,-,5346.4000,5346.2000,5346.0000,5345.6000,5345.4000,5346.8000,5347.2000,5347.8000,5348.0000,5349.0000,1,1,2,1,1,1,1,2,1,2
SF,IC2003,2020-01-03 14:44:31.400,5346.8000,54135,-1,12198386640.000,1,0,1,双平,B,5346.4000,5346.2000,5346.0000,5345.6000,5345.4000,5347.2000,5347.8000,5348.0000,5349.0000,5352.0000,1,3,2,1,1,1,2,1,2,1
SF,IC2003,2020-01-03 14:44:31.900,5346.8000,54135,0,12198386640.000,0,-,-,-,-,5346.4000,5346.2000,5346.0000,5345.6000,5345.4000,5347.8000,5348.0000,5349.0000,5352.0000,5353.0000,1,3,2,1,1,2,1,2,1,1
SF,IC2003,2020-01-03 14:44:32.400,5346.4000,54136,1,12199455920.000,1,1,0,双开,B,5346.2000,5346.0000,5345.6000,5345.4000,5345.2000,5346.4000,5347.6000,5347.8000,5348.0000,5349.0000,3,2,1,1,1,2,2,2,1,2
SF,IC2003,2020-01-03 14:44:32.900,5346.4000,54137,1,12202663760.000,3,2,1,多开,B,5346.4000,5346.2000,5346.0000,5345.6000,5345.4000,5347.6000,5347.8000,5348.0000,5349.0000,5352.0000,2,3,2,1,1,2,2,1,2,1
SF,IC2003,2020-01-03 14:44:33.400,5346.4000,54137,0,12202663760.000,0,-,-,-,-,5346.4000,5346.2000,5346.0000,5345.6000,5345.4000,5347.2000,5347.6000,5347.8000,5348.0000,5349.0000,2,3,2,1,1,1,2,2,1,2
SF,IC2003,2020-01-03 14:44:33.900,5346.4000,54137,0,12202663760.000,0,-,-,-,-,5346.4000,5346.2000,5346.0000,5345.6000,5345.4000,5347.2000,5347.6000,5347.8000,5348.0000,5349.0000,2,3,2,1,1,1,2,2,1,1
SF,IC2003,2020-01-03 14:44:34.400,5347.2000,54136,-1,12204802480.000,2,0,2,空平,B,5346.4000,5346.2000,5346.0000,5345.6000,5345.4000,5347.6000,5347.8000,5348.0000,5349.0000,5352.0000,1,3,2,1,1,2,2,1,1,1
SF,IC2003,2020-01-03 14:44:34.900,5347.2000,54136,0,12204802480.000,0,-,-,-,-,5346.6000,5346.4000,5346.2000,5346.0000,5345.6000,5347.6000,5347.8000,5348.0000,5349.0000,5352.0000,1,1,3,2,1,2,2,1,1,1
SF,IC2003,2020-01-03 14:44:35.900,5347.2000,54136,0,12204802480.000,0,-,-,-,-,5346.6000,5346.4000,5346.2000,5346.0000,5345.6000,5347.6000,5347.8000,5348.0000,5349.0000,5352.0000,1,1,3,2,1,2,2,1,1,1
SF,IC2003,2020-01-03 14:44:36.400,5347.2000,54136,0,12204802480.000,0,-,-,-,-,5346.6000,5346.4000,5346.2000,5346.0000,5345.6000,5347.6000,5347.8000,5348.0000,5349.0000,5352.0000,1,1,3,3,1,2,2,1,1,1
SF,IC2003,2020-01-03 14:44:39.900,5347.2000,54136,0,12204802480.000,0,-,-,-,-,5346.6000,5346.4000,5346.2000,5346.0000,5345.6000,5347.6000,5347.8000,5348.0000,5349.0000,5352.0000,1,1,3,3,1,2,1,1,1,1
SF,IC2003,2020-01-03 14:44:40.400,5347.2000,54136,0,12204802480.000,0,-,-,-,-,5346.6000,5346.4000,5346.2000,5346.0000,5345.6000,5347.6000,5347.8000,5349.0000,5352.0000,5353.0000,1,1,3,3,1,2,1,1,1,1
SF,IC2003,2020-01-03 14:44:40.900,5346.6000,54137,1,12205871800.000,1,1,0,双开,B,5346.4000,5346.2000,5346.0000,5345.6000,5345.4000,5346.6000,5347.6000,5347.8000,5349.0000,5352.0000,1,3,3,1,1,2,2,1,1,1
SF,IC2003,2020-01-03 14:44:41.400,5346.6000,54138,1,12208010440.000,2,1,1,多开,B,5346.4000,5346.2000,5346.0000,5345.6000,5345.4000,5347.6000,5347.8000,5349.0000,5352.0000,5353.0000,1,3,3,1,1,2,1,1,1,1
SF,IC2003,2020-01-03 14:44:42.900,5346.6000,54138,0,12208010440.000,0,-,-,-,-,5346.6000,5346.4000,5346.2000,5346.0000,5345.6000,5347.6000,5347.8000,5349.0000,5352.0000,5353.0000,1,1,3,3,1,2,1,1,1,1
SF,IC2003,2020-01-03 14:44:43.400,5346.6000,54138,0,12208010440.000,0,-,-,-,-,5346.8000,5346.6000,5346.4000,5346.2000,5346.0000,5347.6000,5347.8000,5349.0000,5352.0000,5353.0000,1,1,1,3,3,2,1,1,1,1
SF,IC2003,2020-01-03 14:44:43.900,5346.6000,54138,0,12208010440.000,0,-,-,-,-,5347.0000,5346.6000,5346.4000,5346.2000,5346.0000,5347.8000,5349.0000,5352.0000,5353.0000,5353.4000,1,1,1,3,3,1,1,1,1,2
SF,IC2003,2020-01-03 14:44:44.400,5346.6000,54137,-1,12210149080.000,2,0,2,空平,B,5346.4000,5346.2000,5346.0000,5345.6000,5345.4000,5346.6000,5349.0000,5352.0000,5353.0000,5353.4000,1,3,3,1,1,1,1,1,1,2
SF,IC2003,2020-01-03 14:44:44.900,5346.6000,54137,0,12211218400.000,1,0,1,空换,B,5347.6000,5346.8000,5346.6000,5346.4000,5346.2000,5349.0000,5352.0000,5353.0000,5353.4000,5353.6000,2,4,8,1,3,1,1,1,2,2
SF,IC2003,2020-01-03 14:44:45.400,5346.6000,54137,0,12211218400.000,0,-,-,-,-,5347.6000,5346.6000,5346.4000,5346.2000,5346.0000,5348.8000,5349.0000,5352.0000,5353.0000,5353.4000,2,8,1,3,3,4,1,1,1,2
SF,IC2003,2020-01-03 14:44:45.900,5346.6000,54137,0,12211218400.000,0,-,-,-,-,5347.6000,5346.6000,5346.4000,5346.2000,5346.0000,5348.2000,5348.8000,5349.0000,5352.0000,5353.0000,2,9,1,3,2,1,4,1,1,1
SF,IC2003,2020-01-03 14:44:46.400,5347.6000,54139,2,12213357440.000,2,2,0,双开,B,5346.6000,5346.4000,5346.2000,5346.0000,5345.6000,5347.6000,5348.2000,5348.8000,5349.0000,5352.0000,9,1,3,2,1,1,1,3,1,1
SF,IC2003,2020-01-03 14:44:46.900,5347.6000,54139,0,12213357440.000,0,-,-,-,-,5346.6000,5346.4000,5346.2000,5346.0000,5345.6000,5347.6000,5348.8000,5349.0000,5352.0000,5353.0000,6,1,3,2,1,1,3,1,1,1
SF,IC2003,2020-01-03 14:44:47.400,5347.6000,54139,0,12213357440.000,0,-,-,-,-,5346.6000,5346.4000,5346.2000,5346.0000,5345.6000,5347.6000,5348.8000,5349.0000,5352.0000,5353.0000,7,1,3,2,1,3,3,1,1,1
SF,IC2003,2020-01-03 14:44:47.900,5347.6000,54139,0,12213357440.000,0,-,-,-,-,5346.6000,5346.4000,5346.2000,5346.0000,5345.6000,5347.6000,5348.8000,5349.0000,5352.0000,5353.0000,7,1,3,2,1,3,2,1,1,1
SF,IC2003,2020-01-03 14:44:49.400,5347.6000,54139,0,12216566000.000,3,1,2,空换,B,5346.8000,5346.6000,5346.4000,5346.2000,5346.0000,5348.8000,5349.0000,5352.0000,5353.0000,5353.4000,1,6,1,3,2,2,1,1,1,2
SF,IC2003,2020-01-03 14:44:49.900,5347.6000,54139,0,12216566000.000,0,-,-,-,-,5347.0000,5346.8000,5346.6000,5346.4000,5346.2000,5348.6000,5348.8000,5349.0000,5352.0000,5353.0000,2,1,4,1,3,3,2,1,1,1
SF,IC2003,2020-01-03 14:44:50.400,5347.6000,54139,0,12216566000.000,0,-,-,-,-,5347.2000,5347.0000,5346.8000,5346.6000,5346.4000,5348.4000,5348.6000,5349.0000,5352.0000,5353.0000,1,2,1,1,1,2,2,1,1,1
SF,IC2003,2020-01-03 14:44:50.900,5347.6000,54139,0,12216566000.000,0,-,-,-,-,5347.2000,5347.0000,5346.8000,5346.6000,5346.4000,5348.4000,5348.6000,5349.0000,5352.0000,5353.0000,1,2,1,1,1,2,2,1,1,1
SF,IC2003,2020-01-03 14:44:51.900,5348.4000,54139,0,12217635680.000,1,0,1,空换,B,5347.2000,5347.0000,5346.8000,5346.6000,5346.4000,5348.4000,5348.6000,5349.0000,5352.0000,5353.0000,1,2,1,1,1,1,2,1,1,1
SF,IC2003,2020-01-03 14:44:52.400,5347.2000,54142,3,12220844080.000,3,3,0,双开,B,5346.8000,5346.6000,5346.4000,5346.2000,5346.0000,5348.4000,5348.6000,5349.0000,5352.0000,5353.0000,1,1,1,3,3,1,2,1,1,1
SF,IC2003,2020-01-03 14:44:52.900,5347.2000,54142,0,12220844080.000,0,-,-,-,-,5347.0000,5346.8000,5346.6000,5346.4000,5346.2000,5348.0000,5348.4000,5348.6000,5349.0000,5352.0000,2,1,1,1,3,1,1,2,1,1
SF,IC2003,2020-01-03 14:44:54.400,5348.0000,54142,0,12221913680.000,1,0,1,空换,B,5347.4000,5347.2000,5347.0000,5346.6000,5346.4000,5348.4000,5348.6000,5349.0000,5352.0000,5353.0000,3,1,2,1,1,1,2,1,1,1
SF,IC2003,2020-01-03 14:44:54.900,5348.4000,54142,0,12222983360.000,1,0,1,空换,B,5348.4000,5347.4000,5347.2000,5347.0000,5346.6000,5348.6000,5348.8000,5349.0000,5352.0000,5353.0000,1,3,1,2,1,1,2,1,1,1
SF,IC2003,2020-01-03 14:44:55.400,5348.4000,54142,0,12225122720.000,2,1,1,空换,B,5347.4000,5347.2000,5347.0000,5346.6000,5346.4000,5348.8000,5349.0000,5352.0000,5353.0000,5353.4000,3,1,2,1,1,2,1,1,1,2
SF,IC2003,2020-01-03 14:44:55.900,5348.4000,54142,0,12225122720.000,0,-,-,-,-,5347.6000,5347.4000,5347.2000,5346.6000,5346.4000,5348.8000,5349.0000,5352.0000,5353.0000,5353.4000,2,3,1,1,1,2,1,1,1,2
SF,IC2003,2020-01-03 14:44:56.400,5348.4000,54142,0,12225122720.000,0,-,-,-,-,5347.8000,5347.6000,5347.4000,5347.2000,5346.6000,5348.6000,5348.8000,5349.0000,5352.0000,5353.0000,1,2,3,1,1,2,2,1,1,1
SF,IC2003,2020-01-03 14:44:56.900,5348.4000,54142,0,12225122720.000,0,-,-,-,-,5347.8000,5347.6000,5347.4000,5347.2000,5346.6000,5348.8000,5349.0000,5352.0000,5353.0000,5353.4000,1,3,3,1,1,2,1,1,1,2
SF,IC2003,2020-01-03 14:44:57.400,5348.4000,54142,0,12225122720.000,0,-,-,-,-,5347.8000,5347.6000,5347.4000,5347.2000,5346.6000,5348.8000,5349.0000,5352.0000,5353.0000,5353.4000,1,3,2,1,1,2,1,1,1,2
SF,IC2003,2020-01-03 14:44:57.900,5348.4000,54142,0,12225122720.000,0,-,-,-,-,5347.8000,5347.4000,5347.2000,5346.6000,5346.4000,5348.6000,5348.8000,5349.0000,5352.0000,5353.0000,1,1,1,1,1,2,2,1,1,1
SF,IC2003,2020-01-03 14:44:58.400,5348.4000,54142,0,12225122720.000,0,-,-,-,-,5347.8000,5347.2000,5346.6000,5346.4000,5346.2000,5348.4000,5348.6000,5348.8000,5349.0000,5352.0000,1,1,1,1,3,1,2,2,1,1
SF,IC2003,2020-01-03 14:45:00.400,5348.4000,54143,1,12226192400.000,1,1,0,双开,B,5347.8000,5347.2000,5346.6000,5346.4000,5346.2000,5348.6000,5348.8000,5349.0000,5352.0000,5353.0000,1,1,1,1,3,2,2,1,1,1
SF,IC2003,2020-01-03 14:45:00.900,5348.4000,54143,0,12227262080.000,1,0,1,空换,B,5348.4000,5347.8000,5347.2000,5346.6000,5346.4000,5348.6000,5348.8000,5349.0000,5352.0000,5353.0000,3,1,1,1,1,2,2,1,1,1
SF,IC2003,2020-01-03 14:45:01.400,5348.4000,54147,4,12231540800.000,4,4,0,双开,B,5347.8000,5347.2000,5346.6000,5346.4000,5346.2000,5348.2000,5348.4000,5348.8000,5349.0000,5352.0000,1,1,1,1,6,1,4,2,1,1
SF,IC2003,2020-01-03 14:45:01.900,5348.4000,54147,0,12231540800.000,0,-,-,-,-,5347.8000,5346.6000,5346.4000,5346.2000,5346.0000,5348.4000,5348.8000,5349.0000,5352.0000,5353.0000,1,1,1,6,2,1,2,1,1,1
SF,IC2003,2020-01-03 14:45:02.400,5348.4000,54147,0,12231540800.000,0,-,-,-,-,5348.4000,5347.8000,5346.6000,5346.4000,5346.2000,5348.8000,5349.0000,5352.0000,5353.0000,5353.4000,1,1,1,1,6,2,1,1,1,2
SF,IC2003,2020-01-03 14:45:02.900,5348.4000,54147,0,12231540800.000,0,-,-,-,-,5348.4000,5348.0000,5347.8000,5346.6000,5346.4000,5348.8000,5349.0000,5352.0000,5353.0000,5353.4000,2,1,1,1,1,2,1,1,1,2
SF,IC2003,2020-01-03 14:45:03.400,5348.8000,54147,0,12232610560.000,1,0,1,空换,B,5348.4000,5348.0000,5347.8000,5346.6000,5346.4000,5348.8000,5349.0000,5352.0000,5353.0000,5353.4000,2,1,1,1,1,1,1,1,1,2
SF,IC2003,2020-01-03 14:45:03.900,5348.4000,54147,0,12234750000.000,2,1,1,空换,B,5348.4000,5348.0000,5347.8000,5346.6000,5346.4000,5349.0000,5352.0000,5353.0000,5353.4000,5353.8000,5,1,1,1,1,1,1,1,2,1
SF,IC2003,2020-01-03 14:45:04.400,5349.0000,54146,-1,12235819800.000,1,0,1,双平,B,5349.0000,5348.4000,5348.0000,5347.8000,5346.6000,5352.0000,5353.0000,5353.4000,5353.8000,5354.0000,3,4,1,1,1,1,1,2,1,2
SF,IC2003,2020-01-03 14:45:04.900,5350.2000,54147,1,12236889840.000,1,1,0,双开,B,5349.2000,5349.0000,5348.4000,5348.0000,5347.8000,5350.4000,5350.6000,5351.0000,5351.2000,5351.4000,2,3,4,1,1,1,2,2,2,1
SF,IC2003,2020-01-03 14:45:05.400,5349.2000,54148,1,12237959680.000,1,1,0,双开,B,5349.0000,5348.4000,5348.0000,5347.8000,5346.6000,5350.2000,5350.6000,5351.0000,5351.2000,5351.8000,3,4,1,1,1,2,1,2,2,5
SF,IC2003,2020-01-03 14:45:05.900,5349.2000,54148,0,12237959680.000,0,-,-,-,-,5349.8000,5349.2000,5349.0000,5348.4000,5348.0000,5350.2000,5351.0000,5351.2000,5351.8000,5352.0000,4,1,3,4,1,2,2,1,5,1
SF,IC2003,2020-01-03 14:45:06.400,5349.8000,54150,2,12241169560.000,3,2,1,多开,B,5350.0000,5349.2000,5349.0000,5348.4000,5348.0000,5350.2000,5350.4000,5351.0000,5351.2000,5351.8000,1,1,3,4,1,3,2,2,1,1
SF,IC2003,2020-01-03 14:45:06.900,5349.2000,54151,1,12243309400.000,2,1,1,多开,B,5349.8000,5349.0000,5348.4000,5348.0000,5347.8000,5350.0000,5350.2000,5350.4000,5351.0000,5351.2000,1,3,4,1,1,1,3,2,2,1
SF,IC2003,2020-01-03 14:45:07.400,5349.8000,54151,0,12244379360.000,1,0,1,空换,B,5349.0000,5348.4000,5348.0000,5347.8000,5346.6000,5350.0000,5350.2000,5350.4000,5351.0000,5351.2000,3,4,1,1,1,1,2,2,2,1
SF,IC2003,2020-01-03 14:45:07.900,5349.8000,54151,0,12244379360.000,0,-,-,-,-,5349.8000,5349.0000,5348.4000,5348.0000,5347.8000,5350.0000,5350.2000,5350.4000,5351.0000,5352.0000,1,3,4,1,1,1,2,2,2,1
SF,IC2003,2020-01-03 14:45:08.400,5350.0000,54152,1,12245449360.000,1,1,0,双开,B,5350.0000,5349.2000,5349.0000,5348.4000,5348.0000,5350.2000,5350.4000,5351.0000,5352.0000,5353.0000,1,1,3,4,1,2,2,2,1,1
SF,IC2003,2020-01-03 14:45:08.900,5350.2000,54154,2,12247589440.000,2,2,0,双开,B,5349.2000,5349.0000,5348.4000,5348.0000,5346.6000,5350.4000,5351.0000,5352.0000,5353.0000,5353.4000,1,3,4,1,1,2,2,1,1,2
SF,IC2003,2020-01-03 14:45:09.400,5350.4000,54154,0,12248659520.000,1,0,1,空换,B,5349.4000,5349.2000,5349.0000,5348.4000,5348.0000,5350.4000,5351.0000,5352.0000,5353.0000,5353.4000,2,1,3,4,1,1,2,1,1,2
SF,IC2003,2020-01-03 14:45:09.900,5350.4000,54154,0,12249729600.000,1,0,1,空换,B,5350.4000,5350.0000,5349.4000,5349.0000,5348.4000,5351.0000,5352.0000,5353.0000,5353.4000,5353.8000,2,1,2,3,4,2,1,1,2,1
SF,IC2003,2020-01-03 14:45:10.400,5350.4000,54154,0,12249729600.000,0,-,-,-,-,5351.0000,5350.0000,5349.6000,5349.4000,5349.0000,5352.0000,5353.0000,5353.4000,5353.8000,5354.0000,2,1,1,2,3,1,1,2,1,2
SF,IC2003,2020-01-03 14:45:12.400,5350.4000,54154,0,12249729600.000,0,-,-,-,-,5351.0000,5350.0000,5349.6000,5349.4000,5349.0000,5352.0000,5353.0000,5353.4000,5353.8000,5354.0000,12,1,1,2,3,1,1,2,1,2
SF,IC2003,2020-01-03 14:45:12.900,5352.0000,54154,0,12250800000.000,1,0,1,空换,B,5351.2000,5351.0000,5350.0000,5349.6000,5349.0000,5351.8000,5353.0000,5353.4000,5353.8000,5354.0000,2,12,1,1,1,1,1,2,1,2
SF,IC2003,2020-01-03 14:45:13.400,5351.4000,54156,2,12252940640.000,2,2,0,双开,B,5351.2000,5351.0000,5350.0000,5349.0000,5348.4000,5353.0000,5353.4000,5353.8000,5354.0000,5354.6000,2,12,1,1,4,1,2,1,2,2
SF,IC2003,2020-01-03 14:45:13.900,5351.4000,54156,0,12252940640.000,0,-,-,-,-,5351.6000,5351.2000,5351.0000,5350.0000,5349.0000,5352.6000,5352.8000,5353.0000,5353.4000,5353.8000,1,2,12,1,1,1,3,1,2,1
SF,IC2003,2020-01-03 14:45:14.400,5351.4000,54156,0,12252940640.000,0,-,-,-,-,5351.2000,5351.0000,5350.0000,5349.0000,5348.4000,5352.8000,5353.0000,5353.4000,5353.8000,5354.0000,2,12,1,1,4,3,1,2,1,2
SF,IC2003,2020-01-03 14:45:14.900,5351.4000,54156,0,12252940640.000,0,-,-,-,-,5351.0000,5350.4000,5350.0000,5349.0000,5348.4000,5352.6000,5352.8000,5353.0000,5353.4000,5353.8000,10,2,1,1,4,1,3,1,2,1
SF,IC2003,2020-01-03 14:45:15.400,5351.4000,54156,0,12252940640.000,0,-,-,-,-,5351.0000,5350.4000,5350.0000,5349.0000,5348.4000,5352.0000,5352.4000,5352.6000,5352.8000,5353.0000,10,2,1,1,4,1,2,1,1,1
SF,IC2003,2020-01-03 14:45:15.900,5351.4000,54156,0,12252940640.000,0,-,-,-,-,5351.2000,5351.0000,5350.4000,5350.0000,5349.0000,5352.0000,5352.4000,5352.6000,5353.0000,5353.4000,1,10,2,1,1,1,2,1,1,2
SF,IC2003,2020-01-03 14:45:16.900,5351.0000,54158,2,12255081080.000,2,2,0,双开,B,5351.0000,5350.4000,5350.0000,5349.0000,5348.6000,5351.2000,5352.0000,5352.4000,5352.6000,5353.0000,9,2,1,1,1,1,1,2,1,1
SF,IC2003,2020-01-03 14:45:17.400,5351.0000,54164,6,12261502280.000,6,6,0,双开,B,5351.0000,5350.4000,5350.0000,5349.0000,5348.6000,5352.0000,5352.4000,5353.0000,5353.4000,5353.8000,3,2,1,1,1,1,2,1,2,1
SF,IC2003,2020-01-03 14:45:17.900,5351.0000,54166,2,12264712880.000,3,2,1,多开,B,5350.4000,5350.0000,5349.0000,5348.6000,5348.4000,5351.8000,5352.0000,5353.0000,5353.4000,5353.8000,2,1,1,1,4,5,1,1,2,1
SF,IC2003,2020-01-03 14:45:18.400,5351.0000,54166,0,12264712880.000,0,-,-,-,-,5350.4000,5350.0000,5349.0000,5348.6000,5348.4000,5351.8000,5352.0000,5352.2000,5353.0000,5353.4000,2,1,1,1,4,5,3,1,1,2
SF,IC2003,2020-01-03 14:45:18.900,5351.0000,54166,0,12264712880.000,0,-,-,-,-,5350.6000,5350.4000,5350.0000,5349.0000,5348.6000,5351.6000,5351.8000,5352.0000,5352.2000,5353.0000,2,2,1,1,1,1,5,3,1,1
SF,IC2003,2020-01-03 14:45:19.900,5351.0000,54166,0,12264712880.000,0,-,-,-,-,5350.6000,5350.4000,5350.0000,5349.0000,5348.6000,5351.2000,5351.6000,5351.8000,5352.0000,5352.2000,2,2,1,1,1,1,1,4,3,1
SF,IC2003,2020-01-03 14:45:21.400,5351.0000,54166,0,12264712880.000,0,-,-,-,-,5350.6000,5350.4000,5350.0000,5349.0000,5348.6000,5351.2000,5351.8000,5352.0000,5352.2000,5353.0000,2,2,1,1,1,1,4,3,1,1
SF,IC2003,2020-01-03 14:45:21.900,5351.0000,54166,0,12264712880.000,0,-,-,-,-,5350.4000,5350.0000,5349.0000,5348.6000,5348.4000,5351.2000,5351.8000,5352.0000,5352.2000,5353.0000,2,1,1,1,4,1,4,3,1,1
SF,IC2003,2020-01-03 14:45:22.900,5351.0000,54166,0,12264712880.000,0,-,-,-,-,5350.4000,5350.0000,5349.0000,5348.6000,5348.4000,5351.8000,5352.0000,5352.2000,5353.0000,5353.4000,2,1,1,1,4,4,3,1,1,2
SF,IC2003,2020-01-03 14:45:23.400,5351.0000,54166,0,12264712880.000,0,-,-,-,-,5350.6000,5350.4000,5350.0000,5349.0000,5348.8000,5351.8000,5352.0000,5352.2000,5353.0000,5353.4000,2,2,1,1,1,4,3,1,1,2
SF,IC2003,2020-01-03 14:45:24.400,5351.0000,54166,0,12264712880.000,0,-,-,-,-,5350.6000,5350.4000,5350.0000,5349.0000,5348.8000,5351.8000,5352.0000,5352.2000,5353.0000,5353.4000,2,2,1,1,1,3,3,1,1,2
SF,IC2003,2020-01-03 14:45:24.900,5351.0000,54166,0,12264712880.000,0,-,-,-,-,5350.6000,5350.4000,5350.0000,5349.0000,5348.8000,5351.8000,5352.0000,5352.2000,5353.0000,5353.4000,2,2,1,1,1,3,3,1,1,2
SF,IC2003,2020-01-03 14:45:26.900,5351.0000,54166,0,12264712880.000,0,-,-,-,-,5350.6000,5350.4000,5350.0000,5349.0000,5348.8000,5351.8000,5352.0000,5352.2000,5353.0000,5353.4000,2,2,1,1,1,3,3,1,1,2
SF,IC2003,2020-01-03 14:45:27.400,5351.0000,54166,0,12264712880.000,0,-,-,-,-,5350.4000,5350.0000,5349.0000,5348.8000,5348.6000,5351.6000,5351.8000,5352.0000,5352.2000,5353.0000,2,1,1,1,1,1,3,3,1,1
SF,IC2003,2020-01-03 14:45:27.900,5351.0000,54166,0,12264712880.000,0,-,-,-,-,5350.4000,5350.0000,5349.0000,5348.8000,5348.6000,5351.4000,5351.6000,5351.8000,5352.0000,5352.2000,2,1,1,1,1,2,2,1,3,1
SF,IC2003,2020-01-03 14:45:28.400,5351.0000,54166,0,12264712880.000,0,-,-,-,-,5350.4000,5350.0000,5349.0000,5348.8000,5348.6000,5351.4000,5351.6000,5351.8000,5352.0000,5352.2000,2,1,1,1,1,3,2,1,3,1
SF,IC2003,2020-01-03 14:45:28.900,5351.0000,54166,0,12264712880.000,0,-,-,-,-,5350.4000,5350.0000,5349.0000,5348.8000,5348.6000,5351.4000,5351.6000,5351.8000,5352.0000,5352.2000,2,4,1,1,1,3,2,1,3,1
SF,IC2003,2020-01-03 14:45:29.400,5351.0000,54166,0,12264712880.000,0,-,-,-,-,5350.4000,5350.0000,5349.0000,5348.8000,5348.6000,5351.4000,5351.6000,5351.8000,5352.0000,5352.2000,2,4,1,1,1,3,2,1,3,1
SF,IC2003,2020-01-03 14:45:30.400,5351.0000,54166,0,12264712880.000,0,-,-,-,-,5350.4000,5350.0000,5349.0000,5348.8000,5348.6000,5351.2000,5351.4000,5351.6000,5351.8000,5352.0000,2,4,1,1,1,1,3,1,1,3
SF,IC2003,2020-01-03 14:45:30.900,5351.0000,54166,0,12264712880.000,0,-,-,-,-,5350.4000,5350.0000,5349.0000,5348.8000,5348.6000,5351.2000,5351.4000,5351.6000,5351.8000,5352.0000,2,4,1,1,1,1,5,1,1,3
SF,IC2003,2020-01-03 14:45:33.400,5351.0000,54166,0,12264712880.000,0,-,-,-,-,5350.4000,5350.0000,5349.0000,5348.8000,5348.6000,5351.2000,5351.4000,5351.6000,5351.8000,5352.0000,2,5,1,1,1,1,5,1,1,3
SF,IC2003,2020-01-03 14:45:34.400,5351.2000,54165,-1,12265783120.000,1,0,1,双平,B,5350.4000,5350.0000,5349.0000,5348.8000,5348.6000,5351.4000,5351.6000,5351.8000,5352.0000,5352.2000,2,5,1,1,1,4,1,1,3,1
SF,IC2003,2020-01-03 14:45:34.900,5351.2000,54165,0,12265783120.000,0,-,-,-,-,5350.6000,5350.4000,5350.0000,5349.0000,5348.8000,5351.4000,5351.6000,5351.8000,5352.0000,5352.2000,3,2,5,1,1,2,1,1,3,1
SF,IC2003,2020-01-03 14:45:35.900,5351.2000,54165,0,12265783120.000,0,-,-,-,-,5350.6000,5350.4000,5350.0000,5349.0000,5348.8000,5351.4000,5351.6000,5351.8000,5352.0000,5352.2000,2,2,5,1,1,2,1,1,3,1
SF,IC2003,2020-01-03 14:45:36.400,5351.2000,54165,0,12265783120.000,0,-,-,-,-,5350.6000,5350.4000,5350.0000,5349.0000,5348.8000,5351.4000,5351.6000,5351.8000,5352.0000,5352.2000,2,2,5,1,1,2,1,1,3,1
SF,IC2003,2020-01-03 14:45:37.400,5351.4000,54166,1,12266853400.000,1,1,0,双开,B,5350.6000,5350.4000,5350.0000,5349.0000,5348.8000,5351.4000,5351.6000,5351.8000,5352.0000,5352.2000,2,2,5,1,1,1,1,1,3,1
SF,IC2003,2020-01-03 14:45:37.900,5350.6000,54167,1,12267923520.000,1,1,0,双开,B,5350.6000,5350.4000,5350.0000,5349.0000,5348.8000,5351.4000,5351.6000,5351.8000,5352.0000,5352.2000,1,2,5,1,1,1,1,1,3,1
SF,IC2003,2020-01-03 14:45:38.400,5350.6000,54167,0,12267923520.000,0,-,-,-,-,5350.4000,5350.0000,5349.0000,5348.8000,5348.6000,5351.2000,5351.4000,5351.6000,5351.8000,5352.0000,2,5,1,1,1,2,1,1,1,3
SF,IC2003,2020-01-03 14:45:38.900,5350.6000,54167,0,12267923520.000,0,-,-,-,-,5350.4000,5350.0000,5349.0000,5348.8000,5348.6000,5351.2000,5351.4000,5351.6000,5352.0000,5352.2000,2,5,1,1,1,2,1,1,3,1
SF,IC2003,2020-01-03 14:45:39.400,5350.6000,54167,0,12267923520.000,0,-,-,-,-,5350.4000,5350.0000,5349.0000,5348.8000,5348.6000,5351.2000,5351.4000,5351.6000,5352.0000,5352.2000,2,5,1,1,1,2,1,1,3,1
SF,IC2003,2020-01-03 14:45:40.400,5350.4000,54167,0,12270063680.000,2,1,1,空换,B,5350.0000,5349.0000,5348.8000,5348.6000,5348.4000,5351.2000,5351.4000,5351.6000,5352.0000,5352.2000,5,1,1,1,4,2,1,1,3,1
SF,IC2003,2020-01-03 14:45:40.900,5350.4000,54167,0,12270063680.000,0,-,-,-,-,5350.0000,5349.0000,5348.8000,5348.6000,5348.4000,5351.0000,5351.2000,5351.4000,5351.6000,5352.0000,5,1,1,1,4,1,2,1,1,3
SF,IC2003,2020-01-03 14:45:41.400,5350.4000,54167,0,12270063680.000,0,-,-,-,-,5350.0000,5349.0000,5348.8000,5348.6000,5348.4000,5350.8000,5351.0000,5351.4000,5351.6000,5352.0000,5,1,1,1,4,2,1,1,1,3
SF,IC2003,2020-01-03 14:45:41.900,5350.4000,54167,0,12270063680.000,0,-,-,-,-,5350.6000,5350.0000,5349.0000,5348.8000,5348.6000,5350.8000,5351.0000,5351.4000,5351.6000,5352.0000,1,5,1,1,1,2,1,1,1,3
SF,IC2003,2020-01-03 14:45:42.400,5350.6000,54163,-4,12276483920.000,6,1,5,空平,B,5350.0000,5349.0000,5348.8000,5348.6000,5348.4000,5350.6000,5350.8000,5351.4000,5351.6000,5352.0000,1,1,1,1,4,2,2,1,1,3
SF,IC2003,2020-01-03 14:45:42.900,5350.6000,54163,0,12276483920.000,0,-,-,-,-,5350.0000,5349.0000,5348.8000,5348.6000,5348.4000,5350.6000,5350.8000,5351.4000,5352.0000,5352.2000,1,1,1,1,4,1,4,1,3,1
SF,IC2003,2020-01-03 14:45:44.900,5350.6000,54164,1,12277554040.000,1,1,0,双开,B,5350.0000,5349.0000,5348.8000,5348.6000,5348.4000,5350.8000,5351.4000,5352.0000,5352.2000,5353.4000,1,1,1,1,4,4,1,3,1,2
SF,IC2003,2020-01-03 14:45:45.400,5350.6000,54164,0,12277554040.000,0,-,-,-,-,5350.2000,5350.0000,5349.0000,5348.8000,5348.6000,5350.8000,5351.4000,5352.0000,5352.2000,5353.4000,1,1,1,1,1,4,1,3,1,2
SF,IC2003,2020-01-03 14:45:45.900,5350.6000,54164,0,12277554040.000,0,-,-,-,-,5350.6000,5350.2000,5350.0000,5349.0000,5348.8000,5350.8000,5351.4000,5352.0000,5352.2000,5353.4000,1,1,1,1,1,4,1,3,1,2
SF,IC2003,2020-01-03 14:45:46.400,5350.6000,54164,0,12277554040.000,0,-,-,-,-,5350.6000,5350.0000,5349.0000,5348.8000,5348.6000,5350.8000,5351.4000,5352.0000,5352.2000,5353.4000,1,1,1,1,1,2,1,3,1,2
SF,IC2003,2020-01-03 14:45:46.900,5350.8000,54166,2,12279694360.000,2,2,0,双开,B,5350.6000,5350.0000,5349.0000,5348.8000,5348.6000,5351.4000,5352.0000,5352.2000,5353.4000,5353.8000,1,1,1,1,1,1,3,1,2,1
SF,IC2003,2020-01-03 14:45:47.400,5350.8000,54166,0,12279694360.000,0,-,-,-,-,5350.6000,5350.0000,5349.0000,5348.8000,5348.6000,5351.2000,5351.4000,5352.0000,5352.2000,5353.4000,1,1,1,1,1,1,1,3,1,2
SF,IC2003,2020-01-03 14:45:47.900,5350.8000,54166,0,12279694360.000,0,-,-,-,-,5350.6000,5350.0000,5349.0000,5348.8000,5348.6000,5351.2000,5351.4000,5352.0000,5352.2000,5353.4000,1,1,1,1,1,1,1,3,1,2
SF,IC2003,2020-01-03 14:45:48.900,5350.8000,54166,0,12279694360.000,0,-,-,-,-,5350.6000,5350.0000,5349.2000,5349.0000,5348.8000,5351.2000,5351.4000,5352.0000,5352.2000,5353.4000,1,1,1,1,1,1,1,3,1,2
SF,IC2003,2020-01-03 14:45:49.400,5350.6000,54165,-1,12280764480.000,1,0,1,双平,B,5350.0000,5349.2000,5349.0000,5348.8000,5348.6000,5350.6000,5351.2000,5351.4000,5352.0000,5352.2000,1,1,1,1,1,4,1,1,3,1
SF,IC2003,2020-01-03 14:45:50.400,5350.0000,54165,0,12281834480.000,1,0,1,空换,B,5349.2000,5349.0000,5348.8000,5348.6000,5348.4000,5350.0000,5350.6000,5351.2000,5351.4000,5352.0000,1,1,1,1,4,1,4,1,1,3
SF,IC2003,2020-01-03 14:45:50.900,5350.0000,54165,0,12282904480.000,1,0,1,空换,B,5350.2000,5349.2000,5349.0000,5348.8000,5348.6000,5350.6000,5351.2000,5351.4000,5352.0000,5352.2000,2,1,1,1,1,4,1,1,3,1
SF,IC2003,2020-01-03 14:45:51.400,5350.0000,54165,0,12282904480.000,0,-,-,-,-,5350.2000,5349.8000,5349.2000,5349.0000,5348.8000,5350.6000,5351.2000,5351.4000,5352.0000,5352.2000,2,1,1,1,1,4,1,1,3,1
SF,IC2003,2020-01-03 14:45:51.900,5350.6000,54164,-1,12285044720.000,2,0,2,空平,B,5350.2000,5349.2000,5349.0000,5348.8000,5348.6000,5350.6000,5351.2000,5351.4000,5352.0000,5352.2000,2,1,1,1,1,2,1,1,3,1
SF,IC2003,2020-01-03 14:45:52.400,5350.6000,54164,0,12285044720.000,0,-,-,-,-,5350.2000,5349.6000,5349.2000,5349.0000,5348.8000,5350.6000,5351.2000,5351.4000,5352.0000,5352.2000,2,1,1,1,1,2,1,1,3,1
SF,IC2003,2020-01-03 14:45:52.900,5350.2000,54163,-1,12287184800.000,2,0,2,空平,B,5349.2000,5349.0000,5348.8000,5348.6000,5348.4000,5350.2000,5350.6000,5351.4000,5352.0000,5352.2000,1,1,1,1,4,2,2,1,3,1
SF,IC2003,2020-01-03 14:45:53.900,5350.2000,54163,0,12287184800.000,0,-,-,-,-,5349.6000,5349.4000,5349.2000,5349.0000,5348.6000,5350.2000,5350.6000,5351.4000,5352.0000,5352.2000,1,1,1,2,1,2,2,1,3,1
SF,IC2003,2020-01-03 14:45:54.900,5350.2000,54163,0,12287184800.000,0,-,-,-,-,5349.8000,5349.6000,5349.4000,5349.2000,5349.0000,5350.2000,5350.6000,5351.4000,5352.0000,5352.2000,1,1,1,1,2,2,2,1,3,1
SF,IC2003,2020-01-03 14:45:55.400,5350.2000,54164,1,12288254840.000,1,1,0,双开,B,5349.8000,5349.6000,5349.4000,5349.2000,5349.0000,5350.2000,5350.4000,5350.6000,5351.4000,5352.0000,1,1,1,1,2,1,2,2,1,3
SF,IC2003,2020-01-03 14:45:55.900,5350.2000,54165,1,12289324880.000,1,1,0,双开,B,5349.8000,5349.6000,5349.4000,5349.0000,5348.8000,5350.4000,5350.6000,5351.4000,5352.0000,5352.2000,1,1,1,2,1,2,2,1,3,1
SF,IC2003,2020-01-03 14:45:56.400,5350.4000,54166,1,12290394960.000,1,1,0,双开,B,5349.8000,5349.6000,5349.0000,5348.8000,5348.6000,5350.4000,5350.6000,5351.4000,5352.0000,5352.2000,1,1,2,1,1,1,2,1,3,1
SF,IC2003,2020-01-03 14:45:57.400,5350.4000,54166,0,12291465040.000,1,0,1,空换,B,5349.8000,5349.6000,5349.0000,5348.8000,5348.6000,5350.6000,5351.4000,5352.0000,5352.2000,5353.4000,1,1,2,1,1,2,1,3,1,2
SF,IC2003,2020-01-03 14:45:57.900,5350.6000,54165,-1,12292535160.000,1,0,1,双平,B,5349.8000,5349.6000,5349.0000,5348.6000,5348.4000,5350.6000,5351.4000,5352.0000,5352.2000,5353.4000,1,1,2,1,4,1,1,3,1,2
SF,IC2003,2020-01-03 14:45:58.900,5350.6000,54164,-1,12293605280.000,1,0,1,双平,B,5350.6000,5350.0000,5349.8000,5349.6000,5349.0000,5351.4000,5352.0000,5352.2000,5353.4000,5353.8000,1,1,1,1,2,1,3,1,2,1
SF,IC2003,2020-01-03 14:45:59.400,5350.6000,54164,0,12293605280.000,0,-,-,-,-,5350.6000,5350.0000,5349.8000,5349.6000,5349.0000,5351.2000,5351.4000,5352.0000,5352.2000,5353.4000,1,1,1,1,2,1,1,3,1,2
SF,IC2003,2020-01-03 14:46:00.400,5351.2000,54164,0,12294675520.000,1,0,1,空换,B,5350.6000,5350.0000,5349.8000,5349.6000,5349.0000,5351.4000,5352.0000,5352.2000,5353.4000,5353.8000,1,1,1,1,2,1,3,1,2,1
SF,IC2003,2020-01-03 14:46:00.900,5351.4000,54164,0,12295745800.000,1,0,1,空换,B,5351.2000,5350.6000,5350.0000,5349.8000,5349.6000,5352.0000,5352.2000,5353.4000,5353.8000,5354.6000,1,2,1,1,1,3,1,2,1,2
SF,IC2003,2020-01-03 14:46:01.400,5352.0000,54165,1,12296816200.000,1,1,0,双开,B,5350.6000,5350.0000,5349.8000,5349.6000,5349.0000,5352.0000,5352.2000,5353.4000,5353.8000,5354.6000,2,1,1,1,2,2,1,2,1,2
SF,IC2003,2020-01-03 14:46:01.900,5352.0000,54165,0,12296816200.000,0,-,-,-,-,5350.8000,5350.6000,5350.0000,5349.8000,5349.6000,5352.0000,5352.2000,5353.4000,5353.8000,5354.6000,1,2,1,1,1,2,1,2,1,2
SF,IC2003,2020-01-03 14:46:02.400,5352.0000,54165,0,12296816200.000,0,-,-,-,-,5351.2000,5351.0000,5350.6000,5350.0000,5349.8000,5351.8000,5352.0000,5352.2000,5353.4000,5353.8000,1,1,2,1,1,2,2,1,2,1
SF,IC2003,2020-01-03 14:46:02.900,5352.0000,54165,0,12296816200.000,0,-,-,-,-,5351.2000,5351.0000,5350.6000,5350.0000,5349.8000,5351.8000,5352.0000,5352.2000,5353.4000,5353.8000,1,1,2,1,1,2,2,1,2,1
SF,IC2003,2020-01-03 14:46:03.400,5352.0000,54165,0,12296816200.000,0,-,-,-,-,5351.2000,5351.0000,5350.6000,5350.0000,5349.8000,5351.8000,5352.0000,5352.2000,5353.4000,5353.8000,1,1,2,1,1,2,2,1,2,1
SF,IC2003,2020-01-03 14:46:04.400,5351.8000,54165,0,12297886560.000,1,0,1,空换,B,5351.2000,5351.0000,5350.6000,5350.0000,5349.8000,5351.8000,5352.0000,5352.2000,5353.4000,5353.8000,1,1,2,1,1,1,2,1,2,1
SF,IC2003,2020-01-03 14:46:05.400,5351.0000,54166,1,12300027000.000,2,1,1,多开,B,5350.6000,5350.0000,5349.8000,5349.6000,5349.0000,5351.8000,5352.0000,5352.2000,5353.4000,5353.8000,2,1,1,1,3,1,2,1,2,1
SF,IC2003,2020-01-03 14:46:06.400,5351.0000,54166,0,12300027000.000,0,-,-,-,-,5351.0000,5350.6000,5350.0000,5349.8000,5349.6000,5351.8000,5352.0000,5352.2000,5353.4000,5353.8000,1,2,1,1,1,1,2,1,2,1
SF,IC2003,2020-01-03 14:46:07.400,5351.0000,54166,0,12300027000.000,0,-,-,-,-,5351.2000,5351.0000,5350.6000,5350.0000,5349.8000,5351.8000,5352.0000,5352.2000,5353.4000,5353.8000,1,1,2,1,1,1,2,1,2,1
SF,IC2003,2020-01-03 14:46:07.900,5351.0000,54166,0,12300027000.000,0,-,-,-,-,5351.2000,5351.0000,5350.6000,5350.0000,5349.8000,5351.8000,5352.0000,5352.2000,5353.4000,5353.8000,1,1,2,1,1,1,4,1,2,1
SF,IC2003,2020-01-03 14:46:08.400,5351.8000,54166,0,12301097360.000,1,0,1,空换,B,5351.2000,5351.0000,5350.6000,5350.0000,5349.8000,5352.0000,5352.2000,5353.4000,5353.8000,5354.6000,1,1,2,1,1,4,1,2,1,2
SF,IC2003,2020-01-03 14:46:09.400,5351.2000,54166,0,12302167600.000,1,0,1,空换,B,5351.0000,5350.6000,5350.0000,5349.8000,5349.6000,5351.2000,5351.8000,5352.0000,5352.2000,5353.4000,1,2,1,1,1,1,1,5,1,2
SF,IC2003,2020-01-03 14:46:09.900,5350.6000,54167,1,12305378120.000,3,2,1,多开,B,5350.6000,5350.0000,5349.6000,5349.0000,5348.6000,5351.2000,5352.0000,5352.2000,5353.4000,5353.8000,1,1,1,3,1,1,5,1,2,1
SF,IC2003,2020-01-03 14:46:10.400,5350.6000,54167,0,12305378120.000,0,-,-,-,-,5350.6000,5350.0000,5349.6000,5349.0000,5348.6000,5351.0000,5351.6000,5352.0000,5352.2000,5353.4000,1,1,1,3,1,1,1,5,1,2
SF,IC2003,2020-01-03 14:46:10.900,5350.6000,54167,0,12305378120.000,0,-,-,-,-,5350.6000,5350.0000,5349.6000,5349.0000,5348.6000,5351.0000,5351.6000,5352.0000,5352.2000,5353.4000,1,1,1,3,1,1,1,5,2,2
SF,IC2003,2020-01-03 14:46:11.900,5350.6000,54167,0,12305378120.000,0,-,-,-,-,5350.6000,5350.0000,5349.6000,5349.0000,5348.6000,5351.0000,5351.6000,5352.0000,5352.2000,5353.4000,1,1,1,3,1,1,1,5,1,2
SF,IC2003,2020-01-03 14:46:12.400,5350.6000,54167,0,12305378120.000,0,-,-,-,-,5350.6000,5350.0000,5349.6000,5349.0000,5348.6000,5351.0000,5351.6000,5352.0000,5352.2000,5353.4000,1,1,1,3,1,1,1,5,1,2
SF,IC2003,2020-01-03 14:46:12.900,5350.6000,54167,0,12305378120.000,0,-,-,-,-,5350.6000,5350.0000,5349.6000,5349.2000,5349.0000,5351.6000,5352.0000,5352.2000,5353.4000,5353.8000,1,1,1,1,3,1,5,1,2,1
SF,IC2003,2020-01-03 14:46:13.400,5350.6000,54167,0,12305378120.000,0,-,-,-,-,5350.6000,5350.0000,5349.6000,5349.2000,5349.0000,5351.2000,5351.4000,5352.0000,5352.2000,5353.4000,1,1,1,1,3,1,2,5,1,2
SF,IC2003,2020-01-03 14:46:13.900,5350.6000,54167,0,12305378120.000,0,-,-,-,-,5350.6000,5350.0000,5349.6000,5349.2000,5349.0000,5351.4000,5352.0000,5352.2000,5353.4000,5353.8000,1,1,1,1,3,2,5,1,2,1
SF,IC2003,2020-01-03 14:46:14.900,5350.6000,54167,0,12305378120.000,0,-,-,-,-,5350.6000,5350.0000,5349.6000,5349.2000,5349.0000,5351.4000,5352.0000,5352.2000,5353.4000,5353.8000,1,1,1,1,3,2,5,1,2,1
SF,IC2003,2020-01-03 14:46:15.400,5350.6000,54167,0,12305378120.000,0,-,-,-,-,5350.6000,5350.0000,5349.6000,5349.2000,5349.0000,5351.4000,5352.0000,5352.2000,5353.4000,5353.8000,1,1,1,1,3,2,5,1,2,1
SF,IC2003,2020-01-03 14:46:15.900,5350.6000,54166,-1,12306448240.000,1,0,1,双平,B,5350.0000,5349.6000,5349.2000,5349.0000,5348.6000,5350.6000,5351.4000,5352.0000,5352.2000,5353.4000,1,1,1,3,1,5,2,5,1,2
SF,IC2003,2020-01-03 14:46:16.400,5350.6000,54166,0,12306448240.000,0,-,-,-,-,5350.0000,5349.6000,5349.2000,5349.0000,5348.6000,5350.6000,5351.2000,5351.4000,5352.0000,5352.2000,1,1,1,3,1,5,1,2,5,1
SF,IC2003,2020-01-03 14:46:20.400,5350.0000,54166,0,12307518240.000,1,0,1,空换,B,5349.6000,5349.2000,5349.0000,5348.6000,5347.0000,5350.6000,5351.2000,5351.4000,5352.0000,5352.2000,1,1,3,1,1,5,1,2,5,1
SF,IC2003,2020-01-03 14:46:20.900,5350.0000,54166,0,12307518240.000,0,-,-,-,-,5349.6000,5349.2000,5349.0000,5348.6000,5347.0000,5349.8000,5350.4000,5350.6000,5350.8000,5351.2000,1,1,3,1,1,2,2,5,2,1
SF,IC2003,2020-01-03 14:46:21.400,5349.6000,54167,1,12308588160.000,1,1,0,双开,B,5349.0000,5348.6000,5347.0000,5346.6000,5346.4000,5350.4000,5350.6000,5350.8000,5351.2000,5352.0000,3,1,1,1,1,2,5,2,1,5
SF,IC2003,2020-01-03 14:46:21.900,5349.6000,54167,0,12308588160.000,0,-,-,-,-,5349.2000,5349.0000,5348.6000,5347.0000,5346.6000,5350.2000,5350.4000,5350.6000,5350.8000,5351.2000,2,3,1,1,1,2,2,5,2,1
SF,IC2003,2020-01-03 14:46:22.400,5349.6000,54167,0,12308588160.000,0,-,-,-,-,5349.2000,5349.0000,5348.6000,5347.0000,5346.6000,5350.2000,5350.4000,5350.6000,5350.8000,5352.0000,2,3,1,1,1,1,2,5,2,5
SF,IC2003,2020-01-03 14:46:22.900,5349.6000,54167,0,12308588160.000,0,-,-,-,-,5349.2000,5349.0000,5348.6000,5347.2000,5347.0000,5350.2000,5350.4000,5350.6000,5350.8000,5352.0000,2,3,1,1,1,2,2,5,2,5
SF,IC2003,2020-01-03 14:46:23.900,5350.2000,54167,0,12309658200.000,1,0,1,空换,B,5349.4000,5349.2000,5349.0000,5348.6000,5347.2000,5350.2000,5350.4000,5350.6000,5350.8000,5352.0000,1,2,3,1,1,1,2,5,2,5
SF,IC2003,2020-01-03 14:46:24.400,5350.2000,54167,0,12309658200.000,0,-,-,-,-,5349.4000,5349.2000,5349.0000,5348.6000,5347.2000,5350.6000,5350.8000,5352.0000,5352.2000,5353.4000,2,2,3,1,1,5,2,5,1,2
SF,IC2003,2020-01-03 14:46:24.900,5350.2000,54167,0,12309658200.000,0,-,-,-,-,5349.6000,5349.4000,5349.0000,5348.6000,5347.2000,5350.6000,5350.8000,5352.0000,5352.2000,5353.4000,3,2,3,1,1,5,2,5,1,2
SF,IC2003,2020-01-03 14:46:25.900,5350.2000,54167,0,12309658200.000,0,-,-,-,-,5350.2000,5350.0000,5349.6000,5349.0000,5348.6000,5350.6000,5350.8000,5352.0000,5352.2000,5353.4000,1,1,3,3,1,5,2,5,1,2
SF,IC2003,2020-01-03 14:46:26.400,5350.4000,54168,1,12311798320.000,2,1,1,多开,B,5349.6000,5349.0000,5348.6000,5347.2000,5347.0000,5350.6000,5350.8000,5352.0000,5352.2000,5353.4000,3,3,1,1,1,5,2,5,1,2
SF,IC2003,2020-01-03 14:46:26.900,5350.4000,54168,0,12311798320.000,0,-,-,-,-,5349.6000,5349.0000,5348.6000,5347.2000,5347.0000,5350.2000,5350.6000,5350.8000,5352.0000,5352.2000,3,3,1,1,1,1,5,2,5,1
SF,IC2003,2020-01-03 14:46:27.400,5349.6000,54168,0,12319288320.000,7,3,4,空换,B,5349.8000,5349.0000,5348.6000,5347.2000,5347.0000,5350.4000,5350.6000,5350.8000,5352.0000,5352.2000,1,3,1,1,1,1,5,2,5,1
SF,IC2003,2020-01-03 14:46:27.900,5350.4000,54170,2,12321428480.000,2,2,0,双开,B,5349.8000,5349.0000,5348.6000,5347.2000,5347.0000,5350.4000,5350.6000,5350.8000,5352.0000,5352.2000,1,3,1,1,1,1,5,2,5,1
SF,IC2003,2020-01-03 14:46:28.400,5350.4000,54171,1,12322498560.000,1,1,0,双开,B,5349.8000,5349.0000,5348.6000,5347.2000,5347.0000,5350.4000,5350.6000,5350.8000,5352.0000,5352.2000,1,3,1,1,1,1,5,2,5,1
SF,IC2003,2020-01-03 14:46:28.900,5350.4000,54171,0,12322498560.000,0,-,-,-,-,5349.8000,5349.0000,5348.8000,5348.6000,5347.2000,5350.4000,5350.6000,5350.8000,5352.0000,5352.2000,1,3,1,1,1,1,5,2,5,1
SF,IC2003,2020-01-03 14:46:29.400,5350.4000,54171,0,12322498560.000,0,-,-,-,-,5350.4000,5349.8000,5349.0000,5348.8000,5348.6000,5350.6000,5350.8000,5352.0000,5352.2000,5353.4000,2,1,3,1,1,5,2,5,1,2
SF,IC2003,2020-01-03 14:46:29.900,5350.4000,54171,0,12322498560.000,0,-,-,-,-,5350.4000,5349.8000,5349.0000,5348.8000,5348.6000,5350.6000,5350.8000,5352.0000,5352.2000,5353.4000,4,1,3,1,1,5,2,5,1,2
SF,IC2003,2020-01-03 14:46:30.400,5350.4000,54171,0,12322498560.000,0,-,-,-,-,5350.4000,5349.0000,5348.8000,5348.6000,5348.0000,5350.6000,5350.8000,5352.0000,5352.2000,5353.4000,4,3,1,1,1,5,2,5,1,2
SF,IC2003,2020-01-03 14:46:32.400,5350.6000,54170,-1,12325708920.000,3,1,2,空平,B,5350.4000,5349.0000,5348.8000,5348.6000,5348.0000,5350.6000,5350.8000,5352.0000,5352.2000,5353.4000,2,3,1,1,1,2,2,5,1,2
SF,IC2003,2020-01-03 14:46:32.900,5350.6000,54170,0,12327849160.000,2,1,1,空换,B,5350.6000,5350.4000,5349.0000,5348.8000,5348.6000,5350.8000,5352.0000,5352.2000,5353.4000,5353.8000,2,2,3,1,1,4,5,1,2,1
SF,IC2003,2020-01-03 14:46:33.400,5350.8000,54171,1,12328919320.000,1,1,0,双开,B,5350.4000,5349.0000,5348.8000,5348.6000,5348.0000,5350.8000,5352.0000,5352.2000,5353.4000,5353.8000,2,3,1,1,1,3,5,1,2,1
SF,IC2003,2020-01-03 14:46:34.400,5350.8000,54171,0,12328919320.000,0,-,-,-,-,5350.4000,5349.2000,5349.0000,5348.8000,5348.6000,5350.8000,5352.0000,5352.2000,5353.4000,5353.8000,2,1,3,1,1,3,5,1,2,1
SF,IC2003,2020-01-03 14:46:35.400,5350.8000,54171,0,12328919320.000,0,-,-,-,-,5350.4000,5350.2000,5349.2000,5349.0000,5348.8000,5350.8000,5352.0000,5352.2000,5353.4000,5353.8000,2,1,1,3,1,3,5,1,2,1
SF,IC2003,2020-01-03 14:46:35.900,5350.8000,54171,0,12328919320.000,0,-,-,-,-,5350.4000,5350.2000,5349.2000,5349.0000,5348.8000,5350.6000,5350.8000,5352.0000,5352.2000,5353.4000,2,1,1,3,1,1,3,5,1,2
SF,IC2003,2020-01-03 14:46:36.400,5350.6000,54171,0,12329989440.000,1,0,1,空换,B,5350.6000,5350.4000,5350.2000,5349.2000,5349.0000,5350.8000,5352.0000,5352.2000,5353.4000,5353.8000,2,2,1,1,3,3,5,1,2,1
SF,IC2003,2020-01-03 14:46:36.900,5350.8000,54172,1,12331059600.000,1,1,0,双开,B,5350.6000,5350.4000,5350.2000,5349.2000,5349.0000,5350.8000,5352.0000,5352.2000,5353.4000,5353.8000,2,2,1,1,3,2,5,1,2,1
SF,IC2003,2020-01-03 14:46:38.400,5350.8000,54172,0,12331059600.000,0,-,-,-,-,5350.6000,5350.4000,5350.2000,5349.0000,5348.8000,5350.8000,5352.0000,5352.2000,5353.4000,5353.8000,2,2,1,3,1,2,5,1,2,1
SF,IC2003,2020-01-03 14:46:38.900,5350.6000,54173,1,12332129720.000,1,1,0,双开,B,5350.6000,5350.4000,5350.2000,5349.0000,5348.8000,5350.8000,5352.0000,5352.2000,5353.4000,5353.8000,1,2,1,3,1,2,5,1,2,1
SF,IC2003,2020-01-03 14:46:39.900,5350.8000,54173,0,12334270040.000,2,1,1,空换,B,5350.6000,5350.4000,5350.2000,5349.0000,5348.8000,5352.0000,5352.2000,5353.4000,5353.8000,5354.6000,1,2,1,3,1,5,1,2,1,2
SF,IC2003,2020-01-03 14:46:40.400,5350.8000,54173,0,12334270040.000,0,-,-,-,-,5350.8000,5350.6000,5350.4000,5350.2000,5349.0000,5351.0000,5352.0000,5352.2000,5353.4000,5353.8000,2,1,2,1,3,1,6,1,2,1
SF,IC2003,2020-01-03 14:46:40.900,5351.0000,54173,0,12335340240.000,1,0,1,空换,B,5351.0000,5350.8000,5350.6000,5350.4000,5350.2000,5352.0000,5352.2000,5353.4000,5353.8000,5354.6000,4,2,1,2,1,6,1,2,1,2
SF,IC2003,2020-01-03 14:46:41.400,5351.0000,54173,0,12335340240.000,0,-,-,-,-,5351.0000,5350.8000,5350.6000,5350.2000,5349.0000,5352.0000,5352.2000,5353.4000,5353.8000,5354.6000,4,2,1,1,3,6,1,2,1,2
SF,IC2003,2020-01-03 14:46:41.900,5351.0000,54173,0,12335340240.000,0,-,-,-,-,5350.8000,5350.6000,5350.2000,5349.0000,5348.8000,5352.0000,5352.2000,5353.4000,5353.8000,5354.6000,2,1,1,3,1,6,1,2,1,2
SF,IC2003,2020-01-03 14:46:42.400,5351.0000,54173,0,12335340240.000,0,-,-,-,-,5351.0000,5350.8000,5350.6000,5350.2000,5349.0000,5352.0000,5352.2000,5353.4000,5353.8000,5354.6000,2,2,1,1,3,6,1,2,1,2
SF,IC2003,2020-01-03 14:46:44.900,5351.0000,54173,0,12335340240.000,0,-,-,-,-,5351.2000,5351.0000,5350.8000,5350.6000,5350.2000,5352.0000,5352.2000,5353.4000,5353.8000,5354.6000,1,2,2,1,1,6,1,2,1,2
SF,IC2003,2020-01-03 14:46:45.400,5351.0000,54173,0,12335340240.000,0,-,-,-,-,5351.2000,5351.0000,5350.8000,5350.6000,5350.2000,5352.0000,5352.2000,5353.4000,5353.8000,5354.6000,1,2,2,1,1,6,3,2,1,2
SF,IC2003,2020-01-03 14:46:45.900,5352.0000,54173,0,12336410640.000,1,0,1,空换,B,5351.2000,5351.0000,5350.8000,5350.6000,5350.2000,5352.0000,5352.2000,5353.4000,5353.8000,5354.6000,1,2,2,1,1,5,3,2,1,2
SF,IC2003,2020-01-03 14:46:46.400,5351.2000,54172,-1,12337480880.000,1,0,1,双平,B,5351.0000,5350.8000,5350.6000,5350.2000,5349.0000,5351.2000,5352.0000,5352.2000,5353.4000,5353.8000,2,2,1,1,3,1,5,3,2,1
SF,IC2003,2020-01-03 14:46:46.900,5351.2000,54172,0,12338551120.000,1,0,1,空换,B,5351.0000,5350.8000,5350.2000,5349.0000,5348.6000,5352.0000,5352.2000,5353.4000,5353.8000,5354.6000,2,2,1,3,1,5,3,2,1,2
SF,IC2003,2020-01-03 14:46:47.400,5351.2000,54172,0,12338551120.000,0,-,-,-,-,5351.0000,5350.2000,5349.0000,5348.6000,5348.0000,5351.8000,5352.0000,5352.2000,5353.4000,5353.8000,2,1,3,1,1,2,5,3,2,1
SF,IC2003,2020-01-03 14:46:47.900,5351.0000,54172,0,12339621320.000,1,0,1,空换,B,5351.0000,5350.2000,5349.0000,5348.6000,5348.0000,5351.6000,5351.8000,5352.0000,5352.2000,5353.4000,1,1,3,1,1,1,2,5,3,2
SF,IC2003,2020-01-03 14:46:48.400,5351.0000,54172,0,12339621320.000,0,-,-,-,-,5351.0000,5350.2000,5349.0000,5348.6000,5348.0000,5351.4000,5351.6000,5352.0000,5352.2000,5353.4000,1,1,3,1,1,2,1,5,3,2
SF,IC2003,2020-01-03 14:46:49.400,5351.0000,54171,-1,12340691520.000,1,0,1,双平,B,5350.2000,5349.0000,5348.6000,5348.0000,5347.2000,5351.0000,5351.4000,5351.6000,5352.0000,5352.2000,1,3,1,1,1,1,2,1,5,3
SF,IC2003,2020-01-03 14:46:49.900,5351.0000,54171,0,12340691520.000,0,-,-,-,-,5350.2000,5349.0000,5348.6000,5348.0000,5347.2000,5351.4000,5352.0000,5352.2000,5353.4000,5353.8000,1,3,1,1,1,2,5,3,2,1
SF,IC2003,2020-01-03 14:46:50.400,5351.2000,54172,1,12341761760.000,1,1,0,双开,B,5350.4000,5350.2000,5349.0000,5348.6000,5348.0000,5351.0000,5351.4000,5352.0000,5352.2000,5353.4000,3,1,3,1,1,1,2,5,3,2
SF,IC2003,2020-01-03 14:46:50.900,5351.0000,54172,0,12342831960.000,1,0,1,空换,B,5351.0000,5350.6000,5350.4000,5350.2000,5349.0000,5352.0000,5352.2000,5353.4000,5353.8000,5354.6000,2,1,3,1,3,5,3,2,1,2
SF,IC2003,2020-01-03 14:46:51.400,5351.0000,54172,0,12342831960.000,0,-,-,-,-,5351.0000,5350.4000,5350.2000,5349.0000,5348.6000,5352.0000,5352.2000,5353.4000,5353.8000,5354.6000,1,3,1,3,1,5,3,2,1,2
SF,IC2003,2020-01-03 14:46:51.900,5351.0000,54172,0,12342831960.000,0,-,-,-,-,5351.0000,5350.4000,5350.2000,5349.0000,5348.6000,5351.8000,5352.0000,5352.2000,5353.4000,5353.8000,1,3,1,2,1,2,5,3,2,1
SF,IC2003,2020-01-03 14:46:52.400,5351.8000,54172,0,12343902320.000,1,0,1,空换,B,5351.0000,5350.4000,5350.2000,5349.0000,5348.6000,5351.8000,5352.0000,5352.2000,5353.4000,5353.8000,1,3,1,2,1,1,5,3,2,1
SF,IC2003,2020-01-03 14:46:52.900,5351.8000,54172,0,12343902320.000,0,-,-,-,-,5351.0000,5350.4000,5350.2000,5349.0000,5348.6000,5352.0000,5352.2000,5353.4000,5353.8000,5354.6000,1,3,1,2,1,5,3,2,1,2
SF,IC2003,2020-01-03 14:46:54.900,5351.8000,54172,0,12343902320.000,0,-,-,-,-,5351.2000,5350.4000,5350.2000,5349.0000,5348.6000,5352.0000,5352.2000,5353.4000,5353.8000,5354.6000,1,3,1,1,1,5,3,2,1,2
SF,IC2003,2020-01-03 14:46:55.400,5351.8000,54172,0,12343902320.000,0,-,-,-,-,5351.2000,5350.4000,5350.2000,5350.0000,5349.0000,5351.8000,5352.0000,5352.2000,5353.4000,5353.8000,1,3,1,1,1,2,5,3,2,1
SF,IC2003,2020-01-03 14:46:55.900,5351.8000,54172,0,12343902320.000,0,-,-,-,-,5351.2000,5350.4000,5350.2000,5350.0000,5349.0000,5351.8000,5352.0000,5352.2000,5353.4000,5353.8000,1,3,1,1,1,2,5,3,2,1
SF,IC2003,2020-01-03 14:46:57.400,5351.8000,54172,0,12343902320.000,0,-,-,-,-,5351.2000,5350.4000,5350.2000,5350.0000,5349.0000,5351.8000,5352.0000,5352.2000,5353.4000,5353.8000,1,3,1,1,1,3,5,3,2,1
SF,IC2003,2020-01-03 14:46:57.900,5351.8000,54172,0,12343902320.000,0,-,-,-,-,5351.2000,5350.4000,5350.2000,5350.0000,5349.0000,5351.8000,5352.0000,5352.2000,5353.4000,5353.8000,1,3,1,1,1,3,7,3,2,1
SF,IC2003,2020-01-03 14:46:59.400,5351.8000,54172,0,12343902320.000,0,-,-,-,-,5351.2000,5350.4000,5350.2000,5350.0000,5349.0000,5351.8000,5352.0000,5352.2000,5353.4000,5353.8000,1,3,1,1,1,3,8,3,2,1
SF,IC2003,2020-01-03 14:46:59.900,5351.8000,54172,0,12343902320.000,0,-,-,-,-,5351.2000,5350.4000,5350.2000,5350.0000,5348.6000,5351.6000,5351.8000,5352.0000,5352.2000,5353.4000,1,3,1,1,1,1,3,8,3,2
SF,IC2003,2020-01-03 14:47:00.400,5351.8000,54172,0,12343902320.000,0,-,-,-,-,5351.2000,5350.4000,5350.2000,5350.0000,5348.6000,5351.6000,5351.8000,5352.0000,5352.2000,5353.4000,2,3,1,1,1,1,3,8,3,2
SF,IC2003,2020-01-03 14:47:01.900,5351.8000,54172,0,12343902320.000,0,-,-,-,-,5351.2000,5350.4000,5350.2000,5350.0000,5348.6000,5351.6000,5351.8000,5352.0000,5352.2000,5353.4000,3,3,1,1,1,1,3,8,3,2
SF,IC2003,2020-01-03 14:47:02.900,5351.2000,54172,0,12347113040.000,3,1,2,空换,B,5350.4000,5350.2000,5350.0000,5348.6000,5348.0000,5351.0000,5351.2000,5351.6000,5351.8000,5352.0000,3,1,1,1,1,3,1,1,3,8
SF,IC2003,2020-01-03 14:47:03.400,5351.2000,54172,0,12347113040.000,0,-,-,-,-,5350.4000,5350.2000,5350.0000,5349.2000,5348.0000,5351.6000,5351.8000,5352.0000,5352.2000,5353.4000,1,1,1,1,1,1,3,8,3,2
SF,IC2003,2020-01-03 14:47:03.900,5350.4000,54173,1,12348183120.000,1,1,0,双开,B,5350.2000,5350.0000,5349.2000,5348.0000,5347.2000,5350.4000,5350.6000,5351.4000,5351.6000,5351.8000,1,1,1,1,1,1,2,2,1,1
SF,IC2003,2020-01-03 14:47:04.400,5350.2000,54174,1,12350323240.000,2,1,1,多开,B,5350.4000,5350.0000,5349.2000,5348.0000,5347.2000,5351.4000,5351.6000,5351.8000,5352.0000,5352.2000,1,1,1,1,1,3,1,1,8,3
SF,IC2003,2020-01-03 14:47:04.900,5350.2000,54175,1,12351393280.000,1,1,0,双开,B,5350.0000,5349.2000,5348.0000,5347.2000,5347.0000,5350.4000,5351.4000,5351.6000,5351.8000,5352.0000,1,1,1,1,1,1,3,1,1,8
SF,IC2003,2020-01-03 14:47:05.400,5350.2000,54175,0,12351393280.000,0,-,-,-,-,5350.0000,5349.2000,5348.0000,5347.2000,5347.0000,5351.4000,5351.6000,5351.8000,5352.0000,5352.2000,1,1,1,1,1,3,1,1,8,3
SF,IC2003,2020-01-03 14:47:05.900,5350.2000,54175,0,12351393280.000,0,-,-,-,-,5350.0000,5349.2000,5348.0000,5347.2000,5347.0000,5351.2000,5351.4000,5351.6000,5351.8000,5352.0000,1,1,1,1,1,1,3,1,1,8
SF,IC2003,2020-01-03 14:47:06.400,5350.2000,54175,0,12351393280.000,0,-,-,-,-,5350.2000,5350.0000,5349.2000,5348.0000,5347.2000,5351.2000,5351.4000,5351.8000,5352.0000,5352.2000,2,1,1,1,1,1,2,2,8,3
SF,IC2003,2020-01-03 14:47:06.900,5350.2000,54175,0,12351393280.000,0,-,-,-,-,5350.2000,5350.0000,5349.2000,5348.0000,5347.2000,5351.0000,5351.2000,5351.4000,5351.8000,5352.0000,2,1,1,1,1,1,1,2,2,8
SF,IC2003,2020-01-03 14:47:07.900,5351.0000,54174,-1,12352463480.000,1,0,1,双平,B,5350.2000,5350.0000,5349.2000,5348.8000,5348.0000,5351.2000,5351.4000,5351.8000,5352.0000,5352.2000,2,1,1,1,1,1,2,2,8,3
SF,IC2003,2020-01-03 14:47:08.400,5351.0000,54174,0,12352463480.000,0,-,-,-,-,5350.2000,5350.0000,5349.2000,5348.8000,5348.0000,5351.4000,5351.8000,5352.0000,5352.2000,5353.4000,2,1,1,1,1,2,2,8,3,2
SF,IC2003,2020-01-03 14:47:10.400,5351.0000,54174,0,12352463480.000,0,-,-,-,-,5350.2000,5350.0000,5349.2000,5348.8000,5348.0000,5351.4000,5351.8000,5352.0000,5352.2000,5353.4000,2,1,1,1,1,2,2,8,3,2
SF,IC2003,2020-01-03 14:47:10.900,5351.0000,54174,0,12352463480.000,0,-,-,-,-,5350.2000,5350.0000,5349.2000,5348.8000,5348.0000,5351.4000,5351.8000,5352.0000,5352.2000,5353.4000,2,1,1,1,1,2,2,3,1,2
SF,IC2003,2020-01-03 14:47:11.400,5351.0000,54174,0,12352463480.000,0,-,-,-,-,5350.2000,5350.0000,5349.2000,5348.8000,5348.0000,5351.4000,5351.8000,5352.0000,5352.2000,5353.4000,2,1,1,1,1,5,2,3,1,2
SF,IC2003,2020-01-03 14:47:11.900,5351.0000,54174,0,12352463480.000,0,-,-,-,-,5350.2000,5350.0000,5349.2000,5348.8000,5348.0000,5351.0000,5351.4000,5351.8000,5352.0000,5352.2000,2,1,1,1,1,2,5,2,3,1
SF,IC2003,2020-01-03 14:47:12.400,5350.2000,54174,0,12353533520.000,1,0,1,空换,B,5350.0000,5349.2000,5348.8000,5348.0000,5347.2000,5350.4000,5351.0000,5351.4000,5351.8000,5352.0000,1,1,1,1,1,1,2,5,2,3
SF,IC2003,2020-01-03 14:47:12.900,5350.0000,54174,0,12354603520.000,1,0,1,空换,B,5349.2000,5348.8000,5348.0000,5347.2000,5347.0000,5351.0000,5351.4000,5351.8000,5352.0000,5352.2000,1,1,1,1,1,2,5,2,3,1
SF,IC2003,2020-01-03 14:47:13.400,5350.0000,54174,0,12354603520.000,0,-,-,-,-,5349.2000,5348.8000,5348.0000,5347.2000,5347.0000,5350.6000,5350.8000,5351.0000,5351.4000,5351.8000,1,1,1,1,1,1,3,2,3,2
SF,IC2003,2020-01-03 14:47:13.900,5350.0000,54174,0,12354603520.000,0,-,-,-,-,5349.2000,5348.0000,5347.2000,5347.0000,5346.6000,5350.4000,5350.8000,5351.0000,5351.4000,5351.8000,1,1,1,1,1,3,1,2,3,2
SF,IC2003,2020-01-03 14:47:14.400,5350.0000,54174,0,12354603520.000,0,-,-,-,-,5349.2000,5348.0000,5347.2000,5347.0000,5346.6000,5350.4000,5350.8000,5351.0000,5351.4000,5351.8000,1,1,1,1,1,3,1,2,3,2
SF,IC2003,2020-01-03 14:47:14.900,5350.0000,54174,0,12354603520.000,0,-,-,-,-,5349.2000,5348.0000,5347.2000,5347.0000,5346.6000,5350.4000,5350.8000,5351.0000,5351.4000,5351.8000,1,1,1,1,1,2,1,2,3,2
SF,IC2003,2020-01-03 14:47:15.400,5350.0000,54174,0,12354603520.000,0,-,-,-,-,5349.2000,5348.0000,5347.2000,5347.0000,5346.6000,5350.4000,5350.8000,5351.0000,5351.4000,5351.8000,1,1,1,1,1,2,1,2,3,2
SF,IC2003,2020-01-03 14:47:15.900,5350.0000,54174,0,12354603520.000,0,-,-,-,-,5348.0000,5347.2000,5347.0000,5346.6000,5346.4000,5350.4000,5350.8000,5351.0000,5351.4000,5351.8000,1,1,1,1,1,2,1,2,3,2
SF,IC2003,2020-01-03 14:47:16.400,5350.0000,54174,0,12354603520.000,0,-,-,-,-,5348.4000,5348.2000,5348.0000,5347.2000,5347.0000,5350.0000,5350.4000,5350.8000,5351.0000,5351.8000,1,2,1,1,1,1,2,1,2,2
SF,IC2003,2020-01-03 14:47:16.900,5350.0000,54174,0,12354603520.000,0,-,-,-,-,5348.6000,5348.4000,5348.0000,5347.2000,5347.0000,5349.8000,5350.0000,5351.0000,5351.8000,5352.0000,2,1,1,1,1,1,3,2,2,3
SF,IC2003,2020-01-03 14:47:17.400,5350.0000,54174,0,12354603520.000,0,-,-,-,-,5348.8000,5348.6000,5348.4000,5348.0000,5347.2000,5349.8000,5350.0000,5351.0000,5351.8000,5352.0000,1,4,1,1,1,1,3,2,2,3
SF,IC2003,2020-01-03 14:47:17.900,5350.0000,54174,0,12354603520.000,0,-,-,-,-,5349.0000,5348.8000,5348.6000,5348.4000,5348.0000,5349.8000,5350.0000,5351.0000,5351.8000,5352.0000,2,1,1,1,1,1,3,2,2,3
SF,IC2003,2020-01-03 14:47:18.400,5350.0000,54174,0,12354603520.000,0,-,-,-,-,5349.0000,5348.8000,5348.6000,5348.4000,5348.0000,5350.0000,5351.0000,5351.8000,5352.0000,5352.2000,3,1,1,1,1,3,2,2,3,1
SF,IC2003,2020-01-03 14:47:19.400,5350.0000,54174,0,12354603520.000,0,-,-,-,-,5349.2000,5349.0000,5348.8000,5348.4000,5348.0000,5350.0000,5351.0000,5351.8000,5352.0000,5352.2000,1,3,1,1,1,3,2,2,3,1
SF,IC2003,2020-01-03 14:47:20.900,5350.0000,54175,1,12355673520.000,1,1,0,双开,B,5349.0000,5348.8000,5348.0000,5347.2000,5347.0000,5350.0000,5351.0000,5351.8000,5352.0000,5352.2000,5,1,1,1,1,2,2,2,3,1
SF,IC2003,2020-01-03 14:47:21.400,5350.0000,54175,0,12355673520.000,0,-,-,-,-,5349.0000,5348.8000,5348.0000,5347.2000,5347.0000,5350.0000,5351.0000,5351.8000,5352.0000,5352.2000,3,1,1,1,1,2,2,2,3,1
SF,IC2003,2020-01-03 14:47:21.900,5350.0000,54175,0,12355673520.000,0,-,-,-,-,5349.0000,5348.8000,5348.0000,5347.2000,5347.0000,5351.0000,5351.8000,5352.0000,5352.2000,5353.4000,3,1,1,1,1,2,2,3,1,2
SF,IC2003,2020-01-03 14:47:22.400,5350.0000,54175,0,12355673520.000,0,-,-,-,-,5349.2000,5349.0000,5348.8000,5348.0000,5347.2000,5350.8000,5351.0000,5351.8000,5352.0000,5352.2000,2,2,3,1,1,3,5,2,3,1
SF,IC2003,2020-01-03 14:47:22.900,5350.0000,54175,0,12355673520.000,0,-,-,-,-,5349.4000,5349.2000,5348.8000,5348.0000,5347.2000,5350.8000,5351.0000,5351.8000,5352.0000,5352.2000,2,3,3,1,1,2,5,2,3,1
SF,IC2003,2020-01-03 14:47:23.400,5350.0000,54175,0,12355673520.000,0,-,-,-,-,5349.4000,5349.2000,5348.8000,5348.0000,5347.2000,5350.8000,5351.0000,5351.8000,5352.0000,5352.2000,2,2,3,1,1,2,5,2,3,1
SF,IC2003,2020-01-03 14:47:23.900,5350.0000,54175,0,12355673520.000,0,-,-,-,-,5349.6000,5349.4000,5349.2000,5348.8000,5348.0000,5350.8000,5351.0000,5351.8000,5352.0000,5352.2000,1,2,1,3,1,2,5,2,3,1
SF,IC2003,2020-01-03 14:47:24.400,5350.0000,54175,0,12355673520.000,0,-,-,-,-,5349.8000,5349.6000,5349.4000,5348.8000,5348.0000,5350.8000,5351.0000,5351.8000,5352.0000,5352.2000,1,2,2,3,1,2,5,2,3,1
SF,IC2003,2020-01-03 14:47:25.900,5350.0000,54175,0,12355673520.000,0,-,-,-,-,5349.8000,5349.6000,5349.4000,5349.0000,5348.8000,5350.8000,5351.0000,5351.8000,5352.0000,5352.2000,1,2,2,1,1,2,5,2,3,1
SF,IC2003,2020-01-03 14:47:26.400,5350.0000,54175,0,12355673520.000,0,-,-,-,-,5349.8000,5349.6000,5349.4000,5349.0000,5348.8000,5350.8000,5351.0000,5351.8000,5352.0000,5352.2000,1,2,2,1,1,2,5,2,3,1
SF,IC2003,2020-01-03 14:47:26.900,5350.0000,54175,0,12355673520.000,0,-,-,-,-,5350.0000,5349.8000,5349.6000,5349.4000,5348.8000,5350.8000,5351.0000,5351.8000,5352.0000,5352.2000,1,1,1,2,1,2,5,2,3,1
SF,IC2003,2020-01-03 14:47:27.400,5350.0000,54175,0,12355673520.000,0,-,-,-,-,5350.0000,5349.8000,5349.6000,5349.4000,5348.8000,5350.8000,5351.0000,5351.8000,5352.0000,5352.2000,1,1,1,2,1,2,2,2,3,1
SF,IC2003,2020-01-03 14:47:27.900,5350.0000,54175,0,12355673520.000,0,-,-,-,-,5350.0000,5349.8000,5349.6000,5349.4000,5348.8000,5350.8000,5351.0000,5351.8000,5352.0000,5352.2000,1,1,1,2,1,5,2,2,3,1
SF,IC2003,2020-01-03 14:47:28.900,5350.0000,54175,0,12355673520.000,0,-,-,-,-,5349.8000,5349.6000,5349.4000,5348.0000,5347.2000,5350.6000,5350.8000,5351.0000,5351.8000,5352.0000,1,1,2,1,1,1,5,2,2,3
SF,IC2003,2020-01-03 14:47:30.400,5350.0000,54175,0,12355673520.000,0,-,-,-,-,5349.8000,5349.6000,5349.4000,5348.0000,5347.2000,5350.6000,5350.8000,5351.0000,5351.8000,5352.0000,1,1,2,1,1,1,5,2,2,3
SF,IC2003,2020-01-03 14:47:31.400,5350.0000,54175,0,12355673520.000,0,-,-,-,-,5350.0000,5349.8000,5349.4000,5348.0000,5347.2000,5350.6000,5350.8000,5351.0000,5351.8000,5352.0000,1,1,2,1,1,1,5,2,2,3
SF,IC2003,2020-01-03 14:47:31.900,5350.0000,54175,0,12355673520.000,0,-,-,-,-,5350.4000,5350.0000,5349.8000,5349.4000,5348.0000,5350.8000,5351.0000,5351.8000,5352.0000,5352.2000,1,1,1,2,1,5,2,2,3,1
SF,IC2003,2020-01-03 14:47:32.400,5350.0000,54175,0,12355673520.000,0,-,-,-,-,5350.4000,5350.0000,5349.8000,5349.4000,5348.0000,5350.8000,5351.0000,5351.8000,5352.0000,5352.2000,1,1,2,2,1,3,2,2,3,1
SF,IC2003,2020-01-03 14:47:32.900,5351.0000,54177,2,12357813920.000,2,2,0,双开,B,5350.0000,5349.8000,5349.4000,5348.0000,5347.2000,5351.8000,5352.0000,5352.2000,5353.4000,5353.8000,1,2,2,1,1,2,3,1,2,1
SF,IC2003,2020-01-03 14:47:33.400,5351.0000,54177,0,12357813920.000,0,-,-,-,-,5350.8000,5350.4000,5350.2000,5349.8000,5348.0000,5351.6000,5351.8000,5352.0000,5352.2000,5353.4000,1,1,2,2,1,1,5,3,1,2
SF,IC2003,2020-01-03 14:47:33.900,5351.0000,54177,0,12357813920.000,0,-,-,-,-,5350.8000,5350.2000,5349.8000,5348.0000,5347.2000,5351.6000,5351.8000,5352.0000,5352.2000,5353.4000,2,2,2,1,1,1,5,3,1,2
SF,IC2003,2020-01-03 14:47:36.900,5351.0000,54177,0,12357813920.000,0,-,-,-,-,5350.8000,5350.4000,5350.2000,5349.8000,5348.0000,5351.6000,5351.8000,5352.0000,5352.2000,5353.4000,2,1,2,2,1,1,5,3,1,2
SF,IC2003,2020-01-03 14:47:37.400,5351.0000,54177,0,12357813920.000,0,-,-,-,-,5350.8000,5350.4000,5349.8000,5348.0000,5347.2000,5351.4000,5351.6000,5351.8000,5352.0000,5352.2000,1,1,1,1,1,2,1,5,3,1
SF,IC2003,2020-01-03 14:47:37.900,5350.8000,54177,0,12358884080.000,1,0,1,空换,B,5350.4000,5349.8000,5348.0000,5347.2000,5347.0000,5350.8000,5351.2000,5351.4000,5351.6000,5351.8000,1,1,1,1,1,3,1,2,1,5
SF,IC2003,2020-01-03 14:47:38.400,5350.4000,54178,1,12359954160.000,1,1,0,双开,B,5349.8000,5348.0000,5347.2000,5347.0000,5346.6000,5350.4000,5350.6000,5350.8000,5351.4000,5351.6000,1,1,1,1,1,2,1,3,2,1
SF,IC2003,2020-01-03 14:47:38.900,5350.4000,54178,0,12359954160.000,0,-,-,-,-,5350.0000,5349.8000,5348.0000,5347.2000,5347.0000,5350.4000,5350.6000,5350.8000,5351.4000,5351.6000,1,1,1,1,1,3,1,3,2,1
SF,IC2003,2020-01-03 14:47:40.400,5350.4000,54178,0,12359954160.000,0,-,-,-,-,5350.2000,5350.0000,5349.8000,5348.0000,5347.2000,5350.4000,5350.6000,5350.8000,5351.4000,5351.6000,1,1,1,1,1,3,1,3,2,1
SF,IC2003,2020-01-03 14:47:40.900,5350.4000,54178,0,12359954160.000,0,-,-,-,-,5350.2000,5349.8000,5348.4000,5348.0000,5347.2000,5350.4000,5350.6000,5350.8000,5351.4000,5351.6000,1,1,1,1,1,3,1,3,2,1
SF,IC2003,2020-01-03 14:47:41.400,5350.2000,54180,2,12362094240.000,2,2,0,双开,B,5349.8000,5348.4000,5348.0000,5347.2000,5347.0000,5350.2000,5350.4000,5350.6000,5351.4000,5351.6000,1,1,1,1,1,4,3,1,2,1
SF,IC2003,2020-01-03 14:47:41.900,5349.8000,54181,1,12363164200.000,1,1,0,双开,B,5348.4000,5348.0000,5347.2000,5347.0000,5346.6000,5349.8000,5350.2000,5350.4000,5350.6000,5351.4000,1,1,1,1,1,1,3,3,1,2
SF,IC2003,2020-01-03 14:47:42.400,5349.8000,54181,0,12363164200.000,0,-,-,-,-,5348.6000,5348.4000,5348.2000,5348.0000,5347.2000,5350.2000,5350.4000,5350.6000,5351.4000,5351.6000,2,1,2,1,1,3,3,1,2,1
SF,IC2003,2020-01-03 14:47:42.900,5349.8000,54181,0,12363164200.000,0,-,-,-,-,5348.6000,5348.4000,5348.0000,5347.2000,5347.0000,5350.0000,5350.2000,5350.4000,5350.6000,5351.6000,2,1,1,1,1,2,3,3,1,1
SF,IC2003,2020-01-03 14:47:43.400,5349.8000,54181,0,12363164200.000,0,-,-,-,-,5348.6000,5348.0000,5347.2000,5347.0000,5346.6000,5349.8000,5350.0000,5350.2000,5350.4000,5350.6000,2,1,1,1,1,1,2,3,3,1
SF,IC2003,2020-01-03 14:47:43.900,5349.8000,54181,0,12363164200.000,0,-,-,-,-,5348.6000,5348.0000,5347.2000,5347.0000,5346.6000,5349.8000,5350.0000,5350.2000,5350.6000,5351.6000,2,1,1,1,1,1,2,3,1,1
SF,IC2003,2020-01-03 14:47:44.400,5349.8000,54181,0,12364234160.000,1,0,1,空换,B,5348.6000,5348.0000,5347.2000,5347.0000,5346.6000,5349.8000,5350.0000,5350.2000,5350.6000,5351.6000,2,1,1,1,1,3,2,3,1,1
SF,IC2003,2020-01-03 14:47:44.900,5349.8000,54181,0,12364234160.000,0,-,-,-,-,5349.0000,5348.8000,5348.6000,5348.0000,5347.2000,5349.6000,5349.8000,5350.2000,5350.6000,5351.6000,1,1,2,1,1,2,3,3,1,1
SF,IC2003,2020-01-03 14:47:45.400,5349.8000,54181,0,12364234160.000,0,-,-,-,-,5349.0000,5348.8000,5348.6000,5348.0000,5347.2000,5349.8000,5350.2000,5350.6000,5351.6000,5351.8000,1,1,2,1,1,3,3,1,1,2
SF,IC2003,2020-01-03 14:47:46.400,5349.8000,54181,0,12364234160.000,0,-,-,-,-,5349.0000,5348.8000,5348.6000,5348.0000,5347.2000,5349.8000,5350.2000,5350.6000,5351.6000,5351.8000,1,1,2,1,1,3,3,1,1,2
SF,IC2003,2020-01-03 14:47:46.900,5349.8000,54181,0,12364234160.000,0,-,-,-,-,5349.0000,5348.8000,5348.6000,5348.0000,5347.2000,5349.8000,5350.2000,5350.6000,5351.0000,5351.6000,1,1,2,1,1,3,1,1,1,1
SF,IC2003,2020-01-03 14:47:47.900,5349.8000,54181,0,12364234160.000,0,-,-,-,-,5349.0000,5348.8000,5348.6000,5348.0000,5347.2000,5349.8000,5350.6000,5351.0000,5351.6000,5351.8000,1,1,2,1,1,3,1,1,1,2
SF,IC2003,2020-01-03 14:47:48.400,5349.8000,54181,0,12364234160.000,0,-,-,-,-,5349.2000,5349.0000,5348.8000,5348.6000,5348.0000,5349.8000,5350.6000,5351.0000,5351.6000,5351.8000,1,1,1,2,1,3,1,1,1,2
SF,IC2003,2020-01-03 14:47:49.900,5349.8000,54181,0,12364234160.000,0,-,-,-,-,5349.2000,5349.0000,5348.8000,5348.6000,5348.0000,5349.8000,5350.6000,5351.0000,5351.6000,5351.8000,1,2,1,2,1,3,1,1,1,2
SF,IC2003,2020-01-03 14:47:50.400,5349.8000,54181,0,12364234160.000,0,-,-,-,-,5349.4000,5349.2000,5349.0000,5348.8000,5348.6000,5350.6000,5351.0000,5351.6000,5351.8000,5352.0000,1,1,2,1,2,1,1,1,2,2
SF,IC2003,2020-01-03 14:47:50.900,5349.8000,54181,0,12364234160.000,0,-,-,-,-,5349.4000,5349.2000,5349.0000,5348.8000,5348.6000,5350.4000,5350.6000,5351.0000,5351.6000,5351.8000,2,1,1,1,2,2,4,1,1,2
SF,IC2003,2020-01-03 14:47:51.900,5349.8000,54181,0,12364234160.000,0,-,-,-,-,5349.8000,5349.4000,5349.2000,5349.0000,5348.6000,5350.4000,5350.6000,5351.0000,5351.6000,5351.8000,1,2,1,1,2,2,4,1,1,2
SF,IC2003,2020-01-03 14:47:53.900,5349.8000,54181,0,12364234160.000,0,-,-,-,-,5349.8000,5349.4000,5349.2000,5349.0000,5348.6000,5350.4000,5350.6000,5351.0000,5351.6000,5351.8000,1,2,1,1,2,2,4,1,2,2
SF,IC2003,2020-01-03 14:47:54.400,5349.8000,54181,0,12364234160.000,0,-,-,-,-,5350.0000,5349.8000,5349.4000,5349.2000,5349.0000,5350.4000,5350.6000,5351.0000,5351.6000,5351.8000,1,1,2,1,1,4,4,1,2,3
SF,IC2003,2020-01-03 14:47:54.900,5350.0000,54182,1,12365304160.000,1,1,0,双开,B,5349.8000,5349.4000,5349.2000,5349.0000,5348.6000,5350.4000,5350.6000,5351.0000,5351.6000,5351.8000,1,2,1,1,2,4,4,1,2,3
SF,IC2003,2020-01-03 14:47:55.400,5350.0000,54182,0,12365304160.000,0,-,-,-,-,5349.8000,5349.4000,5349.2000,5349.0000,5348.6000,5350.4000,5350.6000,5351.0000,5351.6000,5351.8000,2,2,1,1,2,4,4,1,2,3
SF,IC2003,2020-01-03 14:47:55.900,5350.0000,54182,0,12365304160.000,0,-,-,-,-,5349.8000,5349.4000,5349.2000,5349.0000,5348.6000,5350.4000,5350.6000,5351.0000,5351.6000,5351.8000,2,2,1,1,2,4,1,1,2,3
SF,IC2003,2020-01-03 14:47:56.400,5350.0000,54182,0,12365304160.000,0,-,-,-,-,5349.8000,5349.4000,5349.2000,5349.0000,5348.6000,5350.4000,5350.6000,5351.0000,5351.6000,5351.8000,2,2,1,1,2,7,1,1,2,3
SF,IC2003,2020-01-03 14:47:57.900,5350.4000,54182,0,12366374240.000,1,0,1,空换,B,5349.8000,5349.4000,5349.0000,5348.6000,5348.0000,5350.4000,5350.6000,5351.0000,5351.6000,5351.8000,2,2,1,2,1,6,1,1,2,3
SF,IC2003,2020-01-03 14:47:58.400,5350.4000,54183,1,12367444320.000,1,1,0,双开,B,5350.0000,5349.8000,5349.0000,5348.0000,5347.2000,5350.4000,5350.6000,5351.0000,5351.6000,5351.8000,3,2,1,1,1,4,1,1,2,3
SF,IC2003,2020-01-03 14:47:58.900,5350.4000,54183,0,12367444320.000,0,-,-,-,-,5350.0000,5349.8000,5349.0000,5348.0000,5347.2000,5350.4000,5350.6000,5351.0000,5351.6000,5351.8000,3,2,1,1,1,4,1,1,2,3
SF,IC2003,2020-01-03 14:47:59.400,5350.4000,54184,1,12369584480.000,2,1,1,多开,B,5350.0000,5349.8000,5349.0000,5348.0000,5347.2000,5350.4000,5350.6000,5351.0000,5351.6000,5351.8000,2,2,1,1,1,2,1,1,2,3
SF,IC2003,2020-01-03 14:47:59.900,5350.4000,54185,1,12370654560.000,1,1,0,双开,B,5350.2000,5350.0000,5349.8000,5349.0000,5348.0000,5350.4000,5350.6000,5351.0000,5351.6000,5351.8000,1,2,2,1,1,1,1,1,2,3
SF,IC2003,2020-01-03 14:48:01.400,5350.2000,54186,1,12371724600.000,1,1,0,双开,B,5350.0000,5349.8000,5349.0000,5348.0000,5347.2000,5350.4000,5350.6000,5351.0000,5351.6000,5351.8000,2,1,1,1,1,1,1,1,2,3
SF,IC2003,2020-01-03 14:48:01.900,5349.8000,54189,3,12374934560.000,3,3,0,双开,B,5349.0000,5348.0000,5347.2000,5347.0000,5346.6000,5349.8000,5350.0000,5350.2000,5350.6000,5351.0000,1,1,1,1,1,2,2,2,1,1
SF,IC2003,2020-01-03 14:48:02.400,5349.8000,54189,0,12374934560.000,0,-,-,-,-,5349.0000,5348.0000,5347.2000,5347.0000,5346.6000,5349.6000,5349.8000,5350.0000,5350.6000,5351.0000,1,1,1,1,1,2,5,2,1,1
SF,IC2003,2020-01-03 14:48:02.900,5349.8000,54189,0,12374934560.000,0,-,-,-,-,5349.0000,5348.0000,5347.2000,5347.0000,5346.6000,5349.6000,5349.8000,5350.0000,5351.6000,5351.8000,1,1,1,1,1,2,5,3,2,3
SF,IC2003,2020-01-03 14:48:04.400,5349.8000,54189,0,12376004520.000,1,0,1,空换,B,5349.2000,5349.0000,5348.0000,5347.2000,5347.0000,5349.6000,5349.8000,5350.0000,5351.0000,5351.6000,1,1,1,1,1,1,5,3,1,2
SF,IC2003,2020-01-03 14:48:04.900,5349.8000,54189,0,12376004520.000,0,-,-,-,-,5349.2000,5349.0000,5348.8000,5348.0000,5347.2000,5349.6000,5349.8000,5350.0000,5351.0000,5351.6000,1,1,1,1,1,1,5,3,1,2
SF,IC2003,2020-01-03 14:48:08.400,5349.8000,54189,0,12376004520.000,0,-,-,-,-,5349.2000,5349.0000,5348.8000,5348.0000,5347.2000,5349.6000,5349.8000,5350.0000,5351.0000,5351.6000,1,1,1,1,1,1,5,3,1,1
SF,IC2003,2020-01-03 14:48:08.900,5349.8000,54189,0,12376004520.000,0,-,-,-,-,5349.2000,5349.0000,5348.8000,5348.0000,5347.2000,5349.4000,5349.6000,5349.8000,5350.0000,5351.0000,1,1,1,1,1,1,1,2,1,1
SF,IC2003,2020-01-03 14:48:09.400,5349.2000,54189,0,12377074360.000,1,0,1,空换,B,5349.0000,5348.8000,5348.0000,5347.2000,5347.0000,5349.4000,5349.6000,5349.8000,5350.0000,5351.0000,1,1,1,1,1,4,1,2,1,1
SF,IC2003,2020-01-03 14:48:09.900,5349.2000,54189,0,12377074360.000,0,-,-,-,-,5349.0000,5348.8000,5348.0000,5347.2000,5347.0000,5349.2000,5349.4000,5349.6000,5349.8000,5350.0000,1,1,1,1,1,1,4,1,2,1
SF,IC2003,2020-01-03 14:48:10.400,5349.0000,54190,1,12378144160.000,1,1,0,双开,B,5348.8000,5348.0000,5347.2000,5347.0000,5346.6000,5349.0000,5349.2000,5349.4000,5349.6000,5350.0000,1,1,1,1,1,4,1,4,1,1
SF,IC2003,2020-01-03 14:48:10.900,5348.8000,54191,1,12379213920.000,1,1,0,双开,B,5348.0000,5347.2000,5347.0000,5346.6000,5346.4000,5348.6000,5348.8000,5349.0000,5349.2000,5349.4000,1,1,1,1,1,1,3,2,1,4
SF,IC2003,2020-01-03 14:48:11.400,5348.8000,54191,0,12379213920.000,0,-,-,-,-,5348.0000,5347.2000,5347.0000,5346.6000,5346.4000,5348.8000,5349.0000,5349.2000,5349.4000,5350.0000,1,1,1,1,1,2,2,1,4,1
SF,IC2003,2020-01-03 14:48:11.900,5348.8000,54191,0,12379213920.000,0,-,-,-,-,5348.0000,5347.2000,5347.0000,5346.6000,5346.4000,5348.8000,5349.0000,5349.2000,5349.4000,5350.0000,1,1,1,1,1,2,2,1,4,1
SF,IC2003,2020-01-03 14:48:13.900,5348.8000,54191,0,12379213920.000,0,-,-,-,-,5348.0000,5347.2000,5347.0000,5346.6000,5346.4000,5348.6000,5348.8000,5349.0000,5349.2000,5349.4000,1,1,1,1,1,1,2,2,1,4
SF,IC2003,2020-01-03 14:48:14.400,5348.0000,54192,1,12380283520.000,1,1,0,双开,B,5347.2000,5347.0000,5346.6000,5346.4000,5346.2000,5348.6000,5348.8000,5349.0000,5349.2000,5349.4000,1,1,1,1,1,1,2,2,1,1
SF,IC2003,2020-01-03 14:48:14.900,5348.0000,54192,0,12380283520.000,0,-,-,-,-,5347.2000,5347.0000,5346.6000,5346.4000,5346.2000,5348.4000,5348.6000,5348.8000,5349.0000,5349.2000,1,1,1,1,1,2,4,2,2,1
SF,IC2003,2020-01-03 14:48:15.400,5348.0000,54192,0,12380283520.000,0,-,-,-,-,5347.2000,5347.0000,5346.6000,5346.4000,5346.2000,5348.4000,5348.6000,5348.8000,5349.0000,5349.2000,1,1,1,1,1,2,4,2,2,1
SF,IC2003,2020-01-03 14:48:15.900,5348.0000,54192,0,12380283520.000,0,-,-,-,-,5347.4000,5347.2000,5347.0000,5346.6000,5346.4000,5348.0000,5348.4000,5348.6000,5349.2000,5349.4000,1,1,1,1,1,1,2,4,1,1
SF,IC2003,2020-01-03 14:48:16.900,5347.6000,54193,1,12381353040.000,1,1,0,双开,B,5347.4000,5347.2000,5347.0000,5346.6000,5346.4000,5348.0000,5348.4000,5348.6000,5349.2000,5349.4000,1,1,1,1,1,1,2,4,1,1
SF,IC2003,2020-01-03 14:48:17.400,5347.6000,54193,0,12381353040.000,0,-,-,-,-,5347.6000,5347.4000,5347.2000,5347.0000,5346.6000,5348.0000,5348.6000,5349.2000,5350.0000,5351.0000,3,1,1,1,1,1,3,1,1,1
SF,IC2003,2020-01-03 14:48:17.900,5348.0000,54193,0,12382422640.000,1,0,1,空换,B,5348.2000,5348.0000,5347.6000,5347.4000,5347.2000,5348.6000,5349.2000,5350.0000,5351.0000,5351.6000,1,2,3,1,1,3,1,1,1,1
SF,IC2003,2020-01-03 14:48:18.400,5348.0000,54193,0,12382422640.000,0,-,-,-,-,5347.8000,5347.6000,5347.4000,5347.2000,5347.0000,5348.6000,5349.2000,5350.0000,5351.0000,5351.6000,1,3,1,1,1,3,1,1,1,1
SF,IC2003,2020-01-03 14:48:18.900,5348.6000,54193,0,12383492360.000,1,0,1,空换,B,5348.0000,5347.8000,5347.6000,5347.4000,5347.2000,5348.6000,5349.2000,5350.0000,5351.0000,5351.6000,4,1,1,1,1,2,1,1,1,1
SF,IC2003,2020-01-03 14:48:19.400,5348.6000,54193,0,12383492360.000,0,-,-,-,-,5348.2000,5348.0000,5347.6000,5347.4000,5347.2000,5348.6000,5349.2000,5350.0000,5351.0000,5351.6000,1,3,1,1,1,2,1,1,1,1
SF,IC2003,2020-01-03 14:48:19.900,5348.6000,54193,0,12384562080.000,1,0,1,空换,B,5348.6000,5348.0000,5347.6000,5347.4000,5347.2000,5349.2000,5350.0000,5351.0000,5351.6000,5351.8000,1,5,1,1,1,1,1,1,1,3
SF,IC2003,2020-01-03 14:48:20.400,5348.6000,54193,0,12384562080.000,0,-,-,-,-,5348.0000,5347.6000,5347.4000,5347.2000,5347.0000,5349.2000,5350.0000,5351.0000,5351.6000,5351.8000,3,1,1,1,1,2,1,1,1,3
SF,IC2003,2020-01-03 14:48:20.900,5348.6000,54193,0,12384562080.000,0,-,-,-,-,5348.0000,5347.6000,5347.4000,5347.2000,5347.0000,5349.0000,5349.2000,5350.0000,5351.0000,5351.6000,3,1,1,1,1,2,2,1,1,1
SF,IC2003,2020-01-03 14:48:21.400,5348.6000,54193,0,12384562080.000,0,-,-,-,-,5348.0000,5347.8000,5347.6000,5347.4000,5347.2000,5349.2000,5350.0000,5351.0000,5351.6000,5351.8000,3,2,1,1,1,2,1,1,1,3
SF,IC2003,2020-01-03 14:48:21.900,5348.6000,54193,0,12384562080.000,0,-,-,-,-,5348.2000,5348.0000,5347.8000,5347.4000,5347.2000,5349.2000,5350.0000,5351.0000,5351.6000,5351.8000,2,2,2,1,1,2,1,1,1,3
SF,IC2003,2020-01-03 14:48:22.400,5348.6000,54193,0,12384562080.000,0,-,-,-,-,5348.4000,5348.2000,5347.8000,5347.4000,5347.2000,5349.2000,5350.0000,5351.0000,5351.6000,5351.8000,2,2,2,1,1,2,1,1,1,3
SF,IC2003,2020-01-03 14:48:22.900,5349.2000,54193,0,12385631920.000,1,0,1,空换,B,5348.4000,5348.2000,5347.4000,5347.2000,5347.0000,5349.2000,5350.0000,5351.0000,5351.6000,5351.8000,2,4,1,1,1,1,1,1,1,3
SF,IC2003,2020-01-03 14:48:23.400,5349.2000,54193,0,12385631920.000,0,-,-,-,-,5348.6000,5348.4000,5348.2000,5347.4000,5347.2000,5349.2000,5350.0000,5351.0000,5351.6000,5351.8000,1,2,2,1,1,1,1,1,1,3
SF,IC2003,2020-01-03 14:48:23.900,5349.2000,54193,0,12386701760.000,1,0,1,空换,B,5348.6000,5348.4000,5348.2000,5347.4000,5347.2000,5350.0000,5351.0000,5351.6000,5351.8000,5352.0000,1,2,2,1,1,1,1,1,3,1
SF,IC2003,2020-01-03 14:48:24.400,5349.2000,54193,0,12386701760.000,0,-,-,-,-,5348.8000,5348.6000,5348.2000,5347.4000,5347.2000,5350.0000,5351.0000,5351.6000,5351.8000,5352.0000,2,1,2,1,1,1,1,1,3,1
SF,IC2003,2020-01-03 14:48:24.900,5349.2000,54193,0,12386701760.000,0,-,-,-,-,5349.2000,5348.8000,5348.6000,5348.2000,5347.2000,5349.8000,5350.0000,5351.0000,5351.6000,5351.8000,1,3,1,1,1,2,1,1,1,3
SF,IC2003,2020-01-03 14:48:26.400,5349.2000,54193,0,12386701760.000,0,-,-,-,-,5349.2000,5348.8000,5348.6000,5348.2000,5347.2000,5349.8000,5350.0000,5351.0000,5351.6000,5351.8000,1,2,1,1,1,2,1,1,1,3
SF,IC2003,2020-01-03 14:48:27.900,5349.2000,54193,0,12386701760.000,0,-,-,-,-,5349.2000,5348.8000,5348.6000,5348.2000,5347.2000,5349.8000,5350.0000,5350.8000,5351.0000,5351.6000,1,2,1,1,1,2,1,1,1,1
SF,IC2003,2020-01-03 14:48:28.400,5349.8000,54194,1,12387771720.000,1,1,0,双开,B,5349.2000,5348.8000,5348.6000,5348.2000,5347.2000,5350.0000,5350.8000,5351.0000,5351.6000,5351.8000,1,2,1,1,1,1,1,1,1,3
SF,IC2003,2020-01-03 14:48:28.900,5350.0000,54194,0,12388841720.000,1,0,1,空换,B,5349.4000,5349.2000,5348.2000,5347.2000,5347.0000,5350.8000,5351.0000,5351.6000,5351.8000,5352.0000,3,1,1,1,3,1,1,1,3,5
SF,IC2003,2020-01-03 14:48:29.400,5350.0000,54194,0,12388841720.000,0,-,-,-,-,5349.4000,5349.2000,5348.2000,5347.2000,5347.0000,5350.8000,5351.0000,5351.6000,5351.8000,5352.0000,3,1,1,1,3,1,1,1,3,5
SF,IC2003,2020-01-03 14:48:29.900,5350.0000,54194,0,12388841720.000,0,-,-,-,-,5349.6000,5349.4000,5348.2000,5347.2000,5347.0000,5350.8000,5351.0000,5351.6000,5351.8000,5352.0000,1,3,1,1,3,1,1,1,3,5
SF,IC2003,2020-01-03 14:48:30.400,5350.0000,54194,0,12388841720.000,0,-,-,-,-,5349.8000,5349.6000,5349.4000,5348.2000,5347.2000,5350.8000,5351.0000,5351.6000,5351.8000,5352.0000,2,1,1,1,1,1,1,1,3,5
SF,IC2003,2020-01-03 14:48:30.900,5350.0000,54194,0,12388841720.000,0,-,-,-,-,5350.2000,5349.8000,5349.6000,5349.4000,5348.2000,5350.8000,5351.0000,5351.6000,5351.8000,5352.0000,1,2,1,1,1,1,1,1,3,5
SF,IC2003,2020-01-03 14:48:31.400,5350.0000,54194,0,12388841720.000,0,-,-,-,-,5350.2000,5350.0000,5349.8000,5349.6000,5348.2000,5350.8000,5351.0000,5351.6000,5351.8000,5352.0000,1,1,2,1,1,1,1,1,3,5
SF,IC2003,2020-01-03 14:48:31.900,5350.0000,54194,0,12388841720.000,0,-,-,-,-,5350.2000,5350.0000,5349.8000,5349.6000,5348.2000,5350.8000,5351.0000,5351.6000,5351.8000,5352.0000,1,1,2,1,1,1,1,1,3,5
SF,IC2003,2020-01-03 14:48:32.900,5350.0000,54194,0,12388841720.000,0,-,-,-,-,5350.0000,5349.8000,5349.6000,5348.2000,5347.2000,5350.8000,5351.0000,5351.6000,5351.8000,5352.0000,1,2,1,1,1,1,1,1,3,5
SF,IC2003,2020-01-03 14:48:33.400,5350.0000,54194,0,12388841720.000,0,-,-,-,-,5350.2000,5350.0000,5349.6000,5348.8000,5348.2000,5350.8000,5351.0000,5351.6000,5351.8000,5352.0000,2,1,1,1,1,1,1,1,3,5
SF,IC2003,2020-01-03 14:48:33.900,5350.8000,54194,0,12389911880.000,1,0,1,空换,B,5350.2000,5350.0000,5348.8000,5348.2000,5347.2000,5351.0000,5351.6000,5351.8000,5352.0000,5352.2000,2,1,1,1,1,1,1,3,5,1
SF,IC2003,2020-01-03 14:48:35.900,5350.8000,54194,0,12389911880.000,0,-,-,-,-,5350.2000,5350.0000,5348.8000,5348.2000,5347.2000,5351.0000,5351.6000,5351.8000,5352.0000,5352.2000,2,1,1,1,1,1,1,3,5,1
SF,IC2003,2020-01-03 14:48:38.400,5350.2000,54194,0,12392051960.000,2,1,1,空换,B,5350.0000,5348.8000,5348.2000,5347.2000,5347.0000,5351.0000,5351.6000,5351.8000,5352.0000,5352.2000,1,1,1,1,3,1,1,3,5,1
SF,IC2003,2020-01-03 14:48:38.900,5350.2000,54194,0,12392051960.000,0,-,-,-,-,5350.0000,5348.8000,5348.2000,5347.2000,5347.0000,5350.8000,5351.0000,5351.6000,5351.8000,5352.0000,1,1,1,1,3,2,1,1,3,5
SF,IC2003,2020-01-03 14:48:39.400,5350.2000,54194,0,12392051960.000,0,-,-,-,-,5348.8000,5348.2000,5347.2000,5347.0000,5346.6000,5350.8000,5351.0000,5351.6000,5351.8000,5352.0000,1,1,1,3,1,3,1,1,3,5
SF,IC2003,2020-01-03 14:48:39.900,5350.2000,54194,0,12392051960.000,0,-,-,-,-,5349.0000,5348.8000,5348.2000,5347.2000,5347.0000,5350.8000,5351.0000,5351.6000,5351.8000,5352.0000,4,1,1,1,3,3,1,1,3,5
SF,IC2003,2020-01-03 14:48:40.400,5350.2000,54194,0,12392051960.000,0,-,-,-,-,5349.4000,5349.0000,5348.8000,5348.2000,5347.2000,5350.8000,5351.0000,5351.6000,5351.8000,5352.0000,1,3,1,1,1,3,1,1,3,5
SF,IC2003,2020-01-03 14:48:41.900,5350.4000,54196,2,12394192120.000,2,2,0,双开,B,5349.4000,5349.0000,5348.8000,5348.2000,5347.2000,5350.6000,5350.8000,5351.0000,5351.6000,5351.8000,1,3,1,1,1,2,3,1,1,3
SF,IC2003,2020-01-03 14:48:42.400,5350.4000,54196,0,12394192120.000,0,-,-,-,-,5349.4000,5349.0000,5348.8000,5348.2000,5347.2000,5350.4000,5350.6000,5350.8000,5351.0000,5351.6000,1,1,1,1,1,2,2,1,1,1
SF,IC2003,2020-01-03 14:48:42.900,5350.4000,54196,0,12394192120.000,0,-,-,-,-,5349.6000,5349.4000,5348.8000,5348.2000,5347.2000,5350.4000,5350.6000,5350.8000,5351.0000,5351.6000,1,1,1,1,1,2,2,1,1,1
SF,IC2003,2020-01-03 14:48:43.400,5349.4000,54196,0,12396331920.000,2,1,1,空换,B,5348.2000,5347.2000,5347.0000,5346.6000,5346.4000,5350.0000,5350.4000,5350.6000,5350.8000,5351.0000,1,1,3,1,1,1,2,1,1,1
SF,IC2003,2020-01-03 14:48:43.900,5349.4000,54196,0,12396331920.000,0,-,-,-,-,5348.4000,5348.2000,5347.2000,5347.0000,5346.6000,5349.6000,5350.0000,5350.6000,5350.8000,5351.0000,2,1,1,3,1,1,1,1,1,1
SF,IC2003,2020-01-03 14:48:44.400,5349.4000,54196,0,12396331920.000,0,-,-,-,-,5348.4000,5348.2000,5347.2000,5347.0000,5346.6000,5350.0000,5350.6000,5350.8000,5351.0000,5351.6000,2,1,1,3,1,1,1,1,1,1
SF,IC2003,2020-01-03 14:48:44.900,5349.4000,54196,0,12396331920.000,0,-,-,-,-,5348.4000,5348.2000,5347.2000,5347.0000,5346.6000,5349.8000,5350.6000,5350.8000,5351.0000,5351.6000,2,1,1,3,1,2,1,1,1,1
SF,IC2003,2020-01-03 14:48:45.400,5349.4000,54196,0,12396331920.000,0,-,-,-,-,5348.6000,5348.4000,5348.2000,5347.2000,5347.0000,5349.8000,5350.6000,5350.8000,5351.0000,5351.6000,1,2,1,1,3,2,1,1,1,1
SF,IC2003,2020-01-03 14:48:47.400,5349.4000,54196,0,12396331920.000,0,-,-,-,-,5348.4000,5348.2000,5347.2000,5347.0000,5346.6000,5349.8000,5350.6000,5350.8000,5351.0000,5351.6000,2,1,1,3,1,2,1,1,1,1
SF,IC2003,2020-01-03 14:48:48.900,5349.4000,54196,0,12396331920.000,0,-,-,-,-,5348.6000,5348.4000,5348.2000,5347.2000,5347.0000,5349.6000,5349.8000,5350.8000,5351.0000,5351.6000,3,2,1,1,3,1,2,1,1,1
SF,IC2003,2020-01-03 14:48:49.400,5349.4000,54196,0,12396331920.000,0,-,-,-,-,5348.6000,5348.4000,5348.2000,5347.2000,5347.0000,5349.6000,5349.8000,5350.0000,5350.8000,5351.0000,3,2,1,1,3,1,2,1,1,1
SF,IC2003,2020-01-03 14:48:49.900,5349.4000,54196,0,12396331920.000,0,-,-,-,-,5348.6000,5348.4000,5348.2000,5347.2000,5347.0000,5349.4000,5349.6000,5350.0000,5350.8000,5351.0000,3,2,1,1,3,2,1,1,1,1
SF,IC2003,2020-01-03 14:48:50.400,5349.4000,54196,0,12396331920.000,0,-,-,-,-,5348.6000,5348.2000,5347.2000,5347.0000,5346.6000,5349.4000,5349.6000,5350.0000,5350.8000,5351.0000,2,1,1,3,1,2,1,1,1,1
SF,IC2003,2020-01-03 14:48:50.900,5349.4000,54196,0,12396331920.000,0,-,-,-,-,5348.6000,5348.2000,5347.2000,5347.0000,5346.6000,5349.4000,5350.0000,5350.8000,5351.0000,5351.6000,1,1,1,3,1,2,1,1,1,1
SF,IC2003,2020-01-03 14:48:51.900,5348.6000,54196,0,12397401640.000,1,0,1,空换,B,5348.2000,5347.2000,5347.0000,5346.6000,5346.4000,5349.4000,5350.0000,5350.8000,5351.0000,5351.6000,1,1,3,1,1,2,1,1,1,1
SF,IC2003,2020-01-03 14:48:52.400,5348.6000,54196,0,12397401640.000,0,-,-,-,-,5348.2000,5347.2000,5347.0000,5346.6000,5346.4000,5349.2000,5349.4000,5350.0000,5350.8000,5351.0000,1,1,3,1,1,1,2,1,1,1
SF,IC2003,2020-01-03 14:48:52.900,5348.6000,54196,0,12397401640.000,0,-,-,-,-,5348.2000,5347.2000,5347.0000,5346.6000,5346.4000,5349.0000,5349.2000,5350.0000,5350.8000,5351.0000,1,1,3,1,1,2,1,1,1,1
SF,IC2003,2020-01-03 14:48:53.400,5348.6000,54196,0,12397401640.000,0,-,-,-,-,5348.2000,5347.2000,5347.0000,5346.6000,5346.4000,5349.0000,5349.2000,5350.0000,5350.8000,5351.0000,1,1,3,1,1,2,1,1,1,1
SF,IC2003,2020-01-03 14:48:53.900,5348.6000,54196,0,12397401640.000,0,-,-,-,-,5348.2000,5347.2000,5347.0000,5346.6000,5346.4000,5348.8000,5349.0000,5349.2000,5350.0000,5350.8000,1,1,3,1,1,1,2,1,1,1
SF,IC2003,2020-01-03 14:48:54.400,5348.2000,54195,-1,12398471280.000,1,0,1,双平,B,5347.2000,5347.0000,5346.8000,5346.6000,5346.4000,5348.8000,5349.0000,5349.2000,5350.0000,5350.8000,1,3,1,1,1,1,2,1,1,1
SF,IC2003,2020-01-03 14:48:54.900,5348.2000,54195,0,12398471280.000,0,-,-,-,-,5347.4000,5347.2000,5347.0000,5346.6000,5346.4000,5348.8000,5349.2000,5350.0000,5350.8000,5351.0000,2,1,3,1,1,1,1,1,1,1
SF,IC2003,2020-01-03 14:48:55.400,5348.8000,54195,0,12399541040.000,1,0,1,空换,B,5348.8000,5348.6000,5348.4000,5348.0000,5347.8000,5350.0000,5350.8000,5351.0000,5351.6000,5351.8000,1,2,2,1,1,1,1,1,1,2
SF,IC2003,2020-01-03 14:48:55.900,5348.8000,54195,0,12399541040.000,0,-,-,-,-,5348.0000,5347.8000,5347.4000,5347.2000,5347.0000,5349.8000,5350.0000,5350.8000,5351.0000,5351.6000,1,1,2,1,3,2,1,1,1,1
SF,IC2003,2020-01-03 14:48:56.400,5348.8000,54195,0,12399541040.000,0,-,-,-,-,5348.4000,5348.2000,5348.0000,5347.2000,5347.0000,5349.4000,5349.8000,5350.0000,5350.8000,5351.0000,2,3,1,1,3,1,2,1,1,1
SF,IC2003,2020-01-03 14:48:56.900,5348.8000,54195,0,12399541040.000,0,-,-,-,-,5348.6000,5348.4000,5348.2000,5347.2000,5347.0000,5349.8000,5350.0000,5350.8000,5351.0000,5351.6000,1,1,3,1,3,2,1,1,1,1
SF,IC2003,2020-01-03 14:48:57.400,5348.8000,54195,0,12399541040.000,0,-,-,-,-,5348.4000,5348.2000,5347.2000,5347.0000,5346.6000,5349.8000,5350.0000,5350.8000,5351.0000,5351.6000,1,3,1,3,1,2,1,1,1,1
SF,IC2003,2020-01-03 14:48:57.900,5348.8000,54195,0,12399541040.000,0,-,-,-,-,5348.4000,5348.2000,5347.2000,5347.0000,5346.6000,5349.8000,5350.0000,5350.8000,5351.0000,5351.6000,1,3,1,3,1,2,1,1,1,1
SF,IC2003,2020-01-03 14:48:58.400,5348.8000,54195,0,12399541040.000,0,-,-,-,-,5349.0000,5348.4000,5348.2000,5347.2000,5347.0000,5349.8000,5350.0000,5350.8000,5351.0000,5351.6000,1,1,3,1,3,2,1,1,1,1
SF,IC2003,2020-01-03 14:49:00.400,5348.8000,54195,0,12399541040.000,0,-,-,-,-,5349.2000,5349.0000,5348.4000,5348.2000,5347.2000,5349.8000,5350.0000,5350.8000,5351.0000,5351.6000,1,1,1,3,1,2,1,1,1,1
SF,IC2003,2020-01-03 14:49:00.900,5348.8000,54195,0,12399541040.000,0,-,-,-,-,5349.2000,5349.0000,5348.4000,5348.2000,5347.2000,5349.8000,5350.0000,5350.8000,5351.0000,5351.6000,1,1,1,3,1,3,1,1,1,1
SF,IC2003,2020-01-03 14:49:01.900,5348.8000,54195,0,12399541040.000,0,-,-,-,-,5349.2000,5349.0000,5348.4000,5348.2000,5347.2000,5349.8000,5350.0000,5350.8000,5351.0000,5351.6000,1,1,1,3,1,4,1,1,1,1
SF,IC2003,2020-01-03 14:49:04.900,5348.8000,54195,0,12399541040.000,0,-,-,-,-,5349.2000,5349.0000,5348.4000,5348.2000,5347.2000,5349.6000,5349.8000,5350.0000,5350.8000,5351.0000,1,1,1,3,1,1,4,1,1,1
SF,IC2003,2020-01-03 14:49:05.400,5349.6000,54197,2,12403820760.000,4,3,1,多开,B,5349.0000,5348.2000,5347.2000,5347.0000,5346.6000,5350.0000,5350.8000,5351.0000,5351.6000,5351.8000,1,2,1,3,1,1,1,1,1,2
SF,IC2003,2020-01-03 14:49:05.900,5350.0000,54197,0,12404890760.000,1,0,1,空换,B,5349.8000,5349.2000,5349.0000,5347.2000,5347.0000,5350.8000,5351.0000,5351.6000,5351.8000,5352.0000,3,2,1,1,3,1,1,1,2,1
SF,IC2003,2020-01-03 14:49:06.400,5350.0000,54198,1,12405960760.000,1,1,0,双开,B,5350.0000,5349.0000,5347.2000,5347.0000,5346.6000,5350.8000,5351.0000,5351.6000,5351.8000,5352.0000,1,1,1,3,1,1,1,1,2,1
SF,IC2003,2020-01-03 14:49:07.400,5350.6000,54200,2,12408101040.000,2,2,0,双开,B,5350.2000,5350.0000,5349.0000,5348.0000,5347.6000,5351.0000,5351.6000,5351.8000,5352.0000,5352.2000,1,1,1,1,2,1,1,2,1,1
SF,IC2003,2020-01-03 14:49:07.900,5350.6000,54200,0,12408101040.000,0,-,-,-,-,5350.4000,5350.2000,5349.0000,5348.0000,5347.6000,5351.0000,5351.6000,5351.8000,5352.0000,5352.2000,2,1,1,1,2,1,1,2,1,1
SF,IC2003,2020-01-03 14:49:08.400,5350.6000,54200,0,12408101040.000,0,-,-,-,-,5350.6000,5350.4000,5350.2000,5349.0000,5348.0000,5351.0000,5351.6000,5351.8000,5352.0000,5352.2000,1,2,1,1,1,1,1,2,1,1
SF,IC2003,2020-01-03 14:49:08.900,5350.6000,54200,0,12408101040.000,0,-,-,-,-,5350.6000,5350.2000,5349.0000,5348.0000,5347.6000,5351.0000,5351.6000,5351.8000,5352.0000,5352.2000,1,1,1,1,2,1,1,2,1,1
SF,IC2003,2020-01-03 14:49:09.400,5350.6000,54200,0,12408101040.000,0,-,-,-,-,5350.2000,5349.0000,5348.0000,5347.6000,5347.2000,5351.0000,5351.6000,5351.8000,5352.0000,5352.2000,1,1,1,2,1,1,1,2,1,1
SF,IC2003,2020-01-03 14:49:10.900,5350.6000,54200,0,12408101040.000,0,-,-,-,-,5350.4000,5350.2000,5349.0000,5348.0000,5347.6000,5351.0000,5351.6000,5351.8000,5352.0000,5352.2000,1,1,1,1,2,1,1,2,1,1
SF,IC2003,2020-01-03 14:49:12.400,5350.6000,54200,0,12408101040.000,0,-,-,-,-,5350.6000,5350.4000,5350.2000,5349.0000,5348.0000,5351.0000,5351.6000,5351.8000,5352.0000,5352.2000,1,1,1,1,1,1,1,2,1,1
SF,IC2003,2020-01-03 14:49:12.900,5351.0000,54200,0,12409171240.000,1,0,1,空换,B,5351.0000,5350.4000,5350.2000,5349.0000,5348.0000,5351.6000,5351.8000,5352.0000,5352.2000,5353.4000,2,1,1,1,1,1,2,1,1,2
SF,IC2003,2020-01-03 14:49:13.400,5351.0000,54200,0,12409171240.000,0,-,-,-,-,5351.0000,5350.4000,5350.2000,5349.0000,5348.0000,5351.6000,5351.8000,5352.0000,5352.2000,5353.4000,2,1,1,1,1,1,2,1,1,2
SF,IC2003,2020-01-03 14:49:13.900,5351.0000,54200,0,12409171240.000,0,-,-,-,-,5351.0000,5350.4000,5350.2000,5349.0000,5348.0000,5351.4000,5351.6000,5351.8000,5352.0000,5352.2000,2,1,1,1,1,1,1,2,1,1
SF,IC2003,2020-01-03 14:49:15.900,5351.0000,54201,1,12410241440.000,1,1,0,双开,B,5351.0000,5350.4000,5350.2000,5349.0000,5348.0000,5351.6000,5351.8000,5352.0000,5352.2000,5353.4000,1,1,1,1,1,1,2,1,1,2
SF,IC2003,2020-01-03 14:49:16.400,5351.0000,54201,0,12411311640.000,1,0,1,空换,B,5349.0000,5348.0000,5347.6000,5347.2000,5347.0000,5351.0000,5351.6000,5351.8000,5352.0000,5352.2000,1,1,2,1,3,2,1,2,1,1
SF,IC2003,2020-01-03 14:49:16.900,5351.0000,54201,0,12411311640.000,0,-,-,-,-,5349.6000,5349.4000,5349.2000,5349.0000,5348.0000,5351.0000,5351.6000,5351.8000,5352.0000,5352.2000,2,2,4,1,1,2,1,2,1,1
SF,IC2003,2020-01-03 14:49:17.400,5351.0000,54201,0,12411311640.000,0,-,-,-,-,5350.0000,5349.8000,5349.6000,5349.4000,5349.2000,5351.0000,5351.6000,5351.8000,5352.0000,5352.2000,1,2,2,1,1,2,1,2,1,1
SF,IC2003,2020-01-03 14:49:18.900,5351.0000,54201,0,12411311640.000,0,-,-,-,-,5350.2000,5350.0000,5349.8000,5349.6000,5349.4000,5351.0000,5351.6000,5351.8000,5352.0000,5352.2000,1,1,2,2,1,2,1,2,1,1
SF,IC2003,2020-01-03 14:49:19.400,5351.0000,54201,0,12411311640.000,0,-,-,-,-,5350.2000,5350.0000,5349.8000,5349.6000,5349.4000,5351.0000,5351.6000,5351.8000,5352.0000,5352.2000,1,1,2,1,1,2,1,2,1,1
SF,IC2003,2020-01-03 14:49:19.900,5350.2000,54201,0,12412381680.000,1,0,1,空换,B,5350.0000,5349.8000,5349.6000,5349.4000,5349.2000,5350.2000,5351.0000,5351.6000,5351.8000,5352.0000,1,2,1,1,1,1,2,1,2,1
SF,IC2003,2020-01-03 14:49:20.400,5350.2000,54201,0,12413451720.000,1,0,1,空换,B,5350.4000,5350.2000,5349.8000,5349.6000,5349.4000,5351.0000,5351.6000,5351.8000,5352.0000,5352.2000,1,2,2,1,1,2,1,2,1,1
SF,IC2003,2020-01-03 14:49:20.900,5350.2000,54201,0,12413451720.000,0,-,-,-,-,5349.8000,5349.6000,5349.4000,5349.2000,5349.0000,5351.0000,5351.6000,5351.8000,5352.0000,5352.2000,2,1,1,1,1,2,1,2,1,1
SF,IC2003,2020-01-03 14:49:21.400,5350.2000,54201,0,12413451720.000,0,-,-,-,-,5349.8000,5349.6000,5349.4000,5349.2000,5349.0000,5351.0000,5351.6000,5351.8000,5352.0000,5352.2000,3,1,1,1,11,2,1,2,1,1
SF,IC2003,2020-01-03 14:49:21.900,5351.0000,54201,0,12414521920.000,1,0,1,空换,B,5349.8000,5349.6000,5349.4000,5349.2000,5349.0000,5351.0000,5351.6000,5351.8000,5352.0000,5352.2000,3,1,1,1,11,1,1,2,1,1
SF,IC2003,2020-01-03 14:49:22.400,5351.0000,54201,0,12414521920.000,0,-,-,-,-,5350.0000,5349.8000,5349.6000,5349.4000,5349.2000,5351.0000,5351.6000,5351.8000,5352.0000,5352.2000,1,3,1,1,1,1,1,1,1,1
SF,IC2003,2020-01-03 14:49:23.400,5351.0000,54201,0,12414521920.000,0,-,-,-,-,5350.0000,5349.8000,5349.6000,5349.4000,5349.2000,5351.0000,5351.6000,5351.8000,5352.0000,5352.2000,1,2,1,1,1,1,1,1,1,1
SF,IC2003,2020-01-03 14:49:23.900,5351.0000,54201,0,12414521920.000,0,-,-,-,-,5350.0000,5349.8000,5349.6000,5349.4000,5349.2000,5351.0000,5351.6000,5351.8000,5352.0000,5352.2000,1,3,1,1,1,1,1,1,1,1
SF,IC2003,2020-01-03 14:49:24.400,5351.0000,54201,0,12414521920.000,0,-,-,-,-,5350.0000,5349.8000,5349.6000,5349.4000,5349.2000,5350.8000,5351.0000,5351.6000,5351.8000,5352.0000,1,1,1,1,1,2,1,1,1,1
SF,IC2003,2020-01-03 14:49:24.900,5351.0000,54203,2,12417732520.000,3,2,1,多开,B,5351.0000,5350.0000,5349.8000,5349.6000,5349.4000,5351.6000,5351.8000,5352.0000,5352.2000,5353.4000,2,1,1,1,1,1,1,1,1,2
SF,IC2003,2020-01-03 14:49:25.400,5351.0000,54205,2,12419872920.000,2,2,0,双开,B,5350.0000,5349.8000,5349.6000,5349.4000,5349.2000,5351.0000,5351.6000,5351.8000,5352.0000,5352.2000,1,1,1,1,1,1,1,1,1,1
SF,IC2003,2020-01-03 14:49:25.900,5351.0000,54205,0,12419872920.000,0,-,-,-,-,5350.2000,5350.0000,5349.8000,5349.6000,5349.4000,5351.0000,5351.6000,5351.8000,5352.0000,5352.2000,2,1,1,1,1,1,1,1,1,1
SF,IC2003,2020-01-03 14:49:26.400,5351.0000,54205,0,12419872920.000,0,-,-,-,-,5350.0000,5349.8000,5349.6000,5349.4000,5349.2000,5351.0000,5351.6000,5351.8000,5352.0000,5352.2000,1,1,1,1,1,1,1,1,1,1
SF,IC2003,2020-01-03 14:49:26.900,5351.0000,54205,0,12419872920.000,0,-,-,-,-,5350.2000,5350.0000,5349.8000,5349.6000,5349.4000,5351.0000,5351.6000,5351.8000,5352.0000,5352.2000,2,1,1,1,1,1,1,1,1,1
SF,IC2003,2020-01-03 14:49:27.400,5351.0000,54205,0,12419872920.000,0,-,-,-,-,5350.2000,5350.0000,5349.8000,5349.6000,5349.4000,5351.6000,5351.8000,5352.0000,5352.2000,5353.4000,2,1,1,1,1,1,1,1,1,2
SF,IC2003,2020-01-03 14:49:27.900,5351.0000,54205,0,12419872920.000,0,-,-,-,-,5350.2000,5349.8000,5349.6000,5349.4000,5349.2000,5351.4000,5351.6000,5351.8000,5352.0000,5352.2000,2,1,1,1,1,2,1,1,1,1
SF,IC2003,2020-01-03 14:49:28.400,5351.0000,54205,0,12419872920.000,0,-,-,-,-,5350.4000,5350.2000,5349.8000,5349.6000,5349.4000,5351.4000,5351.6000,5351.8000,5352.0000,5352.2000,2,2,1,1,1,2,1,1,1,1
SF,IC2003,2020-01-03 14:49:28.900,5351.0000,54205,0,12419872920.000,0,-,-,-,-,5350.6000,5350.4000,5349.8000,5349.6000,5349.4000,5351.6000,5351.8000,5352.0000,5352.2000,5353.4000,2,2,1,2,1,1,1,1,1,2
SF,IC2003,2020-01-03 14:49:29.400,5351.0000,54205,0,12419872920.000,0,-,-,-,-,5350.6000,5350.4000,5349.8000,5349.6000,5349.4000,5351.6000,5351.8000,5352.0000,5352.2000,5353.4000,2,2,1,3,1,1,1,1,1,2
SF,IC2003,2020-01-03 14:49:29.900,5351.0000,54205,0,12419872920.000,0,-,-,-,-,5350.8000,5350.6000,5350.4000,5349.8000,5349.6000,5351.6000,5351.8000,5352.0000,5352.2000,5353.4000,1,2,1,1,3,1,1,1,1,2
SF,IC2003,2020-01-03 14:49:30.400,5351.0000,54205,0,12419872920.000,0,-,-,-,-,5350.8000,5350.6000,5350.4000,5349.8000,5349.6000,5351.6000,5351.8000,5352.0000,5352.2000,5353.4000,1,2,1,1,2,1,1,1,1,2
SF,IC2003,2020-01-03 14:49:30.900,5351.0000,54205,0,12419872920.000,0,-,-,-,-,5350.8000,5350.6000,5350.4000,5349.8000,5349.6000,5351.6000,5351.8000,5352.0000,5352.2000,5353.4000,1,2,1,1,2,1,1,1,1,2
SF,IC2003,2020-01-03 14:49:31.900,5351.0000,54205,0,12419872920.000,0,-,-,-,-,5350.8000,5350.6000,5350.4000,5349.8000,5349.6000,5351.4000,5351.6000,5351.8000,5352.0000,5352.2000,1,2,1,1,2,1,1,1,1,1
SF,IC2003,2020-01-03 14:49:33.400,5351.0000,54205,0,12419872920.000,0,-,-,-,-,5350.8000,5350.6000,5350.4000,5349.8000,5349.6000,5351.4000,5351.6000,5351.8000,5352.0000,5352.2000,1,2,1,1,2,1,1,1,1,1
SF,IC2003,2020-01-03 14:49:33.900,5350.8000,54204,-1,12420943080.000,1,0,1,双平,B,5350.6000,5350.4000,5349.8000,5349.6000,5349.2000,5351.4000,5351.6000,5351.8000,5352.0000,5352.2000,2,1,1,2,1,1,1,1,1,1
SF,IC2003,2020-01-03 14:49:35.900,5350.8000,54204,0,12420943080.000,0,-,-,-,-,5350.8000,5350.6000,5350.4000,5349.8000,5349.6000,5351.4000,5351.6000,5351.8000,5352.0000,5352.2000,1,2,2,1,2,1,1,1,1,1
SF,IC2003,2020-01-03 14:49:36.400,5350.8000,54204,0,12420943080.000,0,-,-,-,-,5351.0000,5350.8000,5350.6000,5350.4000,5349.8000,5351.4000,5351.6000,5351.8000,5352.0000,5352.2000,1,2,2,1,1,1,1,1,1,1
SF,IC2003,2020-01-03 14:49:36.900,5350.8000,54204,0,12420943080.000,0,-,-,-,-,5350.8000,5350.6000,5350.4000,5349.8000,5349.6000,5351.4000,5351.6000,5351.8000,5352.0000,5352.2000,2,2,1,1,2,1,1,1,1,1
SF,IC2003,2020-01-03 14:49:37.400,5350.8000,54204,0,12420943080.000,0,-,-,-,-,5351.0000,5350.8000,5350.6000,5350.4000,5349.8000,5351.4000,5351.6000,5351.8000,5352.0000,5352.2000,1,2,2,1,1,1,1,1,1,1
SF,IC2003,2020-01-03 14:49:37.900,5351.4000,54204,0,12422013360.000,1,0,1,空换,B,5351.2000,5350.8000,5349.8000,5349.6000,5349.2000,5351.6000,5351.8000,5352.0000,5352.2000,5353.4000,2,3,1,2,1,1,1,1,1,2
SF,IC2003,2020-01-03 14:49:38.400,5351.6000,54203,-1,12423083680.000,1,0,1,双平,B,5351.6000,5351.4000,5351.2000,5350.8000,5349.8000,5351.8000,5352.0000,5352.2000,5353.4000,5353.8000,2,1,2,3,1,1,1,1,2,1
SF,IC2003,2020-01-03 14:49:38.900,5351.8000,54203,0,12425224400.000,2,1,1,空换,B,5351.4000,5351.2000,5350.8000,5349.8000,5349.6000,5352.0000,5352.2000,5353.4000,5353.8000,5354.0000,1,2,3,1,2,1,1,2,1,1
SF,IC2003,2020-01-03 14:49:39.400,5351.8000,54203,0,12425224400.000,0,-,-,-,-,5351.6000,5351.4000,5351.2000,5350.8000,5349.8000,5352.0000,5352.2000,5353.4000,5353.8000,5354.0000,1,1,2,2,1,1,1,2,1,1
SF,IC2003,2020-01-03 14:49:39.900,5351.8000,54203,0,12425224400.000,0,-,-,-,-,5351.4000,5351.2000,5350.8000,5349.8000,5349.6000,5352.0000,5352.2000,5353.4000,5353.8000,5354.0000,1,2,2,1,2,1,1,2,1,1
SF,IC2003,2020-01-03 14:49:40.900,5352.0000,54202,-1,12426294800.000,1,0,1,双平,B,5351.4000,5351.2000,5350.8000,5349.8000,5349.6000,5352.2000,5353.4000,5353.8000,5354.0000,5354.6000,1,2,2,1,2,1,2,1,1,2
SF,IC2003,2020-01-03 14:49:41.400,5352.0000,54202,0,12426294800.000,0,-,-,-,-,5351.6000,5351.4000,5350.8000,5350.0000,5349.8000,5352.2000,5353.4000,5353.8000,5354.0000,5354.6000,2,1,1,1,1,1,2,1,1,2
SF,IC2003,2020-01-03 14:49:41.900,5351.8000,54203,1,12427365160.000,1,1,0,双开,B,5351.6000,5351.4000,5350.8000,5350.0000,5349.8000,5352.2000,5353.4000,5353.8000,5354.0000,5354.6000,2,1,1,1,1,1,2,1,1,2
SF,IC2003,2020-01-03 14:49:42.400,5351.8000,54203,0,12427365160.000,0,-,-,-,-,5352.0000,5351.6000,5351.4000,5350.8000,5350.0000,5352.2000,5353.4000,5353.8000,5354.0000,5354.6000,2,2,1,1,1,1,2,1,1,2
SF,IC2003,2020-01-03 14:49:42.900,5352.2000,54203,0,12428435600.000,1,0,1,空换,B,5352.4000,5352.0000,5351.6000,5351.4000,5350.8000,5353.4000,5353.8000,5354.0000,5354.6000,5355.0000,1,2,2,1,1,2,1,1,2,3
SF,IC2003,2020-01-03 14:49:43.400,5352.2000,54203,0,12428435600.000,0,-,-,-,-,5352.0000,5351.6000,5351.4000,5350.8000,5350.0000,5353.2000,5353.4000,5353.8000,5354.0000,5354.6000,2,2,1,1,1,3,2,1,1,2
SF,IC2003,2020-01-03 14:49:43.900,5352.2000,54203,0,12428435600.000,0,-,-,-,-,5352.0000,5351.6000,5351.4000,5350.8000,5350.0000,5353.2000,5353.4000,5353.8000,5354.0000,5354.6000,2,2,1,1,1,3,2,1,1,2
SF,IC2003,2020-01-03 14:49:44.400,5352.2000,54203,0,12428435600.000,0,-,-,-,-,5352.0000,5351.6000,5351.4000,5350.8000,5350.2000,5353.2000,5353.4000,5353.8000,5354.0000,5354.6000,2,2,1,1,3,3,2,1,1,2
SF,IC2003,2020-01-03 14:49:44.900,5352.2000,54203,0,12428435600.000,0,-,-,-,-,5352.0000,5351.8000,5351.6000,5351.4000,5350.2000,5353.2000,5353.4000,5353.8000,5354.0000,5354.6000,2,1,2,1,3,3,2,1,1,2
SF,IC2003,2020-01-03 14:49:45.400,5352.2000,54203,0,12428435600.000,0,-,-,-,-,5352.2000,5352.0000,5351.8000,5351.4000,5350.2000,5353.2000,5353.4000,5353.8000,5354.0000,5354.6000,2,2,1,1,3,3,2,1,1,2
SF,IC2003,2020-01-03 14:49:45.900,5352.2000,54203,0,12428435600.000,0,-,-,-,-,5352.0000,5351.8000,5351.4000,5350.2000,5350.0000,5353.2000,5353.4000,5353.8000,5354.0000,5354.6000,2,1,1,3,1,3,2,1,1,2
SF,IC2003,2020-01-03 14:49:46.900,5352.0000,54201,-2,12430576400.000,2,0,2,双平,B,5351.8000,5351.4000,5350.2000,5350.0000,5349.8000,5353.2000,5353.4000,5353.8000,5354.0000,5354.6000,1,1,3,1,1,3,2,1,1,2
SF,IC2003,2020-01-03 14:49:47.400,5352.0000,54201,0,12430576400.000,0,-,-,-,-,5352.0000,5351.8000,5351.6000,5351.4000,5350.2000,5353.2000,5353.4000,5353.8000,5354.0000,5354.6000,2,1,1,1,3,3,2,1,1,2
SF,IC2003,2020-01-03 14:49:47.900,5352.0000,54201,0,12432717200.000,2,1,1,空换,B,5351.8000,5351.4000,5350.2000,5350.0000,5349.8000,5352.2000,5353.2000,5353.4000,5353.8000,5354.0000,1,1,3,1,1,5,3,2,1,1
SF,IC2003,2020-01-03 14:49:48.400,5352.0000,54201,0,12432717200.000,0,-,-,-,-,5352.0000,5351.8000,5351.4000,5350.2000,5350.0000,5352.2000,5353.2000,5353.4000,5353.8000,5354.0000,1,1,1,3,1,5,3,2,1,1
SF,IC2003,2020-01-03 14:49:48.900,5352.2000,54198,-3,12438069400.000,5,1,4,空平,B,5351.8000,5351.4000,5350.2000,5350.0000,5349.6000,5353.2000,5353.4000,5353.8000,5354.0000,5354.6000,2,1,3,1,1,3,2,1,1,2
SF,IC2003,2020-01-03 14:49:49.400,5352.2000,54198,0,12438069400.000,0,-,-,-,-,5352.0000,5351.8000,5351.4000,5350.2000,5350.0000,5353.2000,5353.4000,5353.8000,5354.0000,5354.6000,1,1,1,3,1,2,2,1,1,2
SF,IC2003,2020-01-03 14:49:50.900,5352.2000,54198,0,12438069400.000,0,-,-,-,-,5352.0000,5351.8000,5351.4000,5350.2000,5350.0000,5353.2000,5353.4000,5353.8000,5354.0000,5354.6000,1,1,1,3,1,2,2,1,1,2
SF,IC2003,2020-01-03 14:49:51.900,5352.2000,54198,0,12438069400.000,0,-,-,-,-,5352.0000,5351.8000,5351.4000,5350.2000,5350.0000,5353.2000,5353.4000,5353.8000,5354.0000,5354.6000,1,1,1,3,1,2,2,1,1,2
SF,IC2003,2020-01-03 14:49:52.400,5352.2000,54198,0,12438069400.000,0,-,-,-,-,5352.0000,5351.8000,5351.4000,5350.2000,5350.0000,5353.2000,5353.4000,5353.8000,5354.0000,5354.6000,1,1,1,3,1,2,2,1,1,2
SF,IC2003,2020-01-03 14:49:53.900,5353.2000,54199,1,12439140040.000,1,1,0,双开,B,5352.2000,5352.0000,5351.8000,5351.4000,5350.2000,5353.2000,5353.4000,5353.8000,5354.0000,5354.6000,1,1,1,1,3,1,2,1,1,2
SF,IC2003,2020-01-03 14:49:55.900,5353.2000,54199,0,12439140040.000,0,-,-,-,-,5352.2000,5352.0000,5351.8000,5351.4000,5350.2000,5353.2000,5353.4000,5353.8000,5354.6000,5354.8000,1,1,1,1,3,1,2,1,2,1
SF,IC2003,2020-01-03 14:49:56.400,5352.2000,54200,1,12440210480.000,1,1,0,双开,B,5352.0000,5351.8000,5351.4000,5350.2000,5350.0000,5353.2000,5353.4000,5353.8000,5354.6000,5354.8000,1,1,1,3,1,1,2,1,2,1
SF,IC2003,2020-01-03 14:49:56.900,5353.4000,54200,0,12442351800.000,2,1,1,空换,B,5352.2000,5352.0000,5351.8000,5351.4000,5350.2000,5353.4000,5353.8000,5354.6000,5354.8000,5355.0000,2,1,2,1,3,1,1,2,1,4
SF,IC2003,2020-01-03 14:49:57.400,5353.4000,54200,0,12442351800.000,0,-,-,-,-,5353.2000,5352.2000,5351.8000,5351.4000,5350.2000,5353.4000,5353.8000,5354.6000,5354.8000,5355.0000,1,2,1,1,3,1,1,2,1,4
SF,IC2003,2020-01-03 14:49:57.900,5353.2000,54201,1,12443422440.000,1,1,0,双开,B,5352.2000,5351.4000,5350.2000,5350.0000,5349.6000,5353.2000,5353.4000,5353.8000,5354.6000,5354.8000,2,1,3,1,1,4,1,1,2,1
SF,IC2003,2020-01-03 14:49:58.400,5353.2000,54201,0,12444493080.000,1,0,1,空换,B,5352.2000,5351.4000,5350.2000,5350.0000,5349.6000,5353.2000,5353.4000,5353.8000,5354.6000,5354.8000,2,1,3,1,1,3,1,1,2,1
SF,IC2003,2020-01-03 14:49:59.400,5353.2000,54201,0,12444493080.000,0,-,-,-,-,5352.2000,5351.4000,5350.2000,5350.0000,5349.6000,5353.0000,5353.2000,5353.4000,5353.8000,5354.6000,2,1,3,1,1,1,3,1,1,2
SF,IC2003,2020-01-03 14:49:59.900,5353.2000,54201,0,12444493080.000,0,-,-,-,-,5351.4000,5350.2000,5350.0000,5349.6000,5349.2000,5353.0000,5353.2000,5353.4000,5353.8000,5354.6000,1,3,1,1,1,1,3,1,1,2
SF,IC2003,2020-01-03 14:50:00.400,5353.2000,54201,0,12444493080.000,0,-,-,-,-,5351.6000,5351.4000,5350.2000,5350.0000,5349.6000,5353.0000,5353.2000,5353.4000,5353.8000,5354.6000,2,1,3,1,1,1,3,1,1,2
SF,IC2003,2020-01-03 14:50:00.900,5353.2000,54201,0,12444493080.000,0,-,-,-,-,5351.8000,5351.6000,5351.4000,5350.2000,5350.0000,5352.8000,5353.0000,5353.2000,5353.4000,5353.8000,1,2,1,3,1,2,1,3,1,1
SF,IC2003,2020-01-03 14:50:01.900,5353.2000,54201,0,12445563720.000,1,0,1,空换,B,5351.8000,5351.6000,5351.4000,5350.2000,5350.0000,5352.8000,5353.0000,5353.2000,5353.4000,5353.8000,1,2,1,3,1,1,1,3,1,1
SF,IC2003,2020-01-03 14:50:03.900,5352.8000,54201,0,12446634280.000,1,0,1,空换,B,5351.8000,5351.6000,5351.4000,5350.2000,5350.0000,5353.0000,5353.2000,5353.4000,5353.8000,5354.6000,5,2,1,3,1,1,3,1,1,2
SF,IC2003,2020-01-03 14:50:04.400,5352.8000,54201,0,12446634280.000,0,-,-,-,-,5352.0000,5351.8000,5351.4000,5350.2000,5350.0000,5353.0000,5353.2000,5353.4000,5353.8000,5354.6000,2,5,1,3,1,1,1,1,1,2
SF,IC2003,2020-01-03 14:50:04.900,5352.8000,54201,0,12446634280.000,0,-,-,-,-,5352.0000,5351.8000,5351.6000,5351.4000,5350.2000,5353.0000,5353.2000,5353.4000,5353.8000,5354.6000,2,5,5,1,3,1,1,1,1,2
SF,IC2003,2020-01-03 14:50:05.400,5352.8000,54201,0,12446634280.000,0,-,-,-,-,5352.4000,5352.0000,5351.8000,5351.6000,5351.4000,5352.8000,5353.0000,5353.2000,5353.4000,5353.8000,1,2,5,5,1,1,1,1,1,1
SF,IC2003,2020-01-03 14:50:05.900,5352.8000,54201,0,12446634280.000,0,-,-,-,-,5352.4000,5352.0000,5351.8000,5351.6000,5351.4000,5352.8000,5353.0000,5353.4000,5353.8000,5354.6000,1,2,5,5,1,1,1,1,1,2
SF,IC2003,2020-01-03 14:50:06.400,5352.4000,54201,0,12447704760.000,1,0,1,空换,B,5352.0000,5351.8000,5351.6000,5351.4000,5350.2000,5352.8000,5353.0000,5353.4000,5353.8000,5354.6000,2,5,5,1,3,1,1,1,1,2
SF,IC2003,2020-01-03 14:50:06.900,5352.4000,54201,0,12447704760.000,0,-,-,-,-,5352.0000,5351.8000,5351.6000,5351.4000,5350.2000,5352.2000,5352.8000,5353.0000,5353.4000,5353.8000,2,5,5,1,3,1,1,1,1,1
SF,IC2003,2020-01-03 14:50:07.400,5352.4000,54201,0,12448775240.000,1,0,1,空换,B,5352.0000,5351.8000,5351.6000,5351.4000,5350.2000,5352.8000,5353.0000,5353.4000,5353.8000,5354.6000,2,5,5,1,3,1,1,1,1,2
SF,IC2003,2020-01-03 14:50:08.900,5352.4000,54201,0,12448775240.000,0,-,-,-,-,5352.0000,5351.8000,5351.6000,5351.4000,5350.2000,5352.8000,5353.0000,5353.4000,5353.8000,5354.6000,2,4,5,1,3,1,1,1,1,2
SF,IC2003,2020-01-03 14:50:09.900,5352.0000,54202,1,12449845640.000,1,1,0,双开,B,5352.0000,5351.8000,5351.6000,5351.4000,5350.2000,5352.8000,5353.0000,5353.4000,5353.8000,5354.6000,1,4,5,1,3,1,1,1,1,2
SF,IC2003,2020-01-03 14:50:10.400,5352.8000,54203,1,12453056960.000,3,2,1,多开,B,5351.8000,5351.6000,5351.4000,5350.2000,5350.0000,5353.0000,5353.4000,5353.8000,5354.6000,5354.8000,3,5,1,3,1,1,1,1,2,1
SF,IC2003,2020-01-03 14:50:10.900,5352.8000,54203,0,12453056960.000,0,-,-,-,-,5351.8000,5351.6000,5351.4000,5350.2000,5350.0000,5353.0000,5353.4000,5353.8000,5354.6000,5354.8000,3,5,1,3,1,1,1,1,2,1
SF,IC2003,2020-01-03 14:50:11.900,5352.8000,54203,0,12453056960.000,0,-,-,-,-,5351.8000,5351.6000,5351.4000,5350.2000,5349.6000,5352.8000,5353.0000,5353.4000,5353.8000,5354.6000,3,5,1,3,1,4,1,1,1,2
SF,IC2003,2020-01-03 14:50:12.400,5351.8000,54202,-1,12456268040.000,3,1,2,空平,B,5351.6000,5351.4000,5350.2000,5349.6000,5349.2000,5352.8000,5353.0000,5353.4000,5353.8000,5354.6000,5,1,3,1,1,3,1,1,1,2
SF,IC2003,2020-01-03 14:50:12.900,5351.8000,54202,0,12456268040.000,0,-,-,-,-,5351.6000,5351.4000,5350.2000,5349.6000,5349.2000,5352.6000,5352.8000,5353.0000,5353.4000,5353.8000,5,1,3,1,1,1,3,1,1,1
SF,IC2003,2020-01-03 14:50:13.400,5351.8000,54202,0,12456268040.000,0,-,-,-,-,5351.6000,5351.4000,5350.2000,5349.6000,5349.2000,5352.2000,5352.6000,5352.8000,5353.0000,5353.4000,5,1,3,1,1,1,1,1,1,1
SF,IC2003,2020-01-03 14:50:13.900,5351.6000,54204,2,12458408680.000,2,2,0,双开,B,5351.6000,5351.4000,5350.2000,5349.6000,5349.2000,5352.2000,5352.4000,5352.6000,5352.8000,5353.0000,3,1,3,1,1,2,2,1,1,1
SF,IC2003,2020-01-03 14:50:14.400,5351.6000,54204,0,12458408680.000,0,-,-,-,-,5351.4000,5350.2000,5349.6000,5349.2000,5349.0000,5352.2000,5352.6000,5352.8000,5353.0000,5353.4000,1,3,1,1,12,2,1,1,1,1
SF,IC2003,2020-01-03 14:50:14.900,5351.6000,54204,0,12458408680.000,0,-,-,-,-,5351.4000,5350.2000,5349.6000,5349.2000,5349.0000,5352.2000,5352.6000,5352.8000,5353.0000,5353.4000,1,3,1,1,12,2,1,1,1,1
SF,IC2003,2020-01-03 14:50:15.400,5351.6000,54204,0,12458408680.000,0,-,-,-,-,5351.6000,5351.4000,5350.2000,5349.6000,5349.2000,5352.2000,5352.6000,5353.0000,5353.4000,5353.8000,1,1,3,1,1,2,1,1,1,1
SF,IC2003,2020-01-03 14:50:15.900,5351.6000,54205,1,12459479000.000,1,1,0,双开,B,5351.4000,5350.2000,5349.6000,5349.2000,5349.0000,5351.6000,5352.2000,5352.6000,5353.0000,5353.4000,1,3,1,1,12,1,2,1,1,1
SF,IC2003,2020-01-03 14:50:16.400,5351.4000,54206,1,12460549280.000,1,1,0,双开,B,5351.0000,5350.2000,5349.6000,5349.2000,5349.0000,5352.2000,5352.6000,5353.0000,5353.4000,5353.8000,1,3,1,1,12,2,1,1,1,2
SF,IC2003,2020-01-03 14:50:16.900,5351.4000,54206,0,12460549280.000,0,-,-,-,-,5351.0000,5350.2000,5349.6000,5349.2000,5349.0000,5352.2000,5353.0000,5353.4000,5353.8000,5354.6000,1,3,1,1,12,2,1,1,2,2
SF,IC2003,2020-01-03 14:50:17.400,5351.4000,54206,0,12460549280.000,0,-,-,-,-,5351.0000,5350.2000,5349.6000,5349.2000,5349.0000,5352.0000,5352.2000,5353.0000,5353.4000,5353.8000,1,3,1,1,12,1,2,1,1,2
SF,IC2003,2020-01-03 14:50:17.900,5351.4000,54206,0,12460549280.000,0,-,-,-,-,5351.0000,5350.8000,5350.2000,5349.6000,5349.2000,5352.0000,5352.2000,5353.0000,5353.4000,5353.8000,1,1,3,1,1,1,2,1,1,2
SF,IC2003,2020-01-03 14:50:19.900,5351.4000,54206,0,12460549280.000,0,-,-,-,-,5351.0000,5350.8000,5350.2000,5349.6000,5349.2000,5352.0000,5352.2000,5353.0000,5353.4000,5353.8000,1,1,3,1,1,2,2,1,1,2
SF,IC2003,2020-01-03 14:50:20.400,5351.4000,54206,0,12460549280.000,0,-,-,-,-,5351.0000,5350.8000,5350.2000,5349.6000,5349.2000,5352.0000,5353.0000,5353.4000,5353.8000,5354.6000,1,1,3,1,1,1,1,1,2,2
SF,IC2003,2020-01-03 14:50:20.900,5351.4000,54206,0,12460549280.000,0,-,-,-,-,5351.0000,5350.8000,5350.2000,5349.6000,5349.2000,5352.0000,5353.0000,5353.4000,5353.8000,5354.6000,1,1,3,1,1,1,1,1,2,2
SF,IC2003,2020-01-03 14:50:21.400,5351.4000,54206,0,12460549280.000,0,-,-,-,-,5351.0000,5350.8000,5350.2000,5349.6000,5349.2000,5352.0000,5353.0000,5353.4000,5353.8000,5354.6000,1,1,3,1,1,1,1,1,2,2
SF,IC2003,2020-01-03 14:50:22.900,5351.4000,54206,0,12460549280.000,0,-,-,-,-,5351.0000,5350.8000,5349.6000,5349.2000,5349.0000,5352.0000,5353.0000,5353.4000,5353.8000,5354.6000,1,1,1,1,12,1,1,1,2,2
SF,IC2003,2020-01-03 14:50:23.900,5351.8000,54206,0,12461619640.000,1,0,1,空换,B,5351.0000,5350.8000,5349.6000,5349.2000,5349.0000,5352.0000,5353.0000,5353.4000,5353.8000,5354.6000,1,1,1,1,12,1,1,1,2,2
SF,IC2003,2020-01-03 14:50:24.400,5351.8000,54206,0,12461619640.000,0,-,-,-,-,5351.0000,5350.8000,5349.6000,5349.2000,5349.0000,5352.0000,5353.0000,5353.4000,5353.8000,5354.6000,1,2,1,1,12,1,1,1,2,2
SF,IC2003,2020-01-03 14:50:26.400,5351.8000,54206,0,12461619640.000,0,-,-,-,-,5351.0000,5350.8000,5349.6000,5349.2000,5349.0000,5351.8000,5352.0000,5353.0000,5353.4000,5353.8000,1,2,1,1,12,1,1,1,1,2
SF,IC2003,2020-01-03 14:50:29.900,5351.8000,54206,0,12461619640.000,0,-,-,-,-,5351.0000,5350.8000,5349.6000,5349.2000,5349.0000,5351.8000,5352.0000,5353.0000,5353.4000,5353.8000,1,2,1,1,12,1,1,1,1,2
SF,IC2003,2020-01-03 14:50:33.400,5351.0000,54207,1,12462689840.000,1,1,0,双开,B,5350.8000,5349.6000,5349.2000,5349.0000,5348.0000,5351.8000,5352.0000,5353.0000,5353.4000,5353.8000,2,1,1,12,2,1,1,1,1,2
SF,IC2003,2020-01-03 14:50:33.900,5351.0000,54207,0,12462689840.000,0,-,-,-,-,5350.8000,5349.6000,5349.2000,5349.0000,5348.0000,5351.0000,5351.8000,5352.0000,5353.0000,5353.4000,2,1,1,12,2,15,1,1,1,1
SF,IC2003,2020-01-03 14:50:34.400,5350.8000,54207,0,12464830160.000,2,1,1,空换,B,5349.6000,5349.2000,5349.0000,5348.0000,5347.6000,5351.0000,5351.8000,5352.0000,5353.0000,5353.4000,1,1,12,2,2,15,1,1,1,1
SF,IC2003,2020-01-03 14:50:34.900,5350.8000,54207,0,12464830160.000,0,-,-,-,-,5349.6000,5349.4000,5349.2000,5349.0000,5348.0000,5351.0000,5351.8000,5352.0000,5353.0000,5353.4000,1,1,1,12,2,15,1,1,1,1
SF,IC2003,2020-01-03 14:50:35.400,5350.8000,54207,0,12464830160.000,0,-,-,-,-,5349.6000,5349.4000,5349.2000,5349.0000,5348.0000,5350.4000,5351.0000,5351.8000,5352.0000,5353.0000,1,1,1,12,2,1,15,2,1,1
SF,IC2003,2020-01-03 14:50:35.900,5350.4000,54207,0,12465900240.000,1,0,1,空换,B,5350.0000,5349.6000,5349.4000,5349.2000,5349.0000,5351.0000,5351.8000,5352.0000,5353.0000,5353.4000,1,1,1,1,12,15,2,1,1,1
SF,IC2003,2020-01-03 14:50:36.400,5350.4000,54207,0,12465900240.000,0,-,-,-,-,5349.6000,5349.2000,5349.0000,5348.0000,5347.6000,5350.0000,5351.0000,5351.8000,5352.0000,5353.4000,1,1,12,2,2,1,15,2,1,1
SF,IC2003,2020-01-03 14:50:36.900,5350.0000,54208,1,12466970240.000,1,1,0,双开,B,5350.2000,5349.6000,5349.2000,5349.0000,5348.0000,5351.0000,5351.8000,5352.0000,5353.4000,5353.8000,1,1,1,12,2,15,2,1,1,2
SF,IC2003,2020-01-03 14:50:37.400,5350.0000,54208,0,12466970240.000,0,-,-,-,-,5349.6000,5349.2000,5349.0000,5348.0000,5347.6000,5351.0000,5351.8000,5352.0000,5353.4000,5353.8000,1,1,12,2,2,15,2,1,1,2
SF,IC2003,2020-01-03 14:50:37.900,5350.0000,54208,0,12466970240.000,0,-,-,-,-,5349.6000,5349.2000,5349.0000,5348.0000,5347.8000,5351.0000,5351.8000,5352.0000,5353.4000,5353.8000,1,1,12,2,1,15,2,1,1,2
SF,IC2003,2020-01-03 14:50:42.900,5350.0000,54208,0,12466970240.000,0,-,-,-,-,5349.6000,5349.2000,5349.0000,5348.0000,5347.8000,5351.0000,5351.8000,5352.0000,5353.4000,5353.8000,2,1,12,2,1,15,2,1,1,2
SF,IC2003,2020-01-03 14:50:43.400,5350.0000,54208,0,12466970240.000,0,-,-,-,-,5349.6000,5349.2000,5349.0000,5348.0000,5347.8000,5350.8000,5351.0000,5351.8000,5352.0000,5353.4000,2,1,12,2,1,2,15,2,1,1
SF,IC2003,2020-01-03 14:50:43.900,5350.0000,54208,0,12466970240.000,0,-,-,-,-,5349.8000,5349.6000,5349.2000,5349.0000,5348.0000,5350.8000,5351.0000,5351.8000,5352.0000,5353.4000,2,2,1,12,2,2,15,2,1,1
SF,IC2003,2020-01-03 14:50:44.900,5350.0000,54208,0,12466970240.000,0,-,-,-,-,5349.8000,5349.6000,5349.2000,5349.0000,5348.0000,5350.8000,5351.0000,5351.8000,5352.0000,5353.4000,2,2,1,12,2,3,15,2,1,1
SF,IC2003,2020-01-03 14:50:45.900,5350.0000,54208,0,12466970240.000,0,-,-,-,-,5349.8000,5349.6000,5349.2000,5349.0000,5348.0000,5350.8000,5351.0000,5351.8000,5353.4000,5353.8000,2,2,1,12,2,3,15,2,1,2
SF,IC2003,2020-01-03 14:50:46.900,5350.0000,54208,0,12466970240.000,0,-,-,-,-,5349.8000,5349.6000,5349.0000,5348.0000,5347.8000,5350.8000,5351.0000,5351.8000,5353.4000,5353.8000,2,2,12,2,1,3,15,2,1,2
SF,IC2003,2020-01-03 14:50:47.400,5350.0000,54208,0,12466970240.000,0,-,-,-,-,5349.6000,5349.0000,5348.0000,5347.8000,5347.6000,5350.6000,5350.8000,5351.0000,5351.8000,5353.4000,2,12,2,1,2,1,3,15,2,1
SF,IC2003,2020-01-03 14:50:47.900,5350.4000,54208,0,12468040320.000,1,0,1,空换,B,5349.6000,5349.0000,5348.0000,5347.8000,5347.6000,5350.4000,5350.6000,5350.8000,5351.0000,5351.8000,2,12,2,1,2,1,1,1,15,2
SF,IC2003,2020-01-03 14:50:48.400,5350.4000,54208,0,12468040320.000,0,-,-,-,-,5349.6000,5349.0000,5348.0000,5347.8000,5347.6000,5350.2000,5350.4000,5350.6000,5350.8000,5351.0000,2,12,2,1,2,1,1,1,1,15
SF,IC2003,2020-01-03 14:50:48.900,5350.4000,54208,0,12468040320.000,0,-,-,-,-,5349.6000,5349.0000,5348.4000,5348.0000,5347.8000,5350.2000,5350.4000,5350.6000,5350.8000,5351.0000,2,12,1,2,1,1,1,1,1,15
SF,IC2003,2020-01-03 14:50:53.400,5350.4000,54208,0,12468040320.000,0,-,-,-,-,5349.6000,5349.0000,5348.4000,5348.0000,5347.8000,5350.2000,5350.4000,5350.6000,5350.8000,5351.0000,2,13,1,2,1,1,1,2,1,15
SF,IC2003,2020-01-03 14:50:55.400,5350.4000,54208,0,12468040320.000,0,-,-,-,-,5349.6000,5349.0000,5348.4000,5348.0000,5347.8000,5350.2000,5350.4000,5350.6000,5350.8000,5351.8000,2,13,1,2,1,1,1,2,1,2
SF,IC2003,2020-01-03 14:50:56.900,5350.4000,54208,0,12468040320.000,0,-,-,-,-,5349.6000,5349.0000,5348.4000,5348.0000,5347.8000,5350.2000,5350.4000,5350.6000,5350.8000,5351.8000,2,13,1,2,1,2,1,2,1,2
SF,IC2003,2020-01-03 14:50:57.400,5349.6000,54209,1,12470180160.000,2,1,1,多开,B,5349.0000,5348.4000,5348.0000,5347.8000,5347.6000,5349.8000,5350.0000,5350.2000,5350.4000,5350.6000,13,1,2,1,2,1,2,2,1,2
SF,IC2003,2020-01-03 14:50:57.900,5349.6000,54209,0,12470180160.000,0,-,-,-,-,5349.0000,5348.4000,5348.0000,5347.8000,5347.6000,5350.0000,5350.2000,5350.4000,5350.6000,5350.8000,13,1,2,1,2,2,2,1,2,1
SF,IC2003,2020-01-03 14:50:58.400,5349.6000,54209,0,12470180160.000,0,-,-,-,-,5349.0000,5348.4000,5348.0000,5347.8000,5347.6000,5350.2000,5350.4000,5350.6000,5350.8000,5351.8000,13,1,2,1,2,2,1,2,1,2
SF,IC2003,2020-01-03 14:50:58.900,5349.6000,54209,0,12470180160.000,0,-,-,-,-,5349.8000,5349.2000,5349.0000,5348.4000,5348.0000,5350.0000,5350.2000,5350.4000,5350.6000,5350.8000,2,2,13,1,2,1,1,1,2,1
SF,IC2003,2020-01-03 14:50:59.400,5349.6000,54209,0,12470180160.000,0,-,-,-,-,5349.2000,5349.0000,5348.4000,5348.0000,5347.8000,5350.0000,5350.2000,5350.4000,5350.6000,5350.8000,2,13,1,2,1,1,1,1,2,1
SF,IC2003,2020-01-03 14:50:59.900,5349.6000,54209,0,12470180160.000,0,-,-,-,-,5349.2000,5349.0000,5348.4000,5348.0000,5347.8000,5350.2000,5350.4000,5350.6000,5350.8000,5351.8000,2,13,1,2,1,1,1,2,1,2
SF,IC2003,2020-01-03 14:51:00.400,5349.6000,54209,0,12470180160.000,0,-,-,-,-,5349.2000,5349.0000,5348.4000,5348.0000,5347.8000,5350.2000,5350.4000,5350.6000,5350.8000,5351.8000,2,13,1,2,1,2,1,2,1,2
SF,IC2003,2020-01-03 14:51:00.900,5349.6000,54209,0,12470180160.000,0,-,-,-,-,5349.2000,5349.0000,5348.4000,5348.0000,5347.8000,5350.2000,5350.6000,5350.8000,5351.8000,5353.4000,2,13,1,2,1,2,2,1,2,1
SF,IC2003,2020-01-03 14:51:01.400,5349.6000,54209,0,12470180160.000,0,-,-,-,-,5350.0000,5349.2000,5349.0000,5348.4000,5348.0000,5350.2000,5350.6000,5350.8000,5351.8000,5353.4000,2,2,13,1,2,2,1,1,2,1
SF,IC2003,2020-01-03 14:51:01.900,5350.2000,54210,1,12472320240.000,2,1,1,多开,B,5350.2000,5349.2000,5349.0000,5348.4000,5348.0000,5350.6000,5350.8000,5351.8000,5353.4000,5353.8000,3,2,13,1,2,1,1,2,1,2
SF,IC2003,2020-01-03 14:51:02.400,5350.2000,54210,0,12472320240.000,0,-,-,-,-,5350.2000,5349.2000,5349.0000,5348.4000,5348.0000,5350.4000,5350.6000,5350.8000,5351.8000,5353.0000,1,2,13,1,2,1,1,1,2,1
SF,IC2003,2020-01-03 14:51:03.400,5349.2000,54210,0,12475529960.000,3,1,2,空换,B,5349.0000,5348.4000,5348.0000,5347.8000,5347.6000,5349.2000,5350.2000,5350.4000,5350.6000,5350.8000,13,1,2,1,2,12,1,1,1,1
SF,IC2003,2020-01-03 14:51:03.900,5349.2000,54210,0,12488368040.000,12,6,6,空换,B,5349.4000,5349.2000,5349.0000,5348.4000,5348.0000,5350.2000,5350.4000,5350.6000,5350.8000,5351.8000,1,7,13,1,2,1,1,1,1,2
SF,IC2003,2020-01-03 14:51:04.400,5349.2000,54210,0,12488368040.000,0,-,-,-,-,5349.2000,5349.0000,5348.4000,5348.0000,5347.8000,5350.0000,5350.2000,5350.4000,5350.6000,5350.8000,4,13,1,2,1,1,1,1,1,1
SF,IC2003,2020-01-03 14:51:04.900,5349.2000,54210,0,12488368040.000,0,-,-,-,-,5349.2000,5349.0000,5348.4000,5348.0000,5347.8000,5349.8000,5350.0000,5350.2000,5350.4000,5350.6000,4,13,1,2,1,2,1,1,1,1
SF,IC2003,2020-01-03 14:51:05.400,5349.2000,54210,0,12488368040.000,0,-,-,-,-,5349.2000,5349.0000,5348.4000,5348.0000,5347.8000,5349.8000,5350.0000,5350.2000,5350.4000,5350.6000,4,13,1,2,1,2,1,1,1,1
SF,IC2003,2020-01-03 14:51:06.900,5349.2000,54210,0,12488368040.000,0,-,-,-,-,5349.0000,5348.4000,5348.0000,5347.8000,5347.6000,5349.8000,5350.0000,5350.2000,5350.4000,5350.6000,13,1,2,1,2,2,1,1,1,1
SF,IC2003,2020-01-03 14:51:07.900,5349.2000,54210,0,12488368040.000,0,-,-,-,-,5349.0000,5348.4000,5348.0000,5347.8000,5347.6000,5349.8000,5350.2000,5350.4000,5350.6000,5350.8000,13,1,2,1,2,2,1,1,1,1
SF,IC2003,2020-01-03 14:51:08.900,5349.2000,54210,0,12488368040.000,0,-,-,-,-,5349.0000,5348.4000,5348.0000,5347.6000,5347.2000,5349.8000,5350.2000,5350.4000,5350.6000,5350.8000,13,1,2,2,1,2,1,1,1,1
SF,IC2003,2020-01-03 14:51:09.400,5349.2000,54210,0,12488368040.000,0,-,-,-,-,5349.0000,5348.4000,5348.0000,5347.6000,5347.2000,5349.8000,5350.4000,5350.6000,5350.8000,5351.8000,13,1,2,2,1,2,1,1,1,1
SF,IC2003,2020-01-03 14:51:10.400,5349.2000,54210,0,12488368040.000,0,-,-,-,-,5349.0000,5348.4000,5348.0000,5347.6000,5347.2000,5349.8000,5350.4000,5350.6000,5350.8000,5351.2000,13,1,2,2,1,2,1,1,1,1
SF,IC2003,2020-01-03 14:51:11.900,5349.0000,54210,0,12489437840.000,1,0,1,空换,B,5349.0000,5348.4000,5348.0000,5347.6000,5347.2000,5349.8000,5350.4000,5350.6000,5350.8000,5351.2000,12,1,2,2,1,2,1,1,1,1
SF,IC2003,2020-01-03 14:51:12.400,5349.0000,54210,0,12489437840.000,0,-,-,-,-,5349.0000,5348.4000,5348.0000,5347.6000,5347.2000,5349.8000,5350.0000,5350.4000,5350.6000,5350.8000,12,1,2,2,1,2,1,1,1,1
SF,IC2003,2020-01-03 14:51:13.400,5349.0000,54210,0,12489437840.000,0,-,-,-,-,5349.2000,5349.0000,5348.4000,5348.0000,5347.6000,5349.8000,5350.0000,5350.4000,5350.6000,5350.8000,1,12,1,2,2,2,1,1,1,1
SF,IC2003,2020-01-03 14:51:16.400,5349.0000,54210,0,12489437840.000,0,-,-,-,-,5349.2000,5349.0000,5348.4000,5348.0000,5347.6000,5349.8000,5350.0000,5350.4000,5350.6000,5350.8000,1,12,1,2,2,2,1,1,1,1
SF,IC2003,2020-01-03 14:51:20.900,5349.8000,54211,1,12490507800.000,1,1,0,双开,B,5349.2000,5349.0000,5348.4000,5348.0000,5347.6000,5349.8000,5350.0000,5350.4000,5350.6000,5350.8000,2,12,1,2,2,1,1,1,1,1
SF,IC2003,2020-01-03 14:51:21.400,5349.8000,54211,0,12490507800.000,0,-,-,-,-,5349.4000,5349.2000,5349.0000,5348.4000,5348.0000,5350.0000,5350.4000,5350.6000,5350.8000,5351.0000,2,2,12,1,2,1,1,1,1,1
SF,IC2003,2020-01-03 14:51:21.900,5350.0000,54210,-1,12491577800.000,1,0,1,双平,B,5349.8000,5349.4000,5349.2000,5349.0000,5348.0000,5350.4000,5350.6000,5350.8000,5351.0000,5351.2000,1,2,1,12,2,1,1,1,1,1
SF,IC2003,2020-01-03 14:51:22.400,5350.0000,54210,0,12491577800.000,0,-,-,-,-,5349.8000,5349.4000,5349.2000,5349.0000,5348.4000,5350.4000,5350.6000,5350.8000,5351.0000,5351.2000,1,2,1,12,2,1,1,1,1,1
SF,IC2003,2020-01-03 14:51:25.900,5350.0000,54210,0,12491577800.000,0,-,-,-,-,5349.4000,5349.2000,5349.0000,5348.4000,5348.0000,5350.4000,5350.6000,5350.8000,5351.0000,5351.2000,2,1,12,2,2,1,1,1,1,1
SF,IC2003,2020-01-03 14:51:29.900,5350.0000,54210,0,12491577800.000,0,-,-,-,-,5349.4000,5349.2000,5349.0000,5348.4000,5348.0000,5350.4000,5350.6000,5350.8000,5351.0000,5351.2000,2,1,12,2,2,1,1,1,1,1
SF,IC2003,2020-01-03 14:51:34.900,5350.0000,54210,0,12491577800.000,0,-,-,-,-,5349.6000,5349.4000,5349.2000,5349.0000,5348.4000,5350.4000,5350.6000,5350.8000,5351.0000,5351.2000,1,2,1,12,2,1,1,1,1,1
SF,IC2003,2020-01-03 14:51:35.400,5350.0000,54210,0,12491577800.000,0,-,-,-,-,5349.8000,5349.6000,5349.2000,5349.0000,5348.4000,5350.4000,5350.6000,5350.8000,5351.0000,5351.2000,2,1,1,12,2,1,1,1,1,1
SF,IC2003,2020-01-03 14:51:36.400,5350.4000,54210,0,12492647880.000,1,0,1,空换,B,5350.4000,5349.8000,5349.6000,5349.2000,5349.0000,5350.6000,5350.8000,5351.0000,5351.2000,5351.8000,3,2,1,1,12,1,1,1,1,1
SF,IC2003,2020-01-03 14:51:36.900,5350.8000,54212,2,12494788160.000,2,2,0,双开,B,5350.8000,5350.6000,5349.8000,5349.6000,5349.2000,5351.0000,5351.8000,5353.0000,5353.4000,5353.8000,1,1,2,1,1,1,1,1,1,2
SF,IC2003,2020-01-03 14:51:37.400,5350.8000,54212,0,12494788160.000,0,-,-,-,-,5349.8000,5349.6000,5349.2000,5349.0000,5348.4000,5351.0000,5351.8000,5353.0000,5353.4000,5353.8000,2,1,1,12,2,1,1,1,1,2
SF,IC2003,2020-01-03 14:51:37.900,5350.8000,54212,0,12494788160.000,0,-,-,-,-,5350.8000,5350.6000,5349.8000,5349.6000,5349.2000,5351.0000,5351.8000,5353.0000,5353.4000,5353.8000,3,1,2,1,1,1,1,1,1,2
SF,IC2003,2020-01-03 14:51:38.400,5350.8000,54212,0,12494788160.000,0,-,-,-,-,5349.8000,5349.6000,5349.2000,5349.0000,5348.4000,5351.0000,5351.8000,5353.0000,5353.4000,5353.8000,2,1,1,12,2,1,1,1,1,2
SF,IC2003,2020-01-03 14:51:38.900,5350.8000,54212,0,12494788160.000,0,-,-,-,-,5349.8000,5349.6000,5349.4000,5349.2000,5349.0000,5351.0000,5351.8000,5353.0000,5353.4000,5353.8000,2,1,1,1,12,1,1,1,1,2
SF,IC2003,2020-01-03 14:51:39.400,5350.8000,54212,0,12494788160.000,0,-,-,-,-,5350.0000,5349.8000,5349.4000,5349.2000,5349.0000,5351.0000,5351.8000,5353.0000,5353.4000,5353.8000,1,2,1,1,12,1,1,1,1,2
SF,IC2003,2020-01-03 14:51:39.900,5350.8000,54212,0,12494788160.000,0,-,-,-,-,5350.2000,5350.0000,5349.4000,5349.2000,5349.0000,5351.0000,5351.8000,5353.0000,5353.4000,5353.8000,2,1,1,1,12,1,1,1,1,2
SF,IC2003,2020-01-03 14:51:40.900,5350.8000,54212,0,12494788160.000,0,-,-,-,-,5350.2000,5350.0000,5349.4000,5349.2000,5349.0000,5351.0000,5351.8000,5353.0000,5353.4000,5353.8000,2,1,1,1,12,1,1,1,1,2
SF,IC2003,2020-01-03 14:51:42.400,5350.8000,54212,0,12494788160.000,0,-,-,-,-,5350.2000,5350.0000,5349.4000,5349.2000,5349.0000,5351.0000,5351.8000,5353.0000,5353.4000,5353.8000,2,1,1,1,12,1,1,1,1,2
SF,IC2003,2020-01-03 14:51:42.900,5350.8000,54212,0,12494788160.000,0,-,-,-,-,5350.2000,5350.0000,5349.4000,5349.2000,5349.0000,5351.0000,5351.8000,5352.2000,5353.0000,5353.4000,2,1,1,1,12,1,1,1,1,1
SF,IC2003,2020-01-03 14:51:48.900,5350.8000,54212,0,12494788160.000,0,-,-,-,-,5350.4000,5350.2000,5349.4000,5349.2000,5349.0000,5351.0000,5351.8000,5352.2000,5353.0000,5353.4000,1,2,1,1,12,1,1,1,1,1
SF,IC2003,2020-01-03 14:51:49.400,5350.8000,54212,0,12494788160.000,0,-,-,-,-,5350.4000,5350.2000,5349.4000,5349.2000,5349.0000,5351.0000,5351.8000,5352.2000,5353.0000,5353.4000,2,2,1,1,12,1,1,1,1,1
SF,IC2003,2020-01-03 14:51:49.900,5350.8000,54212,0,12494788160.000,0,-,-,-,-,5350.4000,5350.2000,5349.4000,5349.2000,5349.0000,5351.0000,5351.8000,5352.2000,5353.0000,5353.4000,2,2,1,1,13,1,1,1,1,1
SF,IC2003,2020-01-03 14:51:50.900,5351.0000,54212,0,12495858360.000,1,0,1,空换,B,5351.0000,5350.4000,5350.2000,5349.4000,5349.2000,5351.8000,5352.2000,5353.0000,5353.4000,5353.8000,1,2,2,1,1,1,1,1,1,2
SF,IC2003,2020-01-03 14:51:51.400,5351.0000,54212,0,12495858360.000,0,-,-,-,-,5350.4000,5350.2000,5349.4000,5349.2000,5349.0000,5351.8000,5352.2000,5353.0000,5353.4000,5353.8000,2,2,1,1,13,1,1,1,1,2
SF,IC2003,2020-01-03 14:51:51.900,5351.0000,54212,0,12495858360.000,0,-,-,-,-,5350.8000,5350.6000,5350.4000,5349.4000,5349.2000,5351.8000,5353.0000,5353.4000,5353.8000,5354.6000,1,2,2,1,1,1,1,1,2,2
SF,IC2003,2020-01-03 14:51:55.400,5350.8000,54212,0,12496928520.000,1,0,1,空换,B,5350.6000,5350.4000,5349.4000,5349.2000,5349.0000,5351.8000,5353.0000,5353.4000,5353.8000,5354.6000,2,2,1,1,13,1,1,1,2,2
SF,IC2003,2020-01-03 14:51:55.900,5350.8000,54212,0,12496928520.000,0,-,-,-,-,5350.6000,5350.4000,5349.4000,5349.2000,5349.0000,5351.6000,5351.8000,5353.0000,5353.4000,5353.8000,2,2,1,1,13,2,1,1,1,2
SF,IC2003,2020-01-03 14:51:57.400,5351.6000,54213,1,12497998840.000,1,1,0,双开,B,5350.6000,5350.4000,5349.4000,5349.2000,5349.0000,5351.6000,5351.8000,5353.0000,5353.4000,5353.8000,2,2,1,1,13,1,1,1,1,2
SF,IC2003,2020-01-03 14:52:00.400,5351.6000,54213,0,12497998840.000,0,-,-,-,-,5350.6000,5350.4000,5349.4000,5349.2000,5349.0000,5351.6000,5351.8000,5353.0000,5353.4000,5353.8000,2,2,1,1,13,1,1,1,1,2
SF,IC2003,2020-01-03 14:52:01.400,5349.6000,54215,2,12503349160.000,5,3,2,多开,B,5349.4000,5349.2000,5349.0000,5348.4000,5348.0000,5350.4000,5350.6000,5351.0000,5351.2000,5351.4000,1,1,12,2,2,2,4,3,2,8
SF,IC2003,2020-01-03 14:52:01.900,5349.4000,54215,0,12504419040.000,1,0,1,空换,B,5349.2000,5349.0000,5348.4000,5348.0000,5347.6000,5351.0000,5351.4000,5351.6000,5351.8000,5353.0000,1,12,2,2,2,1,1,5,1,1
SF,IC2003,2020-01-03 14:52:02.400,5349.4000,54215,0,12504419040.000,0,-,-,-,-,5349.4000,5349.2000,5349.0000,5348.4000,5348.0000,5350.6000,5350.8000,5351.0000,5351.4000,5351.6000,2,1,12,2,2,1,2,1,1,4
SF,IC2003,2020-01-03 14:52:02.900,5349.4000,54215,0,12504419040.000,0,-,-,-,-,5349.2000,5349.0000,5348.4000,5348.0000,5347.6000,5350.4000,5351.0000,5351.4000,5351.6000,5351.8000,1,12,2,2,2,2,1,1,4,1
SF,IC2003,2020-01-03 14:52:03.900,5350.4000,54215,0,12505489120.000,1,0,1,空换,B,5349.2000,5349.0000,5348.4000,5348.0000,5347.6000,5350.4000,5351.0000,5351.6000,5351.8000,5353.0000,1,12,2,2,2,1,1,4,1,1
SF,IC2003,2020-01-03 14:52:04.400,5350.4000,54215,0,12505489120.000,0,-,-,-,-,5349.4000,5349.2000,5349.0000,5348.4000,5348.0000,5350.4000,5351.0000,5351.4000,5351.6000,5351.8000,2,1,12,2,2,1,1,2,2,1
SF,IC2003,2020-01-03 14:52:04.900,5350.4000,54215,0,12505489120.000,0,-,-,-,-,5349.2000,5349.0000,5348.4000,5348.0000,5347.6000,5350.4000,5351.0000,5351.4000,5351.6000,5351.8000,1,12,2,2,2,1,1,2,2,1
SF,IC2003,2020-01-03 14:52:05.400,5350.4000,54215,0,12505489120.000,0,-,-,-,-,5349.2000,5349.0000,5348.4000,5348.0000,5347.6000,5350.4000,5351.0000,5351.4000,5351.6000,5351.8000,1,12,2,2,2,1,1,2,2,1
SF,IC2003,2020-01-03 14:52:05.900,5350.4000,54215,0,12505489120.000,0,-,-,-,-,5349.2000,5349.0000,5348.4000,5348.0000,5347.6000,5350.4000,5351.0000,5351.4000,5351.6000,5351.8000,1,12,2,2,2,1,1,2,2,1
SF,IC2003,2020-01-03 14:52:06.400,5350.4000,54215,0,12505489120.000,0,-,-,-,-,5349.2000,5349.0000,5348.4000,5348.0000,5347.6000,5349.8000,5350.4000,5351.0000,5351.4000,5351.6000,1,12,2,2,2,1,2,1,2,2
SF,IC2003,2020-01-03 14:52:06.900,5349.2000,54216,1,12506558960.000,1,1,0,双开,B,5349.0000,5348.4000,5348.0000,5347.6000,5347.4000,5350.4000,5351.0000,5351.4000,5351.6000,5351.8000,12,2,2,2,1,2,1,2,2,1
SF,IC2003,2020-01-03 14:52:07.400,5349.2000,54216,0,12506558960.000,0,-,-,-,-,5349.0000,5348.4000,5348.0000,5347.6000,5347.4000,5350.2000,5350.4000,5351.0000,5351.4000,5351.8000,12,2,2,2,1,1,2,1,2,1
SF,IC2003,2020-01-03 14:52:08.900,5349.2000,54216,0,12506558960.000,0,-,-,-,-,5349.2000,5349.0000,5348.4000,5348.0000,5347.6000,5350.2000,5350.4000,5351.4000,5351.8000,5353.0000,2,12,2,2,2,1,1,2,1,1
SF,IC2003,2020-01-03 14:52:09.400,5349.2000,54216,0,12506558960.000,0,-,-,-,-,5349.4000,5349.2000,5349.0000,5348.4000,5348.0000,5350.2000,5350.4000,5351.4000,5351.8000,5353.0000,2,2,12,2,2,1,1,2,1,1
SF,IC2003,2020-01-03 14:52:10.400,5349.2000,54216,0,12506558960.000,0,-,-,-,-,5349.4000,5349.2000,5349.0000,5348.4000,5348.0000,5350.2000,5350.4000,5351.4000,5351.8000,5353.0000,2,3,12,2,2,1,1,2,1,1
SF,IC2003,2020-01-03 14:52:11.400,5349.2000,54216,0,12506558960.000,0,-,-,-,-,5349.4000,5349.2000,5349.0000,5348.4000,5348.0000,5350.2000,5350.4000,5351.4000,5351.8000,5353.0000,2,3,12,2,2,1,1,2,1,1
SF,IC2003,2020-01-03 14:52:12.400,5350.2000,54216,0,12507629000.000,1,0,1,空换,B,5349.4000,5349.2000,5349.0000,5348.4000,5348.0000,5350.4000,5351.4000,5351.8000,5353.0000,5353.4000,2,3,12,2,2,1,2,1,1,1
SF,IC2003,2020-01-03 14:52:12.900,5350.2000,54216,0,12507629000.000,0,-,-,-,-,5349.4000,5349.2000,5349.0000,5348.0000,5347.6000,5351.4000,5351.8000,5353.0000,5353.4000,5353.8000,2,3,12,2,2,2,1,1,1,2
SF,IC2003,2020-01-03 14:52:13.400,5350.2000,54216,0,12507629000.000,0,-,-,-,-,5349.4000,5349.2000,5349.0000,5348.0000,5347.6000,5350.8000,5351.0000,5351.2000,5351.4000,5351.8000,2,3,12,2,2,2,1,8,2,1
SF,IC2003,2020-01-03 14:52:13.900,5350.2000,54216,0,12507629000.000,0,-,-,-,-,5350.2000,5349.4000,5349.2000,5349.0000,5348.0000,5350.8000,5351.0000,5351.2000,5351.4000,5351.8000,1,2,3,12,2,2,1,6,2,1
SF,IC2003,2020-01-03 14:52:14.900,5350.2000,54216,0,12508699040.000,1,0,1,空换,B,5349.4000,5349.2000,5349.0000,5348.0000,5347.6000,5350.0000,5350.8000,5351.0000,5351.2000,5351.4000,2,3,12,2,2,1,2,1,6,2
SF,IC2003,2020-01-03 14:52:15.400,5350.0000,54216,0,12509769040.000,1,0,1,空换,B,5349.4000,5349.2000,5349.0000,5348.0000,5347.6000,5350.8000,5351.0000,5351.2000,5351.4000,5351.8000,2,3,12,2,2,2,1,6,2,1
SF,IC2003,2020-01-03 14:52:15.900,5350.6000,54216,0,12511909280.000,2,1,1,空换,B,5349.4000,5349.2000,5349.0000,5348.0000,5347.6000,5351.0000,5351.2000,5351.4000,5351.8000,5353.0000,2,3,12,2,2,1,4,2,1,1
SF,IC2003,2020-01-03 14:52:16.400,5350.6000,54216,0,12511909280.000,0,-,-,-,-,5349.4000,5349.2000,5349.0000,5348.0000,5347.6000,5350.8000,5351.0000,5351.2000,5351.4000,5351.8000,2,3,12,2,2,2,1,4,2,1
SF,IC2003,2020-01-03 14:52:16.900,5350.6000,54216,0,12511909280.000,0,-,-,-,-,5349.4000,5349.2000,5349.0000,5348.0000,5347.6000,5351.0000,5351.2000,5351.4000,5351.8000,5352.8000,2,3,12,2,2,1,4,2,1,1
SF,IC2003,2020-01-03 14:52:17.400,5350.6000,54216,0,12511909280.000,0,-,-,-,-,5350.0000,5349.4000,5349.2000,5349.0000,5348.0000,5351.0000,5351.2000,5351.4000,5351.8000,5352.8000,1,2,3,12,2,1,4,2,1,1
SF,IC2003,2020-01-03 14:52:17.900,5350.6000,54216,0,12511909280.000,0,-,-,-,-,5350.2000,5350.0000,5349.2000,5349.0000,5348.0000,5350.6000,5351.0000,5351.2000,5351.4000,5351.8000,2,1,3,12,2,1,1,4,2,1
SF,IC2003,2020-01-03 14:52:18.400,5350.6000,54216,0,12511909280.000,0,-,-,-,-,5350.2000,5350.0000,5349.2000,5349.0000,5348.0000,5351.0000,5351.2000,5351.4000,5351.8000,5352.8000,2,1,3,12,2,1,4,2,1,1
SF,IC2003,2020-01-03 14:52:19.900,5350.2000,54217,1,12514049360.000,2,1,1,多开,B,5350.0000,5349.2000,5349.0000,5348.0000,5347.6000,5351.0000,5351.2000,5351.4000,5351.8000,5352.8000,1,3,12,2,2,1,4,2,1,1
SF,IC2003,2020-01-03 14:52:20.900,5350.2000,54217,0,12514049360.000,0,-,-,-,-,5350.0000,5349.6000,5349.2000,5349.0000,5348.0000,5351.0000,5351.2000,5351.4000,5351.8000,5352.8000,1,1,3,12,2,1,4,2,1,1
SF,IC2003,2020-01-03 14:52:21.400,5350.2000,54217,0,12514049360.000,0,-,-,-,-,5350.0000,5349.6000,5349.2000,5349.0000,5348.0000,5350.6000,5351.0000,5351.2000,5351.4000,5351.8000,1,1,3,12,2,1,1,4,2,1
SF,IC2003,2020-01-03 14:52:21.900,5350.2000,54217,0,12514049360.000,0,-,-,-,-,5350.0000,5349.6000,5349.2000,5349.0000,5348.0000,5351.0000,5351.2000,5351.4000,5351.8000,5352.8000,1,1,3,12,2,1,4,2,1,1
SF,IC2003,2020-01-03 14:52:22.400,5350.2000,54217,0,12514049360.000,0,-,-,-,-,5350.0000,5349.6000,5349.2000,5349.0000,5348.0000,5350.8000,5351.0000,5351.4000,5351.8000,5352.8000,1,1,3,12,2,7,1,2,1,1
SF,IC2003,2020-01-03 14:52:22.900,5350.2000,54217,0,12514049360.000,0,-,-,-,-,5350.0000,5349.6000,5349.2000,5349.0000,5348.0000,5351.0000,5351.4000,5351.8000,5352.8000,5353.0000,1,1,3,12,2,1,2,1,1,1
SF,IC2003,2020-01-03 14:52:23.400,5350.2000,54217,0,12514049360.000,0,-,-,-,-,5349.6000,5349.2000,5349.0000,5348.0000,5347.6000,5350.6000,5351.0000,5351.4000,5351.8000,5352.8000,1,3,12,2,2,1,1,2,1,1
SF,IC2003,2020-01-03 14:52:23.900,5350.2000,54217,0,12514049360.000,0,-,-,-,-,5350.0000,5349.6000,5349.2000,5349.0000,5348.0000,5351.0000,5351.4000,5351.8000,5352.8000,5353.0000,2,1,3,12,2,1,2,1,1,1
SF,IC2003,2020-01-03 14:52:24.400,5350.2000,54217,0,12514049360.000,0,-,-,-,-,5350.0000,5349.6000,5349.2000,5349.0000,5348.0000,5350.8000,5351.0000,5351.4000,5351.8000,5352.8000,2,1,3,12,2,2,1,2,1,1
SF,IC2003,2020-01-03 14:52:25.900,5350.2000,54217,0,12514049360.000,0,-,-,-,-,5350.0000,5349.8000,5349.6000,5349.2000,5349.0000,5350.6000,5350.8000,5351.0000,5351.4000,5351.8000,2,1,1,3,12,1,3,1,2,1
SF,IC2003,2020-01-03 14:52:26.400,5350.2000,54217,0,12514049360.000,0,-,-,-,-,5350.0000,5349.8000,5349.6000,5349.2000,5349.0000,5350.4000,5350.6000,5350.8000,5351.0000,5351.4000,2,1,1,3,12,1,1,3,1,2
SF,IC2003,2020-01-03 14:52:26.900,5350.2000,54217,0,12514049360.000,0,-,-,-,-,5350.0000,5349.8000,5349.6000,5349.2000,5349.0000,5350.6000,5350.8000,5351.0000,5351.4000,5351.8000,2,1,1,3,12,1,3,1,2,1
SF,IC2003,2020-01-03 14:52:29.900,5350.2000,54217,0,12514049360.000,0,-,-,-,-,5350.0000,5349.8000,5349.6000,5349.2000,5349.0000,5350.6000,5350.8000,5351.0000,5351.4000,5351.8000,2,1,1,3,12,1,2,1,2,1
SF,IC2003,2020-01-03 14:52:30.400,5350.2000,54217,0,12514049360.000,0,-,-,-,-,5350.0000,5349.8000,5349.6000,5349.2000,5349.0000,5350.2000,5350.8000,5351.0000,5351.4000,5351.8000,2,1,1,3,12,1,2,1,2,1
SF,IC2003,2020-01-03 14:52:30.900,5350.2000,54216,-1,12515119400.000,1,0,1,双平,B,5350.2000,5350.0000,5349.8000,5349.6000,5349.2000,5350.8000,5351.0000,5351.4000,5351.8000,5352.8000,1,2,1,1,4,2,1,2,1,1
SF,IC2003,2020-01-03 14:52:31.400,5350.2000,54216,0,12515119400.000,0,-,-,-,-,5350.2000,5350.0000,5349.8000,5349.6000,5349.2000,5351.0000,5351.4000,5351.8000,5352.8000,5353.0000,1,2,1,1,4,1,2,1,1,1
SF,IC2003,2020-01-03 14:52:31.900,5350.2000,54216,0,12515119400.000,0,-,-,-,-,5350.2000,5350.0000,5349.8000,5349.6000,5349.2000,5351.0000,5351.4000,5351.8000,5352.8000,5353.0000,1,2,1,1,4,3,2,1,1,1
SF,IC2003,2020-01-03 14:52:32.400,5350.2000,54216,0,12515119400.000,0,-,-,-,-,5350.2000,5350.0000,5349.8000,5349.6000,5349.2000,5350.8000,5351.0000,5351.4000,5351.8000,5352.8000,1,2,1,1,4,4,3,2,1,1
SF,IC2003,2020-01-03 14:52:32.900,5350.2000,54216,0,12516189440.000,1,0,1,空换,B,5350.0000,5349.8000,5349.6000,5349.2000,5349.0000,5350.8000,5351.0000,5351.4000,5351.8000,5352.8000,2,1,1,4,12,4,3,2,1,1
SF,IC2003,2020-01-03 14:52:34.400,5350.0000,54217,1,12517259440.000,1,1,0,双开,B,5350.0000,5349.8000,5349.6000,5349.2000,5349.0000,5350.6000,5350.8000,5351.0000,5351.4000,5351.8000,1,1,1,4,12,1,4,1,2,1
SF,IC2003,2020-01-03 14:52:34.900,5350.0000,54218,1,12518329440.000,1,1,0,双开,B,5349.8000,5349.6000,5349.2000,5349.0000,5348.0000,5350.0000,5350.4000,5350.6000,5350.8000,5351.0000,1,1,4,12,2,1,4,1,2,1
SF,IC2003,2020-01-03 14:52:35.400,5350.0000,54218,0,12518329440.000,0,-,-,-,-,5349.8000,5349.6000,5349.2000,5349.0000,5348.0000,5350.0000,5350.4000,5350.8000,5351.0000,5351.4000,1,1,4,12,2,1,4,2,1,2
SF,IC2003,2020-01-03 14:52:35.900,5349.6000,54220,2,12520469320.000,2,2,0,双开,B,5349.2000,5349.0000,5348.0000,5347.6000,5347.4000,5349.8000,5350.0000,5350.4000,5350.8000,5351.0000,3,12,2,2,1,2,1,4,2,1
SF,IC2003,2020-01-03 14:52:36.400,5349.2000,54220,0,12521539160.000,1,0,1,空换,B,5349.2000,5349.0000,5348.0000,5347.6000,5347.4000,5349.8000,5350.4000,5350.8000,5351.4000,5351.8000,1,12,2,2,1,2,4,2,2,1
SF,IC2003,2020-01-03 14:52:36.900,5349.2000,54220,0,12521539160.000,0,-,-,-,-,5349.2000,5349.0000,5348.0000,5347.6000,5347.4000,5349.8000,5350.8000,5351.4000,5351.8000,5353.0000,1,12,2,2,1,2,2,2,1,1
SF,IC2003,2020-01-03 14:52:37.400,5349.8000,54221,1,12523678960.000,2,1,1,多开,B,5349.0000,5348.0000,5347.6000,5347.4000,5347.2000,5349.8000,5350.8000,5351.4000,5351.8000,5353.0000,12,2,2,1,1,1,2,2,1,1
SF,IC2003,2020-01-03 14:52:37.900,5349.8000,54221,0,12523678960.000,0,-,-,-,-,5349.0000,5348.0000,5347.6000,5347.4000,5347.2000,5349.8000,5350.8000,5351.4000,5351.8000,5353.0000,12,2,2,1,1,2,2,2,1,1
SF,IC2003,2020-01-03 14:52:38.900,5349.0000,54221,0,12524748760.000,1,0,1,空换,B,5349.0000,5348.0000,5347.6000,5347.4000,5347.2000,5349.6000,5349.8000,5350.8000,5351.4000,5351.8000,11,2,2,1,1,5,2,2,2,1
SF,IC2003,2020-01-03 14:52:39.400,5349.0000,54221,0,12535446760.000,10,5,5,空换,B,5349.0000,5348.0000,5347.6000,5347.4000,5347.2000,5349.6000,5349.8000,5350.8000,5351.4000,5351.8000,1,2,2,1,1,5,3,2,2,1
SF,IC2003,2020-01-03 14:52:39.900,5349.0000,54222,1,12536516560.000,1,1,0,双开,B,5348.0000,5347.6000,5347.4000,5347.2000,5347.0000,5348.4000,5348.6000,5348.8000,5349.0000,5349.6000,2,2,1,1,4,1,2,1,5,5
SF,IC2003,2020-01-03 14:52:40.400,5349.0000,54222,0,12536516560.000,0,-,-,-,-,5348.0000,5347.6000,5347.4000,5347.2000,5347.0000,5348.4000,5348.6000,5349.0000,5349.6000,5349.8000,2,2,1,1,4,1,2,3,4,2
SF,IC2003,2020-01-03 14:52:40.900,5348.2000,54223,1,12538655800.000,2,1,1,多开,B,5348.0000,5347.6000,5347.4000,5347.2000,5347.0000,5348.6000,5349.0000,5349.6000,5349.8000,5350.8000,1,2,1,1,4,2,2,4,1,2
SF,IC2003,2020-01-03 14:52:41.400,5348.2000,54223,0,12538655800.000,0,-,-,-,-,5348.0000,5347.6000,5347.4000,5347.2000,5347.0000,5348.6000,5349.0000,5349.6000,5349.8000,5350.8000,1,2,1,1,4,2,2,4,1,2
SF,IC2003,2020-01-03 14:52:41.900,5348.2000,54223,0,12538655800.000,0,-,-,-,-,5348.4000,5348.0000,5347.6000,5347.4000,5347.2000,5348.6000,5349.0000,5349.6000,5349.8000,5350.8000,1,1,2,1,1,2,2,4,1,2
SF,IC2003,2020-01-03 14:52:42.400,5347.6000,54225,2,12542934120.000,4,3,1,多开,B,5347.4000,5347.2000,5347.0000,5346.8000,5346.2000,5348.0000,5348.2000,5348.4000,5348.6000,5349.0000,1,1,4,2,1,2,1,6,3,1
SF,IC2003,2020-01-03 14:52:42.900,5347.2000,54226,1,12545073040.000,2,1,1,多开,B,5347.0000,5346.8000,5346.2000,5346.0000,5345.2000,5347.8000,5348.0000,5348.6000,5349.0000,5349.8000,4,2,1,3,2,6,2,2,1,1
SF,IC2003,2020-01-03 14:52:43.400,5347.0000,54226,0,12547211840.000,2,1,1,空换,B,5347.0000,5346.8000,5346.2000,5346.0000,5345.2000,5347.6000,5347.8000,5348.0000,5348.6000,5349.0000,2,2,1,3,2,2,6,4,2,1
SF,IC2003,2020-01-03 14:52:43.900,5346.8000,54225,-1,12550420000.000,3,1,2,空平,B,5346.8000,5346.2000,5346.0000,5345.2000,5345.0000,5347.4000,5347.6000,5347.8000,5348.6000,5349.0000,1,1,3,2,9,4,1,2,2,1
SF,IC2003,2020-01-03 14:52:44.400,5346.8000,54225,0,12551489360.000,1,0,1,空换,B,5346.2000,5346.0000,5345.2000,5345.0000,5344.0000,5347.2000,5347.6000,5348.6000,5349.0000,5349.8000,1,3,2,9,1,6,1,2,1,1
SF,IC2003,2020-01-03 14:52:44.900,5346.8000,54225,0,12551489360.000,0,-,-,-,-,5346.2000,5346.0000,5345.2000,5345.0000,5344.0000,5347.2000,5347.6000,5348.6000,5349.0000,5349.8000,1,3,2,9,1,6,1,2,1,1
SF,IC2003,2020-01-03 14:52:45.400,5346.8000,54225,0,12551489360.000,0,-,-,-,-,5346.4000,5346.2000,5346.0000,5345.2000,5345.0000,5347.2000,5347.6000,5348.6000,5349.0000,5349.8000,2,1,3,2,9,4,1,2,1,1
SF,IC2003,2020-01-03 14:52:45.900,5346.8000,54225,0,12551489360.000,0,-,-,-,-,5346.4000,5346.2000,5346.0000,5345.2000,5345.0000,5347.2000,5348.6000,5349.0000,5349.8000,5351.4000,2,1,3,2,9,4,2,1,1,2
SF,IC2003,2020-01-03 14:52:46.400,5346.4000,54226,1,12552558640.000,1,1,0,双开,B,5346.4000,5346.2000,5346.0000,5345.2000,5345.0000,5347.2000,5348.6000,5349.0000,5349.8000,5351.4000,1,1,3,2,9,4,2,1,1,2
SF,IC2003,2020-01-03 14:52:46.900,5346.4000,54226,0,12552558640.000,0,-,-,-,-,5346.4000,5346.2000,5346.0000,5345.2000,5345.0000,5347.0000,5348.6000,5349.0000,5349.8000,5351.4000,1,1,3,2,9,1,2,1,1,2
SF,IC2003,2020-01-03 14:52:47.400,5347.0000,54227,1,12553628040.000,1,1,0,双开,B,5347.0000,5346.4000,5346.2000,5346.0000,5345.2000,5348.6000,5349.0000,5349.8000,5351.4000,5351.8000,6,1,1,3,2,2,1,1,2,1
SF,IC2003,2020-01-03 14:52:47.900,5348.4000,54228,1,12554697720.000,1,1,0,双开,B,5347.2000,5347.0000,5346.2000,5346.0000,5345.2000,5348.4000,5348.6000,5349.0000,5351.4000,5351.8000,2,5,1,3,2,5,2,1,2,1
SF,IC2003,2020-01-03 14:52:48.400,5348.4000,54228,0,12555767400.000,1,0,1,空换,B,5347.4000,5347.2000,5347.0000,5346.2000,5346.0000,5348.6000,5349.0000,5351.4000,5351.8000,5353.0000,1,2,5,1,3,2,1,2,1,1
SF,IC2003,2020-01-03 14:52:48.900,5348.6000,54230,2,12557906840.000,2,2,0,双开,B,5348.6000,5348.2000,5347.6000,5347.4000,5347.0000,5349.0000,5351.4000,5351.8000,5353.0000,5353.4000,1,2,6,1,5,1,2,1,1,1
SF,IC2003,2020-01-03 14:52:49.400,5351.4000,54231,1,12560046920.000,2,1,1,多开,B,5349.0000,5347.6000,5347.4000,5347.0000,5346.2000,5351.4000,5351.8000,5353.0000,5353.4000,5353.8000,1,4,1,1,1,1,1,1,1,2
SF,IC2003,2020-01-03 14:52:49.900,5351.4000,54231,0,12560046920.000,0,-,-,-,-,5349.2000,5347.6000,5347.4000,5347.0000,5346.2000,5350.2000,5350.4000,5350.6000,5350.8000,5351.0000,2,2,1,1,1,1,2,1,2,4
SF,IC2003,2020-01-03 14:52:50.400,5351.4000,54231,0,12560046920.000,0,-,-,-,-,5347.6000,5347.4000,5347.0000,5346.2000,5346.0000,5350.0000,5350.2000,5350.4000,5350.8000,5351.0000,2,1,1,1,3,2,1,2,2,3
SF,IC2003,2020-01-03 14:52:50.900,5351.4000,54231,0,12560046920.000,0,-,-,-,-,5348.0000,5347.8000,5347.6000,5347.0000,5346.2000,5349.6000,5350.0000,5350.4000,5350.8000,5351.0000,2,3,1,1,1,1,2,2,1,3
SF,IC2003,2020-01-03 14:52:51.400,5348.2000,54231,0,12561116560.000,1,0,1,空换,B,5348.2000,5348.0000,5347.8000,5347.6000,5347.0000,5349.4000,5349.6000,5350.4000,5350.8000,5351.0000,2,1,1,1,1,2,1,2,1,2
SF,IC2003,2020-01-03 14:52:51.900,5348.2000,54231,0,12561116560.000,0,-,-,-,-,5348.2000,5348.0000,5347.8000,5347.6000,5347.0000,5349.4000,5349.6000,5350.4000,5350.8000,5351.0000,1,1,1,1,1,2,1,2,1,2
SF,IC2003,2020-01-03 14:52:52.400,5348.2000,54231,0,12561116560.000,0,-,-,-,-,5348.4000,5348.2000,5348.0000,5347.8000,5347.6000,5349.4000,5349.6000,5350.4000,5350.8000,5351.0000,2,1,1,1,1,2,1,2,2,2
SF,IC2003,2020-01-03 14:52:52.900,5346.0000,54233,2,12570742080.000,9,5,4,多开,B,5346.0000,5345.2000,5345.0000,5344.0000,5343.6000,5349.4000,5349.6000,5350.4000,5350.8000,5351.0000,2,2,9,1,1,2,1,2,2,2
SF,IC2003,2020-01-03 14:52:53.400,5346.0000,54233,0,12570742080.000,0,-,-,-,-,5348.0000,5347.2000,5346.8000,5346.6000,5346.4000,5349.2000,5349.4000,5349.6000,5350.4000,5350.8000,4,1,4,4,3,3,2,1,2,2
SF,IC2003,2020-01-03 14:52:53.900,5346.0000,54233,0,12570742080.000,0,-,-,-,-,5348.0000,5346.8000,5346.6000,5346.4000,5346.0000,5349.0000,5349.6000,5350.4000,5350.8000,5351.0000,2,4,3,3,2,2,1,2,1,2
SF,IC2003,2020-01-03 14:52:54.400,5346.0000,54233,0,12570742080.000,0,-,-,-,-,5348.2000,5348.0000,5346.8000,5346.6000,5346.4000,5349.0000,5349.6000,5350.2000,5350.8000,5351.0000,1,2,4,4,6,2,1,1,1,2
SF,IC2003,2020-01-03 14:52:54.900,5346.0000,54233,0,12570742080.000,0,-,-,-,-,5348.2000,5348.0000,5347.6000,5346.8000,5346.6000,5349.0000,5349.6000,5350.2000,5350.8000,5351.0000,1,2,1,4,5,2,1,1,1,2
SF,IC2003,2020-01-03 14:52:55.400,5346.0000,54233,0,12570742080.000,0,-,-,-,-,5348.2000,5348.0000,5347.6000,5347.0000,5346.8000,5349.0000,5349.6000,5350.2000,5350.8000,5351.0000,1,2,1,1,5,2,1,1,1,2
SF,IC2003,2020-01-03 14:52:55.900,5346.0000,54233,0,12570742080.000,0,-,-,-,-,5348.2000,5348.0000,5347.6000,5347.0000,5346.8000,5349.0000,5349.6000,5350.2000,5350.8000,5351.0000,1,2,1,1,5,2,1,1,1,2
SF,IC2003,2020-01-03 14:52:56.400,5346.0000,54233,0,12570742080.000,0,-,-,-,-,5348.2000,5348.0000,5347.6000,5347.0000,5346.8000,5349.0000,5349.6000,5350.2000,5350.8000,5351.0000,1,2,1,1,5,2,1,1,1,2
SF,IC2003,2020-01-03 14:52:56.900,5346.0000,54233,0,12570742080.000,0,-,-,-,-,5347.6000,5347.0000,5346.8000,5346.6000,5346.4000,5349.0000,5349.6000,5350.2000,5350.8000,5351.0000,1,1,5,6,8,2,1,1,1,2
SF,IC2003,2020-01-03 14:52:57.900,5346.0000,54233,0,12570742080.000,0,-,-,-,-,5347.6000,5347.0000,5346.8000,5346.6000,5346.4000,5349.0000,5349.6000,5350.2000,5350.4000,5350.8000,1,1,5,6,8,2,1,1,2,1
SF,IC2003,2020-01-03 14:52:58.400,5346.0000,54233,0,12570742080.000,0,-,-,-,-,5348.2000,5347.6000,5347.0000,5346.8000,5346.6000,5348.4000,5348.6000,5348.8000,5349.0000,5350.2000,1,1,1,1,3,1,2,1,2,1
SF,IC2003,2020-01-03 14:52:58.900,5347.6000,54234,1,12572881240.000,2,1,1,多开,B,5346.6000,5346.4000,5346.2000,5346.0000,5345.4000,5347.6000,5348.0000,5348.2000,5350.2000,5350.4000,1,4,1,5,1,1,1,10,1,2
SF,IC2003,2020-01-03 14:52:59.400,5347.6000,54234,0,12572881240.000,0,-,-,-,-,5346.4000,5346.0000,5345.4000,5345.2000,5345.0000,5347.4000,5348.2000,5348.4000,5350.2000,5350.4000,1,4,1,2,10,2,4,2,1,2
SF,IC2003,2020-01-03 14:52:59.900,5347.6000,54234,0,12572881240.000,0,-,-,-,-,5347.0000,5346.0000,5345.4000,5345.2000,5345.0000,5347.4000,5348.2000,5348.4000,5349.6000,5350.2000,1,2,3,3,10,2,4,2,1,1
SF,IC2003,2020-01-03 14:53:00.400,5347.6000,54234,0,12572881240.000,0,-,-,-,-,5347.0000,5346.0000,5345.4000,5345.2000,5345.0000,5347.4000,5348.2000,5348.4000,5349.6000,5350.2000,1,2,3,3,9,2,4,2,1,1
SF,IC2003,2020-01-03 14:53:00.900,5347.6000,54234,0,12572881240.000,0,-,-,-,-,5347.0000,5346.0000,5345.4000,5345.2000,5345.0000,5347.4000,5348.2000,5348.4000,5349.6000,5350.4000,1,2,3,3,10,2,4,2,1,2
SF,IC2003,2020-01-03 14:53:01.400,5347.6000,54234,0,12572881240.000,0,-,-,-,-,5347.0000,5346.0000,5345.4000,5345.2000,5345.0000,5347.4000,5348.2000,5348.4000,5349.6000,5350.4000,1,2,4,3,10,2,4,2,1,2
SF,IC2003,2020-01-03 14:53:01.900,5347.0000,54234,0,12573950640.000,1,0,1,空换,B,5346.0000,5345.4000,5345.2000,5345.0000,5344.8000,5348.2000,5348.4000,5349.6000,5350.4000,5350.8000,2,2,3,10,2,4,2,1,2,1
SF,IC2003,2020-01-03 14:53:02.400,5347.0000,54234,0,12573950640.000,0,-,-,-,-,5346.0000,5345.4000,5345.2000,5345.0000,5344.8000,5347.8000,5348.0000,5348.2000,5348.4000,5350.4000,2,1,3,10,1,4,7,4,2,2
SF,IC2003,2020-01-03 14:53:02.900,5347.0000,54234,0,12573950640.000,0,-,-,-,-,5346.0000,5345.2000,5345.0000,5344.8000,5344.6000,5347.6000,5347.8000,5348.0000,5348.2000,5348.4000,2,2,10,1,2,2,2,5,4,2
SF,IC2003,2020-01-03 14:53:03.400,5347.0000,54234,0,12573950640.000,0,-,-,-,-,5346.4000,5346.2000,5346.0000,5345.2000,5345.0000,5347.6000,5347.8000,5348.0000,5348.2000,5348.4000,2,1,2,2,10,2,2,5,4,2
SF,IC2003,2020-01-03 14:53:03.900,5347.0000,54234,0,12573950640.000,0,-,-,-,-,5346.4000,5346.2000,5346.0000,5345.2000,5345.0000,5347.6000,5347.8000,5348.0000,5348.2000,5348.4000,2,1,2,2,10,2,2,2,4,2
SF,IC2003,2020-01-03 14:53:04.400,5347.0000,54234,0,12573950640.000,0,-,-,-,-,5346.4000,5346.2000,5346.0000,5345.4000,5345.2000,5347.6000,5347.8000,5348.0000,5348.2000,5348.4000,2,1,2,1,2,2,2,2,4,2
SF,IC2003,2020-01-03 14:53:04.900,5347.0000,54234,0,12573950640.000,0,-,-,-,-,5346.8000,5346.2000,5346.0000,5345.4000,5345.2000,5347.6000,5347.8000,5348.0000,5348.2000,5348.4000,1,1,2,1,2,2,2,2,4,2
SF,IC2003,2020-01-03 14:53:05.400,5347.0000,54234,0,12573950640.000,0,-,-,-,-,5346.8000,5346.2000,5346.0000,5345.4000,5345.2000,5347.4000,5347.6000,5347.8000,5348.0000,5348.2000,1,1,2,1,2,1,2,2,2,4
SF,IC2003,2020-01-03 14:53:05.900,5347.0000,54234,0,12573950640.000,0,-,-,-,-,5346.8000,5346.2000,5346.0000,5345.4000,5345.2000,5347.2000,5347.4000,5347.8000,5348.0000,5348.2000,1,1,2,1,2,2,1,2,2,4
SF,IC2003,2020-01-03 14:53:06.400,5347.0000,54234,0,12573950640.000,0,-,-,-,-,5346.2000,5346.0000,5345.2000,5345.0000,5344.8000,5347.2000,5347.4000,5347.8000,5348.0000,5348.2000,1,2,2,10,1,2,1,1,2,4
SF,IC2003,2020-01-03 14:53:07.400,5347.0000,54234,0,12573950640.000,0,-,-,-,-,5346.4000,5346.2000,5346.0000,5345.2000,5345.0000,5347.0000,5347.2000,5347.4000,5347.8000,5348.0000,1,1,2,2,10,1,2,1,1,2
SF,IC2003,2020-01-03 14:53:07.900,5347.0000,54234,0,12573950640.000,0,-,-,-,-,5346.4000,5346.2000,5346.0000,5345.2000,5345.0000,5346.8000,5347.0000,5347.4000,5347.6000,5347.8000,1,1,2,2,10,2,1,1,1,1
SF,IC2003,2020-01-03 14:53:08.400,5347.0000,54234,0,12573950640.000,0,-,-,-,-,5346.4000,5346.2000,5346.0000,5345.2000,5345.0000,5346.8000,5347.0000,5347.6000,5347.8000,5348.0000,1,1,2,2,10,2,1,1,1,1
SF,IC2003,2020-01-03 14:53:08.900,5346.8000,54234,0,12575020000.000,1,0,1,空换,B,5346.4000,5346.2000,5346.0000,5345.2000,5345.0000,5346.8000,5347.6000,5347.8000,5348.0000,5348.2000,1,1,2,2,10,1,1,1,1,3
SF,IC2003,2020-01-03 14:53:09.400,5346.8000,54234,0,12575020000.000,0,-,-,-,-,5346.4000,5346.2000,5346.0000,5345.2000,5345.0000,5346.8000,5347.6000,5347.8000,5348.0000,5348.2000,1,1,2,2,9,1,1,1,1,3
SF,IC2003,2020-01-03 14:53:09.900,5346.4000,54235,1,12576089280.000,1,1,0,双开,B,5346.2000,5346.0000,5345.2000,5345.0000,5344.8000,5346.4000,5346.8000,5347.6000,5347.8000,5348.0000,1,2,2,9,1,1,1,1,1,1
SF,IC2003,2020-01-03 14:53:10.400,5346.4000,54236,1,12577158560.000,1,1,0,双开,B,5346.4000,5346.2000,5346.0000,5345.2000,5345.0000,5346.8000,5347.6000,5347.8000,5348.0000,5348.2000,1,1,2,2,9,1,1,1,1,3
SF,IC2003,2020-01-03 14:53:10.900,5346.4000,54236,0,12577158560.000,0,-,-,-,-,5346.4000,5346.2000,5346.0000,5345.2000,5345.0000,5346.8000,5347.6000,5347.8000,5348.0000,5348.2000,1,1,2,2,9,1,1,1,1,3
SF,IC2003,2020-01-03 14:53:11.400,5346.4000,54236,0,12577158560.000,0,-,-,-,-,5346.4000,5346.2000,5346.0000,5345.2000,5345.0000,5346.8000,5347.6000,5347.8000,5348.0000,5348.2000,1,2,2,2,9,1,1,1,1,3
SF,IC2003,2020-01-03 14:53:11.900,5346.4000,54236,0,12577158560.000,0,-,-,-,-,5346.4000,5346.2000,5346.0000,5345.2000,5345.0000,5346.8000,5347.6000,5347.8000,5348.0000,5348.2000,1,2,2,2,9,1,1,1,1,3
SF,IC2003,2020-01-03 14:53:12.900,5346.4000,54236,0,12577158560.000,0,-,-,-,-,5346.4000,5346.2000,5346.0000,5345.2000,5345.0000,5346.8000,5347.6000,5347.8000,5348.0000,5348.2000,1,2,2,2,9,1,1,1,1,3
SF,IC2003,2020-01-03 14:53:14.400,5346.8000,54237,1,12578227920.000,1,1,0,双开,B,5346.8000,5346.4000,5346.2000,5346.0000,5345.2000,5347.6000,5347.8000,5348.0000,5348.2000,5348.6000,1,1,2,2,2,1,1,1,3,1
SF,IC2003,2020-01-03 14:53:14.900,5346.8000,54237,0,12578227920.000,0,-,-,-,-,5346.4000,5346.2000,5346.0000,5345.2000,5345.0000,5347.4000,5347.6000,5347.8000,5348.0000,5348.2000,1,2,2,2,9,3,1,1,1,3
SF,IC2003,2020-01-03 14:53:15.400,5346.8000,54237,0,12578227920.000,0,-,-,-,-,5346.6000,5346.4000,5346.2000,5346.0000,5345.2000,5347.4000,5347.8000,5348.0000,5348.2000,5348.6000,1,1,2,2,2,3,1,1,3,1
SF,IC2003,2020-01-03 14:53:17.400,5346.8000,54237,0,12578227920.000,0,-,-,-,-,5346.6000,5346.4000,5346.2000,5346.0000,5345.2000,5347.4000,5347.8000,5348.0000,5348.2000,5348.6000,1,1,2,3,2,3,1,1,3,1
SF,IC2003,2020-01-03 14:53:17.900,5346.8000,54237,0,12578227920.000,0,-,-,-,-,5346.4000,5346.2000,5346.0000,5345.2000,5345.0000,5347.2000,5347.4000,5347.8000,5348.2000,5348.6000,1,2,3,2,9,2,3,1,3,1
SF,IC2003,2020-01-03 14:53:18.400,5346.2000,54235,-2,12580366440.000,2,0,2,双平,B,5346.2000,5346.0000,5345.2000,5345.0000,5344.2000,5347.0000,5347.2000,5347.4000,5347.8000,5348.2000,1,3,2,9,1,2,1,1,1,3
SF,IC2003,2020-01-03 14:53:18.900,5346.2000,54236,1,12581435680.000,1,1,0,双开,B,5346.0000,5345.2000,5345.0000,5344.2000,5344.0000,5346.2000,5346.8000,5347.0000,5347.2000,5347.4000,3,2,9,1,2,4,2,2,1,1
SF,IC2003,2020-01-03 14:53:19.400,5346.4000,54239,3,12585712560.000,4,3,1,多开,B,5345.2000,5345.0000,5344.2000,5344.0000,5343.6000,5346.8000,5347.0000,5347.2000,5348.6000,5349.4000,2,9,1,2,1,2,2,1,1,2
SF,IC2003,2020-01-03 14:53:19.900,5346.4000,54239,0,12585712560.000,0,-,-,-,-,5345.2000,5345.0000,5344.2000,5344.0000,5343.6000,5346.6000,5346.8000,5347.2000,5349.4000,5350.8000,2,9,1,2,1,3,2,1,2,1
SF,IC2003,2020-01-03 14:53:20.400,5346.4000,54239,0,12585712560.000,0,-,-,-,-,5345.2000,5345.0000,5344.2000,5344.0000,5343.6000,5346.2000,5346.4000,5346.6000,5347.2000,5349.4000,2,9,1,2,1,1,2,3,1,2
SF,IC2003,2020-01-03 14:53:20.900,5346.4000,54239,0,12585712560.000,0,-,-,-,-,5345.2000,5345.0000,5344.2000,5344.0000,5343.6000,5346.0000,5346.2000,5346.4000,5346.6000,5349.4000,2,9,1,2,1,9,1,2,1,2
SF,IC2003,2020-01-03 14:53:21.400,5346.4000,54239,0,12585712560.000,0,-,-,-,-,5345.2000,5345.0000,5343.6000,5343.0000,5342.6000,5346.0000,5346.2000,5346.4000,5346.6000,5349.4000,2,9,1,3,3,3,1,2,1,2
SF,IC2003,2020-01-03 14:53:21.900,5346.4000,54239,0,12585712560.000,0,-,-,-,-,5345.2000,5345.0000,5343.6000,5343.0000,5342.6000,5346.0000,5346.2000,5346.4000,5346.6000,5349.4000,2,9,1,3,3,3,1,1,1,2
SF,IC2003,2020-01-03 14:53:22.400,5346.4000,54239,0,12585712560.000,0,-,-,-,-,5345.2000,5345.0000,5343.6000,5343.0000,5342.6000,5345.8000,5346.0000,5346.2000,5346.4000,5346.6000,2,9,1,3,3,1,3,1,1,1
SF,IC2003,2020-01-03 14:53:23.400,5345.2000,54242,3,12588919680.000,3,3,0,双开,B,5345.0000,5343.6000,5343.0000,5342.6000,5342.0000,5345.8000,5346.0000,5346.2000,5346.4000,5346.6000,9,1,3,3,1,1,3,1,1,1
SF,IC2003,2020-01-03 14:53:23.900,5345.0000,54241,-1,12592126680.000,3,1,2,空平,B,5345.0000,5343.6000,5343.0000,5342.6000,5342.0000,5345.6000,5345.8000,5346.0000,5346.4000,5346.6000,6,1,3,3,1,6,1,1,2,1
SF,IC2003,2020-01-03 14:53:24.400,5345.0000,54243,2,12598540680.000,6,4,2,多开,B,5343.6000,5343.0000,5342.6000,5342.0000,5341.8000,5344.4000,5345.6000,5345.8000,5346.0000,5346.4000,1,3,3,1,1,1,7,1,1,1
SF,IC2003,2020-01-03 14:53:24.900,5344.4000,54244,1,12599609560.000,1,1,0,双开,B,5344.4000,5343.8000,5343.6000,5343.0000,5342.6000,5345.6000,5345.8000,5346.6000,5349.4000,5350.8000,2,1,1,3,3,7,1,1,2,1
SF,IC2003,2020-01-03 14:53:25.400,5344.4000,54244,0,12599609560.000,0,-,-,-,-,5344.6000,5344.4000,5343.8000,5343.6000,5343.0000,5345.6000,5345.8000,5346.6000,5349.4000,5350.8000,2,1,1,1,3,7,1,1,2,1
SF,IC2003,2020-01-03 14:53:25.900,5344.4000,54244,0,12599609560.000,0,-,-,-,-,5344.4000,5343.6000,5343.0000,5342.6000,5342.0000,5345.2000,5345.4000,5345.6000,5346.6000,5349.4000,1,1,3,3,1,2,4,7,1,2
SF,IC2003,2020-01-03 14:53:26.400,5344.4000,54244,0,12599609560.000,0,-,-,-,-,5344.4000,5343.6000,5343.0000,5342.6000,5342.0000,5345.2000,5345.4000,5345.6000,5346.6000,5349.4000,1,1,3,3,1,3,1,7,1,2
SF,IC2003,2020-01-03 14:53:26.900,5345.2000,54244,0,12600678600.000,1,0,1,空换,B,5344.2000,5343.6000,5343.0000,5342.6000,5342.0000,5345.2000,5345.4000,5345.6000,5346.6000,5349.4000,1,1,3,3,1,2,1,7,1,2
SF,IC2003,2020-01-03 14:53:27.400,5345.2000,54244,0,12600678600.000,0,-,-,-,-,5344.4000,5344.2000,5343.6000,5343.0000,5342.6000,5345.2000,5345.4000,5345.6000,5346.6000,5349.4000,1,1,1,2,1,2,1,7,1,2
SF,IC2003,2020-01-03 14:53:28.400,5345.2000,54244,0,12600678600.000,0,-,-,-,-,5344.4000,5344.2000,5343.6000,5343.0000,5342.6000,5345.2000,5345.4000,5345.6000,5346.6000,5349.4000,1,1,1,2,1,2,1,7,1,2
SF,IC2003,2020-01-03 14:53:28.900,5345.2000,54244,0,12600678600.000,0,-,-,-,-,5344.2000,5343.6000,5343.0000,5342.6000,5342.0000,5345.0000,5345.2000,5345.6000,5346.6000,5349.4000,1,1,2,1,1,1,2,7,1,2
SF,IC2003,2020-01-03 14:53:29.400,5345.2000,54244,0,12600678600.000,0,-,-,-,-,5344.2000,5343.6000,5343.0000,5342.6000,5342.0000,5344.8000,5345.0000,5345.2000,5345.6000,5346.6000,1,1,2,1,1,2,1,2,5,1
SF,IC2003,2020-01-03 14:53:29.900,5345.2000,54244,0,12600678600.000,0,-,-,-,-,5344.2000,5343.6000,5343.0000,5342.6000,5342.0000,5344.8000,5345.0000,5345.2000,5345.6000,5346.6000,1,1,2,1,1,2,1,2,4,1
SF,IC2003,2020-01-03 14:53:30.400,5344.2000,54245,1,12601747440.000,1,1,0,双开,B,5343.6000,5343.0000,5342.6000,5342.0000,5341.8000,5344.8000,5345.0000,5345.2000,5345.6000,5346.6000,1,2,1,1,1,2,1,2,4,1
SF,IC2003,2020-01-03 14:53:30.900,5344.2000,54245,0,12601747440.000,0,-,-,-,-,5343.8000,5343.6000,5343.0000,5342.6000,5342.0000,5344.8000,5345.0000,5345.2000,5345.6000,5346.6000,1,1,2,1,1,2,1,2,4,1
SF,IC2003,2020-01-03 14:53:31.400,5344.0000,54244,-1,12602816240.000,1,0,1,双平,B,5343.8000,5343.6000,5343.0000,5342.6000,5342.0000,5344.0000,5344.8000,5345.0000,5345.2000,5345.6000,1,1,2,1,1,9,2,1,2,4
SF,IC2003,2020-01-03 14:53:31.900,5344.0000,54244,0,12602816240.000,0,-,-,-,-,5343.8000,5343.6000,5343.0000,5342.6000,5342.0000,5344.0000,5344.8000,5345.0000,5345.2000,5345.6000,1,1,2,1,1,9,2,1,1,4
SF,IC2003,2020-01-03 14:53:32.400,5343.8000,54245,1,12603885000.000,1,1,0,双开,B,5343.6000,5343.0000,5342.6000,5342.0000,5341.8000,5344.0000,5344.8000,5345.0000,5345.2000,5345.6000,1,2,1,1,1,9,2,1,1,4
SF,IC2003,2020-01-03 14:53:32.900,5343.6000,54243,-2,12606022520.000,2,0,2,双平,B,5343.0000,5342.6000,5342.0000,5341.8000,5341.6000,5344.0000,5344.8000,5345.0000,5345.2000,5345.6000,2,1,1,1,6,8,2,1,1,4
SF,IC2003,2020-01-03 14:53:33.400,5343.6000,54243,0,12606022520.000,0,-,-,-,-,5343.0000,5342.6000,5342.0000,5341.8000,5341.6000,5343.8000,5344.0000,5345.0000,5345.2000,5345.6000,2,1,1,1,6,2,8,1,1,4
SF,IC2003,2020-01-03 14:53:33.900,5343.6000,54243,0,12606022520.000,0,-,-,-,-,5343.0000,5342.6000,5342.0000,5341.8000,5341.6000,5344.0000,5345.0000,5345.2000,5345.6000,5346.6000,2,1,1,1,6,8,1,1,4,1
SF,IC2003,2020-01-03 14:53:34.400,5343.6000,54243,0,12606022520.000,0,-,-,-,-,5343.0000,5342.6000,5342.0000,5341.8000,5341.6000,5343.8000,5344.0000,5345.0000,5345.2000,5345.6000,2,1,1,1,6,2,8,1,1,4
SF,IC2003,2020-01-03 14:53:34.900,5343.6000,54243,0,12606022520.000,0,-,-,-,-,5343.0000,5342.6000,5342.0000,5341.8000,5341.6000,5343.8000,5344.0000,5345.0000,5345.2000,5345.6000,2,1,1,1,6,2,8,1,1,4
SF,IC2003,2020-01-03 14:53:35.900,5343.6000,54243,0,12606022520.000,0,-,-,-,-,5343.6000,5343.0000,5342.6000,5342.0000,5341.8000,5343.8000,5344.0000,5345.0000,5345.2000,5345.6000,1,2,1,1,1,2,8,1,1,4
SF,IC2003,2020-01-03 14:53:36.400,5343.0000,54242,-1,12608159840.000,2,0,2,空平,B,5343.0000,5342.6000,5342.0000,5341.8000,5341.6000,5343.6000,5344.0000,5345.0000,5345.2000,5345.6000,1,1,1,1,6,1,8,1,1,4
SF,IC2003,2020-01-03 14:53:36.900,5343.0000,54242,0,12608159840.000,0,-,-,-,-,5343.0000,5342.6000,5342.0000,5341.8000,5341.6000,5344.0000,5345.0000,5345.2000,5345.6000,5346.6000,1,1,1,1,6,8,1,1,4,1
SF,IC2003,2020-01-03 14:53:37.400,5343.0000,54242,0,12609228440.000,1,0,1,空换,B,5342.6000,5342.0000,5341.8000,5341.6000,5341.0000,5343.8000,5344.0000,5345.0000,5345.2000,5345.6000,1,1,1,6,11,2,8,1,1,4
SF,IC2003,2020-01-03 14:53:37.900,5343.0000,54242,0,12609228440.000,0,-,-,-,-,5343.0000,5342.8000,5342.6000,5342.0000,5341.8000,5343.6000,5343.8000,5344.0000,5345.0000,5345.2000,2,2,1,1,1,1,2,8,1,1
SF,IC2003,2020-01-03 14:53:38.400,5343.0000,54242,0,12609228440.000,0,-,-,-,-,5343.0000,5342.8000,5342.6000,5342.0000,5341.8000,5343.6000,5344.0000,5345.0000,5345.2000,5345.6000,2,2,1,1,1,1,8,1,1,4
SF,IC2003,2020-01-03 14:53:38.900,5343.6000,54243,1,12610297160.000,1,1,0,双开,B,5343.4000,5343.2000,5342.8000,5342.6000,5342.0000,5344.0000,5345.0000,5345.2000,5345.6000,5346.6000,1,1,2,1,1,8,1,1,4,1
SF,IC2003,2020-01-03 14:53:39.400,5343.6000,54243,0,12610297160.000,0,-,-,-,-,5343.4000,5342.8000,5342.6000,5342.0000,5341.8000,5344.0000,5345.0000,5345.2000,5345.6000,5346.6000,1,2,1,1,1,8,1,1,4,1
SF,IC2003,2020-01-03 14:53:41.400,5343.6000,54243,0,12610297160.000,0,-,-,-,-,5343.4000,5342.8000,5342.6000,5342.0000,5341.8000,5344.0000,5345.2000,5345.6000,5346.6000,5349.4000,1,2,1,1,1,8,1,4,1,2
SF,IC2003,2020-01-03 14:53:41.900,5343.6000,54243,0,12610297160.000,0,-,-,-,-,5343.4000,5342.8000,5342.6000,5342.0000,5341.8000,5344.0000,5345.2000,5345.6000,5346.6000,5349.4000,1,2,1,1,1,8,1,4,1,2
SF,IC2003,2020-01-03 14:53:42.400,5343.4000,54244,1,12611365840.000,1,1,0,双开,B,5342.8000,5342.6000,5342.0000,5341.8000,5341.6000,5343.4000,5344.0000,5345.2000,5345.6000,5346.6000,2,1,1,1,6,1,8,1,4,1
SF,IC2003,2020-01-03 14:53:42.900,5343.4000,54244,0,12611365840.000,0,-,-,-,-,5343.0000,5342.8000,5342.6000,5342.0000,5341.8000,5343.4000,5344.0000,5345.2000,5345.6000,5346.6000,1,2,1,1,1,1,8,1,4,1
SF,IC2003,2020-01-03 14:53:43.400,5343.4000,54244,0,12611365840.000,0,-,-,-,-,5342.6000,5342.0000,5341.8000,5341.6000,5341.4000,5343.4000,5344.0000,5345.2000,5345.6000,5346.6000,1,1,1,6,1,1,8,1,4,1
SF,IC2003,2020-01-03 14:53:43.900,5343.4000,54244,0,12612434520.000,1,0,1,空换,B,5343.6000,5342.6000,5342.0000,5341.8000,5341.6000,5344.0000,5345.2000,5345.6000,5346.6000,5349.4000,1,1,1,1,6,8,1,4,1,2
SF,IC2003,2020-01-03 14:53:44.900,5343.4000,54244,0,12612434520.000,0,-,-,-,-,5343.6000,5342.6000,5342.0000,5341.8000,5341.6000,5344.0000,5345.2000,5345.6000,5346.6000,5349.4000,1,1,1,1,6,8,1,4,1,2
SF,IC2003,2020-01-03 14:53:45.400,5344.0000,54241,-3,12615640920.000,3,0,3,双平,B,5343.8000,5343.6000,5342.6000,5342.0000,5341.8000,5344.0000,5345.2000,5345.6000,5346.6000,5349.4000,1,1,1,1,1,5,1,4,1,2
SF,IC2003,2020-01-03 14:53:45.900,5344.0000,54241,0,12622053720.000,6,3,3,空换,B,5344.0000,5343.8000,5343.6000,5342.6000,5342.0000,5345.2000,5345.6000,5346.6000,5349.4000,5350.8000,8,1,1,1,1,1,1,1,2,1
SF,IC2003,2020-01-03 14:53:46.400,5344.0000,54241,0,12622053720.000,0,-,-,-,-,5344.0000,5343.8000,5343.6000,5342.6000,5342.0000,5345.0000,5345.2000,5345.6000,5346.6000,5349.4000,3,1,1,1,1,2,1,1,1,2
SF,IC2003,2020-01-03 14:53:47.400,5344.0000,54241,0,12622053720.000,0,-,-,-,-,5344.0000,5343.8000,5343.6000,5342.6000,5342.0000,5344.2000,5345.0000,5345.2000,5345.6000,5346.6000,3,1,1,1,1,1,2,1,1,1
SF,IC2003,2020-01-03 14:53:47.900,5344.2000,54242,1,12623122560.000,1,1,0,双开,B,5344.2000,5344.0000,5343.8000,5343.6000,5342.6000,5345.0000,5345.2000,5345.6000,5346.6000,5349.4000,3,2,1,1,1,2,1,1,1,2
SF,IC2003,2020-01-03 14:53:48.400,5344.2000,54242,0,12623122560.000,0,-,-,-,-,5344.2000,5344.0000,5343.8000,5343.6000,5342.6000,5344.4000,5345.0000,5345.2000,5345.6000,5346.6000,2,2,1,1,1,1,2,1,1,1
SF,IC2003,2020-01-03 14:53:48.900,5344.0000,54243,1,12624191360.000,1,1,0,双开,B,5344.0000,5343.8000,5343.6000,5342.6000,5342.0000,5345.0000,5345.2000,5345.6000,5346.6000,5349.4000,1,1,1,1,1,2,1,1,1,2
SF,IC2003,2020-01-03 14:53:50.400,5344.0000,54243,0,12624191360.000,0,-,-,-,-,5344.0000,5343.8000,5343.6000,5342.6000,5342.0000,5344.8000,5345.0000,5345.2000,5345.6000,5346.6000,1,1,1,1,1,1,2,1,1,1
SF,IC2003,2020-01-03 14:53:50.900,5344.0000,54243,0,12624191360.000,0,-,-,-,-,5343.8000,5343.6000,5342.6000,5342.0000,5341.8000,5344.6000,5344.8000,5345.2000,5345.6000,5346.6000,1,1,1,1,1,2,1,1,1,1
SF,IC2003,2020-01-03 14:53:51.400,5344.0000,54243,0,12624191360.000,0,-,-,-,-,5343.8000,5343.6000,5342.6000,5342.0000,5341.8000,5344.6000,5345.2000,5345.6000,5346.6000,5349.4000,1,1,1,1,1,2,1,1,1,2
SF,IC2003,2020-01-03 14:53:52.400,5344.0000,54243,0,12624191360.000,0,-,-,-,-,5343.8000,5343.6000,5342.6000,5342.0000,5341.8000,5344.6000,5345.2000,5345.6000,5346.6000,5349.4000,1,1,1,1,1,2,1,1,1,2
SF,IC2003,2020-01-03 14:53:52.900,5344.0000,54243,0,12624191360.000,0,-,-,-,-,5344.0000,5343.8000,5343.6000,5342.6000,5342.0000,5344.6000,5345.2000,5345.6000,5346.0000,5346.6000,1,1,1,1,1,2,1,1,1,1
SF,IC2003,2020-01-03 14:53:53.400,5344.0000,54243,0,12624191360.000,0,-,-,-,-,5344.2000,5344.0000,5343.8000,5343.6000,5342.6000,5345.2000,5345.6000,5346.0000,5346.6000,5349.4000,1,1,1,1,1,1,1,1,1,2
SF,IC2003,2020-01-03 14:53:53.900,5344.0000,54243,0,12624191360.000,0,-,-,-,-,5344.4000,5344.0000,5343.8000,5343.6000,5343.2000,5345.2000,5345.6000,5346.0000,5346.6000,5349.4000,2,1,1,1,1,1,1,1,1,2
SF,IC2003,2020-01-03 14:53:54.400,5344.0000,54243,0,12624191360.000,0,-,-,-,-,5344.6000,5344.4000,5344.0000,5343.8000,5343.6000,5345.2000,5345.6000,5346.0000,5346.6000,5349.4000,1,2,1,2,1,1,1,1,1,2
SF,IC2003,2020-01-03 14:53:54.900,5344.4000,54243,0,12625260240.000,1,0,1,空换,B,5344.4000,5343.8000,5343.6000,5343.2000,5342.6000,5345.2000,5345.6000,5346.0000,5346.6000,5349.4000,2,2,1,1,1,1,1,1,1,2
SF,IC2003,2020-01-03 14:53:55.900,5344.4000,54243,0,12625260240.000,0,-,-,-,-,5344.6000,5344.4000,5343.8000,5343.6000,5343.2000,5345.0000,5345.2000,5345.6000,5346.0000,5346.6000,1,2,2,1,1,1,1,1,1,1
SF,IC2003,2020-01-03 14:53:56.400,5344.4000,54243,0,12625260240.000,0,-,-,-,-,5344.6000,5343.8000,5343.6000,5343.2000,5342.6000,5345.0000,5345.2000,5345.6000,5346.0000,5346.6000,1,2,1,1,1,1,1,1,1,1
SF,IC2003,2020-01-03 14:53:56.900,5344.4000,54243,0,12625260240.000,0,-,-,-,-,5344.6000,5343.8000,5343.6000,5343.2000,5342.6000,5345.0000,5345.2000,5345.6000,5346.0000,5349.4000,1,2,1,1,1,1,1,1,1,2
SF,IC2003,2020-01-03 14:53:58.900,5344.6000,54242,-1,12626329160.000,1,0,1,双平,B,5343.8000,5343.6000,5343.2000,5342.6000,5342.0000,5344.6000,5345.0000,5345.2000,5345.6000,5346.0000,2,1,1,1,1,1,1,1,1,1
SF,IC2003,2020-01-03 14:53:59.400,5344.6000,54242,0,12626329160.000,0,-,-,-,-,5344.4000,5343.8000,5343.6000,5343.2000,5342.6000,5344.6000,5345.0000,5345.2000,5345.6000,5346.0000,1,2,1,1,1,1,1,1,1,1
SF,IC2003,2020-01-03 14:53:59.900,5344.6000,54242,0,12627398080.000,1,0,1,空换,B,5344.4000,5343.8000,5343.6000,5343.2000,5342.6000,5345.0000,5345.2000,5345.6000,5346.0000,5349.4000,1,2,1,1,3,1,1,1,1,2
SF,IC2003,2020-01-03 14:54:00.400,5344.6000,54242,0,12627398080.000,0,-,-,-,-,5343.8000,5343.6000,5343.2000,5342.6000,5342.0000,5345.0000,5345.2000,5345.6000,5346.0000,5349.4000,2,1,1,3,2,1,1,1,1,2
SF,IC2003,2020-01-03 14:54:00.900,5344.6000,54242,0,12627398080.000,0,-,-,-,-,5343.8000,5343.6000,5343.2000,5342.6000,5342.0000,5345.0000,5345.2000,5345.6000,5346.0000,5349.4000,2,1,1,3,2,1,1,1,1,2
SF,IC2003,2020-01-03 14:54:01.400,5344.6000,54242,0,12627398080.000,0,-,-,-,-,5344.8000,5344.2000,5344.0000,5343.8000,5343.6000,5345.0000,5345.2000,5345.6000,5346.0000,5349.4000,1,1,3,3,1,1,1,1,1,2
SF,IC2003,2020-01-03 14:54:01.900,5344.8000,54242,0,12628467040.000,1,0,1,空换,B,5343.8000,5343.6000,5343.2000,5342.6000,5342.0000,5344.8000,5345.0000,5345.2000,5345.6000,5346.0000,1,1,1,3,2,1,1,1,1,1
SF,IC2003,2020-01-03 14:54:02.400,5344.8000,54242,0,12628467040.000,0,-,-,-,-,5343.8000,5343.6000,5343.2000,5342.6000,5342.0000,5344.6000,5344.8000,5345.0000,5345.2000,5345.6000,1,1,1,3,2,2,1,1,1,1
SF,IC2003,2020-01-03 14:54:04.900,5344.8000,54242,0,12628467040.000,0,-,-,-,-,5344.0000,5343.8000,5343.6000,5343.2000,5342.6000,5344.6000,5344.8000,5345.0000,5345.2000,5345.6000,1,1,1,1,3,2,1,1,1,1
SF,IC2003,2020-01-03 14:54:05.900,5344.8000,54242,0,12628467040.000,0,-,-,-,-,5344.0000,5343.8000,5343.6000,5343.2000,5342.6000,5344.6000,5344.8000,5345.0000,5345.2000,5345.6000,2,1,1,1,3,2,1,1,1,1
SF,IC2003,2020-01-03 14:54:06.400,5344.8000,54242,0,12628467040.000,0,-,-,-,-,5344.0000,5343.8000,5343.6000,5343.2000,5342.6000,5344.6000,5344.8000,5345.0000,5345.2000,5345.6000,2,2,1,1,3,2,1,1,1,1
SF,IC2003,2020-01-03 14:54:06.900,5344.8000,54242,0,12628467040.000,0,-,-,-,-,5344.0000,5343.8000,5343.6000,5343.2000,5342.6000,5344.4000,5344.6000,5345.0000,5345.2000,5345.6000,2,2,1,1,3,1,2,1,1,1
SF,IC2003,2020-01-03 14:54:07.400,5344.4000,54242,0,12629535920.000,1,0,1,空换,B,5344.0000,5343.8000,5343.6000,5343.2000,5342.6000,5344.6000,5345.0000,5345.2000,5345.6000,5346.0000,2,3,1,1,3,2,1,1,2,1
SF,IC2003,2020-01-03 14:54:07.900,5344.6000,54244,2,12631673760.000,2,2,0,双开,B,5344.0000,5343.8000,5343.6000,5343.2000,5342.6000,5345.0000,5345.2000,5345.6000,5346.0000,5349.4000,2,3,1,1,3,1,1,2,1,2
SF,IC2003,2020-01-03 14:54:08.400,5344.6000,54244,0,12631673760.000,0,-,-,-,-,5344.4000,5344.2000,5344.0000,5343.8000,5343.6000,5345.0000,5345.6000,5346.0000,5349.4000,5350.8000,3,2,2,3,1,1,2,1,2,1
SF,IC2003,2020-01-03 14:54:08.900,5345.0000,54244,0,12632742760.000,1,0,1,空换,B,5345.0000,5344.4000,5344.2000,5344.0000,5343.8000,5345.6000,5346.0000,5349.2000,5349.4000,5350.8000,3,3,2,2,3,2,1,1,2,1
SF,IC2003,2020-01-03 14:54:09.400,5345.0000,54244,0,12632742760.000,0,-,-,-,-,5345.0000,5344.4000,5344.2000,5344.0000,5343.8000,5345.6000,5349.2000,5349.4000,5350.8000,5351.0000,1,3,2,2,3,2,1,2,1,2
SF,IC2003,2020-01-03 14:54:09.900,5345.0000,54244,0,12632742760.000,0,-,-,-,-,5344.4000,5344.2000,5344.0000,5343.8000,5343.6000,5345.6000,5349.2000,5349.4000,5350.8000,5351.0000,3,2,2,3,1,2,1,2,1,2
SF,IC2003,2020-01-03 14:54:10.400,5345.0000,54244,0,12632742760.000,0,-,-,-,-,5344.6000,5344.4000,5344.0000,5343.8000,5343.6000,5345.6000,5349.2000,5349.4000,5350.8000,5351.0000,3,3,2,3,1,2,1,2,1,2
SF,IC2003,2020-01-03 14:54:10.900,5345.0000,54244,0,12632742760.000,0,-,-,-,-,5344.6000,5344.4000,5344.0000,5343.8000,5343.6000,5345.6000,5349.2000,5349.4000,5350.8000,5351.0000,4,3,2,3,1,2,1,2,1,2
SF,IC2003,2020-01-03 14:54:11.400,5345.6000,54244,0,12633811880.000,1,0,1,空换,B,5344.6000,5344.4000,5344.0000,5343.8000,5343.6000,5345.6000,5347.0000,5349.2000,5349.4000,5350.8000,4,3,2,3,1,1,1,1,2,1
SF,IC2003,2020-01-03 14:54:11.900,5345.6000,54244,0,12634881000.000,1,0,1,空换,B,5344.8000,5344.6000,5344.4000,5344.0000,5343.8000,5347.0000,5349.2000,5349.4000,5350.8000,5351.0000,1,3,3,2,3,1,1,2,1,2
SF,IC2003,2020-01-03 14:54:12.400,5345.6000,54244,0,12634881000.000,0,-,-,-,-,5345.0000,5344.8000,5344.6000,5344.4000,5344.0000,5346.2000,5346.4000,5346.6000,5346.8000,5347.0000,2,1,1,3,2,1,3,1,8,1
SF,IC2003,2020-01-03 14:54:12.900,5345.6000,54244,0,12634881000.000,0,-,-,-,-,5344.8000,5344.6000,5344.4000,5344.0000,5343.8000,5346.0000,5346.2000,5346.4000,5347.0000,5349.2000,1,1,3,1,3,7,1,1,1,1
SF,IC2003,2020-01-03 14:54:13.400,5345.6000,54244,0,12634881000.000,0,-,-,-,-,5344.8000,5344.4000,5344.0000,5343.8000,5343.6000,5346.0000,5346.2000,5346.4000,5347.0000,5349.2000,1,3,1,3,1,7,1,1,1,1
SF,IC2003,2020-01-03 14:54:13.900,5346.0000,54247,3,12638088600.000,3,3,0,双开,B,5344.8000,5344.4000,5344.0000,5343.8000,5343.6000,5346.0000,5346.2000,5346.4000,5347.0000,5349.2000,1,3,1,3,1,4,1,1,1,1
SF,IC2003,2020-01-03 14:54:14.400,5346.0000,54247,0,12638088600.000,0,-,-,-,-,5345.0000,5344.8000,5344.4000,5344.0000,5343.8000,5346.0000,5346.2000,5346.4000,5347.0000,5349.2000,2,1,3,1,3,5,1,1,1,1
SF,IC2003,2020-01-03 14:54:14.900,5346.0000,54247,0,12638088600.000,0,-,-,-,-,5345.0000,5344.8000,5344.4000,5344.0000,5343.8000,5346.0000,5346.2000,5346.4000,5349.2000,5349.4000,2,1,3,1,3,5,1,1,1,2
SF,IC2003,2020-01-03 14:54:15.900,5346.0000,54247,0,12638088600.000,0,-,-,-,-,5345.2000,5345.0000,5344.4000,5344.0000,5343.8000,5346.0000,5346.2000,5346.4000,5349.2000,5349.4000,1,2,3,1,3,5,1,1,1,2
SF,IC2003,2020-01-03 14:54:16.400,5346.0000,54247,0,12638088600.000,0,-,-,-,-,5345.2000,5345.0000,5344.4000,5344.0000,5343.8000,5346.0000,5346.4000,5349.2000,5349.4000,5350.8000,1,2,3,1,3,6,1,1,2,1
SF,IC2003,2020-01-03 14:54:16.900,5346.0000,54249,2,12642365400.000,4,3,1,多开,B,5345.4000,5345.2000,5344.4000,5344.0000,5343.8000,5346.4000,5349.2000,5349.4000,5350.8000,5351.0000,2,1,3,1,3,1,1,2,1,2
SF,IC2003,2020-01-03 14:54:17.400,5346.4000,54250,1,12643434680.000,1,1,0,双开,B,5346.2000,5345.8000,5345.4000,5345.2000,5344.4000,5349.2000,5349.4000,5350.8000,5351.0000,5351.2000,2,1,2,1,3,1,2,1,2,1
SF,IC2003,2020-01-03 14:54:17.900,5346.4000,54250,0,12645573240.000,2,1,1,空换,B,5346.4000,5345.8000,5344.4000,5344.0000,5343.8000,5347.4000,5347.8000,5348.0000,5348.2000,5348.6000,1,1,3,2,3,2,3,2,1,4
SF,IC2003,2020-01-03 14:54:18.400,5346.4000,54250,0,12645573240.000,0,-,-,-,-,5346.4000,5344.4000,5344.0000,5343.8000,5343.6000,5346.8000,5347.2000,5347.8000,5348.6000,5348.8000,1,3,2,3,1,1,5,3,1,3
SF,IC2003,2020-01-03 14:54:18.900,5346.4000,54250,0,12645573240.000,0,-,-,-,-,5344.4000,5344.0000,5343.8000,5343.6000,5342.8000,5346.2000,5347.2000,5347.8000,5348.6000,5348.8000,3,2,3,1,1,1,5,4,1,1
SF,IC2003,2020-01-03 14:54:19.400,5346.2000,54250,0,12646642480.000,1,0,1,空换,B,5345.8000,5345.6000,5345.4000,5345.2000,5344.8000,5347.2000,5347.8000,5348.6000,5348.8000,5349.0000,2,2,1,2,1,5,2,1,1,2
SF,IC2003,2020-01-03 14:54:19.900,5346.2000,54250,0,12646642480.000,0,-,-,-,-,5346.8000,5346.0000,5345.4000,5345.2000,5344.6000,5347.0000,5347.2000,5347.8000,5348.6000,5348.8000,1,2,1,2,1,1,5,2,1,1
SF,IC2003,2020-01-03 14:54:20.400,5346.8000,54251,1,12647711840.000,1,1,0,双开,B,5346.0000,5345.4000,5345.2000,5344.6000,5344.4000,5347.0000,5347.2000,5347.8000,5348.6000,5349.0000,2,1,2,1,3,1,5,1,1,2
SF,IC2003,2020-01-03 14:54:20.900,5346.8000,54251,0,12647711840.000,0,-,-,-,-,5346.0000,5345.4000,5345.2000,5344.6000,5344.4000,5346.8000,5347.0000,5347.2000,5347.8000,5348.2000,2,1,2,1,3,1,1,4,1,1
SF,IC2003,2020-01-03 14:54:21.400,5347.2000,54254,3,12650920040.000,3,3,0,双开,B,5346.0000,5345.4000,5345.2000,5344.6000,5344.4000,5347.2000,5347.8000,5348.2000,5348.6000,5349.0000,2,1,2,1,3,4,1,1,1,2
SF,IC2003,2020-01-03 14:54:21.900,5347.2000,54254,0,12650920040.000,0,-,-,-,-,5346.0000,5345.4000,5345.2000,5344.6000,5344.4000,5347.0000,5347.2000,5347.8000,5348.2000,5348.6000,2,1,2,1,3,1,4,1,1,1
SF,IC2003,2020-01-03 14:54:22.400,5347.2000,54254,0,12650920040.000,0,-,-,-,-,5346.0000,5345.4000,5345.2000,5344.6000,5344.4000,5347.0000,5347.2000,5347.4000,5347.8000,5348.6000,2,1,2,1,3,1,4,1,1,1
SF,IC2003,2020-01-03 14:54:22.900,5347.2000,54254,0,12650920040.000,0,-,-,-,-,5346.0000,5345.4000,5345.2000,5344.6000,5344.4000,5346.8000,5347.0000,5347.2000,5347.4000,5347.8000,2,1,2,1,3,1,1,3,1,1
SF,IC2003,2020-01-03 14:54:23.900,5347.2000,54254,0,12650920040.000,0,-,-,-,-,5346.0000,5345.4000,5345.2000,5344.6000,5344.4000,5347.0000,5347.2000,5347.4000,5347.8000,5348.6000,2,1,2,1,3,1,4,1,1,1
SF,IC2003,2020-01-03 14:54:24.400,5347.2000,54254,0,12650920040.000,0,-,-,-,-,5346.8000,5346.0000,5345.4000,5345.2000,5344.6000,5347.0000,5347.2000,5347.4000,5347.8000,5348.6000,1,2,1,2,1,1,4,1,1,1
SF,IC2003,2020-01-03 14:54:24.900,5346.8000,54255,1,12651989400.000,1,1,0,双开,B,5346.0000,5345.4000,5345.2000,5344.6000,5344.4000,5346.8000,5347.0000,5347.2000,5347.4000,5347.8000,2,1,2,1,3,9,1,1,1,1
SF,IC2003,2020-01-03 14:54:25.400,5346.8000,54255,0,12651989400.000,0,-,-,-,-,5346.0000,5345.4000,5345.2000,5344.6000,5344.4000,5346.8000,5347.0000,5347.2000,5347.8000,5348.6000,2,1,2,1,3,4,1,1,1,1
SF,IC2003,2020-01-03 14:54:25.900,5346.8000,54255,0,12651989400.000,0,-,-,-,-,5346.0000,5345.4000,5345.2000,5344.6000,5344.4000,5346.8000,5347.0000,5347.2000,5347.8000,5348.6000,2,1,2,1,3,4,1,1,1,1
SF,IC2003,2020-01-03 14:54:27.400,5346.8000,54255,0,12651989400.000,0,-,-,-,-,5346.0000,5345.4000,5345.2000,5344.6000,5344.4000,5346.8000,5347.0000,5347.2000,5347.8000,5348.6000,2,1,2,1,3,4,1,1,1,1
SF,IC2003,2020-01-03 14:54:27.900,5346.8000,54255,0,12653058760.000,1,0,1,空换,B,5346.0000,5345.4000,5345.2000,5344.6000,5344.4000,5346.8000,5347.0000,5347.2000,5347.8000,5348.6000,2,1,2,1,4,3,1,1,1,1
SF,IC2003,2020-01-03 14:54:28.400,5346.8000,54255,0,12653058760.000,0,-,-,-,-,5346.0000,5345.4000,5345.2000,5344.6000,5344.4000,5346.8000,5347.0000,5347.2000,5347.8000,5348.6000,2,1,3,1,4,3,1,1,1,1
SF,IC2003,2020-01-03 14:54:28.900,5346.8000,54255,0,12653058760.000,0,-,-,-,-,5346.0000,5345.4000,5345.2000,5344.6000,5344.4000,5346.8000,5347.0000,5347.2000,5347.8000,5348.6000,2,3,3,1,4,3,1,1,1,1
SF,IC2003,2020-01-03 14:54:29.400,5346.8000,54255,0,12653058760.000,0,-,-,-,-,5346.0000,5345.4000,5345.2000,5344.6000,5344.4000,5346.8000,5347.0000,5347.2000,5347.8000,5348.6000,2,3,3,1,4,3,2,1,1,1
SF,IC2003,2020-01-03 14:54:30.900,5346.8000,54255,0,12653058760.000,0,-,-,-,-,5346.0000,5345.4000,5345.2000,5344.6000,5344.4000,5346.8000,5347.0000,5347.2000,5347.8000,5348.6000,2,3,3,1,4,1,2,1,1,1
SF,IC2003,2020-01-03 14:54:31.400,5346.8000,54255,0,12653058760.000,0,-,-,-,-,5346.0000,5345.4000,5345.2000,5344.6000,5344.4000,5346.8000,5347.0000,5347.2000,5347.8000,5348.6000,2,3,3,1,5,1,2,1,1,1
SF,IC2003,2020-01-03 14:54:32.400,5346.8000,54255,0,12653058760.000,0,-,-,-,-,5346.0000,5345.4000,5345.2000,5344.8000,5344.6000,5346.8000,5347.0000,5347.2000,5347.8000,5348.6000,2,3,3,1,1,1,2,1,1,1
SF,IC2003,2020-01-03 14:54:32.900,5346.8000,54255,0,12653058760.000,0,-,-,-,-,5346.0000,5345.4000,5345.2000,5344.8000,5344.6000,5346.6000,5346.8000,5347.0000,5347.8000,5348.6000,2,3,3,1,1,1,1,2,1,1
SF,IC2003,2020-01-03 14:54:33.900,5346.0000,54255,0,12655197160.000,2,1,1,空换,B,5345.4000,5345.2000,5344.8000,5344.6000,5344.4000,5346.0000,5346.6000,5346.8000,5347.0000,5347.8000,3,3,1,1,4,1,1,1,2,1
SF,IC2003,2020-01-03 14:54:34.400,5346.6000,54253,-2,12657335680.000,2,0,2,双平,B,5345.4000,5345.2000,5344.8000,5344.6000,5344.4000,5346.6000,5346.8000,5347.0000,5347.8000,5348.6000,3,3,1,1,4,1,1,2,1,1
SF,IC2003,2020-01-03 14:54:34.900,5345.6000,54253,0,12659473920.000,2,1,1,空换,B,5345.4000,5345.2000,5344.8000,5344.6000,5344.4000,5346.8000,5347.0000,5347.8000,5348.6000,5349.0000,3,3,1,1,4,1,2,1,1,2
SF,IC2003,2020-01-03 14:54:35.400,5345.6000,54253,0,12659473920.000,0,-,-,-,-,5345.4000,5345.2000,5344.8000,5344.6000,5344.4000,5346.6000,5346.8000,5347.0000,5347.8000,5348.6000,3,3,1,1,4,3,1,2,1,1
SF,IC2003,2020-01-03 14:54:36.400,5345.6000,54253,0,12659473920.000,0,-,-,-,-,5345.4000,5345.2000,5344.8000,5344.6000,5344.4000,5346.6000,5346.8000,5347.0000,5347.8000,5348.6000,3,3,1,1,4,4,1,2,1,1
SF,IC2003,2020-01-03 14:54:37.400,5345.6000,54253,0,12659473920.000,0,-,-,-,-,5345.4000,5345.2000,5344.8000,5344.6000,5344.4000,5346.6000,5346.8000,5347.0000,5347.8000,5348.0000,3,1,1,1,4,4,1,2,1,1
SF,IC2003,2020-01-03 14:54:38.400,5345.6000,54253,0,12659473920.000,0,-,-,-,-,5345.6000,5345.4000,5345.2000,5344.8000,5344.6000,5346.6000,5346.8000,5347.0000,5347.8000,5348.0000,1,3,1,1,1,3,1,2,1,1
SF,IC2003,2020-01-03 14:54:38.900,5345.6000,54254,1,12660543040.000,1,1,0,双开,B,5345.4000,5345.2000,5344.8000,5344.6000,5344.4000,5346.6000,5346.8000,5347.0000,5347.8000,5348.0000,3,1,1,1,4,3,1,2,1,1
SF,IC2003,2020-01-03 14:54:39.400,5346.4000,54254,0,12661612320.000,1,0,1,空换,B,5345.4000,5345.2000,5344.8000,5344.6000,5344.4000,5346.6000,5346.8000,5347.0000,5347.8000,5348.0000,3,1,1,1,4,3,1,2,1,1
SF,IC2003,2020-01-03 14:54:39.900,5346.4000,54254,0,12661612320.000,0,-,-,-,-,5345.6000,5345.4000,5345.2000,5344.8000,5344.6000,5346.6000,5346.8000,5347.0000,5347.8000,5348.0000,1,3,1,1,1,3,1,2,1,1
SF,IC2003,2020-01-03 14:54:40.400,5345.6000,54255,1,12662681440.000,1,1,0,双开,B,5345.4000,5345.2000,5344.8000,5344.6000,5344.4000,5346.4000,5346.6000,5346.8000,5347.0000,5347.8000,3,1,1,1,4,3,3,1,2,1
SF,IC2003,2020-01-03 14:54:40.900,5345.6000,54255,0,12662681440.000,0,-,-,-,-,5345.4000,5345.2000,5344.8000,5344.6000,5344.4000,5345.6000,5346.2000,5346.4000,5346.6000,5346.8000,2,1,1,1,4,1,2,1,1,1
SF,IC2003,2020-01-03 14:54:41.400,5345.6000,54255,0,12663750560.000,1,0,1,空换,B,5345.6000,5345.4000,5345.2000,5344.8000,5344.6000,5346.2000,5346.4000,5346.6000,5346.8000,5347.0000,1,2,1,1,1,2,1,1,1,2
SF,IC2003,2020-01-03 14:54:43.900,5345.6000,54255,0,12664819680.000,1,0,1,空换,B,5345.4000,5345.2000,5344.8000,5344.6000,5344.4000,5346.2000,5346.4000,5346.6000,5346.8000,5347.0000,2,1,1,1,4,2,1,1,1,2
SF,IC2003,2020-01-03 14:54:44.400,5345.6000,54255,0,12664819680.000,0,-,-,-,-,5345.4000,5345.2000,5344.8000,5344.6000,5344.4000,5346.2000,5346.4000,5346.6000,5346.8000,5347.0000,2,1,1,1,4,2,1,1,1,2
SF,IC2003,2020-01-03 14:54:46.400,5345.6000,54255,0,12664819680.000,0,-,-,-,-,5345.4000,5345.2000,5344.8000,5344.6000,5344.4000,5345.8000,5346.2000,5346.4000,5346.6000,5346.8000,2,1,1,1,4,2,2,1,1,1
SF,IC2003,2020-01-03 14:54:46.900,5345.6000,54255,0,12664819680.000,0,-,-,-,-,5345.4000,5345.2000,5344.8000,5344.4000,5344.2000,5345.8000,5346.2000,5346.6000,5346.8000,5347.0000,2,1,1,4,2,2,2,1,1,1
SF,IC2003,2020-01-03 14:54:47.400,5345.6000,54255,0,12664819680.000,0,-,-,-,-,5345.4000,5345.2000,5344.8000,5344.4000,5344.2000,5345.8000,5346.2000,5346.6000,5346.8000,5347.0000,4,1,1,4,2,2,2,1,1,1
SF,IC2003,2020-01-03 14:54:47.900,5345.6000,54255,0,12664819680.000,0,-,-,-,-,5345.4000,5345.2000,5344.8000,5344.4000,5344.0000,5345.8000,5346.2000,5346.6000,5346.8000,5347.0000,4,1,1,4,4,2,2,1,1,1
SF,IC2003,2020-01-03 14:54:49.400,5345.4000,54255,0,12665888760.000,1,0,1,空换,B,5345.4000,5345.2000,5344.8000,5344.4000,5344.0000,5345.8000,5346.2000,5346.6000,5347.0000,5347.8000,3,1,1,4,4,2,2,1,1,1
SF,IC2003,2020-01-03 14:54:49.900,5345.4000,54255,0,12665888760.000,0,-,-,-,-,5345.4000,5345.2000,5344.8000,5344.4000,5344.0000,5345.8000,5346.2000,5346.6000,5347.0000,5347.8000,3,1,1,4,3,2,2,1,1,1
SF,IC2003,2020-01-03 14:54:51.400,5345.8000,54255,0,12666957920.000,1,0,1,空换,B,5345.4000,5345.2000,5344.8000,5344.4000,5344.0000,5345.8000,5346.2000,5346.6000,5347.0000,5347.8000,3,1,1,4,3,1,2,1,1,1
SF,IC2003,2020-01-03 14:54:51.900,5345.8000,54255,0,12668027080.000,1,0,1,空换,B,5345.6000,5345.4000,5345.2000,5344.8000,5344.4000,5346.2000,5346.6000,5347.0000,5347.8000,5348.6000,1,3,1,1,4,2,1,1,1,1
SF,IC2003,2020-01-03 14:54:52.400,5346.0000,54257,2,12670165400.000,2,2,0,双开,B,5345.4000,5345.2000,5344.8000,5344.4000,5344.0000,5346.0000,5346.2000,5346.6000,5347.0000,5347.8000,1,1,1,4,3,1,2,1,1,1
SF,IC2003,2020-01-03 14:54:52.900,5345.4000,54256,-1,12671234480.000,1,0,1,双平,B,5345.4000,5345.2000,5344.8000,5344.4000,5344.0000,5346.0000,5346.2000,5346.6000,5347.0000,5347.8000,2,1,1,4,3,1,2,1,1,1
SF,IC2003,2020-01-03 14:54:53.400,5345.4000,54256,0,12671234480.000,0,-,-,-,-,5345.4000,5345.2000,5344.8000,5344.4000,5344.0000,5346.0000,5346.2000,5346.6000,5347.0000,5347.8000,2,2,1,4,3,1,2,1,1,1
SF,IC2003,2020-01-03 14:54:56.400,5346.0000,54256,0,12672303680.000,1,0,1,空换,B,5346.0000,5345.4000,5345.2000,5344.8000,5344.4000,5346.2000,5346.6000,5347.0000,5347.8000,5348.6000,1,2,2,1,4,2,1,1,1,1
SF,IC2003,2020-01-03 14:54:57.400,5346.0000,54256,0,12672303680.000,0,-,-,-,-,5346.0000,5345.4000,5345.2000,5344.8000,5344.4000,5346.2000,5347.0000,5347.8000,5348.6000,5349.0000,1,2,2,1,4,2,1,1,1,1
SF,IC2003,2020-01-03 14:54:57.900,5346.2000,54258,2,12674442160.000,2,2,0,双开,B,5346.2000,5346.0000,5345.2000,5344.8000,5344.4000,5347.0000,5347.8000,5348.6000,5349.0000,5349.2000,1,1,2,1,4,1,2,1,1,2
SF,IC2003,2020-01-03 14:54:58.400,5346.2000,54258,0,12674442160.000,0,-,-,-,-,5346.2000,5346.0000,5345.2000,5344.8000,5344.4000,5346.8000,5347.0000,5347.8000,5348.6000,5349.0000,2,1,2,1,4,1,1,2,1,1
SF,IC2003,2020-01-03 14:54:58.900,5346.8000,54259,1,12675511520.000,1,1,0,双开,B,5346.2000,5346.0000,5345.2000,5344.8000,5344.4000,5347.0000,5347.8000,5348.6000,5349.0000,5349.2000,2,1,2,1,4,1,2,1,1,2
SF,IC2003,2020-01-03 14:54:59.400,5346.2000,54259,0,12676580760.000,1,0,1,空换,B,5346.2000,5346.0000,5345.6000,5345.2000,5344.8000,5347.0000,5347.8000,5348.6000,5349.0000,5349.2000,1,1,1,2,1,1,2,1,1,2
SF,IC2003,2020-01-03 14:55:00.400,5346.2000,54259,0,12676580760.000,0,-,-,-,-,5346.2000,5346.0000,5345.6000,5345.2000,5344.8000,5346.8000,5347.0000,5347.8000,5348.6000,5349.0000,1,1,1,2,1,1,1,2,1,1
SF,IC2003,2020-01-03 14:55:00.900,5346.2000,54259,0,12676580760.000,0,-,-,-,-,5346.2000,5346.0000,5345.6000,5345.2000,5344.8000,5346.8000,5347.0000,5347.8000,5348.6000,5349.0000,1,1,1,2,1,1,1,2,1,1
SF,IC2003,2020-01-03 14:55:01.400,5346.0000,54260,1,12678719200.000,2,1,1,多开,B,5345.6000,5345.2000,5344.8000,5344.4000,5344.0000,5346.8000,5347.0000,5347.8000,5348.6000,5349.0000,1,2,1,4,3,1,1,2,1,1
SF,IC2003,2020-01-03 14:55:01.900,5346.0000,54260,0,12678719200.000,0,-,-,-,-,5345.2000,5344.8000,5344.4000,5344.0000,5343.6000,5346.6000,5346.8000,5347.0000,5347.8000,5348.6000,2,1,4,3,10,2,1,1,2,1
SF,IC2003,2020-01-03 14:55:02.400,5345.2000,54260,0,12680857280.000,2,1,1,空换,B,5344.8000,5344.4000,5344.0000,5343.6000,5343.4000,5345.2000,5345.6000,5345.8000,5346.4000,5346.6000,1,4,3,10,2,2,2,2,9,2
SF,IC2003,2020-01-03 14:55:02.900,5345.2000,54260,0,12680857280.000,0,-,-,-,-,5344.8000,5344.4000,5344.0000,5343.6000,5343.4000,5345.0000,5346.4000,5346.6000,5347.0000,5347.8000,1,3,3,10,2,1,5,2,1,2
SF,IC2003,2020-01-03 14:55:03.400,5345.0000,54259,-1,12681926280.000,1,0,1,双平,B,5344.8000,5344.4000,5344.0000,5343.6000,5343.4000,5346.4000,5346.6000,5347.0000,5347.8000,5349.2000,1,3,3,10,2,5,2,1,2,2
SF,IC2003,2020-01-03 14:55:03.900,5345.0000,54259,0,12681926280.000,0,-,-,-,-,5345.0000,5344.8000,5344.4000,5344.0000,5343.6000,5345.2000,5346.2000,5346.4000,5347.0000,5347.8000,2,1,3,3,10,2,3,5,1,2
SF,IC2003,2020-01-03 14:55:04.400,5345.2000,54259,0,12684064360.000,2,1,1,空换,B,5345.0000,5344.8000,5344.4000,5344.0000,5343.6000,5346.2000,5346.4000,5347.0000,5347.8000,5349.2000,2,1,3,3,10,3,5,1,2,2
SF,IC2003,2020-01-03 14:55:04.900,5345.2000,54259,0,12684064360.000,0,-,-,-,-,5345.0000,5344.8000,5344.4000,5344.0000,5343.6000,5346.2000,5346.4000,5347.0000,5347.8000,5349.2000,2,1,3,3,10,1,5,1,2,2
SF,IC2003,2020-01-03 14:55:05.400,5345.2000,54259,0,12684064360.000,0,-,-,-,-,5345.0000,5344.8000,5344.4000,5344.0000,5343.6000,5346.2000,5346.4000,5347.0000,5347.8000,5349.2000,2,1,3,3,10,1,4,1,2,2
SF,IC2003,2020-01-03 14:55:05.900,5345.2000,54259,0,12684064360.000,0,-,-,-,-,5345.0000,5344.8000,5344.4000,5344.0000,5343.6000,5346.2000,5346.4000,5347.0000,5347.8000,5349.2000,2,1,3,3,10,1,1,1,2,2
SF,IC2003,2020-01-03 14:55:06.400,5345.2000,54259,0,12684064360.000,0,-,-,-,-,5345.0000,5344.8000,5344.4000,5344.0000,5343.6000,5347.0000,5347.8000,5349.2000,5349.4000,5350.8000,2,1,3,3,10,1,2,2,2,1
SF,IC2003,2020-01-03 14:55:06.900,5345.2000,54259,0,12684064360.000,0,-,-,-,-,5345.2000,5345.0000,5344.8000,5344.4000,5344.0000,5346.8000,5347.0000,5347.8000,5349.2000,5349.4000,1,2,1,3,3,4,1,2,2,2
SF,IC2003,2020-01-03 14:55:07.400,5345.2000,54259,0,12684064360.000,0,-,-,-,-,5345.2000,5345.0000,5344.8000,5344.4000,5344.0000,5346.6000,5346.8000,5347.0000,5347.2000,5347.8000,1,2,1,3,3,4,3,1,1,2
SF,IC2003,2020-01-03 14:55:07.900,5345.2000,54259,0,12684064360.000,0,-,-,-,-,5345.2000,5345.0000,5344.8000,5344.4000,5344.0000,5346.4000,5346.6000,5346.8000,5347.0000,5347.2000,1,2,1,3,3,2,4,1,1,1
SF,IC2003,2020-01-03 14:55:08.400,5345.2000,54259,0,12684064360.000,0,-,-,-,-,5345.4000,5345.2000,5344.8000,5344.4000,5344.0000,5346.4000,5346.6000,5346.8000,5347.0000,5347.2000,2,1,1,3,3,2,4,1,1,1
SF,IC2003,2020-01-03 14:55:09.400,5345.2000,54259,0,12684064360.000,0,-,-,-,-,5345.4000,5345.2000,5344.4000,5344.0000,5343.6000,5346.4000,5346.6000,5346.8000,5347.0000,5347.2000,2,1,3,3,10,2,4,1,1,1
SF,IC2003,2020-01-03 14:55:09.900,5345.2000,54259,0,12684064360.000,0,-,-,-,-,5345.4000,5344.4000,5344.0000,5343.6000,5343.0000,5346.6000,5346.8000,5347.0000,5347.2000,5347.8000,2,3,3,10,1,4,1,1,1,2
SF,IC2003,2020-01-03 14:55:10.400,5345.2000,54259,0,12684064360.000,0,-,-,-,-,5345.6000,5345.4000,5344.4000,5344.0000,5343.6000,5346.8000,5347.0000,5347.2000,5347.8000,5349.2000,1,2,3,3,10,1,1,1,2,2
SF,IC2003,2020-01-03 14:55:10.900,5345.4000,54259,0,12685133440.000,1,0,1,空换,B,5345.8000,5345.6000,5344.4000,5344.0000,5343.6000,5346.8000,5347.0000,5347.2000,5347.8000,5349.2000,1,1,3,3,10,1,1,1,2,2
SF,IC2003,2020-01-03 14:55:11.900,5345.4000,54259,0,12685133440.000,0,-,-,-,-,5345.8000,5345.6000,5345.2000,5344.4000,5344.0000,5346.8000,5347.0000,5347.2000,5347.8000,5349.2000,1,1,1,3,3,1,1,1,2,2
SF,IC2003,2020-01-03 14:55:12.400,5345.4000,54259,0,12685133440.000,0,-,-,-,-,5346.0000,5345.8000,5345.2000,5344.8000,5344.6000,5346.8000,5347.0000,5347.2000,5347.8000,5349.2000,1,1,1,1,1,1,1,1,2,2
SF,IC2003,2020-01-03 14:55:12.900,5345.4000,54259,0,12685133440.000,0,-,-,-,-,5346.0000,5345.8000,5345.2000,5344.8000,5344.6000,5347.0000,5347.2000,5347.8000,5349.2000,5349.4000,1,1,1,1,1,1,1,1,2,2
SF,IC2003,2020-01-03 14:55:13.400,5345.4000,54259,0,12685133440.000,0,-,-,-,-,5346.2000,5346.0000,5345.2000,5344.8000,5344.6000,5347.0000,5347.2000,5347.8000,5349.2000,5349.4000,2,1,1,1,1,1,1,1,2,2
SF,IC2003,2020-01-03 14:55:14.400,5345.4000,54259,0,12685133440.000,0,-,-,-,-,5346.2000,5345.2000,5344.8000,5344.6000,5344.4000,5347.0000,5347.2000,5347.8000,5349.2000,5349.4000,2,1,1,1,3,1,1,1,2,2
SF,IC2003,2020-01-03 14:55:14.900,5347.2000,54260,1,12687272280.000,2,1,1,多开,B,5346.4000,5346.2000,5345.2000,5344.8000,5344.6000,5347.8000,5349.2000,5349.4000,5350.8000,5351.0000,1,2,1,1,1,1,2,2,1,2
SF,IC2003,2020-01-03 14:55:15.400,5346.6000,54260,0,12688341600.000,1,0,1,空换,B,5346.6000,5346.4000,5345.2000,5344.8000,5344.6000,5347.6000,5347.8000,5349.2000,5349.4000,5350.8000,2,1,1,1,1,3,1,2,2,1
SF,IC2003,2020-01-03 14:55:16.400,5346.6000,54260,0,12688341600.000,0,-,-,-,-,5346.6000,5345.2000,5344.8000,5344.6000,5344.4000,5347.6000,5347.8000,5349.2000,5349.4000,5350.8000,1,1,1,1,3,3,1,2,2,1
SF,IC2003,2020-01-03 14:55:16.900,5346.6000,54260,0,12688341600.000,0,-,-,-,-,5345.2000,5344.8000,5344.6000,5344.4000,5344.0000,5347.6000,5347.8000,5349.2000,5349.4000,5350.8000,1,1,1,3,4,3,1,2,2,1
SF,IC2003,2020-01-03 14:55:17.400,5346.6000,54260,0,12688341600.000,0,-,-,-,-,5346.0000,5345.8000,5345.6000,5345.4000,5345.2000,5347.6000,5347.8000,5349.2000,5349.4000,5350.8000,1,1,1,4,2,3,1,2,2,1
SF,IC2003,2020-01-03 14:55:17.900,5346.6000,54260,0,12688341600.000,0,-,-,-,-,5346.2000,5346.0000,5345.8000,5345.4000,5345.2000,5347.6000,5347.8000,5349.2000,5349.4000,5350.8000,2,1,1,2,2,3,1,2,2,1
SF,IC2003,2020-01-03 14:55:18.400,5346.6000,54260,0,12688341600.000,0,-,-,-,-,5346.2000,5346.0000,5345.8000,5345.4000,5345.2000,5347.8000,5349.2000,5349.4000,5350.8000,5351.0000,2,1,1,2,2,1,1,2,1,2
SF,IC2003,2020-01-03 14:55:18.900,5346.6000,54260,0,12688341600.000,0,-,-,-,-,5346.4000,5346.2000,5346.0000,5345.8000,5345.6000,5347.6000,5347.8000,5349.2000,5349.4000,5350.8000,1,2,1,1,1,2,1,1,2,1
SF,IC2003,2020-01-03 14:55:21.900,5346.6000,54260,0,12688341600.000,0,-,-,-,-,5346.4000,5346.2000,5346.0000,5345.8000,5345.6000,5347.6000,5347.8000,5349.2000,5349.4000,5350.8000,1,2,1,1,1,2,1,1,2,1
SF,IC2003,2020-01-03 14:55:22.400,5346.6000,54260,0,12688341600.000,0,-,-,-,-,5346.6000,5346.4000,5346.0000,5345.6000,5345.2000,5347.6000,5347.8000,5349.2000,5349.4000,5350.8000,2,1,1,1,2,2,1,1,2,1
SF,IC2003,2020-01-03 14:55:22.900,5346.6000,54260,0,12688341600.000,0,-,-,-,-,5346.4000,5346.0000,5345.6000,5345.2000,5345.0000,5347.6000,5347.8000,5349.2000,5349.4000,5350.8000,1,1,1,2,1,2,1,1,2,1
SF,IC2003,2020-01-03 14:55:23.400,5346.6000,54260,0,12688341600.000,0,-,-,-,-,5346.6000,5346.4000,5346.0000,5345.6000,5345.2000,5347.8000,5349.2000,5349.4000,5350.8000,5351.0000,2,1,2,1,2,1,1,2,1,2
SF,IC2003,2020-01-03 14:55:23.900,5346.6000,54260,0,12688341600.000,0,-,-,-,-,5346.6000,5346.4000,5346.0000,5345.6000,5345.2000,5347.8000,5349.2000,5349.4000,5350.8000,5351.0000,2,1,1,1,2,1,1,2,1,2
SF,IC2003,2020-01-03 14:55:24.400,5346.6000,54260,0,12688341600.000,0,-,-,-,-,5346.8000,5346.6000,5346.4000,5346.0000,5345.6000,5347.8000,5349.2000,5349.4000,5350.8000,5351.0000,1,2,1,1,1,1,1,2,1,2
SF,IC2003,2020-01-03 14:55:24.900,5346.6000,54260,0,12688341600.000,0,-,-,-,-,5346.8000,5346.6000,5346.4000,5346.0000,5345.6000,5347.8000,5349.2000,5349.4000,5350.8000,5351.0000,2,2,1,1,1,1,1,2,1,2
SF,IC2003,2020-01-03 14:55:25.400,5346.6000,54260,0,12688341600.000,0,-,-,-,-,5346.8000,5346.6000,5346.4000,5346.0000,5345.6000,5347.8000,5349.2000,5349.4000,5350.8000,5351.0000,2,2,1,1,1,1,1,2,1,2
SF,IC2003,2020-01-03 14:55:26.400,5346.6000,54260,0,12688341600.000,0,-,-,-,-,5346.8000,5346.6000,5346.0000,5345.6000,5345.4000,5347.8000,5349.2000,5349.4000,5350.8000,5351.0000,2,2,1,1,1,1,1,2,1,2
SF,IC2003,2020-01-03 14:55:27.900,5346.6000,54260,0,12688341600.000,0,-,-,-,-,5346.8000,5346.6000,5346.0000,5345.6000,5345.4000,5347.8000,5349.2000,5349.4000,5350.8000,5351.0000,1,2,1,1,1,1,1,2,1,2
SF,IC2003,2020-01-03 14:55:28.400,5346.6000,54260,0,12688341600.000,0,-,-,-,-,5346.8000,5346.6000,5346.0000,5345.6000,5345.4000,5347.8000,5349.2000,5349.4000,5350.8000,5351.0000,1,2,1,1,1,2,1,2,1,2
SF,IC2003,2020-01-03 14:55:29.400,5347.8000,54261,1,12689411160.000,1,1,0,双开,B,5346.6000,5346.0000,5345.6000,5345.4000,5345.2000,5347.8000,5349.2000,5350.8000,5351.0000,5351.8000,2,1,1,1,2,1,1,1,2,2
SF,IC2003,2020-01-03 14:55:29.900,5347.8000,54261,0,12690480720.000,1,0,1,空换,B,5346.6000,5346.0000,5345.6000,5345.4000,5345.2000,5349.2000,5350.8000,5351.0000,5351.8000,5352.2000,2,1,1,1,2,1,1,2,2,5
SF,IC2003,2020-01-03 14:55:30.400,5347.8000,54261,0,12690480720.000,0,-,-,-,-,5346.8000,5346.6000,5346.0000,5345.6000,5345.4000,5348.6000,5348.8000,5349.0000,5349.2000,5350.8000,1,2,1,1,1,1,1,15,1,1
SF,IC2003,2020-01-03 14:55:30.900,5347.8000,54261,0,12690480720.000,0,-,-,-,-,5347.8000,5347.0000,5346.8000,5346.0000,5345.6000,5348.4000,5348.6000,5348.8000,5349.0000,5349.2000,1,2,1,1,1,2,2,1,12,1
SF,IC2003,2020-01-03 14:55:31.400,5347.8000,54261,0,12690480720.000,0,-,-,-,-,5347.8000,5347.0000,5346.0000,5345.6000,5345.4000,5348.4000,5348.6000,5349.0000,5349.2000,5349.6000,1,2,1,1,1,3,2,10,1,1
SF,IC2003,2020-01-03 14:55:31.900,5347.8000,54261,0,12690480720.000,0,-,-,-,-,5347.8000,5347.0000,5346.0000,5345.6000,5345.4000,5348.4000,5348.6000,5349.0000,5349.2000,5349.6000,1,2,1,1,1,2,1,8,1,1
SF,IC2003,2020-01-03 14:55:32.400,5347.8000,54261,0,12690480720.000,0,-,-,-,-,5347.8000,5347.0000,5346.0000,5345.4000,5345.2000,5348.4000,5348.6000,5349.0000,5349.2000,5349.6000,1,2,1,1,2,2,1,9,1,1
SF,IC2003,2020-01-03 14:55:34.400,5347.8000,54261,0,12690480720.000,0,-,-,-,-,5347.8000,5347.0000,5346.0000,5345.4000,5345.2000,5348.4000,5348.6000,5349.0000,5349.2000,5349.6000,1,2,1,1,2,2,1,9,1,1
SF,IC2003,2020-01-03 14:55:34.900,5347.8000,54261,0,12690480720.000,0,-,-,-,-,5347.8000,5347.4000,5347.0000,5346.4000,5346.0000,5348.4000,5348.6000,5349.0000,5349.2000,5349.6000,1,1,2,1,1,2,1,9,1,1
SF,IC2003,2020-01-03 14:55:35.400,5348.4000,54262,1,12691550400.000,1,1,0,双开,B,5347.8000,5347.4000,5347.0000,5346.4000,5346.0000,5348.4000,5348.6000,5349.0000,5349.2000,5349.6000,1,1,2,1,1,1,1,9,1,1
SF,IC2003,2020-01-03 14:55:35.900,5347.8000,54261,-1,12692619960.000,1,0,1,双平,B,5347.4000,5347.0000,5346.4000,5346.0000,5345.4000,5348.4000,5348.6000,5349.0000,5349.2000,5349.6000,1,2,1,1,1,1,1,9,1,1
SF,IC2003,2020-01-03 14:55:36.400,5348.4000,54262,1,12693689640.000,1,1,0,双开,B,5347.4000,5347.0000,5346.4000,5346.0000,5345.4000,5349.0000,5349.2000,5349.6000,5350.8000,5351.0000,1,2,1,1,1,8,1,1,1,2
SF,IC2003,2020-01-03 14:55:36.900,5348.4000,54262,0,12693689640.000,0,-,-,-,-,5347.6000,5347.4000,5346.4000,5346.0000,5345.4000,5348.8000,5349.0000,5349.2000,5349.6000,5350.8000,2,1,1,1,1,2,2,1,1,1
SF,IC2003,2020-01-03 14:55:37.400,5348.4000,54262,0,12693689640.000,0,-,-,-,-,5347.6000,5347.4000,5346.4000,5346.0000,5345.4000,5349.0000,5349.2000,5349.6000,5350.8000,5351.0000,2,1,1,1,1,2,1,1,1,2
SF,IC2003,2020-01-03 14:55:37.900,5348.4000,54262,0,12693689640.000,0,-,-,-,-,5347.8000,5347.6000,5347.4000,5346.4000,5346.0000,5349.0000,5349.2000,5349.6000,5350.8000,5351.0000,1,2,1,1,1,1,1,1,1,2
SF,IC2003,2020-01-03 14:55:38.400,5348.4000,54262,0,12693689640.000,0,-,-,-,-,5348.0000,5347.8000,5347.4000,5346.4000,5346.0000,5349.0000,5349.2000,5349.6000,5350.8000,5351.0000,2,1,1,1,1,1,1,1,1,2
SF,IC2003,2020-01-03 14:55:39.400,5348.4000,54262,0,12693689640.000,0,-,-,-,-,5348.0000,5347.8000,5347.4000,5346.4000,5346.0000,5349.0000,5349.2000,5349.6000,5350.8000,5351.0000,2,2,1,1,1,1,1,1,1,2
SF,IC2003,2020-01-03 14:55:42.900,5348.4000,54262,0,12693689640.000,0,-,-,-,-,5348.0000,5347.8000,5347.4000,5346.4000,5346.0000,5349.0000,5349.2000,5349.6000,5350.8000,5351.0000,2,2,1,1,1,1,1,1,1,2
SF,IC2003,2020-01-03 14:55:43.900,5348.4000,54262,0,12693689640.000,0,-,-,-,-,5348.0000,5347.8000,5347.4000,5346.4000,5346.2000,5349.0000,5349.2000,5349.6000,5350.8000,5351.0000,2,1,1,1,1,1,1,1,1,2
SF,IC2003,2020-01-03 14:55:44.400,5348.4000,54262,0,12693689640.000,0,-,-,-,-,5348.0000,5347.8000,5347.4000,5346.4000,5346.2000,5348.8000,5349.0000,5349.2000,5349.6000,5350.8000,2,1,1,1,1,1,1,1,1,1
SF,IC2003,2020-01-03 14:55:44.900,5348.4000,54262,0,12693689640.000,0,-,-,-,-,5348.2000,5348.0000,5347.8000,5347.4000,5346.4000,5348.8000,5349.0000,5349.2000,5349.6000,5350.8000,1,2,1,1,1,1,1,1,1,1
SF,IC2003,2020-01-03 14:55:45.900,5348.4000,54262,0,12693689640.000,0,-,-,-,-,5348.2000,5348.0000,5347.8000,5347.4000,5346.4000,5349.0000,5349.2000,5349.6000,5350.8000,5351.0000,1,2,1,1,1,1,1,1,1,2
SF,IC2003,2020-01-03 14:55:47.900,5348.2000,54263,1,12694759280.000,1,1,0,双开,B,5348.0000,5347.8000,5347.4000,5346.4000,5346.2000,5349.2000,5349.6000,5350.8000,5351.0000,5351.8000,2,1,1,1,1,1,1,1,2,2
SF,IC2003,2020-01-03 14:55:48.400,5348.2000,54263,0,12694759280.000,0,-,-,-,-,5347.8000,5347.4000,5346.4000,5346.2000,5346.0000,5349.0000,5349.2000,5349.6000,5350.0000,5350.8000,1,1,1,1,1,3,1,1,1,1
SF,IC2003,2020-01-03 14:55:48.900,5348.8000,54263,0,12699038320.000,4,2,2,空换,B,5347.8000,5347.4000,5346.4000,5346.2000,5346.0000,5349.0000,5349.2000,5349.6000,5350.0000,5350.8000,1,1,1,1,1,3,1,1,1,1
SF,IC2003,2020-01-03 14:55:49.400,5347.8000,54263,0,12700107880.000,1,0,1,空换,B,5347.4000,5346.4000,5346.2000,5346.0000,5345.4000,5349.0000,5349.2000,5349.6000,5350.0000,5350.8000,1,1,1,1,1,3,1,1,1,1
SF,IC2003,2020-01-03 14:55:49.900,5347.8000,54263,0,12700107880.000,0,-,-,-,-,5347.6000,5347.4000,5346.4000,5346.2000,5346.0000,5349.0000,5349.2000,5349.6000,5350.0000,5350.8000,2,1,1,1,1,3,1,1,1,1
SF,IC2003,2020-01-03 14:55:50.400,5347.8000,54263,0,12700107880.000,0,-,-,-,-,5347.6000,5347.4000,5346.4000,5346.2000,5346.0000,5349.0000,5349.2000,5349.6000,5350.0000,5350.8000,2,1,1,1,1,3,1,1,1,1
SF,IC2003,2020-01-03 14:55:51.900,5347.8000,54263,0,12700107880.000,0,-,-,-,-,5347.6000,5347.4000,5346.4000,5346.2000,5346.0000,5348.8000,5349.0000,5349.2000,5349.6000,5350.0000,2,1,1,1,1,1,3,1,1,1
SF,IC2003,2020-01-03 14:55:52.400,5347.8000,54263,0,12700107880.000,0,-,-,-,-,5347.6000,5347.4000,5346.4000,5346.2000,5346.0000,5348.8000,5349.0000,5349.2000,5349.6000,5350.0000,2,1,1,1,1,1,2,1,1,1
SF,IC2003,2020-01-03 14:55:52.900,5347.8000,54263,0,12700107880.000,0,-,-,-,-,5347.6000,5347.4000,5346.4000,5346.2000,5346.0000,5348.4000,5348.8000,5349.0000,5349.2000,5349.6000,2,1,1,1,1,1,1,2,1,1
SF,IC2003,2020-01-03 14:55:54.400,5347.8000,54263,0,12700107880.000,0,-,-,-,-,5347.6000,5347.4000,5346.4000,5346.2000,5346.0000,5348.8000,5349.0000,5349.2000,5349.6000,5350.0000,2,1,1,1,1,1,2,1,1,1
SF,IC2003,2020-01-03 14:55:54.900,5347.8000,54263,0,12700107880.000,0,-,-,-,-,5347.6000,5347.4000,5346.4000,5346.2000,5346.0000,5348.6000,5348.8000,5349.2000,5349.6000,5350.0000,2,1,1,1,1,2,1,1,1,1
SF,IC2003,2020-01-03 14:55:55.400,5347.8000,54263,0,12700107880.000,0,-,-,-,-,5347.6000,5347.4000,5346.4000,5346.2000,5346.0000,5348.6000,5348.8000,5349.2000,5349.6000,5350.0000,3,1,1,1,1,2,1,1,1,1
SF,IC2003,2020-01-03 14:55:55.900,5347.8000,54263,0,12700107880.000,0,-,-,-,-,5347.6000,5347.4000,5346.4000,5346.2000,5346.0000,5348.8000,5349.2000,5349.6000,5350.0000,5350.8000,3,1,1,1,1,1,1,1,1,1
SF,IC2003,2020-01-03 14:55:56.900,5347.8000,54263,0,12700107880.000,0,-,-,-,-,5348.0000,5347.6000,5347.4000,5346.4000,5346.2000,5348.8000,5349.2000,5349.6000,5350.0000,5350.8000,1,3,1,1,1,1,1,1,1,1
SF,IC2003,2020-01-03 14:55:57.900,5348.8000,54264,1,12701177640.000,1,1,0,双开,B,5349.0000,5348.8000,5348.0000,5347.6000,5347.4000,5349.2000,5349.6000,5350.0000,5350.8000,5351.0000,2,1,1,3,1,1,1,1,1,2
SF,IC2003,2020-01-03 14:55:58.400,5349.0000,54264,0,12702247440.000,1,0,1,空换,B,5348.0000,5347.6000,5347.4000,5346.4000,5346.2000,5349.2000,5349.6000,5350.0000,5350.8000,5351.0000,1,3,1,1,1,1,1,1,1,2
SF,IC2003,2020-01-03 14:55:58.900,5348.0000,54263,-1,12703317040.000,1,0,1,双平,B,5349.0000,5348.2000,5347.6000,5347.4000,5346.4000,5349.2000,5349.6000,5350.0000,5350.8000,5351.0000,1,1,3,1,1,1,1,1,1,2
SF,IC2003,2020-01-03 14:55:59.400,5348.8000,54264,1,12705456600.000,2,1,1,多开,B,5348.2000,5347.6000,5347.4000,5346.4000,5346.2000,5349.0000,5349.2000,5349.6000,5350.0000,5350.8000,1,3,1,1,1,10,2,1,1,1
SF,IC2003,2020-01-03 14:55:59.900,5348.8000,54264,0,12705456600.000,0,-,-,-,-,5348.2000,5347.6000,5347.4000,5346.4000,5346.2000,5349.0000,5349.2000,5349.6000,5350.0000,5350.8000,1,3,1,1,1,8,2,1,1,1
SF,IC2003,2020-01-03 14:56:00.400,5348.8000,54264,0,12705456600.000,0,-,-,-,-,5348.2000,5347.6000,5347.4000,5346.4000,5346.2000,5348.8000,5349.0000,5349.2000,5349.6000,5350.0000,1,3,1,1,1,1,3,1,1,1
SF,IC2003,2020-01-03 14:56:00.900,5348.8000,54264,0,12705456600.000,0,-,-,-,-,5348.2000,5347.6000,5347.4000,5346.4000,5346.2000,5348.6000,5348.8000,5349.0000,5349.2000,5349.6000,1,1,1,1,1,7,2,1,1,1
SF,IC2003,2020-01-03 14:56:01.400,5348.2000,54265,1,12706526240.000,1,1,0,双开,B,5347.6000,5347.4000,5346.4000,5346.2000,5346.0000,5348.2000,5348.4000,5348.6000,5348.8000,5349.2000,1,1,1,1,2,4,1,6,2,1
SF,IC2003,2020-01-03 14:56:01.900,5347.6000,54265,0,12707595760.000,1,0,1,空换,B,5347.4000,5346.4000,5346.2000,5346.0000,5345.4000,5348.2000,5348.4000,5348.6000,5348.8000,5349.2000,1,1,1,2,1,1,1,6,2,1
SF,IC2003,2020-01-03 14:56:02.400,5347.4000,54266,1,12708665240.000,1,1,0,双开,B,5346.4000,5346.2000,5346.0000,5345.4000,5345.2000,5347.0000,5348.4000,5348.6000,5348.8000,5349.2000,1,1,2,1,1,1,1,6,2,1
SF,IC2003,2020-01-03 14:56:02.900,5347.0000,54266,0,12709734640.000,1,0,1,空换,B,5347.0000,5346.6000,5346.4000,5346.2000,5346.0000,5348.4000,5348.6000,5348.8000,5349.2000,5349.6000,11,3,1,1,2,1,6,2,1,1
SF,IC2003,2020-01-03 14:56:03.400,5347.0000,54266,0,12709734640.000,0,-,-,-,-,5347.6000,5347.2000,5347.0000,5346.6000,5346.2000,5348.2000,5348.4000,5348.6000,5348.8000,5349.2000,1,2,7,1,1,2,1,6,2,1
SF,IC2003,2020-01-03 14:56:03.900,5348.2000,54267,1,12710804280.000,1,1,0,双开,B,5347.2000,5347.0000,5346.6000,5346.2000,5346.0000,5348.2000,5348.4000,5348.6000,5348.8000,5349.2000,2,7,1,1,2,2,1,6,1,1
SF,IC2003,2020-01-03 14:56:04.400,5348.2000,54267,0,12710804280.000,0,-,-,-,-,5347.2000,5347.0000,5346.6000,5346.2000,5346.0000,5348.2000,5348.4000,5348.6000,5349.2000,5349.6000,2,7,1,1,2,1,1,6,1,1
SF,IC2003,2020-01-03 14:56:04.900,5348.2000,54267,0,12710804280.000,0,-,-,-,-,5347.2000,5347.0000,5346.6000,5346.2000,5346.0000,5348.2000,5348.4000,5348.6000,5349.2000,5349.6000,2,7,1,1,2,1,1,6,1,1
SF,IC2003,2020-01-03 14:56:05.400,5348.2000,54267,0,12710804280.000,0,-,-,-,-,5347.2000,5347.0000,5346.6000,5346.2000,5346.0000,5348.2000,5348.4000,5348.6000,5349.2000,5349.6000,2,8,1,1,2,1,1,6,1,1
SF,IC2003,2020-01-03 14:56:06.400,5348.2000,54267,0,12710804280.000,0,-,-,-,-,5347.2000,5347.0000,5346.6000,5346.2000,5346.0000,5348.2000,5348.4000,5348.6000,5349.2000,5349.6000,2,9,1,1,2,1,1,6,1,1
SF,IC2003,2020-01-03 14:56:06.900,5348.2000,54267,0,12710804280.000,0,-,-,-,-,5347.2000,5347.0000,5346.6000,5346.2000,5346.0000,5348.2000,5348.4000,5348.6000,5349.2000,5349.6000,2,8,1,1,2,1,2,6,1,1
SF,IC2003,2020-01-03 14:56:07.900,5347.2000,54267,0,12711873720.000,1,0,1,空换,B,5347.2000,5347.0000,5346.6000,5346.2000,5346.0000,5348.2000,5348.4000,5348.6000,5349.2000,5349.6000,1,7,1,1,2,1,2,6,1,1
SF,IC2003,2020-01-03 14:56:08.400,5347.2000,54267,0,12711873720.000,0,-,-,-,-,5347.0000,5346.6000,5346.2000,5346.0000,5345.4000,5348.0000,5348.2000,5348.4000,5348.6000,5349.2000,5,1,1,2,1,2,1,2,6,1
SF,IC2003,2020-01-03 14:56:08.900,5347.2000,54267,0,12711873720.000,0,-,-,-,-,5347.0000,5346.2000,5346.0000,5345.4000,5345.2000,5348.0000,5348.2000,5348.4000,5348.6000,5349.2000,1,1,2,1,1,2,1,2,6,1
SF,IC2003,2020-01-03 14:56:09.400,5347.2000,54267,0,12711873720.000,0,-,-,-,-,5347.2000,5347.0000,5346.2000,5346.0000,5345.4000,5347.8000,5348.4000,5348.6000,5349.2000,5349.6000,1,1,1,2,1,1,2,6,1,1
SF,IC2003,2020-01-03 14:56:09.900,5347.8000,54267,0,12712943280.000,1,0,1,空换,B,5347.2000,5347.0000,5346.2000,5346.0000,5345.4000,5348.4000,5348.6000,5349.2000,5349.6000,5350.0000,1,1,1,2,1,2,6,1,1,1
SF,IC2003,2020-01-03 14:56:10.400,5347.2000,54267,0,12714012720.000,1,0,1,空换,B,5347.4000,5347.0000,5346.2000,5346.0000,5345.4000,5348.2000,5348.4000,5348.6000,5349.2000,5349.6000,1,1,1,2,1,4,1,6,1,1
SF,IC2003,2020-01-03 14:56:10.900,5347.2000,54267,0,12714012720.000,0,-,-,-,-,5347.4000,5347.0000,5346.2000,5346.0000,5345.4000,5347.8000,5348.2000,5348.4000,5348.6000,5349.2000,1,1,1,2,1,1,4,1,6,1
SF,IC2003,2020-01-03 14:56:12.900,5347.2000,54267,0,12714012720.000,0,-,-,-,-,5347.4000,5347.0000,5346.8000,5346.4000,5346.0000,5347.8000,5348.2000,5348.4000,5348.6000,5349.2000,1,1,1,1,2,1,4,1,6,1
SF,IC2003,2020-01-03 14:56:14.400,5347.2000,54267,0,12714012720.000,0,-,-,-,-,5347.4000,5347.0000,5346.8000,5346.0000,5345.4000,5347.8000,5348.2000,5348.4000,5348.6000,5349.2000,1,1,1,2,1,1,4,1,6,1
SF,IC2003,2020-01-03 14:56:16.400,5347.4000,54267,0,12715082200.000,1,0,1,空换,B,5347.0000,5346.8000,5346.2000,5346.0000,5345.4000,5348.2000,5348.4000,5348.6000,5349.2000,5349.6000,1,1,1,2,1,3,1,6,1,1
SF,IC2003,2020-01-03 14:56:17.400,5347.4000,54267,0,12715082200.000,0,-,-,-,-,5347.0000,5346.8000,5346.2000,5346.0000,5345.4000,5348.0000,5348.2000,5348.4000,5348.6000,5349.2000,1,1,1,2,1,1,3,1,6,1
SF,IC2003,2020-01-03 14:56:19.400,5347.4000,54267,0,12715082200.000,0,-,-,-,-,5347.0000,5346.8000,5346.2000,5346.0000,5345.4000,5347.8000,5348.0000,5348.2000,5348.4000,5348.6000,1,1,1,2,1,2,1,3,1,6
SF,IC2003,2020-01-03 14:56:19.900,5347.4000,54267,0,12715082200.000,0,-,-,-,-,5347.0000,5346.8000,5346.2000,5346.0000,5345.4000,5347.8000,5348.0000,5348.2000,5348.4000,5348.6000,1,1,1,2,1,1,1,3,1,6
SF,IC2003,2020-01-03 14:56:21.400,5347.4000,54267,0,12715082200.000,0,-,-,-,-,5347.0000,5346.8000,5346.2000,5346.0000,5345.4000,5347.8000,5348.0000,5348.2000,5348.4000,5348.6000,1,1,1,2,1,1,1,3,1,6
SF,IC2003,2020-01-03 14:56:21.900,5347.0000,54267,0,12716151600.000,1,0,1,空换,B,5347.0000,5346.8000,5346.0000,5345.4000,5345.2000,5347.6000,5347.8000,5348.0000,5348.2000,5348.4000,1,1,2,1,1,3,1,1,1,1
SF,IC2003,2020-01-03 14:56:22.400,5347.0000,54267,0,12717221000.000,1,0,1,空换,B,5346.8000,5346.0000,5345.4000,5345.2000,5345.0000,5347.0000,5347.6000,5347.8000,5348.2000,5348.4000,1,2,1,1,9,1,3,1,1,1
SF,IC2003,2020-01-03 14:56:22.900,5347.0000,54267,0,12717221000.000,0,-,-,-,-,5346.8000,5346.0000,5345.4000,5345.2000,5345.0000,5347.6000,5347.8000,5348.2000,5348.4000,5348.6000,1,2,1,1,9,3,2,1,1,6
SF,IC2003,2020-01-03 14:56:23.400,5347.0000,54267,0,12717221000.000,0,-,-,-,-,5346.8000,5346.0000,5345.4000,5345.2000,5345.0000,5347.4000,5347.6000,5347.8000,5348.2000,5348.4000,1,2,1,1,9,1,2,1,1,1
SF,IC2003,2020-01-03 14:56:23.900,5347.4000,54268,1,12718290480.000,1,1,0,双开,B,5347.4000,5346.8000,5346.0000,5345.4000,5345.2000,5348.2000,5348.4000,5348.6000,5349.0000,5349.2000,2,1,2,1,1,1,1,6,2,1
SF,IC2003,2020-01-03 14:56:24.400,5347.4000,54268,0,12719359960.000,1,0,1,空换,B,5347.4000,5346.8000,5346.0000,5345.4000,5345.2000,5348.0000,5348.2000,5348.4000,5348.6000,5349.0000,1,1,2,1,1,2,1,1,6,2
SF,IC2003,2020-01-03 14:56:24.900,5347.4000,54269,1,12720429440.000,1,1,0,双开,B,5346.8000,5346.0000,5345.4000,5345.2000,5345.0000,5348.0000,5348.2000,5348.4000,5348.6000,5349.0000,1,2,1,1,9,2,1,1,6,2
SF,IC2003,2020-01-03 14:56:25.400,5347.4000,54269,0,12720429440.000,0,-,-,-,-,5346.8000,5346.0000,5345.4000,5345.2000,5345.0000,5347.8000,5348.0000,5348.2000,5348.4000,5348.6000,1,2,1,1,9,1,2,1,1,6
SF,IC2003,2020-01-03 14:56:25.900,5347.4000,54269,0,12720429440.000,0,-,-,-,-,5347.2000,5346.0000,5345.4000,5345.2000,5345.0000,5347.8000,5348.0000,5348.2000,5348.4000,5348.6000,1,1,1,1,9,1,2,1,1,6
SF,IC2003,2020-01-03 14:56:26.400,5347.4000,54269,0,12720429440.000,0,-,-,-,-,5347.2000,5346.6000,5346.0000,5345.4000,5345.2000,5347.8000,5348.0000,5348.2000,5348.4000,5348.6000,1,1,1,1,1,1,2,1,1,6
SF,IC2003,2020-01-03 14:56:29.400,5347.4000,54269,0,12720429440.000,0,-,-,-,-,5347.4000,5347.2000,5347.0000,5346.6000,5346.0000,5347.8000,5348.0000,5348.2000,5348.4000,5348.6000,2,1,1,1,1,1,2,1,1,6
SF,IC2003,2020-01-03 14:56:31.400,5347.4000,54269,0,12720429440.000,0,-,-,-,-,5347.4000,5347.2000,5347.0000,5346.6000,5346.0000,5348.0000,5348.2000,5348.4000,5348.6000,5349.0000,2,1,1,1,1,2,1,1,6,3
SF,IC2003,2020-01-03 14:56:31.900,5347.4000,54270,1,12721498920.000,1,1,0,双开,B,5347.4000,5347.2000,5347.0000,5346.6000,5346.0000,5348.0000,5348.2000,5348.4000,5348.6000,5349.0000,1,1,1,1,1,2,1,1,6,3
SF,IC2003,2020-01-03 14:56:32.900,5347.4000,54270,0,12721498920.000,0,-,-,-,-,5347.4000,5347.2000,5347.0000,5346.6000,5346.0000,5348.0000,5348.4000,5348.6000,5349.0000,5349.2000,1,1,1,1,1,2,1,6,3,2
SF,IC2003,2020-01-03 14:56:33.400,5347.4000,54270,0,12721498920.000,0,-,-,-,-,5347.4000,5347.2000,5347.0000,5346.6000,5346.0000,5348.4000,5348.6000,5349.0000,5349.2000,5349.6000,1,1,3,1,1,1,6,3,2,1
SF,IC2003,2020-01-03 14:56:33.900,5347.4000,54270,0,12721498920.000,0,-,-,-,-,5347.6000,5347.4000,5347.2000,5347.0000,5346.0000,5348.2000,5348.4000,5348.6000,5349.0000,5349.2000,1,1,1,3,1,1,1,6,3,2
SF,IC2003,2020-01-03 14:56:34.400,5348.2000,54269,-1,12724707520.000,3,1,2,空平,B,5347.2000,5347.0000,5346.0000,5345.4000,5345.2000,5348.4000,5348.6000,5349.0000,5349.2000,5349.6000,1,3,1,1,1,1,6,3,2,1
SF,IC2003,2020-01-03 14:56:34.900,5348.2000,54269,0,12724707520.000,0,-,-,-,-,5347.2000,5347.0000,5346.0000,5345.4000,5345.2000,5348.2000,5348.4000,5348.6000,5349.0000,5349.2000,1,3,1,1,1,3,1,6,3,2
SF,IC2003,2020-01-03 14:56:35.400,5348.2000,54269,0,12724707520.000,0,-,-,-,-,5347.2000,5347.0000,5346.0000,5345.4000,5345.2000,5348.2000,5348.4000,5348.6000,5349.0000,5349.2000,1,3,1,1,1,3,1,6,4,2
SF,IC2003,2020-01-03 14:56:37.400,5348.2000,54269,0,12724707520.000,0,-,-,-,-,5347.2000,5347.0000,5346.0000,5345.4000,5345.2000,5348.2000,5348.4000,5348.6000,5348.8000,5349.0000,1,3,1,1,1,3,1,6,1,4
SF,IC2003,2020-01-03 14:56:40.400,5348.2000,54269,0,12724707520.000,0,-,-,-,-,5347.6000,5347.2000,5347.0000,5346.0000,5345.4000,5348.2000,5348.4000,5348.6000,5348.8000,5349.0000,1,1,3,1,1,3,1,6,1,4
SF,IC2003,2020-01-03 14:56:40.900,5348.2000,54269,0,12724707520.000,0,-,-,-,-,5347.6000,5347.2000,5347.0000,5346.0000,5345.4000,5348.2000,5348.4000,5348.6000,5348.8000,5349.0000,1,1,3,1,1,1,1,6,1,4
SF,IC2003,2020-01-03 14:56:41.400,5348.2000,54269,0,12724707520.000,0,-,-,-,-,5347.6000,5347.4000,5347.2000,5347.0000,5346.0000,5348.2000,5348.4000,5348.6000,5348.8000,5349.0000,1,1,1,3,1,1,1,6,1,4
SF,IC2003,2020-01-03 14:56:42.400,5348.2000,54269,0,12724707520.000,0,-,-,-,-,5347.6000,5347.2000,5347.0000,5346.0000,5345.4000,5348.2000,5348.4000,5348.6000,5348.8000,5349.0000,1,1,3,1,1,1,1,6,1,4
SF,IC2003,2020-01-03 14:56:43.400,5348.2000,54269,0,12724707520.000,0,-,-,-,-,5347.6000,5347.2000,5347.0000,5346.0000,5345.4000,5348.2000,5348.4000,5348.6000,5348.8000,5349.0000,1,1,3,1,1,1,1,1,1,4
SF,IC2003,2020-01-03 14:56:43.900,5348.2000,54269,0,12725777160.000,1,0,1,空换,B,5348.2000,5347.6000,5347.2000,5347.0000,5346.0000,5348.4000,5348.6000,5348.8000,5349.0000,5349.2000,1,1,1,3,1,1,1,1,4,1
SF,IC2003,2020-01-03 14:56:44.400,5348.2000,54270,1,12726846800.000,1,1,0,双开,B,5347.6000,5347.2000,5347.0000,5346.0000,5345.4000,5348.4000,5348.6000,5348.8000,5349.0000,5349.2000,1,1,3,1,1,1,1,1,4,1
SF,IC2003,2020-01-03 14:56:44.900,5347.2000,54269,-1,12728985760.000,2,0,2,空平,B,5347.0000,5346.0000,5345.4000,5345.2000,5345.0000,5347.2000,5348.4000,5348.6000,5348.8000,5349.0000,3,1,1,1,10,1,1,1,1,4
SF,IC2003,2020-01-03 14:56:45.400,5347.2000,54269,0,12730055200.000,1,0,1,空换,B,5347.4000,5347.2000,5347.0000,5346.0000,5345.4000,5348.0000,5348.4000,5348.6000,5348.8000,5349.0000,3,7,4,1,1,1,1,1,1,4
SF,IC2003,2020-01-03 14:56:45.900,5347.2000,54269,0,12730055200.000,0,-,-,-,-,5347.6000,5347.2000,5347.0000,5346.0000,5345.4000,5348.0000,5348.4000,5348.6000,5348.8000,5349.0000,1,5,3,1,1,1,1,1,1,4
SF,IC2003,2020-01-03 14:56:46.400,5347.2000,54269,0,12730055200.000,0,-,-,-,-,5347.2000,5347.0000,5346.0000,5345.4000,5345.2000,5347.8000,5348.0000,5348.4000,5348.6000,5348.8000,5,3,1,1,1,1,1,1,1,1
SF,IC2003,2020-01-03 14:56:46.900,5347.8000,54270,1,12731124760.000,1,1,0,双开,B,5347.2000,5347.0000,5346.0000,5345.4000,5345.2000,5348.0000,5348.6000,5348.8000,5349.0000,5349.2000,4,3,1,1,1,1,1,1,4,1
SF,IC2003,2020-01-03 14:56:47.400,5347.8000,54270,0,12731124760.000,0,-,-,-,-,5347.0000,5346.0000,5345.4000,5345.2000,5345.0000,5348.0000,5348.6000,5348.8000,5349.0000,5349.2000,3,1,1,1,10,3,1,1,4,1
SF,IC2003,2020-01-03 14:56:47.900,5347.8000,54270,0,12731124760.000,0,-,-,-,-,5347.4000,5347.2000,5347.0000,5346.0000,5345.4000,5348.0000,5348.6000,5348.8000,5349.0000,5349.2000,1,2,3,1,1,3,1,1,4,1
SF,IC2003,2020-01-03 14:56:48.400,5347.8000,54270,0,12731124760.000,0,-,-,-,-,5347.4000,5347.2000,5347.0000,5346.0000,5345.4000,5348.0000,5348.6000,5348.8000,5349.0000,5349.2000,1,2,3,1,1,3,1,1,4,1
SF,IC2003,2020-01-03 14:56:49.900,5348.0000,54270,0,12732194360.000,1,0,1,空换,B,5347.4000,5347.2000,5347.0000,5346.0000,5345.6000,5348.0000,5348.6000,5348.8000,5349.0000,5349.2000,1,2,3,1,1,2,1,1,4,1
SF,IC2003,2020-01-03 14:56:50.400,5348.0000,54271,1,12733263960.000,1,1,0,双开,B,5347.6000,5347.4000,5347.0000,5346.0000,5345.6000,5348.0000,5348.6000,5348.8000,5349.0000,5349.2000,2,2,3,1,1,1,1,1,4,1
SF,IC2003,2020-01-03 14:56:50.900,5348.0000,54272,1,12734333560.000,1,1,0,双开,B,5348.0000,5347.6000,5347.4000,5347.0000,5346.0000,5348.6000,5348.8000,5349.0000,5349.2000,5349.6000,1,2,2,3,1,1,1,4,1,1
SF,IC2003,2020-01-03 14:56:51.400,5348.0000,54272,0,12734333560.000,0,-,-,-,-,5347.6000,5347.4000,5347.0000,5346.0000,5345.6000,5348.6000,5348.8000,5349.0000,5349.2000,5349.6000,2,2,3,1,1,1,1,4,1,1
SF,IC2003,2020-01-03 14:56:52.400,5348.0000,54272,0,12734333560.000,0,-,-,-,-,5347.8000,5347.6000,5347.0000,5346.0000,5345.6000,5348.6000,5348.8000,5349.0000,5349.2000,5349.6000,2,2,3,1,1,1,1,4,1,1
SF,IC2003,2020-01-03 14:56:52.900,5347.8000,54272,0,12735403120.000,1,0,1,空换,B,5347.8000,5347.6000,5347.0000,5346.0000,5345.6000,5348.8000,5349.0000,5349.2000,5349.6000,5350.0000,1,2,3,1,1,1,4,1,1,5
SF,IC2003,2020-01-03 14:56:53.400,5347.8000,54272,0,12735403120.000,0,-,-,-,-,5347.6000,5347.0000,5346.0000,5345.6000,5345.4000,5348.8000,5349.0000,5349.2000,5349.6000,5350.0000,2,3,1,1,1,1,4,1,1,5
SF,IC2003,2020-01-03 14:56:53.900,5347.8000,54272,0,12735403120.000,0,-,-,-,-,5347.8000,5347.6000,5347.0000,5346.0000,5345.6000,5348.6000,5348.8000,5349.0000,5349.2000,5349.6000,2,2,3,1,1,1,1,4,1,1
SF,IC2003,2020-01-03 14:56:54.400,5347.8000,54273,1,12736472680.000,1,1,0,双开,B,5347.8000,5347.6000,5347.0000,5346.0000,5345.6000,5348.6000,5348.8000,5349.0000,5349.2000,5349.6000,1,2,3,1,1,1,1,4,1,1
SF,IC2003,2020-01-03 14:56:54.900,5347.8000,54273,0,12736472680.000,0,-,-,-,-,5347.8000,5347.6000,5347.0000,5346.0000,5345.6000,5348.2000,5348.6000,5348.8000,5349.0000,5349.2000,1,2,3,1,1,1,1,1,4,1
SF,IC2003,2020-01-03 14:56:55.900,5348.2000,54273,0,12737542320.000,1,0,1,空换,B,5348.2000,5347.8000,5347.6000,5347.0000,5346.0000,5348.6000,5348.8000,5349.0000,5349.2000,5349.6000,2,1,2,3,1,1,1,4,1,1
SF,IC2003,2020-01-03 14:56:56.400,5348.2000,54273,0,12737542320.000,0,-,-,-,-,5348.2000,5347.6000,5347.0000,5346.0000,5345.6000,5348.6000,5348.8000,5349.0000,5349.2000,5349.6000,2,2,3,1,1,1,1,4,1,1
SF,IC2003,2020-01-03 14:56:57.900,5348.2000,54273,0,12737542320.000,0,-,-,-,-,5348.2000,5347.6000,5347.0000,5346.0000,5345.4000,5348.6000,5348.8000,5349.0000,5349.2000,5349.6000,2,2,3,1,1,1,1,4,1,1
SF,IC2003,2020-01-03 14:56:58.400,5348.2000,54273,0,12738611960.000,1,0,1,空换,B,5348.2000,5347.6000,5347.0000,5346.0000,5345.4000,5348.6000,5348.8000,5349.0000,5349.2000,5349.6000,1,3,3,1,1,1,1,4,1,1
SF,IC2003,2020-01-03 14:56:59.400,5348.2000,54272,-1,12739681600.000,1,0,1,双平,B,5347.6000,5347.0000,5346.0000,5345.4000,5345.2000,5348.8000,5349.0000,5349.2000,5349.6000,5350.0000,3,3,1,1,1,1,4,1,1,5
SF,IC2003,2020-01-03 14:56:59.900,5348.6000,54276,4,12743960080.000,4,4,0,双开,B,5348.6000,5347.0000,5346.0000,5345.4000,5345.2000,5348.8000,5349.0000,5349.2000,5349.6000,5350.0000,2,3,1,1,1,1,4,1,1,5
SF,IC2003,2020-01-03 14:57:00.400,5348.6000,54278,2,12746099520.000,2,2,0,双开,B,5347.0000,5346.0000,5345.4000,5345.2000,5345.0000,5348.4000,5348.6000,5348.8000,5349.0000,5349.2000,3,1,1,1,10,1,19,1,4,1
SF,IC2003,2020-01-03 14:57:00.900,5348.6000,54278,0,12746099520.000,0,-,-,-,-,5347.2000,5347.0000,5346.0000,5345.4000,5345.2000,5348.2000,5348.6000,5348.8000,5349.0000,5349.2000,2,3,1,1,1,1,8,1,4,1
SF,IC2003,2020-01-03 14:57:01.400,5348.6000,54278,0,12746099520.000,0,-,-,-,-,5347.2000,5347.0000,5346.0000,5345.4000,5345.2000,5348.4000,5348.6000,5348.8000,5349.0000,5349.2000,2,3,1,1,1,1,6,1,4,1
SF,IC2003,2020-01-03 14:57:01.900,5348.6000,54278,0,12746099520.000,0,-,-,-,-,5347.2000,5347.0000,5346.0000,5345.4000,5345.2000,5348.4000,5348.6000,5348.8000,5349.0000,5349.2000,2,3,1,1,1,1,5,1,4,1
SF,IC2003,2020-01-03 14:57:02.400,5348.6000,54278,0,12746099520.000,0,-,-,-,-,5347.4000,5347.2000,5347.0000,5346.0000,5345.4000,5348.4000,5348.6000,5348.8000,5349.0000,5349.2000,1,2,3,1,1,1,5,1,4,1
SF,IC2003,2020-01-03 14:57:02.900,5348.6000,54283,5,12751448120.000,5,5,0,双开,B,5347.6000,5347.4000,5347.0000,5346.0000,5345.4000,5348.6000,5348.8000,5349.0000,5349.2000,5349.6000,3,1,3,1,1,1,1,4,1,1
SF,IC2003,2020-01-03 14:57:03.400,5348.6000,54284,1,12752517840.000,1,1,0,双开,B,5347.6000,5347.4000,5347.0000,5346.0000,5345.4000,5348.8000,5349.0000,5349.2000,5349.6000,5350.0000,3,1,3,1,1,1,4,1,1,5
SF,IC2003,2020-01-03 14:57:03.900,5348.6000,54284,0,12752517840.000,0,-,-,-,-,5347.6000,5347.4000,5347.0000,5346.0000,5345.4000,5348.8000,5349.0000,5349.2000,5349.6000,5350.0000,3,1,3,1,1,1,4,1,1,5
SF,IC2003,2020-01-03 14:57:04.400,5348.6000,54284,0,12752517840.000,0,-,-,-,-,5348.2000,5347.8000,5347.6000,5347.0000,5346.0000,5348.8000,5349.0000,5349.2000,5349.6000,5350.0000,1,1,3,3,1,1,4,1,1,5
SF,IC2003,2020-01-03 14:57:04.900,5348.6000,54284,0,12752517840.000,0,-,-,-,-,5348.2000,5347.8000,5347.6000,5347.0000,5346.0000,5348.8000,5349.0000,5349.2000,5349.6000,5350.0000,1,1,3,3,1,1,4,1,1,5
SF,IC2003,2020-01-03 14:57:05.400,5348.6000,54284,0,12752517840.000,0,-,-,-,-,5348.2000,5347.6000,5347.0000,5346.0000,5345.4000,5348.8000,5349.0000,5349.2000,5349.6000,5350.0000,1,3,3,1,1,1,4,1,1,5
SF,IC2003,2020-01-03 14:57:05.900,5348.6000,54284,0,12752517840.000,0,-,-,-,-,5348.2000,5347.6000,5347.0000,5346.0000,5345.4000,5348.6000,5348.8000,5349.0000,5349.2000,5349.6000,1,3,3,1,1,1,1,4,1,1
SF,IC2003,2020-01-03 14:57:06.900,5348.6000,54284,0,12752517840.000,0,-,-,-,-,5348.2000,5347.6000,5347.0000,5346.0000,5345.4000,5348.6000,5348.8000,5349.0000,5349.2000,5349.6000,1,3,3,1,1,1,1,4,1,1
SF,IC2003,2020-01-03 14:57:07.400,5348.6000,54285,1,12753587560.000,1,1,0,双开,B,5348.2000,5347.6000,5347.0000,5346.0000,5345.4000,5348.6000,5348.8000,5349.0000,5349.2000,5349.6000,1,3,3,1,1,1,1,4,1,1
SF,IC2003,2020-01-03 14:57:07.900,5348.6000,54285,0,12753587560.000,0,-,-,-,-,5348.2000,5347.6000,5347.0000,5346.0000,5345.4000,5348.6000,5348.8000,5349.0000,5349.2000,5349.6000,1,3,3,1,1,1,1,4,1,1
SF,IC2003,2020-01-03 14:57:08.900,5348.6000,54285,0,12753587560.000,0,-,-,-,-,5348.2000,5347.6000,5347.0000,5346.0000,5345.4000,5348.6000,5348.8000,5349.0000,5349.2000,5349.6000,1,2,3,1,1,1,1,4,1,1
SF,IC2003,2020-01-03 14:57:09.900,5348.6000,54285,0,12753587560.000,0,-,-,-,-,5348.2000,5347.6000,5347.0000,5346.0000,5345.4000,5348.8000,5349.0000,5349.2000,5349.6000,5350.0000,1,2,3,1,1,1,4,1,1,5
SF,IC2003,2020-01-03 14:57:10.400,5348.8000,54286,1,12754657320.000,1,1,0,双开,B,5348.8000,5348.2000,5347.6000,5347.0000,5346.0000,5349.0000,5349.2000,5349.6000,5350.0000,5350.8000,4,1,2,3,1,4,1,1,5,2
SF,IC2003,2020-01-03 14:57:10.900,5348.8000,54287,1,12755727080.000,1,1,0,双开,B,5348.8000,5348.2000,5347.6000,5347.0000,5346.0000,5349.0000,5349.2000,5349.6000,5350.0000,5350.8000,3,1,2,3,1,4,1,1,5,2
SF,IC2003,2020-01-03 14:57:11.900,5348.8000,54291,4,12761075760.000,5,4,1,多开,B,5347.6000,5347.0000,5346.0000,5345.4000,5345.2000,5348.8000,5349.0000,5349.2000,5349.6000,5350.0000,2,3,1,1,1,9,4,1,1,5
SF,IC2003,2020-01-03 14:57:12.400,5348.8000,54291,0,12761075760.000,0,-,-,-,-,5347.6000,5347.0000,5346.0000,5345.4000,5345.2000,5348.8000,5349.0000,5349.2000,5349.6000,5350.0000,2,3,1,1,1,5,4,1,1,5
SF,IC2003,2020-01-03 14:57:12.900,5348.8000,54291,0,12761075760.000,0,-,-,-,-,5347.6000,5347.0000,5346.0000,5345.4000,5345.2000,5348.8000,5349.0000,5349.2000,5349.6000,5350.0000,2,3,1,1,1,5,4,1,1,5
SF,IC2003,2020-01-03 14:57:13.900,5348.8000,54291,0,12761075760.000,0,-,-,-,-,5347.6000,5347.0000,5346.0000,5345.4000,5345.2000,5348.6000,5348.8000,5349.0000,5349.2000,5349.6000,2,3,1,1,1,2,5,4,1,1
SF,IC2003,2020-01-03 14:57:15.400,5348.8000,54291,0,12761075760.000,0,-,-,-,-,5347.6000,5347.0000,5346.0000,5345.4000,5345.2000,5348.6000,5348.8000,5349.0000,5349.2000,5349.6000,2,3,1,1,1,2,6,4,1,1
SF,IC2003,2020-01-03 14:57:16.400,5347.6000,54291,0,12762145280.000,1,0,1,空换,B,5347.6000,5347.0000,5346.0000,5345.4000,5345.2000,5348.6000,5348.8000,5349.0000,5349.2000,5349.6000,1,3,1,1,1,2,6,4,1,1
SF,IC2003,2020-01-03 14:57:16.900,5348.6000,54294,3,12765354400.000,3,3,0,双开,B,5348.6000,5347.6000,5347.0000,5346.0000,5345.4000,5348.8000,5349.0000,5349.2000,5349.6000,5350.0000,2,1,3,1,1,6,4,1,1,5
SF,IC2003,2020-01-03 14:57:17.400,5348.6000,54297,3,12768563560.000,3,3,0,双开,B,5347.6000,5347.0000,5346.0000,5345.4000,5345.2000,5348.6000,5348.8000,5349.0000,5349.2000,5349.6000,1,3,1,1,1,3,5,4,1,1
SF,IC2003,2020-01-03 14:57:17.900,5348.6000,54297,0,12768563560.000,0,-,-,-,-,5347.8000,5347.6000,5347.0000,5346.0000,5345.4000,5348.4000,5348.6000,5348.8000,5349.0000,5349.2000,1,1,3,1,1,1,1,4,4,1
SF,IC2003,2020-01-03 14:57:19.400,5348.6000,54297,0,12768563560.000,0,-,-,-,-,5347.8000,5347.6000,5347.0000,5346.0000,5345.4000,5348.4000,5348.6000,5348.8000,5349.0000,5349.2000,1,1,3,1,1,1,1,4,4,2
SF,IC2003,2020-01-03 14:57:23.400,5348.6000,54297,0,12768563560.000,0,-,-,-,-,5348.2000,5347.8000,5347.6000,5347.0000,5346.0000,5348.4000,5348.6000,5348.8000,5349.0000,5349.2000,2,1,1,3,1,1,1,4,4,2
SF,IC2003,2020-01-03 14:57:23.900,5348.6000,54297,0,12768563560.000,0,-,-,-,-,5348.2000,5347.8000,5347.6000,5347.0000,5346.0000,5348.4000,5348.6000,5348.8000,5349.0000,5349.2000,3,1,1,3,1,1,1,4,4,2
SF,IC2003,2020-01-03 14:57:24.400,5348.4000,54297,0,12769633240.000,1,0,1,空换,B,5348.4000,5348.2000,5347.8000,5347.6000,5347.0000,5349.0000,5349.2000,5349.6000,5350.0000,5350.8000,1,3,1,1,3,4,2,1,5,2
SF,IC2003,2020-01-03 14:57:24.900,5348.4000,54297,0,12769633240.000,0,-,-,-,-,5348.4000,5348.2000,5347.8000,5347.6000,5347.0000,5348.8000,5349.0000,5349.2000,5349.6000,5350.0000,1,2,1,1,3,1,4,2,1,5
SF,IC2003,2020-01-03 14:57:25.400,5348.4000,54297,0,12769633240.000,0,-,-,-,-,5348.4000,5348.2000,5347.8000,5347.6000,5347.0000,5348.8000,5349.0000,5349.2000,5349.6000,5350.0000,2,2,1,1,3,1,4,1,1,5
SF,IC2003,2020-01-03 14:57:25.900,5348.4000,54297,0,12769633240.000,0,-,-,-,-,5348.4000,5348.2000,5347.8000,5347.6000,5347.0000,5348.8000,5349.0000,5349.2000,5349.6000,5350.0000,2,2,1,1,3,1,4,1,1,5
SF,IC2003,2020-01-03 14:57:26.900,5348.4000,54297,0,12769633240.000,0,-,-,-,-,5348.4000,5348.2000,5347.8000,5347.6000,5347.0000,5348.8000,5349.0000,5349.2000,5349.6000,5350.0000,2,2,1,1,3,1,4,1,1,5
SF,IC2003,2020-01-03 14:57:28.900,5348.4000,54297,0,12769633240.000,0,-,-,-,-,5348.4000,5348.2000,5347.8000,5347.6000,5347.0000,5348.8000,5349.0000,5349.2000,5349.6000,5350.0000,2,2,1,1,3,1,4,1,1,5
SF,IC2003,2020-01-03 14:57:29.400,5348.4000,54297,0,12769633240.000,0,-,-,-,-,5348.4000,5348.2000,5347.8000,5347.6000,5347.0000,5348.8000,5349.0000,5349.2000,5349.6000,5350.0000,2,2,1,1,3,1,4,1,1,5
SF,IC2003,2020-01-03 14:57:29.900,5348.4000,54297,0,12769633240.000,0,-,-,-,-,5348.4000,5348.2000,5347.8000,5347.6000,5347.0000,5348.8000,5349.0000,5349.2000,5349.6000,5350.0000,2,2,1,1,3,1,4,1,1,6
SF,IC2003,2020-01-03 14:57:30.400,5348.4000,54297,0,12769633240.000,0,-,-,-,-,5348.4000,5348.2000,5347.8000,5347.6000,5347.0000,5348.8000,5349.0000,5349.2000,5349.6000,5350.0000,3,2,1,1,3,1,4,1,1,6
SF,IC2003,2020-01-03 14:57:30.900,5348.4000,54297,0,12769633240.000,0,-,-,-,-,5348.4000,5348.2000,5347.8000,5347.6000,5347.0000,5348.8000,5349.0000,5349.2000,5349.6000,5350.0000,4,2,1,1,3,1,4,1,1,6
SF,IC2003,2020-01-03 14:57:31.900,5348.8000,54298,1,12770703000.000,1,1,0,双开,B,5348.4000,5348.2000,5347.8000,5347.6000,5347.0000,5348.8000,5349.0000,5349.2000,5349.6000,5350.0000,4,2,1,1,3,1,4,1,1,6
SF,IC2003,2020-01-03 14:57:32.400,5348.8000,54299,1,12771772760.000,1,1,0,双开,B,5348.4000,5348.2000,5347.8000,5347.6000,5347.0000,5348.8000,5349.0000,5349.2000,5349.6000,5350.0000,4,2,1,1,3,1,4,1,1,6
SF,IC2003,2020-01-03 14:57:32.900,5348.8000,54300,1,12772842520.000,1,1,0,双开,B,5348.4000,5348.2000,5347.8000,5347.6000,5347.0000,5349.0000,5349.2000,5349.6000,5350.0000,5350.8000,4,2,1,1,3,4,1,1,6,2
SF,IC2003,2020-01-03 14:57:33.400,5348.4000,54301,1,12773912200.000,1,1,0,双开,B,5348.4000,5348.2000,5347.8000,5347.6000,5347.0000,5349.0000,5349.2000,5349.6000,5350.0000,5350.8000,3,2,2,1,3,4,1,1,6,2
SF,IC2003,2020-01-03 14:57:33.900,5348.4000,54301,0,12773912200.000,0,-,-,-,-,5348.8000,5348.4000,5348.2000,5347.8000,5347.6000,5349.0000,5349.2000,5349.6000,5350.0000,5350.8000,1,3,2,2,1,4,1,1,6,2
SF,IC2003,2020-01-03 14:57:34.400,5348.8000,54302,1,12774981960.000,1,1,0,双开,B,5348.4000,5348.2000,5348.0000,5347.8000,5347.6000,5348.6000,5348.8000,5349.0000,5349.2000,5349.6000,1,2,1,1,1,1,9,4,1,1
SF,IC2003,2020-01-03 14:57:34.900,5348.4000,54302,0,12776051640.000,1,0,1,空换,B,5348.4000,5348.2000,5348.0000,5347.8000,5347.6000,5349.0000,5349.2000,5349.6000,5350.0000,5350.4000,2,2,1,1,1,4,1,1,6,1
SF,IC2003,2020-01-03 14:57:35.400,5349.0000,54302,0,12777121440.000,1,0,1,空换,B,5348.4000,5348.2000,5348.0000,5347.8000,5347.6000,5349.0000,5349.2000,5349.6000,5350.0000,5350.4000,2,2,1,1,1,3,1,1,6,1
SF,IC2003,2020-01-03 14:57:36.900,5349.0000,54302,0,12777121440.000,0,-,-,-,-,5348.4000,5348.2000,5348.0000,5347.8000,5347.6000,5349.0000,5349.2000,5349.6000,5350.0000,5350.4000,2,2,1,1,1,3,1,1,7,1
SF,IC2003,2020-01-03 14:57:37.400,5349.0000,54302,0,12777121440.000,0,-,-,-,-,5348.6000,5348.4000,5348.2000,5348.0000,5347.6000,5349.0000,5349.2000,5349.6000,5350.0000,5350.4000,1,2,2,1,1,3,1,1,7,1
SF,IC2003,2020-01-03 14:57:37.900,5349.0000,54301,-1,12778191240.000,1,0,1,双平,B,5348.6000,5348.2000,5348.0000,5347.6000,5347.0000,5349.0000,5349.2000,5349.6000,5350.0000,5350.4000,1,2,1,1,3,2,1,1,7,1
SF,IC2003,2020-01-03 14:57:38.400,5349.0000,54301,0,12778191240.000,0,-,-,-,-,5348.6000,5348.2000,5348.0000,5347.6000,5347.0000,5349.0000,5349.2000,5349.6000,5350.0000,5350.4000,3,2,1,1,3,2,1,1,7,1
SF,IC2003,2020-01-03 14:57:38.900,5349.0000,54301,0,12778191240.000,0,-,-,-,-,5348.8000,5348.6000,5348.2000,5348.0000,5347.6000,5349.0000,5349.2000,5349.6000,5350.0000,5350.4000,1,3,2,1,1,2,1,1,7,1
SF,IC2003,2020-01-03 14:57:39.400,5349.0000,54301,0,12780330840.000,2,1,1,空换,B,5349.0000,5348.8000,5348.6000,5348.2000,5348.0000,5349.2000,5349.6000,5350.0000,5350.4000,5350.8000,4,1,1,2,1,1,1,7,1,2
SF,IC2003,2020-01-03 14:57:39.900,5349.2000,54301,0,12781400680.000,1,0,1,空换,B,5349.0000,5348.8000,5348.6000,5348.2000,5348.0000,5349.6000,5350.0000,5350.8000,5351.0000,5351.2000,6,1,1,2,1,1,7,2,2,1
SF,IC2003,2020-01-03 14:57:40.400,5349.2000,54301,0,12781400680.000,0,-,-,-,-,5349.2000,5349.0000,5348.8000,5348.2000,5348.0000,5349.4000,5349.6000,5350.0000,5350.8000,5351.0000,1,6,1,2,1,6,1,7,2,2
SF,IC2003,2020-01-03 14:57:40.900,5349.0000,54303,2,12783540320.000,2,2,0,双开,B,5349.0000,5348.8000,5348.2000,5348.0000,5347.6000,5349.2000,5349.4000,5349.6000,5350.0000,5350.8000,3,1,2,1,1,2,5,1,7,2
SF,IC2003,2020-01-03 14:57:41.400,5349.0000,54303,0,12783540320.000,0,-,-,-,-,5349.0000,5348.8000,5348.2000,5348.0000,5347.6000,5349.2000,5349.4000,5349.6000,5350.0000,5350.8000,5,1,2,1,1,2,5,1,7,2
SF,IC2003,2020-01-03 14:57:42.400,5349.2000,54303,0,12784610160.000,1,0,1,空换,B,5349.0000,5348.8000,5348.2000,5348.0000,5347.6000,5349.2000,5349.4000,5349.6000,5350.0000,5350.8000,5,1,2,1,1,1,5,1,7,2
SF,IC2003,2020-01-03 14:57:42.900,5349.2000,54303,0,12785680000.000,1,0,1,空换,B,5349.2000,5349.0000,5348.8000,5348.2000,5348.0000,5349.4000,5349.6000,5350.0000,5350.8000,5351.0000,4,5,1,2,1,1,1,7,2,2
SF,IC2003,2020-01-03 14:57:43.400,5349.4000,54303,0,12786749880.000,1,0,1,空换,B,5349.4000,5349.2000,5349.0000,5348.8000,5348.2000,5349.6000,5350.0000,5350.8000,5351.0000,5351.2000,2,1,3,1,2,3,7,2,2,1
SF,IC2003,2020-01-03 14:57:43.900,5349.6000,54304,1,12788889720.000,2,1,1,多开,B,5349.4000,5349.0000,5348.8000,5348.2000,5348.0000,5349.6000,5350.0000,5350.8000,5351.0000,5351.2000,2,3,1,2,1,1,7,2,2,1
SF,IC2003,2020-01-03 14:57:44.400,5349.4000,54304,0,12789959600.000,1,0,1,空换,B,5349.4000,5349.0000,5348.2000,5348.0000,5347.6000,5349.6000,5350.0000,5350.8000,5351.0000,5351.2000,1,3,2,1,1,2,7,2,2,1
SF,IC2003,2020-01-03 14:57:45.400,5349.4000,54305,1,12791029480.000,1,1,0,双开,B,5349.0000,5348.2000,5348.0000,5347.6000,5347.0000,5349.6000,5350.0000,5350.8000,5351.0000,5351.2000,3,2,1,1,4,2,7,2,2,1
SF,IC2003,2020-01-03 14:57:46.400,5349.6000,54305,0,12792099400.000,1,0,1,空换,B,5349.0000,5348.2000,5348.0000,5347.6000,5347.0000,5349.6000,5350.0000,5350.8000,5351.0000,5351.2000,3,2,1,1,4,1,7,2,2,1
SF,IC2003,2020-01-03 14:57:46.900,5349.6000,54305,0,12792099400.000,0,-,-,-,-,5349.0000,5348.2000,5348.0000,5347.6000,5347.0000,5349.6000,5349.8000,5350.0000,5350.8000,5351.0000,3,2,1,1,4,1,1,7,2,2
SF,IC2003,2020-01-03 14:57:47.400,5349.6000,54305,0,12792099400.000,0,-,-,-,-,5349.4000,5349.0000,5348.2000,5348.0000,5347.6000,5349.6000,5349.8000,5350.0000,5350.8000,5351.0000,1,3,2,1,1,1,1,7,2,2
SF,IC2003,2020-01-03 14:57:47.900,5349.8000,54304,-1,12795309160.000,3,1,2,空平,B,5349.4000,5349.0000,5348.2000,5348.0000,5347.6000,5350.0000,5350.8000,5351.0000,5351.2000,5351.8000,1,3,2,1,1,7,2,2,1,2
SF,IC2003,2020-01-03 14:57:48.400,5349.8000,54304,0,12795309160.000,0,-,-,-,-,5349.4000,5349.0000,5348.2000,5348.0000,5347.6000,5349.8000,5350.0000,5350.8000,5351.0000,5351.2000,1,3,2,1,1,8,7,2,2,1
SF,IC2003,2020-01-03 14:57:48.900,5349.8000,54304,0,12795309160.000,0,-,-,-,-,5349.4000,5349.0000,5348.2000,5348.0000,5347.6000,5349.8000,5350.0000,5350.8000,5351.0000,5351.2000,1,3,2,1,1,6,7,2,2,1
SF,IC2003,2020-01-03 14:57:49.900,5349.8000,54304,0,12797449000.000,2,1,1,空换,B,5349.0000,5348.2000,5348.0000,5347.6000,5347.0000,5349.8000,5350.0000,5350.8000,5351.0000,5351.2000,3,2,1,1,4,6,3,2,2,1
SF,IC2003,2020-01-03 14:57:50.400,5349.8000,54304,0,12797449000.000,0,-,-,-,-,5349.2000,5349.0000,5348.2000,5348.0000,5347.0000,5349.8000,5350.0000,5350.8000,5351.0000,5351.2000,2,3,2,1,4,6,3,2,2,1
SF,IC2003,2020-01-03 14:57:50.900,5349.8000,54304,0,12797449000.000,0,-,-,-,-,5349.2000,5349.0000,5348.2000,5348.0000,5347.0000,5349.8000,5350.0000,5350.8000,5351.0000,5351.2000,3,3,2,1,4,6,3,2,2,1
SF,IC2003,2020-01-03 14:57:51.900,5349.8000,54304,0,12797449000.000,0,-,-,-,-,5349.2000,5349.0000,5348.2000,5348.0000,5347.0000,5349.8000,5350.0000,5350.8000,5351.0000,5351.2000,2,3,2,1,4,6,3,2,2,1
SF,IC2003,2020-01-03 14:57:52.900,5349.8000,54304,0,12797449000.000,0,-,-,-,-,5349.2000,5349.0000,5348.2000,5348.0000,5347.0000,5349.6000,5349.8000,5350.0000,5350.8000,5351.0000,2,3,2,1,4,1,6,3,2,2
SF,IC2003,2020-01-03 14:57:53.400,5349.8000,54305,1,12799588920.000,2,1,1,多开,B,5349.0000,5348.2000,5348.0000,5347.0000,5345.4000,5349.8000,5350.0000,5350.8000,5351.0000,5351.2000,3,2,1,4,1,5,3,2,2,1
SF,IC2003,2020-01-03 14:57:53.900,5349.8000,54305,0,12799588920.000,0,-,-,-,-,5349.2000,5349.0000,5348.2000,5348.0000,5347.0000,5349.8000,5350.0000,5350.8000,5351.0000,5351.2000,2,3,2,1,4,5,3,2,2,1
SF,IC2003,2020-01-03 14:57:55.400,5349.8000,54306,1,12800658880.000,1,1,0,双开,B,5349.2000,5349.0000,5348.2000,5348.0000,5347.0000,5349.8000,5350.0000,5350.8000,5351.0000,5351.2000,2,1,2,1,4,4,3,2,2,1
SF,IC2003,2020-01-03 14:57:55.900,5349.8000,54306,0,12800658880.000,0,-,-,-,-,5349.4000,5349.2000,5349.0000,5348.2000,5348.0000,5349.8000,5350.0000,5350.8000,5351.0000,5351.2000,2,2,1,2,1,1,3,1,2,1
SF,IC2003,2020-01-03 14:57:58.900,5349.8000,54306,0,12800658880.000,0,-,-,-,-,5349.4000,5349.2000,5349.0000,5348.2000,5348.0000,5349.8000,5350.0000,5350.8000,5351.0000,5351.2000,3,2,1,2,1,1,3,1,2,1
SF,IC2003,2020-01-03 14:57:59.400,5349.6000,54307,1,12801728800.000,1,1,0,双开,B,5349.4000,5349.2000,5349.0000,5348.2000,5348.0000,5349.8000,5350.0000,5350.8000,5351.0000,5351.2000,2,2,1,2,1,1,3,1,2,1
SF,IC2003,2020-01-03 14:57:59.900,5349.6000,54307,0,12801728800.000,0,-,-,-,-,5349.4000,5349.2000,5349.0000,5348.2000,5348.0000,5349.8000,5350.0000,5350.8000,5351.0000,5351.2000,2,1,1,2,1,1,3,1,2,1
SF,IC2003,2020-01-03 14:58:00.400,5349.2000,54307,0,12804938400.000,3,1,2,空换,B,5349.0000,5348.2000,5348.0000,5347.0000,5345.4000,5349.4000,5349.6000,5349.8000,5350.0000,5350.8000,1,2,1,4,1,3,4,1,3,1
SF,IC2003,2020-01-03 14:58:00.900,5349.0000,54309,2,12807078000.000,2,2,0,双开,B,5348.2000,5348.0000,5347.0000,5345.4000,5345.2000,5349.4000,5349.6000,5350.0000,5350.8000,5351.0000,2,1,4,1,1,1,3,3,1,1
SF,IC2003,2020-01-03 14:58:01.400,5348.2000,54307,-2,12811356720.000,4,1,3,空平,B,5348.2000,5348.0000,5347.0000,5345.4000,5345.2000,5349.2000,5349.4000,5349.6000,5350.0000,5350.8000,1,1,4,1,1,1,1,1,3,1
SF,IC2003,2020-01-03 14:58:01.900,5348.2000,54307,0,12811356720.000,0,-,-,-,-,5348.2000,5348.0000,5347.0000,5345.4000,5345.2000,5349.2000,5349.4000,5350.0000,5350.8000,5351.0000,1,1,4,1,1,1,1,3,1,1
SF,IC2003,2020-01-03 14:58:02.400,5348.2000,54307,0,12811356720.000,0,-,-,-,-,5348.4000,5348.2000,5348.0000,5347.0000,5345.4000,5349.2000,5349.4000,5350.0000,5350.8000,5351.0000,2,1,1,4,1,1,1,3,1,1
SF,IC2003,2020-01-03 14:58:02.900,5348.2000,54307,0,12811356720.000,0,-,-,-,-,5348.4000,5348.0000,5347.0000,5345.4000,5345.2000,5349.2000,5349.4000,5350.0000,5350.8000,5351.0000,2,1,4,1,1,1,1,3,1,1
SF,IC2003,2020-01-03 14:58:04.900,5348.2000,54307,0,12811356720.000,0,-,-,-,-,5348.4000,5348.0000,5347.0000,5345.4000,5345.2000,5349.2000,5349.4000,5350.0000,5350.8000,5351.0000,2,2,4,1,1,1,1,3,1,1
SF,IC2003,2020-01-03 14:58:05.400,5349.2000,54307,0,12812426560.000,1,0,1,空换,B,5349.2000,5348.0000,5347.0000,5345.4000,5345.2000,5349.4000,5350.0000,5350.8000,5351.0000,5351.2000,1,2,4,1,1,4,3,1,1,1
SF,IC2003,2020-01-03 14:58:05.900,5349.2000,54307,0,12813496400.000,1,0,1,空换,B,5348.0000,5347.0000,5345.4000,5345.2000,5345.0000,5349.2000,5349.4000,5350.0000,5350.8000,5351.0000,2,4,1,1,11,1,4,3,1,1
SF,IC2003,2020-01-03 14:58:06.400,5349.2000,54307,0,12813496400.000,0,-,-,-,-,5348.6000,5348.2000,5348.0000,5347.0000,5345.4000,5349.0000,5349.4000,5350.0000,5350.8000,5351.0000,1,3,2,4,1,1,4,3,1,1
SF,IC2003,2020-01-03 14:58:06.900,5349.2000,54307,0,12813496400.000,0,-,-,-,-,5348.2000,5348.0000,5347.0000,5345.4000,5345.2000,5349.4000,5350.0000,5350.8000,5351.0000,5351.2000,3,2,4,1,1,3,3,1,1,1
SF,IC2003,2020-01-03 14:58:07.400,5349.2000,54307,0,12813496400.000,0,-,-,-,-,5348.4000,5348.2000,5348.0000,5347.0000,5345.4000,5349.2000,5349.4000,5350.0000,5350.8000,5351.0000,1,3,2,4,1,4,3,3,1,1
SF,IC2003,2020-01-03 14:58:07.900,5349.2000,54307,0,12813496400.000,0,-,-,-,-,5348.6000,5348.4000,5348.2000,5348.0000,5347.0000,5349.2000,5349.4000,5350.0000,5350.8000,5351.0000,1,1,3,2,4,2,3,3,1,1
SF,IC2003,2020-01-03 14:58:08.400,5349.2000,54307,0,12813496400.000,0,-,-,-,-,5348.6000,5348.4000,5348.2000,5348.0000,5347.0000,5349.2000,5349.4000,5350.0000,5350.8000,5351.0000,1,1,2,2,4,2,3,3,1,1
SF,IC2003,2020-01-03 14:58:09.400,5349.2000,54307,0,12813496400.000,0,-,-,-,-,5348.8000,5348.6000,5348.4000,5348.2000,5348.0000,5349.2000,5349.4000,5350.0000,5350.8000,5351.0000,1,1,1,2,2,2,3,3,1,1
SF,IC2003,2020-01-03 14:58:09.900,5349.2000,54307,0,12813496400.000,0,-,-,-,-,5348.8000,5348.6000,5348.4000,5348.2000,5348.0000,5349.2000,5349.4000,5350.0000,5350.8000,5351.0000,1,1,1,2,2,1,3,3,1,1
SF,IC2003,2020-01-03 14:58:10.900,5349.2000,54307,0,12813496400.000,0,-,-,-,-,5348.8000,5348.6000,5348.4000,5348.2000,5348.0000,5349.2000,5349.4000,5350.0000,5350.8000,5351.0000,3,1,1,2,2,1,3,3,1,1
SF,IC2003,2020-01-03 14:58:13.400,5349.2000,54307,0,12813496400.000,0,-,-,-,-,5348.8000,5348.4000,5348.2000,5348.0000,5347.0000,5349.2000,5349.4000,5350.0000,5350.8000,5351.0000,3,1,2,2,4,1,3,3,1,1
SF,IC2003,2020-01-03 14:58:13.900,5349.2000,54307,0,12813496400.000,0,-,-,-,-,5348.8000,5348.4000,5348.2000,5348.0000,5347.0000,5349.2000,5349.4000,5350.0000,5350.8000,5351.0000,3,1,2,2,4,1,3,3,1,1
SF,IC2003,2020-01-03 14:58:14.900,5348.8000,54307,0,12814566160.000,1,0,1,空换,B,5348.8000,5348.4000,5348.2000,5348.0000,5347.0000,5349.2000,5349.4000,5350.0000,5350.8000,5351.0000,2,1,2,2,4,1,3,3,1,1
SF,IC2003,2020-01-03 14:58:15.400,5349.2000,54307,0,12815636000.000,1,0,1,空换,B,5348.8000,5348.4000,5348.2000,5348.0000,5347.0000,5349.4000,5350.0000,5350.8000,5351.0000,5351.2000,2,1,2,2,4,3,3,1,1,1
SF,IC2003,2020-01-03 14:58:15.900,5349.2000,54307,0,12815636000.000,0,-,-,-,-,5348.8000,5348.4000,5348.2000,5348.0000,5347.0000,5349.4000,5350.0000,5350.8000,5351.0000,5351.2000,2,1,2,5,4,3,3,1,1,1
SF,IC2003,2020-01-03 14:58:16.900,5349.2000,54307,0,12815636000.000,0,-,-,-,-,5348.4000,5348.2000,5348.0000,5347.0000,5345.4000,5349.4000,5350.0000,5350.8000,5351.0000,5351.2000,1,2,5,4,1,3,3,1,1,1
SF,IC2003,2020-01-03 14:58:17.400,5349.4000,54309,2,12817775760.000,2,2,0,双开,B,5348.4000,5348.2000,5348.0000,5347.0000,5345.4000,5349.4000,5350.0000,5350.8000,5351.0000,5351.2000,1,2,5,4,1,1,3,1,1,1
SF,IC2003,2020-01-03 14:58:17.900,5349.4000,54309,0,12818845640.000,1,0,1,空换,B,5348.4000,5348.2000,5348.0000,5347.0000,5345.4000,5350.0000,5350.8000,5351.0000,5351.2000,5351.8000,1,2,5,4,1,3,1,1,1,2
SF,IC2003,2020-01-03 14:58:18.400,5349.4000,54309,0,12818845640.000,0,-,-,-,-,5348.6000,5348.4000,5348.0000,5347.0000,5345.4000,5349.8000,5350.0000,5350.8000,5351.0000,5351.2000,2,1,5,4,1,5,3,1,1,1
SF,IC2003,2020-01-03 14:58:18.900,5349.4000,54309,0,12818845640.000,0,-,-,-,-,5348.6000,5348.4000,5348.0000,5347.0000,5345.4000,5349.8000,5350.0000,5350.8000,5351.0000,5351.2000,2,1,5,4,1,3,3,1,1,1
SF,IC2003,2020-01-03 14:58:19.900,5349.4000,54309,0,12818845640.000,0,-,-,-,-,5348.6000,5348.4000,5348.0000,5347.0000,5345.4000,5349.4000,5349.8000,5350.0000,5350.8000,5351.0000,2,1,5,4,1,2,4,3,1,1
SF,IC2003,2020-01-03 14:58:20.400,5349.4000,54309,0,12818845640.000,0,-,-,-,-,5348.4000,5348.0000,5347.0000,5345.4000,5345.2000,5349.8000,5350.0000,5350.8000,5351.0000,5351.2000,1,5,4,1,1,4,3,1,1,1
SF,IC2003,2020-01-03 14:58:20.900,5348.6000,54310,1,12819915360.000,1,1,0,双开,B,5348.6000,5348.4000,5348.0000,5347.0000,5345.4000,5349.6000,5349.8000,5350.0000,5350.8000,5351.0000,1,3,5,4,1,2,4,3,1,1
SF,IC2003,2020-01-03 14:58:21.400,5348.6000,54310,0,12819915360.000,0,-,-,-,-,5348.4000,5348.0000,5347.0000,5345.4000,5345.2000,5349.4000,5349.6000,5349.8000,5350.0000,5350.8000,2,5,4,1,1,2,1,2,3,1
SF,IC2003,2020-01-03 14:58:21.900,5348.6000,54310,0,12819915360.000,0,-,-,-,-,5348.6000,5348.4000,5348.0000,5347.0000,5345.4000,5349.2000,5349.4000,5349.6000,5349.8000,5350.0000,2,2,5,4,1,1,2,1,2,3
SF,IC2003,2020-01-03 14:58:22.400,5348.6000,54310,0,12819915360.000,0,-,-,-,-,5348.6000,5348.4000,5348.0000,5347.0000,5345.4000,5349.2000,5349.4000,5349.6000,5349.8000,5350.0000,1,2,5,4,1,1,2,1,2,3
SF,IC2003,2020-01-03 14:58:23.400,5348.6000,54310,0,12819915360.000,0,-,-,-,-,5348.6000,5348.4000,5348.0000,5347.0000,5345.4000,5349.2000,5349.4000,5349.6000,5349.8000,5350.0000,1,3,5,5,1,1,2,1,2,3
SF,IC2003,2020-01-03 14:58:24.900,5348.6000,54310,0,12819915360.000,0,-,-,-,-,5349.0000,5348.6000,5348.4000,5348.0000,5347.0000,5349.2000,5349.4000,5349.6000,5349.8000,5350.0000,1,1,2,5,5,1,2,1,2,3
SF,IC2003,2020-01-03 14:58:25.400,5348.6000,54310,0,12819915360.000,0,-,-,-,-,5349.0000,5348.6000,5348.4000,5348.0000,5347.0000,5349.4000,5349.6000,5349.8000,5350.0000,5350.8000,1,2,2,5,5,2,1,2,3,1
SF,IC2003,2020-01-03 14:58:25.900,5348.6000,54310,0,12819915360.000,0,-,-,-,-,5349.2000,5349.0000,5348.6000,5348.4000,5348.0000,5349.4000,5349.6000,5349.8000,5350.0000,5350.8000,1,1,2,2,5,2,1,2,3,1
SF,IC2003,2020-01-03 14:58:26.400,5349.2000,54311,1,12822055040.000,2,1,1,多开,B,5349.2000,5349.0000,5348.6000,5348.4000,5348.0000,5349.4000,5349.6000,5349.8000,5350.0000,5350.8000,1,1,1,2,5,2,1,2,3,1
SF,IC2003,2020-01-03 14:58:26.900,5349.4000,54313,2,12824194800.000,2,2,0,双开,B,5349.2000,5349.0000,5348.6000,5348.0000,5347.0000,5349.6000,5349.8000,5350.0000,5350.8000,5351.0000,1,1,1,5,5,1,2,3,1,1
SF,IC2003,2020-01-03 14:58:27.400,5349.2000,54312,-1,12825264640.000,1,0,1,双平,B,5349.0000,5348.6000,5348.0000,5347.0000,5345.4000,5349.6000,5349.8000,5350.0000,5350.8000,5351.0000,1,1,5,5,1,2,2,3,1,1
SF,IC2003,2020-01-03 14:58:29.900,5349.2000,54312,0,12825264640.000,0,-,-,-,-,5349.0000,5348.6000,5348.0000,5347.0000,5345.4000,5349.2000,5349.6000,5349.8000,5350.0000,5350.8000,1,1,5,5,1,1,2,2,3,1
SF,IC2003,2020-01-03 14:58:30.400,5349.2000,54312,0,12826334480.000,1,0,1,空换,B,5349.2000,5349.0000,5348.6000,5348.0000,5347.0000,5349.6000,5349.8000,5350.0000,5350.8000,5351.0000,2,1,1,5,5,2,2,3,1,1
SF,IC2003,2020-01-03 14:58:30.900,5349.2000,54312,0,12826334480.000,0,-,-,-,-,5349.2000,5349.0000,5348.6000,5348.0000,5347.0000,5349.6000,5349.8000,5350.0000,5350.8000,5351.0000,2,1,1,5,5,2,2,3,1,1
SF,IC2003,2020-01-03 14:58:31.400,5349.2000,54312,0,12826334480.000,0,-,-,-,-,5349.2000,5349.0000,5348.6000,5348.0000,5347.0000,5349.6000,5349.8000,5350.0000,5350.8000,5351.0000,2,1,1,5,5,2,2,3,1,1
SF,IC2003,2020-01-03 14:58:32.400,5349.2000,54312,0,12826334480.000,0,-,-,-,-,5349.2000,5349.0000,5348.6000,5348.0000,5347.0000,5349.6000,5349.8000,5350.0000,5350.8000,5351.0000,2,1,1,5,5,2,2,3,1,1
SF,IC2003,2020-01-03 14:58:33.400,5349.2000,54312,0,12826334480.000,0,-,-,-,-,5349.4000,5349.2000,5349.0000,5348.6000,5348.0000,5349.6000,5349.8000,5350.0000,5350.8000,5351.0000,1,2,1,1,5,2,2,3,1,1
SF,IC2003,2020-01-03 14:58:33.900,5349.4000,54313,1,12827404360.000,1,1,0,双开,B,5349.2000,5349.0000,5348.6000,5348.0000,5347.0000,5349.4000,5349.6000,5349.8000,5350.0000,5350.8000,2,1,1,5,5,2,2,2,3,1
SF,IC2003,2020-01-03 14:58:34.400,5349.4000,54313,0,12827404360.000,0,-,-,-,-,5349.2000,5349.0000,5348.6000,5348.0000,5347.0000,5349.6000,5349.8000,5350.0000,5350.8000,5351.0000,2,1,1,4,5,2,2,3,1,1
SF,IC2003,2020-01-03 14:58:34.900,5349.2000,54314,1,12829544040.000,2,1,1,多开,B,5349.0000,5348.6000,5348.0000,5347.0000,5345.4000,5349.2000,5349.4000,5349.6000,5349.8000,5350.0000,1,1,4,5,1,1,5,2,1,3
SF,IC2003,2020-01-03 14:58:35.400,5349.2000,54314,0,12829544040.000,0,-,-,-,-,5349.0000,5348.6000,5348.0000,5347.0000,5345.4000,5349.2000,5349.4000,5349.6000,5349.8000,5350.0000,1,1,4,5,1,1,1,2,1,3
SF,IC2003,2020-01-03 14:58:36.400,5349.2000,54314,0,12830613880.000,1,0,1,空换,B,5349.2000,5349.0000,5348.6000,5348.0000,5347.0000,5349.4000,5349.6000,5349.8000,5350.0000,5350.8000,2,1,1,4,5,1,2,1,3,1
SF,IC2003,2020-01-03 14:58:36.900,5349.2000,54314,0,12830613880.000,0,-,-,-,-,5349.2000,5349.0000,5348.6000,5348.0000,5347.0000,5349.6000,5349.8000,5350.0000,5350.8000,5351.0000,3,1,1,4,5,2,1,3,1,1
SF,IC2003,2020-01-03 14:58:37.900,5349.2000,54314,0,12830613880.000,0,-,-,-,-,5349.2000,5349.0000,5348.6000,5348.0000,5347.0000,5349.6000,5349.8000,5350.0000,5350.8000,5351.0000,3,2,1,4,5,2,1,3,1,1
SF,IC2003,2020-01-03 14:58:39.400,5349.2000,54314,0,12830613880.000,0,-,-,-,-,5349.2000,5349.0000,5348.6000,5348.0000,5347.0000,5349.6000,5349.8000,5350.0000,5350.8000,5351.0000,3,2,1,4,5,2,1,4,1,1
SF,IC2003,2020-01-03 14:58:39.900,5349.2000,54314,0,12830613880.000,0,-,-,-,-,5349.2000,5349.0000,5348.6000,5348.0000,5347.0000,5349.4000,5349.6000,5349.8000,5350.0000,5350.8000,3,2,1,4,5,6,2,1,4,1
SF,IC2003,2020-01-03 14:58:40.400,5349.4000,54317,3,12833823440.000,3,3,0,双开,B,5349.2000,5349.0000,5348.6000,5348.0000,5347.0000,5349.4000,5349.6000,5349.8000,5350.0000,5350.8000,1,2,1,4,5,1,2,1,4,1
SF,IC2003,2020-01-03 14:58:40.900,5349.4000,54317,0,12833823440.000,0,-,-,-,-,5349.2000,5349.0000,5348.6000,5348.0000,5347.0000,5349.4000,5349.6000,5349.8000,5350.0000,5350.8000,3,2,1,4,5,1,2,1,4,1
SF,IC2003,2020-01-03 14:58:41.400,5349.4000,54317,0,12834893320.000,1,0,1,空换,B,5349.2000,5349.0000,5348.6000,5348.0000,5347.0000,5349.6000,5349.8000,5350.0000,5350.8000,5351.0000,3,2,2,4,5,2,1,4,1,1
SF,IC2003,2020-01-03 14:58:41.900,5349.4000,54317,0,12838103000.000,3,1,2,空换,B,5349.2000,5349.0000,5348.6000,5348.0000,5347.0000,5349.6000,5349.8000,5350.0000,5350.8000,5351.0000,3,2,2,4,5,1,1,6,1,1
SF,IC2003,2020-01-03 14:58:42.400,5349.6000,54317,0,12839172920.000,1,0,1,空换,B,5349.6000,5349.4000,5349.2000,5349.0000,5348.6000,5349.8000,5350.0000,5350.8000,5351.0000,5351.2000,1,1,3,2,2,1,6,1,1,1
SF,IC2003,2020-01-03 14:58:42.900,5349.6000,54317,0,12839172920.000,0,-,-,-,-,5349.6000,5349.4000,5349.2000,5349.0000,5348.6000,5349.8000,5350.0000,5350.8000,5351.0000,5351.2000,1,1,3,5,2,1,6,1,1,1
SF,IC2003,2020-01-03 14:58:43.400,5349.6000,54317,0,12839172920.000,0,-,-,-,-,5349.6000,5349.4000,5349.2000,5349.0000,5348.6000,5349.8000,5350.0000,5350.8000,5351.0000,5351.2000,1,7,3,5,2,1,6,1,1,1
SF,IC2003,2020-01-03 14:58:44.400,5349.6000,54317,0,12840242840.000,1,0,1,空换,B,5349.4000,5349.2000,5349.0000,5348.6000,5348.0000,5349.6000,5349.8000,5350.0000,5350.8000,5351.0000,7,3,5,2,4,1,1,6,1,1
SF,IC2003,2020-01-03 14:58:44.900,5349.6000,54317,0,12840242840.000,0,-,-,-,-,5349.4000,5349.2000,5349.0000,5348.6000,5348.0000,5349.8000,5350.0000,5350.8000,5351.0000,5351.2000,7,3,5,2,4,1,6,1,1,1
SF,IC2003,2020-01-03 14:58:45.400,5349.4000,54317,0,12841312720.000,1,0,1,空换,B,5349.4000,5349.2000,5349.0000,5348.6000,5348.0000,5349.6000,5349.8000,5350.0000,5350.8000,5351.0000,6,3,5,2,4,1,1,6,1,1
SF,IC2003,2020-01-03 14:58:45.900,5349.4000,54317,0,12842382600.000,1,0,1,空换,B,5349.4000,5349.2000,5349.0000,5348.6000,5348.0000,5349.8000,5350.0000,5350.8000,5351.0000,5351.2000,5,3,5,2,4,1,6,1,1,1
SF,IC2003,2020-01-03 14:58:46.900,5349.8000,54318,1,12843452560.000,1,1,0,双开,B,5349.4000,5349.2000,5349.0000,5348.6000,5348.0000,5350.0000,5350.8000,5351.0000,5351.2000,5351.8000,5,3,5,2,4,6,1,1,1,2
SF,IC2003,2020-01-03 14:58:47.400,5350.0000,54319,1,12845592520.000,2,1,1,多开,B,5349.8000,5349.4000,5349.2000,5349.0000,5348.6000,5350.0000,5350.8000,5351.0000,5351.2000,5351.8000,2,5,1,5,2,5,1,1,1,2
SF,IC2003,2020-01-03 14:58:47.900,5350.0000,54319,0,12845592520.000,0,-,-,-,-,5349.8000,5349.6000,5349.4000,5349.2000,5349.0000,5350.0000,5350.8000,5351.0000,5351.2000,5351.8000,2,1,5,1,5,5,1,1,1,2
SF,IC2003,2020-01-03 14:58:49.400,5350.0000,54318,-1,12848802520.000,3,1,2,空平,B,5349.8000,5349.4000,5349.2000,5349.0000,5348.6000,5350.0000,5350.8000,5351.0000,5351.2000,5351.8000,2,5,1,5,2,2,1,1,1,2
SF,IC2003,2020-01-03 14:58:49.900,5350.0000,54320,2,12852012480.000,3,2,1,多开,B,5349.8000,5349.4000,5349.2000,5349.0000,5348.6000,5350.8000,5351.0000,5351.2000,5351.8000,5352.2000,1,5,1,5,2,1,1,1,2,5
SF,IC2003,2020-01-03 14:58:50.400,5350.0000,54320,0,12852012480.000,0,-,-,-,-,5349.8000,5349.4000,5349.2000,5349.0000,5348.6000,5350.4000,5350.8000,5351.0000,5351.2000,5351.8000,1,5,1,5,1,1,3,1,1,2
SF,IC2003,2020-01-03 14:58:50.900,5350.0000,54320,0,12852012480.000,0,-,-,-,-,5350.0000,5349.8000,5349.4000,5349.2000,5349.0000,5350.4000,5350.8000,5351.0000,5351.2000,5351.8000,2,1,5,1,5,1,3,1,1,2
SF,IC2003,2020-01-03 14:58:51.400,5350.0000,54321,1,12853082480.000,1,1,0,双开,B,5350.0000,5349.8000,5349.4000,5349.2000,5349.0000,5350.4000,5350.8000,5351.0000,5351.2000,5351.8000,1,1,5,1,2,1,3,1,1,2
SF,IC2003,2020-01-03 14:58:51.900,5350.0000,54321,0,12853082480.000,0,-,-,-,-,5350.0000,5349.8000,5349.4000,5349.2000,5349.0000,5350.2000,5350.4000,5350.8000,5351.0000,5351.2000,1,1,5,1,2,2,1,3,1,1
SF,IC2003,2020-01-03 14:58:52.400,5350.2000,54322,1,12854152520.000,1,1,0,双开,B,5350.0000,5349.8000,5349.4000,5349.2000,5349.0000,5350.4000,5350.8000,5351.0000,5351.2000,5351.8000,1,1,5,1,2,1,3,1,1,2
SF,IC2003,2020-01-03 14:58:53.900,5350.2000,54322,0,12854152520.000,0,-,-,-,-,5350.0000,5349.8000,5349.4000,5349.2000,5349.0000,5350.4000,5350.8000,5351.0000,5351.2000,5351.8000,1,1,5,1,2,1,3,1,1,2
SF,IC2003,2020-01-03 14:58:54.400,5350.4000,54322,0,12855222600.000,1,0,1,空换,B,5350.4000,5350.0000,5349.4000,5349.2000,5349.0000,5350.8000,5351.0000,5351.2000,5351.8000,5352.2000,9,1,5,1,2,3,1,1,2,5
SF,IC2003,2020-01-03 14:58:55.400,5350.4000,54323,1,12856292680.000,1,1,0,双开,B,5350.4000,5350.0000,5349.4000,5349.2000,5349.0000,5350.8000,5351.0000,5351.2000,5351.8000,5352.2000,8,1,5,1,2,3,1,1,2,5
SF,IC2003,2020-01-03 14:58:55.900,5350.4000,54323,0,12856292680.000,0,-,-,-,-,5350.4000,5350.0000,5349.4000,5349.2000,5349.0000,5350.8000,5351.0000,5351.2000,5351.8000,5352.2000,8,1,5,1,2,3,1,1,2,5
SF,IC2003,2020-01-03 14:58:56.400,5350.4000,54323,0,12856292680.000,0,-,-,-,-,5350.4000,5350.0000,5349.4000,5349.2000,5349.0000,5350.6000,5350.8000,5351.0000,5351.2000,5351.8000,8,1,5,1,2,2,3,1,1,2
SF,IC2003,2020-01-03 14:58:56.900,5350.4000,54330,7,12865923400.000,9,8,1,多开,B,5349.4000,5349.2000,5349.0000,5348.6000,5348.0000,5350.4000,5350.8000,5351.0000,5351.2000,5351.8000,5,1,1,1,1,4,3,1,1,2
SF,IC2003,2020-01-03 14:58:57.400,5350.4000,54330,0,12865923400.000,0,-,-,-,-,5350.0000,5349.6000,5349.4000,5349.2000,5349.0000,5350.2000,5350.4000,5350.8000,5351.0000,5351.2000,2,2,5,1,1,1,1,3,1,1
SF,IC2003,2020-01-03 14:58:57.900,5350.2000,54330,0,12866993440.000,1,0,1,空换,B,5350.2000,5350.0000,5349.8000,5349.6000,5349.4000,5350.4000,5350.8000,5351.0000,5351.2000,5351.8000,2,1,1,2,5,1,3,1,1,2
SF,IC2003,2020-01-03 14:58:58.400,5350.2000,54330,0,12866993440.000,0,-,-,-,-,5350.0000,5349.8000,5349.6000,5349.4000,5349.2000,5350.4000,5350.8000,5351.0000,5351.2000,5351.8000,1,1,2,5,1,1,3,1,1,2
SF,IC2003,2020-01-03 14:58:58.900,5350.4000,54331,1,12868063520.000,1,1,0,双开,B,5350.0000,5349.4000,5349.2000,5349.0000,5348.6000,5350.8000,5351.0000,5351.2000,5351.8000,5352.2000,2,5,1,1,1,3,1,1,2,5
SF,IC2003,2020-01-03 14:58:59.400,5350.2000,54330,-1,12869133560.000,1,0,1,双平,B,5350.2000,5350.0000,5349.4000,5349.2000,5349.0000,5350.6000,5350.8000,5351.0000,5351.2000,5351.8000,1,2,5,1,1,2,3,1,1,2
SF,IC2003,2020-01-03 14:58:59.900,5350.2000,54330,0,12870203600.000,1,0,1,空换,B,5350.0000,5349.4000,5349.2000,5349.0000,5348.6000,5350.4000,5350.8000,5351.0000,5351.2000,5351.8000,2,5,1,1,1,2,3,1,1,2
SF,IC2003,2020-01-03 14:59:00.400,5350.2000,54330,0,12870203600.000,0,-,-,-,-,5350.0000,5349.4000,5349.2000,5349.0000,5348.6000,5350.4000,5350.8000,5351.0000,5351.2000,5351.8000,2,5,1,1,1,1,3,1,1,2
SF,IC2003,2020-01-03 14:59:00.900,5350.0000,54329,-1,12872343600.000,2,0,2,空平,B,5350.0000,5349.4000,5349.2000,5349.0000,5348.6000,5350.2000,5350.4000,5350.8000,5351.0000,5351.2000,2,5,1,1,1,2,2,3,1,1
SF,IC2003,2020-01-03 14:59:01.400,5350.0000,54331,2,12874483600.000,2,2,0,双开,B,5349.4000,5349.2000,5349.0000,5348.6000,5348.0000,5350.0000,5350.2000,5350.8000,5351.0000,5351.2000,5,1,1,1,1,2,1,3,1,1
SF,IC2003,2020-01-03 14:59:01.900,5350.0000,54331,0,12874483600.000,0,-,-,-,-,5349.2000,5349.0000,5348.6000,5348.0000,5347.0000,5350.0000,5350.8000,5351.0000,5351.2000,5351.8000,1,1,1,1,3,1,3,1,1,2
SF,IC2003,2020-01-03 14:59:02.900,5350.0000,54331,0,12875553600.000,1,0,1,空换,B,5349.2000,5349.0000,5348.6000,5348.0000,5347.0000,5350.8000,5351.0000,5351.2000,5351.8000,5352.2000,1,1,1,1,3,3,1,1,2,5
SF,IC2003,2020-01-03 14:59:03.400,5350.0000,54331,0,12875553600.000,0,-,-,-,-,5349.4000,5349.2000,5349.0000,5348.6000,5348.0000,5350.2000,5350.8000,5351.0000,5351.2000,5351.8000,2,1,1,1,1,1,3,1,1,2
SF,IC2003,2020-01-03 14:59:03.900,5350.0000,54331,0,12875553600.000,0,-,-,-,-,5349.4000,5349.2000,5349.0000,5348.6000,5348.0000,5350.2000,5350.8000,5351.0000,5351.2000,5351.8000,2,1,1,1,1,1,3,1,1,2
SF,IC2003,2020-01-03 14:59:04.400,5349.4000,54329,-2,12877693480.000,2,0,2,双平,B,5349.2000,5349.0000,5348.6000,5348.0000,5347.0000,5350.0000,5350.4000,5350.8000,5351.0000,5351.2000,4,1,1,1,3,1,1,3,1,1
SF,IC2003,2020-01-03 14:59:05.400,5349.4000,54329,0,12877693480.000,0,-,-,-,-,5349.2000,5349.0000,5348.6000,5348.0000,5347.0000,5350.0000,5350.8000,5351.0000,5351.2000,5351.8000,4,1,1,1,3,2,3,1,1,2
SF,IC2003,2020-01-03 14:59:06.400,5349.2000,54329,0,12878763320.000,1,0,1,空换,B,5349.4000,5349.2000,5349.0000,5348.6000,5348.0000,5350.0000,5350.8000,5351.0000,5351.2000,5351.8000,1,3,2,1,1,2,3,1,1,2
SF,IC2003,2020-01-03 14:59:06.900,5349.4000,54328,-1,12879833200.000,1,0,1,双平,B,5349.2000,5349.0000,5348.6000,5348.0000,5347.0000,5350.0000,5350.8000,5351.0000,5351.2000,5351.8000,3,2,1,1,1,2,3,1,1,2
SF,IC2003,2020-01-03 14:59:07.400,5349.4000,54328,0,12879833200.000,0,-,-,-,-,5349.2000,5349.0000,5348.6000,5348.0000,5347.0000,5350.0000,5350.8000,5351.0000,5351.2000,5351.8000,3,2,1,1,1,1,3,1,1,2
SF,IC2003,2020-01-03 14:59:08.400,5349.4000,54328,0,12879833200.000,0,-,-,-,-,5349.2000,5349.0000,5348.6000,5348.0000,5347.0000,5350.0000,5350.8000,5351.0000,5351.2000,5351.8000,3,2,1,1,1,2,3,1,1,2
SF,IC2003,2020-01-03 14:59:08.900,5350.0000,54328,0,12881973200.000,2,1,1,空换,B,5349.2000,5349.0000,5348.6000,5348.0000,5347.0000,5350.8000,5351.0000,5351.2000,5351.8000,5353.0000,3,2,1,1,1,3,1,1,2,3
SF,IC2003,2020-01-03 14:59:09.400,5350.2000,54327,-1,12883043240.000,1,0,1,双平,B,5350.0000,5349.4000,5349.2000,5349.0000,5348.6000,5350.2000,5350.4000,5350.6000,5350.8000,5351.0000,4,5,3,2,1,1,2,2,3,1
SF,IC2003,2020-01-03 14:59:09.900,5349.8000,54326,-1,12889463240.000,6,2,4,空平,B,5349.4000,5349.2000,5349.0000,5348.6000,5348.0000,5350.6000,5350.8000,5351.0000,5351.2000,5351.8000,4,3,2,1,1,2,3,1,1,2
SF,IC2003,2020-01-03 14:59:10.400,5349.6000,54326,0,12890533160.000,1,0,1,空换,B,5349.4000,5349.2000,5349.0000,5348.6000,5348.0000,5350.4000,5350.6000,5350.8000,5351.0000,5351.2000,4,3,2,1,1,1,2,3,1,1
SF,IC2003,2020-01-03 14:59:10.900,5349.6000,54326,0,12890533160.000,0,-,-,-,-,5349.8000,5349.6000,5349.4000,5349.2000,5349.0000,5350.4000,5350.6000,5350.8000,5351.0000,5351.2000,1,1,6,3,2,1,2,3,1,1
SF,IC2003,2020-01-03 14:59:11.400,5349.6000,54326,0,12890533160.000,0,-,-,-,-,5349.8000,5349.6000,5349.4000,5349.2000,5349.0000,5350.4000,5350.6000,5350.8000,5351.0000,5351.2000,1,1,6,3,2,1,2,4,1,1
SF,IC2003,2020-01-03 14:59:11.900,5349.6000,54326,0,12890533160.000,0,-,-,-,-,5350.0000,5349.8000,5349.6000,5349.4000,5349.2000,5350.4000,5350.8000,5351.0000,5351.2000,5351.8000,1,1,1,5,3,1,2,1,1,2
SF,IC2003,2020-01-03 14:59:12.400,5349.6000,54326,0,12890533160.000,0,-,-,-,-,5350.0000,5349.8000,5349.6000,5349.4000,5349.2000,5350.4000,5350.8000,5351.0000,5351.2000,5351.8000,1,1,1,5,3,1,2,1,1,2
SF,IC2003,2020-01-03 14:59:12.900,5349.6000,54326,0,12890533160.000,0,-,-,-,-,5350.0000,5349.8000,5349.6000,5349.4000,5349.2000,5350.4000,5350.8000,5351.0000,5351.2000,5351.8000,1,1,1,5,3,2,2,1,1,2
SF,IC2003,2020-01-03 14:59:13.900,5350.0000,54325,-1,12891603160.000,1,0,1,双平,B,5349.8000,5349.6000,5349.4000,5349.2000,5349.0000,5350.4000,5350.8000,5351.0000,5351.2000,5351.8000,1,1,5,3,1,2,2,1,1,2
SF,IC2003,2020-01-03 14:59:14.400,5350.0000,54325,0,12891603160.000,0,-,-,-,-,5349.6000,5349.4000,5349.2000,5349.0000,5348.6000,5350.4000,5350.8000,5351.0000,5351.2000,5351.8000,1,5,3,1,1,2,2,1,1,2
SF,IC2003,2020-01-03 14:59:14.900,5349.4000,54323,-2,12898022840.000,6,2,4,空平,B,5349.4000,5349.2000,5349.0000,5348.6000,5348.0000,5350.0000,5350.4000,5350.8000,5351.0000,5351.2000,3,3,1,1,1,1,1,2,1,1
SF,IC2003,2020-01-03 14:59:15.400,5350.0000,54324,1,12899092840.000,1,1,0,双开,B,5349.4000,5349.2000,5348.6000,5348.0000,5347.0000,5350.4000,5350.8000,5351.0000,5351.2000,5351.8000,3,3,1,1,1,1,2,1,1,2
SF,IC2003,2020-01-03 14:59:15.900,5350.0000,54323,-1,12900162840.000,1,0,1,双平,B,5349.8000,5349.6000,5349.4000,5349.2000,5348.6000,5350.2000,5350.4000,5350.8000,5351.0000,5351.2000,1,1,3,3,1,1,1,2,1,1
SF,IC2003,2020-01-03 14:59:16.400,5350.0000,54323,0,12900162840.000,0,-,-,-,-,5349.8000,5349.6000,5349.4000,5349.2000,5348.6000,5350.2000,5350.4000,5350.8000,5351.0000,5351.2000,1,2,3,3,1,1,1,2,1,1
SF,IC2003,2020-01-03 14:59:16.900,5350.2000,54323,0,12902302920.000,2,1,1,空换,B,5349.8000,5349.6000,5349.4000,5349.2000,5348.6000,5350.4000,5350.8000,5351.0000,5351.2000,5351.8000,2,1,1,3,1,1,2,1,1,2
SF,IC2003,2020-01-03 14:59:17.900,5350.2000,54323,0,12902302920.000,0,-,-,-,-,5350.0000,5349.8000,5349.4000,5349.2000,5348.6000,5350.4000,5350.8000,5351.0000,5351.2000,5351.8000,1,2,1,3,1,2,2,1,1,2
SF,IC2003,2020-01-03 14:59:18.900,5350.2000,54323,0,12902302920.000,0,-,-,-,-,5350.0000,5349.8000,5349.4000,5349.2000,5348.6000,5350.4000,5350.8000,5351.0000,5351.2000,5351.8000,1,2,1,3,1,2,2,1,1,2
SF,IC2003,2020-01-03 14:59:19.400,5350.4000,54322,-1,12904443080.000,2,0,2,空平,B,5350.4000,5350.0000,5349.8000,5349.4000,5349.2000,5350.8000,5351.0000,5351.2000,5351.8000,5353.0000,3,2,1,1,3,2,2,1,2,1
SF,IC2003,2020-01-03 14:59:19.900,5350.4000,54322,0,12904443080.000,0,-,-,-,-,5350.4000,5350.0000,5349.8000,5349.4000,5349.2000,5350.8000,5351.0000,5351.2000,5351.8000,5353.0000,3,2,1,1,3,2,2,1,2,1
SF,IC2003,2020-01-03 14:59:20.400,5350.8000,54322,0,12905513240.000,1,0,1,空换,B,5350.4000,5350.0000,5349.8000,5349.4000,5349.2000,5350.8000,5351.0000,5351.2000,5351.8000,5353.0000,3,2,1,1,3,1,2,1,2,1
SF,IC2003,2020-01-03 14:59:20.900,5350.8000,54324,2,12907653560.000,2,2,0,双开,B,5350.4000,5350.0000,5349.8000,5349.4000,5349.2000,5350.8000,5351.0000,5351.2000,5351.8000,5353.0000,3,2,1,1,3,1,2,1,2,1
SF,IC2003,2020-01-03 14:59:21.400,5350.4000,54324,0,12908723640.000,1,0,1,空换,B,5350.4000,5350.2000,5350.0000,5349.8000,5349.4000,5350.8000,5351.0000,5351.2000,5351.8000,5353.0000,2,1,1,1,1,2,2,1,2,1
SF,IC2003,2020-01-03 14:59:21.900,5349.4000,54320,-4,12915143680.000,6,1,5,空平,B,5349.2000,5349.0000,5348.6000,5348.0000,5347.0000,5349.4000,5350.8000,5351.0000,5351.2000,5351.8000,3,1,1,1,1,1,2,2,1,2
SF,IC2003,2020-01-03 14:59:22.400,5349.4000,54320,0,12916213560.000,1,0,1,空换,B,5349.4000,5349.2000,5349.0000,5348.6000,5348.0000,5350.4000,5350.8000,5351.0000,5351.2000,5351.8000,2,3,1,1,1,1,2,2,1,2
SF,IC2003,2020-01-03 14:59:22.900,5349.4000,54320,0,12916213560.000,0,-,-,-,-,5349.8000,5349.4000,5349.2000,5349.0000,5348.6000,5350.4000,5350.8000,5351.0000,5351.2000,5351.8000,1,1,3,1,1,1,2,2,1,2
SF,IC2003,2020-01-03 14:59:23.400,5349.4000,54320,0,12916213560.000,0,-,-,-,-,5349.8000,5349.2000,5349.0000,5348.6000,5348.0000,5350.4000,5350.8000,5351.0000,5351.2000,5351.8000,1,3,1,1,1,1,2,2,1,2
SF,IC2003,2020-01-03 14:59:23.900,5350.4000,54320,0,12917283640.000,1,0,1,空换,B,5349.8000,5349.2000,5349.0000,5348.6000,5348.0000,5350.8000,5351.0000,5351.2000,5351.8000,5353.0000,1,3,1,1,1,2,2,1,2,1
SF,IC2003,2020-01-03 14:59:24.400,5350.6000,54320,0,12918353760.000,1,0,1,空换,B,5350.0000,5349.8000,5349.2000,5349.0000,5348.6000,5350.6000,5350.8000,5351.0000,5351.2000,5351.8000,1,1,3,1,1,2,2,2,1,2
SF,IC2003,2020-01-03 14:59:25.900,5350.6000,54321,1,12919423880.000,1,1,0,双开,B,5350.0000,5349.8000,5349.2000,5349.0000,5348.6000,5350.6000,5350.8000,5351.0000,5351.2000,5351.8000,1,1,3,1,1,1,4,2,1,2
SF,IC2003,2020-01-03 14:59:27.400,5350.0000,54320,-1,12920493880.000,1,0,1,双平,B,5349.8000,5349.2000,5349.0000,5348.6000,5348.0000,5350.0000,5350.4000,5350.8000,5351.0000,5351.2000,1,3,1,1,1,10,1,4,2,1
SF,IC2003,2020-01-03 14:59:27.900,5350.0000,54320,0,12920493880.000,0,-,-,-,-,5349.8000,5349.2000,5349.0000,5348.6000,5348.0000,5350.0000,5350.4000,5350.8000,5351.0000,5351.2000,1,3,1,1,1,11,1,4,2,1
SF,IC2003,2020-01-03 14:59:28.900,5350.0000,54320,0,12921563880.000,1,0,1,空换,B,5349.8000,5349.2000,5349.0000,5348.6000,5348.0000,5350.0000,5350.4000,5350.8000,5351.0000,5351.2000,1,3,1,1,1,10,1,4,2,1
SF,IC2003,2020-01-03 14:59:29.400,5350.0000,54320,0,12921563880.000,0,-,-,-,-,5349.8000,5349.2000,5349.0000,5348.6000,5348.0000,5350.0000,5350.2000,5350.8000,5351.0000,5351.2000,1,3,1,1,1,10,1,4,2,1
SF,IC2003,2020-01-03 14:59:29.900,5350.0000,54320,0,12922633880.000,1,0,1,空换,B,5349.8000,5349.4000,5349.2000,5349.0000,5348.6000,5350.0000,5350.2000,5350.8000,5351.0000,5351.2000,1,1,3,1,1,9,1,4,2,1
SF,IC2003,2020-01-03 14:59:30.400,5350.0000,54320,0,12922633880.000,0,-,-,-,-,5349.8000,5349.4000,5349.2000,5349.0000,5348.6000,5350.0000,5350.2000,5350.8000,5351.0000,5351.2000,1,1,3,1,1,9,1,4,2,1
SF,IC2003,2020-01-03 14:59:30.900,5350.0000,54320,0,12925843880.000,3,1,2,空换,B,5349.8000,5349.4000,5349.2000,5349.0000,5348.6000,5350.0000,5350.2000,5350.8000,5351.0000,5351.2000,3,1,3,1,1,6,1,4,2,1
SF,IC2003,2020-01-03 14:59:31.400,5350.0000,54320,0,12925843880.000,0,-,-,-,-,5349.8000,5349.4000,5349.2000,5349.0000,5348.6000,5350.0000,5350.8000,5351.0000,5351.2000,5351.8000,3,1,3,1,1,7,3,2,1,2
SF,IC2003,2020-01-03 14:59:31.900,5350.0000,54320,0,12926913880.000,1,0,1,空换,B,5349.8000,5349.4000,5349.2000,5349.0000,5348.6000,5350.0000,5350.8000,5351.0000,5351.2000,5351.8000,3,1,3,1,1,6,3,2,1,2
SF,IC2003,2020-01-03 14:59:32.900,5350.0000,54321,1,12933333880.000,6,3,3,多开,B,5350.0000,5349.8000,5349.4000,5349.2000,5349.0000,5350.8000,5351.0000,5351.2000,5351.8000,5353.0000,1,3,1,3,1,3,2,1,2,1
SF,IC2003,2020-01-03 14:59:33.900,5350.8000,54321,0,12935474200.000,2,1,1,空换,B,5350.2000,5350.0000,5349.8000,5349.4000,5349.2000,5350.8000,5351.0000,5351.2000,5351.8000,5353.0000,1,1,3,1,3,1,2,1,2,1
SF,IC2003,2020-01-03 14:59:34.400,5350.8000,54321,0,12935474200.000,0,-,-,-,-,5350.2000,5350.0000,5349.8000,5349.4000,5349.2000,5350.8000,5351.0000,5351.2000,5351.8000,5353.0000,2,2,3,1,3,1,2,1,2,1
SF,IC2003,2020-01-03 14:59:35.400,5350.8000,54321,0,12935474200.000,0,-,-,-,-,5350.2000,5350.0000,5349.8000,5349.4000,5349.2000,5350.8000,5351.0000,5351.2000,5351.8000,5353.0000,2,2,3,1,3,1,2,1,2,1
SF,IC2003,2020-01-03 14:59:36.900,5350.8000,54323,2,12937614520.000,2,2,0,双开,B,5350.2000,5350.0000,5349.8000,5349.4000,5349.2000,5351.0000,5351.2000,5351.8000,5353.0000,5353.4000,2,2,1,1,3,2,1,2,1,1
SF,IC2003,2020-01-03 14:59:37.400,5350.8000,54323,0,12937614520.000,0,-,-,-,-,5350.2000,5350.0000,5349.8000,5349.4000,5349.2000,5351.0000,5351.2000,5351.8000,5353.0000,5353.4000,2,2,1,1,3,2,1,2,1,1
SF,IC2003,2020-01-03 14:59:37.900,5350.8000,54323,0,12937614520.000,0,-,-,-,-,5350.2000,5350.0000,5349.8000,5349.4000,5349.2000,5350.6000,5351.0000,5351.2000,5351.8000,5353.0000,2,2,1,1,3,2,2,1,2,1
SF,IC2003,2020-01-03 14:59:38.400,5350.6000,54324,1,12938684640.000,1,1,0,双开,B,5350.2000,5350.0000,5349.8000,5349.4000,5349.2000,5351.0000,5351.2000,5351.8000,5353.0000,5353.4000,2,2,1,1,3,2,1,2,1,1
SF,IC2003,2020-01-03 14:59:38.900,5350.6000,54324,0,12938684640.000,0,-,-,-,-,5350.2000,5350.0000,5349.8000,5349.4000,5349.2000,5350.6000,5350.8000,5351.0000,5351.2000,5351.8000,2,2,1,1,3,1,2,2,1,2
SF,IC2003,2020-01-03 14:59:39.400,5350.6000,54324,0,12938684640.000,0,-,-,-,-,5350.2000,5350.0000,5349.8000,5349.4000,5349.2000,5350.6000,5350.8000,5351.0000,5351.2000,5351.8000,2,2,1,1,3,1,1,2,1,2
SF,IC2003,2020-01-03 14:59:39.900,5350.6000,54324,0,12938684640.000,0,-,-,-,-,5350.2000,5350.0000,5349.8000,5349.4000,5349.2000,5350.6000,5350.8000,5351.0000,5351.2000,5351.8000,2,2,1,1,3,1,1,2,1,2
SF,IC2003,2020-01-03 14:59:40.400,5350.6000,54325,1,12939754760.000,1,1,0,双开,B,5350.6000,5350.2000,5350.0000,5349.8000,5349.4000,5350.8000,5351.0000,5351.2000,5351.8000,5353.0000,1,2,3,1,1,1,2,1,2,1
SF,IC2003,2020-01-03 14:59:41.400,5350.6000,54325,0,12939754760.000,0,-,-,-,-,5350.6000,5350.2000,5350.0000,5349.8000,5349.4000,5350.8000,5351.0000,5351.2000,5351.8000,5353.0000,2,2,3,1,1,6,2,1,2,1
SF,IC2003,2020-01-03 14:59:41.900,5350.6000,54326,1,12940824880.000,1,1,0,双开,B,5350.6000,5350.2000,5350.0000,5349.8000,5349.4000,5350.8000,5351.0000,5351.2000,5351.8000,5353.0000,1,2,3,1,1,7,2,1,2,1
SF,IC2003,2020-01-03 14:59:42.400,5350.6000,54326,0,12941895000.000,1,0,1,空换,B,5350.2000,5350.0000,5349.8000,5349.4000,5349.2000,5350.8000,5351.0000,5351.2000,5351.8000,5353.0000,2,3,1,1,3,7,2,1,2,1
SF,IC2003,2020-01-03 14:59:42.900,5350.6000,54326,0,12941895000.000,0,-,-,-,-,5350.2000,5350.0000,5349.8000,5349.4000,5349.0000,5350.8000,5351.0000,5351.2000,5351.8000,5353.0000,2,3,1,1,1,7,2,1,2,1
SF,IC2003,2020-01-03 14:59:43.900,5350.6000,54326,0,12941895000.000,0,-,-,-,-,5350.2000,5350.0000,5349.8000,5349.4000,5349.0000,5350.6000,5350.8000,5351.0000,5351.2000,5351.8000,2,3,1,1,1,1,7,2,1,2
SF,IC2003,2020-01-03 14:59:44.400,5350.6000,54326,0,12941895000.000,0,-,-,-,-,5350.2000,5350.0000,5349.8000,5349.4000,5349.0000,5350.8000,5351.0000,5351.2000,5351.8000,5353.0000,1,3,1,1,1,7,2,1,2,1
SF,IC2003,2020-01-03 14:59:44.900,5350.8000,54326,0,12942965160.000,1,0,1,空换,B,5350.2000,5350.0000,5349.8000,5349.4000,5349.0000,5350.8000,5351.0000,5351.2000,5351.8000,5353.0000,1,3,1,1,1,6,2,1,2,1
SF,IC2003,2020-01-03 14:59:45.400,5350.8000,54326,0,12944035320.000,1,0,1,空换,B,5350.2000,5350.0000,5349.4000,5349.0000,5348.6000,5350.8000,5351.0000,5351.2000,5351.8000,5353.0000,1,3,1,1,1,5,2,1,2,1
SF,IC2003,2020-01-03 14:59:45.900,5350.8000,54326,0,12944035320.000,0,-,-,-,-,5350.2000,5350.0000,5349.4000,5349.0000,5348.6000,5350.8000,5351.0000,5351.2000,5351.8000,5353.0000,1,3,1,1,1,5,2,1,2,1
SF,IC2003,2020-01-03 14:59:47.400,5350.8000,54326,0,12948315960.000,4,2,2,空换,B,5350.2000,5350.0000,5349.4000,5349.0000,5348.6000,5350.8000,5351.0000,5351.2000,5351.8000,5353.0000,1,3,1,1,1,1,2,1,2,1
SF,IC2003,2020-01-03 14:59:47.900,5350.8000,54326,0,12948315960.000,0,-,-,-,-,5350.6000,5350.2000,5350.0000,5349.4000,5349.0000,5350.8000,5351.0000,5351.2000,5351.8000,5353.0000,1,1,3,1,1,1,2,1,2,1
SF,IC2003,2020-01-03 14:59:48.400,5350.8000,54326,0,12948315960.000,0,-,-,-,-,5350.6000,5350.2000,5350.0000,5349.4000,5348.0000,5350.8000,5351.0000,5351.2000,5351.8000,5353.0000,1,1,3,1,1,1,2,1,2,1
SF,IC2003,2020-01-03 14:59:48.900,5350.8000,54327,1,12950456240.000,2,1,1,多开,B,5350.2000,5350.0000,5349.4000,5348.0000,5347.0000,5351.0000,5351.2000,5351.8000,5353.0000,5353.4000,1,3,1,1,1,2,1,2,1,1
SF,IC2003,2020-01-03 14:59:49.400,5351.0000,54327,0,12951526440.000,1,0,1,空换,B,5350.2000,5350.0000,5349.4000,5348.0000,5347.0000,5351.0000,5351.2000,5351.8000,5353.0000,5353.4000,1,3,1,1,1,1,1,2,1,1
SF,IC2003,2020-01-03 14:59:50.400,5350.2000,54326,-1,12952596480.000,1,0,1,双平,B,5350.0000,5349.4000,5348.0000,5347.0000,5345.0000,5350.4000,5350.8000,5351.0000,5351.8000,5353.0000,3,1,1,1,9,1,2,1,2,1
SF,IC2003,2020-01-03 14:59:50.900,5350.4000,54327,1,12953666560.000,1,1,0,双开,B,5350.0000,5349.4000,5348.0000,5347.0000,5345.0000,5350.8000,5351.0000,5351.8000,5353.0000,5353.4000,3,1,1,1,9,2,1,2,1,1
SF,IC2003,2020-01-03 14:59:52.900,5350.8000,54328,1,12954736720.000,1,1,0,双开,B,5350.0000,5349.4000,5348.0000,5347.0000,5345.0000,5350.8000,5351.0000,5351.8000,5353.0000,5353.4000,3,1,1,1,9,1,1,2,1,1
SF,IC2003,2020-01-03 14:59:53.900,5350.8000,54328,0,12954736720.000,0,-,-,-,-,5350.0000,5349.4000,5348.0000,5347.0000,5345.0000,5350.6000,5350.8000,5351.0000,5351.8000,5353.0000,3,1,1,1,9,2,1,1,2,1
SF,IC2003,2020-01-03 14:59:54.400,5350.8000,54328,0,12954736720.000,0,-,-,-,-,5350.0000,5349.4000,5348.0000,5347.0000,5345.0000,5350.6000,5351.0000,5351.8000,5353.0000,5353.4000,3,1,1,1,9,1,1,2,1,1
SF,IC2003,2020-01-03 14:59:54.900,5350.0000,54328,0,12956876880.000,2,1,1,空换,B,5350.0000,5349.4000,5348.0000,5347.0000,5345.0000,5351.0000,5351.8000,5353.0000,5353.4000,5355.0000,2,1,1,1,9,1,2,1,1,6
SF,IC2003,2020-01-03 14:59:55.400,5350.0000,54328,0,12956876880.000,0,-,-,-,-,5350.0000,5349.4000,5348.0000,5347.0000,5345.0000,5350.8000,5351.0000,5351.8000,5353.0000,5353.4000,2,1,1,1,9,1,1,2,1,1
SF,IC2003,2020-01-03 14:59:55.900,5350.0000,54329,1,12960087000.000,3,2,1,多开,B,5349.4000,5348.0000,5347.0000,5345.0000,5344.4000,5350.0000,5350.8000,5351.0000,5351.8000,5353.0000,1,1,1,9,3,2,1,1,2,1
SF,IC2003,2020-01-03 14:59:56.900,5350.0000,54327,-2,12962227000.000,2,0,2,双平,B,5350.0000,5349.4000,5348.0000,5347.0000,5345.0000,5350.8000,5351.0000,5351.8000,5353.0000,5353.4000,3,1,1,1,9,1,1,2,1,1
SF,IC2003,2020-01-03 14:59:57.400,5350.0000,54327,0,12962227000.000,0,-,-,-,-,5350.0000,5349.4000,5349.0000,5348.0000,5347.0000,5350.8000,5351.0000,5351.8000,5353.0000,5353.4000,3,1,1,1,1,1,1,2,1,1
SF,IC2003,2020-01-03 14:59:57.900,5350.8000,54328,1,12963297160.000,1,1,0,双开,B,5350.0000,5349.4000,5349.0000,5348.0000,5347.0000,5351.0000,5351.8000,5353.0000,5353.4000,5355.0000,4,1,1,1,1,1,2,1,1,6
SF,IC2003,2020-01-03 14:59:58.400,5350.0000,54324,-4,12968647320.000,5,0,5,空平,B,5349.4000,5349.0000,5348.0000,5347.0000,5345.0000,5350.0000,5351.0000,5351.8000,5353.0000,5353.4000,1,1,1,1,9,13,1,2,1,1
SF,IC2003,2020-01-03 14:59:58.900,5350.0000,54324,0,12969717320.000,1,0,1,空换,B,5349.4000,5349.0000,5348.0000,5347.0000,5345.0000,5350.0000,5351.0000,5351.8000,5353.0000,5353.4000,1,1,1,1,9,12,1,2,1,1
SF,IC2003,2020-01-03 15:00:00.400,5350.0000,54324,0,12969717320.000,0,-,-,-,-,5349.4000,5349.0000,5348.0000,5347.0000,5345.0000,5350.0000,5351.0000,5351.8000,5353.0000,5353.4000,1,1,1,1,9,12,1,2,1,1
