市场代码,合约代码,时间,最新,持仓,增仓,成交额,成交量,开仓,平仓,成交类型,方向,买一价,买二价,买三价,买四价,买五价,卖一价,卖二价,卖三价,卖四价,卖五价,买一量,买二量,买三量,买四量,买五量,卖一量,卖二量,卖三量,卖四量,卖五量
SF,IH2006,2020-06-17 09:29:00.200,2855.8000,22264,0,65112240.000,76.000,-,-,-,-,2855.8000,2855.6000,2855.2000,2855.0000,2854.6000,2859.4000,2861.0000,2861.8000,2862.0000,2862.6000,3,1,6,2,4,4,4,1,2,6
SF,IH2006,2020-06-17 09:30:00.200,2861.0000,22261,-3,72835020.000,9,3,6,多平,S,2861.4000,2860.4000,2859.8000,2859.6000,2859.4000,2861.8000,2862.0000,2862.6000,2863.0000,2863.8000,3,10,1,1,4,1,2,2,2,1
SF,IH2006,2020-06-17 09:30:00.700,2862.0000,22241,-20,93440160.000,24,2,22,多平,S,2861.4000,2860.4000,2860.2000,2859.8000,2859.4000,2863.0000,2863.8000,2864.0000,2864.8000,2865.0000,9,10,1,1,1,1,1,2,1,2
SF,IH2006,2020-06-17 09:30:01.200,2861.8000,22239,-2,102027720.000,10,4,6,多平,S,2861.8000,2861.6000,2861.4000,2860.4000,2860.2000,2863.6000,2863.8000,2864.0000,2864.8000,2865.0000,1,11,10,10,1,7,1,2,1,2
SF,IH2006,2020-06-17 09:30:01.700,2863.2000,22238,-1,111476700.000,11,5,6,多平,S,2862.4000,2862.0000,2861.8000,2861.6000,2861.4000,2863.4000,2863.6000,2863.8000,2864.0000,2864.8000,1,21,7,1,6,1,6,1,2,1
SF,IH2006,2020-06-17 09:30:02.200,2863.0000,22226,-12,125218500.000,16,2,14,多平,S,2862.4000,2862.0000,2861.8000,2861.4000,2860.4000,2863.4000,2863.8000,2864.0000,2864.8000,2865.0000,2,6,2,6,10,2,1,2,1,2
SF,IH2006,2020-06-17 09:30:02.700,2862.4000,22224,-2,135523920.000,12,5,7,多平,S,2862.4000,2862.0000,2861.8000,2861.4000,2860.4000,2863.4000,2863.8000,2864.0000,2864.8000,2865.0000,2,4,1,4,10,1,1,3,1,2
SF,IH2006,2020-06-17 09:30:03.200,2863.8000,22223,-1,138101100.000,3,1,2,多平,S,2863.4000,2862.6000,2862.4000,2862.0000,2861.8000,2864.0000,2864.8000,2865.0000,2865.6000,2866.0000,1,1,6,4,1,3,1,2,3,2
SF,IH2006,2020-06-17 09:30:03.700,2863.6000,22220,-3,140678400.000,3,0,3,双平,S,2863.6000,2863.4000,2862.8000,2862.4000,2862.0000,2863.8000,2864.0000,2864.8000,2865.0000,2865.6000,1,7,2,1,3,1,2,1,2,3
SF,IH2006,2020-06-17 09:30:04.200,2863.8000,22216,-4,145833300.000,6,1,5,多平,S,2863.6000,2863.4000,2862.0000,2861.8000,2860.4000,2864.8000,2865.0000,2865.6000,2866.0000,2867.8000,8,1,3,1,9,1,2,3,2,2
SF,IH2006,2020-06-17 09:30:04.700,2863.8000,22214,-2,147551580.000,2,0,2,双平,S,2864.2000,2863.8000,2863.6000,2863.4000,2862.0000,2864.6000,2864.8000,2865.0000,2865.6000,2866.0000,1,1,9,1,1,1,2,2,3,2
SF,IH2006,2020-06-17 09:30:05.200,2864.6000,22212,-2,149270280.000,2,0,2,双平,S,2864.4000,2864.2000,2863.6000,2863.4000,2863.0000,2864.8000,2865.0000,2865.6000,2866.0000,2867.8000,2,9,1,1,1,2,2,3,2,2
SF,IH2006,2020-06-17 09:30:05.700,2864.8000,22208,-4,152707920.000,4,0,4,双平,S,2864.4000,2864.2000,2863.6000,2863.4000,2863.0000,2865.0000,2865.6000,2866.0000,2867.8000,2868.8000,8,1,1,1,1,2,3,2,2,2
SF,IH2006,2020-06-17 09:30:06.200,2864.6000,22202,-6,160443360.000,9,1,8,多平,S,2864.6000,2864.4000,2864.2000,2863.6000,2863.4000,2865.6000,2866.0000,2867.8000,2868.8000,2869.2000,1,10,1,1,1,2,2,2,2,1
SF,IH2006,2020-06-17 09:30:06.700,2866.0000,22200,-2,163022520.000,3,0,3,多平,S,2864.8000,2864.6000,2864.4000,2864.2000,2863.6000,2866.0000,2867.8000,2868.8000,2869.2000,2869.6000,2,10,1,1,1,1,2,2,1,1
SF,IH2006,2020-06-17 09:30:07.200,2864.8000,22195,-5,168179760.000,6,0,6,多平,S,2864.8000,2864.6000,2864.4000,2864.2000,2863.6000,2865.0000,2865.8000,2867.6000,2867.8000,2868.8000,8,2,1,1,1,1,1,6,2,2
SF,IH2006,2020-06-17 09:30:07.700,2864.8000,22190,-5,175914780.000,9,2,7,多平,S,2864.8000,2864.6000,2864.4000,2864.2000,2863.6000,2867.6000,2868.8000,2869.2000,2869.6000,2869.8000,2,2,1,1,1,6,2,1,1,5
SF,IH2006,2020-06-17 09:30:08.200,2864.8000,22189,-1,176774220.000,1,0,1,双平,S,2865.2000,2865.0000,2864.8000,2864.6000,2864.4000,2865.8000,2866.4000,2866.8000,2867.0000,2867.2000,1,13,6,4,1,1,2,1,2,1
SF,IH2006,2020-06-17 09:30:08.700,2865.2000,22185,-4,180212460.000,4,0,4,双平,S,2865.2000,2865.0000,2864.6000,2864.4000,2864.2000,2865.4000,2865.6000,2865.8000,2866.4000,2866.8000,3,3,4,1,1,1,9,3,2,1
SF,IH2006,2020-06-17 09:30:09.200,2865.0000,22180,-5,187088820.000,8,1,7,多平,S,2865.0000,2864.6000,2864.4000,2864.2000,2863.6000,2865.2000,2865.4000,2865.6000,2865.8000,2866.4000,1,4,1,1,1,7,1,4,2,2
SF,IH2006,2020-06-17 09:30:09.700,2865.0000,22173,-7,194824020.000,9,1,8,多平,S,2864.6000,2864.4000,2864.2000,2863.6000,2863.0000,2865.2000,2865.6000,2865.8000,2866.4000,2866.8000,2,1,1,1,1,5,3,2,2,3
SF,IH2006,2020-06-17 09:30:10.200,2865.0000,22168,-5,201699360.000,8,1,7,多平,S,2864.4000,2864.2000,2863.6000,2863.0000,2861.8000,2865.0000,2865.2000,2865.8000,2866.4000,2866.8000,3,1,1,1,1,1,5,2,2,3
SF,IH2006,2020-06-17 09:30:10.700,2864.4000,22165,-3,204277320.000,3,0,3,双平,S,2864.4000,2864.2000,2863.6000,2863.0000,2861.8000,2864.6000,2864.8000,2865.0000,2865.2000,2865.8000,1,1,1,1,1,3,4,3,2,2
SF,IH2006,2020-06-17 09:30:11.200,2864.4000,22162,-3,209433060.000,6,1,5,多平,S,2864.2000,2863.0000,2861.8000,2861.2000,2861.0000,2864.4000,2864.6000,2865.0000,2865.2000,2865.4000,1,1,1,1,1,2,5,2,2,1
SF,IH2006,2020-06-17 09:30:11.700,2864.2000,22161,-1,212870100.000,4,1,3,多平,S,2863.0000,2861.8000,2861.4000,2861.2000,2861.0000,2864.4000,2864.6000,2865.0000,2865.2000,2865.4000,1,1,1,1,1,7,4,2,2,1
SF,IH2006,2020-06-17 09:30:12.200,2864.4000,22161,0,213729420.000,1,0,1,多换,S,2863.2000,2863.0000,2862.0000,2861.8000,2861.4000,2863.4000,2864.2000,2864.4000,2864.6000,2865.0000,7,1,7,1,1,1,12,6,4,3
SF,IH2006,2020-06-17 09:30:12.700,2863.4000,22157,-4,218024760.000,5,0,5,多平,S,2863.4000,2863.2000,2863.0000,2861.8000,2861.6000,2864.2000,2864.4000,2864.6000,2865.0000,2865.2000,5,3,1,1,1,2,6,4,3,2
SF,IH2006,2020-06-17 09:30:13.200,2864.0000,22156,-1,219742980.000,2,0,2,多平,S,2863.6000,2863.4000,2863.0000,2861.8000,2861.6000,2864.0000,2864.2000,2864.4000,2864.6000,2865.0000,3,1,1,1,1,3,3,5,4,3
SF,IH2006,2020-06-17 09:30:13.700,2863.4000,22156,0,224038260.000,5,2,3,多换,S,2863.2000,2863.0000,2861.8000,2861.6000,2861.4000,2863.6000,2863.8000,2864.0000,2864.2000,2864.4000,1,1,2,1,1,1,1,3,3,5
SF,IH2006,2020-06-17 09:30:14.200,2863.0000,22151,-5,230050860.000,7,1,6,多平,S,2861.8000,2861.6000,2861.4000,2861.2000,2861.0000,2863.6000,2864.0000,2864.2000,2864.4000,2864.6000,2,1,1,1,1,1,1,3,5,4
SF,IH2006,2020-06-17 09:30:14.700,2863.4000,22148,-3,232627860.000,3,0,3,双平,S,2863.0000,2862.2000,2862.0000,2861.8000,2861.6000,2863.4000,2863.6000,2864.0000,2864.2000,2864.4000,5,5,6,3,1,10,1,1,2,5
SF,IH2006,2020-06-17 09:30:15.200,2863.2000,22147,-1,233486820.000,1,0,1,双平,S,2863.2000,2863.0000,2862.2000,2862.0000,2861.8000,2863.4000,2863.6000,2863.8000,2864.0000,2864.2000,1,2,1,4,2,1,1,1,1,2
SF,IH2006,2020-06-17 09:30:15.700,2863.2000,22145,-2,236063760.000,3,0,3,多平,S,2863.0000,2862.2000,2862.0000,2861.8000,2861.6000,2863.6000,2863.8000,2864.0000,2864.2000,2864.4000,3,1,4,2,1,1,1,1,2,7
SF,IH2006,2020-06-17 09:30:16.200,2863.6000,22144,-1,236922840.000,1,0,1,双平,S,2863.4000,2863.0000,2862.2000,2862.0000,2861.8000,2863.6000,2863.8000,2864.0000,2864.2000,2864.4000,1,8,1,3,2,1,1,1,2,7
SF,IH2006,2020-06-17 09:30:16.700,2863.2000,22141,-3,240358680.000,4,0,4,多平,S,2863.0000,2862.2000,2862.0000,2861.8000,2861.6000,2863.2000,2863.4000,2863.6000,2863.8000,2864.0000,2,1,3,2,1,3,1,1,1,1
SF,IH2006,2020-06-17 09:30:17.200,2862.2000,22137,-4,245511720.000,6,1,5,多平,S,2862.0000,2861.8000,2861.6000,2861.4000,2861.2000,2863.0000,2863.2000,2863.4000,2863.6000,2863.8000,3,2,1,1,1,3,4,1,1,1
SF,IH2006,2020-06-17 09:30:17.700,2862.8000,22136,-1,246370560.000,1,0,1,双平,S,2862.2000,2862.0000,2861.8000,2861.6000,2861.4000,2863.0000,2863.2000,2863.4000,2863.6000,2863.8000,1,8,2,1,1,3,5,1,1,1
SF,IH2006,2020-06-17 09:30:18.200,2862.2000,22131,-5,251523180.000,6,0,6,多平,S,2862.0000,2861.8000,2861.6000,2861.4000,2861.2000,2863.0000,2863.2000,2863.4000,2863.6000,2863.8000,7,2,1,1,1,1,5,1,4,1
SF,IH2006,2020-06-17 09:30:18.700,2862.8000,22130,-1,252382020.000,1,0,1,双平,S,2862.6000,2862.2000,2862.0000,2861.8000,2861.6000,2863.0000,2863.2000,2863.4000,2863.6000,2863.8000,1,1,2,2,1,3,5,1,3,1
SF,IH2006,2020-06-17 09:30:19.200,2863.0000,22129,-1,255817200.000,4,1,3,多平,S,2862.0000,2861.8000,2861.6000,2861.4000,2861.2000,2863.2000,2863.4000,2863.6000,2863.8000,2864.0000,1,2,1,1,1,5,1,3,1,1
SF,IH2006,2020-06-17 09:30:19.700,2862.2000,22128,-1,256675860.000,1,0,1,双平,S,2862.0000,2861.8000,2861.6000,2861.4000,2861.2000,2863.0000,2863.2000,2863.4000,2863.6000,2863.8000,2,2,1,1,1,5,5,1,3,1
SF,IH2006,2020-06-17 09:30:20.200,2862.2000,22123,-5,260969700.000,5,0,5,双平,S,2861.8000,2861.6000,2861.4000,2861.2000,2861.0000,2862.0000,2863.0000,2863.2000,2863.4000,2863.6000,4,1,1,1,1,2,3,5,1,3
SF,IH2006,2020-06-17 09:30:20.700,2863.0000,22122,-1,264404400.000,4,1,3,多平,S,2862.6000,2862.0000,2861.8000,2861.6000,2861.4000,2863.2000,2863.4000,2863.6000,2863.8000,2864.0000,1,3,4,1,1,5,1,3,1,1
SF,IH2006,2020-06-17 09:30:21.200,2862.6000,22116,-6,269557080.000,6,0,6,双平,S,2862.2000,2862.0000,2861.8000,2861.6000,2861.4000,2862.6000,2863.0000,2863.2000,2863.4000,2863.6000,1,3,5,1,1,1,1,5,1,3
SF,IH2006,2020-06-17 09:30:21.700,2863.2000,22115,-1,271274820.000,2,0,2,多平,S,2862.2000,2862.0000,2861.8000,2861.6000,2861.4000,2862.6000,2863.2000,2863.4000,2863.6000,2863.8000,1,3,5,1,1,1,4,1,3,1
SF,IH2006,2020-06-17 09:30:22.200,2861.8000,22109,-6,279001980.000,9,1,8,多平,S,2861.6000,2861.4000,2861.2000,2861.0000,2860.8000,2862.2000,2862.6000,2863.2000,2863.4000,2863.6000,1,1,1,1,1,1,3,6,1,3
SF,IH2006,2020-06-17 09:30:22.700,2862.0000,22106,-3,282436260.000,4,0,4,多平,S,2861.4000,2861.2000,2861.0000,2860.8000,2860.6000,2862.2000,2862.6000,2863.2000,2863.4000,2863.6000,1,1,1,1,1,6,4,6,1,3
SF,IH2006,2020-06-17 09:30:23.200,2862.2000,22104,-2,284153580.000,2,0,2,双平,S,2861.4000,2861.2000,2861.0000,2860.8000,2860.6000,2861.6000,2862.0000,2862.2000,2862.6000,2863.2000,1,3,1,1,1,6,1,5,4,6
SF,IH2006,2020-06-17 09:30:23.700,2862.0000,22102,-2,291880320.000,9,3,6,多平,S,2862.0000,2861.8000,2861.6000,2861.4000,2861.2000,2862.2000,2862.6000,2863.2000,2863.4000,2863.6000,1,3,5,6,3,4,5,6,1,3
SF,IH2006,2020-06-17 09:30:24.200,2862.0000,22097,-5,300466080.000,10,2,8,多平,S,2861.6000,2861.4000,2861.2000,2861.0000,2860.8000,2862.2000,2862.6000,2863.2000,2863.4000,2863.6000,1,6,3,1,1,2,4,6,1,3
SF,IH2006,2020-06-17 09:30:24.700,2861.6000,22096,-1,303041700.000,3,1,2,多平,S,2861.4000,2861.2000,2861.0000,2860.8000,2860.6000,2862.2000,2862.6000,2863.2000,2863.4000,2863.6000,1,3,1,1,1,1,4,6,1,3
SF,IH2006,2020-06-17 09:30:25.200,2861.4000,22094,-2,305617320.000,3,0,3,多平,S,2861.4000,2861.2000,2861.0000,2860.8000,2860.6000,2862.2000,2862.6000,2863.2000,2863.4000,2863.6000,5,3,1,1,1,2,4,6,1,3
SF,IH2006,2020-06-17 09:30:25.700,2862.2000,22093,-1,308193120.000,3,1,2,多平,S,2861.8000,2861.6000,2861.4000,2861.2000,2861.0000,2862.6000,2863.2000,2863.4000,2863.6000,2864.2000,1,1,5,3,1,4,6,1,3,1
SF,IH2006,2020-06-17 09:30:26.200,2862.0000,22090,-3,312486840.000,5,1,4,多平,S,2862.0000,2861.8000,2861.6000,2861.4000,2861.2000,2863.2000,2863.4000,2863.6000,2864.2000,2864.4000,1,2,3,5,3,6,1,3,1,3
SF,IH2006,2020-06-17 09:30:26.700,2863.0000,22086,-4,316780380.000,5,0,5,多平,S,2862.0000,2861.8000,2861.6000,2861.4000,2861.2000,2863.0000,2863.2000,2863.4000,2863.6000,2864.2000,1,1,2,5,3,4,6,1,3,1
SF,IH2006,2020-06-17 09:30:27.200,2862.2000,22083,-3,319356600.000,3,0,3,双平,S,2862.0000,2861.8000,2861.6000,2861.2000,2861.0000,2863.0000,2863.2000,2863.4000,2863.6000,2864.2000,1,1,2,3,1,3,6,1,3,1
SF,IH2006,2020-06-17 09:30:27.700,2862.8000,22080,-3,322791480.000,4,0,4,多平,S,2861.6000,2861.2000,2861.0000,2860.8000,2860.6000,2863.0000,2863.2000,2863.4000,2863.6000,2864.2000,2,3,1,1,1,3,6,1,3,1
SF,IH2006,2020-06-17 09:30:28.200,2862.4000,22079,-1,324508740.000,2,0,2,多平,S,2861.8000,2861.6000,2861.2000,2861.0000,2860.8000,2862.4000,2862.8000,2863.0000,2863.2000,2863.4000,3,2,3,1,1,4,9,3,6,1
SF,IH2006,2020-06-17 09:30:28.700,2862.4000,22078,-1,325367460.000,1,0,1,双平,S,2862.0000,2861.8000,2861.6000,2861.2000,2861.0000,2862.4000,2862.6000,2862.8000,2863.0000,2863.2000,1,2,2,3,1,3,1,3,1,6
SF,IH2006,2020-06-17 09:30:29.200,2862.4000,22078,0,325367460.000,0,-,-,-,-,2862.2000,2862.0000,2861.8000,2861.6000,2861.2000,2862.4000,2862.6000,2862.8000,2863.0000,2863.2000,1,1,6,2,2,3,1,3,1,6
SF,IH2006,2020-06-17 09:30:29.700,2862.0000,22076,-2,329660460.000,5,1,4,多平,S,2861.8000,2861.6000,2861.2000,2861.0000,2860.8000,2862.2000,2862.4000,2862.6000,2862.8000,2863.0000,5,2,2,1,1,2,3,1,3,1
SF,IH2006,2020-06-17 09:30:30.200,2861.8000,22071,-5,333953160.000,5,0,5,双平,S,2861.8000,2861.6000,2861.2000,2861.0000,2860.8000,2862.0000,2862.2000,2862.6000,2862.8000,2863.0000,2,4,2,1,1,2,5,1,2,1
SF,IH2006,2020-06-17 09:30:30.700,2861.8000,22063,-8,343396500.000,11,1,10,多平,S,2861.2000,2861.0000,2860.8000,2860.6000,2860.4000,2862.0000,2862.2000,2862.6000,2862.8000,2863.0000,1,1,1,1,1,3,3,1,2,1
SF,IH2006,2020-06-17 09:30:31.200,2861.4000,22061,-2,345113400.000,2,0,2,双平,S,2861.2000,2861.0000,2860.8000,2860.6000,2860.4000,2861.8000,2862.0000,2862.2000,2862.6000,2862.8000,1,1,1,1,1,3,3,3,1,2
SF,IH2006,2020-06-17 09:30:31.700,2861.8000,22058,-3,347688720.000,3,0,3,双平,S,2861.0000,2860.8000,2860.6000,2860.4000,2860.2000,2861.8000,2862.0000,2862.2000,2862.6000,2862.8000,1,1,1,1,3,2,2,3,1,2
SF,IH2006,2020-06-17 09:30:32.200,2861.8000,22054,-4,351122640.000,4,0,4,双平,S,2861.8000,2861.2000,2861.0000,2860.8000,2860.6000,2862.0000,2862.2000,2862.6000,2862.8000,2863.0000,1,1,1,4,1,2,3,1,2,1
SF,IH2006,2020-06-17 09:30:32.700,2861.2000,22052,-2,352839540.000,2,0,2,双平,S,2861.0000,2860.8000,2860.6000,2860.4000,2860.2000,2861.4000,2861.6000,2861.8000,2862.0000,2862.2000,1,4,1,1,3,1,1,6,2,3
SF,IH2006,2020-06-17 09:30:33.200,2861.2000,22049,-3,357131760.000,5,1,4,多平,S,2861.2000,2861.0000,2860.8000,2860.6000,2860.4000,2861.8000,2862.0000,2862.2000,2862.6000,2862.8000,3,1,4,1,1,2,2,3,1,2
SF,IH2006,2020-06-17 09:30:33.700,2862.2000,22042,-7,364858980.000,9,1,8,多平,S,2861.4000,2861.2000,2861.0000,2860.8000,2860.6000,2862.2000,2862.6000,2862.8000,2863.0000,2863.2000,8,3,1,4,1,1,1,2,1,6
SF,IH2006,2020-06-17 09:30:34.200,2862.0000,22034,-8,371726760.000,8,0,8,双平,S,2861.4000,2861.2000,2861.0000,2860.8000,2860.6000,2862.6000,2862.8000,2863.0000,2863.2000,2863.4000,4,1,1,4,1,1,2,1,6,1
SF,IH2006,2020-06-17 09:30:34.700,2861.6000,22034,0,372585240.000,1,0,1,多换,S,2861.6000,2861.4000,2861.2000,2861.0000,2860.8000,2862.0000,2862.4000,2862.6000,2862.8000,2863.2000,4,4,1,1,4,1,3,4,3,6
SF,IH2006,2020-06-17 09:30:35.200,2861.6000,22029,-5,379453440.000,8,1,7,多平,S,2861.4000,2861.2000,2861.0000,2860.8000,2860.6000,2861.6000,2861.8000,2862.0000,2862.2000,2862.4000,4,1,1,4,1,2,1,2,1,3
SF,IH2006,2020-06-17 09:30:35.700,2862.2000,22024,-5,384604800.000,6,0,6,多平,S,2861.4000,2861.2000,2861.0000,2860.8000,2860.6000,2862.4000,2862.6000,2862.8000,2863.0000,2863.2000,4,1,1,4,1,3,4,3,1,6
SF,IH2006,2020-06-17 09:30:36.200,2861.2000,22018,-6,389755260.000,6,0,6,双平,S,2860.8000,2860.6000,2860.4000,2860.2000,2860.0000,2862.0000,2862.2000,2862.4000,2862.6000,2862.8000,4,1,2,3,2,1,5,7,3,3
SF,IH2006,2020-06-17 09:30:36.700,2861.6000,22017,-1,390613740.000,1,0,1,双平,S,2861.2000,2860.8000,2860.6000,2860.4000,2860.2000,2861.6000,2861.8000,2862.0000,2862.4000,2862.6000,1,4,1,2,3,2,5,3,4,3
SF,IH2006,2020-06-17 09:30:37.200,2861.4000,22019,2,393188940.000,3,2,1,空开,S,2861.0000,2860.8000,2860.6000,2860.4000,2860.2000,2861.4000,2861.6000,2861.8000,2862.0000,2862.4000,1,4,1,2,3,2,3,1,2,6
SF,IH2006,2020-06-17 09:30:37.700,2861.0000,22020,1,394905660.000,2,1,1,空开,S,2860.8000,2860.6000,2860.4000,2860.2000,2860.0000,2861.2000,2861.4000,2861.6000,2861.8000,2862.0000,4,1,2,3,2,1,2,2,1,2
SF,IH2006,2020-06-17 09:30:38.200,2860.8000,22016,-4,399196920.000,5,0,5,多平,S,2860.8000,2860.6000,2860.4000,2860.2000,2860.0000,2861.2000,2861.4000,2861.6000,2861.8000,2862.0000,1,1,2,3,2,1,1,2,1,1
SF,IH2006,2020-06-17 09:30:38.700,2861.4000,22012,-4,402630420.000,4,0,4,双平,S,2861.4000,2860.8000,2860.6000,2860.4000,2860.2000,2861.6000,2861.8000,2862.0000,2862.4000,2862.6000,3,1,1,2,3,2,1,1,6,3
SF,IH2006,2020-06-17 09:30:39.200,2860.8000,22008,-4,406063920.000,4,0,4,双平,S,2860.6000,2860.4000,2860.2000,2860.0000,2859.8000,2860.8000,2861.0000,2861.6000,2861.8000,2862.0000,1,2,3,2,1,1,1,2,1,6
SF,IH2006,2020-06-17 09:30:39.700,2860.8000,22002,-6,412072020.000,7,0,7,多平,S,2861.4000,2860.8000,2860.6000,2860.4000,2860.2000,2861.6000,2861.8000,2862.0000,2862.4000,2862.6000,1,3,1,2,3,1,1,6,4,1
SF,IH2006,2020-06-17 09:30:40.200,2860.8000,22001,-1,413788620.000,2,0,2,多平,S,2860.8000,2860.6000,2860.4000,2860.2000,2860.0000,2861.2000,2861.4000,2861.6000,2861.8000,2862.0000,1,2,2,2,2,3,4,1,1,6
SF,IH2006,2020-06-17 09:30:40.700,2860.8000,22001,0,416363340.000,3,1,2,多换,S,2860.8000,2860.6000,2860.4000,2860.2000,2860.0000,2861.0000,2861.4000,2861.8000,2862.0000,2862.4000,1,1,2,2,2,1,3,1,6,4
SF,IH2006,2020-06-17 09:30:41.200,2860.8000,22000,-1,418079880.000,2,0,2,多平,S,2861.0000,2860.6000,2860.4000,2860.2000,2860.0000,2861.4000,2861.8000,2862.0000,2862.4000,2862.6000,1,1,2,2,2,3,1,6,2,1
SF,IH2006,2020-06-17 09:30:41.700,2861.4000,21998,-2,421513320.000,4,1,3,多平,S,2861.2000,2860.4000,2860.2000,2860.0000,2859.8000,2861.4000,2861.8000,2862.0000,2862.4000,2862.8000,1,2,2,2,1,2,1,6,2,2
SF,IH2006,2020-06-17 09:30:42.200,2861.2000,21998,0,422371680.000,1,0,1,多换,S,2860.4000,2860.2000,2860.0000,2859.8000,2859.4000,2860.8000,2861.0000,2861.2000,2861.4000,2861.8000,2,2,2,1,6,1,2,2,2,1
SF,IH2006,2020-06-17 09:30:42.700,2860.8000,21997,-1,423229920.000,1,0,1,双平,S,2861.0000,2860.8000,2860.4000,2860.2000,2860.0000,2861.2000,2861.4000,2861.8000,2862.0000,2862.4000,1,9,2,2,2,1,3,1,6,2
SF,IH2006,2020-06-17 09:30:43.200,2861.2000,21991,-6,430097340.000,8,1,7,多平,S,2860.8000,2860.4000,2860.2000,2860.0000,2859.8000,2862.0000,2862.4000,2862.8000,2863.0000,2863.2000,11,2,2,2,1,5,2,2,1,5
SF,IH2006,2020-06-17 09:30:43.700,2861.8000,21990,-1,431814240.000,2,0,2,多平,S,2861.4000,2861.2000,2861.0000,2860.8000,2860.6000,2861.8000,2862.0000,2862.4000,2862.8000,2863.0000,1,2,3,11,1,1,6,2,2,1
SF,IH2006,2020-06-17 09:30:44.200,2861.0000,21986,-4,436964640.000,6,1,5,多平,S,2860.8000,2860.6000,2860.4000,2860.2000,2860.0000,2861.4000,2861.8000,2862.0000,2862.4000,2862.8000,11,1,2,2,2,1,1,6,2,2
SF,IH2006,2020-06-17 09:30:44.700,2861.0000,21986,0,437822940.000,1,0,1,多换,S,2861.0000,2860.8000,2860.6000,2860.4000,2860.2000,2861.2000,2861.8000,2862.0000,2862.4000,2862.8000,1,11,1,2,2,1,1,6,2,2
SF,IH2006,2020-06-17 09:30:45.200,2861.8000,21985,-1,440398200.000,3,1,2,多平,S,2861.0000,2860.8000,2860.6000,2860.4000,2860.2000,2861.8000,2862.0000,2862.4000,2862.8000,2863.0000,3,11,1,2,2,1,6,2,2,1
SF,IH2006,2020-06-17 09:30:45.700,2861.8000,21982,-3,443831700.000,4,0,4,多平,S,2861.0000,2860.8000,2860.6000,2860.4000,2860.2000,2861.4000,2861.6000,2861.8000,2862.0000,2862.4000,1,11,1,2,2,1,1,1,6,2
SF,IH2006,2020-06-17 09:30:46.200,2861.2000,21981,-1,444690060.000,1,0,1,双平,S,2861.0000,2860.8000,2860.6000,2860.4000,2860.2000,2861.4000,2861.6000,2861.8000,2862.0000,2862.4000,3,11,1,2,2,1,1,1,6,2
SF,IH2006,2020-06-17 09:30:46.700,2861.2000,21979,-2,447265140.000,3,0,3,多平,S,2861.0000,2860.8000,2860.6000,2860.4000,2860.2000,2861.4000,2861.6000,2861.8000,2862.0000,2862.4000,4,11,1,2,2,1,1,2,6,2
SF,IH2006,2020-06-17 09:30:47.200,2861.0000,21976,-3,452415540.000,6,1,5,多平,S,2861.0000,2860.8000,2860.6000,2860.4000,2860.2000,2861.8000,2862.0000,2862.4000,2863.0000,2863.2000,5,11,1,2,2,1,6,2,1,5
SF,IH2006,2020-06-17 09:30:47.700,2861.8000,21974,-2,454991040.000,3,0,3,多平,S,2861.6000,2861.2000,2861.0000,2860.8000,2860.6000,2862.0000,2862.4000,2863.0000,2863.2000,2863.4000,1,1,4,11,1,6,2,1,5,1
SF,IH2006,2020-06-17 09:30:48.200,2861.6000,21972,-2,458425140.000,4,1,3,多平,S,2861.6000,2861.4000,2861.2000,2860.8000,2860.6000,2861.8000,2862.0000,2862.4000,2863.0000,2863.2000,4,3,2,10,1,1,5,2,1,5
SF,IH2006,2020-06-17 09:30:48.700,2861.8000,21966,-6,465293580.000,8,1,7,多平,S,2861.6000,2861.4000,2861.2000,2860.8000,2860.6000,2862.0000,2862.4000,2863.0000,2863.2000,2863.4000,2,4,2,10,1,1,2,1,5,1
SF,IH2006,2020-06-17 09:30:49.200,2861.8000,21963,-3,468728040.000,4,0,4,多平,S,2861.8000,2861.6000,2861.4000,2861.2000,2860.8000,2862.4000,2863.0000,2863.2000,2863.4000,2863.8000,4,2,5,1,10,1,1,5,1,4
SF,IH2006,2020-06-17 09:30:49.700,2861.8000,21958,-5,473879280.000,6,0,6,多平,S,2861.8000,2861.4000,2861.2000,2860.8000,2860.6000,2862.4000,2863.0000,2863.2000,2863.4000,2863.8000,2,6,1,10,1,1,1,4,1,4
SF,IH2006,2020-06-17 09:30:50.200,2861.8000,21954,-4,479889720.000,7,1,6,多平,S,2861.4000,2861.2000,2860.8000,2860.6000,2860.4000,2862.2000,2863.2000,2863.4000,2863.6000,2863.8000,6,1,10,1,2,3,4,1,1,4
SF,IH2006,2020-06-17 09:30:50.700,2861.8000,21954,0,479889720.000,0,-,-,-,-,2861.6000,2861.4000,2861.2000,2860.8000,2860.6000,2862.0000,2862.2000,2863.2000,2863.4000,2863.6000,1,6,1,10,1,1,4,4,1,1
SF,IH2006,2020-06-17 09:30:51.200,2862.0000,21949,-5,485041500.000,6,0,6,多平,S,2862.0000,2861.8000,2861.6000,2861.4000,2861.2000,2863.0000,2863.2000,2863.4000,2863.6000,2863.8000,1,1,2,6,1,1,4,1,1,4
SF,IH2006,2020-06-17 09:30:51.700,2862.0000,21949,0,486758700.000,2,1,1,多换,S,2862.2000,2861.6000,2861.4000,2861.2000,2860.8000,2862.8000,2863.0000,2863.2000,2863.4000,2863.6000,1,2,6,1,1,5,4,5,1,1
SF,IH2006,2020-06-17 09:30:52.200,2862.2000,21936,-13,498781080.000,14,0,14,多平,S,2861.6000,2861.4000,2861.2000,2860.6000,2860.4000,2862.2000,2862.4000,2862.8000,2863.0000,2863.2000,2,6,1,1,2,1,2,4,3,5
SF,IH2006,2020-06-17 09:30:52.700,2862.2000,21932,-4,503074080.000,5,0,5,多平,S,2862.2000,2861.8000,2861.6000,2861.4000,2861.2000,2862.8000,2863.0000,2863.2000,2863.4000,2863.6000,4,1,5,6,1,2,2,5,1,1
SF,IH2006,2020-06-17 09:30:53.200,2862.2000,21928,-4,507367380.000,5,0,5,多平,S,2861.8000,2861.6000,2861.4000,2861.2000,2860.6000,2862.6000,2862.8000,2863.0000,2863.2000,2863.4000,1,5,6,1,1,2,2,2,5,1
SF,IH2006,2020-06-17 09:30:53.700,2862.0000,21927,-1,508225980.000,1,0,1,双平,S,2861.8000,2861.6000,2861.4000,2861.2000,2860.6000,2862.4000,2862.6000,2862.8000,2863.0000,2863.2000,3,5,6,1,1,1,2,2,2,5
SF,IH2006,2020-06-17 09:30:54.200,2862.0000,21925,-2,510801840.000,3,0,3,多平,S,2861.8000,2861.6000,2861.4000,2861.2000,2860.6000,2862.6000,2862.8000,2863.0000,2863.2000,2863.4000,3,5,6,1,1,1,2,2,5,1
SF,IH2006,2020-06-17 09:30:54.700,2862.6000,21921,-4,514236780.000,4,0,4,双平,S,2862.6000,2862.4000,2861.8000,2861.6000,2861.4000,2862.8000,2863.0000,2863.2000,2863.4000,2863.6000,5,2,1,5,6,2,2,5,1,1
SF,IH2006,2020-06-17 09:30:55.200,2862.6000,21916,-5,518530680.000,5,0,5,双平,S,2862.4000,2861.8000,2861.6000,2861.4000,2861.2000,2862.6000,2862.8000,2863.0000,2863.2000,2863.4000,2,1,4,6,1,3,2,2,5,1
SF,IH2006,2020-06-17 09:30:55.700,2861.8000,21913,-3,521106660.000,3,0,3,双平,S,2861.6000,2861.4000,2861.2000,2860.6000,2860.4000,2862.4000,2862.6000,2862.8000,2863.0000,2863.2000,1,6,1,1,2,1,3,2,2,5
SF,IH2006,2020-06-17 09:30:56.200,2862.2000,21913,0,521965320.000,1,0,1,多换,S,2861.8000,2861.6000,2861.4000,2861.2000,2860.6000,2862.4000,2862.6000,2862.8000,2863.0000,2863.2000,1,2,5,1,1,3,2,2,2,5
SF,IH2006,2020-06-17 09:30:56.700,2862.4000,21912,-1,522824040.000,1,0,1,双平,S,2862.0000,2861.8000,2861.6000,2861.4000,2861.2000,2862.2000,2862.4000,2862.6000,2862.8000,2863.0000,1,2,2,5,1,3,3,2,1,2
SF,IH2006,2020-06-17 09:30:57.200,2862.2000,21909,-3,526258740.000,4,0,4,多平,S,2862.2000,2861.8000,2861.6000,2861.4000,2861.2000,2862.4000,2862.6000,2862.8000,2863.0000,2863.2000,6,1,2,5,1,2,2,1,2,5
SF,IH2006,2020-06-17 09:30:57.700,2862.4000,21905,-4,530552100.000,5,0,5,多平,S,2862.2000,2861.8000,2861.6000,2861.4000,2861.2000,2862.4000,2862.6000,2862.8000,2863.0000,2863.2000,2,1,2,5,1,1,2,1,2,5
SF,IH2006,2020-06-17 09:30:58.200,2862.6000,21901,-4,537421800.000,8,2,6,多平,S,2862.4000,2862.2000,2861.8000,2861.6000,2861.4000,2863.0000,2863.2000,2863.4000,2863.6000,2863.8000,6,1,1,1,5,2,5,1,1,4
SF,IH2006,2020-06-17 09:30:58.700,2862.6000,21901,0,537421800.000,0,-,-,-,-,2862.6000,2862.4000,2862.2000,2861.8000,2861.6000,2862.8000,2863.0000,2863.2000,2863.4000,2863.6000,2,6,1,1,1,4,1,4,1,1
SF,IH2006,2020-06-17 09:30:59.200,2862.6000,21896,-5,541715940.000,5,0,5,双平,S,2862.4000,2862.2000,2861.8000,2861.6000,2861.4000,2863.2000,2863.4000,2863.6000,2863.8000,2864.0000,5,2,1,1,5,4,1,1,4,1
SF,IH2006,2020-06-17 09:30:59.700,2862.6000,21895,-1,542574720.000,1,0,1,双平,S,2862.4000,2862.2000,2862.0000,2861.8000,2861.6000,2863.0000,2863.2000,2863.4000,2863.6000,2863.8000,6,2,1,1,1,3,5,1,1,4
SF,IH2006,2020-06-17 09:31:00.200,2862.4000,21891,-4,546868560.000,5,0,5,多平,S,2862.4000,2862.2000,2862.0000,2861.8000,2861.6000,2862.8000,2863.0000,2863.2000,2863.4000,2863.6000,3,2,1,1,1,1,2,5,1,1
SF,IH2006,2020-06-17 09:31:00.700,2862.4000,21888,-3,549444720.000,3,0,3,双平,S,2862.2000,2862.0000,2861.8000,2861.6000,2861.4000,2862.4000,2862.6000,2862.8000,2863.2000,2863.4000,2,1,1,1,5,1,4,5,5,1
SF,IH2006,2020-06-17 09:31:01.200,2862.6000,21877,-11,558890640.000,11,0,11,双平,S,2862.4000,2862.0000,2861.8000,2861.6000,2861.4000,2862.6000,2862.8000,2863.2000,2863.4000,2863.6000,3,1,1,1,5,1,4,5,1,1
SF,IH2006,2020-06-17 09:31:01.700,2863.2000,21863,-14,573490560.000,17,1,16,多平,S,2863.2000,2861.8000,2861.6000,2861.4000,2860.8000,2863.4000,2863.6000,2863.8000,2864.0000,2864.4000,2,1,1,5,1,1,1,4,1,3
SF,IH2006,2020-06-17 09:31:02.200,2863.2000,21867,4,578644320.000,6,5,1,空开,S,2862.4000,2861.6000,2861.4000,2860.8000,2860.6000,2863.0000,2863.2000,2863.4000,2863.6000,2863.8000,1,1,5,1,2,2,7,1,1,4
SF,IH2006,2020-06-17 09:31:02.700,2863.0000,21862,-5,582938340.000,5,0,5,双平,S,2863.0000,2862.0000,2861.6000,2861.4000,2861.0000,2863.2000,2863.4000,2863.6000,2863.8000,2864.0000,1,1,1,5,1,1,2,1,4,1
SF,IH2006,2020-06-17 09:31:03.200,2863.0000,21859,-3,585515100.000,3,0,3,双平,S,2862.6000,2862.0000,2861.6000,2861.4000,2861.0000,2863.0000,2863.4000,2863.6000,2863.8000,2864.0000,2,1,1,5,1,2,1,1,4,1
SF,IH2006,2020-06-17 09:31:03.700,2862.6000,21851,-8,594103980.000,10,1,9,多平,S,2862.8000,2862.6000,2862.2000,2862.0000,2861.6000,2863.6000,2863.8000,2864.0000,2864.4000,2864.6000,1,9,1,1,1,1,4,1,3,1
SF,IH2006,2020-06-17 09:31:04.200,2863.2000,21848,-3,596681040.000,3,0,3,双平,S,2863.0000,2862.8000,2862.6000,2862.2000,2862.0000,2863.4000,2863.6000,2863.8000,2864.0000,2864.4000,12,2,2,1,1,1,1,4,1,3
SF,IH2006,2020-06-17 09:31:04.700,2863.4000,21844,-4,600117180.000,4,0,4,双平,S,2863.4000,2863.0000,2862.8000,2862.6000,2862.2000,2863.8000,2864.0000,2864.4000,2864.6000,2865.2000,3,12,2,2,1,4,1,3,1,1
SF,IH2006,2020-06-17 09:31:05.200,2863.6000,21845,1,606131220.000,7,4,3,空开,S,2863.6000,2863.0000,2862.8000,2862.6000,2862.2000,2864.4000,2864.6000,2865.2000,2865.4000,2865.6000,12,4,2,2,1,3,1,1,1,2
SF,IH2006,2020-06-17 09:31:05.700,2863.6000,21841,-4,610426800.000,5,0,5,多平,S,2863.6000,2863.4000,2863.0000,2862.8000,2862.6000,2864.4000,2864.6000,2865.2000,2865.4000,2865.6000,10,1,4,2,2,3,1,1,1,2
SF,IH2006,2020-06-17 09:31:06.200,2863.6000,21838,-3,613004040.000,3,0,3,双平,S,2863.6000,2863.4000,2863.0000,2862.8000,2862.6000,2864.0000,2864.2000,2864.4000,2864.6000,2865.2000,9,1,3,2,2,1,1,5,2,1
SF,IH2006,2020-06-17 09:31:06.700,2863.6000,21837,-1,613863120.000,1,0,1,双平,S,2863.6000,2863.4000,2863.0000,2862.8000,2862.6000,2864.0000,2864.4000,2864.6000,2865.2000,2865.4000,7,1,4,2,2,1,5,2,1,1
SF,IH2006,2020-06-17 09:31:07.200,2863.8000,21832,-5,619018080.000,6,0,6,多平,S,2863.6000,2863.4000,2863.0000,2862.8000,2862.6000,2864.4000,2864.6000,2865.2000,2865.4000,2865.6000,5,1,5,2,1,4,2,1,1,2
SF,IH2006,2020-06-17 09:31:07.700,2864.2000,21828,-4,628468620.000,11,3,8,多平,S,2863.4000,2863.0000,2862.8000,2862.6000,2862.2000,2864.2000,2864.4000,2864.6000,2865.2000,2865.4000,1,5,2,1,1,3,4,2,1,1
SF,IH2006,2020-06-17 09:31:08.200,2864.2000,21826,-2,631046400.000,3,0,3,多平,S,2863.8000,2863.4000,2863.0000,2862.8000,2862.6000,2864.2000,2864.4000,2864.6000,2865.2000,2865.4000,2,1,6,1,1,1,3,2,1,1
SF,IH2006,2020-06-17 09:31:08.700,2863.8000,21820,-6,636201600.000,6,0,6,双平,S,2863.8000,2863.6000,2863.4000,2863.0000,2862.6000,2864.4000,2864.6000,2865.2000,2865.4000,2865.6000,3,1,1,6,1,2,2,1,1,2
SF,IH2006,2020-06-17 09:31:09.200,2864.4000,21819,-1,637060920.000,1,0,1,双平,S,2864.0000,2863.8000,2863.6000,2863.4000,2863.0000,2864.4000,2864.6000,2865.2000,2865.4000,2865.6000,1,4,5,1,6,1,2,1,1,2
SF,IH2006,2020-06-17 09:31:09.700,2864.4000,21819,0,637920240.000,1,0,1,多换,S,2864.0000,2863.8000,2863.6000,2863.4000,2863.0000,2864.2000,2864.6000,2865.2000,2865.4000,2865.6000,3,1,5,1,6,1,2,1,1,2
SF,IH2006,2020-06-17 09:31:10.200,2864.0000,21811,-8,644794020.000,8,0,8,双平,S,2863.8000,2863.6000,2863.4000,2863.0000,2862.6000,2864.0000,2864.6000,2865.2000,2865.4000,2865.6000,1,5,1,6,1,4,2,1,1,2
SF,IH2006,2020-06-17 09:31:10.700,2864.0000,21807,-4,649949160.000,6,1,5,多平,S,2863.6000,2863.4000,2863.0000,2862.6000,2862.2000,2863.8000,2864.0000,2864.6000,2865.2000,2865.4000,6,1,6,1,1,2,1,2,1,1
SF,IH2006,2020-06-17 09:31:11.200,2864.2000,21800,-7,656823120.000,8,0,8,多平,S,2864.2000,2863.8000,2863.6000,2863.4000,2863.0000,2864.4000,2864.6000,2865.2000,2865.4000,2865.6000,4,6,6,1,6,12,2,1,1,2
SF,IH2006,2020-06-17 09:31:11.700,2864.2000,21795,-5,661119420.000,5,0,5,双平,S,2863.8000,2863.6000,2863.4000,2863.0000,2862.6000,2864.2000,2864.4000,2864.6000,2865.2000,2865.4000,3,5,1,3,1,16,12,3,1,1
SF,IH2006,2020-06-17 09:31:12.200,2863.8000,21787,-8,668851320.000,9,0,9,多平,S,2863.4000,2863.0000,2862.6000,2862.2000,2862.0000,2863.8000,2864.2000,2864.4000,2864.6000,2865.2000,1,6,1,1,1,3,13,13,2,1
SF,IH2006,2020-06-17 09:31:12.700,2863.8000,21787,0,668851320.000,0,-,-,-,-,2863.4000,2863.0000,2862.6000,2862.2000,2862.0000,2863.6000,2863.8000,2864.2000,2864.4000,2864.6000,1,6,1,1,1,3,4,11,13,2
SF,IH2006,2020-06-17 09:31:13.200,2863.4000,21783,-4,672287400.000,4,0,4,双平,S,2863.0000,2862.6000,2862.2000,2862.0000,2861.6000,2863.6000,2863.8000,2864.2000,2864.4000,2864.6000,6,1,1,1,1,4,4,11,13,2
SF,IH2006,2020-06-17 09:31:13.700,2863.2000,21783,0,674864280.000,3,1,2,多换,S,2863.0000,2862.6000,2862.2000,2862.0000,2861.6000,2863.6000,2863.8000,2864.2000,2864.4000,2864.6000,6,1,1,1,1,3,4,10,13,1
SF,IH2006,2020-06-17 09:31:14.200,2863.2000,21783,0,674864280.000,0,-,-,-,-,2863.2000,2863.0000,2862.6000,2862.2000,2862.0000,2863.6000,2863.8000,2864.2000,2864.4000,2864.6000,1,6,1,1,1,3,4,10,13,1
SF,IH2006,2020-06-17 09:31:14.700,2863.4000,21782,-1,676582260.000,2,0,2,多平,S,2863.0000,2862.6000,2862.2000,2862.0000,2861.6000,2863.6000,2863.8000,2864.2000,2864.4000,2864.6000,5,1,1,2,1,3,4,10,15,1
SF,IH2006,2020-06-17 09:31:15.200,2863.0000,21779,-3,679159320.000,3,0,3,双平,S,2863.0000,2862.6000,2862.2000,2862.0000,2861.6000,2863.4000,2863.6000,2863.8000,2864.2000,2864.4000,4,1,1,2,1,2,1,4,10,15
SF,IH2006,2020-06-17 09:31:15.700,2863.0000,21779,0,679159320.000,0,-,-,-,-,2863.2000,2863.0000,2862.6000,2862.2000,2862.0000,2863.4000,2863.6000,2863.8000,2864.2000,2864.4000,1,4,1,1,2,2,1,4,10,15
SF,IH2006,2020-06-17 09:31:16.200,2863.6000,21774,-5,683454300.000,5,0,5,双平,S,2863.0000,2862.6000,2862.2000,2862.0000,2861.6000,2863.8000,2864.2000,2864.4000,2864.6000,2864.8000,2,1,1,2,1,4,10,15,1,2
SF,IH2006,2020-06-17 09:31:16.700,2863.6000,21774,0,683454300.000,0,-,-,-,-,2863.2000,2863.0000,2862.6000,2862.2000,2862.0000,2863.6000,2863.8000,2864.2000,2864.4000,2864.6000,1,3,1,1,2,2,4,10,15,1
SF,IH2006,2020-06-17 09:31:17.200,2863.2000,21771,-3,686031240.000,3,0,3,双平,S,2863.0000,2862.6000,2862.2000,2862.0000,2861.6000,2863.6000,2863.8000,2864.2000,2864.4000,2864.6000,3,1,1,2,1,4,4,10,15,1
SF,IH2006,2020-06-17 09:31:17.700,2863.0000,21770,-1,686890140.000,1,0,1,双平,S,2863.2000,2863.0000,2862.8000,2862.6000,2862.2000,2863.4000,2863.6000,2863.8000,2864.0000,2864.2000,4,2,2,1,1,1,4,4,15,9
SF,IH2006,2020-06-17 09:31:18.200,2863.6000,21763,-7,696339180.000,11,2,9,多平,S,2863.0000,2862.8000,2862.6000,2862.2000,2862.0000,2863.2000,2863.6000,2863.8000,2864.0000,2864.2000,2,2,1,1,2,1,1,4,15,9
SF,IH2006,2020-06-17 09:31:18.700,2863.0000,21760,-3,698916000.000,3,0,3,双平,S,2862.8000,2862.6000,2862.2000,2862.0000,2861.6000,2863.0000,2863.2000,2863.8000,2864.0000,2864.2000,1,1,1,2,1,2,17,3,15,4
SF,IH2006,2020-06-17 09:31:19.200,2862.6000,21757,-3,702351300.000,4,0,4,多平,S,2862.2000,2862.0000,2861.6000,2861.4000,2861.0000,2862.8000,2863.0000,2863.2000,2863.8000,2864.0000,1,2,1,5,2,3,4,17,3,15
SF,IH2006,2020-06-17 09:31:19.700,2862.0000,21751,-6,707503440.000,6,0,6,双平,S,2862.0000,2861.6000,2861.4000,2861.0000,2860.8000,2862.4000,2862.8000,2863.0000,2863.2000,2864.0000,2,1,5,2,2,15,2,4,17,15
SF,IH2006,2020-06-17 09:31:20.200,2862.0000,21742,-9,715230900.000,9,0,9,双平,S,2861.6000,2861.4000,2861.0000,2860.8000,2860.6000,2861.8000,2862.2000,2862.4000,2862.8000,2863.0000,1,5,2,2,2,1,2,16,1,4
SF,IH2006,2020-06-17 09:31:20.700,2861.8000,21728,-14,727251600.000,14,0,14,双平,S,2861.8000,2861.6000,2861.4000,2861.0000,2860.8000,2862.4000,2863.0000,2863.2000,2864.0000,2864.2000,6,1,5,2,2,11,5,17,15,1
SF,IH2006,2020-06-17 09:31:21.200,2862.0000,21727,-1,728110200.000,1,0,1,双平,S,2861.8000,2861.6000,2861.4000,2861.0000,2860.8000,2862.2000,2862.4000,2863.0000,2863.2000,2863.4000,6,1,6,2,2,2,11,5,17,1
SF,IH2006,2020-06-17 09:31:21.700,2861.8000,21722,-5,733261440.000,6,0,6,多平,S,2861.8000,2861.6000,2861.4000,2861.0000,2860.8000,2862.0000,2862.2000,2862.4000,2863.0000,2863.2000,2,1,6,2,3,1,2,11,5,17
SF,IH2006,2020-06-17 09:31:22.200,2862.0000,21719,-3,737554320.000,5,1,4,多平,S,2861.6000,2861.4000,2861.0000,2860.8000,2860.6000,2862.0000,2862.2000,2862.4000,2863.0000,2863.2000,1,6,2,3,2,1,1,11,5,16
SF,IH2006,2020-06-17 09:31:22.700,2861.8000,21715,-4,740988600.000,4,0,4,双平,S,2861.8000,2861.6000,2861.4000,2861.0000,2860.8000,2862.2000,2862.4000,2863.0000,2863.2000,2863.4000,1,2,5,2,3,1,11,5,16,2
SF,IH2006,2020-06-17 09:31:23.200,2862.2000,21714,-1,742705800.000,2,0,2,多平,S,2861.6000,2861.4000,2861.0000,2860.8000,2860.6000,2862.2000,2862.4000,2863.0000,2863.2000,2863.4000,2,5,2,3,2,1,11,5,16,2
SF,IH2006,2020-06-17 09:31:23.700,2862.2000,21714,0,743564460.000,1,0,1,多换,S,2861.8000,2861.6000,2861.4000,2861.2000,2861.0000,2862.0000,2862.4000,2863.0000,2863.2000,2863.4000,1,3,6,1,2,1,11,5,16,2
SF,IH2006,2020-06-17 09:31:24.200,2861.6000,21712,-2,745281480.000,2,0,2,双平,S,2861.6000,2861.4000,2861.2000,2861.0000,2860.8000,2861.8000,2862.0000,2862.4000,2863.0000,2863.2000,2,7,1,2,3,1,1,11,3,16
SF,IH2006,2020-06-17 09:31:24.700,2861.6000,21710,-2,746998500.000,2,0,2,双平,S,2861.6000,2861.4000,2861.2000,2861.0000,2860.8000,2861.8000,2862.0000,2862.4000,2863.0000,2863.2000,3,7,1,2,3,1,1,11,3,16
SF,IH2006,2020-06-17 09:31:25.200,2861.8000,21710,0,747857040.000,1,0,1,多换,S,2862.2000,2861.6000,2861.4000,2861.2000,2861.0000,2862.4000,2863.0000,2863.2000,2863.4000,2863.8000,1,3,8,1,2,11,3,15,2,1
SF,IH2006,2020-06-17 09:31:25.700,2861.6000,21708,-2,752149740.000,5,1,4,多平,S,2861.4000,2861.2000,2861.0000,2860.8000,2860.6000,2862.2000,2862.4000,2863.0000,2863.2000,2863.4000,8,1,2,3,2,8,11,3,15,2
SF,IH2006,2020-06-17 09:31:26.200,2861.6000,21707,-1,753008220.000,1,0,1,双平,S,2861.6000,2861.4000,2861.2000,2861.0000,2860.8000,2862.0000,2862.2000,2862.4000,2863.0000,2863.2000,3,10,2,2,3,2,6,10,3,15
SF,IH2006,2020-06-17 09:31:26.700,2861.6000,21707,0,753008220.000,0,-,-,-,-,2861.6000,2861.4000,2861.2000,2861.0000,2860.8000,2862.0000,2862.2000,2862.4000,2863.0000,2863.2000,3,9,2,2,3,2,2,10,3,15
SF,IH2006,2020-06-17 09:31:27.200,2861.6000,21706,-1,753866700.000,1,0,1,双平,S,2861.6000,2861.4000,2861.2000,2861.0000,2860.8000,2862.0000,2862.2000,2862.4000,2863.0000,2863.2000,3,10,2,2,3,2,2,10,3,15
SF,IH2006,2020-06-17 09:31:27.700,2861.6000,21704,-2,755583660.000,2,0,2,双平,S,2861.6000,2861.4000,2861.2000,2861.0000,2860.8000,2862.0000,2862.2000,2862.4000,2863.0000,2863.2000,2,10,2,2,3,1,2,10,3,15
SF,IH2006,2020-06-17 09:31:28.200,2861.6000,21703,-1,758159160.000,3,1,2,多平,S,2861.4000,2861.2000,2861.0000,2860.8000,2860.6000,2861.8000,2862.0000,2862.2000,2862.4000,2863.0000,9,2,2,3,2,1,1,2,10,3
SF,IH2006,2020-06-17 09:31:28.700,2861.8000,21702,-1,759017700.000,1,0,1,双平,S,2861.4000,2861.2000,2861.0000,2860.8000,2860.6000,2861.8000,2862.2000,2862.4000,2863.0000,2863.2000,8,2,2,3,2,3,2,10,3,15
SF,IH2006,2020-06-17 09:31:29.200,2861.8000,21700,-2,760734780.000,2,0,2,双平,S,2861.4000,2861.2000,2861.0000,2860.8000,2860.6000,2861.8000,2862.2000,2862.4000,2863.0000,2863.2000,8,2,2,3,2,2,2,10,3,15
SF,IH2006,2020-06-17 09:31:29.700,2861.8000,21700,0,760734780.000,0,-,-,-,-,2861.4000,2861.2000,2861.0000,2860.8000,2860.6000,2861.6000,2861.8000,2862.2000,2862.4000,2863.0000,8,2,3,3,2,1,2,2,10,3
SF,IH2006,2020-06-17 09:31:30.200,2861.8000,21692,-8,767602320.000,8,0,8,双平,S,2861.4000,2861.2000,2861.0000,2860.8000,2860.6000,2862.0000,2862.2000,2862.4000,2863.0000,2863.2000,2,2,3,3,2,1,2,10,3,15
SF,IH2006,2020-06-17 09:31:30.700,2861.4000,21692,0,770177580.000,3,1,2,多换,S,2861.2000,2861.0000,2860.8000,2860.6000,2860.4000,2861.4000,2861.8000,2862.0000,2862.2000,2862.4000,2,4,3,2,3,3,7,2,2,10
SF,IH2006,2020-06-17 09:31:31.200,2861.8000,21687,-5,775328160.000,6,0,6,多平,S,2861.0000,2860.8000,2860.6000,2860.4000,2860.2000,2861.4000,2861.8000,2862.0000,2862.2000,2862.4000,4,3,2,3,2,1,1,2,3,10
SF,IH2006,2020-06-17 09:31:31.700,2861.4000,21683,-4,778761660.000,4,0,4,双平,S,2861.0000,2860.8000,2860.6000,2860.4000,2860.2000,2861.8000,2862.0000,2862.2000,2862.4000,2863.0000,5,3,2,3,2,1,2,3,10,2
SF,IH2006,2020-06-17 09:31:32.200,2861.8000,21682,-1,779620200.000,1,0,1,双平,S,2861.0000,2860.8000,2860.6000,2860.4000,2860.2000,2861.6000,2861.8000,2862.0000,2862.2000,2862.4000,6,3,2,3,2,1,2,2,3,10
SF,IH2006,2020-06-17 09:31:32.700,2861.8000,21682,0,779620200.000,0,-,-,-,-,2861.0000,2860.8000,2860.6000,2860.4000,2860.2000,2861.4000,2861.6000,2861.8000,2862.0000,2862.2000,6,3,2,3,2,2,2,2,4,3
SF,IH2006,2020-06-17 09:31:33.200,2861.4000,21676,-6,786487020.000,8,1,7,多平,S,2861.0000,2860.8000,2860.6000,2860.4000,2860.2000,2861.6000,2861.8000,2862.0000,2862.2000,2862.4000,1,3,2,3,2,1,2,4,3,10
SF,IH2006,2020-06-17 09:31:33.700,2861.6000,21674,-2,788203980.000,2,0,2,双平,S,2861.0000,2860.8000,2860.6000,2860.4000,2860.2000,2861.4000,2861.8000,2862.0000,2862.2000,2862.4000,2,4,2,3,2,1,1,4,3,10
SF,IH2006,2020-06-17 09:31:34.200,2861.6000,21674,0,788203980.000,0,-,-,-,-,2861.0000,2860.8000,2860.6000,2860.4000,2860.2000,2861.4000,2861.8000,2862.0000,2862.2000,2862.4000,3,3,2,3,2,1,1,5,3,10
SF,IH2006,2020-06-17 09:31:34.700,2861.2000,21671,-3,790779060.000,3,0,3,双平,S,2861.0000,2860.8000,2860.6000,2860.4000,2860.2000,2861.8000,2862.0000,2862.2000,2862.4000,2863.0000,1,3,2,3,2,1,5,3,10,2
SF,IH2006,2020-06-17 09:31:35.200,2861.0000,21670,-1,792495780.000,2,0,2,多平,S,2860.8000,2860.6000,2860.4000,2860.2000,2860.0000,2861.8000,2862.0000,2862.2000,2862.4000,2863.0000,3,2,3,5,6,1,5,3,10,2
SF,IH2006,2020-06-17 09:31:35.700,2861.0000,21670,0,793354080.000,1,0,1,多换,S,2861.0000,2860.8000,2860.6000,2860.4000,2860.2000,2861.8000,2862.0000,2862.2000,2862.4000,2863.0000,3,4,2,3,5,2,5,3,10,2
SF,IH2006,2020-06-17 09:31:36.200,2861.0000,21670,0,793354080.000,0,-,-,-,-,2861.0000,2860.8000,2860.6000,2860.4000,2860.2000,2861.6000,2861.8000,2862.0000,2862.2000,2862.4000,3,4,2,3,5,2,1,5,3,10
SF,IH2006,2020-06-17 09:31:36.700,2861.0000,21670,0,793354080.000,0,-,-,-,-,2861.0000,2860.8000,2860.6000,2860.4000,2860.2000,2861.6000,2861.8000,2862.0000,2862.2000,2862.4000,4,4,2,3,5,1,1,5,3,10
SF,IH2006,2020-06-17 09:31:37.200,2861.0000,21670,0,793354080.000,0,-,-,-,-,2861.0000,2860.8000,2860.6000,2860.4000,2860.2000,2861.4000,2861.6000,2861.8000,2862.0000,2862.2000,4,4,2,3,5,1,4,1,5,3
SF,IH2006,2020-06-17 09:31:37.700,2861.0000,21670,0,793354080.000,0,-,-,-,-,2861.0000,2860.8000,2860.6000,2860.4000,2860.2000,2861.4000,2861.6000,2861.8000,2862.0000,2862.2000,3,4,2,3,5,2,3,1,5,3
SF,IH2006,2020-06-17 09:31:38.200,2861.0000,21670,0,793354080.000,0,-,-,-,-,2861.0000,2860.8000,2860.6000,2860.4000,2860.2000,2861.2000,2861.4000,2861.6000,2861.8000,2862.0000,3,4,2,3,5,1,2,3,1,5
SF,IH2006,2020-06-17 09:31:38.700,2861.4000,21662,-8,801079020.000,9,0,9,多平,S,2861.2000,2860.8000,2860.6000,2860.4000,2860.2000,2861.6000,2861.8000,2862.0000,2862.2000,2862.4000,8,5,2,3,5,3,1,5,3,10
SF,IH2006,2020-06-17 09:31:39.200,2861.6000,21656,-6,806229660.000,6,0,6,双平,S,2861.6000,2861.2000,2860.8000,2860.6000,2860.4000,2861.8000,2862.0000,2862.2000,2862.4000,2863.0000,4,7,5,2,3,1,5,3,10,2
SF,IH2006,2020-06-17 09:31:39.700,2861.6000,21649,-7,813097140.000,8,0,8,多平,S,2861.2000,2860.8000,2860.6000,2860.4000,2860.2000,2861.6000,2861.8000,2862.0000,2862.2000,2862.4000,4,5,2,3,5,9,4,5,3,10
SF,IH2006,2020-06-17 09:31:40.200,2861.6000,21649,0,813955620.000,1,0,1,多换,S,2861.2000,2860.8000,2860.6000,2860.4000,2860.2000,2861.6000,2861.8000,2862.0000,2862.2000,2862.4000,4,5,2,3,5,2,1,4,3,10
SF,IH2006,2020-06-17 09:31:40.700,2861.6000,21649,0,813955620.000,0,-,-,-,-,2861.2000,2860.8000,2860.6000,2860.4000,2860.2000,2861.4000,2861.6000,2861.8000,2862.0000,2862.2000,4,5,2,3,5,1,4,1,3,3
SF,IH2006,2020-06-17 09:31:41.200,2861.6000,21645,-4,819105960.000,6,1,5,多平,S,2861.2000,2860.8000,2860.6000,2860.4000,2860.2000,2861.8000,2862.0000,2862.2000,2862.4000,2863.0000,1,5,2,3,5,1,3,3,10,2
SF,IH2006,2020-06-17 09:31:41.700,2861.2000,21644,-1,819964320.000,1,0,1,双平,S,2860.8000,2860.6000,2860.4000,2860.2000,2860.0000,2861.6000,2861.8000,2862.0000,2862.2000,2862.4000,5,2,3,5,7,1,1,3,3,10
SF,IH2006,2020-06-17 09:31:42.200,2861.2000,21644,0,820822680.000,1,0,1,多换,S,2861.0000,2860.8000,2860.6000,2860.4000,2860.2000,2861.2000,2861.6000,2861.8000,2862.0000,2862.2000,2,5,2,3,5,2,2,3,3,3
SF,IH2006,2020-06-17 09:31:42.700,2861.2000,21641,-3,823397760.000,3,0,3,双平,S,2861.0000,2860.8000,2860.6000,2860.4000,2860.2000,2861.6000,2861.8000,2862.0000,2862.2000,2862.4000,2,5,2,3,5,2,3,3,3,10
SF,IH2006,2020-06-17 09:31:43.200,2861.2000,21641,0,823397760.000,0,-,-,-,-,2860.8000,2860.6000,2860.4000,2860.2000,2860.0000,2861.4000,2861.6000,2861.8000,2862.0000,2862.2000,5,2,3,5,7,4,3,1,2,3
SF,IH2006,2020-06-17 09:31:43.700,2861.2000,21641,0,823397760.000,0,-,-,-,-,2860.8000,2860.6000,2860.4000,2860.2000,2860.0000,2861.4000,2861.6000,2861.8000,2862.0000,2862.2000,11,2,3,5,7,4,3,2,2,3
SF,IH2006,2020-06-17 09:31:44.200,2861.2000,21641,0,823397760.000,0,-,-,-,-,2861.0000,2860.8000,2860.6000,2860.4000,2860.2000,2861.2000,2861.4000,2861.6000,2861.8000,2862.0000,1,12,2,3,5,2,5,2,2,2
SF,IH2006,2020-06-17 09:31:44.700,2861.2000,21640,-1,825114420.000,2,0,2,多平,S,2861.0000,2860.8000,2860.6000,2860.4000,2860.2000,2861.2000,2861.4000,2861.6000,2861.8000,2862.0000,1,12,2,3,5,1,4,2,2,2
SF,IH2006,2020-06-17 09:31:45.200,2861.4000,21638,-2,827689500.000,3,0,3,多平,S,2860.8000,2860.6000,2860.4000,2860.2000,2860.0000,2861.4000,2861.6000,2861.8000,2862.0000,2862.2000,12,2,3,5,7,3,2,2,2,3
SF,IH2006,2020-06-17 09:31:45.700,2860.8000,21638,0,828547740.000,1,0,1,多换,S,2860.8000,2860.6000,2860.4000,2860.2000,2860.0000,2861.2000,2861.4000,2861.6000,2861.8000,2862.0000,11,2,3,6,7,1,4,2,2,2
SF,IH2006,2020-06-17 09:31:46.200,2860.8000,21637,-1,830264220.000,2,0,2,多平,S,2860.8000,2860.6000,2860.4000,2860.2000,2860.0000,2861.2000,2861.4000,2861.6000,2861.8000,2862.0000,8,2,4,3,7,1,4,2,2,2
SF,IH2006,2020-06-17 09:31:46.700,2861.0000,21635,-2,831980880.000,2,0,2,双平,S,2861.0000,2860.8000,2860.6000,2860.4000,2860.2000,2861.4000,2861.6000,2861.8000,2862.0000,2862.2000,1,9,2,4,3,3,2,2,2,3
SF,IH2006,2020-06-17 09:31:47.200,2860.8000,21634,-1,835413900.000,4,1,3,多平,S,2861.2000,2860.8000,2860.6000,2860.4000,2860.2000,2861.4000,2861.6000,2861.8000,2862.0000,2862.2000,5,6,2,4,3,3,2,2,2,3
SF,IH2006,2020-06-17 09:31:47.700,2861.2000,21629,-5,839705700.000,5,0,5,双平,S,2860.8000,2860.6000,2860.4000,2860.2000,2860.0000,2861.2000,2861.4000,2861.8000,2862.0000,2862.2000,6,2,5,3,7,5,3,2,2,3
SF,IH2006,2020-06-17 09:31:48.200,2861.2000,21628,-1,840564060.000,1,0,1,双平,S,2860.8000,2860.6000,2860.4000,2860.2000,2860.0000,2861.0000,2861.2000,2861.8000,2862.0000,2862.2000,5,2,5,3,7,1,1,2,2,3
SF,IH2006,2020-06-17 09:31:48.700,2860.8000,21623,-5,847430220.000,8,1,7,多平,S,2860.6000,2860.4000,2860.2000,2860.0000,2859.8000,2861.8000,2862.0000,2862.2000,2862.4000,2862.6000,2,5,3,7,2,2,2,3,10,1
SF,IH2006,2020-06-17 09:31:49.200,2860.8000,21623,0,847430220.000,0,-,-,-,-,2860.8000,2860.6000,2860.4000,2860.2000,2860.0000,2861.2000,2861.6000,2861.8000,2862.0000,2862.2000,1,4,7,3,7,2,6,4,2,3
SF,IH2006,2020-06-17 09:31:49.700,2861.0000,21622,-1,848288520.000,1,0,1,双平,S,2860.6000,2860.4000,2860.2000,2860.0000,2859.8000,2861.2000,2861.6000,2861.8000,2862.0000,2862.2000,4,8,2,7,2,3,5,4,2,3
SF,IH2006,2020-06-17 09:31:50.200,2860.6000,21621,-1,849146700.000,1,0,1,双平,S,2860.6000,2860.4000,2860.2000,2860.0000,2859.8000,2861.0000,2861.2000,2861.6000,2861.8000,2862.0000,1,8,2,7,2,2,3,5,4,2
SF,IH2006,2020-06-17 09:31:50.700,2861.0000,21620,-1,850005000.000,1,0,1,双平,S,2860.8000,2860.6000,2860.4000,2860.2000,2860.0000,2861.0000,2861.2000,2861.6000,2861.8000,2862.0000,1,1,8,2,7,16,3,5,4,2
SF,IH2006,2020-06-17 09:31:51.200,2860.8000,21618,-2,852579660.000,3,0,3,多平,S,2860.4000,2860.2000,2860.0000,2859.8000,2859.6000,2860.8000,2861.0000,2861.2000,2861.6000,2861.8000,8,2,7,2,1,4,16,3,5,4
SF,IH2006,2020-06-17 09:31:51.700,2860.8000,21613,-5,856870920.000,5,0,5,双平,S,2860.8000,2860.6000,2860.4000,2860.2000,2860.0000,2861.0000,2861.2000,2861.6000,2861.8000,2862.0000,5,1,8,2,7,15,4,5,4,2
SF,IH2006,2020-06-17 09:31:52.200,2860.8000,21608,-5,861162120.000,5,0,5,双平,S,2860.6000,2860.4000,2860.2000,2860.0000,2859.8000,2860.8000,2861.0000,2861.2000,2861.6000,2861.8000,1,8,2,7,2,2,15,4,5,4
SF,IH2006,2020-06-17 09:31:52.700,2860.6000,21606,-2,862878480.000,2,0,2,双平,S,2860.4000,2860.2000,2860.0000,2859.8000,2859.6000,2860.6000,2860.8000,2861.0000,2861.2000,2861.6000,8,2,7,2,1,1,2,15,4,5
SF,IH2006,2020-06-17 09:31:53.200,2860.8000,21605,-1,864594840.000,2,0,2,多平,S,2860.6000,2860.4000,2860.2000,2860.0000,2859.8000,2860.8000,2861.0000,2861.2000,2861.6000,2861.8000,1,7,2,7,2,1,15,4,4,4
SF,IH2006,2020-06-17 09:31:53.700,2860.8000,21604,-1,867169500.000,3,1,2,多平,S,2860.4000,2860.2000,2860.0000,2859.8000,2859.6000,2861.0000,2861.2000,2861.6000,2861.8000,2862.0000,7,2,7,3,1,15,4,4,4,2
SF,IH2006,2020-06-17 09:31:54.200,2860.8000,21604,0,867169500.000,0,-,-,-,-,2860.6000,2860.4000,2860.2000,2860.0000,2859.8000,2861.0000,2861.2000,2861.6000,2861.8000,2862.0000,1,7,3,7,3,15,4,3,4,2
SF,IH2006,2020-06-17 09:31:54.700,2860.8000,21604,0,867169500.000,0,-,-,-,-,2860.6000,2860.4000,2860.2000,2860.0000,2859.8000,2861.0000,2861.2000,2861.6000,2861.8000,2862.0000,1,7,3,7,3,15,4,3,4,2
SF,IH2006,2020-06-17 09:31:55.200,2861.0000,21590,-14,880043940.000,15,0,15,多平,S,2860.6000,2860.4000,2860.2000,2860.0000,2859.8000,2860.8000,2861.0000,2861.2000,2861.6000,2861.8000,3,6,3,7,3,15,1,4,3,4
SF,IH2006,2020-06-17 09:31:55.700,2860.8000,21589,-1,880902180.000,1,0,1,双平,S,2860.6000,2860.4000,2860.2000,2860.0000,2859.8000,2860.8000,2861.0000,2861.2000,2861.6000,2861.8000,2,6,4,7,3,14,1,3,3,4
SF,IH2006,2020-06-17 09:31:56.200,2860.8000,21583,-6,887768040.000,8,1,7,多平,S,2860.6000,2860.4000,2860.2000,2860.0000,2859.8000,2860.8000,2861.0000,2861.2000,2861.6000,2861.8000,1,6,4,7,3,7,1,3,3,4
SF,IH2006,2020-06-17 09:31:56.700,2860.8000,21582,-1,889484520.000,2,0,2,多平,S,2860.6000,2860.4000,2860.2000,2860.0000,2859.8000,2860.8000,2861.0000,2861.2000,2861.6000,2861.8000,1,6,4,7,3,5,1,3,3,3
SF,IH2006,2020-06-17 09:31:57.200,2860.6000,21572,-10,900641520.000,13,1,12,多平,S,2860.4000,2860.2000,2860.0000,2859.8000,2859.6000,2860.6000,2861.0000,2861.2000,2861.6000,2861.8000,7,4,7,3,2,3,1,3,3,3
SF,IH2006,2020-06-17 09:31:57.700,2860.8000,21567,-5,904932600.000,5,0,5,双平,S,2860.8000,2860.6000,2860.4000,2860.2000,2860.0000,2861.2000,2861.6000,2861.8000,2862.0000,2862.2000,1,12,7,4,7,3,3,3,1,3
SF,IH2006,2020-06-17 09:31:58.200,2861.2000,21567,0,905790960.000,1,0,1,多换,S,2860.8000,2860.6000,2860.4000,2860.2000,2860.0000,2861.0000,2861.2000,2861.6000,2861.8000,2862.0000,1,6,7,4,7,2,2,3,3,1
SF,IH2006,2020-06-17 09:31:58.700,2861.2000,21567,0,908365920.000,3,1,2,多换,S,2861.0000,2860.8000,2860.6000,2860.4000,2860.2000,2861.2000,2861.6000,2861.8000,2862.0000,2862.2000,2,2,6,6,4,1,3,3,1,3
SF,IH2006,2020-06-17 09:31:59.200,2861.2000,21566,-1,909224280.000,1,0,1,双平,S,2861.0000,2860.8000,2860.6000,2860.4000,2860.2000,2861.6000,2861.8000,2862.0000,2862.2000,2862.4000,2,2,6,6,4,3,3,1,3,1
SF,IH2006,2020-06-17 09:31:59.700,2861.0000,21564,-2,910940940.000,2,0,2,双平,S,2861.0000,2860.8000,2860.6000,2860.4000,2860.2000,2861.6000,2861.8000,2862.0000,2862.2000,2862.4000,1,2,6,6,4,1,1,1,3,1
SF,IH2006,2020-06-17 09:32:00.200,2860.8000,21563,-1,912657540.000,2,0,2,多平,S,2860.6000,2860.4000,2860.2000,2860.0000,2859.8000,2860.8000,2861.2000,2861.4000,2861.6000,2861.8000,6,6,4,7,3,11,3,1,2,1
SF,IH2006,2020-06-17 09:32:00.700,2860.4000,21557,-6,919523160.000,8,1,7,多平,S,2860.4000,2860.2000,2860.0000,2859.8000,2859.6000,2860.8000,2861.0000,2861.4000,2861.6000,2861.8000,5,3,7,3,1,8,1,2,2,1
SF,IH2006,2020-06-17 09:32:01.200,2860.4000,21556,-1,920381280.000,1,0,1,双平,S,2860.6000,2860.4000,2860.2000,2860.0000,2859.8000,2860.8000,2861.0000,2861.4000,2861.6000,2861.8000,1,4,3,8,3,8,1,2,2,1
SF,IH2006,2020-06-17 09:32:01.700,2860.2000,21550,-6,928104180.000,9,1,8,多平,S,2860.0000,2859.8000,2859.6000,2859.4000,2859.2000,2860.4000,2860.6000,2860.8000,2861.0000,2861.4000,8,3,1,5,2,1,6,8,1,1
SF,IH2006,2020-06-17 09:32:02.200,2860.6000,21546,-4,933252600.000,6,1,5,多平,S,2860.4000,2860.2000,2860.0000,2859.8000,2859.6000,2860.6000,2860.8000,2861.0000,2861.6000,2861.8000,1,1,6,3,1,3,8,1,2,1
SF,IH2006,2020-06-17 09:32:02.700,2860.0000,21544,-2,939258780.000,7,2,5,多平,S,2859.8000,2859.6000,2859.4000,2859.2000,2859.0000,2860.0000,2860.2000,2860.4000,2860.6000,2860.8000,3,1,6,2,1,7,2,2,3,8
SF,IH2006,2020-06-17 09:32:03.200,2859.8000,21545,1,946980660.000,9,5,4,空开,S,2860.0000,2859.8000,2859.6000,2859.4000,2859.2000,2860.2000,2860.4000,2860.6000,2860.8000,2861.0000,1,3,1,6,2,1,1,3,8,1
SF,IH2006,2020-06-17 09:32:03.700,2860.2000,21543,-2,948696660.000,2,0,2,双平,S,2859.8000,2859.6000,2859.4000,2859.2000,2859.0000,2860.4000,2860.6000,2860.8000,2861.0000,2861.6000,3,1,6,2,1,1,3,8,1,3
SF,IH2006,2020-06-17 09:32:04.200,2860.2000,21541,-2,950412720.000,2,0,2,双平,S,2859.8000,2859.6000,2859.4000,2859.2000,2859.0000,2860.6000,2860.8000,2861.0000,2861.6000,2861.8000,4,1,6,3,1,3,8,1,3,1
SF,IH2006,2020-06-17 09:32:04.700,2860.4000,21540,-1,951270840.000,1,0,1,双平,S,2860.0000,2859.8000,2859.6000,2859.4000,2859.2000,2860.6000,2860.8000,2861.0000,2861.6000,2861.8000,1,3,2,6,3,3,8,1,3,1
SF,IH2006,2020-06-17 09:32:05.200,2860.4000,21540,0,951270840.000,0,-,-,-,-,2860.0000,2859.8000,2859.6000,2859.4000,2859.2000,2860.6000,2860.8000,2861.0000,2861.6000,2861.8000,1,3,1,6,3,3,8,1,3,1
SF,IH2006,2020-06-17 09:32:05.700,2860.2000,21539,-1,953844840.000,3,1,2,多平,S,2859.8000,2859.6000,2859.4000,2859.2000,2859.0000,2860.6000,2860.8000,2861.0000,2861.4000,2861.6000,2,1,6,3,2,3,8,1,1,3
SF,IH2006,2020-06-17 09:32:06.200,2860.2000,21539,0,953844840.000,0,-,-,-,-,2859.8000,2859.6000,2859.4000,2859.2000,2859.0000,2860.2000,2860.4000,2860.6000,2861.0000,2861.4000,2,1,6,3,3,8,4,4,1,1
SF,IH2006,2020-06-17 09:32:06.700,2860.2000,21539,0,953844840.000,0,-,-,-,-,2859.8000,2859.6000,2859.4000,2859.2000,2859.0000,2860.2000,2860.4000,2860.6000,2861.0000,2861.4000,1,1,6,3,3,8,4,3,1,1
SF,IH2006,2020-06-17 09:32:07.200,2860.2000,21539,0,953844840.000,0,-,-,-,-,2860.0000,2859.8000,2859.6000,2859.4000,2859.2000,2860.2000,2860.4000,2860.6000,2861.0000,2861.4000,1,1,1,6,3,8,5,3,1,1
SF,IH2006,2020-06-17 09:32:07.700,2860.2000,21532,-7,959851260.000,7,0,7,双平,S,2860.0000,2859.8000,2859.6000,2859.4000,2859.2000,2860.2000,2860.4000,2860.6000,2861.0000,2861.4000,1,1,1,6,3,1,5,3,1,1
SF,IH2006,2020-06-17 09:32:08.200,2860.6000,21527,-5,965858100.000,7,1,6,多平,S,2860.4000,2860.2000,2860.0000,2859.8000,2859.6000,2860.6000,2861.0000,2861.4000,2861.6000,2862.2000,2,4,1,1,1,1,1,1,2,3
SF,IH2006,2020-06-17 09:32:08.700,2860.6000,21525,-2,967574460.000,2,0,2,双平,S,2860.8000,2860.6000,2860.4000,2860.2000,2859.8000,2861.0000,2861.4000,2861.6000,2862.2000,2864.4000,1,2,1,5,1,1,1,2,3,3
SF,IH2006,2020-06-17 09:32:09.200,2860.6000,21523,-2,970149180.000,3,0,3,多平,S,2860.6000,2860.4000,2860.2000,2859.8000,2859.6000,2861.4000,2861.6000,2862.2000,2862.6000,2864.4000,1,1,6,2,1,1,2,3,1,3
SF,IH2006,2020-06-17 09:32:09.700,2860.8000,21523,0,971007420.000,1,0,1,多换,S,2860.8000,2860.4000,2860.2000,2859.8000,2859.6000,2861.2000,2861.4000,2861.6000,2862.2000,2862.6000,1,1,6,2,1,4,1,2,3,1
SF,IH2006,2020-06-17 09:32:10.200,2860.8000,21523,0,971865660.000,1,0,1,多换,S,2860.8000,2860.4000,2860.2000,2859.8000,2859.6000,2861.2000,2861.4000,2861.6000,2862.2000,2862.6000,1,1,5,2,1,5,1,1,3,1
SF,IH2006,2020-06-17 09:32:10.700,2860.8000,21522,-1,972723900.000,1,0,1,双平,S,2860.4000,2860.2000,2859.8000,2859.6000,2859.4000,2860.8000,2861.2000,2861.4000,2861.6000,2862.2000,1,5,2,1,6,2,5,1,1,3
SF,IH2006,2020-06-17 09:32:11.200,2860.2000,21518,-4,976156260.000,4,0,4,双平,S,2860.6000,2860.2000,2859.8000,2859.6000,2859.4000,2860.8000,2861.2000,2861.4000,2861.6000,2862.2000,1,3,2,1,6,8,5,1,1,3
SF,IH2006,2020-06-17 09:32:11.700,2860.4000,21516,-2,977872500.000,2,0,2,双平,S,2860.2000,2859.8000,2859.6000,2859.4000,2859.2000,2860.6000,2860.8000,2861.2000,2861.4000,2861.6000,3,2,1,6,3,1,8,5,1,1
SF,IH2006,2020-06-17 09:32:12.200,2860.4000,21516,0,977872500.000,0,-,-,-,-,2860.2000,2859.8000,2859.6000,2859.4000,2859.2000,2860.6000,2860.8000,2861.2000,2861.4000,2861.6000,3,2,1,6,3,1,8,5,1,1
SF,IH2006,2020-06-17 09:32:12.700,2860.4000,21516,0,977872500.000,0,-,-,-,-,2860.2000,2859.8000,2859.6000,2859.4000,2859.2000,2860.6000,2860.8000,2861.2000,2861.4000,2861.6000,4,2,1,6,3,1,8,5,1,1
SF,IH2006,2020-06-17 09:32:13.200,2860.4000,21516,0,977872500.000,0,-,-,-,-,2860.2000,2859.8000,2859.6000,2859.4000,2859.2000,2860.6000,2860.8000,2861.2000,2861.4000,2861.6000,4,2,1,6,3,2,8,5,1,1
SF,IH2006,2020-06-17 09:32:13.700,2860.4000,21515,-1,978730620.000,1,0,1,双平,S,2860.2000,2859.8000,2859.6000,2859.4000,2859.2000,2860.6000,2860.8000,2861.2000,2861.4000,2861.6000,4,2,1,6,3,2,8,5,1,1
SF,IH2006,2020-06-17 09:32:14.200,2860.6000,21513,-2,980446980.000,2,0,2,双平,S,2860.6000,2860.4000,2860.2000,2859.8000,2859.6000,2860.8000,2861.2000,2861.4000,2861.6000,2862.2000,1,1,5,2,1,8,5,1,1,3
SF,IH2006,2020-06-17 09:32:14.700,2860.4000,21511,-2,983879640.000,4,1,3,多平,S,2860.2000,2859.8000,2859.6000,2859.4000,2859.2000,2860.6000,2860.8000,2861.2000,2861.4000,2861.6000,3,2,1,6,3,1,9,4,2,1
SF,IH2006,2020-06-17 09:32:15.200,2860.4000,21511,0,983879640.000,0,-,-,-,-,2860.4000,2860.2000,2859.8000,2859.6000,2859.4000,2860.8000,2861.2000,2861.4000,2861.6000,2862.2000,1,3,2,1,6,9,4,2,1,3
SF,IH2006,2020-06-17 09:32:15.700,2860.4000,21510,-1,984737760.000,1,0,1,双平,S,2860.2000,2859.8000,2859.6000,2859.4000,2859.2000,2860.8000,2861.2000,2861.4000,2861.6000,2862.2000,3,2,1,6,3,9,4,2,1,3
SF,IH2006,2020-06-17 09:32:16.200,2860.4000,21510,0,984737760.000,0,-,-,-,-,2860.2000,2860.0000,2859.8000,2859.6000,2859.4000,2860.8000,2861.2000,2861.4000,2861.6000,2862.2000,3,1,2,1,6,9,4,2,1,3
SF,IH2006,2020-06-17 09:32:17.200,2860.4000,21510,0,984737760.000,0,-,-,-,-,2860.2000,2860.0000,2859.8000,2859.6000,2859.4000,2860.8000,2861.2000,2861.4000,2861.6000,2862.2000,3,1,2,1,6,9,4,2,1,3
SF,IH2006,2020-06-17 09:32:17.700,2860.4000,21510,0,984737760.000,0,-,-,-,-,2860.2000,2860.0000,2859.8000,2859.6000,2859.4000,2860.8000,2861.2000,2861.4000,2861.6000,2862.2000,3,1,2,1,6,9,4,2,1,3
SF,IH2006,2020-06-17 09:32:18.200,2860.4000,21510,0,984737760.000,0,-,-,-,-,2860.4000,2860.2000,2860.0000,2859.8000,2859.6000,2860.8000,2861.2000,2861.4000,2861.6000,2862.2000,1,3,1,3,1,9,4,2,1,3
SF,IH2006,2020-06-17 09:32:18.700,2860.4000,21509,-1,985595880.000,1,0,1,双平,S,2860.2000,2860.0000,2859.8000,2859.6000,2859.4000,2860.8000,2861.2000,2861.4000,2861.6000,2862.2000,3,1,3,1,6,9,4,2,1,3
SF,IH2006,2020-06-17 09:32:19.200,2860.4000,21509,0,985595880.000,0,-,-,-,-,2860.4000,2860.2000,2860.0000,2859.8000,2859.6000,2860.8000,2861.2000,2861.4000,2861.6000,2862.2000,1,4,1,3,1,10,4,2,1,3
SF,IH2006,2020-06-17 09:32:20.200,2860.4000,21508,-1,986454000.000,1,0,1,双平,S,2860.2000,2860.0000,2859.8000,2859.6000,2859.4000,2860.4000,2860.8000,2861.2000,2861.4000,2861.6000,4,1,4,1,6,1,10,4,2,1
SF,IH2006,2020-06-17 09:32:20.700,2860.8000,21506,-2,988170360.000,2,0,2,双平,S,2860.6000,2860.4000,2860.2000,2860.0000,2859.8000,2860.8000,2861.2000,2861.4000,2861.6000,2862.2000,1,1,4,2,4,9,4,2,1,3
SF,IH2006,2020-06-17 09:32:21.200,2860.8000,21506,0,988170360.000,0,-,-,-,-,2860.2000,2860.0000,2859.8000,2859.6000,2859.4000,2860.8000,2861.2000,2861.4000,2861.6000,2862.2000,4,2,4,1,6,8,4,2,1,3
SF,IH2006,2020-06-17 09:32:21.700,2860.6000,21505,-1,989028540.000,1,0,1,双平,S,2860.4000,2860.2000,2860.0000,2859.8000,2859.6000,2860.8000,2861.2000,2861.4000,2861.6000,2862.2000,1,4,2,4,1,8,4,2,1,3
SF,IH2006,2020-06-17 09:32:22.200,2860.6000,21504,-1,989886720.000,1,0,1,双平,S,2860.4000,2860.2000,2860.0000,2859.8000,2859.6000,2860.8000,2861.2000,2861.4000,2861.6000,2862.2000,2,4,2,4,1,8,4,2,1,3
SF,IH2006,2020-06-17 09:32:22.700,2860.4000,21503,-1,990744840.000,1,0,1,双平,S,2860.4000,2860.2000,2860.0000,2859.8000,2859.6000,2860.8000,2861.2000,2861.4000,2861.6000,2862.2000,1,4,2,4,1,8,4,2,1,3
SF,IH2006,2020-06-17 09:32:23.200,2860.4000,21502,-1,991602960.000,1,0,1,双平,S,2860.2000,2860.0000,2859.8000,2859.6000,2859.4000,2860.8000,2861.2000,2861.4000,2861.6000,2862.2000,4,2,4,1,6,8,4,2,1,3
SF,IH2006,2020-06-17 09:32:23.700,2860.4000,21502,0,991602960.000,0,-,-,-,-,2860.4000,2860.2000,2860.0000,2859.8000,2859.6000,2860.8000,2861.2000,2861.4000,2861.6000,2862.2000,1,4,2,4,1,8,4,2,1,3
SF,IH2006,2020-06-17 09:32:24.200,2860.4000,21502,0,991602960.000,0,-,-,-,-,2860.4000,2860.2000,2860.0000,2859.8000,2859.6000,2860.8000,2861.2000,2861.4000,2861.6000,2862.2000,1,4,2,4,1,9,4,2,1,3
SF,IH2006,2020-06-17 09:32:24.700,2860.4000,21502,0,991602960.000,0,-,-,-,-,2860.4000,2860.2000,2860.0000,2859.8000,2859.6000,2860.8000,2861.2000,2861.4000,2861.6000,2862.2000,2,4,2,4,1,8,4,2,1,3
SF,IH2006,2020-06-17 09:32:25.200,2860.4000,21502,0,991602960.000,0,-,-,-,-,2860.6000,2860.4000,2860.2000,2860.0000,2859.8000,2860.8000,2861.2000,2861.4000,2861.6000,2862.2000,1,2,4,2,4,8,4,2,1,3
SF,IH2006,2020-06-17 09:32:25.700,2860.4000,21502,0,991602960.000,0,-,-,-,-,2860.6000,2860.4000,2860.2000,2860.0000,2859.8000,2860.8000,2861.2000,2861.4000,2861.6000,2862.2000,1,2,5,2,4,8,4,2,1,3
SF,IH2006,2020-06-17 09:32:26.200,2860.4000,21502,0,991602960.000,0,-,-,-,-,2860.6000,2860.4000,2860.2000,2860.0000,2859.8000,2860.8000,2861.2000,2861.4000,2861.6000,2862.2000,1,2,5,3,4,8,4,2,1,3
SF,IH2006,2020-06-17 09:32:26.700,2861.4000,21489,-13,1003619160.000,14,0,14,多平,S,2861.0000,2860.8000,2860.6000,2860.4000,2860.2000,2861.6000,2862.2000,2862.6000,2863.0000,2864.4000,1,5,1,2,5,1,3,2,5,1
SF,IH2006,2020-06-17 09:32:27.200,2861.4000,21489,0,1003619160.000,0,-,-,-,-,2861.2000,2860.8000,2860.6000,2860.4000,2860.2000,2861.6000,2861.8000,2862.2000,2862.6000,2863.0000,2,1,1,2,5,1,1,3,2,5
SF,IH2006,2020-06-17 09:32:27.700,2861.6000,21488,-1,1004477640.000,1,0,1,双平,S,2861.2000,2860.8000,2860.6000,2860.4000,2860.2000,2861.8000,2862.2000,2862.6000,2863.0000,2864.4000,2,3,1,2,5,1,3,2,5,1
SF,IH2006,2020-06-17 09:32:28.200,2861.8000,21487,-1,1005336180.000,1,0,1,双平,S,2861.8000,2861.4000,2861.2000,2861.0000,2860.8000,2862.2000,2862.6000,2863.0000,2864.4000,2864.8000,1,4,3,1,3,3,2,5,1,1
SF,IH2006,2020-06-17 09:32:28.700,2861.8000,21484,-3,1007911800.000,3,0,3,双平,S,2861.4000,2861.2000,2861.0000,2860.8000,2860.6000,2862.2000,2862.6000,2863.0000,2864.4000,2864.8000,4,2,2,3,1,3,2,5,1,1
SF,IH2006,2020-06-17 09:32:29.200,2862.2000,21483,-1,1008770460.000,1,0,1,双平,S,2862.0000,2861.6000,2861.4000,2861.2000,2861.0000,2862.2000,2862.6000,2863.0000,2864.4000,2864.8000,4,2,4,1,2,2,2,5,1,1
SF,IH2006,2020-06-17 09:32:29.700,2862.0000,21479,-4,1012205040.000,4,0,4,双平,S,2861.6000,2861.4000,2861.2000,2861.0000,2860.8000,2862.0000,2862.6000,2863.0000,2864.4000,2864.8000,2,3,1,2,3,6,2,5,1,1
SF,IH2006,2020-06-17 09:32:30.200,2862.0000,21478,-1,1013063640.000,1,0,1,双平,S,2861.8000,2861.6000,2861.4000,2861.2000,2861.0000,2862.0000,2862.6000,2863.0000,2864.4000,2864.8000,2,1,3,1,2,7,2,5,1,1
SF,IH2006,2020-06-17 09:32:30.700,2861.8000,21475,-3,1015639380.000,3,0,3,双平,S,2861.8000,2861.6000,2861.4000,2861.2000,2861.0000,2862.0000,2862.6000,2863.0000,2864.4000,2864.8000,1,1,3,1,2,5,2,5,1,1
SF,IH2006,2020-06-17 09:32:31.200,2861.8000,21473,-2,1017356520.000,2,0,2,双平,S,2861.6000,2861.4000,2861.2000,2861.0000,2860.8000,2862.0000,2862.6000,2863.0000,2864.4000,2864.8000,1,3,1,2,2,4,2,5,1,1
SF,IH2006,2020-06-17 09:32:31.700,2861.8000,21473,0,1017356520.000,0,-,-,-,-,2861.8000,2861.6000,2861.4000,2861.2000,2861.0000,2862.0000,2862.6000,2863.0000,2864.4000,2864.8000,1,1,3,1,2,4,2,5,1,1
SF,IH2006,2020-06-17 09:32:32.200,2862.0000,21472,-1,1018215120.000,1,0,1,双平,S,2861.8000,2861.6000,2861.4000,2861.2000,2861.0000,2862.0000,2862.6000,2863.0000,2864.4000,2864.8000,1,1,3,1,2,3,2,5,1,1
SF,IH2006,2020-06-17 09:32:32.700,2861.8000,21466,-6,1024225440.000,7,0,7,多平,S,2861.6000,2861.4000,2861.2000,2861.0000,2860.8000,2861.8000,2862.6000,2863.0000,2864.4000,2864.8000,1,3,1,2,1,1,1,5,1,1
SF,IH2006,2020-06-17 09:32:33.200,2861.8000,21466,0,1025083980.000,1,0,1,多换,S,2862.0000,2861.8000,2861.4000,2861.2000,2861.0000,2862.6000,2863.0000,2864.4000,2864.8000,2865.0000,4,1,3,1,3,1,5,1,1,1
SF,IH2006,2020-06-17 09:32:33.700,2862.0000,21465,-1,1026801240.000,2,0,2,多平,S,2861.8000,2861.4000,2861.2000,2861.0000,2860.8000,2862.2000,2862.6000,2863.0000,2864.4000,2864.8000,1,3,1,3,1,3,2,5,1,1
SF,IH2006,2020-06-17 09:32:34.200,2862.0000,21465,0,1026801240.000,0,-,-,-,-,2862.0000,2861.4000,2861.2000,2861.0000,2860.8000,2862.6000,2863.0000,2864.4000,2864.8000,2865.0000,1,3,1,3,1,2,5,1,1,1
SF,IH2006,2020-06-17 09:32:34.700,2862.0000,21463,-2,1028518440.000,2,0,2,双平,S,2861.4000,2861.2000,2861.0000,2860.8000,2860.4000,2862.0000,2862.6000,2863.0000,2864.4000,2864.8000,1,1,3,1,2,1,2,5,1,1
SF,IH2006,2020-06-17 09:32:35.200,2862.0000,21463,0,1029377040.000,1,0,1,多换,S,2861.6000,2861.4000,2861.2000,2861.0000,2860.8000,2862.6000,2863.0000,2864.4000,2864.8000,2865.0000,2,2,1,3,1,2,5,1,1,1
SF,IH2006,2020-06-17 09:32:35.700,2862.0000,21463,0,1029377040.000,0,-,-,-,-,2862.2000,2861.6000,2861.4000,2861.2000,2861.0000,2862.4000,2862.6000,2863.0000,2864.4000,2864.8000,1,3,2,1,3,3,2,5,1,1
SF,IH2006,2020-06-17 09:32:36.200,2862.2000,21461,-2,1031094360.000,2,0,2,双平,S,2861.6000,2861.4000,2861.2000,2861.0000,2860.8000,2862.0000,2862.2000,2862.4000,2862.6000,2863.0000,3,2,1,3,1,1,3,2,4,5
SF,IH2006,2020-06-17 09:32:36.700,2862.0000,21460,-1,1031952960.000,1,0,1,双平,S,2861.6000,2861.4000,2861.2000,2861.0000,2860.8000,2862.4000,2862.6000,2863.0000,2864.4000,2864.8000,2,2,1,3,1,2,2,5,1,1
SF,IH2006,2020-06-17 09:32:37.200,2862.0000,21460,0,1031952960.000,0,-,-,-,-,2861.6000,2861.4000,2861.2000,2861.0000,2860.8000,2862.2000,2862.4000,2862.6000,2863.0000,2864.4000,2,2,1,3,1,1,1,2,5,1
SF,IH2006,2020-06-17 09:32:38.200,2862.0000,21460,0,1031952960.000,0,-,-,-,-,2861.6000,2861.4000,2861.2000,2861.0000,2860.8000,2862.2000,2862.4000,2862.6000,2863.0000,2864.4000,3,2,1,3,1,1,1,2,5,1
SF,IH2006,2020-06-17 09:32:38.700,2862.0000,21460,0,1031952960.000,0,-,-,-,-,2861.6000,2861.4000,2861.2000,2861.0000,2860.8000,2862.0000,2862.2000,2862.4000,2862.6000,2863.0000,2,2,1,2,1,1,1,1,1,5
SF,IH2006,2020-06-17 09:32:39.200,2862.0000,21460,0,1032811560.000,1,0,1,多换,S,2861.6000,2861.4000,2861.2000,2861.0000,2860.8000,2862.2000,2862.4000,2862.6000,2863.0000,2864.4000,2,2,1,2,1,1,1,1,5,1
SF,IH2006,2020-06-17 09:32:40.200,2862.0000,21460,0,1032811560.000,0,-,-,-,-,2862.0000,2861.6000,2861.4000,2861.2000,2861.0000,2862.2000,2862.4000,2862.6000,2863.0000,2864.4000,1,2,2,1,2,1,1,1,5,1
SF,IH2006,2020-06-17 09:32:40.700,2862.0000,21460,0,1033670160.000,1,0,1,多换,S,2861.6000,2861.4000,2861.2000,2861.0000,2860.8000,2862.0000,2862.2000,2862.4000,2862.6000,2863.0000,2,2,2,1,1,5,1,1,1,5
SF,IH2006,2020-06-17 09:32:41.200,2862.0000,21460,0,1033670160.000,0,-,-,-,-,2861.6000,2861.4000,2861.2000,2861.0000,2860.8000,2862.0000,2862.2000,2862.4000,2862.6000,2863.0000,1,1,2,1,1,2,1,1,1,5
SF,IH2006,2020-06-17 09:32:42.700,2862.0000,21460,0,1033670160.000,0,-,-,-,-,2861.8000,2861.6000,2861.4000,2861.2000,2861.0000,2862.0000,2862.2000,2862.4000,2862.6000,2863.0000,1,1,1,2,1,2,1,1,1,5
SF,IH2006,2020-06-17 09:32:43.200,2862.0000,21460,0,1034528760.000,1,0,1,多换,S,2861.8000,2861.6000,2861.4000,2861.2000,2861.0000,2862.2000,2862.4000,2862.6000,2863.0000,2864.4000,1,1,1,2,1,1,1,1,5,1
SF,IH2006,2020-06-17 09:32:43.700,2862.2000,21458,-2,1036246080.000,2,0,2,双平,S,2862.2000,2862.0000,2861.8000,2861.6000,2861.4000,2862.4000,2862.6000,2863.0000,2864.4000,2864.8000,1,3,1,1,1,1,1,5,1,1
SF,IH2006,2020-06-17 09:32:44.200,2862.2000,21457,-1,1037963400.000,2,0,2,多平,S,2862.0000,2861.6000,2861.4000,2861.2000,2861.0000,2862.2000,2862.6000,2863.0000,2864.4000,2864.8000,3,1,1,2,1,1,5,5,1,1
SF,IH2006,2020-06-17 09:32:44.700,2862.0000,21454,-3,1040539200.000,3,0,3,双平,S,2861.6000,2861.4000,2861.2000,2861.0000,2860.8000,2862.0000,2862.2000,2862.6000,2863.0000,2864.4000,2,1,2,1,1,2,1,5,5,1
SF,IH2006,2020-06-17 09:32:45.200,2861.8000,21454,0,1042256220.000,2,1,1,多换,S,2861.4000,2861.2000,2861.0000,2860.8000,2860.4000,2861.6000,2862.0000,2862.6000,2863.0000,2864.4000,1,2,1,1,2,1,3,3,5,1
SF,IH2006,2020-06-17 09:32:45.700,2861.4000,21452,-2,1043973060.000,2,0,2,双平,S,2861.2000,2861.0000,2860.8000,2860.4000,2860.2000,2861.6000,2862.0000,2862.6000,2864.4000,2864.8000,1,2,1,2,3,2,2,3,1,1
SF,IH2006,2020-06-17 09:32:46.200,2861.2000,21451,-1,1044831420.000,1,0,1,双平,S,2861.0000,2860.8000,2860.4000,2860.2000,2860.0000,2861.6000,2862.0000,2862.6000,2864.4000,2864.8000,2,1,2,3,5,2,2,3,1,1
SF,IH2006,2020-06-17 09:32:46.700,2861.2000,21451,0,1044831420.000,0,-,-,-,-,2861.2000,2861.0000,2860.8000,2860.4000,2860.2000,2861.6000,2862.0000,2862.6000,2864.4000,2864.8000,3,1,1,2,3,2,2,3,1,1
SF,IH2006,2020-06-17 09:32:47.200,2861.6000,21449,-2,1046548380.000,2,0,2,双平,S,2861.6000,2861.4000,2861.2000,2861.0000,2860.8000,2862.0000,2862.6000,2864.4000,2864.8000,2865.0000,5,1,3,1,1,2,3,1,1,1
SF,IH2006,2020-06-17 09:32:47.700,2861.6000,21447,-2,1048265460.000,2,0,2,双平,S,2861.6000,2861.4000,2861.2000,2861.0000,2860.8000,2862.0000,2862.6000,2864.4000,2864.8000,2865.0000,7,1,3,1,1,1,3,1,1,1
SF,IH2006,2020-06-17 09:32:48.200,2861.6000,21447,0,1049123940.000,1,0,1,多换,S,2861.6000,2861.4000,2861.2000,2861.0000,2860.8000,2862.0000,2862.6000,2864.4000,2864.8000,2865.0000,7,1,3,1,1,1,3,1,1,1
SF,IH2006,2020-06-17 09:32:48.700,2861.6000,21446,-1,1050840900.000,2,0,2,多平,S,2861.6000,2861.4000,2861.2000,2861.0000,2860.8000,2862.0000,2862.2000,2862.6000,2864.4000,2864.8000,5,1,3,2,1,1,1,3,1,1
SF,IH2006,2020-06-17 09:32:49.200,2861.6000,21446,0,1050840900.000,0,-,-,-,-,2861.8000,2861.6000,2861.4000,2861.2000,2861.0000,2862.0000,2862.2000,2862.6000,2864.4000,2864.8000,1,6,1,3,2,1,1,3,1,1
SF,IH2006,2020-06-17 09:32:49.700,2861.8000,21445,-1,1051699440.000,1,0,1,双平,S,2861.6000,2861.4000,2861.2000,2861.0000,2860.8000,2862.0000,2862.2000,2862.6000,2864.4000,2864.8000,6,1,3,3,1,1,1,3,1,1
SF,IH2006,2020-06-17 09:32:50.200,2862.0000,21444,-1,1053416640.000,2,0,2,多平,S,2862.0000,2861.6000,2861.4000,2861.2000,2861.0000,2862.2000,2862.6000,2864.4000,2864.8000,2865.0000,1,6,1,3,3,1,3,1,1,1
SF,IH2006,2020-06-17 09:32:51.200,2862.0000,21443,-1,1054275240.000,1,0,1,双平,S,2861.6000,2861.4000,2861.2000,2861.0000,2860.8000,2862.2000,2862.6000,2862.8000,2864.4000,2864.8000,6,1,3,3,1,2,3,1,1,1
SF,IH2006,2020-06-17 09:32:51.700,2862.0000,21443,0,1054275240.000,0,-,-,-,-,2861.8000,2861.6000,2861.4000,2861.2000,2861.0000,2862.2000,2862.6000,2862.8000,2864.4000,2864.8000,1,6,1,1,3,2,3,1,1,1
SF,IH2006,2020-06-17 09:32:52.200,2862.0000,21443,0,1054275240.000,0,-,-,-,-,2861.8000,2861.6000,2861.4000,2861.2000,2861.0000,2862.0000,2862.2000,2862.6000,2862.8000,2864.4000,1,6,1,1,3,2,2,3,1,1
SF,IH2006,2020-06-17 09:32:52.700,2861.8000,21442,-1,1055133780.000,1,0,1,双平,S,2861.6000,2861.4000,2861.2000,2861.0000,2860.8000,2862.2000,2862.6000,2862.8000,2864.4000,2864.8000,6,1,1,3,1,2,3,1,1,1
SF,IH2006,2020-06-17 09:32:53.200,2861.8000,21442,0,1055133780.000,0,-,-,-,-,2861.6000,2861.4000,2861.2000,2861.0000,2860.8000,2861.8000,2862.2000,2862.6000,2862.8000,2864.4000,6,1,1,3,1,1,2,3,1,1
SF,IH2006,2020-06-17 09:32:53.700,2861.8000,21442,0,1055133780.000,0,-,-,-,-,2861.6000,2861.4000,2861.2000,2861.0000,2860.8000,2861.8000,2862.2000,2862.6000,2862.8000,2864.4000,5,1,1,3,1,1,2,3,1,1
SF,IH2006,2020-06-17 09:32:54.200,2861.8000,21442,0,1055133780.000,0,-,-,-,-,2861.6000,2861.4000,2861.2000,2861.0000,2860.8000,2861.8000,2862.2000,2862.6000,2862.8000,2864.4000,5,1,1,3,1,2,2,3,1,1
SF,IH2006,2020-06-17 09:32:54.700,2861.6000,21441,-1,1055992260.000,1,0,1,双平,S,2861.6000,2861.4000,2861.2000,2861.0000,2860.8000,2861.8000,2862.2000,2862.6000,2862.8000,2864.4000,4,1,1,3,1,3,2,3,1,1
SF,IH2006,2020-06-17 09:32:55.200,2861.6000,21437,-4,1059426180.000,4,0,4,双平,S,2861.4000,2861.2000,2861.0000,2860.8000,2860.4000,2861.8000,2862.2000,2862.6000,2862.8000,2864.4000,1,1,3,1,2,3,2,3,1,1
SF,IH2006,2020-06-17 09:32:55.700,2861.4000,21436,-1,1060284600.000,1,0,1,双平,S,2861.0000,2860.8000,2860.4000,2860.2000,2860.0000,2861.4000,2861.6000,2861.8000,2862.2000,2862.6000,3,1,2,3,5,2,3,5,2,1
SF,IH2006,2020-06-17 09:32:56.200,2861.4000,21429,-7,1066292940.000,7,0,7,双平,S,2860.4000,2860.2000,2860.0000,2859.8000,2859.6000,2861.4000,2861.8000,2862.2000,2862.6000,2862.8000,2,3,5,3,1,3,3,2,1,1
SF,IH2006,2020-06-17 09:32:56.700,2861.4000,21429,0,1066292940.000,0,-,-,-,-,2860.6000,2860.4000,2860.2000,2860.0000,2859.8000,2861.4000,2861.8000,2862.2000,2862.6000,2862.8000,5,2,3,5,3,3,2,2,2,1
SF,IH2006,2020-06-17 09:32:57.200,2861.4000,21429,0,1066292940.000,0,-,-,-,-,2860.6000,2860.4000,2860.2000,2860.0000,2859.8000,2860.8000,2861.2000,2861.4000,2861.8000,2862.2000,4,2,3,5,3,1,1,3,2,2
SF,IH2006,2020-06-17 09:32:57.700,2860.8000,21428,-1,1068867660.000,3,1,2,多平,S,2860.8000,2860.6000,2860.4000,2860.2000,2860.0000,2861.4000,2861.8000,2862.2000,2862.6000,2862.8000,13,3,2,3,3,1,2,2,2,1
SF,IH2006,2020-06-17 09:32:58.200,2860.8000,21428,0,1068867660.000,0,-,-,-,-,2860.8000,2860.6000,2860.4000,2860.2000,2860.0000,2861.4000,2861.8000,2862.2000,2862.6000,2862.8000,10,3,2,3,3,1,2,2,2,1
SF,IH2006,2020-06-17 09:32:58.700,2861.4000,21428,0,1069726080.000,1,0,1,多换,S,2860.8000,2860.6000,2860.4000,2860.2000,2860.0000,2861.8000,2862.2000,2862.6000,2862.8000,2863.8000,11,3,2,3,3,2,2,2,1,1
SF,IH2006,2020-06-17 09:32:59.200,2861.4000,21428,0,1070584500.000,1,0,1,多换,S,2860.8000,2860.6000,2860.4000,2860.2000,2860.0000,2861.2000,2861.6000,2861.8000,2862.0000,2862.2000,11,3,2,3,3,1,6,3,1,2
SF,IH2006,2020-06-17 09:32:59.700,2861.4000,21428,0,1070584500.000,0,-,-,-,-,2860.8000,2860.6000,2860.4000,2860.2000,2860.0000,2861.6000,2861.8000,2862.0000,2862.2000,2862.6000,11,3,2,3,3,2,4,1,2,2
SF,IH2006,2020-06-17 09:33:00.200,2861.4000,21428,0,1070584500.000,0,-,-,-,-,2860.8000,2860.6000,2860.4000,2860.2000,2860.0000,2861.0000,2861.4000,2861.6000,2861.8000,2862.0000,11,3,2,3,3,8,2,3,3,1
SF,IH2006,2020-06-17 09:33:00.700,2860.8000,21418,-10,1079166900.000,10,0,10,双平,S,2860.6000,2860.4000,2860.2000,2860.0000,2859.8000,2861.0000,2861.2000,2861.4000,2861.6000,2861.8000,3,2,3,3,3,1,2,2,3,2
SF,IH2006,2020-06-17 09:33:01.200,2860.8000,21418,0,1079166900.000,0,-,-,-,-,2860.6000,2860.4000,2860.2000,2860.0000,2859.8000,2860.8000,2861.0000,2861.2000,2861.4000,2861.6000,2,2,3,3,3,1,4,2,1,2
SF,IH2006,2020-06-17 09:33:01.700,2860.6000,21415,-3,1081741440.000,3,0,3,双平,S,2860.4000,2860.2000,2860.0000,2859.8000,2859.6000,2860.8000,2861.0000,2861.2000,2861.8000,2862.0000,2,3,3,3,1,2,5,2,2,1
SF,IH2006,2020-06-17 09:33:02.200,2860.6000,21415,0,1081741440.000,0,-,-,-,-,2860.4000,2860.2000,2860.0000,2859.8000,2859.6000,2860.6000,2860.8000,2861.0000,2861.2000,2861.8000,2,3,3,3,1,1,2,5,2,2
SF,IH2006,2020-06-17 09:33:02.700,2860.8000,21414,-1,1084316100.000,3,1,2,多平,S,2860.4000,2860.2000,2860.0000,2859.8000,2859.6000,2861.0000,2861.2000,2861.8000,2862.0000,2862.2000,3,3,3,3,1,5,2,2,1,2
SF,IH2006,2020-06-17 09:33:03.200,2860.4000,21410,-4,1089464820.000,6,1,5,多平,S,2860.2000,2860.0000,2859.8000,2859.6000,2859.4000,2860.4000,2861.0000,2861.2000,2861.8000,2862.0000,3,3,3,1,6,2,3,2,2,1
SF,IH2006,2020-06-17 09:33:03.700,2860.4000,21410,0,1089464820.000,0,-,-,-,-,2860.2000,2860.0000,2859.8000,2859.6000,2859.4000,2861.0000,2861.2000,2861.8000,2862.0000,2862.2000,4,3,3,1,6,5,2,2,1,2
SF,IH2006,2020-06-17 09:33:04.200,2860.2000,21409,-1,1092897060.000,4,1,3,多平,S,2860.4000,2860.0000,2859.8000,2859.6000,2859.4000,2860.6000,2860.8000,2861.0000,2861.2000,2861.4000,2,3,3,1,5,2,4,7,2,1
SF,IH2006,2020-06-17 09:33:04.700,2860.4000,21408,-1,1094613300.000,2,0,2,多平,S,2860.0000,2859.8000,2859.6000,2859.4000,2859.2000,2860.2000,2860.4000,2860.6000,2860.8000,2861.0000,3,3,1,5,3,2,5,3,3,5
SF,IH2006,2020-06-17 09:33:05.200,2860.2000,21407,-1,1097187360.000,3,1,2,多平,S,2860.0000,2859.8000,2859.6000,2859.4000,2859.2000,2860.4000,2860.6000,2860.8000,2861.0000,2861.2000,1,3,1,6,3,6,2,3,4,1
SF,IH2006,2020-06-17 09:33:05.700,2860.0000,21406,-1,1098045360.000,1,0,1,双平,S,2859.8000,2859.6000,2859.4000,2859.2000,2859.0000,2860.0000,2860.4000,2860.6000,2860.8000,2861.0000,3,1,6,3,1,2,7,2,2,4
SF,IH2006,2020-06-17 09:33:06.200,2860.0000,21405,-1,1098903360.000,1,0,1,双平,S,2860.0000,2859.8000,2859.6000,2859.4000,2859.2000,2860.4000,2860.6000,2860.8000,2861.0000,2861.2000,1,3,1,6,3,7,2,2,4,1
SF,IH2006,2020-06-17 09:33:06.700,2859.8000,21402,-3,1103193120.000,5,1,4,多平,S,2859.6000,2859.4000,2859.2000,2859.0000,2858.8000,2859.8000,2860.0000,2860.2000,2860.4000,2860.8000,1,6,3,1,1,3,10,3,9,2
SF,IH2006,2020-06-17 09:33:07.200,2859.8000,21400,-2,1105766880.000,3,0,3,多平,S,2859.4000,2859.2000,2859.0000,2858.8000,2858.6000,2859.8000,2860.0000,2860.4000,2860.8000,2861.0000,6,3,1,1,1,1,10,8,2,1
SF,IH2006,2020-06-17 09:33:07.700,2859.4000,21399,-1,1106624700.000,1,0,1,双平,S,2859.4000,2859.2000,2859.0000,2858.8000,2858.6000,2859.8000,2860.0000,2860.4000,2860.8000,2861.0000,5,3,1,1,1,3,11,6,2,1
SF,IH2006,2020-06-17 09:33:08.200,2859.8000,21398,-1,1107482640.000,1,0,1,双平,S,2859.4000,2859.2000,2859.0000,2858.8000,2858.6000,2859.8000,2860.0000,2860.4000,2860.8000,2861.0000,5,3,1,1,1,3,11,6,2,1
SF,IH2006,2020-06-17 09:33:08.700,2859.4000,21398,0,1112629680.000,6,3,3,多换,S,2859.2000,2859.0000,2858.8000,2858.6000,2858.4000,2859.4000,2859.8000,2860.0000,2860.4000,2860.8000,3,1,1,1,1,15,2,10,6,2
SF,IH2006,2020-06-17 09:33:09.200,2859.2000,21397,-1,1115203020.000,3,1,2,多平,S,2859.2000,2859.0000,2858.8000,2858.6000,2858.4000,2859.4000,2859.8000,2860.0000,2860.4000,2860.8000,1,1,1,1,1,14,2,10,3,2
SF,IH2006,2020-06-17 09:33:09.700,2859.2000,21393,-4,1118634060.000,4,0,4,双平,S,2859.0000,2858.8000,2858.6000,2858.4000,2858.2000,2859.2000,2859.4000,2859.6000,2859.8000,2860.0000,1,1,1,1,3,5,15,1,1,10
SF,IH2006,2020-06-17 09:33:10.200,2859.2000,21388,-5,1122922860.000,5,0,5,双平,S,2859.0000,2858.8000,2858.6000,2858.4000,2858.2000,2859.2000,2859.4000,2859.6000,2859.8000,2860.0000,2,1,1,1,3,1,15,1,1,10
SF,IH2006,2020-06-17 09:33:10.700,2859.2000,21388,0,1124638320.000,2,1,1,多换,S,2859.0000,2858.8000,2858.6000,2858.4000,2858.2000,2859.4000,2859.6000,2859.8000,2860.0000,2860.4000,1,1,1,1,2,15,1,1,10,1
SF,IH2006,2020-06-17 09:33:11.200,2859.4000,21389,1,1129785240.000,6,3,3,空开,S,2859.2000,2859.0000,2858.8000,2858.6000,2858.4000,2859.4000,2859.6000,2859.8000,2860.0000,2860.4000,4,1,1,2,1,8,1,1,10,1
SF,IH2006,2020-06-17 09:33:11.700,2859.8000,21389,0,1138363620.000,10,5,5,多换,S,2859.8000,2859.6000,2859.4000,2859.2000,2859.0000,2860.0000,2860.4000,2860.6000,2861.4000,2861.8000,1,8,9,4,1,10,1,1,1,1
SF,IH2006,2020-06-17 09:33:12.200,2860.0000,21376,-13,1150375560.000,14,0,14,多平,S,2859.4000,2859.2000,2859.0000,2858.8000,2858.6000,2860.4000,2860.6000,2861.4000,2861.8000,2862.6000,6,4,1,1,2,1,1,1,1,3
SF,IH2006,2020-06-17 09:33:12.700,2860.4000,21375,-1,1152091680.000,2,0,2,多平,S,2859.8000,2859.6000,2859.4000,2859.2000,2859.0000,2860.4000,2860.6000,2861.4000,2861.8000,2862.6000,1,7,6,4,1,3,2,1,1,3
SF,IH2006,2020-06-17 09:33:13.200,2860.4000,21374,-1,1152949800.000,1,0,1,双平,S,2860.2000,2860.0000,2859.8000,2859.6000,2859.4000,2860.4000,2860.6000,2861.4000,2861.8000,2862.6000,1,1,1,4,6,2,2,1,1,3
SF,IH2006,2020-06-17 09:33:13.700,2860.2000,21367,-7,1158956220.000,7,0,7,双平,S,2860.0000,2859.8000,2859.6000,2859.4000,2859.2000,2860.2000,2860.4000,2860.6000,2861.4000,2861.8000,1,1,3,6,4,2,2,2,1,1
SF,IH2006,2020-06-17 09:33:14.200,2860.4000,21364,-3,1161530460.000,3,0,3,双平,S,2860.0000,2859.8000,2859.6000,2859.4000,2859.2000,2860.4000,2860.6000,2861.4000,2861.8000,2862.6000,1,1,3,7,5,1,2,1,1,3
SF,IH2006,2020-06-17 09:33:14.700,2860.2000,21362,-2,1164104640.000,3,0,3,多平,S,2859.8000,2859.6000,2859.4000,2859.2000,2859.0000,2860.6000,2861.4000,2861.8000,2862.6000,2862.8000,1,3,7,4,1,2,1,1,3,2
SF,IH2006,2020-06-17 09:33:15.200,2860.2000,21362,0,1164104640.000,0,-,-,-,-,2859.8000,2859.6000,2859.4000,2859.2000,2859.0000,2860.6000,2861.4000,2861.8000,2862.6000,2862.8000,4,3,7,4,1,2,1,1,3,2
SF,IH2006,2020-06-17 09:33:15.700,2860.2000,21362,0,1164104640.000,0,-,-,-,-,2859.8000,2859.6000,2859.4000,2859.2000,2859.0000,2860.4000,2860.6000,2861.4000,2861.8000,2862.6000,4,3,7,4,1,2,2,1,1,3
SF,IH2006,2020-06-17 09:33:16.200,2860.2000,21362,0,1164104640.000,0,-,-,-,-,2860.0000,2859.8000,2859.6000,2859.4000,2859.2000,2860.4000,2860.6000,2861.4000,2861.8000,2862.6000,1,2,3,7,4,7,2,1,1,3
SF,IH2006,2020-06-17 09:33:16.700,2860.2000,21362,0,1164104640.000,0,-,-,-,-,2859.8000,2859.6000,2859.4000,2859.2000,2859.0000,2860.4000,2860.6000,2861.4000,2861.8000,2862.6000,2,3,7,4,1,7,2,1,1,3
SF,IH2006,2020-06-17 09:33:17.200,2859.8000,21361,-1,1164962580.000,1,0,1,双平,S,2859.8000,2859.6000,2859.4000,2859.2000,2859.0000,2860.4000,2860.6000,2861.4000,2861.8000,2862.6000,2,3,7,4,1,7,2,1,1,3
SF,IH2006,2020-06-17 09:33:17.700,2859.8000,21361,0,1164962580.000,0,-,-,-,-,2860.2000,2859.8000,2859.6000,2859.4000,2859.2000,2860.4000,2860.6000,2861.4000,2861.8000,2862.6000,2,2,3,7,4,7,2,1,1,3
SF,IH2006,2020-06-17 09:33:18.200,2860.2000,21359,-2,1166678700.000,2,0,2,双平,S,2859.8000,2859.6000,2859.4000,2859.2000,2859.0000,2860.2000,2860.4000,2860.6000,2861.4000,2861.8000,2,3,7,4,1,1,6,2,1,1
SF,IH2006,2020-06-17 09:33:18.700,2860.2000,21357,-2,1168394820.000,2,0,2,双平,S,2859.8000,2859.6000,2859.4000,2859.2000,2859.0000,2860.4000,2860.6000,2861.4000,2861.8000,2862.6000,2,3,7,4,1,6,2,1,1,3
SF,IH2006,2020-06-17 09:33:19.200,2860.0000,21357,0,1169252820.000,1,0,1,多换,S,2859.8000,2859.6000,2859.4000,2859.2000,2859.0000,2860.2000,2860.4000,2860.6000,2861.4000,2861.8000,2,3,7,4,1,1,6,2,1,1
SF,IH2006,2020-06-17 09:33:19.700,2860.0000,21357,0,1169252820.000,0,-,-,-,-,2859.8000,2859.6000,2859.4000,2859.2000,2859.0000,2860.2000,2860.4000,2860.6000,2861.4000,2861.8000,2,3,7,4,1,1,7,2,1,1
SF,IH2006,2020-06-17 09:33:20.700,2860.0000,21357,0,1169252820.000,0,-,-,-,-,2860.0000,2859.8000,2859.6000,2859.4000,2859.2000,2860.2000,2860.4000,2860.6000,2861.4000,2861.8000,1,2,3,7,4,1,7,2,1,1
SF,IH2006,2020-06-17 09:33:21.200,2860.2000,21356,-1,1170110880.000,1,0,1,双平,S,2860.2000,2860.0000,2859.8000,2859.6000,2859.4000,2860.4000,2860.6000,2861.4000,2861.8000,2862.6000,1,1,2,3,7,7,2,1,1,3
SF,IH2006,2020-06-17 09:33:21.700,2859.8000,21352,-4,1179549660.000,11,3,8,多平,S,2859.6000,2859.4000,2859.2000,2859.0000,2858.8000,2859.8000,2860.2000,2860.6000,2860.8000,2861.4000,3,7,4,1,2,1,1,2,1,1
SF,IH2006,2020-06-17 09:33:22.200,2860.2000,21351,-1,1181265660.000,2,0,2,多平,S,2860.2000,2860.0000,2859.8000,2859.6000,2859.4000,2860.6000,2860.8000,2861.4000,2861.8000,2862.6000,1,4,13,1,6,2,1,1,1,3
SF,IH2006,2020-06-17 09:33:22.700,2860.2000,21348,-3,1183839840.000,3,0,3,双平,S,2859.8000,2859.6000,2859.4000,2859.2000,2859.0000,2860.6000,2860.8000,2861.4000,2861.8000,2862.6000,11,1,6,4,1,5,2,1,1,3
SF,IH2006,2020-06-17 09:33:23.200,2860.2000,21348,0,1183839840.000,0,-,-,-,-,2860.0000,2859.8000,2859.6000,2859.4000,2859.2000,2860.4000,2860.6000,2860.8000,2861.4000,2861.8000,1,5,2,6,4,1,6,2,1,1
SF,IH2006,2020-06-17 09:33:23.700,2859.8000,21346,-2,1186413720.000,3,0,3,多平,S,2859.8000,2859.6000,2859.4000,2859.2000,2859.0000,2860.4000,2860.6000,2860.8000,2861.4000,2861.8000,3,2,6,4,1,1,6,2,1,2
SF,IH2006,2020-06-17 09:33:24.200,2859.8000,21345,-1,1187271660.000,1,0,1,双平,S,2860.2000,2859.8000,2859.6000,2859.4000,2859.2000,2860.4000,2860.6000,2860.8000,2861.4000,2861.8000,2,3,2,7,4,2,3,2,1,2
SF,IH2006,2020-06-17 09:33:24.700,2860.2000,21343,-2,1188987780.000,2,0,2,双平,S,2859.8000,2859.6000,2859.4000,2859.2000,2859.0000,2860.2000,2860.4000,2860.6000,2860.8000,2861.4000,2,2,7,4,1,1,2,3,2,1
SF,IH2006,2020-06-17 09:33:25.200,2860.2000,21344,1,1189845840.000,1,1,0,双开,S,2860.2000,2859.8000,2859.6000,2859.4000,2859.2000,2860.4000,2860.6000,2860.8000,2861.4000,2861.8000,3,1,1,7,3,2,3,2,1,2
SF,IH2006,2020-06-17 09:33:25.700,2859.4000,21338,-6,1195851480.000,7,0,7,多平,S,2859.4000,2859.2000,2859.0000,2858.8000,2858.6000,2860.4000,2860.6000,2860.8000,2861.4000,2861.8000,5,3,2,2,1,2,4,2,1,2
SF,IH2006,2020-06-17 09:33:26.200,2859.4000,21338,0,1195851480.000,0,-,-,-,-,2859.6000,2859.4000,2859.2000,2859.0000,2858.8000,2860.2000,2860.4000,2860.6000,2860.8000,2861.4000,1,5,3,3,2,2,2,4,2,1
SF,IH2006,2020-06-17 09:33:26.700,2860.0000,21338,0,1196709480.000,1,0,1,多换,S,2859.6000,2859.4000,2859.2000,2859.0000,2858.8000,2860.2000,2860.4000,2860.6000,2860.8000,2861.4000,1,5,3,3,2,2,2,3,2,1
SF,IH2006,2020-06-17 09:33:27.200,2860.0000,21338,0,1196709480.000,0,-,-,-,-,2859.8000,2859.6000,2859.4000,2859.2000,2859.0000,2860.2000,2860.4000,2860.6000,2860.8000,2861.4000,1,1,5,3,3,2,2,3,2,1
SF,IH2006,2020-06-17 09:33:27.700,2860.2000,21337,-1,1197567540.000,1,0,1,双平,S,2859.8000,2859.6000,2859.4000,2859.2000,2859.0000,2860.2000,2860.4000,2860.6000,2860.8000,2861.4000,1,1,5,3,3,1,2,3,2,1
SF,IH2006,2020-06-17 09:33:28.200,2860.2000,21336,-1,1198425600.000,1,0,1,双平,S,2860.2000,2859.8000,2859.6000,2859.4000,2859.2000,2860.4000,2860.6000,2860.8000,2861.4000,2861.8000,1,2,1,5,3,3,3,2,1,2
SF,IH2006,2020-06-17 09:33:28.700,2860.4000,21334,-2,1200141840.000,2,0,2,双平,S,2860.4000,2859.8000,2859.6000,2859.4000,2859.2000,2860.6000,2860.8000,2861.4000,2861.8000,2862.6000,1,2,1,5,3,3,2,1,2,3
SF,IH2006,2020-06-17 09:33:29.200,2860.6000,21334,0,1201000020.000,1,0,1,多换,S,2860.4000,2859.8000,2859.6000,2859.4000,2859.2000,2860.6000,2860.8000,2861.4000,2861.8000,2862.6000,1,3,1,5,1,2,2,1,2,3
SF,IH2006,2020-06-17 09:33:29.700,2860.6000,21332,-2,1204432740.000,4,1,3,多平,S,2860.6000,2860.4000,2860.2000,2859.8000,2859.6000,2860.8000,2861.4000,2861.8000,2862.6000,2862.8000,1,1,1,3,1,2,1,2,3,2
SF,IH2006,2020-06-17 09:33:30.200,2860.6000,21328,-4,1207865460.000,4,0,4,双平,S,2860.4000,2860.2000,2859.8000,2859.6000,2859.4000,2860.6000,2860.8000,2861.4000,2861.8000,2862.6000,1,1,3,1,2,2,2,1,2,3
SF,IH2006,2020-06-17 09:33:30.700,2860.8000,21325,-3,1211298300.000,4,0,4,多平,S,2860.4000,2860.2000,2860.0000,2859.8000,2859.6000,2861.4000,2861.8000,2862.6000,2862.8000,2863.8000,1,1,1,3,1,1,2,3,2,1
SF,IH2006,2020-06-17 09:33:31.200,2860.8000,21325,0,1211298300.000,0,-,-,-,-,2860.4000,2860.2000,2860.0000,2859.8000,2859.6000,2861.2000,2861.4000,2861.8000,2862.6000,2862.8000,2,1,1,3,1,6,2,2,3,2
SF,IH2006,2020-06-17 09:33:31.700,2860.8000,21325,0,1211298300.000,0,-,-,-,-,2860.6000,2860.4000,2860.2000,2860.0000,2859.8000,2861.2000,2861.4000,2861.8000,2862.6000,2862.8000,1,3,2,1,2,5,1,2,3,2
SF,IH2006,2020-06-17 09:33:32.200,2860.8000,21325,0,1211298300.000,0,-,-,-,-,2860.8000,2860.6000,2860.4000,2860.2000,2860.0000,2861.2000,2861.4000,2861.8000,2862.6000,2862.8000,1,3,3,2,1,4,1,2,3,2
SF,IH2006,2020-06-17 09:33:32.700,2861.2000,21322,-3,1213873380.000,3,0,3,双平,S,2860.8000,2860.6000,2860.4000,2860.2000,2860.0000,2861.2000,2861.4000,2861.8000,2862.6000,2862.8000,1,3,3,2,1,1,1,2,3,2
SF,IH2006,2020-06-17 09:33:33.200,2861.2000,21321,-1,1214731740.000,1,0,1,双平,S,2861.2000,2860.8000,2860.6000,2860.4000,2860.2000,2861.4000,2861.8000,2862.6000,2862.8000,2863.8000,3,2,3,3,1,1,2,3,2,1
SF,IH2006,2020-06-17 09:33:33.700,2861.2000,21321,0,1214731740.000,0,-,-,-,-,2861.2000,2861.0000,2860.8000,2860.6000,2860.4000,2861.4000,2861.8000,2862.6000,2862.8000,2863.8000,3,1,2,3,3,1,2,3,2,1
SF,IH2006,2020-06-17 09:33:34.200,2861.2000,21321,0,1214731740.000,0,-,-,-,-,2861.2000,2861.0000,2860.8000,2860.6000,2860.4000,2861.4000,2861.8000,2862.0000,2862.6000,2862.8000,3,1,2,3,3,1,2,5,3,2
SF,IH2006,2020-06-17 09:33:34.700,2861.2000,21321,0,1214731740.000,0,-,-,-,-,2861.2000,2861.0000,2860.8000,2860.6000,2860.4000,2861.4000,2861.8000,2862.0000,2862.6000,2862.8000,3,1,2,3,3,1,2,5,3,2
SF,IH2006,2020-06-17 09:33:35.200,2861.2000,21318,-3,1217306820.000,3,0,3,双平,S,2861.0000,2860.8000,2860.6000,2860.4000,2860.2000,2861.4000,2861.8000,2862.0000,2862.6000,2862.8000,1,2,3,3,1,1,2,5,3,2
SF,IH2006,2020-06-17 09:33:36.200,2861.4000,21317,-1,1218165240.000,1,0,1,双平,S,2861.4000,2861.0000,2860.8000,2860.6000,2860.4000,2861.8000,2862.0000,2862.6000,2862.8000,2863.8000,1,1,2,3,3,2,5,3,5,1
SF,IH2006,2020-06-17 09:33:36.700,2861.6000,21316,-1,1219023720.000,1,0,1,双平,S,2861.4000,2860.8000,2860.6000,2860.4000,2860.2000,2861.8000,2862.0000,2862.6000,2862.8000,2863.8000,2,2,3,3,1,2,5,3,5,1
SF,IH2006,2020-06-17 09:33:37.200,2861.6000,21314,-2,1220740740.000,2,0,2,双平,S,2861.4000,2860.8000,2860.6000,2860.4000,2860.2000,2862.0000,2862.6000,2862.8000,2863.8000,2864.4000,2,2,3,3,1,5,3,5,1,1
SF,IH2006,2020-06-17 09:33:37.700,2861.6000,21313,-1,1221599220.000,1,0,1,双平,S,2861.4000,2860.8000,2860.6000,2860.4000,2860.2000,2862.0000,2862.6000,2862.8000,2863.8000,2864.4000,2,2,3,3,1,5,3,5,1,1
SF,IH2006,2020-06-17 09:33:38.200,2862.0000,21312,-1,1222457820.000,1,0,1,双平,S,2861.6000,2861.4000,2860.8000,2860.6000,2860.4000,2862.0000,2862.6000,2862.8000,2863.8000,2864.4000,1,2,2,3,3,4,3,5,1,1
SF,IH2006,2020-06-17 09:33:38.700,2862.0000,21312,0,1222457820.000,0,-,-,-,-,2861.6000,2861.4000,2860.8000,2860.6000,2860.4000,2862.0000,2862.6000,2862.8000,2863.8000,2864.4000,1,2,2,3,3,8,3,5,1,1
SF,IH2006,2020-06-17 09:33:39.200,2861.6000,21311,-1,1223316300.000,1,0,1,双平,S,2861.4000,2860.8000,2860.6000,2860.4000,2860.2000,2861.6000,2862.0000,2862.6000,2862.8000,2863.8000,2,2,3,3,1,5,8,3,5,1
SF,IH2006,2020-06-17 09:33:39.700,2861.4000,21311,0,1225033140.000,2,1,1,多换,S,2860.8000,2860.6000,2860.4000,2860.2000,2860.0000,2861.4000,2862.0000,2862.6000,2862.8000,2863.8000,2,3,3,1,1,3,8,3,5,1
SF,IH2006,2020-06-17 09:33:40.200,2861.4000,21311,0,1225033140.000,0,-,-,-,-,2860.8000,2860.6000,2860.4000,2860.2000,2860.0000,2861.4000,2862.0000,2862.6000,2862.8000,2863.8000,2,3,3,1,1,1,8,3,5,1
SF,IH2006,2020-06-17 09:33:40.700,2861.4000,21309,-2,1226749980.000,2,0,2,双平,S,2861.4000,2860.8000,2860.6000,2860.4000,2860.2000,2862.0000,2862.6000,2862.8000,2863.8000,2864.4000,2,1,1,3,1,8,3,5,1,1
SF,IH2006,2020-06-17 09:33:41.200,2861.4000,21307,-2,1228466820.000,2,0,2,双平,S,2860.6000,2860.4000,2860.2000,2860.0000,2859.8000,2860.8000,2861.2000,2861.4000,2861.6000,2862.0000,1,3,1,1,1,1,1,6,2,8
SF,IH2006,2020-06-17 09:33:41.700,2860.8000,21306,-1,1230183300.000,2,0,2,多平,S,2861.0000,2860.8000,2860.6000,2860.4000,2860.2000,2862.0000,2862.6000,2862.8000,2863.8000,2864.4000,1,4,1,3,1,8,3,5,1,1
SF,IH2006,2020-06-17 09:33:42.200,2861.2000,21303,-3,1232758380.000,3,0,3,双平,S,2861.0000,2860.8000,2860.6000,2860.4000,2860.2000,2861.2000,2861.8000,2862.0000,2862.6000,2862.8000,1,4,1,3,1,5,5,14,3,5
SF,IH2006,2020-06-17 09:33:42.700,2861.0000,21302,-1,1235333280.000,3,1,2,多平,S,2860.8000,2860.6000,2860.4000,2860.2000,2860.0000,2861.0000,2861.8000,2862.0000,2862.6000,2862.8000,3,1,3,1,1,2,5,14,3,5
SF,IH2006,2020-06-17 09:33:43.200,2860.8000,21299,-3,1237908000.000,3,0,3,双平,S,2860.6000,2860.4000,2860.2000,2860.0000,2859.8000,2860.8000,2861.0000,2861.2000,2861.8000,2862.0000,1,3,1,1,1,4,2,1,2,13
SF,IH2006,2020-06-17 09:33:43.700,2860.6000,21295,-4,1242198780.000,5,0,5,多平,S,2860.2000,2860.0000,2859.8000,2859.4000,2859.2000,2860.6000,2861.0000,2861.2000,2861.8000,2862.0000,1,1,1,2,1,2,3,1,1,13
SF,IH2006,2020-06-17 09:33:44.200,2860.6000,21295,0,1242198780.000,0,-,-,-,-,2860.2000,2860.0000,2859.8000,2859.4000,2859.2000,2860.6000,2861.0000,2861.2000,2861.8000,2862.0000,1,1,1,2,1,1,3,1,1,13
SF,IH2006,2020-06-17 09:33:45.200,2860.6000,21294,-1,1243915020.000,2,0,2,多平,S,2860.2000,2860.0000,2859.8000,2859.4000,2859.2000,2861.0000,2861.2000,2861.8000,2862.0000,2862.6000,1,1,1,2,1,3,1,1,13,3
SF,IH2006,2020-06-17 09:33:45.700,2860.6000,21294,0,1243915020.000,0,-,-,-,-,2860.2000,2860.0000,2859.8000,2859.4000,2859.2000,2860.8000,2861.0000,2861.2000,2861.8000,2862.0000,1,1,1,2,1,1,3,1,1,8
SF,IH2006,2020-06-17 09:33:46.200,2860.6000,21294,0,1243915020.000,0,-,-,-,-,2860.4000,2860.2000,2860.0000,2859.8000,2859.4000,2860.8000,2861.0000,2861.2000,2861.8000,2862.0000,1,2,1,1,2,1,3,1,1,8
SF,IH2006,2020-06-17 09:33:46.700,2861.0000,21291,-3,1246489860.000,3,0,3,双平,S,2860.2000,2860.0000,2859.8000,2859.4000,2859.2000,2861.0000,2861.2000,2861.8000,2862.0000,2862.6000,2,1,1,2,1,1,1,1,8,3
SF,IH2006,2020-06-17 09:33:47.200,2860.8000,21290,-1,1247348100.000,1,0,1,双平,S,2860.8000,2860.4000,2860.2000,2860.0000,2859.8000,2861.0000,2861.2000,2861.8000,2862.0000,2862.6000,2,6,2,1,1,1,1,1,8,3
SF,IH2006,2020-06-17 09:33:47.700,2860.8000,21289,-1,1249064640.000,2,0,2,多平,S,2860.8000,2860.4000,2860.2000,2860.0000,2859.8000,2861.8000,2862.0000,2862.6000,2862.8000,2863.8000,1,6,2,1,1,1,8,3,6,1
SF,IH2006,2020-06-17 09:33:48.200,2860.8000,21288,-1,1249922880.000,1,0,1,双平,S,2861.0000,2860.4000,2860.2000,2860.0000,2859.8000,2861.6000,2861.8000,2862.0000,2862.6000,2862.8000,2,4,2,1,1,3,2,8,3,6
SF,IH2006,2020-06-17 09:33:48.700,2860.8000,21288,0,1249922880.000,0,-,-,-,-,2861.0000,2860.4000,2860.2000,2860.0000,2859.8000,2861.6000,2861.8000,2862.0000,2862.2000,2862.6000,1,4,2,1,1,2,2,8,1,3
SF,IH2006,2020-06-17 09:33:49.200,2860.8000,21288,0,1250781120.000,1,0,1,多换,S,2860.4000,2860.2000,2860.0000,2859.8000,2859.4000,2861.0000,2861.6000,2861.8000,2862.0000,2862.2000,4,2,1,1,2,4,2,1,7,1
SF,IH2006,2020-06-17 09:33:49.700,2860.8000,21288,0,1250781120.000,0,-,-,-,-,2860.6000,2860.4000,2860.2000,2860.0000,2859.8000,2860.8000,2861.0000,2861.6000,2862.0000,2862.2000,1,4,2,1,1,1,4,2,7,1
SF,IH2006,2020-06-17 09:33:50.700,2860.8000,21288,0,1250781120.000,0,-,-,-,-,2860.6000,2860.4000,2860.2000,2860.0000,2859.8000,2861.0000,2861.6000,2862.0000,2862.2000,2862.6000,1,3,2,1,1,4,2,7,1,3
SF,IH2006,2020-06-17 09:33:51.200,2860.6000,21283,-5,1255072200.000,5,0,5,双平,S,2860.4000,2860.2000,2860.0000,2859.8000,2859.4000,2860.6000,2860.8000,2861.0000,2861.6000,2862.0000,3,2,1,1,2,2,1,3,2,7
SF,IH2006,2020-06-17 09:33:51.700,2860.6000,21281,-2,1256788560.000,2,0,2,双平,S,2860.6000,2860.4000,2860.2000,2860.0000,2859.8000,2860.8000,2861.0000,2861.6000,2862.0000,2862.2000,3,2,2,1,1,1,3,2,7,1
SF,IH2006,2020-06-17 09:33:52.200,2861.0000,21280,-1,1259363400.000,3,1,2,多平,S,2860.6000,2860.4000,2860.2000,2860.0000,2859.8000,2861.0000,2861.6000,2862.0000,2862.2000,2862.6000,1,3,2,1,1,1,2,7,1,3
SF,IH2006,2020-06-17 09:33:52.700,2860.6000,21278,-2,1261079760.000,2,0,2,双平,S,2860.6000,2860.4000,2860.2000,2860.0000,2859.8000,2861.0000,2861.6000,2862.0000,2862.2000,2862.6000,1,3,2,1,1,1,2,7,1,3
SF,IH2006,2020-06-17 09:33:53.200,2860.6000,21276,-2,1262796120.000,2,0,2,双平,S,2860.4000,2860.2000,2860.0000,2859.8000,2859.4000,2861.0000,2861.6000,2862.0000,2862.2000,2862.6000,3,2,1,1,2,1,2,7,1,3
SF,IH2006,2020-06-17 09:33:53.700,2860.6000,21276,0,1262796120.000,0,-,-,-,-,2860.4000,2860.2000,2860.0000,2859.8000,2859.4000,2861.0000,2861.6000,2862.0000,2862.2000,2862.6000,4,2,1,1,2,1,2,7,1,3
SF,IH2006,2020-06-17 09:33:54.200,2860.6000,21276,0,1262796120.000,0,-,-,-,-,2860.4000,2860.2000,2860.0000,2859.8000,2859.4000,2860.8000,2861.0000,2861.6000,2862.0000,2862.2000,4,2,1,1,2,1,1,1,7,1
SF,IH2006,2020-06-17 09:33:54.700,2860.8000,21275,-1,1263654360.000,1,0,1,双平,S,2860.4000,2860.2000,2860.0000,2859.8000,2859.4000,2861.0000,2861.6000,2862.0000,2862.2000,2862.6000,2,2,1,1,2,1,1,7,1,3
SF,IH2006,2020-06-17 09:33:55.200,2861.0000,21273,-2,1266229260.000,3,0,3,多平,S,2861.2000,2861.0000,2860.4000,2860.2000,2860.0000,2861.6000,2862.0000,2862.2000,2862.6000,2862.8000,1,2,2,2,1,1,7,1,3,5
SF,IH2006,2020-06-17 09:33:55.700,2861.2000,21272,-1,1269662580.000,4,1,3,多平,S,2860.4000,2860.2000,2860.0000,2859.8000,2859.4000,2861.2000,2861.4000,2861.6000,2861.8000,2862.0000,3,2,1,1,2,4,2,2,2,7
SF,IH2006,2020-06-17 09:33:56.200,2861.2000,21271,-1,1270520940.000,1,0,1,双平,S,2860.6000,2860.4000,2860.2000,2860.0000,2859.8000,2861.2000,2861.4000,2861.6000,2861.8000,2862.0000,5,3,2,1,1,3,2,2,1,7
SF,IH2006,2020-06-17 09:33:56.700,2861.4000,21267,-4,1277387520.000,8,2,6,多平,S,2861.0000,2860.8000,2860.6000,2860.4000,2860.2000,2861.6000,2861.8000,2862.0000,2862.2000,2862.6000,1,2,5,3,2,3,1,7,1,3
SF,IH2006,2020-06-17 09:33:57.200,2861.0000,21266,-1,1278245820.000,1,0,1,双平,S,2861.0000,2860.8000,2860.6000,2860.4000,2860.2000,2861.2000,2861.4000,2861.6000,2861.8000,2862.0000,1,3,5,3,1,2,1,3,1,7
SF,IH2006,2020-06-17 09:33:57.700,2861.2000,21264,-2,1281679260.000,4,1,3,多平,S,2861.4000,2861.2000,2861.0000,2860.8000,2860.6000,2861.6000,2862.0000,2862.2000,2862.6000,2862.8000,7,17,1,3,3,2,7,1,3,5
SF,IH2006,2020-06-17 09:33:58.200,2861.6000,21262,-2,1283396220.000,2,0,2,双平,S,2861.2000,2861.0000,2860.8000,2860.6000,2860.4000,2862.0000,2862.2000,2862.6000,2862.8000,2863.8000,10,1,3,3,3,8,1,3,5,1
SF,IH2006,2020-06-17 09:33:58.700,2861.8000,21258,-4,1286830080.000,4,0,4,双平,S,2861.2000,2861.0000,2860.8000,2860.6000,2860.4000,2861.8000,2862.0000,2862.2000,2862.6000,2862.8000,7,1,3,3,3,1,8,1,3,5
SF,IH2006,2020-06-17 09:33:59.200,2861.8000,21255,-3,1289405700.000,3,0,3,双平,S,2861.2000,2861.0000,2860.8000,2860.6000,2860.4000,2861.8000,2862.0000,2862.2000,2862.6000,2862.8000,3,1,3,3,3,1,8,1,3,5
SF,IH2006,2020-06-17 09:34:00.700,2861.8000,21255,0,1289405700.000,0,-,-,-,-,2861.4000,2861.0000,2860.8000,2860.6000,2860.4000,2861.8000,2862.0000,2862.2000,2862.6000,2862.8000,1,1,3,3,3,1,8,1,3,5
SF,IH2006,2020-06-17 09:34:01.200,2861.6000,21254,-1,1291981020.000,3,1,2,多平,S,2861.0000,2860.8000,2860.6000,2860.4000,2860.0000,2861.8000,2862.0000,2862.2000,2862.6000,2862.8000,1,3,3,3,1,1,8,1,3,5
SF,IH2006,2020-06-17 09:34:01.700,2861.6000,21254,0,1291981020.000,0,-,-,-,-,2861.2000,2861.0000,2860.8000,2860.6000,2860.4000,2861.4000,2861.8000,2862.0000,2862.2000,2862.6000,1,1,2,3,3,1,1,8,1,3
SF,IH2006,2020-06-17 09:34:02.700,2861.4000,21253,-1,1292839440.000,1,0,1,双平,S,2861.2000,2861.0000,2860.8000,2860.6000,2860.4000,2861.8000,2862.0000,2862.2000,2862.6000,2862.8000,1,1,2,3,3,1,8,1,3,5
SF,IH2006,2020-06-17 09:34:03.200,2861.2000,21253,0,1293697800.000,1,0,1,多换,S,2861.0000,2860.8000,2860.6000,2860.4000,2860.0000,2861.2000,2861.8000,2862.0000,2862.2000,2862.6000,1,2,3,3,1,1,1,8,1,3
SF,IH2006,2020-06-17 09:34:03.700,2861.2000,21252,-1,1295414520.000,2,0,2,多平,S,2861.0000,2860.8000,2860.6000,2860.4000,2860.0000,2861.8000,2862.0000,2862.2000,2862.6000,2862.8000,1,2,3,3,1,1,8,1,2,5
SF,IH2006,2020-06-17 09:34:04.200,2861.2000,21252,0,1295414520.000,0,-,-,-,-,2861.0000,2860.8000,2860.6000,2860.4000,2860.0000,2861.8000,2862.0000,2862.2000,2862.6000,2862.8000,1,2,3,3,1,1,8,1,2,5
SF,IH2006,2020-06-17 09:34:04.700,2861.8000,21249,-3,1297990080.000,3,0,3,双平,S,2861.8000,2861.0000,2860.8000,2860.6000,2860.4000,2862.0000,2862.2000,2862.6000,2862.8000,2863.8000,7,1,2,3,3,8,1,2,5,1
SF,IH2006,2020-06-17 09:34:05.200,2861.8000,21246,-3,1307434020.000,11,4,7,多平,S,2861.0000,2860.8000,2860.6000,2860.4000,2860.0000,2861.8000,2862.0000,2862.2000,2862.6000,2862.8000,1,2,2,3,1,15,10,2,2,5
SF,IH2006,2020-06-17 09:34:05.700,2861.6000,21243,-3,1310867940.000,4,0,4,多平,S,2861.2000,2861.0000,2860.8000,2860.6000,2860.4000,2861.6000,2861.8000,2862.0000,2862.2000,2862.6000,1,2,3,2,3,1,9,11,2,2
SF,IH2006,2020-06-17 09:34:06.200,2861.6000,21243,0,1310867940.000,0,-,-,-,-,2861.0000,2860.8000,2860.6000,2860.4000,2860.0000,2861.2000,2861.6000,2861.8000,2862.0000,2862.2000,2,4,2,3,1,2,3,5,11,2
SF,IH2006,2020-06-17 09:34:06.700,2861.2000,21238,-5,1316018100.000,6,0,6,多平,S,2861.4000,2861.2000,2861.0000,2860.8000,2860.6000,2861.6000,2861.8000,2862.0000,2862.2000,2862.6000,2,10,2,4,2,2,5,11,2,2
SF,IH2006,2020-06-17 09:34:07.200,2861.6000,21236,-2,1318593420.000,3,0,3,多平,S,2861.0000,2860.8000,2860.6000,2860.4000,2860.0000,2861.2000,2861.8000,2862.0000,2862.2000,2862.6000,2,4,2,2,1,1,5,11,2,2
SF,IH2006,2020-06-17 09:34:07.700,2861.2000,21234,-2,1320310140.000,2,0,2,双平,S,2861.0000,2860.8000,2860.6000,2860.4000,2860.0000,2861.8000,2862.0000,2862.2000,2862.6000,2862.8000,2,4,2,2,1,5,11,2,2,5
SF,IH2006,2020-06-17 09:34:08.200,2861.6000,21234,0,1321168620.000,1,0,1,多换,S,2861.4000,2861.0000,2860.8000,2860.6000,2860.4000,2861.8000,2862.0000,2862.2000,2862.6000,2862.8000,1,2,3,2,2,5,10,2,2,5
SF,IH2006,2020-06-17 09:34:08.700,2861.0000,21232,-2,1322885340.000,2,0,2,双平,S,2861.0000,2860.8000,2860.6000,2860.4000,2860.0000,2861.4000,2861.8000,2862.0000,2862.2000,2862.6000,1,3,2,2,1,1,5,10,2,2
SF,IH2006,2020-06-17 09:34:09.200,2860.8000,21230,-2,1324601880.000,2,0,2,双平,S,2860.8000,2860.6000,2860.4000,2860.0000,2859.4000,2861.4000,2861.6000,2861.8000,2862.0000,2862.2000,2,2,2,1,2,2,1,5,10,2
SF,IH2006,2020-06-17 09:34:09.700,2860.8000,21229,-1,1326318360.000,2,0,2,多平,S,2860.6000,2860.4000,2860.0000,2859.4000,2859.2000,2861.2000,2861.4000,2861.6000,2861.8000,2862.0000,2,2,2,2,1,1,2,1,5,10
SF,IH2006,2020-06-17 09:34:10.200,2860.8000,21229,0,1326318360.000,0,-,-,-,-,2860.6000,2860.4000,2860.2000,2860.0000,2859.4000,2861.2000,2861.4000,2861.6000,2861.8000,2862.0000,1,2,1,1,2,1,2,1,5,10
SF,IH2006,2020-06-17 09:34:10.700,2860.4000,21227,-2,1328034660.000,2,0,2,双平,S,2860.4000,2860.2000,2860.0000,2859.4000,2859.2000,2861.2000,2861.4000,2861.6000,2861.8000,2862.0000,1,1,1,2,1,2,2,1,5,10
SF,IH2006,2020-06-17 09:34:11.200,2860.4000,21227,0,1328034660.000,0,-,-,-,-,2860.2000,2860.0000,2859.4000,2859.2000,2859.0000,2861.0000,2861.2000,2861.4000,2861.6000,2861.8000,1,1,3,1,2,1,6,2,1,4
SF,IH2006,2020-06-17 09:34:11.700,2860.4000,21227,0,1328034660.000,0,-,-,-,-,2860.2000,2859.4000,2859.2000,2859.0000,2858.8000,2860.8000,2861.2000,2861.4000,2861.6000,2861.8000,1,2,1,2,1,2,5,2,1,4
SF,IH2006,2020-06-17 09:34:12.200,2860.4000,21227,0,1328034660.000,0,-,-,-,-,2860.2000,2859.4000,2859.2000,2859.0000,2858.8000,2860.8000,2861.0000,2861.2000,2861.4000,2861.6000,1,2,1,2,1,2,2,3,2,1
SF,IH2006,2020-06-17 09:34:12.700,2860.2000,21226,-1,1328892720.000,1,0,1,双平,S,2859.8000,2859.4000,2859.2000,2859.0000,2858.8000,2860.4000,2860.6000,2860.8000,2861.0000,2861.2000,1,2,1,2,1,1,1,1,1,1
SF,IH2006,2020-06-17 09:34:13.200,2860.2000,21226,0,1328892720.000,0,-,-,-,-,2860.0000,2859.8000,2859.4000,2859.2000,2859.0000,2860.2000,2860.4000,2860.6000,2860.8000,2861.2000,2,2,2,1,2,1,1,1,1,1
SF,IH2006,2020-06-17 09:34:13.700,2860.2000,21226,0,1330608840.000,2,1,1,多换,S,2860.0000,2859.8000,2859.4000,2859.2000,2859.0000,2860.4000,2860.6000,2860.8000,2861.2000,2861.4000,2,2,2,1,2,1,1,1,1,2
SF,IH2006,2020-06-17 09:34:14.200,2860.0000,21225,-1,1332324840.000,2,0,2,多平,S,2860.0000,2859.8000,2859.4000,2859.2000,2859.0000,2860.4000,2860.6000,2860.8000,2861.2000,2861.4000,1,2,2,1,2,1,1,1,1,2
SF,IH2006,2020-06-17 09:34:14.700,2860.2000,21225,0,1333182900.000,1,0,1,多换,S,2860.0000,2859.8000,2859.4000,2859.2000,2859.0000,2860.4000,2860.6000,2860.8000,2861.2000,2861.4000,1,2,2,1,2,1,1,1,1,2
SF,IH2006,2020-06-17 09:34:15.200,2860.0000,21224,-1,1334898960.000,2,0,2,多平,S,2859.8000,2859.4000,2859.2000,2859.0000,2858.8000,2860.4000,2860.6000,2860.8000,2861.2000,2861.4000,1,2,1,2,2,1,1,1,1,2
SF,IH2006,2020-06-17 09:34:15.700,2860.6000,21222,-2,1336615260.000,2,0,2,双平,S,2860.0000,2859.8000,2859.4000,2859.2000,2859.0000,2860.8000,2861.2000,2861.4000,2861.8000,2862.0000,1,1,2,1,2,1,1,2,3,10
SF,IH2006,2020-06-17 09:34:16.200,2860.2000,21221,-1,1337473320.000,1,0,1,双平,S,2860.0000,2859.8000,2859.4000,2859.2000,2859.0000,2860.4000,2860.6000,2860.8000,2861.0000,2861.2000,3,1,2,1,2,1,2,1,1,1
SF,IH2006,2020-06-17 09:34:17.200,2860.4000,21220,-1,1338331440.000,1,0,1,双平,S,2860.0000,2859.8000,2859.4000,2859.2000,2859.0000,2860.6000,2860.8000,2861.0000,2861.2000,2861.4000,3,1,2,1,2,2,1,1,1,2
SF,IH2006,2020-06-17 09:34:17.700,2860.0000,21219,-1,1340047560.000,2,0,2,多平,S,2860.4000,2860.0000,2859.8000,2859.4000,2859.2000,2860.6000,2860.8000,2861.2000,2861.4000,2861.8000,1,2,1,2,1,2,1,1,2,3
SF,IH2006,2020-06-17 09:34:18.200,2860.0000,21217,-2,1341763680.000,2,0,2,双平,S,2860.0000,2859.8000,2859.4000,2859.2000,2859.0000,2860.4000,2860.6000,2860.8000,2861.2000,2861.4000,1,1,2,1,2,5,2,2,1,2
SF,IH2006,2020-06-17 09:34:18.700,2860.4000,21216,-1,1342621800.000,1,0,1,双平,S,2860.0000,2859.8000,2859.6000,2859.4000,2859.2000,2860.4000,2860.6000,2860.8000,2861.2000,2861.4000,1,1,1,2,1,3,2,2,1,2
SF,IH2006,2020-06-17 09:34:19.200,2860.0000,21214,-2,1344337800.000,2,0,2,双平,S,2859.8000,2859.6000,2859.4000,2859.2000,2859.0000,2860.4000,2860.6000,2860.8000,2861.2000,2861.4000,1,1,2,1,2,3,2,2,1,2
SF,IH2006,2020-06-17 09:34:19.700,2860.4000,21210,-4,1347770280.000,4,0,4,双平,S,2860.4000,2860.0000,2859.8000,2859.6000,2859.4000,2860.6000,2860.8000,2861.4000,2861.8000,2862.0000,7,1,1,1,2,2,2,2,3,10
SF,IH2006,2020-06-17 09:34:20.200,2860.4000,21208,-2,1349486520.000,2,0,2,双平,S,2860.4000,2860.0000,2859.8000,2859.6000,2859.4000,2860.6000,2860.8000,2861.4000,2861.8000,2862.0000,5,1,1,1,2,2,2,2,3,10
SF,IH2006,2020-06-17 09:34:20.700,2860.6000,21208,0,1350344700.000,1,0,1,多换,S,2860.4000,2859.8000,2859.6000,2859.4000,2859.2000,2860.6000,2860.8000,2861.4000,2861.8000,2862.0000,5,1,1,2,2,1,2,2,3,10
SF,IH2006,2020-06-17 09:34:21.200,2860.4000,21200,-8,1358067780.000,9,0,9,多平,S,2859.8000,2859.6000,2859.4000,2859.2000,2859.0000,2860.0000,2860.6000,2860.8000,2861.4000,2861.8000,1,2,2,2,2,1,1,2,2,3
SF,IH2006,2020-06-17 09:34:21.700,2860.0000,21199,-1,1358925780.000,1,0,1,双平,S,2860.0000,2859.8000,2859.6000,2859.4000,2859.2000,2860.8000,2861.4000,2861.8000,2862.0000,2862.4000,2,1,2,2,2,1,2,3,10,1
SF,IH2006,2020-06-17 09:34:22.200,2860.0000,21199,0,1358925780.000,0,-,-,-,-,2860.0000,2859.8000,2859.6000,2859.4000,2859.2000,2860.6000,2860.8000,2861.4000,2861.8000,2862.0000,1,1,1,2,2,5,6,2,3,10
SF,IH2006,2020-06-17 09:34:22.700,2860.2000,21198,-1,1359783840.000,1,0,1,双平,S,2859.8000,2859.6000,2859.4000,2859.2000,2859.0000,2860.2000,2860.6000,2860.8000,2861.4000,2861.8000,1,1,2,2,2,1,5,5,2,3
SF,IH2006,2020-06-17 09:34:23.200,2860.0000,21197,-1,1360641840.000,1,0,1,双平,S,2859.8000,2859.6000,2859.4000,2859.2000,2859.0000,2860.0000,2860.6000,2860.8000,2861.4000,2861.8000,1,1,2,2,2,1,3,5,2,3
SF,IH2006,2020-06-17 09:34:23.700,2859.8000,21197,0,1362357780.000,2,1,1,多换,S,2859.6000,2859.4000,2859.2000,2859.0000,2858.8000,2860.6000,2860.8000,2861.4000,2861.8000,2862.0000,1,2,2,2,1,3,5,2,3,10
SF,IH2006,2020-06-17 09:34:24.200,2860.4000,21194,-3,1364932140.000,3,0,3,双平,S,2859.8000,2859.6000,2859.4000,2859.2000,2859.0000,2860.6000,2860.8000,2861.4000,2861.8000,2862.0000,1,2,2,2,2,3,5,2,3,10
SF,IH2006,2020-06-17 09:34:24.700,2860.4000,21194,0,1364932140.000,0,-,-,-,-,2859.8000,2859.6000,2859.4000,2859.2000,2859.0000,2860.6000,2860.8000,2861.4000,2861.8000,2862.0000,2,3,2,2,2,8,5,1,3,10
SF,IH2006,2020-06-17 09:34:25.200,2859.8000,21192,-2,1366648080.000,2,0,2,双平,S,2859.6000,2859.4000,2859.2000,2859.0000,2858.8000,2860.6000,2860.8000,2861.4000,2861.8000,2862.0000,2,2,2,2,1,3,4,1,3,10
SF,IH2006,2020-06-17 09:34:25.700,2859.6000,21188,-4,1370080020.000,4,0,4,双平,S,2859.8000,2859.6000,2859.4000,2859.2000,2859.0000,2860.4000,2860.6000,2860.8000,2861.4000,2861.8000,1,2,2,2,2,1,2,1,1,3
SF,IH2006,2020-06-17 09:34:26.200,2860.4000,21187,-1,1370938140.000,1,0,1,双平,S,2860.4000,2859.8000,2859.6000,2859.4000,2859.2000,2860.6000,2860.8000,2861.4000,2861.8000,2862.0000,3,2,2,2,2,2,1,1,3,10
SF,IH2006,2020-06-17 09:34:26.700,2860.4000,21184,-3,1373512500.000,3,0,3,双平,S,2859.8000,2859.6000,2859.4000,2859.2000,2859.0000,2860.2000,2860.4000,2860.6000,2860.8000,2861.4000,1,2,2,2,2,1,10,5,1,1
SF,IH2006,2020-06-17 09:34:27.200,2860.0000,21183,-1,1375228500.000,2,0,2,多平,S,2859.6000,2859.4000,2859.2000,2859.0000,2858.8000,2860.4000,2860.6000,2860.8000,2861.4000,2861.8000,2,2,2,2,1,3,5,1,1,3
SF,IH2006,2020-06-17 09:34:27.700,2860.4000,21180,-3,1378660680.000,4,0,4,多平,S,2859.6000,2859.4000,2859.2000,2859.0000,2858.8000,2860.4000,2860.6000,2860.8000,2861.4000,2861.8000,1,2,2,2,1,2,5,1,1,3
SF,IH2006,2020-06-17 09:34:28.200,2860.4000,21180,0,1378660680.000,0,-,-,-,-,2859.8000,2859.6000,2859.4000,2859.2000,2859.0000,2860.4000,2860.6000,2860.8000,2861.4000,2861.8000,3,1,2,3,2,2,5,1,1,3
SF,IH2006,2020-06-17 09:34:28.700,2860.0000,21180,0,1379518680.000,1,0,1,多换,S,2859.8000,2859.6000,2859.4000,2859.2000,2859.0000,2860.4000,2860.6000,2860.8000,2861.4000,2861.8000,7,1,2,3,2,2,5,1,1,3
SF,IH2006,2020-06-17 09:34:29.200,2860.4000,21178,-2,1381234920.000,2,0,2,双平,S,2860.0000,2859.8000,2859.6000,2859.4000,2859.2000,2860.6000,2860.8000,2861.4000,2861.8000,2862.0000,1,7,1,2,3,2,1,1,3,10
SF,IH2006,2020-06-17 09:34:29.700,2860.4000,21176,-2,1383809400.000,3,0,3,多平,S,2860.0000,2859.8000,2859.6000,2859.4000,2859.2000,2860.8000,2861.4000,2861.8000,2862.0000,2862.4000,1,7,1,2,3,1,1,3,10,1
SF,IH2006,2020-06-17 09:34:30.200,2860.4000,21176,0,1383809400.000,0,-,-,-,-,2860.2000,2860.0000,2859.8000,2859.4000,2859.2000,2860.8000,2861.4000,2861.8000,2862.0000,2862.4000,1,1,7,2,3,1,1,3,10,1
SF,IH2006,2020-06-17 09:34:30.700,2860.2000,21175,-1,1384667460.000,1,0,1,双平,S,2860.0000,2859.8000,2859.4000,2859.2000,2859.0000,2860.2000,2860.8000,2861.4000,2861.8000,2862.0000,2,7,2,3,2,1,1,1,3,10
SF,IH2006,2020-06-17 09:34:31.200,2860.8000,21174,-1,1386383760.000,2,0,2,多平,S,2860.8000,2860.0000,2859.8000,2859.4000,2859.2000,2861.4000,2861.8000,2862.0000,2862.4000,2862.8000,2,2,7,2,3,1,3,10,1,5
SF,IH2006,2020-06-17 09:34:31.700,2860.4000,21170,-4,1389816480.000,4,0,4,双平,S,2860.0000,2859.8000,2859.4000,2859.2000,2859.0000,2860.6000,2860.8000,2861.0000,2861.2000,2861.4000,2,6,2,3,2,2,6,4,4,4
SF,IH2006,2020-06-17 09:34:32.200,2860.0000,21169,-1,1390674480.000,1,0,1,双平,S,2859.8000,2859.4000,2859.2000,2859.0000,2858.8000,2860.4000,2860.6000,2860.8000,2861.0000,2861.2000,6,3,2,3,1,2,4,1,1,1
SF,IH2006,2020-06-17 09:34:32.700,2860.0000,21169,0,1390674480.000,0,-,-,-,-,2859.8000,2859.4000,2859.2000,2859.0000,2858.8000,2860.4000,2860.6000,2860.8000,2861.0000,2861.4000,5,3,2,3,1,3,4,1,1,8
SF,IH2006,2020-06-17 09:34:33.200,2859.8000,21169,0,1391532420.000,1,0,1,多换,S,2859.8000,2859.4000,2859.2000,2859.0000,2858.8000,2860.4000,2860.6000,2860.8000,2861.0000,2861.4000,4,3,2,2,1,3,1,1,1,8
SF,IH2006,2020-06-17 09:34:33.700,2859.8000,21168,-1,1392390360.000,1,0,1,双平,S,2859.8000,2859.4000,2859.2000,2859.0000,2858.8000,2860.4000,2860.6000,2860.8000,2861.0000,2861.4000,1,4,1,2,1,3,1,1,1,8
SF,IH2006,2020-06-17 09:34:34.200,2859.8000,21168,0,1392390360.000,0,-,-,-,-,2859.8000,2859.4000,2859.2000,2859.0000,2858.8000,2860.2000,2860.4000,2860.6000,2860.8000,2861.0000,1,4,1,2,1,3,2,1,1,1
SF,IH2006,2020-06-17 09:34:34.700,2860.0000,21166,-2,1394106360.000,2,0,2,双平,S,2859.8000,2859.4000,2859.2000,2859.0000,2858.8000,2860.2000,2860.6000,2860.8000,2861.0000,2861.4000,1,4,1,2,1,3,1,1,1,8
SF,IH2006,2020-06-17 09:34:35.700,2860.2000,21163,-3,1396680540.000,3,0,3,双平,S,2860.2000,2859.8000,2859.4000,2859.2000,2859.0000,2860.6000,2860.8000,2861.0000,2861.4000,2861.6000,2,1,4,1,2,1,1,1,8,1
SF,IH2006,2020-06-17 09:34:36.200,2860.2000,21161,-2,1398396660.000,2,0,2,双平,S,2859.8000,2859.4000,2859.2000,2859.0000,2858.8000,2860.2000,2860.4000,2860.6000,2861.0000,2861.4000,1,4,1,2,1,3,3,1,1,8
SF,IH2006,2020-06-17 09:34:36.700,2859.8000,21161,0,1399254600.000,1,0,1,多换,S,2859.4000,2859.2000,2859.0000,2858.8000,2858.6000,2859.6000,2860.0000,2860.2000,2860.6000,2861.0000,4,1,2,1,2,1,2,1,1,1
SF,IH2006,2020-06-17 09:34:37.200,2859.6000,21154,-7,1406117520.000,8,0,8,多平,S,2859.6000,2859.4000,2859.2000,2859.0000,2858.8000,2860.0000,2860.6000,2861.0000,2861.4000,2861.6000,11,3,1,2,1,1,1,1,8,1
SF,IH2006,2020-06-17 09:34:37.700,2859.8000,21153,-1,1406975460.000,1,0,1,双平,S,2859.6000,2859.4000,2859.2000,2859.0000,2858.8000,2860.6000,2861.0000,2861.4000,2861.6000,2861.8000,4,4,1,2,1,1,1,8,1,3
SF,IH2006,2020-06-17 09:34:38.200,2859.8000,21153,0,1406975460.000,0,-,-,-,-,2859.8000,2859.6000,2859.4000,2859.2000,2859.0000,2860.4000,2860.6000,2861.0000,2861.4000,2861.6000,1,4,4,1,2,1,2,1,8,1
SF,IH2006,2020-06-17 09:34:38.700,2859.8000,21153,0,1406975460.000,0,-,-,-,-,2859.8000,2859.6000,2859.4000,2859.2000,2859.0000,2860.4000,2860.6000,2861.0000,2861.4000,2861.6000,2,4,3,1,2,1,1,1,8,1
SF,IH2006,2020-06-17 09:34:39.700,2859.8000,21153,0,1406975460.000,0,-,-,-,-,2859.8000,2859.6000,2859.4000,2859.2000,2859.0000,2860.4000,2861.0000,2861.4000,2861.6000,2861.8000,2,4,3,1,2,1,1,7,1,3
SF,IH2006,2020-06-17 09:34:40.200,2860.4000,21152,-1,1407833580.000,1,0,1,双平,S,2859.8000,2859.6000,2859.4000,2859.2000,2859.0000,2861.0000,2861.4000,2861.6000,2861.8000,2862.0000,2,4,3,1,2,1,7,1,3,10
SF,IH2006,2020-06-17 09:34:40.700,2860.0000,21152,0,1408691580.000,1,0,1,多换,S,2860.0000,2859.8000,2859.6000,2859.4000,2859.2000,2860.8000,2861.0000,2861.4000,2861.6000,2861.8000,1,6,4,3,1,1,6,7,1,3
SF,IH2006,2020-06-17 09:34:41.200,2860.0000,21152,0,1408691580.000,0,-,-,-,-,2860.2000,2860.0000,2859.8000,2859.6000,2859.4000,2860.8000,2861.0000,2861.4000,2861.6000,2861.8000,1,1,8,4,3,1,5,7,1,3
SF,IH2006,2020-06-17 09:34:41.700,2860.0000,21151,-1,1409549580.000,1,0,1,双平,S,2860.2000,2860.0000,2859.8000,2859.6000,2859.4000,2860.8000,2861.0000,2861.4000,2861.6000,2861.8000,2,1,8,4,3,1,4,7,1,3
SF,IH2006,2020-06-17 09:34:42.200,2860.0000,21151,0,1409549580.000,0,-,-,-,-,2860.2000,2860.0000,2859.8000,2859.6000,2859.4000,2860.8000,2861.0000,2861.4000,2861.6000,2861.8000,2,2,8,4,3,1,3,7,1,3
SF,IH2006,2020-06-17 09:34:43.700,2860.0000,21151,0,1409549580.000,0,-,-,-,-,2860.2000,2860.0000,2859.8000,2859.6000,2859.4000,2860.8000,2861.0000,2861.4000,2861.6000,2861.8000,2,2,8,4,3,6,3,7,1,3
SF,IH2006,2020-06-17 09:34:44.200,2860.0000,21151,0,1409549580.000,0,-,-,-,-,2860.2000,2860.0000,2859.8000,2859.6000,2859.4000,2860.8000,2861.0000,2861.4000,2861.6000,2861.8000,2,2,8,4,3,6,3,7,1,3
SF,IH2006,2020-06-17 09:34:44.700,2860.0000,21151,0,1409549580.000,0,-,-,-,-,2860.2000,2860.0000,2859.8000,2859.6000,2859.4000,2860.8000,2861.0000,2861.4000,2861.6000,2861.8000,2,2,8,4,3,6,3,8,1,3
SF,IH2006,2020-06-17 09:34:45.700,2860.0000,21151,0,1409549580.000,0,-,-,-,-,2860.2000,2860.0000,2859.8000,2859.6000,2859.4000,2860.8000,2861.0000,2861.4000,2861.6000,2861.8000,2,2,8,4,3,8,3,8,1,3
SF,IH2006,2020-06-17 09:34:46.200,2860.0000,21150,-1,1410407580.000,1,0,1,双平,S,2860.2000,2860.0000,2859.8000,2859.6000,2859.4000,2860.8000,2861.0000,2861.4000,2861.6000,2861.8000,1,2,8,4,3,7,3,8,1,3
SF,IH2006,2020-06-17 09:34:46.700,2860.0000,21150,0,1410407580.000,0,-,-,-,-,2860.0000,2859.8000,2859.6000,2859.4000,2859.2000,2860.2000,2860.8000,2861.0000,2861.4000,2861.6000,2,8,4,3,1,1,7,3,8,1
SF,IH2006,2020-06-17 09:34:47.200,2860.2000,21148,-2,1412123700.000,2,0,2,双平,S,2860.2000,2860.0000,2859.8000,2859.6000,2859.4000,2860.8000,2861.0000,2861.4000,2861.6000,2861.8000,1,2,7,4,3,7,3,8,1,3
SF,IH2006,2020-06-17 09:34:47.700,2860.0000,21148,0,1412981700.000,1,0,1,多换,S,2860.0000,2859.8000,2859.6000,2859.4000,2859.2000,2860.2000,2860.8000,2861.0000,2861.4000,2861.6000,1,7,4,3,3,2,7,3,8,1
SF,IH2006,2020-06-17 09:34:48.200,2860.0000,21146,-2,1414697760.000,2,0,2,双平,S,2859.8000,2859.6000,2859.4000,2859.2000,2859.0000,2860.8000,2861.0000,2861.4000,2861.6000,2861.8000,7,4,3,3,2,7,3,8,1,3
SF,IH2006,2020-06-17 09:34:48.700,2860.0000,21146,0,1414697760.000,0,-,-,-,-,2859.8000,2859.6000,2859.4000,2859.2000,2859.0000,2860.6000,2860.8000,2861.0000,2861.4000,2861.6000,7,4,3,3,2,3,7,3,8,1
SF,IH2006,2020-06-17 09:34:49.200,2860.6000,21146,0,1416413940.000,2,1,1,多换,S,2860.0000,2859.8000,2859.6000,2859.4000,2859.2000,2860.6000,2860.8000,2861.0000,2861.4000,2861.6000,2,7,4,3,3,2,7,3,3,1
SF,IH2006,2020-06-17 09:34:49.700,2860.6000,21146,0,1416413940.000,0,-,-,-,-,2860.2000,2860.0000,2859.8000,2859.6000,2859.4000,2860.6000,2860.8000,2861.0000,2861.4000,2861.6000,1,2,2,4,3,2,7,3,3,1
SF,IH2006,2020-06-17 09:34:50.200,2860.6000,21146,0,1416413940.000,0,-,-,-,-,2860.2000,2860.0000,2859.8000,2859.6000,2859.4000,2860.6000,2860.8000,2861.0000,2861.4000,2861.6000,1,2,3,4,3,1,7,3,3,1
SF,IH2006,2020-06-17 09:34:50.700,2860.6000,21145,-1,1418130180.000,2,0,2,多平,S,2860.0000,2859.8000,2859.6000,2859.4000,2859.2000,2860.8000,2861.0000,2861.4000,2861.6000,2861.8000,3,3,4,3,3,7,3,3,1,3
SF,IH2006,2020-06-17 09:34:51.200,2860.6000,21145,0,1418130180.000,0,-,-,-,-,2860.0000,2859.8000,2859.6000,2859.4000,2859.2000,2860.8000,2861.0000,2861.4000,2861.6000,2861.8000,4,3,4,3,3,8,3,3,1,3
SF,IH2006,2020-06-17 09:34:51.700,2860.2000,21144,-1,1418988240.000,1,0,1,双平,S,2860.0000,2859.8000,2859.6000,2859.4000,2859.2000,2860.8000,2861.0000,2861.4000,2861.6000,2861.8000,5,3,5,3,3,8,3,3,1,3
SF,IH2006,2020-06-17 09:34:52.200,2860.2000,21143,-1,1419846300.000,1,0,1,双平,S,2860.0000,2859.8000,2859.6000,2859.4000,2859.2000,2860.8000,2861.0000,2861.4000,2861.6000,2861.8000,6,2,5,3,3,8,3,3,1,3
SF,IH2006,2020-06-17 09:34:52.700,2860.2000,21143,0,1419846300.000,0,-,-,-,-,2860.2000,2860.0000,2859.8000,2859.6000,2859.4000,2860.8000,2861.0000,2861.4000,2861.6000,2861.8000,1,7,2,5,3,8,3,3,1,3
SF,IH2006,2020-06-17 09:34:53.200,2860.2000,21142,-1,1420704360.000,1,0,1,双平,S,2860.0000,2859.8000,2859.6000,2859.4000,2859.2000,2860.8000,2861.0000,2861.4000,2861.6000,2861.8000,7,2,5,3,3,8,3,3,1,3
SF,IH2006,2020-06-17 09:34:53.700,2860.2000,21142,0,1420704360.000,0,-,-,-,-,2860.0000,2859.8000,2859.6000,2859.4000,2859.2000,2860.6000,2860.8000,2861.0000,2861.4000,2861.6000,7,2,5,3,3,2,8,3,2,1
SF,IH2006,2020-06-17 09:34:54.200,2860.0000,21139,-3,1423278480.000,3,0,3,双平,S,2860.0000,2859.8000,2859.6000,2859.4000,2859.2000,2860.6000,2860.8000,2861.0000,2861.4000,2861.6000,4,2,5,3,3,3,7,3,2,1
SF,IH2006,2020-06-17 09:34:54.700,2860.0000,21139,0,1423278480.000,0,-,-,-,-,2860.0000,2859.8000,2859.6000,2859.4000,2859.2000,2860.6000,2860.8000,2861.0000,2861.4000,2861.6000,4,2,5,3,3,3,7,3,2,1
SF,IH2006,2020-06-17 09:34:55.200,2860.0000,21138,-1,1424136480.000,1,0,1,双平,S,2860.0000,2859.8000,2859.6000,2859.4000,2859.2000,2860.6000,2860.8000,2861.0000,2861.4000,2861.6000,3,2,5,3,3,3,7,3,2,1
SF,IH2006,2020-06-17 09:34:55.700,2860.6000,21135,-3,1426711020.000,3,0,3,双平,S,2860.0000,2859.8000,2859.6000,2859.4000,2859.2000,2860.8000,2861.0000,2861.4000,2861.6000,2861.8000,3,2,5,3,3,7,3,2,1,3
SF,IH2006,2020-06-17 09:34:56.200,2860.2000,21135,0,1427569080.000,1,0,1,多换,S,2860.2000,2860.0000,2859.8000,2859.6000,2859.4000,2860.4000,2860.8000,2861.4000,2861.6000,2861.8000,5,6,2,5,3,2,7,2,1,3
SF,IH2006,2020-06-17 09:34:56.700,2860.8000,21129,-6,1435293000.000,9,1,8,多平,S,2860.6000,2860.4000,2860.2000,2860.0000,2859.8000,2861.4000,2861.6000,2861.8000,2862.0000,2862.4000,13,14,4,6,2,2,1,3,12,1
SF,IH2006,2020-06-17 09:34:57.200,2860.8000,21129,0,1435293000.000,0,-,-,-,-,2860.8000,2860.4000,2860.2000,2860.0000,2859.8000,2861.2000,2861.4000,2861.6000,2861.8000,2862.0000,2,5,4,6,2,1,2,1,3,12
SF,IH2006,2020-06-17 09:34:57.700,2861.0000,21128,-1,1438726500.000,4,1,3,多平,S,2860.8000,2860.6000,2860.4000,2860.2000,2860.0000,2861.8000,2862.0000,2862.2000,2862.4000,2862.8000,2,3,5,4,6,3,12,1,1,5
SF,IH2006,2020-06-17 09:34:58.200,2861.0000,21128,0,1438726500.000,0,-,-,-,-,2860.8000,2860.6000,2860.4000,2860.2000,2860.0000,2861.6000,2861.8000,2862.0000,2862.2000,2862.4000,1,3,5,4,3,3,3,12,1,1
SF,IH2006,2020-06-17 09:34:58.700,2861.0000,21128,0,1438726500.000,0,-,-,-,-,2860.8000,2860.6000,2860.4000,2860.2000,2860.0000,2861.4000,2861.6000,2861.8000,2862.0000,2862.4000,1,3,5,4,2,1,2,3,12,1
SF,IH2006,2020-06-17 09:34:59.200,2861.0000,21128,0,1438726500.000,0,-,-,-,-,2860.8000,2860.6000,2860.4000,2860.2000,2860.0000,2861.4000,2861.6000,2861.8000,2862.0000,2862.4000,1,3,5,4,2,2,2,3,12,1
SF,IH2006,2020-06-17 09:34:59.700,2860.8000,21127,-1,1439584740.000,1,0,1,双平,S,2860.6000,2860.4000,2860.2000,2860.0000,2859.8000,2861.2000,2861.4000,2861.6000,2861.8000,2862.0000,3,5,4,2,2,1,2,1,3,12
SF,IH2006,2020-06-17 09:35:00.200,2860.8000,21127,0,1439584740.000,0,-,-,-,-,2860.6000,2860.4000,2860.2000,2860.0000,2859.8000,2861.0000,2861.4000,2861.6000,2861.8000,2862.0000,1,5,4,2,2,3,2,1,3,12
SF,IH2006,2020-06-17 09:35:00.700,2860.2000,21121,-6,1445591340.000,7,0,7,多平,S,2860.0000,2859.8000,2859.6000,2859.4000,2859.2000,2860.6000,2860.8000,2861.0000,2861.2000,2861.4000,2,2,5,3,3,3,1,9,3,2
SF,IH2006,2020-06-17 09:35:01.200,2859.8000,21118,-3,1448165280.000,3,0,3,双平,S,2859.6000,2859.4000,2859.2000,2859.0000,2858.8000,2860.0000,2860.2000,2860.4000,2860.6000,2860.8000,5,3,3,2,1,5,2,3,3,3
SF,IH2006,2020-06-17 09:35:01.700,2859.4000,21115,-3,1455028140.000,8,2,6,多平,S,2859.2000,2859.0000,2858.8000,2858.6000,2858.4000,2859.6000,2860.0000,2860.4000,2860.6000,2860.8000,3,2,1,2,2,3,4,3,3,4
SF,IH2006,2020-06-17 09:35:02.200,2859.2000,21115,0,1457601420.000,3,1,2,多换,S,2859.0000,2858.8000,2858.6000,2858.4000,2858.2000,2859.2000,2859.6000,2860.0000,2860.4000,2860.8000,2,1,2,2,2,1,2,1,3,3
SF,IH2006,2020-06-17 09:35:02.700,2859.4000,21107,-8,1464463680.000,8,0,8,双平,S,2859.4000,2859.2000,2859.0000,2858.8000,2858.6000,2859.6000,2860.0000,2860.4000,2860.8000,2861.0000,5,1,2,1,2,1,1,2,3,6
SF,IH2006,2020-06-17 09:35:03.200,2859.6000,21107,0,1467037260.000,3,1,2,多换,S,2859.0000,2858.8000,2858.6000,2858.4000,2858.2000,2860.0000,2860.4000,2860.8000,2861.0000,2861.2000,2,1,2,2,2,1,2,3,6,3
SF,IH2006,2020-06-17 09:35:03.700,2859.6000,21107,0,1469610900.000,3,1,2,多换,S,2859.2000,2859.0000,2858.8000,2858.6000,2858.4000,2859.8000,2860.0000,2860.8000,2861.0000,2861.2000,4,7,1,2,1,2,2,2,6,3
SF,IH2006,2020-06-17 09:35:04.200,2859.8000,21106,-1,1470468840.000,1,0,1,双平,S,2859.4000,2859.2000,2859.0000,2858.8000,2858.6000,2859.8000,2860.0000,2860.8000,2861.0000,2861.2000,1,3,7,1,2,4,2,2,6,3
SF,IH2006,2020-06-17 09:35:04.700,2859.8000,21105,-1,1472184720.000,2,0,2,多平,S,2859.4000,2859.2000,2859.0000,2858.8000,2858.6000,2859.8000,2860.0000,2860.8000,2861.0000,2861.2000,1,3,7,1,2,2,1,2,6,3
SF,IH2006,2020-06-17 09:35:05.200,2859.2000,21100,-5,1479047700.000,8,1,7,多平,S,2859.2000,2859.0000,2858.8000,2858.6000,2858.4000,2859.4000,2859.6000,2859.8000,2860.8000,2861.0000,1,7,2,2,1,2,16,1,2,1
SF,IH2006,2020-06-17 09:35:05.700,2859.4000,21096,-4,1485052500.000,7,1,6,多平,S,2859.0000,2858.8000,2858.6000,2858.4000,2858.2000,2859.6000,2859.8000,2860.8000,2861.0000,2861.2000,7,2,2,1,2,14,1,2,1,3
SF,IH2006,2020-06-17 09:35:06.200,2859.2000,21095,-1,1487625840.000,3,1,2,多平,S,2859.2000,2859.0000,2858.8000,2858.6000,2858.4000,2859.4000,2859.6000,2859.8000,2860.8000,2861.0000,1,2,2,2,1,1,14,1,2,1
SF,IH2006,2020-06-17 09:35:06.700,2859.4000,21090,-5,1491914940.000,5,0,5,双平,S,2859.0000,2858.8000,2858.6000,2858.4000,2858.2000,2859.4000,2859.6000,2859.8000,2860.8000,2861.0000,2,2,2,1,2,2,13,2,2,1
SF,IH2006,2020-06-17 09:35:07.200,2859.8000,21087,-3,1494488520.000,3,0,3,双平,S,2859.4000,2859.2000,2859.0000,2858.8000,2858.6000,2859.8000,2860.8000,2861.0000,2861.2000,2861.8000,1,1,3,2,2,2,2,1,3,3
SF,IH2006,2020-06-17 09:35:07.700,2859.4000,21084,-3,1497061920.000,3,0,3,双平,S,2859.4000,2859.0000,2858.8000,2858.6000,2858.4000,2859.8000,2860.8000,2861.0000,2861.2000,2861.8000,2,3,2,2,1,2,2,1,3,3
SF,IH2006,2020-06-17 09:35:08.200,2859.8000,21084,0,1498777800.000,2,1,1,多换,S,2859.0000,2858.8000,2858.6000,2858.4000,2858.2000,2859.6000,2860.8000,2861.0000,2861.2000,2861.8000,3,1,2,1,2,10,2,1,3,3
SF,IH2006,2020-06-17 09:35:08.700,2859.6000,21069,-15,1518507840.000,23,4,19,多平,S,2859.4000,2859.2000,2859.0000,2858.8000,2858.6000,2860.8000,2861.0000,2861.2000,2861.8000,2862.0000,3,2,8,1,2,2,1,3,3,11
SF,IH2006,2020-06-17 09:35:09.200,2859.6000,21069,0,1518507840.000,0,-,-,-,-,2859.8000,2859.6000,2859.4000,2859.2000,2859.0000,2860.0000,2860.4000,2860.6000,2860.8000,2861.0000,1,2,7,3,5,3,1,5,2,3
SF,IH2006,2020-06-17 09:35:09.700,2859.6000,21069,0,1518507840.000,0,-,-,-,-,2860.2000,2859.8000,2859.4000,2859.2000,2859.0000,2860.4000,2860.6000,2860.8000,2861.0000,2861.2000,2,1,9,3,3,1,4,3,3,3
SF,IH2006,2020-06-17 09:35:10.200,2859.8000,21066,-3,1521939960.000,4,0,4,多平,S,2859.4000,2859.2000,2859.0000,2858.8000,2858.6000,2860.2000,2860.4000,2860.6000,2860.8000,2861.0000,9,2,3,1,2,6,1,4,3,3
SF,IH2006,2020-06-17 09:35:10.700,2859.8000,21066,0,1521939960.000,0,-,-,-,-,2859.6000,2859.4000,2859.2000,2859.0000,2858.8000,2860.2000,2860.4000,2860.6000,2860.8000,2861.0000,1,1,2,3,1,1,1,4,3,3
SF,IH2006,2020-06-17 09:35:11.200,2859.6000,21064,-2,1523655720.000,2,0,2,双平,S,2859.4000,2859.2000,2859.0000,2858.8000,2858.6000,2859.6000,2860.0000,2860.2000,2860.4000,2860.6000,1,2,3,1,2,1,3,1,1,4
SF,IH2006,2020-06-17 09:35:11.700,2859.4000,21063,-1,1524513540.000,1,0,1,双平,S,2859.2000,2859.0000,2858.8000,2858.6000,2858.4000,2860.0000,2860.2000,2860.6000,2860.8000,2861.0000,2,4,1,2,2,6,1,2,3,3
SF,IH2006,2020-06-17 09:35:12.200,2859.4000,21063,0,1524513540.000,0,-,-,-,-,2859.2000,2859.0000,2858.8000,2858.6000,2858.4000,2859.4000,2860.0000,2860.2000,2860.6000,2860.8000,2,3,1,2,2,1,5,1,2,3
SF,IH2006,2020-06-17 09:35:12.700,2859.4000,21061,-2,1526229120.000,2,0,2,双平,S,2859.2000,2859.0000,2858.8000,2858.6000,2858.4000,2859.4000,2860.0000,2860.2000,2860.6000,2860.8000,2,4,1,2,2,1,4,1,2,2
SF,IH2006,2020-06-17 09:35:13.200,2859.4000,21060,-1,1527086940.000,1,0,1,双平,S,2859.2000,2859.0000,2858.8000,2858.6000,2858.4000,2859.4000,2860.0000,2860.2000,2860.6000,2860.8000,3,4,1,2,2,1,4,1,2,2
SF,IH2006,2020-06-17 09:35:13.700,2860.0000,21056,-4,1530518760.000,4,0,4,双平,S,2859.8000,2859.4000,2859.2000,2859.0000,2858.8000,2860.0000,2860.6000,2860.8000,2861.0000,2861.2000,1,10,5,4,1,1,2,2,3,3
SF,IH2006,2020-06-17 09:35:14.200,2859.4000,21053,-3,1534808340.000,5,1,4,多平,S,2859.2000,2859.0000,2858.8000,2858.6000,2858.4000,2859.4000,2859.8000,2860.4000,2860.6000,2860.8000,4,4,1,2,1,6,3,1,2,2
SF,IH2006,2020-06-17 09:35:14.700,2859.4000,21047,-6,1541671020.000,8,1,7,多平,S,2859.4000,2859.2000,2859.0000,2858.8000,2858.6000,2859.8000,2860.4000,2860.6000,2860.8000,2861.0000,2,4,4,1,2,2,1,2,2,3
SF,IH2006,2020-06-17 09:35:15.200,2859.8000,21047,0,1544244780.000,3,1,2,多换,S,2859.2000,2859.0000,2858.8000,2858.6000,2858.4000,2860.4000,2860.6000,2860.8000,2861.0000,2861.2000,4,4,1,2,1,1,2,2,3,3
SF,IH2006,2020-06-17 09:35:15.700,2859.8000,21047,0,1544244780.000,0,-,-,-,-,2859.4000,2859.2000,2859.0000,2858.8000,2858.6000,2860.2000,2860.4000,2860.6000,2860.8000,2861.0000,2,9,4,1,2,2,2,2,2,3
SF,IH2006,2020-06-17 09:35:16.200,2859.4000,21043,-4,1547676180.000,4,0,4,双平,S,2859.2000,2859.0000,2858.8000,2858.6000,2858.4000,2860.2000,2860.6000,2860.8000,2861.0000,2861.2000,9,4,1,1,1,2,1,2,3,3
SF,IH2006,2020-06-17 09:35:16.700,2859.4000,21043,0,1548534000.000,1,0,1,多换,S,2859.2000,2859.0000,2858.8000,2858.6000,2858.4000,2860.2000,2860.6000,2860.8000,2861.0000,2861.2000,9,4,1,1,1,2,1,2,3,3
SF,IH2006,2020-06-17 09:35:17.200,2859.4000,21043,0,1548534000.000,0,-,-,-,-,2859.8000,2859.4000,2859.2000,2859.0000,2858.8000,2860.0000,2860.2000,2860.6000,2860.8000,2861.0000,2,2,10,4,1,1,1,1,2,3
SF,IH2006,2020-06-17 09:35:17.700,2860.0000,21043,0,1549392000.000,1,0,1,多换,S,2860.0000,2859.8000,2859.4000,2859.2000,2859.0000,2860.6000,2860.8000,2861.0000,2861.2000,2861.8000,1,1,2,10,4,1,2,3,3,4
SF,IH2006,2020-06-17 09:35:18.200,2860.6000,21041,-2,1551108300.000,2,0,2,双平,S,2860.0000,2859.8000,2859.4000,2859.2000,2859.0000,2860.6000,2860.8000,2861.0000,2861.2000,2861.8000,2,1,2,8,4,4,2,3,3,4
SF,IH2006,2020-06-17 09:35:18.700,2860.6000,21041,0,1551108300.000,0,-,-,-,-,2859.8000,2859.4000,2859.2000,2859.0000,2858.8000,2860.4000,2860.6000,2860.8000,2861.0000,2861.2000,1,1,8,4,1,4,5,2,2,3
SF,IH2006,2020-06-17 09:35:19.200,2860.6000,21041,0,1551108300.000,0,-,-,-,-,2860.2000,2859.8000,2859.4000,2859.2000,2859.0000,2860.4000,2860.6000,2860.8000,2861.0000,2861.2000,2,1,1,8,4,2,6,2,2,3
SF,IH2006,2020-06-17 09:35:19.700,2860.6000,21041,0,1551108300.000,0,-,-,-,-,2860.0000,2859.8000,2859.4000,2859.2000,2859.0000,2860.4000,2860.6000,2860.8000,2861.0000,2861.2000,1,1,1,7,4,2,6,2,2,3
SF,IH2006,2020-06-17 09:35:20.200,2860.6000,21041,0,1551108300.000,0,-,-,-,-,2860.0000,2859.8000,2859.4000,2859.2000,2859.0000,2860.4000,2860.6000,2860.8000,2861.0000,2861.2000,2,1,1,7,4,2,6,2,2,3
SF,IH2006,2020-06-17 09:35:20.700,2860.6000,21041,0,1551108300.000,0,-,-,-,-,2860.0000,2859.8000,2859.4000,2859.2000,2859.0000,2860.4000,2860.6000,2860.8000,2861.0000,2861.2000,2,1,1,6,4,2,6,2,2,3
SF,IH2006,2020-06-17 09:35:21.200,2860.4000,21035,-6,1556257320.000,6,0,6,双平,S,2860.4000,2860.2000,2860.0000,2859.8000,2859.4000,2860.6000,2860.8000,2861.0000,2861.2000,2861.8000,2,1,4,1,1,2,2,2,3,3
SF,IH2006,2020-06-17 09:35:21.700,2860.6000,21031,-4,1559689980.000,4,0,4,双平,S,2860.2000,2860.0000,2859.8000,2859.4000,2859.2000,2860.8000,2861.0000,2861.2000,2861.8000,2862.0000,2,2,1,1,6,2,2,3,3,11
SF,IH2006,2020-06-17 09:35:22.200,2860.6000,21031,0,1559689980.000,0,-,-,-,-,2860.4000,2860.2000,2860.0000,2859.8000,2859.4000,2860.8000,2861.0000,2861.2000,2861.8000,2862.0000,1,3,1,1,1,2,3,3,3,11
SF,IH2006,2020-06-17 09:35:22.700,2860.4000,21030,-1,1560548100.000,1,0,1,双平,S,2860.2000,2860.0000,2859.8000,2859.4000,2859.2000,2860.8000,2861.0000,2861.2000,2861.8000,2862.0000,3,1,1,1,6,2,3,3,3,11
SF,IH2006,2020-06-17 09:35:23.200,2860.4000,21030,0,1560548100.000,0,-,-,-,-,2860.2000,2860.0000,2859.8000,2859.4000,2859.2000,2860.8000,2861.0000,2861.2000,2861.8000,2862.0000,3,1,1,1,6,2,1,3,3,11
SF,IH2006,2020-06-17 09:35:23.700,2860.2000,21029,-1,1561406160.000,1,0,1,双平,S,2860.2000,2860.0000,2859.8000,2859.4000,2859.2000,2860.6000,2860.8000,2861.0000,2861.2000,2861.8000,2,1,1,1,6,2,3,1,3,3
SF,IH2006,2020-06-17 09:35:24.200,2860.2000,21030,1,1563122280.000,2,1,1,空开,S,2860.0000,2859.8000,2859.4000,2859.2000,2859.0000,2860.2000,2860.6000,2860.8000,2861.0000,2861.2000,1,1,1,6,4,1,2,3,1,3
SF,IH2006,2020-06-17 09:35:24.700,2860.6000,21030,0,1564838520.000,2,1,1,多换,S,2860.0000,2859.8000,2859.4000,2859.2000,2859.0000,2860.6000,2860.8000,2861.0000,2861.2000,2861.8000,1,1,1,6,4,1,3,1,3,3
SF,IH2006,2020-06-17 09:35:25.200,2860.6000,21029,-1,1565696700.000,1,0,1,双平,S,2860.0000,2859.8000,2859.4000,2859.2000,2859.0000,2860.6000,2860.8000,2861.0000,2861.2000,2861.8000,1,1,1,6,4,1,4,1,3,3
SF,IH2006,2020-06-17 09:35:25.700,2860.6000,21029,0,1565696700.000,0,-,-,-,-,2860.2000,2860.0000,2859.8000,2859.4000,2859.2000,2860.6000,2860.8000,2861.0000,2861.2000,2861.8000,1,1,1,1,6,1,4,1,3,3
SF,IH2006,2020-06-17 09:35:26.200,2860.6000,21029,0,1565696700.000,0,-,-,-,-,2860.2000,2860.0000,2859.8000,2859.4000,2859.2000,2860.6000,2860.8000,2861.0000,2861.2000,2861.8000,1,1,1,1,6,1,4,1,3,2
SF,IH2006,2020-06-17 09:35:26.700,2860.6000,21029,0,1565696700.000,0,-,-,-,-,2860.2000,2860.0000,2859.8000,2859.4000,2859.2000,2860.8000,2861.0000,2861.2000,2861.8000,2862.0000,1,1,1,2,6,4,1,3,2,11
SF,IH2006,2020-06-17 09:35:28.200,2860.6000,21029,0,1565696700.000,0,-,-,-,-,2860.2000,2860.0000,2859.8000,2859.4000,2859.2000,2860.6000,2860.8000,2861.0000,2861.2000,2861.8000,1,1,1,2,6,5,4,1,3,2
SF,IH2006,2020-06-17 09:35:28.700,2860.6000,21029,0,1565696700.000,0,-,-,-,-,2860.2000,2860.0000,2859.8000,2859.4000,2859.2000,2860.6000,2860.8000,2861.0000,2861.2000,2861.8000,1,1,1,2,8,5,5,1,3,2
SF,IH2006,2020-06-17 09:35:29.200,2860.6000,21029,0,1565696700.000,0,-,-,-,-,2860.2000,2860.0000,2859.8000,2859.4000,2859.2000,2860.6000,2860.8000,2861.0000,2861.2000,2861.8000,2,1,1,2,8,5,5,1,3,2
SF,IH2006,2020-06-17 09:35:29.700,2860.2000,21029,0,1566554760.000,1,0,1,多换,S,2860.2000,2860.0000,2859.8000,2859.4000,2859.2000,2860.6000,2860.8000,2861.0000,2861.2000,2861.8000,1,1,1,2,8,5,5,1,3,2
SF,IH2006,2020-06-17 09:35:30.200,2860.2000,21029,0,1566554760.000,0,-,-,-,-,2860.4000,2860.2000,2860.0000,2859.8000,2859.4000,2860.6000,2860.8000,2861.0000,2861.2000,2861.8000,1,1,1,1,2,5,6,1,3,2
SF,IH2006,2020-06-17 09:35:30.700,2860.6000,21024,-5,1571703780.000,6,0,6,多平,S,2860.6000,2860.4000,2860.2000,2860.0000,2859.8000,2860.8000,2861.0000,2861.2000,2861.8000,2862.0000,16,1,1,1,1,6,1,3,2,11
SF,IH2006,2020-06-17 09:35:31.200,2860.8000,21016,-8,1579427520.000,9,0,9,多平,S,2860.6000,2860.4000,2860.2000,2860.0000,2859.8000,2860.8000,2861.0000,2861.2000,2861.8000,2862.0000,9,1,1,1,1,4,1,3,2,11
SF,IH2006,2020-06-17 09:35:31.700,2860.6000,21006,-10,1591442220.000,14,2,12,多平,S,2860.2000,2860.0000,2859.8000,2859.6000,2859.4000,2860.8000,2861.0000,2861.2000,2861.8000,2862.0000,1,1,1,1,2,1,1,3,2,11
SF,IH2006,2020-06-17 09:35:32.200,2860.6000,21005,-1,1592300400.000,1,0,1,双平,S,2860.4000,2860.2000,2860.0000,2859.8000,2859.6000,2860.8000,2861.0000,2861.2000,2861.8000,2862.0000,2,1,2,1,2,1,1,3,2,11
SF,IH2006,2020-06-17 09:35:32.700,2860.6000,21005,0,1593158580.000,1,0,1,多换,S,2860.4000,2860.2000,2860.0000,2859.8000,2859.6000,2860.8000,2861.0000,2861.2000,2861.8000,2862.0000,2,1,2,1,2,1,1,3,2,11
SF,IH2006,2020-06-17 09:35:33.200,2860.8000,21004,-1,1594016820.000,1,0,1,双平,S,2860.6000,2860.4000,2860.2000,2860.0000,2859.8000,2861.0000,2861.2000,2861.8000,2862.0000,2862.4000,2,2,1,2,1,1,3,2,11,1
SF,IH2006,2020-06-17 09:35:33.700,2860.6000,21004,0,1594875000.000,1,0,1,多换,S,2860.6000,2860.4000,2860.2000,2860.0000,2859.8000,2861.0000,2861.2000,2861.8000,2862.0000,2862.4000,1,4,1,2,1,1,3,2,11,1
SF,IH2006,2020-06-17 09:35:34.200,2860.6000,21004,0,1596591420.000,2,1,1,多换,S,2860.4000,2860.2000,2860.0000,2859.8000,2859.6000,2861.0000,2861.2000,2861.8000,2862.0000,2862.4000,4,1,2,1,2,1,3,2,11,1
SF,IH2006,2020-06-17 09:35:34.700,2860.6000,21004,0,1596591420.000,0,-,-,-,-,2860.6000,2860.4000,2860.2000,2860.0000,2859.8000,2860.8000,2861.0000,2861.2000,2861.8000,2862.0000,1,5,1,2,1,1,1,3,2,11
SF,IH2006,2020-06-17 09:35:35.200,2860.6000,21005,1,1597449600.000,1,1,0,双开,S,2860.4000,2860.2000,2860.0000,2859.8000,2859.6000,2861.0000,2861.2000,2861.8000,2862.0000,2862.4000,5,1,2,1,2,1,3,2,11,1
SF,IH2006,2020-06-17 09:35:35.700,2860.6000,21005,0,1597449600.000,0,-,-,-,-,2860.6000,2860.4000,2860.2000,2860.0000,2859.8000,2860.8000,2861.0000,2861.2000,2861.8000,2862.0000,1,5,1,2,1,1,1,3,2,11
SF,IH2006,2020-06-17 09:35:36.200,2860.6000,21005,0,1597449600.000,0,-,-,-,-,2860.8000,2860.6000,2860.4000,2860.2000,2860.0000,2861.0000,2861.2000,2861.8000,2862.0000,2862.4000,1,1,5,1,2,1,3,2,11,1
SF,IH2006,2020-06-17 09:35:36.700,2861.2000,21005,0,1600882980.000,4,2,2,多换,S,2860.4000,2860.2000,2860.0000,2859.8000,2859.6000,2861.8000,2862.0000,2862.4000,2862.6000,2862.8000,5,1,2,1,2,2,11,1,1,5
SF,IH2006,2020-06-17 09:35:37.200,2861.2000,21005,0,1600882980.000,0,-,-,-,-,2860.6000,2860.4000,2860.2000,2860.0000,2859.6000,2861.4000,2861.6000,2861.8000,2862.0000,2862.4000,3,10,1,2,2,1,6,2,11,1
SF,IH2006,2020-06-17 09:35:37.700,2861.2000,21005,0,1600882980.000,0,-,-,-,-,2861.2000,2860.8000,2860.6000,2860.4000,2860.2000,2861.6000,2861.8000,2862.0000,2862.4000,2862.6000,2,5,2,10,1,4,2,11,1,1
SF,IH2006,2020-06-17 09:35:38.200,2861.2000,21005,0,1601741340.000,1,0,1,多换,S,2861.2000,2860.8000,2860.6000,2860.4000,2860.2000,2861.6000,2861.8000,2862.0000,2862.4000,2862.6000,1,4,1,9,1,3,2,11,1,1
SF,IH2006,2020-06-17 09:35:38.700,2861.2000,21005,0,1601741340.000,0,-,-,-,-,2861.4000,2861.2000,2860.8000,2860.6000,2860.4000,2861.6000,2861.8000,2862.0000,2862.4000,2862.6000,1,1,4,1,9,3,2,11,1,1
SF,IH2006,2020-06-17 09:35:39.200,2861.6000,21004,-1,1602599820.000,1,0,1,双平,S,2861.4000,2861.2000,2860.8000,2860.6000,2860.4000,2861.6000,2861.8000,2862.0000,2862.4000,2862.6000,1,1,4,1,9,2,2,6,1,1
SF,IH2006,2020-06-17 09:35:39.700,2861.6000,21004,0,1602599820.000,0,-,-,-,-,2861.6000,2861.4000,2861.2000,2860.8000,2860.6000,2861.8000,2862.0000,2862.4000,2862.6000,2862.8000,1,1,1,4,1,1,6,1,1,5
SF,IH2006,2020-06-17 09:35:40.200,2861.8000,21002,-2,1606033980.000,4,1,3,多平,S,2861.6000,2861.2000,2860.8000,2860.6000,2860.4000,2862.0000,2862.4000,2862.6000,2862.8000,2864.4000,1,1,4,1,9,6,1,1,5,1
SF,IH2006,2020-06-17 09:35:40.700,2861.6000,21000,-2,1610326800.000,5,1,4,多平,S,2861.2000,2860.8000,2860.6000,2860.4000,2860.2000,2861.4000,2862.0000,2862.4000,2862.6000,2862.8000,1,4,1,8,1,1,3,1,1,5
SF,IH2006,2020-06-17 09:35:41.200,2862.0000,20996,-4,1613761020.000,4,0,4,双平,S,2861.8000,2861.4000,2861.2000,2860.8000,2860.4000,2862.4000,2862.6000,2862.8000,2864.4000,2864.8000,1,16,2,1,8,1,1,5,1,1
SF,IH2006,2020-06-17 09:35:41.700,2862.0000,20995,-1,1614619620.000,1,0,1,双平,S,2861.4000,2861.2000,2860.8000,2860.4000,2860.2000,2861.8000,2862.2000,2862.4000,2862.6000,2862.8000,7,2,1,7,1,1,8,1,1,5
SF,IH2006,2020-06-17 09:35:42.200,2862.0000,20995,0,1614619620.000,0,-,-,-,-,2861.6000,2861.4000,2861.2000,2860.8000,2860.4000,2861.8000,2862.2000,2862.4000,2862.6000,2862.8000,1,6,2,1,7,3,7,1,1,5
SF,IH2006,2020-06-17 09:35:42.700,2861.6000,20993,-2,1617195060.000,3,0,3,多平,S,2861.4000,2861.2000,2860.8000,2860.4000,2860.2000,2861.6000,2861.8000,2862.2000,2862.4000,2862.6000,6,2,1,7,1,1,2,7,1,1
SF,IH2006,2020-06-17 09:35:43.200,2861.4000,20992,-1,1618053480.000,1,0,1,双平,S,2861.4000,2861.2000,2860.8000,2860.4000,2860.2000,2861.6000,2862.2000,2862.4000,2862.6000,2862.8000,5,2,1,7,1,3,2,1,1,5
SF,IH2006,2020-06-17 09:35:43.700,2861.6000,20986,-6,1623204120.000,6,0,6,双平,S,2861.4000,2861.2000,2860.8000,2860.4000,2860.2000,2862.2000,2862.4000,2862.6000,2862.8000,2864.4000,1,2,1,7,1,2,1,1,5,1
SF,IH2006,2020-06-17 09:35:44.200,2861.4000,20985,-1,1624062540.000,1,0,1,双平,S,2861.2000,2860.8000,2860.4000,2860.2000,2860.0000,2862.0000,2862.2000,2862.4000,2862.6000,2862.8000,2,1,7,1,1,3,3,1,1,5
SF,IH2006,2020-06-17 09:35:44.700,2861.2000,20984,-1,1624920900.000,1,0,1,双平,S,2861.2000,2860.8000,2860.4000,2860.2000,2860.0000,2861.4000,2861.8000,2862.0000,2862.2000,2862.4000,1,1,7,1,1,2,3,4,2,1
SF,IH2006,2020-06-17 09:35:45.200,2861.8000,20981,-3,1627496520.000,3,0,3,双平,S,2861.6000,2861.2000,2860.8000,2860.4000,2860.2000,2862.0000,2862.2000,2862.4000,2862.6000,2862.8000,1,1,1,7,1,4,2,1,1,5
SF,IH2006,2020-06-17 09:35:45.700,2861.8000,20981,0,1627496520.000,0,-,-,-,-,2861.6000,2861.2000,2860.8000,2860.4000,2860.2000,2862.0000,2862.2000,2862.4000,2862.6000,2862.8000,1,1,1,7,1,3,2,1,1,5
SF,IH2006,2020-06-17 09:35:46.200,2861.6000,20981,0,1628355000.000,1,0,1,多换,S,2861.2000,2860.8000,2860.4000,2860.2000,2860.0000,2862.0000,2862.2000,2862.4000,2862.6000,2862.8000,1,2,7,1,1,3,2,1,1,5
SF,IH2006,2020-06-17 09:35:46.700,2862.0000,20978,-3,1630930800.000,3,0,3,双平,S,2861.4000,2861.2000,2861.0000,2860.8000,2860.4000,2862.0000,2862.2000,2862.4000,2862.6000,2862.8000,1,2,1,2,7,1,2,1,1,5
SF,IH2006,2020-06-17 09:35:47.200,2862.0000,20978,0,1630930800.000,0,-,-,-,-,2862.0000,2861.6000,2861.4000,2861.2000,2861.0000,2862.2000,2862.4000,2862.6000,2862.8000,2864.4000,3,2,2,2,1,2,1,1,5,1
SF,IH2006,2020-06-17 09:35:47.700,2862.0000,20974,-4,1634365260.000,4,0,4,双平,S,2861.6000,2861.4000,2861.2000,2861.0000,2860.8000,2862.0000,2862.2000,2862.4000,2862.6000,2862.8000,2,2,2,1,2,3,1,2,1,5
SF,IH2006,2020-06-17 09:35:48.200,2861.6000,20972,-2,1636082340.000,2,0,2,双平,S,2861.6000,2861.4000,2861.2000,2861.0000,2860.8000,2862.0000,2862.2000,2862.4000,2862.6000,2862.8000,2,2,1,1,2,3,2,1,1,5
SF,IH2006,2020-06-17 09:35:48.700,2862.0000,20969,-3,1638658140.000,3,0,3,双平,S,2861.6000,2861.4000,2861.2000,2861.0000,2860.8000,2862.2000,2862.4000,2862.6000,2862.8000,2864.4000,3,3,1,1,2,2,1,1,5,1
SF,IH2006,2020-06-17 09:35:49.200,2861.8000,20968,-1,1639516680.000,1,0,1,双平,S,2861.6000,2861.4000,2861.2000,2861.0000,2860.8000,2861.8000,2862.0000,2862.2000,2862.4000,2862.6000,3,3,1,2,2,2,1,2,1,1
SF,IH2006,2020-06-17 09:35:49.700,2862.2000,20964,-4,1642951020.000,4,0,4,双平,S,2861.8000,2861.6000,2861.4000,2861.2000,2861.0000,2862.0000,2862.2000,2862.4000,2862.6000,2862.8000,7,2,3,1,2,1,1,1,1,5
SF,IH2006,2020-06-17 09:35:50.200,2862.6000,20962,-2,1646385780.000,4,1,3,多平,S,2862.6000,2862.0000,2861.8000,2861.6000,2861.4000,2862.8000,2864.4000,2864.8000,2865.0000,2865.2000,1,1,2,2,3,5,1,1,1,1
SF,IH2006,2020-06-17 09:35:50.700,2862.4000,20960,-2,1648103280.000,2,0,2,双平,S,2862.0000,2861.8000,2861.6000,2861.4000,2861.2000,2862.4000,2862.6000,2862.8000,2863.6000,2864.4000,1,2,2,2,1,1,13,6,1,1
SF,IH2006,2020-06-17 09:35:51.200,2862.4000,20960,0,1648103280.000,0,-,-,-,-,2862.2000,2862.0000,2861.8000,2861.6000,2861.4000,2862.4000,2862.6000,2862.8000,2863.6000,2864.4000,1,1,2,2,2,1,2,5,1,1
SF,IH2006,2020-06-17 09:35:51.700,2862.4000,20958,-2,1649820720.000,2,0,2,双平,S,2862.4000,2862.2000,2862.0000,2861.8000,2861.6000,2862.8000,2863.6000,2864.4000,2864.8000,2865.0000,26,2,2,2,2,6,1,1,1,1
SF,IH2006,2020-06-17 09:35:52.200,2862.8000,20952,-6,1654973760.000,6,0,6,双平,S,2862.8000,2862.4000,2862.2000,2862.0000,2861.8000,2863.0000,2863.6000,2864.4000,2864.8000,2865.0000,5,23,2,2,2,1,1,1,1,1
SF,IH2006,2020-06-17 09:35:52.700,2863.0000,20951,-1,1656691560.000,2,0,2,多平,S,2862.8000,2862.4000,2862.2000,2862.0000,2861.8000,2864.4000,2864.8000,2865.0000,2865.2000,2865.6000,1,22,2,2,2,1,1,1,1,1
SF,IH2006,2020-06-17 09:35:53.200,2863.0000,20948,-3,1660127160.000,4,0,4,多平,S,2862.8000,2862.4000,2862.2000,2862.0000,2861.8000,2863.0000,2863.2000,2863.4000,2864.0000,2864.2000,3,23,2,2,3,1,15,1,3,9
SF,IH2006,2020-06-17 09:35:53.700,2862.8000,20942,-6,1665280200.000,6,0,6,双平,S,2862.4000,2862.2000,2862.0000,2861.8000,2861.6000,2862.8000,2863.2000,2864.0000,2864.2000,2864.4000,22,1,2,3,1,12,4,2,6,5
SF,IH2006,2020-06-17 09:35:54.200,2862.8000,20932,-10,1675586040.000,12,1,11,多平,S,2863.0000,2862.4000,2862.2000,2862.0000,2861.8000,2863.2000,2864.0000,2864.2000,2864.4000,2864.6000,9,1,1,2,3,4,1,5,5,1
SF,IH2006,2020-06-17 09:35:54.700,2862.4000,20925,-7,1684174860.000,10,1,9,多平,S,2862.4000,2862.2000,2862.0000,2861.8000,2861.6000,2862.8000,2863.0000,2863.2000,2864.0000,2864.2000,1,1,2,3,1,2,5,4,1,4
SF,IH2006,2020-06-17 09:35:55.200,2862.4000,20923,-2,1685892300.000,2,0,2,双平,S,2862.2000,2862.0000,2861.8000,2861.6000,2861.4000,2862.4000,2862.6000,2863.0000,2863.2000,2863.4000,1,2,3,1,2,1,4,2,4,1
SF,IH2006,2020-06-17 09:35:55.700,2862.4000,20918,-5,1690185900.000,5,0,5,双平,S,2862.4000,2862.2000,2862.0000,2861.8000,2861.6000,2863.0000,2863.2000,2863.4000,2864.0000,2864.2000,4,2,2,3,1,1,4,1,1,4
SF,IH2006,2020-06-17 09:35:56.200,2862.4000,20916,-2,1691903520.000,2,0,2,双平,S,2862.4000,2862.2000,2862.0000,2861.8000,2861.6000,2863.2000,2863.4000,2863.8000,2864.2000,2864.4000,1,2,2,3,1,4,1,1,4,1
SF,IH2006,2020-06-17 09:35:56.700,2862.4000,20915,-1,1692762240.000,1,0,1,双平,S,2862.2000,2862.0000,2861.8000,2861.6000,2861.4000,2862.6000,2862.8000,2863.0000,2863.2000,2863.4000,2,6,3,1,2,2,2,1,4,1
SF,IH2006,2020-06-17 09:35:57.200,2862.8000,20915,0,1694479860.000,2,1,1,多换,S,2862.2000,2862.0000,2861.8000,2861.6000,2861.4000,2862.8000,2863.0000,2863.2000,2863.4000,2864.2000,2,6,3,1,2,1,1,4,1,3
SF,IH2006,2020-06-17 09:35:57.700,2862.8000,20915,0,1694479860.000,0,-,-,-,-,2862.2000,2862.0000,2861.8000,2861.6000,2861.4000,2862.4000,2862.8000,2863.0000,2863.2000,2863.4000,3,6,1,1,2,1,1,1,4,1
SF,IH2006,2020-06-17 09:35:58.200,2862.8000,20915,0,1694479860.000,0,-,-,-,-,2862.4000,2862.2000,2862.0000,2861.8000,2861.6000,2862.8000,2863.0000,2863.2000,2863.4000,2864.2000,1,3,6,1,1,1,1,4,1,3
SF,IH2006,2020-06-17 09:35:58.700,2862.4000,20914,-1,1695338580.000,1,0,1,双平,S,2862.2000,2862.0000,2861.8000,2861.6000,2861.2000,2862.8000,2863.0000,2863.2000,2863.4000,2864.2000,3,6,1,1,1,1,1,4,1,3
SF,IH2006,2020-06-17 09:35:59.200,2862.4000,20914,0,1695338580.000,0,-,-,-,-,2862.4000,2862.2000,2862.0000,2861.8000,2861.6000,2862.8000,2863.0000,2863.2000,2863.4000,2864.2000,1,2,6,1,1,1,1,4,1,3
SF,IH2006,2020-06-17 09:35:59.700,2862.4000,20913,-1,1696197300.000,1,0,1,双平,S,2862.2000,2862.0000,2861.8000,2861.6000,2861.2000,2862.8000,2863.0000,2863.2000,2863.4000,2864.2000,2,6,1,1,1,2,1,4,1,3
SF,IH2006,2020-06-17 09:36:00.200,2862.4000,20913,0,1696197300.000,0,-,-,-,-,2862.4000,2862.2000,2862.0000,2861.8000,2861.6000,2862.8000,2863.0000,2863.2000,2863.4000,2864.2000,1,4,6,1,1,2,1,4,1,3
SF,IH2006,2020-06-17 09:36:00.700,2862.4000,20913,0,1696197300.000,0,-,-,-,-,2862.2000,2862.0000,2861.8000,2861.6000,2861.2000,2862.8000,2863.0000,2863.2000,2863.4000,2864.2000,4,6,1,1,1,2,1,4,1,3
SF,IH2006,2020-06-17 09:36:01.700,2862.4000,20913,0,1696197300.000,0,-,-,-,-,2862.2000,2862.0000,2861.8000,2861.6000,2861.2000,2862.8000,2863.0000,2863.2000,2863.4000,2864.2000,4,6,1,1,1,2,1,4,1,3
SF,IH2006,2020-06-17 09:36:02.200,2862.4000,20913,0,1696197300.000,0,-,-,-,-,2862.2000,2862.0000,2861.8000,2861.6000,2861.2000,2862.4000,2862.8000,2863.0000,2863.2000,2863.4000,4,5,1,1,1,1,2,1,4,1
SF,IH2006,2020-06-17 09:36:02.700,2862.2000,20910,-3,1698773280.000,3,0,3,双平,S,2862.0000,2861.6000,2861.2000,2861.0000,2860.6000,2862.2000,2862.6000,2862.8000,2863.0000,2863.2000,5,1,1,2,1,3,5,2,1,4
SF,IH2006,2020-06-17 09:36:03.200,2862.2000,20910,0,1701349260.000,3,1,2,多换,S,2862.0000,2861.6000,2861.2000,2861.0000,2860.6000,2862.6000,2862.8000,2863.0000,2863.2000,2863.4000,6,1,1,2,1,5,2,1,4,1
SF,IH2006,2020-06-17 09:36:03.700,2862.2000,20910,0,1701349260.000,0,-,-,-,-,2862.0000,2861.6000,2861.2000,2861.0000,2860.6000,2862.2000,2862.4000,2862.6000,2862.8000,2863.2000,5,1,1,2,1,3,1,5,2,4
SF,IH2006,2020-06-17 09:36:04.200,2862.2000,20909,-1,1702207920.000,1,0,1,双平,S,2862.2000,2862.0000,2861.6000,2861.2000,2861.0000,2862.4000,2862.6000,2862.8000,2863.2000,2863.4000,2,5,1,1,2,1,5,2,4,1
SF,IH2006,2020-06-17 09:36:04.700,2862.4000,20908,-1,1703066640.000,1,0,1,双平,S,2862.0000,2861.6000,2861.2000,2861.0000,2860.6000,2862.4000,2862.6000,2862.8000,2863.2000,2863.4000,5,1,1,2,1,26,5,2,4,1
SF,IH2006,2020-06-17 09:36:05.200,2862.0000,20903,-5,1707359640.000,5,0,5,双平,S,2861.6000,2861.2000,2861.0000,2860.6000,2860.4000,2861.8000,2862.0000,2862.4000,2862.6000,2862.8000,1,1,2,1,4,2,10,20,5,2
SF,IH2006,2020-06-17 09:36:05.700,2861.6000,20901,-2,1709076600.000,2,0,2,双平,S,2861.4000,2861.2000,2861.0000,2860.6000,2860.4000,2861.8000,2862.0000,2862.6000,2862.8000,2863.2000,1,1,2,1,4,6,1,5,2,4
SF,IH2006,2020-06-17 09:36:06.200,2861.8000,20890,-11,1720237620.000,13,1,12,多平,S,2861.4000,2861.2000,2861.0000,2860.6000,2860.4000,2861.6000,2862.0000,2862.6000,2862.8000,2863.2000,2,1,2,1,4,13,1,5,2,4
SF,IH2006,2020-06-17 09:36:06.700,2862.0000,20875,-15,1733973360.000,16,0,16,多平,S,2861.6000,2861.4000,2861.2000,2861.0000,2860.6000,2862.6000,2862.8000,2863.2000,2863.4000,2863.6000,3,1,1,2,1,5,2,4,1,1
SF,IH2006,2020-06-17 09:36:07.200,2862.0000,20875,0,1733973360.000,0,-,-,-,-,2861.8000,2861.6000,2861.4000,2861.2000,2861.0000,2862.0000,2862.4000,2862.6000,2862.8000,2863.2000,1,1,1,1,2,2,2,5,2,4
SF,IH2006,2020-06-17 09:36:07.700,2861.6000,20868,-7,1739983260.000,7,0,7,双平,S,2861.4000,2861.2000,2861.0000,2860.6000,2860.4000,2862.4000,2862.6000,2862.8000,2863.2000,2863.4000,1,1,1,1,4,2,5,3,4,1
SF,IH2006,2020-06-17 09:36:08.200,2861.6000,20868,0,1739983260.000,0,-,-,-,-,2861.6000,2861.4000,2861.2000,2861.0000,2860.6000,2861.8000,2862.2000,2862.4000,2862.6000,2862.8000,1,1,1,1,1,1,3,1,5,3
SF,IH2006,2020-06-17 09:36:08.700,2861.6000,20867,-1,1740841740.000,1,0,1,双平,S,2861.6000,2861.4000,2861.2000,2861.0000,2860.6000,2862.2000,2862.4000,2862.6000,2862.8000,2863.2000,1,1,1,1,1,4,1,5,3,4
SF,IH2006,2020-06-17 09:36:09.200,2862.2000,20864,-3,1743417720.000,3,0,3,双平,S,2861.8000,2861.6000,2861.4000,2861.2000,2861.0000,2862.4000,2862.6000,2862.8000,2863.2000,2863.4000,2,1,1,1,1,3,5,3,4,1
SF,IH2006,2020-06-17 09:36:09.700,2862.2000,20864,0,1743417720.000,0,-,-,-,-,2861.8000,2861.6000,2861.4000,2861.2000,2861.0000,2862.4000,2862.6000,2862.8000,2863.2000,2863.4000,1,1,1,1,1,3,5,3,4,1
SF,IH2006,2020-06-17 09:36:10.200,2862.2000,20864,0,1743417720.000,0,-,-,-,-,2861.8000,2861.6000,2861.4000,2861.2000,2861.0000,2862.4000,2862.6000,2862.8000,2863.4000,2863.6000,4,1,1,1,1,3,5,3,1,1
SF,IH2006,2020-06-17 09:36:10.700,2862.4000,20864,0,1744276440.000,1,0,1,多换,S,2862.0000,2861.8000,2861.6000,2861.4000,2861.2000,2862.6000,2862.8000,2863.4000,2863.6000,2863.8000,3,4,1,1,1,5,3,1,1,1
SF,IH2006,2020-06-17 09:36:11.200,2862.4000,20864,0,1744276440.000,0,-,-,-,-,2862.2000,2862.0000,2861.8000,2861.6000,2861.4000,2862.6000,2862.8000,2863.4000,2863.6000,2863.8000,1,3,4,1,1,5,3,1,1,1
SF,IH2006,2020-06-17 09:36:11.700,2862.4000,20864,0,1744276440.000,0,-,-,-,-,2862.0000,2861.8000,2861.6000,2861.4000,2861.2000,2862.6000,2862.8000,2863.4000,2863.6000,2863.8000,3,4,1,1,1,5,2,1,1,1
SF,IH2006,2020-06-17 09:36:12.200,2862.4000,20864,0,1744276440.000,0,-,-,-,-,2862.0000,2861.8000,2861.6000,2861.4000,2861.2000,2862.6000,2862.8000,2863.2000,2863.4000,2863.6000,3,4,1,1,1,6,2,1,1,2
SF,IH2006,2020-06-17 09:36:12.700,2862.4000,20864,0,1744276440.000,0,-,-,-,-,2862.0000,2861.8000,2861.6000,2861.4000,2861.2000,2862.6000,2862.8000,2863.2000,2863.4000,2863.6000,3,4,1,1,2,6,2,1,1,2
SF,IH2006,2020-06-17 09:36:14.200,2862.4000,20864,0,1744276440.000,0,-,-,-,-,2862.0000,2861.8000,2861.6000,2861.4000,2861.2000,2862.4000,2862.6000,2862.8000,2863.2000,2863.4000,3,5,1,1,2,1,6,2,1,1
SF,IH2006,2020-06-17 09:36:14.700,2862.0000,20862,-2,1745993760.000,2,0,2,双平,S,2862.0000,2861.8000,2861.6000,2861.4000,2861.2000,2862.6000,2862.8000,2863.2000,2863.4000,2863.6000,3,3,1,1,2,6,1,1,1,2
SF,IH2006,2020-06-17 09:36:15.200,2862.0000,20862,0,1745993760.000,0,-,-,-,-,2862.0000,2861.8000,2861.6000,2861.4000,2861.2000,2862.6000,2862.8000,2863.2000,2863.4000,2863.6000,3,3,1,1,2,7,1,1,1,2
SF,IH2006,2020-06-17 09:36:15.700,2862.0000,20862,0,1745993760.000,0,-,-,-,-,2862.0000,2861.8000,2861.6000,2861.4000,2861.2000,2862.4000,2862.6000,2862.8000,2863.2000,2863.4000,3,3,1,1,2,1,6,1,1,1
SF,IH2006,2020-06-17 09:36:16.200,2862.6000,20860,-2,1747711260.000,2,0,2,双平,S,2862.0000,2861.8000,2861.6000,2861.4000,2861.2000,2862.6000,2862.8000,2863.2000,2863.4000,2863.6000,1,3,1,1,2,5,1,1,1,2
SF,IH2006,2020-06-17 09:36:16.700,2862.8000,20854,-6,1753722660.000,7,0,7,多平,S,2862.2000,2862.0000,2861.8000,2861.6000,2861.4000,2863.2000,2863.4000,2863.6000,2863.8000,2864.2000,1,2,3,1,1,1,1,2,2,1
SF,IH2006,2020-06-17 09:36:17.200,2862.8000,20854,0,1753722660.000,0,-,-,-,-,2862.4000,2862.2000,2862.0000,2861.8000,2861.6000,2863.0000,2863.2000,2863.4000,2863.6000,2863.8000,1,2,2,3,1,3,2,1,2,2
SF,IH2006,2020-06-17 09:36:17.700,2862.8000,20854,0,1753722660.000,0,-,-,-,-,2862.4000,2862.2000,2862.0000,2861.8000,2861.6000,2863.0000,2863.2000,2863.4000,2863.6000,2863.8000,1,2,1,3,1,3,2,1,2,2
SF,IH2006,2020-06-17 09:36:18.200,2862.8000,20854,0,1753722660.000,0,-,-,-,-,2862.4000,2862.2000,2862.0000,2861.8000,2861.6000,2862.6000,2863.0000,2863.2000,2863.4000,2863.6000,1,3,1,3,1,1,1,2,1,1
SF,IH2006,2020-06-17 09:36:18.700,2862.4000,20853,-1,1755440160.000,2,0,2,多平,S,2862.4000,2862.2000,2862.0000,2861.8000,2861.6000,2863.0000,2863.2000,2863.4000,2863.6000,2863.8000,1,3,1,3,1,1,2,1,1,2
SF,IH2006,2020-06-17 09:36:19.200,2863.0000,20852,-1,1756299060.000,1,0,1,双平,S,2862.4000,2862.2000,2862.0000,2861.8000,2861.6000,2863.2000,2863.4000,2863.6000,2863.8000,2864.2000,2,3,1,3,1,2,1,1,2,1
SF,IH2006,2020-06-17 09:36:19.700,2862.4000,20851,-1,1757157780.000,1,0,1,双平,S,2862.6000,2862.4000,2862.2000,2862.0000,2861.8000,2863.2000,2863.4000,2863.6000,2863.8000,2864.0000,1,1,3,1,3,2,1,1,2,1
SF,IH2006,2020-06-17 09:36:20.200,2862.6000,20850,-1,1758016560.000,1,0,1,双平,S,2862.6000,2862.4000,2862.2000,2862.0000,2861.8000,2862.8000,2863.0000,2863.2000,2863.4000,2863.6000,8,1,3,1,3,2,1,2,1,1
SF,IH2006,2020-06-17 09:36:20.700,2862.6000,20841,-9,1765745580.000,9,0,9,双平,S,2862.4000,2862.2000,2862.0000,2861.8000,2861.6000,2862.6000,2863.0000,2863.2000,2863.4000,2863.6000,1,3,1,3,1,2,1,2,1,1
SF,IH2006,2020-06-17 09:36:21.200,2862.6000,20838,-3,1768321860.000,3,0,3,双平,S,2862.2000,2862.0000,2861.8000,2861.6000,2861.2000,2863.0000,2863.2000,2863.4000,2863.6000,2863.8000,2,1,3,1,2,1,2,1,1,2
SF,IH2006,2020-06-17 09:36:22.200,2862.6000,20838,0,1768321860.000,0,-,-,-,-,2862.4000,2862.2000,2862.0000,2861.8000,2861.6000,2863.0000,2863.2000,2863.4000,2863.6000,2863.8000,1,2,1,3,1,1,2,1,1,2
SF,IH2006,2020-06-17 09:36:22.700,2862.6000,20838,0,1768321860.000,0,-,-,-,-,2862.4000,2862.2000,2862.0000,2861.8000,2861.6000,2863.0000,2863.2000,2863.4000,2863.6000,2863.8000,1,2,1,3,1,1,3,1,1,2
SF,IH2006,2020-06-17 09:36:23.200,2862.6000,20838,0,1768321860.000,0,-,-,-,-,2862.4000,2862.2000,2862.0000,2861.8000,2861.6000,2863.0000,2863.2000,2863.4000,2863.6000,2863.8000,1,2,1,3,1,1,3,1,1,2
SF,IH2006,2020-06-17 09:36:23.700,2863.0000,20834,-4,1771757520.000,4,0,4,双平,S,2862.4000,2862.2000,2861.8000,2861.6000,2861.2000,2863.2000,2863.4000,2863.6000,2863.8000,2864.0000,1,2,3,1,2,2,1,1,2,1
SF,IH2006,2020-06-17 09:36:24.200,2863.0000,20834,0,1771757520.000,0,-,-,-,-,2862.4000,2862.2000,2862.0000,2861.8000,2861.6000,2863.2000,2863.4000,2863.6000,2863.8000,2864.0000,1,2,1,3,1,3,1,1,2,1
SF,IH2006,2020-06-17 09:36:24.700,2863.0000,20834,0,1771757520.000,0,-,-,-,-,2862.4000,2862.2000,2862.0000,2861.8000,2861.6000,2862.6000,2863.0000,2863.2000,2863.4000,2863.6000,6,2,1,3,1,2,2,2,1,1
SF,IH2006,2020-06-17 09:36:25.200,2863.0000,20834,0,1771757520.000,0,-,-,-,-,2862.6000,2862.4000,2862.2000,2862.0000,2861.8000,2863.0000,2863.2000,2863.4000,2863.6000,2863.8000,1,6,1,1,3,2,2,1,1,2
SF,IH2006,2020-06-17 09:36:25.700,2862.6000,20833,-1,1772616300.000,1,0,1,双平,S,2862.4000,2862.2000,2862.0000,2861.8000,2861.6000,2863.0000,2863.2000,2863.4000,2863.6000,2863.8000,6,1,1,3,1,2,2,1,1,2
SF,IH2006,2020-06-17 09:36:26.200,2862.6000,20827,-6,1780344900.000,9,1,8,多平,S,2862.2000,2862.0000,2861.8000,2861.6000,2861.2000,2862.6000,2862.8000,2863.0000,2863.2000,2863.4000,1,1,3,1,2,4,1,2,2,1
SF,IH2006,2020-06-17 09:36:26.700,2862.2000,20826,-1,1781203560.000,1,0,1,双平,S,2862.0000,2861.8000,2861.6000,2861.2000,2861.0000,2862.4000,2862.6000,2862.8000,2863.0000,2863.2000,1,3,1,2,1,6,4,1,2,2
SF,IH2006,2020-06-17 09:36:27.200,2862.0000,20825,-1,1782062160.000,1,0,1,双平,S,2861.8000,2861.6000,2861.2000,2861.0000,2860.4000,2862.4000,2862.6000,2862.8000,2863.0000,2863.2000,2,1,2,1,4,6,4,1,2,2
SF,IH2006,2020-06-17 09:36:27.700,2862.0000,20825,0,1782062160.000,0,-,-,-,-,2861.8000,2861.6000,2861.2000,2861.0000,2860.4000,2862.4000,2862.6000,2862.8000,2863.0000,2863.2000,2,1,2,1,4,7,4,1,2,2
SF,IH2006,2020-06-17 09:36:28.200,2861.8000,20824,-1,1782920700.000,1,0,1,双平,S,2861.8000,2861.6000,2861.2000,2861.0000,2860.4000,2862.2000,2862.4000,2862.6000,2862.8000,2863.0000,1,1,2,1,4,1,7,4,1,2
SF,IH2006,2020-06-17 09:36:28.700,2861.8000,20824,0,1782920700.000,0,-,-,-,-,2862.0000,2861.8000,2861.6000,2861.2000,2861.0000,2862.2000,2862.4000,2862.6000,2862.8000,2863.0000,1,1,1,2,1,1,7,4,1,2
SF,IH2006,2020-06-17 09:36:29.200,2862.0000,20823,-1,1784637960.000,2,0,2,多平,S,2861.8000,2861.6000,2861.2000,2861.0000,2860.4000,2862.2000,2862.4000,2862.6000,2862.8000,2863.0000,1,1,2,1,4,1,7,4,1,2
SF,IH2006,2020-06-17 09:36:29.700,2862.0000,20823,0,1784637960.000,0,-,-,-,-,2861.8000,2861.6000,2861.2000,2861.0000,2860.4000,2862.2000,2862.4000,2862.6000,2862.8000,2863.0000,1,2,2,1,4,1,7,4,1,2
SF,IH2006,2020-06-17 09:36:30.200,2862.0000,20823,0,1784637960.000,0,-,-,-,-,2861.8000,2861.6000,2861.2000,2861.0000,2860.4000,2862.2000,2862.4000,2862.6000,2862.8000,2863.0000,1,2,2,1,4,1,7,4,1,2
SF,IH2006,2020-06-17 09:36:30.700,2862.0000,20823,0,1784637960.000,0,-,-,-,-,2861.8000,2861.6000,2861.2000,2861.0000,2860.4000,2862.2000,2862.4000,2862.6000,2862.8000,2863.0000,1,2,2,1,4,1,7,4,1,2
SF,IH2006,2020-06-17 09:36:31.700,2862.2000,20823,0,1785496620.000,1,0,1,多换,S,2861.8000,2861.6000,2861.2000,2861.0000,2860.4000,2862.4000,2862.6000,2862.8000,2863.0000,2863.2000,1,2,2,1,4,7,4,1,2,2
SF,IH2006,2020-06-17 09:36:32.200,2862.2000,20823,0,1785496620.000,0,-,-,-,-,2861.8000,2861.6000,2861.2000,2861.0000,2860.4000,2862.4000,2862.6000,2862.8000,2863.0000,2863.2000,1,2,2,1,5,7,4,1,2,2
SF,IH2006,2020-06-17 09:36:33.200,2862.2000,20823,0,1785496620.000,0,-,-,-,-,2861.8000,2861.6000,2861.2000,2861.0000,2860.6000,2862.4000,2862.6000,2862.8000,2863.0000,2863.2000,1,2,2,1,1,7,4,1,2,2
SF,IH2006,2020-06-17 09:36:33.700,2862.2000,20823,0,1785496620.000,0,-,-,-,-,2861.8000,2861.6000,2861.2000,2861.0000,2860.6000,2862.4000,2862.6000,2862.8000,2863.0000,2863.2000,3,2,2,1,1,7,4,1,2,2
SF,IH2006,2020-06-17 09:36:34.200,2862.4000,20817,-6,1791507660.000,7,0,7,多平,S,2861.8000,2861.6000,2861.2000,2861.0000,2860.8000,2862.6000,2862.8000,2863.0000,2863.2000,2863.4000,3,2,2,1,1,4,1,1,2,1
SF,IH2006,2020-06-17 09:36:34.700,2862.4000,20816,-1,1792366380.000,1,0,1,双平,S,2862.4000,2862.2000,2862.0000,2861.8000,2861.6000,2862.6000,2862.8000,2863.0000,2863.2000,2863.4000,3,1,5,3,2,4,2,1,2,1
SF,IH2006,2020-06-17 09:36:35.200,2862.6000,20812,-4,1795801500.000,4,0,4,双平,S,2862.2000,2862.0000,2861.8000,2861.6000,2861.2000,2862.8000,2863.0000,2863.2000,2863.4000,2863.6000,1,5,3,2,2,2,1,2,2,2
SF,IH2006,2020-06-17 09:36:35.700,2862.8000,20811,-1,1796660340.000,1,0,1,双平,S,2862.4000,2862.2000,2862.0000,2861.8000,2861.6000,2862.8000,2863.0000,2863.2000,2863.4000,2863.6000,1,2,5,3,2,2,1,2,2,2
SF,IH2006,2020-06-17 09:36:36.200,2862.4000,20810,-1,1797519060.000,1,0,1,双平,S,2862.4000,2862.2000,2862.0000,2861.8000,2861.6000,2862.8000,2863.0000,2863.2000,2863.4000,2863.6000,1,1,3,2,2,5,1,2,2,2
SF,IH2006,2020-06-17 09:36:36.700,2862.4000,20810,0,1798377780.000,1,0,1,多换,S,2862.2000,2862.0000,2861.8000,2861.6000,2861.4000,2862.8000,2863.0000,2863.2000,2863.4000,2863.6000,1,3,2,2,1,7,1,2,2,2
SF,IH2006,2020-06-17 09:36:37.200,2862.4000,20806,-4,1801813020.000,4,0,4,双平,S,2862.2000,2862.0000,2861.8000,2861.6000,2861.4000,2862.8000,2863.0000,2863.2000,2863.4000,2863.6000,3,3,2,2,1,4,1,2,2,2
SF,IH2006,2020-06-17 09:36:37.700,2862.4000,20806,0,1801813020.000,0,-,-,-,-,2862.6000,2862.4000,2862.2000,2862.0000,2861.8000,2862.8000,2863.0000,2863.2000,2863.4000,2863.6000,10,6,5,1,2,4,1,2,2,2
SF,IH2006,2020-06-17 09:36:38.200,2862.8000,20802,-4,1805248380.000,4,0,4,双平,S,2862.8000,2862.4000,2862.2000,2861.8000,2861.6000,2863.0000,2863.2000,2863.4000,2863.6000,2863.8000,6,5,5,2,2,1,2,2,2,2
SF,IH2006,2020-06-17 09:36:38.700,2862.8000,20800,-2,1807824900.000,3,0,3,多平,S,2862.4000,2862.2000,2861.8000,2861.6000,2861.4000,2862.6000,2863.0000,2863.2000,2863.4000,2863.6000,5,3,2,3,1,15,1,2,2,2
SF,IH2006,2020-06-17 09:36:39.200,2862.4000,20792,-8,1815553680.000,9,0,9,多平,S,2862.2000,2861.8000,2861.6000,2861.4000,2861.2000,2862.6000,2862.8000,2863.0000,2863.2000,2863.4000,2,2,3,1,3,10,3,1,2,2
SF,IH2006,2020-06-17 09:36:39.700,2862.2000,20791,-1,1817271000.000,2,0,2,多平,S,2861.8000,2861.6000,2861.4000,2861.2000,2861.0000,2862.6000,2862.8000,2863.0000,2863.2000,2863.4000,3,3,1,3,2,10,3,1,2,2
SF,IH2006,2020-06-17 09:36:40.200,2862.2000,20791,0,1817271000.000,0,-,-,-,-,2862.0000,2861.8000,2861.6000,2861.4000,2861.2000,2862.2000,2862.6000,2862.8000,2863.0000,2863.2000,1,9,4,1,3,3,11,3,1,2
SF,IH2006,2020-06-17 09:36:40.700,2862.6000,20787,-4,1820705760.000,4,0,4,双平,S,2862.0000,2861.8000,2861.6000,2861.4000,2861.2000,2862.6000,2862.8000,2863.0000,2863.2000,2863.4000,1,9,4,1,3,10,3,1,2,2
SF,IH2006,2020-06-17 09:36:41.200,2862.6000,20787,0,1820705760.000,0,-,-,-,-,2862.0000,2861.8000,2861.6000,2861.4000,2861.2000,2862.6000,2862.8000,2863.0000,2863.2000,2863.4000,1,9,4,1,3,9,3,1,2,2
SF,IH2006,2020-06-17 09:36:41.700,2862.6000,20786,-1,1821564540.000,1,0,1,双平,S,2862.0000,2861.8000,2861.6000,2861.4000,2861.2000,2862.6000,2862.8000,2863.0000,2863.2000,2863.4000,6,9,4,1,3,8,3,1,2,2
SF,IH2006,2020-06-17 09:36:42.200,2862.6000,20786,0,1822423320.000,1,0,1,多换,S,2862.0000,2861.8000,2861.6000,2861.4000,2861.2000,2862.6000,2862.8000,2863.0000,2863.2000,2863.4000,6,9,4,1,3,7,3,1,2,2
SF,IH2006,2020-06-17 09:36:43.200,2862.2000,20784,-2,1824140760.000,2,0,2,双平,S,2862.0000,2861.8000,2861.6000,2861.4000,2861.2000,2862.2000,2862.6000,2862.8000,2863.0000,2863.2000,7,9,4,1,3,2,6,3,1,2
SF,IH2006,2020-06-17 09:36:43.700,2862.2000,20782,-2,1825858080.000,2,0,2,双平,S,2862.0000,2861.8000,2861.6000,2861.4000,2861.2000,2862.6000,2862.8000,2863.0000,2863.2000,2863.4000,5,9,4,1,3,6,3,1,2,2
SF,IH2006,2020-06-17 09:36:44.200,2862.6000,20779,-3,1828434360.000,3,0,3,双平,S,2862.0000,2861.8000,2861.6000,2861.4000,2861.2000,2862.6000,2862.8000,2863.0000,2863.2000,2863.4000,5,9,4,1,3,5,3,1,2,2
SF,IH2006,2020-06-17 09:36:44.700,2862.6000,20779,0,1828434360.000,0,-,-,-,-,2862.0000,2861.8000,2861.6000,2861.4000,2861.2000,2862.6000,2862.8000,2863.0000,2863.2000,2863.4000,5,9,4,1,3,6,3,1,2,2
SF,IH2006,2020-06-17 09:36:45.200,2862.0000,20778,-1,1829292960.000,1,0,1,双平,S,2862.0000,2861.8000,2861.6000,2861.4000,2861.2000,2862.4000,2862.6000,2862.8000,2863.0000,2863.2000,4,8,4,1,3,3,6,3,1,2
SF,IH2006,2020-06-17 09:36:45.700,2862.4000,20777,-1,1832727600.000,4,1,3,多平,S,2862.0000,2861.8000,2861.6000,2861.4000,2861.2000,2862.4000,2862.6000,2862.8000,2863.0000,2863.2000,2,8,4,1,3,1,5,3,1,2
SF,IH2006,2020-06-17 09:36:46.200,2862.4000,20777,0,1832727600.000,0,-,-,-,-,2862.0000,2861.8000,2861.6000,2861.4000,2861.2000,2862.4000,2862.6000,2862.8000,2863.0000,2863.2000,2,8,4,1,3,1,5,3,1,2
SF,IH2006,2020-06-17 09:36:46.700,2862.4000,20777,0,1832727600.000,0,-,-,-,-,2862.2000,2862.0000,2861.8000,2861.6000,2861.4000,2862.4000,2862.6000,2862.8000,2863.0000,2863.2000,1,2,8,4,1,2,5,3,1,2
SF,IH2006,2020-06-17 09:36:47.700,2862.4000,20777,0,1832727600.000,0,-,-,-,-,2862.2000,2862.0000,2861.8000,2861.6000,2861.4000,2862.4000,2862.6000,2862.8000,2863.0000,2863.2000,2,2,8,4,1,2,5,3,1,2
SF,IH2006,2020-06-17 09:36:48.200,2862.4000,20777,0,1832727600.000,0,-,-,-,-,2862.2000,2862.0000,2861.8000,2861.6000,2861.4000,2862.4000,2862.6000,2862.8000,2863.0000,2863.2000,3,2,7,3,1,2,5,3,1,2
SF,IH2006,2020-06-17 09:36:48.700,2862.4000,20777,0,1832727600.000,0,-,-,-,-,2862.2000,2862.0000,2861.8000,2861.6000,2861.4000,2862.4000,2862.6000,2862.8000,2863.0000,2863.2000,3,2,7,3,1,2,5,3,1,2
SF,IH2006,2020-06-17 09:36:49.700,2862.4000,20773,-4,1837879620.000,6,1,5,多平,S,2862.0000,2861.8000,2861.6000,2861.4000,2861.2000,2862.6000,2862.8000,2863.0000,2863.2000,2863.4000,1,7,3,1,3,5,3,1,2,2
SF,IH2006,2020-06-17 09:36:50.200,2862.4000,20773,0,1837879620.000,0,-,-,-,-,2862.2000,2862.0000,2861.8000,2861.6000,2861.4000,2862.6000,2862.8000,2863.0000,2863.2000,2863.4000,1,2,7,3,1,5,3,1,2,2
SF,IH2006,2020-06-17 09:36:50.700,2862.4000,20773,0,1837879620.000,0,-,-,-,-,2862.4000,2862.0000,2861.8000,2861.6000,2861.4000,2862.6000,2862.8000,2863.0000,2863.2000,2863.4000,1,1,7,3,1,5,3,1,2,2
SF,IH2006,2020-06-17 09:36:51.200,2862.4000,20773,0,1837879620.000,0,-,-,-,-,2862.4000,2862.2000,2862.0000,2861.8000,2861.6000,2862.6000,2862.8000,2863.0000,2863.2000,2863.4000,1,1,1,7,3,5,3,1,2,2
SF,IH2006,2020-06-17 09:36:51.700,2862.6000,20772,-1,1838738400.000,1,0,1,双平,S,2862.4000,2862.2000,2862.0000,2861.8000,2861.6000,2862.6000,2862.8000,2863.0000,2863.2000,2863.4000,1,1,1,7,3,3,3,1,2,2
SF,IH2006,2020-06-17 09:36:52.200,2862.6000,20769,-3,1841314740.000,3,0,3,双平,S,2862.6000,2862.4000,2862.2000,2862.0000,2861.8000,2862.8000,2863.0000,2863.2000,2863.4000,2863.6000,2,1,1,1,7,3,1,2,2,1
SF,IH2006,2020-06-17 09:36:52.700,2862.8000,20767,-2,1843032420.000,2,0,2,双平,S,2862.6000,2862.4000,2862.2000,2862.0000,2861.8000,2862.8000,2863.0000,2863.2000,2863.4000,2863.6000,5,2,2,1,7,1,1,2,2,1
SF,IH2006,2020-06-17 09:36:53.200,2862.8000,20765,-2,1844750100.000,2,0,2,双平,S,2862.8000,2862.6000,2862.4000,2862.2000,2862.0000,2863.0000,2863.2000,2863.4000,2863.6000,2863.8000,2,5,2,2,1,1,2,1,1,2
SF,IH2006,2020-06-17 09:36:53.700,2862.8000,20764,-1,1846467780.000,2,0,2,多平,S,2863.0000,2862.6000,2862.4000,2862.2000,2862.0000,2863.2000,2863.4000,2863.6000,2863.8000,2864.0000,2,4,2,2,1,2,1,1,3,1
SF,IH2006,2020-06-17 09:36:54.200,2863.0000,20763,-1,1848185580.000,2,0,2,多平,S,2862.6000,2862.4000,2862.2000,2862.0000,2861.8000,2863.0000,2863.2000,2863.4000,2863.6000,2863.8000,1,2,2,1,7,9,2,1,1,3
SF,IH2006,2020-06-17 09:36:54.700,2862.6000,20763,0,1849044360.000,1,0,1,多换,S,2862.6000,2862.4000,2862.2000,2862.0000,2861.8000,2863.0000,2863.2000,2863.4000,2863.6000,2863.8000,2,2,2,1,7,2,2,1,1,3
SF,IH2006,2020-06-17 09:36:55.200,2862.6000,20763,0,1849044360.000,0,-,-,-,-,2862.4000,2862.2000,2862.0000,2861.8000,2861.6000,2863.0000,2863.2000,2863.4000,2863.6000,2863.8000,2,2,1,7,3,1,2,1,1,3
SF,IH2006,2020-06-17 09:36:55.700,2862.6000,20763,0,1849044360.000,0,-,-,-,-,2862.4000,2862.2000,2862.0000,2861.8000,2861.6000,2863.0000,2863.2000,2863.4000,2863.6000,2863.8000,3,2,1,7,3,1,2,1,1,3
SF,IH2006,2020-06-17 09:36:56.200,2863.0000,20762,-1,1849903260.000,1,0,1,双平,S,2862.6000,2862.4000,2862.2000,2862.0000,2861.8000,2863.2000,2863.4000,2863.6000,2863.8000,2864.0000,2,4,2,1,7,3,1,1,3,1
SF,IH2006,2020-06-17 09:36:56.700,2863.0000,20762,0,1849903260.000,0,-,-,-,-,2862.8000,2862.6000,2862.4000,2862.2000,2862.0000,2863.2000,2863.4000,2863.6000,2863.8000,2864.0000,2,2,4,2,1,3,2,1,3,1
SF,IH2006,2020-06-17 09:36:57.200,2862.8000,20761,-1,1850762100.000,1,0,1,双平,S,2862.8000,2862.6000,2862.4000,2862.2000,2862.0000,2863.0000,2863.2000,2863.4000,2863.6000,2863.8000,2,2,4,2,1,20,3,1,1,3
SF,IH2006,2020-06-17 09:36:57.700,2863.0000,20761,0,1853338680.000,3,1,2,多换,S,2862.6000,2862.4000,2862.2000,2862.0000,2861.8000,2863.0000,2863.2000,2863.4000,2863.6000,2863.8000,3,5,2,1,7,19,3,1,1,3
SF,IH2006,2020-06-17 09:36:59.200,2863.0000,20761,0,1853338680.000,0,-,-,-,-,2862.6000,2862.4000,2862.2000,2862.0000,2861.8000,2863.0000,2863.2000,2863.4000,2863.6000,2863.8000,3,4,2,1,7,19,3,1,1,3
SF,IH2006,2020-06-17 09:36:59.700,2863.0000,20759,-2,1856773920.000,4,1,3,多平,S,2862.4000,2862.2000,2862.0000,2861.8000,2861.6000,2863.0000,2863.2000,2863.4000,2863.6000,2863.8000,3,2,1,7,3,19,3,1,1,3
SF,IH2006,2020-06-17 09:37:00.200,2862.4000,20758,-1,1857632640.000,1,0,1,双平,S,2862.4000,2862.2000,2862.0000,2861.8000,2861.6000,2862.8000,2863.0000,2863.2000,2863.4000,2863.6000,1,2,1,7,3,2,19,3,1,1
SF,IH2006,2020-06-17 09:37:00.700,2862.8000,20758,0,1859350200.000,2,1,1,多换,S,2862.2000,2862.0000,2861.8000,2861.6000,2861.4000,2862.8000,2863.0000,2863.2000,2863.4000,2863.6000,2,1,7,3,1,2,19,2,1,1
SF,IH2006,2020-06-17 09:37:01.200,2862.8000,20758,0,1859350200.000,0,-,-,-,-,2862.2000,2862.0000,2861.8000,2861.6000,2861.4000,2862.4000,2862.6000,2862.8000,2863.0000,2863.2000,3,1,7,3,1,1,2,4,19,2
SF,IH2006,2020-06-17 09:37:01.700,2862.2000,20756,-2,1861926300.000,3,0,3,多平,S,2862.2000,2862.0000,2861.8000,2861.6000,2861.4000,2862.8000,2863.0000,2863.2000,2863.4000,2863.6000,1,1,7,3,1,4,19,2,1,1
SF,IH2006,2020-06-17 09:37:02.200,2862.2000,20756,0,1861926300.000,0,-,-,-,-,2862.2000,2862.0000,2861.8000,2861.6000,2861.4000,2862.6000,2862.8000,2863.0000,2863.2000,2863.4000,1,1,7,3,1,4,4,18,2,1
SF,IH2006,2020-06-17 09:37:02.700,2862.2000,20756,0,1861926300.000,0,-,-,-,-,2862.2000,2862.0000,2861.8000,2861.6000,2861.4000,2862.6000,2862.8000,2863.0000,2863.2000,2863.4000,1,1,7,3,1,4,4,18,2,1
SF,IH2006,2020-06-17 09:37:03.700,2862.2000,20756,0,1861926300.000,0,-,-,-,-,2862.2000,2862.0000,2861.8000,2861.6000,2861.4000,2862.6000,2862.8000,2863.0000,2863.2000,2863.4000,1,1,7,3,1,4,5,18,2,1
SF,IH2006,2020-06-17 09:37:04.200,2862.8000,20752,-4,1866220260.000,5,0,5,多平,S,2862.4000,2862.2000,2862.0000,2861.8000,2861.6000,2862.8000,2863.0000,2863.2000,2863.4000,2863.6000,1,1,1,7,3,4,18,2,1,1
SF,IH2006,2020-06-17 09:37:04.700,2862.4000,20752,0,1867078980.000,1,0,1,多换,S,2862.2000,2862.0000,2861.8000,2861.6000,2861.4000,2862.4000,2862.6000,2862.8000,2863.0000,2863.2000,1,1,7,3,1,2,3,4,18,2
SF,IH2006,2020-06-17 09:37:05.200,2862.4000,20751,-1,1868796420.000,2,0,2,多平,S,2862.4000,2862.2000,2862.0000,2861.8000,2861.6000,2862.8000,2863.0000,2863.2000,2863.4000,2863.6000,7,1,1,7,3,4,18,2,1,1
SF,IH2006,2020-06-17 09:37:05.700,2862.4000,20751,0,1869655140.000,1,0,1,多换,S,2862.4000,2862.2000,2862.0000,2861.8000,2861.6000,2862.6000,2862.8000,2863.0000,2863.2000,2863.4000,4,1,1,7,3,3,3,38,2,1
SF,IH2006,2020-06-17 09:37:06.200,2862.6000,20748,-3,1872231480.000,3,0,3,双平,S,2862.4000,2862.2000,2862.0000,2861.8000,2861.6000,2862.8000,2863.0000,2863.2000,2863.4000,2863.6000,4,1,1,7,3,3,38,2,1,1
SF,IH2006,2020-06-17 09:37:06.700,2862.6000,20748,0,1872231480.000,0,-,-,-,-,2862.4000,2862.2000,2862.0000,2861.8000,2861.6000,2862.6000,2862.8000,2863.0000,2863.2000,2863.4000,5,1,1,7,3,2,3,38,2,1
SF,IH2006,2020-06-17 09:37:07.200,2862.4000,20746,-2,1873948920.000,2,0,2,双平,S,2862.4000,2862.2000,2862.0000,2861.8000,2861.6000,2862.8000,2863.0000,2863.2000,2863.4000,2863.6000,2,1,1,7,3,3,38,2,1,1
SF,IH2006,2020-06-17 09:37:07.700,2862.4000,20746,0,1873948920.000,0,-,-,-,-,2862.4000,2862.2000,2862.0000,2861.8000,2861.6000,2862.8000,2863.0000,2863.2000,2863.4000,2863.6000,2,1,1,7,3,3,38,2,1,2
SF,IH2006,2020-06-17 09:37:08.200,2862.8000,20745,-1,1874807760.000,1,0,1,双平,S,2862.4000,2862.2000,2862.0000,2861.8000,2861.6000,2862.8000,2863.0000,2863.2000,2863.4000,2863.6000,2,1,1,7,3,4,38,2,1,2
SF,IH2006,2020-06-17 09:37:09.200,2862.8000,20745,0,1874807760.000,0,-,-,-,-,2862.4000,2862.2000,2862.0000,2861.8000,2861.6000,2862.6000,2862.8000,2863.0000,2863.2000,2863.4000,2,2,1,7,3,2,4,38,2,1
SF,IH2006,2020-06-17 09:37:09.700,2862.4000,20743,-2,1876525200.000,2,0,2,双平,S,2862.2000,2862.0000,2861.8000,2861.6000,2861.4000,2862.8000,2863.0000,2863.2000,2863.4000,2863.6000,2,1,7,3,2,4,38,2,1,2
SF,IH2006,2020-06-17 09:37:10.200,2862.4000,20743,0,1876525200.000,0,-,-,-,-,2862.2000,2862.0000,2861.8000,2861.6000,2861.4000,2862.8000,2863.0000,2863.2000,2863.4000,2863.6000,2,1,7,3,2,5,38,2,1,2
SF,IH2006,2020-06-17 09:37:10.700,2862.8000,20741,-2,1879101720.000,3,0,3,多平,S,2862.4000,2862.2000,2862.0000,2861.8000,2861.6000,2862.8000,2863.0000,2863.2000,2863.4000,2863.6000,1,3,1,7,3,2,38,2,1,2
SF,IH2006,2020-06-17 09:37:11.200,2862.8000,20741,0,1879101720.000,0,-,-,-,-,2862.4000,2862.2000,2862.0000,2861.8000,2861.6000,2862.8000,2863.0000,2863.2000,2863.4000,2863.6000,2,3,1,7,3,1,38,2,1,1
SF,IH2006,2020-06-17 09:37:11.700,2863.0000,20736,-5,1883396160.000,5,0,5,双平,S,2862.8000,2862.6000,2862.4000,2862.2000,2862.0000,2863.0000,2863.2000,2863.4000,2863.6000,2863.8000,1,1,2,3,1,34,2,1,1,3
SF,IH2006,2020-06-17 09:37:12.200,2863.0000,20723,-13,1895420760.000,14,0,14,多平,S,2862.8000,2862.6000,2862.4000,2862.2000,2862.0000,2863.0000,2863.2000,2863.4000,2863.6000,2863.8000,2,2,2,3,1,20,2,1,1,3
SF,IH2006,2020-06-17 09:37:12.700,2863.6000,20705,-18,1916893860.000,25,3,22,多平,S,2863.4000,2863.2000,2863.0000,2862.8000,2862.6000,2863.8000,2864.0000,2864.2000,2864.4000,2864.6000,1,16,7,8,2,3,1,1,1,1
SF,IH2006,2020-06-17 09:37:13.200,2864.0000,20702,-3,1922048880.000,6,1,5,多平,S,2863.8000,2863.6000,2863.4000,2863.2000,2863.0000,2864.2000,2864.4000,2864.6000,2864.8000,2865.0000,1,1,1,2,7,1,1,1,1,1
SF,IH2006,2020-06-17 09:37:13.700,2863.8000,20701,-1,1924626300.000,3,1,2,多平,S,2863.4000,2863.2000,2863.0000,2862.8000,2862.6000,2864.0000,2864.4000,2864.6000,2864.8000,2865.0000,1,3,7,2,1,1,1,1,1,1
SF,IH2006,2020-06-17 09:37:14.200,2864.0000,20700,-1,1925485500.000,1,0,1,双平,S,2864.0000,2863.8000,2863.6000,2863.4000,2863.2000,2864.2000,2864.4000,2864.6000,2864.8000,2865.0000,2,3,5,5,3,2,1,1,1,1
SF,IH2006,2020-06-17 09:37:14.700,2864.0000,20697,-3,1928063160.000,3,0,3,双平,S,2863.8000,2863.6000,2863.4000,2863.2000,2863.0000,2864.0000,2864.2000,2864.4000,2864.6000,2864.8000,1,4,2,3,6,1,2,1,1,1
SF,IH2006,2020-06-17 09:37:15.200,2863.8000,20695,-2,1929781500.000,2,0,2,双平,S,2863.6000,2863.4000,2863.2000,2863.0000,2862.8000,2864.2000,2864.4000,2864.6000,2864.8000,2865.0000,4,2,2,6,2,2,1,1,1,1
SF,IH2006,2020-06-17 09:37:15.700,2863.8000,20695,0,1929781500.000,0,-,-,-,-,2863.6000,2863.4000,2863.2000,2863.0000,2862.8000,2864.2000,2864.4000,2864.6000,2864.8000,2865.0000,4,2,2,6,2,3,1,1,1,1
SF,IH2006,2020-06-17 09:37:16.200,2863.8000,20695,0,1929781500.000,0,-,-,-,-,2863.6000,2863.4000,2863.2000,2863.0000,2862.8000,2864.2000,2864.4000,2864.6000,2864.8000,2865.0000,4,1,2,5,2,3,2,1,1,1
SF,IH2006,2020-06-17 09:37:16.700,2863.8000,20695,0,1929781500.000,0,-,-,-,-,2863.6000,2863.4000,2863.2000,2863.0000,2862.8000,2864.2000,2864.4000,2864.6000,2864.8000,2865.0000,4,1,2,5,2,3,3,1,1,1
SF,IH2006,2020-06-17 09:37:17.200,2863.8000,20695,0,1930640640.000,1,0,1,多换,S,2863.6000,2863.4000,2863.2000,2863.0000,2862.8000,2864.2000,2864.4000,2864.6000,2864.8000,2865.0000,4,1,2,5,2,3,3,1,1,1
SF,IH2006,2020-06-17 09:37:17.700,2863.6000,20693,-2,1933217880.000,3,0,3,多平,S,2863.6000,2863.4000,2863.2000,2863.0000,2862.8000,2864.0000,2864.2000,2864.4000,2864.6000,2864.8000,1,2,2,5,2,1,3,3,1,1
SF,IH2006,2020-06-17 09:37:18.200,2863.4000,20692,-1,1936654080.000,4,1,3,多平,S,2863.2000,2863.0000,2862.8000,2862.6000,2862.4000,2863.6000,2864.0000,2864.2000,2864.4000,2864.6000,2,5,2,1,1,1,1,3,3,1
SF,IH2006,2020-06-17 09:37:18.700,2863.6000,20691,-1,1937513160.000,1,0,1,双平,S,2863.2000,2863.0000,2862.8000,2862.6000,2862.4000,2863.6000,2863.8000,2864.0000,2864.2000,2864.4000,2,4,2,1,2,1,1,1,3,3
SF,IH2006,2020-06-17 09:37:19.200,2863.6000,20690,-1,1938372240.000,1,0,1,双平,S,2863.4000,2863.2000,2863.0000,2862.8000,2862.6000,2863.8000,2864.0000,2864.2000,2864.4000,2864.6000,1,2,4,2,1,1,1,3,3,1
SF,IH2006,2020-06-17 09:37:19.700,2863.4000,20690,0,1939231260.000,1,0,1,多换,S,2863.2000,2863.0000,2862.8000,2862.6000,2862.4000,2863.4000,2863.8000,2864.0000,2864.2000,2864.4000,2,5,2,1,2,1,1,1,3,3
SF,IH2006,2020-06-17 09:37:20.200,2863.2000,20688,-2,1940949240.000,2,0,2,双平,S,2863.2000,2863.0000,2862.8000,2862.6000,2862.4000,2863.4000,2863.6000,2863.8000,2864.2000,2864.4000,1,5,2,1,2,1,1,1,3,3
SF,IH2006,2020-06-17 09:37:20.700,2863.2000,20688,0,1941808200.000,1,0,1,多换,S,2863.0000,2862.8000,2862.6000,2862.4000,2862.2000,2863.4000,2863.6000,2863.8000,2864.2000,2864.4000,3,2,2,2,3,1,1,1,3,3
SF,IH2006,2020-06-17 09:37:21.200,2863.2000,20688,0,1941808200.000,0,-,-,-,-,2863.0000,2862.8000,2862.6000,2862.4000,2862.2000,2863.6000,2863.8000,2864.2000,2864.4000,2864.6000,3,1,2,2,3,1,1,3,3,1
SF,IH2006,2020-06-17 09:37:21.700,2863.2000,20688,0,1941808200.000,0,-,-,-,-,2863.2000,2863.0000,2862.8000,2862.6000,2862.4000,2863.6000,2863.8000,2864.2000,2864.4000,2864.6000,1,3,2,2,2,1,1,3,3,1
SF,IH2006,2020-06-17 09:37:22.200,2863.0000,20686,-2,1945243860.000,4,1,3,多平,S,2862.8000,2862.6000,2862.4000,2862.2000,2862.0000,2863.2000,2863.6000,2863.8000,2864.2000,2864.4000,2,2,2,2,1,4,2,1,3,3
SF,IH2006,2020-06-17 09:37:22.700,2863.0000,20681,-5,1949538600.000,5,0,5,双平,S,2863.0000,2862.8000,2862.6000,2862.4000,2862.2000,2863.2000,2863.6000,2863.8000,2864.2000,2864.4000,1,3,2,1,2,6,2,1,3,3
SF,IH2006,2020-06-17 09:37:23.200,2862.8000,20682,1,1952115300.000,3,2,1,空开,S,2862.8000,2862.6000,2862.4000,2862.2000,2862.0000,2863.0000,2863.2000,2863.6000,2863.8000,2864.2000,2,2,1,2,1,2,6,2,1,3
SF,IH2006,2020-06-17 09:37:23.700,2863.0000,20680,-2,1953833100.000,2,0,2,双平,S,2862.8000,2862.6000,2862.4000,2862.2000,2862.0000,2863.2000,2863.6000,2863.8000,2864.2000,2864.4000,2,2,1,2,1,6,2,1,3,3
SF,IH2006,2020-06-17 09:37:24.200,2863.2000,20676,-4,1958986860.000,6,1,5,多平,S,2863.2000,2862.8000,2862.6000,2862.4000,2862.2000,2863.4000,2863.6000,2863.8000,2864.2000,2864.4000,2,2,2,1,2,1,2,2,3,3
SF,IH2006,2020-06-17 09:37:24.700,2863.2000,20676,0,1958986860.000,0,-,-,-,-,2862.8000,2862.6000,2862.4000,2862.2000,2862.0000,2863.4000,2863.6000,2863.8000,2864.2000,2864.4000,2,2,1,2,1,1,3,2,3,3
SF,IH2006,2020-06-17 09:37:25.200,2863.2000,20676,0,1958986860.000,0,-,-,-,-,2863.0000,2862.8000,2862.6000,2862.4000,2862.2000,2863.2000,2863.4000,2863.6000,2863.8000,2864.2000,1,3,2,1,2,1,1,3,2,3
SF,IH2006,2020-06-17 09:37:25.700,2863.2000,20675,-1,1959845820.000,1,0,1,双平,S,2863.0000,2862.8000,2862.6000,2862.4000,2862.2000,2863.4000,2863.6000,2863.8000,2864.2000,2864.4000,1,3,2,1,2,1,3,2,3,3
SF,IH2006,2020-06-17 09:37:26.200,2863.2000,20675,0,1959845820.000,0,-,-,-,-,2863.0000,2862.8000,2862.6000,2862.4000,2862.2000,2863.4000,2863.6000,2863.8000,2864.2000,2864.4000,1,3,2,1,2,1,3,2,3,3
SF,IH2006,2020-06-17 09:37:28.200,2863.2000,20675,0,1959845820.000,0,-,-,-,-,2863.2000,2863.0000,2862.8000,2862.6000,2862.4000,2863.4000,2863.6000,2863.8000,2864.2000,2864.4000,1,1,3,2,1,1,3,2,3,3
SF,IH2006,2020-06-17 09:37:28.700,2863.2000,20675,0,1959845820.000,0,-,-,-,-,2863.2000,2863.0000,2862.8000,2862.6000,2862.4000,2863.4000,2863.6000,2863.8000,2864.2000,2864.4000,1,1,3,2,1,1,2,1,3,3
SF,IH2006,2020-06-17 09:37:29.200,2863.4000,20674,-1,1960704840.000,1,0,1,双平,S,2863.2000,2863.0000,2862.8000,2862.6000,2862.4000,2863.6000,2863.8000,2864.2000,2864.4000,2864.6000,1,1,3,2,1,2,1,3,3,1
SF,IH2006,2020-06-17 09:37:29.700,2863.2000,20675,1,1961563800.000,1,1,0,双开,S,2863.0000,2862.8000,2862.6000,2862.4000,2862.2000,2863.6000,2863.8000,2864.2000,2864.4000,2864.6000,1,3,2,1,2,3,1,3,3,1
SF,IH2006,2020-06-17 09:37:30.200,2863.4000,20674,-1,1962422820.000,1,0,1,双平,S,2863.0000,2862.8000,2862.6000,2862.4000,2862.2000,2863.6000,2863.8000,2864.2000,2864.4000,2864.6000,2,3,2,1,2,3,2,3,3,1
SF,IH2006,2020-06-17 09:37:30.700,2863.4000,20674,0,1962422820.000,0,-,-,-,-,2863.0000,2862.8000,2862.6000,2862.4000,2862.2000,2863.6000,2863.8000,2864.2000,2864.4000,2864.6000,2,3,2,1,2,3,2,3,3,1
SF,IH2006,2020-06-17 09:37:31.200,2863.0000,20673,-1,1964140620.000,2,0,2,多平,S,2863.0000,2862.8000,2862.6000,2862.4000,2862.2000,2863.6000,2863.8000,2864.2000,2864.4000,2864.6000,1,3,2,1,2,3,2,3,3,1
SF,IH2006,2020-06-17 09:37:31.700,2863.0000,20673,0,1964140620.000,0,-,-,-,-,2863.2000,2863.0000,2862.8000,2862.6000,2862.4000,2863.6000,2863.8000,2864.2000,2864.4000,2864.6000,1,7,2,2,1,5,2,3,3,1
SF,IH2006,2020-06-17 09:37:32.200,2863.0000,20673,0,1964140620.000,0,-,-,-,-,2863.0000,2862.6000,2862.4000,2862.2000,2862.0000,2863.6000,2863.8000,2864.2000,2864.4000,2864.6000,2,2,1,2,2,5,2,3,3,1
SF,IH2006,2020-06-17 09:37:32.700,2863.0000,20672,-1,1965858420.000,2,0,2,多平,S,2862.6000,2862.4000,2862.2000,2862.0000,2861.8000,2863.4000,2863.6000,2863.8000,2864.2000,2864.4000,2,1,2,2,1,1,5,2,3,3
SF,IH2006,2020-06-17 09:37:33.200,2863.2000,20672,0,1966717380.000,1,0,1,多换,S,2862.6000,2862.4000,2862.2000,2862.0000,2861.8000,2863.4000,2863.6000,2863.8000,2864.2000,2864.4000,7,1,2,2,1,4,5,2,3,3
SF,IH2006,2020-06-17 09:37:33.700,2863.2000,20672,0,1966717380.000,0,-,-,-,-,2862.6000,2862.4000,2862.2000,2862.0000,2861.8000,2863.2000,2863.4000,2863.6000,2863.8000,2864.2000,4,1,2,2,1,2,4,4,2,3
SF,IH2006,2020-06-17 09:37:34.200,2862.4000,20671,-1,1969293660.000,3,1,2,多平,S,2862.2000,2862.0000,2861.8000,2861.6000,2861.4000,2863.0000,2863.2000,2863.4000,2863.6000,2863.8000,2,2,1,5,1,2,2,4,4,2
SF,IH2006,2020-06-17 09:37:34.700,2862.4000,20671,0,1969293660.000,0,-,-,-,-,2862.2000,2862.0000,2861.8000,2861.6000,2861.4000,2862.8000,2863.0000,2863.2000,2863.4000,2863.6000,7,2,1,5,1,2,3,2,3,4
SF,IH2006,2020-06-17 09:37:35.200,2862.4000,20671,0,1969293660.000,0,-,-,-,-,2862.2000,2862.0000,2861.8000,2861.6000,2861.4000,2862.8000,2863.0000,2863.2000,2863.4000,2863.6000,8,3,1,5,1,2,3,2,3,4
SF,IH2006,2020-06-17 09:37:35.700,2862.4000,20671,0,1969293660.000,0,-,-,-,-,2862.2000,2862.0000,2861.8000,2861.6000,2861.4000,2862.8000,2863.0000,2863.2000,2863.4000,2863.6000,8,3,1,5,1,1,3,2,3,4
SF,IH2006,2020-06-17 09:37:36.200,2862.4000,20671,0,1969293660.000,0,-,-,-,-,2862.4000,2862.2000,2862.0000,2861.8000,2861.6000,2862.6000,2862.8000,2863.0000,2863.2000,2863.4000,1,7,3,1,5,3,1,3,2,3
SF,IH2006,2020-06-17 09:37:36.700,2862.6000,20670,-1,1971870000.000,3,1,2,多平,S,2862.6000,2862.4000,2862.2000,2862.0000,2861.8000,2863.0000,2863.2000,2863.4000,2863.6000,2863.8000,1,1,7,3,1,2,2,3,4,2
SF,IH2006,2020-06-17 09:37:37.200,2862.6000,20670,0,1971870000.000,0,-,-,-,-,2862.6000,2862.4000,2862.2000,2862.0000,2861.8000,2863.2000,2863.4000,2863.6000,2863.8000,2864.2000,1,4,5,2,1,2,2,4,2,2
SF,IH2006,2020-06-17 09:37:37.700,2862.6000,20670,0,1971870000.000,0,-,-,-,-,2862.6000,2862.4000,2862.2000,2862.0000,2861.8000,2863.2000,2863.4000,2863.6000,2863.8000,2864.2000,6,1,3,3,1,2,2,4,2,2
SF,IH2006,2020-06-17 09:37:38.200,2862.6000,20670,0,1971870000.000,0,-,-,-,-,2862.6000,2862.4000,2862.2000,2862.0000,2861.8000,2863.0000,2863.2000,2863.4000,2863.6000,2863.8000,6,1,3,3,1,1,2,2,4,2
SF,IH2006,2020-06-17 09:37:38.700,2862.6000,20670,0,1971870000.000,0,-,-,-,-,2862.8000,2862.6000,2862.4000,2862.2000,2862.0000,2863.0000,2863.2000,2863.4000,2863.6000,2863.8000,3,6,1,3,3,1,2,2,4,2
SF,IH2006,2020-06-17 09:37:39.200,2863.0000,20669,-1,1972728900.000,1,0,1,双平,S,2862.8000,2862.6000,2862.4000,2862.2000,2862.0000,2863.2000,2863.4000,2863.6000,2863.8000,2864.0000,3,2,1,3,3,2,1,4,2,20
SF,IH2006,2020-06-17 09:37:39.700,2863.0000,20669,0,1972728900.000,0,-,-,-,-,2862.8000,2862.6000,2862.4000,2862.2000,2862.0000,2863.2000,2863.4000,2863.6000,2863.8000,2864.0000,1,2,1,3,3,1,1,4,2,20
SF,IH2006,2020-06-17 09:37:40.200,2863.4000,20668,-1,1973587920.000,1,0,1,双平,S,2862.8000,2862.6000,2862.4000,2862.2000,2862.0000,2863.6000,2863.8000,2864.0000,2864.2000,2864.4000,2,1,2,3,3,4,2,20,2,1
SF,IH2006,2020-06-17 09:37:40.700,2863.4000,20668,0,1973587920.000,0,-,-,-,-,2863.0000,2862.8000,2862.6000,2862.4000,2862.2000,2863.4000,2863.6000,2863.8000,2864.0000,2864.2000,2,6,1,2,3,1,4,2,20,2
SF,IH2006,2020-06-17 09:37:41.200,2863.6000,20664,-4,1977024180.000,4,0,4,双平,S,2863.4000,2863.0000,2862.8000,2862.6000,2862.4000,2863.8000,2864.0000,2864.2000,2864.4000,2864.6000,2,6,5,1,2,2,20,2,1,1
SF,IH2006,2020-06-17 09:37:41.700,2863.6000,20664,0,1977024180.000,0,-,-,-,-,2863.4000,2863.0000,2862.8000,2862.6000,2862.4000,2863.8000,2864.0000,2864.2000,2864.4000,2864.6000,1,10,1,1,1,2,20,2,1,1
SF,IH2006,2020-06-17 09:37:42.200,2863.4000,20662,-2,1978742220.000,2,0,2,双平,S,2863.0000,2862.8000,2862.6000,2862.4000,2862.2000,2863.2000,2863.8000,2864.0000,2864.2000,2864.4000,8,1,1,1,4,1,2,20,2,1
SF,IH2006,2020-06-17 09:37:42.700,2863.4000,20662,0,1978742220.000,0,-,-,-,-,2863.0000,2862.8000,2862.6000,2862.4000,2862.2000,2863.2000,2863.6000,2863.8000,2864.0000,2864.2000,8,1,1,1,4,1,1,2,20,2
SF,IH2006,2020-06-17 09:37:43.200,2863.0000,20657,-5,1983036780.000,5,0,5,双平,S,2862.8000,2862.6000,2862.4000,2862.2000,2862.0000,2863.6000,2863.8000,2864.0000,2864.2000,2864.4000,1,1,2,4,3,1,2,20,2,1
SF,IH2006,2020-06-17 09:37:43.700,2862.8000,20652,-5,1989907440.000,8,1,7,多平,S,2862.4000,2862.2000,2862.0000,2861.8000,2861.6000,2863.0000,2863.2000,2863.4000,2863.6000,2863.8000,2,4,3,2,4,19,1,5,2,2
SF,IH2006,2020-06-17 09:37:44.200,2862.8000,20652,0,1989907440.000,0,-,-,-,-,2862.6000,2862.4000,2862.2000,2862.0000,2861.8000,2862.8000,2863.0000,2863.4000,2863.6000,2863.8000,1,2,4,3,2,1,1,6,2,2
SF,IH2006,2020-06-17 09:37:44.700,2862.6000,20653,1,1990766220.000,1,1,0,双开,S,2862.4000,2862.2000,2862.0000,2861.8000,2861.6000,2862.8000,2863.0000,2863.2000,2863.4000,2863.6000,2,4,3,2,4,2,1,1,6,2
SF,IH2006,2020-06-17 09:37:45.200,2862.6000,20653,0,1990766220.000,0,-,-,-,-,2862.6000,2862.4000,2862.2000,2862.0000,2861.8000,2862.8000,2863.0000,2863.2000,2863.4000,2863.6000,1,2,4,3,1,3,1,1,6,2
SF,IH2006,2020-06-17 09:37:45.700,2862.8000,20652,-1,1992483900.000,2,0,2,多平,S,2862.6000,2862.4000,2862.2000,2862.0000,2861.8000,2863.0000,2863.2000,2863.4000,2863.6000,2863.8000,1,2,4,3,1,1,1,6,2,2
SF,IH2006,2020-06-17 09:37:46.200,2862.8000,20652,0,1992483900.000,0,-,-,-,-,2862.6000,2862.4000,2862.2000,2862.0000,2861.8000,2863.0000,2863.4000,2863.6000,2863.8000,2864.0000,1,2,4,3,1,1,6,2,2,20
SF,IH2006,2020-06-17 09:37:46.700,2862.8000,20652,0,1992483900.000,0,-,-,-,-,2863.0000,2862.6000,2862.4000,2862.2000,2862.0000,2863.4000,2863.6000,2863.8000,2864.0000,2864.2000,1,1,2,4,4,6,2,2,20,1
SF,IH2006,2020-06-17 09:37:47.200,2863.0000,20651,-1,1993342800.000,1,0,1,双平,S,2862.6000,2862.4000,2862.2000,2862.0000,2861.8000,2863.0000,2863.4000,2863.6000,2863.8000,2864.0000,1,2,4,4,1,1,8,1,2,20
SF,IH2006,2020-06-17 09:37:47.700,2863.0000,20651,0,1993342800.000,0,-,-,-,-,2862.6000,2862.4000,2862.2000,2862.0000,2861.8000,2863.0000,2863.4000,2863.6000,2863.8000,2864.0000,1,2,4,4,1,1,8,1,2,20
SF,IH2006,2020-06-17 09:37:48.200,2863.0000,20651,0,1993342800.000,0,-,-,-,-,2862.6000,2862.4000,2862.2000,2862.0000,2861.8000,2863.0000,2863.4000,2863.6000,2863.8000,2864.0000,1,2,3,4,1,1,8,1,2,20
SF,IH2006,2020-06-17 09:37:48.700,2863.0000,20651,0,1993342800.000,0,-,-,-,-,2862.6000,2862.4000,2862.2000,2862.0000,2861.8000,2863.0000,2863.4000,2863.6000,2863.8000,2864.0000,1,2,4,4,1,1,6,1,2,20
SF,IH2006,2020-06-17 09:37:49.200,2863.0000,20651,0,1993342800.000,0,-,-,-,-,2862.4000,2862.2000,2862.0000,2861.8000,2861.6000,2863.0000,2863.4000,2863.6000,2863.8000,2864.0000,2,4,5,1,4,1,6,1,2,20
SF,IH2006,2020-06-17 09:37:49.700,2863.0000,20651,0,1993342800.000,0,-,-,-,-,2862.4000,2862.2000,2862.0000,2861.8000,2861.6000,2863.4000,2863.6000,2863.8000,2864.0000,2864.2000,2,4,5,1,4,6,1,2,20,1
SF,IH2006,2020-06-17 09:37:50.200,2863.2000,20651,0,1995060720.000,2,1,1,多换,S,2862.6000,2862.4000,2862.2000,2862.0000,2861.8000,2863.2000,2863.4000,2863.6000,2863.8000,2864.0000,4,3,4,5,1,1,6,2,2,20
SF,IH2006,2020-06-17 09:37:50.700,2863.2000,20651,0,1995060720.000,0,-,-,-,-,2862.8000,2862.4000,2862.2000,2862.0000,2861.8000,2863.0000,2863.2000,2863.4000,2863.6000,2863.8000,2,3,4,5,1,1,2,6,2,2
SF,IH2006,2020-06-17 09:37:51.200,2863.2000,20651,0,1995919680.000,1,0,1,多换,S,2862.8000,2862.4000,2862.2000,2862.0000,2861.8000,2863.2000,2863.4000,2863.6000,2863.8000,2864.0000,2,3,4,5,1,1,6,2,2,20
SF,IH2006,2020-06-17 09:37:52.200,2863.2000,20651,0,1995919680.000,0,-,-,-,-,2862.8000,2862.4000,2862.2000,2862.0000,2861.8000,2863.0000,2863.2000,2863.4000,2863.8000,2864.0000,1,3,4,5,1,3,1,6,2,20
SF,IH2006,2020-06-17 09:37:52.700,2862.8000,20651,0,1997637420.000,2,1,1,多换,S,2862.4000,2862.2000,2862.0000,2861.8000,2861.6000,2863.0000,2863.2000,2863.4000,2863.8000,2864.0000,3,4,5,1,4,2,1,4,2,20
SF,IH2006,2020-06-17 09:37:53.200,2863.2000,20649,-2,2000214180.000,3,0,3,多平,S,2862.4000,2862.2000,2862.0000,2861.8000,2861.6000,2863.0000,2863.4000,2863.8000,2864.0000,2864.2000,3,4,5,1,4,2,3,2,20,1
SF,IH2006,2020-06-17 09:37:53.700,2863.0000,20647,-2,2001931980.000,2,0,2,双平,S,2862.6000,2862.4000,2862.2000,2862.0000,2861.8000,2863.4000,2863.8000,2864.0000,2864.2000,2864.6000,3,3,4,5,1,3,2,20,1,1
SF,IH2006,2020-06-17 09:37:54.200,2863.0000,20647,0,2001931980.000,0,-,-,-,-,2862.6000,2862.4000,2862.2000,2862.0000,2861.8000,2863.2000,2863.4000,2863.8000,2864.0000,2864.2000,3,2,4,5,1,3,3,2,20,1
SF,IH2006,2020-06-17 09:37:54.700,2863.0000,20647,0,2001931980.000,0,-,-,-,-,2862.6000,2862.4000,2862.2000,2862.0000,2861.8000,2863.2000,2863.4000,2863.6000,2863.8000,2864.0000,4,2,4,5,1,2,3,1,2,20
SF,IH2006,2020-06-17 09:37:55.200,2862.8000,20647,0,2002790820.000,1,0,1,多换,S,2863.0000,2862.8000,2862.6000,2862.4000,2862.2000,2863.2000,2863.4000,2863.6000,2863.8000,2864.0000,1,1,4,2,4,2,3,1,2,20
SF,IH2006,2020-06-17 09:37:55.700,2863.4000,20647,0,2005367760.000,3,1,2,多换,S,2863.0000,2862.8000,2862.6000,2862.4000,2862.2000,2863.4000,2863.6000,2863.8000,2864.0000,2864.2000,1,2,3,2,4,2,1,2,20,1
SF,IH2006,2020-06-17 09:37:56.200,2863.4000,20647,0,2005367760.000,0,-,-,-,-,2863.0000,2862.8000,2862.6000,2862.4000,2862.2000,2863.6000,2863.8000,2864.0000,2864.2000,2864.6000,1,2,3,2,4,1,2,20,1,1
SF,IH2006,2020-06-17 09:37:56.700,2863.2000,20647,0,2006226720.000,1,0,1,多换,S,2863.0000,2862.8000,2862.6000,2862.4000,2862.2000,2863.6000,2863.8000,2864.0000,2864.2000,2864.6000,2,2,3,2,4,2,2,20,1,1
SF,IH2006,2020-06-17 09:37:57.200,2863.2000,20647,0,2006226720.000,0,-,-,-,-,2863.2000,2863.0000,2862.6000,2862.4000,2862.2000,2863.4000,2863.6000,2863.8000,2864.0000,2864.2000,2,2,3,3,4,1,2,2,20,1
SF,IH2006,2020-06-17 09:37:57.700,2863.0000,20645,-2,2009662440.000,4,1,3,多平,S,2862.6000,2862.4000,2862.2000,2862.0000,2861.8000,2863.2000,2863.4000,2863.6000,2863.8000,2864.0000,3,3,4,5,1,11,1,2,2,20
SF,IH2006,2020-06-17 09:37:58.200,2863.0000,20645,0,2009662440.000,0,-,-,-,-,2863.0000,2862.8000,2862.6000,2862.4000,2862.2000,2863.2000,2863.4000,2863.6000,2863.8000,2864.0000,5,1,3,3,4,5,1,2,2,20
SF,IH2006,2020-06-17 09:37:58.700,2862.6000,20642,-3,2016533280.000,8,2,6,多平,S,2862.4000,2862.2000,2862.0000,2861.8000,2861.6000,2863.0000,2863.2000,2863.4000,2863.6000,2863.8000,3,4,5,1,4,22,4,1,2,2
SF,IH2006,2020-06-17 09:37:59.200,2862.6000,20642,0,2016533280.000,0,-,-,-,-,2862.6000,2862.4000,2862.2000,2862.0000,2861.8000,2863.0000,2863.2000,2863.4000,2863.6000,2863.8000,2,3,5,5,1,5,2,1,2,2
SF,IH2006,2020-06-17 09:37:59.700,2862.6000,20640,-2,2018250840.000,2,0,2,双平,S,2862.4000,2862.2000,2862.0000,2861.8000,2861.6000,2862.8000,2863.0000,2863.2000,2863.4000,2863.6000,3,5,5,1,4,1,6,2,1,3
SF,IH2006,2020-06-17 09:38:00.200,2862.6000,20640,0,2018250840.000,0,-,-,-,-,2862.4000,2862.2000,2862.0000,2861.8000,2861.6000,2862.8000,2863.0000,2863.2000,2863.4000,2863.6000,3,5,5,1,4,1,5,2,1,3
SF,IH2006,2020-06-17 09:38:00.700,2862.8000,20638,-2,2019968520.000,2,0,2,双平,S,2862.6000,2862.4000,2862.2000,2862.0000,2861.8000,2863.0000,2863.2000,2863.4000,2863.6000,2863.8000,1,3,5,5,1,5,2,1,3,2
SF,IH2006,2020-06-17 09:38:01.200,2863.0000,20637,-1,2023404120.000,4,1,3,多平,S,2862.6000,2862.4000,2862.2000,2862.0000,2861.8000,2863.0000,2863.2000,2863.4000,2863.6000,2863.8000,1,3,5,5,1,1,2,1,3,2
SF,IH2006,2020-06-17 09:38:01.700,2863.0000,20637,0,2023404120.000,0,-,-,-,-,2862.6000,2862.4000,2862.2000,2862.0000,2861.8000,2863.0000,2863.2000,2863.4000,2863.6000,2863.8000,2,3,5,5,1,1,2,1,3,2
SF,IH2006,2020-06-17 09:38:02.200,2863.0000,20637,0,2024263020.000,1,0,1,多换,S,2862.6000,2862.4000,2862.2000,2862.0000,2861.8000,2863.2000,2863.4000,2863.6000,2863.8000,2864.0000,2,3,5,5,1,2,1,3,2,21
SF,IH2006,2020-06-17 09:38:02.700,2863.0000,20637,0,2024263020.000,0,-,-,-,-,2862.6000,2862.4000,2862.2000,2862.0000,2861.8000,2863.2000,2863.4000,2863.6000,2863.8000,2864.0000,2,4,5,5,1,3,1,3,2,21
SF,IH2006,2020-06-17 09:38:03.700,2863.0000,20637,0,2024263020.000,0,-,-,-,-,2862.8000,2862.6000,2862.4000,2862.2000,2862.0000,2863.2000,2863.4000,2863.6000,2863.8000,2864.0000,1,3,4,5,6,3,1,3,2,21
SF,IH2006,2020-06-17 09:38:04.200,2863.4000,20633,-4,2028557940.000,5,0,5,多平,S,2863.0000,2862.8000,2862.6000,2862.4000,2862.2000,2863.6000,2863.8000,2864.0000,2864.2000,2864.6000,2,2,3,4,5,3,2,21,1,1
SF,IH2006,2020-06-17 09:38:04.700,2863.0000,20633,0,2029416840.000,1,0,1,多换,S,2863.0000,2862.8000,2862.6000,2862.4000,2862.2000,2863.2000,2863.4000,2863.6000,2863.8000,2864.0000,2,1,3,4,5,2,4,4,2,20
SF,IH2006,2020-06-17 09:38:05.200,2863.0000,20633,0,2031134640.000,2,1,1,多换,S,2862.8000,2862.6000,2862.4000,2862.2000,2862.0000,2863.2000,2863.4000,2863.6000,2863.8000,2864.0000,1,3,4,5,6,2,4,3,2,20
SF,IH2006,2020-06-17 09:38:05.700,2863.2000,20632,-1,2032852440.000,2,0,2,多平,S,2862.6000,2862.4000,2862.2000,2862.0000,2861.8000,2863.4000,2863.6000,2863.8000,2864.0000,2864.2000,3,4,5,6,1,3,3,2,20,1
SF,IH2006,2020-06-17 09:38:06.200,2863.2000,20631,-1,2033711400.000,1,0,1,双平,S,2862.6000,2862.4000,2862.2000,2862.0000,2861.8000,2862.8000,2863.2000,2863.4000,2863.6000,2863.8000,3,4,5,6,1,1,1,5,3,2
SF,IH2006,2020-06-17 09:38:06.700,2863.0000,20630,-1,2034570300.000,1,0,1,双平,S,2862.6000,2862.4000,2862.2000,2862.0000,2861.8000,2863.2000,2863.4000,2863.6000,2863.8000,2864.0000,2,4,5,6,1,1,5,3,2,20
SF,IH2006,2020-06-17 09:38:07.200,2862.6000,20628,-2,2036287980.000,2,0,2,双平,S,2862.6000,2862.4000,2862.2000,2862.0000,2861.8000,2863.2000,2863.4000,2863.6000,2863.8000,2864.0000,1,4,4,6,1,3,5,3,2,20
SF,IH2006,2020-06-17 09:38:07.700,2862.6000,20628,0,2036287980.000,0,-,-,-,-,2862.8000,2862.6000,2862.4000,2862.2000,2862.0000,2863.2000,2863.4000,2863.6000,2863.8000,2864.0000,1,2,4,4,6,2,5,3,2,20
SF,IH2006,2020-06-17 09:38:08.200,2862.8000,20628,0,2037146820.000,1,0,1,多换,S,2862.8000,2862.6000,2862.4000,2862.2000,2862.0000,2863.2000,2863.4000,2863.6000,2863.8000,2864.0000,1,2,4,4,6,2,5,3,2,20
SF,IH2006,2020-06-17 09:38:08.700,2862.8000,20628,0,2037146820.000,0,-,-,-,-,2863.0000,2862.8000,2862.6000,2862.4000,2862.2000,2863.2000,2863.4000,2863.6000,2863.8000,2864.0000,1,1,2,4,4,2,5,3,2,20
SF,IH2006,2020-06-17 09:38:09.200,2863.4000,20623,-5,2042300760.000,6,0,6,多平,S,2862.8000,2862.6000,2862.4000,2862.2000,2862.0000,2863.4000,2863.6000,2863.8000,2864.0000,2864.2000,1,2,4,4,6,1,3,2,20,2
SF,IH2006,2020-06-17 09:38:09.700,2863.0000,20622,-1,2044018560.000,2,0,2,多平,S,2862.8000,2862.6000,2862.4000,2862.2000,2862.0000,2863.0000,2863.4000,2863.6000,2863.8000,2864.0000,1,2,4,4,6,1,1,3,2,20
SF,IH2006,2020-06-17 09:38:10.200,2863.0000,20621,-1,2044877460.000,1,0,1,双平,S,2863.0000,2862.8000,2862.6000,2862.4000,2862.2000,2863.4000,2863.6000,2863.8000,2864.0000,2864.2000,1,1,2,4,4,1,3,2,20,1
SF,IH2006,2020-06-17 09:38:10.700,2863.0000,20621,0,2044877460.000,0,-,-,-,-,2862.8000,2862.6000,2862.4000,2862.2000,2862.0000,2863.0000,2863.4000,2863.6000,2863.8000,2864.0000,1,2,4,4,6,1,1,3,2,20
SF,IH2006,2020-06-17 09:38:11.200,2863.0000,20621,0,2044877460.000,0,-,-,-,-,2862.8000,2862.6000,2862.4000,2862.2000,2862.0000,2863.0000,2863.4000,2863.6000,2863.8000,2864.0000,1,2,4,4,6,1,1,6,2,20
SF,IH2006,2020-06-17 09:38:11.700,2862.8000,20620,-1,2045736300.000,1,0,1,双平,S,2862.6000,2862.4000,2862.2000,2862.0000,2861.8000,2862.8000,2863.0000,2863.4000,2863.6000,2863.8000,2,4,4,6,1,2,1,2,6,2
SF,IH2006,2020-06-17 09:38:12.200,2862.6000,20620,0,2047453860.000,2,1,1,多换,S,2862.4000,2862.2000,2862.0000,2861.8000,2861.6000,2862.6000,2862.8000,2863.0000,2863.4000,2863.6000,4,4,6,1,3,1,1,1,2,6
SF,IH2006,2020-06-17 09:38:12.700,2862.8000,20619,-1,2050888920.000,4,1,3,多平,S,2862.4000,2862.2000,2862.0000,2861.8000,2861.6000,2863.0000,2863.4000,2863.6000,2863.8000,2864.0000,2,4,6,1,3,1,2,6,2,20
SF,IH2006,2020-06-17 09:38:13.200,2862.6000,20618,-1,2052606600.000,2,0,2,多平,S,2862.6000,2862.4000,2862.2000,2862.0000,2861.8000,2863.4000,2863.6000,2863.8000,2864.0000,2864.2000,1,8,4,6,1,1,6,2,20,1
SF,IH2006,2020-06-17 09:38:13.700,2862.6000,20618,0,2052606600.000,0,-,-,-,-,2863.2000,2862.6000,2862.4000,2862.2000,2862.0000,2863.4000,2863.6000,2863.8000,2864.0000,2864.2000,4,2,9,3,6,2,6,2,21,1
SF,IH2006,2020-06-17 09:38:14.200,2863.2000,20618,0,2056042440.000,4,2,2,多换,S,2862.6000,2862.4000,2862.2000,2862.0000,2861.8000,2863.4000,2863.6000,2863.8000,2864.0000,2864.2000,2,9,3,6,1,1,6,2,20,1
SF,IH2006,2020-06-17 09:38:14.700,2863.2000,20618,0,2056042440.000,0,-,-,-,-,2862.8000,2862.6000,2862.4000,2862.2000,2862.0000,2863.4000,2863.6000,2863.8000,2864.0000,2864.2000,3,2,8,3,6,3,6,2,20,1
SF,IH2006,2020-06-17 09:38:15.200,2863.2000,20618,0,2056042440.000,0,-,-,-,-,2863.0000,2862.8000,2862.6000,2862.4000,2862.2000,2863.4000,2863.6000,2863.8000,2864.0000,2864.2000,1,3,1,8,3,3,6,2,20,1
SF,IH2006,2020-06-17 09:38:15.700,2863.4000,20618,0,2057760480.000,2,1,1,多换,S,2863.0000,2862.8000,2862.6000,2862.4000,2862.2000,2863.4000,2863.6000,2863.8000,2864.0000,2864.2000,2,3,1,8,3,1,6,2,40,1
SF,IH2006,2020-06-17 09:38:16.200,2863.4000,20618,0,2057760480.000,0,-,-,-,-,2863.0000,2862.8000,2862.6000,2862.4000,2862.2000,2863.4000,2863.6000,2863.8000,2864.0000,2864.2000,3,3,1,8,3,1,6,2,40,1
SF,IH2006,2020-06-17 09:38:16.700,2863.4000,20618,0,2057760480.000,0,-,-,-,-,2863.0000,2862.8000,2862.6000,2862.4000,2862.2000,2863.4000,2863.6000,2863.8000,2864.0000,2864.2000,2,3,1,8,3,1,6,2,40,1
SF,IH2006,2020-06-17 09:38:17.200,2863.4000,20617,-1,2058619500.000,1,0,1,双平,S,2863.0000,2862.8000,2862.6000,2862.4000,2862.2000,2863.6000,2863.8000,2864.0000,2864.2000,2864.6000,2,3,1,9,3,6,2,40,1,2
SF,IH2006,2020-06-17 09:38:17.700,2864.0000,20611,-6,2066351580.000,9,1,8,多平,S,2863.4000,2863.2000,2863.0000,2862.8000,2862.6000,2864.0000,2864.2000,2864.6000,2864.8000,2865.0000,1,8,2,2,1,38,1,3,1,1
SF,IH2006,2020-06-17 09:38:18.200,2863.6000,20612,1,2067210660.000,1,1,0,双开,S,2863.2000,2863.0000,2862.8000,2862.6000,2862.4000,2864.0000,2864.2000,2864.6000,2864.8000,2865.0000,7,2,2,2,4,39,1,3,1,1
SF,IH2006,2020-06-17 09:38:18.700,2863.6000,20612,0,2067210660.000,0,-,-,-,-,2863.4000,2863.2000,2863.0000,2862.8000,2862.6000,2864.0000,2864.2000,2864.6000,2864.8000,2865.0000,2,2,2,3,2,39,1,3,1,1
SF,IH2006,2020-06-17 09:38:19.200,2863.4000,20612,0,2068069680.000,1,0,1,多换,S,2863.2000,2863.0000,2862.8000,2862.6000,2862.4000,2863.4000,2863.6000,2863.8000,2864.0000,2864.2000,2,2,3,2,4,1,1,1,39,1
SF,IH2006,2020-06-17 09:38:19.700,2863.4000,20611,-1,2068928700.000,1,0,1,双平,S,2863.2000,2863.0000,2862.8000,2862.6000,2862.4000,2863.8000,2864.0000,2864.2000,2864.6000,2864.8000,2,1,3,2,4,1,39,1,3,1
SF,IH2006,2020-06-17 09:38:20.200,2863.4000,20611,0,2069787720.000,1,0,1,多换,S,2863.2000,2863.0000,2862.8000,2862.6000,2862.4000,2863.6000,2863.8000,2864.0000,2864.2000,2864.6000,2,2,3,2,4,1,2,39,1,3
SF,IH2006,2020-06-17 09:38:21.200,2863.6000,20608,-3,2073223800.000,4,0,4,多平,S,2863.0000,2862.8000,2862.6000,2862.4000,2862.2000,2863.8000,2864.0000,2864.2000,2864.6000,2864.8000,2,2,2,4,3,1,39,1,3,1
SF,IH2006,2020-06-17 09:38:21.700,2863.2000,20607,-1,2074082760.000,1,0,1,双平,S,2863.0000,2862.8000,2862.6000,2862.4000,2862.2000,2863.8000,2864.0000,2864.2000,2864.6000,2864.8000,3,2,2,4,3,4,39,1,2,1
SF,IH2006,2020-06-17 09:38:22.200,2863.2000,20607,0,2074082760.000,0,-,-,-,-,2863.2000,2863.0000,2862.8000,2862.6000,2862.4000,2863.8000,2864.0000,2864.2000,2864.6000,2864.8000,1,3,2,2,5,2,39,1,2,1
SF,IH2006,2020-06-17 09:38:22.700,2863.2000,20607,0,2074082760.000,0,-,-,-,-,2863.2000,2863.0000,2862.8000,2862.6000,2862.4000,2863.6000,2863.8000,2864.0000,2864.2000,2864.6000,1,4,2,2,5,1,2,39,1,2
SF,IH2006,2020-06-17 09:38:23.700,2863.2000,20607,0,2074082760.000,0,-,-,-,-,2863.2000,2863.0000,2862.8000,2862.6000,2862.4000,2863.6000,2863.8000,2864.0000,2864.2000,2864.6000,1,4,2,2,5,1,2,39,1,2
SF,IH2006,2020-06-17 09:38:24.200,2863.2000,20607,0,2074082760.000,0,-,-,-,-,2863.2000,2863.0000,2862.8000,2862.6000,2862.4000,2863.6000,2863.8000,2864.0000,2864.2000,2864.6000,1,4,2,2,5,1,3,39,2,2
SF,IH2006,2020-06-17 09:38:24.700,2863.6000,20607,0,2074941840.000,1,0,1,多换,S,2863.6000,2863.2000,2863.0000,2862.8000,2862.6000,2863.8000,2864.0000,2864.2000,2864.6000,2864.8000,4,1,4,2,2,4,39,2,2,1
SF,IH2006,2020-06-17 09:38:25.200,2863.2000,20607,0,2080955220.000,7,3,4,多换,S,2863.0000,2862.8000,2862.6000,2862.4000,2862.2000,2863.2000,2863.8000,2864.0000,2864.2000,2864.6000,6,2,3,5,3,1,3,39,2,2
SF,IH2006,2020-06-17 09:38:25.700,2863.2000,20607,0,2081814180.000,1,0,1,多换,S,2863.6000,2863.4000,2863.2000,2863.0000,2862.8000,2863.8000,2864.0000,2864.2000,2864.6000,2865.0000,8,3,6,9,2,4,39,2,2,1
SF,IH2006,2020-06-17 09:38:26.200,2863.8000,20605,-2,2083532460.000,2,0,2,双平,S,2863.6000,2863.2000,2863.0000,2862.8000,2862.6000,2863.8000,2864.0000,2864.2000,2864.6000,2865.0000,7,4,6,3,3,2,38,2,2,1
SF,IH2006,2020-06-17 09:38:26.700,2863.8000,20604,-1,2091264300.000,9,4,5,多平,S,2863.8000,2863.2000,2863.0000,2862.8000,2862.6000,2864.0000,2864.2000,2864.6000,2865.0000,2865.2000,6,4,6,3,3,38,2,2,1,1
SF,IH2006,2020-06-17 09:38:27.200,2863.8000,20598,-6,2096419140.000,6,0,6,双平,S,2863.2000,2863.0000,2862.8000,2862.6000,2862.4000,2863.6000,2863.8000,2864.0000,2864.2000,2864.6000,3,6,3,3,5,2,7,38,2,2
SF,IH2006,2020-06-17 09:38:27.700,2863.8000,20597,-1,2097278280.000,1,0,1,双平,S,2863.2000,2863.0000,2862.8000,2862.6000,2862.4000,2863.8000,2864.0000,2864.2000,2864.6000,2865.0000,4,6,3,3,5,5,38,2,2,1
SF,IH2006,2020-06-17 09:38:28.200,2863.8000,20596,-1,2098137420.000,1,0,1,双平,S,2863.2000,2863.0000,2862.8000,2862.6000,2862.4000,2863.8000,2864.0000,2864.2000,2864.6000,2865.0000,4,6,3,3,5,1,38,2,2,1
SF,IH2006,2020-06-17 09:38:28.700,2863.8000,20596,0,2098137420.000,0,-,-,-,-,2863.4000,2863.2000,2863.0000,2862.8000,2862.6000,2863.8000,2864.0000,2864.2000,2864.6000,2865.0000,1,4,7,3,3,1,38,2,2,1
SF,IH2006,2020-06-17 09:38:29.200,2863.4000,20595,-1,2098996440.000,1,0,1,双平,S,2863.2000,2863.0000,2862.8000,2862.6000,2862.4000,2863.8000,2864.0000,2864.2000,2864.6000,2865.0000,3,7,3,3,5,2,38,2,2,1
SF,IH2006,2020-06-17 09:38:29.700,2863.4000,20595,0,2098996440.000,0,-,-,-,-,2863.2000,2863.0000,2862.8000,2862.6000,2862.4000,2863.8000,2864.0000,2864.2000,2864.6000,2865.0000,3,7,3,3,5,3,38,2,2,1
SF,IH2006,2020-06-17 09:38:30.700,2863.4000,20595,0,2098996440.000,0,-,-,-,-,2863.2000,2863.0000,2862.8000,2862.6000,2862.4000,2863.4000,2863.8000,2864.0000,2864.2000,2864.6000,3,7,3,3,5,1,3,38,2,2
SF,IH2006,2020-06-17 09:38:31.200,2863.8000,20595,0,2100714600.000,2,1,1,多换,S,2863.6000,2863.4000,2863.2000,2863.0000,2862.8000,2863.8000,2864.0000,2864.2000,2864.6000,2865.0000,6,4,4,7,3,1,38,2,2,1
SF,IH2006,2020-06-17 09:38:31.700,2863.6000,20598,3,2103291840.000,3,3,0,双开,S,2863.4000,2863.2000,2863.0000,2862.8000,2862.6000,2863.6000,2863.8000,2864.0000,2864.2000,2864.6000,2,4,7,3,3,3,1,38,2,2
SF,IH2006,2020-06-17 09:38:32.200,2864.0000,20595,-3,2105869260.000,3,0,3,双平,S,2863.8000,2863.6000,2863.4000,2863.2000,2863.0000,2864.0000,2864.2000,2864.6000,2865.0000,2865.2000,2,1,2,4,7,37,2,2,1,1
SF,IH2006,2020-06-17 09:38:32.700,2863.4000,20594,-1,2108446560.000,3,1,2,多平,S,2863.4000,2863.2000,2863.0000,2862.8000,2862.6000,2863.8000,2864.0000,2864.2000,2864.6000,2865.0000,1,4,7,2,3,8,38,1,2,1
SF,IH2006,2020-06-17 09:38:33.200,2863.4000,20594,0,2108446560.000,0,-,-,-,-,2863.2000,2863.0000,2862.8000,2862.6000,2862.4000,2863.8000,2864.0000,2864.2000,2864.6000,2864.8000,4,7,2,3,5,3,38,1,2,1
SF,IH2006,2020-06-17 09:38:33.700,2863.4000,20594,0,2108446560.000,0,-,-,-,-,2863.2000,2863.0000,2862.8000,2862.6000,2862.4000,2864.0000,2864.2000,2864.6000,2865.0000,2865.2000,4,7,2,3,5,38,1,2,1,1
SF,IH2006,2020-06-17 09:38:34.200,2863.4000,20594,0,2108446560.000,0,-,-,-,-,2863.4000,2863.2000,2863.0000,2862.8000,2862.6000,2864.0000,2864.2000,2864.6000,2865.0000,2865.2000,5,2,6,2,3,39,1,2,2,1
SF,IH2006,2020-06-17 09:38:34.700,2864.0000,20589,-5,2112742560.000,5,0,5,双平,S,2863.4000,2863.2000,2863.0000,2862.8000,2862.6000,2863.6000,2864.0000,2864.2000,2864.6000,2865.0000,4,2,6,2,3,1,34,1,2,2
SF,IH2006,2020-06-17 09:38:35.200,2863.6000,20588,-1,2113601640.000,1,0,1,双平,S,2863.6000,2863.4000,2863.2000,2863.0000,2862.8000,2864.0000,2864.2000,2864.6000,2865.0000,2865.2000,2,4,2,6,2,33,1,1,2,1
SF,IH2006,2020-06-17 09:38:35.700,2864.0000,20587,-1,2114460840.000,1,0,1,双平,S,2863.4000,2863.2000,2863.0000,2862.8000,2862.6000,2864.0000,2864.2000,2864.6000,2865.0000,2865.2000,3,2,6,2,3,32,1,1,2,1
SF,IH2006,2020-06-17 09:38:36.200,2864.0000,20585,-2,2116179240.000,2,0,2,双平,S,2863.6000,2863.4000,2863.2000,2863.0000,2862.8000,2864.0000,2864.2000,2864.6000,2865.0000,2865.2000,1,3,2,6,2,33,1,1,2,1
SF,IH2006,2020-06-17 09:38:36.700,2864.0000,20585,0,2116179240.000,0,-,-,-,-,2863.6000,2863.4000,2863.2000,2863.0000,2862.8000,2864.0000,2864.2000,2864.6000,2865.0000,2865.2000,2,3,3,6,3,33,1,1,2,1
SF,IH2006,2020-06-17 09:38:37.200,2864.0000,20585,0,2116179240.000,0,-,-,-,-,2863.6000,2863.4000,2863.2000,2863.0000,2862.8000,2864.0000,2864.2000,2864.6000,2865.0000,2865.2000,2,3,3,6,3,32,1,1,2,1
SF,IH2006,2020-06-17 09:38:37.700,2864.0000,20585,0,2117038440.000,1,0,1,多换,S,2863.6000,2863.4000,2863.2000,2863.0000,2862.8000,2864.0000,2864.2000,2864.6000,2865.0000,2865.2000,2,3,3,6,3,31,1,1,2,1
SF,IH2006,2020-06-17 09:38:38.200,2863.6000,20586,1,2117897520.000,1,1,0,双开,S,2863.6000,2863.4000,2863.2000,2863.0000,2862.8000,2864.0000,2864.2000,2864.6000,2865.0000,2865.2000,1,4,3,6,3,31,1,1,2,1
SF,IH2006,2020-06-17 09:38:38.700,2863.6000,20586,0,2117897520.000,0,-,-,-,-,2863.6000,2863.4000,2863.2000,2863.0000,2862.8000,2864.0000,2864.2000,2864.6000,2865.0000,2865.2000,1,5,3,6,3,31,1,1,2,1
SF,IH2006,2020-06-17 09:38:39.200,2863.6000,20586,0,2117897520.000,0,-,-,-,-,2863.6000,2863.4000,2863.2000,2863.0000,2862.8000,2864.0000,2864.2000,2864.6000,2865.0000,2865.2000,2,4,2,6,3,31,1,1,2,1
SF,IH2006,2020-06-17 09:38:39.700,2863.6000,20586,0,2117897520.000,0,-,-,-,-,2863.6000,2863.4000,2863.2000,2863.0000,2862.8000,2863.8000,2864.0000,2864.2000,2864.6000,2865.0000,2,4,2,6,3,1,32,1,1,2
SF,IH2006,2020-06-17 09:38:40.200,2863.6000,20586,0,2117897520.000,0,-,-,-,-,2863.6000,2863.4000,2863.2000,2863.0000,2862.8000,2863.8000,2864.0000,2864.2000,2864.6000,2865.0000,3,4,2,6,3,1,32,1,1,1
SF,IH2006,2020-06-17 09:38:40.700,2863.6000,20586,0,2120474760.000,3,1,2,多换,S,2863.4000,2863.2000,2863.0000,2862.8000,2862.6000,2863.8000,2864.0000,2864.2000,2864.6000,2865.0000,4,2,6,3,3,1,32,1,1,1
SF,IH2006,2020-06-17 09:38:41.200,2863.6000,20586,0,2120474760.000,0,-,-,-,-,2863.4000,2863.2000,2863.0000,2862.8000,2862.6000,2863.6000,2863.8000,2864.0000,2864.2000,2864.6000,2,2,6,3,3,1,3,32,1,1
SF,IH2006,2020-06-17 09:38:41.700,2863.4000,20586,0,2122192860.000,2,1,1,多换,S,2863.4000,2863.2000,2863.0000,2862.8000,2862.6000,2863.8000,2864.0000,2864.2000,2864.6000,2864.8000,1,2,6,3,3,2,33,1,1,1
SF,IH2006,2020-06-17 09:38:42.200,2863.4000,20585,-1,2123051880.000,1,0,1,双平,S,2863.2000,2863.0000,2862.8000,2862.6000,2862.4000,2863.4000,2863.6000,2863.8000,2864.0000,2864.2000,2,6,3,3,5,1,1,3,33,1
SF,IH2006,2020-06-17 09:38:42.700,2863.4000,20585,0,2123051880.000,0,-,-,-,-,2863.2000,2863.0000,2862.8000,2862.6000,2862.4000,2863.6000,2863.8000,2864.0000,2864.2000,2864.6000,2,6,4,3,5,1,3,33,1,1
SF,IH2006,2020-06-17 09:38:43.200,2863.4000,20585,0,2123051880.000,0,-,-,-,-,2863.2000,2863.0000,2862.8000,2862.6000,2862.4000,2863.6000,2863.8000,2864.0000,2864.2000,2864.6000,2,6,4,3,5,2,3,33,1,1
SF,IH2006,2020-06-17 09:38:43.700,2863.2000,20584,-1,2123910840.000,1,0,1,双平,S,2863.2000,2863.0000,2862.8000,2862.6000,2862.4000,2863.6000,2863.8000,2864.0000,2864.2000,2864.6000,1,6,4,3,5,2,2,45,1,1
SF,IH2006,2020-06-17 09:38:44.200,2863.2000,20584,0,2123910840.000,0,-,-,-,-,2863.2000,2863.0000,2862.8000,2862.6000,2862.4000,2863.6000,2863.8000,2864.0000,2864.2000,2864.6000,1,6,4,3,5,2,2,45,1,1
SF,IH2006,2020-06-17 09:38:44.700,2863.6000,20583,-1,2124769920.000,1,0,1,双平,S,2863.2000,2863.0000,2862.8000,2862.6000,2862.4000,2863.6000,2863.8000,2864.0000,2864.2000,2864.6000,1,6,4,3,5,2,2,45,1,1
SF,IH2006,2020-06-17 09:38:45.200,2863.6000,20583,0,2126488080.000,2,1,1,多换,S,2863.2000,2863.0000,2862.8000,2862.6000,2862.4000,2863.8000,2864.0000,2864.2000,2864.6000,2864.8000,1,6,4,3,5,2,45,1,1,1
SF,IH2006,2020-06-17 09:38:45.700,2863.6000,20583,0,2126488080.000,0,-,-,-,-,2863.2000,2863.0000,2862.8000,2862.6000,2862.4000,2863.8000,2864.0000,2864.2000,2864.6000,2864.8000,1,6,4,3,5,2,45,1,1,1
SF,IH2006,2020-06-17 09:38:47.200,2863.8000,20585,2,2128206360.000,2,2,0,双开,S,2863.8000,2863.2000,2863.0000,2862.8000,2862.6000,2864.0000,2864.2000,2864.6000,2864.8000,2865.0000,1,1,6,4,3,45,1,1,1,1
SF,IH2006,2020-06-17 09:38:47.700,2863.8000,20585,0,2129065500.000,1,0,1,多换,S,2863.2000,2863.0000,2862.8000,2862.6000,2862.4000,2863.6000,2863.8000,2864.0000,2864.2000,2864.6000,2,6,4,3,5,6,11,45,1,1
SF,IH2006,2020-06-17 09:38:48.200,2863.8000,20585,0,2129065500.000,0,-,-,-,-,2863.2000,2863.0000,2862.8000,2862.6000,2862.4000,2864.0000,2864.2000,2864.6000,2864.8000,2865.0000,3,6,4,3,5,45,1,1,1,1
SF,IH2006,2020-06-17 09:38:48.700,2863.8000,20585,0,2129065500.000,0,-,-,-,-,2863.4000,2863.2000,2863.0000,2862.8000,2862.6000,2864.0000,2864.2000,2864.6000,2864.8000,2865.0000,2,3,6,4,3,45,1,1,1,1
SF,IH2006,2020-06-17 09:38:49.200,2863.8000,20585,0,2129065500.000,0,-,-,-,-,2863.4000,2863.2000,2863.0000,2862.8000,2862.6000,2864.0000,2864.2000,2864.6000,2864.8000,2865.0000,4,3,6,4,3,45,1,1,1,1
SF,IH2006,2020-06-17 09:38:49.700,2863.8000,20585,0,2129065500.000,0,-,-,-,-,2863.4000,2863.2000,2863.0000,2862.8000,2862.6000,2864.0000,2864.2000,2864.6000,2864.8000,2865.0000,3,3,6,4,3,45,1,1,1,1
SF,IH2006,2020-06-17 09:38:51.200,2863.4000,20584,-1,2129924520.000,1,0,1,双平,S,2863.4000,2863.2000,2863.0000,2862.8000,2862.6000,2864.0000,2864.2000,2864.6000,2864.8000,2865.0000,2,3,6,4,3,45,1,1,1,1
SF,IH2006,2020-06-17 09:38:51.700,2863.4000,20584,0,2129924520.000,0,-,-,-,-,2863.6000,2863.4000,2863.2000,2863.0000,2862.8000,2864.0000,2864.2000,2864.6000,2864.8000,2865.0000,1,2,2,6,3,45,1,1,1,1
SF,IH2006,2020-06-17 09:38:52.200,2863.4000,20584,0,2129924520.000,0,-,-,-,-,2863.6000,2863.4000,2863.2000,2863.0000,2862.8000,2864.0000,2864.2000,2864.6000,2864.8000,2865.0000,1,2,2,6,3,44,1,1,1,1
SF,IH2006,2020-06-17 09:38:52.700,2863.4000,20584,0,2129924520.000,0,-,-,-,-,2863.6000,2863.4000,2863.2000,2863.0000,2862.8000,2864.0000,2864.2000,2864.6000,2864.8000,2865.0000,2,2,2,6,3,45,1,1,1,1
SF,IH2006,2020-06-17 09:38:53.200,2863.4000,20584,0,2129924520.000,0,-,-,-,-,2863.6000,2863.4000,2863.2000,2863.0000,2862.8000,2864.0000,2864.2000,2864.6000,2865.0000,2865.2000,3,2,2,7,3,44,1,1,1,1
SF,IH2006,2020-06-17 09:38:53.700,2863.4000,20584,0,2129924520.000,0,-,-,-,-,2863.6000,2863.4000,2863.2000,2863.0000,2862.8000,2864.0000,2864.2000,2864.6000,2865.0000,2865.2000,3,1,2,7,3,44,1,1,1,1
SF,IH2006,2020-06-17 09:38:54.200,2863.6000,20582,-2,2131642680.000,2,0,2,双平,S,2863.4000,2863.2000,2863.0000,2862.8000,2862.6000,2863.6000,2863.8000,2864.0000,2864.2000,2865.0000,1,2,7,3,3,5,1,44,1,1
SF,IH2006,2020-06-17 09:38:54.700,2863.6000,20582,0,2131642680.000,0,-,-,-,-,2863.4000,2863.2000,2863.0000,2862.8000,2862.6000,2863.8000,2864.0000,2864.2000,2865.0000,2865.2000,1,2,7,3,3,1,44,1,1,1
SF,IH2006,2020-06-17 09:38:55.200,2863.6000,20582,0,2131642680.000,0,-,-,-,-,2863.4000,2863.2000,2863.0000,2862.8000,2862.6000,2863.8000,2864.0000,2864.2000,2864.6000,2865.0000,1,2,7,3,3,1,44,1,1,1
SF,IH2006,2020-06-17 09:38:57.200,2863.8000,20581,-1,2132501820.000,1,0,1,双平,S,2863.4000,2863.2000,2863.0000,2862.8000,2862.6000,2864.0000,2864.2000,2864.6000,2865.0000,2865.2000,1,2,7,3,3,44,1,1,1,1
SF,IH2006,2020-06-17 09:38:57.700,2863.8000,20581,0,2132501820.000,0,-,-,-,-,2863.2000,2863.0000,2862.8000,2862.6000,2862.4000,2863.8000,2864.0000,2864.2000,2864.6000,2865.0000,1,7,3,3,5,4,44,1,1,1
SF,IH2006,2020-06-17 09:38:58.200,2863.8000,20581,0,2132501820.000,0,-,-,-,-,2863.6000,2863.2000,2863.0000,2862.8000,2862.6000,2863.8000,2864.0000,2864.2000,2864.6000,2865.0000,1,2,7,3,3,1,44,1,1,1
SF,IH2006,2020-06-17 09:38:58.700,2863.6000,20581,0,2133360900.000,1,0,1,多换,S,2863.2000,2863.0000,2862.8000,2862.6000,2862.4000,2863.8000,2864.0000,2864.2000,2865.0000,2865.2000,2,7,3,3,5,1,44,1,1,1
SF,IH2006,2020-06-17 09:38:59.700,2863.6000,20581,0,2133360900.000,0,-,-,-,-,2863.4000,2863.2000,2863.0000,2862.8000,2862.6000,2863.6000,2863.8000,2864.0000,2864.2000,2865.0000,1,2,7,3,3,3,2,44,1,1
SF,IH2006,2020-06-17 09:39:00.200,2863.6000,20579,-2,2135079060.000,2,0,2,双平,S,2863.4000,2863.2000,2863.0000,2862.8000,2862.6000,2863.6000,2863.8000,2864.0000,2864.2000,2864.6000,1,2,7,3,3,1,2,44,1,1
SF,IH2006,2020-06-17 09:39:01.200,2863.6000,20579,0,2135079060.000,0,-,-,-,-,2863.4000,2863.2000,2863.0000,2862.8000,2862.6000,2863.6000,2863.8000,2864.0000,2864.2000,2864.6000,1,3,7,3,3,1,2,44,1,1
SF,IH2006,2020-06-17 09:39:01.700,2863.4000,20580,1,2136797160.000,2,1,1,空开,S,2863.2000,2863.0000,2862.8000,2862.6000,2862.4000,2863.8000,2864.0000,2864.2000,2864.6000,2865.0000,3,7,3,3,5,2,44,1,1,1
SF,IH2006,2020-06-17 09:39:02.200,2863.2000,20581,1,2137656120.000,1,1,0,双开,S,2863.2000,2863.0000,2862.8000,2862.6000,2862.4000,2863.6000,2863.8000,2864.0000,2864.2000,2864.6000,3,7,3,3,5,1,3,44,1,1
SF,IH2006,2020-06-17 09:39:02.700,2863.2000,20581,0,2137656120.000,0,-,-,-,-,2863.4000,2863.2000,2863.0000,2862.8000,2862.6000,2863.6000,2863.8000,2864.0000,2864.2000,2864.6000,1,3,7,3,3,1,3,44,1,1
SF,IH2006,2020-06-17 09:39:03.200,2863.4000,20580,-1,2138515140.000,1,0,1,双平,S,2863.2000,2863.0000,2862.8000,2862.6000,2862.4000,2863.6000,2863.8000,2864.0000,2864.2000,2864.6000,3,6,3,3,5,2,3,44,1,1
SF,IH2006,2020-06-17 09:39:03.700,2863.4000,20580,0,2138515140.000,0,-,-,-,-,2863.2000,2863.0000,2862.8000,2862.6000,2862.4000,2863.6000,2863.8000,2864.0000,2864.2000,2864.6000,2,6,3,3,5,2,3,44,1,1
SF,IH2006,2020-06-17 09:39:04.200,2863.2000,20580,0,2139374100.000,1,0,1,多换,S,2863.2000,2863.0000,2862.8000,2862.6000,2862.4000,2863.6000,2863.8000,2864.0000,2864.2000,2864.6000,1,6,3,3,5,3,2,44,1,1
SF,IH2006,2020-06-17 09:39:04.700,2863.2000,20580,0,2139374100.000,0,-,-,-,-,2863.2000,2863.0000,2862.8000,2862.6000,2862.4000,2863.6000,2863.8000,2864.0000,2864.2000,2864.6000,1,6,3,3,5,2,2,44,1,1
SF,IH2006,2020-06-17 09:39:05.200,2863.2000,20579,-1,2140233060.000,1,0,1,双平,S,2863.0000,2862.8000,2862.6000,2862.4000,2862.2000,2863.4000,2863.6000,2863.8000,2864.0000,2864.2000,6,3,3,5,3,1,2,2,44,1
SF,IH2006,2020-06-17 09:39:05.700,2863.4000,20580,1,2141092080.000,1,1,0,双开,S,2863.0000,2862.8000,2862.6000,2862.4000,2862.2000,2863.6000,2863.8000,2864.0000,2864.2000,2864.6000,6,3,3,5,3,2,2,44,1,1
SF,IH2006,2020-06-17 09:39:06.200,2863.2000,20580,0,2141951040.000,1,0,1,多换,S,2863.0000,2862.8000,2862.6000,2862.4000,2862.2000,2863.6000,2863.8000,2864.0000,2864.2000,2864.6000,7,3,3,5,3,2,2,44,1,1
SF,IH2006,2020-06-17 09:39:06.700,2863.6000,20581,1,2142810120.000,1,1,0,双开,S,2863.0000,2862.8000,2862.6000,2862.4000,2862.2000,2863.6000,2863.8000,2864.0000,2864.2000,2864.6000,7,3,3,5,3,1,2,44,1,1
SF,IH2006,2020-06-17 09:39:07.200,2863.6000,20581,0,2142810120.000,0,-,-,-,-,2863.4000,2863.2000,2863.0000,2862.8000,2862.6000,2863.8000,2864.0000,2864.2000,2864.6000,2865.0000,2,2,7,3,3,2,44,1,1,1
SF,IH2006,2020-06-17 09:39:07.700,2863.6000,20581,0,2142810120.000,0,-,-,-,-,2863.2000,2863.0000,2862.8000,2862.6000,2862.4000,2863.8000,2864.0000,2864.2000,2864.6000,2865.0000,2,7,2,3,5,2,45,1,1,1
SF,IH2006,2020-06-17 09:39:08.200,2863.4000,20582,1,2143669140.000,1,1,0,双开,S,2863.2000,2863.0000,2862.8000,2862.6000,2862.4000,2863.8000,2864.0000,2864.2000,2864.6000,2865.0000,2,7,2,3,5,2,45,1,1,1
SF,IH2006,2020-06-17 09:39:08.700,2863.4000,20582,0,2143669140.000,0,-,-,-,-,2863.2000,2863.0000,2862.8000,2862.6000,2862.4000,2863.8000,2864.0000,2864.2000,2864.6000,2865.0000,2,7,2,3,5,3,46,1,1,1
SF,IH2006,2020-06-17 09:39:09.200,2863.4000,20582,0,2143669140.000,0,-,-,-,-,2863.2000,2863.0000,2862.8000,2862.6000,2862.4000,2863.8000,2864.0000,2864.2000,2864.6000,2865.0000,3,7,2,3,5,3,46,1,1,1
SF,IH2006,2020-06-17 09:39:09.700,2863.4000,20582,0,2143669140.000,0,-,-,-,-,2863.2000,2863.0000,2862.8000,2862.6000,2862.4000,2863.6000,2863.8000,2864.0000,2864.2000,2864.6000,1,7,2,3,5,1,3,46,1,1
SF,IH2006,2020-06-17 09:39:10.200,2863.2000,20582,0,2144528100.000,1,0,1,多换,S,2863.0000,2862.8000,2862.6000,2862.4000,2862.2000,2863.8000,2864.0000,2864.2000,2864.6000,2865.0000,7,2,3,5,3,3,46,1,1,1
SF,IH2006,2020-06-17 09:39:10.700,2863.2000,20582,0,2144528100.000,0,-,-,-,-,2863.0000,2862.8000,2862.6000,2862.4000,2862.2000,2863.6000,2863.8000,2864.0000,2864.2000,2864.6000,7,2,3,5,3,1,4,46,1,1
SF,IH2006,2020-06-17 09:39:11.200,2863.2000,20582,0,2144528100.000,0,-,-,-,-,2863.2000,2863.0000,2862.8000,2862.6000,2862.4000,2863.6000,2863.8000,2864.0000,2864.2000,2864.6000,1,8,2,3,5,2,4,46,1,1
SF,IH2006,2020-06-17 09:39:11.700,2863.2000,20582,0,2144528100.000,0,-,-,-,-,2863.2000,2863.0000,2862.8000,2862.6000,2862.4000,2863.8000,2864.0000,2864.2000,2864.6000,2865.0000,6,8,2,3,5,4,46,1,1,1
SF,IH2006,2020-06-17 09:39:12.200,2863.8000,20581,-1,2149682760.000,6,2,4,多平,S,2863.8000,2863.2000,2863.0000,2862.8000,2862.6000,2864.0000,2864.2000,2864.6000,2865.0000,2865.2000,1,7,8,2,3,46,1,1,1,1
SF,IH2006,2020-06-17 09:39:12.700,2864.0000,20581,0,2152260300.000,3,1,2,多换,S,2863.2000,2863.0000,2862.8000,2862.6000,2862.4000,2864.0000,2864.2000,2864.6000,2865.0000,2865.2000,7,7,2,3,5,44,1,1,1,1
SF,IH2006,2020-06-17 09:39:13.200,2864.0000,20574,-7,2172021900.000,23,8,15,多平,S,2863.8000,2863.6000,2863.4000,2863.2000,2863.0000,2864.0000,2864.2000,2864.6000,2865.0000,2865.2000,1,7,3,6,7,21,2,1,1,1
SF,IH2006,2020-06-17 09:39:13.700,2864.2000,20558,-16,2191783620.000,23,3,20,多平,S,2864.2000,2864.0000,2863.4000,2863.2000,2863.0000,2864.6000,2865.0000,2865.2000,2865.4000,2865.6000,2,19,3,5,6,1,1,1,1,5
SF,IH2006,2020-06-17 09:39:14.200,2864.4000,20556,-2,2193502320.000,2,0,2,双平,S,2864.2000,2864.0000,2863.4000,2863.2000,2863.0000,2864.6000,2865.0000,2865.2000,2865.4000,2865.6000,1,12,3,5,6,1,1,1,1,5
SF,IH2006,2020-06-17 09:39:14.700,2864.2000,20556,0,2194361580.000,1,0,1,多换,S,2864.0000,2863.4000,2863.2000,2863.0000,2862.8000,2864.6000,2865.0000,2865.2000,2865.4000,2865.6000,19,2,5,6,2,1,1,1,1,5
SF,IH2006,2020-06-17 09:39:15.200,2864.2000,20556,0,2194361580.000,0,-,-,-,-,2864.0000,2863.4000,2863.2000,2863.0000,2862.8000,2865.0000,2865.2000,2865.4000,2865.6000,2866.0000,19,2,5,6,2,2,1,1,5,1
SF,IH2006,2020-06-17 09:39:15.700,2865.0000,20551,-5,2199518460.000,6,0,6,多平,S,2864.4000,2864.2000,2864.0000,2863.4000,2863.2000,2865.2000,2865.4000,2865.6000,2866.0000,2867.0000,5,4,24,1,2,1,1,5,1,1
SF,IH2006,2020-06-17 09:39:16.200,2865.4000,20551,0,2201237640.000,2,1,1,多换,S,2865.4000,2865.2000,2864.6000,2864.4000,2864.2000,2865.6000,2866.0000,2867.0000,2867.6000,2867.8000,46,5,1,5,2,5,1,1,6,1
SF,IH2006,2020-06-17 09:39:16.700,2865.4000,20533,-18,2224447680.000,27,4,23,多平,S,2865.6000,2865.4000,2865.2000,2864.6000,2864.4000,2866.0000,2867.0000,2867.6000,2867.8000,2868.0000,6,28,5,1,5,1,1,6,1,2
SF,IH2006,2020-06-17 09:39:17.200,2865.6000,20533,0,2226167040.000,2,1,1,多换,S,2865.6000,2865.4000,2865.2000,2864.6000,2864.4000,2865.8000,2866.0000,2867.0000,2867.6000,2867.8000,6,26,5,1,5,1,2,1,6,1
SF,IH2006,2020-06-17 09:39:17.700,2865.6000,20532,-1,2230465500.000,5,2,3,多平,S,2865.6000,2865.4000,2865.2000,2864.6000,2864.4000,2866.0000,2866.2000,2867.0000,2867.6000,2867.8000,3,26,5,1,5,2,1,1,6,1
SF,IH2006,2020-06-17 09:39:18.200,2865.6000,20529,-3,2240781840.000,12,4,8,多平,S,2865.4000,2865.2000,2864.6000,2864.4000,2864.2000,2865.6000,2866.0000,2866.2000,2867.0000,2867.6000,26,5,1,5,2,9,1,2,1,6
SF,IH2006,2020-06-17 09:39:18.700,2866.0000,20514,-15,2265711180.000,29,7,22,多平,S,2865.4000,2865.2000,2864.6000,2864.4000,2864.2000,2866.2000,2867.0000,2867.6000,2867.8000,2868.0000,1,5,1,5,2,2,1,6,1,2
SF,IH2006,2020-06-17 09:39:19.200,2865.4000,20512,-2,2272588140.000,8,3,5,多平,S,2865.4000,2865.2000,2864.6000,2864.4000,2864.2000,2865.6000,2866.0000,2866.2000,2867.0000,2867.6000,3,2,1,5,2,3,5,5,1,6
SF,IH2006,2020-06-17 09:39:19.700,2864.6000,20509,-3,2278605060.000,7,2,5,多平,S,2864.4000,2864.2000,2864.0000,2863.4000,2863.2000,2864.6000,2865.2000,2865.4000,2865.6000,2866.0000,5,2,6,1,1,2,2,11,1,5
SF,IH2006,2020-06-17 09:39:20.200,2865.4000,20505,-4,2282902440.000,5,0,5,多平,S,2864.8000,2864.6000,2864.4000,2864.2000,2864.0000,2865.2000,2865.4000,2865.6000,2866.0000,2866.2000,9,9,8,2,6,1,5,2,5,2
SF,IH2006,2020-06-17 09:39:20.700,2864.6000,20505,0,2284621440.000,2,1,1,多换,S,2864.6000,2864.4000,2864.2000,2864.0000,2863.4000,2864.8000,2865.2000,2865.4000,2865.6000,2866.0000,4,8,2,6,1,1,2,5,1,5
SF,IH2006,2020-06-17 09:39:21.200,2864.8000,20504,-1,2285480880.000,1,0,1,双平,S,2864.8000,2864.6000,2864.4000,2864.2000,2864.0000,2865.2000,2865.4000,2865.6000,2866.0000,2866.2000,4,3,8,2,6,2,5,1,5,2
SF,IH2006,2020-06-17 09:39:21.700,2865.2000,20503,-1,2286340440.000,1,0,1,双平,S,2864.6000,2864.4000,2864.2000,2864.0000,2863.6000,2865.2000,2865.4000,2865.6000,2866.0000,2866.2000,3,8,2,3,1,4,2,1,5,2
SF,IH2006,2020-06-17 09:39:22.200,2865.2000,20503,0,2286340440.000,0,-,-,-,-,2865.0000,2864.8000,2864.6000,2864.4000,2864.2000,2865.2000,2865.4000,2865.6000,2866.0000,2866.2000,2,3,3,3,2,4,2,1,5,2
SF,IH2006,2020-06-17 09:39:22.700,2864.8000,20498,-5,2291497680.000,6,0,6,多平,S,2864.8000,2864.6000,2864.4000,2864.2000,2864.0000,2865.4000,2865.6000,2866.0000,2866.2000,2867.0000,2,2,3,2,3,1,1,5,2,1
SF,IH2006,2020-06-17 09:39:23.200,2865.4000,20495,-3,2294076540.000,3,0,3,双平,S,2864.8000,2864.6000,2864.4000,2864.2000,2864.0000,2865.6000,2866.0000,2866.2000,2867.0000,2867.6000,3,2,3,2,4,1,5,2,1,6
SF,IH2006,2020-06-17 09:39:23.700,2865.4000,20495,0,2294076540.000,0,-,-,-,-,2865.2000,2865.0000,2864.8000,2864.6000,2864.4000,2865.6000,2866.0000,2866.2000,2866.4000,2867.0000,4,2,3,2,3,1,5,2,1,1
SF,IH2006,2020-06-17 09:39:24.200,2865.6000,20495,0,2294936220.000,1,0,1,多换,S,2865.2000,2865.0000,2864.8000,2864.6000,2864.4000,2866.0000,2866.2000,2866.4000,2867.0000,2867.6000,4,2,2,2,3,3,2,1,1,6
SF,IH2006,2020-06-17 09:39:24.700,2865.2000,20493,-2,2297515020.000,3,0,3,多平,S,2865.2000,2865.0000,2864.8000,2864.6000,2864.4000,2866.0000,2866.2000,2867.0000,2867.6000,2867.8000,3,2,2,2,3,1,3,1,6,1
SF,IH2006,2020-06-17 09:39:25.200,2866.0000,20489,-4,2303533560.000,7,1,6,多平,S,2865.4000,2865.2000,2865.0000,2864.8000,2864.6000,2867.0000,2867.6000,2867.8000,2868.0000,2868.8000,4,8,1,2,2,1,6,1,2,2
SF,IH2006,2020-06-17 09:39:25.700,2866.0000,20488,-1,2304393360.000,1,0,1,双平,S,2865.6000,2865.4000,2865.2000,2865.0000,2864.8000,2866.0000,2866.6000,2866.8000,2867.0000,2867.6000,2,5,8,1,1,2,2,11,1,6
SF,IH2006,2020-06-17 09:39:26.200,2866.0000,20488,0,2304393360.000,0,-,-,-,-,2866.0000,2865.8000,2865.6000,2865.4000,2865.2000,2866.6000,2866.8000,2867.0000,2867.6000,2867.8000,1,1,2,5,8,1,7,3,6,1
SF,IH2006,2020-06-17 09:39:26.700,2865.6000,20489,1,2307832380.000,4,2,2,空开,S,2865.6000,2865.4000,2865.2000,2864.8000,2864.6000,2866.0000,2866.2000,2866.4000,2866.8000,2867.0000,1,5,8,1,1,1,8,5,5,3
SF,IH2006,2020-06-17 09:39:27.200,2865.6000,20488,-1,2308692060.000,1,0,1,双平,S,2865.4000,2865.2000,2864.8000,2864.6000,2864.4000,2866.0000,2866.4000,2866.6000,2866.8000,2867.0000,5,8,2,1,1,1,5,3,3,3
SF,IH2006,2020-06-17 09:39:27.700,2865.6000,20488,0,2308692060.000,0,-,-,-,-,2865.4000,2865.2000,2864.8000,2864.6000,2864.4000,2865.6000,2865.8000,2866.0000,2866.4000,2866.6000,1,3,2,1,1,1,1,2,5,2
SF,IH2006,2020-06-17 09:39:28.200,2865.4000,20487,-1,2309551680.000,1,0,1,双平,S,2865.4000,2865.2000,2864.8000,2864.6000,2864.4000,2865.6000,2865.8000,2866.0000,2866.4000,2866.6000,1,3,2,1,1,1,1,2,5,2
SF,IH2006,2020-06-17 09:39:28.700,2865.4000,20484,-3,2312130540.000,3,0,3,双平,S,2865.2000,2865.0000,2864.8000,2864.6000,2864.4000,2865.4000,2865.6000,2865.8000,2866.0000,2866.4000,3,1,2,1,1,2,1,1,2,5
SF,IH2006,2020-06-17 09:39:29.200,2865.6000,20485,1,2316428640.000,5,3,2,空开,S,2865.6000,2865.4000,2865.2000,2865.0000,2864.8000,2865.8000,2866.0000,2866.4000,2866.6000,2866.8000,3,2,2,1,2,1,2,4,2,3
SF,IH2006,2020-06-17 09:39:29.700,2865.6000,20487,2,2319007680.000,3,2,1,空开,S,2865.4000,2865.2000,2865.0000,2864.8000,2864.6000,2865.6000,2866.0000,2866.4000,2866.6000,2866.8000,2,2,1,2,1,2,1,3,2,3
SF,IH2006,2020-06-17 09:39:30.200,2865.4000,20485,-2,2320726920.000,2,0,2,双平,S,2865.2000,2865.0000,2864.8000,2864.6000,2864.4000,2865.4000,2865.6000,2865.8000,2866.0000,2866.4000,2,1,2,1,1,2,2,1,2,3
SF,IH2006,2020-06-17 09:39:30.700,2865.6000,20478,-7,2326744680.000,7,0,7,双平,S,2865.6000,2865.2000,2865.0000,2864.8000,2864.6000,2866.0000,2866.4000,2866.6000,2866.8000,2867.0000,15,3,6,2,1,1,2,2,3,3
SF,IH2006,2020-06-17 09:39:31.200,2865.6000,20476,-2,2330183760.000,4,1,3,多平,S,2865.6000,2865.2000,2865.0000,2864.8000,2864.6000,2866.4000,2866.6000,2866.8000,2867.0000,2867.6000,13,3,6,2,1,1,2,3,3,6
SF,IH2006,2020-06-17 09:39:31.700,2866.2000,20475,-1,2331043620.000,1,0,1,双平,S,2865.6000,2865.2000,2865.0000,2864.8000,2864.6000,2866.2000,2866.4000,2866.6000,2866.8000,2867.0000,14,2,6,2,1,4,3,1,4,1
SF,IH2006,2020-06-17 09:39:32.200,2866.2000,20475,0,2331903480.000,1,0,1,多换,S,2865.6000,2865.2000,2865.0000,2864.8000,2864.6000,2866.2000,2866.4000,2866.6000,2866.8000,2867.0000,14,2,6,2,1,2,3,1,5,1
SF,IH2006,2020-06-17 09:39:32.700,2866.2000,20475,0,2331903480.000,0,-,-,-,-,2866.0000,2865.8000,2865.6000,2865.2000,2865.0000,2866.2000,2866.4000,2866.8000,2867.0000,2867.6000,1,1,14,2,6,2,3,4,1,6
SF,IH2006,2020-06-17 09:39:33.200,2865.8000,20475,0,2333623020.000,2,1,1,多换,S,2865.6000,2865.2000,2865.0000,2864.8000,2864.6000,2866.0000,2866.4000,2866.8000,2867.0000,2867.6000,14,2,6,2,1,5,1,4,1,6
SF,IH2006,2020-06-17 09:39:33.700,2865.6000,20473,-2,2335342500.000,2,0,2,双平,S,2865.6000,2865.2000,2865.0000,2864.8000,2864.6000,2866.0000,2866.4000,2866.6000,2866.8000,2867.0000,13,2,6,2,1,7,2,1,4,1
SF,IH2006,2020-06-17 09:39:34.200,2865.6000,20473,0,2335342500.000,0,-,-,-,-,2865.6000,2865.2000,2865.0000,2864.8000,2864.6000,2866.0000,2866.4000,2866.6000,2866.8000,2867.0000,12,2,7,2,1,7,2,1,4,1
SF,IH2006,2020-06-17 09:39:34.700,2865.6000,20473,0,2337061860.000,2,1,1,多换,S,2865.6000,2865.2000,2865.0000,2864.8000,2864.6000,2866.0000,2866.4000,2866.6000,2866.8000,2867.0000,10,2,7,2,1,7,2,1,4,1
SF,IH2006,2020-06-17 09:39:35.700,2865.6000,20472,-1,2337921540.000,1,0,1,双平,S,2865.6000,2865.2000,2865.0000,2864.8000,2864.6000,2866.0000,2866.4000,2866.6000,2866.8000,2867.0000,9,2,7,2,1,7,2,1,4,1
SF,IH2006,2020-06-17 09:39:36.200,2865.6000,20471,-1,2338781220.000,1,0,1,双平,S,2865.6000,2865.2000,2865.0000,2864.8000,2864.6000,2866.0000,2866.4000,2866.6000,2866.8000,2867.0000,9,2,7,2,1,7,2,1,4,1
SF,IH2006,2020-06-17 09:39:36.700,2865.6000,20471,0,2338781220.000,0,-,-,-,-,2865.6000,2865.4000,2865.2000,2865.0000,2864.8000,2866.0000,2866.4000,2866.6000,2866.8000,2867.0000,9,1,2,7,2,7,2,1,4,1
SF,IH2006,2020-06-17 09:39:37.200,2866.0000,20461,-10,2347378860.000,10,0,10,双平,S,2865.6000,2865.4000,2865.2000,2865.0000,2864.8000,2866.4000,2866.6000,2866.8000,2867.0000,2867.6000,7,1,2,7,2,1,1,4,1,6
SF,IH2006,2020-06-17 09:39:37.700,2866.0000,20461,0,2347378860.000,0,-,-,-,-,2865.6000,2865.4000,2865.2000,2865.0000,2864.8000,2866.2000,2866.4000,2866.6000,2866.8000,2867.0000,8,1,2,7,2,1,4,1,4,1
SF,IH2006,2020-06-17 09:39:38.200,2866.0000,20461,0,2347378860.000,0,-,-,-,-,2865.8000,2865.6000,2865.4000,2865.2000,2865.0000,2866.4000,2866.6000,2866.8000,2867.0000,2867.6000,2,8,1,2,7,3,1,4,1,6
SF,IH2006,2020-06-17 09:39:38.700,2866.0000,20461,0,2347378860.000,0,-,-,-,-,2865.8000,2865.6000,2865.4000,2865.2000,2865.0000,2866.4000,2866.6000,2866.8000,2867.0000,2867.4000,4,7,1,2,7,1,1,4,1,1
SF,IH2006,2020-06-17 09:39:39.200,2865.6000,20458,-3,2351677500.000,5,1,4,多平,S,2865.6000,2865.4000,2865.2000,2865.0000,2864.8000,2865.8000,2866.4000,2866.6000,2866.8000,2867.0000,6,1,2,7,2,2,1,1,4,1
SF,IH2006,2020-06-17 09:39:39.700,2865.8000,20458,0,2353396980.000,2,1,1,多换,S,2865.6000,2865.4000,2865.2000,2865.0000,2864.8000,2865.8000,2866.4000,2866.6000,2866.8000,2867.0000,5,1,2,8,2,1,1,1,4,1
SF,IH2006,2020-06-17 09:39:40.200,2865.8000,20456,-2,2355116460.000,2,0,2,双平,S,2865.6000,2865.4000,2865.2000,2865.0000,2864.8000,2865.8000,2866.4000,2866.6000,2866.8000,2867.0000,5,1,2,8,2,4,1,1,5,1
SF,IH2006,2020-06-17 09:39:40.700,2865.6000,20456,0,2359414860.000,5,2,3,多换,S,2865.4000,2865.2000,2865.0000,2864.8000,2864.6000,2865.6000,2865.8000,2866.2000,2866.4000,2866.6000,1,2,10,2,1,1,4,2,1,1
SF,IH2006,2020-06-17 09:39:41.200,2865.4000,20456,0,2360274480.000,1,0,1,多换,S,2865.2000,2865.0000,2864.8000,2864.6000,2864.4000,2865.6000,2865.8000,2866.2000,2866.4000,2866.6000,2,10,2,1,1,2,4,2,1,1
SF,IH2006,2020-06-17 09:39:41.700,2865.2000,20456,0,2361134040.000,1,0,1,多换,S,2865.2000,2865.0000,2864.8000,2864.6000,2864.4000,2865.6000,2865.8000,2866.2000,2866.4000,2866.6000,1,9,2,1,1,3,4,2,1,1
SF,IH2006,2020-06-17 09:39:42.200,2865.2000,20456,0,2361134040.000,0,-,-,-,-,2865.2000,2865.0000,2864.8000,2864.6000,2864.4000,2865.6000,2865.8000,2866.2000,2866.4000,2866.6000,1,9,3,1,1,3,4,2,1,1
SF,IH2006,2020-06-17 09:39:43.200,2865.2000,20456,0,2361134040.000,0,-,-,-,-,2865.2000,2865.0000,2864.8000,2864.6000,2864.4000,2865.6000,2865.8000,2866.0000,2866.2000,2866.4000,1,9,3,1,1,3,4,1,2,1
SF,IH2006,2020-06-17 09:39:43.700,2865.2000,20456,0,2361134040.000,0,-,-,-,-,2865.2000,2865.0000,2864.8000,2864.6000,2864.4000,2865.6000,2865.8000,2866.0000,2866.2000,2866.4000,1,9,3,1,1,2,4,1,3,1
SF,IH2006,2020-06-17 09:39:44.200,2865.2000,20456,0,2361993600.000,1,0,1,多换,S,2865.2000,2865.0000,2864.8000,2864.6000,2864.4000,2865.6000,2865.8000,2866.0000,2866.2000,2866.4000,3,9,3,1,1,1,4,1,3,1
SF,IH2006,2020-06-17 09:39:44.700,2865.6000,20457,1,2363712960.000,2,1,1,空开,S,2865.2000,2865.0000,2864.8000,2864.6000,2864.4000,2865.8000,2866.0000,2866.2000,2866.4000,2866.6000,6,9,3,1,1,4,1,3,1,1
SF,IH2006,2020-06-17 09:39:45.200,2865.4000,20457,0,2364572580.000,1,0,1,多换,S,2865.4000,2865.2000,2865.0000,2864.8000,2864.6000,2865.8000,2866.0000,2866.2000,2866.4000,2866.6000,4,7,9,3,1,6,1,3,1,1
SF,IH2006,2020-06-17 09:39:46.200,2866.0000,20455,-2,2370590820.000,7,2,5,多平,S,2865.6000,2865.4000,2865.2000,2865.0000,2864.8000,2866.2000,2866.4000,2866.6000,2866.8000,2867.0000,1,4,7,9,3,3,1,1,5,1
SF,IH2006,2020-06-17 09:39:46.700,2866.0000,20455,0,2370590820.000,0,-,-,-,-,2865.6000,2865.4000,2865.2000,2865.0000,2864.8000,2866.2000,2866.4000,2866.6000,2866.8000,2867.0000,2,4,8,9,3,3,2,1,8,1
SF,IH2006,2020-06-17 09:39:47.200,2865.6000,20456,1,2371450500.000,1,1,0,双开,S,2865.6000,2865.4000,2865.2000,2865.0000,2864.8000,2866.2000,2866.4000,2866.6000,2866.8000,2867.0000,1,4,8,9,3,3,2,1,8,1
SF,IH2006,2020-06-17 09:39:47.700,2865.6000,20456,0,2371450500.000,0,-,-,-,-,2865.6000,2865.4000,2865.2000,2865.0000,2864.8000,2866.2000,2866.4000,2866.6000,2866.8000,2867.0000,1,4,8,9,3,3,2,1,8,1
SF,IH2006,2020-06-17 09:39:48.200,2865.6000,20456,0,2371450500.000,0,-,-,-,-,2865.4000,2865.2000,2865.0000,2864.8000,2864.6000,2866.0000,2866.2000,2866.4000,2866.6000,2866.8000,4,8,9,3,1,1,3,2,1,8
SF,IH2006,2020-06-17 09:39:48.700,2865.6000,20456,0,2371450500.000,0,-,-,-,-,2865.8000,2865.4000,2865.2000,2865.0000,2864.8000,2866.0000,2866.2000,2866.4000,2866.6000,2866.8000,1,5,8,9,3,1,3,2,1,8
SF,IH2006,2020-06-17 09:39:49.200,2865.6000,20456,0,2371450500.000,0,-,-,-,-,2865.8000,2865.4000,2865.2000,2865.0000,2864.8000,2866.0000,2866.2000,2866.4000,2866.6000,2866.8000,1,6,9,9,3,1,3,1,1,8
SF,IH2006,2020-06-17 09:39:49.700,2865.6000,20456,0,2371450500.000,0,-,-,-,-,2865.8000,2865.4000,2865.2000,2865.0000,2864.8000,2866.0000,2866.2000,2866.4000,2866.6000,2866.8000,1,7,9,9,3,1,3,1,1,8
SF,IH2006,2020-06-17 09:39:50.200,2865.6000,20456,0,2371450500.000,0,-,-,-,-,2865.8000,2865.6000,2865.4000,2865.2000,2865.0000,2866.2000,2866.6000,2866.8000,2867.0000,2867.6000,1,1,8,9,9,3,1,8,1,6
SF,IH2006,2020-06-17 09:39:50.700,2865.6000,20456,0,2371450500.000,0,-,-,-,-,2865.8000,2865.6000,2865.4000,2865.2000,2865.0000,2866.2000,2866.6000,2866.8000,2867.0000,2867.2000,2,1,8,9,9,3,1,8,1,1
SF,IH2006,2020-06-17 09:39:51.200,2865.8000,20455,-1,2372310240.000,1,0,1,双平,S,2865.8000,2865.6000,2865.4000,2865.2000,2865.0000,2866.2000,2866.6000,2866.8000,2867.0000,2867.2000,2,1,8,9,9,3,1,7,1,1
SF,IH2006,2020-06-17 09:39:51.700,2865.8000,20455,0,2372310240.000,0,-,-,-,-,2865.8000,2865.6000,2865.4000,2865.2000,2865.0000,2866.2000,2866.6000,2866.8000,2867.0000,2867.2000,2,1,8,9,9,3,1,7,2,1
SF,IH2006,2020-06-17 09:39:52.200,2865.8000,20455,0,2372310240.000,0,-,-,-,-,2865.8000,2865.6000,2865.4000,2865.2000,2865.0000,2866.2000,2866.6000,2866.8000,2867.0000,2867.2000,2,2,8,9,9,3,1,7,2,1
SF,IH2006,2020-06-17 09:39:52.700,2866.2000,20455,0,2374029840.000,2,1,1,多换,S,2865.6000,2865.4000,2865.2000,2865.0000,2864.8000,2866.2000,2866.6000,2866.8000,2867.0000,2867.2000,2,8,9,9,3,2,1,7,2,1
SF,IH2006,2020-06-17 09:39:53.200,2866.2000,20455,0,2374029840.000,0,-,-,-,-,2865.8000,2865.6000,2865.4000,2865.2000,2865.0000,2866.2000,2866.6000,2866.8000,2867.0000,2867.6000,1,3,7,9,9,2,1,7,2,6
SF,IH2006,2020-06-17 09:39:53.700,2866.2000,20454,-1,2374889700.000,1,0,1,双平,S,2865.8000,2865.6000,2865.4000,2865.2000,2865.0000,2866.2000,2866.6000,2866.8000,2867.0000,2867.6000,2,2,7,9,9,2,1,7,2,6
SF,IH2006,2020-06-17 09:39:54.200,2866.2000,20454,0,2374889700.000,0,-,-,-,-,2865.8000,2865.6000,2865.4000,2865.2000,2865.0000,2866.2000,2866.6000,2866.8000,2867.0000,2867.2000,2,2,7,9,9,2,1,7,2,1
SF,IH2006,2020-06-17 09:39:54.700,2865.6000,20455,1,2377468860.000,3,2,1,空开,S,2865.6000,2865.4000,2865.2000,2865.0000,2864.8000,2866.0000,2866.2000,2866.6000,2866.8000,2867.0000,1,7,9,9,3,1,2,1,7,2
SF,IH2006,2020-06-17 09:39:55.200,2865.4000,20454,-1,2380907400.000,4,1,3,多平,S,2865.2000,2865.0000,2864.8000,2864.6000,2864.4000,2865.6000,2865.8000,2866.0000,2866.2000,2866.6000,6,9,3,1,1,7,8,3,2,1
SF,IH2006,2020-06-17 09:39:55.700,2865.2000,20450,-4,2385205200.000,5,0,5,多平,S,2865.0000,2864.8000,2864.6000,2864.4000,2864.2000,2865.6000,2865.8000,2866.0000,2866.2000,2866.6000,9,3,1,1,2,8,8,3,2,1
SF,IH2006,2020-06-17 09:39:56.200,2865.0000,20447,-3,2392940700.000,9,3,6,多平,S,2864.8000,2864.6000,2864.4000,2864.2000,2864.0000,2865.2000,2865.4000,2865.6000,2865.8000,2866.0000,3,1,1,2,2,2,5,8,7,3
SF,IH2006,2020-06-17 09:39:56.700,2865.0000,20447,0,2392940700.000,0,-,-,-,-,2864.8000,2864.6000,2864.4000,2864.2000,2864.0000,2865.2000,2865.4000,2865.6000,2865.8000,2866.0000,3,1,1,2,2,5,5,8,7,3
SF,IH2006,2020-06-17 09:39:57.200,2865.0000,20447,0,2392940700.000,0,-,-,-,-,2864.8000,2864.6000,2864.4000,2864.2000,2864.0000,2865.2000,2865.4000,2865.6000,2865.8000,2866.0000,3,1,1,2,2,5,5,8,7,3
SF,IH2006,2020-06-17 09:39:57.700,2865.0000,20447,0,2392940700.000,0,-,-,-,-,2864.8000,2864.6000,2864.4000,2864.2000,2864.0000,2865.0000,2865.2000,2865.4000,2865.6000,2865.8000,3,1,1,2,2,1,4,5,8,7
SF,IH2006,2020-06-17 09:39:58.200,2864.8000,20446,-1,2394659580.000,2,0,2,多平,S,2864.8000,2864.6000,2864.4000,2864.2000,2864.0000,2865.0000,2865.2000,2865.4000,2865.6000,2865.8000,1,1,1,2,2,1,4,5,8,7
SF,IH2006,2020-06-17 09:39:58.700,2864.8000,20445,-1,2395519020.000,1,0,1,双平,S,2864.6000,2864.4000,2864.2000,2864.0000,2863.8000,2865.0000,2865.2000,2865.4000,2865.6000,2865.8000,1,1,2,2,1,1,4,5,8,7
SF,IH2006,2020-06-17 09:39:59.200,2864.8000,20445,0,2397237960.000,2,1,1,多换,S,2864.6000,2864.4000,2864.2000,2864.0000,2863.8000,2865.2000,2865.4000,2865.6000,2865.8000,2866.0000,2,1,2,2,1,3,5,8,7,2
SF,IH2006,2020-06-17 09:39:59.700,2864.8000,20445,0,2397237960.000,0,-,-,-,-,2864.6000,2864.4000,2864.2000,2864.0000,2863.8000,2864.8000,2865.0000,2865.2000,2865.4000,2865.6000,1,1,2,2,1,1,1,3,4,8
SF,IH2006,2020-06-17 09:40:00.200,2864.8000,20445,0,2398956780.000,2,1,1,多换,S,2864.4000,2864.2000,2864.0000,2863.8000,2863.6000,2865.0000,2865.2000,2865.4000,2865.6000,2865.8000,1,2,2,1,1,1,3,4,8,7
SF,IH2006,2020-06-17 09:40:00.700,2864.4000,20445,0,2399816100.000,1,0,1,多换,S,2864.2000,2864.0000,2863.8000,2863.6000,2863.4000,2865.0000,2865.2000,2865.4000,2865.6000,2865.8000,2,2,1,1,2,2,3,4,8,7
SF,IH2006,2020-06-17 09:40:01.200,2864.4000,20445,0,2399816100.000,0,-,-,-,-,2864.4000,2864.2000,2864.0000,2863.8000,2863.6000,2864.8000,2865.0000,2865.2000,2865.4000,2865.6000,1,6,2,1,1,2,2,3,2,8
SF,IH2006,2020-06-17 09:40:01.700,2864.4000,20445,0,2400675420.000,1,0,1,多换,S,2864.2000,2864.0000,2863.8000,2863.6000,2863.4000,2864.8000,2865.0000,2865.2000,2865.4000,2865.6000,3,2,1,1,2,3,2,1,2,8
SF,IH2006,2020-06-17 09:40:02.200,2864.4000,20445,0,2400675420.000,0,-,-,-,-,2864.2000,2864.0000,2863.8000,2863.6000,2863.4000,2864.8000,2865.0000,2865.2000,2865.4000,2865.6000,1,2,1,1,2,3,2,1,2,8
SF,IH2006,2020-06-17 09:40:02.700,2864.6000,20444,-1,2401534800.000,1,0,1,双平,S,2864.4000,2864.2000,2864.0000,2863.8000,2863.6000,2864.8000,2865.0000,2865.2000,2865.4000,2865.6000,3,6,2,1,1,3,2,1,2,8
SF,IH2006,2020-06-17 09:40:03.200,2864.6000,20444,0,2401534800.000,0,-,-,-,-,2864.2000,2864.0000,2863.8000,2863.6000,2863.4000,2864.8000,2865.0000,2865.2000,2865.4000,2865.6000,1,2,1,1,2,3,2,1,2,8
SF,IH2006,2020-06-17 09:40:03.700,2864.6000,20444,0,2401534800.000,0,-,-,-,-,2864.2000,2864.0000,2863.8000,2863.6000,2863.4000,2864.8000,2865.0000,2865.2000,2865.4000,2865.6000,2,2,1,1,2,2,2,1,2,8
SF,IH2006,2020-06-17 09:40:04.200,2864.8000,20444,0,2402394240.000,1,0,1,多换,S,2864.2000,2864.0000,2863.8000,2863.6000,2863.4000,2864.8000,2865.0000,2865.2000,2865.4000,2865.6000,3,2,1,1,2,1,2,1,2,8
SF,IH2006,2020-06-17 09:40:04.700,2865.0000,20443,-1,2404113180.000,2,0,2,多平,S,2864.4000,2864.2000,2864.0000,2863.8000,2863.6000,2865.0000,2865.2000,2865.4000,2865.6000,2865.8000,1,3,2,1,1,1,1,2,8,7
SF,IH2006,2020-06-17 09:40:05.200,2865.0000,20443,0,2404113180.000,0,-,-,-,-,2864.8000,2864.6000,2864.4000,2864.2000,2864.0000,2865.2000,2865.4000,2865.6000,2865.8000,2866.0000,3,1,1,3,2,1,2,8,7,1
SF,IH2006,2020-06-17 09:40:05.700,2864.8000,20444,1,2404972620.000,1,1,0,双开,S,2864.8000,2864.6000,2864.4000,2864.2000,2864.0000,2865.0000,2865.2000,2865.4000,2865.6000,2865.8000,2,1,1,3,2,3,1,2,8,7
SF,IH2006,2020-06-17 09:40:06.200,2864.8000,20444,0,2406691500.000,2,1,1,多换,S,2864.6000,2864.4000,2864.2000,2864.0000,2863.8000,2864.8000,2865.0000,2865.2000,2865.4000,2865.6000,1,1,3,2,1,1,1,1,2,8
SF,IH2006,2020-06-17 09:40:06.700,2864.8000,20444,0,2407550940.000,1,0,1,多换,S,2864.6000,2864.4000,2864.2000,2864.0000,2863.8000,2865.2000,2865.4000,2865.6000,2865.8000,2866.0000,1,1,3,2,1,1,2,8,7,1
SF,IH2006,2020-06-17 09:40:07.200,2864.8000,20444,0,2407550940.000,0,-,-,-,-,2864.4000,2864.2000,2864.0000,2863.8000,2863.6000,2865.0000,2865.2000,2865.4000,2865.6000,2865.8000,1,3,2,1,1,1,3,2,8,7
SF,IH2006,2020-06-17 09:40:07.700,2864.8000,20443,-1,2408410380.000,1,0,1,双平,S,2864.4000,2864.2000,2864.0000,2863.8000,2863.6000,2865.0000,2865.2000,2865.4000,2865.6000,2865.8000,2,3,2,1,1,3,2,2,8,7
SF,IH2006,2020-06-17 09:40:08.200,2864.8000,20443,0,2408410380.000,0,-,-,-,-,2864.4000,2864.2000,2864.0000,2863.8000,2863.6000,2865.0000,2865.2000,2865.4000,2865.6000,2865.8000,2,3,2,1,1,3,2,2,8,7
SF,IH2006,2020-06-17 09:40:08.700,2864.8000,20443,0,2408410380.000,0,-,-,-,-,2864.4000,2864.2000,2864.0000,2863.8000,2863.6000,2865.0000,2865.2000,2865.4000,2865.6000,2865.8000,2,3,2,1,1,2,2,2,8,7
SF,IH2006,2020-06-17 09:40:09.200,2864.8000,20442,-1,2409269820.000,1,0,1,双平,S,2864.6000,2864.4000,2864.2000,2864.0000,2863.8000,2865.0000,2865.2000,2865.4000,2865.6000,2865.8000,1,2,3,2,1,2,2,2,8,7
SF,IH2006,2020-06-17 09:40:09.700,2865.0000,20441,-1,2410129320.000,1,0,1,双平,S,2864.6000,2864.4000,2864.2000,2864.0000,2863.8000,2865.0000,2865.2000,2865.4000,2865.6000,2865.8000,2,2,3,2,1,1,2,2,8,7
SF,IH2006,2020-06-17 09:40:10.200,2865.0000,20440,-1,2413567380.000,4,1,3,多平,S,2865.0000,2864.8000,2864.6000,2864.4000,2864.2000,2865.2000,2865.4000,2865.6000,2865.8000,2866.0000,5,3,2,2,3,1,2,8,7,1
SF,IH2006,2020-06-17 09:40:10.700,2865.0000,20440,0,2414426880.000,1,0,1,多换,S,2864.8000,2864.6000,2864.4000,2864.2000,2864.0000,2865.0000,2865.2000,2865.4000,2865.6000,2865.8000,3,3,2,6,2,3,1,2,8,7
SF,IH2006,2020-06-17 09:40:11.200,2864.8000,20439,-1,2418724260.000,5,2,3,多平,S,2864.6000,2864.4000,2864.2000,2864.0000,2863.8000,2865.0000,2865.4000,2865.6000,2865.8000,2866.0000,3,2,6,2,1,1,2,8,7,1
SF,IH2006,2020-06-17 09:40:11.700,2864.6000,20438,-1,2423021280.000,5,2,3,多平,S,2864.4000,2864.2000,2864.0000,2863.8000,2863.6000,2865.4000,2865.6000,2865.8000,2866.0000,2866.2000,2,6,2,1,1,2,8,7,1,2
SF,IH2006,2020-06-17 09:40:12.200,2864.6000,20438,0,2423021280.000,0,-,-,-,-,2864.6000,2864.4000,2864.2000,2864.0000,2863.8000,2865.2000,2865.4000,2865.6000,2865.8000,2866.0000,2,11,4,2,1,3,2,8,7,1
SF,IH2006,2020-06-17 09:40:12.700,2864.6000,20438,0,2423880660.000,1,0,1,多换,S,2864.4000,2864.2000,2864.0000,2863.8000,2863.6000,2865.2000,2865.4000,2865.6000,2865.8000,2866.0000,11,4,2,1,1,3,2,8,7,1
SF,IH2006,2020-06-17 09:40:13.200,2865.0000,20437,-1,2424740160.000,1,0,1,双平,S,2864.4000,2864.2000,2864.0000,2863.8000,2863.6000,2865.2000,2865.4000,2865.6000,2865.8000,2866.0000,10,4,2,1,1,3,2,8,7,1
SF,IH2006,2020-06-17 09:40:13.700,2865.0000,20437,0,2424740160.000,0,-,-,-,-,2864.4000,2864.2000,2864.0000,2863.8000,2863.6000,2865.0000,2865.2000,2865.4000,2865.6000,2865.8000,2,4,2,1,1,3,3,2,8,7
SF,IH2006,2020-06-17 09:40:14.200,2865.0000,20438,1,2426458980.000,2,1,1,空开,S,2864.2000,2864.0000,2863.8000,2863.6000,2863.4000,2865.0000,2865.2000,2865.4000,2865.6000,2865.8000,4,2,1,1,2,2,3,2,8,7
SF,IH2006,2020-06-17 09:40:14.700,2865.0000,20438,0,2426458980.000,0,-,-,-,-,2864.2000,2864.0000,2863.8000,2863.6000,2863.4000,2864.8000,2865.0000,2865.2000,2865.4000,2865.6000,5,2,1,1,2,1,2,3,1,8
SF,IH2006,2020-06-17 09:40:15.200,2864.6000,20439,1,2428177620.000,2,1,1,空开,S,2864.2000,2864.0000,2863.8000,2863.6000,2863.4000,2864.8000,2865.0000,2865.2000,2865.4000,2865.6000,4,2,1,1,2,2,2,3,1,8
SF,IH2006,2020-06-17 09:40:15.700,2864.8000,20439,0,2429896440.000,2,1,1,多换,S,2864.2000,2864.0000,2863.8000,2863.6000,2863.4000,2864.8000,2865.0000,2865.2000,2865.4000,2865.6000,3,2,1,1,2,1,1,4,1,8
SF,IH2006,2020-06-17 09:40:16.200,2864.8000,20439,0,2429896440.000,0,-,-,-,-,2864.6000,2864.2000,2864.0000,2863.8000,2863.6000,2864.8000,2865.0000,2865.2000,2865.4000,2865.6000,1,3,2,1,1,2,1,4,1,8
SF,IH2006,2020-06-17 09:40:16.700,2864.8000,20439,0,2429896440.000,0,-,-,-,-,2864.6000,2864.4000,2864.2000,2864.0000,2863.8000,2865.2000,2865.4000,2865.6000,2865.8000,2866.0000,1,2,5,2,1,4,1,8,7,6
SF,IH2006,2020-06-17 09:40:17.200,2864.6000,20439,0,2430755820.000,1,0,1,多换,S,2864.2000,2864.0000,2863.8000,2863.6000,2863.4000,2864.8000,2865.0000,2865.2000,2865.4000,2865.6000,5,2,1,1,2,2,2,4,1,8
SF,IH2006,2020-06-17 09:40:17.700,2864.6000,20439,0,2431615200.000,1,0,1,多换,S,2864.6000,2864.4000,2864.2000,2864.0000,2863.8000,2865.0000,2865.2000,2865.4000,2865.6000,2865.8000,6,4,8,2,1,1,4,1,8,7
SF,IH2006,2020-06-17 09:40:18.200,2864.6000,20437,-2,2433333960.000,2,0,2,双平,S,2864.4000,2864.2000,2864.0000,2863.8000,2863.6000,2864.6000,2864.8000,2865.0000,2865.2000,2865.4000,1,5,2,1,1,3,2,1,4,1
SF,IH2006,2020-06-17 09:40:18.700,2864.6000,20438,1,2437630440.000,5,3,2,空开,S,2864.2000,2864.0000,2863.8000,2863.6000,2863.4000,2864.6000,2864.8000,2865.0000,2865.2000,2865.4000,2,2,1,1,2,1,1,1,4,1
SF,IH2006,2020-06-17 09:40:19.200,2864.2000,20437,-1,2440208220.000,3,1,2,多平,S,2864.0000,2863.8000,2863.6000,2863.4000,2863.2000,2864.2000,2864.6000,2865.0000,2865.2000,2865.4000,2,1,1,2,2,3,1,1,4,1
SF,IH2006,2020-06-17 09:40:19.700,2864.2000,20434,-3,2442786000.000,3,0,3,双平,S,2864.0000,2863.8000,2863.6000,2863.4000,2863.2000,2864.6000,2865.0000,2865.2000,2865.6000,2865.8000,2,1,1,2,2,1,1,4,3,1
SF,IH2006,2020-06-17 09:40:20.200,2864.2000,20434,0,2442786000.000,0,-,-,-,-,2864.0000,2863.8000,2863.6000,2863.4000,2863.2000,2864.4000,2864.6000,2865.0000,2865.2000,2865.6000,2,1,1,2,2,1,2,1,4,8
SF,IH2006,2020-06-17 09:40:20.700,2864.2000,20434,0,2442786000.000,0,-,-,-,-,2864.0000,2863.8000,2863.6000,2863.4000,2863.2000,2864.4000,2864.6000,2865.0000,2865.2000,2865.6000,2,1,1,2,2,2,2,1,4,3
SF,IH2006,2020-06-17 09:40:21.200,2864.0000,20433,-1,2444504400.000,2,0,2,多平,S,2863.8000,2863.6000,2863.4000,2863.2000,2863.0000,2864.0000,2864.4000,2864.6000,2865.0000,2865.2000,1,1,2,2,5,5,2,2,1,4
SF,IH2006,2020-06-17 09:40:21.700,2864.0000,20433,0,2445363600.000,1,0,1,多换,S,2863.8000,2863.6000,2863.4000,2863.2000,2863.0000,2864.0000,2864.4000,2864.6000,2865.0000,2865.2000,4,2,2,2,5,4,2,2,1,4
SF,IH2006,2020-06-17 09:40:22.200,2864.0000,20430,-3,2448800400.000,4,0,4,多平,S,2864.0000,2863.8000,2863.6000,2863.4000,2863.2000,2864.4000,2864.6000,2865.0000,2865.2000,2865.6000,1,4,2,2,2,2,2,1,2,3
SF,IH2006,2020-06-17 09:40:22.700,2864.0000,20430,0,2448800400.000,0,-,-,-,-,2864.0000,2863.8000,2863.6000,2863.4000,2863.2000,2864.4000,2864.6000,2865.0000,2865.2000,2865.6000,1,4,2,2,2,1,2,1,2,3
SF,IH2006,2020-06-17 09:40:23.200,2864.0000,20429,-1,2449659600.000,1,0,1,双平,S,2864.0000,2863.8000,2863.6000,2863.4000,2863.2000,2864.4000,2864.6000,2865.0000,2865.2000,2865.6000,6,4,2,2,2,1,2,1,2,3
SF,IH2006,2020-06-17 09:40:23.700,2864.0000,20429,0,2449659600.000,0,-,-,-,-,2864.0000,2863.8000,2863.6000,2863.4000,2863.2000,2864.4000,2864.6000,2865.0000,2865.2000,2865.6000,6,4,2,2,2,1,2,1,2,3
SF,IH2006,2020-06-17 09:40:24.200,2864.0000,20429,0,2449659600.000,0,-,-,-,-,2864.2000,2864.0000,2863.8000,2863.6000,2863.4000,2864.4000,2864.6000,2865.0000,2865.2000,2865.6000,1,5,4,2,2,1,2,2,2,3
SF,IH2006,2020-06-17 09:40:24.700,2864.4000,20428,-1,2450518920.000,1,0,1,双平,S,2864.2000,2864.0000,2863.8000,2863.6000,2863.4000,2864.6000,2865.0000,2865.2000,2865.6000,2865.8000,2,5,4,2,2,2,2,2,3,1
SF,IH2006,2020-06-17 09:40:25.200,2864.2000,20429,1,2453096940.000,3,2,1,空开,S,2864.2000,2864.0000,2863.8000,2863.6000,2863.4000,2865.0000,2865.2000,2865.6000,2865.8000,2866.0000,1,5,4,2,2,2,2,3,1,6
SF,IH2006,2020-06-17 09:40:25.700,2864.2000,20427,-2,2454815460.000,2,0,2,双平,S,2864.2000,2864.0000,2863.8000,2863.6000,2863.4000,2864.8000,2865.0000,2865.2000,2865.6000,2865.8000,2,6,4,2,2,1,2,2,3,1
SF,IH2006,2020-06-17 09:40:26.200,2865.0000,20427,0,2457393900.000,3,1,2,多换,S,2864.4000,2864.2000,2864.0000,2863.8000,2863.6000,2865.2000,2865.6000,2865.8000,2866.0000,2866.2000,1,4,6,4,2,2,3,1,6,2
SF,IH2006,2020-06-17 09:40:26.700,2865.0000,20427,0,2457393900.000,0,-,-,-,-,2864.8000,2864.4000,2864.2000,2864.0000,2863.8000,2865.2000,2865.6000,2865.8000,2866.0000,2866.2000,3,3,3,6,1,3,3,1,6,2
SF,IH2006,2020-06-17 09:40:27.200,2864.8000,20427,0,2458253340.000,1,0,1,多换,S,2864.8000,2864.4000,2864.2000,2864.0000,2863.8000,2865.2000,2865.6000,2865.8000,2866.0000,2866.2000,7,3,3,1,1,3,3,1,6,2
SF,IH2006,2020-06-17 09:40:27.700,2865.2000,20426,-1,2459112900.000,1,0,1,双平,S,2864.8000,2864.4000,2864.2000,2864.0000,2863.8000,2865.2000,2865.6000,2865.8000,2866.0000,2866.2000,7,3,4,1,1,1,3,1,6,2
SF,IH2006,2020-06-17 09:40:28.200,2865.2000,20426,0,2459112900.000,0,-,-,-,-,2864.8000,2864.4000,2864.2000,2864.0000,2863.8000,2865.2000,2865.6000,2865.8000,2866.0000,2866.2000,8,3,4,1,1,1,3,1,6,2
SF,IH2006,2020-06-17 09:40:29.200,2865.2000,20426,0,2459112900.000,0,-,-,-,-,2864.8000,2864.4000,2864.2000,2864.0000,2863.8000,2865.2000,2865.6000,2865.8000,2866.0000,2866.2000,8,3,4,1,1,2,3,1,6,2
SF,IH2006,2020-06-17 09:40:29.700,2865.2000,20426,0,2459112900.000,0,-,-,-,-,2864.8000,2864.4000,2864.2000,2864.0000,2863.8000,2865.2000,2865.6000,2865.8000,2866.0000,2866.2000,8,4,4,2,1,3,3,1,6,2
SF,IH2006,2020-06-17 09:40:30.700,2865.2000,20427,1,2459972460.000,1,1,0,双开,B,2864.8000,2864.4000,2864.2000,2864.0000,2863.8000,2865.2000,2865.6000,2865.8000,2866.0000,2866.2000,8,4,4,2,1,2,3,1,6,2
SF,IH2006,2020-06-17 09:40:31.200,2864.8000,20426,-1,2461691460.000,2,0,2,空平,B,2864.8000,2864.4000,2864.2000,2864.0000,2863.8000,2865.2000,2865.6000,2865.8000,2866.0000,2866.2000,7,4,4,2,1,1,3,1,3,2
SF,IH2006,2020-06-17 09:40:31.700,2865.2000,20424,-2,2463410580.000,2,0,2,双平,B,2864.8000,2864.6000,2864.4000,2864.2000,2864.0000,2865.6000,2865.8000,2866.0000,2866.2000,2866.4000,7,1,4,4,2,3,1,3,2,1
SF,IH2006,2020-06-17 09:40:32.200,2864.8000,20424,0,2465988900.000,3,1,2,空换,B,2864.8000,2864.6000,2864.4000,2864.2000,2864.0000,2865.4000,2865.6000,2865.8000,2866.0000,2866.2000,4,1,4,4,2,4,3,2,3,2
SF,IH2006,2020-06-17 09:40:32.700,2864.8000,20424,0,2465988900.000,0,-,-,-,-,2864.8000,2864.6000,2864.4000,2864.2000,2864.0000,2865.4000,2865.6000,2865.8000,2866.0000,2866.2000,4,1,4,4,2,3,4,2,3,2
SF,IH2006,2020-06-17 09:40:33.200,2864.8000,20423,-1,2466848340.000,1,0,1,双平,B,2864.8000,2864.6000,2864.4000,2864.2000,2864.0000,2865.4000,2865.6000,2865.8000,2866.0000,2866.2000,4,1,4,4,2,2,3,2,3,2
SF,IH2006,2020-06-17 09:40:33.700,2864.8000,20423,0,2466848340.000,0,-,-,-,-,2865.0000,2864.8000,2864.6000,2864.4000,2864.2000,2865.4000,2865.6000,2865.8000,2866.0000,2866.2000,1,5,1,3,4,2,3,2,3,2
SF,IH2006,2020-06-17 09:40:34.200,2864.8000,20423,0,2466848340.000,0,-,-,-,-,2865.0000,2864.8000,2864.6000,2864.4000,2864.2000,2865.4000,2865.6000,2865.8000,2866.0000,2866.2000,1,5,1,3,4,2,3,2,3,2
SF,IH2006,2020-06-17 09:40:34.700,2865.0000,20422,-1,2467707840.000,1,0,1,双平,B,2864.8000,2864.6000,2864.4000,2864.2000,2864.0000,2865.4000,2865.6000,2865.8000,2866.0000,2866.2000,5,1,3,4,2,2,3,2,3,2
SF,IH2006,2020-06-17 09:40:35.200,2864.8000,20422,0,2468567280.000,1,0,1,空换,B,2865.0000,2864.8000,2864.6000,2864.4000,2864.2000,2865.4000,2865.6000,2865.8000,2866.0000,2866.2000,3,4,1,3,4,2,3,2,3,2
SF,IH2006,2020-06-17 09:40:35.700,2864.8000,20422,0,2468567280.000,0,-,-,-,-,2864.8000,2864.6000,2864.4000,2864.2000,2864.0000,2865.0000,2865.2000,2865.4000,2865.6000,2865.8000,4,1,3,4,2,4,1,1,3,2
SF,IH2006,2020-06-17 09:40:36.200,2865.0000,20418,-4,2472005280.000,4,0,4,双平,B,2865.0000,2864.8000,2864.6000,2864.4000,2864.2000,2865.2000,2865.4000,2865.6000,2865.8000,2866.0000,10,4,1,3,4,1,1,3,2,3
SF,IH2006,2020-06-17 09:40:36.700,2865.6000,20414,-4,2476303500.000,5,0,5,空平,B,2865.2000,2865.0000,2864.8000,2864.6000,2864.4000,2865.8000,2866.0000,2866.2000,2866.4000,2866.6000,6,7,4,1,3,1,3,2,1,3
SF,IH2006,2020-06-17 09:40:37.200,2865.6000,20414,0,2477163180.000,1,0,1,空换,B,2865.2000,2865.0000,2864.8000,2864.6000,2864.4000,2865.8000,2866.0000,2866.2000,2866.4000,2866.6000,2,7,4,1,3,2,3,2,1,3
SF,IH2006,2020-06-17 09:40:37.700,2865.8000,20413,-1,2478882660.000,2,0,2,空平,B,2865.2000,2865.0000,2864.8000,2864.6000,2864.4000,2865.6000,2866.0000,2866.2000,2866.4000,2866.6000,2,7,4,1,3,1,3,2,1,3
SF,IH2006,2020-06-17 09:40:38.200,2865.6000,20413,0,2479742340.000,1,0,1,空换,B,2865.2000,2865.0000,2864.8000,2864.6000,2864.4000,2865.6000,2866.0000,2866.2000,2866.4000,2866.6000,2,7,4,1,3,1,3,2,1,3
SF,IH2006,2020-06-17 09:40:38.700,2865.2000,20413,0,2481461580.000,2,1,1,空换,B,2865.2000,2865.0000,2864.8000,2864.6000,2864.4000,2866.0000,2866.2000,2866.4000,2866.6000,2866.8000,1,7,4,1,3,3,2,1,3,6
SF,IH2006,2020-06-17 09:40:39.200,2866.0000,20410,-3,2487479520.000,7,2,5,空平,B,2865.4000,2865.2000,2865.0000,2864.8000,2864.6000,2866.0000,2866.2000,2866.4000,2866.6000,2866.8000,1,3,7,4,1,1,2,1,3,6
SF,IH2006,2020-06-17 09:40:39.700,2866.0000,20410,0,2487479520.000,0,-,-,-,-,2865.4000,2865.2000,2865.0000,2864.8000,2864.6000,2865.8000,2866.0000,2866.2000,2866.4000,2866.6000,2,1,7,4,1,1,2,2,1,3
SF,IH2006,2020-06-17 09:40:40.200,2866.0000,20409,-1,2490058920.000,3,1,2,空平,B,2866.0000,2865.8000,2865.4000,2865.2000,2865.0000,2866.2000,2866.4000,2866.6000,2866.8000,2867.0000,1,1,2,1,7,2,1,3,6,2
SF,IH2006,2020-06-17 09:40:40.700,2866.2000,20409,0,2493498300.000,4,2,2,空换,B,2866.0000,2865.4000,2865.2000,2865.0000,2864.8000,2866.4000,2866.6000,2866.8000,2867.0000,2867.2000,4,2,1,4,4,1,3,6,2,1
SF,IH2006,2020-06-17 09:40:41.200,2866.2000,20409,0,2493498300.000,0,-,-,-,-,2866.2000,2866.0000,2865.4000,2865.2000,2865.0000,2866.4000,2866.6000,2866.8000,2867.0000,2867.6000,3,4,2,1,4,1,3,6,2,7
SF,IH2006,2020-06-17 09:40:41.700,2866.4000,20408,-1,2494358220.000,1,0,1,双平,B,2866.2000,2866.0000,2865.8000,2865.4000,2865.2000,2866.6000,2866.8000,2867.0000,2867.6000,2867.8000,3,4,1,2,1,3,6,2,1,2
SF,IH2006,2020-06-17 09:40:42.200,2866.6000,20405,-3,2496938160.000,3,0,3,双平,B,2866.6000,2866.4000,2866.2000,2866.0000,2865.8000,2866.8000,2867.0000,2867.6000,2867.8000,2868.0000,2,2,4,4,1,5,2,1,2,2
SF,IH2006,2020-06-17 09:40:42.700,2866.4000,20402,-3,2502097980.000,6,1,5,空平,B,2866.4000,2866.2000,2866.0000,2865.8000,2865.4000,2866.6000,2866.8000,2867.0000,2867.6000,2867.8000,1,4,4,1,1,4,5,2,1,2
SF,IH2006,2020-06-17 09:40:43.200,2866.4000,20402,0,2502097980.000,0,-,-,-,-,2866.4000,2866.2000,2866.0000,2865.8000,2865.4000,2866.6000,2866.8000,2867.0000,2867.6000,2867.8000,1,4,4,1,1,8,5,2,1,2
SF,IH2006,2020-06-17 09:40:43.700,2866.4000,20401,-1,2502957900.000,1,0,1,双平,B,2866.2000,2866.0000,2865.8000,2865.4000,2865.2000,2866.4000,2866.6000,2866.8000,2867.0000,2867.6000,4,4,1,1,1,3,8,5,2,1
SF,IH2006,2020-06-17 09:40:44.200,2866.4000,20397,-4,2506397520.000,4,0,4,双平,B,2866.2000,2866.0000,2865.8000,2865.4000,2865.2000,2866.6000,2866.8000,2867.0000,2867.6000,2867.8000,8,4,1,1,1,9,5,2,1,2
SF,IH2006,2020-06-17 09:40:44.700,2866.4000,20397,0,2506397520.000,0,-,-,-,-,2866.2000,2866.0000,2865.8000,2865.4000,2865.2000,2866.6000,2866.8000,2867.0000,2867.6000,2867.8000,8,4,1,1,2,10,5,2,1,2
SF,IH2006,2020-06-17 09:40:45.200,2866.2000,20396,-1,2513276400.000,8,3,5,空平,B,2866.2000,2866.0000,2865.8000,2865.4000,2865.2000,2866.4000,2866.6000,2866.8000,2867.0000,2867.6000,1,4,1,1,2,1,10,5,2,1
SF,IH2006,2020-06-17 09:40:45.700,2866.2000,20395,-1,2514136260.000,1,0,1,双平,B,2866.0000,2865.8000,2865.4000,2865.2000,2865.0000,2866.6000,2866.8000,2867.0000,2867.6000,2867.8000,4,1,1,2,2,10,5,2,1,2
SF,IH2006,2020-06-17 09:40:46.200,2865.8000,20392,-3,2518435200.000,5,1,4,空平,B,2865.4000,2865.2000,2865.0000,2864.8000,2864.6000,2865.6000,2866.0000,2866.2000,2866.6000,2866.8000,2,2,2,2,1,1,2,3,10,5
SF,IH2006,2020-06-17 09:40:46.700,2866.2000,20388,-4,2521874340.000,4,0,4,双平,B,2865.8000,2865.6000,2865.4000,2865.2000,2865.0000,2866.2000,2866.6000,2866.8000,2867.0000,2867.6000,11,15,3,2,2,2,10,5,2,1
SF,IH2006,2020-06-17 09:40:47.200,2866.2000,20388,0,2521874340.000,0,-,-,-,-,2865.8000,2865.6000,2865.4000,2865.2000,2865.0000,2866.2000,2866.6000,2866.8000,2867.0000,2867.2000,2,10,3,2,2,2,10,5,2,1
SF,IH2006,2020-06-17 09:40:47.700,2866.0000,20387,-1,2522734140.000,1,0,1,双平,B,2865.8000,2865.6000,2865.4000,2865.2000,2865.0000,2866.0000,2866.2000,2866.4000,2866.6000,2866.8000,2,11,3,2,2,1,2,1,10,5
SF,IH2006,2020-06-17 09:40:48.200,2866.2000,20386,-1,2524453800.000,2,0,2,空平,B,2866.0000,2865.8000,2865.6000,2865.4000,2865.2000,2866.2000,2866.4000,2866.6000,2866.8000,2867.0000,1,3,11,3,2,1,1,10,5,2
SF,IH2006,2020-06-17 09:40:48.700,2866.2000,20385,-1,2525313660.000,1,0,1,双平,B,2866.2000,2866.0000,2865.8000,2865.6000,2865.4000,2866.4000,2866.6000,2866.8000,2867.0000,2867.2000,3,1,2,11,3,1,10,5,2,1
SF,IH2006,2020-06-17 09:40:49.200,2866.2000,20382,-3,2528753100.000,4,0,4,空平,B,2865.8000,2865.6000,2865.4000,2865.2000,2865.0000,2866.2000,2866.4000,2866.6000,2866.8000,2867.0000,2,8,3,2,2,2,1,10,5,2
SF,IH2006,2020-06-17 09:40:49.700,2866.2000,20382,0,2528753100.000,0,-,-,-,-,2865.8000,2865.6000,2865.4000,2865.2000,2865.0000,2866.4000,2866.6000,2866.8000,2867.0000,2867.2000,3,8,3,2,2,1,10,5,2,1
SF,IH2006,2020-06-17 09:40:50.200,2866.2000,20382,0,2528753100.000,0,-,-,-,-,2865.8000,2865.6000,2865.4000,2865.2000,2865.0000,2866.4000,2866.6000,2866.8000,2867.0000,2867.2000,3,8,3,2,2,2,10,5,2,1
SF,IH2006,2020-06-17 09:40:50.700,2866.2000,20382,0,2528753100.000,0,-,-,-,-,2865.8000,2865.6000,2865.4000,2865.2000,2865.0000,2866.4000,2866.6000,2866.8000,2867.0000,2867.2000,3,8,3,2,2,2,10,5,2,1
SF,IH2006,2020-06-17 09:40:51.200,2866.2000,20382,0,2528753100.000,0,-,-,-,-,2865.8000,2865.6000,2865.4000,2865.2000,2865.0000,2866.4000,2866.6000,2866.8000,2867.0000,2867.2000,3,8,3,2,2,2,10,5,2,1
SF,IH2006,2020-06-17 09:40:51.700,2866.2000,20382,0,2528753100.000,0,-,-,-,-,2865.8000,2865.6000,2865.4000,2865.2000,2865.0000,2866.2000,2866.4000,2866.6000,2866.8000,2867.0000,7,8,3,2,2,1,2,10,5,2
SF,IH2006,2020-06-17 09:40:52.200,2866.2000,20382,0,2528753100.000,0,-,-,-,-,2865.8000,2865.6000,2865.4000,2865.2000,2865.0000,2866.2000,2866.4000,2866.6000,2866.8000,2867.0000,9,8,3,2,2,1,2,10,5,2
SF,IH2006,2020-06-17 09:40:52.700,2865.8000,20382,0,2532192180.000,4,2,2,空换,B,2865.8000,2865.6000,2865.4000,2865.2000,2865.0000,2866.2000,2866.4000,2866.6000,2866.8000,2867.0000,6,8,3,2,2,1,3,10,5,2
SF,IH2006,2020-06-17 09:40:53.200,2865.8000,20376,-6,2537350620.000,6,0,6,双平,B,2865.6000,2865.4000,2865.2000,2865.0000,2864.8000,2866.2000,2866.4000,2866.6000,2866.8000,2867.0000,4,4,2,2,1,2,3,10,5,2
SF,IH2006,2020-06-17 09:40:53.700,2865.8000,20376,0,2537350620.000,0,-,-,-,-,2865.6000,2865.4000,2865.2000,2865.0000,2864.8000,2866.2000,2866.4000,2866.6000,2866.8000,2867.0000,4,4,2,2,1,2,3,10,5,2
SF,IH2006,2020-06-17 09:40:54.700,2865.8000,20376,0,2537350620.000,0,-,-,-,-,2865.6000,2865.4000,2865.2000,2865.0000,2864.8000,2866.2000,2866.4000,2866.6000,2866.8000,2867.0000,3,4,2,2,1,2,3,10,2,2
SF,IH2006,2020-06-17 09:40:55.200,2865.8000,20376,0,2537350620.000,0,-,-,-,-,2865.6000,2865.4000,2865.2000,2865.0000,2864.8000,2866.2000,2866.4000,2866.6000,2866.8000,2867.0000,3,4,2,2,1,2,3,10,3,2
SF,IH2006,2020-06-17 09:40:55.700,2865.8000,20376,0,2537350620.000,0,-,-,-,-,2865.8000,2865.6000,2865.4000,2865.2000,2865.0000,2866.2000,2866.4000,2866.6000,2866.8000,2867.0000,1,3,4,2,2,2,3,10,3,2
SF,IH2006,2020-06-17 09:40:56.200,2866.2000,20376,0,2538210480.000,1,0,1,空换,B,2865.8000,2865.6000,2865.4000,2865.2000,2865.0000,2866.2000,2866.4000,2866.6000,2866.8000,2867.0000,1,3,4,2,2,1,3,10,3,2
SF,IH2006,2020-06-17 09:40:56.700,2866.2000,20376,0,2538210480.000,0,-,-,-,-,2865.8000,2865.6000,2865.4000,2865.2000,2865.0000,2866.4000,2866.6000,2866.8000,2867.0000,2867.2000,1,3,4,2,2,3,10,3,2,1
SF,IH2006,2020-06-17 09:40:57.200,2865.8000,20376,0,2539070220.000,1,0,1,空换,B,2865.6000,2865.4000,2865.2000,2865.0000,2864.8000,2866.4000,2866.6000,2866.8000,2867.0000,2867.2000,3,4,2,2,1,4,10,3,2,1
SF,IH2006,2020-06-17 09:40:57.700,2865.8000,20376,0,2539070220.000,0,-,-,-,-,2866.0000,2865.8000,2865.6000,2865.4000,2865.2000,2866.4000,2866.6000,2866.8000,2867.0000,2867.2000,1,6,4,4,2,4,10,3,2,1
SF,IH2006,2020-06-17 09:40:58.200,2865.8000,20376,0,2539070220.000,0,-,-,-,-,2865.8000,2865.6000,2865.4000,2865.2000,2865.0000,2866.4000,2866.6000,2866.8000,2867.0000,2867.2000,6,3,4,2,2,4,10,3,2,1
SF,IH2006,2020-06-17 09:40:58.700,2865.8000,20376,0,2539070220.000,0,-,-,-,-,2865.8000,2865.6000,2865.4000,2865.2000,2865.0000,2866.4000,2866.6000,2866.8000,2867.0000,2867.2000,6,3,4,2,2,4,11,3,2,1
SF,IH2006,2020-06-17 09:40:59.200,2865.8000,20376,0,2539070220.000,0,-,-,-,-,2865.8000,2865.6000,2865.4000,2865.2000,2865.0000,2866.4000,2866.6000,2866.8000,2867.0000,2867.2000,5,3,4,2,2,4,12,3,2,1
SF,IH2006,2020-06-17 09:40:59.700,2865.8000,20374,-2,2541649440.000,3,0,3,空平,B,2865.8000,2865.6000,2865.4000,2865.2000,2865.0000,2866.4000,2866.6000,2866.8000,2867.0000,2867.2000,4,3,4,2,2,5,12,3,2,1
SF,IH2006,2020-06-17 09:41:00.200,2865.8000,20374,0,2541649440.000,0,-,-,-,-,2866.0000,2865.8000,2865.6000,2865.4000,2865.2000,2866.4000,2866.6000,2866.8000,2867.0000,2867.2000,1,4,3,4,2,5,12,3,2,1
SF,IH2006,2020-06-17 09:41:00.700,2866.4000,20373,-1,2542509360.000,1,0,1,双平,B,2866.0000,2865.8000,2865.6000,2865.4000,2865.2000,2866.4000,2866.6000,2866.8000,2867.0000,2867.2000,5,4,3,4,2,3,12,3,2,1
SF,IH2006,2020-06-17 09:41:01.200,2866.4000,20373,0,2542509360.000,0,-,-,-,-,2866.0000,2865.8000,2865.6000,2865.4000,2865.2000,2866.4000,2866.6000,2866.8000,2867.0000,2867.2000,6,4,3,4,1,3,9,3,2,1
SF,IH2006,2020-06-17 09:41:01.700,2866.2000,20370,-3,2547668760.000,6,1,5,空平,B,2866.0000,2865.8000,2865.6000,2865.4000,2865.2000,2866.4000,2866.6000,2866.8000,2867.0000,2867.2000,7,4,3,4,1,1,9,3,2,1
SF,IH2006,2020-06-17 09:41:02.200,2866.2000,20370,0,2547668760.000,0,-,-,-,-,2866.0000,2865.8000,2865.6000,2865.4000,2865.2000,2866.4000,2866.6000,2866.8000,2867.0000,2867.2000,7,4,3,4,1,2,9,3,2,1
SF,IH2006,2020-06-17 09:41:02.700,2866.4000,20369,-1,2549388600.000,2,0,2,空平,B,2866.4000,2866.2000,2866.0000,2865.8000,2865.6000,2866.6000,2866.8000,2867.0000,2867.2000,2867.6000,1,1,7,4,3,9,3,2,1,1
SF,IH2006,2020-06-17 09:41:03.200,2866.4000,20369,0,2549388600.000,0,-,-,-,-,2866.4000,2866.2000,2866.0000,2865.8000,2865.6000,2866.6000,2866.8000,2867.0000,2867.2000,2867.6000,2,1,6,4,3,9,3,2,1,2
SF,IH2006,2020-06-17 09:41:04.700,2866.6000,20365,-4,2558848260.000,11,3,8,空平,B,2866.2000,2866.0000,2865.8000,2865.6000,2865.4000,2866.8000,2867.0000,2867.2000,2867.6000,2867.8000,1,6,4,3,4,3,2,1,2,2
SF,IH2006,2020-06-17 09:41:05.200,2866.8000,20364,-1,2562288420.000,4,1,3,空平,B,2866.6000,2866.4000,2866.2000,2866.0000,2865.8000,2867.0000,2867.2000,2867.6000,2867.8000,2868.0000,1,4,7,6,4,4,1,1,2,3
SF,IH2006,2020-06-17 09:41:05.700,2867.0000,20361,-3,2566588920.000,5,1,4,空平,B,2867.0000,2866.6000,2866.4000,2866.2000,2866.0000,2867.2000,2867.6000,2867.8000,2868.0000,2868.8000,7,4,4,7,7,1,1,2,3,2
SF,IH2006,2020-06-17 09:41:06.200,2867.0000,20355,-6,2571749820.000,6,0,6,双平,B,2867.0000,2866.6000,2866.4000,2866.2000,2866.0000,2867.8000,2868.0000,2868.2000,2868.8000,2869.8000,4,3,4,6,6,2,3,1,2,6
SF,IH2006,2020-06-17 09:41:06.700,2867.0000,20351,-4,2576911260.000,6,1,5,空平,B,2867.0000,2866.6000,2866.4000,2866.2000,2866.0000,2868.0000,2868.2000,2868.8000,2869.8000,2870.0000,2,3,4,6,5,3,1,2,6,31
SF,IH2006,2020-06-17 09:41:07.200,2868.0000,20345,-6,2583793320.000,8,1,7,空平,B,2866.6000,2866.4000,2866.2000,2866.0000,2865.8000,2868.0000,2868.2000,2868.8000,2869.8000,2870.0000,2,4,7,5,3,2,1,2,6,31
SF,IH2006,2020-06-17 09:41:07.700,2867.8000,20347,2,2586374400.000,3,2,1,多开,B,2867.0000,2866.8000,2866.6000,2866.4000,2866.2000,2867.8000,2868.0000,2868.2000,2868.8000,2869.8000,1,8,2,4,5,2,2,1,2,6
SF,IH2006,2020-06-17 09:41:08.200,2867.2000,20345,-2,2588094720.000,2,0,2,双平,B,2867.2000,2867.0000,2866.8000,2866.6000,2866.4000,2867.6000,2867.8000,2868.0000,2868.2000,2868.8000,1,2,6,2,3,2,2,2,1,2
SF,IH2006,2020-06-17 09:41:08.700,2867.0000,20342,-3,2592395520.000,5,1,4,空平,B,2866.8000,2866.6000,2866.4000,2866.2000,2866.0000,2867.2000,2867.6000,2868.0000,2868.2000,2868.8000,6,2,3,1,5,1,1,2,1,2
SF,IH2006,2020-06-17 09:41:09.200,2867.2000,20340,-2,2594975760.000,3,0,3,空平,B,2867.6000,2866.8000,2866.6000,2866.4000,2866.2000,2868.0000,2868.2000,2868.8000,2869.8000,2870.0000,1,4,3,3,1,2,1,2,6,31
SF,IH2006,2020-06-17 09:41:09.700,2866.8000,20339,-1,2596696080.000,2,0,2,空平,B,2866.8000,2866.6000,2866.4000,2866.2000,2866.0000,2867.4000,2867.6000,2867.8000,2868.0000,2868.2000,3,3,2,1,5,2,26,3,2,1
SF,IH2006,2020-06-17 09:41:10.200,2867.6000,20338,-1,2600136960.000,4,1,3,空平,B,2867.0000,2866.6000,2866.4000,2866.2000,2866.0000,2867.6000,2867.8000,2868.0000,2868.2000,2868.8000,1,3,2,1,5,11,4,2,1,2
SF,IH2006,2020-06-17 09:41:10.700,2867.6000,20338,0,2600136960.000,0,-,-,-,-,2867.2000,2867.0000,2866.6000,2866.4000,2866.2000,2867.4000,2867.6000,2867.8000,2868.0000,2868.8000,1,2,3,2,1,2,7,4,3,2
SF,IH2006,2020-06-17 09:41:11.200,2867.4000,20337,-1,2601857340.000,2,0,2,空平,B,2866.8000,2866.6000,2866.4000,2866.2000,2866.0000,2867.4000,2867.6000,2867.8000,2868.0000,2868.8000,1,3,2,1,5,4,7,3,3,2
SF,IH2006,2020-06-17 09:41:11.700,2867.4000,20336,-1,2603577780.000,2,0,2,空平,B,2867.0000,2866.8000,2866.6000,2866.4000,2866.2000,2867.4000,2867.6000,2867.8000,2868.0000,2868.8000,2,4,3,2,1,2,7,3,3,2
SF,IH2006,2020-06-17 09:41:12.700,2867.4000,20336,0,2603577780.000,0,-,-,-,-,2867.0000,2866.8000,2866.6000,2866.4000,2866.2000,2867.4000,2867.6000,2867.8000,2868.0000,2868.8000,2,4,3,2,1,2,7,3,3,3
SF,IH2006,2020-06-17 09:41:13.200,2866.8000,20334,-2,2607878400.000,5,1,4,空平,B,2866.8000,2866.6000,2866.4000,2866.2000,2866.0000,2867.6000,2867.8000,2868.0000,2868.4000,2868.8000,2,3,2,1,5,7,3,3,1,3
SF,IH2006,2020-06-17 09:41:13.700,2866.8000,20333,-1,2608738440.000,1,0,1,双平,B,2867.0000,2866.8000,2866.6000,2866.4000,2866.2000,2867.4000,2867.6000,2867.8000,2868.0000,2868.4000,3,3,3,2,1,2,7,3,3,1
SF,IH2006,2020-06-17 09:41:14.200,2866.8000,20333,0,2608738440.000,0,-,-,-,-,2867.0000,2866.8000,2866.6000,2866.4000,2866.2000,2867.4000,2867.6000,2867.8000,2868.0000,2868.4000,3,2,3,2,1,2,7,3,3,1
SF,IH2006,2020-06-17 09:41:14.700,2866.8000,20333,0,2608738440.000,0,-,-,-,-,2867.0000,2866.8000,2866.6000,2866.4000,2866.2000,2867.4000,2867.6000,2867.8000,2868.0000,2868.4000,2,3,3,2,1,2,7,1,3,1
SF,IH2006,2020-06-17 09:41:15.200,2866.8000,20333,0,2608738440.000,0,-,-,-,-,2867.0000,2866.8000,2866.6000,2866.4000,2866.2000,2867.4000,2867.6000,2867.8000,2868.0000,2868.4000,1,3,3,2,1,2,7,1,3,1
SF,IH2006,2020-06-17 09:41:15.700,2866.8000,20331,-2,2611318620.000,3,0,3,空平,B,2866.6000,2866.4000,2866.2000,2866.0000,2865.8000,2866.8000,2867.0000,2867.4000,2867.6000,2867.8000,3,2,1,5,3,1,4,2,7,1
SF,IH2006,2020-06-17 09:41:16.200,2866.8000,20331,0,2611318620.000,0,-,-,-,-,2866.6000,2866.4000,2866.2000,2866.0000,2865.8000,2867.4000,2867.6000,2868.0000,2868.4000,2868.8000,2,2,1,5,3,2,7,3,1,3
SF,IH2006,2020-06-17 09:41:16.700,2867.0000,20330,-1,2613038700.000,2,0,2,空平,B,2866.6000,2866.4000,2866.2000,2866.0000,2865.8000,2867.2000,2867.4000,2867.6000,2868.0000,2868.4000,1,2,1,5,3,7,2,6,4,1
SF,IH2006,2020-06-17 09:41:17.200,2867.0000,20329,-1,2613898800.000,1,0,1,双平,B,2866.6000,2866.4000,2866.2000,2866.0000,2865.8000,2867.0000,2867.2000,2867.4000,2867.6000,2868.0000,1,2,1,5,3,1,5,2,6,4
SF,IH2006,2020-06-17 09:41:18.700,2867.0000,20329,0,2613898800.000,0,-,-,-,-,2866.6000,2866.4000,2866.2000,2866.0000,2865.8000,2867.0000,2867.2000,2867.4000,2867.6000,2868.0000,1,2,1,5,3,1,5,2,6,4
SF,IH2006,2020-06-17 09:41:19.200,2866.6000,20329,0,2614758780.000,1,0,1,空换,B,2866.4000,2866.2000,2866.0000,2865.8000,2865.6000,2867.0000,2867.2000,2867.4000,2867.6000,2868.0000,2,1,5,3,1,1,5,2,6,4
SF,IH2006,2020-06-17 09:41:19.700,2866.6000,20329,0,2614758780.000,0,-,-,-,-,2866.6000,2866.4000,2866.2000,2866.0000,2865.8000,2867.0000,2867.2000,2867.4000,2867.6000,2868.0000,1,4,1,5,3,1,5,2,6,4
SF,IH2006,2020-06-17 09:41:20.200,2866.2000,20328,-1,2620778400.000,7,3,4,空平,B,2867.0000,2866.0000,2865.8000,2865.6000,2865.4000,2867.2000,2867.4000,2867.6000,2868.0000,2868.4000,1,5,3,1,1,5,2,6,4,1
SF,IH2006,2020-06-17 09:41:20.700,2867.0000,20325,-3,2623358700.000,3,0,3,双平,B,2866.0000,2865.8000,2865.6000,2865.4000,2865.2000,2866.6000,2866.8000,2867.0000,2867.2000,2867.4000,5,3,1,1,1,7,6,14,3,2
SF,IH2006,2020-06-17 09:41:21.200,2866.0000,20325,0,2624218500.000,1,0,1,空换,B,2866.2000,2866.0000,2865.8000,2865.6000,2865.4000,2866.4000,2866.6000,2867.0000,2867.2000,2867.4000,1,4,3,1,1,1,1,10,3,2
SF,IH2006,2020-06-17 09:41:21.700,2866.2000,20324,-1,2626798020.000,3,1,2,空平,B,2866.0000,2865.8000,2865.6000,2865.4000,2865.2000,2866.2000,2866.4000,2866.8000,2867.0000,2867.2000,3,3,1,1,1,3,2,1,10,3
SF,IH2006,2020-06-17 09:41:22.200,2866.0000,20320,-4,2631957000.000,6,1,5,空平,B,2865.8000,2865.6000,2865.4000,2865.2000,2865.0000,2866.0000,2866.4000,2866.8000,2867.0000,2867.2000,4,1,1,1,2,1,1,1,10,2
SF,IH2006,2020-06-17 09:41:22.700,2866.0000,20319,-1,2632816800.000,1,0,1,双平,B,2866.0000,2865.8000,2865.6000,2865.4000,2865.2000,2866.4000,2866.8000,2867.0000,2867.2000,2867.4000,2,5,1,1,1,1,1,8,2,2
SF,IH2006,2020-06-17 09:41:23.200,2866.0000,20319,0,2632816800.000,0,-,-,-,-,2866.0000,2865.8000,2865.6000,2865.4000,2865.2000,2866.4000,2866.6000,2866.8000,2867.0000,2867.2000,1,5,1,1,1,1,1,1,8,2
SF,IH2006,2020-06-17 09:41:23.700,2866.0000,20318,-1,2633676600.000,1,0,1,双平,B,2865.8000,2865.6000,2865.4000,2865.2000,2865.0000,2866.0000,2866.4000,2866.6000,2866.8000,2867.0000,5,1,1,1,2,7,1,3,1,8
SF,IH2006,2020-06-17 09:41:24.200,2865.8000,20317,-1,2634536340.000,1,0,1,双平,B,2865.8000,2865.6000,2865.4000,2865.2000,2865.0000,2866.0000,2866.4000,2866.6000,2866.8000,2867.0000,3,1,1,1,2,8,1,1,1,7
SF,IH2006,2020-06-17 09:41:24.700,2865.6000,20311,-6,2641414200.000,8,1,7,空平,B,2865.4000,2865.2000,2865.0000,2864.8000,2864.6000,2865.8000,2866.0000,2866.6000,2866.8000,2867.0000,1,1,2,1,1,8,8,1,1,7
SF,IH2006,2020-06-17 09:41:25.200,2865.6000,20310,-1,2643133500.000,2,0,2,空平,B,2865.2000,2865.0000,2864.8000,2864.6000,2864.4000,2865.8000,2866.0000,2866.6000,2866.8000,2867.0000,1,2,1,1,2,8,8,1,1,6
SF,IH2006,2020-06-17 09:41:25.700,2865.0000,20310,0,2644852560.000,2,1,1,空换,B,2865.0000,2864.8000,2864.6000,2864.4000,2864.2000,2865.4000,2865.6000,2865.8000,2866.0000,2866.6000,1,1,1,2,2,1,6,7,7,1
SF,IH2006,2020-06-17 09:41:26.200,2865.4000,20309,-1,2645712180.000,1,0,1,双平,B,2865.0000,2864.8000,2864.6000,2864.4000,2864.2000,2865.6000,2865.8000,2866.0000,2866.6000,2866.8000,1,1,1,2,2,6,6,7,1,2
SF,IH2006,2020-06-17 09:41:26.700,2865.0000,20309,0,2647431360.000,2,1,1,空换,B,2865.0000,2864.8000,2864.6000,2864.4000,2864.2000,2865.6000,2865.8000,2866.0000,2866.6000,2866.8000,1,1,1,2,2,5,6,7,1,2
SF,IH2006,2020-06-17 09:41:27.200,2865.0000,20307,-2,2649150360.000,2,0,2,双平,B,2865.0000,2864.8000,2864.6000,2864.4000,2864.2000,2865.6000,2865.8000,2866.0000,2866.6000,2866.8000,2,1,1,2,2,6,6,7,1,2
SF,IH2006,2020-06-17 09:41:27.700,2865.0000,20307,0,2649150360.000,0,-,-,-,-,2865.0000,2864.8000,2864.6000,2864.4000,2864.2000,2865.6000,2865.8000,2866.0000,2866.6000,2866.8000,3,1,1,2,2,6,6,7,1,2
SF,IH2006,2020-06-17 09:41:28.200,2865.0000,20307,0,2649150360.000,0,-,-,-,-,2865.0000,2864.8000,2864.6000,2864.4000,2864.2000,2865.6000,2865.8000,2866.0000,2866.6000,2866.8000,3,1,1,2,2,6,6,7,1,2
SF,IH2006,2020-06-17 09:41:28.700,2865.0000,20307,0,2649150360.000,0,-,-,-,-,2865.2000,2865.0000,2864.8000,2864.6000,2864.4000,2865.6000,2865.8000,2866.0000,2866.6000,2866.8000,3,3,1,1,2,5,6,4,1,2
SF,IH2006,2020-06-17 09:41:29.200,2865.2000,20303,-4,2652588600.000,4,0,4,双平,B,2865.0000,2864.8000,2864.6000,2864.4000,2864.2000,2865.6000,2865.8000,2866.0000,2866.6000,2866.8000,2,1,1,2,2,5,6,4,1,2
SF,IH2006,2020-06-17 09:41:30.200,2865.6000,20302,-1,2653448280.000,1,0,1,双平,B,2865.0000,2864.8000,2864.6000,2864.4000,2864.2000,2865.2000,2865.6000,2865.8000,2866.0000,2866.6000,2,1,1,2,2,1,4,6,4,1
SF,IH2006,2020-06-17 09:41:30.700,2865.4000,20301,-1,2656026960.000,3,1,2,空平,B,2865.0000,2864.8000,2864.6000,2864.4000,2864.2000,2865.6000,2865.8000,2866.0000,2866.6000,2866.8000,1,1,1,2,2,4,6,4,1,2
SF,IH2006,2020-06-17 09:41:31.200,2865.4000,20301,0,2656026960.000,0,-,-,-,-,2865.0000,2864.8000,2864.6000,2864.4000,2864.2000,2865.6000,2865.8000,2866.0000,2866.6000,2866.8000,1,1,1,2,2,5,6,4,1,2
SF,IH2006,2020-06-17 09:41:31.700,2865.4000,20301,0,2656026960.000,0,-,-,-,-,2865.0000,2864.8000,2864.6000,2864.4000,2864.2000,2865.6000,2865.8000,2866.0000,2866.6000,2866.8000,2,1,1,2,2,5,6,3,1,2
SF,IH2006,2020-06-17 09:41:32.200,2865.6000,20300,-1,2657746140.000,2,0,2,空平,B,2865.0000,2864.8000,2864.6000,2864.4000,2864.2000,2865.6000,2865.8000,2866.0000,2866.6000,2866.8000,4,1,1,2,2,4,6,3,1,2
SF,IH2006,2020-06-17 09:41:32.700,2865.6000,20300,0,2657746140.000,0,-,-,-,-,2865.2000,2865.0000,2864.8000,2864.6000,2864.4000,2865.6000,2865.8000,2866.0000,2866.6000,2866.8000,3,4,1,1,2,3,6,3,1,2
SF,IH2006,2020-06-17 09:41:33.200,2865.2000,20299,-1,2658605700.000,1,0,1,双平,B,2865.2000,2865.0000,2864.8000,2864.6000,2864.4000,2865.6000,2865.8000,2866.0000,2866.6000,2866.8000,3,4,1,1,2,3,6,3,1,2
SF,IH2006,2020-06-17 09:41:33.700,2865.2000,20299,0,2660324820.000,2,1,1,空换,B,2865.2000,2865.0000,2864.8000,2864.6000,2864.4000,2865.6000,2865.8000,2866.0000,2866.6000,2866.8000,1,1,1,1,2,3,6,3,1,2
SF,IH2006,2020-06-17 09:41:34.200,2865.0000,20298,-1,2662044000.000,2,0,2,空平,B,2864.8000,2864.6000,2864.4000,2864.2000,2864.0000,2865.6000,2865.8000,2866.0000,2866.6000,2866.8000,1,1,2,2,3,2,6,3,1,2
SF,IH2006,2020-06-17 09:41:34.700,2865.0000,20298,0,2662044000.000,0,-,-,-,-,2865.0000,2864.8000,2864.6000,2864.4000,2864.2000,2865.4000,2865.6000,2865.8000,2866.0000,2866.6000,3,2,1,2,2,1,3,6,3,1
SF,IH2006,2020-06-17 09:41:35.200,2865.0000,20297,-1,2662903500.000,1,0,1,双平,B,2865.0000,2864.8000,2864.6000,2864.4000,2864.2000,2865.4000,2865.6000,2865.8000,2866.0000,2866.6000,2,2,1,2,2,2,3,6,3,1
SF,IH2006,2020-06-17 09:41:35.700,2865.4000,20295,-2,2664622740.000,2,0,2,双平,B,2865.4000,2865.0000,2864.8000,2864.6000,2864.4000,2865.6000,2865.8000,2866.6000,2866.8000,2867.0000,1,3,2,1,2,3,3,1,2,1
SF,IH2006,2020-06-17 09:41:36.200,2865.4000,20291,-4,2674939020.000,12,4,8,空平,B,2865.0000,2864.8000,2864.6000,2864.4000,2864.2000,2866.6000,2866.8000,2867.0000,2867.4000,2868.0000,3,2,1,2,2,1,2,1,1,3
SF,IH2006,2020-06-17 09:41:36.700,2866.4000,20287,-4,2679238620.000,5,0,5,空平,B,2865.4000,2865.2000,2865.0000,2864.8000,2864.6000,2866.6000,2866.8000,2867.0000,2867.4000,2868.0000,5,5,5,2,1,1,2,1,1,3
SF,IH2006,2020-06-17 09:41:37.200,2866.4000,20287,0,2679238620.000,0,-,-,-,-,2865.6000,2865.4000,2865.2000,2865.0000,2864.8000,2866.4000,2866.6000,2866.8000,2867.0000,2867.4000,4,5,2,5,1,1,1,2,1,1
SF,IH2006,2020-06-17 09:41:37.700,2866.4000,20287,0,2679238620.000,0,-,-,-,-,2865.8000,2865.6000,2865.4000,2865.2000,2865.0000,2866.4000,2866.6000,2866.8000,2867.0000,2867.4000,1,4,5,2,4,1,1,2,1,1
SF,IH2006,2020-06-17 09:41:38.200,2866.4000,20286,-1,2680098540.000,1,0,1,双平,B,2865.8000,2865.6000,2865.4000,2865.2000,2865.0000,2866.6000,2866.8000,2867.0000,2867.4000,2868.0000,2,4,5,1,4,1,2,1,1,3
SF,IH2006,2020-06-17 09:41:38.700,2866.4000,20286,0,2680098540.000,0,-,-,-,-,2866.0000,2865.8000,2865.6000,2865.4000,2865.2000,2866.4000,2866.6000,2866.8000,2867.0000,2867.4000,1,2,3,5,1,1,2,2,1,1
SF,IH2006,2020-06-17 09:41:39.200,2866.0000,20286,0,2680958340.000,1,0,1,空换,B,2865.8000,2865.6000,2865.4000,2865.2000,2865.0000,2866.0000,2866.4000,2866.6000,2866.8000,2867.0000,2,3,5,1,4,1,1,3,2,2
SF,IH2006,2020-06-17 09:41:39.700,2866.0000,20282,-4,2684397540.000,4,0,4,双平,B,2866.0000,2865.8000,2865.6000,2865.4000,2865.2000,2866.6000,2866.8000,2867.0000,2867.4000,2868.0000,2,2,3,5,1,3,2,2,1,3
SF,IH2006,2020-06-17 09:41:40.200,2866.0000,20282,0,2684397540.000,0,-,-,-,-,2866.0000,2865.8000,2865.6000,2865.2000,2865.0000,2866.4000,2866.6000,2866.8000,2867.0000,2867.4000,2,2,3,1,5,3,3,2,2,1
SF,IH2006,2020-06-17 09:41:40.700,2865.8000,20281,-1,2686976880.000,3,1,2,空平,B,2865.8000,2865.6000,2865.2000,2865.0000,2864.8000,2866.4000,2866.6000,2866.8000,2867.0000,2867.4000,1,3,2,5,1,3,3,2,2,1
SF,IH2006,2020-06-17 09:41:41.200,2865.8000,20281,0,2686976880.000,0,-,-,-,-,2865.8000,2865.6000,2865.2000,2865.0000,2864.8000,2866.4000,2866.6000,2866.8000,2867.0000,2867.4000,1,3,2,5,1,4,3,2,2,1
SF,IH2006,2020-06-17 09:41:41.700,2865.8000,20280,-1,2687836620.000,1,0,1,双平,B,2865.8000,2865.6000,2865.4000,2865.2000,2865.0000,2866.4000,2866.6000,2866.8000,2867.0000,2867.4000,1,2,1,2,5,3,2,2,2,1
SF,IH2006,2020-06-17 09:41:42.200,2865.8000,20280,0,2687836620.000,0,-,-,-,-,2865.8000,2865.6000,2865.4000,2865.2000,2865.0000,2866.4000,2866.6000,2866.8000,2867.0000,2867.4000,3,2,1,2,3,3,2,2,2,1
SF,IH2006,2020-06-17 09:41:42.700,2866.4000,20280,0,2688696540.000,1,0,1,空换,B,2865.8000,2865.6000,2865.4000,2865.2000,2865.0000,2866.4000,2866.6000,2866.8000,2867.0000,2867.4000,3,3,1,2,3,2,2,2,2,1
SF,IH2006,2020-06-17 09:41:43.200,2866.4000,20279,-1,2689556460.000,1,0,1,双平,B,2866.4000,2866.2000,2866.0000,2865.8000,2865.6000,2866.6000,2866.8000,2867.0000,2867.4000,2868.0000,4,4,5,3,3,2,2,2,1,2
SF,IH2006,2020-06-17 09:41:43.700,2866.6000,20278,-1,2692136340.000,3,1,2,空平,B,2866.4000,2866.0000,2865.8000,2865.6000,2865.4000,2866.8000,2867.0000,2867.4000,2868.0000,2868.4000,1,5,2,2,1,1,1,1,2,1
SF,IH2006,2020-06-17 09:41:44.200,2866.8000,20277,-1,2692996380.000,1,0,1,双平,B,2866.6000,2866.2000,2866.0000,2865.8000,2865.6000,2867.0000,2867.4000,2868.0000,2868.4000,2868.8000,1,1,5,2,2,1,1,2,1,3
SF,IH2006,2020-06-17 09:41:44.700,2866.8000,20277,0,2692996380.000,0,-,-,-,-,2866.6000,2866.2000,2866.0000,2865.8000,2865.6000,2867.0000,2867.4000,2868.0000,2868.4000,2868.8000,1,2,3,2,2,2,1,2,1,3
SF,IH2006,2020-06-17 09:41:45.200,2866.6000,20276,-1,2693856360.000,1,0,1,双平,B,2866.2000,2866.0000,2865.8000,2865.6000,2865.4000,2867.0000,2867.4000,2868.0000,2868.4000,2868.8000,2,3,2,2,1,2,1,2,1,3
SF,IH2006,2020-06-17 09:41:45.700,2866.4000,20274,-2,2695576200.000,2,0,2,双平,B,2866.4000,2866.2000,2866.0000,2865.8000,2865.6000,2866.8000,2867.0000,2867.4000,2868.0000,2868.4000,1,3,4,1,2,1,3,1,2,1
SF,IH2006,2020-06-17 09:41:46.200,2866.4000,20274,0,2695576200.000,0,-,-,-,-,2866.4000,2866.2000,2866.0000,2865.8000,2865.6000,2866.8000,2867.0000,2867.4000,2868.0000,2868.4000,4,3,4,1,2,1,3,1,2,1
SF,IH2006,2020-06-17 09:41:46.700,2866.4000,20274,0,2695576200.000,0,-,-,-,-,2866.4000,2866.2000,2866.0000,2865.8000,2865.6000,2866.8000,2867.0000,2867.4000,2868.0000,2868.4000,4,1,4,1,2,1,3,1,2,1
SF,IH2006,2020-06-17 09:41:47.200,2866.4000,20274,0,2696436120.000,1,0,1,空换,B,2866.4000,2866.2000,2866.0000,2865.8000,2865.6000,2866.8000,2867.0000,2867.4000,2868.0000,2868.4000,1,1,4,1,2,1,3,1,2,1
SF,IH2006,2020-06-17 09:41:47.700,2866.4000,20272,-2,2698155960.000,2,0,2,双平,B,2866.2000,2866.0000,2865.8000,2865.6000,2865.4000,2866.8000,2867.0000,2867.4000,2868.0000,2868.4000,2,4,1,2,1,1,3,1,2,1
SF,IH2006,2020-06-17 09:41:48.200,2866.4000,20272,0,2698155960.000,0,-,-,-,-,2866.2000,2866.0000,2865.8000,2865.6000,2865.4000,2866.8000,2867.0000,2867.4000,2868.0000,2868.4000,3,4,1,2,1,1,3,1,2,1
SF,IH2006,2020-06-17 09:41:48.700,2866.2000,20272,0,2699015820.000,1,0,1,空换,B,2866.4000,2866.2000,2866.0000,2865.8000,2865.6000,2866.6000,2866.8000,2867.0000,2867.4000,2868.0000,1,1,3,1,2,1,1,3,1,2
SF,IH2006,2020-06-17 09:41:49.200,2866.2000,20272,0,2699875680.000,1,0,1,空换,B,2866.2000,2866.0000,2865.8000,2865.6000,2865.4000,2866.6000,2866.8000,2867.0000,2867.4000,2868.0000,2,8,1,3,1,1,2,3,1,2
SF,IH2006,2020-06-17 09:41:49.700,2866.2000,20272,0,2699875680.000,0,-,-,-,-,2866.2000,2866.0000,2865.8000,2865.6000,2865.4000,2866.6000,2866.8000,2867.0000,2867.4000,2868.0000,4,8,1,3,1,2,2,3,1,2
SF,IH2006,2020-06-17 09:41:50.200,2866.2000,20272,0,2699875680.000,0,-,-,-,-,2866.2000,2866.0000,2865.8000,2865.6000,2865.4000,2866.6000,2866.8000,2867.0000,2867.4000,2868.0000,4,8,1,3,1,2,2,3,1,2
SF,IH2006,2020-06-17 09:41:52.700,2866.2000,20272,0,2699875680.000,0,-,-,-,-,2866.2000,2866.0000,2865.8000,2865.6000,2865.4000,2866.6000,2866.8000,2867.0000,2867.4000,2868.0000,4,8,1,3,1,3,2,3,1,2
SF,IH2006,2020-06-17 09:41:53.700,2866.2000,20272,0,2700735540.000,1,0,1,空换,B,2866.2000,2866.0000,2865.8000,2865.6000,2865.4000,2866.6000,2866.8000,2867.0000,2867.4000,2868.0000,3,8,1,4,1,3,2,3,1,2
SF,IH2006,2020-06-17 09:41:54.200,2866.2000,20271,-1,2703315240.000,3,1,2,空平,B,2866.2000,2866.0000,2865.8000,2865.6000,2865.4000,2866.8000,2867.0000,2867.4000,2868.0000,2868.4000,2,8,1,4,1,2,3,1,2,1
SF,IH2006,2020-06-17 09:41:54.700,2866.2000,20269,-2,2705034960.000,2,0,2,双平,B,2866.6000,2866.2000,2866.0000,2865.8000,2865.6000,2866.8000,2867.0000,2867.4000,2868.0000,2868.4000,2,4,8,1,4,2,3,1,2,1
SF,IH2006,2020-06-17 09:41:55.200,2866.2000,20269,0,2705034960.000,0,-,-,-,-,2866.2000,2866.0000,2865.8000,2865.6000,2865.4000,2866.8000,2867.0000,2867.4000,2868.0000,2868.4000,4,8,1,4,1,2,3,1,2,1
SF,IH2006,2020-06-17 09:41:55.700,2866.8000,20267,-2,2706755040.000,2,0,2,双平,B,2866.6000,2866.2000,2866.0000,2865.8000,2865.6000,2867.0000,2867.4000,2868.0000,2868.4000,2868.8000,3,4,8,1,4,3,1,2,1,3
SF,IH2006,2020-06-17 09:41:56.200,2866.8000,20267,0,2706755040.000,0,-,-,-,-,2866.4000,2866.2000,2866.0000,2865.8000,2865.6000,2866.6000,2867.0000,2867.4000,2868.0000,2868.4000,1,4,8,1,4,8,2,1,2,1
SF,IH2006,2020-06-17 09:41:56.700,2866.6000,20264,-3,2711914920.000,6,1,5,空平,B,2866.4000,2866.2000,2866.0000,2865.8000,2865.6000,2866.6000,2867.0000,2867.4000,2868.0000,2868.4000,1,2,8,1,4,2,2,1,2,1
SF,IH2006,2020-06-17 09:41:57.200,2866.6000,20263,-1,2713634880.000,2,0,2,空平,B,2866.6000,2866.4000,2866.2000,2866.0000,2865.8000,2867.0000,2867.4000,2868.0000,2868.4000,2868.8000,3,1,3,8,1,2,1,2,1,3
SF,IH2006,2020-06-17 09:41:57.700,2866.6000,20263,0,2713634880.000,0,-,-,-,-,2866.6000,2866.4000,2866.2000,2866.0000,2865.8000,2867.0000,2867.4000,2868.0000,2868.4000,2868.8000,1,2,2,8,1,2,1,2,1,3
SF,IH2006,2020-06-17 09:41:58.200,2866.6000,20263,0,2713634880.000,0,-,-,-,-,2866.6000,2866.4000,2866.2000,2866.0000,2865.8000,2867.0000,2867.4000,2868.0000,2868.8000,2869.4000,1,2,2,8,1,1,5,2,3,1
SF,IH2006,2020-06-17 09:41:58.700,2866.6000,20263,0,2713634880.000,0,-,-,-,-,2866.6000,2866.4000,2866.2000,2866.0000,2865.8000,2867.0000,2867.4000,2868.0000,2868.8000,2869.4000,1,3,2,8,1,1,5,2,3,1
SF,IH2006,2020-06-17 09:41:59.200,2866.6000,20262,-1,2714494860.000,1,0,1,双平,B,2866.4000,2866.2000,2866.0000,2865.8000,2865.6000,2867.0000,2867.4000,2868.0000,2868.8000,2869.4000,3,2,8,1,4,1,5,2,3,1
SF,IH2006,2020-06-17 09:41:59.700,2867.0000,20261,-1,2715354960.000,1,0,1,双平,B,2866.6000,2866.4000,2866.2000,2866.0000,2865.8000,2867.0000,2867.4000,2868.0000,2868.8000,2869.4000,4,3,1,8,1,1,5,2,3,1
SF,IH2006,2020-06-17 09:42:00.200,2867.0000,20261,0,2715354960.000,0,-,-,-,-,2867.0000,2866.6000,2866.4000,2866.2000,2866.0000,2867.4000,2868.0000,2868.8000,2869.4000,2869.8000,2,4,4,1,8,5,2,3,1,7
SF,IH2006,2020-06-17 09:42:00.700,2867.0000,20261,0,2715354960.000,0,-,-,-,-,2866.6000,2866.4000,2866.2000,2866.0000,2865.8000,2867.0000,2867.4000,2868.0000,2868.8000,2869.4000,4,4,1,7,1,1,6,2,3,1
SF,IH2006,2020-06-17 09:42:01.200,2867.0000,20261,0,2719655580.000,5,2,3,空换,B,2867.0000,2866.6000,2866.4000,2866.2000,2866.0000,2867.4000,2868.0000,2868.8000,2869.4000,2869.8000,1,6,3,1,7,5,2,3,1,7
SF,IH2006,2020-06-17 09:42:01.700,2867.0000,20260,-1,2722236000.000,3,1,2,空平,B,2866.6000,2866.4000,2866.2000,2866.0000,2865.8000,2867.4000,2868.0000,2868.8000,2869.4000,2869.8000,5,3,1,7,1,4,2,3,1,7
SF,IH2006,2020-06-17 09:42:02.200,2867.0000,20260,0,2722236000.000,0,-,-,-,-,2866.8000,2866.6000,2866.4000,2866.2000,2866.0000,2867.2000,2867.4000,2868.0000,2868.8000,2869.4000,1,6,2,1,7,2,4,2,3,1
SF,IH2006,2020-06-17 09:42:02.700,2867.0000,20260,0,2722236000.000,0,-,-,-,-,2866.6000,2866.4000,2866.2000,2866.0000,2865.8000,2866.8000,2867.2000,2867.4000,2868.0000,2868.8000,6,2,1,7,1,1,1,4,1,3
SF,IH2006,2020-06-17 09:42:03.200,2866.8000,20259,-1,2723096040.000,1,0,1,双平,B,2867.0000,2866.8000,2866.6000,2866.4000,2866.2000,2867.2000,2867.4000,2868.0000,2868.8000,2869.4000,2,7,5,2,1,1,4,1,3,1
SF,IH2006,2020-06-17 09:42:03.700,2866.8000,20259,0,2724816240.000,2,1,1,空换,B,2866.8000,2866.6000,2866.4000,2866.2000,2866.0000,2867.4000,2868.0000,2868.8000,2869.4000,2869.8000,2,4,2,1,7,4,1,3,1,7
SF,IH2006,2020-06-17 09:42:04.200,2867.2000,20258,-1,2725676400.000,1,0,1,双平,B,2867.2000,2866.8000,2866.6000,2866.4000,2866.2000,2867.4000,2867.8000,2868.0000,2868.8000,2869.4000,2,3,1,2,1,4,1,1,3,1
SF,IH2006,2020-06-17 09:42:04.700,2867.4000,20255,-3,2728257060.000,3,0,3,双平,B,2867.2000,2866.8000,2866.6000,2866.4000,2866.2000,2867.8000,2868.0000,2868.8000,2869.4000,2869.8000,3,3,1,2,3,1,1,3,1,7
SF,IH2006,2020-06-17 09:42:05.200,2867.4000,20255,0,2728257060.000,0,-,-,-,-,2867.6000,2867.4000,2867.2000,2866.8000,2866.6000,2867.8000,2868.0000,2868.2000,2868.8000,2869.4000,1,1,2,3,1,2,1,1,4,1
SF,IH2006,2020-06-17 09:42:05.700,2867.6000,20253,-2,2730837840.000,3,0,3,空平,B,2867.2000,2866.8000,2866.6000,2866.4000,2866.2000,2867.6000,2867.8000,2868.0000,2868.2000,2868.8000,2,3,1,2,3,6,1,1,1,4
SF,IH2006,2020-06-17 09:42:06.200,2867.2000,20252,-1,2733418440.000,3,1,2,空平,B,2866.8000,2866.6000,2866.4000,2866.2000,2866.0000,2867.6000,2867.8000,2868.0000,2868.2000,2868.8000,3,1,2,3,7,1,1,1,1,4
SF,IH2006,2020-06-17 09:42:06.700,2867.4000,20251,-1,2734278660.000,1,0,1,双平,B,2867.0000,2866.8000,2866.6000,2866.4000,2866.2000,2867.6000,2867.8000,2868.0000,2868.2000,2868.8000,3,3,1,2,3,4,1,1,1,4
SF,IH2006,2020-06-17 09:42:07.200,2867.6000,20249,-2,2736859500.000,3,0,3,空平,B,2867.6000,2867.2000,2867.0000,2866.8000,2866.6000,2867.8000,2868.0000,2868.2000,2868.8000,2869.4000,1,1,5,3,1,1,1,1,4,1
SF,IH2006,2020-06-17 09:42:07.700,2867.8000,20247,-2,2740300920.000,4,1,3,空平,B,2867.8000,2867.2000,2867.0000,2866.8000,2866.6000,2868.8000,2869.4000,2869.8000,2870.0000,2870.8000,2,1,5,3,1,4,1,7,21,2
SF,IH2006,2020-06-17 09:42:08.200,2867.6000,20243,-4,2744602800.000,5,0,5,空平,B,2867.6000,2867.2000,2867.0000,2866.8000,2866.6000,2868.2000,2868.6000,2868.8000,2869.4000,2869.8000,2,1,5,2,1,10,7,4,1,7
SF,IH2006,2020-06-17 09:42:08.700,2868.2000,20243,0,2745463260.000,1,0,1,空换,B,2868.0000,2867.8000,2867.6000,2867.2000,2867.0000,2868.6000,2868.8000,2869.4000,2869.8000,2870.0000,2,1,2,1,5,4,3,1,7,21
SF,IH2006,2020-06-17 09:42:09.200,2868.6000,20243,0,2747184420.000,2,1,1,空换,B,2868.0000,2867.8000,2867.6000,2867.2000,2867.0000,2868.8000,2869.4000,2869.8000,2870.0000,2870.8000,3,1,2,1,3,3,1,7,21,2
SF,IH2006,2020-06-17 09:42:09.700,2868.8000,20243,0,2748905640.000,2,1,1,空换,B,2868.2000,2868.0000,2867.8000,2867.6000,2867.2000,2868.4000,2868.8000,2869.4000,2869.8000,2870.0000,3,3,1,2,1,1,2,1,7,21
SF,IH2006,2020-06-17 09:42:10.200,2868.4000,20242,-1,2749766160.000,1,0,1,双平,B,2868.2000,2868.0000,2867.6000,2867.2000,2867.0000,2868.8000,2869.4000,2869.8000,2870.0000,2870.8000,4,2,2,2,1,2,1,7,21,2
SF,IH2006,2020-06-17 09:42:10.700,2868.2000,20242,0,2755789380.000,7,3,4,空换,B,2868.0000,2867.2000,2867.0000,2866.8000,2866.6000,2868.2000,2868.4000,2868.8000,2869.2000,2869.4000,2,2,1,2,1,1,8,2,1,2
SF,IH2006,2020-06-17 09:42:11.200,2868.0000,20241,-1,2757510180.000,2,0,2,空平,B,2867.2000,2867.0000,2866.8000,2866.6000,2866.4000,2868.0000,2868.8000,2869.0000,2869.2000,2869.4000,2,1,2,1,2,4,2,1,1,2
SF,IH2006,2020-06-17 09:42:11.700,2868.0000,20239,-2,2759230920.000,2,0,2,双平,B,2867.6000,2867.4000,2867.2000,2867.0000,2866.8000,2868.0000,2868.8000,2869.0000,2869.2000,2869.4000,1,5,3,1,2,1,2,1,1,2
SF,IH2006,2020-06-17 09:42:12.200,2868.0000,20237,-2,2760951600.000,2,0,2,双平,B,2867.4000,2867.2000,2867.0000,2866.8000,2866.6000,2868.2000,2868.4000,2868.8000,2869.0000,2869.4000,4,3,1,2,1,1,1,2,1,2
SF,IH2006,2020-06-17 09:42:12.700,2867.4000,20237,0,2761811820.000,1,0,1,空换,B,2867.4000,2867.2000,2867.0000,2866.8000,2866.6000,2867.6000,2867.8000,2868.0000,2868.2000,2868.4000,2,3,1,2,1,1,1,3,5,1
SF,IH2006,2020-06-17 09:42:13.200,2867.4000,20235,-2,2763532260.000,2,0,2,双平,B,2867.4000,2867.2000,2867.0000,2866.8000,2866.6000,2867.6000,2868.0000,2868.2000,2868.4000,2868.6000,1,1,1,2,1,4,4,5,1,1
SF,IH2006,2020-06-17 09:42:13.700,2867.2000,20235,0,2765252640.000,2,1,1,空换,B,2867.0000,2866.8000,2866.6000,2866.4000,2866.2000,2867.4000,2867.6000,2868.0000,2868.2000,2868.4000,1,2,1,2,3,1,4,4,5,1
SF,IH2006,2020-06-17 09:42:14.200,2867.2000,20235,0,2765252640.000,0,-,-,-,-,2867.0000,2866.8000,2866.6000,2866.4000,2866.2000,2867.2000,2867.4000,2867.6000,2868.0000,2868.2000,4,2,1,2,3,1,2,4,2,5
SF,IH2006,2020-06-17 09:42:14.700,2867.0000,20233,-2,2768693160.000,4,1,3,空平,B,2867.0000,2866.8000,2866.6000,2866.4000,2866.2000,2867.4000,2867.6000,2868.0000,2868.2000,2868.4000,2,2,1,2,3,2,4,2,3,1
SF,IH2006,2020-06-17 09:42:15.200,2867.0000,20232,-1,2769553260.000,1,0,1,双平,B,2867.0000,2866.8000,2866.6000,2866.4000,2866.2000,2867.4000,2867.6000,2868.0000,2868.2000,2868.4000,1,2,1,2,3,2,4,2,3,1
SF,IH2006,2020-06-17 09:42:15.700,2868.0000,20229,-3,2775575400.000,7,2,5,空平,B,2868.0000,2867.0000,2866.8000,2866.6000,2866.4000,2868.2000,2868.4000,2868.6000,2868.8000,2869.0000,2,2,2,1,2,3,1,1,2,2
SF,IH2006,2020-06-17 09:42:16.200,2868.0000,20227,-2,2778156600.000,3,0,3,空平,B,2867.0000,2866.8000,2866.6000,2866.4000,2866.2000,2867.2000,2867.8000,2868.0000,2868.2000,2868.4000,2,2,1,2,3,1,10,21,3,1
SF,IH2006,2020-06-17 09:42:16.700,2868.0000,20225,-2,2779877160.000,2,0,2,双平,B,2867.4000,2867.2000,2867.0000,2866.8000,2866.6000,2868.0000,2868.2000,2868.4000,2868.6000,2868.8000,4,10,1,2,1,12,3,1,1,2
SF,IH2006,2020-06-17 09:42:17.200,2868.0000,20223,-2,2781597960.000,2,0,2,双平,B,2867.6000,2867.4000,2867.2000,2867.0000,2866.8000,2868.0000,2868.2000,2868.4000,2868.6000,2868.8000,2,2,5,1,2,6,3,1,1,2
SF,IH2006,2020-06-17 09:42:17.700,2868.0000,20223,0,2781597960.000,0,-,-,-,-,2867.6000,2867.4000,2867.2000,2867.0000,2866.8000,2868.0000,2868.2000,2868.4000,2868.6000,2868.8000,2,2,5,1,2,6,4,1,1,3
SF,IH2006,2020-06-17 09:42:18.200,2868.0000,20223,0,2781597960.000,0,-,-,-,-,2867.6000,2867.4000,2867.2000,2867.0000,2866.8000,2868.0000,2868.2000,2868.4000,2868.6000,2868.8000,2,2,5,2,2,6,5,1,1,3
SF,IH2006,2020-06-17 09:42:18.700,2868.0000,20223,0,2781597960.000,0,-,-,-,-,2867.6000,2867.4000,2867.2000,2867.0000,2866.8000,2868.0000,2868.2000,2868.4000,2868.6000,2868.8000,2,2,5,2,2,4,5,1,1,3
SF,IH2006,2020-06-17 09:42:19.200,2868.0000,20223,0,2781597960.000,0,-,-,-,-,2867.6000,2867.4000,2867.2000,2867.0000,2866.8000,2868.0000,2868.2000,2868.4000,2868.6000,2868.8000,2,2,5,2,2,4,5,1,1,3
SF,IH2006,2020-06-17 09:42:19.700,2867.4000,20221,-2,2784178740.000,3,0,3,空平,B,2867.4000,2867.2000,2867.0000,2866.8000,2866.6000,2867.6000,2868.0000,2868.2000,2868.4000,2868.6000,1,5,2,2,1,9,3,5,1,1
SF,IH2006,2020-06-17 09:42:20.200,2867.6000,20220,-1,2786759580.000,3,1,2,空平,B,2867.4000,2867.2000,2867.0000,2866.8000,2866.6000,2867.6000,2868.0000,2868.2000,2868.4000,2868.6000,1,5,2,2,1,6,3,5,1,1
SF,IH2006,2020-06-17 09:42:20.700,2867.6000,20219,-1,2787619860.000,1,0,1,双平,B,2867.4000,2867.2000,2867.0000,2866.8000,2866.6000,2867.6000,2867.8000,2868.0000,2868.2000,2868.4000,1,3,2,2,1,5,1,3,5,1
SF,IH2006,2020-06-17 09:42:21.200,2867.6000,20217,-2,2789340420.000,2,0,2,双平,B,2867.4000,2867.2000,2867.0000,2866.8000,2866.6000,2867.6000,2867.8000,2868.0000,2868.2000,2868.4000,1,3,2,2,1,3,1,3,4,1
SF,IH2006,2020-06-17 09:42:21.700,2867.6000,20216,-1,2790200700.000,1,0,1,双平,B,2867.4000,2867.2000,2867.0000,2866.8000,2866.6000,2867.6000,2867.8000,2868.0000,2868.2000,2868.4000,3,3,2,2,1,2,2,3,4,1
SF,IH2006,2020-06-17 09:42:22.200,2867.6000,20216,0,2791060980.000,1,0,1,空换,B,2867.4000,2867.2000,2867.0000,2866.8000,2866.6000,2867.6000,2867.8000,2868.0000,2868.2000,2868.4000,3,3,2,2,1,1,2,3,4,1
SF,IH2006,2020-06-17 09:42:22.700,2867.4000,20215,-1,2792781480.000,2,0,2,空平,B,2867.4000,2867.2000,2867.0000,2866.8000,2866.6000,2867.8000,2868.0000,2868.2000,2868.4000,2868.6000,2,3,2,2,1,2,3,4,1,1
SF,IH2006,2020-06-17 09:42:23.200,2867.4000,20215,0,2796222600.000,4,2,2,空换,B,2867.4000,2867.2000,2867.0000,2866.8000,2866.6000,2868.0000,2868.2000,2868.4000,2868.6000,2868.8000,1,3,2,2,1,3,4,1,1,3
SF,IH2006,2020-06-17 09:42:23.700,2867.4000,20215,0,2796222600.000,0,-,-,-,-,2867.4000,2867.2000,2867.0000,2866.8000,2866.6000,2867.8000,2868.0000,2868.2000,2868.4000,2868.6000,1,3,2,2,1,2,3,4,1,1
SF,IH2006,2020-06-17 09:42:24.200,2867.4000,20214,-1,2797082820.000,1,0,1,双平,B,2867.4000,2867.2000,2867.0000,2866.8000,2866.6000,2867.8000,2868.0000,2868.2000,2868.4000,2868.6000,1,3,2,2,1,1,3,4,1,1
SF,IH2006,2020-06-17 09:42:24.700,2867.8000,20213,-1,2797943160.000,1,0,1,双平,B,2867.4000,2867.2000,2867.0000,2866.8000,2866.6000,2868.0000,2868.2000,2868.4000,2868.6000,2868.8000,1,2,2,2,1,4,4,1,1,3
SF,IH2006,2020-06-17 09:42:25.200,2867.8000,20213,0,2797943160.000,0,-,-,-,-,2867.4000,2867.2000,2867.0000,2866.8000,2866.6000,2868.0000,2868.2000,2868.4000,2868.6000,2868.8000,1,2,2,2,1,5,4,1,1,3
SF,IH2006,2020-06-17 09:42:25.700,2867.8000,20213,0,2797943160.000,0,-,-,-,-,2867.4000,2867.2000,2867.0000,2866.8000,2866.6000,2867.8000,2868.0000,2868.2000,2868.4000,2868.6000,1,2,2,2,1,1,7,4,1,1
SF,IH2006,2020-06-17 09:42:26.200,2867.8000,20213,0,2797943160.000,0,-,-,-,-,2867.6000,2867.4000,2867.2000,2867.0000,2866.8000,2867.8000,2868.0000,2868.2000,2868.4000,2868.6000,1,2,2,2,2,1,7,4,1,1
SF,IH2006,2020-06-17 09:42:26.700,2867.4000,20212,-1,2799663600.000,2,0,2,空平,B,2867.2000,2867.0000,2866.8000,2866.6000,2866.4000,2867.6000,2867.8000,2868.0000,2868.2000,2868.4000,2,2,2,1,2,2,1,7,4,1
SF,IH2006,2020-06-17 09:42:27.200,2867.6000,20212,0,2800523880.000,1,0,1,空换,B,2867.2000,2867.0000,2866.8000,2866.6000,2866.4000,2867.8000,2868.0000,2868.2000,2868.4000,2868.6000,2,3,2,1,2,2,7,4,1,1
SF,IH2006,2020-06-17 09:42:27.700,2867.6000,20212,0,2800523880.000,0,-,-,-,-,2867.2000,2867.0000,2866.8000,2866.6000,2866.4000,2867.8000,2868.0000,2868.2000,2868.4000,2868.6000,3,3,2,1,2,2,8,4,1,1
SF,IH2006,2020-06-17 09:42:28.200,2867.6000,20212,0,2800523880.000,0,-,-,-,-,2867.2000,2867.0000,2866.8000,2866.6000,2866.4000,2867.8000,2868.0000,2868.2000,2868.4000,2868.6000,3,3,2,1,2,2,9,4,1,1
SF,IH2006,2020-06-17 09:42:29.200,2867.6000,20212,0,2800523880.000,0,-,-,-,-,2867.2000,2867.0000,2866.8000,2866.6000,2866.4000,2867.8000,2868.0000,2868.2000,2868.4000,2868.6000,3,3,2,1,2,2,9,4,1,1
SF,IH2006,2020-06-17 09:42:29.700,2867.2000,20213,1,2801384040.000,1,1,0,双开,B,2867.0000,2866.8000,2866.6000,2866.4000,2866.2000,2867.8000,2868.0000,2868.2000,2868.4000,2868.6000,3,2,1,2,4,3,9,4,1,1
SF,IH2006,2020-06-17 09:42:30.200,2867.0000,20211,-2,2803964340.000,3,0,3,空平,B,2867.0000,2866.8000,2866.6000,2866.4000,2866.2000,2867.6000,2867.8000,2868.0000,2868.2000,2868.6000,1,2,1,2,4,10,3,9,4,1
SF,IH2006,2020-06-17 09:42:30.700,2866.6000,20209,-2,2807404560.000,4,1,3,空平,B,2866.4000,2866.2000,2866.0000,2865.8000,2865.6000,2866.8000,2867.0000,2867.2000,2867.4000,2867.6000,2,4,8,1,2,4,6,4,1,10
SF,IH2006,2020-06-17 09:42:31.200,2866.6000,20209,0,2807404560.000,0,-,-,-,-,2866.4000,2866.2000,2866.0000,2865.8000,2865.6000,2866.8000,2867.0000,2867.2000,2867.4000,2867.6000,2,4,8,1,3,1,4,1,2,5
SF,IH2006,2020-06-17 09:42:31.700,2866.4000,20208,-1,2814284760.000,8,3,5,空平,B,2867.0000,2866.2000,2866.0000,2865.8000,2865.6000,2867.2000,2867.4000,2867.6000,2867.8000,2868.0000,2,4,8,1,2,1,2,5,3,5
SF,IH2006,2020-06-17 09:42:32.200,2867.0000,20208,0,2816004960.000,2,1,1,空换,B,2866.6000,2866.2000,2866.0000,2865.8000,2865.6000,2867.0000,2867.2000,2867.4000,2867.6000,2867.8000,1,4,7,1,2,3,10,2,5,3
SF,IH2006,2020-06-17 09:42:32.700,2867.0000,20208,0,2816004960.000,0,-,-,-,-,2866.6000,2866.2000,2866.0000,2865.8000,2865.6000,2867.0000,2867.2000,2867.4000,2867.6000,2867.8000,1,4,7,1,2,1,10,1,4,3
SF,IH2006,2020-06-17 09:42:33.200,2867.0000,20209,1,2816865060.000,1,1,0,双开,B,2866.8000,2866.6000,2866.2000,2866.0000,2865.8000,2867.2000,2867.4000,2867.6000,2867.8000,2868.0000,1,1,4,7,1,1,1,4,3,5
SF,IH2006,2020-06-17 09:42:33.700,2866.6000,20208,-1,2817725040.000,1,0,1,双平,B,2867.0000,2866.2000,2866.0000,2865.8000,2865.6000,2867.2000,2867.4000,2867.6000,2867.8000,2868.0000,1,4,7,1,2,1,1,4,3,5
SF,IH2006,2020-06-17 09:42:34.200,2867.2000,20206,-2,2819445300.000,2,0,2,双平,B,2866.2000,2866.0000,2865.8000,2865.6000,2865.4000,2866.6000,2867.4000,2867.6000,2867.8000,2868.0000,4,7,1,2,2,2,1,4,3,5
SF,IH2006,2020-06-17 09:42:34.700,2866.6000,20204,-2,2821165260.000,2,0,2,双平,B,2867.0000,2866.8000,2866.6000,2866.4000,2866.2000,2867.2000,2867.4000,2867.6000,2867.8000,2868.0000,1,12,24,5,4,1,1,3,3,5
SF,IH2006,2020-06-17 09:42:35.200,2867.0000,20204,0,2822025360.000,1,0,1,空换,B,2866.6000,2866.4000,2866.2000,2866.0000,2865.8000,2867.2000,2867.6000,2867.8000,2868.0000,2868.2000,8,4,4,7,1,1,3,3,5,4
SF,IH2006,2020-06-17 09:42:35.700,2867.2000,20204,0,2822885520.000,1,0,1,空换,B,2866.8000,2866.6000,2866.4000,2866.2000,2866.0000,2867.2000,2867.6000,2867.8000,2868.0000,2868.2000,2,10,2,4,7,9,3,3,5,4
SF,IH2006,2020-06-17 09:42:36.200,2866.8000,20198,-6,2828906520.000,7,0,7,空平,B,2866.8000,2866.6000,2866.4000,2866.2000,2866.0000,2867.2000,2867.6000,2867.8000,2868.0000,2868.2000,3,10,3,4,7,3,3,3,5,4
SF,IH2006,2020-06-17 09:42:36.700,2867.2000,20195,-3,2831487000.000,3,0,3,双平,B,2867.2000,2867.0000,2866.8000,2866.6000,2866.4000,2867.6000,2867.8000,2868.0000,2868.2000,2868.4000,2,5,3,8,2,3,3,5,4,1
SF,IH2006,2020-06-17 09:42:37.200,2867.2000,20195,0,2831487000.000,0,-,-,-,-,2867.2000,2867.0000,2866.8000,2866.6000,2866.4000,2867.6000,2867.8000,2868.0000,2868.2000,2868.4000,1,5,3,8,2,2,3,5,4,1
SF,IH2006,2020-06-17 09:42:37.700,2867.2000,20195,0,2831487000.000,0,-,-,-,-,2867.0000,2866.8000,2866.6000,2866.4000,2866.2000,2867.6000,2867.8000,2868.0000,2868.2000,2868.4000,5,3,8,2,4,3,3,5,4,1
SF,IH2006,2020-06-17 09:42:38.200,2867.2000,20195,0,2831487000.000,0,-,-,-,-,2867.2000,2867.0000,2866.8000,2866.6000,2866.4000,2867.6000,2867.8000,2868.0000,2868.2000,2868.4000,1,5,3,8,2,2,3,5,4,1
SF,IH2006,2020-06-17 09:42:38.700,2867.2000,20195,0,2831487000.000,0,-,-,-,-,2867.2000,2867.0000,2866.8000,2866.6000,2866.4000,2867.6000,2867.8000,2868.0000,2868.2000,2868.4000,1,6,3,8,2,2,3,5,4,1
SF,IH2006,2020-06-17 09:42:39.200,2867.2000,20195,0,2831487000.000,0,-,-,-,-,2867.2000,2867.0000,2866.8000,2866.6000,2866.4000,2867.6000,2867.8000,2868.0000,2868.2000,2868.4000,1,6,3,9,2,2,3,5,4,1
SF,IH2006,2020-06-17 09:42:39.700,2867.2000,20195,0,2832347160.000,1,0,1,空换,B,2867.0000,2866.8000,2866.6000,2866.4000,2866.2000,2867.6000,2867.8000,2868.0000,2868.2000,2868.4000,6,3,9,2,4,2,6,5,4,1
SF,IH2006,2020-06-17 09:42:40.200,2867.2000,20195,0,2832347160.000,0,-,-,-,-,2867.2000,2867.0000,2866.8000,2866.6000,2866.4000,2867.4000,2867.6000,2867.8000,2868.0000,2868.2000,2,7,3,9,2,1,1,7,5,4
SF,IH2006,2020-06-17 09:42:40.700,2867.2000,20195,0,2832347160.000,0,-,-,-,-,2867.2000,2867.0000,2866.8000,2866.6000,2866.4000,2867.4000,2867.6000,2867.8000,2868.0000,2868.2000,2,7,3,9,2,1,1,7,5,4
SF,IH2006,2020-06-17 09:42:41.200,2867.4000,20194,-1,2833207380.000,1,0,1,双平,B,2867.2000,2867.0000,2866.8000,2866.6000,2866.4000,2867.6000,2867.8000,2868.0000,2868.2000,2868.4000,2,7,3,9,2,1,7,5,4,1
SF,IH2006,2020-06-17 09:42:41.700,2867.2000,20193,-1,2834067540.000,1,0,1,双平,B,2867.2000,2867.0000,2866.8000,2866.6000,2866.4000,2867.6000,2867.8000,2868.0000,2868.2000,2868.4000,1,7,4,9,2,1,7,5,4,1
SF,IH2006,2020-06-17 09:42:42.200,2867.6000,20192,-1,2834927820.000,1,0,1,双平,B,2867.2000,2867.0000,2866.8000,2866.6000,2866.4000,2867.8000,2868.0000,2868.2000,2868.4000,2868.6000,2,8,4,9,2,7,5,3,1,1
SF,IH2006,2020-06-17 09:42:42.700,2867.4000,20184,-8,2841810420.000,8,0,8,双平,B,2867.2000,2867.0000,2866.8000,2866.6000,2866.4000,2867.4000,2868.0000,2868.2000,2868.4000,2868.6000,2,8,4,5,2,1,5,3,1,1
SF,IH2006,2020-06-17 09:42:43.200,2867.8000,20182,-2,2844391380.000,3,0,3,空平,B,2867.8000,2867.6000,2867.4000,2867.2000,2867.0000,2868.0000,2868.2000,2868.4000,2868.6000,2868.8000,1,2,22,1,8,4,3,1,1,3
SF,IH2006,2020-06-17 09:42:43.700,2867.8000,20181,-1,2845251720.000,1,0,1,双平,B,2867.4000,2867.0000,2866.8000,2866.6000,2866.4000,2868.0000,2868.2000,2868.4000,2868.6000,2868.8000,11,8,3,5,1,4,3,1,1,3
SF,IH2006,2020-06-17 09:42:44.200,2867.8000,20181,0,2845251720.000,0,-,-,-,-,2867.6000,2867.4000,2867.0000,2866.8000,2866.6000,2868.0000,2868.2000,2868.4000,2868.6000,2868.8000,1,11,8,3,5,4,3,1,1,3
SF,IH2006,2020-06-17 09:42:44.700,2867.8000,20181,0,2845251720.000,0,-,-,-,-,2867.4000,2867.2000,2867.0000,2866.8000,2866.6000,2868.0000,2868.2000,2868.4000,2868.6000,2868.8000,9,1,8,3,5,4,3,1,1,3
SF,IH2006,2020-06-17 09:42:45.200,2867.8000,20181,0,2845251720.000,0,-,-,-,-,2867.8000,2867.4000,2867.2000,2867.0000,2866.8000,2868.0000,2868.2000,2868.4000,2868.6000,2868.8000,1,9,1,8,3,4,3,1,1,3
SF,IH2006,2020-06-17 09:42:45.700,2867.8000,20180,-1,2846112060.000,1,0,1,双平,B,2867.4000,2867.2000,2867.0000,2866.8000,2866.6000,2867.8000,2868.0000,2868.2000,2868.4000,2868.6000,9,1,8,3,5,3,4,3,1,1
SF,IH2006,2020-06-17 09:42:46.200,2867.8000,20179,-1,2847832740.000,2,0,2,空平,B,2867.6000,2867.4000,2867.2000,2867.0000,2866.8000,2868.0000,2868.2000,2868.4000,2868.6000,2868.8000,1,9,1,8,3,4,3,1,1,3
SF,IH2006,2020-06-17 09:42:46.700,2867.4000,20177,-2,2849553180.000,2,0,2,双平,B,2867.4000,2867.2000,2867.0000,2866.8000,2866.6000,2868.0000,2868.2000,2868.4000,2868.6000,2868.8000,5,1,8,3,5,4,3,1,1,3
SF,IH2006,2020-06-17 09:42:47.200,2867.4000,20177,0,2849553180.000,0,-,-,-,-,2867.8000,2867.6000,2867.4000,2867.2000,2867.0000,2868.0000,2868.2000,2868.4000,2868.6000,2868.8000,1,1,5,1,8,4,3,1,1,3
SF,IH2006,2020-06-17 09:42:47.700,2867.6000,20176,-1,2855574960.000,7,3,4,空平,B,2867.2000,2867.0000,2866.8000,2866.6000,2866.4000,2867.4000,2867.6000,2867.8000,2868.0000,2868.2000,1,8,3,5,1,5,5,19,4,3
SF,IH2006,2020-06-17 09:42:48.200,2867.6000,20170,-6,2860736340.000,6,0,6,双平,B,2867.2000,2867.0000,2866.8000,2866.6000,2866.4000,2867.8000,2868.0000,2868.2000,2868.4000,2868.6000,1,8,3,5,1,6,4,3,2,1
SF,IH2006,2020-06-17 09:42:48.700,2867.2000,20170,0,2861596500.000,1,0,1,空换,B,2867.0000,2866.8000,2866.6000,2866.4000,2866.2000,2867.8000,2868.0000,2868.2000,2868.4000,2868.6000,8,3,5,1,4,6,4,3,2,1
SF,IH2006,2020-06-17 09:42:49.200,2867.2000,20170,0,2861596500.000,0,-,-,-,-,2867.0000,2866.8000,2866.6000,2866.4000,2866.2000,2867.6000,2867.8000,2868.0000,2868.2000,2868.4000,8,3,5,1,4,1,6,4,3,2
SF,IH2006,2020-06-17 09:42:49.700,2867.6000,20169,-1,2862456780.000,1,0,1,双平,B,2867.0000,2866.8000,2866.6000,2866.4000,2866.2000,2867.8000,2868.0000,2868.2000,2868.4000,2868.6000,8,3,5,1,4,6,4,3,2,1
SF,IH2006,2020-06-17 09:42:50.200,2867.0000,20169,0,2863316880.000,1,0,1,空换,B,2867.0000,2866.8000,2866.6000,2866.4000,2866.2000,2867.8000,2868.0000,2868.2000,2868.4000,2868.6000,7,3,5,1,4,6,5,3,2,1
SF,IH2006,2020-06-17 09:42:50.700,2867.0000,20169,0,2863316880.000,0,-,-,-,-,2867.2000,2867.0000,2866.8000,2866.6000,2866.4000,2867.8000,2868.0000,2868.2000,2868.4000,2868.6000,3,8,3,5,1,2,5,3,2,1
SF,IH2006,2020-06-17 09:42:51.200,2867.0000,20169,0,2863316880.000,0,-,-,-,-,2867.0000,2866.8000,2866.6000,2866.4000,2866.2000,2867.6000,2867.8000,2868.0000,2868.2000,2868.4000,9,3,5,1,4,2,3,5,3,2
SF,IH2006,2020-06-17 09:42:51.700,2867.0000,20169,0,2863316880.000,0,-,-,-,-,2867.2000,2867.0000,2866.8000,2866.6000,2866.4000,2867.6000,2867.8000,2868.0000,2868.2000,2868.4000,1,9,3,5,1,1,2,5,3,2
SF,IH2006,2020-06-17 09:42:52.200,2867.4000,20169,0,2864177100.000,1,0,1,空换,B,2867.2000,2867.0000,2866.8000,2866.6000,2866.4000,2867.6000,2867.8000,2868.0000,2868.2000,2868.4000,1,9,3,5,1,1,2,5,3,2
SF,IH2006,2020-06-17 09:42:52.700,2867.6000,20169,0,2865037380.000,1,0,1,空换,B,2867.4000,2867.2000,2867.0000,2866.8000,2866.6000,2867.8000,2868.0000,2868.2000,2868.4000,2868.6000,1,1,9,3,5,2,5,3,2,1
SF,IH2006,2020-06-17 09:42:53.700,2867.6000,20169,0,2865037380.000,0,-,-,-,-,2867.2000,2867.0000,2866.8000,2866.6000,2866.4000,2867.8000,2868.0000,2868.2000,2868.4000,2868.6000,1,9,3,5,1,2,5,3,2,1
SF,IH2006,2020-06-17 09:42:54.200,2867.6000,20169,0,2865037380.000,0,-,-,-,-,2867.4000,2867.2000,2867.0000,2866.8000,2866.6000,2867.8000,2868.0000,2868.2000,2868.4000,2868.6000,1,2,9,3,5,2,5,3,2,1
SF,IH2006,2020-06-17 09:42:54.700,2867.6000,20169,0,2865037380.000,0,-,-,-,-,2867.4000,2867.2000,2867.0000,2866.8000,2866.6000,2867.8000,2868.0000,2868.2000,2868.4000,2868.6000,2,3,9,3,5,2,5,3,2,1
SF,IH2006,2020-06-17 09:42:55.200,2867.6000,20169,0,2865037380.000,0,-,-,-,-,2867.4000,2867.2000,2867.0000,2866.8000,2866.6000,2867.8000,2868.0000,2868.2000,2868.4000,2868.6000,1,3,9,3,5,2,5,3,2,1
SF,IH2006,2020-06-17 09:42:55.700,2867.6000,20169,0,2865037380.000,0,-,-,-,-,2867.4000,2867.2000,2867.0000,2866.8000,2866.6000,2867.8000,2868.0000,2868.2000,2868.4000,2868.6000,1,3,9,3,5,1,5,3,2,1
SF,IH2006,2020-06-17 09:42:56.200,2867.6000,20169,0,2865037380.000,0,-,-,-,-,2867.4000,2867.2000,2867.0000,2866.8000,2866.6000,2868.0000,2868.2000,2868.4000,2868.6000,2868.8000,1,3,9,3,5,5,3,2,1,3
SF,IH2006,2020-06-17 09:42:56.700,2867.4000,20169,0,2865897600.000,1,0,1,空换,B,2867.4000,2867.2000,2867.0000,2866.8000,2866.6000,2867.8000,2868.0000,2868.2000,2868.4000,2868.6000,1,3,9,3,5,1,5,3,2,1
SF,IH2006,2020-06-17 09:42:57.200,2867.4000,20169,0,2865897600.000,0,-,-,-,-,2867.4000,2867.2000,2867.0000,2866.8000,2866.6000,2867.8000,2868.0000,2868.2000,2868.4000,2868.6000,1,3,9,3,5,1,5,3,2,1
SF,IH2006,2020-06-17 09:42:57.700,2867.4000,20170,1,2866757820.000,1,1,0,双开,B,2867.2000,2867.0000,2866.8000,2866.6000,2866.4000,2867.8000,2868.0000,2868.2000,2868.4000,2868.6000,3,9,3,5,1,1,5,3,2,1
SF,IH2006,2020-06-17 09:42:58.200,2867.4000,20170,0,2866757820.000,0,-,-,-,-,2867.2000,2867.0000,2866.8000,2866.6000,2866.4000,2867.8000,2868.0000,2868.2000,2868.4000,2868.6000,3,9,3,5,1,1,5,3,2,1
SF,IH2006,2020-06-17 09:42:59.200,2867.2000,20170,0,2867617980.000,1,0,1,空换,B,2867.2000,2867.0000,2866.8000,2866.6000,2866.4000,2867.6000,2867.8000,2868.0000,2868.2000,2868.4000,2,9,3,5,1,1,1,5,3,2
SF,IH2006,2020-06-17 09:42:59.700,2867.2000,20170,0,2867617980.000,0,-,-,-,-,2867.2000,2867.0000,2866.8000,2866.6000,2866.4000,2867.6000,2867.8000,2868.0000,2868.2000,2868.4000,2,9,3,5,1,3,1,5,3,2
SF,IH2006,2020-06-17 09:43:00.200,2867.2000,20170,0,2867617980.000,0,-,-,-,-,2867.2000,2867.0000,2866.8000,2866.6000,2866.4000,2867.6000,2867.8000,2868.0000,2868.2000,2868.4000,2,9,3,5,1,3,1,5,3,1
SF,IH2006,2020-06-17 09:43:00.700,2867.2000,20170,0,2867617980.000,0,-,-,-,-,2867.2000,2867.0000,2866.8000,2866.6000,2866.4000,2867.6000,2867.8000,2868.0000,2868.2000,2868.4000,2,9,3,6,1,3,1,5,3,1
SF,IH2006,2020-06-17 09:43:01.200,2867.2000,20170,0,2867617980.000,0,-,-,-,-,2867.2000,2867.0000,2866.8000,2866.6000,2866.4000,2867.6000,2867.8000,2868.0000,2868.2000,2868.4000,3,9,3,6,1,3,1,5,3,1
SF,IH2006,2020-06-17 09:43:01.700,2867.2000,20170,0,2867617980.000,0,-,-,-,-,2867.2000,2867.0000,2866.8000,2866.6000,2866.4000,2867.6000,2867.8000,2868.0000,2868.2000,2868.4000,4,9,3,6,1,3,1,5,3,1
SF,IH2006,2020-06-17 09:43:02.200,2867.6000,20170,0,2868478260.000,1,0,1,空换,B,2867.2000,2867.0000,2866.8000,2866.6000,2866.4000,2867.6000,2867.8000,2868.0000,2868.2000,2868.4000,4,9,3,6,1,1,1,5,3,1
SF,IH2006,2020-06-17 09:43:02.700,2867.6000,20171,1,2869338540.000,1,1,0,双开,B,2867.2000,2867.0000,2866.8000,2866.6000,2866.4000,2867.8000,2868.0000,2868.2000,2868.4000,2868.6000,5,9,3,6,1,1,5,3,1,1
SF,IH2006,2020-06-17 09:43:03.200,2867.6000,20171,0,2869338540.000,0,-,-,-,-,2867.2000,2867.0000,2866.8000,2866.6000,2866.4000,2867.8000,2868.0000,2868.2000,2868.4000,2868.6000,5,9,3,6,1,1,3,3,1,1
SF,IH2006,2020-06-17 09:43:03.700,2867.2000,20172,1,2870198700.000,1,1,0,双开,B,2867.2000,2867.0000,2866.8000,2866.6000,2866.4000,2867.8000,2868.0000,2868.2000,2868.4000,2868.6000,4,9,3,6,1,1,3,3,1,1
SF,IH2006,2020-06-17 09:43:04.200,2867.8000,20172,0,2871059040.000,1,0,1,空换,B,2867.2000,2867.0000,2866.8000,2866.6000,2866.4000,2867.8000,2868.0000,2868.2000,2868.4000,2868.6000,4,9,3,6,2,1,3,3,1,1
SF,IH2006,2020-06-17 09:43:04.700,2867.8000,20172,0,2871059040.000,0,-,-,-,-,2867.4000,2867.2000,2867.0000,2866.8000,2866.6000,2867.6000,2867.8000,2868.0000,2868.2000,2868.4000,1,6,9,3,6,1,1,3,3,1
SF,IH2006,2020-06-17 09:43:05.200,2868.0000,20171,-1,2873640060.000,3,1,2,空平,B,2867.4000,2867.2000,2867.0000,2866.8000,2866.6000,2868.0000,2868.2000,2868.4000,2868.6000,2868.8000,1,3,9,3,6,2,3,1,1,3
SF,IH2006,2020-06-17 09:43:06.200,2868.2000,20172,1,2877081780.000,4,2,2,多开,B,2867.4000,2867.2000,2867.0000,2866.8000,2866.6000,2868.2000,2868.4000,2868.6000,2868.8000,2869.0000,1,3,9,3,6,1,1,1,3,5
SF,IH2006,2020-06-17 09:43:06.700,2868.2000,20172,0,2877942240.000,1,0,1,空换,B,2867.6000,2867.4000,2867.2000,2867.0000,2866.8000,2868.4000,2868.6000,2868.8000,2869.0000,2869.4000,1,3,3,9,3,1,1,3,5,2
SF,IH2006,2020-06-17 09:43:07.200,2868.2000,20172,0,2877942240.000,0,-,-,-,-,2867.6000,2867.4000,2867.2000,2867.0000,2866.8000,2868.4000,2868.6000,2868.8000,2869.0000,2869.4000,3,2,3,9,3,1,1,3,5,2
SF,IH2006,2020-06-17 09:43:07.700,2868.2000,20172,0,2877942240.000,0,-,-,-,-,2867.6000,2867.4000,2867.2000,2867.0000,2866.8000,2868.4000,2868.6000,2868.8000,2869.0000,2869.4000,3,2,3,9,3,1,1,3,5,2
SF,IH2006,2020-06-17 09:43:08.200,2868.2000,20172,0,2877942240.000,0,-,-,-,-,2867.6000,2867.4000,2867.2000,2867.0000,2866.8000,2868.4000,2868.6000,2868.8000,2869.0000,2869.4000,3,2,4,9,3,1,1,3,5,2
SF,IH2006,2020-06-17 09:43:08.700,2868.2000,20172,0,2877942240.000,0,-,-,-,-,2867.6000,2867.2000,2867.0000,2866.8000,2866.6000,2868.4000,2868.6000,2868.8000,2869.0000,2869.4000,5,4,9,3,6,1,1,3,5,2
SF,IH2006,2020-06-17 09:43:09.200,2868.2000,20172,0,2877942240.000,0,-,-,-,-,2867.6000,2867.2000,2867.0000,2866.8000,2866.6000,2868.4000,2868.6000,2868.8000,2869.0000,2869.4000,5,4,9,3,6,1,1,2,5,2
SF,IH2006,2020-06-17 09:43:09.700,2868.2000,20172,0,2877942240.000,0,-,-,-,-,2867.8000,2867.6000,2867.2000,2867.0000,2866.8000,2868.0000,2868.4000,2868.6000,2868.8000,2869.0000,1,4,5,9,3,1,1,1,2,5
SF,IH2006,2020-06-17 09:43:10.200,2868.0000,20171,-1,2878802640.000,1,0,1,双平,B,2868.0000,2867.8000,2867.6000,2867.2000,2867.0000,2868.4000,2868.6000,2868.8000,2869.0000,2869.4000,2,2,5,5,9,1,1,2,5,2
SF,IH2006,2020-06-17 09:43:10.700,2868.0000,20170,-1,2880523560.000,2,0,2,空平,B,2867.8000,2867.6000,2867.4000,2867.2000,2867.0000,2868.6000,2868.8000,2869.0000,2869.4000,2869.8000,1,3,1,5,9,1,2,5,2,9
SF,IH2006,2020-06-17 09:43:11.200,2868.0000,20170,0,2880523560.000,0,-,-,-,-,2867.6000,2867.4000,2867.2000,2867.0000,2866.8000,2868.2000,2868.4000,2868.6000,2868.8000,2869.0000,3,1,4,9,3,1,4,3,2,5
SF,IH2006,2020-06-17 09:43:11.700,2867.6000,20165,-5,2884825020.000,5,0,5,双平,B,2867.6000,2867.4000,2867.2000,2867.0000,2866.8000,2868.4000,2868.6000,2868.8000,2869.0000,2869.4000,1,1,4,9,3,4,3,2,5,2
SF,IH2006,2020-06-17 09:43:12.200,2867.6000,20165,0,2884825020.000,0,-,-,-,-,2867.6000,2867.4000,2867.2000,2867.0000,2866.8000,2868.4000,2868.6000,2868.8000,2869.0000,2869.4000,1,3,4,9,3,4,3,2,5,2
SF,IH2006,2020-06-17 09:43:12.700,2867.6000,20165,0,2884825020.000,0,-,-,-,-,2867.8000,2867.6000,2867.4000,2867.2000,2867.0000,2868.4000,2868.6000,2868.8000,2869.0000,2869.4000,1,3,3,4,9,4,3,2,5,2
SF,IH2006,2020-06-17 09:43:13.200,2867.6000,20165,0,2884825020.000,0,-,-,-,-,2867.8000,2867.6000,2867.4000,2867.2000,2867.0000,2868.4000,2868.6000,2868.8000,2869.0000,2869.4000,1,5,3,3,9,4,1,2,5,2
SF,IH2006,2020-06-17 09:43:13.700,2867.8000,20164,-1,2885685360.000,1,0,1,双平,B,2867.6000,2867.4000,2867.2000,2867.0000,2866.8000,2868.2000,2868.4000,2868.6000,2868.8000,2869.0000,5,3,3,9,3,1,4,1,2,5
SF,IH2006,2020-06-17 09:43:14.200,2867.8000,20164,0,2885685360.000,0,-,-,-,-,2867.6000,2867.4000,2867.2000,2867.0000,2866.8000,2868.4000,2868.6000,2868.8000,2869.0000,2869.4000,5,3,3,9,3,4,1,2,5,2
SF,IH2006,2020-06-17 09:43:14.700,2867.6000,20164,0,2886545640.000,1,0,1,空换,B,2867.6000,2867.4000,2867.2000,2867.0000,2866.8000,2868.0000,2868.2000,2868.4000,2868.6000,2868.8000,2,3,3,9,3,2,1,4,1,2
SF,IH2006,2020-06-17 09:43:15.200,2867.6000,20164,0,2886545640.000,0,-,-,-,-,2867.6000,2867.4000,2867.2000,2867.0000,2866.8000,2868.2000,2868.4000,2868.6000,2868.8000,2869.0000,2,1,3,9,3,1,4,1,2,6
SF,IH2006,2020-06-17 09:43:15.700,2867.6000,20164,0,2886545640.000,0,-,-,-,-,2867.6000,2867.4000,2867.2000,2867.0000,2866.8000,2868.2000,2868.4000,2868.6000,2868.8000,2869.0000,2,1,3,9,3,1,4,1,2,6
SF,IH2006,2020-06-17 09:43:16.200,2867.6000,20164,0,2886545640.000,0,-,-,-,-,2867.6000,2867.4000,2867.2000,2867.0000,2866.8000,2868.4000,2868.6000,2868.8000,2869.0000,2869.4000,2,1,3,9,3,5,1,2,6,2
SF,IH2006,2020-06-17 09:43:16.700,2867.6000,20164,0,2886545640.000,0,-,-,-,-,2867.6000,2867.4000,2867.2000,2867.0000,2866.8000,2868.2000,2868.4000,2868.6000,2868.8000,2869.0000,2,1,3,9,3,1,5,1,2,6
SF,IH2006,2020-06-17 09:43:17.200,2867.6000,20164,0,2887405920.000,1,0,1,空换,B,2867.6000,2867.4000,2867.2000,2867.0000,2866.8000,2868.2000,2868.4000,2868.6000,2868.8000,2869.0000,1,1,3,9,3,1,5,1,2,6
SF,IH2006,2020-06-17 09:43:17.700,2867.6000,20164,0,2888266200.000,1,0,1,空换,B,2867.4000,2867.2000,2867.0000,2866.8000,2866.6000,2868.2000,2868.4000,2868.6000,2868.8000,2869.0000,1,3,9,3,6,1,5,1,2,6
SF,IH2006,2020-06-17 09:43:18.200,2867.6000,20164,0,2888266200.000,0,-,-,-,-,2867.8000,2867.6000,2867.4000,2867.2000,2867.0000,2868.2000,2868.4000,2868.6000,2868.8000,2869.0000,1,2,4,5,9,1,5,1,2,6
SF,IH2006,2020-06-17 09:43:18.700,2868.2000,20164,0,2889126660.000,1,0,1,空换,B,2867.8000,2867.6000,2867.4000,2867.2000,2867.0000,2868.4000,2868.6000,2868.8000,2869.0000,2869.4000,1,2,5,5,9,5,1,2,6,2
SF,IH2006,2020-06-17 09:43:19.200,2868.2000,20164,0,2889126660.000,0,-,-,-,-,2867.8000,2867.4000,2867.2000,2867.0000,2866.8000,2868.4000,2868.6000,2868.8000,2869.0000,2869.4000,3,5,5,9,3,5,1,2,6,2
SF,IH2006,2020-06-17 09:43:19.700,2868.2000,20164,0,2889126660.000,0,-,-,-,-,2867.8000,2867.4000,2867.2000,2867.0000,2866.8000,2868.4000,2868.6000,2868.8000,2869.0000,2869.4000,1,4,5,9,3,5,1,2,6,2
SF,IH2006,2020-06-17 09:43:20.200,2867.8000,20163,-1,2889987000.000,1,0,1,双平,B,2867.4000,2867.2000,2867.0000,2866.8000,2866.6000,2867.8000,2868.4000,2868.6000,2868.8000,2869.0000,4,5,9,3,6,4,5,1,2,6
SF,IH2006,2020-06-17 09:43:20.700,2867.8000,20163,0,2889987000.000,0,-,-,-,-,2867.4000,2867.2000,2867.0000,2866.8000,2866.6000,2868.4000,2868.6000,2868.8000,2869.0000,2869.4000,2,5,9,3,6,5,1,2,6,2
SF,IH2006,2020-06-17 09:43:21.200,2867.6000,20164,1,2890847280.000,1,1,0,双开,B,2867.4000,2867.2000,2867.0000,2866.8000,2866.6000,2868.2000,2868.4000,2868.6000,2868.8000,2869.0000,4,5,9,3,6,1,5,1,2,6
SF,IH2006,2020-06-17 09:43:21.700,2867.6000,20164,0,2890847280.000,0,-,-,-,-,2867.6000,2867.4000,2867.2000,2867.0000,2866.8000,2868.2000,2868.4000,2868.6000,2868.8000,2869.0000,1,4,5,9,3,2,5,1,2,6
SF,IH2006,2020-06-17 09:43:22.700,2867.6000,20164,0,2890847280.000,0,-,-,-,-,2867.6000,2867.4000,2867.2000,2867.0000,2866.8000,2868.2000,2868.4000,2868.6000,2868.8000,2869.0000,1,4,5,9,3,3,5,1,2,6
SF,IH2006,2020-06-17 09:43:23.200,2867.6000,20164,0,2890847280.000,0,-,-,-,-,2867.4000,2867.2000,2867.0000,2866.8000,2866.6000,2867.6000,2868.0000,2868.2000,2868.4000,2868.6000,4,5,9,3,6,6,5,2,4,1
SF,IH2006,2020-06-17 09:43:23.700,2867.6000,20162,-2,2893428120.000,3,0,3,空平,B,2867.4000,2867.2000,2867.0000,2866.8000,2866.6000,2867.6000,2868.0000,2868.2000,2868.4000,2868.6000,2,5,9,3,6,3,5,2,3,1
SF,IH2006,2020-06-17 09:43:24.200,2867.4000,20160,-2,2896008780.000,3,0,3,空平,B,2867.2000,2867.0000,2866.8000,2866.6000,2866.4000,2867.4000,2867.6000,2868.0000,2868.2000,2868.4000,3,9,3,6,3,3,3,5,2,3
SF,IH2006,2020-06-17 09:43:24.700,2867.2000,20158,-2,2899449600.000,4,1,3,空平,B,2867.2000,2867.0000,2866.8000,2866.6000,2866.4000,2867.6000,2868.0000,2868.2000,2868.4000,2868.6000,2,9,3,6,3,3,4,2,3,1
SF,IH2006,2020-06-17 09:43:25.700,2867.2000,20158,0,2899449600.000,0,-,-,-,-,2867.2000,2867.0000,2866.8000,2866.6000,2866.4000,2867.6000,2868.0000,2868.2000,2868.4000,2868.6000,2,9,3,6,3,3,4,2,3,2
SF,IH2006,2020-06-17 09:43:26.200,2867.2000,20157,-1,2902890480.000,4,1,3,空平,B,2867.0000,2866.8000,2866.6000,2866.4000,2866.2000,2867.2000,2867.6000,2868.0000,2868.2000,2868.4000,9,3,6,3,4,1,1,4,2,3
SF,IH2006,2020-06-17 09:43:26.700,2867.2000,20156,-1,2903750640.000,1,0,1,双平,B,2867.2000,2867.0000,2866.8000,2866.6000,2866.4000,2867.6000,2868.0000,2868.2000,2868.4000,2868.6000,5,9,3,6,3,1,4,2,3,2
SF,IH2006,2020-06-17 09:43:27.200,2867.2000,20156,0,2903750640.000,0,-,-,-,-,2867.0000,2866.8000,2866.6000,2866.4000,2866.2000,2867.6000,2868.0000,2868.2000,2868.4000,2868.6000,9,3,6,3,4,1,4,2,3,2
SF,IH2006,2020-06-17 09:43:27.700,2867.2000,20156,0,2903750640.000,0,-,-,-,-,2867.0000,2866.8000,2866.6000,2866.4000,2866.2000,2867.6000,2867.8000,2868.0000,2868.2000,2868.4000,9,3,6,3,4,2,1,4,2,3
SF,IH2006,2020-06-17 09:43:28.200,2867.0000,20156,0,2904610740.000,1,0,1,空换,B,2867.0000,2866.8000,2866.6000,2866.4000,2866.2000,2867.6000,2867.8000,2868.0000,2868.2000,2868.4000,8,3,6,3,4,2,1,2,3,3
SF,IH2006,2020-06-17 09:43:28.700,2867.0000,20156,0,2904610740.000,0,-,-,-,-,2867.0000,2866.8000,2866.6000,2866.4000,2866.2000,2867.6000,2867.8000,2868.0000,2868.2000,2868.4000,8,3,6,3,4,2,1,2,5,3
SF,IH2006,2020-06-17 09:43:29.200,2867.0000,20152,-4,2908051140.000,4,0,4,双平,B,2867.0000,2866.8000,2866.6000,2866.4000,2866.2000,2867.4000,2867.6000,2867.8000,2868.0000,2868.2000,4,3,6,3,4,1,5,1,2,5
SF,IH2006,2020-06-17 09:43:29.700,2867.0000,20151,-1,2910631440.000,3,1,2,空平,B,2866.8000,2866.6000,2866.4000,2866.2000,2866.0000,2867.4000,2867.6000,2867.8000,2868.0000,2868.2000,3,6,3,4,6,1,5,1,2,5
SF,IH2006,2020-06-17 09:43:30.200,2867.0000,20151,0,2910631440.000,0,-,-,-,-,2866.8000,2866.6000,2866.4000,2866.2000,2866.0000,2867.0000,2867.4000,2867.6000,2867.8000,2868.0000,5,6,3,4,6,1,3,5,1,2
SF,IH2006,2020-06-17 09:43:30.700,2867.0000,20150,-1,2911491540.000,1,0,1,双平,B,2867.2000,2867.0000,2866.8000,2866.6000,2866.4000,2867.4000,2867.6000,2867.8000,2868.0000,2868.2000,4,5,5,6,3,4,2,1,1,5
SF,IH2006,2020-06-17 09:43:31.200,2867.0000,20150,0,2911491540.000,0,-,-,-,-,2867.2000,2867.0000,2866.8000,2866.6000,2866.4000,2867.4000,2867.6000,2868.0000,2868.2000,2868.4000,4,1,5,6,3,3,2,1,5,3
SF,IH2006,2020-06-17 09:43:31.700,2867.4000,20149,-1,2912351760.000,1,0,1,双平,B,2867.2000,2867.0000,2866.8000,2866.6000,2866.4000,2867.6000,2868.0000,2868.2000,2868.4000,2868.6000,2,1,5,6,3,2,1,5,3,2
SF,IH2006,2020-06-17 09:43:32.200,2867.4000,20149,0,2913211980.000,1,0,1,空换,B,2867.2000,2867.0000,2866.8000,2866.6000,2866.4000,2867.6000,2868.0000,2868.2000,2868.4000,2868.6000,3,1,5,6,3,2,1,5,3,2
SF,IH2006,2020-06-17 09:43:33.200,2867.6000,20147,-2,2914932540.000,2,0,2,双平,B,2867.2000,2867.0000,2866.8000,2866.6000,2866.4000,2868.0000,2868.2000,2868.4000,2868.6000,2868.8000,3,1,5,6,3,1,5,3,2,2
SF,IH2006,2020-06-17 09:43:33.700,2867.6000,20147,0,2914932540.000,0,-,-,-,-,2867.4000,2867.2000,2867.0000,2866.8000,2866.6000,2868.2000,2868.4000,2868.6000,2868.8000,2869.0000,1,5,2,5,6,5,3,2,2,6
SF,IH2006,2020-06-17 09:43:34.200,2867.6000,20147,0,2914932540.000,0,-,-,-,-,2867.4000,2867.2000,2867.0000,2866.8000,2866.6000,2868.0000,2868.2000,2868.4000,2868.6000,2868.8000,1,3,2,5,6,3,6,3,2,2
SF,IH2006,2020-06-17 09:43:34.700,2867.4000,20146,-1,2915792760.000,1,0,1,双平,B,2867.2000,2867.0000,2866.8000,2866.6000,2866.4000,2867.8000,2868.0000,2868.2000,2868.4000,2868.6000,3,2,5,6,3,2,6,5,3,2
SF,IH2006,2020-06-17 09:43:35.200,2867.4000,20146,0,2915792760.000,0,-,-,-,-,2867.2000,2867.0000,2866.8000,2866.6000,2866.4000,2867.8000,2868.0000,2868.2000,2868.4000,2868.6000,4,3,5,5,3,1,5,5,3,2
SF,IH2006,2020-06-17 09:43:35.700,2867.2000,20145,-1,2918373240.000,3,1,2,空平,B,2867.0000,2866.8000,2866.6000,2866.4000,2866.2000,2867.6000,2867.8000,2868.0000,2868.2000,2868.4000,3,5,5,3,4,1,2,4,5,3
SF,IH2006,2020-06-17 09:43:36.200,2867.2000,20145,0,2918373240.000,0,-,-,-,-,2867.0000,2866.8000,2866.6000,2866.4000,2866.2000,2867.6000,2867.8000,2868.0000,2868.2000,2868.4000,4,5,5,3,4,1,1,4,5,3
SF,IH2006,2020-06-17 09:43:36.700,2867.2000,20145,0,2918373240.000,0,-,-,-,-,2867.6000,2867.0000,2866.8000,2866.6000,2866.4000,2867.8000,2868.0000,2868.2000,2868.4000,2868.6000,2,4,5,5,3,1,4,5,3,2
SF,IH2006,2020-06-17 09:43:37.200,2867.6000,20143,-2,2920954080.000,3,0,3,空平,B,2867.0000,2866.8000,2866.6000,2866.4000,2866.2000,2868.0000,2868.2000,2868.4000,2868.6000,2868.8000,4,5,5,3,4,4,5,3,2,2
SF,IH2006,2020-06-17 09:43:37.700,2867.6000,20143,0,2920954080.000,0,-,-,-,-,2867.2000,2867.0000,2866.8000,2866.6000,2866.4000,2868.0000,2868.2000,2868.4000,2868.6000,2868.8000,1,6,5,5,3,5,5,3,2,2
SF,IH2006,2020-06-17 09:43:38.200,2867.6000,20143,0,2920954080.000,0,-,-,-,-,2867.0000,2866.8000,2866.6000,2866.4000,2866.2000,2867.8000,2868.0000,2868.2000,2868.4000,2868.6000,6,5,5,3,4,1,6,5,3,2
SF,IH2006,2020-06-17 09:43:38.700,2867.6000,20143,0,2920954080.000,0,-,-,-,-,2867.0000,2866.8000,2866.6000,2866.4000,2866.2000,2867.6000,2867.8000,2868.0000,2868.2000,2868.4000,4,5,5,3,4,1,2,5,5,3
SF,IH2006,2020-06-17 09:43:39.200,2867.0000,20143,0,2921814180.000,1,0,1,空换,B,2867.0000,2866.8000,2866.6000,2866.4000,2866.2000,2867.6000,2867.8000,2868.0000,2868.2000,2868.4000,2,5,5,3,4,1,2,5,5,3
SF,IH2006,2020-06-17 09:43:39.700,2867.0000,20143,0,2921814180.000,0,-,-,-,-,2867.0000,2866.8000,2866.6000,2866.4000,2866.2000,2867.8000,2868.0000,2868.2000,2868.4000,2868.6000,3,5,5,3,4,1,5,5,3,2
SF,IH2006,2020-06-17 09:43:40.200,2867.0000,20143,0,2921814180.000,0,-,-,-,-,2867.0000,2866.8000,2866.6000,2866.4000,2866.2000,2868.0000,2868.2000,2868.4000,2868.6000,2868.8000,5,5,5,3,4,5,5,3,2,2
SF,IH2006,2020-06-17 09:43:40.700,2867.0000,20143,0,2921814180.000,0,-,-,-,-,2867.2000,2867.0000,2866.8000,2866.6000,2866.4000,2868.0000,2868.2000,2868.4000,2868.6000,2868.8000,2,5,5,5,3,4,5,3,2,2
SF,IH2006,2020-06-17 09:43:41.200,2867.0000,20143,0,2921814180.000,0,-,-,-,-,2867.0000,2866.8000,2866.6000,2866.4000,2866.2000,2867.8000,2868.0000,2868.2000,2868.4000,2868.6000,3,5,5,3,4,1,5,5,3,2
SF,IH2006,2020-06-17 09:43:41.700,2867.0000,20143,0,2921814180.000,0,-,-,-,-,2867.0000,2866.8000,2866.6000,2866.4000,2866.2000,2867.8000,2868.0000,2868.2000,2868.4000,2868.6000,3,5,5,3,4,1,5,5,3,2
SF,IH2006,2020-06-17 09:43:42.200,2867.0000,20143,0,2921814180.000,0,-,-,-,-,2867.0000,2866.8000,2866.6000,2866.4000,2866.2000,2867.8000,2868.0000,2868.2000,2868.4000,2868.6000,4,6,5,3,4,1,5,5,3,2
SF,IH2006,2020-06-17 09:43:42.700,2867.0000,20143,0,2922674280.000,1,0,1,空换,B,2867.0000,2866.8000,2866.6000,2866.4000,2866.2000,2868.0000,2868.2000,2868.4000,2868.6000,2868.8000,4,6,5,3,4,5,5,3,2,2
SF,IH2006,2020-06-17 09:43:43.200,2867.0000,20143,0,2923534380.000,1,0,1,空换,B,2867.0000,2866.8000,2866.6000,2866.4000,2866.2000,2867.8000,2868.0000,2868.2000,2868.4000,2868.6000,3,6,5,3,4,1,5,5,3,2
SF,IH2006,2020-06-17 09:43:43.700,2867.0000,20143,0,2923534380.000,0,-,-,-,-,2867.0000,2866.8000,2866.6000,2866.4000,2866.2000,2867.8000,2868.0000,2868.2000,2868.4000,2868.6000,5,6,5,3,4,2,5,5,3,2
SF,IH2006,2020-06-17 09:43:44.200,2867.0000,20143,0,2923534380.000,0,-,-,-,-,2867.0000,2866.8000,2866.6000,2866.4000,2866.2000,2867.8000,2868.0000,2868.2000,2868.4000,2868.6000,5,6,5,3,4,1,5,5,3,2
SF,IH2006,2020-06-17 09:43:44.700,2867.0000,20143,0,2923534380.000,0,-,-,-,-,2867.0000,2866.8000,2866.6000,2866.4000,2866.2000,2867.8000,2868.0000,2868.2000,2868.4000,2868.6000,5,6,5,3,4,3,5,5,3,2
SF,IH2006,2020-06-17 09:43:45.200,2867.0000,20143,0,2923534380.000,0,-,-,-,-,2867.0000,2866.8000,2866.6000,2866.4000,2866.2000,2867.6000,2867.8000,2868.0000,2868.2000,2868.4000,4,6,5,3,4,3,3,2,5,3
SF,IH2006,2020-06-17 09:43:45.700,2867.0000,20143,0,2923534380.000,0,-,-,-,-,2867.0000,2866.8000,2866.6000,2866.4000,2866.2000,2867.6000,2867.8000,2868.0000,2868.2000,2868.4000,4,6,5,3,4,4,3,2,5,3
SF,IH2006,2020-06-17 09:43:46.200,2867.0000,20143,0,2924394480.000,1,0,1,空换,B,2867.2000,2867.0000,2866.8000,2866.6000,2866.4000,2867.6000,2867.8000,2868.0000,2868.2000,2868.4000,4,4,6,5,3,4,4,1,5,3
SF,IH2006,2020-06-17 09:43:46.700,2867.6000,20141,-2,2927835360.000,4,1,3,空平,B,2867.2000,2867.0000,2866.8000,2866.6000,2866.4000,2867.6000,2867.8000,2868.0000,2868.2000,2868.4000,3,3,6,5,3,1,4,1,5,3
SF,IH2006,2020-06-17 09:43:47.200,2867.6000,20141,0,2927835360.000,0,-,-,-,-,2867.2000,2867.0000,2866.8000,2866.6000,2866.4000,2867.6000,2867.8000,2868.0000,2868.2000,2868.4000,3,3,6,5,3,1,4,1,5,3
SF,IH2006,2020-06-17 09:43:47.700,2867.2000,20140,-1,2928695520.000,1,0,1,双平,B,2867.2000,2867.0000,2866.8000,2866.6000,2866.4000,2867.6000,2867.8000,2868.0000,2868.2000,2868.4000,2,3,6,5,3,1,4,1,5,3
SF,IH2006,2020-06-17 09:43:48.200,2867.2000,20140,0,2928695520.000,0,-,-,-,-,2867.2000,2867.0000,2866.8000,2866.6000,2866.4000,2867.6000,2867.8000,2868.0000,2868.2000,2868.4000,4,4,6,5,3,1,4,1,5,3
SF,IH2006,2020-06-17 09:43:48.700,2867.2000,20140,0,2928695520.000,0,-,-,-,-,2867.2000,2867.0000,2866.8000,2866.6000,2866.4000,2867.8000,2868.0000,2868.2000,2868.4000,2868.6000,4,4,6,5,3,4,1,5,3,2
SF,IH2006,2020-06-17 09:43:49.700,2867.2000,20140,0,2928695520.000,0,-,-,-,-,2867.2000,2867.0000,2866.8000,2866.6000,2866.4000,2867.8000,2868.0000,2868.2000,2868.4000,2868.6000,5,4,6,5,3,4,1,5,3,2
SF,IH2006,2020-06-17 09:43:50.200,2867.2000,20140,0,2928695520.000,0,-,-,-,-,2867.2000,2867.0000,2866.8000,2866.6000,2866.4000,2867.6000,2867.8000,2868.0000,2868.2000,2868.4000,10,4,6,5,3,1,3,1,5,3
SF,IH2006,2020-06-17 09:43:50.700,2867.2000,20140,0,2928695520.000,0,-,-,-,-,2867.2000,2867.0000,2866.8000,2866.6000,2866.4000,2867.6000,2867.8000,2868.0000,2868.2000,2868.4000,10,4,6,5,3,1,3,1,5,3
SF,IH2006,2020-06-17 09:43:51.200,2867.2000,20140,0,2928695520.000,0,-,-,-,-,2867.2000,2867.0000,2866.8000,2866.6000,2866.4000,2867.6000,2867.8000,2868.0000,2868.2000,2868.4000,10,4,6,5,3,1,3,1,5,3
SF,IH2006,2020-06-17 09:43:51.700,2867.2000,20140,0,2928695520.000,0,-,-,-,-,2867.2000,2867.0000,2866.8000,2866.6000,2866.4000,2867.8000,2868.0000,2868.2000,2868.4000,2868.6000,10,4,6,5,3,3,1,5,3,2
SF,IH2006,2020-06-17 09:43:52.200,2867.2000,20140,0,2928695520.000,0,-,-,-,-,2867.2000,2867.0000,2866.8000,2866.6000,2866.4000,2867.6000,2867.8000,2868.0000,2868.2000,2868.4000,10,5,6,5,3,1,3,1,5,3
SF,IH2006,2020-06-17 09:43:52.700,2867.6000,20140,0,2929555800.000,1,0,1,空换,B,2867.2000,2867.0000,2866.8000,2866.6000,2866.4000,2867.8000,2868.0000,2868.2000,2868.4000,2868.6000,10,5,6,5,3,3,1,5,3,2
SF,IH2006,2020-06-17 09:43:53.200,2867.2000,20139,-1,2930415960.000,1,0,1,双平,B,2867.2000,2867.0000,2866.8000,2866.6000,2866.4000,2867.8000,2868.0000,2868.2000,2868.4000,2868.6000,9,5,6,5,3,3,1,5,3,2
SF,IH2006,2020-06-17 09:43:53.700,2867.8000,20138,-1,2932136640.000,2,0,2,空平,B,2867.4000,2867.2000,2867.0000,2866.8000,2866.6000,2867.8000,2868.0000,2868.2000,2868.4000,2868.6000,1,9,5,6,5,1,1,5,3,2
SF,IH2006,2020-06-17 09:43:54.200,2867.8000,20137,-1,2932996980.000,1,0,1,双平,B,2867.8000,2867.4000,2867.2000,2867.0000,2866.8000,2868.0000,2868.2000,2868.4000,2868.6000,2868.8000,1,4,6,5,6,1,5,3,2,1
SF,IH2006,2020-06-17 09:43:54.700,2867.8000,20137,0,2932996980.000,0,-,-,-,-,2867.8000,2867.4000,2867.2000,2867.0000,2866.8000,2868.0000,2868.2000,2868.4000,2868.6000,2868.8000,4,1,6,6,6,1,5,3,2,1
SF,IH2006,2020-06-17 09:43:55.200,2868.0000,20137,0,2933857380.000,1,0,1,空换,B,2868.0000,2867.8000,2867.4000,2867.2000,2867.0000,2868.2000,2868.4000,2868.6000,2868.8000,2869.0000,1,4,1,6,6,5,3,2,1,5
SF,IH2006,2020-06-17 09:43:55.700,2868.0000,20134,-3,2937298980.000,4,0,4,空平,B,2867.8000,2867.6000,2867.4000,2867.2000,2867.0000,2868.2000,2868.4000,2868.6000,2868.8000,2869.0000,1,1,1,6,6,5,3,2,1,5
SF,IH2006,2020-06-17 09:43:56.700,2868.2000,20131,-3,2941601280.000,5,1,4,空平,B,2867.8000,2867.6000,2867.4000,2867.2000,2867.0000,2868.4000,2868.6000,2868.8000,2869.0000,2869.4000,2,1,1,6,6,3,2,1,5,2
SF,IH2006,2020-06-17 09:43:57.200,2868.2000,20131,0,2941601280.000,0,-,-,-,-,2868.0000,2867.8000,2867.6000,2867.2000,2867.0000,2868.4000,2868.6000,2868.8000,2869.0000,2869.4000,3,2,1,6,6,3,2,1,5,2
SF,IH2006,2020-06-17 09:43:57.700,2868.2000,20131,0,2941601280.000,0,-,-,-,-,2868.0000,2867.8000,2867.6000,2867.2000,2867.0000,2868.2000,2868.4000,2868.6000,2868.8000,2869.0000,3,2,1,6,6,1,3,2,1,5
SF,IH2006,2020-06-17 09:43:58.200,2868.2000,20130,-1,2942461740.000,1,0,1,双平,B,2868.2000,2868.0000,2867.8000,2867.6000,2867.2000,2868.4000,2868.6000,2868.8000,2869.0000,2869.4000,1,6,2,1,7,4,2,1,5,2
SF,IH2006,2020-06-17 09:43:58.700,2868.2000,20130,0,2942461740.000,0,-,-,-,-,2868.0000,2867.8000,2867.6000,2867.2000,2867.0000,2868.4000,2868.6000,2868.8000,2869.0000,2869.4000,6,2,1,10,6,4,2,1,5,2
SF,IH2006,2020-06-17 09:43:59.200,2868.0000,20129,-1,2944182660.000,2,0,2,空平,B,2868.0000,2867.8000,2867.6000,2867.2000,2867.0000,2868.4000,2868.6000,2868.8000,2869.0000,2869.4000,2,2,1,10,6,4,2,1,5,2
SF,IH2006,2020-06-17 09:43:59.700,2868.0000,20129,0,2944182660.000,0,-,-,-,-,2868.0000,2867.8000,2867.6000,2867.2000,2867.0000,2868.4000,2868.6000,2868.8000,2869.0000,2869.4000,2,2,1,10,6,4,2,1,5,2
SF,IH2006,2020-06-17 09:44:00.200,2868.4000,20129,0,2945043180.000,1,0,1,空换,B,2868.0000,2867.8000,2867.6000,2867.2000,2867.0000,2868.2000,2868.4000,2868.6000,2868.8000,2869.0000,3,2,1,10,6,1,3,2,1,5
SF,IH2006,2020-06-17 09:44:00.700,2868.0000,20127,-2,2946763980.000,2,0,2,双平,B,2868.0000,2867.8000,2867.6000,2867.4000,2867.2000,2868.2000,2868.4000,2868.6000,2868.8000,2869.0000,1,2,1,1,10,2,3,2,1,5
SF,IH2006,2020-06-17 09:44:01.200,2868.2000,20123,-4,2950205760.000,4,0,4,双平,B,2868.0000,2867.8000,2867.6000,2867.4000,2867.2000,2868.4000,2868.6000,2868.8000,2869.0000,2869.4000,1,2,2,1,10,3,2,1,5,2
SF,IH2006,2020-06-17 09:44:02.200,2868.2000,20123,0,2950205760.000,0,-,-,-,-,2868.0000,2867.8000,2867.6000,2867.4000,2867.2000,2868.4000,2868.6000,2868.8000,2869.0000,2869.4000,1,1,2,1,10,3,2,1,5,2
SF,IH2006,2020-06-17 09:44:03.700,2868.0000,20122,-1,2951066160.000,1,0,1,双平,B,2868.0000,2867.8000,2867.6000,2867.4000,2867.2000,2868.4000,2868.6000,2868.8000,2869.0000,2869.4000,1,1,2,1,10,3,2,1,5,2
SF,IH2006,2020-06-17 09:44:04.200,2868.0000,20122,0,2951926560.000,1,0,1,空换,B,2867.8000,2867.6000,2867.4000,2867.2000,2867.0000,2868.0000,2868.4000,2868.6000,2868.8000,2869.0000,1,1,1,10,6,1,3,2,1,5
SF,IH2006,2020-06-17 09:44:04.700,2868.0000,20122,0,2951926560.000,0,-,-,-,-,2867.8000,2867.6000,2867.4000,2867.2000,2867.0000,2868.0000,2868.4000,2868.6000,2868.8000,2869.0000,2,1,1,10,6,2,3,2,1,5
SF,IH2006,2020-06-17 09:44:06.200,2868.0000,20122,0,2952786960.000,1,0,1,空换,B,2867.8000,2867.6000,2867.4000,2867.2000,2867.0000,2868.0000,2868.4000,2868.6000,2868.8000,2869.0000,2,1,1,10,6,1,3,2,1,5
SF,IH2006,2020-06-17 09:44:07.200,2867.8000,20123,1,2954507640.000,2,1,1,多开,B,2867.6000,2867.4000,2867.2000,2867.0000,2866.8000,2868.0000,2868.4000,2868.6000,2868.8000,2869.0000,1,1,10,6,5,1,3,2,1,5
SF,IH2006,2020-06-17 09:44:07.700,2867.8000,20123,0,2956228260.000,2,1,1,空换,B,2867.4000,2867.2000,2867.0000,2866.8000,2866.6000,2867.8000,2868.0000,2868.2000,2868.4000,2868.6000,1,10,6,5,5,2,1,1,3,2
SF,IH2006,2020-06-17 09:44:08.200,2867.8000,20123,0,2956228260.000,0,-,-,-,-,2867.4000,2867.2000,2867.0000,2866.8000,2866.6000,2867.8000,2868.0000,2868.2000,2868.4000,2868.6000,1,10,6,5,5,2,2,1,3,2
SF,IH2006,2020-06-17 09:44:08.700,2867.2000,20124,1,2957948640.000,2,1,1,多开,B,2867.2000,2867.0000,2866.8000,2866.6000,2866.4000,2867.4000,2867.8000,2868.0000,2868.2000,2868.4000,9,6,5,5,3,5,2,2,1,3
SF,IH2006,2020-06-17 09:44:09.200,2867.4000,20121,-3,2961389520.000,4,0,4,空平,B,2867.2000,2867.0000,2866.8000,2866.6000,2866.4000,2867.6000,2867.8000,2868.0000,2868.2000,2868.4000,9,6,5,5,3,1,1,2,1,3
SF,IH2006,2020-06-17 09:44:09.700,2867.4000,20117,-4,2969991180.000,10,3,7,空平,B,2867.0000,2866.8000,2866.6000,2866.4000,2866.2000,2867.4000,2867.6000,2867.8000,2868.0000,2868.2000,6,2,5,3,4,1,1,1,2,1
SF,IH2006,2020-06-17 09:44:10.200,2867.4000,20117,0,2969991180.000,0,-,-,-,-,2867.0000,2866.8000,2866.6000,2866.4000,2866.2000,2867.4000,2867.6000,2867.8000,2868.0000,2868.2000,6,2,5,2,4,1,1,1,2,1
SF,IH2006,2020-06-17 09:44:10.700,2867.0000,20120,3,2975151780.000,6,4,2,多开,B,2866.8000,2866.6000,2866.4000,2866.2000,2866.0000,2867.0000,2867.2000,2867.4000,2867.6000,2867.8000,2,5,2,4,10,2,1,1,2,1
SF,IH2006,2020-06-17 09:44:11.200,2867.0000,20120,0,2975151780.000,0,-,-,-,-,2866.8000,2866.6000,2866.4000,2866.2000,2866.0000,2867.4000,2867.6000,2867.8000,2868.0000,2868.2000,2,3,2,10,10,1,2,1,2,1
SF,IH2006,2020-06-17 09:44:11.700,2866.8000,20121,1,2976011820.000,1,1,0,双开,B,2866.8000,2866.6000,2866.4000,2866.2000,2866.0000,2867.4000,2867.6000,2867.8000,2868.0000,2868.2000,1,3,2,10,10,1,2,1,2,1
SF,IH2006,2020-06-17 09:44:12.200,2866.8000,20121,0,2976871860.000,1,0,1,空换,B,2866.6000,2866.4000,2866.2000,2866.0000,2865.8000,2866.8000,2867.2000,2867.4000,2867.6000,2867.8000,3,2,10,10,2,1,3,2,2,1
SF,IH2006,2020-06-17 09:44:12.700,2866.8000,20120,-1,2977731900.000,1,0,1,双平,B,2866.6000,2866.4000,2866.2000,2866.0000,2865.8000,2867.2000,2867.4000,2867.6000,2868.0000,2868.2000,2,2,10,10,2,5,3,2,2,1
SF,IH2006,2020-06-17 09:44:13.200,2866.8000,20120,0,2977731900.000,0,-,-,-,-,2866.6000,2866.4000,2866.2000,2866.0000,2865.8000,2866.8000,2867.2000,2867.4000,2867.6000,2868.0000,3,2,10,10,1,1,6,3,2,2
SF,IH2006,2020-06-17 09:44:13.700,2866.8000,20119,-1,2978591940.000,1,0,1,双平,B,2866.6000,2866.4000,2866.2000,2866.0000,2865.8000,2867.2000,2867.4000,2867.6000,2868.0000,2868.2000,3,2,10,10,1,6,3,2,2,1
SF,IH2006,2020-06-17 09:44:14.200,2866.8000,20119,0,2978591940.000,0,-,-,-,-,2866.6000,2866.4000,2866.2000,2866.0000,2865.8000,2867.2000,2867.4000,2867.6000,2868.0000,2868.2000,4,2,10,10,1,6,3,2,2,1
SF,IH2006,2020-06-17 09:44:14.700,2866.8000,20119,0,2978591940.000,0,-,-,-,-,2867.0000,2866.8000,2866.6000,2866.4000,2866.2000,2867.2000,2867.4000,2867.6000,2868.0000,2868.2000,7,1,4,2,10,4,2,2,3,1
SF,IH2006,2020-06-17 09:44:15.200,2866.8000,20119,0,2978591940.000,0,-,-,-,-,2866.8000,2866.6000,2866.4000,2866.2000,2866.0000,2867.2000,2867.4000,2867.6000,2868.0000,2868.2000,1,5,2,13,10,4,2,2,3,2
SF,IH2006,2020-06-17 09:44:15.700,2866.8000,20119,0,2978591940.000,0,-,-,-,-,2866.6000,2866.4000,2866.2000,2866.0000,2865.8000,2867.2000,2867.4000,2867.6000,2868.0000,2868.2000,5,2,13,10,1,4,2,2,3,2
SF,IH2006,2020-06-17 09:44:16.200,2866.8000,20119,0,2978591940.000,0,-,-,-,-,2866.6000,2866.4000,2866.2000,2866.0000,2865.8000,2867.2000,2867.4000,2867.6000,2868.0000,2868.2000,5,2,13,10,1,3,2,2,3,2
SF,IH2006,2020-06-17 09:44:16.700,2866.8000,20119,0,2978591940.000,0,-,-,-,-,2866.6000,2866.4000,2866.2000,2866.0000,2865.8000,2867.2000,2867.4000,2867.6000,2868.0000,2868.2000,5,2,13,10,1,5,2,2,4,2
SF,IH2006,2020-06-17 09:44:17.200,2866.6000,20120,1,2980311900.000,2,1,1,多开,B,2866.8000,2866.6000,2866.4000,2866.2000,2866.0000,2867.0000,2867.2000,2867.4000,2867.6000,2868.0000,1,2,2,13,10,5,4,2,2,4
SF,IH2006,2020-06-17 09:44:17.700,2866.6000,20119,-1,2982891900.000,3,1,2,空平,B,2866.4000,2866.2000,2866.0000,2865.8000,2865.6000,2866.8000,2867.0000,2867.2000,2867.4000,2867.6000,2,13,10,1,11,8,3,2,2,3
SF,IH2006,2020-06-17 09:44:18.200,2866.8000,20117,-2,2985471900.000,3,0,3,空平,B,2866.4000,2866.2000,2866.0000,2865.8000,2865.6000,2866.8000,2867.0000,2867.2000,2867.4000,2867.6000,1,13,10,1,11,5,3,2,2,2
SF,IH2006,2020-06-17 09:44:18.700,2866.4000,20116,-1,2986331820.000,1,0,1,双平,B,2866.2000,2866.0000,2865.8000,2865.6000,2865.4000,2866.4000,2866.8000,2867.0000,2867.2000,2867.4000,13,10,1,11,5,2,5,3,2,2
SF,IH2006,2020-06-17 09:44:19.200,2866.2000,20116,0,2990631120.000,5,2,3,空换,B,2866.2000,2866.0000,2865.8000,2865.6000,2865.4000,2866.8000,2867.0000,2867.2000,2867.4000,2867.6000,9,10,1,11,5,5,3,2,2,2
SF,IH2006,2020-06-17 09:44:19.700,2866.2000,20114,-2,2994070560.000,4,1,3,空平,B,2866.2000,2866.0000,2865.8000,2865.6000,2865.4000,2866.6000,2866.8000,2867.0000,2867.2000,2867.4000,5,10,1,11,5,6,5,1,2,2
SF,IH2006,2020-06-17 09:44:20.200,2866.4000,20111,-3,2996650260.000,3,0,3,双平,B,2866.2000,2866.0000,2865.8000,2865.6000,2865.4000,2866.6000,2866.8000,2867.0000,2867.2000,2867.4000,5,10,1,11,5,6,5,1,2,2
SF,IH2006,2020-06-17 09:44:20.700,2866.4000,20111,0,2996650260.000,0,-,-,-,-,2866.2000,2866.0000,2865.8000,2865.6000,2865.4000,2866.4000,2866.6000,2866.8000,2867.0000,2867.2000,5,11,1,10,5,1,6,5,1,2
SF,IH2006,2020-06-17 09:44:21.200,2866.2000,20112,1,3000949560.000,5,3,2,多开,B,2866.0000,2865.8000,2865.6000,2865.4000,2865.2000,2866.4000,2866.6000,2866.8000,2867.0000,2867.2000,11,1,10,5,3,1,6,6,1,2
SF,IH2006,2020-06-17 09:44:21.700,2866.2000,20112,0,3000949560.000,0,-,-,-,-,2866.0000,2865.8000,2865.6000,2865.4000,2865.2000,2866.2000,2866.4000,2866.6000,2866.8000,2867.2000,11,1,10,5,3,1,2,5,4,2
SF,IH2006,2020-06-17 09:44:22.200,2866.0000,20112,0,3001809360.000,1,0,1,空换,B,2866.0000,2865.8000,2865.6000,2865.4000,2865.2000,2866.2000,2866.4000,2866.6000,2866.8000,2867.2000,10,1,10,5,3,1,2,5,4,2
SF,IH2006,2020-06-17 09:44:22.700,2866.2000,20112,0,3002669220.000,1,0,1,空换,B,2866.2000,2866.0000,2865.8000,2865.6000,2865.4000,2866.4000,2866.6000,2866.8000,2867.2000,2867.4000,1,10,1,10,5,2,5,4,2,2
SF,IH2006,2020-06-17 09:44:23.200,2866.2000,20111,-1,3004388940.000,2,0,2,空平,B,2866.0000,2865.8000,2865.6000,2865.4000,2865.2000,2866.4000,2866.6000,2866.8000,2867.2000,2867.4000,10,1,10,5,3,2,5,4,2,2
SF,IH2006,2020-06-17 09:44:24.200,2866.0000,20107,-4,3007828380.000,4,0,4,双平,B,2866.0000,2865.8000,2865.6000,2865.4000,2865.2000,2866.6000,2866.8000,2867.2000,2867.4000,2867.6000,8,1,10,5,3,5,4,2,2,2
SF,IH2006,2020-06-17 09:44:24.700,2866.0000,20107,0,3007828380.000,0,-,-,-,-,2866.0000,2865.8000,2865.6000,2865.4000,2865.2000,2866.6000,2866.8000,2867.2000,2867.4000,2867.6000,9,1,10,5,3,4,4,2,2,2
SF,IH2006,2020-06-17 09:44:25.200,2866.0000,20107,0,3007828380.000,0,-,-,-,-,2866.2000,2866.0000,2865.8000,2865.6000,2865.4000,2866.6000,2866.8000,2867.2000,2867.4000,2867.6000,1,9,1,10,5,2,4,2,2,2
SF,IH2006,2020-06-17 09:44:25.700,2866.0000,20107,0,3007828380.000,0,-,-,-,-,2866.2000,2866.0000,2865.8000,2865.6000,2865.4000,2866.6000,2866.8000,2867.2000,2867.4000,2867.6000,2,10,1,10,5,1,3,2,2,2
SF,IH2006,2020-06-17 09:44:26.200,2866.0000,20107,0,3007828380.000,0,-,-,-,-,2866.2000,2866.0000,2865.8000,2865.6000,2865.4000,2866.8000,2867.2000,2867.4000,2867.6000,2867.8000,2,10,1,10,5,2,2,2,2,1
SF,IH2006,2020-06-17 09:44:26.700,2866.0000,20107,0,3007828380.000,0,-,-,-,-,2866.2000,2866.0000,2865.8000,2865.6000,2865.4000,2866.8000,2867.2000,2867.4000,2867.6000,2867.8000,3,10,1,10,5,1,2,2,2,1
SF,IH2006,2020-06-17 09:44:27.200,2866.0000,20107,0,3007828380.000,0,-,-,-,-,2866.2000,2866.0000,2865.8000,2865.6000,2865.4000,2866.8000,2867.0000,2867.2000,2867.4000,2867.6000,3,10,1,10,5,1,1,2,2,2
SF,IH2006,2020-06-17 09:44:27.700,2866.0000,20107,0,3007828380.000,0,-,-,-,-,2866.2000,2866.0000,2865.8000,2865.6000,2865.4000,2866.6000,2866.8000,2867.0000,2867.2000,2867.4000,3,10,1,10,5,1,1,1,2,2
SF,IH2006,2020-06-17 09:44:28.200,2866.6000,20107,0,3008688360.000,1,0,1,空换,B,2866.2000,2866.0000,2865.8000,2865.6000,2865.4000,2866.8000,2867.2000,2867.4000,2867.6000,2867.8000,3,10,1,10,5,1,2,2,2,1
SF,IH2006,2020-06-17 09:44:28.700,2866.6000,20107,0,3008688360.000,0,-,-,-,-,2866.2000,2866.0000,2865.8000,2865.6000,2865.4000,2866.8000,2867.2000,2867.4000,2867.6000,2867.8000,4,10,1,11,5,3,2,2,2,1
SF,IH2006,2020-06-17 09:44:29.200,2866.6000,20107,0,3008688360.000,0,-,-,-,-,2866.2000,2866.0000,2865.8000,2865.6000,2865.4000,2866.8000,2867.2000,2867.4000,2867.6000,2867.8000,5,10,1,11,5,3,2,2,2,1
SF,IH2006,2020-06-17 09:44:29.700,2866.6000,20107,0,3008688360.000,0,-,-,-,-,2866.2000,2866.0000,2865.8000,2865.6000,2865.4000,2866.8000,2867.2000,2867.4000,2867.6000,2867.8000,5,10,1,11,5,2,2,2,2,1
SF,IH2006,2020-06-17 09:44:30.200,2866.6000,20107,0,3008688360.000,0,-,-,-,-,2866.2000,2866.0000,2865.8000,2865.6000,2865.4000,2866.8000,2867.2000,2867.4000,2867.6000,2867.8000,5,10,1,11,5,3,2,2,3,1
SF,IH2006,2020-06-17 09:44:30.700,2866.2000,20105,-2,3011268300.000,3,0,3,空平,B,2866.2000,2866.0000,2865.8000,2865.6000,2865.4000,2867.2000,2867.4000,2867.6000,2867.8000,2868.0000,4,10,1,11,5,2,2,3,1,3
SF,IH2006,2020-06-17 09:44:31.200,2866.2000,20105,0,3011268300.000,0,-,-,-,-,2866.2000,2866.0000,2865.8000,2865.6000,2865.4000,2867.0000,2867.2000,2867.4000,2867.6000,2867.8000,5,10,1,11,5,11,2,2,3,1
SF,IH2006,2020-06-17 09:44:31.700,2866.2000,20105,0,3011268300.000,0,-,-,-,-,2866.2000,2866.0000,2865.8000,2865.6000,2865.4000,2867.0000,2867.2000,2867.4000,2867.6000,2867.8000,4,10,1,11,5,10,2,2,3,1
SF,IH2006,2020-06-17 09:44:32.200,2866.2000,20105,0,3011268300.000,0,-,-,-,-,2866.2000,2866.0000,2865.8000,2865.6000,2865.4000,2866.4000,2867.0000,2867.2000,2867.4000,2867.6000,4,10,1,11,5,1,10,2,2,3
SF,IH2006,2020-06-17 09:44:32.700,2866.2000,20106,1,3015567660.000,5,3,2,多开,B,2866.0000,2865.8000,2865.6000,2865.4000,2865.2000,2867.0000,2867.2000,2867.4000,2867.6000,2867.8000,10,1,11,5,2,7,2,2,3,1
SF,IH2006,2020-06-17 09:44:33.200,2866.2000,20106,0,3015567660.000,0,-,-,-,-,2866.0000,2865.8000,2865.6000,2865.4000,2865.2000,2866.2000,2867.0000,2867.2000,2867.4000,2867.6000,10,1,11,5,2,1,7,2,2,3
SF,IH2006,2020-06-17 09:44:33.700,2866.2000,20107,1,3020726820.000,6,3,3,多开,B,2866.2000,2866.0000,2865.8000,2865.6000,2865.4000,2867.0000,2867.2000,2867.4000,2867.6000,2867.8000,17,10,1,11,5,7,2,2,3,1
SF,IH2006,2020-06-17 09:44:34.200,2866.2000,20107,0,3021586680.000,1,0,1,空换,B,2866.2000,2866.0000,2865.8000,2865.6000,2865.4000,2867.0000,2867.2000,2867.4000,2867.6000,2867.8000,1,10,1,11,5,6,3,2,3,1
SF,IH2006,2020-06-17 09:44:34.700,2866.2000,20109,2,3023306400.000,2,2,0,双开,B,2866.0000,2865.8000,2865.6000,2865.4000,2865.2000,2867.0000,2867.2000,2867.4000,2867.6000,2867.8000,10,1,11,5,2,5,3,2,2,1
SF,IH2006,2020-06-17 09:44:35.200,2867.0000,20109,0,3024166500.000,1,0,1,空换,B,2866.2000,2866.0000,2865.8000,2865.6000,2865.4000,2867.0000,2867.2000,2867.4000,2867.6000,2867.8000,1,10,1,11,5,5,3,2,2,1
SF,IH2006,2020-06-17 09:44:35.700,2867.0000,20109,0,3024166500.000,0,-,-,-,-,2866.4000,2866.2000,2866.0000,2865.8000,2865.6000,2867.0000,2867.2000,2867.4000,2867.6000,2867.8000,1,1,11,1,11,3,3,2,2,1
SF,IH2006,2020-06-17 09:44:36.200,2867.0000,20109,0,3024166500.000,0,-,-,-,-,2866.4000,2866.2000,2866.0000,2865.8000,2865.6000,2866.8000,2867.0000,2867.2000,2867.4000,2867.6000,1,2,10,1,11,1,3,3,2,2
SF,IH2006,2020-06-17 09:44:36.700,2867.0000,20109,0,3024166500.000,0,-,-,-,-,2866.4000,2866.2000,2866.0000,2865.8000,2865.6000,2866.8000,2867.0000,2867.2000,2867.4000,2867.6000,1,3,10,1,11,1,3,3,2,2
SF,IH2006,2020-06-17 09:44:37.200,2866.4000,20108,-1,3025026420.000,1,0,1,双平,B,2866.2000,2866.0000,2865.8000,2865.6000,2865.4000,2866.4000,2866.8000,2867.0000,2867.2000,2867.4000,3,10,1,11,5,3,1,3,3,2
SF,IH2006,2020-06-17 09:44:37.700,2866.4000,20106,-2,3027606180.000,3,0,3,空平,B,2866.4000,2866.2000,2866.0000,2865.8000,2865.6000,2867.0000,2867.2000,2867.4000,2867.6000,2867.8000,1,2,10,1,11,3,3,2,2,1
SF,IH2006,2020-06-17 09:44:38.200,2867.2000,20103,-3,3031906680.000,5,1,4,空平,B,2866.6000,2866.2000,2866.0000,2865.8000,2865.6000,2867.2000,2867.4000,2867.6000,2867.8000,2868.0000,1,2,10,1,11,1,2,2,1,3
SF,IH2006,2020-06-17 09:44:38.700,2866.6000,20102,-1,3032766660.000,1,0,1,双平,B,2866.8000,2866.6000,2866.2000,2866.0000,2865.8000,2867.0000,2867.2000,2867.4000,2867.6000,2867.8000,1,1,1,10,1,1,4,2,2,1
SF,IH2006,2020-06-17 09:44:39.200,2866.8000,20100,-2,3035346780.000,3,0,3,空平,B,2866.6000,2866.2000,2866.0000,2865.8000,2865.6000,2866.8000,2867.2000,2867.4000,2867.6000,2867.8000,1,2,10,1,11,1,4,2,2,1
SF,IH2006,2020-06-17 09:44:39.700,2866.6000,20101,1,3037066800.000,2,1,1,多开,B,2866.8000,2866.4000,2866.2000,2866.0000,2865.8000,2867.2000,2867.4000,2867.6000,2867.8000,2868.0000,1,1,2,10,1,1,2,2,1,3
SF,IH2006,2020-06-17 09:44:40.200,2866.6000,20101,0,3037066800.000,0,-,-,-,-,2866.4000,2866.2000,2866.0000,2865.8000,2865.6000,2867.2000,2867.4000,2867.6000,2867.8000,2868.0000,2,2,10,1,11,1,2,2,1,3
SF,IH2006,2020-06-17 09:44:40.700,2867.2000,20101,0,3037926960.000,1,0,1,空换,B,2867.0000,2866.6000,2866.4000,2866.2000,2866.0000,2867.4000,2867.6000,2867.8000,2868.0000,2868.2000,2,3,3,3,10,2,2,1,3,2
SF,IH2006,2020-06-17 09:44:41.200,2867.4000,20101,0,3038787180.000,1,0,1,空换,B,2866.6000,2866.4000,2866.2000,2866.0000,2865.8000,2867.4000,2867.6000,2867.8000,2868.0000,2868.2000,2,3,3,10,1,1,2,1,3,2
SF,IH2006,2020-06-17 09:44:41.700,2867.2000,20102,1,3040507560.000,2,1,1,多开,B,2867.2000,2866.8000,2866.6000,2866.4000,2866.2000,2867.6000,2867.8000,2868.0000,2868.2000,2868.4000,12,1,6,3,3,2,1,3,2,2
SF,IH2006,2020-06-17 09:44:42.200,2867.6000,20102,0,3042228120.000,2,1,1,空换,B,2867.2000,2866.8000,2866.6000,2866.4000,2866.2000,2867.6000,2867.8000,2868.0000,2868.2000,2868.4000,1,1,8,2,3,1,1,3,1,2
SF,IH2006,2020-06-17 09:44:42.700,2867.6000,20101,-1,3043088400.000,1,0,1,双平,B,2867.2000,2866.8000,2866.6000,2866.4000,2866.2000,2867.8000,2868.0000,2868.2000,2868.4000,2868.6000,1,1,8,2,3,1,3,1,2,1
SF,IH2006,2020-06-17 09:44:43.200,2867.6000,20101,0,3043088400.000,0,-,-,-,-,2867.2000,2866.8000,2866.6000,2866.4000,2866.2000,2867.8000,2868.0000,2868.2000,2868.4000,2868.6000,1,1,8,2,3,1,3,1,2,1
SF,IH2006,2020-06-17 09:44:43.700,2867.2000,20100,-1,3043948560.000,1,0,1,双平,B,2866.8000,2866.6000,2866.4000,2866.2000,2866.0000,2867.2000,2867.6000,2867.8000,2868.0000,2868.2000,1,5,2,3,10,11,8,4,3,1
SF,IH2006,2020-06-17 09:44:44.200,2867.2000,20100,0,3043948560.000,0,-,-,-,-,2866.8000,2866.6000,2866.4000,2866.2000,2866.0000,2867.2000,2867.6000,2867.8000,2868.0000,2868.2000,1,2,2,3,10,1,5,1,3,1
SF,IH2006,2020-06-17 09:44:44.700,2866.8000,20100,0,3044808600.000,1,0,1,空换,B,2866.6000,2866.4000,2866.2000,2866.0000,2865.8000,2867.2000,2867.6000,2867.8000,2868.0000,2868.2000,2,2,3,10,1,2,5,1,3,1
SF,IH2006,2020-06-17 09:44:46.200,2866.8000,20100,0,3044808600.000,0,-,-,-,-,2866.6000,2866.4000,2866.2000,2866.0000,2865.8000,2867.2000,2867.6000,2867.8000,2868.0000,2868.2000,2,2,3,10,1,2,6,1,3,1
SF,IH2006,2020-06-17 09:44:46.700,2867.2000,20099,-1,3045668760.000,1,0,1,双平,B,2866.6000,2866.4000,2866.2000,2866.0000,2865.8000,2867.2000,2867.6000,2867.8000,2868.0000,2868.2000,2,2,3,10,1,1,6,1,3,1
SF,IH2006,2020-06-17 09:44:47.200,2867.2000,20099,0,3045668760.000,0,-,-,-,-,2866.6000,2866.4000,2866.2000,2866.0000,2865.8000,2866.8000,2867.2000,2867.6000,2867.8000,2868.0000,2,2,3,10,1,2,1,6,1,3
SF,IH2006,2020-06-17 09:44:47.700,2867.2000,20099,0,3045668760.000,0,-,-,-,-,2866.6000,2866.4000,2866.2000,2866.0000,2865.8000,2866.8000,2867.2000,2867.6000,2867.8000,2868.0000,2,1,3,10,1,2,1,6,1,3
SF,IH2006,2020-06-17 09:44:48.200,2866.6000,20098,-1,3047388720.000,2,0,2,空平,B,2866.4000,2866.2000,2866.0000,2865.8000,2865.6000,2866.6000,2866.8000,2867.2000,2867.6000,2867.8000,1,3,10,1,11,2,2,1,6,1
SF,IH2006,2020-06-17 09:44:48.700,2866.8000,20099,1,3049968720.000,3,2,1,多开,B,2867.0000,2866.2000,2866.0000,2865.8000,2865.6000,2867.2000,2867.6000,2867.8000,2868.0000,2868.2000,2,3,10,1,11,1,3,1,3,1
SF,IH2006,2020-06-17 09:44:49.200,2867.0000,20097,-2,3051688920.000,2,0,2,双平,B,2866.2000,2866.0000,2865.8000,2865.6000,2865.4000,2866.6000,2866.8000,2867.0000,2867.2000,2867.6000,3,10,1,11,5,5,12,18,1,2
SF,IH2006,2020-06-17 09:44:49.700,2866.8000,20097,0,3052548960.000,1,0,1,空换,B,2866.2000,2866.0000,2865.8000,2865.6000,2865.4000,2867.0000,2867.2000,2867.6000,2867.8000,2868.0000,3,10,1,11,5,16,1,1,1,3
SF,IH2006,2020-06-17 09:44:50.200,2866.4000,20097,0,3053408880.000,1,0,1,空换,B,2866.4000,2866.2000,2866.0000,2865.8000,2865.6000,2867.0000,2867.2000,2867.6000,2867.8000,2868.0000,1,3,10,1,11,19,1,1,2,3
SF,IH2006,2020-06-17 09:44:50.700,2866.4000,20097,0,3053408880.000,0,-,-,-,-,2866.4000,2866.2000,2866.0000,2865.8000,2865.6000,2866.8000,2867.0000,2867.2000,2867.6000,2867.8000,3,3,10,1,11,1,16,1,1,2
SF,IH2006,2020-06-17 09:44:51.200,2867.0000,20097,0,3055989120.000,3,1,2,空换,B,2866.4000,2866.2000,2866.0000,2865.8000,2865.6000,2867.0000,2867.2000,2867.6000,2867.8000,2868.0000,4,3,10,1,11,12,1,1,2,3
SF,IH2006,2020-06-17 09:44:51.700,2867.0000,20098,1,3056849220.000,1,1,0,双开,B,2866.8000,2866.6000,2866.4000,2866.2000,2866.0000,2867.0000,2867.2000,2867.6000,2867.8000,2868.0000,2,1,1,3,10,6,1,1,2,3
SF,IH2006,2020-06-17 09:44:52.200,2866.8000,20098,0,3058569300.000,2,1,1,空换,B,2866.6000,2866.4000,2866.2000,2866.0000,2865.8000,2867.0000,2867.2000,2867.6000,2867.8000,2868.0000,1,1,3,10,1,6,1,1,2,3
SF,IH2006,2020-06-17 09:44:52.700,2866.8000,20098,0,3058569300.000,0,-,-,-,-,2866.6000,2866.4000,2866.2000,2866.0000,2865.8000,2867.0000,2867.2000,2867.6000,2867.8000,2868.0000,1,1,3,10,1,7,1,1,2,3
SF,IH2006,2020-06-17 09:44:53.200,2866.8000,20098,0,3058569300.000,0,-,-,-,-,2866.6000,2866.4000,2866.2000,2866.0000,2865.8000,2867.0000,2867.2000,2867.6000,2867.8000,2868.0000,1,1,3,10,1,7,1,1,2,3
SF,IH2006,2020-06-17 09:44:54.200,2866.8000,20098,0,3058569300.000,0,-,-,-,-,2866.6000,2866.4000,2866.2000,2866.0000,2865.8000,2866.8000,2867.0000,2867.2000,2867.6000,2867.8000,2,1,3,10,1,1,7,1,1,2
SF,IH2006,2020-06-17 09:44:54.700,2866.8000,20099,1,3060289320.000,2,1,1,多开,B,2866.6000,2866.4000,2866.2000,2866.0000,2865.8000,2867.0000,2867.2000,2867.6000,2867.8000,2868.0000,1,1,3,10,1,7,1,1,2,3
SF,IH2006,2020-06-17 09:44:55.700,2866.8000,20099,0,3060289320.000,0,-,-,-,-,2866.6000,2866.4000,2866.2000,2866.0000,2865.8000,2867.0000,2867.2000,2867.6000,2867.8000,2868.0000,1,1,3,10,1,6,1,1,2,3
SF,IH2006,2020-06-17 09:44:56.200,2866.8000,20099,0,3060289320.000,0,-,-,-,-,2866.8000,2866.6000,2866.4000,2866.2000,2866.0000,2867.0000,2867.2000,2867.6000,2867.8000,2868.0000,1,1,1,3,10,6,1,1,2,3
SF,IH2006,2020-06-17 09:44:56.700,2866.8000,20100,1,3061149360.000,1,1,0,双开,B,2866.6000,2866.4000,2866.2000,2866.0000,2865.8000,2867.0000,2867.2000,2867.6000,2867.8000,2868.0000,1,1,3,10,1,6,1,1,2,3
SF,IH2006,2020-06-17 09:44:57.700,2867.8000,20097,-3,3069751080.000,10,3,7,空平,B,2867.4000,2867.0000,2866.8000,2866.6000,2866.4000,2868.0000,2868.2000,2868.4000,2868.6000,2868.8000,3,6,3,7,1,3,1,2,1,2
SF,IH2006,2020-06-17 09:44:58.200,2867.8000,20089,-8,3077493480.000,9,0,9,空平,B,2867.0000,2866.8000,2866.6000,2866.4000,2866.2000,2867.8000,2868.0000,2868.2000,2868.4000,2868.6000,1,1,4,1,3,2,4,1,2,1
SF,IH2006,2020-06-17 09:44:58.700,2867.8000,20089,0,3077493480.000,0,-,-,-,-,2867.0000,2866.8000,2866.6000,2866.4000,2866.2000,2867.6000,2867.8000,2868.0000,2868.2000,2868.4000,2,2,4,1,3,2,1,3,1,2
SF,IH2006,2020-06-17 09:44:59.200,2867.6000,20087,-2,3079214040.000,2,0,2,双平,B,2867.0000,2866.8000,2866.6000,2866.4000,2866.2000,2867.8000,2868.0000,2868.2000,2868.4000,2868.6000,2,2,4,1,3,2,3,1,2,1
SF,IH2006,2020-06-17 09:44:59.700,2867.0000,20086,-1,3080074140.000,1,0,1,双平,B,2867.2000,2867.0000,2866.8000,2866.6000,2866.4000,2867.8000,2868.0000,2868.2000,2868.4000,2868.6000,2,4,3,3,1,1,3,1,2,1
SF,IH2006,2020-06-17 09:45:00.200,2867.0000,20086,0,3080074140.000,0,-,-,-,-,2867.2000,2867.0000,2866.8000,2866.6000,2866.4000,2867.8000,2868.0000,2868.2000,2868.4000,2868.6000,1,3,3,1,1,1,3,1,2,1
SF,IH2006,2020-06-17 09:45:01.200,2867.0000,20086,0,3080074140.000,0,-,-,-,-,2867.2000,2867.0000,2866.8000,2866.6000,2866.4000,2867.8000,2868.0000,2868.2000,2868.4000,2868.6000,1,4,3,1,1,2,3,1,2,1
SF,IH2006,2020-06-17 09:45:01.700,2868.0000,20086,0,3083515680.000,4,2,2,空换,B,2867.8000,2867.6000,2867.4000,2867.2000,2867.0000,2868.2000,2868.4000,2868.6000,2868.8000,2869.0000,9,6,6,2,4,1,2,1,1,4
SF,IH2006,2020-06-17 09:45:02.200,2868.4000,20084,-2,3086097180.000,3,0,3,空平,B,2868.2000,2867.8000,2867.4000,2867.2000,2867.0000,2868.6000,2868.8000,2869.0000,2869.4000,2869.6000,3,3,6,1,4,1,1,4,1,1
SF,IH2006,2020-06-17 09:45:02.700,2868.8000,20085,1,3088678980.000,3,2,1,多开,B,2868.4000,2868.2000,2867.8000,2867.4000,2867.2000,2869.0000,2869.4000,2869.6000,2869.8000,2870.0000,5,1,3,6,1,4,1,2,7,5
SF,IH2006,2020-06-17 09:45:03.200,2869.0000,20082,-3,3092121780.000,4,0,4,空平,B,2869.2000,2868.8000,2868.4000,2868.2000,2867.8000,2869.4000,2869.6000,2869.8000,2870.0000,2870.8000,2,3,6,1,3,1,2,7,5,2
SF,IH2006,2020-06-17 09:45:03.700,2869.2000,20074,-8,3108475260.000,19,5,14,空平,B,2868.4000,2868.2000,2867.8000,2867.4000,2867.2000,2869.0000,2869.2000,2869.4000,2869.6000,2869.8000,1,1,3,6,1,1,2,1,2,7
SF,IH2006,2020-06-17 09:45:04.200,2869.2000,20070,-4,3111918300.000,4,0,4,双平,B,2869.2000,2868.4000,2868.2000,2867.8000,2867.4000,2869.4000,2869.6000,2869.8000,2870.0000,2870.8000,1,1,1,3,6,1,1,7,5,2
SF,IH2006,2020-06-17 09:45:04.700,2869.2000,20067,-3,3114500580.000,3,0,3,双平,B,2868.4000,2868.2000,2867.8000,2867.4000,2867.2000,2869.0000,2869.2000,2869.4000,2869.6000,2869.8000,1,1,3,1,1,1,5,1,1,7
SF,IH2006,2020-06-17 09:45:05.200,2869.2000,20067,0,3114500580.000,0,-,-,-,-,2868.4000,2868.2000,2867.8000,2867.4000,2867.2000,2869.0000,2869.2000,2869.4000,2869.6000,2869.8000,1,1,3,1,2,1,5,1,1,7
SF,IH2006,2020-06-17 09:45:05.700,2868.4000,20067,0,3115361100.000,1,0,1,空换,B,2868.2000,2868.0000,2867.8000,2867.4000,2867.2000,2868.4000,2869.2000,2869.4000,2869.6000,2869.8000,1,1,3,1,2,1,4,1,1,7
SF,IH2006,2020-06-17 09:45:06.200,2868.4000,20066,-1,3117082140.000,2,0,2,空平,B,2868.4000,2868.2000,2868.0000,2867.8000,2867.4000,2869.2000,2869.4000,2869.6000,2869.8000,2870.0000,20,1,1,3,1,2,2,1,7,5
SF,IH2006,2020-06-17 09:45:06.700,2868.6000,20065,-1,3119664240.000,3,1,2,空平,B,2868.4000,2868.2000,2868.0000,2867.8000,2867.2000,2868.8000,2869.0000,2869.4000,2869.6000,2869.8000,4,1,1,3,2,1,1,2,1,7
SF,IH2006,2020-06-17 09:45:07.200,2868.8000,20063,-2,3121385520.000,2,0,2,双平,B,2868.6000,2868.4000,2868.2000,2868.0000,2867.8000,2869.0000,2869.4000,2869.6000,2869.8000,2870.0000,1,5,1,1,3,1,2,1,7,6
SF,IH2006,2020-06-17 09:45:07.700,2868.8000,20063,0,3121385520.000,0,-,-,-,-,2868.6000,2868.4000,2868.2000,2868.0000,2867.8000,2869.0000,2869.4000,2869.6000,2869.8000,2870.0000,1,5,1,1,3,1,2,1,7,6
SF,IH2006,2020-06-17 09:45:08.200,2868.8000,20063,0,3121385520.000,0,-,-,-,-,2868.6000,2868.4000,2868.2000,2868.0000,2867.8000,2869.0000,2869.4000,2869.6000,2869.8000,2870.0000,1,5,1,1,3,1,2,1,7,5
SF,IH2006,2020-06-17 09:45:08.700,2868.6000,20062,-1,3122246100.000,1,0,1,双平,B,2868.4000,2868.2000,2868.0000,2867.8000,2867.6000,2869.0000,2869.4000,2869.6000,2869.8000,2870.0000,5,1,1,3,1,1,2,1,7,5
SF,IH2006,2020-06-17 09:45:09.200,2868.6000,20062,0,3122246100.000,0,-,-,-,-,2868.6000,2868.4000,2868.2000,2868.0000,2867.8000,2869.0000,2869.4000,2869.6000,2869.8000,2870.0000,1,5,1,1,4,3,2,1,7,5
SF,IH2006,2020-06-17 09:45:09.700,2868.6000,20062,0,3122246100.000,0,-,-,-,-,2868.6000,2868.4000,2868.2000,2868.0000,2867.8000,2869.0000,2869.4000,2869.6000,2869.8000,2870.0000,1,5,1,1,1,3,2,1,7,5
SF,IH2006,2020-06-17 09:45:10.200,2868.6000,20061,-1,3123106680.000,1,0,1,双平,B,2868.4000,2868.2000,2868.0000,2867.8000,2867.6000,2869.0000,2869.4000,2869.6000,2869.8000,2870.0000,5,1,1,1,1,3,2,1,7,5
SF,IH2006,2020-06-17 09:45:10.700,2868.4000,20061,0,3126548820.000,4,2,2,空换,B,2868.2000,2868.0000,2867.8000,2867.6000,2867.4000,2868.8000,2869.0000,2869.4000,2869.6000,2869.8000,1,1,1,1,1,1,3,2,1,7
SF,IH2006,2020-06-17 09:45:11.200,2869.0000,20059,-2,3128269980.000,2,0,2,双平,B,2868.8000,2868.4000,2868.2000,2868.0000,2867.8000,2869.0000,2869.4000,2869.6000,2869.8000,2870.0000,1,1,1,1,1,2,2,1,7,5
SF,IH2006,2020-06-17 09:45:11.700,2868.8000,20058,-1,3129991260.000,2,0,2,空平,B,2868.6000,2868.4000,2868.2000,2868.0000,2867.8000,2868.8000,2869.0000,2869.2000,2869.4000,2869.6000,1,1,1,1,1,5,2,1,2,1
SF,IH2006,2020-06-17 09:45:12.200,2868.6000,20059,1,3130851840.000,1,1,0,双开,B,2868.4000,2868.2000,2868.0000,2867.8000,2867.6000,2868.8000,2869.0000,2869.2000,2869.4000,2869.6000,1,1,1,1,1,3,2,1,2,1
SF,IH2006,2020-06-17 09:45:12.700,2868.6000,20059,0,3130851840.000,0,-,-,-,-,2868.4000,2868.2000,2868.0000,2867.8000,2867.6000,2868.8000,2869.0000,2869.2000,2869.4000,2869.6000,2,2,1,1,1,3,2,1,2,1
SF,IH2006,2020-06-17 09:45:13.200,2868.6000,20059,0,3130851840.000,0,-,-,-,-,2868.4000,2868.2000,2868.0000,2867.8000,2867.6000,2868.8000,2869.0000,2869.2000,2869.4000,2869.6000,3,1,1,1,1,1,2,1,2,1
SF,IH2006,2020-06-17 09:45:13.700,2868.6000,20059,0,3130851840.000,0,-,-,-,-,2868.4000,2868.2000,2868.0000,2867.8000,2867.6000,2868.8000,2869.0000,2869.2000,2869.4000,2869.6000,2,1,1,1,2,2,2,1,3,1
SF,IH2006,2020-06-17 09:45:14.200,2868.6000,20059,0,3130851840.000,0,-,-,-,-,2868.4000,2868.2000,2868.0000,2867.8000,2867.6000,2868.8000,2869.0000,2869.2000,2869.4000,2869.6000,3,1,1,1,2,2,3,1,3,1
SF,IH2006,2020-06-17 09:45:14.700,2868.6000,20059,0,3130851840.000,0,-,-,-,-,2868.4000,2868.2000,2868.0000,2867.8000,2867.6000,2868.8000,2869.0000,2869.2000,2869.4000,2869.6000,3,1,1,1,2,3,3,1,3,1
SF,IH2006,2020-06-17 09:45:15.200,2868.8000,20058,-1,3132573120.000,2,0,2,空平,B,2868.4000,2868.2000,2868.0000,2867.8000,2867.6000,2869.0000,2869.2000,2869.4000,2869.6000,2869.8000,3,1,1,1,2,3,1,3,1,8
SF,IH2006,2020-06-17 09:45:15.700,2869.0000,20057,-1,3133433820.000,1,0,1,双平,B,2868.8000,2868.4000,2868.2000,2868.0000,2867.8000,2869.0000,2869.2000,2869.4000,2869.6000,2869.8000,1,3,1,1,1,3,1,3,1,8
SF,IH2006,2020-06-17 09:45:16.200,2868.8000,20057,0,3134294460.000,1,0,1,空换,B,2868.4000,2868.2000,2868.0000,2867.8000,2867.6000,2868.6000,2869.0000,2869.2000,2869.4000,2869.6000,3,1,1,1,2,1,3,1,3,1
SF,IH2006,2020-06-17 09:45:16.700,2868.4000,20058,1,3135154980.000,1,1,0,双开,B,2868.4000,2868.2000,2868.0000,2867.8000,2867.6000,2868.6000,2869.0000,2869.2000,2869.4000,2869.6000,2,1,1,1,2,1,3,1,3,1
SF,IH2006,2020-06-17 09:45:17.200,2868.4000,20057,-1,3136015500.000,1,0,1,双平,B,2868.4000,2868.2000,2868.0000,2867.8000,2867.6000,2868.6000,2869.0000,2869.2000,2869.4000,2869.6000,1,1,1,1,2,1,3,1,3,1
SF,IH2006,2020-06-17 09:45:18.200,2868.6000,20056,-1,3136876080.000,1,0,1,双平,B,2868.4000,2868.2000,2868.0000,2867.8000,2867.6000,2869.0000,2869.2000,2869.4000,2869.6000,2869.8000,1,1,1,1,2,4,1,3,1,8
SF,IH2006,2020-06-17 09:45:18.700,2869.0000,20054,-2,3139458180.000,3,0,3,空平,B,2868.4000,2868.2000,2868.0000,2867.8000,2867.6000,2869.0000,2869.2000,2869.4000,2869.6000,2869.8000,2,2,1,1,2,1,1,3,2,8
SF,IH2006,2020-06-17 09:45:19.200,2869.0000,20054,0,3140318880.000,1,0,1,空换,B,2868.6000,2868.4000,2868.2000,2868.0000,2867.8000,2869.0000,2869.2000,2869.4000,2869.6000,2869.8000,3,2,2,1,1,1,1,3,2,8
SF,IH2006,2020-06-17 09:45:19.700,2869.0000,20055,1,3141179580.000,1,1,0,双开,B,2869.0000,2868.6000,2868.4000,2868.2000,2868.0000,2869.2000,2869.4000,2869.6000,2869.8000,2870.0000,1,4,2,2,1,1,3,2,8,5
SF,IH2006,2020-06-17 09:45:20.200,2869.0000,20055,0,3141179580.000,0,-,-,-,-,2869.0000,2868.6000,2868.4000,2868.2000,2868.0000,2869.2000,2869.4000,2869.6000,2869.8000,2870.0000,1,1,4,2,1,1,3,2,8,5
SF,IH2006,2020-06-17 09:45:20.700,2869.0000,20054,-1,3142040280.000,1,0,1,双平,B,2868.6000,2868.4000,2868.2000,2868.0000,2867.8000,2869.0000,2869.2000,2869.4000,2869.6000,2869.8000,1,4,2,1,1,1,1,3,2,8
SF,IH2006,2020-06-17 09:45:21.200,2869.0000,20054,0,3142040280.000,0,-,-,-,-,2868.6000,2868.4000,2868.2000,2868.0000,2867.8000,2869.0000,2869.2000,2869.4000,2869.6000,2869.8000,1,4,2,1,1,1,1,3,2,8
SF,IH2006,2020-06-17 09:45:21.700,2868.6000,20053,-1,3142900860.000,1,0,1,双平,B,2868.4000,2868.2000,2868.0000,2867.8000,2867.6000,2869.0000,2869.2000,2869.4000,2869.6000,2869.8000,4,2,1,1,2,1,1,3,2,8
SF,IH2006,2020-06-17 09:45:22.200,2868.6000,20053,0,3142900860.000,0,-,-,-,-,2868.8000,2868.6000,2868.4000,2868.2000,2868.0000,2869.0000,2869.2000,2869.4000,2869.6000,2869.8000,2,1,5,2,1,2,1,3,2,8
SF,IH2006,2020-06-17 09:45:22.700,2868.6000,20053,0,3142900860.000,0,-,-,-,-,2868.8000,2868.6000,2868.4000,2868.2000,2868.0000,2869.0000,2869.2000,2869.4000,2869.6000,2869.8000,2,1,4,2,1,2,1,3,2,8
SF,IH2006,2020-06-17 09:45:23.200,2869.0000,20053,0,3144622260.000,2,1,1,空换,B,2868.8000,2868.6000,2868.4000,2868.2000,2868.0000,2869.2000,2869.4000,2869.6000,2869.8000,2870.0000,2,1,4,2,1,1,3,2,8,5
SF,IH2006,2020-06-17 09:45:23.700,2869.0000,20053,0,3144622260.000,0,-,-,-,-,2868.8000,2868.6000,2868.4000,2868.2000,2868.0000,2869.2000,2869.4000,2869.6000,2869.8000,2870.0000,2,2,4,2,1,1,3,2,8,5
SF,IH2006,2020-06-17 09:45:24.200,2869.2000,20053,0,3145483020.000,1,0,1,空换,B,2868.8000,2868.6000,2868.4000,2868.2000,2868.0000,2869.4000,2869.6000,2869.8000,2870.0000,2870.8000,2,2,4,2,1,3,2,8,5,2
SF,IH2006,2020-06-17 09:45:24.700,2869.0000,20051,-2,3147204540.000,2,0,2,双平,B,2868.8000,2868.6000,2868.4000,2868.2000,2868.0000,2869.4000,2869.6000,2869.8000,2870.0000,2870.8000,3,1,3,2,1,2,2,8,5,2
SF,IH2006,2020-06-17 09:45:25.200,2869.0000,20051,0,3147204540.000,0,-,-,-,-,2869.0000,2868.8000,2868.6000,2868.4000,2868.2000,2869.4000,2869.6000,2869.8000,2870.0000,2870.8000,4,5,1,3,2,2,2,8,5,2
SF,IH2006,2020-06-17 09:45:26.200,2869.0000,20051,0,3147204540.000,0,-,-,-,-,2869.0000,2868.8000,2868.6000,2868.4000,2868.2000,2869.4000,2869.6000,2869.8000,2870.0000,2870.8000,4,5,1,3,2,2,2,8,5,2
SF,IH2006,2020-06-17 09:45:26.700,2869.4000,20051,0,3148065360.000,1,0,1,空换,B,2869.2000,2869.0000,2868.8000,2868.6000,2868.4000,2869.4000,2869.6000,2869.8000,2870.0000,2870.8000,2,1,3,1,3,1,3,8,6,2
SF,IH2006,2020-06-17 09:45:27.200,2869.2000,20049,-2,3149786880.000,2,0,2,双平,B,2869.0000,2868.8000,2868.6000,2868.4000,2868.2000,2869.4000,2869.6000,2869.8000,2870.0000,2870.8000,1,3,1,3,2,1,3,8,6,2
SF,IH2006,2020-06-17 09:45:27.700,2869.4000,20049,0,3152369400.000,3,1,2,空换,B,2869.0000,2868.8000,2868.6000,2868.4000,2868.2000,2869.6000,2869.8000,2870.0000,2870.8000,2871.0000,1,4,1,3,2,2,8,6,2,2
SF,IH2006,2020-06-17 09:45:28.200,2869.4000,20049,0,3152369400.000,0,-,-,-,-,2869.0000,2868.8000,2868.6000,2868.4000,2868.2000,2869.6000,2869.8000,2870.0000,2870.8000,2871.0000,2,3,1,3,2,2,8,6,2,2
SF,IH2006,2020-06-17 09:45:28.700,2869.0000,20048,-1,3153230100.000,1,0,1,双平,B,2869.0000,2868.8000,2868.6000,2868.4000,2868.2000,2869.4000,2869.6000,2869.8000,2870.0000,2870.8000,1,3,1,3,2,1,3,8,6,2
SF,IH2006,2020-06-17 09:45:29.200,2869.0000,20048,0,3153230100.000,0,-,-,-,-,2868.8000,2868.6000,2868.4000,2868.2000,2868.0000,2869.4000,2869.6000,2869.8000,2870.0000,2870.8000,3,1,3,2,1,1,3,8,6,2
SF,IH2006,2020-06-17 09:45:29.700,2869.0000,20048,0,3153230100.000,0,-,-,-,-,2868.8000,2868.6000,2868.4000,2868.2000,2868.0000,2869.2000,2869.4000,2869.6000,2869.8000,2870.0000,1,1,8,2,1,2,2,3,8,6
SF,IH2006,2020-06-17 09:45:30.200,2869.0000,20048,0,3153230100.000,0,-,-,-,-,2868.8000,2868.6000,2868.4000,2868.2000,2868.0000,2869.2000,2869.4000,2869.6000,2869.8000,2870.0000,2,1,8,2,1,2,2,3,8,6
SF,IH2006,2020-06-17 09:45:30.700,2868.8000,20048,0,3154090740.000,1,0,1,空换,B,2868.8000,2868.6000,2868.4000,2868.2000,2868.0000,2869.2000,2869.4000,2869.6000,2869.8000,2870.0000,2,1,8,2,1,1,3,3,8,6
SF,IH2006,2020-06-17 09:45:31.200,2868.8000,20048,0,3154951380.000,1,0,1,空换,B,2869.0000,2868.8000,2868.6000,2868.4000,2868.2000,2869.2000,2869.4000,2869.6000,2869.8000,2870.0000,3,1,1,8,2,1,3,3,8,6
SF,IH2006,2020-06-17 09:45:31.700,2869.2000,20048,0,3155812140.000,1,0,1,空换,B,2869.0000,2868.8000,2868.6000,2868.4000,2868.2000,2869.4000,2869.6000,2869.8000,2870.0000,2870.8000,5,1,1,8,2,3,3,8,6,2
SF,IH2006,2020-06-17 09:45:32.200,2869.2000,20048,0,3155812140.000,0,-,-,-,-,2869.0000,2868.8000,2868.6000,2868.4000,2868.2000,2869.2000,2869.4000,2869.6000,2869.8000,2870.0000,6,1,1,8,2,1,2,3,8,6
SF,IH2006,2020-06-17 09:45:32.700,2869.2000,20048,0,3156672900.000,1,0,1,空换,B,2869.2000,2869.0000,2868.8000,2868.6000,2868.4000,2869.4000,2869.6000,2869.8000,2870.0000,2870.8000,1,6,1,1,8,3,3,8,6,2
SF,IH2006,2020-06-17 09:45:33.200,2869.2000,20048,0,3156672900.000,0,-,-,-,-,2869.2000,2869.0000,2868.8000,2868.6000,2868.4000,2869.4000,2869.6000,2869.8000,2870.0000,2870.8000,4,6,1,1,8,4,3,8,6,2
SF,IH2006,2020-06-17 09:45:33.700,2869.2000,20048,0,3156672900.000,0,-,-,-,-,2869.2000,2869.0000,2868.8000,2868.6000,2868.4000,2869.4000,2869.6000,2869.8000,2870.0000,2870.8000,4,5,1,1,8,5,3,8,6,2
SF,IH2006,2020-06-17 09:45:34.200,2869.2000,20048,0,3157533660.000,1,0,1,空换,B,2869.2000,2869.0000,2868.8000,2868.6000,2868.4000,2869.4000,2869.6000,2869.8000,2870.0000,2870.8000,3,5,1,1,8,5,3,8,6,2
SF,IH2006,2020-06-17 09:45:34.700,2869.0000,20045,-3,3161837340.000,5,1,4,空平,B,2869.0000,2868.8000,2868.6000,2868.4000,2868.2000,2869.2000,2869.4000,2869.6000,2869.8000,2870.0000,3,1,1,8,2,1,5,3,8,6
SF,IH2006,2020-06-17 09:45:35.200,2869.0000,20045,0,3162698040.000,1,0,1,空换,B,2868.8000,2868.6000,2868.4000,2868.2000,2868.0000,2869.4000,2869.6000,2869.8000,2870.0000,2870.8000,1,1,8,2,1,5,3,8,6,2
SF,IH2006,2020-06-17 09:45:35.700,2869.0000,20045,0,3162698040.000,0,-,-,-,-,2868.8000,2868.6000,2868.4000,2868.2000,2868.0000,2869.4000,2869.6000,2869.8000,2870.0000,2870.8000,3,1,8,2,1,5,3,8,6,2
SF,IH2006,2020-06-17 09:45:36.200,2868.8000,20045,0,3163558680.000,1,0,1,空换,B,2869.0000,2868.8000,2868.6000,2868.4000,2868.2000,2869.4000,2869.6000,2869.8000,2870.0000,2870.8000,1,2,1,8,2,5,3,8,6,2
SF,IH2006,2020-06-17 09:45:36.700,2868.8000,20045,0,3163558680.000,0,-,-,-,-,2869.0000,2868.8000,2868.6000,2868.4000,2868.2000,2869.2000,2869.4000,2869.6000,2869.8000,2870.0000,1,1,1,8,2,1,6,3,8,6
SF,IH2006,2020-06-17 09:45:37.200,2868.8000,20045,0,3165280020.000,2,1,1,空换,B,2868.6000,2868.4000,2868.2000,2868.0000,2867.8000,2869.0000,2869.2000,2869.4000,2869.6000,2869.8000,1,8,2,1,1,2,1,6,3,8
SF,IH2006,2020-06-17 09:45:37.700,2868.8000,20045,0,3165280020.000,0,-,-,-,-,2868.6000,2868.4000,2868.2000,2868.0000,2867.8000,2869.0000,2869.2000,2869.4000,2869.6000,2869.8000,1,8,2,1,1,4,1,6,3,8
SF,IH2006,2020-06-17 09:45:38.200,2868.8000,20045,0,3167001240.000,2,1,1,空换,B,2868.4000,2868.2000,2868.0000,2867.8000,2867.6000,2868.6000,2868.8000,2869.0000,2869.2000,2869.4000,8,1,1,1,2,1,1,4,1,6
SF,IH2006,2020-06-17 09:45:38.700,2868.4000,20044,-1,3168722280.000,2,0,2,空平,B,2868.4000,2868.2000,2868.0000,2867.8000,2867.6000,2868.6000,2868.8000,2869.0000,2869.2000,2869.4000,6,1,1,1,2,1,1,3,1,6
SF,IH2006,2020-06-17 09:45:39.700,2868.4000,20044,0,3168722280.000,0,-,-,-,-,2868.4000,2868.2000,2868.0000,2867.8000,2867.6000,2868.6000,2868.8000,2869.0000,2869.2000,2869.4000,6,1,1,1,2,1,1,4,1,6
SF,IH2006,2020-06-17 09:45:40.700,2868.4000,20041,-3,3171303840.000,3,0,3,双平,B,2868.4000,2868.2000,2868.0000,2867.8000,2867.6000,2868.6000,2868.8000,2869.0000,2869.2000,2869.4000,3,1,1,1,2,1,1,4,1,6
SF,IH2006,2020-06-17 09:45:41.200,2868.4000,20041,0,3171303840.000,0,-,-,-,-,2868.4000,2868.2000,2868.0000,2867.8000,2867.6000,2868.8000,2869.0000,2869.2000,2869.4000,2869.6000,3,1,1,1,2,1,4,1,6,3
SF,IH2006,2020-06-17 09:45:41.700,2868.4000,20041,0,3171303840.000,0,-,-,-,-,2868.4000,2868.2000,2868.0000,2867.8000,2867.6000,2868.6000,2868.8000,2869.0000,2869.2000,2869.4000,3,1,1,1,2,1,2,4,1,6
SF,IH2006,2020-06-17 09:45:42.700,2868.4000,20041,0,3171303840.000,0,-,-,-,-,2868.4000,2868.2000,2868.0000,2867.8000,2867.6000,2868.6000,2868.8000,2869.0000,2869.2000,2869.4000,4,1,1,1,2,1,2,4,1,5
SF,IH2006,2020-06-17 09:45:43.200,2868.4000,20041,0,3171303840.000,0,-,-,-,-,2868.4000,2868.2000,2868.0000,2867.8000,2867.6000,2868.6000,2868.8000,2869.0000,2869.2000,2869.4000,4,1,1,1,2,1,5,4,1,5
SF,IH2006,2020-06-17 09:45:43.700,2868.6000,20041,0,3172164420.000,1,0,1,空换,B,2868.4000,2868.2000,2868.0000,2867.8000,2867.6000,2868.8000,2869.0000,2869.2000,2869.4000,2869.6000,5,1,1,1,2,3,3,1,5,2
SF,IH2006,2020-06-17 09:45:44.200,2868.6000,20041,0,3172164420.000,0,-,-,-,-,2868.4000,2868.2000,2868.0000,2867.8000,2867.6000,2868.8000,2869.0000,2869.2000,2869.4000,2869.6000,5,1,1,1,2,3,3,1,5,2
SF,IH2006,2020-06-17 09:45:44.700,2868.6000,20041,0,3172164420.000,0,-,-,-,-,2868.6000,2868.4000,2868.2000,2868.0000,2867.8000,2868.8000,2869.0000,2869.2000,2869.4000,2869.6000,1,6,1,1,1,4,3,1,5,2
SF,IH2006,2020-06-17 09:45:45.200,2868.6000,20041,0,3172164420.000,0,-,-,-,-,2868.6000,2868.4000,2868.2000,2868.0000,2867.8000,2868.8000,2869.0000,2869.2000,2869.4000,2869.6000,1,6,1,1,1,5,2,1,5,2
SF,IH2006,2020-06-17 09:45:46.200,2868.6000,20041,0,3173025000.000,1,0,1,空换,B,2868.4000,2868.2000,2868.0000,2867.8000,2867.6000,2868.8000,2869.0000,2869.2000,2869.4000,2869.6000,6,1,1,1,2,5,2,1,5,2
SF,IH2006,2020-06-17 09:45:47.200,2868.6000,20041,0,3173025000.000,0,-,-,-,-,2868.4000,2868.2000,2868.0000,2867.8000,2867.6000,2868.8000,2869.0000,2869.2000,2869.4000,2869.6000,6,1,1,1,2,5,2,1,5,2
SF,IH2006,2020-06-17 09:45:49.200,2868.4000,20036,-5,3178188120.000,6,0,6,空平,B,2868.2000,2868.0000,2867.8000,2867.6000,2867.4000,2868.8000,2869.0000,2869.2000,2869.4000,2869.6000,1,1,1,2,1,5,2,1,5,2
SF,IH2006,2020-06-17 09:45:49.700,2868.2000,20035,-1,3179909040.000,2,0,2,空平,B,2868.0000,2867.8000,2867.6000,2867.4000,2867.2000,2868.2000,2868.6000,2868.8000,2869.0000,2869.2000,1,1,2,1,2,1,7,5,2,1
SF,IH2006,2020-06-17 09:45:50.200,2868.6000,20034,-1,3181630020.000,2,0,2,空平,B,2868.4000,2868.2000,2867.8000,2867.6000,2867.4000,2868.6000,2868.8000,2869.0000,2869.2000,2869.4000,1,3,1,2,1,7,5,2,1,5
SF,IH2006,2020-06-17 09:45:50.700,2868.4000,20037,3,3185932440.000,5,4,1,多开,B,2867.8000,2867.6000,2867.4000,2867.2000,2867.0000,2868.4000,2868.6000,2868.8000,2869.0000,2869.2000,1,2,1,2,2,5,2,5,2,1
SF,IH2006,2020-06-17 09:45:51.200,2868.4000,20037,0,3185932440.000,0,-,-,-,-,2867.8000,2867.6000,2867.4000,2867.2000,2867.0000,2868.4000,2868.6000,2868.8000,2869.0000,2869.2000,2,2,1,2,2,5,2,5,2,1
SF,IH2006,2020-06-17 09:45:51.700,2868.4000,20037,0,3185932440.000,0,-,-,-,-,2867.8000,2867.6000,2867.4000,2867.2000,2867.0000,2868.4000,2868.6000,2868.8000,2869.0000,2869.2000,2,3,1,2,2,5,2,5,2,1
SF,IH2006,2020-06-17 09:45:52.200,2868.4000,20037,0,3185932440.000,0,-,-,-,-,2867.8000,2867.6000,2867.4000,2867.2000,2867.0000,2868.4000,2868.6000,2868.8000,2869.0000,2869.2000,2,3,1,2,2,5,2,5,2,1
SF,IH2006,2020-06-17 09:45:52.700,2867.8000,20037,0,3186792780.000,1,0,1,空换,B,2867.8000,2867.6000,2867.4000,2867.2000,2867.0000,2868.4000,2868.6000,2868.8000,2869.0000,2869.2000,1,3,1,2,2,6,2,5,2,1
SF,IH2006,2020-06-17 09:45:53.200,2867.8000,20037,0,3187653120.000,1,0,1,空换,B,2867.6000,2867.4000,2867.2000,2867.0000,2866.8000,2868.0000,2868.2000,2868.4000,2868.6000,2868.8000,3,1,2,2,3,1,1,6,1,5
SF,IH2006,2020-06-17 09:45:53.700,2867.6000,20038,1,3188513400.000,1,1,0,双开,B,2867.6000,2867.4000,2867.2000,2867.0000,2866.8000,2868.2000,2868.4000,2868.6000,2868.8000,2869.0000,2,1,2,2,3,1,6,1,2,2
SF,IH2006,2020-06-17 09:45:54.200,2867.6000,20038,0,3190233960.000,2,1,1,空换,B,2867.4000,2867.2000,2867.0000,2866.8000,2866.6000,2867.6000,2867.8000,2868.0000,2868.2000,2868.4000,1,2,2,3,10,1,2,5,1,3
SF,IH2006,2020-06-17 09:45:54.700,2867.6000,20039,1,3191094240.000,1,1,0,双开,B,2867.6000,2867.4000,2867.2000,2867.0000,2866.8000,2867.8000,2868.0000,2868.2000,2868.4000,2868.6000,3,1,2,2,3,1,5,1,3,1
SF,IH2006,2020-06-17 09:45:55.200,2867.8000,20038,-1,3191954580.000,1,0,1,双平,B,2867.8000,2867.6000,2867.4000,2867.2000,2867.0000,2868.0000,2868.2000,2868.4000,2868.6000,2868.8000,1,1,1,2,2,5,2,3,1,2
SF,IH2006,2020-06-17 09:45:55.700,2867.8000,20038,0,3192814920.000,1,0,1,空换,B,2867.4000,2867.2000,2867.0000,2866.8000,2866.6000,2868.0000,2868.2000,2868.4000,2868.6000,2868.8000,1,2,2,3,10,3,2,3,1,2
SF,IH2006,2020-06-17 09:45:56.200,2868.0000,20035,-3,3195396120.000,3,0,3,双平,B,2868.0000,2867.6000,2867.4000,2867.2000,2867.0000,2868.2000,2868.4000,2868.6000,2868.8000,2869.0000,1,2,3,2,2,1,3,1,2,2
SF,IH2006,2020-06-17 09:45:56.700,2868.0000,20035,0,3195396120.000,0,-,-,-,-,2867.6000,2867.4000,2867.2000,2867.0000,2866.8000,2868.2000,2868.4000,2868.6000,2868.8000,2869.0000,3,4,2,2,3,1,3,1,2,2
SF,IH2006,2020-06-17 09:45:57.200,2868.0000,20035,0,3195396120.000,0,-,-,-,-,2867.8000,2867.6000,2867.4000,2867.2000,2867.0000,2868.2000,2868.4000,2868.6000,2868.8000,2869.0000,1,3,4,2,2,1,3,1,2,2
SF,IH2006,2020-06-17 09:45:57.700,2868.2000,20036,1,3196256580.000,1,1,0,双开,B,2868.2000,2867.8000,2867.6000,2867.4000,2867.2000,2868.4000,2868.6000,2868.8000,2869.0000,2869.2000,1,1,4,4,2,2,1,2,2,1
SF,IH2006,2020-06-17 09:45:58.200,2868.2000,20035,-1,3197117040.000,1,0,1,双平,B,2867.8000,2867.6000,2867.4000,2867.2000,2867.0000,2868.4000,2868.6000,2868.8000,2869.0000,2869.2000,1,4,3,2,2,2,1,2,2,1
SF,IH2006,2020-06-17 09:45:58.700,2868.2000,20035,0,3197117040.000,0,-,-,-,-,2867.8000,2867.6000,2867.4000,2867.2000,2867.0000,2868.4000,2868.6000,2868.8000,2869.0000,2869.2000,1,4,3,2,2,1,1,2,2,1
SF,IH2006,2020-06-17 09:45:59.200,2868.2000,20035,0,3197117040.000,0,-,-,-,-,2867.8000,2867.6000,2867.4000,2867.2000,2867.0000,2868.4000,2868.6000,2868.8000,2869.0000,2869.2000,2,4,3,2,2,1,1,2,2,1
SF,IH2006,2020-06-17 09:45:59.700,2868.2000,20035,0,3197117040.000,0,-,-,-,-,2867.8000,2867.6000,2867.4000,2867.2000,2867.0000,2868.4000,2868.6000,2868.8000,2869.0000,2869.2000,2,4,3,2,2,2,1,2,2,1
SF,IH2006,2020-06-17 09:46:00.200,2868.6000,20034,-1,3199698660.000,3,1,2,空平,B,2868.6000,2867.8000,2867.6000,2867.4000,2867.2000,2868.8000,2869.0000,2869.2000,2869.4000,2869.6000,1,3,4,3,2,2,2,1,3,2
SF,IH2006,2020-06-17 09:46:00.700,2867.8000,20031,-3,3203140500.000,4,0,4,空平,B,2867.8000,2867.6000,2867.4000,2867.2000,2867.0000,2868.2000,2868.4000,2868.6000,2868.8000,2869.0000,1,3,3,2,2,1,1,6,2,2
SF,IH2006,2020-06-17 09:46:01.200,2868.2000,20026,-5,3208303320.000,6,0,6,空平,B,2868.0000,2867.8000,2867.6000,2867.4000,2867.2000,2868.8000,2869.0000,2869.2000,2869.4000,2869.6000,1,2,2,3,2,2,2,1,3,2
SF,IH2006,2020-06-17 09:46:01.700,2868.2000,20026,0,3209163780.000,1,0,1,空换,B,2868.2000,2868.0000,2867.8000,2867.6000,2867.4000,2868.8000,2869.0000,2869.2000,2869.4000,2869.6000,1,3,2,1,3,3,2,1,3,2
SF,IH2006,2020-06-17 09:46:02.200,2868.2000,20026,0,3211745520.000,3,1,2,空换,B,2868.2000,2868.0000,2867.8000,2867.6000,2867.4000,2868.6000,2868.8000,2869.0000,2869.2000,2869.4000,1,3,1,1,3,1,3,2,1,3
SF,IH2006,2020-06-17 09:46:02.700,2868.0000,20024,-2,3213466380.000,2,0,2,双平,B,2868.0000,2867.8000,2867.6000,2867.4000,2867.2000,2868.6000,2868.8000,2869.0000,2869.2000,2869.4000,2,1,1,3,2,1,3,2,1,3
SF,IH2006,2020-06-17 09:46:03.200,2868.0000,20023,-1,3214326780.000,1,0,1,双平,B,2868.0000,2867.8000,2867.6000,2867.4000,2867.2000,2868.6000,2868.8000,2869.0000,2869.2000,2869.4000,1,1,1,3,2,1,3,2,1,3
SF,IH2006,2020-06-17 09:46:03.700,2868.0000,20023,0,3215187180.000,1,0,1,空换,B,2868.4000,2867.8000,2867.6000,2867.4000,2867.2000,2868.6000,2868.8000,2869.0000,2869.2000,2869.4000,2,1,1,3,2,2,3,2,1,3
SF,IH2006,2020-06-17 09:46:04.200,2868.4000,20022,-1,3216047700.000,1,0,1,双平,B,2868.4000,2867.8000,2867.6000,2867.4000,2867.2000,2868.6000,2868.8000,2869.0000,2869.2000,2869.4000,1,1,1,3,2,1,1,2,1,3
SF,IH2006,2020-06-17 09:46:04.700,2868.4000,20021,-1,3216908220.000,1,0,1,双平,B,2868.2000,2867.8000,2867.6000,2867.4000,2867.2000,2868.6000,2868.8000,2869.0000,2869.2000,2869.4000,2,1,1,3,2,1,1,2,1,3
SF,IH2006,2020-06-17 09:46:05.200,2868.2000,20021,0,3217768680.000,1,0,1,空换,B,2868.2000,2867.8000,2867.6000,2867.4000,2867.2000,2868.6000,2868.8000,2869.0000,2869.2000,2869.4000,1,2,1,3,2,1,1,2,1,3
SF,IH2006,2020-06-17 09:46:05.700,2868.2000,20021,0,3217768680.000,0,-,-,-,-,2868.2000,2867.8000,2867.6000,2867.4000,2867.2000,2868.6000,2868.8000,2869.0000,2869.2000,2869.4000,1,2,1,3,2,2,1,2,1,3
SF,IH2006,2020-06-17 09:46:06.200,2868.2000,20021,0,3217768680.000,0,-,-,-,-,2868.2000,2867.8000,2867.6000,2867.4000,2867.2000,2868.6000,2868.8000,2869.0000,2869.2000,2869.4000,1,2,3,3,2,3,1,2,1,3
SF,IH2006,2020-06-17 09:46:06.700,2868.2000,20021,0,3217768680.000,0,-,-,-,-,2868.2000,2867.8000,2867.6000,2867.4000,2867.2000,2868.6000,2868.8000,2869.0000,2869.2000,2869.4000,1,2,3,3,2,1,1,2,1,3
SF,IH2006,2020-06-17 09:46:07.200,2868.4000,20020,-1,3218629200.000,1,0,1,双平,B,2868.2000,2868.0000,2867.8000,2867.6000,2867.4000,2868.6000,2868.8000,2869.0000,2869.2000,2869.4000,1,1,2,3,3,2,1,2,1,3
SF,IH2006,2020-06-17 09:46:07.700,2868.4000,20020,0,3218629200.000,0,-,-,-,-,2868.2000,2868.0000,2867.8000,2867.6000,2867.4000,2868.6000,2868.8000,2869.0000,2869.2000,2869.4000,1,2,2,3,3,3,1,2,1,3
SF,IH2006,2020-06-17 09:46:08.200,2868.4000,20020,0,3218629200.000,0,-,-,-,-,2868.2000,2868.0000,2867.8000,2867.6000,2867.4000,2868.6000,2868.8000,2869.0000,2869.2000,2869.4000,1,2,2,3,3,3,1,2,1,3
SF,IH2006,2020-06-17 09:46:08.700,2868.2000,20020,0,3219489660.000,1,0,1,空换,B,2868.0000,2867.8000,2867.6000,2867.4000,2867.2000,2868.6000,2868.8000,2869.0000,2869.2000,2869.4000,2,2,3,3,2,3,1,2,1,3
SF,IH2006,2020-06-17 09:46:09.200,2868.2000,20020,0,3219489660.000,0,-,-,-,-,2868.2000,2868.0000,2867.8000,2867.6000,2867.4000,2868.6000,2868.8000,2869.0000,2869.2000,2869.4000,1,3,1,3,2,2,1,2,1,3
SF,IH2006,2020-06-17 09:46:09.700,2868.2000,20020,0,3219489660.000,0,-,-,-,-,2868.2000,2868.0000,2867.8000,2867.6000,2867.4000,2868.4000,2868.6000,2868.8000,2869.0000,2869.2000,1,3,1,3,2,1,2,1,2,1
SF,IH2006,2020-06-17 09:46:10.700,2868.2000,20020,0,3220350120.000,1,0,1,空换,B,2868.0000,2867.8000,2867.6000,2867.4000,2867.2000,2868.4000,2868.6000,2868.8000,2869.0000,2869.2000,3,1,3,2,2,1,2,1,2,1
SF,IH2006,2020-06-17 09:46:11.200,2868.0000,20019,-1,3221210520.000,1,0,1,双平,B,2868.0000,2867.8000,2867.6000,2867.4000,2867.2000,2868.4000,2868.6000,2868.8000,2869.0000,2869.2000,1,1,3,2,2,2,2,1,2,1
SF,IH2006,2020-06-17 09:46:11.700,2868.0000,20019,0,3221210520.000,0,-,-,-,-,2868.0000,2867.8000,2867.6000,2867.4000,2867.2000,2868.2000,2868.4000,2868.6000,2868.8000,2869.0000,1,1,3,2,2,5,1,2,1,2
SF,IH2006,2020-06-17 09:46:12.200,2868.0000,20019,0,3222070920.000,1,0,1,空换,B,2867.8000,2867.6000,2867.4000,2867.2000,2867.0000,2868.2000,2868.4000,2868.6000,2868.8000,2869.0000,1,3,2,2,2,5,1,2,1,2
SF,IH2006,2020-06-17 09:46:12.700,2868.0000,20019,0,3222070920.000,0,-,-,-,-,2867.8000,2867.6000,2867.4000,2867.2000,2867.0000,2868.2000,2868.4000,2868.6000,2868.8000,2869.0000,1,3,2,2,2,5,1,2,1,2
SF,IH2006,2020-06-17 09:46:13.200,2867.6000,20021,2,3224651820.000,3,2,1,多开,B,2867.6000,2867.4000,2867.2000,2867.0000,2866.8000,2868.2000,2868.4000,2868.6000,2868.8000,2869.0000,1,2,2,2,2,5,1,2,1,2
SF,IH2006,2020-06-17 09:46:13.700,2867.6000,20021,0,3224651820.000,0,-,-,-,-,2867.6000,2867.4000,2867.2000,2867.0000,2866.8000,2868.2000,2868.4000,2868.6000,2869.0000,2869.2000,2,1,2,2,2,6,1,5,2,1
SF,IH2006,2020-06-17 09:46:14.200,2867.6000,20021,0,3224651820.000,0,-,-,-,-,2867.6000,2867.4000,2867.2000,2867.0000,2866.8000,2868.2000,2868.4000,2868.6000,2869.0000,2869.2000,1,1,2,2,2,7,1,5,2,1
SF,IH2006,2020-06-17 09:46:14.700,2867.6000,20020,-1,3226372500.000,2,0,2,空平,B,2867.4000,2867.2000,2867.0000,2866.8000,2866.6000,2868.0000,2868.2000,2868.4000,2868.6000,2869.0000,1,2,2,2,11,1,7,1,4,2
SF,IH2006,2020-06-17 09:46:15.200,2868.0000,20019,-1,3227232900.000,1,0,1,双平,B,2867.4000,2867.2000,2867.0000,2866.8000,2866.6000,2868.2000,2868.4000,2868.6000,2869.0000,2869.2000,2,2,2,2,11,7,1,4,2,1
SF,IH2006,2020-06-17 09:46:15.700,2868.0000,20019,0,3227232900.000,0,-,-,-,-,2867.6000,2867.4000,2867.2000,2867.0000,2866.8000,2868.0000,2868.2000,2868.4000,2868.6000,2869.0000,1,4,2,2,2,1,2,1,4,2
SF,IH2006,2020-06-17 09:46:16.200,2868.0000,20019,0,3227232900.000,0,-,-,-,-,2867.6000,2867.4000,2867.2000,2867.0000,2866.8000,2868.0000,2868.2000,2868.4000,2868.6000,2869.0000,1,4,2,2,2,1,2,1,4,2
SF,IH2006,2020-06-17 09:46:16.700,2868.0000,20019,0,3227232900.000,0,-,-,-,-,2867.6000,2867.4000,2867.2000,2867.0000,2866.8000,2867.8000,2868.0000,2868.2000,2868.4000,2868.6000,1,4,2,2,2,5,2,2,1,4
SF,IH2006,2020-06-17 09:46:17.200,2868.0000,20019,0,3227232900.000,0,-,-,-,-,2867.6000,2867.4000,2867.2000,2867.0000,2866.8000,2867.8000,2868.0000,2868.2000,2868.4000,2868.6000,1,3,2,2,2,5,3,2,1,4
SF,IH2006,2020-06-17 09:46:17.700,2867.8000,20019,0,3229813860.000,3,1,2,空换,B,2867.4000,2867.2000,2867.0000,2866.8000,2866.6000,2867.8000,2868.0000,2868.2000,2868.4000,2868.6000,1,2,2,2,10,3,3,2,1,4
SF,IH2006,2020-06-17 09:46:18.700,2867.8000,20020,1,3230674200.000,1,1,0,双开,B,2867.4000,2867.2000,2867.0000,2866.8000,2866.6000,2867.8000,2868.0000,2868.2000,2868.4000,2868.6000,1,2,2,2,10,2,3,2,1,4
SF,IH2006,2020-06-17 09:46:20.200,2867.8000,20021,1,3231534540.000,1,1,0,双开,B,2867.4000,2867.2000,2867.0000,2866.8000,2866.6000,2867.8000,2868.0000,2868.2000,2868.4000,2868.6000,2,2,2,2,10,1,3,2,1,4
SF,IH2006,2020-06-17 09:46:20.700,2867.8000,20022,1,3232394880.000,1,1,0,双开,B,2867.4000,2867.2000,2867.0000,2866.8000,2866.6000,2868.0000,2868.2000,2868.4000,2868.6000,2868.8000,3,2,2,2,10,3,2,1,4,1
SF,IH2006,2020-06-17 09:46:21.200,2867.8000,20022,0,3232394880.000,0,-,-,-,-,2867.4000,2867.2000,2867.0000,2866.8000,2866.6000,2868.0000,2868.2000,2868.4000,2868.6000,2868.8000,4,2,2,2,10,3,2,1,4,1
SF,IH2006,2020-06-17 09:46:21.700,2867.8000,20022,0,3232394880.000,0,-,-,-,-,2867.4000,2867.2000,2867.0000,2866.8000,2866.6000,2868.0000,2868.2000,2868.4000,2868.6000,2868.8000,3,2,2,2,10,3,2,1,5,3
SF,IH2006,2020-06-17 09:46:22.200,2867.4000,20023,1,3233255100.000,1,1,0,双开,B,2867.4000,2867.2000,2867.0000,2866.8000,2866.6000,2868.0000,2868.2000,2868.4000,2868.6000,2868.8000,2,2,2,2,10,3,2,1,5,3
SF,IH2006,2020-06-17 09:46:22.700,2867.4000,20023,0,3233255100.000,0,-,-,-,-,2867.4000,2867.2000,2867.0000,2866.8000,2866.6000,2868.0000,2868.2000,2868.4000,2868.6000,2868.8000,3,2,2,2,10,4,2,1,5,3
SF,IH2006,2020-06-17 09:46:23.200,2868.0000,20023,0,3234975840.000,2,1,1,空换,B,2867.4000,2867.2000,2867.0000,2866.8000,2866.6000,2868.0000,2868.2000,2868.4000,2868.6000,2868.8000,2,2,2,2,10,3,2,1,5,3
SF,IH2006,2020-06-17 09:46:23.700,2868.0000,20023,0,3234975840.000,0,-,-,-,-,2867.4000,2867.2000,2867.0000,2866.8000,2866.6000,2867.8000,2868.0000,2868.2000,2868.4000,2868.6000,2,2,2,2,10,1,4,2,1,5
SF,IH2006,2020-06-17 09:46:24.200,2868.0000,20023,0,3234975840.000,0,-,-,-,-,2867.4000,2867.2000,2867.0000,2866.8000,2866.6000,2868.0000,2868.2000,2868.4000,2868.6000,2868.8000,2,2,2,2,10,4,2,1,5,3
SF,IH2006,2020-06-17 09:46:24.700,2868.0000,20023,0,3234975840.000,0,-,-,-,-,2867.4000,2867.2000,2867.0000,2866.8000,2866.6000,2867.8000,2868.0000,2868.2000,2868.4000,2868.6000,2,2,2,2,10,2,4,2,1,5
SF,IH2006,2020-06-17 09:46:25.200,2868.0000,20023,0,3234975840.000,0,-,-,-,-,2867.4000,2867.2000,2867.0000,2866.8000,2866.6000,2867.6000,2867.8000,2868.0000,2868.2000,2868.4000,2,2,2,2,10,5,1,4,2,2
SF,IH2006,2020-06-17 09:46:25.700,2867.6000,20026,3,3237556680.000,3,3,0,双开,B,2867.4000,2867.2000,2867.0000,2866.8000,2866.6000,2867.6000,2867.8000,2868.0000,2868.2000,2868.4000,2,2,2,2,10,2,1,4,2,2
SF,IH2006,2020-06-17 09:46:26.200,2867.6000,20027,1,3238416960.000,1,1,0,双开,B,2867.4000,2867.2000,2867.0000,2866.8000,2866.6000,2867.6000,2867.8000,2868.0000,2868.2000,2868.4000,2,2,2,2,10,1,1,4,2,2
SF,IH2006,2020-06-17 09:46:26.700,2867.6000,20027,0,3239277240.000,1,0,1,空换,B,2867.4000,2867.2000,2867.0000,2866.8000,2866.6000,2867.8000,2868.0000,2868.2000,2868.4000,2868.6000,3,2,3,2,10,1,4,2,2,4
SF,IH2006,2020-06-17 09:46:27.200,2867.6000,20027,0,3239277240.000,0,-,-,-,-,2867.6000,2867.4000,2867.2000,2867.0000,2866.8000,2867.8000,2868.0000,2868.2000,2868.4000,2868.6000,1,3,2,3,2,1,4,2,2,4
SF,IH2006,2020-06-17 09:46:27.700,2867.6000,20027,0,3240137520.000,1,0,1,空换,B,2867.4000,2867.2000,2867.0000,2866.8000,2866.6000,2867.6000,2867.8000,2868.0000,2868.2000,2868.4000,3,2,3,2,10,4,1,4,2,2
SF,IH2006,2020-06-17 09:46:28.200,2868.0000,20024,-3,3247880460.000,9,3,6,空平,B,2867.4000,2867.2000,2867.0000,2866.8000,2866.6000,2868.0000,2868.2000,2868.4000,2868.6000,2868.8000,3,2,3,2,10,1,2,2,4,1
SF,IH2006,2020-06-17 09:46:28.700,2868.2000,20024,0,3249601320.000,2,1,1,空换,B,2867.4000,2867.2000,2867.0000,2866.8000,2866.6000,2868.4000,2868.6000,2868.8000,2869.0000,2869.2000,3,2,3,2,10,2,4,1,2,1
SF,IH2006,2020-06-17 09:46:29.200,2867.6000,20024,0,3250461600.000,1,0,1,空换,B,2867.6000,2867.4000,2867.2000,2867.0000,2866.8000,2868.2000,2868.4000,2868.6000,2868.8000,2869.0000,1,4,2,3,2,2,2,5,1,2
SF,IH2006,2020-06-17 09:46:29.700,2867.6000,20024,0,3252182160.000,2,1,1,空换,B,2867.4000,2867.2000,2867.0000,2866.8000,2866.6000,2867.6000,2868.2000,2868.4000,2868.6000,2868.8000,4,2,3,2,11,18,2,2,5,1
SF,IH2006,2020-06-17 09:46:30.200,2867.6000,20025,1,3253042440.000,1,1,0,双开,B,2867.4000,2867.2000,2867.0000,2866.8000,2866.6000,2867.6000,2868.2000,2868.4000,2868.6000,2868.8000,2,2,3,2,11,17,2,2,5,1
SF,IH2006,2020-06-17 09:46:30.700,2867.4000,20026,1,3258203940.000,6,3,3,多开,B,2867.2000,2867.0000,2866.8000,2866.6000,2866.4000,2867.4000,2867.6000,2868.2000,2868.4000,2868.6000,2,3,2,11,2,2,14,2,2,5
SF,IH2006,2020-06-17 09:46:31.200,2867.6000,20027,1,3260784660.000,3,2,1,多开,B,2867.4000,2867.2000,2867.0000,2866.8000,2866.6000,2867.6000,2868.2000,2868.4000,2868.6000,2868.8000,7,2,5,2,11,13,2,2,5,1
SF,IH2006,2020-06-17 09:46:31.700,2867.6000,20034,7,3266806620.000,7,7,0,双开,B,2867.4000,2867.2000,2867.0000,2866.8000,2866.6000,2867.6000,2868.2000,2868.4000,2868.6000,2868.8000,6,2,5,2,11,6,2,2,5,1
SF,IH2006,2020-06-17 09:46:32.200,2868.2000,20034,0,3272828760.000,7,3,4,空换,B,2867.6000,2867.4000,2867.2000,2867.0000,2866.8000,2868.2000,2868.4000,2868.6000,2868.8000,2869.0000,4,6,2,5,2,1,2,5,1,2
SF,IH2006,2020-06-17 09:46:32.700,2867.6000,20033,-1,3273689040.000,1,0,1,双平,B,2867.6000,2867.4000,2867.2000,2867.0000,2866.8000,2868.0000,2868.2000,2868.4000,2868.6000,2868.8000,3,6,2,5,2,1,1,2,5,1
SF,IH2006,2020-06-17 09:46:33.200,2867.6000,20033,0,3273689040.000,0,-,-,-,-,2867.6000,2867.4000,2867.2000,2867.0000,2866.8000,2868.0000,2868.2000,2868.4000,2868.6000,2868.8000,3,6,2,5,3,1,1,2,6,3
SF,IH2006,2020-06-17 09:46:33.700,2867.6000,20033,0,3273689040.000,0,-,-,-,-,2867.6000,2867.4000,2867.2000,2867.0000,2866.8000,2868.2000,2868.4000,2868.6000,2868.8000,2869.0000,3,6,2,5,3,1,2,6,3,3
SF,IH2006,2020-06-17 09:46:34.200,2867.6000,20033,0,3273689040.000,0,-,-,-,-,2867.6000,2867.4000,2867.2000,2867.0000,2866.8000,2868.0000,2868.2000,2868.4000,2868.6000,2868.8000,2,6,2,5,3,6,3,2,6,3
SF,IH2006,2020-06-17 09:46:34.700,2867.6000,20033,0,3274549320.000,1,0,1,空换,B,2867.6000,2867.4000,2867.2000,2867.0000,2866.8000,2867.8000,2868.0000,2868.2000,2868.4000,2868.6000,1,6,2,5,3,2,5,2,2,6
SF,IH2006,2020-06-17 09:46:35.700,2867.6000,20032,-1,3275409600.000,1,0,1,双平,B,2867.4000,2867.2000,2867.0000,2866.8000,2866.6000,2867.8000,2868.0000,2868.2000,2868.4000,2868.6000,7,2,5,3,11,3,5,2,2,5
SF,IH2006,2020-06-17 09:46:36.200,2867.6000,20032,0,3275409600.000,0,-,-,-,-,2867.4000,2867.2000,2867.0000,2866.8000,2866.6000,2867.8000,2868.0000,2868.2000,2868.4000,2868.6000,8,2,5,3,11,3,5,2,2,5
SF,IH2006,2020-06-17 09:46:37.200,2867.8000,20029,-3,3277990620.000,3,0,3,双平,B,2867.8000,2867.4000,2867.2000,2867.0000,2866.8000,2868.0000,2868.2000,2868.4000,2868.6000,2868.8000,8,11,2,5,3,5,2,2,5,1
SF,IH2006,2020-06-17 09:46:37.700,2868.0000,20030,1,3280571820.000,3,2,1,多开,B,2867.8000,2867.4000,2867.2000,2867.0000,2866.8000,2868.0000,2868.2000,2868.4000,2868.6000,2868.8000,8,11,2,5,3,3,1,2,5,1
SF,IH2006,2020-06-17 09:46:39.200,2867.8000,20030,0,3281432160.000,1,0,1,空换,B,2867.8000,2867.4000,2867.2000,2867.0000,2866.8000,2868.0000,2868.2000,2868.4000,2868.6000,2868.8000,7,11,2,5,3,3,1,2,5,1
SF,IH2006,2020-06-17 09:46:39.700,2867.8000,20030,0,3281432160.000,0,-,-,-,-,2867.8000,2867.6000,2867.4000,2867.2000,2867.0000,2868.0000,2868.2000,2868.4000,2868.6000,2868.8000,7,1,8,2,5,3,1,2,4,1
SF,IH2006,2020-06-17 09:46:40.200,2868.0000,20030,0,3282292560.000,1,0,1,空换,B,2867.8000,2867.6000,2867.4000,2867.2000,2867.0000,2868.0000,2868.2000,2868.4000,2868.6000,2868.8000,7,1,8,2,5,2,1,2,4,1
SF,IH2006,2020-06-17 09:46:40.700,2867.8000,20035,5,3286594260.000,5,5,0,双开,B,2867.8000,2867.6000,2867.4000,2867.2000,2867.0000,2868.0000,2868.2000,2868.4000,2868.6000,2868.8000,2,1,8,2,5,3,1,2,4,1
SF,IH2006,2020-06-17 09:46:41.200,2868.0000,20035,0,3287454660.000,1,0,1,空换,B,2867.8000,2867.6000,2867.4000,2867.2000,2867.0000,2868.0000,2868.2000,2868.4000,2868.6000,2868.8000,3,1,8,2,5,2,1,2,4,1
SF,IH2006,2020-06-17 09:46:41.700,2868.0000,20035,0,3287454660.000,0,-,-,-,-,2867.8000,2867.6000,2867.4000,2867.2000,2867.0000,2868.0000,2868.2000,2868.4000,2868.6000,2868.8000,4,1,8,2,5,2,1,2,4,1
SF,IH2006,2020-06-17 09:46:42.200,2867.8000,20038,3,3290896020.000,4,3,1,多开,B,2867.6000,2867.4000,2867.2000,2867.0000,2866.8000,2867.8000,2868.0000,2868.2000,2868.4000,2868.6000,1,8,2,5,3,1,2,1,2,4
SF,IH2006,2020-06-17 09:46:43.200,2867.6000,20041,3,3293476860.000,3,3,0,双开,B,2867.4000,2867.2000,2867.0000,2866.8000,2866.6000,2867.6000,2867.8000,2868.0000,2868.2000,2868.4000,8,2,5,3,11,2,1,2,1,2
SF,IH2006,2020-06-17 09:46:43.700,2867.6000,20041,0,3293476860.000,0,-,-,-,-,2867.4000,2867.2000,2867.0000,2866.8000,2866.6000,2867.6000,2867.8000,2868.0000,2868.2000,2868.4000,7,3,5,3,11,2,1,2,1,2
SF,IH2006,2020-06-17 09:46:44.200,2867.6000,20041,0,3294337140.000,1,0,1,空换,B,2867.4000,2867.2000,2867.0000,2866.8000,2866.6000,2867.6000,2867.8000,2868.0000,2868.2000,2868.4000,7,3,5,3,11,1,1,2,1,2
SF,IH2006,2020-06-17 09:46:44.700,2867.6000,20041,0,3294337140.000,0,-,-,-,-,2867.4000,2867.2000,2867.0000,2866.8000,2866.6000,2867.6000,2867.8000,2868.0000,2868.2000,2868.4000,7,2,5,3,11,2,1,2,1,2
SF,IH2006,2020-06-17 09:46:45.200,2867.6000,20046,5,3301218960.000,8,6,2,多开,B,2867.2000,2867.0000,2866.8000,2866.6000,2866.4000,2867.4000,2867.6000,2867.8000,2868.0000,2868.2000,2,5,3,11,2,5,1,1,2,1
SF,IH2006,2020-06-17 09:46:45.700,2867.2000,20046,0,3304659660.000,4,2,2,空换,B,2867.2000,2867.0000,2866.8000,2866.6000,2866.4000,2867.4000,2867.6000,2867.8000,2868.0000,2868.2000,3,5,3,11,2,4,1,1,2,1
SF,IH2006,2020-06-17 09:46:46.200,2867.2000,20046,0,3304659660.000,0,-,-,-,-,2867.2000,2867.0000,2866.8000,2866.6000,2866.4000,2867.4000,2867.6000,2867.8000,2868.0000,2868.2000,3,3,3,11,1,4,1,1,2,1
SF,IH2006,2020-06-17 09:46:46.700,2867.2000,20046,0,3304659660.000,0,-,-,-,-,2867.2000,2867.0000,2866.8000,2866.6000,2866.4000,2867.4000,2867.6000,2867.8000,2868.0000,2868.2000,4,3,3,11,1,4,1,1,2,1
SF,IH2006,2020-06-17 09:46:47.200,2867.4000,20049,3,3308100480.000,4,3,1,多开,B,2867.2000,2867.0000,2866.8000,2866.6000,2866.4000,2867.4000,2867.6000,2867.8000,2868.0000,2868.2000,2,3,3,11,1,1,1,1,2,1
SF,IH2006,2020-06-17 09:46:47.700,2867.4000,20049,0,3308100480.000,0,-,-,-,-,2867.2000,2867.0000,2866.8000,2866.6000,2866.4000,2867.4000,2867.6000,2867.8000,2868.0000,2868.2000,3,3,3,11,1,1,1,1,2,1
SF,IH2006,2020-06-17 09:46:48.200,2867.4000,20050,1,3308960700.000,1,1,0,双开,B,2867.2000,2867.0000,2866.8000,2866.6000,2866.4000,2867.6000,2867.8000,2868.0000,2868.2000,2868.4000,3,3,3,11,1,1,1,2,1,2
SF,IH2006,2020-06-17 09:46:49.200,2867.8000,20049,-1,3310681320.000,2,0,2,空平,B,2867.2000,2867.0000,2866.8000,2866.6000,2866.4000,2868.0000,2868.2000,2868.4000,2868.6000,2868.8000,3,3,3,11,1,2,1,2,4,3
SF,IH2006,2020-06-17 09:46:49.700,2867.8000,20049,0,3310681320.000,0,-,-,-,-,2867.2000,2867.0000,2866.8000,2866.6000,2866.4000,2867.8000,2868.0000,2868.2000,2868.4000,2868.6000,5,3,3,11,1,3,3,1,2,4
SF,IH2006,2020-06-17 09:46:50.200,2867.8000,20049,0,3310681320.000,0,-,-,-,-,2867.2000,2867.0000,2866.8000,2866.6000,2866.4000,2867.8000,2868.0000,2868.2000,2868.4000,2868.6000,12,3,3,11,1,3,3,1,2,4
SF,IH2006,2020-06-17 09:46:50.700,2867.8000,20049,0,3310681320.000,0,-,-,-,-,2867.2000,2867.0000,2866.8000,2866.6000,2866.4000,2867.8000,2868.0000,2868.2000,2868.4000,2868.6000,10,3,3,11,1,3,4,1,2,4
SF,IH2006,2020-06-17 09:46:51.700,2867.8000,20049,0,3310681320.000,0,-,-,-,-,2867.6000,2867.2000,2867.0000,2866.8000,2866.6000,2867.8000,2868.0000,2868.2000,2868.4000,2868.6000,1,10,3,3,11,3,4,1,2,4
SF,IH2006,2020-06-17 09:46:52.200,2867.6000,20048,-1,3311541600.000,1,0,1,双平,B,2867.2000,2867.0000,2866.8000,2866.6000,2866.4000,2867.6000,2867.8000,2868.0000,2868.2000,2868.4000,11,3,3,11,1,9,2,4,1,2
SF,IH2006,2020-06-17 09:46:52.700,2867.6000,20048,0,3311541600.000,0,-,-,-,-,2867.2000,2867.0000,2866.8000,2866.6000,2866.4000,2867.6000,2867.8000,2868.0000,2868.2000,2868.4000,11,3,3,11,1,7,2,4,1,2
SF,IH2006,2020-06-17 09:46:53.200,2867.6000,20048,0,3311541600.000,0,-,-,-,-,2867.4000,2867.2000,2867.0000,2866.8000,2866.6000,2867.6000,2867.8000,2868.0000,2868.2000,2868.4000,1,11,3,3,11,7,2,4,1,2
SF,IH2006,2020-06-17 09:46:53.700,2867.6000,20049,1,3312401880.000,1,1,0,双开,B,2867.4000,2867.2000,2867.0000,2866.8000,2866.6000,2867.6000,2867.8000,2868.0000,2868.2000,2868.4000,1,11,3,3,11,6,2,4,1,2
SF,IH2006,2020-06-17 09:46:54.200,2867.4000,20049,0,3313262100.000,1,0,1,空换,B,2867.2000,2867.0000,2866.8000,2866.6000,2866.4000,2867.4000,2867.6000,2867.8000,2868.0000,2868.2000,11,3,3,11,1,4,6,2,4,1
SF,IH2006,2020-06-17 09:46:54.700,2867.4000,20050,1,3315842760.000,3,2,1,多开,B,2867.2000,2867.0000,2866.8000,2866.6000,2866.4000,2867.4000,2867.6000,2868.0000,2868.2000,2868.4000,11,3,3,11,1,1,6,4,1,2
SF,IH2006,2020-06-17 09:46:55.200,2867.4000,20050,0,3315842760.000,0,-,-,-,-,2867.2000,2867.0000,2866.8000,2866.6000,2866.4000,2867.4000,2867.6000,2868.0000,2868.2000,2868.4000,11,3,3,11,1,2,6,4,1,2
SF,IH2006,2020-06-17 09:46:55.700,2867.4000,20051,1,3316702980.000,1,1,0,双开,B,2867.2000,2867.0000,2866.8000,2866.6000,2866.4000,2867.4000,2867.6000,2868.0000,2868.2000,2868.4000,11,3,3,11,1,1,6,4,1,2
SF,IH2006,2020-06-17 09:46:56.200,2867.4000,20051,0,3316702980.000,0,-,-,-,-,2867.2000,2867.0000,2866.8000,2866.6000,2866.4000,2867.4000,2867.6000,2868.0000,2868.2000,2868.4000,11,3,3,11,1,1,6,4,1,2
SF,IH2006,2020-06-17 09:46:56.700,2867.4000,20051,0,3317563200.000,1,0,1,空换,B,2867.4000,2867.2000,2867.0000,2866.8000,2866.6000,2867.6000,2868.0000,2868.2000,2868.4000,2868.6000,1,11,3,3,11,6,4,1,2,4
SF,IH2006,2020-06-17 09:46:57.200,2867.6000,20056,5,3322724880.000,6,5,1,多开,B,2867.6000,2867.4000,2867.2000,2867.0000,2866.8000,2868.0000,2868.2000,2868.4000,2868.6000,2868.8000,3,1,11,3,3,4,1,2,4,3
SF,IH2006,2020-06-17 09:46:57.700,2868.0000,20056,0,3323585280.000,1,0,1,空换,B,2867.6000,2867.4000,2867.2000,2867.0000,2866.8000,2868.0000,2868.2000,2868.4000,2868.6000,2868.8000,3,1,11,3,3,3,1,2,4,3
SF,IH2006,2020-06-17 09:46:58.200,2868.0000,20056,0,3323585280.000,0,-,-,-,-,2867.8000,2867.6000,2867.4000,2867.2000,2867.0000,2868.0000,2868.2000,2868.4000,2868.6000,2868.8000,3,8,3,11,3,3,1,2,4,3
SF,IH2006,2020-06-17 09:46:58.700,2868.2000,20055,-1,3329608020.000,7,3,4,空平,B,2868.2000,2867.6000,2867.4000,2867.2000,2867.0000,2868.4000,2868.6000,2868.8000,2869.0000,2869.2000,5,3,3,11,3,2,4,3,2,1
SF,IH2006,2020-06-17 09:46:59.200,2868.2000,20050,-5,3333910320.000,5,0,5,双平,B,2867.6000,2867.4000,2867.2000,2867.0000,2866.8000,2868.0000,2868.2000,2868.4000,2868.6000,2868.8000,3,3,11,3,3,1,16,2,4,3
SF,IH2006,2020-06-17 09:46:59.700,2867.6000,20052,2,3335630880.000,2,2,0,双开,B,2867.6000,2867.4000,2867.2000,2867.0000,2866.8000,2868.0000,2868.2000,2868.4000,2868.6000,2868.8000,1,3,11,3,3,2,12,3,4,3
SF,IH2006,2020-06-17 09:47:00.200,2867.8000,20052,0,3338211780.000,3,1,2,空换,B,2867.4000,2867.2000,2867.0000,2866.8000,2866.6000,2868.0000,2868.2000,2868.4000,2868.6000,2868.8000,3,11,3,2,11,2,11,3,4,3
SF,IH2006,2020-06-17 09:47:00.700,2867.8000,20052,0,3338211780.000,0,-,-,-,-,2867.4000,2867.2000,2867.0000,2866.8000,2866.6000,2868.0000,2868.2000,2868.4000,2868.6000,2868.8000,3,11,3,2,11,2,9,3,4,3
SF,IH2006,2020-06-17 09:47:01.200,2867.8000,20052,0,3338211780.000,0,-,-,-,-,2867.4000,2867.2000,2867.0000,2866.8000,2866.6000,2868.0000,2868.2000,2868.4000,2868.6000,2868.8000,5,11,3,2,11,1,3,3,4,3
SF,IH2006,2020-06-17 09:47:01.700,2867.8000,20052,0,3339072120.000,1,0,1,空换,B,2867.4000,2867.2000,2867.0000,2866.8000,2866.6000,2868.0000,2868.2000,2868.4000,2868.6000,2868.8000,5,11,3,2,11,1,3,3,4,3
SF,IH2006,2020-06-17 09:47:02.200,2867.8000,20052,0,3339072120.000,0,-,-,-,-,2867.4000,2867.2000,2867.0000,2866.8000,2866.6000,2868.0000,2868.2000,2868.4000,2868.6000,2868.8000,5,11,3,2,11,1,2,3,4,3
SF,IH2006,2020-06-17 09:47:02.700,2867.8000,20052,0,3339072120.000,0,-,-,-,-,2867.4000,2867.2000,2867.0000,2866.8000,2866.6000,2868.0000,2868.2000,2868.4000,2868.6000,2868.8000,5,11,3,2,11,1,3,3,4,3
SF,IH2006,2020-06-17 09:47:03.200,2867.8000,20052,0,3339072120.000,0,-,-,-,-,2867.6000,2867.4000,2867.2000,2867.0000,2866.8000,2868.0000,2868.2000,2868.4000,2868.6000,2868.8000,1,5,11,3,2,1,3,3,4,3
SF,IH2006,2020-06-17 09:47:04.700,2868.0000,20052,0,3339932520.000,1,0,1,空换,B,2867.6000,2867.4000,2867.2000,2867.0000,2866.8000,2868.2000,2868.4000,2868.6000,2868.8000,2869.0000,4,5,11,3,2,2,3,4,3,3
SF,IH2006,2020-06-17 09:47:05.200,2868.2000,20052,0,3340792980.000,1,0,1,空换,B,2868.2000,2868.0000,2867.6000,2867.4000,2867.2000,2868.4000,2868.6000,2868.8000,2869.0000,2869.2000,3,2,5,5,11,3,4,3,3,1
SF,IH2006,2020-06-17 09:47:05.700,2868.6000,20051,-1,3343374600.000,3,1,2,空平,B,2867.6000,2867.4000,2867.2000,2867.0000,2866.8000,2868.6000,2868.8000,2869.0000,2869.2000,2869.4000,5,5,11,3,2,3,3,3,1,2
SF,IH2006,2020-06-17 09:47:06.200,2868.8000,20046,-5,3347677620.000,5,0,5,双平,B,2868.4000,2868.2000,2868.0000,2867.8000,2867.6000,2868.8000,2869.0000,2869.2000,2869.4000,2869.6000,3,2,1,7,5,1,3,1,2,2
SF,IH2006,2020-06-17 09:47:06.700,2868.8000,20046,0,3347677620.000,0,-,-,-,-,2868.4000,2868.0000,2867.8000,2867.6000,2867.4000,2868.8000,2869.0000,2869.2000,2869.4000,2869.6000,1,1,5,2,4,1,3,1,2,2
SF,IH2006,2020-06-17 09:47:07.200,2868.8000,20046,0,3347677620.000,0,-,-,-,-,2868.4000,2868.0000,2867.8000,2867.6000,2867.4000,2868.8000,2869.0000,2869.2000,2869.4000,2869.6000,1,1,5,3,4,1,3,1,2,2
SF,IH2006,2020-06-17 09:47:07.700,2868.4000,20046,0,3348538140.000,1,0,1,空换,B,2868.0000,2867.8000,2867.6000,2867.4000,2867.2000,2868.8000,2869.0000,2869.2000,2869.4000,2869.6000,1,5,3,4,11,1,3,1,2,2
SF,IH2006,2020-06-17 09:47:08.200,2868.6000,20045,-1,3349398720.000,1,0,1,双平,B,2868.0000,2867.8000,2867.6000,2867.4000,2867.2000,2868.8000,2869.0000,2869.2000,2869.4000,2869.6000,2,5,4,4,11,2,3,1,2,2
SF,IH2006,2020-06-17 09:47:08.700,2868.6000,20044,-1,3350259300.000,1,0,1,双平,B,2868.0000,2867.8000,2867.6000,2867.4000,2867.2000,2868.8000,2869.0000,2869.2000,2869.4000,2869.6000,2,5,4,4,11,2,4,1,2,2
SF,IH2006,2020-06-17 09:47:09.200,2868.6000,20043,-1,3351980280.000,2,0,2,空平,B,2868.0000,2867.8000,2867.6000,2867.4000,2867.2000,2868.8000,2869.0000,2869.2000,2869.4000,2869.6000,1,5,4,4,11,3,4,1,2,2
SF,IH2006,2020-06-17 09:47:09.700,2868.6000,20043,0,3351980280.000,0,-,-,-,-,2867.8000,2867.6000,2867.4000,2867.2000,2867.0000,2868.4000,2868.6000,2868.8000,2869.0000,2869.2000,5,4,4,11,3,1,4,3,4,1
SF,IH2006,2020-06-17 09:47:10.200,2868.6000,20043,0,3351980280.000,0,-,-,-,-,2868.0000,2867.8000,2867.6000,2867.4000,2867.2000,2868.4000,2868.6000,2868.8000,2869.0000,2869.2000,1,3,4,4,11,2,4,3,4,1
SF,IH2006,2020-06-17 09:47:10.700,2868.0000,20044,1,3352840680.000,1,1,0,双开,B,2867.8000,2867.6000,2867.4000,2867.2000,2867.0000,2868.4000,2868.6000,2868.8000,2869.0000,2869.2000,3,4,4,11,3,2,4,3,4,1
SF,IH2006,2020-06-17 09:47:11.200,2868.0000,20044,0,3352840680.000,0,-,-,-,-,2867.8000,2867.6000,2867.4000,2867.2000,2867.0000,2868.2000,2868.4000,2868.6000,2868.8000,2869.0000,2,4,4,11,3,1,2,4,2,4
SF,IH2006,2020-06-17 09:47:11.700,2868.0000,20044,0,3352840680.000,0,-,-,-,-,2867.8000,2867.6000,2867.4000,2867.2000,2867.0000,2868.2000,2868.4000,2868.6000,2868.8000,2869.0000,1,3,3,11,3,1,2,4,2,4
SF,IH2006,2020-06-17 09:47:12.200,2867.8000,20045,1,3354561360.000,2,1,1,多开,B,2867.6000,2867.4000,2867.2000,2867.0000,2866.8000,2868.2000,2868.4000,2868.6000,2868.8000,2869.0000,3,3,11,3,2,1,2,4,2,4
SF,IH2006,2020-06-17 09:47:12.700,2867.8000,20045,0,3354561360.000,0,-,-,-,-,2867.6000,2867.4000,2867.2000,2867.0000,2866.8000,2868.2000,2868.4000,2868.6000,2868.8000,2869.0000,2,3,11,3,2,1,2,4,2,4
SF,IH2006,2020-06-17 09:47:13.700,2867.6000,20045,0,3357142380.000,3,1,2,空换,B,2867.4000,2867.2000,2867.0000,2866.8000,2866.6000,2868.2000,2868.4000,2868.6000,2868.8000,2869.0000,3,11,3,2,11,1,2,4,2,4
SF,IH2006,2020-06-17 09:47:14.200,2867.6000,20045,0,3357142380.000,0,-,-,-,-,2867.4000,2867.2000,2867.0000,2866.8000,2866.6000,2868.0000,2868.2000,2868.4000,2868.6000,2868.8000,5,11,3,2,11,3,1,2,3,2
SF,IH2006,2020-06-17 09:47:14.700,2867.4000,20043,-2,3358862820.000,2,0,2,双平,B,2867.4000,2867.2000,2867.0000,2866.8000,2866.6000,2867.8000,2868.0000,2868.2000,2868.4000,2868.6000,2,11,3,2,11,1,3,1,2,1
SF,IH2006,2020-06-17 09:47:15.200,2867.4000,20043,0,3358862820.000,0,-,-,-,-,2867.4000,2867.2000,2867.0000,2866.8000,2866.6000,2867.8000,2868.0000,2868.2000,2868.4000,2868.6000,2,11,3,2,11,1,3,1,2,1
SF,IH2006,2020-06-17 09:47:15.700,2867.4000,20043,0,3358862820.000,0,-,-,-,-,2867.4000,2867.2000,2867.0000,2866.8000,2866.6000,2867.6000,2867.8000,2868.0000,2868.2000,2868.4000,2,11,3,2,11,3,1,3,1,2
SF,IH2006,2020-06-17 09:47:16.200,2867.4000,20044,1,3360583260.000,2,1,1,多开,B,2867.2000,2867.0000,2866.8000,2866.6000,2866.4000,2867.6000,2868.0000,2868.2000,2868.4000,2868.6000,11,3,2,11,1,3,3,1,2,1
SF,IH2006,2020-06-17 09:47:16.700,2867.4000,20044,0,3360583260.000,0,-,-,-,-,2867.2000,2867.0000,2866.8000,2866.6000,2866.4000,2867.4000,2867.6000,2868.0000,2868.2000,2868.4000,11,3,2,11,1,1,4,3,1,2
SF,IH2006,2020-06-17 09:47:18.200,2868.0000,20037,-7,3367465800.000,8,0,8,空平,B,2867.2000,2867.0000,2866.8000,2866.6000,2866.4000,2868.2000,2868.4000,2868.8000,2869.0000,2869.2000,11,3,2,11,1,1,2,2,4,1
SF,IH2006,2020-06-17 09:47:18.700,2868.0000,20037,0,3367465800.000,0,-,-,-,-,2867.4000,2867.2000,2867.0000,2866.8000,2866.6000,2868.0000,2868.2000,2868.4000,2868.8000,2869.0000,1,11,3,2,11,5,4,2,2,4
SF,IH2006,2020-06-17 09:47:19.200,2867.4000,20036,-1,3368326020.000,1,0,1,双平,B,2867.2000,2867.0000,2866.8000,2866.6000,2866.4000,2867.8000,2868.0000,2868.2000,2868.4000,2868.8000,11,3,2,11,1,1,4,4,2,2
SF,IH2006,2020-06-17 09:47:19.700,2867.4000,20036,0,3369186240.000,1,0,1,空换,B,2867.2000,2867.0000,2866.8000,2866.6000,2866.4000,2867.8000,2868.0000,2868.2000,2868.4000,2868.8000,12,3,2,11,1,1,4,2,2,2
SF,IH2006,2020-06-17 09:47:20.200,2867.4000,20036,0,3369186240.000,0,-,-,-,-,2867.2000,2867.0000,2866.8000,2866.6000,2866.4000,2867.8000,2868.0000,2868.2000,2868.4000,2868.8000,12,3,2,11,1,2,4,2,1,2
SF,IH2006,2020-06-17 09:47:21.200,2867.4000,20036,0,3369186240.000,0,-,-,-,-,2867.2000,2867.0000,2866.8000,2866.6000,2866.4000,2867.8000,2868.0000,2868.2000,2868.4000,2868.8000,12,3,2,11,1,1,4,2,1,2
SF,IH2006,2020-06-17 09:47:21.700,2867.4000,20036,0,3369186240.000,0,-,-,-,-,2867.2000,2867.0000,2866.8000,2866.6000,2866.4000,2867.8000,2868.0000,2868.2000,2868.4000,2868.8000,12,3,2,11,1,1,4,2,1,2
SF,IH2006,2020-06-17 09:47:22.200,2867.4000,20036,0,3369186240.000,0,-,-,-,-,2867.2000,2867.0000,2866.8000,2866.6000,2866.4000,2868.0000,2868.2000,2868.4000,2868.8000,2869.0000,12,3,2,11,1,4,2,1,2,4
SF,IH2006,2020-06-17 09:47:22.700,2867.4000,20036,0,3369186240.000,0,-,-,-,-,2867.4000,2867.2000,2867.0000,2866.8000,2866.6000,2868.0000,2868.2000,2868.4000,2868.8000,2869.0000,8,12,3,2,11,4,2,1,2,4
SF,IH2006,2020-06-17 09:47:23.200,2867.4000,20036,0,3369186240.000,0,-,-,-,-,2867.6000,2867.4000,2867.2000,2867.0000,2866.8000,2868.0000,2868.2000,2868.4000,2868.8000,2869.0000,1,9,12,3,2,3,2,1,2,4
SF,IH2006,2020-06-17 09:47:23.700,2867.4000,20036,0,3369186240.000,0,-,-,-,-,2867.4000,2867.2000,2867.0000,2866.8000,2866.6000,2867.8000,2868.0000,2868.2000,2868.4000,2868.8000,9,12,3,2,11,1,1,2,1,2
SF,IH2006,2020-06-17 09:47:24.200,2867.4000,20036,0,3369186240.000,0,-,-,-,-,2867.4000,2867.2000,2867.0000,2866.8000,2866.6000,2867.8000,2868.0000,2868.2000,2868.4000,2868.8000,9,12,3,2,11,1,1,2,1,2
SF,IH2006,2020-06-17 09:47:25.200,2867.4000,20036,0,3369186240.000,0,-,-,-,-,2867.4000,2867.2000,2867.0000,2866.8000,2866.6000,2867.6000,2867.8000,2868.0000,2868.2000,2868.4000,9,12,3,2,11,1,1,1,2,1
SF,IH2006,2020-06-17 09:47:25.700,2867.6000,20036,0,3370046520.000,1,0,1,空换,B,2867.4000,2867.2000,2867.0000,2866.8000,2866.6000,2867.8000,2868.0000,2868.2000,2868.4000,2868.8000,10,12,3,2,11,1,1,2,1,2
SF,IH2006,2020-06-17 09:47:26.700,2867.6000,20036,0,3370046520.000,0,-,-,-,-,2867.4000,2867.2000,2867.0000,2866.8000,2866.6000,2868.0000,2868.2000,2868.4000,2868.8000,2869.0000,10,12,3,2,11,1,2,1,2,4
SF,IH2006,2020-06-17 09:47:27.200,2867.6000,20036,0,3370046520.000,0,-,-,-,-,2867.6000,2867.4000,2867.2000,2867.0000,2866.8000,2868.0000,2868.2000,2868.4000,2868.8000,2869.0000,1,10,12,3,2,1,2,1,2,4
SF,IH2006,2020-06-17 09:47:27.700,2867.6000,20036,0,3370046520.000,0,-,-,-,-,2867.6000,2867.4000,2867.2000,2867.0000,2866.8000,2867.8000,2868.0000,2868.2000,2868.4000,2868.8000,1,11,12,3,2,1,1,2,1,2
SF,IH2006,2020-06-17 09:47:28.200,2867.6000,20036,0,3370046520.000,0,-,-,-,-,2867.6000,2867.4000,2867.2000,2867.0000,2866.8000,2867.8000,2868.0000,2868.2000,2868.4000,2868.8000,1,11,12,3,2,1,1,2,1,2
SF,IH2006,2020-06-17 09:47:28.700,2867.6000,20036,0,3371767140.000,2,1,1,空换,B,2867.4000,2867.2000,2867.0000,2866.8000,2866.6000,2868.0000,2868.2000,2868.4000,2868.8000,2869.0000,11,12,3,2,11,1,2,1,2,4
SF,IH2006,2020-06-17 09:47:29.700,2867.6000,20036,0,3371767140.000,0,-,-,-,-,2867.4000,2867.2000,2867.0000,2866.8000,2866.6000,2867.8000,2868.0000,2868.2000,2868.4000,2868.8000,11,12,3,2,11,1,2,2,1,2
SF,IH2006,2020-06-17 09:47:30.200,2868.0000,20035,-1,3372627540.000,1,0,1,双平,B,2867.4000,2867.2000,2867.0000,2866.8000,2866.6000,2868.0000,2868.2000,2868.4000,2868.8000,2869.0000,11,12,3,2,11,2,2,1,2,4
SF,IH2006,2020-06-17 09:47:30.700,2868.0000,20035,0,3372627540.000,0,-,-,-,-,2867.4000,2867.2000,2867.0000,2866.8000,2866.6000,2868.0000,2868.2000,2868.4000,2868.8000,2869.0000,11,12,3,2,11,2,2,1,2,4
SF,IH2006,2020-06-17 09:47:31.200,2868.0000,20035,0,3372627540.000,0,-,-,-,-,2867.4000,2867.2000,2867.0000,2866.8000,2866.6000,2868.0000,2868.2000,2868.4000,2868.8000,2869.0000,11,12,3,2,11,2,2,1,2,4
SF,IH2006,2020-06-17 09:47:31.700,2868.0000,20035,0,3372627540.000,0,-,-,-,-,2867.6000,2867.4000,2867.2000,2867.0000,2866.8000,2868.0000,2868.2000,2868.4000,2868.8000,2869.0000,1,11,12,3,8,2,1,1,2,4
SF,IH2006,2020-06-17 09:47:32.200,2868.0000,20036,1,3374348340.000,2,1,1,多开,B,2867.6000,2867.4000,2867.2000,2867.0000,2866.8000,2868.4000,2868.8000,2869.0000,2869.2000,2869.4000,1,12,12,3,8,1,2,4,1,2
SF,IH2006,2020-06-17 09:47:32.700,2868.0000,20036,0,3374348340.000,0,-,-,-,-,2867.6000,2867.4000,2867.2000,2867.0000,2866.8000,2868.2000,2868.4000,2868.6000,2868.8000,2869.0000,4,11,12,3,8,2,2,1,2,4
SF,IH2006,2020-06-17 09:47:33.200,2868.0000,20036,0,3374348340.000,0,-,-,-,-,2867.6000,2867.4000,2867.2000,2867.0000,2866.8000,2868.2000,2868.4000,2868.6000,2868.8000,2869.0000,3,11,12,3,8,3,2,1,2,4
SF,IH2006,2020-06-17 09:47:33.700,2868.0000,20036,0,3374348340.000,0,-,-,-,-,2867.6000,2867.4000,2867.2000,2867.0000,2866.8000,2868.2000,2868.4000,2868.6000,2868.8000,2869.0000,2,11,12,3,8,3,2,1,2,4
SF,IH2006,2020-06-17 09:47:34.200,2867.6000,20034,-2,3376068900.000,2,0,2,双平,B,2867.4000,2867.2000,2867.0000,2866.8000,2866.6000,2867.6000,2868.0000,2868.2000,2868.4000,2868.6000,11,12,3,8,11,3,1,3,2,1
SF,IH2006,2020-06-17 09:47:34.700,2867.6000,20032,-2,3377789460.000,2,0,2,双平,B,2867.4000,2867.2000,2867.0000,2866.8000,2866.6000,2867.6000,2868.0000,2868.2000,2868.4000,2868.6000,11,11,3,8,11,1,1,3,2,1
SF,IH2006,2020-06-17 09:47:35.700,2867.6000,20031,-1,3381230400.000,4,1,3,空平,B,2867.4000,2867.2000,2867.0000,2866.8000,2866.6000,2868.0000,2868.2000,2868.4000,2868.6000,2868.8000,8,11,3,8,11,1,3,2,1,2
SF,IH2006,2020-06-17 09:47:36.200,2867.4000,20031,0,3382950840.000,2,1,1,空换,B,2867.4000,2867.2000,2867.0000,2866.8000,2866.6000,2867.8000,2868.0000,2868.2000,2868.4000,2868.6000,6,12,3,8,11,5,3,1,2,1
SF,IH2006,2020-06-17 09:47:36.700,2867.4000,20029,-2,3388972440.000,7,2,5,空平,B,2867.2000,2867.0000,2866.8000,2866.6000,2866.4000,2867.6000,2867.8000,2868.0000,2868.2000,2868.4000,12,3,8,11,1,1,5,3,1,2
SF,IH2006,2020-06-17 09:47:37.200,2867.2000,20027,-2,3390692760.000,2,0,2,双平,B,2867.2000,2867.0000,2866.8000,2866.6000,2866.4000,2867.6000,2867.8000,2868.0000,2868.2000,2868.4000,10,3,8,11,1,4,6,3,1,1
SF,IH2006,2020-06-17 09:47:37.700,2867.2000,20027,0,3390692760.000,0,-,-,-,-,2867.2000,2867.0000,2866.8000,2866.6000,2866.4000,2867.6000,2867.8000,2868.0000,2868.2000,2868.4000,10,3,8,11,1,5,6,3,1,1
SF,IH2006,2020-06-17 09:47:38.200,2867.2000,20027,0,3390692760.000,0,-,-,-,-,2867.2000,2867.0000,2866.8000,2866.6000,2866.4000,2867.6000,2867.8000,2868.0000,2868.2000,2868.4000,10,3,8,11,1,5,7,3,1,1
SF,IH2006,2020-06-17 09:47:38.700,2867.2000,20027,0,3390692760.000,0,-,-,-,-,2867.2000,2867.0000,2866.8000,2866.6000,2866.4000,2867.6000,2867.8000,2868.0000,2868.2000,2868.4000,10,3,8,11,1,5,7,3,1,1
SF,IH2006,2020-06-17 09:47:39.700,2867.2000,20027,0,3393273240.000,3,1,2,空换,B,2867.2000,2867.0000,2866.8000,2866.6000,2866.4000,2867.6000,2867.8000,2868.0000,2868.2000,2868.4000,7,3,8,11,1,5,7,3,1,1
SF,IH2006,2020-06-17 09:47:40.200,2867.2000,20027,0,3394133400.000,1,0,1,空换,B,2867.2000,2867.0000,2866.8000,2866.6000,2866.4000,2867.6000,2867.8000,2868.0000,2868.2000,2868.4000,6,3,8,11,1,5,7,3,1,1
SF,IH2006,2020-06-17 09:47:40.700,2867.2000,20027,0,3394133400.000,0,-,-,-,-,2867.2000,2867.0000,2866.8000,2866.6000,2866.4000,2867.6000,2867.8000,2868.0000,2868.2000,2868.4000,6,3,8,11,1,5,7,4,1,1
SF,IH2006,2020-06-17 09:47:41.200,2867.4000,20027,0,3394993620.000,1,0,1,空换,B,2867.2000,2867.0000,2866.8000,2866.6000,2866.4000,2867.6000,2867.8000,2868.0000,2868.2000,2868.4000,6,3,8,11,1,5,7,3,1,1
SF,IH2006,2020-06-17 09:47:41.700,2867.4000,20027,0,3394993620.000,0,-,-,-,-,2867.2000,2867.0000,2866.8000,2866.6000,2866.4000,2867.6000,2867.8000,2868.0000,2868.2000,2868.4000,6,3,8,11,1,5,5,3,1,1
SF,IH2006,2020-06-17 09:47:42.200,2867.4000,20027,0,3394993620.000,0,-,-,-,-,2867.2000,2867.0000,2866.8000,2866.6000,2866.4000,2867.6000,2867.8000,2868.0000,2868.2000,2868.4000,6,3,8,11,1,6,5,3,1,1
SF,IH2006,2020-06-17 09:47:44.700,2867.4000,20027,0,3394993620.000,0,-,-,-,-,2867.2000,2867.0000,2866.8000,2866.6000,2866.4000,2867.6000,2867.8000,2868.0000,2868.2000,2868.4000,6,3,8,11,1,7,5,3,1,1
SF,IH2006,2020-06-17 09:47:45.200,2867.4000,20027,0,3394993620.000,0,-,-,-,-,2867.2000,2867.0000,2866.8000,2866.6000,2866.4000,2867.4000,2867.6000,2867.8000,2868.0000,2868.2000,6,3,8,11,1,1,7,5,3,1
SF,IH2006,2020-06-17 09:47:45.700,2867.4000,20027,0,3394993620.000,0,-,-,-,-,2867.2000,2867.0000,2866.8000,2866.6000,2866.4000,2867.4000,2867.6000,2867.8000,2868.0000,2868.2000,6,3,8,10,1,1,7,5,3,1
SF,IH2006,2020-06-17 09:47:46.200,2867.4000,20027,0,3394993620.000,0,-,-,-,-,2867.2000,2867.0000,2866.8000,2866.6000,2866.4000,2867.4000,2867.6000,2867.8000,2868.0000,2868.2000,6,3,8,10,1,2,7,5,3,1
SF,IH2006,2020-06-17 09:47:46.700,2867.2000,20026,-1,3400154580.000,6,2,4,空平,B,2867.0000,2866.8000,2866.6000,2866.4000,2866.2000,2867.4000,2867.6000,2867.8000,2868.0000,2868.2000,3,8,10,1,5,2,7,5,3,1
SF,IH2006,2020-06-17 09:47:47.200,2867.2000,20026,0,3400154580.000,0,-,-,-,-,2867.0000,2866.8000,2866.6000,2866.4000,2866.2000,2867.4000,2867.6000,2867.8000,2868.0000,2868.6000,3,8,10,1,5,3,4,5,1,1
SF,IH2006,2020-06-17 09:47:47.700,2867.2000,20026,0,3400154580.000,0,-,-,-,-,2867.0000,2866.8000,2866.6000,2866.4000,2866.2000,2867.4000,2867.6000,2867.8000,2868.0000,2868.6000,3,8,10,1,5,3,4,4,1,1
SF,IH2006,2020-06-17 09:47:49.700,2867.2000,20026,0,3400154580.000,0,-,-,-,-,2867.2000,2867.0000,2866.8000,2866.6000,2866.4000,2867.4000,2867.6000,2867.8000,2868.0000,2868.6000,1,3,8,10,1,3,4,4,1,1
SF,IH2006,2020-06-17 09:47:50.200,2867.2000,20026,0,3400154580.000,0,-,-,-,-,2867.2000,2867.0000,2866.8000,2866.6000,2866.4000,2867.4000,2867.6000,2867.8000,2868.0000,2868.6000,1,3,8,10,1,2,4,4,1,1
SF,IH2006,2020-06-17 09:47:50.700,2867.2000,20026,0,3401014740.000,1,0,1,空换,B,2867.0000,2866.8000,2866.6000,2866.4000,2866.2000,2867.4000,2867.6000,2867.8000,2868.0000,2868.6000,3,8,10,1,5,2,4,4,1,1
SF,IH2006,2020-06-17 09:47:51.700,2867.2000,20026,0,3401014740.000,0,-,-,-,-,2867.0000,2866.8000,2866.6000,2866.4000,2866.2000,2867.2000,2867.4000,2867.6000,2867.8000,2868.0000,3,8,10,1,5,1,2,4,4,1
SF,IH2006,2020-06-17 09:47:52.200,2867.0000,20026,0,3401874840.000,1,0,1,空换,B,2867.0000,2866.8000,2866.6000,2866.4000,2866.2000,2867.2000,2867.4000,2867.6000,2867.8000,2868.0000,2,8,10,1,5,1,2,4,4,1
SF,IH2006,2020-06-17 09:47:52.700,2867.0000,20026,0,3401874840.000,0,-,-,-,-,2867.0000,2866.8000,2866.6000,2866.4000,2866.2000,2867.2000,2867.4000,2867.6000,2867.8000,2868.0000,2,8,10,1,5,2,2,4,4,1
SF,IH2006,2020-06-17 09:47:53.200,2867.0000,20026,0,3401874840.000,0,-,-,-,-,2867.0000,2866.8000,2866.6000,2866.4000,2866.2000,2867.2000,2867.4000,2867.6000,2867.8000,2868.0000,2,8,10,1,5,3,2,4,4,1
SF,IH2006,2020-06-17 09:47:54.200,2867.2000,20025,-1,3403595160.000,2,0,2,空平,B,2867.0000,2866.8000,2866.6000,2866.4000,2866.2000,2867.2000,2867.4000,2867.6000,2867.8000,2868.0000,2,8,10,1,5,1,2,4,4,1
SF,IH2006,2020-06-17 09:47:54.700,2867.0000,20024,-1,3405315420.000,2,0,2,空平,B,2867.0000,2866.8000,2866.6000,2866.4000,2866.2000,2867.4000,2867.6000,2867.8000,2868.0000,2868.6000,1,8,10,1,5,2,4,4,1,1
SF,IH2006,2020-06-17 09:47:55.200,2867.0000,20024,0,3405315420.000,0,-,-,-,-,2867.0000,2866.8000,2866.6000,2866.4000,2866.2000,2867.4000,2867.6000,2867.8000,2868.0000,2868.6000,2,8,10,1,5,2,4,4,1,1
SF,IH2006,2020-06-17 09:47:56.200,2867.0000,20024,0,3406175520.000,1,0,1,空换,B,2867.0000,2866.8000,2866.6000,2866.4000,2866.2000,2867.4000,2867.6000,2867.8000,2868.0000,2868.6000,1,8,10,1,5,2,4,4,1,1
SF,IH2006,2020-06-17 09:47:56.700,2867.0000,20024,0,3406175520.000,0,-,-,-,-,2867.0000,2866.8000,2866.6000,2866.4000,2866.2000,2867.4000,2867.6000,2867.8000,2868.0000,2868.6000,3,8,10,1,5,2,4,4,1,1
SF,IH2006,2020-06-17 09:47:57.200,2867.0000,20024,0,3407035620.000,1,0,1,空换,B,2867.0000,2866.8000,2866.6000,2866.4000,2866.2000,2867.4000,2867.6000,2867.8000,2868.0000,2868.6000,2,8,10,1,5,2,4,4,1,1
SF,IH2006,2020-06-17 09:47:59.200,2867.0000,20024,0,3407035620.000,0,-,-,-,-,2867.0000,2866.8000,2866.6000,2866.4000,2866.2000,2867.4000,2867.6000,2867.8000,2868.0000,2868.6000,2,8,10,1,5,2,4,4,7,1
SF,IH2006,2020-06-17 09:48:01.200,2867.4000,20024,0,3407895840.000,1,0,1,空换,B,2867.0000,2866.8000,2866.6000,2866.4000,2866.2000,2867.4000,2867.6000,2867.8000,2868.0000,2868.6000,2,8,10,1,5,1,4,4,7,1
SF,IH2006,2020-06-17 09:48:01.700,2867.4000,20023,-1,3409616160.000,2,0,2,空平,B,2867.0000,2866.8000,2866.6000,2866.4000,2866.2000,2867.6000,2867.8000,2868.0000,2868.6000,2868.8000,2,8,10,1,5,4,4,7,1,3
SF,IH2006,2020-06-17 09:48:02.200,2867.4000,20023,0,3409616160.000,0,-,-,-,-,2867.0000,2866.8000,2866.6000,2866.4000,2866.2000,2867.6000,2867.8000,2868.0000,2868.6000,2868.8000,2,8,10,1,5,4,3,7,2,3
SF,IH2006,2020-06-17 09:48:02.700,2867.4000,20023,0,3409616160.000,0,-,-,-,-,2867.0000,2866.8000,2866.6000,2866.4000,2866.2000,2867.6000,2867.8000,2868.0000,2868.6000,2868.8000,2,8,10,1,5,12,3,7,1,3
SF,IH2006,2020-06-17 09:48:03.200,2867.4000,20023,0,3409616160.000,0,-,-,-,-,2867.0000,2866.8000,2866.6000,2866.4000,2866.2000,2867.6000,2867.8000,2868.0000,2868.6000,2868.8000,4,8,10,1,5,12,3,7,1,3
SF,IH2006,2020-06-17 09:48:03.700,2867.6000,20023,0,3411336720.000,2,1,1,空换,B,2867.0000,2866.8000,2866.6000,2866.4000,2866.2000,2867.6000,2867.8000,2868.0000,2868.6000,2868.8000,4,8,10,1,5,10,3,7,2,3
SF,IH2006,2020-06-17 09:48:04.200,2867.6000,20022,-1,3414777840.000,4,1,3,空平,B,2867.0000,2866.8000,2866.6000,2866.4000,2866.2000,2867.6000,2867.8000,2868.0000,2868.6000,2868.8000,4,8,10,1,5,6,3,7,1,3
SF,IH2006,2020-06-17 09:48:04.700,2867.6000,20021,-1,3415638120.000,1,0,1,双平,B,2867.2000,2867.0000,2866.8000,2866.6000,2866.4000,2867.6000,2867.8000,2868.0000,2868.6000,2868.8000,3,4,8,10,1,5,3,7,1,3
SF,IH2006,2020-06-17 09:48:05.200,2867.6000,20021,0,3416498400.000,1,0,1,空换,B,2867.2000,2867.0000,2866.8000,2866.6000,2866.4000,2867.6000,2867.8000,2868.0000,2868.6000,2868.8000,3,4,8,10,1,4,2,7,1,3
SF,IH2006,2020-06-17 09:48:06.200,2867.6000,20021,0,3416498400.000,0,-,-,-,-,2867.2000,2867.0000,2866.8000,2866.6000,2866.4000,2867.4000,2867.6000,2867.8000,2868.0000,2868.6000,3,4,8,10,1,1,4,2,7,1
SF,IH2006,2020-06-17 09:48:06.700,2867.4000,20020,-1,3417358620.000,1,0,1,双平,B,2867.2000,2867.0000,2866.8000,2866.6000,2866.4000,2867.6000,2867.8000,2868.0000,2868.6000,2868.8000,3,4,8,10,6,4,2,7,1,3
SF,IH2006,2020-06-17 09:48:07.200,2867.6000,20019,-1,3418218900.000,1,0,1,双平,B,2867.2000,2867.0000,2866.8000,2866.6000,2866.4000,2867.6000,2867.8000,2868.0000,2868.6000,2868.8000,3,4,8,10,6,3,2,7,2,3
SF,IH2006,2020-06-17 09:48:07.700,2867.2000,20018,-1,3419079060.000,1,0,1,双平,B,2867.2000,2867.0000,2866.8000,2866.6000,2866.4000,2867.6000,2867.8000,2868.0000,2868.6000,2868.8000,3,4,8,10,6,3,2,7,2,3
SF,IH2006,2020-06-17 09:48:08.200,2867.2000,20018,0,3419079060.000,0,-,-,-,-,2867.2000,2867.0000,2866.8000,2866.6000,2866.4000,2867.4000,2867.6000,2867.8000,2868.0000,2868.6000,6,4,8,10,6,1,3,2,7,1
SF,IH2006,2020-06-17 09:48:08.700,2867.2000,20018,0,3419079060.000,0,-,-,-,-,2867.2000,2867.0000,2866.8000,2866.6000,2866.4000,2867.4000,2867.6000,2867.8000,2868.0000,2868.6000,7,4,8,10,6,1,3,2,7,1
SF,IH2006,2020-06-17 09:48:09.700,2867.6000,20017,-1,3423380340.000,5,2,3,空平,B,2867.2000,2867.0000,2866.8000,2866.6000,2866.4000,2867.8000,2868.0000,2868.6000,2868.8000,2869.0000,7,4,8,10,6,1,7,1,3,4
SF,IH2006,2020-06-17 09:48:10.200,2867.6000,20017,0,3423380340.000,0,-,-,-,-,2867.2000,2867.0000,2866.8000,2866.6000,2866.4000,2867.8000,2868.0000,2868.8000,2869.0000,2869.2000,8,4,8,10,6,1,7,3,4,1
SF,IH2006,2020-06-17 09:48:10.700,2867.4000,20016,-1,3424240560.000,1,0,1,双平,B,2867.2000,2867.0000,2866.8000,2866.6000,2866.4000,2867.8000,2868.0000,2868.6000,2868.8000,2869.0000,8,4,8,10,6,1,7,1,3,4
SF,IH2006,2020-06-17 09:48:11.200,2867.4000,20016,0,3424240560.000,0,-,-,-,-,2867.4000,2867.2000,2867.0000,2866.8000,2866.6000,2867.6000,2867.8000,2868.0000,2868.6000,2868.8000,1,8,4,8,10,1,1,7,1,3
SF,IH2006,2020-06-17 09:48:11.700,2867.6000,20016,0,3425100840.000,1,0,1,空换,B,2867.4000,2867.2000,2867.0000,2866.8000,2866.6000,2867.8000,2868.0000,2868.6000,2868.8000,2869.0000,2,8,4,8,10,1,7,1,3,4
SF,IH2006,2020-06-17 09:48:12.200,2867.2000,20010,-6,3430261920.000,6,0,6,双平,B,2867.2000,2867.0000,2866.8000,2866.6000,2866.4000,2867.8000,2868.0000,2868.6000,2868.8000,2869.0000,4,4,8,10,6,1,7,1,3,4
SF,IH2006,2020-06-17 09:48:12.700,2867.2000,20010,0,3430261920.000,0,-,-,-,-,2867.4000,2867.2000,2867.0000,2866.8000,2866.6000,2867.8000,2868.0000,2868.8000,2869.0000,2869.2000,1,12,4,8,10,1,7,3,4,1
SF,IH2006,2020-06-17 09:48:13.200,2867.2000,20010,0,3430261920.000,0,-,-,-,-,2867.4000,2867.2000,2867.0000,2866.8000,2866.6000,2867.8000,2868.0000,2868.8000,2869.0000,2869.2000,2,12,4,8,10,1,7,3,4,1
SF,IH2006,2020-06-17 09:48:13.700,2867.8000,20010,0,3431122260.000,1,0,1,空换,B,2867.4000,2867.2000,2867.0000,2866.8000,2866.6000,2868.0000,2868.8000,2869.0000,2869.2000,2869.4000,2,12,4,8,10,7,3,4,1,2
SF,IH2006,2020-06-17 09:48:14.200,2867.4000,20009,-1,3431982480.000,1,0,1,双平,B,2867.4000,2867.2000,2867.0000,2866.8000,2866.6000,2867.8000,2868.0000,2868.8000,2869.0000,2869.2000,2,12,4,8,10,1,8,4,4,1
SF,IH2006,2020-06-17 09:48:14.700,2867.4000,20008,-1,3432842700.000,1,0,1,双平,B,2867.2000,2867.0000,2866.8000,2866.6000,2866.4000,2867.4000,2867.8000,2868.0000,2868.8000,2869.0000,9,4,8,10,6,1,1,8,4,4
SF,IH2006,2020-06-17 09:48:15.200,2867.4000,20008,0,3433702920.000,1,0,1,空换,B,2867.4000,2867.2000,2867.0000,2866.8000,2866.6000,2867.8000,2868.0000,2868.8000,2869.0000,2869.2000,1,8,4,8,10,1,8,4,4,1
SF,IH2006,2020-06-17 09:48:15.700,2867.4000,20008,0,3433702920.000,0,-,-,-,-,2867.2000,2867.0000,2866.8000,2866.6000,2866.4000,2867.6000,2867.8000,2868.0000,2868.8000,2869.0000,8,4,8,10,6,1,2,8,4,4
SF,IH2006,2020-06-17 09:48:16.200,2867.2000,20007,-1,3434563080.000,1,0,1,双平,B,2867.2000,2867.0000,2866.8000,2866.6000,2866.4000,2867.6000,2867.8000,2868.0000,2868.8000,2869.0000,7,4,8,10,6,1,2,8,4,4
SF,IH2006,2020-06-17 09:48:16.700,2867.2000,20007,0,3434563080.000,0,-,-,-,-,2867.2000,2867.0000,2866.8000,2866.6000,2866.4000,2867.6000,2867.8000,2868.0000,2868.8000,2869.0000,7,4,8,10,6,2,2,8,4,4
SF,IH2006,2020-06-17 09:48:17.700,2867.2000,20007,0,3434563080.000,0,-,-,-,-,2867.2000,2867.0000,2866.8000,2866.6000,2866.4000,2867.6000,2867.8000,2868.0000,2868.8000,2869.0000,8,4,8,10,6,2,2,8,4,4
SF,IH2006,2020-06-17 09:48:18.200,2867.2000,20007,0,3434563080.000,0,-,-,-,-,2867.2000,2867.0000,2866.8000,2866.6000,2866.4000,2867.4000,2867.6000,2867.8000,2868.0000,2868.8000,8,4,8,10,6,1,2,2,8,4
SF,IH2006,2020-06-17 09:48:19.700,2867.2000,20007,0,3434563080.000,0,-,-,-,-,2867.2000,2867.0000,2866.8000,2866.6000,2866.4000,2867.4000,2867.6000,2867.8000,2868.0000,2868.8000,8,4,8,10,6,1,2,3,8,4
SF,IH2006,2020-06-17 09:48:20.200,2867.2000,20007,0,3434563080.000,0,-,-,-,-,2867.2000,2867.0000,2866.8000,2866.6000,2866.4000,2867.4000,2867.6000,2867.8000,2868.0000,2868.8000,8,4,8,10,6,1,3,3,8,4
SF,IH2006,2020-06-17 09:48:20.700,2867.6000,20004,-3,3437143860.000,3,0,3,双平,B,2867.4000,2867.2000,2867.0000,2866.8000,2866.6000,2867.6000,2867.8000,2868.0000,2868.8000,2869.0000,14,11,11,8,10,1,3,8,4,4
SF,IH2006,2020-06-17 09:48:21.200,2867.8000,20000,-4,3440585160.000,4,0,4,双平,B,2867.8000,2867.6000,2867.4000,2867.2000,2867.0000,2868.0000,2868.8000,2869.0000,2869.2000,2869.4000,6,14,2,11,11,8,4,4,1,2
SF,IH2006,2020-06-17 09:48:21.700,2868.0000,19996,-4,3450909960.000,12,4,8,空平,B,2867.6000,2867.4000,2867.2000,2867.0000,2866.8000,2868.8000,2869.0000,2869.2000,2869.4000,2869.6000,9,1,11,11,8,4,4,1,2,2
SF,IH2006,2020-06-17 09:48:22.200,2868.6000,19993,-3,3453491460.000,3,0,3,双平,B,2867.8000,2867.6000,2867.4000,2867.2000,2867.0000,2868.6000,2868.8000,2869.0000,2869.2000,2869.4000,2,16,1,11,10,6,5,4,1,2
SF,IH2006,2020-06-17 09:48:22.700,2868.6000,19993,0,3453491460.000,0,-,-,-,-,2867.8000,2867.6000,2867.4000,2867.2000,2867.0000,2868.6000,2868.8000,2869.0000,2869.2000,2869.4000,3,17,1,11,10,3,4,4,1,2
SF,IH2006,2020-06-17 09:48:23.200,2868.6000,19993,0,3453491460.000,0,-,-,-,-,2868.0000,2867.8000,2867.6000,2867.4000,2867.2000,2868.4000,2868.6000,2868.8000,2869.0000,2869.2000,1,3,16,2,11,1,3,4,4,1
SF,IH2006,2020-06-17 09:48:23.700,2868.4000,19991,-2,3456072960.000,3,0,3,空平,B,2868.0000,2867.8000,2867.6000,2867.4000,2867.2000,2868.6000,2868.8000,2869.0000,2869.2000,2869.4000,3,3,16,2,8,3,4,4,1,2
SF,IH2006,2020-06-17 09:48:24.200,2868.4000,19991,0,3456072960.000,0,-,-,-,-,2868.0000,2867.8000,2867.6000,2867.4000,2867.2000,2868.6000,2868.8000,2869.0000,2869.2000,2869.4000,3,3,16,2,8,4,4,4,1,2
SF,IH2006,2020-06-17 09:48:24.700,2868.6000,19989,-2,3457794120.000,2,0,2,双平,B,2868.0000,2867.8000,2867.6000,2867.4000,2867.2000,2868.6000,2868.8000,2869.0000,2869.2000,2869.4000,3,3,17,2,8,1,4,4,1,2
SF,IH2006,2020-06-17 09:48:25.200,2868.6000,19988,-1,3458654700.000,1,0,1,双平,B,2868.6000,2868.2000,2868.0000,2867.8000,2867.6000,2868.8000,2869.0000,2869.2000,2869.4000,2869.6000,5,3,3,3,17,3,4,1,2,2
SF,IH2006,2020-06-17 09:48:25.700,2868.8000,19986,-2,3461236560.000,3,0,3,空平,B,2868.6000,2868.2000,2868.0000,2867.8000,2867.6000,2868.8000,2869.0000,2869.2000,2869.4000,2869.6000,4,3,3,3,15,1,4,1,2,2
SF,IH2006,2020-06-17 09:48:26.200,2868.8000,19985,-1,3462957780.000,2,0,2,空平,B,2868.8000,2868.6000,2868.2000,2868.0000,2867.8000,2869.0000,2869.2000,2869.4000,2869.6000,2869.8000,2,3,3,3,4,4,1,2,2,8
SF,IH2006,2020-06-17 09:48:26.700,2869.0000,19982,-3,3468121740.000,6,1,5,空平,B,2868.6000,2868.2000,2868.0000,2867.8000,2867.6000,2869.0000,2869.2000,2869.4000,2869.6000,2869.8000,3,3,3,2,15,1,2,2,2,8
SF,IH2006,2020-06-17 09:48:27.200,2869.2000,19979,-3,3471564660.000,4,0,4,空平,B,2868.6000,2868.2000,2868.0000,2867.8000,2867.6000,2869.4000,2869.6000,2869.8000,2870.0000,2870.2000,1,3,3,2,20,2,2,7,9,1
SF,IH2006,2020-06-17 09:48:27.700,2869.2000,19979,0,3471564660.000,0,-,-,-,-,2868.6000,2868.2000,2868.0000,2867.8000,2867.6000,2869.0000,2869.2000,2869.4000,2869.6000,2869.8000,2,2,4,2,20,1,6,3,2,7
SF,IH2006,2020-06-17 09:48:28.200,2868.6000,19979,0,3472425240.000,1,0,1,空换,B,2868.2000,2868.0000,2867.8000,2867.6000,2867.4000,2869.0000,2869.2000,2869.4000,2869.6000,2869.8000,2,4,2,20,2,2,6,5,2,7
SF,IH2006,2020-06-17 09:48:28.700,2869.0000,19979,0,3473285940.000,1,0,1,空换,B,2868.4000,2868.2000,2868.0000,2867.8000,2867.6000,2869.2000,2869.4000,2869.6000,2869.8000,2870.0000,1,2,4,2,20,6,5,2,7,9
SF,IH2006,2020-06-17 09:48:29.200,2869.0000,19979,0,3473285940.000,0,-,-,-,-,2868.6000,2868.4000,2868.2000,2868.0000,2867.8000,2869.0000,2869.2000,2869.4000,2869.6000,2869.8000,1,1,2,4,2,1,7,4,2,7
SF,IH2006,2020-06-17 09:48:29.700,2868.6000,19978,-1,3474146520.000,1,0,1,双平,B,2868.4000,2868.2000,2868.0000,2867.8000,2867.6000,2869.0000,2869.2000,2869.4000,2869.6000,2869.8000,2,3,4,2,18,2,7,4,2,7
SF,IH2006,2020-06-17 09:48:30.200,2868.4000,19977,-1,3475007040.000,1,0,1,双平,B,2868.4000,2868.2000,2868.0000,2867.8000,2867.6000,2869.0000,2869.2000,2869.4000,2869.6000,2869.8000,1,3,4,2,18,3,7,4,2,7
SF,IH2006,2020-06-17 09:48:30.700,2868.4000,19977,0,3475007040.000,0,-,-,-,-,2868.4000,2868.2000,2868.0000,2867.8000,2867.6000,2868.8000,2869.0000,2869.2000,2869.4000,2869.6000,1,3,1,2,13,1,5,6,4,2
SF,IH2006,2020-06-17 09:48:31.200,2868.4000,19977,0,3475007040.000,0,-,-,-,-,2868.4000,2868.2000,2868.0000,2867.8000,2867.6000,2868.8000,2869.0000,2869.2000,2869.4000,2869.6000,1,3,1,2,13,6,4,4,4,2
SF,IH2006,2020-06-17 09:48:31.700,2868.4000,19977,0,3475007040.000,0,-,-,-,-,2868.4000,2868.2000,2868.0000,2867.8000,2867.6000,2868.8000,2869.0000,2869.2000,2869.4000,2869.6000,1,3,1,2,13,6,5,4,4,2
SF,IH2006,2020-06-17 09:48:32.700,2868.4000,19977,0,3475007040.000,0,-,-,-,-,2868.4000,2868.2000,2868.0000,2867.8000,2867.6000,2868.8000,2869.0000,2869.2000,2869.4000,2869.6000,1,3,1,2,13,7,4,4,4,2
SF,IH2006,2020-06-17 09:48:33.700,2868.4000,19977,0,3475007040.000,0,-,-,-,-,2868.4000,2868.2000,2868.0000,2867.8000,2867.6000,2868.8000,2869.0000,2869.2000,2869.4000,2869.6000,2,3,1,2,13,7,4,4,4,2
SF,IH2006,2020-06-17 09:48:34.200,2868.4000,19977,0,3475007040.000,0,-,-,-,-,2868.4000,2868.2000,2868.0000,2867.8000,2867.6000,2868.6000,2868.8000,2869.0000,2869.2000,2869.4000,2,1,1,2,13,3,4,4,4,4
SF,IH2006,2020-06-17 09:48:34.700,2868.4000,19979,2,3476728080.000,2,2,0,双开,B,2868.2000,2868.0000,2867.8000,2867.6000,2867.4000,2868.6000,2868.8000,2869.0000,2869.2000,2869.4000,1,1,2,13,2,3,4,4,4,4
SF,IH2006,2020-06-17 09:48:35.200,2868.6000,19979,0,3478449240.000,2,1,1,空换,B,2868.2000,2868.0000,2867.8000,2867.6000,2867.4000,2868.6000,2868.8000,2869.0000,2869.2000,2869.4000,1,1,8,13,2,1,4,4,4,4
SF,IH2006,2020-06-17 09:48:35.700,2868.6000,19979,0,3478449240.000,0,-,-,-,-,2868.2000,2868.0000,2867.8000,2867.6000,2867.4000,2868.8000,2869.0000,2869.2000,2869.4000,2869.6000,2,1,8,13,2,4,4,4,4,2
SF,IH2006,2020-06-17 09:48:36.200,2868.6000,19979,0,3480170400.000,2,1,1,空换,B,2868.2000,2868.0000,2867.8000,2867.6000,2867.4000,2868.8000,2869.0000,2869.2000,2869.4000,2869.6000,2,1,8,12,2,3,4,4,4,2
SF,IH2006,2020-06-17 09:48:38.200,2868.6000,19979,0,3480170400.000,0,-,-,-,-,2868.2000,2868.0000,2867.8000,2867.6000,2867.4000,2868.6000,2868.8000,2869.0000,2869.2000,2869.4000,2,1,8,12,2,1,4,4,4,4
SF,IH2006,2020-06-17 09:48:38.700,2868.6000,19979,0,3480170400.000,0,-,-,-,-,2868.2000,2868.0000,2867.8000,2867.6000,2867.4000,2868.6000,2868.8000,2869.0000,2869.2000,2869.4000,6,1,8,12,2,1,4,4,4,4
SF,IH2006,2020-06-17 09:48:39.200,2868.6000,19979,0,3480170400.000,0,-,-,-,-,2868.2000,2868.0000,2867.8000,2867.6000,2867.4000,2868.6000,2868.8000,2869.0000,2869.2000,2869.4000,6,1,8,12,2,1,4,5,4,4
SF,IH2006,2020-06-17 09:48:40.200,2868.6000,19979,0,3481030980.000,1,0,1,空换,B,2868.2000,2868.0000,2867.8000,2867.6000,2867.4000,2868.8000,2869.0000,2869.2000,2869.4000,2869.6000,6,1,8,12,2,3,5,4,4,2
SF,IH2006,2020-06-17 09:48:40.700,2868.6000,19979,0,3481030980.000,0,-,-,-,-,2868.2000,2868.0000,2867.8000,2867.6000,2867.4000,2868.8000,2869.0000,2869.2000,2869.4000,2869.6000,6,1,8,12,2,4,5,4,4,2
SF,IH2006,2020-06-17 09:48:41.200,2868.6000,19979,0,3481030980.000,0,-,-,-,-,2868.2000,2868.0000,2867.8000,2867.6000,2867.4000,2868.8000,2869.0000,2869.2000,2869.4000,2869.6000,6,1,8,12,2,2,5,4,4,2
SF,IH2006,2020-06-17 09:48:42.700,2868.6000,19979,0,3481030980.000,0,-,-,-,-,2868.2000,2868.0000,2867.8000,2867.6000,2867.4000,2868.6000,2868.8000,2869.0000,2869.2000,2869.4000,6,1,8,12,2,1,2,5,4,4
SF,IH2006,2020-06-17 09:48:43.200,2868.6000,19978,-1,3481891560.000,1,0,1,双平,B,2868.2000,2868.0000,2867.8000,2867.6000,2867.4000,2868.8000,2869.0000,2869.2000,2869.4000,2869.6000,9,1,8,12,2,3,5,4,4,2
SF,IH2006,2020-06-17 09:48:43.700,2868.6000,19978,0,3481891560.000,0,-,-,-,-,2868.2000,2868.0000,2867.8000,2867.6000,2867.4000,2868.8000,2869.0000,2869.2000,2869.4000,2869.6000,9,1,8,12,2,2,5,4,4,2
SF,IH2006,2020-06-17 09:48:44.200,2868.8000,19977,-1,3483612840.000,2,0,2,空平,B,2868.2000,2868.0000,2867.8000,2867.6000,2867.4000,2868.6000,2869.0000,2869.2000,2869.4000,2869.6000,9,1,8,12,2,1,5,4,4,2
SF,IH2006,2020-06-17 09:48:44.700,2868.6000,19977,0,3484473420.000,1,0,1,空换,B,2868.2000,2868.0000,2867.8000,2867.6000,2867.4000,2868.6000,2869.0000,2869.2000,2869.4000,2869.6000,9,1,8,12,2,1,5,4,4,2
SF,IH2006,2020-06-17 09:48:45.200,2868.6000,19977,0,3485334000.000,1,0,1,空换,B,2868.2000,2868.0000,2867.8000,2867.6000,2867.4000,2869.0000,2869.2000,2869.4000,2869.6000,2869.8000,9,1,8,12,2,5,4,4,2,7
SF,IH2006,2020-06-17 09:48:45.700,2868.6000,19977,0,3485334000.000,0,-,-,-,-,2868.2000,2868.0000,2867.8000,2867.6000,2867.4000,2869.0000,2869.2000,2869.4000,2869.6000,2869.8000,9,1,8,12,2,5,4,4,2,7
SF,IH2006,2020-06-17 09:48:46.200,2868.6000,19977,0,3485334000.000,0,-,-,-,-,2868.4000,2868.2000,2868.0000,2867.8000,2867.6000,2869.0000,2869.2000,2869.4000,2869.6000,2869.8000,1,9,1,8,12,4,4,4,2,7
SF,IH2006,2020-06-17 09:48:46.700,2868.6000,19977,0,3485334000.000,0,-,-,-,-,2868.4000,2868.2000,2868.0000,2867.8000,2867.6000,2869.0000,2869.2000,2869.4000,2869.6000,2869.8000,2,9,1,8,12,4,4,4,2,7
SF,IH2006,2020-06-17 09:48:47.200,2868.6000,19977,0,3485334000.000,0,-,-,-,-,2868.4000,2868.2000,2868.0000,2867.8000,2867.6000,2869.0000,2869.2000,2869.4000,2869.6000,2869.8000,2,9,1,8,12,4,4,4,2,7
SF,IH2006,2020-06-17 09:48:47.700,2868.6000,19977,0,3485334000.000,0,-,-,-,-,2868.4000,2868.2000,2868.0000,2867.8000,2867.6000,2868.8000,2869.0000,2869.2000,2869.4000,2869.6000,2,9,1,8,12,1,4,4,4,2
SF,IH2006,2020-06-17 09:48:48.200,2868.8000,19976,-1,3486194640.000,1,0,1,双平,B,2868.4000,2868.2000,2868.0000,2867.8000,2867.6000,2869.0000,2869.2000,2869.4000,2869.6000,2869.8000,2,9,1,8,12,3,4,4,2,6
SF,IH2006,2020-06-17 09:48:48.700,2868.8000,19976,0,3486194640.000,0,-,-,-,-,2868.4000,2868.2000,2868.0000,2867.8000,2867.6000,2869.0000,2869.2000,2869.4000,2869.6000,2869.8000,3,9,1,8,12,4,4,4,2,6
SF,IH2006,2020-06-17 09:48:49.200,2868.8000,19976,0,3486194640.000,0,-,-,-,-,2868.4000,2868.2000,2868.0000,2867.8000,2867.6000,2869.0000,2869.2000,2869.4000,2869.6000,2869.8000,3,9,1,8,12,3,3,4,2,6
SF,IH2006,2020-06-17 09:48:49.700,2868.8000,19976,0,3486194640.000,0,-,-,-,-,2868.4000,2868.2000,2868.0000,2867.8000,2867.6000,2869.0000,2869.2000,2869.4000,2869.6000,2869.8000,3,10,1,8,12,4,3,4,2,6
SF,IH2006,2020-06-17 09:48:50.200,2868.8000,19976,0,3486194640.000,0,-,-,-,-,2868.4000,2868.2000,2868.0000,2867.8000,2867.6000,2869.0000,2869.2000,2869.4000,2869.6000,2869.8000,3,7,1,8,12,4,3,4,2,6
SF,IH2006,2020-06-17 09:48:50.700,2868.8000,19976,0,3486194640.000,0,-,-,-,-,2868.4000,2868.2000,2868.0000,2867.8000,2867.6000,2869.0000,2869.2000,2869.4000,2869.6000,2869.8000,3,7,1,8,12,4,3,4,2,6
SF,IH2006,2020-06-17 09:48:51.700,2868.8000,19976,0,3486194640.000,0,-,-,-,-,2868.4000,2868.2000,2868.0000,2867.8000,2867.6000,2869.0000,2869.2000,2869.4000,2869.6000,2869.8000,3,13,1,8,12,4,3,4,2,6
SF,IH2006,2020-06-17 09:48:52.200,2868.8000,19976,0,3486194640.000,0,-,-,-,-,2868.8000,2868.6000,2868.4000,2868.2000,2868.0000,2869.0000,2869.2000,2869.4000,2869.6000,2869.8000,2,4,3,13,1,3,3,4,2,6
SF,IH2006,2020-06-17 09:48:52.700,2869.0000,19975,-1,3487055340.000,1,0,1,双平,B,2868.6000,2868.4000,2868.2000,2868.0000,2867.8000,2869.0000,2869.2000,2869.4000,2869.6000,2869.8000,4,3,13,1,7,2,1,4,2,6
SF,IH2006,2020-06-17 09:48:53.200,2869.2000,19974,-1,3489637500.000,3,1,2,空平,B,2869.2000,2869.0000,2868.8000,2868.6000,2868.4000,2869.4000,2869.6000,2869.8000,2870.0000,2870.2000,1,41,2,4,3,4,2,6,9,1
SF,IH2006,2020-06-17 09:48:53.700,2869.0000,19972,-2,3491359020.000,2,0,2,双平,B,2869.0000,2868.8000,2868.6000,2868.4000,2868.2000,2869.2000,2869.4000,2869.6000,2869.8000,2870.0000,4,3,4,3,13,4,1,2,6,9
SF,IH2006,2020-06-17 09:48:54.200,2869.2000,19968,-4,3495662580.000,5,0,5,空平,B,2868.8000,2868.6000,2868.4000,2868.2000,2868.0000,2869.2000,2869.4000,2869.6000,2869.8000,2870.0000,3,4,3,13,1,1,1,2,6,9
SF,IH2006,2020-06-17 09:48:54.700,2869.2000,19968,0,3495662580.000,0,-,-,-,-,2868.8000,2868.6000,2868.4000,2868.2000,2868.0000,2869.2000,2869.4000,2869.6000,2869.8000,2870.0000,4,4,3,12,1,1,1,2,6,9
SF,IH2006,2020-06-17 09:48:55.200,2869.2000,19967,-1,3496523340.000,1,0,1,双平,B,2868.8000,2868.6000,2868.4000,2868.2000,2868.0000,2869.4000,2869.6000,2869.8000,2870.0000,2870.2000,7,4,3,11,1,1,2,6,9,1
SF,IH2006,2020-06-17 09:48:55.700,2869.4000,19966,-1,3497384160.000,1,0,1,双平,B,2869.4000,2869.2000,2869.0000,2868.8000,2868.6000,2869.6000,2869.8000,2870.0000,2870.2000,2870.4000,2,3,4,7,1,2,6,9,1,3
SF,IH2006,2020-06-17 09:48:56.200,2869.8000,19963,-3,3502549500.000,6,1,5,空平,B,2869.4000,2869.0000,2868.8000,2868.6000,2868.4000,2869.8000,2870.0000,2870.2000,2870.4000,2870.8000,1,4,5,1,1,4,9,1,3,1
SF,IH2006,2020-06-17 09:48:56.700,2869.8000,19963,0,3502549500.000,0,-,-,-,-,2869.4000,2869.0000,2868.8000,2868.6000,2868.4000,2869.8000,2870.0000,2870.2000,2870.4000,2870.8000,1,4,5,2,1,5,9,1,3,1
SF,IH2006,2020-06-17 09:48:57.200,2869.8000,19964,1,3503410440.000,1,1,0,双开,B,2869.4000,2869.0000,2868.8000,2868.6000,2868.4000,2869.8000,2870.0000,2870.2000,2870.4000,2870.8000,1,4,6,2,1,4,9,1,1,1
SF,IH2006,2020-06-17 09:48:57.700,2869.4000,19964,0,3504271260.000,1,0,1,空换,B,2869.4000,2869.0000,2868.8000,2868.6000,2868.4000,2869.6000,2869.8000,2870.0000,2870.2000,2870.4000,1,4,7,1,1,1,3,9,1,1
SF,IH2006,2020-06-17 09:48:58.200,2869.6000,19965,1,3505132140.000,1,1,0,双开,B,2869.6000,2869.4000,2869.2000,2869.0000,2868.8000,2869.8000,2870.0000,2870.2000,2870.4000,2870.8000,2,5,1,4,4,3,9,1,1,1
SF,IH2006,2020-06-17 09:48:58.700,2869.8000,19965,0,3507714840.000,3,1,2,空换,B,2869.4000,2869.2000,2869.0000,2868.8000,2868.6000,2869.8000,2870.0000,2870.2000,2870.4000,2870.8000,5,1,4,4,1,3,9,1,1,1
SF,IH2006,2020-06-17 09:48:59.200,2869.6000,19964,-1,3508575720.000,1,0,1,双平,B,2869.4000,2869.2000,2869.0000,2868.8000,2868.6000,2869.8000,2870.0000,2870.2000,2870.4000,2870.8000,1,1,4,4,1,3,9,1,1,1
SF,IH2006,2020-06-17 09:48:59.700,2869.6000,19964,0,3508575720.000,0,-,-,-,-,2869.4000,2869.2000,2869.0000,2868.8000,2868.6000,2869.8000,2870.0000,2870.2000,2870.4000,2870.8000,1,1,5,4,1,3,9,1,1,1
SF,IH2006,2020-06-17 09:49:00.200,2869.8000,19963,-1,3509436660.000,1,0,1,双平,B,2869.6000,2869.4000,2869.2000,2869.0000,2868.8000,2869.8000,2870.0000,2870.2000,2870.4000,2870.8000,1,1,1,5,4,2,9,1,1,1
SF,IH2006,2020-06-17 09:49:00.700,2869.6000,19963,0,3512019420.000,3,1,2,空换,B,2869.4000,2869.2000,2869.0000,2868.8000,2868.6000,2870.0000,2870.2000,2870.4000,2870.8000,2871.0000,1,1,3,4,1,9,1,1,1,2
SF,IH2006,2020-06-17 09:49:01.200,2869.6000,19963,0,3512019420.000,0,-,-,-,-,2869.8000,2869.4000,2869.2000,2869.0000,2868.8000,2870.0000,2870.2000,2870.4000,2870.8000,2871.0000,4,3,1,3,4,9,1,1,1,3
SF,IH2006,2020-06-17 09:49:01.700,2869.8000,19961,-2,3513741300.000,2,0,2,双平,B,2869.8000,2869.6000,2869.4000,2869.2000,2869.0000,2870.0000,2870.2000,2870.4000,2870.8000,2871.0000,2,1,3,1,3,9,1,1,1,2
SF,IH2006,2020-06-17 09:49:03.200,2869.8000,19961,0,3513741300.000,0,-,-,-,-,2869.8000,2869.6000,2869.4000,2869.2000,2869.0000,2870.0000,2870.2000,2870.4000,2870.8000,2871.0000,2,1,3,2,3,9,1,1,1,2
SF,IH2006,2020-06-17 09:49:03.700,2869.8000,19961,0,3514602240.000,1,0,1,空换,B,2869.8000,2869.6000,2869.4000,2869.2000,2869.0000,2870.0000,2870.2000,2870.4000,2870.8000,2871.0000,2,1,3,2,3,9,1,1,1,2
SF,IH2006,2020-06-17 09:49:04.200,2869.8000,19961,0,3514602240.000,0,-,-,-,-,2869.8000,2869.6000,2869.4000,2869.2000,2869.0000,2870.0000,2870.2000,2870.4000,2870.8000,2871.0000,2,1,4,2,3,9,1,1,1,2
SF,IH2006,2020-06-17 09:49:04.700,2870.0000,19961,0,3516324180.000,2,1,1,空换,B,2869.8000,2869.6000,2869.4000,2869.2000,2869.0000,2870.0000,2870.2000,2870.4000,2870.8000,2871.0000,1,1,4,2,3,8,1,1,1,2
SF,IH2006,2020-06-17 09:49:05.200,2869.8000,19960,-1,3517185120.000,1,0,1,双平,B,2869.6000,2869.4000,2869.2000,2869.0000,2868.8000,2870.0000,2870.2000,2870.4000,2870.8000,2871.0000,2,4,2,3,3,12,1,1,1,2
SF,IH2006,2020-06-17 09:49:05.700,2869.8000,19960,0,3517185120.000,0,-,-,-,-,2869.6000,2869.4000,2869.2000,2869.0000,2868.8000,2870.0000,2870.2000,2870.4000,2870.8000,2871.0000,4,4,2,3,2,9,1,1,1,2
SF,IH2006,2020-06-17 09:49:06.200,2869.8000,19960,0,3517185120.000,0,-,-,-,-,2869.6000,2869.4000,2869.2000,2869.0000,2868.8000,2869.8000,2870.0000,2870.2000,2870.4000,2870.8000,4,4,2,3,2,2,9,1,1,1
SF,IH2006,2020-06-17 09:49:06.700,2869.8000,19961,1,3518907000.000,2,1,1,多开,B,2869.6000,2869.4000,2869.2000,2869.0000,2868.8000,2869.8000,2870.0000,2870.2000,2870.4000,2870.8000,4,4,2,3,2,1,10,1,1,1
SF,IH2006,2020-06-17 09:49:07.200,2869.6000,19959,-2,3521489700.000,3,0,3,空平,B,2869.6000,2869.4000,2869.2000,2869.0000,2868.8000,2870.0000,2870.2000,2870.4000,2870.8000,2871.0000,2,4,2,3,2,10,1,1,1,2
SF,IH2006,2020-06-17 09:49:08.700,2869.6000,19959,0,3521489700.000,0,-,-,-,-,2869.6000,2869.4000,2869.2000,2869.0000,2868.8000,2870.0000,2870.2000,2870.4000,2870.8000,2871.0000,2,2,2,3,8,10,1,1,1,2
SF,IH2006,2020-06-17 09:49:10.200,2869.6000,19959,0,3521489700.000,0,-,-,-,-,2869.6000,2869.4000,2869.2000,2869.0000,2868.8000,2870.0000,2870.2000,2870.4000,2870.8000,2871.0000,2,2,2,3,8,10,1,1,1,3
SF,IH2006,2020-06-17 09:49:10.700,2869.6000,19959,0,3522350580.000,1,0,1,空换,B,2869.6000,2869.4000,2869.2000,2869.0000,2868.8000,2870.0000,2870.2000,2870.4000,2870.8000,2871.0000,1,2,2,3,8,10,1,1,1,3
SF,IH2006,2020-06-17 09:49:11.200,2869.6000,19959,0,3522350580.000,0,-,-,-,-,2869.6000,2869.4000,2869.2000,2869.0000,2868.8000,2870.0000,2870.2000,2870.4000,2870.8000,2871.0000,1,2,2,3,8,10,1,1,1,3
SF,IH2006,2020-06-17 09:49:11.700,2869.6000,19960,1,3523211460.000,1,1,0,双开,B,2869.4000,2869.2000,2869.0000,2868.8000,2868.6000,2869.6000,2869.8000,2870.0000,2870.2000,2870.4000,2,2,3,8,1,1,1,11,1,1
SF,IH2006,2020-06-17 09:49:12.200,2869.6000,19960,0,3523211460.000,0,-,-,-,-,2869.4000,2869.2000,2869.0000,2868.8000,2868.6000,2869.8000,2870.0000,2870.2000,2870.4000,2870.8000,1,2,3,8,1,1,11,1,1,1
SF,IH2006,2020-06-17 09:49:13.200,2869.6000,19960,0,3523211460.000,0,-,-,-,-,2869.4000,2869.2000,2869.0000,2868.8000,2868.6000,2869.8000,2870.0000,2870.2000,2870.4000,2870.8000,1,2,3,8,1,1,11,1,1,1
SF,IH2006,2020-06-17 09:49:13.700,2869.6000,19960,0,3523211460.000,0,-,-,-,-,2869.4000,2869.2000,2869.0000,2868.8000,2868.6000,2869.8000,2870.0000,2870.2000,2870.4000,2870.8000,1,2,3,8,1,2,10,1,1,1
SF,IH2006,2020-06-17 09:49:14.200,2869.4000,19961,1,3524072280.000,1,1,0,双开,B,2869.2000,2869.0000,2868.8000,2868.6000,2868.4000,2869.8000,2870.0000,2870.2000,2870.4000,2870.8000,2,3,8,1,1,2,10,1,1,1
SF,IH2006,2020-06-17 09:49:14.700,2869.4000,19961,0,3524072280.000,0,-,-,-,-,2869.2000,2869.0000,2868.8000,2868.6000,2868.4000,2869.8000,2870.0000,2870.2000,2870.4000,2870.8000,3,3,8,1,1,4,10,1,1,1
SF,IH2006,2020-06-17 09:49:15.200,2869.4000,19961,0,3524072280.000,0,-,-,-,-,2869.2000,2869.0000,2868.8000,2868.6000,2868.4000,2869.8000,2870.0000,2870.2000,2870.4000,2870.8000,3,3,8,1,1,6,10,1,1,1
SF,IH2006,2020-06-17 09:49:15.700,2869.4000,19961,0,3524072280.000,0,-,-,-,-,2869.2000,2869.0000,2868.8000,2868.6000,2868.4000,2869.8000,2870.0000,2870.2000,2870.4000,2870.8000,3,3,8,1,1,5,9,2,1,3
SF,IH2006,2020-06-17 09:49:16.700,2869.4000,19961,0,3524072280.000,0,-,-,-,-,2869.2000,2869.0000,2868.8000,2868.6000,2868.4000,2869.8000,2870.0000,2870.2000,2870.4000,2870.6000,3,3,8,1,1,5,9,2,1,1
SF,IH2006,2020-06-17 09:49:17.200,2869.4000,19961,0,3524072280.000,0,-,-,-,-,2869.2000,2869.0000,2868.8000,2868.6000,2868.4000,2869.8000,2870.0000,2870.2000,2870.4000,2870.6000,3,3,8,1,1,6,9,2,1,1
SF,IH2006,2020-06-17 09:49:17.700,2869.4000,19961,0,3524072280.000,0,-,-,-,-,2869.2000,2869.0000,2868.8000,2868.6000,2868.4000,2869.8000,2870.0000,2870.2000,2870.4000,2870.6000,3,3,8,1,1,5,9,2,1,1
SF,IH2006,2020-06-17 09:49:18.200,2869.4000,19961,0,3524072280.000,0,-,-,-,-,2869.2000,2869.0000,2868.8000,2868.6000,2868.4000,2869.8000,2870.0000,2870.2000,2870.4000,2870.6000,3,3,8,1,1,6,9,2,1,1
SF,IH2006,2020-06-17 09:49:18.700,2869.4000,19961,0,3524072280.000,0,-,-,-,-,2869.2000,2869.0000,2868.8000,2868.6000,2868.4000,2869.8000,2870.0000,2870.2000,2870.4000,2870.6000,4,3,8,1,1,6,9,2,1,1
SF,IH2006,2020-06-17 09:49:19.200,2869.4000,19961,0,3524072280.000,0,-,-,-,-,2869.2000,2869.0000,2868.8000,2868.6000,2868.4000,2869.8000,2870.0000,2870.2000,2870.4000,2870.6000,4,3,8,1,1,7,9,2,1,1
SF,IH2006,2020-06-17 09:49:19.700,2869.4000,19961,0,3524072280.000,0,-,-,-,-,2869.2000,2869.0000,2868.8000,2868.6000,2868.4000,2869.8000,2870.0000,2870.2000,2870.4000,2870.6000,4,3,8,1,1,6,9,2,1,1
SF,IH2006,2020-06-17 09:49:20.700,2869.8000,19960,-1,3524933220.000,1,0,1,双平,B,2869.2000,2869.0000,2868.8000,2868.6000,2868.4000,2869.8000,2870.0000,2870.2000,2870.4000,2870.6000,4,3,8,1,1,6,9,2,1,1
SF,IH2006,2020-06-17 09:49:21.200,2869.8000,19960,0,3524933220.000,0,-,-,-,-,2869.2000,2869.0000,2868.8000,2868.6000,2868.4000,2869.8000,2870.0000,2870.2000,2870.4000,2870.6000,4,3,8,1,1,6,9,2,1,1
SF,IH2006,2020-06-17 09:49:21.700,2869.8000,19960,0,3524933220.000,0,-,-,-,-,2869.4000,2869.2000,2869.0000,2868.8000,2868.6000,2869.8000,2870.0000,2870.2000,2870.4000,2870.6000,1,4,3,8,1,6,9,2,1,1
SF,IH2006,2020-06-17 09:49:22.200,2869.4000,19960,0,3525794040.000,1,0,1,空换,B,2869.2000,2869.0000,2868.8000,2868.6000,2868.4000,2869.8000,2870.0000,2870.2000,2870.4000,2870.6000,4,3,8,1,1,6,9,2,1,1
SF,IH2006,2020-06-17 09:49:22.700,2869.4000,19960,0,3525794040.000,0,-,-,-,-,2869.2000,2869.0000,2868.8000,2868.6000,2868.4000,2869.8000,2870.0000,2870.2000,2870.4000,2870.6000,4,3,8,1,1,6,9,2,1,1
SF,IH2006,2020-06-17 09:49:23.200,2869.4000,19960,0,3525794040.000,0,-,-,-,-,2869.2000,2869.0000,2868.8000,2868.6000,2868.4000,2869.8000,2870.0000,2870.2000,2870.4000,2870.6000,4,3,8,1,1,8,9,2,1,1
SF,IH2006,2020-06-17 09:49:23.700,2869.2000,19959,-1,3528376320.000,3,1,2,空平,B,2869.2000,2869.0000,2868.8000,2868.6000,2868.4000,2869.4000,2869.6000,2869.8000,2870.0000,2870.2000,1,3,8,1,1,2,2,9,9,2
SF,IH2006,2020-06-17 09:49:24.200,2869.2000,19958,-1,3529237080.000,1,0,1,双平,B,2869.0000,2868.8000,2868.6000,2868.4000,2868.2000,2869.2000,2869.6000,2869.8000,2870.0000,2870.2000,2,8,1,1,7,1,4,11,9,2
SF,IH2006,2020-06-17 09:49:24.700,2869.4000,19957,-1,3530958600.000,2,0,2,空平,B,2869.0000,2868.8000,2868.6000,2868.4000,2868.2000,2869.6000,2869.8000,2870.0000,2870.2000,2870.4000,1,8,1,1,7,5,11,9,2,1
SF,IH2006,2020-06-17 09:49:25.200,2869.4000,19957,0,3530958600.000,0,-,-,-,-,2869.0000,2868.8000,2868.6000,2868.4000,2868.2000,2869.4000,2869.6000,2869.8000,2870.0000,2870.2000,1,8,1,1,7,6,7,8,9,2
SF,IH2006,2020-06-17 09:49:25.700,2869.0000,19957,0,3531819300.000,1,0,1,空换,B,2868.8000,2868.6000,2868.4000,2868.2000,2868.0000,2869.0000,2869.2000,2869.4000,2869.6000,2869.8000,8,1,1,7,9,10,4,9,5,7
SF,IH2006,2020-06-17 09:49:26.200,2869.0000,19952,-5,3537843840.000,7,1,6,空平,B,2868.8000,2868.6000,2868.4000,2868.2000,2868.0000,2869.0000,2869.2000,2869.4000,2869.6000,2869.8000,2,2,1,7,9,3,1,8,4,7
SF,IH2006,2020-06-17 09:49:26.700,2868.8000,19951,-1,3538704480.000,1,0,1,双平,B,2868.8000,2868.6000,2868.4000,2868.2000,2868.0000,2869.0000,2869.2000,2869.4000,2869.6000,2869.8000,1,2,1,7,9,4,1,8,4,7
SF,IH2006,2020-06-17 09:49:27.200,2868.8000,19950,-1,3539565120.000,1,0,1,双平,B,2868.8000,2868.6000,2868.4000,2868.2000,2868.0000,2869.0000,2869.2000,2869.4000,2869.6000,2869.8000,1,2,1,7,9,4,1,8,4,7
SF,IH2006,2020-06-17 09:49:27.700,2868.8000,19950,0,3539565120.000,0,-,-,-,-,2868.8000,2868.6000,2868.4000,2868.2000,2868.0000,2869.0000,2869.2000,2869.4000,2869.6000,2869.8000,2,2,1,7,9,4,1,8,4,7
SF,IH2006,2020-06-17 09:49:28.200,2869.0000,19950,0,3540425820.000,1,0,1,空换,B,2868.8000,2868.6000,2868.4000,2868.2000,2868.0000,2869.0000,2869.2000,2869.4000,2869.6000,2869.8000,2,2,1,7,9,4,1,8,4,7
SF,IH2006,2020-06-17 09:49:28.700,2869.0000,19950,0,3540425820.000,0,-,-,-,-,2868.8000,2868.6000,2868.4000,2868.2000,2868.0000,2869.0000,2869.2000,2869.4000,2869.6000,2869.8000,3,1,1,7,9,4,1,8,4,7
SF,IH2006,2020-06-17 09:49:29.200,2869.0000,19950,0,3540425820.000,0,-,-,-,-,2868.8000,2868.6000,2868.4000,2868.2000,2868.0000,2869.0000,2869.2000,2869.4000,2869.6000,2869.8000,3,1,1,7,9,4,1,8,4,7
SF,IH2006,2020-06-17 09:49:29.700,2869.0000,19950,0,3540425820.000,0,-,-,-,-,2868.8000,2868.6000,2868.4000,2868.2000,2868.0000,2869.0000,2869.2000,2869.4000,2869.6000,2869.8000,3,1,1,7,9,6,1,8,4,7
SF,IH2006,2020-06-17 09:49:30.200,2868.8000,19948,-2,3542147100.000,2,0,2,双平,B,2868.8000,2868.6000,2868.4000,2868.2000,2868.0000,2869.0000,2869.2000,2869.4000,2869.6000,2869.8000,2,1,1,7,9,6,1,8,4,7
SF,IH2006,2020-06-17 09:49:30.700,2868.8000,19948,0,3542147100.000,0,-,-,-,-,2868.8000,2868.6000,2868.4000,2868.2000,2868.0000,2869.0000,2869.2000,2869.4000,2869.6000,2869.8000,2,1,1,7,9,6,1,8,4,7
SF,IH2006,2020-06-17 09:49:31.200,2868.8000,19948,0,3542147100.000,0,-,-,-,-,2868.8000,2868.6000,2868.4000,2868.2000,2868.0000,2869.0000,2869.2000,2869.4000,2869.6000,2869.8000,2,1,1,7,15,6,1,8,4,7
SF,IH2006,2020-06-17 09:49:33.200,2868.8000,19948,0,3542147100.000,0,-,-,-,-,2868.8000,2868.6000,2868.4000,2868.2000,2868.0000,2869.0000,2869.2000,2869.4000,2869.6000,2869.8000,2,1,1,7,15,6,1,8,4,7
SF,IH2006,2020-06-17 09:49:33.700,2869.0000,19947,-1,3547311300.000,6,2,4,空平,B,2868.8000,2868.6000,2868.4000,2868.2000,2868.0000,2869.2000,2869.4000,2869.6000,2869.8000,2870.0000,3,1,1,7,15,1,8,4,7,8
SF,IH2006,2020-06-17 09:49:34.200,2869.0000,19947,0,3547311300.000,0,-,-,-,-,2868.8000,2868.6000,2868.4000,2868.2000,2868.0000,2869.2000,2869.4000,2869.6000,2869.8000,2870.0000,4,1,1,7,15,1,4,4,7,8
SF,IH2006,2020-06-17 09:49:34.700,2869.2000,19947,0,3548172060.000,1,0,1,空换,B,2869.2000,2869.0000,2868.8000,2868.6000,2868.4000,2869.4000,2869.6000,2869.8000,2870.0000,2870.2000,8,2,4,1,1,3,3,7,8,1
SF,IH2006,2020-06-17 09:49:35.200,2869.4000,19947,0,3549032880.000,1,0,1,空换,B,2869.2000,2869.0000,2868.8000,2868.6000,2868.4000,2869.6000,2869.8000,2870.0000,2870.2000,2870.4000,1,2,4,1,1,1,7,8,1,2
SF,IH2006,2020-06-17 09:49:35.700,2869.4000,19946,-1,3550754580.000,2,0,2,空平,B,2869.4000,2869.2000,2869.0000,2868.8000,2868.6000,2869.8000,2870.0000,2870.2000,2870.4000,2870.6000,1,2,2,3,1,7,8,1,2,1
SF,IH2006,2020-06-17 09:49:36.200,2869.4000,19945,-1,3551615400.000,1,0,1,双平,B,2869.2000,2869.0000,2868.8000,2868.6000,2868.4000,2869.8000,2870.0000,2870.2000,2870.4000,2870.6000,2,2,3,1,1,9,8,1,2,1
SF,IH2006,2020-06-17 09:49:36.700,2869.4000,19945,0,3551615400.000,0,-,-,-,-,2869.2000,2869.0000,2868.8000,2868.6000,2868.4000,2869.8000,2870.0000,2870.2000,2870.4000,2870.6000,2,2,3,1,1,8,8,1,1,1
SF,IH2006,2020-06-17 09:49:37.200,2869.4000,19944,-1,3552476220.000,1,0,1,双平,B,2869.4000,2869.2000,2869.0000,2868.8000,2868.6000,2869.8000,2870.0000,2870.2000,2870.4000,2870.6000,2,2,2,3,1,7,8,1,1,1
SF,IH2006,2020-06-17 09:49:38.200,2869.4000,19944,0,3552476220.000,0,-,-,-,-,2869.4000,2869.2000,2869.0000,2868.8000,2868.6000,2869.8000,2870.0000,2870.2000,2870.4000,2870.6000,2,1,3,3,1,8,8,1,1,1
SF,IH2006,2020-06-17 09:49:39.200,2869.4000,19944,0,3552476220.000,0,-,-,-,-,2869.4000,2869.2000,2869.0000,2868.8000,2868.6000,2869.6000,2869.8000,2870.0000,2870.2000,2870.4000,2,2,3,3,1,2,8,8,1,1
SF,IH2006,2020-06-17 09:49:39.700,2869.4000,19944,0,3552476220.000,0,-,-,-,-,2869.4000,2869.2000,2869.0000,2868.8000,2868.6000,2869.6000,2869.8000,2870.0000,2870.2000,2870.4000,1,2,3,3,1,2,8,8,1,1
SF,IH2006,2020-06-17 09:49:40.200,2869.4000,19944,0,3552476220.000,0,-,-,-,-,2869.4000,2869.2000,2869.0000,2868.8000,2868.6000,2869.6000,2869.8000,2870.0000,2870.2000,2870.4000,1,2,3,3,1,2,9,8,1,1
SF,IH2006,2020-06-17 09:49:40.700,2869.4000,19944,0,3552476220.000,0,-,-,-,-,2869.2000,2869.0000,2868.8000,2868.6000,2868.4000,2869.4000,2869.6000,2869.8000,2870.0000,2870.2000,2,3,3,1,1,1,3,9,8,1
SF,IH2006,2020-06-17 09:49:41.200,2869.4000,19944,0,3552476220.000,0,-,-,-,-,2869.2000,2869.0000,2868.8000,2868.6000,2868.4000,2869.4000,2869.6000,2869.8000,2870.0000,2870.2000,1,3,3,1,1,1,3,9,8,1
SF,IH2006,2020-06-17 09:49:41.700,2869.2000,19945,1,3553336980.000,1,1,0,双开,B,2869.0000,2868.8000,2868.6000,2868.4000,2868.2000,2869.2000,2869.4000,2869.6000,2869.8000,2870.0000,2,3,1,1,7,1,1,3,9,8
SF,IH2006,2020-06-17 09:49:42.200,2869.2000,19945,0,3553336980.000,0,-,-,-,-,2869.0000,2868.8000,2868.6000,2868.4000,2868.2000,2869.4000,2869.6000,2869.8000,2870.0000,2870.2000,2,3,1,1,7,1,3,9,8,1
SF,IH2006,2020-06-17 09:49:42.700,2869.2000,19945,0,3553336980.000,0,-,-,-,-,2869.0000,2868.8000,2868.6000,2868.4000,2868.2000,2869.2000,2869.4000,2869.6000,2869.8000,2870.0000,1,3,1,1,7,1,2,3,9,8
SF,IH2006,2020-06-17 09:49:43.200,2869.2000,19945,0,3553336980.000,0,-,-,-,-,2869.0000,2868.8000,2868.6000,2868.4000,2868.2000,2869.4000,2869.6000,2869.8000,2870.0000,2870.2000,1,3,1,1,7,2,3,9,8,1
SF,IH2006,2020-06-17 09:49:43.700,2869.2000,19945,0,3553336980.000,0,-,-,-,-,2869.2000,2869.0000,2868.8000,2868.6000,2868.4000,2869.4000,2869.6000,2869.8000,2870.0000,2870.2000,1,2,3,1,1,1,3,8,8,1
SF,IH2006,2020-06-17 09:49:44.200,2869.2000,19945,0,3553336980.000,0,-,-,-,-,2869.2000,2869.0000,2868.8000,2868.6000,2868.4000,2869.4000,2869.6000,2869.8000,2870.0000,2870.2000,2,2,3,1,1,1,3,8,8,1
SF,IH2006,2020-06-17 09:49:44.700,2869.4000,19944,-1,3554197800.000,1,0,1,双平,B,2869.2000,2869.0000,2868.8000,2868.6000,2868.4000,2869.4000,2869.6000,2869.8000,2870.0000,2870.2000,1,2,3,1,1,2,3,8,8,1
SF,IH2006,2020-06-17 09:49:45.200,2869.4000,19944,0,3554197800.000,0,-,-,-,-,2869.2000,2869.0000,2868.8000,2868.6000,2868.4000,2869.4000,2869.6000,2869.8000,2870.0000,2870.2000,3,2,3,1,1,2,3,8,8,1
SF,IH2006,2020-06-17 09:49:45.700,2869.4000,19944,0,3554197800.000,0,-,-,-,-,2869.2000,2869.0000,2868.8000,2868.6000,2868.4000,2869.4000,2869.6000,2869.8000,2870.0000,2870.2000,3,2,3,1,1,2,3,8,8,1
SF,IH2006,2020-06-17 09:49:46.200,2869.2000,19943,-1,3556780080.000,3,1,2,空平,B,2869.0000,2868.8000,2868.6000,2868.4000,2868.2000,2869.2000,2869.4000,2869.6000,2869.8000,2870.0000,2,3,1,1,7,4,2,3,8,8
SF,IH2006,2020-06-17 09:49:46.700,2869.2000,19943,0,3556780080.000,0,-,-,-,-,2869.0000,2868.8000,2868.6000,2868.4000,2868.2000,2869.4000,2869.6000,2869.8000,2870.0000,2870.2000,2,2,1,1,7,2,4,8,8,1
SF,IH2006,2020-06-17 09:49:47.200,2869.8000,19945,2,3564527760.000,9,5,4,多开,B,2869.0000,2868.8000,2868.6000,2868.4000,2868.2000,2869.8000,2870.0000,2870.2000,2870.4000,2870.6000,1,2,1,1,7,7,8,1,1,1
SF,IH2006,2020-06-17 09:49:47.700,2869.8000,19945,0,3564527760.000,0,-,-,-,-,2869.0000,2868.8000,2868.6000,2868.4000,2868.2000,2869.6000,2869.8000,2870.0000,2870.2000,2870.4000,2,2,1,1,7,4,10,8,1,1
SF,IH2006,2020-06-17 09:49:48.200,2869.8000,19945,0,3564527760.000,0,-,-,-,-,2869.0000,2868.8000,2868.6000,2868.4000,2868.2000,2869.4000,2869.6000,2869.8000,2870.0000,2870.2000,2,2,1,1,7,1,5,8,8,1
SF,IH2006,2020-06-17 09:49:49.200,2869.8000,19944,-1,3565388700.000,1,0,1,双平,B,2869.0000,2868.8000,2868.6000,2868.4000,2868.2000,2869.6000,2869.8000,2870.0000,2870.2000,2870.4000,2,2,1,1,7,5,8,8,1,1
SF,IH2006,2020-06-17 09:49:49.700,2869.8000,19944,0,3565388700.000,0,-,-,-,-,2869.0000,2868.8000,2868.6000,2868.4000,2868.2000,2869.4000,2869.6000,2869.8000,2870.0000,2870.2000,1,2,1,1,7,1,4,8,8,1
SF,IH2006,2020-06-17 09:49:50.200,2869.8000,19944,0,3565388700.000,0,-,-,-,-,2869.0000,2868.8000,2868.6000,2868.4000,2868.2000,2869.4000,2869.6000,2869.8000,2870.0000,2870.2000,1,2,1,1,7,1,5,8,8,1
SF,IH2006,2020-06-17 09:49:50.700,2869.0000,19945,1,3566249400.000,1,1,0,双开,B,2869.2000,2868.8000,2868.6000,2868.4000,2868.2000,2869.4000,2869.6000,2869.8000,2870.0000,2870.2000,1,2,1,1,7,4,3,8,8,1
SF,IH2006,2020-06-17 09:49:51.200,2869.0000,19945,0,3566249400.000,0,-,-,-,-,2869.2000,2868.8000,2868.6000,2868.4000,2868.2000,2869.4000,2869.6000,2869.8000,2870.0000,2870.2000,1,2,1,1,7,1,3,8,8,1
SF,IH2006,2020-06-17 09:49:52.700,2869.0000,19945,0,3566249400.000,0,-,-,-,-,2869.2000,2868.8000,2868.6000,2868.4000,2868.2000,2869.4000,2869.6000,2869.8000,2870.0000,2870.2000,2,2,1,1,7,1,3,8,8,1
SF,IH2006,2020-06-17 09:49:53.200,2869.0000,19945,0,3566249400.000,0,-,-,-,-,2869.2000,2868.8000,2868.6000,2868.4000,2868.2000,2869.4000,2869.6000,2869.8000,2870.0000,2870.2000,2,2,1,1,7,1,3,8,9,1
SF,IH2006,2020-06-17 09:49:53.700,2869.0000,19945,0,3566249400.000,0,-,-,-,-,2869.2000,2868.8000,2868.6000,2868.4000,2868.2000,2869.4000,2869.6000,2869.8000,2870.0000,2870.2000,2,2,1,1,7,2,3,8,9,1
SF,IH2006,2020-06-17 09:49:54.200,2869.4000,19945,0,3567110220.000,1,0,1,空换,B,2869.2000,2868.8000,2868.6000,2868.4000,2868.2000,2869.6000,2869.8000,2870.0000,2870.2000,2870.4000,2,2,1,1,7,2,8,9,1,1
SF,IH2006,2020-06-17 09:49:54.700,2869.4000,19945,0,3567110220.000,0,-,-,-,-,2869.4000,2869.2000,2868.8000,2868.6000,2868.4000,2869.8000,2870.0000,2870.2000,2870.4000,2870.6000,1,2,2,1,1,8,9,1,1,1
SF,IH2006,2020-06-17 09:49:55.200,2869.8000,19944,-1,3568832040.000,2,0,2,空平,B,2869.2000,2868.8000,2868.6000,2868.4000,2868.2000,2869.8000,2870.0000,2870.2000,2870.4000,2870.6000,2,2,1,1,7,7,9,1,1,1
SF,IH2006,2020-06-17 09:49:55.700,2869.8000,19944,0,3569692980.000,1,0,1,空换,B,2869.4000,2869.2000,2868.8000,2868.6000,2868.4000,2869.8000,2870.0000,2870.2000,2870.4000,2870.6000,4,5,2,1,1,5,9,1,1,1
SF,IH2006,2020-06-17 09:49:56.200,2869.8000,19944,0,3569692980.000,0,-,-,-,-,2869.4000,2869.2000,2868.8000,2868.6000,2868.4000,2869.8000,2870.0000,2870.2000,2870.4000,2870.6000,5,5,2,1,1,5,9,1,1,1
SF,IH2006,2020-06-17 09:49:56.700,2869.8000,19944,0,3569692980.000,0,-,-,-,-,2869.4000,2869.2000,2868.8000,2868.6000,2868.4000,2869.8000,2870.0000,2870.2000,2870.4000,2870.6000,3,5,2,1,1,5,9,1,1,1
SF,IH2006,2020-06-17 09:49:57.200,2869.8000,19944,0,3569692980.000,0,-,-,-,-,2869.4000,2869.2000,2868.8000,2868.6000,2868.4000,2869.8000,2870.0000,2870.2000,2870.4000,2870.6000,3,3,2,1,1,4,9,1,1,1
SF,IH2006,2020-06-17 09:49:57.700,2869.8000,19944,0,3569692980.000,0,-,-,-,-,2869.4000,2869.2000,2868.8000,2868.6000,2868.4000,2869.6000,2869.8000,2870.0000,2870.2000,2870.4000,3,2,2,1,1,1,4,9,1,1
SF,IH2006,2020-06-17 09:49:58.200,2869.4000,19943,-1,3570553800.000,1,0,1,双平,B,2869.4000,2869.2000,2868.8000,2868.6000,2868.4000,2869.6000,2869.8000,2870.0000,2870.2000,2870.4000,1,2,2,1,1,1,4,9,1,1
SF,IH2006,2020-06-17 09:49:58.700,2869.4000,19942,-1,3572275440.000,2,0,2,空平,B,2869.2000,2868.8000,2868.6000,2868.4000,2868.2000,2869.6000,2869.8000,2870.0000,2870.2000,2870.4000,2,2,1,1,7,1,4,9,1,1
SF,IH2006,2020-06-17 09:49:59.200,2869.4000,19942,0,3572275440.000,0,-,-,-,-,2869.2000,2868.8000,2868.6000,2868.4000,2868.2000,2869.6000,2869.8000,2870.0000,2870.2000,2870.4000,3,2,1,1,7,1,4,9,1,1
SF,IH2006,2020-06-17 09:49:59.700,2869.4000,19942,0,3572275440.000,0,-,-,-,-,2869.2000,2868.8000,2868.6000,2868.4000,2868.2000,2869.6000,2869.8000,2870.0000,2870.2000,2870.4000,3,2,1,1,7,2,4,9,1,1
SF,IH2006,2020-06-17 09:50:00.200,2869.4000,19942,0,3573136260.000,1,0,1,空换,B,2869.2000,2868.8000,2868.6000,2868.4000,2868.2000,2869.6000,2869.8000,2870.0000,2870.2000,2870.4000,2,2,1,1,7,2,4,9,1,1
SF,IH2006,2020-06-17 09:50:00.700,2869.6000,19942,0,3573997140.000,1,0,1,空换,B,2869.2000,2868.8000,2868.6000,2868.4000,2868.2000,2869.6000,2869.8000,2870.0000,2870.2000,2870.4000,2,2,1,1,7,1,4,9,1,1
SF,IH2006,2020-06-17 09:50:01.200,2869.8000,19942,0,3575718960.000,2,1,1,空换,B,2869.6000,2869.2000,2868.8000,2868.6000,2868.4000,2869.8000,2870.0000,2870.2000,2870.4000,2870.6000,1,14,2,1,1,3,9,1,1,1
SF,IH2006,2020-06-17 09:50:01.700,2870.0000,19938,-4,3580023720.000,5,0,5,空平,B,2869.8000,2869.6000,2869.4000,2869.2000,2868.8000,2870.0000,2870.2000,2870.4000,2870.6000,2870.8000,3,2,1,14,2,8,1,1,1,3
SF,IH2006,2020-06-17 09:50:02.200,2869.8000,19938,0,3589494540.000,11,5,6,空换,B,2869.6000,2869.4000,2869.2000,2868.8000,2868.6000,2870.2000,2870.4000,2870.6000,2870.8000,2871.0000,1,1,14,2,1,1,1,1,3,4
SF,IH2006,2020-06-17 09:50:02.700,2870.4000,19939,1,3591216720.000,2,1,1,多开,B,2869.8000,2869.6000,2869.4000,2869.2000,2868.8000,2870.6000,2870.8000,2871.0000,2871.4000,2871.8000,1,1,1,14,2,1,3,4,2,1
SF,IH2006,2020-06-17 09:50:03.200,2870.6000,19940,1,3597244740.000,7,4,3,多开,B,2870.0000,2869.8000,2869.6000,2869.4000,2869.2000,2870.6000,2870.8000,2871.0000,2871.4000,2871.8000,1,1,1,1,14,1,3,3,2,1
SF,IH2006,2020-06-17 09:50:03.700,2870.6000,19940,0,3597244740.000,0,-,-,-,-,2870.0000,2869.8000,2869.6000,2869.4000,2869.2000,2870.4000,2870.6000,2870.8000,2871.0000,2871.4000,2,1,1,1,14,1,2,3,3,2
SF,IH2006,2020-06-17 09:50:04.200,2870.0000,19939,-1,3598105740.000,1,0,1,双平,B,2870.0000,2869.8000,2869.6000,2869.4000,2869.2000,2870.4000,2870.6000,2870.8000,2871.0000,2871.4000,1,1,1,2,9,2,2,3,3,2
SF,IH2006,2020-06-17 09:50:05.200,2870.0000,19939,0,3598966740.000,1,0,1,空换,B,2869.8000,2869.6000,2869.4000,2869.2000,2868.8000,2870.4000,2870.6000,2870.8000,2871.0000,2871.4000,1,1,2,7,1,2,2,3,3,2
SF,IH2006,2020-06-17 09:50:05.700,2870.0000,19939,0,3598966740.000,0,-,-,-,-,2869.8000,2869.6000,2869.4000,2869.2000,2868.8000,2870.2000,2870.4000,2870.6000,2870.8000,2871.0000,1,2,2,7,1,1,3,2,3,3
SF,IH2006,2020-06-17 09:50:06.200,2870.2000,19939,0,3599827800.000,1,0,1,空换,B,2869.8000,2869.6000,2869.4000,2869.2000,2868.8000,2870.4000,2870.6000,2870.8000,2871.0000,2871.4000,1,2,2,7,1,3,2,3,3,2
SF,IH2006,2020-06-17 09:50:06.700,2870.4000,19938,-1,3600688920.000,1,0,1,双平,B,2869.8000,2869.6000,2869.4000,2869.2000,2868.8000,2870.4000,2870.6000,2870.8000,2871.0000,2871.4000,2,2,2,7,1,2,2,3,3,3
SF,IH2006,2020-06-17 09:50:07.200,2870.4000,19938,0,3600688920.000,0,-,-,-,-,2869.8000,2869.6000,2869.4000,2869.2000,2868.8000,2870.4000,2870.6000,2870.8000,2871.0000,2871.4000,2,2,2,7,1,2,2,3,3,3
SF,IH2006,2020-06-17 09:50:07.700,2870.4000,19938,0,3600688920.000,0,-,-,-,-,2869.8000,2869.6000,2869.4000,2869.2000,2868.8000,2870.2000,2870.4000,2870.6000,2870.8000,2871.0000,2,2,2,7,1,1,2,2,3,3
SF,IH2006,2020-06-17 09:50:08.700,2870.4000,19938,0,3600688920.000,0,-,-,-,-,2869.8000,2869.6000,2869.4000,2869.2000,2868.8000,2870.0000,2870.2000,2870.4000,2870.6000,2870.8000,2,2,2,7,1,2,1,2,2,3
SF,IH2006,2020-06-17 09:50:09.200,2870.4000,19938,0,3600688920.000,0,-,-,-,-,2869.8000,2869.6000,2869.4000,2869.2000,2868.8000,2870.0000,2870.2000,2870.4000,2870.6000,2870.8000,1,2,2,7,1,2,1,2,2,3
SF,IH2006,2020-06-17 09:50:09.700,2870.4000,19937,-1,3601550040.000,1,0,1,双平,B,2869.8000,2869.6000,2869.4000,2869.2000,2868.8000,2870.0000,2870.2000,2870.4000,2870.6000,2870.8000,1,2,2,7,1,1,1,2,2,3
SF,IH2006,2020-06-17 09:50:10.200,2870.0000,19937,0,3602411040.000,1,0,1,空换,B,2870.0000,2869.8000,2869.6000,2869.4000,2869.2000,2870.2000,2870.4000,2870.6000,2870.8000,2871.0000,1,1,2,2,7,1,2,2,3,3
SF,IH2006,2020-06-17 09:50:10.700,2869.8000,19937,0,3604132980.000,2,1,1,空换,B,2869.6000,2869.4000,2869.2000,2868.8000,2868.6000,2870.2000,2870.4000,2870.6000,2870.8000,2871.0000,2,2,7,1,2,1,4,2,3,3
SF,IH2006,2020-06-17 09:50:11.200,2869.8000,19937,0,3604132980.000,0,-,-,-,-,2869.6000,2869.4000,2869.2000,2868.8000,2868.6000,2870.2000,2870.4000,2870.6000,2870.8000,2871.0000,3,2,7,1,2,1,4,2,3,3
SF,IH2006,2020-06-17 09:50:12.200,2869.6000,19938,1,3604993860.000,1,1,0,双开,B,2869.6000,2869.4000,2869.2000,2868.8000,2868.6000,2870.2000,2870.4000,2870.6000,2870.8000,2871.0000,2,2,7,1,2,1,4,2,3,3
SF,IH2006,2020-06-17 09:50:12.700,2870.2000,19937,-1,3605854920.000,1,0,1,双平,B,2869.6000,2869.4000,2869.2000,2868.8000,2868.6000,2870.4000,2870.6000,2870.8000,2871.0000,2871.2000,2,2,7,1,2,4,2,3,3,3
SF,IH2006,2020-06-17 09:50:13.200,2870.2000,19937,0,3605854920.000,0,-,-,-,-,2869.6000,2869.4000,2869.2000,2868.8000,2868.6000,2870.2000,2870.4000,2870.6000,2870.8000,2871.0000,2,2,7,1,2,2,7,2,3,3
SF,IH2006,2020-06-17 09:50:14.200,2870.2000,19937,0,3605854920.000,0,-,-,-,-,2869.6000,2869.4000,2869.2000,2868.8000,2868.6000,2870.0000,2870.2000,2870.4000,2870.6000,2870.8000,2,2,3,1,2,1,2,8,2,3
SF,IH2006,2020-06-17 09:50:14.700,2869.6000,19938,1,3606715800.000,1,1,0,双开,B,2869.4000,2869.2000,2868.8000,2868.6000,2868.4000,2870.0000,2870.2000,2870.4000,2870.6000,2870.8000,3,3,1,2,1,3,3,7,2,3
SF,IH2006,2020-06-17 09:50:15.200,2869.4000,19939,1,3608437440.000,2,1,1,多开,B,2869.2000,2868.8000,2868.6000,2868.4000,2868.2000,2869.6000,2869.8000,2870.0000,2870.4000,2870.6000,3,1,2,1,7,3,4,7,5,2
SF,IH2006,2020-06-17 09:50:15.700,2869.2000,19941,2,3611019720.000,3,2,1,多开,B,2868.8000,2868.6000,2868.4000,2868.2000,2868.0000,2869.2000,2869.6000,2869.8000,2870.0000,2870.4000,1,2,1,8,9,1,2,6,6,5
SF,IH2006,2020-06-17 09:50:16.200,2869.2000,19941,0,3611019720.000,0,-,-,-,-,2868.8000,2868.6000,2868.4000,2868.2000,2868.0000,2869.2000,2869.6000,2869.8000,2870.0000,2870.4000,1,2,1,7,9,1,2,5,7,5
SF,IH2006,2020-06-17 09:50:16.700,2869.2000,19941,0,3611019720.000,0,-,-,-,-,2868.8000,2868.6000,2868.4000,2868.2000,2868.0000,2869.2000,2869.6000,2869.8000,2870.0000,2870.4000,1,2,1,7,9,1,2,4,5,5
SF,IH2006,2020-06-17 09:50:17.200,2869.2000,19941,0,3611019720.000,0,-,-,-,-,2868.8000,2868.6000,2868.4000,2868.2000,2868.0000,2869.2000,2869.6000,2869.8000,2870.0000,2870.4000,1,2,1,7,10,1,2,4,5,5
SF,IH2006,2020-06-17 09:50:17.700,2869.2000,19941,0,3611019720.000,0,-,-,-,-,2868.8000,2868.6000,2868.4000,2868.2000,2868.0000,2869.2000,2869.6000,2869.8000,2870.0000,2870.4000,2,2,1,7,10,1,2,4,5,5
SF,IH2006,2020-06-17 09:50:18.200,2869.8000,19936,-5,3616184820.000,6,0,6,空平,B,2868.8000,2868.6000,2868.4000,2868.2000,2868.0000,2869.8000,2870.0000,2870.4000,2870.6000,2870.8000,1,2,1,7,10,1,5,5,2,3
SF,IH2006,2020-06-17 09:50:18.700,2869.8000,19936,0,3616184820.000,0,-,-,-,-,2869.0000,2868.8000,2868.6000,2868.4000,2868.2000,2869.4000,2869.6000,2869.8000,2870.0000,2870.4000,1,1,2,1,7,1,7,4,3,5
SF,IH2006,2020-06-17 09:50:19.200,2869.0000,19935,-1,3617045520.000,1,0,1,双平,B,2869.0000,2868.8000,2868.6000,2868.4000,2868.2000,2869.2000,2869.4000,2869.6000,2869.8000,2870.0000,7,1,2,1,7,2,1,6,4,3
SF,IH2006,2020-06-17 09:50:19.700,2869.0000,19935,0,3617045520.000,0,-,-,-,-,2869.0000,2868.8000,2868.6000,2868.4000,2868.2000,2869.6000,2869.8000,2870.0000,2870.4000,2870.6000,7,1,2,1,7,6,4,3,5,2
SF,IH2006,2020-06-17 09:50:20.200,2869.0000,19935,0,3617045520.000,0,-,-,-,-,2869.0000,2868.8000,2868.6000,2868.4000,2868.2000,2869.4000,2869.6000,2869.8000,2870.0000,2870.4000,7,1,2,1,7,1,6,4,2,5
SF,IH2006,2020-06-17 09:50:20.700,2869.0000,19933,-2,3619627620.000,3,0,3,空平,B,2869.0000,2868.8000,2868.6000,2868.4000,2868.2000,2869.4000,2869.6000,2869.8000,2870.0000,2870.4000,4,1,2,1,7,1,4,4,2,4
SF,IH2006,2020-06-17 09:50:21.700,2869.0000,19933,0,3619627620.000,0,-,-,-,-,2869.0000,2868.8000,2868.6000,2868.4000,2868.2000,2869.4000,2869.6000,2869.8000,2870.0000,2870.4000,4,2,2,1,7,2,4,4,2,4
SF,IH2006,2020-06-17 09:50:22.200,2869.0000,19931,-2,3623070420.000,4,1,3,空平,B,2868.8000,2868.6000,2868.4000,2868.2000,2868.0000,2869.0000,2869.2000,2869.4000,2869.6000,2869.8000,2,2,1,7,10,3,1,3,3,4
SF,IH2006,2020-06-17 09:50:22.700,2868.8000,19932,1,3624791700.000,2,1,1,多开,B,2868.6000,2868.4000,2868.2000,2868.0000,2867.8000,2869.0000,2869.2000,2869.4000,2869.6000,2869.8000,2,1,7,10,10,1,2,3,2,4
SF,IH2006,2020-06-17 09:50:23.200,2869.0000,19932,0,3625652400.000,1,0,1,空换,B,2869.0000,2868.6000,2868.4000,2868.2000,2868.0000,2869.2000,2869.4000,2869.6000,2869.8000,2870.0000,1,2,1,7,10,2,3,2,4,2
SF,IH2006,2020-06-17 09:50:23.700,2869.0000,19932,0,3626513100.000,1,0,1,空换,B,2868.6000,2868.4000,2868.2000,2868.0000,2867.8000,2868.8000,2869.0000,2869.2000,2869.4000,2869.6000,2,1,7,10,10,1,3,2,2,2
SF,IH2006,2020-06-17 09:50:24.200,2868.8000,19932,0,3627373740.000,1,0,1,空换,B,2868.6000,2868.4000,2868.2000,2868.0000,2867.8000,2869.2000,2869.4000,2869.6000,2869.8000,2870.0000,2,1,7,10,10,2,2,2,3,2
SF,IH2006,2020-06-17 09:50:24.700,2868.8000,19932,0,3627373740.000,0,-,-,-,-,2868.6000,2868.4000,2868.2000,2868.0000,2867.8000,2869.2000,2869.4000,2869.6000,2869.8000,2870.0000,3,1,7,10,10,2,2,2,3,2
SF,IH2006,2020-06-17 09:50:25.200,2868.8000,19932,0,3627373740.000,0,-,-,-,-,2868.6000,2868.4000,2868.2000,2868.0000,2867.8000,2869.2000,2869.4000,2869.6000,2869.8000,2870.0000,3,1,7,10,10,3,2,2,3,1
SF,IH2006,2020-06-17 09:50:26.200,2868.8000,19932,0,3627373740.000,0,-,-,-,-,2868.6000,2868.4000,2868.2000,2868.0000,2867.8000,2869.0000,2869.2000,2869.4000,2869.6000,2869.8000,3,1,7,10,10,2,3,2,2,3
SF,IH2006,2020-06-17 09:50:26.700,2868.6000,19932,0,3628234320.000,1,0,1,空换,B,2868.6000,2868.4000,2868.2000,2868.0000,2867.8000,2869.0000,2869.2000,2869.4000,2869.6000,2869.8000,1,2,7,10,10,3,3,2,2,3
SF,IH2006,2020-06-17 09:50:27.200,2868.6000,19932,0,3628234320.000,0,-,-,-,-,2868.8000,2868.6000,2868.4000,2868.2000,2868.0000,2869.0000,2869.2000,2869.4000,2869.6000,2869.8000,1,1,2,7,10,4,3,2,1,3
SF,IH2006,2020-06-17 09:50:27.700,2868.8000,19932,0,3629094960.000,1,0,1,空换,B,2868.6000,2868.4000,2868.2000,2868.0000,2867.8000,2869.0000,2869.2000,2869.4000,2869.6000,2869.8000,1,2,7,10,10,5,1,2,1,3
SF,IH2006,2020-06-17 09:50:28.200,2868.8000,19932,0,3629094960.000,0,-,-,-,-,2868.6000,2868.4000,2868.2000,2868.0000,2867.8000,2869.0000,2869.2000,2869.4000,2869.6000,2869.8000,1,2,7,10,10,5,1,2,1,3
SF,IH2006,2020-06-17 09:50:28.700,2868.8000,19932,0,3629094960.000,0,-,-,-,-,2868.6000,2868.4000,2868.2000,2868.0000,2867.8000,2868.8000,2869.0000,2869.2000,2869.4000,2869.6000,1,2,7,10,10,2,4,1,2,1
SF,IH2006,2020-06-17 09:50:29.200,2868.8000,19931,-1,3630816180.000,2,0,2,空平,B,2868.4000,2868.2000,2868.0000,2867.8000,2867.6000,2868.8000,2869.0000,2869.2000,2869.4000,2869.6000,2,7,10,10,18,1,4,1,2,1
SF,IH2006,2020-06-17 09:50:29.700,2868.8000,19931,0,3630816180.000,0,-,-,-,-,2868.4000,2868.2000,2868.0000,2867.8000,2867.6000,2868.8000,2869.0000,2869.2000,2869.4000,2869.6000,2,7,10,10,18,2,4,1,2,1
SF,IH2006,2020-06-17 09:50:30.200,2868.8000,19931,0,3630816180.000,0,-,-,-,-,2868.4000,2868.2000,2868.0000,2867.8000,2867.6000,2868.6000,2868.8000,2869.0000,2869.2000,2869.4000,2,7,10,10,18,1,1,4,1,2
SF,IH2006,2020-06-17 09:50:30.700,2868.6000,19932,1,3631676760.000,1,1,0,双开,B,2868.4000,2868.2000,2868.0000,2867.8000,2867.6000,2868.8000,2869.0000,2869.2000,2869.4000,2869.6000,2,7,10,10,18,1,4,1,2,1
SF,IH2006,2020-06-17 09:50:31.200,2868.8000,19931,-1,3632537400.000,1,0,1,双平,B,2868.4000,2868.2000,2868.0000,2867.8000,2867.6000,2869.0000,2869.2000,2869.4000,2869.6000,2869.8000,2,7,10,10,18,4,1,2,1,5
SF,IH2006,2020-06-17 09:50:31.700,2868.4000,19931,0,3635119140.000,3,1,2,空换,B,2868.2000,2868.0000,2867.8000,2867.6000,2867.4000,2868.4000,2869.0000,2869.2000,2869.4000,2869.6000,7,10,10,18,2,1,3,1,2,1
SF,IH2006,2020-06-17 09:50:32.200,2868.4000,19930,-1,3635979660.000,1,0,1,双平,B,2868.6000,2868.4000,2868.2000,2868.0000,2867.8000,2869.0000,2869.2000,2869.4000,2869.6000,2869.8000,25,16,7,10,10,3,1,2,1,5
SF,IH2006,2020-06-17 09:50:32.700,2868.4000,19930,0,3635979660.000,0,-,-,-,-,2868.8000,2868.4000,2868.2000,2868.0000,2867.8000,2869.0000,2869.2000,2869.4000,2869.6000,2869.8000,3,5,8,10,10,3,1,2,1,5
SF,IH2006,2020-06-17 09:50:33.200,2868.8000,19929,-1,3639422220.000,4,1,3,空平,B,2868.4000,2868.2000,2868.0000,2867.8000,2867.6000,2868.6000,2868.8000,2869.0000,2869.2000,2869.4000,5,8,10,10,18,1,3,3,1,2
SF,IH2006,2020-06-17 09:50:33.700,2868.6000,19929,0,3640282800.000,1,0,1,空换,B,2868.4000,2868.2000,2868.0000,2867.8000,2867.6000,2868.8000,2869.0000,2869.2000,2869.4000,2869.6000,4,8,10,10,18,3,3,1,3,1
SF,IH2006,2020-06-17 09:50:34.200,2868.6000,19929,0,3640282800.000,0,-,-,-,-,2868.4000,2868.2000,2868.0000,2867.8000,2867.6000,2868.8000,2869.0000,2869.2000,2869.4000,2869.6000,4,8,10,10,18,3,3,1,3,1
SF,IH2006,2020-06-17 09:50:34.700,2868.6000,19929,0,3640282800.000,0,-,-,-,-,2868.4000,2868.2000,2868.0000,2867.8000,2867.6000,2868.8000,2869.0000,2869.2000,2869.4000,2869.6000,4,8,10,10,18,3,5,1,3,1
SF,IH2006,2020-06-17 09:50:35.200,2868.4000,19927,-2,3642003840.000,2,0,2,双平,B,2868.4000,2868.2000,2868.0000,2867.8000,2867.6000,2868.8000,2869.0000,2869.2000,2869.4000,2869.6000,2,8,10,10,18,3,5,1,3,1
SF,IH2006,2020-06-17 09:50:35.700,2868.4000,19927,0,3644585400.000,3,1,2,空换,B,2868.2000,2868.0000,2867.8000,2867.6000,2867.4000,2868.6000,2868.8000,2869.0000,2869.2000,2869.4000,8,10,10,18,2,1,6,5,1,2
SF,IH2006,2020-06-17 09:50:36.200,2868.6000,19924,-3,3647167140.000,3,0,3,双平,B,2868.6000,2868.2000,2868.0000,2867.8000,2867.6000,2868.8000,2869.0000,2869.4000,2869.8000,2870.0000,2,7,10,10,18,6,5,2,5,7
SF,IH2006,2020-06-17 09:50:36.700,2868.6000,19923,-1,3649748880.000,3,1,2,空平,B,2868.2000,2868.0000,2867.8000,2867.6000,2867.4000,2868.6000,2868.8000,2869.0000,2869.4000,2869.8000,7,10,10,18,2,5,6,5,2,5
SF,IH2006,2020-06-17 09:50:37.200,2868.6000,19921,-2,3653191200.000,4,1,3,空平,B,2868.6000,2868.4000,2868.2000,2868.0000,2867.8000,2868.8000,2869.0000,2869.4000,2869.8000,2870.0000,2,1,7,10,10,5,5,2,5,8
SF,IH2006,2020-06-17 09:50:37.700,2868.6000,19921,0,3653191200.000,0,-,-,-,-,2868.4000,2868.2000,2868.0000,2867.8000,2867.6000,2868.6000,2868.8000,2869.0000,2869.4000,2869.8000,1,7,10,10,18,2,3,6,2,5
SF,IH2006,2020-06-17 09:50:38.200,2868.4000,19921,0,3654051720.000,1,0,1,空换,B,2868.2000,2868.0000,2867.8000,2867.6000,2867.4000,2868.6000,2868.8000,2869.0000,2869.4000,2869.8000,7,10,10,18,2,2,3,6,2,5
SF,IH2006,2020-06-17 09:50:39.700,2868.2000,19922,1,3654912180.000,1,1,0,双开,B,2868.2000,2868.0000,2867.8000,2867.6000,2867.4000,2868.6000,2868.8000,2869.0000,2869.4000,2869.8000,6,10,10,18,2,2,2,6,2,5
SF,IH2006,2020-06-17 09:50:40.200,2868.6000,19920,-2,3656633340.000,2,0,2,双平,B,2868.2000,2868.0000,2867.8000,2867.6000,2867.4000,2868.8000,2869.0000,2869.4000,2869.8000,2870.0000,7,10,10,18,2,1,5,2,5,8
SF,IH2006,2020-06-17 09:50:40.700,2868.6000,19920,0,3656633340.000,0,-,-,-,-,2868.2000,2868.0000,2867.8000,2867.6000,2867.4000,2868.8000,2869.0000,2869.4000,2869.8000,2870.0000,11,10,10,18,2,1,5,2,5,8
SF,IH2006,2020-06-17 09:50:41.200,2868.6000,19920,0,3656633340.000,0,-,-,-,-,2868.2000,2868.0000,2867.8000,2867.6000,2867.4000,2868.8000,2869.0000,2869.4000,2869.8000,2870.0000,11,10,10,18,2,1,4,2,5,8
SF,IH2006,2020-06-17 09:50:41.700,2869.0000,19916,-4,3660076080.000,4,0,4,双平,B,2868.8000,2868.6000,2868.2000,2868.0000,2867.8000,2869.0000,2869.4000,2869.8000,2870.0000,2870.4000,3,6,11,10,10,1,2,5,8,3
SF,IH2006,2020-06-17 09:50:42.200,2869.0000,19915,-1,3661797480.000,2,0,2,空平,B,2868.2000,2868.0000,2867.8000,2867.6000,2867.4000,2868.6000,2869.2000,2869.4000,2869.8000,2870.0000,11,10,10,18,2,1,1,2,5,8
SF,IH2006,2020-06-17 09:50:42.700,2868.8000,19913,-2,3663518700.000,2,0,2,双平,B,2868.6000,2868.4000,2868.2000,2868.0000,2867.8000,2869.4000,2869.8000,2870.0000,2870.4000,2870.6000,7,1,11,10,10,2,5,8,3,1
SF,IH2006,2020-06-17 09:50:43.200,2868.8000,19912,-1,3664379340.000,1,0,1,双平,B,2868.4000,2868.2000,2868.0000,2867.8000,2867.6000,2869.4000,2869.8000,2870.0000,2870.4000,2870.6000,1,11,10,10,18,2,5,8,3,1
SF,IH2006,2020-06-17 09:50:43.700,2868.8000,19912,0,3664379340.000,0,-,-,-,-,2868.6000,2868.4000,2868.2000,2868.0000,2867.8000,2869.0000,2869.4000,2869.8000,2870.0000,2870.4000,2,3,12,10,10,1,3,5,8,3
SF,IH2006,2020-06-17 09:50:44.200,2868.6000,19911,-1,3665239920.000,1,0,1,双平,B,2868.6000,2868.4000,2868.2000,2868.0000,2867.8000,2869.0000,2869.2000,2869.4000,2869.8000,2870.0000,1,3,12,10,10,1,2,3,5,8
SF,IH2006,2020-06-17 09:50:44.700,2868.6000,19911,0,3666100500.000,1,0,1,空换,B,2868.4000,2868.2000,2868.0000,2867.8000,2867.6000,2869.0000,2869.2000,2869.4000,2869.8000,2870.0000,3,12,10,10,18,4,1,3,5,8
SF,IH2006,2020-06-17 09:50:45.200,2868.6000,19911,0,3666100500.000,0,-,-,-,-,2868.2000,2868.0000,2867.8000,2867.6000,2867.4000,2868.8000,2869.0000,2869.2000,2869.4000,2869.8000,12,10,10,18,2,2,4,1,3,5
SF,IH2006,2020-06-17 09:50:45.700,2868.6000,19911,0,3666100500.000,0,-,-,-,-,2868.2000,2868.0000,2867.8000,2867.6000,2867.4000,2868.8000,2869.0000,2869.2000,2869.4000,2869.8000,12,10,10,18,2,2,4,1,3,5
SF,IH2006,2020-06-17 09:50:46.200,2868.8000,19909,-2,3667821780.000,2,0,2,双平,B,2868.8000,2868.6000,2868.4000,2868.2000,2868.0000,2869.0000,2869.2000,2869.4000,2869.8000,2870.0000,2,2,1,11,10,4,4,3,5,7
SF,IH2006,2020-06-17 09:50:46.700,2869.0000,19909,0,3669543180.000,2,1,1,空换,B,2868.4000,2868.2000,2868.0000,2867.8000,2867.6000,2868.6000,2869.0000,2869.2000,2869.4000,2869.8000,5,11,10,10,18,1,1,4,3,5
SF,IH2006,2020-06-17 09:50:47.200,2869.0000,19907,-2,3671264460.000,2,0,2,双平,B,2869.0000,2868.8000,2868.6000,2868.4000,2868.2000,2869.2000,2869.4000,2869.8000,2870.0000,2870.4000,1,18,17,1,11,4,3,5,7,3
SF,IH2006,2020-06-17 09:50:47.700,2869.2000,19905,-2,3672985980.000,2,0,2,双平,B,2868.8000,2868.6000,2868.4000,2868.2000,2868.0000,2869.2000,2869.4000,2869.8000,2870.0000,2870.4000,1,10,2,11,10,2,2,5,7,3
SF,IH2006,2020-06-17 09:50:48.200,2869.2000,19905,0,3672985980.000,0,-,-,-,-,2869.0000,2868.8000,2868.6000,2868.4000,2868.2000,2869.2000,2869.4000,2869.8000,2870.0000,2870.4000,1,2,10,2,11,2,2,5,7,3
SF,IH2006,2020-06-17 09:50:48.700,2869.2000,19905,0,3672985980.000,0,-,-,-,-,2869.0000,2868.8000,2868.6000,2868.4000,2868.2000,2869.2000,2869.4000,2869.8000,2870.0000,2870.4000,1,1,10,2,11,2,2,6,7,3
SF,IH2006,2020-06-17 09:50:49.200,2869.0000,19904,-1,3673846680.000,1,0,1,双平,B,2868.6000,2868.4000,2868.2000,2868.0000,2867.8000,2869.0000,2869.2000,2869.4000,2869.8000,2870.0000,6,2,11,10,10,3,3,2,6,7
SF,IH2006,2020-06-17 09:50:49.700,2868.6000,19903,-1,3674707260.000,1,0,1,双平,B,2868.6000,2868.4000,2868.2000,2868.0000,2867.8000,2869.2000,2869.4000,2869.8000,2870.0000,2870.4000,5,2,11,10,10,3,2,6,7,3
SF,IH2006,2020-06-17 09:50:50.200,2868.6000,19903,0,3676428420.000,2,1,1,空换,B,2868.6000,2868.4000,2868.2000,2868.0000,2867.8000,2869.2000,2869.4000,2869.8000,2870.0000,2870.4000,3,2,11,10,10,3,2,6,7,3
SF,IH2006,2020-06-17 09:50:50.700,2868.6000,19903,0,3676428420.000,0,-,-,-,-,2868.6000,2868.4000,2868.2000,2868.0000,2867.8000,2869.0000,2869.2000,2869.4000,2869.8000,2870.0000,3,2,11,10,10,1,3,2,6,7
SF,IH2006,2020-06-17 09:50:51.200,2868.6000,19903,0,3676428420.000,0,-,-,-,-,2868.6000,2868.4000,2868.2000,2868.0000,2867.8000,2869.0000,2869.2000,2869.4000,2869.8000,2870.0000,3,2,12,10,10,1,3,2,7,7
SF,IH2006,2020-06-17 09:50:52.200,2868.6000,19903,0,3677289000.000,1,0,1,空换,B,2868.6000,2868.4000,2868.2000,2868.0000,2867.8000,2869.0000,2869.2000,2869.4000,2869.8000,2870.0000,2,2,12,10,10,1,3,2,7,7
SF,IH2006,2020-06-17 09:50:52.700,2868.6000,19903,0,3677289000.000,0,-,-,-,-,2868.8000,2868.6000,2868.4000,2868.2000,2868.0000,2869.0000,2869.2000,2869.4000,2869.8000,2870.0000,1,1,2,12,10,1,3,2,7,7
SF,IH2006,2020-06-17 09:50:53.200,2868.6000,19902,-1,3678149580.000,1,0,1,双平,B,2868.6000,2868.4000,2868.2000,2868.0000,2867.8000,2869.0000,2869.2000,2869.4000,2869.8000,2870.0000,1,2,12,10,10,1,3,2,7,7
SF,IH2006,2020-06-17 09:50:53.700,2868.6000,19902,0,3678149580.000,0,-,-,-,-,2868.4000,2868.2000,2868.0000,2867.8000,2867.6000,2869.0000,2869.2000,2869.4000,2869.6000,2869.8000,2,12,10,10,18,2,3,2,1,7
SF,IH2006,2020-06-17 09:50:54.200,2869.0000,19901,-1,3679010280.000,1,0,1,双平,B,2868.8000,2868.6000,2868.4000,2868.2000,2868.0000,2869.0000,2869.2000,2869.4000,2869.6000,2869.8000,1,2,4,12,10,2,3,2,1,7
SF,IH2006,2020-06-17 09:50:54.700,2869.0000,19901,0,3679010280.000,0,-,-,-,-,2868.6000,2868.4000,2868.2000,2868.0000,2867.8000,2869.0000,2869.2000,2869.4000,2869.6000,2869.8000,2,4,12,10,10,3,3,2,1,7
SF,IH2006,2020-06-17 09:50:55.200,2869.0000,19901,0,3679010280.000,0,-,-,-,-,2868.6000,2868.4000,2868.2000,2868.0000,2867.8000,2869.0000,2869.2000,2869.4000,2869.6000,2869.8000,3,4,12,10,10,3,3,2,1,7
SF,IH2006,2020-06-17 09:50:55.700,2869.0000,19901,0,3679010280.000,0,-,-,-,-,2868.6000,2868.4000,2868.2000,2868.0000,2867.8000,2869.0000,2869.2000,2869.4000,2869.6000,2869.8000,3,3,12,10,10,3,3,2,1,7
SF,IH2006,2020-06-17 09:50:57.700,2869.0000,19901,0,3679010280.000,0,-,-,-,-,2868.6000,2868.4000,2868.2000,2868.0000,2867.8000,2869.0000,2869.2000,2869.4000,2869.6000,2869.8000,3,4,12,10,10,3,3,2,1,7
SF,IH2006,2020-06-17 09:50:58.700,2869.0000,19902,1,3679870980.000,1,1,0,双开,B,2868.6000,2868.4000,2868.2000,2868.0000,2867.8000,2869.0000,2869.2000,2869.4000,2869.6000,2869.8000,3,4,12,10,10,2,3,2,1,7
SF,IH2006,2020-06-17 09:50:59.200,2869.0000,19902,0,3681592380.000,2,1,1,空换,B,2868.6000,2868.4000,2868.2000,2868.0000,2867.8000,2869.2000,2869.4000,2869.6000,2869.8000,2870.0000,3,4,12,10,10,3,2,1,7,7
SF,IH2006,2020-06-17 09:50:59.700,2869.0000,19902,0,3681592380.000,0,-,-,-,-,2868.6000,2868.4000,2868.2000,2868.0000,2867.8000,2869.2000,2869.4000,2869.6000,2869.8000,2870.0000,3,4,12,10,10,4,3,1,7,7
SF,IH2006,2020-06-17 09:51:00.200,2868.6000,19901,-1,3682452960.000,1,0,1,双平,B,2868.6000,2868.4000,2868.2000,2868.0000,2867.8000,2869.2000,2869.4000,2869.6000,2869.8000,2870.0000,2,4,12,10,10,4,3,1,7,7
SF,IH2006,2020-06-17 09:51:00.700,2868.6000,19901,0,3682452960.000,0,-,-,-,-,2869.0000,2868.8000,2868.6000,2868.4000,2868.2000,2869.2000,2869.4000,2869.6000,2869.8000,2870.0000,1,1,1,4,12,5,3,1,7,7
SF,IH2006,2020-06-17 09:51:01.200,2869.2000,19900,-1,3684174480.000,2,0,2,空平,B,2869.0000,2868.8000,2868.4000,2868.2000,2868.0000,2869.2000,2869.4000,2869.6000,2869.8000,2870.0000,1,2,4,12,10,3,3,1,7,7
SF,IH2006,2020-06-17 09:51:01.700,2869.4000,19898,-2,3689339220.000,6,2,4,空平,B,2869.2000,2869.0000,2868.8000,2868.4000,2868.2000,2869.6000,2869.8000,2870.0000,2870.4000,2870.6000,9,2,2,4,12,1,7,7,3,1
SF,IH2006,2020-06-17 09:51:02.200,2869.2000,19897,-1,3691060860.000,2,0,2,空平,B,2869.2000,2869.0000,2868.8000,2868.4000,2868.2000,2869.8000,2870.0000,2870.4000,2870.6000,2870.8000,8,2,2,4,12,5,7,3,1,1
SF,IH2006,2020-06-17 09:51:02.700,2869.4000,19893,-4,3694504200.000,4,0,4,双平,B,2869.4000,2869.2000,2869.0000,2868.8000,2868.4000,2869.8000,2870.0000,2870.4000,2870.6000,2870.8000,2,8,2,1,4,5,7,3,1,1
SF,IH2006,2020-06-17 09:51:03.200,2869.8000,19893,0,3695365140.000,1,0,1,空换,B,2869.4000,2869.2000,2869.0000,2868.8000,2868.4000,2869.8000,2870.0000,2870.4000,2870.6000,2870.8000,2,8,2,1,3,5,7,3,1,1
SF,IH2006,2020-06-17 09:51:03.700,2869.8000,19892,-1,3696226080.000,1,0,1,双平,B,2869.4000,2869.2000,2869.0000,2868.8000,2868.4000,2869.8000,2870.0000,2870.4000,2870.6000,2870.8000,2,8,2,1,3,4,7,3,1,1
SF,IH2006,2020-06-17 09:51:04.200,2869.8000,19892,0,3696226080.000,0,-,-,-,-,2869.4000,2869.2000,2869.0000,2868.8000,2868.6000,2869.8000,2870.0000,2870.4000,2870.6000,2870.8000,2,8,2,2,1,4,7,3,1,1
SF,IH2006,2020-06-17 09:51:04.700,2869.8000,19892,0,3696226080.000,0,-,-,-,-,2869.4000,2869.2000,2869.0000,2868.8000,2868.6000,2869.8000,2870.0000,2870.4000,2870.6000,2870.8000,1,7,2,3,1,4,7,2,1,1
SF,IH2006,2020-06-17 09:51:05.200,2869.8000,19891,-1,3697087020.000,1,0,1,双平,B,2869.2000,2869.0000,2868.8000,2868.6000,2868.4000,2869.8000,2870.0000,2870.4000,2870.6000,2870.8000,7,2,3,1,3,4,7,2,1,1
SF,IH2006,2020-06-17 09:51:06.200,2869.8000,19891,0,3697087020.000,0,-,-,-,-,2869.2000,2869.0000,2868.8000,2868.6000,2868.4000,2869.8000,2870.0000,2870.4000,2870.6000,2870.8000,7,3,3,1,3,4,7,2,1,1
SF,IH2006,2020-06-17 09:51:06.700,2869.8000,19891,0,3697087020.000,0,-,-,-,-,2869.2000,2869.0000,2868.8000,2868.6000,2868.4000,2869.8000,2870.0000,2870.4000,2870.6000,2870.8000,4,2,4,1,3,4,7,2,1,1
SF,IH2006,2020-06-17 09:51:07.200,2869.8000,19891,0,3697087020.000,0,-,-,-,-,2869.2000,2869.0000,2868.8000,2868.6000,2868.4000,2869.8000,2870.0000,2870.4000,2870.6000,2870.8000,3,2,4,1,3,4,7,2,1,1
SF,IH2006,2020-06-17 09:51:07.700,2869.2000,19890,-1,3697947780.000,1,0,1,双平,B,2869.2000,2869.0000,2868.8000,2868.6000,2868.4000,2869.8000,2870.0000,2870.4000,2870.6000,2870.8000,3,2,4,1,3,4,7,2,1,1
SF,IH2006,2020-06-17 09:51:08.200,2869.2000,19890,0,3697947780.000,0,-,-,-,-,2869.6000,2869.2000,2869.0000,2868.8000,2868.6000,2869.8000,2870.0000,2870.4000,2870.6000,2870.8000,2,3,2,4,1,4,7,2,1,1
SF,IH2006,2020-06-17 09:51:08.700,2869.8000,19889,-1,3699669660.000,2,0,2,空平,B,2869.2000,2869.0000,2868.8000,2868.6000,2868.4000,2869.6000,2869.8000,2870.0000,2870.4000,2870.6000,3,2,4,1,3,1,2,7,2,1
SF,IH2006,2020-06-17 09:51:09.200,2869.6000,19889,0,3700530540.000,1,0,1,空换,B,2869.6000,2869.4000,2869.2000,2869.0000,2868.8000,2869.8000,2870.0000,2870.4000,2870.6000,2870.8000,10,2,3,2,4,1,7,2,1,1
SF,IH2006,2020-06-17 09:51:09.700,2870.0000,19887,-2,3702252480.000,2,0,2,双平,B,2869.6000,2869.4000,2869.2000,2869.0000,2868.8000,2870.0000,2870.4000,2870.6000,2870.8000,2871.0000,3,3,3,2,4,6,2,1,1,4
SF,IH2006,2020-06-17 09:51:10.200,2870.0000,19887,0,3702252480.000,0,-,-,-,-,2869.6000,2869.4000,2869.2000,2869.0000,2868.8000,2870.0000,2870.2000,2870.4000,2870.6000,2870.8000,3,3,3,2,4,6,1,3,1,1
SF,IH2006,2020-06-17 09:51:10.700,2870.0000,19888,1,3707418480.000,6,3,3,多开,B,2869.8000,2869.6000,2869.4000,2869.2000,2869.0000,2870.2000,2870.4000,2870.6000,2870.8000,2871.0000,2,3,3,3,2,1,3,1,1,4
SF,IH2006,2020-06-17 09:51:11.200,2870.0000,19887,-1,3709140420.000,2,0,2,空平,B,2869.6000,2869.4000,2869.2000,2869.0000,2868.8000,2870.2000,2870.4000,2870.6000,2870.8000,2871.0000,2,3,3,2,3,2,5,1,1,4
SF,IH2006,2020-06-17 09:51:11.700,2870.0000,19887,0,3709140420.000,0,-,-,-,-,2869.6000,2869.4000,2869.2000,2869.0000,2868.8000,2870.0000,2870.2000,2870.4000,2870.6000,2870.8000,2,3,3,1,3,1,5,4,1,1
SF,IH2006,2020-06-17 09:51:12.200,2870.2000,19886,-1,3711723540.000,3,1,2,空平,B,2869.6000,2869.4000,2869.2000,2869.0000,2868.8000,2870.2000,2870.4000,2870.6000,2870.8000,2871.0000,3,4,3,1,3,1,4,1,1,4
SF,IH2006,2020-06-17 09:51:12.700,2870.2000,19886,0,3711723540.000,0,-,-,-,-,2869.6000,2869.4000,2869.2000,2869.0000,2868.8000,2870.2000,2870.4000,2870.6000,2870.8000,2871.0000,3,4,3,1,3,4,4,1,1,4
SF,IH2006,2020-06-17 09:51:13.200,2870.2000,19886,0,3714306720.000,3,1,2,空换,B,2870.2000,2869.6000,2869.4000,2869.2000,2869.0000,2870.4000,2870.6000,2870.8000,2871.0000,2871.4000,17,3,4,3,1,4,1,1,4,3
SF,IH2006,2020-06-17 09:51:13.700,2870.2000,19889,3,3722917320.000,10,6,4,多开,B,2870.2000,2869.6000,2869.4000,2869.2000,2869.0000,2870.4000,2870.6000,2870.8000,2871.0000,2871.4000,7,4,3,3,1,4,1,1,4,3
SF,IH2006,2020-06-17 09:51:14.200,2870.2000,19894,5,3728944740.000,7,6,1,多开,B,2869.6000,2869.4000,2869.2000,2869.0000,2868.8000,2870.0000,2870.2000,2870.4000,2870.6000,2870.8000,4,3,3,1,3,1,1,4,1,1
SF,IH2006,2020-06-17 09:51:14.700,2870.0000,19894,0,3729805740.000,1,0,1,空换,B,2869.6000,2869.4000,2869.2000,2869.0000,2868.8000,2870.0000,2870.2000,2870.4000,2870.6000,2870.8000,5,3,3,1,3,2,1,4,1,1
SF,IH2006,2020-06-17 09:51:15.200,2870.0000,19894,0,3731527740.000,2,1,1,空换,B,2869.6000,2869.4000,2869.2000,2869.0000,2868.8000,2870.4000,2870.6000,2870.8000,2871.0000,2871.4000,5,3,3,1,3,4,1,1,4,3
SF,IH2006,2020-06-17 09:51:15.700,2870.0000,19894,0,3731527740.000,0,-,-,-,-,2869.8000,2869.6000,2869.4000,2869.2000,2869.0000,2870.4000,2870.6000,2870.8000,2871.0000,2871.4000,3,5,3,3,1,5,1,1,4,3
SF,IH2006,2020-06-17 09:51:16.200,2870.0000,19894,0,3731527740.000,0,-,-,-,-,2869.8000,2869.6000,2869.4000,2869.2000,2869.0000,2870.4000,2870.6000,2870.8000,2871.0000,2871.4000,4,5,3,3,1,6,1,1,4,3
SF,IH2006,2020-06-17 09:51:17.200,2870.0000,19894,0,3731527740.000,0,-,-,-,-,2869.8000,2869.6000,2869.4000,2869.2000,2869.0000,2870.4000,2870.6000,2870.8000,2871.0000,2871.4000,4,4,3,3,1,6,1,1,4,3
SF,IH2006,2020-06-17 09:51:18.200,2869.8000,19893,-1,3732388680.000,1,0,1,双平,B,2869.8000,2869.6000,2869.4000,2869.2000,2869.0000,2870.4000,2870.6000,2870.8000,2871.0000,2871.4000,3,4,3,3,1,9,1,1,4,3
SF,IH2006,2020-06-17 09:51:18.700,2870.0000,19892,-1,3734110680.000,2,0,2,空平,B,2870.0000,2869.8000,2869.6000,2869.4000,2869.2000,2870.4000,2870.6000,2870.8000,2871.0000,2871.4000,4,2,4,3,3,9,1,1,4,3
SF,IH2006,2020-06-17 09:51:19.200,2870.0000,19893,1,3734971680.000,1,1,0,双开,B,2870.0000,2869.8000,2869.6000,2869.4000,2869.2000,2870.4000,2870.6000,2870.8000,2871.0000,2871.4000,3,3,4,3,3,9,1,1,4,3
SF,IH2006,2020-06-17 09:51:20.200,2870.0000,19893,0,3734971680.000,0,-,-,-,-,2870.0000,2869.8000,2869.6000,2869.4000,2869.2000,2870.4000,2870.6000,2870.8000,2871.0000,2871.4000,3,3,4,3,3,9,1,1,4,3
SF,IH2006,2020-06-17 09:51:20.700,2870.0000,19893,0,3735832680.000,1,0,1,空换,B,2870.0000,2869.8000,2869.6000,2869.4000,2869.2000,2870.4000,2870.6000,2870.8000,2871.0000,2871.4000,2,2,4,3,3,9,1,1,4,2
SF,IH2006,2020-06-17 09:51:21.200,2870.0000,19894,1,3738415680.000,3,2,1,多开,B,2869.8000,2869.6000,2869.4000,2869.2000,2869.0000,2870.0000,2870.4000,2870.6000,2870.8000,2871.0000,2,4,3,3,1,1,9,1,1,4
SF,IH2006,2020-06-17 09:51:21.700,2870.0000,19894,0,3738415680.000,0,-,-,-,-,2869.8000,2869.6000,2869.4000,2869.2000,2869.0000,2870.0000,2870.2000,2870.4000,2870.6000,2870.8000,2,4,3,3,1,1,1,9,1,1
SF,IH2006,2020-06-17 09:51:22.200,2870.0000,19894,0,3738415680.000,0,-,-,-,-,2869.8000,2869.6000,2869.4000,2869.2000,2869.0000,2870.0000,2870.2000,2870.4000,2870.6000,2870.8000,1,3,3,3,1,1,1,9,1,1
SF,IH2006,2020-06-17 09:51:22.700,2869.8000,19893,-1,3740137620.000,2,0,2,空平,B,2869.8000,2869.6000,2869.4000,2869.2000,2869.0000,2870.2000,2870.4000,2870.6000,2870.8000,2871.0000,1,3,3,3,1,1,9,1,1,4
SF,IH2006,2020-06-17 09:51:23.700,2869.8000,19893,0,3740137620.000,0,-,-,-,-,2869.8000,2869.6000,2869.4000,2869.2000,2869.0000,2870.2000,2870.4000,2870.6000,2870.8000,2871.0000,2,3,3,3,1,3,10,1,1,4
SF,IH2006,2020-06-17 09:51:24.200,2869.8000,19891,-2,3741859620.000,2,0,2,双平,B,2869.8000,2869.6000,2869.4000,2869.2000,2869.0000,2870.2000,2870.4000,2870.6000,2870.8000,2871.0000,1,3,3,3,1,1,10,1,1,4
SF,IH2006,2020-06-17 09:51:24.700,2869.8000,19891,0,3741859620.000,0,-,-,-,-,2869.8000,2869.6000,2869.4000,2869.2000,2869.0000,2870.2000,2870.4000,2870.6000,2870.8000,2871.0000,1,2,3,3,1,1,10,1,2,4
SF,IH2006,2020-06-17 09:51:26.200,2869.8000,19891,0,3741859620.000,0,-,-,-,-,2869.8000,2869.6000,2869.4000,2869.2000,2869.0000,2870.2000,2870.4000,2870.6000,2870.8000,2871.0000,1,2,3,3,1,2,9,1,2,4
SF,IH2006,2020-06-17 09:51:26.700,2869.8000,19891,0,3741859620.000,0,-,-,-,-,2869.8000,2869.6000,2869.4000,2869.2000,2869.0000,2870.2000,2870.4000,2870.6000,2870.8000,2871.0000,2,2,3,3,1,2,9,1,2,4
SF,IH2006,2020-06-17 09:51:27.200,2869.8000,19889,-2,3744442440.000,3,0,3,空平,B,2869.8000,2869.6000,2869.4000,2869.2000,2869.0000,2870.2000,2870.4000,2870.6000,2870.8000,2871.0000,1,2,3,3,1,3,9,1,2,4
SF,IH2006,2020-06-17 09:51:27.700,2869.8000,19889,0,3744442440.000,0,-,-,-,-,2869.8000,2869.6000,2869.4000,2869.2000,2869.0000,2870.2000,2870.4000,2870.6000,2870.8000,2871.0000,1,2,3,3,1,3,9,1,2,4
SF,IH2006,2020-06-17 09:51:28.200,2869.8000,19889,0,3744442440.000,0,-,-,-,-,2869.8000,2869.6000,2869.4000,2869.2000,2869.0000,2870.2000,2870.4000,2870.6000,2870.8000,2871.0000,1,2,3,3,1,3,9,1,2,4
SF,IH2006,2020-06-17 09:51:28.700,2869.6000,19889,0,3746164260.000,2,1,1,空换,B,2869.6000,2869.4000,2869.2000,2869.0000,2868.8000,2869.8000,2870.0000,2870.2000,2870.4000,2870.6000,1,3,3,1,3,7,1,3,9,1
SF,IH2006,2020-06-17 09:51:29.200,2869.6000,19889,0,3746164260.000,0,-,-,-,-,2869.4000,2869.2000,2869.0000,2868.8000,2868.6000,2869.8000,2870.0000,2870.2000,2870.4000,2870.6000,2,3,1,3,1,7,1,3,9,1
SF,IH2006,2020-06-17 09:51:29.700,2869.8000,19888,-1,3747025200.000,1,0,1,双平,B,2869.4000,2869.2000,2869.0000,2868.8000,2868.6000,2869.8000,2870.0000,2870.2000,2870.4000,2870.6000,3,3,1,3,1,7,1,3,9,1
SF,IH2006,2020-06-17 09:51:30.200,2869.8000,19888,0,3747025200.000,0,-,-,-,-,2869.4000,2869.2000,2869.0000,2868.8000,2868.6000,2869.6000,2869.8000,2870.0000,2870.2000,2870.4000,3,3,1,4,3,3,8,1,3,9
SF,IH2006,2020-06-17 09:51:30.700,2869.4000,19887,-1,3747886020.000,1,0,1,双平,B,2869.4000,2869.2000,2869.0000,2868.8000,2868.6000,2869.6000,2869.8000,2870.0000,2870.2000,2870.4000,2,3,1,4,3,3,8,1,3,9
SF,IH2006,2020-06-17 09:51:31.200,2869.4000,19887,0,3747886020.000,0,-,-,-,-,2869.4000,2869.2000,2869.0000,2868.8000,2868.6000,2869.6000,2869.8000,2870.0000,2870.2000,2870.4000,6,3,1,4,3,3,8,5,3,9
SF,IH2006,2020-06-17 09:51:31.700,2869.4000,19887,0,3753050940.000,6,3,3,空换,B,2869.2000,2869.0000,2868.8000,2868.6000,2868.4000,2869.6000,2869.8000,2870.0000,2870.2000,2870.4000,9,1,4,3,5,3,2,5,3,9
SF,IH2006,2020-06-17 09:51:33.200,2869.4000,19887,0,3753050940.000,0,-,-,-,-,2869.2000,2869.0000,2868.8000,2868.6000,2868.4000,2869.4000,2869.8000,2870.0000,2870.2000,2870.4000,9,1,4,3,5,3,2,5,3,8
SF,IH2006,2020-06-17 09:51:34.200,2869.8000,19886,-1,3757355280.000,5,2,3,空平,B,2869.2000,2869.0000,2868.8000,2868.6000,2868.4000,2870.0000,2870.2000,2870.4000,2870.6000,2870.8000,9,1,4,3,5,5,3,8,1,2
SF,IH2006,2020-06-17 09:51:34.700,2869.8000,19886,0,3757355280.000,0,-,-,-,-,2869.2000,2869.0000,2868.8000,2868.6000,2868.4000,2870.0000,2870.2000,2870.4000,2870.6000,2870.8000,9,1,3,3,5,5,3,8,1,2
SF,IH2006,2020-06-17 09:51:35.200,2869.8000,19885,-1,3758216220.000,1,0,1,双平,B,2869.2000,2869.0000,2868.8000,2868.6000,2868.4000,2870.0000,2870.2000,2870.4000,2870.6000,2870.8000,9,1,3,3,5,6,3,7,1,2
SF,IH2006,2020-06-17 09:51:35.700,2869.8000,19885,0,3758216220.000,0,-,-,-,-,2869.4000,2869.2000,2869.0000,2868.8000,2868.6000,2869.8000,2870.0000,2870.2000,2870.4000,2870.6000,2,9,2,3,3,6,6,4,7,1
SF,IH2006,2020-06-17 09:51:36.200,2869.8000,19885,0,3758216220.000,0,-,-,-,-,2869.4000,2869.2000,2869.0000,2868.8000,2868.6000,2869.8000,2870.0000,2870.2000,2870.4000,2870.6000,1,9,2,3,3,6,6,4,7,1
SF,IH2006,2020-06-17 09:51:36.700,2869.8000,19885,0,3758216220.000,0,-,-,-,-,2869.2000,2869.0000,2868.8000,2868.6000,2868.4000,2869.8000,2870.0000,2870.2000,2870.4000,2870.6000,9,2,3,3,5,6,6,3,7,1
SF,IH2006,2020-06-17 09:51:37.200,2869.8000,19885,0,3758216220.000,0,-,-,-,-,2869.2000,2869.0000,2868.8000,2868.6000,2868.4000,2869.8000,2870.0000,2870.2000,2870.4000,2870.6000,9,2,3,3,5,7,6,3,7,1
SF,IH2006,2020-06-17 09:51:38.200,2869.8000,19883,-2,3759938100.000,2,0,2,双平,B,2869.2000,2869.0000,2868.8000,2868.6000,2868.4000,2869.6000,2869.8000,2870.0000,2870.2000,2870.4000,12,2,3,3,5,1,5,6,3,7
SF,IH2006,2020-06-17 09:51:38.700,2869.8000,19883,0,3759938100.000,0,-,-,-,-,2869.2000,2869.0000,2868.8000,2868.6000,2868.4000,2869.6000,2869.8000,2870.0000,2870.2000,2870.4000,12,2,3,3,5,1,5,6,2,7
SF,IH2006,2020-06-17 09:51:39.200,2869.8000,19883,0,3759938100.000,0,-,-,-,-,2869.2000,2869.0000,2868.8000,2868.6000,2868.4000,2869.6000,2869.8000,2870.0000,2870.2000,2870.4000,11,2,3,3,5,1,5,6,2,7
SF,IH2006,2020-06-17 09:51:41.700,2869.8000,19883,0,3759938100.000,0,-,-,-,-,2869.2000,2869.0000,2868.8000,2868.6000,2868.4000,2869.6000,2869.8000,2870.0000,2870.2000,2870.4000,12,2,3,3,5,2,5,6,2,7
SF,IH2006,2020-06-17 09:51:42.200,2869.2000,19881,-2,3762520380.000,3,0,3,空平,B,2869.2000,2869.0000,2868.8000,2868.6000,2868.4000,2869.6000,2869.8000,2870.0000,2870.2000,2870.4000,9,2,3,3,5,3,5,6,2,7
SF,IH2006,2020-06-17 09:51:42.700,2869.4000,19877,-4,3771128040.000,10,3,7,空平,B,2869.0000,2868.8000,2868.6000,2868.4000,2868.2000,2869.6000,2869.8000,2870.0000,2870.2000,2870.4000,2,3,3,5,12,3,5,6,2,7
SF,IH2006,2020-06-17 09:51:43.200,2869.0000,19878,1,3774570840.000,4,2,2,多开,B,2868.8000,2868.6000,2868.4000,2868.2000,2868.0000,2869.0000,2869.2000,2869.4000,2869.6000,2869.8000,3,3,5,12,8,4,3,2,6,5
SF,IH2006,2020-06-17 09:51:43.700,2868.8000,19878,0,3775431480.000,1,0,1,空换,B,2868.8000,2868.6000,2868.4000,2868.2000,2868.0000,2869.2000,2869.4000,2869.6000,2869.8000,2870.0000,2,3,5,12,8,1,3,6,5,6
SF,IH2006,2020-06-17 09:51:44.200,2868.8000,19878,0,3775431480.000,0,-,-,-,-,2868.8000,2868.6000,2868.4000,2868.2000,2868.0000,2869.2000,2869.4000,2869.6000,2869.8000,2870.0000,2,3,5,12,8,2,2,6,4,6
SF,IH2006,2020-06-17 09:51:44.700,2868.8000,19878,0,3775431480.000,0,-,-,-,-,2868.8000,2868.6000,2868.4000,2868.2000,2868.0000,2869.2000,2869.4000,2869.6000,2869.8000,2870.0000,3,3,5,12,8,3,2,6,4,7
SF,IH2006,2020-06-17 09:51:46.200,2868.8000,19878,0,3776292120.000,1,0,1,空换,B,2868.8000,2868.6000,2868.4000,2868.2000,2868.0000,2869.2000,2869.4000,2869.6000,2869.8000,2870.0000,2,3,5,12,8,2,2,6,4,7
SF,IH2006,2020-06-17 09:51:46.700,2868.8000,19878,0,3776292120.000,0,-,-,-,-,2868.8000,2868.6000,2868.4000,2868.2000,2868.0000,2869.2000,2869.4000,2869.6000,2869.8000,2870.0000,3,3,5,12,8,1,2,6,4,7
SF,IH2006,2020-06-17 09:51:47.200,2868.8000,19878,0,3776292120.000,0,-,-,-,-,2868.8000,2868.6000,2868.4000,2868.2000,2868.0000,2869.2000,2869.4000,2869.6000,2869.8000,2870.0000,3,3,5,12,8,1,3,6,4,7
SF,IH2006,2020-06-17 09:51:47.700,2868.8000,19878,0,3777152760.000,1,0,1,空换,B,2868.8000,2868.6000,2868.4000,2868.2000,2868.0000,2869.2000,2869.4000,2869.6000,2869.8000,2870.0000,1,3,5,12,8,1,3,6,4,7
SF,IH2006,2020-06-17 09:51:48.200,2868.8000,19878,0,3777152760.000,0,-,-,-,-,2868.8000,2868.6000,2868.4000,2868.2000,2868.0000,2869.2000,2869.4000,2869.6000,2869.8000,2870.0000,2,3,5,12,8,2,3,6,4,7
SF,IH2006,2020-06-17 09:51:48.700,2868.8000,19878,0,3777152760.000,0,-,-,-,-,2868.8000,2868.6000,2868.4000,2868.2000,2868.0000,2869.0000,2869.2000,2869.4000,2869.6000,2869.8000,2,3,5,12,8,1,2,3,6,4
SF,IH2006,2020-06-17 09:51:49.700,2868.8000,19878,0,3778874040.000,2,1,1,空换,B,2868.6000,2868.4000,2868.2000,2868.0000,2867.8000,2868.8000,2869.0000,2869.2000,2869.4000,2869.6000,3,5,12,8,10,8,1,2,2,6
SF,IH2006,2020-06-17 09:51:50.200,2868.6000,19876,-2,3781455780.000,3,0,3,空平,B,2868.4000,2868.2000,2868.0000,2867.8000,2867.6000,2868.6000,2868.8000,2869.0000,2869.2000,2869.4000,5,12,8,10,18,1,6,2,2,1
SF,IH2006,2020-06-17 09:51:50.700,2868.6000,19876,0,3781455780.000,0,-,-,-,-,2868.4000,2868.2000,2868.0000,2867.8000,2867.6000,2868.8000,2869.0000,2869.2000,2869.4000,2869.6000,4,12,8,10,18,6,2,2,2,6
SF,IH2006,2020-06-17 09:51:51.200,2868.8000,19875,-1,3782316420.000,1,0,1,双平,B,2868.4000,2868.2000,2868.0000,2867.8000,2867.6000,2868.8000,2869.0000,2869.2000,2869.4000,2869.6000,4,12,8,10,18,4,3,2,2,6
SF,IH2006,2020-06-17 09:51:51.700,2868.8000,19875,0,3782316420.000,0,-,-,-,-,2868.4000,2868.2000,2868.0000,2867.8000,2867.6000,2868.8000,2869.0000,2869.2000,2869.4000,2869.6000,4,12,8,10,18,4,3,2,2,5
SF,IH2006,2020-06-17 09:51:52.200,2868.8000,19875,0,3782316420.000,0,-,-,-,-,2868.6000,2868.4000,2868.2000,2868.0000,2867.8000,2868.8000,2869.0000,2869.2000,2869.4000,2869.6000,1,6,12,8,10,4,3,2,2,5
SF,IH2006,2020-06-17 09:51:52.700,2868.8000,19875,0,3782316420.000,0,-,-,-,-,2868.6000,2868.4000,2868.2000,2868.0000,2867.8000,2868.8000,2869.0000,2869.2000,2869.4000,2869.6000,1,6,12,8,10,2,3,2,2,5
SF,IH2006,2020-06-17 09:51:53.200,2868.8000,19875,0,3782316420.000,0,-,-,-,-,2868.4000,2868.2000,2868.0000,2867.8000,2867.6000,2868.6000,2868.8000,2869.0000,2869.2000,2869.4000,6,12,8,10,18,8,2,3,2,2
SF,IH2006,2020-06-17 09:51:53.700,2868.8000,19875,0,3782316420.000,0,-,-,-,-,2868.4000,2868.2000,2868.0000,2867.8000,2867.6000,2868.6000,2868.8000,2869.0000,2869.2000,2869.4000,4,12,8,10,18,4,2,3,2,2
SF,IH2006,2020-06-17 09:51:54.200,2868.4000,19875,0,3784897980.000,3,1,2,空换,B,2868.4000,2868.2000,2868.0000,2867.8000,2867.6000,2868.6000,2868.8000,2869.0000,2869.2000,2869.4000,1,12,8,10,18,1,2,3,2,2
SF,IH2006,2020-06-17 09:51:54.700,2868.4000,19873,-2,3786619080.000,2,0,2,双平,B,2868.2000,2868.0000,2867.8000,2867.6000,2867.4000,2868.4000,2868.6000,2868.8000,2869.0000,2869.2000,12,8,10,18,2,1,1,2,3,2
SF,IH2006,2020-06-17 09:51:55.200,2868.4000,19873,0,3786619080.000,0,-,-,-,-,2868.2000,2868.0000,2867.8000,2867.6000,2867.4000,2868.4000,2868.6000,2868.8000,2869.0000,2869.2000,13,8,10,18,2,1,1,2,3,2
SF,IH2006,2020-06-17 09:51:55.700,2868.4000,19873,0,3787479600.000,1,0,1,空换,B,2868.2000,2868.0000,2867.8000,2867.6000,2867.4000,2868.6000,2868.8000,2869.0000,2869.2000,2869.4000,13,8,10,18,2,1,2,3,2,2
SF,IH2006,2020-06-17 09:51:56.200,2868.4000,19873,0,3787479600.000,0,-,-,-,-,2868.2000,2868.0000,2867.8000,2867.6000,2867.4000,2868.6000,2868.8000,2869.0000,2869.2000,2869.4000,14,8,10,18,2,1,2,3,2,2
SF,IH2006,2020-06-17 09:51:56.700,2868.2000,19872,-1,3788340060.000,1,0,1,双平,B,2868.2000,2868.0000,2867.8000,2867.6000,2867.4000,2868.4000,2868.8000,2869.0000,2869.2000,2869.4000,13,8,10,18,2,1,2,3,2,2
SF,IH2006,2020-06-17 09:51:57.200,2868.4000,19871,-1,3789200580.000,1,0,1,双平,B,2868.2000,2868.0000,2867.8000,2867.6000,2867.4000,2868.6000,2868.8000,2869.0000,2869.2000,2869.4000,13,8,10,18,2,1,2,3,2,2
SF,IH2006,2020-06-17 09:51:57.700,2868.4000,19871,0,3789200580.000,0,-,-,-,-,2868.2000,2868.0000,2867.8000,2867.6000,2867.4000,2868.4000,2868.6000,2868.8000,2869.0000,2869.2000,13,8,10,18,2,1,1,2,2,2
SF,IH2006,2020-06-17 09:51:58.200,2868.6000,19871,0,3790921680.000,2,1,1,空换,B,2868.2000,2868.0000,2867.8000,2867.6000,2867.4000,2868.6000,2868.8000,2869.0000,2869.2000,2869.4000,12,8,10,18,2,1,2,2,2,2
SF,IH2006,2020-06-17 09:51:58.700,2868.6000,19871,0,3790921680.000,0,-,-,-,-,2868.2000,2868.0000,2867.8000,2867.6000,2867.4000,2868.6000,2868.8000,2869.0000,2869.2000,2869.4000,12,8,10,18,2,2,2,2,2,2
SF,IH2006,2020-06-17 09:51:59.200,2868.6000,19871,0,3790921680.000,0,-,-,-,-,2868.2000,2868.0000,2867.8000,2867.6000,2867.4000,2868.6000,2868.8000,2869.0000,2869.2000,2869.4000,13,8,10,18,2,2,2,2,2,2
SF,IH2006,2020-06-17 09:51:59.700,2868.6000,19871,0,3790921680.000,0,-,-,-,-,2868.2000,2868.0000,2867.8000,2867.6000,2867.4000,2868.6000,2868.8000,2869.0000,2869.2000,2869.4000,13,8,10,18,2,3,2,2,2,2
SF,IH2006,2020-06-17 09:52:00.200,2868.6000,19871,0,3790921680.000,0,-,-,-,-,2868.2000,2868.0000,2867.8000,2867.6000,2867.4000,2868.4000,2868.6000,2868.8000,2869.0000,2869.2000,13,8,10,18,2,1,3,2,2,2
SF,IH2006,2020-06-17 09:52:01.200,2868.4000,19870,-1,3791782200.000,1,0,1,双平,B,2868.2000,2868.0000,2867.8000,2867.6000,2867.4000,2868.6000,2868.8000,2869.0000,2869.2000,2869.4000,14,8,10,18,2,4,2,2,2,1
SF,IH2006,2020-06-17 09:52:02.200,2868.4000,19870,0,3791782200.000,0,-,-,-,-,2868.2000,2868.0000,2867.8000,2867.6000,2867.4000,2868.6000,2868.8000,2869.0000,2869.2000,2869.4000,14,8,10,18,2,4,2,2,2,1
SF,IH2006,2020-06-17 09:52:03.700,2868.2000,19870,0,3792642660.000,1,0,1,空换,B,2868.2000,2868.0000,2867.8000,2867.6000,2867.4000,2868.6000,2868.8000,2869.0000,2869.2000,2869.4000,13,8,10,18,2,4,2,2,2,1
SF,IH2006,2020-06-17 09:52:05.200,2868.2000,19869,-1,3793503120.000,1,0,1,双平,B,2868.2000,2868.0000,2867.8000,2867.6000,2867.4000,2868.6000,2868.8000,2869.0000,2869.2000,2869.4000,12,8,10,18,2,4,2,2,2,1
SF,IH2006,2020-06-17 09:52:05.700,2868.2000,19869,0,3793503120.000,0,-,-,-,-,2868.2000,2868.0000,2867.8000,2867.6000,2867.4000,2868.4000,2868.6000,2868.8000,2869.0000,2869.2000,12,8,10,18,2,1,4,2,2,2
SF,IH2006,2020-06-17 09:52:06.200,2868.4000,19869,0,3794363640.000,1,0,1,空换,B,2868.2000,2868.0000,2867.8000,2867.6000,2867.4000,2868.6000,2868.8000,2869.0000,2869.2000,2869.4000,12,8,10,18,2,4,2,2,2,1
SF,IH2006,2020-06-17 09:52:06.700,2868.4000,19869,0,3794363640.000,0,-,-,-,-,2868.2000,2868.0000,2867.8000,2867.6000,2867.4000,2868.6000,2868.8000,2869.0000,2869.2000,2869.4000,13,8,10,18,2,4,2,2,2,1
SF,IH2006,2020-06-17 09:52:07.200,2868.4000,19869,0,3794363640.000,0,-,-,-,-,2868.2000,2868.0000,2867.8000,2867.6000,2867.4000,2868.6000,2868.8000,2869.0000,2869.2000,2869.4000,13,8,10,18,2,4,2,2,2,1
SF,IH2006,2020-06-17 09:52:07.700,2868.4000,19869,0,3794363640.000,0,-,-,-,-,2868.2000,2868.0000,2867.8000,2867.6000,2867.4000,2868.6000,2868.8000,2869.0000,2869.2000,2869.4000,13,8,10,18,2,4,2,2,2,1
SF,IH2006,2020-06-17 09:52:09.200,2868.4000,19869,0,3794363640.000,0,-,-,-,-,2868.2000,2868.0000,2867.8000,2867.6000,2867.4000,2868.6000,2868.8000,2869.0000,2869.2000,2869.4000,13,8,10,18,2,4,2,2,2,1
SF,IH2006,2020-06-17 09:52:09.700,2868.4000,19869,0,3794363640.000,0,-,-,-,-,2868.2000,2868.0000,2867.8000,2867.6000,2867.4000,2868.6000,2868.8000,2869.0000,2869.2000,2869.4000,14,8,10,18,2,4,2,2,2,1
SF,IH2006,2020-06-17 09:52:11.200,2868.4000,19869,0,3794363640.000,0,-,-,-,-,2868.2000,2868.0000,2867.8000,2867.6000,2867.4000,2868.6000,2868.8000,2869.0000,2869.2000,2869.4000,14,8,10,18,2,4,2,2,2,1
SF,IH2006,2020-06-17 09:52:11.700,2868.2000,19869,0,3796945020.000,3,1,2,空换,B,2868.2000,2868.0000,2867.8000,2867.6000,2867.4000,2868.6000,2868.8000,2869.0000,2869.2000,2869.4000,11,8,10,18,2,5,2,2,2,1
SF,IH2006,2020-06-17 09:52:12.200,2868.2000,19865,-4,3800386860.000,4,0,4,双平,B,2868.2000,2868.0000,2867.8000,2867.6000,2867.4000,2868.6000,2868.8000,2869.0000,2869.2000,2869.4000,7,8,10,18,2,5,2,2,2,1
SF,IH2006,2020-06-17 09:52:13.200,2868.2000,19865,0,3800386860.000,0,-,-,-,-,2868.2000,2868.0000,2867.8000,2867.6000,2867.4000,2868.6000,2868.8000,2869.0000,2869.2000,2869.4000,7,8,10,18,2,5,2,2,2,2
SF,IH2006,2020-06-17 09:52:14.200,2868.2000,19865,0,3800386860.000,0,-,-,-,-,2868.2000,2868.0000,2867.8000,2867.6000,2867.4000,2868.6000,2868.8000,2869.0000,2869.2000,2869.4000,7,8,10,18,2,5,2,2,2,2
SF,IH2006,2020-06-17 09:52:14.700,2868.2000,19865,0,3800386860.000,0,-,-,-,-,2868.2000,2868.0000,2867.8000,2867.6000,2867.4000,2868.6000,2868.8000,2869.0000,2869.2000,2869.4000,7,8,10,18,2,6,2,2,2,2
SF,IH2006,2020-06-17 09:52:15.200,2868.2000,19863,-2,3803828700.000,4,1,3,空平,B,2868.2000,2868.0000,2867.8000,2867.6000,2867.4000,2868.6000,2868.8000,2869.0000,2869.2000,2869.4000,3,8,10,18,2,6,2,2,2,2
SF,IH2006,2020-06-17 09:52:15.700,2868.2000,19863,0,3803828700.000,0,-,-,-,-,2868.2000,2868.0000,2867.8000,2867.6000,2867.4000,2868.6000,2868.8000,2869.0000,2869.2000,2869.4000,3,8,10,18,2,6,2,2,2,2
SF,IH2006,2020-06-17 09:52:16.200,2868.6000,19862,-1,3804689280.000,1,0,1,双平,B,2868.2000,2868.0000,2867.8000,2867.6000,2867.4000,2868.6000,2868.8000,2869.0000,2869.2000,2869.4000,3,8,10,18,2,5,2,2,2,2
SF,IH2006,2020-06-17 09:52:16.700,2868.4000,19861,-1,3805549800.000,1,0,1,双平,B,2868.2000,2868.0000,2867.8000,2867.6000,2867.4000,2868.6000,2868.8000,2869.0000,2869.2000,2869.4000,3,8,10,18,2,4,2,2,2,2
SF,IH2006,2020-06-17 09:52:17.200,2868.4000,19861,0,3806410320.000,1,0,1,空换,B,2868.2000,2868.0000,2867.8000,2867.6000,2867.4000,2868.4000,2868.6000,2868.8000,2869.0000,2869.2000,3,8,10,18,2,2,4,2,2,2
SF,IH2006,2020-06-17 09:52:17.700,2868.2000,19860,-1,3808131300.000,2,0,2,空平,B,2868.2000,2868.0000,2867.8000,2867.6000,2867.4000,2868.4000,2868.6000,2868.8000,2869.0000,2869.2000,2,8,10,18,2,1,4,2,2,2
SF,IH2006,2020-06-17 09:52:18.700,2868.2000,19860,0,3808131300.000,0,-,-,-,-,2868.2000,2868.0000,2867.8000,2867.6000,2867.4000,2868.6000,2868.8000,2869.0000,2869.2000,2869.4000,2,8,10,18,2,4,2,2,2,2
SF,IH2006,2020-06-17 09:52:19.200,2868.2000,19860,0,3808131300.000,0,-,-,-,-,2868.2000,2868.0000,2867.8000,2867.6000,2867.4000,2868.6000,2868.8000,2869.0000,2869.2000,2869.4000,2,8,10,18,2,5,2,2,2,2
SF,IH2006,2020-06-17 09:52:19.700,2868.2000,19860,0,3809852220.000,2,1,1,空换,B,2868.0000,2867.8000,2867.6000,2867.4000,2867.2000,2868.4000,2868.6000,2868.8000,2869.0000,2869.2000,8,10,18,2,9,2,5,2,2,2
SF,IH2006,2020-06-17 09:52:20.200,2868.2000,19860,0,3809852220.000,0,-,-,-,-,2868.2000,2868.0000,2867.8000,2867.6000,2867.4000,2868.4000,2868.6000,2868.8000,2869.0000,2869.2000,3,8,10,18,2,2,5,2,2,2
SF,IH2006,2020-06-17 09:52:20.700,2868.2000,19858,-2,3812433600.000,3,0,3,空平,B,2868.0000,2867.8000,2867.6000,2867.4000,2867.2000,2868.2000,2868.4000,2868.6000,2868.8000,2869.0000,8,10,18,2,9,1,3,4,2,2
SF,IH2006,2020-06-17 09:52:22.700,2868.2000,19858,0,3812433600.000,0,-,-,-,-,2868.0000,2867.8000,2867.6000,2867.4000,2867.2000,2868.2000,2868.4000,2868.6000,2868.8000,2869.0000,8,10,18,2,9,3,3,4,2,2
SF,IH2006,2020-06-17 09:52:23.200,2868.0000,19855,-3,3815875200.000,4,0,4,空平,B,2868.0000,2867.8000,2867.6000,2867.4000,2867.2000,2868.2000,2868.4000,2868.6000,2868.8000,2869.0000,4,10,18,2,9,3,3,4,2,2
SF,IH2006,2020-06-17 09:52:24.700,2868.0000,19854,-1,3816735600.000,1,0,1,双平,B,2868.0000,2867.8000,2867.6000,2867.4000,2867.2000,2868.2000,2868.4000,2868.6000,2868.8000,2869.0000,3,10,18,2,9,2,3,4,2,2
SF,IH2006,2020-06-17 09:52:25.200,2868.0000,19854,0,3816735600.000,0,-,-,-,-,2868.0000,2867.8000,2867.6000,2867.4000,2867.2000,2868.2000,2868.4000,2868.6000,2868.8000,2869.0000,3,10,18,2,9,2,3,4,3,2
SF,IH2006,2020-06-17 09:52:25.700,2868.0000,19854,0,3817596000.000,1,0,1,空换,B,2868.0000,2867.8000,2867.6000,2867.4000,2867.2000,2868.2000,2868.4000,2868.6000,2868.8000,2869.0000,2,10,18,2,9,2,3,4,3,2
SF,IH2006,2020-06-17 09:52:26.200,2868.0000,19853,-1,3818456400.000,1,0,1,双平,B,2868.0000,2867.8000,2867.6000,2867.4000,2867.2000,2868.2000,2868.4000,2868.6000,2868.8000,2869.0000,1,10,18,2,9,2,3,4,3,2
SF,IH2006,2020-06-17 09:52:26.700,2868.0000,19852,-1,3819316800.000,1,0,1,双平,B,2867.8000,2867.6000,2867.4000,2867.2000,2867.0000,2868.2000,2868.4000,2868.6000,2868.8000,2869.0000,10,18,2,9,8,2,3,4,3,2
SF,IH2006,2020-06-17 09:52:27.200,2867.8000,19852,0,3820177140.000,1,0,1,空换,B,2867.8000,2867.6000,2867.4000,2867.2000,2867.0000,2868.0000,2868.2000,2868.4000,2868.6000,2868.8000,9,17,2,9,8,1,2,3,4,3
SF,IH2006,2020-06-17 09:52:27.700,2868.0000,19852,0,3821037540.000,1,0,1,空换,B,2867.8000,2867.6000,2867.4000,2867.2000,2867.0000,2868.2000,2868.4000,2868.6000,2868.8000,2869.0000,9,17,2,9,8,2,3,4,3,2
SF,IH2006,2020-06-17 09:52:28.200,2868.0000,19852,0,3821037540.000,0,-,-,-,-,2867.8000,2867.6000,2867.4000,2867.2000,2867.0000,2868.2000,2868.4000,2868.6000,2868.8000,2869.0000,10,17,2,9,8,2,3,4,3,2
SF,IH2006,2020-06-17 09:52:29.200,2868.0000,19852,0,3821037540.000,0,-,-,-,-,2867.8000,2867.6000,2867.4000,2867.2000,2867.0000,2868.2000,2868.4000,2868.6000,2868.8000,2869.0000,10,17,2,9,8,2,3,4,3,1
SF,IH2006,2020-06-17 09:52:29.700,2868.0000,19852,0,3821037540.000,0,-,-,-,-,2867.8000,2867.6000,2867.4000,2867.2000,2867.0000,2868.0000,2868.2000,2868.4000,2868.6000,2868.8000,10,17,2,9,8,1,3,2,4,3
SF,IH2006,2020-06-17 09:52:30.200,2868.0000,19851,-1,3821897940.000,1,0,1,双平,B,2868.0000,2867.8000,2867.6000,2867.4000,2867.2000,2868.2000,2868.4000,2868.6000,2868.8000,2869.0000,1,10,17,2,9,3,2,4,3,1
SF,IH2006,2020-06-17 09:52:30.700,2868.0000,19851,0,3821897940.000,0,-,-,-,-,2867.8000,2867.6000,2867.4000,2867.2000,2867.0000,2868.2000,2868.4000,2868.6000,2868.8000,2869.0000,10,17,2,9,8,3,2,3,3,1
SF,IH2006,2020-06-17 09:52:31.200,2868.0000,19851,0,3821897940.000,0,-,-,-,-,2868.0000,2867.8000,2867.6000,2867.4000,2867.2000,2868.2000,2868.4000,2868.6000,2868.8000,2869.0000,1,10,17,3,9,3,3,3,3,1
SF,IH2006,2020-06-17 09:52:32.200,2868.0000,19851,0,3821897940.000,0,-,-,-,-,2868.0000,2867.8000,2867.6000,2867.4000,2867.2000,2868.2000,2868.4000,2868.6000,2868.8000,2869.0000,1,10,17,3,9,6,3,3,3,1
SF,IH2006,2020-06-17 09:52:32.700,2868.0000,19850,-1,3822758340.000,1,0,1,双平,B,2867.8000,2867.6000,2867.4000,2867.2000,2867.0000,2868.2000,2868.4000,2868.6000,2868.8000,2869.0000,10,17,3,9,8,6,3,3,3,1
SF,IH2006,2020-06-17 09:52:33.200,2868.0000,19850,0,3822758340.000,0,-,-,-,-,2867.8000,2867.6000,2867.4000,2867.2000,2867.0000,2868.0000,2868.2000,2868.4000,2868.6000,2868.8000,11,17,3,9,8,1,7,3,3,3
SF,IH2006,2020-06-17 09:52:33.700,2868.0000,19850,0,3822758340.000,0,-,-,-,-,2867.8000,2867.6000,2867.4000,2867.2000,2867.0000,2868.0000,2868.2000,2868.4000,2868.6000,2868.8000,10,17,3,9,8,1,7,3,3,3
SF,IH2006,2020-06-17 09:52:34.200,2868.0000,19850,0,3822758340.000,0,-,-,-,-,2867.8000,2867.6000,2867.4000,2867.2000,2867.0000,2868.0000,2868.2000,2868.4000,2868.6000,2868.8000,10,17,3,9,14,1,7,3,3,3
SF,IH2006,2020-06-17 09:52:34.700,2868.0000,19850,0,3822758340.000,0,-,-,-,-,2867.8000,2867.6000,2867.4000,2867.2000,2867.0000,2868.0000,2868.2000,2868.4000,2868.6000,2868.8000,10,17,3,9,14,2,7,3,3,3
SF,IH2006,2020-06-17 09:52:35.200,2868.0000,19848,-2,3824479140.000,2,0,2,双平,B,2868.0000,2867.8000,2867.6000,2867.4000,2867.2000,2868.2000,2868.4000,2868.6000,2868.8000,2869.0000,7,10,17,3,9,7,3,3,3,1
SF,IH2006,2020-06-17 09:52:35.700,2868.2000,19844,-4,3830502360.000,7,1,6,空平,B,2868.2000,2868.0000,2867.8000,2867.6000,2867.4000,2868.4000,2868.6000,2868.8000,2869.0000,2869.2000,3,4,10,17,3,3,3,3,1,1
SF,IH2006,2020-06-17 09:52:36.200,2868.0000,19843,-1,3832223220.000,2,0,2,空平,B,2868.0000,2867.8000,2867.6000,2867.4000,2867.2000,2868.4000,2868.6000,2868.8000,2869.0000,2869.2000,2,10,17,3,9,3,3,3,1,1
SF,IH2006,2020-06-17 09:52:36.700,2868.0000,19843,0,3832223220.000,0,-,-,-,-,2868.0000,2867.8000,2867.6000,2867.4000,2867.2000,2868.4000,2868.6000,2868.8000,2869.0000,2869.2000,5,10,17,3,9,3,3,3,1,1
SF,IH2006,2020-06-17 09:52:37.200,2868.0000,19843,0,3832223220.000,0,-,-,-,-,2868.0000,2867.8000,2867.6000,2867.4000,2867.2000,2868.4000,2868.6000,2868.8000,2869.0000,2869.2000,6,10,17,3,9,3,3,3,1,1
SF,IH2006,2020-06-17 09:52:38.200,2868.0000,19843,0,3832223220.000,0,-,-,-,-,2868.0000,2867.8000,2867.6000,2867.4000,2867.2000,2868.4000,2868.6000,2868.8000,2869.0000,2869.2000,5,10,17,3,9,3,3,3,1,1
SF,IH2006,2020-06-17 09:52:38.700,2868.0000,19843,0,3832223220.000,0,-,-,-,-,2868.0000,2867.8000,2867.6000,2867.4000,2867.2000,2868.4000,2868.6000,2868.8000,2869.0000,2869.2000,4,10,17,3,9,3,3,3,1,1
SF,IH2006,2020-06-17 09:52:40.200,2868.0000,19843,0,3832223220.000,0,-,-,-,-,2868.0000,2867.8000,2867.6000,2867.4000,2867.2000,2868.4000,2868.6000,2868.8000,2869.0000,2869.2000,4,10,17,3,9,3,3,3,1,1
SF,IH2006,2020-06-17 09:52:40.700,2868.0000,19843,0,3832223220.000,0,-,-,-,-,2868.0000,2867.8000,2867.6000,2867.4000,2867.2000,2868.2000,2868.4000,2868.6000,2868.8000,2869.0000,4,10,17,3,9,1,3,3,3,1
SF,IH2006,2020-06-17 09:52:41.700,2868.0000,19843,0,3832223220.000,0,-,-,-,-,2868.0000,2867.8000,2867.6000,2867.4000,2867.2000,2868.2000,2868.4000,2868.6000,2868.8000,2869.0000,3,10,17,3,9,1,3,3,3,1
SF,IH2006,2020-06-17 09:52:43.200,2868.2000,19844,1,3833944140.000,2,1,1,多开,B,2868.0000,2867.8000,2867.6000,2867.4000,2867.2000,2868.4000,2868.6000,2868.8000,2869.0000,2869.2000,3,10,17,3,9,3,3,3,1,1
SF,IH2006,2020-06-17 09:52:43.700,2868.2000,19844,0,3833944140.000,0,-,-,-,-,2868.0000,2867.8000,2867.6000,2867.4000,2867.2000,2868.2000,2868.4000,2868.6000,2868.8000,2869.0000,4,10,17,3,9,1,4,3,3,1
SF,IH2006,2020-06-17 09:52:44.200,2868.2000,19844,0,3833944140.000,0,-,-,-,-,2868.0000,2867.8000,2867.6000,2867.4000,2867.2000,2868.2000,2868.4000,2868.6000,2868.8000,2869.0000,3,10,17,3,9,1,4,3,3,1
SF,IH2006,2020-06-17 09:52:44.700,2868.2000,19844,0,3833944140.000,0,-,-,-,-,2868.0000,2867.8000,2867.6000,2867.4000,2867.2000,2868.2000,2868.4000,2868.6000,2868.8000,2869.0000,3,10,17,3,9,2,4,3,3,1
SF,IH2006,2020-06-17 09:52:46.200,2868.2000,19844,0,3833944140.000,0,-,-,-,-,2868.0000,2867.8000,2867.6000,2867.4000,2867.2000,2868.2000,2868.4000,2868.6000,2868.8000,2869.0000,3,10,17,3,9,2,4,3,3,1
SF,IH2006,2020-06-17 09:52:46.700,2868.2000,19842,-2,3835665060.000,2,0,2,双平,B,2868.0000,2867.8000,2867.6000,2867.4000,2867.2000,2868.4000,2868.6000,2868.8000,2869.0000,2869.2000,3,10,17,3,9,3,3,3,1,1
SF,IH2006,2020-06-17 09:52:47.200,2868.2000,19842,0,3835665060.000,0,-,-,-,-,2868.0000,2867.8000,2867.6000,2867.4000,2867.2000,2868.4000,2868.6000,2868.8000,2869.0000,2869.2000,4,10,17,3,9,4,3,3,1,1
SF,IH2006,2020-06-17 09:52:48.200,2868.2000,19842,0,3835665060.000,0,-,-,-,-,2868.0000,2867.8000,2867.6000,2867.4000,2867.2000,2868.4000,2868.6000,2868.8000,2869.0000,2869.2000,4,10,17,3,9,4,3,3,1,1
SF,IH2006,2020-06-17 09:52:49.700,2868.2000,19842,0,3835665060.000,0,-,-,-,-,2868.0000,2867.8000,2867.6000,2867.4000,2867.2000,2868.4000,2868.6000,2868.8000,2869.0000,2869.2000,4,10,17,3,9,4,3,3,1,1
SF,IH2006,2020-06-17 09:52:50.200,2868.2000,19842,0,3835665060.000,0,-,-,-,-,2868.0000,2867.8000,2867.6000,2867.4000,2867.2000,2868.4000,2868.6000,2868.8000,2869.0000,2869.2000,5,10,17,3,9,4,3,3,1,1
SF,IH2006,2020-06-17 09:52:52.200,2868.2000,19842,0,3835665060.000,0,-,-,-,-,2868.2000,2868.0000,2867.8000,2867.6000,2867.4000,2868.4000,2868.6000,2868.8000,2869.0000,2869.2000,1,5,10,17,3,4,3,4,1,1
SF,IH2006,2020-06-17 09:52:52.700,2868.2000,19842,0,3836525520.000,1,0,1,空换,B,2868.0000,2867.8000,2867.6000,2867.4000,2867.2000,2868.4000,2868.6000,2868.8000,2869.0000,2869.2000,6,10,17,3,9,4,3,4,1,1
SF,IH2006,2020-06-17 09:52:53.700,2868.0000,19841,-1,3837385920.000,1,0,1,双平,B,2868.0000,2867.8000,2867.6000,2867.4000,2867.2000,2868.4000,2868.6000,2868.8000,2869.0000,2869.2000,5,10,17,3,9,4,3,4,1,1
SF,IH2006,2020-06-17 09:52:54.200,2868.0000,19841,0,3837385920.000,0,-,-,-,-,2868.0000,2867.8000,2867.6000,2867.4000,2867.2000,2868.2000,2868.4000,2868.6000,2868.8000,2869.0000,5,10,17,3,9,1,4,3,4,1
SF,IH2006,2020-06-17 09:52:54.700,2868.2000,19842,1,3839106840.000,2,1,1,多开,B,2868.0000,2867.8000,2867.6000,2867.4000,2867.2000,2868.4000,2868.6000,2868.8000,2869.0000,2869.2000,4,10,17,3,9,5,3,4,1,1
SF,IH2006,2020-06-17 09:52:55.200,2868.2000,19842,0,3839106840.000,0,-,-,-,-,2868.0000,2867.8000,2867.6000,2867.4000,2867.2000,2868.4000,2868.6000,2868.8000,2869.0000,2869.2000,6,10,17,3,9,5,3,4,1,1
SF,IH2006,2020-06-17 09:52:55.700,2868.2000,19842,0,3839106840.000,0,-,-,-,-,2868.0000,2867.8000,2867.6000,2867.4000,2867.2000,2868.4000,2868.6000,2868.8000,2869.0000,2869.2000,5,10,17,3,9,5,3,4,1,1
SF,IH2006,2020-06-17 09:52:56.200,2868.2000,19842,0,3839106840.000,0,-,-,-,-,2868.0000,2867.8000,2867.6000,2867.4000,2867.2000,2868.4000,2868.6000,2868.8000,2869.0000,2869.2000,5,10,17,3,9,5,3,4,1,1
SF,IH2006,2020-06-17 09:52:57.200,2868.4000,19838,-4,3843409440.000,5,0,5,空平,B,2868.0000,2867.8000,2867.6000,2867.4000,2867.2000,2868.6000,2868.8000,2869.0000,2869.2000,2869.4000,4,10,17,3,9,3,4,1,1,2
SF,IH2006,2020-06-17 09:52:57.700,2868.6000,19838,0,3844270020.000,1,0,1,空换,B,2868.2000,2868.0000,2867.8000,2867.6000,2867.4000,2868.6000,2868.8000,2869.0000,2869.2000,2869.4000,2,5,10,17,3,3,4,1,1,2
SF,IH2006,2020-06-17 09:52:58.200,2868.2000,19835,-3,3846851640.000,3,0,3,双平,B,2868.2000,2868.0000,2867.8000,2867.6000,2867.4000,2868.6000,2868.8000,2869.0000,2869.2000,2869.4000,2,5,10,17,3,1,4,1,1,2
SF,IH2006,2020-06-17 09:52:58.700,2868.2000,19835,0,3846851640.000,0,-,-,-,-,2868.4000,2868.2000,2868.0000,2867.8000,2867.6000,2868.8000,2869.0000,2869.2000,2869.4000,2869.6000,2,5,4,10,17,4,1,1,2,5
SF,IH2006,2020-06-17 09:52:59.200,2868.2000,19834,-1,3848572620.000,2,0,2,空平,B,2868.2000,2868.0000,2867.8000,2867.6000,2867.4000,2868.4000,2868.6000,2868.8000,2869.0000,2869.2000,4,4,10,17,3,1,1,4,1,1
SF,IH2006,2020-06-17 09:52:59.700,2868.4000,19833,-1,3850293660.000,2,0,2,空平,B,2868.2000,2868.0000,2867.8000,2867.6000,2867.4000,2868.6000,2868.8000,2869.0000,2869.2000,2869.4000,3,4,10,17,3,1,4,1,1,2
SF,IH2006,2020-06-17 09:53:00.700,2868.4000,19833,0,3850293660.000,0,-,-,-,-,2868.2000,2868.0000,2867.8000,2867.6000,2867.4000,2868.6000,2868.8000,2869.0000,2869.2000,2869.4000,4,5,10,17,3,1,4,1,1,1
SF,IH2006,2020-06-17 09:53:01.200,2868.4000,19833,0,3850293660.000,0,-,-,-,-,2868.2000,2868.0000,2867.8000,2867.6000,2867.4000,2868.6000,2868.8000,2869.0000,2869.2000,2869.4000,4,5,10,17,3,2,4,1,1,1
SF,IH2006,2020-06-17 09:53:01.700,2868.4000,19833,0,3850293660.000,0,-,-,-,-,2868.2000,2868.0000,2867.8000,2867.6000,2867.4000,2868.6000,2868.8000,2869.0000,2869.2000,2869.4000,5,5,10,17,3,4,4,1,1,1
SF,IH2006,2020-06-17 09:53:02.200,2868.6000,19834,1,3851154240.000,1,1,0,双开,B,2868.2000,2868.0000,2867.8000,2867.6000,2867.4000,2868.6000,2868.8000,2869.0000,2869.2000,2869.4000,5,5,10,17,3,3,4,1,1,1
SF,IH2006,2020-06-17 09:53:02.700,2868.6000,19834,0,3851154240.000,0,-,-,-,-,2868.2000,2868.0000,2867.8000,2867.6000,2867.4000,2868.4000,2868.6000,2868.8000,2869.0000,2869.2000,5,5,10,17,3,1,3,4,1,1
SF,IH2006,2020-06-17 09:53:03.700,2868.6000,19834,0,3851154240.000,0,-,-,-,-,2868.2000,2868.0000,2867.8000,2867.6000,2867.4000,2868.4000,2868.6000,2868.8000,2869.0000,2869.2000,4,5,10,17,3,1,3,4,1,1
SF,IH2006,2020-06-17 09:53:04.700,2868.6000,19834,0,3851154240.000,0,-,-,-,-,2868.2000,2868.0000,2867.8000,2867.6000,2867.4000,2868.4000,2868.6000,2868.8000,2869.0000,2869.2000,5,5,10,17,3,2,3,4,1,1
SF,IH2006,2020-06-17 09:53:05.200,2868.2000,19837,3,3854596080.000,4,3,1,多开,B,2868.2000,2868.0000,2867.8000,2867.6000,2867.4000,2868.4000,2868.6000,2868.8000,2869.0000,2869.2000,1,5,10,17,3,2,3,4,1,1
SF,IH2006,2020-06-17 09:53:05.700,2868.2000,19837,0,3855456540.000,1,0,1,空换,B,2868.0000,2867.8000,2867.6000,2867.4000,2867.2000,2868.2000,2868.4000,2868.6000,2868.8000,2869.0000,5,10,17,3,9,3,2,3,4,1
SF,IH2006,2020-06-17 09:53:06.200,2868.2000,19837,0,3855456540.000,0,-,-,-,-,2868.0000,2867.8000,2867.6000,2867.4000,2867.2000,2868.2000,2868.4000,2868.6000,2868.8000,2869.0000,4,10,17,3,9,2,2,3,4,1
SF,IH2006,2020-06-17 09:53:06.700,2868.2000,19837,0,3855456540.000,0,-,-,-,-,2868.0000,2867.8000,2867.6000,2867.4000,2867.2000,2868.2000,2868.4000,2868.6000,2868.8000,2869.0000,4,10,17,3,9,1,2,3,3,1
SF,IH2006,2020-06-17 09:53:07.200,2868.2000,19836,-1,3856317000.000,1,0,1,双平,B,2868.2000,2868.0000,2867.8000,2867.6000,2867.4000,2868.4000,2868.6000,2868.8000,2869.0000,2869.2000,1,4,10,17,3,2,3,3,1,1
SF,IH2006,2020-06-17 09:53:07.700,2868.2000,19836,0,3856317000.000,0,-,-,-,-,2868.2000,2868.0000,2867.8000,2867.6000,2867.4000,2868.4000,2868.6000,2868.8000,2869.0000,2869.2000,1,4,10,17,3,2,4,3,1,1
SF,IH2006,2020-06-17 09:53:08.700,2868.2000,19836,0,3856317000.000,0,-,-,-,-,2868.2000,2868.0000,2867.8000,2867.6000,2867.4000,2868.4000,2868.6000,2868.8000,2869.0000,2869.2000,1,4,10,17,3,2,4,3,1,1
SF,IH2006,2020-06-17 09:53:09.700,2868.2000,19836,0,3856317000.000,0,-,-,-,-,2868.2000,2868.0000,2867.8000,2867.6000,2867.4000,2868.4000,2868.6000,2868.8000,2869.0000,2869.2000,1,4,10,17,3,2,4,4,1,1
SF,IH2006,2020-06-17 09:53:10.200,2868.2000,19835,-1,3857177460.000,1,0,1,双平,B,2868.0000,2867.8000,2867.6000,2867.4000,2867.2000,2868.4000,2868.6000,2868.8000,2869.0000,2869.2000,4,10,17,3,9,2,4,4,1,1
SF,IH2006,2020-06-17 09:53:11.200,2868.2000,19835,0,3857177460.000,0,-,-,-,-,2868.0000,2867.8000,2867.6000,2867.4000,2867.2000,2868.4000,2868.6000,2868.8000,2869.0000,2869.2000,4,10,17,3,9,2,3,4,1,1
SF,IH2006,2020-06-17 09:53:11.700,2868.2000,19835,0,3857177460.000,0,-,-,-,-,2868.0000,2867.8000,2867.6000,2867.4000,2867.2000,2868.4000,2868.6000,2868.8000,2869.0000,2869.2000,4,11,17,3,9,3,3,4,1,1
SF,IH2006,2020-06-17 09:53:14.700,2868.2000,19835,0,3857177460.000,0,-,-,-,-,2868.0000,2867.8000,2867.6000,2867.4000,2867.2000,2868.4000,2868.6000,2868.8000,2869.0000,2869.2000,4,11,17,3,9,5,3,4,1,1
SF,IH2006,2020-06-17 09:53:15.200,2868.2000,19835,0,3857177460.000,0,-,-,-,-,2868.0000,2867.8000,2867.6000,2867.4000,2867.2000,2868.4000,2868.6000,2868.8000,2869.0000,2869.2000,4,11,17,3,9,5,3,4,1,1
SF,IH2006,2020-06-17 09:53:16.700,2868.2000,19835,0,3857177460.000,0,-,-,-,-,2868.0000,2867.8000,2867.6000,2867.4000,2867.2000,2868.4000,2868.6000,2868.8000,2869.0000,2869.2000,5,11,17,3,9,5,3,4,1,1
SF,IH2006,2020-06-17 09:53:17.200,2868.2000,19835,0,3857177460.000,0,-,-,-,-,2868.0000,2867.8000,2867.6000,2867.4000,2867.2000,2868.4000,2868.6000,2868.8000,2869.0000,2869.2000,7,11,17,3,9,4,3,4,1,1
SF,IH2006,2020-06-17 09:53:17.700,2868.4000,19836,1,3860619540.000,4,2,2,多开,B,2868.4000,2868.0000,2867.8000,2867.6000,2867.4000,2868.6000,2868.8000,2869.0000,2869.2000,2869.4000,4,7,11,17,3,3,4,1,1,1
SF,IH2006,2020-06-17 09:53:18.200,2868.2000,19835,-1,3862340580.000,2,0,2,空平,B,2868.0000,2867.8000,2867.6000,2867.4000,2867.2000,2868.4000,2868.6000,2868.8000,2869.0000,2869.2000,7,11,17,3,9,2,2,4,1,1
SF,IH2006,2020-06-17 09:53:18.700,2868.4000,19835,0,3864061620.000,2,1,1,空换,B,2868.0000,2867.8000,2867.6000,2867.4000,2867.2000,2868.6000,2868.8000,2869.0000,2869.2000,2869.4000,6,11,17,3,9,2,4,1,1,1
SF,IH2006,2020-06-17 09:53:19.200,2868.4000,19835,0,3864061620.000,0,-,-,-,-,2868.2000,2868.0000,2867.8000,2867.6000,2867.4000,2868.6000,2868.8000,2869.0000,2869.2000,2869.4000,6,7,11,17,3,2,4,1,1,1
SF,IH2006,2020-06-17 09:53:19.700,2868.6000,19836,1,3864922200.000,1,1,0,双开,B,2868.2000,2868.0000,2867.8000,2867.6000,2867.4000,2868.6000,2868.8000,2869.0000,2869.2000,2869.4000,6,6,11,17,3,1,4,1,1,1
SF,IH2006,2020-06-17 09:53:20.200,2868.6000,19836,0,3864922200.000,0,-,-,-,-,2868.2000,2868.0000,2867.8000,2867.6000,2867.4000,2868.4000,2868.6000,2868.8000,2869.0000,2869.2000,5,6,11,17,3,1,1,4,1,1
SF,IH2006,2020-06-17 09:53:20.700,2868.4000,19836,0,3865782720.000,1,0,1,空换,B,2868.4000,2868.2000,2868.0000,2867.8000,2867.6000,2868.6000,2868.8000,2869.0000,2869.2000,2869.4000,2,5,11,11,17,1,4,1,1,1
SF,IH2006,2020-06-17 09:53:21.200,2868.6000,19836,0,3866643300.000,1,0,1,空换,B,2868.2000,2868.0000,2867.8000,2867.6000,2867.4000,2868.4000,2868.8000,2869.0000,2869.2000,2869.4000,4,11,11,17,3,1,4,1,1,1
SF,IH2006,2020-06-17 09:53:21.700,2868.2000,19835,-1,3867503760.000,1,0,1,双平,B,2868.4000,2868.2000,2868.0000,2867.8000,2867.6000,2868.8000,2869.0000,2869.2000,2869.4000,2869.6000,1,5,11,11,16,4,1,1,1,5
SF,IH2006,2020-06-17 09:53:22.200,2868.2000,19835,0,3867503760.000,0,-,-,-,-,2868.4000,2868.2000,2868.0000,2867.8000,2867.6000,2868.8000,2869.0000,2869.2000,2869.4000,2869.6000,2,4,11,11,16,5,1,1,1,5
SF,IH2006,2020-06-17 09:53:22.700,2868.2000,19835,0,3867503760.000,0,-,-,-,-,2868.4000,2868.2000,2868.0000,2867.8000,2867.6000,2868.8000,2869.0000,2869.2000,2869.4000,2869.6000,1,4,11,11,16,5,1,1,1,5
SF,IH2006,2020-06-17 09:53:23.200,2868.2000,19835,0,3867503760.000,0,-,-,-,-,2868.4000,2868.2000,2868.0000,2867.8000,2867.6000,2868.8000,2869.0000,2869.2000,2869.4000,2869.6000,1,4,11,11,16,5,1,1,1,5
SF,IH2006,2020-06-17 09:53:24.200,2868.8000,19833,-2,3869225040.000,2,0,2,双平,B,2868.4000,2868.2000,2868.0000,2867.8000,2867.6000,2868.8000,2869.0000,2869.2000,2869.4000,2869.6000,1,4,11,11,16,2,1,1,1,5
SF,IH2006,2020-06-17 09:53:24.700,2868.8000,19833,0,3869225040.000,0,-,-,-,-,2868.4000,2868.2000,2868.0000,2867.8000,2867.6000,2868.8000,2869.0000,2869.2000,2869.4000,2869.6000,1,2,12,11,16,2,1,1,1,5
SF,IH2006,2020-06-17 09:53:25.200,2868.4000,19832,-1,3870085560.000,1,0,1,双平,B,2868.2000,2868.0000,2867.8000,2867.6000,2867.4000,2868.8000,2869.0000,2869.2000,2869.4000,2869.6000,3,12,11,16,3,1,1,1,1,5
SF,IH2006,2020-06-17 09:53:25.700,2868.4000,19832,0,3870085560.000,0,-,-,-,-,2868.4000,2868.2000,2868.0000,2867.8000,2867.6000,2868.8000,2869.0000,2869.2000,2869.4000,2869.6000,4,3,11,11,16,1,1,1,1,5
SF,IH2006,2020-06-17 09:53:26.200,2868.4000,19832,0,3870085560.000,0,-,-,-,-,2868.4000,2868.2000,2868.0000,2867.8000,2867.6000,2868.8000,2869.0000,2869.2000,2869.4000,2869.6000,3,4,11,11,16,1,1,1,1,5
SF,IH2006,2020-06-17 09:53:26.700,2868.4000,19832,0,3870085560.000,0,-,-,-,-,2868.4000,2868.2000,2868.0000,2867.8000,2867.6000,2868.8000,2869.0000,2869.2000,2869.4000,2869.6000,4,3,11,11,16,1,1,1,1,5
SF,IH2006,2020-06-17 09:53:27.200,2868.4000,19832,0,3870085560.000,0,-,-,-,-,2868.4000,2868.2000,2868.0000,2867.8000,2867.6000,2868.8000,2869.0000,2869.2000,2869.4000,2869.6000,3,3,11,11,16,2,1,1,1,5
SF,IH2006,2020-06-17 09:53:28.200,2868.4000,19832,0,3870085560.000,0,-,-,-,-,2868.4000,2868.2000,2868.0000,2867.8000,2867.6000,2868.8000,2869.0000,2869.2000,2869.4000,2869.6000,8,3,11,11,16,2,1,1,1,5
SF,IH2006,2020-06-17 09:53:28.700,2868.4000,19832,0,3870085560.000,0,-,-,-,-,2868.6000,2868.4000,2868.2000,2868.0000,2867.8000,2868.8000,2869.0000,2869.2000,2869.4000,2869.6000,1,8,2,10,11,2,1,1,1,5
SF,IH2006,2020-06-17 09:53:29.200,2868.4000,19832,0,3870085560.000,0,-,-,-,-,2868.4000,2868.2000,2868.0000,2867.8000,2867.6000,2868.8000,2869.0000,2869.2000,2869.4000,2869.6000,9,2,9,11,16,2,1,1,1,5
SF,IH2006,2020-06-17 09:53:30.200,2868.8000,19832,0,3870946200.000,1,0,1,空换,B,2868.4000,2868.2000,2868.0000,2867.8000,2867.6000,2868.8000,2869.0000,2869.2000,2869.4000,2869.6000,8,2,9,11,16,1,1,1,1,5
SF,IH2006,2020-06-17 09:53:30.700,2868.8000,19832,0,3870946200.000,0,-,-,-,-,2868.4000,2868.2000,2868.0000,2867.8000,2867.6000,2868.8000,2869.0000,2869.2000,2869.4000,2869.6000,6,2,9,11,16,1,1,1,1,5
SF,IH2006,2020-06-17 09:53:31.200,2868.8000,19832,0,3870946200.000,0,-,-,-,-,2868.4000,2868.2000,2868.0000,2867.8000,2867.6000,2868.8000,2869.0000,2869.2000,2869.4000,2869.6000,6,2,9,11,16,1,1,1,1,5
SF,IH2006,2020-06-17 09:53:31.700,2868.8000,19832,0,3870946200.000,0,-,-,-,-,2868.4000,2868.2000,2868.0000,2867.8000,2867.6000,2868.8000,2869.0000,2869.2000,2869.4000,2869.6000,6,2,9,11,16,2,1,1,1,5
SF,IH2006,2020-06-17 09:53:32.700,2868.4000,19832,0,3871806720.000,1,0,1,空换,B,2868.4000,2868.2000,2868.0000,2867.8000,2867.6000,2868.8000,2869.0000,2869.2000,2869.4000,2869.6000,5,2,9,11,16,2,1,1,1,5
SF,IH2006,2020-06-17 09:53:34.700,2868.4000,19832,0,3871806720.000,0,-,-,-,-,2868.4000,2868.2000,2868.0000,2867.8000,2867.6000,2868.8000,2869.0000,2869.2000,2869.4000,2869.6000,5,2,10,11,16,2,1,1,1,5
SF,IH2006,2020-06-17 09:53:38.200,2868.4000,19832,0,3871806720.000,0,-,-,-,-,2868.4000,2868.2000,2868.0000,2867.8000,2867.6000,2868.8000,2869.0000,2869.2000,2869.4000,2869.6000,6,2,13,11,16,2,1,1,1,5
SF,IH2006,2020-06-17 09:53:38.700,2868.4000,19832,0,3871806720.000,0,-,-,-,-,2868.4000,2868.2000,2868.0000,2867.8000,2867.6000,2868.6000,2868.8000,2869.0000,2869.2000,2869.4000,8,2,13,11,16,1,1,1,1,1
SF,IH2006,2020-06-17 09:53:39.200,2868.6000,19832,0,3872667300.000,1,0,1,空换,B,2868.6000,2868.4000,2868.2000,2868.0000,2867.8000,2868.8000,2869.0000,2869.2000,2869.4000,2869.6000,5,7,2,13,11,1,1,1,1,5
SF,IH2006,2020-06-17 09:53:39.700,2868.8000,19832,0,3873527940.000,1,0,1,空换,B,2868.4000,2868.2000,2868.0000,2867.8000,2867.6000,2868.6000,2869.0000,2869.2000,2869.4000,2869.6000,7,2,13,11,16,1,1,1,1,5
SF,IH2006,2020-06-17 09:53:40.200,2868.6000,19831,-1,3874388520.000,1,0,1,双平,B,2868.8000,2868.6000,2868.4000,2868.2000,2868.0000,2869.0000,2869.2000,2869.4000,2869.6000,2869.8000,4,7,8,2,13,1,1,1,5,3
SF,IH2006,2020-06-17 09:53:40.700,2868.6000,19830,-1,3876109740.000,2,0,2,空平,B,2868.6000,2868.4000,2868.2000,2868.0000,2867.8000,2868.8000,2869.0000,2869.2000,2869.4000,2869.6000,2,7,2,13,11,1,1,2,1,5
SF,IH2006,2020-06-17 09:53:41.200,2868.6000,19830,0,3876109740.000,0,-,-,-,-,2868.6000,2868.4000,2868.2000,2868.0000,2867.8000,2869.0000,2869.2000,2869.4000,2869.6000,2869.8000,2,7,2,13,11,1,2,1,5,3
SF,IH2006,2020-06-17 09:53:41.700,2868.8000,19831,1,3876970380.000,1,1,0,双开,B,2868.6000,2868.4000,2868.2000,2868.0000,2867.8000,2869.0000,2869.2000,2869.4000,2869.6000,2869.8000,2,7,2,13,11,1,2,1,5,3
SF,IH2006,2020-06-17 09:53:42.200,2868.8000,19831,0,3876970380.000,0,-,-,-,-,2868.6000,2868.4000,2868.2000,2868.0000,2867.8000,2869.0000,2869.2000,2869.4000,2869.6000,2869.8000,2,7,2,13,11,4,2,1,5,3
SF,IH2006,2020-06-17 09:53:42.700,2869.0000,19831,0,3877831080.000,1,0,1,空换,B,2868.6000,2868.4000,2868.2000,2868.0000,2867.8000,2869.0000,2869.2000,2869.4000,2869.6000,2869.8000,2,7,2,13,11,4,2,1,5,3
SF,IH2006,2020-06-17 09:53:43.700,2869.0000,19831,0,3877831080.000,0,-,-,-,-,2868.6000,2868.4000,2868.2000,2868.0000,2867.8000,2869.0000,2869.2000,2869.4000,2869.6000,2869.8000,2,7,2,13,11,4,2,1,5,3
SF,IH2006,2020-06-17 09:53:44.700,2869.0000,19831,0,3877831080.000,0,-,-,-,-,2868.6000,2868.4000,2868.2000,2868.0000,2867.8000,2869.0000,2869.2000,2869.4000,2869.6000,2869.8000,3,7,2,13,11,4,2,1,5,3
SF,IH2006,2020-06-17 09:53:46.200,2869.0000,19831,0,3877831080.000,0,-,-,-,-,2868.6000,2868.4000,2868.2000,2868.0000,2867.8000,2869.0000,2869.2000,2869.4000,2869.6000,2869.8000,3,7,2,13,11,4,3,1,5,3
SF,IH2006,2020-06-17 09:53:46.700,2869.0000,19831,0,3877831080.000,0,-,-,-,-,2868.6000,2868.4000,2868.2000,2868.0000,2867.8000,2869.0000,2869.2000,2869.4000,2869.6000,2869.8000,2,7,2,13,11,4,3,1,5,3
SF,IH2006,2020-06-17 09:53:47.200,2869.0000,19831,0,3878691780.000,1,0,1,空换,B,2868.6000,2868.4000,2868.2000,2868.0000,2867.8000,2869.0000,2869.2000,2869.4000,2869.6000,2869.8000,2,7,2,13,11,3,3,1,5,3
SF,IH2006,2020-06-17 09:53:48.700,2869.0000,19831,0,3879552480.000,1,0,1,空换,B,2868.6000,2868.4000,2868.2000,2868.0000,2867.8000,2869.0000,2869.2000,2869.4000,2869.6000,2869.8000,1,7,2,13,11,3,3,1,5,3
SF,IH2006,2020-06-17 09:53:49.200,2869.0000,19831,0,3879552480.000,0,-,-,-,-,2868.8000,2868.6000,2868.4000,2868.2000,2868.0000,2869.0000,2869.2000,2869.4000,2869.6000,2869.8000,4,1,7,2,13,3,4,1,5,3
SF,IH2006,2020-06-17 09:53:49.700,2869.0000,19831,0,3879552480.000,0,-,-,-,-,2868.8000,2868.6000,2868.4000,2868.2000,2868.0000,2869.0000,2869.2000,2869.4000,2869.6000,2869.8000,4,1,6,2,13,3,4,1,5,3
SF,IH2006,2020-06-17 09:53:50.200,2868.8000,19831,0,3882134400.000,3,1,2,空换,B,2868.8000,2868.6000,2868.4000,2868.2000,2868.0000,2869.0000,2869.2000,2869.4000,2869.6000,2869.8000,1,1,6,2,13,3,4,1,5,3
SF,IH2006,2020-06-17 09:53:50.700,2868.8000,19830,-1,3882995040.000,1,0,1,双平,B,2868.6000,2868.4000,2868.2000,2868.0000,2867.8000,2868.8000,2869.0000,2869.2000,2869.4000,2869.6000,1,6,2,13,11,4,3,4,1,5
SF,IH2006,2020-06-17 09:53:51.200,2868.8000,19830,0,3882995040.000,0,-,-,-,-,2868.6000,2868.4000,2868.2000,2868.0000,2867.8000,2868.8000,2869.0000,2869.2000,2869.4000,2869.6000,1,6,2,13,11,2,3,4,1,5
SF,IH2006,2020-06-17 09:53:53.700,2868.8000,19830,0,3882995040.000,0,-,-,-,-,2868.6000,2868.4000,2868.2000,2868.0000,2867.8000,2868.8000,2869.0000,2869.2000,2869.4000,2869.6000,1,6,2,13,11,2,3,4,1,5
SF,IH2006,2020-06-17 09:53:54.200,2868.6000,19830,0,3883855620.000,1,0,1,空换,B,2868.4000,2868.2000,2868.0000,2867.8000,2867.6000,2868.6000,2868.8000,2869.0000,2869.2000,2869.4000,6,2,13,11,16,1,2,3,4,1
SF,IH2006,2020-06-17 09:53:54.700,2868.6000,19830,0,3884716200.000,1,0,1,空换,B,2868.4000,2868.2000,2868.0000,2867.8000,2867.6000,2868.8000,2869.0000,2869.2000,2869.4000,2869.6000,6,2,13,11,16,2,3,4,1,5
SF,IH2006,2020-06-17 09:53:56.700,2868.6000,19830,0,3884716200.000,0,-,-,-,-,2868.4000,2868.2000,2868.0000,2867.8000,2867.6000,2868.8000,2869.0000,2869.2000,2869.4000,2869.6000,6,2,13,11,16,1,3,4,1,5
SF,IH2006,2020-06-17 09:53:57.200,2868.6000,19830,0,3884716200.000,0,-,-,-,-,2868.4000,2868.2000,2868.0000,2867.8000,2867.6000,2868.8000,2869.0000,2869.2000,2869.4000,2869.6000,6,2,13,11,16,1,3,4,1,5
SF,IH2006,2020-06-17 09:53:57.700,2868.8000,19831,1,3885576840.000,1,1,0,双开,B,2868.6000,2868.4000,2868.2000,2868.0000,2867.8000,2869.0000,2869.2000,2869.4000,2869.6000,2869.8000,2,4,2,13,11,3,4,1,5,8
SF,IH2006,2020-06-17 09:53:58.200,2868.8000,19831,0,3885576840.000,0,-,-,-,-,2868.4000,2868.2000,2868.0000,2867.8000,2867.6000,2868.6000,2869.0000,2869.2000,2869.4000,2869.6000,4,2,13,11,16,1,2,4,1,5
SF,IH2006,2020-06-17 09:53:58.700,2869.2000,19828,-3,3889019580.000,4,0,4,空平,B,2868.6000,2868.4000,2868.2000,2868.0000,2867.8000,2869.2000,2869.4000,2869.6000,2869.8000,2870.0000,13,5,2,13,11,2,1,5,8,8
SF,IH2006,2020-06-17 09:53:59.200,2869.4000,19824,-4,3893323560.000,5,0,5,空平,B,2869.4000,2869.2000,2868.8000,2868.6000,2868.4000,2869.6000,2869.8000,2870.0000,2870.2000,2870.4000,3,2,4,10,6,6,8,8,3,7
SF,IH2006,2020-06-17 09:53:59.700,2869.2000,19818,-6,3898488600.000,6,0,6,双平,B,2869.2000,2868.8000,2868.6000,2868.4000,2868.2000,2869.4000,2869.6000,2869.8000,2870.0000,2870.2000,1,4,9,5,2,9,1,8,8,3
SF,IH2006,2020-06-17 09:54:00.200,2869.4000,19816,-2,3900210180.000,2,0,2,双平,B,2868.8000,2868.6000,2868.4000,2868.2000,2868.0000,2869.0000,2869.2000,2869.4000,2869.6000,2869.8000,4,9,5,2,12,1,1,8,1,8
SF,IH2006,2020-06-17 09:54:00.700,2869.2000,19814,-2,3903653220.000,4,1,3,空平,B,2869.2000,2869.0000,2868.8000,2868.6000,2868.4000,2869.4000,2869.6000,2869.8000,2870.0000,2870.2000,3,7,4,8,4,7,1,8,8,2
SF,IH2006,2020-06-17 09:54:01.200,2868.8000,19810,-4,3909678240.000,7,1,6,空平,B,2868.8000,2868.6000,2868.4000,2868.2000,2868.0000,2869.2000,2869.4000,2869.6000,2869.8000,2870.0000,1,8,4,1,12,1,7,1,8,8
SF,IH2006,2020-06-17 09:54:01.700,2869.2000,19809,-1,3911399760.000,2,0,2,空平,B,2869.0000,2868.8000,2868.6000,2868.4000,2868.2000,2869.2000,2869.4000,2869.6000,2869.8000,2870.0000,1,2,8,4,1,1,7,1,8,8
SF,IH2006,2020-06-17 09:54:02.200,2869.2000,19809,0,3911399760.000,0,-,-,-,-,2869.0000,2868.8000,2868.6000,2868.4000,2868.2000,2869.2000,2869.4000,2869.6000,2869.8000,2870.0000,1,2,9,4,1,1,7,1,8,8
SF,IH2006,2020-06-17 09:54:02.700,2869.2000,19809,0,3912260520.000,1,0,1,空换,B,2869.0000,2868.8000,2868.6000,2868.4000,2868.2000,2869.4000,2869.6000,2869.8000,2870.0000,2870.2000,1,2,9,3,1,7,1,8,8,1
SF,IH2006,2020-06-17 09:54:03.200,2869.4000,19808,-1,3913121340.000,1,0,1,双平,B,2869.0000,2868.8000,2868.6000,2868.4000,2868.2000,2869.4000,2869.6000,2869.8000,2870.0000,2870.2000,1,2,8,3,1,6,1,8,8,1
SF,IH2006,2020-06-17 09:54:03.700,2869.4000,19808,0,3913121340.000,0,-,-,-,-,2868.8000,2868.6000,2868.4000,2868.2000,2868.0000,2869.2000,2869.4000,2869.6000,2869.8000,2870.0000,2,8,3,1,12,1,8,1,8,8
SF,IH2006,2020-06-17 09:54:04.200,2869.4000,19808,0,3913121340.000,0,-,-,-,-,2868.8000,2868.6000,2868.4000,2868.2000,2868.0000,2869.2000,2869.4000,2869.6000,2869.8000,2870.0000,1,8,3,1,12,2,7,1,8,8
SF,IH2006,2020-06-17 09:54:06.700,2869.2000,19808,0,3914842860.000,2,1,1,空换,B,2868.8000,2868.6000,2868.4000,2868.2000,2868.0000,2869.4000,2869.6000,2869.8000,2870.0000,2870.2000,1,7,3,1,12,7,1,8,8,1
SF,IH2006,2020-06-17 09:54:07.200,2869.0000,19808,0,3915703560.000,1,0,1,空换,B,2868.8000,2868.6000,2868.4000,2868.2000,2868.0000,2869.4000,2869.6000,2869.8000,2870.0000,2870.2000,3,7,3,1,12,7,1,8,8,1
SF,IH2006,2020-06-17 09:54:07.700,2869.0000,19808,0,3915703560.000,0,-,-,-,-,2869.0000,2868.8000,2868.6000,2868.4000,2868.2000,2869.4000,2869.6000,2869.8000,2870.0000,2870.2000,1,4,8,3,1,7,1,9,8,1
SF,IH2006,2020-06-17 09:54:08.200,2869.0000,19808,0,3915703560.000,0,-,-,-,-,2869.0000,2868.8000,2868.6000,2868.4000,2868.2000,2869.4000,2869.6000,2869.8000,2870.0000,2870.2000,1,3,8,3,1,7,1,9,8,1
SF,IH2006,2020-06-17 09:54:08.700,2869.0000,19808,0,3915703560.000,0,-,-,-,-,2868.8000,2868.6000,2868.4000,2868.2000,2868.0000,2869.4000,2869.6000,2869.8000,2870.0000,2870.2000,1,7,3,1,12,7,1,9,8,1
SF,IH2006,2020-06-17 09:54:09.200,2869.0000,19808,0,3915703560.000,0,-,-,-,-,2868.8000,2868.6000,2868.4000,2868.2000,2868.0000,2869.4000,2869.6000,2869.8000,2870.0000,2870.2000,1,6,3,1,12,8,1,9,8,1
SF,IH2006,2020-06-17 09:54:09.700,2869.0000,19808,0,3915703560.000,0,-,-,-,-,2868.6000,2868.4000,2868.2000,2868.0000,2867.8000,2869.4000,2869.6000,2869.8000,2870.0000,2870.2000,6,3,1,12,11,8,1,9,8,1
SF,IH2006,2020-06-17 09:54:10.200,2869.0000,19808,0,3915703560.000,0,-,-,-,-,2868.8000,2868.6000,2868.4000,2868.2000,2868.0000,2869.4000,2869.6000,2869.8000,2870.0000,2870.2000,1,6,3,1,12,8,1,9,8,1
SF,IH2006,2020-06-17 09:54:10.700,2869.0000,19808,0,3915703560.000,0,-,-,-,-,2869.2000,2869.0000,2868.8000,2868.6000,2868.4000,2869.4000,2869.6000,2869.8000,2870.0000,2870.2000,2,1,5,6,3,7,1,9,8,1
SF,IH2006,2020-06-17 09:54:11.200,2869.2000,19806,-2,3918285840.000,3,0,3,空平,B,2868.8000,2868.6000,2868.4000,2868.2000,2868.0000,2869.2000,2869.4000,2869.6000,2869.8000,2870.0000,5,6,3,1,12,3,7,1,9,8
SF,IH2006,2020-06-17 09:54:11.700,2869.2000,19806,0,3919146600.000,1,0,1,空换,B,2869.2000,2869.0000,2868.8000,2868.6000,2868.4000,2869.4000,2869.6000,2869.8000,2870.0000,2870.2000,3,1,5,7,2,7,1,9,8,1
SF,IH2006,2020-06-17 09:54:12.200,2869.2000,19806,0,3922589640.000,4,2,2,空换,B,2869.0000,2868.8000,2868.6000,2868.4000,2868.2000,2869.4000,2869.6000,2869.8000,2870.0000,2870.2000,1,4,7,2,1,7,1,9,8,1
SF,IH2006,2020-06-17 09:54:12.700,2869.2000,19806,0,3922589640.000,0,-,-,-,-,2868.8000,2868.6000,2868.4000,2868.2000,2868.0000,2869.4000,2869.6000,2869.8000,2870.0000,2870.2000,4,7,1,1,12,7,1,9,8,1
SF,IH2006,2020-06-17 09:54:13.200,2869.2000,19805,-1,3923450400.000,1,0,1,双平,B,2868.8000,2868.6000,2868.4000,2868.2000,2868.0000,2869.4000,2869.6000,2869.8000,2870.0000,2870.2000,4,7,1,1,12,8,1,9,8,1
SF,IH2006,2020-06-17 09:54:13.700,2869.4000,19805,0,3924311220.000,1,0,1,空换,B,2868.8000,2868.6000,2868.4000,2868.2000,2868.0000,2869.2000,2869.4000,2869.6000,2869.8000,2870.0000,4,7,1,1,12,1,7,1,9,8
SF,IH2006,2020-06-17 09:54:14.200,2869.4000,19805,0,3924311220.000,0,-,-,-,-,2869.0000,2868.8000,2868.6000,2868.4000,2868.2000,2869.2000,2869.4000,2869.6000,2869.8000,2870.0000,1,3,7,1,1,1,7,1,9,8
SF,IH2006,2020-06-17 09:54:14.700,2869.4000,19805,0,3924311220.000,0,-,-,-,-,2869.0000,2868.8000,2868.6000,2868.4000,2868.2000,2869.2000,2869.4000,2869.6000,2869.8000,2870.0000,1,3,7,1,1,2,7,1,9,8
SF,IH2006,2020-06-17 09:54:15.200,2869.4000,19805,0,3924311220.000,0,-,-,-,-,2869.0000,2868.8000,2868.6000,2868.4000,2868.2000,2869.2000,2869.4000,2869.6000,2869.8000,2870.0000,1,3,7,1,1,3,7,1,9,8
SF,IH2006,2020-06-17 09:54:17.700,2869.0000,19804,-1,3925171920.000,1,0,1,双平,B,2868.8000,2868.6000,2868.4000,2868.2000,2868.0000,2869.2000,2869.4000,2869.6000,2869.8000,2870.0000,3,7,1,1,12,2,7,1,9,8
SF,IH2006,2020-06-17 09:54:18.200,2869.2000,19803,-1,3926893440.000,2,0,2,空平,B,2868.8000,2868.6000,2868.4000,2868.2000,2868.0000,2869.4000,2869.6000,2869.8000,2870.0000,2870.2000,3,7,1,1,12,7,1,9,8,1
SF,IH2006,2020-06-17 09:54:18.700,2869.2000,19803,0,3926893440.000,0,-,-,-,-,2868.8000,2868.6000,2868.4000,2868.2000,2868.0000,2869.4000,2869.6000,2869.8000,2870.0000,2870.2000,9,7,1,1,12,6,1,9,8,1
SF,IH2006,2020-06-17 09:54:19.200,2869.2000,19803,0,3926893440.000,0,-,-,-,-,2869.0000,2868.8000,2868.6000,2868.4000,2868.2000,2869.4000,2869.6000,2869.8000,2870.0000,2870.2000,1,9,7,1,1,7,1,9,8,1
SF,IH2006,2020-06-17 09:54:19.700,2869.2000,19803,0,3926893440.000,0,-,-,-,-,2869.0000,2868.8000,2868.6000,2868.4000,2868.2000,2869.4000,2869.6000,2869.8000,2870.0000,2870.2000,1,4,7,1,1,7,1,9,8,1
SF,IH2006,2020-06-17 09:54:20.200,2869.2000,19803,0,3926893440.000,0,-,-,-,-,2869.0000,2868.8000,2868.6000,2868.4000,2868.2000,2869.2000,2869.4000,2869.6000,2869.8000,2870.0000,1,4,7,1,1,1,7,1,9,8
SF,IH2006,2020-06-17 09:54:20.700,2869.0000,19803,0,3927754140.000,1,0,1,空换,B,2868.8000,2868.6000,2868.4000,2868.2000,2868.0000,2869.2000,2869.4000,2869.6000,2869.8000,2870.0000,3,7,1,1,12,2,7,1,9,8
SF,IH2006,2020-06-17 09:54:21.200,2869.2000,19802,-1,3928614900.000,1,0,1,双平,B,2868.8000,2868.6000,2868.4000,2868.2000,2868.0000,2869.2000,2869.4000,2869.6000,2869.8000,2870.0000,3,7,1,1,12,1,7,1,9,8
SF,IH2006,2020-06-17 09:54:22.700,2869.2000,19802,0,3928614900.000,0,-,-,-,-,2868.8000,2868.6000,2868.4000,2868.2000,2868.0000,2869.2000,2869.4000,2869.6000,2869.8000,2870.0000,3,7,1,1,12,1,8,1,9,8
SF,IH2006,2020-06-17 09:54:23.200,2868.8000,19803,1,3930336300.000,2,1,1,多开,B,2868.8000,2868.6000,2868.4000,2868.2000,2868.0000,2869.2000,2869.4000,2869.6000,2869.8000,2870.0000,2,7,1,1,12,1,8,1,9,8
SF,IH2006,2020-06-17 09:54:23.700,2868.8000,19803,0,3930336300.000,0,-,-,-,-,2868.8000,2868.6000,2868.4000,2868.2000,2868.0000,2869.2000,2869.4000,2869.6000,2869.8000,2870.0000,2,7,1,1,12,2,8,1,9,8
SF,IH2006,2020-06-17 09:54:24.700,2868.8000,19803,0,3930336300.000,0,-,-,-,-,2869.0000,2868.8000,2868.6000,2868.4000,2868.2000,2869.2000,2869.4000,2869.6000,2869.8000,2870.0000,1,2,7,1,1,2,8,1,9,8
SF,IH2006,2020-06-17 09:54:25.200,2868.8000,19803,0,3930336300.000,0,-,-,-,-,2868.8000,2868.6000,2868.4000,2868.2000,2868.0000,2869.2000,2869.4000,2869.6000,2869.8000,2870.0000,2,6,1,1,12,2,8,1,9,8
SF,IH2006,2020-06-17 09:54:25.700,2868.8000,19803,0,3930336300.000,0,-,-,-,-,2869.0000,2868.8000,2868.6000,2868.4000,2868.2000,2869.2000,2869.4000,2869.6000,2869.8000,2870.0000,1,2,6,1,1,2,8,1,9,8
SF,IH2006,2020-06-17 09:54:26.200,2868.8000,19803,0,3930336300.000,0,-,-,-,-,2868.8000,2868.6000,2868.4000,2868.2000,2868.0000,2869.2000,2869.4000,2869.6000,2869.8000,2870.0000,2,6,2,1,12,2,8,1,9,8
SF,IH2006,2020-06-17 09:54:26.700,2868.8000,19803,0,3930336300.000,0,-,-,-,-,2868.8000,2868.6000,2868.4000,2868.2000,2868.0000,2869.2000,2869.4000,2869.6000,2869.8000,2870.0000,7,6,2,1,12,1,8,1,9,8
SF,IH2006,2020-06-17 09:54:27.200,2868.8000,19803,0,3930336300.000,0,-,-,-,-,2868.8000,2868.6000,2868.4000,2868.2000,2868.0000,2869.2000,2869.4000,2869.6000,2869.8000,2870.0000,7,6,2,1,12,1,8,1,9,8
SF,IH2006,2020-06-17 09:54:28.200,2868.8000,19803,0,3930336300.000,0,-,-,-,-,2868.8000,2868.6000,2868.4000,2868.2000,2868.0000,2869.2000,2869.4000,2869.6000,2869.8000,2870.0000,7,6,2,1,11,1,9,1,9,8
SF,IH2006,2020-06-17 09:54:28.700,2868.8000,19803,0,3930336300.000,0,-,-,-,-,2868.8000,2868.6000,2868.4000,2868.2000,2868.0000,2869.2000,2869.4000,2869.6000,2869.8000,2870.0000,7,6,2,1,11,3,9,1,9,8
SF,IH2006,2020-06-17 09:54:29.700,2868.8000,19803,0,3930336300.000,0,-,-,-,-,2868.8000,2868.6000,2868.4000,2868.2000,2868.0000,2869.2000,2869.4000,2869.6000,2869.8000,2870.0000,7,6,2,1,11,4,9,1,9,8
SF,IH2006,2020-06-17 09:54:34.200,2868.8000,19803,0,3931196940.000,1,0,1,空换,B,2868.8000,2868.6000,2868.4000,2868.2000,2868.0000,2869.0000,2869.2000,2869.4000,2869.6000,2869.8000,6,6,2,1,11,1,4,9,1,9
SF,IH2006,2020-06-17 09:54:34.700,2869.0000,19803,0,3932918280.000,2,1,1,空换,B,2868.8000,2868.6000,2868.4000,2868.2000,2868.0000,2869.2000,2869.4000,2869.6000,2869.8000,2870.0000,5,6,2,1,6,5,8,1,9,8
SF,IH2006,2020-06-17 09:54:35.700,2869.0000,19803,0,3932918280.000,0,-,-,-,-,2868.8000,2868.6000,2868.4000,2868.2000,2868.0000,2869.2000,2869.4000,2869.6000,2869.8000,2870.0000,6,6,2,1,6,5,8,1,9,8
SF,IH2006,2020-06-17 09:54:36.700,2869.0000,19803,0,3932918280.000,0,-,-,-,-,2868.8000,2868.6000,2868.4000,2868.2000,2868.0000,2869.2000,2869.4000,2869.6000,2869.8000,2870.0000,6,6,2,8,6,5,8,1,9,8
SF,IH2006,2020-06-17 09:54:38.200,2869.0000,19803,0,3932918280.000,0,-,-,-,-,2868.8000,2868.6000,2868.4000,2868.2000,2868.0000,2869.2000,2869.4000,2869.6000,2869.8000,2870.0000,6,5,2,8,6,5,8,1,9,8
SF,IH2006,2020-06-17 09:54:38.700,2868.8000,19803,0,3933778920.000,1,0,1,空换,B,2868.8000,2868.6000,2868.4000,2868.2000,2868.0000,2869.2000,2869.4000,2869.6000,2869.8000,2870.0000,5,5,2,8,6,5,8,1,9,8
SF,IH2006,2020-06-17 09:54:40.200,2868.8000,19804,1,3934639560.000,1,1,0,双开,B,2868.8000,2868.6000,2868.4000,2868.2000,2868.0000,2869.2000,2869.4000,2869.6000,2869.8000,2870.0000,4,5,2,8,6,5,8,1,9,8
SF,IH2006,2020-06-17 09:54:42.200,2868.8000,19804,0,3935500200.000,1,0,1,空换,B,2868.8000,2868.6000,2868.4000,2868.2000,2868.0000,2869.2000,2869.4000,2869.6000,2869.8000,2870.0000,3,5,2,8,6,5,8,1,9,8
SF,IH2006,2020-06-17 09:54:43.200,2868.8000,19804,0,3935500200.000,0,-,-,-,-,2868.8000,2868.6000,2868.4000,2868.2000,2868.0000,2869.2000,2869.4000,2869.6000,2869.8000,2870.0000,3,5,2,8,6,5,7,1,9,8
SF,IH2006,2020-06-17 09:54:43.700,2868.8000,19804,0,3935500200.000,0,-,-,-,-,2868.8000,2868.6000,2868.4000,2868.2000,2868.0000,2869.2000,2869.4000,2869.6000,2869.8000,2870.0000,3,6,2,8,6,5,7,1,9,8
SF,IH2006,2020-06-17 09:54:45.200,2868.8000,19804,0,3935500200.000,0,-,-,-,-,2868.8000,2868.6000,2868.4000,2868.2000,2868.0000,2869.2000,2869.4000,2869.6000,2869.8000,2870.0000,3,6,2,8,6,5,8,1,9,8
SF,IH2006,2020-06-17 09:54:45.700,2868.8000,19804,0,3935500200.000,0,-,-,-,-,2868.8000,2868.6000,2868.4000,2868.2000,2868.0000,2869.2000,2869.4000,2869.6000,2869.8000,2870.0000,4,6,2,8,6,5,8,1,9,8
SF,IH2006,2020-06-17 09:54:50.700,2868.8000,19804,0,3935500200.000,0,-,-,-,-,2868.8000,2868.6000,2868.4000,2868.2000,2868.0000,2869.2000,2869.4000,2869.6000,2869.8000,2870.0000,4,6,2,8,6,4,8,1,10,8
SF,IH2006,2020-06-17 09:54:51.200,2868.8000,19804,0,3935500200.000,0,-,-,-,-,2868.8000,2868.6000,2868.4000,2868.2000,2868.0000,2869.2000,2869.4000,2869.6000,2869.8000,2870.0000,4,6,1,8,6,4,8,1,10,8
SF,IH2006,2020-06-17 09:54:51.700,2868.8000,19804,0,3936360840.000,1,0,1,空换,B,2868.8000,2868.6000,2868.4000,2868.2000,2868.0000,2869.2000,2869.4000,2869.8000,2870.0000,2870.2000,5,6,1,8,6,4,8,10,8,1
SF,IH2006,2020-06-17 09:54:52.200,2868.8000,19803,-1,3938082120.000,2,0,2,空平,B,2868.8000,2868.6000,2868.4000,2868.2000,2868.0000,2869.2000,2869.4000,2869.8000,2870.0000,2870.2000,3,6,1,8,6,4,8,10,8,1
SF,IH2006,2020-06-17 09:54:52.700,2868.8000,19803,0,3940664040.000,3,1,2,空换,B,2868.6000,2868.4000,2868.2000,2868.0000,2867.8000,2868.8000,2869.0000,2869.2000,2869.4000,2869.8000,6,1,8,6,10,1,1,4,7,10
SF,IH2006,2020-06-17 09:54:53.200,2868.8000,19803,0,3940664040.000,0,-,-,-,-,2868.6000,2868.4000,2868.2000,2868.0000,2867.8000,2868.8000,2869.0000,2869.2000,2869.4000,2869.8000,5,1,8,6,10,1,2,4,7,10
SF,IH2006,2020-06-17 09:54:54.200,2868.8000,19803,0,3940664040.000,0,-,-,-,-,2868.6000,2868.4000,2868.2000,2868.0000,2867.8000,2868.8000,2869.0000,2869.2000,2869.4000,2869.8000,2,1,8,6,10,1,2,4,7,10
SF,IH2006,2020-06-17 09:54:57.200,2868.8000,19803,0,3941524680.000,1,0,1,空换,B,2868.6000,2868.4000,2868.2000,2868.0000,2867.8000,2869.0000,2869.2000,2869.4000,2869.8000,2870.0000,2,1,8,6,10,2,4,7,10,8
SF,IH2006,2020-06-17 09:54:57.700,2868.6000,19802,-1,3943245840.000,2,0,2,空平,B,2868.4000,2868.2000,2868.0000,2867.8000,2867.6000,2868.6000,2868.8000,2869.0000,2869.2000,2869.4000,1,8,6,10,16,2,1,2,3,7
SF,IH2006,2020-06-17 09:54:58.200,2868.6000,19802,0,3944106420.000,1,0,1,空换,B,2868.4000,2868.2000,2868.0000,2867.8000,2867.6000,2868.6000,2868.8000,2869.0000,2869.2000,2869.4000,1,8,6,10,16,1,1,3,3,7
SF,IH2006,2020-06-17 09:54:58.700,2868.6000,19801,-1,3944967000.000,1,0,1,双平,B,2868.4000,2868.2000,2868.0000,2867.8000,2867.6000,2868.8000,2869.0000,2869.2000,2869.4000,2869.8000,1,8,6,10,16,1,3,3,7,10
SF,IH2006,2020-06-17 09:54:59.200,2868.6000,19801,0,3944967000.000,0,-,-,-,-,2868.4000,2868.2000,2868.0000,2867.8000,2867.6000,2868.8000,2869.0000,2869.2000,2869.4000,2869.8000,2,8,5,10,16,1,3,3,7,10
SF,IH2006,2020-06-17 09:54:59.700,2868.2000,19801,0,3946687980.000,2,1,1,空换,B,2868.2000,2868.0000,2867.8000,2867.6000,2867.4000,2868.8000,2869.0000,2869.2000,2869.4000,2869.8000,7,5,10,16,3,2,3,3,7,10
SF,IH2006,2020-06-17 09:55:00.200,2868.2000,19801,0,3946687980.000,0,-,-,-,-,2868.4000,2868.2000,2868.0000,2867.8000,2867.6000,2868.8000,2869.0000,2869.2000,2869.4000,2869.8000,1,8,5,10,16,3,2,3,6,11
SF,IH2006,2020-06-17 09:55:00.700,2868.2000,19801,0,3946687980.000,0,-,-,-,-,2868.4000,2868.2000,2868.0000,2867.8000,2867.6000,2868.6000,2868.8000,2869.0000,2869.2000,2869.4000,1,7,5,10,16,2,3,2,3,6
SF,IH2006,2020-06-17 09:55:01.200,2868.6000,19800,-1,3948409140.000,2,0,2,空平,B,2868.4000,2868.2000,2868.0000,2867.8000,2867.6000,2868.8000,2869.0000,2869.2000,2869.4000,2869.8000,2,7,5,10,16,3,2,3,6,11
SF,IH2006,2020-06-17 09:55:01.700,2868.4000,19800,0,3950130180.000,2,1,1,空换,B,2868.2000,2868.0000,2867.8000,2867.6000,2867.4000,2868.8000,2869.0000,2869.2000,2869.4000,2869.8000,7,5,10,16,3,3,1,3,6,11
SF,IH2006,2020-06-17 09:55:02.200,2868.4000,19800,0,3950130180.000,0,-,-,-,-,2868.2000,2868.0000,2867.8000,2867.6000,2867.4000,2868.8000,2869.0000,2869.2000,2869.4000,2869.8000,12,5,10,16,3,3,1,3,6,11
SF,IH2006,2020-06-17 09:55:02.700,2868.6000,19798,-2,3951851340.000,2,0,2,双平,B,2868.6000,2868.2000,2868.0000,2867.8000,2867.6000,2868.8000,2869.2000,2869.4000,2869.8000,2870.0000,1,15,5,10,16,2,3,6,11,8
SF,IH2006,2020-06-17 09:55:03.200,2868.6000,19798,0,3951851340.000,0,-,-,-,-,2868.2000,2868.0000,2867.8000,2867.6000,2867.4000,2868.8000,2869.2000,2869.4000,2869.8000,2870.0000,15,5,10,16,3,2,2,6,11,8
SF,IH2006,2020-06-17 09:55:03.700,2868.6000,19798,0,3951851340.000,0,-,-,-,-,2868.2000,2868.0000,2867.8000,2867.6000,2867.4000,2868.8000,2869.2000,2869.4000,2869.8000,2870.0000,15,5,10,16,3,2,2,6,11,8
SF,IH2006,2020-06-17 09:55:04.200,2868.6000,19798,0,3951851340.000,0,-,-,-,-,2868.2000,2868.0000,2867.8000,2867.6000,2867.4000,2868.8000,2869.2000,2869.4000,2869.8000,2870.0000,16,5,10,16,3,2,2,6,11,8
SF,IH2006,2020-06-17 09:55:05.700,2868.6000,19798,0,3951851340.000,0,-,-,-,-,2868.2000,2868.0000,2867.8000,2867.6000,2867.4000,2868.8000,2869.0000,2869.2000,2869.4000,2869.8000,16,5,10,16,3,2,1,2,6,11
SF,IH2006,2020-06-17 09:55:06.700,2868.6000,19798,0,3951851340.000,0,-,-,-,-,2868.4000,2868.2000,2868.0000,2867.8000,2867.6000,2868.8000,2869.0000,2869.2000,2869.4000,2869.8000,1,16,5,10,16,2,1,2,6,11
SF,IH2006,2020-06-17 09:55:07.200,2868.6000,19798,0,3951851340.000,0,-,-,-,-,2868.4000,2868.2000,2868.0000,2867.8000,2867.6000,2868.8000,2869.0000,2869.2000,2869.4000,2869.8000,4,14,5,10,16,1,1,2,6,11
SF,IH2006,2020-06-17 09:55:07.700,2868.8000,19797,-1,3952711980.000,1,0,1,双平,B,2868.4000,2868.2000,2868.0000,2867.8000,2867.6000,2868.6000,2868.8000,2869.0000,2869.2000,2869.4000,4,14,5,10,16,1,1,1,2,6
SF,IH2006,2020-06-17 09:55:08.200,2868.6000,19796,-1,3953572560.000,1,0,1,双平,B,2868.6000,2868.4000,2868.2000,2868.0000,2867.8000,2868.8000,2869.0000,2869.2000,2869.4000,2869.8000,3,3,14,5,10,1,1,2,6,11
SF,IH2006,2020-06-17 09:55:08.700,2868.6000,19796,0,3953572560.000,0,-,-,-,-,2868.6000,2868.4000,2868.2000,2868.0000,2867.8000,2868.8000,2869.0000,2869.2000,2869.4000,2869.8000,1,3,14,5,10,2,1,2,6,11
SF,IH2006,2020-06-17 09:55:09.200,2868.6000,19796,0,3953572560.000,0,-,-,-,-,2868.4000,2868.2000,2868.0000,2867.8000,2867.6000,2868.8000,2869.0000,2869.2000,2869.4000,2869.8000,3,14,5,10,16,2,1,2,6,11
SF,IH2006,2020-06-17 09:55:09.700,2868.6000,19796,0,3953572560.000,0,-,-,-,-,2868.4000,2868.2000,2868.0000,2867.8000,2867.6000,2868.8000,2869.0000,2869.2000,2869.4000,2869.8000,4,14,5,10,16,2,1,2,6,11
SF,IH2006,2020-06-17 09:55:10.700,2868.4000,19796,0,3957014640.000,4,2,2,空换,B,2868.2000,2868.0000,2867.8000,2867.6000,2867.4000,2868.8000,2869.0000,2869.2000,2869.4000,2869.8000,14,5,10,16,2,2,1,2,6,11
SF,IH2006,2020-06-17 09:55:11.200,2868.4000,19796,0,3957014640.000,0,-,-,-,-,2868.2000,2868.0000,2867.8000,2867.6000,2867.4000,2868.6000,2868.8000,2869.0000,2869.2000,2869.4000,13,5,10,16,2,4,5,1,2,6
SF,IH2006,2020-06-17 09:55:12.200,2868.4000,19796,0,3957014640.000,0,-,-,-,-,2868.2000,2868.0000,2867.8000,2867.6000,2867.4000,2868.6000,2868.8000,2869.0000,2869.2000,2869.4000,13,5,10,16,2,4,5,1,2,6
SF,IH2006,2020-06-17 09:55:12.700,2868.4000,19796,0,3957014640.000,0,-,-,-,-,2868.2000,2868.0000,2867.8000,2867.6000,2867.4000,2868.6000,2868.8000,2869.0000,2869.2000,2869.4000,13,5,10,16,2,4,5,1,2,6
SF,IH2006,2020-06-17 09:55:13.200,2868.4000,19796,0,3957014640.000,0,-,-,-,-,2868.2000,2868.0000,2867.8000,2867.6000,2867.4000,2868.6000,2868.8000,2869.0000,2869.2000,2869.4000,14,5,10,16,2,3,5,1,2,6
SF,IH2006,2020-06-17 09:55:13.700,2868.4000,19796,0,3957014640.000,0,-,-,-,-,2868.4000,2868.2000,2868.0000,2867.8000,2867.6000,2868.6000,2868.8000,2869.0000,2869.2000,2869.4000,1,14,5,10,16,3,2,1,2,6
SF,IH2006,2020-06-17 09:55:14.200,2868.4000,19796,0,3957014640.000,0,-,-,-,-,2868.2000,2868.0000,2867.8000,2867.6000,2867.4000,2868.4000,2868.6000,2868.8000,2869.0000,2869.2000,14,5,10,16,2,1,3,2,1,2
SF,IH2006,2020-06-17 09:55:14.700,2868.4000,19796,0,3957014640.000,0,-,-,-,-,2868.2000,2868.0000,2867.8000,2867.6000,2867.4000,2868.4000,2868.6000,2868.8000,2869.0000,2869.2000,14,5,10,16,2,2,3,2,1,2
SF,IH2006,2020-06-17 09:55:15.200,2868.4000,19796,0,3958735620.000,2,1,1,空换,B,2868.2000,2868.0000,2867.8000,2867.6000,2867.4000,2868.4000,2868.6000,2868.8000,2869.0000,2869.2000,12,5,10,16,2,1,3,2,1,2
SF,IH2006,2020-06-17 09:55:15.700,2868.4000,19795,-1,3959596140.000,1,0,1,双平,B,2868.2000,2868.0000,2867.8000,2867.6000,2867.4000,2868.6000,2868.8000,2869.0000,2869.2000,2869.4000,13,5,10,16,2,3,2,1,2,6
SF,IH2006,2020-06-17 09:55:16.200,2868.4000,19795,0,3959596140.000,0,-,-,-,-,2868.2000,2868.0000,2867.8000,2867.6000,2867.4000,2868.6000,2868.8000,2869.0000,2869.2000,2869.4000,13,5,10,16,2,2,2,1,2,6
SF,IH2006,2020-06-17 09:55:16.700,2868.4000,19795,0,3959596140.000,0,-,-,-,-,2868.2000,2868.0000,2867.8000,2867.6000,2867.4000,2868.6000,2868.8000,2869.0000,2869.2000,2869.4000,13,5,10,16,2,2,2,1,2,6
SF,IH2006,2020-06-17 09:55:18.200,2868.4000,19795,0,3959596140.000,0,-,-,-,-,2868.2000,2868.0000,2867.8000,2867.6000,2867.4000,2868.6000,2868.8000,2869.0000,2869.2000,2869.4000,17,5,10,16,2,2,2,1,2,6
SF,IH2006,2020-06-17 09:55:18.700,2868.4000,19795,0,3959596140.000,0,-,-,-,-,2868.4000,2868.2000,2868.0000,2867.8000,2867.6000,2868.6000,2868.8000,2869.0000,2869.2000,2869.4000,1,17,5,10,16,2,2,1,2,6
SF,IH2006,2020-06-17 09:55:19.200,2868.4000,19794,-1,3960456660.000,1,0,1,双平,B,2868.2000,2868.0000,2867.8000,2867.6000,2867.4000,2868.4000,2868.6000,2868.8000,2869.0000,2869.2000,17,5,10,16,2,1,2,2,1,2
SF,IH2006,2020-06-17 09:55:20.200,2868.4000,19793,-1,3961317180.000,1,0,1,双平,B,2868.2000,2868.0000,2867.8000,2867.6000,2867.4000,2868.6000,2868.8000,2869.0000,2869.2000,2869.4000,17,5,10,16,2,2,2,1,2,6
SF,IH2006,2020-06-17 09:55:20.700,2868.4000,19793,0,3961317180.000,0,-,-,-,-,2868.2000,2868.0000,2867.8000,2867.6000,2867.4000,2868.6000,2868.8000,2869.0000,2869.2000,2869.4000,17,5,10,16,2,1,2,1,2,6
SF,IH2006,2020-06-17 09:55:21.200,2868.4000,19793,0,3961317180.000,0,-,-,-,-,2868.4000,2868.2000,2868.0000,2867.8000,2867.6000,2868.6000,2868.8000,2869.0000,2869.2000,2869.4000,1,18,5,10,16,1,2,1,2,6
SF,IH2006,2020-06-17 09:55:21.700,2868.4000,19793,0,3961317180.000,0,-,-,-,-,2868.2000,2868.0000,2867.8000,2867.6000,2867.4000,2868.6000,2868.8000,2869.0000,2869.2000,2869.4000,18,5,10,16,2,1,3,1,2,6
SF,IH2006,2020-06-17 09:55:22.200,2868.4000,19793,0,3961317180.000,0,-,-,-,-,2868.2000,2868.0000,2867.8000,2867.6000,2867.4000,2868.6000,2868.8000,2869.0000,2869.2000,2869.4000,17,5,10,16,2,1,3,1,2,6
SF,IH2006,2020-06-17 09:55:22.700,2868.2000,19789,-4,3975945000.000,17,6,11,空平,B,2868.0000,2867.8000,2867.6000,2867.4000,2867.2000,2868.2000,2868.4000,2868.6000,2868.8000,2869.0000,5,10,16,2,9,1,2,3,3,1
SF,IH2006,2020-06-17 09:55:23.200,2868.0000,19788,-1,3977665800.000,2,0,2,空平,B,2868.0000,2867.8000,2867.6000,2867.4000,2867.2000,2868.2000,2868.6000,2868.8000,2869.0000,2869.2000,3,10,16,2,9,2,2,3,1,2
SF,IH2006,2020-06-17 09:55:23.700,2868.2000,19786,-2,3979386720.000,2,0,2,双平,B,2868.0000,2867.8000,2867.6000,2867.4000,2867.2000,2868.6000,2868.8000,2869.0000,2869.2000,2869.4000,3,10,16,2,9,2,3,1,2,6
SF,IH2006,2020-06-17 09:55:24.200,2868.0000,19786,0,3980247120.000,1,0,1,空换,B,2868.0000,2867.8000,2867.6000,2867.4000,2867.2000,2868.6000,2868.8000,2869.0000,2869.2000,2869.4000,2,10,16,2,9,2,3,2,2,6
SF,IH2006,2020-06-17 09:55:24.700,2868.0000,19786,0,3981107520.000,1,0,1,空换,B,2868.0000,2867.8000,2867.6000,2867.4000,2867.2000,2868.4000,2868.6000,2868.8000,2869.0000,2869.2000,1,10,16,2,9,5,1,3,2,2
SF,IH2006,2020-06-17 09:55:25.200,2868.0000,19786,0,3981107520.000,0,-,-,-,-,2868.0000,2867.8000,2867.6000,2867.4000,2867.2000,2868.4000,2868.6000,2868.8000,2869.0000,2869.2000,1,10,16,2,9,4,1,3,2,2
SF,IH2006,2020-06-17 09:55:25.700,2868.0000,19786,0,3981107520.000,0,-,-,-,-,2868.2000,2868.0000,2867.8000,2867.6000,2867.4000,2868.4000,2868.6000,2868.8000,2869.0000,2869.2000,1,2,10,16,2,3,1,3,2,2
SF,IH2006,2020-06-17 09:55:26.200,2868.0000,19786,0,3981107520.000,0,-,-,-,-,2868.0000,2867.8000,2867.6000,2867.4000,2867.2000,2868.4000,2868.6000,2868.8000,2869.0000,2869.2000,2,10,16,2,9,4,1,3,2,2
SF,IH2006,2020-06-17 09:55:26.700,2868.0000,19786,0,3981107520.000,0,-,-,-,-,2868.0000,2867.8000,2867.6000,2867.4000,2867.2000,2868.4000,2868.6000,2868.8000,2869.0000,2869.2000,4,10,16,2,9,3,1,3,2,2
SF,IH2006,2020-06-17 09:55:28.200,2868.0000,19786,0,3981967920.000,1,0,1,空换,B,2868.0000,2867.8000,2867.6000,2867.4000,2867.2000,2868.4000,2868.6000,2868.8000,2869.0000,2869.2000,4,10,16,2,9,3,1,3,2,2
SF,IH2006,2020-06-17 09:55:28.700,2868.0000,19786,0,3982828320.000,1,0,1,空换,B,2868.0000,2867.8000,2867.6000,2867.4000,2867.2000,2868.4000,2868.6000,2868.8000,2869.0000,2869.2000,3,10,16,2,9,3,1,3,2,2
SF,IH2006,2020-06-17 09:55:29.200,2868.0000,19785,-1,3983688720.000,1,0,1,双平,B,2868.0000,2867.8000,2867.6000,2867.4000,2867.2000,2868.4000,2868.6000,2868.8000,2869.0000,2869.2000,1,10,16,2,9,3,1,3,2,2
SF,IH2006,2020-06-17 09:55:29.700,2868.0000,19785,0,3983688720.000,0,-,-,-,-,2868.0000,2867.8000,2867.6000,2867.4000,2867.2000,2868.4000,2868.6000,2868.8000,2869.0000,2869.2000,1,10,16,2,9,3,1,3,2,2
SF,IH2006,2020-06-17 09:55:34.200,2868.0000,19784,-1,3984549120.000,1,0,1,双平,B,2868.2000,2868.0000,2867.8000,2867.6000,2867.4000,2868.4000,2868.6000,2868.8000,2869.0000,2869.2000,1,4,10,16,2,3,1,3,2,2
SF,IH2006,2020-06-17 09:55:34.700,2868.2000,19783,-1,3985409580.000,1,0,1,双平,B,2868.0000,2867.8000,2867.6000,2867.4000,2867.2000,2868.2000,2868.4000,2868.6000,2868.8000,2869.0000,2,10,16,2,9,11,2,1,3,2
SF,IH2006,2020-06-17 09:55:35.200,2868.0000,19782,-1,3987130380.000,2,0,2,空平,B,2867.8000,2867.6000,2867.4000,2867.2000,2867.0000,2868.2000,2868.4000,2868.6000,2868.8000,2869.0000,10,16,2,9,14,1,2,1,3,2
SF,IH2006,2020-06-17 09:55:35.700,2867.8000,19781,-1,3987990720.000,1,0,1,双平,B,2867.8000,2867.6000,2867.4000,2867.2000,2867.0000,2868.2000,2868.4000,2868.6000,2868.8000,2869.0000,9,16,2,9,14,2,2,1,3,2
SF,IH2006,2020-06-17 09:55:36.200,2867.8000,19781,0,3987990720.000,0,-,-,-,-,2867.8000,2867.6000,2867.4000,2867.2000,2867.0000,2868.2000,2868.4000,2868.6000,2868.8000,2869.0000,10,16,2,9,14,2,2,1,3,2
SF,IH2006,2020-06-17 09:55:37.200,2867.8000,19781,0,3987990720.000,0,-,-,-,-,2868.0000,2867.8000,2867.6000,2867.4000,2867.2000,2868.2000,2868.4000,2868.6000,2868.8000,2869.0000,1,10,16,2,9,1,2,2,2,2
SF,IH2006,2020-06-17 09:55:37.700,2868.0000,19781,0,3988851120.000,1,0,1,空换,B,2867.8000,2867.6000,2867.4000,2867.2000,2867.0000,2868.0000,2868.2000,2868.4000,2868.6000,2868.8000,10,16,2,9,14,1,1,1,2,2
SF,IH2006,2020-06-17 09:55:38.200,2868.0000,19781,0,3988851120.000,0,-,-,-,-,2867.8000,2867.6000,2867.4000,2867.2000,2867.0000,2868.0000,2868.2000,2868.4000,2868.6000,2868.8000,10,16,2,9,14,2,1,1,2,2
SF,IH2006,2020-06-17 09:55:38.700,2867.8000,19778,-3,3991432140.000,3,0,3,双平,B,2867.8000,2867.6000,2867.4000,2867.2000,2867.0000,2868.0000,2868.2000,2868.4000,2868.6000,2868.8000,6,16,2,9,14,2,1,1,2,2
SF,IH2006,2020-06-17 09:55:39.200,2867.8000,19778,0,3999175080.000,9,4,5,空换,B,2867.6000,2867.4000,2867.2000,2867.0000,2866.8000,2867.8000,2868.0000,2868.2000,2868.4000,2868.6000,14,2,9,14,8,1,1,1,1,2
SF,IH2006,2020-06-17 09:55:39.700,2867.6000,19777,-1,4000035360.000,1,0,1,双平,B,2867.6000,2867.4000,2867.2000,2867.0000,2866.8000,2867.8000,2868.0000,2868.2000,2868.4000,2868.6000,13,2,9,14,8,3,2,1,1,1
SF,IH2006,2020-06-17 09:55:40.200,2867.6000,19766,-11,4009498440.000,11,0,11,双平,B,2867.6000,2867.4000,2867.2000,2867.0000,2866.8000,2867.8000,2868.0000,2868.2000,2868.4000,2868.6000,2,2,9,14,8,3,2,1,1,1
SF,IH2006,2020-06-17 09:55:40.700,2867.6000,19764,-2,4011219000.000,2,0,2,双平,B,2867.4000,2867.2000,2867.0000,2866.8000,2866.6000,2867.6000,2867.8000,2868.0000,2868.2000,2868.4000,2,9,14,8,11,2,3,2,1,1
SF,IH2006,2020-06-17 09:55:41.200,2867.4000,19763,-1,4012939440.000,2,0,2,空平,B,2867.2000,2867.0000,2866.8000,2866.6000,2866.4000,2867.4000,2867.6000,2867.8000,2868.0000,2868.2000,9,14,8,11,7,1,1,2,2,1
SF,IH2006,2020-06-17 09:55:41.700,2867.4000,19762,-1,4013799660.000,1,0,1,双平,B,2867.2000,2867.0000,2866.8000,2866.6000,2866.4000,2867.4000,2867.8000,2868.0000,2868.2000,2868.4000,9,14,8,11,7,1,2,2,1,1
SF,IH2006,2020-06-17 09:55:42.700,2867.2000,19760,-2,4016380380.000,3,0,3,空平,B,2867.2000,2867.0000,2866.8000,2866.6000,2866.4000,2868.0000,2868.2000,2868.4000,2868.6000,2868.8000,8,14,8,11,7,2,1,1,1,3
SF,IH2006,2020-06-17 09:55:43.200,2867.2000,19762,2,4018100700.000,2,2,0,双开,B,2867.2000,2867.0000,2866.8000,2866.6000,2866.4000,2867.4000,2867.8000,2868.0000,2868.2000,2868.4000,6,14,8,11,7,9,6,4,1,1
SF,IH2006,2020-06-17 09:55:43.700,2867.2000,19759,-3,4023261660.000,6,1,5,空平,B,2867.0000,2866.8000,2866.6000,2866.4000,2866.2000,2867.2000,2867.8000,2868.0000,2868.2000,2868.4000,14,8,11,7,5,1,5,4,1,1
SF,IH2006,2020-06-17 09:55:44.200,2867.2000,19759,0,4024121820.000,1,0,1,空换,B,2867.0000,2866.8000,2866.6000,2866.4000,2866.2000,2867.2000,2867.4000,2867.8000,2868.0000,2868.2000,14,8,11,7,5,1,1,5,5,1
SF,IH2006,2020-06-17 09:55:44.700,2867.2000,19757,-2,4025842140.000,2,0,2,双平,B,2867.0000,2866.8000,2866.6000,2866.4000,2866.2000,2867.2000,2867.4000,2867.8000,2868.0000,2868.2000,14,8,11,7,5,1,1,5,5,1
SF,IH2006,2020-06-17 09:55:45.200,2867.2000,19755,-2,4027562460.000,2,0,2,双平,B,2867.2000,2867.0000,2866.8000,2866.6000,2866.4000,2867.4000,2867.8000,2868.0000,2868.2000,2868.4000,4,14,8,11,7,1,5,3,1,1
SF,IH2006,2020-06-17 09:55:45.700,2867.4000,19754,-1,4028422680.000,1,0,1,双平,B,2867.4000,2867.2000,2867.0000,2866.8000,2866.6000,2867.8000,2868.0000,2868.2000,2868.4000,2868.6000,5,1,14,8,11,5,2,1,1,1
SF,IH2006,2020-06-17 09:55:46.200,2867.0000,19755,1,4030143000.000,2,1,1,多开,B,2867.0000,2866.8000,2866.6000,2866.4000,2866.2000,2867.8000,2868.0000,2868.2000,2868.4000,2868.6000,13,8,11,7,8,3,2,1,1,1
SF,IH2006,2020-06-17 09:55:46.700,2867.0000,19755,0,4030143000.000,0,-,-,-,-,2867.2000,2867.0000,2866.8000,2866.6000,2866.4000,2867.8000,2868.0000,2868.2000,2868.4000,2868.6000,3,14,8,11,7,3,2,1,1,1
SF,IH2006,2020-06-17 09:55:47.200,2867.0000,19755,0,4030143000.000,0,-,-,-,-,2867.2000,2867.0000,2866.8000,2866.6000,2866.4000,2867.8000,2868.0000,2868.2000,2868.4000,2868.6000,4,13,8,11,7,3,2,1,1,1
SF,IH2006,2020-06-17 09:55:47.700,2867.0000,19755,0,4030143000.000,0,-,-,-,-,2867.2000,2867.0000,2866.8000,2866.6000,2866.4000,2867.8000,2868.0000,2868.2000,2868.4000,2868.6000,3,13,8,11,7,3,2,1,1,1
SF,IH2006,2020-06-17 09:55:48.200,2867.0000,19755,0,4030143000.000,0,-,-,-,-,2867.2000,2867.0000,2866.8000,2866.6000,2866.4000,2867.8000,2868.0000,2868.2000,2868.4000,2868.6000,3,13,8,11,7,1,2,1,1,1
SF,IH2006,2020-06-17 09:55:48.700,2867.0000,19755,0,4030143000.000,0,-,-,-,-,2867.2000,2867.0000,2866.8000,2866.6000,2866.4000,2867.8000,2868.0000,2868.2000,2868.4000,2868.6000,4,14,8,11,7,1,2,1,1,1
SF,IH2006,2020-06-17 09:55:49.700,2867.0000,19755,0,4030143000.000,0,-,-,-,-,2867.2000,2867.0000,2866.8000,2866.6000,2866.4000,2867.6000,2867.8000,2868.0000,2868.2000,2868.4000,5,14,8,11,7,1,1,2,1,1
SF,IH2006,2020-06-17 09:55:50.200,2867.2000,19754,-1,4031003160.000,1,0,1,双平,B,2867.2000,2867.0000,2866.8000,2866.6000,2866.4000,2867.6000,2867.8000,2868.0000,2868.2000,2868.4000,4,15,8,11,7,3,1,2,1,1
SF,IH2006,2020-06-17 09:55:50.700,2867.2000,19754,0,4031003160.000,0,-,-,-,-,2867.4000,2867.2000,2867.0000,2866.8000,2866.6000,2867.6000,2867.8000,2868.0000,2868.2000,2868.4000,1,4,15,8,11,3,1,1,1,1
SF,IH2006,2020-06-17 09:55:51.200,2867.4000,19752,-2,4032723600.000,2,0,2,双平,B,2867.2000,2867.0000,2866.8000,2866.6000,2866.4000,2867.6000,2867.8000,2868.0000,2868.2000,2868.4000,3,15,8,11,7,2,2,1,1,1
SF,IH2006,2020-06-17 09:55:51.700,2867.2000,19752,0,4033583760.000,1,0,1,空换,B,2867.2000,2867.0000,2866.8000,2866.6000,2866.4000,2867.6000,2867.8000,2868.0000,2868.2000,2868.4000,2,15,8,11,7,2,2,1,1,1
SF,IH2006,2020-06-17 09:55:52.200,2867.2000,19752,0,4033583760.000,0,-,-,-,-,2867.2000,2867.0000,2866.8000,2866.6000,2866.4000,2867.6000,2867.8000,2868.0000,2868.2000,2868.4000,2,15,8,11,7,2,2,1,1,1
SF,IH2006,2020-06-17 09:55:52.700,2867.0000,19749,-3,4037024280.000,4,0,4,空平,B,2867.0000,2866.8000,2866.6000,2866.4000,2866.2000,2867.4000,2867.6000,2867.8000,2868.0000,2868.2000,13,8,11,7,5,1,3,1,1,1
SF,IH2006,2020-06-17 09:55:53.200,2867.0000,19749,0,4037024280.000,0,-,-,-,-,2867.0000,2866.8000,2866.6000,2866.4000,2866.2000,2867.4000,2867.6000,2867.8000,2868.0000,2868.2000,13,8,11,7,5,1,3,1,1,1
SF,IH2006,2020-06-17 09:55:53.700,2867.0000,19749,0,4037024280.000,0,-,-,-,-,2867.0000,2866.8000,2866.6000,2866.4000,2866.2000,2867.4000,2867.6000,2867.8000,2868.0000,2868.2000,15,8,11,7,5,1,3,1,1,1
SF,IH2006,2020-06-17 09:55:54.200,2867.0000,19749,0,4037024280.000,0,-,-,-,-,2867.2000,2867.0000,2866.8000,2866.6000,2866.4000,2867.4000,2867.6000,2867.8000,2868.0000,2868.2000,2,15,8,11,7,1,3,1,1,1
SF,IH2006,2020-06-17 09:55:54.700,2867.4000,19748,-1,4037884500.000,1,0,1,双平,B,2867.4000,2867.2000,2867.0000,2866.8000,2866.6000,2867.6000,2867.8000,2868.0000,2868.2000,2868.4000,4,3,15,8,11,3,1,1,1,2
SF,IH2006,2020-06-17 09:55:55.200,2867.6000,19748,0,4039605060.000,2,1,1,空换,B,2867.2000,2867.0000,2866.8000,2866.6000,2866.4000,2867.6000,2867.8000,2868.0000,2868.2000,2868.4000,3,15,8,11,7,1,1,1,1,2
SF,IH2006,2020-06-17 09:55:55.700,2867.6000,19746,-2,4041325620.000,2,0,2,双平,B,2867.6000,2867.4000,2867.2000,2867.0000,2866.8000,2867.8000,2868.0000,2868.2000,2868.4000,2868.6000,2,1,4,15,8,1,1,1,2,1
SF,IH2006,2020-06-17 09:55:56.200,2867.6000,19746,0,4041325620.000,0,-,-,-,-,2867.4000,2867.2000,2867.0000,2866.8000,2866.6000,2867.8000,2868.0000,2868.2000,2868.4000,2868.6000,1,4,15,8,11,1,1,1,2,1
SF,IH2006,2020-06-17 09:55:56.700,2867.8000,19746,0,4042185960.000,1,0,1,空换,B,2867.8000,2867.4000,2867.2000,2867.0000,2866.8000,2868.0000,2868.2000,2868.4000,2868.6000,2868.8000,1,2,4,15,8,1,1,2,1,2
SF,IH2006,2020-06-17 09:55:57.200,2867.8000,19745,-1,4043046300.000,1,0,1,双平,B,2867.4000,2867.2000,2867.0000,2866.8000,2866.6000,2867.8000,2868.0000,2868.2000,2868.4000,2868.6000,2,4,15,8,11,4,1,2,2,1
SF,IH2006,2020-06-17 09:55:57.700,2867.8000,19745,0,4043046300.000,0,-,-,-,-,2867.4000,2867.2000,2867.0000,2866.8000,2866.6000,2867.6000,2867.8000,2868.0000,2868.2000,2868.4000,2,4,16,8,11,1,4,1,2,2
SF,IH2006,2020-06-17 09:55:58.200,2867.8000,19745,0,4043046300.000,0,-,-,-,-,2867.4000,2867.2000,2867.0000,2866.8000,2866.6000,2867.6000,2867.8000,2868.0000,2868.2000,2868.4000,2,6,16,8,11,1,4,1,2,2
SF,IH2006,2020-06-17 09:55:58.700,2867.4000,19744,-1,4043906520.000,1,0,1,双平,B,2867.4000,2867.2000,2867.0000,2866.8000,2866.6000,2867.8000,2868.0000,2868.2000,2868.4000,2868.6000,2,6,16,8,11,4,1,2,1,1
SF,IH2006,2020-06-17 09:55:59.200,2867.4000,19743,-1,4044766740.000,1,0,1,双平,B,2867.4000,2867.2000,2867.0000,2866.8000,2866.6000,2867.8000,2868.0000,2868.2000,2868.4000,2868.6000,1,6,16,8,11,5,1,2,1,1
SF,IH2006,2020-06-17 09:55:59.700,2867.4000,19743,0,4044766740.000,0,-,-,-,-,2867.4000,2867.2000,2867.0000,2866.8000,2866.6000,2867.8000,2868.0000,2868.2000,2868.4000,2868.6000,2,6,16,8,11,6,1,2,1,1
SF,IH2006,2020-06-17 09:56:01.700,2867.4000,19743,0,4044766740.000,0,-,-,-,-,2867.4000,2867.2000,2867.0000,2866.8000,2866.6000,2867.8000,2868.0000,2868.2000,2868.4000,2868.6000,2,7,16,8,11,6,1,2,1,1
SF,IH2006,2020-06-17 09:56:02.700,2867.4000,19743,0,4044766740.000,0,-,-,-,-,2867.4000,2867.2000,2867.0000,2866.8000,2866.6000,2867.8000,2868.0000,2868.2000,2868.4000,2868.6000,2,7,16,8,11,6,1,1,1,1
SF,IH2006,2020-06-17 09:56:03.200,2867.4000,19743,0,4044766740.000,0,-,-,-,-,2867.4000,2867.2000,2867.0000,2866.8000,2866.6000,2867.8000,2868.0000,2868.2000,2868.4000,2868.6000,2,7,16,8,11,2,1,1,1,1
SF,IH2006,2020-06-17 09:56:04.200,2867.4000,19743,0,4044766740.000,0,-,-,-,-,2867.4000,2867.2000,2867.0000,2866.8000,2866.6000,2867.8000,2868.0000,2868.2000,2868.4000,2868.6000,1,7,16,8,11,2,1,1,1,1
SF,IH2006,2020-06-17 09:56:04.700,2867.4000,19743,0,4045626960.000,1,0,1,空换,B,2867.2000,2867.0000,2866.8000,2866.6000,2866.4000,2867.4000,2867.8000,2868.0000,2868.2000,2868.4000,7,16,8,11,7,3,2,1,1,1
SF,IH2006,2020-06-17 09:56:05.200,2867.4000,19743,0,4045626960.000,0,-,-,-,-,2867.2000,2867.0000,2866.8000,2866.6000,2866.4000,2867.8000,2868.0000,2868.2000,2868.4000,2868.6000,7,15,8,11,7,2,1,1,1,1
SF,IH2006,2020-06-17 09:56:05.700,2867.4000,19743,0,4045626960.000,0,-,-,-,-,2867.2000,2867.0000,2866.8000,2866.6000,2866.4000,2867.6000,2867.8000,2868.0000,2868.2000,2868.4000,7,15,8,11,7,2,3,1,1,1
SF,IH2006,2020-06-17 09:56:06.200,2867.4000,19743,0,4045626960.000,0,-,-,-,-,2867.2000,2867.0000,2866.8000,2866.6000,2866.4000,2867.6000,2867.8000,2868.0000,2868.2000,2868.4000,7,15,8,11,7,1,3,1,1,1
SF,IH2006,2020-06-17 09:56:06.700,2867.4000,19743,0,4045626960.000,0,-,-,-,-,2867.2000,2867.0000,2866.8000,2866.6000,2866.4000,2867.6000,2867.8000,2868.0000,2868.2000,2868.4000,6,15,8,11,7,1,3,1,1,1
SF,IH2006,2020-06-17 09:56:07.200,2867.4000,19743,0,4045626960.000,0,-,-,-,-,2867.2000,2867.0000,2866.8000,2866.6000,2866.4000,2867.6000,2867.8000,2868.0000,2868.2000,2868.4000,5,15,8,11,7,1,3,1,1,1
SF,IH2006,2020-06-17 09:56:07.700,2867.4000,19743,0,4045626960.000,0,-,-,-,-,2867.2000,2867.0000,2866.8000,2866.6000,2866.4000,2867.6000,2867.8000,2868.0000,2868.2000,2868.4000,4,16,8,11,7,3,3,1,1,1
SF,IH2006,2020-06-17 09:56:08.700,2867.4000,19743,0,4045626960.000,0,-,-,-,-,2867.4000,2867.2000,2867.0000,2866.8000,2866.6000,2867.6000,2867.8000,2868.0000,2868.2000,2868.4000,1,4,16,8,11,3,3,1,1,1
SF,IH2006,2020-06-17 09:56:09.200,2867.4000,19743,0,4046487180.000,1,0,1,空换,B,2867.2000,2867.0000,2866.8000,2866.6000,2866.4000,2867.4000,2867.6000,2867.8000,2868.0000,2868.2000,4,16,8,11,7,1,3,3,1,1
SF,IH2006,2020-06-17 09:56:09.700,2867.4000,19743,0,4046487180.000,0,-,-,-,-,2867.2000,2867.0000,2866.8000,2866.6000,2866.4000,2867.6000,2867.8000,2868.0000,2868.2000,2868.4000,4,16,8,11,7,2,3,1,1,1
SF,IH2006,2020-06-17 09:56:10.700,2867.4000,19743,0,4046487180.000,0,-,-,-,-,2867.2000,2867.0000,2866.8000,2866.6000,2866.4000,2867.6000,2867.8000,2868.0000,2868.2000,2868.4000,4,15,8,11,7,2,3,1,1,1
SF,IH2006,2020-06-17 09:56:11.200,2867.4000,19743,0,4046487180.000,0,-,-,-,-,2867.2000,2867.0000,2866.8000,2866.6000,2866.4000,2867.6000,2867.8000,2868.0000,2868.2000,2868.4000,4,15,8,11,7,3,3,1,1,1
SF,IH2006,2020-06-17 09:56:11.700,2867.4000,19743,0,4046487180.000,0,-,-,-,-,2867.2000,2867.0000,2866.8000,2866.6000,2866.4000,2867.6000,2867.8000,2868.0000,2868.2000,2868.4000,4,16,8,11,7,3,3,1,1,1
SF,IH2006,2020-06-17 09:56:12.200,2867.2000,19742,-1,4047347340.000,1,0,1,双平,B,2867.2000,2867.0000,2866.8000,2866.6000,2866.4000,2867.6000,2867.8000,2868.0000,2868.2000,2868.4000,3,16,8,11,7,3,3,1,1,1
SF,IH2006,2020-06-17 09:56:12.700,2867.4000,19742,0,4049067720.000,2,1,1,空换,B,2867.2000,2867.0000,2866.8000,2866.6000,2866.4000,2867.6000,2867.8000,2868.0000,2868.2000,2868.4000,2,16,8,11,7,3,3,1,1,1
SF,IH2006,2020-06-17 09:56:13.200,2867.4000,19742,0,4049067720.000,0,-,-,-,-,2867.4000,2867.2000,2867.0000,2866.8000,2866.6000,2867.6000,2867.8000,2868.0000,2868.2000,2868.4000,1,2,16,8,11,3,3,1,1,1
SF,IH2006,2020-06-17 09:56:13.700,2867.2000,19741,-1,4051648260.000,3,1,2,空平,B,2867.0000,2866.8000,2866.6000,2866.4000,2866.2000,2867.2000,2867.6000,2867.8000,2868.0000,2868.2000,16,8,11,7,5,1,3,3,1,1
SF,IH2006,2020-06-17 09:56:14.200,2867.2000,19740,-1,4052508420.000,1,0,1,双平,B,2867.0000,2866.8000,2866.6000,2866.4000,2866.2000,2867.6000,2867.8000,2868.0000,2868.2000,2868.4000,16,8,11,7,5,3,3,1,1,2
SF,IH2006,2020-06-17 09:56:14.700,2867.2000,19740,0,4052508420.000,0,-,-,-,-,2867.0000,2866.8000,2866.6000,2866.4000,2866.2000,2867.4000,2867.6000,2867.8000,2868.0000,2868.2000,16,8,11,7,5,2,4,3,1,1
SF,IH2006,2020-06-17 09:56:15.200,2867.2000,19740,0,4052508420.000,0,-,-,-,-,2867.0000,2866.8000,2866.6000,2866.4000,2866.2000,2867.4000,2867.6000,2867.8000,2868.0000,2868.2000,16,8,11,7,5,1,4,3,1,1
SF,IH2006,2020-06-17 09:56:18.700,2867.2000,19740,0,4052508420.000,0,-,-,-,-,2867.0000,2866.8000,2866.6000,2866.4000,2866.2000,2867.4000,2867.6000,2867.8000,2868.0000,2868.2000,15,7,11,7,5,1,4,3,1,1
SF,IH2006,2020-06-17 09:56:19.200,2867.2000,19740,0,4052508420.000,0,-,-,-,-,2867.0000,2866.8000,2866.6000,2866.4000,2866.2000,2867.4000,2867.6000,2867.8000,2868.0000,2868.2000,14,7,11,7,5,1,4,3,1,1
SF,IH2006,2020-06-17 09:56:19.700,2867.2000,19740,0,4052508420.000,0,-,-,-,-,2867.0000,2866.8000,2866.6000,2866.4000,2866.2000,2867.4000,2867.6000,2867.8000,2868.0000,2868.2000,14,7,11,7,5,1,4,3,1,1
SF,IH2006,2020-06-17 09:56:20.700,2867.0000,19740,0,4053368520.000,1,0,1,空换,B,2867.0000,2866.8000,2866.6000,2866.4000,2866.2000,2867.4000,2867.6000,2867.8000,2868.0000,2868.2000,13,7,11,7,5,2,4,3,1,1
SF,IH2006,2020-06-17 09:56:21.200,2867.0000,19740,0,4059389220.000,7,3,4,空换,B,2867.0000,2866.8000,2866.6000,2866.4000,2866.2000,2867.2000,2867.4000,2867.6000,2867.8000,2868.0000,6,7,10,7,5,2,4,3,3,1
SF,IH2006,2020-06-17 09:56:21.700,2866.6000,19734,-6,4071430080.000,14,4,10,空平,B,2866.6000,2866.4000,2866.2000,2866.0000,2865.8000,2867.2000,2867.4000,2867.6000,2867.8000,2868.0000,9,6,5,11,3,2,4,3,2,1
SF,IH2006,2020-06-17 09:56:22.200,2866.6000,19734,0,4071430080.000,0,-,-,-,-,2866.6000,2866.4000,2866.2000,2866.0000,2865.8000,2866.8000,2867.0000,2867.2000,2867.4000,2867.6000,9,6,5,11,3,2,1,2,4,3
SF,IH2006,2020-06-17 09:56:22.700,2866.6000,19732,-2,4073150040.000,2,0,2,双平,B,2866.6000,2866.4000,2866.2000,2866.0000,2865.8000,2866.8000,2867.0000,2867.2000,2867.4000,2867.6000,7,6,5,11,3,1,1,3,4,3
SF,IH2006,2020-06-17 09:56:23.200,2866.6000,19730,-2,4074870000.000,2,0,2,双平,B,2866.6000,2866.4000,2866.2000,2866.0000,2865.8000,2866.8000,2867.0000,2867.2000,2867.4000,2867.6000,5,6,5,11,3,1,1,3,4,3
SF,IH2006,2020-06-17 09:56:24.200,2866.8000,19729,-1,4075730040.000,1,0,1,双平,B,2866.6000,2866.4000,2866.2000,2866.0000,2865.8000,2867.0000,2867.2000,2867.4000,2867.6000,2867.8000,5,6,5,11,3,1,3,4,3,2
SF,IH2006,2020-06-17 09:56:24.700,2866.8000,19729,0,4075730040.000,0,-,-,-,-,2866.6000,2866.4000,2866.2000,2866.0000,2865.8000,2867.0000,2867.2000,2867.4000,2867.6000,2867.8000,5,6,5,12,3,2,3,4,3,2
SF,IH2006,2020-06-17 09:56:25.700,2866.8000,19729,0,4075730040.000,0,-,-,-,-,2866.6000,2866.4000,2866.2000,2866.0000,2865.8000,2867.0000,2867.2000,2867.4000,2867.6000,2867.8000,5,6,5,12,3,2,3,4,3,1
SF,IH2006,2020-06-17 09:56:26.700,2867.0000,19728,-1,4076590140.000,1,0,1,双平,B,2866.6000,2866.4000,2866.2000,2866.0000,2865.8000,2867.0000,2867.2000,2867.4000,2867.6000,2867.8000,5,6,5,12,3,1,3,4,3,1
SF,IH2006,2020-06-17 09:56:27.200,2866.6000,19728,0,4077450120.000,1,0,1,空换,B,2866.6000,2866.4000,2866.2000,2866.0000,2865.8000,2867.0000,2867.2000,2867.4000,2867.6000,2867.8000,4,6,5,12,3,1,3,4,3,1
SF,IH2006,2020-06-17 09:56:27.700,2866.6000,19728,0,4077450120.000,0,-,-,-,-,2866.8000,2866.6000,2866.4000,2866.2000,2866.0000,2867.0000,2867.2000,2867.4000,2867.6000,2867.8000,1,4,6,5,12,1,3,4,3,1
SF,IH2006,2020-06-17 09:56:28.700,2867.0000,19728,0,4078310220.000,1,0,1,空换,B,2866.8000,2866.6000,2866.4000,2866.2000,2866.0000,2867.2000,2867.4000,2867.6000,2867.8000,2868.0000,1,4,6,5,12,3,4,3,1,1
SF,IH2006,2020-06-17 09:56:29.200,2867.0000,19728,0,4078310220.000,0,-,-,-,-,2866.8000,2866.6000,2866.4000,2866.2000,2866.0000,2867.0000,2867.2000,2867.4000,2867.6000,2867.8000,1,4,6,5,12,1,4,4,3,1
SF,IH2006,2020-06-17 09:56:29.700,2867.0000,19728,0,4078310220.000,0,-,-,-,-,2866.8000,2866.6000,2866.4000,2866.2000,2866.0000,2867.0000,2867.2000,2867.4000,2867.6000,2867.8000,1,4,6,5,12,2,4,4,3,1
SF,IH2006,2020-06-17 09:56:30.200,2866.8000,19727,-1,4079170260.000,1,0,1,双平,B,2866.6000,2866.4000,2866.2000,2866.0000,2865.8000,2867.0000,2867.2000,2867.4000,2867.6000,2867.8000,4,6,5,12,3,2,4,4,3,1
SF,IH2006,2020-06-17 09:56:30.700,2866.8000,19727,0,4079170260.000,0,-,-,-,-,2866.6000,2866.4000,2866.2000,2866.0000,2865.8000,2867.0000,2867.2000,2867.4000,2867.6000,2867.8000,4,6,5,12,3,2,3,2,3,1
SF,IH2006,2020-06-17 09:56:31.200,2866.8000,19727,0,4079170260.000,0,-,-,-,-,2866.6000,2866.4000,2866.2000,2866.0000,2865.8000,2867.0000,2867.2000,2867.4000,2867.6000,2867.8000,4,6,5,12,3,2,3,2,3,2
SF,IH2006,2020-06-17 09:56:31.700,2866.8000,19727,0,4079170260.000,0,-,-,-,-,2866.6000,2866.4000,2866.2000,2866.0000,2865.8000,2867.0000,2867.2000,2867.4000,2867.6000,2867.8000,4,6,5,12,3,2,3,1,3,2
SF,IH2006,2020-06-17 09:56:32.200,2866.8000,19726,-1,4080030300.000,1,0,1,双平,B,2866.6000,2866.4000,2866.2000,2866.0000,2865.8000,2867.0000,2867.2000,2867.4000,2867.6000,2867.8000,4,6,4,12,3,2,3,1,3,2
SF,IH2006,2020-06-17 09:56:32.700,2866.8000,19726,0,4080030300.000,0,-,-,-,-,2866.6000,2866.4000,2866.2000,2866.0000,2865.8000,2867.0000,2867.2000,2867.4000,2867.6000,2867.8000,4,6,4,11,3,2,3,1,3,2
SF,IH2006,2020-06-17 09:56:33.200,2866.8000,19726,0,4080030300.000,0,-,-,-,-,2866.6000,2866.4000,2866.2000,2866.0000,2865.8000,2866.8000,2867.0000,2867.2000,2867.4000,2867.6000,5,6,4,11,3,1,3,3,1,2
SF,IH2006,2020-06-17 09:56:33.700,2866.8000,19727,1,4080890340.000,1,1,0,双开,B,2866.6000,2866.4000,2866.2000,2866.0000,2865.8000,2866.8000,2867.0000,2867.2000,2867.4000,2867.6000,5,6,4,11,3,1,3,3,1,2
SF,IH2006,2020-06-17 09:56:34.200,2866.8000,19725,-2,4082610360.000,2,0,2,双平,B,2866.6000,2866.4000,2866.2000,2866.0000,2865.8000,2867.0000,2867.2000,2867.4000,2867.6000,2867.8000,4,6,4,11,2,2,3,1,2,2
SF,IH2006,2020-06-17 09:56:35.200,2866.8000,19725,0,4082610360.000,0,-,-,-,-,2866.8000,2866.6000,2866.4000,2866.2000,2866.0000,2867.0000,2867.2000,2867.4000,2867.6000,2867.8000,1,5,6,4,11,2,3,1,2,2
SF,IH2006,2020-06-17 09:56:35.700,2867.0000,19726,1,4084330560.000,2,1,1,多开,B,2866.8000,2866.6000,2866.4000,2866.2000,2866.0000,2867.2000,2867.4000,2867.6000,2867.8000,2868.2000,1,5,6,4,11,3,1,2,2,1
SF,IH2006,2020-06-17 09:56:36.200,2867.0000,19726,0,4084330560.000,0,-,-,-,-,2866.8000,2866.6000,2866.4000,2866.2000,2866.0000,2867.2000,2867.4000,2867.6000,2867.8000,2868.2000,1,5,6,4,11,2,1,2,2,1
SF,IH2006,2020-06-17 09:56:36.700,2866.8000,19726,0,4085190600.000,1,0,1,空换,B,2866.8000,2866.6000,2866.4000,2866.2000,2866.0000,2867.2000,2867.4000,2867.6000,2867.8000,2868.2000,1,5,6,4,11,2,1,2,2,1
SF,IH2006,2020-06-17 09:56:37.200,2866.8000,19726,0,4085190600.000,0,-,-,-,-,2867.0000,2866.6000,2866.4000,2866.2000,2866.0000,2867.2000,2867.4000,2867.6000,2867.8000,2868.2000,1,5,6,4,11,2,1,2,2,1
SF,IH2006,2020-06-17 09:56:37.700,2866.8000,19726,0,4085190600.000,0,-,-,-,-,2867.0000,2866.6000,2866.4000,2866.2000,2866.0000,2867.2000,2867.4000,2867.6000,2867.8000,2868.2000,1,5,6,4,11,3,1,2,2,1
SF,IH2006,2020-06-17 09:56:38.700,2867.2000,19724,-2,4088631120.000,4,1,3,空平,B,2866.6000,2866.4000,2866.2000,2866.0000,2865.8000,2867.2000,2867.4000,2867.6000,2867.8000,2868.2000,4,6,4,11,2,1,1,2,2,1
SF,IH2006,2020-06-17 09:56:39.200,2867.2000,19724,0,4088631120.000,0,-,-,-,-,2866.8000,2866.6000,2866.4000,2866.2000,2866.0000,2867.2000,2867.4000,2867.6000,2867.8000,2868.2000,3,5,6,4,11,1,1,2,2,1
SF,IH2006,2020-06-17 09:56:39.700,2867.2000,19723,-1,4090351440.000,2,0,2,空平,B,2866.8000,2866.6000,2866.4000,2866.2000,2866.0000,2867.4000,2867.6000,2867.8000,2868.2000,2868.4000,4,5,6,4,11,1,2,2,1,2
SF,IH2006,2020-06-17 09:56:40.200,2867.2000,19723,0,4090351440.000,0,-,-,-,-,2866.8000,2866.6000,2866.4000,2866.2000,2866.0000,2867.2000,2867.4000,2867.6000,2867.8000,2868.2000,3,5,6,4,11,1,1,2,2,1
SF,IH2006,2020-06-17 09:56:40.700,2867.2000,19723,0,4091211600.000,1,0,1,空换,B,2867.2000,2866.8000,2866.6000,2866.4000,2866.2000,2867.6000,2867.8000,2868.2000,2868.4000,2868.6000,5,4,5,6,4,2,2,1,2,1
SF,IH2006,2020-06-17 09:56:41.200,2867.2000,19722,-1,4092071760.000,1,0,1,双平,B,2867.0000,2866.8000,2866.6000,2866.4000,2866.2000,2867.4000,2867.6000,2867.8000,2868.2000,2868.4000,1,3,5,6,4,1,3,2,1,2
SF,IH2006,2020-06-17 09:56:44.700,2867.2000,19722,0,4092071760.000,0,-,-,-,-,2867.0000,2866.8000,2866.6000,2866.4000,2866.2000,2867.4000,2867.6000,2867.8000,2868.2000,2868.4000,1,3,5,6,4,2,3,2,1,2
SF,IH2006,2020-06-17 09:56:45.200,2867.0000,19722,0,4092931860.000,1,0,1,空换,B,2866.8000,2866.6000,2866.4000,2866.2000,2866.0000,2867.0000,2867.4000,2867.6000,2867.8000,2868.2000,3,5,6,4,11,1,3,3,2,1
SF,IH2006,2020-06-17 09:56:45.700,2867.0000,19722,0,4092931860.000,0,-,-,-,-,2866.8000,2866.6000,2866.4000,2866.2000,2866.0000,2867.4000,2867.6000,2867.8000,2868.2000,2868.4000,2,5,6,4,11,3,3,2,1,2
SF,IH2006,2020-06-17 09:56:46.200,2866.8000,19721,-1,4093791900.000,1,0,1,双平,B,2866.8000,2866.6000,2866.4000,2866.2000,2866.0000,2867.0000,2867.4000,2867.6000,2867.8000,2868.2000,2,5,6,4,11,1,3,3,2,1
SF,IH2006,2020-06-17 09:56:46.700,2866.8000,19721,0,4093791900.000,0,-,-,-,-,2866.6000,2866.4000,2866.2000,2866.0000,2865.8000,2867.2000,2867.4000,2867.6000,2867.8000,2868.2000,4,6,4,11,2,1,3,3,2,1
SF,IH2006,2020-06-17 09:56:47.200,2866.8000,19721,0,4093791900.000,0,-,-,-,-,2866.6000,2866.4000,2866.2000,2866.0000,2865.8000,2866.8000,2867.2000,2867.4000,2867.6000,2867.8000,4,6,4,11,2,1,2,3,3,2
SF,IH2006,2020-06-17 09:56:47.700,2866.6000,19720,-1,4094651880.000,1,0,1,双平,B,2866.6000,2866.4000,2866.2000,2866.0000,2865.8000,2867.2000,2867.4000,2867.6000,2867.8000,2868.2000,3,6,4,11,2,2,3,3,2,1
SF,IH2006,2020-06-17 09:56:48.200,2866.6000,19717,-3,4097231820.000,3,0,3,双平,B,2866.4000,2866.2000,2866.0000,2865.8000,2865.6000,2867.0000,2867.2000,2867.4000,2867.6000,2867.8000,6,4,11,2,12,4,2,2,2,2
SF,IH2006,2020-06-17 09:56:48.700,2866.6000,19717,0,4097231820.000,0,-,-,-,-,2866.4000,2866.2000,2866.0000,2865.8000,2865.6000,2867.0000,2867.2000,2867.4000,2867.6000,2867.8000,6,4,11,2,12,4,2,2,2,2
SF,IH2006,2020-06-17 09:56:50.200,2866.8000,19716,-1,4098091860.000,1,0,1,双平,B,2866.4000,2866.2000,2866.0000,2865.8000,2865.6000,2867.0000,2867.2000,2867.4000,2867.6000,2867.8000,6,4,11,2,12,4,2,2,2,2
SF,IH2006,2020-06-17 09:56:50.700,2866.8000,19716,0,4098091860.000,0,-,-,-,-,2866.4000,2866.2000,2866.0000,2865.8000,2865.6000,2866.8000,2867.0000,2867.2000,2867.4000,2867.6000,6,4,11,2,12,1,4,1,2,2
SF,IH2006,2020-06-17 09:56:51.200,2866.4000,19710,-6,4103251380.000,6,0,6,双平,B,2866.2000,2866.0000,2865.8000,2865.6000,2865.4000,2866.4000,2866.8000,2867.0000,2867.2000,2867.4000,4,11,2,12,3,1,1,4,1,2
SF,IH2006,2020-06-17 09:56:51.700,2866.0000,19703,-7,4109270220.000,7,0,7,双平,B,2866.0000,2865.8000,2865.6000,2865.4000,2865.2000,2866.8000,2867.0000,2867.2000,2867.4000,2867.6000,8,2,12,3,1,1,4,1,2,2
SF,IH2006,2020-06-17 09:56:52.200,2866.0000,19703,0,4109270220.000,0,-,-,-,-,2866.0000,2865.8000,2865.6000,2865.4000,2865.2000,2866.4000,2866.6000,2866.8000,2867.2000,2867.4000,8,2,12,3,1,1,5,3,1,2
SF,IH2006,2020-06-17 09:56:52.700,2866.0000,19702,-1,4110130020.000,1,0,1,双平,B,2866.0000,2865.8000,2865.6000,2865.4000,2865.2000,2866.4000,2866.6000,2866.8000,2867.2000,2867.4000,7,2,12,3,1,1,5,3,1,2
SF,IH2006,2020-06-17 09:56:54.200,2866.0000,19702,0,4110130020.000,0,-,-,-,-,2866.0000,2865.8000,2865.6000,2865.4000,2865.2000,2866.4000,2866.6000,2866.8000,2867.2000,2867.4000,7,2,12,3,1,15,5,3,1,2
SF,IH2006,2020-06-17 09:56:55.200,2866.0000,19702,0,4110130020.000,0,-,-,-,-,2866.0000,2865.8000,2865.6000,2865.4000,2865.2000,2866.4000,2866.6000,2866.8000,2867.2000,2867.4000,8,2,12,3,1,15,5,3,1,2
SF,IH2006,2020-06-17 09:56:55.700,2866.0000,19702,0,4110989820.000,1,0,1,空换,B,2866.0000,2865.8000,2865.6000,2865.4000,2865.2000,2866.4000,2866.6000,2866.8000,2867.2000,2867.4000,7,2,12,3,1,15,5,3,1,2
SF,IH2006,2020-06-17 09:56:56.200,2866.0000,19702,0,4110989820.000,0,-,-,-,-,2866.2000,2866.0000,2865.8000,2865.6000,2865.4000,2866.4000,2866.6000,2866.8000,2867.2000,2867.4000,1,7,2,12,3,15,5,3,1,2
SF,IH2006,2020-06-17 09:56:56.700,2866.4000,19702,0,4116149220.000,6,3,3,空换,B,2866.0000,2865.8000,2865.6000,2865.4000,2865.2000,2866.4000,2866.6000,2866.8000,2867.2000,2867.4000,7,2,12,2,1,10,5,1,1,2
SF,IH2006,2020-06-17 09:56:57.200,2866.4000,19702,0,4116149220.000,0,-,-,-,-,2866.0000,2865.8000,2865.6000,2865.4000,2865.2000,2866.4000,2866.6000,2866.8000,2867.2000,2867.4000,7,2,12,2,1,10,3,1,1,2
SF,IH2006,2020-06-17 09:56:57.700,2866.4000,19702,0,4116149220.000,0,-,-,-,-,2866.2000,2866.0000,2865.8000,2865.6000,2865.4000,2866.4000,2866.6000,2866.8000,2867.2000,2867.4000,1,8,2,12,2,10,3,1,1,2
SF,IH2006,2020-06-17 09:56:58.200,2866.4000,19702,0,4116149220.000,0,-,-,-,-,2866.2000,2866.0000,2865.8000,2865.6000,2865.4000,2866.4000,2866.6000,2866.8000,2867.2000,2867.4000,1,8,2,12,2,10,2,1,1,2
SF,IH2006,2020-06-17 09:56:58.700,2866.2000,19702,0,4117009080.000,1,0,1,空换,B,2866.0000,2865.8000,2865.6000,2865.4000,2865.2000,2866.4000,2866.6000,2866.8000,2867.2000,2867.4000,8,2,12,2,2,11,2,1,1,2
SF,IH2006,2020-06-17 09:56:59.200,2866.2000,19702,0,4117009080.000,0,-,-,-,-,2866.0000,2865.8000,2865.6000,2865.4000,2865.2000,2866.4000,2866.6000,2866.8000,2867.2000,2867.4000,8,2,12,2,1,11,2,1,1,2
SF,IH2006,2020-06-17 09:56:59.700,2866.0000,19701,-1,4117868880.000,1,0,1,双平,B,2866.2000,2866.0000,2865.8000,2865.6000,2865.4000,2866.4000,2866.6000,2866.8000,2867.2000,2867.4000,1,7,2,12,2,11,2,1,1,2
SF,IH2006,2020-06-17 09:57:00.200,2866.2000,19700,-1,4118728740.000,1,0,1,双平,B,2866.0000,2865.8000,2865.6000,2865.4000,2865.2000,2866.2000,2866.4000,2866.6000,2866.8000,2867.2000,6,2,12,2,1,2,11,2,1,1
SF,IH2006,2020-06-17 09:57:00.700,2866.2000,19700,0,4118728740.000,0,-,-,-,-,2866.0000,2865.8000,2865.6000,2865.4000,2865.2000,2866.4000,2866.6000,2866.8000,2867.4000,2867.6000,6,2,12,2,1,11,2,1,2,2
SF,IH2006,2020-06-17 09:57:01.700,2866.2000,19700,0,4118728740.000,0,-,-,-,-,2866.0000,2865.8000,2865.6000,2865.4000,2865.2000,2866.4000,2866.6000,2866.8000,2867.4000,2867.6000,7,2,12,2,1,11,2,1,2,2
SF,IH2006,2020-06-17 09:57:02.200,2866.2000,19700,0,4118728740.000,0,-,-,-,-,2866.0000,2865.8000,2865.6000,2865.4000,2865.2000,2866.4000,2866.6000,2866.8000,2867.4000,2867.6000,8,2,12,2,1,11,2,1,2,2
SF,IH2006,2020-06-17 09:57:02.700,2866.2000,19700,0,4118728740.000,0,-,-,-,-,2866.0000,2865.8000,2865.6000,2865.4000,2865.2000,2866.4000,2866.6000,2866.8000,2867.4000,2867.6000,7,2,12,2,1,11,2,1,2,2
SF,IH2006,2020-06-17 09:57:03.200,2866.0000,19700,0,4119588540.000,1,0,1,空换,B,2866.0000,2865.8000,2865.6000,2865.4000,2865.2000,2866.4000,2866.6000,2866.8000,2867.4000,2867.6000,7,2,12,2,1,11,1,1,2,2
SF,IH2006,2020-06-17 09:57:03.700,2866.0000,19700,0,4119588540.000,0,-,-,-,-,2866.0000,2865.8000,2865.6000,2865.4000,2865.2000,2866.4000,2866.6000,2866.8000,2867.4000,2867.6000,6,2,12,2,1,11,1,1,2,2
SF,IH2006,2020-06-17 09:57:04.200,2866.0000,19700,0,4119588540.000,0,-,-,-,-,2866.0000,2865.8000,2865.6000,2865.4000,2865.2000,2866.4000,2866.6000,2866.8000,2867.4000,2867.6000,6,2,12,2,2,11,1,1,2,2
SF,IH2006,2020-06-17 09:57:04.700,2866.0000,19700,0,4119588540.000,0,-,-,-,-,2866.0000,2865.8000,2865.6000,2865.4000,2865.2000,2866.4000,2866.6000,2867.4000,2867.6000,2867.8000,6,2,12,2,2,12,1,2,2,2
SF,IH2006,2020-06-17 09:57:08.200,2866.0000,19700,0,4119588540.000,0,-,-,-,-,2866.0000,2865.8000,2865.6000,2865.4000,2865.2000,2866.4000,2866.6000,2867.4000,2867.6000,2867.8000,10,2,12,2,2,12,1,2,2,2
SF,IH2006,2020-06-17 09:57:08.700,2866.0000,19700,0,4119588540.000,0,-,-,-,-,2866.0000,2865.8000,2865.6000,2865.4000,2865.2000,2866.4000,2866.6000,2867.4000,2867.6000,2867.8000,10,2,12,2,2,11,1,2,2,2
SF,IH2006,2020-06-17 09:57:09.200,2866.0000,19700,0,4119588540.000,0,-,-,-,-,2866.0000,2865.8000,2865.6000,2865.4000,2865.2000,2866.4000,2866.6000,2867.4000,2867.6000,2867.8000,11,2,12,2,1,11,1,2,2,2
SF,IH2006,2020-06-17 09:57:10.200,2866.0000,19700,0,4119588540.000,0,-,-,-,-,2866.0000,2865.8000,2865.6000,2865.4000,2865.2000,2866.4000,2866.6000,2867.4000,2867.6000,2867.8000,11,2,12,2,1,11,1,2,2,2
SF,IH2006,2020-06-17 09:57:11.700,2866.0000,19695,-5,4125607140.000,7,1,6,空平,B,2866.0000,2865.8000,2865.6000,2865.4000,2865.2000,2866.4000,2866.6000,2867.4000,2867.6000,2867.8000,5,2,12,2,1,11,1,2,2,2
SF,IH2006,2020-06-17 09:57:12.200,2866.0000,19695,0,4125607140.000,0,-,-,-,-,2866.0000,2865.8000,2865.6000,2865.4000,2865.2000,2866.4000,2866.6000,2867.4000,2867.6000,2867.8000,4,2,12,3,1,11,1,2,2,2
SF,IH2006,2020-06-17 09:57:12.700,2866.0000,19695,0,4126466940.000,1,0,1,空换,B,2866.0000,2865.8000,2865.6000,2865.4000,2865.2000,2866.4000,2866.6000,2867.4000,2867.6000,2867.8000,3,2,12,3,1,11,1,2,2,2
SF,IH2006,2020-06-17 09:57:14.200,2866.0000,19695,0,4126466940.000,0,-,-,-,-,2866.0000,2865.8000,2865.6000,2865.4000,2865.2000,2866.4000,2866.6000,2867.4000,2867.6000,2867.8000,3,2,11,3,1,11,1,2,2,2
SF,IH2006,2020-06-17 09:57:14.700,2866.0000,19695,0,4126466940.000,0,-,-,-,-,2866.0000,2865.8000,2865.6000,2865.4000,2865.2000,2866.4000,2866.6000,2867.4000,2867.6000,2867.8000,4,2,11,2,1,12,1,2,2,2
SF,IH2006,2020-06-17 09:57:15.200,2866.0000,19695,0,4126466940.000,0,-,-,-,-,2866.0000,2865.8000,2865.6000,2865.4000,2865.2000,2866.4000,2866.6000,2867.4000,2867.6000,2867.8000,3,2,11,2,1,12,1,2,2,2
SF,IH2006,2020-06-17 09:57:15.700,2866.0000,19695,0,4126466940.000,0,-,-,-,-,2866.0000,2865.8000,2865.6000,2865.4000,2865.2000,2866.4000,2866.6000,2867.4000,2867.6000,2867.8000,5,2,11,2,1,12,1,2,2,2
SF,IH2006,2020-06-17 09:57:16.200,2866.0000,19695,0,4126466940.000,0,-,-,-,-,2866.0000,2865.8000,2865.6000,2865.4000,2865.0000,2866.4000,2866.6000,2867.4000,2867.6000,2867.8000,5,2,11,2,6,12,1,2,2,2
SF,IH2006,2020-06-17 09:57:16.700,2866.4000,19695,0,4128186780.000,2,1,1,空换,B,2866.0000,2865.8000,2865.6000,2865.4000,2865.0000,2866.4000,2866.6000,2867.4000,2867.6000,2867.8000,5,2,11,2,6,10,1,2,2,2
SF,IH2006,2020-06-17 09:57:17.200,2866.4000,19694,-1,4129046700.000,1,0,1,双平,B,2866.0000,2865.8000,2865.6000,2865.4000,2865.0000,2866.4000,2866.6000,2867.4000,2867.6000,2867.8000,5,2,11,2,6,9,1,2,2,2
SF,IH2006,2020-06-17 09:57:17.700,2866.4000,19693,-1,4129906620.000,1,0,1,双平,B,2866.0000,2865.8000,2865.6000,2865.4000,2865.0000,2866.4000,2866.6000,2867.4000,2867.6000,2867.8000,5,2,11,2,6,8,1,2,2,2
SF,IH2006,2020-06-17 09:57:18.200,2866.4000,19691,-2,4131626460.000,2,0,2,双平,B,2866.0000,2865.8000,2865.6000,2865.4000,2865.0000,2866.4000,2866.6000,2867.4000,2867.6000,2867.8000,7,2,11,2,6,7,1,2,2,2
SF,IH2006,2020-06-17 09:57:18.700,2866.4000,19687,-4,4137645900.000,7,1,6,空平,B,2866.2000,2866.0000,2865.8000,2865.6000,2865.4000,2866.6000,2867.4000,2867.6000,2867.8000,2868.2000,1,7,3,11,2,1,2,2,2,1
SF,IH2006,2020-06-17 09:57:19.200,2866.4000,19687,0,4137645900.000,0,-,-,-,-,2866.2000,2866.0000,2865.8000,2865.6000,2865.4000,2866.6000,2867.4000,2867.6000,2867.8000,2868.2000,3,6,3,11,2,1,2,2,2,1
SF,IH2006,2020-06-17 09:57:19.700,2866.4000,19687,0,4137645900.000,0,-,-,-,-,2866.6000,2866.2000,2866.0000,2865.8000,2865.6000,2867.4000,2867.6000,2867.8000,2868.2000,2868.4000,2,3,6,3,11,2,2,2,1,2
SF,IH2006,2020-06-17 09:57:20.200,2866.4000,19687,0,4137645900.000,0,-,-,-,-,2866.8000,2866.6000,2866.0000,2865.8000,2865.6000,2867.2000,2867.4000,2867.6000,2867.8000,2868.2000,1,4,6,3,11,5,3,2,2,2
SF,IH2006,2020-06-17 09:57:20.700,2866.4000,19687,0,4137645900.000,0,-,-,-,-,2866.8000,2866.6000,2866.0000,2865.8000,2865.6000,2867.2000,2867.4000,2867.6000,2867.8000,2868.2000,1,3,7,3,11,2,3,2,2,2
SF,IH2006,2020-06-17 09:57:21.200,2866.8000,19687,0,4138505940.000,1,0,1,空换,B,2866.6000,2866.0000,2865.8000,2865.6000,2865.4000,2867.2000,2867.4000,2867.6000,2867.8000,2868.2000,2,6,3,11,2,2,3,2,2,1
SF,IH2006,2020-06-17 09:57:21.700,2866.8000,19687,0,4138505940.000,0,-,-,-,-,2866.6000,2866.0000,2865.8000,2865.6000,2865.4000,2867.2000,2867.4000,2867.6000,2867.8000,2868.2000,2,6,3,12,2,2,3,2,2,1
SF,IH2006,2020-06-17 09:57:22.200,2866.8000,19687,0,4138505940.000,0,-,-,-,-,2866.6000,2866.0000,2865.8000,2865.6000,2865.4000,2867.0000,2867.2000,2867.4000,2867.6000,2867.8000,2,6,3,12,2,1,3,2,2,2
SF,IH2006,2020-06-17 09:57:22.700,2866.8000,19687,0,4138505940.000,0,-,-,-,-,2866.6000,2866.0000,2865.8000,2865.6000,2865.4000,2867.0000,2867.2000,2867.4000,2867.6000,2867.8000,3,6,3,12,2,4,3,2,2,2
SF,IH2006,2020-06-17 09:57:23.200,2867.0000,19687,0,4139366040.000,1,0,1,空换,B,2866.8000,2866.6000,2866.2000,2866.0000,2865.8000,2867.2000,2867.4000,2867.6000,2867.8000,2868.2000,1,3,1,6,3,3,2,2,2,1
SF,IH2006,2020-06-17 09:57:23.700,2867.0000,19687,0,4139366040.000,0,-,-,-,-,2866.8000,2866.6000,2866.2000,2866.0000,2865.8000,2867.2000,2867.4000,2867.6000,2867.8000,2868.2000,1,3,1,6,3,2,2,2,2,1
SF,IH2006,2020-06-17 09:57:24.200,2867.0000,19687,0,4139366040.000,0,-,-,-,-,2866.8000,2866.6000,2866.2000,2866.0000,2865.8000,2867.2000,2867.4000,2867.6000,2867.8000,2868.2000,2,3,1,6,3,1,3,2,2,1
SF,IH2006,2020-06-17 09:57:24.700,2867.2000,19686,-1,4140226200.000,1,0,1,双平,B,2867.2000,2866.8000,2866.6000,2866.2000,2866.0000,2867.4000,2867.6000,2867.8000,2868.2000,2868.4000,1,2,2,1,6,3,2,2,1,2
SF,IH2006,2020-06-17 09:57:25.200,2867.2000,19686,0,4141086360.000,1,0,1,空换,B,2866.8000,2866.6000,2866.2000,2866.0000,2865.8000,2867.2000,2867.4000,2867.6000,2867.8000,2868.2000,2,2,1,6,3,1,3,2,2,1
SF,IH2006,2020-06-17 09:57:26.200,2867.2000,19686,0,4141086360.000,0,-,-,-,-,2866.8000,2866.6000,2866.2000,2866.0000,2865.8000,2867.0000,2867.2000,2867.4000,2867.6000,2867.8000,2,3,1,6,3,3,1,3,2,2
SF,IH2006,2020-06-17 09:57:26.700,2867.2000,19686,0,4141086360.000,0,-,-,-,-,2866.8000,2866.6000,2866.4000,2866.2000,2866.0000,2867.2000,2867.4000,2867.6000,2867.8000,2868.2000,1,4,1,1,6,1,3,2,2,1
SF,IH2006,2020-06-17 09:57:27.200,2867.2000,19686,0,4141086360.000,0,-,-,-,-,2866.8000,2866.6000,2866.4000,2866.2000,2866.0000,2867.2000,2867.4000,2867.6000,2867.8000,2868.0000,1,4,1,1,6,1,3,2,2,1
SF,IH2006,2020-06-17 09:57:27.700,2867.2000,19686,0,4141086360.000,0,-,-,-,-,2866.8000,2866.6000,2866.4000,2866.2000,2866.0000,2867.2000,2867.4000,2867.6000,2867.8000,2868.0000,1,2,1,1,6,1,4,2,2,1
SF,IH2006,2020-06-17 09:57:28.200,2867.2000,19686,0,4141086360.000,0,-,-,-,-,2866.8000,2866.6000,2866.4000,2866.2000,2866.0000,2867.2000,2867.4000,2867.6000,2867.8000,2868.0000,2,2,1,1,6,1,4,2,2,1
SF,IH2006,2020-06-17 09:57:28.700,2867.2000,19686,0,4141086360.000,0,-,-,-,-,2866.8000,2866.6000,2866.4000,2866.2000,2866.0000,2867.2000,2867.4000,2867.6000,2867.8000,2868.0000,2,2,1,1,6,2,4,2,2,1
SF,IH2006,2020-06-17 09:57:29.200,2867.2000,19686,0,4141086360.000,0,-,-,-,-,2866.8000,2866.6000,2866.4000,2866.2000,2866.0000,2867.2000,2867.4000,2867.6000,2867.8000,2868.0000,2,2,1,1,6,1,4,2,2,1
SF,IH2006,2020-06-17 09:57:29.700,2867.2000,19686,0,4141086360.000,0,-,-,-,-,2866.8000,2866.6000,2866.4000,2866.2000,2866.0000,2867.2000,2867.4000,2867.6000,2867.8000,2868.0000,2,2,1,2,6,2,4,2,2,1
SF,IH2006,2020-06-17 09:57:30.200,2867.2000,19686,0,4141086360.000,0,-,-,-,-,2866.8000,2866.6000,2866.4000,2866.2000,2866.0000,2867.2000,2867.4000,2867.6000,2867.8000,2868.0000,2,2,1,2,7,2,4,2,2,1
SF,IH2006,2020-06-17 09:57:30.700,2867.2000,19686,0,4141086360.000,0,-,-,-,-,2866.8000,2866.6000,2866.4000,2866.2000,2866.0000,2867.2000,2867.4000,2867.6000,2867.8000,2868.0000,3,2,1,2,7,2,4,2,2,1
SF,IH2006,2020-06-17 09:57:31.200,2866.8000,19686,0,4141946400.000,1,0,1,空换,B,2866.8000,2866.6000,2866.4000,2866.2000,2866.0000,2867.2000,2867.4000,2867.6000,2867.8000,2868.0000,2,2,1,2,7,2,4,2,2,1
SF,IH2006,2020-06-17 09:57:31.700,2866.8000,19686,0,4141946400.000,0,-,-,-,-,2867.0000,2866.8000,2866.6000,2866.4000,2866.2000,2867.2000,2867.4000,2867.6000,2867.8000,2868.0000,1,2,2,1,2,2,4,2,2,1
SF,IH2006,2020-06-17 09:57:32.200,2866.8000,19686,0,4141946400.000,0,-,-,-,-,2867.0000,2866.8000,2866.6000,2866.4000,2866.2000,2867.2000,2867.4000,2867.6000,2867.8000,2868.0000,2,2,2,1,2,2,4,2,2,1
SF,IH2006,2020-06-17 09:57:32.700,2866.8000,19686,0,4141946400.000,0,-,-,-,-,2867.0000,2866.8000,2866.6000,2866.4000,2866.2000,2867.2000,2867.4000,2867.6000,2867.8000,2868.0000,1,2,2,1,3,2,4,2,2,1
SF,IH2006,2020-06-17 09:57:33.700,2866.8000,19686,0,4141946400.000,0,-,-,-,-,2867.0000,2866.8000,2866.6000,2866.4000,2866.2000,2867.2000,2867.4000,2867.6000,2867.8000,2868.0000,1,2,2,1,3,2,4,2,2,1
SF,IH2006,2020-06-17 09:57:34.700,2867.0000,19685,-1,4142806500.000,1,0,1,双平,B,2866.8000,2866.6000,2866.4000,2866.2000,2866.0000,2867.2000,2867.4000,2867.6000,2867.8000,2868.0000,3,2,1,3,7,2,4,2,2,1
SF,IH2006,2020-06-17 09:57:35.200,2867.0000,19685,0,4142806500.000,0,-,-,-,-,2866.8000,2866.6000,2866.4000,2866.2000,2866.0000,2867.0000,2867.2000,2867.4000,2867.6000,2867.8000,2,2,1,3,7,1,6,4,2,2
SF,IH2006,2020-06-17 09:57:36.200,2867.0000,19685,0,4142806500.000,0,-,-,-,-,2866.8000,2866.6000,2866.4000,2866.2000,2866.0000,2867.0000,2867.2000,2867.4000,2867.6000,2867.8000,2,2,1,3,6,1,6,4,2,2
SF,IH2006,2020-06-17 09:57:36.700,2867.0000,19685,0,4142806500.000,0,-,-,-,-,2866.8000,2866.6000,2866.4000,2866.2000,2866.0000,2867.0000,2867.2000,2867.4000,2867.6000,2867.8000,2,2,1,3,6,1,4,4,2,2
SF,IH2006,2020-06-17 09:57:37.200,2867.0000,19685,0,4142806500.000,0,-,-,-,-,2866.8000,2866.6000,2866.4000,2866.2000,2866.0000,2867.2000,2867.4000,2867.6000,2867.8000,2868.0000,2,2,1,3,6,4,4,2,2,1
SF,IH2006,2020-06-17 09:57:37.700,2867.0000,19685,0,4142806500.000,0,-,-,-,-,2866.8000,2866.6000,2866.4000,2866.2000,2866.0000,2867.2000,2867.4000,2867.6000,2867.8000,2868.0000,2,2,1,4,6,4,4,2,2,1
SF,IH2006,2020-06-17 09:57:38.200,2867.0000,19685,0,4142806500.000,0,-,-,-,-,2866.8000,2866.6000,2866.4000,2866.2000,2866.0000,2867.2000,2867.4000,2867.6000,2867.8000,2868.0000,2,2,1,4,6,4,4,2,1,1
SF,IH2006,2020-06-17 09:57:41.200,2867.0000,19685,0,4142806500.000,0,-,-,-,-,2866.8000,2866.6000,2866.4000,2866.2000,2866.0000,2867.2000,2867.4000,2867.6000,2867.8000,2868.0000,2,2,1,4,6,4,3,2,1,1
SF,IH2006,2020-06-17 09:57:41.700,2867.0000,19685,0,4142806500.000,0,-,-,-,-,2866.8000,2866.6000,2866.4000,2866.2000,2866.0000,2867.0000,2867.2000,2867.4000,2867.6000,2867.8000,2,2,1,4,6,1,4,3,2,1
SF,IH2006,2020-06-17 09:57:42.700,2867.0000,19685,0,4142806500.000,0,-,-,-,-,2866.8000,2866.6000,2866.4000,2866.2000,2866.0000,2867.0000,2867.2000,2867.4000,2867.6000,2867.8000,2,2,1,4,3,1,4,3,2,1
SF,IH2006,2020-06-17 09:57:43.200,2867.0000,19685,0,4142806500.000,0,-,-,-,-,2867.0000,2866.8000,2866.6000,2866.4000,2866.2000,2867.2000,2867.4000,2867.6000,2867.8000,2868.0000,1,2,2,1,4,4,3,2,1,1
SF,IH2006,2020-06-17 09:57:43.700,2867.2000,19683,-2,4144526820.000,2,0,2,双平,B,2866.8000,2866.6000,2866.4000,2866.2000,2866.0000,2867.2000,2867.4000,2867.6000,2867.8000,2868.0000,2,2,1,4,3,2,3,2,1,1
SF,IH2006,2020-06-17 09:57:44.200,2867.2000,19683,0,4144526820.000,0,-,-,-,-,2866.8000,2866.6000,2866.4000,2866.2000,2866.0000,2867.2000,2867.4000,2867.6000,2867.8000,2868.0000,3,2,1,4,3,1,3,2,1,1
SF,IH2006,2020-06-17 09:57:44.700,2867.2000,19682,-1,4145386980.000,1,0,1,双平,B,2866.8000,2866.6000,2866.4000,2866.2000,2866.0000,2867.2000,2867.4000,2867.6000,2867.8000,2868.0000,2,2,1,4,3,1,3,2,1,1
SF,IH2006,2020-06-17 09:57:46.200,2867.2000,19682,0,4145386980.000,0,-,-,-,-,2867.0000,2866.8000,2866.6000,2866.4000,2866.2000,2867.2000,2867.4000,2867.6000,2867.8000,2868.0000,1,2,2,1,4,1,3,2,1,1
SF,IH2006,2020-06-17 09:57:47.200,2867.2000,19682,0,4145386980.000,0,-,-,-,-,2867.0000,2866.8000,2866.6000,2866.4000,2866.2000,2867.2000,2867.4000,2867.6000,2867.8000,2868.0000,2,2,2,1,4,1,3,2,1,1
SF,IH2006,2020-06-17 09:57:48.200,2867.0000,19681,-1,4147107180.000,2,0,2,空平,B,2866.8000,2866.6000,2866.4000,2866.2000,2866.0000,2867.0000,2867.2000,2867.4000,2867.6000,2867.8000,2,2,1,4,3,14,1,3,2,1
SF,IH2006,2020-06-17 09:57:48.700,2867.0000,19681,0,4147107180.000,0,-,-,-,-,2866.8000,2866.6000,2866.4000,2866.2000,2866.0000,2867.0000,2867.2000,2867.4000,2867.6000,2867.8000,2,2,1,3,3,14,1,3,2,1
SF,IH2006,2020-06-17 09:57:49.200,2867.0000,19681,0,4147107180.000,0,-,-,-,-,2866.8000,2866.6000,2866.4000,2866.2000,2866.0000,2867.0000,2867.2000,2867.4000,2867.6000,2867.8000,2,2,2,3,3,14,1,3,2,1
SF,IH2006,2020-06-17 09:57:49.700,2867.0000,19681,0,4147967280.000,1,0,1,空换,B,2866.8000,2866.6000,2866.4000,2866.2000,2866.0000,2867.0000,2867.2000,2867.4000,2867.6000,2867.8000,2,2,2,3,3,16,1,3,2,1
SF,IH2006,2020-06-17 09:57:51.200,2867.0000,19681,0,4147967280.000,0,-,-,-,-,2866.8000,2866.6000,2866.4000,2866.2000,2866.0000,2867.0000,2867.2000,2867.4000,2867.6000,2867.8000,2,2,2,3,3,16,1,3,2,1
SF,IH2006,2020-06-17 09:57:52.200,2867.0000,19681,0,4147967280.000,0,-,-,-,-,2866.8000,2866.6000,2866.4000,2866.2000,2866.0000,2867.0000,2867.2000,2867.4000,2867.6000,2867.8000,7,2,2,3,3,16,1,3,2,1
SF,IH2006,2020-06-17 09:57:52.700,2867.0000,19679,-2,4149687420.000,2,0,2,双平,B,2866.8000,2866.6000,2866.4000,2866.2000,2866.0000,2867.0000,2867.2000,2867.4000,2867.6000,2867.8000,6,2,2,3,3,15,1,3,2,1
SF,IH2006,2020-06-17 09:57:53.200,2867.0000,19679,0,4149687420.000,0,-,-,-,-,2866.8000,2866.6000,2866.4000,2866.2000,2866.0000,2867.0000,2867.2000,2867.4000,2867.6000,2867.8000,7,2,2,3,3,16,1,3,2,1
SF,IH2006,2020-06-17 09:57:53.700,2867.0000,19679,0,4149687420.000,0,-,-,-,-,2866.8000,2866.6000,2866.4000,2866.2000,2866.0000,2867.0000,2867.2000,2867.4000,2867.6000,2867.8000,6,2,2,3,3,16,1,3,2,1
SF,IH2006,2020-06-17 09:57:54.200,2866.8000,19677,-2,4151407500.000,2,0,2,双平,B,2866.8000,2866.6000,2866.4000,2866.2000,2866.0000,2867.0000,2867.2000,2867.4000,2867.6000,2867.8000,5,2,2,3,3,17,1,3,2,1
SF,IH2006,2020-06-17 09:57:54.700,2866.8000,19676,-1,4152267540.000,1,0,1,双平,B,2866.8000,2866.6000,2866.4000,2866.2000,2866.0000,2867.0000,2867.2000,2867.4000,2867.6000,2867.8000,4,2,2,3,3,15,1,3,2,1
SF,IH2006,2020-06-17 09:57:55.700,2866.8000,19676,0,4154847660.000,3,1,2,空换,B,2866.8000,2866.6000,2866.4000,2866.2000,2866.0000,2867.0000,2867.2000,2867.4000,2867.6000,2867.8000,1,2,2,3,3,15,1,3,2,1
SF,IH2006,2020-06-17 09:57:57.700,2866.8000,19676,0,4154847660.000,0,-,-,-,-,2866.8000,2866.6000,2866.4000,2866.2000,2866.0000,2867.0000,2867.2000,2867.4000,2867.6000,2867.8000,1,2,2,4,2,15,1,3,2,1
SF,IH2006,2020-06-17 09:57:58.200,2867.0000,19674,-2,4156567860.000,2,0,2,双平,B,2866.8000,2866.6000,2866.4000,2866.2000,2866.0000,2867.0000,2867.2000,2867.4000,2867.6000,2867.8000,2,2,2,4,2,15,1,3,2,1
SF,IH2006,2020-06-17 09:57:59.200,2866.8000,19674,0,4157427900.000,1,0,1,空换,B,2866.8000,2866.6000,2866.4000,2866.2000,2866.0000,2867.0000,2867.2000,2867.4000,2867.6000,2867.8000,2,2,2,4,2,15,1,3,2,1
SF,IH2006,2020-06-17 09:57:59.700,2866.8000,19674,0,4157427900.000,0,-,-,-,-,2866.8000,2866.6000,2866.4000,2866.2000,2866.0000,2867.0000,2867.2000,2867.4000,2867.6000,2867.8000,2,2,2,4,2,16,1,3,2,1
SF,IH2006,2020-06-17 09:58:00.200,2866.8000,19674,0,4157427900.000,0,-,-,-,-,2866.8000,2866.6000,2866.4000,2866.2000,2866.0000,2867.0000,2867.2000,2867.4000,2867.6000,2867.8000,1,2,2,4,2,16,1,3,2,1
SF,IH2006,2020-06-17 09:58:00.700,2866.8000,19672,-2,4160008020.000,3,0,3,空平,B,2866.6000,2866.4000,2866.2000,2866.0000,2865.8000,2867.0000,2867.2000,2867.4000,2867.6000,2867.8000,2,2,4,2,1,16,1,3,2,1
SF,IH2006,2020-06-17 09:58:01.200,2866.6000,19672,0,4160868000.000,1,0,1,空换,B,2866.6000,2866.4000,2866.2000,2866.0000,2865.8000,2867.0000,2867.2000,2867.4000,2867.6000,2867.8000,1,2,4,2,1,16,1,3,2,1
SF,IH2006,2020-06-17 09:58:01.700,2866.6000,19672,0,4161727980.000,1,0,1,空换,B,2866.8000,2866.6000,2866.4000,2866.2000,2866.0000,2867.0000,2867.2000,2867.4000,2867.6000,2867.8000,1,1,2,4,2,17,1,3,2,1
SF,IH2006,2020-06-17 09:58:02.200,2866.8000,19672,0,4163448060.000,2,1,1,空换,B,2866.8000,2866.6000,2866.4000,2866.2000,2866.0000,2867.0000,2867.2000,2867.4000,2867.6000,2867.8000,2,2,2,4,2,17,1,3,2,1
SF,IH2006,2020-06-17 09:58:02.700,2866.6000,19671,-1,4166888100.000,4,1,3,空平,B,2866.4000,2866.2000,2866.0000,2865.8000,2865.6000,2866.8000,2867.0000,2867.2000,2867.4000,2867.6000,2,4,2,1,12,4,18,1,3,2
SF,IH2006,2020-06-17 09:58:03.200,2866.2000,19669,-2,4169467800.000,3,0,3,空平,B,2866.2000,2866.0000,2865.8000,2865.6000,2865.4000,2866.6000,2866.8000,2867.0000,2867.2000,2867.4000,3,2,1,12,2,1,7,16,1,3
SF,IH2006,2020-06-17 09:58:03.700,2866.0000,19668,-1,4173766980.000,5,2,3,空平,B,2865.8000,2865.6000,2865.4000,2865.2000,2865.0000,2866.4000,2866.6000,2866.8000,2867.0000,2867.2000,1,12,2,2,3,1,5,6,16,1
SF,IH2006,2020-06-17 09:58:04.200,2866.2000,19667,-1,4175486640.000,2,0,2,空平,B,2865.8000,2865.6000,2865.4000,2865.2000,2865.0000,2866.4000,2866.6000,2866.8000,2867.0000,2867.2000,2,12,2,2,3,1,4,6,16,1
SF,IH2006,2020-06-17 09:58:04.700,2865.8000,19667,0,4176346380.000,1,0,1,空换,B,2865.8000,2865.6000,2865.4000,2865.2000,2865.0000,2866.4000,2866.6000,2866.8000,2867.0000,2867.2000,1,12,2,2,3,1,4,7,16,1
SF,IH2006,2020-06-17 09:58:05.200,2865.8000,19667,0,4176346380.000,0,-,-,-,-,2865.6000,2865.4000,2865.2000,2865.0000,2864.8000,2866.2000,2866.4000,2866.6000,2866.8000,2867.0000,12,2,2,3,1,3,1,4,7,16
SF,IH2006,2020-06-17 09:58:05.700,2865.8000,19666,-1,4177206120.000,1,0,1,双平,B,2865.6000,2865.4000,2865.2000,2865.0000,2864.8000,2865.8000,2866.0000,2866.2000,2866.4000,2866.6000,13,2,2,3,1,1,1,3,1,2
SF,IH2006,2020-06-17 09:58:06.200,2865.8000,19661,-5,4181504940.000,5,0,5,双平,B,2865.8000,2865.6000,2865.4000,2865.2000,2865.0000,2866.2000,2866.4000,2866.6000,2866.8000,2867.0000,10,13,2,2,3,3,1,2,5,15
SF,IH2006,2020-06-17 09:58:06.700,2865.8000,19659,-2,4184084160.000,3,0,3,空平,B,2866.0000,2865.6000,2865.4000,2865.2000,2865.0000,2866.2000,2866.4000,2866.6000,2866.8000,2867.0000,1,13,2,2,3,6,1,2,5,15
SF,IH2006,2020-06-17 09:58:07.200,2865.8000,19659,0,4184084160.000,0,-,-,-,-,2865.6000,2865.4000,2865.2000,2865.0000,2864.8000,2866.0000,2866.2000,2866.4000,2866.6000,2866.8000,13,2,2,3,1,1,7,1,2,5
SF,IH2006,2020-06-17 09:58:07.700,2866.0000,19654,-5,4188383160.000,5,0,5,双平,B,2866.0000,2865.6000,2865.4000,2865.2000,2865.0000,2866.2000,2866.4000,2866.6000,2866.8000,2867.0000,1,13,2,2,3,7,1,2,5,14
SF,IH2006,2020-06-17 09:58:08.200,2866.0000,19654,0,4188383160.000,0,-,-,-,-,2865.8000,2865.6000,2865.4000,2865.2000,2865.0000,2866.0000,2866.2000,2866.4000,2866.6000,2866.8000,2,14,2,2,3,1,6,1,2,5
SF,IH2006,2020-06-17 09:58:08.700,2866.0000,19653,-1,4189242960.000,1,0,1,双平,B,2866.0000,2865.8000,2865.6000,2865.4000,2865.2000,2866.2000,2866.4000,2866.6000,2866.8000,2867.0000,2,3,13,2,2,6,1,2,5,14
SF,IH2006,2020-06-17 09:58:09.200,2866.2000,19652,-1,4190102820.000,1,0,1,双平,B,2866.0000,2865.8000,2865.6000,2865.4000,2865.2000,2866.2000,2866.6000,2866.8000,2867.0000,2867.2000,2,2,13,2,2,5,2,5,14,1
SF,IH2006,2020-06-17 09:58:09.700,2866.2000,19652,0,4190102820.000,0,-,-,-,-,2866.0000,2865.8000,2865.6000,2865.4000,2865.2000,2866.2000,2866.6000,2866.8000,2867.0000,2867.2000,2,3,13,2,1,5,2,5,14,1
SF,IH2006,2020-06-17 09:58:10.200,2866.2000,19652,0,4190962680.000,1,0,1,空换,B,2866.0000,2865.8000,2865.6000,2865.4000,2865.2000,2866.2000,2866.6000,2866.8000,2867.0000,2867.2000,1,2,13,2,2,3,2,5,14,1
SF,IH2006,2020-06-17 09:58:11.200,2866.2000,19652,0,4190962680.000,0,-,-,-,-,2866.0000,2865.8000,2865.6000,2865.4000,2865.2000,2866.2000,2866.6000,2866.8000,2867.0000,2867.2000,2,2,13,3,2,3,2,5,12,1
SF,IH2006,2020-06-17 09:58:11.700,2866.0000,19651,-1,4191822480.000,1,0,1,双平,B,2866.0000,2865.8000,2865.6000,2865.4000,2865.2000,2866.2000,2866.6000,2866.8000,2867.0000,2867.2000,1,2,13,3,2,3,2,4,12,1
SF,IH2006,2020-06-17 09:58:12.200,2866.0000,19651,0,4191822480.000,0,-,-,-,-,2866.0000,2865.8000,2865.6000,2865.4000,2865.2000,2866.2000,2866.6000,2866.8000,2867.0000,2867.2000,1,2,13,3,2,3,2,4,13,1
SF,IH2006,2020-06-17 09:58:12.700,2866.0000,19651,0,4191822480.000,0,-,-,-,-,2866.0000,2865.8000,2865.6000,2865.4000,2865.2000,2866.2000,2866.6000,2866.8000,2867.0000,2867.2000,1,2,14,3,2,3,2,4,13,1
SF,IH2006,2020-06-17 09:58:13.700,2866.0000,19651,0,4192682280.000,1,0,1,空换,B,2866.0000,2865.8000,2865.6000,2865.4000,2865.2000,2866.2000,2866.6000,2866.8000,2867.0000,2867.2000,1,2,14,3,2,3,2,4,13,1
SF,IH2006,2020-06-17 09:58:14.200,2866.0000,19651,0,4192682280.000,0,-,-,-,-,2866.0000,2865.8000,2865.6000,2865.4000,2865.2000,2866.2000,2866.6000,2866.8000,2867.0000,2867.2000,1,3,14,3,2,3,2,4,13,1
SF,IH2006,2020-06-17 09:58:14.700,2866.0000,19651,0,4192682280.000,0,-,-,-,-,2866.0000,2865.8000,2865.6000,2865.4000,2865.2000,2866.2000,2866.6000,2866.8000,2867.0000,2867.2000,1,3,14,3,2,4,2,4,13,1
SF,IH2006,2020-06-17 09:58:15.200,2866.0000,19651,0,4192682280.000,0,-,-,-,-,2866.0000,2865.8000,2865.6000,2865.4000,2865.2000,2866.2000,2866.6000,2866.8000,2867.0000,2867.2000,1,3,14,3,2,4,2,4,11,1
SF,IH2006,2020-06-17 09:58:15.700,2866.0000,19650,-1,4194401880.000,2,0,2,空平,B,2865.8000,2865.6000,2865.4000,2865.2000,2865.0000,2866.2000,2866.6000,2866.8000,2867.0000,2867.2000,3,14,3,2,5,4,2,4,11,1
SF,IH2006,2020-06-17 09:58:16.200,2866.2000,19650,0,4197841320.000,4,2,2,空换,B,2866.2000,2865.8000,2865.6000,2865.4000,2865.2000,2866.6000,2866.8000,2867.0000,2867.2000,2867.4000,3,3,14,3,2,2,4,11,1,3
SF,IH2006,2020-06-17 09:58:16.700,2866.2000,19650,0,4197841320.000,0,-,-,-,-,2865.8000,2865.6000,2865.4000,2865.2000,2865.0000,2866.6000,2866.8000,2867.0000,2867.2000,2867.4000,3,14,3,2,5,2,4,11,1,3
SF,IH2006,2020-06-17 09:58:17.200,2866.2000,19650,0,4197841320.000,0,-,-,-,-,2866.0000,2865.8000,2865.6000,2865.4000,2865.2000,2866.4000,2866.6000,2866.8000,2867.0000,2867.2000,1,3,14,3,2,1,3,4,11,1
SF,IH2006,2020-06-17 09:58:17.700,2866.2000,19650,0,4197841320.000,0,-,-,-,-,2866.0000,2865.8000,2865.6000,2865.4000,2865.2000,2866.4000,2866.6000,2866.8000,2867.0000,2867.2000,1,4,14,3,2,1,3,4,11,1
SF,IH2006,2020-06-17 09:58:18.200,2866.2000,19650,0,4197841320.000,0,-,-,-,-,2866.0000,2865.8000,2865.6000,2865.4000,2865.2000,2866.4000,2866.6000,2866.8000,2867.0000,2867.2000,2,4,14,3,2,1,3,4,11,1
SF,IH2006,2020-06-17 09:58:18.700,2866.2000,19650,0,4197841320.000,0,-,-,-,-,2866.0000,2865.8000,2865.6000,2865.4000,2865.2000,2866.4000,2866.6000,2866.8000,2867.0000,2867.2000,2,4,14,3,2,1,3,4,11,1
SF,IH2006,2020-06-17 09:58:19.200,2866.0000,19651,1,4199560920.000,2,1,1,多开,B,2865.8000,2865.6000,2865.4000,2865.2000,2865.0000,2866.4000,2866.6000,2866.8000,2867.0000,2867.2000,4,14,3,2,5,1,3,4,11,1
SF,IH2006,2020-06-17 09:58:19.700,2866.0000,19652,1,4200420720.000,1,1,0,双开,B,2865.8000,2865.6000,2865.4000,2865.2000,2865.0000,2866.2000,2866.4000,2866.6000,2866.8000,2867.0000,4,14,3,2,5,1,2,3,4,11
SF,IH2006,2020-06-17 09:58:20.200,2866.2000,19651,-1,4202140440.000,2,0,2,空平,B,2865.8000,2865.6000,2865.4000,2865.2000,2865.0000,2866.2000,2866.4000,2866.6000,2866.8000,2867.0000,4,14,3,2,5,2,1,3,4,11
SF,IH2006,2020-06-17 09:58:20.700,2866.2000,19650,-1,4203000300.000,1,0,1,双平,B,2865.8000,2865.6000,2865.4000,2865.2000,2865.0000,2866.2000,2866.4000,2866.6000,2866.8000,2867.0000,4,14,3,2,5,1,1,3,5,11
SF,IH2006,2020-06-17 09:58:21.200,2866.0000,19649,-1,4203860100.000,1,0,1,双平,B,2865.8000,2865.6000,2865.4000,2865.2000,2865.0000,2866.4000,2866.6000,2866.8000,2867.0000,2867.2000,4,14,3,2,5,1,3,5,11,1
SF,IH2006,2020-06-17 09:58:22.200,2866.0000,19649,0,4203860100.000,0,-,-,-,-,2865.8000,2865.6000,2865.4000,2865.2000,2865.0000,2866.2000,2866.4000,2866.6000,2866.8000,2867.0000,4,14,2,2,5,1,1,3,5,11
SF,IH2006,2020-06-17 09:58:22.700,2866.2000,19648,-1,4204719960.000,1,0,1,双平,B,2866.2000,2866.0000,2865.8000,2865.6000,2865.4000,2866.4000,2866.6000,2866.8000,2867.0000,2867.2000,2,1,5,14,2,2,3,5,11,1
SF,IH2006,2020-06-17 09:58:23.200,2866.2000,19648,0,4204719960.000,0,-,-,-,-,2866.0000,2865.8000,2865.6000,2865.4000,2865.2000,2866.2000,2866.4000,2866.6000,2866.8000,2867.0000,1,4,14,2,2,1,3,1,5,11
SF,IH2006,2020-06-17 09:58:23.700,2866.2000,19648,0,4205579820.000,1,0,1,空换,B,2866.0000,2865.8000,2865.6000,2865.4000,2865.2000,2866.2000,2866.4000,2866.6000,2866.8000,2867.0000,1,4,14,2,2,2,2,1,5,11
SF,IH2006,2020-06-17 09:58:24.700,2866.2000,19648,0,4205579820.000,0,-,-,-,-,2865.8000,2865.6000,2865.4000,2865.2000,2865.0000,2866.2000,2866.4000,2866.6000,2866.8000,2867.0000,4,14,2,2,5,2,2,1,5,11
SF,IH2006,2020-06-17 09:58:25.200,2866.2000,19648,0,4205579820.000,0,-,-,-,-,2865.8000,2865.6000,2865.4000,2865.2000,2865.0000,2866.2000,2866.4000,2866.6000,2866.8000,2867.0000,4,14,3,2,5,2,2,1,5,11
SF,IH2006,2020-06-17 09:58:25.700,2865.8000,19647,-1,4206439560.000,1,0,1,双平,B,2865.8000,2865.6000,2865.4000,2865.2000,2865.0000,2866.2000,2866.4000,2866.6000,2866.8000,2867.0000,3,14,3,2,5,2,2,1,5,11
SF,IH2006,2020-06-17 09:58:26.200,2865.8000,19647,0,4206439560.000,0,-,-,-,-,2866.0000,2865.8000,2865.6000,2865.4000,2865.2000,2866.2000,2866.4000,2866.6000,2866.8000,2867.0000,2,3,14,2,2,2,2,1,5,11
SF,IH2006,2020-06-17 09:58:26.700,2866.2000,19645,-2,4208159280.000,2,0,2,双平,B,2866.0000,2865.8000,2865.6000,2865.4000,2865.2000,2866.4000,2866.6000,2866.8000,2867.0000,2867.2000,1,3,14,2,2,2,1,5,11,1
SF,IH2006,2020-06-17 09:58:27.200,2866.2000,19645,0,4208159280.000,0,-,-,-,-,2866.0000,2865.8000,2865.6000,2865.4000,2865.2000,2866.2000,2866.4000,2866.6000,2866.8000,2867.0000,1,3,14,2,2,3,2,1,5,11
SF,IH2006,2020-06-17 09:58:28.200,2866.2000,19645,0,4208159280.000,0,-,-,-,-,2866.0000,2865.8000,2865.6000,2865.4000,2865.2000,2866.2000,2866.4000,2866.6000,2866.8000,2867.0000,2,3,14,2,2,3,2,1,5,11
SF,IH2006,2020-06-17 09:58:29.200,2866.0000,19643,-2,4209878880.000,2,0,2,双平,B,2865.8000,2865.6000,2865.4000,2865.2000,2865.0000,2866.0000,2866.2000,2866.4000,2866.6000,2866.8000,3,14,2,2,5,1,3,2,1,5
SF,IH2006,2020-06-17 09:58:29.700,2865.8000,19643,0,4213317900.000,4,2,2,空换,B,2865.6000,2865.4000,2865.2000,2865.0000,2864.8000,2866.0000,2866.2000,2866.4000,2866.6000,2866.8000,14,2,2,5,1,1,3,2,1,5
SF,IH2006,2020-06-17 09:58:30.200,2865.8000,19643,0,4213317900.000,0,-,-,-,-,2865.6000,2865.4000,2865.2000,2865.0000,2864.8000,2866.0000,2866.2000,2866.4000,2866.6000,2866.8000,14,2,2,5,1,1,3,2,1,4
SF,IH2006,2020-06-17 09:58:33.200,2866.0000,19643,0,4214177700.000,1,0,1,空换,B,2865.8000,2865.6000,2865.4000,2865.2000,2865.0000,2866.2000,2866.4000,2866.6000,2866.8000,2867.0000,3,15,2,2,5,3,2,1,4,10
SF,IH2006,2020-06-17 09:58:33.700,2865.8000,19642,-1,4215037440.000,1,0,1,双平,B,2865.8000,2865.6000,2865.4000,2865.2000,2865.0000,2866.2000,2866.4000,2866.6000,2866.8000,2867.0000,2,14,2,2,5,3,2,1,4,10
SF,IH2006,2020-06-17 09:58:34.200,2865.8000,19642,0,4215037440.000,0,-,-,-,-,2865.8000,2865.6000,2865.4000,2865.2000,2865.0000,2866.2000,2866.4000,2866.6000,2866.8000,2867.0000,2,14,2,2,4,4,2,1,4,10
SF,IH2006,2020-06-17 09:58:34.700,2865.8000,19642,0,4215037440.000,0,-,-,-,-,2865.8000,2865.6000,2865.4000,2865.2000,2865.0000,2866.2000,2866.4000,2866.6000,2866.8000,2867.0000,2,14,2,2,5,4,2,1,4,10
SF,IH2006,2020-06-17 09:58:35.200,2865.8000,19642,0,4215037440.000,0,-,-,-,-,2866.0000,2865.8000,2865.6000,2865.4000,2865.2000,2866.2000,2866.4000,2866.6000,2866.8000,2867.0000,1,2,14,2,2,3,2,1,4,10
SF,IH2006,2020-06-17 09:58:35.700,2865.8000,19641,-1,4215897180.000,1,0,1,双平,B,2865.8000,2865.6000,2865.4000,2865.2000,2865.0000,2866.2000,2866.4000,2866.6000,2866.8000,2867.0000,1,14,2,2,5,3,2,1,4,10
SF,IH2006,2020-06-17 09:58:36.200,2866.2000,19641,0,4217616900.000,2,1,1,空换,B,2866.0000,2865.8000,2865.6000,2865.4000,2865.2000,2866.2000,2866.4000,2866.6000,2866.8000,2867.0000,1,1,14,2,2,1,2,1,4,10
SF,IH2006,2020-06-17 09:58:36.700,2866.2000,19641,0,4217616900.000,0,-,-,-,-,2866.0000,2865.8000,2865.6000,2865.4000,2865.2000,2866.2000,2866.4000,2866.6000,2866.8000,2867.0000,1,2,14,2,2,1,2,1,4,10
SF,IH2006,2020-06-17 09:58:37.200,2866.2000,19641,0,4217616900.000,0,-,-,-,-,2865.8000,2865.6000,2865.4000,2865.2000,2865.0000,2866.2000,2866.4000,2866.6000,2866.8000,2867.0000,1,14,2,2,5,1,2,1,4,10
SF,IH2006,2020-06-17 09:58:37.700,2866.2000,19641,0,4217616900.000,0,-,-,-,-,2865.8000,2865.6000,2865.4000,2865.2000,2865.0000,2866.2000,2866.4000,2866.6000,2866.8000,2867.0000,2,14,3,2,5,1,2,1,4,10
SF,IH2006,2020-06-17 09:58:38.200,2866.2000,19641,0,4217616900.000,0,-,-,-,-,2865.8000,2865.6000,2865.4000,2865.2000,2865.0000,2866.2000,2866.4000,2866.6000,2866.8000,2867.0000,1,14,3,2,4,2,2,1,4,10
SF,IH2006,2020-06-17 09:58:40.700,2866.2000,19641,0,4217616900.000,0,-,-,-,-,2865.8000,2865.6000,2865.4000,2865.2000,2865.0000,2866.2000,2866.4000,2866.6000,2866.8000,2867.0000,2,13,3,2,4,2,2,1,4,2
SF,IH2006,2020-06-17 09:58:41.200,2866.2000,19641,0,4217616900.000,0,-,-,-,-,2865.8000,2865.6000,2865.4000,2865.2000,2865.0000,2866.2000,2866.4000,2866.6000,2866.8000,2867.0000,2,13,3,3,4,1,2,1,4,2
SF,IH2006,2020-06-17 09:58:41.700,2866.2000,19641,0,4217616900.000,0,-,-,-,-,2865.8000,2865.6000,2865.4000,2865.2000,2865.0000,2866.2000,2866.4000,2866.6000,2866.8000,2867.0000,3,13,3,3,4,1,2,1,4,2
SF,IH2006,2020-06-17 09:58:42.200,2866.2000,19641,0,4218476760.000,1,0,1,空换,B,2865.8000,2865.6000,2865.4000,2865.2000,2865.0000,2866.4000,2866.6000,2866.8000,2867.0000,2867.2000,2,13,3,3,4,2,1,4,2,1
SF,IH2006,2020-06-17 09:58:42.700,2866.2000,19641,0,4218476760.000,0,-,-,-,-,2865.8000,2865.6000,2865.4000,2865.2000,2865.0000,2866.4000,2866.6000,2866.8000,2867.0000,2867.2000,2,13,3,3,4,3,1,4,2,1
SF,IH2006,2020-06-17 09:58:43.200,2866.2000,19641,0,4218476760.000,0,-,-,-,-,2865.8000,2865.6000,2865.4000,2865.2000,2865.0000,2866.2000,2866.4000,2866.6000,2866.8000,2867.0000,2,13,3,3,4,2,6,1,4,2
SF,IH2006,2020-06-17 09:58:43.700,2865.8000,19641,0,4219336500.000,1,0,1,空换,B,2865.8000,2865.6000,2865.4000,2865.2000,2865.0000,2866.2000,2866.4000,2866.6000,2866.8000,2867.0000,2,13,3,3,4,2,6,1,4,2
SF,IH2006,2020-06-17 09:58:44.200,2865.8000,19641,0,4220196240.000,1,0,1,空换,B,2865.8000,2865.6000,2865.4000,2865.2000,2865.0000,2866.2000,2866.4000,2866.6000,2866.8000,2867.0000,1,13,3,3,4,3,6,1,4,2
SF,IH2006,2020-06-17 09:58:44.700,2865.8000,19641,0,4220196240.000,0,-,-,-,-,2865.8000,2865.6000,2865.4000,2865.2000,2865.0000,2866.2000,2866.4000,2866.6000,2866.8000,2867.0000,1,13,3,3,4,5,6,1,4,2
SF,IH2006,2020-06-17 09:58:46.200,2865.8000,19641,0,4220196240.000,0,-,-,-,-,2865.8000,2865.6000,2865.4000,2865.2000,2865.0000,2866.2000,2866.4000,2866.6000,2866.8000,2867.0000,2,12,3,3,4,5,7,1,4,2
SF,IH2006,2020-06-17 09:58:47.700,2865.8000,19641,0,4220196240.000,0,-,-,-,-,2865.8000,2865.6000,2865.4000,2865.2000,2865.0000,2866.2000,2866.4000,2866.6000,2866.8000,2867.0000,2,12,3,3,3,5,7,1,4,2
SF,IH2006,2020-06-17 09:58:48.700,2865.8000,19641,0,4220196240.000,0,-,-,-,-,2865.8000,2865.6000,2865.4000,2865.2000,2865.0000,2866.2000,2866.4000,2866.6000,2866.8000,2867.0000,2,12,3,3,3,5,7,1,4,1
SF,IH2006,2020-06-17 09:58:49.700,2865.8000,19641,0,4220196240.000,0,-,-,-,-,2865.8000,2865.6000,2865.4000,2865.2000,2865.0000,2866.2000,2866.4000,2866.6000,2866.8000,2867.0000,2,12,3,2,3,5,7,1,4,1
SF,IH2006,2020-06-17 09:58:51.200,2865.8000,19641,0,4220196240.000,0,-,-,-,-,2865.8000,2865.6000,2865.4000,2865.2000,2865.0000,2866.2000,2866.4000,2866.6000,2866.8000,2867.0000,2,12,3,2,3,5,7,1,4,1
SF,IH2006,2020-06-17 09:58:51.700,2865.8000,19641,0,4220196240.000,0,-,-,-,-,2865.8000,2865.6000,2865.4000,2865.2000,2865.0000,2866.2000,2866.4000,2866.6000,2866.8000,2867.0000,2,12,3,2,3,5,8,1,4,1
SF,IH2006,2020-06-17 09:58:52.700,2865.8000,19641,0,4220196240.000,0,-,-,-,-,2865.8000,2865.6000,2865.4000,2865.2000,2865.0000,2866.2000,2866.4000,2866.6000,2866.8000,2867.0000,2,12,3,2,3,5,8,1,4,1
SF,IH2006,2020-06-17 09:58:53.200,2865.8000,19641,0,4220196240.000,0,-,-,-,-,2865.8000,2865.6000,2865.4000,2865.2000,2865.0000,2866.2000,2866.4000,2866.6000,2866.8000,2867.0000,2,12,3,2,3,3,8,1,4,1
SF,IH2006,2020-06-17 09:58:53.700,2865.8000,19639,-2,4221915720.000,2,0,2,双平,B,2865.6000,2865.4000,2865.2000,2865.0000,2864.8000,2865.8000,2866.2000,2866.4000,2866.6000,2866.8000,12,3,2,3,1,1,3,8,1,4
SF,IH2006,2020-06-17 09:58:54.200,2865.8000,19638,-1,4222775460.000,1,0,1,双平,B,2865.8000,2865.6000,2865.4000,2865.2000,2865.0000,2866.2000,2866.4000,2866.6000,2866.8000,2867.0000,16,12,3,2,3,3,8,1,4,1
SF,IH2006,2020-06-17 09:58:54.700,2866.2000,19637,-1,4223635320.000,1,0,1,双平,B,2865.8000,2865.6000,2865.4000,2865.2000,2865.0000,2866.2000,2866.4000,2866.6000,2866.8000,2867.0000,2,12,3,2,3,1,8,1,4,1
SF,IH2006,2020-06-17 09:58:56.200,2866.2000,19637,0,4223635320.000,0,-,-,-,-,2865.8000,2865.6000,2865.4000,2865.2000,2865.0000,2866.2000,2866.4000,2866.6000,2866.8000,2867.0000,1,12,3,2,3,1,8,1,4,1
SF,IH2006,2020-06-17 09:58:56.700,2866.2000,19637,0,4223635320.000,0,-,-,-,-,2865.8000,2865.6000,2865.4000,2865.2000,2865.0000,2866.2000,2866.4000,2866.6000,2866.8000,2867.0000,1,12,3,2,3,2,8,1,4,1
SF,IH2006,2020-06-17 09:58:57.200,2866.2000,19637,0,4223635320.000,0,-,-,-,-,2865.6000,2865.4000,2865.2000,2865.0000,2864.8000,2866.2000,2866.4000,2866.6000,2866.8000,2867.0000,12,3,2,3,1,3,8,1,4,1
SF,IH2006,2020-06-17 09:58:57.700,2866.2000,19637,0,4224495180.000,1,0,1,空换,B,2865.6000,2865.4000,2865.2000,2865.0000,2864.8000,2866.2000,2866.4000,2866.6000,2866.8000,2867.0000,12,3,2,3,1,3,8,1,4,1
SF,IH2006,2020-06-17 09:59:00.200,2866.2000,19637,0,4224495180.000,0,-,-,-,-,2865.6000,2865.4000,2865.2000,2865.0000,2864.8000,2866.0000,2866.2000,2866.4000,2866.6000,2866.8000,12,3,2,3,1,1,3,8,1,4
SF,IH2006,2020-06-17 09:59:00.700,2866.2000,19637,0,4224495180.000,0,-,-,-,-,2865.6000,2865.4000,2865.2000,2865.0000,2864.8000,2866.0000,2866.2000,2866.4000,2866.6000,2866.8000,12,3,1,3,1,1,3,8,1,4
SF,IH2006,2020-06-17 09:59:01.200,2865.6000,19636,-1,4225354860.000,1,0,1,双平,B,2865.6000,2865.4000,2865.2000,2865.0000,2864.8000,2866.0000,2866.2000,2866.4000,2866.6000,2866.8000,11,3,1,3,1,1,3,8,1,4
SF,IH2006,2020-06-17 09:59:01.700,2865.6000,19636,0,4225354860.000,0,-,-,-,-,2865.6000,2865.4000,2865.2000,2865.0000,2864.8000,2865.8000,2866.0000,2866.2000,2866.4000,2866.6000,11,2,1,3,1,1,4,3,8,1
SF,IH2006,2020-06-17 09:59:02.200,2865.6000,19635,-1,4226214540.000,1,0,1,双平,B,2865.6000,2865.4000,2865.2000,2865.0000,2864.8000,2865.8000,2866.0000,2866.2000,2866.4000,2866.6000,10,2,1,3,1,3,4,4,8,1
SF,IH2006,2020-06-17 09:59:03.200,2865.6000,19635,0,4233951660.000,9,4,5,空换,B,2865.6000,2865.4000,2865.2000,2865.0000,2864.8000,2865.8000,2866.0000,2866.2000,2866.4000,2866.6000,1,2,1,3,1,4,4,4,8,1
SF,IH2006,2020-06-17 09:59:03.700,2865.4000,19633,-2,4235670960.000,2,0,2,双平,B,2865.4000,2865.2000,2865.0000,2864.8000,2864.6000,2865.6000,2865.8000,2866.0000,2866.2000,2866.4000,1,1,3,1,2,7,3,2,4,8
SF,IH2006,2020-06-17 09:59:04.200,2865.2000,19632,-1,4237390140.000,2,0,2,空平,B,2865.0000,2864.8000,2864.6000,2864.4000,2864.2000,2865.2000,2865.4000,2865.6000,2865.8000,2866.0000,3,1,2,1,1,4,2,7,1,2
SF,IH2006,2020-06-17 09:59:04.700,2865.0000,19629,-3,4241687580.000,5,1,4,空平,B,2864.6000,2864.4000,2864.2000,2864.0000,2863.8000,2865.2000,2865.4000,2865.6000,2865.8000,2866.0000,2,1,1,4,1,1,2,7,1,2
SF,IH2006,2020-06-17 09:59:05.200,2865.0000,19628,-1,4242547080.000,1,0,1,双平,B,2864.8000,2864.6000,2864.4000,2864.2000,2864.0000,2865.2000,2865.4000,2865.6000,2865.8000,2866.0000,1,3,1,1,4,1,2,7,1,2
SF,IH2006,2020-06-17 09:59:05.700,2865.2000,19628,0,4243406640.000,1,0,1,空换,B,2865.2000,2864.8000,2864.6000,2864.4000,2864.2000,2865.4000,2865.6000,2865.8000,2866.0000,2866.2000,1,1,2,2,1,2,7,1,2,4
SF,IH2006,2020-06-17 09:59:06.200,2865.6000,19627,-1,4244266320.000,1,0,1,双平,B,2865.2000,2864.8000,2864.6000,2864.4000,2864.2000,2865.6000,2865.8000,2866.0000,2866.2000,2866.4000,1,3,1,3,1,4,1,2,5,7
SF,IH2006,2020-06-17 09:59:06.700,2865.6000,19627,0,4244266320.000,0,-,-,-,-,2865.2000,2864.8000,2864.6000,2864.4000,2864.2000,2865.4000,2865.6000,2865.8000,2866.0000,2866.2000,1,2,1,3,1,1,6,1,2,4
SF,IH2006,2020-06-17 09:59:08.700,2865.6000,19626,-1,4245126000.000,1,0,1,双平,B,2864.8000,2864.6000,2864.4000,2864.2000,2864.0000,2865.6000,2865.8000,2866.0000,2866.2000,2866.4000,2,1,3,1,4,6,1,2,4,7
SF,IH2006,2020-06-17 09:59:09.200,2865.6000,19626,0,4245126000.000,0,-,-,-,-,2865.0000,2864.8000,2864.6000,2864.4000,2864.2000,2865.6000,2865.8000,2866.0000,2866.2000,2866.4000,1,2,1,3,1,4,1,2,4,7
SF,IH2006,2020-06-17 09:59:09.700,2865.6000,19626,0,4245126000.000,0,-,-,-,-,2865.0000,2864.8000,2864.6000,2864.4000,2864.2000,2865.4000,2865.6000,2865.8000,2866.0000,2866.2000,2,2,1,3,1,2,3,1,2,4
SF,IH2006,2020-06-17 09:59:10.200,2865.6000,19626,0,4245126000.000,0,-,-,-,-,2865.0000,2864.8000,2864.6000,2864.4000,2864.2000,2865.4000,2865.6000,2865.8000,2866.0000,2866.2000,2,2,1,3,1,2,5,1,2,4
SF,IH2006,2020-06-17 09:59:10.700,2865.6000,19626,0,4245126000.000,0,-,-,-,-,2865.0000,2864.8000,2864.6000,2864.4000,2864.2000,2865.4000,2865.6000,2865.8000,2866.0000,2866.2000,1,1,1,3,1,2,5,1,2,4
SF,IH2006,2020-06-17 09:59:11.200,2865.0000,19625,-1,4245985500.000,1,0,1,双平,B,2864.8000,2864.6000,2864.4000,2864.2000,2864.0000,2865.2000,2865.4000,2865.6000,2865.8000,2866.0000,1,1,2,1,4,1,1,5,1,2
SF,IH2006,2020-06-17 09:59:11.700,2865.0000,19625,0,4245985500.000,0,-,-,-,-,2864.8000,2864.6000,2864.4000,2864.2000,2864.0000,2865.2000,2865.6000,2865.8000,2866.0000,2866.2000,1,1,2,1,5,1,4,1,2,4
SF,IH2006,2020-06-17 09:59:12.200,2865.0000,19625,0,4245985500.000,0,-,-,-,-,2864.6000,2864.4000,2864.2000,2864.0000,2863.8000,2865.0000,2865.2000,2865.6000,2865.8000,2866.0000,1,2,1,5,1,1,2,4,1,2
SF,IH2006,2020-06-17 09:59:12.700,2865.0000,19625,0,4245985500.000,0,-,-,-,-,2864.6000,2864.4000,2864.2000,2864.0000,2863.8000,2865.0000,2865.2000,2865.6000,2865.8000,2866.0000,2,2,1,5,1,1,2,3,1,2
SF,IH2006,2020-06-17 09:59:13.200,2865.0000,19624,-1,4246845000.000,1,0,1,双平,B,2864.6000,2864.4000,2864.2000,2864.0000,2863.8000,2865.0000,2865.2000,2865.6000,2865.8000,2866.0000,2,2,1,5,1,1,1,3,1,2
SF,IH2006,2020-06-17 09:59:13.700,2865.0000,19623,-1,4247704500.000,1,0,1,双平,B,2865.0000,2864.8000,2864.6000,2864.4000,2864.2000,2865.2000,2865.6000,2865.8000,2866.0000,2866.2000,1,1,3,2,1,1,3,1,2,4
SF,IH2006,2020-06-17 09:59:14.200,2865.0000,19622,-1,4248564000.000,1,0,1,双平,B,2864.8000,2864.6000,2864.4000,2864.2000,2864.0000,2865.0000,2865.2000,2865.6000,2865.8000,2866.0000,1,3,2,1,5,5,1,3,1,2
SF,IH2006,2020-06-17 09:59:14.700,2864.6000,19621,-1,4251142320.000,3,1,2,空平,B,2864.6000,2864.4000,2864.2000,2864.0000,2863.8000,2865.0000,2865.2000,2865.6000,2865.8000,2866.0000,1,2,1,5,1,3,1,3,1,2
SF,IH2006,2020-06-17 09:59:15.200,2865.0000,19619,-2,4252861320.000,2,0,2,双平,B,2864.6000,2864.4000,2864.2000,2864.0000,2863.8000,2865.0000,2865.2000,2865.6000,2865.8000,2866.0000,1,2,1,5,1,1,1,3,1,2
SF,IH2006,2020-06-17 09:59:15.700,2865.0000,19619,0,4252861320.000,0,-,-,-,-,2864.6000,2864.4000,2864.2000,2864.0000,2863.8000,2864.8000,2865.0000,2865.2000,2865.6000,2865.8000,1,2,1,5,1,1,2,1,3,1
SF,IH2006,2020-06-17 09:59:16.200,2864.8000,19618,-1,4253720760.000,1,0,1,双平,B,2864.6000,2864.4000,2864.2000,2864.0000,2863.8000,2865.0000,2865.2000,2865.6000,2865.8000,2866.0000,1,2,1,5,1,2,1,3,1,2
SF,IH2006,2020-06-17 09:59:17.200,2864.6000,19618,0,4254580140.000,1,0,1,空换,B,2864.4000,2864.2000,2864.0000,2863.8000,2863.6000,2864.8000,2865.0000,2865.2000,2865.6000,2865.8000,2,1,5,1,1,1,2,1,3,1
SF,IH2006,2020-06-17 09:59:17.700,2864.8000,19617,-1,4255439580.000,1,0,1,双平,B,2864.4000,2864.2000,2864.0000,2863.8000,2863.6000,2865.0000,2865.2000,2865.6000,2865.8000,2866.0000,3,1,5,1,1,2,1,3,1,2
SF,IH2006,2020-06-17 09:59:18.200,2864.8000,19617,0,4255439580.000,0,-,-,-,-,2864.4000,2864.2000,2864.0000,2863.8000,2863.6000,2865.0000,2865.2000,2865.6000,2865.8000,2866.0000,5,1,5,1,1,3,1,3,1,2
SF,IH2006,2020-06-17 09:59:18.700,2864.6000,19616,-1,4256298960.000,1,0,1,双平,B,2864.4000,2864.2000,2864.0000,2863.8000,2863.6000,2865.0000,2865.2000,2865.6000,2865.8000,2866.0000,5,1,5,1,1,3,1,3,1,2
SF,IH2006,2020-06-17 09:59:19.200,2864.6000,19616,0,4256298960.000,0,-,-,-,-,2864.4000,2864.2000,2864.0000,2863.8000,2863.6000,2864.8000,2865.0000,2865.2000,2865.6000,2865.8000,5,1,5,1,1,1,3,1,3,1
SF,IH2006,2020-06-17 09:59:19.700,2864.8000,19615,-1,4257158400.000,1,0,1,双平,B,2864.4000,2864.2000,2864.0000,2863.8000,2863.6000,2864.8000,2865.0000,2865.2000,2865.6000,2865.8000,4,1,5,1,1,1,2,1,3,1
SF,IH2006,2020-06-17 09:59:20.200,2864.8000,19614,-1,4258017840.000,1,0,1,双平,B,2864.4000,2864.2000,2864.0000,2863.8000,2863.6000,2865.0000,2865.2000,2865.6000,2866.0000,2866.2000,5,1,5,1,1,2,1,3,2,3
SF,IH2006,2020-06-17 09:59:20.700,2864.4000,19615,1,4258877160.000,1,1,0,双开,B,2864.4000,2864.2000,2864.0000,2863.8000,2863.6000,2865.0000,2865.2000,2865.6000,2866.0000,2866.2000,5,1,5,1,1,2,1,3,2,3
SF,IH2006,2020-06-17 09:59:21.200,2864.4000,19615,0,4258877160.000,0,-,-,-,-,2864.4000,2864.2000,2864.0000,2863.8000,2863.6000,2865.0000,2865.2000,2865.6000,2866.0000,2866.2000,7,1,5,1,1,3,1,3,1,3
SF,IH2006,2020-06-17 09:59:21.700,2864.4000,19615,0,4258877160.000,0,-,-,-,-,2864.4000,2864.2000,2864.0000,2863.8000,2863.6000,2864.8000,2865.0000,2865.2000,2865.6000,2866.0000,8,1,5,1,1,1,3,1,3,1
SF,IH2006,2020-06-17 09:59:22.200,2864.4000,19615,0,4258877160.000,0,-,-,-,-,2864.6000,2864.4000,2864.2000,2864.0000,2863.8000,2864.8000,2865.0000,2865.2000,2865.6000,2866.0000,1,7,1,5,1,3,4,1,3,1
SF,IH2006,2020-06-17 09:59:22.700,2864.4000,19615,0,4258877160.000,0,-,-,-,-,2864.6000,2864.4000,2864.2000,2864.0000,2863.8000,2864.8000,2865.0000,2865.2000,2865.6000,2866.0000,1,7,1,5,1,2,4,1,3,1
SF,IH2006,2020-06-17 09:59:23.200,2864.4000,19615,0,4258877160.000,0,-,-,-,-,2864.6000,2864.4000,2864.2000,2864.0000,2863.8000,2864.8000,2865.0000,2865.2000,2865.6000,2866.0000,1,7,1,5,1,2,4,1,3,1
SF,IH2006,2020-06-17 09:59:23.700,2864.4000,19615,0,4258877160.000,0,-,-,-,-,2864.6000,2864.4000,2864.2000,2864.0000,2863.8000,2864.8000,2865.0000,2865.2000,2865.6000,2866.0000,1,7,1,5,1,1,4,1,3,1
SF,IH2006,2020-06-17 09:59:24.200,2864.4000,19615,0,4258877160.000,0,-,-,-,-,2864.6000,2864.4000,2864.2000,2864.0000,2863.8000,2864.8000,2865.0000,2865.2000,2865.6000,2866.0000,1,7,2,5,1,2,4,1,3,1
SF,IH2006,2020-06-17 09:59:24.700,2864.8000,19613,-2,4261455420.000,3,0,3,空平,B,2864.8000,2864.4000,2864.2000,2864.0000,2863.8000,2865.0000,2865.2000,2865.6000,2866.0000,2866.2000,1,7,2,5,1,4,1,3,1,3
SF,IH2006,2020-06-17 09:59:25.200,2865.0000,19611,-2,4265752860.000,5,1,4,空平,B,2864.6000,2864.4000,2864.2000,2864.0000,2863.8000,2865.2000,2865.6000,2866.0000,2866.2000,2866.4000,1,7,2,5,1,1,3,1,3,3
SF,IH2006,2020-06-17 09:59:25.700,2865.0000,19611,0,4265752860.000,0,-,-,-,-,2864.8000,2864.6000,2864.4000,2864.2000,2864.0000,2865.6000,2866.0000,2866.2000,2866.4000,2866.8000,4,3,7,2,5,3,1,3,3,4
SF,IH2006,2020-06-17 09:59:26.200,2865.0000,19611,0,4265752860.000,0,-,-,-,-,2864.8000,2864.6000,2864.4000,2864.2000,2864.0000,2865.6000,2866.0000,2866.2000,2866.4000,2866.8000,6,3,8,2,5,3,1,3,3,4
SF,IH2006,2020-06-17 09:59:26.700,2865.0000,19611,0,4265752860.000,0,-,-,-,-,2865.0000,2864.8000,2864.6000,2864.4000,2864.2000,2865.4000,2865.6000,2866.0000,2866.2000,2866.4000,1,5,3,8,2,1,3,1,3,3
SF,IH2006,2020-06-17 09:59:27.200,2865.0000,19611,0,4265752860.000,0,-,-,-,-,2865.0000,2864.8000,2864.6000,2864.4000,2864.2000,2865.4000,2865.6000,2866.0000,2866.2000,2866.4000,2,8,2,8,2,2,3,1,3,3
SF,IH2006,2020-06-17 09:59:27.700,2865.0000,19611,0,4265752860.000,0,-,-,-,-,2865.0000,2864.8000,2864.6000,2864.4000,2864.2000,2865.4000,2865.6000,2866.0000,2866.2000,2866.4000,3,8,2,8,2,2,3,1,3,3
SF,IH2006,2020-06-17 09:59:28.200,2865.0000,19611,0,4265752860.000,0,-,-,-,-,2865.0000,2864.8000,2864.6000,2864.4000,2864.2000,2865.4000,2865.6000,2866.0000,2866.2000,2866.4000,3,8,2,9,2,2,3,1,3,3
SF,IH2006,2020-06-17 09:59:28.700,2865.0000,19609,-2,4267471860.000,2,0,2,双平,B,2864.8000,2864.6000,2864.4000,2864.2000,2864.0000,2865.0000,2865.4000,2865.6000,2866.0000,2866.2000,6,2,9,2,5,6,2,3,1,3
SF,IH2006,2020-06-17 09:59:29.200,2865.0000,19609,0,4267471860.000,0,-,-,-,-,2865.0000,2864.8000,2864.6000,2864.4000,2864.2000,2865.4000,2865.6000,2866.0000,2866.2000,2866.4000,1,3,2,9,2,2,3,1,3,3
SF,IH2006,2020-06-17 09:59:29.700,2864.8000,19609,0,4269190800.000,2,1,1,空换,B,2864.8000,2864.6000,2864.4000,2864.2000,2864.0000,2865.0000,2865.4000,2865.6000,2866.0000,2866.2000,1,2,9,2,5,7,3,3,1,3
SF,IH2006,2020-06-17 09:59:30.200,2864.8000,19609,0,4269190800.000,0,-,-,-,-,2864.8000,2864.6000,2864.4000,2864.2000,2864.0000,2865.0000,2865.2000,2865.4000,2865.6000,2866.0000,1,2,9,2,5,1,1,3,3,1
SF,IH2006,2020-06-17 09:59:31.200,2864.8000,19609,0,4269190800.000,0,-,-,-,-,2864.8000,2864.6000,2864.4000,2864.2000,2864.0000,2865.0000,2865.4000,2865.6000,2866.0000,2866.2000,1,2,9,2,5,1,3,3,1,3
SF,IH2006,2020-06-17 09:59:32.200,2864.8000,19609,0,4269190800.000,0,-,-,-,-,2864.8000,2864.6000,2864.4000,2864.2000,2864.0000,2865.0000,2865.4000,2865.6000,2866.0000,2866.2000,1,3,9,2,5,1,3,3,1,3
SF,IH2006,2020-06-17 09:59:32.700,2864.8000,19610,1,4270909740.000,2,1,1,多开,B,2864.6000,2864.4000,2864.2000,2864.0000,2863.8000,2865.4000,2865.6000,2866.0000,2866.2000,2866.4000,3,9,2,5,1,3,3,1,3,3
SF,IH2006,2020-06-17 09:59:33.200,2864.8000,19610,0,4270909740.000,0,-,-,-,-,2864.6000,2864.4000,2864.2000,2864.0000,2863.8000,2865.2000,2865.4000,2865.6000,2866.0000,2866.2000,4,9,2,5,1,6,3,3,1,3
SF,IH2006,2020-06-17 09:59:33.700,2864.8000,19610,0,4270909740.000,0,-,-,-,-,2864.6000,2864.4000,2864.2000,2864.0000,2863.8000,2865.2000,2865.4000,2865.6000,2866.0000,2866.2000,3,9,2,5,1,6,3,3,1,3
SF,IH2006,2020-06-17 09:59:34.700,2864.8000,19610,0,4270909740.000,0,-,-,-,-,2864.6000,2864.4000,2864.2000,2864.0000,2863.8000,2865.2000,2865.4000,2865.6000,2866.0000,2866.2000,5,9,2,5,1,6,3,3,1,3
SF,IH2006,2020-06-17 09:59:35.700,2865.2000,19608,-2,4272628860.000,2,0,2,双平,B,2864.6000,2864.4000,2864.2000,2864.0000,2863.8000,2865.2000,2865.4000,2865.6000,2866.0000,2866.2000,4,9,2,5,1,4,3,3,1,3
SF,IH2006,2020-06-17 09:59:36.200,2865.2000,19608,0,4272628860.000,0,-,-,-,-,2864.6000,2864.4000,2864.2000,2864.0000,2863.8000,2865.2000,2865.4000,2865.6000,2866.0000,2866.2000,5,9,2,5,1,4,3,3,1,3
SF,IH2006,2020-06-17 09:59:36.700,2865.2000,19608,0,4272628860.000,0,-,-,-,-,2864.6000,2864.4000,2864.2000,2864.0000,2863.8000,2865.2000,2865.4000,2865.6000,2866.0000,2866.2000,7,9,2,5,1,4,3,3,1,3
SF,IH2006,2020-06-17 09:59:37.200,2865.2000,19607,-1,4273488420.000,1,0,1,双平,B,2864.8000,2864.6000,2864.4000,2864.2000,2864.0000,2865.2000,2865.4000,2865.6000,2866.0000,2866.2000,2,8,9,2,5,1,3,3,1,4
SF,IH2006,2020-06-17 09:59:37.700,2865.2000,19607,0,4273488420.000,0,-,-,-,-,2864.8000,2864.6000,2864.4000,2864.2000,2864.0000,2865.4000,2865.6000,2866.0000,2866.2000,2866.4000,3,8,9,2,5,3,3,1,3,3
SF,IH2006,2020-06-17 09:59:38.200,2865.2000,19607,0,4273488420.000,0,-,-,-,-,2864.8000,2864.6000,2864.4000,2864.2000,2864.0000,2865.4000,2865.6000,2866.0000,2866.2000,2866.4000,5,7,9,2,5,3,3,1,3,3
SF,IH2006,2020-06-17 09:59:39.200,2865.2000,19607,0,4273488420.000,0,-,-,-,-,2864.8000,2864.6000,2864.4000,2864.2000,2864.0000,2865.4000,2865.6000,2866.0000,2866.2000,2866.4000,5,7,9,2,5,3,3,1,3,3
SF,IH2006,2020-06-17 09:59:39.700,2865.4000,19606,-1,4274348040.000,1,0,1,双平,B,2864.8000,2864.6000,2864.4000,2864.2000,2864.0000,2865.4000,2865.6000,2866.0000,2866.2000,2866.4000,5,7,9,2,5,2,3,5,3,3
SF,IH2006,2020-06-17 09:59:41.700,2865.4000,19606,0,4274348040.000,0,-,-,-,-,2865.0000,2864.8000,2864.6000,2864.4000,2864.2000,2865.4000,2865.6000,2866.0000,2866.2000,2866.4000,1,5,7,9,2,2,3,5,3,3
SF,IH2006,2020-06-17 09:59:42.200,2865.4000,19606,0,4274348040.000,0,-,-,-,-,2865.0000,2864.8000,2864.6000,2864.4000,2864.2000,2865.4000,2865.6000,2866.0000,2866.2000,2866.4000,1,3,7,9,2,3,3,5,3,3
SF,IH2006,2020-06-17 09:59:42.700,2865.4000,19603,-3,4276926900.000,3,0,3,双平,B,2865.0000,2864.8000,2864.6000,2864.4000,2864.2000,2865.6000,2866.0000,2866.2000,2866.4000,2866.8000,1,3,6,9,2,3,5,3,3,4
SF,IH2006,2020-06-17 09:59:43.200,2865.0000,19602,-1,4277786400.000,1,0,1,双平,B,2864.8000,2864.6000,2864.4000,2864.2000,2864.0000,2865.0000,2865.4000,2865.6000,2866.0000,2866.2000,3,6,9,2,5,2,1,3,5,3
SF,IH2006,2020-06-17 09:59:43.700,2865.0000,19600,-2,4279505400.000,2,0,2,双平,B,2865.0000,2864.8000,2864.6000,2864.4000,2864.2000,2865.6000,2866.0000,2866.2000,2866.4000,2866.8000,2,1,6,9,2,3,5,3,3,4
SF,IH2006,2020-06-17 09:59:44.200,2865.0000,19600,0,4279505400.000,0,-,-,-,-,2864.8000,2864.6000,2864.4000,2864.2000,2864.0000,2865.4000,2865.6000,2866.0000,2866.2000,2866.4000,1,6,9,2,5,1,3,5,2,3
SF,IH2006,2020-06-17 09:59:44.700,2865.0000,19600,0,4279505400.000,0,-,-,-,-,2864.8000,2864.6000,2864.4000,2864.2000,2864.0000,2865.4000,2865.6000,2866.0000,2866.2000,2866.4000,2,6,9,2,5,3,3,5,2,3
SF,IH2006,2020-06-17 09:59:45.200,2865.0000,19600,0,4279505400.000,0,-,-,-,-,2864.8000,2864.6000,2864.4000,2864.2000,2864.0000,2865.4000,2865.6000,2866.0000,2866.2000,2866.4000,2,6,9,2,5,6,3,5,2,3
SF,IH2006,2020-06-17 09:59:45.700,2865.0000,19600,0,4279505400.000,0,-,-,-,-,2864.8000,2864.6000,2864.4000,2864.2000,2864.0000,2865.4000,2865.6000,2866.0000,2866.2000,2866.4000,1,3,9,2,5,6,3,5,2,3
SF,IH2006,2020-06-17 09:59:46.200,2865.0000,19600,0,4279505400.000,0,-,-,-,-,2865.0000,2864.8000,2864.6000,2864.4000,2864.2000,2865.4000,2865.6000,2866.0000,2866.2000,2866.4000,4,1,3,9,2,6,3,5,2,3
SF,IH2006,2020-06-17 09:59:47.200,2865.4000,19598,-2,4281224640.000,2,0,2,双平,B,2865.0000,2864.8000,2864.6000,2864.4000,2864.2000,2865.4000,2865.6000,2866.0000,2866.2000,2866.4000,4,1,3,9,2,4,3,5,2,3
SF,IH2006,2020-06-17 09:59:47.700,2865.4000,19598,0,4281224640.000,0,-,-,-,-,2865.0000,2864.8000,2864.6000,2864.4000,2864.2000,2865.4000,2865.6000,2866.0000,2866.2000,2866.4000,4,1,3,9,2,4,3,5,2,3
SF,IH2006,2020-06-17 09:59:48.200,2865.4000,19598,0,4281224640.000,0,-,-,-,-,2865.0000,2864.8000,2864.6000,2864.4000,2864.2000,2865.4000,2865.6000,2866.0000,2866.2000,2866.4000,4,1,3,9,2,4,4,5,2,3
SF,IH2006,2020-06-17 09:59:48.700,2865.4000,19598,0,4281224640.000,0,-,-,-,-,2865.0000,2864.8000,2864.6000,2864.4000,2864.2000,2865.4000,2865.6000,2866.0000,2866.2000,2866.4000,4,1,3,9,2,1,4,5,2,3
SF,IH2006,2020-06-17 09:59:49.200,2865.0000,19597,-1,4282084140.000,1,0,1,双平,B,2865.0000,2864.8000,2864.6000,2864.4000,2864.2000,2865.4000,2865.6000,2866.0000,2866.2000,2866.4000,3,1,3,9,2,1,4,5,2,3
SF,IH2006,2020-06-17 09:59:49.700,2865.0000,19596,-1,4283803140.000,2,0,2,空平,B,2865.0000,2864.8000,2864.6000,2864.4000,2864.2000,2865.4000,2865.6000,2866.0000,2866.2000,2866.4000,1,1,3,9,2,2,4,5,2,3
SF,IH2006,2020-06-17 09:59:50.700,2865.0000,19595,-1,4284662640.000,1,0,1,双平,B,2864.8000,2864.6000,2864.4000,2864.2000,2864.0000,2865.0000,2865.4000,2865.6000,2866.0000,2866.2000,1,3,9,2,5,1,2,4,5,2
SF,IH2006,2020-06-17 09:59:51.200,2865.0000,19593,-2,4287241140.000,3,0,3,空平,B,2864.8000,2864.6000,2864.4000,2864.2000,2864.0000,2865.4000,2865.6000,2866.0000,2866.2000,2866.4000,1,3,9,2,5,2,4,5,2,3
SF,IH2006,2020-06-17 09:59:51.700,2865.0000,19593,0,4287241140.000,0,-,-,-,-,2864.8000,2864.6000,2864.4000,2864.2000,2864.0000,2865.4000,2865.6000,2866.0000,2866.2000,2866.4000,2,3,9,2,5,2,4,5,2,3
SF,IH2006,2020-06-17 09:59:52.200,2865.0000,19593,0,4287241140.000,0,-,-,-,-,2864.8000,2864.6000,2864.4000,2864.2000,2864.0000,2865.4000,2865.6000,2866.0000,2866.2000,2866.4000,2,3,9,2,5,2,4,5,2,3
SF,IH2006,2020-06-17 09:59:52.700,2865.0000,19593,0,4287241140.000,0,-,-,-,-,2864.8000,2864.6000,2864.4000,2864.2000,2864.0000,2865.4000,2865.6000,2866.0000,2866.2000,2866.4000,4,3,9,2,5,2,4,5,2,3
SF,IH2006,2020-06-17 09:59:54.200,2865.0000,19593,0,4287241140.000,0,-,-,-,-,2865.0000,2864.8000,2864.6000,2864.4000,2864.2000,2865.4000,2865.6000,2866.0000,2866.2000,2866.4000,1,4,3,9,2,2,4,5,2,3
SF,IH2006,2020-06-17 09:59:55.200,2865.0000,19593,0,4287241140.000,0,-,-,-,-,2864.8000,2864.6000,2864.4000,2864.2000,2864.0000,2865.4000,2865.6000,2866.0000,2866.2000,2866.4000,4,3,9,2,5,2,4,5,2,3
SF,IH2006,2020-06-17 09:59:55.700,2865.0000,19593,0,4287241140.000,0,-,-,-,-,2864.8000,2864.6000,2864.4000,2864.2000,2864.0000,2865.0000,2865.2000,2865.4000,2865.6000,2866.0000,4,3,9,2,5,1,1,2,4,5
SF,IH2006,2020-06-17 09:59:56.200,2865.0000,19593,0,4288100640.000,1,0,1,空换,B,2865.0000,2864.8000,2864.6000,2864.4000,2864.2000,2865.4000,2865.6000,2866.0000,2866.2000,2866.4000,2,4,3,9,2,2,4,5,2,3
SF,IH2006,2020-06-17 09:59:56.700,2865.4000,19591,-2,4289819880.000,2,0,2,双平,B,2864.8000,2864.6000,2864.4000,2864.2000,2864.0000,2865.6000,2866.0000,2866.2000,2866.4000,2866.8000,4,3,9,2,5,4,5,2,3,2
SF,IH2006,2020-06-17 09:59:57.200,2865.4000,19591,0,4289819880.000,0,-,-,-,-,2865.0000,2864.8000,2864.6000,2864.4000,2864.2000,2865.6000,2866.0000,2866.2000,2866.4000,2866.8000,3,4,3,9,2,4,5,2,3,2
SF,IH2006,2020-06-17 09:59:57.700,2865.4000,19591,0,4289819880.000,0,-,-,-,-,2865.0000,2864.8000,2864.6000,2864.4000,2864.2000,2865.4000,2865.6000,2866.0000,2866.2000,2866.4000,3,4,3,9,2,1,4,5,2,3
SF,IH2006,2020-06-17 09:59:58.200,2865.4000,19591,0,4289819880.000,0,-,-,-,-,2865.0000,2864.8000,2864.6000,2864.4000,2864.2000,2865.4000,2865.6000,2866.0000,2866.2000,2866.4000,3,4,3,9,2,3,3,5,2,3
SF,IH2006,2020-06-17 09:59:59.700,2865.4000,19591,0,4289819880.000,0,-,-,-,-,2865.0000,2864.8000,2864.6000,2864.4000,2864.2000,2865.4000,2865.6000,2866.0000,2866.2000,2866.4000,3,4,3,9,2,3,3,5,2,3
SF,IH2006,2020-06-17 10:00:00.200,2865.0000,19584,-7,4300995300.000,13,3,10,空平,B,2864.8000,2864.6000,2864.4000,2864.2000,2864.0000,2866.0000,2866.2000,2866.4000,2866.8000,2867.0000,4,3,9,2,5,2,2,3,2,1
SF,IH2006,2020-06-17 10:00:00.700,2865.8000,19582,-2,4302714540.000,2,0,2,双平,B,2865.0000,2864.8000,2864.6000,2864.4000,2864.2000,2865.2000,2865.8000,2866.0000,2866.2000,2866.4000,5,4,3,9,2,1,5,7,2,3
SF,IH2006,2020-06-17 10:00:01.200,2865.0000,19583,1,4304433540.000,2,1,1,多开,B,2865.0000,2864.8000,2864.6000,2864.4000,2864.2000,2865.2000,2865.8000,2866.0000,2866.2000,2866.4000,1,3,3,9,2,1,2,8,2,3
SF,IH2006,2020-06-17 10:00:01.700,2865.2000,19583,0,4305293100.000,1,0,1,空换,B,2865.0000,2864.8000,2864.6000,2864.4000,2864.2000,2865.8000,2866.0000,2866.2000,2866.4000,2866.8000,1,3,3,9,2,2,8,2,3,2
SF,IH2006,2020-06-17 10:00:02.200,2865.2000,19583,0,4305293100.000,0,-,-,-,-,2865.2000,2865.0000,2864.8000,2864.6000,2864.4000,2865.6000,2865.8000,2866.0000,2866.2000,2866.4000,2,2,3,3,9,3,3,7,2,3
SF,IH2006,2020-06-17 10:00:02.700,2865.2000,19583,0,4305293100.000,0,-,-,-,-,2865.2000,2865.0000,2864.8000,2864.6000,2864.4000,2865.6000,2865.8000,2866.0000,2866.2000,2866.4000,4,3,3,3,8,3,3,7,2,3
SF,IH2006,2020-06-17 10:00:03.200,2865.2000,19583,0,4305293100.000,0,-,-,-,-,2865.2000,2865.0000,2864.8000,2864.6000,2864.4000,2865.6000,2865.8000,2866.0000,2866.2000,2866.4000,4,3,3,3,8,2,2,4,2,3
SF,IH2006,2020-06-17 10:00:04.200,2865.2000,19583,0,4305293100.000,0,-,-,-,-,2865.4000,2865.2000,2865.0000,2864.8000,2864.6000,2865.6000,2865.8000,2866.0000,2866.2000,2866.4000,2,4,3,3,3,2,1,4,2,3
SF,IH2006,2020-06-17 10:00:04.700,2865.6000,19580,-3,4307872140.000,3,0,3,双平,B,2865.4000,2865.2000,2865.0000,2864.8000,2864.6000,2865.8000,2866.0000,2866.2000,2866.4000,2866.8000,2,3,3,3,3,1,4,2,2,2
SF,IH2006,2020-06-17 10:00:05.200,2865.4000,19580,0,4309591380.000,2,1,1,空换,B,2865.2000,2865.0000,2864.8000,2864.6000,2864.4000,2865.4000,2865.8000,2866.2000,2866.4000,2866.8000,3,3,3,3,8,4,1,2,2,2
SF,IH2006,2020-06-17 10:00:05.700,2865.4000,19578,-2,4311310620.000,2,0,2,双平,B,2865.2000,2865.0000,2864.8000,2864.6000,2864.4000,2865.4000,2865.8000,2866.2000,2866.4000,2866.8000,3,2,3,3,8,2,1,2,2,2
SF,IH2006,2020-06-17 10:00:06.200,2865.4000,19576,-2,4313029860.000,2,0,2,双平,B,2865.4000,2865.2000,2865.0000,2864.8000,2864.6000,2865.8000,2866.2000,2866.4000,2866.8000,2867.0000,3,3,2,3,3,1,2,2,2,1
SF,IH2006,2020-06-17 10:00:06.700,2865.4000,19576,0,4313029860.000,0,-,-,-,-,2865.2000,2865.0000,2864.8000,2864.6000,2864.4000,2865.6000,2865.8000,2866.2000,2866.4000,2866.8000,3,2,3,3,8,2,1,2,2,2
SF,IH2006,2020-06-17 10:00:07.200,2865.2000,19575,-1,4313889420.000,1,0,1,双平,B,2865.2000,2865.0000,2864.8000,2864.6000,2864.4000,2865.6000,2865.8000,2866.2000,2866.4000,2866.8000,2,2,3,3,8,2,1,2,2,2
SF,IH2006,2020-06-17 10:00:07.700,2865.2000,19575,0,4313889420.000,0,-,-,-,-,2865.2000,2865.0000,2864.8000,2864.6000,2864.4000,2865.6000,2865.8000,2866.2000,2866.4000,2866.8000,2,2,3,3,8,3,1,2,2,2
SF,IH2006,2020-06-17 10:00:08.200,2865.6000,19576,1,4314749100.000,1,1,0,双开,B,2865.2000,2865.0000,2864.8000,2864.6000,2864.4000,2865.4000,2865.6000,2865.8000,2866.2000,2866.4000,2,2,3,3,8,1,2,1,2,2
SF,IH2006,2020-06-17 10:00:08.700,2865.6000,19576,0,4314749100.000,0,-,-,-,-,2865.2000,2865.0000,2864.8000,2864.6000,2864.4000,2865.4000,2865.6000,2865.8000,2866.2000,2866.4000,2,1,3,3,8,1,2,1,2,2
SF,IH2006,2020-06-17 10:00:09.200,2865.4000,19576,0,4315608720.000,1,0,1,空换,B,2865.2000,2865.0000,2864.8000,2864.6000,2864.4000,2865.6000,2865.8000,2866.2000,2866.4000,2866.8000,2,1,3,3,8,1,1,2,2,2
SF,IH2006,2020-06-17 10:00:09.700,2865.4000,19576,0,4315608720.000,0,-,-,-,-,2865.2000,2865.0000,2864.8000,2864.6000,2864.4000,2865.6000,2865.8000,2866.2000,2866.4000,2866.8000,2,1,3,3,8,2,1,2,2,2
SF,IH2006,2020-06-17 10:00:10.200,2865.4000,19576,0,4315608720.000,0,-,-,-,-,2865.2000,2865.0000,2864.8000,2864.6000,2864.4000,2865.4000,2865.6000,2865.8000,2866.2000,2866.4000,2,1,3,3,8,3,1,1,2,2
SF,IH2006,2020-06-17 10:00:10.700,2865.4000,19576,0,4315608720.000,0,-,-,-,-,2865.2000,2865.0000,2864.8000,2864.6000,2864.4000,2865.4000,2865.6000,2865.8000,2866.2000,2866.4000,2,1,3,4,8,3,1,1,2,2
SF,IH2006,2020-06-17 10:00:11.200,2865.2000,19574,-2,4317327840.000,2,0,2,双平,B,2865.0000,2864.8000,2864.6000,2864.4000,2864.2000,2865.4000,2865.6000,2865.8000,2866.2000,2866.4000,1,3,4,8,2,3,1,1,2,2
SF,IH2006,2020-06-17 10:00:11.700,2865.2000,19574,0,4317327840.000,0,-,-,-,-,2865.0000,2864.8000,2864.6000,2864.4000,2864.2000,2865.4000,2865.6000,2865.8000,2866.2000,2866.4000,1,3,4,8,2,4,1,1,2,2
SF,IH2006,2020-06-17 10:00:12.700,2865.4000,19574,0,4319047080.000,2,1,1,空换,B,2865.0000,2864.8000,2864.6000,2864.4000,2864.2000,2865.4000,2865.6000,2865.8000,2866.2000,2866.4000,2,3,4,8,2,2,1,1,2,2
SF,IH2006,2020-06-17 10:00:13.200,2865.4000,19574,0,4319906700.000,1,0,1,空换,B,2865.0000,2864.8000,2864.6000,2864.4000,2864.2000,2865.6000,2865.8000,2866.2000,2866.4000,2866.8000,3,3,4,8,2,1,1,2,2,2
SF,IH2006,2020-06-17 10:00:13.700,2865.6000,19574,0,4320766380.000,1,0,1,空换,B,2865.0000,2864.8000,2864.6000,2864.4000,2864.2000,2865.6000,2865.8000,2866.2000,2866.4000,2866.8000,2,3,4,8,2,1,1,2,2,2
SF,IH2006,2020-06-17 10:00:14.200,2865.6000,19574,0,4320766380.000,0,-,-,-,-,2865.0000,2864.8000,2864.6000,2864.4000,2864.2000,2865.4000,2865.6000,2865.8000,2866.2000,2866.4000,3,3,4,8,2,3,6,1,2,2
SF,IH2006,2020-06-17 10:00:14.700,2865.6000,19574,0,4320766380.000,0,-,-,-,-,2865.0000,2864.8000,2864.6000,2864.4000,2864.2000,2865.4000,2865.6000,2865.8000,2866.2000,2866.4000,3,3,4,8,2,5,6,1,2,2
SF,IH2006,2020-06-17 10:00:15.200,2865.0000,19574,0,4321625880.000,1,0,1,空换,B,2865.0000,2864.8000,2864.6000,2864.4000,2864.2000,2865.4000,2865.6000,2865.8000,2866.2000,2866.4000,2,3,4,8,2,5,6,1,2,2
SF,IH2006,2020-06-17 10:00:15.700,2865.0000,19573,-1,4323344880.000,2,0,2,空平,B,2864.8000,2864.6000,2864.4000,2864.2000,2864.0000,2865.0000,2865.4000,2865.6000,2865.8000,2866.2000,3,4,8,2,5,1,5,6,1,2
SF,IH2006,2020-06-17 10:00:16.200,2865.2000,19568,-5,4328501760.000,6,0,6,空平,B,2864.6000,2864.4000,2864.2000,2864.0000,2863.8000,2864.8000,2865.2000,2865.4000,2865.6000,2866.2000,4,8,2,5,1,2,1,5,6,2
SF,IH2006,2020-06-17 10:00:16.700,2865.0000,19567,-1,4329361260.000,1,0,1,双平,B,2864.6000,2864.4000,2864.2000,2864.0000,2863.8000,2864.8000,2865.2000,2865.4000,2865.6000,2866.2000,4,8,2,5,1,2,1,5,6,2
SF,IH2006,2020-06-17 10:00:17.200,2864.8000,19562,-5,4333658220.000,5,0,5,双平,B,2864.4000,2864.2000,2864.0000,2863.8000,2863.6000,2864.8000,2865.2000,2865.4000,2865.6000,2866.2000,8,2,5,1,1,1,1,5,6,2
SF,IH2006,2020-06-17 10:00:17.700,2864.8000,19562,0,4333658220.000,0,-,-,-,-,2864.4000,2864.2000,2864.0000,2863.8000,2863.6000,2864.6000,2864.8000,2865.2000,2865.4000,2865.6000,8,2,5,1,1,1,1,1,5,6
SF,IH2006,2020-06-17 10:00:18.200,2864.6000,19555,-7,4342251420.000,10,1,9,空平,B,2864.2000,2864.0000,2863.8000,2863.6000,2863.4000,2864.4000,2864.8000,2865.0000,2865.2000,2865.4000,1,5,1,1,4,1,1,2,1,5
SF,IH2006,2020-06-17 10:00:18.700,2864.0000,19551,-4,4348266120.000,7,1,6,空平,B,2863.8000,2863.6000,2863.4000,2863.2000,2863.0000,2864.8000,2865.0000,2865.2000,2865.4000,2865.6000,1,1,4,4,5,1,2,1,5,6
SF,IH2006,2020-06-17 10:00:19.200,2864.4000,19550,-1,4349125440.000,1,0,1,双平,B,2863.8000,2863.6000,2863.4000,2863.2000,2863.0000,2864.6000,2864.8000,2865.0000,2865.2000,2865.4000,2,1,4,4,6,5,2,2,1,4
SF,IH2006,2020-06-17 10:00:19.700,2863.8000,19550,0,4349984580.000,1,0,1,空换,B,2863.8000,2863.6000,2863.4000,2863.2000,2863.0000,2864.6000,2864.8000,2865.0000,2865.2000,2865.4000,1,1,4,4,6,5,2,2,1,4
SF,IH2006,2020-06-17 10:00:20.200,2863.8000,19550,0,4350843720.000,1,0,1,空换,B,2863.8000,2863.6000,2863.4000,2863.2000,2863.0000,2864.6000,2864.8000,2865.0000,2865.2000,2865.4000,3,1,4,4,6,5,2,2,1,4
SF,IH2006,2020-06-17 10:00:20.700,2863.8000,19550,0,4351702860.000,1,0,1,空换,B,2864.0000,2863.8000,2863.6000,2863.4000,2863.2000,2864.6000,2864.8000,2865.0000,2865.2000,2865.4000,2,4,1,4,4,4,1,2,1,4
SF,IH2006,2020-06-17 10:00:21.200,2863.8000,19548,-2,4353421140.000,2,0,2,双平,B,2864.0000,2863.8000,2863.6000,2863.4000,2863.2000,2864.6000,2864.8000,2865.0000,2865.2000,2865.4000,1,4,1,4,4,4,1,2,1,4
SF,IH2006,2020-06-17 10:00:21.700,2863.8000,19548,0,4353421140.000,0,-,-,-,-,2864.0000,2863.8000,2863.6000,2863.4000,2863.2000,2864.6000,2864.8000,2865.0000,2865.2000,2865.4000,1,4,1,4,4,4,2,2,1,4
SF,IH2006,2020-06-17 10:00:22.200,2863.8000,19548,0,4353421140.000,0,-,-,-,-,2864.2000,2864.0000,2863.8000,2863.6000,2863.4000,2864.6000,2864.8000,2865.0000,2865.4000,2865.6000,1,1,5,1,4,3,2,2,4,5
SF,IH2006,2020-06-17 10:00:22.700,2863.8000,19548,0,4353421140.000,0,-,-,-,-,2864.0000,2863.8000,2863.6000,2863.4000,2863.2000,2864.6000,2864.8000,2865.0000,2865.4000,2865.6000,2,5,1,4,4,1,1,2,4,5
SF,IH2006,2020-06-17 10:00:23.200,2863.8000,19548,0,4353421140.000,0,-,-,-,-,2864.0000,2863.8000,2863.6000,2863.4000,2863.2000,2864.4000,2864.6000,2864.8000,2865.0000,2865.4000,2,5,1,4,4,1,3,1,2,4
SF,IH2006,2020-06-17 10:00:24.200,2863.8000,19548,0,4353421140.000,0,-,-,-,-,2864.0000,2863.8000,2863.6000,2863.4000,2863.2000,2864.4000,2864.6000,2864.8000,2865.0000,2865.2000,3,5,1,4,4,1,3,1,2,1
SF,IH2006,2020-06-17 10:00:24.700,2863.8000,19548,0,4353421140.000,0,-,-,-,-,2864.0000,2863.8000,2863.6000,2863.4000,2863.2000,2864.4000,2864.6000,2864.8000,2865.0000,2865.2000,3,5,1,4,4,2,3,1,2,1
SF,IH2006,2020-06-17 10:00:25.200,2864.4000,19547,-1,4354280460.000,1,0,1,双平,B,2864.2000,2864.0000,2863.8000,2863.6000,2863.4000,2864.6000,2864.8000,2865.0000,2865.2000,2865.4000,2,3,5,1,4,3,1,2,1,4
SF,IH2006,2020-06-17 10:00:25.700,2864.2000,19547,0,4355139720.000,1,0,1,空换,B,2864.0000,2863.8000,2863.6000,2863.4000,2863.2000,2864.6000,2864.8000,2865.0000,2865.2000,2865.4000,3,6,1,4,4,3,1,2,1,4
SF,IH2006,2020-06-17 10:00:26.200,2864.2000,19547,0,4355139720.000,0,-,-,-,-,2864.0000,2863.8000,2863.6000,2863.4000,2863.2000,2864.6000,2864.8000,2865.0000,2865.2000,2865.4000,3,6,1,4,4,3,1,2,1,4
SF,IH2006,2020-06-17 10:00:26.700,2864.2000,19547,0,4355139720.000,0,-,-,-,-,2864.2000,2864.0000,2863.8000,2863.6000,2863.4000,2864.6000,2864.8000,2865.0000,2865.2000,2865.4000,5,3,5,1,4,2,1,2,1,4
SF,IH2006,2020-06-17 10:00:28.200,2864.2000,19547,0,4355139720.000,0,-,-,-,-,2864.2000,2864.0000,2863.8000,2863.6000,2863.4000,2864.6000,2864.8000,2865.0000,2865.2000,2865.4000,3,3,5,1,4,2,1,2,1,4
SF,IH2006,2020-06-17 10:00:28.700,2864.2000,19546,-1,4355998980.000,1,0,1,双平,B,2864.2000,2864.0000,2863.8000,2863.6000,2863.4000,2864.8000,2865.0000,2865.2000,2865.4000,2865.6000,2,3,5,1,4,1,2,1,4,5
SF,IH2006,2020-06-17 10:00:29.200,2864.2000,19545,-1,4356858240.000,1,0,1,双平,B,2864.2000,2864.0000,2863.8000,2863.6000,2863.4000,2864.6000,2864.8000,2865.0000,2865.2000,2865.4000,1,3,5,1,4,2,4,2,1,4
SF,IH2006,2020-06-17 10:00:29.700,2864.2000,19545,0,4356858240.000,0,-,-,-,-,2864.0000,2863.8000,2863.6000,2863.4000,2863.2000,2864.2000,2864.6000,2864.8000,2865.0000,2865.2000,3,5,1,4,4,1,4,3,2,1
SF,IH2006,2020-06-17 10:00:30.200,2864.2000,19546,1,4357717500.000,1,1,0,双开,B,2864.0000,2863.8000,2863.6000,2863.4000,2863.2000,2864.6000,2864.8000,2865.0000,2865.2000,2865.4000,3,5,1,4,4,4,3,2,1,4
SF,IH2006,2020-06-17 10:00:31.200,2864.2000,19546,0,4357717500.000,0,-,-,-,-,2864.0000,2863.8000,2863.6000,2863.4000,2863.2000,2864.6000,2864.8000,2865.0000,2865.2000,2865.4000,3,5,1,4,4,4,3,2,1,1
SF,IH2006,2020-06-17 10:00:31.700,2864.2000,19546,0,4357717500.000,0,-,-,-,-,2864.0000,2863.8000,2863.6000,2863.4000,2863.2000,2864.6000,2864.8000,2865.0000,2865.2000,2865.4000,3,5,1,4,3,4,3,2,1,1
SF,IH2006,2020-06-17 10:00:32.200,2864.2000,19546,0,4357717500.000,0,-,-,-,-,2864.4000,2864.0000,2863.8000,2863.6000,2863.4000,2864.6000,2864.8000,2865.0000,2865.2000,2865.4000,1,4,5,1,4,4,3,2,1,1
SF,IH2006,2020-06-17 10:00:32.700,2864.4000,19545,-1,4358576820.000,1,0,1,双平,B,2864.0000,2863.8000,2863.6000,2863.4000,2863.2000,2864.6000,2864.8000,2865.0000,2865.2000,2865.4000,4,5,1,4,3,3,3,2,1,1
SF,IH2006,2020-06-17 10:00:33.700,2864.0000,19545,0,4359436020.000,1,0,1,空换,B,2864.0000,2863.8000,2863.6000,2863.4000,2863.2000,2864.6000,2864.8000,2865.0000,2865.2000,2865.4000,3,5,1,4,3,3,3,2,1,1
SF,IH2006,2020-06-17 10:00:34.200,2864.0000,19545,0,4359436020.000,0,-,-,-,-,2864.0000,2863.8000,2863.6000,2863.4000,2863.2000,2864.6000,2864.8000,2865.0000,2865.2000,2865.4000,4,5,1,4,3,3,1,2,1,1
SF,IH2006,2020-06-17 10:00:34.700,2864.6000,19545,0,4360295400.000,1,0,1,空换,B,2864.0000,2863.8000,2863.6000,2863.4000,2863.2000,2864.6000,2864.8000,2865.0000,2865.2000,2865.4000,4,6,1,4,3,4,1,2,1,1
SF,IH2006,2020-06-17 10:00:35.200,2864.2000,19545,0,4361154660.000,1,0,1,空换,B,2864.0000,2863.8000,2863.6000,2863.4000,2863.2000,2864.6000,2864.8000,2865.0000,2865.2000,2865.4000,4,6,1,4,3,3,1,2,1,1
SF,IH2006,2020-06-17 10:00:35.700,2864.2000,19545,0,4361154660.000,0,-,-,-,-,2864.0000,2863.8000,2863.6000,2863.4000,2863.2000,2864.2000,2864.6000,2864.8000,2865.0000,2865.2000,4,6,1,4,3,2,3,1,2,1
SF,IH2006,2020-06-17 10:00:36.200,2864.2000,19542,-3,4365450960.000,5,1,4,空平,B,2864.2000,2864.0000,2863.8000,2863.6000,2863.4000,2864.6000,2864.8000,2865.0000,2865.2000,2865.4000,5,10,6,1,4,3,1,2,1,1
SF,IH2006,2020-06-17 10:00:36.700,2864.2000,19542,0,4365450960.000,0,-,-,-,-,2864.4000,2864.2000,2864.0000,2863.8000,2863.6000,2864.6000,2864.8000,2865.0000,2865.2000,2865.4000,1,1,10,6,1,3,1,2,1,1
SF,IH2006,2020-06-17 10:00:37.200,2864.2000,19542,0,4365450960.000,0,-,-,-,-,2864.2000,2864.0000,2863.8000,2863.6000,2863.4000,2864.6000,2864.8000,2865.0000,2865.2000,2865.4000,1,10,6,1,4,3,1,2,1,1
SF,IH2006,2020-06-17 10:00:37.700,2864.2000,19542,0,4365450960.000,0,-,-,-,-,2864.4000,2864.2000,2864.0000,2863.8000,2863.6000,2864.6000,2864.8000,2865.0000,2865.2000,2865.4000,1,2,10,6,1,3,1,2,1,1
SF,IH2006,2020-06-17 10:00:38.700,2864.6000,19543,1,4368029100.000,3,2,1,多开,B,2864.4000,2864.2000,2864.0000,2863.8000,2863.6000,2864.8000,2865.0000,2865.2000,2865.4000,2866.2000,1,2,10,6,1,1,2,1,1,2
SF,IH2006,2020-06-17 10:00:39.200,2864.6000,19543,0,4368029100.000,0,-,-,-,-,2864.6000,2864.4000,2864.2000,2864.0000,2863.8000,2865.0000,2865.2000,2865.4000,2866.2000,2866.8000,2,1,1,10,6,2,1,1,2,2
SF,IH2006,2020-06-17 10:00:39.700,2864.6000,19543,0,4368029100.000,0,-,-,-,-,2864.8000,2864.6000,2864.4000,2864.2000,2864.0000,2865.0000,2865.2000,2865.4000,2866.2000,2866.8000,1,4,1,1,9,2,1,1,2,2
SF,IH2006,2020-06-17 10:00:40.200,2864.6000,19543,0,4368029100.000,0,-,-,-,-,2864.8000,2864.6000,2864.2000,2864.0000,2863.8000,2865.0000,2865.2000,2865.4000,2866.2000,2866.8000,1,4,1,9,6,2,1,1,2,2
SF,IH2006,2020-06-17 10:00:40.700,2864.6000,19543,0,4368029100.000,0,-,-,-,-,2864.8000,2864.6000,2864.2000,2864.0000,2863.8000,2865.0000,2865.2000,2865.4000,2866.2000,2866.8000,1,4,2,9,6,2,1,1,2,2
SF,IH2006,2020-06-17 10:00:41.700,2864.6000,19543,0,4368029100.000,0,-,-,-,-,2864.6000,2864.2000,2864.0000,2863.8000,2863.6000,2865.0000,2865.2000,2865.4000,2866.2000,2866.8000,4,2,9,6,1,2,1,1,2,2
SF,IH2006,2020-06-17 10:00:42.200,2864.6000,19543,0,4368029100.000,0,-,-,-,-,2864.8000,2864.6000,2864.2000,2864.0000,2863.8000,2865.0000,2865.2000,2865.4000,2866.2000,2866.8000,1,4,2,9,6,2,1,1,2,2
SF,IH2006,2020-06-17 10:00:42.700,2864.6000,19542,-1,4368888480.000,1,0,1,双平,B,2864.6000,2864.2000,2864.0000,2863.8000,2863.6000,2865.0000,2865.2000,2865.4000,2866.2000,2866.8000,5,2,9,6,1,2,1,1,2,2
SF,IH2006,2020-06-17 10:00:43.200,2864.6000,19542,0,4368888480.000,0,-,-,-,-,2864.6000,2864.2000,2864.0000,2863.8000,2863.6000,2865.0000,2865.2000,2865.4000,2866.2000,2866.8000,5,2,9,6,1,2,1,1,2,1
SF,IH2006,2020-06-17 10:00:44.200,2865.0000,19542,0,4370607480.000,2,1,1,空换,B,2864.8000,2864.6000,2864.2000,2864.0000,2863.8000,2865.2000,2865.4000,2866.2000,2866.8000,2867.0000,2,6,2,9,6,1,1,2,1,1
SF,IH2006,2020-06-17 10:00:44.700,2865.0000,19542,0,4370607480.000,0,-,-,-,-,2864.8000,2864.6000,2864.2000,2864.0000,2863.8000,2865.2000,2865.4000,2866.0000,2866.2000,2866.8000,2,6,2,9,6,3,1,1,2,1
SF,IH2006,2020-06-17 10:00:45.200,2865.0000,19542,0,4370607480.000,0,-,-,-,-,2864.8000,2864.6000,2864.2000,2864.0000,2863.8000,2865.2000,2865.4000,2866.0000,2866.2000,2866.8000,2,3,2,9,6,3,1,1,2,1
SF,IH2006,2020-06-17 10:00:45.700,2865.0000,19542,0,4370607480.000,0,-,-,-,-,2864.8000,2864.6000,2864.2000,2864.0000,2863.8000,2865.2000,2865.4000,2866.0000,2866.2000,2866.8000,1,3,2,9,6,4,1,1,2,1
SF,IH2006,2020-06-17 10:00:46.200,2865.0000,19542,0,4370607480.000,0,-,-,-,-,2864.6000,2864.2000,2864.0000,2863.8000,2863.6000,2865.2000,2865.4000,2866.0000,2866.2000,2866.8000,3,2,9,6,1,5,1,1,2,1
SF,IH2006,2020-06-17 10:00:46.700,2865.0000,19542,0,4370607480.000,0,-,-,-,-,2865.0000,2864.6000,2864.2000,2864.0000,2863.8000,2865.2000,2865.4000,2866.0000,2866.2000,2866.8000,17,3,2,9,6,7,1,1,2,1
SF,IH2006,2020-06-17 10:00:47.200,2865.0000,19542,0,4373185980.000,3,1,2,空换,B,2865.0000,2864.6000,2864.2000,2864.0000,2863.8000,2865.2000,2865.4000,2866.0000,2866.2000,2866.8000,14,3,2,9,6,11,1,1,2,1
SF,IH2006,2020-06-17 10:00:47.700,2865.0000,19540,-2,4378342980.000,6,2,4,空平,B,2865.0000,2864.6000,2864.2000,2864.0000,2863.8000,2865.2000,2865.4000,2866.0000,2866.2000,2866.8000,8,2,2,9,6,11,1,1,2,1
SF,IH2006,2020-06-17 10:00:48.200,2865.0000,19532,-8,4385218980.000,8,0,8,双平,B,2864.6000,2864.2000,2864.0000,2863.8000,2863.6000,2865.0000,2865.2000,2865.4000,2866.0000,2866.2000,2,2,9,6,1,15,10,1,1,2
SF,IH2006,2020-06-17 10:00:48.700,2865.0000,19532,0,4385218980.000,0,-,-,-,-,2864.6000,2864.2000,2864.0000,2863.8000,2863.6000,2864.8000,2865.0000,2865.2000,2865.4000,2866.0000,2,2,9,6,1,2,8,6,1,1
SF,IH2006,2020-06-17 10:00:49.200,2865.0000,19532,0,4385218980.000,0,-,-,-,-,2864.6000,2864.2000,2864.0000,2863.8000,2863.6000,2864.8000,2865.0000,2865.2000,2865.4000,2866.0000,2,2,9,6,1,6,2,6,1,1
SF,IH2006,2020-06-17 10:00:49.700,2865.0000,19532,0,4385218980.000,0,-,-,-,-,2864.6000,2864.2000,2864.0000,2863.8000,2863.6000,2864.8000,2865.0000,2865.2000,2865.4000,2866.0000,2,1,9,6,1,6,2,6,1,1
SF,IH2006,2020-06-17 10:00:50.700,2864.6000,19532,0,4386937740.000,2,1,1,空换,B,2864.2000,2864.0000,2863.8000,2863.6000,2863.4000,2864.8000,2865.0000,2865.2000,2865.4000,2866.0000,1,9,6,1,4,6,2,6,1,1
SF,IH2006,2020-06-17 10:00:51.200,2864.6000,19532,0,4386937740.000,0,-,-,-,-,2864.6000,2864.2000,2864.0000,2863.8000,2863.6000,2864.8000,2865.0000,2865.2000,2865.4000,2866.0000,1,1,9,6,1,7,2,6,1,1
SF,IH2006,2020-06-17 10:00:53.200,2864.8000,19533,1,4390375500.000,4,2,2,多开,B,2864.6000,2864.2000,2864.0000,2863.8000,2863.6000,2864.8000,2865.0000,2865.2000,2865.4000,2866.0000,1,1,9,6,1,3,2,6,1,1
SF,IH2006,2020-06-17 10:00:53.700,2864.8000,19533,0,4390375500.000,0,-,-,-,-,2864.6000,2864.2000,2864.0000,2863.8000,2863.6000,2864.8000,2865.2000,2865.4000,2866.0000,2866.2000,1,2,9,6,1,2,6,1,1,2
SF,IH2006,2020-06-17 10:00:54.200,2864.8000,19534,1,4392094380.000,2,1,1,多开,B,2864.6000,2864.2000,2864.0000,2863.8000,2863.6000,2865.2000,2865.4000,2866.0000,2866.2000,2866.8000,1,2,9,6,1,6,1,1,2,1
SF,IH2006,2020-06-17 10:00:54.700,2864.8000,19534,0,4392953820.000,1,0,1,空换,B,2864.8000,2864.6000,2864.4000,2864.2000,2864.0000,2865.2000,2865.4000,2866.0000,2866.2000,2866.8000,1,3,1,2,9,6,1,1,2,1
SF,IH2006,2020-06-17 10:00:55.200,2864.8000,19534,0,4393813260.000,1,0,1,空换,B,2864.6000,2864.4000,2864.2000,2864.0000,2863.8000,2864.8000,2865.2000,2865.4000,2866.0000,2866.2000,3,1,2,9,6,1,7,1,1,2
SF,IH2006,2020-06-17 10:00:55.700,2864.6000,19532,-2,4395532020.000,2,0,2,双平,B,2864.2000,2864.0000,2863.8000,2863.6000,2863.4000,2865.2000,2865.4000,2866.0000,2866.2000,2866.8000,1,9,6,1,4,7,1,1,2,1
SF,IH2006,2020-06-17 10:00:56.200,2864.6000,19532,0,4395532020.000,0,-,-,-,-,2864.4000,2864.2000,2864.0000,2863.8000,2863.6000,2865.0000,2865.2000,2865.4000,2866.0000,2866.2000,2,4,9,6,1,5,7,1,1,2
SF,IH2006,2020-06-17 10:00:56.700,2864.6000,19532,0,4395532020.000,0,-,-,-,-,2864.2000,2864.0000,2863.8000,2863.6000,2863.4000,2865.0000,2865.2000,2865.4000,2866.0000,2866.2000,2,9,6,1,4,6,7,1,1,2
SF,IH2006,2020-06-17 10:00:57.200,2864.6000,19532,0,4395532020.000,0,-,-,-,-,2864.2000,2864.0000,2863.8000,2863.6000,2863.4000,2864.8000,2865.0000,2865.2000,2865.4000,2866.0000,2,9,6,1,4,1,6,7,1,1
SF,IH2006,2020-06-17 10:00:58.700,2864.6000,19532,0,4395532020.000,0,-,-,-,-,2864.2000,2864.0000,2863.8000,2863.6000,2863.4000,2864.8000,2865.0000,2865.2000,2865.4000,2866.0000,2,8,6,1,4,1,6,7,1,1
SF,IH2006,2020-06-17 10:00:59.200,2864.6000,19532,0,4395532020.000,0,-,-,-,-,2864.2000,2864.0000,2863.8000,2863.6000,2863.4000,2864.8000,2865.0000,2865.2000,2865.4000,2866.0000,3,8,6,1,4,1,6,7,1,1
SF,IH2006,2020-06-17 10:00:59.700,2864.6000,19532,0,4395532020.000,0,-,-,-,-,2864.2000,2864.0000,2863.8000,2863.6000,2863.4000,2864.8000,2865.0000,2865.2000,2865.4000,2866.0000,3,8,6,1,4,1,6,7,1,1
SF,IH2006,2020-06-17 10:01:00.200,2864.6000,19532,0,4395532020.000,0,-,-,-,-,2864.2000,2864.0000,2863.8000,2863.6000,2863.4000,2864.8000,2865.0000,2865.2000,2865.4000,2866.0000,3,8,6,1,4,4,6,7,1,1
SF,IH2006,2020-06-17 10:01:00.700,2864.6000,19532,0,4395532020.000,0,-,-,-,-,2864.2000,2864.0000,2863.8000,2863.6000,2863.4000,2864.8000,2865.0000,2865.2000,2865.4000,2866.0000,3,8,6,1,4,5,6,7,1,1
SF,IH2006,2020-06-17 10:01:01.200,2864.8000,19531,-1,4396391460.000,1,0,1,双平,B,2864.2000,2864.0000,2863.8000,2863.6000,2863.4000,2864.4000,2864.8000,2865.0000,2865.2000,2865.4000,3,8,6,1,4,1,4,3,7,1
SF,IH2006,2020-06-17 10:01:01.700,2864.8000,19531,0,4396391460.000,0,-,-,-,-,2864.2000,2864.0000,2863.8000,2863.6000,2863.4000,2864.4000,2864.6000,2864.8000,2865.0000,2865.2000,2,8,6,1,4,4,1,2,2,6
SF,IH2006,2020-06-17 10:01:02.200,2864.8000,19531,0,4396391460.000,0,-,-,-,-,2864.2000,2864.0000,2863.8000,2863.6000,2863.4000,2864.4000,2864.6000,2864.8000,2865.0000,2865.2000,3,8,6,1,4,4,1,2,2,6
SF,IH2006,2020-06-17 10:01:02.700,2864.8000,19531,0,4396391460.000,0,-,-,-,-,2864.2000,2864.0000,2863.8000,2863.6000,2863.4000,2864.4000,2864.6000,2864.8000,2865.0000,2865.2000,3,8,6,1,4,4,1,2,3,6
SF,IH2006,2020-06-17 10:01:03.200,2864.8000,19531,0,4396391460.000,0,-,-,-,-,2864.2000,2864.0000,2863.8000,2863.6000,2863.4000,2864.4000,2864.6000,2864.8000,2865.0000,2865.2000,3,8,6,1,4,4,1,2,3,6
SF,IH2006,2020-06-17 10:01:05.200,2864.8000,19531,0,4396391460.000,0,-,-,-,-,2864.2000,2864.0000,2863.8000,2863.6000,2863.4000,2864.4000,2864.6000,2864.8000,2865.0000,2865.2000,4,8,6,1,4,4,1,2,3,6
SF,IH2006,2020-06-17 10:01:05.700,2864.8000,19531,0,4396391460.000,0,-,-,-,-,2864.2000,2864.0000,2863.8000,2863.6000,2863.4000,2864.4000,2864.6000,2864.8000,2865.0000,2865.2000,6,8,6,1,4,4,1,2,3,6
SF,IH2006,2020-06-17 10:01:08.200,2864.8000,19531,0,4396391460.000,0,-,-,-,-,2864.2000,2864.0000,2863.8000,2863.6000,2863.4000,2864.4000,2864.6000,2864.8000,2865.0000,2865.2000,6,13,6,1,4,4,1,2,3,6
SF,IH2006,2020-06-17 10:01:09.200,2864.4000,19530,-1,4397250780.000,1,0,1,双平,B,2864.2000,2864.0000,2863.8000,2863.6000,2863.4000,2864.4000,2864.6000,2864.8000,2865.0000,2865.2000,6,13,6,1,4,3,1,4,3,6
SF,IH2006,2020-06-17 10:01:09.700,2864.4000,19530,0,4397250780.000,0,-,-,-,-,2864.2000,2864.0000,2863.8000,2863.6000,2863.4000,2864.4000,2864.6000,2864.8000,2865.0000,2865.2000,6,13,6,1,4,3,1,7,3,6
SF,IH2006,2020-06-17 10:01:10.200,2864.4000,19527,-3,4399828740.000,3,0,3,双平,B,2864.4000,2864.2000,2864.0000,2863.8000,2863.6000,2864.6000,2864.8000,2865.0000,2865.2000,2865.4000,3,6,13,6,1,1,7,3,6,1
SF,IH2006,2020-06-17 10:01:10.700,2864.6000,19526,-1,4400688120.000,1,0,1,双平,B,2864.6000,2864.4000,2864.2000,2864.0000,2863.8000,2864.8000,2865.0000,2865.2000,2865.4000,2866.0000,4,3,5,13,6,6,3,6,1,1
SF,IH2006,2020-06-17 10:01:11.200,2864.6000,19524,-2,4403266380.000,3,0,3,空平,B,2864.4000,2864.2000,2864.0000,2863.8000,2863.6000,2864.8000,2865.0000,2865.2000,2865.4000,2866.0000,3,5,13,6,1,7,2,6,1,1
SF,IH2006,2020-06-17 10:01:11.700,2864.6000,19523,-1,4404125760.000,1,0,1,双平,B,2864.6000,2864.4000,2864.2000,2864.0000,2863.8000,2864.8000,2865.0000,2865.2000,2865.4000,2866.0000,1,4,5,13,6,10,2,6,1,1
SF,IH2006,2020-06-17 10:01:12.700,2864.6000,19522,-1,4405844580.000,2,0,2,空平,B,2864.4000,2864.2000,2864.0000,2863.8000,2863.6000,2864.8000,2865.0000,2865.2000,2865.4000,2866.0000,4,5,13,6,1,9,2,6,1,1
SF,IH2006,2020-06-17 10:01:13.200,2864.6000,19522,0,4405844580.000,0,-,-,-,-,2864.4000,2864.2000,2864.0000,2863.8000,2863.6000,2864.6000,2864.8000,2865.0000,2865.2000,2865.4000,3,5,13,6,1,1,9,2,6,1
SF,IH2006,2020-06-17 10:01:13.700,2864.6000,19522,0,4405844580.000,0,-,-,-,-,2864.4000,2864.2000,2864.0000,2863.8000,2863.6000,2864.8000,2865.0000,2865.2000,2865.4000,2866.0000,3,5,13,6,1,9,2,6,1,1
SF,IH2006,2020-06-17 10:01:14.200,2864.6000,19522,0,4405844580.000,0,-,-,-,-,2864.4000,2864.2000,2864.0000,2863.8000,2863.6000,2864.6000,2864.8000,2865.0000,2865.2000,2865.4000,3,5,13,6,1,1,9,2,6,1
SF,IH2006,2020-06-17 10:01:14.700,2864.4000,19521,-1,4406703900.000,1,0,1,双平,B,2864.4000,2864.2000,2864.0000,2863.8000,2863.6000,2864.6000,2864.8000,2865.0000,2865.2000,2865.4000,2,5,14,6,1,1,9,2,6,1
SF,IH2006,2020-06-17 10:01:16.700,2864.8000,19521,0,4408422720.000,2,1,1,空换,B,2864.4000,2864.2000,2864.0000,2863.8000,2863.6000,2864.8000,2865.0000,2865.2000,2865.4000,2866.0000,2,5,14,6,1,8,2,6,1,1
SF,IH2006,2020-06-17 10:01:17.200,2864.8000,19521,0,4408422720.000,0,-,-,-,-,2864.4000,2864.2000,2864.0000,2863.8000,2863.6000,2864.8000,2865.0000,2865.2000,2865.4000,2866.0000,2,5,14,6,1,8,2,6,1,1
SF,IH2006,2020-06-17 10:01:17.700,2864.8000,19521,0,4408422720.000,0,-,-,-,-,2864.4000,2864.2000,2864.0000,2863.8000,2863.6000,2864.8000,2865.0000,2865.2000,2865.4000,2866.0000,3,5,14,6,1,8,2,6,1,1
SF,IH2006,2020-06-17 10:01:18.200,2864.8000,19516,-5,4412719920.000,5,0,5,双平,B,2864.6000,2864.4000,2864.2000,2864.0000,2863.8000,2864.8000,2865.0000,2865.2000,2865.4000,2866.2000,1,3,5,14,6,3,2,6,1,2
SF,IH2006,2020-06-17 10:01:18.700,2865.0000,19512,-4,4420455420.000,9,2,7,空平,B,2865.0000,2864.8000,2864.6000,2864.4000,2864.2000,2865.2000,2865.4000,2866.2000,2866.8000,2867.0000,11,18,3,3,5,2,1,2,1,1
SF,IH2006,2020-06-17 10:01:19.200,2865.2000,19512,0,4422174540.000,2,1,1,空换,B,2865.2000,2864.8000,2864.6000,2864.4000,2864.2000,2865.4000,2866.2000,2866.8000,2867.0000,2867.2000,3,7,3,2,5,1,2,1,1,1
SF,IH2006,2020-06-17 10:01:19.700,2865.2000,19512,0,4422174540.000,0,-,-,-,-,2865.2000,2864.8000,2864.6000,2864.4000,2864.2000,2865.4000,2866.2000,2866.8000,2867.0000,2867.2000,3,7,4,2,5,1,2,1,1,1
SF,IH2006,2020-06-17 10:01:20.200,2865.4000,19511,-1,4423034160.000,1,0,1,双平,B,2865.2000,2864.8000,2864.6000,2864.4000,2864.2000,2866.2000,2866.8000,2867.0000,2867.2000,2867.4000,4,7,4,3,5,2,1,1,1,4
SF,IH2006,2020-06-17 10:01:20.700,2865.4000,19511,0,4423034160.000,0,-,-,-,-,2865.2000,2864.8000,2864.6000,2864.4000,2864.2000,2865.6000,2866.0000,2866.2000,2866.8000,2867.0000,4,7,4,3,5,2,5,2,1,1
SF,IH2006,2020-06-17 10:01:21.200,2865.4000,19511,0,4423034160.000,0,-,-,-,-,2865.4000,2865.2000,2864.8000,2864.6000,2864.4000,2866.0000,2866.2000,2866.8000,2867.0000,2867.2000,3,4,7,3,3,4,2,1,1,1
SF,IH2006,2020-06-17 10:01:21.700,2865.4000,19511,0,4423034160.000,0,-,-,-,-,2865.2000,2864.8000,2864.6000,2864.4000,2864.2000,2865.8000,2866.0000,2866.2000,2866.8000,2867.0000,4,7,3,3,5,1,3,2,1,1
SF,IH2006,2020-06-17 10:01:22.200,2865.4000,19511,0,4423034160.000,0,-,-,-,-,2865.2000,2864.8000,2864.6000,2864.4000,2864.2000,2865.6000,2865.8000,2866.0000,2866.2000,2866.8000,4,7,3,3,5,1,3,3,2,1
SF,IH2006,2020-06-17 10:01:22.700,2865.4000,19511,0,4423034160.000,0,-,-,-,-,2865.2000,2864.8000,2864.6000,2864.4000,2864.2000,2865.8000,2866.0000,2866.2000,2866.8000,2867.0000,4,7,3,3,5,3,3,2,1,1
SF,IH2006,2020-06-17 10:01:23.200,2866.0000,19511,0,4427332980.000,5,2,3,空换,B,2865.2000,2864.8000,2864.6000,2864.4000,2864.2000,2866.0000,2866.2000,2866.8000,2867.0000,2867.2000,4,7,3,3,5,1,2,1,1,1
SF,IH2006,2020-06-17 10:01:23.700,2866.0000,19511,0,4427332980.000,0,-,-,-,-,2865.4000,2865.2000,2864.8000,2864.6000,2864.4000,2866.0000,2866.2000,2866.8000,2867.0000,2867.2000,4,4,7,3,3,1,2,1,1,1
SF,IH2006,2020-06-17 10:01:24.200,2866.0000,19511,0,4427332980.000,0,-,-,-,-,2865.6000,2865.4000,2865.2000,2864.8000,2864.6000,2866.2000,2866.8000,2867.0000,2867.2000,2867.4000,1,6,4,7,2,2,1,1,1,4
SF,IH2006,2020-06-17 10:01:24.700,2866.0000,19511,0,4427332980.000,0,-,-,-,-,2865.6000,2865.4000,2865.2000,2864.8000,2864.6000,2866.2000,2866.8000,2867.0000,2867.2000,2867.4000,1,5,4,7,1,2,1,1,1,4
SF,IH2006,2020-06-17 10:01:25.200,2865.6000,19510,-1,4428192660.000,1,0,1,双平,B,2865.4000,2865.2000,2864.8000,2864.6000,2864.4000,2865.6000,2865.8000,2866.2000,2866.8000,2867.0000,5,4,7,1,2,5,11,2,1,1
SF,IH2006,2020-06-17 10:01:25.700,2865.6000,19510,0,4429052340.000,1,0,1,空换,B,2865.4000,2865.2000,2864.8000,2864.6000,2864.4000,2866.2000,2866.8000,2867.0000,2867.2000,2867.4000,3,4,7,1,2,2,1,1,1,4
SF,IH2006,2020-06-17 10:01:26.200,2865.6000,19509,-1,4429912020.000,1,0,1,双平,B,2865.4000,2865.2000,2864.8000,2864.6000,2864.4000,2865.6000,2866.2000,2866.8000,2867.0000,2867.2000,3,4,7,1,2,1,4,1,1,1
SF,IH2006,2020-06-17 10:01:26.700,2865.4000,19509,0,4432490880.000,3,1,2,空换,B,2865.2000,2864.8000,2864.6000,2864.4000,2864.2000,2866.0000,2866.2000,2866.8000,2867.0000,2867.2000,4,5,1,2,6,1,5,1,1,1
SF,IH2006,2020-06-17 10:01:27.200,2865.4000,19509,0,4432490880.000,0,-,-,-,-,2865.2000,2864.8000,2864.6000,2864.4000,2864.2000,2865.4000,2865.8000,2866.0000,2866.2000,2866.8000,4,5,1,2,6,7,7,3,5,1
SF,IH2006,2020-06-17 10:01:27.700,2865.2000,19507,-2,4435069560.000,3,0,3,空平,B,2864.6000,2864.4000,2864.2000,2864.0000,2863.8000,2865.2000,2865.8000,2866.0000,2866.2000,2866.8000,1,2,6,9,6,2,4,3,5,1
SF,IH2006,2020-06-17 10:01:28.200,2865.2000,19507,0,4435069560.000,0,-,-,-,-,2864.8000,2864.6000,2864.4000,2864.2000,2864.0000,2865.8000,2866.0000,2866.2000,2866.8000,2867.0000,1,3,2,6,9,4,1,5,1,1
SF,IH2006,2020-06-17 10:01:28.700,2865.2000,19507,0,4435069560.000,0,-,-,-,-,2864.8000,2864.6000,2864.4000,2864.2000,2864.0000,2865.4000,2865.6000,2865.8000,2866.0000,2866.2000,1,3,2,6,9,1,5,3,1,4
SF,IH2006,2020-06-17 10:01:29.200,2865.2000,19507,0,4435069560.000,0,-,-,-,-,2865.2000,2864.8000,2864.6000,2864.4000,2864.2000,2865.4000,2865.6000,2865.8000,2866.0000,2866.2000,1,1,3,2,6,1,5,3,1,4
SF,IH2006,2020-06-17 10:01:29.700,2865.2000,19507,0,4435069560.000,0,-,-,-,-,2865.2000,2864.8000,2864.6000,2864.4000,2864.2000,2865.4000,2865.6000,2865.8000,2866.0000,2866.2000,3,1,3,2,6,1,6,3,1,4
SF,IH2006,2020-06-17 10:01:30.200,2865.2000,19505,-2,4437648240.000,3,0,3,空平,B,2864.8000,2864.6000,2864.4000,2864.2000,2864.0000,2865.2000,2865.4000,2865.6000,2865.8000,2866.0000,1,3,2,5,9,3,1,6,3,1
SF,IH2006,2020-06-17 10:01:30.700,2865.2000,19504,-1,4438507800.000,1,0,1,双平,B,2865.2000,2864.8000,2864.6000,2864.4000,2864.2000,2865.4000,2865.6000,2865.8000,2866.0000,2866.2000,2,1,3,2,5,2,5,3,1,4
SF,IH2006,2020-06-17 10:01:31.200,2865.2000,19503,-1,4440226920.000,2,0,2,空平,B,2864.8000,2864.6000,2864.4000,2864.2000,2864.0000,2865.0000,2865.2000,2865.4000,2865.6000,2865.8000,1,1,2,5,9,4,15,2,5,1
SF,IH2006,2020-06-17 10:01:31.700,2864.8000,19502,-1,4441086360.000,1,0,1,双平,B,2864.6000,2864.4000,2864.2000,2864.0000,2863.8000,2865.2000,2865.4000,2865.6000,2865.8000,2866.2000,1,2,5,9,5,2,1,4,2,3
SF,IH2006,2020-06-17 10:01:32.200,2864.8000,19502,0,4441086360.000,0,-,-,-,-,2864.6000,2864.4000,2864.2000,2864.0000,2863.8000,2865.2000,2865.4000,2865.6000,2865.8000,2866.2000,1,2,5,9,3,3,1,4,2,3
SF,IH2006,2020-06-17 10:01:34.200,2864.6000,19502,0,4441945740.000,1,0,1,空换,B,2864.4000,2864.2000,2864.0000,2863.8000,2863.6000,2865.2000,2865.4000,2865.6000,2865.8000,2866.2000,2,5,9,3,1,3,1,4,2,3
SF,IH2006,2020-06-17 10:01:34.700,2864.6000,19502,0,4441945740.000,0,-,-,-,-,2864.6000,2864.4000,2864.2000,2864.0000,2863.8000,2865.0000,2865.2000,2865.4000,2865.6000,2865.8000,1,2,5,9,3,2,3,1,4,1
SF,IH2006,2020-06-17 10:01:35.200,2864.6000,19502,0,4441945740.000,0,-,-,-,-,2864.6000,2864.4000,2864.2000,2864.0000,2863.8000,2865.2000,2865.4000,2865.6000,2865.8000,2866.2000,2,3,5,9,3,3,1,4,1,3
SF,IH2006,2020-06-17 10:01:35.700,2864.6000,19502,0,4441945740.000,0,-,-,-,-,2864.8000,2864.6000,2864.4000,2864.2000,2864.0000,2865.2000,2865.4000,2865.6000,2865.8000,2866.2000,2,3,3,5,9,3,1,4,1,3
SF,IH2006,2020-06-17 10:01:37.200,2865.2000,19501,-1,4442805300.000,1,0,1,双平,B,2864.8000,2864.6000,2864.4000,2864.2000,2864.0000,2865.2000,2865.4000,2865.6000,2865.8000,2866.2000,2,2,4,4,9,2,1,4,1,3
SF,IH2006,2020-06-17 10:01:37.700,2865.2000,19501,0,4442805300.000,0,-,-,-,-,2864.8000,2864.6000,2864.4000,2864.2000,2864.0000,2865.4000,2865.6000,2865.8000,2866.2000,2866.8000,2,2,4,4,9,1,4,1,3,2
SF,IH2006,2020-06-17 10:01:38.200,2865.4000,19505,4,4447963020.000,6,5,1,多开,B,2865.4000,2865.2000,2865.0000,2864.8000,2864.6000,2865.6000,2865.8000,2866.2000,2866.8000,2867.0000,1,2,3,1,2,2,1,3,2,1
SF,IH2006,2020-06-17 10:01:38.700,2865.4000,19505,0,4447963020.000,0,-,-,-,-,2865.0000,2864.8000,2864.6000,2864.4000,2864.2000,2865.6000,2865.8000,2866.2000,2866.8000,2867.0000,2,2,2,3,4,2,1,3,2,1
SF,IH2006,2020-06-17 10:01:39.200,2865.4000,19505,0,4447963020.000,0,-,-,-,-,2865.0000,2864.8000,2864.6000,2864.4000,2864.2000,2865.2000,2865.4000,2865.6000,2865.8000,2866.2000,1,1,2,3,4,3,2,2,1,3
SF,IH2006,2020-06-17 10:01:39.700,2865.0000,19504,-1,4448822520.000,1,0,1,双平,B,2864.8000,2864.6000,2864.4000,2864.2000,2864.0000,2865.4000,2865.6000,2865.8000,2866.2000,2866.8000,1,2,3,4,9,1,2,1,3,2
SF,IH2006,2020-06-17 10:01:40.200,2865.0000,19504,0,4448822520.000,0,-,-,-,-,2864.8000,2864.6000,2864.4000,2864.2000,2864.0000,2865.4000,2865.6000,2865.8000,2866.2000,2866.8000,2,2,4,4,9,1,2,1,3,2
SF,IH2006,2020-06-17 10:01:40.700,2865.4000,19509,5,4453980240.000,6,5,1,多开,B,2865.4000,2864.8000,2864.6000,2864.4000,2864.2000,2865.6000,2865.8000,2866.2000,2866.8000,2867.0000,15,2,2,4,4,2,1,3,2,1
SF,IH2006,2020-06-17 10:01:41.200,2865.4000,19509,0,4455699540.000,2,1,1,空换,B,2865.4000,2865.2000,2864.8000,2864.6000,2864.4000,2865.8000,2866.2000,2866.8000,2867.0000,2867.2000,14,3,2,2,4,1,3,2,1,1
SF,IH2006,2020-06-17 10:01:41.700,2865.4000,19509,0,4455699540.000,0,-,-,-,-,2865.4000,2865.2000,2864.8000,2864.6000,2864.4000,2865.8000,2866.2000,2866.8000,2867.0000,2867.2000,14,3,2,2,3,2,3,2,1,1
SF,IH2006,2020-06-17 10:01:43.200,2865.4000,19509,0,4456559160.000,1,0,1,空换,B,2865.4000,2865.2000,2864.8000,2864.6000,2864.4000,2865.8000,2866.2000,2866.8000,2867.0000,2867.2000,13,3,2,2,3,2,3,2,1,1
SF,IH2006,2020-06-17 10:01:43.700,2865.4000,19509,0,4458278400.000,2,1,1,空换,B,2865.4000,2865.2000,2864.8000,2864.6000,2864.4000,2865.6000,2865.8000,2866.2000,2866.8000,2867.0000,11,3,2,2,3,1,2,3,2,1
SF,IH2006,2020-06-17 10:01:44.700,2865.4000,19509,0,4458278400.000,0,-,-,-,-,2865.4000,2865.2000,2864.8000,2864.6000,2864.4000,2865.6000,2865.8000,2866.2000,2866.8000,2867.0000,11,3,2,2,3,3,2,3,2,1
SF,IH2006,2020-06-17 10:01:45.700,2865.4000,19513,4,4466014980.000,9,6,3,多开,B,2865.4000,2865.2000,2864.8000,2864.6000,2864.4000,2865.6000,2865.8000,2866.2000,2866.8000,2867.0000,2,3,2,2,3,3,2,3,2,1
SF,IH2006,2020-06-17 10:01:46.200,2865.2000,19512,-1,4470312900.000,5,2,3,空平,B,2864.8000,2864.6000,2864.4000,2864.2000,2864.0000,2865.2000,2865.4000,2865.6000,2865.8000,2866.2000,1,2,3,4,9,12,19,4,2,3
SF,IH2006,2020-06-17 10:01:46.700,2864.6000,19510,-2,4472031660.000,2,0,2,双平,B,2864.4000,2864.2000,2864.0000,2863.8000,2863.6000,2864.6000,2865.4000,2865.6000,2865.8000,2866.2000,3,4,9,3,1,1,11,7,1,3
SF,IH2006,2020-06-17 10:01:47.200,2864.6000,19509,-1,4472891040.000,1,0,1,双平,B,2864.6000,2864.4000,2864.2000,2864.0000,2863.8000,2865.4000,2865.6000,2865.8000,2866.2000,2866.8000,7,3,4,9,3,7,7,1,3,2
SF,IH2006,2020-06-17 10:01:47.700,2864.6000,19509,0,4472891040.000,0,-,-,-,-,2864.6000,2864.4000,2864.2000,2864.0000,2863.8000,2865.2000,2865.4000,2865.6000,2865.8000,2866.2000,3,3,4,9,3,6,7,7,1,3
SF,IH2006,2020-06-17 10:01:48.200,2864.6000,19509,0,4474609800.000,2,1,1,空换,B,2864.6000,2864.4000,2864.2000,2864.0000,2863.8000,2865.0000,2865.2000,2865.4000,2865.6000,2866.2000,1,3,4,9,3,2,10,7,7,3
SF,IH2006,2020-06-17 10:01:48.700,2864.6000,19509,0,4474609800.000,0,-,-,-,-,2864.6000,2864.4000,2864.2000,2864.0000,2863.8000,2864.8000,2865.0000,2865.2000,2865.4000,2865.6000,1,3,4,9,3,1,3,11,7,7
SF,IH2006,2020-06-17 10:01:49.200,2864.8000,19510,1,4475469240.000,1,1,0,双开,B,2864.8000,2864.6000,2864.4000,2864.2000,2864.0000,2865.0000,2865.2000,2865.4000,2865.6000,2866.2000,1,1,3,4,9,3,11,7,7,4
SF,IH2006,2020-06-17 10:01:49.700,2864.8000,19509,-1,4476328680.000,1,0,1,双平,B,2864.6000,2864.4000,2864.2000,2864.0000,2863.8000,2865.0000,2865.2000,2865.4000,2865.6000,2866.2000,1,3,4,9,3,2,10,7,7,4
SF,IH2006,2020-06-17 10:01:50.200,2864.8000,19509,0,4476328680.000,0,-,-,-,-,2864.6000,2864.4000,2864.2000,2864.0000,2863.8000,2864.8000,2865.0000,2865.2000,2865.4000,2865.6000,1,3,4,15,3,5,2,9,7,7
SF,IH2006,2020-06-17 10:01:50.700,2864.6000,19508,-1,4478047500.000,2,0,2,空平,B,2864.4000,2864.2000,2864.0000,2863.8000,2863.6000,2864.8000,2865.0000,2865.2000,2865.4000,2865.6000,3,4,15,3,1,1,2,8,7,7
SF,IH2006,2020-06-17 10:01:51.700,2864.6000,19508,0,4478047500.000,0,-,-,-,-,2864.4000,2864.2000,2864.0000,2863.8000,2863.6000,2864.6000,2864.8000,2865.0000,2865.2000,2865.4000,3,4,15,3,1,1,1,2,8,7
SF,IH2006,2020-06-17 10:01:52.200,2864.6000,19508,0,4479766200.000,2,1,1,空换,B,2864.4000,2864.2000,2864.0000,2863.8000,2863.6000,2864.8000,2865.0000,2865.2000,2865.4000,2865.6000,2,3,15,3,1,1,2,8,7,7
SF,IH2006,2020-06-17 10:01:52.700,2864.6000,19508,0,4479766200.000,0,-,-,-,-,2864.4000,2864.2000,2864.0000,2863.8000,2863.6000,2864.8000,2865.0000,2865.2000,2865.4000,2865.6000,2,3,15,3,1,2,1,8,7,7
SF,IH2006,2020-06-17 10:01:53.200,2864.6000,19508,0,4479766200.000,0,-,-,-,-,2864.4000,2864.2000,2864.0000,2863.8000,2863.6000,2864.8000,2865.0000,2865.2000,2865.4000,2865.6000,2,3,15,3,1,2,1,6,7,7
SF,IH2006,2020-06-17 10:01:53.700,2864.6000,19508,0,4479766200.000,0,-,-,-,-,2864.4000,2864.2000,2864.0000,2863.8000,2863.6000,2864.8000,2865.0000,2865.2000,2865.4000,2865.6000,3,3,15,3,1,2,1,6,7,7
SF,IH2006,2020-06-17 10:01:54.200,2864.6000,19508,0,4479766200.000,0,-,-,-,-,2864.6000,2864.4000,2864.2000,2864.0000,2863.8000,2864.8000,2865.0000,2865.2000,2865.4000,2865.6000,1,3,3,15,3,2,1,6,5,7
SF,IH2006,2020-06-17 10:01:54.700,2864.6000,19508,0,4479766200.000,0,-,-,-,-,2864.6000,2864.4000,2864.2000,2864.0000,2863.8000,2864.8000,2865.0000,2865.2000,2865.4000,2865.6000,1,3,3,15,3,2,1,6,5,8
SF,IH2006,2020-06-17 10:01:55.200,2864.6000,19508,0,4480625580.000,1,0,1,空换,B,2864.4000,2864.2000,2864.0000,2863.8000,2863.6000,2864.8000,2865.0000,2865.2000,2865.4000,2865.6000,3,3,15,3,1,2,1,6,5,8
SF,IH2006,2020-06-17 10:01:57.700,2864.6000,19508,0,4480625580.000,0,-,-,-,-,2864.4000,2864.2000,2864.0000,2863.8000,2863.6000,2864.6000,2864.8000,2865.0000,2865.2000,2865.4000,3,3,15,3,1,1,2,1,6,5
SF,IH2006,2020-06-17 10:01:58.200,2864.6000,19509,1,4481484960.000,1,1,0,双开,B,2864.4000,2864.2000,2864.0000,2863.8000,2863.6000,2864.8000,2865.0000,2865.2000,2865.4000,2865.6000,3,3,15,3,1,2,1,6,5,8
SF,IH2006,2020-06-17 10:01:58.700,2864.6000,19509,0,4481484960.000,0,-,-,-,-,2864.4000,2864.2000,2864.0000,2863.8000,2863.6000,2864.8000,2865.2000,2865.4000,2865.6000,2866.2000,3,3,15,3,1,3,6,5,8,4
SF,IH2006,2020-06-17 10:01:59.200,2864.6000,19509,0,4481484960.000,0,-,-,-,-,2864.4000,2864.2000,2864.0000,2863.8000,2863.6000,2864.8000,2865.2000,2865.4000,2865.6000,2866.2000,3,3,15,3,1,2,6,5,8,4
SF,IH2006,2020-06-17 10:01:59.700,2864.6000,19509,0,4481484960.000,0,-,-,-,-,2864.4000,2864.2000,2864.0000,2863.8000,2863.6000,2864.8000,2865.2000,2865.4000,2865.6000,2866.2000,3,3,15,3,1,3,6,5,8,4
SF,IH2006,2020-06-17 10:02:01.700,2864.8000,19509,0,4484063280.000,3,1,2,空换,B,2864.8000,2864.4000,2864.2000,2864.0000,2863.8000,2865.2000,2865.4000,2865.6000,2866.2000,2866.8000,2,3,3,15,3,6,5,8,4,2
SF,IH2006,2020-06-17 10:02:02.200,2864.8000,19507,-2,4487501040.000,4,1,3,空平,B,2864.4000,2864.2000,2864.0000,2863.8000,2863.6000,2864.8000,2865.0000,2865.2000,2865.4000,2865.6000,3,3,15,3,1,7,11,6,5,7
SF,IH2006,2020-06-17 10:02:02.700,2864.6000,19508,1,4488360420.000,1,1,0,双开,B,2864.4000,2864.2000,2864.0000,2863.8000,2863.6000,2864.6000,2865.2000,2865.4000,2865.6000,2866.2000,3,3,15,3,1,2,5,5,7,4
SF,IH2006,2020-06-17 10:02:03.700,2864.4000,19507,-1,4490079120.000,2,0,2,空平,B,2864.4000,2864.2000,2864.0000,2863.8000,2863.6000,2865.2000,2865.4000,2865.6000,2866.2000,2866.8000,2,3,15,3,1,5,5,7,4,2
SF,IH2006,2020-06-17 10:02:04.200,2864.4000,19507,0,4490938440.000,1,0,1,空换,B,2864.4000,2864.2000,2864.0000,2863.8000,2863.6000,2864.6000,2865.0000,2865.2000,2865.4000,2865.6000,1,3,15,3,1,5,6,5,5,7
SF,IH2006,2020-06-17 10:02:04.700,2864.4000,19507,0,4491797760.000,1,0,1,空换,B,2864.2000,2864.0000,2863.8000,2863.6000,2863.4000,2865.0000,2865.2000,2865.4000,2865.6000,2866.2000,3,15,3,1,4,5,4,5,7,4
SF,IH2006,2020-06-17 10:02:05.700,2864.4000,19507,0,4491797760.000,0,-,-,-,-,2864.2000,2864.0000,2863.8000,2863.6000,2863.4000,2865.0000,2865.2000,2865.4000,2865.6000,2866.2000,3,15,3,1,4,4,4,5,7,4
SF,IH2006,2020-06-17 10:02:06.200,2864.4000,19507,0,4491797760.000,0,-,-,-,-,2864.2000,2864.0000,2863.8000,2863.6000,2863.4000,2865.0000,2865.2000,2865.4000,2865.6000,2866.2000,3,15,3,1,4,5,4,5,7,4
SF,IH2006,2020-06-17 10:02:07.200,2864.4000,19507,0,4491797760.000,0,-,-,-,-,2864.2000,2864.0000,2863.8000,2863.6000,2863.4000,2865.0000,2865.2000,2865.4000,2865.6000,2866.2000,3,15,3,1,4,6,4,5,7,4
SF,IH2006,2020-06-17 10:02:07.700,2864.4000,19507,0,4491797760.000,0,-,-,-,-,2864.2000,2864.0000,2863.8000,2863.6000,2863.4000,2864.4000,2865.0000,2865.2000,2865.4000,2865.6000,3,15,3,1,4,1,6,4,5,7
SF,IH2006,2020-06-17 10:02:08.200,2864.4000,19507,0,4491797760.000,0,-,-,-,-,2864.2000,2864.0000,2863.8000,2863.6000,2863.4000,2865.0000,2865.2000,2865.4000,2865.6000,2866.2000,3,15,3,1,4,5,4,5,7,4
SF,IH2006,2020-06-17 10:02:08.700,2864.4000,19507,0,4491797760.000,0,-,-,-,-,2864.2000,2864.0000,2863.8000,2863.6000,2863.4000,2864.4000,2864.8000,2865.0000,2865.2000,2865.4000,3,15,3,1,4,5,2,6,4,5
SF,IH2006,2020-06-17 10:02:09.200,2864.4000,19507,0,4491797760.000,0,-,-,-,-,2864.2000,2864.0000,2863.8000,2863.6000,2863.4000,2864.8000,2865.0000,2865.2000,2865.4000,2865.6000,3,9,3,1,4,2,6,4,5,7
SF,IH2006,2020-06-17 10:02:09.700,2864.4000,19507,0,4491797760.000,0,-,-,-,-,2864.2000,2864.0000,2863.8000,2863.6000,2863.4000,2864.6000,2864.8000,2865.0000,2865.2000,2865.4000,3,9,3,1,4,1,2,6,4,5
SF,IH2006,2020-06-17 10:02:10.200,2864.4000,19507,0,4491797760.000,0,-,-,-,-,2864.2000,2864.0000,2863.8000,2863.6000,2863.4000,2864.6000,2864.8000,2865.0000,2865.2000,2865.4000,3,9,3,1,4,1,3,5,4,5
SF,IH2006,2020-06-17 10:02:11.700,2864.2000,19507,0,4492657020.000,1,0,1,空换,B,2864.2000,2864.0000,2863.8000,2863.6000,2863.4000,2864.4000,2864.6000,2864.8000,2865.0000,2865.2000,2,9,3,1,4,1,1,3,5,4
SF,IH2006,2020-06-17 10:02:12.200,2864.2000,19506,-1,4494375540.000,2,0,2,空平,B,2864.0000,2863.8000,2863.6000,2863.4000,2863.2000,2864.4000,2864.6000,2864.8000,2865.0000,2865.2000,9,3,1,4,2,1,1,2,5,4
SF,IH2006,2020-06-17 10:02:12.700,2864.2000,19506,0,4494375540.000,0,-,-,-,-,2864.0000,2863.8000,2863.6000,2863.4000,2863.2000,2864.4000,2864.6000,2864.8000,2865.0000,2865.2000,9,3,1,4,2,3,1,1,5,4
SF,IH2006,2020-06-17 10:02:13.700,2864.0000,19504,-2,4502108340.000,9,3,6,空平,B,2863.8000,2863.6000,2863.4000,2863.2000,2863.0000,2864.2000,2864.4000,2864.6000,2864.8000,2865.0000,3,1,4,2,7,1,3,1,1,5
SF,IH2006,2020-06-17 10:02:14.200,2863.8000,19503,-1,4504685760.000,3,1,2,空平,B,2863.6000,2863.4000,2863.2000,2863.0000,2862.8000,2864.0000,2864.2000,2864.4000,2864.6000,2864.8000,1,4,2,7,1,4,4,3,1,1
SF,IH2006,2020-06-17 10:02:14.700,2863.6000,19504,1,4505544840.000,1,1,0,双开,B,2863.4000,2863.2000,2863.0000,2862.8000,2862.6000,2863.6000,2863.8000,2864.0000,2864.2000,2864.4000,4,2,7,1,1,1,1,4,3,3
SF,IH2006,2020-06-17 10:02:15.200,2863.8000,19504,0,4508122200.000,3,1,2,空换,B,2863.4000,2863.2000,2863.0000,2862.8000,2862.6000,2863.8000,2864.0000,2864.2000,2864.4000,2864.6000,4,2,6,1,1,1,4,1,1,1
SF,IH2006,2020-06-17 10:02:15.700,2863.8000,19504,0,4508122200.000,0,-,-,-,-,2863.6000,2863.4000,2863.2000,2863.0000,2862.8000,2863.8000,2864.0000,2864.2000,2864.4000,2864.6000,2,5,2,6,1,1,5,1,1,1
SF,IH2006,2020-06-17 10:02:16.200,2863.8000,19503,-1,4509840480.000,2,0,2,空平,B,2863.8000,2863.4000,2863.2000,2863.0000,2862.8000,2864.0000,2864.2000,2864.4000,2864.6000,2864.8000,1,5,2,6,1,5,1,1,1,1
SF,IH2006,2020-06-17 10:02:16.700,2863.8000,19503,0,4510699620.000,1,0,1,空换,B,2863.4000,2863.2000,2863.0000,2862.8000,2862.6000,2864.0000,2864.2000,2864.4000,2864.6000,2864.8000,6,2,6,1,2,6,1,1,1,1
SF,IH2006,2020-06-17 10:02:17.200,2863.4000,19503,0,4511558640.000,1,0,1,空换,B,2863.4000,2863.2000,2863.0000,2862.8000,2862.6000,2864.0000,2864.2000,2864.4000,2864.6000,2864.8000,5,2,6,1,2,4,1,1,1,1
SF,IH2006,2020-06-17 10:02:17.700,2863.4000,19503,0,4511558640.000,0,-,-,-,-,2863.6000,2863.4000,2863.2000,2863.0000,2862.8000,2864.0000,2864.2000,2864.4000,2864.6000,2864.8000,2,5,2,6,1,4,1,1,1,1
SF,IH2006,2020-06-17 10:02:18.200,2864.0000,19503,0,4514995440.000,4,2,2,空换,B,2863.6000,2863.4000,2863.2000,2863.0000,2862.8000,2864.2000,2864.4000,2864.6000,2864.8000,2865.0000,3,5,2,6,1,1,1,1,1,2
SF,IH2006,2020-06-17 10:02:18.700,2864.0000,19503,0,4515854640.000,1,0,1,空换,B,2863.8000,2863.6000,2863.4000,2863.2000,2863.0000,2864.0000,2864.2000,2864.4000,2864.6000,2864.8000,2,3,5,2,6,1,1,1,1,1
SF,IH2006,2020-06-17 10:02:19.200,2864.2000,19503,0,4517573100.000,2,1,1,空换,B,2864.0000,2863.8000,2863.6000,2863.4000,2863.2000,2864.4000,2864.6000,2864.8000,2865.0000,2865.2000,7,1,2,5,2,1,1,1,2,4
SF,IH2006,2020-06-17 10:02:19.700,2864.2000,19503,0,4518432360.000,1,0,1,空换,B,2864.0000,2863.8000,2863.6000,2863.4000,2863.2000,2864.4000,2864.6000,2864.8000,2865.0000,2865.2000,3,1,2,5,2,1,1,1,2,4
SF,IH2006,2020-06-17 10:02:20.200,2864.2000,19503,0,4518432360.000,0,-,-,-,-,2864.0000,2863.8000,2863.6000,2863.4000,2863.2000,2864.2000,2864.4000,2864.6000,2864.8000,2865.0000,1,1,2,5,2,3,1,1,1,2
SF,IH2006,2020-06-17 10:02:20.700,2864.0000,19502,-1,4519291560.000,1,0,1,双平,B,2863.6000,2863.4000,2863.2000,2863.0000,2862.8000,2864.0000,2864.2000,2864.4000,2864.6000,2864.8000,2,5,2,6,1,1,1,1,1,1
SF,IH2006,2020-06-17 10:02:21.200,2864.0000,19502,0,4520150760.000,1,0,1,空换,B,2864.0000,2863.8000,2863.6000,2863.4000,2863.2000,2864.6000,2864.8000,2865.0000,2865.2000,2865.4000,14,3,2,5,2,1,1,2,4,5
SF,IH2006,2020-06-17 10:02:21.700,2863.8000,19502,0,4521869100.000,2,1,1,空换,B,2863.8000,2863.6000,2863.4000,2863.2000,2863.0000,2864.4000,2864.6000,2864.8000,2865.0000,2865.2000,1,2,5,2,6,3,2,1,2,4
SF,IH2006,2020-06-17 10:02:22.200,2863.8000,19502,0,4521869100.000,0,-,-,-,-,2864.0000,2863.8000,2863.6000,2863.4000,2863.2000,2864.4000,2864.6000,2865.0000,2865.2000,2865.4000,1,2,2,5,2,2,2,2,4,5
SF,IH2006,2020-06-17 10:02:22.700,2863.8000,19502,0,4521869100.000,0,-,-,-,-,2864.0000,2863.8000,2863.6000,2863.4000,2863.2000,2864.4000,2864.6000,2865.0000,2865.2000,2865.4000,1,2,2,5,2,2,1,2,4,5
SF,IH2006,2020-06-17 10:02:23.200,2864.4000,19502,0,4522728420.000,1,0,1,空换,B,2864.0000,2863.8000,2863.6000,2863.4000,2863.2000,2864.4000,2864.6000,2865.0000,2865.2000,2865.4000,1,2,2,5,2,1,1,2,4,5
SF,IH2006,2020-06-17 10:02:23.700,2864.4000,19502,0,4522728420.000,0,-,-,-,-,2864.0000,2863.8000,2863.6000,2863.4000,2863.2000,2864.4000,2864.6000,2865.0000,2865.2000,2865.4000,1,2,3,5,2,1,1,2,4,5
SF,IH2006,2020-06-17 10:02:24.200,2864.4000,19502,0,4522728420.000,0,-,-,-,-,2864.0000,2863.8000,2863.6000,2863.4000,2863.2000,2864.4000,2864.6000,2865.0000,2865.2000,2865.4000,2,2,3,4,2,1,1,2,4,5
SF,IH2006,2020-06-17 10:02:24.700,2864.4000,19502,0,4522728420.000,0,-,-,-,-,2864.0000,2863.8000,2863.6000,2863.4000,2863.2000,2864.4000,2864.6000,2865.0000,2865.2000,2865.4000,2,2,3,4,2,1,1,2,4,5
SF,IH2006,2020-06-17 10:02:25.200,2864.4000,19502,0,4522728420.000,0,-,-,-,-,2864.0000,2863.8000,2863.6000,2863.4000,2863.2000,2864.4000,2864.6000,2865.0000,2865.2000,2865.4000,1,2,3,4,2,1,1,2,4,5
SF,IH2006,2020-06-17 10:02:25.700,2864.4000,19502,0,4522728420.000,0,-,-,-,-,2864.0000,2863.8000,2863.6000,2863.4000,2863.2000,2864.4000,2864.6000,2865.0000,2865.2000,2865.4000,2,2,3,4,2,1,1,2,4,5
SF,IH2006,2020-06-17 10:02:26.200,2864.4000,19502,0,4522728420.000,0,-,-,-,-,2864.0000,2863.8000,2863.6000,2863.4000,2863.2000,2864.2000,2864.4000,2864.6000,2865.0000,2865.2000,2,2,3,4,2,1,1,1,2,4
SF,IH2006,2020-06-17 10:02:26.700,2864.4000,19502,0,4522728420.000,0,-,-,-,-,2864.0000,2863.8000,2863.6000,2863.4000,2863.2000,2864.2000,2864.6000,2865.0000,2865.2000,2865.4000,1,2,3,4,2,1,1,2,4,5
SF,IH2006,2020-06-17 10:02:28.200,2864.4000,19502,0,4522728420.000,0,-,-,-,-,2864.0000,2863.8000,2863.6000,2863.4000,2863.2000,2864.2000,2864.6000,2865.0000,2865.2000,2865.4000,1,3,3,4,2,1,1,2,4,5
SF,IH2006,2020-06-17 10:02:29.200,2864.4000,19502,0,4522728420.000,0,-,-,-,-,2864.0000,2863.8000,2863.6000,2863.4000,2863.2000,2864.6000,2865.0000,2865.2000,2865.4000,2865.6000,1,3,3,4,2,1,2,4,5,5
SF,IH2006,2020-06-17 10:02:29.700,2864.4000,19502,0,4522728420.000,0,-,-,-,-,2864.2000,2864.0000,2863.8000,2863.6000,2863.4000,2864.6000,2865.0000,2865.2000,2865.4000,2865.6000,1,1,3,3,4,2,2,4,5,5
SF,IH2006,2020-06-17 10:02:30.200,2864.4000,19502,0,4522728420.000,0,-,-,-,-,2864.2000,2864.0000,2863.8000,2863.6000,2863.4000,2864.4000,2864.6000,2865.0000,2865.2000,2865.4000,1,1,3,3,4,1,2,2,4,5
SF,IH2006,2020-06-17 10:02:30.700,2864.2000,19501,-1,4523587680.000,1,0,1,双平,B,2864.0000,2863.8000,2863.6000,2863.4000,2863.2000,2864.4000,2864.6000,2865.0000,2865.2000,2865.4000,1,3,3,4,2,3,2,2,4,5
SF,IH2006,2020-06-17 10:02:31.200,2864.0000,19500,-1,4524446880.000,1,0,1,双平,B,2863.8000,2863.6000,2863.4000,2863.2000,2863.0000,2864.0000,2864.2000,2864.4000,2864.6000,2865.0000,3,3,4,2,6,1,1,3,2,2
SF,IH2006,2020-06-17 10:02:31.700,2864.0000,19500,0,4524446880.000,0,-,-,-,-,2863.8000,2863.6000,2863.4000,2863.2000,2863.0000,2864.0000,2864.2000,2864.4000,2864.6000,2865.0000,1,3,4,2,6,1,1,3,2,2
SF,IH2006,2020-06-17 10:02:32.200,2863.8000,19499,-1,4525306020.000,1,0,1,双平,B,2863.6000,2863.4000,2863.2000,2863.0000,2862.8000,2864.2000,2864.4000,2864.6000,2865.0000,2865.2000,3,4,2,6,1,1,3,2,2,4
SF,IH2006,2020-06-17 10:02:33.700,2863.6000,19498,-1,4526165100.000,1,0,1,双平,B,2863.6000,2863.4000,2863.2000,2863.0000,2862.8000,2864.2000,2864.4000,2864.6000,2865.0000,2865.2000,2,4,2,6,1,1,3,2,2,4
SF,IH2006,2020-06-17 10:02:34.200,2863.6000,19498,0,4526165100.000,0,-,-,-,-,2863.6000,2863.4000,2863.2000,2863.0000,2862.8000,2864.2000,2864.4000,2864.6000,2865.0000,2865.2000,2,4,2,7,1,1,3,2,2,4
SF,IH2006,2020-06-17 10:02:34.700,2863.6000,19498,0,4526165100.000,0,-,-,-,-,2863.6000,2863.4000,2863.2000,2863.0000,2862.8000,2864.2000,2864.4000,2864.6000,2865.0000,2865.2000,2,4,2,6,1,1,3,2,2,4
SF,IH2006,2020-06-17 10:02:35.200,2863.6000,19496,-2,4527883260.000,2,0,2,双平,B,2863.4000,2863.2000,2863.0000,2862.8000,2862.6000,2864.2000,2864.4000,2864.6000,2865.0000,2865.2000,4,2,6,1,1,1,3,2,2,4
SF,IH2006,2020-06-17 10:02:35.700,2863.6000,19496,0,4527883260.000,0,-,-,-,-,2863.4000,2863.2000,2863.0000,2862.8000,2862.6000,2864.0000,2864.2000,2864.4000,2864.6000,2865.0000,5,2,6,1,1,1,2,5,2,2
SF,IH2006,2020-06-17 10:02:36.200,2863.6000,19496,0,4527883260.000,0,-,-,-,-,2863.6000,2863.4000,2863.2000,2863.0000,2862.8000,2864.0000,2864.2000,2864.4000,2864.6000,2865.0000,1,5,2,6,1,1,2,4,2,2
SF,IH2006,2020-06-17 10:02:36.700,2863.4000,19493,-3,4530460380.000,3,0,3,双平,B,2863.4000,2863.2000,2863.0000,2862.8000,2862.6000,2864.0000,2864.2000,2864.4000,2864.6000,2865.0000,3,2,6,1,1,1,2,4,2,2
SF,IH2006,2020-06-17 10:02:37.200,2863.4000,19493,0,4530460380.000,0,-,-,-,-,2863.4000,2863.2000,2863.0000,2862.8000,2862.6000,2863.6000,2864.0000,2864.2000,2864.4000,2864.6000,2,2,6,1,1,1,1,2,4,2
SF,IH2006,2020-06-17 10:02:37.700,2863.6000,19492,-1,4531319460.000,1,0,1,双平,B,2863.6000,2863.4000,2863.2000,2863.0000,2862.8000,2864.0000,2864.2000,2864.4000,2864.6000,2865.0000,4,2,2,6,2,1,2,4,2,2
SF,IH2006,2020-06-17 10:02:38.200,2863.6000,19490,-2,4533037620.000,2,0,2,双平,B,2863.4000,2863.2000,2863.0000,2862.8000,2862.6000,2863.6000,2864.0000,2864.2000,2864.4000,2864.6000,2,2,6,2,1,2,2,2,4,2
SF,IH2006,2020-06-17 10:02:38.700,2863.6000,19488,-2,4534755780.000,2,0,2,双平,B,2863.4000,2863.2000,2863.0000,2862.8000,2862.6000,2864.0000,2864.2000,2864.4000,2864.6000,2865.0000,3,2,6,2,1,2,2,5,2,2
SF,IH2006,2020-06-17 10:02:39.200,2863.6000,19488,0,4534755780.000,0,-,-,-,-,2863.4000,2863.2000,2863.0000,2862.8000,2862.6000,2864.0000,2864.2000,2864.4000,2864.6000,2865.0000,4,2,6,2,1,1,2,5,2,2
SF,IH2006,2020-06-17 10:02:39.700,2863.6000,19488,0,4534755780.000,0,-,-,-,-,2863.6000,2863.4000,2863.2000,2863.0000,2862.8000,2864.0000,2864.2000,2864.4000,2864.6000,2865.0000,1,4,2,6,2,1,2,5,2,2
SF,IH2006,2020-06-17 10:02:40.700,2863.6000,19488,0,4534755780.000,0,-,-,-,-,2863.8000,2863.6000,2863.4000,2863.2000,2863.0000,2864.0000,2864.2000,2864.4000,2864.6000,2865.0000,1,1,4,2,6,1,2,5,2,2
SF,IH2006,2020-06-17 10:02:41.200,2864.0000,19487,-1,4536474180.000,2,0,2,空平,B,2863.8000,2863.6000,2863.4000,2863.2000,2863.0000,2864.2000,2864.4000,2864.6000,2865.0000,2865.2000,1,1,4,2,6,1,5,2,2,4
SF,IH2006,2020-06-17 10:02:41.700,2864.0000,19487,0,4536474180.000,0,-,-,-,-,2863.8000,2863.6000,2863.4000,2863.2000,2863.0000,2864.2000,2864.4000,2864.6000,2865.0000,2865.2000,2,1,4,2,6,1,5,2,2,4
SF,IH2006,2020-06-17 10:02:42.200,2864.0000,19487,0,4536474180.000,0,-,-,-,-,2864.0000,2863.8000,2863.6000,2863.4000,2863.2000,2864.2000,2864.4000,2864.6000,2865.0000,2865.2000,3,2,1,4,2,1,5,2,2,4
SF,IH2006,2020-06-17 10:02:42.700,2864.0000,19487,0,4536474180.000,0,-,-,-,-,2864.0000,2863.6000,2863.4000,2863.2000,2863.0000,2864.2000,2864.4000,2864.6000,2865.0000,2865.2000,3,1,4,2,6,1,5,2,2,4
SF,IH2006,2020-06-17 10:02:44.200,2864.2000,19487,0,4537333440.000,1,0,1,空换,B,2864.0000,2863.6000,2863.4000,2863.2000,2863.0000,2864.4000,2864.6000,2865.0000,2865.2000,2865.4000,3,1,4,2,6,5,2,2,4,5
SF,IH2006,2020-06-17 10:02:44.700,2864.2000,19487,0,4537333440.000,0,-,-,-,-,2864.0000,2863.6000,2863.4000,2863.2000,2863.0000,2864.4000,2864.6000,2865.0000,2865.2000,2865.4000,4,1,4,2,6,6,2,2,4,5
SF,IH2006,2020-06-17 10:02:45.200,2864.2000,19487,0,4537333440.000,0,-,-,-,-,2864.0000,2863.6000,2863.4000,2863.2000,2863.0000,2864.4000,2864.6000,2865.0000,2865.2000,2865.4000,4,1,4,2,6,6,2,2,4,5
SF,IH2006,2020-06-17 10:02:45.700,2864.0000,19485,-2,4544207760.000,8,3,5,空平,B,2864.0000,2863.6000,2863.4000,2863.2000,2863.0000,2864.6000,2865.0000,2865.2000,2865.4000,2865.6000,2,1,4,2,6,2,2,4,5,7
SF,IH2006,2020-06-17 10:02:46.200,2864.0000,19485,0,4544207760.000,0,-,-,-,-,2864.2000,2864.0000,2863.6000,2863.4000,2863.2000,2864.6000,2865.0000,2865.2000,2865.4000,2865.6000,1,3,1,4,2,2,2,4,5,7
SF,IH2006,2020-06-17 10:02:46.700,2864.0000,19485,0,4544207760.000,0,-,-,-,-,2864.2000,2864.0000,2863.6000,2863.4000,2863.2000,2864.4000,2864.6000,2865.0000,2865.2000,2865.4000,2,3,1,4,2,1,2,2,4,2
SF,IH2006,2020-06-17 10:02:47.200,2864.0000,19485,0,4544207760.000,0,-,-,-,-,2864.2000,2864.0000,2863.6000,2863.4000,2863.2000,2864.4000,2864.6000,2865.0000,2865.2000,2865.4000,2,2,1,4,2,1,2,2,4,2
SF,IH2006,2020-06-17 10:02:47.700,2864.0000,19485,0,4544207760.000,0,-,-,-,-,2864.2000,2864.0000,2863.6000,2863.4000,2863.2000,2864.4000,2864.6000,2865.0000,2865.2000,2865.4000,1,2,1,4,2,1,2,2,4,2
SF,IH2006,2020-06-17 10:02:48.200,2864.4000,19484,-1,4545926340.000,2,0,2,空平,B,2864.0000,2863.6000,2863.4000,2863.2000,2863.0000,2864.6000,2865.0000,2865.2000,2865.4000,2865.6000,3,1,4,2,6,2,2,4,2,7
SF,IH2006,2020-06-17 10:02:49.200,2864.4000,19484,0,4545926340.000,0,-,-,-,-,2864.0000,2863.6000,2863.4000,2863.2000,2863.0000,2864.6000,2865.0000,2865.2000,2865.4000,2865.6000,3,1,4,2,6,2,2,4,2,7
SF,IH2006,2020-06-17 10:02:49.700,2864.0000,19483,-1,4546785540.000,1,0,1,双平,B,2864.0000,2863.6000,2863.4000,2863.2000,2863.0000,2864.6000,2865.0000,2865.2000,2865.4000,2865.6000,2,1,4,2,6,2,2,4,2,7
SF,IH2006,2020-06-17 10:02:50.200,2864.0000,19483,0,4546785540.000,0,-,-,-,-,2864.0000,2863.6000,2863.4000,2863.2000,2863.0000,2864.6000,2865.0000,2865.2000,2865.4000,2865.6000,2,1,4,2,6,3,2,4,2,7
SF,IH2006,2020-06-17 10:02:50.700,2864.0000,19483,0,4546785540.000,0,-,-,-,-,2864.0000,2863.6000,2863.4000,2863.2000,2863.0000,2864.6000,2865.0000,2865.2000,2865.4000,2865.6000,2,1,4,2,6,3,2,4,2,7
SF,IH2006,2020-06-17 10:02:51.200,2864.0000,19482,-1,4547644740.000,1,0,1,双平,B,2864.0000,2863.6000,2863.4000,2863.2000,2863.0000,2864.6000,2865.0000,2865.2000,2865.4000,2865.6000,2,1,4,2,6,3,2,4,2,7
SF,IH2006,2020-06-17 10:02:51.700,2864.6000,19480,-2,4549363500.000,2,0,2,双平,B,2864.4000,2864.2000,2864.0000,2863.6000,2863.4000,2864.6000,2865.0000,2865.2000,2865.4000,2865.6000,1,5,2,1,4,1,2,4,2,7
SF,IH2006,2020-06-17 10:02:52.200,2864.6000,19480,0,4549363500.000,0,-,-,-,-,2864.6000,2864.2000,2864.0000,2863.6000,2863.4000,2865.0000,2865.2000,2865.4000,2865.6000,2866.0000,2,5,2,1,4,2,4,2,7,1
SF,IH2006,2020-06-17 10:02:52.700,2865.0000,19478,-2,4551082500.000,2,0,2,双平,B,2864.2000,2864.0000,2863.6000,2863.4000,2863.2000,2865.2000,2865.4000,2865.6000,2866.0000,2866.2000,2,2,1,4,2,4,2,7,1,2
SF,IH2006,2020-06-17 10:02:53.200,2865.0000,19478,0,4551082500.000,0,-,-,-,-,2864.4000,2864.2000,2864.0000,2863.6000,2863.4000,2865.0000,2865.2000,2865.4000,2865.6000,2866.0000,4,4,2,1,4,1,4,2,7,1
SF,IH2006,2020-06-17 10:02:53.700,2865.0000,19478,0,4551082500.000,0,-,-,-,-,2864.6000,2864.4000,2864.2000,2864.0000,2863.6000,2865.0000,2865.2000,2865.4000,2865.6000,2866.0000,1,4,4,2,1,1,4,2,7,1
SF,IH2006,2020-06-17 10:02:54.200,2865.0000,19478,0,4551082500.000,0,-,-,-,-,2864.6000,2864.4000,2864.2000,2864.0000,2863.6000,2865.0000,2865.2000,2865.4000,2865.6000,2866.0000,1,4,3,2,1,1,4,2,7,1
SF,IH2006,2020-06-17 10:02:54.700,2865.0000,19478,0,4551082500.000,0,-,-,-,-,2864.6000,2864.4000,2864.2000,2864.0000,2863.6000,2865.0000,2865.2000,2865.4000,2865.6000,2866.0000,1,4,2,2,1,1,4,2,7,1
SF,IH2006,2020-06-17 10:02:55.200,2865.0000,19478,0,4551082500.000,0,-,-,-,-,2864.4000,2864.2000,2864.0000,2863.6000,2863.4000,2864.8000,2865.0000,2865.2000,2865.4000,2865.6000,4,2,3,1,3,1,1,4,2,7
SF,IH2006,2020-06-17 10:02:55.700,2865.0000,19478,0,4551082500.000,0,-,-,-,-,2864.6000,2864.4000,2864.2000,2864.0000,2863.6000,2865.0000,2865.2000,2865.4000,2865.6000,2866.0000,1,3,1,3,1,1,4,2,7,2
SF,IH2006,2020-06-17 10:02:56.200,2865.0000,19478,0,4551082500.000,0,-,-,-,-,2864.6000,2864.4000,2864.2000,2864.0000,2863.6000,2865.0000,2865.2000,2865.4000,2865.6000,2866.0000,1,3,1,3,1,1,5,2,7,2
SF,IH2006,2020-06-17 10:02:57.200,2865.0000,19478,0,4551082500.000,0,-,-,-,-,2864.6000,2864.4000,2864.2000,2864.0000,2863.6000,2864.8000,2865.0000,2865.2000,2865.4000,2865.6000,1,3,1,3,1,1,1,5,2,7
SF,IH2006,2020-06-17 10:02:58.200,2865.0000,19478,0,4551082500.000,0,-,-,-,-,2864.6000,2864.4000,2864.2000,2864.0000,2863.6000,2864.8000,2865.0000,2865.2000,2865.4000,2865.6000,1,3,1,3,1,1,1,5,2,8
SF,IH2006,2020-06-17 10:02:58.700,2865.0000,19478,0,4551082500.000,0,-,-,-,-,2864.6000,2864.4000,2864.2000,2864.0000,2863.6000,2865.2000,2865.4000,2865.6000,2866.0000,2866.2000,1,3,1,3,1,5,2,8,2,2
SF,IH2006,2020-06-17 10:02:59.700,2865.0000,19478,0,4551082500.000,0,-,-,-,-,2864.6000,2864.4000,2864.2000,2864.0000,2863.6000,2865.2000,2865.4000,2865.6000,2866.0000,2866.2000,1,3,1,3,1,6,2,8,2,2
SF,IH2006,2020-06-17 10:03:00.700,2865.0000,19478,0,4551082500.000,0,-,-,-,-,2864.6000,2864.4000,2864.2000,2864.0000,2863.6000,2864.8000,2865.2000,2865.4000,2865.6000,2866.0000,1,3,1,3,1,1,6,2,8,2
SF,IH2006,2020-06-17 10:03:01.200,2864.8000,19477,-1,4551941940.000,1,0,1,双平,B,2864.8000,2864.6000,2864.4000,2864.2000,2864.0000,2865.2000,2865.4000,2865.6000,2866.0000,2866.2000,1,1,3,1,3,6,2,8,2,2
SF,IH2006,2020-06-17 10:03:01.700,2865.2000,19477,0,4552801500.000,1,0,1,空换,B,2864.6000,2864.4000,2864.2000,2864.0000,2863.6000,2865.2000,2865.4000,2865.6000,2866.0000,2866.2000,1,3,1,3,1,5,2,8,2,2
SF,IH2006,2020-06-17 10:03:02.200,2865.2000,19477,0,4552801500.000,0,-,-,-,-,2864.6000,2864.4000,2864.2000,2864.0000,2863.6000,2865.0000,2865.2000,2865.4000,2865.6000,2866.0000,2,2,1,3,1,1,5,2,7,2
SF,IH2006,2020-06-17 10:03:02.700,2865.2000,19477,0,4552801500.000,0,-,-,-,-,2864.6000,2864.4000,2864.2000,2864.0000,2863.6000,2865.0000,2865.2000,2865.4000,2865.6000,2866.0000,1,2,1,3,1,1,5,2,7,2
SF,IH2006,2020-06-17 10:03:03.200,2864.6000,19476,-1,4553660880.000,1,0,1,双平,B,2864.4000,2864.2000,2864.0000,2863.6000,2863.4000,2865.0000,2865.2000,2865.4000,2865.6000,2866.0000,2,1,3,1,3,1,5,2,7,2
SF,IH2006,2020-06-17 10:03:03.700,2864.6000,19476,0,4553660880.000,0,-,-,-,-,2864.4000,2864.2000,2864.0000,2863.6000,2863.4000,2864.6000,2865.0000,2865.2000,2865.4000,2865.6000,2,1,3,1,3,4,1,5,2,7
SF,IH2006,2020-06-17 10:03:04.200,2864.6000,19476,0,4553660880.000,0,-,-,-,-,2864.2000,2864.0000,2863.6000,2863.4000,2863.2000,2865.0000,2865.2000,2865.4000,2865.6000,2866.0000,1,3,1,3,2,1,5,2,7,2
SF,IH2006,2020-06-17 10:03:04.700,2864.6000,19476,0,4553660880.000,0,-,-,-,-,2864.2000,2864.0000,2863.6000,2863.4000,2863.2000,2864.8000,2865.0000,2865.2000,2865.4000,2865.6000,3,3,1,3,2,1,2,5,2,7
SF,IH2006,2020-06-17 10:03:05.200,2865.0000,19474,-2,4555379820.000,2,0,2,双平,B,2864.2000,2864.0000,2863.6000,2863.4000,2863.2000,2865.0000,2865.2000,2865.4000,2865.6000,2866.0000,3,3,1,3,2,2,5,2,7,2
SF,IH2006,2020-06-17 10:03:05.700,2865.0000,19474,0,4555379820.000,0,-,-,-,-,2864.2000,2864.0000,2863.6000,2863.4000,2863.2000,2865.0000,2865.2000,2865.4000,2865.6000,2866.0000,3,3,1,3,2,1,5,2,7,2
SF,IH2006,2020-06-17 10:03:06.200,2864.8000,19473,-1,4556239260.000,1,0,1,双平,B,2864.2000,2864.0000,2863.6000,2863.4000,2863.2000,2865.0000,2865.2000,2865.4000,2865.6000,2866.0000,3,3,1,3,2,1,5,2,7,2
SF,IH2006,2020-06-17 10:03:06.700,2864.8000,19473,0,4556239260.000,0,-,-,-,-,2864.2000,2864.0000,2863.6000,2863.4000,2863.2000,2864.8000,2865.0000,2865.2000,2865.4000,2865.6000,2,3,1,3,2,1,1,5,2,7
SF,IH2006,2020-06-17 10:03:07.200,2864.8000,19473,0,4556239260.000,0,-,-,-,-,2864.2000,2864.0000,2863.6000,2863.4000,2863.2000,2864.8000,2865.0000,2865.2000,2865.4000,2865.6000,2,2,1,3,2,2,2,5,2,7
SF,IH2006,2020-06-17 10:03:07.700,2864.8000,19473,0,4556239260.000,0,-,-,-,-,2864.4000,2864.2000,2864.0000,2863.6000,2863.4000,2864.8000,2865.0000,2865.2000,2865.4000,2865.6000,1,2,2,1,3,2,2,6,2,7
SF,IH2006,2020-06-17 10:03:08.200,2864.8000,19473,0,4556239260.000,0,-,-,-,-,2864.4000,2864.2000,2864.0000,2863.6000,2863.4000,2864.8000,2865.0000,2865.2000,2865.4000,2865.6000,1,3,2,1,3,2,2,6,2,7
SF,IH2006,2020-06-17 10:03:08.700,2864.8000,19473,0,4556239260.000,0,-,-,-,-,2864.4000,2864.2000,2864.0000,2863.6000,2863.4000,2864.8000,2865.0000,2865.2000,2865.4000,2865.6000,1,3,2,1,3,1,2,6,2,7
SF,IH2006,2020-06-17 10:03:10.200,2864.8000,19473,0,4556239260.000,0,-,-,-,-,2864.4000,2864.2000,2864.0000,2863.6000,2863.4000,2864.8000,2865.0000,2865.2000,2865.4000,2865.6000,1,3,2,1,3,1,1,6,2,7
SF,IH2006,2020-06-17 10:03:10.700,2864.8000,19473,0,4556239260.000,0,-,-,-,-,2864.4000,2864.2000,2864.0000,2863.6000,2863.4000,2864.6000,2864.8000,2865.0000,2865.2000,2865.4000,1,3,2,1,3,1,1,1,6,2
SF,IH2006,2020-06-17 10:03:11.200,2864.8000,19473,0,4556239260.000,0,-,-,-,-,2864.2000,2864.0000,2863.6000,2863.4000,2863.2000,2864.6000,2864.8000,2865.0000,2865.2000,2865.4000,3,2,1,3,2,1,1,2,6,2
SF,IH2006,2020-06-17 10:03:11.700,2864.6000,19473,0,4557098640.000,1,0,1,空换,B,2864.6000,2864.2000,2864.0000,2863.6000,2863.4000,2864.8000,2865.0000,2865.2000,2865.4000,2865.6000,1,3,2,1,3,1,2,6,2,7
SF,IH2006,2020-06-17 10:03:12.200,2864.6000,19473,0,4557098640.000,0,-,-,-,-,2864.6000,2864.2000,2864.0000,2863.6000,2863.4000,2864.8000,2865.0000,2865.2000,2865.4000,2865.6000,1,3,2,1,3,1,2,6,2,6
SF,IH2006,2020-06-17 10:03:12.700,2864.6000,19473,0,4557098640.000,0,-,-,-,-,2864.6000,2864.2000,2864.0000,2863.6000,2863.4000,2864.8000,2865.0000,2865.2000,2865.4000,2865.6000,1,3,2,1,3,1,1,5,2,6
SF,IH2006,2020-06-17 10:03:13.700,2864.6000,19471,-2,4558817460.000,2,0,2,双平,B,2864.2000,2864.0000,2863.6000,2863.4000,2863.2000,2864.6000,2865.0000,2865.2000,2865.4000,2865.6000,3,2,1,3,2,1,1,5,2,6
SF,IH2006,2020-06-17 10:03:14.200,2864.6000,19471,0,4559676840.000,1,0,1,空换,B,2864.6000,2864.4000,2864.2000,2864.0000,2863.6000,2865.0000,2865.2000,2865.4000,2865.6000,2866.0000,4,2,3,2,1,1,5,2,6,2
SF,IH2006,2020-06-17 10:03:14.700,2864.6000,19471,0,4559676840.000,0,-,-,-,-,2864.6000,2864.4000,2864.2000,2864.0000,2863.6000,2865.0000,2865.2000,2865.4000,2865.6000,2866.0000,2,2,3,2,1,2,5,2,5,2
SF,IH2006,2020-06-17 10:03:15.200,2864.6000,19470,-1,4560536220.000,1,0,1,双平,B,2864.6000,2864.4000,2864.2000,2864.0000,2863.6000,2865.0000,2865.2000,2865.4000,2865.6000,2866.0000,2,2,3,2,1,2,5,2,5,2
SF,IH2006,2020-06-17 10:03:17.200,2864.6000,19470,0,4560536220.000,0,-,-,-,-,2864.6000,2864.4000,2864.2000,2864.0000,2863.6000,2865.0000,2865.2000,2865.4000,2865.6000,2866.0000,2,3,3,2,1,2,5,2,5,2
SF,IH2006,2020-06-17 10:03:19.700,2865.0000,19470,0,4561395720.000,1,0,1,空换,B,2864.6000,2864.4000,2864.2000,2864.0000,2863.6000,2865.0000,2865.2000,2865.4000,2865.6000,2866.0000,2,3,3,2,1,1,5,2,5,2
SF,IH2006,2020-06-17 10:03:20.200,2864.6000,19469,-1,4563114480.000,2,0,2,空平,B,2864.4000,2864.2000,2864.0000,2863.8000,2863.6000,2865.0000,2865.2000,2865.4000,2865.6000,2866.0000,1,3,3,2,2,1,5,2,5,2
SF,IH2006,2020-06-17 10:03:20.700,2865.0000,19468,-1,4563973980.000,1,0,1,双平,B,2865.0000,2864.4000,2864.2000,2864.0000,2863.8000,2865.2000,2865.4000,2865.6000,2866.0000,2866.2000,2,1,3,3,2,5,2,5,2,2
SF,IH2006,2020-06-17 10:03:21.200,2865.0000,19466,-2,4565692980.000,2,0,2,双平,B,2864.4000,2864.2000,2864.0000,2863.4000,2863.2000,2864.8000,2865.2000,2865.6000,2866.0000,2866.2000,1,3,3,3,2,2,5,5,2,2
SF,IH2006,2020-06-17 10:03:21.700,2864.8000,19465,-1,4567411860.000,2,0,2,空平,B,2864.8000,2864.6000,2864.4000,2864.2000,2864.0000,2865.2000,2865.6000,2866.0000,2866.2000,2866.8000,5,4,3,3,3,5,5,2,2,1
SF,IH2006,2020-06-17 10:03:22.200,2864.8000,19465,0,4567411860.000,0,-,-,-,-,2864.8000,2864.6000,2864.4000,2864.2000,2864.0000,2865.2000,2865.6000,2866.0000,2866.2000,2866.8000,1,4,3,3,2,5,5,2,2,1
SF,IH2006,2020-06-17 10:03:22.700,2864.8000,19465,0,4567411860.000,0,-,-,-,-,2864.8000,2864.6000,2864.4000,2864.2000,2864.0000,2865.2000,2865.6000,2866.0000,2866.2000,2866.8000,1,3,3,3,2,5,5,2,2,1
SF,IH2006,2020-06-17 10:03:23.200,2865.2000,19465,0,4568271420.000,1,0,1,空换,B,2865.0000,2864.8000,2864.6000,2864.4000,2864.2000,2865.2000,2865.6000,2866.0000,2866.2000,2866.8000,1,2,3,4,3,4,5,2,2,1
SF,IH2006,2020-06-17 10:03:23.700,2865.0000,19463,-2,4572569160.000,5,1,4,空平,B,2864.8000,2864.6000,2864.4000,2864.2000,2864.0000,2865.6000,2866.0000,2866.2000,2866.8000,2867.0000,2,3,4,3,2,5,2,2,1,1
SF,IH2006,2020-06-17 10:03:24.200,2865.0000,19463,0,4572569160.000,0,-,-,-,-,2865.0000,2864.8000,2864.6000,2864.4000,2864.2000,2865.6000,2866.0000,2866.2000,2866.8000,2867.0000,1,2,3,4,3,5,2,2,1,1
SF,IH2006,2020-06-17 10:03:24.700,2865.0000,19463,0,4572569160.000,0,-,-,-,-,2865.2000,2865.0000,2864.8000,2864.6000,2864.4000,2865.6000,2866.0000,2866.2000,2866.8000,2867.0000,2,7,2,3,4,5,2,2,1,1
SF,IH2006,2020-06-17 10:03:25.700,2865.6000,19461,-2,4574288520.000,2,0,2,双平,B,2865.0000,2864.8000,2864.6000,2864.4000,2864.2000,2865.6000,2866.0000,2866.2000,2866.8000,2867.0000,7,2,3,4,2,3,2,2,1,1
SF,IH2006,2020-06-17 10:03:26.200,2865.6000,19461,0,4574288520.000,0,-,-,-,-,2865.2000,2865.0000,2864.8000,2864.6000,2864.4000,2865.6000,2866.0000,2866.2000,2866.8000,2867.0000,3,6,2,3,2,3,2,2,1,1
SF,IH2006,2020-06-17 10:03:26.700,2865.6000,19461,0,4574288520.000,0,-,-,-,-,2865.2000,2865.0000,2864.8000,2864.6000,2864.4000,2865.6000,2866.0000,2866.2000,2866.8000,2867.0000,4,6,2,1,2,3,2,2,1,1
SF,IH2006,2020-06-17 10:03:27.200,2865.6000,19460,-1,4575148200.000,1,0,1,双平,B,2865.2000,2865.0000,2864.8000,2864.6000,2864.4000,2865.6000,2866.0000,2866.2000,2866.8000,2867.0000,4,6,2,1,2,1,2,2,1,1
SF,IH2006,2020-06-17 10:03:27.700,2865.6000,19458,-2,4576867560.000,2,0,2,双平,B,2865.2000,2865.0000,2864.8000,2864.6000,2864.4000,2865.8000,2866.0000,2866.2000,2866.8000,2867.0000,4,6,2,1,3,1,2,2,1,1
SF,IH2006,2020-06-17 10:03:28.200,2865.6000,19457,-1,4578586980.000,2,0,2,空平,B,2865.6000,2865.4000,2865.2000,2865.0000,2864.8000,2866.0000,2866.2000,2866.8000,2867.0000,2867.2000,1,5,4,6,1,2,2,1,1,1
SF,IH2006,2020-06-17 10:03:28.700,2865.6000,19457,0,4578586980.000,0,-,-,-,-,2865.6000,2865.4000,2865.2000,2865.0000,2864.8000,2866.0000,2866.2000,2866.8000,2867.0000,2867.2000,1,5,2,4,1,2,2,1,1,1
SF,IH2006,2020-06-17 10:03:31.700,2866.0000,19458,1,4580306580.000,2,1,1,多开,B,2866.0000,2865.6000,2865.4000,2865.2000,2865.0000,2866.2000,2866.8000,2867.0000,2867.2000,2867.4000,7,2,5,2,4,2,1,1,1,2
SF,IH2006,2020-06-17 10:03:32.200,2866.2000,19455,-3,4582886160.000,3,0,3,双平,B,2866.2000,2866.0000,2865.8000,2865.6000,2865.4000,2866.8000,2867.0000,2867.2000,2867.4000,2867.6000,16,7,1,2,4,1,1,1,2,2
SF,IH2006,2020-06-17 10:03:32.700,2866.2000,19455,0,4582886160.000,0,-,-,-,-,2866.2000,2866.0000,2865.6000,2865.4000,2865.2000,2866.6000,2866.8000,2867.0000,2867.2000,2867.4000,5,8,2,4,1,2,1,1,1,1
SF,IH2006,2020-06-17 10:03:33.200,2866.2000,19455,0,4582886160.000,0,-,-,-,-,2866.2000,2866.0000,2865.6000,2865.4000,2865.2000,2866.6000,2866.8000,2867.0000,2867.2000,2867.4000,3,8,2,2,1,1,1,1,1,1
SF,IH2006,2020-06-17 10:03:33.700,2866.6000,19456,1,4583746140.000,1,1,0,双开,B,2866.2000,2866.0000,2865.6000,2865.4000,2865.2000,2866.8000,2867.0000,2867.2000,2867.4000,2867.6000,2,8,2,2,1,1,1,1,1,2
SF,IH2006,2020-06-17 10:03:34.200,2866.6000,19455,-1,4584606120.000,1,0,1,双平,B,2866.2000,2866.0000,2865.6000,2865.4000,2865.2000,2866.8000,2867.0000,2867.2000,2867.4000,2867.6000,2,8,2,2,1,1,1,1,1,2
SF,IH2006,2020-06-17 10:03:34.700,2866.6000,19455,0,4584606120.000,0,-,-,-,-,2866.2000,2866.0000,2865.6000,2865.4000,2865.2000,2866.6000,2866.8000,2867.0000,2867.2000,2867.4000,4,8,2,2,1,1,1,1,1,1
SF,IH2006,2020-06-17 10:03:35.200,2866.6000,19455,0,4584606120.000,0,-,-,-,-,2866.4000,2866.2000,2866.0000,2865.6000,2865.4000,2866.8000,2867.0000,2867.2000,2867.4000,2867.6000,2,4,8,2,2,1,1,1,1,2
SF,IH2006,2020-06-17 10:03:35.700,2866.6000,19455,0,4584606120.000,0,-,-,-,-,2866.4000,2866.2000,2866.0000,2865.6000,2865.4000,2866.8000,2867.0000,2867.2000,2867.4000,2867.6000,1,4,8,2,2,1,1,1,1,2
SF,IH2006,2020-06-17 10:03:36.200,2866.8000,19454,-1,4585466160.000,1,0,1,双平,B,2866.8000,2866.6000,2866.4000,2866.2000,2866.0000,2867.0000,2867.2000,2867.4000,2867.6000,2867.8000,3,1,1,9,8,1,1,1,2,1
SF,IH2006,2020-06-17 10:03:36.700,2867.0000,19451,-3,4588906560.000,4,0,4,空平,B,2867.0000,2866.8000,2866.6000,2866.4000,2866.2000,2867.2000,2867.4000,2867.6000,2867.8000,2868.2000,1,4,1,1,9,1,1,2,1,1
SF,IH2006,2020-06-17 10:03:37.200,2867.2000,19449,-2,4590626880.000,2,0,2,双平,B,2867.0000,2866.8000,2866.6000,2866.4000,2866.2000,2867.4000,2867.6000,2867.8000,2868.2000,2868.4000,4,4,1,1,6,1,2,1,1,2
SF,IH2006,2020-06-17 10:03:38.200,2867.0000,19449,0,4591486980.000,1,0,1,空换,B,2867.0000,2866.8000,2866.6000,2866.4000,2866.2000,2867.4000,2867.6000,2867.8000,2868.2000,2868.4000,3,4,1,1,6,1,2,1,1,2
SF,IH2006,2020-06-17 10:03:38.700,2867.0000,19449,0,4592347080.000,1,0,1,空换,B,2867.0000,2866.8000,2866.6000,2866.4000,2866.2000,2867.4000,2867.6000,2867.8000,2868.2000,2868.4000,2,4,1,1,6,1,2,1,1,2
SF,IH2006,2020-06-17 10:03:39.200,2866.8000,19450,1,4594927320.000,3,2,1,多开,B,2866.8000,2866.6000,2866.4000,2866.2000,2866.0000,2867.0000,2867.4000,2867.6000,2867.8000,2868.2000,2,1,1,6,8,2,1,2,1,1
SF,IH2006,2020-06-17 10:03:39.700,2866.8000,19449,-1,4595787360.000,1,0,1,双平,B,2866.8000,2866.6000,2866.4000,2866.2000,2866.0000,2867.0000,2867.4000,2867.6000,2867.8000,2868.2000,1,1,1,6,8,2,1,2,1,1
SF,IH2006,2020-06-17 10:03:40.200,2866.8000,19449,0,4595787360.000,0,-,-,-,-,2866.8000,2866.6000,2866.4000,2866.2000,2866.0000,2867.0000,2867.2000,2867.4000,2867.6000,2867.8000,1,1,1,6,8,2,1,1,2,1
SF,IH2006,2020-06-17 10:03:40.700,2866.8000,19449,0,4596647400.000,1,0,1,空换,B,2866.6000,2866.4000,2866.2000,2866.0000,2865.6000,2867.0000,2867.2000,2867.4000,2867.6000,2867.8000,1,1,6,8,2,2,1,1,2,1
SF,IH2006,2020-06-17 10:03:41.700,2866.6000,19450,1,4597507380.000,1,1,0,双开,B,2866.4000,2866.2000,2866.0000,2865.6000,2865.4000,2867.0000,2867.2000,2867.4000,2867.6000,2867.8000,1,6,8,2,2,3,1,1,2,1
SF,IH2006,2020-06-17 10:03:42.200,2866.8000,19448,-2,4600947300.000,4,1,3,空平,B,2866.2000,2866.0000,2865.6000,2865.4000,2865.2000,2866.4000,2866.8000,2867.0000,2867.2000,2867.4000,6,8,2,2,1,1,1,3,1,1
SF,IH2006,2020-06-17 10:03:42.700,2866.2000,19446,-2,4602667080.000,2,0,2,双平,B,2866.2000,2866.0000,2865.6000,2865.4000,2865.2000,2866.8000,2867.0000,2867.2000,2867.4000,2867.6000,5,7,2,2,1,4,2,1,1,2
SF,IH2006,2020-06-17 10:03:43.200,2866.2000,19446,0,4602667080.000,0,-,-,-,-,2866.4000,2866.2000,2866.0000,2865.6000,2865.4000,2866.6000,2866.8000,2867.0000,2867.2000,2867.4000,1,5,7,2,2,1,4,2,1,1
SF,IH2006,2020-06-17 10:03:44.200,2866.2000,19446,0,4602667080.000,0,-,-,-,-,2866.4000,2866.2000,2866.0000,2865.6000,2865.4000,2866.6000,2866.8000,2867.0000,2867.2000,2867.4000,1,5,7,2,2,1,3,2,1,1
SF,IH2006,2020-06-17 10:03:44.700,2866.4000,19443,-3,4606967040.000,5,1,4,空平,B,2866.2000,2866.0000,2865.6000,2865.4000,2865.2000,2866.8000,2867.0000,2867.2000,2867.4000,2867.6000,5,7,2,2,1,1,2,1,1,2
SF,IH2006,2020-06-17 10:03:45.200,2866.4000,19443,0,4606967040.000,0,-,-,-,-,2866.2000,2866.0000,2865.6000,2865.4000,2865.2000,2866.6000,2866.8000,2867.0000,2867.2000,2867.4000,5,7,2,2,1,2,6,1,1,1
SF,IH2006,2020-06-17 10:03:45.700,2866.4000,19443,0,4606967040.000,0,-,-,-,-,2866.4000,2866.2000,2866.0000,2865.6000,2865.4000,2866.8000,2867.0000,2867.2000,2867.4000,2867.6000,5,6,7,2,2,5,1,1,1,2
SF,IH2006,2020-06-17 10:03:46.200,2866.4000,19443,0,4606967040.000,0,-,-,-,-,2866.2000,2866.0000,2865.6000,2865.4000,2864.6000,2866.8000,2867.0000,2867.2000,2867.4000,2867.6000,6,7,2,2,1,6,1,1,1,2
SF,IH2006,2020-06-17 10:03:46.700,2866.6000,19442,-1,4607827020.000,1,0,1,双平,B,2866.2000,2866.0000,2865.6000,2865.4000,2864.6000,2866.6000,2866.8000,2867.0000,2867.2000,2867.4000,5,7,2,2,1,3,6,1,1,1
SF,IH2006,2020-06-17 10:03:47.700,2866.6000,19442,0,4607827020.000,0,-,-,-,-,2866.2000,2866.0000,2865.6000,2865.4000,2864.6000,2866.4000,2866.6000,2866.8000,2867.0000,2867.2000,5,7,2,2,1,2,1,6,2,1
SF,IH2006,2020-06-17 10:03:48.200,2866.2000,19442,0,4608686880.000,1,0,1,空换,B,2866.2000,2866.0000,2865.6000,2865.4000,2864.6000,2866.4000,2866.6000,2866.8000,2867.0000,2867.2000,4,7,2,2,1,2,1,6,3,1
SF,IH2006,2020-06-17 10:03:49.200,2866.2000,19442,0,4609546740.000,1,0,1,空换,B,2866.2000,2866.0000,2865.6000,2865.4000,2864.6000,2866.4000,2866.6000,2866.8000,2867.0000,2867.2000,3,7,2,2,1,2,1,6,3,1
SF,IH2006,2020-06-17 10:03:49.700,2866.4000,19441,-1,4610406660.000,1,0,1,双平,B,2866.2000,2866.0000,2865.6000,2865.4000,2864.6000,2866.4000,2866.6000,2866.8000,2867.0000,2867.2000,3,7,2,2,1,1,1,6,3,1
SF,IH2006,2020-06-17 10:03:50.200,2866.2000,19441,0,4611266520.000,1,0,1,空换,B,2866.2000,2866.0000,2865.6000,2865.4000,2864.6000,2866.4000,2866.6000,2866.8000,2867.0000,2867.2000,2,7,2,2,1,1,1,6,3,1
SF,IH2006,2020-06-17 10:03:50.700,2866.2000,19441,0,4612126380.000,1,0,1,空换,B,2866.2000,2866.0000,2865.6000,2865.4000,2864.6000,2866.4000,2866.6000,2866.8000,2867.0000,2867.2000,1,7,2,2,1,1,1,6,3,1
SF,IH2006,2020-06-17 10:03:52.700,2866.4000,19441,0,4612986300.000,1,0,1,空换,B,2866.2000,2866.0000,2865.6000,2865.4000,2864.6000,2866.4000,2866.6000,2866.8000,2867.0000,2867.2000,2,6,2,1,1,1,1,6,2,1
SF,IH2006,2020-06-17 10:03:53.200,2866.4000,19440,-1,4613846220.000,1,0,1,双平,B,2866.4000,2866.2000,2866.0000,2865.6000,2865.4000,2866.8000,2867.0000,2867.2000,2867.4000,2867.6000,2,2,6,2,1,6,2,1,1,2
SF,IH2006,2020-06-17 10:03:53.700,2866.4000,19440,0,4613846220.000,0,-,-,-,-,2866.2000,2866.0000,2865.6000,2865.4000,2864.6000,2866.8000,2867.0000,2867.2000,2867.4000,2867.6000,2,6,2,1,1,6,2,1,1,2
SF,IH2006,2020-06-17 10:03:54.200,2866.4000,19440,0,4613846220.000,0,-,-,-,-,2866.4000,2866.2000,2866.0000,2865.6000,2865.4000,2866.8000,2867.0000,2867.2000,2867.4000,2867.6000,2,3,6,2,1,5,2,1,1,2
SF,IH2006,2020-06-17 10:03:54.700,2866.8000,19440,0,4614706260.000,1,0,1,空换,B,2866.6000,2866.4000,2866.2000,2866.0000,2865.6000,2866.8000,2867.0000,2867.2000,2867.4000,2867.6000,2,4,3,6,1,3,1,1,1,2
SF,IH2006,2020-06-17 10:03:55.200,2866.8000,19439,-1,4618146420.000,4,1,3,空平,B,2866.8000,2866.6000,2866.4000,2866.2000,2866.0000,2867.0000,2867.2000,2867.4000,2867.6000,2867.8000,2,2,2,3,6,1,1,1,2,1
SF,IH2006,2020-06-17 10:03:55.700,2866.8000,19439,0,4618146420.000,0,-,-,-,-,2866.6000,2866.4000,2866.2000,2866.0000,2865.6000,2867.0000,2867.2000,2867.4000,2867.6000,2867.8000,2,2,3,6,1,1,1,1,2,1
SF,IH2006,2020-06-17 10:03:56.700,2866.8000,19439,0,4618146420.000,0,-,-,-,-,2866.6000,2866.4000,2866.2000,2866.0000,2865.6000,2866.8000,2867.0000,2867.2000,2867.4000,2867.6000,2,2,4,6,1,3,1,1,1,2
SF,IH2006,2020-06-17 10:03:57.200,2866.6000,19438,-1,4619006400.000,1,0,1,双平,B,2866.6000,2866.4000,2866.2000,2866.0000,2865.6000,2866.8000,2867.0000,2867.2000,2867.4000,2867.6000,2,2,4,6,1,7,1,1,1,2
SF,IH2006,2020-06-17 10:03:58.200,2866.6000,19436,-2,4621586340.000,3,0,3,空平,B,2866.4000,2866.2000,2866.0000,2865.6000,2865.4000,2866.6000,2866.8000,2867.0000,2867.2000,2867.4000,1,4,6,1,1,3,7,1,1,1
SF,IH2006,2020-06-17 10:03:58.700,2866.8000,19436,0,4623306360.000,2,1,1,空换,B,2866.4000,2866.2000,2866.0000,2865.6000,2865.4000,2866.8000,2867.0000,2867.2000,2867.4000,2867.6000,2,4,6,1,1,7,1,1,1,2
SF,IH2006,2020-06-17 10:03:59.200,2866.8000,19436,0,4623306360.000,0,-,-,-,-,2866.4000,2866.2000,2866.0000,2865.6000,2865.4000,2866.6000,2866.8000,2867.0000,2867.2000,2867.4000,2,4,6,1,1,1,7,1,1,1
SF,IH2006,2020-06-17 10:03:59.700,2866.8000,19435,-1,4624166400.000,1,0,1,双平,B,2866.4000,2866.2000,2866.0000,2865.6000,2865.4000,2866.6000,2866.8000,2867.0000,2867.2000,2867.4000,3,4,6,1,1,2,7,1,1,1
SF,IH2006,2020-06-17 10:04:00.200,2866.8000,19438,3,4628466480.000,5,4,1,多开,B,2866.4000,2866.2000,2866.0000,2865.6000,2865.4000,2866.8000,2867.0000,2867.2000,2867.4000,2867.6000,2,4,6,1,1,4,1,1,1,2
SF,IH2006,2020-06-17 10:04:00.700,2866.8000,19438,0,4628466480.000,0,-,-,-,-,2866.4000,2866.2000,2866.0000,2865.6000,2865.4000,2866.6000,2866.8000,2867.0000,2867.2000,2867.4000,2,4,6,1,1,1,4,1,1,1
SF,IH2006,2020-06-17 10:04:01.200,2866.8000,19438,0,4628466480.000,0,-,-,-,-,2866.4000,2866.2000,2866.0000,2865.6000,2865.4000,2866.6000,2866.8000,2867.0000,2867.2000,2867.4000,1,4,6,1,1,1,4,1,1,1
SF,IH2006,2020-06-17 10:04:01.700,2866.8000,19438,0,4628466480.000,0,-,-,-,-,2866.2000,2866.0000,2865.6000,2865.4000,2864.6000,2866.6000,2866.8000,2867.0000,2867.2000,2867.4000,4,6,1,1,1,1,4,1,1,1
SF,IH2006,2020-06-17 10:04:02.200,2866.2000,19437,-1,4630186200.000,2,0,2,空平,B,2866.2000,2866.0000,2865.6000,2865.4000,2864.6000,2866.6000,2866.8000,2867.0000,2867.2000,2867.4000,2,6,1,1,1,1,4,1,1,1
SF,IH2006,2020-06-17 10:04:02.700,2866.2000,19435,-2,4631905920.000,2,0,2,双平,B,2866.0000,2865.6000,2865.4000,2864.6000,2864.4000,2866.2000,2866.4000,2866.6000,2866.8000,2867.0000,6,1,1,1,1,5,2,1,4,1
SF,IH2006,2020-06-17 10:04:03.200,2866.4000,19434,-1,4633625760.000,2,0,2,空平,B,2866.6000,2866.0000,2865.6000,2865.4000,2864.6000,2866.8000,2867.0000,2867.2000,2867.4000,2867.6000,1,6,1,1,1,4,1,1,1,2
SF,IH2006,2020-06-17 10:04:03.700,2866.6000,19433,-1,4634485740.000,1,0,1,双平,B,2866.0000,2865.6000,2865.4000,2864.6000,2864.4000,2866.4000,2866.6000,2866.8000,2867.0000,2867.2000,6,1,1,1,1,5,21,4,1,1
SF,IH2006,2020-06-17 10:04:04.200,2866.6000,19433,0,4634485740.000,0,-,-,-,-,2866.0000,2865.8000,2865.6000,2865.4000,2865.2000,2866.2000,2866.4000,2866.6000,2866.8000,2867.0000,6,1,1,1,1,1,1,7,4,1
SF,IH2006,2020-06-17 10:04:04.700,2866.2000,19432,-1,4635345600.000,1,0,1,双平,B,2866.2000,2866.0000,2865.8000,2865.6000,2865.4000,2866.6000,2866.8000,2867.0000,2867.2000,2867.4000,3,6,1,1,1,5,4,1,1,1
SF,IH2006,2020-06-17 10:04:05.200,2866.4000,19431,-1,4636205520.000,1,0,1,双平,B,2866.2000,2866.0000,2865.8000,2865.6000,2865.4000,2866.6000,2866.8000,2867.0000,2867.2000,2867.4000,1,6,1,1,1,1,4,1,1,1
SF,IH2006,2020-06-17 10:04:05.700,2866.2000,19431,0,4637065380.000,1,0,1,空换,B,2866.0000,2865.8000,2865.6000,2865.4000,2865.2000,2866.2000,2866.4000,2866.6000,2866.8000,2867.0000,6,1,1,1,1,4,1,1,4,1
SF,IH2006,2020-06-17 10:04:06.200,2866.2000,19431,0,4637065380.000,0,-,-,-,-,2866.2000,2865.8000,2865.6000,2865.4000,2865.2000,2866.4000,2866.6000,2866.8000,2867.0000,2867.2000,1,1,1,1,1,1,1,4,1,1
SF,IH2006,2020-06-17 10:04:06.700,2866.2000,19431,0,4637065380.000,0,-,-,-,-,2865.8000,2865.6000,2865.4000,2865.2000,2864.6000,2866.4000,2866.6000,2866.8000,2867.0000,2867.2000,1,1,1,1,1,1,1,4,1,1
SF,IH2006,2020-06-17 10:04:07.200,2866.2000,19431,0,4637065380.000,0,-,-,-,-,2865.8000,2865.6000,2865.4000,2865.2000,2864.6000,2866.4000,2866.6000,2866.8000,2867.0000,2867.2000,2,1,1,1,1,1,1,4,1,1
SF,IH2006,2020-06-17 10:04:07.700,2866.2000,19431,0,4637065380.000,0,-,-,-,-,2865.8000,2865.6000,2865.4000,2865.2000,2864.6000,2866.2000,2866.4000,2866.6000,2866.8000,2867.0000,2,1,1,1,1,1,1,2,4,1
SF,IH2006,2020-06-17 10:04:08.200,2866.2000,19431,0,4637065380.000,0,-,-,-,-,2865.8000,2865.6000,2865.4000,2865.2000,2864.6000,2866.2000,2866.4000,2866.6000,2866.8000,2867.0000,1,1,1,1,1,1,1,3,4,1
SF,IH2006,2020-06-17 10:04:08.700,2866.2000,19431,0,4637065380.000,0,-,-,-,-,2865.8000,2865.6000,2865.4000,2865.2000,2864.6000,2866.2000,2866.4000,2866.6000,2866.8000,2867.0000,1,1,1,1,1,2,1,3,4,1
SF,IH2006,2020-06-17 10:04:09.200,2866.2000,19431,0,4637065380.000,0,-,-,-,-,2865.8000,2865.6000,2865.4000,2865.2000,2864.6000,2866.2000,2866.6000,2866.8000,2867.0000,2867.2000,1,1,4,1,1,2,5,4,1,1
SF,IH2006,2020-06-17 10:04:09.700,2866.0000,19430,-1,4637925180.000,1,0,1,双平,B,2865.8000,2865.6000,2865.4000,2865.2000,2864.6000,2866.2000,2866.6000,2866.8000,2867.0000,2867.2000,2,1,4,1,1,1,5,4,1,1
SF,IH2006,2020-06-17 10:04:10.700,2866.0000,19430,0,4637925180.000,0,-,-,-,-,2865.8000,2865.6000,2865.4000,2865.2000,2864.6000,2866.2000,2866.6000,2866.8000,2867.0000,2867.2000,2,1,4,1,1,1,5,4,1,1
SF,IH2006,2020-06-17 10:04:11.200,2866.0000,19430,0,4637925180.000,0,-,-,-,-,2865.8000,2865.6000,2865.4000,2865.2000,2864.6000,2866.2000,2866.6000,2866.8000,2867.0000,2867.2000,2,1,4,1,1,2,6,4,1,1
SF,IH2006,2020-06-17 10:04:11.700,2866.0000,19430,0,4637925180.000,0,-,-,-,-,2865.8000,2865.6000,2865.4000,2865.2000,2864.6000,2866.2000,2866.6000,2866.8000,2867.0000,2867.2000,2,1,4,1,1,3,6,4,1,1
SF,IH2006,2020-06-17 10:04:12.200,2866.0000,19430,0,4637925180.000,0,-,-,-,-,2865.8000,2865.6000,2865.4000,2865.2000,2865.0000,2866.2000,2866.6000,2866.8000,2867.0000,2867.2000,2,1,4,1,1,3,7,4,1,1
SF,IH2006,2020-06-17 10:04:12.700,2866.0000,19430,0,4637925180.000,0,-,-,-,-,2865.8000,2865.4000,2865.2000,2865.0000,2864.6000,2866.0000,2866.2000,2866.6000,2866.8000,2867.0000,2,4,1,1,1,1,3,7,4,1
SF,IH2006,2020-06-17 10:04:13.200,2866.0000,19430,0,4637925180.000,0,-,-,-,-,2865.8000,2865.4000,2865.2000,2865.0000,2864.6000,2866.0000,2866.2000,2866.6000,2866.8000,2867.0000,2,4,1,1,1,1,3,7,4,1
SF,IH2006,2020-06-17 10:04:13.700,2866.2000,19428,-2,4641364500.000,4,1,3,空平,B,2865.8000,2865.4000,2865.2000,2865.0000,2864.6000,2866.6000,2866.8000,2867.0000,2867.2000,2867.4000,1,4,1,1,1,7,4,1,1,1
SF,IH2006,2020-06-17 10:04:14.200,2866.2000,19428,0,4641364500.000,0,-,-,-,-,2865.8000,2865.4000,2865.2000,2865.0000,2864.6000,2866.0000,2866.4000,2866.6000,2866.8000,2867.0000,1,4,1,1,1,1,8,11,4,1
SF,IH2006,2020-06-17 10:04:14.700,2866.0000,19427,-1,4643084040.000,2,0,2,空平,B,2865.4000,2865.2000,2865.0000,2864.6000,2864.4000,2866.2000,2866.4000,2866.6000,2866.8000,2867.0000,4,1,1,1,1,1,6,11,4,1
SF,IH2006,2020-06-17 10:04:15.200,2865.4000,19424,-3,4646522520.000,4,0,4,空平,B,2865.2000,2865.0000,2864.6000,2864.4000,2864.2000,2865.4000,2865.6000,2865.8000,2866.0000,2866.2000,1,1,1,1,2,1,6,2,6,3
SF,IH2006,2020-06-17 10:04:15.700,2865.0000,19423,-1,4649960580.000,4,1,3,空平,B,2864.6000,2864.4000,2864.2000,2864.0000,2863.8000,2865.2000,2865.4000,2865.8000,2866.0000,2866.2000,1,1,2,3,1,3,2,2,1,5
SF,IH2006,2020-06-17 10:04:16.200,2865.0000,19423,0,4649960580.000,0,-,-,-,-,2865.0000,2864.6000,2864.4000,2864.2000,2864.0000,2865.2000,2865.4000,2865.8000,2866.0000,2866.2000,1,2,1,3,3,1,2,1,1,5
SF,IH2006,2020-06-17 10:04:16.700,2865.0000,19423,0,4650820080.000,1,0,1,空换,B,2864.6000,2864.4000,2864.2000,2864.0000,2863.8000,2864.8000,2865.2000,2865.4000,2865.8000,2866.0000,2,1,3,3,1,1,1,2,1,1
SF,IH2006,2020-06-17 10:04:17.200,2864.8000,19422,-1,4651679520.000,1,0,1,双平,B,2865.0000,2864.8000,2864.6000,2864.4000,2864.2000,2865.2000,2865.4000,2866.0000,2866.2000,2866.4000,1,10,2,2,3,1,2,1,5,2
SF,IH2006,2020-06-17 10:04:17.700,2865.2000,19422,0,4652539080.000,1,0,1,空换,B,2865.2000,2865.0000,2864.6000,2864.4000,2864.2000,2865.4000,2866.0000,2866.2000,2866.4000,2866.6000,1,1,3,2,3,1,1,5,2,7
SF,IH2006,2020-06-17 10:04:18.200,2865.2000,19422,0,4652539080.000,0,-,-,-,-,2865.2000,2865.0000,2864.6000,2864.4000,2864.2000,2865.4000,2865.8000,2866.0000,2866.2000,2866.4000,4,1,3,5,3,2,1,1,5,1
SF,IH2006,2020-06-17 10:04:18.700,2865.4000,19422,0,4653398700.000,1,0,1,空换,B,2865.2000,2865.0000,2864.8000,2864.6000,2864.4000,2865.4000,2865.8000,2866.0000,2866.2000,2866.4000,6,1,1,3,5,1,1,1,5,1
SF,IH2006,2020-06-17 10:04:19.200,2865.4000,19422,0,4654258320.000,1,0,1,空换,B,2865.4000,2865.2000,2865.0000,2864.8000,2864.6000,2865.8000,2866.0000,2866.2000,2866.4000,2866.6000,1,6,1,1,3,2,1,5,1,8
SF,IH2006,2020-06-17 10:04:19.700,2865.4000,19422,0,4654258320.000,0,-,-,-,-,2865.4000,2865.2000,2865.0000,2864.8000,2864.6000,2865.8000,2866.0000,2866.2000,2866.4000,2866.6000,1,5,2,1,3,2,1,5,1,8
SF,IH2006,2020-06-17 10:04:20.200,2865.8000,19421,-1,4655118060.000,1,0,1,双平,B,2865.4000,2865.2000,2865.0000,2864.8000,2864.6000,2865.8000,2866.0000,2866.2000,2866.4000,2866.6000,1,5,2,1,3,1,1,5,1,8
SF,IH2006,2020-06-17 10:04:20.700,2865.4000,19422,1,4655977680.000,1,1,0,双开,B,2865.2000,2865.0000,2864.8000,2864.6000,2864.4000,2865.8000,2866.0000,2866.2000,2866.4000,2866.6000,5,2,1,3,5,1,1,5,1,8
SF,IH2006,2020-06-17 10:04:21.700,2865.4000,19422,0,4655977680.000,0,-,-,-,-,2865.2000,2865.0000,2864.8000,2864.6000,2864.4000,2865.8000,2866.0000,2866.2000,2866.4000,2866.6000,6,2,1,3,5,1,1,5,1,8
SF,IH2006,2020-06-17 10:04:23.200,2865.4000,19422,0,4655977680.000,0,-,-,-,-,2865.2000,2865.0000,2864.8000,2864.6000,2864.4000,2865.8000,2866.0000,2866.2000,2866.4000,2866.6000,7,2,1,3,5,1,2,5,1,8
SF,IH2006,2020-06-17 10:04:23.700,2865.4000,19422,0,4655977680.000,0,-,-,-,-,2865.4000,2865.2000,2865.0000,2864.8000,2864.6000,2865.8000,2866.0000,2866.2000,2866.4000,2866.6000,2,7,2,1,3,1,2,5,1,8
SF,IH2006,2020-06-17 10:04:25.700,2865.4000,19422,0,4655977680.000,0,-,-,-,-,2865.4000,2865.2000,2865.0000,2864.8000,2864.6000,2865.8000,2866.0000,2866.2000,2866.4000,2866.6000,2,7,2,1,3,1,1,5,1,8
SF,IH2006,2020-06-17 10:04:26.200,2865.4000,19422,0,4655977680.000,0,-,-,-,-,2865.4000,2865.2000,2865.0000,2864.8000,2864.6000,2866.0000,2866.2000,2866.4000,2866.6000,2866.8000,2,7,2,1,3,1,5,1,8,5
SF,IH2006,2020-06-17 10:04:26.700,2865.8000,19422,0,4656837420.000,1,0,1,空换,B,2865.6000,2865.4000,2865.2000,2865.0000,2864.8000,2866.0000,2866.2000,2866.4000,2866.6000,2866.8000,1,3,7,2,1,3,3,1,8,5
SF,IH2006,2020-06-17 10:04:27.200,2865.8000,19422,0,4656837420.000,0,-,-,-,-,2865.6000,2865.4000,2865.2000,2865.0000,2864.8000,2866.0000,2866.2000,2866.4000,2866.6000,2866.8000,1,3,7,2,1,2,1,1,8,5
SF,IH2006,2020-06-17 10:04:27.700,2865.8000,19422,0,4656837420.000,0,-,-,-,-,2865.6000,2865.4000,2865.2000,2865.0000,2864.8000,2866.0000,2866.2000,2866.4000,2866.6000,2866.8000,1,3,7,2,1,3,1,1,8,5
SF,IH2006,2020-06-17 10:04:28.200,2865.8000,19422,0,4656837420.000,0,-,-,-,-,2865.6000,2865.4000,2865.2000,2865.0000,2864.8000,2866.0000,2866.4000,2866.6000,2866.8000,2867.0000,1,3,7,2,1,3,1,8,5,2
SF,IH2006,2020-06-17 10:04:28.700,2865.8000,19422,0,4656837420.000,0,-,-,-,-,2865.6000,2865.4000,2865.2000,2865.0000,2864.8000,2866.0000,2866.4000,2866.6000,2866.8000,2867.0000,1,1,7,2,1,3,1,8,5,2
SF,IH2006,2020-06-17 10:04:29.700,2865.8000,19422,0,4656837420.000,0,-,-,-,-,2865.4000,2865.2000,2865.0000,2864.8000,2864.6000,2866.0000,2866.4000,2866.6000,2866.8000,2867.0000,1,7,2,1,3,4,1,8,5,2
SF,IH2006,2020-06-17 10:04:30.200,2865.8000,19422,0,4656837420.000,0,-,-,-,-,2865.2000,2865.0000,2864.8000,2864.6000,2864.4000,2866.0000,2866.4000,2866.6000,2866.8000,2867.0000,7,2,1,3,5,4,1,8,5,2
SF,IH2006,2020-06-17 10:04:30.700,2865.8000,19422,0,4656837420.000,0,-,-,-,-,2865.2000,2865.0000,2864.8000,2864.6000,2864.4000,2865.8000,2866.0000,2866.4000,2866.6000,2866.8000,8,2,1,3,5,1,4,1,8,5
SF,IH2006,2020-06-17 10:04:31.200,2865.8000,19422,0,4656837420.000,0,-,-,-,-,2865.4000,2865.2000,2865.0000,2864.8000,2864.6000,2865.8000,2866.0000,2866.4000,2866.6000,2866.8000,1,8,2,1,3,1,4,1,8,5
SF,IH2006,2020-06-17 10:04:32.200,2865.8000,19422,0,4656837420.000,0,-,-,-,-,2865.4000,2865.2000,2865.0000,2864.8000,2864.6000,2865.6000,2865.8000,2866.0000,2866.4000,2866.6000,1,8,2,1,3,1,1,4,1,8
SF,IH2006,2020-06-17 10:04:32.700,2865.2000,19420,-2,4659416160.000,3,0,3,空平,B,2865.2000,2865.0000,2864.8000,2864.6000,2864.4000,2865.4000,2865.8000,2866.0000,2866.4000,2866.6000,6,2,1,3,5,2,1,3,1,8
SF,IH2006,2020-06-17 10:04:33.200,2865.2000,19420,0,4659416160.000,0,-,-,-,-,2865.2000,2865.0000,2864.8000,2864.6000,2864.4000,2865.4000,2865.8000,2866.0000,2866.4000,2866.6000,5,2,1,3,5,3,1,3,1,8
SF,IH2006,2020-06-17 10:04:34.700,2865.2000,19420,0,4659416160.000,0,-,-,-,-,2865.2000,2865.0000,2864.8000,2864.6000,2864.4000,2865.4000,2865.8000,2866.0000,2866.4000,2866.6000,5,2,1,3,5,3,1,3,1,8
SF,IH2006,2020-06-17 10:04:35.200,2865.2000,19420,0,4659416160.000,0,-,-,-,-,2865.2000,2865.0000,2864.8000,2864.6000,2864.4000,2865.4000,2865.8000,2866.0000,2866.4000,2866.6000,5,2,1,3,5,1,1,3,1,8
SF,IH2006,2020-06-17 10:04:35.700,2865.4000,19420,0,4660275780.000,1,0,1,空换,B,2865.4000,2865.2000,2865.0000,2864.8000,2864.6000,2865.8000,2866.0000,2866.4000,2866.6000,2866.8000,19,5,2,1,3,1,3,1,8,4
SF,IH2006,2020-06-17 10:04:36.200,2865.4000,19420,0,4660275780.000,0,-,-,-,-,2865.6000,2865.4000,2865.2000,2865.0000,2864.8000,2866.0000,2866.4000,2866.6000,2866.8000,2867.0000,1,2,5,2,1,3,1,8,4,2
SF,IH2006,2020-06-17 10:04:36.700,2865.6000,19420,0,4661135460.000,1,0,1,空换,B,2865.4000,2865.2000,2865.0000,2864.8000,2864.6000,2865.8000,2866.0000,2866.4000,2866.6000,2866.8000,2,5,2,1,3,4,3,1,7,4
SF,IH2006,2020-06-17 10:04:37.200,2865.8000,19419,-1,4663714680.000,3,1,2,空平,B,2865.4000,2865.2000,2865.0000,2864.8000,2864.6000,2866.0000,2866.4000,2866.6000,2866.8000,2867.0000,2,5,2,1,3,2,1,7,4,2
SF,IH2006,2020-06-17 10:04:37.700,2865.8000,19419,0,4663714680.000,0,-,-,-,-,2865.4000,2865.2000,2865.0000,2864.8000,2864.6000,2865.8000,2866.0000,2866.4000,2866.6000,2866.8000,2,5,2,1,3,1,3,1,7,4
SF,IH2006,2020-06-17 10:04:38.200,2865.8000,19419,0,4663714680.000,0,-,-,-,-,2865.4000,2865.2000,2865.0000,2864.8000,2864.6000,2865.8000,2866.0000,2866.4000,2866.6000,2866.8000,3,5,2,1,3,2,3,1,7,4
SF,IH2006,2020-06-17 10:04:38.700,2865.8000,19419,0,4663714680.000,0,-,-,-,-,2865.4000,2865.2000,2865.0000,2864.8000,2864.6000,2865.8000,2866.0000,2866.4000,2866.6000,2866.8000,3,5,2,1,3,2,4,1,7,4
SF,IH2006,2020-06-17 10:04:39.700,2865.8000,19419,0,4663714680.000,0,-,-,-,-,2865.4000,2865.2000,2865.0000,2864.8000,2864.6000,2865.8000,2866.0000,2866.4000,2866.6000,2866.8000,3,5,2,1,3,2,4,1,7,4
SF,IH2006,2020-06-17 10:04:40.200,2865.4000,19419,0,4664574300.000,1,0,1,空换,B,2865.4000,2865.2000,2865.0000,2864.8000,2864.6000,2865.8000,2866.0000,2866.4000,2866.6000,2866.8000,2,5,2,1,3,2,5,1,7,4
SF,IH2006,2020-06-17 10:04:40.700,2865.4000,19419,0,4664574300.000,0,-,-,-,-,2865.4000,2865.2000,2865.0000,2864.8000,2864.6000,2865.8000,2866.0000,2866.4000,2866.6000,2866.8000,2,5,2,1,3,2,5,1,7,4
SF,IH2006,2020-06-17 10:04:42.700,2865.4000,19419,0,4664574300.000,0,-,-,-,-,2865.6000,2865.4000,2865.2000,2865.0000,2864.8000,2865.8000,2866.0000,2866.4000,2866.6000,2866.8000,1,2,5,2,1,2,5,1,7,4
SF,IH2006,2020-06-17 10:04:43.700,2865.8000,19419,0,4665434040.000,1,0,1,空换,B,2865.6000,2865.4000,2865.2000,2865.0000,2864.8000,2865.8000,2866.0000,2866.4000,2866.6000,2866.8000,1,1,5,2,1,1,5,1,7,4
SF,IH2006,2020-06-17 10:04:44.200,2866.0000,19417,-2,4669732980.000,5,1,4,空平,B,2865.8000,2865.6000,2865.4000,2865.2000,2865.0000,2866.4000,2866.6000,2866.8000,2867.0000,2867.2000,5,1,1,5,2,1,7,4,1,1
SF,IH2006,2020-06-17 10:04:44.700,2866.0000,19417,0,4669732980.000,0,-,-,-,-,2865.8000,2865.6000,2865.4000,2865.2000,2865.0000,2866.4000,2866.6000,2866.8000,2867.0000,2867.2000,4,1,1,5,2,1,7,4,1,1
SF,IH2006,2020-06-17 10:04:45.200,2866.0000,19417,0,4670592780.000,1,0,1,空换,B,2866.0000,2865.8000,2865.4000,2865.2000,2865.0000,2866.4000,2866.6000,2866.8000,2867.0000,2867.2000,1,4,1,5,2,1,7,4,1,1
SF,IH2006,2020-06-17 10:04:45.700,2866.0000,19417,0,4670592780.000,0,-,-,-,-,2866.0000,2865.8000,2865.4000,2865.2000,2865.0000,2866.4000,2866.6000,2866.8000,2867.0000,2867.2000,2,4,1,5,2,1,7,4,1,1
SF,IH2006,2020-06-17 10:04:46.200,2866.2000,19417,0,4671452640.000,1,0,1,空换,B,2866.0000,2865.8000,2865.4000,2865.2000,2865.0000,2866.4000,2866.6000,2866.8000,2867.0000,2867.2000,2,4,1,5,2,2,7,4,1,1
SF,IH2006,2020-06-17 10:04:46.700,2866.2000,19417,0,4671452640.000,0,-,-,-,-,2866.0000,2865.8000,2865.4000,2865.2000,2865.0000,2866.4000,2866.6000,2866.8000,2867.0000,2867.2000,1,4,1,6,2,2,6,4,1,1
SF,IH2006,2020-06-17 10:04:47.200,2866.2000,19417,0,4671452640.000,0,-,-,-,-,2866.0000,2865.8000,2865.6000,2865.4000,2865.2000,2866.4000,2866.6000,2866.8000,2867.0000,2867.2000,1,3,1,1,6,2,6,4,1,1
SF,IH2006,2020-06-17 10:04:47.700,2866.2000,19417,0,4671452640.000,0,-,-,-,-,2866.0000,2865.8000,2865.6000,2865.4000,2865.2000,2866.4000,2866.6000,2866.8000,2867.0000,2867.2000,1,3,1,1,6,2,6,4,1,1
SF,IH2006,2020-06-17 10:04:48.200,2866.2000,19417,0,4671452640.000,0,-,-,-,-,2866.0000,2865.8000,2865.6000,2865.4000,2865.2000,2866.4000,2866.6000,2866.8000,2867.0000,2867.2000,1,3,1,1,6,2,6,4,1,1
SF,IH2006,2020-06-17 10:04:48.700,2866.2000,19417,0,4671452640.000,0,-,-,-,-,2866.0000,2865.8000,2865.6000,2865.4000,2865.2000,2866.4000,2866.6000,2866.8000,2867.0000,2867.2000,1,4,1,1,6,1,6,4,1,1
SF,IH2006,2020-06-17 10:04:49.700,2866.2000,19417,0,4671452640.000,0,-,-,-,-,2866.0000,2865.8000,2865.6000,2865.4000,2865.2000,2866.4000,2866.6000,2866.8000,2867.0000,2867.2000,2,4,1,1,6,1,6,4,1,1
SF,IH2006,2020-06-17 10:04:50.200,2866.2000,19417,0,4671452640.000,0,-,-,-,-,2866.0000,2865.8000,2865.6000,2865.4000,2865.2000,2866.4000,2866.6000,2866.8000,2867.0000,2867.2000,3,4,1,1,6,1,6,4,1,1
SF,IH2006,2020-06-17 10:04:51.200,2866.2000,19417,0,4671452640.000,0,-,-,-,-,2866.0000,2865.8000,2865.6000,2865.4000,2865.2000,2866.2000,2866.4000,2866.6000,2866.8000,2867.0000,3,4,1,1,5,1,1,6,4,1
SF,IH2006,2020-06-17 10:04:52.200,2866.2000,19417,0,4671452640.000,0,-,-,-,-,2866.0000,2865.8000,2865.6000,2865.4000,2865.2000,2866.2000,2866.4000,2866.6000,2866.8000,2867.0000,3,3,1,1,5,1,1,6,4,1
SF,IH2006,2020-06-17 10:04:52.700,2866.2000,19417,0,4671452640.000,0,-,-,-,-,2866.0000,2865.8000,2865.6000,2865.4000,2865.2000,2866.2000,2866.4000,2866.6000,2866.8000,2867.0000,3,3,1,2,5,1,1,6,4,1
SF,IH2006,2020-06-17 10:04:56.700,2866.2000,19417,0,4671452640.000,0,-,-,-,-,2866.0000,2865.8000,2865.6000,2865.4000,2865.2000,2866.2000,2866.4000,2866.6000,2866.8000,2867.0000,3,3,1,2,5,2,1,6,4,1
SF,IH2006,2020-06-17 10:04:57.700,2866.2000,19415,-2,4673172360.000,2,0,2,双平,B,2866.2000,2866.0000,2865.8000,2865.6000,2865.4000,2866.4000,2866.6000,2866.8000,2867.0000,2867.2000,1,3,3,1,2,1,6,4,1,1
SF,IH2006,2020-06-17 10:04:58.200,2866.2000,19414,-1,4674032220.000,1,0,1,双平,B,2866.0000,2865.8000,2865.6000,2865.4000,2865.2000,2866.4000,2866.6000,2866.8000,2867.0000,2867.2000,3,3,1,2,5,1,6,4,1,1
SF,IH2006,2020-06-17 10:04:59.200,2866.2000,19414,0,4674032220.000,0,-,-,-,-,2866.2000,2866.0000,2865.8000,2865.6000,2865.4000,2866.4000,2866.6000,2866.8000,2867.0000,2867.2000,1,3,3,1,2,1,6,4,1,1
SF,IH2006,2020-06-17 10:04:59.700,2866.2000,19413,-1,4674892080.000,1,0,1,双平,B,2866.0000,2865.8000,2865.6000,2865.4000,2865.2000,2866.2000,2866.4000,2866.6000,2866.8000,2867.0000,3,3,1,2,5,1,3,6,4,1
SF,IH2006,2020-06-17 10:05:00.200,2866.2000,19413,0,4674892080.000,0,-,-,-,-,2866.0000,2865.8000,2865.6000,2865.4000,2865.2000,2866.4000,2866.6000,2866.8000,2867.0000,2867.2000,3,2,1,2,5,3,6,4,1,1
SF,IH2006,2020-06-17 10:05:00.700,2866.2000,19413,0,4674892080.000,0,-,-,-,-,2866.0000,2865.8000,2865.6000,2865.4000,2865.2000,2866.4000,2866.6000,2866.8000,2867.0000,2867.2000,3,2,1,2,5,4,6,4,1,1
SF,IH2006,2020-06-17 10:05:01.200,2866.0000,19412,-1,4677471480.000,3,1,2,空平,B,2865.8000,2865.6000,2865.4000,2865.2000,2865.0000,2866.0000,2866.4000,2866.6000,2866.8000,2867.0000,2,1,2,5,2,4,4,6,4,1
SF,IH2006,2020-06-17 10:05:01.700,2865.8000,19411,-1,4679190960.000,2,0,2,空平,B,2865.6000,2865.4000,2865.2000,2865.0000,2864.8000,2866.0000,2866.4000,2866.6000,2866.8000,2867.0000,1,2,5,2,1,1,4,6,4,1
SF,IH2006,2020-06-17 10:05:02.200,2865.8000,19411,0,4679190960.000,0,-,-,-,-,2865.6000,2865.4000,2865.2000,2865.0000,2864.8000,2865.8000,2866.0000,2866.4000,2866.6000,2866.8000,2,2,5,2,1,1,3,4,6,4
SF,IH2006,2020-06-17 10:05:02.700,2865.8000,19411,0,4679190960.000,0,-,-,-,-,2865.6000,2865.4000,2865.2000,2865.0000,2864.8000,2865.8000,2866.0000,2866.2000,2866.4000,2866.6000,1,2,5,2,1,1,3,1,4,6
SF,IH2006,2020-06-17 10:05:03.200,2865.6000,19411,0,4680050640.000,1,0,1,空换,B,2865.4000,2865.2000,2865.0000,2864.8000,2864.6000,2865.8000,2866.0000,2866.2000,2866.4000,2866.6000,2,5,2,1,9,1,3,1,4,6
SF,IH2006,2020-06-17 10:05:06.200,2865.6000,19411,0,4680050640.000,0,-,-,-,-,2865.6000,2865.4000,2865.2000,2865.0000,2864.8000,2865.8000,2866.0000,2866.2000,2866.4000,2866.6000,1,2,5,2,1,1,3,1,4,6
SF,IH2006,2020-06-17 10:05:06.700,2865.6000,19412,1,4680910320.000,1,1,0,双开,B,2865.4000,2865.2000,2865.0000,2864.8000,2864.6000,2865.6000,2866.0000,2866.2000,2866.4000,2866.6000,2,5,2,1,9,4,1,1,4,6
SF,IH2006,2020-06-17 10:05:07.200,2865.4000,19412,0,4681769940.000,1,0,1,空换,B,2865.4000,2865.2000,2865.0000,2864.8000,2864.6000,2865.6000,2866.0000,2866.2000,2866.4000,2866.6000,1,5,2,2,8,6,1,1,4,6
SF,IH2006,2020-06-17 10:05:07.700,2865.4000,19412,0,4681769940.000,0,-,-,-,-,2865.4000,2865.2000,2865.0000,2864.8000,2864.6000,2865.6000,2866.0000,2866.2000,2866.4000,2866.6000,1,5,2,2,8,7,1,1,4,6
SF,IH2006,2020-06-17 10:05:09.200,2865.4000,19411,-1,4682629560.000,1,0,1,双平,B,2865.2000,2865.0000,2864.8000,2864.6000,2864.4000,2865.4000,2865.6000,2866.2000,2866.4000,2866.6000,5,2,2,8,2,2,7,1,4,6
SF,IH2006,2020-06-17 10:05:09.700,2865.4000,19409,-2,4684348800.000,2,0,2,双平,B,2865.4000,2865.2000,2865.0000,2864.8000,2864.6000,2865.6000,2866.2000,2866.4000,2866.6000,2866.8000,3,5,2,2,8,5,1,4,6,4
SF,IH2006,2020-06-17 10:05:10.200,2865.4000,19409,0,4689506820.000,6,3,3,空换,B,2865.4000,2865.2000,2865.0000,2864.8000,2864.6000,2865.6000,2866.2000,2866.4000,2866.6000,2866.8000,1,5,2,2,8,1,1,4,6,4
SF,IH2006,2020-06-17 10:05:10.700,2865.6000,19409,0,4694664900.000,6,3,3,空换,B,2865.6000,2865.4000,2865.2000,2865.0000,2864.8000,2866.2000,2866.4000,2866.6000,2866.8000,2867.0000,4,1,5,2,2,1,4,6,4,1
SF,IH2006,2020-06-17 10:05:11.200,2865.6000,19409,0,4694664900.000,0,-,-,-,-,2865.6000,2865.4000,2865.2000,2865.0000,2864.8000,2866.2000,2866.4000,2866.6000,2866.8000,2867.0000,1,1,5,2,2,2,4,6,4,1
SF,IH2006,2020-06-17 10:05:12.700,2865.6000,19409,0,4694664900.000,0,-,-,-,-,2865.6000,2865.4000,2865.2000,2865.0000,2864.8000,2866.2000,2866.4000,2866.6000,2866.8000,2867.0000,1,1,6,2,2,2,4,6,4,1
SF,IH2006,2020-06-17 10:05:13.200,2865.6000,19408,-1,4696384260.000,2,0,2,空平,B,2865.4000,2865.2000,2865.0000,2864.8000,2864.6000,2866.2000,2866.4000,2866.6000,2866.8000,2867.0000,1,6,2,2,10,2,4,6,4,1
SF,IH2006,2020-06-17 10:05:13.700,2865.6000,19408,0,4696384260.000,0,-,-,-,-,2865.6000,2865.4000,2865.2000,2865.0000,2864.8000,2866.2000,2866.4000,2866.6000,2866.8000,2867.0000,7,1,6,2,2,3,4,6,4,1
SF,IH2006,2020-06-17 10:05:14.200,2865.6000,19408,0,4696384260.000,0,-,-,-,-,2865.6000,2865.4000,2865.2000,2865.0000,2864.8000,2866.2000,2866.4000,2866.6000,2866.8000,2867.0000,7,1,8,2,2,3,4,6,4,1
SF,IH2006,2020-06-17 10:05:14.700,2865.6000,19408,0,4696384260.000,0,-,-,-,-,2865.6000,2865.4000,2865.2000,2865.0000,2864.8000,2866.2000,2866.4000,2866.6000,2866.8000,2867.0000,7,2,8,2,2,4,4,6,4,1
SF,IH2006,2020-06-17 10:05:15.200,2865.6000,19408,0,4696384260.000,0,-,-,-,-,2865.8000,2865.6000,2865.4000,2865.2000,2865.0000,2866.2000,2866.4000,2866.6000,2866.8000,2867.0000,1,6,2,8,2,3,4,6,4,1
SF,IH2006,2020-06-17 10:05:15.700,2865.6000,19408,0,4696384260.000,0,-,-,-,-,2865.8000,2865.6000,2865.4000,2865.2000,2865.0000,2866.2000,2866.4000,2866.6000,2866.8000,2867.0000,1,6,2,8,2,4,4,6,4,1
SF,IH2006,2020-06-17 10:05:16.200,2866.2000,19408,0,4697244120.000,1,0,1,空换,B,2865.8000,2865.6000,2865.4000,2865.2000,2865.0000,2866.2000,2866.4000,2866.6000,2866.8000,2867.0000,2,6,2,8,2,2,4,6,4,1
SF,IH2006,2020-06-17 10:05:17.200,2866.2000,19408,0,4697244120.000,0,-,-,-,-,2865.8000,2865.6000,2865.4000,2865.2000,2865.0000,2866.2000,2866.4000,2866.6000,2866.8000,2867.0000,2,5,2,8,2,2,4,6,4,1
SF,IH2006,2020-06-17 10:05:17.700,2866.2000,19408,0,4697244120.000,0,-,-,-,-,2865.8000,2865.6000,2865.4000,2865.2000,2865.0000,2866.2000,2866.4000,2866.6000,2866.8000,2867.0000,2,5,1,8,2,2,4,7,4,1
SF,IH2006,2020-06-17 10:05:18.700,2866.2000,19408,0,4697244120.000,0,-,-,-,-,2865.8000,2865.6000,2865.4000,2865.2000,2865.0000,2866.2000,2866.4000,2866.6000,2866.8000,2867.0000,2,6,1,8,2,2,4,7,4,1
SF,IH2006,2020-06-17 10:05:19.200,2866.2000,19408,0,4697244120.000,0,-,-,-,-,2866.0000,2865.8000,2865.6000,2865.4000,2865.2000,2866.2000,2866.4000,2866.6000,2866.8000,2867.0000,1,2,4,1,8,2,4,7,4,1
SF,IH2006,2020-06-17 10:05:19.700,2866.2000,19408,0,4697244120.000,0,-,-,-,-,2866.0000,2865.8000,2865.6000,2865.4000,2865.2000,2866.2000,2866.4000,2866.6000,2866.8000,2867.0000,2,2,4,1,8,2,4,7,4,1
SF,IH2006,2020-06-17 10:05:21.700,2866.0000,19406,-2,4698963720.000,2,0,2,双平,B,2865.8000,2865.6000,2865.4000,2865.2000,2865.0000,2866.2000,2866.4000,2866.6000,2866.8000,2867.0000,2,4,1,8,2,2,4,7,4,1
SF,IH2006,2020-06-17 10:05:22.200,2865.8000,19405,-1,4699823460.000,1,0,1,双平,B,2865.6000,2865.4000,2865.2000,2865.0000,2864.8000,2865.8000,2866.2000,2866.4000,2866.6000,2866.8000,1,1,8,2,2,1,3,4,7,4
SF,IH2006,2020-06-17 10:05:22.700,2865.6000,19404,-1,4701542880.000,2,0,2,空平,B,2865.4000,2865.2000,2865.0000,2864.8000,2864.6000,2865.8000,2866.2000,2866.4000,2866.6000,2866.8000,1,8,2,2,10,1,3,4,7,4
SF,IH2006,2020-06-17 10:05:23.200,2865.6000,19404,0,4701542880.000,0,-,-,-,-,2865.6000,2865.4000,2865.2000,2865.0000,2864.8000,2865.8000,2866.2000,2866.4000,2866.6000,2866.8000,1,2,8,2,2,1,3,4,7,4
SF,IH2006,2020-06-17 10:05:24.200,2865.4000,19402,-2,4704121800.000,3,0,3,空平,B,2865.2000,2865.0000,2864.8000,2864.6000,2864.4000,2865.4000,2865.8000,2866.2000,2866.4000,2866.6000,8,2,2,10,2,2,1,3,4,7
SF,IH2006,2020-06-17 10:05:24.700,2865.4000,19400,-2,4705841040.000,2,0,2,双平,B,2865.6000,2865.4000,2865.2000,2865.0000,2864.8000,2865.8000,2866.2000,2866.4000,2866.6000,2866.8000,4,5,8,2,2,1,3,4,7,4
SF,IH2006,2020-06-17 10:05:25.200,2865.8000,19399,-1,4706700780.000,1,0,1,双平,B,2865.4000,2865.2000,2865.0000,2864.8000,2864.6000,2866.2000,2866.4000,2866.6000,2866.8000,2867.0000,3,8,2,2,10,3,4,7,4,1
SF,IH2006,2020-06-17 10:05:25.700,2865.8000,19399,0,4706700780.000,0,-,-,-,-,2865.6000,2865.4000,2865.2000,2865.0000,2864.8000,2866.2000,2866.4000,2866.6000,2866.8000,2867.0000,1,3,8,2,2,3,4,7,4,1
SF,IH2006,2020-06-17 10:05:26.200,2865.4000,19398,-1,4709279700.000,3,1,2,空平,B,2865.4000,2865.2000,2865.0000,2864.8000,2864.6000,2866.0000,2866.2000,2866.4000,2866.6000,2866.8000,1,8,2,2,10,1,3,4,7,4
SF,IH2006,2020-06-17 10:05:26.700,2865.4000,19398,0,4709279700.000,0,-,-,-,-,2865.4000,2865.2000,2865.0000,2864.8000,2864.6000,2866.0000,2866.2000,2866.4000,2866.6000,2866.8000,1,8,2,2,10,2,3,4,7,4
SF,IH2006,2020-06-17 10:05:27.200,2865.4000,19397,-1,4710139320.000,1,0,1,双平,B,2865.2000,2865.0000,2864.8000,2864.6000,2864.4000,2865.4000,2865.8000,2866.0000,2866.2000,2866.4000,8,2,2,10,2,1,2,2,3,4
SF,IH2006,2020-06-17 10:05:27.700,2865.2000,19399,2,4717015800.000,8,5,3,多开,B,2865.0000,2864.8000,2864.6000,2864.4000,2864.2000,2865.2000,2865.4000,2865.6000,2865.8000,2866.0000,2,2,10,2,4,1,1,1,4,2
SF,IH2006,2020-06-17 10:05:28.200,2865.0000,19399,0,4718734800.000,2,1,1,空换,B,2864.8000,2864.6000,2864.4000,2864.2000,2864.0000,2865.2000,2865.4000,2865.6000,2865.8000,2866.0000,2,10,2,4,3,1,1,1,3,2
SF,IH2006,2020-06-17 10:05:29.200,2865.0000,19399,0,4718734800.000,0,-,-,-,-,2864.8000,2864.6000,2864.4000,2864.2000,2864.0000,2865.2000,2865.4000,2865.6000,2865.8000,2866.0000,2,10,2,4,3,1,1,1,2,2
SF,IH2006,2020-06-17 10:05:29.700,2865.0000,19399,0,4718734800.000,0,-,-,-,-,2864.8000,2864.6000,2864.4000,2864.2000,2864.0000,2865.2000,2865.4000,2865.6000,2865.8000,2866.0000,3,10,2,4,3,2,1,1,2,2
SF,IH2006,2020-06-17 10:05:31.200,2865.0000,19399,0,4718734800.000,0,-,-,-,-,2864.8000,2864.6000,2864.4000,2864.2000,2864.0000,2865.2000,2865.4000,2865.6000,2865.8000,2866.0000,3,10,2,4,3,3,1,1,2,2
SF,IH2006,2020-06-17 10:05:31.700,2865.0000,19399,0,4718734800.000,0,-,-,-,-,2864.8000,2864.6000,2864.4000,2864.2000,2864.0000,2865.2000,2865.4000,2865.6000,2865.8000,2866.0000,3,10,2,4,3,3,1,1,2,2
SF,IH2006,2020-06-17 10:05:32.700,2865.0000,19399,0,4718734800.000,0,-,-,-,-,2865.0000,2864.8000,2864.6000,2864.4000,2864.2000,2865.2000,2865.4000,2865.6000,2865.8000,2866.0000,1,3,11,2,4,3,1,1,2,2
SF,IH2006,2020-06-17 10:05:33.700,2865.0000,19399,0,4718734800.000,0,-,-,-,-,2865.0000,2864.8000,2864.6000,2864.4000,2864.2000,2865.2000,2865.4000,2865.6000,2865.8000,2866.0000,1,3,11,2,4,3,1,1,2,2
SF,IH2006,2020-06-17 10:05:34.700,2865.2000,19397,-2,4720453860.000,2,0,2,双平,B,2864.8000,2864.6000,2864.4000,2864.2000,2864.0000,2865.2000,2865.4000,2865.6000,2865.8000,2866.0000,3,11,2,4,3,2,1,1,2,2
SF,IH2006,2020-06-17 10:05:35.200,2865.2000,19397,0,4720453860.000,0,-,-,-,-,2865.0000,2864.8000,2864.6000,2864.4000,2864.2000,2865.2000,2865.6000,2865.8000,2866.0000,2866.2000,1,3,11,2,4,2,1,2,2,3
SF,IH2006,2020-06-17 10:05:35.700,2865.2000,19396,-1,4722172980.000,2,0,2,空平,B,2865.0000,2864.8000,2864.6000,2864.4000,2864.2000,2865.6000,2865.8000,2866.0000,2866.2000,2866.4000,1,3,11,2,4,1,2,2,3,4
SF,IH2006,2020-06-17 10:05:36.200,2865.2000,19396,0,4722172980.000,0,-,-,-,-,2865.0000,2864.8000,2864.6000,2864.4000,2864.2000,2865.8000,2866.0000,2866.2000,2866.4000,2866.6000,1,3,11,2,4,2,2,3,4,3
SF,IH2006,2020-06-17 10:05:36.700,2865.2000,19396,0,4722172980.000,0,-,-,-,-,2865.0000,2864.8000,2864.6000,2864.4000,2864.2000,2865.6000,2865.8000,2866.0000,2866.2000,2866.4000,1,3,11,2,4,2,2,2,3,4
SF,IH2006,2020-06-17 10:05:37.200,2865.0000,19395,-1,4723032480.000,1,0,1,双平,B,2864.8000,2864.6000,2864.4000,2864.2000,2864.0000,2865.6000,2865.8000,2866.0000,2866.2000,2866.4000,3,11,2,4,3,2,2,2,3,4
SF,IH2006,2020-06-17 10:05:37.700,2865.0000,19395,0,4723032480.000,0,-,-,-,-,2864.8000,2864.6000,2864.4000,2864.2000,2864.0000,2865.6000,2865.8000,2866.0000,2866.2000,2866.4000,8,11,2,4,3,2,2,2,3,4
SF,IH2006,2020-06-17 10:05:38.200,2865.0000,19395,0,4723032480.000,0,-,-,-,-,2865.0000,2864.8000,2864.6000,2864.4000,2864.2000,2865.4000,2865.6000,2865.8000,2866.0000,2866.2000,2,5,11,2,4,1,2,2,2,3
SF,IH2006,2020-06-17 10:05:38.700,2865.0000,19395,0,4723032480.000,0,-,-,-,-,2865.0000,2864.8000,2864.6000,2864.4000,2864.2000,2865.6000,2865.8000,2866.0000,2866.2000,2866.4000,2,9,11,2,4,2,2,2,3,4
SF,IH2006,2020-06-17 10:05:39.200,2865.0000,19395,0,4723032480.000,0,-,-,-,-,2865.0000,2864.8000,2864.6000,2864.4000,2864.2000,2865.4000,2865.6000,2865.8000,2866.0000,2866.2000,2,5,11,2,4,1,2,2,2,3
SF,IH2006,2020-06-17 10:05:39.700,2865.0000,19395,0,4723032480.000,0,-,-,-,-,2865.0000,2864.8000,2864.6000,2864.4000,2864.2000,2865.4000,2865.6000,2865.8000,2866.0000,2866.2000,6,5,11,2,4,1,2,2,2,3
SF,IH2006,2020-06-17 10:05:40.200,2865.0000,19395,0,4723032480.000,0,-,-,-,-,2865.0000,2864.8000,2864.6000,2864.4000,2864.2000,2865.4000,2865.6000,2865.8000,2866.0000,2866.2000,2,5,11,2,4,1,2,2,2,3
SF,IH2006,2020-06-17 10:05:40.700,2865.0000,19395,0,4723032480.000,0,-,-,-,-,2865.0000,2864.8000,2864.6000,2864.4000,2864.2000,2865.4000,2865.6000,2865.8000,2866.0000,2866.2000,3,5,11,2,4,1,3,2,2,3
SF,IH2006,2020-06-17 10:05:41.200,2865.0000,19395,0,4723032480.000,0,-,-,-,-,2865.0000,2864.8000,2864.6000,2864.4000,2864.2000,2865.4000,2865.6000,2865.8000,2866.0000,2866.2000,6,5,11,2,4,1,3,2,2,3
SF,IH2006,2020-06-17 10:05:41.700,2865.4000,19395,0,4723892100.000,1,0,1,空换,B,2865.4000,2865.2000,2865.0000,2864.8000,2864.6000,2865.6000,2865.8000,2866.0000,2866.2000,2866.4000,7,2,6,5,11,3,2,2,3,4
SF,IH2006,2020-06-17 10:05:42.200,2865.6000,19395,0,4725611460.000,2,1,1,空换,B,2865.6000,2865.4000,2865.2000,2865.0000,2864.8000,2865.8000,2866.0000,2866.2000,2866.4000,2866.6000,4,2,2,3,5,2,2,3,4,3
SF,IH2006,2020-06-17 10:05:42.700,2865.6000,19395,0,4725611460.000,0,-,-,-,-,2865.8000,2865.6000,2865.4000,2865.2000,2865.0000,2866.0000,2866.2000,2866.4000,2866.6000,2866.8000,1,4,2,2,3,1,3,4,3,4
SF,IH2006,2020-06-17 10:05:43.200,2865.6000,19395,0,4725611460.000,0,-,-,-,-,2865.8000,2865.6000,2865.4000,2865.2000,2865.0000,2866.0000,2866.2000,2866.4000,2866.6000,2866.8000,1,4,2,2,1,1,3,4,3,4
SF,IH2006,2020-06-17 10:05:44.200,2865.8000,19395,0,4726471200.000,1,0,1,空换,B,2865.6000,2865.4000,2865.2000,2865.0000,2864.8000,2866.0000,2866.2000,2866.4000,2866.6000,2866.8000,4,2,2,1,5,1,3,4,3,4
SF,IH2006,2020-06-17 10:05:44.700,2865.8000,19395,0,4726471200.000,0,-,-,-,-,2865.6000,2865.4000,2865.2000,2865.0000,2864.8000,2866.0000,2866.2000,2866.4000,2866.6000,2866.8000,4,2,2,2,5,1,3,4,3,4
SF,IH2006,2020-06-17 10:05:45.200,2866.0000,19396,1,4727331000.000,1,1,0,双开,B,2866.0000,2865.4000,2865.2000,2865.0000,2864.8000,2866.2000,2866.4000,2866.6000,2866.8000,2867.0000,3,2,2,2,5,3,4,3,4,1
SF,IH2006,2020-06-17 10:05:45.700,2866.0000,19396,0,4727331000.000,0,-,-,-,-,2866.0000,2865.8000,2865.4000,2865.2000,2865.0000,2866.2000,2866.4000,2866.6000,2866.8000,2867.0000,3,1,2,2,2,2,3,3,4,1
SF,IH2006,2020-06-17 10:05:46.200,2866.0000,19396,0,4727331000.000,0,-,-,-,-,2866.0000,2865.8000,2865.4000,2865.2000,2865.0000,2866.2000,2866.4000,2866.6000,2866.8000,2867.0000,3,1,2,3,2,2,3,3,4,1
SF,IH2006,2020-06-17 10:05:47.200,2866.0000,19396,0,4727331000.000,0,-,-,-,-,2866.0000,2865.8000,2865.4000,2865.2000,2865.0000,2866.2000,2866.4000,2866.6000,2866.8000,2867.0000,3,1,3,3,2,2,3,3,4,1
SF,IH2006,2020-06-17 10:05:48.200,2866.2000,19396,0,4729050720.000,2,1,1,空换,B,2866.2000,2865.8000,2865.6000,2865.4000,2865.2000,2866.4000,2866.6000,2866.8000,2867.0000,2867.2000,1,1,1,3,3,3,3,4,1,1
SF,IH2006,2020-06-17 10:05:48.700,2866.2000,19396,0,4729050720.000,0,-,-,-,-,2866.2000,2865.8000,2865.6000,2865.4000,2865.2000,2866.4000,2866.6000,2866.8000,2867.0000,2867.2000,1,1,1,3,2,3,3,4,1,1
SF,IH2006,2020-06-17 10:05:49.200,2866.2000,19396,0,4729910580.000,1,0,1,空换,B,2865.8000,2865.6000,2865.4000,2865.2000,2865.0000,2866.4000,2866.6000,2866.8000,2867.0000,2867.2000,2,1,1,2,2,3,3,4,1,1
SF,IH2006,2020-06-17 10:05:49.700,2866.2000,19396,0,4729910580.000,0,-,-,-,-,2865.8000,2865.6000,2865.4000,2865.2000,2865.0000,2866.0000,2866.4000,2866.6000,2866.8000,2867.0000,3,1,1,2,2,1,3,3,4,1
SF,IH2006,2020-06-17 10:05:50.200,2866.0000,19396,0,4730770380.000,1,0,1,空换,B,2866.0000,2865.8000,2865.6000,2865.4000,2865.2000,2866.4000,2866.6000,2866.8000,2867.0000,2867.2000,5,7,1,1,2,3,3,4,1,1
SF,IH2006,2020-06-17 10:05:50.700,2866.0000,19396,0,4730770380.000,0,-,-,-,-,2866.0000,2865.8000,2865.6000,2865.4000,2865.2000,2866.4000,2866.6000,2866.8000,2867.0000,2867.2000,1,3,1,1,2,3,3,4,1,1
SF,IH2006,2020-06-17 10:05:51.700,2866.0000,19396,0,4730770380.000,0,-,-,-,-,2866.0000,2865.8000,2865.6000,2865.4000,2865.2000,2866.2000,2866.4000,2866.6000,2866.8000,2867.0000,2,3,1,1,2,2,3,3,4,1
SF,IH2006,2020-06-17 10:05:52.200,2866.0000,19395,-1,4731630180.000,1,0,1,双平,B,2866.0000,2865.8000,2865.6000,2865.4000,2865.2000,2866.2000,2866.4000,2866.6000,2866.8000,2867.0000,2,2,1,1,2,2,3,3,4,1
SF,IH2006,2020-06-17 10:05:53.200,2866.2000,19394,-1,4732490040.000,1,0,1,双平,B,2866.0000,2865.8000,2865.6000,2865.4000,2865.2000,2866.2000,2866.4000,2866.6000,2866.8000,2867.0000,2,2,1,1,2,1,3,3,4,1
SF,IH2006,2020-06-17 10:05:53.700,2866.2000,19394,0,4732490040.000,0,-,-,-,-,2866.0000,2865.8000,2865.6000,2865.4000,2865.2000,2866.2000,2866.4000,2866.6000,2866.8000,2867.0000,2,2,1,1,2,1,3,4,4,1
SF,IH2006,2020-06-17 10:05:54.700,2866.2000,19394,0,4732490040.000,0,-,-,-,-,2866.0000,2865.8000,2865.6000,2865.4000,2865.2000,2866.2000,2866.4000,2866.6000,2866.8000,2867.0000,6,2,1,1,2,1,3,4,4,1
SF,IH2006,2020-06-17 10:05:55.200,2866.0000,19393,-1,4733349840.000,1,0,1,双平,B,2866.0000,2865.8000,2865.6000,2865.4000,2865.2000,2866.2000,2866.4000,2866.6000,2866.8000,2867.0000,5,2,1,1,2,1,3,4,4,1
SF,IH2006,2020-06-17 10:05:55.700,2866.2000,19393,0,4734209700.000,1,0,1,空换,B,2866.2000,2866.0000,2865.8000,2865.6000,2865.4000,2866.4000,2866.6000,2866.8000,2867.0000,2867.2000,6,1,2,1,1,3,4,4,1,1
SF,IH2006,2020-06-17 10:05:56.200,2866.2000,19393,0,4735069560.000,1,0,1,空换,B,2866.2000,2866.0000,2865.8000,2865.6000,2865.4000,2866.4000,2866.6000,2866.8000,2867.0000,2867.2000,5,1,2,1,1,3,4,4,1,1
SF,IH2006,2020-06-17 10:05:56.700,2866.2000,19393,0,4736789280.000,2,1,1,空换,B,2866.2000,2866.0000,2865.8000,2865.6000,2865.4000,2866.4000,2866.6000,2866.8000,2867.0000,2867.2000,3,1,2,1,1,3,4,4,1,1
SF,IH2006,2020-06-17 10:05:57.200,2866.2000,19393,0,4739368860.000,3,1,2,空换,B,2866.0000,2865.8000,2865.6000,2865.4000,2865.2000,2866.2000,2866.4000,2866.6000,2866.8000,2867.0000,1,2,1,1,2,1,4,4,4,1
SF,IH2006,2020-06-17 10:05:57.700,2866.2000,19394,1,4741088580.000,2,1,1,多开,B,2866.0000,2865.8000,2865.6000,2865.4000,2865.2000,2866.4000,2866.6000,2866.8000,2867.0000,2867.2000,6,2,1,1,2,4,4,4,1,1
SF,IH2006,2020-06-17 10:05:58.200,2866.2000,19394,0,4741088580.000,0,-,-,-,-,2866.0000,2865.8000,2865.6000,2865.4000,2865.2000,2866.4000,2866.6000,2866.8000,2867.0000,2867.2000,2,2,1,1,2,4,4,4,1,1
SF,IH2006,2020-06-17 10:05:58.700,2866.2000,19394,0,4741088580.000,0,-,-,-,-,2866.2000,2866.0000,2865.8000,2865.6000,2865.4000,2866.4000,2866.6000,2866.8000,2867.0000,2867.2000,4,2,2,1,1,4,4,4,1,1
SF,IH2006,2020-06-17 10:05:59.200,2866.2000,19394,0,4741088580.000,0,-,-,-,-,2866.0000,2865.8000,2865.6000,2865.4000,2865.2000,2866.4000,2866.6000,2866.8000,2867.0000,2867.2000,2,2,1,1,2,4,4,4,1,1
SF,IH2006,2020-06-17 10:05:59.700,2866.2000,19394,0,4741088580.000,0,-,-,-,-,2866.0000,2865.8000,2865.6000,2865.4000,2865.2000,2866.4000,2866.6000,2866.8000,2867.0000,2867.2000,6,2,1,1,2,4,4,4,1,1
SF,IH2006,2020-06-17 10:06:00.700,2866.2000,19395,1,4741948440.000,1,1,0,双开,B,2866.2000,2866.0000,2865.8000,2865.6000,2865.4000,2866.4000,2866.6000,2866.8000,2867.0000,2867.2000,3,2,2,1,1,4,4,4,1,1
SF,IH2006,2020-06-17 10:06:01.700,2866.2000,19395,0,4741948440.000,0,-,-,-,-,2866.0000,2865.8000,2865.6000,2865.4000,2865.2000,2866.2000,2866.4000,2866.6000,2866.8000,2867.0000,2,2,1,1,2,1,4,4,4,1
SF,IH2006,2020-06-17 10:06:02.200,2866.0000,19395,0,4742808240.000,1,0,1,空换,B,2866.0000,2865.8000,2865.6000,2865.4000,2865.2000,2866.2000,2866.4000,2866.6000,2866.8000,2867.0000,4,2,1,1,2,4,4,4,4,1
SF,IH2006,2020-06-17 10:06:02.700,2866.0000,19396,1,4743668040.000,1,1,0,双开,B,2866.0000,2865.8000,2865.6000,2865.4000,2865.2000,2866.2000,2866.4000,2866.6000,2866.8000,2867.0000,2,2,1,1,2,3,4,4,4,1
SF,IH2006,2020-06-17 10:06:03.700,2866.2000,19396,0,4745387760.000,2,1,1,空换,B,2865.8000,2865.6000,2865.4000,2865.2000,2865.0000,2866.2000,2866.4000,2866.6000,2866.8000,2867.0000,2,1,1,2,2,1,4,4,4,1
SF,IH2006,2020-06-17 10:06:04.200,2866.2000,19396,0,4745387760.000,0,-,-,-,-,2865.8000,2865.6000,2865.4000,2865.2000,2865.0000,2866.4000,2866.6000,2866.8000,2867.0000,2867.2000,2,1,1,2,2,4,4,4,1,1
SF,IH2006,2020-06-17 10:06:04.700,2866.2000,19396,0,4745387760.000,0,-,-,-,-,2865.8000,2865.6000,2865.4000,2865.2000,2865.0000,2866.2000,2866.4000,2866.6000,2866.8000,2867.0000,2,1,1,2,2,2,5,4,4,1
SF,IH2006,2020-06-17 10:06:05.700,2866.2000,19396,0,4745387760.000,0,-,-,-,-,2865.8000,2865.6000,2865.4000,2865.2000,2865.0000,2866.2000,2866.4000,2866.6000,2866.8000,2867.0000,2,1,1,2,2,3,5,4,4,1
SF,IH2006,2020-06-17 10:06:06.700,2866.2000,19396,0,4745387760.000,0,-,-,-,-,2865.8000,2865.6000,2865.4000,2865.2000,2865.0000,2866.2000,2866.4000,2866.6000,2866.8000,2867.0000,2,1,1,2,2,3,4,4,4,1
SF,IH2006,2020-06-17 10:06:07.200,2866.2000,19396,0,4745387760.000,0,-,-,-,-,2865.8000,2865.6000,2865.4000,2865.2000,2865.0000,2866.2000,2866.4000,2866.6000,2866.8000,2867.0000,2,1,1,2,2,2,4,4,4,1
SF,IH2006,2020-06-17 10:06:07.700,2866.2000,19395,-1,4746247620.000,1,0,1,双平,B,2865.8000,2865.6000,2865.4000,2865.2000,2865.0000,2866.2000,2866.4000,2866.6000,2866.8000,2867.0000,1,1,1,2,2,2,4,4,4,1
SF,IH2006,2020-06-17 10:06:08.200,2866.2000,19395,0,4746247620.000,0,-,-,-,-,2865.8000,2865.6000,2865.4000,2865.2000,2865.0000,2866.2000,2866.4000,2866.6000,2866.8000,2867.0000,1,1,1,2,2,3,4,4,4,1
SF,IH2006,2020-06-17 10:06:09.200,2865.8000,19395,0,4747107360.000,1,0,1,空换,B,2865.6000,2865.4000,2865.2000,2865.0000,2864.8000,2866.2000,2866.4000,2866.6000,2866.8000,2867.0000,1,1,2,2,4,3,4,4,4,1
SF,IH2006,2020-06-17 10:06:09.700,2866.0000,19394,-1,4747967160.000,1,0,1,双平,B,2865.6000,2865.4000,2865.2000,2865.0000,2864.8000,2866.2000,2866.4000,2866.6000,2866.8000,2867.0000,1,4,2,2,4,3,3,4,4,1
SF,IH2006,2020-06-17 10:06:10.200,2866.0000,19394,0,4747967160.000,0,-,-,-,-,2865.8000,2865.6000,2865.4000,2865.2000,2865.0000,2866.2000,2866.4000,2866.6000,2866.8000,2867.0000,1,2,4,2,2,3,3,4,4,1
SF,IH2006,2020-06-17 10:06:10.700,2865.8000,19393,-1,4748826900.000,1,0,1,双平,B,2865.8000,2865.6000,2865.4000,2865.2000,2865.0000,2866.2000,2866.4000,2866.6000,2866.8000,2867.0000,3,2,4,2,2,2,3,4,4,1
SF,IH2006,2020-06-17 10:06:11.200,2865.8000,19393,0,4748826900.000,0,-,-,-,-,2865.8000,2865.6000,2865.4000,2865.2000,2865.0000,2866.2000,2866.4000,2866.6000,2866.8000,2867.0000,3,2,4,2,2,2,3,4,4,1
SF,IH2006,2020-06-17 10:06:11.700,2865.8000,19393,0,4748826900.000,0,-,-,-,-,2865.8000,2865.6000,2865.4000,2865.2000,2865.0000,2866.2000,2866.4000,2866.6000,2866.8000,2867.0000,4,2,4,2,2,2,3,4,4,1
SF,IH2006,2020-06-17 10:06:12.200,2865.8000,19393,0,4748826900.000,0,-,-,-,-,2865.8000,2865.6000,2865.4000,2865.2000,2865.0000,2866.2000,2866.4000,2866.6000,2866.8000,2867.0000,5,2,4,2,2,2,3,4,4,1
SF,IH2006,2020-06-17 10:06:13.700,2865.8000,19393,0,4748826900.000,0,-,-,-,-,2865.8000,2865.6000,2865.4000,2865.2000,2865.0000,2866.2000,2866.4000,2866.6000,2866.8000,2867.0000,6,2,4,2,2,2,3,4,4,1
SF,IH2006,2020-06-17 10:06:14.200,2865.6000,19395,2,4754844960.000,7,4,3,多开,B,2865.4000,2865.2000,2865.0000,2864.8000,2864.6000,2865.6000,2866.0000,2866.2000,2866.4000,2866.6000,4,2,2,4,10,2,1,3,3,4
SF,IH2006,2020-06-17 10:06:14.700,2865.6000,19395,0,4758283680.000,4,2,2,空换,B,2865.6000,2865.4000,2865.2000,2865.0000,2864.8000,2866.0000,2866.2000,2866.4000,2866.6000,2866.8000,1,4,2,2,4,2,3,3,4,4
SF,IH2006,2020-06-17 10:06:15.200,2865.6000,19395,0,4758283680.000,0,-,-,-,-,2865.6000,2865.4000,2865.2000,2865.0000,2864.8000,2866.0000,2866.2000,2866.4000,2866.6000,2866.8000,1,4,2,2,4,3,3,3,4,4
SF,IH2006,2020-06-17 10:06:15.700,2865.6000,19395,0,4758283680.000,0,-,-,-,-,2865.6000,2865.4000,2865.2000,2865.0000,2864.8000,2865.8000,2866.0000,2866.2000,2866.4000,2866.6000,1,4,2,2,4,1,3,3,3,4
SF,IH2006,2020-06-17 10:06:16.200,2865.6000,19395,0,4758283680.000,0,-,-,-,-,2865.6000,2865.4000,2865.2000,2865.0000,2864.8000,2865.8000,2866.0000,2866.2000,2866.4000,2866.6000,1,4,2,2,4,2,3,3,3,4
SF,IH2006,2020-06-17 10:06:16.700,2865.6000,19395,0,4758283680.000,0,-,-,-,-,2865.6000,2865.4000,2865.2000,2865.0000,2864.8000,2865.8000,2866.0000,2866.2000,2866.4000,2866.6000,1,4,2,2,4,2,4,3,3,4
SF,IH2006,2020-06-17 10:06:17.700,2865.8000,19396,1,4760862720.000,3,2,1,多开,B,2865.4000,2865.2000,2865.0000,2864.8000,2864.6000,2865.8000,2866.0000,2866.2000,2866.4000,2866.6000,3,2,2,4,10,2,4,3,3,4
SF,IH2006,2020-06-17 10:06:18.200,2865.8000,19396,0,4760862720.000,0,-,-,-,-,2865.2000,2865.0000,2864.8000,2864.6000,2864.4000,2865.8000,2866.0000,2866.2000,2866.4000,2866.6000,2,2,4,10,2,2,4,3,3,4
SF,IH2006,2020-06-17 10:06:18.700,2865.8000,19396,0,4760862720.000,0,-,-,-,-,2865.2000,2865.0000,2864.8000,2864.6000,2864.4000,2865.8000,2866.0000,2866.2000,2866.4000,2866.6000,3,2,4,10,2,2,4,3,3,4
SF,IH2006,2020-06-17 10:06:19.700,2865.8000,19396,0,4760862720.000,0,-,-,-,-,2865.2000,2865.0000,2864.8000,2864.6000,2864.4000,2865.8000,2866.0000,2866.2000,2866.4000,2866.6000,4,2,4,10,2,2,4,3,3,4
SF,IH2006,2020-06-17 10:06:20.200,2865.8000,19396,0,4760862720.000,0,-,-,-,-,2865.2000,2865.0000,2864.8000,2864.6000,2864.4000,2865.6000,2865.8000,2866.0000,2866.2000,2866.4000,4,2,4,10,2,1,2,4,3,3
SF,IH2006,2020-06-17 10:06:20.700,2865.8000,19396,0,4761722460.000,1,0,1,空换,B,2865.6000,2865.2000,2865.0000,2864.8000,2864.6000,2865.8000,2866.0000,2866.2000,2866.4000,2866.6000,2,4,2,4,10,1,4,3,3,4
SF,IH2006,2020-06-17 10:06:21.700,2865.8000,19396,0,4761722460.000,0,-,-,-,-,2865.6000,2865.2000,2865.0000,2864.8000,2864.6000,2865.8000,2866.0000,2866.2000,2866.4000,2866.6000,2,4,3,4,10,1,4,3,3,4
SF,IH2006,2020-06-17 10:06:22.200,2865.8000,19396,0,4761722460.000,0,-,-,-,-,2865.6000,2865.2000,2865.0000,2864.8000,2864.6000,2865.8000,2866.0000,2866.2000,2866.4000,2866.6000,2,4,3,4,10,1,2,3,3,4
SF,IH2006,2020-06-17 10:06:22.700,2865.8000,19395,-1,4762582200.000,1,0,1,双平,B,2865.6000,2865.2000,2865.0000,2864.8000,2864.6000,2866.0000,2866.2000,2866.4000,2866.6000,2866.8000,2,4,3,4,10,2,3,3,4,4
SF,IH2006,2020-06-17 10:06:23.200,2865.6000,19396,1,4763441880.000,1,1,0,双开,B,2865.6000,2865.2000,2865.0000,2864.8000,2864.6000,2866.0000,2866.2000,2866.4000,2866.6000,2866.8000,1,4,3,4,10,2,3,3,4,4
SF,IH2006,2020-06-17 10:06:24.700,2865.6000,19396,0,4763441880.000,0,-,-,-,-,2865.6000,2865.2000,2865.0000,2864.8000,2864.6000,2866.0000,2866.2000,2866.4000,2866.6000,2866.8000,1,4,3,4,10,3,3,3,4,4
SF,IH2006,2020-06-17 10:06:25.200,2865.6000,19397,1,4764301560.000,1,1,0,双开,B,2865.2000,2865.0000,2864.8000,2864.6000,2864.4000,2865.6000,2865.8000,2866.0000,2866.2000,2866.4000,4,3,4,10,2,1,2,4,3,3
SF,IH2006,2020-06-17 10:06:29.200,2865.6000,19398,1,4765161240.000,1,1,0,双开,B,2865.2000,2865.0000,2864.8000,2864.6000,2864.4000,2865.8000,2866.0000,2866.2000,2866.4000,2866.6000,4,3,4,10,2,2,4,3,3,4
SF,IH2006,2020-06-17 10:06:29.700,2865.6000,19398,0,4765161240.000,0,-,-,-,-,2865.2000,2865.0000,2864.8000,2864.6000,2864.4000,2865.8000,2866.0000,2866.2000,2866.4000,2866.6000,3,3,4,10,2,2,4,3,3,4
SF,IH2006,2020-06-17 10:06:30.200,2865.6000,19398,0,4765161240.000,0,-,-,-,-,2865.2000,2865.0000,2864.8000,2864.6000,2864.4000,2865.6000,2865.8000,2866.0000,2866.2000,2866.4000,2,3,4,10,2,1,2,4,3,3
SF,IH2006,2020-06-17 10:06:30.700,2865.8000,19397,-1,4766020980.000,1,0,1,双平,B,2865.2000,2865.0000,2864.8000,2864.6000,2864.4000,2865.8000,2866.0000,2866.2000,2866.4000,2866.6000,3,3,4,10,2,1,4,3,3,4
SF,IH2006,2020-06-17 10:06:32.700,2865.2000,19397,0,4769459280.000,4,2,2,空换,B,2865.0000,2864.8000,2864.6000,2864.4000,2864.2000,2865.2000,2865.8000,2866.0000,2866.2000,2866.4000,3,4,10,2,4,4,1,4,3,3
SF,IH2006,2020-06-17 10:06:33.200,2865.2000,19397,0,4772897520.000,4,2,2,空换,B,2865.2000,2865.0000,2864.8000,2864.6000,2864.4000,2865.8000,2866.0000,2866.2000,2866.4000,2866.6000,4,2,4,10,2,1,4,3,3,4
SF,IH2006,2020-06-17 10:06:33.700,2865.2000,19397,0,4773757080.000,1,0,1,空换,B,2865.6000,2865.0000,2864.8000,2864.6000,2864.4000,2865.8000,2866.0000,2866.2000,2866.4000,2866.6000,1,2,4,10,2,2,4,3,3,4
SF,IH2006,2020-06-17 10:06:34.200,2865.6000,19396,-1,4774616760.000,1,0,1,双平,B,2865.0000,2864.8000,2864.6000,2864.4000,2864.2000,2865.6000,2865.8000,2866.0000,2866.2000,2866.4000,2,4,10,4,4,8,2,3,2,3
SF,IH2006,2020-06-17 10:06:34.700,2865.6000,19396,0,4775476440.000,1,0,1,空换,B,2865.4000,2865.0000,2864.8000,2864.6000,2864.4000,2865.6000,2865.8000,2866.0000,2866.2000,2866.4000,4,3,4,10,4,1,2,3,2,3
SF,IH2006,2020-06-17 10:06:35.200,2865.6000,19396,0,4775476440.000,0,-,-,-,-,2865.2000,2865.0000,2864.8000,2864.6000,2864.4000,2865.8000,2866.0000,2866.2000,2866.4000,2866.6000,1,3,4,10,4,2,2,2,3,4
SF,IH2006,2020-06-17 10:06:38.200,2865.6000,19396,0,4775476440.000,0,-,-,-,-,2865.4000,2865.2000,2865.0000,2864.8000,2864.6000,2865.8000,2866.0000,2866.2000,2866.4000,2866.6000,1,1,3,4,10,2,2,2,3,4
SF,IH2006,2020-06-17 10:06:38.700,2865.6000,19396,0,4775476440.000,0,-,-,-,-,2865.4000,2865.2000,2865.0000,2864.8000,2864.6000,2865.8000,2866.0000,2866.2000,2866.4000,2866.6000,1,5,3,3,10,2,2,2,3,4
SF,IH2006,2020-06-17 10:06:39.200,2865.6000,19396,0,4775476440.000,0,-,-,-,-,2865.4000,2865.2000,2865.0000,2864.8000,2864.6000,2865.8000,2866.0000,2866.2000,2866.4000,2866.6000,1,4,3,3,10,2,2,2,3,4
SF,IH2006,2020-06-17 10:06:40.200,2865.6000,19396,0,4775476440.000,0,-,-,-,-,2865.4000,2865.2000,2865.0000,2864.8000,2864.6000,2865.8000,2866.0000,2866.2000,2866.4000,2866.6000,2,4,3,3,10,2,2,2,3,4
SF,IH2006,2020-06-17 10:06:40.700,2865.8000,19395,-1,4776336180.000,1,0,1,双平,B,2865.8000,2865.6000,2865.4000,2865.2000,2865.0000,2866.0000,2866.2000,2866.4000,2866.6000,2866.8000,1,2,3,4,2,2,2,3,4,4
SF,IH2006,2020-06-17 10:06:41.200,2866.0000,19395,0,4778055780.000,2,1,1,空换,B,2865.6000,2865.4000,2865.2000,2865.0000,2864.8000,2866.2000,2866.4000,2866.6000,2866.8000,2867.0000,2,5,4,2,2,2,3,4,4,1
SF,IH2006,2020-06-17 10:06:41.700,2866.0000,19395,0,4778055780.000,0,-,-,-,-,2865.6000,2865.4000,2865.2000,2865.0000,2864.8000,2866.2000,2866.4000,2866.6000,2866.8000,2867.0000,3,1,4,3,2,3,3,4,4,1
SF,IH2006,2020-06-17 10:06:42.200,2866.0000,19395,0,4778055780.000,0,-,-,-,-,2865.8000,2865.6000,2865.4000,2865.2000,2865.0000,2866.2000,2866.4000,2866.6000,2866.8000,2867.0000,1,6,1,4,3,3,3,4,4,1
SF,IH2006,2020-06-17 10:06:42.700,2866.0000,19395,0,4778055780.000,0,-,-,-,-,2865.8000,2865.6000,2865.4000,2865.2000,2865.0000,2866.2000,2866.4000,2866.6000,2866.8000,2867.0000,1,3,1,4,3,3,3,4,4,1
SF,IH2006,2020-06-17 10:06:43.200,2866.2000,19396,1,4780635360.000,3,2,1,多开,B,2866.0000,2865.8000,2865.6000,2865.4000,2865.2000,2866.4000,2866.6000,2866.8000,2867.0000,2867.2000,1,2,3,1,5,3,4,4,1,1
SF,IH2006,2020-06-17 10:06:43.700,2866.2000,19396,0,4780635360.000,0,-,-,-,-,2866.0000,2865.8000,2865.6000,2865.4000,2865.2000,2866.4000,2866.6000,2866.8000,2867.0000,2867.2000,2,2,3,1,5,3,4,4,1,1
SF,IH2006,2020-06-17 10:06:44.200,2866.4000,19396,0,4781495280.000,1,0,1,空换,B,2866.0000,2865.8000,2865.6000,2865.4000,2865.2000,2866.4000,2866.6000,2866.8000,2867.0000,2867.2000,2,2,3,2,4,2,4,4,1,1
SF,IH2006,2020-06-17 10:06:44.700,2866.4000,19396,0,4781495280.000,0,-,-,-,-,2866.0000,2865.8000,2865.6000,2865.4000,2865.2000,2866.4000,2866.6000,2866.8000,2867.0000,2867.2000,3,2,3,2,4,2,4,4,1,1
SF,IH2006,2020-06-17 10:06:45.200,2866.4000,19396,0,4781495280.000,0,-,-,-,-,2866.0000,2865.8000,2865.6000,2865.4000,2865.2000,2866.2000,2866.4000,2866.6000,2866.8000,2867.0000,3,1,3,2,4,1,2,4,4,1
SF,IH2006,2020-06-17 10:06:45.700,2866.4000,19395,-1,4782355200.000,1,0,1,双平,B,2866.0000,2865.8000,2865.6000,2865.4000,2865.2000,2866.4000,2866.6000,2866.8000,2867.0000,2867.2000,3,1,1,2,4,2,4,4,1,1
SF,IH2006,2020-06-17 10:06:46.200,2866.0000,19394,-1,4784074800.000,2,0,2,空平,B,2865.8000,2865.6000,2865.4000,2865.2000,2865.0000,2866.0000,2866.4000,2866.6000,2866.8000,2867.0000,1,2,2,4,4,1,2,4,4,1
SF,IH2006,2020-06-17 10:06:46.700,2865.8000,19393,-1,4784934540.000,1,0,1,双平,B,2865.6000,2865.4000,2865.2000,2865.0000,2864.8000,2865.8000,2866.0000,2866.4000,2866.6000,2866.8000,1,2,4,4,2,2,1,2,4,4
SF,IH2006,2020-06-17 10:06:47.200,2865.6000,19393,0,4785794220.000,1,0,1,空换,B,2865.4000,2865.2000,2865.0000,2864.8000,2864.6000,2865.6000,2865.8000,2866.0000,2866.2000,2866.4000,2,4,4,2,10,4,2,1,1,2
SF,IH2006,2020-06-17 10:06:47.700,2865.4000,19392,-1,4787513460.000,2,0,2,空平,B,2865.2000,2865.0000,2864.8000,2864.6000,2864.4000,2865.6000,2865.8000,2866.0000,2866.2000,2866.4000,4,4,2,11,3,2,2,1,1,2
SF,IH2006,2020-06-17 10:06:48.200,2865.8000,19390,-2,4790952240.000,4,1,3,空平,B,2865.6000,2865.2000,2865.0000,2864.8000,2864.6000,2865.8000,2866.0000,2866.2000,2866.4000,2866.6000,1,5,4,2,11,1,1,1,2,4
SF,IH2006,2020-06-17 10:06:48.700,2865.8000,19389,-1,4792671720.000,2,0,2,空平,B,2865.8000,2865.2000,2865.0000,2864.8000,2864.6000,2866.0000,2866.2000,2866.4000,2866.6000,2866.8000,1,6,4,2,11,1,1,2,5,4
SF,IH2006,2020-06-17 10:06:49.200,2866.0000,19389,0,4793531520.000,1,0,1,空换,B,2865.8000,2865.6000,2865.2000,2865.0000,2864.8000,2866.2000,2866.4000,2866.6000,2866.8000,2867.0000,1,1,6,4,2,1,2,4,4,1
SF,IH2006,2020-06-17 10:06:49.700,2866.2000,19388,-1,4794391380.000,1,0,1,双平,B,2866.0000,2865.8000,2865.6000,2865.2000,2865.0000,2866.4000,2866.6000,2866.8000,2867.0000,2867.2000,1,2,1,5,4,2,4,4,1,1
SF,IH2006,2020-06-17 10:06:50.200,2866.0000,19389,1,4795251180.000,1,1,0,双开,B,2866.0000,2865.8000,2865.6000,2865.2000,2865.0000,2866.4000,2866.6000,2866.8000,2867.0000,2867.2000,1,2,1,5,3,2,4,4,1,1
SF,IH2006,2020-06-17 10:06:50.700,2866.0000,19389,0,4796110980.000,1,0,1,空换,B,2865.8000,2865.6000,2865.2000,2865.0000,2864.8000,2866.0000,2866.2000,2866.4000,2866.6000,2866.8000,1,1,5,3,2,16,4,3,4,4
SF,IH2006,2020-06-17 10:06:51.200,2865.8000,19389,0,4797830460.000,2,1,1,空换,B,2865.6000,2865.2000,2865.0000,2864.8000,2864.6000,2865.8000,2866.0000,2866.4000,2866.6000,2866.8000,1,5,3,2,11,3,2,3,4,4
SF,IH2006,2020-06-17 10:06:51.700,2865.8000,19389,0,4797830460.000,0,-,-,-,-,2865.6000,2865.4000,2865.2000,2865.0000,2864.8000,2865.8000,2866.4000,2866.6000,2866.8000,2867.0000,1,1,5,3,2,2,3,4,4,1
SF,IH2006,2020-06-17 10:06:52.200,2865.8000,19389,0,4798690200.000,1,0,1,空换,B,2865.6000,2865.2000,2865.0000,2864.8000,2864.6000,2865.8000,2866.4000,2866.6000,2866.8000,2867.0000,1,5,3,2,11,1,3,4,4,1
SF,IH2006,2020-06-17 10:06:52.700,2865.8000,19388,-1,4800409680.000,2,0,2,空平,B,2865.6000,2865.2000,2865.0000,2864.8000,2864.6000,2866.2000,2866.4000,2866.6000,2866.8000,2867.0000,1,5,3,2,11,1,3,4,4,1
SF,IH2006,2020-06-17 10:06:53.200,2865.8000,19388,0,4800409680.000,0,-,-,-,-,2865.6000,2865.2000,2865.0000,2864.8000,2864.6000,2866.0000,2866.2000,2866.4000,2866.6000,2866.8000,1,5,3,2,11,1,2,3,4,4
SF,IH2006,2020-06-17 10:06:53.700,2865.8000,19388,0,4800409680.000,0,-,-,-,-,2865.6000,2865.4000,2865.2000,2865.0000,2864.8000,2866.0000,2866.2000,2866.4000,2866.6000,2866.8000,1,1,5,3,2,1,2,3,4,4
SF,IH2006,2020-06-17 10:06:54.700,2865.8000,19388,0,4800409680.000,0,-,-,-,-,2865.6000,2865.4000,2865.2000,2865.0000,2864.8000,2866.2000,2866.4000,2866.6000,2866.8000,2867.0000,1,1,5,3,2,2,3,4,4,1
SF,IH2006,2020-06-17 10:06:55.200,2865.8000,19388,0,4800409680.000,0,-,-,-,-,2865.6000,2865.4000,2865.2000,2865.0000,2864.8000,2866.0000,2866.2000,2866.4000,2866.6000,2866.8000,1,1,5,3,2,3,2,3,4,4
SF,IH2006,2020-06-17 10:06:55.700,2865.8000,19388,0,4800409680.000,0,-,-,-,-,2865.6000,2865.4000,2865.2000,2865.0000,2864.8000,2866.0000,2866.2000,2866.4000,2866.6000,2866.8000,2,1,5,3,2,3,2,3,4,4
SF,IH2006,2020-06-17 10:06:56.700,2865.8000,19388,0,4800409680.000,0,-,-,-,-,2865.8000,2865.6000,2865.4000,2865.2000,2865.0000,2866.0000,2866.2000,2866.4000,2866.6000,2866.8000,1,2,1,5,3,3,2,3,4,4
SF,IH2006,2020-06-17 10:06:57.200,2866.0000,19388,0,4801269480.000,1,0,1,空换,B,2865.8000,2865.6000,2865.4000,2865.2000,2865.0000,2866.0000,2866.2000,2866.4000,2866.6000,2866.8000,1,2,1,5,3,3,2,3,4,4
SF,IH2006,2020-06-17 10:06:57.700,2866.0000,19388,0,4801269480.000,0,-,-,-,-,2865.8000,2865.6000,2865.4000,2865.2000,2865.0000,2866.0000,2866.2000,2866.4000,2866.6000,2866.8000,2,2,1,5,3,1,2,3,4,4
SF,IH2006,2020-06-17 10:06:58.200,2866.0000,19388,0,4802129280.000,1,0,1,空换,B,2865.8000,2865.6000,2865.4000,2865.2000,2865.0000,2866.0000,2866.4000,2866.6000,2866.8000,2867.0000,2,2,1,5,3,1,3,4,4,1
SF,IH2006,2020-06-17 10:06:58.700,2866.0000,19387,-1,4802989080.000,1,0,1,双平,B,2865.8000,2865.6000,2865.4000,2865.2000,2865.0000,2866.4000,2866.6000,2866.8000,2867.0000,2867.2000,3,2,1,5,3,3,4,4,1,1
SF,IH2006,2020-06-17 10:06:59.200,2866.0000,19387,0,4802989080.000,0,-,-,-,-,2865.8000,2865.6000,2865.4000,2865.2000,2865.0000,2866.4000,2866.6000,2866.8000,2867.0000,2867.2000,3,2,1,5,3,3,3,4,1,1
SF,IH2006,2020-06-17 10:07:00.700,2866.0000,19387,0,4802989080.000,0,-,-,-,-,2866.0000,2865.8000,2865.6000,2865.4000,2865.2000,2866.4000,2866.6000,2866.8000,2867.0000,2867.2000,2,3,2,1,5,3,3,4,1,1
SF,IH2006,2020-06-17 10:07:02.200,2866.4000,19387,0,4803849000.000,1,0,1,空换,B,2866.0000,2865.8000,2865.6000,2865.4000,2865.2000,2866.4000,2866.6000,2866.8000,2867.0000,2867.2000,2,3,2,1,5,2,3,4,1,1
SF,IH2006,2020-06-17 10:07:02.700,2866.4000,19387,0,4803849000.000,0,-,-,-,-,2866.0000,2865.8000,2865.6000,2865.4000,2865.2000,2866.4000,2866.6000,2866.8000,2867.0000,2867.2000,2,3,2,1,5,1,3,4,1,1
SF,IH2006,2020-06-17 10:07:03.700,2866.4000,19386,-1,4804708920.000,1,0,1,双平,B,2866.4000,2866.0000,2865.8000,2865.6000,2865.4000,2866.6000,2866.8000,2867.0000,2867.2000,2867.4000,3,2,3,2,1,3,4,1,1,2
SF,IH2006,2020-06-17 10:07:04.200,2866.4000,19386,0,4807288680.000,3,1,2,空换,B,2866.0000,2865.8000,2865.6000,2865.4000,2865.2000,2866.4000,2866.6000,2866.8000,2867.0000,2867.2000,2,3,2,1,5,2,3,5,1,1
SF,IH2006,2020-06-17 10:07:04.700,2866.4000,19386,0,4807288680.000,0,-,-,-,-,2866.0000,2865.8000,2865.6000,2865.4000,2865.2000,2866.4000,2866.6000,2866.8000,2867.0000,2867.2000,2,3,2,1,5,1,3,4,1,1
SF,IH2006,2020-06-17 10:07:05.200,2866.4000,19386,0,4807288680.000,0,-,-,-,-,2866.0000,2865.8000,2865.6000,2865.4000,2865.2000,2866.6000,2866.8000,2867.0000,2867.2000,2867.4000,2,3,2,1,5,3,4,1,1,2
SF,IH2006,2020-06-17 10:07:05.700,2866.4000,19386,0,4807288680.000,0,-,-,-,-,2866.0000,2865.8000,2865.6000,2865.4000,2865.2000,2866.6000,2866.8000,2867.0000,2867.2000,2867.4000,2,3,2,1,5,4,4,1,1,2
SF,IH2006,2020-06-17 10:07:07.700,2866.4000,19386,0,4807288680.000,0,-,-,-,-,2866.0000,2865.8000,2865.6000,2865.4000,2865.2000,2866.6000,2866.8000,2867.0000,2867.2000,2867.4000,2,3,2,1,5,4,4,1,1,2
SF,IH2006,2020-06-17 10:07:08.700,2866.4000,19385,-1,4808148600.000,1,0,1,双平,B,2866.0000,2865.8000,2865.6000,2865.4000,2865.2000,2866.4000,2866.6000,2866.8000,2867.0000,2867.2000,2,3,2,1,5,1,4,4,1,1
SF,IH2006,2020-06-17 10:07:09.200,2866.0000,19385,0,4809868320.000,2,1,1,空换,B,2866.0000,2865.8000,2865.6000,2865.4000,2865.2000,2866.6000,2866.8000,2867.0000,2867.2000,2867.4000,1,3,2,1,5,4,4,1,1,2
SF,IH2006,2020-06-17 10:07:09.700,2866.0000,19386,1,4810728120.000,1,1,0,双开,B,2865.8000,2865.6000,2865.4000,2865.2000,2865.0000,2866.6000,2866.8000,2867.0000,2867.2000,2867.4000,3,2,1,5,3,4,4,1,1,2
SF,IH2006,2020-06-17 10:07:10.200,2865.8000,19385,-1,4811587860.000,1,0,1,双平,B,2865.8000,2865.6000,2865.4000,2865.2000,2865.0000,2866.0000,2866.6000,2866.8000,2867.0000,2867.2000,2,2,1,5,3,1,6,4,1,1
SF,IH2006,2020-06-17 10:07:10.700,2866.0000,19385,0,4812447660.000,1,0,1,空换,B,2865.8000,2865.6000,2865.4000,2865.2000,2865.0000,2866.4000,2866.6000,2866.8000,2867.0000,2867.2000,1,2,1,5,3,1,6,4,1,1
SF,IH2006,2020-06-17 10:07:11.200,2866.0000,19385,0,4812447660.000,0,-,-,-,-,2865.8000,2865.6000,2865.4000,2865.2000,2865.0000,2866.2000,2866.4000,2866.6000,2866.8000,2867.0000,1,2,1,5,3,1,2,6,4,1
SF,IH2006,2020-06-17 10:07:11.700,2865.8000,19386,1,4813307400.000,1,1,0,双开,B,2865.8000,2865.6000,2865.4000,2865.2000,2865.0000,2866.2000,2866.4000,2866.6000,2866.8000,2867.0000,1,2,1,5,3,1,2,6,4,1
SF,IH2006,2020-06-17 10:07:12.200,2865.8000,19386,0,4813307400.000,0,-,-,-,-,2865.8000,2865.6000,2865.4000,2865.2000,2865.0000,2866.2000,2866.4000,2866.6000,2866.8000,2867.0000,1,2,1,5,3,2,2,6,4,1
SF,IH2006,2020-06-17 10:07:12.700,2865.8000,19386,0,4813307400.000,0,-,-,-,-,2865.8000,2865.6000,2865.4000,2865.2000,2865.0000,2866.2000,2866.4000,2866.6000,2866.8000,2867.0000,1,2,1,5,3,1,3,6,4,1
SF,IH2006,2020-06-17 10:07:13.200,2865.8000,19387,1,4814167140.000,1,1,0,双开,B,2865.6000,2865.4000,2865.2000,2865.0000,2864.8000,2866.0000,2866.2000,2866.4000,2866.6000,2866.8000,2,1,5,3,2,1,1,3,6,4
SF,IH2006,2020-06-17 10:07:14.200,2865.6000,19388,1,4815026820.000,1,1,0,双开,B,2865.8000,2865.6000,2865.4000,2865.2000,2865.0000,2866.0000,2866.2000,2866.4000,2866.6000,2866.8000,1,1,1,5,3,1,1,3,6,4
SF,IH2006,2020-06-17 10:07:14.700,2865.6000,19388,0,4815026820.000,0,-,-,-,-,2865.8000,2865.6000,2865.4000,2865.2000,2865.0000,2866.0000,2866.2000,2866.4000,2866.6000,2866.8000,1,1,1,5,4,2,1,3,6,4
SF,IH2006,2020-06-17 10:07:15.200,2865.6000,19388,0,4815026820.000,0,-,-,-,-,2865.6000,2865.4000,2865.2000,2865.0000,2864.8000,2866.0000,2866.2000,2866.4000,2866.6000,2866.8000,1,1,5,4,2,2,1,3,6,4
SF,IH2006,2020-06-17 10:07:17.200,2866.0000,19388,0,4815886620.000,1,0,1,空换,B,2865.6000,2865.4000,2865.2000,2865.0000,2864.8000,2866.0000,2866.2000,2866.4000,2866.6000,2866.8000,1,3,5,4,2,1,1,4,6,4
SF,IH2006,2020-06-17 10:07:18.200,2866.0000,19388,0,4815886620.000,0,-,-,-,-,2865.6000,2865.4000,2865.2000,2865.0000,2864.8000,2866.0000,2866.2000,2866.4000,2866.6000,2866.8000,2,3,5,4,2,1,1,4,6,4
SF,IH2006,2020-06-17 10:07:18.700,2866.0000,19388,0,4815886620.000,0,-,-,-,-,2865.6000,2865.4000,2865.2000,2865.0000,2864.8000,2865.8000,2866.0000,2866.2000,2866.4000,2866.6000,2,3,5,4,2,1,2,1,4,5
SF,IH2006,2020-06-17 10:07:19.200,2865.8000,19388,0,4816746360.000,1,0,1,空换,B,2865.6000,2865.4000,2865.2000,2865.0000,2864.8000,2866.0000,2866.2000,2866.4000,2866.6000,2866.8000,2,3,5,4,2,2,1,4,5,4
SF,IH2006,2020-06-17 10:07:19.700,2865.8000,19388,0,4816746360.000,0,-,-,-,-,2865.6000,2865.4000,2865.2000,2865.0000,2864.8000,2866.0000,2866.2000,2866.4000,2866.6000,2866.8000,2,3,5,4,2,2,1,3,5,4
SF,IH2006,2020-06-17 10:07:20.200,2865.8000,19388,0,4816746360.000,0,-,-,-,-,2865.8000,2865.6000,2865.4000,2865.2000,2865.0000,2866.0000,2866.2000,2866.4000,2866.6000,2866.8000,1,2,3,5,4,2,1,3,5,4
SF,IH2006,2020-06-17 10:07:20.700,2865.8000,19388,0,4816746360.000,0,-,-,-,-,2865.8000,2865.6000,2865.4000,2865.2000,2865.0000,2866.0000,2866.2000,2866.4000,2866.6000,2866.8000,1,2,3,5,4,2,1,3,5,4
SF,IH2006,2020-06-17 10:07:22.700,2865.8000,19388,0,4816746360.000,0,-,-,-,-,2865.8000,2865.6000,2865.4000,2865.2000,2865.0000,2866.0000,2866.2000,2866.4000,2866.6000,2866.8000,1,2,3,5,4,2,1,4,5,4
SF,IH2006,2020-06-17 10:07:23.700,2865.8000,19388,0,4817606100.000,1,0,1,空换,B,2865.6000,2865.4000,2865.2000,2865.0000,2864.8000,2866.0000,2866.2000,2866.4000,2866.6000,2866.8000,2,3,5,4,2,2,1,4,5,4
SF,IH2006,2020-06-17 10:07:24.200,2865.8000,19388,0,4817606100.000,0,-,-,-,-,2865.8000,2865.6000,2865.4000,2865.2000,2865.0000,2866.0000,2866.2000,2866.4000,2866.6000,2866.8000,1,2,3,5,4,2,1,4,5,4
SF,IH2006,2020-06-17 10:07:26.200,2866.0000,19388,0,4818465900.000,1,0,1,空换,B,2865.8000,2865.6000,2865.4000,2865.2000,2865.0000,2866.0000,2866.2000,2866.4000,2866.6000,2866.8000,1,2,3,5,4,1,1,4,5,4
SF,IH2006,2020-06-17 10:07:26.700,2866.0000,19388,0,4819325700.000,1,0,1,空换,B,2866.0000,2865.8000,2865.6000,2865.4000,2865.2000,2866.2000,2866.4000,2866.6000,2866.8000,2867.2000,1,1,2,3,5,1,4,5,4,1
SF,IH2006,2020-06-17 10:07:27.200,2866.0000,19388,0,4819325700.000,0,-,-,-,-,2866.0000,2865.8000,2865.6000,2865.4000,2865.2000,2866.4000,2866.6000,2866.8000,2867.2000,2867.4000,1,1,2,3,5,3,5,4,1,2
SF,IH2006,2020-06-17 10:07:29.700,2866.0000,19388,0,4819325700.000,0,-,-,-,-,2866.0000,2865.8000,2865.6000,2865.4000,2865.2000,2866.4000,2866.6000,2866.8000,2867.2000,2867.4000,1,1,2,3,5,4,5,4,1,2
SF,IH2006,2020-06-17 10:07:30.200,2866.0000,19388,0,4819325700.000,0,-,-,-,-,2866.0000,2865.8000,2865.6000,2865.4000,2865.2000,2866.4000,2866.6000,2866.8000,2867.2000,2867.4000,1,2,2,3,5,5,5,4,1,2
SF,IH2006,2020-06-17 10:07:32.700,2866.0000,19388,0,4819325700.000,0,-,-,-,-,2866.0000,2865.8000,2865.6000,2865.4000,2865.2000,2866.4000,2866.6000,2866.8000,2867.2000,2867.4000,2,2,2,3,5,5,5,4,1,2
SF,IH2006,2020-06-17 10:07:33.200,2866.0000,19388,0,4819325700.000,0,-,-,-,-,2866.0000,2865.8000,2865.6000,2865.4000,2865.2000,2866.2000,2866.4000,2866.6000,2866.8000,2867.2000,2,2,2,3,5,2,5,5,4,1
SF,IH2006,2020-06-17 10:07:33.700,2866.0000,19388,0,4819325700.000,0,-,-,-,-,2866.0000,2865.8000,2865.6000,2865.4000,2865.2000,2866.4000,2866.6000,2866.8000,2867.2000,2867.4000,2,2,2,3,5,4,5,4,1,2
SF,IH2006,2020-06-17 10:07:34.200,2866.0000,19388,0,4819325700.000,0,-,-,-,-,2866.0000,2865.8000,2865.6000,2865.4000,2865.2000,2866.4000,2866.6000,2866.8000,2867.2000,2867.4000,3,2,2,3,5,4,5,4,1,2
SF,IH2006,2020-06-17 10:07:39.700,2866.4000,19388,0,4821905460.000,3,1,2,空换,B,2866.0000,2865.8000,2865.6000,2865.4000,2865.2000,2866.4000,2866.6000,2866.8000,2867.2000,2867.4000,3,2,2,3,5,1,5,4,1,2
SF,IH2006,2020-06-17 10:07:40.200,2866.6000,19385,-3,4824485340.000,3,0,3,双平,B,2866.4000,2866.2000,2866.0000,2865.8000,2865.6000,2866.6000,2866.8000,2867.2000,2867.4000,2867.6000,1,3,3,2,2,3,4,1,2,2
SF,IH2006,2020-06-17 10:07:41.200,2866.6000,19385,0,4824485340.000,0,-,-,-,-,2866.4000,2866.2000,2866.0000,2865.8000,2865.6000,2866.6000,2866.8000,2867.2000,2867.4000,2867.6000,1,3,2,2,2,3,4,1,2,2
SF,IH2006,2020-06-17 10:07:41.700,2866.6000,19385,0,4824485340.000,0,-,-,-,-,2866.2000,2866.0000,2865.8000,2865.6000,2865.4000,2866.6000,2866.8000,2867.2000,2867.4000,2867.6000,3,3,2,2,3,3,4,1,2,2
SF,IH2006,2020-06-17 10:07:42.200,2866.6000,19385,0,4824485340.000,0,-,-,-,-,2866.2000,2866.0000,2865.8000,2865.6000,2865.4000,2866.6000,2866.8000,2867.2000,2867.4000,2867.6000,4,3,2,2,3,3,4,1,2,2
SF,IH2006,2020-06-17 10:07:43.200,2866.6000,19385,0,4825345320.000,1,0,1,空换,B,2866.2000,2866.0000,2865.8000,2865.6000,2865.4000,2866.6000,2866.8000,2867.2000,2867.4000,2867.6000,4,3,2,2,3,2,4,1,2,2
SF,IH2006,2020-06-17 10:07:44.200,2866.6000,19384,-1,4826205300.000,1,0,1,双平,B,2866.2000,2866.0000,2865.8000,2865.6000,2865.4000,2866.6000,2866.8000,2867.2000,2867.4000,2867.6000,4,3,2,2,3,1,4,1,2,2
SF,IH2006,2020-06-17 10:07:44.700,2866.6000,19384,0,4826205300.000,0,-,-,-,-,2866.4000,2866.2000,2866.0000,2865.8000,2865.6000,2866.6000,2866.8000,2867.2000,2867.4000,2867.6000,1,4,3,2,2,2,4,1,2,2
SF,IH2006,2020-06-17 10:07:45.200,2866.6000,19384,0,4826205300.000,0,-,-,-,-,2866.4000,2866.2000,2866.0000,2865.8000,2865.6000,2866.6000,2866.8000,2867.2000,2867.4000,2867.6000,1,2,3,2,2,2,4,1,2,2
SF,IH2006,2020-06-17 10:07:45.700,2866.6000,19384,0,4826205300.000,0,-,-,-,-,2866.4000,2866.2000,2866.0000,2865.8000,2865.6000,2866.6000,2866.8000,2867.2000,2867.4000,2867.6000,1,2,3,2,2,2,5,1,2,2
SF,IH2006,2020-06-17 10:07:46.200,2866.6000,19382,-2,4827925260.000,2,0,2,双平,B,2866.4000,2866.2000,2866.0000,2865.8000,2865.6000,2866.8000,2867.2000,2867.4000,2867.6000,2867.8000,1,1,3,2,2,5,1,2,2,2
SF,IH2006,2020-06-17 10:07:46.700,2866.6000,19382,0,4827925260.000,0,-,-,-,-,2866.6000,2866.4000,2866.2000,2866.0000,2865.8000,2866.8000,2867.2000,2867.4000,2867.6000,2867.8000,1,1,1,3,2,5,1,2,2,2
SF,IH2006,2020-06-17 10:07:48.700,2866.6000,19382,0,4827925260.000,0,-,-,-,-,2866.6000,2866.4000,2866.2000,2866.0000,2865.8000,2866.8000,2867.2000,2867.4000,2867.6000,2867.8000,1,1,1,3,2,5,1,2,2,2
SF,IH2006,2020-06-17 10:07:49.200,2866.6000,19382,0,4827925260.000,0,-,-,-,-,2866.6000,2866.4000,2866.2000,2866.0000,2865.8000,2866.8000,2867.2000,2867.4000,2867.6000,2867.8000,2,1,1,3,2,5,1,2,2,2
SF,IH2006,2020-06-17 10:07:49.700,2866.6000,19382,0,4827925260.000,0,-,-,-,-,2866.6000,2866.4000,2866.2000,2866.0000,2865.8000,2866.8000,2867.2000,2867.4000,2867.6000,2867.8000,3,1,1,3,2,5,1,2,2,2
SF,IH2006,2020-06-17 10:07:50.200,2866.8000,19382,0,4828785300.000,1,0,1,空换,B,2866.6000,2866.4000,2866.2000,2866.0000,2865.8000,2866.8000,2867.2000,2867.4000,2867.6000,2867.8000,3,1,1,3,2,4,1,2,2,2
SF,IH2006,2020-06-17 10:07:50.700,2866.8000,19385,3,4831365420.000,3,3,0,双开,B,2866.6000,2866.4000,2866.2000,2866.0000,2865.8000,2866.8000,2867.2000,2867.4000,2867.6000,2867.8000,3,1,1,4,2,1,1,2,2,2
SF,IH2006,2020-06-17 10:07:51.700,2866.8000,19384,-1,4832225460.000,1,0,1,双平,B,2866.6000,2866.4000,2866.2000,2866.0000,2865.8000,2867.2000,2867.4000,2867.6000,2867.8000,2868.2000,3,1,1,4,2,1,2,2,2,1
SF,IH2006,2020-06-17 10:07:52.200,2866.8000,19384,0,4832225460.000,0,-,-,-,-,2866.6000,2866.4000,2866.2000,2866.0000,2865.8000,2867.0000,2867.2000,2867.4000,2867.6000,2867.8000,3,1,4,4,2,1,2,2,2,2
SF,IH2006,2020-06-17 10:07:52.700,2866.8000,19384,0,4832225460.000,0,-,-,-,-,2866.6000,2866.4000,2866.2000,2866.0000,2865.8000,2867.0000,2867.2000,2867.4000,2867.6000,2867.8000,3,1,4,4,2,1,2,2,2,2
SF,IH2006,2020-06-17 10:07:53.200,2867.0000,19384,0,4833085560.000,1,0,1,空换,B,2867.0000,2866.6000,2866.4000,2866.2000,2866.0000,2867.2000,2867.4000,2867.6000,2867.8000,2868.2000,1,3,1,4,4,2,2,2,2,1
SF,IH2006,2020-06-17 10:07:53.700,2867.0000,19384,0,4833945660.000,1,0,1,空换,B,2866.6000,2866.4000,2866.2000,2866.0000,2865.8000,2867.0000,2867.2000,2867.4000,2867.6000,2867.8000,3,1,4,4,2,4,2,2,2,2
SF,IH2006,2020-06-17 10:07:54.200,2867.0000,19384,0,4833945660.000,0,-,-,-,-,2866.6000,2866.4000,2866.2000,2866.0000,2865.8000,2867.0000,2867.2000,2867.4000,2867.6000,2867.8000,3,1,4,4,2,1,2,2,2,2
SF,IH2006,2020-06-17 10:07:54.700,2867.0000,19384,0,4834805760.000,1,0,1,空换,B,2866.6000,2866.4000,2866.2000,2866.0000,2865.8000,2867.2000,2867.4000,2867.6000,2867.8000,2868.2000,3,2,4,4,2,2,2,2,2,1
SF,IH2006,2020-06-17 10:07:55.700,2867.2000,19385,1,4835665920.000,1,1,0,双开,B,2866.6000,2866.4000,2866.2000,2866.0000,2865.8000,2867.2000,2867.4000,2867.6000,2867.8000,2868.2000,3,2,4,4,2,1,2,2,2,1
SF,IH2006,2020-06-17 10:07:56.200,2867.2000,19385,0,4835665920.000,0,-,-,-,-,2866.8000,2866.6000,2866.4000,2866.2000,2866.0000,2867.0000,2867.4000,2867.6000,2867.8000,2868.2000,1,3,2,4,4,3,2,2,2,1
SF,IH2006,2020-06-17 10:07:56.700,2867.2000,19385,0,4835665920.000,0,-,-,-,-,2866.8000,2866.6000,2866.4000,2866.2000,2866.0000,2867.0000,2867.4000,2867.6000,2867.8000,2868.2000,1,3,2,4,4,2,2,2,2,1
SF,IH2006,2020-06-17 10:07:57.700,2867.2000,19385,0,4835665920.000,0,-,-,-,-,2866.8000,2866.6000,2866.4000,2866.2000,2866.0000,2867.0000,2867.4000,2867.6000,2867.8000,2868.2000,1,3,2,4,4,2,2,3,2,1
SF,IH2006,2020-06-17 10:07:58.700,2866.8000,19385,0,4836525960.000,1,0,1,空换,B,2866.6000,2866.4000,2866.2000,2866.0000,2865.8000,2867.0000,2867.4000,2867.6000,2867.8000,2868.2000,3,2,4,4,2,2,2,3,2,1
SF,IH2006,2020-06-17 10:07:59.200,2866.4000,19381,-4,4840825740.000,5,0,5,空平,B,2866.2000,2866.0000,2865.8000,2865.6000,2865.4000,2866.6000,2866.8000,2867.0000,2867.4000,2867.6000,4,4,2,2,3,9,5,2,2,3
SF,IH2006,2020-06-17 10:07:59.700,2866.2000,19380,-1,4842545460.000,2,0,2,空平,B,2866.2000,2866.0000,2865.8000,2865.6000,2865.4000,2866.6000,2866.8000,2867.0000,2867.4000,2867.6000,3,4,2,2,3,1,4,2,2,3
SF,IH2006,2020-06-17 10:08:00.200,2866.4000,19379,-1,4843405380.000,1,0,1,双平,B,2866.2000,2866.0000,2865.8000,2865.6000,2865.4000,2866.6000,2866.8000,2867.0000,2867.4000,2867.6000,3,3,2,2,3,1,3,2,3,3
SF,IH2006,2020-06-17 10:08:00.700,2866.2000,19379,0,4847704860.000,5,2,3,空换,B,2866.0000,2865.8000,2865.6000,2865.4000,2865.2000,2866.8000,2867.0000,2867.4000,2867.6000,2867.8000,3,2,2,3,3,3,2,3,3,2
SF,IH2006,2020-06-17 10:08:01.200,2866.0000,19381,2,4850284260.000,3,2,1,多开,B,2865.8000,2865.6000,2865.4000,2865.2000,2865.0000,2866.0000,2866.2000,2866.4000,2866.6000,2866.8000,2,2,3,3,3,4,24,3,5,3
SF,IH2006,2020-06-17 10:08:01.700,2865.6000,19381,0,4853723100.000,4,2,2,空换,B,2865.4000,2865.2000,2865.0000,2864.8000,2864.6000,2865.6000,2865.8000,2866.0000,2866.4000,2866.6000,3,3,3,2,9,1,12,4,2,2
SF,IH2006,2020-06-17 10:08:02.200,2865.6000,19380,-1,4857161640.000,4,1,3,空平,B,2865.2000,2865.0000,2864.8000,2864.6000,2864.4000,2865.8000,2866.0000,2866.4000,2866.6000,2866.8000,2,3,2,9,1,12,2,1,1,3
SF,IH2006,2020-06-17 10:08:02.700,2865.2000,19381,1,4858021200.000,1,1,0,双开,B,2865.2000,2865.0000,2864.8000,2864.6000,2864.4000,2865.6000,2865.8000,2866.0000,2866.4000,2866.6000,2,3,2,9,1,1,6,2,1,1
SF,IH2006,2020-06-17 10:08:03.200,2865.6000,19380,-1,4858880880.000,1,0,1,双平,B,2865.6000,2865.2000,2865.0000,2864.8000,2864.6000,2865.8000,2866.0000,2866.4000,2866.6000,2866.8000,8,2,3,2,9,6,2,1,1,3
SF,IH2006,2020-06-17 10:08:03.700,2865.8000,19379,-1,4860600180.000,2,0,2,空平,B,2865.2000,2865.0000,2864.8000,2864.6000,2864.4000,2865.4000,2865.8000,2866.0000,2866.4000,2866.6000,1,3,2,9,1,1,1,2,1,1
SF,IH2006,2020-06-17 10:08:04.200,2865.8000,19379,0,4862319540.000,2,1,1,空换,B,2865.8000,2865.6000,2865.4000,2865.2000,2865.0000,2866.0000,2866.6000,2866.8000,2867.0000,2867.4000,7,5,15,2,3,2,1,3,2,3
SF,IH2006,2020-06-17 10:08:04.700,2866.0000,19378,-1,4864898880.000,3,1,2,空平,B,2866.0000,2865.8000,2865.4000,2865.2000,2865.0000,2866.6000,2866.8000,2867.0000,2867.4000,2867.6000,2,1,10,2,3,1,3,2,3,3
SF,IH2006,2020-06-17 10:08:05.200,2866.0000,19378,0,4866618480.000,2,1,1,空换,B,2865.4000,2865.2000,2865.0000,2864.8000,2864.6000,2866.2000,2866.4000,2866.6000,2866.8000,2867.0000,9,2,4,2,9,4,1,1,3,2
SF,IH2006,2020-06-17 10:08:05.700,2866.0000,19378,0,4866618480.000,0,-,-,-,-,2866.0000,2865.6000,2865.4000,2865.2000,2865.0000,2866.2000,2866.4000,2866.6000,2866.8000,2867.0000,1,7,9,2,4,1,1,1,3,2
SF,IH2006,2020-06-17 10:08:06.200,2866.0000,19377,-1,4867478280.000,1,0,1,双平,B,2865.6000,2865.4000,2865.2000,2865.0000,2864.8000,2866.0000,2866.2000,2866.4000,2866.6000,2866.8000,5,8,2,4,2,3,1,1,1,3
SF,IH2006,2020-06-17 10:08:06.700,2866.0000,19377,0,4867478280.000,0,-,-,-,-,2865.6000,2865.4000,2865.2000,2865.0000,2864.8000,2866.2000,2866.4000,2866.6000,2866.8000,2867.0000,2,8,2,4,2,1,1,1,3,2
SF,IH2006,2020-06-17 10:08:07.200,2866.0000,19377,0,4867478280.000,0,-,-,-,-,2865.6000,2865.4000,2865.2000,2865.0000,2864.8000,2866.0000,2866.2000,2866.4000,2866.6000,2866.8000,2,6,2,4,2,1,1,1,1,3
SF,IH2006,2020-06-17 10:08:07.700,2866.0000,19377,0,4867478280.000,0,-,-,-,-,2865.6000,2865.4000,2865.2000,2865.0000,2864.8000,2866.0000,2866.2000,2866.4000,2866.6000,2866.8000,2,6,2,4,2,1,1,1,1,3
SF,IH2006,2020-06-17 10:08:08.200,2866.0000,19378,1,4868338080.000,1,1,0,双开,B,2865.6000,2865.4000,2865.2000,2865.0000,2864.8000,2866.4000,2866.6000,2866.8000,2867.0000,2867.4000,2,5,2,4,2,1,1,3,2,3
SF,IH2006,2020-06-17 10:08:08.700,2866.0000,19378,0,4868338080.000,0,-,-,-,-,2865.8000,2865.6000,2865.4000,2865.2000,2865.0000,2866.4000,2866.6000,2866.8000,2867.0000,2867.4000,3,4,5,2,4,1,1,3,2,3
SF,IH2006,2020-06-17 10:08:09.200,2866.0000,19378,0,4868338080.000,0,-,-,-,-,2865.8000,2865.6000,2865.4000,2865.2000,2865.0000,2866.2000,2866.4000,2866.6000,2866.8000,2867.0000,4,3,5,2,4,1,1,1,3,2
SF,IH2006,2020-06-17 10:08:09.700,2866.0000,19378,0,4868338080.000,0,-,-,-,-,2865.8000,2865.6000,2865.4000,2865.2000,2865.0000,2866.2000,2866.4000,2866.6000,2866.8000,2867.0000,4,3,5,2,4,1,1,2,3,2
SF,IH2006,2020-06-17 10:08:10.200,2866.0000,19378,0,4868338080.000,0,-,-,-,-,2865.8000,2865.6000,2865.4000,2865.2000,2865.0000,2866.2000,2866.4000,2866.6000,2866.8000,2867.0000,4,3,6,2,4,5,1,2,3,2
SF,IH2006,2020-06-17 10:08:10.700,2866.2000,19377,-1,4869197940.000,1,0,1,双平,B,2865.8000,2865.6000,2865.4000,2865.2000,2865.0000,2866.2000,2866.4000,2866.6000,2866.8000,2867.0000,11,3,6,2,4,4,1,2,3,2
SF,IH2006,2020-06-17 10:08:11.200,2866.2000,19376,-1,4872637380.000,4,1,3,空平,B,2866.0000,2865.8000,2865.6000,2865.4000,2865.2000,2866.6000,2866.8000,2867.0000,2867.4000,2867.6000,4,10,1,6,2,2,3,2,3,3
SF,IH2006,2020-06-17 10:08:11.700,2866.2000,19376,0,4872637380.000,0,-,-,-,-,2866.2000,2866.0000,2865.8000,2865.6000,2865.4000,2866.6000,2866.8000,2867.0000,2867.4000,2867.6000,2,3,10,1,5,1,2,2,3,3
SF,IH2006,2020-06-17 10:08:12.200,2866.2000,19376,0,4872637380.000,0,-,-,-,-,2866.4000,2866.2000,2866.0000,2865.8000,2865.6000,2866.6000,2866.8000,2867.0000,2867.4000,2867.6000,1,4,2,10,1,1,1,2,3,3
SF,IH2006,2020-06-17 10:08:12.700,2866.2000,19376,0,4872637380.000,0,-,-,-,-,2866.4000,2866.2000,2866.0000,2865.8000,2865.6000,2866.6000,2866.8000,2867.0000,2867.4000,2867.6000,1,4,4,10,2,1,1,2,3,3
SF,IH2006,2020-06-17 10:08:13.200,2866.6000,19376,0,4873497360.000,1,0,1,空换,B,2866.4000,2866.2000,2866.0000,2865.8000,2865.6000,2866.8000,2867.0000,2867.4000,2867.6000,2867.8000,1,2,4,9,2,1,2,3,3,2
SF,IH2006,2020-06-17 10:08:13.700,2866.6000,19376,0,4873497360.000,0,-,-,-,-,2866.6000,2866.4000,2866.2000,2866.0000,2865.8000,2867.0000,2867.4000,2867.6000,2867.8000,2868.2000,2,2,1,4,9,2,3,3,2,1
SF,IH2006,2020-06-17 10:08:14.200,2866.6000,19376,0,4873497360.000,0,-,-,-,-,2866.8000,2866.6000,2866.4000,2866.0000,2865.8000,2867.0000,2867.4000,2867.6000,2867.8000,2868.2000,1,2,1,4,10,2,3,3,2,1
SF,IH2006,2020-06-17 10:08:14.700,2866.6000,19376,0,4873497360.000,0,-,-,-,-,2866.8000,2866.6000,2866.4000,2866.0000,2865.8000,2867.0000,2867.4000,2867.6000,2867.8000,2868.2000,1,4,1,4,9,3,3,3,2,1
SF,IH2006,2020-06-17 10:08:15.200,2866.6000,19376,0,4873497360.000,0,-,-,-,-,2866.8000,2866.6000,2866.4000,2866.0000,2865.8000,2867.0000,2867.4000,2867.6000,2867.8000,2868.2000,1,4,1,4,9,3,2,3,2,1
SF,IH2006,2020-06-17 10:08:15.700,2867.0000,19376,0,4874357460.000,1,0,1,空换,B,2866.6000,2866.4000,2866.0000,2865.8000,2865.6000,2866.8000,2867.0000,2867.4000,2867.6000,2867.8000,4,1,4,9,2,1,2,2,3,2
SF,IH2006,2020-06-17 10:08:16.200,2867.0000,19376,0,4875217560.000,1,0,1,空换,B,2866.6000,2866.4000,2866.0000,2865.8000,2865.6000,2867.0000,2867.4000,2867.6000,2867.8000,2868.2000,4,1,4,9,2,2,2,3,2,1
SF,IH2006,2020-06-17 10:08:16.700,2867.0000,19376,0,4876077660.000,1,0,1,空换,B,2866.8000,2866.6000,2866.0000,2865.8000,2865.6000,2867.0000,2867.4000,2867.6000,2867.8000,2868.2000,2,5,4,9,2,1,2,3,2,1
SF,IH2006,2020-06-17 10:08:17.200,2866.8000,19376,0,4877797800.000,2,1,1,空换,B,2866.8000,2866.6000,2866.0000,2865.8000,2865.6000,2867.4000,2867.6000,2867.8000,2868.2000,2868.4000,1,5,2,9,2,2,3,2,1,1
SF,IH2006,2020-06-17 10:08:17.700,2867.4000,19375,-1,4879518060.000,2,0,2,空平,B,2866.8000,2866.6000,2866.0000,2865.8000,2865.6000,2867.6000,2867.8000,2868.2000,2868.4000,2868.6000,2,3,2,9,2,3,2,1,1,4
SF,IH2006,2020-06-17 10:08:18.200,2867.0000,19374,-1,4880378160.000,1,0,1,双平,B,2866.8000,2866.6000,2866.0000,2865.8000,2865.6000,2867.6000,2867.8000,2868.2000,2868.4000,2868.6000,2,3,2,9,2,5,2,1,1,4
SF,IH2006,2020-06-17 10:08:18.700,2867.4000,19374,0,4881238380.000,1,0,1,空换,B,2866.8000,2866.6000,2866.0000,2865.8000,2865.6000,2867.6000,2867.8000,2868.2000,2868.4000,2868.6000,2,2,2,9,2,4,2,1,1,4
SF,IH2006,2020-06-17 10:08:19.200,2867.4000,19374,0,4881238380.000,0,-,-,-,-,2867.0000,2866.8000,2866.6000,2866.0000,2865.8000,2867.4000,2867.6000,2867.8000,2868.2000,2868.4000,1,2,2,2,9,1,4,2,1,1
SF,IH2006,2020-06-17 10:08:19.700,2866.8000,19373,-1,4882958520.000,2,0,2,空平,B,2866.8000,2866.6000,2866.0000,2865.8000,2865.6000,2867.4000,2867.6000,2867.8000,2868.2000,2868.4000,1,2,2,9,2,1,4,2,1,1
SF,IH2006,2020-06-17 10:08:20.200,2866.8000,19373,0,4882958520.000,0,-,-,-,-,2866.6000,2866.0000,2865.8000,2865.6000,2865.4000,2867.4000,2867.6000,2867.8000,2868.2000,2868.4000,2,2,9,2,2,1,4,2,1,1
SF,IH2006,2020-06-17 10:08:20.700,2866.8000,19373,0,4882958520.000,0,-,-,-,-,2866.6000,2866.0000,2865.8000,2865.6000,2865.4000,2867.2000,2867.4000,2867.6000,2867.8000,2868.2000,2,2,9,2,2,2,2,4,2,1
SF,IH2006,2020-06-17 10:08:22.200,2866.8000,19373,0,4882958520.000,0,-,-,-,-,2866.6000,2866.0000,2865.8000,2865.6000,2865.4000,2867.2000,2867.4000,2867.6000,2867.8000,2868.2000,2,1,9,2,2,3,2,4,2,1
SF,IH2006,2020-06-17 10:08:22.700,2866.8000,19373,0,4882958520.000,0,-,-,-,-,2866.8000,2866.6000,2866.4000,2866.0000,2865.8000,2867.2000,2867.4000,2867.6000,2867.8000,2868.2000,1,3,1,1,9,2,2,4,2,1
SF,IH2006,2020-06-17 10:08:23.200,2866.8000,19373,0,4882958520.000,0,-,-,-,-,2866.8000,2866.6000,2866.4000,2866.0000,2865.8000,2867.2000,2867.4000,2867.6000,2867.8000,2868.2000,2,3,1,1,9,2,2,4,2,1
SF,IH2006,2020-06-17 10:08:23.700,2867.4000,19374,1,4883818740.000,1,1,0,双开,B,2867.2000,2867.0000,2866.8000,2866.6000,2866.4000,2867.6000,2867.8000,2868.2000,2868.4000,2868.6000,3,1,2,3,1,4,2,1,1,4
SF,IH2006,2020-06-17 10:08:24.200,2867.4000,19374,0,4883818740.000,0,-,-,-,-,2867.0000,2866.8000,2866.6000,2866.4000,2866.0000,2867.6000,2867.8000,2868.2000,2868.4000,2868.6000,1,2,3,1,1,3,2,1,1,4
SF,IH2006,2020-06-17 10:08:24.700,2867.4000,19374,0,4883818740.000,0,-,-,-,-,2867.4000,2867.2000,2866.8000,2866.6000,2866.4000,2867.6000,2867.8000,2868.2000,2868.4000,2868.6000,1,4,2,3,1,3,2,1,1,4
SF,IH2006,2020-06-17 10:08:25.200,2867.2000,19375,1,4885539060.000,2,1,1,多开,B,2867.2000,2866.8000,2866.6000,2866.4000,2866.0000,2867.6000,2867.8000,2868.2000,2868.4000,2868.6000,2,2,3,1,1,3,2,1,1,4
SF,IH2006,2020-06-17 10:08:25.700,2867.6000,19373,-2,4887259620.000,2,0,2,双平,B,2867.4000,2867.2000,2866.8000,2866.6000,2866.4000,2867.6000,2867.8000,2868.2000,2868.4000,2868.6000,1,3,2,3,1,1,3,1,1,4
SF,IH2006,2020-06-17 10:08:26.200,2867.6000,19373,0,4887259620.000,0,-,-,-,-,2867.2000,2867.0000,2866.8000,2866.6000,2866.4000,2867.4000,2867.6000,2867.8000,2868.2000,2868.4000,2,1,2,3,1,2,2,3,1,1
SF,IH2006,2020-06-17 10:08:26.700,2867.6000,19372,-1,4889840460.000,3,1,2,空平,B,2867.2000,2867.0000,2866.8000,2866.6000,2866.4000,2867.8000,2868.2000,2868.4000,2868.6000,2868.8000,2,1,1,3,1,3,1,1,4,4
SF,IH2006,2020-06-17 10:08:27.200,2867.6000,19372,0,4889840460.000,0,-,-,-,-,2867.4000,2867.2000,2867.0000,2866.8000,2866.6000,2867.8000,2868.2000,2868.4000,2868.6000,2868.8000,1,2,1,1,2,3,1,1,4,4
SF,IH2006,2020-06-17 10:08:27.700,2867.4000,19371,-1,4891560960.000,2,0,2,空平,B,2867.4000,2867.2000,2867.0000,2866.8000,2866.6000,2867.8000,2868.2000,2868.4000,2868.6000,2868.8000,1,2,1,1,2,3,1,1,4,4
SF,IH2006,2020-06-17 10:08:28.200,2867.4000,19370,-1,4892421180.000,1,0,1,双平,B,2867.2000,2867.0000,2866.8000,2866.6000,2866.4000,2867.8000,2868.2000,2868.4000,2868.6000,2868.8000,2,1,1,2,1,4,1,1,4,4
SF,IH2006,2020-06-17 10:08:29.200,2867.4000,19370,0,4892421180.000,0,-,-,-,-,2867.2000,2867.0000,2866.8000,2866.6000,2866.4000,2867.8000,2868.2000,2868.4000,2868.6000,2868.8000,2,1,1,2,1,4,1,1,4,4
SF,IH2006,2020-06-17 10:08:29.700,2867.2000,19370,0,4894141500.000,2,1,1,空换,B,2867.0000,2866.8000,2866.6000,2866.4000,2865.8000,2867.8000,2868.2000,2868.4000,2868.6000,2868.8000,1,1,2,1,9,4,1,1,4,4
SF,IH2006,2020-06-17 10:08:30.200,2867.2000,19370,0,4894141500.000,0,-,-,-,-,2867.0000,2866.8000,2866.6000,2866.4000,2865.8000,2867.6000,2867.8000,2868.2000,2868.4000,2868.6000,1,1,2,1,9,6,4,1,1,4
SF,IH2006,2020-06-17 10:08:30.700,2866.8000,19369,-1,4895861640.000,2,0,2,空平,B,2866.6000,2866.4000,2865.8000,2865.6000,2865.4000,2867.2000,2867.6000,2867.8000,2868.2000,2868.4000,2,1,9,2,2,5,2,4,1,1
SF,IH2006,2020-06-17 10:08:31.200,2866.6000,19367,-2,4897581660.000,2,0,2,双平,B,2866.6000,2866.4000,2865.8000,2865.6000,2865.4000,2867.2000,2867.6000,2867.8000,2868.2000,2868.4000,1,1,9,2,2,1,2,4,1,1
SF,IH2006,2020-06-17 10:08:31.700,2866.6000,19367,0,4897581660.000,0,-,-,-,-,2866.6000,2866.4000,2865.8000,2865.6000,2865.4000,2867.0000,2867.2000,2867.6000,2867.8000,2868.2000,1,1,9,2,2,1,1,2,4,1
SF,IH2006,2020-06-17 10:08:32.200,2866.6000,19367,0,4897581660.000,0,-,-,-,-,2866.6000,2866.4000,2865.8000,2865.6000,2865.4000,2867.0000,2867.2000,2867.6000,2867.8000,2868.2000,1,1,9,2,2,1,1,2,4,1
SF,IH2006,2020-06-17 10:08:32.700,2866.6000,19367,0,4897581660.000,0,-,-,-,-,2866.6000,2866.4000,2865.8000,2865.6000,2865.4000,2867.2000,2867.6000,2867.8000,2868.2000,2868.4000,1,1,9,2,3,1,2,4,1,1
SF,IH2006,2020-06-17 10:08:33.200,2866.6000,19367,0,4897581660.000,0,-,-,-,-,2866.6000,2866.4000,2865.8000,2865.6000,2865.4000,2867.0000,2867.2000,2867.6000,2867.8000,2868.2000,1,1,9,2,3,1,1,2,4,1
SF,IH2006,2020-06-17 10:08:33.700,2866.6000,19367,0,4897581660.000,0,-,-,-,-,2866.6000,2866.4000,2865.8000,2865.6000,2865.4000,2867.0000,2867.2000,2867.6000,2867.8000,2868.2000,1,1,9,2,3,2,1,2,3,1
SF,IH2006,2020-06-17 10:08:34.200,2866.6000,19367,0,4897581660.000,0,-,-,-,-,2866.6000,2866.4000,2865.8000,2865.6000,2865.4000,2867.0000,2867.2000,2867.6000,2867.8000,2868.2000,1,1,9,2,3,1,1,2,3,1
SF,IH2006,2020-06-17 10:08:35.200,2866.6000,19367,0,4897581660.000,0,-,-,-,-,2866.6000,2866.4000,2865.8000,2865.6000,2865.4000,2867.0000,2867.2000,2867.6000,2867.8000,2868.2000,1,1,9,2,3,1,1,2,3,1
SF,IH2006,2020-06-17 10:08:35.700,2866.6000,19367,0,4897581660.000,0,-,-,-,-,2866.8000,2866.6000,2866.4000,2865.8000,2865.6000,2867.0000,2867.2000,2867.6000,2867.8000,2868.2000,1,1,1,9,2,1,1,2,3,1
SF,IH2006,2020-06-17 10:08:36.200,2866.6000,19367,0,4897581660.000,0,-,-,-,-,2866.8000,2866.6000,2866.4000,2865.8000,2865.6000,2867.0000,2867.2000,2867.6000,2867.8000,2868.2000,1,1,1,9,2,2,1,2,3,1
SF,IH2006,2020-06-17 10:08:36.700,2866.6000,19367,0,4897581660.000,0,-,-,-,-,2866.8000,2866.6000,2866.4000,2866.0000,2865.8000,2867.0000,2867.2000,2867.6000,2867.8000,2868.2000,1,1,1,1,9,2,1,2,3,1
SF,IH2006,2020-06-17 10:08:37.700,2866.8000,19367,0,4898441700.000,1,0,1,空换,B,2866.6000,2866.4000,2866.0000,2865.8000,2865.6000,2867.0000,2867.2000,2867.6000,2867.8000,2868.2000,1,1,1,9,2,2,1,2,3,1
SF,IH2006,2020-06-17 10:08:38.200,2866.8000,19367,0,4898441700.000,0,-,-,-,-,2866.6000,2866.4000,2866.2000,2866.0000,2865.8000,2867.0000,2867.2000,2867.6000,2867.8000,2868.2000,1,1,1,1,9,2,1,2,3,1
SF,IH2006,2020-06-17 10:08:39.200,2866.8000,19367,0,4898441700.000,0,-,-,-,-,2866.6000,2866.4000,2866.2000,2866.0000,2865.8000,2867.0000,2867.2000,2867.6000,2867.8000,2868.2000,1,2,1,1,9,2,1,2,3,1
SF,IH2006,2020-06-17 10:08:39.700,2866.8000,19367,0,4898441700.000,0,-,-,-,-,2866.8000,2866.6000,2866.4000,2866.2000,2866.0000,2867.0000,2867.2000,2867.6000,2867.8000,2868.2000,1,1,2,1,1,2,1,2,3,1
SF,IH2006,2020-06-17 10:08:40.200,2866.6000,19365,-2,4900161720.000,2,0,2,双平,B,2866.4000,2866.2000,2866.0000,2865.8000,2865.6000,2867.0000,2867.2000,2867.6000,2867.8000,2868.2000,2,1,1,9,2,2,1,2,3,1
SF,IH2006,2020-06-17 10:08:40.700,2866.6000,19365,0,4901021700.000,1,0,1,空换,B,2866.4000,2866.2000,2866.0000,2865.8000,2865.6000,2867.0000,2867.2000,2867.6000,2867.8000,2868.2000,2,1,1,9,2,2,1,2,3,1
SF,IH2006,2020-06-17 10:08:41.700,2866.6000,19365,0,4901021700.000,0,-,-,-,-,2866.4000,2866.2000,2866.0000,2865.8000,2865.6000,2867.0000,2867.2000,2867.6000,2867.8000,2868.2000,2,1,1,9,2,2,1,2,3,1
SF,IH2006,2020-06-17 10:08:42.200,2866.6000,19365,0,4901021700.000,0,-,-,-,-,2866.4000,2866.2000,2866.0000,2865.8000,2865.6000,2867.0000,2867.2000,2867.6000,2867.8000,2868.2000,2,1,1,9,2,3,1,2,3,1
SF,IH2006,2020-06-17 10:08:42.700,2866.6000,19365,0,4901021700.000,0,-,-,-,-,2866.4000,2866.2000,2866.0000,2865.8000,2865.6000,2867.0000,2867.2000,2867.6000,2867.8000,2868.2000,2,1,1,9,2,3,1,2,3,1
SF,IH2006,2020-06-17 10:08:43.200,2866.6000,19365,0,4901021700.000,0,-,-,-,-,2866.4000,2866.2000,2866.0000,2865.8000,2865.6000,2867.0000,2867.2000,2867.6000,2867.8000,2868.2000,2,1,1,9,2,3,1,2,3,1
SF,IH2006,2020-06-17 10:08:43.700,2866.6000,19365,0,4901021700.000,0,-,-,-,-,2866.6000,2866.4000,2866.2000,2866.0000,2865.8000,2867.0000,2867.2000,2867.6000,2867.8000,2868.2000,1,2,1,1,9,3,1,2,3,1
SF,IH2006,2020-06-17 10:08:45.700,2867.0000,19365,0,4901881800.000,1,0,1,空换,B,2866.8000,2866.6000,2866.4000,2866.2000,2866.0000,2867.0000,2867.2000,2867.6000,2867.8000,2868.2000,1,1,2,1,1,2,1,2,3,1
SF,IH2006,2020-06-17 10:08:46.200,2867.0000,19366,1,4903602000.000,2,1,1,多开,B,2866.8000,2866.6000,2866.4000,2866.2000,2866.0000,2867.6000,2867.8000,2868.2000,2868.4000,2868.6000,1,1,2,1,1,2,3,1,2,5
SF,IH2006,2020-06-17 10:08:46.700,2867.0000,19366,0,4903602000.000,0,-,-,-,-,2866.8000,2866.6000,2866.4000,2866.2000,2866.0000,2867.6000,2867.8000,2868.2000,2868.4000,2868.6000,2,1,2,1,1,2,3,1,2,5
SF,IH2006,2020-06-17 10:08:47.200,2867.0000,19366,0,4903602000.000,0,-,-,-,-,2867.0000,2866.8000,2866.6000,2866.4000,2866.2000,2867.6000,2867.8000,2868.2000,2868.4000,2868.6000,3,2,1,2,1,2,3,1,2,5
SF,IH2006,2020-06-17 10:08:47.700,2867.0000,19366,0,4903602000.000,0,-,-,-,-,2867.2000,2867.0000,2866.8000,2866.4000,2866.2000,2867.6000,2867.8000,2868.2000,2868.4000,2868.6000,1,4,2,2,1,2,3,1,2,5
SF,IH2006,2020-06-17 10:08:48.200,2867.4000,19365,-1,4904462220.000,1,0,1,双平,B,2867.2000,2867.0000,2866.8000,2866.4000,2866.2000,2867.6000,2867.8000,2868.2000,2868.4000,2868.6000,2,4,1,2,1,1,3,1,2,5
SF,IH2006,2020-06-17 10:08:48.700,2867.4000,19365,0,4904462220.000,0,-,-,-,-,2867.2000,2867.0000,2866.8000,2866.4000,2866.2000,2867.8000,2868.2000,2868.4000,2868.6000,2868.8000,2,4,1,2,1,3,1,2,5,3
SF,IH2006,2020-06-17 10:08:49.200,2867.4000,19365,0,4904462220.000,0,-,-,-,-,2867.2000,2867.0000,2866.4000,2866.2000,2866.0000,2867.8000,2868.2000,2868.4000,2868.6000,2868.8000,3,4,2,1,1,3,1,2,5,3
SF,IH2006,2020-06-17 10:08:49.700,2867.4000,19365,0,4904462220.000,0,-,-,-,-,2867.2000,2867.0000,2866.4000,2866.2000,2866.0000,2867.6000,2867.8000,2868.2000,2868.4000,2868.6000,3,4,2,1,1,1,4,1,2,5
SF,IH2006,2020-06-17 10:08:50.200,2867.0000,19363,-2,4906182480.000,2,0,2,双平,B,2867.0000,2866.4000,2866.2000,2866.0000,2865.8000,2867.6000,2867.8000,2868.2000,2868.4000,2868.6000,3,2,1,1,9,3,4,1,2,5
SF,IH2006,2020-06-17 10:08:50.700,2867.0000,19363,0,4906182480.000,0,-,-,-,-,2867.2000,2867.0000,2866.4000,2866.2000,2866.0000,2867.6000,2867.8000,2868.2000,2868.4000,2868.6000,1,3,2,2,1,3,4,1,2,5
SF,IH2006,2020-06-17 10:08:51.200,2867.6000,19362,-1,4907042760.000,1,0,1,双平,B,2867.0000,2866.4000,2866.2000,2866.0000,2865.8000,2867.6000,2867.8000,2868.2000,2868.4000,2868.6000,3,2,2,1,9,2,4,1,2,5
SF,IH2006,2020-06-17 10:08:51.700,2867.6000,19362,0,4907042760.000,0,-,-,-,-,2867.4000,2867.2000,2867.0000,2866.4000,2866.2000,2867.6000,2867.8000,2868.2000,2868.4000,2868.6000,1,2,4,2,2,2,4,1,2,5
SF,IH2006,2020-06-17 10:08:52.200,2867.6000,19362,0,4907042760.000,0,-,-,-,-,2867.2000,2867.0000,2866.4000,2866.2000,2866.0000,2867.6000,2867.8000,2868.2000,2868.4000,2868.6000,2,4,2,2,1,2,4,1,2,5
SF,IH2006,2020-06-17 10:08:53.700,2867.6000,19362,0,4907042760.000,0,-,-,-,-,2867.2000,2867.0000,2866.6000,2866.4000,2866.2000,2867.6000,2867.8000,2868.2000,2868.4000,2868.6000,2,4,1,2,2,2,4,1,2,5
SF,IH2006,2020-06-17 10:08:54.200,2867.6000,19362,0,4907042760.000,0,-,-,-,-,2867.2000,2867.0000,2866.6000,2866.4000,2866.2000,2867.6000,2867.8000,2868.2000,2868.4000,2868.6000,2,4,1,2,2,3,4,1,2,5
SF,IH2006,2020-06-17 10:08:55.700,2867.6000,19362,0,4907042760.000,0,-,-,-,-,2867.2000,2867.0000,2866.6000,2866.4000,2866.2000,2867.6000,2867.8000,2868.2000,2868.4000,2868.6000,2,4,1,2,2,4,4,1,2,5
SF,IH2006,2020-06-17 10:08:56.200,2867.2000,19361,-1,4907902920.000,1,0,1,双平,B,2867.2000,2867.0000,2866.8000,2866.6000,2866.4000,2867.6000,2867.8000,2868.2000,2868.4000,2868.6000,1,4,1,1,2,4,4,1,2,5
SF,IH2006,2020-06-17 10:08:56.700,2867.6000,19361,0,4908763200.000,1,0,1,空换,B,2867.0000,2866.8000,2866.6000,2866.4000,2866.2000,2867.6000,2867.8000,2868.2000,2868.4000,2868.6000,4,1,1,2,2,3,4,1,2,5
SF,IH2006,2020-06-17 10:08:57.200,2867.6000,19361,0,4908763200.000,0,-,-,-,-,2867.2000,2867.0000,2866.8000,2866.6000,2866.4000,2867.6000,2867.8000,2868.2000,2868.4000,2868.6000,1,5,1,1,2,3,4,1,2,5
SF,IH2006,2020-06-17 10:08:59.200,2867.0000,19359,-2,4910483460.000,2,0,2,双平,B,2867.0000,2866.8000,2866.6000,2866.4000,2866.2000,2867.6000,2867.8000,2868.2000,2868.4000,2868.6000,4,1,1,2,1,3,5,1,2,5
SF,IH2006,2020-06-17 10:08:59.700,2867.0000,19359,0,4910483460.000,0,-,-,-,-,2867.0000,2866.8000,2866.6000,2866.4000,2866.2000,2867.6000,2867.8000,2868.2000,2868.4000,2868.6000,4,1,1,2,1,3,5,1,2,5
SF,IH2006,2020-06-17 10:09:00.200,2867.0000,19359,0,4910483460.000,0,-,-,-,-,2867.2000,2867.0000,2866.8000,2866.6000,2866.4000,2867.6000,2867.8000,2868.2000,2868.4000,2868.6000,1,5,1,1,2,3,5,1,2,5
SF,IH2006,2020-06-17 10:09:00.700,2867.0000,19359,0,4910483460.000,0,-,-,-,-,2867.2000,2867.0000,2866.8000,2866.6000,2866.4000,2867.6000,2867.8000,2868.2000,2868.4000,2868.6000,3,4,1,1,2,3,5,1,2,5
SF,IH2006,2020-06-17 10:09:02.200,2867.0000,19359,0,4910483460.000,0,-,-,-,-,2867.2000,2867.0000,2866.8000,2866.6000,2866.4000,2867.6000,2867.8000,2868.2000,2868.4000,2868.6000,3,3,1,1,2,3,5,1,2,5
SF,IH2006,2020-06-17 10:09:02.700,2867.2000,19357,-2,4912203780.000,2,0,2,双平,B,2867.2000,2867.0000,2866.8000,2866.6000,2866.4000,2867.6000,2867.8000,2868.2000,2868.4000,2868.6000,1,3,1,1,2,3,5,1,2,5
SF,IH2006,2020-06-17 10:09:03.200,2867.2000,19357,0,4912203780.000,0,-,-,-,-,2867.2000,2867.0000,2866.8000,2866.6000,2866.4000,2867.4000,2867.6000,2867.8000,2868.2000,2868.4000,1,3,1,1,2,1,3,5,1,2
SF,IH2006,2020-06-17 10:09:03.700,2867.2000,19357,0,4912203780.000,0,-,-,-,-,2867.2000,2867.0000,2866.8000,2866.6000,2866.4000,2867.4000,2867.6000,2867.8000,2868.2000,2868.4000,1,3,1,1,2,1,3,5,1,2
SF,IH2006,2020-06-17 10:09:04.200,2867.2000,19356,-1,4913063940.000,1,0,1,双平,B,2867.4000,2867.0000,2866.8000,2866.6000,2866.4000,2867.6000,2867.8000,2868.2000,2868.4000,2868.6000,4,3,1,1,2,3,5,1,2,5
SF,IH2006,2020-06-17 10:09:04.700,2867.6000,19356,0,4914784500.000,2,1,1,空换,B,2867.4000,2867.0000,2866.8000,2866.6000,2866.4000,2867.8000,2868.2000,2868.4000,2868.6000,2868.8000,4,3,1,1,2,4,1,2,5,3
SF,IH2006,2020-06-17 10:09:05.700,2867.6000,19356,0,4914784500.000,0,-,-,-,-,2867.4000,2867.0000,2866.8000,2866.6000,2866.4000,2867.6000,2867.8000,2868.2000,2868.4000,2868.6000,4,3,1,1,2,1,5,1,2,5
SF,IH2006,2020-06-17 10:09:06.200,2867.6000,19356,0,4915644780.000,1,0,1,空换,B,2867.4000,2867.0000,2866.8000,2866.6000,2866.4000,2867.8000,2868.2000,2868.4000,2868.6000,2868.8000,4,3,1,1,2,5,1,2,5,3
SF,IH2006,2020-06-17 10:09:06.700,2867.8000,19356,0,4919946480.000,5,2,3,空换,B,2867.6000,2867.4000,2867.0000,2866.8000,2866.6000,2868.2000,2868.4000,2868.6000,2868.8000,2869.0000,1,5,2,1,1,1,2,5,3,1
SF,IH2006,2020-06-17 10:09:07.200,2867.8000,19356,0,4919946480.000,0,-,-,-,-,2867.6000,2867.4000,2867.0000,2866.8000,2866.6000,2868.2000,2868.4000,2868.6000,2868.8000,2869.0000,1,5,2,1,1,2,2,5,3,1
SF,IH2006,2020-06-17 10:09:07.700,2867.6000,19354,-2,4922527440.000,3,0,3,空平,B,2867.6000,2867.4000,2867.2000,2867.0000,2866.8000,2868.2000,2868.4000,2868.6000,2868.8000,2869.0000,1,5,1,2,1,2,2,5,3,1
SF,IH2006,2020-06-17 10:09:08.200,2868.2000,19353,-1,4923387900.000,1,0,1,双平,B,2868.2000,2867.8000,2867.6000,2867.4000,2867.2000,2868.4000,2868.6000,2868.8000,2869.0000,2869.2000,2,1,1,5,1,2,5,3,1,1
SF,IH2006,2020-06-17 10:09:08.700,2867.8000,19350,-3,4925969160.000,3,0,3,双平,B,2867.6000,2867.4000,2867.2000,2867.0000,2866.8000,2868.2000,2868.4000,2868.6000,2868.8000,2869.0000,1,5,1,2,1,7,2,5,3,1
SF,IH2006,2020-06-17 10:09:09.200,2867.6000,19348,-2,4929410640.000,4,1,3,空平,B,2867.4000,2867.2000,2867.0000,2866.8000,2866.6000,2868.0000,2868.4000,2868.6000,2868.8000,2869.0000,5,1,4,1,1,1,2,5,3,1
SF,IH2006,2020-06-17 10:09:09.700,2867.6000,19348,0,4929410640.000,0,-,-,-,-,2867.6000,2867.4000,2867.2000,2867.0000,2866.8000,2868.0000,2868.4000,2868.6000,2868.8000,2869.0000,3,4,1,4,1,1,2,5,3,1
SF,IH2006,2020-06-17 10:09:10.700,2868.0000,19348,0,4930271040.000,1,0,1,空换,B,2867.6000,2867.4000,2867.2000,2867.0000,2866.8000,2868.4000,2868.6000,2868.8000,2869.0000,2869.2000,4,4,1,4,1,2,5,3,1,1
SF,IH2006,2020-06-17 10:09:11.200,2868.0000,19348,0,4930271040.000,0,-,-,-,-,2867.6000,2867.4000,2867.2000,2867.0000,2866.8000,2868.4000,2868.6000,2868.8000,2869.0000,2869.2000,4,4,1,4,1,3,4,3,1,1
SF,IH2006,2020-06-17 10:09:11.700,2868.0000,19348,0,4930271040.000,0,-,-,-,-,2867.6000,2867.4000,2867.2000,2867.0000,2866.8000,2868.2000,2868.4000,2868.6000,2868.8000,2869.0000,3,4,1,4,1,3,3,4,3,1
SF,IH2006,2020-06-17 10:09:12.200,2868.0000,19348,0,4930271040.000,0,-,-,-,-,2867.6000,2867.4000,2867.2000,2867.0000,2866.8000,2868.2000,2868.4000,2868.6000,2868.8000,2869.0000,3,4,1,4,1,2,3,4,3,1
SF,IH2006,2020-06-17 10:09:12.700,2868.0000,19348,0,4930271040.000,0,-,-,-,-,2867.8000,2867.6000,2867.4000,2867.2000,2867.0000,2868.4000,2868.6000,2868.8000,2869.0000,2869.2000,3,1,4,1,4,3,4,3,1,1
SF,IH2006,2020-06-17 10:09:13.200,2868.0000,19348,0,4930271040.000,0,-,-,-,-,2867.8000,2867.6000,2867.4000,2867.2000,2867.0000,2868.2000,2868.4000,2868.6000,2868.8000,2869.0000,3,1,4,1,4,1,3,6,3,1
SF,IH2006,2020-06-17 10:09:13.700,2868.0000,19348,0,4930271040.000,0,-,-,-,-,2867.8000,2867.6000,2867.4000,2867.2000,2867.0000,2868.0000,2868.4000,2868.6000,2868.8000,2869.0000,2,1,4,1,4,1,3,6,3,1
SF,IH2006,2020-06-17 10:09:14.200,2868.0000,19347,-1,4931131440.000,1,0,1,双平,B,2868.0000,2867.8000,2867.6000,2867.4000,2867.2000,2868.4000,2868.6000,2868.8000,2869.0000,2869.2000,4,1,1,4,1,2,6,3,1,1
SF,IH2006,2020-06-17 10:09:14.700,2868.0000,19347,0,4931131440.000,0,-,-,-,-,2868.0000,2867.8000,2867.6000,2867.4000,2867.2000,2868.2000,2868.4000,2868.6000,2868.8000,2869.0000,4,1,1,4,1,1,2,6,4,1
SF,IH2006,2020-06-17 10:09:15.200,2868.2000,19346,-1,4931991900.000,1,0,1,双平,B,2868.0000,2867.8000,2867.6000,2867.4000,2867.2000,2868.4000,2868.6000,2868.8000,2869.0000,2869.2000,4,1,1,4,1,2,6,4,1,1
SF,IH2006,2020-06-17 10:09:15.700,2868.2000,19346,0,4931991900.000,0,-,-,-,-,2868.0000,2867.8000,2867.6000,2867.4000,2867.2000,2868.4000,2868.6000,2868.8000,2869.0000,2869.2000,2,1,1,4,1,2,6,4,2,1
SF,IH2006,2020-06-17 10:09:16.200,2868.2000,19346,0,4931991900.000,0,-,-,-,-,2868.0000,2867.8000,2867.6000,2867.4000,2867.2000,2868.2000,2868.4000,2868.6000,2868.8000,2869.0000,1,1,1,4,1,1,2,6,4,2
SF,IH2006,2020-06-17 10:09:16.700,2868.2000,19346,0,4931991900.000,0,-,-,-,-,2868.0000,2867.8000,2867.6000,2867.4000,2867.2000,2868.2000,2868.4000,2868.6000,2868.8000,2869.0000,2,1,1,4,1,1,2,6,4,2
SF,IH2006,2020-06-17 10:09:17.200,2868.2000,19346,0,4932852360.000,1,0,1,空换,B,2868.0000,2867.8000,2867.6000,2867.4000,2867.2000,2868.4000,2868.6000,2868.8000,2869.0000,2869.2000,2,1,1,4,1,2,6,4,2,1
SF,IH2006,2020-06-17 10:09:17.700,2868.2000,19346,0,4932852360.000,0,-,-,-,-,2868.0000,2867.6000,2867.4000,2867.2000,2867.0000,2868.4000,2868.6000,2868.8000,2869.0000,2869.2000,2,1,4,1,4,2,6,4,2,1
SF,IH2006,2020-06-17 10:09:18.200,2868.0000,19346,0,4934573160.000,2,1,1,空换,B,2867.6000,2867.4000,2867.2000,2867.0000,2866.8000,2868.4000,2868.6000,2868.8000,2869.0000,2869.2000,1,4,1,4,1,2,6,4,2,1
SF,IH2006,2020-06-17 10:09:18.700,2868.0000,19346,0,4934573160.000,0,-,-,-,-,2867.6000,2867.4000,2867.2000,2867.0000,2866.8000,2868.2000,2868.4000,2868.6000,2868.8000,2869.0000,2,4,1,4,1,3,3,6,4,2
SF,IH2006,2020-06-17 10:09:19.200,2868.2000,19345,-1,4936294080.000,2,0,2,空平,B,2868.0000,2867.6000,2867.4000,2867.2000,2867.0000,2868.2000,2868.4000,2868.6000,2868.8000,2869.0000,1,2,4,1,4,1,3,5,4,2
SF,IH2006,2020-06-17 10:09:19.700,2867.6000,19344,-1,4938875040.000,3,1,2,空平,B,2867.4000,2867.2000,2867.0000,2866.8000,2866.6000,2867.6000,2867.8000,2868.0000,2868.2000,2868.4000,4,1,4,1,1,9,19,18,1,3
SF,IH2006,2020-06-17 10:09:20.200,2867.4000,19342,-2,4942315920.000,4,1,3,空平,B,2867.2000,2867.0000,2866.8000,2866.6000,2866.4000,2867.4000,2868.0000,2868.2000,2868.4000,2868.6000,1,4,1,1,2,2,13,1,3,5
SF,IH2006,2020-06-17 10:09:20.700,2867.2000,19342,0,4943176080.000,1,0,1,空换,B,2867.0000,2866.8000,2866.6000,2866.4000,2866.2000,2868.0000,2868.2000,2868.4000,2868.6000,2868.8000,4,1,1,2,1,13,1,3,6,4
SF,IH2006,2020-06-17 10:09:21.200,2867.2000,19342,0,4943176080.000,0,-,-,-,-,2867.0000,2866.8000,2866.6000,2866.4000,2866.2000,2867.6000,2867.8000,2868.0000,2868.2000,2868.4000,4,1,1,2,1,1,10,14,1,3
SF,IH2006,2020-06-17 10:09:21.700,2867.2000,19342,0,4943176080.000,0,-,-,-,-,2867.0000,2866.8000,2866.6000,2866.4000,2866.2000,2867.4000,2867.6000,2867.8000,2868.0000,2868.2000,4,1,1,2,1,2,2,9,14,1
SF,IH2006,2020-06-17 10:09:22.200,2867.0000,19342,0,4944036180.000,1,0,1,空换,B,2867.0000,2866.8000,2866.6000,2866.4000,2866.2000,2867.4000,2867.6000,2867.8000,2868.0000,2868.2000,3,1,1,2,1,2,2,9,14,1
SF,IH2006,2020-06-17 10:09:22.700,2867.0000,19342,0,4944036180.000,0,-,-,-,-,2867.0000,2866.8000,2866.6000,2866.4000,2866.2000,2867.4000,2867.6000,2867.8000,2868.0000,2868.2000,3,1,1,2,1,2,2,6,13,1
SF,IH2006,2020-06-17 10:09:23.200,2867.0000,19342,0,4944036180.000,0,-,-,-,-,2867.0000,2866.8000,2866.6000,2866.4000,2866.2000,2867.4000,2867.6000,2867.8000,2868.0000,2868.2000,3,1,1,2,1,2,2,5,13,1
SF,IH2006,2020-06-17 10:09:23.700,2867.0000,19340,-2,4946616480.000,3,0,3,空平,B,2866.8000,2866.6000,2866.4000,2866.2000,2866.0000,2867.0000,2867.2000,2867.4000,2867.6000,2867.8000,1,1,2,1,2,3,4,2,2,3
SF,IH2006,2020-06-17 10:09:24.200,2866.6000,19342,2,4948336500.000,2,2,0,双开,B,2866.4000,2866.2000,2866.0000,2865.8000,2865.6000,2866.8000,2867.0000,2867.2000,2867.4000,2867.6000,2,1,2,8,2,7,2,3,2,2
SF,IH2006,2020-06-17 10:09:24.700,2866.2000,19341,-1,4950916200.000,3,1,2,空平,B,2866.0000,2865.8000,2865.6000,2865.4000,2865.2000,2866.2000,2866.4000,2866.8000,2867.2000,2867.4000,2,8,2,3,2,1,1,3,3,2
SF,IH2006,2020-06-17 10:09:25.200,2866.4000,19339,-2,4952635980.000,2,0,2,双平,B,2866.4000,2866.2000,2866.0000,2865.8000,2865.6000,2866.8000,2867.2000,2867.4000,2867.6000,2867.8000,8,6,2,8,2,3,3,1,1,3
SF,IH2006,2020-06-17 10:09:25.700,2866.4000,19339,0,4952635980.000,0,-,-,-,-,2866.4000,2866.2000,2866.0000,2865.8000,2865.6000,2866.6000,2866.8000,2867.2000,2867.4000,2867.6000,2,1,2,8,2,1,3,3,1,1
SF,IH2006,2020-06-17 10:09:26.200,2866.4000,19339,0,4952635980.000,0,-,-,-,-,2866.2000,2866.0000,2865.8000,2865.6000,2865.4000,2866.6000,2866.8000,2867.2000,2867.4000,2867.6000,1,2,8,2,3,1,3,3,1,1
SF,IH2006,2020-06-17 10:09:26.700,2866.4000,19339,0,4952635980.000,0,-,-,-,-,2866.2000,2866.0000,2865.8000,2865.6000,2865.4000,2866.6000,2866.8000,2867.2000,2867.4000,2867.6000,1,2,8,2,3,1,3,2,1,1
SF,IH2006,2020-06-17 10:09:27.200,2866.2000,19339,0,4953495840.000,1,0,1,空换,B,2866.0000,2865.8000,2865.6000,2865.4000,2865.2000,2866.6000,2866.8000,2867.2000,2867.4000,2867.6000,2,8,2,3,2,1,3,2,1,1
SF,IH2006,2020-06-17 10:09:27.700,2866.2000,19339,0,4953495840.000,0,-,-,-,-,2866.0000,2865.8000,2865.6000,2865.4000,2865.2000,2866.8000,2867.2000,2867.4000,2867.6000,2867.8000,3,8,2,3,2,3,2,1,1,2
SF,IH2006,2020-06-17 10:09:28.200,2866.2000,19339,0,4953495840.000,0,-,-,-,-,2866.6000,2866.2000,2866.0000,2865.8000,2865.6000,2866.8000,2867.2000,2867.4000,2867.6000,2867.8000,3,1,2,8,2,3,2,1,1,2
SF,IH2006,2020-06-17 10:09:28.700,2866.6000,19339,0,4954355820.000,1,0,1,空换,B,2866.6000,2866.2000,2866.0000,2865.8000,2865.6000,2866.8000,2867.2000,2867.4000,2867.6000,2867.8000,2,4,2,8,2,3,2,1,1,2
SF,IH2006,2020-06-17 10:09:29.200,2866.6000,19339,0,4954355820.000,0,-,-,-,-,2866.6000,2866.2000,2866.0000,2865.8000,2865.6000,2866.8000,2867.2000,2867.4000,2867.6000,2867.8000,2,4,2,8,2,2,2,1,1,2
SF,IH2006,2020-06-17 10:09:30.200,2866.6000,19339,0,4954355820.000,0,-,-,-,-,2866.6000,2866.2000,2866.0000,2865.8000,2865.6000,2866.8000,2867.2000,2867.4000,2867.6000,2867.8000,2,4,2,8,3,2,2,1,1,2
SF,IH2006,2020-06-17 10:09:30.700,2866.8000,19338,-1,4956075900.000,2,0,2,空平,B,2866.6000,2866.2000,2866.0000,2865.8000,2865.6000,2867.2000,2867.4000,2867.6000,2867.8000,2868.0000,2,4,2,8,3,2,1,1,2,5
SF,IH2006,2020-06-17 10:09:31.200,2866.8000,19338,0,4956075900.000,0,-,-,-,-,2866.6000,2866.2000,2866.0000,2865.8000,2865.6000,2867.2000,2867.4000,2867.6000,2867.8000,2868.0000,2,4,2,9,3,2,1,1,2,5
SF,IH2006,2020-06-17 10:09:31.700,2866.8000,19338,0,4956075900.000,0,-,-,-,-,2866.6000,2866.2000,2866.0000,2865.8000,2865.6000,2867.2000,2867.4000,2867.6000,2867.8000,2868.0000,2,4,2,9,3,2,1,1,2,5
SF,IH2006,2020-06-17 10:09:32.200,2866.8000,19338,0,4956075900.000,0,-,-,-,-,2866.6000,2866.2000,2866.0000,2865.8000,2865.6000,2867.2000,2867.4000,2867.6000,2867.8000,2868.0000,3,4,1,9,3,2,1,1,2,5
SF,IH2006,2020-06-17 10:09:32.700,2866.8000,19338,0,4956075900.000,0,-,-,-,-,2866.6000,2866.2000,2866.0000,2865.8000,2865.6000,2867.2000,2867.4000,2867.6000,2867.8000,2868.0000,3,1,1,9,3,3,1,1,2,5
SF,IH2006,2020-06-17 10:09:33.200,2866.8000,19338,0,4956075900.000,0,-,-,-,-,2866.6000,2866.2000,2866.0000,2865.8000,2865.6000,2866.8000,2867.0000,2867.2000,2867.4000,2867.6000,2,1,1,9,3,12,5,3,1,1
SF,IH2006,2020-06-17 10:09:33.700,2867.0000,19338,0,4956936000.000,1,0,1,空换,B,2866.6000,2866.2000,2866.0000,2865.8000,2865.6000,2867.0000,2867.2000,2867.4000,2867.6000,2867.8000,2,1,1,9,2,4,3,1,1,1
SF,IH2006,2020-06-17 10:09:34.200,2866.6000,19336,-2,4958655960.000,2,0,2,双平,B,2866.2000,2866.0000,2865.8000,2865.6000,2865.4000,2866.6000,2867.0000,2867.2000,2867.4000,2867.6000,2,1,9,2,3,9,4,3,1,1
SF,IH2006,2020-06-17 10:09:34.700,2866.6000,19336,0,4958655960.000,0,-,-,-,-,2866.2000,2866.0000,2865.8000,2865.6000,2865.4000,2866.4000,2866.6000,2867.0000,2867.2000,2867.6000,2,1,9,2,3,2,4,3,3,1
SF,IH2006,2020-06-17 10:09:35.200,2866.4000,19335,-1,4960375800.000,2,0,2,空平,B,2866.4000,2866.2000,2866.0000,2865.8000,2865.6000,2866.6000,2867.0000,2867.2000,2867.6000,2867.8000,4,2,1,9,2,2,3,3,1,1
SF,IH2006,2020-06-17 10:09:35.700,2866.4000,19334,-1,4961235720.000,1,0,1,双平,B,2866.4000,2866.2000,2866.0000,2865.8000,2865.6000,2866.6000,2867.0000,2867.2000,2867.6000,2867.8000,1,2,1,9,2,1,3,3,1,1
SF,IH2006,2020-06-17 10:09:36.200,2866.6000,19335,1,4962095700.000,1,1,0,双开,B,2866.4000,2866.2000,2866.0000,2865.8000,2865.6000,2867.0000,2867.2000,2867.6000,2867.8000,2868.0000,1,2,1,9,2,2,3,1,1,5
SF,IH2006,2020-06-17 10:09:36.700,2866.6000,19335,0,4962095700.000,0,-,-,-,-,2866.4000,2866.2000,2866.0000,2865.8000,2865.6000,2867.0000,2867.2000,2867.6000,2867.8000,2868.0000,2,2,1,9,2,2,3,1,1,5
SF,IH2006,2020-06-17 10:09:37.200,2866.6000,19335,0,4962095700.000,0,-,-,-,-,2866.4000,2866.2000,2866.0000,2865.8000,2865.6000,2867.0000,2867.2000,2867.6000,2867.8000,2868.0000,2,2,1,9,2,2,3,1,1,5
SF,IH2006,2020-06-17 10:09:37.700,2866.6000,19335,0,4962095700.000,0,-,-,-,-,2866.4000,2866.2000,2866.0000,2865.8000,2865.6000,2867.0000,2867.2000,2867.6000,2867.8000,2868.0000,2,2,1,9,2,1,3,1,1,5
SF,IH2006,2020-06-17 10:09:38.200,2866.6000,19335,0,4962095700.000,0,-,-,-,-,2866.4000,2866.2000,2866.0000,2865.8000,2865.6000,2867.0000,2867.2000,2867.6000,2867.8000,2868.0000,2,2,1,9,2,1,3,1,1,5
SF,IH2006,2020-06-17 10:09:39.700,2866.6000,19335,0,4962095700.000,0,-,-,-,-,2866.4000,2866.2000,2866.0000,2865.8000,2865.6000,2867.0000,2867.2000,2867.6000,2867.8000,2868.0000,2,2,1,9,2,1,3,1,1,5
SF,IH2006,2020-06-17 10:09:40.200,2866.6000,19335,0,4962095700.000,0,-,-,-,-,2866.4000,2866.2000,2866.0000,2865.8000,2865.6000,2867.0000,2867.2000,2867.6000,2867.8000,2868.0000,2,2,2,9,2,1,4,1,1,5
SF,IH2006,2020-06-17 10:09:40.700,2866.6000,19335,0,4962095700.000,0,-,-,-,-,2866.4000,2866.2000,2866.0000,2865.8000,2865.6000,2866.8000,2867.0000,2867.2000,2867.6000,2867.8000,2,2,2,9,2,1,2,4,1,1
SF,IH2006,2020-06-17 10:09:41.200,2866.6000,19335,0,4962095700.000,0,-,-,-,-,2866.4000,2866.2000,2866.0000,2865.8000,2865.6000,2866.6000,2866.8000,2867.0000,2867.2000,2867.6000,1,2,2,9,2,1,2,2,4,1
SF,IH2006,2020-06-17 10:09:41.700,2866.4000,19335,0,4962955620.000,1,0,1,空换,B,2866.2000,2866.0000,2865.8000,2865.6000,2865.4000,2866.6000,2866.8000,2867.0000,2867.2000,2867.6000,2,2,9,2,3,1,1,2,4,1
SF,IH2006,2020-06-17 10:09:42.200,2866.6000,19335,0,4963815600.000,1,0,1,空换,B,2866.2000,2866.0000,2865.8000,2865.6000,2865.4000,2866.8000,2867.0000,2867.2000,2867.6000,2867.8000,3,2,9,2,3,1,2,4,1,1
SF,IH2006,2020-06-17 10:09:42.700,2866.6000,19334,-1,4964675580.000,1,0,1,双平,B,2866.6000,2866.2000,2866.0000,2865.8000,2865.6000,2866.8000,2867.0000,2867.2000,2867.6000,2867.8000,1,3,2,9,2,1,2,4,1,1
SF,IH2006,2020-06-17 10:09:43.200,2866.6000,19333,-1,4965535560.000,1,0,1,双平,B,2866.2000,2866.0000,2865.8000,2865.6000,2865.4000,2867.0000,2867.2000,2867.6000,2867.8000,2868.0000,3,2,9,2,3,2,4,1,1,5
SF,IH2006,2020-06-17 10:09:43.700,2866.6000,19333,0,4965535560.000,0,-,-,-,-,2866.4000,2866.2000,2866.0000,2865.8000,2865.6000,2867.0000,2867.2000,2867.6000,2867.8000,2868.0000,5,3,2,9,2,2,4,1,1,5
SF,IH2006,2020-06-17 10:09:44.200,2866.6000,19333,0,4965535560.000,0,-,-,-,-,2866.4000,2866.2000,2866.0000,2865.8000,2865.6000,2866.8000,2867.0000,2867.2000,2867.6000,2867.8000,5,3,3,9,2,1,1,4,1,1
SF,IH2006,2020-06-17 10:09:44.700,2866.8000,19332,-1,4967255640.000,2,0,2,空平,B,2866.8000,2866.4000,2866.2000,2866.0000,2865.8000,2867.0000,2867.2000,2867.6000,2867.8000,2868.0000,4,5,3,3,9,1,4,1,1,5
SF,IH2006,2020-06-17 10:09:45.200,2867.0000,19332,0,4968115740.000,1,0,1,空换,B,2866.4000,2866.2000,2866.0000,2865.8000,2865.6000,2867.2000,2867.6000,2867.8000,2868.0000,2868.4000,5,3,3,9,2,2,1,1,5,2
SF,IH2006,2020-06-17 10:09:45.700,2867.0000,19332,0,4968115740.000,0,-,-,-,-,2867.0000,2866.6000,2866.4000,2866.2000,2866.0000,2867.2000,2867.6000,2867.8000,2868.0000,2868.4000,3,2,5,2,3,2,1,1,5,2
SF,IH2006,2020-06-17 10:09:46.200,2867.2000,19332,0,4969836060.000,2,1,1,空换,B,2867.2000,2867.0000,2866.6000,2866.4000,2866.2000,2867.6000,2867.8000,2868.0000,2868.4000,2868.6000,3,3,4,6,2,1,1,5,2,6
SF,IH2006,2020-06-17 10:09:46.700,2867.2000,19332,0,4969836060.000,0,-,-,-,-,2867.0000,2866.6000,2866.4000,2866.2000,2866.0000,2867.4000,2867.6000,2867.8000,2868.0000,2868.4000,3,4,6,2,3,1,2,1,5,2
SF,IH2006,2020-06-17 10:09:47.200,2867.2000,19332,0,4969836060.000,0,-,-,-,-,2867.0000,2866.6000,2866.4000,2866.2000,2866.0000,2867.4000,2867.6000,2867.8000,2868.0000,2868.4000,4,3,6,2,3,1,2,1,5,2
SF,IH2006,2020-06-17 10:09:47.700,2867.4000,19332,0,4970696280.000,1,0,1,空换,B,2867.0000,2866.6000,2866.4000,2866.2000,2866.0000,2867.4000,2867.6000,2867.8000,2868.0000,2868.4000,4,3,6,2,3,1,2,1,5,2
SF,IH2006,2020-06-17 10:09:48.200,2867.4000,19332,0,4970696280.000,0,-,-,-,-,2867.0000,2866.6000,2866.4000,2866.2000,2866.0000,2867.4000,2867.6000,2867.8000,2868.0000,2868.4000,4,3,6,2,3,4,2,1,5,2
SF,IH2006,2020-06-17 10:09:48.700,2867.4000,19332,0,4970696280.000,0,-,-,-,-,2867.0000,2866.6000,2866.4000,2866.2000,2866.0000,2867.4000,2867.6000,2867.8000,2868.0000,2868.4000,4,3,4,3,3,4,2,1,5,2
SF,IH2006,2020-06-17 10:09:49.700,2867.0000,19331,-1,4971556380.000,1,0,1,双平,B,2867.0000,2866.6000,2866.4000,2866.2000,2866.0000,2867.4000,2867.6000,2867.8000,2868.0000,2868.4000,3,3,4,3,3,4,2,1,5,2
SF,IH2006,2020-06-17 10:09:50.700,2867.0000,19331,0,4971556380.000,0,-,-,-,-,2867.2000,2867.0000,2866.6000,2866.4000,2866.2000,2867.4000,2867.6000,2867.8000,2868.0000,2868.4000,1,3,3,4,3,4,2,1,5,2
SF,IH2006,2020-06-17 10:09:51.700,2867.4000,19332,1,4973276820.000,2,1,1,多开,B,2867.2000,2867.0000,2866.6000,2866.4000,2866.2000,2867.4000,2867.6000,2867.8000,2868.0000,2868.4000,1,3,3,4,3,2,2,1,5,2
SF,IH2006,2020-06-17 10:09:52.200,2867.0000,19332,0,4975857180.000,3,1,2,空换,B,2867.0000,2866.6000,2866.4000,2866.2000,2866.0000,2867.4000,2867.8000,2868.0000,2868.4000,2868.6000,1,3,4,3,3,2,1,5,2,6
SF,IH2006,2020-06-17 10:09:52.700,2867.0000,19332,0,4975857180.000,0,-,-,-,-,2867.2000,2867.0000,2866.6000,2866.4000,2866.2000,2867.4000,2867.8000,2868.0000,2868.4000,2868.6000,1,1,3,4,3,2,1,5,2,6
SF,IH2006,2020-06-17 10:09:53.200,2867.2000,19332,0,4976717340.000,1,0,1,空换,B,2867.0000,2866.6000,2866.4000,2866.2000,2866.0000,2867.2000,2867.4000,2867.8000,2868.0000,2868.4000,1,3,3,3,3,2,2,1,5,2
SF,IH2006,2020-06-17 10:09:53.700,2867.2000,19332,0,4977577500.000,1,0,1,空换,B,2867.2000,2867.0000,2866.6000,2866.4000,2866.2000,2867.4000,2867.8000,2868.0000,2868.4000,2868.6000,1,1,2,3,3,3,1,5,2,6
SF,IH2006,2020-06-17 10:09:54.200,2867.2000,19332,0,4978437660.000,1,0,1,空换,B,2866.6000,2866.4000,2866.2000,2866.0000,2865.8000,2867.0000,2867.2000,2867.4000,2867.8000,2868.0000,2,3,3,4,9,2,9,3,1,5
SF,IH2006,2020-06-17 10:09:54.700,2866.6000,19333,1,4979297640.000,1,1,0,双开,B,2866.6000,2866.4000,2866.2000,2866.0000,2865.8000,2867.2000,2867.4000,2867.8000,2868.0000,2868.4000,1,2,3,4,9,2,3,1,5,2
SF,IH2006,2020-06-17 10:09:55.200,2866.6000,19333,0,4979297640.000,0,-,-,-,-,2866.8000,2866.6000,2866.4000,2866.2000,2866.0000,2867.2000,2867.4000,2867.8000,2868.0000,2868.4000,1,2,2,3,4,2,3,1,5,2
SF,IH2006,2020-06-17 10:09:55.700,2866.6000,19333,0,4981017600.000,2,1,1,空换,B,2866.6000,2866.4000,2866.2000,2866.0000,2865.8000,2867.2000,2867.4000,2867.8000,2868.0000,2868.4000,1,2,3,4,9,1,3,1,5,2
SF,IH2006,2020-06-17 10:09:57.200,2866.6000,19333,0,4981017600.000,0,-,-,-,-,2866.6000,2866.4000,2866.2000,2866.0000,2865.8000,2867.2000,2867.4000,2867.6000,2867.8000,2868.0000,1,2,3,4,9,2,3,1,1,5
SF,IH2006,2020-06-17 10:09:57.700,2866.6000,19333,0,4981017600.000,0,-,-,-,-,2866.6000,2866.4000,2866.2000,2866.0000,2865.8000,2867.2000,2867.4000,2867.6000,2867.8000,2868.0000,1,2,3,4,9,3,3,1,1,5
SF,IH2006,2020-06-17 10:09:58.200,2866.6000,19333,0,4981017600.000,0,-,-,-,-,2866.6000,2866.4000,2866.2000,2866.0000,2865.8000,2867.2000,2867.4000,2867.6000,2867.8000,2868.0000,1,2,3,4,9,3,3,1,1,5
SF,IH2006,2020-06-17 10:09:58.700,2866.6000,19333,0,4981017600.000,0,-,-,-,-,2866.6000,2866.4000,2866.2000,2866.0000,2865.8000,2867.2000,2867.4000,2867.6000,2867.8000,2868.0000,1,3,3,4,9,3,3,1,1,5
SF,IH2006,2020-06-17 10:09:59.200,2866.6000,19333,0,4981017600.000,0,-,-,-,-,2866.4000,2866.2000,2866.0000,2865.8000,2865.6000,2867.0000,2867.2000,2867.4000,2867.6000,2867.8000,3,3,4,9,2,2,3,3,1,1
SF,IH2006,2020-06-17 10:09:59.700,2866.6000,19333,0,4981017600.000,0,-,-,-,-,2866.6000,2866.4000,2866.2000,2866.0000,2865.8000,2867.0000,2867.2000,2867.4000,2867.6000,2867.8000,2,3,3,4,9,2,3,3,1,1
SF,IH2006,2020-06-17 10:10:00.700,2866.6000,19332,-1,4982737560.000,2,0,2,空平,B,2866.4000,2866.2000,2866.0000,2865.8000,2865.6000,2867.0000,2867.2000,2867.4000,2867.6000,2867.8000,3,3,4,9,2,1,3,3,1,1
SF,IH2006,2020-06-17 10:10:01.200,2866.6000,19332,0,4982737560.000,0,-,-,-,-,2866.4000,2866.2000,2866.0000,2865.8000,2865.6000,2867.0000,2867.2000,2867.4000,2867.6000,2867.8000,3,3,4,9,2,1,3,3,1,1
SF,IH2006,2020-06-17 10:10:01.700,2866.6000,19332,0,4982737560.000,0,-,-,-,-,2866.4000,2866.2000,2866.0000,2865.8000,2865.6000,2867.0000,2867.2000,2867.4000,2867.6000,2867.8000,3,3,4,9,2,1,2,3,1,1
SF,IH2006,2020-06-17 10:10:02.700,2866.6000,19332,0,4982737560.000,0,-,-,-,-,2866.6000,2866.4000,2866.2000,2866.0000,2865.8000,2867.0000,2867.2000,2867.4000,2867.6000,2867.8000,1,3,3,4,9,1,2,3,1,1
SF,IH2006,2020-06-17 10:10:03.700,2866.6000,19333,1,4983597540.000,1,1,0,双开,B,2866.4000,2866.2000,2866.0000,2865.8000,2865.6000,2867.0000,2867.2000,2867.4000,2867.6000,2867.8000,3,3,4,9,2,1,2,3,1,1
SF,IH2006,2020-06-17 10:10:04.200,2866.6000,19333,0,4984457520.000,1,0,1,空换,B,2866.4000,2866.2000,2866.0000,2865.8000,2865.6000,2867.2000,2867.4000,2867.6000,2867.8000,2868.0000,3,3,4,9,2,2,3,1,1,5
SF,IH2006,2020-06-17 10:10:04.700,2866.6000,19333,0,4984457520.000,0,-,-,-,-,2866.6000,2866.4000,2866.2000,2866.0000,2865.8000,2867.2000,2867.4000,2867.6000,2867.8000,2868.0000,1,3,3,4,9,2,3,1,1,5
SF,IH2006,2020-06-17 10:10:05.200,2866.6000,19334,1,4985317500.000,1,1,0,双开,B,2866.6000,2866.4000,2866.2000,2866.0000,2865.8000,2867.2000,2867.4000,2867.6000,2867.8000,2868.0000,1,3,3,4,9,2,3,1,1,5
SF,IH2006,2020-06-17 10:10:08.700,2866.6000,19334,0,4985317500.000,0,-,-,-,-,2866.6000,2866.4000,2866.2000,2866.0000,2865.8000,2867.0000,2867.2000,2867.4000,2867.6000,2867.8000,1,3,3,4,9,2,2,3,1,1
SF,IH2006,2020-06-17 10:10:09.200,2866.6000,19334,0,4985317500.000,0,-,-,-,-,2866.6000,2866.4000,2866.2000,2866.0000,2865.8000,2867.0000,2867.2000,2867.4000,2867.6000,2867.8000,1,3,3,4,9,2,2,3,9,1
SF,IH2006,2020-06-17 10:10:09.700,2866.4000,19337,3,4988757240.000,4,3,1,多开,B,2866.2000,2866.0000,2865.8000,2865.6000,2865.4000,2866.6000,2867.0000,2867.2000,2867.4000,2867.6000,3,4,9,2,3,3,2,2,3,9
SF,IH2006,2020-06-17 10:10:10.200,2866.4000,19337,0,4988757240.000,0,-,-,-,-,2866.2000,2866.0000,2865.8000,2865.6000,2865.4000,2866.6000,2867.0000,2867.2000,2867.4000,2867.6000,3,4,9,2,3,1,2,2,3,9
SF,IH2006,2020-06-17 10:10:10.700,2866.0000,19338,1,4993056420.000,5,3,2,多开,B,2866.0000,2865.8000,2865.6000,2865.4000,2865.2000,2866.2000,2866.4000,2866.6000,2867.0000,2867.2000,2,9,2,3,4,8,3,1,1,2
SF,IH2006,2020-06-17 10:10:11.200,2865.8000,19340,2,4995635760.000,3,2,1,多开,B,2865.8000,2865.6000,2865.4000,2865.2000,2865.0000,2866.0000,2866.4000,2866.6000,2867.2000,2867.4000,8,2,3,4,3,6,3,1,2,3
SF,IH2006,2020-06-17 10:10:11.700,2865.8000,19342,2,5002513680.000,8,5,3,多开,B,2865.6000,2865.4000,2865.2000,2865.0000,2864.8000,2865.8000,2866.0000,2866.4000,2866.6000,2867.2000,2,3,4,3,1,2,3,3,1,2
SF,IH2006,2020-06-17 10:10:12.200,2865.6000,19342,0,5004233040.000,2,1,1,空换,B,2865.4000,2865.2000,2865.0000,2864.8000,2864.6000,2865.6000,2865.8000,2866.0000,2866.4000,2866.6000,3,4,3,1,9,2,3,3,3,1
SF,IH2006,2020-06-17 10:10:12.700,2865.4000,19341,-1,5006811900.000,3,1,2,空平,B,2865.2000,2865.0000,2864.8000,2864.6000,2864.4000,2865.4000,2865.8000,2866.0000,2866.4000,2866.6000,4,3,1,9,1,4,3,3,3,1
SF,IH2006,2020-06-17 10:10:13.200,2865.2000,19340,-1,5011969260.000,6,2,4,空平,B,2865.0000,2864.8000,2864.6000,2864.4000,2864.2000,2865.4000,2865.8000,2866.0000,2866.4000,2866.6000,3,1,9,1,4,2,3,3,3,1
SF,IH2006,2020-06-17 10:10:13.700,2865.4000,19339,-1,5014548120.000,3,1,2,空平,B,2865.0000,2864.8000,2864.6000,2864.4000,2864.2000,2865.4000,2865.8000,2866.0000,2866.4000,2866.6000,3,1,9,1,4,1,3,3,3,1
SF,IH2006,2020-06-17 10:10:14.200,2865.4000,19338,-1,5015407740.000,1,0,1,双平,B,2865.4000,2865.0000,2864.8000,2864.6000,2864.4000,2865.8000,2866.0000,2866.4000,2866.6000,2867.2000,6,4,1,9,1,3,3,3,1,1
SF,IH2006,2020-06-17 10:10:14.700,2865.4000,19338,0,5015407740.000,0,-,-,-,-,2865.4000,2865.0000,2864.8000,2864.6000,2864.4000,2865.8000,2866.0000,2866.4000,2866.6000,2867.2000,2,4,1,9,1,1,1,3,1,1
SF,IH2006,2020-06-17 10:10:15.200,2865.8000,19337,-1,5016267480.000,1,0,1,双平,B,2865.4000,2865.0000,2864.8000,2864.6000,2864.4000,2866.0000,2866.4000,2866.6000,2867.2000,2867.4000,3,4,1,9,1,1,3,1,1,3
SF,IH2006,2020-06-17 10:10:15.700,2865.8000,19337,0,5016267480.000,0,-,-,-,-,2865.4000,2865.0000,2864.8000,2864.6000,2864.4000,2866.0000,2866.4000,2866.6000,2867.2000,2867.4000,3,4,4,9,1,1,3,1,1,3
SF,IH2006,2020-06-17 10:10:16.200,2866.4000,19336,-1,5017127400.000,1,0,1,双平,B,2865.4000,2865.0000,2864.8000,2864.6000,2864.4000,2866.4000,2866.6000,2867.2000,2867.4000,2867.6000,3,5,4,9,1,2,1,1,3,9
SF,IH2006,2020-06-17 10:10:16.700,2866.4000,19336,0,5017127400.000,0,-,-,-,-,2865.6000,2865.4000,2865.0000,2864.8000,2864.6000,2866.2000,2866.4000,2866.6000,2867.2000,2867.4000,2,3,4,4,9,1,2,1,1,3
SF,IH2006,2020-06-17 10:10:17.200,2866.4000,19336,0,5017127400.000,0,-,-,-,-,2865.6000,2865.4000,2865.0000,2864.8000,2864.6000,2866.2000,2866.4000,2866.6000,2867.2000,2867.4000,2,3,4,4,9,1,2,1,1,3
SF,IH2006,2020-06-17 10:10:17.700,2865.6000,19335,-1,5017987080.000,1,0,1,双平,B,2865.6000,2865.4000,2865.2000,2865.0000,2864.8000,2866.2000,2866.4000,2866.6000,2867.2000,2867.4000,1,3,2,4,4,1,2,1,1,3
SF,IH2006,2020-06-17 10:10:18.700,2865.6000,19335,0,5017987080.000,0,-,-,-,-,2865.6000,2865.4000,2865.2000,2865.0000,2864.8000,2866.0000,2866.2000,2866.4000,2866.6000,2867.2000,1,4,2,4,4,2,1,2,1,1
SF,IH2006,2020-06-17 10:10:19.200,2865.6000,19337,2,5019706500.000,2,2,0,双开,B,2865.4000,2865.2000,2865.0000,2864.8000,2864.6000,2866.0000,2866.2000,2866.4000,2866.6000,2867.2000,4,2,4,1,9,2,1,2,1,1
SF,IH2006,2020-06-17 10:10:19.700,2865.6000,19337,0,5019706500.000,0,-,-,-,-,2865.4000,2865.2000,2865.0000,2864.8000,2864.6000,2866.0000,2866.2000,2866.4000,2866.6000,2867.2000,4,2,4,1,9,2,1,2,1,1
SF,IH2006,2020-06-17 10:10:20.700,2865.6000,19337,0,5019706500.000,0,-,-,-,-,2865.4000,2865.2000,2865.0000,2864.8000,2864.6000,2866.0000,2866.2000,2866.4000,2866.6000,2867.2000,4,5,4,1,9,2,1,2,1,1
SF,IH2006,2020-06-17 10:10:21.200,2865.6000,19337,0,5019706500.000,0,-,-,-,-,2865.4000,2865.2000,2865.0000,2864.8000,2864.6000,2866.0000,2866.2000,2866.4000,2866.6000,2867.2000,5,5,4,1,9,2,1,2,1,1
SF,IH2006,2020-06-17 10:10:21.700,2865.6000,19337,0,5019706500.000,0,-,-,-,-,2865.4000,2865.2000,2865.0000,2864.8000,2864.6000,2866.0000,2866.2000,2866.4000,2866.6000,2867.2000,5,5,4,1,9,2,1,2,1,1
SF,IH2006,2020-06-17 10:10:22.200,2865.6000,19337,0,5019706500.000,0,-,-,-,-,2865.4000,2865.2000,2865.0000,2864.8000,2864.6000,2866.0000,2866.2000,2866.4000,2866.6000,2867.2000,3,5,4,1,9,2,1,2,1,1
SF,IH2006,2020-06-17 10:10:22.700,2865.4000,19337,0,5021425740.000,2,1,1,空换,B,2865.4000,2865.2000,2865.0000,2864.8000,2864.6000,2865.8000,2866.0000,2866.2000,2866.4000,2866.6000,1,5,4,1,9,1,2,1,2,1
SF,IH2006,2020-06-17 10:10:23.200,2865.2000,19339,2,5024004660.000,3,2,1,多开,B,2865.2000,2865.0000,2864.8000,2864.6000,2864.4000,2865.8000,2866.0000,2866.2000,2866.4000,2866.6000,4,4,1,9,1,1,2,1,2,1
SF,IH2006,2020-06-17 10:10:23.700,2865.2000,19339,0,5024004660.000,0,-,-,-,-,2865.2000,2865.0000,2864.8000,2864.6000,2864.4000,2865.4000,2865.6000,2865.8000,2866.0000,2866.2000,4,4,1,9,1,1,6,1,1,1
SF,IH2006,2020-06-17 10:10:24.700,2865.2000,19338,-1,5027442900.000,4,1,3,空平,B,2865.0000,2864.8000,2864.6000,2864.4000,2864.2000,2865.4000,2865.6000,2865.8000,2866.0000,2866.2000,4,1,9,1,3,1,5,1,1,1
SF,IH2006,2020-06-17 10:10:25.200,2865.2000,19338,0,5027442900.000,0,-,-,-,-,2865.0000,2864.8000,2864.6000,2864.4000,2864.2000,2865.2000,2865.4000,2865.6000,2865.8000,2866.2000,4,1,9,1,3,1,2,5,1,1
SF,IH2006,2020-06-17 10:10:25.700,2865.0000,19339,1,5030880900.000,4,2,2,多开,B,2864.8000,2864.6000,2864.4000,2864.2000,2864.0000,2865.0000,2865.2000,2865.4000,2865.6000,2865.8000,1,9,1,3,3,2,2,2,5,1
SF,IH2006,2020-06-17 10:10:26.200,2865.0000,19338,-1,5032599900.000,2,0,2,空平,B,2864.8000,2864.6000,2864.4000,2864.2000,2864.0000,2865.2000,2865.4000,2865.6000,2865.8000,2866.4000,1,9,1,3,3,1,1,5,2,2
SF,IH2006,2020-06-17 10:10:26.700,2865.0000,19338,0,5032599900.000,0,-,-,-,-,2864.8000,2864.6000,2864.4000,2864.2000,2864.0000,2865.2000,2865.4000,2865.6000,2865.8000,2866.4000,1,9,1,3,3,1,1,4,2,2
SF,IH2006,2020-06-17 10:10:27.700,2865.2000,19338,0,5033459460.000,1,0,1,空换,B,2864.8000,2864.6000,2864.4000,2864.2000,2864.0000,2865.4000,2865.6000,2865.8000,2866.4000,2866.6000,1,9,1,3,3,1,4,2,2,6
SF,IH2006,2020-06-17 10:10:28.200,2865.2000,19338,0,5033459460.000,0,-,-,-,-,2864.8000,2864.6000,2864.4000,2864.2000,2864.0000,2865.6000,2865.8000,2866.4000,2866.6000,2867.2000,1,9,1,3,3,4,2,2,6,1
SF,IH2006,2020-06-17 10:10:28.700,2865.2000,19338,0,5033459460.000,0,-,-,-,-,2865.0000,2864.8000,2864.6000,2864.4000,2864.2000,2865.6000,2865.8000,2866.4000,2866.6000,2867.2000,1,3,9,1,3,1,2,2,6,1
SF,IH2006,2020-06-17 10:10:29.700,2865.2000,19338,0,5033459460.000,0,-,-,-,-,2865.0000,2864.8000,2864.6000,2864.4000,2864.2000,2865.6000,2865.8000,2866.4000,2866.6000,2867.2000,1,3,9,1,3,2,2,2,6,1
SF,IH2006,2020-06-17 10:10:30.200,2865.2000,19338,0,5033459460.000,0,-,-,-,-,2865.0000,2864.8000,2864.6000,2864.4000,2864.2000,2865.6000,2865.8000,2866.4000,2866.6000,2867.2000,1,3,9,1,3,2,3,2,6,1
SF,IH2006,2020-06-17 10:10:30.700,2865.0000,19338,0,5034318960.000,1,0,1,空换,B,2865.0000,2864.8000,2864.6000,2864.4000,2864.2000,2865.4000,2865.6000,2865.8000,2866.4000,2866.6000,1,2,9,1,3,5,2,3,2,6
SF,IH2006,2020-06-17 10:10:31.200,2865.0000,19339,1,5035178460.000,1,1,0,双开,B,2864.8000,2864.6000,2864.4000,2864.2000,2864.0000,2865.0000,2865.2000,2865.4000,2865.6000,2865.8000,1,9,1,3,4,2,2,10,2,3
SF,IH2006,2020-06-17 10:10:31.700,2865.0000,19339,0,5035178460.000,0,-,-,-,-,2864.8000,2864.6000,2864.4000,2864.2000,2864.0000,2865.0000,2865.2000,2865.4000,2865.6000,2865.8000,1,3,1,3,4,1,4,9,2,3
SF,IH2006,2020-06-17 10:10:32.200,2864.4000,19340,1,5039475360.000,5,3,2,多开,B,2864.2000,2864.0000,2863.8000,2863.6000,2863.4000,2864.4000,2864.6000,2864.8000,2865.0000,2865.2000,3,4,1,2,3,5,4,8,1,4
SF,IH2006,2020-06-17 10:10:32.700,2864.2000,19338,-2,5042053140.000,3,0,3,空平,B,2864.0000,2863.8000,2863.6000,2863.4000,2863.2000,2864.8000,2865.0000,2865.2000,2865.4000,2865.6000,4,1,2,3,2,3,1,4,3,2
SF,IH2006,2020-06-17 10:10:33.200,2864.0000,19339,1,5042912340.000,1,1,0,双开,B,2864.0000,2863.8000,2863.6000,2863.4000,2863.2000,2864.6000,2864.8000,2865.0000,2865.2000,2865.4000,3,3,2,3,2,2,3,1,4,3
SF,IH2006,2020-06-17 10:10:33.700,2864.4000,19339,0,5043771660.000,1,0,1,空换,B,2864.2000,2864.0000,2863.8000,2863.6000,2863.4000,2864.6000,2864.8000,2865.0000,2865.2000,2865.4000,1,3,3,2,3,3,4,1,4,3
SF,IH2006,2020-06-17 10:10:34.200,2864.6000,19339,0,5044631040.000,1,0,1,空换,B,2864.2000,2864.0000,2863.8000,2863.6000,2863.4000,2864.6000,2864.8000,2865.0000,2865.2000,2865.4000,1,3,1,2,3,2,4,1,4,3
SF,IH2006,2020-06-17 10:10:34.700,2864.6000,19340,1,5045490420.000,1,1,0,双开,B,2864.6000,2864.2000,2864.0000,2863.8000,2863.6000,2864.8000,2865.0000,2865.2000,2865.4000,2865.6000,3,3,4,1,2,4,1,3,3,2
SF,IH2006,2020-06-17 10:10:35.200,2864.4000,19343,3,5050646400.000,6,4,2,多开,B,2864.0000,2863.8000,2863.6000,2863.4000,2863.2000,2864.6000,2864.8000,2865.0000,2865.2000,2865.4000,4,1,2,3,2,2,2,1,3,4
SF,IH2006,2020-06-17 10:10:35.700,2864.6000,19342,-1,5051505780.000,1,0,1,双平,B,2864.0000,2863.8000,2863.6000,2863.4000,2863.2000,2864.6000,2864.8000,2865.0000,2865.2000,2865.4000,4,1,2,3,2,1,2,1,3,3
SF,IH2006,2020-06-17 10:10:36.200,2864.6000,19342,0,5051505780.000,0,-,-,-,-,2864.0000,2863.8000,2863.6000,2863.4000,2863.2000,2864.8000,2865.0000,2865.2000,2865.4000,2865.6000,5,1,2,3,2,2,1,3,3,2
SF,IH2006,2020-06-17 10:10:36.700,2864.6000,19342,0,5051505780.000,0,-,-,-,-,2864.2000,2864.0000,2863.8000,2863.6000,2863.4000,2864.8000,2865.0000,2865.2000,2865.4000,2865.6000,5,5,1,2,3,1,1,3,3,2
SF,IH2006,2020-06-17 10:10:37.200,2864.8000,19341,-1,5052365220.000,1,0,1,双平,B,2864.2000,2864.0000,2863.8000,2863.6000,2863.4000,2865.0000,2865.2000,2865.4000,2865.6000,2865.8000,6,4,1,2,3,1,3,3,2,2
SF,IH2006,2020-06-17 10:10:37.700,2864.8000,19341,0,5052365220.000,0,-,-,-,-,2864.2000,2864.0000,2863.8000,2863.6000,2863.4000,2865.0000,2865.2000,2865.4000,2865.6000,2865.8000,6,4,1,2,3,2,3,3,2,2
SF,IH2006,2020-06-17 10:10:38.200,2864.8000,19341,0,5052365220.000,0,-,-,-,-,2864.2000,2864.0000,2863.8000,2863.6000,2863.4000,2865.0000,2865.2000,2865.4000,2865.6000,2865.8000,6,4,1,2,3,2,3,3,2,2
SF,IH2006,2020-06-17 10:10:38.700,2864.8000,19341,0,5052365220.000,0,-,-,-,-,2864.2000,2864.0000,2863.8000,2863.6000,2863.4000,2865.0000,2865.2000,2865.4000,2865.6000,2865.8000,7,4,1,2,2,2,3,3,2,2
SF,IH2006,2020-06-17 10:10:39.200,2864.8000,19341,0,5052365220.000,0,-,-,-,-,2864.2000,2864.0000,2863.8000,2863.6000,2863.4000,2865.0000,2865.2000,2865.4000,2865.6000,2865.8000,7,4,1,2,2,2,3,3,2,2
SF,IH2006,2020-06-17 10:10:39.700,2864.8000,19341,0,5052365220.000,0,-,-,-,-,2864.2000,2864.0000,2863.8000,2863.6000,2863.4000,2865.0000,2865.2000,2865.4000,2865.6000,2865.8000,7,4,1,2,2,2,3,3,2,2
SF,IH2006,2020-06-17 10:10:40.200,2864.8000,19341,0,5052365220.000,0,-,-,-,-,2864.4000,2864.2000,2864.0000,2863.8000,2863.6000,2865.0000,2865.2000,2865.4000,2865.6000,2865.8000,1,7,4,1,2,2,3,3,2,1
SF,IH2006,2020-06-17 10:10:40.700,2865.0000,19341,0,5054943480.000,3,1,2,空换,B,2864.2000,2864.0000,2863.8000,2863.6000,2863.4000,2865.0000,2865.2000,2865.4000,2865.6000,2865.8000,7,4,1,2,2,1,3,3,2,1
SF,IH2006,2020-06-17 10:10:41.200,2865.0000,19341,0,5054943480.000,0,-,-,-,-,2864.4000,2864.2000,2864.0000,2863.8000,2863.6000,2864.8000,2865.0000,2865.2000,2865.4000,2865.6000,1,7,4,1,2,1,1,2,3,1
SF,IH2006,2020-06-17 10:10:41.700,2865.0000,19341,0,5054943480.000,0,-,-,-,-,2864.4000,2864.2000,2864.0000,2863.8000,2863.6000,2864.8000,2865.0000,2865.2000,2865.4000,2865.6000,1,7,4,1,2,1,1,2,3,1
SF,IH2006,2020-06-17 10:10:44.700,2865.0000,19341,0,5054943480.000,0,-,-,-,-,2864.6000,2864.4000,2864.2000,2864.0000,2863.8000,2864.8000,2865.0000,2865.2000,2865.4000,2865.6000,1,2,7,4,1,2,1,2,3,1
SF,IH2006,2020-06-17 10:10:45.200,2864.8000,19341,0,5055802920.000,1,0,1,空换,B,2864.6000,2864.4000,2864.2000,2864.0000,2863.8000,2865.0000,2865.2000,2865.4000,2865.6000,2865.8000,5,2,7,4,1,2,2,3,1,1
SF,IH2006,2020-06-17 10:10:45.700,2865.0000,19340,-1,5057521920.000,2,0,2,空平,B,2864.6000,2864.4000,2864.2000,2864.0000,2863.8000,2865.2000,2865.4000,2865.6000,2865.8000,2866.2000,5,2,4,4,1,1,3,1,1,1
SF,IH2006,2020-06-17 10:10:46.200,2865.0000,19340,0,5057521920.000,0,-,-,-,-,2864.6000,2864.4000,2864.2000,2864.0000,2863.8000,2865.2000,2865.4000,2865.6000,2865.8000,2866.2000,5,2,4,4,1,2,3,1,1,1
SF,IH2006,2020-06-17 10:10:46.700,2865.0000,19340,0,5057521920.000,0,-,-,-,-,2864.6000,2864.4000,2864.2000,2864.0000,2863.8000,2865.2000,2865.4000,2865.6000,2865.8000,2866.2000,5,2,4,4,1,1,3,1,1,1
SF,IH2006,2020-06-17 10:10:47.200,2865.0000,19340,0,5057521920.000,0,-,-,-,-,2864.6000,2864.4000,2864.2000,2864.0000,2863.8000,2865.2000,2865.4000,2865.6000,2865.8000,2866.4000,5,2,3,4,1,1,3,1,1,2
SF,IH2006,2020-06-17 10:10:47.700,2865.0000,19340,0,5057521920.000,0,-,-,-,-,2864.6000,2864.4000,2864.2000,2864.0000,2863.8000,2865.2000,2865.4000,2865.6000,2865.8000,2866.4000,4,2,3,4,1,1,3,1,1,2
SF,IH2006,2020-06-17 10:10:48.700,2865.0000,19340,0,5057521920.000,0,-,-,-,-,2864.6000,2864.4000,2864.2000,2864.0000,2863.8000,2865.2000,2865.4000,2865.6000,2865.8000,2866.4000,4,2,3,4,1,1,3,1,1,2
SF,IH2006,2020-06-17 10:10:49.200,2865.0000,19340,0,5057521920.000,0,-,-,-,-,2864.6000,2864.4000,2864.2000,2864.0000,2863.8000,2865.0000,2865.2000,2865.4000,2865.6000,2865.8000,4,2,3,4,1,1,1,3,1,1
SF,IH2006,2020-06-17 10:10:49.700,2864.6000,19338,-2,5059240680.000,2,0,2,双平,B,2864.6000,2864.4000,2864.2000,2864.0000,2863.8000,2865.0000,2865.2000,2865.4000,2865.6000,2865.8000,2,2,3,4,1,1,1,3,1,1
SF,IH2006,2020-06-17 10:10:51.200,2865.0000,19339,1,5060100180.000,1,1,0,双开,B,2864.6000,2864.4000,2864.2000,2864.0000,2863.8000,2865.2000,2865.4000,2865.6000,2865.8000,2866.4000,2,2,3,4,1,1,3,1,1,2
SF,IH2006,2020-06-17 10:10:51.700,2865.0000,19339,0,5060100180.000,0,-,-,-,-,2864.6000,2864.4000,2864.2000,2864.0000,2863.8000,2865.2000,2865.4000,2865.6000,2865.8000,2866.4000,3,2,3,4,1,1,3,1,1,2
SF,IH2006,2020-06-17 10:10:52.200,2865.0000,19339,0,5060100180.000,0,-,-,-,-,2864.6000,2864.4000,2864.2000,2864.0000,2863.8000,2865.2000,2865.4000,2865.6000,2865.8000,2866.4000,3,2,3,4,1,1,3,1,1,2
SF,IH2006,2020-06-17 10:10:53.200,2865.0000,19339,0,5060100180.000,0,-,-,-,-,2864.8000,2864.6000,2864.4000,2864.2000,2864.0000,2865.2000,2865.4000,2865.6000,2865.8000,2866.4000,1,3,2,3,4,1,3,1,1,2
SF,IH2006,2020-06-17 10:10:53.700,2865.0000,19339,0,5060100180.000,0,-,-,-,-,2864.8000,2864.6000,2864.4000,2864.2000,2864.0000,2865.2000,2865.4000,2865.6000,2865.8000,2866.4000,1,4,2,3,3,1,3,1,1,2
SF,IH2006,2020-06-17 10:10:54.200,2865.0000,19339,0,5060100180.000,0,-,-,-,-,2864.8000,2864.6000,2864.4000,2864.2000,2864.0000,2865.4000,2865.6000,2865.8000,2866.4000,2866.6000,1,4,2,3,3,2,1,1,2,7
SF,IH2006,2020-06-17 10:10:54.700,2865.0000,19339,0,5060100180.000,0,-,-,-,-,2864.8000,2864.6000,2864.4000,2864.2000,2864.0000,2865.2000,2865.4000,2865.6000,2865.8000,2866.4000,2,3,2,3,3,1,2,1,1,2
SF,IH2006,2020-06-17 10:10:55.700,2865.2000,19339,0,5060959740.000,1,0,1,空换,B,2865.0000,2864.8000,2864.6000,2864.4000,2864.2000,2865.4000,2865.6000,2865.8000,2866.4000,2866.6000,1,2,3,2,3,2,1,1,2,7
SF,IH2006,2020-06-17 10:10:56.200,2865.2000,19339,0,5060959740.000,0,-,-,-,-,2865.0000,2864.8000,2864.6000,2864.4000,2864.2000,2865.4000,2865.6000,2865.8000,2866.4000,2866.6000,1,2,3,2,3,1,1,1,2,7
SF,IH2006,2020-06-17 10:10:56.700,2865.2000,19339,0,5060959740.000,0,-,-,-,-,2865.0000,2864.8000,2864.6000,2864.4000,2864.2000,2865.4000,2865.6000,2865.8000,2866.4000,2866.6000,1,2,3,2,3,1,1,1,2,7
SF,IH2006,2020-06-17 10:10:57.200,2865.4000,19339,0,5061819360.000,1,0,1,空换,B,2865.2000,2865.0000,2864.8000,2864.6000,2864.4000,2865.6000,2865.8000,2866.4000,2866.6000,2866.8000,1,2,2,3,2,1,1,2,7,1
SF,IH2006,2020-06-17 10:10:57.700,2865.4000,19339,0,5061819360.000,0,-,-,-,-,2865.2000,2865.0000,2864.8000,2864.6000,2864.4000,2865.6000,2865.8000,2866.4000,2866.6000,2866.8000,1,2,2,3,2,1,1,2,6,1
SF,IH2006,2020-06-17 10:10:58.200,2865.4000,19339,0,5061819360.000,0,-,-,-,-,2865.2000,2865.0000,2864.8000,2864.6000,2864.4000,2865.6000,2865.8000,2866.4000,2866.6000,2866.8000,1,2,2,3,2,2,1,2,6,1
SF,IH2006,2020-06-17 10:10:58.700,2865.4000,19339,0,5061819360.000,0,-,-,-,-,2865.2000,2865.0000,2864.8000,2864.6000,2864.4000,2865.6000,2865.8000,2866.4000,2866.6000,2866.8000,1,1,2,4,2,2,1,2,6,1
SF,IH2006,2020-06-17 10:10:59.200,2865.4000,19339,0,5061819360.000,0,-,-,-,-,2865.2000,2865.0000,2864.8000,2864.6000,2864.4000,2865.6000,2865.8000,2866.4000,2866.6000,2866.8000,1,2,2,4,2,2,1,2,6,1
SF,IH2006,2020-06-17 10:10:59.700,2865.4000,19339,0,5061819360.000,0,-,-,-,-,2865.2000,2865.0000,2864.8000,2864.6000,2864.4000,2865.6000,2865.8000,2866.4000,2866.6000,2866.8000,1,2,2,5,2,3,1,2,6,1
SF,IH2006,2020-06-17 10:11:00.200,2865.2000,19339,0,5062678920.000,1,0,1,空换,B,2865.0000,2864.8000,2864.6000,2864.4000,2864.2000,2865.2000,2865.6000,2865.8000,2866.4000,2866.6000,1,2,5,2,3,1,3,1,2,6
SF,IH2006,2020-06-17 10:11:00.700,2865.0000,19340,1,5063538420.000,1,1,0,双开,B,2864.8000,2864.6000,2864.4000,2864.2000,2864.0000,2865.4000,2865.6000,2865.8000,2866.4000,2866.6000,2,5,2,3,3,1,3,1,2,6
SF,IH2006,2020-06-17 10:11:01.200,2865.0000,19340,0,5063538420.000,0,-,-,-,-,2864.8000,2864.6000,2864.4000,2864.2000,2864.0000,2865.4000,2865.6000,2865.8000,2866.4000,2866.6000,2,5,2,3,3,2,3,1,2,6
SF,IH2006,2020-06-17 10:11:01.700,2865.0000,19340,0,5063538420.000,0,-,-,-,-,2864.8000,2864.6000,2864.4000,2864.2000,2864.0000,2865.4000,2865.6000,2865.8000,2866.4000,2866.6000,1,5,2,3,3,3,3,1,2,6
SF,IH2006,2020-06-17 10:11:04.700,2865.0000,19340,0,5063538420.000,0,-,-,-,-,2865.0000,2864.8000,2864.6000,2864.4000,2864.2000,2865.4000,2865.6000,2865.8000,2866.4000,2866.6000,1,1,5,2,3,3,3,1,2,6
SF,IH2006,2020-06-17 10:11:05.700,2865.0000,19340,0,5063538420.000,0,-,-,-,-,2865.0000,2864.8000,2864.6000,2864.4000,2864.2000,2865.4000,2865.6000,2865.8000,2866.4000,2866.6000,1,1,5,2,3,3,2,1,2,6
SF,IH2006,2020-06-17 10:11:06.700,2865.4000,19340,0,5064398040.000,1,0,1,空换,B,2865.0000,2864.8000,2864.6000,2864.4000,2864.2000,2865.4000,2865.6000,2865.8000,2866.4000,2866.6000,1,1,5,2,3,2,2,1,2,6
SF,IH2006,2020-06-17 10:11:07.200,2865.4000,19340,0,5064398040.000,0,-,-,-,-,2865.0000,2864.8000,2864.6000,2864.4000,2864.2000,2865.4000,2865.6000,2865.8000,2866.4000,2866.6000,2,1,5,2,3,1,2,1,2,6
SF,IH2006,2020-06-17 10:11:07.700,2865.4000,19340,0,5064398040.000,0,-,-,-,-,2865.0000,2864.8000,2864.6000,2864.4000,2864.2000,2865.4000,2865.6000,2865.8000,2866.4000,2866.6000,1,1,5,2,2,2,2,1,2,6
SF,IH2006,2020-06-17 10:11:08.200,2865.4000,19340,0,5064398040.000,0,-,-,-,-,2865.0000,2864.8000,2864.6000,2864.4000,2864.2000,2865.4000,2865.6000,2865.8000,2866.4000,2866.6000,2,1,5,2,2,2,2,1,2,6
SF,IH2006,2020-06-17 10:11:08.700,2865.4000,19340,0,5066117280.000,2,1,1,空换,B,2865.4000,2865.0000,2864.8000,2864.6000,2864.4000,2865.6000,2865.8000,2866.4000,2866.6000,2866.8000,7,2,1,5,2,2,1,2,6,1
SF,IH2006,2020-06-17 10:11:09.200,2865.6000,19339,-1,5066976960.000,1,0,1,双平,B,2865.6000,2865.0000,2864.8000,2864.6000,2864.4000,2865.8000,2866.4000,2866.6000,2866.8000,2867.2000,1,1,1,5,2,1,2,6,1,1
SF,IH2006,2020-06-17 10:11:09.700,2865.8000,19338,-1,5067836700.000,1,0,1,双平,B,2865.2000,2865.0000,2864.8000,2864.6000,2864.4000,2865.4000,2866.4000,2866.6000,2866.8000,2867.2000,1,1,1,5,2,1,2,6,1,1
SF,IH2006,2020-06-17 10:11:10.200,2865.4000,19337,-1,5068696320.000,1,0,1,双平,B,2865.6000,2865.4000,2865.2000,2864.8000,2864.6000,2866.4000,2866.6000,2866.8000,2867.2000,2867.4000,14,16,1,1,5,2,6,1,1,3
SF,IH2006,2020-06-17 10:11:10.700,2865.8000,19335,-2,5070415800.000,2,0,2,双平,B,2865.6000,2865.4000,2865.2000,2864.8000,2864.6000,2866.2000,2866.4000,2866.6000,2866.8000,2867.2000,1,4,1,1,5,5,3,6,1,1
SF,IH2006,2020-06-17 10:11:11.200,2865.8000,19335,0,5070415800.000,0,-,-,-,-,2865.4000,2865.2000,2864.8000,2864.6000,2864.4000,2866.0000,2866.2000,2866.4000,2866.6000,2866.8000,4,1,1,5,2,1,4,2,6,1
SF,IH2006,2020-06-17 10:11:11.700,2865.8000,19335,0,5070415800.000,0,-,-,-,-,2865.4000,2865.2000,2864.8000,2864.6000,2864.4000,2865.8000,2866.0000,2866.2000,2866.4000,2866.6000,4,1,1,5,2,2,4,4,2,6
SF,IH2006,2020-06-17 10:11:12.200,2865.4000,19332,-3,5072994900.000,3,0,3,双平,B,2865.4000,2865.2000,2864.8000,2864.6000,2864.4000,2865.8000,2866.0000,2866.2000,2866.4000,2866.6000,2,1,1,5,2,2,4,4,2,6
SF,IH2006,2020-06-17 10:11:12.700,2865.4000,19332,0,5072994900.000,0,-,-,-,-,2865.4000,2865.2000,2864.8000,2864.6000,2864.4000,2865.8000,2866.0000,2866.2000,2866.4000,2866.6000,2,1,1,5,2,2,2,4,2,6
SF,IH2006,2020-06-17 10:11:13.200,2865.4000,19332,0,5072994900.000,0,-,-,-,-,2865.4000,2865.2000,2864.8000,2864.6000,2864.4000,2865.8000,2866.0000,2866.2000,2866.4000,2866.6000,2,1,1,5,2,3,2,4,2,6
SF,IH2006,2020-06-17 10:11:14.700,2865.4000,19332,0,5072994900.000,0,-,-,-,-,2865.4000,2865.2000,2864.8000,2864.6000,2864.4000,2865.8000,2866.0000,2866.2000,2866.4000,2866.6000,2,1,1,5,2,3,2,4,2,6
SF,IH2006,2020-06-17 10:11:16.700,2865.4000,19332,0,5072994900.000,0,-,-,-,-,2865.4000,2865.2000,2864.8000,2864.6000,2864.4000,2865.8000,2866.0000,2866.2000,2866.4000,2866.6000,2,1,1,5,2,3,2,4,2,6
SF,IH2006,2020-06-17 10:11:17.200,2865.4000,19332,0,5072994900.000,0,-,-,-,-,2865.4000,2865.2000,2864.8000,2864.6000,2864.4000,2865.8000,2866.0000,2866.2000,2866.4000,2866.6000,2,1,1,5,2,3,2,2,2,6
SF,IH2006,2020-06-17 10:11:18.200,2865.4000,19332,0,5072994900.000,0,-,-,-,-,2865.4000,2865.2000,2864.8000,2864.6000,2864.4000,2865.8000,2866.0000,2866.2000,2866.4000,2866.6000,1,1,1,5,2,3,2,2,2,6
SF,IH2006,2020-06-17 10:11:18.700,2865.4000,19332,0,5072994900.000,0,-,-,-,-,2865.4000,2865.2000,2864.8000,2864.6000,2864.4000,2865.8000,2866.0000,2866.2000,2866.4000,2866.6000,1,1,1,5,2,2,2,2,2,6
SF,IH2006,2020-06-17 10:11:20.700,2865.8000,19333,1,5073854640.000,1,1,0,双开,B,2865.4000,2865.2000,2864.8000,2864.6000,2864.4000,2865.8000,2866.0000,2866.2000,2866.4000,2866.6000,1,1,1,5,2,1,2,2,2,6
SF,IH2006,2020-06-17 10:11:21.200,2865.8000,19332,-1,5074714380.000,1,0,1,双平,B,2865.4000,2865.2000,2864.8000,2864.6000,2864.4000,2866.0000,2866.2000,2866.4000,2866.6000,2866.8000,2,1,1,5,2,2,2,2,6,1
SF,IH2006,2020-06-17 10:11:21.700,2865.8000,19332,0,5074714380.000,0,-,-,-,-,2865.4000,2865.2000,2864.8000,2864.6000,2864.4000,2865.8000,2866.0000,2866.2000,2866.4000,2866.6000,2,1,1,5,2,1,2,2,2,6
SF,IH2006,2020-06-17 10:11:23.700,2865.8000,19332,0,5074714380.000,0,-,-,-,-,2865.4000,2865.2000,2865.0000,2864.8000,2864.6000,2865.8000,2866.0000,2866.2000,2866.4000,2866.6000,2,1,1,1,5,1,2,2,2,6
SF,IH2006,2020-06-17 10:11:24.200,2865.8000,19332,0,5074714380.000,0,-,-,-,-,2865.4000,2865.2000,2865.0000,2864.8000,2864.6000,2865.8000,2866.0000,2866.2000,2866.4000,2866.6000,2,1,1,1,4,1,2,2,2,6
SF,IH2006,2020-06-17 10:11:25.700,2865.4000,19332,0,5075574000.000,1,0,1,空换,B,2865.4000,2865.2000,2865.0000,2864.8000,2864.6000,2865.8000,2866.0000,2866.2000,2866.4000,2866.6000,1,2,1,1,4,1,2,2,2,6
SF,IH2006,2020-06-17 10:11:26.200,2865.4000,19332,0,5075574000.000,0,-,-,-,-,2865.6000,2865.2000,2865.0000,2864.8000,2864.6000,2865.8000,2866.0000,2866.2000,2866.4000,2866.6000,1,2,1,1,4,1,2,2,2,6
SF,IH2006,2020-06-17 10:11:26.700,2865.4000,19332,0,5075574000.000,0,-,-,-,-,2865.4000,2865.2000,2865.0000,2864.8000,2864.6000,2865.8000,2866.0000,2866.2000,2866.4000,2866.6000,1,2,1,1,4,1,2,2,2,6
SF,IH2006,2020-06-17 10:11:27.200,2865.4000,19332,0,5075574000.000,0,-,-,-,-,2865.4000,2865.2000,2865.0000,2864.8000,2864.6000,2865.8000,2866.0000,2866.2000,2866.4000,2866.6000,7,2,1,1,4,1,2,2,2,6
SF,IH2006,2020-06-17 10:11:27.700,2865.8000,19332,0,5076433740.000,1,0,1,空换,B,2865.8000,2865.4000,2865.2000,2865.0000,2864.8000,2866.0000,2866.2000,2866.4000,2866.6000,2866.8000,2,7,2,1,1,2,2,2,6,6
SF,IH2006,2020-06-17 10:11:28.200,2865.8000,19332,0,5076433740.000,0,-,-,-,-,2865.4000,2865.2000,2865.0000,2864.8000,2864.6000,2866.0000,2866.2000,2866.4000,2866.6000,2866.8000,7,2,1,1,4,2,2,2,6,6
SF,IH2006,2020-06-17 10:11:28.700,2865.8000,19332,0,5076433740.000,0,-,-,-,-,2865.4000,2865.2000,2865.0000,2864.8000,2864.6000,2865.8000,2866.0000,2866.2000,2866.4000,2866.6000,8,2,1,1,4,1,2,2,2,6
SF,IH2006,2020-06-17 10:11:29.200,2865.8000,19332,0,5077293480.000,1,0,1,空换,B,2865.8000,2865.4000,2865.2000,2865.0000,2864.8000,2866.0000,2866.2000,2866.4000,2866.6000,2866.8000,5,8,2,1,1,2,2,2,6,6
SF,IH2006,2020-06-17 10:11:29.700,2865.8000,19332,0,5077293480.000,0,-,-,-,-,2865.6000,2865.4000,2865.2000,2865.0000,2864.8000,2866.0000,2866.2000,2866.4000,2866.6000,2866.8000,1,8,2,1,1,2,2,2,6,6
SF,IH2006,2020-06-17 10:11:30.200,2866.0000,19332,0,5079013080.000,2,1,1,空换,B,2865.8000,2865.6000,2865.4000,2865.2000,2865.0000,2866.2000,2866.4000,2866.6000,2866.8000,2867.0000,1,2,7,2,2,2,2,6,6,2
SF,IH2006,2020-06-17 10:11:30.700,2866.0000,19332,0,5079013080.000,0,-,-,-,-,2865.8000,2865.6000,2865.4000,2865.2000,2865.0000,2866.4000,2866.6000,2866.8000,2867.0000,2867.2000,2,2,7,2,2,2,6,6,2,1
SF,IH2006,2020-06-17 10:11:31.200,2866.0000,19331,-1,5079872880.000,1,0,1,双平,B,2865.8000,2865.6000,2865.4000,2865.2000,2865.0000,2866.4000,2866.6000,2866.8000,2867.0000,2867.2000,2,2,7,2,2,3,6,6,2,1
SF,IH2006,2020-06-17 10:11:31.700,2866.0000,19331,0,5079872880.000,0,-,-,-,-,2865.8000,2865.6000,2865.4000,2865.2000,2865.0000,2866.4000,2866.6000,2866.8000,2867.0000,2867.2000,2,2,8,2,2,3,6,6,2,1
SF,IH2006,2020-06-17 10:11:32.200,2866.0000,19331,0,5079872880.000,0,-,-,-,-,2865.8000,2865.6000,2865.4000,2865.2000,2865.0000,2866.4000,2866.6000,2866.8000,2867.0000,2867.2000,2,3,8,2,2,3,6,6,2,1
SF,IH2006,2020-06-17 10:11:32.700,2866.0000,19331,0,5079872880.000,0,-,-,-,-,2865.8000,2865.6000,2865.4000,2865.2000,2865.0000,2866.0000,2866.4000,2866.6000,2866.8000,2867.0000,2,2,8,2,2,1,3,6,6,2
SF,IH2006,2020-06-17 10:11:33.200,2866.0000,19330,-1,5080732680.000,1,0,1,双平,B,2866.0000,2865.8000,2865.6000,2865.4000,2865.2000,2866.4000,2866.6000,2866.8000,2867.0000,2867.2000,2,3,2,8,2,3,6,6,2,1
SF,IH2006,2020-06-17 10:11:33.700,2866.0000,19330,0,5081592480.000,1,0,1,空换,B,2866.0000,2865.8000,2865.6000,2865.4000,2865.2000,2866.4000,2866.6000,2866.8000,2867.0000,2867.2000,1,2,2,8,2,3,6,6,2,1
SF,IH2006,2020-06-17 10:11:34.700,2866.0000,19329,-1,5082452280.000,1,0,1,双平,B,2865.8000,2865.6000,2865.4000,2865.2000,2865.0000,2866.4000,2866.6000,2866.8000,2867.0000,2867.2000,3,2,8,2,2,3,6,6,2,1
SF,IH2006,2020-06-17 10:11:35.200,2866.0000,19329,0,5082452280.000,0,-,-,-,-,2865.8000,2865.6000,2865.4000,2865.2000,2865.0000,2866.4000,2866.6000,2866.8000,2867.0000,2867.2000,2,2,8,2,2,3,6,6,2,1
SF,IH2006,2020-06-17 10:11:36.700,2866.0000,19329,0,5082452280.000,0,-,-,-,-,2865.8000,2865.6000,2865.4000,2865.2000,2865.0000,2866.4000,2866.6000,2866.8000,2867.0000,2867.2000,2,2,8,2,2,3,7,6,2,1
SF,IH2006,2020-06-17 10:11:40.200,2866.0000,19329,0,5082452280.000,0,-,-,-,-,2865.8000,2865.6000,2865.4000,2865.2000,2865.0000,2866.4000,2866.6000,2866.8000,2867.0000,2867.2000,2,2,8,2,2,3,7,6,2,1
SF,IH2006,2020-06-17 10:11:40.700,2866.0000,19329,0,5082452280.000,0,-,-,-,-,2865.8000,2865.6000,2865.4000,2865.2000,2865.0000,2866.6000,2866.8000,2867.0000,2867.2000,2867.4000,2,2,8,2,2,7,6,2,1,3
SF,IH2006,2020-06-17 10:11:41.200,2866.0000,19329,0,5082452280.000,0,-,-,-,-,2866.0000,2865.8000,2865.6000,2865.4000,2865.2000,2866.6000,2866.8000,2867.0000,2867.2000,2867.4000,2,2,1,7,2,8,6,2,1,3
SF,IH2006,2020-06-17 10:11:41.700,2866.0000,19329,0,5082452280.000,0,-,-,-,-,2866.0000,2865.8000,2865.6000,2865.4000,2865.2000,2866.6000,2866.8000,2867.0000,2867.2000,2867.4000,2,2,1,7,2,8,6,2,1,3
SF,IH2006,2020-06-17 10:11:42.200,2866.0000,19329,0,5082452280.000,0,-,-,-,-,2866.0000,2865.8000,2865.6000,2865.4000,2865.2000,2866.6000,2866.8000,2867.0000,2867.2000,2867.4000,2,2,1,7,2,8,6,2,1,3
SF,IH2006,2020-06-17 10:11:42.700,2866.0000,19329,0,5082452280.000,0,-,-,-,-,2866.2000,2866.0000,2865.8000,2865.6000,2865.4000,2866.6000,2866.8000,2867.0000,2867.2000,2867.4000,1,2,2,1,7,8,6,2,1,3
SF,IH2006,2020-06-17 10:11:44.200,2866.2000,19329,0,5083312140.000,1,0,1,空换,B,2866.0000,2865.8000,2865.6000,2865.4000,2865.2000,2866.4000,2866.6000,2866.8000,2867.0000,2867.2000,3,2,1,7,2,1,8,6,2,1
SF,IH2006,2020-06-17 10:11:44.700,2866.2000,19329,0,5083312140.000,0,-,-,-,-,2866.0000,2865.8000,2865.6000,2865.4000,2865.2000,2866.4000,2866.6000,2866.8000,2867.0000,2867.2000,3,2,1,7,2,2,8,6,2,1
SF,IH2006,2020-06-17 10:11:45.200,2866.2000,19329,0,5083312140.000,0,-,-,-,-,2866.0000,2865.8000,2865.6000,2865.4000,2865.2000,2866.2000,2866.4000,2866.6000,2866.8000,2867.0000,2,2,1,7,2,1,2,10,6,2
SF,IH2006,2020-06-17 10:11:45.700,2866.0000,19330,1,5085031740.000,2,1,1,多开,B,2865.8000,2865.6000,2865.4000,2865.2000,2865.0000,2866.0000,2866.2000,2866.4000,2866.6000,2866.8000,1,1,7,2,2,5,2,1,10,6
SF,IH2006,2020-06-17 10:11:46.200,2865.8000,19330,0,5085891480.000,1,0,1,空换,B,2865.6000,2865.4000,2865.2000,2865.0000,2864.8000,2866.0000,2866.2000,2866.4000,2866.6000,2866.8000,1,7,2,2,1,1,2,1,10,6
SF,IH2006,2020-06-17 10:11:48.200,2865.8000,19330,0,5085891480.000,0,-,-,-,-,2865.6000,2865.4000,2865.2000,2865.0000,2864.8000,2866.2000,2866.4000,2866.6000,2866.8000,2867.0000,1,7,2,2,1,2,1,10,6,2
SF,IH2006,2020-06-17 10:11:48.700,2865.8000,19330,0,5085891480.000,0,-,-,-,-,2865.8000,2865.6000,2865.4000,2865.2000,2865.0000,2866.2000,2866.4000,2866.6000,2866.8000,2867.0000,3,1,7,2,2,1,1,10,6,2
SF,IH2006,2020-06-17 10:11:49.200,2865.8000,19330,0,5087611080.000,2,1,1,空换,B,2865.8000,2865.6000,2865.4000,2865.2000,2865.0000,2866.4000,2866.6000,2866.8000,2867.0000,2867.2000,2,1,7,2,2,1,10,6,2,1
SF,IH2006,2020-06-17 10:11:49.700,2865.8000,19330,0,5087611080.000,0,-,-,-,-,2865.8000,2865.6000,2865.4000,2865.2000,2865.0000,2866.0000,2866.2000,2866.4000,2866.6000,2866.8000,2,1,7,2,2,1,1,1,9,6
SF,IH2006,2020-06-17 10:11:50.200,2866.0000,19331,1,5088470880.000,1,1,0,双开,B,2865.8000,2865.6000,2865.4000,2865.2000,2865.0000,2866.2000,2866.4000,2866.6000,2866.8000,2867.0000,2,1,7,2,2,1,1,9,6,2
SF,IH2006,2020-06-17 10:11:50.700,2866.0000,19331,0,5088470880.000,0,-,-,-,-,2865.8000,2865.6000,2865.4000,2865.2000,2865.0000,2866.4000,2866.6000,2866.8000,2867.0000,2867.2000,2,1,7,2,2,1,9,6,2,1
SF,IH2006,2020-06-17 10:11:52.200,2866.0000,19331,0,5088470880.000,0,-,-,-,-,2865.8000,2865.6000,2865.4000,2865.2000,2865.0000,2866.2000,2866.4000,2866.6000,2866.8000,2867.0000,2,1,7,2,2,1,1,9,6,2
SF,IH2006,2020-06-17 10:11:52.700,2866.0000,19331,0,5088470880.000,0,-,-,-,-,2865.8000,2865.6000,2865.4000,2865.2000,2865.0000,2866.2000,2866.4000,2866.6000,2866.8000,2867.0000,2,1,7,2,2,2,1,9,6,2
SF,IH2006,2020-06-17 10:11:53.200,2866.0000,19331,0,5088470880.000,0,-,-,-,-,2865.8000,2865.6000,2865.4000,2865.2000,2865.0000,2866.0000,2866.2000,2866.4000,2866.6000,2866.8000,2,1,7,2,2,1,2,1,9,6
SF,IH2006,2020-06-17 10:11:53.700,2866.0000,19331,0,5088470880.000,0,-,-,-,-,2865.8000,2865.6000,2865.4000,2865.2000,2865.0000,2866.0000,2866.2000,2866.4000,2866.6000,2866.8000,2,1,7,2,2,1,2,1,9,6
SF,IH2006,2020-06-17 10:11:54.200,2866.0000,19331,0,5089330680.000,1,0,1,空换,B,2865.8000,2865.6000,2865.4000,2865.2000,2865.0000,2866.2000,2866.4000,2866.6000,2866.8000,2867.0000,2,1,7,2,2,2,1,9,6,2
SF,IH2006,2020-06-17 10:11:55.200,2866.0000,19331,0,5089330680.000,0,-,-,-,-,2865.8000,2865.6000,2865.4000,2865.2000,2865.0000,2866.2000,2866.4000,2866.6000,2866.8000,2867.0000,2,1,7,2,2,2,1,9,6,2
SF,IH2006,2020-06-17 10:11:56.200,2866.0000,19331,0,5089330680.000,0,-,-,-,-,2865.6000,2865.4000,2865.2000,2865.0000,2864.8000,2866.2000,2866.4000,2866.6000,2866.8000,2867.0000,1,7,2,2,1,2,1,9,6,2
SF,IH2006,2020-06-17 10:11:56.700,2866.0000,19331,0,5089330680.000,0,-,-,-,-,2865.6000,2865.4000,2865.2000,2865.0000,2864.8000,2866.2000,2866.4000,2866.6000,2866.8000,2867.0000,1,7,2,2,1,1,1,9,6,2
SF,IH2006,2020-06-17 10:11:57.200,2866.2000,19330,-1,5090190540.000,1,0,1,双平,B,2865.8000,2865.6000,2865.4000,2865.2000,2865.0000,2866.4000,2866.6000,2866.8000,2867.0000,2867.2000,2,1,7,2,2,1,9,6,2,1
SF,IH2006,2020-06-17 10:11:57.700,2866.2000,19330,0,5090190540.000,0,-,-,-,-,2865.8000,2865.6000,2865.4000,2865.2000,2865.0000,2866.4000,2866.6000,2866.8000,2867.0000,2867.2000,2,1,7,2,2,1,10,6,2,1
SF,IH2006,2020-06-17 10:11:58.200,2866.2000,19330,0,5090190540.000,0,-,-,-,-,2866.0000,2865.8000,2865.6000,2865.4000,2865.2000,2866.4000,2866.6000,2866.8000,2867.0000,2867.4000,1,2,1,7,2,1,10,6,2,3
SF,IH2006,2020-06-17 10:11:58.700,2865.8000,19329,-1,5091910080.000,2,0,2,空平,B,2865.8000,2865.6000,2865.4000,2865.2000,2865.0000,2866.0000,2866.4000,2866.6000,2866.8000,2867.0000,1,1,7,2,2,2,1,10,6,2
SF,IH2006,2020-06-17 10:11:59.200,2865.8000,19329,0,5091910080.000,0,-,-,-,-,2865.6000,2865.4000,2865.2000,2865.0000,2864.8000,2866.0000,2866.4000,2866.6000,2866.8000,2867.0000,1,7,2,2,1,1,2,9,6,2
SF,IH2006,2020-06-17 10:11:59.700,2865.8000,19329,0,5091910080.000,0,-,-,-,-,2865.8000,2865.6000,2865.4000,2865.2000,2865.0000,2866.0000,2866.4000,2866.6000,2866.8000,2867.0000,1,1,7,2,2,2,2,9,6,2
SF,IH2006,2020-06-17 10:12:00.700,2865.8000,19329,0,5091910080.000,0,-,-,-,-,2865.8000,2865.6000,2865.4000,2865.2000,2865.0000,2866.0000,2866.4000,2866.6000,2866.8000,2867.0000,1,1,7,2,2,2,2,9,6,2
SF,IH2006,2020-06-17 10:12:01.200,2865.8000,19329,0,5092769820.000,1,0,1,空换,B,2865.6000,2865.4000,2865.2000,2865.0000,2864.8000,2866.0000,2866.4000,2866.6000,2866.8000,2867.0000,1,7,2,2,1,2,2,9,6,2
SF,IH2006,2020-06-17 10:12:03.200,2865.8000,19329,0,5092769820.000,0,-,-,-,-,2865.6000,2865.4000,2865.2000,2865.0000,2864.8000,2866.0000,2866.4000,2866.6000,2866.8000,2867.0000,1,7,2,3,1,2,2,9,6,2
SF,IH2006,2020-06-17 10:12:03.700,2865.8000,19329,0,5092769820.000,0,-,-,-,-,2865.6000,2865.4000,2865.2000,2865.0000,2864.8000,2866.0000,2866.4000,2866.6000,2866.8000,2867.0000,1,7,2,3,1,2,2,9,6,2
SF,IH2006,2020-06-17 10:12:04.200,2865.6000,19330,1,5093629500.000,1,1,0,双开,B,2865.4000,2865.2000,2865.0000,2864.8000,2864.6000,2866.0000,2866.4000,2866.6000,2866.8000,2867.0000,7,2,3,1,4,2,2,9,6,2
SF,IH2006,2020-06-17 10:12:04.700,2865.6000,19330,0,5093629500.000,0,-,-,-,-,2865.4000,2865.2000,2865.0000,2864.8000,2864.6000,2865.8000,2866.0000,2866.4000,2866.6000,2866.8000,7,2,3,1,4,1,2,2,9,6
SF,IH2006,2020-06-17 10:12:05.200,2865.6000,19330,0,5093629500.000,0,-,-,-,-,2865.4000,2865.2000,2865.0000,2864.8000,2864.6000,2866.0000,2866.4000,2866.6000,2866.8000,2867.0000,7,2,3,1,4,2,2,9,6,2
SF,IH2006,2020-06-17 10:12:05.700,2865.6000,19330,0,5093629500.000,0,-,-,-,-,2865.4000,2865.2000,2865.0000,2864.8000,2864.6000,2865.8000,2866.0000,2866.4000,2866.6000,2866.8000,7,1,3,1,4,1,2,2,9,6
SF,IH2006,2020-06-17 10:12:06.200,2865.6000,19330,0,5093629500.000,0,-,-,-,-,2865.4000,2865.2000,2865.0000,2864.8000,2864.6000,2865.8000,2866.0000,2866.4000,2866.6000,2866.8000,7,1,3,1,4,1,2,2,9,6
SF,IH2006,2020-06-17 10:12:07.700,2865.4000,19336,6,5099646840.000,7,6,1,多开,B,2865.2000,2865.0000,2864.8000,2864.6000,2864.4000,2865.6000,2865.8000,2866.0000,2866.4000,2866.6000,1,3,1,4,8,1,4,2,2,9
SF,IH2006,2020-06-17 10:12:08.200,2865.4000,19336,0,5099646840.000,0,-,-,-,-,2865.2000,2865.0000,2864.8000,2864.6000,2864.4000,2865.4000,2865.6000,2865.8000,2866.0000,2866.4000,1,3,1,4,8,1,3,4,2,2
SF,IH2006,2020-06-17 10:12:08.700,2865.4000,19336,0,5099646840.000,0,-,-,-,-,2865.2000,2865.0000,2864.8000,2864.6000,2864.4000,2865.4000,2865.6000,2865.8000,2866.0000,2866.4000,1,3,1,4,8,2,3,4,2,2
SF,IH2006,2020-06-17 10:12:09.700,2865.4000,19335,-1,5100506460.000,1,0,1,双平,B,2865.2000,2865.0000,2864.8000,2864.6000,2864.4000,2865.4000,2865.6000,2865.8000,2866.0000,2866.4000,1,3,1,4,8,1,3,4,2,2
SF,IH2006,2020-06-17 10:12:10.200,2865.4000,19336,1,5101366080.000,1,1,0,双开,B,2865.2000,2865.0000,2864.8000,2864.6000,2864.4000,2865.6000,2865.8000,2866.0000,2866.4000,2866.6000,1,3,1,4,8,3,4,2,2,9
SF,IH2006,2020-06-17 10:12:10.700,2865.4000,19336,0,5101366080.000,0,-,-,-,-,2865.2000,2865.0000,2864.8000,2864.6000,2864.4000,2865.6000,2865.8000,2866.0000,2866.4000,2866.6000,1,3,1,4,8,3,4,2,3,9
SF,IH2006,2020-06-17 10:12:12.200,2865.4000,19336,0,5101366080.000,0,-,-,-,-,2865.2000,2865.0000,2864.8000,2864.6000,2864.4000,2865.6000,2865.8000,2866.0000,2866.4000,2866.6000,1,3,1,4,7,3,4,2,3,9
SF,IH2006,2020-06-17 10:12:12.700,2865.4000,19336,0,5101366080.000,0,-,-,-,-,2865.2000,2865.0000,2864.8000,2864.6000,2864.4000,2865.6000,2865.8000,2866.0000,2866.4000,2866.6000,1,3,1,4,7,2,5,2,3,9
SF,IH2006,2020-06-17 10:12:14.700,2865.4000,19336,0,5101366080.000,0,-,-,-,-,2865.2000,2865.0000,2864.8000,2864.6000,2864.4000,2865.6000,2865.8000,2866.0000,2866.4000,2866.6000,1,3,1,4,7,2,5,2,3,9
SF,IH2006,2020-06-17 10:12:16.200,2865.4000,19336,0,5101366080.000,0,-,-,-,-,2865.2000,2865.0000,2864.8000,2864.6000,2864.4000,2865.6000,2865.8000,2866.0000,2866.4000,2866.6000,1,3,1,4,7,2,5,2,3,9
SF,IH2006,2020-06-17 10:12:18.200,2865.4000,19336,0,5101366080.000,0,-,-,-,-,2865.2000,2865.0000,2864.8000,2864.6000,2864.4000,2865.6000,2865.8000,2866.0000,2866.4000,2866.6000,1,3,1,4,7,1,5,2,3,9
SF,IH2006,2020-06-17 10:12:19.700,2865.4000,19336,0,5101366080.000,0,-,-,-,-,2865.2000,2865.0000,2864.8000,2864.6000,2864.4000,2865.6000,2865.8000,2866.0000,2866.4000,2866.6000,1,2,1,4,7,1,5,2,3,9
SF,IH2006,2020-06-17 10:12:22.200,2865.4000,19336,0,5101366080.000,0,-,-,-,-,2865.2000,2865.0000,2864.8000,2864.6000,2864.4000,2865.6000,2865.8000,2866.0000,2866.4000,2866.6000,1,3,1,4,7,1,5,2,3,9
SF,IH2006,2020-06-17 10:12:23.200,2865.4000,19336,0,5101366080.000,0,-,-,-,-,2865.2000,2865.0000,2864.8000,2864.6000,2864.4000,2865.6000,2865.8000,2866.0000,2866.4000,2866.6000,1,3,1,4,7,1,4,2,3,9
SF,IH2006,2020-06-17 10:12:25.700,2865.4000,19336,0,5101366080.000,0,-,-,-,-,2865.2000,2865.0000,2864.8000,2864.6000,2864.4000,2865.4000,2865.6000,2865.8000,2866.0000,2866.4000,1,3,1,4,7,1,1,4,2,3
SF,IH2006,2020-06-17 10:12:26.200,2865.2000,19336,0,5102225640.000,1,0,1,空换,B,2865.0000,2864.8000,2864.6000,2864.4000,2864.2000,2865.4000,2865.6000,2865.8000,2866.0000,2866.4000,3,1,4,7,3,1,1,4,2,3
SF,IH2006,2020-06-17 10:12:29.700,2865.2000,19336,0,5102225640.000,0,-,-,-,-,2865.0000,2864.8000,2864.6000,2864.4000,2864.2000,2865.4000,2865.6000,2865.8000,2866.0000,2866.4000,3,1,4,7,3,2,1,4,2,3
SF,IH2006,2020-06-17 10:12:33.200,2865.4000,19335,-1,5103944880.000,2,0,2,空平,B,2865.0000,2864.8000,2864.6000,2864.4000,2864.2000,2865.6000,2865.8000,2866.0000,2866.4000,2866.6000,3,1,4,7,3,1,4,2,3,9
SF,IH2006,2020-06-17 10:12:33.700,2865.4000,19335,0,5103944880.000,0,-,-,-,-,2865.2000,2865.0000,2864.8000,2864.6000,2864.4000,2865.6000,2865.8000,2866.0000,2866.4000,2866.6000,1,3,1,4,7,1,4,2,3,9
SF,IH2006,2020-06-17 10:12:34.200,2865.2000,19334,-1,5105664000.000,2,0,2,空平,B,2865.0000,2864.8000,2864.6000,2864.4000,2864.2000,2865.2000,2865.6000,2865.8000,2866.0000,2866.4000,3,1,4,8,3,2,1,4,2,3
SF,IH2006,2020-06-17 10:12:34.700,2865.2000,19334,0,5105664000.000,0,-,-,-,-,2865.0000,2864.8000,2864.6000,2864.4000,2864.2000,2865.6000,2865.8000,2866.0000,2866.4000,2866.6000,3,1,4,8,3,1,4,2,3,9
SF,IH2006,2020-06-17 10:12:35.200,2865.2000,19334,0,5105664000.000,0,-,-,-,-,2865.0000,2864.8000,2864.6000,2864.4000,2864.2000,2865.4000,2865.6000,2865.8000,2866.0000,2866.4000,3,1,4,8,3,4,1,4,2,3
SF,IH2006,2020-06-17 10:12:36.700,2865.0000,19335,1,5108242500.000,3,2,1,多开,B,2864.8000,2864.6000,2864.4000,2864.2000,2864.0000,2865.4000,2865.6000,2865.8000,2866.0000,2866.4000,1,4,8,3,3,4,1,4,2,3
SF,IH2006,2020-06-17 10:12:37.700,2865.0000,19335,0,5108242500.000,0,-,-,-,-,2864.8000,2864.6000,2864.4000,2864.2000,2864.0000,2865.4000,2865.6000,2865.8000,2866.0000,2866.4000,1,4,8,3,3,5,7,4,2,3
SF,IH2006,2020-06-17 10:12:38.200,2865.0000,19335,0,5108242500.000,0,-,-,-,-,2864.8000,2864.6000,2864.4000,2864.2000,2864.0000,2865.0000,2865.4000,2865.6000,2865.8000,2866.0000,1,4,8,3,3,1,5,7,4,2
SF,IH2006,2020-06-17 10:12:38.700,2865.0000,19335,0,5109102000.000,1,0,1,空换,B,2864.8000,2864.6000,2864.4000,2864.2000,2864.0000,2865.4000,2865.6000,2865.8000,2866.0000,2866.4000,1,4,8,3,3,5,7,4,2,3
SF,IH2006,2020-06-17 10:12:39.200,2865.0000,19335,0,5109102000.000,0,-,-,-,-,2864.8000,2864.6000,2864.4000,2864.2000,2864.0000,2865.2000,2865.4000,2865.6000,2865.8000,2866.0000,1,4,8,3,3,1,4,7,5,2
SF,IH2006,2020-06-17 10:12:40.200,2865.2000,19334,-1,5109961560.000,1,0,1,双平,B,2864.8000,2864.6000,2864.4000,2864.2000,2864.0000,2865.4000,2865.6000,2865.8000,2866.0000,2866.4000,1,4,8,3,3,4,7,4,2,3
SF,IH2006,2020-06-17 10:12:40.700,2865.2000,19334,0,5109961560.000,0,-,-,-,-,2864.8000,2864.6000,2864.4000,2864.2000,2864.0000,2865.4000,2865.6000,2865.8000,2866.0000,2866.4000,1,4,8,3,3,2,7,4,2,3
SF,IH2006,2020-06-17 10:12:41.200,2865.2000,19334,0,5109961560.000,0,-,-,-,-,2864.8000,2864.6000,2864.4000,2864.2000,2864.0000,2865.4000,2865.6000,2865.8000,2866.0000,2866.4000,1,4,8,3,3,1,7,4,2,3
SF,IH2006,2020-06-17 10:12:41.700,2865.2000,19334,0,5109961560.000,0,-,-,-,-,2865.0000,2864.8000,2864.6000,2864.4000,2864.2000,2865.4000,2865.6000,2865.8000,2866.0000,2866.4000,1,1,4,8,3,1,7,4,2,3
SF,IH2006,2020-06-17 10:12:42.200,2865.2000,19334,0,5109961560.000,0,-,-,-,-,2865.0000,2864.8000,2864.6000,2864.4000,2864.2000,2865.4000,2865.6000,2865.8000,2866.0000,2866.4000,5,3,4,8,3,1,7,4,2,3
SF,IH2006,2020-06-17 10:12:42.700,2865.2000,19334,0,5109961560.000,0,-,-,-,-,2865.0000,2864.8000,2864.6000,2864.4000,2864.2000,2865.4000,2865.6000,2865.8000,2866.0000,2866.4000,4,1,4,8,3,1,7,4,2,3
SF,IH2006,2020-06-17 10:12:43.200,2865.2000,19334,0,5109961560.000,0,-,-,-,-,2865.2000,2865.0000,2864.8000,2864.6000,2864.4000,2865.4000,2865.6000,2865.8000,2866.0000,2866.4000,1,1,1,4,8,1,7,4,2,3
SF,IH2006,2020-06-17 10:12:43.700,2865.2000,19334,0,5110821120.000,1,0,1,空换,B,2865.0000,2864.8000,2864.6000,2864.4000,2864.2000,2865.4000,2865.6000,2865.8000,2866.0000,2866.4000,1,1,4,8,3,1,7,4,2,3
SF,IH2006,2020-06-17 10:12:44.200,2865.2000,19334,0,5111680680.000,1,0,1,空换,B,2865.0000,2864.8000,2864.6000,2864.4000,2864.2000,2865.4000,2865.6000,2865.8000,2866.0000,2866.4000,1,1,4,8,3,1,7,4,2,3
SF,IH2006,2020-06-17 10:12:44.700,2865.2000,19334,0,5111680680.000,0,-,-,-,-,2865.0000,2864.8000,2864.6000,2864.4000,2864.2000,2865.4000,2865.6000,2865.8000,2866.0000,2866.4000,1,1,4,8,3,2,7,4,2,3
SF,IH2006,2020-06-17 10:12:45.200,2865.2000,19334,0,5111680680.000,0,-,-,-,-,2865.0000,2864.8000,2864.6000,2864.4000,2864.2000,2865.4000,2865.6000,2865.8000,2866.0000,2866.4000,2,1,4,8,3,2,7,4,2,3
SF,IH2006,2020-06-17 10:12:45.700,2865.2000,19334,0,5111680680.000,0,-,-,-,-,2865.0000,2864.8000,2864.6000,2864.4000,2864.2000,2865.4000,2865.6000,2865.8000,2866.0000,2866.4000,2,1,4,8,3,3,7,4,2,3
SF,IH2006,2020-06-17 10:12:46.200,2865.2000,19334,0,5111680680.000,0,-,-,-,-,2865.0000,2864.8000,2864.6000,2864.4000,2864.2000,2865.4000,2865.6000,2865.8000,2866.0000,2866.4000,3,1,4,8,3,3,7,4,2,3
SF,IH2006,2020-06-17 10:12:47.200,2865.2000,19334,0,5111680680.000,0,-,-,-,-,2865.0000,2864.8000,2864.6000,2864.4000,2864.2000,2865.4000,2865.6000,2865.8000,2866.0000,2866.4000,3,1,4,8,3,3,7,12,2,3
SF,IH2006,2020-06-17 10:12:47.700,2865.2000,19334,0,5111680680.000,0,-,-,-,-,2865.0000,2864.8000,2864.6000,2864.4000,2864.2000,2865.4000,2865.6000,2865.8000,2866.0000,2866.4000,2,1,4,8,3,3,7,12,2,3
SF,IH2006,2020-06-17 10:12:48.200,2865.2000,19334,0,5111680680.000,0,-,-,-,-,2865.0000,2864.8000,2864.6000,2864.4000,2864.2000,2865.4000,2865.6000,2865.8000,2866.0000,2866.4000,2,1,4,8,3,4,7,12,2,3
SF,IH2006,2020-06-17 10:12:48.700,2865.2000,19334,0,5111680680.000,0,-,-,-,-,2865.0000,2864.8000,2864.6000,2864.4000,2864.2000,2865.4000,2865.6000,2865.8000,2866.0000,2866.4000,2,1,4,8,3,5,7,12,2,3
SF,IH2006,2020-06-17 10:12:52.700,2865.2000,19334,0,5111680680.000,0,-,-,-,-,2865.0000,2864.8000,2864.6000,2864.4000,2864.2000,2865.4000,2865.6000,2865.8000,2866.0000,2866.4000,2,1,4,8,3,4,7,12,2,3
SF,IH2006,2020-06-17 10:12:56.700,2865.4000,19334,0,5113399920.000,2,1,1,空换,B,2865.0000,2864.8000,2864.6000,2864.4000,2864.2000,2865.4000,2865.6000,2865.8000,2866.0000,2866.4000,2,1,4,8,3,2,7,12,2,3
SF,IH2006,2020-06-17 10:12:59.700,2865.4000,19334,0,5113399920.000,0,-,-,-,-,2865.0000,2864.8000,2864.6000,2864.4000,2864.2000,2865.4000,2865.6000,2865.8000,2866.0000,2866.4000,2,1,4,8,3,3,7,12,2,3
SF,IH2006,2020-06-17 10:13:00.200,2865.0000,19333,-1,5115118920.000,2,0,2,空平,B,2864.8000,2864.6000,2864.4000,2864.2000,2864.0000,2865.2000,2865.4000,2865.6000,2865.8000,2866.0000,1,4,8,3,3,1,3,7,12,2
SF,IH2006,2020-06-17 10:13:00.700,2865.0000,19333,0,5115118920.000,0,-,-,-,-,2864.8000,2864.6000,2864.4000,2864.2000,2864.0000,2865.2000,2865.4000,2865.6000,2865.8000,2866.0000,1,4,8,3,3,1,3,7,12,2
SF,IH2006,2020-06-17 10:13:01.200,2865.0000,19333,0,5115118920.000,0,-,-,-,-,2864.8000,2864.6000,2864.4000,2864.2000,2864.0000,2865.2000,2865.4000,2865.6000,2865.8000,2866.0000,1,4,8,3,3,1,3,7,12,2
SF,IH2006,2020-06-17 10:13:03.700,2865.0000,19333,0,5115118920.000,0,-,-,-,-,2864.8000,2864.6000,2864.4000,2864.2000,2864.0000,2865.2000,2865.4000,2865.6000,2865.8000,2866.0000,1,4,8,3,3,1,3,7,12,8
SF,IH2006,2020-06-17 10:13:04.200,2865.0000,19333,0,5115118920.000,0,-,-,-,-,2865.0000,2864.8000,2864.6000,2864.4000,2864.2000,2865.2000,2865.4000,2865.6000,2865.8000,2866.0000,1,1,4,8,3,1,3,7,12,8
SF,IH2006,2020-06-17 10:13:04.700,2865.0000,19333,0,5115978420.000,1,0,1,空换,B,2864.8000,2864.6000,2864.4000,2864.2000,2864.0000,2865.0000,2865.2000,2865.4000,2865.6000,2865.8000,1,4,8,3,3,3,1,3,7,12
SF,IH2006,2020-06-17 10:13:05.200,2865.0000,19333,0,5115978420.000,0,-,-,-,-,2864.8000,2864.6000,2864.4000,2864.2000,2864.0000,2865.0000,2865.2000,2865.4000,2865.6000,2865.8000,1,4,8,3,3,2,1,3,7,12
SF,IH2006,2020-06-17 10:13:07.700,2865.0000,19333,0,5115978420.000,0,-,-,-,-,2864.8000,2864.6000,2864.4000,2864.2000,2864.0000,2865.0000,2865.2000,2865.4000,2865.6000,2865.8000,1,4,8,3,3,3,1,3,7,12
SF,IH2006,2020-06-17 10:13:08.700,2865.0000,19333,0,5115978420.000,0,-,-,-,-,2864.8000,2864.6000,2864.4000,2864.2000,2864.0000,2865.0000,2865.2000,2865.4000,2865.6000,2865.8000,1,4,8,3,3,2,1,3,7,12
SF,IH2006,2020-06-17 10:13:09.700,2865.0000,19332,-1,5116837920.000,1,0,1,双平,B,2864.8000,2864.6000,2864.4000,2864.2000,2864.0000,2865.0000,2865.2000,2865.4000,2865.6000,2865.8000,1,4,8,3,3,1,1,3,7,12
SF,IH2006,2020-06-17 10:13:11.700,2865.0000,19332,0,5116837920.000,0,-,-,-,-,2864.8000,2864.6000,2864.4000,2864.2000,2864.0000,2865.0000,2865.2000,2865.4000,2865.6000,2865.8000,1,4,8,4,3,1,1,3,7,12
SF,IH2006,2020-06-17 10:13:12.200,2865.0000,19332,0,5116837920.000,0,-,-,-,-,2864.8000,2864.6000,2864.4000,2864.2000,2864.0000,2865.0000,2865.2000,2865.4000,2865.6000,2865.8000,1,4,8,4,3,1,1,3,7,11
SF,IH2006,2020-06-17 10:13:13.200,2865.0000,19332,0,5116837920.000,0,-,-,-,-,2864.8000,2864.6000,2864.4000,2864.2000,2864.0000,2865.0000,2865.2000,2865.4000,2865.6000,2865.8000,1,4,8,4,3,1,1,3,7,11
SF,IH2006,2020-06-17 10:13:14.700,2865.0000,19332,0,5116837920.000,0,-,-,-,-,2864.8000,2864.6000,2864.4000,2864.2000,2864.0000,2865.0000,2865.2000,2865.4000,2865.6000,2865.8000,1,4,8,4,3,2,1,3,7,11
SF,IH2006,2020-06-17 10:13:16.200,2865.0000,19332,0,5117697420.000,1,0,1,空换,B,2864.8000,2864.6000,2864.4000,2864.2000,2864.0000,2865.0000,2865.2000,2865.4000,2865.6000,2865.8000,1,4,8,4,3,1,1,3,7,11
SF,IH2006,2020-06-17 10:13:16.700,2865.0000,19332,0,5118556920.000,1,0,1,空换,B,2865.0000,2864.8000,2864.6000,2864.4000,2864.2000,2865.2000,2865.4000,2865.6000,2865.8000,2866.0000,1,1,4,8,4,1,3,7,11,2
SF,IH2006,2020-06-17 10:13:17.200,2865.0000,19331,-1,5119416420.000,1,0,1,双平,B,2865.2000,2865.0000,2864.8000,2864.6000,2864.4000,2865.4000,2865.6000,2865.8000,2866.0000,2866.4000,4,2,2,4,8,3,7,11,2,3
SF,IH2006,2020-06-17 10:13:17.700,2865.2000,19330,-1,5122854840.000,4,1,3,空平,B,2865.0000,2864.8000,2864.6000,2864.4000,2864.2000,2865.2000,2865.6000,2865.8000,2866.0000,2866.4000,2,2,4,8,4,2,7,11,2,3
SF,IH2006,2020-06-17 10:13:18.200,2865.2000,19328,-2,5124573960.000,2,0,2,双平,B,2865.4000,2865.2000,2864.8000,2864.6000,2864.4000,2865.6000,2865.8000,2866.0000,2866.4000,2866.6000,7,15,2,4,8,7,11,2,3,8
SF,IH2006,2020-06-17 10:13:18.700,2865.2000,19327,-1,5125433520.000,1,0,1,双平,B,2865.0000,2864.8000,2864.6000,2864.4000,2864.2000,2865.4000,2865.6000,2865.8000,2866.0000,2866.4000,1,2,4,8,4,1,7,10,2,3
SF,IH2006,2020-06-17 10:13:19.200,2865.2000,19327,0,5125433520.000,0,-,-,-,-,2865.0000,2864.8000,2864.6000,2864.4000,2864.2000,2865.2000,2865.4000,2865.6000,2865.8000,2866.0000,1,2,4,8,4,6,1,7,10,2
SF,IH2006,2020-06-17 10:13:19.700,2865.2000,19327,0,5125433520.000,0,-,-,-,-,2865.0000,2864.8000,2864.6000,2864.4000,2864.2000,2865.2000,2865.4000,2865.6000,2865.8000,2866.0000,2,2,4,8,4,6,1,7,9,2
SF,IH2006,2020-06-17 10:13:20.200,2865.2000,19329,2,5127152640.000,2,2,0,双开,B,2865.0000,2864.8000,2864.6000,2864.4000,2864.2000,2865.2000,2865.4000,2865.6000,2865.8000,2866.0000,2,2,3,8,4,4,1,7,9,2
SF,IH2006,2020-06-17 10:13:20.700,2865.2000,19330,1,5128012200.000,1,1,0,双开,B,2865.0000,2864.8000,2864.6000,2864.4000,2864.2000,2865.2000,2865.4000,2865.6000,2865.8000,2866.0000,2,2,3,8,4,3,1,7,9,2
SF,IH2006,2020-06-17 10:13:21.200,2865.0000,19329,-1,5129731200.000,2,0,2,空平,B,2864.8000,2864.6000,2864.4000,2864.2000,2864.0000,2865.2000,2865.4000,2865.6000,2865.8000,2866.0000,1,3,8,4,3,3,1,7,9,2
SF,IH2006,2020-06-17 10:13:24.700,2865.0000,19329,0,5129731200.000,0,-,-,-,-,2865.0000,2864.8000,2864.6000,2864.4000,2864.2000,2865.2000,2865.4000,2865.6000,2865.8000,2866.0000,1,1,3,8,4,3,1,7,9,2
SF,IH2006,2020-06-17 10:13:25.200,2865.0000,19329,0,5129731200.000,0,-,-,-,-,2864.8000,2864.6000,2864.4000,2864.2000,2864.0000,2865.2000,2865.4000,2865.6000,2865.8000,2866.0000,1,3,9,4,3,3,1,7,9,2
SF,IH2006,2020-06-17 10:13:25.700,2865.2000,19329,0,5132309880.000,3,1,2,空换,B,2865.2000,2865.0000,2864.8000,2864.6000,2864.4000,2865.4000,2865.6000,2865.8000,2866.0000,2866.4000,4,1,1,3,9,1,7,9,2,3
SF,IH2006,2020-06-17 10:13:26.200,2865.2000,19329,0,5132309880.000,0,-,-,-,-,2865.0000,2864.8000,2864.6000,2864.4000,2864.2000,2865.4000,2865.6000,2865.8000,2866.0000,2866.4000,1,2,3,9,4,1,7,9,2,3
SF,IH2006,2020-06-17 10:13:26.700,2865.2000,19329,0,5132309880.000,0,-,-,-,-,2865.2000,2864.8000,2864.6000,2864.4000,2864.2000,2865.4000,2865.6000,2865.8000,2866.0000,2866.4000,1,2,3,9,4,1,7,9,2,3
SF,IH2006,2020-06-17 10:13:27.200,2865.2000,19329,0,5132309880.000,0,-,-,-,-,2865.2000,2865.0000,2864.8000,2864.6000,2864.4000,2865.4000,2865.6000,2865.8000,2866.0000,2866.4000,1,1,2,3,9,1,7,9,2,3
SF,IH2006,2020-06-17 10:13:27.700,2865.2000,19329,0,5133169440.000,1,0,1,空换,B,2865.0000,2864.8000,2864.6000,2864.4000,2864.2000,2865.4000,2865.6000,2865.8000,2866.0000,2866.4000,1,2,3,9,4,1,7,9,2,3
SF,IH2006,2020-06-17 10:13:28.200,2865.2000,19329,0,5133169440.000,0,-,-,-,-,2865.2000,2864.8000,2864.6000,2864.4000,2864.2000,2865.4000,2865.6000,2865.8000,2866.0000,2866.4000,1,2,3,9,4,1,7,9,2,3
SF,IH2006,2020-06-17 10:13:28.700,2865.2000,19328,-1,5134029000.000,1,0,1,双平,B,2864.8000,2864.6000,2864.4000,2864.2000,2864.0000,2865.4000,2865.6000,2865.8000,2866.0000,2866.4000,2,3,9,4,3,2,7,9,2,3
SF,IH2006,2020-06-17 10:13:29.200,2865.2000,19328,0,5134029000.000,0,-,-,-,-,2865.0000,2864.8000,2864.6000,2864.4000,2864.2000,2865.4000,2865.6000,2865.8000,2866.0000,2866.4000,1,2,3,9,4,2,7,9,2,3
SF,IH2006,2020-06-17 10:13:31.700,2865.2000,19328,0,5134029000.000,0,-,-,-,-,2865.2000,2865.0000,2864.8000,2864.6000,2864.4000,2865.4000,2865.6000,2865.8000,2866.0000,2866.4000,1,1,2,3,9,2,7,9,2,3
SF,IH2006,2020-06-17 10:13:32.200,2865.4000,19328,0,5135748180.000,2,1,1,空换,B,2864.8000,2864.6000,2864.4000,2864.2000,2864.0000,2865.4000,2865.6000,2865.8000,2866.0000,2866.4000,2,3,9,4,3,1,7,9,2,3
SF,IH2006,2020-06-17 10:13:33.200,2865.4000,19328,0,5135748180.000,0,-,-,-,-,2865.0000,2864.8000,2864.6000,2864.4000,2864.2000,2865.4000,2865.6000,2865.8000,2866.0000,2866.4000,1,2,3,9,4,1,7,9,2,3
SF,IH2006,2020-06-17 10:13:34.200,2865.4000,19328,0,5135748180.000,0,-,-,-,-,2865.2000,2865.0000,2864.8000,2864.6000,2864.4000,2865.4000,2865.6000,2865.8000,2866.0000,2866.4000,1,1,2,3,9,1,7,9,2,3
SF,IH2006,2020-06-17 10:13:35.200,2865.4000,19328,0,5135748180.000,0,-,-,-,-,2865.2000,2865.0000,2864.8000,2864.6000,2864.4000,2865.4000,2865.6000,2865.8000,2866.0000,2866.4000,1,1,2,3,9,2,7,9,2,3
SF,IH2006,2020-06-17 10:13:35.700,2865.4000,19328,0,5135748180.000,0,-,-,-,-,2865.2000,2865.0000,2864.8000,2864.6000,2864.4000,2865.4000,2865.6000,2865.8000,2866.0000,2866.4000,1,2,2,3,9,2,7,9,2,3
SF,IH2006,2020-06-17 10:13:36.700,2865.4000,19326,-2,5137467420.000,2,0,2,双平,B,2865.2000,2865.0000,2864.8000,2864.6000,2864.4000,2865.4000,2865.6000,2865.8000,2866.0000,2866.4000,1,2,2,3,9,2,7,9,2,3
SF,IH2006,2020-06-17 10:13:38.700,2865.4000,19326,0,5137467420.000,0,-,-,-,-,2865.2000,2865.0000,2864.8000,2864.6000,2864.4000,2865.4000,2865.6000,2865.8000,2866.0000,2866.4000,2,2,2,3,9,2,7,9,2,3
SF,IH2006,2020-06-17 10:13:39.200,2865.4000,19326,0,5137467420.000,0,-,-,-,-,2865.2000,2865.0000,2864.8000,2864.6000,2864.4000,2865.4000,2865.6000,2865.8000,2866.0000,2866.4000,2,2,2,3,9,2,7,9,2,3
SF,IH2006,2020-06-17 10:13:40.700,2865.2000,19325,-1,5138326980.000,1,0,1,双平,B,2865.2000,2865.0000,2864.8000,2864.6000,2864.4000,2865.4000,2865.6000,2865.8000,2866.0000,2866.4000,1,2,2,3,9,2,7,9,2,3
SF,IH2006,2020-06-17 10:13:41.200,2865.2000,19325,0,5139186540.000,1,0,1,空换,B,2865.0000,2864.8000,2864.6000,2864.4000,2864.2000,2865.2000,2865.4000,2865.6000,2865.8000,2866.0000,2,2,3,9,4,2,2,7,9,2
SF,IH2006,2020-06-17 10:13:41.700,2865.2000,19324,-1,5140046100.000,1,0,1,双平,B,2865.0000,2864.8000,2864.6000,2864.4000,2864.2000,2865.2000,2865.4000,2865.6000,2865.8000,2866.0000,2,2,3,9,4,1,2,7,9,2
SF,IH2006,2020-06-17 10:13:42.700,2865.0000,19326,2,5141765100.000,2,2,0,双开,B,2864.8000,2864.6000,2864.4000,2864.2000,2864.0000,2865.0000,2865.2000,2865.4000,2865.6000,2865.8000,2,3,9,4,3,1,1,2,7,9
SF,IH2006,2020-06-17 10:13:43.200,2864.8000,19326,0,5142624540.000,1,0,1,空换,B,2864.8000,2864.6000,2864.4000,2864.2000,2864.0000,2865.0000,2865.2000,2865.4000,2865.6000,2865.8000,1,3,9,4,3,1,1,2,7,9
SF,IH2006,2020-06-17 10:13:43.700,2864.8000,19326,0,5143483980.000,1,0,1,空换,B,2864.6000,2864.4000,2864.2000,2864.0000,2863.8000,2865.0000,2865.2000,2865.4000,2865.6000,2865.8000,3,9,4,3,1,1,1,2,7,9
SF,IH2006,2020-06-17 10:13:44.200,2864.8000,19326,0,5143483980.000,0,-,-,-,-,2864.6000,2864.4000,2864.2000,2864.0000,2863.8000,2864.8000,2865.0000,2865.2000,2865.4000,2865.6000,3,9,4,3,1,1,1,2,2,7
SF,IH2006,2020-06-17 10:13:44.700,2864.8000,19328,2,5146921560.000,4,3,1,多开,B,2864.4000,2864.2000,2864.0000,2863.8000,2863.6000,2864.8000,2865.0000,2865.2000,2865.4000,2865.6000,9,4,3,1,2,1,1,2,2,7
SF,IH2006,2020-06-17 10:13:45.200,2864.8000,19328,0,5146921560.000,0,-,-,-,-,2864.4000,2864.2000,2864.0000,2863.8000,2863.6000,2864.6000,2864.8000,2865.0000,2865.2000,2865.4000,9,4,3,1,2,2,1,1,2,2
SF,IH2006,2020-06-17 10:13:45.700,2864.8000,19328,0,5146921560.000,0,-,-,-,-,2864.4000,2864.2000,2864.0000,2863.8000,2863.6000,2864.6000,2864.8000,2865.0000,2865.2000,2865.4000,9,4,3,1,2,2,1,1,2,2
SF,IH2006,2020-06-17 10:13:46.700,2864.8000,19328,0,5147781000.000,1,0,1,空换,B,2864.4000,2864.2000,2864.0000,2863.8000,2863.6000,2864.8000,2865.0000,2865.2000,2865.4000,2865.6000,9,4,3,1,2,1,2,2,2,7
SF,IH2006,2020-06-17 10:13:47.200,2864.4000,19328,0,5148640320.000,1,0,1,空换,B,2864.4000,2864.2000,2864.0000,2863.8000,2863.6000,2864.8000,2865.0000,2865.2000,2865.4000,2865.6000,2,4,3,1,2,1,2,2,2,7
SF,IH2006,2020-06-17 10:13:47.700,2864.8000,19325,-3,5152077720.000,4,0,4,空平,B,2864.2000,2864.0000,2863.8000,2863.6000,2863.4000,2865.0000,2865.2000,2865.4000,2865.6000,2865.8000,4,3,1,2,3,2,2,2,7,9
SF,IH2006,2020-06-17 10:13:48.200,2864.8000,19325,0,5152077720.000,0,-,-,-,-,2864.2000,2864.0000,2863.8000,2863.6000,2863.4000,2864.4000,2864.8000,2865.0000,2865.2000,2865.4000,4,3,1,2,3,1,6,2,2,2
SF,IH2006,2020-06-17 10:13:48.700,2864.4000,19323,-2,5154655560.000,3,0,3,空平,B,2864.4000,2864.2000,2864.0000,2863.8000,2863.6000,2864.8000,2865.0000,2865.2000,2865.4000,2865.6000,2,2,3,1,2,6,2,2,2,7
SF,IH2006,2020-06-17 10:13:49.200,2864.8000,19323,0,5155515000.000,1,0,1,空换,B,2864.4000,2864.2000,2864.0000,2863.8000,2863.6000,2864.8000,2865.0000,2865.2000,2865.4000,2865.6000,2,2,3,1,2,5,3,2,2,7
SF,IH2006,2020-06-17 10:13:49.700,2864.8000,19323,0,5155515000.000,0,-,-,-,-,2864.6000,2864.4000,2864.2000,2864.0000,2863.8000,2864.8000,2865.0000,2865.2000,2865.4000,2865.6000,2,3,2,3,1,4,3,2,2,7
SF,IH2006,2020-06-17 10:13:50.200,2864.6000,19317,-6,5166687780.000,13,3,10,空平,B,2864.4000,2864.2000,2864.0000,2863.8000,2863.6000,2865.0000,2865.2000,2865.4000,2865.6000,2865.8000,3,2,3,1,2,1,2,2,7,9
SF,IH2006,2020-06-17 10:13:50.700,2865.2000,19315,-2,5169266400.000,3,0,3,空平,B,2865.2000,2865.0000,2864.8000,2864.6000,2864.4000,2865.4000,2865.6000,2865.8000,2866.0000,2866.4000,2,19,6,5,3,2,7,9,2,3
SF,IH2006,2020-06-17 10:13:51.200,2865.6000,19313,-2,5173564560.000,5,1,4,空平,B,2865.0000,2864.8000,2864.6000,2864.4000,2864.2000,2865.6000,2865.8000,2866.0000,2866.4000,2866.6000,2,1,4,4,2,5,9,2,3,6
SF,IH2006,2020-06-17 10:13:51.700,2865.2000,19312,-1,5175283680.000,2,0,2,空平,B,2865.2000,2865.0000,2864.8000,2864.6000,2864.4000,2865.6000,2865.8000,2866.0000,2866.4000,2866.6000,1,2,1,3,4,5,9,2,3,6
SF,IH2006,2020-06-17 10:13:52.200,2865.2000,19310,-2,5177002800.000,2,0,2,双平,B,2864.8000,2864.6000,2864.4000,2864.2000,2864.0000,2865.0000,2865.2000,2865.6000,2865.8000,2866.0000,1,3,4,2,3,1,3,5,9,2
SF,IH2006,2020-06-17 10:13:52.700,2865.2000,19310,0,5177002800.000,0,-,-,-,-,2864.8000,2864.6000,2864.4000,2864.2000,2864.0000,2865.0000,2865.2000,2865.6000,2865.8000,2866.0000,1,3,4,2,3,1,2,5,9,2
SF,IH2006,2020-06-17 10:13:53.700,2865.2000,19310,0,5177002800.000,0,-,-,-,-,2864.6000,2864.4000,2864.2000,2864.0000,2863.8000,2865.0000,2865.2000,2865.6000,2865.8000,2866.0000,3,3,2,3,1,1,2,5,9,2
SF,IH2006,2020-06-17 10:13:54.200,2865.2000,19310,0,5177002800.000,0,-,-,-,-,2864.6000,2864.4000,2864.2000,2864.0000,2863.8000,2864.8000,2865.0000,2865.2000,2865.6000,2865.8000,2,3,2,3,1,1,1,2,5,9
SF,IH2006,2020-06-17 10:13:55.200,2864.6000,19309,-1,5177862180.000,1,0,1,双平,B,2864.6000,2864.4000,2864.2000,2864.0000,2863.8000,2864.8000,2865.0000,2865.2000,2865.6000,2865.8000,1,3,2,3,1,1,1,2,5,9
SF,IH2006,2020-06-17 10:13:55.700,2864.6000,19309,0,5177862180.000,0,-,-,-,-,2864.4000,2864.2000,2864.0000,2863.8000,2863.6000,2864.8000,2865.0000,2865.2000,2865.6000,2865.8000,3,2,3,1,2,1,1,2,5,9
SF,IH2006,2020-06-17 10:13:56.200,2864.8000,19308,-1,5178721620.000,1,0,1,双平,B,2864.4000,2864.2000,2864.0000,2863.8000,2863.6000,2865.0000,2865.2000,2865.6000,2865.8000,2866.0000,2,2,3,1,2,1,2,5,9,2
SF,IH2006,2020-06-17 10:13:56.700,2864.8000,19308,0,5179581060.000,1,0,1,空换,B,2864.4000,2864.2000,2864.0000,2863.8000,2863.6000,2865.0000,2865.2000,2865.6000,2865.8000,2866.0000,2,2,3,1,2,1,1,5,9,2
SF,IH2006,2020-06-17 10:13:57.700,2864.4000,19309,1,5180440380.000,1,1,0,双开,B,2864.4000,2864.2000,2864.0000,2863.8000,2863.6000,2865.0000,2865.2000,2865.6000,2865.8000,2866.0000,1,2,3,1,2,1,1,5,9,2
SF,IH2006,2020-06-17 10:13:58.200,2864.8000,19308,-1,5182159260.000,2,0,2,空平,B,2864.4000,2864.2000,2864.0000,2863.8000,2863.6000,2865.0000,2865.2000,2865.6000,2865.8000,2866.0000,1,2,3,1,2,1,1,5,9,2
SF,IH2006,2020-06-17 10:13:58.700,2864.8000,19308,0,5182159260.000,0,-,-,-,-,2864.6000,2864.4000,2864.2000,2864.0000,2863.8000,2865.0000,2865.2000,2865.6000,2865.8000,2866.0000,1,1,2,3,1,1,1,5,9,2
SF,IH2006,2020-06-17 10:13:59.200,2864.8000,19307,-1,5183018700.000,1,0,1,双平,B,2864.6000,2864.4000,2864.2000,2864.0000,2863.8000,2865.0000,2865.2000,2865.6000,2865.8000,2866.0000,1,1,2,3,1,1,1,5,9,2
SF,IH2006,2020-06-17 10:13:59.700,2864.6000,19306,-1,5183878080.000,1,0,1,双平,B,2864.4000,2864.2000,2864.0000,2863.8000,2863.6000,2865.0000,2865.2000,2865.6000,2865.8000,2866.0000,1,2,3,1,2,1,1,5,9,2
SF,IH2006,2020-06-17 10:14:00.200,2864.4000,19305,-1,5184737400.000,1,0,1,双平,B,2864.4000,2864.2000,2864.0000,2863.8000,2863.6000,2865.6000,2865.8000,2866.0000,2866.4000,2866.6000,1,2,3,1,2,5,9,2,3,6
SF,IH2006,2020-06-17 10:14:00.700,2864.4000,19305,0,5184737400.000,0,-,-,-,-,2864.6000,2864.4000,2864.2000,2864.0000,2863.8000,2865.0000,2865.2000,2865.4000,2865.6000,2865.8000,2,1,2,3,1,1,2,10,9,9
SF,IH2006,2020-06-17 10:14:01.200,2864.6000,19305,0,5185596780.000,1,0,1,空换,B,2864.4000,2864.2000,2864.0000,2863.8000,2863.6000,2864.6000,2865.0000,2865.4000,2865.6000,2865.8000,1,2,3,1,2,1,1,9,9,9
SF,IH2006,2020-06-17 10:14:01.700,2864.6000,19303,-2,5188174860.000,3,0,3,空平,B,2864.8000,2864.2000,2864.0000,2863.8000,2863.6000,2865.4000,2865.6000,2865.8000,2866.0000,2866.4000,1,2,3,1,2,8,9,9,2,3
SF,IH2006,2020-06-17 10:14:02.200,2864.8000,19303,0,5189893740.000,2,1,1,空换,B,2864.2000,2864.0000,2863.8000,2863.6000,2863.4000,2864.6000,2864.8000,2865.0000,2865.2000,2865.4000,2,2,1,2,3,10,20,1,5,6
SF,IH2006,2020-06-17 10:14:02.700,2864.8000,19303,0,5190753180.000,1,0,1,空换,B,2864.2000,2864.0000,2863.8000,2863.6000,2863.4000,2864.6000,2864.8000,2865.2000,2865.4000,2865.6000,2,2,1,2,3,1,1,4,8,6
SF,IH2006,2020-06-17 10:14:03.200,2864.8000,19303,0,5191612620.000,1,0,1,空换,B,2864.4000,2864.2000,2864.0000,2863.8000,2863.6000,2864.8000,2865.2000,2865.4000,2865.6000,2865.8000,1,2,2,1,2,1,3,8,6,9
SF,IH2006,2020-06-17 10:14:03.700,2864.8000,19303,0,5192472060.000,1,0,1,空换,B,2864.4000,2864.2000,2864.0000,2863.8000,2863.6000,2865.2000,2865.4000,2865.6000,2865.8000,2866.0000,1,2,2,1,2,3,8,6,9,2
SF,IH2006,2020-06-17 10:14:04.200,2864.8000,19303,0,5192472060.000,0,-,-,-,-,2864.6000,2864.4000,2864.2000,2864.0000,2863.8000,2865.0000,2865.2000,2865.4000,2865.6000,2865.8000,2,1,2,2,1,1,3,7,6,9
SF,IH2006,2020-06-17 10:14:04.700,2864.8000,19303,0,5192472060.000,0,-,-,-,-,2864.6000,2864.4000,2864.2000,2864.0000,2863.8000,2865.0000,2865.2000,2865.4000,2865.6000,2865.8000,1,1,2,2,1,1,5,6,6,9
SF,IH2006,2020-06-17 10:14:05.200,2864.6000,19304,1,5193331440.000,1,1,0,双开,B,2864.4000,2864.2000,2864.0000,2863.8000,2863.6000,2864.6000,2865.0000,2865.2000,2865.4000,2865.6000,1,2,2,1,2,1,2,4,6,6
SF,IH2006,2020-06-17 10:14:05.700,2864.6000,19304,0,5193331440.000,0,-,-,-,-,2864.4000,2864.2000,2864.0000,2863.8000,2863.6000,2865.0000,2865.2000,2865.4000,2865.6000,2865.8000,1,2,2,1,2,2,4,6,6,9
SF,IH2006,2020-06-17 10:14:06.200,2864.6000,19304,0,5193331440.000,0,-,-,-,-,2864.4000,2864.2000,2864.0000,2863.8000,2863.6000,2865.0000,2865.2000,2865.4000,2865.6000,2865.8000,3,2,2,1,2,2,4,6,6,9
SF,IH2006,2020-06-17 10:14:06.700,2864.6000,19304,0,5193331440.000,0,-,-,-,-,2864.4000,2864.2000,2864.0000,2863.8000,2863.6000,2864.8000,2865.0000,2865.2000,2865.4000,2865.6000,3,2,2,1,2,1,6,3,6,6
SF,IH2006,2020-06-17 10:14:07.200,2864.8000,19305,1,5194190880.000,1,1,0,双开,B,2864.4000,2864.2000,2864.0000,2863.8000,2863.6000,2865.0000,2865.2000,2865.4000,2865.6000,2865.8000,3,3,2,1,2,6,3,5,6,9
SF,IH2006,2020-06-17 10:14:08.200,2864.8000,19305,0,5194190880.000,0,-,-,-,-,2864.4000,2864.2000,2864.0000,2863.8000,2863.6000,2865.0000,2865.2000,2865.4000,2865.6000,2865.8000,4,3,2,1,2,4,3,5,6,9
SF,IH2006,2020-06-17 10:14:08.700,2864.8000,19305,0,5194190880.000,0,-,-,-,-,2864.4000,2864.2000,2864.0000,2863.8000,2863.6000,2865.0000,2865.2000,2865.4000,2865.6000,2865.8000,4,3,2,1,2,6,3,5,6,9
SF,IH2006,2020-06-17 10:14:09.200,2864.8000,19305,0,5194190880.000,0,-,-,-,-,2864.6000,2864.4000,2864.2000,2864.0000,2863.8000,2865.0000,2865.2000,2865.4000,2865.6000,2865.8000,1,4,3,2,1,4,3,5,6,9
SF,IH2006,2020-06-17 10:14:09.700,2864.8000,19305,0,5194190880.000,0,-,-,-,-,2864.6000,2864.4000,2864.2000,2864.0000,2863.8000,2865.0000,2865.2000,2865.4000,2865.6000,2865.8000,2,4,3,2,1,3,1,4,6,9
SF,IH2006,2020-06-17 10:14:10.700,2865.0000,19305,0,5196769380.000,3,1,2,空换,B,2864.8000,2864.6000,2864.4000,2864.2000,2864.0000,2865.4000,2865.6000,2865.8000,2866.0000,2866.4000,4,1,4,3,2,4,6,9,2,3
SF,IH2006,2020-06-17 10:14:11.200,2865.0000,19305,0,5196769380.000,0,-,-,-,-,2865.0000,2864.8000,2864.6000,2864.4000,2864.2000,2865.4000,2865.6000,2865.8000,2866.0000,2866.4000,2,3,1,4,3,1,5,9,2,3
SF,IH2006,2020-06-17 10:14:11.700,2865.0000,19305,0,5196769380.000,0,-,-,-,-,2865.0000,2864.8000,2864.6000,2864.4000,2864.2000,2865.4000,2865.6000,2865.8000,2866.0000,2866.4000,2,3,1,4,3,2,5,9,2,3
SF,IH2006,2020-06-17 10:14:12.700,2865.4000,19305,0,5197629000.000,1,0,1,空换,B,2865.0000,2864.8000,2864.6000,2864.4000,2864.2000,2865.4000,2865.6000,2865.8000,2866.0000,2866.4000,2,3,1,4,3,1,5,9,2,2
SF,IH2006,2020-06-17 10:14:13.200,2865.4000,19305,0,5197629000.000,0,-,-,-,-,2865.0000,2864.8000,2864.6000,2864.4000,2864.2000,2865.4000,2865.6000,2865.8000,2866.0000,2866.4000,2,2,1,4,3,1,5,9,2,2
SF,IH2006,2020-06-17 10:14:13.700,2865.4000,19305,0,5197629000.000,0,-,-,-,-,2865.0000,2864.8000,2864.6000,2864.4000,2864.2000,2865.4000,2865.6000,2865.8000,2866.0000,2866.4000,2,1,1,4,3,1,5,9,2,2
SF,IH2006,2020-06-17 10:14:14.200,2865.4000,19305,0,5197629000.000,0,-,-,-,-,2865.2000,2865.0000,2864.8000,2864.6000,2864.4000,2865.4000,2865.6000,2865.8000,2866.0000,2866.2000,1,1,1,1,3,1,5,9,2,1
SF,IH2006,2020-06-17 10:14:14.700,2865.4000,19305,0,5197629000.000,0,-,-,-,-,2865.2000,2865.0000,2864.8000,2864.6000,2864.4000,2865.4000,2865.6000,2865.8000,2866.0000,2866.2000,1,1,1,1,3,2,5,9,2,1
SF,IH2006,2020-06-17 10:14:15.200,2865.2000,19305,0,5198488560.000,1,0,1,空换,B,2865.0000,2864.8000,2864.6000,2864.4000,2864.2000,2865.2000,2865.4000,2865.6000,2865.8000,2866.0000,1,1,1,3,3,9,2,5,9,2
SF,IH2006,2020-06-17 10:14:15.700,2865.0000,19304,-1,5199348060.000,1,0,1,双平,B,2864.8000,2864.6000,2864.4000,2864.2000,2864.0000,2865.0000,2865.2000,2865.4000,2865.6000,2865.8000,1,1,3,3,2,5,5,2,5,9
SF,IH2006,2020-06-17 10:14:16.200,2865.0000,19304,0,5199348060.000,0,-,-,-,-,2864.8000,2864.6000,2864.4000,2864.2000,2864.0000,2865.2000,2865.4000,2865.6000,2865.8000,2866.0000,1,1,3,3,2,3,2,5,9,2
SF,IH2006,2020-06-17 10:14:16.700,2865.0000,19304,0,5199348060.000,0,-,-,-,-,2864.8000,2864.6000,2864.4000,2864.2000,2864.0000,2865.2000,2865.4000,2865.6000,2865.8000,2866.0000,1,1,3,3,2,3,2,5,9,2
SF,IH2006,2020-06-17 10:14:18.200,2865.0000,19304,0,5199348060.000,0,-,-,-,-,2864.8000,2864.6000,2864.4000,2864.2000,2864.0000,2865.2000,2865.4000,2865.6000,2865.8000,2866.0000,2,1,3,3,2,3,2,5,9,2
SF,IH2006,2020-06-17 10:14:18.700,2865.0000,19304,0,5199348060.000,0,-,-,-,-,2864.8000,2864.6000,2864.4000,2864.2000,2864.0000,2865.2000,2865.4000,2865.6000,2865.8000,2866.0000,2,1,3,3,2,1,2,5,9,2
SF,IH2006,2020-06-17 10:14:19.200,2865.0000,19304,0,5199348060.000,0,-,-,-,-,2865.0000,2864.8000,2864.6000,2864.4000,2864.2000,2865.2000,2865.4000,2865.6000,2865.8000,2866.0000,1,2,1,3,3,1,2,5,9,2
SF,IH2006,2020-06-17 10:14:19.700,2865.2000,19305,1,5200207620.000,1,1,0,双开,B,2865.0000,2864.8000,2864.6000,2864.4000,2864.2000,2865.4000,2865.6000,2865.8000,2866.0000,2866.2000,1,2,1,3,3,2,5,9,2,1
SF,IH2006,2020-06-17 10:14:20.200,2865.0000,19305,0,5201067120.000,1,0,1,空换,B,2864.8000,2864.6000,2864.4000,2864.2000,2864.0000,2865.4000,2865.6000,2865.8000,2866.0000,2866.2000,2,1,3,3,2,2,5,9,2,1
SF,IH2006,2020-06-17 10:14:22.700,2865.0000,19305,0,5201067120.000,0,-,-,-,-,2864.8000,2864.6000,2864.4000,2864.2000,2864.0000,2865.4000,2865.6000,2865.8000,2866.0000,2866.2000,2,1,4,3,2,2,5,9,2,1
SF,IH2006,2020-06-17 10:14:23.200,2865.0000,19305,0,5201067120.000,0,-,-,-,-,2865.0000,2864.8000,2864.6000,2864.4000,2864.2000,2865.4000,2865.6000,2865.8000,2866.0000,2866.2000,1,2,1,4,3,2,5,9,2,1
SF,IH2006,2020-06-17 10:14:25.700,2865.0000,19305,0,5201067120.000,0,-,-,-,-,2865.0000,2864.8000,2864.6000,2864.4000,2864.2000,2865.4000,2865.6000,2865.8000,2866.0000,2866.2000,2,2,1,4,3,2,5,9,2,1
SF,IH2006,2020-06-17 10:14:30.200,2865.0000,19306,1,5202786120.000,2,1,1,多开,B,2864.8000,2864.6000,2864.4000,2864.2000,2864.0000,2865.4000,2865.6000,2865.8000,2866.0000,2866.2000,2,1,4,3,2,3,5,9,2,1
SF,IH2006,2020-06-17 10:14:30.700,2865.0000,19306,0,5202786120.000,0,-,-,-,-,2865.0000,2864.8000,2864.6000,2864.4000,2864.2000,2865.4000,2865.6000,2865.8000,2866.0000,2866.2000,1,2,1,4,3,2,5,9,2,1
SF,IH2006,2020-06-17 10:14:32.200,2865.0000,19306,0,5202786120.000,0,-,-,-,-,2865.0000,2864.8000,2864.6000,2864.4000,2864.2000,2865.4000,2865.6000,2865.8000,2866.0000,2866.2000,1,2,1,4,3,9,5,9,2,1
SF,IH2006,2020-06-17 10:14:32.700,2865.0000,19306,0,5202786120.000,0,-,-,-,-,2865.0000,2864.8000,2864.6000,2864.4000,2864.2000,2865.4000,2865.6000,2865.8000,2866.0000,2866.2000,1,2,1,4,3,8,5,9,2,1
SF,IH2006,2020-06-17 10:14:33.200,2865.0000,19306,0,5202786120.000,0,-,-,-,-,2864.8000,2864.6000,2864.4000,2864.2000,2864.0000,2865.4000,2865.6000,2865.8000,2866.0000,2866.2000,2,1,4,3,2,2,5,9,2,1
SF,IH2006,2020-06-17 10:14:34.200,2865.4000,19305,-1,5203645740.000,1,0,1,双平,B,2864.8000,2864.6000,2864.4000,2864.2000,2864.0000,2865.4000,2865.6000,2865.8000,2866.0000,2866.2000,2,1,4,3,2,1,5,9,2,1
SF,IH2006,2020-06-17 10:14:35.200,2865.4000,19305,0,5204505360.000,1,0,1,空换,B,2865.4000,2864.8000,2864.6000,2864.4000,2864.2000,2865.6000,2865.8000,2866.0000,2866.2000,2866.4000,1,2,1,4,3,5,9,2,1,2
SF,IH2006,2020-06-17 10:14:35.700,2865.4000,19306,1,5205364980.000,1,1,0,双开,B,2864.8000,2864.6000,2864.4000,2864.2000,2864.0000,2865.4000,2865.6000,2865.8000,2866.0000,2866.2000,2,1,4,3,2,10,5,9,2,1
SF,IH2006,2020-06-17 10:14:36.200,2865.4000,19305,-1,5206224600.000,1,0,1,双平,B,2864.8000,2864.6000,2864.4000,2864.2000,2864.0000,2865.4000,2865.6000,2865.8000,2866.0000,2866.2000,2,1,4,3,2,8,5,9,2,1
SF,IH2006,2020-06-17 10:14:36.700,2865.4000,19305,0,5206224600.000,0,-,-,-,-,2864.8000,2864.6000,2864.4000,2864.2000,2864.0000,2865.2000,2865.4000,2865.6000,2865.8000,2866.0000,2,1,4,3,2,1,8,5,9,2
SF,IH2006,2020-06-17 10:14:37.700,2865.4000,19305,0,5206224600.000,0,-,-,-,-,2864.8000,2864.6000,2864.4000,2864.2000,2864.0000,2865.2000,2865.4000,2865.6000,2865.8000,2866.0000,1,1,4,3,2,1,8,5,9,2
SF,IH2006,2020-06-17 10:14:39.700,2865.4000,19305,0,5206224600.000,0,-,-,-,-,2864.8000,2864.6000,2864.4000,2864.2000,2864.0000,2865.2000,2865.4000,2865.6000,2865.8000,2866.0000,2,1,4,3,2,1,8,5,9,2
SF,IH2006,2020-06-17 10:14:42.200,2865.4000,19305,0,5206224600.000,0,-,-,-,-,2865.0000,2864.8000,2864.6000,2864.4000,2864.2000,2865.2000,2865.4000,2865.6000,2865.8000,2866.0000,1,2,1,4,3,1,8,5,9,2
SF,IH2006,2020-06-17 10:14:42.700,2865.0000,19304,-1,5207084100.000,1,0,1,双平,B,2864.8000,2864.6000,2864.4000,2864.2000,2864.0000,2865.0000,2865.2000,2865.4000,2865.6000,2865.8000,2,1,4,3,2,7,2,7,5,9
SF,IH2006,2020-06-17 10:14:43.200,2865.0000,19304,0,5207084100.000,0,-,-,-,-,2864.8000,2864.6000,2864.4000,2864.2000,2864.0000,2865.0000,2865.2000,2865.4000,2865.6000,2865.8000,2,1,4,3,2,3,2,7,5,9
SF,IH2006,2020-06-17 10:14:43.700,2865.0000,19304,0,5207084100.000,0,-,-,-,-,2864.8000,2864.6000,2864.4000,2864.2000,2864.0000,2865.0000,2865.2000,2865.4000,2865.6000,2865.8000,2,1,4,3,2,3,2,6,5,9
SF,IH2006,2020-06-17 10:14:44.200,2864.8000,19305,1,5208802980.000,2,1,1,多开,B,2864.6000,2864.4000,2864.2000,2864.0000,2863.8000,2865.0000,2865.2000,2865.4000,2865.6000,2865.8000,1,4,3,2,1,3,2,6,5,9
SF,IH2006,2020-06-17 10:14:44.700,2864.8000,19305,0,5208802980.000,0,-,-,-,-,2864.6000,2864.4000,2864.2000,2864.0000,2863.8000,2865.0000,2865.2000,2865.4000,2865.6000,2865.8000,1,4,3,2,1,4,2,6,5,9
SF,IH2006,2020-06-17 10:14:45.200,2864.8000,19305,0,5208802980.000,0,-,-,-,-,2864.6000,2864.4000,2864.2000,2864.0000,2863.8000,2864.8000,2865.0000,2865.2000,2865.4000,2865.6000,1,4,3,2,1,1,4,2,6,5
SF,IH2006,2020-06-17 10:14:45.700,2864.6000,19305,0,5209662360.000,1,0,1,空换,B,2864.4000,2864.2000,2864.0000,2863.8000,2863.6000,2864.8000,2865.0000,2865.2000,2865.4000,2865.6000,4,3,2,1,2,3,4,2,6,5
SF,IH2006,2020-06-17 10:14:46.200,2864.6000,19305,0,5209662360.000,0,-,-,-,-,2864.4000,2864.2000,2864.0000,2863.8000,2863.6000,2864.8000,2865.0000,2865.2000,2865.4000,2865.6000,4,3,2,1,2,4,4,2,6,5
SF,IH2006,2020-06-17 10:14:46.700,2864.6000,19305,0,5209662360.000,0,-,-,-,-,2864.4000,2864.2000,2864.0000,2863.8000,2863.6000,2864.8000,2865.0000,2865.2000,2865.6000,2865.8000,4,3,2,1,2,5,4,2,5,9
SF,IH2006,2020-06-17 10:14:47.700,2864.6000,19305,0,5209662360.000,0,-,-,-,-,2864.4000,2864.2000,2864.0000,2863.8000,2863.6000,2864.6000,2864.8000,2865.0000,2865.2000,2865.6000,4,3,2,1,2,1,5,4,2,5
SF,IH2006,2020-06-17 10:14:48.200,2864.6000,19305,0,5209662360.000,0,-,-,-,-,2864.4000,2864.2000,2864.0000,2863.8000,2863.6000,2864.6000,2864.8000,2865.0000,2865.2000,2865.6000,4,3,2,1,2,2,3,4,2,5
SF,IH2006,2020-06-17 10:14:48.700,2864.6000,19305,0,5209662360.000,0,-,-,-,-,2864.4000,2864.2000,2864.0000,2863.8000,2863.6000,2864.6000,2864.8000,2865.0000,2865.2000,2865.6000,4,3,3,1,2,1,3,4,2,5
SF,IH2006,2020-06-17 10:14:49.200,2864.4000,19300,-5,5214818280.000,6,0,6,空平,B,2864.2000,2864.0000,2863.8000,2863.6000,2863.4000,2864.6000,2864.8000,2865.0000,2865.2000,2865.6000,3,3,1,2,3,1,3,4,2,5
SF,IH2006,2020-06-17 10:14:50.200,2864.4000,19300,0,5214818280.000,0,-,-,-,-,2864.2000,2864.0000,2863.8000,2863.6000,2863.4000,2864.6000,2864.8000,2865.0000,2865.2000,2865.6000,3,3,1,2,3,1,3,4,2,5
SF,IH2006,2020-06-17 10:14:50.700,2864.2000,19299,-1,5215677540.000,1,0,1,双平,B,2864.2000,2864.0000,2863.8000,2863.6000,2863.4000,2864.6000,2864.8000,2865.0000,2865.2000,2865.6000,3,3,1,2,3,1,3,4,2,5
SF,IH2006,2020-06-17 10:14:51.700,2864.2000,19299,0,5215677540.000,0,-,-,-,-,2864.2000,2864.0000,2863.8000,2863.6000,2863.4000,2864.6000,2864.8000,2865.0000,2865.2000,2865.6000,3,3,1,2,3,1,3,4,2,5
SF,IH2006,2020-06-17 10:14:52.200,2864.2000,19299,0,5216536800.000,1,0,1,空换,B,2864.2000,2864.0000,2863.8000,2863.6000,2863.4000,2864.6000,2864.8000,2865.0000,2865.2000,2865.6000,2,3,1,2,3,1,3,4,2,5
SF,IH2006,2020-06-17 10:14:52.700,2864.2000,19298,-1,5218255320.000,2,0,2,空平,B,2864.0000,2863.8000,2863.6000,2863.4000,2863.2000,2864.6000,2864.8000,2865.0000,2865.2000,2865.6000,3,1,2,3,2,2,3,4,2,5
SF,IH2006,2020-06-17 10:14:53.200,2864.2000,19298,0,5218255320.000,0,-,-,-,-,2864.0000,2863.8000,2863.6000,2863.4000,2863.2000,2864.6000,2864.8000,2865.0000,2865.2000,2865.6000,3,1,2,3,2,3,3,4,1,5
SF,IH2006,2020-06-17 10:14:53.700,2864.2000,19298,0,5218255320.000,0,-,-,-,-,2864.0000,2863.8000,2863.6000,2863.4000,2863.2000,2864.6000,2864.8000,2865.0000,2865.2000,2865.6000,3,1,2,3,2,2,3,4,1,5
SF,IH2006,2020-06-17 10:14:55.200,2864.0000,19299,1,5219114520.000,1,1,0,双开,B,2864.0000,2863.8000,2863.6000,2863.4000,2863.2000,2864.2000,2864.6000,2864.8000,2865.0000,2865.2000,2,1,2,3,2,1,2,3,4,1
SF,IH2006,2020-06-17 10:14:55.700,2864.2000,19304,5,5228565300.000,11,8,3,多开,B,2863.6000,2863.4000,2863.2000,2863.0000,2862.8000,2864.0000,2864.6000,2864.8000,2865.0000,2865.2000,2,3,2,6,1,1,1,3,4,1
SF,IH2006,2020-06-17 10:14:56.200,2864.0000,19304,0,5229424500.000,1,0,1,空换,B,2863.6000,2863.4000,2863.2000,2863.0000,2862.8000,2864.0000,2864.4000,2864.6000,2864.8000,2865.0000,2,3,2,6,1,1,1,1,3,4
SF,IH2006,2020-06-17 10:14:56.700,2864.0000,19303,-1,5230283700.000,1,0,1,双平,B,2863.6000,2863.4000,2863.2000,2863.0000,2862.8000,2864.4000,2864.6000,2864.8000,2865.0000,2865.2000,2,3,2,6,1,1,1,3,4,1
SF,IH2006,2020-06-17 10:14:57.200,2864.0000,19303,0,5230283700.000,0,-,-,-,-,2864.0000,2863.6000,2863.4000,2863.2000,2863.0000,2864.2000,2864.4000,2864.6000,2864.8000,2865.0000,1,2,4,2,5,4,2,1,3,4
SF,IH2006,2020-06-17 10:14:57.700,2864.0000,19303,0,5231142900.000,1,0,1,空换,B,2863.6000,2863.4000,2863.2000,2863.0000,2862.8000,2864.2000,2864.4000,2864.6000,2864.8000,2865.0000,3,4,2,5,1,3,1,1,3,4
SF,IH2006,2020-06-17 10:14:58.200,2863.6000,19302,-1,5233720140.000,3,1,2,空平,B,2863.4000,2863.2000,2863.0000,2862.8000,2862.6000,2864.2000,2864.4000,2864.6000,2864.8000,2865.0000,4,2,6,1,1,3,1,1,3,4
SF,IH2006,2020-06-17 10:14:58.700,2863.4000,19302,0,5234579160.000,1,0,1,空换,B,2863.4000,2863.2000,2863.0000,2862.8000,2862.6000,2864.0000,2864.2000,2864.4000,2864.6000,2864.8000,3,3,6,1,1,4,3,1,1,3
SF,IH2006,2020-06-17 10:14:59.200,2863.4000,19302,0,5234579160.000,0,-,-,-,-,2863.6000,2863.4000,2863.2000,2863.0000,2862.8000,2864.0000,2864.2000,2864.4000,2864.6000,2864.8000,2,3,3,6,1,2,3,1,1,3
SF,IH2006,2020-06-17 10:14:59.700,2864.2000,19301,-1,5235438420.000,1,0,1,双平,B,2863.6000,2863.4000,2863.2000,2863.0000,2862.8000,2864.0000,2864.4000,2864.6000,2864.8000,2865.0000,2,4,3,6,1,1,1,1,3,4
SF,IH2006,2020-06-17 10:15:00.200,2864.2000,19301,0,5235438420.000,0,-,-,-,-,2863.6000,2863.4000,2863.2000,2863.0000,2862.8000,2864.0000,2864.4000,2864.6000,2864.8000,2865.0000,2,3,3,6,1,1,1,1,3,4
SF,IH2006,2020-06-17 10:15:00.700,2864.2000,19301,0,5235438420.000,0,-,-,-,-,2863.6000,2863.4000,2863.2000,2863.0000,2862.8000,2864.0000,2864.4000,2864.6000,2864.8000,2865.0000,1,3,3,6,1,1,1,9,3,4
SF,IH2006,2020-06-17 10:15:01.200,2863.8000,19299,-2,5237156760.000,2,0,2,双平,B,2863.8000,2863.6000,2863.4000,2863.2000,2863.0000,2864.4000,2864.6000,2864.8000,2865.0000,2865.2000,1,3,3,3,6,1,9,3,5,1
SF,IH2006,2020-06-17 10:15:01.700,2863.8000,19298,-1,5238015900.000,1,0,1,双平,B,2863.6000,2863.4000,2863.2000,2863.0000,2862.8000,2864.2000,2864.4000,2864.6000,2864.8000,2865.0000,3,3,3,6,1,2,1,9,3,5
SF,IH2006,2020-06-17 10:15:03.200,2864.2000,19300,2,5239734420.000,2,2,0,双开,B,2863.6000,2863.4000,2863.2000,2863.0000,2862.8000,2864.4000,2864.6000,2864.8000,2865.0000,2865.2000,3,3,3,6,1,1,9,3,5,1
SF,IH2006,2020-06-17 10:15:03.700,2864.2000,19300,0,5239734420.000,0,-,-,-,-,2864.0000,2863.8000,2863.6000,2863.4000,2863.2000,2864.6000,2864.8000,2865.0000,2865.2000,2865.6000,4,7,3,3,3,9,3,5,1,5
SF,IH2006,2020-06-17 10:15:04.200,2864.6000,19303,3,5243171940.000,4,3,1,多开,B,2864.2000,2864.0000,2863.8000,2863.6000,2863.4000,2864.6000,2864.8000,2865.0000,2865.2000,2865.6000,4,1,7,4,3,5,3,5,1,5
SF,IH2006,2020-06-17 10:15:04.700,2864.8000,19302,-1,5248328280.000,6,2,4,空平,B,2864.6000,2864.4000,2864.2000,2864.0000,2863.8000,2864.8000,2865.0000,2865.2000,2865.6000,2865.8000,3,2,5,1,3,2,5,1,5,1
SF,IH2006,2020-06-17 10:15:05.200,2864.8000,19300,-2,5250047160.000,2,0,2,双平,B,2864.8000,2864.6000,2864.4000,2864.2000,2864.0000,2865.0000,2865.2000,2865.6000,2865.8000,2866.0000,7,7,2,4,1,5,1,5,1,2
SF,IH2006,2020-06-17 10:15:05.700,2865.0000,19298,-2,5251766160.000,2,0,2,双平,B,2865.0000,2864.8000,2864.6000,2864.4000,2864.2000,2865.2000,2865.6000,2865.8000,2866.0000,2866.2000,1,4,6,1,4,1,5,1,2,1
SF,IH2006,2020-06-17 10:15:06.200,2864.8000,19296,-2,5256063420.000,5,1,4,空平,B,2864.6000,2864.4000,2864.2000,2864.0000,2863.8000,2864.8000,2865.0000,2865.2000,2865.6000,2865.8000,6,1,4,1,3,3,5,1,5,1
SF,IH2006,2020-06-17 10:15:06.700,2864.6000,19299,3,5262079080.000,7,5,2,多开,B,2864.4000,2864.2000,2864.0000,2863.8000,2863.6000,2864.8000,2865.0000,2865.2000,2865.4000,2865.6000,1,4,1,3,3,1,3,1,1,5
SF,IH2006,2020-06-17 10:15:07.200,2864.6000,19299,0,5262079080.000,0,-,-,-,-,2864.2000,2864.0000,2863.8000,2863.6000,2863.4000,2864.8000,2865.0000,2865.2000,2865.4000,2865.6000,4,1,2,3,3,1,1,1,1,5
SF,IH2006,2020-06-17 10:15:07.700,2864.6000,19299,0,5262079080.000,0,-,-,-,-,2864.2000,2864.0000,2863.8000,2863.6000,2863.4000,2864.8000,2865.0000,2865.2000,2865.4000,2865.6000,4,1,2,3,3,1,1,1,1,5
SF,IH2006,2020-06-17 10:15:08.200,2864.6000,19299,0,5262079080.000,0,-,-,-,-,2864.2000,2864.0000,2863.8000,2863.6000,2863.4000,2864.8000,2865.0000,2865.2000,2865.4000,2865.6000,4,1,2,4,3,1,1,1,1,5
SF,IH2006,2020-06-17 10:15:08.700,2864.6000,19298,-1,5262938460.000,1,0,1,双平,B,2864.2000,2864.0000,2863.8000,2863.6000,2863.4000,2864.8000,2865.0000,2865.2000,2865.4000,2865.6000,4,1,2,4,3,1,1,1,1,5
SF,IH2006,2020-06-17 10:15:09.200,2864.6000,19298,0,5262938460.000,0,-,-,-,-,2864.2000,2864.0000,2863.8000,2863.6000,2863.4000,2864.8000,2865.0000,2865.2000,2865.4000,2865.6000,4,1,3,4,3,1,1,1,1,5
SF,IH2006,2020-06-17 10:15:09.700,2864.6000,19298,0,5262938460.000,0,-,-,-,-,2864.2000,2864.0000,2863.8000,2863.6000,2863.4000,2864.8000,2865.0000,2865.2000,2865.4000,2865.6000,4,1,3,4,3,1,1,1,1,5
SF,IH2006,2020-06-17 10:15:10.200,2864.8000,19297,-1,5263797900.000,1,0,1,双平,B,2864.4000,2864.2000,2864.0000,2863.8000,2863.6000,2865.0000,2865.2000,2865.4000,2865.6000,2865.8000,1,4,2,3,4,1,1,1,5,1
SF,IH2006,2020-06-17 10:15:10.700,2864.8000,19297,0,5263797900.000,0,-,-,-,-,2864.6000,2864.4000,2864.2000,2864.0000,2863.8000,2865.0000,2865.2000,2865.4000,2865.6000,2865.8000,2,6,5,2,3,1,1,1,5,1
SF,IH2006,2020-06-17 10:15:11.200,2865.0000,19297,0,5264657400.000,1,0,1,空换,B,2864.6000,2864.4000,2864.2000,2864.0000,2863.8000,2865.2000,2865.4000,2865.6000,2865.8000,2866.0000,4,3,3,2,3,1,1,5,1,2
SF,IH2006,2020-06-17 10:15:11.700,2865.0000,19297,0,5264657400.000,0,-,-,-,-,2864.6000,2864.4000,2864.2000,2864.0000,2863.8000,2865.0000,2865.2000,2865.4000,2865.6000,2865.8000,2,3,4,2,3,1,1,1,5,1
SF,IH2006,2020-06-17 10:15:12.200,2865.0000,19297,0,5264657400.000,0,-,-,-,-,2864.6000,2864.4000,2864.2000,2864.0000,2863.8000,2865.2000,2865.4000,2865.6000,2865.8000,2866.0000,1,3,4,2,3,1,1,5,1,2
SF,IH2006,2020-06-17 10:15:12.700,2865.0000,19297,0,5264657400.000,0,-,-,-,-,2864.6000,2864.4000,2864.2000,2864.0000,2863.8000,2865.2000,2865.4000,2865.6000,2865.8000,2866.0000,1,3,4,2,3,1,1,5,1,2
SF,IH2006,2020-06-17 10:15:13.200,2865.0000,19297,0,5264657400.000,0,-,-,-,-,2864.6000,2864.4000,2864.2000,2864.0000,2863.8000,2865.4000,2865.6000,2865.8000,2866.0000,2866.2000,1,3,4,2,3,1,5,1,2,1
SF,IH2006,2020-06-17 10:15:13.700,2865.0000,19297,0,5264657400.000,0,-,-,-,-,2864.6000,2864.4000,2864.2000,2864.0000,2863.8000,2865.4000,2865.6000,2865.8000,2866.0000,2866.2000,1,4,4,2,3,1,5,1,2,1
SF,IH2006,2020-06-17 10:15:14.200,2865.0000,19297,0,5264657400.000,0,-,-,-,-,2864.6000,2864.4000,2864.2000,2864.0000,2863.8000,2865.4000,2865.6000,2865.8000,2866.0000,2866.2000,1,4,4,2,3,1,5,1,2,1
SF,IH2006,2020-06-17 10:15:14.700,2865.0000,19297,0,5264657400.000,0,-,-,-,-,2864.6000,2864.4000,2864.2000,2864.0000,2863.8000,2865.4000,2865.6000,2865.8000,2866.0000,2866.2000,1,4,4,2,3,1,5,1,2,1
SF,IH2006,2020-06-17 10:15:15.200,2865.0000,19297,0,5264657400.000,0,-,-,-,-,2864.6000,2864.4000,2864.2000,2864.0000,2863.8000,2865.4000,2865.6000,2865.8000,2866.0000,2866.2000,2,4,2,2,3,1,5,1,2,1
SF,IH2006,2020-06-17 10:15:15.700,2865.0000,19297,0,5264657400.000,0,-,-,-,-,2864.6000,2864.4000,2864.2000,2864.0000,2863.8000,2865.4000,2865.6000,2865.8000,2866.0000,2866.2000,2,4,2,2,3,1,5,1,2,1
SF,IH2006,2020-06-17 10:15:16.200,2865.0000,19297,0,5264657400.000,0,-,-,-,-,2864.6000,2864.4000,2864.2000,2864.0000,2863.8000,2865.4000,2865.6000,2865.8000,2866.0000,2866.2000,2,4,2,2,3,1,5,1,2,1
SF,IH2006,2020-06-17 10:15:16.700,2865.0000,19297,0,5264657400.000,0,-,-,-,-,2864.6000,2864.4000,2864.2000,2864.0000,2863.8000,2865.4000,2865.6000,2865.8000,2866.0000,2866.2000,2,4,2,2,3,1,5,1,2,1
SF,IH2006,2020-06-17 10:15:17.200,2865.0000,19297,0,5264657400.000,0,-,-,-,-,2864.6000,2864.4000,2864.2000,2864.0000,2863.8000,2865.4000,2865.6000,2865.8000,2866.0000,2866.2000,2,4,2,2,3,1,5,1,2,1
SF,IH2006,2020-06-17 10:15:17.700,2864.6000,19297,0,5265516780.000,1,0,1,空换,B,2864.6000,2864.4000,2864.2000,2864.0000,2863.8000,2865.2000,2865.4000,2865.6000,2865.8000,2866.0000,1,4,2,2,3,1,1,5,1,2
SF,IH2006,2020-06-17 10:15:18.200,2864.6000,19297,0,5265516780.000,0,-,-,-,-,2864.8000,2864.6000,2864.4000,2864.2000,2864.0000,2865.6000,2865.8000,2866.0000,2866.2000,2866.4000,1,1,4,2,2,5,1,2,1,2
SF,IH2006,2020-06-17 10:15:18.700,2864.6000,19297,0,5265516780.000,0,-,-,-,-,2864.8000,2864.6000,2864.4000,2864.2000,2864.0000,2865.6000,2865.8000,2866.0000,2866.2000,2866.4000,1,1,4,2,2,5,1,2,1,2
SF,IH2006,2020-06-17 10:15:19.200,2864.6000,19297,0,5265516780.000,0,-,-,-,-,2865.0000,2864.8000,2864.6000,2864.4000,2864.2000,2865.4000,2865.6000,2865.8000,2866.0000,2866.2000,1,1,1,4,2,1,5,1,2,1
SF,IH2006,2020-06-17 10:15:19.700,2864.6000,19297,0,5265516780.000,0,-,-,-,-,2864.8000,2864.6000,2864.4000,2864.2000,2864.0000,2865.6000,2865.8000,2866.0000,2866.2000,2866.4000,1,1,3,2,2,5,1,2,1,2
SF,IH2006,2020-06-17 10:15:20.200,2865.6000,19297,0,5266376460.000,1,0,1,空换,B,2865.0000,2864.8000,2864.6000,2864.4000,2864.2000,2865.6000,2865.8000,2866.0000,2866.2000,2866.4000,5,1,1,3,2,4,1,2,1,2
SF,IH2006,2020-06-17 10:15:20.700,2865.6000,19301,4,5269815180.000,4,4,0,双开,B,2865.0000,2864.8000,2864.6000,2864.4000,2864.2000,2865.8000,2866.0000,2866.2000,2866.4000,2866.6000,5,1,1,3,2,1,2,1,2,7
SF,IH2006,2020-06-17 10:15:21.200,2865.6000,19301,0,5269815180.000,0,-,-,-,-,2865.0000,2864.8000,2864.6000,2864.4000,2864.2000,2865.8000,2866.0000,2866.2000,2866.4000,2866.6000,5,1,1,3,2,1,2,1,2,7
SF,IH2006,2020-06-17 10:15:21.700,2865.2000,19300,-1,5270674740.000,1,0,1,双平,B,2865.2000,2865.0000,2864.8000,2864.6000,2864.4000,2865.8000,2866.0000,2866.2000,2866.4000,2866.6000,1,5,1,1,3,1,2,1,2,7
SF,IH2006,2020-06-17 10:15:22.200,2865.2000,19300,0,5270674740.000,0,-,-,-,-,2865.2000,2865.0000,2864.8000,2864.6000,2864.4000,2865.8000,2866.0000,2866.2000,2866.4000,2866.6000,1,5,1,1,3,1,2,1,2,7
SF,IH2006,2020-06-17 10:15:22.700,2865.2000,19300,0,5270674740.000,0,-,-,-,-,2865.2000,2865.0000,2864.8000,2864.6000,2864.4000,2865.8000,2866.0000,2866.2000,2866.4000,2866.6000,1,5,1,1,3,1,2,1,2,7
SF,IH2006,2020-06-17 10:15:23.200,2865.2000,19300,0,5270674740.000,0,-,-,-,-,2865.2000,2865.0000,2864.8000,2864.6000,2864.4000,2865.8000,2866.0000,2866.2000,2866.4000,2866.6000,1,5,1,1,3,1,2,1,2,7
SF,IH2006,2020-06-17 10:15:24.200,2865.2000,19300,0,5270674740.000,0,-,-,-,-,2865.4000,2865.2000,2865.0000,2864.8000,2864.6000,2865.8000,2866.0000,2866.2000,2866.4000,2866.6000,1,1,3,1,1,1,2,1,2,7
SF,IH2006,2020-06-17 10:15:24.700,2865.2000,19300,0,5270674740.000,0,-,-,-,-,2865.4000,2865.2000,2865.0000,2864.8000,2864.6000,2865.8000,2866.0000,2866.2000,2866.4000,2866.6000,1,1,2,1,1,1,2,1,2,7
SF,IH2006,2020-06-17 10:15:25.700,2865.2000,19300,0,5270674740.000,0,-,-,-,-,2865.4000,2865.2000,2865.0000,2864.8000,2864.6000,2865.8000,2866.0000,2866.2000,2866.4000,2866.6000,1,1,2,2,1,1,2,1,2,7
SF,IH2006,2020-06-17 10:15:26.200,2865.2000,19300,0,5270674740.000,0,-,-,-,-,2865.4000,2865.2000,2864.8000,2864.6000,2864.4000,2865.8000,2866.0000,2866.2000,2866.4000,2866.6000,1,1,2,1,3,1,2,1,2,7
SF,IH2006,2020-06-17 10:15:26.700,2865.2000,19300,0,5270674740.000,0,-,-,-,-,2865.4000,2865.2000,2864.8000,2864.6000,2864.4000,2865.8000,2866.0000,2866.2000,2866.4000,2866.6000,1,1,2,1,3,1,2,1,2,7
SF,IH2006,2020-06-17 10:15:27.200,2865.2000,19300,0,5270674740.000,0,-,-,-,-,2865.4000,2865.2000,2865.0000,2864.8000,2864.6000,2865.8000,2866.0000,2866.2000,2866.4000,2866.6000,1,1,1,2,1,1,2,1,2,7
SF,IH2006,2020-06-17 10:15:28.700,2865.2000,19300,0,5270674740.000,0,-,-,-,-,2865.4000,2865.2000,2865.0000,2864.8000,2864.6000,2865.8000,2866.0000,2866.2000,2866.4000,2866.6000,1,2,1,2,1,1,3,1,2,7
SF,IH2006,2020-06-17 10:15:30.700,2865.2000,19300,0,5270674740.000,0,-,-,-,-,2865.4000,2865.2000,2865.0000,2864.8000,2864.6000,2865.8000,2866.0000,2866.2000,2866.4000,2866.6000,2,2,1,2,1,1,3,1,2,7
SF,IH2006,2020-06-17 10:15:31.700,2865.4000,19302,2,5272393980.000,2,2,0,双开,B,2865.2000,2865.0000,2864.8000,2864.6000,2864.4000,2865.6000,2865.8000,2866.0000,2866.2000,2866.4000,2,1,2,1,3,1,1,3,1,2
SF,IH2006,2020-06-17 10:15:32.700,2865.2000,19303,1,5274113100.000,2,1,1,多开,B,2865.0000,2864.8000,2864.6000,2864.4000,2864.2000,2865.6000,2865.8000,2866.0000,2866.2000,2866.4000,1,2,1,3,1,1,1,3,1,2
SF,IH2006,2020-06-17 10:15:33.200,2865.2000,19303,0,5274113100.000,0,-,-,-,-,2865.0000,2864.8000,2864.6000,2864.4000,2864.2000,2865.4000,2865.6000,2865.8000,2866.0000,2866.2000,1,2,1,3,1,5,1,1,3,1
SF,IH2006,2020-06-17 10:15:33.700,2865.2000,19303,0,5274113100.000,0,-,-,-,-,2865.0000,2864.8000,2864.6000,2864.4000,2864.2000,2865.6000,2865.8000,2866.0000,2866.2000,2866.4000,1,2,1,3,1,1,1,3,1,2
SF,IH2006,2020-06-17 10:15:34.200,2865.2000,19303,0,5274113100.000,0,-,-,-,-,2865.0000,2864.8000,2864.6000,2864.4000,2864.2000,2865.6000,2865.8000,2866.0000,2866.2000,2866.4000,1,2,1,3,1,1,1,3,1,2
SF,IH2006,2020-06-17 10:15:35.200,2865.2000,19303,0,5274113100.000,0,-,-,-,-,2865.4000,2865.0000,2864.8000,2864.6000,2864.4000,2865.6000,2865.8000,2866.0000,2866.2000,2866.4000,1,1,2,1,3,1,1,3,1,2
SF,IH2006,2020-06-17 10:15:35.700,2865.4000,19304,1,5274972720.000,1,1,0,双开,B,2865.0000,2864.8000,2864.6000,2864.4000,2864.2000,2865.4000,2865.6000,2865.8000,2866.0000,2866.2000,1,2,1,3,1,1,1,1,3,1
SF,IH2006,2020-06-17 10:15:36.200,2865.4000,19304,0,5274972720.000,0,-,-,-,-,2865.2000,2865.0000,2864.8000,2864.6000,2864.4000,2865.6000,2865.8000,2866.0000,2866.2000,2866.4000,1,1,2,1,3,1,1,3,1,2
SF,IH2006,2020-06-17 10:15:36.700,2865.4000,19304,0,5274972720.000,0,-,-,-,-,2865.2000,2865.0000,2864.8000,2864.6000,2864.4000,2865.8000,2866.0000,2866.2000,2866.4000,2866.6000,1,1,2,1,3,1,3,1,2,7
SF,IH2006,2020-06-17 10:15:37.700,2865.4000,19304,0,5274972720.000,0,-,-,-,-,2865.2000,2865.0000,2864.8000,2864.6000,2864.4000,2865.6000,2865.8000,2866.0000,2866.2000,2866.4000,1,1,2,1,3,1,1,3,1,2
SF,IH2006,2020-06-17 10:15:38.700,2865.6000,19304,0,5275832400.000,1,0,1,空换,B,2865.2000,2865.0000,2864.8000,2864.6000,2864.4000,2865.8000,2866.0000,2866.2000,2866.4000,2866.6000,1,1,2,1,3,1,3,1,2,7
SF,IH2006,2020-06-17 10:15:39.200,2865.6000,19304,0,5275832400.000,0,-,-,-,-,2865.0000,2864.8000,2864.6000,2864.4000,2864.2000,2865.8000,2866.0000,2866.2000,2866.4000,2866.6000,1,2,1,3,1,1,3,1,2,7
SF,IH2006,2020-06-17 10:15:39.700,2865.6000,19304,0,5275832400.000,0,-,-,-,-,2865.2000,2865.0000,2864.8000,2864.6000,2864.4000,2865.8000,2866.0000,2866.2000,2866.4000,2866.6000,1,3,2,1,3,1,3,1,2,7
SF,IH2006,2020-06-17 10:15:40.200,2865.6000,19304,0,5275832400.000,0,-,-,-,-,2865.0000,2864.8000,2864.6000,2864.4000,2864.2000,2865.6000,2865.8000,2866.0000,2866.2000,2866.4000,3,2,1,3,1,3,1,3,1,2
SF,IH2006,2020-06-17 10:15:40.700,2865.6000,19304,0,5275832400.000,0,-,-,-,-,2865.0000,2864.8000,2864.6000,2864.4000,2864.2000,2865.6000,2865.8000,2866.0000,2866.2000,2866.4000,3,2,1,3,1,3,1,3,1,2
SF,IH2006,2020-06-17 10:15:41.200,2865.6000,19304,0,5275832400.000,0,-,-,-,-,2865.0000,2864.8000,2864.6000,2864.4000,2864.2000,2865.6000,2865.8000,2866.0000,2866.2000,2866.4000,3,2,1,3,1,3,1,3,1,2
SF,IH2006,2020-06-17 10:15:41.700,2865.6000,19304,0,5275832400.000,0,-,-,-,-,2865.2000,2865.0000,2864.8000,2864.6000,2864.4000,2865.6000,2865.8000,2866.0000,2866.2000,2866.4000,1,5,2,1,3,2,1,3,1,2
SF,IH2006,2020-06-17 10:15:42.200,2865.6000,19304,0,5275832400.000,0,-,-,-,-,2865.2000,2865.0000,2864.8000,2864.6000,2864.4000,2865.6000,2865.8000,2866.0000,2866.2000,2866.4000,1,7,2,1,3,6,1,3,1,2
SF,IH2006,2020-06-17 10:15:42.700,2865.6000,19304,0,5275832400.000,0,-,-,-,-,2865.2000,2865.0000,2864.8000,2864.6000,2864.4000,2865.6000,2865.8000,2866.0000,2866.2000,2866.4000,1,7,2,1,3,6,1,3,1,2
SF,IH2006,2020-06-17 10:15:43.200,2865.2000,19304,0,5276691960.000,1,0,1,空换,B,2865.0000,2864.8000,2864.6000,2864.4000,2864.2000,2865.6000,2865.8000,2866.0000,2866.2000,2866.4000,7,2,1,3,1,6,1,3,1,2
SF,IH2006,2020-06-17 10:15:43.700,2865.6000,19303,-1,5277551640.000,1,0,1,双平,B,2865.4000,2865.2000,2865.0000,2864.8000,2864.6000,2865.6000,2865.8000,2866.0000,2866.2000,2866.4000,6,1,7,2,1,4,1,3,1,2
SF,IH2006,2020-06-17 10:15:44.200,2865.6000,19307,4,5280990360.000,4,4,0,双开,B,2865.2000,2865.0000,2864.8000,2864.6000,2864.4000,2865.4000,2865.8000,2866.0000,2866.2000,2866.4000,2,7,2,1,3,2,1,3,1,2
SF,IH2006,2020-06-17 10:15:44.700,2865.4000,19307,0,5283569220.000,3,1,2,空换,B,2865.4000,2865.2000,2865.0000,2864.8000,2864.6000,2865.8000,2866.0000,2866.2000,2866.4000,2866.6000,10,2,7,2,1,1,3,1,2,7
SF,IH2006,2020-06-17 10:15:45.200,2865.4000,19307,0,5283569220.000,0,-,-,-,-,2865.2000,2865.0000,2864.8000,2864.6000,2864.4000,2865.8000,2866.0000,2866.2000,2866.4000,2866.6000,2,7,2,1,3,1,3,1,2,7
SF,IH2006,2020-06-17 10:15:45.700,2865.4000,19307,0,5283569220.000,0,-,-,-,-,2865.2000,2865.0000,2864.8000,2864.6000,2864.4000,2865.8000,2866.0000,2866.2000,2866.4000,2866.6000,2,7,2,1,3,1,3,1,2,7
SF,IH2006,2020-06-17 10:15:47.200,2865.4000,19307,0,5283569220.000,0,-,-,-,-,2865.2000,2865.0000,2864.8000,2864.6000,2864.4000,2865.8000,2866.0000,2866.2000,2866.4000,2866.6000,1,7,2,1,3,1,3,1,2,7
SF,IH2006,2020-06-17 10:15:52.200,2865.4000,19307,0,5283569220.000,0,-,-,-,-,2865.2000,2865.0000,2864.8000,2864.6000,2864.4000,2865.8000,2866.0000,2866.2000,2866.4000,2866.6000,2,7,2,1,3,1,3,1,2,7
SF,IH2006,2020-06-17 10:15:52.700,2865.4000,19307,0,5283569220.000,0,-,-,-,-,2865.2000,2865.0000,2864.8000,2864.6000,2864.4000,2865.8000,2866.0000,2866.2000,2866.4000,2866.6000,2,7,2,1,3,5,3,1,2,7
SF,IH2006,2020-06-17 10:15:53.200,2865.4000,19307,0,5283569220.000,0,-,-,-,-,2865.4000,2865.2000,2865.0000,2864.8000,2864.6000,2865.8000,2866.0000,2866.2000,2866.4000,2866.6000,1,2,7,2,1,5,3,1,2,7
SF,IH2006,2020-06-17 10:15:53.700,2865.4000,19307,0,5283569220.000,0,-,-,-,-,2865.4000,2865.2000,2865.0000,2864.8000,2864.6000,2865.8000,2866.0000,2866.2000,2866.4000,2866.6000,1,2,7,2,1,5,3,1,2,7
SF,IH2006,2020-06-17 10:15:54.200,2865.4000,19307,0,5283569220.000,0,-,-,-,-,2865.4000,2865.2000,2865.0000,2864.8000,2864.6000,2865.8000,2866.0000,2866.2000,2866.4000,2866.6000,1,2,7,2,1,5,3,1,2,16
SF,IH2006,2020-06-17 10:15:55.200,2865.4000,19308,1,5284428840.000,1,1,0,双开,B,2865.2000,2865.0000,2864.8000,2864.6000,2864.4000,2865.8000,2866.0000,2866.2000,2866.4000,2866.6000,2,7,2,1,3,5,3,1,2,16
SF,IH2006,2020-06-17 10:15:55.700,2865.4000,19308,0,5284428840.000,0,-,-,-,-,2865.2000,2865.0000,2864.8000,2864.6000,2864.4000,2865.6000,2865.8000,2866.0000,2866.2000,2866.4000,1,7,2,1,3,1,5,3,1,2
SF,IH2006,2020-06-17 10:15:56.700,2865.4000,19308,0,5284428840.000,0,-,-,-,-,2865.4000,2865.2000,2865.0000,2864.8000,2864.6000,2865.6000,2865.8000,2866.0000,2866.2000,2866.4000,1,1,7,2,1,1,5,3,1,2
SF,IH2006,2020-06-17 10:15:57.200,2865.6000,19308,0,5285288520.000,1,0,1,空换,B,2865.2000,2865.0000,2864.8000,2864.6000,2864.4000,2865.8000,2866.0000,2866.2000,2866.4000,2866.6000,1,7,2,1,3,5,2,1,2,16
SF,IH2006,2020-06-17 10:15:57.700,2865.6000,19308,0,5285288520.000,0,-,-,-,-,2865.2000,2865.0000,2864.8000,2864.6000,2864.4000,2865.8000,2866.0000,2866.2000,2866.4000,2866.6000,1,5,2,1,3,5,2,1,2,16
SF,IH2006,2020-06-17 10:15:58.200,2865.6000,19308,0,5285288520.000,0,-,-,-,-,2865.2000,2865.0000,2864.8000,2864.6000,2864.4000,2865.8000,2866.0000,2866.2000,2866.4000,2866.6000,1,5,2,1,3,5,2,1,2,16
SF,IH2006,2020-06-17 10:15:58.700,2865.6000,19308,0,5285288520.000,0,-,-,-,-,2865.2000,2865.0000,2864.8000,2864.6000,2864.4000,2865.8000,2866.0000,2866.2000,2866.4000,2866.6000,1,5,2,1,3,5,2,1,2,16
SF,IH2006,2020-06-17 10:15:59.700,2865.6000,19308,0,5285288520.000,0,-,-,-,-,2865.2000,2865.0000,2864.8000,2864.6000,2864.4000,2865.8000,2866.0000,2866.2000,2866.4000,2866.6000,1,5,2,1,3,6,2,1,2,16
SF,IH2006,2020-06-17 10:16:00.200,2865.6000,19308,0,5285288520.000,0,-,-,-,-,2865.2000,2865.0000,2864.8000,2864.6000,2864.4000,2865.8000,2866.0000,2866.2000,2866.4000,2866.6000,1,5,2,1,3,6,2,1,2,16
SF,IH2006,2020-06-17 10:16:00.700,2865.6000,19308,0,5285288520.000,0,-,-,-,-,2865.4000,2865.2000,2865.0000,2864.8000,2864.6000,2865.8000,2866.0000,2866.2000,2866.4000,2866.6000,1,1,5,2,1,6,2,1,2,16
SF,IH2006,2020-06-17 10:16:01.200,2865.6000,19308,0,5286148200.000,1,0,1,空换,B,2865.2000,2865.0000,2864.8000,2864.6000,2864.4000,2865.8000,2866.0000,2866.2000,2866.4000,2866.6000,1,5,2,1,3,6,2,1,2,16
SF,IH2006,2020-06-17 10:16:02.200,2865.6000,19308,0,5286148200.000,0,-,-,-,-,2865.2000,2865.0000,2864.8000,2864.6000,2864.4000,2865.6000,2865.8000,2866.0000,2866.2000,2866.4000,1,5,2,1,3,1,7,2,1,2
SF,IH2006,2020-06-17 10:16:02.700,2865.2000,19308,0,5287007760.000,1,0,1,空换,B,2865.4000,2865.0000,2864.8000,2864.6000,2864.4000,2865.6000,2865.8000,2866.0000,2866.2000,2866.4000,1,5,2,1,3,1,8,2,1,2
SF,IH2006,2020-06-17 10:16:03.200,2865.4000,19307,-1,5287867380.000,1,0,1,双平,B,2865.0000,2864.8000,2864.6000,2864.4000,2864.2000,2865.4000,2865.6000,2865.8000,2866.0000,2866.2000,5,2,1,3,1,1,1,8,2,1
SF,IH2006,2020-06-17 10:16:03.700,2865.4000,19307,0,5287867380.000,0,-,-,-,-,2865.2000,2865.0000,2864.8000,2864.6000,2864.4000,2865.8000,2866.0000,2866.2000,2866.4000,2866.6000,2,5,2,1,3,6,2,1,2,16
SF,IH2006,2020-06-17 10:16:04.200,2865.4000,19307,0,5287867380.000,0,-,-,-,-,2865.2000,2865.0000,2864.8000,2864.6000,2864.4000,2865.8000,2866.0000,2866.2000,2866.4000,2866.6000,2,5,2,1,3,6,2,1,2,16
SF,IH2006,2020-06-17 10:16:06.200,2865.2000,19307,0,5288726940.000,1,0,1,空换,B,2865.2000,2865.0000,2864.8000,2864.6000,2864.4000,2865.6000,2865.8000,2866.0000,2866.2000,2866.4000,1,5,2,1,3,2,6,2,1,2
SF,IH2006,2020-06-17 10:16:06.700,2865.0000,19304,-3,5293024500.000,5,1,4,空平,B,2865.0000,2864.8000,2864.6000,2864.4000,2864.2000,2865.2000,2865.4000,2865.6000,2865.8000,2866.0000,1,2,1,3,1,5,1,1,7,2
SF,IH2006,2020-06-17 10:16:07.200,2865.2000,19304,0,5293884060.000,1,0,1,空换,B,2865.0000,2864.8000,2864.6000,2864.4000,2864.2000,2865.6000,2865.8000,2866.0000,2866.2000,2866.4000,1,2,1,3,1,1,6,2,1,2
SF,IH2006,2020-06-17 10:16:07.700,2865.2000,19304,0,5293884060.000,0,-,-,-,-,2865.0000,2864.8000,2864.6000,2864.4000,2864.2000,2865.6000,2865.8000,2866.0000,2866.2000,2866.4000,1,2,1,3,1,2,6,2,1,2
SF,IH2006,2020-06-17 10:16:08.200,2865.2000,19304,0,5293884060.000,0,-,-,-,-,2865.0000,2864.8000,2864.6000,2864.4000,2864.2000,2865.6000,2865.8000,2866.0000,2866.2000,2866.4000,1,2,1,3,1,2,6,2,1,2
SF,IH2006,2020-06-17 10:16:08.700,2865.2000,19304,0,5293884060.000,0,-,-,-,-,2865.0000,2864.8000,2864.6000,2864.4000,2864.2000,2865.6000,2865.8000,2866.0000,2866.2000,2866.4000,1,2,1,3,1,2,6,2,1,2
SF,IH2006,2020-06-17 10:16:09.200,2865.2000,19304,0,5293884060.000,0,-,-,-,-,2865.0000,2864.8000,2864.6000,2864.4000,2864.2000,2865.6000,2865.8000,2866.0000,2866.2000,2866.4000,1,2,1,3,1,2,6,2,1,2
SF,IH2006,2020-06-17 10:16:11.200,2865.0000,19303,-1,5294743560.000,1,0,1,双平,B,2864.8000,2864.6000,2864.4000,2864.2000,2864.0000,2865.6000,2865.8000,2866.0000,2866.2000,2866.4000,2,1,3,1,2,2,6,2,2,2
SF,IH2006,2020-06-17 10:16:11.700,2865.0000,19303,0,5294743560.000,0,-,-,-,-,2864.8000,2864.6000,2864.4000,2864.2000,2864.0000,2865.6000,2865.8000,2866.0000,2866.2000,2866.4000,2,1,3,1,2,2,6,2,2,2
SF,IH2006,2020-06-17 10:16:12.200,2865.0000,19303,0,5294743560.000,0,-,-,-,-,2864.8000,2864.6000,2864.4000,2864.2000,2864.0000,2865.4000,2865.6000,2865.8000,2866.0000,2866.2000,2,3,3,1,2,1,2,6,2,2
SF,IH2006,2020-06-17 10:16:12.700,2865.0000,19303,0,5294743560.000,0,-,-,-,-,2864.8000,2864.6000,2864.4000,2864.2000,2864.0000,2865.4000,2865.6000,2865.8000,2866.0000,2866.2000,2,4,3,1,2,1,2,6,2,2
SF,IH2006,2020-06-17 10:16:14.200,2865.0000,19303,0,5294743560.000,0,-,-,-,-,2865.0000,2864.8000,2864.6000,2864.4000,2864.2000,2865.4000,2865.6000,2865.8000,2866.0000,2866.2000,1,2,4,3,1,1,2,6,2,2
SF,IH2006,2020-06-17 10:16:14.700,2865.0000,19302,-1,5295603060.000,1,0,1,双平,B,2864.8000,2864.6000,2864.4000,2864.2000,2864.0000,2865.4000,2865.6000,2865.8000,2866.0000,2866.2000,2,4,3,1,2,3,2,6,2,2
SF,IH2006,2020-06-17 10:16:15.200,2865.0000,19302,0,5295603060.000,0,-,-,-,-,2864.8000,2864.6000,2864.4000,2864.2000,2864.0000,2865.2000,2865.4000,2865.6000,2865.8000,2866.0000,2,4,3,1,2,2,3,2,6,2
SF,IH2006,2020-06-17 10:16:16.200,2864.8000,19301,-1,5297321940.000,2,0,2,空平,B,2864.6000,2864.4000,2864.2000,2864.0000,2863.8000,2865.2000,2865.4000,2865.6000,2865.8000,2866.0000,4,3,1,2,3,2,3,2,6,2
SF,IH2006,2020-06-17 10:16:16.700,2864.6000,19298,-3,5301618840.000,5,1,4,空平,B,2864.4000,2864.2000,2864.0000,2863.8000,2863.6000,2864.6000,2865.0000,2865.2000,2865.4000,2865.6000,2,1,2,3,1,3,2,12,3,1
SF,IH2006,2020-06-17 10:16:17.200,2864.4000,19297,-1,5303337480.000,2,0,2,空平,B,2864.2000,2864.0000,2863.8000,2863.6000,2863.4000,2864.4000,2865.0000,2865.2000,2865.4000,2865.6000,1,2,3,1,5,5,5,12,3,1
SF,IH2006,2020-06-17 10:16:17.700,2864.2000,19296,-1,5305056000.000,2,0,2,空平,B,2864.0000,2863.8000,2863.6000,2863.4000,2863.2000,2864.4000,2865.0000,2865.2000,2865.4000,2865.6000,2,3,1,5,3,3,4,12,3,1
SF,IH2006,2020-06-17 10:16:18.200,2864.2000,19296,0,5305056000.000,0,-,-,-,-,2864.0000,2863.8000,2863.6000,2863.4000,2863.2000,2864.2000,2864.4000,2865.0000,2865.2000,2865.4000,2,3,1,4,3,1,1,3,10,3
SF,IH2006,2020-06-17 10:16:18.700,2864.2000,19296,0,5305915260.000,1,0,1,空换,B,2864.2000,2864.0000,2863.8000,2863.6000,2863.4000,2864.4000,2865.0000,2865.2000,2865.4000,2865.6000,1,2,3,1,4,1,3,2,3,1
SF,IH2006,2020-06-17 10:16:19.200,2864.4000,19295,-1,5307633900.000,2,0,2,空平,B,2864.4000,2864.2000,2864.0000,2863.8000,2863.6000,2865.0000,2865.2000,2865.4000,2865.6000,2865.8000,1,2,2,3,1,3,2,3,1,6
SF,IH2006,2020-06-17 10:16:19.700,2864.4000,19295,0,5307633900.000,0,-,-,-,-,2864.6000,2864.2000,2864.0000,2863.8000,2863.6000,2864.8000,2865.0000,2865.4000,2865.6000,2865.8000,1,1,2,3,1,2,3,3,1,6
SF,IH2006,2020-06-17 10:16:21.200,2864.8000,19294,-1,5308493340.000,1,0,1,双平,B,2864.6000,2864.2000,2864.0000,2863.8000,2863.6000,2864.8000,2865.0000,2865.4000,2865.6000,2865.8000,1,1,2,3,1,1,3,3,1,6
SF,IH2006,2020-06-17 10:16:21.700,2864.8000,19294,0,5308493340.000,0,-,-,-,-,2864.6000,2864.4000,2864.2000,2864.0000,2863.8000,2864.8000,2865.0000,2865.4000,2865.6000,2865.8000,1,1,1,2,3,1,3,3,1,6
SF,IH2006,2020-06-17 10:16:22.200,2864.8000,19294,0,5308493340.000,0,-,-,-,-,2864.6000,2864.4000,2864.2000,2864.0000,2863.8000,2864.8000,2865.0000,2865.4000,2865.6000,2865.8000,1,1,1,2,3,1,23,3,1,6
SF,IH2006,2020-06-17 10:16:22.700,2864.8000,19294,0,5308493340.000,0,-,-,-,-,2864.6000,2864.4000,2864.2000,2864.0000,2863.8000,2864.8000,2865.0000,2865.4000,2865.6000,2865.8000,1,1,1,2,3,3,23,3,1,6
SF,IH2006,2020-06-17 10:16:23.200,2864.8000,19294,0,5308493340.000,0,-,-,-,-,2864.6000,2864.4000,2864.2000,2864.0000,2863.8000,2864.8000,2865.0000,2865.4000,2865.6000,2865.8000,1,1,2,2,3,3,23,3,3,6
SF,IH2006,2020-06-17 10:16:23.700,2864.6000,19294,0,5309352720.000,1,0,1,空换,B,2864.4000,2864.2000,2864.0000,2863.8000,2863.6000,2864.6000,2864.8000,2865.0000,2865.4000,2865.6000,1,2,2,3,1,1,3,23,3,3
SF,IH2006,2020-06-17 10:16:24.200,2864.6000,19294,0,5310212100.000,1,0,1,空换,B,2864.4000,2864.2000,2864.0000,2863.8000,2863.6000,2864.8000,2865.0000,2865.4000,2865.6000,2865.8000,1,2,2,3,1,3,23,3,3,6
SF,IH2006,2020-06-17 10:16:24.700,2864.4000,19294,0,5311071420.000,1,0,1,空换,B,2864.6000,2864.2000,2864.0000,2863.8000,2863.6000,2864.8000,2865.0000,2865.4000,2865.6000,2865.8000,1,2,2,3,1,3,23,3,3,6
SF,IH2006,2020-06-17 10:16:25.200,2864.6000,19294,0,5312790180.000,2,1,1,空换,B,2864.2000,2864.0000,2863.8000,2863.6000,2863.4000,2864.8000,2865.0000,2865.4000,2865.6000,2865.8000,2,2,3,1,4,4,22,3,3,6
SF,IH2006,2020-06-17 10:16:25.700,2864.6000,19294,0,5312790180.000,0,-,-,-,-,2864.4000,2864.2000,2864.0000,2863.8000,2863.6000,2864.8000,2865.0000,2865.4000,2865.6000,2865.8000,1,2,2,3,1,4,22,3,3,6
SF,IH2006,2020-06-17 10:16:29.700,2864.6000,19294,0,5312790180.000,0,-,-,-,-,2864.4000,2864.2000,2864.0000,2863.8000,2863.6000,2864.8000,2865.0000,2865.4000,2865.6000,2865.8000,1,2,2,3,1,6,22,3,3,6
SF,IH2006,2020-06-17 10:16:30.200,2864.4000,19294,0,5313649500.000,1,0,1,空换,B,2864.2000,2864.0000,2863.8000,2863.6000,2863.4000,2864.8000,2865.0000,2865.4000,2865.6000,2865.8000,2,2,3,1,4,6,22,3,3,6
SF,IH2006,2020-06-17 10:16:31.700,2864.4000,19294,0,5313649500.000,0,-,-,-,-,2864.2000,2864.0000,2863.8000,2863.6000,2863.4000,2864.8000,2865.0000,2865.4000,2865.6000,2865.8000,2,3,3,1,4,6,22,3,3,6
SF,IH2006,2020-06-17 10:16:32.200,2864.4000,19294,0,5313649500.000,0,-,-,-,-,2864.2000,2864.0000,2863.8000,2863.6000,2863.4000,2864.8000,2865.0000,2865.4000,2865.6000,2865.8000,2,3,3,1,4,6,22,3,3,6
SF,IH2006,2020-06-17 10:16:33.700,2864.4000,19294,0,5313649500.000,0,-,-,-,-,2864.2000,2864.0000,2863.8000,2863.6000,2863.4000,2864.8000,2865.0000,2865.4000,2865.6000,2865.8000,4,3,3,1,4,6,22,3,3,6
SF,IH2006,2020-06-17 10:16:36.200,2864.8000,19289,-5,5317946700.000,5,0,5,双平,B,2864.2000,2864.0000,2863.8000,2863.6000,2863.4000,2864.8000,2865.0000,2865.4000,2865.6000,2865.8000,4,3,3,1,4,1,22,3,3,6
SF,IH2006,2020-06-17 10:16:36.700,2864.8000,19289,0,5317946700.000,0,-,-,-,-,2864.2000,2864.0000,2863.8000,2863.6000,2863.4000,2864.8000,2865.0000,2865.4000,2865.6000,2865.8000,4,3,3,1,4,1,22,3,3,6
SF,IH2006,2020-06-17 10:16:40.200,2864.2000,19289,0,5318805960.000,1,0,1,空换,B,2864.2000,2864.0000,2863.8000,2863.6000,2863.4000,2864.8000,2865.0000,2865.4000,2865.6000,2865.8000,3,3,3,1,4,1,22,3,3,6
SF,IH2006,2020-06-17 10:16:40.700,2864.2000,19289,0,5318805960.000,0,-,-,-,-,2864.2000,2864.0000,2863.8000,2863.6000,2863.4000,2864.8000,2865.0000,2865.4000,2865.6000,2865.8000,3,3,3,1,4,1,22,3,3,6
SF,IH2006,2020-06-17 10:16:42.200,2864.2000,19289,0,5318805960.000,0,-,-,-,-,2864.2000,2864.0000,2863.8000,2863.6000,2863.4000,2864.6000,2864.8000,2865.0000,2865.4000,2865.6000,3,3,3,1,4,1,1,22,3,3
SF,IH2006,2020-06-17 10:16:42.700,2864.2000,19289,0,5318805960.000,0,-,-,-,-,2864.2000,2864.0000,2863.8000,2863.6000,2863.4000,2864.4000,2864.6000,2864.8000,2865.0000,2865.4000,3,3,3,1,4,1,3,1,22,3
SF,IH2006,2020-06-17 10:16:43.200,2864.2000,19289,0,5318805960.000,0,-,-,-,-,2864.2000,2864.0000,2863.8000,2863.6000,2863.4000,2864.4000,2864.6000,2864.8000,2865.0000,2865.4000,3,3,3,1,3,1,3,1,22,3
SF,IH2006,2020-06-17 10:16:44.700,2864.2000,19289,0,5318805960.000,0,-,-,-,-,2864.2000,2864.0000,2863.8000,2863.6000,2863.4000,2864.4000,2864.6000,2864.8000,2865.0000,2865.4000,3,3,3,1,3,2,3,1,22,3
SF,IH2006,2020-06-17 10:16:45.200,2864.2000,19289,0,5318805960.000,0,-,-,-,-,2864.2000,2864.0000,2863.8000,2863.6000,2863.4000,2864.4000,2864.6000,2864.8000,2865.0000,2865.4000,1,3,3,1,3,2,3,1,22,3
SF,IH2006,2020-06-17 10:16:46.200,2864.4000,19288,-1,5321383860.000,3,1,2,空平,B,2864.0000,2863.8000,2863.6000,2863.4000,2863.2000,2864.6000,2864.8000,2865.0000,2865.4000,2865.6000,3,3,1,3,3,3,1,22,3,3
SF,IH2006,2020-06-17 10:16:46.700,2864.4000,19288,0,5321383860.000,0,-,-,-,-,2864.0000,2863.8000,2863.6000,2863.4000,2863.2000,2864.6000,2864.8000,2865.0000,2865.4000,2865.6000,3,3,1,3,3,4,1,22,3,3
SF,IH2006,2020-06-17 10:16:50.200,2864.0000,19287,-1,5322243060.000,1,0,1,双平,B,2864.0000,2863.8000,2863.6000,2863.4000,2863.2000,2864.6000,2864.8000,2865.0000,2865.4000,2865.6000,2,3,1,3,3,4,1,22,3,3
SF,IH2006,2020-06-17 10:16:50.700,2864.0000,19287,0,5322243060.000,0,-,-,-,-,2864.0000,2863.8000,2863.6000,2863.4000,2863.2000,2864.4000,2864.6000,2864.8000,2865.0000,2865.4000,2,3,1,3,4,1,4,1,22,3
SF,IH2006,2020-06-17 10:16:51.200,2864.0000,19287,0,5322243060.000,0,-,-,-,-,2864.0000,2863.8000,2863.6000,2863.4000,2863.2000,2864.4000,2864.6000,2864.8000,2865.0000,2865.4000,1,3,1,3,4,1,4,1,22,3
SF,IH2006,2020-06-17 10:16:51.700,2864.2000,19286,-1,5323102320.000,1,0,1,双平,B,2864.0000,2863.8000,2863.6000,2863.4000,2863.2000,2864.4000,2864.6000,2864.8000,2865.0000,2865.4000,1,3,1,3,4,1,4,1,22,3
SF,IH2006,2020-06-17 10:16:54.200,2864.4000,19286,0,5323961640.000,1,0,1,空换,B,2864.2000,2864.0000,2863.8000,2863.6000,2863.4000,2864.6000,2864.8000,2865.0000,2865.4000,2865.6000,1,1,4,1,3,2,1,22,3,3
SF,IH2006,2020-06-17 10:16:54.700,2864.4000,19286,0,5323961640.000,0,-,-,-,-,2864.4000,2864.2000,2864.0000,2863.8000,2863.6000,2864.6000,2864.8000,2865.0000,2865.4000,2865.6000,1,1,1,4,1,1,1,22,3,3
SF,IH2006,2020-06-17 10:16:55.200,2864.4000,19286,0,5323961640.000,0,-,-,-,-,2864.0000,2863.8000,2863.6000,2863.4000,2863.2000,2864.6000,2864.8000,2865.0000,2865.4000,2865.6000,1,4,1,3,4,1,1,22,3,3
SF,IH2006,2020-06-17 10:16:55.700,2864.4000,19286,0,5323961640.000,0,-,-,-,-,2864.2000,2864.0000,2863.8000,2863.6000,2863.4000,2864.6000,2864.8000,2865.0000,2865.4000,2865.6000,2,1,4,1,3,1,1,22,3,3
SF,IH2006,2020-06-17 10:16:56.700,2864.4000,19286,0,5323961640.000,0,-,-,-,-,2864.2000,2864.0000,2863.8000,2863.6000,2863.4000,2864.6000,2864.8000,2865.0000,2865.4000,2865.6000,2,1,4,1,3,2,1,22,3,3
SF,IH2006,2020-06-17 10:16:57.200,2864.4000,19286,0,5323961640.000,0,-,-,-,-,2864.2000,2864.0000,2863.8000,2863.6000,2863.4000,2864.6000,2864.8000,2865.0000,2865.4000,2865.6000,2,3,4,1,3,2,1,22,3,3
SF,IH2006,2020-06-17 10:16:59.200,2864.2000,19286,0,5324820900.000,1,0,1,空换,B,2864.2000,2864.0000,2863.8000,2863.6000,2863.4000,2864.6000,2864.8000,2865.0000,2865.4000,2865.6000,1,3,4,1,3,2,1,22,3,3
SF,IH2006,2020-06-17 10:16:59.700,2864.2000,19286,0,5324820900.000,0,-,-,-,-,2864.2000,2864.0000,2863.8000,2863.6000,2863.4000,2864.6000,2864.8000,2865.0000,2865.4000,2865.6000,1,3,4,1,3,3,1,22,3,3
SF,IH2006,2020-06-17 10:17:01.200,2864.2000,19287,1,5325680160.000,1,1,0,双开,B,2864.0000,2863.8000,2863.6000,2863.4000,2863.2000,2864.6000,2864.8000,2865.0000,2865.4000,2865.6000,3,4,1,3,4,3,1,22,3,3
SF,IH2006,2020-06-17 10:17:01.700,2864.2000,19287,0,5325680160.000,0,-,-,-,-,2864.0000,2863.8000,2863.6000,2863.4000,2863.2000,2864.6000,2864.8000,2865.0000,2865.4000,2865.6000,3,4,1,3,4,4,1,22,3,3
SF,IH2006,2020-06-17 10:17:02.200,2864.2000,19287,0,5325680160.000,0,-,-,-,-,2864.0000,2863.8000,2863.6000,2863.4000,2863.2000,2864.6000,2864.8000,2865.0000,2865.4000,2865.6000,3,4,1,3,4,4,1,22,3,3
SF,IH2006,2020-06-17 10:17:02.700,2864.2000,19287,0,5325680160.000,0,-,-,-,-,2864.0000,2863.8000,2863.6000,2863.4000,2863.2000,2864.6000,2864.8000,2865.0000,2865.4000,2865.6000,3,3,1,3,4,4,1,22,3,3
SF,IH2006,2020-06-17 10:17:03.200,2864.0000,19287,0,5326539360.000,1,0,1,空换,B,2864.0000,2863.8000,2863.6000,2863.4000,2863.2000,2864.6000,2864.8000,2865.0000,2865.4000,2865.6000,2,3,1,3,4,4,1,22,3,3
SF,IH2006,2020-06-17 10:17:04.200,2864.0000,19287,0,5326539360.000,0,-,-,-,-,2864.0000,2863.8000,2863.6000,2863.4000,2863.2000,2864.4000,2864.6000,2864.8000,2865.0000,2865.4000,2,3,1,3,4,1,4,1,21,3
SF,IH2006,2020-06-17 10:17:04.700,2864.0000,19287,0,5326539360.000,0,-,-,-,-,2864.0000,2863.8000,2863.6000,2863.4000,2863.2000,2864.4000,2864.6000,2864.8000,2865.0000,2865.4000,2,3,1,3,4,2,3,1,21,3
SF,IH2006,2020-06-17 10:17:05.200,2864.4000,19286,-1,5327398680.000,1,0,1,双平,B,2864.2000,2864.0000,2863.8000,2863.6000,2863.4000,2864.4000,2864.6000,2864.8000,2865.0000,2865.4000,2,2,3,1,3,1,3,1,21,3
SF,IH2006,2020-06-17 10:17:05.700,2864.4000,19286,0,5328258000.000,1,0,1,空换,B,2864.2000,2864.0000,2863.8000,2863.6000,2863.4000,2864.6000,2864.8000,2865.0000,2865.4000,2865.6000,2,3,3,1,3,3,1,21,3,3
SF,IH2006,2020-06-17 10:17:06.700,2864.4000,19286,0,5328258000.000,0,-,-,-,-,2864.2000,2864.0000,2863.8000,2863.6000,2863.4000,2864.6000,2864.8000,2865.0000,2865.4000,2865.6000,2,3,3,1,3,3,1,21,3,3
SF,IH2006,2020-06-17 10:17:07.700,2864.4000,19286,0,5328258000.000,0,-,-,-,-,2864.2000,2864.0000,2863.8000,2863.6000,2863.4000,2864.4000,2864.6000,2864.8000,2865.0000,2865.4000,2,3,3,1,3,3,3,1,21,3
SF,IH2006,2020-06-17 10:17:08.200,2864.4000,19286,0,5330835960.000,3,1,2,空换,B,2864.2000,2864.0000,2863.8000,2863.6000,2863.4000,2864.6000,2864.8000,2865.0000,2865.4000,2865.6000,2,3,3,1,3,3,1,21,3,3
SF,IH2006,2020-06-17 10:17:08.700,2864.4000,19286,0,5330835960.000,0,-,-,-,-,2864.2000,2864.0000,2863.8000,2863.6000,2863.4000,2864.6000,2864.8000,2865.0000,2865.4000,2865.6000,3,3,3,1,3,3,1,21,3,3
SF,IH2006,2020-06-17 10:17:10.200,2864.4000,19286,0,5330835960.000,0,-,-,-,-,2864.2000,2864.0000,2863.8000,2863.6000,2863.4000,2864.6000,2864.8000,2865.0000,2865.4000,2865.6000,3,3,3,1,3,3,1,21,3,4
SF,IH2006,2020-06-17 10:17:11.200,2864.4000,19286,0,5330835960.000,0,-,-,-,-,2864.2000,2864.0000,2863.8000,2863.6000,2863.4000,2864.6000,2864.8000,2865.0000,2865.4000,2865.6000,3,3,3,1,1,3,1,21,3,4
SF,IH2006,2020-06-17 10:17:13.200,2864.2000,19285,-1,5331695220.000,1,0,1,双平,B,2864.2000,2864.0000,2863.8000,2863.6000,2863.4000,2864.6000,2864.8000,2865.0000,2865.4000,2865.6000,2,3,3,1,1,3,1,21,3,4
SF,IH2006,2020-06-17 10:17:14.200,2864.2000,19285,0,5331695220.000,0,-,-,-,-,2864.4000,2864.2000,2864.0000,2863.8000,2863.6000,2864.6000,2864.8000,2865.0000,2865.4000,2865.6000,1,2,3,3,1,3,1,21,3,4
SF,IH2006,2020-06-17 10:17:14.700,2864.6000,19284,-1,5332554600.000,1,0,1,双平,B,2864.4000,2864.2000,2864.0000,2863.8000,2863.6000,2864.6000,2864.8000,2865.0000,2865.4000,2865.6000,1,2,3,3,1,3,1,21,3,4
SF,IH2006,2020-06-17 10:17:15.200,2864.8000,19283,-1,5335992180.000,4,1,3,空平,B,2864.6000,2864.4000,2864.2000,2864.0000,2863.8000,2865.0000,2865.4000,2865.6000,2865.8000,2866.0000,1,2,2,3,3,21,3,4,6,1
SF,IH2006,2020-06-17 10:17:15.700,2864.4000,19283,0,5336851500.000,1,0,1,空换,B,2864.4000,2864.2000,2864.0000,2863.8000,2863.6000,2865.0000,2865.4000,2865.6000,2865.8000,2866.0000,1,2,3,3,1,20,3,4,6,1
SF,IH2006,2020-06-17 10:17:16.200,2864.4000,19283,0,5336851500.000,0,-,-,-,-,2864.8000,2864.6000,2864.4000,2864.2000,2864.0000,2865.0000,2865.4000,2865.6000,2865.8000,2866.0000,3,3,1,2,3,20,3,4,6,1
SF,IH2006,2020-06-17 10:17:16.700,2865.0000,19281,-2,5338570500.000,2,0,2,双平,B,2864.6000,2864.4000,2864.2000,2864.0000,2863.8000,2865.0000,2865.4000,2865.6000,2865.8000,2866.0000,3,1,2,3,3,18,3,4,6,1
SF,IH2006,2020-06-17 10:17:19.200,2865.0000,19281,0,5338570500.000,0,-,-,-,-,2864.8000,2864.6000,2864.4000,2864.2000,2864.0000,2865.0000,2865.4000,2865.6000,2865.8000,2866.0000,2,3,1,2,3,18,3,4,6,1
SF,IH2006,2020-06-17 10:17:19.700,2864.8000,19281,0,5339429940.000,1,0,1,空换,B,2864.8000,2864.6000,2864.4000,2864.2000,2864.0000,2865.0000,2865.4000,2865.6000,2865.8000,2866.0000,1,3,2,2,3,18,3,4,6,1
SF,IH2006,2020-06-17 10:17:20.200,2864.8000,19281,0,5339429940.000,0,-,-,-,-,2864.8000,2864.6000,2864.4000,2864.2000,2864.0000,2865.0000,2865.4000,2865.6000,2865.8000,2866.0000,1,3,2,2,4,18,3,4,6,1
SF,IH2006,2020-06-17 10:17:20.700,2864.8000,19281,0,5340289380.000,1,0,1,空换,B,2864.6000,2864.4000,2864.2000,2864.0000,2863.8000,2865.0000,2865.4000,2865.6000,2865.8000,2866.0000,3,2,2,4,3,18,3,4,6,1
SF,IH2006,2020-06-17 10:17:23.200,2865.0000,19281,0,5348884380.000,10,5,5,空换,B,2864.6000,2864.4000,2864.2000,2864.0000,2863.8000,2865.0000,2865.4000,2865.6000,2865.8000,2866.0000,3,2,2,4,3,8,3,4,6,1
SF,IH2006,2020-06-17 10:17:23.700,2865.0000,19277,-4,5355760380.000,8,2,6,空平,B,2865.0000,2864.8000,2864.6000,2864.4000,2864.2000,2865.4000,2865.6000,2865.8000,2866.0000,2866.2000,1,1,4,2,2,3,4,6,1,1
SF,IH2006,2020-06-17 10:17:24.200,2864.8000,19276,-1,5356619820.000,1,0,1,双平,B,2864.6000,2864.4000,2864.2000,2864.0000,2863.8000,2865.4000,2865.6000,2865.8000,2866.0000,2866.2000,3,2,2,4,3,3,4,6,1,1
SF,IH2006,2020-06-17 10:17:24.700,2864.8000,19276,0,5356619820.000,0,-,-,-,-,2864.6000,2864.4000,2864.2000,2864.0000,2863.8000,2865.4000,2865.6000,2865.8000,2866.0000,2866.2000,3,2,2,4,3,2,4,6,1,1
SF,IH2006,2020-06-17 10:17:25.200,2864.8000,19276,0,5356619820.000,0,-,-,-,-,2864.8000,2864.6000,2864.4000,2864.2000,2864.0000,2865.4000,2865.6000,2865.8000,2866.0000,2866.2000,3,3,2,2,4,2,4,6,1,1
SF,IH2006,2020-06-17 10:17:25.700,2864.8000,19276,0,5356619820.000,0,-,-,-,-,2865.0000,2864.8000,2864.6000,2864.4000,2864.2000,2865.4000,2865.6000,2865.8000,2866.0000,2866.2000,1,3,4,2,2,2,4,6,1,1
SF,IH2006,2020-06-17 10:17:26.700,2864.8000,19276,0,5356619820.000,0,-,-,-,-,2865.0000,2864.8000,2864.6000,2864.4000,2864.2000,2865.4000,2865.6000,2865.8000,2866.0000,2866.2000,1,2,4,2,2,2,5,6,1,1
SF,IH2006,2020-06-17 10:17:27.700,2864.8000,19276,0,5356619820.000,0,-,-,-,-,2865.0000,2864.8000,2864.6000,2864.4000,2864.2000,2865.4000,2865.6000,2865.8000,2866.0000,2866.2000,1,3,4,2,2,2,5,6,1,1
SF,IH2006,2020-06-17 10:17:28.200,2864.8000,19276,0,5356619820.000,0,-,-,-,-,2865.0000,2864.8000,2864.6000,2864.4000,2864.2000,2865.2000,2865.4000,2865.6000,2865.8000,2866.0000,1,3,4,2,2,1,2,5,6,1
SF,IH2006,2020-06-17 10:17:28.700,2864.8000,19276,0,5356619820.000,0,-,-,-,-,2864.8000,2864.6000,2864.4000,2864.2000,2864.0000,2865.2000,2865.4000,2865.6000,2865.8000,2866.0000,3,4,2,2,4,1,2,5,6,1
SF,IH2006,2020-06-17 10:17:29.200,2864.8000,19276,0,5356619820.000,0,-,-,-,-,2865.0000,2864.8000,2864.6000,2864.4000,2864.2000,2865.2000,2865.4000,2865.6000,2865.8000,2866.0000,1,3,4,2,2,1,2,5,6,1
SF,IH2006,2020-06-17 10:17:29.700,2865.0000,19277,1,5357479320.000,1,1,0,双开,B,2864.8000,2864.6000,2864.4000,2864.2000,2864.0000,2865.0000,2865.2000,2865.4000,2865.6000,2865.8000,1,3,2,2,4,1,1,2,5,6
SF,IH2006,2020-06-17 10:17:30.200,2864.8000,19277,0,5358338760.000,1,0,1,空换,B,2864.6000,2864.4000,2864.2000,2864.0000,2863.8000,2865.2000,2865.4000,2865.6000,2865.8000,2866.0000,3,2,1,4,3,1,2,5,6,1
SF,IH2006,2020-06-17 10:17:30.700,2864.8000,19277,0,5358338760.000,0,-,-,-,-,2864.6000,2864.4000,2864.2000,2864.0000,2863.8000,2865.0000,2865.2000,2865.4000,2865.6000,2865.8000,2,1,1,4,3,22,1,2,5,6
SF,IH2006,2020-06-17 10:17:31.200,2864.6000,19277,0,5360057520.000,2,1,1,空换,B,2864.4000,2864.2000,2864.0000,2863.8000,2863.6000,2864.6000,2865.0000,2865.2000,2865.4000,2865.6000,1,1,4,3,1,7,22,1,2,7
SF,IH2006,2020-06-17 10:17:31.700,2864.4000,19278,1,5360916840.000,1,1,0,双开,B,2864.2000,2864.0000,2863.8000,2863.6000,2863.4000,2864.8000,2865.0000,2865.2000,2865.4000,2865.6000,1,4,3,1,1,4,22,1,2,7
SF,IH2006,2020-06-17 10:17:32.200,2864.4000,19278,0,5360916840.000,0,-,-,-,-,2864.2000,2864.0000,2863.8000,2863.6000,2863.4000,2864.6000,2864.8000,2865.0000,2865.2000,2865.4000,1,4,3,1,1,1,4,21,1,2
SF,IH2006,2020-06-17 10:17:33.700,2865.0000,19274,-4,5366073480.000,6,1,5,空平,B,2864.2000,2864.0000,2863.8000,2863.6000,2863.4000,2865.0000,2865.2000,2865.4000,2865.6000,2865.8000,1,4,3,1,1,20,1,2,7,6
SF,IH2006,2020-06-17 10:17:34.700,2864.2000,19274,0,5366932740.000,1,0,1,空换,B,2864.0000,2863.8000,2863.6000,2863.4000,2863.2000,2865.0000,2865.2000,2865.4000,2865.6000,2865.8000,4,3,1,1,4,20,1,2,7,6
SF,IH2006,2020-06-17 10:17:35.200,2864.2000,19274,0,5366932740.000,0,-,-,-,-,2864.2000,2864.0000,2863.8000,2863.6000,2863.4000,2864.8000,2865.0000,2865.2000,2865.4000,2865.6000,5,4,3,1,1,1,20,1,2,7
SF,IH2006,2020-06-17 10:17:35.700,2864.2000,19274,0,5366932740.000,0,-,-,-,-,2864.2000,2864.0000,2863.8000,2863.6000,2863.4000,2864.8000,2865.0000,2865.2000,2865.4000,2865.6000,4,4,3,1,1,1,20,1,2,7
SF,IH2006,2020-06-17 10:17:36.200,2864.2000,19274,0,5366932740.000,0,-,-,-,-,2864.2000,2864.0000,2863.8000,2863.6000,2863.4000,2864.6000,2864.8000,2865.0000,2865.4000,2865.6000,4,4,3,1,1,1,1,20,2,7
SF,IH2006,2020-06-17 10:17:36.700,2864.2000,19274,0,5366932740.000,0,-,-,-,-,2864.2000,2864.0000,2863.8000,2863.6000,2863.4000,2864.6000,2864.8000,2865.0000,2865.4000,2865.6000,5,4,3,1,1,1,1,20,2,7
SF,IH2006,2020-06-17 10:17:37.200,2864.2000,19274,0,5366932740.000,0,-,-,-,-,2864.6000,2864.2000,2864.0000,2863.8000,2863.6000,2864.8000,2865.0000,2865.4000,2865.6000,2865.8000,1,5,4,3,1,1,20,2,7,6
SF,IH2006,2020-06-17 10:17:37.700,2864.2000,19273,-1,5367792000.000,1,0,1,双平,B,2864.2000,2864.0000,2863.8000,2863.6000,2863.4000,2865.0000,2865.4000,2865.6000,2865.8000,2866.0000,3,4,3,1,1,20,2,7,6,1
SF,IH2006,2020-06-17 10:17:38.200,2864.2000,19273,0,5367792000.000,0,-,-,-,-,2864.4000,2864.2000,2864.0000,2863.8000,2863.6000,2865.0000,2865.4000,2865.6000,2865.8000,2866.0000,1,3,4,3,1,20,2,7,6,1
SF,IH2006,2020-06-17 10:17:38.700,2864.2000,19273,0,5367792000.000,0,-,-,-,-,2864.4000,2864.2000,2864.0000,2863.8000,2863.6000,2865.0000,2865.4000,2865.6000,2865.8000,2866.0000,1,4,4,3,1,20,2,7,6,1
SF,IH2006,2020-06-17 10:17:40.700,2864.2000,19273,0,5367792000.000,0,-,-,-,-,2864.4000,2864.2000,2864.0000,2863.8000,2863.6000,2865.0000,2865.4000,2865.6000,2865.8000,2866.0000,1,5,4,3,1,20,2,7,6,1
SF,IH2006,2020-06-17 10:17:41.200,2864.2000,19273,0,5367792000.000,0,-,-,-,-,2864.4000,2864.2000,2864.0000,2863.8000,2863.6000,2865.0000,2865.4000,2865.6000,2865.8000,2866.0000,2,5,4,3,1,20,2,7,6,1
SF,IH2006,2020-06-17 10:17:41.700,2864.8000,19273,0,5368651440.000,1,0,1,空换,B,2864.4000,2864.2000,2864.0000,2863.8000,2863.6000,2865.0000,2865.4000,2865.6000,2865.8000,2866.0000,1,5,4,3,1,20,2,7,6,1
SF,IH2006,2020-06-17 10:17:43.200,2864.8000,19273,0,5368651440.000,0,-,-,-,-,2864.4000,2864.2000,2864.0000,2863.8000,2863.6000,2865.0000,2865.4000,2865.6000,2865.8000,2866.0000,3,5,4,3,1,20,2,7,6,1
SF,IH2006,2020-06-17 10:17:44.700,2864.8000,19273,0,5368651440.000,0,-,-,-,-,2864.4000,2864.2000,2864.0000,2863.8000,2863.6000,2865.0000,2865.4000,2865.6000,2865.8000,2866.0000,3,5,4,3,1,21,2,7,6,1
SF,IH2006,2020-06-17 10:17:45.200,2864.8000,19273,0,5368651440.000,0,-,-,-,-,2864.4000,2864.2000,2864.0000,2863.8000,2863.6000,2865.0000,2865.4000,2865.6000,2865.8000,2866.0000,3,5,2,3,2,21,2,7,6,1
SF,IH2006,2020-06-17 10:17:47.700,2864.8000,19273,0,5368651440.000,0,-,-,-,-,2864.4000,2864.2000,2864.0000,2863.8000,2863.6000,2865.0000,2865.4000,2865.6000,2865.8000,2866.0000,3,5,2,3,2,21,2,7,6,1
SF,IH2006,2020-06-17 10:17:48.200,2864.8000,19273,0,5368651440.000,0,-,-,-,-,2864.6000,2864.4000,2864.2000,2864.0000,2863.8000,2865.0000,2865.4000,2865.6000,2865.8000,2866.0000,1,3,5,3,3,21,2,7,6,1
SF,IH2006,2020-06-17 10:17:48.700,2864.6000,19274,1,5369510820.000,1,1,0,双开,B,2864.4000,2864.2000,2864.0000,2863.8000,2863.6000,2865.0000,2865.4000,2865.6000,2865.8000,2866.0000,3,5,3,3,2,21,2,7,6,1
SF,IH2006,2020-06-17 10:17:49.200,2864.6000,19274,0,5369510820.000,0,-,-,-,-,2864.4000,2864.2000,2864.0000,2863.8000,2863.6000,2864.6000,2865.0000,2865.4000,2865.6000,2865.8000,3,5,3,3,2,3,21,2,7,6
SF,IH2006,2020-06-17 10:17:49.700,2864.4000,19272,-2,5372088780.000,3,0,3,空平,B,2864.2000,2864.0000,2863.8000,2863.6000,2863.4000,2864.4000,2864.8000,2865.0000,2865.4000,2865.6000,4,3,3,2,1,1,1,21,2,7
SF,IH2006,2020-06-17 10:17:50.200,2864.4000,19272,0,5372088780.000,0,-,-,-,-,2864.2000,2864.0000,2863.8000,2863.6000,2863.4000,2864.8000,2865.0000,2865.4000,2865.6000,2865.8000,4,3,3,2,1,1,21,2,7,6
SF,IH2006,2020-06-17 10:17:51.700,2864.4000,19272,0,5372088780.000,0,-,-,-,-,2864.2000,2864.0000,2863.8000,2863.6000,2863.4000,2864.8000,2865.0000,2865.4000,2865.6000,2865.8000,5,3,3,2,1,1,21,2,7,6
SF,IH2006,2020-06-17 10:17:52.700,2864.4000,19272,0,5372088780.000,0,-,-,-,-,2864.2000,2864.0000,2863.8000,2863.6000,2863.4000,2864.8000,2865.0000,2865.4000,2865.6000,2865.8000,5,3,3,2,1,2,21,2,7,6
SF,IH2006,2020-06-17 10:17:56.200,2864.8000,19273,1,5372948220.000,1,1,0,双开,B,2864.2000,2864.0000,2863.8000,2863.6000,2863.4000,2864.8000,2865.0000,2865.4000,2865.6000,2865.8000,5,3,3,2,1,1,21,2,7,6
SF,IH2006,2020-06-17 10:17:57.200,2864.8000,19273,0,5372948220.000,0,-,-,-,-,2864.2000,2864.0000,2863.8000,2863.6000,2863.4000,2864.8000,2865.0000,2865.4000,2865.6000,2865.8000,5,3,3,2,1,2,21,2,7,6
SF,IH2006,2020-06-17 10:17:58.200,2864.8000,19273,0,5372948220.000,0,-,-,-,-,2864.2000,2864.0000,2863.8000,2863.6000,2863.4000,2864.8000,2865.0000,2865.4000,2865.6000,2865.8000,10,3,3,2,1,2,21,2,7,6
SF,IH2006,2020-06-17 10:17:58.700,2864.8000,19273,0,5372948220.000,0,-,-,-,-,2864.2000,2864.0000,2863.8000,2863.6000,2863.4000,2864.8000,2865.0000,2865.4000,2865.6000,2865.8000,10,3,3,2,1,2,21,2,7,6
SF,IH2006,2020-06-17 10:17:59.200,2864.8000,19273,0,5372948220.000,0,-,-,-,-,2864.4000,2864.2000,2864.0000,2863.8000,2863.6000,2864.8000,2865.0000,2865.4000,2865.6000,2865.8000,3,10,3,3,2,2,21,2,7,6
SF,IH2006,2020-06-17 10:17:59.700,2864.8000,19273,0,5372948220.000,0,-,-,-,-,2864.4000,2864.2000,2864.0000,2863.8000,2863.6000,2864.8000,2865.0000,2865.4000,2865.6000,2865.8000,2,10,3,3,2,3,21,2,7,6
SF,IH2006,2020-06-17 10:18:00.700,2864.8000,19273,0,5373807660.000,1,0,1,空换,B,2864.4000,2864.2000,2864.0000,2863.8000,2863.6000,2864.8000,2865.0000,2865.4000,2865.6000,2865.8000,2,10,3,3,2,3,21,2,7,6
SF,IH2006,2020-06-17 10:18:02.200,2864.8000,19273,0,5373807660.000,0,-,-,-,-,2864.4000,2864.2000,2864.0000,2863.8000,2863.6000,2864.8000,2865.0000,2865.4000,2865.6000,2865.8000,3,10,3,3,2,3,21,2,7,6
SF,IH2006,2020-06-17 10:18:04.700,2864.8000,19273,0,5373807660.000,0,-,-,-,-,2864.6000,2864.4000,2864.2000,2864.0000,2863.8000,2864.8000,2865.0000,2865.4000,2865.6000,2865.8000,1,3,10,3,3,3,21,2,7,6
SF,IH2006,2020-06-17 10:18:05.200,2864.8000,19274,1,5376385980.000,3,2,1,多开,B,2864.8000,2864.6000,2864.4000,2864.2000,2864.0000,2865.0000,2865.4000,2865.6000,2865.8000,2866.0000,3,2,1,9,3,21,2,7,6,1
SF,IH2006,2020-06-17 10:18:05.700,2865.0000,19272,-2,5378104980.000,2,0,2,双平,B,2864.8000,2864.6000,2864.4000,2864.2000,2864.0000,2865.0000,2865.4000,2865.6000,2865.8000,2866.0000,3,2,1,9,3,19,2,7,6,1
SF,IH2006,2020-06-17 10:18:06.200,2865.0000,19265,-7,5388418980.000,12,2,10,空平,B,2864.8000,2864.6000,2864.4000,2864.2000,2864.0000,2865.0000,2865.4000,2865.6000,2865.8000,2866.0000,3,2,1,9,3,7,2,7,6,1
SF,IH2006,2020-06-17 10:18:06.700,2865.0000,19261,-4,5394435480.000,7,1,6,空平,B,2865.0000,2864.8000,2864.6000,2864.4000,2864.2000,2865.4000,2865.6000,2865.8000,2866.0000,2866.2000,12,3,2,1,9,2,7,6,1,1
SF,IH2006,2020-06-17 10:18:07.200,2865.0000,19261,0,5394435480.000,0,-,-,-,-,2865.0000,2864.8000,2864.6000,2864.4000,2864.2000,2865.4000,2865.6000,2865.8000,2866.0000,2866.2000,4,3,2,1,9,2,7,6,1,1
SF,IH2006,2020-06-17 10:18:07.700,2865.0000,19261,0,5394435480.000,0,-,-,-,-,2865.0000,2864.8000,2864.6000,2864.4000,2864.2000,2865.4000,2865.6000,2865.8000,2866.0000,2866.2000,2,3,2,1,9,2,7,6,1,1
SF,IH2006,2020-06-17 10:18:08.200,2865.4000,19260,-1,5395295100.000,1,0,1,双平,B,2865.0000,2864.8000,2864.6000,2864.4000,2864.2000,2865.4000,2865.6000,2865.8000,2866.0000,2866.2000,1,3,2,1,9,1,7,6,1,1
SF,IH2006,2020-06-17 10:18:09.200,2865.4000,19260,0,5395295100.000,0,-,-,-,-,2865.0000,2864.8000,2864.6000,2864.4000,2864.2000,2865.4000,2865.6000,2865.8000,2866.0000,2866.2000,2,3,2,1,9,1,7,6,1,1
SF,IH2006,2020-06-17 10:18:09.700,2865.4000,19260,0,5395295100.000,0,-,-,-,-,2865.0000,2864.8000,2864.6000,2864.4000,2864.2000,2865.4000,2865.6000,2865.8000,2866.0000,2866.2000,1,3,2,1,4,1,7,6,1,1
SF,IH2006,2020-06-17 10:18:13.200,2865.4000,19259,-1,5396154720.000,1,0,1,双平,B,2865.4000,2865.0000,2864.8000,2864.6000,2864.4000,2865.6000,2865.8000,2866.0000,2866.2000,2866.4000,4,1,3,2,1,7,6,1,1,2
SF,IH2006,2020-06-17 10:18:14.200,2865.4000,19259,0,5396154720.000,0,-,-,-,-,2865.4000,2865.0000,2864.8000,2864.6000,2864.4000,2865.6000,2865.8000,2866.0000,2866.2000,2866.4000,4,1,3,3,1,7,6,1,1,2
SF,IH2006,2020-06-17 10:18:14.700,2865.6000,19259,0,5397014400.000,1,0,1,空换,B,2865.4000,2865.0000,2864.8000,2864.6000,2864.4000,2865.6000,2865.8000,2866.0000,2866.2000,2866.4000,4,1,3,3,1,6,6,1,1,2
SF,IH2006,2020-06-17 10:18:15.200,2865.6000,19259,0,5397874080.000,1,0,1,空换,B,2865.4000,2865.0000,2864.8000,2864.6000,2864.4000,2865.6000,2865.8000,2866.0000,2866.2000,2866.4000,4,1,4,3,1,5,6,1,1,2
SF,IH2006,2020-06-17 10:18:15.700,2865.6000,19256,-3,5402172480.000,5,1,4,空平,B,2865.4000,2865.0000,2864.8000,2864.6000,2864.4000,2865.8000,2866.0000,2866.2000,2866.4000,2866.6000,4,1,4,3,1,6,1,1,2,16
SF,IH2006,2020-06-17 10:18:16.700,2865.6000,19256,0,5402172480.000,0,-,-,-,-,2865.6000,2865.4000,2865.0000,2864.8000,2864.6000,2865.8000,2866.0000,2866.2000,2866.4000,2866.6000,1,4,1,4,3,6,1,1,2,16
SF,IH2006,2020-06-17 10:18:17.200,2865.8000,19255,-1,5403032220.000,1,0,1,双平,B,2865.6000,2865.4000,2865.0000,2864.8000,2864.6000,2865.8000,2866.0000,2866.2000,2866.4000,2866.6000,1,4,2,4,3,5,1,1,2,16
SF,IH2006,2020-06-17 10:18:17.700,2865.8000,19255,0,5403891960.000,1,0,1,空换,B,2865.6000,2865.4000,2865.0000,2864.8000,2864.6000,2865.8000,2866.0000,2866.2000,2866.4000,2866.6000,1,4,2,4,3,4,1,1,2,16
SF,IH2006,2020-06-17 10:18:18.200,2865.8000,19255,0,5405611440.000,2,1,1,空换,B,2865.6000,2865.4000,2865.0000,2864.8000,2864.6000,2865.8000,2866.0000,2866.2000,2866.4000,2866.6000,1,4,2,4,3,2,1,1,2,16
SF,IH2006,2020-06-17 10:18:18.700,2865.8000,19255,0,5407330920.000,2,1,1,空换,B,2865.4000,2865.0000,2864.8000,2864.6000,2864.4000,2866.0000,2866.2000,2866.4000,2866.6000,2866.8000,4,2,4,3,1,1,1,2,16,6
SF,IH2006,2020-06-17 10:18:19.200,2865.8000,19255,0,5407330920.000,0,-,-,-,-,2865.8000,2865.6000,2865.4000,2865.0000,2864.8000,2866.0000,2866.2000,2866.4000,2866.6000,2866.8000,4,4,4,2,4,1,1,2,16,6
SF,IH2006,2020-06-17 10:18:19.700,2865.8000,19255,0,5407330920.000,0,-,-,-,-,2865.6000,2865.4000,2865.0000,2864.8000,2864.6000,2866.0000,2866.2000,2866.4000,2866.6000,2866.8000,4,4,2,4,3,1,1,2,16,6
SF,IH2006,2020-06-17 10:18:20.200,2865.8000,19255,0,5407330920.000,0,-,-,-,-,2865.6000,2865.4000,2865.0000,2864.8000,2864.6000,2866.0000,2866.2000,2866.4000,2866.6000,2866.8000,5,4,2,4,3,1,1,2,16,6
SF,IH2006,2020-06-17 10:18:21.200,2865.8000,19255,0,5407330920.000,0,-,-,-,-,2865.6000,2865.4000,2865.2000,2865.0000,2864.8000,2866.0000,2866.2000,2866.4000,2866.6000,2866.8000,3,4,1,2,4,1,1,2,16,6
SF,IH2006,2020-06-17 10:18:22.200,2865.8000,19255,0,5407330920.000,0,-,-,-,-,2865.6000,2865.4000,2865.2000,2865.0000,2864.8000,2865.8000,2866.0000,2866.2000,2866.4000,2866.6000,3,4,1,2,4,1,1,1,2,16
SF,IH2006,2020-06-17 10:18:23.200,2865.6000,19255,0,5409050280.000,2,1,1,空换,B,2865.6000,2865.4000,2865.2000,2865.0000,2864.8000,2865.8000,2866.0000,2866.2000,2866.4000,2866.6000,1,4,1,2,4,1,1,1,2,16
SF,IH2006,2020-06-17 10:18:23.700,2865.6000,19254,-1,5409909960.000,1,0,1,双平,B,2865.4000,2865.2000,2865.0000,2864.8000,2864.6000,2865.8000,2866.0000,2866.2000,2866.4000,2866.6000,4,1,2,4,3,1,1,1,2,16
SF,IH2006,2020-06-17 10:18:24.200,2865.6000,19254,0,5409909960.000,0,-,-,-,-,2865.4000,2865.2000,2865.0000,2864.8000,2864.6000,2865.8000,2866.0000,2866.2000,2866.4000,2866.6000,4,2,2,4,3,1,1,1,2,16
SF,IH2006,2020-06-17 10:18:26.700,2865.8000,19255,1,5410769700.000,1,1,0,双开,B,2865.6000,2865.4000,2865.2000,2865.0000,2864.8000,2866.0000,2866.2000,2866.4000,2866.6000,2866.8000,1,4,2,2,4,1,1,2,16,6
SF,IH2006,2020-06-17 10:18:28.200,2865.8000,19255,0,5410769700.000,0,-,-,-,-,2865.6000,2865.4000,2865.2000,2865.0000,2864.8000,2866.0000,2866.2000,2866.4000,2866.6000,2866.8000,1,5,2,2,4,1,1,2,16,6
SF,IH2006,2020-06-17 10:18:28.700,2865.8000,19255,0,5411629440.000,1,0,1,空换,B,2865.8000,2865.6000,2865.4000,2865.2000,2865.0000,2866.0000,2866.2000,2866.4000,2866.6000,2866.8000,1,1,5,2,2,1,1,2,16,6
SF,IH2006,2020-06-17 10:18:29.700,2865.8000,19256,1,5412489180.000,1,1,0,双开,B,2865.4000,2865.2000,2865.0000,2864.8000,2864.6000,2866.0000,2866.2000,2866.4000,2866.6000,2866.8000,5,2,2,4,3,1,1,2,16,6
SF,IH2006,2020-06-17 10:18:30.200,2865.8000,19256,0,5412489180.000,0,-,-,-,-,2865.4000,2865.2000,2865.0000,2864.8000,2864.6000,2866.0000,2866.2000,2866.4000,2866.6000,2866.8000,5,2,2,4,3,1,2,2,16,6
SF,IH2006,2020-06-17 10:18:30.700,2865.8000,19256,0,5412489180.000,0,-,-,-,-,2865.4000,2865.2000,2865.0000,2864.8000,2864.6000,2866.0000,2866.2000,2866.4000,2866.6000,2866.8000,5,2,2,4,3,3,2,2,17,6
SF,IH2006,2020-06-17 10:18:31.200,2865.8000,19256,0,5412489180.000,0,-,-,-,-,2865.4000,2865.2000,2865.0000,2864.8000,2864.6000,2865.8000,2866.0000,2866.2000,2866.4000,2866.6000,5,2,2,4,3,2,3,2,2,17
SF,IH2006,2020-06-17 10:18:31.700,2865.4000,19257,1,5416787280.000,5,3,2,多开,B,2865.2000,2865.0000,2864.8000,2864.6000,2864.4000,2865.4000,2865.8000,2866.0000,2866.2000,2866.4000,2,2,4,3,1,1,4,4,2,2
SF,IH2006,2020-06-17 10:18:32.200,2865.2000,19257,0,5417646840.000,1,0,1,空换,B,2865.2000,2865.0000,2864.8000,2864.6000,2864.4000,2865.8000,2866.0000,2866.2000,2866.4000,2866.6000,1,1,4,3,1,4,4,2,2,17
SF,IH2006,2020-06-17 10:18:32.700,2865.2000,19257,0,5417646840.000,0,-,-,-,-,2865.2000,2865.0000,2864.8000,2864.6000,2864.4000,2865.4000,2865.6000,2865.8000,2866.0000,2866.2000,1,1,4,3,1,2,3,3,4,2
SF,IH2006,2020-06-17 10:18:33.200,2865.2000,19257,0,5417646840.000,0,-,-,-,-,2865.2000,2865.0000,2864.8000,2864.6000,2864.4000,2865.6000,2865.8000,2866.0000,2866.2000,2866.4000,1,1,4,3,1,3,3,4,2,2
SF,IH2006,2020-06-17 10:18:36.700,2865.2000,19257,0,5417646840.000,0,-,-,-,-,2865.4000,2865.2000,2865.0000,2864.8000,2864.6000,2865.6000,2865.8000,2866.0000,2866.2000,2866.4000,1,1,1,4,3,2,3,4,2,2
SF,IH2006,2020-06-17 10:18:37.200,2865.2000,19257,0,5417646840.000,0,-,-,-,-,2865.4000,2865.2000,2865.0000,2864.8000,2864.6000,2865.6000,2865.8000,2866.0000,2866.2000,2866.4000,1,1,1,4,3,2,2,4,2,2
SF,IH2006,2020-06-17 10:18:37.700,2865.2000,19257,0,5417646840.000,0,-,-,-,-,2865.4000,2865.2000,2865.0000,2864.8000,2864.6000,2865.8000,2866.0000,2866.2000,2866.4000,2866.6000,1,1,1,5,3,2,2,2,2,17
SF,IH2006,2020-06-17 10:18:38.200,2865.4000,19257,0,5418506460.000,1,0,1,空换,B,2865.2000,2865.0000,2864.8000,2864.6000,2864.4000,2865.4000,2865.8000,2866.0000,2866.2000,2866.4000,1,1,5,3,1,1,2,1,2,2
SF,IH2006,2020-06-17 10:18:38.700,2865.4000,19257,0,5418506460.000,0,-,-,-,-,2865.2000,2865.0000,2864.8000,2864.6000,2864.4000,2865.8000,2866.0000,2866.2000,2866.4000,2866.6000,1,1,5,3,1,2,1,2,2,17
SF,IH2006,2020-06-17 10:18:39.200,2865.4000,19257,0,5418506460.000,0,-,-,-,-,2865.2000,2865.0000,2864.8000,2864.6000,2864.4000,2865.8000,2866.0000,2866.2000,2866.4000,2866.6000,1,1,5,3,1,2,1,2,2,17
SF,IH2006,2020-06-17 10:18:40.200,2865.4000,19257,0,5418506460.000,0,-,-,-,-,2865.2000,2865.0000,2864.8000,2864.6000,2864.4000,2865.8000,2866.0000,2866.2000,2866.4000,2866.6000,1,1,5,3,1,1,1,2,2,17
SF,IH2006,2020-06-17 10:18:40.700,2865.4000,19257,0,5418506460.000,0,-,-,-,-,2865.2000,2865.0000,2864.8000,2864.6000,2864.4000,2866.0000,2866.2000,2866.4000,2866.6000,2866.8000,2,1,5,3,1,1,2,2,17,6
SF,IH2006,2020-06-17 10:18:41.200,2865.4000,19257,0,5418506460.000,0,-,-,-,-,2865.2000,2865.0000,2864.8000,2864.6000,2864.4000,2865.8000,2866.0000,2866.2000,2866.4000,2866.6000,2,1,5,3,1,1,1,2,2,17
SF,IH2006,2020-06-17 10:18:42.700,2865.4000,19257,0,5418506460.000,0,-,-,-,-,2865.2000,2865.0000,2864.8000,2864.6000,2864.4000,2865.8000,2866.0000,2866.2000,2866.4000,2866.6000,2,1,5,3,1,1,2,2,2,17
SF,IH2006,2020-06-17 10:18:43.700,2865.4000,19257,0,5418506460.000,0,-,-,-,-,2865.2000,2865.0000,2864.8000,2864.6000,2864.4000,2865.8000,2866.0000,2866.2000,2866.4000,2866.6000,8,1,5,3,1,1,2,2,2,17
SF,IH2006,2020-06-17 10:18:44.200,2865.4000,19257,0,5418506460.000,0,-,-,-,-,2865.2000,2865.0000,2864.8000,2864.6000,2864.4000,2865.8000,2866.0000,2866.2000,2866.4000,2866.6000,8,1,5,3,1,1,2,2,2,17
SF,IH2006,2020-06-17 10:18:44.700,2865.4000,19257,0,5418506460.000,0,-,-,-,-,2865.6000,2865.2000,2865.0000,2864.8000,2864.6000,2865.8000,2866.0000,2866.2000,2866.4000,2866.6000,2,8,1,5,3,1,2,2,2,17
SF,IH2006,2020-06-17 10:18:45.200,2865.6000,19256,-1,5419366140.000,1,0,1,双平,B,2865.2000,2865.0000,2864.8000,2864.6000,2864.4000,2866.0000,2866.2000,2866.4000,2866.6000,2866.8000,8,1,5,3,1,2,2,2,17,6
SF,IH2006,2020-06-17 10:18:45.700,2865.6000,19256,0,5419366140.000,0,-,-,-,-,2865.4000,2865.2000,2865.0000,2864.8000,2864.6000,2866.0000,2866.2000,2866.4000,2866.6000,2866.8000,2,8,1,5,3,2,2,2,17,6
SF,IH2006,2020-06-17 10:18:46.200,2865.6000,19256,0,5419366140.000,0,-,-,-,-,2865.8000,2865.4000,2865.2000,2865.0000,2864.8000,2866.0000,2866.2000,2866.4000,2866.6000,2866.8000,1,3,8,1,5,2,2,2,17,6
SF,IH2006,2020-06-17 10:18:46.700,2865.6000,19256,0,5419366140.000,0,-,-,-,-,2865.4000,2865.2000,2865.0000,2864.8000,2864.6000,2866.0000,2866.2000,2866.4000,2866.6000,2866.8000,3,8,1,5,3,3,2,2,17,6
SF,IH2006,2020-06-17 10:18:47.200,2865.6000,19256,0,5419366140.000,0,-,-,-,-,2865.6000,2865.4000,2865.2000,2865.0000,2864.8000,2866.0000,2866.2000,2866.4000,2866.6000,2866.8000,1,3,8,1,5,3,2,2,17,6
SF,IH2006,2020-06-17 10:18:49.200,2865.6000,19256,0,5419366140.000,0,-,-,-,-,2865.6000,2865.4000,2865.2000,2865.0000,2864.8000,2866.0000,2866.2000,2866.4000,2866.6000,2866.8000,1,3,8,1,4,3,2,2,17,6
SF,IH2006,2020-06-17 10:18:49.700,2865.6000,19256,0,5420225820.000,1,0,1,空换,B,2865.4000,2865.2000,2865.0000,2864.8000,2864.6000,2866.0000,2866.2000,2866.4000,2866.6000,2866.8000,3,8,1,4,3,3,2,2,17,6
SF,IH2006,2020-06-17 10:18:53.200,2865.6000,19256,0,5420225820.000,0,-,-,-,-,2865.4000,2865.2000,2865.0000,2864.8000,2864.6000,2865.6000,2866.0000,2866.2000,2866.4000,2866.6000,2,8,1,4,3,20,3,2,2,17
SF,IH2006,2020-06-17 10:18:53.700,2865.4000,19256,0,5421945060.000,2,1,1,空换,B,2865.2000,2865.0000,2864.8000,2864.6000,2864.4000,2865.4000,2865.6000,2866.0000,2866.2000,2866.4000,8,1,4,3,1,2,20,3,2,2
SF,IH2006,2020-06-17 10:18:54.200,2865.4000,19256,0,5421945060.000,0,-,-,-,-,2865.2000,2865.0000,2864.8000,2864.6000,2864.4000,2865.6000,2866.0000,2866.2000,2866.4000,2866.6000,8,1,4,3,1,20,3,2,2,17
SF,IH2006,2020-06-17 10:18:54.700,2865.4000,19256,0,5421945060.000,0,-,-,-,-,2865.4000,2865.2000,2865.0000,2864.8000,2864.6000,2865.6000,2866.0000,2866.2000,2866.4000,2866.6000,1,8,1,4,3,20,3,2,2,17
SF,IH2006,2020-06-17 10:18:55.200,2865.4000,19255,-1,5422804680.000,1,0,1,双平,B,2865.2000,2865.0000,2864.8000,2864.6000,2864.4000,2865.4000,2865.6000,2866.0000,2866.2000,2866.4000,8,1,4,3,1,1,20,3,2,2
SF,IH2006,2020-06-17 10:18:55.700,2865.6000,19254,-1,5423664360.000,1,0,1,双平,B,2865.4000,2865.2000,2865.0000,2864.8000,2864.6000,2865.6000,2866.0000,2866.2000,2866.4000,2866.6000,1,8,1,4,3,19,3,2,2,17
SF,IH2006,2020-06-17 10:18:57.700,2865.6000,19253,-1,5424524040.000,1,0,1,双平,B,2865.4000,2865.2000,2865.0000,2864.8000,2864.6000,2865.6000,2866.0000,2866.2000,2866.4000,2866.6000,1,8,1,4,3,18,3,2,2,17
SF,IH2006,2020-06-17 10:18:59.700,2865.6000,19253,0,5424524040.000,0,-,-,-,-,2865.4000,2865.2000,2865.0000,2864.8000,2864.6000,2865.6000,2866.0000,2866.2000,2866.4000,2866.6000,1,8,1,4,3,18,4,2,2,17
SF,IH2006,2020-06-17 10:19:02.200,2865.6000,19253,0,5424524040.000,0,-,-,-,-,2865.4000,2865.2000,2865.0000,2864.8000,2864.6000,2865.6000,2866.0000,2866.2000,2866.4000,2866.6000,1,8,2,4,3,18,4,2,2,17
SF,IH2006,2020-06-17 10:19:03.700,2865.6000,19253,0,5424524040.000,0,-,-,-,-,2865.4000,2865.2000,2865.0000,2864.8000,2864.6000,2865.6000,2866.0000,2866.2000,2866.4000,2866.6000,2,8,2,4,3,18,4,2,2,17
SF,IH2006,2020-06-17 10:19:04.200,2865.6000,19246,-7,5433980520.000,11,2,9,空平,B,2865.4000,2865.2000,2865.0000,2864.8000,2864.6000,2865.6000,2866.0000,2866.2000,2866.4000,2866.6000,2,8,2,4,3,8,4,2,2,17
SF,IH2006,2020-06-17 10:19:04.700,2865.6000,19245,-1,5438278860.000,5,2,3,空平,B,2865.4000,2865.2000,2865.0000,2864.8000,2864.6000,2865.6000,2866.0000,2866.2000,2866.4000,2866.6000,6,8,2,4,3,4,4,2,2,17
SF,IH2006,2020-06-17 10:19:06.200,2865.6000,19246,1,5441717580.000,4,2,2,多开,B,2865.4000,2865.2000,2865.0000,2864.8000,2864.6000,2866.0000,2866.2000,2866.4000,2866.6000,2866.8000,6,8,2,4,3,4,2,2,17,6
SF,IH2006,2020-06-17 10:19:06.700,2865.6000,19246,0,5441717580.000,0,-,-,-,-,2865.4000,2865.2000,2865.0000,2864.8000,2864.6000,2866.0000,2866.2000,2866.4000,2866.6000,2866.8000,4,8,2,4,3,4,2,2,17,6
SF,IH2006,2020-06-17 10:19:07.200,2865.6000,19246,0,5441717580.000,0,-,-,-,-,2865.8000,2865.4000,2865.2000,2865.0000,2864.8000,2866.0000,2866.2000,2866.4000,2866.6000,2866.8000,2,1,8,2,4,4,2,2,17,6
SF,IH2006,2020-06-17 10:19:07.700,2865.8000,19245,-1,5446016280.000,5,2,3,空平,B,2865.4000,2865.2000,2865.0000,2864.8000,2864.6000,2865.8000,2866.0000,2866.2000,2866.4000,2866.6000,1,8,2,4,3,1,4,2,2,17
SF,IH2006,2020-06-17 10:19:08.200,2865.8000,19245,0,5446016280.000,0,-,-,-,-,2865.6000,2865.4000,2865.2000,2865.0000,2864.8000,2865.8000,2866.0000,2866.2000,2866.4000,2866.6000,1,1,8,2,4,1,4,2,2,16
SF,IH2006,2020-06-17 10:19:08.700,2865.6000,19245,0,5446875960.000,1,0,1,空换,B,2865.4000,2865.2000,2865.0000,2864.8000,2864.6000,2866.0000,2866.2000,2866.4000,2866.6000,2866.8000,1,8,2,4,3,4,2,2,16,6
SF,IH2006,2020-06-17 10:19:09.200,2865.6000,19245,0,5446875960.000,0,-,-,-,-,2865.4000,2865.2000,2865.0000,2864.8000,2864.6000,2865.6000,2865.8000,2866.0000,2866.2000,2866.4000,1,8,2,4,3,1,1,4,2,2
SF,IH2006,2020-06-17 10:19:09.700,2865.6000,19245,0,5446875960.000,0,-,-,-,-,2865.4000,2865.2000,2865.0000,2864.8000,2864.6000,2865.8000,2866.0000,2866.2000,2866.4000,2866.6000,1,8,2,4,3,1,4,2,2,16
SF,IH2006,2020-06-17 10:19:10.700,2865.6000,19245,0,5446875960.000,0,-,-,-,-,2865.4000,2865.2000,2865.0000,2864.8000,2864.6000,2865.6000,2865.8000,2866.0000,2866.2000,2866.4000,1,8,2,4,3,1,1,4,2,2
SF,IH2006,2020-06-17 10:19:11.200,2865.4000,19245,0,5447735580.000,1,0,1,空换,B,2865.2000,2865.0000,2864.8000,2864.6000,2864.4000,2865.6000,2865.8000,2866.0000,2866.2000,2866.4000,8,2,4,3,1,1,1,4,2,2
SF,IH2006,2020-06-17 10:19:11.700,2865.4000,19245,0,5447735580.000,0,-,-,-,-,2865.2000,2865.0000,2864.8000,2864.6000,2864.4000,2865.4000,2865.8000,2866.0000,2866.2000,2866.4000,8,2,4,3,1,1,1,4,2,2
SF,IH2006,2020-06-17 10:19:12.200,2865.4000,19244,-1,5448595200.000,1,0,1,双平,B,2865.2000,2865.0000,2864.8000,2864.6000,2864.4000,2866.0000,2866.2000,2866.4000,2866.6000,2866.8000,8,2,4,3,1,4,2,2,16,6
SF,IH2006,2020-06-17 10:19:12.700,2865.4000,19244,0,5448595200.000,0,-,-,-,-,2865.2000,2865.0000,2864.8000,2864.6000,2864.4000,2865.4000,2865.8000,2866.0000,2866.2000,2866.4000,8,2,4,3,1,7,8,4,2,2
SF,IH2006,2020-06-17 10:19:13.200,2865.4000,19244,0,5448595200.000,0,-,-,-,-,2865.2000,2865.0000,2864.8000,2864.6000,2864.4000,2865.8000,2866.0000,2866.2000,2866.4000,2866.6000,8,2,4,3,1,7,4,2,2,16
SF,IH2006,2020-06-17 10:19:15.700,2865.2000,19246,2,5452893000.000,5,3,2,多开,B,2865.2000,2865.0000,2864.8000,2864.6000,2864.4000,2865.8000,2866.0000,2866.2000,2866.4000,2866.6000,3,2,4,3,1,7,4,2,2,16
SF,IH2006,2020-06-17 10:19:16.200,2865.2000,19245,-1,5453752560.000,1,0,1,双平,B,2865.2000,2865.0000,2864.8000,2864.6000,2864.4000,2865.6000,2865.8000,2866.0000,2866.2000,2866.4000,2,2,4,3,1,1,7,4,2,2
SF,IH2006,2020-06-17 10:19:17.200,2865.2000,19245,0,5453752560.000,0,-,-,-,-,2865.2000,2865.0000,2864.8000,2864.6000,2864.4000,2865.6000,2865.8000,2866.0000,2866.2000,2866.4000,2,2,4,3,1,1,7,4,3,2
SF,IH2006,2020-06-17 10:19:19.700,2865.2000,19245,0,5453752560.000,0,-,-,-,-,2865.2000,2865.0000,2864.8000,2864.6000,2864.4000,2865.6000,2865.8000,2866.0000,2866.2000,2866.4000,3,2,4,3,1,1,7,4,3,2
SF,IH2006,2020-06-17 10:19:20.200,2865.2000,19245,0,5453752560.000,0,-,-,-,-,2865.2000,2865.0000,2864.8000,2864.6000,2864.4000,2865.4000,2865.6000,2865.8000,2866.0000,2866.2000,3,2,4,3,1,1,1,7,4,3
SF,IH2006,2020-06-17 10:19:20.700,2865.2000,19245,0,5453752560.000,0,-,-,-,-,2865.2000,2865.0000,2864.8000,2864.6000,2864.4000,2865.4000,2865.6000,2865.8000,2866.0000,2866.2000,4,2,4,3,1,1,1,7,4,3
SF,IH2006,2020-06-17 10:19:21.200,2865.2000,19245,0,5453752560.000,0,-,-,-,-,2865.2000,2865.0000,2864.8000,2864.6000,2864.4000,2865.6000,2865.8000,2866.0000,2866.2000,2866.4000,4,2,4,3,1,1,5,4,3,2
SF,IH2006,2020-06-17 10:19:21.700,2865.2000,19244,-1,5454612120.000,1,0,1,双平,B,2865.2000,2865.0000,2864.8000,2864.6000,2864.4000,2865.6000,2865.8000,2866.0000,2866.2000,2866.4000,3,2,4,3,1,1,5,4,3,2
SF,IH2006,2020-06-17 10:19:23.200,2865.2000,19244,0,5454612120.000,0,-,-,-,-,2865.4000,2865.2000,2865.0000,2864.8000,2864.6000,2865.6000,2865.8000,2866.0000,2866.2000,2866.4000,1,3,2,4,3,1,5,5,3,2
SF,IH2006,2020-06-17 10:19:23.700,2865.2000,19244,0,5454612120.000,0,-,-,-,-,2865.4000,2865.2000,2865.0000,2864.8000,2864.6000,2865.8000,2866.0000,2866.2000,2866.4000,2866.6000,1,3,2,4,3,4,5,3,2,16
SF,IH2006,2020-06-17 10:19:24.200,2865.2000,19244,0,5454612120.000,0,-,-,-,-,2865.4000,2865.2000,2865.0000,2864.8000,2864.6000,2865.6000,2865.8000,2866.0000,2866.2000,2866.4000,1,3,2,4,3,1,4,5,3,2
SF,IH2006,2020-06-17 10:19:25.200,2865.2000,19244,0,5454612120.000,0,-,-,-,-,2865.4000,2865.2000,2865.0000,2864.8000,2864.6000,2865.8000,2866.0000,2866.2000,2866.4000,2866.6000,1,3,2,4,3,4,5,3,2,16
SF,IH2006,2020-06-17 10:19:25.700,2865.2000,19244,0,5454612120.000,0,-,-,-,-,2865.4000,2865.2000,2865.0000,2864.8000,2864.6000,2865.6000,2865.8000,2866.0000,2866.2000,2866.4000,1,3,2,4,3,1,4,5,3,2
SF,IH2006,2020-06-17 10:19:26.700,2865.2000,19244,0,5454612120.000,0,-,-,-,-,2865.4000,2865.2000,2865.0000,2864.8000,2864.6000,2865.6000,2865.8000,2866.0000,2866.2000,2866.4000,1,3,2,4,3,1,3,5,3,2
SF,IH2006,2020-06-17 10:19:27.200,2865.2000,19244,0,5454612120.000,0,-,-,-,-,2865.4000,2865.2000,2865.0000,2864.8000,2864.6000,2865.6000,2865.8000,2866.0000,2866.2000,2866.4000,1,3,2,4,3,1,2,5,3,2
SF,IH2006,2020-06-17 10:19:29.700,2865.2000,19244,0,5454612120.000,0,-,-,-,-,2865.4000,2865.2000,2865.0000,2864.8000,2864.6000,2865.6000,2865.8000,2866.0000,2866.2000,2866.4000,2,3,2,4,3,1,2,5,3,2
SF,IH2006,2020-06-17 10:19:30.200,2865.2000,19244,0,5454612120.000,0,-,-,-,-,2865.4000,2865.2000,2865.0000,2864.8000,2864.6000,2865.6000,2865.8000,2866.0000,2866.2000,2866.4000,2,3,2,4,3,1,3,5,3,2
SF,IH2006,2020-06-17 10:19:31.700,2865.2000,19244,0,5454612120.000,0,-,-,-,-,2865.4000,2865.2000,2865.0000,2864.8000,2864.6000,2865.6000,2865.8000,2866.0000,2866.2000,2866.4000,2,3,2,4,3,1,3,5,3,2
SF,IH2006,2020-06-17 10:19:32.200,2865.2000,19244,0,5454612120.000,0,-,-,-,-,2865.4000,2865.2000,2865.0000,2864.8000,2864.6000,2865.8000,2866.0000,2866.2000,2866.4000,2866.6000,2,3,2,4,3,3,5,3,2,16
SF,IH2006,2020-06-17 10:19:32.700,2865.2000,19244,0,5455471680.000,1,0,1,空换,B,2865.2000,2865.0000,2864.8000,2864.6000,2864.4000,2865.6000,2865.8000,2866.0000,2866.2000,2866.4000,3,2,4,3,1,2,3,5,3,2
SF,IH2006,2020-06-17 10:19:33.700,2865.2000,19244,0,5455471680.000,0,-,-,-,-,2865.2000,2865.0000,2864.8000,2864.6000,2864.4000,2865.4000,2865.8000,2866.0000,2866.2000,2866.4000,3,2,4,3,1,2,3,5,3,2
SF,IH2006,2020-06-17 10:19:34.200,2865.4000,19243,-1,5457190860.000,2,0,2,空平,B,2865.2000,2865.0000,2864.8000,2864.6000,2864.4000,2865.4000,2865.8000,2866.0000,2866.2000,2866.4000,2,2,4,3,1,1,3,5,3,2
SF,IH2006,2020-06-17 10:19:34.700,2865.4000,19243,0,5457190860.000,0,-,-,-,-,2865.2000,2865.0000,2864.8000,2864.6000,2864.4000,2865.4000,2865.6000,2865.8000,2866.0000,2866.2000,2,2,4,3,1,1,1,3,5,3
SF,IH2006,2020-06-17 10:19:35.200,2865.2000,19242,-1,5458050420.000,1,0,1,双平,B,2865.2000,2865.0000,2864.8000,2864.6000,2864.4000,2865.4000,2865.6000,2865.8000,2866.0000,2866.2000,1,2,4,3,1,1,1,3,5,2
SF,IH2006,2020-06-17 10:19:35.700,2865.2000,19242,0,5458909980.000,1,0,1,空换,B,2865.0000,2864.8000,2864.6000,2864.4000,2864.2000,2865.2000,2865.4000,2865.6000,2865.8000,2866.0000,2,4,3,1,4,4,1,1,3,5
SF,IH2006,2020-06-17 10:19:36.200,2865.0000,19241,-1,5460628980.000,2,0,2,空平,B,2864.8000,2864.6000,2864.4000,2864.2000,2864.0000,2865.0000,2865.2000,2865.6000,2865.8000,2866.0000,4,3,1,4,3,1,2,1,2,5
SF,IH2006,2020-06-17 10:19:36.700,2865.0000,19241,0,5460628980.000,0,-,-,-,-,2864.8000,2864.6000,2864.4000,2864.2000,2864.0000,2865.2000,2865.6000,2865.8000,2866.0000,2866.2000,4,3,1,4,3,1,1,2,5,2
SF,IH2006,2020-06-17 10:19:37.200,2865.0000,19239,-2,5463207480.000,3,0,3,空平,B,2864.8000,2864.6000,2864.4000,2864.2000,2864.0000,2865.0000,2865.6000,2865.8000,2866.0000,2866.2000,3,3,1,4,3,1,1,2,5,2
SF,IH2006,2020-06-17 10:19:37.700,2865.0000,19238,-1,5464066980.000,1,0,1,双平,B,2865.0000,2864.8000,2864.6000,2864.4000,2864.2000,2865.6000,2865.8000,2866.0000,2866.2000,2866.4000,5,3,3,1,4,1,2,5,2,2
SF,IH2006,2020-06-17 10:19:38.200,2865.0000,19238,0,5464066980.000,0,-,-,-,-,2865.0000,2864.8000,2864.6000,2864.4000,2864.2000,2865.4000,2865.6000,2865.8000,2866.0000,2866.2000,6,3,3,1,4,2,1,2,5,2
SF,IH2006,2020-06-17 10:19:38.700,2865.0000,19238,0,5464066980.000,0,-,-,-,-,2865.0000,2864.8000,2864.6000,2864.4000,2864.2000,2865.4000,2865.6000,2865.8000,2866.0000,2866.2000,6,3,3,1,4,2,2,2,5,2
SF,IH2006,2020-06-17 10:19:39.700,2865.0000,19238,0,5464066980.000,0,-,-,-,-,2865.2000,2865.0000,2864.8000,2864.6000,2864.4000,2865.4000,2865.6000,2865.8000,2866.0000,2866.2000,1,7,3,3,1,2,1,2,5,2
SF,IH2006,2020-06-17 10:19:40.700,2865.0000,19238,0,5464066980.000,0,-,-,-,-,2865.2000,2865.0000,2864.8000,2864.6000,2864.4000,2865.4000,2865.6000,2865.8000,2866.0000,2866.2000,1,6,3,3,1,2,2,2,5,2
SF,IH2006,2020-06-17 10:19:41.700,2865.0000,19238,0,5464066980.000,0,-,-,-,-,2865.2000,2865.0000,2864.8000,2864.6000,2864.4000,2865.4000,2865.6000,2865.8000,2866.0000,2866.2000,1,6,3,3,1,4,2,2,5,2
SF,IH2006,2020-06-17 10:19:43.200,2865.0000,19238,0,5464066980.000,0,-,-,-,-,2865.2000,2865.0000,2864.8000,2864.6000,2864.4000,2865.4000,2865.6000,2865.8000,2866.0000,2866.2000,2,6,3,3,1,4,2,2,5,2
SF,IH2006,2020-06-17 10:19:43.700,2865.0000,19238,0,5464066980.000,0,-,-,-,-,2865.2000,2865.0000,2864.8000,2864.6000,2864.4000,2865.4000,2865.6000,2865.8000,2866.0000,2866.2000,6,6,3,3,1,4,2,2,5,2
SF,IH2006,2020-06-17 10:19:44.200,2865.4000,19238,0,5464926600.000,1,0,1,空换,B,2865.2000,2865.0000,2864.8000,2864.6000,2864.4000,2865.4000,2865.6000,2865.8000,2866.0000,2866.2000,6,6,3,3,1,3,2,2,5,2
SF,IH2006,2020-06-17 10:19:44.700,2865.4000,19235,-3,5467505460.000,3,0,3,双平,B,2865.4000,2865.2000,2865.0000,2864.8000,2864.6000,2865.6000,2865.8000,2866.0000,2866.2000,2866.4000,10,5,6,3,3,2,2,5,2,2
SF,IH2006,2020-06-17 10:19:45.200,2865.6000,19233,-2,5469224820.000,2,0,2,双平,B,2865.6000,2865.2000,2865.0000,2864.8000,2864.6000,2865.8000,2866.0000,2866.2000,2866.4000,2866.6000,4,5,5,3,3,1,5,2,2,16
SF,IH2006,2020-06-17 10:19:45.700,2865.6000,19232,-1,5470084500.000,1,0,1,双平,B,2865.2000,2865.0000,2864.8000,2864.6000,2864.4000,2865.6000,2865.8000,2866.0000,2866.2000,2866.4000,5,4,3,3,1,3,1,5,2,2
SF,IH2006,2020-06-17 10:19:46.200,2865.6000,19232,0,5470084500.000,0,-,-,-,-,2865.4000,2865.2000,2865.0000,2864.8000,2864.6000,2865.6000,2865.8000,2866.0000,2866.2000,2866.4000,5,5,4,3,3,2,1,5,2,2
SF,IH2006,2020-06-17 10:19:46.700,2865.6000,19232,0,5470944180.000,1,0,1,空换,B,2865.4000,2865.2000,2865.0000,2864.8000,2864.6000,2865.6000,2865.8000,2866.0000,2866.2000,2866.4000,1,5,4,3,3,1,1,5,2,2
SF,IH2006,2020-06-17 10:19:48.200,2865.8000,19231,-1,5473523220.000,3,1,2,空平,B,2865.8000,2865.2000,2865.0000,2864.8000,2864.6000,2866.0000,2866.2000,2866.4000,2866.6000,2866.8000,1,5,4,3,3,5,2,2,16,6
SF,IH2006,2020-06-17 10:19:48.700,2865.8000,19232,1,5476102440.000,3,2,1,多开,B,2865.4000,2865.2000,2865.0000,2864.8000,2864.6000,2865.8000,2866.0000,2866.2000,2866.4000,2866.6000,2,5,4,3,3,5,5,2,2,16
SF,IH2006,2020-06-17 10:19:49.200,2865.8000,19232,0,5476102440.000,0,-,-,-,-,2865.4000,2865.2000,2865.0000,2864.8000,2864.6000,2865.8000,2866.0000,2866.2000,2866.4000,2866.6000,2,5,4,3,3,3,5,2,2,16
SF,IH2006,2020-06-17 10:19:50.200,2865.8000,19232,0,5476102440.000,0,-,-,-,-,2865.4000,2865.2000,2865.0000,2864.8000,2864.6000,2865.8000,2866.0000,2866.2000,2866.4000,2866.6000,2,5,4,3,3,2,5,2,2,16
SF,IH2006,2020-06-17 10:19:53.700,2865.8000,19231,-1,5476962180.000,1,0,1,双平,B,2865.4000,2865.2000,2865.0000,2864.8000,2864.6000,2865.8000,2866.0000,2866.2000,2866.4000,2866.6000,2,5,4,3,3,1,4,2,2,16
SF,IH2006,2020-06-17 10:19:54.200,2865.8000,19230,-1,5478681600.000,2,0,2,空平,B,2865.4000,2865.2000,2865.0000,2864.8000,2864.6000,2866.0000,2866.2000,2866.4000,2866.6000,2866.8000,2,5,4,3,3,4,2,2,16,6
SF,IH2006,2020-06-17 10:19:54.700,2865.8000,19230,0,5478681600.000,0,-,-,-,-,2865.4000,2865.2000,2865.0000,2864.8000,2864.6000,2865.8000,2866.0000,2866.2000,2866.4000,2866.6000,2,5,4,3,3,1,4,2,2,16
SF,IH2006,2020-06-17 10:19:55.200,2865.8000,19230,0,5478681600.000,0,-,-,-,-,2865.4000,2865.2000,2865.0000,2864.8000,2864.6000,2865.8000,2866.0000,2866.2000,2866.4000,2866.6000,2,5,4,3,3,2,4,2,2,16
SF,IH2006,2020-06-17 10:19:55.700,2865.8000,19230,0,5478681600.000,0,-,-,-,-,2865.4000,2865.2000,2865.0000,2864.8000,2864.6000,2865.8000,2866.0000,2866.2000,2866.4000,2866.6000,3,5,4,3,3,2,4,2,2,16
SF,IH2006,2020-06-17 10:19:56.200,2865.8000,19230,0,5478681600.000,0,-,-,-,-,2865.4000,2865.2000,2865.0000,2864.8000,2864.6000,2865.8000,2866.0000,2866.2000,2866.4000,2866.6000,3,6,4,3,3,2,4,2,2,16
SF,IH2006,2020-06-17 10:19:56.700,2865.8000,19230,0,5478681600.000,0,-,-,-,-,2865.4000,2865.2000,2865.0000,2864.8000,2864.6000,2865.8000,2866.0000,2866.2000,2866.4000,2866.6000,3,6,4,3,3,3,4,2,2,16
SF,IH2006,2020-06-17 10:19:57.200,2865.8000,19230,0,5478681600.000,0,-,-,-,-,2865.4000,2865.2000,2865.0000,2864.8000,2864.6000,2865.8000,2866.0000,2866.2000,2866.4000,2866.6000,3,6,4,3,3,2,4,2,2,16
SF,IH2006,2020-06-17 10:19:57.700,2865.8000,19226,-4,5482120560.000,4,0,4,双平,B,2865.6000,2865.4000,2865.2000,2865.0000,2864.8000,2866.0000,2866.2000,2866.4000,2866.6000,2866.8000,1,3,6,4,3,4,2,2,16,6
SF,IH2006,2020-06-17 10:19:58.200,2865.6000,19225,-1,5482980240.000,1,0,1,双平,B,2865.4000,2865.2000,2865.0000,2864.8000,2864.6000,2865.8000,2866.0000,2866.2000,2866.4000,2866.6000,3,6,4,3,3,1,4,1,2,16
SF,IH2006,2020-06-17 10:19:58.700,2866.0000,19221,-4,5486419320.000,4,0,4,双平,B,2865.8000,2865.4000,2865.2000,2865.0000,2864.8000,2866.0000,2866.2000,2866.4000,2866.6000,2866.8000,11,3,6,3,3,2,1,2,16,6
SF,IH2006,2020-06-17 10:19:59.200,2866.0000,19221,0,5486419320.000,0,-,-,-,-,2865.6000,2865.4000,2865.2000,2865.0000,2864.8000,2866.0000,2866.2000,2866.4000,2866.6000,2866.8000,1,3,6,3,3,2,1,2,16,6
SF,IH2006,2020-06-17 10:19:59.700,2866.0000,19221,0,5486419320.000,0,-,-,-,-,2865.8000,2865.6000,2865.4000,2865.2000,2865.0000,2866.0000,2866.2000,2866.4000,2866.6000,2866.8000,1,1,3,6,3,2,1,2,16,6
SF,IH2006,2020-06-17 10:20:00.200,2865.8000,19221,0,5487279060.000,1,0,1,空换,B,2865.6000,2865.4000,2865.2000,2865.0000,2864.8000,2865.8000,2866.0000,2866.2000,2866.4000,2866.6000,1,3,6,3,3,4,2,1,2,16
SF,IH2006,2020-06-17 10:20:00.700,2865.6000,19220,-1,5488138740.000,1,0,1,双平,B,2865.4000,2865.2000,2865.0000,2864.8000,2864.6000,2865.6000,2865.8000,2866.0000,2866.2000,2866.4000,3,6,1,3,3,2,3,2,1,2
SF,IH2006,2020-06-17 10:20:01.200,2865.6000,19219,-1,5488998420.000,1,0,1,双平,B,2865.4000,2865.2000,2865.0000,2864.8000,2864.6000,2865.8000,2866.0000,2866.2000,2866.4000,2866.6000,4,6,1,3,3,2,2,1,2,16
SF,IH2006,2020-06-17 10:20:01.700,2865.6000,19219,0,5488998420.000,0,-,-,-,-,2865.4000,2865.2000,2865.0000,2864.8000,2864.6000,2865.8000,2866.0000,2866.2000,2866.4000,2866.6000,4,6,1,3,3,1,2,1,2,16
SF,IH2006,2020-06-17 10:20:03.200,2865.8000,19218,-1,5489858160.000,1,0,1,双平,B,2865.4000,2865.2000,2865.0000,2864.8000,2864.6000,2866.0000,2866.2000,2866.4000,2866.6000,2866.8000,4,6,1,3,3,2,1,2,16,6
SF,IH2006,2020-06-17 10:20:04.200,2866.0000,19216,-2,5491577760.000,2,0,2,双平,B,2866.0000,2865.4000,2865.2000,2865.0000,2864.8000,2866.2000,2866.4000,2866.6000,2866.8000,2867.0000,5,4,6,1,3,1,2,16,6,2
SF,IH2006,2020-06-17 10:20:04.700,2866.0000,19215,-1,5493297360.000,2,0,2,空平,B,2866.0000,2865.4000,2865.2000,2865.0000,2864.8000,2866.2000,2866.4000,2866.6000,2866.8000,2867.0000,4,4,6,1,3,1,2,16,6,2
SF,IH2006,2020-06-17 10:20:05.200,2866.2000,19215,0,5495017020.000,2,1,1,空换,B,2866.0000,2865.4000,2865.2000,2865.0000,2864.8000,2866.2000,2866.4000,2866.6000,2866.8000,2867.0000,3,4,6,1,3,2,2,17,6,2
SF,IH2006,2020-06-17 10:20:05.700,2866.0000,19216,1,5500175820.000,6,3,3,多开,B,2865.4000,2865.2000,2865.0000,2864.8000,2864.6000,2866.0000,2866.2000,2866.4000,2866.6000,2866.8000,4,6,1,3,2,1,2,2,17,6
SF,IH2006,2020-06-17 10:20:06.200,2866.0000,19216,0,5500175820.000,0,-,-,-,-,2865.6000,2865.4000,2865.2000,2865.0000,2864.8000,2866.4000,2866.6000,2866.8000,2867.0000,2867.4000,5,4,6,1,3,2,17,6,2,1
SF,IH2006,2020-06-17 10:20:06.700,2866.0000,19216,0,5500175820.000,0,-,-,-,-,2865.6000,2865.4000,2865.2000,2865.0000,2864.8000,2865.8000,2866.2000,2866.4000,2866.6000,2866.8000,5,4,6,1,3,2,3,2,17,6
SF,IH2006,2020-06-17 10:20:07.700,2866.0000,19216,0,5500175820.000,0,-,-,-,-,2865.6000,2865.4000,2865.2000,2865.0000,2864.8000,2865.8000,2866.2000,2866.4000,2866.6000,2866.8000,4,4,6,1,3,2,3,2,17,6
SF,IH2006,2020-06-17 10:20:09.700,2866.0000,19216,0,5500175820.000,0,-,-,-,-,2865.6000,2865.4000,2865.2000,2865.0000,2864.8000,2865.8000,2866.2000,2866.4000,2866.6000,2866.8000,5,4,6,1,3,2,3,2,17,6
SF,IH2006,2020-06-17 10:20:10.200,2865.8000,19215,-1,5501895300.000,2,0,2,空平,B,2865.8000,2865.6000,2865.4000,2865.2000,2865.0000,2866.2000,2866.4000,2866.6000,2866.8000,2867.0000,1,5,4,6,1,3,2,17,6,2
SF,IH2006,2020-06-17 10:20:10.700,2865.8000,19215,0,5501895300.000,0,-,-,-,-,2865.8000,2865.6000,2865.4000,2865.2000,2865.0000,2866.0000,2866.2000,2866.4000,2866.6000,2866.8000,1,5,4,6,1,1,3,2,17,6
SF,IH2006,2020-06-17 10:20:11.200,2865.8000,19215,0,5501895300.000,0,-,-,-,-,2865.8000,2865.6000,2865.4000,2865.2000,2865.0000,2866.0000,2866.2000,2866.4000,2866.6000,2866.8000,1,3,4,6,1,1,3,2,17,6
SF,IH2006,2020-06-17 10:20:11.700,2866.0000,19214,-1,5502755100.000,1,0,1,双平,B,2865.8000,2865.6000,2865.4000,2865.2000,2865.0000,2866.2000,2866.4000,2866.6000,2866.8000,2867.0000,1,3,4,6,1,3,2,17,6,2
SF,IH2006,2020-06-17 10:20:12.200,2866.0000,19214,0,5502755100.000,0,-,-,-,-,2865.8000,2865.6000,2865.4000,2865.2000,2865.0000,2866.0000,2866.2000,2866.4000,2866.6000,2866.8000,1,3,4,6,1,1,3,2,17,6
SF,IH2006,2020-06-17 10:20:12.700,2865.8000,19214,0,5503614840.000,1,0,1,空换,B,2865.8000,2865.6000,2865.4000,2865.2000,2865.0000,2866.0000,2866.2000,2866.4000,2866.6000,2866.8000,1,3,4,6,1,1,3,2,17,6
SF,IH2006,2020-06-17 10:20:14.200,2865.8000,19214,0,5503614840.000,0,-,-,-,-,2865.6000,2865.4000,2865.2000,2865.0000,2864.8000,2866.0000,2866.2000,2866.4000,2866.6000,2866.8000,3,4,6,1,3,1,3,2,17,6
SF,IH2006,2020-06-17 10:20:14.700,2865.8000,19214,0,5503614840.000,0,-,-,-,-,2865.8000,2865.6000,2865.4000,2865.2000,2865.0000,2866.0000,2866.2000,2866.4000,2866.6000,2866.8000,1,3,4,6,1,2,3,2,17,6
SF,IH2006,2020-06-17 10:20:16.200,2865.8000,19214,0,5503614840.000,0,-,-,-,-,2865.8000,2865.6000,2865.4000,2865.2000,2865.0000,2866.0000,2866.2000,2866.4000,2866.6000,2866.8000,1,3,4,5,1,2,3,2,17,6
SF,IH2006,2020-06-17 10:20:16.700,2866.0000,19213,-1,5504474640.000,1,0,1,双平,B,2865.8000,2865.6000,2865.4000,2865.2000,2865.0000,2866.0000,2866.2000,2866.4000,2866.6000,2866.8000,2,3,4,5,1,1,3,2,17,6
SF,IH2006,2020-06-17 10:20:17.200,2865.8000,19212,-1,5506194120.000,2,0,2,空平,B,2865.6000,2865.4000,2865.2000,2865.0000,2864.8000,2866.0000,2866.2000,2866.4000,2866.6000,2866.8000,3,4,5,1,3,1,3,2,17,6
SF,IH2006,2020-06-17 10:20:17.700,2865.8000,19212,0,5506194120.000,0,-,-,-,-,2865.6000,2865.4000,2865.2000,2865.0000,2864.8000,2865.8000,2866.0000,2866.2000,2866.4000,2866.6000,3,4,5,1,3,1,1,3,2,17
SF,IH2006,2020-06-17 10:20:18.200,2865.8000,19212,0,5506194120.000,0,-,-,-,-,2865.6000,2865.4000,2865.2000,2865.0000,2864.8000,2865.8000,2866.0000,2866.2000,2866.4000,2866.6000,1,4,5,1,3,1,1,3,2,17
SF,IH2006,2020-06-17 10:20:18.700,2865.8000,19212,0,5506194120.000,0,-,-,-,-,2865.6000,2865.4000,2865.2000,2865.0000,2864.8000,2865.8000,2866.0000,2866.2000,2866.4000,2866.6000,1,4,5,1,3,1,1,3,2,17
SF,IH2006,2020-06-17 10:20:20.200,2865.8000,19211,-1,5507053860.000,1,0,1,双平,B,2865.6000,2865.4000,2865.2000,2865.0000,2864.8000,2866.0000,2866.2000,2866.4000,2866.6000,2866.8000,1,4,5,1,3,1,3,2,17,6
SF,IH2006,2020-06-17 10:20:20.700,2865.8000,19211,0,5507053860.000,0,-,-,-,-,2865.6000,2865.4000,2865.2000,2865.0000,2864.8000,2865.8000,2866.0000,2866.2000,2866.4000,2866.6000,1,4,5,1,3,1,1,3,2,17
SF,IH2006,2020-06-17 10:20:21.200,2865.8000,19211,0,5508773280.000,2,1,1,空换,B,2865.4000,2865.2000,2865.0000,2864.8000,2864.6000,2866.0000,2866.2000,2866.4000,2866.6000,2866.8000,4,5,1,3,2,1,3,2,17,6
SF,IH2006,2020-06-17 10:20:21.700,2865.8000,19211,0,5508773280.000,0,-,-,-,-,2865.4000,2865.2000,2865.0000,2864.8000,2864.6000,2865.8000,2866.0000,2866.2000,2866.4000,2866.6000,4,5,1,3,2,1,1,3,2,17
SF,IH2006,2020-06-17 10:20:22.200,2865.8000,19211,0,5508773280.000,0,-,-,-,-,2865.6000,2865.4000,2865.2000,2865.0000,2864.8000,2865.8000,2866.0000,2866.2000,2866.4000,2866.6000,1,4,5,1,3,1,1,3,2,17
SF,IH2006,2020-06-17 10:20:22.700,2865.8000,19211,0,5508773280.000,0,-,-,-,-,2865.6000,2865.4000,2865.2000,2865.0000,2864.8000,2865.8000,2866.0000,2866.2000,2866.4000,2866.6000,1,4,5,1,3,2,1,3,2,17
SF,IH2006,2020-06-17 10:20:23.200,2865.8000,19211,0,5508773280.000,0,-,-,-,-,2865.6000,2865.4000,2865.2000,2865.0000,2864.8000,2865.8000,2866.0000,2866.2000,2866.4000,2866.6000,2,4,5,1,3,2,1,3,2,17
SF,IH2006,2020-06-17 10:20:23.700,2865.8000,19209,-2,5510492700.000,2,0,2,双平,B,2865.6000,2865.4000,2865.2000,2865.0000,2864.8000,2865.8000,2866.0000,2866.2000,2866.4000,2866.6000,1,5,5,1,3,1,1,3,2,17
SF,IH2006,2020-06-17 10:20:24.200,2865.6000,19209,0,5511352380.000,1,0,1,空换,B,2865.4000,2865.2000,2865.0000,2864.8000,2864.6000,2865.8000,2866.0000,2866.2000,2866.4000,2866.6000,5,5,1,3,2,1,1,3,2,17
SF,IH2006,2020-06-17 10:20:24.700,2865.6000,19209,0,5511352380.000,0,-,-,-,-,2865.4000,2865.2000,2865.0000,2864.8000,2864.6000,2865.6000,2865.8000,2866.0000,2866.2000,2866.4000,5,6,1,3,2,1,1,1,3,2
SF,IH2006,2020-06-17 10:20:25.200,2865.6000,19209,0,5511352380.000,0,-,-,-,-,2865.4000,2865.2000,2865.0000,2864.8000,2864.6000,2865.6000,2865.8000,2866.0000,2866.2000,2866.4000,5,6,1,3,2,1,1,1,4,2
SF,IH2006,2020-06-17 10:20:26.700,2865.6000,19208,-1,5512212060.000,1,0,1,双平,B,2865.4000,2865.2000,2865.0000,2864.8000,2864.6000,2865.8000,2866.0000,2866.2000,2866.4000,2866.6000,5,6,1,3,2,1,1,4,2,17
SF,IH2006,2020-06-17 10:20:27.200,2865.6000,19208,0,5513071740.000,1,0,1,空换,B,2865.4000,2865.2000,2865.0000,2864.8000,2864.6000,2865.8000,2866.0000,2866.2000,2866.4000,2866.6000,5,6,1,3,2,1,1,4,2,17
SF,IH2006,2020-06-17 10:20:27.700,2865.6000,19208,0,5513071740.000,0,-,-,-,-,2865.6000,2865.4000,2865.2000,2865.0000,2864.8000,2865.8000,2866.0000,2866.2000,2866.4000,2866.6000,1,5,6,1,3,1,1,4,2,17
SF,IH2006,2020-06-17 10:20:28.700,2865.6000,19208,0,5513071740.000,0,-,-,-,-,2865.6000,2865.4000,2865.2000,2865.0000,2864.8000,2865.8000,2866.0000,2866.2000,2866.4000,2866.6000,1,5,6,2,3,1,1,4,2,17
SF,IH2006,2020-06-17 10:20:29.200,2865.6000,19208,0,5513931420.000,1,0,1,空换,B,2865.4000,2865.2000,2865.0000,2864.8000,2864.6000,2865.8000,2866.0000,2866.2000,2866.4000,2866.6000,5,6,2,3,2,1,1,4,2,17
SF,IH2006,2020-06-17 10:20:29.700,2865.6000,19208,0,5513931420.000,0,-,-,-,-,2865.4000,2865.2000,2865.0000,2864.8000,2864.6000,2865.6000,2865.8000,2866.0000,2866.2000,2866.4000,5,6,2,3,2,1,2,1,4,2
SF,IH2006,2020-06-17 10:20:30.700,2865.6000,19207,-1,5514791100.000,1,0,1,双平,B,2865.4000,2865.2000,2865.0000,2864.8000,2864.6000,2865.8000,2866.0000,2866.2000,2866.4000,2866.6000,5,6,2,3,2,2,1,4,2,17
SF,IH2006,2020-06-17 10:20:31.200,2865.6000,19207,0,5514791100.000,0,-,-,-,-,2865.4000,2865.2000,2865.0000,2864.8000,2864.6000,2865.6000,2865.8000,2866.0000,2866.2000,2866.4000,5,6,2,3,2,1,2,1,4,2
SF,IH2006,2020-06-17 10:20:32.200,2865.6000,19206,-1,5515650780.000,1,0,1,双平,B,2865.4000,2865.2000,2865.0000,2864.8000,2864.6000,2865.6000,2865.8000,2866.0000,2866.2000,2866.4000,5,6,2,3,2,1,2,1,4,2
SF,IH2006,2020-06-17 10:20:33.700,2865.2000,19209,3,5525106240.000,11,7,4,多开,B,2865.0000,2864.8000,2864.6000,2864.4000,2864.2000,2865.2000,2865.4000,2865.6000,2865.8000,2866.0000,2,3,2,1,3,1,1,1,2,1
SF,IH2006,2020-06-17 10:20:34.200,2865.4000,19208,-1,5527684860.000,3,1,2,空平,B,2865.2000,2864.8000,2864.6000,2864.4000,2864.2000,2865.4000,2865.8000,2866.0000,2866.2000,2866.4000,1,3,2,1,3,1,2,1,3,2
SF,IH2006,2020-06-17 10:20:34.700,2865.2000,19208,0,5528544420.000,1,0,1,空换,B,2864.8000,2864.6000,2864.4000,2864.2000,2864.0000,2865.0000,2865.2000,2865.4000,2865.8000,2866.0000,3,2,1,3,2,3,8,1,2,1
SF,IH2006,2020-06-17 10:20:35.200,2865.0000,19209,1,5531122920.000,3,2,1,多开,B,2865.0000,2864.8000,2864.6000,2864.4000,2864.2000,2865.2000,2865.4000,2865.8000,2866.0000,2866.2000,5,3,2,1,3,3,1,2,1,2
SF,IH2006,2020-06-17 10:20:35.700,2865.4000,19205,-4,5534561220.000,4,0,4,双平,B,2865.2000,2865.0000,2864.8000,2864.6000,2864.4000,2865.8000,2866.0000,2866.2000,2866.4000,2866.6000,11,4,3,2,1,2,1,2,2,17
SF,IH2006,2020-06-17 10:20:36.200,2865.8000,19204,-1,5536280640.000,2,0,2,空平,B,2864.8000,2864.6000,2864.4000,2864.2000,2864.0000,2865.6000,2865.8000,2866.0000,2866.2000,2866.4000,3,2,1,3,2,1,1,1,2,2
SF,IH2006,2020-06-17 10:20:36.700,2865.8000,19204,0,5536280640.000,0,-,-,-,-,2865.0000,2864.8000,2864.6000,2864.4000,2864.2000,2865.6000,2865.8000,2866.0000,2866.2000,2866.4000,8,3,2,1,3,1,2,1,2,2
SF,IH2006,2020-06-17 10:20:37.200,2865.8000,19204,0,5536280640.000,0,-,-,-,-,2865.0000,2864.8000,2864.6000,2864.4000,2864.2000,2865.4000,2865.6000,2865.8000,2866.0000,2866.2000,8,3,2,1,3,1,1,2,1,2
SF,IH2006,2020-06-17 10:20:37.700,2865.0000,19205,1,5541437640.000,6,3,3,多开,B,2864.8000,2864.6000,2864.4000,2864.2000,2864.0000,2865.2000,2865.4000,2865.8000,2866.0000,2866.2000,3,2,1,3,2,4,3,2,1,1
SF,IH2006,2020-06-17 10:20:38.200,2864.6000,19205,0,5544015840.000,3,1,2,空换,B,2864.4000,2864.2000,2864.0000,2863.8000,2863.6000,2864.6000,2864.8000,2865.0000,2865.2000,2865.4000,1,3,2,2,2,1,7,3,5,3
SF,IH2006,2020-06-17 10:20:38.700,2864.4000,19203,-2,5546593860.000,3,0,3,空平,B,2864.2000,2864.0000,2863.8000,2863.6000,2863.4000,2864.4000,2864.8000,2865.0000,2865.2000,2865.4000,3,2,2,2,1,2,2,2,2,2
SF,IH2006,2020-06-17 10:20:39.200,2864.4000,19201,-2,5548312500.000,2,0,2,双平,B,2864.6000,2864.4000,2864.2000,2864.0000,2863.8000,2864.8000,2865.0000,2865.2000,2865.4000,2865.8000,2,13,3,2,2,2,2,2,1,2
SF,IH2006,2020-06-17 10:20:39.700,2864.4000,19201,0,5548312500.000,0,-,-,-,-,2864.2000,2864.0000,2863.8000,2863.6000,2863.4000,2864.6000,2864.8000,2865.0000,2865.2000,2865.4000,3,2,2,2,1,1,1,2,2,1
SF,IH2006,2020-06-17 10:20:40.200,2864.8000,19200,-1,5550031320.000,2,0,2,空平,B,2864.4000,2864.2000,2864.0000,2863.8000,2863.6000,2865.0000,2865.2000,2865.4000,2865.8000,2866.0000,1,3,2,2,2,2,2,1,2,1
SF,IH2006,2020-06-17 10:20:40.700,2864.8000,19200,0,5550031320.000,0,-,-,-,-,2864.4000,2864.2000,2864.0000,2863.8000,2863.6000,2864.8000,2865.0000,2865.2000,2865.4000,2865.8000,2,3,2,2,2,1,2,2,1,2
SF,IH2006,2020-06-17 10:20:41.200,2864.4000,19199,-1,5551749960.000,2,0,2,空平,B,2864.6000,2864.2000,2864.0000,2863.8000,2863.6000,2864.8000,2865.0000,2865.2000,2865.4000,2865.8000,1,3,2,2,2,1,2,2,1,2
SF,IH2006,2020-06-17 10:20:41.700,2864.6000,19199,0,5552609340.000,1,0,1,空换,B,2864.2000,2864.0000,2863.8000,2863.6000,2863.4000,2864.8000,2865.0000,2865.2000,2865.4000,2865.8000,3,2,2,2,1,2,2,2,1,2
SF,IH2006,2020-06-17 10:20:42.200,2864.6000,19199,0,5552609340.000,0,-,-,-,-,2864.2000,2864.0000,2863.8000,2863.6000,2863.4000,2864.6000,2864.8000,2865.0000,2865.2000,2865.4000,3,2,2,2,1,2,2,2,2,1
SF,IH2006,2020-06-17 10:20:42.700,2864.6000,19198,-1,5553468720.000,1,0,1,双平,B,2864.2000,2864.0000,2863.8000,2863.6000,2863.4000,2864.6000,2864.8000,2865.0000,2865.2000,2865.4000,3,2,2,2,1,1,1,2,2,1
SF,IH2006,2020-06-17 10:20:43.200,2864.6000,19198,0,5554328100.000,1,0,1,空换,B,2864.2000,2864.0000,2863.8000,2863.6000,2863.4000,2864.4000,2864.8000,2865.0000,2865.2000,2865.4000,3,2,2,2,1,1,1,2,2,1
SF,IH2006,2020-06-17 10:20:43.700,2864.4000,19197,-1,5555187420.000,1,0,1,双平,B,2864.4000,2864.2000,2864.0000,2863.8000,2863.6000,2864.8000,2865.0000,2865.2000,2865.4000,2865.8000,1,3,2,2,2,1,2,2,1,2
SF,IH2006,2020-06-17 10:20:44.200,2864.4000,19197,0,5555187420.000,0,-,-,-,-,2864.2000,2864.0000,2863.8000,2863.6000,2863.4000,2864.4000,2864.6000,2864.8000,2865.0000,2865.2000,3,2,2,2,1,5,2,2,2,2
SF,IH2006,2020-06-17 10:20:44.700,2864.2000,19196,-1,5557765200.000,3,1,2,空平,B,2864.0000,2863.8000,2863.6000,2863.4000,2863.2000,2864.2000,2864.4000,2864.6000,2864.8000,2865.0000,2,2,2,1,4,2,6,1,2,2
SF,IH2006,2020-06-17 10:20:45.200,2864.2000,19196,0,5559483720.000,2,1,1,空换,B,2864.2000,2864.0000,2863.8000,2863.6000,2863.4000,2864.4000,2864.6000,2864.8000,2865.0000,2865.2000,2,2,2,2,1,6,1,2,2,2
SF,IH2006,2020-06-17 10:20:45.700,2864.2000,19196,0,5559483720.000,0,-,-,-,-,2864.0000,2863.8000,2863.6000,2863.4000,2863.2000,2864.2000,2864.4000,2864.6000,2864.8000,2865.0000,2,2,2,1,4,1,6,1,2,2
SF,IH2006,2020-06-17 10:20:46.200,2864.4000,19196,0,5561202300.000,2,1,1,空换,B,2864.0000,2863.8000,2863.6000,2863.4000,2863.2000,2864.2000,2864.4000,2864.6000,2864.8000,2865.0000,2,2,2,1,4,1,5,1,3,2
SF,IH2006,2020-06-17 10:20:46.700,2864.4000,19195,-1,5563780200.000,3,1,2,空平,B,2864.2000,2864.0000,2863.8000,2863.6000,2863.4000,2864.4000,2864.6000,2864.8000,2865.0000,2865.2000,8,2,2,2,1,3,1,3,2,2
SF,IH2006,2020-06-17 10:20:47.200,2864.6000,19197,2,5567217540.000,4,3,1,多开,B,2864.2000,2864.0000,2863.8000,2863.6000,2863.4000,2864.8000,2865.0000,2865.2000,2865.4000,2865.8000,1,2,2,2,1,3,2,8,1,2
SF,IH2006,2020-06-17 10:20:47.700,2864.6000,19197,0,5567217540.000,0,-,-,-,-,2864.0000,2863.8000,2863.6000,2863.4000,2863.2000,2864.8000,2865.0000,2865.2000,2865.4000,2865.8000,2,2,2,1,4,3,2,7,1,2
SF,IH2006,2020-06-17 10:20:48.200,2864.6000,19197,0,5567217540.000,0,-,-,-,-,2864.2000,2864.0000,2863.8000,2863.6000,2863.4000,2864.6000,2864.8000,2865.0000,2865.2000,2865.4000,2,2,2,2,1,1,3,2,7,1
SF,IH2006,2020-06-17 10:20:48.700,2864.6000,19197,0,5567217540.000,0,-,-,-,-,2864.2000,2864.0000,2863.8000,2863.6000,2863.4000,2864.4000,2864.6000,2864.8000,2865.0000,2865.2000,1,2,2,2,1,1,2,3,1,7
SF,IH2006,2020-06-17 10:20:49.200,2864.6000,19197,0,5567217540.000,0,-,-,-,-,2864.2000,2864.0000,2863.8000,2863.6000,2863.4000,2864.6000,2864.8000,2865.0000,2865.2000,2865.4000,1,2,2,2,1,2,3,1,7,1
SF,IH2006,2020-06-17 10:20:49.700,2864.6000,19197,0,5567217540.000,0,-,-,-,-,2864.2000,2864.0000,2863.8000,2863.6000,2863.4000,2864.6000,2864.8000,2865.0000,2865.2000,2865.4000,1,2,2,2,1,2,3,1,7,1
SF,IH2006,2020-06-17 10:20:50.200,2864.6000,19197,0,5567217540.000,0,-,-,-,-,2864.4000,2864.2000,2864.0000,2863.8000,2863.6000,2864.6000,2864.8000,2865.0000,2865.2000,2865.4000,1,1,2,2,2,1,3,1,7,1
SF,IH2006,2020-06-17 10:20:50.700,2864.6000,19197,0,5568076920.000,1,0,1,空换,B,2864.4000,2864.2000,2864.0000,2863.8000,2863.6000,2864.8000,2865.0000,2865.2000,2865.4000,2865.8000,1,1,2,2,2,3,1,7,1,2
SF,IH2006,2020-06-17 10:20:51.200,2864.8000,19195,-2,5569795800.000,2,0,2,双平,B,2864.4000,2864.2000,2864.0000,2863.8000,2863.6000,2864.8000,2865.0000,2865.2000,2865.4000,2865.8000,1,2,2,2,2,1,1,7,1,2
SF,IH2006,2020-06-17 10:20:51.700,2864.8000,19194,-1,5570655240.000,1,0,1,双平,B,2864.4000,2864.2000,2864.0000,2863.8000,2863.6000,2865.2000,2865.4000,2865.8000,2866.0000,2866.2000,1,2,2,2,2,7,1,2,1,1
SF,IH2006,2020-06-17 10:20:52.200,2864.8000,19194,0,5570655240.000,0,-,-,-,-,2864.4000,2864.2000,2864.0000,2863.8000,2863.6000,2865.0000,2865.2000,2865.4000,2865.8000,2866.0000,1,2,2,2,2,2,7,1,2,1
SF,IH2006,2020-06-17 10:20:52.700,2864.8000,19194,0,5570655240.000,0,-,-,-,-,2864.6000,2864.4000,2864.2000,2864.0000,2863.8000,2865.0000,2865.2000,2865.4000,2865.8000,2866.0000,1,1,2,2,2,3,8,1,2,1
SF,IH2006,2020-06-17 10:20:53.200,2864.8000,19194,0,5570655240.000,0,-,-,-,-,2864.6000,2864.2000,2864.0000,2863.8000,2863.6000,2865.0000,2865.2000,2865.4000,2865.8000,2866.0000,1,2,2,2,2,3,8,1,2,1
SF,IH2006,2020-06-17 10:20:53.700,2864.8000,19194,0,5570655240.000,0,-,-,-,-,2864.6000,2864.2000,2864.0000,2863.8000,2863.6000,2864.8000,2865.0000,2865.2000,2865.4000,2865.8000,1,2,3,2,2,1,3,8,1,2
SF,IH2006,2020-06-17 10:20:54.200,2864.8000,19194,0,5570655240.000,0,-,-,-,-,2864.6000,2864.4000,2864.2000,2864.0000,2863.8000,2864.8000,2865.0000,2865.2000,2865.4000,2865.8000,1,1,2,3,2,1,3,8,1,2
SF,IH2006,2020-06-17 10:20:54.700,2864.8000,19195,1,5572374060.000,2,1,1,多开,B,2864.4000,2864.2000,2864.0000,2863.8000,2863.6000,2865.0000,2865.2000,2865.4000,2865.8000,2866.0000,1,2,3,2,2,3,8,1,2,1
SF,IH2006,2020-06-17 10:20:55.700,2864.8000,19195,0,5572374060.000,0,-,-,-,-,2864.4000,2864.2000,2864.0000,2863.8000,2863.6000,2864.8000,2865.0000,2865.2000,2865.4000,2865.8000,1,2,3,2,2,3,4,8,1,2
SF,IH2006,2020-06-17 10:20:56.200,2864.8000,19195,0,5572374060.000,0,-,-,-,-,2864.4000,2864.2000,2864.0000,2863.8000,2863.6000,2865.0000,2865.2000,2865.4000,2865.8000,2866.0000,1,2,3,2,2,3,10,1,2,1
SF,IH2006,2020-06-17 10:20:56.700,2864.8000,19195,0,5572374060.000,0,-,-,-,-,2864.6000,2864.4000,2864.2000,2864.0000,2863.8000,2865.0000,2865.2000,2865.4000,2865.8000,2866.0000,1,3,2,3,2,3,10,1,2,1
SF,IH2006,2020-06-17 10:20:57.200,2864.8000,19195,0,5572374060.000,0,-,-,-,-,2864.6000,2864.4000,2864.2000,2864.0000,2863.8000,2865.0000,2865.2000,2865.4000,2865.8000,2866.0000,1,3,2,3,2,1,10,1,2,1
SF,IH2006,2020-06-17 10:20:57.700,2864.8000,19195,0,5572374060.000,0,-,-,-,-,2864.4000,2864.2000,2864.0000,2863.8000,2863.6000,2865.0000,2865.2000,2865.4000,2865.8000,2866.0000,3,2,3,2,2,1,11,1,2,1
SF,IH2006,2020-06-17 10:20:58.200,2864.8000,19195,0,5572374060.000,0,-,-,-,-,2864.6000,2864.4000,2864.2000,2864.0000,2863.8000,2865.0000,2865.2000,2865.4000,2865.8000,2866.0000,2,3,2,3,2,1,11,1,2,1
SF,IH2006,2020-06-17 10:20:58.700,2865.0000,19194,-1,5573233560.000,1,0,1,双平,B,2864.6000,2864.4000,2864.2000,2864.0000,2863.8000,2865.2000,2865.4000,2865.8000,2866.0000,2866.2000,2,3,2,3,2,11,1,2,1,1
SF,IH2006,2020-06-17 10:21:00.700,2865.0000,19194,0,5573233560.000,0,-,-,-,-,2864.6000,2864.4000,2864.2000,2864.0000,2863.8000,2865.0000,2865.2000,2865.4000,2865.8000,2866.0000,2,2,2,3,2,3,11,1,2,1
SF,IH2006,2020-06-17 10:21:01.200,2864.6000,19195,1,5574952320.000,2,1,1,多开,B,2864.4000,2864.2000,2864.0000,2863.8000,2863.6000,2864.6000,2865.0000,2865.2000,2865.4000,2865.8000,2,2,3,2,2,2,3,11,1,2
SF,IH2006,2020-06-17 10:21:01.700,2864.6000,19194,-1,5576671020.000,2,0,2,空平,B,2864.4000,2864.2000,2864.0000,2863.8000,2863.6000,2864.8000,2865.0000,2865.2000,2865.4000,2865.8000,1,2,3,2,2,1,3,11,1,2
SF,IH2006,2020-06-17 10:21:02.700,2864.4000,19194,0,5577530340.000,1,0,1,空换,B,2864.2000,2864.0000,2863.8000,2863.6000,2863.4000,2864.8000,2865.0000,2865.2000,2865.4000,2865.8000,2,3,2,2,1,1,3,11,1,2
SF,IH2006,2020-06-17 10:21:03.200,2864.4000,19194,0,5577530340.000,0,-,-,-,-,2864.2000,2864.0000,2863.8000,2863.6000,2863.4000,2864.8000,2865.0000,2865.2000,2865.4000,2865.8000,2,4,2,2,1,1,3,11,1,2
SF,IH2006,2020-06-17 10:21:04.200,2864.4000,19194,0,5577530340.000,0,-,-,-,-,2864.4000,2864.2000,2864.0000,2863.8000,2863.6000,2865.0000,2865.2000,2865.4000,2865.8000,2866.0000,2,2,4,2,2,3,11,1,2,1
SF,IH2006,2020-06-17 10:21:04.700,2865.0000,19193,-1,5578389840.000,1,0,1,双平,B,2864.4000,2864.2000,2864.0000,2863.8000,2863.6000,2865.0000,2865.2000,2865.4000,2865.8000,2866.0000,4,2,4,2,2,1,11,1,2,1
SF,IH2006,2020-06-17 10:21:05.200,2865.0000,19193,0,5578389840.000,0,-,-,-,-,2864.6000,2864.4000,2864.2000,2864.0000,2863.8000,2865.2000,2865.4000,2865.8000,2866.0000,2866.2000,1,3,2,4,2,11,1,2,1,1
SF,IH2006,2020-06-17 10:21:05.700,2865.0000,19193,0,5578389840.000,0,-,-,-,-,2864.6000,2864.4000,2864.2000,2864.0000,2863.8000,2864.8000,2865.2000,2865.4000,2865.8000,2866.0000,1,2,2,3,2,1,11,1,2,1
SF,IH2006,2020-06-17 10:21:06.200,2865.0000,19193,0,5578389840.000,0,-,-,-,-,2864.8000,2864.6000,2864.4000,2864.2000,2864.0000,2865.2000,2865.4000,2865.8000,2866.0000,2866.2000,1,2,2,2,3,11,1,2,1,1
SF,IH2006,2020-06-17 10:21:06.700,2864.6000,19192,-1,5580968040.000,3,1,2,空平,B,2864.4000,2864.2000,2864.0000,2863.8000,2863.6000,2864.6000,2864.8000,2865.0000,2865.2000,2865.4000,2,2,3,2,2,2,10,2,11,1
SF,IH2006,2020-06-17 10:21:07.200,2864.4000,19191,-1,5582686680.000,2,0,2,空平,B,2864.2000,2864.0000,2863.8000,2863.6000,2863.4000,2864.4000,2864.8000,2865.0000,2865.2000,2865.4000,2,3,2,2,1,1,1,3,11,1
SF,IH2006,2020-06-17 10:21:07.700,2864.2000,19190,-1,5584405200.000,2,0,2,空平,B,2864.4000,2864.0000,2863.8000,2863.6000,2863.4000,2864.6000,2865.0000,2865.2000,2865.4000,2865.8000,1,3,2,2,1,1,3,11,1,2
SF,IH2006,2020-06-17 10:21:08.200,2864.4000,19189,-1,5585264520.000,1,0,1,双平,B,2864.0000,2863.8000,2863.6000,2863.4000,2863.2000,2864.6000,2865.0000,2865.2000,2865.4000,2865.8000,3,2,2,1,4,1,3,11,1,2
SF,IH2006,2020-06-17 10:21:08.700,2864.0000,19189,0,5586123720.000,1,0,1,空换,B,2864.0000,2863.8000,2863.6000,2863.4000,2863.2000,2864.6000,2865.0000,2865.2000,2865.4000,2865.8000,2,2,2,1,4,1,4,10,1,2
SF,IH2006,2020-06-17 10:21:09.200,2864.6000,19188,-1,5586983100.000,1,0,1,双平,B,2864.0000,2863.8000,2863.6000,2863.4000,2863.2000,2865.0000,2865.2000,2865.4000,2865.8000,2866.0000,2,2,2,1,4,3,10,1,2,1
SF,IH2006,2020-06-17 10:21:09.700,2864.6000,19188,0,5586983100.000,0,-,-,-,-,2864.2000,2864.0000,2863.8000,2863.6000,2863.4000,2864.8000,2865.0000,2865.2000,2865.4000,2865.8000,2,3,2,2,1,3,4,10,1,2
SF,IH2006,2020-06-17 10:21:10.200,2864.8000,19187,-1,5588701980.000,2,0,2,空平,B,2864.6000,2864.4000,2864.2000,2864.0000,2863.8000,2865.0000,2865.2000,2865.4000,2865.8000,2866.0000,2,1,8,3,2,2,9,1,2,1
SF,IH2006,2020-06-17 10:21:10.700,2865.0000,19187,0,5590420980.000,2,1,1,空换,B,2864.4000,2864.2000,2864.0000,2863.8000,2863.6000,2865.2000,2865.4000,2865.8000,2866.0000,2866.2000,1,2,3,2,2,9,1,3,1,1
SF,IH2006,2020-06-17 10:21:11.200,2865.0000,19187,0,5590420980.000,0,-,-,-,-,2865.0000,2864.8000,2864.6000,2864.4000,2864.2000,2865.2000,2865.4000,2865.8000,2866.0000,2866.2000,13,4,4,3,1,9,1,3,1,1
SF,IH2006,2020-06-17 10:21:11.700,2865.4000,19185,-2,5599016640.000,10,4,6,空平,B,2865.4000,2865.2000,2864.8000,2864.6000,2864.4000,2865.8000,2866.0000,2866.2000,2866.4000,2866.6000,1,8,2,2,6,3,1,1,2,17
SF,IH2006,2020-06-17 10:21:12.200,2865.4000,19184,-1,5601595500.000,3,1,2,空平,B,2865.2000,2864.8000,2864.6000,2864.4000,2864.0000,2865.8000,2866.0000,2866.2000,2866.4000,2866.6000,2,2,1,4,4,3,1,1,2,17
SF,IH2006,2020-06-17 10:21:12.700,2865.2000,19184,0,5604174180.000,3,1,2,空换,B,2864.8000,2864.6000,2864.4000,2864.0000,2863.8000,2865.2000,2865.4000,2865.6000,2865.8000,2866.0000,1,1,4,4,2,1,6,3,3,1
SF,IH2006,2020-06-17 10:21:13.200,2865.2000,19184,0,5604174180.000,0,-,-,-,-,2864.8000,2864.6000,2864.4000,2864.0000,2863.8000,2865.6000,2865.8000,2866.0000,2866.2000,2866.4000,1,1,4,3,2,4,3,1,1,2
SF,IH2006,2020-06-17 10:21:13.700,2865.2000,19184,0,5604174180.000,0,-,-,-,-,2864.8000,2864.6000,2864.4000,2864.2000,2864.0000,2865.2000,2865.4000,2865.6000,2865.8000,2866.0000,1,1,4,1,3,1,2,4,3,1
SF,IH2006,2020-06-17 10:21:14.200,2865.2000,19184,0,5604174180.000,0,-,-,-,-,2864.6000,2864.4000,2864.2000,2864.0000,2863.8000,2865.2000,2865.4000,2865.6000,2865.8000,2866.0000,1,4,1,3,2,1,1,4,3,1
SF,IH2006,2020-06-17 10:21:14.700,2864.8000,19183,-1,5605033620.000,1,0,1,双平,B,2864.8000,2864.6000,2864.4000,2864.2000,2864.0000,2865.2000,2865.4000,2865.6000,2865.8000,2866.0000,2,1,2,1,3,1,1,4,4,1
SF,IH2006,2020-06-17 10:21:15.200,2865.2000,19182,-1,5605893180.000,1,0,1,双平,B,2864.8000,2864.6000,2864.4000,2864.2000,2864.0000,2865.4000,2865.6000,2865.8000,2866.0000,2866.2000,2,1,2,1,3,1,4,4,1,1
SF,IH2006,2020-06-17 10:21:15.700,2865.2000,19182,0,5605893180.000,0,-,-,-,-,2864.8000,2864.6000,2864.4000,2864.2000,2864.0000,2865.2000,2865.4000,2865.6000,2865.8000,2866.0000,2,1,3,1,3,1,1,4,4,1
SF,IH2006,2020-06-17 10:21:16.200,2865.2000,19182,0,5606752740.000,1,0,1,空换,B,2864.8000,2864.6000,2864.4000,2864.2000,2864.0000,2865.4000,2865.6000,2865.8000,2866.0000,2866.2000,2,1,3,1,3,1,4,5,1,1
SF,IH2006,2020-06-17 10:21:16.700,2865.2000,19182,0,5606752740.000,0,-,-,-,-,2864.8000,2864.6000,2864.4000,2864.2000,2864.0000,2865.6000,2865.8000,2866.0000,2866.2000,2866.4000,2,1,3,1,3,4,5,1,1,2
SF,IH2006,2020-06-17 10:21:17.200,2865.4000,19181,-1,5607612360.000,1,0,1,双平,B,2865.0000,2864.8000,2864.6000,2864.4000,2864.2000,2865.4000,2865.6000,2865.8000,2866.0000,2866.2000,2,1,1,3,1,1,4,5,1,1
SF,IH2006,2020-06-17 10:21:18.200,2865.0000,19181,0,5608471860.000,1,0,1,空换,B,2864.8000,2864.6000,2864.4000,2864.2000,2864.0000,2865.2000,2865.4000,2865.6000,2865.8000,2866.0000,1,1,3,1,3,1,1,3,5,1
SF,IH2006,2020-06-17 10:21:18.700,2865.0000,19181,0,5608471860.000,0,-,-,-,-,2864.8000,2864.6000,2864.4000,2864.2000,2864.0000,2865.2000,2865.8000,2866.0000,2866.2000,2866.4000,1,1,3,1,3,2,5,1,1,2
SF,IH2006,2020-06-17 10:21:20.200,2865.0000,19181,0,5608471860.000,0,-,-,-,-,2864.8000,2864.6000,2864.4000,2864.2000,2864.0000,2865.2000,2865.8000,2866.0000,2866.2000,2866.4000,1,1,3,1,3,2,6,1,1,2
SF,IH2006,2020-06-17 10:21:20.700,2865.0000,19181,0,5609331360.000,1,0,1,空换,B,2864.8000,2864.6000,2864.4000,2864.2000,2864.0000,2865.2000,2865.8000,2866.0000,2866.2000,2866.4000,1,1,3,1,3,1,6,1,1,2
SF,IH2006,2020-06-17 10:21:21.200,2865.2000,19180,-1,5611050480.000,2,0,2,空平,B,2865.2000,2865.0000,2864.8000,2864.6000,2864.4000,2865.8000,2866.0000,2866.2000,2866.4000,2866.6000,4,1,1,1,3,6,1,1,2,17
SF,IH2006,2020-06-17 10:21:21.700,2865.2000,19180,0,5611050480.000,0,-,-,-,-,2865.2000,2864.8000,2864.6000,2864.4000,2864.2000,2865.4000,2865.6000,2865.8000,2866.0000,2866.2000,1,1,1,3,1,5,7,6,1,1
SF,IH2006,2020-06-17 10:21:22.200,2865.2000,19179,-1,5611910040.000,1,0,1,双平,B,2864.8000,2864.6000,2864.4000,2864.2000,2864.0000,2865.2000,2865.6000,2865.8000,2866.0000,2866.2000,1,1,3,1,3,4,4,6,1,1
SF,IH2006,2020-06-17 10:21:22.700,2865.2000,19179,0,5611910040.000,0,-,-,-,-,2864.8000,2864.6000,2864.4000,2864.2000,2864.0000,2865.2000,2865.6000,2865.8000,2866.0000,2866.2000,1,3,3,1,3,3,3,6,1,1
SF,IH2006,2020-06-17 10:21:23.200,2865.2000,19178,-1,5612769600.000,1,0,1,双平,B,2864.8000,2864.6000,2864.4000,2864.2000,2864.0000,2865.2000,2865.6000,2865.8000,2866.0000,2866.2000,1,1,3,1,3,2,3,6,1,1
SF,IH2006,2020-06-17 10:21:24.700,2865.2000,19178,0,5612769600.000,0,-,-,-,-,2864.8000,2864.6000,2864.4000,2864.2000,2864.0000,2865.2000,2865.6000,2865.8000,2866.0000,2866.2000,1,2,3,1,3,1,3,6,1,1
SF,IH2006,2020-06-17 10:21:26.700,2864.8000,19178,0,5613629040.000,1,0,1,空换,B,2864.6000,2864.4000,2864.2000,2864.0000,2863.8000,2865.6000,2865.8000,2866.0000,2866.2000,2866.4000,2,3,1,3,2,3,6,1,1,2
SF,IH2006,2020-06-17 10:21:27.200,2864.8000,19178,0,5613629040.000,0,-,-,-,-,2864.8000,2864.6000,2864.4000,2864.2000,2864.0000,2865.4000,2865.6000,2865.8000,2866.0000,2866.2000,5,4,3,1,3,3,1,6,1,1
SF,IH2006,2020-06-17 10:21:27.700,2864.8000,19178,0,5613629040.000,0,-,-,-,-,2865.0000,2864.8000,2864.6000,2864.4000,2864.2000,2865.4000,2865.6000,2865.8000,2866.0000,2866.2000,1,3,4,3,1,3,1,6,1,1
SF,IH2006,2020-06-17 10:21:28.200,2865.0000,19177,-1,5614488540.000,1,0,1,双平,B,2864.8000,2864.6000,2864.4000,2864.2000,2864.0000,2865.4000,2865.6000,2865.8000,2866.0000,2866.2000,3,4,3,1,3,3,1,6,1,1
SF,IH2006,2020-06-17 10:21:29.200,2865.2000,19176,-1,5615348100.000,1,0,1,双平,B,2864.8000,2864.6000,2864.4000,2864.2000,2864.0000,2865.2000,2865.4000,2865.6000,2865.8000,2866.0000,2,4,3,1,3,1,3,1,6,1
SF,IH2006,2020-06-17 10:21:29.700,2865.2000,19176,0,5615348100.000,0,-,-,-,-,2864.6000,2864.4000,2864.2000,2864.0000,2863.8000,2865.2000,2865.4000,2865.6000,2865.8000,2866.0000,2,3,1,3,2,2,2,1,6,1
SF,IH2006,2020-06-17 10:21:30.200,2865.2000,19176,0,5615348100.000,0,-,-,-,-,2864.6000,2864.4000,2864.2000,2864.0000,2863.8000,2865.0000,2865.2000,2865.6000,2865.8000,2866.0000,2,3,1,3,2,3,2,1,6,1
SF,IH2006,2020-06-17 10:21:30.700,2865.2000,19176,0,5615348100.000,0,-,-,-,-,2864.6000,2864.4000,2864.2000,2864.0000,2863.8000,2865.0000,2865.2000,2865.6000,2865.8000,2866.0000,1,3,1,3,2,3,2,1,5,1
SF,IH2006,2020-06-17 10:21:31.200,2864.6000,19176,0,5616207480.000,1,0,1,空换,B,2864.4000,2864.2000,2864.0000,2863.8000,2863.6000,2865.0000,2865.2000,2865.6000,2865.8000,2866.0000,3,1,3,2,2,3,2,1,5,1
SF,IH2006,2020-06-17 10:21:31.700,2864.6000,19176,0,5616207480.000,0,-,-,-,-,2864.4000,2864.2000,2864.0000,2863.8000,2863.6000,2865.0000,2865.2000,2865.6000,2865.8000,2866.0000,3,2,3,2,2,3,2,1,5,1
SF,IH2006,2020-06-17 10:21:32.200,2864.6000,19176,0,5616207480.000,0,-,-,-,-,2864.4000,2864.2000,2864.0000,2863.8000,2863.6000,2865.0000,2865.2000,2865.6000,2865.8000,2866.0000,3,2,3,2,2,3,2,1,5,1
SF,IH2006,2020-06-17 10:21:32.700,2864.4000,19175,-1,5617066800.000,1,0,1,双平,B,2864.4000,2864.2000,2864.0000,2863.8000,2863.6000,2865.0000,2865.2000,2865.6000,2865.8000,2866.0000,2,2,3,2,2,3,2,1,5,1
SF,IH2006,2020-06-17 10:21:33.200,2864.4000,19175,0,5617066800.000,0,-,-,-,-,2864.4000,2864.2000,2864.0000,2863.8000,2863.6000,2864.8000,2865.0000,2865.2000,2865.6000,2865.8000,2,2,3,2,2,1,3,2,1,5
SF,IH2006,2020-06-17 10:21:34.200,2864.4000,19175,0,5617066800.000,0,-,-,-,-,2864.4000,2864.2000,2864.0000,2863.8000,2863.6000,2864.8000,2865.0000,2865.2000,2865.6000,2865.8000,2,2,3,2,2,1,3,2,2,5
SF,IH2006,2020-06-17 10:21:34.700,2865.0000,19175,0,5617926300.000,1,0,1,空换,B,2864.6000,2864.4000,2864.2000,2864.0000,2863.8000,2865.0000,2865.2000,2865.6000,2865.8000,2866.0000,1,2,2,3,2,2,2,2,5,1
SF,IH2006,2020-06-17 10:21:35.200,2865.0000,19174,-1,5618785800.000,1,0,1,双平,B,2864.6000,2864.4000,2864.2000,2864.0000,2863.8000,2865.0000,2865.2000,2865.6000,2865.8000,2866.0000,1,2,2,3,2,1,2,2,5,1
SF,IH2006,2020-06-17 10:21:35.700,2865.0000,19174,0,5618785800.000,0,-,-,-,-,2864.6000,2864.4000,2864.2000,2864.0000,2863.8000,2865.0000,2865.2000,2865.6000,2865.8000,2866.0000,1,2,2,3,2,1,2,2,5,1
SF,IH2006,2020-06-17 10:21:37.200,2865.0000,19174,0,5618785800.000,0,-,-,-,-,2864.8000,2864.6000,2864.4000,2864.2000,2864.0000,2865.0000,2865.2000,2865.6000,2865.8000,2866.0000,1,1,2,2,3,1,2,2,5,1
SF,IH2006,2020-06-17 10:21:37.700,2865.0000,19174,0,5618785800.000,0,-,-,-,-,2864.8000,2864.6000,2864.4000,2864.2000,2864.0000,2865.0000,2865.2000,2865.6000,2865.8000,2866.0000,1,1,2,2,3,2,2,2,5,1
SF,IH2006,2020-06-17 10:21:38.200,2865.0000,19174,0,5618785800.000,0,-,-,-,-,2864.8000,2864.6000,2864.4000,2864.2000,2864.0000,2865.0000,2865.2000,2865.6000,2865.8000,2866.0000,1,1,2,2,3,1,2,2,5,1
SF,IH2006,2020-06-17 10:21:38.700,2865.0000,19173,-1,5620504800.000,2,0,2,空平,B,2865.0000,2864.8000,2864.6000,2864.4000,2864.2000,2865.2000,2865.6000,2865.8000,2866.0000,2866.2000,2,1,1,2,2,2,2,5,1,1
SF,IH2006,2020-06-17 10:21:39.200,2865.0000,19173,0,5620504800.000,0,-,-,-,-,2865.0000,2864.6000,2864.4000,2864.2000,2864.0000,2865.2000,2865.6000,2865.8000,2866.0000,2866.2000,1,1,2,2,3,1,2,5,1,1
SF,IH2006,2020-06-17 10:21:39.700,2865.0000,19173,0,5620504800.000,0,-,-,-,-,2865.0000,2864.6000,2864.4000,2864.2000,2864.0000,2865.2000,2865.6000,2865.8000,2866.0000,2866.2000,1,2,2,2,3,1,2,5,1,1
SF,IH2006,2020-06-17 10:21:40.200,2865.0000,19173,0,5620504800.000,0,-,-,-,-,2864.6000,2864.4000,2864.2000,2864.0000,2863.8000,2865.2000,2865.6000,2865.8000,2866.0000,2866.2000,2,2,2,3,2,1,2,5,1,1
SF,IH2006,2020-06-17 10:21:40.700,2865.0000,19173,0,5620504800.000,0,-,-,-,-,2865.0000,2864.6000,2864.4000,2864.2000,2864.0000,2865.2000,2865.6000,2865.8000,2866.0000,2866.2000,1,2,3,2,3,1,2,5,1,1
SF,IH2006,2020-06-17 10:21:41.200,2865.2000,19172,-1,5621364360.000,1,0,1,双平,B,2865.0000,2864.6000,2864.4000,2864.2000,2864.0000,2865.6000,2865.8000,2866.0000,2866.2000,2866.4000,1,3,3,2,3,2,5,1,1,2
SF,IH2006,2020-06-17 10:21:41.700,2865.2000,19172,0,5621364360.000,0,-,-,-,-,2865.0000,2864.6000,2864.4000,2864.2000,2864.0000,2865.4000,2865.6000,2865.8000,2866.0000,2866.2000,1,3,3,2,3,1,2,5,1,1
SF,IH2006,2020-06-17 10:21:42.200,2865.2000,19172,0,5621364360.000,0,-,-,-,-,2864.6000,2864.4000,2864.2000,2864.0000,2863.8000,2865.4000,2865.6000,2865.8000,2866.0000,2866.2000,3,3,2,3,2,1,2,5,1,1
SF,IH2006,2020-06-17 10:21:42.700,2865.2000,19172,0,5621364360.000,0,-,-,-,-,2864.8000,2864.6000,2864.4000,2864.2000,2864.0000,2865.6000,2865.8000,2866.0000,2866.2000,2866.4000,2,3,3,2,3,2,5,1,1,2
SF,IH2006,2020-06-17 10:21:43.200,2865.2000,19172,0,5621364360.000,0,-,-,-,-,2864.8000,2864.6000,2864.4000,2864.2000,2864.0000,2865.4000,2865.6000,2865.8000,2866.0000,2866.2000,2,3,3,2,3,1,2,5,1,1
SF,IH2006,2020-06-17 10:21:43.700,2865.2000,19172,0,5621364360.000,0,-,-,-,-,2865.2000,2864.8000,2864.6000,2864.4000,2864.2000,2865.4000,2865.6000,2865.8000,2866.0000,2866.2000,1,1,3,3,2,1,2,5,1,1
SF,IH2006,2020-06-17 10:21:44.200,2865.2000,19171,-1,5622223920.000,1,0,1,双平,B,2864.8000,2864.6000,2864.4000,2864.2000,2864.0000,2865.4000,2865.6000,2865.8000,2866.0000,2866.2000,1,3,3,2,3,1,2,5,1,1
SF,IH2006,2020-06-17 10:21:44.700,2865.0000,19170,-1,5623083420.000,1,0,1,双平,B,2864.8000,2864.6000,2864.4000,2864.2000,2864.0000,2865.4000,2865.6000,2865.8000,2866.0000,2866.2000,2,3,3,2,3,1,2,5,1,1
SF,IH2006,2020-06-17 10:21:46.700,2865.0000,19170,0,5623083420.000,0,-,-,-,-,2864.8000,2864.6000,2864.4000,2864.2000,2864.0000,2865.4000,2865.6000,2865.8000,2866.0000,2866.2000,3,3,3,2,3,1,2,5,1,1
SF,IH2006,2020-06-17 10:21:47.200,2865.4000,19169,-1,5623943040.000,1,0,1,双平,B,2864.8000,2864.6000,2864.4000,2864.2000,2864.0000,2865.2000,2865.6000,2865.8000,2866.0000,2866.2000,3,3,3,2,3,20,2,5,1,1
SF,IH2006,2020-06-17 10:21:47.700,2865.4000,19169,0,5623943040.000,0,-,-,-,-,2864.8000,2864.6000,2864.4000,2864.2000,2864.0000,2865.2000,2865.6000,2865.8000,2866.0000,2866.2000,2,3,3,2,3,20,2,5,1,1
SF,IH2006,2020-06-17 10:21:48.200,2865.4000,19169,0,5623943040.000,0,-,-,-,-,2864.8000,2864.6000,2864.4000,2864.2000,2864.0000,2865.2000,2865.6000,2865.8000,2866.0000,2866.2000,1,3,3,2,3,20,2,5,1,1
SF,IH2006,2020-06-17 10:21:48.700,2864.8000,19170,1,5624802480.000,1,1,0,双开,B,2864.6000,2864.4000,2864.2000,2864.0000,2863.8000,2865.2000,2865.6000,2865.8000,2866.0000,2866.2000,3,3,2,3,2,20,2,5,1,1
SF,IH2006,2020-06-17 10:21:49.200,2864.8000,19170,0,5624802480.000,0,-,-,-,-,2864.6000,2864.4000,2864.2000,2864.0000,2863.8000,2865.2000,2865.6000,2865.8000,2866.0000,2866.2000,1,3,2,3,2,20,2,5,1,1
SF,IH2006,2020-06-17 10:21:49.700,2864.8000,19170,0,5624802480.000,0,-,-,-,-,2864.6000,2864.4000,2864.2000,2864.0000,2863.8000,2864.8000,2865.0000,2865.2000,2865.6000,2865.8000,1,3,2,3,2,2,1,20,2,5
SF,IH2006,2020-06-17 10:21:50.200,2864.8000,19170,0,5624802480.000,0,-,-,-,-,2864.6000,2864.4000,2864.2000,2864.0000,2863.8000,2865.0000,2865.2000,2865.6000,2865.8000,2866.0000,1,3,2,3,2,1,20,2,5,1
SF,IH2006,2020-06-17 10:21:50.700,2864.6000,19170,0,5625661860.000,1,0,1,空换,B,2864.4000,2864.2000,2864.0000,2863.8000,2863.6000,2865.0000,2865.2000,2865.6000,2865.8000,2866.0000,3,2,3,2,2,1,20,2,5,1
SF,IH2006,2020-06-17 10:21:51.200,2864.6000,19170,0,5625661860.000,0,-,-,-,-,2864.4000,2864.2000,2864.0000,2863.8000,2863.6000,2865.0000,2865.2000,2865.6000,2865.8000,2866.0000,3,2,3,2,2,2,20,2,5,1
SF,IH2006,2020-06-17 10:21:52.200,2864.6000,19170,0,5625661860.000,0,-,-,-,-,2864.4000,2864.2000,2864.0000,2863.8000,2863.6000,2865.0000,2865.2000,2865.6000,2865.8000,2866.0000,3,3,3,2,2,3,20,2,5,1
SF,IH2006,2020-06-17 10:21:52.700,2865.0000,19170,0,5626521360.000,1,0,1,空换,B,2864.4000,2864.2000,2864.0000,2863.8000,2863.6000,2865.0000,2865.2000,2865.6000,2865.8000,2866.0000,2,3,3,2,2,2,20,2,5,1
SF,IH2006,2020-06-17 10:21:55.200,2865.0000,19170,0,5626521360.000,0,-,-,-,-,2864.4000,2864.2000,2864.0000,2863.8000,2863.6000,2864.8000,2865.0000,2865.2000,2865.6000,2865.8000,2,3,3,2,2,1,2,20,2,5
SF,IH2006,2020-06-17 10:21:55.700,2865.0000,19170,0,5626521360.000,0,-,-,-,-,2864.4000,2864.2000,2864.0000,2863.8000,2863.6000,2864.8000,2865.0000,2865.2000,2865.6000,2865.8000,1,3,3,2,2,1,2,20,2,5
SF,IH2006,2020-06-17 10:21:56.200,2864.8000,19170,0,5627380800.000,1,0,1,空换,B,2864.8000,2864.6000,2864.4000,2864.2000,2864.0000,2865.0000,2865.2000,2865.6000,2865.8000,2866.0000,2,3,1,3,3,1,20,2,5,1
SF,IH2006,2020-06-17 10:21:56.700,2864.8000,19169,-1,5628240240.000,1,0,1,双平,B,2864.6000,2864.4000,2864.2000,2864.0000,2863.8000,2865.0000,2865.2000,2865.6000,2865.8000,2866.0000,1,1,3,3,2,1,20,2,5,1
SF,IH2006,2020-06-17 10:21:57.200,2864.8000,19169,0,5628240240.000,0,-,-,-,-,2864.8000,2864.4000,2864.2000,2864.0000,2863.8000,2865.0000,2865.2000,2865.6000,2865.8000,2866.0000,1,1,3,3,2,1,20,2,5,1
SF,IH2006,2020-06-17 10:21:57.700,2864.8000,19169,0,5628240240.000,0,-,-,-,-,2864.6000,2864.4000,2864.2000,2864.0000,2863.8000,2865.0000,2865.2000,2865.6000,2865.8000,2866.0000,1,1,3,3,2,1,20,2,5,1
SF,IH2006,2020-06-17 10:21:58.200,2864.8000,19169,0,5628240240.000,0,-,-,-,-,2864.4000,2864.2000,2864.0000,2863.8000,2863.6000,2865.0000,2865.2000,2865.6000,2865.8000,2866.0000,1,3,3,2,2,1,20,2,5,1
SF,IH2006,2020-06-17 10:21:58.700,2865.0000,19168,-1,5629099740.000,1,0,1,双平,B,2864.4000,2864.2000,2864.0000,2863.8000,2863.6000,2865.2000,2865.6000,2865.8000,2866.0000,2866.2000,1,4,3,2,2,20,2,5,1,1
SF,IH2006,2020-06-17 10:21:59.200,2865.0000,19168,0,5629099740.000,0,-,-,-,-,2864.6000,2864.4000,2864.2000,2864.0000,2863.8000,2865.2000,2865.6000,2865.8000,2866.0000,2866.2000,4,1,4,4,2,20,2,5,1,1
SF,IH2006,2020-06-17 10:21:59.700,2865.0000,19168,0,5629099740.000,0,-,-,-,-,2864.6000,2864.4000,2864.2000,2864.0000,2863.8000,2865.2000,2865.6000,2865.8000,2866.0000,2866.2000,4,1,4,4,2,21,2,5,1,1
SF,IH2006,2020-06-17 10:22:02.700,2864.6000,19167,-1,5629959120.000,1,0,1,双平,B,2864.6000,2864.4000,2864.2000,2864.0000,2863.8000,2865.2000,2865.6000,2865.8000,2866.0000,2866.2000,3,2,4,4,2,21,2,5,1,1
SF,IH2006,2020-06-17 10:22:03.200,2864.6000,19167,0,5629959120.000,0,-,-,-,-,2864.6000,2864.4000,2864.2000,2864.0000,2863.8000,2865.2000,2865.6000,2865.8000,2866.0000,2866.2000,5,2,4,4,2,21,2,5,1,1
SF,IH2006,2020-06-17 10:22:03.700,2864.6000,19167,0,5629959120.000,0,-,-,-,-,2864.6000,2864.4000,2864.2000,2864.0000,2863.8000,2865.2000,2865.6000,2865.8000,2866.0000,2866.2000,4,2,4,4,2,21,2,5,1,1
SF,IH2006,2020-06-17 10:22:04.200,2864.6000,19167,0,5629959120.000,0,-,-,-,-,2864.6000,2864.4000,2864.2000,2864.0000,2863.8000,2865.2000,2865.6000,2865.8000,2866.0000,2866.2000,5,2,4,4,2,21,2,5,1,1
SF,IH2006,2020-06-17 10:22:04.700,2865.2000,19166,-1,5630818680.000,1,0,1,双平,B,2864.6000,2864.4000,2864.2000,2864.0000,2863.8000,2865.2000,2865.6000,2865.8000,2866.0000,2866.2000,4,2,4,4,2,20,2,5,1,1
SF,IH2006,2020-06-17 10:22:08.700,2864.6000,19165,-1,5631678060.000,1,0,1,双平,B,2864.6000,2864.4000,2864.2000,2864.0000,2863.8000,2865.2000,2865.6000,2865.8000,2866.0000,2866.2000,3,2,4,4,2,20,2,5,1,1
SF,IH2006,2020-06-17 10:22:09.200,2864.6000,19165,0,5631678060.000,0,-,-,-,-,2864.8000,2864.6000,2864.4000,2864.2000,2864.0000,2865.2000,2865.6000,2865.8000,2866.0000,2866.2000,1,3,2,4,4,20,2,5,1,1
SF,IH2006,2020-06-17 10:22:11.200,2865.2000,19164,-1,5632537620.000,1,0,1,双平,B,2864.8000,2864.6000,2864.4000,2864.2000,2864.0000,2865.2000,2865.6000,2865.8000,2866.0000,2866.2000,1,3,2,4,4,19,2,4,1,1
SF,IH2006,2020-06-17 10:22:11.700,2865.2000,19163,-1,5633397180.000,1,0,1,双平,B,2864.8000,2864.6000,2864.4000,2864.2000,2864.0000,2865.2000,2865.6000,2865.8000,2866.0000,2866.2000,1,3,2,4,4,18,2,4,1,1
SF,IH2006,2020-06-17 10:22:12.200,2864.8000,19162,-1,5634256620.000,1,0,1,双平,B,2864.6000,2864.4000,2864.2000,2864.0000,2863.8000,2865.2000,2865.6000,2865.8000,2866.0000,2866.2000,3,2,4,4,2,18,2,4,1,1
SF,IH2006,2020-06-17 10:22:14.700,2864.6000,19161,-1,5635116000.000,1,0,1,双平,B,2864.6000,2864.4000,2864.2000,2864.0000,2863.8000,2865.2000,2865.6000,2865.8000,2866.0000,2866.2000,2,2,4,4,2,19,2,4,1,1
SF,IH2006,2020-06-17 10:22:15.200,2864.6000,19161,0,5635116000.000,0,-,-,-,-,2864.6000,2864.4000,2864.2000,2864.0000,2863.8000,2865.2000,2865.6000,2865.8000,2866.0000,2866.2000,2,2,4,4,2,20,2,4,1,1
SF,IH2006,2020-06-17 10:22:15.700,2864.6000,19161,0,5635116000.000,0,-,-,-,-,2864.6000,2864.4000,2864.2000,2864.0000,2863.8000,2865.2000,2865.6000,2865.8000,2866.0000,2866.2000,2,2,4,4,2,20,2,4,1,1
SF,IH2006,2020-06-17 10:22:16.200,2865.2000,19160,-1,5635975560.000,1,0,1,双平,B,2864.6000,2864.4000,2864.2000,2864.0000,2863.8000,2865.2000,2865.6000,2865.8000,2866.0000,2866.2000,2,2,4,4,2,19,2,4,1,1
SF,IH2006,2020-06-17 10:22:17.200,2865.2000,19158,-2,5637694680.000,2,0,2,双平,B,2864.6000,2864.4000,2864.2000,2864.0000,2863.8000,2865.2000,2865.6000,2865.8000,2866.0000,2866.2000,2,2,4,4,2,17,2,4,1,1
SF,IH2006,2020-06-17 10:22:20.700,2864.6000,19157,-1,5638554060.000,1,0,1,双平,B,2864.6000,2864.4000,2864.2000,2864.0000,2863.8000,2865.2000,2865.6000,2865.8000,2866.0000,2866.2000,1,2,4,4,2,17,2,4,1,1
SF,IH2006,2020-06-17 10:22:21.200,2864.6000,19157,0,5638554060.000,0,-,-,-,-,2864.8000,2864.6000,2864.4000,2864.2000,2864.0000,2865.2000,2865.6000,2865.8000,2866.0000,2866.2000,1,1,2,4,4,17,2,4,1,1
SF,IH2006,2020-06-17 10:22:21.700,2864.8000,19156,-1,5639413500.000,1,0,1,双平,B,2864.8000,2864.6000,2864.4000,2864.2000,2864.0000,2865.0000,2865.2000,2865.6000,2865.8000,2866.0000,1,1,2,4,4,1,17,2,4,1
SF,IH2006,2020-06-17 10:22:22.700,2864.8000,19156,0,5639413500.000,0,-,-,-,-,2864.8000,2864.6000,2864.4000,2864.2000,2864.0000,2865.0000,2865.2000,2865.6000,2865.8000,2866.0000,1,1,2,4,4,2,17,2,4,1
SF,IH2006,2020-06-17 10:22:23.200,2865.0000,19156,0,5640273000.000,1,0,1,空换,B,2864.8000,2864.6000,2864.4000,2864.2000,2864.0000,2865.0000,2865.2000,2865.6000,2865.8000,2866.0000,1,1,2,4,4,1,17,2,4,1
SF,IH2006,2020-06-17 10:22:24.200,2865.0000,19156,0,5640273000.000,0,-,-,-,-,2864.8000,2864.6000,2864.4000,2864.2000,2864.0000,2865.0000,2865.2000,2865.6000,2865.8000,2866.0000,1,1,2,5,4,1,17,2,4,1
SF,IH2006,2020-06-17 10:22:26.200,2865.0000,19155,-1,5641132500.000,1,0,1,双平,B,2864.8000,2864.6000,2864.4000,2864.2000,2864.0000,2865.2000,2865.6000,2865.8000,2866.0000,2866.2000,1,1,2,5,4,17,2,4,1,1
SF,IH2006,2020-06-17 10:22:26.700,2864.6000,19155,0,5641991880.000,1,0,1,空换,B,2865.0000,2864.4000,2864.2000,2864.0000,2863.8000,2865.2000,2865.6000,2865.8000,2866.0000,2866.2000,1,2,5,4,2,17,2,4,1,1
SF,IH2006,2020-06-17 10:22:27.200,2865.0000,19155,0,5642851380.000,1,0,1,空换,B,2864.4000,2864.2000,2864.0000,2863.8000,2863.6000,2865.0000,2865.2000,2865.6000,2865.8000,2866.0000,2,5,4,2,2,3,17,2,4,1
SF,IH2006,2020-06-17 10:22:27.700,2865.0000,19155,0,5642851380.000,0,-,-,-,-,2864.4000,2864.2000,2864.0000,2863.8000,2863.6000,2865.2000,2865.6000,2865.8000,2866.0000,2866.2000,2,5,4,2,2,17,2,4,1,1
SF,IH2006,2020-06-17 10:22:28.200,2865.0000,19155,0,5642851380.000,0,-,-,-,-,2864.6000,2864.4000,2864.2000,2864.0000,2863.8000,2865.2000,2865.6000,2865.8000,2866.0000,2866.2000,1,2,5,4,2,17,2,4,1,1
SF,IH2006,2020-06-17 10:22:29.200,2865.2000,19154,-1,5643710940.000,1,0,1,双平,B,2864.6000,2864.4000,2864.2000,2864.0000,2863.8000,2865.2000,2865.6000,2865.8000,2866.0000,2866.2000,1,2,5,4,2,16,2,4,1,1
SF,IH2006,2020-06-17 10:22:31.200,2865.2000,19154,0,5643710940.000,0,-,-,-,-,2864.6000,2864.4000,2864.2000,2864.0000,2863.8000,2865.0000,2865.2000,2865.6000,2865.8000,2866.0000,1,2,5,4,2,1,16,2,4,1
SF,IH2006,2020-06-17 10:22:31.700,2865.2000,19154,0,5643710940.000,0,-,-,-,-,2864.6000,2864.4000,2864.2000,2864.0000,2863.8000,2865.0000,2865.2000,2865.6000,2865.8000,2866.0000,1,2,5,4,2,1,16,2,4,1
SF,IH2006,2020-06-17 10:22:32.200,2865.2000,19154,0,5643710940.000,0,-,-,-,-,2864.6000,2864.4000,2864.2000,2864.0000,2863.8000,2865.0000,2865.2000,2865.6000,2865.8000,2866.0000,1,2,5,3,2,1,16,2,4,1
SF,IH2006,2020-06-17 10:22:32.700,2864.6000,19153,-1,5644570320.000,1,0,1,双平,B,2864.4000,2864.2000,2864.0000,2863.8000,2863.6000,2865.0000,2865.2000,2865.6000,2865.8000,2866.0000,2,5,3,2,2,1,16,2,4,1
SF,IH2006,2020-06-17 10:22:33.700,2864.6000,19153,0,5644570320.000,0,-,-,-,-,2864.4000,2864.2000,2864.0000,2863.8000,2863.6000,2865.0000,2865.2000,2865.6000,2865.8000,2866.0000,2,6,3,2,2,1,16,2,4,1
SF,IH2006,2020-06-17 10:22:34.200,2864.6000,19153,0,5644570320.000,0,-,-,-,-,2864.4000,2864.2000,2864.0000,2863.8000,2863.6000,2865.0000,2865.2000,2865.6000,2865.8000,2866.0000,2,6,3,2,2,1,16,2,3,1
SF,IH2006,2020-06-17 10:22:34.700,2864.6000,19153,0,5644570320.000,0,-,-,-,-,2864.4000,2864.2000,2864.0000,2863.8000,2863.6000,2865.0000,2865.2000,2865.6000,2865.8000,2866.0000,2,6,4,2,2,1,16,2,3,1
SF,IH2006,2020-06-17 10:22:35.200,2865.0000,19152,-1,5645429820.000,1,0,1,双平,B,2864.4000,2864.2000,2864.0000,2863.8000,2863.6000,2865.2000,2865.6000,2865.8000,2866.0000,2866.2000,2,6,4,2,2,16,2,3,1,1
SF,IH2006,2020-06-17 10:22:35.700,2865.0000,19152,0,5645429820.000,0,-,-,-,-,2865.0000,2864.6000,2864.4000,2864.2000,2864.0000,2865.2000,2865.6000,2865.8000,2866.0000,2866.2000,3,3,4,6,4,16,2,3,1,1
SF,IH2006,2020-06-17 10:22:36.200,2865.2000,19148,-4,5654884980.000,11,3,8,空平,B,2865.0000,2864.6000,2864.4000,2864.2000,2864.0000,2865.2000,2865.6000,2865.8000,2866.0000,2866.2000,1,6,7,6,4,5,2,3,1,1
SF,IH2006,2020-06-17 10:22:36.700,2865.6000,19143,-5,5660902140.000,7,1,6,空平,B,2865.6000,2865.4000,2865.2000,2865.0000,2864.8000,2865.8000,2866.0000,2866.2000,2866.4000,2866.6000,4,17,13,2,1,3,1,1,2,16
SF,IH2006,2020-06-17 10:22:37.200,2865.6000,19143,0,5660902140.000,0,-,-,-,-,2865.2000,2865.0000,2864.8000,2864.6000,2864.4000,2865.8000,2866.0000,2866.2000,2866.4000,2866.6000,9,2,1,2,7,3,1,1,2,16
SF,IH2006,2020-06-17 10:22:37.700,2865.6000,19143,0,5660902140.000,0,-,-,-,-,2865.4000,2865.2000,2865.0000,2864.6000,2864.4000,2865.8000,2866.0000,2866.2000,2866.4000,2866.6000,3,5,2,2,7,3,1,1,2,16
SF,IH2006,2020-06-17 10:22:38.200,2865.6000,19143,0,5660902140.000,0,-,-,-,-,2865.4000,2865.2000,2865.0000,2864.6000,2864.4000,2865.8000,2866.0000,2866.2000,2866.4000,2866.6000,3,5,2,2,7,3,1,1,2,16
SF,IH2006,2020-06-17 10:22:38.700,2865.4000,19142,-1,5661761760.000,1,0,1,双平,B,2865.4000,2865.2000,2865.0000,2864.6000,2864.4000,2865.8000,2866.0000,2866.2000,2866.4000,2866.6000,2,4,2,1,5,3,1,1,2,16
SF,IH2006,2020-06-17 10:22:39.200,2865.4000,19142,0,5661761760.000,0,-,-,-,-,2865.4000,2865.2000,2865.0000,2864.6000,2864.4000,2865.8000,2866.0000,2866.2000,2866.4000,2866.6000,1,4,2,1,5,3,1,1,2,16
SF,IH2006,2020-06-17 10:22:40.200,2865.4000,19142,0,5661761760.000,0,-,-,-,-,2865.4000,2865.2000,2865.0000,2864.6000,2864.4000,2865.8000,2866.0000,2866.2000,2866.4000,2866.6000,1,4,1,1,5,3,1,1,2,16
SF,IH2006,2020-06-17 10:22:41.200,2865.8000,19141,-1,5662621500.000,1,0,1,双平,B,2865.4000,2865.2000,2865.0000,2864.6000,2864.4000,2865.8000,2866.0000,2866.2000,2866.4000,2866.6000,1,4,1,1,5,2,1,1,2,16
SF,IH2006,2020-06-17 10:22:42.200,2865.8000,19140,-1,5663481240.000,1,0,1,双平,B,2865.4000,2865.2000,2865.0000,2864.6000,2864.4000,2865.8000,2866.0000,2866.2000,2866.4000,2866.6000,1,4,1,1,5,1,1,1,2,16
SF,IH2006,2020-06-17 10:22:42.700,2865.8000,19140,0,5663481240.000,0,-,-,-,-,2865.6000,2865.2000,2865.0000,2864.6000,2864.4000,2865.8000,2866.0000,2866.2000,2866.4000,2866.6000,1,4,1,1,5,1,1,1,2,16
SF,IH2006,2020-06-17 10:22:43.200,2865.6000,19139,-1,5664340920.000,1,0,1,双平,B,2865.2000,2865.0000,2864.6000,2864.4000,2864.2000,2865.8000,2866.0000,2866.2000,2866.4000,2866.6000,4,1,2,5,5,1,1,1,2,16
SF,IH2006,2020-06-17 10:22:43.700,2865.6000,19139,0,5664340920.000,0,-,-,-,-,2865.4000,2865.2000,2865.0000,2864.6000,2864.4000,2865.8000,2866.0000,2866.2000,2866.4000,2866.6000,1,4,1,2,5,1,1,1,2,16
SF,IH2006,2020-06-17 10:22:44.200,2865.6000,19139,0,5664340920.000,0,-,-,-,-,2865.4000,2865.2000,2865.0000,2864.6000,2864.4000,2865.8000,2866.0000,2866.2000,2866.4000,2866.6000,1,3,1,2,5,1,1,1,2,16
SF,IH2006,2020-06-17 10:22:44.700,2865.4000,19138,-1,5665200540.000,1,0,1,双平,B,2865.2000,2864.6000,2864.4000,2864.2000,2864.0000,2865.8000,2866.0000,2866.2000,2866.4000,2866.6000,3,1,5,5,3,1,1,1,2,16
SF,IH2006,2020-06-17 10:22:45.200,2865.4000,19138,0,5665200540.000,0,-,-,-,-,2865.4000,2865.2000,2864.6000,2864.4000,2864.2000,2865.8000,2866.0000,2866.2000,2866.4000,2866.6000,2,3,1,5,5,1,1,1,2,16
SF,IH2006,2020-06-17 10:22:45.700,2865.8000,19137,-1,5666060280.000,1,0,1,双平,B,2865.4000,2865.2000,2864.6000,2864.4000,2864.2000,2866.0000,2866.2000,2866.4000,2866.6000,2866.8000,2,3,1,5,5,1,1,2,16,6
SF,IH2006,2020-06-17 10:22:46.200,2865.8000,19137,0,5666060280.000,0,-,-,-,-,2865.4000,2865.2000,2864.8000,2864.6000,2864.4000,2866.0000,2866.2000,2866.4000,2866.6000,2866.8000,2,3,1,1,5,1,1,2,16,6
SF,IH2006,2020-06-17 10:22:46.700,2865.8000,19137,0,5666060280.000,0,-,-,-,-,2865.6000,2865.4000,2865.2000,2864.8000,2864.6000,2866.0000,2866.2000,2866.4000,2866.6000,2866.8000,1,1,3,1,1,1,1,2,16,6
SF,IH2006,2020-06-17 10:22:47.200,2866.0000,19136,-1,5666920080.000,1,0,1,双平,B,2865.6000,2865.4000,2865.2000,2864.8000,2864.6000,2866.2000,2866.4000,2866.6000,2866.8000,2867.0000,1,1,3,1,1,1,2,16,6,2
SF,IH2006,2020-06-17 10:22:47.700,2866.0000,19136,0,5666920080.000,0,-,-,-,-,2865.6000,2865.4000,2865.2000,2864.8000,2864.6000,2866.2000,2866.4000,2866.6000,2866.8000,2867.0000,1,1,3,1,1,1,2,16,6,2
SF,IH2006,2020-06-17 10:22:48.700,2866.2000,19135,-1,5667779940.000,1,0,1,双平,B,2865.6000,2865.4000,2865.2000,2864.8000,2864.6000,2866.4000,2866.6000,2866.8000,2867.0000,2867.4000,1,1,3,1,1,2,16,6,2,1
SF,IH2006,2020-06-17 10:22:49.200,2866.2000,19135,0,5667779940.000,0,-,-,-,-,2865.6000,2865.4000,2865.2000,2864.8000,2864.6000,2865.8000,2866.2000,2866.4000,2866.6000,2866.8000,1,1,3,1,1,2,14,5,16,6
SF,IH2006,2020-06-17 10:22:49.700,2866.2000,19135,0,5667779940.000,0,-,-,-,-,2865.6000,2865.4000,2865.2000,2864.8000,2864.6000,2866.2000,2866.4000,2866.6000,2866.8000,2867.0000,2,2,3,1,1,12,4,16,6,2
SF,IH2006,2020-06-17 10:22:50.200,2866.2000,19135,0,5667779940.000,0,-,-,-,-,2865.6000,2865.4000,2865.2000,2864.8000,2864.6000,2866.2000,2866.4000,2866.6000,2866.8000,2867.0000,2,2,3,1,1,11,4,16,6,2
SF,IH2006,2020-06-17 10:22:50.700,2865.8000,19135,0,5668639680.000,1,0,1,空换,B,2865.8000,2865.6000,2865.4000,2865.2000,2864.8000,2866.2000,2866.4000,2866.6000,2866.8000,2867.0000,1,2,2,3,1,10,4,16,6,2
SF,IH2006,2020-06-17 10:22:51.200,2865.8000,19135,0,5668639680.000,0,-,-,-,-,2865.8000,2865.6000,2865.4000,2865.2000,2864.8000,2866.0000,2866.2000,2866.4000,2866.6000,2866.8000,1,2,2,3,1,1,9,4,16,6
SF,IH2006,2020-06-17 10:22:51.700,2866.0000,19135,0,5669499480.000,1,0,1,空换,B,2865.8000,2865.6000,2865.4000,2865.2000,2864.8000,2866.2000,2866.4000,2866.6000,2866.8000,2867.0000,1,1,2,3,1,9,4,16,6,2
SF,IH2006,2020-06-17 10:22:52.200,2866.0000,19135,0,5669499480.000,0,-,-,-,-,2865.8000,2865.6000,2865.4000,2865.2000,2864.8000,2866.2000,2866.4000,2866.6000,2866.8000,2867.0000,1,1,2,3,1,8,4,16,6,2
SF,IH2006,2020-06-17 10:22:52.700,2866.2000,19135,0,5670359340.000,1,0,1,空换,B,2865.8000,2865.6000,2865.4000,2865.2000,2864.8000,2866.2000,2866.4000,2866.6000,2866.8000,2867.0000,1,1,2,3,1,6,4,16,6,2
SF,IH2006,2020-06-17 10:22:53.200,2866.2000,19135,0,5670359340.000,0,-,-,-,-,2865.8000,2865.6000,2865.4000,2865.2000,2864.8000,2866.2000,2866.4000,2866.6000,2866.8000,2867.0000,1,1,2,3,1,4,4,16,6,2
SF,IH2006,2020-06-17 10:22:53.700,2866.2000,19134,-1,5671219200.000,1,0,1,双平,B,2865.8000,2865.6000,2865.4000,2865.2000,2864.8000,2866.2000,2866.4000,2866.6000,2866.8000,2867.0000,1,1,2,3,1,3,4,16,6,2
SF,IH2006,2020-06-17 10:22:54.200,2866.2000,19134,0,5671219200.000,0,-,-,-,-,2865.8000,2865.6000,2865.4000,2865.2000,2864.8000,2866.2000,2866.4000,2866.6000,2866.8000,2867.0000,1,1,1,3,1,1,4,16,6,2
SF,IH2006,2020-06-17 10:22:54.700,2866.0000,19133,-1,5672079000.000,1,0,1,双平,B,2865.6000,2865.4000,2865.2000,2864.8000,2864.6000,2866.2000,2866.4000,2866.6000,2866.8000,2867.0000,1,1,3,1,1,1,4,16,6,2
SF,IH2006,2020-06-17 10:22:55.200,2866.2000,19133,0,5672938860.000,1,0,1,空换,B,2866.2000,2865.8000,2865.6000,2865.4000,2865.2000,2866.4000,2866.6000,2866.8000,2867.0000,2867.4000,2,2,1,1,3,4,16,6,2,1
SF,IH2006,2020-06-17 10:22:55.700,2866.2000,19133,0,5672938860.000,0,-,-,-,-,2866.2000,2865.8000,2865.6000,2865.4000,2865.2000,2866.4000,2866.6000,2866.8000,2867.0000,2867.4000,2,1,1,1,3,2,16,6,2,2
SF,IH2006,2020-06-17 10:22:56.700,2866.2000,19132,-1,5673798720.000,1,0,1,双平,B,2866.2000,2865.8000,2865.6000,2865.4000,2865.2000,2866.4000,2866.6000,2866.8000,2867.0000,2867.4000,1,1,1,1,3,2,16,5,2,2
SF,IH2006,2020-06-17 10:22:57.200,2866.2000,19132,0,5674658580.000,1,0,1,空换,B,2865.8000,2865.6000,2865.4000,2865.2000,2864.8000,2866.2000,2866.4000,2866.6000,2866.8000,2867.0000,1,1,1,3,1,1,2,16,5,2
SF,IH2006,2020-06-17 10:22:58.700,2866.2000,19131,-1,5675518440.000,1,0,1,双平,B,2865.8000,2865.6000,2865.4000,2865.2000,2864.8000,2866.4000,2866.6000,2866.8000,2867.0000,2867.4000,1,1,1,3,1,2,16,5,2,2
SF,IH2006,2020-06-17 10:22:59.200,2866.2000,19131,0,5675518440.000,0,-,-,-,-,2865.6000,2865.4000,2865.2000,2864.8000,2864.6000,2866.4000,2866.6000,2866.8000,2867.0000,2867.4000,1,1,3,1,1,3,16,5,2,2
SF,IH2006,2020-06-17 10:22:59.700,2866.2000,19131,0,5675518440.000,0,-,-,-,-,2865.8000,2865.6000,2865.4000,2865.2000,2864.8000,2866.4000,2866.6000,2866.8000,2867.0000,2867.4000,1,1,1,3,1,4,16,5,2,2
SF,IH2006,2020-06-17 10:23:00.200,2866.2000,19131,0,5675518440.000,0,-,-,-,-,2865.8000,2865.6000,2865.4000,2865.2000,2864.8000,2866.2000,2866.4000,2866.6000,2866.8000,2867.0000,1,1,1,3,1,1,4,16,5,2
SF,IH2006,2020-06-17 10:23:02.700,2865.8000,19131,0,5676378180.000,1,0,1,空换,B,2865.6000,2865.4000,2865.2000,2864.8000,2864.6000,2866.2000,2866.4000,2866.6000,2866.8000,2867.0000,1,1,3,1,1,1,4,16,5,2
SF,IH2006,2020-06-17 10:23:04.200,2865.8000,19131,0,5676378180.000,0,-,-,-,-,2865.6000,2865.4000,2865.2000,2864.8000,2864.6000,2866.2000,2866.4000,2866.6000,2866.8000,2867.0000,1,1,3,1,1,2,4,16,5,2
SF,IH2006,2020-06-17 10:23:04.700,2865.6000,19130,-1,5678957220.000,3,1,2,空平,B,2865.4000,2865.2000,2864.8000,2864.6000,2864.4000,2865.6000,2865.8000,2866.0000,2866.2000,2866.4000,1,3,1,1,2,1,8,6,4,2
SF,IH2006,2020-06-17 10:23:05.200,2865.6000,19130,0,5678957220.000,0,-,-,-,-,2865.6000,2865.4000,2865.2000,2864.8000,2864.6000,2866.0000,2866.2000,2866.4000,2866.6000,2866.8000,1,1,3,1,1,5,4,4,16,5
SF,IH2006,2020-06-17 10:23:05.700,2865.6000,19130,0,5678957220.000,0,-,-,-,-,2865.6000,2865.4000,2865.2000,2864.8000,2864.6000,2866.0000,2866.2000,2866.4000,2866.6000,2866.8000,1,1,3,1,1,3,4,4,16,5
SF,IH2006,2020-06-17 10:23:06.200,2865.6000,19130,0,5678957220.000,0,-,-,-,-,2865.6000,2865.4000,2865.2000,2864.8000,2864.6000,2866.0000,2866.2000,2866.4000,2866.6000,2866.8000,1,1,3,1,1,4,3,4,16,5
SF,IH2006,2020-06-17 10:23:06.700,2865.6000,19130,0,5678957220.000,0,-,-,-,-,2865.6000,2865.4000,2865.2000,2864.8000,2864.6000,2866.0000,2866.2000,2866.4000,2866.6000,2866.8000,1,1,3,1,1,3,3,4,16,5
SF,IH2006,2020-06-17 10:23:07.200,2865.6000,19130,0,5679816900.000,1,0,1,空换,B,2865.4000,2865.2000,2864.8000,2864.6000,2864.4000,2865.6000,2866.0000,2866.2000,2866.4000,2866.6000,1,3,1,1,2,1,4,2,4,16
SF,IH2006,2020-06-17 10:23:07.700,2865.6000,19130,0,5679816900.000,0,-,-,-,-,2865.6000,2865.4000,2865.2000,2864.8000,2864.6000,2866.0000,2866.2000,2866.4000,2866.6000,2866.8000,1,1,3,1,1,4,2,4,16,5
SF,IH2006,2020-06-17 10:23:08.200,2865.6000,19130,0,5680676580.000,1,0,1,空换,B,2865.4000,2865.2000,2864.8000,2864.6000,2864.4000,2865.8000,2866.0000,2866.2000,2866.4000,2866.6000,1,4,1,1,2,1,4,2,4,16
SF,IH2006,2020-06-17 10:23:08.700,2865.6000,19130,0,5681536260.000,1,0,1,空换,B,2865.4000,2865.2000,2864.8000,2864.6000,2864.4000,2865.8000,2866.0000,2866.2000,2866.4000,2866.6000,1,4,1,1,2,1,4,3,4,16
SF,IH2006,2020-06-17 10:23:09.700,2865.6000,19130,0,5681536260.000,0,-,-,-,-,2865.4000,2865.2000,2864.8000,2864.6000,2864.4000,2865.8000,2866.0000,2866.2000,2866.4000,2866.6000,1,4,1,1,2,1,4,3,4,16
SF,IH2006,2020-06-17 10:23:10.700,2865.8000,19129,-1,5682396000.000,1,0,1,双平,B,2865.4000,2865.2000,2864.8000,2864.6000,2864.4000,2866.0000,2866.2000,2866.4000,2866.6000,2866.8000,2,4,1,1,2,4,3,4,16,5
SF,IH2006,2020-06-17 10:23:11.200,2865.8000,19129,0,5682396000.000,0,-,-,-,-,2865.4000,2865.2000,2864.8000,2864.6000,2864.4000,2866.0000,2866.2000,2866.4000,2866.6000,2866.8000,2,4,1,1,2,5,3,4,16,5
SF,IH2006,2020-06-17 10:23:12.200,2865.8000,19129,0,5682396000.000,0,-,-,-,-,2865.4000,2865.2000,2864.8000,2864.6000,2864.4000,2865.8000,2866.0000,2866.2000,2866.4000,2866.6000,2,4,1,1,2,1,5,3,4,16
SF,IH2006,2020-06-17 10:23:12.700,2865.8000,19129,0,5682396000.000,0,-,-,-,-,2865.6000,2865.4000,2865.2000,2864.8000,2864.6000,2865.8000,2866.0000,2866.2000,2866.4000,2866.6000,1,2,4,1,2,1,5,3,4,16
SF,IH2006,2020-06-17 10:23:13.200,2865.8000,19129,0,5682396000.000,0,-,-,-,-,2865.6000,2865.4000,2865.2000,2864.8000,2864.6000,2865.8000,2866.0000,2866.2000,2866.4000,2866.6000,1,2,4,2,2,1,5,3,4,16
SF,IH2006,2020-06-17 10:23:14.700,2865.6000,19129,0,5683255680.000,1,0,1,空换,B,2865.4000,2865.2000,2865.0000,2864.8000,2864.6000,2865.8000,2866.0000,2866.2000,2866.4000,2866.6000,2,4,1,2,2,1,5,3,4,16
SF,IH2006,2020-06-17 10:23:16.700,2865.8000,19130,1,5685834660.000,3,2,1,多开,B,2865.2000,2865.0000,2864.8000,2864.6000,2864.4000,2865.8000,2866.0000,2866.2000,2866.4000,2866.6000,4,1,2,2,2,1,4,2,4,16
SF,IH2006,2020-06-17 10:23:17.200,2865.8000,19130,0,5685834660.000,0,-,-,-,-,2865.2000,2865.0000,2864.8000,2864.6000,2864.4000,2865.6000,2865.8000,2866.0000,2866.2000,2866.4000,2,1,2,2,2,1,2,3,2,4
SF,IH2006,2020-06-17 10:23:17.700,2865.8000,19131,1,5686694400.000,1,1,0,双开,B,2865.2000,2865.0000,2864.8000,2864.6000,2864.4000,2865.8000,2866.0000,2866.2000,2866.4000,2866.6000,2,1,2,2,2,2,3,2,4,16
SF,IH2006,2020-06-17 10:23:18.200,2865.8000,19131,0,5686694400.000,0,-,-,-,-,2865.2000,2865.0000,2864.8000,2864.6000,2864.4000,2865.8000,2866.0000,2866.2000,2866.4000,2866.6000,2,1,2,2,2,4,3,2,4,16
SF,IH2006,2020-06-17 10:23:18.700,2865.8000,19131,0,5686694400.000,0,-,-,-,-,2865.2000,2865.0000,2864.8000,2864.6000,2864.4000,2865.8000,2866.0000,2866.2000,2866.4000,2866.6000,2,1,2,2,2,2,3,2,4,16
SF,IH2006,2020-06-17 10:23:19.700,2865.8000,19131,0,5686694400.000,0,-,-,-,-,2865.2000,2865.0000,2864.8000,2864.6000,2864.4000,2865.8000,2866.0000,2866.2000,2866.4000,2866.6000,2,1,2,2,2,4,3,2,4,16
SF,IH2006,2020-06-17 10:23:20.200,2865.8000,19131,0,5686694400.000,0,-,-,-,-,2865.2000,2865.0000,2864.8000,2864.6000,2864.4000,2865.8000,2866.0000,2866.2000,2866.4000,2866.6000,2,1,2,2,2,2,3,2,4,16
SF,IH2006,2020-06-17 10:23:20.700,2865.2000,19131,0,5687553960.000,1,0,1,空换,B,2865.2000,2865.0000,2864.8000,2864.6000,2864.4000,2865.8000,2866.0000,2866.2000,2866.4000,2866.6000,1,1,2,2,2,2,3,2,4,16
SF,IH2006,2020-06-17 10:23:21.700,2865.2000,19131,0,5687553960.000,0,-,-,-,-,2865.4000,2865.2000,2865.0000,2864.8000,2864.6000,2865.8000,2866.0000,2866.2000,2866.4000,2866.6000,1,1,1,2,2,2,3,2,4,16
SF,IH2006,2020-06-17 10:23:22.200,2865.2000,19131,0,5687553960.000,0,-,-,-,-,2865.4000,2865.2000,2865.0000,2864.8000,2864.6000,2866.0000,2866.2000,2866.4000,2866.6000,2866.8000,2,1,1,2,2,3,2,4,16,5
SF,IH2006,2020-06-17 10:23:22.700,2866.0000,19131,0,5688413760.000,1,0,1,空换,B,2865.4000,2865.2000,2865.0000,2864.8000,2864.6000,2866.0000,2866.2000,2866.4000,2866.6000,2866.8000,2,1,1,2,2,4,2,4,16,5
SF,IH2006,2020-06-17 10:23:23.700,2866.0000,19131,0,5688413760.000,0,-,-,-,-,2865.4000,2865.2000,2865.0000,2864.8000,2864.6000,2865.8000,2866.0000,2866.2000,2866.4000,2866.6000,2,1,1,2,2,1,4,2,4,16
SF,IH2006,2020-06-17 10:23:24.200,2865.4000,19130,-1,5690133000.000,2,0,2,空平,B,2865.2000,2865.0000,2864.8000,2864.6000,2864.4000,2866.0000,2866.2000,2866.4000,2866.6000,2866.8000,1,1,2,2,2,3,2,4,16,5
SF,IH2006,2020-06-17 10:23:24.700,2865.4000,19130,0,5690133000.000,0,-,-,-,-,2865.4000,2865.2000,2865.0000,2864.8000,2864.6000,2866.0000,2866.2000,2866.4000,2866.6000,2866.8000,1,1,1,2,2,2,2,4,16,5
SF,IH2006,2020-06-17 10:23:25.200,2865.4000,19130,0,5690992620.000,1,0,1,空换,B,2865.2000,2865.0000,2864.8000,2864.6000,2864.4000,2865.6000,2865.8000,2866.0000,2866.2000,2866.4000,1,1,2,2,2,1,3,3,2,4
SF,IH2006,2020-06-17 10:23:25.700,2865.4000,19130,0,5690992620.000,0,-,-,-,-,2865.4000,2865.2000,2865.0000,2864.8000,2864.6000,2865.8000,2866.0000,2866.2000,2866.4000,2866.6000,1,1,1,2,2,3,2,2,4,16
SF,IH2006,2020-06-17 10:23:26.200,2865.4000,19129,-1,5691852240.000,1,0,1,双平,B,2865.2000,2865.0000,2864.8000,2864.6000,2864.4000,2865.4000,2865.6000,2865.8000,2866.0000,2866.2000,1,1,2,2,2,3,1,4,1,2
SF,IH2006,2020-06-17 10:23:26.700,2865.0000,19130,1,5693571300.000,2,1,1,多开,B,2864.8000,2864.6000,2864.4000,2864.2000,2864.0000,2865.2000,2865.4000,2865.6000,2865.8000,2866.0000,2,2,2,3,3,1,3,1,4,2
SF,IH2006,2020-06-17 10:23:27.200,2865.0000,19130,0,5693571300.000,0,-,-,-,-,2864.8000,2864.6000,2864.4000,2864.2000,2864.0000,2865.4000,2865.6000,2865.8000,2866.0000,2866.2000,3,2,2,3,3,3,1,3,2,2
SF,IH2006,2020-06-17 10:23:28.200,2865.0000,19130,0,5693571300.000,0,-,-,-,-,2864.8000,2864.6000,2864.4000,2864.2000,2864.0000,2865.4000,2865.6000,2865.8000,2866.0000,2866.2000,3,2,2,3,3,3,1,2,2,2
SF,IH2006,2020-06-17 10:23:28.700,2865.4000,19129,-1,5694430920.000,1,0,1,双平,B,2864.8000,2864.6000,2864.4000,2864.2000,2864.0000,2865.4000,2865.6000,2865.8000,2866.0000,2866.2000,3,2,2,3,3,2,1,2,2,2
SF,IH2006,2020-06-17 10:23:29.200,2865.4000,19129,0,5694430920.000,0,-,-,-,-,2865.2000,2865.0000,2864.8000,2864.6000,2864.4000,2865.4000,2865.8000,2866.0000,2866.2000,2866.4000,2,7,3,2,2,2,2,2,2,4
SF,IH2006,2020-06-17 10:23:29.700,2865.4000,19129,0,5694430920.000,0,-,-,-,-,2865.0000,2864.8000,2864.6000,2864.4000,2864.2000,2865.4000,2865.8000,2866.0000,2866.2000,2866.4000,7,3,2,2,3,3,2,2,2,4
SF,IH2006,2020-06-17 10:23:30.700,2865.4000,19128,-1,5695290540.000,1,0,1,双平,B,2865.0000,2864.8000,2864.6000,2864.4000,2864.2000,2865.4000,2865.8000,2866.0000,2866.2000,2866.4000,5,3,2,2,3,2,2,2,2,4
SF,IH2006,2020-06-17 10:23:31.700,2865.4000,19128,0,5695290540.000,0,-,-,-,-,2865.0000,2864.8000,2864.6000,2864.4000,2864.2000,2865.4000,2865.8000,2866.0000,2866.2000,2866.4000,4,3,2,2,3,2,3,2,2,4
SF,IH2006,2020-06-17 10:23:32.200,2865.4000,19128,0,5695290540.000,0,-,-,-,-,2865.0000,2864.8000,2864.6000,2864.4000,2864.2000,2865.2000,2865.4000,2865.8000,2866.0000,2866.2000,4,3,2,2,3,1,2,3,2,2
SF,IH2006,2020-06-17 10:23:32.700,2865.0000,19128,0,5696150040.000,1,0,1,空换,B,2865.0000,2864.8000,2864.6000,2864.4000,2864.2000,2865.2000,2865.4000,2865.8000,2866.0000,2866.2000,2,3,2,2,3,1,2,3,2,2
SF,IH2006,2020-06-17 10:23:33.200,2865.0000,19126,-2,5697869040.000,2,0,2,双平,B,2864.8000,2864.6000,2864.4000,2864.2000,2864.0000,2865.2000,2865.4000,2865.8000,2866.0000,2866.2000,3,2,2,3,3,1,2,3,2,2
SF,IH2006,2020-06-17 10:23:33.700,2865.0000,19125,-1,5705604300.000,9,4,5,空平,B,2864.6000,2864.4000,2864.2000,2864.0000,2863.8000,2865.0000,2865.2000,2865.4000,2865.8000,2866.0000,2,2,3,3,2,4,1,2,3,2
SF,IH2006,2020-06-17 10:23:34.200,2865.0000,19125,0,5705604300.000,0,-,-,-,-,2864.6000,2864.4000,2864.2000,2864.0000,2863.8000,2865.0000,2865.2000,2865.4000,2865.8000,2866.0000,2,2,3,3,2,2,1,2,2,2
SF,IH2006,2020-06-17 10:23:34.700,2865.0000,19125,0,5706463800.000,1,0,1,空换,B,2864.6000,2864.4000,2864.2000,2864.0000,2863.8000,2865.2000,2865.4000,2865.8000,2866.0000,2866.2000,2,2,3,3,2,1,2,2,2,2
SF,IH2006,2020-06-17 10:23:35.200,2865.0000,19125,0,5706463800.000,0,-,-,-,-,2864.6000,2864.4000,2864.2000,2864.0000,2863.8000,2865.4000,2865.8000,2866.0000,2866.2000,2866.4000,2,2,3,3,2,2,2,2,2,4
SF,IH2006,2020-06-17 10:23:35.700,2865.0000,19125,0,5706463800.000,0,-,-,-,-,2864.6000,2864.4000,2864.2000,2864.0000,2863.8000,2865.4000,2865.8000,2866.0000,2866.2000,2866.4000,2,2,3,3,2,2,2,2,2,4
SF,IH2006,2020-06-17 10:23:36.200,2865.0000,19125,0,5706463800.000,0,-,-,-,-,2864.6000,2864.4000,2864.2000,2864.0000,2863.8000,2865.2000,2865.4000,2865.8000,2866.0000,2866.2000,2,2,3,3,2,3,2,2,2,3
SF,IH2006,2020-06-17 10:23:36.700,2865.0000,19125,0,5706463800.000,0,-,-,-,-,2864.6000,2864.4000,2864.2000,2864.0000,2863.8000,2865.2000,2865.4000,2865.8000,2866.0000,2866.2000,2,2,3,3,2,5,2,1,2,3
SF,IH2006,2020-06-17 10:23:37.200,2865.0000,19125,0,5706463800.000,0,-,-,-,-,2864.6000,2864.4000,2864.2000,2864.0000,2863.8000,2865.2000,2865.4000,2865.8000,2866.0000,2866.2000,2,2,3,3,2,4,2,1,2,3
SF,IH2006,2020-06-17 10:23:37.700,2865.0000,19125,0,5706463800.000,0,-,-,-,-,2864.6000,2864.4000,2864.2000,2864.0000,2863.8000,2864.8000,2865.0000,2865.2000,2865.4000,2865.8000,2,2,3,3,2,2,2,5,2,1
SF,IH2006,2020-06-17 10:23:38.200,2864.6000,19127,2,5708182560.000,2,2,0,双开,B,2864.4000,2864.2000,2864.0000,2863.8000,2863.6000,2864.6000,2865.0000,2865.2000,2865.4000,2865.8000,2,3,3,2,2,4,3,6,2,1
SF,IH2006,2020-06-17 10:23:38.700,2864.4000,19127,0,5709041880.000,1,0,1,空换,B,2864.4000,2864.2000,2864.0000,2863.8000,2863.6000,2865.0000,2865.2000,2865.4000,2865.8000,2866.0000,1,3,3,2,2,1,6,2,1,2
SF,IH2006,2020-06-17 10:23:39.200,2864.4000,19127,0,5709041880.000,0,-,-,-,-,2864.4000,2864.2000,2864.0000,2863.8000,2863.6000,2865.0000,2865.2000,2865.4000,2865.8000,2866.0000,1,3,3,2,2,2,6,1,1,2
SF,IH2006,2020-06-17 10:23:39.700,2864.4000,19126,-1,5709901200.000,1,0,1,双平,B,2864.2000,2864.0000,2863.8000,2863.6000,2863.4000,2865.0000,2865.2000,2865.4000,2865.8000,2866.0000,3,3,2,2,1,2,5,1,1,2
SF,IH2006,2020-06-17 10:23:40.200,2864.4000,19126,0,5709901200.000,0,-,-,-,-,2864.2000,2864.0000,2863.8000,2863.6000,2863.4000,2864.8000,2865.0000,2865.2000,2865.4000,2865.8000,3,3,2,2,1,6,2,3,1,1
SF,IH2006,2020-06-17 10:23:40.700,2864.6000,19125,-1,5710760580.000,1,0,1,双平,B,2864.2000,2864.0000,2863.8000,2863.6000,2863.4000,2864.8000,2865.0000,2865.2000,2865.4000,2865.8000,3,3,2,2,1,6,2,3,1,1
SF,IH2006,2020-06-17 10:23:41.200,2864.6000,19125,0,5710760580.000,0,-,-,-,-,2864.2000,2864.0000,2863.8000,2863.6000,2863.4000,2864.8000,2865.0000,2865.2000,2865.4000,2865.8000,3,3,2,2,1,6,2,3,1,1
SF,IH2006,2020-06-17 10:23:41.700,2864.2000,19127,2,5713338360.000,3,2,1,多开,B,2864.0000,2863.8000,2863.6000,2863.4000,2863.2000,2864.6000,2864.8000,2865.0000,2865.2000,2865.4000,3,2,2,1,4,1,6,2,3,1
SF,IH2006,2020-06-17 10:23:42.200,2864.0000,19126,-1,5714197560.000,1,0,1,双平,B,2864.0000,2863.8000,2863.6000,2863.4000,2863.2000,2864.4000,2864.6000,2864.8000,2865.0000,2865.2000,2,3,2,1,4,1,4,5,1,3
SF,IH2006,2020-06-17 10:23:42.700,2864.0000,19128,2,5715915960.000,2,2,0,双开,B,2863.8000,2863.6000,2863.4000,2863.2000,2863.0000,2864.4000,2864.6000,2864.8000,2865.0000,2865.2000,3,2,1,4,5,2,3,5,1,3
SF,IH2006,2020-06-17 10:23:43.200,2864.0000,19128,0,5715915960.000,0,-,-,-,-,2863.8000,2863.6000,2863.4000,2863.2000,2863.0000,2864.0000,2864.2000,2864.4000,2864.6000,2864.8000,3,4,1,4,5,4,2,2,3,2
SF,IH2006,2020-06-17 10:23:43.700,2863.8000,19126,-2,5718493380.000,3,0,3,空平,B,2863.6000,2863.4000,2863.2000,2863.0000,2862.8000,2863.8000,2864.2000,2864.4000,2864.6000,2864.8000,2,1,3,5,2,6,3,1,3,3
SF,IH2006,2020-06-17 10:23:44.200,2863.8000,19123,-3,5721929880.000,4,0,4,空平,B,2863.6000,2863.4000,2863.2000,2863.0000,2862.8000,2863.8000,2864.2000,2864.4000,2864.6000,2864.8000,1,1,3,5,2,1,3,1,1,2
SF,IH2006,2020-06-17 10:23:44.700,2863.8000,19120,-3,5725366440.000,4,0,4,空平,B,2863.8000,2863.6000,2863.4000,2863.2000,2863.0000,2864.2000,2864.4000,2864.6000,2864.8000,2865.0000,10,2,1,3,5,3,1,1,2,1
SF,IH2006,2020-06-17 10:23:45.200,2864.2000,19120,0,5727084960.000,2,1,1,空换,B,2863.8000,2863.6000,2863.4000,2863.2000,2863.0000,2864.6000,2864.8000,2865.0000,2865.2000,2865.4000,7,1,1,3,5,1,2,1,2,1
SF,IH2006,2020-06-17 10:23:45.700,2864.2000,19120,0,5727084960.000,0,-,-,-,-,2864.0000,2863.8000,2863.6000,2863.4000,2863.2000,2864.6000,2864.8000,2865.0000,2865.2000,2865.4000,1,4,1,1,3,3,2,1,2,1
SF,IH2006,2020-06-17 10:23:46.200,2864.2000,19120,0,5727084960.000,0,-,-,-,-,2863.8000,2863.6000,2863.4000,2863.2000,2863.0000,2864.4000,2864.6000,2864.8000,2865.0000,2865.2000,5,1,1,3,5,2,4,2,1,2
SF,IH2006,2020-06-17 10:23:46.700,2864.4000,19119,-1,5727944280.000,1,0,1,双平,B,2863.8000,2863.6000,2863.4000,2863.2000,2863.0000,2864.6000,2864.8000,2865.0000,2865.2000,2865.4000,5,1,1,3,5,4,2,1,2,1
SF,IH2006,2020-06-17 10:23:47.200,2864.4000,19119,0,5727944280.000,0,-,-,-,-,2863.8000,2863.6000,2863.4000,2863.2000,2863.0000,2864.2000,2864.4000,2864.6000,2864.8000,2865.0000,5,1,1,3,5,1,1,4,2,1
SF,IH2006,2020-06-17 10:23:47.700,2864.4000,19119,0,5727944280.000,0,-,-,-,-,2863.8000,2863.6000,2863.4000,2863.2000,2863.0000,2864.4000,2864.6000,2864.8000,2865.0000,2865.2000,5,1,1,3,5,1,2,2,1,2
SF,IH2006,2020-06-17 10:23:48.200,2864.4000,19119,0,5727944280.000,0,-,-,-,-,2863.8000,2863.6000,2863.4000,2863.2000,2863.0000,2864.4000,2864.6000,2864.8000,2865.0000,2865.2000,5,1,1,3,5,1,2,2,1,2
SF,IH2006,2020-06-17 10:23:48.700,2863.8000,19118,-1,5728803420.000,1,0,1,双平,B,2863.8000,2863.6000,2863.4000,2863.2000,2863.0000,2864.4000,2864.6000,2864.8000,2865.0000,2865.2000,4,2,1,3,5,1,2,2,1,2
SF,IH2006,2020-06-17 10:23:49.200,2863.8000,19118,0,5728803420.000,0,-,-,-,-,2864.0000,2863.8000,2863.6000,2863.4000,2863.2000,2864.4000,2864.6000,2864.8000,2865.0000,2865.2000,1,4,2,1,3,1,2,2,1,2
SF,IH2006,2020-06-17 10:23:49.700,2864.0000,19118,0,5730522060.000,2,1,1,空换,B,2864.4000,2864.0000,2863.8000,2863.6000,2863.4000,2864.8000,2865.0000,2865.2000,2865.4000,2865.8000,1,3,4,2,1,1,3,2,1,1
SF,IH2006,2020-06-17 10:23:50.200,2864.4000,19117,-1,5731381380.000,1,0,1,双平,B,2864.0000,2863.8000,2863.6000,2863.4000,2863.2000,2864.4000,2864.6000,2864.8000,2865.0000,2865.2000,2,4,2,1,3,2,3,3,3,2
SF,IH2006,2020-06-17 10:23:50.700,2864.4000,19117,0,5731381380.000,0,-,-,-,-,2864.0000,2863.8000,2863.6000,2863.4000,2863.2000,2864.2000,2864.4000,2864.6000,2864.8000,2865.0000,1,4,2,1,3,1,1,3,4,3
SF,IH2006,2020-06-17 10:23:51.200,2864.2000,19116,-1,5733099900.000,2,0,2,空平,B,2864.2000,2863.8000,2863.6000,2863.4000,2863.2000,2864.6000,2864.8000,2865.0000,2865.2000,2865.4000,5,5,2,1,3,2,4,3,2,1
SF,IH2006,2020-06-17 10:23:51.700,2864.2000,19115,-1,5737396200.000,5,2,3,空平,B,2863.8000,2863.6000,2863.4000,2863.2000,2863.0000,2864.2000,2864.4000,2864.6000,2864.8000,2865.0000,6,2,1,3,5,4,1,2,2,3
SF,IH2006,2020-06-17 10:23:52.200,2864.2000,19115,0,5737396200.000,0,-,-,-,-,2863.8000,2863.6000,2863.4000,2863.2000,2863.0000,2864.4000,2864.6000,2864.8000,2865.0000,2865.2000,6,3,1,3,5,1,3,2,3,2
SF,IH2006,2020-06-17 10:23:52.700,2864.2000,19115,0,5737396200.000,0,-,-,-,-,2864.2000,2864.0000,2863.8000,2863.6000,2863.4000,2864.4000,2864.6000,2864.8000,2865.0000,2865.2000,1,2,5,3,1,2,3,2,3,2
SF,IH2006,2020-06-17 10:23:53.200,2864.4000,19114,-1,5738255520.000,1,0,1,双平,B,2864.2000,2864.0000,2863.8000,2863.6000,2863.4000,2864.6000,2864.8000,2865.0000,2865.2000,2865.4000,1,2,5,2,1,3,2,3,2,1
SF,IH2006,2020-06-17 10:23:53.700,2864.6000,19114,0,5739114900.000,1,0,1,空换,B,2864.0000,2863.8000,2863.6000,2863.4000,2863.2000,2864.6000,2864.8000,2865.0000,2865.2000,2865.4000,2,5,2,1,4,2,2,3,2,1
SF,IH2006,2020-06-17 10:23:54.200,2864.6000,19114,0,5739114900.000,0,-,-,-,-,2864.2000,2864.0000,2863.8000,2863.6000,2863.4000,2864.6000,2864.8000,2865.0000,2865.2000,2865.4000,1,2,5,2,1,2,3,3,2,1
SF,IH2006,2020-06-17 10:23:54.700,2864.6000,19114,0,5739974280.000,1,0,1,空换,B,2864.6000,2864.2000,2864.0000,2863.8000,2863.6000,2864.8000,2865.0000,2865.2000,2865.4000,2865.8000,1,1,2,5,2,3,3,2,1,1
SF,IH2006,2020-06-17 10:23:55.200,2864.8000,19115,1,5741693100.000,2,1,1,多开,B,2864.0000,2863.8000,2863.6000,2863.4000,2863.2000,2864.8000,2865.0000,2865.2000,2865.4000,2865.8000,2,5,2,1,4,2,3,2,1,1
SF,IH2006,2020-06-17 10:23:55.700,2864.8000,19115,0,5741693100.000,0,-,-,-,-,2864.2000,2864.0000,2863.8000,2863.6000,2863.4000,2864.8000,2865.0000,2865.2000,2865.4000,2865.8000,2,2,5,2,1,2,3,2,1,1
SF,IH2006,2020-06-17 10:23:56.200,2864.8000,19115,0,5741693100.000,0,-,-,-,-,2864.2000,2864.0000,2863.8000,2863.6000,2863.4000,2864.6000,2864.8000,2865.0000,2865.2000,2865.4000,2,2,5,2,1,1,2,3,2,1
SF,IH2006,2020-06-17 10:23:56.700,2864.8000,19115,0,5741693100.000,0,-,-,-,-,2864.2000,2864.0000,2863.8000,2863.6000,2863.4000,2864.6000,2864.8000,2865.0000,2865.2000,2865.4000,1,3,5,2,1,1,3,3,2,1
SF,IH2006,2020-06-17 10:23:57.200,2864.2000,19115,0,5742552360.000,1,0,1,空换,B,2864.0000,2863.8000,2863.6000,2863.4000,2863.2000,2864.6000,2864.8000,2865.0000,2865.2000,2865.4000,3,5,2,1,4,1,3,3,2,1
SF,IH2006,2020-06-17 10:23:59.700,2864.6000,19115,0,5743411740.000,1,0,1,空换,B,2864.2000,2864.0000,2863.8000,2863.6000,2863.4000,2864.6000,2864.8000,2865.0000,2865.2000,2865.4000,1,3,5,2,1,1,3,3,2,1
SF,IH2006,2020-06-17 10:24:00.700,2864.2000,19115,0,5744271000.000,1,0,1,空换,B,2864.0000,2863.8000,2863.6000,2863.4000,2863.2000,2864.6000,2864.8000,2865.0000,2865.2000,2865.4000,4,5,2,1,4,1,3,3,2,1
SF,IH2006,2020-06-17 10:24:01.200,2864.2000,19115,0,5744271000.000,0,-,-,-,-,2864.0000,2863.8000,2863.6000,2863.4000,2863.2000,2864.6000,2864.8000,2865.0000,2865.2000,2865.4000,2,5,2,1,4,1,3,3,2,1
SF,IH2006,2020-06-17 10:24:01.700,2864.2000,19115,0,5744271000.000,0,-,-,-,-,2864.0000,2863.8000,2863.6000,2863.4000,2863.2000,2864.6000,2864.8000,2865.0000,2865.2000,2865.4000,2,4,2,1,4,1,3,3,2,1
SF,IH2006,2020-06-17 10:24:02.700,2864.2000,19115,0,5744271000.000,0,-,-,-,-,2864.0000,2863.8000,2863.6000,2863.4000,2863.2000,2864.6000,2864.8000,2865.0000,2865.2000,2865.4000,2,3,2,1,4,1,3,3,2,1
SF,IH2006,2020-06-17 10:24:03.200,2864.0000,19115,0,5745130200.000,1,0,1,空换,B,2864.0000,2863.8000,2863.6000,2863.4000,2863.2000,2864.6000,2864.8000,2865.0000,2865.2000,2865.4000,1,3,2,1,4,1,3,3,2,1
SF,IH2006,2020-06-17 10:24:03.700,2864.0000,19115,0,5745130200.000,0,-,-,-,-,2864.0000,2863.8000,2863.6000,2863.4000,2863.2000,2864.6000,2864.8000,2865.0000,2865.2000,2865.4000,1,3,2,1,4,11,3,3,2,1
SF,IH2006,2020-06-17 10:24:04.200,2864.0000,19113,-2,5750285400.000,6,2,4,空平,B,2863.8000,2863.6000,2863.4000,2863.2000,2863.0000,2864.2000,2864.4000,2864.6000,2864.8000,2865.0000,3,2,1,4,6,3,4,11,3,3
SF,IH2006,2020-06-17 10:24:04.700,2864.4000,19115,2,5752863240.000,3,2,1,多开,B,2864.0000,2863.8000,2863.6000,2863.4000,2863.2000,2864.4000,2864.6000,2864.8000,2865.0000,2865.2000,1,3,2,1,4,5,12,2,3,2
SF,IH2006,2020-06-17 10:24:05.200,2864.4000,19115,0,5752863240.000,0,-,-,-,-,2864.0000,2863.8000,2863.6000,2863.4000,2863.2000,2864.4000,2864.6000,2864.8000,2865.0000,2865.2000,1,3,2,1,4,5,12,2,3,2
SF,IH2006,2020-06-17 10:24:05.700,2864.4000,19115,0,5753722560.000,1,0,1,空换,B,2864.0000,2863.8000,2863.6000,2863.4000,2863.2000,2864.4000,2864.6000,2864.8000,2865.0000,2865.2000,1,3,2,1,4,4,12,2,3,2
SF,IH2006,2020-06-17 10:24:07.700,2864.0000,19115,0,5754581760.000,1,0,1,空换,B,2863.8000,2863.6000,2863.4000,2863.2000,2863.0000,2864.4000,2864.6000,2864.8000,2865.0000,2865.2000,3,2,1,4,5,4,12,2,3,2
SF,IH2006,2020-06-17 10:24:08.200,2864.0000,19115,0,5754581760.000,0,-,-,-,-,2863.8000,2863.6000,2863.4000,2863.2000,2863.0000,2864.2000,2864.4000,2864.6000,2864.8000,2865.0000,3,2,1,4,5,1,4,12,2,3
SF,IH2006,2020-06-17 10:24:08.700,2864.0000,19115,0,5754581760.000,0,-,-,-,-,2864.0000,2863.8000,2863.6000,2863.4000,2863.2000,2864.2000,2864.4000,2864.6000,2864.8000,2865.0000,1,3,2,1,4,1,4,12,2,3
SF,IH2006,2020-06-17 10:24:09.200,2864.0000,19115,0,5756300220.000,2,1,1,空换,B,2863.8000,2863.6000,2863.4000,2863.2000,2863.0000,2864.4000,2864.6000,2864.8000,2865.0000,2865.2000,3,2,1,4,5,4,12,2,3,2
SF,IH2006,2020-06-17 10:24:09.700,2864.0000,19115,0,5756300220.000,0,-,-,-,-,2863.8000,2863.6000,2863.4000,2863.2000,2863.0000,2864.4000,2864.6000,2864.8000,2865.0000,2865.2000,3,2,1,4,5,5,11,2,3,2
SF,IH2006,2020-06-17 10:24:10.200,2864.0000,19115,0,5756300220.000,0,-,-,-,-,2863.8000,2863.6000,2863.4000,2863.2000,2863.0000,2864.0000,2864.2000,2864.4000,2864.6000,2864.8000,3,2,1,4,5,3,1,8,11,2
SF,IH2006,2020-06-17 10:24:10.700,2863.8000,19114,-1,5757159360.000,1,0,1,双平,B,2863.8000,2863.6000,2863.4000,2863.2000,2863.0000,2864.2000,2864.4000,2864.6000,2864.8000,2865.0000,2,2,1,4,5,1,7,11,2,3
SF,IH2006,2020-06-17 10:24:11.200,2863.8000,19114,0,5757159360.000,0,-,-,-,-,2863.8000,2863.6000,2863.4000,2863.2000,2863.0000,2864.0000,2864.2000,2864.4000,2864.6000,2864.8000,2,2,1,4,5,1,3,5,11,2
SF,IH2006,2020-06-17 10:24:11.700,2864.2000,19113,-1,5758877820.000,2,0,2,空平,B,2864.0000,2863.8000,2863.6000,2863.4000,2863.2000,2864.2000,2864.4000,2864.6000,2864.8000,2865.0000,3,2,2,1,4,2,5,11,2,3
SF,IH2006,2020-06-17 10:24:12.200,2864.2000,19111,-2,5761455600.000,3,0,3,空平,B,2864.0000,2863.8000,2863.6000,2863.4000,2863.2000,2864.4000,2864.6000,2864.8000,2865.0000,2865.2000,2,2,2,1,4,3,11,2,3,2
SF,IH2006,2020-06-17 10:24:12.700,2864.4000,19111,0,5762314920.000,1,0,1,空换,B,2863.8000,2863.6000,2863.4000,2863.2000,2863.0000,2864.4000,2864.6000,2864.8000,2865.0000,2865.2000,3,2,1,4,5,2,11,2,3,2
SF,IH2006,2020-06-17 10:24:13.200,2864.4000,19111,0,5762314920.000,0,-,-,-,-,2864.0000,2863.8000,2863.6000,2863.4000,2863.2000,2864.4000,2864.6000,2864.8000,2865.0000,2865.2000,1,3,2,1,4,2,11,2,3,2
SF,IH2006,2020-06-17 10:24:13.700,2864.4000,19111,0,5762314920.000,0,-,-,-,-,2863.8000,2863.6000,2863.4000,2863.2000,2863.0000,2864.4000,2864.6000,2864.8000,2865.0000,2865.2000,3,2,1,4,5,2,11,2,3,2
SF,IH2006,2020-06-17 10:24:14.700,2864.4000,19111,0,5762314920.000,0,-,-,-,-,2863.8000,2863.6000,2863.4000,2863.2000,2863.0000,2864.4000,2864.6000,2864.8000,2865.0000,2865.2000,3,2,1,4,5,3,11,2,3,2
SF,IH2006,2020-06-17 10:24:15.200,2863.8000,19110,-1,5763174060.000,1,0,1,双平,B,2863.8000,2863.6000,2863.4000,2863.2000,2863.0000,2864.4000,2864.6000,2864.8000,2865.0000,2865.2000,2,2,1,4,5,3,11,2,3,2
SF,IH2006,2020-06-17 10:24:15.700,2864.4000,19110,0,5764033380.000,1,0,1,空换,B,2863.8000,2863.6000,2863.4000,2863.2000,2863.0000,2864.4000,2864.6000,2864.8000,2865.0000,2865.2000,2,2,1,4,5,2,11,2,3,2
SF,IH2006,2020-06-17 10:24:16.200,2864.4000,19110,0,5764033380.000,0,-,-,-,-,2863.8000,2863.6000,2863.4000,2863.2000,2863.0000,2864.4000,2864.6000,2864.8000,2865.0000,2865.2000,2,2,1,4,5,2,11,2,3,2
SF,IH2006,2020-06-17 10:24:17.200,2864.4000,19110,0,5764033380.000,0,-,-,-,-,2863.8000,2863.6000,2863.4000,2863.2000,2863.0000,2864.4000,2864.6000,2864.8000,2865.0000,2865.2000,2,2,1,4,5,2,11,2,3,2
SF,IH2006,2020-06-17 10:24:17.700,2864.4000,19109,-1,5764892700.000,1,0,1,双平,B,2863.8000,2863.6000,2863.4000,2863.2000,2863.0000,2864.2000,2864.4000,2864.6000,2864.8000,2865.0000,2,2,1,4,5,1,1,14,2,3
SF,IH2006,2020-06-17 10:24:18.700,2864.4000,19109,0,5764892700.000,0,-,-,-,-,2864.0000,2863.8000,2863.6000,2863.4000,2863.2000,2864.2000,2864.4000,2864.6000,2864.8000,2865.0000,1,2,2,1,4,1,1,4,2,3
SF,IH2006,2020-06-17 10:24:19.200,2864.0000,19109,0,5765751900.000,1,0,1,空换,B,2863.8000,2863.6000,2863.4000,2863.2000,2863.0000,2864.2000,2864.4000,2864.6000,2864.8000,2865.0000,2,2,1,4,5,11,1,4,2,3
SF,IH2006,2020-06-17 10:24:21.200,2863.8000,19109,0,5766611040.000,1,0,1,空换,B,2863.8000,2863.6000,2863.4000,2863.2000,2863.0000,2864.2000,2864.4000,2864.6000,2864.8000,2865.0000,1,2,1,4,5,11,1,4,2,3
SF,IH2006,2020-06-17 10:24:21.700,2863.8000,19109,0,5766611040.000,0,-,-,-,-,2863.8000,2863.6000,2863.4000,2863.2000,2863.0000,2864.2000,2864.4000,2864.6000,2864.8000,2865.0000,1,2,1,4,5,12,1,4,2,3
SF,IH2006,2020-06-17 10:24:22.700,2863.8000,19109,0,5766611040.000,0,-,-,-,-,2863.8000,2863.6000,2863.4000,2863.2000,2863.0000,2864.2000,2864.4000,2864.6000,2864.8000,2865.0000,1,2,1,4,5,14,1,4,2,3
SF,IH2006,2020-06-17 10:24:23.200,2864.2000,19102,-7,5780359260.000,16,4,12,空平,B,2864.2000,2864.0000,2863.8000,2863.6000,2863.4000,2864.6000,2864.8000,2865.0000,2865.2000,2865.4000,2,6,1,2,1,4,2,3,2,1
SF,IH2006,2020-06-17 10:24:23.700,2864.6000,19099,-3,5786374740.000,7,2,5,空平,B,2864.4000,2864.0000,2863.8000,2863.6000,2863.4000,2864.8000,2865.0000,2865.2000,2865.4000,2865.8000,1,2,1,2,1,2,3,2,1,3
SF,IH2006,2020-06-17 10:24:24.200,2864.4000,19099,0,5787234060.000,1,0,1,空换,B,2864.0000,2863.8000,2863.6000,2863.4000,2863.2000,2864.8000,2865.0000,2865.2000,2865.4000,2865.8000,2,1,2,1,4,2,3,2,1,3
SF,IH2006,2020-06-17 10:24:24.700,2864.4000,19099,0,5787234060.000,0,-,-,-,-,2864.2000,2864.0000,2863.8000,2863.6000,2863.4000,2864.8000,2865.0000,2865.2000,2865.4000,2865.8000,3,3,1,2,1,2,3,2,1,3
SF,IH2006,2020-06-17 10:24:25.200,2864.4000,19099,0,5787234060.000,0,-,-,-,-,2864.2000,2864.0000,2863.8000,2863.6000,2863.4000,2864.8000,2865.0000,2865.2000,2865.4000,2865.8000,3,3,1,2,1,3,3,2,1,3
SF,IH2006,2020-06-17 10:24:26.200,2864.4000,19099,0,5787234060.000,0,-,-,-,-,2864.2000,2864.0000,2863.8000,2863.6000,2863.4000,2864.8000,2865.0000,2865.2000,2865.4000,2865.8000,3,3,1,2,1,3,3,2,1,3
SF,IH2006,2020-06-17 10:24:26.700,2864.4000,19099,0,5787234060.000,0,-,-,-,-,2864.4000,2864.2000,2864.0000,2863.8000,2863.6000,2864.8000,2865.0000,2865.2000,2865.4000,2865.8000,1,3,3,1,2,3,3,2,1,3
SF,IH2006,2020-06-17 10:24:27.200,2864.4000,19099,0,5787234060.000,0,-,-,-,-,2864.2000,2864.0000,2863.8000,2863.6000,2863.4000,2864.8000,2865.0000,2865.2000,2865.4000,2865.8000,3,3,1,2,1,3,3,2,1,3
SF,IH2006,2020-06-17 10:24:27.700,2864.4000,19098,-1,5788952640.000,2,0,2,空平,B,2864.2000,2864.0000,2863.8000,2863.6000,2863.4000,2864.6000,2864.8000,2865.0000,2865.2000,2865.4000,2,3,1,2,1,1,3,3,2,1
SF,IH2006,2020-06-17 10:24:28.200,2864.4000,19098,0,5788952640.000,0,-,-,-,-,2864.2000,2864.0000,2863.8000,2863.6000,2863.4000,2864.6000,2864.8000,2865.0000,2865.2000,2865.4000,2,3,1,2,1,1,3,3,2,1
SF,IH2006,2020-06-17 10:24:29.200,2864.4000,19098,0,5788952640.000,0,-,-,-,-,2864.0000,2863.8000,2863.6000,2863.4000,2863.2000,2864.6000,2864.8000,2865.0000,2865.2000,2865.4000,3,1,2,1,4,1,3,3,2,1
SF,IH2006,2020-06-17 10:24:29.700,2864.6000,19098,0,5789812020.000,1,0,1,空换,B,2864.0000,2863.8000,2863.6000,2863.4000,2863.2000,2864.6000,2864.8000,2865.0000,2865.2000,2865.4000,2,1,2,1,4,1,3,3,2,1
SF,IH2006,2020-06-17 10:24:30.200,2864.6000,19098,0,5789812020.000,0,-,-,-,-,2864.0000,2863.8000,2863.6000,2863.4000,2863.2000,2864.6000,2864.8000,2865.0000,2865.2000,2865.4000,1,1,2,1,4,1,3,3,2,1
SF,IH2006,2020-06-17 10:24:30.700,2864.6000,19098,0,5789812020.000,0,-,-,-,-,2864.0000,2863.8000,2863.6000,2863.4000,2863.2000,2864.6000,2864.8000,2865.0000,2865.2000,2865.4000,1,1,2,1,4,1,3,3,2,1
SF,IH2006,2020-06-17 10:24:31.700,2864.6000,19098,0,5789812020.000,0,-,-,-,-,2864.0000,2863.8000,2863.6000,2863.4000,2863.2000,2864.6000,2864.8000,2865.0000,2865.2000,2865.4000,1,1,2,1,4,2,3,3,2,1
SF,IH2006,2020-06-17 10:24:32.200,2864.6000,19098,0,5789812020.000,0,-,-,-,-,2864.0000,2863.8000,2863.6000,2863.4000,2863.2000,2864.6000,2864.8000,2865.0000,2865.2000,2865.4000,1,1,2,1,4,2,3,3,2,1
SF,IH2006,2020-06-17 10:24:32.700,2864.6000,19098,0,5789812020.000,0,-,-,-,-,2863.8000,2863.6000,2863.4000,2863.2000,2863.0000,2864.6000,2864.8000,2865.0000,2865.2000,2865.4000,1,2,1,4,5,2,3,3,2,1
SF,IH2006,2020-06-17 10:24:33.200,2864.6000,19098,0,5789812020.000,0,-,-,-,-,2864.0000,2863.8000,2863.6000,2863.4000,2863.2000,2864.6000,2864.8000,2865.0000,2865.2000,2865.4000,1,2,2,1,4,2,3,3,2,1
SF,IH2006,2020-06-17 10:24:33.700,2864.0000,19098,0,5791530420.000,2,1,1,空换,B,2863.8000,2863.6000,2863.4000,2863.2000,2863.0000,2864.6000,2864.8000,2865.0000,2865.2000,2865.4000,2,2,1,4,5,2,3,3,2,1
SF,IH2006,2020-06-17 10:24:34.200,2864.0000,19097,-1,5793248820.000,2,0,2,空平,B,2863.8000,2863.6000,2863.4000,2863.2000,2863.0000,2864.6000,2864.8000,2865.0000,2865.2000,2865.4000,2,2,1,4,5,2,3,3,2,1
SF,IH2006,2020-06-17 10:24:34.700,2864.0000,19097,0,5793248820.000,0,-,-,-,-,2863.8000,2863.6000,2863.4000,2863.2000,2863.0000,2864.6000,2864.8000,2865.0000,2865.2000,2865.4000,3,2,1,4,5,2,3,3,2,1
SF,IH2006,2020-06-17 10:24:35.200,2864.0000,19097,0,5793248820.000,0,-,-,-,-,2863.8000,2863.6000,2863.4000,2863.2000,2863.0000,2864.4000,2864.6000,2864.8000,2865.0000,2865.2000,2,2,1,4,5,1,2,3,3,2
SF,IH2006,2020-06-17 10:24:35.700,2864.2000,19096,-1,5794108080.000,1,0,1,双平,B,2863.8000,2863.6000,2863.4000,2863.2000,2863.0000,2864.4000,2864.6000,2864.8000,2865.0000,2865.2000,2,2,1,4,5,1,2,3,3,2
SF,IH2006,2020-06-17 10:24:39.200,2864.2000,19096,0,5794108080.000,0,-,-,-,-,2863.8000,2863.6000,2863.4000,2863.2000,2863.0000,2864.4000,2864.6000,2864.8000,2865.0000,2865.2000,1,2,1,4,5,1,2,3,3,2
SF,IH2006,2020-06-17 10:24:39.700,2863.8000,19095,-1,5794967220.000,1,0,1,双平,B,2863.6000,2863.4000,2863.2000,2863.0000,2862.8000,2864.4000,2864.6000,2864.8000,2865.0000,2865.2000,2,1,4,5,2,1,2,3,3,2
SF,IH2006,2020-06-17 10:24:40.200,2863.8000,19095,0,5794967220.000,0,-,-,-,-,2863.6000,2863.4000,2863.2000,2863.0000,2862.8000,2864.4000,2864.6000,2864.8000,2865.0000,2865.2000,3,1,4,5,2,1,2,3,3,2
SF,IH2006,2020-06-17 10:24:41.700,2864.4000,19095,0,5795826540.000,1,0,1,空换,B,2863.6000,2863.4000,2863.2000,2863.0000,2862.8000,2864.6000,2864.8000,2865.0000,2865.2000,2865.4000,3,1,4,5,2,2,3,3,2,1
SF,IH2006,2020-06-17 10:24:42.200,2864.4000,19095,0,5795826540.000,0,-,-,-,-,2863.6000,2863.4000,2863.2000,2863.0000,2862.8000,2864.4000,2864.6000,2864.8000,2865.0000,2865.2000,3,1,4,5,2,4,2,3,3,2
SF,IH2006,2020-06-17 10:24:42.700,2864.4000,19095,0,5795826540.000,0,-,-,-,-,2863.6000,2863.4000,2863.2000,2863.0000,2862.8000,2864.4000,2864.6000,2864.8000,2865.0000,2865.2000,3,1,4,5,2,4,2,3,3,2
SF,IH2006,2020-06-17 10:24:43.200,2864.4000,19094,-1,5796685860.000,1,0,1,双平,B,2863.8000,2863.6000,2863.4000,2863.2000,2863.0000,2864.4000,2864.6000,2864.8000,2865.0000,2865.2000,1,3,1,4,5,3,2,3,3,1
SF,IH2006,2020-06-17 10:24:43.700,2864.4000,19094,0,5796685860.000,0,-,-,-,-,2863.8000,2863.6000,2863.4000,2863.2000,2863.0000,2864.4000,2864.6000,2864.8000,2865.0000,2865.2000,1,3,1,4,5,2,2,3,3,1
SF,IH2006,2020-06-17 10:24:45.700,2863.8000,19094,0,5797545000.000,1,0,1,空换,B,2863.6000,2863.4000,2863.2000,2863.0000,2862.8000,2864.4000,2864.6000,2864.8000,2865.0000,2865.2000,3,1,4,5,2,2,2,3,3,1
SF,IH2006,2020-06-17 10:24:46.200,2863.8000,19094,0,5797545000.000,0,-,-,-,-,2863.6000,2863.4000,2863.2000,2863.0000,2862.8000,2864.2000,2864.4000,2864.6000,2864.8000,2865.0000,3,1,4,5,2,1,2,2,3,3
SF,IH2006,2020-06-17 10:24:47.700,2864.2000,19094,0,5798404260.000,1,0,1,空换,B,2863.6000,2863.4000,2863.2000,2863.0000,2862.8000,2864.4000,2864.6000,2864.8000,2865.0000,2865.2000,3,1,4,5,2,2,2,3,3,1
SF,IH2006,2020-06-17 10:24:48.200,2864.2000,19094,0,5798404260.000,0,-,-,-,-,2863.8000,2863.6000,2863.4000,2863.2000,2863.0000,2864.0000,2864.4000,2864.6000,2864.8000,2865.0000,2,3,1,4,5,1,2,2,3,3
SF,IH2006,2020-06-17 10:24:49.200,2864.2000,19094,0,5798404260.000,0,-,-,-,-,2863.8000,2863.6000,2863.4000,2863.2000,2863.0000,2864.0000,2864.4000,2864.6000,2864.8000,2865.0000,2,3,1,4,5,1,3,2,3,3
SF,IH2006,2020-06-17 10:24:49.700,2864.2000,19094,0,5798404260.000,0,-,-,-,-,2863.8000,2863.6000,2863.4000,2863.2000,2863.0000,2864.0000,2864.4000,2864.6000,2864.8000,2865.0000,2,3,1,4,5,1,3,2,3,3
SF,IH2006,2020-06-17 10:24:51.200,2864.2000,19094,0,5798404260.000,0,-,-,-,-,2863.8000,2863.6000,2863.4000,2863.2000,2863.0000,2864.0000,2864.4000,2864.6000,2864.8000,2865.0000,2,3,1,4,5,1,3,2,3,3
SF,IH2006,2020-06-17 10:24:51.700,2864.0000,19095,1,5800122660.000,2,1,1,多开,B,2863.8000,2863.6000,2863.4000,2863.2000,2863.0000,2864.4000,2864.6000,2864.8000,2865.0000,2865.2000,2,3,1,4,5,3,2,3,3,1
SF,IH2006,2020-06-17 10:24:53.700,2864.4000,19095,0,5800981980.000,1,0,1,空换,B,2863.8000,2863.6000,2863.4000,2863.2000,2863.0000,2864.4000,2864.6000,2864.8000,2865.0000,2865.2000,2,3,1,4,5,2,2,3,3,1
SF,IH2006,2020-06-17 10:24:54.200,2864.4000,19095,0,5800981980.000,0,-,-,-,-,2863.6000,2863.4000,2863.2000,2863.0000,2862.8000,2864.4000,2864.6000,2864.8000,2865.0000,2865.2000,3,1,4,5,2,2,2,3,3,1
SF,IH2006,2020-06-17 10:24:54.700,2864.4000,19095,0,5800981980.000,0,-,-,-,-,2863.8000,2863.6000,2863.4000,2863.2000,2863.0000,2864.4000,2864.6000,2864.8000,2865.0000,2865.2000,2,3,1,4,5,2,2,3,3,1
SF,IH2006,2020-06-17 10:24:55.700,2864.4000,19095,0,5800981980.000,0,-,-,-,-,2863.8000,2863.6000,2863.4000,2863.2000,2863.0000,2864.4000,2864.6000,2864.8000,2865.0000,2865.2000,2,3,1,4,5,1,2,3,3,1
SF,IH2006,2020-06-17 10:24:56.200,2864.4000,19095,0,5800981980.000,0,-,-,-,-,2863.8000,2863.6000,2863.4000,2863.2000,2863.0000,2864.4000,2864.6000,2864.8000,2865.0000,2865.2000,2,3,1,4,5,2,2,3,2,1
SF,IH2006,2020-06-17 10:24:56.700,2864.4000,19095,0,5800981980.000,0,-,-,-,-,2863.8000,2863.6000,2863.4000,2863.2000,2863.0000,2864.4000,2864.6000,2864.8000,2865.0000,2865.2000,2,2,1,4,5,2,6,3,2,1
SF,IH2006,2020-06-17 10:24:57.200,2863.8000,19096,1,5802700260.000,2,1,1,多开,B,2863.6000,2863.4000,2863.2000,2863.0000,2862.8000,2863.8000,2864.0000,2864.4000,2864.6000,2864.8000,2,1,4,5,2,2,6,2,5,3
SF,IH2006,2020-06-17 10:24:57.700,2863.6000,19096,0,5803559340.000,1,0,1,空换,B,2863.4000,2863.2000,2863.0000,2862.8000,2862.6000,2863.6000,2864.4000,2864.6000,2864.8000,2865.0000,1,4,5,2,2,1,2,5,3,2
SF,IH2006,2020-06-17 10:24:58.200,2863.6000,19095,-1,5804418420.000,1,0,1,双平,B,2863.4000,2863.2000,2863.0000,2862.8000,2862.6000,2864.4000,2864.6000,2864.8000,2865.0000,2865.2000,2,5,5,2,2,2,5,3,2,1
SF,IH2006,2020-06-17 10:24:58.700,2863.6000,19095,0,5804418420.000,0,-,-,-,-,2863.4000,2863.2000,2863.0000,2862.8000,2862.6000,2864.2000,2864.4000,2864.6000,2864.8000,2865.0000,3,5,5,2,2,6,2,5,3,2
SF,IH2006,2020-06-17 10:24:59.200,2863.6000,19095,0,5804418420.000,0,-,-,-,-,2863.4000,2863.2000,2863.0000,2862.8000,2862.6000,2864.2000,2864.4000,2864.6000,2864.8000,2865.0000,2,5,5,2,2,6,2,5,3,2
SF,IH2006,2020-06-17 10:24:59.700,2864.0000,19094,-1,5805277620.000,1,0,1,双平,B,2863.4000,2863.2000,2863.0000,2862.8000,2862.6000,2863.8000,2864.2000,2864.4000,2864.6000,2864.8000,2,5,5,2,2,1,7,2,5,3
SF,IH2006,2020-06-17 10:25:00.200,2864.0000,19094,0,5805277620.000,0,-,-,-,-,2863.4000,2863.2000,2863.0000,2862.8000,2862.6000,2863.8000,2864.0000,2864.2000,2864.4000,2864.6000,1,5,5,2,2,1,1,4,2,4
SF,IH2006,2020-06-17 10:25:00.700,2864.0000,19094,0,5805277620.000,0,-,-,-,-,2863.4000,2863.2000,2863.0000,2862.8000,2862.6000,2863.8000,2864.0000,2864.2000,2864.4000,2864.6000,1,5,5,2,2,1,1,2,2,4
SF,IH2006,2020-06-17 10:25:01.200,2863.4000,19095,1,5806136640.000,1,1,0,双开,B,2863.4000,2863.2000,2863.0000,2862.8000,2862.6000,2863.8000,2864.0000,2864.2000,2864.4000,2864.6000,1,5,5,2,2,1,1,2,2,4
SF,IH2006,2020-06-17 10:25:02.700,2863.4000,19095,0,5806995660.000,1,0,1,空换,B,2863.2000,2863.0000,2862.8000,2862.6000,2862.4000,2863.8000,2864.0000,2864.2000,2864.4000,2864.6000,5,5,2,2,2,1,1,2,2,4
SF,IH2006,2020-06-17 10:25:03.200,2863.4000,19094,-1,5807854680.000,1,0,1,双平,B,2863.4000,2863.2000,2863.0000,2862.8000,2862.6000,2863.8000,2864.0000,2864.2000,2864.4000,2864.6000,4,6,7,2,2,1,1,2,2,4
SF,IH2006,2020-06-17 10:25:03.700,2863.4000,19094,0,5808713700.000,1,0,1,空换,B,2863.4000,2863.2000,2863.0000,2862.8000,2862.6000,2863.8000,2864.0000,2864.2000,2864.4000,2864.6000,3,6,7,2,2,1,1,2,2,4
SF,IH2006,2020-06-17 10:25:04.200,2863.4000,19094,0,5808713700.000,0,-,-,-,-,2863.4000,2863.2000,2863.0000,2862.8000,2862.6000,2863.8000,2864.0000,2864.2000,2864.4000,2864.6000,3,6,7,2,2,2,2,2,1,4
SF,IH2006,2020-06-17 10:25:05.200,2863.4000,19094,0,5808713700.000,0,-,-,-,-,2863.4000,2863.2000,2863.0000,2862.8000,2862.6000,2863.8000,2864.0000,2864.2000,2864.4000,2864.6000,3,6,7,2,2,1,2,2,1,4
SF,IH2006,2020-06-17 10:25:05.700,2863.8000,19093,-1,5809572840.000,1,0,1,双平,B,2863.4000,2863.2000,2863.0000,2862.8000,2862.6000,2864.0000,2864.2000,2864.4000,2864.6000,2864.8000,3,6,7,2,2,2,2,1,4,3
SF,IH2006,2020-06-17 10:25:06.200,2863.4000,19093,0,5810431860.000,1,0,1,空换,B,2863.4000,2863.2000,2863.0000,2862.8000,2862.6000,2864.0000,2864.2000,2864.4000,2864.6000,2864.8000,1,6,7,2,2,2,2,1,4,2
SF,IH2006,2020-06-17 10:25:07.700,2863.4000,19093,0,5810431860.000,0,-,-,-,-,2863.4000,2863.2000,2863.0000,2862.8000,2862.6000,2864.0000,2864.2000,2864.4000,2864.6000,2864.8000,1,6,7,2,2,3,2,1,4,2
SF,IH2006,2020-06-17 10:25:08.200,2863.4000,19093,0,5810431860.000,0,-,-,-,-,2863.4000,2863.2000,2863.0000,2862.8000,2862.6000,2863.6000,2863.8000,2864.0000,2864.2000,2864.4000,1,6,7,2,2,4,2,3,3,1
SF,IH2006,2020-06-17 10:25:08.700,2863.4000,19093,0,5810431860.000,0,-,-,-,-,2863.6000,2863.2000,2863.0000,2862.8000,2862.6000,2863.8000,2864.0000,2864.2000,2864.4000,2864.6000,1,6,7,2,2,3,3,3,1,4
SF,IH2006,2020-06-17 10:25:09.200,2863.6000,19092,-1,5811290940.000,1,0,1,双平,B,2863.2000,2863.0000,2862.8000,2862.6000,2862.4000,2863.6000,2863.8000,2864.0000,2864.2000,2864.4000,6,7,2,2,2,1,3,3,3,1
SF,IH2006,2020-06-17 10:25:09.700,2863.2000,19092,0,5813008860.000,2,1,1,空换,B,2863.2000,2863.0000,2862.8000,2862.6000,2862.4000,2863.6000,2863.8000,2864.0000,2864.2000,2864.4000,3,7,2,2,2,1,3,3,3,1
SF,IH2006,2020-06-17 10:25:10.200,2863.2000,19092,0,5813867820.000,1,0,1,空换,B,2863.2000,2863.0000,2862.8000,2862.6000,2862.4000,2863.6000,2863.8000,2864.0000,2864.2000,2864.4000,2,7,2,2,3,1,3,3,3,1
SF,IH2006,2020-06-17 10:25:10.700,2863.2000,19092,0,5814726780.000,1,0,1,空换,B,2863.2000,2863.0000,2862.8000,2862.6000,2862.4000,2863.6000,2863.8000,2864.0000,2864.2000,2864.4000,1,7,2,2,3,1,3,3,3,1
SF,IH2006,2020-06-17 10:25:11.200,2863.2000,19092,0,5815585740.000,1,0,1,空换,B,2863.0000,2862.8000,2862.6000,2862.4000,2862.2000,2863.2000,2863.6000,2863.8000,2864.0000,2864.2000,7,2,2,3,4,3,1,3,3,3
SF,IH2006,2020-06-17 10:25:11.700,2863.6000,19091,-1,5816444820.000,1,0,1,双平,B,2863.0000,2862.8000,2862.6000,2862.4000,2862.2000,2863.8000,2864.0000,2864.2000,2864.4000,2864.6000,7,2,2,3,4,3,3,2,1,4
SF,IH2006,2020-06-17 10:25:12.200,2863.0000,19090,-1,5819880480.000,4,1,3,空平,B,2863.0000,2862.8000,2862.6000,2862.4000,2862.2000,2863.2000,2863.6000,2863.8000,2864.0000,2864.2000,5,2,2,3,4,1,4,3,3,2
SF,IH2006,2020-06-17 10:25:12.700,2862.8000,19090,0,5824174920.000,5,2,3,空换,B,2862.8000,2862.6000,2862.4000,2862.2000,2862.0000,2863.6000,2863.8000,2864.0000,2864.2000,2864.4000,1,1,3,4,3,3,3,3,2,1
SF,IH2006,2020-06-17 10:25:13.200,2863.0000,19090,0,5827610340.000,4,2,2,空换,B,2862.6000,2862.4000,2862.2000,2862.0000,2861.8000,2863.0000,2863.2000,2863.4000,2863.6000,2863.8000,2,3,4,3,2,3,1,7,1,2
SF,IH2006,2020-06-17 10:25:13.700,2863.0000,19090,0,5827610340.000,0,-,-,-,-,2863.0000,2862.6000,2862.4000,2862.2000,2862.0000,2863.2000,2863.4000,2863.6000,2863.8000,2864.0000,1,2,4,4,3,1,3,1,2,3
SF,IH2006,2020-06-17 10:25:14.200,2863.0000,19089,-1,5828469240.000,1,0,1,双平,B,2863.0000,2862.6000,2862.4000,2862.2000,2862.0000,2863.2000,2863.4000,2863.6000,2863.8000,2864.0000,2,2,4,4,3,1,3,1,6,3
SF,IH2006,2020-06-17 10:25:14.700,2863.0000,19089,0,5830187040.000,2,1,1,空换,B,2862.6000,2862.4000,2862.2000,2862.0000,2861.8000,2863.2000,2863.4000,2863.6000,2863.8000,2864.0000,2,4,4,3,2,1,3,1,6,3
SF,IH2006,2020-06-17 10:25:15.200,2863.0000,19089,0,5830187040.000,0,-,-,-,-,2862.6000,2862.4000,2862.2000,2862.0000,2861.8000,2863.2000,2863.4000,2863.6000,2863.8000,2864.0000,3,4,4,3,2,1,3,1,6,3
SF,IH2006,2020-06-17 10:25:15.700,2862.8000,19088,-1,5831045880.000,1,0,1,双平,B,2862.6000,2862.4000,2862.2000,2862.0000,2861.8000,2863.2000,2863.4000,2863.6000,2863.8000,2864.0000,4,3,4,3,2,2,3,1,6,3
SF,IH2006,2020-06-17 10:25:16.200,2862.6000,19088,0,5831904660.000,1,0,1,空换,B,2862.6000,2862.4000,2862.2000,2862.0000,2861.8000,2863.2000,2863.4000,2863.6000,2863.8000,2864.0000,3,2,4,3,2,2,3,1,6,3
SF,IH2006,2020-06-17 10:25:16.700,2862.6000,19088,0,5831904660.000,0,-,-,-,-,2862.6000,2862.4000,2862.2000,2862.0000,2861.8000,2863.2000,2863.4000,2863.6000,2863.8000,2864.0000,2,2,5,3,2,2,3,1,6,3
SF,IH2006,2020-06-17 10:25:17.200,2862.6000,19088,0,5831904660.000,0,-,-,-,-,2862.8000,2862.6000,2862.4000,2862.2000,2862.0000,2863.2000,2863.4000,2863.6000,2863.8000,2864.0000,2,3,2,5,3,2,2,1,6,3
SF,IH2006,2020-06-17 10:25:17.700,2863.2000,19087,-1,5832763620.000,1,0,1,双平,B,2862.8000,2862.6000,2862.4000,2862.2000,2862.0000,2863.2000,2863.4000,2863.6000,2863.8000,2864.0000,1,3,2,5,3,1,2,1,6,3
SF,IH2006,2020-06-17 10:25:18.700,2863.2000,19087,0,5832763620.000,0,-,-,-,-,2862.6000,2862.4000,2862.2000,2862.0000,2861.8000,2863.2000,2863.4000,2863.6000,2863.8000,2864.0000,3,2,5,3,2,1,3,1,6,3
SF,IH2006,2020-06-17 10:25:19.200,2863.2000,19087,0,5832763620.000,0,-,-,-,-,2862.6000,2862.4000,2862.2000,2862.0000,2861.8000,2863.2000,2863.4000,2863.6000,2863.8000,2864.0000,2,2,5,3,2,1,3,1,6,3
SF,IH2006,2020-06-17 10:25:19.700,2863.2000,19087,0,5833622580.000,1,0,1,空换,B,2862.8000,2862.6000,2862.4000,2862.2000,2862.0000,2863.4000,2863.6000,2863.8000,2864.0000,2864.2000,2,3,2,5,3,3,1,6,3,2
SF,IH2006,2020-06-17 10:25:20.200,2863.2000,19087,0,5833622580.000,0,-,-,-,-,2862.8000,2862.6000,2862.4000,2862.2000,2862.0000,2863.4000,2863.6000,2863.8000,2864.0000,2864.2000,1,2,2,5,3,3,1,6,3,2
SF,IH2006,2020-06-17 10:25:20.700,2863.2000,19087,0,5833622580.000,0,-,-,-,-,2863.0000,2862.8000,2862.6000,2862.4000,2862.2000,2863.4000,2863.6000,2863.8000,2864.0000,2864.2000,1,2,1,1,5,3,1,6,3,2
SF,IH2006,2020-06-17 10:25:21.200,2863.2000,19086,-1,5834481540.000,1,0,1,双平,B,2863.2000,2863.0000,2862.8000,2862.6000,2862.4000,2863.4000,2863.6000,2863.8000,2864.0000,2864.2000,1,1,3,1,1,3,1,6,3,2
SF,IH2006,2020-06-17 10:25:21.700,2863.0000,19085,-1,5836199400.000,2,0,2,空平,B,2862.8000,2862.6000,2862.4000,2862.2000,2862.0000,2863.4000,2863.6000,2863.8000,2864.0000,2864.2000,3,1,1,5,3,3,1,6,3,2
SF,IH2006,2020-06-17 10:25:22.200,2863.0000,19085,0,5836199400.000,0,-,-,-,-,2863.0000,2862.8000,2862.6000,2862.4000,2862.2000,2863.4000,2863.6000,2863.8000,2864.0000,2864.2000,2,3,1,1,5,3,1,6,3,2
SF,IH2006,2020-06-17 10:25:22.700,2863.0000,19085,0,5836199400.000,0,-,-,-,-,2863.0000,2862.8000,2862.6000,2862.4000,2862.2000,2863.4000,2863.6000,2863.8000,2864.0000,2864.2000,2,3,1,1,4,4,1,6,3,2
SF,IH2006,2020-06-17 10:25:23.200,2863.0000,19085,0,5836199400.000,0,-,-,-,-,2863.0000,2862.8000,2862.6000,2862.4000,2862.2000,2863.4000,2863.6000,2863.8000,2864.0000,2864.2000,2,3,1,1,5,4,1,6,3,2
SF,IH2006,2020-06-17 10:25:23.700,2863.4000,19085,0,5837058420.000,1,0,1,空换,B,2863.0000,2862.8000,2862.6000,2862.4000,2862.2000,2863.4000,2863.6000,2863.8000,2864.0000,2864.2000,2,3,1,1,5,3,1,6,3,2
SF,IH2006,2020-06-17 10:25:24.700,2863.4000,19085,0,5837058420.000,0,-,-,-,-,2863.0000,2862.8000,2862.4000,2862.2000,2862.0000,2863.4000,2863.6000,2863.8000,2864.0000,2864.2000,2,3,1,5,3,3,1,6,3,2
SF,IH2006,2020-06-17 10:25:26.200,2863.0000,19085,0,5837917320.000,1,0,1,空换,B,2863.0000,2862.8000,2862.4000,2862.2000,2862.0000,2863.2000,2863.4000,2863.6000,2863.8000,2864.0000,1,3,1,5,3,3,3,1,6,3
SF,IH2006,2020-06-17 10:25:26.700,2863.0000,19085,0,5837917320.000,0,-,-,-,-,2863.0000,2862.8000,2862.6000,2862.4000,2862.2000,2863.2000,2863.4000,2863.6000,2863.8000,2864.0000,1,3,1,1,5,3,3,1,6,3
SF,IH2006,2020-06-17 10:25:27.200,2863.2000,19085,0,5840494200.000,3,1,2,空换,B,2862.8000,2862.6000,2862.4000,2862.2000,2862.0000,2863.0000,2863.4000,2863.6000,2863.8000,2864.0000,3,1,1,4,3,2,3,1,6,3
SF,IH2006,2020-06-17 10:25:27.700,2863.0000,19082,-3,5843070900.000,3,0,3,双平,B,2863.0000,2862.8000,2862.6000,2862.4000,2862.2000,2863.4000,2863.6000,2863.8000,2864.0000,2864.2000,16,2,1,1,4,3,1,6,2,2
SF,IH2006,2020-06-17 10:25:28.200,2863.0000,19082,0,5843070900.000,0,-,-,-,-,2863.0000,2862.8000,2862.6000,2862.4000,2862.2000,2863.4000,2863.6000,2863.8000,2864.0000,2864.2000,9,1,1,1,4,2,1,6,2,2
SF,IH2006,2020-06-17 10:25:28.700,2863.0000,19082,0,5843070900.000,0,-,-,-,-,2863.0000,2862.8000,2862.6000,2862.4000,2862.2000,2863.4000,2863.6000,2863.8000,2864.0000,2864.2000,6,1,1,1,4,2,1,6,2,2
SF,IH2006,2020-06-17 10:25:29.200,2863.0000,19082,0,5843070900.000,0,-,-,-,-,2863.0000,2862.8000,2862.6000,2862.4000,2862.2000,2863.2000,2863.4000,2863.6000,2863.8000,2864.0000,6,1,1,1,4,2,2,1,6,2
SF,IH2006,2020-06-17 10:25:29.700,2863.2000,19078,-4,5847365460.000,5,0,5,空平,B,2863.0000,2862.8000,2862.6000,2862.4000,2862.2000,2863.4000,2863.6000,2863.8000,2864.0000,2864.2000,2,1,1,1,4,2,1,6,2,2
SF,IH2006,2020-06-17 10:25:30.200,2863.0000,19077,-1,5848224360.000,1,0,1,双平,B,2863.0000,2862.8000,2862.6000,2862.4000,2862.2000,2863.4000,2863.6000,2863.8000,2864.0000,2864.2000,1,1,1,1,4,2,1,6,2,2
SF,IH2006,2020-06-17 10:25:30.700,2863.0000,19077,0,5848224360.000,0,-,-,-,-,2863.2000,2863.0000,2862.8000,2862.6000,2862.4000,2863.4000,2863.6000,2863.8000,2864.0000,2864.2000,1,1,1,1,1,2,1,6,2,2
SF,IH2006,2020-06-17 10:25:31.200,2863.2000,19076,-1,5849083320.000,1,0,1,双平,B,2863.0000,2862.8000,2862.6000,2862.4000,2862.2000,2863.2000,2863.4000,2863.6000,2863.8000,2864.0000,1,1,1,1,5,3,2,1,6,2
SF,IH2006,2020-06-17 10:25:31.700,2863.2000,19076,0,5849083320.000,0,-,-,-,-,2863.0000,2862.8000,2862.6000,2862.4000,2862.2000,2863.4000,2863.6000,2863.8000,2864.0000,2864.2000,1,1,1,1,5,2,1,6,2,2
SF,IH2006,2020-06-17 10:25:32.700,2863.4000,19075,-1,5850801360.000,2,0,2,空平,B,2863.2000,2863.0000,2862.8000,2862.6000,2862.4000,2863.6000,2863.8000,2864.0000,2864.2000,2864.4000,1,1,1,1,1,1,6,2,2,1
SF,IH2006,2020-06-17 10:25:33.200,2863.4000,19075,0,5850801360.000,0,-,-,-,-,2863.2000,2863.0000,2862.8000,2862.6000,2862.4000,2863.8000,2864.0000,2864.2000,2864.4000,2864.6000,1,1,1,1,1,6,2,2,1,14
SF,IH2006,2020-06-17 10:25:33.700,2863.2000,19074,-1,5851660320.000,1,0,1,双平,B,2863.0000,2862.8000,2862.6000,2862.4000,2862.2000,2863.8000,2864.0000,2864.2000,2864.4000,2864.6000,1,1,1,1,6,6,2,2,1,14
SF,IH2006,2020-06-17 10:25:34.200,2863.6000,19073,-1,5853378360.000,2,0,2,空平,B,2863.2000,2863.0000,2862.8000,2862.6000,2862.4000,2863.8000,2864.0000,2864.2000,2864.4000,2864.6000,1,3,1,1,1,6,2,1,1,14
SF,IH2006,2020-06-17 10:25:35.200,2863.6000,19073,0,5853378360.000,0,-,-,-,-,2863.0000,2862.8000,2862.6000,2862.4000,2862.2000,2863.6000,2863.8000,2864.0000,2864.2000,2864.4000,3,1,1,1,6,1,9,2,1,1
SF,IH2006,2020-06-17 10:25:35.700,2863.6000,19072,-1,5854237440.000,1,0,1,双平,B,2863.0000,2862.8000,2862.6000,2862.4000,2862.2000,2863.4000,2863.6000,2863.8000,2864.0000,2864.2000,1,1,1,1,6,2,1,9,2,1
SF,IH2006,2020-06-17 10:25:36.200,2863.6000,19072,0,5854237440.000,0,-,-,-,-,2863.0000,2862.8000,2862.6000,2862.4000,2862.2000,2863.4000,2863.6000,2863.8000,2864.0000,2864.2000,1,1,1,1,6,4,1,9,2,1
SF,IH2006,2020-06-17 10:25:36.700,2863.6000,19072,0,5854237440.000,0,-,-,-,-,2863.0000,2862.8000,2862.6000,2862.4000,2862.2000,2863.4000,2863.6000,2863.8000,2864.0000,2864.2000,1,1,1,1,5,4,1,9,2,1
SF,IH2006,2020-06-17 10:25:37.700,2863.6000,19072,0,5854237440.000,0,-,-,-,-,2863.0000,2862.8000,2862.6000,2862.4000,2862.2000,2863.4000,2863.6000,2863.8000,2864.0000,2864.2000,1,1,1,1,5,4,1,9,2,1
SF,IH2006,2020-06-17 10:25:38.200,2863.6000,19072,0,5854237440.000,0,-,-,-,-,2863.0000,2862.8000,2862.6000,2862.4000,2862.2000,2863.2000,2863.4000,2863.6000,2863.8000,2864.0000,1,1,1,1,5,1,4,2,9,2
SF,IH2006,2020-06-17 10:25:38.700,2863.6000,19072,0,5854237440.000,0,-,-,-,-,2863.0000,2862.8000,2862.6000,2862.4000,2862.2000,2863.2000,2863.4000,2863.6000,2863.8000,2864.0000,1,1,1,1,5,2,2,2,9,2
SF,IH2006,2020-06-17 10:25:39.200,2863.0000,19072,0,5855096340.000,1,0,1,空换,B,2862.6000,2862.4000,2862.2000,2862.0000,2861.8000,2863.0000,2863.2000,2863.4000,2863.6000,2863.8000,1,1,5,4,2,1,2,2,2,9
SF,IH2006,2020-06-17 10:25:39.700,2862.6000,19072,0,5855955120.000,1,0,1,空换,B,2862.4000,2862.2000,2862.0000,2861.8000,2861.6000,2863.0000,2863.2000,2863.4000,2863.6000,2863.8000,1,5,4,2,3,2,1,1,3,9
SF,IH2006,2020-06-17 10:25:40.200,2863.0000,19071,-1,5857672860.000,2,0,2,空平,B,2862.6000,2862.4000,2862.2000,2862.0000,2861.8000,2863.0000,2863.2000,2863.4000,2863.6000,2863.8000,1,2,5,4,2,1,1,1,3,9
SF,IH2006,2020-06-17 10:25:40.700,2863.0000,19071,0,5857672860.000,0,-,-,-,-,2862.6000,2862.4000,2862.2000,2862.0000,2861.8000,2863.0000,2863.4000,2863.6000,2863.8000,2864.0000,2,1,4,4,2,2,1,3,9,3
SF,IH2006,2020-06-17 10:25:41.200,2863.0000,19070,-1,5858531760.000,1,0,1,双平,B,2862.6000,2862.4000,2862.2000,2862.0000,2861.8000,2863.0000,2863.4000,2863.6000,2863.8000,2864.0000,2,1,4,3,2,1,1,3,9,3
SF,IH2006,2020-06-17 10:25:41.700,2863.0000,19070,0,5861108220.000,3,1,2,空换,B,2862.4000,2862.2000,2862.0000,2861.8000,2861.6000,2863.4000,2863.6000,2863.8000,2864.0000,2864.2000,2,4,3,2,3,1,3,9,3,1
SF,IH2006,2020-06-17 10:25:42.200,2863.0000,19070,0,5861108220.000,0,-,-,-,-,2862.6000,2862.4000,2862.2000,2862.0000,2861.8000,2863.2000,2863.4000,2863.6000,2863.8000,2864.0000,4,3,4,3,2,3,1,3,9,2
SF,IH2006,2020-06-17 10:25:42.700,2862.6000,19069,-1,5861967000.000,1,0,1,双平,B,2862.6000,2862.4000,2862.2000,2862.0000,2861.8000,2863.2000,2863.4000,2863.6000,2863.8000,2864.0000,1,2,4,3,2,8,3,3,9,2
SF,IH2006,2020-06-17 10:25:43.200,2862.6000,19069,0,5862825780.000,1,0,1,空换,B,2862.4000,2862.2000,2862.0000,2861.8000,2861.6000,2863.0000,2863.2000,2863.4000,2863.6000,2863.8000,2,4,3,1,3,1,8,3,3,9
SF,IH2006,2020-06-17 10:25:43.700,2862.6000,19069,0,5862825780.000,0,-,-,-,-,2862.8000,2862.4000,2862.2000,2862.0000,2861.8000,2863.0000,2863.2000,2863.4000,2863.6000,2863.8000,2,2,4,3,1,2,7,2,3,9
SF,IH2006,2020-06-17 10:25:44.200,2862.6000,19069,0,5862825780.000,0,-,-,-,-,2862.4000,2862.2000,2862.0000,2861.8000,2861.6000,2863.0000,2863.2000,2863.4000,2863.6000,2863.8000,2,4,3,1,3,2,7,2,3,9
SF,IH2006,2020-06-17 10:25:44.700,2862.6000,19069,0,5862825780.000,0,-,-,-,-,2862.4000,2862.2000,2862.0000,2861.8000,2861.6000,2863.0000,2863.2000,2863.4000,2863.6000,2863.8000,2,4,3,1,3,2,6,2,3,9
SF,IH2006,2020-06-17 10:25:45.700,2862.4000,19068,-1,5863684500.000,1,0,1,双平,B,2862.4000,2862.2000,2862.0000,2861.8000,2861.6000,2863.0000,2863.2000,2863.4000,2863.6000,2863.8000,1,4,3,1,3,2,6,2,3,9
SF,IH2006,2020-06-17 10:25:46.200,2862.4000,19068,0,5863684500.000,0,-,-,-,-,2862.4000,2862.2000,2862.0000,2861.8000,2861.6000,2863.0000,2863.2000,2863.4000,2863.6000,2863.8000,1,4,3,1,3,2,5,2,3,9
SF,IH2006,2020-06-17 10:25:47.200,2862.4000,19068,0,5863684500.000,0,-,-,-,-,2862.4000,2862.2000,2862.0000,2861.8000,2861.6000,2862.8000,2863.0000,2863.2000,2863.4000,2863.6000,1,4,3,1,3,2,2,5,2,2
SF,IH2006,2020-06-17 10:25:47.700,2862.8000,19068,0,5864543340.000,1,0,1,空换,B,2862.4000,2862.2000,2862.0000,2861.8000,2861.6000,2863.0000,2863.2000,2863.4000,2863.6000,2863.8000,1,4,3,1,3,2,5,1,2,5
SF,IH2006,2020-06-17 10:25:48.200,2862.8000,19068,0,5864543340.000,0,-,-,-,-,2862.4000,2862.2000,2862.0000,2861.8000,2861.6000,2862.8000,2863.0000,2863.2000,2863.4000,2863.6000,1,4,3,1,3,3,1,3,1,2
SF,IH2006,2020-06-17 10:25:48.700,2862.8000,19068,0,5864543340.000,0,-,-,-,-,2862.4000,2862.2000,2862.0000,2861.8000,2861.6000,2862.8000,2863.0000,2863.2000,2863.4000,2863.6000,1,4,3,1,3,2,1,3,1,2
SF,IH2006,2020-06-17 10:25:49.200,2862.8000,19068,0,5865402180.000,1,0,1,空换,B,2862.4000,2862.2000,2862.0000,2861.8000,2861.6000,2862.8000,2863.0000,2863.2000,2863.4000,2863.6000,1,4,3,1,3,1,1,3,1,2
SF,IH2006,2020-06-17 10:25:49.700,2862.4000,19068,0,5866260900.000,1,0,1,空换,B,2862.2000,2862.0000,2861.8000,2861.6000,2861.4000,2862.8000,2863.0000,2863.2000,2863.4000,2863.6000,4,3,1,3,1,1,1,3,1,2
SF,IH2006,2020-06-17 10:25:50.700,2862.4000,19068,0,5866260900.000,0,-,-,-,-,2862.2000,2862.0000,2861.8000,2861.6000,2861.4000,2862.6000,2862.8000,2863.0000,2863.2000,2863.4000,4,3,1,3,1,3,1,1,1,1
SF,IH2006,2020-06-17 10:25:51.200,2862.4000,19068,0,5866260900.000,0,-,-,-,-,2862.4000,2862.2000,2862.0000,2861.8000,2861.6000,2862.6000,2862.8000,2863.0000,2863.2000,2863.4000,1,4,3,1,3,1,1,1,1,1
SF,IH2006,2020-06-17 10:25:51.700,2862.2000,19067,-1,5867978280.000,2,0,2,空平,B,2862.2000,2862.0000,2861.8000,2861.6000,2861.4000,2862.6000,2862.8000,2863.0000,2863.2000,2863.4000,3,3,1,3,1,1,1,1,1,1
SF,IH2006,2020-06-17 10:25:53.700,2862.6000,19067,0,5869695720.000,2,1,1,空换,B,2862.2000,2862.0000,2861.8000,2861.6000,2861.4000,2862.8000,2863.0000,2863.2000,2863.4000,2863.6000,2,3,1,3,1,1,1,1,1,2
SF,IH2006,2020-06-17 10:25:54.200,2862.2000,19066,-1,5870554380.000,1,0,1,双平,B,2862.2000,2862.0000,2861.8000,2861.6000,2861.4000,2863.0000,2863.2000,2863.4000,2863.6000,2863.8000,1,3,1,3,1,1,1,1,2,4
SF,IH2006,2020-06-17 10:25:54.700,2862.2000,19066,0,5870554380.000,0,-,-,-,-,2862.2000,2862.0000,2861.8000,2861.6000,2861.4000,2862.8000,2863.0000,2863.2000,2863.4000,2863.6000,1,3,1,3,1,2,1,1,1,2
SF,IH2006,2020-06-17 10:25:56.200,2862.2000,19065,-1,5871413040.000,1,0,1,双平,B,2862.0000,2861.8000,2861.6000,2861.4000,2861.2000,2862.8000,2863.0000,2863.2000,2863.4000,2863.6000,3,1,3,1,2,2,1,1,1,2
SF,IH2006,2020-06-17 10:25:56.700,2862.0000,19064,-1,5872271640.000,1,0,1,双平,B,2862.0000,2861.8000,2861.6000,2861.4000,2861.2000,2862.8000,2863.0000,2863.2000,2863.4000,2863.6000,2,1,3,1,2,2,1,1,1,2
SF,IH2006,2020-06-17 10:25:57.200,2862.0000,19064,0,5872271640.000,0,-,-,-,-,2862.0000,2861.8000,2861.6000,2861.4000,2861.2000,2862.8000,2863.0000,2863.2000,2863.4000,2863.6000,2,1,3,1,2,2,2,1,1,2
SF,IH2006,2020-06-17 10:25:57.700,2862.0000,19063,-1,5873130240.000,1,0,1,双平,B,2862.0000,2861.8000,2861.6000,2861.4000,2861.2000,2862.6000,2862.8000,2863.0000,2863.2000,2863.4000,2,1,3,1,2,2,2,2,1,1
SF,IH2006,2020-06-17 10:25:59.700,2862.6000,19062,-1,5873989020.000,1,0,1,双平,B,2862.0000,2861.8000,2861.6000,2861.4000,2861.2000,2862.6000,2862.8000,2863.0000,2863.4000,2863.6000,2,1,3,1,2,2,2,2,1,2
SF,IH2006,2020-06-17 10:26:00.200,2862.6000,19062,0,5873989020.000,0,-,-,-,-,2862.0000,2861.8000,2861.6000,2861.4000,2861.2000,2862.4000,2862.6000,2862.8000,2863.0000,2863.4000,2,1,3,1,2,2,3,2,2,1
SF,IH2006,2020-06-17 10:26:00.700,2862.6000,19062,0,5873989020.000,0,-,-,-,-,2862.0000,2861.8000,2861.6000,2861.4000,2861.2000,2862.4000,2862.6000,2862.8000,2863.0000,2863.4000,2,1,3,1,2,2,3,2,1,1
SF,IH2006,2020-06-17 10:26:02.200,2862.6000,19062,0,5873989020.000,0,-,-,-,-,2862.0000,2861.8000,2861.6000,2861.4000,2861.2000,2862.4000,2862.6000,2862.8000,2863.0000,2863.4000,2,1,3,1,2,1,3,2,1,1
SF,IH2006,2020-06-17 10:26:02.700,2862.6000,19062,0,5873989020.000,0,-,-,-,-,2862.0000,2861.8000,2861.6000,2861.4000,2861.2000,2862.6000,2862.8000,2863.0000,2863.4000,2863.6000,2,1,3,1,2,3,2,1,1,2
SF,IH2006,2020-06-17 10:26:03.200,2862.6000,19062,0,5873989020.000,0,-,-,-,-,2862.4000,2862.2000,2862.0000,2861.8000,2861.6000,2862.6000,2862.8000,2863.0000,2863.4000,2863.6000,6,5,2,1,3,3,2,1,2,2
SF,IH2006,2020-06-17 10:26:03.700,2862.2000,19061,-1,5878282680.000,5,2,3,空平,B,2862.2000,2862.0000,2861.8000,2861.6000,2861.4000,2862.8000,2863.0000,2863.4000,2863.6000,2863.8000,2,2,1,3,1,2,1,2,2,4
SF,IH2006,2020-06-17 10:26:04.200,2862.2000,19061,0,5878282680.000,0,-,-,-,-,2862.2000,2862.0000,2861.8000,2861.6000,2861.4000,2862.8000,2863.0000,2863.4000,2863.6000,2863.8000,3,2,1,3,1,2,1,2,2,4
SF,IH2006,2020-06-17 10:26:04.700,2862.2000,19061,0,5878282680.000,0,-,-,-,-,2862.2000,2862.0000,2861.8000,2861.6000,2861.4000,2862.8000,2863.0000,2863.4000,2863.6000,2863.8000,3,2,1,3,1,2,1,2,2,4
SF,IH2006,2020-06-17 10:26:05.200,2862.2000,19061,0,5878282680.000,0,-,-,-,-,2862.2000,2862.0000,2861.8000,2861.6000,2861.4000,2862.8000,2863.0000,2863.4000,2863.6000,2863.8000,3,2,1,3,1,3,1,2,2,4
SF,IH2006,2020-06-17 10:26:05.700,2862.8000,19061,0,5879141520.000,1,0,1,空换,B,2862.4000,2862.2000,2862.0000,2861.8000,2861.6000,2862.8000,2863.0000,2863.4000,2863.6000,2863.8000,1,3,2,1,3,2,1,2,2,4
SF,IH2006,2020-06-17 10:26:07.200,2862.8000,19061,0,5879141520.000,0,-,-,-,-,2862.4000,2862.2000,2862.0000,2861.8000,2861.6000,2862.8000,2863.0000,2863.4000,2863.6000,2863.8000,1,3,1,1,3,2,1,2,2,4
SF,IH2006,2020-06-17 10:26:08.700,2862.8000,19061,0,5879141520.000,0,-,-,-,-,2862.4000,2862.2000,2862.0000,2861.8000,2861.6000,2862.8000,2863.0000,2863.4000,2863.6000,2863.8000,1,3,1,1,3,2,1,2,6,4
SF,IH2006,2020-06-17 10:26:09.200,2862.8000,19061,0,5879141520.000,0,-,-,-,-,2862.4000,2862.2000,2862.0000,2861.8000,2861.6000,2862.8000,2863.0000,2863.4000,2863.6000,2863.8000,1,3,1,1,3,2,1,2,6,4
SF,IH2006,2020-06-17 10:26:09.700,2862.4000,19060,-1,5880000240.000,1,0,1,双平,B,2862.2000,2862.0000,2861.8000,2861.6000,2861.4000,2862.8000,2863.0000,2863.4000,2863.6000,2863.8000,3,1,1,3,1,2,1,2,6,4
SF,IH2006,2020-06-17 10:26:10.200,2862.4000,19060,0,5880000240.000,0,-,-,-,-,2862.2000,2862.0000,2861.8000,2861.6000,2861.4000,2862.8000,2863.0000,2863.4000,2863.6000,2863.8000,3,1,1,3,1,2,1,2,7,4
SF,IH2006,2020-06-17 10:26:11.200,2862.4000,19060,0,5880000240.000,0,-,-,-,-,2862.4000,2862.2000,2862.0000,2861.8000,2861.6000,2862.8000,2863.0000,2863.4000,2863.6000,2863.8000,1,3,1,1,3,2,1,2,7,4
SF,IH2006,2020-06-17 10:26:11.700,2862.8000,19059,-1,5880859080.000,1,0,1,双平,B,2862.4000,2862.2000,2862.0000,2861.8000,2861.6000,2862.8000,2863.0000,2863.4000,2863.6000,2863.8000,1,4,1,1,3,1,1,2,7,4
SF,IH2006,2020-06-17 10:26:13.200,2862.8000,19059,0,5880859080.000,0,-,-,-,-,2862.4000,2862.2000,2862.0000,2861.8000,2861.6000,2862.8000,2863.0000,2863.4000,2863.6000,2863.8000,1,4,1,1,3,1,1,2,7,4
SF,IH2006,2020-06-17 10:26:14.200,2862.8000,19059,0,5880859080.000,0,-,-,-,-,2862.4000,2862.2000,2862.0000,2861.8000,2861.6000,2862.8000,2863.0000,2863.4000,2863.6000,2863.8000,1,4,1,1,3,1,1,2,7,4
SF,IH2006,2020-06-17 10:26:14.700,2862.8000,19059,0,5880859080.000,0,-,-,-,-,2862.4000,2862.2000,2862.0000,2861.8000,2861.6000,2862.8000,2863.0000,2863.4000,2863.6000,2863.8000,1,4,1,1,2,2,1,2,7,4
SF,IH2006,2020-06-17 10:26:15.200,2862.4000,19059,0,5881717800.000,1,0,1,空换,B,2862.2000,2862.0000,2861.8000,2861.6000,2861.4000,2862.8000,2863.0000,2863.4000,2863.6000,2863.8000,4,1,1,2,1,3,1,2,7,4
SF,IH2006,2020-06-17 10:26:15.700,2862.2000,19058,-1,5882576460.000,1,0,1,双平,B,2862.2000,2862.0000,2861.8000,2861.6000,2861.4000,2862.8000,2863.0000,2863.4000,2863.6000,2863.8000,3,1,1,2,1,3,1,2,7,4
SF,IH2006,2020-06-17 10:26:16.200,2862.2000,19058,0,5882576460.000,0,-,-,-,-,2862.2000,2862.0000,2861.8000,2861.6000,2861.4000,2862.8000,2863.0000,2863.4000,2863.6000,2863.8000,3,1,1,2,1,3,1,2,7,4
SF,IH2006,2020-06-17 10:26:17.200,2862.2000,19058,0,5882576460.000,0,-,-,-,-,2862.4000,2862.2000,2862.0000,2861.8000,2861.6000,2862.8000,2863.0000,2863.4000,2863.6000,2863.8000,1,3,1,1,2,3,1,2,7,4
SF,IH2006,2020-06-17 10:26:17.700,2862.8000,19058,0,5883435300.000,1,0,1,空换,B,2862.2000,2862.0000,2861.8000,2861.6000,2861.4000,2862.8000,2863.0000,2863.4000,2863.6000,2863.8000,3,1,1,2,1,2,1,2,7,4
SF,IH2006,2020-06-17 10:26:20.200,2862.8000,19058,0,5883435300.000,0,-,-,-,-,2862.2000,2862.0000,2861.8000,2861.6000,2861.4000,2862.8000,2863.0000,2863.4000,2863.6000,2863.8000,3,1,1,2,1,2,1,2,7,4
SF,IH2006,2020-06-17 10:26:20.700,2862.8000,19058,0,5883435300.000,0,-,-,-,-,2862.2000,2862.0000,2861.8000,2861.6000,2861.4000,2862.8000,2863.0000,2863.4000,2863.6000,2863.8000,4,1,1,2,1,2,1,2,7,4
SF,IH2006,2020-06-17 10:26:21.200,2862.8000,19058,0,5883435300.000,0,-,-,-,-,2862.4000,2862.2000,2862.0000,2861.8000,2861.6000,2862.8000,2863.0000,2863.4000,2863.6000,2863.8000,1,4,1,1,2,2,1,2,7,4
SF,IH2006,2020-06-17 10:26:21.700,2862.2000,19060,2,5887728660.000,5,3,2,多开,B,2862.0000,2861.8000,2861.6000,2861.4000,2861.2000,2862.2000,2862.8000,2863.0000,2863.4000,2863.6000,1,1,2,1,3,2,2,1,2,7
SF,IH2006,2020-06-17 10:26:22.200,2862.2000,19060,0,5891163300.000,4,2,2,空换,B,2862.2000,2862.0000,2861.8000,2861.6000,2861.4000,2862.8000,2863.0000,2863.4000,2863.6000,2863.8000,10,1,2,2,1,2,1,2,7,4
SF,IH2006,2020-06-17 10:26:22.700,2862.8000,19059,-1,5892880920.000,2,0,2,空平,B,2862.0000,2861.8000,2861.6000,2861.4000,2861.2000,2862.8000,2863.0000,2863.4000,2863.6000,2863.8000,1,2,2,1,3,1,3,2,7,4
SF,IH2006,2020-06-17 10:26:23.200,2862.8000,19059,0,5892880920.000,0,-,-,-,-,2862.2000,2862.0000,2861.8000,2861.6000,2861.4000,2862.8000,2863.0000,2863.4000,2863.6000,2863.8000,1,2,2,2,1,3,3,2,7,4
SF,IH2006,2020-06-17 10:26:23.700,2862.6000,19059,0,5894598360.000,2,1,1,空换,B,2862.0000,2861.8000,2861.6000,2861.4000,2861.2000,2862.8000,2863.0000,2863.4000,2863.6000,2863.8000,2,2,2,1,3,3,3,2,7,4
SF,IH2006,2020-06-17 10:26:24.200,2862.6000,19058,-1,5895457140.000,1,0,1,双平,B,2862.0000,2861.8000,2861.6000,2861.4000,2861.2000,2862.8000,2863.0000,2863.4000,2863.6000,2863.8000,2,2,2,1,3,3,3,2,7,4
SF,IH2006,2020-06-17 10:26:24.700,2862.6000,19058,0,5895457140.000,0,-,-,-,-,2862.2000,2862.0000,2861.8000,2861.6000,2861.4000,2862.8000,2863.0000,2863.4000,2863.6000,2863.8000,3,1,2,2,1,3,3,2,7,4
SF,IH2006,2020-06-17 10:26:25.200,2862.6000,19058,0,5895457140.000,0,-,-,-,-,2862.2000,2862.0000,2861.8000,2861.6000,2861.4000,2862.8000,2863.0000,2863.4000,2863.6000,2863.8000,4,1,2,2,1,3,3,2,7,4
SF,IH2006,2020-06-17 10:26:25.700,2862.6000,19058,0,5895457140.000,0,-,-,-,-,2862.2000,2862.0000,2861.8000,2861.6000,2861.4000,2862.8000,2863.0000,2863.4000,2863.6000,2863.8000,4,1,2,2,1,3,3,2,7,4
SF,IH2006,2020-06-17 10:26:26.700,2862.6000,19058,0,5895457140.000,0,-,-,-,-,2862.2000,2862.0000,2861.8000,2861.6000,2861.4000,2862.8000,2863.0000,2863.4000,2863.6000,2863.8000,4,1,2,1,1,3,3,2,7,4
SF,IH2006,2020-06-17 10:26:27.200,2862.6000,19058,0,5895457140.000,0,-,-,-,-,2862.2000,2862.0000,2861.8000,2861.6000,2861.4000,2862.8000,2863.0000,2863.4000,2863.6000,2863.8000,4,1,2,1,1,3,3,2,7,4
SF,IH2006,2020-06-17 10:26:27.700,2862.4000,19057,-1,5896315860.000,1,0,1,双平,B,2862.2000,2862.0000,2861.8000,2861.6000,2861.4000,2862.8000,2863.0000,2863.4000,2863.6000,2863.8000,4,1,2,1,2,3,3,2,7,4
SF,IH2006,2020-06-17 10:26:28.200,2862.4000,19056,-1,5897174580.000,1,0,1,双平,B,2862.4000,2862.2000,2862.0000,2861.8000,2861.6000,2862.8000,2863.0000,2863.4000,2863.6000,2863.8000,3,4,1,2,1,3,3,2,7,4
SF,IH2006,2020-06-17 10:26:28.700,2862.8000,19056,0,5898033420.000,1,0,1,空换,B,2862.4000,2862.2000,2862.0000,2861.8000,2861.6000,2862.8000,2863.0000,2863.4000,2863.6000,2863.8000,2,4,1,2,1,2,3,2,7,4
SF,IH2006,2020-06-17 10:26:29.700,2862.8000,19055,-1,5898892260.000,1,0,1,双平,B,2862.4000,2862.2000,2861.8000,2861.6000,2861.4000,2862.8000,2863.0000,2863.4000,2863.6000,2863.8000,2,4,2,1,1,2,3,2,7,4
SF,IH2006,2020-06-17 10:26:30.200,2862.8000,19055,0,5898892260.000,0,-,-,-,-,2862.4000,2862.2000,2861.8000,2861.6000,2861.4000,2862.8000,2863.0000,2863.4000,2863.6000,2863.8000,2,2,2,1,1,2,3,2,7,4
SF,IH2006,2020-06-17 10:26:30.700,2862.8000,19055,0,5898892260.000,0,-,-,-,-,2862.2000,2861.8000,2861.6000,2861.4000,2861.2000,2862.8000,2863.0000,2863.4000,2863.6000,2863.8000,2,2,1,2,2,2,3,2,7,4
SF,IH2006,2020-06-17 10:26:31.200,2862.8000,19055,0,5898892260.000,0,-,-,-,-,2862.4000,2861.8000,2861.6000,2861.4000,2861.2000,2862.6000,2862.8000,2863.0000,2863.4000,2863.6000,1,2,1,2,2,1,2,3,2,7
SF,IH2006,2020-06-17 10:26:31.700,2862.8000,19055,0,5898892260.000,0,-,-,-,-,2862.4000,2862.0000,2861.8000,2861.6000,2861.4000,2862.8000,2863.0000,2863.4000,2863.6000,2863.8000,1,1,2,1,1,2,3,2,7,4
SF,IH2006,2020-06-17 10:26:32.200,2862.4000,19055,0,5899750980.000,1,0,1,空换,B,2862.0000,2861.8000,2861.6000,2861.4000,2861.2000,2862.8000,2863.0000,2863.4000,2863.6000,2863.8000,1,2,1,2,2,2,3,2,7,4
SF,IH2006,2020-06-17 10:26:32.700,2862.4000,19055,0,5899750980.000,0,-,-,-,-,2862.4000,2862.0000,2861.8000,2861.6000,2861.4000,2862.6000,2862.8000,2863.0000,2863.4000,2863.6000,1,1,2,1,2,3,2,3,2,7
SF,IH2006,2020-06-17 10:26:33.200,2862.4000,19055,0,5899750980.000,0,-,-,-,-,2862.4000,2862.2000,2862.0000,2861.8000,2861.6000,2862.6000,2862.8000,2863.0000,2863.4000,2863.6000,1,1,2,2,1,1,2,3,2,7
SF,IH2006,2020-06-17 10:26:33.700,2862.4000,19055,0,5900609700.000,1,0,1,空换,B,2862.0000,2861.8000,2861.6000,2861.4000,2861.2000,2862.6000,2862.8000,2863.0000,2863.4000,2863.6000,2,2,1,1,2,1,3,3,2,7
SF,IH2006,2020-06-17 10:26:34.200,2862.6000,19055,0,5901468480.000,1,0,1,空换,B,2862.4000,2862.2000,2862.0000,2861.8000,2861.6000,2862.8000,2863.0000,2863.4000,2863.6000,2863.8000,6,10,2,1,1,3,3,2,7,4
SF,IH2006,2020-06-17 10:26:34.700,2862.8000,19055,0,5902327320.000,1,0,1,空换,B,2862.4000,2862.2000,2862.0000,2861.8000,2861.6000,2862.8000,2863.0000,2863.4000,2863.6000,2863.8000,1,7,2,1,1,2,3,2,7,4
SF,IH2006,2020-06-17 10:26:35.200,2862.8000,19055,0,5903186160.000,1,0,1,空换,B,2862.6000,2862.4000,2862.2000,2862.0000,2861.8000,2862.8000,2863.0000,2863.4000,2863.6000,2863.8000,1,1,6,2,1,1,3,2,7,4
SF,IH2006,2020-06-17 10:26:35.700,2862.8000,19055,0,5904045000.000,1,0,1,空换,B,2862.6000,2862.4000,2862.2000,2862.0000,2861.8000,2863.0000,2863.4000,2863.6000,2863.8000,2864.0000,1,1,6,2,1,3,2,7,4,2
SF,IH2006,2020-06-17 10:26:36.200,2862.8000,19055,0,5904045000.000,0,-,-,-,-,2862.2000,2862.0000,2861.8000,2861.6000,2861.4000,2863.0000,2863.4000,2863.6000,2863.8000,2864.0000,6,2,1,1,2,3,2,7,4,2
SF,IH2006,2020-06-17 10:26:36.700,2862.8000,19055,0,5904045000.000,0,-,-,-,-,2862.4000,2862.2000,2862.0000,2861.8000,2861.6000,2862.8000,2863.0000,2863.4000,2863.6000,2863.8000,1,6,2,1,1,1,3,2,7,4
SF,IH2006,2020-06-17 10:26:38.700,2862.8000,19055,0,5904045000.000,0,-,-,-,-,2862.2000,2862.0000,2861.8000,2861.6000,2861.4000,2862.8000,2863.0000,2863.4000,2863.6000,2863.8000,5,2,1,1,2,1,3,2,7,4
SF,IH2006,2020-06-17 10:26:39.200,2862.8000,19055,0,5904045000.000,0,-,-,-,-,2862.2000,2862.0000,2861.8000,2861.6000,2861.4000,2863.0000,2863.4000,2863.6000,2863.8000,2864.0000,3,2,1,1,2,3,2,7,4,2
SF,IH2006,2020-06-17 10:26:39.700,2862.2000,19054,-1,5904903660.000,1,0,1,双平,B,2862.2000,2862.0000,2861.8000,2861.6000,2861.4000,2862.8000,2863.0000,2863.4000,2863.6000,2863.8000,2,2,1,1,2,1,3,2,7,4
SF,IH2006,2020-06-17 10:26:40.200,2862.2000,19054,0,5904903660.000,0,-,-,-,-,2862.2000,2862.0000,2861.8000,2861.6000,2861.4000,2862.8000,2863.0000,2863.4000,2863.6000,2863.8000,2,2,1,1,2,1,3,2,7,4
SF,IH2006,2020-06-17 10:26:41.700,2862.8000,19053,-1,5905762500.000,1,0,1,双平,B,2862.2000,2862.0000,2861.8000,2861.6000,2861.4000,2863.0000,2863.4000,2863.6000,2863.8000,2864.0000,2,2,1,1,2,3,2,7,4,2
SF,IH2006,2020-06-17 10:26:42.200,2862.8000,19053,0,5905762500.000,0,-,-,-,-,2862.2000,2862.0000,2861.8000,2861.6000,2861.4000,2863.0000,2863.4000,2863.6000,2863.8000,2864.0000,2,2,1,1,2,4,2,7,4,2
SF,IH2006,2020-06-17 10:26:42.700,2862.8000,19053,0,5905762500.000,0,-,-,-,-,2862.2000,2862.0000,2861.8000,2861.6000,2861.4000,2863.0000,2863.4000,2863.6000,2863.8000,2864.0000,2,2,2,1,2,4,2,7,4,2
SF,IH2006,2020-06-17 10:26:43.200,2862.8000,19053,0,5905762500.000,0,-,-,-,-,2862.2000,2862.0000,2861.8000,2861.6000,2861.4000,2862.8000,2863.0000,2863.4000,2863.6000,2863.8000,2,1,2,1,2,2,4,2,7,4
SF,IH2006,2020-06-17 10:26:43.700,2862.8000,19053,0,5905762500.000,0,-,-,-,-,2862.2000,2862.0000,2861.8000,2861.6000,2861.4000,2862.8000,2863.0000,2863.4000,2863.6000,2863.8000,2,1,2,1,2,3,3,2,7,4
SF,IH2006,2020-06-17 10:26:44.200,2862.8000,19053,0,5905762500.000,0,-,-,-,-,2862.2000,2862.0000,2861.8000,2861.6000,2861.4000,2862.8000,2863.0000,2863.4000,2863.6000,2863.8000,2,2,2,1,2,4,3,1,7,4
SF,IH2006,2020-06-17 10:26:44.700,2862.8000,19053,0,5905762500.000,0,-,-,-,-,2862.2000,2862.0000,2861.8000,2861.6000,2861.4000,2862.8000,2863.0000,2863.4000,2863.6000,2863.8000,1,2,2,1,2,5,3,1,7,4
SF,IH2006,2020-06-17 10:26:45.200,2862.8000,19053,0,5905762500.000,0,-,-,-,-,2862.2000,2862.0000,2861.8000,2861.6000,2861.4000,2862.8000,2863.0000,2863.4000,2863.6000,2863.8000,1,2,2,1,2,5,3,1,7,4
SF,IH2006,2020-06-17 10:26:45.700,2862.2000,19053,0,5906621160.000,1,0,1,空换,B,2862.0000,2861.8000,2861.6000,2861.4000,2861.2000,2862.8000,2863.0000,2863.4000,2863.6000,2863.8000,2,2,1,2,2,5,3,1,7,4
SF,IH2006,2020-06-17 10:26:46.200,2862.2000,19053,0,5906621160.000,0,-,-,-,-,2862.0000,2861.8000,2861.6000,2861.4000,2861.2000,2862.8000,2863.0000,2863.4000,2863.6000,2863.8000,2,2,1,2,2,5,3,1,7,4
SF,IH2006,2020-06-17 10:26:47.200,2862.2000,19053,0,5906621160.000,0,-,-,-,-,2862.2000,2862.0000,2861.8000,2861.6000,2861.4000,2862.8000,2863.0000,2863.4000,2863.6000,2863.8000,1,2,2,1,2,5,3,1,7,4
SF,IH2006,2020-06-17 10:26:47.700,2862.8000,19052,-1,5907480000.000,1,0,1,双平,B,2862.4000,2862.2000,2862.0000,2861.8000,2861.6000,2862.8000,2863.0000,2863.4000,2863.6000,2863.8000,1,1,2,2,1,4,3,1,7,4
SF,IH2006,2020-06-17 10:26:48.200,2862.8000,19052,0,5907480000.000,0,-,-,-,-,2862.4000,2862.2000,2862.0000,2861.8000,2861.6000,2862.8000,2863.0000,2863.4000,2863.6000,2863.8000,1,2,1,2,1,4,3,1,7,4
SF,IH2006,2020-06-17 10:26:49.700,2862.4000,19053,1,5908338720.000,1,1,0,双开,B,2862.2000,2862.0000,2861.8000,2861.6000,2861.4000,2862.6000,2862.8000,2863.0000,2863.4000,2863.6000,2,1,2,1,1,1,4,3,1,7
SF,IH2006,2020-06-17 10:26:50.200,2862.4000,19053,0,5908338720.000,0,-,-,-,-,2862.0000,2861.8000,2861.6000,2861.4000,2861.2000,2862.6000,2862.8000,2863.0000,2863.4000,2863.6000,1,2,1,1,2,2,3,3,1,7
SF,IH2006,2020-06-17 10:26:50.700,2862.0000,19053,0,5909197320.000,1,0,1,空换,B,2862.0000,2861.8000,2861.6000,2861.4000,2861.2000,2862.6000,2862.8000,2863.0000,2863.4000,2863.6000,1,2,1,1,2,2,2,3,1,7
SF,IH2006,2020-06-17 10:26:51.700,2862.0000,19052,-1,5910055920.000,1,0,1,双平,B,2861.8000,2861.6000,2861.4000,2861.2000,2861.0000,2862.6000,2862.8000,2863.0000,2863.4000,2863.6000,2,1,1,2,3,2,2,3,1,7
SF,IH2006,2020-06-17 10:26:52.200,2862.0000,19052,0,5910055920.000,0,-,-,-,-,2862.0000,2861.8000,2861.6000,2861.4000,2861.2000,2862.4000,2862.6000,2862.8000,2863.0000,2863.4000,1,2,1,2,2,1,1,2,3,1
SF,IH2006,2020-06-17 10:26:52.700,2862.4000,19051,-1,5910914640.000,1,0,1,双平,B,2862.0000,2861.8000,2861.6000,2861.4000,2861.2000,2862.4000,2862.8000,2863.0000,2863.4000,2863.6000,1,2,1,2,2,2,2,3,1,7
SF,IH2006,2020-06-17 10:26:53.200,2862.4000,19050,-1,5912632080.000,2,0,2,空平,B,2862.4000,2862.2000,2862.0000,2861.8000,2861.6000,2862.8000,2863.0000,2863.4000,2863.6000,2863.8000,7,4,1,2,2,2,3,1,7,4
SF,IH2006,2020-06-17 10:26:53.700,2862.8000,19050,0,5913490920.000,1,0,1,空换,B,2862.6000,2862.4000,2862.0000,2861.8000,2861.6000,2862.8000,2863.0000,2863.4000,2863.6000,2863.8000,1,1,1,2,2,1,3,1,7,4
SF,IH2006,2020-06-17 10:26:54.200,2862.6000,19050,0,5914349700.000,1,0,1,空换,B,2862.4000,2862.0000,2861.8000,2861.6000,2861.4000,2862.8000,2863.0000,2863.4000,2863.6000,2863.8000,1,1,2,2,2,1,3,1,7,4
SF,IH2006,2020-06-17 10:26:54.700,2862.4000,19050,0,5915208420.000,1,0,1,空换,B,2862.0000,2861.8000,2861.6000,2861.4000,2861.2000,2862.6000,2862.8000,2863.0000,2863.4000,2863.6000,1,2,2,1,2,1,1,3,1,7
SF,IH2006,2020-06-17 10:26:55.200,2862.4000,19049,-1,5916067140.000,1,0,1,双平,B,2862.0000,2861.8000,2861.6000,2861.4000,2861.2000,2862.6000,2862.8000,2863.0000,2863.4000,2863.6000,1,2,2,2,2,1,2,3,1,7
SF,IH2006,2020-06-17 10:26:55.700,2862.4000,19049,0,5916067140.000,0,-,-,-,-,2862.0000,2861.8000,2861.6000,2861.4000,2861.2000,2862.6000,2862.8000,2863.0000,2863.4000,2863.6000,1,2,2,2,2,2,1,3,1,7
SF,IH2006,2020-06-17 10:26:56.200,2862.4000,19049,0,5916067140.000,0,-,-,-,-,2862.0000,2861.8000,2861.6000,2861.4000,2861.2000,2862.6000,2862.8000,2863.0000,2863.4000,2863.6000,1,2,2,2,2,2,1,3,1,7
SF,IH2006,2020-06-17 10:26:56.700,2862.6000,19049,0,5916925920.000,1,0,1,空换,B,2862.0000,2861.8000,2861.6000,2861.4000,2861.2000,2862.6000,2862.8000,2863.0000,2863.4000,2863.6000,1,2,2,2,2,1,1,3,1,7
SF,IH2006,2020-06-17 10:26:57.200,2862.6000,19049,0,5917784700.000,1,0,1,空换,B,2862.6000,2862.4000,2862.0000,2861.8000,2861.6000,2862.8000,2863.0000,2863.4000,2863.6000,2863.8000,12,17,2,2,2,1,3,1,7,4
SF,IH2006,2020-06-17 10:26:57.700,2863.0000,19048,-1,5919502440.000,2,0,2,空平,B,2862.8000,2862.2000,2862.0000,2861.8000,2861.6000,2863.0000,2863.4000,2863.6000,2863.8000,2864.0000,2,3,2,2,2,3,1,7,4,2
SF,IH2006,2020-06-17 10:26:58.200,2863.0000,19048,0,5919502440.000,0,-,-,-,-,2862.8000,2862.2000,2862.0000,2861.8000,2861.6000,2863.0000,2863.4000,2863.6000,2863.8000,2864.0000,1,3,2,2,2,3,1,7,4,2
SF,IH2006,2020-06-17 10:26:58.700,2862.8000,19047,-1,5920361280.000,1,0,1,双平,B,2862.4000,2862.2000,2862.0000,2861.8000,2861.6000,2863.0000,2863.4000,2863.6000,2863.8000,2864.0000,1,3,3,3,2,3,1,7,4,2
SF,IH2006,2020-06-17 10:26:59.200,2862.8000,19047,0,5920361280.000,0,-,-,-,-,2862.4000,2862.2000,2862.0000,2861.8000,2861.6000,2863.0000,2863.4000,2863.6000,2863.8000,2864.0000,1,3,3,2,2,3,1,7,4,2
SF,IH2006,2020-06-17 10:26:59.700,2863.0000,19047,0,5921220180.000,1,0,1,空换,B,2862.6000,2862.4000,2862.2000,2862.0000,2861.8000,2863.0000,2863.4000,2863.6000,2863.8000,2864.0000,1,1,3,3,2,3,1,7,4,2
SF,IH2006,2020-06-17 10:27:00.200,2863.0000,19047,0,5921220180.000,0,-,-,-,-,2862.4000,2862.2000,2862.0000,2861.8000,2861.6000,2862.8000,2863.0000,2863.4000,2863.6000,2863.8000,1,3,3,2,2,1,4,1,7,4
SF,IH2006,2020-06-17 10:27:00.700,2863.0000,19047,0,5921220180.000,0,-,-,-,-,2862.6000,2862.4000,2862.2000,2862.0000,2861.8000,2862.8000,2863.0000,2863.4000,2863.6000,2863.8000,3,1,3,3,2,1,4,1,7,4
SF,IH2006,2020-06-17 10:27:01.200,2862.8000,19047,0,5922079020.000,1,0,1,空换,B,2862.6000,2862.4000,2862.2000,2862.0000,2861.8000,2863.0000,2863.4000,2863.6000,2863.8000,2864.0000,3,1,3,3,2,4,1,7,4,2
SF,IH2006,2020-06-17 10:27:01.700,2862.8000,19047,0,5922079020.000,0,-,-,-,-,2862.6000,2862.4000,2862.2000,2862.0000,2861.8000,2863.0000,2863.4000,2863.6000,2863.8000,2864.0000,3,1,3,3,2,5,1,7,4,2
SF,IH2006,2020-06-17 10:27:02.200,2862.8000,19047,0,5922079020.000,0,-,-,-,-,2862.6000,2862.2000,2862.0000,2861.8000,2861.6000,2862.8000,2863.0000,2863.4000,2863.6000,2863.8000,3,3,2,2,2,2,5,1,7,4
SF,IH2006,2020-06-17 10:27:02.700,2862.8000,19047,0,5922937860.000,1,0,1,空换,B,2862.6000,2862.2000,2862.0000,2861.8000,2861.6000,2862.8000,2863.0000,2863.4000,2863.6000,2863.8000,3,3,2,2,2,1,6,1,7,4
SF,IH2006,2020-06-17 10:27:03.700,2862.6000,19046,-1,5925514200.000,3,1,2,空平,B,2862.2000,2862.0000,2861.8000,2861.6000,2861.4000,2862.8000,2863.0000,2863.4000,2863.6000,2863.8000,3,2,2,2,1,1,6,1,7,4
SF,IH2006,2020-06-17 10:27:04.200,2862.6000,19046,0,5925514200.000,0,-,-,-,-,2862.2000,2862.0000,2861.8000,2861.6000,2861.4000,2862.8000,2863.0000,2863.4000,2863.6000,2863.8000,3,2,2,3,1,1,6,1,7,4
SF,IH2006,2020-06-17 10:27:04.700,2862.6000,19046,0,5925514200.000,0,-,-,-,-,2862.2000,2862.0000,2861.8000,2861.6000,2861.4000,2862.6000,2862.8000,2863.0000,2863.4000,2863.6000,2,2,2,3,1,2,1,6,1,7
SF,IH2006,2020-06-17 10:27:05.200,2862.6000,19046,0,5925514200.000,0,-,-,-,-,2862.0000,2861.8000,2861.6000,2861.4000,2861.2000,2862.6000,2863.0000,2863.4000,2863.6000,2863.8000,2,2,3,1,2,2,6,1,7,4
SF,IH2006,2020-06-17 10:27:05.700,2862.6000,19046,0,5927231760.000,2,1,1,空换,B,2862.0000,2861.8000,2861.6000,2861.4000,2861.2000,2863.0000,2863.4000,2863.6000,2863.8000,2864.0000,1,2,3,1,2,6,1,7,4,2
SF,IH2006,2020-06-17 10:27:06.200,2862.8000,19045,-1,5928090600.000,1,0,1,双平,B,2862.0000,2861.8000,2861.6000,2861.4000,2861.2000,2862.8000,2863.0000,2863.4000,2863.6000,2863.8000,1,2,3,1,2,3,8,1,7,4
SF,IH2006,2020-06-17 10:27:06.700,2862.8000,19045,0,5928090600.000,0,-,-,-,-,2862.6000,2862.0000,2861.8000,2861.6000,2861.4000,2862.8000,2863.0000,2863.4000,2863.6000,2863.8000,3,1,2,3,1,5,6,1,7,4
SF,IH2006,2020-06-17 10:27:07.200,2862.6000,19042,-3,5930666940.000,3,0,3,双平,B,2862.0000,2861.8000,2861.6000,2861.4000,2861.2000,2862.6000,2862.8000,2863.0000,2863.4000,2863.6000,1,2,3,1,2,3,4,6,1,7
SF,IH2006,2020-06-17 10:27:07.700,2862.6000,19041,-1,5931525720.000,1,0,1,双平,B,2862.0000,2861.8000,2861.6000,2861.4000,2861.2000,2862.6000,2862.8000,2863.0000,2863.4000,2863.6000,1,2,3,1,2,1,2,6,1,7
SF,IH2006,2020-06-17 10:27:08.200,2862.6000,19041,0,5932384500.000,1,0,1,空换,B,2862.6000,2862.4000,2862.2000,2862.0000,2861.8000,2862.8000,2863.0000,2863.4000,2863.6000,2863.8000,6,4,3,1,2,2,6,1,7,4
SF,IH2006,2020-06-17 10:27:08.700,2862.6000,19041,0,5932384500.000,0,-,-,-,-,2862.8000,2862.2000,2862.0000,2861.8000,2861.6000,2863.0000,2863.4000,2863.6000,2863.8000,2864.0000,3,4,1,2,2,6,1,7,4,2
SF,IH2006,2020-06-17 10:27:09.200,2862.8000,19038,-3,5934961020.000,3,0,3,双平,B,2862.2000,2862.0000,2861.8000,2861.6000,2861.4000,2862.8000,2863.0000,2863.4000,2863.6000,2863.8000,4,1,2,2,1,3,6,1,7,4
SF,IH2006,2020-06-17 10:27:09.700,2862.4000,19037,-1,5935819740.000,1,0,1,双平,B,2862.2000,2862.0000,2861.8000,2861.6000,2861.4000,2862.8000,2863.0000,2863.4000,2863.6000,2863.8000,4,1,2,2,1,1,6,1,7,4
SF,IH2006,2020-06-17 10:27:10.200,2862.8000,19036,-1,5936678580.000,1,0,1,双平,B,2862.6000,2862.4000,2862.2000,2862.0000,2861.8000,2863.0000,2863.4000,2863.6000,2863.8000,2864.0000,6,2,4,1,2,6,1,7,4,2
SF,IH2006,2020-06-17 10:27:10.700,2862.8000,19036,0,5936678580.000,0,-,-,-,-,2862.4000,2862.2000,2862.0000,2861.8000,2861.6000,2863.0000,2863.4000,2863.6000,2863.8000,2864.0000,3,4,1,2,2,6,1,7,4,2
SF,IH2006,2020-06-17 10:27:11.200,2862.8000,19036,0,5936678580.000,0,-,-,-,-,2862.4000,2862.2000,2862.0000,2861.8000,2861.6000,2862.8000,2863.0000,2863.4000,2863.6000,2863.8000,2,4,1,2,1,1,6,1,7,4
SF,IH2006,2020-06-17 10:27:11.700,2862.8000,19036,0,5937537420.000,1,0,1,空换,B,2862.2000,2862.0000,2861.8000,2861.6000,2861.4000,2863.0000,2863.4000,2863.6000,2863.8000,2864.0000,4,1,2,2,1,5,1,7,4,2
SF,IH2006,2020-06-17 10:27:12.200,2862.8000,19036,0,5937537420.000,0,-,-,-,-,2862.6000,2862.4000,2862.2000,2862.0000,2861.8000,2863.0000,2863.4000,2863.6000,2863.8000,2864.0000,5,1,3,1,2,6,1,7,4,2
SF,IH2006,2020-06-17 10:27:12.700,2862.8000,19036,0,5937537420.000,0,-,-,-,-,2862.6000,2862.4000,2862.2000,2862.0000,2861.8000,2863.0000,2863.4000,2863.6000,2863.8000,2864.0000,1,3,3,1,2,6,1,7,4,2
SF,IH2006,2020-06-17 10:27:13.200,2863.0000,19038,2,5942690820.000,6,4,2,多开,B,2862.6000,2862.4000,2862.2000,2862.0000,2861.8000,2863.4000,2863.6000,2863.8000,2864.0000,2864.2000,1,1,3,1,2,1,7,4,2,1
SF,IH2006,2020-06-17 10:27:13.700,2863.0000,19038,0,5942690820.000,0,-,-,-,-,2862.6000,2862.4000,2862.2000,2862.0000,2861.8000,2863.6000,2863.8000,2864.0000,2864.2000,2864.6000,1,1,3,1,2,7,4,2,1,16
SF,IH2006,2020-06-17 10:27:14.200,2863.0000,19038,0,5942690820.000,0,-,-,-,-,2862.6000,2862.2000,2862.0000,2861.8000,2861.6000,2863.4000,2863.6000,2863.8000,2864.0000,2864.2000,1,3,1,3,1,2,8,4,2,1
SF,IH2006,2020-06-17 10:27:14.700,2863.0000,19038,0,5942690820.000,0,-,-,-,-,2862.8000,2862.6000,2862.2000,2862.0000,2861.8000,2863.4000,2863.6000,2863.8000,2864.0000,2864.2000,1,1,3,1,3,2,9,4,2,1
SF,IH2006,2020-06-17 10:27:15.200,2863.0000,19038,0,5942690820.000,0,-,-,-,-,2862.8000,2862.6000,2862.2000,2862.0000,2861.8000,2863.4000,2863.6000,2863.8000,2864.0000,2864.2000,1,1,3,1,3,3,8,4,2,1
SF,IH2006,2020-06-17 10:27:15.700,2862.6000,19038,0,5943549600.000,1,0,1,空换,B,2862.2000,2862.0000,2861.8000,2861.6000,2861.4000,2863.4000,2863.6000,2863.8000,2864.0000,2864.2000,3,1,3,1,1,2,8,4,2,1
SF,IH2006,2020-06-17 10:27:16.200,2862.6000,19038,0,5943549600.000,0,-,-,-,-,2862.4000,2862.2000,2862.0000,2861.8000,2861.6000,2863.2000,2863.4000,2863.6000,2863.8000,2864.0000,6,6,1,3,1,1,3,8,4,2
SF,IH2006,2020-06-17 10:27:16.700,2862.6000,19038,0,5943549600.000,0,-,-,-,-,2862.6000,2862.4000,2862.2000,2862.0000,2861.8000,2863.2000,2863.4000,2863.6000,2863.8000,2864.0000,1,7,6,1,2,1,4,7,4,2
SF,IH2006,2020-06-17 10:27:17.200,2862.6000,19038,0,5943549600.000,0,-,-,-,-,2862.6000,2862.4000,2862.2000,2862.0000,2861.8000,2863.2000,2863.4000,2863.6000,2863.8000,2864.0000,1,5,6,1,2,1,4,7,6,2
SF,IH2006,2020-06-17 10:27:17.700,2863.2000,19038,0,5944408560.000,1,0,1,空换,B,2862.6000,2862.4000,2862.2000,2862.0000,2861.8000,2863.4000,2863.6000,2863.8000,2864.0000,2864.2000,1,4,3,1,2,4,7,6,2,1
SF,IH2006,2020-06-17 10:27:18.200,2863.2000,19038,0,5944408560.000,0,-,-,-,-,2862.6000,2862.4000,2862.2000,2862.0000,2861.8000,2863.4000,2863.6000,2863.8000,2864.0000,2864.2000,1,4,3,1,2,3,7,6,2,1
SF,IH2006,2020-06-17 10:27:18.700,2863.2000,19038,0,5944408560.000,0,-,-,-,-,2862.6000,2862.4000,2862.2000,2862.0000,2861.8000,2863.4000,2863.6000,2863.8000,2864.0000,2864.2000,1,4,3,1,2,3,7,7,2,1
SF,IH2006,2020-06-17 10:27:19.200,2863.2000,19038,0,5944408560.000,0,-,-,-,-,2862.6000,2862.4000,2862.2000,2862.0000,2861.8000,2863.4000,2863.6000,2863.8000,2864.0000,2864.2000,1,4,3,1,2,3,7,7,2,1
SF,IH2006,2020-06-17 10:27:19.700,2863.2000,19038,0,5944408560.000,0,-,-,-,-,2862.6000,2862.4000,2862.2000,2862.0000,2861.8000,2863.4000,2863.6000,2863.8000,2864.0000,2864.2000,1,4,3,1,2,3,7,8,2,1
SF,IH2006,2020-06-17 10:27:20.200,2863.2000,19038,0,5944408560.000,0,-,-,-,-,2862.6000,2862.4000,2862.2000,2862.0000,2861.8000,2863.4000,2863.6000,2863.8000,2864.0000,2864.2000,1,3,4,1,2,3,7,8,2,1
SF,IH2006,2020-06-17 10:27:20.700,2863.2000,19038,0,5944408560.000,0,-,-,-,-,2862.4000,2862.2000,2862.0000,2861.8000,2861.6000,2863.2000,2863.4000,2863.6000,2863.8000,2864.0000,4,4,1,2,1,3,1,7,8,2
SF,IH2006,2020-06-17 10:27:21.200,2863.2000,19038,0,5944408560.000,0,-,-,-,-,2863.0000,2862.6000,2862.4000,2862.2000,2862.0000,2863.4000,2863.6000,2863.8000,2864.0000,2864.2000,2,4,4,4,1,1,7,8,2,1
SF,IH2006,2020-06-17 10:27:21.700,2862.6000,19038,0,5946126240.000,2,1,1,空换,B,2862.6000,2862.4000,2862.2000,2862.0000,2861.8000,2863.0000,2863.2000,2863.4000,2863.6000,2863.8000,4,4,1,1,2,3,1,1,7,8
SF,IH2006,2020-06-17 10:27:22.200,2862.6000,19038,0,5946126240.000,0,-,-,-,-,2862.6000,2862.4000,2862.2000,2862.0000,2861.8000,2863.0000,2863.2000,2863.4000,2863.6000,2863.8000,3,4,1,1,2,2,1,1,6,8
SF,IH2006,2020-06-17 10:27:22.700,2862.6000,19038,0,5946126240.000,0,-,-,-,-,2862.6000,2862.4000,2862.2000,2862.0000,2861.8000,2863.0000,2863.2000,2863.4000,2863.6000,2863.8000,3,5,1,1,2,2,1,1,6,8
SF,IH2006,2020-06-17 10:27:23.200,2862.6000,19038,0,5946126240.000,0,-,-,-,-,2862.6000,2862.4000,2862.2000,2862.0000,2861.8000,2863.0000,2863.2000,2863.4000,2863.6000,2863.8000,3,5,1,2,2,2,1,1,6,8
SF,IH2006,2020-06-17 10:27:23.700,2863.0000,19037,-1,5946985140.000,1,0,1,双平,B,2862.6000,2862.4000,2862.2000,2862.0000,2861.8000,2863.2000,2863.4000,2863.6000,2863.8000,2864.0000,3,5,1,2,2,1,1,6,8,2
SF,IH2006,2020-06-17 10:27:24.700,2863.0000,19037,0,5946985140.000,0,-,-,-,-,2862.6000,2862.4000,2862.2000,2862.0000,2861.8000,2863.2000,2863.6000,2863.8000,2864.0000,2864.2000,3,5,1,2,2,2,6,8,2,1
SF,IH2006,2020-06-17 10:27:25.200,2863.2000,19036,-1,5947844100.000,1,0,1,双平,B,2862.6000,2862.4000,2862.2000,2862.0000,2861.8000,2863.6000,2863.8000,2864.0000,2864.2000,2864.6000,3,5,1,2,2,6,8,2,1,16
SF,IH2006,2020-06-17 10:27:25.700,2863.2000,19036,0,5947844100.000,0,-,-,-,-,2863.2000,2862.8000,2862.6000,2862.4000,2862.2000,2863.6000,2863.8000,2864.0000,2864.2000,2864.6000,2,5,3,5,1,8,8,2,1,16
SF,IH2006,2020-06-17 10:27:26.200,2863.2000,19036,0,5947844100.000,0,-,-,-,-,2862.8000,2862.6000,2862.4000,2862.2000,2862.0000,2863.6000,2863.8000,2864.0000,2864.2000,2864.6000,2,3,4,1,1,6,8,2,1,16
SF,IH2006,2020-06-17 10:27:26.700,2863.2000,19036,0,5947844100.000,0,-,-,-,-,2863.0000,2862.8000,2862.6000,2862.4000,2862.2000,2863.6000,2863.8000,2864.0000,2864.2000,2864.6000,3,2,1,4,1,6,8,2,1,16
SF,IH2006,2020-06-17 10:27:27.200,2863.2000,19036,0,5947844100.000,0,-,-,-,-,2863.0000,2862.8000,2862.6000,2862.4000,2862.2000,2863.6000,2863.8000,2864.0000,2864.2000,2864.6000,3,2,1,4,1,7,8,2,1,16
SF,IH2006,2020-06-17 10:27:27.700,2863.0000,19035,-1,5948703000.000,1,0,1,双平,B,2863.0000,2862.8000,2862.6000,2862.4000,2862.2000,2863.6000,2863.8000,2864.0000,2864.2000,2864.6000,2,2,1,4,1,7,8,2,1,16
SF,IH2006,2020-06-17 10:27:28.200,2863.0000,19035,0,5948703000.000,0,-,-,-,-,2863.2000,2863.0000,2862.8000,2862.6000,2862.4000,2863.6000,2863.8000,2864.0000,2864.2000,2864.6000,1,2,1,1,4,7,8,2,1,16
SF,IH2006,2020-06-17 10:27:29.200,2863.0000,19035,0,5948703000.000,0,-,-,-,-,2863.2000,2863.0000,2862.8000,2862.6000,2862.4000,2863.6000,2863.8000,2864.0000,2864.2000,2864.6000,1,2,1,1,4,6,8,2,1,16
SF,IH2006,2020-06-17 10:27:29.700,2863.6000,19034,-1,5949562080.000,1,0,1,双平,B,2863.2000,2863.0000,2862.8000,2862.6000,2862.4000,2863.6000,2863.8000,2864.0000,2864.2000,2864.6000,1,2,1,1,4,6,8,2,1,16
SF,IH2006,2020-06-17 10:27:30.200,2863.6000,19034,0,5949562080.000,0,-,-,-,-,2863.0000,2862.8000,2862.6000,2862.4000,2862.2000,2863.6000,2863.8000,2864.0000,2864.2000,2864.6000,2,1,1,4,1,7,8,2,1,16
SF,IH2006,2020-06-17 10:27:30.700,2863.2000,19034,0,5950421040.000,1,0,1,空换,B,2863.0000,2862.8000,2862.6000,2862.4000,2862.2000,2863.6000,2863.8000,2864.0000,2864.2000,2864.6000,2,1,1,4,1,6,8,2,1,16
SF,IH2006,2020-06-17 10:27:31.700,2863.2000,19034,0,5950421040.000,0,-,-,-,-,2863.0000,2862.8000,2862.6000,2862.4000,2862.2000,2863.6000,2863.8000,2864.0000,2864.2000,2864.6000,2,1,1,4,1,7,8,2,1,16
SF,IH2006,2020-06-17 10:27:32.200,2863.2000,19034,0,5950421040.000,0,-,-,-,-,2862.8000,2862.6000,2862.4000,2862.2000,2862.0000,2863.6000,2863.8000,2864.0000,2864.2000,2864.6000,1,1,5,1,1,7,8,2,1,16
SF,IH2006,2020-06-17 10:27:32.700,2863.2000,19034,0,5950421040.000,0,-,-,-,-,2862.8000,2862.6000,2862.4000,2862.2000,2862.0000,2863.6000,2863.8000,2864.0000,2864.2000,2864.6000,1,1,5,1,1,8,8,2,1,16
SF,IH2006,2020-06-17 10:27:33.200,2863.2000,19034,0,5950421040.000,0,-,-,-,-,2862.8000,2862.6000,2862.4000,2862.2000,2862.0000,2863.6000,2863.8000,2864.0000,2864.2000,2864.6000,1,1,5,1,1,8,8,2,1,16
SF,IH2006,2020-06-17 10:27:33.700,2862.8000,19033,-1,5951279880.000,1,0,1,双平,B,2862.8000,2862.6000,2862.4000,2862.2000,2862.0000,2863.6000,2863.8000,2864.0000,2864.2000,2864.6000,2,1,5,1,1,8,8,2,1,16
SF,IH2006,2020-06-17 10:27:34.200,2863.0000,19032,-1,5952138780.000,1,0,1,双平,B,2862.8000,2862.6000,2862.4000,2862.2000,2862.0000,2863.6000,2863.8000,2864.0000,2864.2000,2864.6000,2,1,5,1,1,8,8,2,1,16
SF,IH2006,2020-06-17 10:27:34.700,2863.0000,19032,0,5952138780.000,0,-,-,-,-,2862.8000,2862.6000,2862.4000,2862.2000,2862.0000,2863.0000,2863.6000,2863.8000,2864.0000,2864.2000,2,1,5,1,1,2,8,8,2,1
SF,IH2006,2020-06-17 10:27:35.200,2863.0000,19030,-2,5954715480.000,3,0,3,空平,B,2863.2000,2863.0000,2862.8000,2862.6000,2862.4000,2863.6000,2863.8000,2864.0000,2864.2000,2864.6000,2,9,3,1,5,8,8,2,1,16
SF,IH2006,2020-06-17 10:27:35.700,2863.6000,19030,0,5955574560.000,1,0,1,空换,B,2863.2000,2863.0000,2862.8000,2862.6000,2862.4000,2863.6000,2863.8000,2864.0000,2864.2000,2864.6000,1,1,1,1,5,5,8,2,1,16
SF,IH2006,2020-06-17 10:27:36.200,2863.6000,19030,0,5956433640.000,1,0,1,空换,B,2863.0000,2862.8000,2862.6000,2862.4000,2862.2000,2863.6000,2863.8000,2864.0000,2864.2000,2864.6000,2,1,1,5,1,4,8,2,1,16
SF,IH2006,2020-06-17 10:27:36.700,2863.8000,19035,5,5962447320.000,7,6,1,多开,B,2863.6000,2863.4000,2863.2000,2863.0000,2862.8000,2863.8000,2864.0000,2864.2000,2864.6000,2865.2000,4,5,4,2,1,6,2,1,16,1
SF,IH2006,2020-06-17 10:27:37.200,2863.8000,19030,-5,5972757120.000,12,3,9,空平,B,2863.8000,2863.2000,2863.0000,2862.8000,2862.6000,2864.2000,2864.6000,2865.2000,2865.4000,2865.6000,7,4,2,1,1,1,16,1,2,1
SF,IH2006,2020-06-17 10:27:37.700,2864.2000,19029,-1,5973616380.000,1,0,1,双平,B,2863.8000,2863.2000,2863.0000,2862.8000,2862.6000,2864.6000,2865.2000,2865.4000,2865.6000,2865.8000,4,2,2,1,1,16,1,2,1,2
SF,IH2006,2020-06-17 10:27:38.200,2864.2000,19029,0,5973616380.000,0,-,-,-,-,2864.0000,2863.8000,2863.2000,2863.0000,2862.8000,2864.2000,2864.6000,2865.2000,2865.4000,2865.6000,1,4,2,3,1,1,19,1,2,1
SF,IH2006,2020-06-17 10:27:38.700,2864.0000,19028,-1,5977053120.000,4,1,3,空平,B,2863.2000,2863.0000,2862.8000,2862.6000,2862.4000,2864.0000,2864.2000,2864.4000,2864.6000,2865.2000,2,3,1,1,5,4,1,3,19,1
SF,IH2006,2020-06-17 10:27:39.200,2864.0000,19028,0,5977053120.000,0,-,-,-,-,2863.4000,2863.2000,2863.0000,2862.8000,2862.6000,2864.2000,2864.4000,2864.6000,2865.2000,2865.4000,1,3,3,1,1,1,1,19,1,2
SF,IH2006,2020-06-17 10:27:39.700,2863.4000,19027,-1,5977912140.000,1,0,1,双平,B,2863.2000,2863.0000,2862.8000,2862.6000,2862.4000,2864.2000,2864.4000,2864.6000,2865.2000,2865.4000,3,3,1,1,5,1,1,19,1,2
SF,IH2006,2020-06-17 10:27:40.200,2863.4000,19027,0,5977912140.000,0,-,-,-,-,2863.2000,2863.0000,2862.8000,2862.6000,2862.4000,2864.0000,2864.2000,2864.4000,2864.6000,2865.2000,3,3,1,1,5,1,1,1,19,1
SF,IH2006,2020-06-17 10:27:40.700,2863.4000,19027,0,5978771160.000,1,0,1,空换,B,2863.6000,2863.2000,2863.0000,2862.8000,2862.6000,2864.0000,2864.2000,2864.4000,2864.6000,2864.8000,3,2,3,1,1,1,1,1,19,1
SF,IH2006,2020-06-17 10:27:41.200,2863.4000,19027,0,5978771160.000,0,-,-,-,-,2863.2000,2863.0000,2862.8000,2862.6000,2862.4000,2864.0000,2864.2000,2864.4000,2864.6000,2864.8000,2,3,1,1,5,1,1,1,19,1
SF,IH2006,2020-06-17 10:27:41.700,2863.8000,19026,-1,5979630300.000,1,0,1,双平,B,2863.2000,2863.0000,2862.8000,2862.6000,2862.4000,2863.8000,2864.0000,2864.2000,2864.4000,2864.6000,2,3,1,1,5,1,1,1,1,19
SF,IH2006,2020-06-17 10:27:42.200,2863.8000,19026,0,5979630300.000,0,-,-,-,-,2863.4000,2863.2000,2863.0000,2862.8000,2862.6000,2863.8000,2864.0000,2864.2000,2864.4000,2864.6000,1,2,3,1,1,1,1,1,1,19
SF,IH2006,2020-06-17 10:27:43.200,2863.8000,19026,0,5979630300.000,0,-,-,-,-,2863.4000,2863.2000,2863.0000,2862.8000,2862.6000,2863.8000,2864.0000,2864.2000,2864.4000,2864.6000,1,2,3,1,1,1,1,2,1,19
SF,IH2006,2020-06-17 10:27:43.700,2863.8000,19026,0,5980489440.000,1,0,1,空换,B,2863.8000,2863.4000,2863.2000,2863.0000,2862.8000,2864.0000,2864.2000,2864.4000,2864.6000,2864.8000,7,1,2,3,1,1,2,1,19,1
SF,IH2006,2020-06-17 10:27:44.200,2864.0000,19027,1,5981348640.000,1,1,0,双开,B,2863.4000,2863.2000,2863.0000,2862.8000,2862.6000,2864.2000,2864.4000,2864.6000,2864.8000,2865.2000,2,2,3,1,1,2,1,19,1,1
SF,IH2006,2020-06-17 10:27:44.700,2864.0000,19027,0,5981348640.000,0,-,-,-,-,2863.6000,2863.4000,2863.0000,2862.8000,2862.6000,2864.2000,2864.4000,2864.6000,2864.8000,2865.2000,2,2,3,1,2,2,1,19,1,1
SF,IH2006,2020-06-17 10:27:45.200,2864.0000,19027,0,5981348640.000,0,-,-,-,-,2863.6000,2863.4000,2863.0000,2862.8000,2862.6000,2864.2000,2864.4000,2864.6000,2864.8000,2865.2000,2,1,3,1,2,2,1,19,1,1
SF,IH2006,2020-06-17 10:27:45.700,2863.6000,19026,-1,5982207720.000,1,0,1,双平,B,2863.6000,2863.4000,2863.0000,2862.8000,2862.6000,2864.2000,2864.4000,2864.6000,2864.8000,2865.2000,1,1,3,1,2,2,1,19,1,1
SF,IH2006,2020-06-17 10:27:46.200,2863.6000,19026,0,5983066800.000,1,0,1,空换,B,2863.4000,2863.0000,2862.8000,2862.6000,2862.4000,2863.6000,2863.8000,2864.0000,2864.2000,2864.4000,1,3,1,2,5,3,6,2,2,1
SF,IH2006,2020-06-17 10:27:46.700,2863.6000,19026,0,5984784900.000,2,1,1,空换,B,2863.6000,2863.0000,2862.8000,2862.6000,2862.4000,2864.0000,2864.2000,2864.4000,2864.6000,2864.8000,1,3,1,2,5,2,2,1,19,1
SF,IH2006,2020-06-17 10:27:47.200,2863.6000,19026,0,5985643980.000,1,0,1,空换,B,2863.0000,2862.8000,2862.6000,2862.4000,2862.0000,2864.0000,2864.2000,2864.4000,2864.6000,2864.8000,3,1,2,5,1,2,2,1,19,1
SF,IH2006,2020-06-17 10:27:47.700,2864.0000,19025,-1,5986503180.000,1,0,1,双平,B,2863.2000,2863.0000,2862.8000,2862.6000,2862.4000,2864.0000,2864.2000,2864.4000,2864.6000,2864.8000,1,3,1,2,5,2,2,1,19,1
SF,IH2006,2020-06-17 10:27:48.200,2863.6000,19026,1,5987362260.000,1,1,0,双开,B,2863.6000,2863.4000,2863.2000,2863.0000,2862.8000,2864.0000,2864.2000,2864.4000,2864.6000,2864.8000,2,2,3,3,1,2,2,1,19,1
SF,IH2006,2020-06-17 10:27:48.700,2863.6000,19026,0,5987362260.000,0,-,-,-,-,2863.4000,2863.2000,2863.0000,2862.8000,2862.6000,2864.2000,2864.4000,2864.6000,2864.8000,2865.2000,3,2,3,1,2,2,1,19,1,1
SF,IH2006,2020-06-17 10:27:49.200,2863.6000,19026,0,5987362260.000,0,-,-,-,-,2863.6000,2863.4000,2863.2000,2863.0000,2862.8000,2864.2000,2864.4000,2864.6000,2864.8000,2865.2000,1,3,2,2,1,2,1,19,1,1
SF,IH2006,2020-06-17 10:27:50.700,2863.6000,19026,0,5987362260.000,0,-,-,-,-,2863.6000,2863.4000,2863.2000,2863.0000,2862.8000,2864.2000,2864.4000,2864.6000,2864.8000,2865.2000,1,3,2,2,1,2,1,19,1,1
SF,IH2006,2020-06-17 10:27:51.200,2863.6000,19026,0,5987362260.000,0,-,-,-,-,2863.6000,2863.4000,2863.2000,2863.0000,2862.8000,2864.0000,2864.2000,2864.4000,2864.6000,2864.8000,1,3,2,2,1,1,2,1,19,1
SF,IH2006,2020-06-17 10:27:51.700,2863.6000,19026,0,5988221340.000,1,0,1,空换,B,2863.4000,2863.2000,2863.0000,2862.8000,2862.6000,2864.0000,2864.2000,2864.4000,2864.6000,2864.8000,3,2,2,1,2,1,2,1,19,1
SF,IH2006,2020-06-17 10:27:53.700,2864.0000,19025,-1,5989080540.000,1,0,1,双平,B,2863.4000,2863.2000,2863.0000,2862.8000,2862.6000,2864.2000,2864.4000,2864.6000,2864.8000,2865.2000,3,2,2,1,2,2,1,19,1,1
SF,IH2006,2020-06-17 10:27:54.200,2864.0000,19025,0,5989080540.000,0,-,-,-,-,2863.4000,2863.2000,2863.0000,2862.8000,2862.6000,2864.0000,2864.2000,2864.4000,2864.6000,2864.8000,2,1,2,1,2,3,2,1,19,1
SF,IH2006,2020-06-17 10:27:55.200,2864.0000,19025,0,5989080540.000,0,-,-,-,-,2863.4000,2863.2000,2863.0000,2862.8000,2862.6000,2864.0000,2864.2000,2864.4000,2864.6000,2864.8000,2,1,2,1,2,3,2,2,19,1
SF,IH2006,2020-06-17 10:27:55.700,2864.0000,19025,0,5989080540.000,0,-,-,-,-,2863.4000,2863.2000,2863.0000,2862.8000,2862.6000,2864.0000,2864.2000,2864.4000,2864.6000,2864.8000,2,1,2,1,2,4,2,2,20,1
SF,IH2006,2020-06-17 10:27:56.200,2864.0000,19025,0,5989080540.000,0,-,-,-,-,2863.4000,2863.2000,2863.0000,2862.8000,2862.6000,2864.0000,2864.2000,2864.4000,2864.6000,2864.8000,1,1,2,1,2,4,2,2,20,1
SF,IH2006,2020-06-17 10:27:56.700,2864.0000,19025,0,5989080540.000,0,-,-,-,-,2863.4000,2863.0000,2862.8000,2862.6000,2862.4000,2864.0000,2864.2000,2864.4000,2864.6000,2864.8000,1,2,1,2,4,4,2,2,20,1
SF,IH2006,2020-06-17 10:27:57.200,2863.4000,19025,0,5989939560.000,1,0,1,空换,B,2863.0000,2862.8000,2862.6000,2862.4000,2862.0000,2864.0000,2864.2000,2864.4000,2864.6000,2864.8000,2,1,2,4,1,5,2,2,20,1
SF,IH2006,2020-06-17 10:27:57.700,2863.4000,19025,0,5989939560.000,0,-,-,-,-,2863.2000,2863.0000,2862.8000,2862.6000,2862.4000,2863.8000,2864.0000,2864.2000,2864.4000,2864.6000,1,2,1,3,4,3,3,2,2,20
SF,IH2006,2020-06-17 10:27:58.200,2863.4000,19025,0,5989939560.000,0,-,-,-,-,2863.0000,2862.8000,2862.6000,2862.4000,2862.0000,2863.8000,2864.0000,2864.2000,2864.4000,2864.6000,2,1,3,4,1,4,3,2,2,20
SF,IH2006,2020-06-17 10:27:58.700,2863.4000,19025,0,5989939560.000,0,-,-,-,-,2863.0000,2862.8000,2862.6000,2862.4000,2862.0000,2863.8000,2864.0000,2864.2000,2864.4000,2864.6000,2,1,3,4,1,5,2,2,2,20
SF,IH2006,2020-06-17 10:27:59.200,2863.4000,19025,0,5989939560.000,0,-,-,-,-,2863.2000,2863.0000,2862.8000,2862.6000,2862.4000,2863.8000,2864.0000,2864.2000,2864.4000,2864.6000,2,2,1,3,4,4,1,2,2,20
SF,IH2006,2020-06-17 10:27:59.700,2863.8000,19025,0,5990798700.000,1,0,1,空换,B,2863.2000,2863.0000,2862.8000,2862.6000,2862.4000,2863.8000,2864.0000,2864.2000,2864.4000,2864.6000,2,2,1,3,4,3,1,2,2,20
SF,IH2006,2020-06-17 10:28:00.200,2863.8000,19025,0,5990798700.000,0,-,-,-,-,2863.2000,2863.0000,2862.8000,2862.6000,2862.4000,2863.6000,2863.8000,2864.0000,2864.2000,2864.4000,2,1,1,3,4,3,11,1,2,2
SF,IH2006,2020-06-17 10:28:00.700,2863.2000,19024,-1,5991657660.000,1,0,1,双平,B,2863.0000,2862.8000,2862.6000,2862.4000,2862.0000,2863.2000,2863.6000,2863.8000,2864.0000,2864.2000,1,1,3,4,1,1,4,7,1,2
SF,IH2006,2020-06-17 10:28:01.200,2862.8000,19022,-2,5994234360.000,3,0,3,空平,B,2862.6000,2862.4000,2862.0000,2861.8000,2861.6000,2863.0000,2863.8000,2864.0000,2864.2000,2864.4000,3,4,1,2,1,1,2,1,2,2
SF,IH2006,2020-06-17 10:28:01.700,2863.0000,19019,-3,5996811060.000,3,0,3,双平,B,2863.0000,2862.8000,2862.6000,2862.4000,2862.0000,2863.8000,2864.0000,2864.2000,2864.4000,2864.6000,7,1,3,4,1,1,1,2,2,17
SF,IH2006,2020-06-17 10:28:02.200,2863.0000,19019,0,5996811060.000,0,-,-,-,-,2863.0000,2862.6000,2862.4000,2862.0000,2861.8000,2863.6000,2863.8000,2864.0000,2864.2000,2864.4000,1,3,4,1,2,9,4,1,2,2
SF,IH2006,2020-06-17 10:28:02.700,2863.0000,19019,0,5996811060.000,0,-,-,-,-,2863.0000,2862.6000,2862.4000,2862.0000,2861.8000,2863.4000,2863.6000,2863.8000,2864.0000,2864.2000,1,3,4,1,2,2,8,4,1,2
SF,IH2006,2020-06-17 10:28:03.200,2863.0000,19018,-1,5997669960.000,1,0,1,双平,B,2862.6000,2862.4000,2862.0000,2861.8000,2861.6000,2863.2000,2863.4000,2863.6000,2863.8000,2864.0000,3,4,2,2,1,3,2,8,4,1
SF,IH2006,2020-06-17 10:28:03.700,2863.0000,19018,0,5997669960.000,0,-,-,-,-,2863.0000,2862.8000,2862.6000,2862.4000,2862.0000,2863.2000,2863.4000,2863.6000,2863.8000,2864.0000,1,2,3,4,2,3,2,3,4,1
SF,IH2006,2020-06-17 10:28:04.200,2863.0000,19018,0,5997669960.000,0,-,-,-,-,2862.8000,2862.6000,2862.4000,2862.0000,2861.8000,2863.0000,2863.2000,2863.4000,2863.6000,2863.8000,3,3,4,2,2,2,3,2,3,4
SF,IH2006,2020-06-17 10:28:04.700,2863.0000,19016,-2,5999387760.000,2,0,2,双平,B,2862.8000,2862.6000,2862.4000,2862.0000,2861.8000,2863.2000,2863.4000,2863.6000,2863.8000,2864.0000,2,3,4,2,2,3,2,3,4,1
SF,IH2006,2020-06-17 10:28:05.200,2863.0000,19016,0,5999387760.000,0,-,-,-,-,2862.8000,2862.6000,2862.4000,2862.0000,2861.8000,2863.2000,2863.4000,2863.6000,2863.8000,2864.0000,1,4,4,2,2,3,2,3,4,1
SF,IH2006,2020-06-17 10:28:05.700,2863.0000,19016,0,6001105500.000,2,1,1,空换,B,2862.6000,2862.4000,2862.0000,2861.8000,2861.6000,2863.0000,2863.2000,2863.4000,2863.6000,2863.8000,4,4,2,2,1,1,3,2,3,4
SF,IH2006,2020-06-17 10:28:06.200,2863.0000,19016,0,6001105500.000,0,-,-,-,-,2862.6000,2862.4000,2862.0000,2861.8000,2861.6000,2863.2000,2863.4000,2863.6000,2863.8000,2864.0000,4,4,2,2,1,3,1,3,4,1
SF,IH2006,2020-06-17 10:28:08.200,2863.0000,19016,0,6001105500.000,0,-,-,-,-,2862.6000,2862.4000,2862.0000,2861.8000,2861.6000,2863.2000,2863.4000,2863.6000,2863.8000,2864.0000,4,4,2,2,1,3,1,3,4,1
SF,IH2006,2020-06-17 10:28:08.700,2863.0000,19016,0,6001105500.000,0,-,-,-,-,2862.6000,2862.4000,2862.0000,2861.8000,2861.6000,2863.2000,2863.4000,2863.6000,2863.8000,2864.0000,4,4,2,2,1,3,1,1,4,1
SF,IH2006,2020-06-17 10:28:09.200,2862.8000,19015,-1,6001964340.000,1,0,1,双平,B,2862.6000,2862.4000,2862.0000,2861.8000,2861.6000,2863.2000,2863.4000,2863.6000,2863.8000,2864.0000,4,4,2,2,1,3,1,1,4,1
SF,IH2006,2020-06-17 10:28:10.200,2862.8000,19015,0,6001964340.000,0,-,-,-,-,2862.8000,2862.6000,2862.4000,2862.0000,2861.8000,2863.2000,2863.4000,2863.6000,2863.8000,2864.0000,1,4,4,2,2,6,1,1,1,1
SF,IH2006,2020-06-17 10:28:10.700,2862.8000,19015,0,6001964340.000,0,-,-,-,-,2862.6000,2862.4000,2862.0000,2861.8000,2861.6000,2863.2000,2863.4000,2863.6000,2864.0000,2864.2000,4,4,2,2,1,6,1,1,1,1
SF,IH2006,2020-06-17 10:28:11.200,2862.6000,19013,-2,6004540680.000,3,0,3,空平,B,2862.6000,2862.4000,2862.0000,2861.8000,2861.6000,2863.0000,2863.2000,2863.4000,2863.6000,2864.0000,1,4,2,2,1,5,7,1,1,1
SF,IH2006,2020-06-17 10:28:11.700,2862.6000,19012,-1,6006258240.000,2,0,2,空平,B,2862.4000,2862.0000,2861.8000,2861.6000,2861.4000,2862.6000,2863.0000,2863.2000,2863.6000,2864.0000,4,2,2,1,2,1,5,8,1,1
SF,IH2006,2020-06-17 10:28:12.200,2862.6000,19011,-1,6007117020.000,1,0,1,双平,B,2862.6000,2862.4000,2862.0000,2861.8000,2861.6000,2863.0000,2863.2000,2863.6000,2864.0000,2864.2000,9,4,3,2,1,5,8,1,1,1
SF,IH2006,2020-06-17 10:28:12.700,2862.6000,19011,0,6007117020.000,0,-,-,-,-,2862.4000,2862.0000,2861.8000,2861.6000,2861.4000,2863.2000,2863.6000,2864.0000,2864.2000,2864.4000,3,3,2,1,2,8,1,1,1,2
SF,IH2006,2020-06-17 10:28:13.200,2862.6000,19011,0,6007975800.000,1,0,1,空换,B,2862.6000,2862.4000,2862.0000,2861.8000,2861.6000,2863.2000,2863.6000,2864.0000,2864.2000,2864.4000,1,3,3,2,1,8,1,1,1,2
SF,IH2006,2020-06-17 10:28:14.200,2862.6000,19011,0,6007975800.000,0,-,-,-,-,2862.6000,2862.4000,2862.0000,2861.8000,2861.6000,2863.0000,2863.2000,2863.6000,2864.0000,2864.2000,1,3,3,2,1,5,8,1,1,1
SF,IH2006,2020-06-17 10:28:14.700,2862.6000,19011,0,6007975800.000,0,-,-,-,-,2862.4000,2862.2000,2862.0000,2861.8000,2861.6000,2863.0000,2863.2000,2863.6000,2864.0000,2864.2000,3,1,3,2,1,5,8,1,1,1
SF,IH2006,2020-06-17 10:28:15.200,2862.4000,19010,-1,6008834520.000,1,0,1,双平,B,2862.4000,2862.2000,2862.0000,2861.8000,2861.6000,2863.2000,2863.6000,2864.0000,2864.2000,2864.4000,2,1,3,2,1,8,1,1,1,2
SF,IH2006,2020-06-17 10:28:15.700,2862.4000,19010,0,6008834520.000,0,-,-,-,-,2862.4000,2862.2000,2862.0000,2861.8000,2861.6000,2863.0000,2863.2000,2863.6000,2864.0000,2864.2000,2,2,3,2,1,1,14,1,1,1
SF,IH2006,2020-06-17 10:28:16.200,2862.4000,19010,0,6008834520.000,0,-,-,-,-,2862.4000,2862.2000,2862.0000,2861.8000,2861.6000,2863.0000,2863.2000,2863.6000,2864.0000,2864.2000,2,2,3,2,1,1,14,1,1,1
SF,IH2006,2020-06-17 10:28:16.700,2862.4000,19010,0,6008834520.000,0,-,-,-,-,2862.4000,2862.2000,2862.0000,2861.8000,2861.6000,2863.0000,2863.2000,2863.6000,2864.0000,2864.2000,2,2,3,2,1,1,14,1,1,1
SF,IH2006,2020-06-17 10:28:17.200,2862.4000,19010,0,6008834520.000,0,-,-,-,-,2862.4000,2862.2000,2862.0000,2861.8000,2861.6000,2863.0000,2863.2000,2863.6000,2864.0000,2864.2000,2,2,3,2,1,2,13,1,1,1
SF,IH2006,2020-06-17 10:28:17.700,2862.8000,19009,-1,6009693360.000,1,0,1,双平,B,2862.4000,2862.2000,2862.0000,2861.8000,2861.6000,2863.0000,2863.2000,2863.6000,2864.0000,2864.2000,2,2,3,2,1,2,13,1,1,1
SF,IH2006,2020-06-17 10:28:19.700,2862.8000,19009,0,6009693360.000,0,-,-,-,-,2862.4000,2862.2000,2862.0000,2861.8000,2861.6000,2862.8000,2863.0000,2863.2000,2863.6000,2864.0000,2,2,3,2,1,1,2,13,1,1
SF,IH2006,2020-06-17 10:28:20.200,2862.8000,19009,0,6009693360.000,0,-,-,-,-,2862.4000,2862.2000,2862.0000,2861.8000,2861.6000,2862.8000,2863.0000,2863.2000,2863.6000,2864.0000,2,2,3,2,2,1,2,13,1,1
SF,IH2006,2020-06-17 10:28:20.700,2862.8000,19009,0,6009693360.000,0,-,-,-,-,2862.4000,2862.2000,2862.0000,2861.8000,2861.6000,2862.8000,2863.0000,2863.2000,2863.6000,2864.0000,2,2,3,2,2,1,3,13,1,1
SF,IH2006,2020-06-17 10:28:21.200,2862.4000,19008,-1,6010552080.000,1,0,1,双平,B,2862.4000,2862.2000,2862.0000,2861.8000,2861.6000,2862.8000,2863.0000,2863.2000,2863.6000,2864.0000,2,2,3,2,2,1,3,12,1,1
SF,IH2006,2020-06-17 10:28:21.700,2862.4000,19008,0,6010552080.000,0,-,-,-,-,2862.4000,2862.2000,2862.0000,2861.8000,2861.6000,2862.8000,2863.0000,2863.2000,2863.4000,2863.6000,2,2,3,2,1,2,3,12,1,1
SF,IH2006,2020-06-17 10:28:22.200,2862.4000,19008,0,6010552080.000,0,-,-,-,-,2862.4000,2862.2000,2862.0000,2861.8000,2861.6000,2862.8000,2863.0000,2863.2000,2863.4000,2863.6000,2,2,3,2,1,2,3,12,1,1
SF,IH2006,2020-06-17 10:28:22.700,2862.4000,19008,0,6010552080.000,0,-,-,-,-,2862.4000,2862.2000,2862.0000,2861.8000,2861.6000,2862.8000,2863.0000,2863.2000,2863.4000,2863.6000,2,2,3,2,1,2,3,12,1,1
SF,IH2006,2020-06-17 10:28:23.700,2862.8000,19008,0,6011410920.000,1,0,1,空换,B,2862.4000,2862.2000,2862.0000,2861.8000,2861.6000,2862.8000,2863.0000,2863.2000,2863.4000,2863.6000,2,2,3,2,1,1,3,12,1,1
SF,IH2006,2020-06-17 10:28:24.200,2862.8000,19009,1,6012269760.000,1,1,0,双开,B,2862.4000,2862.2000,2862.0000,2861.8000,2861.6000,2863.0000,2863.2000,2863.4000,2863.6000,2863.8000,2,2,3,2,1,3,12,1,1,1
SF,IH2006,2020-06-17 10:28:25.700,2862.8000,19009,0,6012269760.000,0,-,-,-,-,2862.4000,2862.2000,2862.0000,2861.8000,2861.6000,2863.0000,2863.2000,2863.4000,2863.6000,2863.8000,2,2,3,2,1,2,12,1,1,1
SF,IH2006,2020-06-17 10:28:26.200,2862.8000,19009,0,6012269760.000,0,-,-,-,-,2862.4000,2862.2000,2862.0000,2861.8000,2861.6000,2863.0000,2863.2000,2863.4000,2863.6000,2863.8000,2,2,3,3,1,2,13,1,1,1
SF,IH2006,2020-06-17 10:28:27.200,2862.4000,19008,-1,6013128480.000,1,0,1,双平,B,2862.4000,2862.2000,2862.0000,2861.8000,2861.6000,2863.0000,2863.2000,2863.4000,2863.6000,2863.8000,1,2,3,3,1,2,13,1,1,1
SF,IH2006,2020-06-17 10:28:27.700,2862.4000,19008,0,6013128480.000,0,-,-,-,-,2862.4000,2862.2000,2862.0000,2861.8000,2861.6000,2862.8000,2863.0000,2863.2000,2863.4000,2863.6000,1,2,3,3,1,2,2,14,1,1
SF,IH2006,2020-06-17 10:28:29.700,2862.4000,19008,0,6013128480.000,0,-,-,-,-,2862.4000,2862.2000,2862.0000,2861.8000,2861.6000,2862.8000,2863.0000,2863.2000,2863.4000,2863.6000,1,2,3,3,1,3,2,14,1,1
SF,IH2006,2020-06-17 10:28:30.700,2862.4000,19007,-1,6013987200.000,1,0,1,双平,B,2862.2000,2862.0000,2861.8000,2861.6000,2861.4000,2862.8000,2863.0000,2863.2000,2863.4000,2863.6000,3,3,3,1,1,3,2,14,1,1
SF,IH2006,2020-06-17 10:28:32.200,2862.4000,19007,0,6013987200.000,0,-,-,-,-,2862.4000,2862.2000,2862.0000,2861.8000,2861.6000,2862.8000,2863.0000,2863.2000,2863.4000,2863.6000,2,3,3,3,2,3,2,6,1,1
SF,IH2006,2020-06-17 10:28:32.700,2863.2000,19006,-1,6016563900.000,3,1,2,空平,B,2862.6000,2862.4000,2862.2000,2862.0000,2861.8000,2863.2000,2863.4000,2863.6000,2863.8000,2864.0000,1,2,3,3,2,5,1,1,1,1
SF,IH2006,2020-06-17 10:28:33.200,2863.2000,19006,0,6016563900.000,0,-,-,-,-,2862.8000,2862.6000,2862.4000,2862.2000,2862.0000,2863.2000,2863.4000,2863.6000,2863.8000,2864.0000,1,3,2,3,3,5,1,1,1,1
SF,IH2006,2020-06-17 10:28:34.200,2863.2000,19006,0,6016563900.000,0,-,-,-,-,2862.8000,2862.6000,2862.4000,2862.2000,2862.0000,2863.2000,2863.4000,2863.6000,2863.8000,2864.0000,2,2,2,3,3,5,1,1,1,1
SF,IH2006,2020-06-17 10:28:34.700,2863.2000,19006,0,6016563900.000,0,-,-,-,-,2862.8000,2862.6000,2862.4000,2862.2000,2862.0000,2863.2000,2863.4000,2863.6000,2863.8000,2864.0000,2,2,2,3,3,6,1,1,1,1
SF,IH2006,2020-06-17 10:28:35.200,2863.2000,19006,0,6016563900.000,0,-,-,-,-,2862.8000,2862.6000,2862.4000,2862.2000,2862.0000,2863.2000,2863.4000,2863.6000,2863.8000,2864.0000,2,2,2,3,3,6,1,1,1,1
SF,IH2006,2020-06-17 10:28:37.200,2863.2000,19006,0,6016563900.000,0,-,-,-,-,2862.8000,2862.6000,2862.4000,2862.2000,2862.0000,2863.2000,2863.6000,2863.8000,2864.0000,2864.2000,2,2,2,3,4,6,1,1,1,1
SF,IH2006,2020-06-17 10:28:38.200,2863.2000,19006,0,6016563900.000,0,-,-,-,-,2863.0000,2862.8000,2862.6000,2862.4000,2862.2000,2863.2000,2863.6000,2863.8000,2864.0000,2864.2000,1,2,2,2,3,6,1,1,1,1
SF,IH2006,2020-06-17 10:28:40.200,2863.2000,19006,0,6016563900.000,0,-,-,-,-,2863.0000,2862.8000,2862.6000,2862.4000,2862.2000,2863.2000,2863.8000,2864.0000,2864.2000,2864.4000,1,2,2,2,3,6,1,1,1,1
SF,IH2006,2020-06-17 10:28:41.700,2863.2000,19007,1,6021717660.000,6,3,3,多开,B,2863.0000,2862.8000,2862.6000,2862.4000,2862.2000,2863.8000,2864.0000,2864.2000,2864.4000,2864.6000,1,2,2,2,3,1,1,1,1,17
SF,IH2006,2020-06-17 10:28:42.200,2863.2000,19007,0,6021717660.000,0,-,-,-,-,2863.2000,2863.0000,2862.8000,2862.4000,2862.2000,2863.6000,2863.8000,2864.0000,2864.2000,2864.4000,1,1,2,2,3,2,1,1,1,1
SF,IH2006,2020-06-17 10:28:42.700,2863.2000,19007,0,6021717660.000,0,-,-,-,-,2863.4000,2863.2000,2862.8000,2862.4000,2862.2000,2863.6000,2863.8000,2864.0000,2864.2000,2864.4000,1,1,2,2,3,2,1,1,1,1
SF,IH2006,2020-06-17 10:28:43.200,2863.4000,19007,0,6022576680.000,1,0,1,空换,B,2863.2000,2862.8000,2862.4000,2862.2000,2862.0000,2863.6000,2863.8000,2864.0000,2864.2000,2864.4000,1,2,2,3,4,2,1,1,1,1
SF,IH2006,2020-06-17 10:28:44.700,2863.2000,19007,0,6023435640.000,1,0,1,空换,B,2862.8000,2862.4000,2862.2000,2862.0000,2861.8000,2863.6000,2863.8000,2864.0000,2864.2000,2864.4000,2,2,3,4,4,2,1,1,1,1
SF,IH2006,2020-06-17 10:28:45.200,2863.2000,19007,0,6023435640.000,0,-,-,-,-,2863.0000,2862.8000,2862.6000,2862.4000,2862.2000,2863.6000,2863.8000,2864.0000,2864.2000,2864.4000,1,2,1,2,3,2,1,1,1,1
SF,IH2006,2020-06-17 10:28:45.700,2863.6000,19006,-1,6024294720.000,1,0,1,双平,B,2863.0000,2862.8000,2862.6000,2862.4000,2862.2000,2863.6000,2863.8000,2864.0000,2864.2000,2864.4000,1,3,1,2,2,1,1,1,1,1
SF,IH2006,2020-06-17 10:28:46.700,2863.6000,19006,0,6024294720.000,0,-,-,-,-,2863.0000,2862.8000,2862.6000,2862.4000,2862.2000,2863.6000,2863.8000,2864.0000,2864.2000,2864.4000,1,3,1,2,2,2,1,1,1,1
SF,IH2006,2020-06-17 10:28:47.200,2863.6000,19006,0,6024294720.000,0,-,-,-,-,2863.0000,2862.8000,2862.6000,2862.4000,2862.2000,2863.2000,2863.6000,2863.8000,2864.0000,2864.2000,1,2,1,2,2,1,5,1,1,1
SF,IH2006,2020-06-17 10:28:47.700,2863.6000,19006,0,6024294720.000,0,-,-,-,-,2863.2000,2862.8000,2862.6000,2862.4000,2862.2000,2863.6000,2863.8000,2864.0000,2864.2000,2864.4000,1,2,1,2,2,5,1,1,1,1
SF,IH2006,2020-06-17 10:28:48.200,2863.2000,19006,0,6025153680.000,1,0,1,空换,B,2862.8000,2862.6000,2862.4000,2862.2000,2862.0000,2863.2000,2863.6000,2863.8000,2864.0000,2864.2000,2,1,2,2,3,5,5,2,1,1
SF,IH2006,2020-06-17 10:28:48.700,2863.2000,19006,0,6025153680.000,0,-,-,-,-,2862.8000,2862.6000,2862.4000,2862.2000,2862.0000,2863.6000,2863.8000,2864.0000,2864.2000,2864.4000,2,1,2,2,3,5,2,1,1,1
SF,IH2006,2020-06-17 10:28:49.200,2863.2000,19006,0,6025153680.000,0,-,-,-,-,2862.8000,2862.6000,2862.4000,2862.2000,2862.0000,2863.6000,2863.8000,2864.0000,2864.2000,2864.4000,2,2,2,2,3,5,2,1,1,1
SF,IH2006,2020-06-17 10:28:49.700,2863.2000,19006,0,6025153680.000,0,-,-,-,-,2862.8000,2862.6000,2862.4000,2862.2000,2862.0000,2863.6000,2863.8000,2864.0000,2864.2000,2864.4000,2,2,2,2,3,5,2,1,1,1
SF,IH2006,2020-06-17 10:28:50.200,2863.2000,19006,0,6025153680.000,0,-,-,-,-,2862.8000,2862.6000,2862.4000,2862.2000,2862.0000,2863.6000,2863.8000,2864.0000,2864.2000,2864.4000,3,2,2,2,3,2,2,1,1,1
SF,IH2006,2020-06-17 10:28:50.700,2863.2000,19006,0,6025153680.000,0,-,-,-,-,2862.8000,2862.6000,2862.4000,2862.2000,2862.0000,2863.6000,2863.8000,2864.0000,2864.2000,2864.4000,3,2,2,2,3,2,2,1,1,1
SF,IH2006,2020-06-17 10:28:51.200,2863.2000,19006,0,6025153680.000,0,-,-,-,-,2862.8000,2862.6000,2862.4000,2862.2000,2862.0000,2863.6000,2863.8000,2864.0000,2864.2000,2864.4000,3,2,2,2,3,5,2,1,1,1
SF,IH2006,2020-06-17 10:28:51.700,2863.2000,19006,0,6025153680.000,0,-,-,-,-,2862.8000,2862.6000,2862.4000,2862.2000,2862.0000,2863.2000,2863.6000,2863.8000,2864.0000,2864.2000,3,2,2,2,3,1,5,2,1,1
SF,IH2006,2020-06-17 10:28:52.200,2863.2000,19006,0,6025153680.000,0,-,-,-,-,2862.8000,2862.6000,2862.4000,2862.2000,2862.0000,2863.6000,2863.8000,2864.0000,2864.2000,2864.4000,3,2,2,2,3,5,2,1,1,1
SF,IH2006,2020-06-17 10:28:52.700,2863.2000,19006,0,6025153680.000,0,-,-,-,-,2862.8000,2862.6000,2862.4000,2862.2000,2862.0000,2863.4000,2863.6000,2863.8000,2864.0000,2864.2000,3,2,2,2,3,6,5,2,1,1
SF,IH2006,2020-06-17 10:28:53.200,2863.2000,19006,0,6025153680.000,0,-,-,-,-,2862.8000,2862.6000,2862.4000,2862.2000,2862.0000,2863.4000,2863.6000,2863.8000,2864.0000,2864.2000,4,2,2,2,3,1,5,2,1,1
SF,IH2006,2020-06-17 10:28:53.700,2863.2000,19006,0,6025153680.000,0,-,-,-,-,2862.8000,2862.6000,2862.4000,2862.2000,2862.0000,2863.6000,2863.8000,2864.0000,2864.2000,2864.4000,4,2,2,2,3,2,2,1,1,1
SF,IH2006,2020-06-17 10:28:54.200,2863.2000,19006,0,6025153680.000,0,-,-,-,-,2863.0000,2862.8000,2862.6000,2862.4000,2862.2000,2863.6000,2863.8000,2864.0000,2864.2000,2864.4000,1,4,2,2,2,1,2,1,1,1
SF,IH2006,2020-06-17 10:28:55.700,2863.2000,19006,0,6025153680.000,0,-,-,-,-,2863.0000,2862.8000,2862.6000,2862.4000,2862.2000,2863.6000,2863.8000,2864.0000,2864.2000,2864.4000,1,3,2,2,2,1,2,1,1,1
SF,IH2006,2020-06-17 10:28:56.200,2863.2000,19006,0,6025153680.000,0,-,-,-,-,2863.0000,2862.8000,2862.6000,2862.4000,2862.2000,2863.6000,2863.8000,2864.0000,2864.2000,2864.4000,1,3,2,2,2,4,2,1,1,1
SF,IH2006,2020-06-17 10:28:56.700,2863.2000,19006,0,6025153680.000,0,-,-,-,-,2863.0000,2862.8000,2862.6000,2862.4000,2862.2000,2863.2000,2863.6000,2863.8000,2864.0000,2864.2000,1,3,2,2,2,1,4,2,1,1
SF,IH2006,2020-06-17 10:28:57.200,2863.0000,19005,-1,6026012580.000,1,0,1,双平,B,2863.0000,2862.8000,2862.6000,2862.4000,2862.2000,2863.6000,2863.8000,2864.0000,2864.2000,2864.4000,1,3,2,2,2,4,2,1,1,1
SF,IH2006,2020-06-17 10:28:57.700,2863.0000,19005,0,6026012580.000,0,-,-,-,-,2863.0000,2862.8000,2862.6000,2862.4000,2862.2000,2863.2000,2863.4000,2863.6000,2863.8000,2864.0000,1,3,2,2,2,1,2,4,2,1
SF,IH2006,2020-06-17 10:28:58.200,2863.0000,19004,-1,6026871480.000,1,0,1,双平,B,2862.8000,2862.6000,2862.4000,2862.2000,2862.0000,2863.4000,2863.6000,2863.8000,2864.0000,2864.2000,3,2,2,2,3,2,4,2,1,1
SF,IH2006,2020-06-17 10:28:58.700,2863.0000,19004,0,6026871480.000,0,-,-,-,-,2863.0000,2862.8000,2862.6000,2862.4000,2862.2000,2863.4000,2863.6000,2863.8000,2864.0000,2864.2000,1,3,2,2,2,2,4,2,1,1
SF,IH2006,2020-06-17 10:28:59.700,2863.0000,19004,0,6026871480.000,0,-,-,-,-,2863.0000,2862.8000,2862.6000,2862.4000,2862.2000,2863.4000,2863.6000,2863.8000,2864.0000,2864.2000,1,3,2,2,2,3,1,2,1,1
SF,IH2006,2020-06-17 10:29:00.200,2863.0000,19004,0,6026871480.000,0,-,-,-,-,2863.0000,2862.8000,2862.6000,2862.4000,2862.2000,2863.4000,2863.6000,2863.8000,2864.0000,2864.2000,1,3,2,2,2,4,1,2,1,1
SF,IH2006,2020-06-17 10:29:01.700,2862.8000,19004,0,6028589220.000,2,1,1,空换,B,2862.8000,2862.6000,2862.4000,2862.2000,2862.0000,2863.4000,2863.6000,2863.8000,2864.0000,2864.2000,2,2,2,2,3,4,1,2,1,1
SF,IH2006,2020-06-17 10:29:02.200,2862.8000,19004,0,6028589220.000,0,-,-,-,-,2863.0000,2862.8000,2862.6000,2862.4000,2862.2000,2863.4000,2863.6000,2863.8000,2864.0000,2864.2000,1,2,2,2,2,4,1,2,1,1
SF,IH2006,2020-06-17 10:29:02.700,2862.8000,19004,0,6028589220.000,0,-,-,-,-,2862.8000,2862.6000,2862.4000,2862.2000,2862.0000,2863.0000,2863.2000,2863.4000,2863.6000,2863.8000,2,2,2,2,3,1,1,2,1,2
SF,IH2006,2020-06-17 10:29:03.200,2862.8000,19004,0,6028589220.000,0,-,-,-,-,2862.8000,2862.6000,2862.4000,2862.2000,2862.0000,2863.4000,2863.6000,2863.8000,2864.0000,2864.2000,2,2,2,2,3,2,1,2,1,1
SF,IH2006,2020-06-17 10:29:03.700,2862.8000,19004,0,6028589220.000,0,-,-,-,-,2863.0000,2862.8000,2862.6000,2862.4000,2862.2000,2863.4000,2863.6000,2863.8000,2864.0000,2864.2000,1,2,2,2,2,2,1,2,1,1
SF,IH2006,2020-06-17 10:29:04.200,2863.4000,19004,0,6030307260.000,2,1,1,空换,B,2863.4000,2863.0000,2862.8000,2862.6000,2862.4000,2863.6000,2863.8000,2864.0000,2864.2000,2864.4000,4,1,2,2,2,1,2,1,1,1
SF,IH2006,2020-06-17 10:29:04.700,2863.6000,18999,-5,6039756540.000,11,3,8,空平,B,2863.4000,2862.8000,2862.6000,2862.4000,2862.2000,2863.6000,2863.8000,2864.0000,2864.2000,2864.4000,26,2,2,2,2,3,2,1,1,1
SF,IH2006,2020-06-17 10:29:05.200,2863.6000,19002,3,6042333780.000,3,3,0,双开,B,2863.4000,2862.8000,2862.6000,2862.4000,2862.2000,2863.8000,2864.0000,2864.2000,2864.4000,2864.6000,26,2,2,2,2,2,1,1,1,17
SF,IH2006,2020-06-17 10:29:06.200,2863.6000,19002,0,6042333780.000,0,-,-,-,-,2863.6000,2863.4000,2862.8000,2862.6000,2862.4000,2863.8000,2864.0000,2864.2000,2864.4000,2864.6000,1,26,2,2,2,2,1,1,1,17
SF,IH2006,2020-06-17 10:29:06.700,2863.6000,19002,0,6042333780.000,0,-,-,-,-,2863.6000,2863.4000,2862.8000,2862.6000,2862.4000,2863.8000,2864.0000,2864.2000,2864.4000,2864.6000,1,26,3,2,2,2,1,1,1,17
SF,IH2006,2020-06-17 10:29:07.700,2863.8000,19002,0,6043192920.000,1,0,1,空换,B,2863.6000,2863.4000,2862.8000,2862.6000,2862.4000,2863.8000,2864.2000,2864.4000,2864.6000,2864.8000,1,26,3,2,2,1,1,1,17,1
SF,IH2006,2020-06-17 10:29:08.700,2863.8000,19002,0,6044052060.000,1,0,1,空换,B,2863.8000,2863.6000,2863.4000,2862.8000,2862.6000,2864.2000,2864.4000,2864.6000,2864.8000,2865.0000,1,1,26,3,2,1,1,17,1,1
SF,IH2006,2020-06-17 10:29:09.200,2864.0000,19002,0,6044911260.000,1,0,1,空换,B,2863.4000,2862.8000,2862.6000,2862.4000,2862.2000,2864.0000,2864.2000,2864.4000,2864.6000,2864.8000,26,3,2,1,2,4,1,1,17,1
SF,IH2006,2020-06-17 10:29:09.700,2864.0000,19002,0,6044911260.000,0,-,-,-,-,2863.6000,2863.4000,2862.8000,2862.6000,2862.4000,2864.0000,2864.2000,2864.4000,2864.6000,2864.8000,1,26,3,2,1,4,1,1,17,1
SF,IH2006,2020-06-17 10:29:10.200,2864.0000,19002,0,6044911260.000,0,-,-,-,-,2863.6000,2863.4000,2862.8000,2862.6000,2862.4000,2864.0000,2864.2000,2864.4000,2864.6000,2864.8000,1,26,4,2,1,4,1,1,17,1
SF,IH2006,2020-06-17 10:29:10.700,2864.0000,19002,0,6044911260.000,0,-,-,-,-,2863.6000,2863.4000,2862.8000,2862.6000,2862.4000,2864.2000,2864.4000,2864.6000,2864.8000,2865.0000,1,26,4,2,1,1,1,17,1,1
SF,IH2006,2020-06-17 10:29:11.200,2864.2000,19003,1,6045770520.000,1,1,0,双开,B,2863.6000,2863.4000,2862.8000,2862.6000,2862.4000,2864.4000,2864.6000,2864.8000,2865.0000,2865.2000,1,26,4,2,1,1,17,1,1,3
SF,IH2006,2020-06-17 10:29:11.700,2864.2000,19003,0,6045770520.000,0,-,-,-,-,2863.6000,2863.4000,2862.8000,2862.6000,2862.4000,2864.4000,2864.6000,2864.8000,2865.0000,2865.2000,1,26,4,2,1,3,17,1,1,3
SF,IH2006,2020-06-17 10:29:12.200,2864.2000,19003,0,6045770520.000,0,-,-,-,-,2863.8000,2863.6000,2863.4000,2862.8000,2862.6000,2864.4000,2864.6000,2864.8000,2865.0000,2865.2000,1,1,26,4,2,3,17,1,1,3
SF,IH2006,2020-06-17 10:29:12.700,2864.2000,19003,0,6045770520.000,0,-,-,-,-,2863.8000,2863.6000,2863.4000,2862.8000,2862.6000,2864.4000,2864.6000,2864.8000,2865.0000,2865.2000,1,1,26,4,2,2,17,1,1,3
SF,IH2006,2020-06-17 10:29:13.700,2864.2000,19003,0,6045770520.000,0,-,-,-,-,2863.8000,2863.6000,2863.4000,2862.8000,2862.6000,2864.4000,2864.6000,2864.8000,2865.0000,2865.2000,1,1,26,3,2,2,17,1,1,3
SF,IH2006,2020-06-17 10:29:14.700,2864.2000,19003,0,6045770520.000,0,-,-,-,-,2863.8000,2863.6000,2863.4000,2862.8000,2862.6000,2864.4000,2864.6000,2864.8000,2865.0000,2865.2000,1,1,26,3,2,2,17,1,1,3
SF,IH2006,2020-06-17 10:29:15.200,2864.2000,19003,0,6045770520.000,0,-,-,-,-,2863.8000,2863.6000,2863.4000,2862.8000,2862.6000,2864.4000,2864.6000,2864.8000,2865.0000,2865.2000,1,1,26,3,2,2,19,1,1,3
SF,IH2006,2020-06-17 10:29:15.700,2864.2000,19003,0,6045770520.000,0,-,-,-,-,2863.8000,2863.6000,2863.4000,2862.8000,2862.6000,2864.0000,2864.2000,2864.4000,2864.6000,2864.8000,1,1,26,3,2,1,4,2,19,1
SF,IH2006,2020-06-17 10:29:16.200,2863.8000,19004,1,6046629660.000,1,1,0,双开,B,2863.6000,2863.4000,2862.8000,2862.6000,2862.4000,2864.2000,2864.4000,2864.6000,2864.8000,2865.0000,1,26,3,2,2,4,3,19,1,1
SF,IH2006,2020-06-17 10:29:17.700,2863.8000,19004,0,6046629660.000,0,-,-,-,-,2863.6000,2863.4000,2862.8000,2862.6000,2862.4000,2864.0000,2864.2000,2864.4000,2864.6000,2864.8000,1,26,3,2,2,5,4,3,19,1
SF,IH2006,2020-06-17 10:29:18.700,2863.8000,19004,0,6046629660.000,0,-,-,-,-,2863.6000,2863.4000,2862.8000,2862.6000,2862.4000,2864.2000,2864.4000,2864.6000,2864.8000,2865.0000,1,26,3,2,2,4,3,19,1,1
SF,IH2006,2020-06-17 10:29:19.200,2863.8000,19004,0,6046629660.000,0,-,-,-,-,2863.6000,2863.4000,2862.8000,2862.6000,2862.4000,2864.0000,2864.2000,2864.4000,2864.6000,2864.8000,1,26,3,2,2,2,4,3,19,1
SF,IH2006,2020-06-17 10:29:19.700,2863.8000,19004,0,6046629660.000,0,-,-,-,-,2863.6000,2863.4000,2862.8000,2862.6000,2862.4000,2863.8000,2864.0000,2864.2000,2864.4000,2864.6000,1,26,3,2,2,3,2,1,3,19
SF,IH2006,2020-06-17 10:29:20.700,2863.8000,19004,0,6046629660.000,0,-,-,-,-,2863.6000,2863.4000,2862.8000,2862.6000,2862.4000,2864.0000,2864.2000,2864.4000,2864.6000,2864.8000,1,26,3,2,2,2,1,3,19,1
SF,IH2006,2020-06-17 10:29:21.200,2863.6000,19004,0,6047488740.000,1,0,1,空换,B,2863.4000,2863.2000,2862.8000,2862.6000,2862.4000,2863.6000,2864.0000,2864.2000,2864.4000,2864.6000,26,1,3,2,2,2,2,1,3,19
SF,IH2006,2020-06-17 10:29:21.700,2863.6000,19002,-2,6049206900.000,2,0,2,双平,B,2863.4000,2863.2000,2862.8000,2862.6000,2862.4000,2864.0000,2864.2000,2864.4000,2864.6000,2864.8000,26,1,3,2,2,2,1,3,19,1
SF,IH2006,2020-06-17 10:29:23.700,2863.6000,19002,0,6049206900.000,0,-,-,-,-,2863.6000,2863.4000,2863.2000,2862.8000,2862.6000,2864.0000,2864.2000,2864.4000,2864.6000,2864.8000,1,26,1,3,2,2,1,3,19,1
SF,IH2006,2020-06-17 10:29:24.200,2863.6000,19002,0,6049206900.000,0,-,-,-,-,2863.6000,2863.4000,2863.2000,2862.8000,2862.6000,2864.0000,2864.2000,2864.4000,2864.6000,2864.8000,1,26,1,2,2,2,1,3,19,1
SF,IH2006,2020-06-17 10:29:29.700,2863.6000,19002,0,6049206900.000,0,-,-,-,-,2863.8000,2863.6000,2863.4000,2863.2000,2862.8000,2864.0000,2864.2000,2864.4000,2864.6000,2864.8000,1,1,26,1,2,3,1,3,19,1
SF,IH2006,2020-06-17 10:29:30.200,2863.8000,19001,-1,6050066040.000,1,0,1,双平,B,2863.6000,2863.4000,2863.2000,2862.8000,2862.6000,2863.8000,2864.0000,2864.2000,2864.4000,2864.6000,1,26,1,2,2,2,3,1,3,19
SF,IH2006,2020-06-17 10:29:30.700,2863.8000,19001,0,6050066040.000,0,-,-,-,-,2863.6000,2863.4000,2863.2000,2862.8000,2862.6000,2864.0000,2864.2000,2864.4000,2864.6000,2864.8000,1,26,1,2,2,3,1,3,19,1
SF,IH2006,2020-06-17 10:29:38.200,2863.8000,19001,0,6050066040.000,0,-,-,-,-,2863.6000,2863.4000,2863.2000,2862.8000,2862.6000,2863.8000,2864.0000,2864.2000,2864.4000,2864.6000,1,26,1,2,2,3,3,1,3,19
SF,IH2006,2020-06-17 10:29:38.700,2863.8000,19001,0,6050925180.000,1,0,1,空换,B,2863.6000,2863.4000,2863.2000,2862.8000,2862.6000,2863.8000,2864.0000,2864.2000,2864.4000,2864.6000,1,26,1,2,2,2,3,1,3,19
SF,IH2006,2020-06-17 10:29:39.200,2863.8000,19001,0,6050925180.000,0,-,-,-,-,2863.4000,2863.2000,2862.8000,2862.6000,2862.4000,2863.8000,2864.0000,2864.2000,2864.4000,2864.6000,26,1,2,2,2,2,3,1,3,19
SF,IH2006,2020-06-17 10:29:40.700,2863.8000,19001,0,6050925180.000,0,-,-,-,-,2863.4000,2863.2000,2862.8000,2862.6000,2862.4000,2863.8000,2864.0000,2864.2000,2864.4000,2864.6000,26,1,2,2,2,2,3,1,3,21
SF,IH2006,2020-06-17 10:29:41.700,2863.8000,19001,0,6050925180.000,0,-,-,-,-,2863.4000,2863.2000,2862.8000,2862.6000,2862.4000,2863.6000,2864.0000,2864.2000,2864.4000,2864.6000,26,1,2,2,2,2,3,1,3,21
SF,IH2006,2020-06-17 10:29:42.700,2863.8000,19001,0,6050925180.000,0,-,-,-,-,2863.4000,2863.2000,2862.8000,2862.6000,2862.4000,2863.6000,2864.0000,2864.2000,2864.4000,2864.6000,26,1,2,2,2,2,3,1,3,21
SF,IH2006,2020-06-17 10:29:43.200,2863.4000,18999,-2,6052643220.000,2,0,2,双平,B,2863.6000,2863.4000,2863.2000,2862.8000,2862.6000,2864.0000,2864.2000,2864.4000,2864.6000,2864.8000,4,24,1,2,2,3,1,3,21,1
SF,IH2006,2020-06-17 10:29:44.700,2863.4000,18999,0,6053502240.000,1,0,1,空换,B,2863.6000,2863.4000,2863.2000,2862.8000,2862.6000,2864.0000,2864.2000,2864.4000,2864.6000,2864.8000,3,24,1,2,2,2,1,3,21,1
SF,IH2006,2020-06-17 10:29:45.700,2863.4000,18999,0,6053502240.000,0,-,-,-,-,2863.6000,2863.4000,2863.2000,2862.8000,2862.6000,2864.0000,2864.2000,2864.4000,2864.6000,2864.8000,3,24,1,2,2,2,1,3,21,1
SF,IH2006,2020-06-17 10:29:46.700,2863.4000,18999,0,6053502240.000,0,-,-,-,-,2863.6000,2863.4000,2863.2000,2862.8000,2862.6000,2864.0000,2864.2000,2864.4000,2864.6000,2865.0000,3,24,1,2,2,2,1,3,21,1
SF,IH2006,2020-06-17 10:29:47.700,2863.4000,18999,0,6054361260.000,1,0,1,空换,B,2863.6000,2863.4000,2863.2000,2862.8000,2862.6000,2864.0000,2864.2000,2864.4000,2864.6000,2865.0000,2,24,1,2,2,2,1,3,21,1
SF,IH2006,2020-06-17 10:29:48.200,2863.4000,18999,0,6054361260.000,0,-,-,-,-,2863.6000,2863.4000,2863.2000,2862.8000,2862.6000,2864.0000,2864.2000,2864.4000,2864.6000,2865.0000,3,24,1,2,2,2,1,2,21,1
SF,IH2006,2020-06-17 10:29:49.200,2863.6000,19000,1,6055220340.000,1,1,0,双开,B,2863.6000,2863.4000,2863.2000,2862.8000,2862.6000,2864.0000,2864.2000,2864.4000,2864.6000,2865.0000,2,24,1,2,2,2,1,2,21,1
SF,IH2006,2020-06-17 10:29:50.700,2863.6000,19000,0,6055220340.000,0,-,-,-,-,2863.8000,2863.6000,2863.4000,2863.2000,2862.8000,2864.0000,2864.2000,2864.4000,2864.6000,2865.0000,1,2,24,1,2,2,1,2,21,1
SF,IH2006,2020-06-17 10:29:51.200,2863.8000,18999,-1,6056079480.000,1,0,1,双平,B,2863.6000,2863.4000,2863.2000,2862.8000,2862.6000,2864.0000,2864.2000,2864.4000,2864.6000,2865.0000,2,24,1,2,2,2,1,2,21,1
SF,IH2006,2020-06-17 10:29:52.700,2863.6000,18999,0,6056938560.000,1,0,1,空换,B,2863.6000,2863.4000,2863.2000,2862.8000,2862.6000,2864.0000,2864.2000,2864.4000,2864.6000,2865.0000,1,24,1,2,2,2,1,2,21,1
SF,IH2006,2020-06-17 10:29:55.200,2863.6000,18999,0,6056938560.000,0,-,-,-,-,2863.6000,2863.4000,2863.2000,2862.8000,2862.6000,2864.0000,2864.2000,2864.4000,2864.6000,2865.0000,1,24,1,2,2,2,1,2,21,1
SF,IH2006,2020-06-17 10:29:56.200,2863.6000,18999,0,6056938560.000,0,-,-,-,-,2863.6000,2863.4000,2863.2000,2862.8000,2862.6000,2864.0000,2864.2000,2864.4000,2864.6000,2865.0000,2,24,1,2,2,2,1,2,21,1
SF,IH2006,2020-06-17 10:29:57.700,2863.6000,18998,-1,6057797640.000,1,0,1,双平,B,2863.6000,2863.4000,2863.2000,2862.8000,2862.6000,2864.0000,2864.2000,2864.4000,2864.6000,2865.0000,1,24,1,2,2,2,1,2,21,1
SF,IH2006,2020-06-17 10:29:58.200,2863.6000,18998,0,6057797640.000,0,-,-,-,-,2863.6000,2863.4000,2862.8000,2862.6000,2862.4000,2864.0000,2864.2000,2864.4000,2864.6000,2865.0000,1,24,2,2,2,2,1,2,21,1
SF,IH2006,2020-06-17 10:29:58.700,2863.6000,18998,0,6057797640.000,0,-,-,-,-,2863.6000,2863.4000,2862.8000,2862.6000,2862.4000,2864.0000,2864.2000,2864.4000,2864.6000,2865.0000,1,24,2,2,2,2,2,2,21,1
SF,IH2006,2020-06-17 10:29:59.200,2863.6000,18998,0,6057797640.000,0,-,-,-,-,2863.6000,2863.4000,2862.8000,2862.6000,2862.4000,2864.0000,2864.2000,2864.4000,2864.6000,2865.0000,1,24,2,2,2,7,2,2,21,1
SF,IH2006,2020-06-17 10:29:59.700,2863.6000,18998,0,6058656720.000,1,0,1,空换,B,2863.4000,2862.8000,2862.6000,2862.4000,2862.2000,2863.6000,2864.0000,2864.2000,2864.4000,2864.6000,24,2,2,2,1,3,2,2,2,21
SF,IH2006,2020-06-17 10:30:00.200,2863.6000,18998,0,6058656720.000,0,-,-,-,-,2863.4000,2862.8000,2862.6000,2862.4000,2862.2000,2864.0000,2864.2000,2864.4000,2864.6000,2865.0000,24,2,2,2,1,2,2,2,21,1
SF,IH2006,2020-06-17 10:30:01.200,2863.4000,19006,8,6072401040.000,16,12,4,多开,B,2863.6000,2863.4000,2863.2000,2862.8000,2862.6000,2863.8000,2864.0000,2864.2000,2864.4000,2864.6000,6,8,1,2,2,1,4,2,1,21
SF,IH2006,2020-06-17 10:30:01.700,2863.4000,19010,4,6088722780.000,19,11,8,多开,B,2863.2000,2862.8000,2862.6000,2862.4000,2862.2000,2863.4000,2863.6000,2863.8000,2864.0000,2864.2000,1,2,2,2,1,12,12,2,4,1
SF,IH2006,2020-06-17 10:30:02.200,2863.2000,19009,-1,6091299660.000,3,1,2,空平,B,2862.8000,2862.6000,2862.4000,2862.2000,2862.0000,2863.2000,2863.4000,2863.6000,2863.8000,2864.0000,2,2,2,2,3,2,1,8,2,4
SF,IH2006,2020-06-17 10:30:02.700,2863.2000,19009,0,6092158620.000,1,0,1,空换,B,2863.0000,2862.8000,2862.6000,2862.4000,2862.2000,2863.2000,2863.6000,2863.8000,2864.0000,2864.2000,2,2,2,2,2,1,4,2,3,1
SF,IH2006,2020-06-17 10:30:03.200,2863.0000,19008,-1,6093876480.000,2,0,2,空平,B,2863.0000,2862.8000,2862.6000,2862.4000,2862.2000,2863.6000,2863.8000,2864.0000,2864.2000,2864.4000,8,3,2,2,1,4,2,3,1,1
SF,IH2006,2020-06-17 10:30:04.200,2863.6000,19008,0,6098171700.000,5,2,3,空换,B,2863.6000,2863.0000,2862.8000,2862.6000,2862.4000,2863.8000,2864.0000,2864.2000,2864.4000,2864.6000,1,7,3,2,2,2,3,1,1,21
SF,IH2006,2020-06-17 10:30:04.700,2863.6000,19008,0,6099030780.000,1,0,1,空换,B,2863.0000,2862.8000,2862.6000,2862.4000,2862.2000,2863.4000,2863.6000,2863.8000,2864.0000,2864.2000,7,3,2,2,1,1,13,2,3,1
SF,IH2006,2020-06-17 10:30:05.200,2863.0000,19007,-1,6099889680.000,1,0,1,双平,B,2863.0000,2862.8000,2862.6000,2862.4000,2862.2000,2863.2000,2863.6000,2863.8000,2864.0000,2864.4000,8,3,2,2,1,1,4,2,3,1
SF,IH2006,2020-06-17 10:30:05.700,2863.2000,19007,0,6100748640.000,1,0,1,空换,B,2863.0000,2862.8000,2862.6000,2862.4000,2862.2000,2863.6000,2863.8000,2864.0000,2864.4000,2864.6000,8,3,2,2,1,4,2,3,1,21
SF,IH2006,2020-06-17 10:30:06.200,2863.2000,19007,0,6100748640.000,0,-,-,-,-,2863.0000,2862.8000,2862.6000,2862.4000,2862.2000,2863.6000,2863.8000,2864.0000,2864.4000,2864.6000,8,3,2,2,1,4,2,3,1,21
SF,IH2006,2020-06-17 10:30:06.700,2863.2000,19007,0,6100748640.000,0,-,-,-,-,2863.0000,2862.8000,2862.6000,2862.4000,2862.2000,2863.6000,2863.8000,2864.0000,2864.4000,2864.6000,8,3,2,2,1,4,2,3,1,21
SF,IH2006,2020-06-17 10:30:07.200,2863.2000,19007,0,6100748640.000,0,-,-,-,-,2863.0000,2862.8000,2862.6000,2862.4000,2862.2000,2863.2000,2863.6000,2863.8000,2864.0000,2864.4000,8,3,2,2,1,2,4,2,3,1
SF,IH2006,2020-06-17 10:30:07.700,2863.0000,19006,-1,6101607540.000,1,0,1,双平,B,2863.0000,2862.8000,2862.6000,2862.4000,2862.2000,2863.6000,2863.8000,2864.0000,2864.4000,2864.6000,7,3,2,2,1,4,2,3,1,21
SF,IH2006,2020-06-17 10:30:08.200,2863.0000,19006,0,6101607540.000,0,-,-,-,-,2863.0000,2862.8000,2862.6000,2862.4000,2862.2000,2863.4000,2863.6000,2863.8000,2864.0000,2864.4000,7,3,2,2,1,1,4,2,3,1
SF,IH2006,2020-06-17 10:30:09.200,2863.0000,19005,-1,6102466440.000,1,0,1,双平,B,2863.0000,2862.8000,2862.6000,2862.4000,2862.2000,2863.4000,2863.6000,2863.8000,2864.0000,2864.4000,6,3,2,2,1,1,4,2,3,1
SF,IH2006,2020-06-17 10:30:09.700,2863.0000,19005,0,6102466440.000,0,-,-,-,-,2863.0000,2862.8000,2862.6000,2862.4000,2862.2000,2863.4000,2863.6000,2863.8000,2864.0000,2864.4000,6,3,2,2,1,1,5,2,3,1
SF,IH2006,2020-06-17 10:30:10.200,2862.6000,19005,0,6111913920.000,11,5,6,空换,B,2862.4000,2862.2000,2862.0000,2861.8000,2861.6000,2863.0000,2863.4000,2863.6000,2863.8000,2864.0000,1,1,3,3,2,6,6,5,2,3
SF,IH2006,2020-06-17 10:30:10.700,2862.2000,19004,-1,6115348620.000,4,1,3,空平,B,2862.0000,2861.8000,2861.6000,2861.4000,2861.2000,2862.2000,2862.8000,2863.0000,2863.4000,2863.6000,3,3,2,2,2,1,2,6,5,4
SF,IH2006,2020-06-17 10:30:11.200,2862.2000,19001,-3,6117924480.000,3,0,3,双平,B,2862.2000,2862.0000,2861.8000,2861.6000,2861.4000,2862.4000,2862.6000,2862.8000,2863.2000,2863.6000,4,2,4,2,2,1,1,3,4,4
SF,IH2006,2020-06-17 10:30:11.700,2862.0000,18995,-6,6124793640.000,8,1,7,空平,B,2861.8000,2861.6000,2861.4000,2861.2000,2861.0000,2862.0000,2862.2000,2862.6000,2862.8000,2863.2000,3,2,2,2,2,12,2,1,3,4
SF,IH2006,2020-06-17 10:30:12.200,2862.0000,18985,-10,6136814100.000,14,2,12,空平,B,2862.0000,2861.8000,2861.6000,2861.4000,2861.2000,2862.2000,2862.6000,2862.8000,2863.2000,2863.6000,4,3,2,1,2,1,1,2,4,4
SF,IH2006,2020-06-17 10:30:12.700,2862.2000,18984,-1,6137672760.000,1,0,1,双平,B,2862.4000,2862.2000,2862.0000,2861.8000,2861.6000,2862.6000,2862.8000,2863.2000,2863.6000,2863.8000,1,6,2,3,2,1,2,4,4,1
SF,IH2006,2020-06-17 10:30:13.200,2862.4000,18983,-1,6138531480.000,1,0,1,双平,B,2862.2000,2862.0000,2861.8000,2861.6000,2861.4000,2862.4000,2862.8000,2863.2000,2863.6000,2863.8000,5,2,3,2,1,1,2,4,2,1
SF,IH2006,2020-06-17 10:30:13.700,2862.4000,18983,0,6138531480.000,0,-,-,-,-,2862.2000,2862.0000,2861.8000,2861.6000,2861.4000,2862.4000,2862.8000,2863.2000,2863.6000,2863.8000,5,2,3,2,1,1,3,4,2,2
SF,IH2006,2020-06-17 10:30:15.200,2862.2000,18982,-1,6139390140.000,1,0,1,双平,B,2862.2000,2862.0000,2861.8000,2861.6000,2861.4000,2862.4000,2862.6000,2862.8000,2863.2000,2863.6000,4,2,3,2,1,1,1,3,4,2
SF,IH2006,2020-06-17 10:30:16.200,2862.2000,18981,-1,6142824780.000,4,1,3,空平,B,2862.0000,2861.8000,2861.6000,2861.4000,2861.2000,2862.4000,2862.6000,2862.8000,2863.2000,2863.6000,2,3,2,1,2,1,1,3,4,2
SF,IH2006,2020-06-17 10:30:16.700,2862.2000,18981,0,6142824780.000,0,-,-,-,-,2861.8000,2861.6000,2861.4000,2861.2000,2861.0000,2862.4000,2862.6000,2862.8000,2863.2000,2863.6000,3,2,1,2,2,6,1,3,4,2
SF,IH2006,2020-06-17 10:30:17.700,2862.2000,18981,0,6142824780.000,0,-,-,-,-,2861.8000,2861.6000,2861.4000,2861.2000,2861.0000,2862.2000,2862.4000,2862.6000,2862.8000,2863.2000,3,2,1,2,2,2,6,1,3,4
SF,IH2006,2020-06-17 10:30:18.200,2862.2000,18981,0,6142824780.000,0,-,-,-,-,2861.8000,2861.6000,2861.4000,2861.2000,2861.0000,2862.2000,2862.4000,2862.6000,2862.8000,2863.2000,3,2,1,3,2,2,6,1,3,4
SF,IH2006,2020-06-17 10:30:18.700,2862.2000,18981,0,6142824780.000,0,-,-,-,-,2861.8000,2861.6000,2861.4000,2861.2000,2861.0000,2862.0000,2862.2000,2862.4000,2862.6000,2862.8000,3,2,1,3,2,1,2,6,1,3
SF,IH2006,2020-06-17 10:30:19.200,2862.0000,18982,1,6143683380.000,1,1,0,双开,B,2861.8000,2861.6000,2861.4000,2861.2000,2861.0000,2862.2000,2862.4000,2862.6000,2862.8000,2863.2000,3,2,1,3,2,2,6,1,3,4
SF,IH2006,2020-06-17 10:30:19.700,2862.0000,18982,0,6143683380.000,0,-,-,-,-,2862.0000,2861.8000,2861.6000,2861.4000,2861.2000,2862.2000,2862.4000,2862.6000,2862.8000,2863.2000,1,3,2,1,3,2,6,1,3,4
SF,IH2006,2020-06-17 10:30:20.200,2861.8000,18983,1,6147117600.000,4,2,2,多开,B,2861.6000,2861.4000,2861.2000,2861.0000,2860.8000,2862.2000,2862.4000,2862.6000,2862.8000,2863.2000,2,1,3,2,3,2,6,1,3,4
SF,IH2006,2020-06-17 10:30:20.700,2861.8000,18983,0,6147117600.000,0,-,-,-,-,2861.6000,2861.4000,2861.2000,2861.0000,2860.8000,2861.8000,2862.2000,2862.4000,2862.6000,2862.8000,2,1,3,2,3,1,2,6,1,2
SF,IH2006,2020-06-17 10:30:21.200,2861.8000,18981,-2,6149693160.000,3,0,3,空平,B,2861.6000,2861.4000,2861.2000,2861.0000,2860.8000,2862.0000,2862.2000,2862.4000,2862.6000,2862.8000,1,2,3,2,3,1,2,6,1,1
SF,IH2006,2020-06-17 10:30:21.700,2861.6000,18981,0,6150551640.000,1,0,1,空换,B,2861.4000,2861.2000,2861.0000,2860.8000,2860.6000,2862.0000,2862.2000,2862.4000,2862.6000,2862.8000,2,3,2,3,2,1,2,6,1,1
SF,IH2006,2020-06-17 10:30:22.200,2861.6000,18981,0,6150551640.000,0,-,-,-,-,2861.6000,2861.4000,2861.2000,2861.0000,2860.8000,2862.0000,2862.2000,2862.4000,2862.6000,2862.8000,1,5,3,2,3,1,2,6,1,1
SF,IH2006,2020-06-17 10:30:22.700,2861.2000,18975,-6,6159135660.000,10,2,8,空平,B,2861.8000,2861.0000,2860.8000,2860.6000,2860.4000,2862.0000,2862.2000,2862.4000,2862.6000,2862.8000,1,2,3,2,1,1,2,6,1,1
SF,IH2006,2020-06-17 10:30:23.200,2861.8000,18975,0,6159994200.000,1,0,1,空换,B,2861.0000,2860.8000,2860.6000,2860.4000,2860.2000,2861.8000,2862.2000,2862.4000,2862.6000,2862.8000,2,3,2,1,6,2,2,6,1,1
SF,IH2006,2020-06-17 10:30:23.700,2861.2000,18977,2,6161710920.000,2,2,0,双开,B,2861.2000,2861.0000,2860.8000,2860.6000,2860.4000,2861.8000,2862.0000,2862.2000,2862.4000,2862.6000,5,8,3,2,2,2,1,2,6,1
SF,IH2006,2020-06-17 10:30:24.200,2862.0000,18977,0,6164286480.000,3,1,2,空换,B,2861.6000,2861.2000,2861.0000,2860.8000,2860.6000,2862.2000,2862.4000,2862.6000,2862.8000,2863.2000,1,7,7,3,2,2,6,1,1,4
SF,IH2006,2020-06-17 10:30:24.700,2862.0000,18977,0,6164286480.000,0,-,-,-,-,2861.6000,2861.2000,2861.0000,2860.8000,2860.6000,2862.2000,2862.4000,2862.6000,2862.8000,2863.2000,1,5,7,3,2,2,6,1,1,4
SF,IH2006,2020-06-17 10:30:25.200,2862.0000,18977,0,6164286480.000,0,-,-,-,-,2861.8000,2861.6000,2861.2000,2861.0000,2860.8000,2862.2000,2862.4000,2862.6000,2862.8000,2863.2000,1,1,4,7,3,2,6,1,1,4
SF,IH2006,2020-06-17 10:30:25.700,2861.8000,18976,-1,6165145020.000,1,0,1,双平,B,2861.6000,2861.2000,2861.0000,2860.8000,2860.6000,2861.8000,2862.0000,2862.2000,2862.4000,2862.6000,1,4,7,3,2,1,1,2,6,1
SF,IH2006,2020-06-17 10:30:26.200,2861.8000,18976,0,6166003560.000,1,0,1,空换,B,2861.6000,2861.2000,2861.0000,2860.8000,2860.6000,2862.0000,2862.2000,2862.4000,2862.6000,2862.8000,1,4,8,3,2,1,2,6,1,1
SF,IH2006,2020-06-17 10:30:26.700,2861.8000,18976,0,6166003560.000,0,-,-,-,-,2861.6000,2861.2000,2861.0000,2860.8000,2860.6000,2862.0000,2862.2000,2862.4000,2862.6000,2862.8000,1,4,8,3,2,1,2,6,1,1
SF,IH2006,2020-06-17 10:30:27.200,2862.2000,18975,-1,6167720820.000,2,0,2,空平,B,2861.6000,2861.2000,2861.0000,2860.8000,2860.6000,2862.2000,2862.4000,2862.6000,2862.8000,2863.2000,1,4,8,3,2,1,6,1,1,4
SF,IH2006,2020-06-17 10:30:28.700,2862.2000,18975,0,6167720820.000,0,-,-,-,-,2861.6000,2861.2000,2861.0000,2860.8000,2860.6000,2861.8000,2862.2000,2862.4000,2862.6000,2862.8000,1,4,8,3,2,1,1,6,1,1
SF,IH2006,2020-06-17 10:30:29.200,2861.8000,18976,1,6168579360.000,1,1,0,双开,B,2861.6000,2861.2000,2861.0000,2860.8000,2860.6000,2861.8000,2862.2000,2862.4000,2862.6000,2862.8000,1,4,8,3,2,1,1,6,1,1
SF,IH2006,2020-06-17 10:30:29.700,2861.8000,18975,-1,6169437900.000,1,0,1,双平,B,2861.6000,2861.2000,2861.0000,2860.8000,2860.6000,2862.2000,2862.4000,2862.6000,2862.8000,2863.2000,1,4,8,3,2,1,6,1,1,4
SF,IH2006,2020-06-17 10:30:30.200,2861.8000,18975,0,6169437900.000,0,-,-,-,-,2861.6000,2861.2000,2861.0000,2860.8000,2860.6000,2862.0000,2862.2000,2862.4000,2862.6000,2862.8000,1,4,8,3,2,3,1,6,1,1
SF,IH2006,2020-06-17 10:30:30.700,2861.8000,18974,-1,6170296440.000,1,0,1,双平,B,2861.6000,2861.2000,2861.0000,2860.8000,2860.6000,2862.0000,2862.2000,2862.4000,2862.6000,2862.8000,1,4,8,3,2,3,1,6,1,1
SF,IH2006,2020-06-17 10:30:31.200,2862.0000,18975,1,6172872240.000,3,2,1,多开,B,2861.8000,2861.6000,2861.2000,2861.0000,2860.8000,2862.2000,2862.4000,2862.6000,2862.8000,2863.2000,1,2,4,8,3,1,1,1,1,4
SF,IH2006,2020-06-17 10:30:31.700,2862.0000,18975,0,6172872240.000,0,-,-,-,-,2862.0000,2861.8000,2861.6000,2861.2000,2861.0000,2862.2000,2862.4000,2862.6000,2862.8000,2863.2000,3,1,2,4,8,1,1,1,1,4
SF,IH2006,2020-06-17 10:30:32.200,2862.0000,18975,0,6172872240.000,0,-,-,-,-,2862.0000,2861.8000,2861.6000,2861.2000,2861.0000,2862.2000,2862.4000,2862.6000,2862.8000,2863.2000,3,1,2,5,8,1,1,1,1,4
SF,IH2006,2020-06-17 10:30:33.200,2862.0000,18975,0,6172872240.000,0,-,-,-,-,2862.0000,2861.8000,2861.6000,2861.4000,2861.2000,2862.2000,2862.4000,2862.6000,2862.8000,2863.2000,3,1,1,1,5,1,1,1,1,4
SF,IH2006,2020-06-17 10:30:33.700,2862.0000,18975,0,6172872240.000,0,-,-,-,-,2862.0000,2861.8000,2861.6000,2861.4000,2861.2000,2862.4000,2862.6000,2862.8000,2863.2000,2863.6000,3,1,1,1,5,1,1,1,4,2
SF,IH2006,2020-06-17 10:30:34.200,2862.0000,18975,0,6172872240.000,0,-,-,-,-,2862.0000,2861.8000,2861.6000,2861.4000,2861.2000,2862.4000,2862.6000,2862.8000,2863.2000,2863.6000,3,1,1,1,5,1,1,1,4,2
SF,IH2006,2020-06-17 10:30:34.700,2862.4000,18975,0,6173730960.000,1,0,1,空换,B,2862.0000,2861.8000,2861.6000,2861.4000,2861.2000,2862.6000,2862.8000,2863.2000,2863.6000,2863.8000,3,1,2,1,5,1,1,4,2,3
SF,IH2006,2020-06-17 10:30:35.200,2862.4000,18975,0,6173730960.000,0,-,-,-,-,2862.0000,2861.8000,2861.6000,2861.4000,2861.2000,2862.6000,2862.8000,2863.2000,2863.6000,2863.8000,3,2,2,1,5,1,1,4,2,3
SF,IH2006,2020-06-17 10:30:35.700,2862.4000,18975,0,6173730960.000,0,-,-,-,-,2862.0000,2861.8000,2861.6000,2861.4000,2861.2000,2862.6000,2862.8000,2863.2000,2863.6000,2863.8000,3,2,2,1,6,1,1,4,2,3
SF,IH2006,2020-06-17 10:30:36.200,2862.2000,18975,0,6174589620.000,1,0,1,空换,B,2862.0000,2861.8000,2861.6000,2861.4000,2861.2000,2862.6000,2862.8000,2863.2000,2863.6000,2863.8000,4,2,2,1,6,1,1,4,2,3
SF,IH2006,2020-06-17 10:30:36.700,2862.2000,18974,-1,6176306940.000,2,0,2,空平,B,2862.0000,2861.8000,2861.6000,2861.4000,2861.2000,2862.6000,2862.8000,2863.2000,2863.6000,2863.8000,4,2,2,1,6,1,1,4,2,3
SF,IH2006,2020-06-17 10:30:37.200,2862.2000,18974,0,6176306940.000,0,-,-,-,-,2862.0000,2861.8000,2861.6000,2861.4000,2861.2000,2862.6000,2862.8000,2863.2000,2863.6000,2863.8000,4,2,2,1,6,1,1,4,2,3
SF,IH2006,2020-06-17 10:30:37.700,2862.2000,18974,0,6176306940.000,0,-,-,-,-,2862.0000,2861.8000,2861.6000,2861.4000,2861.2000,2862.2000,2862.6000,2862.8000,2863.2000,2863.6000,4,2,2,1,6,1,1,1,4,2
SF,IH2006,2020-06-17 10:30:38.200,2862.2000,18973,-1,6177165600.000,1,0,1,双平,B,2862.2000,2862.0000,2861.8000,2861.6000,2861.4000,2862.6000,2862.8000,2863.2000,2863.6000,2863.8000,1,4,2,2,1,1,1,4,2,3
SF,IH2006,2020-06-17 10:30:38.700,2862.2000,18973,0,6177165600.000,0,-,-,-,-,2862.0000,2861.8000,2861.6000,2861.4000,2861.2000,2862.6000,2862.8000,2863.0000,2863.2000,2863.6000,4,2,2,1,6,6,1,1,4,2
SF,IH2006,2020-06-17 10:30:39.200,2862.0000,18972,-1,6178024200.000,1,0,1,双平,B,2862.0000,2861.8000,2861.6000,2861.4000,2861.2000,2862.6000,2862.8000,2863.0000,2863.2000,2863.6000,3,2,2,1,6,6,1,1,4,2
SF,IH2006,2020-06-17 10:30:39.700,2862.0000,18972,0,6178024200.000,0,-,-,-,-,2862.0000,2861.8000,2861.6000,2861.4000,2861.2000,2862.2000,2862.4000,2862.6000,2862.8000,2863.0000,1,2,2,1,6,8,6,7,1,1
SF,IH2006,2020-06-17 10:30:40.200,2862.0000,18971,-1,6179741400.000,2,0,2,空平,B,2861.8000,2861.6000,2861.4000,2861.2000,2861.0000,2862.0000,2862.4000,2862.6000,2862.8000,2863.0000,2,2,1,6,8,2,5,7,1,1
SF,IH2006,2020-06-17 10:30:40.700,2862.0000,18971,0,6179741400.000,0,-,-,-,-,2861.8000,2861.6000,2861.4000,2861.2000,2861.0000,2862.0000,2862.2000,2862.4000,2862.6000,2862.8000,1,2,1,6,8,2,1,3,7,1
SF,IH2006,2020-06-17 10:30:41.200,2861.8000,18971,0,6180599940.000,1,0,1,空换,B,2861.6000,2861.4000,2861.2000,2861.0000,2860.8000,2862.0000,2862.2000,2862.4000,2862.6000,2862.8000,2,1,6,8,3,2,1,3,7,1
SF,IH2006,2020-06-17 10:30:43.700,2861.2000,18973,2,6184033680.000,4,3,1,多开,B,2861.2000,2861.0000,2860.8000,2860.6000,2860.4000,2861.6000,2861.8000,2862.0000,2862.2000,2862.4000,5,8,3,2,2,3,4,2,1,2
SF,IH2006,2020-06-17 10:30:44.200,2861.2000,18971,-2,6187467120.000,4,1,3,空平,B,2861.0000,2860.8000,2860.6000,2860.4000,2860.2000,2861.6000,2861.8000,2862.0000,2862.2000,2862.4000,6,3,2,2,5,3,3,2,1,2
SF,IH2006,2020-06-17 10:30:44.700,2861.0000,18967,-4,6191758620.000,5,0,5,空平,B,2860.8000,2860.6000,2860.4000,2860.2000,2860.0000,2861.0000,2861.6000,2861.8000,2862.0000,2862.2000,3,2,1,5,1,3,3,3,4,1
SF,IH2006,2020-06-17 10:30:45.200,2861.0000,18963,-4,6195191820.000,4,0,4,双平,B,2861.2000,2861.0000,2860.8000,2860.6000,2860.4000,2861.4000,2861.6000,2861.8000,2862.0000,2862.2000,2,1,3,2,1,1,3,3,4,1
SF,IH2006,2020-06-17 10:30:45.700,2861.0000,18963,0,6195191820.000,0,-,-,-,-,2861.2000,2861.0000,2860.8000,2860.6000,2860.4000,2861.4000,2861.6000,2861.8000,2862.0000,2862.2000,1,4,3,2,1,2,3,3,4,1
SF,IH2006,2020-06-17 10:30:46.200,2861.2000,18962,-1,6196908600.000,2,0,2,空平,B,2861.0000,2860.8000,2860.6000,2860.4000,2860.2000,2861.4000,2861.6000,2861.8000,2862.0000,2862.2000,4,3,2,1,5,3,3,3,4,1
SF,IH2006,2020-06-17 10:30:46.700,2861.0000,18961,-1,6197766900.000,1,0,1,双平,B,2861.0000,2860.8000,2860.6000,2860.4000,2860.2000,2861.4000,2861.6000,2861.8000,2862.0000,2862.2000,3,3,2,1,5,5,3,3,4,1
SF,IH2006,2020-06-17 10:30:47.200,2861.0000,18960,-1,6198625200.000,1,0,1,双平,B,2861.0000,2860.8000,2860.6000,2860.4000,2860.2000,2861.2000,2861.4000,2861.6000,2861.8000,2862.0000,2,3,2,1,5,1,7,3,3,4
SF,IH2006,2020-06-17 10:30:47.700,2860.8000,18958,-2,6203775060.000,6,2,4,空平,B,2860.8000,2860.6000,2860.4000,2860.2000,2860.0000,2861.2000,2861.4000,2861.6000,2861.8000,2862.0000,1,4,1,5,1,4,2,3,3,4
SF,IH2006,2020-06-17 10:30:48.200,2861.2000,18961,3,6207208500.000,4,3,1,多开,B,2860.8000,2860.6000,2860.4000,2860.2000,2860.0000,2861.0000,2861.6000,2861.8000,2862.0000,2862.2000,1,4,1,5,1,3,3,3,2,1
SF,IH2006,2020-06-17 10:30:48.700,2861.0000,18957,-4,6210641700.000,4,0,4,双平,B,2861.0000,2860.8000,2860.6000,2860.4000,2860.2000,2861.6000,2861.8000,2862.0000,2862.2000,2862.4000,9,2,4,1,5,3,3,2,1,1
SF,IH2006,2020-06-17 10:30:49.200,2861.0000,18958,1,6213216600.000,3,2,1,多开,B,2861.0000,2860.8000,2860.6000,2860.4000,2860.2000,2861.6000,2861.8000,2862.0000,2862.2000,2862.4000,3,1,4,1,5,3,3,2,1,1
SF,IH2006,2020-06-17 10:30:49.700,2861.0000,18957,-1,6214074900.000,1,0,1,双平,B,2860.8000,2860.6000,2860.4000,2860.2000,2860.0000,2861.0000,2861.4000,2861.6000,2861.8000,2862.0000,1,4,1,5,1,2,2,8,3,3
SF,IH2006,2020-06-17 10:30:50.200,2860.8000,18955,-2,6215791440.000,2,0,2,双平,B,2860.6000,2860.4000,2860.2000,2860.0000,2859.8000,2860.8000,2861.0000,2861.6000,2861.8000,2862.0000,4,1,5,1,2,1,1,8,3,3
SF,IH2006,2020-06-17 10:30:50.700,2860.8000,18955,0,6216649680.000,1,0,1,空换,B,2860.8000,2860.6000,2860.4000,2860.2000,2860.0000,2861.0000,2861.8000,2862.0000,2862.2000,2862.4000,2,4,1,5,1,1,2,3,1,1
SF,IH2006,2020-06-17 10:30:51.200,2860.8000,18952,-3,6219224400.000,3,0,3,双平,B,2860.6000,2860.4000,2860.2000,2860.0000,2859.8000,2860.8000,2861.0000,2861.8000,2862.0000,2862.2000,4,1,5,1,2,1,1,2,3,1
SF,IH2006,2020-06-17 10:30:51.700,2860.8000,18952,0,6226948680.000,9,4,5,空换,B,2860.6000,2860.4000,2860.2000,2860.0000,2859.8000,2861.8000,2862.0000,2862.2000,2862.4000,2862.6000,5,1,5,1,1,2,3,1,1,2
SF,IH2006,2020-06-17 10:30:52.200,2860.8000,18952,0,6227806920.000,1,0,1,空换,B,2860.8000,2860.6000,2860.4000,2860.2000,2860.0000,2861.0000,2861.6000,2861.8000,2862.0000,2862.2000,6,4,1,5,1,6,8,2,3,1
SF,IH2006,2020-06-17 10:30:52.700,2860.8000,18951,-1,6229523400.000,2,0,2,空平,B,2860.6000,2860.4000,2860.2000,2860.0000,2859.8000,2861.6000,2861.8000,2862.0000,2862.2000,2862.6000,5,1,5,1,1,5,2,3,1,2
SF,IH2006,2020-06-17 10:30:53.200,2860.6000,18951,0,6230381580.000,1,0,1,空换,B,2860.6000,2860.4000,2860.2000,2860.0000,2859.8000,2861.4000,2861.6000,2861.8000,2862.0000,2862.6000,5,1,5,1,1,6,5,2,3,2
SF,IH2006,2020-06-17 10:30:53.700,2860.6000,18951,0,6230381580.000,0,-,-,-,-,2860.6000,2860.4000,2860.2000,2860.0000,2859.8000,2861.2000,2861.4000,2861.6000,2861.8000,2862.0000,6,1,5,1,1,6,6,4,2,3
SF,IH2006,2020-06-17 10:30:54.200,2861.2000,18950,-1,6231239940.000,1,0,1,双平,B,2860.8000,2860.6000,2860.4000,2860.2000,2860.0000,2861.2000,2861.4000,2861.6000,2861.8000,2862.0000,1,4,1,5,1,5,5,4,2,3
SF,IH2006,2020-06-17 10:30:54.700,2860.8000,18950,0,6232098180.000,1,0,1,空换,B,2860.6000,2860.4000,2860.2000,2860.0000,2859.8000,2861.2000,2861.4000,2861.6000,2861.8000,2862.0000,4,1,5,1,1,5,5,4,2,3
SF,IH2006,2020-06-17 10:30:55.200,2860.6000,18950,0,6232956360.000,1,0,1,空换,B,2860.6000,2860.4000,2860.2000,2860.0000,2859.8000,2861.2000,2861.4000,2861.6000,2861.8000,2862.0000,3,1,5,1,1,5,5,4,2,3
SF,IH2006,2020-06-17 10:30:55.700,2860.6000,18950,0,6232956360.000,0,-,-,-,-,2860.6000,2860.4000,2860.2000,2860.0000,2859.8000,2861.2000,2861.4000,2861.6000,2861.8000,2862.0000,4,1,5,1,1,5,5,4,2,3
SF,IH2006,2020-06-17 10:30:56.200,2860.6000,18947,-3,6235530900.000,3,0,3,双平,B,2860.6000,2860.4000,2860.2000,2860.0000,2859.8000,2861.2000,2861.4000,2861.6000,2861.8000,2862.0000,7,1,5,1,1,5,5,4,2,3
SF,IH2006,2020-06-17 10:30:56.700,2860.6000,18947,0,6235530900.000,0,-,-,-,-,2860.6000,2860.4000,2860.2000,2860.0000,2859.8000,2861.2000,2861.4000,2861.6000,2861.8000,2862.0000,5,1,5,1,1,5,2,4,2,3
SF,IH2006,2020-06-17 10:30:57.200,2860.6000,18947,0,6235530900.000,0,-,-,-,-,2861.0000,2860.6000,2860.4000,2860.2000,2860.0000,2861.2000,2861.4000,2861.6000,2861.8000,2862.0000,1,5,1,8,1,5,1,4,2,3
SF,IH2006,2020-06-17 10:30:57.700,2861.0000,18946,-1,6236389200.000,1,0,1,双平,B,2860.6000,2860.4000,2860.2000,2860.0000,2859.8000,2861.2000,2861.4000,2861.6000,2861.8000,2862.0000,5,1,8,1,1,6,1,4,2,3
SF,IH2006,2020-06-17 10:30:58.200,2861.2000,18947,1,6237247560.000,1,1,0,双开,B,2860.8000,2860.6000,2860.4000,2860.2000,2860.0000,2861.2000,2861.4000,2861.6000,2861.8000,2862.0000,1,5,1,8,1,5,1,4,2,3
SF,IH2006,2020-06-17 10:30:58.700,2861.2000,18947,0,6237247560.000,0,-,-,-,-,2860.8000,2860.6000,2860.4000,2860.2000,2860.0000,2861.2000,2861.4000,2861.6000,2861.8000,2862.0000,2,5,1,8,1,6,1,4,2,3
SF,IH2006,2020-06-17 10:30:59.200,2861.2000,18947,0,6237247560.000,0,-,-,-,-,2860.8000,2860.6000,2860.4000,2860.2000,2860.0000,2861.2000,2861.4000,2861.6000,2861.8000,2862.0000,2,5,1,9,1,7,1,4,2,3
SF,IH2006,2020-06-17 10:30:59.700,2861.2000,18947,0,6237247560.000,0,-,-,-,-,2860.8000,2860.6000,2860.4000,2860.2000,2860.0000,2861.2000,2861.4000,2861.6000,2861.8000,2862.0000,3,5,1,9,1,7,1,4,2,3
SF,IH2006,2020-06-17 10:31:00.200,2861.2000,18947,0,6237247560.000,0,-,-,-,-,2860.8000,2860.6000,2860.4000,2860.2000,2860.0000,2861.0000,2861.2000,2861.4000,2861.6000,2861.8000,3,5,1,9,1,1,7,1,4,2
SF,IH2006,2020-06-17 10:31:00.700,2861.0000,18945,-2,6240680580.000,4,1,3,空平,B,2860.6000,2860.4000,2860.2000,2860.0000,2859.8000,2861.0000,2861.2000,2861.4000,2861.6000,2861.8000,5,1,9,1,1,3,4,1,3,2
SF,IH2006,2020-06-17 10:31:01.200,2860.6000,18945,0,6241538760.000,1,0,1,空换,B,2860.6000,2860.4000,2860.2000,2860.0000,2859.8000,2861.0000,2861.2000,2861.4000,2861.6000,2861.8000,4,1,9,1,1,5,4,1,2,2
SF,IH2006,2020-06-17 10:31:01.700,2860.6000,18945,0,6241538760.000,0,-,-,-,-,2860.6000,2860.4000,2860.2000,2860.0000,2859.8000,2860.8000,2861.0000,2861.2000,2861.4000,2861.6000,4,1,9,2,1,1,7,4,1,2
SF,IH2006,2020-06-17 10:31:02.200,2860.8000,18945,0,6242397000.000,1,0,1,空换,B,2860.6000,2860.4000,2860.2000,2860.0000,2859.8000,2860.8000,2861.2000,2861.4000,2861.6000,2861.8000,4,1,9,2,1,7,4,1,2,2
SF,IH2006,2020-06-17 10:31:03.200,2860.8000,18945,0,6242397000.000,0,-,-,-,-,2860.6000,2860.4000,2860.2000,2860.0000,2859.8000,2860.8000,2861.2000,2861.4000,2861.6000,2861.8000,4,1,9,2,1,9,4,1,2,2
SF,IH2006,2020-06-17 10:31:04.200,2860.8000,18944,-1,6244113420.000,2,0,2,空平,B,2860.6000,2860.4000,2860.2000,2860.0000,2859.8000,2860.8000,2861.2000,2861.4000,2861.6000,2861.8000,3,1,9,2,1,8,4,1,2,2
SF,IH2006,2020-06-17 10:31:04.700,2860.8000,18944,0,6244113420.000,0,-,-,-,-,2860.6000,2860.4000,2860.2000,2860.0000,2859.8000,2860.8000,2861.2000,2861.4000,2861.6000,2861.8000,3,1,9,2,1,13,4,1,2,2
SF,IH2006,2020-06-17 10:31:05.200,2860.8000,18944,0,6244113420.000,0,-,-,-,-,2860.6000,2860.4000,2860.2000,2860.0000,2859.8000,2860.8000,2861.2000,2861.4000,2861.6000,2861.8000,12,1,9,2,1,13,4,1,2,2
SF,IH2006,2020-06-17 10:31:05.700,2860.8000,18944,0,6244113420.000,0,-,-,-,-,2860.6000,2860.4000,2860.2000,2860.0000,2859.8000,2860.8000,2861.2000,2861.4000,2861.6000,2861.8000,12,1,9,2,1,13,4,1,2,2
SF,IH2006,2020-06-17 10:31:06.200,2860.8000,18944,0,6244113420.000,0,-,-,-,-,2860.6000,2860.4000,2860.2000,2860.0000,2859.8000,2860.8000,2861.2000,2861.4000,2861.6000,2861.8000,12,1,9,2,1,14,4,1,2,2
SF,IH2006,2020-06-17 10:31:07.200,2860.8000,18944,0,6244113420.000,0,-,-,-,-,2860.6000,2860.4000,2860.2000,2860.0000,2859.8000,2860.8000,2861.2000,2861.4000,2861.6000,2861.8000,12,1,9,2,1,16,4,1,2,2
SF,IH2006,2020-06-17 10:31:08.200,2860.8000,18944,0,6244113420.000,0,-,-,-,-,2860.6000,2860.4000,2860.2000,2860.0000,2859.8000,2860.8000,2861.2000,2861.4000,2861.6000,2861.8000,12,1,9,2,1,17,4,1,2,2
SF,IH2006,2020-06-17 10:31:08.700,2860.8000,18945,1,6244971660.000,1,1,0,双开,B,2860.6000,2860.4000,2860.2000,2860.0000,2859.8000,2860.8000,2861.2000,2861.4000,2861.6000,2861.8000,12,1,9,2,1,16,4,1,2,2
SF,IH2006,2020-06-17 10:31:09.200,2860.8000,18944,-1,6245829900.000,1,0,1,双平,B,2860.6000,2860.4000,2860.2000,2860.0000,2859.8000,2860.8000,2861.2000,2861.4000,2861.6000,2861.8000,12,1,9,2,1,16,4,1,2,2
SF,IH2006,2020-06-17 10:31:09.700,2860.6000,18944,0,6249262680.000,4,2,2,空换,B,2860.6000,2860.4000,2860.2000,2860.0000,2859.8000,2860.8000,2861.2000,2861.4000,2861.6000,2861.8000,9,1,9,2,1,15,4,1,2,2
SF,IH2006,2020-06-17 10:31:10.200,2860.6000,18943,-1,6257844480.000,10,4,6,空平,B,2860.4000,2860.2000,2860.0000,2859.8000,2859.6000,2860.6000,2860.8000,2861.2000,2861.4000,2861.6000,1,9,2,1,3,6,15,4,1,2
SF,IH2006,2020-06-17 10:31:10.700,2860.2000,18941,-2,6262135020.000,5,1,4,空平,B,2860.2000,2860.0000,2859.8000,2859.6000,2859.4000,2860.4000,2860.6000,2861.2000,2861.4000,2861.6000,8,2,1,3,1,3,18,4,1,2
SF,IH2006,2020-06-17 10:31:11.200,2860.2000,18943,2,6264709200.000,3,2,1,多开,B,2860.2000,2860.0000,2859.8000,2859.6000,2859.4000,2860.4000,2860.6000,2861.2000,2861.4000,2861.6000,6,2,1,3,1,10,1,4,1,2
SF,IH2006,2020-06-17 10:31:11.700,2860.4000,18938,-5,6269857680.000,6,0,6,空平,B,2860.2000,2860.0000,2859.8000,2859.6000,2859.4000,2860.4000,2861.2000,2861.4000,2861.6000,2861.8000,2,2,1,3,1,10,4,1,2,1
SF,IH2006,2020-06-17 10:31:12.200,2860.2000,18940,2,6271573800.000,2,2,0,双开,B,2860.0000,2859.8000,2859.6000,2859.4000,2859.2000,2860.2000,2860.4000,2861.2000,2861.4000,2861.6000,2,1,3,1,2,7,10,4,1,2
SF,IH2006,2020-06-17 10:31:12.700,2860.0000,18941,1,6285299640.000,16,8,8,多开,B,2858.6000,2858.4000,2858.2000,2858.0000,2857.8000,2860.0000,2860.2000,2861.2000,2861.4000,2861.6000,1,3,4,5,1,10,5,4,1,2
SF,IH2006,2020-06-17 10:31:13.200,2859.8000,18940,-1,6289589280.000,5,2,3,空平,B,2859.6000,2859.4000,2859.2000,2859.0000,2858.8000,2859.8000,2860.2000,2861.2000,2861.4000,2861.6000,3,11,1,5,8,3,5,4,1,2
SF,IH2006,2020-06-17 10:31:13.700,2859.8000,18938,-2,6298168680.000,10,4,6,空平,B,2860.0000,2859.8000,2859.4000,2858.8000,2858.6000,2860.2000,2861.2000,2861.4000,2861.6000,2861.8000,2,2,1,5,5,5,4,1,1,2
SF,IH2006,2020-06-17 10:31:14.200,2859.8000,18935,-3,6305032320.000,8,2,6,空平,B,2858.8000,2858.6000,2858.4000,2858.2000,2858.0000,2860.0000,2860.2000,2861.2000,2861.4000,2861.8000,5,5,3,4,5,6,5,4,1,1
SF,IH2006,2020-06-17 10:31:14.700,2859.8000,18935,0,6305032320.000,0,-,-,-,-,2859.6000,2859.2000,2859.0000,2858.8000,2858.6000,2859.8000,2860.0000,2860.2000,2861.2000,2861.4000,5,3,12,6,4,1,2,5,4,1
SF,IH2006,2020-06-17 10:31:15.200,2859.0000,18933,-2,6310179420.000,6,2,4,空平,B,2860.0000,2859.0000,2858.8000,2858.6000,2858.4000,2860.2000,2861.2000,2861.4000,2861.8000,2862.0000,1,4,6,4,3,5,4,1,1,1
SF,IH2006,2020-06-17 10:31:15.700,2859.0000,18928,-5,6315326700.000,6,0,6,空平,B,2859.0000,2858.8000,2858.6000,2858.4000,2858.2000,2859.6000,2860.0000,2860.2000,2861.2000,2861.4000,1,6,3,3,4,3,1,5,4,1
SF,IH2006,2020-06-17 10:31:16.200,2859.6000,18925,-3,6318758220.000,4,0,4,空平,B,2859.8000,2859.6000,2859.4000,2859.2000,2859.0000,2860.2000,2861.2000,2861.4000,2861.8000,2862.0000,2,13,2,7,5,5,4,1,1,1
SF,IH2006,2020-06-17 10:31:16.700,2860.0000,18924,-1,6319616220.000,1,0,1,双平,B,2859.8000,2859.6000,2859.2000,2859.0000,2858.8000,2860.2000,2861.2000,2861.4000,2861.8000,2862.0000,2,4,3,3,2,5,4,1,1,1
SF,IH2006,2020-06-17 10:31:17.200,2860.2000,18924,0,6322190220.000,3,1,2,空换,B,2859.6000,2859.2000,2859.0000,2858.8000,2858.6000,2860.2000,2861.2000,2861.4000,2861.8000,2862.0000,2,1,3,2,3,4,4,1,1,1
SF,IH2006,2020-06-17 10:31:17.700,2860.2000,18924,0,6322190220.000,0,-,-,-,-,2859.6000,2859.2000,2859.0000,2858.8000,2858.6000,2860.2000,2861.2000,2861.4000,2861.8000,2862.0000,2,1,3,3,3,4,4,1,1,1
SF,IH2006,2020-06-17 10:31:18.200,2860.2000,18924,0,6322190220.000,0,-,-,-,-,2859.6000,2859.2000,2859.0000,2858.8000,2858.6000,2860.0000,2860.2000,2861.2000,2861.4000,2861.8000,2,1,3,3,3,2,4,4,1,1
SF,IH2006,2020-06-17 10:31:18.700,2860.2000,18924,0,6322190220.000,0,-,-,-,-,2859.6000,2859.2000,2859.0000,2858.8000,2858.6000,2860.0000,2860.2000,2861.2000,2861.4000,2861.8000,2,1,4,3,3,3,4,4,1,1
SF,IH2006,2020-06-17 10:31:19.200,2860.2000,18924,0,6322190220.000,0,-,-,-,-,2859.6000,2859.2000,2859.0000,2858.8000,2858.6000,2860.0000,2860.2000,2861.2000,2861.4000,2861.8000,2,1,4,3,2,3,4,4,1,1
SF,IH2006,2020-06-17 10:31:19.700,2860.2000,18924,0,6322190220.000,0,-,-,-,-,2859.6000,2859.2000,2859.0000,2858.8000,2858.6000,2860.0000,2860.2000,2861.2000,2861.4000,2861.8000,2,1,4,3,2,3,4,4,1,1
SF,IH2006,2020-06-17 10:31:20.200,2859.6000,18922,-2,6323905980.000,2,0,2,双平,B,2859.2000,2859.0000,2858.8000,2858.6000,2858.4000,2859.8000,2860.0000,2860.2000,2861.2000,2861.4000,1,4,3,2,3,1,3,3,4,1
SF,IH2006,2020-06-17 10:31:20.700,2859.6000,18922,0,6323905980.000,0,-,-,-,-,2859.2000,2859.0000,2858.8000,2858.6000,2858.4000,2860.0000,2860.2000,2861.2000,2861.4000,2861.8000,2,3,3,2,3,3,3,4,1,1
SF,IH2006,2020-06-17 10:31:21.200,2859.6000,18922,0,6323905980.000,0,-,-,-,-,2859.2000,2859.0000,2858.8000,2858.6000,2858.4000,2860.0000,2860.2000,2861.2000,2861.4000,2861.8000,2,1,4,2,3,3,4,4,1,1
SF,IH2006,2020-06-17 10:31:21.700,2859.6000,18922,0,6323905980.000,0,-,-,-,-,2859.8000,2859.4000,2859.2000,2859.0000,2858.8000,2860.0000,2860.2000,2861.2000,2861.4000,2861.8000,3,4,2,1,4,3,4,4,1,1
SF,IH2006,2020-06-17 10:31:22.200,2860.0000,18923,1,6325621920.000,2,1,1,多开,B,2859.4000,2859.2000,2859.0000,2858.8000,2858.6000,2860.0000,2860.2000,2861.2000,2861.4000,2861.8000,3,2,3,4,2,7,4,4,1,1
SF,IH2006,2020-06-17 10:31:22.700,2860.0000,18923,0,6325621920.000,0,-,-,-,-,2859.4000,2859.2000,2859.0000,2858.8000,2858.6000,2860.0000,2860.2000,2861.2000,2861.4000,2861.8000,3,3,3,4,2,2,4,4,1,1
SF,IH2006,2020-06-17 10:31:23.200,2860.0000,18923,0,6325621920.000,0,-,-,-,-,2859.4000,2859.2000,2859.0000,2858.8000,2858.6000,2859.8000,2860.0000,2860.2000,2861.2000,2861.4000,3,3,3,4,2,1,2,4,4,1
SF,IH2006,2020-06-17 10:31:23.700,2860.0000,18923,0,6325621920.000,0,-,-,-,-,2859.6000,2859.4000,2859.2000,2859.0000,2858.8000,2859.8000,2860.0000,2860.2000,2861.2000,2861.4000,1,3,3,3,4,1,2,4,4,1
SF,IH2006,2020-06-17 10:31:24.700,2859.8000,18923,0,6326479860.000,1,0,1,空换,B,2859.8000,2859.6000,2859.4000,2859.2000,2859.0000,2860.0000,2860.2000,2860.8000,2861.2000,2861.4000,1,1,2,3,3,2,4,1,4,1
SF,IH2006,2020-06-17 10:31:25.200,2860.0000,18922,-1,6328195860.000,2,0,2,空平,B,2859.8000,2859.6000,2859.4000,2859.2000,2859.0000,2860.2000,2860.8000,2861.2000,2861.4000,2861.8000,1,1,2,3,3,4,1,4,1,1
SF,IH2006,2020-06-17 10:31:25.700,2860.0000,18922,0,6328195860.000,0,-,-,-,-,2859.8000,2859.6000,2859.4000,2859.2000,2859.0000,2860.2000,2860.8000,2861.2000,2861.4000,2861.8000,2,1,2,3,3,4,3,4,1,1
SF,IH2006,2020-06-17 10:31:26.700,2859.8000,18921,-1,6329053800.000,1,0,1,双平,B,2859.8000,2859.6000,2859.4000,2859.2000,2859.0000,2860.2000,2860.8000,2861.2000,2861.4000,2861.8000,1,1,2,3,3,1,3,4,1,1
SF,IH2006,2020-06-17 10:31:27.200,2859.8000,18921,0,6329053800.000,0,-,-,-,-,2859.8000,2859.6000,2859.4000,2859.2000,2859.0000,2860.2000,2860.8000,2861.2000,2861.4000,2861.8000,1,1,2,3,3,6,3,4,1,1
SF,IH2006,2020-06-17 10:31:27.700,2859.8000,18921,0,6329053800.000,0,-,-,-,-,2859.8000,2859.6000,2859.4000,2859.2000,2859.0000,2860.2000,2860.8000,2861.2000,2861.4000,2861.8000,1,1,2,3,3,7,3,4,1,1
SF,IH2006,2020-06-17 10:31:28.200,2859.8000,18921,0,6329053800.000,0,-,-,-,-,2859.8000,2859.6000,2859.4000,2859.2000,2859.0000,2860.2000,2860.8000,2861.2000,2861.4000,2861.8000,1,1,2,4,3,7,3,4,1,1
SF,IH2006,2020-06-17 10:31:28.700,2859.8000,18921,0,6329053800.000,0,-,-,-,-,2859.8000,2859.4000,2859.2000,2859.0000,2858.8000,2860.2000,2860.8000,2861.2000,2861.4000,2861.8000,1,2,4,9,4,7,3,4,1,1
SF,IH2006,2020-06-17 10:31:29.200,2859.8000,18921,0,6329053800.000,0,-,-,-,-,2860.0000,2859.8000,2859.4000,2859.2000,2859.0000,2860.2000,2860.8000,2861.2000,2861.4000,2862.0000,1,1,2,4,8,7,3,4,1,1
SF,IH2006,2020-06-17 10:31:29.700,2859.8000,18921,0,6329053800.000,0,-,-,-,-,2860.0000,2859.8000,2859.4000,2859.2000,2859.0000,2860.2000,2860.8000,2861.2000,2861.4000,2862.0000,1,1,2,4,8,8,3,4,1,1
SF,IH2006,2020-06-17 10:31:30.200,2860.0000,18921,0,6329911800.000,1,0,1,空换,B,2859.8000,2859.4000,2859.2000,2859.0000,2858.8000,2860.0000,2860.2000,2860.8000,2861.2000,2861.4000,1,2,4,8,4,2,8,3,4,1
SF,IH2006,2020-06-17 10:31:30.700,2859.8000,18920,-1,6331627740.000,2,0,2,空平,B,2859.4000,2859.2000,2859.0000,2858.8000,2858.6000,2860.0000,2860.2000,2860.8000,2861.2000,2861.4000,2,4,8,4,1,2,8,3,4,1
SF,IH2006,2020-06-17 10:31:31.200,2859.8000,18920,0,6331627740.000,0,-,-,-,-,2859.4000,2859.2000,2859.0000,2858.8000,2858.6000,2860.0000,2860.2000,2860.8000,2861.2000,2861.4000,3,4,8,4,1,2,8,3,4,1
SF,IH2006,2020-06-17 10:31:31.700,2859.8000,18920,0,6331627740.000,0,-,-,-,-,2859.4000,2859.2000,2859.0000,2858.8000,2858.6000,2860.0000,2860.2000,2860.8000,2861.2000,2861.4000,3,4,8,4,1,1,8,3,4,1
SF,IH2006,2020-06-17 10:31:32.200,2859.8000,18920,0,6331627740.000,0,-,-,-,-,2859.8000,2859.4000,2859.2000,2859.0000,2858.8000,2860.0000,2860.2000,2860.8000,2861.2000,2861.4000,2,3,4,8,4,1,8,3,4,1
SF,IH2006,2020-06-17 10:31:32.700,2859.8000,18920,0,6331627740.000,0,-,-,-,-,2859.4000,2859.2000,2859.0000,2858.8000,2858.6000,2860.0000,2860.2000,2860.8000,2861.2000,2861.4000,3,4,8,4,1,1,8,3,4,1
SF,IH2006,2020-06-17 10:31:33.200,2859.8000,18920,0,6331627740.000,0,-,-,-,-,2859.4000,2859.2000,2859.0000,2858.8000,2858.6000,2860.0000,2860.2000,2860.8000,2861.2000,2861.4000,3,4,8,4,1,1,8,3,4,1
SF,IH2006,2020-06-17 10:31:34.200,2859.8000,18920,0,6331627740.000,0,-,-,-,-,2859.4000,2859.2000,2859.0000,2858.8000,2858.6000,2860.0000,2860.2000,2860.8000,2861.2000,2861.4000,3,4,8,4,1,1,8,3,4,1
SF,IH2006,2020-06-17 10:31:34.700,2859.8000,18920,0,6331627740.000,0,-,-,-,-,2859.4000,2859.2000,2859.0000,2858.8000,2858.6000,2860.0000,2860.2000,2860.8000,2861.2000,2861.4000,3,4,8,3,1,1,8,3,4,1
SF,IH2006,2020-06-17 10:31:35.200,2860.0000,18920,0,6332485740.000,1,0,1,空换,B,2859.4000,2859.2000,2859.0000,2858.8000,2858.6000,2860.2000,2860.8000,2861.2000,2861.4000,2862.0000,3,4,8,3,1,8,3,4,1,1
SF,IH2006,2020-06-17 10:31:35.700,2860.0000,18920,0,6332485740.000,0,-,-,-,-,2859.4000,2859.2000,2859.0000,2858.8000,2858.6000,2860.2000,2860.8000,2861.2000,2861.4000,2862.0000,6,4,8,3,1,9,3,4,1,1
SF,IH2006,2020-06-17 10:31:36.200,2860.0000,18920,0,6332485740.000,0,-,-,-,-,2859.4000,2859.2000,2859.0000,2858.8000,2858.6000,2860.2000,2860.8000,2861.2000,2861.4000,2862.0000,6,4,8,3,1,9,3,4,1,1
SF,IH2006,2020-06-17 10:31:36.700,2860.0000,18920,0,6332485740.000,0,-,-,-,-,2859.4000,2859.2000,2859.0000,2858.8000,2858.6000,2860.2000,2860.8000,2861.2000,2861.4000,2862.0000,6,4,8,3,1,9,3,4,1,1
SF,IH2006,2020-06-17 10:31:37.200,2860.0000,18920,0,6332485740.000,0,-,-,-,-,2859.6000,2859.4000,2859.2000,2859.0000,2858.8000,2860.2000,2860.8000,2861.2000,2861.4000,2862.0000,1,6,4,8,3,9,3,4,1,1
SF,IH2006,2020-06-17 10:31:38.200,2860.0000,18920,0,6332485740.000,0,-,-,-,-,2859.6000,2859.4000,2859.2000,2859.0000,2858.8000,2860.2000,2860.8000,2861.2000,2861.4000,2862.0000,1,6,3,8,3,9,3,4,1,1
SF,IH2006,2020-06-17 10:31:38.700,2860.0000,18920,0,6332485740.000,0,-,-,-,-,2859.6000,2859.4000,2859.2000,2859.0000,2858.8000,2860.2000,2860.8000,2861.2000,2861.4000,2862.0000,1,6,3,8,3,9,3,4,1,1
SF,IH2006,2020-06-17 10:31:39.200,2860.0000,18920,0,6332485740.000,0,-,-,-,-,2859.6000,2859.4000,2859.2000,2859.0000,2858.8000,2860.0000,2860.2000,2860.8000,2861.2000,2861.4000,1,6,3,8,3,3,9,3,4,1
SF,IH2006,2020-06-17 10:31:39.700,2860.0000,18920,0,6332485740.000,0,-,-,-,-,2859.6000,2859.4000,2859.2000,2859.0000,2858.8000,2860.0000,2860.2000,2860.8000,2861.2000,2861.4000,1,4,3,8,3,3,9,3,4,1
SF,IH2006,2020-06-17 10:31:40.200,2860.0000,18920,0,6332485740.000,0,-,-,-,-,2859.6000,2859.4000,2859.2000,2859.0000,2858.8000,2860.0000,2860.2000,2860.8000,2861.2000,2861.4000,1,4,3,8,3,4,8,3,4,1
SF,IH2006,2020-06-17 10:31:40.700,2860.0000,18920,0,6332485740.000,0,-,-,-,-,2859.6000,2859.4000,2859.2000,2859.0000,2858.8000,2860.0000,2860.2000,2860.8000,2861.2000,2861.4000,1,3,3,8,3,1,7,3,4,1
SF,IH2006,2020-06-17 10:31:41.200,2859.6000,18920,0,6333343620.000,1,0,1,空换,B,2859.4000,2859.2000,2859.0000,2858.8000,2858.4000,2860.0000,2860.2000,2860.8000,2861.2000,2861.4000,3,3,8,3,3,4,7,3,4,1
SF,IH2006,2020-06-17 10:31:41.700,2859.6000,18920,0,6333343620.000,0,-,-,-,-,2859.6000,2859.4000,2859.2000,2859.0000,2858.8000,2860.0000,2860.2000,2860.8000,2861.2000,2861.4000,1,3,3,8,3,4,7,3,4,1
SF,IH2006,2020-06-17 10:31:42.200,2859.6000,18920,0,6333343620.000,0,-,-,-,-,2859.6000,2859.4000,2859.2000,2859.0000,2858.8000,2860.0000,2860.2000,2860.8000,2861.2000,2861.4000,1,3,3,8,3,4,7,3,4,1
SF,IH2006,2020-06-17 10:31:42.700,2859.4000,18918,-2,6335059320.000,2,0,2,双平,B,2859.4000,2859.2000,2859.0000,2858.8000,2858.4000,2859.8000,2860.0000,2860.2000,2860.8000,2861.2000,2,3,8,3,3,1,4,7,3,4
SF,IH2006,2020-06-17 10:31:43.200,2859.4000,18918,0,6335059320.000,0,-,-,-,-,2859.4000,2859.2000,2859.0000,2858.8000,2858.4000,2859.8000,2860.0000,2860.2000,2860.8000,2861.2000,2,3,8,3,3,1,4,7,3,4
SF,IH2006,2020-06-17 10:31:43.700,2859.8000,18920,2,6336775200.000,2,2,0,双开,B,2859.6000,2859.4000,2859.2000,2859.0000,2858.8000,2860.0000,2860.2000,2860.8000,2861.2000,2861.4000,6,1,3,7,3,1,7,3,4,1
SF,IH2006,2020-06-17 10:31:44.200,2859.8000,18920,0,6336775200.000,0,-,-,-,-,2859.6000,2859.4000,2859.2000,2859.0000,2858.8000,2860.0000,2860.2000,2860.8000,2861.2000,2861.4000,2,1,3,7,3,1,7,3,4,1
SF,IH2006,2020-06-17 10:31:44.700,2859.8000,18920,0,6336775200.000,0,-,-,-,-,2859.6000,2859.4000,2859.2000,2859.0000,2858.8000,2860.0000,2860.2000,2860.8000,2861.2000,2861.4000,1,1,3,7,3,1,6,3,4,1
SF,IH2006,2020-06-17 10:31:45.200,2859.6000,18921,1,6337633080.000,1,1,0,双开,B,2859.4000,2859.2000,2859.0000,2858.8000,2858.4000,2860.0000,2860.2000,2860.8000,2861.2000,2861.4000,1,3,7,3,3,1,6,3,4,1
SF,IH2006,2020-06-17 10:31:45.700,2859.4000,18921,0,6338490900.000,1,0,1,空换,B,2859.2000,2859.0000,2858.8000,2858.4000,2858.2000,2860.0000,2860.2000,2860.8000,2861.2000,2861.4000,3,7,3,3,4,3,6,3,4,1
SF,IH2006,2020-06-17 10:31:46.200,2859.4000,18921,0,6338490900.000,0,-,-,-,-,2859.2000,2859.0000,2858.8000,2858.4000,2858.2000,2859.8000,2860.0000,2860.2000,2860.8000,2861.2000,3,7,3,3,4,3,3,6,3,4
SF,IH2006,2020-06-17 10:31:46.700,2859.4000,18921,0,6338490900.000,0,-,-,-,-,2859.2000,2859.0000,2858.8000,2858.4000,2858.2000,2859.8000,2860.0000,2860.2000,2860.8000,2861.2000,3,7,3,3,4,7,1,6,3,4
SF,IH2006,2020-06-17 10:31:47.200,2859.8000,18919,-2,6340206720.000,2,0,2,双平,B,2859.2000,2859.0000,2858.8000,2858.4000,2858.2000,2859.8000,2860.0000,2860.2000,2860.8000,2861.2000,3,7,3,3,5,8,1,6,3,4
SF,IH2006,2020-06-17 10:31:47.700,2859.8000,18919,0,6340206720.000,0,-,-,-,-,2859.2000,2859.0000,2858.8000,2858.4000,2858.2000,2859.8000,2860.0000,2860.2000,2860.8000,2861.2000,3,7,3,3,5,8,1,6,3,4
SF,IH2006,2020-06-17 10:31:48.700,2859.2000,18919,0,6341064480.000,1,0,1,空换,B,2859.2000,2859.0000,2858.8000,2858.4000,2858.2000,2859.8000,2860.0000,2860.2000,2860.8000,2861.2000,2,7,3,3,5,8,1,6,3,4
SF,IH2006,2020-06-17 10:31:49.200,2859.2000,18919,0,6341064480.000,0,-,-,-,-,2859.2000,2859.0000,2858.8000,2858.4000,2858.2000,2859.8000,2860.0000,2860.2000,2860.8000,2861.2000,2,7,3,3,5,8,1,6,3,4
SF,IH2006,2020-06-17 10:31:49.700,2859.2000,18919,0,6341064480.000,0,-,-,-,-,2859.4000,2859.2000,2859.0000,2858.8000,2858.4000,2859.8000,2860.0000,2860.2000,2860.8000,2861.2000,2,2,7,3,3,8,1,6,3,4
SF,IH2006,2020-06-17 10:31:50.200,2859.8000,18920,1,6344496240.000,4,2,2,多开,B,2859.6000,2859.4000,2859.2000,2859.0000,2858.8000,2859.8000,2860.0000,2860.2000,2860.8000,2861.2000,4,5,2,7,3,2,1,6,3,4
SF,IH2006,2020-06-17 10:31:50.700,2859.8000,18920,0,6346212120.000,2,1,1,空换,B,2859.4000,2859.2000,2859.0000,2858.8000,2858.4000,2860.0000,2860.2000,2860.8000,2861.2000,2861.4000,3,2,7,3,3,3,6,3,4,1
SF,IH2006,2020-06-17 10:31:51.200,2859.8000,18920,0,6346212120.000,0,-,-,-,-,2859.6000,2859.4000,2859.2000,2859.0000,2858.8000,2860.0000,2860.2000,2860.8000,2861.2000,2861.4000,1,3,3,7,3,3,6,3,4,1
SF,IH2006,2020-06-17 10:31:51.700,2859.6000,18921,1,6347070000.000,1,1,0,双开,B,2859.6000,2859.4000,2859.2000,2859.0000,2858.8000,2860.0000,2860.2000,2860.8000,2861.2000,2861.4000,2,4,3,7,3,3,6,3,4,1
SF,IH2006,2020-06-17 10:31:52.200,2859.6000,18921,0,6347070000.000,0,-,-,-,-,2859.6000,2859.4000,2859.2000,2859.0000,2858.8000,2860.0000,2860.2000,2860.8000,2861.2000,2861.4000,2,4,3,7,3,3,6,3,4,1
SF,IH2006,2020-06-17 10:31:53.700,2859.6000,18921,0,6347070000.000,0,-,-,-,-,2859.6000,2859.4000,2859.2000,2859.0000,2858.8000,2860.0000,2860.2000,2860.8000,2861.2000,2861.4000,2,4,3,7,3,3,6,3,4,1
SF,IH2006,2020-06-17 10:31:54.200,2859.6000,18920,-1,6347927880.000,1,0,1,双平,B,2859.6000,2859.4000,2859.2000,2859.0000,2858.8000,2860.0000,2860.2000,2860.8000,2861.2000,2861.4000,1,4,3,7,3,3,6,3,4,1
SF,IH2006,2020-06-17 10:31:54.700,2859.6000,18920,0,6347927880.000,0,-,-,-,-,2859.6000,2859.4000,2859.2000,2859.0000,2858.8000,2860.0000,2860.2000,2860.8000,2861.2000,2861.4000,1,4,3,7,3,3,6,3,4,1
SF,IH2006,2020-06-17 10:31:55.200,2859.6000,18920,0,6347927880.000,0,-,-,-,-,2859.6000,2859.4000,2859.2000,2859.0000,2858.8000,2860.0000,2860.2000,2860.8000,2861.2000,2861.4000,2,4,3,7,3,3,6,3,4,1
SF,IH2006,2020-06-17 10:31:55.700,2859.8000,18919,-1,6348785820.000,1,0,1,双平,B,2859.6000,2859.4000,2859.2000,2859.0000,2858.8000,2859.8000,2860.0000,2860.2000,2860.8000,2861.2000,2,4,3,7,3,2,3,6,3,4
SF,IH2006,2020-06-17 10:31:56.200,2859.6000,18918,-1,6350501580.000,2,0,2,空平,B,2859.4000,2859.2000,2859.0000,2858.8000,2858.6000,2860.0000,2860.2000,2860.8000,2861.2000,2861.4000,4,3,7,3,1,3,6,3,4,1
SF,IH2006,2020-06-17 10:31:56.700,2859.6000,18918,0,6350501580.000,0,-,-,-,-,2859.4000,2859.2000,2859.0000,2858.8000,2858.6000,2860.0000,2860.2000,2860.8000,2861.2000,2861.4000,5,3,7,3,1,3,6,3,4,1
SF,IH2006,2020-06-17 10:31:57.700,2859.6000,18918,0,6350501580.000,0,-,-,-,-,2859.4000,2859.2000,2859.0000,2858.8000,2858.6000,2860.0000,2860.2000,2860.8000,2861.2000,2861.4000,5,8,7,3,1,3,6,3,4,1
SF,IH2006,2020-06-17 10:31:58.700,2859.6000,18918,0,6350501580.000,0,-,-,-,-,2859.4000,2859.2000,2859.0000,2858.8000,2858.6000,2860.0000,2860.2000,2860.8000,2861.2000,2861.4000,6,8,7,3,1,3,6,3,4,1
SF,IH2006,2020-06-17 10:31:59.200,2859.4000,18917,-1,6351359400.000,1,0,1,双平,B,2859.4000,2859.2000,2859.0000,2858.8000,2858.6000,2860.0000,2860.2000,2860.8000,2861.2000,2861.4000,5,8,7,3,1,3,6,3,4,1
SF,IH2006,2020-06-17 10:31:59.700,2860.0000,18916,-1,6352217400.000,1,0,1,双平,B,2859.4000,2859.2000,2859.0000,2858.8000,2858.6000,2860.0000,2860.2000,2860.8000,2861.2000,2861.4000,5,8,7,3,1,2,6,3,4,1
SF,IH2006,2020-06-17 10:32:00.200,2860.0000,18916,0,6352217400.000,0,-,-,-,-,2859.8000,2859.4000,2859.2000,2859.0000,2858.8000,2860.0000,2860.2000,2860.8000,2861.2000,2861.4000,1,5,7,7,3,2,6,3,4,1
SF,IH2006,2020-06-17 10:32:00.700,2859.8000,18914,-2,6355649160.000,4,1,3,空平,B,2859.4000,2859.2000,2859.0000,2858.8000,2858.6000,2859.8000,2860.0000,2860.2000,2860.8000,2861.2000,3,7,7,3,1,6,9,6,3,4
SF,IH2006,2020-06-17 10:32:01.200,2859.8000,18914,0,6355649160.000,0,-,-,-,-,2859.4000,2859.2000,2859.0000,2858.8000,2858.6000,2859.8000,2860.0000,2860.2000,2860.8000,2861.2000,2,7,7,3,1,4,9,6,3,4
SF,IH2006,2020-06-17 10:32:01.700,2859.8000,18914,0,6355649160.000,0,-,-,-,-,2859.4000,2859.2000,2859.0000,2858.8000,2858.4000,2859.8000,2860.0000,2860.2000,2860.8000,2861.2000,3,8,7,3,2,5,9,6,3,4
SF,IH2006,2020-06-17 10:32:02.200,2859.8000,18913,-1,6358222740.000,3,1,2,空平,B,2859.4000,2859.2000,2859.0000,2858.8000,2858.4000,2859.8000,2860.0000,2860.2000,2860.8000,2861.2000,2,8,7,3,3,5,6,6,3,4
SF,IH2006,2020-06-17 10:32:02.700,2859.8000,18913,0,6358222740.000,0,-,-,-,-,2859.6000,2859.4000,2859.2000,2859.0000,2858.8000,2859.8000,2860.0000,2860.2000,2860.8000,2861.2000,1,2,8,7,3,5,6,6,3,4
SF,IH2006,2020-06-17 10:32:03.200,2859.6000,18913,0,6359080620.000,1,0,1,空换,B,2859.4000,2859.2000,2859.0000,2858.8000,2858.4000,2859.8000,2860.0000,2860.2000,2860.8000,2861.2000,2,8,7,3,3,6,6,6,3,4
SF,IH2006,2020-06-17 10:32:04.700,2859.6000,18913,0,6359080620.000,0,-,-,-,-,2859.4000,2859.2000,2859.0000,2858.8000,2858.4000,2859.8000,2860.0000,2860.2000,2860.8000,2861.2000,2,9,7,3,3,6,6,6,3,4
SF,IH2006,2020-06-17 10:32:05.200,2859.6000,18913,0,6359080620.000,0,-,-,-,-,2859.4000,2859.2000,2859.0000,2858.8000,2858.4000,2859.6000,2859.8000,2860.0000,2860.2000,2860.8000,2,9,7,3,3,1,7,6,6,3
SF,IH2006,2020-06-17 10:32:05.700,2859.6000,18913,0,6359080620.000,0,-,-,-,-,2859.4000,2859.2000,2859.0000,2858.8000,2858.4000,2859.6000,2859.8000,2860.0000,2860.2000,2860.8000,2,9,7,3,3,4,4,6,6,3
SF,IH2006,2020-06-17 10:32:06.200,2859.4000,18913,0,6361654080.000,3,1,2,空换,B,2859.2000,2859.0000,2858.8000,2858.4000,2858.2000,2859.4000,2859.6000,2859.8000,2860.0000,2860.2000,9,7,3,3,4,3,4,4,6,1
SF,IH2006,2020-06-17 10:32:06.700,2859.4000,18913,0,6361654080.000,0,-,-,-,-,2859.2000,2859.0000,2858.8000,2858.4000,2858.2000,2859.4000,2859.8000,2860.0000,2860.2000,2860.8000,9,7,3,3,4,6,4,6,1,3
SF,IH2006,2020-06-17 10:32:07.200,2859.4000,18913,0,6362511900.000,1,0,1,空换,B,2859.2000,2859.0000,2858.8000,2858.4000,2858.2000,2859.4000,2859.8000,2860.0000,2860.2000,2860.8000,9,7,3,3,4,6,4,6,1,3
SF,IH2006,2020-06-17 10:32:07.700,2859.4000,18913,0,6364227540.000,2,1,1,空换,B,2859.2000,2859.0000,2858.8000,2858.4000,2858.2000,2859.4000,2859.8000,2860.0000,2860.2000,2860.8000,9,7,3,3,4,4,4,6,1,3
SF,IH2006,2020-06-17 10:32:08.200,2859.4000,18913,0,6364227540.000,0,-,-,-,-,2859.2000,2859.0000,2858.8000,2858.4000,2858.2000,2859.4000,2859.8000,2860.0000,2860.2000,2860.8000,9,7,3,2,4,4,4,6,1,3
SF,IH2006,2020-06-17 10:32:08.700,2859.4000,18915,2,6367658820.000,4,3,1,多开,B,2859.2000,2859.0000,2858.8000,2858.4000,2858.2000,2859.8000,2860.0000,2860.2000,2860.8000,2861.2000,9,7,3,2,4,4,6,1,3,4
SF,IH2006,2020-06-17 10:32:09.200,2859.4000,18915,0,6367658820.000,0,-,-,-,-,2859.2000,2859.0000,2858.8000,2858.4000,2858.2000,2859.8000,2860.0000,2860.2000,2860.8000,2861.2000,9,7,3,2,5,4,6,1,3,4
SF,IH2006,2020-06-17 10:32:09.700,2859.4000,18915,0,6367658820.000,0,-,-,-,-,2859.2000,2859.0000,2858.8000,2858.4000,2858.2000,2859.8000,2860.0000,2860.2000,2860.8000,2861.2000,9,7,3,2,4,5,6,1,3,4
SF,IH2006,2020-06-17 10:32:10.200,2859.4000,18915,0,6367658820.000,0,-,-,-,-,2859.4000,2859.2000,2859.0000,2858.8000,2858.4000,2859.8000,2860.2000,2860.8000,2861.2000,2861.4000,7,9,7,3,2,3,1,3,4,1
SF,IH2006,2020-06-17 10:32:10.700,2859.4000,18915,0,6367658820.000,0,-,-,-,-,2859.4000,2859.2000,2859.0000,2858.8000,2858.4000,2859.8000,2860.2000,2860.8000,2861.2000,2861.4000,12,9,7,3,2,2,1,3,4,1
SF,IH2006,2020-06-17 10:32:11.200,2859.8000,18909,-6,6373664400.000,7,0,7,空平,B,2859.6000,2859.4000,2859.2000,2859.0000,2858.8000,2860.2000,2860.8000,2861.2000,2861.4000,2861.6000,2,12,9,7,3,1,3,4,1,1
SF,IH2006,2020-06-17 10:32:11.700,2859.8000,18909,0,6373664400.000,0,-,-,-,-,2859.8000,2859.6000,2859.4000,2859.2000,2859.0000,2860.0000,2860.2000,2860.6000,2860.8000,2861.2000,2,3,9,9,7,2,1,1,3,4
SF,IH2006,2020-06-17 10:32:12.200,2859.8000,18908,-1,6375380280.000,2,0,2,空平,B,2859.8000,2859.6000,2859.4000,2859.2000,2859.0000,2860.0000,2860.2000,2860.4000,2860.6000,2860.8000,2,2,9,9,7,2,1,1,1,3
SF,IH2006,2020-06-17 10:32:12.700,2860.0000,18906,-2,6377096280.000,2,0,2,双平,B,2860.0000,2859.8000,2859.6000,2859.4000,2859.2000,2860.2000,2860.4000,2860.6000,2860.8000,2861.2000,1,2,2,9,9,1,1,1,3,4
SF,IH2006,2020-06-17 10:32:13.200,2860.0000,18906,0,6377096280.000,0,-,-,-,-,2859.8000,2859.6000,2859.4000,2859.2000,2859.0000,2860.2000,2860.6000,2860.8000,2861.2000,2861.6000,2,2,7,9,7,1,1,3,4,1
SF,IH2006,2020-06-17 10:32:13.700,2860.2000,18905,-1,6377954340.000,1,0,1,双平,B,2860.2000,2860.0000,2859.8000,2859.6000,2859.4000,2860.6000,2860.8000,2861.2000,2861.6000,2861.8000,1,1,2,2,7,1,3,4,1,3
SF,IH2006,2020-06-17 10:32:14.200,2860.2000,18906,1,6379670460.000,2,1,1,多开,B,2860.0000,2859.8000,2859.6000,2859.4000,2859.2000,2860.6000,2860.8000,2861.2000,2861.6000,2861.8000,1,2,2,7,9,3,3,4,1,3
SF,IH2006,2020-06-17 10:32:15.700,2860.2000,18906,0,6379670460.000,0,-,-,-,-,2860.0000,2859.8000,2859.6000,2859.4000,2859.2000,2860.6000,2860.8000,2861.2000,2861.6000,2861.8000,1,2,2,7,9,1,3,4,1,3
SF,IH2006,2020-06-17 10:32:16.200,2860.2000,18906,0,6379670460.000,0,-,-,-,-,2860.0000,2859.8000,2859.4000,2859.2000,2859.0000,2860.6000,2860.8000,2861.2000,2861.6000,2861.8000,1,2,7,9,7,2,3,4,1,3
SF,IH2006,2020-06-17 10:32:16.700,2860.2000,18906,0,6379670460.000,0,-,-,-,-,2860.0000,2859.8000,2859.4000,2859.2000,2859.0000,2860.4000,2860.6000,2860.8000,2861.2000,2861.6000,1,2,7,9,7,1,9,3,4,1
SF,IH2006,2020-06-17 10:32:17.200,2859.8000,18906,0,6382244340.000,3,1,2,空换,B,2859.6000,2859.4000,2859.2000,2859.0000,2858.8000,2859.8000,2860.0000,2860.2000,2860.4000,2860.6000,1,7,9,7,3,2,9,1,6,9
SF,IH2006,2020-06-17 10:32:17.700,2859.6000,18905,-1,6383102220.000,1,0,1,双平,B,2859.6000,2859.4000,2859.2000,2859.0000,2858.8000,2860.0000,2860.2000,2860.4000,2860.6000,2860.8000,1,7,9,7,3,3,1,3,9,3
SF,IH2006,2020-06-17 10:32:18.200,2859.6000,18904,-1,6383960100.000,1,0,1,双平,B,2859.4000,2859.2000,2859.0000,2858.8000,2858.4000,2860.0000,2860.4000,2860.6000,2860.8000,2861.2000,7,9,7,3,2,5,2,9,3,4
SF,IH2006,2020-06-17 10:32:18.700,2859.6000,18903,-1,6384817980.000,1,0,1,双平,B,2859.6000,2859.4000,2859.2000,2859.0000,2858.8000,2860.0000,2860.4000,2860.6000,2860.8000,2861.2000,1,7,9,7,3,3,2,9,3,4
SF,IH2006,2020-06-17 10:32:19.200,2859.6000,18903,0,6384817980.000,0,-,-,-,-,2859.6000,2859.4000,2859.2000,2859.0000,2858.8000,2860.0000,2860.4000,2860.6000,2860.8000,2861.2000,1,7,9,7,3,3,2,9,3,4
SF,IH2006,2020-06-17 10:32:19.700,2860.0000,18902,-1,6385675980.000,1,0,1,双平,B,2859.6000,2859.4000,2859.2000,2859.0000,2858.8000,2860.0000,2860.4000,2860.6000,2860.8000,2861.2000,1,7,9,7,3,2,2,9,3,4
SF,IH2006,2020-06-17 10:32:20.200,2860.0000,18902,0,6385675980.000,0,-,-,-,-,2859.8000,2859.6000,2859.4000,2859.2000,2859.0000,2860.0000,2860.4000,2860.6000,2860.8000,2861.2000,1,1,7,9,7,2,2,9,3,4
SF,IH2006,2020-06-17 10:32:21.200,2860.0000,18902,0,6385675980.000,0,-,-,-,-,2859.8000,2859.6000,2859.4000,2859.2000,2859.0000,2860.0000,2860.2000,2860.4000,2860.6000,2860.8000,1,1,7,9,7,2,1,2,8,3
SF,IH2006,2020-06-17 10:32:21.700,2859.4000,18901,-1,6388249620.000,3,1,2,空平,B,2859.4000,2859.2000,2859.0000,2858.8000,2858.4000,2859.8000,2860.0000,2860.2000,2860.4000,2860.6000,6,9,7,3,2,2,3,1,2,8
SF,IH2006,2020-06-17 10:32:22.200,2859.4000,18901,0,6388249620.000,0,-,-,-,-,2859.4000,2859.2000,2859.0000,2858.8000,2858.4000,2859.8000,2860.0000,2860.2000,2860.4000,2860.6000,6,9,8,3,2,2,2,1,2,8
SF,IH2006,2020-06-17 10:32:22.700,2860.0000,18897,-4,6391681500.000,4,0,4,双平,B,2860.0000,2859.6000,2859.4000,2859.2000,2859.0000,2860.2000,2860.4000,2860.6000,2860.8000,2861.2000,14,1,6,9,8,1,2,8,3,4
SF,IH2006,2020-06-17 10:32:23.200,2860.0000,18894,-3,6394255500.000,3,0,3,双平,B,2860.0000,2859.6000,2859.4000,2859.2000,2859.0000,2860.2000,2860.4000,2860.6000,2860.8000,2861.2000,11,1,7,9,8,1,2,8,3,4
SF,IH2006,2020-06-17 10:32:23.700,2860.0000,18892,-2,6401119500.000,8,3,5,空平,B,2860.0000,2859.6000,2859.4000,2859.2000,2859.0000,2860.2000,2860.4000,2860.6000,2860.8000,2861.2000,3,1,7,9,8,2,2,10,3,4
SF,IH2006,2020-06-17 10:32:24.200,2860.0000,18889,-3,6403693500.000,3,0,3,双平,B,2859.6000,2859.4000,2859.2000,2859.0000,2858.8000,2860.0000,2860.2000,2860.4000,2860.6000,2860.8000,1,7,9,8,2,6,3,1,10,3
SF,IH2006,2020-06-17 10:32:24.700,2859.6000,18888,-1,6404551380.000,1,0,1,双平,B,2859.4000,2859.2000,2859.0000,2858.8000,2858.4000,2859.6000,2860.0000,2860.2000,2860.4000,2860.6000,7,9,8,2,2,6,4,2,1,10
SF,IH2006,2020-06-17 10:32:25.200,2859.6000,18888,0,6404551380.000,0,-,-,-,-,2859.4000,2859.2000,2859.0000,2858.8000,2858.4000,2859.6000,2859.8000,2860.0000,2860.2000,2860.4000,7,9,8,2,3,6,1,4,2,1
SF,IH2006,2020-06-17 10:32:25.700,2859.4000,18888,0,6407124840.000,3,1,2,空换,B,2859.4000,2859.2000,2859.0000,2858.8000,2858.4000,2859.6000,2859.8000,2860.0000,2860.2000,2860.4000,4,9,8,2,2,7,1,4,2,1
SF,IH2006,2020-06-17 10:32:26.200,2859.2000,18888,0,6411413880.000,5,2,3,空换,B,2859.2000,2859.0000,2858.8000,2858.4000,2858.2000,2859.6000,2859.8000,2860.0000,2860.2000,2860.4000,8,8,2,2,3,7,1,4,2,1
SF,IH2006,2020-06-17 10:32:27.200,2859.2000,18888,0,6411413880.000,0,-,-,-,-,2859.2000,2859.0000,2858.8000,2858.4000,2858.2000,2859.6000,2859.8000,2860.0000,2860.2000,2860.4000,8,8,2,2,3,7,1,4,2,1
SF,IH2006,2020-06-17 10:32:27.700,2859.2000,18882,-6,6416560440.000,6,0,6,双平,B,2859.2000,2859.0000,2858.8000,2858.4000,2858.2000,2859.6000,2859.8000,2860.0000,2860.2000,2860.4000,2,8,2,2,3,1,1,4,2,1
SF,IH2006,2020-06-17 10:32:28.200,2859.2000,18881,-1,6417418200.000,1,0,1,双平,B,2859.2000,2859.0000,2858.8000,2858.4000,2858.2000,2859.6000,2859.8000,2860.0000,2860.2000,2860.4000,1,8,2,2,3,1,1,4,2,1
SF,IH2006,2020-06-17 10:32:28.700,2859.2000,18881,0,6418275960.000,1,0,1,空换,B,2859.0000,2858.8000,2858.4000,2858.2000,2858.0000,2859.2000,2859.6000,2859.8000,2860.0000,2860.2000,8,2,2,3,3,1,1,1,4,2
SF,IH2006,2020-06-17 10:32:29.200,2859.2000,18882,1,6419133720.000,1,1,0,双开,B,2859.2000,2859.0000,2858.4000,2858.2000,2858.0000,2859.6000,2859.8000,2860.0000,2860.2000,2860.4000,4,8,2,3,3,2,1,2,2,1
SF,IH2006,2020-06-17 10:32:29.700,2859.2000,18882,0,6419133720.000,0,-,-,-,-,2859.2000,2859.0000,2858.4000,2858.2000,2858.0000,2859.6000,2859.8000,2860.0000,2860.2000,2860.4000,3,8,2,3,3,1,1,2,2,1
SF,IH2006,2020-06-17 10:32:30.200,2859.6000,18881,-1,6420849480.000,2,0,2,空平,B,2859.6000,2859.2000,2859.0000,2858.4000,2858.2000,2859.8000,2860.0000,2860.2000,2860.4000,2860.6000,2,1,8,2,3,2,2,2,1,7
SF,IH2006,2020-06-17 10:32:30.700,2859.2000,18880,-1,6423423000.000,3,1,2,空平,B,2859.0000,2858.4000,2858.2000,2858.0000,2857.2000,2859.2000,2859.4000,2859.6000,2859.8000,2860.0000,8,2,3,3,1,1,4,21,6,4
SF,IH2006,2020-06-17 10:32:31.200,2859.2000,18877,-3,6426853920.000,4,0,4,空平,B,2859.0000,2858.4000,2858.2000,2858.0000,2857.2000,2859.6000,2859.8000,2860.0000,2860.2000,2860.4000,6,2,3,4,1,6,5,4,1,1
SF,IH2006,2020-06-17 10:32:31.700,2859.4000,18876,-1,6427711740.000,1,0,1,双平,B,2859.0000,2858.4000,2858.2000,2858.0000,2857.2000,2859.6000,2859.8000,2860.0000,2860.2000,2860.4000,6,2,3,4,1,6,5,5,1,1
SF,IH2006,2020-06-17 10:32:32.200,2859.4000,18876,0,6427711740.000,0,-,-,-,-,2859.0000,2858.4000,2858.2000,2858.0000,2857.2000,2859.6000,2859.8000,2860.0000,2860.2000,2860.6000,8,2,3,4,1,6,5,5,1,7
SF,IH2006,2020-06-17 10:32:32.700,2859.4000,18876,0,6427711740.000,0,-,-,-,-,2859.0000,2858.4000,2858.2000,2858.0000,2857.2000,2859.6000,2859.8000,2860.0000,2860.2000,2860.6000,8,2,3,4,1,6,5,5,1,8
SF,IH2006,2020-06-17 10:32:36.700,2859.4000,18876,0,6427711740.000,0,-,-,-,-,2859.0000,2858.4000,2858.2000,2858.0000,2857.2000,2859.6000,2859.8000,2860.0000,2860.2000,2860.6000,8,2,3,4,1,6,5,5,1,8
SF,IH2006,2020-06-17 10:32:37.200,2859.4000,18876,0,6427711740.000,0,-,-,-,-,2859.0000,2858.4000,2858.2000,2858.0000,2857.2000,2859.6000,2859.8000,2860.0000,2860.2000,2860.6000,8,2,3,4,1,11,5,5,1,8
SF,IH2006,2020-06-17 10:32:37.700,2859.4000,18876,0,6427711740.000,0,-,-,-,-,2859.0000,2858.4000,2858.2000,2858.0000,2857.2000,2859.4000,2859.6000,2859.8000,2860.0000,2860.2000,8,2,3,4,1,1,11,5,5,1
SF,IH2006,2020-06-17 10:32:38.200,2859.4000,18877,1,6428569560.000,1,1,0,双开,B,2859.0000,2858.4000,2858.2000,2858.0000,2857.2000,2859.6000,2859.8000,2860.0000,2860.2000,2860.6000,8,2,3,4,1,9,5,5,1,8
SF,IH2006,2020-06-17 10:32:39.700,2859.6000,18877,0,6429427440.000,1,0,1,空换,B,2859.0000,2858.4000,2858.2000,2858.0000,2857.2000,2859.6000,2859.8000,2860.0000,2860.2000,2860.4000,8,2,3,4,1,8,5,5,1,1
SF,IH2006,2020-06-17 10:32:40.200,2859.6000,18877,0,6429427440.000,0,-,-,-,-,2859.0000,2858.4000,2858.2000,2858.0000,2857.2000,2859.6000,2859.8000,2860.0000,2860.2000,2860.4000,8,2,3,4,1,8,5,5,1,1
SF,IH2006,2020-06-17 10:32:43.200,2859.6000,18877,0,6429427440.000,0,-,-,-,-,2859.2000,2859.0000,2858.4000,2858.2000,2858.0000,2859.6000,2859.8000,2860.0000,2860.2000,2860.4000,1,8,2,3,4,8,5,5,1,1
SF,IH2006,2020-06-17 10:32:43.700,2859.6000,18877,0,6429427440.000,0,-,-,-,-,2859.2000,2859.0000,2858.4000,2858.2000,2858.0000,2859.6000,2859.8000,2860.0000,2860.2000,2860.4000,1,8,2,3,4,8,5,5,1,1
SF,IH2006,2020-06-17 10:32:45.200,2859.6000,18876,-1,6430285320.000,1,0,1,双平,B,2859.0000,2858.4000,2858.2000,2858.0000,2857.2000,2859.6000,2859.8000,2860.0000,2860.2000,2860.4000,8,2,3,4,1,7,5,5,1,1
SF,IH2006,2020-06-17 10:32:45.700,2859.6000,18876,0,6430285320.000,0,-,-,-,-,2859.0000,2858.4000,2858.2000,2858.0000,2857.2000,2859.6000,2859.8000,2860.0000,2860.2000,2860.4000,9,2,3,3,1,7,5,5,1,1
SF,IH2006,2020-06-17 10:32:46.200,2859.6000,18876,0,6430285320.000,0,-,-,-,-,2859.0000,2858.4000,2858.2000,2858.0000,2857.2000,2859.2000,2859.6000,2859.8000,2860.0000,2860.2000,10,2,3,3,1,2,10,5,5,1
SF,IH2006,2020-06-17 10:32:46.700,2859.0000,18874,-2,6432000720.000,2,0,2,双平,B,2859.0000,2858.4000,2858.2000,2858.0000,2857.2000,2859.6000,2859.8000,2860.0000,2860.2000,2860.4000,8,2,3,3,1,9,5,5,1,1
SF,IH2006,2020-06-17 10:32:47.200,2859.0000,18874,0,6432000720.000,0,-,-,-,-,2859.0000,2858.4000,2858.2000,2858.0000,2857.2000,2859.6000,2859.8000,2860.0000,2860.2000,2860.4000,8,2,3,3,1,9,5,5,1,1
SF,IH2006,2020-06-17 10:32:47.700,2859.0000,18874,0,6432000720.000,0,-,-,-,-,2859.0000,2858.4000,2858.2000,2858.0000,2857.2000,2859.2000,2859.6000,2859.8000,2860.0000,2860.2000,8,2,3,3,1,2,10,5,5,1
SF,IH2006,2020-06-17 10:32:48.200,2859.0000,18872,-2,6437147100.000,6,2,4,空平,B,2859.0000,2858.4000,2858.2000,2858.0000,2857.2000,2859.2000,2859.4000,2859.6000,2859.8000,2860.0000,3,2,3,3,1,1,2,8,5,3
SF,IH2006,2020-06-17 10:32:48.700,2859.0000,18872,0,6437147100.000,0,-,-,-,-,2859.0000,2858.4000,2858.2000,2858.0000,2857.2000,2859.2000,2859.4000,2859.6000,2859.8000,2860.0000,3,2,3,3,1,4,2,8,2,3
SF,IH2006,2020-06-17 10:32:49.200,2859.0000,18872,0,6437147100.000,0,-,-,-,-,2859.0000,2858.4000,2858.2000,2858.0000,2857.2000,2859.2000,2859.4000,2859.6000,2859.8000,2860.0000,3,2,3,3,1,4,2,9,2,3
SF,IH2006,2020-06-17 10:32:49.700,2859.0000,18872,0,6437147100.000,0,-,-,-,-,2859.0000,2858.4000,2858.2000,2858.0000,2857.2000,2859.2000,2859.4000,2859.6000,2859.8000,2860.0000,3,2,4,3,1,4,2,9,2,3
SF,IH2006,2020-06-17 10:32:50.200,2859.0000,18872,0,6437147100.000,0,-,-,-,-,2859.0000,2858.4000,2858.2000,2858.0000,2857.2000,2859.2000,2859.4000,2859.6000,2859.8000,2860.0000,3,2,4,3,1,4,2,9,2,2
SF,IH2006,2020-06-17 10:32:50.700,2859.0000,18873,1,6439720200.000,3,2,1,多开,B,2858.4000,2858.2000,2858.0000,2857.2000,2856.8000,2859.0000,2859.2000,2859.4000,2859.6000,2859.8000,2,4,3,1,1,3,4,2,9,2
SF,IH2006,2020-06-17 10:32:51.200,2859.0000,18873,0,6442293300.000,3,1,2,空换,B,2858.6000,2858.4000,2858.2000,2858.0000,2857.4000,2859.0000,2859.2000,2859.4000,2859.6000,2859.8000,5,3,4,3,1,1,3,2,9,2
SF,IH2006,2020-06-17 10:32:51.700,2859.0000,18873,0,6443151000.000,1,0,1,空换,B,2859.0000,2858.6000,2858.4000,2858.2000,2858.0000,2859.2000,2859.4000,2859.6000,2859.8000,2860.0000,2,5,3,4,3,3,2,9,2,2
SF,IH2006,2020-06-17 10:32:52.200,2859.0000,18872,-1,6444008700.000,1,0,1,双平,B,2859.0000,2858.6000,2858.4000,2858.2000,2858.0000,2859.2000,2859.4000,2859.6000,2859.8000,2860.0000,1,5,3,4,3,3,2,9,2,2
SF,IH2006,2020-06-17 10:32:52.700,2859.0000,18872,0,6444008700.000,0,-,-,-,-,2858.6000,2858.4000,2858.2000,2858.0000,2857.4000,2859.2000,2859.4000,2859.6000,2859.8000,2860.0000,5,3,4,3,1,3,2,9,2,2
SF,IH2006,2020-06-17 10:32:53.200,2858.6000,18873,1,6445723860.000,2,1,1,多开,B,2858.6000,2858.4000,2858.2000,2858.0000,2857.4000,2859.4000,2859.6000,2859.8000,2860.0000,2860.2000,3,3,4,3,1,2,9,2,2,1
SF,IH2006,2020-06-17 10:32:53.700,2858.6000,18873,0,6445723860.000,0,-,-,-,-,2858.6000,2858.4000,2858.2000,2858.0000,2857.4000,2858.8000,2859.2000,2859.4000,2859.6000,2859.8000,5,3,4,3,1,8,2,5,9,2
SF,IH2006,2020-06-17 10:32:54.200,2858.6000,18873,0,6445723860.000,0,-,-,-,-,2858.8000,2858.6000,2858.4000,2858.2000,2858.0000,2859.2000,2859.4000,2859.6000,2859.8000,2860.0000,1,5,3,4,3,1,5,8,2,2
SF,IH2006,2020-06-17 10:32:54.700,2858.8000,18872,-1,6447439140.000,2,0,2,空平,B,2858.6000,2858.4000,2858.2000,2858.0000,2857.4000,2858.8000,2859.2000,2859.4000,2859.6000,2859.8000,4,3,4,3,1,1,1,5,8,2
SF,IH2006,2020-06-17 10:32:55.200,2858.8000,18871,-1,6448296780.000,1,0,1,双平,B,2858.8000,2858.6000,2858.4000,2858.2000,2858.0000,2859.2000,2859.4000,2859.6000,2859.8000,2860.0000,1,4,3,4,3,2,5,8,2,2
SF,IH2006,2020-06-17 10:32:55.700,2858.6000,18873,2,6451727160.000,4,3,1,多开,B,2858.6000,2858.4000,2858.2000,2858.0000,2857.4000,2858.8000,2859.0000,2859.2000,2859.4000,2859.6000,1,3,4,3,1,9,1,5,5,3
SF,IH2006,2020-06-17 10:32:56.200,2858.6000,18873,0,6451727160.000,0,-,-,-,-,2858.6000,2858.4000,2858.2000,2858.0000,2857.4000,2858.8000,2859.0000,2859.2000,2859.4000,2859.6000,1,3,4,3,1,5,1,5,6,3
SF,IH2006,2020-06-17 10:32:56.700,2858.8000,18873,0,6456014940.000,5,2,3,空换,B,2858.2000,2858.0000,2857.4000,2857.2000,2856.8000,2858.8000,2859.0000,2859.2000,2859.4000,2859.6000,4,3,1,1,1,4,1,5,6,3
SF,IH2006,2020-06-17 10:32:57.200,2858.8000,18874,1,6456872580.000,1,1,0,双开,B,2858.2000,2858.0000,2857.4000,2857.2000,2856.8000,2858.8000,2859.2000,2859.4000,2859.6000,2859.8000,4,3,1,1,1,3,5,6,3,2
SF,IH2006,2020-06-17 10:32:57.700,2858.8000,18874,0,6459445500.000,3,1,2,空换,B,2858.8000,2858.4000,2858.2000,2858.0000,2857.4000,2859.2000,2859.4000,2859.6000,2859.8000,2860.0000,2,1,4,3,1,5,5,3,2,3
SF,IH2006,2020-06-17 10:32:58.200,2858.4000,18871,-3,6462018300.000,3,0,3,双平,B,2858.2000,2858.0000,2857.4000,2857.2000,2856.8000,2858.6000,2858.8000,2859.0000,2859.2000,2859.4000,4,3,1,1,1,4,16,7,5,5
SF,IH2006,2020-06-17 10:32:58.700,2858.2000,18872,1,6463733340.000,2,1,1,多开,B,2858.2000,2858.0000,2857.4000,2857.2000,2856.8000,2858.6000,2858.8000,2859.0000,2859.2000,2859.4000,4,3,1,1,1,1,3,3,7,5
SF,IH2006,2020-06-17 10:32:59.200,2858.2000,18872,0,6463733340.000,0,-,-,-,-,2858.6000,2858.2000,2858.0000,2857.4000,2857.2000,2858.8000,2859.0000,2859.2000,2859.4000,2859.6000,1,4,3,1,1,3,3,7,5,3
SF,IH2006,2020-06-17 10:32:59.700,2858.6000,18872,0,6464590920.000,1,0,1,空换,B,2858.2000,2858.0000,2857.4000,2857.2000,2856.8000,2858.6000,2858.8000,2859.0000,2859.2000,2859.4000,4,3,1,1,1,2,3,3,7,5
SF,IH2006,2020-06-17 10:33:00.200,2858.6000,18872,0,6466306080.000,2,1,1,空换,B,2858.2000,2858.0000,2857.4000,2857.2000,2856.8000,2858.8000,2859.0000,2859.2000,2859.4000,2859.6000,4,3,1,1,1,3,3,7,5,3
SF,IH2006,2020-06-17 10:33:00.700,2858.2000,18873,1,6469735920.000,4,2,2,多开,B,2858.0000,2857.4000,2857.2000,2856.8000,2856.6000,2858.2000,2858.4000,2858.6000,2858.8000,2859.0000,3,1,1,1,2,7,3,1,6,3
SF,IH2006,2020-06-17 10:33:01.200,2858.2000,18872,-1,6476595600.000,8,3,5,空平,B,2858.0000,2857.4000,2857.2000,2856.8000,2856.6000,2858.2000,2858.4000,2858.8000,2859.0000,2859.2000,4,1,1,1,2,2,3,6,1,2
SF,IH2006,2020-06-17 10:33:01.700,2858.0000,18873,1,6480025320.000,4,2,2,多开,B,2858.0000,2857.4000,2857.2000,2856.8000,2856.6000,2858.2000,2858.4000,2858.8000,2859.0000,2859.2000,2,1,1,1,2,1,3,6,1,2
SF,IH2006,2020-06-17 10:33:02.200,2858.0000,18873,0,6480025320.000,0,-,-,-,-,2858.0000,2857.4000,2857.2000,2856.8000,2856.6000,2858.2000,2858.4000,2858.8000,2859.0000,2859.2000,1,1,1,1,2,1,3,7,1,2
SF,IH2006,2020-06-17 10:33:02.700,2858.4000,18873,0,6481740300.000,2,1,1,空换,B,2858.2000,2858.0000,2857.4000,2857.2000,2856.8000,2858.4000,2858.8000,2859.0000,2859.2000,2859.4000,1,1,1,1,1,2,7,1,2,1
SF,IH2006,2020-06-17 10:33:03.200,2858.4000,18873,0,6483455340.000,2,1,1,空换,B,2858.4000,2858.2000,2858.0000,2857.4000,2857.2000,2858.6000,2858.8000,2859.0000,2859.2000,2859.4000,5,3,1,1,1,1,7,1,1,1
SF,IH2006,2020-06-17 10:33:03.700,2858.6000,18871,-2,6486885660.000,4,1,3,空平,B,2858.6000,2858.4000,2858.2000,2858.0000,2857.2000,2858.8000,2859.0000,2859.2000,2859.4000,2859.6000,3,4,3,1,1,4,1,1,1,3
SF,IH2006,2020-06-17 10:33:04.200,2858.8000,18865,-6,6492031500.000,6,0,6,双平,B,2858.6000,2858.4000,2858.2000,2858.0000,2857.2000,2859.0000,2859.2000,2859.4000,2859.6000,2859.8000,3,3,3,1,1,1,1,1,3,1
SF,IH2006,2020-06-17 10:33:04.700,2859.0000,18863,-2,6493746900.000,2,0,2,双平,B,2858.8000,2858.6000,2858.4000,2858.2000,2858.0000,2859.4000,2859.6000,2859.8000,2860.0000,2860.4000,2,2,3,3,1,1,3,1,3,1
SF,IH2006,2020-06-17 10:33:05.200,2859.4000,18862,-1,6495462420.000,2,0,2,空平,B,2859.0000,2858.8000,2858.6000,2858.4000,2858.2000,2859.6000,2859.8000,2860.0000,2860.4000,2860.6000,3,6,1,3,4,3,1,3,1,3
SF,IH2006,2020-06-17 10:33:05.700,2859.4000,18862,0,6495462420.000,0,-,-,-,-,2859.0000,2858.8000,2858.6000,2858.2000,2858.0000,2859.4000,2859.6000,2859.8000,2860.0000,2860.4000,3,4,1,4,1,1,3,1,3,1
SF,IH2006,2020-06-17 10:33:06.200,2858.8000,18865,3,6501466260.000,7,5,2,多开,B,2859.4000,2858.8000,2858.6000,2858.2000,2858.0000,2859.6000,2859.8000,2860.0000,2860.4000,2860.6000,1,1,1,4,1,3,1,3,1,3
SF,IH2006,2020-06-17 10:33:06.700,2859.4000,18865,0,6502324080.000,1,0,1,空换,B,2858.8000,2858.6000,2858.2000,2858.0000,2857.2000,2859.0000,2859.2000,2859.4000,2859.6000,2859.8000,1,1,4,1,1,16,6,8,3,1
SF,IH2006,2020-06-17 10:33:07.200,2859.4000,18865,0,6502324080.000,0,-,-,-,-,2858.8000,2858.6000,2858.2000,2858.0000,2857.2000,2859.2000,2859.4000,2859.6000,2860.0000,2860.4000,1,1,5,1,1,1,9,3,3,1
SF,IH2006,2020-06-17 10:33:07.700,2859.4000,18865,0,6502324080.000,0,-,-,-,-,2858.8000,2858.6000,2858.2000,2858.0000,2857.2000,2859.2000,2859.4000,2859.6000,2860.0000,2860.4000,1,1,4,1,1,1,9,3,3,1
SF,IH2006,2020-06-17 10:33:08.200,2858.8000,18864,-1,6503181720.000,1,0,1,双平,B,2858.6000,2858.2000,2858.0000,2857.2000,2856.8000,2858.8000,2859.2000,2859.4000,2859.6000,2860.0000,1,4,1,1,1,2,1,9,3,3
SF,IH2006,2020-06-17 10:33:08.700,2858.8000,18865,1,6505754640.000,3,2,1,多开,B,2858.2000,2858.0000,2857.2000,2856.8000,2856.6000,2859.2000,2859.4000,2859.6000,2860.0000,2860.4000,4,1,1,1,2,1,8,3,3,1
SF,IH2006,2020-06-17 10:33:09.200,2858.8000,18865,0,6505754640.000,0,-,-,-,-,2858.4000,2858.2000,2858.0000,2857.2000,2856.8000,2859.0000,2859.2000,2859.4000,2859.6000,2860.0000,2,4,1,2,1,2,3,6,3,3
SF,IH2006,2020-06-17 10:33:09.700,2858.8000,18865,0,6505754640.000,0,-,-,-,-,2858.4000,2858.2000,2858.0000,2857.2000,2856.8000,2859.0000,2859.2000,2859.4000,2859.6000,2860.0000,3,4,1,2,1,2,2,6,3,3
SF,IH2006,2020-06-17 10:33:10.200,2858.8000,18865,0,6505754640.000,0,-,-,-,-,2858.4000,2858.2000,2858.0000,2857.2000,2856.8000,2858.8000,2859.0000,2859.2000,2859.4000,2859.6000,1,4,1,2,1,1,2,2,6,3
SF,IH2006,2020-06-17 10:33:10.700,2858.8000,18865,0,6506612280.000,1,0,1,空换,B,2858.4000,2858.2000,2858.0000,2857.2000,2856.8000,2858.8000,2859.0000,2859.2000,2859.4000,2859.6000,1,4,1,2,1,2,2,2,6,3
SF,IH2006,2020-06-17 10:33:11.200,2858.8000,18865,0,6506612280.000,0,-,-,-,-,2858.4000,2858.2000,2858.0000,2857.2000,2856.8000,2858.8000,2859.0000,2859.2000,2859.4000,2859.6000,1,4,1,2,1,3,2,2,6,3
SF,IH2006,2020-06-17 10:33:11.700,2858.4000,18864,-1,6507469800.000,1,0,1,双平,B,2858.2000,2858.0000,2857.2000,2856.8000,2856.6000,2858.4000,2858.8000,2859.0000,2859.2000,2859.4000,4,1,2,1,2,2,3,2,2,6
SF,IH2006,2020-06-17 10:33:12.200,2858.4000,18864,0,6507469800.000,0,-,-,-,-,2858.2000,2858.0000,2857.2000,2856.8000,2856.6000,2858.4000,2858.8000,2859.0000,2859.2000,2859.4000,3,1,2,1,2,2,3,2,2,6
SF,IH2006,2020-06-17 10:33:12.700,2858.4000,18864,0,6507469800.000,0,-,-,-,-,2858.2000,2858.0000,2857.2000,2856.8000,2856.6000,2858.4000,2858.8000,2859.0000,2859.2000,2859.4000,3,1,2,1,2,4,2,2,2,6
SF,IH2006,2020-06-17 10:33:13.200,2858.2000,18863,-1,6508327260.000,1,0,1,双平,B,2858.2000,2858.0000,2857.2000,2856.8000,2856.6000,2858.4000,2858.8000,2859.0000,2859.2000,2859.4000,2,1,2,1,2,4,1,2,2,6
SF,IH2006,2020-06-17 10:33:13.700,2858.2000,18863,0,6510042180.000,2,1,1,空换,B,2858.0000,2857.2000,2856.8000,2856.6000,2856.2000,2858.2000,2858.4000,2858.8000,2859.0000,2859.2000,1,2,1,2,2,4,4,1,2,2
SF,IH2006,2020-06-17 10:33:14.200,2858.0000,18864,1,6511756980.000,2,1,1,多开,B,2857.2000,2856.8000,2856.6000,2856.2000,2856.0000,2858.2000,2858.4000,2858.8000,2859.0000,2859.2000,2,1,2,2,10,4,4,1,2,2
SF,IH2006,2020-06-17 10:33:14.700,2857.4000,18861,-3,6515185860.000,4,0,4,空平,B,2857.8000,2857.4000,2857.2000,2856.8000,2856.6000,2858.2000,2858.4000,2858.8000,2859.0000,2859.2000,1,3,4,1,2,4,4,1,2,2
SF,IH2006,2020-06-17 10:33:15.200,2858.0000,18860,-1,6516900660.000,2,0,2,空平,B,2858.0000,2857.8000,2857.6000,2857.4000,2857.2000,2858.2000,2858.4000,2858.8000,2859.0000,2859.2000,1,1,1,2,4,4,4,1,2,2
SF,IH2006,2020-06-17 10:33:15.700,2858.2000,18860,0,6517758120.000,1,0,1,空换,B,2858.0000,2857.8000,2857.6000,2857.4000,2857.2000,2858.2000,2858.4000,2858.8000,2859.0000,2859.2000,1,1,1,2,4,3,4,1,2,2
SF,IH2006,2020-06-17 10:33:16.200,2858.0000,18859,-1,6520330440.000,3,1,2,空平,B,2857.8000,2857.6000,2857.4000,2857.2000,2856.8000,2858.2000,2858.4000,2858.8000,2859.0000,2859.2000,1,1,2,4,1,1,4,1,2,2
SF,IH2006,2020-06-17 10:33:16.700,2858.0000,18857,-2,6522045240.000,2,0,2,双平,B,2857.8000,2857.6000,2857.4000,2857.2000,2856.8000,2858.2000,2858.4000,2858.8000,2859.0000,2859.2000,1,1,2,4,1,1,4,1,2,2
SF,IH2006,2020-06-17 10:33:17.200,2858.0000,18857,0,6522045240.000,0,-,-,-,-,2858.0000,2857.8000,2857.6000,2857.4000,2857.2000,2858.2000,2858.4000,2858.8000,2859.0000,2859.2000,1,2,1,2,3,1,4,1,2,2
SF,IH2006,2020-06-17 10:33:17.700,2857.8000,18857,0,6523759980.000,2,1,1,空换,B,2857.8000,2857.6000,2857.4000,2857.2000,2856.8000,2858.2000,2858.4000,2858.8000,2859.0000,2859.2000,1,1,2,3,1,1,4,1,2,2
SF,IH2006,2020-06-17 10:33:18.200,2857.8000,18857,0,6523759980.000,0,-,-,-,-,2857.8000,2857.6000,2857.4000,2857.2000,2856.8000,2858.0000,2858.2000,2858.4000,2858.8000,2859.0000,1,1,2,2,1,1,1,4,1,2
SF,IH2006,2020-06-17 10:33:18.700,2858.0000,18856,-1,6524617380.000,1,0,1,双平,B,2857.8000,2857.6000,2857.4000,2857.2000,2856.8000,2858.2000,2858.4000,2858.8000,2859.0000,2859.2000,1,1,2,2,2,1,4,1,2,2
SF,IH2006,2020-06-17 10:33:19.200,2858.0000,18856,0,6524617380.000,0,-,-,-,-,2857.6000,2857.4000,2857.2000,2856.8000,2856.6000,2858.0000,2858.2000,2858.4000,2858.8000,2859.0000,2,2,2,2,2,1,1,4,1,2
SF,IH2006,2020-06-17 10:33:20.200,2858.0000,18855,-1,6525474780.000,1,0,1,双平,B,2857.6000,2857.4000,2857.2000,2856.8000,2856.6000,2858.2000,2858.4000,2858.8000,2859.0000,2859.2000,3,2,2,2,2,1,4,1,2,2
SF,IH2006,2020-06-17 10:33:20.700,2858.0000,18855,0,6525474780.000,0,-,-,-,-,2857.8000,2857.6000,2857.4000,2857.2000,2856.8000,2858.2000,2858.4000,2858.8000,2859.0000,2859.2000,2,4,2,1,2,1,4,1,2,2
SF,IH2006,2020-06-17 10:33:21.200,2858.0000,18855,0,6525474780.000,0,-,-,-,-,2857.8000,2857.6000,2857.4000,2857.2000,2856.8000,2858.0000,2858.2000,2858.4000,2858.8000,2859.0000,2,3,2,1,2,1,1,4,1,1
SF,IH2006,2020-06-17 10:33:21.700,2858.0000,18855,0,6525474780.000,0,-,-,-,-,2858.0000,2857.8000,2857.6000,2857.4000,2857.2000,2858.2000,2858.4000,2858.8000,2859.0000,2859.2000,1,4,3,2,1,2,4,1,1,2
SF,IH2006,2020-06-17 10:33:22.200,2858.0000,18855,0,6526332180.000,1,0,1,空换,B,2857.8000,2857.6000,2857.4000,2857.2000,2856.8000,2858.0000,2858.2000,2858.4000,2858.8000,2859.0000,5,3,2,1,2,1,2,4,1,1
SF,IH2006,2020-06-17 10:33:23.200,2858.0000,18855,0,6526332180.000,0,-,-,-,-,2857.8000,2857.6000,2857.4000,2857.2000,2856.8000,2858.0000,2858.2000,2858.4000,2858.8000,2859.0000,5,3,2,1,2,1,2,4,1,1
SF,IH2006,2020-06-17 10:33:24.200,2858.0000,18854,-1,6527189580.000,1,0,1,双平,B,2857.8000,2857.6000,2857.4000,2857.2000,2856.8000,2858.2000,2858.4000,2858.8000,2859.0000,2859.2000,5,3,2,1,2,1,4,1,1,1
SF,IH2006,2020-06-17 10:33:25.200,2857.8000,18851,-3,6531476280.000,5,1,4,空平,B,2857.6000,2857.4000,2857.2000,2856.8000,2856.6000,2857.8000,2858.0000,2858.2000,2858.4000,2858.8000,3,2,1,2,2,3,4,3,4,1
SF,IH2006,2020-06-17 10:33:25.700,2857.4000,18853,2,6534905340.000,4,3,1,多开,B,2857.4000,2857.2000,2856.8000,2856.6000,2856.2000,2857.6000,2857.8000,2858.0000,2858.2000,2858.4000,1,1,2,2,2,3,3,3,3,4
SF,IH2006,2020-06-17 10:33:26.200,2857.6000,18852,-1,6535762620.000,1,0,1,双平,B,2857.6000,2857.4000,2857.2000,2856.8000,2856.6000,2857.8000,2858.0000,2858.2000,2858.4000,2858.8000,1,3,1,2,2,3,3,3,4,1
SF,IH2006,2020-06-17 10:33:26.700,2857.6000,18852,0,6535762620.000,0,-,-,-,-,2857.4000,2857.2000,2856.8000,2856.6000,2856.2000,2857.6000,2857.8000,2858.0000,2858.2000,2858.4000,3,1,2,2,3,4,3,3,1,4
SF,IH2006,2020-06-17 10:33:27.200,2857.6000,18852,0,6535762620.000,0,-,-,-,-,2857.4000,2857.2000,2856.8000,2856.6000,2856.2000,2857.6000,2857.8000,2858.0000,2858.2000,2858.4000,3,1,2,2,3,4,3,3,1,4
SF,IH2006,2020-06-17 10:33:28.700,2857.6000,18852,0,6535762620.000,0,-,-,-,-,2857.4000,2857.2000,2856.8000,2856.6000,2856.2000,2857.6000,2858.0000,2858.2000,2858.4000,2858.8000,3,1,2,2,3,4,3,1,2,1
SF,IH2006,2020-06-17 10:33:29.200,2857.6000,18853,1,6536619900.000,1,1,0,双开,B,2857.4000,2857.2000,2856.8000,2856.6000,2856.2000,2857.6000,2858.0000,2858.2000,2858.4000,2858.8000,3,1,2,2,3,3,3,1,2,1
SF,IH2006,2020-06-17 10:33:29.700,2857.6000,18853,0,6539191740.000,3,1,2,空换,B,2857.6000,2857.4000,2857.2000,2856.8000,2856.6000,2858.0000,2858.2000,2858.4000,2858.8000,2859.2000,8,3,1,2,2,3,1,2,1,1
SF,IH2006,2020-06-17 10:33:30.200,2857.6000,18853,0,6539191740.000,0,-,-,-,-,2857.6000,2857.4000,2857.2000,2856.8000,2856.6000,2858.0000,2858.2000,2858.4000,2858.6000,2858.8000,1,2,1,2,2,3,1,2,1,1
SF,IH2006,2020-06-17 10:33:30.700,2857.4000,18852,-1,6540906240.000,2,0,2,空平,B,2857.4000,2857.2000,2856.8000,2856.6000,2856.2000,2857.6000,2857.8000,2858.0000,2858.2000,2858.4000,1,1,2,2,3,5,5,3,1,2
SF,IH2006,2020-06-17 10:33:31.200,2857.4000,18851,-1,6541763460.000,1,0,1,双平,B,2857.2000,2856.8000,2856.6000,2856.2000,2856.0000,2857.4000,2857.6000,2857.8000,2858.0000,2858.2000,1,2,2,3,9,1,3,4,3,1
SF,IH2006,2020-06-17 10:33:31.700,2856.6000,18846,-5,6549477540.000,9,2,7,空平,B,2856.2000,2856.0000,2855.4000,2855.2000,2855.0000,2857.6000,2857.8000,2858.0000,2858.4000,2858.6000,3,9,1,1,9,3,4,3,2,1
SF,IH2006,2020-06-17 10:33:32.200,2857.4000,18844,-2,6552049140.000,3,0,3,空平,B,2857.2000,2857.0000,2856.8000,2856.6000,2856.4000,2857.6000,2857.8000,2858.0000,2858.4000,2858.6000,9,1,4,4,10,3,4,3,2,1
SF,IH2006,2020-06-17 10:33:32.700,2857.2000,18844,0,6557192460.000,6,3,3,空换,B,2857.0000,2856.8000,2856.6000,2856.4000,2856.2000,2857.6000,2857.8000,2858.0000,2858.4000,2858.6000,1,1,2,6,7,2,3,3,2,1
SF,IH2006,2020-06-17 10:33:33.200,2857.0000,18846,2,6560621220.000,4,3,1,多开,B,2857.0000,2856.6000,2856.4000,2856.2000,2856.0000,2857.8000,2858.0000,2858.4000,2858.6000,2859.2000,1,2,6,8,10,3,3,2,1,1
SF,IH2006,2020-06-17 10:33:33.700,2857.0000,18846,0,6560621220.000,0,-,-,-,-,2857.2000,2857.0000,2856.6000,2856.4000,2856.2000,2857.8000,2858.0000,2858.4000,2858.6000,2859.2000,1,1,2,5,8,3,3,2,1,1
SF,IH2006,2020-06-17 10:33:34.200,2857.0000,18846,0,6560621220.000,0,-,-,-,-,2857.2000,2857.0000,2856.6000,2856.4000,2856.2000,2857.8000,2858.0000,2858.4000,2858.6000,2859.2000,1,1,2,5,6,3,3,2,1,1
SF,IH2006,2020-06-17 10:33:34.700,2857.0000,18846,0,6560621220.000,0,-,-,-,-,2857.6000,2857.2000,2857.0000,2856.6000,2856.4000,2857.8000,2858.0000,2858.4000,2858.6000,2859.2000,1,1,1,2,5,3,3,2,1,1
SF,IH2006,2020-06-17 10:33:35.200,2857.2000,18843,-3,6563192760.000,3,0,3,双平,B,2856.6000,2856.4000,2856.2000,2856.0000,2855.4000,2857.6000,2857.8000,2858.0000,2858.4000,2858.6000,2,5,6,9,3,7,4,3,2,1
SF,IH2006,2020-06-17 10:33:35.700,2857.6000,18842,-1,6564907320.000,2,0,2,空平,B,2857.2000,2857.0000,2856.8000,2856.6000,2856.4000,2857.8000,2858.0000,2858.4000,2858.6000,2859.2000,1,2,6,6,1,3,2,2,1,1
SF,IH2006,2020-06-17 10:33:36.200,2857.6000,18842,0,6564907320.000,0,-,-,-,-,2857.0000,2856.8000,2856.6000,2856.4000,2856.2000,2857.6000,2857.8000,2858.0000,2858.4000,2858.6000,2,4,7,1,6,1,1,2,2,1
SF,IH2006,2020-06-17 10:33:36.700,2857.2000,18841,-1,6565764480.000,1,0,1,双平,B,2857.0000,2856.8000,2856.6000,2856.4000,2856.2000,2857.6000,2857.8000,2858.0000,2858.4000,2858.6000,4,3,6,1,6,1,1,2,2,1
SF,IH2006,2020-06-17 10:33:37.200,2857.6000,18840,-1,6566621760.000,1,0,1,双平,B,2857.2000,2857.0000,2856.8000,2856.6000,2856.4000,2857.8000,2858.0000,2858.4000,2858.6000,2859.2000,1,3,2,6,1,1,2,2,1,1
SF,IH2006,2020-06-17 10:33:37.700,2857.6000,18840,0,6566621760.000,0,-,-,-,-,2857.2000,2857.0000,2856.8000,2856.6000,2856.4000,2857.8000,2858.0000,2858.4000,2858.6000,2859.2000,1,3,2,5,1,1,2,2,1,1
SF,IH2006,2020-06-17 10:33:38.700,2857.6000,18840,0,6566621760.000,0,-,-,-,-,2857.4000,2857.2000,2857.0000,2856.8000,2856.6000,2857.8000,2858.0000,2858.4000,2858.6000,2859.2000,1,1,3,2,5,1,2,2,1,1
SF,IH2006,2020-06-17 10:33:39.700,2857.6000,18840,0,6566621760.000,0,-,-,-,-,2857.4000,2857.2000,2857.0000,2856.8000,2856.6000,2857.8000,2858.0000,2858.4000,2858.6000,2859.2000,1,1,2,1,5,1,2,2,1,1
SF,IH2006,2020-06-17 10:33:40.200,2857.4000,18839,-1,6567478980.000,1,0,1,双平,B,2857.2000,2857.0000,2856.8000,2856.6000,2856.4000,2857.8000,2858.0000,2858.4000,2858.6000,2859.2000,1,2,1,5,1,1,2,2,1,1
SF,IH2006,2020-06-17 10:33:40.700,2857.4000,18839,0,6568336200.000,1,0,1,空换,B,2857.2000,2857.0000,2856.8000,2856.6000,2856.4000,2857.8000,2858.0000,2858.4000,2858.6000,2859.2000,1,2,1,5,1,1,2,2,1,1
SF,IH2006,2020-06-17 10:33:41.200,2857.4000,18839,0,6568336200.000,0,-,-,-,-,2857.4000,2857.2000,2857.0000,2856.6000,2856.4000,2857.8000,2858.0000,2858.4000,2858.6000,2859.2000,1,3,1,5,1,1,2,2,1,1
SF,IH2006,2020-06-17 10:33:41.700,2857.4000,18839,0,6568336200.000,0,-,-,-,-,2857.4000,2857.2000,2857.0000,2856.6000,2856.4000,2857.6000,2857.8000,2858.0000,2858.4000,2858.6000,1,1,1,5,1,1,1,2,2,1
SF,IH2006,2020-06-17 10:33:42.200,2857.8000,18839,0,6570050820.000,2,1,1,空换,B,2857.6000,2857.4000,2857.2000,2856.6000,2856.4000,2858.0000,2858.4000,2858.6000,2859.2000,2859.6000,2,1,1,5,1,2,2,1,1,6
SF,IH2006,2020-06-17 10:33:42.700,2857.8000,18839,0,6570050820.000,0,-,-,-,-,2857.6000,2857.4000,2857.2000,2856.6000,2856.4000,2858.0000,2858.4000,2858.6000,2859.2000,2859.6000,1,1,2,5,1,2,4,1,1,6
SF,IH2006,2020-06-17 10:33:43.200,2857.8000,18839,0,6570050820.000,0,-,-,-,-,2857.4000,2857.2000,2856.6000,2856.4000,2856.2000,2858.0000,2858.4000,2858.6000,2859.2000,2859.6000,2,2,5,1,5,2,4,1,1,6
SF,IH2006,2020-06-17 10:33:44.700,2857.6000,18838,-1,6570908100.000,1,0,1,双平,B,2857.4000,2857.2000,2856.6000,2856.4000,2856.2000,2858.0000,2858.4000,2858.6000,2859.2000,2859.6000,2,2,5,1,5,2,2,1,1,6
SF,IH2006,2020-06-17 10:33:45.200,2857.6000,18838,0,6570908100.000,0,-,-,-,-,2857.4000,2857.2000,2856.6000,2856.4000,2856.2000,2857.8000,2858.0000,2858.4000,2858.6000,2859.2000,2,2,5,1,5,1,3,3,1,1
SF,IH2006,2020-06-17 10:33:45.700,2857.6000,18838,0,6570908100.000,0,-,-,-,-,2857.4000,2857.2000,2856.6000,2856.4000,2856.2000,2857.8000,2858.0000,2858.4000,2858.6000,2859.2000,3,3,5,1,5,2,2,3,1,1
SF,IH2006,2020-06-17 10:33:46.200,2857.6000,18838,0,6570908100.000,0,-,-,-,-,2857.4000,2857.2000,2856.6000,2856.4000,2856.2000,2857.8000,2858.0000,2858.4000,2858.6000,2859.2000,3,3,5,1,5,3,2,3,1,1
SF,IH2006,2020-06-17 10:33:46.700,2857.6000,18838,0,6570908100.000,0,-,-,-,-,2857.4000,2857.2000,2856.6000,2856.4000,2856.2000,2857.8000,2858.0000,2858.4000,2858.6000,2859.2000,4,3,5,1,5,3,2,3,1,1
SF,IH2006,2020-06-17 10:33:47.200,2857.8000,18838,0,6571765440.000,1,0,1,空换,B,2857.4000,2857.2000,2856.6000,2856.4000,2856.2000,2857.8000,2858.0000,2858.4000,2858.6000,2859.2000,4,3,5,1,5,2,2,3,1,1
SF,IH2006,2020-06-17 10:33:47.700,2857.8000,18839,1,6572622780.000,1,1,0,双开,B,2857.4000,2857.2000,2856.6000,2856.4000,2856.2000,2857.8000,2858.0000,2858.4000,2858.6000,2859.2000,4,3,5,1,5,1,2,3,1,1
SF,IH2006,2020-06-17 10:33:48.200,2857.8000,18840,1,6573480120.000,1,1,0,双开,B,2857.8000,2857.6000,2857.4000,2857.2000,2856.6000,2858.0000,2858.4000,2858.6000,2859.2000,2859.6000,4,4,5,4,5,2,3,1,1,6
SF,IH2006,2020-06-17 10:33:48.700,2857.8000,18840,0,6573480120.000,0,-,-,-,-,2857.4000,2857.2000,2856.6000,2856.4000,2856.2000,2857.8000,2858.0000,2858.4000,2858.6000,2859.2000,5,4,5,1,5,9,1,3,1,1
SF,IH2006,2020-06-17 10:33:49.200,2857.8000,18840,0,6581196180.000,9,4,5,空换,B,2858.0000,2857.8000,2857.6000,2857.4000,2857.2000,2858.4000,2858.6000,2859.2000,2859.6000,2859.8000,4,6,1,4,4,3,1,1,6,3
SF,IH2006,2020-06-17 10:33:49.700,2858.4000,18839,-1,6582053700.000,1,0,1,双平,B,2857.8000,2857.6000,2857.4000,2857.2000,2856.6000,2858.4000,2858.6000,2859.2000,2859.6000,2859.8000,1,2,4,4,5,2,1,1,6,3
SF,IH2006,2020-06-17 10:33:50.200,2857.8000,18838,-1,6582911040.000,1,0,1,双平,B,2857.6000,2857.4000,2857.2000,2856.6000,2856.4000,2858.2000,2858.4000,2858.6000,2859.2000,2859.6000,2,4,4,5,1,2,2,1,1,6
SF,IH2006,2020-06-17 10:33:50.700,2857.8000,18838,0,6582911040.000,0,-,-,-,-,2857.8000,2857.6000,2857.4000,2857.2000,2856.6000,2858.2000,2858.4000,2858.6000,2859.2000,2859.6000,1,2,4,4,5,2,2,1,1,6
SF,IH2006,2020-06-17 10:33:51.200,2857.8000,18838,0,6583768380.000,1,0,1,空换,B,2857.6000,2857.4000,2857.2000,2856.6000,2856.4000,2857.8000,2858.2000,2858.4000,2858.6000,2859.2000,2,4,4,5,1,7,2,2,1,1
SF,IH2006,2020-06-17 10:33:51.700,2857.8000,18837,-1,6587197740.000,4,1,3,空平,B,2857.6000,2857.4000,2857.2000,2856.6000,2856.4000,2858.2000,2858.4000,2858.6000,2859.2000,2859.6000,2,4,4,5,1,2,2,1,1,6
SF,IH2006,2020-06-17 10:33:55.700,2857.8000,18837,0,6587197740.000,0,-,-,-,-,2857.6000,2857.4000,2857.2000,2856.6000,2856.4000,2858.2000,2858.4000,2858.6000,2859.2000,2859.6000,3,4,4,5,1,2,2,1,1,6
SF,IH2006,2020-06-17 10:33:56.200,2857.8000,18837,0,6587197740.000,0,-,-,-,-,2857.6000,2857.4000,2857.2000,2856.6000,2856.4000,2858.2000,2858.4000,2858.6000,2859.2000,2859.6000,2,4,4,5,1,3,2,1,1,6
SF,IH2006,2020-06-17 10:33:56.700,2857.8000,18837,0,6587197740.000,0,-,-,-,-,2857.6000,2857.4000,2857.2000,2856.6000,2856.4000,2858.0000,2858.2000,2858.4000,2858.6000,2859.2000,2,4,4,5,1,3,6,2,1,1
SF,IH2006,2020-06-17 10:33:57.200,2857.8000,18837,0,6587197740.000,0,-,-,-,-,2857.6000,2857.4000,2857.2000,2856.6000,2856.4000,2858.0000,2858.2000,2858.4000,2858.6000,2859.2000,2,4,4,5,1,3,6,2,1,1
SF,IH2006,2020-06-17 10:33:58.200,2857.8000,18837,0,6587197740.000,0,-,-,-,-,2857.6000,2857.4000,2857.2000,2856.6000,2856.4000,2858.0000,2858.2000,2858.4000,2858.6000,2859.0000,2,4,4,5,1,3,6,2,1,1
SF,IH2006,2020-06-17 10:33:58.700,2857.8000,18837,0,6587197740.000,0,-,-,-,-,2857.6000,2857.4000,2857.2000,2856.6000,2856.4000,2858.0000,2858.2000,2858.4000,2858.6000,2859.0000,3,4,4,5,1,3,6,2,1,1
SF,IH2006,2020-06-17 10:34:00.200,2857.8000,18837,0,6587197740.000,0,-,-,-,-,2857.6000,2857.4000,2857.2000,2856.6000,2856.4000,2858.0000,2858.2000,2858.4000,2858.6000,2859.0000,3,4,4,5,1,3,6,2,1,1
SF,IH2006,2020-06-17 10:34:00.700,2857.6000,18834,-3,6589769580.000,3,0,3,双平,B,2857.4000,2857.2000,2856.6000,2856.4000,2856.2000,2857.6000,2857.8000,2858.0000,2858.2000,2858.4000,4,4,5,1,5,10,2,12,6,2
SF,IH2006,2020-06-17 10:34:01.200,2857.4000,18831,-3,6593198460.000,4,0,4,空平,B,2857.2000,2856.6000,2856.4000,2856.2000,2856.0000,2857.4000,2857.6000,2857.8000,2858.0000,2858.2000,2,5,1,5,10,10,10,2,11,4
SF,IH2006,2020-06-17 10:34:01.700,2857.2000,18829,-2,6595769940.000,3,0,3,空平,B,2856.6000,2856.4000,2856.2000,2856.0000,2855.4000,2857.4000,2857.6000,2857.8000,2858.0000,2858.2000,5,1,5,11,4,4,10,2,6,1
SF,IH2006,2020-06-17 10:34:02.200,2857.2000,18828,-1,6596627100.000,1,0,1,双平,B,2857.2000,2856.8000,2856.6000,2856.4000,2856.2000,2857.4000,2857.6000,2857.8000,2858.0000,2858.2000,9,9,9,1,5,4,10,2,4,1
SF,IH2006,2020-06-17 10:34:02.700,2857.6000,18822,-6,6605199660.000,10,2,8,空平,B,2857.4000,2856.8000,2856.6000,2856.4000,2856.2000,2857.6000,2857.8000,2858.0000,2858.2000,2858.4000,5,9,9,1,5,4,2,4,1,2
SF,IH2006,2020-06-17 10:34:03.200,2858.0000,18820,-2,6612058200.000,8,3,5,空平,B,2857.8000,2857.6000,2857.4000,2857.2000,2856.8000,2858.0000,2858.2000,2858.4000,2858.6000,2859.0000,7,1,4,1,8,3,1,2,1,1
SF,IH2006,2020-06-17 10:34:03.700,2857.8000,18814,-6,6620631900.000,10,2,8,空平,B,2858.0000,2857.6000,2857.4000,2857.2000,2856.8000,2858.2000,2858.4000,2858.6000,2859.0000,2859.2000,1,1,4,1,7,1,2,1,1,1
SF,IH2006,2020-06-17 10:34:04.200,2858.0000,18814,0,6621489300.000,1,0,1,空换,B,2857.6000,2857.4000,2857.2000,2856.8000,2856.6000,2858.0000,2858.2000,2858.4000,2858.6000,2859.0000,1,4,1,7,9,1,1,2,1,1
SF,IH2006,2020-06-17 10:34:04.700,2858.0000,18814,0,6621489300.000,0,-,-,-,-,2857.6000,2857.4000,2857.2000,2856.8000,2856.6000,2857.8000,2858.0000,2858.2000,2858.4000,2858.6000,1,4,1,7,9,2,1,1,2,1
SF,IH2006,2020-06-17 10:34:05.200,2857.8000,18815,1,6623203980.000,2,1,1,多开,B,2857.6000,2857.4000,2857.2000,2856.8000,2856.6000,2858.0000,2858.2000,2858.4000,2858.6000,2859.0000,1,4,1,4,3,1,1,2,1,1
SF,IH2006,2020-06-17 10:34:05.700,2858.0000,18815,0,6624061380.000,1,0,1,空换,B,2857.8000,2857.6000,2857.4000,2857.2000,2856.8000,2858.2000,2858.4000,2858.6000,2859.0000,2859.2000,3,8,4,1,4,1,2,1,1,1
SF,IH2006,2020-06-17 10:34:06.200,2857.8000,18812,-3,6627490740.000,4,0,4,空平,B,2857.6000,2857.4000,2857.2000,2856.8000,2856.6000,2857.8000,2858.2000,2858.4000,2858.6000,2859.0000,8,4,1,4,3,4,1,2,1,1
SF,IH2006,2020-06-17 10:34:06.700,2857.6000,18812,0,6628348020.000,1,0,1,空换,B,2857.6000,2857.4000,2857.2000,2856.8000,2856.6000,2857.8000,2858.2000,2858.4000,2858.6000,2859.0000,7,3,1,4,3,1,1,2,1,1
SF,IH2006,2020-06-17 10:34:07.200,2857.8000,18812,0,6629205360.000,1,0,1,空换,B,2857.6000,2857.4000,2857.2000,2856.8000,2856.6000,2858.2000,2858.4000,2858.6000,2859.0000,2859.2000,7,3,1,4,3,1,2,1,1,1
SF,IH2006,2020-06-17 10:34:07.700,2857.8000,18812,0,6629205360.000,0,-,-,-,-,2857.6000,2857.4000,2857.2000,2856.8000,2856.6000,2858.2000,2858.4000,2858.6000,2859.0000,2859.2000,7,3,1,4,3,1,1,1,1,1
SF,IH2006,2020-06-17 10:34:08.200,2857.6000,18810,-2,6630919920.000,2,0,2,双平,B,2857.6000,2857.4000,2857.2000,2856.8000,2856.6000,2857.8000,2858.2000,2858.4000,2858.6000,2859.0000,5,3,1,4,3,1,1,1,1,1
SF,IH2006,2020-06-17 10:34:08.700,2857.6000,18806,-4,6636920940.000,7,1,6,空平,B,2857.4000,2857.2000,2857.0000,2856.8000,2856.6000,2857.6000,2857.8000,2858.2000,2858.4000,2858.6000,3,1,1,4,3,2,1,1,1,1
SF,IH2006,2020-06-17 10:34:09.200,2857.6000,18806,0,6638635500.000,2,1,1,空换,B,2857.4000,2857.2000,2857.0000,2856.8000,2856.6000,2857.8000,2858.2000,2858.4000,2858.6000,2859.0000,3,1,1,4,3,1,2,1,1,1
SF,IH2006,2020-06-17 10:34:09.700,2857.4000,18806,0,6639492720.000,1,0,1,空换,B,2857.4000,2857.2000,2857.0000,2856.8000,2856.6000,2857.8000,2858.2000,2858.4000,2858.6000,2859.0000,2,1,1,4,3,1,2,1,1,1
SF,IH2006,2020-06-17 10:34:10.200,2857.8000,18806,0,6640350060.000,1,0,1,空换,B,2857.4000,2857.2000,2857.0000,2856.8000,2856.6000,2858.2000,2858.4000,2858.6000,2859.0000,2859.2000,2,1,1,4,3,2,1,1,1,1
SF,IH2006,2020-06-17 10:34:10.700,2857.8000,18806,0,6640350060.000,0,-,-,-,-,2857.6000,2857.4000,2857.2000,2857.0000,2856.8000,2858.0000,2858.2000,2858.4000,2858.6000,2859.0000,1,2,1,1,3,5,2,1,1,1
SF,IH2006,2020-06-17 10:34:11.200,2857.8000,18806,0,6640350060.000,0,-,-,-,-,2857.6000,2857.4000,2857.2000,2857.0000,2856.8000,2858.0000,2858.2000,2858.4000,2858.6000,2859.0000,2,2,1,1,3,5,2,1,1,1
SF,IH2006,2020-06-17 10:34:11.700,2857.6000,18806,0,6641207340.000,1,0,1,空换,B,2857.4000,2857.2000,2857.0000,2856.8000,2856.6000,2857.8000,2858.0000,2858.2000,2858.4000,2858.6000,2,1,1,2,3,2,3,2,1,1
SF,IH2006,2020-06-17 10:34:12.200,2857.6000,18806,0,6641207340.000,0,-,-,-,-,2857.4000,2857.2000,2857.0000,2856.8000,2856.6000,2857.8000,2858.0000,2858.2000,2858.4000,2858.6000,2,1,1,2,3,2,2,2,1,1
SF,IH2006,2020-06-17 10:34:12.700,2857.6000,18806,0,6641207340.000,0,-,-,-,-,2857.4000,2857.2000,2857.0000,2856.8000,2856.6000,2857.8000,2858.0000,2858.2000,2858.4000,2858.6000,2,1,1,2,3,1,2,2,1,1
SF,IH2006,2020-06-17 10:34:13.200,2857.8000,18808,2,6642922020.000,2,2,0,双开,B,2857.8000,2857.6000,2857.4000,2857.2000,2857.0000,2858.0000,2858.2000,2858.4000,2858.6000,2859.0000,1,1,2,1,1,2,2,1,1,1
SF,IH2006,2020-06-17 10:34:13.700,2857.8000,18808,0,6642922020.000,0,-,-,-,-,2857.6000,2857.4000,2857.2000,2857.0000,2856.8000,2857.8000,2858.0000,2858.2000,2858.4000,2858.6000,1,2,1,1,3,6,2,2,1,1
SF,IH2006,2020-06-17 10:34:14.200,2857.8000,18808,0,6642922020.000,0,-,-,-,-,2857.6000,2857.4000,2857.2000,2857.0000,2856.8000,2858.0000,2858.2000,2858.4000,2858.6000,2859.0000,1,2,1,1,3,2,2,1,1,1
SF,IH2006,2020-06-17 10:34:14.700,2857.4000,18807,-1,6643779240.000,1,0,1,双平,B,2857.4000,2857.2000,2857.0000,2856.8000,2856.6000,2858.0000,2858.2000,2858.4000,2858.6000,2859.0000,1,1,1,3,3,2,2,1,1,1
SF,IH2006,2020-06-17 10:34:15.200,2857.4000,18807,0,6643779240.000,0,-,-,-,-,2857.6000,2857.4000,2857.2000,2857.0000,2856.8000,2858.0000,2858.2000,2858.4000,2858.6000,2859.0000,5,2,1,1,3,2,2,1,1,1
SF,IH2006,2020-06-17 10:34:15.700,2858.0000,18807,0,6644636640.000,1,0,1,空换,B,2857.6000,2857.4000,2857.2000,2857.0000,2856.8000,2858.2000,2858.4000,2858.6000,2859.0000,2859.2000,7,2,1,1,2,2,1,1,1,1
SF,IH2006,2020-06-17 10:34:17.200,2858.0000,18807,0,6644636640.000,0,-,-,-,-,2857.6000,2857.4000,2857.2000,2857.0000,2856.8000,2858.2000,2858.4000,2858.6000,2859.0000,2859.2000,7,2,1,1,2,1,1,1,1,1
SF,IH2006,2020-06-17 10:34:17.700,2858.4000,18807,0,6646351620.000,2,1,1,空换,B,2858.4000,2858.2000,2858.0000,2857.8000,2857.6000,2858.6000,2859.0000,2859.2000,2859.6000,2859.8000,3,5,1,7,7,1,1,1,4,3
SF,IH2006,2020-06-17 10:34:18.200,2857.8000,18803,-4,6650638440.000,5,0,5,空平,B,2857.6000,2857.4000,2857.2000,2857.0000,2856.8000,2857.8000,2858.4000,2858.6000,2859.0000,2859.2000,7,2,1,1,2,1,1,1,2,1
SF,IH2006,2020-06-17 10:34:18.700,2857.8000,18802,-1,6651495780.000,1,0,1,双平,B,2858.0000,2857.8000,2857.6000,2857.4000,2857.2000,2858.6000,2858.8000,2859.0000,2859.2000,2859.6000,10,19,5,2,1,1,1,2,1,4
SF,IH2006,2020-06-17 10:34:19.200,2859.0000,18800,-2,6654068700.000,3,0,3,空平,B,2858.2000,2858.0000,2857.8000,2857.6000,2857.4000,2859.0000,2859.2000,2859.6000,2859.8000,2860.0000,3,5,15,5,2,1,1,4,3,2
SF,IH2006,2020-06-17 10:34:19.700,2859.0000,18800,0,6654068700.000,0,-,-,-,-,2858.0000,2857.8000,2857.6000,2857.4000,2857.2000,2858.8000,2859.2000,2859.6000,2859.8000,2860.0000,5,11,5,3,1,5,1,4,3,2
SF,IH2006,2020-06-17 10:34:20.200,2858.8000,18796,-4,6659213580.000,6,1,5,空平,B,2858.0000,2857.8000,2857.6000,2857.4000,2857.2000,2858.6000,2858.8000,2859.6000,2859.8000,2860.0000,3,11,5,3,1,1,2,4,3,2
SF,IH2006,2020-06-17 10:34:20.700,2858.2000,18795,-1,6660071040.000,1,0,1,双平,B,2858.2000,2858.0000,2857.8000,2857.6000,2857.4000,2858.6000,2858.8000,2859.6000,2859.8000,2860.0000,2,3,11,6,3,1,1,4,3,2
SF,IH2006,2020-06-17 10:34:21.700,2858.2000,18795,0,6660071040.000,0,-,-,-,-,2858.2000,2858.0000,2857.8000,2857.6000,2857.4000,2858.8000,2859.6000,2859.8000,2860.0000,2860.4000,3,2,11,6,3,1,4,3,2,1
SF,IH2006,2020-06-17 10:34:22.700,2858.2000,18795,0,6660071040.000,0,-,-,-,-,2858.2000,2858.0000,2857.8000,2857.6000,2857.4000,2859.6000,2859.8000,2860.0000,2860.4000,2860.6000,3,2,11,6,3,4,3,2,1,2
SF,IH2006,2020-06-17 10:34:23.200,2858.2000,18794,-1,6661785960.000,2,0,2,空平,B,2858.4000,2858.2000,2858.0000,2857.8000,2857.6000,2859.0000,2859.2000,2859.4000,2859.6000,2859.8000,1,5,2,11,6,1,5,5,14,3
SF,IH2006,2020-06-17 10:34:23.700,2858.2000,18794,0,6661785960.000,0,-,-,-,-,2858.2000,2858.0000,2857.8000,2857.6000,2857.4000,2858.8000,2859.0000,2859.2000,2859.4000,2859.6000,2,2,11,6,3,2,1,2,2,14
SF,IH2006,2020-06-17 10:34:24.200,2858.8000,18793,-1,6662643600.000,1,0,1,双平,B,2858.4000,2858.2000,2858.0000,2857.8000,2857.6000,2858.8000,2859.0000,2859.4000,2859.6000,2859.8000,1,2,1,11,6,1,1,2,14,3
SF,IH2006,2020-06-17 10:34:24.700,2858.2000,18793,0,6664358580.000,2,1,1,空换,B,2858.2000,2858.0000,2857.8000,2857.6000,2857.4000,2858.8000,2859.4000,2859.6000,2859.8000,2860.0000,1,2,11,6,3,1,2,14,3,1
SF,IH2006,2020-06-17 10:34:25.200,2858.2000,18793,0,6664358580.000,0,-,-,-,-,2858.2000,2858.0000,2857.8000,2857.6000,2857.4000,2858.6000,2858.8000,2859.4000,2859.6000,2859.8000,1,2,8,7,3,1,1,1,14,3
SF,IH2006,2020-06-17 10:34:25.700,2858.2000,18793,0,6664358580.000,0,-,-,-,-,2858.0000,2857.8000,2857.6000,2857.4000,2857.2000,2858.4000,2858.6000,2859.4000,2859.6000,2859.8000,2,8,7,3,1,1,3,1,14,3
SF,IH2006,2020-06-17 10:34:26.200,2858.0000,18792,-1,6665215980.000,1,0,1,双平,B,2858.0000,2857.8000,2857.6000,2857.4000,2857.2000,2858.4000,2858.6000,2859.6000,2859.8000,2860.0000,1,8,7,3,1,1,3,14,4,1
SF,IH2006,2020-06-17 10:34:26.700,2858.0000,18791,-1,6666073380.000,1,0,1,双平,B,2857.8000,2857.6000,2857.4000,2857.2000,2857.0000,2858.4000,2858.6000,2859.6000,2859.8000,2860.0000,8,7,3,1,1,1,3,14,4,1
SF,IH2006,2020-06-17 10:34:27.200,2858.2000,18791,0,6666930840.000,1,0,1,空换,B,2857.8000,2857.6000,2857.4000,2857.2000,2857.0000,2858.4000,2858.6000,2859.6000,2859.8000,2860.0000,8,7,3,1,1,1,3,14,4,1
SF,IH2006,2020-06-17 10:34:27.700,2858.2000,18791,0,6666930840.000,0,-,-,-,-,2857.8000,2857.6000,2857.4000,2857.2000,2857.0000,2858.4000,2858.6000,2859.2000,2859.6000,2859.8000,8,7,3,1,1,1,3,1,14,4
SF,IH2006,2020-06-17 10:34:28.200,2858.2000,18791,0,6666930840.000,0,-,-,-,-,2858.2000,2857.8000,2857.6000,2857.4000,2857.2000,2858.4000,2858.6000,2859.2000,2859.6000,2859.8000,3,5,7,3,1,1,3,1,14,4
SF,IH2006,2020-06-17 10:34:28.700,2858.2000,18791,0,6666930840.000,0,-,-,-,-,2857.8000,2857.6000,2857.4000,2857.2000,2857.0000,2858.4000,2858.6000,2859.2000,2859.6000,2859.8000,5,7,3,1,1,1,2,1,14,4
SF,IH2006,2020-06-17 10:34:29.200,2858.4000,18791,0,6667788360.000,1,0,1,空换,B,2858.4000,2858.2000,2858.0000,2857.8000,2857.6000,2858.6000,2859.2000,2859.6000,2859.8000,2860.0000,2,1,2,6,7,2,1,12,4,1
SF,IH2006,2020-06-17 10:34:29.700,2858.4000,18791,0,6667788360.000,0,-,-,-,-,2858.4000,2858.0000,2857.8000,2857.6000,2857.4000,2859.2000,2859.6000,2859.8000,2860.0000,2860.4000,1,2,7,7,3,1,12,4,1,1
SF,IH2006,2020-06-17 10:34:30.200,2858.4000,18790,-1,6668645880.000,1,0,1,双平,B,2858.0000,2857.8000,2857.6000,2857.4000,2857.2000,2858.8000,2859.0000,2859.2000,2859.6000,2859.8000,2,7,7,3,1,1,7,1,12,4
SF,IH2006,2020-06-17 10:34:30.700,2858.4000,18790,0,6668645880.000,0,-,-,-,-,2858.4000,2858.0000,2857.8000,2857.6000,2857.4000,2858.6000,2859.0000,2859.2000,2859.6000,2859.8000,1,2,7,7,3,2,5,1,12,4
SF,IH2006,2020-06-17 10:34:31.200,2858.4000,18790,0,6669503400.000,1,0,1,空换,B,2858.0000,2857.8000,2857.6000,2857.4000,2857.2000,2858.4000,2858.6000,2858.8000,2859.0000,2859.2000,2,7,7,3,1,1,3,2,5,1
SF,IH2006,2020-06-17 10:34:31.700,2858.4000,18790,0,6669503400.000,0,-,-,-,-,2858.0000,2857.8000,2857.6000,2857.4000,2857.2000,2858.6000,2858.8000,2859.0000,2859.2000,2859.6000,2,6,7,3,1,3,2,2,1,11
SF,IH2006,2020-06-17 10:34:32.200,2858.4000,18790,0,6669503400.000,0,-,-,-,-,2858.0000,2857.8000,2857.6000,2857.4000,2857.2000,2858.6000,2858.8000,2859.0000,2859.2000,2859.6000,2,6,7,3,1,3,2,2,1,11
SF,IH2006,2020-06-17 10:34:32.700,2858.4000,18790,0,6669503400.000,0,-,-,-,-,2858.2000,2858.0000,2857.8000,2857.6000,2857.4000,2858.6000,2858.8000,2859.0000,2859.2000,2859.6000,1,2,6,7,3,3,2,2,1,11
SF,IH2006,2020-06-17 10:34:33.200,2858.4000,18790,0,6669503400.000,0,-,-,-,-,2858.2000,2858.0000,2857.8000,2857.6000,2857.4000,2858.6000,2858.8000,2859.0000,2859.2000,2859.4000,1,2,6,7,3,3,2,2,1,1
SF,IH2006,2020-06-17 10:34:34.200,2858.4000,18790,0,6669503400.000,0,-,-,-,-,2858.2000,2858.0000,2857.8000,2857.6000,2857.4000,2858.6000,2858.8000,2859.0000,2859.2000,2859.4000,1,2,6,7,3,2,2,2,1,1
SF,IH2006,2020-06-17 10:34:34.700,2858.4000,18790,0,6670360920.000,1,0,1,空换,B,2858.2000,2857.8000,2857.6000,2857.4000,2857.2000,2858.4000,2858.6000,2858.8000,2859.0000,2859.2000,1,6,7,3,1,3,2,2,2,1
SF,IH2006,2020-06-17 10:34:35.200,2858.4000,18789,-1,6671218440.000,1,0,1,双平,B,2858.2000,2858.0000,2857.8000,2857.6000,2857.4000,2858.4000,2858.6000,2858.8000,2859.0000,2859.2000,1,1,6,7,3,2,2,2,2,1
SF,IH2006,2020-06-17 10:34:35.700,2858.4000,18788,-1,6672933480.000,2,0,2,空平,B,2858.2000,2858.0000,2857.8000,2857.6000,2857.4000,2858.6000,2858.8000,2859.0000,2859.2000,2859.4000,1,2,6,7,3,2,3,2,1,1
SF,IH2006,2020-06-17 10:34:36.200,2858.6000,18788,0,6673791060.000,1,0,1,空换,B,2858.6000,2858.2000,2858.0000,2857.8000,2857.6000,2858.8000,2859.0000,2859.2000,2859.4000,2859.6000,4,1,2,6,7,3,2,1,1,11
SF,IH2006,2020-06-17 10:34:36.700,2858.4000,18789,1,6674648580.000,1,1,0,双开,B,2858.4000,2858.2000,2858.0000,2857.8000,2857.6000,2858.8000,2859.2000,2859.4000,2859.6000,2859.8000,2,1,2,6,7,3,1,1,11,5
SF,IH2006,2020-06-17 10:34:37.700,2858.4000,18789,0,6674648580.000,0,-,-,-,-,2858.4000,2858.2000,2858.0000,2857.8000,2857.6000,2858.8000,2859.2000,2859.4000,2859.6000,2859.8000,1,1,2,6,7,3,1,1,3,5
SF,IH2006,2020-06-17 10:34:38.200,2858.4000,18789,0,6674648580.000,0,-,-,-,-,2858.4000,2858.2000,2858.0000,2857.8000,2857.6000,2858.8000,2859.2000,2859.4000,2859.6000,2859.8000,1,1,2,6,7,3,1,1,3,6
SF,IH2006,2020-06-17 10:34:39.700,2858.4000,18789,0,6674648580.000,0,-,-,-,-,2858.4000,2858.2000,2858.0000,2857.8000,2857.6000,2858.8000,2859.2000,2859.4000,2859.6000,2859.8000,2,1,2,6,7,3,1,1,3,6
SF,IH2006,2020-06-17 10:34:40.700,2858.8000,18788,-1,6675506220.000,1,0,1,双平,B,2858.4000,2858.2000,2858.0000,2857.8000,2857.6000,2858.8000,2859.2000,2859.4000,2859.6000,2859.8000,2,1,2,6,7,2,1,1,3,6
SF,IH2006,2020-06-17 10:34:41.700,2858.8000,18788,0,6675506220.000,0,-,-,-,-,2858.6000,2858.4000,2858.2000,2858.0000,2857.8000,2858.8000,2859.2000,2859.4000,2859.6000,2859.8000,2,2,1,2,6,2,1,1,3,6
SF,IH2006,2020-06-17 10:34:42.200,2858.8000,18788,0,6675506220.000,0,-,-,-,-,2858.6000,2858.4000,2858.2000,2858.0000,2857.8000,2858.8000,2859.2000,2859.4000,2859.6000,2859.8000,2,2,1,2,6,2,1,1,3,6
SF,IH2006,2020-06-17 10:34:42.700,2858.8000,18788,0,6675506220.000,0,-,-,-,-,2858.6000,2858.4000,2858.2000,2858.0000,2857.8000,2858.8000,2859.2000,2859.4000,2859.6000,2859.8000,1,2,1,2,6,3,1,1,3,6
SF,IH2006,2020-06-17 10:34:43.200,2858.6000,18789,1,6676363800.000,1,1,0,双开,B,2858.4000,2858.2000,2858.0000,2857.8000,2857.6000,2858.8000,2859.2000,2859.4000,2859.6000,2859.8000,2,1,2,6,7,3,1,1,3,6
SF,IH2006,2020-06-17 10:34:43.700,2858.6000,18789,0,6676363800.000,0,-,-,-,-,2858.4000,2858.2000,2858.0000,2857.8000,2857.6000,2858.6000,2858.8000,2859.2000,2859.4000,2859.6000,2,1,2,6,7,3,3,1,1,3
SF,IH2006,2020-06-17 10:34:44.200,2858.6000,18790,1,6678078960.000,2,1,1,多开,B,2858.4000,2858.2000,2858.0000,2857.8000,2857.6000,2858.6000,2858.8000,2859.2000,2859.4000,2859.6000,2,1,2,6,7,1,3,1,1,3
SF,IH2006,2020-06-17 10:34:44.700,2858.6000,18790,0,6678078960.000,0,-,-,-,-,2858.4000,2858.2000,2858.0000,2857.8000,2857.6000,2858.6000,2858.8000,2859.2000,2859.4000,2859.6000,2,1,2,5,7,1,3,1,1,3
SF,IH2006,2020-06-17 10:34:45.200,2858.6000,18790,0,6678078960.000,0,-,-,-,-,2858.4000,2858.2000,2858.0000,2857.8000,2857.6000,2858.6000,2858.8000,2859.2000,2859.4000,2859.6000,2,1,1,5,7,1,3,1,1,3
SF,IH2006,2020-06-17 10:34:46.200,2858.6000,18790,0,6678078960.000,0,-,-,-,-,2858.4000,2858.2000,2858.0000,2857.8000,2857.6000,2858.6000,2858.8000,2859.2000,2859.4000,2859.6000,2,1,1,5,7,1,3,1,1,3
SF,IH2006,2020-06-17 10:34:47.200,2858.6000,18790,0,6678078960.000,0,-,-,-,-,2858.4000,2858.2000,2858.0000,2857.8000,2857.6000,2858.6000,2858.8000,2859.2000,2859.4000,2859.6000,2,1,1,5,7,1,3,1,1,3
SF,IH2006,2020-06-17 10:34:48.700,2858.6000,18790,0,6678936540.000,1,0,1,空换,B,2858.6000,2858.4000,2858.2000,2858.0000,2857.8000,2858.8000,2859.2000,2859.4000,2859.6000,2859.8000,2,2,1,1,5,3,1,1,3,6
SF,IH2006,2020-06-17 10:34:49.200,2858.8000,18789,-1,6679794180.000,1,0,1,双平,B,2858.6000,2858.4000,2858.2000,2858.0000,2857.8000,2858.8000,2859.2000,2859.4000,2859.6000,2859.8000,2,2,1,1,5,2,1,1,3,6
SF,IH2006,2020-06-17 10:34:49.700,2858.8000,18789,0,6679794180.000,0,-,-,-,-,2858.6000,2858.4000,2858.2000,2858.0000,2857.8000,2858.8000,2859.2000,2859.4000,2859.6000,2859.8000,1,2,1,1,5,2,1,2,5,7
SF,IH2006,2020-06-17 10:34:50.200,2858.6000,18788,-1,6681509340.000,2,0,2,空平,B,2858.4000,2858.2000,2858.0000,2857.8000,2857.6000,2858.6000,2858.8000,2859.2000,2859.4000,2859.6000,3,1,1,5,2,11,2,1,2,5
SF,IH2006,2020-06-17 10:34:50.700,2858.6000,18788,0,6681509340.000,0,-,-,-,-,2858.4000,2858.2000,2857.8000,2857.6000,2857.4000,2858.6000,2858.8000,2859.2000,2859.4000,2859.6000,3,1,5,2,3,3,2,1,2,5
SF,IH2006,2020-06-17 10:34:51.200,2858.6000,18787,-1,6682366920.000,1,0,1,双平,B,2858.4000,2857.8000,2857.6000,2857.4000,2857.2000,2858.6000,2858.8000,2859.2000,2859.4000,2859.6000,3,5,2,3,2,2,2,1,2,6
SF,IH2006,2020-06-17 10:34:51.700,2858.6000,18787,0,6683224500.000,1,0,1,空换,B,2858.4000,2857.8000,2857.6000,2857.4000,2857.2000,2858.6000,2858.8000,2859.2000,2859.4000,2859.6000,3,5,2,3,2,1,2,1,2,6
SF,IH2006,2020-06-17 10:34:52.200,2858.6000,18787,0,6683224500.000,0,-,-,-,-,2858.4000,2857.8000,2857.6000,2857.4000,2857.2000,2858.6000,2858.8000,2859.4000,2859.6000,2859.8000,3,5,2,3,2,5,2,2,6,6
SF,IH2006,2020-06-17 10:34:52.700,2858.4000,18785,-2,6685797060.000,3,0,3,空平,B,2857.8000,2857.6000,2857.4000,2857.2000,2857.0000,2858.2000,2858.4000,2858.6000,2858.8000,2859.4000,5,2,3,2,1,12,31,5,2,2
SF,IH2006,2020-06-17 10:34:53.200,2858.4000,18779,-6,6694371240.000,10,2,8,空平,B,2858.2000,2858.0000,2857.8000,2857.6000,2857.4000,2858.4000,2858.6000,2858.8000,2859.4000,2859.6000,3,2,1,2,3,1,5,2,1,3
SF,IH2006,2020-06-17 10:34:53.700,2858.2000,18778,-1,6697801080.000,4,1,3,空平,B,2858.0000,2857.8000,2857.6000,2857.4000,2857.2000,2858.2000,2858.6000,2858.8000,2859.4000,2859.6000,1,1,2,3,2,3,5,2,1,3
SF,IH2006,2020-06-17 10:34:54.200,2858.0000,18777,-1,6698658480.000,1,0,1,双平,B,2857.8000,2857.6000,2857.4000,2857.2000,2857.0000,2858.0000,2858.2000,2858.6000,2858.8000,2859.4000,1,2,3,2,1,5,4,5,2,1
SF,IH2006,2020-06-17 10:34:54.700,2858.0000,18777,0,6699515880.000,1,0,1,空换,B,2857.6000,2857.4000,2857.2000,2857.0000,2856.8000,2857.8000,2858.0000,2858.2000,2858.6000,2858.8000,2,2,2,1,2,1,5,1,5,2
SF,IH2006,2020-06-17 10:34:55.200,2857.8000,18775,-2,6701230560.000,2,0,2,双平,B,2857.6000,2857.4000,2857.2000,2857.0000,2856.8000,2858.0000,2858.2000,2858.6000,2858.8000,2859.4000,3,2,2,1,2,4,1,5,2,1
SF,IH2006,2020-06-17 10:34:56.700,2857.8000,18775,0,6701230560.000,0,-,-,-,-,2857.8000,2857.6000,2857.4000,2857.2000,2857.0000,2858.0000,2858.2000,2858.6000,2858.8000,2859.4000,1,3,2,2,1,4,1,5,2,1
SF,IH2006,2020-06-17 10:34:57.700,2857.8000,18775,0,6702087900.000,1,0,1,空换,B,2857.6000,2857.4000,2857.2000,2857.0000,2856.8000,2857.8000,2858.0000,2858.2000,2858.6000,2858.8000,3,2,2,1,2,1,3,1,5,2
SF,IH2006,2020-06-17 10:34:58.200,2857.6000,18774,-1,6702945180.000,1,0,1,双平,B,2857.6000,2857.4000,2857.2000,2857.0000,2856.8000,2857.8000,2858.0000,2858.2000,2858.6000,2858.8000,2,2,2,1,2,1,3,1,5,2
SF,IH2006,2020-06-17 10:34:58.700,2857.8000,18773,-1,6703802520.000,1,0,1,双平,B,2857.6000,2857.4000,2857.2000,2857.0000,2856.8000,2858.0000,2858.2000,2858.6000,2858.8000,2859.4000,2,2,2,1,2,3,1,5,2,1
SF,IH2006,2020-06-17 10:34:59.200,2857.6000,18773,0,6705517080.000,2,1,1,空换,B,2857.4000,2857.2000,2857.0000,2856.8000,2856.6000,2857.6000,2858.0000,2858.2000,2858.6000,2858.8000,2,2,1,2,2,3,4,1,5,2
SF,IH2006,2020-06-17 10:34:59.700,2857.4000,18772,-1,6707231520.000,2,0,2,空平,B,2857.2000,2857.0000,2856.8000,2856.6000,2856.2000,2858.0000,2858.2000,2858.6000,2858.8000,2859.4000,2,1,2,2,6,4,1,5,2,1
SF,IH2006,2020-06-17 10:35:00.200,2857.2000,18772,0,6708088680.000,1,0,1,空换,B,2857.2000,2857.0000,2856.8000,2856.6000,2856.2000,2857.4000,2857.8000,2858.0000,2858.2000,2858.6000,2,1,2,2,6,1,6,7,1,5
SF,IH2006,2020-06-17 10:35:00.700,2857.4000,18769,-3,6712374780.000,5,1,4,空平,B,2857.0000,2856.8000,2856.6000,2856.2000,2856.0000,2857.2000,2857.8000,2858.0000,2858.2000,2858.6000,1,2,2,6,30,3,6,7,1,5
SF,IH2006,2020-06-17 10:35:01.200,2857.2000,18765,-4,6719231820.000,8,2,6,空平,B,2856.8000,2856.6000,2856.2000,2856.0000,2855.8000,2857.2000,2857.8000,2858.0000,2858.2000,2858.6000,2,2,6,30,1,2,6,4,1,5
SF,IH2006,2020-06-17 10:35:01.700,2857.2000,18765,0,6719231820.000,0,-,-,-,-,2856.8000,2856.6000,2856.2000,2856.0000,2855.8000,2857.2000,2858.0000,2858.2000,2858.6000,2858.8000,2,2,6,30,1,3,4,1,5,2
SF,IH2006,2020-06-17 10:35:02.200,2857.2000,18765,0,6720088980.000,1,0,1,空换,B,2857.0000,2856.8000,2856.6000,2856.2000,2856.0000,2857.2000,2858.0000,2858.2000,2858.6000,2858.8000,2,4,1,6,30,2,1,1,5,2
SF,IH2006,2020-06-17 10:35:02.700,2857.2000,18767,2,6721803300.000,2,2,0,双开,B,2857.2000,2857.0000,2856.8000,2856.6000,2856.2000,2858.0000,2858.2000,2858.6000,2858.8000,2859.4000,3,2,4,1,6,1,1,5,2,1
SF,IH2006,2020-06-17 10:35:03.200,2857.2000,18767,0,6721803300.000,0,-,-,-,-,2857.4000,2857.2000,2857.0000,2856.8000,2856.6000,2857.8000,2858.0000,2858.2000,2858.6000,2858.8000,1,3,1,4,1,1,1,1,5,2
SF,IH2006,2020-06-17 10:35:03.700,2857.6000,18766,-1,6723517920.000,2,0,2,空平,B,2857.6000,2857.4000,2857.2000,2857.0000,2856.8000,2858.0000,2858.2000,2858.6000,2858.8000,2859.4000,1,1,1,1,4,1,1,5,2,1
SF,IH2006,2020-06-17 10:35:04.200,2857.6000,18766,0,6723517920.000,0,-,-,-,-,2857.6000,2857.4000,2857.2000,2857.0000,2856.8000,2858.0000,2858.2000,2858.6000,2858.8000,2859.4000,2,1,1,1,5,1,1,5,2,1
SF,IH2006,2020-06-17 10:35:06.700,2857.6000,18766,0,6723517920.000,0,-,-,-,-,2857.4000,2857.2000,2857.0000,2856.8000,2856.6000,2858.0000,2858.2000,2858.6000,2858.8000,2859.4000,1,1,1,5,1,2,1,5,2,1
SF,IH2006,2020-06-17 10:35:07.200,2857.6000,18766,0,6723517920.000,0,-,-,-,-,2857.4000,2857.2000,2857.0000,2856.8000,2856.6000,2858.0000,2858.2000,2858.6000,2858.8000,2859.4000,1,1,1,5,1,2,1,5,2,1
SF,IH2006,2020-06-17 10:35:07.700,2858.0000,18765,-1,6724375320.000,1,0,1,双平,B,2857.4000,2857.2000,2857.0000,2856.8000,2856.6000,2858.0000,2858.2000,2858.6000,2858.8000,2859.4000,1,1,1,5,1,1,1,5,2,1
SF,IH2006,2020-06-17 10:35:08.200,2858.0000,18765,0,6724375320.000,0,-,-,-,-,2857.6000,2857.4000,2857.2000,2857.0000,2856.8000,2858.0000,2858.2000,2858.6000,2858.8000,2859.4000,2,1,1,1,5,1,1,5,2,1
SF,IH2006,2020-06-17 10:35:08.700,2857.6000,18765,0,6727804500.000,4,2,2,空换,B,2857.2000,2857.0000,2856.8000,2856.6000,2856.2000,2858.0000,2858.2000,2858.6000,2858.8000,2859.4000,1,1,5,1,6,1,1,5,2,1
SF,IH2006,2020-06-17 10:35:09.200,2857.6000,18765,0,6727804500.000,0,-,-,-,-,2857.4000,2857.2000,2857.0000,2856.8000,2856.6000,2858.0000,2858.2000,2858.6000,2858.8000,2859.4000,2,1,6,5,1,1,1,5,2,1
SF,IH2006,2020-06-17 10:35:09.700,2858.0000,18765,0,6728661900.000,1,0,1,空换,B,2857.4000,2857.2000,2857.0000,2856.8000,2856.6000,2858.0000,2858.2000,2858.6000,2858.8000,2859.4000,4,3,6,4,1,1,1,5,2,1
SF,IH2006,2020-06-17 10:35:10.700,2858.0000,18765,0,6728661900.000,0,-,-,-,-,2857.4000,2857.2000,2857.0000,2856.8000,2856.6000,2858.0000,2858.2000,2858.6000,2858.8000,2859.4000,5,2,6,4,1,1,1,5,2,1
SF,IH2006,2020-06-17 10:35:11.200,2857.4000,18765,0,6729519120.000,1,0,1,空换,B,2857.4000,2857.2000,2857.0000,2856.8000,2856.6000,2857.8000,2858.0000,2858.2000,2858.6000,2858.8000,3,2,6,4,1,1,1,1,5,2
SF,IH2006,2020-06-17 10:35:11.700,2857.4000,18764,-1,6731233560.000,2,0,2,空平,B,2857.2000,2857.0000,2856.8000,2856.6000,2856.2000,2857.8000,2858.0000,2858.2000,2858.6000,2858.8000,2,6,4,1,6,1,1,1,5,2
SF,IH2006,2020-06-17 10:35:12.200,2857.2000,18763,-1,6732947880.000,2,0,2,空平,B,2857.0000,2856.8000,2856.6000,2856.2000,2856.0000,2857.2000,2857.6000,2857.8000,2858.0000,2858.2000,6,4,1,6,31,1,2,1,1,1
SF,IH2006,2020-06-17 10:35:12.700,2857.2000,18762,-1,6733805040.000,1,0,1,双平,B,2857.4000,2857.0000,2856.8000,2856.6000,2856.2000,2857.6000,2857.8000,2858.0000,2858.2000,2858.6000,1,6,4,1,6,2,1,1,1,5
SF,IH2006,2020-06-17 10:35:13.200,2857.6000,18761,-1,6734662320.000,1,0,1,双平,B,2857.4000,2857.0000,2856.8000,2856.6000,2856.2000,2857.6000,2857.8000,2858.0000,2858.2000,2858.6000,2,6,4,1,6,1,1,1,1,5
SF,IH2006,2020-06-17 10:35:13.700,2857.4000,18760,-1,6736376760.000,2,0,2,空平,B,2857.0000,2856.8000,2856.6000,2856.2000,2856.0000,2857.4000,2857.6000,2857.8000,2858.0000,2858.2000,6,4,1,6,31,1,1,1,1,1
SF,IH2006,2020-06-17 10:35:14.200,2857.0000,18757,-3,6739805160.000,4,0,4,空平,B,2857.0000,2856.8000,2856.6000,2856.2000,2856.0000,2857.4000,2857.6000,2857.8000,2858.0000,2858.2000,3,4,1,6,31,4,1,1,1,1
SF,IH2006,2020-06-17 10:35:14.700,2857.0000,18757,0,6739805160.000,0,-,-,-,-,2857.2000,2857.0000,2856.8000,2856.6000,2856.2000,2857.4000,2857.6000,2857.8000,2858.0000,2858.2000,1,3,4,1,6,4,1,1,1,1
SF,IH2006,2020-06-17 10:35:15.700,2857.0000,18757,0,6739805160.000,0,-,-,-,-,2857.2000,2857.0000,2856.8000,2856.6000,2856.2000,2857.4000,2857.6000,2857.8000,2858.0000,2858.2000,1,3,4,1,6,1,1,1,1,1
SF,IH2006,2020-06-17 10:35:16.700,2857.2000,18757,0,6740662320.000,1,0,1,空换,B,2857.0000,2856.8000,2856.6000,2856.2000,2856.0000,2857.2000,2857.4000,2857.6000,2857.8000,2858.0000,3,4,1,6,31,4,1,1,1,1
SF,IH2006,2020-06-17 10:35:17.200,2857.2000,18757,0,6741519480.000,1,0,1,空换,B,2857.0000,2856.8000,2856.6000,2856.2000,2856.0000,2857.2000,2857.4000,2857.8000,2858.0000,2858.2000,3,4,1,6,31,3,1,1,1,1
SF,IH2006,2020-06-17 10:35:17.700,2857.2000,18755,-2,6744090960.000,3,0,3,空平,B,2857.2000,2857.0000,2856.8000,2856.6000,2856.2000,2857.4000,2857.8000,2858.0000,2858.2000,2858.6000,3,4,4,1,6,1,1,1,1,5
SF,IH2006,2020-06-17 10:35:18.200,2857.2000,18755,0,6744090960.000,0,-,-,-,-,2857.0000,2856.8000,2856.6000,2856.2000,2856.0000,2857.4000,2857.8000,2858.0000,2858.2000,2858.6000,5,4,1,6,31,1,1,1,1,5
SF,IH2006,2020-06-17 10:35:18.700,2857.0000,18754,-1,6745805280.000,2,0,2,空平,B,2857.0000,2856.8000,2856.6000,2856.2000,2856.0000,2857.8000,2858.0000,2858.2000,2858.6000,2858.8000,7,4,1,6,31,1,1,1,5,2
SF,IH2006,2020-06-17 10:35:19.200,2857.0000,18754,0,6745805280.000,0,-,-,-,-,2857.4000,2857.2000,2857.0000,2856.8000,2856.6000,2857.8000,2858.0000,2858.2000,2858.6000,2858.8000,1,1,7,4,1,2,1,1,4,2
SF,IH2006,2020-06-17 10:35:20.700,2857.0000,18754,0,6745805280.000,0,-,-,-,-,2857.4000,2857.2000,2857.0000,2856.8000,2856.6000,2857.6000,2857.8000,2858.0000,2858.2000,2858.6000,1,1,28,4,1,2,2,1,1,4
SF,IH2006,2020-06-17 10:35:21.700,2857.6000,18751,-3,6748376940.000,3,0,3,双平,B,2857.2000,2857.0000,2856.8000,2856.6000,2856.2000,2857.8000,2858.0000,2858.2000,2858.6000,2858.8000,1,28,4,1,6,2,1,1,4,2
SF,IH2006,2020-06-17 10:35:22.200,2857.6000,18751,0,6748376940.000,0,-,-,-,-,2857.6000,2857.4000,2857.2000,2857.0000,2856.8000,2857.8000,2858.0000,2858.2000,2858.6000,2858.8000,2,1,4,24,4,2,1,1,4,2
SF,IH2006,2020-06-17 10:35:22.700,2857.8000,18750,-1,6749234280.000,1,0,1,双平,B,2857.4000,2857.2000,2857.0000,2856.8000,2856.6000,2857.8000,2858.0000,2858.2000,2858.6000,2858.8000,1,6,24,4,1,1,1,1,4,2
SF,IH2006,2020-06-17 10:35:23.200,2857.8000,18750,0,6749234280.000,0,-,-,-,-,2857.6000,2857.4000,2857.2000,2857.0000,2856.8000,2857.8000,2858.0000,2858.2000,2858.6000,2858.8000,1,2,5,24,4,1,1,1,4,2
SF,IH2006,2020-06-17 10:35:23.700,2857.8000,18750,0,6749234280.000,0,-,-,-,-,2857.6000,2857.4000,2857.2000,2857.0000,2856.8000,2857.8000,2858.0000,2858.2000,2858.6000,2858.8000,1,1,4,24,4,1,1,1,4,2
SF,IH2006,2020-06-17 10:35:24.200,2857.8000,18750,0,6749234280.000,0,-,-,-,-,2857.6000,2857.4000,2857.2000,2857.0000,2856.8000,2857.8000,2858.0000,2858.2000,2858.6000,2858.8000,1,1,3,24,4,1,1,1,4,2
SF,IH2006,2020-06-17 10:35:24.700,2857.6000,18749,-1,6750091560.000,1,0,1,双平,B,2857.4000,2857.2000,2857.0000,2856.8000,2856.6000,2857.6000,2857.8000,2858.0000,2858.2000,2858.6000,1,3,24,4,1,1,1,1,1,4
SF,IH2006,2020-06-17 10:35:25.200,2857.6000,18749,0,6750091560.000,0,-,-,-,-,2857.2000,2857.0000,2856.8000,2856.6000,2856.2000,2857.6000,2857.8000,2858.0000,2858.2000,2858.6000,1,24,4,1,6,1,1,1,1,4
SF,IH2006,2020-06-17 10:35:25.700,2857.6000,18749,0,6750091560.000,0,-,-,-,-,2857.4000,2857.2000,2857.0000,2856.8000,2856.6000,2857.6000,2857.8000,2858.0000,2858.2000,2858.6000,1,3,24,4,1,1,1,1,1,4
SF,IH2006,2020-06-17 10:35:26.200,2857.4000,18749,0,6750948780.000,1,0,1,空换,B,2857.2000,2857.0000,2856.8000,2856.6000,2856.2000,2857.6000,2857.8000,2858.0000,2858.2000,2858.6000,3,24,4,1,6,1,1,1,1,4
SF,IH2006,2020-06-17 10:35:26.700,2857.6000,18749,0,6751806060.000,1,0,1,空换,B,2857.6000,2857.2000,2857.0000,2856.8000,2856.6000,2857.8000,2858.0000,2858.2000,2858.6000,2858.8000,1,3,24,4,1,1,1,1,4,2
SF,IH2006,2020-06-17 10:35:27.200,2857.6000,18749,0,6751806060.000,0,-,-,-,-,2857.6000,2857.2000,2857.0000,2856.8000,2856.6000,2857.8000,2858.0000,2858.2000,2858.6000,2858.8000,1,3,24,4,1,2,1,1,4,2
SF,IH2006,2020-06-17 10:35:28.200,2857.6000,18748,-1,6752663340.000,1,0,1,双平,B,2857.2000,2857.0000,2856.8000,2856.6000,2856.2000,2857.8000,2858.0000,2858.2000,2858.6000,2858.8000,3,24,4,1,6,2,1,1,4,2
SF,IH2006,2020-06-17 10:35:28.700,2857.6000,18748,0,6752663340.000,0,-,-,-,-,2857.4000,2857.2000,2857.0000,2856.8000,2856.6000,2857.8000,2858.0000,2858.2000,2858.6000,2858.8000,1,5,24,4,1,2,1,1,4,2
SF,IH2006,2020-06-17 10:35:29.200,2857.8000,18748,0,6753520680.000,1,0,1,空换,B,2857.4000,2857.2000,2857.0000,2856.8000,2856.6000,2857.8000,2858.0000,2858.2000,2858.6000,2858.8000,2,4,24,4,1,1,1,1,4,2
SF,IH2006,2020-06-17 10:35:30.200,2857.8000,18748,0,6753520680.000,0,-,-,-,-,2857.4000,2857.2000,2857.0000,2856.8000,2856.6000,2857.6000,2857.8000,2858.0000,2858.2000,2858.6000,3,4,24,4,1,3,1,1,1,4
SF,IH2006,2020-06-17 10:35:30.700,2857.6000,18747,-1,6755235240.000,2,0,2,空平,B,2857.4000,2857.2000,2857.0000,2856.8000,2856.6000,2857.6000,2858.0000,2858.2000,2858.6000,2858.8000,3,4,24,4,1,3,1,1,4,2
SF,IH2006,2020-06-17 10:35:31.200,2857.4000,18746,-1,6756092460.000,1,0,1,双平,B,2857.4000,2857.2000,2857.0000,2856.8000,2856.6000,2857.6000,2858.0000,2858.2000,2858.6000,2858.8000,1,2,24,4,1,2,1,1,4,2
SF,IH2006,2020-06-17 10:35:31.700,2857.4000,18746,0,6756092460.000,0,-,-,-,-,2857.4000,2857.2000,2857.0000,2856.8000,2856.6000,2857.6000,2858.0000,2858.2000,2858.6000,2858.8000,2,2,24,4,1,2,1,1,4,2
SF,IH2006,2020-06-17 10:35:32.200,2857.4000,18745,-1,6756949680.000,1,0,1,双平,B,2857.2000,2857.0000,2856.8000,2856.6000,2856.2000,2857.6000,2858.0000,2858.2000,2858.6000,2858.8000,2,24,4,1,6,2,1,1,4,2
SF,IH2006,2020-06-17 10:35:32.700,2857.4000,18744,-1,6757806900.000,1,0,1,双平,B,2857.2000,2857.0000,2856.8000,2856.6000,2856.2000,2857.4000,2857.6000,2858.0000,2858.2000,2858.6000,2,24,4,1,6,3,2,1,1,4
SF,IH2006,2020-06-17 10:35:33.200,2857.4000,18743,-1,6758664120.000,1,0,1,双平,B,2857.2000,2857.0000,2856.8000,2856.6000,2856.2000,2857.4000,2857.6000,2858.0000,2858.2000,2858.6000,1,24,4,1,6,3,1,1,1,4
SF,IH2006,2020-06-17 10:35:33.700,2857.4000,18743,0,6758664120.000,0,-,-,-,-,2857.2000,2857.0000,2856.8000,2856.6000,2856.2000,2857.4000,2857.6000,2858.0000,2858.2000,2858.6000,2,23,4,1,6,3,1,1,1,4
SF,IH2006,2020-06-17 10:35:34.200,2857.4000,18746,3,6761235780.000,3,3,0,双开,B,2857.4000,2857.2000,2857.0000,2856.8000,2856.6000,2857.6000,2858.0000,2858.2000,2858.6000,2858.8000,1,2,23,4,1,1,1,1,4,2
SF,IH2006,2020-06-17 10:35:34.700,2857.4000,18746,0,6761235780.000,0,-,-,-,-,2857.4000,2857.2000,2857.0000,2856.8000,2856.6000,2857.6000,2858.0000,2858.2000,2858.6000,2858.8000,2,2,22,4,1,3,1,1,4,2
SF,IH2006,2020-06-17 10:35:35.200,2857.4000,18746,0,6761235780.000,0,-,-,-,-,2857.4000,2857.2000,2857.0000,2856.8000,2856.6000,2857.6000,2858.0000,2858.2000,2858.6000,2858.8000,2,2,22,4,1,1,1,1,4,2
SF,IH2006,2020-06-17 10:35:36.700,2857.6000,18746,0,6762093060.000,1,0,1,空换,B,2857.4000,2857.2000,2857.0000,2856.8000,2856.6000,2858.0000,2858.2000,2858.6000,2858.8000,2859.4000,2,2,22,4,1,1,1,4,2,1
SF,IH2006,2020-06-17 10:35:37.200,2857.6000,18746,0,6762093060.000,0,-,-,-,-,2857.4000,2857.2000,2857.0000,2856.8000,2856.6000,2857.6000,2857.8000,2858.0000,2858.2000,2858.6000,2,2,22,4,1,1,4,1,1,4
SF,IH2006,2020-06-17 10:35:37.700,2857.6000,18746,0,6762093060.000,0,-,-,-,-,2857.4000,2857.2000,2857.0000,2856.8000,2856.6000,2857.6000,2857.8000,2858.0000,2858.2000,2858.6000,2,2,22,4,1,2,4,1,1,4
SF,IH2006,2020-06-17 10:35:38.200,2857.6000,18746,0,6762093060.000,0,-,-,-,-,2857.4000,2857.2000,2857.0000,2856.8000,2856.2000,2857.6000,2857.8000,2858.0000,2858.2000,2858.6000,2,2,22,4,6,2,4,1,1,4
SF,IH2006,2020-06-17 10:35:39.700,2857.6000,18746,0,6762093060.000,0,-,-,-,-,2857.4000,2857.2000,2857.0000,2856.8000,2856.2000,2857.6000,2857.8000,2858.0000,2858.2000,2858.6000,2,2,23,4,6,2,4,1,1,4
SF,IH2006,2020-06-17 10:35:40.700,2857.4000,18745,-1,6764664720.000,3,1,2,空平,B,2857.2000,2857.0000,2856.8000,2856.2000,2856.0000,2857.6000,2857.8000,2858.0000,2858.2000,2858.6000,2,23,4,6,31,2,4,1,1,4
SF,IH2006,2020-06-17 10:35:41.200,2857.4000,18745,0,6764664720.000,0,-,-,-,-,2857.2000,2857.0000,2856.8000,2856.2000,2856.0000,2857.6000,2857.8000,2858.0000,2858.2000,2858.6000,3,23,4,6,31,2,4,1,1,4
SF,IH2006,2020-06-17 10:35:42.700,2857.4000,18745,0,6764664720.000,0,-,-,-,-,2857.2000,2857.0000,2856.8000,2856.2000,2856.0000,2857.6000,2857.8000,2858.0000,2858.2000,2858.6000,4,23,4,6,31,2,4,1,1,4
SF,IH2006,2020-06-17 10:35:43.200,2857.4000,18745,0,6764664720.000,0,-,-,-,-,2857.2000,2857.0000,2856.8000,2856.2000,2856.0000,2857.6000,2857.8000,2858.0000,2858.2000,2858.6000,4,23,4,6,31,3,2,1,1,4
SF,IH2006,2020-06-17 10:35:43.700,2857.4000,18745,0,6764664720.000,0,-,-,-,-,2857.2000,2857.0000,2856.8000,2856.2000,2856.0000,2857.4000,2857.6000,2857.8000,2858.0000,2858.2000,5,23,4,6,31,2,3,2,1,1
SF,IH2006,2020-06-17 10:35:44.200,2857.4000,18744,-1,6767236380.000,3,1,2,空平,B,2857.4000,2857.2000,2857.0000,2856.8000,2856.2000,2857.6000,2857.8000,2858.0000,2858.2000,2858.6000,2,4,23,4,6,2,2,1,1,4
SF,IH2006,2020-06-17 10:35:44.700,2857.4000,18743,-1,6768093600.000,1,0,1,双平,B,2857.2000,2857.0000,2856.8000,2856.2000,2856.0000,2857.6000,2857.8000,2858.0000,2858.2000,2858.6000,3,23,4,6,31,2,2,1,1,4
SF,IH2006,2020-06-17 10:35:45.200,2857.4000,18743,0,6768093600.000,0,-,-,-,-,2857.4000,2857.2000,2857.0000,2856.8000,2856.2000,2857.6000,2857.8000,2858.0000,2858.2000,2858.6000,1,5,22,4,6,2,2,1,1,4
SF,IH2006,2020-06-17 10:35:45.700,2857.4000,18743,0,6768093600.000,0,-,-,-,-,2857.2000,2857.0000,2856.8000,2856.2000,2856.0000,2857.6000,2857.8000,2858.0000,2858.2000,2858.6000,7,22,4,6,31,2,2,1,1,4
SF,IH2006,2020-06-17 10:35:46.200,2857.4000,18743,0,6768093600.000,0,-,-,-,-,2857.2000,2857.0000,2856.8000,2856.2000,2856.0000,2857.6000,2857.8000,2858.0000,2858.2000,2858.6000,6,22,4,6,31,2,2,1,1,4
SF,IH2006,2020-06-17 10:35:46.700,2857.4000,18743,0,6768093600.000,0,-,-,-,-,2857.2000,2857.0000,2856.8000,2856.2000,2856.0000,2857.6000,2857.8000,2858.0000,2858.2000,2858.6000,5,22,4,6,31,2,2,1,1,4
SF,IH2006,2020-06-17 10:35:47.200,2857.4000,18743,0,6768093600.000,0,-,-,-,-,2857.2000,2857.0000,2856.8000,2856.2000,2856.0000,2857.6000,2857.8000,2858.0000,2858.2000,2858.6000,5,22,4,6,31,1,2,1,1,4
SF,IH2006,2020-06-17 10:35:48.200,2857.4000,18743,0,6768093600.000,0,-,-,-,-,2857.2000,2857.0000,2856.8000,2856.2000,2856.0000,2857.4000,2857.6000,2857.8000,2858.0000,2858.2000,5,22,4,6,31,1,1,2,1,1
SF,IH2006,2020-06-17 10:35:48.700,2857.2000,18746,3,6772379460.000,5,4,1,多开,B,2857.0000,2856.8000,2856.2000,2856.0000,2855.4000,2857.2000,2857.6000,2857.8000,2858.0000,2858.2000,22,4,6,31,4,1,1,2,1,1
SF,IH2006,2020-06-17 10:35:49.200,2857.2000,18746,0,6773236620.000,1,0,1,空换,B,2857.2000,2857.0000,2856.8000,2856.2000,2856.0000,2857.6000,2857.8000,2858.0000,2858.2000,2858.6000,3,22,4,6,31,1,1,1,1,4
SF,IH2006,2020-06-17 10:35:49.700,2857.2000,18746,0,6773236620.000,0,-,-,-,-,2857.2000,2857.0000,2856.8000,2856.2000,2856.0000,2857.6000,2857.8000,2858.0000,2858.2000,2858.6000,1,22,4,6,31,1,1,1,1,4
SF,IH2006,2020-06-17 10:35:50.200,2857.2000,18746,0,6773236620.000,0,-,-,-,-,2857.2000,2857.0000,2856.8000,2856.2000,2856.0000,2857.6000,2857.8000,2858.0000,2858.2000,2858.6000,1,22,4,6,31,1,1,1,1,4
SF,IH2006,2020-06-17 10:35:50.700,2857.2000,18746,0,6773236620.000,0,-,-,-,-,2857.2000,2857.0000,2856.8000,2856.2000,2856.0000,2857.6000,2857.8000,2858.0000,2858.2000,2858.6000,2,22,4,6,31,1,1,3,1,4
SF,IH2006,2020-06-17 10:35:51.200,2857.2000,18746,0,6773236620.000,0,-,-,-,-,2857.2000,2857.0000,2856.8000,2856.2000,2856.0000,2857.6000,2857.8000,2858.0000,2858.2000,2858.6000,3,22,4,6,31,1,1,3,1,4
SF,IH2006,2020-06-17 10:35:51.700,2857.2000,18746,0,6773236620.000,0,-,-,-,-,2857.2000,2857.0000,2856.8000,2856.2000,2856.0000,2857.6000,2857.8000,2858.0000,2858.2000,2858.6000,4,22,4,6,31,1,1,3,1,4
SF,IH2006,2020-06-17 10:35:52.700,2857.2000,18746,0,6773236620.000,0,-,-,-,-,2857.2000,2857.0000,2856.8000,2856.2000,2856.0000,2857.6000,2857.8000,2858.0000,2858.2000,2858.6000,4,22,4,6,31,1,1,3,1,4
SF,IH2006,2020-06-17 10:35:53.200,2857.6000,18746,0,6774093900.000,1,0,1,空换,B,2857.2000,2857.0000,2856.8000,2856.2000,2856.0000,2857.8000,2858.0000,2858.2000,2858.6000,2858.8000,4,22,4,6,31,1,3,1,4,2
SF,IH2006,2020-06-17 10:35:53.700,2857.8000,18745,-1,6774951240.000,1,0,1,双平,B,2857.4000,2857.2000,2857.0000,2856.8000,2856.2000,2858.0000,2858.2000,2858.6000,2858.8000,2859.6000,1,4,22,4,6,3,1,4,2,1
SF,IH2006,2020-06-17 10:35:54.200,2857.8000,18745,0,6774951240.000,0,-,-,-,-,2857.6000,2857.4000,2857.2000,2857.0000,2856.8000,2858.0000,2858.2000,2858.6000,2858.8000,2859.6000,1,1,3,22,4,3,1,4,2,1
SF,IH2006,2020-06-17 10:35:55.700,2857.8000,18745,0,6774951240.000,0,-,-,-,-,2857.6000,2857.4000,2857.2000,2857.0000,2856.8000,2857.8000,2858.0000,2858.2000,2858.6000,2858.8000,1,1,3,22,4,1,3,1,4,2
SF,IH2006,2020-06-17 10:35:56.700,2857.6000,18746,1,6775808520.000,1,1,0,双开,B,2857.4000,2857.2000,2857.0000,2856.8000,2856.2000,2857.8000,2858.0000,2858.2000,2858.6000,2858.8000,1,3,22,3,6,1,3,1,4,2
SF,IH2006,2020-06-17 10:35:57.200,2857.8000,18745,-1,6776665860.000,1,0,1,双平,B,2857.4000,2857.2000,2857.0000,2856.8000,2856.2000,2858.0000,2858.2000,2858.6000,2858.8000,2859.6000,1,3,22,3,6,3,1,4,2,1
SF,IH2006,2020-06-17 10:35:58.700,2857.8000,18745,0,6776665860.000,0,-,-,-,-,2857.4000,2857.2000,2857.0000,2856.8000,2856.2000,2858.0000,2858.2000,2858.6000,2858.8000,2859.6000,1,4,22,3,6,3,1,4,2,1
SF,IH2006,2020-06-17 10:35:59.200,2857.8000,18745,0,6776665860.000,0,-,-,-,-,2857.4000,2857.2000,2857.0000,2856.8000,2856.2000,2857.8000,2858.0000,2858.2000,2858.6000,2858.8000,1,4,22,3,6,4,3,1,4,2
SF,IH2006,2020-06-17 10:35:59.700,2857.8000,18745,0,6777523200.000,1,0,1,空换,B,2857.4000,2857.2000,2857.0000,2856.8000,2856.2000,2858.0000,2858.2000,2858.6000,2858.8000,2859.6000,1,3,22,3,6,3,1,4,2,1
SF,IH2006,2020-06-17 10:36:00.200,2857.8000,18745,0,6777523200.000,0,-,-,-,-,2857.4000,2857.2000,2857.0000,2856.8000,2856.2000,2857.6000,2858.0000,2858.2000,2858.6000,2858.8000,1,3,22,3,6,1,3,1,4,2
SF,IH2006,2020-06-17 10:36:00.700,2857.8000,18745,0,6777523200.000,0,-,-,-,-,2857.4000,2857.2000,2857.0000,2856.8000,2856.2000,2858.0000,2858.2000,2858.6000,2858.8000,2859.6000,1,3,22,3,6,3,1,4,2,1
SF,IH2006,2020-06-17 10:36:01.200,2857.8000,18745,0,6777523200.000,0,-,-,-,-,2857.4000,2857.2000,2857.0000,2856.8000,2856.2000,2857.8000,2858.0000,2858.2000,2858.6000,2858.8000,1,3,22,3,6,1,4,1,4,2
SF,IH2006,2020-06-17 10:36:01.700,2857.8000,18745,0,6777523200.000,0,-,-,-,-,2857.4000,2857.2000,2857.0000,2856.8000,2856.2000,2857.8000,2858.0000,2858.2000,2858.6000,2858.8000,1,3,22,3,6,3,4,1,4,2
SF,IH2006,2020-06-17 10:36:03.200,2857.8000,18745,0,6777523200.000,0,-,-,-,-,2857.4000,2857.2000,2857.0000,2856.8000,2856.2000,2857.6000,2857.8000,2858.0000,2858.2000,2858.6000,2,3,22,3,6,1,3,4,1,4
SF,IH2006,2020-06-17 10:36:04.200,2857.8000,18745,0,6777523200.000,0,-,-,-,-,2857.4000,2857.2000,2857.0000,2856.8000,2856.2000,2857.6000,2857.8000,2858.0000,2858.2000,2858.6000,2,3,22,3,6,1,3,5,1,4
SF,IH2006,2020-06-17 10:36:04.700,2857.4000,18745,0,6778380420.000,1,0,1,空换,B,2857.4000,2857.2000,2857.0000,2856.8000,2856.2000,2857.6000,2857.8000,2858.0000,2858.2000,2858.6000,1,3,22,3,6,1,3,5,1,4
SF,IH2006,2020-06-17 10:36:05.200,2857.4000,18745,0,6779237640.000,1,0,1,空换,B,2857.2000,2857.0000,2856.8000,2856.2000,2856.0000,2857.6000,2857.8000,2858.0000,2858.2000,2858.6000,3,22,3,6,31,1,3,5,1,4
SF,IH2006,2020-06-17 10:36:05.700,2857.4000,18745,0,6779237640.000,0,-,-,-,-,2857.4000,2857.2000,2857.0000,2856.8000,2856.2000,2857.8000,2858.0000,2858.2000,2858.6000,2858.8000,2,3,22,3,6,3,5,1,4,2
SF,IH2006,2020-06-17 10:36:06.200,2857.4000,18744,-1,6780094860.000,1,0,1,双平,B,2857.2000,2857.0000,2856.8000,2856.2000,2856.0000,2857.8000,2858.0000,2858.2000,2858.6000,2858.8000,3,22,3,6,31,3,5,1,4,2
SF,IH2006,2020-06-17 10:36:06.700,2857.6000,18743,-1,6780952140.000,1,0,1,双平,B,2857.2000,2857.0000,2856.8000,2856.2000,2856.0000,2857.6000,2857.8000,2858.0000,2858.2000,2858.6000,3,22,3,6,31,1,3,5,1,4
SF,IH2006,2020-06-17 10:36:08.200,2857.6000,18743,0,6780952140.000,0,-,-,-,-,2857.2000,2857.0000,2856.8000,2856.2000,2856.0000,2857.6000,2857.8000,2858.0000,2858.2000,2858.6000,3,23,3,6,31,1,3,5,1,4
SF,IH2006,2020-06-17 10:36:09.700,2857.6000,18742,-1,6781809420.000,1,0,1,双平,B,2857.2000,2857.0000,2856.8000,2856.2000,2856.0000,2857.8000,2858.0000,2858.2000,2858.6000,2858.8000,3,23,3,6,31,3,5,1,4,2
SF,IH2006,2020-06-17 10:36:11.700,2857.8000,18741,-1,6782666760.000,1,0,1,双平,B,2857.2000,2857.0000,2856.8000,2856.2000,2856.0000,2857.8000,2858.0000,2858.2000,2858.6000,2858.8000,4,23,3,6,31,2,5,1,4,2
SF,IH2006,2020-06-17 10:36:12.200,2857.8000,18741,0,6782666760.000,0,-,-,-,-,2857.4000,2857.2000,2857.0000,2856.8000,2856.2000,2857.8000,2858.0000,2858.2000,2858.6000,2858.8000,2,5,23,3,6,2,4,1,4,2
SF,IH2006,2020-06-17 10:36:12.700,2857.8000,18741,0,6782666760.000,0,-,-,-,-,2857.4000,2857.2000,2857.0000,2856.8000,2856.2000,2857.6000,2857.8000,2858.0000,2858.2000,2858.6000,2,4,23,3,6,1,3,4,1,4
SF,IH2006,2020-06-17 10:36:13.200,2857.8000,18741,0,6782666760.000,0,-,-,-,-,2857.4000,2857.2000,2857.0000,2856.8000,2856.2000,2857.8000,2858.0000,2858.2000,2858.6000,2858.8000,2,4,23,3,6,3,4,1,4,2
SF,IH2006,2020-06-17 10:36:13.700,2857.4000,18741,0,6783523980.000,1,0,1,空换,B,2857.4000,2857.2000,2857.0000,2856.8000,2856.2000,2857.8000,2858.0000,2858.2000,2858.6000,2858.8000,1,4,23,3,6,3,4,1,4,2
SF,IH2006,2020-06-17 10:36:14.200,2857.4000,18741,0,6783523980.000,0,-,-,-,-,2857.4000,2857.2000,2857.0000,2856.8000,2856.2000,2857.6000,2857.8000,2858.0000,2858.2000,2858.6000,1,4,23,3,6,1,3,4,1,4
SF,IH2006,2020-06-17 10:36:17.200,2857.4000,18741,0,6783523980.000,0,-,-,-,-,2857.4000,2857.2000,2857.0000,2856.8000,2856.2000,2857.6000,2857.8000,2858.0000,2858.2000,2858.6000,1,4,24,3,6,1,3,4,1,4
SF,IH2006,2020-06-17 10:36:17.700,2857.4000,18741,0,6783523980.000,0,-,-,-,-,2857.2000,2857.0000,2856.8000,2856.2000,2856.0000,2857.6000,2857.8000,2858.0000,2858.2000,2858.6000,4,24,3,6,31,2,3,4,1,4
SF,IH2006,2020-06-17 10:36:18.700,2857.4000,18741,0,6783523980.000,0,-,-,-,-,2857.2000,2857.0000,2856.8000,2856.2000,2856.0000,2857.6000,2857.8000,2858.0000,2858.2000,2858.6000,4,24,3,5,31,3,3,4,1,4
SF,IH2006,2020-06-17 10:36:19.200,2857.4000,18741,0,6783523980.000,0,-,-,-,-,2857.2000,2857.0000,2856.8000,2856.2000,2856.0000,2857.6000,2857.8000,2858.0000,2858.2000,2858.6000,4,24,3,5,31,4,3,4,1,4
SF,IH2006,2020-06-17 10:36:19.700,2857.4000,18741,0,6783523980.000,0,-,-,-,-,2857.4000,2857.2000,2857.0000,2856.8000,2856.2000,2857.6000,2857.8000,2858.0000,2858.2000,2858.6000,1,4,24,3,5,4,3,4,1,4
SF,IH2006,2020-06-17 10:36:20.700,2857.4000,18740,-1,6784381200.000,1,0,1,双平,B,2857.4000,2857.2000,2857.0000,2856.8000,2856.2000,2857.6000,2857.8000,2858.0000,2858.2000,2858.6000,1,4,24,3,5,4,3,4,1,4
SF,IH2006,2020-06-17 10:36:21.700,2857.4000,18739,-1,6785238420.000,1,0,1,双平,B,2857.2000,2857.0000,2856.8000,2856.2000,2856.0000,2857.6000,2857.8000,2858.0000,2858.2000,2858.6000,4,24,3,5,31,4,3,4,1,4
SF,IH2006,2020-06-17 10:36:22.700,2857.4000,18739,0,6785238420.000,0,-,-,-,-,2857.2000,2857.0000,2856.8000,2856.2000,2856.0000,2857.4000,2857.6000,2857.8000,2858.0000,2858.2000,5,24,3,5,31,1,4,3,4,1
SF,IH2006,2020-06-17 10:36:23.200,2857.2000,18738,-1,6786095580.000,1,0,1,双平,B,2857.2000,2857.0000,2856.8000,2856.2000,2856.0000,2857.4000,2857.6000,2857.8000,2858.0000,2858.2000,4,24,3,5,31,1,4,2,4,1
SF,IH2006,2020-06-17 10:36:23.700,2857.2000,18738,0,6786095580.000,0,-,-,-,-,2857.2000,2857.0000,2856.8000,2856.2000,2856.0000,2857.4000,2857.6000,2857.8000,2858.0000,2858.2000,4,24,3,5,31,2,4,2,4,1
SF,IH2006,2020-06-17 10:36:24.200,2857.2000,18737,-1,6786952740.000,1,0,1,双平,B,2857.2000,2857.0000,2856.8000,2856.2000,2856.0000,2857.4000,2857.6000,2857.8000,2858.0000,2858.6000,3,24,3,5,31,2,4,2,4,4
SF,IH2006,2020-06-17 10:36:24.700,2857.2000,18737,0,6786952740.000,0,-,-,-,-,2857.2000,2857.0000,2856.8000,2856.2000,2856.0000,2857.4000,2857.6000,2857.8000,2858.0000,2858.6000,3,24,3,5,31,3,3,2,4,4
SF,IH2006,2020-06-17 10:36:25.200,2857.2000,18737,0,6786952740.000,0,-,-,-,-,2857.2000,2857.0000,2856.8000,2856.2000,2856.0000,2857.4000,2857.6000,2857.8000,2858.0000,2858.6000,3,25,3,5,31,3,3,2,4,4
SF,IH2006,2020-06-17 10:36:26.200,2857.2000,18736,-1,6787809900.000,1,0,1,双平,B,2857.2000,2857.0000,2856.8000,2856.2000,2856.0000,2857.4000,2857.6000,2857.8000,2858.0000,2858.6000,2,25,3,5,31,3,3,2,4,4
SF,IH2006,2020-06-17 10:36:26.700,2857.2000,18736,0,6787809900.000,0,-,-,-,-,2857.2000,2857.0000,2856.8000,2856.2000,2856.0000,2857.4000,2857.6000,2857.8000,2858.0000,2858.6000,2,25,3,5,30,3,3,2,4,4
SF,IH2006,2020-06-17 10:36:27.200,2857.2000,18735,-1,6788667060.000,1,0,1,双平,B,2857.2000,2857.0000,2856.8000,2856.2000,2856.0000,2857.4000,2857.6000,2857.8000,2858.0000,2858.6000,1,25,3,5,30,3,3,2,4,4
SF,IH2006,2020-06-17 10:36:28.700,2857.2000,18735,0,6788667060.000,0,-,-,-,-,2857.2000,2857.0000,2856.8000,2856.2000,2856.0000,2857.4000,2857.6000,2857.8000,2858.0000,2858.6000,1,25,3,5,30,3,2,2,4,4
SF,IH2006,2020-06-17 10:36:29.700,2857.2000,18736,1,6789524220.000,1,1,0,双开,B,2857.0000,2856.8000,2856.2000,2856.0000,2855.4000,2857.4000,2857.6000,2857.8000,2858.0000,2858.6000,25,3,5,30,4,3,2,2,4,4
SF,IH2006,2020-06-17 10:36:30.200,2857.2000,18735,-1,6790381380.000,1,0,1,双平,B,2857.0000,2856.8000,2856.2000,2856.0000,2855.4000,2857.2000,2857.4000,2857.6000,2857.8000,2858.0000,25,3,5,30,4,2,3,2,2,4
SF,IH2006,2020-06-17 10:36:30.700,2857.4000,18736,1,6793810140.000,4,2,2,多开,B,2857.2000,2857.0000,2856.8000,2856.2000,2856.0000,2857.4000,2857.6000,2857.8000,2858.0000,2858.6000,3,25,3,5,30,1,2,2,4,4
SF,IH2006,2020-06-17 10:36:31.200,2857.4000,18736,0,6793810140.000,0,-,-,-,-,2857.0000,2856.8000,2856.2000,2856.0000,2855.4000,2857.4000,2857.6000,2857.8000,2858.0000,2858.6000,25,3,5,30,4,1,2,2,4,4
SF,IH2006,2020-06-17 10:36:31.700,2857.4000,18736,0,6793810140.000,0,-,-,-,-,2857.0000,2856.8000,2856.2000,2856.0000,2855.4000,2857.2000,2857.4000,2857.6000,2857.8000,2858.0000,25,3,5,30,4,1,1,2,2,4
SF,IH2006,2020-06-17 10:36:32.200,2857.2000,18736,0,6794667300.000,1,0,1,空换,B,2857.0000,2856.8000,2856.2000,2856.0000,2855.4000,2857.4000,2857.6000,2857.8000,2858.0000,2858.6000,25,3,5,30,4,1,2,2,4,4
SF,IH2006,2020-06-17 10:36:32.700,2857.4000,18735,-1,6795524520.000,1,0,1,双平,B,2857.0000,2856.8000,2856.2000,2856.0000,2855.4000,2857.6000,2857.8000,2858.0000,2858.6000,2858.8000,25,3,5,30,4,2,2,4,4,2
SF,IH2006,2020-06-17 10:36:33.200,2857.4000,18735,0,6795524520.000,0,-,-,-,-,2857.2000,2857.0000,2856.8000,2856.2000,2856.0000,2857.6000,2857.8000,2858.0000,2858.6000,2858.8000,2,25,3,5,30,1,2,4,4,2
SF,IH2006,2020-06-17 10:36:33.700,2857.6000,18735,0,6797239020.000,2,1,1,空换,B,2857.2000,2857.0000,2856.8000,2856.2000,2856.0000,2857.8000,2858.0000,2858.6000,2858.8000,2859.6000,2,25,3,5,30,2,4,4,2,1
SF,IH2006,2020-06-17 10:36:34.200,2857.6000,18735,0,6797239020.000,0,-,-,-,-,2857.2000,2857.0000,2856.8000,2856.2000,2856.0000,2857.6000,2858.0000,2858.6000,2858.8000,2859.6000,3,25,3,5,30,1,4,4,2,1
SF,IH2006,2020-06-17 10:36:34.700,2857.6000,18735,0,6798096300.000,1,0,1,空换,B,2857.6000,2857.4000,2857.2000,2857.0000,2856.8000,2858.0000,2858.6000,2858.8000,2859.6000,2859.8000,1,2,3,25,3,4,4,2,1,6
SF,IH2006,2020-06-17 10:36:35.200,2857.6000,18735,0,6798096300.000,0,-,-,-,-,2857.4000,2857.2000,2857.0000,2856.8000,2856.2000,2858.0000,2858.6000,2858.8000,2859.0000,2859.6000,2,3,25,3,5,4,4,2,1,1
SF,IH2006,2020-06-17 10:36:36.200,2857.6000,18735,0,6798096300.000,0,-,-,-,-,2857.4000,2857.2000,2857.0000,2856.8000,2856.2000,2857.8000,2858.0000,2858.6000,2858.8000,2859.0000,1,3,25,3,5,1,4,4,2,1
SF,IH2006,2020-06-17 10:36:36.700,2857.6000,18735,0,6798096300.000,0,-,-,-,-,2857.2000,2857.0000,2856.8000,2856.2000,2856.0000,2857.4000,2857.8000,2858.0000,2858.6000,2858.8000,3,25,3,5,30,2,1,4,4,2
SF,IH2006,2020-06-17 10:36:37.200,2858.0000,18735,0,6798953700.000,1,0,1,空换,B,2857.6000,2857.4000,2857.2000,2857.0000,2856.8000,2858.0000,2858.6000,2858.8000,2859.0000,2859.6000,2,1,2,25,3,3,4,2,1,1
SF,IH2006,2020-06-17 10:36:37.700,2858.0000,18735,0,6798953700.000,0,-,-,-,-,2857.6000,2857.4000,2857.2000,2857.0000,2856.8000,2858.0000,2858.6000,2858.8000,2859.0000,2859.6000,1,1,2,25,3,3,4,2,1,1
SF,IH2006,2020-06-17 10:36:38.200,2858.0000,18735,0,6798953700.000,0,-,-,-,-,2857.6000,2857.4000,2857.2000,2857.0000,2856.8000,2857.8000,2858.0000,2858.6000,2858.8000,2859.0000,1,1,2,25,3,2,3,4,2,1
SF,IH2006,2020-06-17 10:36:38.700,2858.0000,18735,0,6798953700.000,0,-,-,-,-,2857.6000,2857.4000,2857.2000,2857.0000,2856.8000,2858.0000,2858.6000,2858.8000,2859.6000,2859.8000,1,1,2,25,3,3,4,2,1,6
SF,IH2006,2020-06-17 10:36:40.200,2857.6000,18734,-1,6799810980.000,1,0,1,双平,B,2857.4000,2857.2000,2857.0000,2856.8000,2856.2000,2858.0000,2858.6000,2858.8000,2859.6000,2859.8000,1,2,25,3,5,3,4,2,1,6
SF,IH2006,2020-06-17 10:36:40.700,2857.6000,18734,0,6799810980.000,0,-,-,-,-,2857.4000,2857.2000,2857.0000,2856.8000,2856.2000,2857.8000,2858.0000,2858.6000,2858.8000,2859.6000,1,1,25,3,5,1,3,4,2,1
SF,IH2006,2020-06-17 10:36:41.200,2857.6000,18734,0,6799810980.000,0,-,-,-,-,2857.4000,2857.2000,2857.0000,2856.8000,2856.2000,2857.8000,2858.0000,2858.6000,2858.8000,2859.6000,1,1,24,3,5,1,3,4,2,1
SF,IH2006,2020-06-17 10:36:42.200,2857.8000,18733,-1,6800668320.000,1,0,1,双平,B,2857.4000,2857.2000,2857.0000,2856.8000,2856.2000,2858.0000,2858.6000,2858.8000,2859.6000,2859.8000,1,2,24,3,5,3,4,2,1,6
SF,IH2006,2020-06-17 10:36:42.700,2857.8000,18733,0,6800668320.000,0,-,-,-,-,2857.8000,2857.4000,2857.2000,2857.0000,2856.8000,2858.0000,2858.6000,2858.8000,2859.6000,2859.8000,1,2,3,25,3,3,4,2,1,6
SF,IH2006,2020-06-17 10:36:43.200,2857.8000,18733,0,6800668320.000,0,-,-,-,-,2857.8000,2857.4000,2857.2000,2857.0000,2856.8000,2858.0000,2858.6000,2858.8000,2859.6000,2859.8000,1,2,3,25,3,4,4,2,1,6
SF,IH2006,2020-06-17 10:36:43.700,2857.8000,18733,0,6800668320.000,0,-,-,-,-,2857.8000,2857.4000,2857.2000,2857.0000,2856.8000,2858.0000,2858.6000,2858.8000,2859.6000,2859.8000,1,3,3,25,3,4,4,2,1,6
SF,IH2006,2020-06-17 10:36:44.200,2857.8000,18733,0,6800668320.000,0,-,-,-,-,2857.8000,2857.4000,2857.2000,2857.0000,2856.8000,2858.0000,2858.6000,2858.8000,2859.6000,2859.8000,1,3,3,25,3,4,4,2,1,6
SF,IH2006,2020-06-17 10:36:45.200,2857.8000,18733,0,6800668320.000,0,-,-,-,-,2857.8000,2857.4000,2857.2000,2857.0000,2856.8000,2858.0000,2858.6000,2858.8000,2859.6000,2859.8000,1,4,3,25,3,4,4,2,1,6
SF,IH2006,2020-06-17 10:36:45.700,2857.8000,18732,-1,6801525660.000,1,0,1,双平,B,2857.4000,2857.2000,2857.0000,2856.8000,2856.2000,2858.0000,2858.6000,2858.8000,2859.6000,2859.8000,4,3,25,3,5,4,4,2,1,6
SF,IH2006,2020-06-17 10:36:46.700,2858.0000,18732,0,6802383060.000,1,0,1,空换,B,2857.6000,2857.4000,2857.2000,2857.0000,2856.8000,2858.0000,2858.6000,2858.8000,2859.6000,2859.8000,1,4,2,25,3,3,4,2,1,6
SF,IH2006,2020-06-17 10:36:48.700,2858.0000,18732,0,6803240460.000,1,0,1,空换,B,2857.6000,2857.4000,2857.2000,2857.0000,2856.8000,2858.0000,2858.6000,2858.8000,2859.6000,2859.8000,1,4,2,25,3,2,4,2,1,6
SF,IH2006,2020-06-17 10:36:49.700,2858.0000,18732,0,6803240460.000,0,-,-,-,-,2857.6000,2857.4000,2857.2000,2857.0000,2856.8000,2857.8000,2858.0000,2858.6000,2858.8000,2859.6000,1,4,4,25,3,3,2,4,2,1
SF,IH2006,2020-06-17 10:36:50.200,2858.0000,18732,0,6803240460.000,0,-,-,-,-,2857.6000,2857.4000,2857.2000,2857.0000,2856.8000,2858.0000,2858.6000,2858.8000,2859.6000,2859.8000,1,4,4,25,3,2,4,2,1,6
SF,IH2006,2020-06-17 10:36:50.700,2857.6000,18731,-1,6804097740.000,1,0,1,双平,B,2857.4000,2857.2000,2857.0000,2856.8000,2856.2000,2857.6000,2857.8000,2858.0000,2858.6000,2858.8000,3,4,25,3,5,8,3,2,4,2
SF,IH2006,2020-06-17 10:36:51.200,2857.6000,18731,0,6804097740.000,0,-,-,-,-,2857.4000,2857.2000,2857.0000,2856.8000,2856.2000,2857.6000,2857.8000,2858.0000,2858.6000,2858.8000,3,4,25,3,5,1,3,2,4,2
SF,IH2006,2020-06-17 10:36:51.700,2857.6000,18731,0,6804097740.000,0,-,-,-,-,2857.4000,2857.2000,2857.0000,2856.8000,2856.2000,2857.8000,2858.0000,2858.6000,2858.8000,2859.6000,3,4,25,3,5,3,2,4,2,1
SF,IH2006,2020-06-17 10:36:52.200,2857.6000,18731,0,6804097740.000,0,-,-,-,-,2857.4000,2857.2000,2857.0000,2856.8000,2856.2000,2857.8000,2858.0000,2858.6000,2858.8000,2859.6000,3,4,25,3,5,3,2,4,2,1
SF,IH2006,2020-06-17 10:36:52.700,2857.6000,18731,0,6804097740.000,0,-,-,-,-,2857.4000,2857.2000,2857.0000,2856.8000,2856.2000,2857.8000,2858.0000,2858.6000,2858.8000,2859.6000,3,4,26,3,5,3,2,4,2,1
SF,IH2006,2020-06-17 10:36:53.700,2857.8000,18730,-1,6805812300.000,2,0,2,空平,B,2857.4000,2857.2000,2857.0000,2856.8000,2856.2000,2857.8000,2858.0000,2858.6000,2858.8000,2859.6000,2,4,26,3,5,2,2,4,2,1
SF,IH2006,2020-06-17 10:36:54.200,2857.8000,18730,0,6805812300.000,0,-,-,-,-,2857.4000,2857.2000,2857.0000,2856.8000,2856.2000,2857.8000,2858.0000,2858.6000,2858.8000,2859.6000,2,4,26,3,5,1,2,4,2,1
SF,IH2006,2020-06-17 10:36:56.200,2857.8000,18730,0,6805812300.000,0,-,-,-,-,2857.4000,2857.2000,2857.0000,2856.8000,2856.2000,2858.0000,2858.6000,2858.8000,2859.6000,2859.8000,2,4,26,3,5,2,4,2,1,6
SF,IH2006,2020-06-17 10:36:57.200,2857.8000,18730,0,6805812300.000,0,-,-,-,-,2857.4000,2857.2000,2857.0000,2856.8000,2856.2000,2857.8000,2858.0000,2858.6000,2858.8000,2859.6000,2,4,26,3,5,2,2,4,2,1
SF,IH2006,2020-06-17 10:36:57.700,2857.8000,18730,0,6805812300.000,0,-,-,-,-,2857.4000,2857.2000,2857.0000,2856.8000,2856.2000,2857.8000,2858.0000,2858.6000,2858.8000,2859.6000,3,4,26,3,5,2,2,4,2,1
SF,IH2006,2020-06-17 10:36:58.200,2857.8000,18730,0,6805812300.000,0,-,-,-,-,2857.4000,2857.2000,2857.0000,2856.8000,2856.2000,2857.6000,2857.8000,2858.0000,2858.6000,2858.8000,3,4,26,3,5,1,2,2,4,2
SF,IH2006,2020-06-17 10:36:58.700,2857.8000,18729,-1,6807526980.000,2,0,2,空平,B,2857.4000,2857.2000,2857.0000,2856.8000,2856.2000,2858.0000,2858.6000,2858.8000,2859.6000,2859.8000,3,4,26,3,5,2,4,2,1,6
SF,IH2006,2020-06-17 10:36:59.200,2857.6000,18728,-1,6808384260.000,1,0,1,双平,B,2857.6000,2857.4000,2857.2000,2857.0000,2856.8000,2858.0000,2858.6000,2858.8000,2859.6000,2859.8000,1,3,5,26,3,2,4,2,1,6
SF,IH2006,2020-06-17 10:36:59.700,2857.6000,18728,0,6808384260.000,0,-,-,-,-,2857.6000,2857.4000,2857.2000,2857.0000,2856.8000,2858.0000,2858.6000,2858.8000,2859.6000,2859.8000,1,3,6,26,3,2,4,2,1,6
SF,IH2006,2020-06-17 10:37:00.200,2857.6000,18728,0,6808384260.000,0,-,-,-,-,2857.8000,2857.6000,2857.4000,2857.2000,2857.0000,2858.0000,2858.6000,2858.8000,2859.6000,2859.8000,1,1,4,6,26,2,4,2,1,6
SF,IH2006,2020-06-17 10:37:00.700,2857.4000,18727,-1,6810098820.000,2,0,2,空平,B,2857.4000,2857.2000,2857.0000,2856.8000,2856.2000,2857.8000,2858.0000,2858.6000,2858.8000,2859.6000,3,6,26,3,5,5,2,4,2,1
SF,IH2006,2020-06-17 10:37:01.200,2857.4000,18727,0,6810098820.000,0,-,-,-,-,2857.4000,2857.2000,2857.0000,2856.8000,2856.2000,2857.8000,2858.0000,2858.6000,2858.8000,2859.6000,3,6,26,3,5,2,2,4,2,1
SF,IH2006,2020-06-17 10:37:01.700,2857.8000,18725,-2,6813528180.000,4,1,3,空平,B,2857.8000,2857.6000,2857.4000,2857.2000,2857.0000,2858.0000,2858.6000,2858.8000,2859.6000,2859.8000,1,2,3,6,26,2,4,2,1,6
SF,IH2006,2020-06-17 10:37:02.200,2857.8000,18725,0,6813528180.000,0,-,-,-,-,2857.8000,2857.6000,2857.4000,2857.2000,2857.0000,2858.0000,2858.6000,2858.8000,2859.6000,2859.8000,1,2,3,6,26,2,4,2,1,6
SF,IH2006,2020-06-17 10:37:03.700,2858.0000,18724,-1,6814385580.000,1,0,1,双平,B,2857.8000,2857.6000,2857.4000,2857.2000,2857.0000,2858.0000,2858.6000,2858.8000,2859.6000,2859.8000,1,2,3,6,26,1,4,2,1,6
SF,IH2006,2020-06-17 10:37:04.200,2858.0000,18724,0,6815242980.000,1,0,1,空换,B,2857.8000,2857.6000,2857.4000,2857.2000,2857.0000,2858.6000,2858.8000,2859.6000,2859.8000,2860.0000,1,2,3,6,26,4,2,1,6,2
SF,IH2006,2020-06-17 10:37:04.700,2858.0000,18724,0,6815242980.000,0,-,-,-,-,2857.8000,2857.6000,2857.4000,2857.2000,2857.0000,2858.0000,2858.4000,2858.6000,2858.8000,2859.4000,2,2,3,6,26,2,1,4,2,1
SF,IH2006,2020-06-17 10:37:05.200,2858.0000,18724,0,6815242980.000,0,-,-,-,-,2857.8000,2857.6000,2857.4000,2857.2000,2857.0000,2858.0000,2858.4000,2858.6000,2858.8000,2859.4000,1,2,3,6,26,2,8,5,2,1
SF,IH2006,2020-06-17 10:37:05.700,2857.8000,18724,0,6816100320.000,1,0,1,空换,B,2857.6000,2857.4000,2857.2000,2857.0000,2856.8000,2858.0000,2858.4000,2858.6000,2858.8000,2859.4000,2,3,6,26,3,2,7,5,2,1
SF,IH2006,2020-06-17 10:37:06.200,2857.8000,18724,0,6816100320.000,0,-,-,-,-,2857.6000,2857.4000,2857.2000,2857.0000,2856.8000,2858.0000,2858.4000,2858.6000,2858.8000,2859.4000,2,3,6,26,3,1,5,5,2,1
SF,IH2006,2020-06-17 10:37:06.700,2857.8000,18724,0,6816100320.000,0,-,-,-,-,2857.6000,2857.4000,2857.2000,2857.0000,2856.8000,2857.8000,2858.0000,2858.4000,2858.6000,2858.8000,2,3,6,26,3,1,1,5,5,2
SF,IH2006,2020-06-17 10:37:07.200,2857.8000,18724,0,6816100320.000,0,-,-,-,-,2857.6000,2857.4000,2857.2000,2857.0000,2856.8000,2857.8000,2858.4000,2858.6000,2858.8000,2859.4000,2,3,6,26,3,1,5,5,2,1
SF,IH2006,2020-06-17 10:37:07.700,2857.8000,18724,0,6816100320.000,0,-,-,-,-,2857.6000,2857.4000,2857.2000,2857.0000,2856.8000,2857.8000,2858.4000,2858.6000,2858.8000,2859.4000,2,3,7,26,3,2,5,5,2,1
SF,IH2006,2020-06-17 10:37:08.700,2857.8000,18724,0,6816957660.000,1,0,1,空换,B,2857.6000,2857.4000,2857.2000,2857.0000,2856.8000,2857.8000,2858.4000,2858.6000,2858.8000,2859.4000,1,3,7,26,3,1,3,5,2,1
SF,IH2006,2020-06-17 10:37:09.200,2857.8000,18725,1,6817815000.000,1,1,0,双开,B,2857.6000,2857.4000,2857.2000,2857.0000,2856.8000,2858.4000,2858.6000,2858.8000,2859.4000,2859.6000,1,3,7,26,3,3,5,2,1,1
SF,IH2006,2020-06-17 10:37:09.700,2857.8000,18725,0,6817815000.000,0,-,-,-,-,2857.6000,2857.4000,2857.2000,2857.0000,2856.8000,2858.2000,2858.4000,2858.6000,2858.8000,2859.4000,1,3,7,26,3,8,3,4,2,1
SF,IH2006,2020-06-17 10:37:10.200,2857.8000,18725,0,6817815000.000,0,-,-,-,-,2857.8000,2857.6000,2857.4000,2857.2000,2857.0000,2858.2000,2858.4000,2858.6000,2858.8000,2859.4000,1,1,3,7,26,7,3,4,2,1
SF,IH2006,2020-06-17 10:37:10.700,2857.8000,18725,0,6817815000.000,0,-,-,-,-,2858.0000,2857.8000,2857.6000,2857.4000,2857.2000,2858.2000,2858.4000,2858.6000,2858.8000,2859.4000,5,1,1,3,7,7,3,4,2,1
SF,IH2006,2020-06-17 10:37:11.200,2857.8000,18725,0,6817815000.000,0,-,-,-,-,2858.0000,2857.8000,2857.6000,2857.4000,2857.2000,2858.2000,2858.4000,2858.6000,2858.8000,2859.4000,5,1,1,3,7,4,3,4,2,1
SF,IH2006,2020-06-17 10:37:11.700,2857.8000,18725,0,6817815000.000,0,-,-,-,-,2858.0000,2857.8000,2857.6000,2857.4000,2857.2000,2858.2000,2858.4000,2858.6000,2858.8000,2859.4000,5,1,1,3,7,3,3,4,2,1
SF,IH2006,2020-06-17 10:37:12.200,2857.8000,18725,0,6817815000.000,0,-,-,-,-,2858.0000,2857.8000,2857.6000,2857.4000,2857.2000,2858.2000,2858.4000,2858.6000,2858.8000,2859.4000,5,1,1,3,7,2,3,4,2,1
SF,IH2006,2020-06-17 10:37:13.200,2858.2000,18725,0,6818672460.000,1,0,1,空换,B,2858.0000,2857.8000,2857.6000,2857.4000,2857.2000,2858.4000,2858.6000,2858.8000,2859.4000,2859.6000,5,1,1,3,7,3,4,2,1,1
SF,IH2006,2020-06-17 10:37:13.700,2858.0000,18724,-1,6819529860.000,1,0,1,双平,B,2858.0000,2857.8000,2857.6000,2857.4000,2857.2000,2858.4000,2858.6000,2858.8000,2859.4000,2859.6000,4,1,1,3,7,3,4,2,1,1
SF,IH2006,2020-06-17 10:37:14.200,2858.0000,18724,0,6819529860.000,0,-,-,-,-,2858.0000,2857.8000,2857.6000,2857.4000,2857.2000,2858.4000,2858.6000,2858.8000,2859.4000,2859.6000,4,1,1,3,7,2,4,2,1,1
SF,IH2006,2020-06-17 10:37:14.700,2858.0000,18724,0,6819529860.000,0,-,-,-,-,2858.2000,2858.0000,2857.8000,2857.6000,2857.4000,2858.6000,2858.8000,2859.6000,2859.8000,2860.0000,1,4,1,1,3,4,2,1,6,2
SF,IH2006,2020-06-17 10:37:15.200,2858.0000,18723,-1,6821244660.000,2,0,2,空平,B,2858.0000,2857.8000,2857.6000,2857.4000,2857.2000,2858.6000,2858.8000,2859.6000,2859.8000,2860.0000,2,1,1,3,7,4,2,1,6,2
SF,IH2006,2020-06-17 10:37:15.700,2858.6000,18724,1,6822102240.000,1,1,0,双开,B,2858.0000,2857.8000,2857.6000,2857.4000,2857.2000,2858.6000,2858.8000,2859.6000,2859.8000,2860.0000,2,1,1,3,6,3,2,1,6,2
SF,IH2006,2020-06-17 10:37:16.200,2858.6000,18724,0,6822102240.000,0,-,-,-,-,2858.0000,2857.8000,2857.6000,2857.4000,2857.2000,2858.6000,2858.8000,2859.6000,2859.8000,2860.0000,2,1,1,3,6,3,2,2,6,2
SF,IH2006,2020-06-17 10:37:16.700,2858.6000,18724,0,6822102240.000,0,-,-,-,-,2858.0000,2857.8000,2857.6000,2857.4000,2857.2000,2858.4000,2858.6000,2858.8000,2859.6000,2859.8000,2,1,1,3,6,3,11,2,2,6
SF,IH2006,2020-06-17 10:37:17.200,2858.4000,18721,-3,6824674560.000,3,0,3,双平,B,2857.8000,2857.6000,2857.4000,2857.2000,2857.0000,2858.4000,2858.6000,2858.8000,2859.6000,2859.8000,1,2,3,6,27,2,11,2,2,6
SF,IH2006,2020-06-17 10:37:17.700,2858.4000,18721,0,6824674560.000,0,-,-,-,-,2857.8000,2857.6000,2857.4000,2857.2000,2857.0000,2858.4000,2858.6000,2858.8000,2859.6000,2859.8000,1,2,3,6,27,3,11,2,2,6
SF,IH2006,2020-06-17 10:37:18.200,2858.4000,18722,1,6826389600.000,2,1,1,多开,B,2857.8000,2857.6000,2857.4000,2857.2000,2857.0000,2858.2000,2858.4000,2858.6000,2858.8000,2859.6000,1,2,3,6,26,2,2,11,2,2
SF,IH2006,2020-06-17 10:37:18.700,2858.4000,18722,0,6826389600.000,0,-,-,-,-,2858.0000,2857.8000,2857.6000,2857.4000,2857.2000,2858.2000,2858.4000,2858.6000,2858.8000,2859.6000,1,1,2,3,6,1,1,11,2,2
SF,IH2006,2020-06-17 10:37:20.200,2858.4000,18722,0,6826389600.000,0,-,-,-,-,2858.2000,2858.0000,2857.8000,2857.6000,2857.4000,2858.4000,2858.6000,2858.8000,2859.6000,2859.8000,1,1,2,2,3,1,11,2,2,6
SF,IH2006,2020-06-17 10:37:20.700,2858.4000,18722,0,6826389600.000,0,-,-,-,-,2858.2000,2858.0000,2857.8000,2857.6000,2857.4000,2858.6000,2858.8000,2859.6000,2859.8000,2860.0000,1,1,2,2,3,3,2,2,6,2
SF,IH2006,2020-06-17 10:37:21.200,2858.4000,18722,0,6826389600.000,0,-,-,-,-,2858.2000,2858.0000,2857.8000,2857.6000,2857.4000,2858.6000,2858.8000,2859.6000,2859.8000,2860.0000,1,2,2,2,3,3,2,2,6,2
SF,IH2006,2020-06-17 10:37:21.700,2858.4000,18722,0,6826389600.000,0,-,-,-,-,2858.2000,2858.0000,2857.8000,2857.6000,2857.4000,2858.6000,2858.8000,2859.6000,2859.8000,2860.0000,2,2,2,2,3,3,2,1,6,2
SF,IH2006,2020-06-17 10:37:22.200,2858.4000,18722,0,6826389600.000,0,-,-,-,-,2858.2000,2858.0000,2857.8000,2857.6000,2857.4000,2858.6000,2858.8000,2859.6000,2859.8000,2860.0000,3,2,2,2,3,3,2,2,6,2
SF,IH2006,2020-06-17 10:37:23.200,2858.4000,18722,0,6826389600.000,0,-,-,-,-,2858.2000,2858.0000,2857.8000,2857.6000,2857.4000,2858.6000,2858.8000,2859.6000,2859.8000,2860.0000,3,2,2,2,3,6,2,2,6,2
SF,IH2006,2020-06-17 10:37:23.700,2858.4000,18722,0,6826389600.000,0,-,-,-,-,2858.2000,2858.0000,2857.8000,2857.6000,2857.4000,2858.6000,2858.8000,2859.6000,2859.8000,2860.0000,3,2,2,2,3,6,2,1,6,2
SF,IH2006,2020-06-17 10:37:24.200,2858.4000,18722,0,6826389600.000,0,-,-,-,-,2858.2000,2858.0000,2857.8000,2857.6000,2857.4000,2858.6000,2858.8000,2859.6000,2859.8000,2860.0000,3,3,2,2,3,6,2,1,6,2
SF,IH2006,2020-06-17 10:37:25.200,2858.4000,18722,0,6826389600.000,0,-,-,-,-,2858.2000,2858.0000,2857.8000,2857.6000,2857.4000,2858.6000,2858.8000,2859.6000,2859.8000,2860.0000,3,3,2,2,3,7,2,1,6,2
SF,IH2006,2020-06-17 10:37:25.700,2858.6000,18722,0,6828104760.000,2,1,1,空换,B,2858.4000,2858.2000,2858.0000,2857.8000,2857.6000,2858.6000,2858.8000,2859.6000,2859.8000,2860.0000,1,3,3,2,2,2,2,1,7,2
SF,IH2006,2020-06-17 10:37:26.200,2858.6000,18723,1,6829819920.000,2,1,1,多开,B,2858.6000,2858.4000,2858.2000,2858.0000,2857.8000,2858.8000,2859.6000,2859.8000,2860.0000,2860.2000,4,2,3,3,2,2,2,7,2,1
SF,IH2006,2020-06-17 10:37:26.700,2858.8000,18724,1,6832392840.000,3,2,1,多开,B,2858.6000,2858.4000,2858.2000,2858.0000,2857.8000,2858.8000,2859.6000,2859.8000,2860.0000,2860.2000,3,1,1,3,2,2,2,7,2,1
SF,IH2006,2020-06-17 10:37:27.200,2858.8000,18724,0,6832392840.000,0,-,-,-,-,2858.6000,2858.4000,2858.2000,2858.0000,2857.8000,2858.8000,2859.6000,2859.8000,2860.0000,2860.2000,3,1,1,4,2,2,1,7,2,1
SF,IH2006,2020-06-17 10:37:27.700,2858.6000,18721,-3,6834965580.000,3,0,3,双平,B,2858.4000,2858.2000,2858.0000,2857.8000,2857.6000,2858.6000,2859.6000,2859.8000,2860.0000,2860.2000,1,1,4,2,2,2,1,7,2,1
SF,IH2006,2020-06-17 10:37:28.200,2858.6000,18721,0,6835823160.000,1,0,1,空换,B,2858.4000,2858.2000,2858.0000,2857.8000,2857.6000,2858.6000,2859.6000,2859.8000,2860.0000,2860.2000,2,1,4,2,2,1,1,7,2,1
SF,IH2006,2020-06-17 10:37:28.700,2858.6000,18720,-1,6836680740.000,1,0,1,双平,B,2858.4000,2858.0000,2857.8000,2857.6000,2857.4000,2859.6000,2859.8000,2860.0000,2860.2000,2860.4000,2,4,2,2,2,1,7,2,1,1
SF,IH2006,2020-06-17 10:37:29.200,2858.6000,18720,0,6836680740.000,0,-,-,-,-,2858.4000,2858.0000,2857.8000,2857.6000,2857.4000,2858.6000,2858.8000,2859.0000,2859.2000,2859.4000,1,4,2,2,2,15,13,4,7,9
SF,IH2006,2020-06-17 10:37:29.700,2858.6000,18720,0,6837538320.000,1,0,1,空换,B,2858.6000,2858.4000,2858.2000,2858.0000,2857.8000,2859.0000,2859.2000,2859.4000,2859.6000,2859.8000,4,1,1,4,2,2,3,6,7,7
SF,IH2006,2020-06-17 10:37:30.200,2858.6000,18720,0,6837538320.000,0,-,-,-,-,2858.6000,2858.4000,2858.0000,2857.8000,2857.6000,2859.0000,2859.2000,2859.4000,2859.6000,2859.8000,4,1,4,2,2,2,3,6,7,7
SF,IH2006,2020-06-17 10:37:30.700,2858.6000,18720,0,6837538320.000,0,-,-,-,-,2858.6000,2858.4000,2858.0000,2857.8000,2857.6000,2858.8000,2859.0000,2859.2000,2859.4000,2859.6000,4,1,4,2,2,1,2,3,5,7
SF,IH2006,2020-06-17 10:37:31.200,2858.6000,18719,-1,6838395900.000,1,0,1,双平,B,2858.6000,2858.4000,2858.0000,2857.8000,2857.6000,2858.8000,2859.0000,2859.2000,2859.4000,2859.6000,3,1,3,2,2,1,2,3,5,7
SF,IH2006,2020-06-17 10:37:31.700,2858.8000,18718,-1,6839253540.000,1,0,1,双平,B,2858.6000,2858.4000,2858.0000,2857.8000,2857.6000,2859.0000,2859.2000,2859.4000,2859.6000,2859.8000,3,1,3,2,2,2,3,5,7,7
SF,IH2006,2020-06-17 10:37:32.200,2858.8000,18718,0,6839253540.000,0,-,-,-,-,2858.6000,2858.4000,2858.0000,2857.8000,2857.6000,2858.8000,2859.0000,2859.2000,2859.4000,2859.6000,7,1,3,2,2,1,2,4,4,7
SF,IH2006,2020-06-17 10:37:32.700,2858.8000,18718,0,6839253540.000,0,-,-,-,-,2858.6000,2858.4000,2858.0000,2857.8000,2857.6000,2859.0000,2859.2000,2859.4000,2859.6000,2859.8000,7,1,3,2,2,2,4,3,7,7
SF,IH2006,2020-06-17 10:37:33.200,2858.8000,18718,0,6839253540.000,0,-,-,-,-,2858.6000,2858.4000,2858.0000,2857.8000,2857.6000,2859.0000,2859.2000,2859.4000,2859.6000,2859.8000,7,1,3,2,2,3,4,3,7,7
SF,IH2006,2020-06-17 10:37:33.700,2858.8000,18718,0,6839253540.000,0,-,-,-,-,2858.6000,2858.4000,2858.0000,2857.8000,2857.6000,2859.0000,2859.2000,2859.4000,2859.6000,2859.8000,7,1,3,2,2,3,1,3,7,7
SF,IH2006,2020-06-17 10:37:34.200,2858.8000,18718,0,6839253540.000,0,-,-,-,-,2858.6000,2858.4000,2858.0000,2857.8000,2857.6000,2859.0000,2859.2000,2859.4000,2859.6000,2859.8000,7,1,3,2,2,3,1,2,7,7
SF,IH2006,2020-06-17 10:37:35.200,2859.0000,18718,0,6840111240.000,1,0,1,空换,B,2858.8000,2858.6000,2858.4000,2858.0000,2857.8000,2859.0000,2859.2000,2859.4000,2859.6000,2859.8000,1,7,1,3,2,1,1,2,7,6
SF,IH2006,2020-06-17 10:37:35.700,2859.0000,18718,0,6840111240.000,0,-,-,-,-,2858.8000,2858.6000,2858.4000,2858.0000,2857.8000,2859.2000,2859.4000,2859.6000,2859.8000,2860.0000,1,7,1,3,2,1,2,7,6,1
SF,IH2006,2020-06-17 10:37:36.200,2858.8000,18717,-1,6840968880.000,1,0,1,双平,B,2859.0000,2858.6000,2858.4000,2858.0000,2857.8000,2859.2000,2859.4000,2859.6000,2859.8000,2860.0000,1,7,1,3,2,5,2,7,6,1
SF,IH2006,2020-06-17 10:37:36.700,2859.0000,18716,-1,6841826580.000,1,0,1,双平,B,2858.6000,2858.4000,2858.0000,2857.8000,2857.6000,2859.0000,2859.2000,2859.4000,2859.6000,2859.8000,4,1,3,2,1,1,4,2,7,6
SF,IH2006,2020-06-17 10:37:37.200,2859.0000,18716,0,6841826580.000,0,-,-,-,-,2859.0000,2858.6000,2858.4000,2858.0000,2857.8000,2859.2000,2859.4000,2859.6000,2859.8000,2860.0000,1,4,1,3,2,5,2,7,6,1
SF,IH2006,2020-06-17 10:37:37.700,2859.0000,18716,0,6842684280.000,1,0,1,空换,B,2858.6000,2858.4000,2858.0000,2857.8000,2857.6000,2859.0000,2859.2000,2859.4000,2859.6000,2859.8000,4,1,3,2,1,1,5,2,7,6
SF,IH2006,2020-06-17 10:37:38.200,2858.6000,18715,-1,6843541860.000,1,0,1,双平,B,2858.6000,2858.4000,2858.0000,2857.8000,2857.6000,2859.0000,2859.2000,2859.4000,2859.6000,2859.8000,3,1,3,2,1,1,4,2,7,6
SF,IH2006,2020-06-17 10:37:38.700,2858.6000,18715,0,6843541860.000,0,-,-,-,-,2858.8000,2858.6000,2858.4000,2858.0000,2857.8000,2859.0000,2859.2000,2859.4000,2859.6000,2859.8000,2,3,1,3,2,6,4,2,2,6
SF,IH2006,2020-06-17 10:37:39.200,2858.6000,18715,0,6843541860.000,0,-,-,-,-,2858.6000,2858.4000,2858.0000,2857.8000,2857.6000,2859.0000,2859.2000,2859.4000,2859.6000,2859.8000,3,1,3,2,1,6,4,1,2,6
SF,IH2006,2020-06-17 10:37:39.700,2858.6000,18715,0,6843541860.000,0,-,-,-,-,2858.8000,2858.6000,2858.4000,2858.0000,2857.8000,2859.0000,2859.2000,2859.4000,2859.6000,2859.8000,2,3,1,3,2,1,1,1,2,6
SF,IH2006,2020-06-17 10:37:40.200,2858.6000,18715,0,6843541860.000,0,-,-,-,-,2858.8000,2858.6000,2858.4000,2858.0000,2857.8000,2859.0000,2859.2000,2859.4000,2859.6000,2859.8000,3,2,1,3,2,1,1,1,2,6
SF,IH2006,2020-06-17 10:37:40.700,2859.0000,18714,-1,6844399560.000,1,0,1,双平,B,2858.8000,2858.6000,2858.4000,2858.0000,2857.8000,2859.2000,2859.4000,2859.6000,2859.8000,2860.0000,3,2,1,3,2,1,1,2,6,2
SF,IH2006,2020-06-17 10:37:41.200,2859.2000,18715,1,6845257320.000,1,1,0,双开,B,2858.8000,2858.6000,2858.4000,2858.0000,2857.8000,2859.2000,2859.4000,2859.6000,2859.8000,2860.0000,3,2,1,3,2,8,1,2,6,3
SF,IH2006,2020-06-17 10:37:41.700,2858.8000,18714,-1,6846114960.000,1,0,1,双平,B,2858.8000,2858.6000,2858.4000,2858.0000,2857.8000,2859.2000,2859.4000,2859.6000,2859.8000,2860.0000,2,2,1,3,2,8,1,2,7,3
SF,IH2006,2020-06-17 10:37:42.700,2858.8000,18714,0,6846114960.000,0,-,-,-,-,2858.8000,2858.6000,2858.4000,2858.0000,2857.8000,2859.0000,2859.2000,2859.4000,2859.6000,2859.8000,1,2,1,3,2,1,9,1,2,6
SF,IH2006,2020-06-17 10:37:43.200,2859.0000,18713,-1,6847830300.000,2,0,2,空平,B,2858.6000,2858.4000,2858.0000,2857.8000,2857.6000,2859.2000,2859.4000,2859.6000,2859.8000,2860.0000,2,1,3,2,1,9,1,2,6,3
SF,IH2006,2020-06-17 10:37:43.700,2858.4000,18710,-3,6850402980.000,3,0,3,双平,B,2858.0000,2857.8000,2857.6000,2857.4000,2857.2000,2858.8000,2859.0000,2859.2000,2859.4000,2859.6000,4,2,1,2,4,3,7,8,1,2
SF,IH2006,2020-06-17 10:37:44.200,2858.2000,18710,0,6851260440.000,1,0,1,空换,B,2858.2000,2858.0000,2857.8000,2857.6000,2857.4000,2858.8000,2859.0000,2859.2000,2859.4000,2859.6000,8,5,2,1,2,1,5,8,1,3
SF,IH2006,2020-06-17 10:37:44.700,2858.2000,18710,0,6851260440.000,0,-,-,-,-,2858.2000,2858.0000,2857.8000,2857.6000,2857.4000,2858.8000,2859.0000,2859.2000,2859.4000,2859.6000,8,5,2,1,2,2,4,8,2,3
SF,IH2006,2020-06-17 10:37:45.200,2858.2000,18709,-1,6853833000.000,3,1,2,空平,B,2858.2000,2858.0000,2857.8000,2857.6000,2857.4000,2858.8000,2859.0000,2859.2000,2859.4000,2859.6000,6,5,2,1,2,1,4,8,2,3
SF,IH2006,2020-06-17 10:37:45.700,2858.2000,18709,0,6853833000.000,0,-,-,-,-,2858.2000,2858.0000,2857.8000,2857.6000,2857.4000,2859.0000,2859.2000,2859.4000,2859.6000,2859.8000,6,5,2,1,2,4,8,2,3,6
SF,IH2006,2020-06-17 10:37:46.200,2858.2000,18709,0,6853833000.000,0,-,-,-,-,2858.2000,2858.0000,2857.8000,2857.6000,2857.4000,2859.0000,2859.2000,2859.4000,2859.6000,2859.8000,6,5,2,1,2,5,8,2,3,6
SF,IH2006,2020-06-17 10:37:47.200,2859.0000,18709,0,6854690700.000,1,0,1,空换,B,2858.2000,2858.0000,2857.8000,2857.6000,2857.4000,2859.0000,2859.2000,2859.4000,2859.6000,2859.8000,6,5,2,1,2,4,8,2,3,6
SF,IH2006,2020-06-17 10:37:48.200,2859.0000,18709,0,6854690700.000,0,-,-,-,-,2858.4000,2858.2000,2858.0000,2857.8000,2857.6000,2859.0000,2859.2000,2859.4000,2859.6000,2859.8000,1,5,5,2,1,4,8,2,3,6
SF,IH2006,2020-06-17 10:37:48.700,2859.0000,18709,0,6854690700.000,0,-,-,-,-,2858.4000,2858.2000,2858.0000,2857.8000,2857.6000,2858.8000,2859.0000,2859.2000,2859.4000,2859.6000,1,5,5,2,1,1,4,8,2,3
SF,IH2006,2020-06-17 10:37:49.200,2859.0000,18708,-1,6855548400.000,1,0,1,双平,B,2858.4000,2858.2000,2858.0000,2857.8000,2857.6000,2858.8000,2859.0000,2859.2000,2859.4000,2859.6000,1,6,5,2,1,2,4,8,1,4
SF,IH2006,2020-06-17 10:37:49.700,2859.0000,18708,0,6855548400.000,0,-,-,-,-,2858.4000,2858.2000,2858.0000,2857.8000,2857.6000,2859.0000,2859.2000,2859.4000,2859.6000,2859.8000,1,6,5,2,1,4,8,1,4,5
SF,IH2006,2020-06-17 10:37:50.200,2859.0000,18708,0,6855548400.000,0,-,-,-,-,2858.2000,2858.0000,2857.8000,2857.6000,2857.4000,2858.8000,2859.0000,2859.2000,2859.4000,2859.6000,6,5,2,1,2,3,4,8,1,4
SF,IH2006,2020-06-17 10:37:50.700,2859.0000,18708,0,6855548400.000,0,-,-,-,-,2858.2000,2858.0000,2857.8000,2857.6000,2857.4000,2858.8000,2859.0000,2859.2000,2859.4000,2859.6000,3,5,2,1,2,7,2,9,1,4
SF,IH2006,2020-06-17 10:37:51.200,2859.0000,18707,-1,6856406100.000,1,0,1,双平,B,2858.2000,2858.0000,2857.8000,2857.6000,2857.4000,2858.8000,2859.0000,2859.2000,2859.4000,2859.6000,1,5,2,1,2,7,2,9,1,4
SF,IH2006,2020-06-17 10:37:52.700,2858.8000,18707,0,6857263740.000,1,0,1,空换,B,2858.2000,2858.0000,2857.8000,2857.6000,2857.4000,2858.8000,2859.0000,2859.2000,2859.4000,2859.6000,1,5,2,1,2,6,2,9,1,4
SF,IH2006,2020-06-17 10:37:53.200,2858.8000,18706,-1,6858121380.000,1,0,1,双平,B,2858.2000,2858.0000,2857.8000,2857.6000,2857.4000,2858.8000,2859.0000,2859.2000,2859.4000,2859.6000,1,5,2,1,2,5,2,9,1,4
SF,IH2006,2020-06-17 10:37:53.700,2858.8000,18707,1,6858979020.000,1,1,0,双开,B,2858.4000,2858.2000,2858.0000,2857.8000,2857.6000,2858.8000,2859.0000,2859.2000,2859.4000,2859.6000,1,2,5,2,1,3,2,9,1,4
SF,IH2006,2020-06-17 10:37:54.200,2858.8000,18707,0,6858979020.000,0,-,-,-,-,2858.4000,2858.2000,2858.0000,2857.8000,2857.6000,2858.8000,2859.0000,2859.2000,2859.4000,2859.6000,1,2,5,2,1,2,2,9,1,4
SF,IH2006,2020-06-17 10:37:55.200,2858.8000,18707,0,6858979020.000,0,-,-,-,-,2858.4000,2858.2000,2858.0000,2857.8000,2857.6000,2858.8000,2859.0000,2859.2000,2859.4000,2859.6000,1,2,5,2,1,2,2,9,1,4
SF,IH2006,2020-06-17 10:37:55.700,2858.8000,18707,0,6859836660.000,1,0,1,空换,B,2858.4000,2858.2000,2858.0000,2857.8000,2857.6000,2858.8000,2859.0000,2859.2000,2859.4000,2859.6000,1,2,5,2,1,1,2,9,1,4
SF,IH2006,2020-06-17 10:37:57.200,2858.8000,18707,0,6860694300.000,1,0,1,空换,B,2858.6000,2858.4000,2858.2000,2858.0000,2857.8000,2859.0000,2859.2000,2859.4000,2859.6000,2859.8000,1,1,2,5,2,2,9,1,4,5
SF,IH2006,2020-06-17 10:37:57.700,2858.8000,18707,0,6860694300.000,0,-,-,-,-,2858.6000,2858.4000,2858.2000,2858.0000,2857.8000,2859.0000,2859.2000,2859.4000,2859.6000,2859.8000,2,1,2,4,2,2,9,1,4,5
SF,IH2006,2020-06-17 10:37:58.200,2858.8000,18707,0,6860694300.000,0,-,-,-,-,2858.8000,2858.6000,2858.2000,2858.0000,2857.8000,2859.0000,2859.2000,2859.4000,2859.6000,2859.8000,1,2,2,4,2,2,9,1,4,5
SF,IH2006,2020-06-17 10:37:58.700,2858.8000,18706,-1,6861551940.000,1,0,1,双平,B,2858.6000,2858.2000,2858.0000,2857.8000,2857.6000,2858.8000,2859.0000,2859.2000,2859.4000,2859.6000,2,2,4,2,1,1,2,9,1,4
SF,IH2006,2020-06-17 10:37:59.200,2858.6000,18706,0,6862409520.000,1,0,1,空换,B,2858.6000,2858.2000,2858.0000,2857.8000,2857.6000,2858.8000,2859.0000,2859.2000,2859.4000,2859.6000,1,2,4,2,1,1,2,9,1,4
SF,IH2006,2020-06-17 10:37:59.700,2858.6000,18705,-1,6863267100.000,1,0,1,双平,B,2858.2000,2858.0000,2857.8000,2857.6000,2857.4000,2858.6000,2858.8000,2859.0000,2859.2000,2859.4000,2,4,2,1,2,1,1,2,9,1
SF,IH2006,2020-06-17 10:38:00.200,2858.6000,18705,0,6863267100.000,0,-,-,-,-,2858.2000,2858.0000,2857.8000,2857.6000,2857.4000,2858.6000,2858.8000,2859.2000,2859.4000,2859.6000,2,4,2,1,2,2,1,9,1,4
SF,IH2006,2020-06-17 10:38:00.700,2858.2000,18704,-1,6864124560.000,1,0,1,双平,B,2858.4000,2858.2000,2858.0000,2857.8000,2857.6000,2858.6000,2858.8000,2859.2000,2859.4000,2859.6000,1,2,4,2,1,2,1,9,1,4
SF,IH2006,2020-06-17 10:38:01.200,2858.2000,18704,0,6864982020.000,1,0,1,空换,B,2858.2000,2858.0000,2857.8000,2857.6000,2857.4000,2858.6000,2858.8000,2859.2000,2859.4000,2859.6000,2,4,2,1,2,2,1,9,1,4
SF,IH2006,2020-06-17 10:38:02.200,2858.0000,18703,-1,6867554340.000,3,1,2,空平,B,2858.0000,2857.8000,2857.6000,2857.4000,2857.2000,2858.6000,2858.8000,2859.2000,2859.4000,2859.6000,2,2,1,2,4,2,1,9,1,4
SF,IH2006,2020-06-17 10:38:02.700,2858.0000,18703,0,6867554340.000,0,-,-,-,-,2858.0000,2857.8000,2857.6000,2857.4000,2857.2000,2858.6000,2858.8000,2859.2000,2859.4000,2859.6000,3,2,1,2,4,2,1,9,1,4
SF,IH2006,2020-06-17 10:38:03.200,2858.0000,18703,0,6867554340.000,0,-,-,-,-,2858.0000,2857.8000,2857.6000,2857.4000,2857.2000,2858.6000,2858.8000,2859.2000,2859.4000,2859.6000,3,2,1,2,4,3,1,8,1,4
SF,IH2006,2020-06-17 10:38:03.700,2858.0000,18703,0,6867554340.000,0,-,-,-,-,2858.0000,2857.8000,2857.6000,2857.4000,2857.2000,2858.4000,2858.6000,2858.8000,2859.2000,2859.4000,3,2,1,2,4,1,3,1,8,1
SF,IH2006,2020-06-17 10:38:04.700,2858.0000,18703,0,6867554340.000,0,-,-,-,-,2858.0000,2857.8000,2857.6000,2857.4000,2857.2000,2858.4000,2858.6000,2858.8000,2859.2000,2859.4000,3,2,1,2,4,1,3,2,8,1
SF,IH2006,2020-06-17 10:38:05.200,2858.0000,18703,0,6868411740.000,1,0,1,空换,B,2858.0000,2857.8000,2857.6000,2857.4000,2857.2000,2858.4000,2858.6000,2858.8000,2859.2000,2859.4000,2,2,1,2,4,1,3,2,8,1
SF,IH2006,2020-06-17 10:38:05.700,2857.8000,18703,0,6870983880.000,3,1,2,空换,B,2857.8000,2857.6000,2857.4000,2857.2000,2857.0000,2858.4000,2858.6000,2858.8000,2859.2000,2859.4000,1,1,2,4,25,1,3,2,8,1
SF,IH2006,2020-06-17 10:38:06.200,2857.8000,18703,0,6870983880.000,0,-,-,-,-,2857.8000,2857.6000,2857.4000,2857.2000,2857.0000,2858.4000,2858.6000,2858.8000,2859.2000,2859.4000,1,1,2,4,25,2,3,2,8,1
SF,IH2006,2020-06-17 10:38:07.200,2857.8000,18703,0,6870983880.000,0,-,-,-,-,2857.8000,2857.6000,2857.4000,2857.2000,2857.0000,2858.4000,2858.6000,2858.8000,2859.2000,2859.4000,1,1,2,4,25,2,3,3,8,1
SF,IH2006,2020-06-17 10:38:07.700,2857.8000,18703,0,6870983880.000,0,-,-,-,-,2857.8000,2857.6000,2857.4000,2857.2000,2857.0000,2858.2000,2858.4000,2858.6000,2858.8000,2859.4000,2,1,2,4,26,3,7,3,3,1
SF,IH2006,2020-06-17 10:38:08.200,2858.2000,18703,0,6871841340.000,1,0,1,空换,B,2857.8000,2857.6000,2857.4000,2857.2000,2857.0000,2858.2000,2858.4000,2858.6000,2858.8000,2859.4000,1,1,2,4,26,3,6,3,3,1
SF,IH2006,2020-06-17 10:38:08.700,2858.2000,18703,0,6871841340.000,0,-,-,-,-,2857.8000,2857.6000,2857.4000,2857.2000,2857.0000,2858.2000,2858.4000,2858.6000,2858.8000,2859.4000,1,1,2,4,26,3,6,3,3,1
SF,IH2006,2020-06-17 10:38:09.200,2858.2000,18703,0,6871841340.000,0,-,-,-,-,2857.8000,2857.6000,2857.4000,2857.2000,2857.0000,2858.2000,2858.4000,2858.6000,2858.8000,2859.4000,1,1,2,4,26,3,6,3,3,1
SF,IH2006,2020-06-17 10:38:09.700,2858.2000,18703,0,6871841340.000,0,-,-,-,-,2857.8000,2857.6000,2857.4000,2857.2000,2857.0000,2858.2000,2858.4000,2858.6000,2858.8000,2859.4000,1,1,2,4,26,3,6,3,3,1
SF,IH2006,2020-06-17 10:38:10.200,2858.2000,18703,0,6872698800.000,1,0,1,空换,B,2857.8000,2857.6000,2857.4000,2857.2000,2857.0000,2858.2000,2858.4000,2858.6000,2858.8000,2859.4000,1,2,2,4,26,2,6,3,3,1
SF,IH2006,2020-06-17 10:38:10.700,2858.2000,18703,0,6872698800.000,0,-,-,-,-,2857.8000,2857.6000,2857.4000,2857.2000,2857.0000,2858.2000,2858.4000,2858.6000,2858.8000,2859.4000,1,3,2,4,26,2,5,3,3,1
SF,IH2006,2020-06-17 10:38:11.200,2858.2000,18703,0,6872698800.000,0,-,-,-,-,2857.8000,2857.6000,2857.4000,2857.2000,2857.0000,2858.2000,2858.4000,2858.6000,2858.8000,2859.4000,1,3,2,4,26,2,5,2,3,1
SF,IH2006,2020-06-17 10:38:11.700,2858.2000,18703,0,6872698800.000,0,-,-,-,-,2857.8000,2857.6000,2857.4000,2857.2000,2857.0000,2858.2000,2858.4000,2858.6000,2858.8000,2859.4000,1,3,2,4,26,3,5,2,3,1
SF,IH2006,2020-06-17 10:38:12.200,2858.2000,18703,0,6873556260.000,1,0,1,空换,B,2857.8000,2857.6000,2857.4000,2857.2000,2857.0000,2858.2000,2858.4000,2858.6000,2858.8000,2859.4000,1,4,2,4,26,2,5,2,3,1
SF,IH2006,2020-06-17 10:38:13.200,2858.2000,18703,0,6873556260.000,0,-,-,-,-,2857.8000,2857.6000,2857.4000,2857.2000,2857.0000,2858.2000,2858.4000,2858.6000,2858.8000,2859.4000,1,4,2,6,26,2,5,2,3,1
SF,IH2006,2020-06-17 10:38:13.700,2858.2000,18703,0,6873556260.000,0,-,-,-,-,2858.0000,2857.8000,2857.6000,2857.4000,2857.2000,2858.2000,2858.4000,2858.6000,2858.8000,2859.4000,1,1,4,2,6,2,5,1,3,1
SF,IH2006,2020-06-17 10:38:14.200,2858.0000,18702,-1,6875271060.000,2,0,2,空平,B,2857.8000,2857.6000,2857.4000,2857.2000,2857.0000,2858.2000,2858.4000,2858.6000,2858.8000,2859.4000,1,4,2,6,26,3,5,1,3,1
SF,IH2006,2020-06-17 10:38:14.700,2857.6000,18703,1,6877842960.000,3,2,1,多开,B,2857.6000,2857.4000,2857.2000,2857.0000,2856.8000,2857.8000,2858.2000,2858.4000,2858.6000,2858.8000,2,2,6,26,1,1,3,5,1,3
SF,IH2006,2020-06-17 10:38:15.200,2857.8000,18700,-3,6882986760.000,6,1,5,空平,B,2857.8000,2857.4000,2857.2000,2857.0000,2856.8000,2858.2000,2858.4000,2858.8000,2859.4000,2859.6000,1,2,6,26,1,2,5,2,1,3
SF,IH2006,2020-06-17 10:38:15.700,2857.8000,18700,0,6882986760.000,0,-,-,-,-,2857.8000,2857.4000,2857.2000,2857.0000,2856.8000,2858.2000,2858.4000,2858.8000,2859.4000,2859.6000,1,2,6,26,1,2,5,2,1,3
SF,IH2006,2020-06-17 10:38:16.700,2857.8000,18700,0,6882986760.000,0,-,-,-,-,2857.8000,2857.6000,2857.4000,2857.2000,2857.0000,2858.2000,2858.8000,2859.4000,2859.6000,2859.8000,1,1,2,6,26,2,2,1,3,4
SF,IH2006,2020-06-17 10:38:17.200,2857.8000,18700,0,6882986760.000,0,-,-,-,-,2858.0000,2857.8000,2857.6000,2857.4000,2857.2000,2858.2000,2858.8000,2859.4000,2859.6000,2859.8000,1,2,1,2,6,2,2,1,3,4
SF,IH2006,2020-06-17 10:38:18.700,2857.8000,18700,0,6882986760.000,0,-,-,-,-,2858.0000,2857.8000,2857.6000,2857.4000,2857.2000,2858.2000,2858.8000,2859.4000,2859.6000,2859.8000,1,2,1,2,6,2,2,1,3,3
SF,IH2006,2020-06-17 10:38:19.200,2858.2000,18700,0,6884701680.000,2,1,1,空换,B,2858.0000,2857.8000,2857.6000,2857.4000,2857.2000,2858.6000,2858.8000,2859.4000,2859.6000,2859.8000,1,2,1,2,6,1,2,1,3,3
SF,IH2006,2020-06-17 10:38:19.700,2858.2000,18700,0,6884701680.000,0,-,-,-,-,2858.0000,2857.8000,2857.6000,2857.4000,2857.2000,2858.6000,2858.8000,2859.4000,2859.6000,2859.8000,1,2,1,2,6,1,2,1,3,3
SF,IH2006,2020-06-17 10:38:20.200,2858.2000,18700,0,6884701680.000,0,-,-,-,-,2858.0000,2857.8000,2857.6000,2857.4000,2857.2000,2858.6000,2858.8000,2859.4000,2859.6000,2859.8000,1,2,1,2,6,2,2,1,3,3
SF,IH2006,2020-06-17 10:38:20.700,2858.2000,18700,0,6884701680.000,0,-,-,-,-,2858.2000,2857.8000,2857.6000,2857.4000,2857.2000,2858.6000,2858.8000,2859.4000,2859.6000,2859.8000,2,2,1,2,6,1,2,1,3,3
SF,IH2006,2020-06-17 10:38:21.200,2858.2000,18700,0,6884701680.000,0,-,-,-,-,2858.4000,2858.2000,2857.8000,2857.6000,2857.4000,2858.6000,2858.8000,2859.4000,2859.6000,2859.8000,1,1,3,1,2,1,2,1,3,3
SF,IH2006,2020-06-17 10:38:21.700,2858.2000,18700,0,6884701680.000,0,-,-,-,-,2858.4000,2858.2000,2858.0000,2857.8000,2857.6000,2858.6000,2858.8000,2859.4000,2859.6000,2859.8000,1,1,1,3,1,1,2,1,3,3
SF,IH2006,2020-06-17 10:38:22.200,2858.2000,18700,0,6884701680.000,0,-,-,-,-,2858.4000,2858.2000,2858.0000,2857.8000,2857.6000,2858.6000,2858.8000,2859.4000,2859.6000,2859.8000,1,1,1,2,1,1,2,1,3,3
SF,IH2006,2020-06-17 10:38:22.700,2858.2000,18700,0,6884701680.000,0,-,-,-,-,2858.4000,2858.2000,2858.0000,2857.8000,2857.4000,2858.6000,2858.8000,2859.4000,2859.6000,2859.8000,1,2,1,2,2,1,2,1,3,3
SF,IH2006,2020-06-17 10:38:23.200,2858.2000,18700,0,6884701680.000,0,-,-,-,-,2858.4000,2858.2000,2858.0000,2857.8000,2857.4000,2858.6000,2858.8000,2859.4000,2859.6000,2859.8000,1,2,1,2,2,2,2,1,3,3
SF,IH2006,2020-06-17 10:38:24.200,2858.6000,18698,-2,6886416840.000,2,0,2,双平,B,2858.6000,2858.2000,2858.0000,2857.8000,2857.4000,2858.8000,2859.4000,2859.6000,2859.8000,2860.0000,2,1,1,2,2,2,1,3,3,4
SF,IH2006,2020-06-17 10:38:24.700,2858.8000,18698,0,6887274480.000,1,0,1,空换,B,2858.6000,2858.2000,2858.0000,2857.8000,2857.4000,2858.8000,2859.4000,2859.6000,2859.8000,2860.0000,1,1,1,2,2,1,1,3,3,4
SF,IH2006,2020-06-17 10:38:25.200,2858.8000,18696,-2,6888989760.000,2,0,2,双平,B,2858.8000,2858.6000,2858.4000,2857.8000,2857.4000,2859.4000,2859.6000,2859.8000,2860.0000,2860.2000,4,2,1,2,2,1,3,3,4,1
SF,IH2006,2020-06-17 10:38:25.700,2858.8000,18696,0,6888989760.000,0,-,-,-,-,2859.0000,2858.8000,2858.6000,2858.4000,2857.8000,2859.4000,2859.6000,2859.8000,2860.0000,2860.2000,3,1,2,1,2,1,3,3,4,1
SF,IH2006,2020-06-17 10:38:26.200,2858.8000,18696,0,6888989760.000,0,-,-,-,-,2859.0000,2858.8000,2858.6000,2858.4000,2857.8000,2859.4000,2859.6000,2859.8000,2860.0000,2860.2000,3,1,2,1,2,1,3,3,3,1
SF,IH2006,2020-06-17 10:38:26.700,2859.4000,18695,-1,6889847580.000,1,0,1,双平,B,2859.2000,2859.0000,2858.8000,2858.6000,2858.4000,2859.6000,2859.8000,2860.0000,2860.2000,2860.4000,1,2,1,2,1,3,3,3,2,1
SF,IH2006,2020-06-17 10:38:27.200,2859.2000,18695,0,6890705340.000,1,0,1,空换,B,2859.0000,2858.8000,2858.6000,2858.4000,2857.8000,2859.2000,2859.6000,2859.8000,2860.0000,2860.2000,2,1,2,1,2,1,3,3,2,2
SF,IH2006,2020-06-17 10:38:27.700,2859.2000,18695,0,6890705340.000,0,-,-,-,-,2859.0000,2858.8000,2858.6000,2858.4000,2858.0000,2859.2000,2859.6000,2859.8000,2860.0000,2860.2000,1,1,2,1,1,1,3,3,2,2
SF,IH2006,2020-06-17 10:38:28.200,2859.2000,18694,-1,6891563100.000,1,0,1,双平,B,2858.6000,2858.4000,2858.0000,2857.8000,2857.4000,2859.6000,2859.8000,2860.0000,2860.2000,2860.4000,2,1,1,2,2,3,3,2,2,1
SF,IH2006,2020-06-17 10:38:28.700,2859.2000,18694,0,6891563100.000,0,-,-,-,-,2859.2000,2858.8000,2858.6000,2858.4000,2858.0000,2859.4000,2859.6000,2859.8000,2860.0000,2860.2000,1,1,2,1,1,6,4,3,2,1
SF,IH2006,2020-06-17 10:38:29.200,2859.2000,18688,-6,6909576060.000,21,7,14,空平,B,2858.8000,2858.6000,2858.4000,2858.0000,2857.8000,2859.2000,2859.4000,2859.6000,2859.8000,2860.0000,1,1,1,1,2,19,9,4,3,2
SF,IH2006,2020-06-17 10:38:29.700,2858.8000,18688,0,6910433700.000,1,0,1,空换,B,2858.4000,2858.0000,2857.8000,2857.4000,2857.2000,2858.8000,2859.0000,2859.2000,2859.6000,2859.8000,1,1,2,2,6,1,4,14,3,3
SF,IH2006,2020-06-17 10:38:30.200,2858.8000,18687,-1,6911291340.000,1,0,1,双平,B,2858.6000,2858.4000,2858.0000,2857.8000,2857.4000,2858.8000,2859.0000,2859.2000,2859.6000,2859.8000,1,2,1,2,2,2,4,11,3,3
SF,IH2006,2020-06-17 10:38:30.700,2858.8000,18687,0,6911291340.000,0,-,-,-,-,2858.4000,2858.0000,2857.8000,2857.4000,2857.2000,2858.8000,2859.0000,2859.2000,2859.6000,2859.8000,1,1,2,2,6,2,3,11,3,4
SF,IH2006,2020-06-17 10:38:31.700,2858.8000,18687,0,6911291340.000,0,-,-,-,-,2858.0000,2857.8000,2857.4000,2857.2000,2857.0000,2858.8000,2859.0000,2859.2000,2859.6000,2859.8000,1,2,2,6,27,2,3,11,3,4
SF,IH2006,2020-06-17 10:38:32.200,2858.8000,18687,0,6911291340.000,0,-,-,-,-,2858.2000,2858.0000,2857.8000,2857.4000,2857.2000,2858.8000,2859.0000,2859.2000,2859.6000,2859.8000,1,2,1,2,6,2,3,8,3,4
SF,IH2006,2020-06-17 10:38:32.700,2858.8000,18687,0,6911291340.000,0,-,-,-,-,2858.2000,2858.0000,2857.8000,2857.4000,2857.2000,2858.8000,2859.0000,2859.2000,2859.6000,2859.8000,1,2,1,2,6,2,2,8,3,4
SF,IH2006,2020-06-17 10:38:33.700,2858.8000,18687,0,6911291340.000,0,-,-,-,-,2858.2000,2858.0000,2857.8000,2857.4000,2857.2000,2858.8000,2859.0000,2859.2000,2859.6000,2859.8000,1,2,1,2,6,2,2,8,3,4
SF,IH2006,2020-06-17 10:38:34.200,2858.8000,18687,0,6911291340.000,0,-,-,-,-,2858.2000,2858.0000,2857.8000,2857.4000,2857.2000,2858.8000,2859.0000,2859.2000,2859.6000,2859.8000,3,2,1,2,6,2,2,8,3,4
SF,IH2006,2020-06-17 10:38:35.700,2858.8000,18687,0,6912148980.000,1,0,1,空换,B,2858.2000,2858.0000,2857.4000,2857.2000,2857.0000,2858.8000,2859.0000,2859.2000,2859.6000,2859.8000,3,2,2,6,27,1,2,8,3,4
SF,IH2006,2020-06-17 10:38:36.200,2858.8000,18687,0,6912148980.000,0,-,-,-,-,2858.2000,2858.0000,2857.4000,2857.2000,2857.0000,2858.8000,2859.0000,2859.2000,2859.6000,2859.8000,1,2,2,6,27,1,2,8,3,4
SF,IH2006,2020-06-17 10:38:36.700,2858.8000,18687,0,6912148980.000,0,-,-,-,-,2858.2000,2858.0000,2857.4000,2857.2000,2857.0000,2858.6000,2858.8000,2859.0000,2859.2000,2859.6000,1,2,2,6,27,1,2,2,7,3
SF,IH2006,2020-06-17 10:38:37.200,2858.8000,18687,0,6912148980.000,0,-,-,-,-,2858.4000,2858.0000,2857.4000,2857.2000,2857.0000,2858.6000,2859.0000,2859.2000,2859.6000,2859.8000,1,2,2,6,27,1,2,7,3,4
SF,IH2006,2020-06-17 10:38:37.700,2858.6000,18686,-1,6913006560.000,1,0,1,双平,B,2858.6000,2858.4000,2858.0000,2857.4000,2857.2000,2859.0000,2859.2000,2859.6000,2859.8000,2860.0000,8,1,2,2,6,2,7,3,4,2
SF,IH2006,2020-06-17 10:38:38.200,2858.6000,18686,0,6913006560.000,0,-,-,-,-,2858.4000,2858.0000,2857.4000,2857.2000,2857.0000,2859.0000,2859.2000,2859.6000,2859.8000,2860.0000,1,2,2,6,27,1,7,3,4,2
SF,IH2006,2020-06-17 10:38:39.200,2858.6000,18686,0,6913006560.000,0,-,-,-,-,2858.4000,2858.0000,2857.4000,2857.2000,2857.0000,2859.0000,2859.2000,2859.6000,2859.8000,2860.0000,1,2,2,6,27,5,7,3,4,2
SF,IH2006,2020-06-17 10:38:39.700,2858.6000,18686,0,6913006560.000,0,-,-,-,-,2858.4000,2858.0000,2857.6000,2857.4000,2857.2000,2858.8000,2859.0000,2859.2000,2859.6000,2859.8000,1,2,1,2,6,1,6,7,3,4
SF,IH2006,2020-06-17 10:38:40.700,2858.6000,18686,0,6913006560.000,0,-,-,-,-,2858.4000,2858.0000,2857.6000,2857.4000,2857.2000,2858.8000,2859.0000,2859.2000,2859.6000,2859.8000,1,2,1,2,6,1,1,7,3,4
SF,IH2006,2020-06-17 10:38:41.200,2858.6000,18686,0,6913006560.000,0,-,-,-,-,2858.4000,2858.0000,2857.6000,2857.4000,2857.2000,2858.8000,2859.2000,2859.6000,2859.8000,2860.0000,1,2,1,2,6,1,7,3,4,2
SF,IH2006,2020-06-17 10:38:42.700,2858.6000,18686,0,6913006560.000,0,-,-,-,-,2858.4000,2858.0000,2857.6000,2857.4000,2857.2000,2858.6000,2858.8000,2859.2000,2859.6000,2859.8000,1,2,1,2,6,1,1,7,3,4
SF,IH2006,2020-06-17 10:38:43.700,2858.6000,18686,0,6913006560.000,0,-,-,-,-,2858.4000,2858.0000,2857.6000,2857.4000,2857.2000,2858.8000,2859.2000,2859.6000,2859.8000,2860.0000,1,2,1,2,6,1,7,3,4,2
SF,IH2006,2020-06-17 10:38:44.200,2858.6000,18686,0,6913006560.000,0,-,-,-,-,2858.6000,2858.4000,2858.0000,2857.6000,2857.4000,2858.8000,2859.2000,2859.6000,2859.8000,2860.0000,1,1,3,1,2,2,7,3,4,2
SF,IH2006,2020-06-17 10:38:44.700,2858.8000,18684,-2,6914721840.000,2,0,2,双平,B,2858.8000,2858.6000,2858.4000,2858.0000,2857.6000,2859.2000,2859.6000,2859.8000,2860.0000,2860.2000,18,1,1,3,1,7,3,4,2,1
SF,IH2006,2020-06-17 10:38:45.200,2858.8000,18684,0,6914721840.000,0,-,-,-,-,2858.8000,2858.6000,2858.4000,2858.0000,2857.6000,2859.2000,2859.6000,2859.8000,2860.0000,2860.2000,18,1,1,3,1,5,3,4,2,1
SF,IH2006,2020-06-17 10:38:45.700,2858.8000,18683,-1,6915579480.000,1,0,1,双平,B,2858.8000,2858.6000,2858.4000,2858.0000,2857.6000,2859.2000,2859.6000,2859.8000,2860.0000,2860.2000,17,1,1,3,1,5,3,4,2,1
SF,IH2006,2020-06-17 10:38:47.700,2858.8000,18682,-1,6916437120.000,1,0,1,双平,B,2858.8000,2858.6000,2858.4000,2858.0000,2857.6000,2859.2000,2859.6000,2859.8000,2860.0000,2860.2000,16,1,1,3,1,5,3,4,2,1
SF,IH2006,2020-06-17 10:38:48.200,2858.8000,18682,0,6916437120.000,0,-,-,-,-,2858.8000,2858.6000,2858.4000,2858.0000,2857.6000,2859.2000,2859.6000,2859.8000,2860.0000,2860.2000,16,1,1,3,1,5,3,3,2,1
SF,IH2006,2020-06-17 10:38:48.700,2858.8000,18682,0,6916437120.000,0,-,-,-,-,2858.8000,2858.6000,2858.4000,2858.0000,2857.6000,2859.0000,2859.2000,2859.6000,2859.8000,2860.0000,16,1,1,3,2,1,5,3,3,2
SF,IH2006,2020-06-17 10:38:49.200,2858.8000,18681,-1,6917294760.000,1,0,1,双平,B,2858.8000,2858.6000,2858.4000,2858.0000,2857.6000,2859.0000,2859.2000,2859.6000,2859.8000,2860.0000,15,1,1,3,2,1,5,3,3,2
SF,IH2006,2020-06-17 10:38:54.200,2858.8000,18681,0,6917294760.000,0,-,-,-,-,2858.6000,2858.4000,2858.0000,2857.6000,2857.4000,2859.0000,2859.2000,2859.6000,2859.8000,2860.0000,1,1,3,2,2,1,5,3,3,2
SF,IH2006,2020-06-17 10:38:54.700,2858.8000,18681,0,6917294760.000,0,-,-,-,-,2858.6000,2858.4000,2858.0000,2857.6000,2857.4000,2859.0000,2859.2000,2859.6000,2859.8000,2860.0000,1,1,3,2,2,1,5,3,3,2
SF,IH2006,2020-06-17 10:38:55.700,2859.0000,18681,0,6918152460.000,1,0,1,空换,B,2859.0000,2858.6000,2858.4000,2858.0000,2857.6000,2859.2000,2859.6000,2859.8000,2860.0000,2860.2000,6,1,1,3,2,5,3,3,2,1
SF,IH2006,2020-06-17 10:38:56.200,2859.0000,18681,0,6923298660.000,6,3,3,空换,B,2858.6000,2858.4000,2858.0000,2857.6000,2857.4000,2859.0000,2859.2000,2859.6000,2859.8000,2860.0000,1,1,3,2,2,4,5,3,3,2
SF,IH2006,2020-06-17 10:38:56.700,2859.0000,18681,0,6923298660.000,0,-,-,-,-,2858.6000,2858.4000,2858.0000,2857.6000,2857.4000,2859.0000,2859.2000,2859.6000,2859.8000,2860.0000,1,1,3,2,2,2,5,3,3,2
SF,IH2006,2020-06-17 10:38:57.200,2859.0000,18678,-3,6926729460.000,4,0,4,空平,B,2859.0000,2858.6000,2858.4000,2858.0000,2857.6000,2859.2000,2859.6000,2859.8000,2860.0000,2860.2000,11,1,1,3,2,5,3,3,2,2
SF,IH2006,2020-06-17 10:38:57.700,2859.0000,18676,-2,6929302560.000,3,0,3,空平,B,2859.0000,2858.6000,2858.4000,2858.0000,2857.6000,2859.2000,2859.6000,2859.8000,2860.0000,2860.2000,8,1,1,3,2,5,3,3,2,2
SF,IH2006,2020-06-17 10:38:58.200,2859.0000,18676,0,6929302560.000,0,-,-,-,-,2859.0000,2858.6000,2858.4000,2858.0000,2857.6000,2859.2000,2859.6000,2859.8000,2860.0000,2860.2000,8,1,1,3,2,2,3,3,2,2
SF,IH2006,2020-06-17 10:38:58.700,2859.0000,18676,0,6929302560.000,0,-,-,-,-,2859.0000,2858.6000,2858.0000,2857.6000,2857.4000,2859.2000,2859.6000,2859.8000,2860.0000,2860.2000,8,1,3,2,1,2,3,3,2,2
SF,IH2006,2020-06-17 10:39:00.200,2859.0000,18675,-1,6930160260.000,1,0,1,双平,B,2859.0000,2858.6000,2858.0000,2857.6000,2857.4000,2859.2000,2859.6000,2859.8000,2860.0000,2860.2000,7,1,3,2,1,2,3,3,2,2
SF,IH2006,2020-06-17 10:39:00.700,2859.0000,18672,-3,6936164160.000,7,2,5,空平,B,2858.6000,2858.0000,2857.6000,2857.4000,2857.2000,2859.0000,2859.2000,2859.6000,2859.8000,2860.0000,1,3,2,1,5,7,2,3,3,2
SF,IH2006,2020-06-17 10:39:01.200,2859.0000,18672,0,6936164160.000,0,-,-,-,-,2859.0000,2858.6000,2858.2000,2858.0000,2857.6000,2859.2000,2859.6000,2859.8000,2860.0000,2860.2000,3,2,1,3,2,2,3,3,2,2
SF,IH2006,2020-06-17 10:39:02.200,2859.0000,18672,0,6938737260.000,3,1,2,空换,B,2858.6000,2858.2000,2858.0000,2857.6000,2857.4000,2859.2000,2859.6000,2859.8000,2860.0000,2860.2000,2,1,3,2,1,2,3,3,2,2
SF,IH2006,2020-06-17 10:39:02.700,2859.0000,18672,0,6938737260.000,0,-,-,-,-,2858.6000,2858.4000,2858.2000,2858.0000,2857.6000,2859.2000,2859.6000,2859.8000,2860.0000,2860.2000,2,1,1,3,2,3,3,3,2,2
SF,IH2006,2020-06-17 10:39:03.200,2859.0000,18672,0,6938737260.000,0,-,-,-,-,2858.8000,2858.6000,2858.4000,2858.2000,2858.0000,2859.2000,2859.6000,2859.8000,2860.0000,2860.2000,1,2,1,1,3,3,4,3,2,2
SF,IH2006,2020-06-17 10:39:04.200,2859.0000,18672,0,6938737260.000,0,-,-,-,-,2858.6000,2858.4000,2858.2000,2858.0000,2857.6000,2859.2000,2859.6000,2859.8000,2860.0000,2860.2000,2,1,1,3,2,3,4,3,2,2
SF,IH2006,2020-06-17 10:39:05.200,2859.0000,18672,0,6938737260.000,0,-,-,-,-,2859.0000,2858.8000,2858.6000,2858.4000,2858.2000,2859.2000,2859.6000,2859.8000,2860.0000,2860.2000,1,1,2,1,1,3,4,3,2,2
SF,IH2006,2020-06-17 10:39:05.700,2859.0000,18672,0,6939594960.000,1,0,1,空换,B,2858.8000,2858.6000,2858.4000,2858.2000,2858.0000,2859.2000,2859.6000,2859.8000,2860.0000,2860.2000,1,2,1,1,3,3,4,5,2,2
SF,IH2006,2020-06-17 10:39:06.200,2859.0000,18672,0,6939594960.000,0,-,-,-,-,2858.8000,2858.6000,2858.4000,2858.2000,2858.0000,2859.2000,2859.6000,2859.8000,2860.0000,2860.2000,1,2,1,1,4,3,4,5,2,2
SF,IH2006,2020-06-17 10:39:06.700,2859.0000,18672,0,6939594960.000,0,-,-,-,-,2858.8000,2858.6000,2858.4000,2858.2000,2858.0000,2859.2000,2859.6000,2859.8000,2860.0000,2860.2000,1,2,1,1,4,3,4,5,2,2
SF,IH2006,2020-06-17 10:39:07.700,2858.6000,18670,-2,6941310180.000,2,0,2,双平,B,2858.6000,2858.4000,2858.2000,2858.0000,2857.6000,2859.2000,2859.6000,2859.8000,2860.0000,2860.2000,1,1,1,4,2,3,4,5,2,2
SF,IH2006,2020-06-17 10:39:08.200,2858.6000,18669,-1,6943025340.000,2,0,2,空平,B,2858.8000,2858.6000,2858.4000,2858.2000,2858.0000,2859.0000,2859.2000,2859.6000,2859.8000,2860.0000,2,1,1,1,4,1,8,4,5,2
SF,IH2006,2020-06-17 10:39:09.200,2858.8000,18668,-1,6944740620.000,2,0,2,空平,B,2858.6000,2858.4000,2858.2000,2858.0000,2857.6000,2858.8000,2859.0000,2859.2000,2859.6000,2859.8000,1,1,1,4,2,4,1,8,4,5
SF,IH2006,2020-06-17 10:39:09.700,2858.6000,18667,-1,6945598200.000,1,0,1,双平,B,2858.2000,2858.0000,2857.6000,2857.4000,2857.2000,2858.6000,2858.8000,2859.2000,2859.6000,2859.8000,1,4,2,1,5,1,4,8,4,5
SF,IH2006,2020-06-17 10:39:10.200,2858.0000,18666,-1,6947313060.000,2,0,2,空平,B,2858.0000,2857.6000,2857.4000,2857.2000,2857.0000,2858.8000,2859.2000,2859.6000,2859.8000,2860.0000,2,2,1,5,27,4,8,4,5,2
SF,IH2006,2020-06-17 10:39:10.700,2858.0000,18666,0,6947313060.000,0,-,-,-,-,2858.0000,2857.6000,2857.4000,2857.2000,2857.0000,2858.8000,2859.2000,2859.6000,2859.8000,2860.0000,4,2,1,5,27,4,8,4,5,2
SF,IH2006,2020-06-17 10:39:11.200,2858.0000,18666,0,6947313060.000,0,-,-,-,-,2858.0000,2857.6000,2857.4000,2857.2000,2857.0000,2858.8000,2859.0000,2859.2000,2859.6000,2859.8000,4,2,1,5,27,4,1,8,4,5
SF,IH2006,2020-06-17 10:39:11.700,2858.0000,18666,0,6947313060.000,0,-,-,-,-,2858.0000,2857.6000,2857.4000,2857.2000,2857.0000,2858.8000,2859.0000,2859.2000,2859.6000,2859.8000,4,2,1,5,27,4,1,8,4,5
SF,IH2006,2020-06-17 10:39:12.200,2858.0000,18666,0,6947313060.000,0,-,-,-,-,2858.0000,2857.6000,2857.4000,2857.2000,2857.0000,2858.8000,2859.0000,2859.2000,2859.6000,2859.8000,3,2,1,5,27,4,1,8,4,6
SF,IH2006,2020-06-17 10:39:12.700,2858.0000,18666,0,6947313060.000,0,-,-,-,-,2858.0000,2857.6000,2857.4000,2857.2000,2857.0000,2858.8000,2859.0000,2859.2000,2859.6000,2859.8000,3,3,1,5,27,4,1,7,4,6
SF,IH2006,2020-06-17 10:39:13.200,2858.0000,18666,0,6947313060.000,0,-,-,-,-,2858.0000,2857.6000,2857.4000,2857.2000,2857.0000,2858.8000,2859.0000,2859.2000,2859.6000,2859.8000,3,3,1,5,27,5,1,7,4,6
SF,IH2006,2020-06-17 10:39:13.700,2858.0000,18666,0,6947313060.000,0,-,-,-,-,2858.0000,2857.6000,2857.4000,2857.2000,2857.0000,2858.8000,2859.0000,2859.2000,2859.6000,2859.8000,3,3,1,5,27,5,1,2,4,6
SF,IH2006,2020-06-17 10:39:14.200,2858.0000,18666,0,6947313060.000,0,-,-,-,-,2858.6000,2858.0000,2857.6000,2857.4000,2857.2000,2858.8000,2859.0000,2859.2000,2859.6000,2859.8000,4,3,3,1,5,5,1,2,4,6
SF,IH2006,2020-06-17 10:39:14.700,2858.0000,18666,0,6947313060.000,0,-,-,-,-,2858.0000,2857.6000,2857.4000,2857.2000,2857.0000,2858.8000,2859.0000,2859.2000,2859.6000,2859.8000,3,3,1,5,27,3,1,2,4,6
SF,IH2006,2020-06-17 10:39:15.200,2858.0000,18666,0,6947313060.000,0,-,-,-,-,2858.6000,2858.2000,2858.0000,2857.6000,2857.4000,2858.8000,2859.0000,2859.2000,2859.6000,2859.8000,4,3,3,3,1,1,1,2,4,6
SF,IH2006,2020-06-17 10:39:15.700,2858.8000,18666,0,6948170700.000,1,0,1,空换,B,2858.2000,2858.0000,2857.6000,2857.4000,2857.2000,2859.0000,2859.2000,2859.6000,2859.8000,2860.0000,2,3,3,1,5,1,2,4,6,2
SF,IH2006,2020-06-17 10:39:16.200,2858.8000,18666,0,6948170700.000,0,-,-,-,-,2858.8000,2858.2000,2858.0000,2857.6000,2857.4000,2859.0000,2859.2000,2859.6000,2859.8000,2860.0000,1,4,2,3,1,1,2,4,6,2
SF,IH2006,2020-06-17 10:39:16.700,2858.8000,18665,-1,6949028340.000,1,0,1,双平,B,2858.2000,2858.0000,2857.6000,2857.4000,2857.2000,2858.8000,2859.0000,2859.2000,2859.6000,2859.8000,4,2,3,1,5,4,1,2,4,6
SF,IH2006,2020-06-17 10:39:17.200,2858.8000,18665,0,6949028340.000,0,-,-,-,-,2858.2000,2858.0000,2857.6000,2857.4000,2857.2000,2858.8000,2859.0000,2859.2000,2859.6000,2859.8000,4,2,3,1,5,3,2,2,4,6
SF,IH2006,2020-06-17 10:39:18.200,2858.8000,18665,0,6949028340.000,0,-,-,-,-,2858.2000,2858.0000,2857.6000,2857.4000,2857.2000,2858.6000,2858.8000,2859.0000,2859.2000,2859.6000,4,2,3,1,5,3,3,2,2,4
SF,IH2006,2020-06-17 10:39:18.700,2858.8000,18665,0,6949028340.000,0,-,-,-,-,2858.2000,2858.0000,2857.6000,2857.4000,2857.2000,2858.6000,2858.8000,2859.0000,2859.2000,2859.6000,3,2,3,1,5,1,4,2,2,4
SF,IH2006,2020-06-17 10:39:19.700,2858.8000,18665,0,6949028340.000,0,-,-,-,-,2858.2000,2858.0000,2857.6000,2857.4000,2857.2000,2858.8000,2859.0000,2859.2000,2859.6000,2859.8000,3,2,3,1,5,4,2,2,4,6
SF,IH2006,2020-06-17 10:39:20.200,2858.8000,18665,0,6949028340.000,0,-,-,-,-,2858.2000,2858.0000,2857.6000,2857.4000,2857.2000,2858.6000,2858.8000,2859.0000,2859.2000,2859.6000,3,2,3,1,5,1,4,2,2,4
SF,IH2006,2020-06-17 10:39:20.700,2858.8000,18665,0,6949028340.000,0,-,-,-,-,2858.2000,2858.0000,2857.6000,2857.4000,2857.2000,2858.6000,2858.8000,2859.0000,2859.2000,2859.6000,2,2,3,1,5,1,4,2,2,4
SF,IH2006,2020-06-17 10:39:21.200,2858.8000,18665,0,6949028340.000,0,-,-,-,-,2858.2000,2858.0000,2857.6000,2857.4000,2857.2000,2858.8000,2859.0000,2859.2000,2859.6000,2859.8000,2,2,3,1,5,4,2,2,4,6
SF,IH2006,2020-06-17 10:39:22.700,2858.8000,18665,0,6949028340.000,0,-,-,-,-,2858.4000,2858.2000,2858.0000,2857.6000,2857.4000,2858.8000,2859.0000,2859.2000,2859.6000,2859.8000,1,2,2,3,1,4,2,2,4,6
SF,IH2006,2020-06-17 10:39:24.200,2858.8000,18665,0,6949028340.000,0,-,-,-,-,2858.4000,2858.2000,2858.0000,2857.6000,2857.4000,2858.8000,2859.0000,2859.2000,2859.6000,2859.8000,1,2,2,3,1,1,2,2,4,6
SF,IH2006,2020-06-17 10:39:26.200,2858.8000,18664,-1,6949885980.000,1,0,1,双平,B,2858.6000,2858.4000,2858.2000,2858.0000,2857.6000,2859.0000,2859.2000,2859.6000,2859.8000,2860.0000,1,1,2,2,3,2,2,4,6,2
SF,IH2006,2020-06-17 10:39:26.700,2858.8000,18664,0,6949885980.000,0,-,-,-,-,2858.6000,2858.4000,2858.2000,2858.0000,2857.6000,2859.0000,2859.2000,2859.6000,2859.8000,2860.0000,2,1,2,2,3,2,2,4,6,2
SF,IH2006,2020-06-17 10:39:28.200,2858.6000,18663,-1,6951601140.000,2,0,2,空平,B,2858.4000,2858.2000,2858.0000,2857.6000,2857.4000,2858.6000,2859.0000,2859.2000,2859.6000,2859.8000,1,2,2,3,1,1,2,2,4,6
SF,IH2006,2020-06-17 10:39:28.700,2858.6000,18662,-1,6952458720.000,1,0,1,双平,B,2858.6000,2858.4000,2858.2000,2858.0000,2857.6000,2859.0000,2859.2000,2859.6000,2859.8000,2860.0000,1,1,2,2,3,2,2,4,6,2
SF,IH2006,2020-06-17 10:39:29.200,2858.6000,18662,0,6952458720.000,0,-,-,-,-,2858.4000,2858.2000,2858.0000,2857.6000,2857.4000,2859.0000,2859.2000,2859.6000,2859.8000,2860.0000,1,2,2,3,1,2,2,4,6,2
SF,IH2006,2020-06-17 10:39:29.700,2858.6000,18662,0,6952458720.000,0,-,-,-,-,2858.4000,2858.2000,2858.0000,2857.6000,2857.4000,2859.0000,2859.2000,2859.6000,2859.8000,2860.0000,2,2,2,3,1,2,2,4,6,2
SF,IH2006,2020-06-17 10:39:30.200,2858.6000,18662,0,6952458720.000,0,-,-,-,-,2858.4000,2858.2000,2858.0000,2857.6000,2857.4000,2859.0000,2859.2000,2859.6000,2859.8000,2860.0000,3,2,2,3,1,2,2,4,6,2
SF,IH2006,2020-06-17 10:39:30.700,2858.6000,18662,0,6952458720.000,0,-,-,-,-,2858.6000,2858.4000,2858.2000,2858.0000,2857.6000,2859.0000,2859.2000,2859.6000,2859.8000,2860.0000,1,3,2,2,3,2,2,4,6,2
SF,IH2006,2020-06-17 10:39:31.200,2859.0000,18661,-1,6953316420.000,1,0,1,双平,B,2858.6000,2858.4000,2858.2000,2858.0000,2857.6000,2859.0000,2859.2000,2859.6000,2859.8000,2860.0000,2,3,2,1,3,2,2,4,6,2
SF,IH2006,2020-06-17 10:39:34.200,2859.0000,18661,0,6953316420.000,0,-,-,-,-,2858.6000,2858.4000,2858.2000,2858.0000,2857.6000,2859.0000,2859.2000,2859.6000,2859.8000,2860.0000,2,3,2,1,3,2,2,4,4,2
SF,IH2006,2020-06-17 10:39:34.700,2859.0000,18661,0,6955031820.000,2,1,1,空换,B,2858.6000,2858.4000,2858.2000,2858.0000,2857.6000,2859.2000,2859.6000,2859.8000,2860.0000,2860.2000,2,3,2,1,3,2,4,4,2,2
SF,IH2006,2020-06-17 10:39:35.700,2859.0000,18661,0,6955031820.000,0,-,-,-,-,2858.6000,2858.4000,2858.2000,2858.0000,2857.6000,2859.2000,2859.6000,2859.8000,2860.0000,2860.2000,2,3,2,2,3,2,4,4,2,2
SF,IH2006,2020-06-17 10:39:36.200,2859.0000,18661,0,6955031820.000,0,-,-,-,-,2858.6000,2858.4000,2858.2000,2858.0000,2857.6000,2859.2000,2859.6000,2859.8000,2860.0000,2860.2000,1,3,2,2,3,2,4,4,2,1
SF,IH2006,2020-06-17 10:39:36.700,2859.0000,18661,0,6955031820.000,0,-,-,-,-,2858.6000,2858.4000,2858.2000,2858.0000,2857.6000,2859.2000,2859.6000,2859.8000,2860.0000,2860.2000,1,3,2,2,3,3,4,4,2,1
SF,IH2006,2020-06-17 10:39:38.200,2859.0000,18661,0,6955031820.000,0,-,-,-,-,2858.6000,2858.4000,2858.2000,2858.0000,2857.6000,2859.2000,2859.6000,2859.8000,2860.0000,2860.2000,1,3,2,3,3,3,4,4,2,1
SF,IH2006,2020-06-17 10:39:38.700,2859.0000,18661,0,6955031820.000,0,-,-,-,-,2858.4000,2858.2000,2858.0000,2857.6000,2857.4000,2859.2000,2859.6000,2859.8000,2860.0000,2860.2000,3,2,3,3,1,8,4,4,2,1
SF,IH2006,2020-06-17 10:39:39.200,2858.6000,18661,0,6955889400.000,1,0,1,空换,B,2858.4000,2858.2000,2858.0000,2857.8000,2857.6000,2858.6000,2859.2000,2859.6000,2859.8000,2860.0000,3,2,3,1,3,1,8,4,4,2
SF,IH2006,2020-06-17 10:39:39.700,2858.6000,18661,0,6956746980.000,1,0,1,空换,B,2858.6000,2858.4000,2858.2000,2858.0000,2857.8000,2859.2000,2859.6000,2859.8000,2860.0000,2860.2000,2,3,2,3,1,3,4,4,2,2
SF,IH2006,2020-06-17 10:39:41.200,2858.6000,18661,0,6956746980.000,0,-,-,-,-,2858.6000,2858.4000,2858.2000,2858.0000,2857.8000,2859.2000,2859.6000,2859.8000,2860.0000,2860.2000,2,4,2,4,1,3,4,4,2,2
SF,IH2006,2020-06-17 10:39:41.700,2858.6000,18661,0,6956746980.000,0,-,-,-,-,2858.6000,2858.4000,2858.2000,2858.0000,2857.8000,2859.2000,2859.6000,2859.8000,2860.0000,2860.2000,3,4,3,4,1,3,4,4,2,2
SF,IH2006,2020-06-17 10:39:42.200,2858.6000,18661,0,6956746980.000,0,-,-,-,-,2858.6000,2858.4000,2858.2000,2858.0000,2857.8000,2859.0000,2859.2000,2859.6000,2859.8000,2860.0000,1,4,3,4,1,1,3,4,4,2
SF,IH2006,2020-06-17 10:39:42.700,2858.6000,18660,-1,6957604560.000,1,0,1,双平,B,2858.4000,2858.2000,2858.0000,2857.8000,2857.6000,2858.6000,2858.8000,2859.0000,2859.2000,2859.6000,4,3,4,1,3,6,1,1,3,4
SF,IH2006,2020-06-17 10:39:43.200,2858.6000,18660,0,6957604560.000,0,-,-,-,-,2858.4000,2858.2000,2858.0000,2857.8000,2857.6000,2858.6000,2858.8000,2859.0000,2859.2000,2859.6000,4,2,4,1,3,2,1,1,3,4
SF,IH2006,2020-06-17 10:39:44.200,2858.4000,18660,0,6958462080.000,1,0,1,空换,B,2858.4000,2858.2000,2858.0000,2857.8000,2857.6000,2858.6000,2859.0000,2859.2000,2859.6000,2859.8000,3,2,4,1,3,3,1,3,4,4
SF,IH2006,2020-06-17 10:39:44.700,2858.4000,18660,0,6958462080.000,0,-,-,-,-,2858.4000,2858.2000,2858.0000,2857.8000,2857.6000,2858.6000,2859.0000,2859.2000,2859.6000,2859.8000,4,2,4,1,3,3,1,3,4,4
SF,IH2006,2020-06-17 10:39:45.700,2858.4000,18660,0,6958462080.000,0,-,-,-,-,2858.4000,2858.2000,2858.0000,2857.8000,2857.6000,2858.6000,2859.0000,2859.2000,2859.6000,2859.8000,4,2,4,1,3,1,1,3,4,4
SF,IH2006,2020-06-17 10:39:46.200,2858.4000,18660,0,6958462080.000,0,-,-,-,-,2858.4000,2858.2000,2858.0000,2857.8000,2857.6000,2858.6000,2859.0000,2859.2000,2859.6000,2859.8000,4,2,4,1,3,1,2,3,4,4
SF,IH2006,2020-06-17 10:39:46.700,2858.4000,18661,1,6961892160.000,4,2,2,多开,B,2858.2000,2858.0000,2857.8000,2857.6000,2857.4000,2858.4000,2858.6000,2858.8000,2859.0000,2859.2000,2,4,1,3,1,8,1,1,2,3
SF,IH2006,2020-06-17 10:39:47.200,2858.4000,18661,0,6961892160.000,0,-,-,-,-,2858.2000,2858.0000,2857.8000,2857.6000,2857.4000,2858.6000,2858.8000,2859.0000,2859.2000,2859.6000,2,4,1,3,1,1,1,2,1,4
SF,IH2006,2020-06-17 10:39:47.700,2858.2000,18659,-2,6963607080.000,2,0,2,双平,B,2858.0000,2857.8000,2857.6000,2857.4000,2857.2000,2858.2000,2858.6000,2858.8000,2859.0000,2859.2000,4,1,3,1,5,3,1,1,2,1
SF,IH2006,2020-06-17 10:39:48.200,2858.2000,18656,-3,6966179460.000,3,0,3,双平,B,2858.4000,2858.2000,2858.0000,2857.8000,2857.6000,2858.6000,2858.8000,2859.0000,2859.2000,2859.6000,1,2,4,1,3,1,1,2,1,4
SF,IH2006,2020-06-17 10:39:48.700,2858.4000,18657,1,6967036980.000,1,1,0,双开,B,2858.0000,2857.8000,2857.6000,2857.4000,2857.2000,2858.6000,2858.8000,2859.0000,2859.2000,2859.6000,4,1,3,1,5,1,1,2,1,4
SF,IH2006,2020-06-17 10:39:49.700,2858.4000,18657,0,6967036980.000,0,-,-,-,-,2858.0000,2857.8000,2857.6000,2857.4000,2857.2000,2858.6000,2858.8000,2859.0000,2859.2000,2859.6000,5,1,3,1,5,1,1,2,1,4
SF,IH2006,2020-06-17 10:39:50.200,2858.4000,18657,0,6967036980.000,0,-,-,-,-,2858.4000,2858.0000,2857.8000,2857.6000,2857.4000,2858.6000,2858.8000,2859.0000,2859.2000,2859.6000,1,6,1,3,1,1,1,2,1,4
SF,IH2006,2020-06-17 10:39:51.200,2858.4000,18656,-1,6967894500.000,1,0,1,双平,B,2858.0000,2857.8000,2857.6000,2857.4000,2857.2000,2858.2000,2858.6000,2858.8000,2859.0000,2859.2000,6,1,3,1,5,1,2,1,2,1
SF,IH2006,2020-06-17 10:39:51.700,2858.2000,18655,-1,6968751960.000,1,0,1,双平,B,2858.2000,2858.0000,2857.8000,2857.6000,2857.4000,2858.6000,2858.8000,2859.0000,2859.2000,2859.6000,7,6,1,3,1,2,1,2,1,4
SF,IH2006,2020-06-17 10:39:52.200,2858.2000,18655,0,6968751960.000,0,-,-,-,-,2858.2000,2858.0000,2857.8000,2857.6000,2857.4000,2858.6000,2858.8000,2859.0000,2859.2000,2859.6000,4,6,1,3,1,2,1,2,1,4
SF,IH2006,2020-06-17 10:39:52.700,2858.6000,18654,-1,6969609540.000,1,0,1,双平,B,2858.2000,2858.0000,2857.8000,2857.6000,2857.4000,2858.6000,2858.8000,2859.0000,2859.2000,2859.6000,1,6,1,3,1,1,1,2,1,4
SF,IH2006,2020-06-17 10:39:53.200,2858.6000,18654,0,6969609540.000,0,-,-,-,-,2858.2000,2858.0000,2857.8000,2857.6000,2857.4000,2858.6000,2858.8000,2859.0000,2859.2000,2859.6000,1,6,1,3,1,3,1,2,1,4
SF,IH2006,2020-06-17 10:39:53.700,2858.6000,18654,0,6969609540.000,0,-,-,-,-,2858.2000,2858.0000,2857.8000,2857.6000,2857.4000,2858.6000,2858.8000,2859.0000,2859.2000,2859.6000,1,6,1,3,1,3,1,2,1,4
SF,IH2006,2020-06-17 10:39:55.200,2858.6000,18654,0,6969609540.000,0,-,-,-,-,2858.2000,2858.0000,2857.8000,2857.6000,2857.4000,2858.6000,2858.8000,2859.0000,2859.2000,2859.6000,1,6,1,3,1,1,1,2,1,4
SF,IH2006,2020-06-17 10:39:56.700,2858.6000,18654,0,6969609540.000,0,-,-,-,-,2858.2000,2858.0000,2857.8000,2857.6000,2857.4000,2858.6000,2858.8000,2859.0000,2859.2000,2859.6000,1,6,1,3,1,1,1,2,1,4
SF,IH2006,2020-06-17 10:39:57.700,2858.6000,18654,0,6969609540.000,0,-,-,-,-,2858.2000,2858.0000,2857.8000,2857.6000,2857.4000,2858.4000,2858.6000,2858.8000,2859.0000,2859.2000,1,6,1,3,1,6,1,1,2,1
SF,IH2006,2020-06-17 10:39:58.200,2858.2000,18654,0,6970467000.000,1,0,1,空换,B,2858.0000,2857.8000,2857.6000,2857.4000,2857.2000,2858.2000,2858.4000,2858.6000,2858.8000,2859.0000,5,1,3,1,5,1,6,1,1,2
SF,IH2006,2020-06-17 10:39:58.700,2858.2000,18653,-1,6971324460.000,1,0,1,双平,B,2858.2000,2858.0000,2857.8000,2857.6000,2857.4000,2858.4000,2858.6000,2858.8000,2859.0000,2859.2000,1,6,1,3,1,6,1,1,2,1
SF,IH2006,2020-06-17 10:39:59.200,2858.2000,18653,0,6971324460.000,0,-,-,-,-,2858.2000,2858.0000,2857.8000,2857.6000,2857.4000,2858.4000,2858.6000,2858.8000,2859.0000,2859.2000,1,6,1,3,1,1,1,1,2,1
SF,IH2006,2020-06-17 10:39:59.700,2858.2000,18653,0,6971324460.000,0,-,-,-,-,2858.0000,2857.8000,2857.6000,2857.4000,2857.2000,2858.6000,2858.8000,2859.0000,2859.2000,2859.6000,6,1,3,1,5,1,1,2,1,4
SF,IH2006,2020-06-17 10:40:00.200,2858.6000,18652,-1,6972182040.000,1,0,1,双平,B,2858.0000,2857.8000,2857.6000,2857.4000,2857.2000,2858.4000,2858.8000,2859.0000,2859.2000,2859.6000,6,1,3,1,5,1,1,2,1,4
SF,IH2006,2020-06-17 10:40:00.700,2858.4000,18652,0,6973039560.000,1,0,1,空换,B,2858.2000,2858.0000,2857.8000,2857.6000,2857.4000,2858.8000,2859.0000,2859.2000,2859.6000,2859.8000,1,7,1,3,1,1,2,1,4,4
SF,IH2006,2020-06-17 10:40:01.200,2858.4000,18652,0,6973039560.000,0,-,-,-,-,2858.2000,2858.0000,2857.8000,2857.6000,2857.4000,2858.8000,2859.0000,2859.2000,2859.6000,2859.8000,1,7,1,3,1,2,2,1,4,4
SF,IH2006,2020-06-17 10:40:02.200,2858.4000,18652,0,6973039560.000,0,-,-,-,-,2858.2000,2858.0000,2857.8000,2857.6000,2857.4000,2858.8000,2859.0000,2859.2000,2859.6000,2859.8000,1,7,1,3,1,1,2,1,4,4
SF,IH2006,2020-06-17 10:40:02.700,2858.4000,18652,0,6973039560.000,0,-,-,-,-,2858.2000,2858.0000,2857.8000,2857.6000,2857.4000,2858.8000,2859.0000,2859.2000,2859.6000,2859.8000,2,7,1,3,1,2,2,1,4,4
SF,IH2006,2020-06-17 10:40:04.200,2858.4000,18652,0,6973039560.000,0,-,-,-,-,2858.2000,2858.0000,2857.8000,2857.6000,2857.4000,2858.8000,2859.0000,2859.2000,2859.6000,2859.8000,2,7,1,3,1,2,2,1,4,4
SF,IH2006,2020-06-17 10:40:06.200,2858.4000,18652,0,6973039560.000,0,-,-,-,-,2858.2000,2858.0000,2857.8000,2857.6000,2857.4000,2858.8000,2859.0000,2859.2000,2859.6000,2859.8000,3,7,1,3,1,2,2,1,4,5
SF,IH2006,2020-06-17 10:40:06.700,2858.4000,18652,0,6973039560.000,0,-,-,-,-,2858.2000,2858.0000,2857.8000,2857.6000,2857.4000,2858.8000,2859.0000,2859.2000,2859.6000,2859.8000,2,7,1,3,1,2,2,1,4,5
SF,IH2006,2020-06-17 10:40:07.200,2858.4000,18652,0,6973039560.000,0,-,-,-,-,2858.4000,2858.2000,2858.0000,2857.8000,2857.6000,2858.8000,2859.0000,2859.2000,2859.6000,2859.8000,1,2,7,1,3,2,2,1,4,5
SF,IH2006,2020-06-17 10:40:07.700,2858.4000,18652,0,6973039560.000,0,-,-,-,-,2858.2000,2858.0000,2857.8000,2857.6000,2857.4000,2858.8000,2859.0000,2859.2000,2859.6000,2859.8000,3,7,1,3,1,2,2,1,4,5
SF,IH2006,2020-06-17 10:40:08.200,2858.4000,18652,0,6973039560.000,0,-,-,-,-,2858.4000,2858.2000,2858.0000,2857.8000,2857.6000,2858.8000,2859.0000,2859.2000,2859.6000,2859.8000,1,3,7,1,3,2,2,1,4,5
SF,IH2006,2020-06-17 10:40:08.700,2858.4000,18651,-1,6973897080.000,1,0,1,双平,B,2858.2000,2858.0000,2857.8000,2857.6000,2857.4000,2858.4000,2858.6000,2858.8000,2859.0000,2859.2000,2,7,1,3,1,5,1,2,1,1
SF,IH2006,2020-06-17 10:40:09.200,2858.2000,18649,-2,6975612060.000,2,0,2,双平,B,2858.2000,2858.0000,2857.8000,2857.6000,2857.4000,2858.4000,2858.6000,2858.8000,2859.0000,2859.2000,1,7,1,3,1,1,1,2,1,1
SF,IH2006,2020-06-17 10:40:13.700,2858.2000,18649,0,6975612060.000,0,-,-,-,-,2858.2000,2858.0000,2857.8000,2857.6000,2857.4000,2858.4000,2858.6000,2858.8000,2859.0000,2859.2000,2,7,1,3,1,6,1,2,1,1
SF,IH2006,2020-06-17 10:40:14.200,2858.2000,18648,-1,6977326980.000,2,0,2,空平,B,2858.0000,2857.8000,2857.6000,2857.4000,2857.2000,2858.2000,2858.4000,2858.6000,2859.0000,2859.2000,6,1,3,1,5,2,6,1,1,1
SF,IH2006,2020-06-17 10:40:14.700,2858.2000,18647,-1,6979041900.000,2,0,2,空平,B,2858.0000,2857.8000,2857.6000,2857.4000,2857.2000,2858.2000,2858.4000,2858.6000,2859.0000,2859.2000,6,1,3,1,5,1,6,1,1,1
SF,IH2006,2020-06-17 10:40:15.200,2858.2000,18647,0,6979041900.000,0,-,-,-,-,2858.0000,2857.8000,2857.6000,2857.4000,2857.2000,2858.2000,2858.4000,2858.6000,2859.0000,2859.2000,6,1,3,1,5,1,6,1,1,1
SF,IH2006,2020-06-17 10:40:16.200,2858.2000,18647,0,6979041900.000,0,-,-,-,-,2858.0000,2857.8000,2857.6000,2857.4000,2857.2000,2858.2000,2858.4000,2858.6000,2859.0000,2859.2000,6,1,3,1,5,1,6,1,1,1
SF,IH2006,2020-06-17 10:40:16.700,2858.2000,18647,0,6979041900.000,0,-,-,-,-,2858.0000,2857.8000,2857.6000,2857.4000,2857.2000,2858.2000,2858.4000,2858.6000,2859.0000,2859.2000,6,1,3,1,5,1,1,1,1,1
SF,IH2006,2020-06-17 10:40:17.700,2858.2000,18647,0,6979899360.000,1,0,1,空换,B,2858.0000,2857.8000,2857.6000,2857.4000,2857.2000,2858.4000,2858.6000,2859.0000,2859.2000,2859.6000,6,1,3,1,7,1,1,1,1,4
SF,IH2006,2020-06-17 10:40:18.200,2858.2000,18647,0,6979899360.000,0,-,-,-,-,2858.0000,2857.8000,2857.6000,2857.4000,2857.2000,2858.4000,2858.6000,2859.0000,2859.2000,2859.6000,6,1,3,1,7,1,1,1,1,4
SF,IH2006,2020-06-17 10:40:18.700,2858.2000,18647,0,6979899360.000,0,-,-,-,-,2858.0000,2857.8000,2857.6000,2857.4000,2857.2000,2858.4000,2858.6000,2858.8000,2859.0000,2859.2000,7,1,3,1,7,1,1,5,1,1
SF,IH2006,2020-06-17 10:40:19.200,2858.2000,18647,0,6979899360.000,0,-,-,-,-,2858.0000,2857.8000,2857.6000,2857.4000,2857.2000,2858.4000,2858.6000,2858.8000,2859.0000,2859.2000,7,1,3,1,7,1,1,8,1,1
SF,IH2006,2020-06-17 10:40:19.700,2858.2000,18647,0,6979899360.000,0,-,-,-,-,2858.0000,2857.8000,2857.6000,2857.4000,2857.2000,2858.4000,2858.6000,2858.8000,2859.0000,2859.2000,6,1,3,1,7,6,1,8,1,1
SF,IH2006,2020-06-17 10:40:21.200,2858.2000,18647,0,6979899360.000,0,-,-,-,-,2858.0000,2857.8000,2857.6000,2857.4000,2857.2000,2858.2000,2858.4000,2858.6000,2858.8000,2859.0000,6,1,3,1,7,2,6,1,8,1
SF,IH2006,2020-06-17 10:40:22.200,2858.2000,18647,0,6979899360.000,0,-,-,-,-,2858.0000,2857.8000,2857.6000,2857.4000,2857.2000,2858.4000,2858.6000,2858.8000,2859.0000,2859.2000,6,1,3,1,7,6,1,8,1,1
SF,IH2006,2020-06-17 10:40:22.700,2858.2000,18647,0,6979899360.000,0,-,-,-,-,2858.0000,2857.8000,2857.6000,2857.4000,2857.2000,2858.2000,2858.4000,2858.6000,2858.8000,2859.0000,6,1,3,1,7,2,6,1,8,1
SF,IH2006,2020-06-17 10:40:23.700,2858.2000,18647,0,6979899360.000,0,-,-,-,-,2858.0000,2857.8000,2857.6000,2857.4000,2857.2000,2858.4000,2858.6000,2858.8000,2859.0000,2859.2000,6,1,3,1,7,6,1,13,1,1
SF,IH2006,2020-06-17 10:40:24.200,2858.2000,18647,0,6979899360.000,0,-,-,-,-,2858.0000,2857.8000,2857.6000,2857.4000,2857.2000,2858.2000,2858.4000,2858.8000,2859.0000,2859.2000,6,1,3,1,7,4,6,13,1,1
SF,IH2006,2020-06-17 10:40:25.200,2858.2000,18647,0,6979899360.000,0,-,-,-,-,2858.0000,2857.8000,2857.6000,2857.4000,2857.2000,2858.2000,2858.4000,2858.8000,2859.0000,2859.2000,6,1,3,1,7,2,6,15,1,1
SF,IH2006,2020-06-17 10:40:25.700,2858.0000,18643,-4,6985043760.000,6,1,5,空平,B,2857.8000,2857.6000,2857.4000,2857.2000,2857.0000,2858.0000,2858.2000,2858.4000,2858.8000,2859.0000,1,3,1,7,26,6,1,6,15,1
SF,IH2006,2020-06-17 10:40:26.200,2858.0000,18641,-2,6988473360.000,4,1,3,空平,B,2857.8000,2857.6000,2857.4000,2857.2000,2857.0000,2858.2000,2858.4000,2858.8000,2859.0000,2859.2000,1,3,1,7,26,1,6,15,1,1
SF,IH2006,2020-06-17 10:40:26.700,2858.0000,18641,0,6988473360.000,0,-,-,-,-,2857.8000,2857.6000,2857.4000,2857.2000,2857.0000,2858.2000,2858.4000,2858.8000,2859.0000,2859.2000,2,3,1,7,26,1,6,15,1,1
SF,IH2006,2020-06-17 10:40:28.200,2858.0000,18641,0,6988473360.000,0,-,-,-,-,2857.8000,2857.6000,2857.4000,2857.2000,2857.0000,2858.2000,2858.4000,2858.8000,2859.0000,2859.2000,2,3,1,7,26,1,6,15,2,1
SF,IH2006,2020-06-17 10:40:28.700,2857.8000,18640,-1,6990188040.000,2,0,2,空平,B,2857.6000,2857.4000,2857.2000,2857.0000,2856.8000,2858.0000,2858.2000,2858.4000,2858.8000,2859.0000,3,1,7,26,1,2,1,6,15,2
SF,IH2006,2020-06-17 10:40:29.200,2858.0000,18641,1,6991045440.000,1,1,0,双开,B,2857.6000,2857.4000,2857.2000,2857.0000,2856.8000,2858.0000,2858.2000,2858.4000,2858.8000,2859.0000,3,1,7,26,1,1,1,6,15,2
SF,IH2006,2020-06-17 10:40:29.700,2858.0000,18641,0,6991045440.000,0,-,-,-,-,2857.6000,2857.4000,2857.2000,2857.0000,2856.8000,2858.0000,2858.2000,2858.4000,2858.8000,2859.0000,4,1,7,26,1,1,1,6,15,2
SF,IH2006,2020-06-17 10:40:30.200,2857.6000,18640,-1,6991902720.000,1,0,1,双平,B,2857.6000,2857.4000,2857.2000,2857.0000,2856.8000,2857.8000,2858.0000,2858.2000,2858.4000,2858.8000,3,1,7,26,1,3,1,1,6,15
SF,IH2006,2020-06-17 10:40:30.700,2857.6000,18639,-1,6992760000.000,1,0,1,双平,B,2857.6000,2857.4000,2857.2000,2857.0000,2856.8000,2857.8000,2858.2000,2858.4000,2858.8000,2859.0000,2,1,7,26,1,3,1,6,15,2
SF,IH2006,2020-06-17 10:40:31.200,2857.6000,18639,0,6992760000.000,0,-,-,-,-,2857.6000,2857.4000,2857.2000,2857.0000,2856.8000,2857.8000,2858.2000,2858.4000,2858.8000,2859.0000,2,1,7,26,1,3,1,6,16,2
SF,IH2006,2020-06-17 10:40:32.200,2857.6000,18639,0,6992760000.000,0,-,-,-,-,2857.6000,2857.4000,2857.2000,2857.0000,2856.8000,2857.8000,2858.2000,2858.4000,2858.8000,2859.0000,2,1,7,26,1,3,1,6,16,2
SF,IH2006,2020-06-17 10:40:32.700,2857.8000,18638,-1,6993617340.000,1,0,1,双平,B,2857.6000,2857.4000,2857.2000,2857.0000,2856.8000,2857.8000,2858.2000,2858.4000,2858.8000,2859.0000,2,1,7,26,1,2,1,6,16,2
SF,IH2006,2020-06-17 10:40:33.200,2857.8000,18638,0,6994474680.000,1,0,1,空换,B,2857.6000,2857.4000,2857.2000,2857.0000,2856.8000,2857.8000,2858.2000,2858.4000,2858.8000,2859.0000,2,1,7,26,1,1,1,7,16,1
SF,IH2006,2020-06-17 10:40:34.200,2857.8000,18638,0,6994474680.000,0,-,-,-,-,2857.6000,2857.4000,2857.2000,2857.0000,2856.8000,2858.2000,2858.4000,2858.8000,2859.0000,2859.2000,2,1,7,26,1,1,7,16,1,1
SF,IH2006,2020-06-17 10:40:34.700,2857.8000,18638,0,6994474680.000,0,-,-,-,-,2857.6000,2857.4000,2857.2000,2857.0000,2856.8000,2858.0000,2858.4000,2858.8000,2859.0000,2859.2000,2,1,7,26,1,3,7,16,1,1
SF,IH2006,2020-06-17 10:40:35.700,2857.8000,18638,0,6994474680.000,0,-,-,-,-,2857.6000,2857.4000,2857.2000,2857.0000,2856.8000,2858.0000,2858.4000,2858.8000,2859.0000,2859.2000,2,1,7,26,1,3,7,17,1,1
SF,IH2006,2020-06-17 10:40:36.200,2857.8000,18638,0,6994474680.000,0,-,-,-,-,2857.6000,2857.4000,2857.2000,2857.0000,2856.8000,2858.0000,2858.4000,2858.8000,2859.0000,2859.2000,2,1,5,25,1,3,7,17,1,1
SF,IH2006,2020-06-17 10:40:36.700,2857.8000,18638,0,6994474680.000,0,-,-,-,-,2857.6000,2857.4000,2857.2000,2857.0000,2856.8000,2858.0000,2858.4000,2858.8000,2859.0000,2859.2000,3,1,5,25,1,3,7,17,1,1
SF,IH2006,2020-06-17 10:40:37.700,2857.8000,18638,0,6994474680.000,0,-,-,-,-,2857.6000,2857.4000,2857.2000,2857.0000,2856.8000,2858.0000,2858.4000,2858.8000,2859.0000,2859.2000,4,1,5,25,1,3,7,17,1,1
SF,IH2006,2020-06-17 10:40:38.700,2857.6000,18637,-1,6995331960.000,1,0,1,双平,B,2857.6000,2857.4000,2857.2000,2857.0000,2856.8000,2858.0000,2858.4000,2858.8000,2859.0000,2859.2000,3,1,5,25,1,3,7,17,2,1
SF,IH2006,2020-06-17 10:40:39.200,2857.6000,18638,1,6997903800.000,3,2,1,多开,B,2857.4000,2857.2000,2857.0000,2856.8000,2856.6000,2857.6000,2858.0000,2858.4000,2858.8000,2859.0000,1,5,25,1,1,2,3,2,17,2
SF,IH2006,2020-06-17 10:40:39.700,2857.6000,18637,-1,7000475580.000,3,1,2,空平,B,2857.8000,2857.6000,2857.2000,2857.0000,2856.8000,2858.0000,2858.4000,2858.8000,2859.0000,2859.2000,3,2,5,25,1,1,1,17,2,1
SF,IH2006,2020-06-17 10:40:40.200,2857.2000,18635,-2,7007333640.000,8,3,5,空平,B,2857.2000,2857.0000,2856.8000,2856.6000,2856.2000,2858.0000,2858.4000,2858.8000,2859.0000,2859.2000,2,25,1,1,4,1,1,17,2,1
SF,IH2006,2020-06-17 10:40:40.700,2857.2000,18635,0,7007333640.000,0,-,-,-,-,2857.4000,2857.2000,2857.0000,2856.8000,2856.6000,2858.0000,2858.4000,2858.8000,2859.0000,2859.2000,7,4,25,1,1,4,2,17,2,1
SF,IH2006,2020-06-17 10:40:41.200,2857.2000,18635,0,7007333640.000,0,-,-,-,-,2857.4000,2857.2000,2857.0000,2856.8000,2856.6000,2858.0000,2858.4000,2858.8000,2859.0000,2859.2000,6,3,25,1,1,4,2,17,2,1
SF,IH2006,2020-06-17 10:40:41.700,2857.2000,18635,0,7007333640.000,0,-,-,-,-,2857.4000,2857.2000,2857.0000,2856.8000,2856.6000,2858.0000,2858.4000,2858.8000,2859.0000,2859.2000,6,4,25,1,1,4,2,17,2,1
SF,IH2006,2020-06-17 10:40:42.200,2857.4000,18636,1,7009048080.000,2,1,1,多开,B,2857.4000,2857.2000,2857.0000,2856.8000,2856.6000,2858.0000,2858.4000,2858.8000,2859.0000,2859.2000,4,4,25,1,1,4,1,17,2,1
SF,IH2006,2020-06-17 10:40:42.700,2857.4000,18636,0,7009048080.000,0,-,-,-,-,2857.4000,2857.2000,2857.0000,2856.8000,2856.6000,2858.0000,2858.4000,2858.8000,2859.0000,2859.2000,4,4,25,1,1,4,1,17,2,1
SF,IH2006,2020-06-17 10:40:44.700,2857.4000,18636,0,7009048080.000,0,-,-,-,-,2857.4000,2857.2000,2857.0000,2856.8000,2856.6000,2858.0000,2858.4000,2858.8000,2859.0000,2859.2000,4,4,24,1,1,4,1,17,2,1
SF,IH2006,2020-06-17 10:40:45.200,2857.4000,18636,0,7009048080.000,0,-,-,-,-,2857.4000,2857.2000,2857.0000,2856.8000,2856.6000,2858.0000,2858.4000,2858.8000,2859.0000,2859.2000,4,4,24,1,1,4,1,17,2,1
SF,IH2006,2020-06-17 10:40:45.700,2857.4000,18636,0,7009048080.000,0,-,-,-,-,2857.4000,2857.2000,2857.0000,2856.8000,2856.6000,2858.0000,2858.4000,2858.8000,2859.0000,2859.2000,3,4,24,1,1,4,1,17,2,1
SF,IH2006,2020-06-17 10:40:46.200,2857.4000,18636,0,7009048080.000,0,-,-,-,-,2857.4000,2857.2000,2857.0000,2856.8000,2856.6000,2857.8000,2858.0000,2858.4000,2858.8000,2859.0000,3,4,24,1,1,2,4,1,17,2
SF,IH2006,2020-06-17 10:40:46.700,2857.4000,18636,0,7009048080.000,0,-,-,-,-,2857.4000,2857.2000,2857.0000,2856.8000,2856.6000,2857.8000,2858.0000,2858.4000,2858.8000,2859.0000,3,4,24,1,1,3,4,1,17,2
SF,IH2006,2020-06-17 10:40:48.200,2857.4000,18635,-1,7009905300.000,1,0,1,双平,B,2857.4000,2857.2000,2857.0000,2856.8000,2856.6000,2857.8000,2858.0000,2858.4000,2858.8000,2859.0000,2,4,24,1,1,3,4,1,17,2
SF,IH2006,2020-06-17 10:40:48.700,2857.8000,18634,-1,7010762640.000,1,0,1,双平,B,2857.4000,2857.2000,2857.0000,2856.8000,2856.6000,2857.8000,2858.0000,2858.4000,2858.8000,2859.0000,1,4,24,1,1,2,4,1,17,2
SF,IH2006,2020-06-17 10:40:49.200,2857.8000,18634,0,7010762640.000,0,-,-,-,-,2857.4000,2857.2000,2857.0000,2856.8000,2856.6000,2857.8000,2858.0000,2858.4000,2858.8000,2859.0000,2,4,24,1,1,2,4,1,17,2
SF,IH2006,2020-06-17 10:40:49.700,2857.8000,18634,0,7010762640.000,0,-,-,-,-,2857.4000,2857.2000,2857.0000,2856.8000,2856.6000,2857.8000,2858.0000,2858.4000,2858.8000,2859.0000,2,4,24,1,1,2,3,1,17,2
SF,IH2006,2020-06-17 10:40:50.200,2857.8000,18634,0,7010762640.000,0,-,-,-,-,2857.4000,2857.2000,2857.0000,2856.8000,2856.6000,2857.8000,2858.0000,2858.4000,2858.8000,2859.0000,2,4,24,1,3,2,3,1,17,2
SF,IH2006,2020-06-17 10:40:51.700,2857.8000,18634,0,7010762640.000,0,-,-,-,-,2857.4000,2857.2000,2857.0000,2856.8000,2856.6000,2857.8000,2858.0000,2858.4000,2858.8000,2859.0000,2,4,24,1,3,2,3,1,17,2
SF,IH2006,2020-06-17 10:40:52.700,2857.8000,18633,-1,7011619980.000,1,0,1,双平,B,2857.4000,2857.2000,2857.0000,2856.8000,2856.6000,2857.8000,2858.0000,2858.4000,2858.8000,2859.0000,3,4,24,1,3,1,3,1,17,2
SF,IH2006,2020-06-17 10:40:53.200,2857.8000,18633,0,7012477320.000,1,0,1,空换,B,2857.4000,2857.2000,2857.0000,2856.8000,2856.6000,2857.6000,2858.0000,2858.4000,2858.8000,2859.0000,3,4,24,1,3,1,3,1,17,2
SF,IH2006,2020-06-17 10:40:53.700,2857.6000,18632,-1,7013334600.000,1,0,1,双平,B,2857.8000,2857.6000,2857.4000,2857.2000,2857.0000,2858.0000,2858.4000,2858.8000,2859.0000,2859.2000,2,14,3,4,24,3,1,17,2,1
SF,IH2006,2020-06-17 10:40:54.200,2857.6000,18632,0,7013334600.000,0,-,-,-,-,2857.8000,2857.6000,2857.4000,2857.2000,2857.0000,2858.0000,2858.4000,2858.8000,2859.0000,2859.2000,1,2,3,4,24,3,1,17,2,1
SF,IH2006,2020-06-17 10:40:54.700,2857.6000,18632,0,7013334600.000,0,-,-,-,-,2857.8000,2857.6000,2857.4000,2857.2000,2857.0000,2858.0000,2858.4000,2858.8000,2859.0000,2859.2000,2,1,3,4,24,3,1,17,2,1
SF,IH2006,2020-06-17 10:40:55.700,2857.6000,18632,0,7013334600.000,0,-,-,-,-,2857.8000,2857.6000,2857.4000,2857.2000,2857.0000,2858.0000,2858.4000,2858.8000,2859.0000,2859.2000,2,1,3,4,24,4,1,17,2,1
SF,IH2006,2020-06-17 10:40:56.200,2857.6000,18632,0,7013334600.000,0,-,-,-,-,2857.8000,2857.6000,2857.4000,2857.2000,2857.0000,2858.0000,2858.4000,2858.8000,2859.0000,2859.2000,1,1,3,4,24,4,1,17,2,1
SF,IH2006,2020-06-17 10:40:57.200,2857.6000,18632,0,7013334600.000,0,-,-,-,-,2857.8000,2857.4000,2857.2000,2857.0000,2856.8000,2858.0000,2858.4000,2858.8000,2859.0000,2859.2000,1,3,4,24,1,4,1,17,2,1
SF,IH2006,2020-06-17 10:40:57.700,2857.6000,18632,0,7013334600.000,0,-,-,-,-,2857.8000,2857.4000,2857.2000,2857.0000,2856.8000,2858.0000,2858.4000,2858.8000,2859.0000,2859.2000,1,3,4,24,1,4,1,17,2,1
SF,IH2006,2020-06-17 10:41:00.200,2857.6000,18632,0,7013334600.000,0,-,-,-,-,2857.8000,2857.6000,2857.4000,2857.2000,2857.0000,2858.0000,2858.8000,2859.0000,2859.2000,2859.6000,1,1,3,4,24,4,17,2,1,4
SF,IH2006,2020-06-17 10:41:00.700,2857.8000,18632,0,7014191940.000,1,0,1,空换,B,2857.6000,2857.4000,2857.2000,2857.0000,2856.8000,2857.8000,2858.0000,2858.8000,2859.0000,2859.2000,1,3,4,24,1,1,4,17,2,1
SF,IH2006,2020-06-17 10:41:01.200,2857.8000,18632,0,7015049280.000,1,0,1,空换,B,2857.4000,2857.2000,2857.0000,2856.8000,2856.6000,2858.0000,2858.8000,2859.0000,2859.2000,2859.6000,3,4,24,1,1,4,17,2,1,4
SF,IH2006,2020-06-17 10:41:01.700,2857.8000,18632,0,7015049280.000,0,-,-,-,-,2857.6000,2857.4000,2857.2000,2857.0000,2856.8000,2858.0000,2858.8000,2859.0000,2859.2000,2859.6000,1,3,4,24,1,4,17,2,1,4
SF,IH2006,2020-06-17 10:41:03.200,2857.8000,18632,0,7015049280.000,0,-,-,-,-,2857.4000,2857.2000,2857.0000,2856.8000,2856.6000,2858.0000,2858.8000,2859.0000,2859.2000,2859.6000,3,4,24,1,1,4,17,2,1,4
SF,IH2006,2020-06-17 10:41:03.700,2857.8000,18632,0,7015049280.000,0,-,-,-,-,2857.4000,2857.2000,2857.0000,2856.8000,2856.6000,2857.8000,2858.0000,2858.8000,2859.0000,2859.2000,3,4,24,1,1,1,4,17,2,1
SF,IH2006,2020-06-17 10:41:04.700,2857.8000,18632,0,7015049280.000,0,-,-,-,-,2857.6000,2857.4000,2857.2000,2857.0000,2856.8000,2857.8000,2858.0000,2858.8000,2859.0000,2859.2000,1,3,4,24,1,1,4,17,2,1
SF,IH2006,2020-06-17 10:41:06.700,2857.8000,18632,0,7015049280.000,0,-,-,-,-,2857.6000,2857.4000,2857.2000,2857.0000,2856.8000,2857.8000,2858.0000,2858.8000,2859.0000,2859.2000,1,3,4,24,1,1,4,18,2,1
SF,IH2006,2020-06-17 10:41:07.200,2857.8000,18632,0,7015049280.000,0,-,-,-,-,2857.4000,2857.2000,2857.0000,2856.8000,2856.6000,2857.8000,2858.0000,2858.8000,2859.0000,2859.2000,3,4,24,1,1,1,4,18,2,1
SF,IH2006,2020-06-17 10:41:09.700,2857.8000,18632,0,7015906620.000,1,0,1,空换,B,2857.4000,2857.2000,2857.0000,2856.8000,2856.6000,2858.0000,2858.8000,2859.0000,2859.2000,2859.6000,3,4,24,1,1,4,18,2,1,4
SF,IH2006,2020-06-17 10:41:10.200,2857.8000,18632,0,7015906620.000,0,-,-,-,-,2857.4000,2857.2000,2857.0000,2856.8000,2856.6000,2857.8000,2858.0000,2858.8000,2859.0000,2859.2000,2,4,24,1,1,2,4,18,2,1
SF,IH2006,2020-06-17 10:41:10.700,2857.8000,18632,0,7015906620.000,0,-,-,-,-,2857.4000,2857.2000,2857.0000,2856.8000,2856.6000,2857.6000,2857.8000,2858.0000,2858.8000,2859.0000,2,4,24,1,1,1,2,4,18,2
SF,IH2006,2020-06-17 10:41:11.200,2857.8000,18632,0,7015906620.000,0,-,-,-,-,2857.6000,2857.4000,2857.2000,2857.0000,2856.8000,2857.8000,2858.0000,2858.8000,2859.0000,2859.2000,1,2,3,24,1,2,4,18,2,1
SF,IH2006,2020-06-17 10:41:11.700,2857.8000,18632,0,7015906620.000,0,-,-,-,-,2857.4000,2857.2000,2857.0000,2856.8000,2856.6000,2857.8000,2858.0000,2858.8000,2859.0000,2859.2000,2,3,24,1,1,2,4,18,2,1
SF,IH2006,2020-06-17 10:41:12.200,2857.2000,18629,-3,7020192720.000,5,1,4,空平,B,2857.2000,2857.0000,2856.8000,2856.6000,2856.2000,2857.4000,2857.8000,2858.0000,2858.8000,2859.0000,1,24,1,1,4,3,6,5,18,2
SF,IH2006,2020-06-17 10:41:12.700,2857.4000,18627,-2,7022764380.000,3,0,3,空平,B,2857.4000,2857.2000,2857.0000,2856.8000,2856.6000,2857.8000,2858.0000,2858.8000,2859.0000,2859.2000,2,1,24,1,1,6,5,18,2,1
SF,IH2006,2020-06-17 10:41:13.200,2857.4000,18625,-2,7024478820.000,2,0,2,双平,B,2857.2000,2857.0000,2856.8000,2856.6000,2856.2000,2857.4000,2857.6000,2857.8000,2858.0000,2858.8000,1,24,1,1,4,4,4,1,5,18
SF,IH2006,2020-06-17 10:41:13.700,2857.4000,18625,0,7024478820.000,0,-,-,-,-,2857.2000,2857.0000,2856.8000,2856.6000,2856.2000,2857.4000,2857.6000,2857.8000,2858.0000,2858.8000,1,24,1,1,4,1,3,1,5,18
SF,IH2006,2020-06-17 10:41:14.200,2857.4000,18625,0,7024478820.000,0,-,-,-,-,2857.2000,2857.0000,2856.8000,2856.6000,2856.2000,2857.4000,2857.6000,2857.8000,2858.0000,2858.8000,2,24,1,1,4,1,3,1,5,18
SF,IH2006,2020-06-17 10:41:14.700,2857.4000,18625,0,7025336040.000,1,0,1,空换,B,2857.4000,2857.2000,2857.0000,2856.8000,2856.6000,2857.6000,2857.8000,2858.0000,2858.8000,2859.0000,5,2,24,1,1,3,1,5,18,2
SF,IH2006,2020-06-17 10:41:15.200,2857.6000,18625,0,7026193320.000,1,0,1,空换,B,2857.2000,2857.0000,2856.8000,2856.6000,2856.2000,2857.6000,2857.8000,2858.0000,2858.8000,2859.0000,3,24,1,1,4,2,1,5,18,2
SF,IH2006,2020-06-17 10:41:15.700,2857.6000,18625,0,7026193320.000,0,-,-,-,-,2857.2000,2857.0000,2856.8000,2856.6000,2856.2000,2857.6000,2857.8000,2858.0000,2858.8000,2859.0000,4,24,1,1,4,1,1,5,18,2
SF,IH2006,2020-06-17 10:41:16.200,2857.6000,18625,0,7026193320.000,0,-,-,-,-,2857.2000,2857.0000,2856.8000,2856.6000,2856.2000,2857.8000,2858.0000,2858.8000,2859.0000,2859.2000,4,24,1,1,4,1,5,18,2,1
SF,IH2006,2020-06-17 10:41:18.700,2857.6000,18625,0,7026193320.000,0,-,-,-,-,2857.4000,2857.2000,2857.0000,2856.8000,2856.6000,2858.0000,2858.8000,2859.0000,2859.2000,2859.6000,4,5,24,1,1,5,18,2,1,4
SF,IH2006,2020-06-17 10:41:19.200,2857.6000,18625,0,7026193320.000,0,-,-,-,-,2857.4000,2857.2000,2857.0000,2856.8000,2856.6000,2858.0000,2858.8000,2859.0000,2859.2000,2859.6000,5,5,24,1,1,5,18,2,1,4
SF,IH2006,2020-06-17 10:41:20.700,2857.6000,18625,0,7026193320.000,0,-,-,-,-,2857.4000,2857.2000,2857.0000,2856.8000,2856.6000,2857.8000,2858.0000,2858.8000,2859.0000,2859.2000,5,5,24,1,1,2,5,18,2,1
SF,IH2006,2020-06-17 10:41:21.200,2858.0000,18623,-2,7028765400.000,3,0,3,空平,B,2857.8000,2857.4000,2857.2000,2857.0000,2856.8000,2858.0000,2858.8000,2859.0000,2859.2000,2859.6000,11,5,5,24,1,4,18,2,1,4
SF,IH2006,2020-06-17 10:41:21.700,2858.0000,18623,0,7028765400.000,0,-,-,-,-,2857.8000,2857.4000,2857.2000,2857.0000,2856.8000,2858.0000,2858.8000,2859.0000,2859.2000,2859.6000,5,5,5,24,1,4,18,2,1,4
SF,IH2006,2020-06-17 10:41:22.700,2858.0000,18621,-2,7032195000.000,4,1,3,空平,B,2858.0000,2857.8000,2857.6000,2857.4000,2857.2000,2858.8000,2859.0000,2859.2000,2859.6000,2859.8000,1,5,1,5,5,18,2,1,4,5
SF,IH2006,2020-06-17 10:41:23.200,2858.0000,18621,0,7032195000.000,0,-,-,-,-,2858.0000,2857.8000,2857.6000,2857.4000,2857.2000,2858.2000,2858.6000,2858.8000,2859.0000,2859.2000,1,5,1,5,5,1,10,20,2,1
SF,IH2006,2020-06-17 10:41:23.700,2858.0000,18621,0,7032195000.000,0,-,-,-,-,2858.0000,2857.8000,2857.6000,2857.4000,2857.2000,2858.6000,2858.8000,2859.0000,2859.2000,2859.6000,1,5,1,5,5,8,20,2,1,4
SF,IH2006,2020-06-17 10:41:24.200,2858.0000,18621,0,7032195000.000,0,-,-,-,-,2858.0000,2857.8000,2857.6000,2857.4000,2857.2000,2858.4000,2858.6000,2858.8000,2859.0000,2859.2000,1,5,1,5,5,1,9,20,2,1
SF,IH2006,2020-06-17 10:41:24.700,2858.0000,18621,0,7032195000.000,0,-,-,-,-,2858.0000,2857.8000,2857.6000,2857.4000,2857.2000,2858.4000,2858.6000,2858.8000,2859.0000,2859.2000,1,5,1,5,5,1,9,20,2,1
SF,IH2006,2020-06-17 10:41:25.200,2858.0000,18621,0,7032195000.000,0,-,-,-,-,2858.0000,2857.8000,2857.6000,2857.4000,2857.2000,2858.4000,2858.6000,2858.8000,2859.0000,2859.2000,1,5,1,5,5,1,9,20,2,1
SF,IH2006,2020-06-17 10:41:27.200,2858.0000,18621,0,7032195000.000,0,-,-,-,-,2858.0000,2857.8000,2857.6000,2857.4000,2857.2000,2858.4000,2858.6000,2858.8000,2859.0000,2859.2000,1,5,1,5,5,1,9,20,2,1
SF,IH2006,2020-06-17 10:41:28.200,2858.0000,18621,0,7032195000.000,0,-,-,-,-,2858.2000,2858.0000,2857.8000,2857.6000,2857.4000,2858.4000,2858.6000,2858.8000,2859.0000,2859.2000,1,1,5,1,5,1,9,20,2,1
SF,IH2006,2020-06-17 10:41:28.700,2858.0000,18621,0,7032195000.000,0,-,-,-,-,2858.2000,2858.0000,2857.8000,2857.6000,2857.4000,2858.4000,2858.6000,2858.8000,2859.0000,2859.2000,1,1,5,1,4,1,9,20,2,1
SF,IH2006,2020-06-17 10:41:29.200,2858.0000,18621,0,7032195000.000,0,-,-,-,-,2858.2000,2858.0000,2857.6000,2857.4000,2857.2000,2858.4000,2858.6000,2858.8000,2859.0000,2859.2000,1,1,1,4,5,1,9,20,2,1
SF,IH2006,2020-06-17 10:41:29.700,2858.4000,18621,0,7033052520.000,1,0,1,空换,B,2858.2000,2858.0000,2857.6000,2857.4000,2857.2000,2858.6000,2858.8000,2859.0000,2859.2000,2859.6000,1,1,1,4,5,9,20,2,1,4
SF,IH2006,2020-06-17 10:41:30.200,2858.2000,18620,-1,7033909980.000,1,0,1,双平,B,2858.0000,2857.6000,2857.4000,2857.2000,2857.0000,2858.4000,2858.6000,2858.8000,2859.0000,2859.2000,1,1,4,5,24,1,8,20,2,1
SF,IH2006,2020-06-17 10:41:30.700,2858.0000,18617,-3,7036482180.000,3,0,3,双平,B,2857.6000,2857.4000,2857.2000,2857.0000,2856.8000,2858.4000,2858.6000,2858.8000,2859.0000,2859.2000,1,4,4,24,1,1,8,20,2,1
SF,IH2006,2020-06-17 10:41:31.200,2858.0000,18617,0,7036482180.000,0,-,-,-,-,2858.2000,2857.8000,2857.6000,2857.4000,2857.2000,2858.4000,2858.6000,2858.8000,2859.0000,2859.2000,2,10,2,4,4,1,8,20,2,1
SF,IH2006,2020-06-17 10:41:31.700,2858.4000,18616,-1,7038197220.000,2,0,2,空平,B,2858.4000,2857.8000,2857.6000,2857.4000,2857.2000,2858.6000,2858.8000,2859.0000,2859.2000,2859.6000,2,10,2,1,4,4,20,2,1,4
SF,IH2006,2020-06-17 10:41:32.200,2858.4000,18616,0,7038197220.000,0,-,-,-,-,2857.8000,2857.6000,2857.4000,2857.2000,2857.0000,2858.6000,2858.8000,2859.0000,2859.2000,2859.6000,9,2,1,4,24,1,20,2,1,4
SF,IH2006,2020-06-17 10:41:32.700,2858.6000,18616,0,7039054800.000,1,0,1,空换,B,2858.4000,2858.0000,2857.8000,2857.6000,2857.4000,2858.8000,2859.0000,2859.2000,2859.6000,2859.8000,3,6,7,2,1,20,1,1,4,7
SF,IH2006,2020-06-17 10:41:33.200,2858.6000,18616,0,7039054800.000,0,-,-,-,-,2858.0000,2857.8000,2857.6000,2857.4000,2857.2000,2858.8000,2859.0000,2859.2000,2859.6000,2859.8000,3,5,2,1,4,20,1,1,4,7
SF,IH2006,2020-06-17 10:41:33.700,2858.6000,18616,0,7039054800.000,0,-,-,-,-,2858.0000,2857.8000,2857.6000,2857.4000,2857.2000,2858.8000,2859.0000,2859.2000,2859.6000,2859.8000,3,5,2,1,4,20,1,1,4,7
SF,IH2006,2020-06-17 10:41:34.200,2858.6000,18616,0,7039054800.000,0,-,-,-,-,2858.0000,2857.8000,2857.6000,2857.4000,2857.2000,2858.8000,2859.0000,2859.2000,2859.6000,2859.8000,3,5,2,1,4,20,1,1,4,7
SF,IH2006,2020-06-17 10:41:34.700,2858.6000,18616,0,7039912380.000,1,0,1,空换,B,2858.0000,2857.8000,2857.6000,2857.4000,2857.2000,2858.8000,2859.0000,2859.2000,2859.6000,2859.8000,3,5,2,1,4,20,1,1,4,7
SF,IH2006,2020-06-17 10:41:35.200,2858.6000,18616,0,7039912380.000,0,-,-,-,-,2858.0000,2857.8000,2857.6000,2857.4000,2857.2000,2858.6000,2858.8000,2859.0000,2859.2000,2859.6000,3,5,2,1,4,1,20,1,1,4
SF,IH2006,2020-06-17 10:41:35.700,2858.6000,18616,0,7039912380.000,0,-,-,-,-,2858.0000,2857.8000,2857.6000,2857.4000,2857.2000,2858.6000,2858.8000,2859.0000,2859.2000,2859.6000,2,5,2,1,4,1,20,1,1,4
SF,IH2006,2020-06-17 10:41:36.200,2858.6000,18616,0,7039912380.000,0,-,-,-,-,2857.8000,2857.6000,2857.4000,2857.2000,2857.0000,2858.0000,2858.4000,2858.6000,2858.8000,2859.0000,5,2,1,4,24,1,3,3,20,2
SF,IH2006,2020-06-17 10:41:36.700,2858.4000,18616,0,7041627300.000,2,1,1,空换,B,2858.0000,2857.8000,2857.6000,2857.4000,2857.2000,2858.6000,2858.8000,2859.0000,2859.2000,2859.6000,2,5,2,1,4,1,21,2,1,4
SF,IH2006,2020-06-17 10:41:37.200,2858.4000,18616,0,7041627300.000,0,-,-,-,-,2857.8000,2857.6000,2857.4000,2857.2000,2857.0000,2858.6000,2858.8000,2859.0000,2859.2000,2859.6000,5,2,1,4,24,1,21,2,1,4
SF,IH2006,2020-06-17 10:41:37.700,2858.4000,18616,0,7041627300.000,0,-,-,-,-,2857.8000,2857.6000,2857.4000,2857.2000,2857.0000,2858.6000,2858.8000,2859.0000,2859.2000,2859.6000,6,2,1,4,24,1,21,2,1,4
SF,IH2006,2020-06-17 10:41:38.200,2858.4000,18616,0,7041627300.000,0,-,-,-,-,2858.0000,2857.8000,2857.6000,2857.4000,2857.2000,2858.6000,2858.8000,2859.0000,2859.2000,2859.6000,1,6,2,1,4,1,21,2,1,4
SF,IH2006,2020-06-17 10:41:38.700,2858.4000,18616,0,7041627300.000,0,-,-,-,-,2858.0000,2857.8000,2857.6000,2857.4000,2857.2000,2858.6000,2858.8000,2859.0000,2859.2000,2859.6000,1,6,2,1,4,1,21,2,1,4
SF,IH2006,2020-06-17 10:41:39.200,2858.4000,18616,0,7041627300.000,0,-,-,-,-,2858.0000,2857.8000,2857.6000,2857.4000,2857.2000,2858.6000,2858.8000,2859.0000,2859.2000,2859.6000,1,6,2,1,4,1,21,2,1,4
SF,IH2006,2020-06-17 10:41:39.700,2858.6000,18615,-1,7042484880.000,1,0,1,双平,B,2858.0000,2857.8000,2857.6000,2857.4000,2857.2000,2858.8000,2859.0000,2859.2000,2859.6000,2859.8000,1,6,2,2,4,21,2,1,4,7
SF,IH2006,2020-06-17 10:41:40.200,2858.6000,18615,0,7042484880.000,0,-,-,-,-,2858.0000,2857.8000,2857.6000,2857.4000,2857.2000,2858.6000,2858.8000,2859.0000,2859.2000,2859.6000,1,6,2,2,4,1,21,2,1,4
SF,IH2006,2020-06-17 10:41:40.700,2858.6000,18615,0,7042484880.000,0,-,-,-,-,2858.0000,2857.8000,2857.6000,2857.4000,2857.2000,2858.6000,2858.8000,2859.0000,2859.2000,2859.6000,1,6,1,2,4,1,21,2,1,4
SF,IH2006,2020-06-17 10:41:41.200,2858.6000,18615,0,7042484880.000,0,-,-,-,-,2858.0000,2857.8000,2857.6000,2857.4000,2857.2000,2858.6000,2858.8000,2859.0000,2859.2000,2859.6000,1,5,1,2,4,1,21,2,1,4
SF,IH2006,2020-06-17 10:41:42.700,2858.0000,18613,-2,7044199680.000,2,0,2,双平,B,2857.8000,2857.6000,2857.4000,2857.2000,2857.0000,2858.6000,2858.8000,2859.0000,2859.2000,2859.6000,5,1,2,4,24,1,21,2,1,4
SF,IH2006,2020-06-17 10:41:43.200,2858.0000,18613,0,7044199680.000,0,-,-,-,-,2858.0000,2857.8000,2857.6000,2857.4000,2857.2000,2858.6000,2858.8000,2859.0000,2859.2000,2859.6000,2,4,1,2,4,1,21,2,1,4
SF,IH2006,2020-06-17 10:41:43.700,2858.4000,18613,0,7045057200.000,1,0,1,空换,B,2858.0000,2857.8000,2857.6000,2857.4000,2857.2000,2858.4000,2858.6000,2858.8000,2859.0000,2859.2000,2,5,1,2,4,2,1,21,2,1
SF,IH2006,2020-06-17 10:41:45.700,2858.4000,18613,0,7045057200.000,0,-,-,-,-,2858.0000,2857.8000,2857.6000,2857.4000,2857.2000,2858.4000,2858.6000,2858.8000,2859.0000,2859.2000,2,5,1,2,4,2,1,21,1,1
SF,IH2006,2020-06-17 10:41:47.700,2858.4000,18613,0,7045914720.000,1,0,1,空换,B,2858.0000,2857.8000,2857.6000,2857.4000,2857.2000,2858.4000,2858.6000,2858.8000,2859.0000,2859.2000,2,5,1,2,4,1,1,21,1,1
SF,IH2006,2020-06-17 10:41:48.200,2858.4000,18613,0,7046772240.000,1,0,1,空换,B,2858.0000,2857.8000,2857.6000,2857.4000,2857.2000,2858.6000,2858.8000,2859.0000,2859.2000,2859.6000,2,5,1,2,4,1,21,1,1,4
SF,IH2006,2020-06-17 10:41:49.700,2858.4000,18613,0,7046772240.000,0,-,-,-,-,2858.2000,2858.0000,2857.8000,2857.6000,2857.4000,2858.6000,2858.8000,2859.0000,2859.2000,2859.6000,1,2,4,1,2,2,21,1,1,4
SF,IH2006,2020-06-17 10:41:51.700,2858.4000,18613,0,7046772240.000,0,-,-,-,-,2858.0000,2857.8000,2857.6000,2857.4000,2857.2000,2858.2000,2858.6000,2858.8000,2859.0000,2859.2000,2,4,1,2,4,1,2,21,1,1
SF,IH2006,2020-06-17 10:41:52.700,2858.4000,18613,0,7046772240.000,0,-,-,-,-,2858.0000,2857.8000,2857.6000,2857.4000,2857.2000,2858.2000,2858.6000,2858.8000,2859.0000,2859.2000,7,4,1,2,4,1,2,21,1,1
SF,IH2006,2020-06-17 10:41:53.200,2858.0000,18613,0,7048487040.000,2,1,1,空换,B,2858.0000,2857.8000,2857.6000,2857.4000,2857.2000,2858.2000,2858.6000,2858.8000,2859.0000,2859.2000,5,4,3,2,4,1,2,21,1,1
SF,IH2006,2020-06-17 10:41:53.700,2858.2000,18612,-1,7049344500.000,1,0,1,双平,B,2858.0000,2857.8000,2857.6000,2857.4000,2857.2000,2858.6000,2858.8000,2859.0000,2859.2000,2859.6000,5,4,2,2,4,2,21,1,1,4
SF,IH2006,2020-06-17 10:41:54.200,2858.2000,18612,0,7049344500.000,0,-,-,-,-,2858.2000,2858.0000,2857.8000,2857.6000,2857.4000,2858.4000,2858.6000,2858.8000,2859.0000,2859.2000,1,5,4,2,2,2,2,21,1,1
SF,IH2006,2020-06-17 10:41:54.700,2858.2000,18611,-1,7050201960.000,1,0,1,双平,B,2858.0000,2857.8000,2857.4000,2857.2000,2857.0000,2858.2000,2858.4000,2858.6000,2858.8000,2859.0000,5,4,2,4,24,1,1,2,21,1
SF,IH2006,2020-06-17 10:41:55.200,2858.2000,18611,0,7050201960.000,0,-,-,-,-,2858.0000,2857.8000,2857.4000,2857.2000,2857.0000,2858.2000,2858.4000,2858.6000,2858.8000,2859.0000,5,4,2,4,24,1,1,3,21,1
SF,IH2006,2020-06-17 10:41:55.700,2858.2000,18611,0,7050201960.000,0,-,-,-,-,2858.0000,2857.8000,2857.4000,2857.2000,2857.0000,2858.2000,2858.4000,2858.6000,2858.8000,2859.0000,5,4,2,4,24,1,1,3,22,1
SF,IH2006,2020-06-17 10:41:56.700,2858.2000,18610,-1,7051059420.000,1,0,1,双平,B,2858.0000,2857.8000,2857.4000,2857.2000,2857.0000,2858.4000,2858.6000,2858.8000,2859.0000,2859.2000,5,4,2,4,24,1,3,22,1,1
SF,IH2006,2020-06-17 10:41:57.700,2858.0000,18609,-1,7051916820.000,1,0,1,双平,B,2858.0000,2857.8000,2857.4000,2857.2000,2857.0000,2858.4000,2858.6000,2858.8000,2859.0000,2859.2000,4,4,2,4,24,2,3,22,1,1
SF,IH2006,2020-06-17 10:41:58.200,2858.4000,18609,0,7052774340.000,1,0,1,空换,B,2858.0000,2857.8000,2857.4000,2857.2000,2857.0000,2858.4000,2858.6000,2858.8000,2859.0000,2859.2000,4,4,2,4,24,1,3,22,1,1
SF,IH2006,2020-06-17 10:41:58.700,2858.4000,18609,0,7052774340.000,0,-,-,-,-,2858.0000,2857.8000,2857.4000,2857.2000,2857.0000,2858.2000,2858.4000,2858.6000,2858.8000,2859.0000,4,4,2,4,24,1,1,3,22,1
SF,IH2006,2020-06-17 10:41:59.200,2858.0000,18607,-2,7056203940.000,4,1,3,空平,B,2857.8000,2857.4000,2857.2000,2857.0000,2856.8000,2858.2000,2858.4000,2858.6000,2858.8000,2859.0000,4,2,4,24,1,1,1,3,22,1
SF,IH2006,2020-06-17 10:41:59.700,2858.0000,18607,0,7056203940.000,0,-,-,-,-,2857.8000,2857.4000,2857.2000,2857.0000,2856.8000,2858.2000,2858.4000,2858.6000,2858.8000,2859.0000,1,2,4,24,1,2,1,3,22,1
SF,IH2006,2020-06-17 10:42:00.200,2857.8000,18607,0,7057061280.000,1,0,1,空换,B,2857.4000,2857.2000,2857.0000,2856.8000,2856.2000,2858.0000,2858.2000,2858.4000,2858.6000,2858.8000,2,4,24,1,4,1,2,1,3,22
SF,IH2006,2020-06-17 10:42:00.700,2857.8000,18607,0,7057061280.000,0,-,-,-,-,2857.6000,2857.4000,2857.2000,2857.0000,2856.8000,2858.0000,2858.2000,2858.4000,2858.6000,2858.8000,1,1,4,24,1,1,2,1,3,22
SF,IH2006,2020-06-17 10:42:01.200,2857.8000,18607,0,7057061280.000,0,-,-,-,-,2857.6000,2857.4000,2857.2000,2857.0000,2856.8000,2858.0000,2858.2000,2858.4000,2858.6000,2858.8000,1,1,4,24,1,2,2,1,3,22
SF,IH2006,2020-06-17 10:42:01.700,2857.8000,18607,0,7057061280.000,0,-,-,-,-,2857.6000,2857.4000,2857.2000,2857.0000,2856.8000,2858.0000,2858.2000,2858.4000,2858.6000,2858.8000,1,1,4,24,1,3,1,1,3,22
SF,IH2006,2020-06-17 10:42:03.700,2858.0000,18606,-1,7059633480.000,3,1,2,空平,B,2858.0000,2857.6000,2857.4000,2857.2000,2857.0000,2858.2000,2858.4000,2858.6000,2858.8000,2859.0000,2,1,1,4,24,1,1,3,22,1
SF,IH2006,2020-06-17 10:42:04.200,2857.6000,18604,-2,7062205560.000,3,0,3,空平,B,2857.4000,2857.2000,2857.0000,2856.8000,2856.2000,2858.0000,2858.2000,2858.4000,2858.6000,2858.8000,1,4,24,1,4,1,2,2,3,22
SF,IH2006,2020-06-17 10:42:04.700,2857.6000,18604,0,7062205560.000,0,-,-,-,-,2857.6000,2857.4000,2857.2000,2857.0000,2856.8000,2857.8000,2858.0000,2858.2000,2858.4000,2858.6000,3,1,4,24,1,1,1,2,1,3
SF,IH2006,2020-06-17 10:42:05.200,2857.6000,18603,-1,7063062840.000,1,0,1,双平,B,2857.6000,2857.4000,2857.2000,2857.0000,2856.8000,2857.8000,2858.2000,2858.4000,2858.6000,2858.8000,2,2,4,24,1,1,2,1,3,22
SF,IH2006,2020-06-17 10:42:05.700,2858.0000,18603,0,7063920240.000,1,0,1,空换,B,2857.6000,2857.4000,2857.2000,2857.0000,2856.8000,2858.2000,2858.4000,2858.6000,2858.8000,2859.0000,2,2,4,24,1,2,1,3,22,1
SF,IH2006,2020-06-17 10:42:06.700,2858.0000,18603,0,7063920240.000,0,-,-,-,-,2857.8000,2857.6000,2857.4000,2857.2000,2857.0000,2858.2000,2858.4000,2858.6000,2858.8000,2859.0000,1,2,2,4,24,2,1,3,22,1
SF,IH2006,2020-06-17 10:42:07.700,2858.0000,18603,0,7063920240.000,0,-,-,-,-,2857.8000,2857.6000,2857.4000,2857.2000,2857.0000,2858.2000,2858.4000,2858.6000,2858.8000,2859.0000,1,2,2,4,24,1,1,3,22,1
SF,IH2006,2020-06-17 10:42:08.200,2858.0000,18603,0,7063920240.000,0,-,-,-,-,2857.8000,2857.6000,2857.4000,2857.2000,2857.0000,2858.2000,2858.4000,2858.6000,2858.8000,2859.0000,1,1,2,4,24,1,1,3,22,1
SF,IH2006,2020-06-17 10:42:08.700,2858.2000,18603,0,7064777700.000,1,0,1,空换,B,2857.8000,2857.6000,2857.4000,2857.2000,2857.0000,2858.4000,2858.6000,2858.8000,2859.0000,2859.2000,1,1,2,4,24,1,3,22,1,1
SF,IH2006,2020-06-17 10:42:09.200,2857.8000,18602,-1,7065635040.000,1,0,1,双平,B,2857.6000,2857.4000,2857.2000,2857.0000,2856.8000,2858.4000,2858.6000,2858.8000,2859.0000,2859.2000,1,2,4,24,1,1,3,22,1,1
SF,IH2006,2020-06-17 10:42:09.700,2857.8000,18602,0,7065635040.000,0,-,-,-,-,2857.8000,2857.6000,2857.4000,2857.2000,2857.0000,2858.2000,2858.4000,2858.6000,2858.8000,2859.0000,6,1,2,4,24,1,1,3,22,1
SF,IH2006,2020-06-17 10:42:10.200,2858.2000,18602,0,7066492500.000,1,0,1,空换,B,2858.0000,2857.8000,2857.6000,2857.4000,2857.2000,2858.4000,2858.6000,2858.8000,2859.0000,2859.2000,4,6,1,2,4,1,3,22,1,1
SF,IH2006,2020-06-17 10:42:10.700,2858.4000,18601,-1,7067350020.000,1,0,1,双平,B,2858.2000,2858.0000,2857.8000,2857.6000,2857.4000,2858.6000,2858.8000,2859.0000,2859.2000,2859.6000,1,2,6,1,2,3,22,1,1,4
SF,IH2006,2020-06-17 10:42:11.700,2858.2000,18600,-1,7068207480.000,1,0,1,双平,B,2858.0000,2857.8000,2857.6000,2857.4000,2857.2000,2858.6000,2858.8000,2859.0000,2859.2000,2859.6000,2,5,1,2,4,3,22,1,1,4
SF,IH2006,2020-06-17 10:42:12.700,2858.2000,18600,0,7068207480.000,0,-,-,-,-,2858.0000,2857.8000,2857.6000,2857.4000,2857.2000,2858.6000,2858.8000,2859.0000,2859.2000,2859.6000,2,5,1,2,4,3,21,1,1,4
SF,IH2006,2020-06-17 10:42:13.200,2858.6000,18599,-1,7069065060.000,1,0,1,双平,B,2858.0000,2857.8000,2857.6000,2857.4000,2857.2000,2858.6000,2858.8000,2859.0000,2859.2000,2859.6000,2,5,1,2,4,2,21,1,1,4
SF,IH2006,2020-06-17 10:42:13.700,2858.6000,18599,0,7069065060.000,0,-,-,-,-,2858.2000,2858.0000,2857.8000,2857.6000,2857.4000,2858.6000,2858.8000,2859.0000,2859.2000,2859.6000,1,2,5,1,2,2,21,1,1,4
SF,IH2006,2020-06-17 10:42:14.200,2858.2000,18598,-1,7069922520.000,1,0,1,双平,B,2858.0000,2857.8000,2857.6000,2857.4000,2857.2000,2858.2000,2858.6000,2858.8000,2859.0000,2859.2000,2,4,1,2,4,1,2,21,1,1
SF,IH2006,2020-06-17 10:42:14.700,2858.0000,18598,0,7070779920.000,1,0,1,空换,B,2858.0000,2857.8000,2857.6000,2857.4000,2857.2000,2858.2000,2858.6000,2858.8000,2859.0000,2859.2000,1,4,1,2,4,1,2,21,1,1
SF,IH2006,2020-06-17 10:42:15.200,2858.0000,18598,0,7070779920.000,0,-,-,-,-,2858.0000,2857.8000,2857.6000,2857.4000,2857.2000,2858.2000,2858.6000,2858.8000,2859.0000,2859.2000,1,2,1,2,4,1,2,21,1,1
SF,IH2006,2020-06-17 10:42:17.200,2858.2000,18597,-1,7071637380.000,1,0,1,双平,B,2858.2000,2858.0000,2857.8000,2857.6000,2857.4000,2858.6000,2858.8000,2859.0000,2859.2000,2859.6000,1,1,2,1,2,2,21,1,1,4
SF,IH2006,2020-06-17 10:42:17.700,2858.2000,18596,-1,7072494840.000,1,0,1,双平,B,2858.0000,2857.8000,2857.6000,2857.4000,2857.2000,2858.4000,2858.6000,2858.8000,2859.0000,2859.2000,1,2,1,2,4,6,2,21,1,1
SF,IH2006,2020-06-17 10:42:18.200,2858.2000,18596,0,7072494840.000,0,-,-,-,-,2858.0000,2857.8000,2857.6000,2857.4000,2857.2000,2858.4000,2858.6000,2858.8000,2859.0000,2859.2000,1,3,1,2,4,2,2,21,1,1
SF,IH2006,2020-06-17 10:42:20.700,2858.2000,18596,0,7072494840.000,0,-,-,-,-,2858.2000,2858.0000,2857.8000,2857.6000,2857.4000,2858.4000,2858.6000,2858.8000,2859.0000,2859.2000,1,1,3,1,2,2,2,21,1,1
SF,IH2006,2020-06-17 10:42:21.200,2858.2000,18595,-1,7073352300.000,1,0,1,双平,B,2858.0000,2857.8000,2857.6000,2857.4000,2857.2000,2858.2000,2858.4000,2858.6000,2858.8000,2859.0000,1,3,1,2,4,2,2,2,21,1
SF,IH2006,2020-06-17 10:42:21.700,2857.8000,18596,1,7075924560.000,3,2,1,多开,B,2857.8000,2857.6000,2857.4000,2857.2000,2857.0000,2858.4000,2858.6000,2858.8000,2859.0000,2859.2000,2,1,2,4,24,1,2,21,1,1
SF,IH2006,2020-06-17 10:42:22.700,2857.8000,18596,0,7075924560.000,0,-,-,-,-,2858.0000,2857.8000,2857.6000,2857.4000,2857.2000,2858.4000,2858.6000,2858.8000,2859.0000,2859.2000,2,2,1,2,4,1,2,21,1,1
SF,IH2006,2020-06-17 10:42:23.200,2857.8000,18596,0,7075924560.000,0,-,-,-,-,2858.0000,2857.8000,2857.6000,2857.4000,2857.2000,2858.6000,2858.8000,2859.0000,2859.2000,2859.6000,2,2,1,2,4,2,21,1,1,4
SF,IH2006,2020-06-17 10:42:24.700,2858.2000,18594,-2,7077639480.000,2,0,2,双平,B,2858.0000,2857.8000,2857.6000,2857.4000,2857.2000,2858.6000,2858.8000,2859.0000,2859.2000,2859.6000,2,2,1,2,4,2,21,1,1,4
SF,IH2006,2020-06-17 10:42:25.200,2858.2000,18594,0,7077639480.000,0,-,-,-,-,2858.2000,2858.0000,2857.8000,2857.6000,2857.4000,2858.6000,2858.8000,2859.0000,2859.2000,2859.6000,1,2,1,1,2,2,21,1,1,4
SF,IH2006,2020-06-17 10:42:25.700,2858.2000,18593,-1,7078496940.000,1,0,1,双平,B,2858.0000,2857.8000,2857.6000,2857.4000,2857.2000,2858.6000,2858.8000,2859.0000,2859.2000,2859.6000,2,1,1,2,4,2,21,1,1,4
SF,IH2006,2020-06-17 10:42:26.200,2858.0000,18592,-1,7079354340.000,1,0,1,双平,B,2858.0000,2857.8000,2857.6000,2857.4000,2857.2000,2858.6000,2858.8000,2859.0000,2859.2000,2859.6000,1,1,1,2,4,2,21,1,1,4
SF,IH2006,2020-06-17 10:42:26.700,2858.0000,18592,0,7079354340.000,0,-,-,-,-,2858.0000,2857.8000,2857.6000,2857.4000,2857.2000,2858.2000,2858.6000,2858.8000,2859.0000,2859.2000,1,1,1,2,4,1,2,21,1,1
SF,IH2006,2020-06-17 10:42:27.200,2858.2000,18593,1,7080211800.000,1,1,0,双开,B,2858.2000,2858.0000,2857.8000,2857.6000,2857.4000,2858.6000,2858.8000,2859.0000,2859.2000,2859.6000,1,1,1,1,2,2,21,1,1,4
SF,IH2006,2020-06-17 10:42:32.700,2858.2000,18593,0,7080211800.000,0,-,-,-,-,2858.0000,2857.8000,2857.6000,2857.4000,2857.2000,2858.6000,2858.8000,2859.0000,2859.2000,2859.6000,1,1,1,2,4,2,21,1,1,4
SF,IH2006,2020-06-17 10:42:33.200,2858.2000,18593,0,7080211800.000,0,-,-,-,-,2858.0000,2857.8000,2857.6000,2857.4000,2857.2000,2858.6000,2858.8000,2859.0000,2859.2000,2859.6000,1,1,1,2,4,3,21,1,1,4
SF,IH2006,2020-06-17 10:42:33.700,2858.2000,18593,0,7080211800.000,0,-,-,-,-,2858.2000,2858.0000,2857.8000,2857.6000,2857.4000,2858.6000,2858.8000,2859.0000,2859.2000,2859.6000,1,1,1,1,2,3,21,1,1,4
SF,IH2006,2020-06-17 10:42:36.200,2858.6000,18592,-1,7081069380.000,1,0,1,双平,B,2858.2000,2858.0000,2857.8000,2857.6000,2857.4000,2858.6000,2858.8000,2859.0000,2859.2000,2859.6000,1,1,1,1,2,2,21,1,1,4
SF,IH2006,2020-06-17 10:42:37.200,2858.8000,18588,-4,7085357460.000,5,0,5,空平,B,2858.2000,2858.0000,2857.8000,2857.6000,2857.4000,2858.8000,2859.0000,2859.2000,2859.6000,2859.8000,1,1,1,1,5,18,1,1,4,6
SF,IH2006,2020-06-17 10:42:37.700,2858.8000,18588,0,7085357460.000,0,-,-,-,-,2858.2000,2858.0000,2857.8000,2857.6000,2857.4000,2858.8000,2859.0000,2859.2000,2859.6000,2859.8000,1,1,1,2,5,19,1,1,4,6
SF,IH2006,2020-06-17 10:42:38.200,2858.8000,18582,-6,7090503300.000,6,0,6,双平,B,2858.4000,2858.2000,2858.0000,2857.8000,2857.6000,2858.8000,2859.0000,2859.2000,2859.6000,2859.8000,1,2,1,1,2,13,1,1,4,6
SF,IH2006,2020-06-17 10:42:38.700,2858.8000,18582,0,7090503300.000,0,-,-,-,-,2858.4000,2858.2000,2858.0000,2857.8000,2857.6000,2858.8000,2859.0000,2859.2000,2859.6000,2859.8000,1,2,1,1,2,13,1,1,4,6
SF,IH2006,2020-06-17 10:42:40.200,2858.8000,18580,-2,7092218580.000,2,0,2,双平,B,2858.4000,2858.2000,2858.0000,2857.8000,2857.6000,2858.8000,2859.0000,2859.2000,2859.6000,2859.8000,1,2,1,1,2,11,1,1,4,6
SF,IH2006,2020-06-17 10:42:41.200,2858.8000,18578,-2,7093933860.000,2,0,2,双平,B,2858.4000,2858.2000,2858.0000,2857.8000,2857.6000,2858.8000,2859.0000,2859.2000,2859.6000,2859.8000,1,2,1,1,2,9,1,1,4,6
SF,IH2006,2020-06-17 10:42:41.700,2858.8000,18577,-1,7094791500.000,1,0,1,双平,B,2858.4000,2858.2000,2858.0000,2857.8000,2857.6000,2858.8000,2859.0000,2859.2000,2859.6000,2859.8000,1,2,1,1,2,8,1,1,4,6
SF,IH2006,2020-06-17 10:42:46.700,2858.8000,18577,0,7094791500.000,0,-,-,-,-,2858.4000,2858.2000,2858.0000,2857.6000,2857.4000,2858.8000,2859.0000,2859.2000,2859.6000,2859.8000,1,2,1,2,5,8,1,1,4,6
SF,IH2006,2020-06-17 10:42:47.700,2858.8000,18577,0,7094791500.000,0,-,-,-,-,2858.4000,2858.2000,2858.0000,2857.6000,2857.4000,2858.8000,2859.0000,2859.2000,2859.6000,2859.8000,1,2,1,2,5,9,1,1,4,6
SF,IH2006,2020-06-17 10:42:48.200,2858.8000,18577,0,7094791500.000,0,-,-,-,-,2858.4000,2858.2000,2858.0000,2857.6000,2857.4000,2858.6000,2858.8000,2859.0000,2859.2000,2859.6000,1,2,1,2,5,1,9,1,1,4
SF,IH2006,2020-06-17 10:42:48.700,2858.8000,18571,-6,7099937340.000,6,0,6,双平,B,2858.4000,2858.2000,2858.0000,2857.6000,2857.4000,2858.8000,2859.0000,2859.2000,2859.6000,2859.8000,1,1,1,2,5,4,1,1,4,6
SF,IH2006,2020-06-17 10:42:49.200,2858.4000,18570,-1,7100794860.000,1,0,1,双平,B,2858.2000,2858.0000,2857.6000,2857.4000,2857.2000,2858.4000,2858.8000,2859.0000,2859.2000,2859.6000,1,1,2,5,4,1,4,1,1,4
SF,IH2006,2020-06-17 10:42:49.700,2858.2000,18570,0,7101652320.000,1,0,1,空换,B,2858.0000,2857.6000,2857.4000,2857.2000,2857.0000,2858.4000,2858.8000,2859.0000,2859.2000,2859.6000,1,2,2,4,24,1,4,1,1,4
SF,IH2006,2020-06-17 10:42:52.700,2858.2000,18570,0,7101652320.000,0,-,-,-,-,2858.2000,2858.0000,2857.8000,2857.6000,2857.4000,2858.4000,2858.8000,2859.0000,2859.2000,2859.6000,1,1,1,2,2,1,4,1,1,4
SF,IH2006,2020-06-17 10:42:53.700,2858.2000,18570,0,7101652320.000,0,-,-,-,-,2858.2000,2858.0000,2857.8000,2857.6000,2857.4000,2858.4000,2858.8000,2859.0000,2859.2000,2859.6000,1,1,1,2,2,1,4,1,1,4
SF,IH2006,2020-06-17 10:42:54.200,2858.2000,18570,0,7101652320.000,0,-,-,-,-,2858.2000,2858.0000,2857.8000,2857.6000,2857.4000,2858.4000,2858.8000,2859.0000,2859.2000,2859.6000,1,1,1,2,2,1,4,1,1,4
SF,IH2006,2020-06-17 10:42:55.200,2858.2000,18570,0,7101652320.000,0,-,-,-,-,2858.2000,2858.0000,2857.8000,2857.6000,2857.4000,2858.4000,2858.8000,2859.0000,2859.2000,2859.6000,1,2,1,2,2,1,4,1,1,4
SF,IH2006,2020-06-17 10:42:55.700,2858.2000,18570,0,7101652320.000,0,-,-,-,-,2858.2000,2858.0000,2857.8000,2857.6000,2857.4000,2858.4000,2858.8000,2859.0000,2859.2000,2859.6000,1,2,1,2,2,1,4,1,1,4
SF,IH2006,2020-06-17 10:42:56.200,2858.2000,18570,0,7101652320.000,0,-,-,-,-,2858.2000,2858.0000,2857.8000,2857.6000,2857.4000,2858.4000,2858.8000,2859.0000,2859.2000,2859.6000,1,2,1,2,2,2,4,1,1,4
SF,IH2006,2020-06-17 10:42:57.200,2858.4000,18570,0,7103367360.000,2,1,1,空换,B,2858.4000,2858.2000,2858.0000,2857.8000,2857.6000,2858.8000,2859.0000,2859.2000,2859.6000,2859.8000,10,1,2,1,2,4,1,1,4,7
SF,IH2006,2020-06-17 10:42:57.700,2858.4000,18570,0,7104224880.000,1,0,1,空换,B,2858.4000,2858.2000,2858.0000,2857.8000,2857.6000,2858.8000,2859.0000,2859.2000,2859.6000,2859.8000,9,1,2,1,2,4,1,1,4,7
SF,IH2006,2020-06-17 10:42:58.200,2858.4000,18570,0,7104224880.000,0,-,-,-,-,2858.4000,2858.2000,2858.0000,2857.8000,2857.6000,2858.8000,2859.0000,2859.2000,2859.6000,2859.8000,10,1,2,1,2,4,1,1,4,7
SF,IH2006,2020-06-17 10:43:00.200,2858.4000,18570,0,7104224880.000,0,-,-,-,-,2858.4000,2858.2000,2858.0000,2857.8000,2857.6000,2858.8000,2859.0000,2859.2000,2859.6000,2859.8000,10,1,2,1,2,4,2,1,4,7
SF,IH2006,2020-06-17 10:43:00.700,2858.8000,18570,0,7108513080.000,5,2,3,空换,B,2858.8000,2858.4000,2858.2000,2858.0000,2857.8000,2859.0000,2859.2000,2859.6000,2859.8000,2860.0000,4,1,1,2,1,2,1,4,7,1
SF,IH2006,2020-06-17 10:43:01.200,2858.4000,18570,0,7114516440.000,7,3,4,空换,B,2858.2000,2858.0000,2857.8000,2857.6000,2857.4000,2858.4000,2858.6000,2858.8000,2859.0000,2859.2000,1,2,1,2,2,1,3,10,2,1
SF,IH2006,2020-06-17 10:43:01.700,2858.2000,18570,0,7116231420.000,2,1,1,空换,B,2858.6000,2858.0000,2857.8000,2857.6000,2857.4000,2858.8000,2859.0000,2859.2000,2859.6000,2859.8000,1,2,1,2,2,1,2,1,4,7
SF,IH2006,2020-06-17 10:43:02.200,2858.6000,18570,0,7117089000.000,1,0,1,空换,B,2858.0000,2857.8000,2857.6000,2857.4000,2857.2000,2858.6000,2858.8000,2859.0000,2859.2000,2859.6000,2,1,2,2,4,4,2,2,1,4
SF,IH2006,2020-06-17 10:43:02.700,2858.8000,18569,-1,7117946640.000,1,0,1,双平,B,2858.2000,2858.0000,2857.8000,2857.6000,2857.4000,2858.8000,2859.0000,2859.2000,2859.6000,2859.8000,1,2,1,2,2,2,2,1,4,7
SF,IH2006,2020-06-17 10:43:03.200,2858.8000,18569,0,7117946640.000,0,-,-,-,-,2858.2000,2858.0000,2857.8000,2857.6000,2857.4000,2858.8000,2859.0000,2859.2000,2859.6000,2859.8000,2,2,1,2,2,2,2,1,4,8
SF,IH2006,2020-06-17 10:43:03.700,2858.8000,18570,1,7121377200.000,4,2,2,多开,B,2858.8000,2858.2000,2858.0000,2857.8000,2857.6000,2859.0000,2859.2000,2859.6000,2859.8000,2860.0000,8,2,2,1,2,2,1,4,8,1
SF,IH2006,2020-06-17 10:43:04.200,2858.8000,18569,-1,7124807820.000,4,1,3,空平,B,2858.8000,2858.2000,2858.0000,2857.8000,2857.6000,2859.0000,2859.2000,2859.6000,2859.8000,2860.0000,5,1,2,1,2,1,1,4,7,1
SF,IH2006,2020-06-17 10:43:04.700,2858.8000,18569,0,7124807820.000,0,-,-,-,-,2858.8000,2858.2000,2858.0000,2857.8000,2857.6000,2859.0000,2859.2000,2859.6000,2859.8000,2860.0000,5,1,2,1,2,4,2,4,7,1
SF,IH2006,2020-06-17 10:43:06.700,2859.0000,18572,3,7128238620.000,4,3,1,多开,B,2859.0000,2858.2000,2858.0000,2857.8000,2857.6000,2859.2000,2859.6000,2859.8000,2860.0000,2860.2000,1,1,2,1,2,2,4,7,1,4
SF,IH2006,2020-06-17 10:43:07.200,2859.0000,18572,0,7129954020.000,2,1,1,空换,B,2858.2000,2858.0000,2857.8000,2857.6000,2857.4000,2859.0000,2859.2000,2859.6000,2859.8000,2860.0000,1,2,1,2,2,3,3,4,7,1
SF,IH2006,2020-06-17 10:43:07.700,2859.0000,18571,-1,7130811720.000,1,0,1,双平,B,2858.4000,2858.2000,2858.0000,2857.8000,2857.6000,2859.2000,2859.6000,2859.8000,2860.0000,2860.2000,1,3,2,1,2,3,4,7,1,4
SF,IH2006,2020-06-17 10:43:08.200,2859.0000,18571,0,7130811720.000,0,-,-,-,-,2858.6000,2858.4000,2858.2000,2858.0000,2857.8000,2858.8000,2859.2000,2859.6000,2859.8000,2860.0000,1,1,2,2,1,1,3,4,7,1
SF,IH2006,2020-06-17 10:43:08.700,2858.8000,18570,-1,7131669360.000,1,0,1,双平,B,2858.6000,2858.4000,2858.2000,2858.0000,2857.8000,2859.2000,2859.6000,2859.8000,2860.0000,2860.2000,1,1,1,2,1,3,4,7,1,5
SF,IH2006,2020-06-17 10:43:09.200,2858.8000,18570,0,7131669360.000,0,-,-,-,-,2858.6000,2858.4000,2858.2000,2858.0000,2857.8000,2859.0000,2859.2000,2859.6000,2859.8000,2860.0000,1,1,1,2,1,1,3,4,7,1
SF,IH2006,2020-06-17 10:43:10.700,2858.8000,18570,0,7131669360.000,0,-,-,-,-,2858.6000,2858.4000,2858.2000,2858.0000,2857.8000,2859.0000,2859.2000,2859.6000,2859.8000,2860.0000,1,1,2,2,1,1,3,4,7,1
SF,IH2006,2020-06-17 10:43:11.200,2858.8000,18570,0,7131669360.000,0,-,-,-,-,2858.6000,2858.4000,2858.2000,2858.0000,2857.8000,2859.0000,2859.2000,2859.6000,2859.8000,2860.0000,1,1,2,2,1,1,3,3,8,1
SF,IH2006,2020-06-17 10:43:11.700,2858.2000,18570,0,7134241920.000,3,1,2,空换,B,2858.0000,2857.8000,2857.6000,2857.4000,2857.2000,2858.6000,2859.0000,2859.2000,2859.6000,2859.8000,2,1,2,1,3,2,1,4,3,8
SF,IH2006,2020-06-17 10:43:12.200,2858.2000,18569,-1,7136814420.000,3,1,2,空平,B,2858.0000,2857.8000,2857.6000,2857.4000,2857.2000,2858.6000,2859.0000,2859.2000,2859.6000,2859.8000,2,1,2,1,3,1,1,4,3,8
SF,IH2006,2020-06-17 10:43:12.700,2857.8000,18568,-1,7140244140.000,4,1,3,空平,B,2857.6000,2857.4000,2857.2000,2857.0000,2856.8000,2858.6000,2858.8000,2859.0000,2859.2000,2859.6000,2,1,3,24,1,5,1,1,4,3
SF,IH2006,2020-06-17 10:43:13.200,2857.8000,18567,-1,7141958820.000,2,0,2,空平,B,2857.8000,2857.6000,2857.4000,2857.2000,2857.0000,2858.0000,2858.4000,2858.6000,2858.8000,2859.0000,1,4,1,3,24,4,7,5,1,1
SF,IH2006,2020-06-17 10:43:13.700,2857.8000,18566,-1,7143673500.000,2,0,2,空平,B,2857.6000,2857.4000,2857.2000,2857.0000,2856.8000,2858.4000,2858.6000,2858.8000,2859.0000,2859.2000,3,1,3,24,1,6,5,1,1,4
SF,IH2006,2020-06-17 10:43:14.200,2858.2000,18559,-7,7163393460.000,23,8,15,空平,B,2857.4000,2857.2000,2857.0000,2856.8000,2856.2000,2858.2000,2858.4000,2858.6000,2858.8000,2859.0000,1,3,24,1,4,4,4,5,1,1
SF,IH2006,2020-06-17 10:43:14.700,2858.2000,18559,0,7163393460.000,0,-,-,-,-,2858.0000,2857.6000,2857.4000,2857.2000,2857.0000,2858.2000,2858.4000,2858.6000,2858.8000,2859.0000,2,3,1,3,24,3,4,6,1,1
SF,IH2006,2020-06-17 10:43:15.200,2858.2000,18559,0,7163393460.000,0,-,-,-,-,2857.6000,2857.4000,2857.2000,2857.0000,2856.8000,2858.2000,2858.4000,2858.6000,2858.8000,2859.0000,4,1,2,24,1,3,4,6,1,1
SF,IH2006,2020-06-17 10:43:15.700,2858.2000,18559,0,7163393460.000,0,-,-,-,-,2857.8000,2857.6000,2857.4000,2857.2000,2857.0000,2858.2000,2858.4000,2858.6000,2858.8000,2859.0000,2,4,1,2,24,1,4,1,1,1
SF,IH2006,2020-06-17 10:43:16.200,2858.2000,18559,0,7163393460.000,0,-,-,-,-,2857.8000,2857.6000,2857.4000,2857.2000,2857.0000,2858.2000,2858.4000,2858.6000,2858.8000,2859.2000,2,4,1,2,24,1,4,1,1,5
SF,IH2006,2020-06-17 10:43:16.700,2858.2000,18559,0,7163393460.000,0,-,-,-,-,2857.8000,2857.6000,2857.4000,2857.2000,2857.0000,2858.4000,2858.6000,2858.8000,2859.2000,2859.4000,2,4,1,2,24,4,1,1,5,1
SF,IH2006,2020-06-17 10:43:17.700,2858.2000,18557,-2,7165108380.000,2,0,2,双平,B,2858.2000,2857.8000,2857.6000,2857.4000,2857.2000,2858.4000,2858.6000,2858.8000,2859.2000,2859.4000,18,2,4,1,2,4,1,1,5,1
SF,IH2006,2020-06-17 10:43:18.200,2858.2000,18554,-3,7171968060.000,8,2,6,空平,B,2858.2000,2857.8000,2857.6000,2857.4000,2857.2000,2858.4000,2858.6000,2858.8000,2859.2000,2859.4000,10,2,4,1,2,3,1,1,5,1
SF,IH2006,2020-06-17 10:43:18.700,2858.2000,18552,-2,7174540440.000,3,0,3,空平,B,2858.2000,2857.8000,2857.6000,2857.4000,2857.2000,2858.4000,2858.6000,2858.8000,2859.2000,2859.4000,7,2,4,1,2,1,1,1,5,1
SF,IH2006,2020-06-17 10:43:19.200,2858.2000,18552,0,7174540440.000,0,-,-,-,-,2858.2000,2857.8000,2857.6000,2857.4000,2857.2000,2858.4000,2858.6000,2858.8000,2859.2000,2859.4000,8,1,4,1,2,1,1,1,5,1
SF,IH2006,2020-06-17 10:43:19.700,2858.2000,18552,0,7174540440.000,0,-,-,-,-,2858.2000,2857.8000,2857.6000,2857.4000,2857.2000,2858.4000,2858.6000,2858.8000,2859.2000,2859.4000,8,1,2,1,2,1,1,1,5,1
SF,IH2006,2020-06-17 10:43:20.200,2858.2000,18552,0,7174540440.000,0,-,-,-,-,2858.2000,2857.8000,2857.6000,2857.4000,2857.2000,2858.4000,2858.6000,2858.8000,2859.2000,2859.4000,8,1,2,1,2,1,1,1,5,1
SF,IH2006,2020-06-17 10:43:21.200,2858.2000,18552,0,7174540440.000,0,-,-,-,-,2858.2000,2857.8000,2857.6000,2857.4000,2857.2000,2858.4000,2858.6000,2858.8000,2859.2000,2859.4000,8,1,2,1,2,1,2,1,5,1
SF,IH2006,2020-06-17 10:43:21.700,2858.2000,18552,0,7175397900.000,1,0,1,空换,B,2858.2000,2857.8000,2857.6000,2857.4000,2857.2000,2858.4000,2858.6000,2858.8000,2859.2000,2859.4000,7,1,2,1,2,1,2,1,5,1
SF,IH2006,2020-06-17 10:43:22.200,2858.2000,18552,0,7176255360.000,1,0,1,空换,B,2858.2000,2857.8000,2857.6000,2857.4000,2857.2000,2858.4000,2858.6000,2858.8000,2859.2000,2859.4000,6,1,2,1,2,1,3,1,5,1
SF,IH2006,2020-06-17 10:43:22.700,2858.2000,18550,-2,7179685200.000,4,1,3,空平,B,2858.2000,2857.8000,2857.6000,2857.4000,2857.2000,2858.4000,2858.6000,2858.8000,2859.2000,2859.4000,2,1,2,1,2,1,3,1,5,1
SF,IH2006,2020-06-17 10:43:23.200,2857.4000,18551,1,7184829240.000,6,3,3,多开,B,2857.2000,2857.0000,2856.8000,2856.2000,2856.0000,2857.8000,2858.4000,2858.6000,2858.8000,2859.2000,2,24,1,4,7,1,1,3,1,5
SF,IH2006,2020-06-17 10:43:23.700,2858.4000,18550,-1,7186544100.000,2,0,2,空平,B,2858.4000,2857.8000,2857.6000,2857.4000,2857.2000,2858.6000,2858.8000,2859.2000,2859.4000,2859.6000,2,18,12,7,6,3,1,5,1,3
SF,IH2006,2020-06-17 10:43:24.200,2857.4000,18549,-1,7189973700.000,4,1,3,空平,B,2857.4000,2857.2000,2857.0000,2856.8000,2856.2000,2858.2000,2858.4000,2858.6000,2858.8000,2859.0000,1,4,24,1,4,4,13,12,1,1
SF,IH2006,2020-06-17 10:43:24.700,2857.4000,18550,1,7190830920.000,1,1,0,双开,B,2857.6000,2857.4000,2857.2000,2857.0000,2856.8000,2858.0000,2858.4000,2858.6000,2858.8000,2859.2000,1,1,4,24,1,2,11,7,1,4
SF,IH2006,2020-06-17 10:43:25.200,2857.4000,18550,0,7190830920.000,0,-,-,-,-,2858.0000,2857.8000,2857.2000,2857.0000,2856.8000,2858.2000,2858.4000,2858.6000,2858.8000,2859.2000,2,3,4,24,1,1,7,3,1,3
SF,IH2006,2020-06-17 10:43:25.700,2857.4000,18550,0,7190830920.000,0,-,-,-,-,2857.8000,2857.4000,2857.2000,2857.0000,2856.8000,2858.4000,2858.6000,2858.8000,2859.2000,2859.4000,1,1,3,24,1,4,3,1,3,1
SF,IH2006,2020-06-17 10:43:26.200,2857.4000,18550,0,7190830920.000,0,-,-,-,-,2858.0000,2857.8000,2857.4000,2857.2000,2857.0000,2858.4000,2858.6000,2858.8000,2859.2000,2859.4000,1,1,1,3,24,5,3,1,4,1
SF,IH2006,2020-06-17 10:43:26.700,2857.4000,18550,0,7190830920.000,0,-,-,-,-,2858.2000,2858.0000,2857.8000,2857.6000,2857.4000,2858.4000,2858.6000,2858.8000,2859.2000,2859.4000,1,2,1,1,1,4,3,1,4,1
SF,IH2006,2020-06-17 10:43:27.200,2858.4000,18550,0,7191688440.000,1,0,1,空换,B,2858.2000,2858.0000,2857.8000,2857.6000,2857.4000,2858.4000,2858.6000,2858.8000,2859.2000,2859.4000,1,2,1,1,1,3,3,1,4,1
SF,IH2006,2020-06-17 10:43:28.200,2858.4000,18547,-3,7195118400.000,4,0,4,空平,B,2858.0000,2857.8000,2857.6000,2857.4000,2857.2000,2858.4000,2858.6000,2858.8000,2859.2000,2859.4000,2,1,1,1,3,1,3,1,4,1
SF,IH2006,2020-06-17 10:43:28.700,2858.4000,18547,0,7195975920.000,1,0,1,空换,B,2858.0000,2857.8000,2857.6000,2857.4000,2857.2000,2858.6000,2858.8000,2859.2000,2859.4000,2859.6000,2,1,1,1,3,3,1,4,1,3
SF,IH2006,2020-06-17 10:43:29.200,2858.4000,18547,0,7195975920.000,0,-,-,-,-,2858.0000,2857.8000,2857.6000,2857.4000,2857.2000,2858.6000,2858.8000,2859.2000,2859.4000,2859.6000,2,1,1,1,3,3,1,4,1,3
SF,IH2006,2020-06-17 10:43:29.700,2858.4000,18547,0,7195975920.000,0,-,-,-,-,2858.0000,2857.8000,2857.6000,2857.4000,2857.2000,2858.6000,2858.8000,2859.2000,2859.4000,2859.6000,2,1,1,1,3,3,1,4,1,3
SF,IH2006,2020-06-17 10:43:30.200,2858.4000,18547,0,7195975920.000,0,-,-,-,-,2858.2000,2858.0000,2857.6000,2857.4000,2857.2000,2858.6000,2858.8000,2859.2000,2859.4000,2859.6000,1,2,1,1,3,4,1,4,1,3
SF,IH2006,2020-06-17 10:43:31.200,2858.4000,18547,0,7195975920.000,0,-,-,-,-,2858.2000,2858.0000,2857.6000,2857.4000,2857.2000,2858.6000,2858.8000,2859.2000,2859.4000,2859.6000,1,2,1,1,3,4,1,4,1,3
SF,IH2006,2020-06-17 10:43:31.700,2858.2000,18546,-1,7196833380.000,1,0,1,双平,B,2858.0000,2857.6000,2857.4000,2857.2000,2857.0000,2858.6000,2858.8000,2859.2000,2859.4000,2859.6000,2,1,1,3,24,5,1,4,1,3
SF,IH2006,2020-06-17 10:43:33.200,2858.2000,18546,0,7196833380.000,0,-,-,-,-,2858.0000,2857.6000,2857.4000,2857.2000,2857.0000,2858.6000,2858.8000,2859.2000,2859.4000,2859.6000,2,1,1,3,24,4,1,3,1,3
SF,IH2006,2020-06-17 10:43:33.700,2858.2000,18546,0,7196833380.000,0,-,-,-,-,2858.0000,2857.6000,2857.4000,2857.2000,2857.0000,2858.6000,2858.8000,2859.2000,2859.4000,2859.6000,2,1,1,3,24,5,1,3,1,3
SF,IH2006,2020-06-17 10:43:34.700,2858.2000,18546,0,7196833380.000,0,-,-,-,-,2858.2000,2858.0000,2857.6000,2857.4000,2857.2000,2858.6000,2858.8000,2859.2000,2859.4000,2859.6000,1,3,1,1,3,5,1,3,1,3
SF,IH2006,2020-06-17 10:43:35.200,2858.2000,18546,0,7196833380.000,0,-,-,-,-,2858.0000,2857.6000,2857.4000,2857.2000,2857.0000,2858.6000,2858.8000,2859.2000,2859.4000,2859.6000,2,1,1,3,24,4,1,3,1,3
SF,IH2006,2020-06-17 10:43:35.700,2858.2000,18545,-1,7197690840.000,1,0,1,双平,B,2858.2000,2858.0000,2857.6000,2857.4000,2857.2000,2858.6000,2858.8000,2859.2000,2859.4000,2859.6000,2,2,1,1,3,4,1,3,1,3
SF,IH2006,2020-06-17 10:43:36.200,2858.2000,18545,0,7197690840.000,0,-,-,-,-,2858.2000,2858.0000,2857.6000,2857.4000,2857.2000,2858.6000,2858.8000,2859.2000,2859.6000,2859.8000,2,2,1,1,3,4,1,3,3,9
SF,IH2006,2020-06-17 10:43:37.200,2858.2000,18545,0,7197690840.000,0,-,-,-,-,2858.4000,2858.2000,2858.0000,2857.6000,2857.4000,2858.6000,2858.8000,2859.2000,2859.6000,2859.8000,1,2,2,1,1,4,1,3,3,9
SF,IH2006,2020-06-17 10:43:37.700,2858.2000,18545,0,7197690840.000,0,-,-,-,-,2858.2000,2858.0000,2857.6000,2857.4000,2857.2000,2858.6000,2858.8000,2859.2000,2859.6000,2859.8000,2,1,1,1,3,4,1,3,3,9
SF,IH2006,2020-06-17 10:43:38.700,2858.2000,18545,0,7197690840.000,0,-,-,-,-,2858.2000,2858.0000,2857.6000,2857.4000,2857.2000,2858.6000,2858.8000,2859.2000,2859.6000,2859.8000,2,1,1,1,3,4,2,3,12,9
SF,IH2006,2020-06-17 10:43:39.200,2858.2000,18545,0,7197690840.000,0,-,-,-,-,2858.4000,2858.2000,2858.0000,2857.6000,2857.4000,2858.6000,2858.8000,2859.2000,2859.6000,2859.8000,1,2,1,1,1,5,2,3,12,9
SF,IH2006,2020-06-17 10:43:39.700,2858.2000,18545,0,7197690840.000,0,-,-,-,-,2858.4000,2858.2000,2858.0000,2857.6000,2857.4000,2858.6000,2858.8000,2859.2000,2859.6000,2859.8000,1,2,1,1,1,4,2,3,12,9
SF,IH2006,2020-06-17 10:43:40.200,2858.2000,18545,0,7197690840.000,0,-,-,-,-,2858.2000,2858.0000,2857.6000,2857.4000,2857.2000,2858.6000,2858.8000,2859.2000,2859.6000,2859.8000,2,1,1,1,3,5,2,2,12,9
SF,IH2006,2020-06-17 10:43:40.700,2858.2000,18545,0,7197690840.000,0,-,-,-,-,2858.4000,2858.0000,2857.6000,2857.4000,2857.2000,2858.6000,2858.8000,2859.2000,2859.6000,2859.8000,1,1,2,1,3,5,2,2,12,9
SF,IH2006,2020-06-17 10:43:41.200,2858.4000,18544,-1,7198548360.000,1,0,1,双平,B,2858.0000,2857.6000,2857.4000,2857.2000,2857.0000,2858.6000,2858.8000,2859.2000,2859.6000,2859.8000,1,2,1,3,24,5,2,2,12,9
SF,IH2006,2020-06-17 10:43:41.700,2858.2000,18544,0,7199405820.000,1,0,1,空换,B,2858.0000,2857.6000,2857.4000,2857.2000,2857.0000,2858.6000,2858.8000,2859.2000,2859.6000,2859.8000,1,2,1,3,24,5,2,2,12,9
SF,IH2006,2020-06-17 10:43:42.200,2858.2000,18544,0,7199405820.000,0,-,-,-,-,2857.6000,2857.4000,2857.2000,2857.0000,2856.8000,2858.6000,2858.8000,2859.2000,2859.6000,2859.8000,2,1,3,24,1,5,2,2,13,9
SF,IH2006,2020-06-17 10:43:42.700,2858.2000,18544,0,7199405820.000,0,-,-,-,-,2858.2000,2857.8000,2857.6000,2857.4000,2857.2000,2858.4000,2858.6000,2858.8000,2859.2000,2859.6000,1,5,2,1,3,1,5,2,2,13
SF,IH2006,2020-06-17 10:43:43.200,2858.2000,18543,-1,7200263280.000,1,0,1,双平,B,2857.8000,2857.6000,2857.4000,2857.2000,2857.0000,2858.6000,2858.8000,2859.2000,2859.6000,2859.8000,5,2,1,3,23,5,2,2,13,9
SF,IH2006,2020-06-17 10:43:43.700,2858.2000,18543,0,7200263280.000,0,-,-,-,-,2858.0000,2857.8000,2857.6000,2857.4000,2857.2000,2858.6000,2858.8000,2859.2000,2859.6000,2859.8000,3,4,2,1,3,5,2,2,12,9
SF,IH2006,2020-06-17 10:43:44.200,2858.2000,18543,0,7200263280.000,0,-,-,-,-,2858.0000,2857.8000,2857.6000,2857.4000,2857.2000,2858.6000,2858.8000,2859.2000,2859.6000,2859.8000,3,4,2,1,3,5,2,2,13,9
SF,IH2006,2020-06-17 10:43:45.200,2858.2000,18543,0,7200263280.000,0,-,-,-,-,2858.0000,2857.8000,2857.6000,2857.4000,2857.2000,2858.6000,2858.8000,2859.0000,2859.2000,2859.6000,3,4,2,1,3,5,2,1,2,13
SF,IH2006,2020-06-17 10:43:51.700,2858.2000,18543,0,7200263280.000,0,-,-,-,-,2858.0000,2857.8000,2857.6000,2857.4000,2857.2000,2858.6000,2858.8000,2859.0000,2859.2000,2859.6000,3,4,2,1,3,5,2,1,2,13
SF,IH2006,2020-06-17 10:43:52.200,2858.2000,18543,0,7200263280.000,0,-,-,-,-,2858.0000,2857.8000,2857.6000,2857.4000,2857.2000,2858.6000,2858.8000,2859.0000,2859.2000,2859.6000,1,4,2,1,3,5,2,1,2,13
SF,IH2006,2020-06-17 10:43:53.700,2858.2000,18543,0,7200263280.000,0,-,-,-,-,2858.0000,2857.8000,2857.6000,2857.4000,2857.2000,2858.6000,2858.8000,2859.0000,2859.2000,2859.6000,2,4,2,1,3,5,1,1,2,13
SF,IH2006,2020-06-17 10:43:54.200,2858.2000,18543,0,7200263280.000,0,-,-,-,-,2858.0000,2857.8000,2857.6000,2857.4000,2857.2000,2858.6000,2858.8000,2859.0000,2859.2000,2859.6000,2,1,2,1,3,5,1,1,2,13
SF,IH2006,2020-06-17 10:43:55.200,2858.0000,18542,-1,7201978080.000,2,0,2,空平,B,2857.8000,2857.6000,2857.4000,2857.2000,2857.0000,2858.0000,2858.6000,2858.8000,2859.0000,2859.2000,1,1,1,3,23,1,5,1,1,2
SF,IH2006,2020-06-17 10:43:55.700,2858.0000,18542,0,7203692880.000,2,1,1,空换,B,2858.2000,2858.0000,2857.8000,2857.6000,2857.4000,2858.6000,2858.8000,2859.0000,2859.2000,2859.6000,7,14,1,1,1,5,1,1,2,13
SF,IH2006,2020-06-17 10:43:56.200,2858.2000,18542,0,7204550340.000,1,0,1,空换,B,2858.4000,2858.2000,2858.0000,2857.8000,2857.6000,2858.6000,2858.8000,2859.0000,2859.2000,2859.6000,1,2,7,1,1,4,1,1,2,13
SF,IH2006,2020-06-17 10:43:56.700,2858.6000,18542,0,7206265500.000,2,1,1,空换,B,2858.4000,2858.2000,2858.0000,2857.8000,2857.6000,2858.6000,2858.8000,2859.0000,2859.2000,2859.6000,1,2,7,1,1,2,1,1,2,13
SF,IH2006,2020-06-17 10:43:57.700,2858.6000,18542,0,7207123080.000,1,0,1,空换,B,2858.4000,2858.2000,2858.0000,2857.8000,2857.6000,2858.6000,2858.8000,2859.0000,2859.2000,2859.6000,1,2,7,1,1,1,1,1,2,13
SF,IH2006,2020-06-17 10:43:58.200,2858.6000,18541,-1,7207980660.000,1,0,1,双平,B,2858.6000,2858.2000,2858.0000,2857.8000,2857.6000,2858.8000,2859.0000,2859.2000,2859.6000,2859.8000,4,2,7,1,1,1,1,2,13,9
SF,IH2006,2020-06-17 10:43:58.700,2858.6000,18541,0,7207980660.000,0,-,-,-,-,2858.6000,2858.2000,2858.0000,2857.8000,2857.6000,2858.8000,2859.0000,2859.2000,2859.6000,2859.8000,1,2,7,1,1,1,1,2,13,9
SF,IH2006,2020-06-17 10:43:59.200,2858.6000,18541,0,7207980660.000,0,-,-,-,-,2858.6000,2858.2000,2858.0000,2857.8000,2857.6000,2858.8000,2859.0000,2859.2000,2859.6000,2859.8000,1,2,7,1,1,2,1,2,13,9
SF,IH2006,2020-06-17 10:43:59.700,2858.6000,18540,-1,7208838240.000,1,0,1,双平,B,2858.2000,2858.0000,2857.8000,2857.6000,2857.4000,2858.4000,2858.8000,2859.0000,2859.2000,2859.6000,1,7,1,1,1,2,2,1,2,13
SF,IH2006,2020-06-17 10:44:00.200,2858.4000,18539,-1,7210553280.000,2,0,2,空平,B,2858.4000,2858.2000,2858.0000,2857.8000,2857.6000,2858.8000,2859.0000,2859.2000,2859.6000,2859.8000,3,1,7,1,1,2,1,2,13,9
SF,IH2006,2020-06-17 10:44:00.700,2858.4000,18539,0,7210553280.000,0,-,-,-,-,2858.6000,2858.2000,2858.0000,2857.8000,2857.6000,2858.8000,2859.0000,2859.2000,2859.6000,2859.8000,1,1,4,1,1,2,1,2,13,9
SF,IH2006,2020-06-17 10:44:01.200,2858.4000,18539,0,7210553280.000,0,-,-,-,-,2858.6000,2858.2000,2858.0000,2857.8000,2857.6000,2858.8000,2859.0000,2859.2000,2859.6000,2859.8000,1,1,4,1,1,2,1,2,12,9
SF,IH2006,2020-06-17 10:44:01.700,2858.4000,18539,0,7210553280.000,0,-,-,-,-,2858.6000,2858.2000,2858.0000,2857.8000,2857.6000,2858.8000,2859.0000,2859.2000,2859.6000,2859.8000,1,1,4,1,1,4,1,2,12,9
SF,IH2006,2020-06-17 10:44:02.200,2858.6000,18538,-1,7211410860.000,1,0,1,双平,B,2858.0000,2857.8000,2857.6000,2857.4000,2857.2000,2858.6000,2858.8000,2859.0000,2859.2000,2859.6000,4,1,1,1,3,2,4,1,2,12
SF,IH2006,2020-06-17 10:44:02.700,2858.6000,18538,0,7211410860.000,0,-,-,-,-,2858.2000,2858.0000,2857.8000,2857.6000,2857.4000,2858.6000,2858.8000,2859.0000,2859.2000,2859.6000,1,3,1,1,1,2,3,1,2,12
SF,IH2006,2020-06-17 10:44:03.200,2858.6000,18538,0,7211410860.000,0,-,-,-,-,2858.2000,2858.0000,2857.6000,2857.4000,2857.2000,2858.6000,2858.8000,2859.0000,2859.2000,2859.6000,1,3,1,1,3,2,3,1,2,12
SF,IH2006,2020-06-17 10:44:03.700,2858.6000,18538,0,7211410860.000,0,-,-,-,-,2858.2000,2858.0000,2857.6000,2857.4000,2857.2000,2858.6000,2858.8000,2859.0000,2859.2000,2859.6000,1,3,1,1,3,2,3,1,2,12
SF,IH2006,2020-06-17 10:44:04.200,2858.6000,18538,0,7211410860.000,0,-,-,-,-,2858.2000,2858.0000,2857.6000,2857.4000,2857.2000,2858.6000,2858.8000,2859.0000,2859.2000,2859.6000,2,3,1,1,3,2,3,1,2,12
SF,IH2006,2020-06-17 10:44:04.700,2858.6000,18538,0,7211410860.000,0,-,-,-,-,2858.2000,2858.0000,2857.6000,2857.4000,2857.2000,2858.6000,2858.8000,2859.0000,2859.2000,2859.6000,2,3,1,1,3,2,3,1,2,12
SF,IH2006,2020-06-17 10:44:05.200,2858.6000,18538,0,7211410860.000,0,-,-,-,-,2858.2000,2858.0000,2857.6000,2857.4000,2857.2000,2858.6000,2858.8000,2859.0000,2859.2000,2859.6000,2,3,1,1,3,1,3,1,2,12
SF,IH2006,2020-06-17 10:44:05.700,2858.6000,18538,0,7211410860.000,0,-,-,-,-,2858.2000,2858.0000,2857.6000,2857.4000,2857.2000,2858.6000,2858.8000,2859.0000,2859.2000,2859.6000,2,3,1,1,3,1,3,1,2,12
SF,IH2006,2020-06-17 10:44:06.200,2858.6000,18538,0,7211410860.000,0,-,-,-,-,2858.2000,2858.0000,2857.6000,2857.4000,2857.2000,2858.6000,2858.8000,2859.0000,2859.2000,2859.6000,2,3,1,1,3,2,3,1,2,12
SF,IH2006,2020-06-17 10:44:07.200,2858.2000,18538,0,7212268320.000,1,0,1,空换,B,2858.4000,2858.2000,2858.0000,2857.6000,2857.4000,2858.6000,2858.8000,2859.0000,2859.2000,2859.6000,1,1,3,1,1,2,3,1,2,12
SF,IH2006,2020-06-17 10:44:07.700,2858.4000,18537,-1,7213125840.000,1,0,1,双平,B,2858.2000,2858.0000,2857.6000,2857.4000,2857.2000,2858.4000,2858.6000,2858.8000,2859.0000,2859.2000,1,3,1,1,3,3,1,3,1,2
SF,IH2006,2020-06-17 10:44:08.200,2858.4000,18537,0,7213125840.000,0,-,-,-,-,2858.2000,2858.0000,2857.6000,2857.4000,2857.2000,2858.6000,2858.8000,2859.0000,2859.2000,2859.6000,1,3,1,1,3,1,3,1,2,12
SF,IH2006,2020-06-17 10:44:08.700,2858.4000,18537,0,7213125840.000,0,-,-,-,-,2858.2000,2858.0000,2857.6000,2857.4000,2857.2000,2858.6000,2858.8000,2859.0000,2859.2000,2859.6000,1,3,1,1,3,2,3,1,2,12
SF,IH2006,2020-06-17 10:44:12.200,2858.4000,18537,0,7213125840.000,0,-,-,-,-,2858.4000,2858.2000,2858.0000,2857.6000,2857.4000,2858.6000,2858.8000,2859.0000,2859.2000,2859.6000,1,1,3,1,1,2,3,1,2,12
SF,IH2006,2020-06-17 10:44:12.700,2858.4000,18537,0,7213125840.000,0,-,-,-,-,2858.4000,2858.2000,2858.0000,2857.6000,2857.4000,2858.6000,2858.8000,2859.0000,2859.2000,2859.6000,1,1,3,1,1,1,2,1,2,12
SF,IH2006,2020-06-17 10:44:13.200,2858.2000,18536,-1,7214840820.000,2,0,2,空平,B,2858.0000,2857.6000,2857.4000,2857.2000,2857.0000,2858.2000,2858.6000,2858.8000,2859.0000,2859.2000,3,1,1,3,23,1,2,2,1,2
SF,IH2006,2020-06-17 10:44:13.700,2858.2000,18535,-1,7215698280.000,1,0,1,双平,B,2858.2000,2857.6000,2857.4000,2857.2000,2857.0000,2858.6000,2858.8000,2859.0000,2859.2000,2859.6000,6,1,1,3,23,4,2,1,2,11
SF,IH2006,2020-06-17 10:44:14.200,2858.2000,18535,0,7215698280.000,0,-,-,-,-,2858.2000,2857.6000,2857.4000,2857.2000,2857.0000,2858.6000,2858.8000,2859.0000,2859.2000,2859.6000,4,1,1,3,23,4,2,1,2,12
SF,IH2006,2020-06-17 10:44:14.700,2858.2000,18535,0,7216555740.000,1,0,1,空换,B,2858.2000,2857.6000,2857.4000,2857.2000,2857.0000,2858.4000,2858.6000,2858.8000,2859.0000,2859.2000,3,1,1,3,23,2,4,2,1,2
SF,IH2006,2020-06-17 10:44:15.200,2858.2000,18534,-1,7217413200.000,1,0,1,双平,B,2858.2000,2857.6000,2857.4000,2857.2000,2857.0000,2858.4000,2858.6000,2858.8000,2859.0000,2859.2000,2,1,1,3,23,3,3,2,1,2
SF,IH2006,2020-06-17 10:44:16.700,2858.2000,18534,0,7217413200.000,0,-,-,-,-,2858.2000,2857.6000,2857.4000,2857.2000,2857.0000,2858.4000,2858.6000,2858.8000,2859.0000,2859.2000,2,1,1,3,23,3,3,1,1,2
SF,IH2006,2020-06-17 10:44:18.700,2858.4000,18534,0,7218270720.000,1,0,1,空换,B,2858.2000,2857.6000,2857.4000,2857.2000,2857.0000,2858.4000,2858.6000,2858.8000,2859.0000,2859.2000,1,1,1,3,23,1,3,1,1,2
SF,IH2006,2020-06-17 10:44:19.200,2858.4000,18534,0,7218270720.000,0,-,-,-,-,2858.2000,2857.6000,2857.4000,2857.2000,2857.0000,2858.6000,2858.8000,2859.0000,2859.2000,2859.6000,1,1,1,3,23,3,1,1,2,11
SF,IH2006,2020-06-17 10:44:19.700,2858.4000,18534,0,7218270720.000,0,-,-,-,-,2858.4000,2858.2000,2857.6000,2857.4000,2857.2000,2858.6000,2858.8000,2859.0000,2859.2000,2859.6000,2,1,1,1,3,4,1,1,2,11
SF,IH2006,2020-06-17 10:44:21.700,2858.4000,18534,0,7218270720.000,0,-,-,-,-,2858.4000,2857.6000,2857.4000,2857.2000,2857.0000,2858.6000,2858.8000,2859.0000,2859.2000,2859.6000,2,1,1,3,23,5,1,1,2,11
SF,IH2006,2020-06-17 10:44:23.200,2858.4000,18535,1,7219128240.000,1,1,0,双开,B,2858.4000,2857.6000,2857.4000,2857.2000,2857.0000,2858.6000,2858.8000,2859.0000,2859.2000,2859.6000,1,1,1,3,23,5,1,1,2,11
SF,IH2006,2020-06-17 10:44:24.200,2858.4000,18535,0,7219985760.000,1,0,1,空换,B,2857.6000,2857.4000,2857.2000,2857.0000,2856.8000,2858.6000,2858.8000,2859.0000,2859.2000,2859.6000,1,1,3,23,1,5,1,1,2,11
SF,IH2006,2020-06-17 10:44:24.700,2858.4000,18535,0,7219985760.000,0,-,-,-,-,2857.8000,2857.6000,2857.4000,2857.2000,2857.0000,2858.4000,2858.6000,2858.8000,2859.0000,2859.2000,6,1,1,3,23,1,5,1,1,2
SF,IH2006,2020-06-17 10:44:25.200,2858.4000,18534,-1,7220843280.000,1,0,1,双平,B,2857.8000,2857.6000,2857.4000,2857.2000,2857.0000,2858.4000,2858.6000,2858.8000,2859.0000,2859.2000,6,1,1,3,23,2,3,1,1,2
SF,IH2006,2020-06-17 10:44:25.700,2858.4000,18534,0,7220843280.000,0,-,-,-,-,2857.8000,2857.6000,2857.4000,2857.2000,2857.0000,2858.4000,2858.6000,2858.8000,2859.0000,2859.2000,4,1,1,3,23,3,3,1,1,2
SF,IH2006,2020-06-17 10:44:26.200,2858.4000,18534,0,7220843280.000,0,-,-,-,-,2857.8000,2857.6000,2857.4000,2857.2000,2857.0000,2858.2000,2858.4000,2858.6000,2858.8000,2859.0000,4,1,1,3,23,3,3,3,1,1
SF,IH2006,2020-06-17 10:44:26.700,2858.4000,18534,0,7220843280.000,0,-,-,-,-,2857.8000,2857.6000,2857.4000,2857.2000,2857.0000,2858.2000,2858.4000,2858.6000,2858.8000,2859.0000,3,1,1,3,23,3,2,3,1,1
SF,IH2006,2020-06-17 10:44:29.200,2858.4000,18534,0,7220843280.000,0,-,-,-,-,2857.8000,2857.6000,2857.4000,2857.2000,2857.0000,2858.0000,2858.2000,2858.4000,2858.6000,2859.0000,3,1,1,3,23,1,3,2,3,1
SF,IH2006,2020-06-17 10:44:29.700,2858.0000,18533,-1,7221700680.000,1,0,1,双平,B,2857.8000,2857.6000,2857.4000,2857.2000,2857.0000,2858.0000,2858.2000,2858.4000,2858.6000,2859.0000,2,1,1,3,23,1,3,2,3,1
SF,IH2006,2020-06-17 10:44:31.200,2858.0000,18533,0,7221700680.000,0,-,-,-,-,2857.8000,2857.6000,2857.4000,2857.2000,2857.0000,2858.0000,2858.2000,2858.4000,2858.6000,2859.0000,3,1,1,3,23,1,3,2,3,1
SF,IH2006,2020-06-17 10:44:31.700,2857.8000,18533,0,7223415360.000,2,1,1,空换,B,2857.8000,2857.6000,2857.4000,2857.2000,2857.0000,2858.0000,2858.2000,2858.4000,2858.6000,2859.0000,1,1,1,3,23,1,3,2,3,1
SF,IH2006,2020-06-17 10:44:33.200,2857.8000,18533,0,7223415360.000,0,-,-,-,-,2857.8000,2857.6000,2857.4000,2857.2000,2857.0000,2858.0000,2858.2000,2858.4000,2858.6000,2859.0000,1,1,1,3,23,1,3,2,3,1
SF,IH2006,2020-06-17 10:44:35.200,2857.8000,18533,0,7223415360.000,0,-,-,-,-,2857.8000,2857.6000,2857.4000,2857.2000,2857.0000,2858.0000,2858.2000,2858.4000,2858.6000,2859.0000,1,1,1,3,23,1,3,2,3,1
SF,IH2006,2020-06-17 10:44:38.700,2857.8000,18533,0,7223415360.000,0,-,-,-,-,2857.8000,2857.6000,2857.4000,2857.2000,2857.0000,2858.2000,2858.4000,2858.6000,2859.0000,2859.2000,1,1,1,3,23,3,2,3,1,2
SF,IH2006,2020-06-17 10:44:39.200,2857.8000,18533,0,7223415360.000,0,-,-,-,-,2857.8000,2857.6000,2857.4000,2857.2000,2857.0000,2858.2000,2858.4000,2858.6000,2859.0000,2859.2000,1,1,1,3,23,3,1,3,1,2
SF,IH2006,2020-06-17 10:44:39.700,2857.8000,18533,0,7223415360.000,0,-,-,-,-,2857.8000,2857.6000,2857.4000,2857.2000,2857.0000,2858.2000,2858.4000,2858.6000,2859.0000,2859.2000,1,1,1,3,23,4,1,3,1,2
SF,IH2006,2020-06-17 10:44:40.200,2857.8000,18533,0,7223415360.000,0,-,-,-,-,2857.8000,2857.6000,2857.4000,2857.2000,2857.0000,2858.0000,2858.2000,2858.4000,2858.6000,2859.0000,1,1,1,3,23,3,4,1,3,1
SF,IH2006,2020-06-17 10:44:40.700,2857.8000,18533,0,7223415360.000,0,-,-,-,-,2857.8000,2857.6000,2857.4000,2857.2000,2857.0000,2858.0000,2858.2000,2858.4000,2858.6000,2859.0000,1,1,1,3,23,4,4,1,3,1
SF,IH2006,2020-06-17 10:44:43.700,2857.8000,18533,0,7223415360.000,0,-,-,-,-,2857.8000,2857.6000,2857.4000,2857.2000,2857.0000,2858.0000,2858.2000,2858.4000,2858.6000,2859.0000,1,1,1,3,23,3,4,1,3,1
SF,IH2006,2020-06-17 10:44:44.700,2857.8000,18533,0,7223415360.000,0,-,-,-,-,2857.8000,2857.6000,2857.4000,2857.2000,2857.0000,2858.0000,2858.2000,2858.4000,2858.6000,2859.0000,1,1,1,3,23,3,4,1,3,1
SF,IH2006,2020-06-17 10:44:45.200,2857.8000,18533,0,7224272700.000,1,0,1,空换,B,2857.6000,2857.4000,2857.2000,2857.0000,2856.8000,2858.0000,2858.2000,2858.4000,2858.6000,2859.0000,1,1,3,23,1,3,4,1,3,1
SF,IH2006,2020-06-17 10:44:46.200,2857.8000,18533,0,7224272700.000,0,-,-,-,-,2857.6000,2857.4000,2857.2000,2857.0000,2856.8000,2857.8000,2858.0000,2858.2000,2858.4000,2858.6000,1,1,3,23,1,1,3,4,1,3
SF,IH2006,2020-06-17 10:44:47.700,2857.8000,18533,0,7224272700.000,0,-,-,-,-,2857.6000,2857.4000,2857.2000,2857.0000,2856.8000,2857.8000,2858.0000,2858.2000,2858.4000,2858.6000,1,1,3,23,1,2,3,4,1,3
SF,IH2006,2020-06-17 10:44:48.200,2857.6000,18534,1,7225129980.000,1,1,0,双开,B,2857.4000,2857.2000,2857.0000,2856.8000,2856.2000,2857.8000,2858.0000,2858.2000,2858.4000,2858.6000,1,3,23,1,4,2,3,4,1,3
SF,IH2006,2020-06-17 10:44:49.200,2857.4000,18533,-1,7225987200.000,1,0,1,双平,B,2857.2000,2857.0000,2856.8000,2856.2000,2856.0000,2857.8000,2858.0000,2858.2000,2858.4000,2858.6000,2,23,1,4,6,1,3,4,1,3
SF,IH2006,2020-06-17 10:44:49.700,2857.4000,18533,0,7225987200.000,0,-,-,-,-,2857.4000,2857.2000,2857.0000,2856.8000,2856.2000,2857.8000,2858.0000,2858.2000,2858.4000,2858.6000,1,2,23,1,4,1,3,3,1,3
SF,IH2006,2020-06-17 10:44:50.200,2857.4000,18533,0,7225987200.000,0,-,-,-,-,2857.4000,2857.2000,2857.0000,2856.8000,2856.2000,2857.8000,2858.0000,2858.2000,2858.4000,2858.6000,1,2,23,1,4,2,3,3,1,3
SF,IH2006,2020-06-17 10:44:51.200,2857.4000,18533,0,7225987200.000,0,-,-,-,-,2857.4000,2857.2000,2857.0000,2856.8000,2856.2000,2857.8000,2858.0000,2858.2000,2858.4000,2858.6000,2,2,23,1,4,2,3,3,1,3
SF,IH2006,2020-06-17 10:44:51.700,2857.4000,18533,0,7225987200.000,0,-,-,-,-,2857.4000,2857.2000,2857.0000,2856.8000,2856.2000,2857.8000,2858.0000,2858.2000,2858.4000,2858.6000,2,2,23,1,4,2,3,3,1,3
SF,IH2006,2020-06-17 10:44:53.700,2857.4000,18532,-1,7226844420.000,1,0,1,双平,B,2857.4000,2857.2000,2857.0000,2856.8000,2856.2000,2857.8000,2858.0000,2858.2000,2858.4000,2858.6000,1,2,23,1,4,2,3,3,1,3
SF,IH2006,2020-06-17 10:44:55.700,2857.4000,18531,-1,7227701640.000,1,0,1,双平,B,2857.2000,2857.0000,2856.8000,2856.2000,2856.0000,2857.6000,2857.8000,2858.0000,2858.2000,2858.4000,2,23,1,4,7,1,2,3,3,1
SF,IH2006,2020-06-17 10:44:56.200,2857.2000,18531,0,7228558800.000,1,0,1,空换,B,2857.2000,2857.0000,2856.8000,2856.2000,2856.0000,2857.6000,2857.8000,2858.0000,2858.2000,2858.4000,1,23,1,4,7,1,2,3,3,1
SF,IH2006,2020-06-17 10:44:57.200,2857.2000,18530,-1,7229415960.000,1,0,1,双平,B,2857.0000,2856.8000,2856.2000,2856.0000,2855.6000,2857.2000,2857.6000,2857.8000,2858.0000,2858.2000,23,1,4,7,1,1,1,2,3,3
SF,IH2006,2020-06-17 10:44:57.700,2857.2000,18529,-1,7231987440.000,3,1,2,空平,B,2857.2000,2857.0000,2856.8000,2856.2000,2856.0000,2857.6000,2857.8000,2858.0000,2858.2000,2858.4000,5,23,1,4,7,1,2,3,3,1
SF,IH2006,2020-06-17 10:44:58.200,2857.2000,18529,0,7231987440.000,0,-,-,-,-,2857.2000,2857.0000,2856.8000,2856.2000,2856.0000,2857.6000,2857.8000,2858.0000,2858.2000,2858.4000,1,23,1,4,7,1,2,3,3,1
SF,IH2006,2020-06-17 10:44:59.200,2857.2000,18529,0,7231987440.000,0,-,-,-,-,2857.2000,2857.0000,2856.8000,2856.2000,2856.0000,2857.6000,2857.8000,2858.0000,2858.2000,2858.4000,1,23,1,4,7,2,4,3,3,1
SF,IH2006,2020-06-17 10:44:59.700,2857.2000,18529,0,7231987440.000,0,-,-,-,-,2857.2000,2857.0000,2856.8000,2856.2000,2856.0000,2857.6000,2857.8000,2858.0000,2858.2000,2858.4000,2,23,1,4,7,2,4,3,3,1
SF,IH2006,2020-06-17 10:45:00.200,2857.2000,18529,0,7231987440.000,0,-,-,-,-,2857.2000,2857.0000,2856.8000,2856.2000,2856.0000,2857.6000,2857.8000,2858.0000,2858.2000,2858.4000,1,23,1,4,7,2,4,3,3,1
SF,IH2006,2020-06-17 10:45:00.700,2857.2000,18529,0,7231987440.000,0,-,-,-,-,2857.2000,2857.0000,2856.8000,2856.2000,2856.0000,2857.6000,2857.8000,2858.0000,2858.2000,2858.4000,1,23,1,4,7,2,3,3,3,1
SF,IH2006,2020-06-17 10:45:01.200,2857.6000,18530,1,7232844720.000,1,1,0,双开,B,2857.2000,2857.0000,2856.8000,2856.2000,2856.0000,2857.4000,2857.6000,2857.8000,2858.0000,2858.2000,2,23,1,4,7,2,3,3,3,3
SF,IH2006,2020-06-17 10:45:01.700,2857.2000,18529,-1,7234559040.000,2,0,2,空平,B,2857.0000,2856.8000,2856.2000,2856.0000,2855.6000,2857.2000,2857.4000,2857.6000,2857.8000,2858.0000,23,1,4,7,1,11,3,2,3,3
SF,IH2006,2020-06-17 10:45:02.200,2857.0000,18511,-18,7249986960.000,18,0,18,双平,B,2857.0000,2856.8000,2856.2000,2856.0000,2855.6000,2857.2000,2857.4000,2857.6000,2857.8000,2858.0000,7,1,4,7,1,10,2,2,3,3
SF,IH2006,2020-06-17 10:45:02.700,2856.8000,18508,-3,7256843700.000,8,2,6,空平,B,2856.2000,2856.0000,2855.6000,2855.4000,2855.2000,2856.4000,2857.0000,2857.2000,2857.4000,2857.6000,4,7,1,2,1,1,6,11,2,2
SF,IH2006,2020-06-17 10:45:03.200,2856.8000,18504,-4,7266269940.000,11,3,8,空平,B,2856.6000,2856.4000,2856.2000,2856.0000,2855.6000,2857.0000,2857.2000,2857.4000,2857.6000,2857.8000,14,36,4,7,1,6,5,2,2,3
SF,IH2006,2020-06-17 10:45:03.700,2856.8000,18504,0,7266269940.000,0,-,-,-,-,2856.8000,2856.6000,2856.4000,2856.2000,2856.0000,2857.0000,2857.2000,2857.4000,2857.6000,2857.8000,1,3,17,3,7,6,5,2,2,3
SF,IH2006,2020-06-17 10:45:04.200,2857.0000,18504,0,7267984140.000,2,1,1,空换,B,2856.8000,2856.6000,2856.4000,2856.2000,2856.0000,2857.0000,2857.2000,2857.4000,2857.6000,2857.8000,1,3,15,3,7,4,5,2,2,3
SF,IH2006,2020-06-17 10:45:04.700,2857.0000,18500,-4,7271412540.000,4,0,4,双平,B,2857.0000,2856.8000,2856.6000,2856.4000,2856.2000,2857.2000,2857.4000,2857.6000,2857.8000,2858.0000,19,1,3,12,3,5,2,2,3,3
SF,IH2006,2020-06-17 10:45:05.200,2857.4000,18500,0,7279127280.000,9,4,5,空换,B,2857.4000,2857.2000,2857.0000,2856.8000,2856.6000,2857.6000,2857.8000,2858.0000,2858.2000,2858.4000,1,8,7,1,3,1,3,3,3,1
SF,IH2006,2020-06-17 10:45:05.700,2857.6000,18498,-2,7280841780.000,2,0,2,双平,B,2857.6000,2857.2000,2857.0000,2856.8000,2856.6000,2857.8000,2858.0000,2858.2000,2858.4000,2858.6000,1,2,4,1,3,3,3,3,1,3
SF,IH2006,2020-06-17 10:45:06.200,2857.6000,18497,-1,7282556340.000,2,0,2,空平,B,2857.2000,2857.0000,2856.8000,2856.6000,2856.4000,2857.4000,2857.6000,2857.8000,2858.0000,2858.2000,1,4,1,4,8,1,2,3,3,3
SF,IH2006,2020-06-17 10:45:06.700,2857.4000,18497,0,7283413560.000,1,0,1,空换,B,2857.4000,2857.0000,2856.8000,2856.6000,2856.4000,2857.8000,2858.0000,2858.2000,2858.4000,2858.6000,5,4,1,4,8,3,3,3,1,3
SF,IH2006,2020-06-17 10:45:07.200,2857.4000,18494,-3,7286842500.000,4,0,4,空平,B,2857.4000,2857.2000,2857.0000,2856.8000,2856.6000,2857.8000,2858.0000,2858.2000,2858.4000,2858.6000,1,1,3,1,4,3,3,3,1,3
SF,IH2006,2020-06-17 10:45:07.700,2857.4000,18494,0,7288556940.000,2,1,1,空换,B,2857.2000,2857.0000,2856.8000,2856.6000,2856.4000,2857.4000,2857.6000,2857.8000,2858.0000,2858.2000,1,2,1,4,8,1,5,3,3,2
SF,IH2006,2020-06-17 10:45:08.200,2857.2000,18493,-1,7289414100.000,1,0,1,双平,B,2857.4000,2857.0000,2856.8000,2856.6000,2856.4000,2857.6000,2857.8000,2858.0000,2858.4000,2858.6000,1,2,1,4,8,5,3,3,1,2
SF,IH2006,2020-06-17 10:45:08.700,2857.4000,18492,-1,7290271320.000,1,0,1,双平,B,2857.0000,2856.8000,2856.6000,2856.4000,2856.2000,2857.4000,2857.6000,2857.8000,2858.0000,2858.4000,2,1,4,8,3,1,6,3,3,1
SF,IH2006,2020-06-17 10:45:09.200,2857.4000,18492,0,7290271320.000,0,-,-,-,-,2857.0000,2856.8000,2856.6000,2856.4000,2856.2000,2857.6000,2857.8000,2858.0000,2858.4000,2858.6000,22,1,4,8,3,6,3,3,1,2
SF,IH2006,2020-06-17 10:45:09.700,2857.6000,18493,1,7291128600.000,1,1,0,双开,B,2857.0000,2856.8000,2856.6000,2856.4000,2856.2000,2857.6000,2857.8000,2858.0000,2858.4000,2858.6000,22,1,4,8,3,5,3,3,1,2
SF,IH2006,2020-06-17 10:45:10.200,2857.6000,18493,0,7291128600.000,0,-,-,-,-,2857.2000,2857.0000,2856.8000,2856.6000,2856.4000,2857.6000,2857.8000,2858.0000,2858.4000,2858.6000,2,22,1,4,8,4,3,3,1,2
SF,IH2006,2020-06-17 10:45:10.700,2857.2000,18493,0,7291985760.000,1,0,1,空换,B,2857.2000,2857.0000,2856.8000,2856.6000,2856.4000,2857.6000,2857.8000,2858.0000,2858.4000,2858.6000,1,22,1,4,8,4,3,3,1,2
SF,IH2006,2020-06-17 10:45:12.700,2857.2000,18493,0,7291985760.000,0,-,-,-,-,2857.2000,2857.0000,2856.8000,2856.6000,2856.4000,2857.6000,2857.8000,2858.0000,2858.4000,2858.6000,1,22,1,4,8,4,4,3,1,2
SF,IH2006,2020-06-17 10:45:13.700,2857.2000,18493,0,7291985760.000,0,-,-,-,-,2857.2000,2857.0000,2856.8000,2856.6000,2856.4000,2857.6000,2857.8000,2858.0000,2858.4000,2858.6000,1,22,1,4,8,4,4,3,1,2
SF,IH2006,2020-06-17 10:45:14.700,2857.6000,18493,0,7294557300.000,3,1,2,空换,B,2857.2000,2857.0000,2856.8000,2856.6000,2856.4000,2857.6000,2857.8000,2858.0000,2858.4000,2858.6000,1,21,1,4,8,6,4,3,1,2
SF,IH2006,2020-06-17 10:45:15.200,2857.2000,18494,1,7295414460.000,1,1,0,双开,B,2857.0000,2856.8000,2856.6000,2856.4000,2856.2000,2857.2000,2857.4000,2857.6000,2857.8000,2858.0000,21,1,4,8,3,3,1,6,4,3
SF,IH2006,2020-06-17 10:45:15.700,2857.0000,18495,1,7297985760.000,3,2,1,多开,B,2857.0000,2856.8000,2856.6000,2856.4000,2856.2000,2857.4000,2857.6000,2857.8000,2858.0000,2858.4000,18,1,4,8,3,1,6,4,3,1
SF,IH2006,2020-06-17 10:45:16.200,2857.0000,18495,0,7302271260.000,5,2,3,空换,B,2857.0000,2856.8000,2856.6000,2856.4000,2856.2000,2857.4000,2857.6000,2857.8000,2858.0000,2858.4000,13,1,4,8,3,3,6,4,3,1
SF,IH2006,2020-06-17 10:45:16.700,2857.0000,18494,-1,7303128360.000,1,0,1,双平,B,2857.0000,2856.8000,2856.6000,2856.4000,2856.2000,2857.4000,2857.6000,2857.8000,2858.0000,2858.4000,12,1,4,8,3,3,6,4,3,1
SF,IH2006,2020-06-17 10:45:17.200,2857.0000,18494,0,7303128360.000,0,-,-,-,-,2857.0000,2856.8000,2856.6000,2856.4000,2856.2000,2857.2000,2857.4000,2857.6000,2857.8000,2858.0000,12,1,4,8,3,3,3,2,4,3
SF,IH2006,2020-06-17 10:45:17.700,2857.0000,18494,0,7303128360.000,0,-,-,-,-,2857.0000,2856.8000,2856.6000,2856.4000,2856.2000,2857.2000,2857.4000,2857.6000,2857.8000,2858.0000,12,1,4,8,3,3,4,2,4,3
SF,IH2006,2020-06-17 10:45:18.200,2857.0000,18494,0,7303128360.000,0,-,-,-,-,2857.0000,2856.8000,2856.6000,2856.4000,2856.2000,2857.2000,2857.4000,2857.6000,2857.8000,2858.0000,12,1,4,8,3,3,4,2,4,3
SF,IH2006,2020-06-17 10:45:18.700,2857.0000,18493,-1,7303985460.000,1,0,1,双平,B,2857.0000,2856.8000,2856.6000,2856.4000,2856.2000,2857.2000,2857.4000,2857.6000,2857.8000,2858.0000,11,1,4,8,3,3,4,2,4,3
SF,IH2006,2020-06-17 10:45:19.200,2857.0000,18493,0,7303985460.000,0,-,-,-,-,2857.0000,2856.8000,2856.6000,2856.4000,2856.2000,2857.2000,2857.4000,2857.6000,2857.8000,2858.0000,11,1,4,8,3,3,4,2,4,4
SF,IH2006,2020-06-17 10:45:21.200,2857.0000,18493,0,7304842560.000,1,0,1,空换,B,2857.0000,2856.8000,2856.6000,2856.4000,2856.2000,2857.2000,2857.4000,2857.6000,2857.8000,2858.0000,10,1,4,8,3,3,4,2,4,4
SF,IH2006,2020-06-17 10:45:21.700,2857.0000,18488,-5,7313413560.000,10,2,8,空平,B,2856.8000,2856.6000,2856.4000,2856.2000,2856.0000,2857.0000,2857.2000,2857.4000,2857.6000,2857.8000,1,4,8,3,7,1,2,4,1,3
SF,IH2006,2020-06-17 10:45:22.200,2857.0000,18488,0,7313413560.000,0,-,-,-,-,2856.6000,2856.4000,2856.2000,2856.0000,2855.6000,2856.8000,2857.0000,2857.4000,2857.6000,2857.8000,4,8,3,7,1,1,1,4,1,3
SF,IH2006,2020-06-17 10:45:22.700,2857.0000,18488,0,7313413560.000,0,-,-,-,-,2856.6000,2856.4000,2856.2000,2856.0000,2855.6000,2856.8000,2857.0000,2857.2000,2857.4000,2857.6000,4,5,3,7,1,1,1,1,4,1
SF,IH2006,2020-06-17 10:45:23.200,2856.8000,18487,-1,7314270600.000,1,0,1,双平,B,2856.6000,2856.4000,2856.2000,2856.0000,2855.6000,2857.0000,2857.2000,2857.4000,2857.6000,2857.8000,16,5,3,7,1,2,1,4,1,3
SF,IH2006,2020-06-17 10:45:23.700,2856.8000,18487,0,7315127640.000,1,0,1,空换,B,2856.6000,2856.4000,2856.2000,2856.0000,2855.6000,2856.8000,2857.0000,2857.2000,2857.4000,2857.6000,16,5,3,7,1,1,2,1,3,1
SF,IH2006,2020-06-17 10:45:24.200,2856.6000,18486,-1,7316841600.000,2,0,2,空平,B,2856.6000,2856.4000,2856.2000,2856.0000,2855.6000,2856.8000,2857.0000,2857.2000,2857.4000,2857.6000,14,5,3,7,1,2,2,1,3,1
SF,IH2006,2020-06-17 10:45:24.700,2856.6000,18485,-1,7318555560.000,2,0,2,空平,B,2856.6000,2856.4000,2856.2000,2856.0000,2855.6000,2856.8000,2857.0000,2857.2000,2857.4000,2857.6000,12,5,3,7,1,2,2,1,3,1
SF,IH2006,2020-06-17 10:45:25.200,2856.6000,18484,-1,7323697440.000,6,2,4,空平,B,2856.6000,2856.4000,2856.2000,2856.0000,2855.6000,2856.8000,2857.0000,2857.2000,2857.4000,2857.6000,6,5,3,7,1,2,2,1,3,1
SF,IH2006,2020-06-17 10:45:26.200,2856.6000,18482,-2,7325411400.000,2,0,2,双平,B,2856.6000,2856.4000,2856.2000,2856.0000,2855.6000,2857.0000,2857.2000,2857.4000,2857.6000,2857.8000,4,5,3,7,1,2,1,3,1,3
SF,IH2006,2020-06-17 10:45:27.200,2856.6000,18480,-2,7327982340.000,3,0,3,空平,B,2856.6000,2856.4000,2856.2000,2856.0000,2855.6000,2856.8000,2857.0000,2857.2000,2857.4000,2857.6000,2,4,3,7,1,1,2,1,3,4
SF,IH2006,2020-06-17 10:45:27.700,2856.6000,18480,0,7328839320.000,1,0,1,空换,B,2856.6000,2856.4000,2856.2000,2856.0000,2855.6000,2856.8000,2857.0000,2857.2000,2857.4000,2857.6000,1,4,3,7,1,2,2,1,3,4
SF,IH2006,2020-06-17 10:45:28.700,2856.6000,18480,0,7329696300.000,1,0,1,空换,B,2856.4000,2856.2000,2856.0000,2855.6000,2855.4000,2856.8000,2857.0000,2857.2000,2857.4000,2857.6000,4,3,7,1,2,2,2,1,3,4
SF,IH2006,2020-06-17 10:45:29.200,2856.6000,18480,0,7329696300.000,0,-,-,-,-,2856.4000,2856.2000,2856.0000,2855.6000,2855.4000,2856.6000,2856.8000,2857.0000,2857.2000,2857.4000,4,2,7,1,2,1,2,2,1,3
SF,IH2006,2020-06-17 10:45:29.700,2856.6000,18480,0,7330553280.000,1,0,1,空换,B,2856.4000,2856.2000,2856.0000,2855.6000,2855.4000,2856.8000,2857.0000,2857.2000,2857.4000,2857.6000,4,2,7,1,2,2,2,1,1,4
SF,IH2006,2020-06-17 10:45:30.200,2856.6000,18480,0,7330553280.000,0,-,-,-,-,2856.4000,2856.2000,2856.0000,2855.6000,2855.4000,2856.6000,2856.8000,2857.0000,2857.2000,2857.4000,4,2,7,1,2,1,2,2,1,1
SF,IH2006,2020-06-17 10:45:30.700,2856.6000,18480,0,7330553280.000,0,-,-,-,-,2856.4000,2856.2000,2856.0000,2855.6000,2855.4000,2856.6000,2856.8000,2857.0000,2857.2000,2857.4000,4,2,7,1,2,1,1,2,1,1
SF,IH2006,2020-06-17 10:45:31.200,2856.6000,18480,0,7330553280.000,0,-,-,-,-,2856.4000,2856.2000,2856.0000,2855.6000,2855.4000,2856.6000,2856.8000,2857.0000,2857.2000,2857.4000,4,2,7,1,2,1,1,2,1,1
SF,IH2006,2020-06-17 10:45:31.700,2856.6000,18481,1,7331410260.000,1,1,0,双开,B,2856.4000,2856.2000,2856.0000,2855.6000,2855.4000,2856.6000,2856.8000,2857.0000,2857.2000,2857.4000,4,2,7,1,2,1,1,2,1,1
SF,IH2006,2020-06-17 10:45:32.200,2856.6000,18481,0,7331410260.000,0,-,-,-,-,2856.4000,2856.2000,2856.0000,2855.6000,2855.4000,2856.6000,2856.8000,2857.0000,2857.2000,2857.4000,4,2,7,1,2,1,1,2,2,1
SF,IH2006,2020-06-17 10:45:32.700,2856.6000,18481,0,7332267240.000,1,0,1,空换,B,2856.6000,2856.4000,2856.2000,2856.0000,2855.6000,2856.8000,2857.0000,2857.2000,2857.4000,2857.6000,1,4,2,7,1,1,2,2,1,4
SF,IH2006,2020-06-17 10:45:33.700,2856.6000,18480,-1,7333124220.000,1,0,1,双平,B,2856.4000,2856.2000,2856.0000,2855.6000,2855.4000,2856.8000,2857.0000,2857.2000,2857.4000,2857.6000,4,2,7,1,2,1,2,2,1,4
SF,IH2006,2020-06-17 10:45:34.700,2856.6000,18480,0,7333124220.000,0,-,-,-,-,2856.4000,2856.2000,2856.0000,2855.6000,2855.4000,2856.6000,2856.8000,2857.0000,2857.2000,2857.4000,4,2,7,1,2,2,1,2,2,1
SF,IH2006,2020-06-17 10:45:36.700,2856.6000,18480,0,7333124220.000,0,-,-,-,-,2856.4000,2856.2000,2856.0000,2855.6000,2855.4000,2856.6000,2856.8000,2857.0000,2857.2000,2857.4000,1,2,7,1,2,2,1,2,2,1
SF,IH2006,2020-06-17 10:45:37.200,2856.4000,18480,0,7333981140.000,1,0,1,空换,B,2856.2000,2856.0000,2855.6000,2855.4000,2855.2000,2856.6000,2856.8000,2857.0000,2857.2000,2857.4000,2,7,1,2,1,2,1,2,2,1
SF,IH2006,2020-06-17 10:45:37.700,2856.2000,18480,0,7335694860.000,2,1,1,空换,B,2856.2000,2856.0000,2855.6000,2855.4000,2855.2000,2856.4000,2856.6000,2856.8000,2857.0000,2857.2000,1,7,1,2,1,1,2,1,2,2
SF,IH2006,2020-06-17 10:45:38.200,2856.2000,18480,0,7335694860.000,0,-,-,-,-,2856.0000,2855.6000,2855.4000,2855.2000,2855.0000,2856.2000,2856.4000,2856.6000,2856.8000,2857.0000,7,1,2,1,9,2,1,2,1,2
SF,IH2006,2020-06-17 10:45:38.700,2856.2000,18480,0,7335694860.000,0,-,-,-,-,2856.0000,2855.6000,2855.4000,2855.2000,2855.0000,2856.2000,2856.4000,2856.6000,2856.8000,2857.0000,7,1,2,1,9,2,2,2,2,3
SF,IH2006,2020-06-17 10:45:39.200,2856.0000,18478,-2,7337408460.000,2,0,2,双平,B,2856.0000,2855.6000,2855.4000,2855.2000,2855.0000,2856.2000,2856.4000,2856.6000,2856.8000,2857.0000,5,1,2,1,9,2,2,2,2,5
SF,IH2006,2020-06-17 10:45:39.700,2856.2000,18478,0,7338265320.000,1,0,1,空换,B,2856.0000,2855.6000,2855.4000,2855.2000,2855.0000,2856.2000,2856.4000,2856.6000,2856.8000,2857.0000,5,1,2,1,9,1,2,2,2,5
SF,IH2006,2020-06-17 10:45:40.200,2856.0000,18478,0,7339122120.000,1,0,1,空换,B,2856.0000,2855.6000,2855.4000,2855.2000,2855.0000,2856.2000,2856.4000,2856.6000,2856.8000,2857.0000,4,1,2,1,9,1,2,2,2,5
SF,IH2006,2020-06-17 10:45:40.700,2856.0000,18477,-1,7339978920.000,1,0,1,双平,B,2856.0000,2855.6000,2855.4000,2855.2000,2855.0000,2856.2000,2856.4000,2856.6000,2856.8000,2857.0000,3,1,2,1,9,1,2,2,2,5
SF,IH2006,2020-06-17 10:45:41.200,2856.0000,18477,0,7339978920.000,0,-,-,-,-,2856.0000,2855.6000,2855.4000,2855.2000,2855.0000,2856.2000,2856.4000,2856.6000,2856.8000,2857.0000,3,1,2,1,10,1,2,2,2,5
SF,IH2006,2020-06-17 10:45:42.700,2855.4000,18476,-1,7345119480.000,6,2,4,空平,B,2855.4000,2855.2000,2855.0000,2854.2000,2853.0000,2856.2000,2856.4000,2856.6000,2856.8000,2857.0000,1,1,10,2,2,1,2,2,2,5
SF,IH2006,2020-06-17 10:45:43.200,2855.0000,18476,0,7351115280.000,7,3,4,空换,B,2855.0000,2854.2000,2853.0000,2852.6000,2852.2000,2855.2000,2855.4000,2855.8000,2856.0000,2856.2000,6,2,2,1,2,8,6,3,7,7
SF,IH2006,2020-06-17 10:45:43.700,2854.0000,18466,-10,7373383440.000,26,8,18,空平,B,2853.4000,2853.0000,2852.6000,2852.2000,2852.0000,2854.8000,2855.0000,2855.2000,2855.4000,2855.8000,1,2,1,2,9,1,1,3,3,1
SF,IH2006,2020-06-17 10:45:44.200,2855.2000,18470,4,7384518480.000,13,8,5,多开,B,2855.2000,2855.0000,2854.8000,2854.6000,2854.4000,2855.4000,2855.8000,2856.0000,2856.2000,2856.4000,4,14,26,1,7,3,1,7,6,2
SF,IH2006,2020-06-17 10:45:44.700,2855.4000,18469,-1,7387944960.000,4,1,3,空平,B,2855.4000,2854.8000,2854.6000,2854.4000,2854.2000,2855.8000,2856.0000,2856.2000,2856.4000,2856.6000,4,4,1,1,4,1,7,6,2,2
SF,IH2006,2020-06-17 10:45:45.200,2855.6000,18468,-1,7390515060.000,3,1,2,空平,B,2855.6000,2855.4000,2854.8000,2854.6000,2854.4000,2856.0000,2856.2000,2856.4000,2856.6000,2856.8000,1,3,3,1,1,7,6,2,2,2
SF,IH2006,2020-06-17 10:45:45.700,2856.0000,18466,-2,7393941840.000,4,1,3,空平,B,2855.4000,2854.8000,2854.6000,2854.4000,2854.2000,2856.0000,2856.2000,2856.4000,2856.6000,2856.8000,1,3,1,1,4,6,6,2,2,2
SF,IH2006,2020-06-17 10:45:46.200,2856.0000,18466,0,7395655260.000,2,1,1,空换,B,2854.8000,2854.6000,2854.4000,2854.2000,2853.6000,2856.0000,2856.2000,2856.4000,2856.6000,2856.8000,3,1,1,4,13,6,6,2,2,2
SF,IH2006,2020-06-17 10:45:46.700,2856.0000,18466,0,7395655260.000,0,-,-,-,-,2855.2000,2855.0000,2854.8000,2854.6000,2854.4000,2856.0000,2856.2000,2856.4000,2856.6000,2856.8000,3,6,7,1,1,6,6,2,2,2
SF,IH2006,2020-06-17 10:45:47.200,2856.0000,18466,0,7395655260.000,0,-,-,-,-,2855.4000,2855.2000,2855.0000,2854.8000,2854.6000,2855.8000,2856.0000,2856.2000,2856.4000,2856.6000,3,1,6,5,1,1,6,6,2,2
SF,IH2006,2020-06-17 10:45:47.700,2856.0000,18466,0,7395655260.000,0,-,-,-,-,2855.4000,2855.2000,2855.0000,2854.8000,2854.2000,2855.8000,2856.0000,2856.2000,2856.4000,2856.6000,3,1,6,5,4,1,6,6,2,2
SF,IH2006,2020-06-17 10:45:48.200,2856.0000,18466,0,7395655260.000,0,-,-,-,-,2855.4000,2855.2000,2855.0000,2854.8000,2854.2000,2855.8000,2856.0000,2856.2000,2856.4000,2856.6000,3,1,6,5,4,1,4,6,2,2
SF,IH2006,2020-06-17 10:45:49.200,2855.4000,18466,0,7398225120.000,3,1,2,空换,B,2855.2000,2855.0000,2854.8000,2854.2000,2854.0000,2855.6000,2855.8000,2856.0000,2856.2000,2856.4000,1,6,5,4,1,1,1,4,6,2
SF,IH2006,2020-06-17 10:45:49.700,2855.4000,18466,0,7398225120.000,0,-,-,-,-,2855.2000,2855.0000,2854.8000,2854.2000,2854.0000,2855.6000,2855.8000,2856.0000,2856.2000,2856.4000,1,5,5,4,1,1,1,4,6,2
SF,IH2006,2020-06-17 10:45:50.200,2855.4000,18466,0,7398225120.000,0,-,-,-,-,2855.2000,2855.0000,2854.8000,2854.2000,2854.0000,2855.6000,2856.0000,2856.2000,2856.4000,2856.6000,1,5,5,4,1,1,4,7,2,3
SF,IH2006,2020-06-17 10:45:50.700,2855.4000,18466,0,7398225120.000,0,-,-,-,-,2855.2000,2855.0000,2854.8000,2854.2000,2854.0000,2855.4000,2855.6000,2856.0000,2856.2000,2856.4000,1,5,4,4,1,2,1,4,7,2
SF,IH2006,2020-06-17 10:45:51.200,2855.0000,18465,-1,7399938180.000,2,0,2,空平,B,2855.0000,2854.8000,2854.2000,2854.0000,2853.6000,2855.2000,2855.4000,2855.6000,2856.0000,2856.2000,1,4,4,1,8,2,3,1,5,7
SF,IH2006,2020-06-17 10:45:51.700,2854.8000,18463,-2,7401651120.000,2,0,2,双平,B,2854.8000,2854.2000,2854.0000,2853.6000,2853.4000,2855.0000,2855.2000,2855.4000,2855.6000,2856.0000,2,4,1,8,1,2,1,3,1,5
SF,IH2006,2020-06-17 10:45:52.200,2855.2000,18461,-2,7403364120.000,2,0,2,双平,B,2854.8000,2854.2000,2854.0000,2853.6000,2853.4000,2855.4000,2855.6000,2856.0000,2856.2000,2856.4000,1,4,1,8,1,3,1,5,2,2
SF,IH2006,2020-06-17 10:45:52.700,2855.2000,18461,0,7403364120.000,0,-,-,-,-,2855.0000,2854.8000,2854.2000,2854.0000,2853.6000,2855.4000,2855.6000,2856.0000,2856.2000,2856.4000,1,1,4,1,8,8,1,5,2,2
SF,IH2006,2020-06-17 10:45:53.200,2855.0000,18461,0,7404220620.000,1,0,1,空换,B,2854.8000,2854.4000,2854.2000,2854.0000,2853.6000,2855.4000,2855.6000,2856.0000,2856.2000,2856.4000,2,1,4,1,8,9,1,5,2,2
SF,IH2006,2020-06-17 10:45:53.700,2855.0000,18460,-1,7405933560.000,2,0,2,空平,B,2854.8000,2854.4000,2854.2000,2854.0000,2853.6000,2855.2000,2855.4000,2856.0000,2856.2000,2856.4000,1,1,4,1,8,2,9,5,2,2
SF,IH2006,2020-06-17 10:45:54.200,2855.2000,18460,0,7406790120.000,1,0,1,空换,B,2854.8000,2854.4000,2854.2000,2854.0000,2853.6000,2855.2000,2855.4000,2856.0000,2856.2000,2856.4000,1,1,4,1,8,1,9,5,2,2
SF,IH2006,2020-06-17 10:45:54.700,2855.2000,18460,0,7406790120.000,0,-,-,-,-,2854.8000,2854.4000,2854.2000,2854.0000,2853.6000,2855.2000,2855.4000,2856.0000,2856.2000,2856.4000,1,1,4,1,7,1,9,5,2,2
SF,IH2006,2020-06-17 10:45:55.200,2855.2000,18460,0,7406790120.000,0,-,-,-,-,2854.8000,2854.4000,2854.0000,2853.6000,2853.4000,2855.2000,2855.4000,2856.0000,2856.2000,2856.4000,1,1,1,7,1,1,9,5,2,2
SF,IH2006,2020-06-17 10:45:55.700,2855.2000,18460,0,7407646680.000,1,0,1,空换,B,2854.8000,2854.4000,2854.0000,2853.6000,2853.4000,2855.4000,2855.6000,2856.0000,2856.2000,2856.4000,1,1,1,7,1,9,1,5,2,2
SF,IH2006,2020-06-17 10:45:56.700,2855.2000,18460,0,7407646680.000,0,-,-,-,-,2854.8000,2854.4000,2854.0000,2853.6000,2853.4000,2855.4000,2855.6000,2856.0000,2856.2000,2856.4000,1,1,1,7,1,8,1,5,2,2
SF,IH2006,2020-06-17 10:45:57.200,2855.2000,18460,0,7407646680.000,0,-,-,-,-,2854.8000,2854.4000,2854.0000,2853.6000,2853.4000,2855.4000,2855.6000,2856.0000,2856.2000,2856.4000,1,1,1,6,1,8,1,5,2,2
SF,IH2006,2020-06-17 10:45:57.700,2855.2000,18460,0,7407646680.000,0,-,-,-,-,2854.8000,2854.4000,2854.0000,2853.6000,2853.4000,2855.4000,2855.6000,2856.0000,2856.2000,2856.4000,1,1,1,6,1,8,1,4,2,2
SF,IH2006,2020-06-17 10:45:58.200,2855.2000,18460,0,7407646680.000,0,-,-,-,-,2854.8000,2854.4000,2854.0000,2853.6000,2853.4000,2855.4000,2855.6000,2856.0000,2856.2000,2856.4000,1,1,1,6,1,8,1,4,2,2
SF,IH2006,2020-06-17 10:45:58.700,2855.2000,18460,0,7407646680.000,0,-,-,-,-,2854.8000,2854.4000,2854.0000,2853.6000,2853.4000,2855.4000,2855.6000,2856.0000,2856.2000,2856.4000,1,1,1,6,1,8,2,4,2,2
SF,IH2006,2020-06-17 10:45:59.200,2854.8000,18460,0,7408503120.000,1,0,1,空换,B,2854.4000,2854.0000,2853.6000,2853.4000,2853.0000,2855.2000,2855.4000,2855.6000,2856.0000,2856.2000,1,1,6,1,2,3,8,2,4,2
SF,IH2006,2020-06-17 10:45:59.700,2854.8000,18460,0,7408503120.000,0,-,-,-,-,2854.6000,2854.4000,2854.0000,2853.6000,2853.4000,2854.8000,2855.0000,2855.2000,2855.4000,2855.6000,1,1,1,6,1,2,1,3,8,2
SF,IH2006,2020-06-17 10:46:00.200,2854.8000,18460,0,7408503120.000,0,-,-,-,-,2854.6000,2854.4000,2854.0000,2853.6000,2853.4000,2854.8000,2855.0000,2855.2000,2855.4000,2855.6000,1,1,1,5,1,2,1,2,8,2
SF,IH2006,2020-06-17 10:46:00.700,2854.8000,18457,-3,7411072380.000,3,0,3,双平,B,2854.4000,2854.0000,2853.6000,2853.0000,2852.6000,2855.0000,2855.2000,2855.4000,2855.6000,2855.8000,1,1,5,2,2,1,2,8,2,2
SF,IH2006,2020-06-17 10:46:01.200,2854.8000,18457,0,7411072380.000,0,-,-,-,-,2854.0000,2853.6000,2853.0000,2852.6000,2852.2000,2855.0000,2855.2000,2855.4000,2855.6000,2855.8000,1,5,2,2,2,1,2,8,2,2
SF,IH2006,2020-06-17 10:46:01.700,2854.8000,18457,0,7411072380.000,0,-,-,-,-,2854.2000,2854.0000,2853.8000,2853.6000,2853.0000,2854.8000,2855.0000,2855.2000,2855.4000,2855.6000,1,1,1,5,2,9,4,2,8,2
SF,IH2006,2020-06-17 10:46:02.200,2854.8000,18457,0,7411072380.000,0,-,-,-,-,2854.2000,2854.0000,2853.8000,2853.6000,2853.0000,2854.4000,2854.8000,2855.0000,2855.2000,2855.4000,1,1,1,5,2,1,8,3,2,8
SF,IH2006,2020-06-17 10:46:02.700,2854.4000,18456,-1,7415353980.000,5,2,3,空平,B,2854.4000,2854.0000,2853.8000,2853.6000,2853.0000,2854.8000,2855.0000,2855.2000,2855.4000,2855.6000,12,1,1,5,2,4,2,2,8,2
SF,IH2006,2020-06-17 10:46:03.200,2854.8000,18458,2,7419636180.000,5,3,2,多开,B,2854.8000,2854.6000,2854.4000,2854.0000,2853.8000,2855.2000,2855.4000,2855.6000,2855.8000,2856.0000,9,4,4,1,1,2,8,2,2,2
SF,IH2006,2020-06-17 10:46:03.700,2855.2000,18458,0,7421349300.000,2,1,1,空换,B,2855.0000,2854.8000,2854.6000,2854.4000,2854.0000,2855.4000,2855.6000,2855.8000,2856.0000,2856.2000,3,3,1,4,1,8,2,2,2,1
SF,IH2006,2020-06-17 10:46:04.200,2855.2000,18457,-1,7423062480.000,2,0,2,空平,B,2855.0000,2854.8000,2854.6000,2854.4000,2854.0000,2855.4000,2855.6000,2855.8000,2856.0000,2856.2000,2,1,1,3,1,6,2,2,2,1
SF,IH2006,2020-06-17 10:46:04.700,2855.2000,18457,0,7423062480.000,0,-,-,-,-,2855.0000,2854.6000,2854.4000,2854.0000,2853.8000,2855.4000,2855.6000,2855.8000,2856.0000,2856.2000,2,1,3,1,1,6,2,2,2,1
SF,IH2006,2020-06-17 10:46:05.700,2855.2000,18457,0,7423062480.000,0,-,-,-,-,2854.6000,2854.4000,2854.0000,2853.8000,2853.6000,2855.4000,2855.6000,2855.8000,2856.0000,2856.2000,1,3,21,1,5,6,2,2,2,1
SF,IH2006,2020-06-17 10:46:06.200,2855.2000,18457,0,7423062480.000,0,-,-,-,-,2854.8000,2854.6000,2854.4000,2854.0000,2853.8000,2855.0000,2855.4000,2855.6000,2855.8000,2856.0000,4,1,3,21,1,1,6,2,2,2
SF,IH2006,2020-06-17 10:46:06.700,2855.0000,18457,0,7423918980.000,1,0,1,空换,B,2855.2000,2855.0000,2854.8000,2854.6000,2854.4000,2855.4000,2855.6000,2855.8000,2856.0000,2856.2000,1,24,7,2,3,6,2,2,2,1
SF,IH2006,2020-06-17 10:46:07.200,2855.4000,18453,-4,7427345460.000,4,0,4,双平,B,2855.0000,2854.8000,2854.6000,2854.4000,2854.2000,2855.4000,2855.6000,2855.8000,2856.0000,2856.2000,6,4,2,3,3,2,2,2,2,1
SF,IH2006,2020-06-17 10:46:07.700,2855.4000,18453,0,7431628560.000,5,2,3,空换,B,2855.4000,2855.0000,2854.8000,2854.6000,2854.4000,2855.6000,2855.8000,2856.0000,2856.2000,2856.4000,1,6,4,2,3,2,2,2,1,1
SF,IH2006,2020-06-17 10:46:08.200,2855.4000,18453,0,7431628560.000,0,-,-,-,-,2855.4000,2855.0000,2854.8000,2854.6000,2854.4000,2855.6000,2855.8000,2856.0000,2856.2000,2856.4000,1,6,4,2,3,2,2,2,1,1
SF,IH2006,2020-06-17 10:46:08.700,2855.4000,18453,0,7432485180.000,1,0,1,空换,B,2855.0000,2854.8000,2854.6000,2854.4000,2854.2000,2855.6000,2855.8000,2856.0000,2856.2000,2856.4000,6,4,2,3,3,2,2,2,1,1
SF,IH2006,2020-06-17 10:46:09.200,2855.4000,18453,0,7432485180.000,0,-,-,-,-,2855.0000,2854.8000,2854.6000,2854.4000,2854.2000,2855.6000,2855.8000,2856.0000,2856.2000,2856.4000,6,4,2,3,3,1,2,2,1,1
SF,IH2006,2020-06-17 10:46:09.700,2855.4000,18453,0,7432485180.000,0,-,-,-,-,2855.0000,2854.8000,2854.6000,2854.4000,2854.2000,2855.4000,2855.6000,2855.8000,2856.0000,2856.2000,6,4,2,3,3,2,1,2,2,1
SF,IH2006,2020-06-17 10:46:10.200,2855.0000,18452,-1,7433341680.000,1,0,1,双平,B,2855.0000,2854.8000,2854.6000,2854.4000,2854.2000,2855.2000,2855.4000,2855.6000,2855.8000,2856.0000,3,4,2,3,3,1,5,1,2,2
SF,IH2006,2020-06-17 10:46:10.700,2854.8000,18450,-2,7436767620.000,4,1,3,空平,B,2854.8000,2854.6000,2854.4000,2854.2000,2854.0000,2855.0000,2855.2000,2855.4000,2855.6000,2855.8000,1,2,3,3,21,7,2,5,1,2
SF,IH2006,2020-06-17 10:46:11.200,2855.0000,18450,0,7438480560.000,2,1,1,空换,B,2854.6000,2854.4000,2854.2000,2854.0000,2853.8000,2855.2000,2855.4000,2855.6000,2855.8000,2856.0000,1,3,3,21,1,2,4,1,2,2
SF,IH2006,2020-06-17 10:46:11.700,2855.0000,18450,0,7438480560.000,0,-,-,-,-,2854.6000,2854.4000,2854.2000,2854.0000,2853.8000,2855.0000,2855.2000,2855.4000,2855.6000,2855.8000,1,3,3,21,1,1,2,4,1,2
SF,IH2006,2020-06-17 10:46:12.200,2855.0000,18450,0,7438480560.000,0,-,-,-,-,2854.6000,2854.4000,2854.2000,2854.0000,2853.8000,2855.0000,2855.2000,2855.4000,2855.6000,2855.8000,3,3,3,21,1,1,2,2,1,2
SF,IH2006,2020-06-17 10:46:12.700,2855.0000,18450,0,7438480560.000,0,-,-,-,-,2854.6000,2854.4000,2854.2000,2854.0000,2853.8000,2855.0000,2855.2000,2855.4000,2855.6000,2855.8000,4,3,3,21,1,1,2,2,1,2
SF,IH2006,2020-06-17 10:46:13.700,2855.0000,18450,0,7438480560.000,0,-,-,-,-,2854.6000,2854.4000,2854.2000,2854.0000,2853.8000,2855.0000,2855.2000,2855.4000,2855.6000,2855.8000,4,3,3,21,1,1,1,2,1,2
SF,IH2006,2020-06-17 10:46:14.700,2855.0000,18450,0,7438480560.000,0,-,-,-,-,2854.8000,2854.6000,2854.4000,2854.2000,2854.0000,2855.0000,2855.2000,2855.4000,2855.6000,2855.8000,1,4,3,3,21,1,1,2,1,2
SF,IH2006,2020-06-17 10:46:15.700,2855.0000,18450,0,7438480560.000,0,-,-,-,-,2854.6000,2854.4000,2854.2000,2854.0000,2853.8000,2855.0000,2855.2000,2855.4000,2855.6000,2855.8000,4,3,3,20,1,1,1,2,1,2
SF,IH2006,2020-06-17 10:46:16.200,2855.0000,18450,0,7438480560.000,0,-,-,-,-,2854.8000,2854.6000,2854.4000,2854.2000,2854.0000,2855.0000,2855.2000,2855.4000,2855.6000,2855.8000,2,4,3,3,20,1,1,2,1,2
SF,IH2006,2020-06-17 10:46:16.700,2855.0000,18451,1,7439337060.000,1,1,0,双开,B,2854.8000,2854.6000,2854.4000,2854.2000,2854.0000,2855.4000,2855.6000,2855.8000,2856.0000,2856.6000,2,4,3,3,20,2,1,2,2,12
SF,IH2006,2020-06-17 10:46:17.200,2855.0000,18451,0,7440193560.000,1,0,1,空换,B,2854.8000,2854.6000,2854.4000,2854.2000,2854.0000,2855.4000,2855.6000,2855.8000,2856.0000,2856.2000,2,4,3,3,20,2,1,2,2,1
SF,IH2006,2020-06-17 10:46:17.700,2854.8000,18452,1,7441906500.000,2,1,1,多开,B,2854.8000,2854.6000,2854.4000,2854.2000,2854.0000,2855.4000,2855.6000,2855.8000,2856.0000,2856.2000,1,4,3,3,20,2,1,2,2,1
SF,IH2006,2020-06-17 10:46:18.200,2854.8000,18452,0,7441906500.000,0,-,-,-,-,2855.0000,2854.8000,2854.6000,2854.4000,2854.2000,2855.4000,2855.6000,2856.0000,2856.6000,2857.0000,2,4,4,3,3,1,3,2,12,1
SF,IH2006,2020-06-17 10:46:18.700,2854.8000,18452,0,7441906500.000,0,-,-,-,-,2855.0000,2854.8000,2854.6000,2854.4000,2854.2000,2855.4000,2855.6000,2856.0000,2856.6000,2857.0000,1,4,4,3,3,1,3,2,12,1
SF,IH2006,2020-06-17 10:46:19.200,2854.8000,18452,0,7441906500.000,0,-,-,-,-,2855.0000,2854.8000,2854.6000,2854.4000,2854.2000,2855.4000,2855.6000,2856.0000,2856.6000,2857.0000,1,4,4,3,3,1,3,2,13,1
SF,IH2006,2020-06-17 10:46:20.200,2854.8000,18452,0,7441906500.000,0,-,-,-,-,2855.0000,2854.8000,2854.6000,2854.4000,2854.2000,2855.4000,2855.6000,2856.0000,2856.6000,2857.0000,1,3,4,3,3,1,3,2,13,1
SF,IH2006,2020-06-17 10:46:22.200,2854.8000,18452,0,7441906500.000,0,-,-,-,-,2855.0000,2854.8000,2854.6000,2854.4000,2854.2000,2855.2000,2855.6000,2856.0000,2856.6000,2857.0000,1,3,4,3,3,1,3,2,13,1
SF,IH2006,2020-06-17 10:46:22.700,2855.2000,18453,1,7442763060.000,1,1,0,双开,B,2855.2000,2855.0000,2854.8000,2854.6000,2854.4000,2855.6000,2856.0000,2856.6000,2857.0000,2857.4000,3,1,3,4,3,3,2,13,1,1
SF,IH2006,2020-06-17 10:46:23.200,2855.2000,18453,0,7442763060.000,0,-,-,-,-,2855.0000,2854.8000,2854.6000,2854.4000,2854.2000,2855.6000,2856.0000,2856.6000,2857.0000,2857.4000,1,3,4,3,3,3,2,13,1,1
SF,IH2006,2020-06-17 10:46:23.700,2855.2000,18453,0,7442763060.000,0,-,-,-,-,2855.0000,2854.8000,2854.6000,2854.4000,2854.2000,2855.4000,2855.6000,2856.0000,2856.6000,2857.0000,1,3,3,3,3,1,3,2,13,1
SF,IH2006,2020-06-17 10:46:24.700,2855.2000,18453,0,7442763060.000,0,-,-,-,-,2855.2000,2855.0000,2854.8000,2854.6000,2854.4000,2855.4000,2855.6000,2856.0000,2856.6000,2857.0000,1,1,3,3,3,1,3,2,13,1
SF,IH2006,2020-06-17 10:46:25.200,2855.2000,18453,0,7442763060.000,0,-,-,-,-,2855.2000,2855.0000,2854.8000,2854.6000,2854.4000,2855.4000,2855.6000,2856.0000,2856.6000,2857.0000,1,1,3,3,3,1,3,2,13,1
SF,IH2006,2020-06-17 10:46:25.700,2855.4000,18452,-1,7444476240.000,2,0,2,空平,B,2855.2000,2855.0000,2854.8000,2854.6000,2854.4000,2855.6000,2856.0000,2856.6000,2857.0000,2857.6000,1,1,3,3,3,3,2,13,1,3
SF,IH2006,2020-06-17 10:46:26.200,2855.6000,18452,0,7445332920.000,1,0,1,空换,B,2855.4000,2855.2000,2854.8000,2854.6000,2854.4000,2855.6000,2856.0000,2856.6000,2857.0000,2857.6000,2,7,2,3,3,2,2,13,1,3
SF,IH2006,2020-06-17 10:46:26.700,2855.6000,18454,2,7447046280.000,2,2,0,双开,B,2855.6000,2855.2000,2854.8000,2854.6000,2854.4000,2856.0000,2856.6000,2857.0000,2857.6000,2857.8000,5,9,2,3,3,2,13,1,3,4
SF,IH2006,2020-06-17 10:46:27.200,2855.6000,18454,0,7447046280.000,0,-,-,-,-,2855.8000,2855.6000,2855.2000,2854.8000,2854.6000,2856.0000,2856.6000,2857.0000,2857.6000,2857.8000,4,2,11,2,3,2,13,1,3,4
SF,IH2006,2020-06-17 10:46:27.700,2855.6000,18454,0,7447046280.000,0,-,-,-,-,2855.8000,2855.6000,2855.2000,2854.8000,2854.6000,2856.0000,2856.6000,2857.0000,2857.6000,2857.8000,5,3,11,1,3,2,14,1,3,4
SF,IH2006,2020-06-17 10:46:28.200,2855.6000,18454,0,7447046280.000,0,-,-,-,-,2855.8000,2855.6000,2855.2000,2854.8000,2854.6000,2856.0000,2856.6000,2857.0000,2857.6000,2857.8000,5,3,11,1,3,2,13,1,3,4
SF,IH2006,2020-06-17 10:46:28.700,2856.0000,18454,0,7448759880.000,2,1,1,空换,B,2855.8000,2855.6000,2855.2000,2854.8000,2854.6000,2856.6000,2857.0000,2857.6000,2857.8000,2858.0000,2,1,10,1,3,13,1,3,4,6
SF,IH2006,2020-06-17 10:46:29.200,2855.8000,18454,0,7449616620.000,1,0,1,空换,B,2855.8000,2855.6000,2855.2000,2854.8000,2854.6000,2856.4000,2856.6000,2857.0000,2857.6000,2857.8000,1,1,8,1,3,6,13,1,4,4
SF,IH2006,2020-06-17 10:46:29.700,2855.8000,18454,0,7449616620.000,0,-,-,-,-,2855.8000,2855.6000,2855.2000,2854.8000,2854.6000,2856.4000,2856.6000,2857.0000,2857.6000,2857.8000,1,1,8,1,3,7,13,1,4,4
SF,IH2006,2020-06-17 10:46:30.200,2855.8000,18454,0,7449616620.000,0,-,-,-,-,2855.8000,2855.6000,2855.2000,2854.8000,2854.6000,2856.2000,2856.4000,2856.6000,2857.0000,2857.6000,3,1,8,1,3,1,7,13,1,4
SF,IH2006,2020-06-17 10:46:30.700,2855.8000,18454,0,7449616620.000,0,-,-,-,-,2856.0000,2855.8000,2855.6000,2855.2000,2854.8000,2856.2000,2856.4000,2856.6000,2857.0000,2857.6000,1,1,1,8,1,1,7,13,1,4
SF,IH2006,2020-06-17 10:46:31.200,2856.0000,18453,-1,7450473420.000,1,0,1,双平,B,2855.8000,2855.6000,2855.2000,2854.8000,2854.6000,2856.4000,2856.6000,2857.0000,2857.6000,2857.8000,1,1,8,1,2,6,13,1,4,4
SF,IH2006,2020-06-17 10:46:31.700,2855.8000,18453,0,7452186900.000,2,1,1,空换,B,2855.6000,2855.2000,2854.8000,2854.6000,2854.4000,2856.4000,2856.6000,2857.0000,2857.6000,2857.8000,1,7,1,2,4,5,13,1,4,4
SF,IH2006,2020-06-17 10:46:32.200,2856.2000,18453,0,7453043760.000,1,0,1,空换,B,2855.8000,2855.6000,2855.4000,2855.2000,2854.8000,2856.4000,2856.6000,2857.0000,2857.6000,2857.8000,1,3,1,7,1,5,13,1,4,4
SF,IH2006,2020-06-17 10:46:32.700,2856.2000,18453,0,7453043760.000,0,-,-,-,-,2855.8000,2855.6000,2855.4000,2855.2000,2855.0000,2856.2000,2856.4000,2856.6000,2857.0000,2857.6000,1,4,1,7,1,1,5,13,1,4
SF,IH2006,2020-06-17 10:46:33.200,2856.2000,18453,0,7453043760.000,0,-,-,-,-,2855.8000,2855.6000,2855.4000,2855.2000,2855.0000,2856.2000,2856.4000,2856.6000,2857.0000,2857.6000,1,4,1,7,1,1,5,13,1,4
SF,IH2006,2020-06-17 10:46:33.700,2856.2000,18453,0,7453043760.000,0,-,-,-,-,2855.8000,2855.6000,2855.4000,2855.2000,2855.0000,2856.2000,2856.4000,2856.6000,2857.0000,2857.6000,2,4,1,7,1,2,5,13,1,4
SF,IH2006,2020-06-17 10:46:34.200,2856.2000,18453,0,7454757480.000,2,1,1,空换,B,2855.8000,2855.6000,2855.4000,2855.2000,2855.0000,2856.4000,2856.6000,2857.0000,2857.6000,2857.8000,2,4,1,7,1,5,13,1,4,4
SF,IH2006,2020-06-17 10:46:34.700,2856.2000,18453,0,7454757480.000,0,-,-,-,-,2856.0000,2855.8000,2855.6000,2855.4000,2855.2000,2856.4000,2856.6000,2857.0000,2857.6000,2857.8000,2,1,4,1,7,5,13,1,4,4
SF,IH2006,2020-06-17 10:46:35.200,2856.2000,18453,0,7454757480.000,0,-,-,-,-,2856.0000,2855.8000,2855.6000,2855.4000,2855.2000,2856.4000,2856.6000,2857.0000,2857.6000,2857.8000,2,1,2,1,7,5,13,1,4,4
SF,IH2006,2020-06-17 10:46:35.700,2856.0000,18451,-2,7456471080.000,2,0,2,双平,B,2855.8000,2855.6000,2855.4000,2855.2000,2855.0000,2856.2000,2856.4000,2856.6000,2857.0000,2857.6000,1,1,1,8,1,1,6,13,1,4
SF,IH2006,2020-06-17 10:46:36.200,2856.0000,18451,0,7456471080.000,0,-,-,-,-,2855.8000,2855.6000,2855.4000,2855.2000,2855.0000,2856.2000,2856.4000,2856.6000,2857.0000,2857.6000,1,1,1,8,1,3,4,13,1,4
SF,IH2006,2020-06-17 10:46:36.700,2856.0000,18451,0,7456471080.000,0,-,-,-,-,2855.8000,2855.6000,2855.4000,2855.2000,2855.0000,2856.0000,2856.2000,2856.4000,2856.6000,2857.0000,1,1,1,8,1,1,3,3,13,1
SF,IH2006,2020-06-17 10:46:37.200,2855.8000,18452,1,7457327820.000,1,1,0,双开,B,2855.6000,2855.2000,2855.0000,2854.8000,2854.6000,2855.8000,2856.0000,2856.2000,2856.4000,2856.6000,1,8,1,2,2,3,2,3,1,13
SF,IH2006,2020-06-17 10:46:37.700,2855.6000,18452,0,7458184500.000,1,0,1,空换,B,2855.2000,2855.0000,2854.8000,2854.6000,2854.4000,2855.4000,2855.6000,2855.8000,2856.0000,2856.2000,7,1,2,2,4,1,6,2,2,3
SF,IH2006,2020-06-17 10:46:38.200,2855.2000,18448,-4,7461610740.000,4,0,4,双平,B,2855.2000,2855.0000,2854.8000,2854.6000,2854.4000,2855.6000,2855.8000,2856.0000,2856.2000,2856.4000,3,1,2,2,4,2,1,2,1,1
SF,IH2006,2020-06-17 10:46:39.700,2855.2000,18448,0,7461610740.000,0,-,-,-,-,2855.2000,2855.0000,2854.8000,2854.6000,2854.4000,2855.6000,2855.8000,2856.0000,2856.2000,2856.4000,4,1,2,2,4,2,1,2,1,1
SF,IH2006,2020-06-17 10:46:40.200,2855.2000,18448,0,7461610740.000,0,-,-,-,-,2855.2000,2855.0000,2854.8000,2854.6000,2854.4000,2855.6000,2855.8000,2856.0000,2856.2000,2856.4000,5,1,2,3,4,2,1,2,1,1
SF,IH2006,2020-06-17 10:46:40.700,2855.6000,18447,-1,7462467420.000,1,0,1,双平,B,2855.2000,2855.0000,2854.8000,2854.6000,2854.4000,2855.8000,2856.0000,2856.2000,2856.4000,2856.6000,5,1,2,3,4,1,2,1,1,13
SF,IH2006,2020-06-17 10:46:42.200,2855.6000,18447,0,7462467420.000,0,-,-,-,-,2855.2000,2855.0000,2854.8000,2854.6000,2854.4000,2855.8000,2856.0000,2856.2000,2856.4000,2856.6000,5,1,2,3,4,3,2,1,1,13
SF,IH2006,2020-06-17 10:46:42.700,2855.6000,18447,0,7462467420.000,0,-,-,-,-,2855.2000,2855.0000,2854.8000,2854.6000,2854.4000,2855.6000,2855.8000,2856.0000,2856.2000,2856.4000,5,1,2,3,4,6,3,2,1,1
SF,IH2006,2020-06-17 10:46:43.200,2855.6000,18447,0,7462467420.000,0,-,-,-,-,2855.2000,2855.0000,2854.8000,2854.6000,2854.4000,2855.4000,2855.6000,2855.8000,2856.0000,2856.4000,4,1,2,3,4,3,5,3,2,1
SF,IH2006,2020-06-17 10:46:43.700,2855.6000,18447,0,7462467420.000,0,-,-,-,-,2855.2000,2855.0000,2854.8000,2854.6000,2854.4000,2855.4000,2855.6000,2855.8000,2856.0000,2856.4000,4,1,2,3,4,3,5,3,2,1
SF,IH2006,2020-06-17 10:46:44.200,2855.6000,18447,0,7462467420.000,0,-,-,-,-,2855.2000,2855.0000,2854.8000,2854.6000,2854.4000,2855.4000,2855.6000,2855.8000,2856.0000,2856.4000,4,1,2,3,4,3,4,3,2,1
SF,IH2006,2020-06-17 10:46:45.200,2855.6000,18447,0,7462467420.000,0,-,-,-,-,2855.2000,2855.0000,2854.8000,2854.6000,2854.4000,2855.4000,2855.6000,2855.8000,2856.0000,2856.4000,4,1,2,3,4,3,4,2,2,1
SF,IH2006,2020-06-17 10:46:46.200,2855.6000,18447,0,7462467420.000,0,-,-,-,-,2855.2000,2855.0000,2854.8000,2854.6000,2854.4000,2855.4000,2855.6000,2855.8000,2856.0000,2856.4000,4,1,2,4,4,3,4,2,2,1
SF,IH2006,2020-06-17 10:46:46.700,2855.6000,18447,0,7462467420.000,0,-,-,-,-,2855.2000,2855.0000,2854.8000,2854.6000,2854.4000,2855.4000,2855.6000,2855.8000,2856.0000,2856.4000,4,1,2,4,4,1,3,2,2,1
SF,IH2006,2020-06-17 10:46:47.200,2855.4000,18448,1,7463324040.000,1,1,0,双开,B,2855.2000,2855.0000,2854.8000,2854.6000,2854.4000,2855.6000,2855.8000,2856.0000,2856.4000,2856.6000,4,1,2,4,4,3,2,2,1,13
SF,IH2006,2020-06-17 10:46:47.700,2855.4000,18448,0,7463324040.000,0,-,-,-,-,2855.4000,2855.2000,2855.0000,2854.8000,2854.6000,2855.8000,2856.0000,2856.4000,2856.6000,2857.0000,1,4,1,2,4,2,2,1,13,1
SF,IH2006,2020-06-17 10:46:48.200,2855.4000,18448,0,7463324040.000,0,-,-,-,-,2855.6000,2855.4000,2855.2000,2855.0000,2854.8000,2855.8000,2856.0000,2856.4000,2856.6000,2857.0000,1,1,4,1,2,2,2,1,13,1
SF,IH2006,2020-06-17 10:46:49.700,2855.4000,18448,0,7463324040.000,0,-,-,-,-,2855.4000,2855.2000,2855.0000,2854.8000,2854.6000,2855.8000,2856.0000,2856.4000,2856.6000,2857.0000,1,4,1,3,4,2,2,1,13,1
SF,IH2006,2020-06-17 10:46:51.200,2855.4000,18448,0,7463324040.000,0,-,-,-,-,2855.8000,2855.4000,2855.2000,2855.0000,2854.8000,2856.0000,2856.4000,2856.6000,2857.0000,2857.6000,1,1,4,1,3,2,1,13,1,4
SF,IH2006,2020-06-17 10:46:51.700,2855.8000,18448,0,7464180780.000,1,0,1,空换,B,2855.4000,2855.2000,2855.0000,2854.8000,2854.6000,2855.8000,2856.0000,2856.4000,2856.6000,2857.0000,1,4,1,3,4,14,2,1,13,1
SF,IH2006,2020-06-17 10:46:52.200,2855.8000,18448,0,7464180780.000,0,-,-,-,-,2855.4000,2855.2000,2855.0000,2854.8000,2854.6000,2855.6000,2855.8000,2856.0000,2856.4000,2856.6000,1,4,2,3,4,2,2,2,1,13
SF,IH2006,2020-06-17 10:46:52.700,2855.6000,18448,0,7465894140.000,2,1,1,空换,B,2855.4000,2855.2000,2855.0000,2854.8000,2854.6000,2855.8000,2856.0000,2856.4000,2856.6000,2857.0000,1,4,2,3,4,3,2,1,13,1
SF,IH2006,2020-06-17 10:46:57.200,2855.6000,18448,0,7465894140.000,0,-,-,-,-,2855.4000,2855.2000,2855.0000,2854.8000,2854.6000,2855.8000,2856.0000,2856.4000,2856.6000,2857.0000,1,4,2,3,4,3,2,1,13,1
SF,IH2006,2020-06-17 10:46:59.700,2855.6000,18448,0,7465894140.000,0,-,-,-,-,2855.4000,2855.2000,2855.0000,2854.8000,2854.6000,2855.8000,2856.0000,2856.4000,2856.6000,2857.0000,1,4,2,3,4,3,2,1,13,1
SF,IH2006,2020-06-17 10:47:00.700,2855.6000,18448,0,7465894140.000,0,-,-,-,-,2855.4000,2855.2000,2855.0000,2854.8000,2854.6000,2855.8000,2856.0000,2856.4000,2856.6000,2857.0000,1,4,2,3,4,2,2,1,13,1
SF,IH2006,2020-06-17 10:47:01.700,2855.4000,18447,-1,7466750760.000,1,0,1,双平,B,2855.2000,2855.0000,2854.8000,2854.6000,2854.4000,2855.8000,2856.0000,2856.4000,2856.6000,2857.0000,4,2,3,4,4,2,2,1,13,1
SF,IH2006,2020-06-17 10:47:02.200,2855.4000,18447,0,7466750760.000,0,-,-,-,-,2855.2000,2855.0000,2854.8000,2854.6000,2854.4000,2855.8000,2856.0000,2856.4000,2856.6000,2857.0000,5,2,3,4,4,2,2,1,13,1
SF,IH2006,2020-06-17 10:47:02.700,2855.4000,18447,0,7466750760.000,0,-,-,-,-,2855.2000,2855.0000,2854.8000,2854.6000,2854.4000,2855.8000,2856.0000,2856.4000,2856.6000,2857.0000,5,2,3,4,4,3,2,1,13,1
SF,IH2006,2020-06-17 10:47:03.700,2855.2000,18447,0,7467607320.000,1,0,1,空换,B,2855.2000,2855.0000,2854.8000,2854.6000,2854.4000,2855.8000,2856.0000,2856.4000,2856.6000,2857.0000,4,2,3,4,4,3,2,1,13,1
SF,IH2006,2020-06-17 10:47:04.200,2855.2000,18447,0,7467607320.000,0,-,-,-,-,2855.2000,2855.0000,2854.8000,2854.6000,2854.4000,2855.8000,2856.0000,2856.4000,2856.6000,2857.0000,4,2,3,4,4,3,2,1,13,1
SF,IH2006,2020-06-17 10:47:04.700,2855.2000,18447,0,7467607320.000,0,-,-,-,-,2855.4000,2855.2000,2855.0000,2854.8000,2854.6000,2855.8000,2856.0000,2856.4000,2856.6000,2857.0000,1,4,2,3,4,3,2,1,13,1
SF,IH2006,2020-06-17 10:47:05.200,2855.2000,18447,0,7467607320.000,0,-,-,-,-,2855.2000,2855.0000,2854.8000,2854.6000,2854.4000,2855.8000,2856.0000,2856.4000,2856.6000,2857.0000,4,2,3,4,4,3,2,1,13,1
SF,IH2006,2020-06-17 10:47:06.200,2855.2000,18445,-2,7469320440.000,2,0,2,双平,B,2855.2000,2855.0000,2854.8000,2854.6000,2854.4000,2855.8000,2856.0000,2856.4000,2856.6000,2857.0000,2,2,3,4,4,3,2,1,13,1
SF,IH2006,2020-06-17 10:47:06.700,2855.2000,18445,0,7469320440.000,0,-,-,-,-,2855.4000,2855.2000,2855.0000,2854.8000,2854.6000,2855.6000,2855.8000,2856.0000,2856.4000,2856.6000,1,2,2,3,4,1,5,2,1,13
SF,IH2006,2020-06-17 10:47:07.200,2855.2000,18445,0,7469320440.000,0,-,-,-,-,2855.4000,2855.2000,2855.0000,2854.8000,2854.6000,2855.6000,2855.8000,2856.0000,2856.4000,2856.6000,1,2,2,3,4,1,4,2,1,13
SF,IH2006,2020-06-17 10:47:07.700,2855.2000,18445,0,7469320440.000,0,-,-,-,-,2855.4000,2855.2000,2855.0000,2854.8000,2854.6000,2855.6000,2855.8000,2856.0000,2856.4000,2856.6000,2,2,2,2,4,1,4,2,1,13
SF,IH2006,2020-06-17 10:47:08.200,2855.2000,18445,0,7469320440.000,0,-,-,-,-,2855.4000,2855.2000,2855.0000,2854.8000,2854.6000,2855.6000,2855.8000,2856.0000,2856.4000,2856.6000,2,2,2,2,4,2,4,2,1,13
SF,IH2006,2020-06-17 10:47:08.700,2855.4000,18445,0,7471033680.000,2,1,1,空换,B,2855.2000,2855.0000,2854.8000,2854.6000,2854.4000,2855.6000,2855.8000,2856.0000,2856.4000,2856.6000,2,2,2,4,4,2,4,2,1,13
SF,IH2006,2020-06-17 10:47:09.200,2855.4000,18445,0,7471033680.000,0,-,-,-,-,2855.2000,2855.0000,2854.8000,2854.6000,2854.4000,2855.4000,2855.6000,2855.8000,2856.0000,2856.4000,2,2,2,4,4,1,2,4,2,1
SF,IH2006,2020-06-17 10:47:09.700,2855.4000,18445,0,7471890300.000,1,0,1,空换,B,2855.2000,2855.0000,2854.8000,2854.6000,2854.4000,2855.6000,2855.8000,2856.0000,2856.4000,2856.6000,2,2,2,4,4,2,4,2,1,13
SF,IH2006,2020-06-17 10:47:10.200,2855.2000,18445,0,7472746860.000,1,0,1,空换,B,2855.0000,2854.8000,2854.6000,2854.4000,2854.0000,2855.6000,2855.8000,2856.0000,2856.4000,2856.6000,2,2,4,4,20,2,4,2,1,13
SF,IH2006,2020-06-17 10:47:10.700,2855.0000,18444,-1,7474459860.000,2,0,2,空平,B,2855.0000,2854.8000,2854.6000,2854.4000,2854.0000,2855.4000,2855.6000,2855.8000,2856.0000,2856.4000,1,2,4,4,20,1,2,4,2,1
SF,IH2006,2020-06-17 10:47:11.200,2855.0000,18444,0,7474459860.000,0,-,-,-,-,2855.0000,2854.8000,2854.6000,2854.4000,2854.0000,2855.4000,2855.6000,2855.8000,2856.0000,2856.4000,1,2,4,4,20,1,2,4,2,1
SF,IH2006,2020-06-17 10:47:11.700,2855.0000,18443,-1,7475316360.000,1,0,1,双平,B,2854.8000,2854.6000,2854.4000,2854.0000,2853.8000,2855.4000,2855.6000,2855.8000,2856.0000,2856.4000,2,4,4,20,1,1,2,4,2,1
SF,IH2006,2020-06-17 10:47:12.200,2855.0000,18443,0,7475316360.000,0,-,-,-,-,2855.2000,2854.8000,2854.6000,2854.4000,2854.0000,2855.4000,2855.6000,2855.8000,2856.0000,2856.4000,2,2,4,4,20,1,2,4,2,1
SF,IH2006,2020-06-17 10:47:12.700,2855.0000,18443,0,7475316360.000,0,-,-,-,-,2854.8000,2854.6000,2854.4000,2854.0000,2853.8000,2855.4000,2855.6000,2855.8000,2856.0000,2856.4000,2,4,4,20,1,1,2,4,2,1
SF,IH2006,2020-06-17 10:47:13.200,2855.0000,18443,0,7475316360.000,0,-,-,-,-,2854.8000,2854.6000,2854.4000,2854.0000,2853.8000,2855.4000,2855.6000,2855.8000,2856.0000,2856.4000,2,4,4,20,1,1,2,3,2,1
SF,IH2006,2020-06-17 10:47:13.700,2855.4000,18443,0,7476172980.000,1,0,1,空换,B,2854.8000,2854.6000,2854.4000,2854.0000,2853.8000,2855.4000,2855.6000,2855.8000,2856.0000,2856.4000,2,4,4,20,1,1,2,3,2,1
SF,IH2006,2020-06-17 10:47:14.200,2855.4000,18443,0,7476172980.000,0,-,-,-,-,2855.0000,2854.8000,2854.6000,2854.4000,2854.0000,2855.4000,2855.6000,2855.8000,2856.0000,2856.4000,1,2,4,4,20,1,2,3,2,1
SF,IH2006,2020-06-17 10:47:14.700,2855.4000,18443,0,7476172980.000,0,-,-,-,-,2855.2000,2855.0000,2854.8000,2854.6000,2854.4000,2855.4000,2855.6000,2855.8000,2856.0000,2856.4000,1,2,2,4,4,1,2,3,2,1
SF,IH2006,2020-06-17 10:47:15.200,2855.4000,18443,0,7477029600.000,1,0,1,空换,B,2855.2000,2855.0000,2854.8000,2854.6000,2854.4000,2855.6000,2855.8000,2856.0000,2856.4000,2856.6000,1,3,2,5,4,1,3,2,1,12
SF,IH2006,2020-06-17 10:47:15.700,2855.4000,18443,0,7477029600.000,0,-,-,-,-,2855.2000,2855.0000,2854.8000,2854.6000,2854.4000,2855.8000,2856.0000,2856.4000,2856.6000,2857.0000,1,3,2,5,4,3,2,1,12,1
SF,IH2006,2020-06-17 10:47:16.200,2855.4000,18443,0,7477029600.000,0,-,-,-,-,2855.4000,2855.2000,2855.0000,2854.8000,2854.6000,2855.8000,2856.0000,2856.4000,2856.6000,2857.0000,1,1,3,2,5,3,3,1,12,1
SF,IH2006,2020-06-17 10:47:16.700,2855.8000,18442,-1,7479599820.000,3,1,2,空平,B,2855.8000,2855.6000,2855.4000,2855.2000,2855.0000,2856.0000,2856.4000,2856.6000,2857.0000,2857.6000,5,1,4,1,2,3,1,12,1,4
SF,IH2006,2020-06-17 10:47:17.200,2856.4000,18438,-4,7483884060.000,5,0,5,空平,B,2856.2000,2856.0000,2855.8000,2855.6000,2855.4000,2856.6000,2857.0000,2857.6000,2857.8000,2858.0000,3,7,1,1,4,12,1,4,4,6
SF,IH2006,2020-06-17 10:47:17.700,2856.2000,18438,0,7484740920.000,1,0,1,空换,B,2856.0000,2855.6000,2855.4000,2855.2000,2855.0000,2856.2000,2856.4000,2856.6000,2857.0000,2857.6000,2,1,2,1,2,2,2,12,1,4
SF,IH2006,2020-06-17 10:47:18.200,2856.2000,18438,0,7485597780.000,1,0,1,空换,B,2856.0000,2855.6000,2855.4000,2855.2000,2855.0000,2856.2000,2856.4000,2856.6000,2857.0000,2857.6000,2,1,2,1,2,1,1,12,1,4
SF,IH2006,2020-06-17 10:47:18.700,2856.2000,18438,0,7485597780.000,0,-,-,-,-,2856.0000,2855.6000,2855.4000,2855.2000,2855.0000,2856.2000,2856.4000,2856.6000,2857.6000,2857.8000,2,1,2,1,2,1,1,12,4,4
SF,IH2006,2020-06-17 10:47:19.200,2856.0000,18436,-2,7487311380.000,2,0,2,双平,B,2855.6000,2855.4000,2855.2000,2855.0000,2854.8000,2856.2000,2856.4000,2856.6000,2857.6000,2857.8000,1,1,1,2,2,1,1,12,4,4
SF,IH2006,2020-06-17 10:47:19.700,2856.0000,18436,0,7487311380.000,0,-,-,-,-,2855.8000,2855.6000,2855.4000,2855.2000,2855.0000,2856.2000,2856.4000,2856.6000,2857.6000,2857.8000,1,1,2,1,2,1,1,12,4,4
SF,IH2006,2020-06-17 10:47:20.700,2856.0000,18436,0,7487311380.000,0,-,-,-,-,2855.8000,2855.6000,2855.4000,2855.2000,2855.0000,2856.0000,2856.2000,2856.4000,2856.6000,2857.4000,1,1,2,1,2,1,1,1,12,1
SF,IH2006,2020-06-17 10:47:21.200,2856.0000,18436,0,7488168180.000,1,0,1,空换,B,2855.8000,2855.6000,2855.4000,2855.2000,2855.0000,2856.2000,2856.4000,2856.6000,2857.4000,2857.6000,1,1,2,1,2,1,2,12,1,4
SF,IH2006,2020-06-17 10:47:21.700,2856.0000,18436,0,7488168180.000,0,-,-,-,-,2855.8000,2855.6000,2855.4000,2855.2000,2855.0000,2856.0000,2856.2000,2856.4000,2856.6000,2857.4000,1,1,2,1,2,1,2,2,12,1
SF,IH2006,2020-06-17 10:47:22.200,2856.0000,18437,1,7489024980.000,1,1,0,双开,B,2855.8000,2855.6000,2855.4000,2855.0000,2854.8000,2856.0000,2856.2000,2856.4000,2856.6000,2857.4000,1,1,2,2,2,1,2,2,12,1
SF,IH2006,2020-06-17 10:47:22.700,2856.0000,18437,0,7489024980.000,0,-,-,-,-,2856.0000,2855.8000,2855.6000,2855.4000,2855.0000,2856.2000,2856.4000,2856.6000,2857.4000,2857.6000,1,1,1,2,2,2,2,12,1,4
SF,IH2006,2020-06-17 10:47:23.200,2856.0000,18437,0,7489881780.000,1,0,1,空换,B,2855.8000,2855.6000,2855.4000,2855.0000,2854.8000,2856.2000,2856.4000,2856.6000,2857.4000,2857.6000,1,1,2,2,2,2,2,12,1,4
SF,IH2006,2020-06-17 10:47:26.700,2856.0000,18437,0,7489881780.000,0,-,-,-,-,2855.8000,2855.6000,2855.4000,2855.0000,2854.8000,2856.0000,2856.2000,2856.4000,2856.6000,2857.4000,1,1,2,2,2,1,2,2,12,1
SF,IH2006,2020-06-17 10:47:28.200,2856.0000,18436,-1,7490738580.000,1,0,1,双平,B,2855.8000,2855.6000,2855.4000,2855.0000,2854.8000,2856.2000,2856.4000,2856.6000,2857.4000,2857.6000,1,1,2,2,2,2,2,12,1,4
SF,IH2006,2020-06-17 10:47:28.700,2856.0000,18436,0,7490738580.000,0,-,-,-,-,2855.8000,2855.6000,2855.4000,2855.0000,2854.8000,2856.2000,2856.4000,2856.6000,2857.4000,2857.6000,1,1,2,1,2,2,2,12,1,4
SF,IH2006,2020-06-17 10:47:29.200,2856.0000,18436,0,7490738580.000,0,-,-,-,-,2855.6000,2855.4000,2854.8000,2854.6000,2854.4000,2856.2000,2856.4000,2856.6000,2857.4000,2857.6000,1,2,2,5,4,2,2,12,2,4
SF,IH2006,2020-06-17 10:47:29.700,2856.0000,18436,0,7490738580.000,0,-,-,-,-,2855.6000,2855.4000,2854.8000,2854.6000,2854.4000,2856.2000,2856.4000,2856.6000,2857.4000,2857.6000,2,2,2,5,4,2,2,12,2,4
SF,IH2006,2020-06-17 10:47:30.200,2856.0000,18436,0,7490738580.000,0,-,-,-,-,2855.6000,2855.4000,2854.8000,2854.6000,2854.4000,2856.2000,2856.4000,2856.6000,2857.4000,2857.6000,3,2,2,5,4,2,2,12,2,4
SF,IH2006,2020-06-17 10:47:30.700,2856.0000,18436,0,7490738580.000,0,-,-,-,-,2855.6000,2855.4000,2854.8000,2854.6000,2854.4000,2855.8000,2856.0000,2856.2000,2856.4000,2856.6000,2,2,2,5,4,1,1,2,1,12
SF,IH2006,2020-06-17 10:47:31.200,2856.0000,18436,0,7490738580.000,0,-,-,-,-,2855.4000,2854.8000,2854.6000,2854.4000,2854.0000,2855.8000,2856.0000,2856.2000,2856.4000,2856.6000,1,2,5,4,20,1,6,2,1,12
SF,IH2006,2020-06-17 10:47:31.700,2855.6000,18436,0,7491595260.000,1,0,1,空换,B,2855.4000,2854.8000,2854.6000,2854.4000,2854.0000,2855.8000,2856.0000,2856.2000,2856.4000,2856.6000,1,2,5,4,20,2,1,2,1,12
SF,IH2006,2020-06-17 10:47:32.200,2855.6000,18436,0,7491595260.000,0,-,-,-,-,2855.4000,2854.8000,2854.6000,2854.4000,2854.0000,2855.8000,2856.0000,2856.2000,2856.4000,2856.6000,4,2,5,4,20,2,1,2,1,12
SF,IH2006,2020-06-17 10:47:33.200,2855.6000,18436,0,7491595260.000,0,-,-,-,-,2855.6000,2855.4000,2854.8000,2854.6000,2854.4000,2855.8000,2856.2000,2856.4000,2856.6000,2857.4000,1,4,2,6,4,1,2,1,12,2
SF,IH2006,2020-06-17 10:47:33.700,2855.6000,18436,0,7491595260.000,0,-,-,-,-,2855.6000,2855.4000,2854.8000,2854.6000,2854.4000,2856.2000,2856.4000,2856.6000,2857.4000,2857.6000,1,4,2,6,4,2,1,12,2,4
SF,IH2006,2020-06-17 10:47:34.200,2855.6000,18436,0,7491595260.000,0,-,-,-,-,2855.6000,2855.4000,2854.8000,2854.6000,2854.4000,2856.0000,2856.2000,2856.4000,2856.6000,2857.4000,1,4,2,6,4,3,2,1,12,2
SF,IH2006,2020-06-17 10:47:34.700,2855.6000,18436,0,7491595260.000,0,-,-,-,-,2855.8000,2855.6000,2855.4000,2854.8000,2854.6000,2856.0000,2856.2000,2856.4000,2856.6000,2857.4000,1,1,4,2,6,3,2,1,12,2
SF,IH2006,2020-06-17 10:47:35.200,2855.8000,18436,0,7492452000.000,1,0,1,空换,B,2855.4000,2854.8000,2854.6000,2854.4000,2854.0000,2855.8000,2856.0000,2856.2000,2856.4000,2856.6000,4,2,6,4,20,5,4,1,1,12
SF,IH2006,2020-06-17 10:47:35.700,2855.8000,18436,0,7492452000.000,0,-,-,-,-,2855.4000,2854.8000,2854.6000,2854.4000,2854.0000,2855.8000,2856.0000,2856.2000,2856.4000,2856.6000,6,2,6,4,20,1,4,1,1,11
SF,IH2006,2020-06-17 10:47:36.200,2855.8000,18436,0,7492452000.000,0,-,-,-,-,2855.6000,2855.4000,2854.8000,2854.6000,2854.4000,2856.0000,2856.2000,2856.4000,2856.6000,2856.8000,1,6,2,6,4,4,1,1,11,3
SF,IH2006,2020-06-17 10:47:37.700,2855.8000,18436,0,7492452000.000,0,-,-,-,-,2855.8000,2855.6000,2855.4000,2854.8000,2854.6000,2856.0000,2856.2000,2856.4000,2856.6000,2856.8000,1,2,6,2,6,4,1,1,11,3
SF,IH2006,2020-06-17 10:47:38.200,2855.8000,18436,0,7493308740.000,1,0,1,空换,B,2855.6000,2855.4000,2854.8000,2854.6000,2854.4000,2856.0000,2856.2000,2856.4000,2856.6000,2856.8000,2,6,2,6,4,4,1,1,11,3
SF,IH2006,2020-06-17 10:47:38.700,2855.8000,18436,0,7493308740.000,0,-,-,-,-,2855.6000,2855.4000,2854.8000,2854.6000,2854.4000,2856.0000,2856.2000,2856.4000,2856.6000,2856.8000,4,6,2,6,4,4,1,1,11,3
SF,IH2006,2020-06-17 10:47:39.200,2855.8000,18436,0,7493308740.000,0,-,-,-,-,2855.6000,2855.4000,2854.8000,2854.6000,2854.4000,2856.0000,2856.2000,2856.4000,2856.6000,2856.8000,5,6,2,6,4,1,1,1,11,3
SF,IH2006,2020-06-17 10:47:40.200,2855.8000,18436,0,7493308740.000,0,-,-,-,-,2855.6000,2855.4000,2854.8000,2854.6000,2854.4000,2856.0000,2856.2000,2856.6000,2856.8000,2857.4000,5,6,2,6,4,1,2,11,3,2
SF,IH2006,2020-06-17 10:47:42.700,2855.8000,18436,0,7493308740.000,0,-,-,-,-,2855.6000,2855.4000,2854.8000,2854.6000,2854.4000,2856.0000,2856.2000,2856.4000,2856.6000,2856.8000,5,6,2,6,4,1,2,1,11,3
SF,IH2006,2020-06-17 10:47:43.200,2855.8000,18436,0,7493308740.000,0,-,-,-,-,2855.6000,2855.4000,2854.8000,2854.6000,2854.4000,2856.0000,2856.2000,2856.4000,2856.6000,2856.8000,5,6,2,6,4,1,2,1,11,3
SF,IH2006,2020-06-17 10:47:43.700,2855.8000,18436,0,7493308740.000,0,-,-,-,-,2855.6000,2855.4000,2854.8000,2854.6000,2854.4000,2856.0000,2856.2000,2856.4000,2856.6000,2856.8000,4,6,2,6,4,5,2,1,11,3
SF,IH2006,2020-06-17 10:47:44.200,2855.8000,18436,0,7493308740.000,0,-,-,-,-,2855.6000,2855.4000,2854.8000,2854.6000,2854.4000,2856.0000,2856.2000,2856.4000,2856.6000,2856.8000,2,6,2,6,4,6,2,1,11,3
SF,IH2006,2020-06-17 10:47:44.700,2855.8000,18436,0,7493308740.000,0,-,-,-,-,2855.6000,2855.4000,2854.8000,2854.6000,2854.4000,2855.8000,2856.0000,2856.2000,2856.4000,2856.6000,2,6,2,6,4,1,6,2,1,11
SF,IH2006,2020-06-17 10:47:45.200,2855.8000,18436,0,7493308740.000,0,-,-,-,-,2855.6000,2855.4000,2854.8000,2854.6000,2854.4000,2855.8000,2856.0000,2856.2000,2856.4000,2856.6000,1,6,2,6,4,1,6,2,1,11
SF,IH2006,2020-06-17 10:47:45.700,2855.8000,18436,0,7493308740.000,0,-,-,-,-,2855.4000,2854.8000,2854.6000,2854.4000,2854.0000,2855.8000,2856.0000,2856.2000,2856.4000,2856.6000,5,2,6,4,20,2,6,2,1,11
SF,IH2006,2020-06-17 10:47:46.700,2855.8000,18436,0,7493308740.000,0,-,-,-,-,2855.4000,2854.8000,2854.6000,2854.4000,2854.0000,2855.6000,2855.8000,2856.0000,2856.2000,2856.4000,5,2,6,4,20,1,2,6,2,1
SF,IH2006,2020-06-17 10:47:47.200,2855.8000,18436,0,7493308740.000,0,-,-,-,-,2855.4000,2854.8000,2854.6000,2854.4000,2854.0000,2855.6000,2855.8000,2856.0000,2856.2000,2856.4000,5,2,6,4,20,3,2,6,2,1
SF,IH2006,2020-06-17 10:47:49.200,2855.8000,18436,0,7493308740.000,0,-,-,-,-,2855.4000,2854.8000,2854.6000,2854.4000,2854.0000,2855.6000,2855.8000,2856.0000,2856.2000,2856.4000,5,2,6,4,20,3,1,6,2,1
SF,IH2006,2020-06-17 10:47:49.700,2855.8000,18436,0,7493308740.000,0,-,-,-,-,2855.4000,2855.0000,2854.8000,2854.6000,2854.4000,2855.6000,2855.8000,2856.0000,2856.2000,2856.4000,5,1,2,6,4,3,1,6,2,1
SF,IH2006,2020-06-17 10:47:50.200,2855.8000,18436,0,7493308740.000,0,-,-,-,-,2855.4000,2855.0000,2854.8000,2854.6000,2854.4000,2855.6000,2855.8000,2856.0000,2856.2000,2856.4000,4,1,2,6,4,3,1,6,2,1
SF,IH2006,2020-06-17 10:47:50.700,2855.8000,18436,0,7493308740.000,0,-,-,-,-,2855.4000,2855.0000,2854.8000,2854.6000,2854.4000,2855.6000,2855.8000,2856.0000,2856.2000,2856.4000,5,1,2,6,4,3,1,6,2,1
SF,IH2006,2020-06-17 10:47:54.200,2855.8000,18436,0,7493308740.000,0,-,-,-,-,2855.4000,2855.0000,2854.8000,2854.6000,2854.4000,2855.6000,2855.8000,2856.0000,2856.2000,2856.4000,6,1,2,6,4,3,1,6,2,1
SF,IH2006,2020-06-17 10:47:54.700,2855.6000,18439,3,7495878780.000,3,3,0,双开,B,2855.4000,2855.0000,2854.8000,2854.6000,2854.4000,2855.8000,2856.0000,2856.2000,2856.4000,2856.6000,7,1,2,6,4,1,6,2,1,11
SF,IH2006,2020-06-17 10:47:55.200,2855.6000,18439,0,7495878780.000,0,-,-,-,-,2855.4000,2855.0000,2854.8000,2854.6000,2854.4000,2855.8000,2856.0000,2856.2000,2856.4000,2856.6000,7,21,2,6,4,1,6,2,1,11
SF,IH2006,2020-06-17 10:47:55.700,2855.6000,18439,0,7495878780.000,0,-,-,-,-,2855.8000,2855.6000,2855.4000,2855.0000,2854.8000,2856.0000,2856.2000,2856.4000,2856.6000,2856.8000,4,1,8,21,2,6,2,1,11,3
SF,IH2006,2020-06-17 10:47:56.200,2855.6000,18439,0,7495878780.000,0,-,-,-,-,2855.6000,2855.4000,2855.0000,2854.8000,2854.6000,2856.0000,2856.2000,2856.4000,2856.6000,2856.8000,1,8,21,2,6,6,2,1,11,3
SF,IH2006,2020-06-17 10:47:56.700,2855.6000,18439,0,7495878780.000,0,-,-,-,-,2855.6000,2855.4000,2855.0000,2854.8000,2854.6000,2856.0000,2856.2000,2856.4000,2856.6000,2856.8000,1,8,22,2,6,6,2,1,11,3
SF,IH2006,2020-06-17 10:47:58.200,2855.6000,18439,0,7495878780.000,0,-,-,-,-,2855.4000,2855.0000,2854.8000,2854.6000,2854.4000,2856.0000,2856.2000,2856.4000,2856.6000,2856.8000,8,22,2,6,3,6,2,1,11,3
SF,IH2006,2020-06-17 10:47:59.200,2855.6000,18439,0,7495878780.000,0,-,-,-,-,2855.4000,2855.0000,2854.8000,2854.6000,2854.4000,2855.8000,2856.0000,2856.2000,2856.4000,2856.6000,8,22,2,6,3,1,6,2,1,11
SF,IH2006,2020-06-17 10:47:59.700,2855.6000,18439,0,7495878780.000,0,-,-,-,-,2855.6000,2855.4000,2855.0000,2854.8000,2854.6000,2855.8000,2856.0000,2856.2000,2856.4000,2856.6000,2,8,22,2,4,1,6,2,1,11
SF,IH2006,2020-06-17 10:48:00.200,2855.6000,18439,0,7495878780.000,0,-,-,-,-,2855.6000,2855.4000,2855.0000,2854.8000,2854.6000,2855.8000,2856.0000,2856.2000,2856.4000,2856.6000,2,8,22,2,5,1,6,2,1,11
SF,IH2006,2020-06-17 10:48:00.700,2855.6000,18439,0,7498448880.000,3,1,2,空换,B,2855.4000,2855.0000,2854.8000,2854.6000,2854.4000,2856.0000,2856.2000,2856.4000,2856.6000,2856.8000,9,22,2,5,3,6,2,1,11,3
SF,IH2006,2020-06-17 10:48:01.200,2855.4000,18437,-2,7500162120.000,2,0,2,双平,B,2855.4000,2855.0000,2854.8000,2854.6000,2854.4000,2856.0000,2856.2000,2856.4000,2856.6000,2856.8000,7,22,2,5,3,6,2,1,11,3
SF,IH2006,2020-06-17 10:48:01.700,2855.4000,18437,0,7500162120.000,0,-,-,-,-,2855.6000,2855.4000,2855.0000,2854.8000,2854.6000,2855.8000,2856.0000,2856.2000,2856.4000,2856.6000,1,7,22,2,5,2,6,2,1,11
SF,IH2006,2020-06-17 10:48:02.200,2855.6000,18436,-1,7501018800.000,1,0,1,双平,B,2855.4000,2855.0000,2854.8000,2854.6000,2854.4000,2855.8000,2856.0000,2856.2000,2856.4000,2856.6000,7,22,2,5,3,2,6,2,1,11
SF,IH2006,2020-06-17 10:48:02.700,2855.4000,18436,0,7501875420.000,1,0,1,空换,B,2855.4000,2855.0000,2854.8000,2854.6000,2854.4000,2855.8000,2856.0000,2856.2000,2856.4000,2856.6000,6,22,2,5,3,2,6,2,1,12
SF,IH2006,2020-06-17 10:48:03.200,2855.8000,18437,1,7502732160.000,1,1,0,双开,B,2855.4000,2855.0000,2854.8000,2854.6000,2854.4000,2855.8000,2856.0000,2856.2000,2856.4000,2856.6000,6,22,2,5,3,1,6,2,1,12
SF,IH2006,2020-06-17 10:48:05.200,2855.8000,18437,0,7502732160.000,0,-,-,-,-,2855.4000,2855.0000,2854.8000,2854.6000,2854.4000,2855.8000,2856.0000,2856.2000,2856.4000,2856.6000,5,22,2,5,3,1,6,2,1,12
SF,IH2006,2020-06-17 10:48:05.700,2855.8000,18437,0,7502732160.000,0,-,-,-,-,2855.4000,2855.0000,2854.8000,2854.6000,2854.4000,2855.8000,2856.0000,2856.2000,2856.4000,2856.6000,4,22,2,5,3,1,6,2,1,12
SF,IH2006,2020-06-17 10:48:06.200,2855.8000,18437,0,7502732160.000,0,-,-,-,-,2855.4000,2855.0000,2854.8000,2854.6000,2854.4000,2855.8000,2856.0000,2856.2000,2856.4000,2856.6000,3,22,2,5,3,1,6,2,1,12
SF,IH2006,2020-06-17 10:48:06.700,2855.8000,18437,0,7502732160.000,0,-,-,-,-,2855.4000,2855.0000,2854.8000,2854.6000,2854.4000,2856.0000,2856.2000,2856.4000,2856.6000,2856.8000,3,22,2,5,3,6,2,1,12,3
SF,IH2006,2020-06-17 10:48:07.200,2855.8000,18437,0,7502732160.000,0,-,-,-,-,2855.4000,2855.0000,2854.8000,2854.6000,2854.4000,2855.8000,2856.0000,2856.2000,2856.4000,2856.6000,3,22,2,5,3,1,6,2,1,12
SF,IH2006,2020-06-17 10:48:07.700,2855.8000,18437,0,7502732160.000,0,-,-,-,-,2855.4000,2855.0000,2854.8000,2854.6000,2854.4000,2855.8000,2856.0000,2856.2000,2856.4000,2856.6000,2,22,2,5,3,6,6,2,1,12
SF,IH2006,2020-06-17 10:48:08.200,2855.8000,18437,0,7502732160.000,0,-,-,-,-,2855.4000,2855.0000,2854.8000,2854.6000,2854.4000,2855.8000,2856.0000,2856.2000,2856.4000,2856.6000,4,22,2,5,3,6,6,2,1,12
SF,IH2006,2020-06-17 10:48:08.700,2855.4000,18438,1,7504445400.000,2,1,1,多开,B,2855.4000,2855.0000,2854.8000,2854.6000,2854.4000,2855.8000,2856.0000,2856.2000,2856.4000,2856.6000,5,22,2,5,3,5,6,2,1,12
SF,IH2006,2020-06-17 10:48:10.700,2855.8000,18439,1,7505302140.000,1,1,0,双开,B,2855.8000,2855.6000,2855.4000,2855.0000,2854.8000,2856.0000,2856.2000,2856.4000,2856.6000,2856.8000,1,1,8,22,2,6,2,1,12,3
SF,IH2006,2020-06-17 10:48:11.200,2855.8000,18439,0,7505302140.000,0,-,-,-,-,2855.8000,2855.4000,2855.0000,2854.8000,2854.6000,2856.0000,2856.2000,2856.4000,2856.6000,2856.8000,1,8,22,2,6,5,2,1,12,3
SF,IH2006,2020-06-17 10:48:11.700,2856.0000,18441,2,7509586140.000,5,3,2,多开,B,2856.0000,2855.8000,2855.6000,2855.4000,2855.0000,2856.2000,2856.4000,2856.6000,2856.8000,2857.0000,7,2,1,7,22,2,1,12,3,2
SF,IH2006,2020-06-17 10:48:12.200,2856.4000,18439,-2,7512156780.000,3,0,3,空平,B,2856.4000,2856.2000,2856.0000,2855.8000,2855.6000,2856.6000,2856.8000,2857.0000,2857.2000,2857.4000,3,11,4,2,1,12,3,2,2,2
SF,IH2006,2020-06-17 10:48:12.700,2856.6000,18441,2,7515584700.000,4,3,1,多开,B,2856.2000,2856.0000,2855.8000,2855.6000,2855.4000,2856.6000,2856.8000,2857.0000,2857.2000,2857.4000,4,4,2,1,7,8,3,2,2,2
SF,IH2006,2020-06-17 10:48:13.200,2856.6000,18441,0,7515584700.000,0,-,-,-,-,2856.4000,2856.2000,2856.0000,2855.8000,2855.6000,2856.6000,2856.8000,2857.0000,2857.2000,2857.4000,1,6,4,2,1,8,3,2,2,2
SF,IH2006,2020-06-17 10:48:13.700,2856.4000,18441,0,7516441620.000,1,0,1,空换,B,2856.2000,2856.0000,2855.8000,2855.6000,2855.4000,2856.6000,2856.8000,2857.0000,2857.2000,2857.4000,1,4,2,1,6,9,3,2,2,2
SF,IH2006,2020-06-17 10:48:14.200,2856.4000,18441,0,7516441620.000,0,-,-,-,-,2856.2000,2856.0000,2855.8000,2855.6000,2855.4000,2856.4000,2856.6000,2856.8000,2857.0000,2857.2000,1,4,2,1,6,1,9,3,2,2
SF,IH2006,2020-06-17 10:48:14.700,2856.4000,18441,0,7516441620.000,0,-,-,-,-,2856.0000,2855.8000,2855.4000,2855.0000,2854.8000,2856.4000,2856.6000,2856.8000,2857.0000,2857.2000,2,2,3,22,2,2,9,3,2,2
SF,IH2006,2020-06-17 10:48:15.200,2856.4000,18441,0,7516441620.000,0,-,-,-,-,2856.0000,2855.8000,2855.4000,2855.0000,2854.8000,2856.4000,2856.6000,2856.8000,2857.0000,2857.2000,1,2,2,22,2,1,9,3,2,2
SF,IH2006,2020-06-17 10:48:15.700,2856.4000,18441,0,7516441620.000,0,-,-,-,-,2855.8000,2855.4000,2855.0000,2854.8000,2854.6000,2856.0000,2856.2000,2856.4000,2856.6000,2856.8000,2,2,22,2,6,1,3,2,9,3
SF,IH2006,2020-06-17 10:48:16.200,2856.2000,18439,-2,7519012140.000,3,0,3,空平,B,2856.0000,2855.8000,2855.4000,2855.0000,2854.8000,2856.4000,2856.6000,2856.8000,2857.0000,2857.2000,9,2,2,22,2,1,9,3,2,2
SF,IH2006,2020-06-17 10:48:16.700,2856.2000,18439,0,7519012140.000,0,-,-,-,-,2856.0000,2855.8000,2855.4000,2855.0000,2854.8000,2856.2000,2856.6000,2856.8000,2857.0000,2857.2000,5,2,2,22,2,1,9,3,2,2
SF,IH2006,2020-06-17 10:48:17.200,2856.0000,18438,-1,7519868940.000,1,0,1,双平,B,2856.0000,2855.8000,2855.4000,2855.0000,2854.8000,2856.2000,2856.6000,2856.8000,2857.0000,2857.2000,3,2,2,22,2,1,9,3,2,2
SF,IH2006,2020-06-17 10:48:17.700,2856.0000,18438,0,7519868940.000,0,-,-,-,-,2856.0000,2855.8000,2855.4000,2855.0000,2854.8000,2856.2000,2856.6000,2856.8000,2857.0000,2857.2000,4,2,2,22,2,1,9,3,2,2
SF,IH2006,2020-06-17 10:48:18.200,2856.0000,18438,0,7519868940.000,0,-,-,-,-,2856.0000,2855.8000,2855.4000,2855.0000,2854.8000,2856.2000,2856.6000,2856.8000,2857.0000,2857.2000,5,2,2,22,2,1,9,3,2,2
SF,IH2006,2020-06-17 10:48:19.700,2856.0000,18438,0,7519868940.000,0,-,-,-,-,2856.0000,2855.8000,2855.4000,2855.0000,2854.8000,2856.2000,2856.6000,2856.8000,2857.0000,2857.2000,5,2,1,22,2,1,9,3,2,2
SF,IH2006,2020-06-17 10:48:20.200,2856.0000,18438,0,7519868940.000,0,-,-,-,-,2856.0000,2855.8000,2855.4000,2855.0000,2854.8000,2856.2000,2856.6000,2856.8000,2857.0000,2857.2000,6,2,1,22,2,1,9,3,2,2
SF,IH2006,2020-06-17 10:48:21.200,2856.0000,18438,0,7519868940.000,0,-,-,-,-,2856.0000,2855.8000,2855.4000,2855.0000,2854.8000,2856.2000,2856.6000,2856.8000,2857.0000,2857.2000,6,2,1,22,2,1,9,5,2,2
SF,IH2006,2020-06-17 10:48:23.700,2856.0000,18438,0,7519868940.000,0,-,-,-,-,2856.0000,2855.8000,2855.4000,2855.0000,2854.8000,2856.2000,2856.6000,2856.8000,2857.0000,2857.2000,5,2,1,22,2,1,9,5,2,2
SF,IH2006,2020-06-17 10:48:24.200,2856.2000,18437,-1,7520725800.000,1,0,1,双平,B,2856.2000,2856.0000,2855.8000,2855.4000,2855.0000,2856.6000,2856.8000,2857.0000,2857.2000,2857.4000,3,6,2,1,22,9,5,2,2,2
SF,IH2006,2020-06-17 10:48:24.700,2856.6000,18437,0,7521582780.000,1,0,1,空换,B,2856.2000,2856.0000,2855.8000,2855.4000,2855.0000,2856.6000,2856.8000,2857.0000,2857.2000,2857.4000,1,6,2,1,22,8,5,2,2,2
SF,IH2006,2020-06-17 10:48:25.200,2856.6000,18437,0,7521582780.000,0,-,-,-,-,2856.4000,2856.2000,2856.0000,2855.8000,2855.4000,2856.6000,2856.8000,2857.0000,2857.2000,2857.4000,2,2,6,2,1,8,5,2,2,2
SF,IH2006,2020-06-17 10:48:25.700,2856.6000,18437,0,7522439760.000,1,0,1,空换,B,2856.4000,2856.2000,2856.0000,2855.8000,2855.4000,2856.6000,2856.8000,2857.0000,2857.2000,2857.4000,2,2,6,2,1,7,5,2,2,2
SF,IH2006,2020-06-17 10:48:26.200,2856.4000,18436,-1,7523296680.000,1,0,1,双平,B,2856.4000,2856.2000,2856.0000,2855.8000,2855.4000,2856.6000,2856.8000,2857.0000,2857.2000,2857.4000,1,2,6,2,1,6,5,2,2,2
SF,IH2006,2020-06-17 10:48:26.700,2856.4000,18436,0,7523296680.000,0,-,-,-,-,2856.4000,2856.2000,2856.0000,2855.8000,2855.4000,2856.6000,2856.8000,2857.0000,2857.2000,2857.4000,1,3,6,2,1,6,5,2,2,2
SF,IH2006,2020-06-17 10:48:27.200,2856.6000,18436,0,7524153660.000,1,0,1,空换,B,2856.4000,2856.2000,2856.0000,2855.8000,2855.4000,2856.6000,2856.8000,2857.0000,2857.2000,2857.4000,1,3,6,2,1,5,5,2,2,2
SF,IH2006,2020-06-17 10:48:27.700,2856.4000,18435,-1,7526724540.000,3,1,2,空平,B,2856.2000,2856.0000,2855.8000,2855.4000,2855.0000,2856.6000,2856.8000,2857.0000,2857.2000,2857.4000,3,6,2,1,21,3,5,2,2,2
SF,IH2006,2020-06-17 10:48:28.200,2856.4000,18435,0,7526724540.000,0,-,-,-,-,2856.4000,2856.2000,2856.0000,2855.8000,2855.4000,2856.6000,2856.8000,2857.0000,2857.2000,2857.4000,1,6,6,2,1,3,5,2,2,2
SF,IH2006,2020-06-17 10:48:28.700,2856.4000,18435,0,7526724540.000,0,-,-,-,-,2856.4000,2856.2000,2856.0000,2855.8000,2855.4000,2856.6000,2856.8000,2857.0000,2857.2000,2857.4000,2,6,6,1,1,3,5,2,2,2
SF,IH2006,2020-06-17 10:48:29.200,2856.4000,18435,0,7526724540.000,0,-,-,-,-,2856.4000,2856.2000,2856.0000,2855.8000,2855.6000,2856.6000,2856.8000,2857.0000,2857.2000,2857.4000,2,6,6,1,1,3,5,2,2,2
SF,IH2006,2020-06-17 10:48:30.200,2856.6000,18435,0,7528438500.000,2,1,1,空换,B,2856.4000,2856.2000,2856.0000,2855.8000,2855.6000,2856.6000,2856.8000,2857.0000,2857.2000,2857.4000,2,5,6,1,1,1,5,2,2,2
SF,IH2006,2020-06-17 10:48:30.700,2856.6000,18435,0,7529295480.000,1,0,1,空换,B,2856.6000,2856.4000,2856.2000,2856.0000,2855.8000,2856.8000,2857.0000,2857.2000,2857.4000,2857.6000,1,2,5,6,1,5,2,2,2,4
SF,IH2006,2020-06-17 10:48:31.200,2856.6000,18435,0,7529295480.000,0,-,-,-,-,2856.6000,2856.4000,2856.2000,2856.0000,2855.8000,2856.8000,2857.0000,2857.2000,2857.4000,2857.6000,4,2,5,3,1,5,2,2,1,4
SF,IH2006,2020-06-17 10:48:31.700,2856.6000,18435,0,7529295480.000,0,-,-,-,-,2856.6000,2856.4000,2856.2000,2856.0000,2855.8000,2856.8000,2857.0000,2857.2000,2857.4000,2857.6000,5,2,6,3,1,5,2,2,1,4
SF,IH2006,2020-06-17 10:48:33.200,2856.8000,18435,0,7530152520.000,1,0,1,空换,B,2856.6000,2856.4000,2856.2000,2856.0000,2855.8000,2856.8000,2857.0000,2857.2000,2857.4000,2857.6000,5,2,6,3,1,4,2,3,1,4
SF,IH2006,2020-06-17 10:48:33.700,2856.8000,18435,0,7530152520.000,0,-,-,-,-,2856.6000,2856.4000,2856.2000,2856.0000,2855.8000,2856.8000,2857.0000,2857.2000,2857.4000,2857.6000,4,1,6,3,1,4,2,3,1,4
SF,IH2006,2020-06-17 10:48:34.700,2856.8000,18435,0,7530152520.000,0,-,-,-,-,2856.6000,2856.4000,2856.2000,2856.0000,2855.8000,2856.8000,2857.0000,2857.2000,2857.4000,2857.6000,4,1,5,3,1,4,2,3,1,4
SF,IH2006,2020-06-17 10:48:35.200,2856.8000,18435,0,7534437720.000,5,2,3,空换,B,2856.8000,2856.6000,2856.4000,2856.2000,2856.0000,2857.0000,2857.2000,2857.4000,2857.6000,2857.8000,1,4,1,5,3,2,3,1,4,4
SF,IH2006,2020-06-17 10:48:35.700,2856.8000,18434,-1,7535294760.000,1,0,1,双平,B,2856.6000,2856.4000,2856.2000,2856.0000,2855.8000,2857.0000,2857.2000,2857.4000,2857.6000,2857.8000,4,1,5,3,1,3,3,1,4,4
SF,IH2006,2020-06-17 10:48:36.200,2857.0000,18433,-1,7537866060.000,3,1,2,空平,B,2857.0000,2856.6000,2856.4000,2856.2000,2856.0000,2857.2000,2857.4000,2857.6000,2857.8000,2858.0000,3,4,1,5,3,3,1,4,4,6
SF,IH2006,2020-06-17 10:48:37.200,2857.0000,18433,0,7537866060.000,0,-,-,-,-,2857.0000,2856.6000,2856.4000,2856.2000,2856.0000,2857.2000,2857.4000,2857.6000,2857.8000,2858.0000,3,4,1,5,2,3,1,4,4,6
SF,IH2006,2020-06-17 10:48:37.700,2857.0000,18433,0,7537866060.000,0,-,-,-,-,2857.0000,2856.6000,2856.4000,2856.2000,2856.0000,2857.2000,2857.4000,2857.6000,2857.8000,2858.0000,3,5,1,5,2,3,1,3,4,6
SF,IH2006,2020-06-17 10:48:38.200,2857.4000,18431,-2,7542151860.000,5,1,4,空平,B,2857.4000,2857.2000,2856.6000,2856.4000,2856.2000,2857.6000,2857.8000,2858.0000,2858.6000,2858.8000,1,3,5,1,5,3,4,6,2,1
SF,IH2006,2020-06-17 10:48:38.700,2857.2000,18429,-2,7545580560.000,4,1,3,空平,B,2856.6000,2856.4000,2856.2000,2856.0000,2855.8000,2857.2000,2857.4000,2857.6000,2857.8000,2858.0000,4,1,5,2,1,4,9,3,4,6
SF,IH2006,2020-06-17 10:48:39.200,2856.6000,18427,-2,7549866360.000,5,1,4,空平,B,2856.6000,2856.4000,2856.2000,2856.0000,2855.8000,2857.8000,2858.0000,2858.6000,2858.8000,2859.2000,4,1,5,2,1,4,6,3,1,1
SF,IH2006,2020-06-17 10:48:39.700,2857.4000,18426,-1,7551580800.000,2,0,2,空平,B,2856.8000,2856.6000,2856.4000,2856.2000,2856.0000,2857.4000,2857.6000,2857.8000,2858.0000,2858.6000,4,6,1,4,2,1,6,4,6,4
SF,IH2006,2020-06-17 10:48:40.200,2857.4000,18426,0,7551580800.000,0,-,-,-,-,2856.8000,2856.6000,2856.4000,2856.2000,2856.0000,2857.4000,2857.6000,2857.8000,2858.0000,2858.6000,4,6,1,4,2,1,4,5,6,4
SF,IH2006,2020-06-17 10:48:40.700,2856.8000,18426,0,7552437840.000,1,0,1,空换,B,2856.8000,2856.6000,2856.4000,2856.2000,2856.0000,2857.4000,2857.6000,2857.8000,2858.0000,2858.6000,3,5,1,4,2,3,2,5,6,4
SF,IH2006,2020-06-17 10:48:41.200,2857.4000,18425,-1,7554152280.000,2,0,2,空平,B,2856.8000,2856.6000,2856.4000,2856.2000,2856.0000,2857.4000,2857.6000,2857.8000,2858.0000,2858.6000,3,5,1,4,2,1,2,5,6,4
SF,IH2006,2020-06-17 10:48:41.700,2857.4000,18425,0,7554152280.000,0,-,-,-,-,2856.8000,2856.6000,2856.4000,2856.2000,2856.0000,2857.4000,2857.6000,2857.8000,2858.0000,2858.6000,3,5,1,4,2,1,2,5,6,4
SF,IH2006,2020-06-17 10:48:42.700,2857.4000,18425,0,7554152280.000,0,-,-,-,-,2856.8000,2856.6000,2856.4000,2856.2000,2856.0000,2857.2000,2857.4000,2857.6000,2857.8000,2858.0000,3,5,1,4,2,1,2,2,5,6
SF,IH2006,2020-06-17 10:48:43.200,2857.4000,18425,0,7554152280.000,0,-,-,-,-,2856.8000,2856.6000,2856.4000,2856.2000,2856.0000,2857.2000,2857.4000,2857.6000,2857.8000,2858.0000,2,4,1,4,2,1,2,1,5,6
SF,IH2006,2020-06-17 10:48:43.700,2857.4000,18425,0,7555009500.000,1,0,1,空换,B,2856.8000,2856.6000,2856.4000,2856.2000,2856.0000,2857.4000,2857.6000,2857.8000,2858.0000,2858.6000,2,4,1,4,2,2,1,5,6,4
SF,IH2006,2020-06-17 10:48:44.200,2857.4000,18425,0,7555009500.000,0,-,-,-,-,2856.8000,2856.6000,2856.4000,2856.2000,2856.0000,2857.2000,2857.4000,2857.6000,2857.8000,2858.0000,2,4,1,4,2,1,2,1,5,6
SF,IH2006,2020-06-17 10:48:44.700,2857.4000,18425,0,7555009500.000,0,-,-,-,-,2856.8000,2856.6000,2856.4000,2856.2000,2856.0000,2857.2000,2857.4000,2857.8000,2858.0000,2858.6000,2,4,1,4,2,7,2,5,6,4
SF,IH2006,2020-06-17 10:48:45.700,2857.4000,18425,0,7555009500.000,0,-,-,-,-,2856.8000,2856.6000,2856.4000,2856.2000,2856.0000,2857.2000,2857.4000,2857.8000,2858.0000,2858.6000,2,4,1,3,2,6,2,5,6,4
SF,IH2006,2020-06-17 10:48:46.200,2857.4000,18425,0,7555009500.000,0,-,-,-,-,2856.8000,2856.6000,2856.4000,2856.2000,2856.0000,2857.2000,2857.4000,2857.8000,2858.0000,2858.6000,2,4,1,4,2,6,2,5,6,4
SF,IH2006,2020-06-17 10:48:48.200,2857.4000,18425,0,7555009500.000,0,-,-,-,-,2856.8000,2856.6000,2856.4000,2856.2000,2856.0000,2857.0000,2857.2000,2857.4000,2857.8000,2858.0000,2,4,1,4,2,1,6,2,7,6
SF,IH2006,2020-06-17 10:48:48.700,2857.4000,18425,0,7555009500.000,0,-,-,-,-,2856.8000,2856.6000,2856.4000,2856.2000,2856.0000,2857.0000,2857.2000,2857.4000,2857.8000,2858.0000,2,4,1,4,2,1,5,2,7,6
SF,IH2006,2020-06-17 10:48:49.200,2857.0000,18424,-1,7555866600.000,1,0,1,双平,B,2857.0000,2856.8000,2856.6000,2856.4000,2856.2000,2857.2000,2857.4000,2857.8000,2858.0000,2858.6000,1,2,4,1,4,5,2,7,6,4
SF,IH2006,2020-06-17 10:48:49.700,2857.0000,18424,0,7555866600.000,0,-,-,-,-,2857.0000,2856.8000,2856.6000,2856.4000,2856.2000,2857.2000,2857.4000,2857.8000,2858.0000,2858.6000,1,2,4,1,4,4,1,7,6,4
SF,IH2006,2020-06-17 10:48:50.200,2857.0000,18424,0,7555866600.000,0,-,-,-,-,2857.0000,2856.8000,2856.6000,2856.4000,2856.2000,2857.2000,2857.4000,2857.8000,2858.0000,2858.6000,1,2,4,1,4,2,1,7,6,4
SF,IH2006,2020-06-17 10:48:51.200,2857.0000,18424,0,7555866600.000,0,-,-,-,-,2857.0000,2856.8000,2856.6000,2856.4000,2856.2000,2857.2000,2857.4000,2857.8000,2858.0000,2858.6000,1,2,4,1,3,1,1,7,6,4
SF,IH2006,2020-06-17 10:48:51.700,2857.0000,18424,0,7555866600.000,0,-,-,-,-,2857.0000,2856.8000,2856.6000,2856.4000,2856.2000,2857.2000,2857.4000,2857.8000,2858.0000,2858.6000,1,2,4,1,3,1,1,7,6,4
SF,IH2006,2020-06-17 10:48:53.700,2857.0000,18424,0,7555866600.000,0,-,-,-,-,2857.0000,2856.8000,2856.6000,2856.4000,2856.2000,2857.2000,2857.4000,2857.8000,2858.0000,2858.6000,2,2,4,1,3,1,1,7,6,4
SF,IH2006,2020-06-17 10:48:54.200,2857.4000,18424,0,7557580980.000,2,1,1,空换,B,2857.4000,2857.2000,2857.0000,2856.8000,2856.6000,2857.8000,2858.0000,2858.6000,2858.8000,2859.2000,2,8,2,2,4,7,6,4,2,1
SF,IH2006,2020-06-17 10:48:54.700,2857.4000,18424,0,7557580980.000,0,-,-,-,-,2857.6000,2857.2000,2857.0000,2856.8000,2856.6000,2857.8000,2858.0000,2858.6000,2858.8000,2859.2000,1,4,2,1,2,7,6,4,2,1
SF,IH2006,2020-06-17 10:48:55.200,2857.6000,18423,-1,7560152820.000,3,1,2,空平,B,2857.2000,2857.0000,2856.6000,2856.4000,2856.2000,2857.8000,2858.0000,2858.6000,2858.8000,2859.2000,3,2,2,1,3,7,6,4,2,1
SF,IH2006,2020-06-17 10:48:55.700,2857.6000,18422,-1,7561010100.000,1,0,1,双平,B,2857.4000,2857.2000,2857.0000,2856.6000,2856.4000,2857.6000,2857.8000,2858.0000,2858.6000,2858.8000,1,1,2,2,1,3,7,6,4,2
SF,IH2006,2020-06-17 10:48:56.200,2857.6000,18422,0,7561010100.000,0,-,-,-,-,2857.4000,2857.0000,2856.6000,2856.4000,2856.2000,2857.6000,2857.8000,2858.0000,2858.6000,2858.8000,2,2,2,1,3,1,7,6,4,2
SF,IH2006,2020-06-17 10:48:56.700,2857.4000,18421,-1,7561867320.000,1,0,1,双平,B,2857.4000,2857.0000,2856.6000,2856.4000,2856.2000,2857.6000,2857.8000,2858.0000,2858.6000,2858.8000,1,2,2,1,3,1,7,6,4,2
SF,IH2006,2020-06-17 10:48:57.200,2857.4000,18420,-1,7562724540.000,1,0,1,双平,B,2857.0000,2856.6000,2856.4000,2856.2000,2856.0000,2857.4000,2857.6000,2857.8000,2858.0000,2858.6000,2,2,1,3,2,4,1,7,6,4
SF,IH2006,2020-06-17 10:48:57.700,2857.4000,18420,0,7562724540.000,0,-,-,-,-,2857.0000,2856.6000,2856.4000,2856.2000,2856.0000,2857.6000,2857.8000,2858.0000,2858.6000,2858.8000,2,2,1,3,2,1,7,6,4,2
SF,IH2006,2020-06-17 10:48:58.200,2857.4000,18420,0,7562724540.000,0,-,-,-,-,2857.0000,2856.8000,2856.6000,2856.4000,2856.2000,2857.6000,2857.8000,2858.0000,2858.6000,2858.8000,3,1,2,1,3,1,7,6,4,2
SF,IH2006,2020-06-17 10:48:59.200,2857.4000,18420,0,7562724540.000,0,-,-,-,-,2857.0000,2856.8000,2856.6000,2856.4000,2856.2000,2857.4000,2857.6000,2857.8000,2858.0000,2858.6000,3,1,2,1,3,1,2,7,6,4
SF,IH2006,2020-06-17 10:48:59.700,2857.4000,18422,2,7564438980.000,2,2,0,双开,B,2857.0000,2856.8000,2856.6000,2856.4000,2856.2000,2857.6000,2857.8000,2858.0000,2858.6000,2858.8000,3,1,2,1,3,2,7,6,4,2
SF,IH2006,2020-06-17 10:49:00.200,2857.4000,18422,0,7564438980.000,0,-,-,-,-,2857.0000,2856.8000,2856.6000,2856.4000,2856.2000,2857.6000,2857.8000,2858.0000,2858.6000,2858.8000,3,1,2,1,3,2,7,6,4,2
SF,IH2006,2020-06-17 10:49:00.700,2857.4000,18422,0,7564438980.000,0,-,-,-,-,2857.0000,2856.8000,2856.6000,2856.4000,2856.2000,2857.4000,2857.6000,2857.8000,2858.0000,2858.6000,3,1,2,1,3,1,2,7,6,4
SF,IH2006,2020-06-17 10:49:01.200,2857.4000,18422,0,7564438980.000,0,-,-,-,-,2857.2000,2857.0000,2856.8000,2856.6000,2856.4000,2857.4000,2857.6000,2857.8000,2858.0000,2858.6000,1,4,1,2,1,1,2,7,6,4
SF,IH2006,2020-06-17 10:49:02.200,2857.4000,18423,1,7566153360.000,2,1,1,多开,B,2857.0000,2856.8000,2856.6000,2856.4000,2856.2000,2857.6000,2857.8000,2858.0000,2858.6000,2858.8000,4,1,2,1,3,2,7,6,4,2
SF,IH2006,2020-06-17 10:49:03.200,2857.4000,18423,0,7566153360.000,0,-,-,-,-,2857.0000,2856.8000,2856.6000,2856.4000,2856.2000,2857.4000,2857.6000,2857.8000,2858.0000,2858.6000,4,1,2,1,3,3,2,7,6,4
SF,IH2006,2020-06-17 10:49:03.700,2857.4000,18423,0,7566153360.000,0,-,-,-,-,2857.0000,2856.8000,2856.6000,2856.4000,2856.2000,2857.4000,2857.6000,2857.8000,2858.0000,2858.6000,4,1,2,1,3,3,1,7,6,4
SF,IH2006,2020-06-17 10:49:04.200,2857.4000,18422,-1,7567010580.000,1,0,1,双平,B,2857.0000,2856.8000,2856.6000,2856.4000,2856.2000,2857.2000,2857.4000,2857.6000,2857.8000,2858.0000,5,1,2,1,3,1,2,1,7,6
SF,IH2006,2020-06-17 10:49:04.700,2857.2000,18422,0,7567867740.000,1,0,1,空换,B,2857.2000,2857.0000,2856.8000,2856.6000,2856.4000,2857.4000,2857.6000,2857.8000,2858.0000,2858.6000,3,5,1,2,1,2,1,7,6,4
SF,IH2006,2020-06-17 10:49:05.200,2857.2000,18422,0,7567867740.000,0,-,-,-,-,2857.2000,2857.0000,2856.8000,2856.6000,2856.4000,2857.4000,2857.6000,2857.8000,2858.0000,2858.6000,1,5,1,2,1,2,1,7,6,4
SF,IH2006,2020-06-17 10:49:05.700,2857.2000,18422,0,7567867740.000,0,-,-,-,-,2857.2000,2857.0000,2856.8000,2856.6000,2856.4000,2857.4000,2857.6000,2857.8000,2858.0000,2858.6000,2,5,1,2,1,2,1,7,6,4
SF,IH2006,2020-06-17 10:49:06.700,2857.2000,18422,0,7567867740.000,0,-,-,-,-,2857.2000,2857.0000,2856.8000,2856.6000,2856.4000,2857.4000,2857.6000,2857.8000,2858.0000,2858.6000,2,5,1,2,1,2,1,5,6,4
SF,IH2006,2020-06-17 10:49:08.200,2857.2000,18422,0,7567867740.000,0,-,-,-,-,2857.2000,2857.0000,2856.8000,2856.6000,2856.4000,2857.4000,2857.6000,2857.8000,2858.0000,2858.6000,3,5,1,2,1,2,1,5,6,4
SF,IH2006,2020-06-17 10:49:08.700,2857.2000,18422,0,7567867740.000,0,-,-,-,-,2857.2000,2857.0000,2856.8000,2856.6000,2856.4000,2857.4000,2857.6000,2857.8000,2858.0000,2858.4000,3,4,1,2,1,2,1,5,6,1
SF,IH2006,2020-06-17 10:49:09.200,2857.4000,18422,0,7568724960.000,1,0,1,空换,B,2857.2000,2857.0000,2856.8000,2856.6000,2856.4000,2857.4000,2857.6000,2857.8000,2858.0000,2858.4000,3,4,1,2,1,1,1,5,6,1
SF,IH2006,2020-06-17 10:49:09.700,2857.2000,18422,0,7569582120.000,1,0,1,空换,B,2857.2000,2857.0000,2856.8000,2856.6000,2856.4000,2857.6000,2857.8000,2858.0000,2858.4000,2858.6000,2,4,1,2,1,1,5,6,1,4
SF,IH2006,2020-06-17 10:49:10.200,2857.0000,18420,-2,7572153540.000,3,0,3,空平,B,2857.0000,2856.8000,2856.6000,2856.4000,2856.2000,2857.2000,2857.4000,2857.6000,2857.8000,2858.0000,2,1,2,1,3,1,5,2,5,6
SF,IH2006,2020-06-17 10:49:10.700,2857.0000,18417,-3,7574724900.000,3,0,3,双平,B,2856.8000,2856.6000,2856.4000,2856.2000,2856.0000,2857.0000,2857.4000,2857.6000,2857.8000,2858.0000,1,2,1,3,2,1,4,2,5,3
SF,IH2006,2020-06-17 10:49:11.200,2857.0000,18415,-2,7576439040.000,2,0,2,双平,B,2856.6000,2856.4000,2856.2000,2856.0000,2855.8000,2857.0000,2857.4000,2857.6000,2857.8000,2858.0000,2,1,3,2,1,1,1,2,5,3
SF,IH2006,2020-06-17 10:49:11.700,2857.0000,18415,0,7576439040.000,0,-,-,-,-,2856.6000,2856.4000,2856.2000,2856.0000,2855.8000,2857.4000,2857.6000,2857.8000,2858.0000,2858.4000,4,1,3,2,1,1,1,5,3,1
SF,IH2006,2020-06-17 10:49:12.200,2857.0000,18415,0,7576439040.000,0,-,-,-,-,2856.6000,2856.4000,2856.2000,2856.0000,2855.8000,2856.8000,2857.2000,2857.4000,2857.6000,2857.8000,2,1,3,2,1,8,7,2,1,5
SF,IH2006,2020-06-17 10:49:12.700,2856.8000,18415,0,7578153120.000,2,1,1,空换,B,2856.6000,2856.4000,2856.2000,2856.0000,2855.8000,2857.2000,2857.4000,2857.6000,2857.8000,2858.0000,2,1,3,2,1,5,2,1,5,3
SF,IH2006,2020-06-17 10:49:13.200,2856.8000,18415,0,7578153120.000,0,-,-,-,-,2856.8000,2856.6000,2856.4000,2856.2000,2856.0000,2857.0000,2857.2000,2857.4000,2857.6000,2857.8000,4,1,1,3,2,1,3,2,1,5
SF,IH2006,2020-06-17 10:49:13.700,2857.0000,18415,0,7579010220.000,1,0,1,空换,B,2856.8000,2856.6000,2856.4000,2856.2000,2856.0000,2857.2000,2857.4000,2857.6000,2857.8000,2858.0000,4,1,1,3,2,3,2,1,5,3
SF,IH2006,2020-06-17 10:49:15.700,2857.0000,18415,0,7579010220.000,0,-,-,-,-,2857.0000,2856.8000,2856.6000,2856.4000,2856.2000,2857.2000,2857.4000,2857.6000,2857.8000,2858.0000,1,4,1,1,3,3,2,1,5,3
SF,IH2006,2020-06-17 10:49:16.200,2857.0000,18415,0,7579010220.000,0,-,-,-,-,2857.0000,2856.8000,2856.6000,2856.4000,2856.2000,2857.4000,2857.6000,2857.8000,2858.0000,2858.4000,1,4,1,1,3,2,1,5,3,1
SF,IH2006,2020-06-17 10:49:17.200,2857.0000,18415,0,7579010220.000,0,-,-,-,-,2857.0000,2856.8000,2856.6000,2856.4000,2856.2000,2857.4000,2857.6000,2857.8000,2858.0000,2858.4000,1,4,1,1,3,1,1,5,3,1
SF,IH2006,2020-06-17 10:49:17.700,2857.0000,18415,0,7579010220.000,0,-,-,-,-,2857.0000,2856.8000,2856.6000,2856.4000,2856.2000,2857.6000,2857.8000,2858.0000,2858.4000,2858.6000,3,4,1,1,3,1,5,3,1,4
SF,IH2006,2020-06-17 10:49:18.200,2857.0000,18415,0,7579010220.000,0,-,-,-,-,2857.0000,2856.8000,2856.6000,2856.4000,2856.2000,2857.6000,2857.8000,2858.0000,2858.4000,2858.6000,3,4,1,1,3,1,5,3,1,4
SF,IH2006,2020-06-17 10:49:18.700,2857.0000,18415,0,7579010220.000,0,-,-,-,-,2857.2000,2857.0000,2856.8000,2856.6000,2856.4000,2857.6000,2857.8000,2858.0000,2858.4000,2858.6000,3,3,4,1,1,1,5,3,1,4
SF,IH2006,2020-06-17 10:49:19.200,2857.0000,18415,0,7579010220.000,0,-,-,-,-,2857.2000,2857.0000,2856.8000,2856.6000,2856.4000,2857.6000,2857.8000,2858.0000,2858.4000,2858.6000,3,3,4,1,1,2,5,3,1,4
SF,IH2006,2020-06-17 10:49:19.700,2857.2000,18414,-1,7579867380.000,1,0,1,双平,B,2857.2000,2857.0000,2856.8000,2856.6000,2856.4000,2857.6000,2857.8000,2858.0000,2858.4000,2858.6000,2,3,4,1,1,2,5,3,1,4
SF,IH2006,2020-06-17 10:49:20.200,2857.2000,18414,0,7579867380.000,0,-,-,-,-,2857.2000,2857.0000,2856.8000,2856.6000,2856.4000,2857.6000,2857.8000,2858.0000,2858.4000,2858.6000,3,3,4,1,1,2,5,3,1,4
SF,IH2006,2020-06-17 10:49:20.700,2857.2000,18414,0,7579867380.000,0,-,-,-,-,2857.4000,2857.2000,2857.0000,2856.8000,2856.6000,2857.6000,2857.8000,2858.0000,2858.4000,2858.6000,1,3,3,4,1,2,5,3,1,4
SF,IH2006,2020-06-17 10:49:22.200,2857.2000,18414,0,7579867380.000,0,-,-,-,-,2857.4000,2857.2000,2857.0000,2856.8000,2856.6000,2857.6000,2857.8000,2858.0000,2858.4000,2858.6000,1,3,3,4,1,2,5,3,1,4
SF,IH2006,2020-06-17 10:49:22.700,2857.2000,18414,0,7579867380.000,0,-,-,-,-,2857.4000,2857.2000,2857.0000,2856.8000,2856.6000,2857.6000,2857.8000,2858.0000,2858.4000,2858.6000,1,3,2,4,1,4,5,3,1,4
SF,IH2006,2020-06-17 10:49:23.200,2857.2000,18414,0,7579867380.000,0,-,-,-,-,2857.4000,2857.2000,2857.0000,2856.8000,2856.6000,2857.6000,2857.8000,2858.0000,2858.4000,2858.6000,1,3,2,4,1,4,5,3,1,4
SF,IH2006,2020-06-17 10:49:23.700,2857.4000,18413,-1,7580724600.000,1,0,1,双平,B,2857.2000,2857.0000,2856.8000,2856.6000,2856.4000,2857.6000,2857.8000,2858.0000,2858.4000,2858.6000,1,2,4,1,1,3,5,3,1,4
SF,IH2006,2020-06-17 10:49:24.200,2857.4000,18413,0,7580724600.000,0,-,-,-,-,2857.2000,2857.0000,2856.8000,2856.6000,2856.4000,2857.6000,2857.8000,2858.0000,2858.4000,2858.6000,1,2,4,1,1,4,5,3,1,4
SF,IH2006,2020-06-17 10:49:25.200,2857.4000,18413,0,7580724600.000,0,-,-,-,-,2857.2000,2857.0000,2856.8000,2856.6000,2856.4000,2857.6000,2857.8000,2858.0000,2858.4000,2858.6000,1,2,4,1,1,4,5,3,1,4
SF,IH2006,2020-06-17 10:49:25.700,2857.4000,18413,0,7580724600.000,0,-,-,-,-,2857.2000,2857.0000,2856.8000,2856.6000,2856.4000,2857.6000,2857.8000,2858.0000,2858.4000,2858.6000,2,2,4,1,1,3,5,3,1,4
SF,IH2006,2020-06-17 10:49:26.700,2857.4000,18413,0,7580724600.000,0,-,-,-,-,2857.2000,2857.0000,2856.8000,2856.6000,2856.4000,2857.6000,2857.8000,2858.0000,2858.4000,2858.6000,3,2,4,1,1,3,5,3,1,3
SF,IH2006,2020-06-17 10:49:27.700,2857.4000,18413,0,7580724600.000,0,-,-,-,-,2857.2000,2857.0000,2856.8000,2856.6000,2856.4000,2857.6000,2857.8000,2858.0000,2858.4000,2858.6000,3,2,4,1,1,3,4,3,1,3
SF,IH2006,2020-06-17 10:49:28.200,2857.4000,18413,0,7580724600.000,0,-,-,-,-,2857.4000,2857.2000,2857.0000,2856.6000,2856.4000,2857.6000,2857.8000,2858.0000,2858.4000,2858.6000,5,2,2,1,1,4,4,3,1,3
SF,IH2006,2020-06-17 10:49:28.700,2857.4000,18413,0,7580724600.000,0,-,-,-,-,2857.4000,2857.2000,2857.0000,2856.6000,2856.4000,2857.6000,2857.8000,2858.0000,2858.4000,2858.6000,5,1,2,1,1,4,4,3,1,3
SF,IH2006,2020-06-17 10:49:29.200,2857.4000,18413,0,7584153480.000,4,2,2,空换,B,2857.4000,2857.0000,2856.6000,2856.4000,2856.2000,2857.6000,2857.8000,2858.0000,2858.4000,2858.6000,1,2,1,1,2,4,4,3,1,3
SF,IH2006,2020-06-17 10:49:29.700,2857.4000,18412,-1,7585010700.000,1,0,1,双平,B,2857.0000,2856.6000,2856.4000,2856.2000,2856.0000,2857.4000,2857.6000,2857.8000,2858.0000,2858.4000,2,1,1,2,2,1,4,4,3,1
SF,IH2006,2020-06-17 10:49:30.200,2857.4000,18412,0,7585010700.000,0,-,-,-,-,2857.0000,2856.6000,2856.4000,2856.2000,2856.0000,2857.4000,2857.6000,2857.8000,2858.0000,2858.4000,3,1,1,2,2,1,4,4,3,1
SF,IH2006,2020-06-17 10:49:31.700,2857.4000,18412,0,7585010700.000,0,-,-,-,-,2857.0000,2856.6000,2856.4000,2856.2000,2856.0000,2857.6000,2857.8000,2858.0000,2858.4000,2858.6000,3,1,1,2,2,4,4,3,1,3
SF,IH2006,2020-06-17 10:49:32.200,2857.4000,18412,0,7585010700.000,0,-,-,-,-,2857.0000,2856.6000,2856.4000,2856.2000,2856.0000,2857.6000,2857.8000,2858.0000,2858.4000,2858.6000,3,1,1,2,2,5,4,3,1,3
SF,IH2006,2020-06-17 10:49:32.700,2857.4000,18412,0,7585010700.000,0,-,-,-,-,2857.0000,2856.6000,2856.4000,2856.2000,2856.0000,2857.6000,2857.8000,2858.0000,2858.4000,2858.6000,2,1,1,2,2,5,5,3,1,3
SF,IH2006,2020-06-17 10:49:33.200,2857.4000,18412,0,7585010700.000,0,-,-,-,-,2857.0000,2856.8000,2856.6000,2856.4000,2856.2000,2857.6000,2857.8000,2858.0000,2858.4000,2858.6000,2,1,1,1,2,5,5,3,2,3
SF,IH2006,2020-06-17 10:49:33.700,2857.4000,18412,0,7585010700.000,0,-,-,-,-,2857.0000,2856.8000,2856.6000,2856.4000,2856.2000,2857.6000,2857.8000,2858.0000,2858.4000,2858.6000,1,1,1,1,2,5,5,3,2,3
SF,IH2006,2020-06-17 10:49:34.700,2857.4000,18412,0,7585010700.000,0,-,-,-,-,2857.0000,2856.8000,2856.6000,2856.4000,2856.2000,2857.6000,2857.8000,2858.0000,2858.4000,2858.6000,2,1,1,1,2,5,5,3,2,3
SF,IH2006,2020-06-17 10:49:35.200,2857.4000,18412,0,7585010700.000,0,-,-,-,-,2857.0000,2856.8000,2856.6000,2856.4000,2856.2000,2857.6000,2857.8000,2858.0000,2858.4000,2858.6000,2,1,1,1,2,5,5,1,2,3
SF,IH2006,2020-06-17 10:49:35.700,2857.4000,18412,0,7585010700.000,0,-,-,-,-,2857.2000,2857.0000,2856.8000,2856.6000,2856.4000,2857.4000,2857.6000,2857.8000,2858.0000,2858.4000,3,3,1,1,1,1,4,5,1,2
SF,IH2006,2020-06-17 10:49:36.200,2857.4000,18412,0,7585867920.000,1,0,1,空换,B,2857.4000,2857.2000,2857.0000,2856.8000,2856.6000,2857.6000,2857.8000,2858.0000,2858.4000,2858.6000,5,4,3,1,1,4,5,1,2,3
SF,IH2006,2020-06-17 10:49:36.700,2857.6000,18413,1,7589297040.000,4,2,2,多开,B,2857.6000,2857.4000,2857.2000,2857.0000,2856.8000,2857.8000,2858.0000,2858.4000,2858.6000,2858.8000,4,3,4,3,1,5,1,2,3,2
SF,IH2006,2020-06-17 10:49:37.200,2857.6000,18413,0,7589297040.000,0,-,-,-,-,2857.6000,2857.4000,2857.2000,2857.0000,2856.8000,2857.8000,2858.0000,2858.4000,2858.6000,2858.8000,2,2,3,3,1,5,1,2,3,2
SF,IH2006,2020-06-17 10:49:37.700,2857.6000,18413,0,7589297040.000,0,-,-,-,-,2857.4000,2857.2000,2857.0000,2856.8000,2856.6000,2857.8000,2858.0000,2858.4000,2858.6000,2858.8000,2,3,3,1,1,5,1,2,3,2
SF,IH2006,2020-06-17 10:49:39.200,2857.6000,18413,0,7589297040.000,0,-,-,-,-,2857.4000,2857.2000,2857.0000,2856.8000,2856.6000,2857.6000,2857.8000,2858.0000,2858.4000,2858.6000,2,3,3,1,1,1,5,1,2,3
SF,IH2006,2020-06-17 10:49:39.700,2857.6000,18412,-1,7591011600.000,2,0,2,空平,B,2857.6000,2857.4000,2857.2000,2857.0000,2856.8000,2857.8000,2858.0000,2858.4000,2858.6000,2858.8000,3,2,3,3,1,5,1,2,3,2
SF,IH2006,2020-06-17 10:49:40.200,2857.6000,18411,-1,7591868880.000,1,0,1,双平,B,2857.6000,2857.4000,2857.2000,2857.0000,2856.8000,2857.8000,2858.0000,2858.4000,2858.6000,2858.8000,1,2,3,3,1,5,1,2,3,2
SF,IH2006,2020-06-17 10:49:42.200,2857.6000,18410,-1,7592726160.000,1,0,1,双平,B,2857.4000,2857.2000,2857.0000,2856.8000,2856.6000,2857.8000,2858.0000,2858.4000,2858.6000,2858.8000,1,3,3,1,1,5,1,2,3,2
SF,IH2006,2020-06-17 10:49:42.700,2857.6000,18410,0,7592726160.000,0,-,-,-,-,2857.4000,2857.2000,2857.0000,2856.8000,2856.6000,2857.8000,2858.0000,2858.4000,2858.6000,2858.8000,1,1,3,1,1,15,1,2,3,2
SF,IH2006,2020-06-17 10:49:43.200,2857.6000,18410,0,7592726160.000,0,-,-,-,-,2857.2000,2857.0000,2856.8000,2856.6000,2856.2000,2857.6000,2857.8000,2858.0000,2858.4000,2858.6000,1,3,1,1,2,1,16,1,2,3
SF,IH2006,2020-06-17 10:49:43.700,2857.6000,18410,0,7592726160.000,0,-,-,-,-,2857.2000,2857.0000,2856.8000,2856.6000,2856.2000,2857.6000,2857.8000,2858.0000,2858.4000,2858.6000,1,2,1,1,2,1,16,1,2,3
SF,IH2006,2020-06-17 10:49:44.200,2857.6000,18410,0,7593583440.000,1,0,1,空换,B,2857.2000,2857.0000,2856.8000,2856.6000,2856.2000,2857.6000,2857.8000,2858.0000,2858.4000,2858.6000,2,2,1,1,2,2,15,1,2,3
SF,IH2006,2020-06-17 10:49:44.700,2857.6000,18410,0,7593583440.000,0,-,-,-,-,2857.2000,2857.0000,2856.8000,2856.6000,2856.2000,2857.6000,2857.8000,2858.0000,2858.4000,2858.6000,3,2,1,1,2,1,15,1,2,3
SF,IH2006,2020-06-17 10:49:45.200,2857.6000,18410,0,7593583440.000,0,-,-,-,-,2857.2000,2857.0000,2856.8000,2856.6000,2856.2000,2857.4000,2857.8000,2858.0000,2858.4000,2858.6000,3,2,1,1,2,1,15,1,2,3
SF,IH2006,2020-06-17 10:49:45.700,2857.4000,18409,-1,7594440660.000,1,0,1,双平,B,2857.4000,2857.2000,2857.0000,2856.8000,2856.6000,2857.6000,2857.8000,2858.0000,2858.4000,2858.6000,3,3,2,1,1,1,15,1,2,3
SF,IH2006,2020-06-17 10:49:46.200,2857.6000,18408,-1,7595297940.000,1,0,1,双平,B,2857.2000,2857.0000,2856.8000,2856.6000,2856.2000,2857.8000,2858.0000,2858.4000,2858.6000,2858.8000,3,2,1,1,2,15,1,2,3,2
SF,IH2006,2020-06-17 10:49:46.700,2857.8000,18408,0,7598727240.000,4,2,2,空换,B,2857.6000,2857.4000,2857.2000,2857.0000,2856.8000,2857.8000,2858.0000,2858.4000,2858.6000,2858.8000,2,8,9,2,1,12,1,2,3,2
SF,IH2006,2020-06-17 10:49:47.200,2857.8000,18404,-4,7608157980.000,11,3,8,空平,B,2857.6000,2857.4000,2857.2000,2857.0000,2856.8000,2857.8000,2858.0000,2858.4000,2858.6000,2858.8000,1,6,11,2,1,1,1,2,3,2
SF,IH2006,2020-06-17 10:49:47.700,2858.0000,18402,-2,7609872720.000,2,0,2,双平,B,2858.0000,2857.8000,2857.6000,2857.4000,2857.2000,2858.4000,2858.6000,2858.8000,2859.2000,2859.8000,2,5,1,5,10,2,3,2,1,6
SF,IH2006,2020-06-17 10:49:48.200,2858.0000,18402,0,7609872720.000,0,-,-,-,-,2857.8000,2857.6000,2857.4000,2857.2000,2857.0000,2858.4000,2858.6000,2858.8000,2859.2000,2859.8000,3,1,4,9,1,3,2,2,1,6
SF,IH2006,2020-06-17 10:49:48.700,2858.0000,18402,0,7609872720.000,0,-,-,-,-,2857.8000,2857.6000,2857.4000,2857.2000,2856.8000,2858.4000,2858.6000,2858.8000,2859.2000,2859.8000,4,1,4,9,1,4,2,2,1,6
SF,IH2006,2020-06-17 10:49:49.200,2858.0000,18402,0,7609872720.000,0,-,-,-,-,2858.0000,2857.8000,2857.6000,2857.4000,2857.2000,2858.2000,2858.4000,2858.6000,2858.8000,2859.2000,1,2,1,4,9,12,3,2,2,1
SF,IH2006,2020-06-17 10:49:49.700,2857.8000,18400,-2,7612444800.000,3,0,3,空平,B,2857.6000,2857.4000,2857.2000,2856.8000,2856.6000,2858.0000,2858.2000,2858.4000,2858.6000,2858.8000,1,4,8,1,1,6,12,2,2,2
SF,IH2006,2020-06-17 10:49:50.200,2857.8000,18398,-2,7614159480.000,2,0,2,双平,B,2857.6000,2857.4000,2857.2000,2856.8000,2856.6000,2858.0000,2858.2000,2858.4000,2858.6000,2858.8000,1,4,8,1,1,2,12,3,2,2
SF,IH2006,2020-06-17 10:49:50.700,2857.8000,18398,0,7614159480.000,0,-,-,-,-,2857.6000,2857.4000,2857.2000,2856.8000,2856.6000,2858.0000,2858.2000,2858.4000,2858.6000,2858.8000,2,4,8,1,1,2,12,3,2,2
SF,IH2006,2020-06-17 10:49:51.700,2857.8000,18398,0,7614159480.000,0,-,-,-,-,2857.6000,2857.4000,2857.2000,2856.8000,2856.6000,2858.0000,2858.2000,2858.4000,2858.6000,2858.8000,2,4,8,1,1,2,12,3,2,2
SF,IH2006,2020-06-17 10:49:52.200,2857.8000,18398,0,7614159480.000,0,-,-,-,-,2857.6000,2857.4000,2857.2000,2856.8000,2856.6000,2858.0000,2858.2000,2858.4000,2858.6000,2858.8000,2,2,8,1,1,2,12,3,2,2
SF,IH2006,2020-06-17 10:49:52.700,2857.8000,18398,0,7614159480.000,0,-,-,-,-,2857.6000,2857.4000,2857.2000,2856.8000,2856.6000,2858.0000,2858.2000,2858.4000,2858.6000,2858.8000,2,2,4,1,1,2,12,3,2,2
SF,IH2006,2020-06-17 10:49:53.200,2858.0000,18397,-1,7615016880.000,1,0,1,双平,B,2857.8000,2857.6000,2857.4000,2857.2000,2856.8000,2858.0000,2858.2000,2858.4000,2858.6000,2858.8000,1,1,2,4,1,1,13,3,2,2
SF,IH2006,2020-06-17 10:49:53.700,2858.0000,18397,0,7615016880.000,0,-,-,-,-,2857.8000,2857.6000,2857.4000,2857.2000,2856.8000,2858.0000,2858.2000,2858.4000,2858.6000,2858.8000,2,1,2,4,1,2,13,3,2,2
SF,IH2006,2020-06-17 10:49:54.200,2858.0000,18397,0,7615016880.000,0,-,-,-,-,2857.8000,2857.6000,2857.4000,2857.2000,2857.0000,2858.0000,2858.2000,2858.4000,2858.6000,2858.8000,2,1,2,4,2,2,13,3,2,2
SF,IH2006,2020-06-17 10:49:54.700,2858.0000,18397,0,7615016880.000,0,-,-,-,-,2857.8000,2857.6000,2857.4000,2857.2000,2857.0000,2858.0000,2858.2000,2858.4000,2858.6000,2858.8000,2,1,2,4,2,2,13,3,1,2
SF,IH2006,2020-06-17 10:49:55.200,2858.0000,18397,0,7615016880.000,0,-,-,-,-,2857.8000,2857.6000,2857.4000,2857.2000,2857.0000,2858.0000,2858.2000,2858.4000,2858.6000,2858.8000,2,1,2,4,2,4,13,3,1,2
SF,IH2006,2020-06-17 10:49:55.700,2858.0000,18397,0,7615016880.000,0,-,-,-,-,2857.8000,2857.6000,2857.4000,2857.2000,2857.0000,2858.0000,2858.2000,2858.4000,2858.6000,2858.8000,2,1,2,4,2,3,13,3,1,2
SF,IH2006,2020-06-17 10:49:56.200,2858.0000,18397,0,7615016880.000,0,-,-,-,-,2857.8000,2857.6000,2857.4000,2857.2000,2857.0000,2858.0000,2858.2000,2858.4000,2858.6000,2858.8000,2,1,2,4,2,3,13,3,2,2
SF,IH2006,2020-06-17 10:49:56.700,2857.8000,18396,-1,7616731560.000,2,0,2,空平,B,2857.6000,2857.4000,2857.2000,2857.0000,2856.8000,2858.0000,2858.2000,2858.4000,2858.6000,2858.8000,1,2,4,2,1,7,13,3,2,2
SF,IH2006,2020-06-17 10:49:57.200,2857.8000,18396,0,7616731560.000,0,-,-,-,-,2857.4000,2857.2000,2857.0000,2856.8000,2856.6000,2858.0000,2858.2000,2858.4000,2858.6000,2858.8000,2,4,2,1,1,7,13,3,3,2
SF,IH2006,2020-06-17 10:49:57.700,2857.8000,18396,0,7616731560.000,0,-,-,-,-,2857.4000,2857.2000,2857.0000,2856.8000,2856.6000,2858.0000,2858.2000,2858.4000,2858.6000,2858.8000,4,5,2,1,1,7,13,3,2,2
SF,IH2006,2020-06-17 10:49:58.200,2857.8000,18396,0,7616731560.000,0,-,-,-,-,2857.4000,2857.2000,2857.0000,2856.8000,2856.6000,2858.0000,2858.2000,2858.4000,2858.6000,2858.8000,3,5,2,1,1,7,13,4,2,2
SF,IH2006,2020-06-17 10:49:58.700,2857.8000,18396,0,7616731560.000,0,-,-,-,-,2857.4000,2857.2000,2857.0000,2856.8000,2856.6000,2858.0000,2858.2000,2858.4000,2858.6000,2858.8000,4,5,2,1,1,7,13,4,2,2
SF,IH2006,2020-06-17 10:49:59.200,2857.8000,18396,0,7616731560.000,0,-,-,-,-,2857.4000,2857.2000,2857.0000,2856.8000,2856.6000,2858.0000,2858.2000,2858.4000,2858.6000,2858.8000,4,3,2,1,1,7,13,4,2,2
SF,IH2006,2020-06-17 10:50:00.200,2857.8000,18396,0,7616731560.000,0,-,-,-,-,2857.4000,2857.2000,2857.0000,2856.8000,2856.6000,2857.8000,2858.0000,2858.2000,2858.4000,2858.6000,4,3,2,1,1,3,7,13,4,2
SF,IH2006,2020-06-17 10:50:00.700,2857.4000,18396,0,7617588780.000,1,0,1,空换,B,2857.4000,2857.2000,2857.0000,2856.8000,2856.6000,2857.8000,2858.0000,2858.2000,2858.4000,2858.6000,2,3,2,1,1,3,7,13,4,2
SF,IH2006,2020-06-17 10:50:01.200,2857.4000,18396,0,7617588780.000,0,-,-,-,-,2857.2000,2857.0000,2856.8000,2856.6000,2856.2000,2857.8000,2858.0000,2858.2000,2858.4000,2858.6000,3,2,1,1,1,3,7,13,4,2
SF,IH2006,2020-06-17 10:50:01.700,2857.4000,18396,0,7617588780.000,0,-,-,-,-,2857.2000,2857.0000,2856.8000,2856.6000,2856.2000,2857.8000,2858.0000,2858.2000,2858.4000,2858.6000,3,2,1,1,1,4,7,13,4,2
SF,IH2006,2020-06-17 10:50:02.200,2857.4000,18396,0,7617588780.000,0,-,-,-,-,2857.2000,2857.0000,2856.8000,2856.6000,2856.2000,2857.6000,2857.8000,2858.0000,2858.2000,2858.4000,3,2,1,1,1,1,4,6,12,4
SF,IH2006,2020-06-17 10:50:02.700,2857.6000,18395,-1,7618446060.000,1,0,1,双平,B,2857.2000,2857.0000,2856.8000,2856.6000,2856.2000,2857.8000,2858.0000,2858.2000,2858.4000,2858.6000,3,2,1,1,1,4,6,12,4,2
SF,IH2006,2020-06-17 10:50:04.200,2857.6000,18395,0,7618446060.000,0,-,-,-,-,2857.2000,2857.0000,2856.8000,2856.2000,2855.6000,2857.8000,2858.0000,2858.2000,2858.4000,2858.6000,3,2,1,1,1,4,6,12,4,2
SF,IH2006,2020-06-17 10:50:04.700,2857.6000,18395,0,7619303340.000,1,0,1,空换,B,2857.2000,2857.0000,2856.8000,2856.6000,2856.2000,2857.6000,2857.8000,2858.0000,2858.2000,2858.4000,3,2,1,1,1,1,3,6,12,4
SF,IH2006,2020-06-17 10:50:05.200,2857.6000,18395,0,7619303340.000,0,-,-,-,-,2857.6000,2857.2000,2857.0000,2856.8000,2856.6000,2857.8000,2858.0000,2858.2000,2858.4000,2858.6000,2,4,2,1,1,3,6,12,4,2
SF,IH2006,2020-06-17 10:50:05.700,2857.8000,18394,-1,7620160680.000,1,0,1,双平,B,2857.6000,2857.4000,2857.2000,2857.0000,2856.8000,2857.8000,2858.0000,2858.2000,2858.4000,2858.6000,1,1,4,2,1,1,6,12,4,2
SF,IH2006,2020-06-17 10:50:06.200,2857.8000,18394,0,7620160680.000,0,-,-,-,-,2857.6000,2857.4000,2857.2000,2857.0000,2856.8000,2857.8000,2858.0000,2858.2000,2858.4000,2858.6000,2,1,4,2,1,1,6,12,3,2
SF,IH2006,2020-06-17 10:50:06.700,2857.8000,18394,0,7620160680.000,0,-,-,-,-,2857.6000,2857.4000,2857.2000,2857.0000,2856.8000,2857.8000,2858.0000,2858.2000,2858.4000,2858.6000,2,1,4,2,1,1,6,13,3,2
SF,IH2006,2020-06-17 10:50:07.200,2857.6000,18394,0,7621875240.000,2,1,1,空换,B,2857.4000,2857.2000,2857.0000,2856.8000,2856.6000,2857.6000,2857.8000,2858.0000,2858.2000,2858.4000,1,4,2,1,1,2,1,6,13,3
SF,IH2006,2020-06-17 10:50:07.700,2857.6000,18394,0,7621875240.000,0,-,-,-,-,2857.4000,2857.2000,2857.0000,2856.8000,2856.6000,2857.8000,2858.0000,2858.2000,2858.4000,2858.6000,2,4,2,1,1,1,6,13,3,2
SF,IH2006,2020-06-17 10:50:08.200,2857.6000,18394,0,7621875240.000,0,-,-,-,-,2857.4000,2857.2000,2857.0000,2856.8000,2856.6000,2857.6000,2857.8000,2858.0000,2858.2000,2858.4000,1,4,2,1,1,1,1,6,12,3
SF,IH2006,2020-06-17 10:50:08.700,2857.6000,18394,0,7621875240.000,0,-,-,-,-,2857.2000,2857.0000,2856.8000,2856.6000,2856.4000,2857.6000,2857.8000,2858.0000,2858.2000,2858.4000,4,2,1,1,1,1,1,6,12,4
SF,IH2006,2020-06-17 10:50:09.200,2857.6000,18393,-1,7622732520.000,1,0,1,双平,B,2857.6000,2857.2000,2857.0000,2856.8000,2856.6000,2857.8000,2858.0000,2858.2000,2858.4000,2858.6000,1,4,2,1,1,1,6,12,4,2
SF,IH2006,2020-06-17 10:50:10.200,2857.6000,18391,-2,7625304360.000,3,0,3,空平,B,2857.2000,2857.0000,2856.8000,2856.6000,2856.4000,2857.8000,2858.0000,2858.2000,2858.4000,2858.6000,4,2,1,1,1,2,6,12,4,2
SF,IH2006,2020-06-17 10:50:10.700,2857.6000,18391,0,7625304360.000,0,-,-,-,-,2857.4000,2857.2000,2857.0000,2856.8000,2856.6000,2857.8000,2858.0000,2858.2000,2858.4000,2858.6000,1,4,2,1,1,2,6,12,4,2
SF,IH2006,2020-06-17 10:50:11.200,2857.6000,18391,0,7625304360.000,0,-,-,-,-,2857.4000,2857.2000,2857.0000,2856.8000,2856.6000,2857.8000,2858.0000,2858.2000,2858.4000,2858.6000,2,4,2,1,1,1,5,12,4,2
SF,IH2006,2020-06-17 10:50:11.700,2857.6000,18391,0,7625304360.000,0,-,-,-,-,2857.4000,2857.2000,2857.0000,2856.8000,2856.6000,2858.0000,2858.2000,2858.4000,2858.6000,2858.8000,3,4,2,1,1,5,12,4,2,2
SF,IH2006,2020-06-17 10:50:12.200,2857.6000,18391,0,7625304360.000,0,-,-,-,-,2857.4000,2857.2000,2857.0000,2856.8000,2856.6000,2858.0000,2858.2000,2858.4000,2858.6000,2858.8000,3,4,2,1,1,6,12,4,2,2
SF,IH2006,2020-06-17 10:50:12.700,2857.6000,18391,0,7625304360.000,0,-,-,-,-,2857.6000,2857.4000,2857.2000,2857.0000,2856.8000,2858.0000,2858.2000,2858.4000,2858.6000,2858.8000,1,3,4,2,1,6,12,4,2,2
SF,IH2006,2020-06-17 10:50:13.200,2858.0000,18390,-1,7626161760.000,1,0,1,双平,B,2857.8000,2857.6000,2857.4000,2857.2000,2857.0000,2858.0000,2858.2000,2858.4000,2858.6000,2858.8000,1,7,3,4,2,4,12,4,2,1
SF,IH2006,2020-06-17 10:50:13.700,2858.0000,18386,-4,7629591360.000,4,0,4,双平,B,2858.0000,2857.8000,2857.6000,2857.4000,2857.2000,2858.2000,2858.4000,2858.6000,2858.8000,2859.2000,9,1,4,3,4,12,4,2,2,1
SF,IH2006,2020-06-17 10:50:14.200,2858.0000,18386,0,7629591360.000,0,-,-,-,-,2858.0000,2857.8000,2857.6000,2857.4000,2857.2000,2858.2000,2858.4000,2858.6000,2858.8000,2859.2000,5,1,2,3,4,12,4,2,2,1
SF,IH2006,2020-06-17 10:50:14.700,2858.0000,18386,0,7629591360.000,0,-,-,-,-,2858.0000,2857.8000,2857.6000,2857.4000,2857.2000,2858.2000,2858.4000,2858.6000,2858.8000,2859.2000,2,1,2,3,4,12,4,2,2,1
SF,IH2006,2020-06-17 10:50:15.200,2858.0000,18386,0,7631306160.000,2,1,1,空换,B,2857.8000,2857.6000,2857.4000,2857.2000,2857.0000,2858.0000,2858.2000,2858.4000,2858.6000,2858.8000,1,2,3,4,2,2,13,4,2,2
SF,IH2006,2020-06-17 10:50:15.700,2858.0000,18386,0,7631306160.000,0,-,-,-,-,2857.8000,2857.6000,2857.4000,2857.2000,2857.0000,2858.0000,2858.2000,2858.4000,2858.6000,2858.8000,2,2,3,3,2,1,13,4,2,2
SF,IH2006,2020-06-17 10:50:16.200,2858.0000,18385,-1,7632163560.000,1,0,1,双平,B,2857.8000,2857.6000,2857.4000,2857.2000,2857.0000,2858.2000,2858.4000,2858.6000,2858.8000,2859.2000,3,2,4,3,3,13,4,2,2,1
SF,IH2006,2020-06-17 10:50:16.700,2858.0000,18385,0,7632163560.000,0,-,-,-,-,2857.8000,2857.6000,2857.4000,2857.2000,2857.0000,2858.2000,2858.4000,2858.6000,2858.8000,2859.2000,3,2,4,3,3,11,4,2,2,1
SF,IH2006,2020-06-17 10:50:17.200,2858.0000,18385,0,7632163560.000,0,-,-,-,-,2857.8000,2857.6000,2857.4000,2857.2000,2857.0000,2858.2000,2858.4000,2858.6000,2858.8000,2859.2000,3,2,4,3,3,11,4,2,2,1
SF,IH2006,2020-06-17 10:50:18.200,2858.0000,18385,0,7632163560.000,0,-,-,-,-,2857.8000,2857.6000,2857.4000,2857.2000,2857.0000,2858.0000,2858.2000,2858.4000,2858.6000,2858.8000,3,2,4,3,3,1,11,4,2,2
SF,IH2006,2020-06-17 10:50:18.700,2858.0000,18386,1,7633020960.000,1,1,0,双开,B,2858.0000,2857.8000,2857.6000,2857.4000,2857.2000,2858.2000,2858.4000,2858.6000,2858.8000,2859.2000,4,5,1,4,3,11,4,2,2,1
SF,IH2006,2020-06-17 10:50:19.200,2858.0000,18386,0,7633020960.000,0,-,-,-,-,2858.0000,2857.8000,2857.6000,2857.4000,2857.2000,2858.2000,2858.4000,2858.6000,2858.8000,2859.2000,6,3,1,4,3,11,4,2,2,1
SF,IH2006,2020-06-17 10:50:19.700,2858.0000,18386,0,7633020960.000,0,-,-,-,-,2858.0000,2857.8000,2857.6000,2857.4000,2857.2000,2858.2000,2858.4000,2858.6000,2858.8000,2859.2000,6,3,1,4,3,11,4,2,2,1
SF,IH2006,2020-06-17 10:50:20.200,2858.0000,18386,0,7633020960.000,0,-,-,-,-,2858.0000,2857.8000,2857.6000,2857.4000,2857.2000,2858.2000,2858.4000,2858.6000,2858.8000,2859.2000,6,3,1,4,3,1,3,2,2,1
SF,IH2006,2020-06-17 10:50:20.700,2858.2000,18386,0,7633878420.000,1,0,1,空换,B,2858.2000,2858.0000,2857.8000,2857.6000,2857.4000,2858.4000,2858.6000,2858.8000,2859.2000,2859.6000,1,7,4,1,4,3,2,2,1,1
SF,IH2006,2020-06-17 10:50:21.200,2858.4000,18386,0,7634735940.000,1,0,1,空换,B,2858.2000,2858.0000,2857.8000,2857.6000,2857.4000,2858.4000,2858.6000,2858.8000,2859.2000,2859.6000,2,5,4,1,4,3,2,2,1,1
SF,IH2006,2020-06-17 10:50:21.700,2858.4000,18386,0,7637308500.000,3,1,2,空换,B,2858.4000,2858.2000,2858.0000,2857.8000,2857.6000,2858.6000,2858.8000,2859.2000,2859.6000,2859.8000,1,2,5,4,1,2,2,1,1,6
SF,IH2006,2020-06-17 10:50:22.200,2858.4000,18386,0,7638166020.000,1,0,1,空换,B,2858.4000,2858.0000,2857.8000,2857.6000,2857.4000,2858.6000,2858.8000,2859.2000,2859.6000,2859.8000,1,5,4,1,4,3,3,1,1,6
SF,IH2006,2020-06-17 10:50:22.700,2858.4000,18386,0,7638166020.000,0,-,-,-,-,2858.4000,2858.0000,2857.8000,2857.6000,2857.4000,2858.6000,2858.8000,2859.2000,2859.6000,2859.8000,2,5,4,1,3,3,3,1,1,6
SF,IH2006,2020-06-17 10:50:23.200,2858.6000,18384,-2,7639881120.000,2,0,2,双平,B,2858.4000,2858.0000,2857.8000,2857.6000,2857.4000,2858.6000,2858.8000,2859.2000,2859.6000,2859.8000,1,5,4,1,3,5,3,1,1,6
SF,IH2006,2020-06-17 10:50:23.700,2858.4000,18383,-1,7640738640.000,1,0,1,双平,B,2858.0000,2857.8000,2857.6000,2857.4000,2857.2000,2858.6000,2858.8000,2859.2000,2859.6000,2859.8000,5,4,1,3,2,4,3,1,1,6
SF,IH2006,2020-06-17 10:50:24.200,2858.6000,18383,0,7641596220.000,1,0,1,空换,B,2858.2000,2858.0000,2857.8000,2857.6000,2857.4000,2858.6000,2858.8000,2859.2000,2859.6000,2859.8000,2,8,4,1,2,3,3,1,1,6
SF,IH2006,2020-06-17 10:50:24.700,2858.6000,18383,0,7641596220.000,0,-,-,-,-,2858.2000,2858.0000,2857.8000,2857.6000,2857.4000,2858.6000,2858.8000,2859.0000,2859.2000,2859.6000,5,5,3,1,2,3,3,1,1,1
SF,IH2006,2020-06-17 10:50:25.700,2858.6000,18383,0,7642453800.000,1,0,1,空换,B,2858.2000,2858.0000,2857.8000,2857.6000,2857.4000,2858.6000,2858.8000,2859.0000,2859.2000,2859.6000,2,5,3,1,2,2,3,1,1,1
SF,IH2006,2020-06-17 10:50:26.200,2858.6000,18383,0,7642453800.000,0,-,-,-,-,2858.2000,2858.0000,2857.8000,2857.6000,2857.4000,2858.6000,2858.8000,2859.0000,2859.2000,2859.6000,2,5,3,1,2,2,2,1,1,1
SF,IH2006,2020-06-17 10:50:26.700,2858.6000,18383,0,7642453800.000,0,-,-,-,-,2858.2000,2858.0000,2857.8000,2857.6000,2857.4000,2858.6000,2858.8000,2859.0000,2859.2000,2859.6000,2,5,3,1,2,3,2,1,1,1
SF,IH2006,2020-06-17 10:50:27.200,2858.6000,18383,0,7642453800.000,0,-,-,-,-,2858.2000,2858.0000,2857.8000,2857.6000,2857.4000,2858.4000,2858.6000,2858.8000,2859.0000,2859.2000,2,5,3,1,2,3,3,2,1,1
SF,IH2006,2020-06-17 10:50:27.700,2858.2000,18383,0,7643311260.000,1,0,1,空换,B,2858.0000,2857.8000,2857.6000,2857.4000,2857.2000,2858.4000,2858.6000,2858.8000,2859.0000,2859.2000,5,3,1,2,2,3,3,2,1,1
SF,IH2006,2020-06-17 10:50:28.200,2858.2000,18383,0,7643311260.000,0,-,-,-,-,2858.0000,2857.8000,2857.6000,2857.4000,2857.2000,2858.4000,2858.6000,2858.8000,2859.0000,2859.2000,5,3,1,2,2,4,3,2,1,1
SF,IH2006,2020-06-17 10:50:28.700,2858.0000,18381,-2,7646740860.000,4,1,3,空平,B,2858.0000,2857.8000,2857.6000,2857.4000,2857.2000,2858.2000,2858.4000,2858.6000,2858.8000,2859.0000,1,3,1,2,2,1,4,3,2,1
SF,IH2006,2020-06-17 10:50:29.200,2858.0000,18380,-1,7647598260.000,1,0,1,双平,B,2857.8000,2857.6000,2857.4000,2857.2000,2856.8000,2858.0000,2858.2000,2858.4000,2858.6000,2858.8000,2,1,2,2,1,4,2,4,3,2
SF,IH2006,2020-06-17 10:50:29.700,2857.8000,18379,-1,7649312940.000,2,0,2,空平,B,2857.6000,2857.4000,2857.2000,2856.8000,2856.6000,2857.8000,2858.0000,2858.2000,2858.4000,2858.6000,1,2,2,1,1,2,1,2,2,3
SF,IH2006,2020-06-17 10:50:30.200,2857.8000,18379,0,7649312940.000,0,-,-,-,-,2857.6000,2857.4000,2857.2000,2856.8000,2856.6000,2857.8000,2858.0000,2858.2000,2858.4000,2858.6000,2,2,2,1,1,1,1,2,2,3
SF,IH2006,2020-06-17 10:50:30.700,2857.8000,18379,0,7650170280.000,1,0,1,空换,B,2857.8000,2857.6000,2857.4000,2857.2000,2856.8000,2858.0000,2858.2000,2858.4000,2858.6000,2858.8000,4,2,2,2,1,1,2,2,3,2
SF,IH2006,2020-06-17 10:50:31.200,2858.0000,18378,-1,7651027680.000,1,0,1,双平,B,2857.8000,2857.6000,2857.4000,2857.2000,2856.8000,2858.2000,2858.4000,2858.6000,2858.8000,2859.0000,1,3,2,2,1,1,2,3,2,1
SF,IH2006,2020-06-17 10:50:31.700,2858.0000,18378,0,7651027680.000,0,-,-,-,-,2858.0000,2857.8000,2857.6000,2857.4000,2857.2000,2858.4000,2858.6000,2858.8000,2859.0000,2859.2000,1,2,3,2,2,2,3,2,1,1
SF,IH2006,2020-06-17 10:50:32.200,2858.0000,18378,0,7651027680.000,0,-,-,-,-,2857.8000,2857.6000,2857.4000,2857.2000,2856.8000,2858.4000,2858.6000,2858.8000,2859.0000,2859.2000,2,3,2,2,1,2,4,1,1,1
SF,IH2006,2020-06-17 10:50:33.700,2858.0000,18378,0,7651027680.000,0,-,-,-,-,2857.8000,2857.6000,2857.4000,2857.2000,2856.8000,2858.4000,2858.6000,2858.8000,2859.0000,2859.2000,2,3,2,2,1,2,4,1,1,1
SF,IH2006,2020-06-17 10:50:34.200,2858.0000,18378,0,7651027680.000,0,-,-,-,-,2858.0000,2857.8000,2857.6000,2857.4000,2857.2000,2858.4000,2858.6000,2858.8000,2859.0000,2859.2000,1,2,3,1,2,2,4,1,1,1
SF,IH2006,2020-06-17 10:50:34.700,2858.0000,18378,0,7651027680.000,0,-,-,-,-,2858.0000,2857.8000,2857.6000,2857.4000,2857.2000,2858.4000,2858.6000,2858.8000,2859.0000,2859.2000,1,2,3,1,2,2,3,1,1,1
SF,IH2006,2020-06-17 10:50:35.200,2858.0000,18378,0,7651027680.000,0,-,-,-,-,2858.0000,2857.8000,2857.6000,2857.4000,2857.2000,2858.4000,2858.6000,2858.8000,2859.0000,2859.2000,1,2,3,1,2,2,3,1,1,1
SF,IH2006,2020-06-17 10:50:35.700,2858.0000,18378,0,7651027680.000,0,-,-,-,-,2858.0000,2857.8000,2857.6000,2857.4000,2857.2000,2858.4000,2858.6000,2858.8000,2859.0000,2859.2000,1,3,3,1,2,3,3,1,1,1
SF,IH2006,2020-06-17 10:50:36.200,2858.0000,18378,0,7651027680.000,0,-,-,-,-,2858.0000,2857.8000,2857.6000,2857.4000,2857.2000,2858.4000,2858.6000,2858.8000,2859.0000,2859.2000,1,3,3,1,2,2,3,2,1,1
SF,IH2006,2020-06-17 10:50:38.700,2858.0000,18378,0,7651027680.000,0,-,-,-,-,2858.0000,2857.8000,2857.6000,2857.4000,2857.2000,2858.2000,2858.4000,2858.6000,2858.8000,2859.0000,1,3,3,1,2,1,2,3,2,1
SF,IH2006,2020-06-17 10:50:39.700,2858.0000,18379,1,7651885080.000,1,1,0,双开,B,2857.8000,2857.6000,2857.4000,2857.2000,2856.8000,2858.2000,2858.4000,2858.6000,2858.8000,2859.0000,3,3,1,2,1,2,2,3,2,1
SF,IH2006,2020-06-17 10:50:40.200,2858.0000,18379,0,7651885080.000,0,-,-,-,-,2857.8000,2857.6000,2857.4000,2857.2000,2856.8000,2858.0000,2858.2000,2858.4000,2858.6000,2858.8000,3,3,1,2,1,1,2,2,3,2
SF,IH2006,2020-06-17 10:50:41.700,2858.0000,18379,0,7651885080.000,0,-,-,-,-,2857.8000,2857.6000,2857.4000,2857.2000,2856.8000,2858.0000,2858.2000,2858.4000,2858.6000,2858.8000,3,3,1,2,1,1,2,2,3,2
SF,IH2006,2020-06-17 10:50:42.200,2858.0000,18378,-1,7652742480.000,1,0,1,双平,B,2858.0000,2857.8000,2857.6000,2857.4000,2857.2000,2858.2000,2858.4000,2858.6000,2858.8000,2859.2000,2,3,3,1,2,1,2,3,2,1
SF,IH2006,2020-06-17 10:50:46.200,2858.0000,18378,0,7652742480.000,0,-,-,-,-,2858.0000,2857.8000,2857.6000,2857.4000,2857.2000,2858.4000,2858.6000,2858.8000,2859.2000,2859.6000,2,3,3,1,2,2,3,2,1,2
SF,IH2006,2020-06-17 10:50:46.700,2858.0000,18378,0,7652742480.000,0,-,-,-,-,2858.2000,2858.0000,2857.8000,2857.6000,2857.4000,2858.6000,2858.8000,2859.2000,2859.6000,2859.8000,2,3,3,3,1,3,2,1,2,7
SF,IH2006,2020-06-17 10:50:47.200,2858.0000,18378,0,7652742480.000,0,-,-,-,-,2858.2000,2858.0000,2857.8000,2857.6000,2857.4000,2858.6000,2858.8000,2859.2000,2859.6000,2859.8000,2,3,3,3,1,5,2,1,2,7
SF,IH2006,2020-06-17 10:50:47.700,2858.0000,18378,0,7652742480.000,0,-,-,-,-,2858.2000,2858.0000,2857.8000,2857.6000,2857.4000,2858.6000,2858.8000,2859.2000,2859.6000,2859.8000,2,3,3,3,1,4,2,1,2,7
SF,IH2006,2020-06-17 10:50:49.200,2858.0000,18378,0,7652742480.000,0,-,-,-,-,2858.2000,2858.0000,2857.8000,2857.6000,2857.4000,2858.4000,2858.6000,2858.8000,2859.2000,2859.6000,2,3,3,3,1,2,4,2,1,2
SF,IH2006,2020-06-17 10:50:49.700,2858.4000,18377,-1,7653600000.000,1,0,1,双平,B,2858.2000,2858.0000,2857.8000,2857.6000,2857.4000,2858.4000,2858.6000,2858.8000,2859.2000,2859.6000,2,3,3,3,1,1,4,2,1,2
SF,IH2006,2020-06-17 10:50:51.200,2858.4000,18376,-1,7654457520.000,1,0,1,双平,B,2858.2000,2858.0000,2857.8000,2857.6000,2857.4000,2858.6000,2858.8000,2859.2000,2859.6000,2859.8000,2,3,3,3,1,4,2,1,2,7
SF,IH2006,2020-06-17 10:50:51.700,2858.4000,18376,0,7654457520.000,0,-,-,-,-,2858.4000,2858.2000,2858.0000,2857.8000,2857.6000,2858.6000,2858.8000,2859.2000,2859.6000,2859.8000,1,3,3,3,2,3,2,1,2,7
SF,IH2006,2020-06-17 10:50:52.700,2858.6000,18376,0,7655315100.000,1,0,1,空换,B,2858.4000,2858.2000,2858.0000,2857.8000,2857.6000,2858.6000,2858.8000,2859.2000,2859.6000,2859.8000,1,3,3,3,2,2,2,1,2,7
SF,IH2006,2020-06-17 10:50:53.200,2858.6000,18374,-2,7657030260.000,2,0,2,双平,B,2858.4000,2858.2000,2858.0000,2857.8000,2857.6000,2858.8000,2859.2000,2859.6000,2859.8000,2860.0000,1,3,3,3,2,2,1,2,7,2
SF,IH2006,2020-06-17 10:50:53.700,2858.6000,18373,-1,7657887840.000,1,0,1,双平,B,2858.4000,2858.2000,2858.0000,2857.8000,2857.6000,2858.8000,2859.2000,2859.6000,2859.8000,2860.0000,1,3,3,3,2,3,1,2,7,2
SF,IH2006,2020-06-17 10:50:54.200,2858.8000,18373,0,7658745480.000,1,0,1,空换,B,2858.4000,2858.2000,2858.0000,2857.8000,2857.6000,2858.8000,2859.2000,2859.6000,2859.8000,2860.0000,2,3,3,3,2,3,1,2,7,2
SF,IH2006,2020-06-17 10:50:54.700,2858.8000,18373,0,7658745480.000,0,-,-,-,-,2858.4000,2858.2000,2858.0000,2857.8000,2857.6000,2858.8000,2859.2000,2859.6000,2859.8000,2860.0000,2,3,3,3,2,2,1,2,7,2
SF,IH2006,2020-06-17 10:50:55.700,2858.8000,18372,-1,7659603120.000,1,0,1,双平,B,2858.4000,2858.2000,2858.0000,2857.8000,2857.6000,2858.8000,2859.2000,2859.6000,2859.8000,2860.0000,2,3,3,3,2,1,1,2,7,2
SF,IH2006,2020-06-17 10:50:56.200,2858.8000,18372,0,7659603120.000,0,-,-,-,-,2858.6000,2858.4000,2858.2000,2858.0000,2857.8000,2859.2000,2859.6000,2859.8000,2860.0000,2860.2000,2,5,3,3,2,1,2,7,2,10
SF,IH2006,2020-06-17 10:50:56.700,2858.8000,18371,-1,7660460760.000,1,0,1,双平,B,2858.6000,2858.4000,2858.2000,2858.0000,2857.8000,2859.2000,2859.4000,2859.6000,2859.8000,2860.0000,4,5,3,2,2,3,1,14,7,2
SF,IH2006,2020-06-17 10:50:57.200,2858.6000,18371,0,7661318340.000,1,0,1,空换,B,2858.6000,2858.4000,2858.2000,2858.0000,2857.8000,2859.0000,2859.2000,2859.4000,2859.6000,2859.8000,2,4,3,2,2,1,3,2,14,7
SF,IH2006,2020-06-17 10:50:57.700,2858.6000,18371,0,7662175920.000,1,0,1,空换,B,2858.4000,2858.2000,2858.0000,2857.8000,2857.6000,2858.6000,2859.0000,2859.2000,2859.4000,2859.6000,4,3,2,2,1,1,2,3,2,13
SF,IH2006,2020-06-17 10:50:58.200,2858.6000,18371,0,7662175920.000,0,-,-,-,-,2858.4000,2858.2000,2858.0000,2857.8000,2857.6000,2858.6000,2859.0000,2859.2000,2859.4000,2859.6000,2,3,2,2,1,1,2,3,2,13
SF,IH2006,2020-06-17 10:50:58.700,2858.6000,18371,0,7662175920.000,0,-,-,-,-,2858.4000,2858.2000,2858.0000,2857.8000,2857.6000,2858.6000,2859.0000,2859.2000,2859.4000,2859.6000,1,3,2,2,1,2,2,3,2,13
SF,IH2006,2020-06-17 10:50:59.200,2858.6000,18370,-1,7663891020.000,2,0,2,空平,B,2858.2000,2857.8000,2857.6000,2857.4000,2857.2000,2858.6000,2859.0000,2859.2000,2859.4000,2859.6000,3,2,1,1,2,2,2,3,2,13
SF,IH2006,2020-06-17 10:50:59.700,2858.6000,18368,-2,7665606180.000,2,0,2,双平,B,2858.2000,2857.8000,2857.6000,2857.4000,2857.2000,2859.0000,2859.2000,2859.4000,2859.6000,2859.8000,3,2,1,1,2,2,3,2,13,7
SF,IH2006,2020-06-17 10:51:00.200,2858.6000,18368,0,7665606180.000,0,-,-,-,-,2858.4000,2858.2000,2857.8000,2857.6000,2857.4000,2858.8000,2859.0000,2859.2000,2859.4000,2859.6000,1,3,2,1,1,12,2,2,2,13
SF,IH2006,2020-06-17 10:51:00.700,2858.4000,18367,-1,7666463700.000,1,0,1,双平,B,2858.2000,2857.8000,2857.6000,2857.4000,2857.2000,2858.8000,2859.0000,2859.2000,2859.4000,2859.6000,3,2,1,1,2,12,2,2,2,13
SF,IH2006,2020-06-17 10:51:01.700,2858.4000,18367,0,7666463700.000,0,-,-,-,-,2858.2000,2857.8000,2857.6000,2857.4000,2857.2000,2858.6000,2858.8000,2859.0000,2859.2000,2859.4000,3,2,1,1,2,1,11,2,2,2
SF,IH2006,2020-06-17 10:51:02.200,2858.4000,18367,0,7666463700.000,0,-,-,-,-,2857.8000,2857.6000,2857.4000,2857.2000,2856.8000,2858.6000,2858.8000,2859.0000,2859.2000,2859.4000,2,1,1,2,1,2,10,2,2,2
SF,IH2006,2020-06-17 10:51:02.700,2858.4000,18367,0,7666463700.000,0,-,-,-,-,2857.8000,2857.6000,2857.4000,2857.2000,2856.8000,2858.4000,2858.6000,2858.8000,2859.0000,2859.2000,2,1,1,2,1,6,1,5,2,2
SF,IH2006,2020-06-17 10:51:03.200,2858.4000,18367,0,7666463700.000,0,-,-,-,-,2857.8000,2857.6000,2857.4000,2857.2000,2856.8000,2858.4000,2858.8000,2859.0000,2859.2000,2859.4000,3,1,1,2,1,6,2,2,2,2
SF,IH2006,2020-06-17 10:51:04.200,2858.4000,18367,0,7666463700.000,0,-,-,-,-,2858.0000,2857.8000,2857.6000,2857.4000,2857.2000,2858.4000,2858.8000,2859.0000,2859.2000,2859.4000,1,3,1,1,2,6,2,2,2,2
SF,IH2006,2020-06-17 10:51:04.700,2858.4000,18367,0,7666463700.000,0,-,-,-,-,2858.0000,2857.8000,2857.6000,2857.4000,2857.2000,2858.4000,2858.8000,2859.0000,2859.2000,2859.4000,3,3,1,1,2,5,2,2,2,2
SF,IH2006,2020-06-17 10:51:06.200,2858.4000,18367,0,7666463700.000,0,-,-,-,-,2858.0000,2857.8000,2857.6000,2857.4000,2857.2000,2858.4000,2858.8000,2859.0000,2859.2000,2859.4000,2,3,1,1,2,5,2,2,2,2
SF,IH2006,2020-06-17 10:51:06.700,2858.0000,18368,1,7669035900.000,3,2,1,多开,B,2857.8000,2857.6000,2857.4000,2857.2000,2856.8000,2858.0000,2858.4000,2858.8000,2859.0000,2859.2000,3,1,1,2,1,1,6,1,2,2
SF,IH2006,2020-06-17 10:51:07.200,2858.0000,18368,0,7669035900.000,0,-,-,-,-,2858.2000,2857.8000,2857.6000,2857.4000,2857.2000,2858.4000,2859.0000,2859.2000,2859.4000,2859.6000,1,1,2,1,2,6,2,3,2,13
SF,IH2006,2020-06-17 10:51:07.700,2857.8000,18368,0,7670750700.000,2,1,1,空换,B,2857.6000,2857.2000,2856.8000,2856.6000,2856.4000,2857.8000,2858.0000,2858.2000,2858.4000,2859.0000,2,2,1,1,1,1,12,18,6,2
SF,IH2006,2020-06-17 10:51:08.200,2857.8000,18368,0,7670750700.000,0,-,-,-,-,2857.6000,2857.2000,2856.8000,2856.6000,2856.4000,2858.2000,2858.4000,2859.0000,2859.2000,2859.4000,2,2,1,1,1,13,4,2,3,2
SF,IH2006,2020-06-17 10:51:08.700,2857.8000,18368,0,7670750700.000,0,-,-,-,-,2857.6000,2857.2000,2856.8000,2856.6000,2856.4000,2858.2000,2858.4000,2859.0000,2859.2000,2859.4000,4,2,1,1,1,8,4,2,3,2
SF,IH2006,2020-06-17 10:51:09.200,2857.8000,18368,0,7670750700.000,0,-,-,-,-,2857.6000,2857.2000,2856.8000,2856.6000,2856.4000,2858.2000,2858.4000,2859.0000,2859.2000,2859.4000,4,2,1,1,1,9,4,2,3,2
SF,IH2006,2020-06-17 10:51:09.700,2857.8000,18368,0,7670750700.000,0,-,-,-,-,2857.6000,2857.2000,2856.8000,2856.6000,2856.4000,2858.0000,2858.2000,2858.4000,2859.0000,2859.2000,4,2,1,1,1,3,9,2,2,3
SF,IH2006,2020-06-17 10:51:10.200,2857.8000,18368,0,7670750700.000,0,-,-,-,-,2857.6000,2857.2000,2856.8000,2856.6000,2856.4000,2858.0000,2858.2000,2858.4000,2859.0000,2859.2000,4,2,1,1,1,3,9,1,2,3
SF,IH2006,2020-06-17 10:51:11.700,2858.0000,18368,0,7671608100.000,1,0,1,空换,B,2857.6000,2857.2000,2856.8000,2856.6000,2856.4000,2858.0000,2858.2000,2858.4000,2859.0000,2859.2000,4,2,1,1,1,2,9,1,2,3
SF,IH2006,2020-06-17 10:51:13.200,2858.0000,18368,0,7671608100.000,0,-,-,-,-,2857.6000,2857.2000,2856.8000,2856.6000,2856.4000,2857.8000,2858.0000,2858.2000,2858.4000,2859.0000,4,2,1,1,1,2,2,8,1,2
SF,IH2006,2020-06-17 10:51:13.700,2858.0000,18368,0,7671608100.000,0,-,-,-,-,2857.6000,2857.2000,2856.8000,2856.6000,2856.4000,2857.8000,2858.0000,2858.2000,2858.4000,2859.0000,2,2,1,1,1,2,2,7,1,2
SF,IH2006,2020-06-17 10:51:14.200,2857.6000,18368,0,7673322660.000,2,1,1,空换,B,2857.2000,2856.8000,2856.6000,2856.4000,2856.2000,2857.6000,2857.8000,2858.0000,2858.2000,2858.4000,2,1,1,1,1,3,2,2,6,1
SF,IH2006,2020-06-17 10:51:14.700,2857.6000,18368,0,7673322660.000,0,-,-,-,-,2857.2000,2857.0000,2856.8000,2856.6000,2856.4000,2857.6000,2857.8000,2858.0000,2858.2000,2858.4000,12,1,1,1,1,1,2,1,6,1
SF,IH2006,2020-06-17 10:51:15.200,2857.8000,18369,1,7676751900.000,4,2,2,多开,B,2857.6000,2857.2000,2857.0000,2856.8000,2856.6000,2858.0000,2858.2000,2858.4000,2859.0000,2859.2000,1,12,1,1,1,1,6,1,1,3
SF,IH2006,2020-06-17 10:51:15.700,2858.0000,18370,1,7677609300.000,1,1,0,双开,B,2857.6000,2857.4000,2857.2000,2857.0000,2856.8000,2858.2000,2858.4000,2858.6000,2859.0000,2859.2000,1,1,12,1,1,3,1,1,1,3
SF,IH2006,2020-06-17 10:51:16.200,2858.0000,18370,0,7677609300.000,0,-,-,-,-,2857.8000,2857.6000,2857.4000,2857.2000,2857.0000,2858.2000,2858.4000,2859.0000,2859.2000,2859.4000,1,2,1,12,1,3,1,1,3,2
SF,IH2006,2020-06-17 10:51:16.700,2858.0000,18370,0,7677609300.000,0,-,-,-,-,2857.8000,2857.6000,2857.4000,2857.2000,2857.0000,2858.0000,2858.2000,2858.4000,2859.0000,2859.2000,2,2,1,12,1,1,2,1,1,3
SF,IH2006,2020-06-17 10:51:17.200,2858.0000,18369,-1,7678466700.000,1,0,1,双平,B,2857.8000,2857.6000,2857.2000,2857.0000,2856.8000,2858.2000,2858.4000,2859.0000,2859.2000,2859.4000,2,2,10,1,1,2,1,1,3,2
SF,IH2006,2020-06-17 10:51:17.700,2858.0000,18369,0,7678466700.000,0,-,-,-,-,2858.0000,2857.8000,2857.6000,2857.2000,2857.0000,2858.2000,2858.4000,2859.0000,2859.2000,2859.4000,1,3,2,10,1,2,1,1,3,2
SF,IH2006,2020-06-17 10:51:19.200,2858.2000,18368,-1,7679324160.000,1,0,1,双平,B,2858.0000,2857.8000,2857.6000,2857.2000,2857.0000,2858.2000,2858.4000,2859.0000,2859.2000,2859.4000,1,3,2,10,1,1,1,1,3,2
SF,IH2006,2020-06-17 10:51:20.200,2858.2000,18368,0,7679324160.000,0,-,-,-,-,2858.0000,2857.8000,2857.6000,2857.2000,2857.0000,2858.2000,2858.4000,2859.0000,2859.2000,2859.4000,2,3,2,10,1,1,1,1,3,2
SF,IH2006,2020-06-17 10:51:20.700,2858.2000,18367,-1,7680181620.000,1,0,1,双平,B,2858.2000,2858.0000,2857.8000,2857.6000,2857.2000,2859.0000,2859.2000,2859.4000,2859.6000,2859.8000,3,2,3,2,10,1,3,2,13,7
SF,IH2006,2020-06-17 10:51:21.200,2858.2000,18367,0,7680181620.000,0,-,-,-,-,2858.2000,2858.0000,2857.8000,2857.6000,2857.2000,2858.8000,2859.0000,2859.2000,2859.4000,2859.6000,3,2,2,1,10,8,1,3,2,13
SF,IH2006,2020-06-17 10:51:21.700,2858.2000,18367,0,7680181620.000,0,-,-,-,-,2858.2000,2858.0000,2857.8000,2857.6000,2857.2000,2858.6000,2858.8000,2859.0000,2859.2000,2859.4000,2,2,2,1,10,2,8,1,2,2
SF,IH2006,2020-06-17 10:51:22.200,2858.2000,18367,0,7680181620.000,0,-,-,-,-,2858.2000,2858.0000,2857.8000,2857.6000,2857.2000,2858.6000,2858.8000,2859.0000,2859.2000,2859.4000,1,2,2,1,10,3,8,1,2,2
SF,IH2006,2020-06-17 10:51:23.700,2858.2000,18366,-1,7681039080.000,1,0,1,双平,B,2858.0000,2857.8000,2857.6000,2857.2000,2857.0000,2858.6000,2858.8000,2859.0000,2859.2000,2859.4000,2,2,1,10,1,3,8,1,2,2
SF,IH2006,2020-06-17 10:51:24.200,2858.2000,18366,0,7681039080.000,0,-,-,-,-,2858.0000,2857.8000,2857.6000,2857.2000,2857.0000,2858.6000,2858.8000,2859.0000,2859.2000,2859.4000,4,1,1,9,1,3,8,1,2,2
SF,IH2006,2020-06-17 10:51:24.700,2858.2000,18366,0,7681039080.000,0,-,-,-,-,2858.2000,2858.0000,2857.8000,2857.6000,2857.2000,2858.6000,2858.8000,2859.0000,2859.2000,2859.4000,1,4,1,1,9,3,8,1,2,2
SF,IH2006,2020-06-17 10:51:25.200,2858.6000,18365,-1,7681896660.000,1,0,1,双平,B,2858.4000,2858.2000,2858.0000,2857.8000,2857.6000,2858.8000,2859.0000,2859.2000,2859.4000,2859.6000,2,2,4,1,1,8,1,2,2,13
SF,IH2006,2020-06-17 10:51:25.700,2858.6000,18364,-1,7682754240.000,1,0,1,双平,B,2858.2000,2858.0000,2857.8000,2857.6000,2857.2000,2858.4000,2858.8000,2859.0000,2859.2000,2859.4000,2,4,1,1,8,1,8,1,2,2
SF,IH2006,2020-06-17 10:51:26.200,2858.4000,18363,-1,7683611760.000,1,0,1,双平,B,2858.4000,2858.2000,2858.0000,2857.2000,2857.0000,2858.8000,2859.2000,2859.4000,2859.6000,2859.8000,8,2,4,8,1,7,2,2,13,7
SF,IH2006,2020-06-17 10:51:26.700,2858.4000,18362,-1,7684469280.000,1,0,1,双平,B,2858.4000,2858.2000,2858.0000,2857.2000,2857.0000,2858.8000,2859.2000,2859.4000,2859.6000,2859.8000,6,2,4,8,1,3,2,2,13,7
SF,IH2006,2020-06-17 10:51:27.200,2858.4000,18361,-1,7685326800.000,1,0,1,双平,B,2858.4000,2858.2000,2858.0000,2857.2000,2857.0000,2858.8000,2859.2000,2859.4000,2859.6000,2859.8000,6,2,4,7,1,2,2,2,13,7
SF,IH2006,2020-06-17 10:51:27.700,2858.8000,18361,0,7686184440.000,1,0,1,空换,B,2858.4000,2858.2000,2858.0000,2857.2000,2857.0000,2859.2000,2859.4000,2859.6000,2859.8000,2860.0000,6,2,4,7,1,2,2,13,7,2
SF,IH2006,2020-06-17 10:51:28.200,2859.0000,18360,-1,7689615240.000,4,1,3,空平,B,2858.4000,2858.2000,2858.0000,2857.2000,2857.0000,2859.2000,2859.4000,2859.6000,2859.8000,2860.0000,6,2,4,7,1,2,3,13,7,2
SF,IH2006,2020-06-17 10:51:28.700,2859.0000,18360,0,7689615240.000,0,-,-,-,-,2858.6000,2858.4000,2858.2000,2858.0000,2857.2000,2859.0000,2859.2000,2859.4000,2859.6000,2859.8000,3,6,1,4,7,1,3,3,13,7
SF,IH2006,2020-06-17 10:51:29.200,2859.0000,18360,0,7689615240.000,0,-,-,-,-,2858.6000,2858.4000,2858.2000,2858.0000,2857.2000,2859.0000,2859.2000,2859.4000,2859.6000,2859.8000,3,6,1,4,5,1,3,3,13,7
SF,IH2006,2020-06-17 10:51:29.700,2859.0000,18360,0,7689615240.000,0,-,-,-,-,2858.6000,2858.4000,2858.2000,2858.0000,2857.2000,2859.0000,2859.2000,2859.4000,2859.6000,2859.8000,3,6,1,4,1,1,3,3,13,7
SF,IH2006,2020-06-17 10:51:30.200,2859.0000,18360,0,7689615240.000,0,-,-,-,-,2858.4000,2858.2000,2858.0000,2857.2000,2857.0000,2858.6000,2858.8000,2859.0000,2859.2000,2859.4000,6,1,4,1,2,1,2,1,3,3
SF,IH2006,2020-06-17 10:51:30.700,2858.6000,18360,0,7690472820.000,1,0,1,空换,B,2858.6000,2858.4000,2858.2000,2858.0000,2857.2000,2858.8000,2859.0000,2859.2000,2859.4000,2859.6000,1,6,1,4,1,2,1,3,3,13
SF,IH2006,2020-06-17 10:51:31.200,2858.6000,18360,0,7690472820.000,0,-,-,-,-,2858.6000,2858.4000,2858.2000,2858.0000,2857.2000,2858.8000,2859.0000,2859.2000,2859.4000,2859.6000,1,6,1,4,1,2,1,2,3,14
SF,IH2006,2020-06-17 10:51:32.200,2858.6000,18360,0,7690472820.000,0,-,-,-,-,2858.6000,2858.4000,2858.2000,2858.0000,2857.2000,2858.8000,2859.0000,2859.2000,2859.4000,2859.6000,1,6,1,4,1,1,1,3,3,14
SF,IH2006,2020-06-17 10:51:32.700,2858.8000,18359,-1,7691330460.000,1,0,1,双平,B,2858.6000,2858.4000,2858.2000,2858.0000,2857.2000,2859.0000,2859.2000,2859.4000,2859.6000,2859.8000,1,6,1,4,1,1,3,3,13,8
SF,IH2006,2020-06-17 10:51:33.200,2858.8000,18359,0,7691330460.000,0,-,-,-,-,2858.6000,2858.4000,2858.2000,2858.0000,2857.2000,2859.2000,2859.4000,2859.6000,2859.8000,2860.0000,2,6,1,4,1,3,3,13,8,2
SF,IH2006,2020-06-17 10:51:33.700,2858.8000,18359,0,7691330460.000,0,-,-,-,-,2858.6000,2858.4000,2858.2000,2858.0000,2857.2000,2859.0000,2859.2000,2859.4000,2859.6000,2859.8000,1,6,1,4,1,1,3,3,13,8
SF,IH2006,2020-06-17 10:51:34.200,2858.8000,18359,0,7691330460.000,0,-,-,-,-,2858.8000,2858.6000,2858.4000,2858.2000,2858.0000,2859.0000,2859.2000,2859.4000,2859.6000,2859.8000,1,1,6,1,4,1,3,3,13,8
SF,IH2006,2020-06-17 10:51:35.700,2858.8000,18358,-1,7692188100.000,1,0,1,双平,B,2858.6000,2858.4000,2858.2000,2858.0000,2857.2000,2859.0000,2859.2000,2859.4000,2859.6000,2859.8000,1,6,1,4,1,1,3,3,13,8
SF,IH2006,2020-06-17 10:51:36.200,2858.8000,18358,0,7692188100.000,0,-,-,-,-,2858.6000,2858.4000,2858.2000,2858.0000,2857.2000,2858.8000,2859.0000,2859.2000,2859.4000,2859.6000,1,6,1,4,1,1,2,3,3,13
SF,IH2006,2020-06-17 10:51:37.200,2859.0000,18356,-2,7694761140.000,3,0,3,空平,B,2859.0000,2858.8000,2858.6000,2858.4000,2858.2000,2859.2000,2859.4000,2859.6000,2859.8000,2860.0000,2,1,1,6,1,3,3,13,8,2
SF,IH2006,2020-06-17 10:51:37.700,2859.0000,18351,-5,7699049640.000,5,0,5,双平,B,2858.8000,2858.4000,2858.2000,2858.0000,2857.2000,2859.0000,2859.2000,2859.4000,2859.6000,2859.8000,1,6,1,2,1,2,3,3,13,8
SF,IH2006,2020-06-17 10:51:38.200,2858.8000,18350,-1,7699907280.000,1,0,1,双平,B,2858.4000,2858.2000,2858.0000,2857.2000,2857.0000,2859.0000,2859.2000,2859.4000,2859.6000,2859.8000,6,1,2,1,2,2,3,3,13,8
SF,IH2006,2020-06-17 10:51:38.700,2858.8000,18350,0,7699907280.000,0,-,-,-,-,2858.6000,2858.4000,2858.2000,2858.0000,2857.2000,2859.2000,2859.4000,2859.6000,2859.8000,2860.0000,1,6,1,2,1,3,2,13,8,2
SF,IH2006,2020-06-17 10:51:39.200,2859.0000,18349,-1,7700764980.000,1,0,1,双平,B,2858.8000,2858.6000,2858.4000,2858.2000,2858.0000,2859.2000,2859.4000,2859.6000,2859.8000,2860.0000,1,2,7,1,1,3,2,13,8,2
SF,IH2006,2020-06-17 10:51:39.700,2859.0000,18349,0,7700764980.000,0,-,-,-,-,2858.8000,2858.6000,2858.4000,2858.2000,2858.0000,2859.2000,2859.4000,2859.6000,2859.8000,2860.0000,1,2,7,1,1,3,3,13,8,2
SF,IH2006,2020-06-17 10:51:40.200,2858.8000,18348,-1,7701622620.000,1,0,1,双平,B,2858.8000,2858.6000,2858.4000,2858.2000,2858.0000,2859.2000,2859.4000,2859.6000,2859.8000,2860.0000,1,2,7,1,1,3,3,13,8,2
SF,IH2006,2020-06-17 10:51:40.700,2858.8000,18348,0,7701622620.000,0,-,-,-,-,2858.8000,2858.6000,2858.4000,2858.2000,2858.0000,2859.0000,2859.2000,2859.4000,2859.6000,2859.8000,1,2,7,1,1,1,3,3,13,8
SF,IH2006,2020-06-17 10:51:41.700,2859.0000,18347,-1,7704195600.000,3,1,2,空平,B,2859.0000,2858.6000,2858.4000,2858.2000,2858.0000,2859.2000,2859.4000,2859.6000,2859.8000,2860.0000,1,2,7,1,1,3,3,13,8,2
SF,IH2006,2020-06-17 10:51:42.200,2859.0000,18346,-1,7705053300.000,1,0,1,双平,B,2858.6000,2858.4000,2858.2000,2858.0000,2857.2000,2858.8000,2859.0000,2859.2000,2859.4000,2859.6000,2,7,1,1,1,1,10,3,3,13
SF,IH2006,2020-06-17 10:51:42.700,2858.6000,18345,-1,7705910880.000,1,0,1,双平,B,2858.6000,2858.4000,2858.2000,2858.0000,2857.2000,2859.0000,2859.2000,2859.4000,2859.6000,2859.8000,5,7,1,1,1,7,3,2,13,8
SF,IH2006,2020-06-17 10:51:43.200,2858.6000,18345,0,7705910880.000,0,-,-,-,-,2858.6000,2858.4000,2858.2000,2858.0000,2857.2000,2859.0000,2859.2000,2859.4000,2859.6000,2859.8000,5,7,1,1,1,6,3,2,13,8
SF,IH2006,2020-06-17 10:51:43.700,2858.6000,18345,0,7705910880.000,0,-,-,-,-,2858.6000,2858.4000,2858.2000,2858.0000,2857.2000,2859.0000,2859.2000,2859.4000,2859.6000,2859.8000,5,7,1,1,1,4,3,2,13,8
SF,IH2006,2020-06-17 10:51:44.200,2859.0000,18342,-3,7708483980.000,3,0,3,双平,B,2858.6000,2858.4000,2858.2000,2858.0000,2857.2000,2859.0000,2859.2000,2859.4000,2859.6000,2859.8000,6,7,1,1,1,1,3,2,13,8
SF,IH2006,2020-06-17 10:51:45.700,2859.0000,18342,0,7708483980.000,0,-,-,-,-,2859.0000,2858.6000,2858.4000,2858.2000,2858.0000,2859.2000,2859.4000,2859.6000,2859.8000,2860.0000,1,6,7,1,1,3,2,13,8,2
SF,IH2006,2020-06-17 10:51:46.200,2859.0000,18342,0,7709341680.000,1,0,1,空换,B,2858.6000,2858.4000,2858.2000,2858.0000,2857.2000,2859.0000,2859.2000,2859.4000,2859.6000,2859.8000,6,7,1,1,1,2,3,2,13,8
SF,IH2006,2020-06-17 10:51:46.700,2859.0000,18342,0,7709341680.000,0,-,-,-,-,2858.6000,2858.4000,2858.2000,2858.0000,2857.2000,2859.2000,2859.4000,2859.6000,2859.8000,2860.0000,6,7,1,1,1,3,2,13,7,2
SF,IH2006,2020-06-17 10:51:47.200,2859.0000,18342,0,7709341680.000,0,-,-,-,-,2858.8000,2858.6000,2858.4000,2858.2000,2858.0000,2859.0000,2859.2000,2859.4000,2859.6000,2859.8000,1,5,7,1,1,1,3,2,13,7
SF,IH2006,2020-06-17 10:51:50.700,2858.8000,18341,-1,7710199320.000,1,0,1,双平,B,2858.6000,2858.4000,2858.2000,2858.0000,2857.2000,2859.0000,2859.2000,2859.4000,2859.6000,2859.8000,5,7,1,1,1,1,3,2,13,7
SF,IH2006,2020-06-17 10:51:51.200,2858.8000,18341,0,7710199320.000,0,-,-,-,-,2858.6000,2858.4000,2858.2000,2858.0000,2857.2000,2858.8000,2859.0000,2859.2000,2859.4000,2859.6000,6,7,1,1,1,1,1,3,2,13
SF,IH2006,2020-06-17 10:51:51.700,2858.8000,18341,0,7711056960.000,1,0,1,空换,B,2858.8000,2858.6000,2858.4000,2858.2000,2858.0000,2859.0000,2859.2000,2859.4000,2859.6000,2859.8000,17,6,7,1,1,1,3,2,13,7
SF,IH2006,2020-06-17 10:51:52.200,2859.0000,18340,-1,7711914660.000,1,0,1,双平,B,2858.8000,2858.6000,2858.4000,2858.2000,2858.0000,2859.2000,2859.4000,2859.6000,2859.8000,2860.0000,6,5,5,1,1,3,2,13,7,2
SF,IH2006,2020-06-17 10:51:52.700,2859.2000,18340,0,7714487940.000,3,1,2,空换,B,2858.8000,2858.6000,2858.4000,2858.2000,2858.0000,2859.4000,2859.6000,2859.8000,2860.0000,2860.4000,6,5,5,1,1,2,13,7,2,4
SF,IH2006,2020-06-17 10:51:53.200,2859.2000,18340,0,7714487940.000,0,-,-,-,-,2858.8000,2858.6000,2858.4000,2858.2000,2858.0000,2859.4000,2859.6000,2859.8000,2860.0000,2860.4000,8,5,5,1,1,3,13,7,2,4
SF,IH2006,2020-06-17 10:51:53.700,2859.2000,18340,0,7714487940.000,0,-,-,-,-,2858.8000,2858.6000,2858.4000,2858.2000,2858.0000,2859.4000,2859.6000,2859.8000,2860.0000,2860.4000,8,6,5,1,1,3,13,7,2,4
SF,IH2006,2020-06-17 10:51:54.200,2859.2000,18340,0,7714487940.000,0,-,-,-,-,2859.0000,2858.8000,2858.6000,2858.4000,2858.2000,2859.4000,2859.6000,2859.8000,2860.0000,2860.4000,1,9,6,5,1,3,13,6,2,4
SF,IH2006,2020-06-17 10:51:54.700,2859.2000,18340,0,7714487940.000,0,-,-,-,-,2859.0000,2858.8000,2858.6000,2858.4000,2858.2000,2859.4000,2859.6000,2859.8000,2860.0000,2860.4000,6,5,6,4,1,1,13,6,2,5
SF,IH2006,2020-06-17 10:51:55.200,2859.2000,18340,0,7714487940.000,0,-,-,-,-,2859.0000,2858.8000,2858.6000,2858.4000,2858.2000,2859.2000,2859.4000,2859.6000,2859.8000,2860.0000,6,6,6,4,1,1,2,13,6,2
SF,IH2006,2020-06-17 10:51:55.700,2859.0000,18339,-1,7715345640.000,1,0,1,双平,B,2859.0000,2858.8000,2858.6000,2858.4000,2858.2000,2859.2000,2859.4000,2859.6000,2859.8000,2860.0000,3,6,6,4,1,1,2,13,6,2
SF,IH2006,2020-06-17 10:51:57.700,2859.0000,18338,-1,7716203340.000,1,0,1,双平,B,2859.0000,2858.8000,2858.6000,2858.4000,2858.2000,2859.2000,2859.4000,2859.6000,2859.8000,2860.0000,2,6,6,4,1,1,2,13,6,2
SF,IH2006,2020-06-17 10:51:58.200,2859.0000,18340,2,7718776440.000,3,2,1,多开,B,2858.8000,2858.6000,2858.4000,2858.2000,2858.0000,2859.2000,2859.4000,2859.6000,2859.8000,2860.0000,6,6,4,1,1,2,2,13,6,2
SF,IH2006,2020-06-17 10:51:59.200,2859.0000,18340,0,7718776440.000,0,-,-,-,-,2859.0000,2858.8000,2858.6000,2858.4000,2858.2000,2859.2000,2859.4000,2859.6000,2859.8000,2860.0000,3,5,6,4,1,2,2,13,6,2
SF,IH2006,2020-06-17 10:51:59.700,2859.2000,18339,-1,7719634200.000,1,0,1,双平,B,2859.2000,2859.0000,2858.8000,2858.6000,2858.4000,2859.4000,2859.6000,2859.8000,2860.0000,2860.4000,2,3,5,6,4,2,13,6,2,5
SF,IH2006,2020-06-17 10:52:00.200,2859.0000,18337,-2,7723065180.000,4,1,3,空平,B,2859.0000,2858.8000,2858.6000,2858.4000,2858.2000,2859.4000,2859.6000,2859.8000,2860.0000,2860.4000,2,5,6,4,1,2,13,6,2,5
SF,IH2006,2020-06-17 10:52:00.700,2859.0000,18337,0,7723065180.000,0,-,-,-,-,2859.0000,2858.8000,2858.6000,2858.4000,2858.2000,2859.4000,2859.6000,2859.8000,2860.0000,2860.4000,3,5,6,4,1,2,13,6,2,5
SF,IH2006,2020-06-17 10:52:01.200,2859.0000,18337,0,7723065180.000,0,-,-,-,-,2859.2000,2859.0000,2858.8000,2858.6000,2858.4000,2859.4000,2859.6000,2859.8000,2860.0000,2860.4000,4,4,3,6,3,2,13,6,2,5
SF,IH2006,2020-06-17 10:52:01.700,2859.2000,18335,-2,7724780700.000,2,0,2,双平,B,2859.2000,2859.0000,2858.8000,2858.6000,2858.4000,2859.4000,2859.6000,2859.8000,2860.0000,2860.4000,4,4,2,6,3,2,13,6,2,5
SF,IH2006,2020-06-17 10:52:02.200,2859.4000,18333,-2,7726496280.000,2,0,2,双平,B,2859.2000,2859.0000,2858.8000,2858.6000,2858.4000,2859.4000,2859.6000,2859.8000,2860.0000,2860.4000,3,4,2,6,3,1,13,6,2,5
SF,IH2006,2020-06-17 10:52:02.700,2859.4000,18332,-1,7727354100.000,1,0,1,双平,B,2859.4000,2859.2000,2859.0000,2858.8000,2858.6000,2859.6000,2859.8000,2860.0000,2860.4000,2860.6000,1,2,4,2,6,13,6,2,5,4
SF,IH2006,2020-06-17 10:52:03.200,2859.2000,18332,0,7729069680.000,2,1,1,空换,B,2859.2000,2859.0000,2858.8000,2858.6000,2858.4000,2859.4000,2859.6000,2859.8000,2860.0000,2860.4000,1,4,2,6,3,6,13,7,2,5
SF,IH2006,2020-06-17 10:52:03.700,2859.2000,18332,0,7729069680.000,0,-,-,-,-,2859.2000,2859.0000,2858.8000,2858.6000,2858.4000,2859.4000,2859.6000,2859.8000,2860.0000,2860.4000,1,4,2,6,3,5,13,7,2,5
SF,IH2006,2020-06-17 10:52:04.200,2859.2000,18332,0,7729069680.000,0,-,-,-,-,2859.0000,2858.8000,2858.6000,2858.4000,2858.2000,2859.2000,2859.4000,2859.6000,2859.8000,2860.0000,4,2,6,3,1,2,4,13,7,2
SF,IH2006,2020-06-17 10:52:04.700,2859.0000,18331,-1,7729927380.000,1,0,1,双平,B,2859.0000,2858.8000,2858.6000,2858.4000,2858.2000,2859.2000,2859.4000,2859.6000,2859.8000,2860.0000,1,2,6,3,1,1,3,13,7,2
SF,IH2006,2020-06-17 10:52:05.200,2859.0000,18331,0,7729927380.000,0,-,-,-,-,2859.0000,2858.8000,2858.6000,2858.4000,2858.2000,2859.2000,2859.4000,2859.6000,2859.8000,2860.0000,1,2,5,3,1,2,3,13,7,2
SF,IH2006,2020-06-17 10:52:06.200,2859.2000,18331,0,7730785140.000,1,0,1,空换,B,2859.0000,2858.8000,2858.6000,2858.4000,2858.2000,2859.2000,2859.4000,2859.6000,2859.8000,2860.0000,2,2,5,3,1,1,3,13,7,2
SF,IH2006,2020-06-17 10:52:06.700,2859.2000,18331,0,7730785140.000,0,-,-,-,-,2859.2000,2859.0000,2858.8000,2858.6000,2858.4000,2859.4000,2859.6000,2859.8000,2860.0000,2860.4000,2,2,2,5,3,3,13,7,2,5
SF,IH2006,2020-06-17 10:52:07.200,2859.2000,18331,0,7730785140.000,0,-,-,-,-,2859.2000,2859.0000,2858.8000,2858.6000,2858.4000,2859.4000,2859.6000,2859.8000,2860.0000,2860.4000,1,2,2,5,3,3,13,7,2,5
SF,IH2006,2020-06-17 10:52:07.700,2859.2000,18330,-1,7731642900.000,1,0,1,双平,B,2859.0000,2858.8000,2858.6000,2858.4000,2858.2000,2859.4000,2859.6000,2859.8000,2860.0000,2860.4000,2,2,5,3,1,3,13,7,2,5
SF,IH2006,2020-06-17 10:52:08.200,2859.2000,18330,0,7731642900.000,0,-,-,-,-,2859.0000,2858.8000,2858.6000,2858.4000,2858.2000,2859.2000,2859.4000,2859.6000,2859.8000,2860.0000,2,2,5,3,1,2,3,13,7,2
SF,IH2006,2020-06-17 10:52:08.700,2859.0000,18329,-1,7732500600.000,1,0,1,双平,B,2859.0000,2858.8000,2858.6000,2858.4000,2858.2000,2859.2000,2859.4000,2859.6000,2859.8000,2860.0000,1,2,5,3,1,2,3,13,7,2
SF,IH2006,2020-06-17 10:52:09.200,2859.0000,18329,0,7732500600.000,0,-,-,-,-,2858.8000,2858.6000,2858.4000,2858.2000,2858.0000,2859.2000,2859.4000,2859.6000,2859.8000,2860.0000,2,5,3,1,1,1,3,13,7,2
SF,IH2006,2020-06-17 10:52:09.700,2859.0000,18329,0,7732500600.000,0,-,-,-,-,2858.8000,2858.6000,2858.4000,2858.2000,2858.0000,2859.0000,2859.2000,2859.4000,2859.6000,2859.8000,2,5,3,1,1,1,2,3,13,7
SF,IH2006,2020-06-17 10:52:10.200,2859.0000,18329,0,7732500600.000,0,-,-,-,-,2858.8000,2858.6000,2858.4000,2858.2000,2858.0000,2859.0000,2859.2000,2859.4000,2859.6000,2859.8000,2,5,3,1,1,1,2,4,13,7
SF,IH2006,2020-06-17 10:52:10.700,2859.0000,18329,0,7733358300.000,1,0,1,空换,B,2858.8000,2858.6000,2858.4000,2858.2000,2858.0000,2859.2000,2859.4000,2859.6000,2859.8000,2860.0000,1,5,3,1,1,2,4,13,7,2
SF,IH2006,2020-06-17 10:52:11.200,2858.6000,18327,-2,7735073520.000,2,0,2,双平,B,2858.6000,2858.4000,2858.2000,2858.0000,2857.2000,2859.2000,2859.4000,2859.6000,2859.8000,2860.0000,4,3,1,1,1,2,4,13,7,2
SF,IH2006,2020-06-17 10:52:11.700,2858.6000,18327,0,7735073520.000,0,-,-,-,-,2858.6000,2858.4000,2858.2000,2858.0000,2857.2000,2859.2000,2859.4000,2859.6000,2859.8000,2860.0000,4,3,1,1,1,3,4,13,7,2
SF,IH2006,2020-06-17 10:52:12.200,2858.6000,18326,-1,7735931100.000,1,0,1,双平,B,2858.8000,2858.6000,2858.4000,2858.2000,2858.0000,2859.2000,2859.4000,2859.6000,2859.8000,2860.0000,2,5,3,1,1,2,4,13,7,2
SF,IH2006,2020-06-17 10:52:12.700,2858.6000,18326,0,7735931100.000,0,-,-,-,-,2858.6000,2858.4000,2858.2000,2858.0000,2857.2000,2859.0000,2859.2000,2859.4000,2859.6000,2859.8000,5,3,1,1,1,1,2,5,13,7
SF,IH2006,2020-06-17 10:52:13.200,2858.6000,18326,0,7735931100.000,0,-,-,-,-,2858.8000,2858.6000,2858.4000,2858.2000,2858.0000,2859.0000,2859.2000,2859.4000,2859.6000,2859.8000,2,5,3,1,1,1,2,5,13,7
SF,IH2006,2020-06-17 10:52:13.700,2859.0000,18327,1,7736788800.000,1,1,0,双开,B,2858.8000,2858.6000,2858.4000,2858.2000,2858.0000,2859.2000,2859.4000,2859.6000,2859.8000,2860.0000,2,5,3,1,1,2,5,13,6,2
SF,IH2006,2020-06-17 10:52:14.200,2859.0000,18327,0,7736788800.000,0,-,-,-,-,2858.8000,2858.6000,2858.4000,2858.2000,2858.0000,2859.2000,2859.4000,2859.6000,2859.8000,2860.0000,2,5,3,1,1,2,7,13,6,2
SF,IH2006,2020-06-17 10:52:15.700,2859.0000,18327,0,7736788800.000,0,-,-,-,-,2858.8000,2858.6000,2858.4000,2858.2000,2858.0000,2859.2000,2859.4000,2859.6000,2859.8000,2860.0000,1,5,3,1,1,2,7,13,6,2
SF,IH2006,2020-06-17 10:52:16.200,2859.0000,18327,0,7736788800.000,0,-,-,-,-,2858.6000,2858.4000,2858.2000,2858.0000,2857.2000,2859.2000,2859.4000,2859.6000,2859.8000,2860.0000,5,3,1,1,1,2,7,13,6,2
SF,IH2006,2020-06-17 10:52:16.700,2859.0000,18327,0,7737646500.000,1,0,1,空换,B,2858.6000,2858.4000,2858.2000,2858.0000,2857.2000,2859.2000,2859.4000,2859.6000,2859.8000,2860.0000,5,3,1,1,1,2,7,13,6,2
SF,IH2006,2020-06-17 10:52:17.200,2859.4000,18323,-4,7741077360.000,4,0,4,双平,B,2858.6000,2858.4000,2858.2000,2858.0000,2857.2000,2859.4000,2859.6000,2859.8000,2860.0000,2860.4000,4,3,1,1,1,6,13,6,2,5
SF,IH2006,2020-06-17 10:52:17.700,2859.4000,18321,-2,7744508640.000,4,1,3,空平,B,2858.8000,2858.6000,2858.4000,2858.2000,2858.0000,2859.4000,2859.6000,2859.8000,2860.0000,2860.4000,1,8,3,1,1,3,13,6,2,5
SF,IH2006,2020-06-17 10:52:18.200,2859.4000,18321,0,7745366460.000,1,0,1,空换,B,2858.8000,2858.6000,2858.4000,2858.2000,2858.0000,2859.2000,2859.4000,2859.6000,2859.8000,2860.0000,1,5,3,1,1,2,3,13,6,2
SF,IH2006,2020-06-17 10:52:18.700,2859.6000,18318,-3,7749655620.000,5,1,4,空平,B,2858.8000,2858.6000,2858.4000,2858.2000,2858.0000,2859.6000,2859.8000,2860.0000,2860.4000,2860.6000,1,5,3,1,1,12,6,2,5,4
SF,IH2006,2020-06-17 10:52:19.200,2859.6000,18318,0,7749655620.000,0,-,-,-,-,2859.0000,2858.8000,2858.6000,2858.4000,2858.2000,2859.6000,2859.8000,2860.0000,2860.4000,2860.6000,3,6,5,3,1,13,6,2,5,4
SF,IH2006,2020-06-17 10:52:19.700,2859.0000,18318,0,7750513320.000,1,0,1,空换,B,2859.0000,2858.8000,2858.6000,2858.4000,2858.2000,2859.4000,2859.6000,2859.8000,2860.0000,2860.4000,3,5,5,3,1,1,13,6,2,5
SF,IH2006,2020-06-17 10:52:20.200,2859.0000,18318,0,7750513320.000,0,-,-,-,-,2859.0000,2858.8000,2858.6000,2858.4000,2858.2000,2859.6000,2859.8000,2860.0000,2860.4000,2860.6000,2,5,5,3,1,13,6,2,4,4
SF,IH2006,2020-06-17 10:52:20.700,2859.0000,18318,0,7750513320.000,0,-,-,-,-,2859.2000,2859.0000,2858.8000,2858.6000,2858.4000,2859.4000,2859.6000,2859.8000,2860.0000,2860.4000,2,3,5,5,3,1,13,7,2,4
SF,IH2006,2020-06-17 10:52:21.700,2859.2000,18317,-1,7751371080.000,1,0,1,双平,B,2859.2000,2859.0000,2858.8000,2858.6000,2858.4000,2859.4000,2859.6000,2859.8000,2860.0000,2860.4000,1,3,5,5,3,1,13,7,2,4
SF,IH2006,2020-06-17 10:52:22.200,2859.2000,18317,0,7751371080.000,0,-,-,-,-,2859.0000,2858.8000,2858.6000,2858.4000,2858.2000,2859.4000,2859.6000,2859.8000,2860.0000,2860.4000,3,5,5,3,1,1,13,7,2,4
SF,IH2006,2020-06-17 10:52:23.200,2859.2000,18317,0,7751371080.000,0,-,-,-,-,2859.0000,2858.8000,2858.6000,2858.4000,2858.2000,2859.2000,2859.4000,2859.6000,2859.8000,2860.0000,3,5,5,3,1,1,1,13,7,2
SF,IH2006,2020-06-17 10:52:23.700,2859.2000,18317,0,7751371080.000,0,-,-,-,-,2859.0000,2858.8000,2858.6000,2858.4000,2858.2000,2859.2000,2859.4000,2859.6000,2859.8000,2860.0000,2,5,5,3,1,1,1,13,7,2
SF,IH2006,2020-06-17 10:52:24.200,2859.2000,18317,0,7751371080.000,0,-,-,-,-,2859.0000,2858.8000,2858.6000,2858.4000,2858.2000,2859.2000,2859.4000,2859.6000,2859.8000,2860.0000,1,5,5,3,1,1,1,13,7,2
SF,IH2006,2020-06-17 10:52:24.700,2859.2000,18317,0,7751371080.000,0,-,-,-,-,2858.8000,2858.6000,2858.4000,2858.2000,2858.0000,2859.2000,2859.6000,2859.8000,2860.0000,2860.4000,5,5,3,1,1,1,13,7,2,4
SF,IH2006,2020-06-17 10:52:25.200,2859.2000,18317,0,7751371080.000,0,-,-,-,-,2858.8000,2858.6000,2858.4000,2858.2000,2858.0000,2859.0000,2859.2000,2859.6000,2859.8000,2860.0000,3,5,3,1,1,1,1,13,8,2
SF,IH2006,2020-06-17 10:52:25.700,2859.2000,18317,0,7751371080.000,0,-,-,-,-,2858.8000,2858.6000,2858.4000,2858.2000,2858.0000,2859.0000,2859.2000,2859.6000,2859.8000,2860.0000,2,5,3,1,1,1,1,13,8,2
SF,IH2006,2020-06-17 10:52:27.700,2859.2000,18317,0,7751371080.000,0,-,-,-,-,2858.8000,2858.6000,2858.4000,2858.2000,2858.0000,2859.0000,2859.2000,2859.6000,2859.8000,2860.0000,2,5,3,1,1,1,1,1,8,2
SF,IH2006,2020-06-17 10:52:29.200,2859.2000,18317,0,7751371080.000,0,-,-,-,-,2858.8000,2858.6000,2858.4000,2858.2000,2858.0000,2859.0000,2859.2000,2859.6000,2859.8000,2860.0000,2,5,3,1,1,1,1,1,8,2
SF,IH2006,2020-06-17 10:52:29.700,2859.2000,18317,0,7751371080.000,0,-,-,-,-,2858.8000,2858.6000,2858.4000,2858.2000,2858.0000,2859.2000,2859.6000,2859.8000,2860.0000,2860.2000,3,5,3,1,1,1,1,8,2,1
SF,IH2006,2020-06-17 10:52:30.200,2859.2000,18317,0,7751371080.000,0,-,-,-,-,2858.8000,2858.6000,2858.4000,2858.2000,2858.0000,2859.0000,2859.2000,2859.6000,2859.8000,2860.0000,4,5,3,1,1,1,1,1,8,2
SF,IH2006,2020-06-17 10:52:30.700,2859.0000,18317,0,7752228780.000,1,0,1,空换,B,2859.0000,2858.8000,2858.6000,2858.4000,2858.2000,2859.2000,2859.6000,2859.8000,2860.0000,2860.2000,1,4,5,3,1,1,1,8,2,1
SF,IH2006,2020-06-17 10:52:31.200,2859.2000,18318,1,7753086540.000,1,1,0,双开,B,2859.0000,2858.8000,2858.6000,2858.4000,2858.2000,2859.6000,2859.8000,2860.0000,2860.2000,2860.4000,2,3,5,3,1,2,8,2,1,5
SF,IH2006,2020-06-17 10:52:31.700,2859.2000,18318,0,7753086540.000,0,-,-,-,-,2859.0000,2858.8000,2858.6000,2858.4000,2858.2000,2859.4000,2859.6000,2859.8000,2860.0000,2860.2000,6,3,5,3,1,1,2,8,2,1
SF,IH2006,2020-06-17 10:52:32.200,2859.0000,18317,-1,7753944240.000,1,0,1,双平,B,2859.0000,2858.8000,2858.6000,2858.4000,2858.2000,2859.4000,2859.6000,2859.8000,2860.0000,2860.2000,2,3,5,3,1,1,2,8,2,1
SF,IH2006,2020-06-17 10:52:32.700,2859.0000,18318,1,7755659640.000,2,1,1,多开,B,2858.8000,2858.6000,2858.4000,2858.2000,2858.0000,2859.4000,2859.6000,2859.8000,2860.0000,2860.2000,3,5,3,1,1,1,2,8,2,1
SF,IH2006,2020-06-17 10:52:33.200,2859.0000,18318,0,7755659640.000,0,-,-,-,-,2858.8000,2858.6000,2858.4000,2858.2000,2858.0000,2859.4000,2859.6000,2859.8000,2860.0000,2860.2000,6,4,3,1,1,2,2,8,2,1
SF,IH2006,2020-06-17 10:52:33.700,2859.0000,18318,0,7755659640.000,0,-,-,-,-,2858.8000,2858.6000,2858.4000,2858.2000,2858.0000,2859.2000,2859.4000,2859.6000,2859.8000,2860.0000,3,4,3,1,1,1,3,1,8,2
SF,IH2006,2020-06-17 10:52:34.200,2859.0000,18318,0,7755659640.000,0,-,-,-,-,2858.8000,2858.6000,2858.4000,2858.2000,2858.0000,2859.0000,2859.2000,2859.4000,2859.6000,2859.8000,2,4,3,1,1,1,1,3,1,8
SF,IH2006,2020-06-17 10:52:34.700,2859.0000,18318,0,7755659640.000,0,-,-,-,-,2858.8000,2858.6000,2858.4000,2858.2000,2858.0000,2859.0000,2859.2000,2859.4000,2859.6000,2859.8000,7,4,3,1,1,1,1,3,1,8
SF,IH2006,2020-06-17 10:52:35.200,2859.0000,18319,1,7756517340.000,1,1,0,双开,B,2859.0000,2858.8000,2858.6000,2858.4000,2858.2000,2859.2000,2859.4000,2859.6000,2859.8000,2860.0000,5,8,4,3,1,1,3,1,8,2
SF,IH2006,2020-06-17 10:52:35.700,2859.0000,18319,0,7756517340.000,0,-,-,-,-,2859.0000,2858.8000,2858.6000,2858.4000,2858.2000,2859.2000,2859.4000,2859.6000,2859.8000,2860.0000,1,8,4,3,1,1,3,1,8,2
SF,IH2006,2020-06-17 10:52:36.200,2859.0000,18319,0,7756517340.000,0,-,-,-,-,2859.0000,2858.8000,2858.6000,2858.4000,2858.2000,2859.4000,2859.6000,2859.8000,2860.0000,2860.2000,1,8,4,3,1,4,1,8,2,1
SF,IH2006,2020-06-17 10:52:37.200,2859.0000,18319,0,7756517340.000,0,-,-,-,-,2859.2000,2859.0000,2858.8000,2858.6000,2858.4000,2859.4000,2859.6000,2859.8000,2860.0000,2860.2000,1,1,8,4,3,4,1,8,2,1
SF,IH2006,2020-06-17 10:52:37.700,2859.0000,18319,0,7756517340.000,0,-,-,-,-,2859.2000,2859.0000,2858.8000,2858.6000,2858.4000,2859.4000,2859.6000,2859.8000,2860.0000,2860.2000,1,1,8,4,3,2,1,8,2,1
SF,IH2006,2020-06-17 10:52:38.200,2859.2000,18319,0,7757375100.000,1,0,1,空换,B,2859.0000,2858.8000,2858.6000,2858.4000,2858.2000,2859.4000,2859.6000,2859.8000,2860.0000,2860.2000,1,8,4,3,1,2,1,8,2,1
SF,IH2006,2020-06-17 10:52:38.700,2859.2000,18319,0,7757375100.000,0,-,-,-,-,2859.0000,2858.8000,2858.6000,2858.4000,2858.2000,2859.4000,2859.6000,2859.8000,2860.0000,2860.2000,2,8,4,3,1,2,1,8,2,1
SF,IH2006,2020-06-17 10:52:41.200,2859.2000,18319,0,7757375100.000,0,-,-,-,-,2859.0000,2858.8000,2858.6000,2858.4000,2858.2000,2859.4000,2859.6000,2859.8000,2860.0000,2860.2000,2,8,4,4,1,3,1,8,2,1
SF,IH2006,2020-06-17 10:52:42.700,2859.2000,18319,0,7757375100.000,0,-,-,-,-,2859.0000,2858.8000,2858.6000,2858.4000,2858.2000,2859.4000,2859.6000,2859.8000,2860.0000,2860.2000,1,3,4,4,1,3,1,8,2,1
SF,IH2006,2020-06-17 10:52:43.200,2859.0000,18318,-1,7758232800.000,1,0,1,双平,B,2859.0000,2858.8000,2858.6000,2858.4000,2858.2000,2859.2000,2859.4000,2859.6000,2859.8000,2860.0000,1,2,4,4,1,1,5,1,8,2
SF,IH2006,2020-06-17 10:52:43.700,2859.0000,18318,0,7758232800.000,0,-,-,-,-,2859.0000,2858.8000,2858.6000,2858.4000,2858.2000,2859.2000,2859.4000,2859.6000,2859.8000,2860.0000,1,2,4,4,1,2,5,1,8,2
SF,IH2006,2020-06-17 10:52:44.700,2859.0000,18318,0,7758232800.000,0,-,-,-,-,2859.0000,2858.8000,2858.6000,2858.4000,2858.2000,2859.2000,2859.4000,2859.6000,2859.8000,2860.0000,1,2,4,4,1,2,5,1,8,3
SF,IH2006,2020-06-17 10:52:45.200,2859.0000,18318,0,7759090500.000,1,0,1,空换,B,2858.8000,2858.6000,2858.4000,2858.2000,2858.0000,2859.0000,2859.2000,2859.4000,2859.6000,2859.8000,1,4,4,1,1,2,2,4,1,8
SF,IH2006,2020-06-17 10:52:46.200,2859.0000,18318,0,7759948200.000,1,0,1,空换,B,2858.8000,2858.6000,2858.4000,2858.2000,2858.0000,2859.0000,2859.2000,2859.4000,2859.6000,2859.8000,6,4,4,1,1,2,2,4,1,8
SF,IH2006,2020-06-17 10:52:46.700,2859.0000,18318,0,7759948200.000,0,-,-,-,-,2858.8000,2858.6000,2858.4000,2858.2000,2858.0000,2859.0000,2859.2000,2859.4000,2859.6000,2859.8000,7,4,4,1,1,2,2,4,1,8
SF,IH2006,2020-06-17 10:52:47.200,2859.0000,18318,0,7759948200.000,0,-,-,-,-,2858.8000,2858.6000,2858.4000,2858.2000,2858.0000,2859.0000,2859.2000,2859.4000,2859.6000,2859.8000,7,4,4,1,1,2,1,4,1,8
SF,IH2006,2020-06-17 10:52:47.700,2859.0000,18318,0,7759948200.000,0,-,-,-,-,2858.8000,2858.6000,2858.4000,2858.2000,2858.0000,2859.0000,2859.2000,2859.4000,2859.6000,2859.8000,2,4,4,1,1,3,1,4,1,8
SF,IH2006,2020-06-17 10:52:48.200,2859.0000,18318,0,7759948200.000,0,-,-,-,-,2858.8000,2858.6000,2858.4000,2858.2000,2858.0000,2859.0000,2859.2000,2859.4000,2859.6000,2859.8000,6,4,4,1,1,3,1,5,1,8
SF,IH2006,2020-06-17 10:52:48.700,2859.0000,18318,0,7759948200.000,0,-,-,-,-,2858.8000,2858.6000,2858.4000,2858.2000,2858.0000,2859.0000,2859.2000,2859.4000,2859.6000,2859.8000,7,4,4,1,1,4,1,4,1,8
SF,IH2006,2020-06-17 10:52:49.200,2859.0000,18318,0,7759948200.000,0,-,-,-,-,2858.8000,2858.6000,2858.4000,2858.2000,2858.0000,2859.0000,2859.2000,2859.4000,2859.6000,2859.8000,7,4,4,1,1,3,1,4,1,8
SF,IH2006,2020-06-17 10:52:49.700,2859.0000,18318,0,7761663600.000,2,1,1,空换,B,2858.8000,2858.6000,2858.4000,2858.2000,2858.0000,2859.0000,2859.2000,2859.4000,2859.6000,2859.8000,7,4,4,1,1,1,1,4,1,8
SF,IH2006,2020-06-17 10:52:51.200,2859.0000,18318,0,7761663600.000,0,-,-,-,-,2858.8000,2858.6000,2858.4000,2858.2000,2858.0000,2859.0000,2859.2000,2859.4000,2859.6000,2859.8000,7,4,4,1,1,1,1,4,1,7
SF,IH2006,2020-06-17 10:52:51.700,2859.0000,18318,0,7761663600.000,0,-,-,-,-,2858.8000,2858.6000,2858.4000,2858.2000,2858.0000,2859.2000,2859.4000,2859.6000,2859.8000,2860.0000,8,4,4,1,1,1,4,1,7,3
SF,IH2006,2020-06-17 10:52:52.200,2859.0000,18318,0,7761663600.000,0,-,-,-,-,2858.8000,2858.6000,2858.4000,2858.2000,2858.0000,2859.0000,2859.2000,2859.4000,2859.6000,2859.8000,8,4,4,1,1,1,1,4,1,7
SF,IH2006,2020-06-17 10:52:53.200,2859.0000,18318,0,7761663600.000,0,-,-,-,-,2858.8000,2858.6000,2858.4000,2858.2000,2858.0000,2859.0000,2859.2000,2859.4000,2859.6000,2859.8000,8,4,4,1,1,1,1,4,1,7
SF,IH2006,2020-06-17 10:52:53.700,2859.0000,18318,0,7761663600.000,0,-,-,-,-,2858.8000,2858.6000,2858.4000,2858.2000,2858.0000,2859.0000,2859.2000,2859.4000,2859.6000,2859.8000,7,4,4,1,1,1,1,4,1,7
SF,IH2006,2020-06-17 10:52:55.200,2859.0000,18318,0,7761663600.000,0,-,-,-,-,2858.8000,2858.6000,2858.4000,2858.2000,2858.0000,2859.0000,2859.2000,2859.4000,2859.6000,2859.8000,2,4,4,1,1,1,1,4,1,7
SF,IH2006,2020-06-17 10:52:55.700,2859.0000,18318,0,7761663600.000,0,-,-,-,-,2858.8000,2858.6000,2858.4000,2858.2000,2858.0000,2859.0000,2859.2000,2859.4000,2859.6000,2859.8000,1,4,4,1,1,1,1,4,1,7
SF,IH2006,2020-06-17 10:52:56.200,2859.0000,18317,-1,7762521300.000,1,0,1,双平,B,2858.8000,2858.6000,2858.4000,2858.2000,2858.0000,2859.2000,2859.4000,2859.6000,2859.8000,2860.0000,6,3,4,1,1,1,4,1,7,3
SF,IH2006,2020-06-17 10:52:56.700,2858.8000,18316,-1,7763378940.000,1,0,1,双平,B,2858.8000,2858.6000,2858.4000,2858.2000,2858.0000,2859.0000,2859.2000,2859.4000,2859.6000,2859.8000,6,3,4,1,1,1,2,3,1,7
SF,IH2006,2020-06-17 10:52:57.200,2858.8000,18316,0,7763378940.000,0,-,-,-,-,2858.8000,2858.6000,2858.4000,2858.2000,2858.0000,2859.0000,2859.2000,2859.4000,2859.6000,2859.8000,11,3,4,1,1,1,2,3,1,7
SF,IH2006,2020-06-17 10:52:59.200,2859.0000,18315,-1,7765094340.000,2,0,2,空平,B,2859.0000,2858.8000,2858.6000,2858.4000,2858.2000,2859.2000,2859.4000,2859.6000,2859.8000,2860.0000,2,12,3,4,1,2,3,1,7,3
SF,IH2006,2020-06-17 10:53:00.200,2859.0000,18315,0,7765094340.000,0,-,-,-,-,2859.0000,2858.8000,2858.6000,2858.4000,2858.2000,2859.2000,2859.4000,2859.6000,2859.8000,2860.0000,2,13,3,4,1,2,3,1,7,3
SF,IH2006,2020-06-17 10:53:00.700,2859.0000,18315,0,7766809740.000,2,1,1,空换,B,2858.8000,2858.6000,2858.4000,2858.2000,2858.0000,2859.2000,2859.4000,2859.6000,2859.8000,2860.0000,13,3,4,1,1,2,3,1,7,3
SF,IH2006,2020-06-17 10:53:01.200,2859.0000,18315,0,7766809740.000,0,-,-,-,-,2858.8000,2858.6000,2858.4000,2858.2000,2858.0000,2859.2000,2859.4000,2859.6000,2859.8000,2860.0000,13,3,4,1,1,3,3,1,7,3
SF,IH2006,2020-06-17 10:53:01.700,2859.0000,18315,0,7766809740.000,0,-,-,-,-,2858.8000,2858.6000,2858.4000,2858.2000,2858.0000,2859.0000,2859.2000,2859.4000,2859.6000,2859.8000,13,3,4,1,1,1,4,2,1,7
SF,IH2006,2020-06-17 10:53:02.200,2859.0000,18314,-1,7767667440.000,1,0,1,双平,B,2858.8000,2858.6000,2858.4000,2858.2000,2858.0000,2859.2000,2859.4000,2859.6000,2859.8000,2860.0000,13,3,4,1,1,4,2,1,7,3
SF,IH2006,2020-06-17 10:53:02.700,2859.2000,18312,-2,7771098480.000,4,1,3,空平,B,2858.8000,2858.6000,2858.4000,2858.2000,2858.0000,2859.4000,2859.6000,2859.8000,2860.0000,2860.2000,14,3,4,1,1,2,1,7,3,1
SF,IH2006,2020-06-17 10:53:03.200,2859.2000,18312,0,7771098480.000,0,-,-,-,-,2859.0000,2858.8000,2858.6000,2858.4000,2858.2000,2859.4000,2859.6000,2859.8000,2860.0000,2860.2000,2,14,3,4,1,2,1,7,3,1
SF,IH2006,2020-06-17 10:53:04.200,2859.2000,18312,0,7771098480.000,0,-,-,-,-,2859.0000,2858.8000,2858.6000,2858.4000,2858.2000,2859.4000,2859.8000,2860.0000,2860.2000,2860.4000,3,14,3,4,1,2,7,3,1,4
SF,IH2006,2020-06-17 10:53:04.700,2859.2000,18312,0,7771098480.000,0,-,-,-,-,2859.0000,2858.8000,2858.6000,2858.4000,2858.2000,2859.2000,2859.4000,2859.8000,2860.0000,2860.2000,4,14,3,4,1,1,2,7,3,1
SF,IH2006,2020-06-17 10:53:05.200,2859.2000,18312,0,7771956240.000,1,0,1,空换,B,2859.2000,2859.0000,2858.8000,2858.6000,2858.4000,2859.4000,2859.8000,2860.0000,2860.2000,2860.4000,1,2,14,3,4,2,7,3,1,4
SF,IH2006,2020-06-17 10:53:05.700,2859.0000,18314,2,7773671700.000,2,2,0,双开,B,2859.0000,2858.8000,2858.6000,2858.4000,2858.2000,2859.2000,2859.4000,2859.8000,2860.0000,2860.2000,1,14,3,4,1,1,2,7,3,1
SF,IH2006,2020-06-17 10:53:06.200,2859.0000,18314,0,7773671700.000,0,-,-,-,-,2859.0000,2858.8000,2858.6000,2858.4000,2858.2000,2859.4000,2859.8000,2860.0000,2860.2000,2860.4000,2,14,3,4,1,2,7,3,1,4
SF,IH2006,2020-06-17 10:53:10.200,2859.0000,18313,-1,7774529400.000,1,0,1,双平,B,2859.0000,2858.8000,2858.6000,2858.4000,2858.2000,2859.4000,2859.8000,2860.0000,2860.2000,2860.4000,1,14,3,4,1,2,7,3,1,4
SF,IH2006,2020-06-17 10:53:10.700,2859.0000,18313,0,7774529400.000,0,-,-,-,-,2859.0000,2858.8000,2858.6000,2858.4000,2858.2000,2859.2000,2859.4000,2859.8000,2860.0000,2860.2000,1,14,3,4,1,1,3,7,3,1
SF,IH2006,2020-06-17 10:53:12.200,2859.0000,18313,0,7774529400.000,0,-,-,-,-,2859.0000,2858.8000,2858.6000,2858.4000,2858.2000,2859.2000,2859.4000,2859.8000,2860.0000,2860.2000,2,14,3,4,1,1,3,7,3,1
SF,IH2006,2020-06-17 10:53:15.200,2859.0000,18313,0,7774529400.000,0,-,-,-,-,2859.0000,2858.8000,2858.6000,2858.4000,2858.2000,2859.2000,2859.4000,2859.8000,2860.0000,2860.2000,2,14,3,4,1,2,3,7,3,1
SF,IH2006,2020-06-17 10:53:15.700,2859.0000,18313,0,7774529400.000,0,-,-,-,-,2859.0000,2858.8000,2858.6000,2858.4000,2858.2000,2859.2000,2859.4000,2859.8000,2860.0000,2860.2000,2,13,3,4,1,3,2,7,3,1
SF,IH2006,2020-06-17 10:53:16.200,2859.0000,18313,0,7776244800.000,2,1,1,空换,B,2858.8000,2858.6000,2858.4000,2858.2000,2858.0000,2859.2000,2859.4000,2859.8000,2860.0000,2860.2000,13,3,4,1,1,2,2,7,3,1
SF,IH2006,2020-06-17 10:53:16.700,2859.0000,18313,0,7776244800.000,0,-,-,-,-,2858.8000,2858.6000,2858.4000,2858.2000,2858.0000,2859.2000,2859.4000,2859.8000,2860.0000,2860.2000,13,3,4,1,1,4,2,7,3,1
SF,IH2006,2020-06-17 10:53:17.700,2859.0000,18313,0,7776244800.000,0,-,-,-,-,2858.8000,2858.6000,2858.4000,2858.2000,2858.0000,2859.0000,2859.2000,2859.4000,2859.8000,2860.0000,13,3,4,1,1,1,4,2,7,3
SF,IH2006,2020-06-17 10:53:20.700,2859.0000,18311,-2,7777960200.000,2,0,2,双平,B,2859.0000,2858.8000,2858.6000,2858.4000,2858.2000,2859.2000,2859.4000,2859.8000,2860.0000,2860.2000,2,13,3,4,1,4,2,7,3,1
SF,IH2006,2020-06-17 10:53:21.200,2859.0000,18311,0,7779675600.000,2,1,1,空换,B,2858.8000,2858.6000,2858.4000,2858.2000,2858.0000,2859.2000,2859.4000,2859.8000,2860.0000,2860.2000,13,3,4,1,1,3,2,7,3,1
SF,IH2006,2020-06-17 10:53:21.700,2859.0000,18311,0,7779675600.000,0,-,-,-,-,2858.8000,2858.6000,2858.4000,2858.2000,2858.0000,2859.2000,2859.4000,2859.8000,2860.0000,2860.2000,14,3,4,1,1,3,2,7,3,1
SF,IH2006,2020-06-17 10:53:22.200,2859.0000,18311,0,7779675600.000,0,-,-,-,-,2858.8000,2858.6000,2858.4000,2858.2000,2858.0000,2859.2000,2859.4000,2859.8000,2860.0000,2860.2000,15,3,4,1,1,3,2,7,3,1
SF,IH2006,2020-06-17 10:53:22.700,2859.2000,18308,-3,7782248880.000,3,0,3,双平,B,2859.2000,2859.0000,2858.8000,2858.6000,2858.4000,2859.4000,2859.8000,2860.0000,2860.2000,2860.4000,10,1,15,3,4,2,7,3,1,4
SF,IH2006,2020-06-17 10:53:23.200,2859.4000,18306,-2,7783964520.000,2,0,2,双平,B,2859.2000,2859.0000,2858.8000,2858.6000,2858.4000,2859.8000,2860.0000,2860.2000,2860.4000,2860.6000,1,3,15,3,4,7,3,1,4,5
SF,IH2006,2020-06-17 10:53:23.700,2859.8000,18306,0,7790827920.000,8,4,4,空换,B,2859.4000,2859.2000,2859.0000,2858.8000,2858.6000,2859.8000,2860.0000,2860.2000,2860.4000,2860.6000,1,1,3,15,3,1,3,1,4,5
SF,IH2006,2020-06-17 10:53:24.200,2859.8000,18305,-1,7791685860.000,1,0,1,双平,B,2859.4000,2859.2000,2859.0000,2858.8000,2858.6000,2860.0000,2860.2000,2860.4000,2860.6000,2860.8000,1,1,3,15,3,3,1,4,5,2
SF,IH2006,2020-06-17 10:53:24.700,2859.8000,18305,0,7791685860.000,0,-,-,-,-,2859.4000,2859.2000,2859.0000,2858.8000,2858.6000,2860.0000,2860.2000,2860.4000,2860.6000,2860.8000,1,1,3,15,3,5,1,4,5,2
SF,IH2006,2020-06-17 10:53:25.200,2859.8000,18305,0,7791685860.000,0,-,-,-,-,2859.4000,2859.2000,2859.0000,2858.8000,2858.6000,2859.8000,2860.0000,2860.2000,2860.4000,2860.6000,1,1,3,15,3,1,5,1,4,5
SF,IH2006,2020-06-17 10:53:26.200,2859.8000,18305,0,7791685860.000,0,-,-,-,-,2859.4000,2859.2000,2859.0000,2858.8000,2858.6000,2859.8000,2860.0000,2860.2000,2860.4000,2860.6000,1,1,3,15,3,1,8,1,4,5
SF,IH2006,2020-06-17 10:53:26.700,2859.8000,18305,0,7791685860.000,0,-,-,-,-,2859.4000,2859.2000,2859.0000,2858.8000,2858.6000,2859.8000,2860.0000,2860.2000,2860.4000,2860.6000,1,2,3,10,3,1,8,1,4,5
SF,IH2006,2020-06-17 10:53:27.200,2860.0000,18304,-1,7795117800.000,4,1,3,空平,B,2859.2000,2859.0000,2858.8000,2858.6000,2858.4000,2860.0000,2860.2000,2860.4000,2860.6000,2860.8000,2,3,10,3,4,5,1,4,5,2
SF,IH2006,2020-06-17 10:53:27.700,2860.0000,18304,0,7795117800.000,0,-,-,-,-,2859.2000,2859.0000,2858.8000,2858.6000,2858.4000,2860.0000,2860.2000,2860.4000,2860.6000,2860.8000,2,3,9,3,4,6,1,4,4,2
SF,IH2006,2020-06-17 10:53:28.200,2860.0000,18303,-1,7795975800.000,1,0,1,双平,B,2859.2000,2859.0000,2858.8000,2858.6000,2858.4000,2859.8000,2860.0000,2860.2000,2860.4000,2860.6000,2,3,9,3,4,1,6,1,4,4
SF,IH2006,2020-06-17 10:53:28.700,2860.0000,18303,0,7796833800.000,1,0,1,空换,B,2859.2000,2859.0000,2858.8000,2858.6000,2858.4000,2860.0000,2860.2000,2860.4000,2860.6000,2860.8000,2,3,9,3,4,6,1,4,4,2
SF,IH2006,2020-06-17 10:53:29.200,2860.0000,18303,0,7796833800.000,0,-,-,-,-,2859.4000,2859.2000,2859.0000,2858.8000,2858.6000,2860.0000,2860.2000,2860.4000,2860.6000,2860.8000,1,2,3,9,3,6,1,4,4,2
SF,IH2006,2020-06-17 10:53:29.700,2860.0000,18302,-1,7797691800.000,1,0,1,双平,B,2859.4000,2859.2000,2859.0000,2858.8000,2858.6000,2859.8000,2860.0000,2860.2000,2860.4000,2860.6000,1,2,2,9,3,1,6,1,4,4
SF,IH2006,2020-06-17 10:53:30.200,2860.0000,18302,0,7797691800.000,0,-,-,-,-,2859.4000,2859.2000,2859.0000,2858.8000,2858.6000,2859.8000,2860.0000,2860.2000,2860.4000,2860.6000,4,2,2,9,3,1,6,1,4,4
SF,IH2006,2020-06-17 10:53:30.700,2860.0000,18302,0,7797691800.000,0,-,-,-,-,2859.4000,2859.2000,2859.0000,2858.8000,2858.6000,2859.8000,2860.0000,2860.2000,2860.4000,2860.6000,4,2,2,9,3,1,7,1,4,4
SF,IH2006,2020-06-17 10:53:31.200,2860.0000,18302,0,7797691800.000,0,-,-,-,-,2859.4000,2859.2000,2859.0000,2858.8000,2858.6000,2859.8000,2860.0000,2860.2000,2860.4000,2860.6000,4,2,2,9,3,2,7,1,4,4
SF,IH2006,2020-06-17 10:53:31.700,2860.0000,18302,0,7797691800.000,0,-,-,-,-,2859.4000,2859.2000,2859.0000,2858.8000,2858.6000,2859.6000,2859.8000,2860.0000,2860.2000,2860.4000,4,2,2,9,3,12,2,7,1,4
SF,IH2006,2020-06-17 10:53:32.200,2859.4000,18304,2,7801123080.000,4,3,1,多开,B,2859.2000,2859.0000,2858.8000,2858.6000,2858.4000,2859.4000,2859.6000,2859.8000,2860.0000,2860.2000,1,2,9,3,3,2,13,2,7,1
SF,IH2006,2020-06-17 10:53:32.700,2859.4000,18304,0,7801123080.000,0,-,-,-,-,2859.2000,2859.0000,2858.8000,2858.6000,2858.4000,2859.4000,2859.6000,2859.8000,2860.0000,2860.2000,1,2,9,3,3,1,13,2,7,1
SF,IH2006,2020-06-17 10:53:33.200,2859.4000,18304,0,7801123080.000,0,-,-,-,-,2859.2000,2859.0000,2858.8000,2858.6000,2858.4000,2859.6000,2859.8000,2860.0000,2860.2000,2860.4000,1,2,9,3,3,13,2,7,1,4
SF,IH2006,2020-06-17 10:53:35.200,2859.4000,18304,0,7801123080.000,0,-,-,-,-,2859.2000,2859.0000,2858.8000,2858.6000,2858.4000,2859.6000,2859.8000,2860.0000,2860.2000,2860.4000,1,2,8,3,3,13,2,7,1,4
SF,IH2006,2020-06-17 10:53:35.700,2859.6000,18300,-4,7804554600.000,4,0,4,双平,B,2859.2000,2859.0000,2858.8000,2858.6000,2858.4000,2859.6000,2859.8000,2860.0000,2860.2000,2860.4000,1,3,8,3,3,9,1,7,1,4
SF,IH2006,2020-06-17 10:53:36.200,2859.6000,18300,0,7804554600.000,0,-,-,-,-,2859.2000,2859.0000,2858.8000,2858.6000,2858.4000,2859.4000,2859.6000,2860.0000,2860.2000,2860.4000,1,3,8,3,3,2,9,7,1,4
SF,IH2006,2020-06-17 10:53:36.700,2859.2000,18299,-1,7805412360.000,1,0,1,双平,B,2859.0000,2858.8000,2858.6000,2858.4000,2858.2000,2859.2000,2859.4000,2859.6000,2859.8000,2860.0000,3,8,3,3,1,1,2,9,1,7
SF,IH2006,2020-06-17 10:53:37.200,2859.2000,18298,-1,7806270120.000,1,0,1,双平,B,2859.0000,2858.8000,2858.6000,2858.4000,2858.2000,2859.4000,2859.6000,2859.8000,2860.0000,2860.4000,3,10,3,3,1,3,9,1,7,4
SF,IH2006,2020-06-17 10:53:37.700,2859.4000,18295,-3,7808843580.000,3,0,3,双平,B,2859.0000,2858.8000,2858.6000,2858.4000,2858.2000,2859.6000,2859.8000,2860.0000,2860.4000,2860.6000,3,10,3,3,1,9,1,7,4,4
SF,IH2006,2020-06-17 10:53:38.200,2859.4000,18295,0,7808843580.000,0,-,-,-,-,2859.4000,2859.0000,2858.8000,2858.6000,2858.4000,2859.6000,2859.8000,2860.0000,2860.4000,2860.6000,3,3,10,3,3,9,1,7,4,4
SF,IH2006,2020-06-17 10:53:38.700,2859.4000,18293,-2,7813132680.000,5,1,4,空平,B,2859.0000,2858.8000,2858.6000,2858.4000,2858.2000,2859.6000,2859.8000,2860.0000,2860.4000,2860.6000,3,10,3,3,1,9,1,7,4,4
SF,IH2006,2020-06-17 10:53:39.200,2859.4000,18293,0,7813132680.000,0,-,-,-,-,2859.0000,2858.8000,2858.6000,2858.4000,2858.2000,2859.6000,2859.8000,2860.0000,2860.4000,2860.6000,3,10,3,3,1,9,2,7,4,4
SF,IH2006,2020-06-17 10:53:39.700,2859.4000,18293,0,7813132680.000,0,-,-,-,-,2859.0000,2858.8000,2858.6000,2858.4000,2858.2000,2859.6000,2859.8000,2860.0000,2860.4000,2860.6000,3,8,3,3,1,9,2,7,4,4
SF,IH2006,2020-06-17 10:53:40.200,2859.6000,18291,-2,7814848380.000,2,0,2,双平,B,2859.0000,2858.8000,2858.6000,2858.4000,2858.2000,2859.6000,2859.8000,2860.0000,2860.4000,2860.6000,3,8,3,3,1,8,2,7,4,4
SF,IH2006,2020-06-17 10:53:40.700,2859.0000,18287,-4,7819995480.000,6,1,5,空平,B,2859.0000,2858.8000,2858.6000,2858.4000,2858.2000,2859.6000,2859.8000,2860.0000,2860.4000,2860.6000,2,8,3,3,1,4,2,7,4,4
SF,IH2006,2020-06-17 10:53:41.200,2859.0000,18287,0,7819995480.000,0,-,-,-,-,2859.0000,2858.8000,2858.6000,2858.4000,2858.2000,2859.6000,2859.8000,2860.0000,2860.4000,2860.6000,2,8,3,3,1,4,2,7,4,4
SF,IH2006,2020-06-17 10:53:41.700,2859.0000,18287,0,7819995480.000,0,-,-,-,-,2859.0000,2858.8000,2858.6000,2858.4000,2858.2000,2859.6000,2859.8000,2860.0000,2860.4000,2860.6000,6,8,3,3,1,4,2,7,4,4
SF,IH2006,2020-06-17 10:53:42.200,2859.0000,18287,0,7819995480.000,0,-,-,-,-,2859.2000,2859.0000,2858.8000,2858.6000,2858.4000,2859.6000,2859.8000,2860.0000,2860.4000,2860.6000,3,10,8,3,3,4,2,7,4,4
SF,IH2006,2020-06-17 10:53:43.700,2859.0000,18287,0,7819995480.000,0,-,-,-,-,2859.2000,2859.0000,2858.8000,2858.6000,2858.4000,2859.4000,2859.6000,2859.8000,2860.0000,2860.4000,3,10,8,3,3,1,4,2,7,4
SF,IH2006,2020-06-17 10:53:44.200,2859.4000,18286,-1,7820853300.000,1,0,1,双平,B,2859.2000,2859.0000,2858.8000,2858.6000,2858.4000,2859.6000,2859.8000,2860.0000,2860.4000,2860.6000,3,11,8,3,3,4,2,7,4,4
SF,IH2006,2020-06-17 10:53:44.700,2859.4000,18286,0,7820853300.000,0,-,-,-,-,2859.2000,2859.0000,2858.8000,2858.6000,2858.4000,2859.6000,2859.8000,2860.0000,2860.4000,2860.6000,3,11,8,3,3,4,2,8,4,4
SF,IH2006,2020-06-17 10:53:46.700,2859.4000,18286,0,7820853300.000,0,-,-,-,-,2859.2000,2859.0000,2858.8000,2858.6000,2858.4000,2859.6000,2859.8000,2860.0000,2860.4000,2860.6000,4,11,8,3,3,4,2,8,4,4
SF,IH2006,2020-06-17 10:53:47.200,2859.4000,18286,0,7820853300.000,0,-,-,-,-,2859.2000,2859.0000,2858.8000,2858.6000,2858.4000,2859.6000,2859.8000,2860.0000,2860.4000,2860.6000,5,11,8,3,3,4,2,8,4,4
SF,IH2006,2020-06-17 10:53:48.700,2859.4000,18286,0,7820853300.000,0,-,-,-,-,2859.2000,2859.0000,2858.8000,2858.6000,2858.4000,2859.6000,2859.8000,2860.0000,2860.4000,2860.6000,5,11,8,3,3,4,1,9,4,3
SF,IH2006,2020-06-17 10:53:50.200,2859.2000,18285,-1,7821711060.000,1,0,1,双平,B,2859.2000,2859.0000,2858.8000,2858.6000,2858.4000,2859.6000,2859.8000,2860.0000,2860.4000,2860.6000,4,11,8,3,3,4,1,9,4,3
SF,IH2006,2020-06-17 10:53:50.700,2859.2000,18284,-1,7823426580.000,2,0,2,空平,B,2859.2000,2859.0000,2858.8000,2858.6000,2858.4000,2859.6000,2859.8000,2860.0000,2860.4000,2860.6000,3,11,8,3,3,4,2,8,4,3
SF,IH2006,2020-06-17 10:53:51.200,2859.2000,18284,0,7823426580.000,0,-,-,-,-,2859.2000,2859.0000,2858.8000,2858.6000,2858.4000,2859.6000,2859.8000,2860.0000,2860.4000,2860.6000,3,11,8,3,3,4,2,8,4,3
SF,IH2006,2020-06-17 10:53:51.700,2859.2000,18284,0,7823426580.000,0,-,-,-,-,2859.2000,2859.0000,2858.8000,2858.6000,2858.4000,2859.6000,2859.8000,2860.0000,2860.4000,2860.6000,3,11,10,3,3,4,2,7,4,3
SF,IH2006,2020-06-17 10:53:52.200,2859.2000,18284,0,7823426580.000,0,-,-,-,-,2859.4000,2859.2000,2859.0000,2858.8000,2858.6000,2859.6000,2859.8000,2860.0000,2860.4000,2860.6000,1,3,11,10,3,4,2,7,4,3
SF,IH2006,2020-06-17 10:53:53.700,2859.2000,18284,0,7823426580.000,0,-,-,-,-,2859.4000,2859.2000,2859.0000,2858.8000,2858.6000,2859.6000,2859.8000,2860.0000,2860.4000,2860.6000,1,3,11,10,3,4,2,7,4,3
SF,IH2006,2020-06-17 10:53:54.200,2859.6000,18283,-1,7824284460.000,1,0,1,双平,B,2859.4000,2859.2000,2859.0000,2858.8000,2858.6000,2859.6000,2859.8000,2860.0000,2860.4000,2860.6000,2,3,11,10,3,3,2,7,4,3
SF,IH2006,2020-06-17 10:53:54.700,2859.6000,18282,-1,7826858100.000,3,1,2,空平,B,2859.4000,2859.2000,2859.0000,2858.8000,2858.6000,2859.8000,2860.0000,2860.4000,2860.6000,2860.8000,2,3,11,10,3,2,7,4,3,3
SF,IH2006,2020-06-17 10:53:55.700,2859.6000,18282,0,7826858100.000,0,-,-,-,-,2859.4000,2859.2000,2859.0000,2858.8000,2858.6000,2859.8000,2860.0000,2860.4000,2860.6000,2860.8000,2,3,11,10,3,1,7,4,3,3
SF,IH2006,2020-06-17 10:53:56.200,2859.6000,18282,0,7826858100.000,0,-,-,-,-,2859.4000,2859.2000,2859.0000,2858.8000,2858.6000,2859.8000,2860.0000,2860.4000,2860.6000,2860.8000,3,3,11,10,3,1,7,4,3,3
SF,IH2006,2020-06-17 10:53:56.700,2859.6000,18282,0,7826858100.000,0,-,-,-,-,2859.4000,2859.2000,2859.0000,2858.8000,2858.6000,2859.8000,2860.0000,2860.4000,2860.6000,2860.8000,3,3,11,10,3,1,7,4,3,3
SF,IH2006,2020-06-17 10:53:57.200,2859.6000,18282,0,7826858100.000,0,-,-,-,-,2859.6000,2859.4000,2859.2000,2859.0000,2858.8000,2859.8000,2860.0000,2860.4000,2860.6000,2860.8000,1,3,3,11,10,1,7,4,3,3
SF,IH2006,2020-06-17 10:53:57.700,2859.6000,18282,0,7826858100.000,0,-,-,-,-,2859.6000,2859.4000,2859.2000,2859.0000,2858.8000,2859.8000,2860.0000,2860.4000,2860.6000,2860.8000,2,1,3,11,10,1,7,4,3,3
SF,IH2006,2020-06-17 10:53:58.200,2859.8000,18282,0,7828573980.000,2,1,1,空换,B,2859.8000,2859.6000,2859.4000,2859.2000,2859.0000,2860.0000,2860.4000,2860.6000,2860.8000,2861.0000,4,2,1,3,11,7,4,3,3,3
SF,IH2006,2020-06-17 10:53:58.700,2859.6000,18281,-1,7831147680.000,3,1,2,空平,B,2859.4000,2859.2000,2859.0000,2858.8000,2858.6000,2859.8000,2860.0000,2860.4000,2860.6000,2860.8000,1,3,11,10,3,2,8,4,3,3
SF,IH2006,2020-06-17 10:53:59.700,2859.6000,18281,0,7831147680.000,0,-,-,-,-,2859.4000,2859.2000,2859.0000,2858.8000,2858.6000,2859.8000,2860.0000,2860.4000,2860.6000,2860.8000,2,3,11,10,3,2,8,4,3,3
SF,IH2006,2020-06-17 10:54:00.200,2859.2000,18280,-1,7832005440.000,1,0,1,双平,B,2859.2000,2859.0000,2858.8000,2858.6000,2858.4000,2859.8000,2860.0000,2860.4000,2860.6000,2860.8000,2,11,5,3,3,2,8,4,3,3
SF,IH2006,2020-06-17 10:54:00.700,2859.8000,18278,-2,7833721320.000,2,0,2,双平,B,2859.8000,2859.6000,2859.4000,2859.2000,2859.0000,2860.0000,2860.4000,2860.6000,2860.8000,2861.0000,1,9,3,8,11,8,4,3,3,3
SF,IH2006,2020-06-17 10:54:01.200,2860.0000,18279,1,7840585320.000,8,4,4,多开,B,2860.2000,2860.0000,2859.8000,2859.6000,2859.4000,2860.4000,2860.6000,2860.8000,2861.0000,2861.4000,10,3,1,3,2,4,3,3,3,1
SF,IH2006,2020-06-17 10:54:01.700,2860.4000,18276,-3,7850024580.000,11,4,7,空平,B,2860.4000,2860.2000,2859.8000,2859.6000,2859.2000,2860.6000,2860.8000,2861.0000,2861.4000,2861.6000,1,7,1,3,5,2,3,3,2,2
SF,IH2006,2020-06-17 10:54:02.200,2860.6000,18276,0,7853457120.000,4,2,2,空换,B,2860.2000,2859.8000,2859.6000,2859.2000,2859.0000,2860.6000,2860.8000,2861.0000,2861.4000,2861.6000,6,1,3,5,11,2,3,3,2,2
SF,IH2006,2020-06-17 10:54:02.700,2860.6000,18275,-1,7854315300.000,1,0,1,双平,B,2860.2000,2859.8000,2859.6000,2859.2000,2859.0000,2860.4000,2860.6000,2860.8000,2861.0000,2861.4000,6,1,3,5,11,1,1,3,3,2
SF,IH2006,2020-06-17 10:54:03.200,2860.4000,18274,-1,7855173420.000,1,0,1,双平,B,2860.6000,2860.4000,2860.2000,2859.8000,2859.6000,2860.8000,2861.0000,2861.4000,2861.6000,2861.8000,2,7,12,1,3,3,3,2,2,1
SF,IH2006,2020-06-17 10:54:03.700,2860.8000,18277,3,7859464440.000,5,4,1,多开,B,2860.4000,2860.2000,2859.8000,2859.6000,2859.2000,2860.8000,2861.0000,2861.4000,2861.6000,2861.8000,3,9,1,3,5,1,3,2,2,1
SF,IH2006,2020-06-17 10:54:04.200,2860.8000,18277,0,7859464440.000,0,-,-,-,-,2860.2000,2859.8000,2859.6000,2859.2000,2859.0000,2860.8000,2861.0000,2861.4000,2861.6000,2861.8000,7,1,4,5,11,1,3,2,2,1
SF,IH2006,2020-06-17 10:54:04.700,2860.8000,18277,0,7859464440.000,0,-,-,-,-,2860.2000,2859.8000,2859.6000,2859.2000,2859.0000,2860.6000,2860.8000,2861.0000,2861.4000,2861.6000,9,1,4,4,11,2,1,3,1,2
SF,IH2006,2020-06-17 10:54:05.200,2860.2000,18277,0,7860322500.000,1,0,1,空换,B,2860.2000,2859.8000,2859.6000,2859.2000,2859.0000,2860.6000,2860.8000,2861.0000,2861.4000,2861.6000,6,1,4,4,11,3,1,3,1,2
SF,IH2006,2020-06-17 10:54:06.200,2860.2000,18274,-3,7864613280.000,5,1,4,空平,B,2860.2000,2859.8000,2859.6000,2859.2000,2859.0000,2860.8000,2861.0000,2861.4000,2861.6000,2861.8000,5,1,4,4,11,1,3,1,2,1
SF,IH2006,2020-06-17 10:54:06.700,2860.2000,18272,-2,7866329400.000,2,0,2,双平,B,2860.4000,2860.2000,2859.8000,2859.6000,2859.2000,2860.8000,2861.0000,2861.4000,2861.6000,2861.8000,2,5,1,4,4,1,3,1,2,1
SF,IH2006,2020-06-17 10:54:07.200,2860.4000,18271,-1,7868045640.000,2,0,2,空平,B,2860.2000,2859.8000,2859.6000,2859.4000,2859.2000,2860.8000,2861.0000,2861.4000,2861.6000,2861.8000,5,1,2,1,4,1,3,1,2,1
SF,IH2006,2020-06-17 10:54:07.700,2860.4000,18271,0,7868903760.000,1,0,1,空换,B,2860.4000,2860.2000,2859.8000,2859.6000,2859.4000,2860.8000,2861.0000,2861.4000,2861.6000,2861.8000,6,6,1,2,1,1,3,1,2,1
SF,IH2006,2020-06-17 10:54:08.200,2860.2000,18269,-2,7873194300.000,5,1,4,空平,B,2860.2000,2859.8000,2859.6000,2859.4000,2859.2000,2860.8000,2861.0000,2861.4000,2861.6000,2861.8000,4,1,2,1,2,1,3,1,2,1
SF,IH2006,2020-06-17 10:54:08.700,2860.2000,18269,0,7874052360.000,1,0,1,空换,B,2860.2000,2859.8000,2859.6000,2859.4000,2859.2000,2860.4000,2860.6000,2860.8000,2861.0000,2861.4000,2,1,2,1,2,4,7,3,3,1
SF,IH2006,2020-06-17 10:54:09.200,2860.2000,18271,2,7875768480.000,2,2,0,双开,B,2859.8000,2859.6000,2859.4000,2859.2000,2859.0000,2860.2000,2860.4000,2860.6000,2860.8000,2861.0000,1,2,1,2,11,3,1,6,2,3
SF,IH2006,2020-06-17 10:54:09.700,2859.6000,18269,-2,7877484300.000,2,0,2,双平,B,2859.6000,2859.4000,2859.2000,2859.0000,2858.8000,2860.2000,2860.4000,2860.6000,2860.8000,2861.0000,1,1,2,11,4,5,1,3,2,3
SF,IH2006,2020-06-17 10:54:10.200,2859.6000,18269,0,7877484300.000,0,-,-,-,-,2859.6000,2859.4000,2859.2000,2859.0000,2858.8000,2860.0000,2860.2000,2860.4000,2860.8000,2861.0000,2,1,2,11,4,2,5,1,2,3
SF,IH2006,2020-06-17 10:54:10.700,2859.6000,18269,0,7877484300.000,0,-,-,-,-,2859.6000,2859.4000,2859.2000,2859.0000,2858.8000,2860.0000,2860.2000,2860.4000,2860.8000,2861.0000,8,1,2,11,4,2,5,1,3,3
SF,IH2006,2020-06-17 10:54:11.200,2860.0000,18269,0,7878342300.000,1,0,1,空换,B,2859.6000,2859.4000,2859.2000,2859.0000,2858.8000,2860.0000,2860.2000,2860.4000,2860.8000,2861.0000,10,1,2,11,4,1,5,1,1,3
SF,IH2006,2020-06-17 10:54:11.700,2860.0000,18269,0,7879200300.000,1,0,1,空换,B,2860.0000,2859.6000,2859.4000,2859.2000,2859.0000,2860.2000,2860.4000,2860.8000,2861.0000,2861.4000,7,10,1,2,7,5,1,1,3,1
SF,IH2006,2020-06-17 10:54:12.200,2860.8000,18266,-3,7881774660.000,3,0,3,双平,B,2860.8000,2859.6000,2859.4000,2859.2000,2859.0000,2861.0000,2861.4000,2861.6000,2861.8000,2862.0000,1,10,1,2,7,3,1,2,1,1
SF,IH2006,2020-06-17 10:54:12.700,2859.6000,18265,-1,7883490780.000,2,0,2,空平,B,2859.6000,2859.4000,2859.2000,2859.0000,2858.8000,2860.6000,2860.8000,2861.0000,2861.2000,2861.4000,9,1,2,6,2,17,19,5,1,1
SF,IH2006,2020-06-17 10:54:13.200,2859.6000,18265,0,7883490780.000,0,-,-,-,-,2859.8000,2859.6000,2859.4000,2859.2000,2859.0000,2860.4000,2860.8000,2861.0000,2861.4000,2861.6000,7,9,1,2,6,2,12,4,1,2
SF,IH2006,2020-06-17 10:54:13.700,2860.4000,18264,-1,7884348900.000,1,0,1,双平,B,2860.0000,2859.8000,2859.6000,2859.4000,2859.2000,2860.8000,2861.0000,2861.4000,2861.6000,2861.8000,4,5,8,1,2,10,4,2,2,1
SF,IH2006,2020-06-17 10:54:14.200,2860.6000,18263,-1,7886923260.000,3,1,2,空平,B,2860.0000,2859.8000,2859.6000,2859.4000,2859.2000,2860.8000,2861.0000,2861.4000,2861.6000,2861.8000,3,4,8,1,2,11,3,2,2,1
SF,IH2006,2020-06-17 10:54:14.700,2860.6000,18263,0,7886923260.000,0,-,-,-,-,2860.2000,2860.0000,2859.8000,2859.6000,2859.4000,2860.8000,2861.0000,2861.4000,2861.6000,2861.8000,1,3,4,7,1,10,3,2,2,1
SF,IH2006,2020-06-17 10:54:15.200,2860.0000,18261,-2,7888639320.000,2,0,2,双平,B,2860.0000,2859.8000,2859.6000,2859.4000,2859.2000,2860.8000,2861.0000,2861.4000,2861.6000,2861.8000,2,4,1,1,2,11,3,2,2,1
SF,IH2006,2020-06-17 10:54:15.700,2860.0000,18261,0,7888639320.000,0,-,-,-,-,2860.0000,2859.8000,2859.6000,2859.4000,2859.2000,2860.8000,2861.0000,2861.4000,2861.6000,2861.8000,6,3,1,1,2,8,3,1,2,1
SF,IH2006,2020-06-17 10:54:16.200,2860.0000,18261,0,7888639320.000,0,-,-,-,-,2860.0000,2859.8000,2859.6000,2859.4000,2859.2000,2860.8000,2861.0000,2861.4000,2861.6000,2861.8000,7,2,1,1,2,5,3,1,2,1
SF,IH2006,2020-06-17 10:54:16.700,2860.0000,18261,0,7888639320.000,0,-,-,-,-,2860.0000,2859.8000,2859.6000,2859.4000,2859.2000,2860.8000,2861.0000,2861.4000,2861.6000,2861.8000,7,2,1,1,2,4,4,1,2,2
SF,IH2006,2020-06-17 10:54:17.200,2860.0000,18261,0,7888639320.000,0,-,-,-,-,2860.0000,2859.8000,2859.6000,2859.4000,2859.2000,2860.8000,2861.0000,2861.4000,2861.6000,2861.8000,7,2,1,1,2,4,4,1,2,2
SF,IH2006,2020-06-17 10:54:17.700,2860.0000,18261,0,7888639320.000,0,-,-,-,-,2860.0000,2859.8000,2859.6000,2859.4000,2859.2000,2860.4000,2860.8000,2861.0000,2861.4000,2861.6000,7,2,1,1,2,1,4,4,1,2
SF,IH2006,2020-06-17 10:54:19.200,2860.4000,18260,-1,7889497440.000,1,0,1,双平,B,2860.4000,2860.0000,2859.8000,2859.6000,2859.4000,2860.8000,2861.0000,2861.4000,2861.6000,2861.8000,3,7,2,1,1,4,4,1,2,2
SF,IH2006,2020-06-17 10:54:19.700,2860.4000,18259,-1,7890355560.000,1,0,1,双平,B,2860.4000,2860.0000,2859.8000,2859.6000,2859.4000,2860.8000,2861.0000,2861.4000,2861.6000,2861.8000,2,7,2,1,1,5,4,1,2,2
SF,IH2006,2020-06-17 10:54:20.200,2860.4000,18259,0,7890355560.000,0,-,-,-,-,2860.4000,2860.0000,2859.8000,2859.6000,2859.4000,2860.8000,2861.0000,2861.4000,2861.6000,2861.8000,2,7,2,1,1,5,4,1,2,2
SF,IH2006,2020-06-17 10:54:20.700,2860.4000,18257,-2,7892071800.000,2,0,2,双平,B,2860.0000,2859.8000,2859.4000,2859.2000,2859.0000,2860.8000,2861.0000,2861.4000,2861.6000,2861.8000,7,2,1,2,5,4,4,1,2,2
SF,IH2006,2020-06-17 10:54:21.200,2860.4000,18257,0,7892071800.000,0,-,-,-,-,2860.2000,2860.0000,2859.8000,2859.4000,2859.2000,2860.4000,2860.6000,2860.8000,2861.0000,2861.4000,2,7,2,1,2,1,2,3,4,1
SF,IH2006,2020-06-17 10:54:21.700,2860.4000,18257,0,7892071800.000,0,-,-,-,-,2860.2000,2860.0000,2859.8000,2859.4000,2859.2000,2860.4000,2860.6000,2860.8000,2861.0000,2861.4000,2,8,2,1,2,1,2,3,4,1
SF,IH2006,2020-06-17 10:54:23.700,2860.4000,18257,0,7892071800.000,0,-,-,-,-,2860.2000,2860.0000,2859.8000,2859.4000,2859.2000,2860.4000,2860.6000,2860.8000,2861.0000,2861.4000,2,8,2,1,2,1,2,3,4,1
SF,IH2006,2020-06-17 10:54:24.200,2860.2000,18257,0,7892929860.000,1,0,1,空换,B,2860.2000,2860.0000,2859.8000,2859.4000,2859.2000,2860.4000,2860.6000,2860.8000,2861.0000,2861.4000,1,8,2,1,2,1,2,2,4,1
SF,IH2006,2020-06-17 10:54:25.200,2860.2000,18258,1,7893787920.000,1,1,0,双开,B,2860.0000,2859.8000,2859.4000,2859.2000,2859.0000,2860.4000,2860.6000,2860.8000,2861.0000,2861.4000,8,2,1,2,5,1,3,2,4,1
SF,IH2006,2020-06-17 10:54:25.700,2860.2000,18258,0,7893787920.000,0,-,-,-,-,2860.2000,2860.0000,2859.8000,2859.4000,2859.2000,2860.4000,2860.6000,2860.8000,2861.0000,2861.4000,1,8,2,1,2,1,3,2,4,1
SF,IH2006,2020-06-17 10:54:26.200,2860.2000,18258,0,7893787920.000,0,-,-,-,-,2860.2000,2860.0000,2859.8000,2859.4000,2859.2000,2860.4000,2860.6000,2860.8000,2861.0000,2861.4000,2,8,2,1,2,1,3,2,4,1
SF,IH2006,2020-06-17 10:54:26.700,2860.2000,18258,0,7893787920.000,0,-,-,-,-,2860.2000,2860.0000,2859.8000,2859.4000,2859.2000,2860.4000,2860.6000,2860.8000,2861.0000,2861.4000,1,9,2,1,1,1,3,2,4,1
SF,IH2006,2020-06-17 10:54:27.200,2860.4000,18257,-1,7894646040.000,1,0,1,双平,B,2860.2000,2860.0000,2859.8000,2859.4000,2859.2000,2860.6000,2860.8000,2861.0000,2861.4000,2861.6000,1,12,2,1,1,3,2,3,1,2
SF,IH2006,2020-06-17 10:54:27.700,2860.4000,18257,0,7894646040.000,0,-,-,-,-,2860.2000,2860.0000,2859.8000,2859.4000,2859.2000,2860.6000,2860.8000,2861.0000,2861.4000,2861.6000,1,12,2,1,1,3,3,3,1,2
SF,IH2006,2020-06-17 10:54:28.700,2860.4000,18257,0,7894646040.000,0,-,-,-,-,2860.2000,2860.0000,2859.8000,2859.4000,2859.2000,2860.6000,2860.8000,2861.0000,2861.4000,2861.6000,1,12,2,1,1,3,3,4,1,2
SF,IH2006,2020-06-17 10:54:29.200,2860.4000,18257,0,7894646040.000,0,-,-,-,-,2860.4000,2860.2000,2860.0000,2859.8000,2859.4000,2860.6000,2860.8000,2861.0000,2861.4000,2861.6000,1,1,13,2,1,3,3,4,1,2
SF,IH2006,2020-06-17 10:54:29.700,2860.4000,18257,0,7894646040.000,0,-,-,-,-,2860.4000,2860.2000,2860.0000,2859.8000,2859.4000,2860.6000,2860.8000,2861.0000,2861.4000,2861.6000,1,1,13,2,1,1,3,4,1,2
SF,IH2006,2020-06-17 10:54:30.200,2860.8000,18255,-2,7898078820.000,4,1,3,空平,B,2860.4000,2860.2000,2860.0000,2859.8000,2859.4000,2860.8000,2861.0000,2861.4000,2861.6000,2861.8000,1,3,13,2,1,1,4,1,2,2
SF,IH2006,2020-06-17 10:54:30.700,2860.8000,18255,0,7898078820.000,0,-,-,-,-,2860.6000,2860.4000,2860.2000,2860.0000,2859.8000,2860.8000,2861.0000,2861.4000,2861.6000,2861.8000,1,2,3,13,2,1,5,1,2,2
SF,IH2006,2020-06-17 10:54:31.200,2860.6000,18254,-1,7898937000.000,1,0,1,双平,B,2860.6000,2860.4000,2860.2000,2860.0000,2859.8000,2860.8000,2861.0000,2861.4000,2861.6000,2861.8000,1,1,3,13,2,1,5,1,2,2
SF,IH2006,2020-06-17 10:54:31.700,2860.6000,18254,0,7899795180.000,1,0,1,空换,B,2860.4000,2860.2000,2860.0000,2859.8000,2859.4000,2860.6000,2860.8000,2861.0000,2861.4000,2861.6000,1,3,13,2,1,1,1,5,1,2
SF,IH2006,2020-06-17 10:54:32.200,2860.6000,18254,0,7899795180.000,0,-,-,-,-,2860.4000,2860.2000,2860.0000,2859.8000,2859.4000,2860.6000,2860.8000,2861.0000,2861.4000,2861.6000,1,3,13,2,1,1,1,5,1,2
SF,IH2006,2020-06-17 10:54:32.700,2860.6000,18254,0,7899795180.000,0,-,-,-,-,2860.4000,2860.2000,2860.0000,2859.8000,2859.4000,2860.6000,2860.8000,2861.0000,2861.4000,2861.6000,1,3,13,2,2,1,1,5,1,2
SF,IH2006,2020-06-17 10:54:33.200,2860.6000,18253,-1,7900653360.000,1,0,1,双平,B,2860.2000,2860.0000,2859.8000,2859.4000,2859.2000,2860.8000,2861.0000,2861.4000,2861.6000,2861.8000,3,13,2,2,1,1,5,1,2,1
SF,IH2006,2020-06-17 10:54:33.700,2860.6000,18253,0,7900653360.000,0,-,-,-,-,2860.2000,2860.0000,2859.8000,2859.4000,2859.2000,2860.8000,2861.0000,2861.4000,2861.6000,2861.8000,4,13,2,2,1,3,5,1,2,2
SF,IH2006,2020-06-17 10:54:34.200,2860.6000,18253,0,7900653360.000,0,-,-,-,-,2860.2000,2860.0000,2859.8000,2859.4000,2859.2000,2860.6000,2860.8000,2861.0000,2861.4000,2861.6000,4,13,2,2,1,1,3,5,1,2
SF,IH2006,2020-06-17 10:54:34.700,2860.6000,18253,0,7900653360.000,0,-,-,-,-,2860.2000,2860.0000,2859.8000,2859.4000,2859.2000,2860.6000,2860.8000,2861.0000,2861.4000,2861.6000,3,13,2,2,1,2,3,5,1,2
SF,IH2006,2020-06-17 10:54:35.200,2860.6000,18253,0,7900653360.000,0,-,-,-,-,2860.2000,2860.0000,2859.8000,2859.4000,2859.2000,2860.6000,2860.8000,2861.0000,2861.4000,2861.6000,3,13,2,2,1,2,2,5,1,2
SF,IH2006,2020-06-17 10:54:35.700,2860.6000,18253,0,7900653360.000,0,-,-,-,-,2860.2000,2860.0000,2859.8000,2859.4000,2859.2000,2860.6000,2860.8000,2861.0000,2861.4000,2861.6000,4,13,2,2,1,2,3,5,1,2
SF,IH2006,2020-06-17 10:54:37.200,2860.6000,18252,-1,7901511540.000,1,0,1,双平,B,2860.2000,2860.0000,2859.8000,2859.4000,2859.2000,2860.6000,2860.8000,2861.0000,2861.4000,2861.6000,4,13,2,2,1,1,3,5,1,2
SF,IH2006,2020-06-17 10:54:37.700,2860.6000,18252,0,7901511540.000,0,-,-,-,-,2860.2000,2860.0000,2859.8000,2859.4000,2859.2000,2860.6000,2860.8000,2861.0000,2861.4000,2861.6000,3,13,2,2,1,1,3,5,1,2
SF,IH2006,2020-06-17 10:54:38.200,2860.6000,18252,0,7901511540.000,0,-,-,-,-,2860.2000,2860.0000,2859.8000,2859.4000,2859.2000,2860.4000,2860.6000,2860.8000,2861.0000,2861.4000,3,13,2,2,1,3,1,3,5,1
SF,IH2006,2020-06-17 10:54:38.700,2860.2000,18254,2,7904085720.000,3,2,1,多开,B,2860.0000,2859.8000,2859.4000,2859.2000,2859.0000,2860.4000,2860.6000,2860.8000,2861.0000,2861.4000,8,1,2,1,5,4,1,3,5,1
SF,IH2006,2020-06-17 10:54:39.200,2860.0000,18253,-1,7904943720.000,1,0,1,双平,B,2860.0000,2859.4000,2859.2000,2859.0000,2858.8000,2860.2000,2860.4000,2860.6000,2860.8000,2861.0000,5,2,1,5,2,1,4,1,3,5
SF,IH2006,2020-06-17 10:54:39.700,2860.2000,18250,-3,7909233780.000,5,1,4,空平,B,2860.0000,2859.4000,2859.2000,2859.0000,2858.8000,2860.2000,2860.4000,2860.6000,2860.8000,2861.0000,1,2,1,5,2,1,4,1,2,5
SF,IH2006,2020-06-17 10:54:40.200,2860.4000,18250,0,7914382320.000,6,3,3,空换,B,2859.4000,2859.2000,2859.0000,2858.8000,2858.6000,2860.6000,2860.8000,2861.0000,2861.4000,2861.6000,2,1,5,2,3,1,2,5,1,2
SF,IH2006,2020-06-17 10:54:40.700,2860.4000,18250,0,7914382320.000,0,-,-,-,-,2859.6000,2859.4000,2859.2000,2859.0000,2858.8000,2860.4000,2860.6000,2860.8000,2861.0000,2861.4000,6,8,1,5,2,7,2,1,5,1
SF,IH2006,2020-06-17 10:54:41.200,2860.4000,18250,0,7914382320.000,0,-,-,-,-,2859.8000,2859.6000,2859.4000,2859.2000,2859.0000,2860.4000,2860.6000,2860.8000,2861.0000,2861.4000,2,7,9,1,5,5,2,1,5,1
SF,IH2006,2020-06-17 10:54:41.700,2860.4000,18250,0,7914382320.000,0,-,-,-,-,2860.0000,2859.8000,2859.6000,2859.4000,2859.2000,2860.4000,2860.8000,2861.0000,2861.4000,2861.6000,3,1,4,9,1,4,1,5,1,2
SF,IH2006,2020-06-17 10:54:42.200,2860.4000,18250,0,7914382320.000,0,-,-,-,-,2860.0000,2859.8000,2859.6000,2859.4000,2859.2000,2860.4000,2860.8000,2861.0000,2861.4000,2861.6000,3,1,3,4,1,2,1,5,1,2
SF,IH2006,2020-06-17 10:54:42.700,2860.4000,18250,0,7914382320.000,0,-,-,-,-,2860.0000,2859.8000,2859.6000,2859.4000,2859.2000,2860.4000,2860.8000,2861.0000,2861.4000,2861.6000,3,2,3,3,1,2,1,5,1,2
SF,IH2006,2020-06-17 10:54:43.200,2860.4000,18250,0,7914382320.000,0,-,-,-,-,2860.0000,2859.8000,2859.6000,2859.4000,2859.2000,2860.4000,2860.8000,2861.0000,2861.4000,2861.6000,8,2,3,3,1,2,1,5,1,2
SF,IH2006,2020-06-17 10:54:43.700,2860.4000,18248,-2,7916098560.000,2,0,2,双平,B,2860.4000,2860.0000,2859.8000,2859.6000,2859.4000,2860.8000,2861.0000,2861.4000,2861.6000,2861.8000,4,9,2,3,3,1,5,1,2,2
SF,IH2006,2020-06-17 10:54:44.200,2860.4000,18248,0,7916098560.000,0,-,-,-,-,2860.6000,2860.4000,2860.0000,2859.8000,2859.6000,2860.8000,2861.0000,2861.4000,2861.6000,2861.8000,1,4,8,2,3,1,5,1,3,2
SF,IH2006,2020-06-17 10:54:44.700,2860.8000,18248,0,7918673100.000,3,1,2,空换,B,2860.4000,2860.0000,2859.8000,2859.6000,2859.4000,2861.0000,2861.4000,2861.6000,2861.8000,2862.0000,3,8,2,3,3,5,1,3,2,1
SF,IH2006,2020-06-17 10:54:45.200,2860.8000,18248,0,7918673100.000,0,-,-,-,-,2860.4000,2860.0000,2859.8000,2859.6000,2859.4000,2861.0000,2861.4000,2861.6000,2861.8000,2862.0000,4,8,2,3,3,6,1,3,2,1
SF,IH2006,2020-06-17 10:54:45.700,2860.8000,18248,0,7918673100.000,0,-,-,-,-,2860.4000,2860.0000,2859.8000,2859.6000,2859.4000,2860.8000,2861.0000,2861.4000,2861.6000,2861.8000,4,8,2,3,3,3,6,1,2,2
SF,IH2006,2020-06-17 10:54:46.200,2860.8000,18248,0,7918673100.000,0,-,-,-,-,2860.4000,2860.0000,2859.8000,2859.6000,2859.4000,2860.6000,2860.8000,2861.0000,2861.4000,2861.6000,3,8,2,3,3,2,3,6,1,2
SF,IH2006,2020-06-17 10:54:46.700,2860.4000,18247,-1,7919531220.000,1,0,1,双平,B,2860.4000,2860.0000,2859.8000,2859.6000,2859.4000,2860.6000,2860.8000,2861.0000,2861.4000,2861.6000,2,8,2,3,3,2,3,6,1,2
SF,IH2006,2020-06-17 10:54:47.200,2860.4000,18246,-1,7920389340.000,1,0,1,双平,B,2860.4000,2860.0000,2859.8000,2859.6000,2859.4000,2860.6000,2860.8000,2861.0000,2861.4000,2861.6000,1,8,2,3,3,2,3,6,1,2
SF,IH2006,2020-06-17 10:54:47.700,2860.4000,18246,0,7921247460.000,1,0,1,空换,B,2860.0000,2859.8000,2859.6000,2859.4000,2859.2000,2860.6000,2860.8000,2861.0000,2861.4000,2861.6000,8,2,3,3,1,2,3,6,1,2
SF,IH2006,2020-06-17 10:54:48.200,2860.4000,18246,0,7921247460.000,0,-,-,-,-,2860.0000,2859.8000,2859.6000,2859.4000,2859.2000,2860.4000,2860.6000,2860.8000,2861.0000,2861.4000,8,2,3,3,1,1,4,2,6,1
SF,IH2006,2020-06-17 10:54:48.700,2860.4000,18246,0,7921247460.000,0,-,-,-,-,2860.0000,2859.8000,2859.6000,2859.4000,2859.2000,2860.6000,2860.8000,2861.0000,2861.4000,2861.6000,9,2,3,3,1,4,2,6,1,2
SF,IH2006,2020-06-17 10:54:49.200,2860.4000,18246,0,7921247460.000,0,-,-,-,-,2860.2000,2860.0000,2859.8000,2859.6000,2859.4000,2860.6000,2860.8000,2861.0000,2861.4000,2861.6000,1,9,2,3,3,2,2,6,1,2
SF,IH2006,2020-06-17 10:54:51.200,2860.4000,18246,0,7921247460.000,0,-,-,-,-,2860.2000,2860.0000,2859.8000,2859.6000,2859.4000,2860.6000,2860.8000,2861.0000,2861.4000,2861.6000,1,9,2,3,3,1,2,6,1,2
SF,IH2006,2020-06-17 10:54:51.700,2860.4000,18246,0,7921247460.000,0,-,-,-,-,2860.6000,2860.4000,2860.2000,2860.0000,2859.8000,2861.0000,2861.4000,2861.6000,2861.8000,2862.0000,2,1,2,9,2,6,1,2,2,1
SF,IH2006,2020-06-17 10:54:52.200,2860.4000,18246,0,7921247460.000,0,-,-,-,-,2860.8000,2860.6000,2860.4000,2860.2000,2860.0000,2861.0000,2861.4000,2861.6000,2861.8000,2862.0000,2,1,2,2,8,6,1,2,2,1
SF,IH2006,2020-06-17 10:54:52.700,2860.8000,18247,1,7922105700.000,1,1,0,双开,B,2860.8000,2860.6000,2860.2000,2860.0000,2859.8000,2861.0000,2861.4000,2861.6000,2861.8000,2862.0000,2,1,2,8,1,6,1,2,2,1
SF,IH2006,2020-06-17 10:54:53.200,2860.8000,18248,1,7922963940.000,1,1,0,双开,B,2860.6000,2860.2000,2860.0000,2859.8000,2859.6000,2860.8000,2861.0000,2861.4000,2861.6000,2861.8000,1,2,8,1,1,1,6,1,2,1
SF,IH2006,2020-06-17 10:54:53.700,2860.8000,18248,0,7922963940.000,0,-,-,-,-,2860.6000,2860.2000,2860.0000,2859.8000,2859.6000,2861.0000,2861.4000,2861.6000,2861.8000,2862.0000,1,2,8,1,1,6,1,2,1,1
SF,IH2006,2020-06-17 10:54:54.200,2860.6000,18247,-1,7923822120.000,1,0,1,双平,B,2860.6000,2860.2000,2860.0000,2859.8000,2859.6000,2861.0000,2861.4000,2861.6000,2861.8000,2862.0000,2,2,8,1,1,6,1,2,1,1
SF,IH2006,2020-06-17 10:54:54.700,2860.6000,18247,0,7923822120.000,0,-,-,-,-,2860.6000,2860.2000,2860.0000,2859.8000,2859.6000,2861.0000,2861.4000,2861.6000,2861.8000,2862.0000,3,2,8,1,1,6,1,2,1,1
SF,IH2006,2020-06-17 10:54:55.200,2860.6000,18243,-4,7928113500.000,5,0,5,空平,B,2860.6000,2860.2000,2860.0000,2859.8000,2859.6000,2861.0000,2861.4000,2861.6000,2861.8000,2862.0000,2,2,8,1,1,2,1,2,1,1
SF,IH2006,2020-06-17 10:54:55.700,2860.6000,18243,0,7928971680.000,1,0,1,空换,B,2860.8000,2860.6000,2860.2000,2860.0000,2859.8000,2861.0000,2861.4000,2861.6000,2861.8000,2862.0000,1,2,2,3,1,2,1,2,1,1
SF,IH2006,2020-06-17 10:54:56.200,2860.6000,18242,-1,7929829860.000,1,0,1,双平,B,2860.8000,2860.6000,2860.2000,2860.0000,2859.8000,2861.0000,2861.4000,2861.6000,2861.8000,2862.0000,6,1,2,3,1,2,1,2,1,1
SF,IH2006,2020-06-17 10:54:56.700,2860.6000,18242,0,7929829860.000,0,-,-,-,-,2860.8000,2860.6000,2860.2000,2860.0000,2859.8000,2861.0000,2861.4000,2861.6000,2861.8000,2862.0000,6,1,2,2,1,2,1,2,1,1
SF,IH2006,2020-06-17 10:55:00.200,2860.6000,18242,0,7929829860.000,0,-,-,-,-,2860.8000,2860.6000,2860.2000,2860.0000,2859.8000,2861.0000,2861.4000,2861.6000,2861.8000,2862.0000,6,1,2,2,1,1,1,2,1,1
SF,IH2006,2020-06-17 10:55:00.700,2860.6000,18242,0,7929829860.000,0,-,-,-,-,2860.8000,2860.6000,2860.2000,2860.0000,2859.8000,2861.0000,2861.2000,2861.4000,2861.6000,2861.8000,8,1,2,2,1,3,1,1,2,1
SF,IH2006,2020-06-17 10:55:01.200,2860.6000,18242,0,7929829860.000,0,-,-,-,-,2860.8000,2860.6000,2860.2000,2860.0000,2859.8000,2861.0000,2861.2000,2861.4000,2861.6000,2861.8000,9,1,2,1,1,2,1,1,2,1
SF,IH2006,2020-06-17 10:55:01.700,2860.6000,18242,0,7929829860.000,0,-,-,-,-,2860.8000,2860.6000,2860.2000,2860.0000,2859.8000,2861.0000,2861.2000,2861.4000,2861.6000,2861.8000,8,1,2,1,1,2,1,1,2,1
SF,IH2006,2020-06-17 10:55:02.200,2860.6000,18242,0,7929829860.000,0,-,-,-,-,2860.8000,2860.6000,2860.2000,2860.0000,2859.8000,2861.0000,2861.2000,2861.4000,2861.6000,2861.8000,8,1,2,1,1,4,1,1,2,1
SF,IH2006,2020-06-17 10:55:03.200,2860.6000,18242,0,7929829860.000,0,-,-,-,-,2860.8000,2860.6000,2860.4000,2860.2000,2860.0000,2861.0000,2861.2000,2861.4000,2861.6000,2861.8000,8,1,1,2,1,4,1,1,2,1
SF,IH2006,2020-06-17 10:55:06.200,2860.6000,18242,0,7929829860.000,0,-,-,-,-,2860.8000,2860.6000,2860.4000,2860.2000,2860.0000,2861.0000,2861.2000,2861.4000,2861.6000,2861.8000,8,1,1,2,1,4,1,2,2,1
SF,IH2006,2020-06-17 10:55:06.700,2861.0000,18242,0,7930688160.000,1,0,1,空换,B,2860.8000,2860.6000,2860.4000,2860.2000,2860.0000,2861.0000,2861.2000,2861.4000,2861.6000,2861.8000,8,1,1,2,1,3,1,2,2,1
SF,IH2006,2020-06-17 10:55:07.200,2861.0000,18243,1,7931546460.000,1,1,0,双开,B,2861.0000,2860.8000,2860.6000,2860.4000,2860.2000,2861.2000,2861.4000,2861.6000,2861.8000,2862.0000,2,8,1,1,2,1,2,2,1,1
SF,IH2006,2020-06-17 10:55:07.700,2861.0000,18243,0,7931546460.000,0,-,-,-,-,2861.0000,2860.8000,2860.6000,2860.4000,2860.2000,2861.2000,2861.4000,2861.6000,2861.8000,2862.0000,5,5,1,1,2,1,2,2,1,1
SF,IH2006,2020-06-17 10:55:08.200,2861.4000,18244,1,7934980080.000,4,2,2,多开,B,2861.0000,2860.8000,2860.6000,2860.4000,2860.2000,2861.6000,2861.8000,2862.0000,2862.2000,2862.6000,5,5,1,1,2,2,1,1,3,2
SF,IH2006,2020-06-17 10:55:08.700,2861.4000,18244,0,7934980080.000,0,-,-,-,-,2861.0000,2860.8000,2860.6000,2860.4000,2860.2000,2861.4000,2861.6000,2861.8000,2862.0000,2862.2000,5,5,1,1,2,3,3,1,1,3
SF,IH2006,2020-06-17 10:55:09.200,2861.0000,18243,-1,7935838380.000,1,0,1,双平,B,2861.0000,2860.8000,2860.6000,2860.4000,2860.2000,2861.4000,2861.6000,2861.8000,2862.0000,2862.2000,4,5,1,1,2,4,2,1,1,3
SF,IH2006,2020-06-17 10:55:09.700,2861.0000,18243,0,7936696680.000,1,0,1,空换,B,2861.0000,2860.8000,2860.6000,2860.4000,2860.2000,2861.4000,2861.6000,2861.8000,2862.0000,2862.2000,3,5,1,1,2,4,3,1,1,3
SF,IH2006,2020-06-17 10:55:11.200,2861.0000,18243,0,7936696680.000,0,-,-,-,-,2861.0000,2860.8000,2860.6000,2860.4000,2860.2000,2861.2000,2861.4000,2861.6000,2861.8000,2862.0000,3,5,1,1,2,1,4,3,1,1
SF,IH2006,2020-06-17 10:55:11.700,2861.0000,18243,0,7936696680.000,0,-,-,-,-,2861.0000,2860.8000,2860.6000,2860.4000,2860.2000,2861.2000,2861.4000,2861.6000,2861.8000,2862.0000,4,5,1,1,2,3,2,3,1,1
SF,IH2006,2020-06-17 10:55:12.200,2861.0000,18243,0,7936696680.000,0,-,-,-,-,2861.0000,2860.8000,2860.6000,2860.4000,2860.2000,2861.2000,2861.4000,2861.6000,2861.8000,2862.0000,7,5,1,1,2,3,2,3,1,1
SF,IH2006,2020-06-17 10:55:12.700,2861.0000,18243,0,7936696680.000,0,-,-,-,-,2861.0000,2860.8000,2860.6000,2860.4000,2860.2000,2861.2000,2861.4000,2861.6000,2861.8000,2862.0000,7,5,1,1,2,3,2,3,1,1
SF,IH2006,2020-06-17 10:55:13.700,2861.0000,18243,0,7936696680.000,0,-,-,-,-,2861.0000,2860.8000,2860.6000,2860.4000,2860.2000,2861.2000,2861.4000,2861.6000,2861.8000,2862.0000,8,5,1,1,2,2,2,3,1,1
SF,IH2006,2020-06-17 10:55:14.200,2861.0000,18243,0,7936696680.000,0,-,-,-,-,2861.0000,2860.8000,2860.6000,2860.4000,2860.2000,2861.4000,2861.6000,2861.8000,2862.0000,2862.2000,8,5,1,1,2,2,3,1,1,3
SF,IH2006,2020-06-17 10:55:14.700,2861.0000,18243,0,7936696680.000,0,-,-,-,-,2861.0000,2860.8000,2860.6000,2860.4000,2860.2000,2861.2000,2861.4000,2861.6000,2861.8000,2862.0000,8,5,1,1,2,2,2,3,1,1
SF,IH2006,2020-06-17 10:55:15.200,2861.0000,18243,0,7936696680.000,0,-,-,-,-,2861.0000,2860.8000,2860.6000,2860.4000,2860.2000,2861.2000,2861.4000,2861.6000,2861.8000,2862.0000,8,5,1,1,2,3,2,3,1,1
SF,IH2006,2020-06-17 10:55:15.700,2861.0000,18243,0,7936696680.000,0,-,-,-,-,2861.0000,2860.8000,2860.6000,2860.4000,2860.2000,2861.2000,2861.4000,2861.6000,2861.8000,2862.0000,8,5,1,1,2,4,2,3,1,1
SF,IH2006,2020-06-17 10:55:16.200,2861.0000,18243,0,7938413280.000,2,1,1,空换,B,2861.0000,2860.6000,2860.4000,2860.2000,2860.0000,2861.2000,2861.4000,2861.6000,2861.8000,2862.0000,6,1,1,2,1,4,2,3,1,1
SF,IH2006,2020-06-17 10:55:16.700,2861.0000,18242,-1,7943563080.000,6,2,4,空平,B,2860.6000,2860.4000,2860.2000,2860.0000,2859.6000,2861.2000,2861.4000,2861.6000,2861.8000,2862.0000,1,1,2,1,1,4,2,3,1,1
SF,IH2006,2020-06-17 10:55:17.200,2861.0000,18242,0,7943563080.000,0,-,-,-,-,2861.0000,2860.6000,2860.4000,2860.2000,2860.0000,2861.2000,2861.4000,2861.6000,2861.8000,2862.0000,1,1,1,2,1,5,2,3,1,1
SF,IH2006,2020-06-17 10:55:17.700,2861.0000,18241,-1,7944421380.000,1,0,1,双平,B,2860.6000,2860.4000,2860.2000,2860.0000,2859.6000,2861.0000,2861.2000,2861.4000,2861.6000,2861.8000,1,1,2,1,1,1,5,2,3,1
SF,IH2006,2020-06-17 10:55:18.200,2861.0000,18241,0,7944421380.000,0,-,-,-,-,2860.6000,2860.4000,2860.2000,2860.0000,2859.6000,2861.0000,2861.2000,2861.4000,2861.6000,2861.8000,1,1,2,1,1,3,3,2,3,1
SF,IH2006,2020-06-17 10:55:18.700,2861.0000,18241,0,7944421380.000,0,-,-,-,-,2860.6000,2860.4000,2860.2000,2860.0000,2859.6000,2860.8000,2861.0000,2861.2000,2861.4000,2861.6000,1,2,2,1,1,3,3,3,2,3
SF,IH2006,2020-06-17 10:55:19.200,2861.0000,18241,0,7944421380.000,0,-,-,-,-,2860.4000,2860.2000,2860.0000,2859.6000,2859.4000,2860.8000,2861.0000,2861.2000,2861.4000,2861.6000,2,2,1,1,3,5,2,3,2,3
SF,IH2006,2020-06-17 10:55:19.700,2861.0000,18241,0,7944421380.000,0,-,-,-,-,2860.4000,2860.2000,2860.0000,2859.6000,2859.4000,2860.8000,2861.0000,2861.2000,2861.4000,2861.6000,8,2,1,1,3,5,2,3,2,3
SF,IH2006,2020-06-17 10:55:20.700,2860.4000,18239,-2,7946137620.000,2,0,2,双平,B,2860.4000,2860.2000,2860.0000,2859.6000,2859.4000,2860.8000,2861.0000,2861.2000,2861.4000,2861.6000,6,2,1,1,3,5,2,3,2,3
SF,IH2006,2020-06-17 10:55:21.200,2860.8000,18237,-2,7949570580.000,4,1,3,空平,B,2860.4000,2860.2000,2860.0000,2859.6000,2859.4000,2860.8000,2861.0000,2861.2000,2861.4000,2861.6000,6,2,1,1,3,1,2,3,2,3
SF,IH2006,2020-06-17 10:55:21.700,2860.8000,18237,0,7949570580.000,0,-,-,-,-,2860.4000,2860.2000,2860.0000,2859.6000,2859.4000,2860.8000,2861.0000,2861.2000,2861.4000,2861.6000,6,2,1,1,3,2,2,3,2,3
SF,IH2006,2020-06-17 10:55:23.200,2860.8000,18237,0,7949570580.000,0,-,-,-,-,2860.4000,2860.2000,2860.0000,2859.6000,2859.4000,2860.8000,2861.0000,2861.2000,2861.4000,2861.6000,6,2,1,1,3,2,2,3,2,3
SF,IH2006,2020-06-17 10:55:23.700,2860.8000,18237,0,7949570580.000,0,-,-,-,-,2860.4000,2860.2000,2860.0000,2859.6000,2859.4000,2860.8000,2861.0000,2861.2000,2861.4000,2861.6000,6,2,1,1,3,2,2,3,2,3
SF,IH2006,2020-06-17 10:55:24.700,2860.8000,18237,0,7949570580.000,0,-,-,-,-,2860.6000,2860.4000,2860.2000,2860.0000,2859.6000,2860.8000,2861.0000,2861.2000,2861.4000,2861.6000,1,6,3,1,1,2,2,3,2,3
SF,IH2006,2020-06-17 10:55:25.200,2860.8000,18237,0,7949570580.000,0,-,-,-,-,2860.6000,2860.4000,2860.2000,2860.0000,2859.6000,2860.8000,2861.0000,2861.2000,2861.4000,2861.6000,1,6,3,1,1,1,2,3,2,3
SF,IH2006,2020-06-17 10:55:25.700,2860.8000,18238,1,7950428820.000,1,1,0,双开,B,2860.8000,2860.6000,2860.4000,2860.2000,2860.0000,2861.0000,2861.2000,2861.4000,2861.6000,2862.0000,1,2,6,3,1,2,3,2,3,1
SF,IH2006,2020-06-17 10:55:26.200,2860.8000,18238,0,7950428820.000,0,-,-,-,-,2860.8000,2860.6000,2860.4000,2860.2000,2860.0000,2861.0000,2861.2000,2861.4000,2861.6000,2862.0000,1,2,6,3,1,2,3,2,3,1
SF,IH2006,2020-06-17 10:55:26.700,2860.8000,18237,-1,7951287060.000,1,0,1,双平,B,2860.6000,2860.4000,2860.2000,2860.0000,2859.6000,2860.8000,2861.0000,2861.2000,2861.4000,2861.6000,2,6,3,1,1,1,2,3,2,3
SF,IH2006,2020-06-17 10:55:28.200,2860.8000,18237,0,7951287060.000,0,-,-,-,-,2860.6000,2860.4000,2860.2000,2860.0000,2859.6000,2860.8000,2861.0000,2861.2000,2861.4000,2861.6000,2,6,3,2,1,1,2,3,2,3
SF,IH2006,2020-06-17 10:55:29.200,2860.8000,18236,-1,7952145300.000,1,0,1,双平,B,2860.6000,2860.4000,2860.2000,2860.0000,2859.6000,2861.0000,2861.2000,2861.4000,2861.6000,2862.0000,2,6,3,2,1,2,3,2,3,1
SF,IH2006,2020-06-17 10:55:30.700,2860.8000,18236,0,7952145300.000,0,-,-,-,-,2860.6000,2860.4000,2860.2000,2860.0000,2859.6000,2860.8000,2861.0000,2861.2000,2861.4000,2861.6000,2,6,3,2,1,1,2,3,2,3
SF,IH2006,2020-06-17 10:55:31.200,2860.8000,18236,0,7952145300.000,0,-,-,-,-,2860.6000,2860.4000,2860.2000,2860.0000,2859.6000,2860.8000,2861.0000,2861.2000,2861.4000,2861.6000,2,6,3,2,1,1,3,3,2,3
SF,IH2006,2020-06-17 10:55:33.700,2860.8000,18236,0,7952145300.000,0,-,-,-,-,2860.6000,2860.4000,2860.2000,2860.0000,2859.6000,2860.8000,2861.0000,2861.2000,2861.4000,2861.6000,2,6,3,2,1,1,3,3,3,3
SF,IH2006,2020-06-17 10:55:34.200,2860.8000,18236,0,7952145300.000,0,-,-,-,-,2860.6000,2860.4000,2860.2000,2860.0000,2859.6000,2860.8000,2861.0000,2861.2000,2861.4000,2861.6000,2,6,3,2,1,2,3,3,3,3
SF,IH2006,2020-06-17 10:55:35.200,2860.8000,18236,0,7952145300.000,0,-,-,-,-,2860.6000,2860.4000,2860.2000,2860.0000,2859.6000,2860.8000,2861.0000,2861.2000,2861.4000,2861.6000,1,6,3,2,1,2,3,3,3,3
SF,IH2006,2020-06-17 10:55:37.700,2861.0000,18235,-1,7954720080.000,3,1,2,空平,B,2860.8000,2860.6000,2860.4000,2860.2000,2860.0000,2861.0000,2861.2000,2861.4000,2861.6000,2862.0000,2,1,6,3,2,2,3,3,3,1
SF,IH2006,2020-06-17 10:55:38.200,2860.8000,18233,-2,7956436560.000,2,0,2,双平,B,2860.6000,2860.4000,2860.2000,2860.0000,2859.6000,2860.8000,2861.0000,2861.2000,2861.4000,2861.6000,1,6,3,2,1,1,1,3,3,3
SF,IH2006,2020-06-17 10:55:38.700,2860.8000,18233,0,7956436560.000,0,-,-,-,-,2860.4000,2860.2000,2860.0000,2859.6000,2859.4000,2860.8000,2861.0000,2861.2000,2861.4000,2861.6000,6,3,2,1,3,1,2,3,3,3
SF,IH2006,2020-06-17 10:55:39.200,2860.8000,18233,0,7956436560.000,0,-,-,-,-,2860.4000,2860.2000,2860.0000,2859.6000,2859.4000,2860.8000,2861.0000,2861.2000,2861.4000,2861.6000,6,3,2,1,3,2,1,3,3,3
SF,IH2006,2020-06-17 10:55:41.200,2860.4000,18232,-1,7957294680.000,1,0,1,双平,B,2860.4000,2860.2000,2860.0000,2859.6000,2859.4000,2860.8000,2861.0000,2861.2000,2861.4000,2861.6000,5,3,2,1,3,2,1,3,3,3
SF,IH2006,2020-06-17 10:55:41.700,2860.4000,18232,0,7957294680.000,0,-,-,-,-,2860.4000,2860.2000,2860.0000,2859.6000,2859.4000,2860.8000,2861.0000,2861.2000,2861.4000,2861.6000,9,2,2,1,3,3,1,3,3,3
SF,IH2006,2020-06-17 10:55:42.200,2860.4000,18232,0,7957294680.000,0,-,-,-,-,2860.4000,2860.2000,2860.0000,2859.6000,2859.4000,2860.8000,2861.0000,2861.2000,2861.4000,2861.6000,9,2,2,1,3,4,1,3,2,3
SF,IH2006,2020-06-17 10:55:42.700,2860.4000,18232,0,7957294680.000,0,-,-,-,-,2860.4000,2860.2000,2860.0000,2859.6000,2859.4000,2860.6000,2860.8000,2861.0000,2861.2000,2861.4000,9,2,2,1,3,1,5,1,3,2
SF,IH2006,2020-06-17 10:55:43.200,2860.4000,18232,0,7957294680.000,0,-,-,-,-,2860.4000,2860.2000,2860.0000,2859.6000,2859.4000,2860.6000,2860.8000,2861.0000,2861.2000,2861.4000,9,4,2,1,3,3,4,1,3,2
SF,IH2006,2020-06-17 10:55:43.700,2860.4000,18232,0,7957294680.000,0,-,-,-,-,2860.4000,2860.2000,2860.0000,2859.6000,2859.4000,2860.6000,2860.8000,2861.0000,2861.2000,2861.4000,9,4,2,1,3,3,5,1,3,2
SF,IH2006,2020-06-17 10:55:44.200,2860.4000,18232,0,7957294680.000,0,-,-,-,-,2860.4000,2860.2000,2860.0000,2859.6000,2859.4000,2860.6000,2860.8000,2861.0000,2861.2000,2861.4000,9,4,2,1,3,1,5,1,3,2
SF,IH2006,2020-06-17 10:55:44.700,2860.6000,18231,-1,7958152860.000,1,0,1,双平,B,2860.4000,2860.2000,2860.0000,2859.6000,2859.4000,2860.8000,2861.0000,2861.2000,2861.4000,2861.6000,9,4,2,1,3,5,1,3,2,3
SF,IH2006,2020-06-17 10:55:45.200,2860.6000,18231,0,7958152860.000,0,-,-,-,-,2860.4000,2860.2000,2860.0000,2859.6000,2859.4000,2860.8000,2861.0000,2861.2000,2861.4000,2861.6000,9,4,2,1,3,6,1,3,2,3
SF,IH2006,2020-06-17 10:55:45.700,2860.6000,18231,0,7958152860.000,0,-,-,-,-,2860.4000,2860.2000,2860.0000,2859.6000,2859.4000,2860.8000,2861.0000,2861.2000,2861.4000,2861.6000,10,4,2,1,3,5,1,3,2,3
SF,IH2006,2020-06-17 10:55:46.200,2860.4000,18230,-1,7959010980.000,1,0,1,双平,B,2860.4000,2860.2000,2860.0000,2859.6000,2859.4000,2860.8000,2861.0000,2861.2000,2861.4000,2861.6000,10,4,2,1,3,6,1,3,2,3
SF,IH2006,2020-06-17 10:55:46.700,2860.8000,18228,-2,7960727460.000,2,0,2,双平,B,2860.6000,2860.4000,2860.2000,2860.0000,2859.6000,2860.8000,2861.0000,2861.2000,2861.4000,2861.6000,3,10,4,2,1,1,1,3,2,3
SF,IH2006,2020-06-17 10:55:47.200,2861.0000,18228,0,7962444000.000,2,1,1,空换,B,2861.0000,2860.8000,2860.6000,2860.4000,2860.2000,2861.2000,2861.4000,2861.6000,2862.0000,2862.2000,1,10,3,10,2,3,2,3,2,1
SF,IH2006,2020-06-17 10:55:47.700,2861.0000,18227,-1,7964160660.000,2,0,2,空平,B,2860.8000,2860.6000,2860.4000,2860.2000,2860.0000,2861.0000,2861.2000,2861.4000,2861.6000,2862.0000,9,3,6,2,2,3,2,2,3,2
SF,IH2006,2020-06-17 10:55:48.200,2861.0000,18226,-1,7965018960.000,1,0,1,双平,B,2860.8000,2860.6000,2860.4000,2860.2000,2860.0000,2861.0000,2861.2000,2861.4000,2861.6000,2862.0000,8,3,5,2,2,1,3,2,3,2
SF,IH2006,2020-06-17 10:55:48.700,2861.0000,18226,0,7965877260.000,1,0,1,空换,B,2860.8000,2860.6000,2860.4000,2860.2000,2860.0000,2861.2000,2861.4000,2861.6000,2862.0000,2862.2000,8,3,5,2,2,3,2,3,2,1
SF,IH2006,2020-06-17 10:55:49.700,2861.0000,18226,0,7965877260.000,0,-,-,-,-,2860.8000,2860.6000,2860.4000,2860.2000,2860.0000,2861.0000,2861.2000,2861.4000,2861.6000,2862.0000,8,3,5,2,2,1,3,2,3,2
SF,IH2006,2020-06-17 10:55:50.200,2861.2000,18224,-2,7969310640.000,4,1,3,空平,B,2861.0000,2860.8000,2860.6000,2860.4000,2860.2000,2861.4000,2861.6000,2862.0000,2862.6000,2862.8000,1,7,3,5,2,2,3,2,2,4
SF,IH2006,2020-06-17 10:55:50.700,2861.2000,18224,0,7969310640.000,0,-,-,-,-,2861.2000,2861.0000,2860.8000,2860.6000,2860.4000,2861.4000,2861.6000,2862.0000,2862.6000,2862.8000,1,1,7,3,5,1,3,2,2,4
SF,IH2006,2020-06-17 10:55:51.200,2861.0000,18223,-1,7971027300.000,2,0,2,空平,B,2860.8000,2860.6000,2860.4000,2860.2000,2860.0000,2861.2000,2861.4000,2861.6000,2862.0000,2862.4000,7,3,5,2,2,1,1,3,2,1
SF,IH2006,2020-06-17 10:55:51.700,2861.2000,18223,0,7971885660.000,1,0,1,空换,B,2861.2000,2861.0000,2860.8000,2860.6000,2860.4000,2861.4000,2861.6000,2862.0000,2862.4000,2862.6000,2,2,8,3,5,1,3,2,1,2
SF,IH2006,2020-06-17 10:55:52.200,2861.0000,18223,0,7972743960.000,1,0,1,空换,B,2861.0000,2860.8000,2860.6000,2860.4000,2860.2000,2861.4000,2861.6000,2862.0000,2862.4000,2862.6000,1,8,3,5,2,1,3,2,1,2
SF,IH2006,2020-06-17 10:55:52.700,2861.0000,18223,0,7972743960.000,0,-,-,-,-,2861.0000,2860.8000,2860.6000,2860.4000,2860.2000,2861.4000,2861.6000,2862.0000,2862.4000,2862.6000,2,8,3,5,1,1,3,2,1,2
SF,IH2006,2020-06-17 10:55:53.200,2861.0000,18223,0,7972743960.000,0,-,-,-,-,2861.2000,2861.0000,2860.8000,2860.6000,2860.4000,2861.4000,2861.6000,2862.0000,2862.4000,2862.6000,2,2,8,3,5,1,3,2,1,2
SF,IH2006,2020-06-17 10:55:53.700,2861.0000,18222,-1,7973602260.000,1,0,1,双平,B,2861.0000,2860.8000,2860.6000,2860.4000,2860.2000,2861.4000,2861.6000,2862.0000,2862.4000,2862.6000,2,8,1,4,1,1,3,2,1,2
SF,IH2006,2020-06-17 10:55:54.200,2861.0000,18222,0,7973602260.000,0,-,-,-,-,2861.0000,2860.8000,2860.6000,2860.4000,2860.2000,2861.4000,2861.6000,2862.0000,2862.4000,2862.6000,2,7,1,4,1,1,3,2,1,2
SF,IH2006,2020-06-17 10:55:54.700,2861.0000,18222,0,7973602260.000,0,-,-,-,-,2861.0000,2860.8000,2860.6000,2860.4000,2860.2000,2861.4000,2861.6000,2862.0000,2862.4000,2862.6000,1,6,1,4,1,1,3,2,1,2
SF,IH2006,2020-06-17 10:55:55.200,2861.0000,18221,-1,7974460560.000,1,0,1,双平,B,2860.8000,2860.6000,2860.4000,2860.2000,2860.0000,2861.4000,2861.6000,2862.0000,2862.4000,2862.6000,5,1,4,1,2,1,3,2,1,2
SF,IH2006,2020-06-17 10:55:55.700,2861.0000,18221,0,7974460560.000,0,-,-,-,-,2860.8000,2860.6000,2860.4000,2860.2000,2860.0000,2861.2000,2861.4000,2861.6000,2862.0000,2862.4000,5,1,4,1,2,4,1,3,2,1
SF,IH2006,2020-06-17 10:55:56.200,2861.2000,18222,1,7977894000.000,4,2,2,多开,B,2861.2000,2861.0000,2860.8000,2860.6000,2860.4000,2861.4000,2861.6000,2862.0000,2862.4000,2862.6000,4,2,5,1,4,1,3,2,1,2
SF,IH2006,2020-06-17 10:55:56.700,2861.4000,18219,-3,7980469260.000,3,0,3,双平,B,2861.4000,2861.0000,2860.8000,2860.6000,2860.4000,2861.6000,2862.0000,2862.4000,2862.6000,2862.8000,4,2,5,1,4,3,2,1,2,4
SF,IH2006,2020-06-17 10:55:57.200,2861.6000,18213,-6,7986478500.000,7,0,7,空平,B,2861.8000,2861.4000,2861.0000,2860.8000,2860.6000,2862.0000,2862.4000,2862.6000,2862.8000,2863.0000,6,2,2,3,1,2,1,2,4,5
SF,IH2006,2020-06-17 10:55:57.700,2861.8000,18208,-5,8001931140.000,18,6,12,空平,B,2860.8000,2860.4000,2860.2000,2860.0000,2859.6000,2861.6000,2861.8000,2862.0000,2862.2000,2862.4000,3,4,1,2,1,1,22,2,1,1
SF,IH2006,2020-06-17 10:55:58.200,2861.0000,18204,-4,8007081120.000,6,1,5,空平,B,2861.0000,2860.8000,2860.4000,2860.2000,2860.0000,2861.4000,2861.6000,2861.8000,2862.0000,2862.2000,5,3,4,1,2,5,1,15,2,1
SF,IH2006,2020-06-17 10:55:58.700,2861.0000,18205,1,8012231280.000,6,3,3,多开,B,2861.0000,2860.8000,2860.4000,2860.2000,2860.0000,2861.4000,2861.6000,2861.8000,2862.0000,2862.2000,6,4,4,1,2,1,2,12,2,1
SF,IH2006,2020-06-17 10:55:59.200,2861.0000,18205,0,8014806300.000,3,1,2,空换,B,2861.0000,2860.8000,2860.4000,2860.2000,2860.0000,2861.4000,2861.6000,2861.8000,2862.0000,2862.2000,4,4,4,1,2,1,2,12,2,1
SF,IH2006,2020-06-17 10:55:59.700,2861.0000,18205,0,8014806300.000,0,-,-,-,-,2861.0000,2860.8000,2860.4000,2860.2000,2860.0000,2861.4000,2861.6000,2861.8000,2862.0000,2862.2000,4,4,4,1,2,1,2,13,2,1
SF,IH2006,2020-06-17 10:56:00.200,2861.4000,18204,-1,8015664720.000,1,0,1,双平,B,2861.2000,2861.0000,2860.8000,2860.4000,2860.2000,2861.6000,2861.8000,2862.0000,2862.2000,2862.4000,1,4,4,4,1,3,13,2,1,1
SF,IH2006,2020-06-17 10:56:00.700,2861.4000,18203,-1,8019098400.000,4,1,3,空平,B,2861.2000,2861.0000,2860.8000,2860.4000,2860.2000,2861.6000,2861.8000,2862.0000,2862.2000,2862.4000,1,3,4,4,1,5,12,2,1,1
SF,IH2006,2020-06-17 10:56:01.200,2861.4000,18203,0,8019098400.000,0,-,-,-,-,2861.4000,2861.2000,2861.0000,2860.8000,2860.4000,2861.6000,2861.8000,2862.0000,2862.2000,2862.4000,1,1,3,4,4,4,9,3,1,1
SF,IH2006,2020-06-17 10:56:01.700,2861.4000,18203,0,8019098400.000,0,-,-,-,-,2861.4000,2861.2000,2861.0000,2860.8000,2860.4000,2861.6000,2861.8000,2862.0000,2862.2000,2862.4000,1,1,4,4,4,3,9,3,1,1
SF,IH2006,2020-06-17 10:56:02.200,2861.4000,18202,-1,8019956820.000,1,0,1,双平,B,2861.2000,2861.0000,2860.8000,2860.4000,2860.2000,2861.6000,2861.8000,2862.0000,2862.2000,2862.6000,1,6,4,4,1,3,9,3,1,2
SF,IH2006,2020-06-17 10:56:02.700,2861.2000,18201,-1,8020815180.000,1,0,1,双平,B,2861.2000,2861.0000,2860.8000,2860.4000,2860.2000,2861.6000,2861.8000,2862.0000,2862.2000,2862.4000,2,4,4,4,1,2,9,3,1,1
SF,IH2006,2020-06-17 10:56:03.200,2861.4000,18200,-1,8022532080.000,2,0,2,空平,B,2861.2000,2861.0000,2860.8000,2860.4000,2860.2000,2861.6000,2861.8000,2862.0000,2862.2000,2862.4000,2,4,4,4,1,1,9,3,1,1
SF,IH2006,2020-06-17 10:56:03.700,2861.6000,18200,0,8023390560.000,1,0,1,空换,B,2861.6000,2861.2000,2861.0000,2860.8000,2860.4000,2861.8000,2862.0000,2862.2000,2862.6000,2862.8000,2,3,4,4,4,9,3,1,2,4
SF,IH2006,2020-06-17 10:56:04.200,2861.6000,18198,-2,8025966000.000,3,0,3,空平,B,2861.2000,2861.0000,2860.8000,2860.4000,2860.2000,2861.6000,2861.8000,2862.0000,2862.2000,2862.6000,2,4,4,4,1,2,9,3,1,2
SF,IH2006,2020-06-17 10:56:04.700,2861.6000,18198,0,8025966000.000,0,-,-,-,-,2861.2000,2861.0000,2860.8000,2860.4000,2860.2000,2861.6000,2861.8000,2862.0000,2862.2000,2862.6000,3,4,4,4,1,2,8,3,1,2
SF,IH2006,2020-06-17 10:56:05.200,2861.2000,18196,-2,8027682840.000,2,0,2,双平,B,2861.2000,2861.0000,2860.8000,2860.4000,2860.2000,2861.6000,2861.8000,2862.0000,2862.2000,2862.6000,2,4,4,4,1,1,8,3,1,3
SF,IH2006,2020-06-17 10:56:05.700,2861.8000,18194,-2,8029399860.000,2,0,2,双平,B,2861.6000,2861.4000,2861.2000,2861.0000,2860.8000,2861.8000,2862.0000,2862.2000,2862.6000,2862.8000,3,2,2,4,4,6,3,1,3,4
SF,IH2006,2020-06-17 10:56:06.200,2861.8000,18193,-1,8030258400.000,1,0,1,双平,B,2861.6000,2861.4000,2861.2000,2861.0000,2860.8000,2861.8000,2862.0000,2862.2000,2862.6000,2862.8000,5,3,1,4,4,4,3,1,3,3
SF,IH2006,2020-06-17 10:56:06.700,2861.8000,18191,-2,8033692560.000,4,1,3,空平,B,2861.8000,2861.6000,2861.4000,2861.2000,2861.0000,2862.0000,2862.2000,2862.6000,2862.8000,2863.0000,1,4,4,1,4,3,1,3,3,5
SF,IH2006,2020-06-17 10:56:07.200,2861.8000,18189,-2,8035409640.000,2,0,2,双平,B,2861.6000,2861.4000,2861.2000,2861.0000,2860.8000,2862.0000,2862.2000,2862.6000,2862.8000,2863.0000,3,4,1,4,4,3,1,3,3,5
SF,IH2006,2020-06-17 10:56:07.700,2862.0000,18188,-1,8036268240.000,1,0,1,双平,B,2861.6000,2861.4000,2861.2000,2861.0000,2860.8000,2861.8000,2862.0000,2862.2000,2862.6000,2862.8000,3,4,1,3,4,1,2,1,3,3
SF,IH2006,2020-06-17 10:56:08.200,2861.8000,18187,-1,8037126780.000,1,0,1,双平,B,2861.6000,2861.4000,2861.2000,2861.0000,2860.8000,2862.0000,2862.2000,2862.6000,2862.8000,2863.0000,3,4,1,3,4,2,1,3,3,5
SF,IH2006,2020-06-17 10:56:08.700,2862.0000,18186,-1,8037985380.000,1,0,1,双平,B,2861.6000,2861.4000,2861.2000,2861.0000,2860.8000,2862.0000,2862.2000,2862.6000,2862.8000,2863.0000,2,4,1,3,4,1,1,3,3,5
SF,IH2006,2020-06-17 10:56:09.200,2862.0000,18185,-1,8038843980.000,1,0,1,双平,B,2861.8000,2861.6000,2861.4000,2861.2000,2861.0000,2862.0000,2862.2000,2862.6000,2862.8000,2863.0000,1,2,4,1,3,1,1,3,3,5
SF,IH2006,2020-06-17 10:56:09.700,2861.8000,18184,-1,8040561120.000,2,0,2,空平,B,2861.6000,2861.4000,2861.2000,2861.0000,2860.8000,2862.2000,2862.6000,2862.8000,2863.0000,2863.6000,2,4,1,3,4,2,2,3,5,4
SF,IH2006,2020-06-17 10:56:10.200,2861.8000,18184,0,8040561120.000,0,-,-,-,-,2861.6000,2861.4000,2861.2000,2861.0000,2860.8000,2862.0000,2862.2000,2862.6000,2862.8000,2863.0000,2,4,1,3,4,1,4,2,3,5
SF,IH2006,2020-06-17 10:56:10.700,2861.8000,18184,0,8040561120.000,0,-,-,-,-,2861.6000,2861.4000,2861.2000,2861.0000,2860.8000,2862.0000,2862.2000,2862.6000,2862.8000,2863.0000,2,4,1,3,4,1,4,2,3,5
SF,IH2006,2020-06-17 10:56:12.200,2861.8000,18184,0,8040561120.000,0,-,-,-,-,2861.6000,2861.4000,2861.2000,2861.0000,2860.8000,2862.0000,2862.2000,2862.6000,2862.8000,2863.0000,2,4,1,3,4,1,4,2,3,5
SF,IH2006,2020-06-17 10:56:12.700,2861.8000,18184,0,8040561120.000,0,-,-,-,-,2861.6000,2861.4000,2861.2000,2861.0000,2860.8000,2862.0000,2862.2000,2862.6000,2862.8000,2863.0000,2,4,1,3,4,2,4,2,3,6
SF,IH2006,2020-06-17 10:56:13.200,2861.8000,18184,0,8040561120.000,0,-,-,-,-,2861.6000,2861.4000,2861.2000,2861.0000,2860.8000,2862.0000,2862.2000,2862.6000,2862.8000,2863.0000,1,4,1,3,4,2,4,2,3,6
SF,IH2006,2020-06-17 10:56:13.700,2861.8000,18184,0,8040561120.000,0,-,-,-,-,2861.6000,2861.4000,2861.2000,2861.0000,2860.8000,2862.0000,2862.2000,2862.6000,2862.8000,2863.0000,1,4,1,3,4,3,3,2,3,6
SF,IH2006,2020-06-17 10:56:14.200,2861.6000,18184,0,8041419600.000,1,0,1,空换,B,2861.4000,2861.2000,2861.0000,2860.8000,2860.4000,2862.0000,2862.2000,2862.6000,2862.8000,2863.0000,4,1,3,4,4,5,2,2,3,6
SF,IH2006,2020-06-17 10:56:14.700,2861.4000,18183,-1,8042278020.000,1,0,1,双平,B,2861.4000,2861.2000,2861.0000,2860.8000,2860.4000,2862.0000,2862.2000,2862.6000,2862.8000,2863.0000,3,1,3,4,4,5,2,2,3,6
SF,IH2006,2020-06-17 10:56:15.200,2861.4000,18183,0,8042278020.000,0,-,-,-,-,2861.4000,2861.2000,2861.0000,2860.8000,2860.4000,2862.0000,2862.2000,2862.6000,2862.8000,2863.0000,3,1,3,4,4,5,2,2,3,6
SF,IH2006,2020-06-17 10:56:15.700,2861.4000,18183,0,8042278020.000,0,-,-,-,-,2861.4000,2861.2000,2861.0000,2860.8000,2860.4000,2862.0000,2862.2000,2862.6000,2862.8000,2863.0000,3,1,3,4,4,5,2,2,3,6
SF,IH2006,2020-06-17 10:56:16.200,2861.0000,18166,-17,8060300460.000,21,2,19,空平,B,2860.0000,2859.6000,2859.4000,2859.0000,2858.8000,2861.4000,2862.0000,2862.2000,2862.6000,2862.8000,1,1,1,5,3,4,5,2,2,4
SF,IH2006,2020-06-17 10:56:16.700,2861.0000,18166,0,8061158760.000,1,0,1,空换,B,2861.0000,2860.8000,2860.6000,2860.4000,2860.2000,2861.2000,2861.4000,2862.0000,2862.2000,2862.6000,7,10,6,2,5,5,4,3,2,2
SF,IH2006,2020-06-17 10:56:17.200,2861.4000,18168,2,8066308980.000,6,4,2,多开,B,2861.2000,2861.0000,2860.2000,2860.0000,2859.6000,2861.4000,2862.0000,2862.2000,2862.6000,2862.8000,17,1,4,5,1,3,3,2,2,4
SF,IH2006,2020-06-17 10:56:17.700,2861.2000,18167,-1,8068884180.000,3,1,2,空平,B,2861.2000,2861.0000,2860.2000,2860.0000,2859.6000,2861.4000,2862.0000,2862.2000,2862.6000,2862.8000,7,1,2,5,1,1,3,2,2,4
SF,IH2006,2020-06-17 10:56:18.200,2859.0000,18149,-18,8086045260.000,20,1,19,空平,B,2859.0000,2858.8000,2858.6000,2858.0000,2857.4000,2861.4000,2861.8000,2862.0000,2862.2000,2862.6000,1,3,3,1,2,1,1,3,2,2
SF,IH2006,2020-06-17 10:56:18.700,2859.0000,18149,0,8086902960.000,1,0,1,空换,B,2860.6000,2860.4000,2860.2000,2860.0000,2859.8000,2860.8000,2861.0000,2861.2000,2861.4000,2861.6000,17,8,6,2,3,1,2,10,5,1
SF,IH2006,2020-06-17 10:56:19.200,2861.0000,18148,-1,8088619500.000,2,0,2,空平,B,2860.4000,2860.2000,2859.8000,2859.2000,2859.0000,2861.2000,2861.4000,2861.6000,2861.8000,2862.0000,5,4,2,20,4,2,4,1,1,3
SF,IH2006,2020-06-17 10:56:19.700,2861.0000,18148,0,8088619500.000,0,-,-,-,-,2860.6000,2860.4000,2860.2000,2859.8000,2859.4000,2861.0000,2861.2000,2861.4000,2861.6000,2861.8000,3,6,4,2,2,1,2,1,1,1
SF,IH2006,2020-06-17 10:56:20.200,2859.2000,18137,-11,8105779380.000,20,4,16,空平,B,2859.4000,2859.2000,2859.0000,2858.8000,2858.6000,2860.8000,2861.0000,2861.2000,2861.4000,2861.6000,1,17,3,4,3,1,2,2,1,1
SF,IH2006,2020-06-17 10:56:20.700,2860.4000,18137,0,8107495560.000,2,1,1,空换,B,2860.4000,2860.2000,2860.0000,2859.8000,2859.6000,2860.6000,2860.8000,2861.0000,2861.2000,2861.4000,12,7,3,1,5,1,4,2,2,1
SF,IH2006,2020-06-17 10:56:21.200,2860.8000,18136,-1,8109211980.000,2,0,2,空平,B,2860.6000,2860.0000,2859.6000,2859.4000,2859.2000,2861.0000,2861.2000,2861.4000,2861.6000,2861.8000,2,1,2,3,16,2,2,1,1,1
SF,IH2006,2020-06-17 10:56:21.700,2859.2000,18129,-7,8127226140.000,21,7,14,空平,B,2859.6000,2859.4000,2859.2000,2859.0000,2858.8000,2861.0000,2861.2000,2861.4000,2861.6000,2861.8000,1,1,3,4,4,7,2,1,1,1
SF,IH2006,2020-06-17 10:56:22.200,2859.2000,18129,0,8127226140.000,0,-,-,-,-,2860.0000,2859.8000,2859.4000,2859.2000,2859.0000,2860.2000,2860.4000,2860.6000,2860.8000,2861.0000,1,2,2,5,5,2,2,2,12,7
SF,IH2006,2020-06-17 10:56:22.700,2859.8000,18129,0,8130658200.000,4,2,2,空换,B,2859.8000,2859.4000,2859.2000,2859.0000,2858.8000,2860.4000,2860.6000,2860.8000,2861.0000,2861.2000,1,1,6,3,4,3,5,10,6,1
SF,IH2006,2020-06-17 10:56:23.200,2859.8000,18129,0,8130658200.000,0,-,-,-,-,2859.4000,2859.2000,2859.0000,2858.8000,2858.6000,2860.2000,2860.4000,2860.6000,2860.8000,2861.0000,2,4,3,5,5,3,8,2,4,2
SF,IH2006,2020-06-17 10:56:23.700,2859.8000,18129,0,8130658200.000,0,-,-,-,-,2859.2000,2859.0000,2858.8000,2858.6000,2858.4000,2860.0000,2860.2000,2860.4000,2860.8000,2861.4000,3,2,5,3,2,3,8,4,4,1
SF,IH2006,2020-06-17 10:56:24.200,2859.0000,18120,-9,8148673320.000,21,6,15,空平,B,2858.8000,2858.6000,2858.4000,2858.2000,2858.0000,2859.0000,2860.0000,2860.2000,2860.4000,2860.8000,4,3,1,1,1,3,3,6,4,3
SF,IH2006,2020-06-17 10:56:24.700,2859.8000,18119,-1,8155536120.000,8,3,5,空平,B,2859.6000,2859.4000,2859.2000,2859.0000,2858.8000,2860.0000,2860.2000,2860.4000,2860.8000,2861.4000,6,2,7,16,5,3,6,4,3,1
SF,IH2006,2020-06-17 10:56:25.200,2860.0000,18118,-1,8157252120.000,2,0,2,空平,B,2860.2000,2860.0000,2859.8000,2859.2000,2859.0000,2860.4000,2860.8000,2861.4000,2862.0000,2862.2000,1,2,1,2,10,5,3,1,2,2
SF,IH2006,2020-06-17 10:56:25.700,2859.0000,18106,-12,8170976400.000,16,2,14,空平,B,2858.8000,2858.6000,2858.4000,2858.2000,2858.0000,2859.0000,2860.2000,2860.4000,2860.8000,2861.4000,5,3,1,3,1,6,9,3,3,1
SF,IH2006,2020-06-17 10:56:26.200,2860.2000,18100,-6,8177838720.000,8,1,7,空平,B,2859.8000,2859.6000,2859.4000,2859.2000,2859.0000,2860.0000,2860.2000,2860.4000,2860.8000,2861.4000,2,6,3,2,12,1,5,2,3,1
SF,IH2006,2020-06-17 10:56:26.700,2860.2000,18098,-2,8184702540.000,8,3,5,空平,B,2859.8000,2859.6000,2859.4000,2859.0000,2858.8000,2860.2000,2860.4000,2860.8000,2861.4000,2862.0000,1,1,1,5,5,1,2,3,1,2
SF,IH2006,2020-06-17 10:56:27.200,2859.8000,18096,-2,8186418420.000,2,0,2,双平,B,2859.4000,2859.0000,2858.8000,2858.6000,2858.4000,2860.2000,2860.4000,2860.8000,2861.4000,2862.0000,1,5,6,5,1,3,2,3,1,2
SF,IH2006,2020-06-17 10:56:27.700,2859.8000,18096,0,8186418420.000,0,-,-,-,-,2859.4000,2859.0000,2858.8000,2858.6000,2858.4000,2860.0000,2860.2000,2860.4000,2860.8000,2861.4000,2,7,7,5,2,1,3,1,3,2
SF,IH2006,2020-06-17 10:56:28.200,2859.0000,18080,-16,8201858100.000,18,1,17,空平,B,2858.8000,2858.6000,2858.4000,2858.2000,2858.0000,2859.0000,2860.0000,2860.2000,2860.4000,2860.8000,6,5,1,5,2,2,2,3,1,3
SF,IH2006,2020-06-17 10:56:28.700,2859.4000,18079,-1,8204431320.000,3,1,2,空平,B,2859.4000,2859.2000,2859.0000,2858.8000,2858.6000,2859.8000,2860.0000,2860.2000,2860.4000,2860.8000,3,2,18,4,3,1,2,2,1,3
SF,IH2006,2020-06-17 10:56:29.200,2859.8000,18079,0,8205289260.000,1,0,1,空换,B,2859.0000,2858.8000,2858.6000,2858.4000,2858.2000,2859.8000,2860.0000,2860.2000,2860.4000,2860.8000,6,4,3,1,3,1,2,2,1,3
SF,IH2006,2020-06-17 10:56:29.700,2859.8000,18079,0,8207004960.000,2,1,1,空换,B,2859.2000,2859.0000,2858.8000,2858.6000,2858.4000,2860.0000,2860.2000,2860.4000,2860.8000,2861.4000,2,6,3,3,1,1,4,2,3,2
SF,IH2006,2020-06-17 10:56:30.200,2860.0000,18078,-1,8208720960.000,2,0,2,空平,B,2859.2000,2859.0000,2858.8000,2858.6000,2858.4000,2859.6000,2860.0000,2860.2000,2860.4000,2860.8000,2,6,3,3,1,1,1,3,2,3
SF,IH2006,2020-06-17 10:56:30.700,2860.0000,18078,0,8208720960.000,0,-,-,-,-,2859.2000,2859.0000,2858.8000,2858.6000,2858.4000,2859.6000,2859.8000,2860.0000,2860.2000,2860.4000,3,6,3,3,1,1,1,1,3,2
SF,IH2006,2020-06-17 10:56:31.200,2859.2000,18078,0,8210436480.000,2,1,1,空换,B,2859.2000,2859.0000,2858.8000,2858.6000,2858.4000,2859.6000,2859.8000,2860.0000,2860.2000,2860.4000,1,6,3,3,2,2,1,1,3,2
SF,IH2006,2020-06-17 10:56:31.700,2859.2000,18078,0,8210436480.000,0,-,-,-,-,2859.2000,2859.0000,2858.8000,2858.6000,2858.4000,2859.4000,2859.6000,2859.8000,2860.0000,2860.2000,5,6,3,3,2,1,2,1,1,3
SF,IH2006,2020-06-17 10:56:32.200,2859.4000,18077,-1,8211294300.000,1,0,1,双平,B,2859.4000,2859.2000,2859.0000,2858.8000,2858.6000,2859.6000,2859.8000,2860.0000,2860.2000,2860.4000,6,6,6,3,3,2,1,1,3,2
SF,IH2006,2020-06-17 10:56:32.700,2859.6000,18075,-2,8213010060.000,2,0,2,双平,B,2859.2000,2859.0000,2858.8000,2858.6000,2858.4000,2859.8000,2860.0000,2860.2000,2860.4000,2860.8000,6,6,3,3,2,1,1,3,2,3
SF,IH2006,2020-06-17 10:56:33.200,2859.6000,18075,0,8213010060.000,0,-,-,-,-,2859.2000,2859.0000,2858.8000,2858.6000,2858.4000,2859.8000,2860.0000,2860.2000,2860.4000,2860.8000,6,6,3,3,2,1,1,3,2,3
SF,IH2006,2020-06-17 10:56:34.200,2859.8000,18076,1,8213868000.000,1,1,0,双开,B,2859.2000,2859.0000,2858.8000,2858.6000,2858.4000,2860.0000,2860.2000,2860.4000,2860.8000,2861.4000,6,6,3,3,2,1,3,2,3,2
SF,IH2006,2020-06-17 10:56:35.200,2859.8000,18076,0,8213868000.000,0,-,-,-,-,2859.2000,2859.0000,2858.8000,2858.6000,2858.4000,2860.0000,2860.2000,2860.4000,2860.8000,2861.4000,6,6,3,4,2,1,3,2,3,2
SF,IH2006,2020-06-17 10:56:35.700,2859.8000,18076,0,8213868000.000,0,-,-,-,-,2859.2000,2859.0000,2858.8000,2858.6000,2858.4000,2860.0000,2860.2000,2860.4000,2860.8000,2861.4000,7,6,3,4,2,1,3,2,3,2
SF,IH2006,2020-06-17 10:56:36.200,2859.8000,18076,0,8213868000.000,0,-,-,-,-,2859.2000,2859.0000,2858.8000,2858.6000,2858.4000,2860.0000,2860.2000,2860.4000,2860.8000,2861.4000,8,5,3,4,2,1,3,2,3,2
SF,IH2006,2020-06-17 10:56:37.700,2860.0000,18075,-1,8214726000.000,1,0,1,双平,B,2859.2000,2859.0000,2858.8000,2858.6000,2858.4000,2860.2000,2860.4000,2860.8000,2861.4000,2861.6000,8,5,3,4,2,3,2,3,2,7
SF,IH2006,2020-06-17 10:56:38.200,2860.0000,18075,0,8214726000.000,0,-,-,-,-,2859.4000,2859.2000,2859.0000,2858.8000,2858.6000,2860.0000,2860.2000,2860.4000,2860.8000,2861.4000,2,8,5,2,4,1,3,2,3,2
SF,IH2006,2020-06-17 10:56:38.700,2860.0000,18075,0,8214726000.000,0,-,-,-,-,2859.6000,2859.2000,2859.0000,2858.8000,2858.6000,2860.0000,2860.2000,2860.4000,2860.8000,2861.4000,1,8,5,2,4,1,3,1,3,2
SF,IH2006,2020-06-17 10:56:40.200,2860.0000,18075,0,8214726000.000,0,-,-,-,-,2859.6000,2859.2000,2859.0000,2858.8000,2858.6000,2860.0000,2860.2000,2860.4000,2860.8000,2861.4000,1,8,5,2,4,1,3,1,3,2
SF,IH2006,2020-06-17 10:56:40.700,2860.0000,18075,0,8214726000.000,0,-,-,-,-,2859.6000,2859.2000,2859.0000,2858.8000,2858.6000,2860.0000,2860.2000,2860.4000,2860.8000,2861.4000,1,8,5,2,4,1,3,1,3,2
SF,IH2006,2020-06-17 10:56:41.200,2860.0000,18075,0,8214726000.000,0,-,-,-,-,2859.6000,2859.2000,2859.0000,2858.8000,2858.6000,2860.0000,2860.2000,2860.4000,2860.8000,2861.4000,1,8,5,2,4,1,3,1,3,2
SF,IH2006,2020-06-17 10:56:41.700,2860.0000,18075,0,8215584000.000,1,0,1,空换,B,2859.6000,2859.2000,2859.0000,2858.8000,2858.6000,2860.2000,2860.4000,2860.8000,2861.4000,2861.6000,1,8,5,2,4,3,1,3,2,7
SF,IH2006,2020-06-17 10:56:42.200,2859.6000,18074,-1,8216441880.000,1,0,1,双平,B,2859.2000,2859.0000,2858.8000,2858.6000,2858.4000,2859.6000,2860.2000,2860.4000,2860.8000,2861.4000,9,5,2,4,2,2,3,1,3,2
SF,IH2006,2020-06-17 10:56:42.700,2859.6000,18072,-2,8218157640.000,2,0,2,双平,B,2860.0000,2859.6000,2859.2000,2859.0000,2858.8000,2860.2000,2860.4000,2860.8000,2861.4000,2861.6000,1,3,9,1,2,3,1,3,2,7
SF,IH2006,2020-06-17 10:56:43.200,2860.0000,18072,0,8219015640.000,1,0,1,空换,B,2859.2000,2859.0000,2858.8000,2858.6000,2858.4000,2860.0000,2860.2000,2860.4000,2860.8000,2861.0000,9,1,2,4,2,10,3,1,3,1
SF,IH2006,2020-06-17 10:56:43.700,2860.0000,18071,-1,8219873640.000,1,0,1,双平,B,2859.2000,2859.0000,2858.8000,2858.6000,2858.4000,2860.0000,2860.2000,2860.4000,2860.8000,2861.0000,9,1,2,4,2,2,3,1,3,1
SF,IH2006,2020-06-17 10:56:44.200,2860.0000,18071,0,8219873640.000,0,-,-,-,-,2859.4000,2859.2000,2859.0000,2858.8000,2858.6000,2860.0000,2860.2000,2860.4000,2860.8000,2861.0000,1,9,1,2,4,1,3,1,3,1
SF,IH2006,2020-06-17 10:56:44.700,2860.0000,18071,0,8219873640.000,0,-,-,-,-,2859.4000,2859.2000,2859.0000,2858.8000,2858.6000,2860.0000,2860.2000,2860.4000,2860.8000,2861.0000,1,9,1,2,4,1,3,1,3,1
SF,IH2006,2020-06-17 10:56:45.700,2860.0000,18071,0,8219873640.000,0,-,-,-,-,2859.4000,2859.2000,2859.0000,2858.8000,2858.6000,2860.0000,2860.2000,2860.4000,2860.8000,2861.0000,1,9,1,2,4,1,3,1,3,1
SF,IH2006,2020-06-17 10:56:46.200,2860.0000,18070,-1,8220731640.000,1,0,1,双平,B,2860.0000,2859.4000,2859.2000,2859.0000,2858.8000,2860.2000,2860.4000,2860.8000,2861.0000,2861.4000,3,1,9,1,2,3,1,3,1,2
SF,IH2006,2020-06-17 10:56:46.700,2860.0000,18068,-2,8223305640.000,3,0,3,空平,B,2859.4000,2859.2000,2859.0000,2858.8000,2858.6000,2860.0000,2860.2000,2860.4000,2860.8000,2861.0000,1,9,1,2,4,1,3,1,3,1
SF,IH2006,2020-06-17 10:56:47.200,2860.2000,18066,-2,8225021700.000,2,0,2,双平,B,2859.4000,2859.2000,2859.0000,2858.8000,2858.6000,2860.2000,2860.4000,2860.8000,2861.0000,2861.4000,2,11,1,2,4,2,1,3,1,2
SF,IH2006,2020-06-17 10:56:47.700,2860.2000,18066,0,8225021700.000,0,-,-,-,-,2859.6000,2859.4000,2859.2000,2859.0000,2858.8000,2860.0000,2860.2000,2860.4000,2860.8000,2861.4000,1,2,11,1,2,1,6,1,3,2
SF,IH2006,2020-06-17 10:56:48.200,2860.2000,18066,0,8225021700.000,0,-,-,-,-,2859.6000,2859.4000,2859.2000,2859.0000,2858.8000,2860.0000,2860.2000,2860.4000,2860.8000,2861.4000,1,2,11,1,2,1,6,1,3,2
SF,IH2006,2020-06-17 10:56:48.700,2860.2000,18066,0,8225021700.000,0,-,-,-,-,2859.6000,2859.4000,2859.2000,2859.0000,2858.8000,2860.0000,2860.2000,2860.4000,2860.8000,2861.4000,1,2,11,1,2,1,6,1,3,2
SF,IH2006,2020-06-17 10:56:49.200,2860.2000,18066,0,8225879760.000,1,0,1,空换,B,2859.6000,2859.4000,2859.2000,2859.0000,2858.8000,2860.2000,2860.4000,2860.8000,2861.4000,2861.6000,1,2,12,1,2,6,2,3,2,9
SF,IH2006,2020-06-17 10:56:49.700,2860.0000,18065,-1,8226737760.000,1,0,1,双平,B,2859.6000,2859.4000,2859.2000,2859.0000,2858.8000,2860.2000,2860.4000,2860.8000,2861.4000,2861.6000,1,2,12,1,2,7,2,3,2,9
SF,IH2006,2020-06-17 10:56:50.200,2860.0000,18065,0,8226737760.000,0,-,-,-,-,2859.6000,2859.4000,2859.2000,2859.0000,2858.8000,2860.2000,2860.4000,2860.8000,2861.4000,2861.6000,1,2,12,1,2,3,2,3,3,9
SF,IH2006,2020-06-17 10:56:51.200,2860.0000,18065,0,8226737760.000,0,-,-,-,-,2859.6000,2859.4000,2859.2000,2859.0000,2858.8000,2860.0000,2860.2000,2860.4000,2860.6000,2860.8000,1,2,12,1,2,3,3,2,1,3
SF,IH2006,2020-06-17 10:56:51.700,2860.0000,18065,0,8226737760.000,0,-,-,-,-,2859.6000,2859.4000,2859.2000,2859.0000,2858.8000,2860.0000,2860.2000,2860.4000,2860.6000,2860.8000,1,2,12,2,2,3,5,2,1,3
SF,IH2006,2020-06-17 10:56:52.200,2860.0000,18064,-1,8227595760.000,1,0,1,双平,B,2859.6000,2859.4000,2859.2000,2859.0000,2858.8000,2860.0000,2860.2000,2860.4000,2860.6000,2860.8000,1,2,12,2,2,2,6,2,1,3
SF,IH2006,2020-06-17 10:56:52.700,2860.0000,18064,0,8227595760.000,0,-,-,-,-,2859.6000,2859.4000,2859.2000,2859.0000,2858.8000,2860.0000,2860.2000,2860.4000,2860.8000,2861.4000,1,2,12,2,2,2,7,2,3,2
SF,IH2006,2020-06-17 10:56:54.700,2860.0000,18064,0,8227595760.000,0,-,-,-,-,2859.6000,2859.4000,2859.2000,2859.0000,2858.8000,2860.0000,2860.2000,2860.4000,2860.8000,2861.4000,1,2,12,2,2,3,7,2,3,2
SF,IH2006,2020-06-17 10:56:55.200,2860.0000,18064,0,8227595760.000,0,-,-,-,-,2859.4000,2859.2000,2859.0000,2858.8000,2858.6000,2860.0000,2860.2000,2860.4000,2860.8000,2861.4000,2,12,1,2,3,3,7,2,3,2
SF,IH2006,2020-06-17 10:56:55.700,2860.0000,18064,0,8227595760.000,0,-,-,-,-,2859.4000,2859.2000,2859.0000,2858.8000,2858.6000,2860.0000,2860.2000,2860.4000,2860.8000,2861.0000,2,12,1,2,3,3,6,2,3,1
SF,IH2006,2020-06-17 10:56:56.200,2860.0000,18064,0,8227595760.000,0,-,-,-,-,2859.6000,2859.4000,2859.2000,2859.0000,2858.8000,2860.0000,2860.2000,2860.4000,2860.8000,2861.0000,1,2,12,1,2,3,6,2,3,1
SF,IH2006,2020-06-17 10:56:56.700,2860.0000,18064,0,8227595760.000,0,-,-,-,-,2859.6000,2859.4000,2859.2000,2859.0000,2858.8000,2860.0000,2860.2000,2860.4000,2860.8000,2861.0000,1,2,12,1,2,3,4,2,3,1
SF,IH2006,2020-06-17 10:56:57.200,2860.0000,18062,-2,8229311760.000,2,0,2,双平,B,2859.6000,2859.4000,2859.2000,2859.0000,2858.8000,2860.0000,2860.2000,2860.4000,2860.8000,2861.0000,1,1,12,1,2,1,4,2,3,1
SF,IH2006,2020-06-17 10:56:59.700,2859.6000,18061,-1,8230169640.000,1,0,1,双平,B,2859.4000,2859.2000,2859.0000,2858.8000,2858.6000,2859.6000,2860.0000,2860.2000,2860.4000,2860.8000,1,12,1,2,3,2,1,4,2,3
SF,IH2006,2020-06-17 10:57:00.200,2859.6000,18059,-2,8231885400.000,2,0,2,双平,B,2859.8000,2859.6000,2859.2000,2859.0000,2858.8000,2860.0000,2860.2000,2860.4000,2860.8000,2861.0000,1,16,12,1,2,1,4,2,3,1
SF,IH2006,2020-06-17 10:57:00.700,2860.0000,18059,0,8232743400.000,1,0,1,空换,B,2859.6000,2859.2000,2859.0000,2858.8000,2858.6000,2860.0000,2860.2000,2860.4000,2860.8000,2861.0000,4,12,1,2,3,1,4,2,3,1
SF,IH2006,2020-06-17 10:57:01.200,2860.0000,18060,1,8233601400.000,1,1,0,双开,B,2860.0000,2859.6000,2859.2000,2859.0000,2858.8000,2860.2000,2860.4000,2860.8000,2861.0000,2861.4000,1,4,12,1,2,3,2,3,1,2
SF,IH2006,2020-06-17 10:57:01.700,2860.0000,18060,0,8233601400.000,0,-,-,-,-,2859.6000,2859.2000,2859.0000,2858.8000,2858.6000,2860.2000,2860.4000,2860.8000,2861.0000,2861.4000,4,11,1,2,3,3,1,3,1,2
SF,IH2006,2020-06-17 10:57:02.200,2860.2000,18060,0,8234459460.000,1,0,1,空换,B,2859.8000,2859.6000,2859.2000,2859.0000,2858.8000,2860.2000,2860.4000,2860.8000,2861.0000,2861.4000,2,4,11,1,2,2,1,3,1,2
SF,IH2006,2020-06-17 10:57:02.700,2860.2000,18060,0,8235317520.000,1,0,1,空换,B,2860.0000,2859.8000,2859.6000,2859.2000,2859.0000,2860.2000,2860.4000,2860.8000,2861.0000,2861.4000,1,2,4,11,1,1,1,3,1,2
SF,IH2006,2020-06-17 10:57:03.200,2860.2000,18060,0,8235317520.000,0,-,-,-,-,2860.0000,2859.8000,2859.6000,2859.2000,2859.0000,2860.2000,2860.8000,2861.4000,2861.6000,2862.0000,1,2,4,11,1,1,4,2,8,1
SF,IH2006,2020-06-17 10:57:03.700,2860.2000,18059,-1,8236175580.000,1,0,1,双平,B,2860.0000,2859.8000,2859.6000,2859.2000,2859.0000,2860.8000,2861.4000,2861.6000,2862.0000,2862.2000,2,1,4,11,1,4,2,8,1,3
SF,IH2006,2020-06-17 10:57:04.200,2860.2000,18059,0,8236175580.000,0,-,-,-,-,2860.2000,2860.0000,2859.6000,2859.2000,2859.0000,2860.6000,2860.8000,2861.4000,2861.6000,2862.0000,2,1,4,11,1,2,3,2,8,1
SF,IH2006,2020-06-17 10:57:04.700,2860.2000,18059,0,8236175580.000,0,-,-,-,-,2860.2000,2859.6000,2859.2000,2859.0000,2858.8000,2860.6000,2860.8000,2861.4000,2861.6000,2862.0000,1,4,11,1,2,3,3,2,8,1
SF,IH2006,2020-06-17 10:57:05.700,2860.2000,18059,0,8236175580.000,0,-,-,-,-,2860.2000,2859.6000,2859.2000,2859.0000,2858.8000,2860.6000,2860.8000,2861.4000,2861.6000,2862.0000,1,4,11,1,2,3,3,2,8,1
SF,IH2006,2020-06-17 10:57:06.200,2860.2000,18059,0,8237033640.000,1,0,1,空换,B,2859.6000,2859.2000,2859.0000,2858.8000,2858.6000,2860.2000,2860.6000,2860.8000,2861.4000,2861.6000,4,11,1,2,3,5,3,3,2,8
SF,IH2006,2020-06-17 10:57:06.700,2860.2000,18059,0,8237033640.000,0,-,-,-,-,2859.6000,2859.2000,2859.0000,2858.8000,2858.6000,2860.2000,2860.6000,2860.8000,2861.4000,2861.6000,5,11,1,2,3,2,2,3,2,8
SF,IH2006,2020-06-17 10:57:07.700,2860.2000,18057,-2,8238749760.000,2,0,2,双平,B,2860.2000,2859.6000,2859.2000,2859.0000,2858.8000,2860.6000,2860.8000,2861.4000,2861.6000,2862.0000,3,5,11,1,2,2,3,2,8,1
SF,IH2006,2020-06-17 10:57:08.200,2860.4000,18056,-1,8239607880.000,1,0,1,双平,B,2860.2000,2859.6000,2859.2000,2859.0000,2858.8000,2860.6000,2860.8000,2861.4000,2861.6000,2862.0000,3,4,11,1,2,2,3,2,8,1
SF,IH2006,2020-06-17 10:57:08.700,2860.4000,18056,0,8239607880.000,0,-,-,-,-,2860.2000,2859.6000,2859.2000,2859.0000,2858.8000,2860.6000,2860.8000,2861.4000,2861.6000,2862.0000,3,4,11,2,2,2,3,1,8,1
SF,IH2006,2020-06-17 10:57:09.700,2860.6000,18056,0,8240466060.000,1,0,1,空换,B,2860.2000,2859.6000,2859.2000,2859.0000,2858.8000,2860.6000,2860.8000,2861.4000,2861.6000,2862.0000,3,4,11,2,2,1,3,1,8,1
SF,IH2006,2020-06-17 10:57:12.200,2860.6000,18055,-1,8241324240.000,1,0,1,双平,B,2860.2000,2859.6000,2859.2000,2859.0000,2858.8000,2860.8000,2861.4000,2861.6000,2862.0000,2862.2000,3,4,11,2,2,3,1,8,1,3
SF,IH2006,2020-06-17 10:57:12.700,2860.6000,18055,0,8241324240.000,0,-,-,-,-,2860.4000,2860.2000,2859.6000,2859.2000,2859.0000,2860.6000,2860.8000,2861.4000,2861.6000,2862.0000,1,3,4,11,2,1,3,1,8,1
SF,IH2006,2020-06-17 10:57:13.200,2860.6000,18055,0,8241324240.000,0,-,-,-,-,2860.2000,2859.6000,2859.2000,2859.0000,2858.8000,2860.4000,2860.6000,2860.8000,2861.4000,2861.6000,3,4,11,2,2,2,1,3,1,8
SF,IH2006,2020-06-17 10:57:13.700,2860.6000,18055,0,8241324240.000,0,-,-,-,-,2860.2000,2859.8000,2859.6000,2859.2000,2859.0000,2860.6000,2860.8000,2861.4000,2861.6000,2862.0000,4,1,4,11,2,1,3,1,8,1
SF,IH2006,2020-06-17 10:57:14.700,2860.6000,18055,0,8241324240.000,0,-,-,-,-,2860.2000,2859.8000,2859.6000,2859.2000,2859.0000,2860.6000,2860.8000,2861.4000,2861.6000,2862.0000,4,1,4,11,2,2,3,1,3,1
SF,IH2006,2020-06-17 10:57:15.200,2860.2000,18052,-3,8243898420.000,3,0,3,双平,B,2860.2000,2859.8000,2859.6000,2859.2000,2859.0000,2860.6000,2860.8000,2861.4000,2861.6000,2862.0000,1,1,4,11,2,2,3,3,3,1
SF,IH2006,2020-06-17 10:57:15.700,2860.2000,18052,0,8243898420.000,0,-,-,-,-,2860.4000,2860.2000,2859.8000,2859.6000,2859.2000,2860.6000,2860.8000,2861.4000,2861.6000,2862.0000,1,2,1,4,11,3,2,3,3,1
SF,IH2006,2020-06-17 10:57:16.200,2860.2000,18052,0,8243898420.000,0,-,-,-,-,2860.4000,2860.2000,2859.8000,2859.6000,2859.2000,2860.6000,2860.8000,2861.4000,2861.6000,2862.0000,1,2,1,4,11,2,2,3,3,1
SF,IH2006,2020-06-17 10:57:16.700,2860.4000,18051,-1,8244756540.000,1,0,1,双平,B,2860.2000,2859.8000,2859.6000,2859.2000,2859.0000,2860.6000,2860.8000,2861.4000,2861.6000,2862.0000,2,1,4,11,2,3,2,3,3,1
SF,IH2006,2020-06-17 10:57:17.200,2860.4000,18051,0,8244756540.000,0,-,-,-,-,2860.2000,2859.8000,2859.6000,2859.2000,2859.0000,2860.4000,2860.6000,2860.8000,2861.4000,2861.6000,2,1,4,11,2,1,3,2,3,3
SF,IH2006,2020-06-17 10:57:17.700,2860.4000,18051,0,8244756540.000,0,-,-,-,-,2860.2000,2859.8000,2859.6000,2859.2000,2859.0000,2860.4000,2860.6000,2860.8000,2861.4000,2861.6000,1,1,4,11,2,1,2,2,3,3
SF,IH2006,2020-06-17 10:57:18.200,2860.4000,18051,0,8244756540.000,0,-,-,-,-,2860.0000,2859.8000,2859.6000,2859.2000,2859.0000,2860.4000,2860.6000,2860.8000,2861.4000,2861.6000,1,1,4,11,2,1,2,2,3,3
SF,IH2006,2020-06-17 10:57:18.700,2860.4000,18051,0,8245614660.000,1,0,1,空换,B,2860.0000,2859.8000,2859.6000,2859.2000,2859.0000,2860.6000,2860.8000,2861.4000,2861.6000,2862.0000,2,1,4,11,2,2,2,3,3,1
SF,IH2006,2020-06-17 10:57:19.200,2860.4000,18051,0,8245614660.000,0,-,-,-,-,2860.0000,2859.8000,2859.6000,2859.2000,2859.0000,2860.4000,2860.6000,2860.8000,2861.4000,2861.6000,2,1,4,11,1,1,2,2,3,3
SF,IH2006,2020-06-17 10:57:20.200,2860.4000,18051,0,8245614660.000,0,-,-,-,-,2860.0000,2859.8000,2859.6000,2859.2000,2859.0000,2860.4000,2860.6000,2860.8000,2861.4000,2861.6000,2,1,4,10,1,1,2,2,3,3
SF,IH2006,2020-06-17 10:57:22.700,2860.4000,18051,0,8245614660.000,0,-,-,-,-,2860.0000,2859.8000,2859.6000,2859.2000,2859.0000,2860.4000,2860.6000,2860.8000,2861.4000,2861.6000,2,1,4,10,1,1,2,1,3,3
SF,IH2006,2020-06-17 10:57:24.200,2860.4000,18051,0,8245614660.000,0,-,-,-,-,2860.0000,2859.8000,2859.6000,2859.2000,2859.0000,2860.4000,2860.6000,2860.8000,2861.4000,2861.6000,2,1,4,10,1,1,1,1,3,3
SF,IH2006,2020-06-17 10:57:24.700,2860.4000,18051,0,8245614660.000,0,-,-,-,-,2860.2000,2860.0000,2859.8000,2859.6000,2859.2000,2860.4000,2860.6000,2860.8000,2861.4000,2861.6000,2,1,1,4,10,1,1,1,3,3
SF,IH2006,2020-06-17 10:57:25.200,2860.4000,18051,0,8245614660.000,0,-,-,-,-,2860.2000,2860.0000,2859.8000,2859.6000,2859.2000,2860.4000,2860.6000,2860.8000,2861.4000,2861.6000,3,1,1,4,10,1,1,1,3,3
SF,IH2006,2020-06-17 10:57:25.700,2860.4000,18051,0,8245614660.000,0,-,-,-,-,2860.2000,2860.0000,2859.8000,2859.6000,2859.2000,2860.4000,2860.8000,2861.4000,2861.6000,2861.8000,3,1,1,4,9,1,1,3,3,1
SF,IH2006,2020-06-17 10:57:26.700,2860.4000,18051,0,8245614660.000,0,-,-,-,-,2860.4000,2860.2000,2860.0000,2859.8000,2859.6000,2860.8000,2861.4000,2861.6000,2861.8000,2862.0000,1,3,1,1,4,1,3,3,1,1
SF,IH2006,2020-06-17 10:57:27.200,2860.6000,18051,0,8247331020.000,2,1,1,空换,B,2860.4000,2860.2000,2860.0000,2859.8000,2859.6000,2860.6000,2860.8000,2861.0000,2861.4000,2861.6000,1,3,1,1,4,1,2,1,3,3
SF,IH2006,2020-06-17 10:57:29.200,2860.6000,18051,0,8247331020.000,0,-,-,-,-,2860.4000,2860.2000,2860.0000,2859.8000,2859.6000,2860.6000,2860.8000,2861.0000,2861.4000,2861.6000,1,1,1,1,4,1,2,1,3,3
SF,IH2006,2020-06-17 10:57:29.700,2860.6000,18051,0,8247331020.000,0,-,-,-,-,2860.4000,2860.2000,2860.0000,2859.8000,2859.6000,2860.6000,2860.8000,2861.0000,2861.4000,2861.6000,1,1,1,1,4,1,1,2,3,3
SF,IH2006,2020-06-17 10:57:30.200,2860.6000,18051,0,8247331020.000,0,-,-,-,-,2860.4000,2860.2000,2860.0000,2859.8000,2859.6000,2860.6000,2860.8000,2861.0000,2861.4000,2861.6000,2,1,1,1,3,1,1,2,3,3
SF,IH2006,2020-06-17 10:57:30.700,2860.6000,18051,0,8247331020.000,0,-,-,-,-,2860.4000,2860.2000,2860.0000,2859.8000,2859.6000,2860.6000,2860.8000,2861.0000,2861.4000,2861.6000,2,4,1,1,3,1,1,2,3,3
SF,IH2006,2020-06-17 10:57:31.200,2860.6000,18050,-1,8248189200.000,1,0,1,双平,B,2860.6000,2860.4000,2860.2000,2860.0000,2859.8000,2860.8000,2861.0000,2861.4000,2861.6000,2861.8000,4,2,4,1,1,1,2,3,3,1
SF,IH2006,2020-06-17 10:57:31.700,2860.8000,18049,-1,8249047440.000,1,0,1,双平,B,2860.6000,2860.4000,2860.2000,2860.0000,2859.8000,2861.0000,2861.4000,2861.6000,2861.8000,2862.0000,6,2,4,3,1,1,3,3,1,1
SF,IH2006,2020-06-17 10:57:32.200,2861.0000,18046,-3,8251622220.000,3,0,3,双平,B,2860.6000,2860.4000,2860.2000,2860.0000,2859.8000,2861.4000,2861.6000,2861.8000,2862.0000,2862.2000,5,3,4,3,1,3,3,1,1,2
SF,IH2006,2020-06-17 10:57:32.700,2860.6000,18043,-3,8254196820.000,3,0,3,双平,B,2860.6000,2860.4000,2860.2000,2860.0000,2859.8000,2861.2000,2861.4000,2861.6000,2861.8000,2862.0000,5,3,4,2,1,5,6,3,1,1
SF,IH2006,2020-06-17 10:57:33.200,2860.6000,18043,0,8254196820.000,0,-,-,-,-,2860.6000,2860.4000,2860.2000,2860.0000,2859.8000,2861.0000,2861.2000,2861.4000,2861.6000,2861.8000,4,3,4,2,1,3,5,6,3,1
SF,IH2006,2020-06-17 10:57:33.700,2861.0000,18043,0,8255055120.000,1,0,1,空换,B,2860.6000,2860.4000,2860.2000,2860.0000,2859.8000,2861.0000,2861.2000,2861.4000,2861.6000,2861.8000,5,3,4,2,1,2,5,6,3,1
SF,IH2006,2020-06-17 10:57:34.700,2861.0000,18043,0,8255055120.000,0,-,-,-,-,2860.6000,2860.4000,2860.2000,2860.0000,2859.8000,2861.0000,2861.2000,2861.4000,2861.6000,2861.8000,4,3,4,2,1,4,3,6,3,1
SF,IH2006,2020-06-17 10:57:35.200,2860.6000,18042,-1,8255913300.000,1,0,1,双平,B,2860.6000,2860.4000,2860.2000,2860.0000,2859.8000,2861.0000,2861.2000,2861.4000,2861.6000,2862.0000,4,3,4,2,1,1,3,6,3,1
SF,IH2006,2020-06-17 10:57:36.200,2860.6000,18042,0,8255913300.000,0,-,-,-,-,2860.6000,2860.4000,2860.2000,2860.0000,2859.8000,2861.0000,2861.2000,2861.4000,2861.6000,2862.0000,4,3,4,2,1,1,1,6,3,1
SF,IH2006,2020-06-17 10:57:36.700,2861.0000,18042,0,8256771600.000,1,0,1,空换,B,2860.6000,2860.4000,2860.2000,2860.0000,2859.8000,2861.2000,2861.4000,2861.6000,2862.0000,2862.2000,4,3,4,2,1,1,6,3,1,2
SF,IH2006,2020-06-17 10:57:37.200,2861.2000,18042,0,8257629960.000,1,0,1,空换,B,2860.6000,2860.4000,2860.2000,2860.0000,2859.8000,2861.2000,2861.4000,2861.6000,2862.0000,2862.2000,5,3,4,2,1,5,6,3,1,2
SF,IH2006,2020-06-17 10:57:37.700,2861.2000,18042,0,8257629960.000,0,-,-,-,-,2860.6000,2860.4000,2860.2000,2860.0000,2859.8000,2861.0000,2861.2000,2861.4000,2861.6000,2862.0000,5,3,4,3,1,1,3,6,3,1
SF,IH2006,2020-06-17 10:57:38.200,2860.6000,18040,-2,8259346320.000,2,0,2,双平,B,2860.6000,2860.4000,2860.2000,2860.0000,2859.8000,2861.0000,2861.2000,2861.4000,2861.6000,2862.0000,3,3,4,3,1,1,2,6,3,1
SF,IH2006,2020-06-17 10:57:38.700,2860.6000,18040,0,8259346320.000,0,-,-,-,-,2860.6000,2860.4000,2860.2000,2860.0000,2859.8000,2861.0000,2861.2000,2861.4000,2861.6000,2862.0000,3,3,4,3,1,1,1,6,3,1
SF,IH2006,2020-06-17 10:57:40.200,2860.6000,18040,0,8259346320.000,0,-,-,-,-,2860.6000,2860.4000,2860.2000,2860.0000,2859.8000,2860.8000,2861.0000,2861.2000,2861.4000,2861.6000,3,3,4,3,1,1,3,1,6,3
SF,IH2006,2020-06-17 10:57:40.700,2860.6000,18040,0,8259346320.000,0,-,-,-,-,2860.6000,2860.4000,2860.2000,2860.0000,2859.8000,2860.8000,2861.0000,2861.2000,2861.4000,2861.6000,1,3,4,3,1,1,3,1,6,3
SF,IH2006,2020-06-17 10:57:41.200,2860.6000,18040,0,8259346320.000,0,-,-,-,-,2860.6000,2860.4000,2860.2000,2860.0000,2859.8000,2861.0000,2861.2000,2861.4000,2861.6000,2862.0000,1,3,4,3,1,3,1,6,3,1
SF,IH2006,2020-06-17 10:57:41.700,2860.6000,18039,-1,8260204500.000,1,0,1,双平,B,2860.4000,2860.2000,2860.0000,2859.8000,2859.6000,2861.0000,2861.2000,2861.4000,2861.6000,2862.0000,3,4,3,1,3,4,1,6,3,1
SF,IH2006,2020-06-17 10:57:42.200,2860.6000,18039,0,8260204500.000,0,-,-,-,-,2860.4000,2860.2000,2860.0000,2859.8000,2859.6000,2861.0000,2861.2000,2861.4000,2861.6000,2862.0000,3,4,3,1,3,6,1,6,3,1
SF,IH2006,2020-06-17 10:57:43.200,2860.6000,18039,0,8260204500.000,0,-,-,-,-,2860.4000,2860.2000,2860.0000,2859.8000,2859.6000,2861.0000,2861.2000,2861.4000,2861.6000,2862.0000,3,5,3,1,3,4,1,6,3,1
SF,IH2006,2020-06-17 10:57:43.700,2861.0000,18039,0,8261062800.000,1,0,1,空换,B,2860.4000,2860.2000,2860.0000,2859.8000,2859.6000,2861.0000,2861.2000,2861.4000,2861.6000,2862.0000,4,5,3,1,3,3,1,6,3,1
SF,IH2006,2020-06-17 10:57:44.200,2861.0000,18039,0,8261062800.000,0,-,-,-,-,2860.4000,2860.2000,2860.0000,2859.8000,2859.6000,2860.8000,2861.0000,2861.2000,2861.4000,2861.6000,4,5,3,1,3,1,3,1,6,3
SF,IH2006,2020-06-17 10:57:44.700,2861.0000,18039,0,8261062800.000,0,-,-,-,-,2860.4000,2860.2000,2860.0000,2859.8000,2859.6000,2860.8000,2861.0000,2861.2000,2861.4000,2861.6000,4,5,3,1,3,1,3,1,6,3
SF,IH2006,2020-06-17 10:57:48.200,2861.0000,18039,0,8261062800.000,0,-,-,-,-,2860.4000,2860.2000,2860.0000,2859.8000,2859.6000,2860.8000,2861.0000,2861.2000,2861.4000,2861.6000,4,5,3,1,3,1,3,1,6,3
SF,IH2006,2020-06-17 10:57:48.700,2860.8000,18039,0,8261921040.000,1,0,1,空换,B,2860.4000,2860.2000,2860.0000,2859.8000,2859.6000,2861.0000,2861.2000,2861.4000,2861.6000,2862.0000,4,5,3,1,3,3,1,6,3,1
SF,IH2006,2020-06-17 10:57:49.200,2860.8000,18039,0,8261921040.000,0,-,-,-,-,2860.4000,2860.2000,2860.0000,2859.8000,2859.6000,2861.0000,2861.2000,2861.4000,2861.6000,2862.0000,4,5,3,1,3,2,1,6,3,1
SF,IH2006,2020-06-17 10:57:49.700,2860.8000,18039,0,8261921040.000,0,-,-,-,-,2860.4000,2860.2000,2860.0000,2859.8000,2859.6000,2860.8000,2861.0000,2861.2000,2861.4000,2861.6000,4,5,3,1,3,1,1,1,6,3
SF,IH2006,2020-06-17 10:57:50.200,2860.8000,18039,0,8261921040.000,0,-,-,-,-,2860.6000,2860.4000,2860.2000,2860.0000,2859.8000,2860.8000,2861.0000,2861.2000,2861.4000,2861.6000,1,4,5,3,1,1,1,1,6,3
SF,IH2006,2020-06-17 10:57:50.700,2860.8000,18039,0,8261921040.000,0,-,-,-,-,2860.6000,2860.4000,2860.2000,2860.0000,2859.8000,2860.8000,2861.0000,2861.2000,2861.4000,2861.6000,1,5,5,3,1,1,1,1,6,3
SF,IH2006,2020-06-17 10:57:51.200,2860.8000,18039,0,8261921040.000,0,-,-,-,-,2860.6000,2860.4000,2860.2000,2860.0000,2859.8000,2860.8000,2861.0000,2861.2000,2861.4000,2861.6000,1,4,5,3,1,1,1,1,6,3
SF,IH2006,2020-06-17 10:57:51.700,2860.8000,18039,0,8261921040.000,0,-,-,-,-,2860.6000,2860.4000,2860.2000,2860.0000,2859.8000,2860.8000,2861.0000,2861.2000,2861.4000,2861.6000,1,4,5,3,1,1,1,1,6,3
SF,IH2006,2020-06-17 10:57:52.700,2860.8000,18039,0,8262779280.000,1,0,1,空换,B,2860.6000,2860.4000,2860.2000,2860.0000,2859.8000,2861.0000,2861.2000,2861.4000,2861.6000,2862.0000,1,4,5,3,1,1,1,6,3,1
SF,IH2006,2020-06-17 10:57:53.200,2860.8000,18039,0,8262779280.000,0,-,-,-,-,2860.6000,2860.4000,2860.2000,2860.0000,2859.6000,2861.2000,2861.4000,2861.6000,2862.0000,2862.2000,2,4,5,3,3,1,6,3,1,2
SF,IH2006,2020-06-17 10:57:53.700,2860.8000,18039,0,8262779280.000,0,-,-,-,-,2860.6000,2860.4000,2860.2000,2860.0000,2859.6000,2861.2000,2861.4000,2861.6000,2862.0000,2862.2000,3,4,5,3,3,2,6,3,1,2
SF,IH2006,2020-06-17 10:57:54.700,2860.6000,18039,0,8263637460.000,1,0,1,空换,B,2860.6000,2860.4000,2860.2000,2860.0000,2859.6000,2861.2000,2861.4000,2861.6000,2862.0000,2862.2000,2,4,5,3,3,2,6,3,1,2
SF,IH2006,2020-06-17 10:57:55.200,2860.6000,18039,0,8263637460.000,0,-,-,-,-,2860.6000,2860.4000,2860.2000,2860.0000,2859.6000,2861.0000,2861.2000,2861.4000,2861.6000,2862.0000,2,4,5,3,3,1,2,6,3,1
SF,IH2006,2020-06-17 10:57:55.700,2860.6000,18039,0,8263637460.000,0,-,-,-,-,2860.6000,2860.4000,2860.2000,2860.0000,2859.6000,2861.0000,2861.2000,2861.4000,2861.6000,2862.0000,2,4,5,3,3,3,6,6,3,1
SF,IH2006,2020-06-17 10:57:56.200,2861.0000,18040,1,8264495760.000,1,1,0,双开,B,2860.6000,2860.4000,2860.2000,2860.0000,2859.6000,2861.0000,2861.2000,2861.4000,2861.6000,2862.0000,2,4,5,3,3,2,6,6,3,1
SF,IH2006,2020-06-17 10:57:57.200,2861.0000,18040,0,8266212360.000,2,1,1,空换,B,2861.0000,2860.6000,2860.4000,2860.2000,2860.0000,2861.2000,2861.4000,2861.6000,2862.0000,2862.2000,3,2,4,5,5,6,6,3,1,2
SF,IH2006,2020-06-17 10:57:57.700,2861.0000,18040,0,8266212360.000,0,-,-,-,-,2861.0000,2860.6000,2860.4000,2860.2000,2860.0000,2861.2000,2861.4000,2861.6000,2862.0000,2862.2000,3,2,4,5,5,1,5,3,1,2
SF,IH2006,2020-06-17 10:57:58.200,2861.0000,18040,0,8266212360.000,0,-,-,-,-,2861.0000,2860.6000,2860.4000,2860.2000,2860.0000,2861.2000,2861.4000,2861.6000,2862.0000,2862.2000,3,2,4,5,3,1,4,3,1,2
SF,IH2006,2020-06-17 10:58:00.700,2861.0000,18040,0,8266212360.000,0,-,-,-,-,2861.0000,2860.6000,2860.4000,2860.2000,2860.0000,2861.2000,2861.4000,2861.6000,2862.0000,2862.2000,3,2,4,5,3,1,4,3,1,2
SF,IH2006,2020-06-17 10:58:01.200,2861.0000,18040,0,8266212360.000,0,-,-,-,-,2861.0000,2860.6000,2860.4000,2860.2000,2860.0000,2861.2000,2861.4000,2861.6000,2862.0000,2862.2000,6,2,4,5,3,1,4,3,1,2
SF,IH2006,2020-06-17 10:58:01.700,2861.0000,18040,0,8266212360.000,0,-,-,-,-,2861.0000,2860.8000,2860.6000,2860.4000,2860.2000,2861.2000,2861.4000,2861.6000,2862.0000,2862.2000,8,3,2,4,4,1,3,3,1,2
SF,IH2006,2020-06-17 10:58:02.200,2861.0000,18040,0,8266212360.000,0,-,-,-,-,2861.0000,2860.8000,2860.6000,2860.4000,2860.2000,2861.2000,2861.4000,2861.6000,2862.0000,2862.2000,8,4,2,4,4,1,3,3,1,2
SF,IH2006,2020-06-17 10:58:02.700,2861.0000,18040,0,8266212360.000,0,-,-,-,-,2861.0000,2860.8000,2860.6000,2860.4000,2860.2000,2861.2000,2861.4000,2861.6000,2862.0000,2862.2000,8,4,2,4,4,1,3,3,1,2
SF,IH2006,2020-06-17 10:58:04.200,2861.0000,18040,0,8266212360.000,0,-,-,-,-,2861.0000,2860.8000,2860.6000,2860.4000,2860.2000,2861.2000,2861.4000,2861.6000,2862.0000,2862.2000,8,4,2,4,4,1,3,3,1,2
SF,IH2006,2020-06-17 10:58:04.700,2861.0000,18040,0,8266212360.000,0,-,-,-,-,2861.0000,2860.8000,2860.6000,2860.4000,2860.2000,2861.2000,2861.4000,2861.6000,2862.0000,2862.2000,8,5,2,4,4,1,3,3,1,2
SF,IH2006,2020-06-17 10:58:05.700,2861.0000,18040,0,8266212360.000,0,-,-,-,-,2861.0000,2860.8000,2860.6000,2860.4000,2860.2000,2861.2000,2861.4000,2861.6000,2862.0000,2862.2000,9,5,2,4,4,1,3,3,1,2
SF,IH2006,2020-06-17 10:58:07.700,2861.0000,18031,-9,8273937060.000,9,0,9,双平,B,2860.8000,2860.6000,2860.4000,2860.2000,2860.0000,2861.0000,2861.2000,2861.4000,2861.6000,2862.0000,5,2,4,4,3,2,2,3,3,1
SF,IH2006,2020-06-17 10:58:08.200,2860.6000,18027,-4,8279944620.000,7,1,6,空平,B,2860.4000,2860.2000,2860.0000,2859.6000,2859.2000,2860.6000,2860.8000,2861.0000,2861.2000,2861.4000,4,4,3,3,7,5,26,2,2,3
SF,IH2006,2020-06-17 10:58:08.700,2860.4000,18026,-1,8283377100.000,4,1,3,空平,B,2860.2000,2860.0000,2859.6000,2859.2000,2859.0000,2860.8000,2861.0000,2861.2000,2861.4000,2861.6000,4,3,3,6,1,10,2,2,3,3
SF,IH2006,2020-06-17 10:58:09.200,2860.6000,18027,1,8284235280.000,1,1,0,双开,B,2860.2000,2860.0000,2859.6000,2859.2000,2859.0000,2860.6000,2860.8000,2861.0000,2861.2000,2861.4000,4,3,3,6,1,2,8,3,2,3
SF,IH2006,2020-06-17 10:58:09.700,2860.6000,18026,-1,8285093460.000,1,0,1,双平,B,2860.2000,2860.0000,2859.6000,2859.2000,2859.0000,2860.6000,2860.8000,2861.0000,2861.2000,2861.4000,4,3,3,6,1,1,7,3,2,3
SF,IH2006,2020-06-17 10:58:12.200,2860.6000,18026,0,8285093460.000,0,-,-,-,-,2860.4000,2860.2000,2860.0000,2859.6000,2859.2000,2860.6000,2860.8000,2861.0000,2861.2000,2861.4000,3,4,3,3,6,1,5,3,2,3
SF,IH2006,2020-06-17 10:58:12.700,2860.6000,18026,0,8285951640.000,1,0,1,空换,B,2860.6000,2860.4000,2860.2000,2860.0000,2859.6000,2861.0000,2861.2000,2861.4000,2861.6000,2862.0000,1,4,5,3,3,3,2,3,3,1
SF,IH2006,2020-06-17 10:58:13.200,2861.0000,18025,-1,8286809940.000,1,0,1,双平,B,2860.4000,2860.2000,2860.0000,2859.6000,2859.2000,2861.0000,2861.2000,2861.4000,2861.6000,2862.0000,4,5,3,3,6,3,2,3,3,1
SF,IH2006,2020-06-17 10:58:14.200,2861.0000,18025,0,8286809940.000,0,-,-,-,-,2860.4000,2860.2000,2860.0000,2859.6000,2859.2000,2860.8000,2861.0000,2861.2000,2861.4000,2861.6000,4,5,3,3,6,2,3,2,3,3
SF,IH2006,2020-06-17 10:58:14.700,2861.0000,18025,0,8286809940.000,0,-,-,-,-,2860.4000,2860.2000,2860.0000,2859.6000,2859.2000,2860.8000,2861.0000,2861.2000,2861.4000,2861.6000,4,5,3,3,6,4,2,2,3,3
SF,IH2006,2020-06-17 10:58:15.200,2860.4000,18025,0,8288526180.000,2,1,1,空换,B,2860.4000,2860.2000,2860.0000,2859.6000,2859.2000,2860.8000,2861.0000,2861.2000,2861.4000,2861.6000,2,5,3,3,6,4,2,1,3,3
SF,IH2006,2020-06-17 10:58:15.700,2860.4000,18025,0,8289384300.000,1,0,1,空换,B,2860.2000,2860.0000,2859.6000,2859.2000,2859.0000,2860.4000,2860.8000,2861.0000,2861.2000,2861.4000,5,3,3,6,1,4,4,2,1,3
SF,IH2006,2020-06-17 10:58:16.200,2860.2000,18024,-1,8291100420.000,2,0,2,空平,B,2860.2000,2860.0000,2859.6000,2859.2000,2859.0000,2860.4000,2860.8000,2861.0000,2861.2000,2861.4000,4,3,3,6,1,2,4,2,1,3
SF,IH2006,2020-06-17 10:58:16.700,2860.2000,18022,-2,8293674600.000,3,0,3,空平,B,2860.2000,2860.0000,2859.6000,2859.2000,2859.0000,2860.4000,2860.8000,2861.0000,2861.2000,2861.4000,1,3,3,6,1,4,3,2,1,3
SF,IH2006,2020-06-17 10:58:17.200,2860.0000,18018,-4,8297106660.000,4,0,4,双平,B,2859.6000,2859.2000,2859.0000,2858.8000,2858.6000,2860.0000,2860.2000,2860.4000,2860.8000,2861.0000,2,6,1,2,3,1,21,3,2,1
SF,IH2006,2020-06-17 10:58:17.700,2860.0000,18018,0,8297106660.000,0,-,-,-,-,2859.2000,2859.0000,2858.8000,2858.6000,2858.4000,2860.0000,2860.2000,2860.4000,2860.8000,2861.0000,6,1,2,3,3,7,2,2,1,1
SF,IH2006,2020-06-17 10:58:18.200,2860.0000,18018,0,8297106660.000,0,-,-,-,-,2859.4000,2859.2000,2859.0000,2858.8000,2858.6000,2860.0000,2860.2000,2860.4000,2860.6000,2860.8000,2,6,1,2,3,3,2,2,1,1
SF,IH2006,2020-06-17 10:58:18.700,2859.4000,18018,0,8298822300.000,2,1,1,空换,B,2859.2000,2859.0000,2858.8000,2858.6000,2858.4000,2859.4000,2860.0000,2860.2000,2860.4000,2860.6000,6,1,2,3,3,1,3,2,2,1
SF,IH2006,2020-06-17 10:58:19.200,2859.4000,18018,0,8303111400.000,5,2,3,空换,B,2859.4000,2859.2000,2859.0000,2858.8000,2858.6000,2860.0000,2860.2000,2860.4000,2860.6000,2860.8000,8,6,1,2,3,3,2,2,1,1
SF,IH2006,2020-06-17 10:58:19.700,2859.4000,18016,-2,8304827040.000,2,0,2,双平,B,2859.2000,2859.0000,2858.8000,2858.6000,2858.4000,2859.4000,2860.0000,2860.2000,2860.4000,2860.6000,7,1,2,3,3,4,5,2,2,1
SF,IH2006,2020-06-17 10:58:20.200,2859.4000,18016,0,8309116140.000,5,2,3,空换,B,2859.6000,2859.4000,2859.2000,2859.0000,2858.8000,2860.0000,2860.2000,2860.4000,2860.6000,2860.8000,2,15,7,1,2,2,2,2,1,1
SF,IH2006,2020-06-17 10:58:20.700,2859.4000,18016,0,8309116140.000,0,-,-,-,-,2859.4000,2859.2000,2859.0000,2858.8000,2858.6000,2859.6000,2860.0000,2860.2000,2860.4000,2860.6000,7,7,1,2,3,2,2,2,2,1
SF,IH2006,2020-06-17 10:58:21.200,2859.6000,18014,-2,8310831900.000,2,0,2,双平,B,2859.6000,2859.4000,2859.2000,2859.0000,2858.8000,2860.0000,2860.2000,2860.4000,2860.6000,2860.8000,1,5,7,1,2,2,2,2,1,1
SF,IH2006,2020-06-17 10:58:21.700,2859.6000,18013,-1,8312547660.000,2,0,2,空平,B,2859.4000,2859.2000,2859.0000,2858.8000,2858.6000,2859.6000,2860.0000,2860.2000,2860.4000,2860.6000,5,8,1,2,3,1,2,2,2,1
SF,IH2006,2020-06-17 10:58:22.200,2860.0000,18011,-2,8314263540.000,2,0,2,双平,B,2859.4000,2859.2000,2859.0000,2858.8000,2858.6000,2860.0000,2860.2000,2860.4000,2860.6000,2860.8000,5,10,1,2,3,1,2,2,1,1
SF,IH2006,2020-06-17 10:58:22.700,2859.4000,18008,-3,8316837000.000,3,0,3,双平,B,2859.4000,2859.2000,2859.0000,2858.8000,2858.6000,2860.0000,2860.2000,2860.4000,2860.6000,2860.8000,3,10,1,2,3,2,1,2,1,1
SF,IH2006,2020-06-17 10:58:23.200,2859.4000,18008,0,8319410460.000,3,1,2,空换,B,2859.6000,2859.4000,2859.2000,2859.0000,2858.8000,2860.0000,2860.2000,2860.4000,2860.6000,2860.8000,1,2,9,1,2,2,1,2,1,1
SF,IH2006,2020-06-17 10:58:23.700,2859.6000,18008,0,8320268340.000,1,0,1,空换,B,2859.6000,2859.4000,2859.2000,2859.0000,2858.8000,2860.0000,2860.2000,2860.4000,2860.6000,2860.8000,1,2,9,1,2,2,1,2,1,1
SF,IH2006,2020-06-17 10:58:24.200,2859.8000,18008,0,8321126280.000,1,0,1,空换,B,2859.6000,2859.4000,2859.2000,2859.0000,2858.8000,2860.0000,2860.2000,2860.4000,2860.6000,2860.8000,2,2,9,1,2,2,1,2,1,1
SF,IH2006,2020-06-17 10:58:24.700,2859.8000,18008,0,8321126280.000,0,-,-,-,-,2859.6000,2859.4000,2859.2000,2859.0000,2858.8000,2860.0000,2860.2000,2860.4000,2860.6000,2860.8000,2,2,9,1,2,2,1,2,1,1
SF,IH2006,2020-06-17 10:58:25.200,2859.6000,18007,-1,8322842040.000,2,0,2,空平,B,2859.4000,2859.2000,2859.0000,2858.8000,2858.6000,2860.0000,2860.4000,2860.6000,2860.8000,2861.0000,2,9,1,2,3,2,2,1,1,1
SF,IH2006,2020-06-17 10:58:25.700,2859.4000,18005,-2,8324557680.000,2,0,2,双平,B,2859.6000,2859.2000,2859.0000,2858.8000,2858.6000,2860.0000,2860.4000,2860.6000,2860.8000,2861.0000,1,9,1,2,3,2,2,1,1,1
SF,IH2006,2020-06-17 10:58:26.200,2859.6000,18004,-1,8325415560.000,1,0,1,双平,B,2859.2000,2859.0000,2858.8000,2858.6000,2858.4000,2859.6000,2860.0000,2860.4000,2860.6000,2860.8000,9,1,2,3,2,1,2,2,1,1
SF,IH2006,2020-06-17 10:58:26.700,2859.6000,18003,-1,8326273440.000,1,0,1,双平,B,2859.2000,2859.0000,2858.8000,2858.6000,2858.4000,2860.0000,2860.4000,2860.6000,2860.8000,2861.0000,10,1,2,3,2,2,2,1,1,1
SF,IH2006,2020-06-17 10:58:27.200,2859.6000,18003,0,8326273440.000,0,-,-,-,-,2859.4000,2859.2000,2859.0000,2858.8000,2858.6000,2860.0000,2860.4000,2860.6000,2860.8000,2861.0000,1,10,1,2,3,2,2,1,1,1
SF,IH2006,2020-06-17 10:58:27.700,2859.4000,18001,-2,8327989080.000,2,0,2,双平,B,2859.2000,2859.0000,2858.6000,2858.4000,2858.2000,2860.0000,2860.4000,2860.6000,2860.8000,2861.0000,9,1,3,2,3,2,2,1,1,1
SF,IH2006,2020-06-17 10:58:28.200,2859.2000,17997,-4,8331420120.000,4,0,4,双平,B,2859.2000,2859.0000,2858.6000,2858.4000,2858.2000,2859.8000,2860.0000,2860.4000,2860.6000,2860.8000,5,1,3,2,3,2,1,2,1,1
SF,IH2006,2020-06-17 10:58:28.700,2859.2000,17996,-1,8332277880.000,1,0,1,双平,B,2859.4000,2859.2000,2859.0000,2858.6000,2858.4000,2859.6000,2859.8000,2860.0000,2860.4000,2860.6000,2,4,1,3,2,1,2,1,1,1
SF,IH2006,2020-06-17 10:58:29.700,2859.2000,17996,0,8333135640.000,1,0,1,空换,B,2859.4000,2859.2000,2859.0000,2858.6000,2858.4000,2859.6000,2859.8000,2860.0000,2860.4000,2860.6000,1,4,1,3,2,1,2,1,1,1
SF,IH2006,2020-06-17 10:58:30.200,2859.2000,17996,0,8333135640.000,0,-,-,-,-,2859.4000,2859.2000,2859.0000,2858.6000,2858.4000,2859.6000,2859.8000,2860.0000,2860.4000,2860.6000,1,4,1,3,2,2,2,1,1,1
SF,IH2006,2020-06-17 10:58:30.700,2859.4000,17995,-1,8333993460.000,1,0,1,双平,B,2859.2000,2859.0000,2858.6000,2858.4000,2858.2000,2859.4000,2859.6000,2859.8000,2860.0000,2860.4000,4,1,3,2,3,2,2,1,1,1
SF,IH2006,2020-06-17 10:58:31.200,2859.4000,17995,0,8333993460.000,0,-,-,-,-,2859.2000,2859.0000,2858.6000,2858.4000,2858.2000,2859.4000,2859.6000,2859.8000,2860.4000,2860.6000,4,1,3,2,3,3,2,1,1,1
SF,IH2006,2020-06-17 10:58:31.700,2859.4000,17995,0,8333993460.000,0,-,-,-,-,2859.2000,2859.0000,2858.6000,2858.4000,2858.2000,2859.4000,2859.6000,2859.8000,2860.4000,2860.6000,4,1,3,2,3,4,1,1,1,1
SF,IH2006,2020-06-17 10:58:32.200,2859.4000,17993,-2,8336566920.000,3,0,3,空平,B,2859.2000,2859.0000,2858.6000,2858.4000,2858.2000,2859.4000,2859.6000,2859.8000,2860.0000,2860.4000,4,1,3,2,3,1,1,1,1,1
SF,IH2006,2020-06-17 10:58:32.700,2859.2000,17993,0,8337424680.000,1,0,1,空换,B,2859.2000,2859.0000,2858.6000,2858.4000,2858.2000,2859.4000,2859.6000,2859.8000,2860.0000,2860.4000,3,1,3,2,3,1,1,1,1,1
SF,IH2006,2020-06-17 10:58:33.200,2859.2000,17993,0,8337424680.000,0,-,-,-,-,2859.2000,2859.0000,2858.6000,2858.4000,2858.2000,2859.4000,2859.6000,2859.8000,2860.0000,2860.4000,3,1,3,2,3,2,1,1,1,1
SF,IH2006,2020-06-17 10:58:33.700,2859.4000,17990,-3,8340855840.000,4,0,4,空平,B,2859.4000,2859.2000,2859.0000,2858.6000,2858.4000,2859.6000,2859.8000,2860.0000,2860.6000,2861.0000,1,1,1,3,2,1,1,1,1,1
SF,IH2006,2020-06-17 10:58:36.700,2859.4000,17989,-1,8342571540.000,2,0,2,空平,B,2859.2000,2859.0000,2858.6000,2858.4000,2858.2000,2859.8000,2860.0000,2860.6000,2861.0000,2861.2000,1,1,3,2,3,1,1,1,1,2
SF,IH2006,2020-06-17 10:58:37.200,2859.2000,17983,-6,8348575860.000,7,0,7,空平,B,2859.6000,2859.0000,2858.6000,2858.4000,2858.2000,2859.8000,2860.0000,2860.6000,2861.0000,2861.2000,1,1,3,2,3,1,1,1,1,2
SF,IH2006,2020-06-17 10:58:37.700,2859.6000,17983,0,8349433740.000,1,0,1,空换,B,2859.0000,2858.6000,2858.4000,2858.2000,2857.4000,2859.6000,2859.8000,2860.0000,2860.2000,2860.6000,1,3,2,3,4,1,1,1,1,1
SF,IH2006,2020-06-17 10:58:38.200,2859.6000,17983,0,8349433740.000,0,-,-,-,-,2859.0000,2858.6000,2858.4000,2858.2000,2857.4000,2859.6000,2859.8000,2860.0000,2860.2000,2860.6000,2,3,2,3,4,2,1,1,1,1
SF,IH2006,2020-06-17 10:58:38.700,2859.6000,17983,0,8349433740.000,0,-,-,-,-,2859.0000,2858.6000,2858.4000,2858.2000,2857.4000,2859.6000,2859.8000,2860.0000,2860.2000,2860.6000,2,3,2,3,4,2,1,2,1,1
SF,IH2006,2020-06-17 10:58:39.200,2859.0000,17983,0,8350291440.000,1,0,1,空换,B,2859.0000,2858.6000,2858.4000,2858.2000,2857.4000,2859.6000,2859.8000,2860.0000,2860.2000,2860.6000,1,3,2,3,4,2,1,2,1,1
SF,IH2006,2020-06-17 10:58:39.700,2859.0000,17983,0,8350291440.000,0,-,-,-,-,2859.0000,2858.6000,2858.4000,2858.2000,2857.4000,2859.4000,2859.6000,2859.8000,2860.0000,2860.2000,1,3,2,3,4,1,2,1,2,1
SF,IH2006,2020-06-17 10:58:40.200,2859.0000,17982,-1,8351149140.000,1,0,1,双平,B,2858.6000,2858.4000,2858.2000,2857.4000,2857.2000,2859.0000,2859.2000,2859.4000,2859.6000,2859.8000,3,2,3,4,3,1,1,1,2,1
SF,IH2006,2020-06-17 10:58:40.700,2859.0000,17980,-2,8353722300.000,3,0,3,空平,B,2859.0000,2858.8000,2858.6000,2858.4000,2858.2000,2859.4000,2859.6000,2859.8000,2860.0000,2860.2000,8,1,4,2,3,1,2,1,2,1
SF,IH2006,2020-06-17 10:58:41.200,2859.4000,17980,0,8354580120.000,1,0,1,空换,B,2859.4000,2859.0000,2858.8000,2858.6000,2858.4000,2859.6000,2859.8000,2860.0000,2860.2000,2860.6000,1,4,1,4,2,2,1,2,1,1
SF,IH2006,2020-06-17 10:58:41.700,2859.4000,17980,0,8354580120.000,0,-,-,-,-,2859.0000,2858.8000,2858.6000,2858.4000,2858.2000,2859.4000,2859.6000,2859.8000,2860.0000,2860.2000,4,1,4,2,3,1,1,1,2,1
SF,IH2006,2020-06-17 10:58:42.200,2859.4000,17980,0,8354580120.000,0,-,-,-,-,2859.0000,2858.8000,2858.6000,2858.4000,2858.2000,2859.4000,2859.6000,2859.8000,2860.0000,2860.2000,4,1,5,2,3,1,1,1,2,1
SF,IH2006,2020-06-17 10:58:42.700,2859.6000,17978,-2,8356295820.000,2,0,2,双平,B,2859.0000,2858.8000,2858.6000,2858.4000,2858.2000,2859.8000,2860.0000,2860.2000,2860.6000,2861.0000,4,1,5,2,3,1,2,1,1,1
SF,IH2006,2020-06-17 10:58:43.200,2859.6000,17978,0,8356295820.000,0,-,-,-,-,2859.2000,2859.0000,2858.8000,2858.6000,2858.4000,2859.8000,2860.0000,2860.2000,2860.6000,2861.0000,1,4,1,5,2,2,2,1,1,1
SF,IH2006,2020-06-17 10:58:45.200,2859.8000,17977,-1,8357153760.000,1,0,1,双平,B,2859.2000,2859.0000,2858.8000,2858.6000,2858.4000,2859.8000,2860.0000,2860.2000,2860.6000,2861.0000,1,4,1,5,2,1,2,1,1,1
SF,IH2006,2020-06-17 10:58:45.700,2859.8000,17977,0,8357153760.000,0,-,-,-,-,2859.4000,2859.2000,2859.0000,2858.6000,2858.4000,2860.0000,2860.2000,2860.6000,2861.0000,2861.2000,1,1,4,5,2,2,1,1,1,2
SF,IH2006,2020-06-17 10:58:46.200,2859.8000,17977,0,8357153760.000,0,-,-,-,-,2859.4000,2859.2000,2859.0000,2858.6000,2858.4000,2860.0000,2860.2000,2860.6000,2861.0000,2861.2000,1,1,4,5,2,4,1,1,1,2
SF,IH2006,2020-06-17 10:58:46.700,2859.8000,17977,0,8357153760.000,0,-,-,-,-,2859.4000,2859.2000,2859.0000,2858.6000,2858.4000,2860.0000,2860.2000,2860.6000,2861.0000,2861.2000,1,1,5,5,2,3,1,1,1,2
SF,IH2006,2020-06-17 10:58:47.200,2860.0000,17977,0,8358011760.000,1,0,1,空换,B,2859.4000,2859.2000,2859.0000,2858.6000,2858.4000,2860.0000,2860.2000,2860.6000,2861.0000,2861.2000,1,1,2,5,2,2,1,1,1,2
SF,IH2006,2020-06-17 10:58:47.700,2860.0000,17976,-1,8358869760.000,1,0,1,双平,B,2859.6000,2859.4000,2859.2000,2859.0000,2858.6000,2860.0000,2860.2000,2860.6000,2861.0000,2861.2000,1,1,1,2,4,1,1,1,1,2
SF,IH2006,2020-06-17 10:58:48.200,2860.0000,17976,0,8358869760.000,0,-,-,-,-,2859.6000,2859.4000,2859.2000,2859.0000,2858.6000,2860.2000,2860.6000,2861.0000,2861.2000,2861.4000,1,1,1,2,4,1,1,1,2,3
SF,IH2006,2020-06-17 10:58:48.700,2860.0000,17976,0,8358869760.000,0,-,-,-,-,2859.6000,2859.4000,2859.2000,2859.0000,2858.6000,2860.0000,2860.2000,2860.6000,2861.0000,2861.2000,1,1,1,2,4,1,2,1,1,2
SF,IH2006,2020-06-17 10:58:49.700,2860.0000,17976,0,8359727760.000,1,0,1,空换,B,2860.0000,2859.6000,2859.4000,2859.2000,2859.0000,2860.2000,2860.6000,2861.0000,2861.2000,2861.4000,1,1,1,1,2,2,1,1,2,3
SF,IH2006,2020-06-17 10:58:50.200,2860.0000,17974,-2,8361443760.000,2,0,2,双平,B,2859.6000,2859.4000,2859.2000,2859.0000,2858.6000,2860.0000,2860.2000,2860.6000,2861.0000,2861.2000,1,1,1,2,4,2,2,1,1,2
SF,IH2006,2020-06-17 10:58:50.700,2860.0000,17974,0,8361443760.000,0,-,-,-,-,2859.6000,2859.4000,2859.2000,2859.0000,2858.6000,2859.8000,2860.0000,2860.2000,2860.6000,2861.0000,1,1,1,2,4,2,4,1,1,1
SF,IH2006,2020-06-17 10:58:51.200,2859.6000,17973,-1,8362301640.000,1,0,1,双平,B,2859.4000,2859.2000,2859.0000,2858.6000,2858.4000,2860.0000,2860.2000,2860.6000,2861.0000,2861.2000,1,1,2,4,2,3,1,1,1,2
SF,IH2006,2020-06-17 10:58:51.700,2860.0000,17972,-1,8363159640.000,1,0,1,双平,B,2859.4000,2859.2000,2859.0000,2858.6000,2858.4000,2860.0000,2860.2000,2860.6000,2860.8000,2861.0000,1,1,2,4,2,3,1,1,1,1
SF,IH2006,2020-06-17 10:58:52.700,2860.0000,17971,-1,8364017640.000,1,0,1,双平,B,2859.4000,2859.2000,2859.0000,2858.6000,2858.4000,2860.0000,2860.2000,2860.6000,2860.8000,2861.0000,1,1,2,4,2,2,1,1,1,1
SF,IH2006,2020-06-17 10:58:53.200,2860.0000,17971,0,8364017640.000,0,-,-,-,-,2859.4000,2859.2000,2859.0000,2858.6000,2858.4000,2860.0000,2860.2000,2860.6000,2860.8000,2861.0000,2,1,2,4,2,2,1,1,1,1
SF,IH2006,2020-06-17 10:58:53.700,2860.0000,17971,0,8364017640.000,0,-,-,-,-,2859.4000,2859.2000,2859.0000,2858.6000,2858.4000,2860.0000,2860.2000,2860.6000,2860.8000,2861.0000,2,1,2,4,2,1,1,1,1,1
SF,IH2006,2020-06-17 10:58:54.200,2860.0000,17971,0,8364017640.000,0,-,-,-,-,2859.6000,2859.4000,2859.2000,2859.0000,2858.6000,2860.0000,2860.2000,2860.6000,2860.8000,2861.0000,1,2,1,2,4,1,1,1,1,1
SF,IH2006,2020-06-17 10:58:54.700,2860.0000,17971,0,8364017640.000,0,-,-,-,-,2859.6000,2859.4000,2859.2000,2859.0000,2858.6000,2860.0000,2860.6000,2860.8000,2861.0000,2861.2000,4,2,1,2,4,1,1,1,1,2
SF,IH2006,2020-06-17 10:58:55.200,2860.0000,17971,0,8364875640.000,1,0,1,空换,B,2860.2000,2859.6000,2859.4000,2859.2000,2859.0000,2860.6000,2860.8000,2861.0000,2861.2000,2861.4000,1,4,2,1,2,1,1,1,2,3
SF,IH2006,2020-06-17 10:58:55.700,2860.2000,17970,-1,8365733700.000,1,0,1,双平,B,2859.6000,2859.4000,2859.2000,2859.0000,2858.6000,2860.2000,2860.4000,2860.6000,2860.8000,2861.0000,4,2,1,2,4,13,5,9,1,1
SF,IH2006,2020-06-17 10:58:56.200,2860.2000,17968,-2,8369165940.000,4,1,3,空平,B,2859.6000,2859.4000,2859.2000,2859.0000,2858.6000,2860.0000,2860.2000,2860.4000,2860.6000,2860.8000,4,2,1,2,4,5,6,4,3,1
SF,IH2006,2020-06-17 10:58:56.700,2860.2000,17968,0,8369165940.000,0,-,-,-,-,2859.6000,2859.4000,2859.2000,2859.0000,2858.6000,2860.0000,2860.2000,2860.4000,2860.6000,2860.8000,4,2,1,2,4,2,5,3,2,1
SF,IH2006,2020-06-17 10:58:57.200,2860.2000,17968,0,8369165940.000,0,-,-,-,-,2859.8000,2859.6000,2859.4000,2859.2000,2859.0000,2860.0000,2860.2000,2860.4000,2860.6000,2860.8000,1,4,2,1,2,2,5,3,2,1
SF,IH2006,2020-06-17 10:58:57.700,2860.2000,17968,0,8369165940.000,0,-,-,-,-,2860.0000,2859.8000,2859.6000,2859.4000,2859.2000,2860.2000,2860.4000,2860.6000,2860.8000,2861.0000,1,1,4,2,1,5,3,2,1,1
SF,IH2006,2020-06-17 10:58:58.200,2860.0000,17967,-1,8370023940.000,1,0,1,双平,B,2859.8000,2859.6000,2859.4000,2859.2000,2859.0000,2860.2000,2860.4000,2860.6000,2860.8000,2861.0000,1,4,2,1,2,1,3,2,1,1
SF,IH2006,2020-06-17 10:59:00.200,2860.0000,17967,0,8370023940.000,0,-,-,-,-,2859.8000,2859.6000,2859.4000,2859.2000,2859.0000,2860.2000,2860.4000,2860.6000,2860.8000,2861.0000,1,4,2,1,2,1,3,2,1,1
SF,IH2006,2020-06-17 10:59:00.700,2860.0000,17967,0,8370023940.000,0,-,-,-,-,2859.8000,2859.6000,2859.4000,2859.0000,2858.6000,2860.2000,2860.4000,2860.6000,2860.8000,2861.0000,2,4,2,2,4,1,1,2,1,1
SF,IH2006,2020-06-17 10:59:01.200,2860.0000,17967,0,8370023940.000,0,-,-,-,-,2859.8000,2859.6000,2859.4000,2859.0000,2858.6000,2860.2000,2860.4000,2860.6000,2860.8000,2861.0000,2,4,2,2,4,2,1,1,1,1
SF,IH2006,2020-06-17 10:59:01.700,2860.0000,17967,0,8370023940.000,0,-,-,-,-,2859.8000,2859.6000,2859.4000,2859.0000,2858.6000,2860.2000,2860.4000,2860.6000,2860.8000,2861.0000,2,4,2,2,4,2,1,1,1,1
SF,IH2006,2020-06-17 10:59:06.200,2860.0000,17967,0,8370023940.000,0,-,-,-,-,2859.8000,2859.6000,2859.4000,2859.0000,2858.6000,2860.2000,2860.6000,2860.8000,2861.0000,2861.2000,2,4,2,2,4,2,1,1,1,2
SF,IH2006,2020-06-17 10:59:06.700,2860.0000,17967,0,8370023940.000,0,-,-,-,-,2859.8000,2859.6000,2859.4000,2859.0000,2858.6000,2860.2000,2860.6000,2860.8000,2861.0000,2861.2000,2,4,2,2,4,1,1,1,1,2
SF,IH2006,2020-06-17 10:59:07.700,2859.8000,17967,0,8370881880.000,1,0,1,空换,B,2859.8000,2859.6000,2859.4000,2859.0000,2858.6000,2860.2000,2860.6000,2860.8000,2861.0000,2861.2000,1,4,2,2,4,1,1,1,1,2
SF,IH2006,2020-06-17 10:59:08.200,2859.8000,17967,0,8370881880.000,0,-,-,-,-,2860.0000,2859.8000,2859.6000,2859.4000,2859.0000,2860.2000,2860.6000,2860.8000,2861.0000,2861.2000,2,1,4,2,2,1,1,1,1,2
SF,IH2006,2020-06-17 10:59:08.700,2860.2000,17967,0,8371739940.000,1,0,1,空换,B,2860.0000,2859.8000,2859.6000,2859.4000,2859.0000,2860.6000,2860.8000,2861.0000,2861.2000,2861.4000,2,1,4,2,2,1,1,1,2,3
SF,IH2006,2020-06-17 10:59:09.200,2860.2000,17967,0,8371739940.000,0,-,-,-,-,2860.0000,2859.8000,2859.6000,2859.4000,2859.0000,2860.4000,2860.6000,2860.8000,2861.0000,2861.2000,3,1,4,1,2,2,7,1,1,2
SF,IH2006,2020-06-17 10:59:09.700,2860.2000,17967,0,8371739940.000,0,-,-,-,-,2860.0000,2859.8000,2859.6000,2859.4000,2859.0000,2860.4000,2860.6000,2860.8000,2861.0000,2861.2000,3,1,4,1,2,1,7,1,1,2
SF,IH2006,2020-06-17 10:59:10.200,2860.2000,17967,0,8371739940.000,0,-,-,-,-,2860.0000,2859.8000,2859.6000,2859.4000,2859.0000,2860.4000,2860.6000,2860.8000,2861.0000,2861.2000,3,1,4,1,1,1,7,1,1,2
SF,IH2006,2020-06-17 10:59:10.700,2860.2000,17967,0,8371739940.000,0,-,-,-,-,2860.0000,2859.8000,2859.6000,2859.4000,2859.0000,2860.4000,2860.6000,2860.8000,2861.0000,2861.2000,1,1,4,1,1,1,7,1,1,2
SF,IH2006,2020-06-17 10:59:11.200,2860.2000,17967,0,8371739940.000,0,-,-,-,-,2860.0000,2859.8000,2859.6000,2859.4000,2859.0000,2860.2000,2860.4000,2860.6000,2860.8000,2861.0000,1,1,4,1,1,2,8,1,1,1
SF,IH2006,2020-06-17 10:59:11.700,2860.0000,17966,-1,8372597940.000,1,0,1,双平,B,2859.8000,2859.6000,2859.4000,2859.0000,2858.6000,2860.2000,2860.4000,2860.6000,2860.8000,2861.0000,1,4,1,1,4,2,8,1,1,1
SF,IH2006,2020-06-17 10:59:12.200,2860.2000,17966,0,8373456000.000,1,0,1,空换,B,2859.8000,2859.6000,2859.4000,2859.0000,2858.6000,2860.2000,2860.4000,2860.6000,2860.8000,2861.0000,1,4,1,1,4,1,8,1,1,1
SF,IH2006,2020-06-17 10:59:12.700,2860.2000,17966,0,8373456000.000,0,-,-,-,-,2859.6000,2859.4000,2859.0000,2858.6000,2858.4000,2860.0000,2860.2000,2860.4000,2860.6000,2860.8000,4,1,1,4,2,3,2,8,1,1
SF,IH2006,2020-06-17 10:59:13.200,2860.2000,17966,0,8373456000.000,0,-,-,-,-,2859.6000,2859.4000,2859.0000,2858.6000,2858.4000,2860.0000,2860.2000,2860.4000,2860.6000,2860.8000,4,1,1,4,2,3,5,5,1,1
SF,IH2006,2020-06-17 10:59:13.700,2860.2000,17966,0,8373456000.000,0,-,-,-,-,2859.6000,2859.4000,2859.0000,2858.6000,2858.4000,2860.0000,2860.2000,2860.4000,2860.6000,2860.8000,4,1,1,4,2,3,5,5,1,1
SF,IH2006,2020-06-17 10:59:14.200,2860.2000,17965,-1,8375172120.000,2,0,2,空平,B,2859.6000,2859.4000,2859.0000,2858.6000,2858.4000,2860.0000,2860.2000,2860.4000,2860.6000,2860.8000,4,1,1,4,2,1,4,5,1,1
SF,IH2006,2020-06-17 10:59:14.700,2860.2000,17965,0,8375172120.000,0,-,-,-,-,2859.6000,2859.4000,2859.0000,2858.6000,2858.4000,2860.0000,2860.2000,2860.4000,2860.6000,2860.8000,4,1,1,4,2,1,4,5,1,1
SF,IH2006,2020-06-17 10:59:15.200,2860.2000,17965,0,8375172120.000,0,-,-,-,-,2859.8000,2859.6000,2859.4000,2859.0000,2858.6000,2860.2000,2860.4000,2860.6000,2860.8000,2861.0000,1,4,1,1,4,4,5,1,1,3
SF,IH2006,2020-06-17 10:59:15.700,2860.2000,17965,0,8375172120.000,0,-,-,-,-,2860.0000,2859.8000,2859.6000,2859.4000,2859.0000,2860.2000,2860.4000,2860.6000,2860.8000,2861.0000,5,2,4,1,1,1,5,1,1,3
SF,IH2006,2020-06-17 10:59:16.700,2860.2000,17965,0,8375172120.000,0,-,-,-,-,2860.0000,2859.8000,2859.6000,2859.4000,2859.0000,2860.2000,2860.4000,2860.6000,2860.8000,2861.0000,5,2,4,1,1,1,5,1,1,3
SF,IH2006,2020-06-17 10:59:17.200,2860.2000,17965,0,8375172120.000,0,-,-,-,-,2860.0000,2859.8000,2859.6000,2859.4000,2859.0000,2860.4000,2860.6000,2860.8000,2861.0000,2861.2000,5,2,4,1,1,5,1,1,3,1
SF,IH2006,2020-06-17 10:59:17.700,2860.2000,17965,0,8376030180.000,1,0,1,空换,B,2860.2000,2860.0000,2859.8000,2859.6000,2859.4000,2860.6000,2860.8000,2861.0000,2861.2000,2861.4000,1,6,2,4,1,1,1,3,1,3
SF,IH2006,2020-06-17 10:59:18.200,2860.2000,17965,0,8376030180.000,0,-,-,-,-,2860.2000,2860.0000,2859.8000,2859.6000,2859.4000,2860.6000,2860.8000,2861.0000,2861.2000,2861.4000,5,6,2,4,1,6,1,3,1,3
SF,IH2006,2020-06-17 10:59:18.700,2860.4000,17965,0,8377746480.000,2,1,1,空换,B,2860.4000,2860.2000,2860.0000,2859.8000,2859.6000,2860.8000,2861.0000,2861.2000,2861.4000,2861.6000,2,5,6,2,1,1,3,1,3,2
SF,IH2006,2020-06-17 10:59:19.200,2860.4000,17964,-1,8378604600.000,1,0,1,双平,B,2860.6000,2860.4000,2860.2000,2860.0000,2859.8000,2860.8000,2861.0000,2861.2000,2861.4000,2861.6000,2,3,5,6,2,1,3,1,3,2
SF,IH2006,2020-06-17 10:59:19.700,2860.6000,17964,0,8380320960.000,2,1,1,空换,B,2860.4000,2860.2000,2860.0000,2859.8000,2859.6000,2860.6000,2860.8000,2861.0000,2861.2000,2861.4000,3,5,6,2,1,6,6,3,1,3
SF,IH2006,2020-06-17 10:59:20.200,2860.6000,17963,-1,8381179140.000,1,0,1,双平,B,2860.4000,2860.2000,2860.0000,2859.8000,2859.6000,2860.6000,2860.8000,2861.0000,2861.2000,2861.4000,4,5,6,2,1,2,2,3,1,3
SF,IH2006,2020-06-17 10:59:20.700,2860.6000,17963,0,8381179140.000,0,-,-,-,-,2860.4000,2860.2000,2860.0000,2859.8000,2859.6000,2860.6000,2860.8000,2861.0000,2861.2000,2861.4000,1,5,6,2,1,2,2,3,1,3
SF,IH2006,2020-06-17 10:59:21.200,2860.6000,17963,0,8381179140.000,0,-,-,-,-,2860.4000,2860.2000,2860.0000,2859.8000,2859.6000,2860.6000,2860.8000,2861.0000,2861.2000,2861.4000,2,5,6,2,1,2,2,3,1,3
SF,IH2006,2020-06-17 10:59:22.700,2860.6000,17963,0,8381179140.000,0,-,-,-,-,2860.4000,2860.2000,2860.0000,2859.8000,2859.6000,2860.6000,2860.8000,2861.0000,2861.2000,2861.4000,2,5,6,2,1,2,2,3,1,3
SF,IH2006,2020-06-17 10:59:23.200,2860.6000,17963,0,8381179140.000,0,-,-,-,-,2860.4000,2860.2000,2860.0000,2859.8000,2859.6000,2860.6000,2860.8000,2861.0000,2861.2000,2861.4000,2,5,6,2,1,2,2,3,1,3
SF,IH2006,2020-06-17 10:59:23.700,2860.6000,17961,-2,8382895500.000,2,0,2,双平,B,2860.4000,2860.2000,2860.0000,2859.8000,2859.6000,2860.8000,2861.0000,2861.2000,2861.4000,2861.6000,1,5,6,2,1,2,3,1,3,2
SF,IH2006,2020-06-17 10:59:24.200,2860.6000,17961,0,8382895500.000,0,-,-,-,-,2860.4000,2860.2000,2860.0000,2859.8000,2859.6000,2860.8000,2861.0000,2861.2000,2861.4000,2861.6000,1,5,6,2,1,6,3,1,3,2
SF,IH2006,2020-06-17 10:59:24.700,2860.6000,17961,0,8382895500.000,0,-,-,-,-,2860.4000,2860.2000,2860.0000,2859.8000,2859.6000,2860.8000,2861.0000,2861.2000,2861.4000,2861.6000,1,5,6,2,1,4,3,1,3,2
SF,IH2006,2020-06-17 10:59:25.200,2860.6000,17961,0,8382895500.000,0,-,-,-,-,2860.4000,2860.2000,2860.0000,2859.8000,2859.6000,2860.6000,2860.8000,2861.0000,2861.2000,2861.4000,1,5,6,2,1,1,6,3,1,3
SF,IH2006,2020-06-17 10:59:25.700,2860.6000,17961,0,8382895500.000,0,-,-,-,-,2860.4000,2860.2000,2860.0000,2859.8000,2859.6000,2860.6000,2860.8000,2861.0000,2861.2000,2861.4000,1,5,6,2,1,3,5,3,1,3
SF,IH2006,2020-06-17 10:59:26.200,2860.4000,17960,-1,8383753620.000,1,0,1,双平,B,2860.2000,2860.0000,2859.8000,2859.6000,2859.4000,2860.6000,2860.8000,2861.0000,2861.2000,2861.4000,5,6,2,1,1,1,5,3,1,3
SF,IH2006,2020-06-17 10:59:26.700,2860.6000,17961,1,8384611800.000,1,1,0,双开,B,2860.2000,2860.0000,2859.8000,2859.6000,2859.4000,2860.6000,2860.8000,2861.0000,2861.2000,2861.4000,5,6,2,1,1,1,5,3,1,3
SF,IH2006,2020-06-17 10:59:27.200,2860.6000,17961,0,8384611800.000,0,-,-,-,-,2860.2000,2860.0000,2859.8000,2859.6000,2859.4000,2860.6000,2860.8000,2861.0000,2861.2000,2861.4000,6,6,2,1,1,1,5,3,1,3
SF,IH2006,2020-06-17 10:59:28.200,2860.6000,17961,0,8384611800.000,0,-,-,-,-,2860.2000,2860.0000,2859.8000,2859.6000,2859.4000,2860.6000,2860.8000,2861.0000,2861.2000,2861.4000,6,6,2,1,1,1,5,3,1,3
SF,IH2006,2020-06-17 10:59:28.700,2860.6000,17961,0,8384611800.000,0,-,-,-,-,2860.2000,2860.0000,2859.8000,2859.6000,2859.4000,2860.8000,2861.0000,2861.2000,2861.4000,2861.6000,7,6,2,1,1,5,3,1,3,2
SF,IH2006,2020-06-17 10:59:29.200,2860.6000,17961,0,8384611800.000,0,-,-,-,-,2860.2000,2860.0000,2859.8000,2859.6000,2859.4000,2860.8000,2861.0000,2861.2000,2861.4000,2861.6000,7,6,2,1,1,7,3,1,3,2
SF,IH2006,2020-06-17 10:59:29.700,2860.6000,17961,0,8384611800.000,0,-,-,-,-,2860.2000,2860.0000,2859.8000,2859.6000,2859.4000,2860.8000,2861.0000,2861.2000,2861.4000,2861.6000,7,6,2,1,1,7,3,1,3,2
SF,IH2006,2020-06-17 10:59:30.200,2860.6000,17961,0,8384611800.000,0,-,-,-,-,2860.2000,2860.0000,2859.8000,2859.6000,2859.4000,2860.6000,2860.8000,2861.0000,2861.2000,2861.4000,7,6,2,1,1,2,7,3,1,3
SF,IH2006,2020-06-17 10:59:32.200,2860.6000,17961,0,8384611800.000,0,-,-,-,-,2860.2000,2860.0000,2859.8000,2859.6000,2859.4000,2860.4000,2860.6000,2860.8000,2861.0000,2861.2000,7,6,2,1,1,1,2,7,3,1
SF,IH2006,2020-06-17 10:59:34.200,2860.6000,17961,0,8384611800.000,0,-,-,-,-,2860.2000,2860.0000,2859.8000,2859.6000,2859.4000,2860.4000,2860.6000,2860.8000,2861.0000,2861.2000,7,6,1,1,1,1,2,7,4,1
SF,IH2006,2020-06-17 10:59:34.700,2860.2000,17957,-4,8388902340.000,5,0,5,空平,B,2860.2000,2860.0000,2859.8000,2859.6000,2859.4000,2860.6000,2860.8000,2861.0000,2861.2000,2861.4000,6,1,1,1,1,1,7,4,1,3
SF,IH2006,2020-06-17 10:59:35.200,2860.2000,17951,-6,8398341000.000,11,2,9,空平,B,2860.0000,2859.8000,2859.6000,2859.4000,2859.0000,2860.2000,2860.4000,2860.6000,2860.8000,2861.0000,1,1,1,1,1,4,1,5,6,4
SF,IH2006,2020-06-17 10:59:35.700,2859.8000,17951,0,8399198940.000,1,0,1,空换,B,2859.6000,2859.4000,2859.0000,2858.6000,2858.4000,2860.0000,2860.2000,2860.4000,2860.6000,2860.8000,1,1,1,4,2,2,1,1,8,4
SF,IH2006,2020-06-17 10:59:36.200,2859.8000,17951,0,8399198940.000,0,-,-,-,-,2859.4000,2859.0000,2858.6000,2858.4000,2858.2000,2860.0000,2860.2000,2860.4000,2860.6000,2860.8000,1,1,3,2,4,4,1,1,6,4
SF,IH2006,2020-06-17 10:59:36.700,2859.8000,17951,0,8399198940.000,0,-,-,-,-,2859.4000,2859.0000,2858.6000,2858.4000,2858.2000,2860.0000,2860.2000,2860.4000,2860.6000,2860.8000,1,1,3,2,4,10,2,1,3,2
SF,IH2006,2020-06-17 10:59:37.200,2859.8000,17951,0,8399198940.000,0,-,-,-,-,2859.4000,2859.0000,2858.6000,2858.4000,2858.2000,2860.0000,2860.2000,2860.4000,2860.6000,2860.8000,1,1,3,2,4,10,2,1,3,2
SF,IH2006,2020-06-17 10:59:37.700,2859.8000,17951,0,8399198940.000,0,-,-,-,-,2859.4000,2859.0000,2858.6000,2858.4000,2858.2000,2860.0000,2860.2000,2860.4000,2860.6000,2860.8000,2,1,3,2,4,10,2,1,3,2
SF,IH2006,2020-06-17 10:59:38.200,2859.8000,17951,0,8399198940.000,0,-,-,-,-,2859.4000,2859.0000,2858.6000,2858.4000,2858.2000,2860.0000,2860.2000,2860.4000,2860.6000,2860.8000,2,1,3,2,4,8,2,1,3,2
SF,IH2006,2020-06-17 10:59:38.700,2859.8000,17951,0,8399198940.000,0,-,-,-,-,2859.4000,2859.0000,2858.6000,2858.4000,2858.2000,2860.0000,2860.2000,2860.4000,2860.6000,2860.8000,2,1,3,2,4,8,2,1,3,2
SF,IH2006,2020-06-17 10:59:39.200,2859.8000,17951,0,8399198940.000,0,-,-,-,-,2859.4000,2859.0000,2858.6000,2858.4000,2858.2000,2860.0000,2860.2000,2860.4000,2860.6000,2860.8000,2,1,3,2,4,8,2,1,2,2
SF,IH2006,2020-06-17 10:59:39.700,2859.8000,17951,0,8399198940.000,0,-,-,-,-,2859.4000,2859.0000,2858.6000,2858.4000,2858.2000,2860.0000,2860.2000,2860.4000,2860.6000,2860.8000,2,1,3,2,4,10,2,1,2,2
SF,IH2006,2020-06-17 10:59:41.200,2859.8000,17951,0,8399198940.000,0,-,-,-,-,2859.4000,2859.0000,2858.6000,2858.4000,2858.2000,2859.8000,2860.0000,2860.2000,2860.4000,2860.6000,2,1,3,2,4,2,10,2,1,2
SF,IH2006,2020-06-17 10:59:41.700,2859.8000,17951,0,8399198940.000,0,-,-,-,-,2859.0000,2858.6000,2858.4000,2858.2000,2858.0000,2859.8000,2860.0000,2860.2000,2860.4000,2860.6000,1,3,2,4,1,6,7,2,1,2
SF,IH2006,2020-06-17 10:59:42.200,2859.8000,17951,0,8399198940.000,0,-,-,-,-,2859.0000,2858.8000,2858.6000,2858.4000,2858.2000,2859.6000,2859.8000,2860.0000,2860.2000,2860.4000,3,1,3,2,4,1,10,2,2,1
SF,IH2006,2020-06-17 10:59:42.700,2859.6000,17951,0,8400056820.000,1,0,1,空换,B,2859.2000,2859.0000,2858.8000,2858.6000,2858.4000,2859.6000,2859.8000,2860.0000,2860.2000,2860.4000,1,3,1,3,2,2,8,2,2,1
SF,IH2006,2020-06-17 10:59:43.200,2859.6000,17951,0,8400056820.000,0,-,-,-,-,2859.2000,2859.0000,2858.8000,2858.6000,2858.4000,2859.6000,2859.8000,2860.0000,2860.2000,2860.4000,2,3,1,3,2,1,8,2,1,1
SF,IH2006,2020-06-17 10:59:43.700,2859.6000,17951,0,8400056820.000,0,-,-,-,-,2859.2000,2859.0000,2858.8000,2858.6000,2858.4000,2859.6000,2859.8000,2860.2000,2860.4000,2860.6000,2,3,1,3,2,1,8,1,1,1
SF,IH2006,2020-06-17 10:59:44.700,2859.6000,17951,0,8400056820.000,0,-,-,-,-,2859.2000,2859.0000,2858.8000,2858.6000,2858.4000,2859.6000,2859.8000,2860.2000,2860.4000,2860.6000,2,3,1,3,2,1,4,1,1,1
SF,IH2006,2020-06-17 10:59:45.200,2859.4000,17951,0,8400914640.000,1,0,1,空换,B,2859.2000,2859.0000,2858.8000,2858.6000,2858.4000,2859.4000,2859.6000,2859.8000,2860.2000,2860.4000,2,3,1,3,2,1,1,2,1,1
SF,IH2006,2020-06-17 10:59:45.700,2859.4000,17952,1,8401772460.000,1,1,0,双开,B,2859.2000,2859.0000,2858.8000,2858.6000,2858.4000,2859.4000,2859.8000,2860.2000,2860.4000,2860.6000,2,3,1,3,2,1,2,1,1,1
SF,IH2006,2020-06-17 10:59:46.700,2859.4000,17951,-1,8402630280.000,1,0,1,双平,B,2859.6000,2859.2000,2859.0000,2858.8000,2858.6000,2859.8000,2860.2000,2860.4000,2860.6000,2860.8000,2,2,3,1,3,2,1,1,1,1
SF,IH2006,2020-06-17 10:59:47.200,2859.6000,17949,-2,8405203920.000,3,0,3,空平,B,2859.2000,2859.0000,2858.8000,2858.6000,2858.4000,2859.4000,2859.6000,2859.8000,2860.2000,2860.4000,2,3,1,3,2,9,11,2,1,1
SF,IH2006,2020-06-17 10:59:47.700,2859.6000,17949,0,8405203920.000,0,-,-,-,-,2859.0000,2858.8000,2858.6000,2858.4000,2858.2000,2859.2000,2859.6000,2859.8000,2860.2000,2860.4000,3,1,3,2,4,1,6,2,1,1
SF,IH2006,2020-06-17 10:59:48.200,2859.6000,17949,0,8405203920.000,0,-,-,-,-,2859.0000,2858.8000,2858.6000,2858.4000,2858.2000,2859.2000,2859.6000,2859.8000,2860.2000,2860.4000,3,1,3,2,4,1,6,1,1,1
SF,IH2006,2020-06-17 10:59:48.700,2859.2000,17949,0,8406061680.000,1,0,1,空换,B,2859.0000,2858.8000,2858.6000,2858.4000,2858.2000,2859.6000,2859.8000,2860.2000,2860.4000,2860.6000,3,1,3,2,4,6,1,1,1,1
SF,IH2006,2020-06-17 10:59:49.200,2859.2000,17949,0,8406061680.000,0,-,-,-,-,2859.0000,2858.8000,2858.6000,2858.4000,2858.2000,2859.6000,2860.2000,2860.4000,2860.6000,2860.8000,3,1,3,2,4,7,1,1,1,2
SF,IH2006,2020-06-17 10:59:49.700,2859.2000,17949,0,8406061680.000,0,-,-,-,-,2859.0000,2858.8000,2858.6000,2858.4000,2858.2000,2859.6000,2860.2000,2860.4000,2860.6000,2860.8000,3,1,3,2,2,7,1,1,1,2
SF,IH2006,2020-06-17 10:59:51.200,2859.2000,17949,0,8406061680.000,0,-,-,-,-,2859.2000,2859.0000,2858.8000,2858.6000,2858.4000,2859.6000,2860.2000,2860.4000,2860.6000,2860.8000,1,3,1,3,2,7,1,2,1,2
SF,IH2006,2020-06-17 10:59:51.700,2859.2000,17949,0,8406061680.000,0,-,-,-,-,2859.2000,2859.0000,2858.8000,2858.6000,2858.4000,2859.6000,2860.2000,2860.4000,2860.6000,2860.8000,3,3,1,3,2,7,1,2,1,2
SF,IH2006,2020-06-17 10:59:52.200,2859.2000,17949,0,8406061680.000,0,-,-,-,-,2859.4000,2859.2000,2859.0000,2858.8000,2858.6000,2859.6000,2860.2000,2860.4000,2860.6000,2860.8000,1,4,3,1,3,6,1,2,1,2
SF,IH2006,2020-06-17 10:59:52.700,2859.6000,17948,-1,8406919560.000,1,0,1,双平,B,2859.4000,2859.2000,2859.0000,2858.8000,2858.6000,2859.6000,2860.2000,2860.4000,2860.6000,2860.8000,2,4,3,1,3,5,1,2,1,2
SF,IH2006,2020-06-17 10:59:53.200,2859.6000,17943,-5,8412066780.000,6,0,6,空平,B,2859.6000,2859.4000,2859.2000,2859.0000,2858.8000,2860.2000,2860.4000,2860.6000,2860.8000,2861.0000,3,2,4,3,1,1,2,1,2,3
SF,IH2006,2020-06-17 10:59:53.700,2859.6000,17943,0,8412066780.000,0,-,-,-,-,2859.6000,2859.4000,2859.2000,2859.0000,2858.8000,2860.0000,2860.2000,2860.4000,2860.6000,2860.8000,11,2,4,3,1,3,6,2,1,2
SF,IH2006,2020-06-17 10:59:54.200,2859.6000,17943,0,8412066780.000,0,-,-,-,-,2859.6000,2859.4000,2859.2000,2859.0000,2858.8000,2860.0000,2860.2000,2860.4000,2860.6000,2860.8000,11,2,4,3,1,3,7,2,1,2
SF,IH2006,2020-06-17 10:59:55.200,2859.6000,17943,0,8412066780.000,0,-,-,-,-,2859.6000,2859.4000,2859.2000,2859.0000,2858.8000,2860.0000,2860.2000,2860.4000,2860.6000,2860.8000,11,2,4,3,1,3,7,2,1,2
SF,IH2006,2020-06-17 10:59:55.700,2860.0000,17942,-1,8414640780.000,3,1,2,空平,B,2859.6000,2859.4000,2859.2000,2859.0000,2858.8000,2860.2000,2860.4000,2860.6000,2860.8000,2861.0000,11,2,4,3,1,7,2,1,2,3
SF,IH2006,2020-06-17 10:59:56.200,2860.0000,17942,0,8414640780.000,0,-,-,-,-,2859.8000,2859.6000,2859.4000,2859.2000,2859.0000,2860.2000,2860.4000,2860.6000,2860.8000,2861.0000,2,11,2,4,2,1,2,1,2,3
SF,IH2006,2020-06-17 10:59:56.700,2859.8000,17940,-2,8418072720.000,4,1,3,空平,B,2859.6000,2859.4000,2859.2000,2859.0000,2858.8000,2860.4000,2860.6000,2860.8000,2861.0000,2861.2000,11,2,4,2,1,2,1,2,3,1
SF,IH2006,2020-06-17 10:59:57.200,2859.8000,17940,0,8418072720.000,0,-,-,-,-,2859.8000,2859.6000,2859.4000,2859.2000,2859.0000,2860.2000,2860.4000,2860.6000,2860.8000,2861.0000,3,12,2,4,2,6,4,1,2,3
SF,IH2006,2020-06-17 10:59:57.700,2859.8000,17940,0,8418930660.000,1,0,1,空换,B,2859.8000,2859.6000,2859.4000,2859.2000,2859.0000,2860.0000,2860.2000,2860.4000,2860.6000,2860.8000,4,4,2,2,2,1,1,8,1,2
SF,IH2006,2020-06-17 10:59:58.200,2859.8000,17940,0,8418930660.000,0,-,-,-,-,2859.8000,2859.6000,2859.4000,2859.2000,2859.0000,2860.0000,2860.2000,2860.4000,2860.6000,2860.8000,3,4,2,2,2,1,1,8,1,2
SF,IH2006,2020-06-17 10:59:58.700,2859.6000,17940,0,8422362360.000,4,2,2,空换,B,2859.6000,2859.4000,2859.2000,2859.0000,2858.8000,2860.0000,2860.2000,2860.4000,2860.6000,2860.8000,3,2,2,2,1,1,1,8,1,2
SF,IH2006,2020-06-17 10:59:59.200,2859.6000,17938,-2,8424078120.000,2,0,2,双平,B,2859.2000,2859.0000,2858.8000,2858.6000,2858.4000,2859.6000,2859.8000,2860.0000,2860.2000,2860.4000,2,2,1,3,2,1,4,5,2,2
SF,IH2006,2020-06-17 10:59:59.700,2859.6000,17938,0,8424078120.000,0,-,-,-,-,2859.4000,2859.2000,2859.0000,2858.8000,2858.6000,2860.0000,2860.2000,2860.4000,2860.6000,2860.8000,1,3,2,1,3,2,2,2,1,2
SF,IH2006,2020-06-17 11:00:00.200,2859.6000,17938,0,8424078120.000,0,-,-,-,-,2859.8000,2859.4000,2859.2000,2859.0000,2858.8000,2860.0000,2860.2000,2860.4000,2860.6000,2860.8000,1,2,3,2,1,3,1,2,1,2
SF,IH2006,2020-06-17 11:00:00.700,2859.8000,17938,0,8424936060.000,1,0,1,空换,B,2859.8000,2859.4000,2859.2000,2859.0000,2858.8000,2860.0000,2860.2000,2860.4000,2860.6000,2860.8000,1,2,3,2,1,3,1,2,1,2
SF,IH2006,2020-06-17 11:00:01.200,2859.8000,17938,0,8424936060.000,0,-,-,-,-,2859.8000,2859.4000,2859.2000,2859.0000,2858.8000,2860.0000,2860.4000,2860.6000,2860.8000,2861.0000,1,2,3,2,1,3,2,1,2,3
SF,IH2006,2020-06-17 11:00:01.700,2860.0000,17938,0,8426652060.000,2,1,1,空换,B,2860.0000,2859.8000,2859.4000,2859.2000,2859.0000,2860.4000,2860.6000,2860.8000,2861.0000,2861.2000,2,1,2,3,2,2,1,2,3,1
SF,IH2006,2020-06-17 11:00:02.200,2860.0000,17938,0,8426652060.000,0,-,-,-,-,2860.0000,2859.8000,2859.4000,2859.2000,2859.0000,2860.4000,2860.6000,2860.8000,2861.0000,2861.2000,3,1,2,3,2,3,1,2,3,1
SF,IH2006,2020-06-17 11:00:02.700,2860.0000,17938,0,8426652060.000,0,-,-,-,-,2860.0000,2859.8000,2859.4000,2859.2000,2859.0000,2860.4000,2860.6000,2860.8000,2861.0000,2861.2000,3,2,2,3,2,5,1,2,3,1
SF,IH2006,2020-06-17 11:00:03.700,2860.0000,17938,0,8426652060.000,0,-,-,-,-,2860.0000,2859.8000,2859.4000,2859.2000,2859.0000,2860.2000,2860.4000,2860.6000,2860.8000,2861.0000,3,4,2,3,2,1,8,1,2,3
SF,IH2006,2020-06-17 11:00:04.200,2860.0000,17938,0,8426652060.000,0,-,-,-,-,2860.0000,2859.8000,2859.4000,2859.2000,2859.0000,2860.2000,2860.4000,2860.6000,2860.8000,2861.0000,3,4,2,3,2,2,3,1,2,3
SF,IH2006,2020-06-17 11:00:04.700,2860.0000,17937,-1,8427510060.000,1,0,1,双平,B,2860.0000,2859.8000,2859.4000,2859.2000,2859.0000,2860.2000,2860.4000,2860.6000,2860.8000,2861.0000,2,4,2,3,2,3,2,1,2,3
SF,IH2006,2020-06-17 11:00:06.700,2860.2000,17937,0,8428368120.000,1,0,1,空换,B,2860.0000,2859.8000,2859.4000,2859.2000,2859.0000,2860.2000,2860.4000,2860.6000,2860.8000,2861.0000,2,4,2,3,2,2,2,1,2,3
SF,IH2006,2020-06-17 11:00:07.200,2860.2000,17937,0,8428368120.000,0,-,-,-,-,2860.0000,2859.8000,2859.4000,2859.2000,2859.0000,2860.2000,2860.4000,2860.6000,2860.8000,2861.0000,2,4,2,3,2,1,2,1,2,3
SF,IH2006,2020-06-17 11:00:07.700,2860.2000,17936,-1,8429226180.000,1,0,1,双平,B,2860.0000,2859.8000,2859.4000,2859.2000,2859.0000,2860.4000,2860.6000,2860.8000,2861.0000,2861.2000,2,4,2,3,2,2,1,2,3,1
SF,IH2006,2020-06-17 11:00:08.200,2860.2000,17935,-1,8430084240.000,1,0,1,双平,B,2860.0000,2859.8000,2859.4000,2859.2000,2859.0000,2860.4000,2860.6000,2860.8000,2861.0000,2861.2000,2,5,2,3,2,6,1,2,3,1
SF,IH2006,2020-06-17 11:00:08.700,2860.2000,17935,0,8431800300.000,2,1,1,空换,B,2860.0000,2859.8000,2859.4000,2859.2000,2859.0000,2860.4000,2860.6000,2860.8000,2861.0000,2861.2000,1,5,2,3,2,7,1,2,3,1
SF,IH2006,2020-06-17 11:00:09.200,2860.2000,17935,0,8431800300.000,0,-,-,-,-,2860.0000,2859.8000,2859.4000,2859.2000,2859.0000,2860.4000,2860.6000,2860.8000,2861.0000,2861.2000,2,5,2,3,2,6,1,2,3,1
SF,IH2006,2020-06-17 11:00:09.700,2860.2000,17935,0,8431800300.000,0,-,-,-,-,2860.0000,2859.8000,2859.4000,2859.2000,2859.0000,2860.4000,2860.6000,2860.8000,2861.0000,2861.2000,3,5,2,3,2,6,1,2,3,1
SF,IH2006,2020-06-17 11:00:10.200,2860.2000,17935,0,8431800300.000,0,-,-,-,-,2860.2000,2860.0000,2859.8000,2859.4000,2859.2000,2860.4000,2860.6000,2860.8000,2861.0000,2861.2000,1,3,5,2,3,1,1,2,3,1
SF,IH2006,2020-06-17 11:00:10.700,2860.4000,17935,0,8432658420.000,1,0,1,空换,B,2860.4000,2860.2000,2860.0000,2859.8000,2859.4000,2860.6000,2860.8000,2861.0000,2861.2000,2861.4000,2,2,3,5,2,1,2,3,1,3
SF,IH2006,2020-06-17 11:00:11.200,2860.4000,17935,0,8432658420.000,0,-,-,-,-,2860.4000,2860.2000,2860.0000,2859.8000,2859.4000,2860.6000,2860.8000,2861.0000,2861.2000,2861.4000,2,2,3,4,2,1,2,3,1,3
SF,IH2006,2020-06-17 11:00:11.700,2860.4000,17935,0,8432658420.000,0,-,-,-,-,2860.4000,2860.2000,2860.0000,2859.8000,2859.4000,2860.6000,2860.8000,2861.0000,2861.2000,2861.4000,1,2,3,4,2,1,2,3,1,3
SF,IH2006,2020-06-17 11:00:12.200,2860.6000,17935,0,8433516600.000,1,0,1,空换,B,2860.4000,2860.2000,2860.0000,2859.8000,2859.4000,2860.8000,2861.0000,2861.2000,2861.4000,2861.6000,1,2,3,4,2,2,3,1,3,2
SF,IH2006,2020-06-17 11:00:12.700,2860.6000,17935,0,8433516600.000,0,-,-,-,-,2860.4000,2860.2000,2860.0000,2859.8000,2859.4000,2860.8000,2861.0000,2861.2000,2861.4000,2861.6000,3,2,3,4,2,4,3,1,3,2
SF,IH2006,2020-06-17 11:00:13.200,2860.6000,17935,0,8433516600.000,0,-,-,-,-,2860.4000,2860.2000,2860.0000,2859.8000,2859.4000,2860.8000,2861.0000,2861.2000,2861.4000,2861.6000,3,2,3,4,2,4,3,1,3,2
SF,IH2006,2020-06-17 11:00:14.200,2860.6000,17935,0,8433516600.000,0,-,-,-,-,2860.6000,2860.4000,2860.2000,2860.0000,2859.8000,2860.8000,2861.0000,2861.2000,2861.4000,2861.6000,1,3,2,3,4,2,3,1,3,2
SF,IH2006,2020-06-17 11:00:14.700,2860.6000,17934,-1,8435232960.000,2,0,2,空平,B,2860.4000,2860.2000,2860.0000,2859.8000,2859.4000,2860.6000,2860.8000,2861.0000,2861.2000,2861.4000,3,1,3,4,2,1,2,3,1,3
SF,IH2006,2020-06-17 11:00:15.200,2860.6000,17934,0,8436091140.000,1,0,1,空换,B,2860.6000,2860.4000,2860.2000,2860.0000,2859.8000,2860.8000,2861.0000,2861.2000,2861.4000,2861.6000,1,5,1,3,4,2,3,1,3,2
SF,IH2006,2020-06-17 11:00:15.700,2860.6000,17934,0,8436091140.000,0,-,-,-,-,2860.6000,2860.4000,2860.2000,2860.0000,2859.8000,2860.8000,2861.0000,2861.2000,2861.4000,2861.6000,2,5,1,2,4,2,3,1,3,2
SF,IH2006,2020-06-17 11:00:16.200,2860.8000,17934,0,8436949380.000,1,0,1,空换,B,2860.6000,2860.4000,2860.2000,2860.0000,2859.8000,2860.8000,2861.0000,2861.2000,2861.4000,2861.6000,2,5,1,2,4,1,3,1,3,2
SF,IH2006,2020-06-17 11:00:16.700,2860.6000,17933,-1,8437807560.000,1,0,1,双平,B,2860.6000,2860.4000,2860.2000,2860.0000,2859.8000,2860.8000,2861.0000,2861.2000,2861.4000,2861.6000,1,5,1,2,4,1,3,1,3,2
SF,IH2006,2020-06-17 11:00:17.200,2860.6000,17933,0,8437807560.000,0,-,-,-,-,2860.6000,2860.4000,2860.2000,2860.0000,2859.8000,2860.8000,2861.0000,2861.2000,2861.4000,2861.6000,1,5,1,2,4,1,3,1,3,2
SF,IH2006,2020-06-17 11:00:17.700,2860.8000,17933,0,8438665800.000,1,0,1,空换,B,2860.8000,2860.6000,2860.4000,2860.2000,2860.0000,2861.0000,2861.2000,2861.4000,2861.6000,2861.8000,1,2,5,1,2,3,1,3,2,5
SF,IH2006,2020-06-17 11:00:18.200,2861.4000,17930,-3,8442957480.000,5,1,4,空平,B,2860.8000,2860.6000,2860.4000,2860.0000,2859.8000,2861.4000,2861.6000,2861.8000,2862.2000,2862.8000,4,2,4,2,4,2,2,5,2,3
SF,IH2006,2020-06-17 11:00:18.700,2861.4000,17930,0,8442957480.000,0,-,-,-,-,2860.8000,2860.6000,2860.4000,2860.0000,2859.8000,2861.2000,2861.4000,2861.6000,2861.8000,2862.2000,4,2,4,2,4,2,9,2,5,2
SF,IH2006,2020-06-17 11:00:19.200,2860.8000,17929,-1,8443815720.000,1,0,1,双平,B,2860.8000,2860.6000,2860.4000,2860.0000,2859.8000,2861.2000,2861.4000,2861.6000,2861.8000,2862.2000,1,2,4,2,4,10,2,2,5,2
SF,IH2006,2020-06-17 11:00:19.700,2860.8000,17929,0,8443815720.000,0,-,-,-,-,2860.8000,2860.6000,2860.4000,2860.0000,2859.8000,2861.2000,2861.4000,2861.6000,2861.8000,2862.2000,1,2,4,2,4,11,2,2,5,2
SF,IH2006,2020-06-17 11:00:20.200,2860.8000,17929,0,8443815720.000,0,-,-,-,-,2860.8000,2860.6000,2860.4000,2860.0000,2859.8000,2861.2000,2861.4000,2861.6000,2861.8000,2862.2000,2,2,4,2,4,11,2,2,5,2
SF,IH2006,2020-06-17 11:00:21.200,2860.8000,17929,0,8443815720.000,0,-,-,-,-,2860.8000,2860.6000,2860.4000,2860.0000,2859.8000,2861.2000,2861.4000,2861.6000,2861.8000,2862.2000,2,2,4,2,4,5,2,2,5,2
SF,IH2006,2020-06-17 11:00:21.700,2860.8000,17929,0,8443815720.000,0,-,-,-,-,2861.0000,2860.8000,2860.6000,2860.4000,2860.0000,2861.2000,2861.4000,2861.6000,2861.8000,2862.2000,4,3,2,3,2,4,2,2,5,2
SF,IH2006,2020-06-17 11:00:22.200,2861.2000,17928,-1,8445532440.000,2,0,2,空平,B,2861.0000,2860.8000,2860.6000,2860.4000,2860.0000,2861.2000,2861.4000,2861.6000,2861.8000,2862.2000,7,2,2,2,2,1,2,2,5,2
SF,IH2006,2020-06-17 11:00:22.700,2861.4000,17926,-2,8447249220.000,2,0,2,双平,B,2861.2000,2861.0000,2860.8000,2860.6000,2860.4000,2861.4000,2861.6000,2861.8000,2862.2000,2862.8000,2,8,1,1,2,1,2,5,2,3
SF,IH2006,2020-06-17 11:00:23.200,2861.4000,17926,0,8447249220.000,0,-,-,-,-,2861.2000,2861.0000,2860.8000,2860.4000,2860.0000,2861.4000,2861.6000,2861.8000,2862.2000,2862.8000,2,7,1,2,1,1,2,5,2,3
SF,IH2006,2020-06-17 11:00:23.700,2861.4000,17926,0,8448107640.000,1,0,1,空换,B,2861.4000,2861.2000,2861.0000,2860.8000,2860.4000,2861.6000,2861.8000,2862.2000,2862.8000,2863.0000,4,1,7,1,2,2,5,2,3,5
SF,IH2006,2020-06-17 11:00:24.200,2861.2000,17925,-1,8453258040.000,6,2,4,空平,B,2861.0000,2860.8000,2860.4000,2860.0000,2859.8000,2861.2000,2861.4000,2861.6000,2861.8000,2862.2000,7,1,2,1,4,3,15,4,5,2
SF,IH2006,2020-06-17 11:00:24.700,2861.0000,17926,1,8454116340.000,1,1,0,双开,B,2861.0000,2860.8000,2860.4000,2860.0000,2859.8000,2861.2000,2861.4000,2861.6000,2861.8000,2862.2000,1,1,2,1,4,6,3,4,5,2
SF,IH2006,2020-06-17 11:00:25.200,2861.0000,17926,0,8454974640.000,1,0,1,空换,B,2860.8000,2860.4000,2860.0000,2859.8000,2859.4000,2861.2000,2861.4000,2861.6000,2861.8000,2862.2000,1,2,1,4,1,6,3,4,5,2
SF,IH2006,2020-06-17 11:00:25.700,2861.0000,17926,0,8454974640.000,0,-,-,-,-,2860.8000,2860.4000,2860.0000,2859.8000,2859.4000,2861.0000,2861.2000,2861.4000,2861.6000,2861.8000,1,2,1,4,1,4,7,3,3,5
SF,IH2006,2020-06-17 11:00:26.200,2861.0000,17926,0,8454974640.000,0,-,-,-,-,2860.4000,2860.0000,2859.8000,2859.4000,2859.2000,2861.0000,2861.2000,2861.4000,2861.6000,2861.8000,2,1,4,1,2,10,1,3,3,5
SF,IH2006,2020-06-17 11:00:26.700,2861.0000,17927,1,8455832940.000,1,1,0,双开,B,2860.6000,2860.4000,2860.0000,2859.8000,2859.4000,2860.8000,2861.0000,2861.2000,2861.4000,2861.6000,2,2,1,4,1,1,8,1,1,3
SF,IH2006,2020-06-17 11:00:27.200,2861.0000,17927,0,8455832940.000,0,-,-,-,-,2860.6000,2860.4000,2860.0000,2859.8000,2859.4000,2861.0000,2861.2000,2861.4000,2861.6000,2861.8000,2,2,1,4,1,8,2,1,3,5
SF,IH2006,2020-06-17 11:00:27.700,2861.0000,17927,0,8455832940.000,0,-,-,-,-,2860.6000,2860.4000,2860.0000,2859.8000,2859.4000,2861.0000,2861.2000,2861.6000,2861.8000,2862.2000,2,2,1,4,1,8,2,3,5,2
SF,IH2006,2020-06-17 11:00:28.200,2861.0000,17927,0,8455832940.000,0,-,-,-,-,2860.6000,2860.4000,2860.0000,2859.8000,2859.4000,2861.0000,2861.2000,2861.6000,2861.8000,2862.2000,2,2,1,4,1,3,1,3,6,2
SF,IH2006,2020-06-17 11:00:28.700,2861.0000,17927,0,8455832940.000,0,-,-,-,-,2860.6000,2860.4000,2860.0000,2859.8000,2859.4000,2861.0000,2861.2000,2861.6000,2861.8000,2862.2000,2,2,1,4,1,3,2,3,5,2
SF,IH2006,2020-06-17 11:00:29.200,2861.0000,17927,0,8455832940.000,0,-,-,-,-,2860.6000,2860.4000,2860.0000,2859.8000,2859.4000,2861.0000,2861.2000,2861.6000,2861.8000,2862.2000,2,2,1,4,1,2,2,3,5,2
SF,IH2006,2020-06-17 11:00:29.700,2861.0000,17927,0,8455832940.000,0,-,-,-,-,2860.6000,2860.4000,2860.0000,2859.8000,2859.4000,2861.0000,2861.2000,2861.4000,2861.6000,2861.8000,2,2,1,4,1,2,2,1,3,5
SF,IH2006,2020-06-17 11:00:30.200,2861.0000,17928,1,8456691240.000,1,1,0,双开,B,2860.6000,2860.4000,2860.0000,2859.8000,2859.4000,2861.0000,2861.2000,2861.4000,2861.6000,2861.8000,2,2,1,4,1,6,2,1,3,5
SF,IH2006,2020-06-17 11:00:30.700,2861.0000,17928,0,8456691240.000,0,-,-,-,-,2860.6000,2860.4000,2860.0000,2859.8000,2859.4000,2860.8000,2861.0000,2861.2000,2861.4000,2861.6000,2,2,1,4,1,1,2,2,1,3
SF,IH2006,2020-06-17 11:00:31.200,2860.8000,17928,0,8457549480.000,1,0,1,空换,B,2860.8000,2860.6000,2860.4000,2860.0000,2859.8000,2861.2000,2861.4000,2861.6000,2861.8000,2862.2000,3,1,2,1,4,2,1,3,5,2
SF,IH2006,2020-06-17 11:00:31.700,2860.8000,17928,0,8457549480.000,0,-,-,-,-,2860.8000,2860.6000,2860.4000,2860.0000,2859.8000,2861.2000,2861.4000,2861.6000,2861.8000,2862.2000,1,1,2,1,4,2,1,3,5,2
SF,IH2006,2020-06-17 11:00:32.200,2860.8000,17928,0,8457549480.000,0,-,-,-,-,2860.8000,2860.6000,2860.4000,2860.0000,2859.8000,2861.2000,2861.4000,2861.6000,2861.8000,2862.2000,2,1,2,1,4,3,1,3,4,2
SF,IH2006,2020-06-17 11:00:32.700,2861.2000,17928,0,8458407840.000,1,0,1,空换,B,2860.8000,2860.6000,2860.4000,2860.0000,2859.8000,2861.2000,2861.4000,2861.6000,2861.8000,2862.2000,3,1,2,1,4,2,1,3,4,2
SF,IH2006,2020-06-17 11:00:33.200,2861.2000,17928,0,8458407840.000,0,-,-,-,-,2860.8000,2860.6000,2860.4000,2860.0000,2859.8000,2861.2000,2861.4000,2861.6000,2861.8000,2862.2000,3,1,2,1,4,1,1,3,4,2
SF,IH2006,2020-06-17 11:00:33.700,2861.2000,17928,0,8458407840.000,0,-,-,-,-,2860.8000,2860.6000,2860.4000,2860.0000,2859.8000,2861.0000,2861.2000,2861.4000,2861.6000,2861.8000,3,2,2,1,3,1,2,1,3,4
SF,IH2006,2020-06-17 11:00:34.200,2861.0000,17927,-1,8459266140.000,1,0,1,双平,B,2861.0000,2860.8000,2860.6000,2860.4000,2860.0000,2861.4000,2861.6000,2861.8000,2862.2000,2862.8000,1,2,1,2,1,1,3,4,2,3
SF,IH2006,2020-06-17 11:00:34.700,2861.0000,17927,0,8459266140.000,0,-,-,-,-,2861.0000,2860.8000,2860.6000,2860.4000,2860.0000,2861.4000,2861.6000,2861.8000,2862.2000,2862.8000,4,2,1,2,1,1,3,4,2,3
SF,IH2006,2020-06-17 11:00:35.200,2861.0000,17926,-1,8460982740.000,2,0,2,空平,B,2861.0000,2860.8000,2860.6000,2860.4000,2860.0000,2861.2000,2861.4000,2861.6000,2861.8000,2862.2000,1,2,1,2,1,7,6,3,4,2
SF,IH2006,2020-06-17 11:00:35.700,2861.2000,17925,-1,8464416120.000,4,1,3,空平,B,2860.8000,2860.6000,2860.4000,2860.0000,2859.8000,2861.0000,2861.4000,2861.6000,2861.8000,2862.2000,2,1,2,1,3,1,4,3,4,2
SF,IH2006,2020-06-17 11:00:36.200,2861.2000,17925,0,8464416120.000,0,-,-,-,-,2860.8000,2860.6000,2860.4000,2860.0000,2859.8000,2861.0000,2861.4000,2861.6000,2861.8000,2862.2000,2,1,2,1,3,1,3,3,4,2
SF,IH2006,2020-06-17 11:00:36.700,2861.2000,17925,0,8464416120.000,0,-,-,-,-,2860.8000,2860.6000,2860.4000,2860.0000,2859.8000,2861.0000,2861.2000,2861.4000,2861.6000,2861.8000,1,1,2,1,3,1,1,3,3,4
SF,IH2006,2020-06-17 11:00:37.200,2860.8000,17924,-1,8465274360.000,1,0,1,双平,B,2860.6000,2860.4000,2860.0000,2859.8000,2859.4000,2860.8000,2861.0000,2861.2000,2861.4000,2861.6000,1,2,1,3,1,1,7,2,3,3
SF,IH2006,2020-06-17 11:00:37.700,2860.8000,17924,0,8465274360.000,0,-,-,-,-,2860.6000,2860.4000,2860.0000,2859.8000,2859.4000,2860.8000,2861.0000,2861.2000,2861.4000,2861.6000,1,2,1,3,1,4,5,2,4,3
SF,IH2006,2020-06-17 11:00:38.200,2860.8000,17924,0,8465274360.000,0,-,-,-,-,2860.6000,2860.4000,2860.0000,2859.8000,2859.4000,2860.8000,2861.0000,2861.2000,2861.4000,2861.6000,1,2,1,3,1,8,2,2,4,3
SF,IH2006,2020-06-17 11:00:38.700,2860.6000,17923,-1,8466132540.000,1,0,1,双平,B,2860.4000,2860.0000,2859.8000,2859.4000,2859.2000,2860.8000,2861.0000,2861.2000,2861.4000,2861.6000,2,1,3,1,1,4,2,2,4,3
SF,IH2006,2020-06-17 11:00:39.200,2860.6000,17923,0,8466132540.000,0,-,-,-,-,2860.4000,2860.0000,2859.8000,2859.4000,2859.2000,2860.8000,2861.0000,2861.2000,2861.4000,2861.6000,4,1,3,1,1,4,2,2,4,3
SF,IH2006,2020-06-17 11:00:39.700,2860.6000,17923,0,8466132540.000,0,-,-,-,-,2860.4000,2860.0000,2859.8000,2859.4000,2859.2000,2860.8000,2861.0000,2861.2000,2861.4000,2861.6000,4,1,3,1,1,3,2,2,4,3
SF,IH2006,2020-06-17 11:00:40.200,2860.8000,17922,-1,8466990780.000,1,0,1,双平,B,2860.4000,2860.0000,2859.8000,2859.4000,2859.2000,2860.8000,2861.0000,2861.2000,2861.4000,2861.6000,3,1,3,1,1,2,2,2,4,3
SF,IH2006,2020-06-17 11:00:40.700,2860.4000,17921,-1,8467848900.000,1,0,1,双平,B,2860.4000,2860.0000,2859.8000,2859.4000,2859.2000,2860.8000,2861.0000,2861.2000,2861.4000,2861.6000,2,1,3,1,1,2,2,2,4,3
SF,IH2006,2020-06-17 11:00:42.200,2860.4000,17921,0,8467848900.000,0,-,-,-,-,2860.4000,2859.8000,2859.4000,2859.2000,2858.8000,2860.8000,2861.0000,2861.2000,2861.4000,2861.6000,3,3,1,1,1,3,2,2,4,3
SF,IH2006,2020-06-17 11:00:42.700,2860.4000,17921,0,8467848900.000,0,-,-,-,-,2860.4000,2860.2000,2859.8000,2859.4000,2859.2000,2860.8000,2861.0000,2861.2000,2861.4000,2861.6000,3,1,2,1,1,5,2,2,4,3
SF,IH2006,2020-06-17 11:00:43.200,2860.4000,17921,0,8467848900.000,0,-,-,-,-,2860.4000,2860.2000,2859.8000,2859.4000,2859.2000,2860.8000,2861.0000,2861.2000,2861.4000,2861.6000,3,1,2,1,1,2,2,2,4,3
SF,IH2006,2020-06-17 11:00:43.700,2860.4000,17921,0,8467848900.000,0,-,-,-,-,2860.6000,2860.4000,2860.2000,2859.4000,2859.2000,2860.8000,2861.0000,2861.2000,2861.4000,2861.6000,3,3,2,1,1,2,2,2,4,3
SF,IH2006,2020-06-17 11:00:44.200,2860.4000,17921,0,8467848900.000,0,-,-,-,-,2860.6000,2860.4000,2860.2000,2859.4000,2859.2000,2861.0000,2861.2000,2861.4000,2861.6000,2861.8000,3,3,2,1,1,2,2,4,3,4
SF,IH2006,2020-06-17 11:00:44.700,2860.4000,17921,0,8467848900.000,0,-,-,-,-,2860.6000,2860.4000,2860.2000,2859.4000,2859.2000,2861.0000,2861.2000,2861.4000,2861.6000,2861.8000,3,3,2,1,1,7,2,4,3,4
SF,IH2006,2020-06-17 11:00:45.200,2860.4000,17921,0,8467848900.000,0,-,-,-,-,2860.6000,2860.4000,2860.2000,2859.4000,2859.2000,2861.0000,2861.2000,2861.4000,2861.6000,2861.8000,3,3,2,1,1,4,2,4,3,4
SF,IH2006,2020-06-17 11:00:45.700,2860.4000,17921,0,8467848900.000,0,-,-,-,-,2860.6000,2860.4000,2860.2000,2859.4000,2859.2000,2861.0000,2861.2000,2861.4000,2861.6000,2861.8000,3,3,2,1,1,3,2,4,3,4
SF,IH2006,2020-06-17 11:00:46.200,2860.4000,17921,0,8467848900.000,0,-,-,-,-,2860.6000,2860.4000,2860.2000,2859.4000,2859.2000,2861.0000,2861.2000,2861.4000,2861.6000,2861.8000,3,3,3,1,1,3,2,4,3,4
SF,IH2006,2020-06-17 11:00:47.200,2860.4000,17921,0,8467848900.000,0,-,-,-,-,2860.6000,2860.4000,2860.2000,2859.4000,2859.2000,2861.0000,2861.2000,2861.4000,2861.6000,2861.8000,3,3,3,1,1,2,2,4,3,4
SF,IH2006,2020-06-17 11:00:48.700,2860.4000,17921,0,8467848900.000,0,-,-,-,-,2860.6000,2860.4000,2860.2000,2859.4000,2859.2000,2861.0000,2861.2000,2861.4000,2861.6000,2861.8000,3,3,3,1,1,3,2,4,3,4
SF,IH2006,2020-06-17 11:00:49.700,2860.4000,17921,0,8467848900.000,0,-,-,-,-,2860.6000,2860.4000,2860.2000,2859.4000,2859.2000,2861.0000,2861.2000,2861.4000,2861.6000,2861.8000,3,3,3,1,1,4,2,4,3,4
SF,IH2006,2020-06-17 11:00:50.200,2860.4000,17921,0,8467848900.000,0,-,-,-,-,2860.6000,2860.4000,2860.2000,2859.4000,2859.2000,2861.0000,2861.2000,2861.4000,2861.6000,2861.8000,3,3,3,1,1,4,2,4,3,4
SF,IH2006,2020-06-17 11:00:52.700,2860.4000,17921,0,8467848900.000,0,-,-,-,-,2860.6000,2860.4000,2860.2000,2859.4000,2859.2000,2861.0000,2861.2000,2861.4000,2861.6000,2861.8000,4,2,3,1,1,2,2,4,3,4
SF,IH2006,2020-06-17 11:00:53.200,2860.4000,17921,0,8467848900.000,0,-,-,-,-,2860.6000,2860.4000,2860.2000,2859.4000,2859.2000,2861.0000,2861.2000,2861.4000,2861.6000,2861.8000,4,2,3,1,1,3,2,4,3,4
SF,IH2006,2020-06-17 11:00:53.700,2861.0000,17921,0,8471282100.000,4,2,2,空换,B,2861.0000,2860.6000,2860.4000,2860.2000,2859.4000,2861.2000,2861.4000,2861.6000,2861.8000,2862.2000,1,4,2,3,1,2,4,3,4,2
SF,IH2006,2020-06-17 11:00:54.200,2861.0000,17921,0,8472140400.000,1,0,1,空换,B,2860.6000,2860.4000,2860.2000,2859.4000,2859.2000,2861.0000,2861.2000,2861.4000,2861.6000,2861.8000,2,2,3,1,1,14,14,4,3,4
SF,IH2006,2020-06-17 11:00:54.700,2860.6000,17919,-2,8473856760.000,2,0,2,双平,B,2860.4000,2860.2000,2859.4000,2859.2000,2858.8000,2860.8000,2861.0000,2861.2000,2861.4000,2861.6000,2,3,1,1,1,6,8,14,4,3
SF,IH2006,2020-06-17 11:00:55.200,2860.4000,17919,0,8475573000.000,2,1,1,空换,B,2860.2000,2859.4000,2859.2000,2858.8000,2858.6000,2860.4000,2860.8000,2861.0000,2861.2000,2861.4000,3,1,1,1,3,5,11,2,13,4
SF,IH2006,2020-06-17 11:00:55.700,2860.4000,17919,0,8475573000.000,0,-,-,-,-,2860.2000,2859.4000,2859.2000,2858.8000,2858.6000,2860.8000,2861.0000,2861.2000,2861.4000,2861.6000,3,1,1,1,3,10,2,13,4,3
SF,IH2006,2020-06-17 11:00:56.200,2860.4000,17919,0,8475573000.000,0,-,-,-,-,2860.2000,2859.4000,2859.2000,2858.8000,2858.6000,2860.4000,2860.8000,2861.0000,2861.2000,2861.4000,3,1,1,1,3,1,8,2,13,4
SF,IH2006,2020-06-17 11:00:56.700,2860.4000,17919,0,8475573000.000,0,-,-,-,-,2860.2000,2859.4000,2859.2000,2858.8000,2858.6000,2860.4000,2860.8000,2861.0000,2861.2000,2861.4000,3,1,1,1,3,1,8,2,13,4
SF,IH2006,2020-06-17 11:00:57.200,2860.4000,17919,0,8475573000.000,0,-,-,-,-,2860.2000,2859.4000,2859.2000,2858.8000,2858.6000,2860.4000,2860.8000,2861.0000,2861.2000,2861.4000,3,1,1,1,3,1,9,2,13,4
SF,IH2006,2020-06-17 11:00:57.700,2860.2000,17918,-1,8476431060.000,1,0,1,双平,B,2860.2000,2859.4000,2859.2000,2858.8000,2858.6000,2860.8000,2861.0000,2861.2000,2861.4000,2861.6000,2,1,1,1,3,9,2,13,4,3
SF,IH2006,2020-06-17 11:00:58.200,2860.2000,17918,0,8476431060.000,0,-,-,-,-,2860.2000,2859.4000,2859.2000,2858.8000,2858.6000,2860.6000,2860.8000,2861.0000,2861.2000,2861.4000,2,1,1,1,3,2,9,2,13,3
SF,IH2006,2020-06-17 11:00:58.700,2860.4000,17917,-1,8477289180.000,1,0,1,双平,B,2860.2000,2859.4000,2859.2000,2858.8000,2858.6000,2860.4000,2860.6000,2860.8000,2861.0000,2861.2000,2,1,1,1,3,2,3,5,2,13
SF,IH2006,2020-06-17 11:00:59.200,2860.2000,17916,-1,8478147240.000,1,0,1,双平,B,2860.2000,2859.4000,2859.2000,2858.8000,2858.6000,2860.4000,2860.6000,2860.8000,2861.2000,2861.4000,1,1,1,1,3,6,4,3,12,3
SF,IH2006,2020-06-17 11:00:59.700,2860.2000,17915,-1,8479005300.000,1,0,1,双平,B,2859.4000,2859.2000,2858.8000,2858.6000,2858.4000,2860.4000,2860.6000,2860.8000,2861.2000,2861.4000,1,1,1,3,2,4,3,2,12,3
SF,IH2006,2020-06-17 11:01:00.200,2860.2000,17915,0,8479005300.000,0,-,-,-,-,2860.0000,2859.6000,2859.4000,2859.2000,2858.8000,2860.2000,2860.4000,2860.6000,2860.8000,2861.2000,2,11,1,1,1,1,6,2,2,12
SF,IH2006,2020-06-17 11:01:00.700,2860.4000,17914,-1,8480721480.000,2,0,2,空平,B,2860.2000,2859.6000,2859.4000,2859.2000,2858.8000,2860.4000,2860.6000,2860.8000,2861.2000,2861.4000,13,8,1,1,1,5,1,2,7,3
SF,IH2006,2020-06-17 11:01:01.200,2860.4000,17910,-4,8486728380.000,7,1,6,空平,B,2860.4000,2860.2000,2859.6000,2859.4000,2859.2000,2860.8000,2861.2000,2861.4000,2861.6000,2861.8000,16,3,7,1,1,1,6,3,3,5
SF,IH2006,2020-06-17 11:01:01.700,2860.4000,17910,0,8486728380.000,0,-,-,-,-,2860.6000,2860.4000,2859.6000,2859.4000,2859.2000,2860.8000,2861.0000,2861.2000,2861.4000,2861.6000,1,3,7,1,1,1,1,6,3,2
SF,IH2006,2020-06-17 11:01:02.200,2860.4000,17910,0,8488444680.000,2,1,1,空换,B,2859.6000,2859.4000,2859.2000,2858.8000,2858.6000,2860.0000,2860.4000,2860.6000,2860.8000,2861.0000,7,1,1,1,3,1,4,9,2,1
SF,IH2006,2020-06-17 11:01:02.700,2860.0000,17910,0,8489302680.000,1,0,1,空换,B,2860.0000,2859.6000,2859.4000,2859.2000,2858.8000,2860.6000,2860.8000,2861.0000,2861.2000,2861.4000,12,9,1,1,1,5,3,1,5,3
SF,IH2006,2020-06-17 11:01:03.200,2860.0000,17910,0,8489302680.000,0,-,-,-,-,2859.6000,2859.4000,2859.2000,2858.8000,2858.6000,2860.0000,2860.2000,2860.4000,2860.6000,2860.8000,5,1,1,1,3,3,4,2,1,3
SF,IH2006,2020-06-17 11:01:03.700,2860.0000,17910,0,8489302680.000,0,-,-,-,-,2859.6000,2859.4000,2859.2000,2858.8000,2858.6000,2860.0000,2860.2000,2860.4000,2860.6000,2860.8000,5,1,1,1,3,3,3,2,1,3
SF,IH2006,2020-06-17 11:01:04.200,2860.0000,17910,0,8489302680.000,0,-,-,-,-,2859.6000,2859.4000,2859.2000,2858.8000,2858.6000,2860.0000,2860.2000,2860.4000,2860.6000,2860.8000,5,1,1,1,3,3,3,1,1,3
SF,IH2006,2020-06-17 11:01:04.700,2860.0000,17910,0,8489302680.000,0,-,-,-,-,2859.6000,2859.4000,2859.2000,2858.8000,2858.6000,2859.8000,2860.2000,2860.4000,2860.6000,2860.8000,5,1,1,1,3,1,3,1,1,3
SF,IH2006,2020-06-17 11:01:05.200,2859.8000,17909,-1,8490160620.000,1,0,1,双平,B,2859.8000,2859.6000,2859.4000,2859.2000,2858.8000,2860.2000,2860.4000,2860.6000,2860.8000,2861.0000,1,5,1,1,1,3,2,1,2,1
SF,IH2006,2020-06-17 11:01:07.200,2859.8000,17909,0,8490160620.000,0,-,-,-,-,2859.8000,2859.6000,2859.4000,2859.2000,2858.8000,2860.2000,2860.4000,2860.6000,2860.8000,2861.0000,1,5,1,1,1,4,2,1,2,1
SF,IH2006,2020-06-17 11:01:07.700,2859.8000,17909,0,8490160620.000,0,-,-,-,-,2859.8000,2859.6000,2859.4000,2859.2000,2858.8000,2860.2000,2860.4000,2860.6000,2860.8000,2861.0000,1,3,1,1,1,4,2,1,2,1
SF,IH2006,2020-06-17 11:01:08.200,2859.8000,17909,0,8490160620.000,0,-,-,-,-,2859.8000,2859.6000,2859.4000,2859.2000,2858.8000,2860.0000,2860.2000,2860.4000,2860.6000,2860.8000,1,3,1,1,1,1,4,1,1,2
SF,IH2006,2020-06-17 11:01:08.700,2859.6000,17907,-2,8492734320.000,3,0,3,空平,B,2859.6000,2859.4000,2859.2000,2858.8000,2858.6000,2860.0000,2860.2000,2860.4000,2860.6000,2860.8000,1,1,1,1,3,1,3,1,1,2
SF,IH2006,2020-06-17 11:01:09.200,2859.6000,17907,0,8492734320.000,0,-,-,-,-,2859.6000,2859.4000,2858.8000,2858.6000,2858.4000,2860.0000,2860.2000,2860.4000,2860.6000,2860.8000,1,1,1,3,2,2,3,1,4,2
SF,IH2006,2020-06-17 11:01:10.200,2860.0000,17907,0,8493592320.000,1,0,1,空换,B,2859.6000,2859.4000,2858.8000,2858.6000,2858.4000,2860.0000,2860.2000,2860.4000,2860.6000,2860.8000,1,1,1,3,2,1,3,1,4,2
SF,IH2006,2020-06-17 11:01:10.700,2860.0000,17907,0,8493592320.000,0,-,-,-,-,2859.6000,2859.4000,2858.6000,2858.4000,2858.2000,2860.0000,2860.2000,2860.4000,2860.6000,2860.8000,1,1,3,2,1,1,3,1,4,2
SF,IH2006,2020-06-17 11:01:11.200,2860.0000,17907,0,8493592320.000,0,-,-,-,-,2859.6000,2859.4000,2858.6000,2858.4000,2858.2000,2860.0000,2860.2000,2860.4000,2860.6000,2860.8000,1,1,3,2,1,1,3,1,3,2
SF,IH2006,2020-06-17 11:01:13.200,2860.0000,17907,0,8493592320.000,0,-,-,-,-,2859.6000,2859.4000,2858.6000,2858.4000,2858.2000,2860.0000,2860.2000,2860.4000,2860.6000,2860.8000,1,1,3,2,1,1,4,1,3,2
SF,IH2006,2020-06-17 11:01:13.700,2859.6000,17906,-1,8494450200.000,1,0,1,双平,B,2859.4000,2858.6000,2858.4000,2858.2000,2858.0000,2859.6000,2860.0000,2860.2000,2860.4000,2860.6000,1,3,2,1,1,2,1,4,1,3
SF,IH2006,2020-06-17 11:01:14.200,2859.6000,17904,-2,8496165960.000,2,0,2,双平,B,2859.4000,2858.6000,2858.4000,2858.2000,2858.0000,2859.6000,2860.0000,2860.2000,2860.4000,2860.6000,1,3,2,1,1,1,1,4,1,3
SF,IH2006,2020-06-17 11:01:15.200,2859.4000,17905,1,8497023780.000,1,1,0,双开,B,2858.6000,2858.4000,2858.2000,2858.0000,2857.4000,2859.4000,2859.6000,2860.0000,2860.2000,2860.4000,3,2,1,1,3,3,1,2,4,1
SF,IH2006,2020-06-17 11:01:15.700,2859.4000,17905,0,8497023780.000,0,-,-,-,-,2858.8000,2858.6000,2858.4000,2858.2000,2858.0000,2859.2000,2859.6000,2859.8000,2860.0000,2860.2000,1,3,2,1,1,1,1,1,2,4
SF,IH2006,2020-06-17 11:01:16.200,2859.4000,17905,0,8497023780.000,0,-,-,-,-,2858.8000,2858.6000,2858.4000,2858.2000,2858.0000,2859.2000,2859.6000,2859.8000,2860.0000,2860.2000,3,3,2,1,1,1,1,2,2,4
SF,IH2006,2020-06-17 11:01:16.700,2859.2000,17906,1,8497881540.000,1,1,0,双开,B,2859.2000,2859.0000,2858.8000,2858.6000,2858.4000,2859.6000,2859.8000,2860.0000,2860.2000,2860.6000,21,1,3,3,2,1,2,2,4,3
SF,IH2006,2020-06-17 11:01:17.200,2859.6000,17907,1,8498739420.000,1,1,0,双开,B,2859.2000,2859.0000,2858.8000,2858.6000,2858.4000,2859.6000,2859.8000,2860.0000,2860.2000,2860.6000,2,1,3,3,2,1,2,2,4,3
SF,IH2006,2020-06-17 11:01:17.700,2859.6000,17906,-1,8500455180.000,2,0,2,空平,B,2859.2000,2859.0000,2858.8000,2858.6000,2858.4000,2859.6000,2859.8000,2860.0000,2860.2000,2860.6000,1,1,3,3,2,1,4,2,4,3
SF,IH2006,2020-06-17 11:01:18.200,2859.8000,17904,-2,8503886880.000,4,1,3,空平,B,2859.2000,2859.0000,2858.8000,2858.6000,2858.4000,2859.8000,2860.0000,2860.2000,2860.6000,2861.2000,1,1,3,3,2,1,2,4,3,5
SF,IH2006,2020-06-17 11:01:18.700,2859.8000,17904,0,8503886880.000,0,-,-,-,-,2859.2000,2859.0000,2858.8000,2858.6000,2858.4000,2859.8000,2860.0000,2860.2000,2860.6000,2861.2000,1,1,3,3,2,2,1,4,3,5
SF,IH2006,2020-06-17 11:01:19.200,2859.8000,17904,0,8503886880.000,0,-,-,-,-,2859.2000,2859.0000,2858.8000,2858.6000,2858.4000,2859.6000,2859.8000,2860.0000,2860.2000,2860.6000,1,1,3,3,2,1,1,1,4,3
SF,IH2006,2020-06-17 11:01:19.700,2859.8000,17904,0,8503886880.000,0,-,-,-,-,2859.2000,2859.0000,2858.8000,2858.6000,2858.4000,2859.6000,2859.8000,2860.0000,2860.6000,2861.2000,1,1,3,3,2,1,1,1,3,5
SF,IH2006,2020-06-17 11:01:20.700,2859.6000,17904,0,8504744760.000,1,0,1,空换,B,2859.6000,2859.2000,2859.0000,2858.8000,2858.6000,2859.8000,2860.0000,2860.4000,2860.6000,2861.2000,4,1,1,4,3,1,1,1,3,5
SF,IH2006,2020-06-17 11:01:21.200,2859.6000,17903,-1,8505602640.000,1,0,1,双平,B,2859.6000,2859.2000,2859.0000,2858.8000,2858.6000,2859.8000,2860.0000,2860.4000,2860.6000,2861.2000,3,1,1,4,3,1,1,1,3,5
SF,IH2006,2020-06-17 11:01:21.700,2859.6000,17902,-1,8506460520.000,1,0,1,双平,B,2859.6000,2859.2000,2859.0000,2858.8000,2858.6000,2859.8000,2860.0000,2860.4000,2860.6000,2861.2000,2,1,1,4,3,1,1,1,3,5
SF,IH2006,2020-06-17 11:01:22.700,2859.6000,17902,0,8507318400.000,1,0,1,空换,B,2859.6000,2859.2000,2859.0000,2858.8000,2858.6000,2859.8000,2860.0000,2860.4000,2860.6000,2861.2000,1,1,1,4,3,1,1,1,3,5
SF,IH2006,2020-06-17 11:01:23.200,2859.6000,17902,0,8508176280.000,1,0,1,空换,B,2859.2000,2859.0000,2858.8000,2858.6000,2858.4000,2859.6000,2859.8000,2860.0000,2860.4000,2860.6000,1,1,4,3,2,2,1,1,1,3
SF,IH2006,2020-06-17 11:01:23.700,2859.6000,17901,-1,8509034160.000,1,0,1,双平,B,2859.2000,2859.0000,2858.8000,2858.6000,2858.4000,2859.6000,2860.0000,2860.4000,2860.6000,2861.2000,2,1,4,3,2,2,1,1,3,5
SF,IH2006,2020-06-17 11:01:26.700,2859.2000,17900,-1,8510749680.000,2,0,2,空平,B,2859.0000,2858.8000,2858.6000,2858.4000,2858.2000,2859.2000,2859.6000,2860.0000,2860.4000,2860.6000,1,4,3,2,1,1,2,1,1,3
SF,IH2006,2020-06-17 11:01:27.200,2859.2000,17900,0,8511607440.000,1,0,1,空换,B,2859.2000,2859.0000,2858.8000,2858.6000,2858.4000,2859.4000,2859.6000,2860.0000,2860.4000,2860.6000,11,1,4,3,2,1,1,1,1,3
SF,IH2006,2020-06-17 11:01:27.700,2859.2000,17900,0,8511607440.000,0,-,-,-,-,2859.2000,2859.0000,2858.8000,2858.6000,2858.4000,2859.4000,2859.6000,2860.0000,2860.4000,2860.6000,5,2,4,3,2,2,1,1,1,3
SF,IH2006,2020-06-17 11:01:28.200,2859.2000,17900,0,8511607440.000,0,-,-,-,-,2859.2000,2859.0000,2858.8000,2858.6000,2858.4000,2859.4000,2859.6000,2860.0000,2860.4000,2860.6000,4,2,4,3,2,2,1,1,1,3
SF,IH2006,2020-06-17 11:01:28.700,2859.2000,17900,0,8511607440.000,0,-,-,-,-,2859.2000,2859.0000,2858.8000,2858.6000,2858.4000,2859.4000,2859.6000,2860.0000,2860.4000,2860.6000,1,2,4,3,2,2,1,1,1,3
SF,IH2006,2020-06-17 11:01:29.200,2859.2000,17900,0,8511607440.000,0,-,-,-,-,2859.2000,2859.0000,2858.8000,2858.6000,2858.4000,2859.4000,2859.6000,2860.0000,2860.4000,2860.6000,1,2,4,3,2,2,1,1,1,3
SF,IH2006,2020-06-17 11:01:29.700,2859.2000,17900,0,8511607440.000,0,-,-,-,-,2859.2000,2859.0000,2858.8000,2858.6000,2858.4000,2859.4000,2859.6000,2860.0000,2860.4000,2860.6000,1,2,4,3,2,2,1,1,1,3
SF,IH2006,2020-06-17 11:01:30.200,2859.2000,17900,0,8511607440.000,0,-,-,-,-,2859.0000,2858.8000,2858.6000,2858.4000,2858.2000,2859.4000,2859.6000,2860.0000,2860.4000,2860.6000,2,4,3,2,2,2,1,1,1,3
SF,IH2006,2020-06-17 11:01:30.700,2859.2000,17900,0,8511607440.000,0,-,-,-,-,2859.0000,2858.8000,2858.6000,2858.4000,2858.2000,2859.4000,2859.6000,2860.0000,2860.4000,2860.6000,2,4,3,2,2,2,1,1,1,3
SF,IH2006,2020-06-17 11:01:31.200,2859.2000,17900,0,8511607440.000,0,-,-,-,-,2859.0000,2858.8000,2858.6000,2858.4000,2858.2000,2859.4000,2860.0000,2860.4000,2860.6000,2861.2000,2,4,3,2,2,2,1,1,3,1
SF,IH2006,2020-06-17 11:01:31.700,2859.4000,17898,-2,8513323080.000,2,0,2,双平,B,2859.4000,2859.2000,2859.0000,2858.8000,2858.6000,2860.0000,2860.4000,2860.6000,2861.2000,2861.6000,1,1,2,4,3,1,1,3,1,2
SF,IH2006,2020-06-17 11:01:32.200,2859.4000,17898,0,8513323080.000,0,-,-,-,-,2859.2000,2859.0000,2858.8000,2858.6000,2858.4000,2859.8000,2860.0000,2860.4000,2860.6000,2861.2000,1,2,4,3,2,1,2,1,3,1
SF,IH2006,2020-06-17 11:01:32.700,2859.4000,17898,0,8513323080.000,0,-,-,-,-,2859.2000,2859.0000,2858.8000,2858.6000,2858.4000,2859.8000,2860.0000,2860.4000,2860.6000,2861.2000,2,2,3,3,2,3,1,1,3,1
SF,IH2006,2020-06-17 11:01:33.200,2859.4000,17898,0,8513323080.000,0,-,-,-,-,2859.2000,2859.0000,2858.8000,2858.6000,2858.4000,2859.8000,2860.0000,2860.4000,2860.6000,2861.2000,3,2,3,3,2,3,1,1,3,1
SF,IH2006,2020-06-17 11:01:33.700,2859.2000,17897,-1,8514180840.000,1,0,1,双平,B,2859.2000,2859.0000,2858.8000,2858.6000,2858.4000,2859.8000,2860.0000,2860.4000,2860.6000,2861.2000,2,2,3,3,2,3,1,1,3,1
SF,IH2006,2020-06-17 11:01:34.200,2859.8000,17896,-1,8515038780.000,1,0,1,双平,B,2859.2000,2859.0000,2858.8000,2858.6000,2858.4000,2859.8000,2860.0000,2860.4000,2860.6000,2861.2000,2,2,3,3,2,2,1,1,3,1
SF,IH2006,2020-06-17 11:01:35.200,2859.8000,17896,0,8515038780.000,0,-,-,-,-,2859.2000,2859.0000,2858.8000,2858.6000,2858.4000,2859.6000,2859.8000,2860.0000,2860.4000,2860.6000,2,2,3,3,2,1,2,1,1,3
SF,IH2006,2020-06-17 11:01:41.200,2859.8000,17896,0,8515038780.000,0,-,-,-,-,2859.2000,2859.0000,2858.8000,2858.6000,2858.4000,2859.6000,2859.8000,2860.0000,2860.4000,2860.6000,3,2,3,3,2,1,2,1,1,3
SF,IH2006,2020-06-17 11:01:42.200,2859.6000,17896,0,8515896660.000,1,0,1,空换,B,2859.2000,2859.0000,2858.8000,2858.6000,2858.4000,2859.8000,2860.0000,2860.4000,2860.6000,2861.2000,3,2,3,3,2,2,1,1,3,1
SF,IH2006,2020-06-17 11:01:43.200,2859.6000,17896,0,8515896660.000,0,-,-,-,-,2859.4000,2859.2000,2859.0000,2858.8000,2858.6000,2859.8000,2860.0000,2860.4000,2860.6000,2861.2000,1,3,2,3,3,2,1,1,3,1
SF,IH2006,2020-06-17 11:01:43.700,2859.8000,17896,0,8516754600.000,1,0,1,空换,B,2859.4000,2859.2000,2859.0000,2858.8000,2858.6000,2859.8000,2860.4000,2860.6000,2861.2000,2861.6000,1,3,2,3,3,1,1,3,1,2
SF,IH2006,2020-06-17 11:01:44.200,2859.8000,17896,0,8516754600.000,0,-,-,-,-,2859.4000,2859.2000,2859.0000,2858.8000,2858.6000,2859.8000,2860.4000,2860.6000,2861.2000,2861.6000,2,3,2,3,3,1,1,3,1,2
SF,IH2006,2020-06-17 11:01:44.700,2859.8000,17896,0,8516754600.000,0,-,-,-,-,2859.4000,2859.2000,2859.0000,2858.8000,2858.6000,2859.8000,2860.6000,2860.8000,2861.2000,2861.6000,2,3,2,3,3,1,3,1,1,2
SF,IH2006,2020-06-17 11:01:45.200,2859.8000,17896,0,8516754600.000,0,-,-,-,-,2859.4000,2859.2000,2859.0000,2858.8000,2858.6000,2859.8000,2860.2000,2860.6000,2860.8000,2861.2000,1,3,2,3,3,1,1,3,1,1
SF,IH2006,2020-06-17 11:01:45.700,2859.8000,17896,0,8516754600.000,0,-,-,-,-,2859.4000,2859.2000,2859.0000,2858.8000,2858.6000,2859.8000,2860.2000,2860.6000,2860.8000,2861.2000,1,3,2,3,3,2,1,3,1,1
SF,IH2006,2020-06-17 11:01:46.200,2859.8000,17896,0,8516754600.000,0,-,-,-,-,2859.4000,2859.2000,2859.0000,2858.8000,2858.6000,2859.6000,2859.8000,2860.2000,2860.6000,2860.8000,1,3,2,3,3,1,2,1,3,1
SF,IH2006,2020-06-17 11:01:46.700,2859.8000,17896,0,8516754600.000,0,-,-,-,-,2859.4000,2859.2000,2859.0000,2858.8000,2858.6000,2859.6000,2859.8000,2860.2000,2860.6000,2860.8000,1,3,2,3,3,1,1,1,3,1
SF,IH2006,2020-06-17 11:01:47.200,2859.8000,17895,-1,8518470480.000,2,0,2,空平,B,2859.8000,2859.4000,2859.2000,2859.0000,2858.8000,2860.2000,2860.6000,2860.8000,2861.2000,2861.6000,2,1,2,2,3,1,3,1,1,2
SF,IH2006,2020-06-17 11:01:47.700,2859.8000,17893,-2,8520186360.000,2,0,2,双平,B,2859.4000,2859.2000,2859.0000,2858.8000,2858.6000,2859.8000,2860.0000,2860.2000,2860.6000,2860.8000,1,1,2,3,3,12,16,2,3,1
SF,IH2006,2020-06-17 11:01:48.200,2859.8000,17893,0,8521044300.000,1,0,1,空换,B,2859.4000,2859.2000,2859.0000,2858.8000,2858.6000,2859.8000,2860.0000,2860.2000,2860.6000,2860.8000,1,1,2,3,3,1,14,2,3,1
SF,IH2006,2020-06-17 11:01:48.700,2859.8000,17893,0,8521044300.000,0,-,-,-,-,2859.4000,2859.2000,2859.0000,2858.8000,2858.6000,2859.6000,2859.8000,2860.0000,2860.2000,2860.6000,1,1,2,3,3,1,2,13,2,3
SF,IH2006,2020-06-17 11:01:49.200,2859.8000,17893,0,8521044300.000,0,-,-,-,-,2859.4000,2859.2000,2859.0000,2858.8000,2858.6000,2859.6000,2859.8000,2860.0000,2860.2000,2860.6000,1,1,2,4,3,1,1,8,2,3
SF,IH2006,2020-06-17 11:01:49.700,2859.8000,17893,0,8521044300.000,0,-,-,-,-,2859.4000,2859.2000,2859.0000,2858.8000,2858.6000,2859.6000,2859.8000,2860.0000,2860.2000,2860.6000,1,1,2,4,4,1,1,7,2,3
SF,IH2006,2020-06-17 11:01:50.200,2859.8000,17893,0,8521044300.000,0,-,-,-,-,2859.4000,2859.2000,2859.0000,2858.8000,2858.6000,2859.6000,2859.8000,2860.0000,2860.2000,2860.6000,1,1,2,4,4,1,1,7,1,3
SF,IH2006,2020-06-17 11:01:50.700,2859.4000,17892,-1,8521902120.000,1,0,1,双平,B,2859.2000,2859.0000,2858.8000,2858.6000,2858.4000,2859.6000,2859.8000,2860.0000,2860.2000,2860.6000,1,2,4,4,2,1,1,6,1,3
SF,IH2006,2020-06-17 11:01:52.700,2859.6000,17891,-1,8522760000.000,1,0,1,双平,B,2859.4000,2859.2000,2859.0000,2858.8000,2858.6000,2859.8000,2860.0000,2860.2000,2860.6000,2860.8000,1,1,2,4,4,1,6,1,3,1
SF,IH2006,2020-06-17 11:01:53.200,2859.6000,17891,0,8522760000.000,0,-,-,-,-,2859.4000,2859.2000,2859.0000,2858.8000,2858.6000,2859.8000,2860.0000,2860.2000,2860.6000,2860.8000,1,1,2,4,4,3,6,1,3,1
SF,IH2006,2020-06-17 11:01:53.700,2859.6000,17891,0,8522760000.000,0,-,-,-,-,2859.4000,2859.2000,2859.0000,2858.8000,2858.6000,2859.6000,2859.8000,2860.0000,2860.2000,2860.6000,1,1,2,4,4,1,3,6,1,3
SF,IH2006,2020-06-17 11:01:54.200,2859.6000,17891,0,8522760000.000,0,-,-,-,-,2859.4000,2859.2000,2859.0000,2858.8000,2858.6000,2859.6000,2859.8000,2860.0000,2860.2000,2860.6000,1,1,2,4,4,1,2,6,1,3
SF,IH2006,2020-06-17 11:01:55.200,2859.6000,17890,-1,8523617880.000,1,0,1,双平,B,2859.4000,2859.2000,2859.0000,2858.8000,2858.6000,2859.8000,2860.0000,2860.2000,2860.6000,2860.8000,1,1,2,4,4,2,6,1,3,1
SF,IH2006,2020-06-17 11:01:55.700,2859.4000,17889,-1,8524475700.000,1,0,1,双平,B,2859.2000,2859.0000,2858.8000,2858.6000,2858.4000,2859.6000,2860.0000,2860.2000,2860.6000,2860.8000,1,2,4,4,2,1,6,1,3,1
SF,IH2006,2020-06-17 11:01:56.200,2859.4000,17889,0,8524475700.000,0,-,-,-,-,2859.2000,2859.0000,2858.8000,2858.6000,2858.4000,2859.6000,2860.0000,2860.2000,2860.6000,2860.8000,1,2,4,4,2,2,6,1,3,1
SF,IH2006,2020-06-17 11:01:56.700,2859.4000,17889,0,8524475700.000,0,-,-,-,-,2859.2000,2859.0000,2858.8000,2858.6000,2858.4000,2859.4000,2859.6000,2860.0000,2860.2000,2860.6000,2,2,4,4,2,1,1,6,1,3
SF,IH2006,2020-06-17 11:01:57.200,2859.4000,17889,0,8524475700.000,0,-,-,-,-,2859.2000,2859.0000,2858.8000,2858.6000,2858.4000,2859.4000,2859.6000,2860.0000,2860.2000,2860.6000,2,2,4,4,2,1,3,6,1,3
SF,IH2006,2020-06-17 11:01:57.700,2859.4000,17889,0,8524475700.000,0,-,-,-,-,2859.2000,2859.0000,2858.8000,2858.6000,2858.4000,2859.4000,2859.6000,2860.0000,2860.2000,2860.6000,2,2,3,4,2,2,3,5,1,3
SF,IH2006,2020-06-17 11:01:58.200,2859.4000,17889,0,8524475700.000,0,-,-,-,-,2859.2000,2859.0000,2858.8000,2858.6000,2858.4000,2859.4000,2859.6000,2860.0000,2860.2000,2860.6000,1,2,3,4,2,2,3,5,1,3
SF,IH2006,2020-06-17 11:01:58.700,2859.4000,17889,0,8524475700.000,0,-,-,-,-,2859.2000,2859.0000,2858.8000,2858.6000,2858.4000,2859.4000,2859.6000,2860.0000,2860.2000,2860.6000,2,2,3,4,2,2,3,5,1,3
SF,IH2006,2020-06-17 11:01:59.200,2859.4000,17888,-1,8526191340.000,2,0,2,空平,B,2859.2000,2859.0000,2858.8000,2858.6000,2858.4000,2859.6000,2860.0000,2860.2000,2860.6000,2860.8000,2,2,3,4,2,2,5,1,3,1
SF,IH2006,2020-06-17 11:02:02.200,2859.6000,17886,-2,8527907100.000,2,0,2,双平,B,2859.2000,2859.0000,2858.8000,2858.6000,2858.4000,2860.0000,2860.2000,2860.6000,2860.8000,2861.2000,2,2,3,4,2,5,1,3,1,1
SF,IH2006,2020-06-17 11:02:02.700,2859.6000,17886,0,8527907100.000,0,-,-,-,-,2859.4000,2859.2000,2859.0000,2858.8000,2858.6000,2860.0000,2860.2000,2860.6000,2860.8000,2861.2000,1,2,2,3,4,5,1,3,1,1
SF,IH2006,2020-06-17 11:02:03.200,2859.6000,17886,0,8527907100.000,0,-,-,-,-,2859.4000,2859.2000,2859.0000,2858.8000,2858.6000,2859.8000,2860.0000,2860.2000,2860.6000,2860.8000,2,2,2,3,4,1,5,1,3,1
SF,IH2006,2020-06-17 11:02:04.200,2859.4000,17887,1,8528764920.000,1,1,0,双开,B,2859.4000,2859.2000,2859.0000,2858.8000,2858.6000,2859.8000,2860.0000,2860.2000,2860.6000,2860.8000,1,2,2,3,4,1,5,1,3,1
SF,IH2006,2020-06-17 11:02:04.700,2859.4000,17887,0,8528764920.000,0,-,-,-,-,2859.4000,2859.2000,2859.0000,2858.8000,2858.6000,2859.8000,2860.0000,2860.2000,2860.6000,2860.8000,2,2,2,3,4,1,5,1,3,1
SF,IH2006,2020-06-17 11:02:07.200,2859.4000,17888,1,8529622740.000,1,1,0,双开,B,2859.4000,2859.2000,2859.0000,2858.8000,2858.6000,2859.8000,2860.0000,2860.2000,2860.6000,2860.8000,1,2,2,3,4,4,5,1,3,1
SF,IH2006,2020-06-17 11:02:07.700,2859.4000,17888,0,8529622740.000,0,-,-,-,-,2859.4000,2859.2000,2859.0000,2858.8000,2858.6000,2859.8000,2860.0000,2860.2000,2860.6000,2860.8000,1,2,2,3,4,5,5,1,3,1
SF,IH2006,2020-06-17 11:02:08.200,2859.4000,17888,0,8529622740.000,0,-,-,-,-,2859.2000,2859.0000,2858.8000,2858.6000,2858.4000,2859.8000,2860.0000,2860.2000,2860.6000,2860.8000,2,2,3,4,2,5,5,1,3,1
SF,IH2006,2020-06-17 11:02:09.200,2859.4000,17888,0,8529622740.000,0,-,-,-,-,2859.2000,2859.0000,2858.8000,2858.6000,2858.4000,2859.8000,2860.0000,2860.2000,2860.6000,2860.8000,2,2,3,4,2,6,5,1,3,1
SF,IH2006,2020-06-17 11:02:11.200,2859.4000,17888,0,8529622740.000,0,-,-,-,-,2859.2000,2859.0000,2858.8000,2858.6000,2858.4000,2859.6000,2859.8000,2860.0000,2860.2000,2860.6000,2,2,3,4,2,1,6,5,1,3
SF,IH2006,2020-06-17 11:02:11.700,2859.4000,17888,0,8529622740.000,0,-,-,-,-,2859.2000,2859.0000,2858.8000,2858.6000,2858.4000,2859.4000,2859.6000,2859.8000,2860.0000,2860.2000,2,2,3,4,2,1,1,4,5,1
SF,IH2006,2020-06-17 11:02:12.200,2859.6000,17887,-1,8532196320.000,3,1,2,空平,B,2859.4000,2859.2000,2859.0000,2858.8000,2858.6000,2859.8000,2860.0000,2860.2000,2860.6000,2860.8000,1,2,2,3,4,4,5,1,3,1
SF,IH2006,2020-06-17 11:02:12.700,2859.6000,17887,0,8532196320.000,0,-,-,-,-,2859.4000,2859.2000,2859.0000,2858.8000,2858.6000,2859.8000,2860.0000,2860.2000,2860.6000,2860.8000,1,2,2,3,4,4,5,1,3,1
SF,IH2006,2020-06-17 11:02:13.200,2859.8000,17886,-1,8533054260.000,1,0,1,双平,B,2859.4000,2859.2000,2859.0000,2858.8000,2858.6000,2859.6000,2859.8000,2860.0000,2860.2000,2860.6000,1,2,2,3,4,1,3,5,1,3
SF,IH2006,2020-06-17 11:02:14.200,2859.8000,17886,0,8533054260.000,0,-,-,-,-,2859.4000,2859.2000,2859.0000,2858.8000,2858.6000,2859.6000,2859.8000,2860.0000,2860.2000,2860.6000,1,2,2,3,4,1,6,5,1,3
SF,IH2006,2020-06-17 11:02:16.700,2859.4000,17887,1,8533912080.000,1,1,0,双开,B,2859.2000,2859.0000,2858.8000,2858.6000,2858.4000,2859.4000,2859.6000,2859.8000,2860.0000,2860.2000,2,2,3,4,2,1,1,6,5,1
SF,IH2006,2020-06-17 11:02:17.200,2859.2000,17886,-1,8535627600.000,2,0,2,空平,B,2859.0000,2858.8000,2858.6000,2858.4000,2858.2000,2859.2000,2859.4000,2859.8000,2860.0000,2860.2000,2,3,4,2,2,1,1,6,5,1
SF,IH2006,2020-06-17 11:02:17.700,2859.0000,17887,1,8539916100.000,5,3,2,多开,B,2858.8000,2858.6000,2858.4000,2858.2000,2858.0000,2859.0000,2859.2000,2859.8000,2860.0000,2860.2000,1,4,2,2,1,1,1,6,5,1
SF,IH2006,2020-06-17 11:02:18.200,2859.8000,17884,-3,8543347320.000,4,0,4,空平,B,2858.6000,2858.4000,2858.2000,2858.0000,2857.4000,2859.8000,2860.0000,2860.2000,2860.6000,2860.8000,4,2,2,1,3,4,5,1,3,1
SF,IH2006,2020-06-17 11:02:18.700,2859.8000,17884,0,8543347320.000,0,-,-,-,-,2858.8000,2858.6000,2858.4000,2858.2000,2858.0000,2859.4000,2859.6000,2859.8000,2860.0000,2860.6000,1,3,2,2,1,3,11,4,5,3
SF,IH2006,2020-06-17 11:02:19.200,2859.8000,17884,0,8543347320.000,0,-,-,-,-,2858.8000,2858.6000,2858.4000,2858.2000,2858.0000,2859.4000,2859.6000,2859.8000,2860.0000,2860.6000,1,3,2,2,1,3,5,5,5,3
SF,IH2006,2020-06-17 11:02:19.700,2859.0000,17884,0,8545062720.000,2,1,1,空换,B,2858.8000,2858.6000,2858.4000,2858.2000,2858.0000,2859.2000,2859.4000,2859.6000,2859.8000,2860.0000,1,3,2,2,1,1,4,4,5,6
SF,IH2006,2020-06-17 11:02:20.200,2859.4000,17883,-1,8546778300.000,2,0,2,空平,B,2858.6000,2858.4000,2858.2000,2858.0000,2857.4000,2859.4000,2859.6000,2859.8000,2860.0000,2860.6000,3,2,2,1,3,3,4,5,6,3
SF,IH2006,2020-06-17 11:02:20.700,2859.4000,17883,0,8546778300.000,0,-,-,-,-,2858.6000,2858.4000,2858.2000,2858.0000,2857.4000,2858.8000,2859.2000,2859.4000,2859.6000,2859.8000,3,2,2,1,3,1,1,3,2,5
SF,IH2006,2020-06-17 11:02:21.200,2859.4000,17883,0,8546778300.000,0,-,-,-,-,2858.8000,2858.6000,2858.4000,2858.2000,2858.0000,2859.2000,2859.4000,2859.6000,2859.8000,2860.0000,6,3,2,2,1,2,4,1,4,5
SF,IH2006,2020-06-17 11:02:21.700,2859.4000,17883,0,8546778300.000,0,-,-,-,-,2858.8000,2858.6000,2858.4000,2858.2000,2858.0000,2859.2000,2859.4000,2859.6000,2859.8000,2860.0000,3,3,2,2,1,2,3,1,4,5
SF,IH2006,2020-06-17 11:02:23.700,2859.4000,17883,0,8546778300.000,0,-,-,-,-,2859.0000,2858.8000,2858.6000,2858.4000,2858.2000,2859.2000,2859.4000,2859.6000,2859.8000,2860.0000,1,2,3,2,2,2,3,1,4,5
SF,IH2006,2020-06-17 11:02:24.700,2859.4000,17883,0,8546778300.000,0,-,-,-,-,2859.0000,2858.8000,2858.6000,2858.4000,2858.2000,2859.2000,2859.4000,2859.6000,2859.8000,2860.0000,1,2,3,2,2,1,3,2,4,5
SF,IH2006,2020-06-17 11:02:25.200,2859.0000,17884,1,8547636000.000,1,1,0,双开,B,2858.8000,2858.6000,2858.4000,2858.2000,2858.0000,2859.2000,2859.4000,2859.6000,2859.8000,2860.0000,2,3,2,2,1,1,3,2,4,5
SF,IH2006,2020-06-17 11:02:26.200,2859.2000,17884,0,8548493760.000,1,0,1,空换,B,2858.8000,2858.6000,2858.4000,2858.2000,2858.0000,2859.4000,2859.6000,2859.8000,2860.0000,2860.6000,2,3,2,2,1,3,2,4,5,3
SF,IH2006,2020-06-17 11:02:26.700,2859.2000,17884,0,8548493760.000,0,-,-,-,-,2858.8000,2858.6000,2858.4000,2858.2000,2858.0000,2859.4000,2859.6000,2859.8000,2860.0000,2860.6000,5,3,2,2,1,3,1,4,5,3
SF,IH2006,2020-06-17 11:02:27.200,2859.2000,17884,0,8548493760.000,0,-,-,-,-,2858.8000,2858.6000,2858.4000,2858.2000,2858.0000,2859.2000,2859.4000,2859.6000,2859.8000,2860.0000,5,3,2,2,1,1,2,1,4,5
SF,IH2006,2020-06-17 11:02:28.200,2859.2000,17884,0,8548493760.000,0,-,-,-,-,2859.0000,2858.8000,2858.6000,2858.4000,2858.2000,2859.2000,2859.4000,2859.6000,2859.8000,2860.0000,1,5,3,2,2,1,2,1,4,5
SF,IH2006,2020-06-17 11:02:28.700,2859.2000,17884,0,8548493760.000,0,-,-,-,-,2859.0000,2858.8000,2858.6000,2858.4000,2858.2000,2859.4000,2859.6000,2859.8000,2860.0000,2860.6000,1,5,3,2,2,2,1,4,6,3
SF,IH2006,2020-06-17 11:02:29.200,2859.0000,17883,-1,8550209220.000,2,0,2,空平,B,2858.8000,2858.6000,2858.4000,2858.2000,2858.0000,2859.0000,2859.4000,2859.6000,2859.8000,2860.0000,5,3,3,2,1,10,3,1,4,6
SF,IH2006,2020-06-17 11:02:29.700,2859.0000,17883,0,8550209220.000,0,-,-,-,-,2858.8000,2858.6000,2858.4000,2858.2000,2858.0000,2859.0000,2859.4000,2859.6000,2859.8000,2860.0000,5,3,3,2,3,10,3,1,4,6
SF,IH2006,2020-06-17 11:02:30.700,2859.0000,17883,0,8550209220.000,0,-,-,-,-,2858.8000,2858.6000,2858.4000,2858.2000,2858.0000,2859.0000,2859.4000,2859.6000,2859.8000,2860.0000,6,3,3,2,3,10,3,1,4,6
SF,IH2006,2020-06-17 11:02:31.700,2859.0000,17883,0,8550209220.000,0,-,-,-,-,2858.8000,2858.6000,2858.4000,2858.2000,2858.0000,2859.0000,2859.4000,2859.6000,2859.8000,2860.0000,4,3,3,2,3,10,3,1,4,6
SF,IH2006,2020-06-17 11:02:32.200,2858.8000,17881,-2,8554497420.000,5,1,4,空平,B,2858.6000,2858.4000,2858.2000,2858.0000,2857.4000,2858.8000,2859.4000,2859.6000,2859.8000,2860.0000,3,3,2,3,3,7,3,1,4,6
SF,IH2006,2020-06-17 11:02:32.700,2858.6000,17881,0,8555355000.000,1,0,1,空换,B,2858.6000,2858.4000,2858.2000,2858.0000,2857.4000,2858.8000,2859.4000,2859.6000,2859.8000,2860.0000,2,3,2,3,3,7,1,1,4,6
SF,IH2006,2020-06-17 11:02:33.200,2858.8000,17881,0,8556212640.000,1,0,1,空换,B,2858.6000,2858.4000,2858.2000,2858.0000,2857.4000,2858.8000,2859.4000,2859.6000,2859.8000,2860.0000,2,3,2,3,3,6,1,1,4,6
SF,IH2006,2020-06-17 11:02:34.700,2858.8000,17879,-2,8557927860.000,2,0,2,双平,B,2858.6000,2858.4000,2858.2000,2858.0000,2857.4000,2858.8000,2859.4000,2859.6000,2859.8000,2860.0000,1,3,2,3,3,5,1,1,4,6
SF,IH2006,2020-06-17 11:02:35.200,2858.6000,17878,-1,8558785440.000,1,0,1,双平,B,2858.4000,2858.2000,2858.0000,2857.4000,2857.2000,2858.6000,2859.4000,2859.6000,2859.8000,2860.0000,3,2,3,3,3,5,1,1,1,6
SF,IH2006,2020-06-17 11:02:35.700,2858.6000,17878,0,8559643020.000,1,0,1,空换,B,2858.4000,2858.2000,2858.0000,2857.4000,2857.2000,2858.6000,2859.4000,2859.6000,2859.8000,2860.0000,3,2,3,3,3,4,1,1,1,6
SF,IH2006,2020-06-17 11:02:36.200,2858.6000,17875,-3,8563073340.000,4,0,4,空平,B,2858.4000,2858.2000,2858.0000,2857.4000,2857.2000,2858.6000,2859.4000,2859.6000,2859.8000,2860.0000,3,2,3,3,3,1,1,1,1,6
SF,IH2006,2020-06-17 11:02:36.700,2858.6000,17875,0,8563930920.000,1,0,1,空换,B,2858.6000,2858.4000,2858.2000,2858.0000,2857.4000,2859.4000,2859.6000,2859.8000,2860.0000,2860.6000,2,3,2,3,3,1,1,1,6,3
SF,IH2006,2020-06-17 11:02:37.200,2858.6000,17875,0,8563930920.000,0,-,-,-,-,2858.8000,2858.6000,2858.4000,2858.2000,2858.0000,2859.2000,2859.4000,2859.6000,2859.8000,2860.0000,1,2,3,2,3,10,1,1,1,6
SF,IH2006,2020-06-17 11:02:37.700,2858.8000,17875,0,8564788560.000,1,0,1,空换,B,2858.6000,2858.4000,2858.2000,2858.0000,2857.4000,2859.2000,2859.4000,2859.6000,2859.8000,2860.0000,2,3,2,3,3,10,1,1,1,6
SF,IH2006,2020-06-17 11:02:38.200,2858.8000,17875,0,8564788560.000,0,-,-,-,-,2858.6000,2858.4000,2858.2000,2858.0000,2857.4000,2859.2000,2859.4000,2859.6000,2859.8000,2860.0000,3,3,2,3,3,10,1,1,1,6
SF,IH2006,2020-06-17 11:02:39.200,2858.6000,17874,-1,8567361300.000,3,1,2,空平,B,2858.4000,2858.2000,2858.0000,2857.4000,2857.2000,2858.6000,2859.2000,2859.4000,2859.6000,2859.8000,3,2,3,3,3,9,7,1,1,1
SF,IH2006,2020-06-17 11:02:39.700,2858.6000,17866,-8,8575937100.000,10,1,9,空平,B,2858.6000,2858.4000,2858.2000,2858.0000,2857.4000,2859.2000,2859.4000,2859.6000,2859.8000,2860.0000,5,4,2,3,3,7,1,1,1,6
SF,IH2006,2020-06-17 11:02:40.200,2858.4000,17864,-2,8578509660.000,3,0,3,空平,B,2858.4000,2858.2000,2858.0000,2857.4000,2857.2000,2859.0000,2859.2000,2859.4000,2859.8000,2860.0000,1,2,3,3,3,1,6,1,1,6
SF,IH2006,2020-06-17 11:02:40.700,2859.0000,17864,0,8580225000.000,2,1,1,空换,B,2858.4000,2858.2000,2858.0000,2857.4000,2857.2000,2859.2000,2859.4000,2859.8000,2860.0000,2860.6000,1,2,3,3,3,6,1,1,6,3
SF,IH2006,2020-06-17 11:02:41.200,2859.0000,17864,0,8580225000.000,0,-,-,-,-,2858.8000,2858.6000,2858.4000,2858.2000,2858.0000,2859.2000,2859.4000,2859.8000,2860.0000,2860.6000,1,1,1,2,3,6,1,1,6,3
SF,IH2006,2020-06-17 11:02:41.700,2858.8000,17864,0,8581082640.000,1,0,1,空换,B,2858.6000,2858.4000,2858.2000,2858.0000,2857.4000,2859.0000,2859.2000,2859.4000,2859.8000,2860.0000,1,1,2,3,3,1,6,1,1,6
SF,IH2006,2020-06-17 11:02:42.200,2858.8000,17864,0,8581082640.000,0,-,-,-,-,2858.6000,2858.4000,2858.2000,2858.0000,2857.4000,2859.0000,2859.2000,2859.4000,2859.8000,2860.0000,1,1,2,3,3,2,6,1,1,6
SF,IH2006,2020-06-17 11:02:42.700,2858.8000,17864,0,8581082640.000,0,-,-,-,-,2858.6000,2858.4000,2858.2000,2858.0000,2857.4000,2859.0000,2859.2000,2859.4000,2859.8000,2860.0000,1,1,2,3,3,3,7,1,1,6
SF,IH2006,2020-06-17 11:02:43.200,2858.8000,17864,0,8581082640.000,0,-,-,-,-,2858.6000,2858.4000,2858.2000,2858.0000,2857.4000,2859.0000,2859.2000,2859.4000,2859.8000,2860.0000,1,1,2,3,3,4,7,1,1,6
SF,IH2006,2020-06-17 11:02:43.700,2858.6000,17864,0,8581940220.000,1,0,1,空换,B,2858.8000,2858.4000,2858.2000,2858.0000,2857.4000,2859.0000,2859.2000,2859.4000,2859.8000,2860.0000,1,1,2,3,3,4,7,1,1,6
SF,IH2006,2020-06-17 11:02:44.200,2858.8000,17863,-1,8582797860.000,1,0,1,双平,B,2858.2000,2858.0000,2857.4000,2857.2000,2857.0000,2858.6000,2858.8000,2859.0000,2859.2000,2859.4000,2,3,3,3,1,7,20,4,3,1
SF,IH2006,2020-06-17 11:02:44.700,2858.8000,17863,0,8582797860.000,0,-,-,-,-,2858.2000,2858.0000,2857.4000,2857.2000,2857.0000,2858.4000,2858.6000,2858.8000,2859.0000,2859.2000,2,3,3,3,1,1,1,16,2,3
SF,IH2006,2020-06-17 11:02:45.200,2858.4000,17864,1,8583655380.000,1,1,0,双开,B,2858.4000,2858.2000,2858.0000,2857.4000,2857.2000,2858.6000,2858.8000,2859.0000,2859.2000,2859.4000,3,2,3,3,3,1,16,2,3,1
SF,IH2006,2020-06-17 11:02:45.700,2858.4000,17864,0,8583655380.000,0,-,-,-,-,2858.4000,2858.2000,2858.0000,2857.4000,2857.2000,2858.6000,2858.8000,2859.0000,2859.2000,2859.4000,2,2,3,3,3,1,12,2,3,1
SF,IH2006,2020-06-17 11:02:46.200,2858.4000,17864,0,8583655380.000,0,-,-,-,-,2858.2000,2858.0000,2857.4000,2857.2000,2857.0000,2858.6000,2858.8000,2859.0000,2859.2000,2859.4000,2,3,3,3,1,2,8,2,3,1
SF,IH2006,2020-06-17 11:02:46.700,2858.4000,17864,0,8583655380.000,0,-,-,-,-,2858.2000,2858.0000,2857.4000,2857.2000,2857.0000,2858.6000,2858.8000,2859.0000,2859.2000,2859.4000,2,3,3,3,1,7,9,2,3,1
SF,IH2006,2020-06-17 11:02:47.200,2858.4000,17864,0,8583655380.000,0,-,-,-,-,2858.2000,2858.0000,2857.4000,2857.2000,2857.0000,2858.6000,2858.8000,2859.0000,2859.2000,2859.4000,2,3,3,3,1,7,8,2,3,1
SF,IH2006,2020-06-17 11:02:48.200,2858.4000,17864,0,8583655380.000,0,-,-,-,-,2858.2000,2858.0000,2857.4000,2857.2000,2857.0000,2858.6000,2858.8000,2859.0000,2859.2000,2859.4000,2,3,3,3,1,7,7,2,3,1
SF,IH2006,2020-06-17 11:02:48.700,2858.6000,17864,0,8584512960.000,1,0,1,空换,B,2858.2000,2858.0000,2857.4000,2857.2000,2857.0000,2858.6000,2858.8000,2859.0000,2859.2000,2859.4000,2,3,3,3,1,6,7,2,3,1
SF,IH2006,2020-06-17 11:02:49.200,2858.6000,17858,-6,8589658440.000,6,0,6,双平,B,2858.2000,2858.0000,2857.4000,2857.2000,2857.0000,2858.8000,2859.0000,2859.2000,2859.4000,2859.8000,3,3,3,3,1,7,2,3,1,1
SF,IH2006,2020-06-17 11:02:49.700,2858.6000,17858,0,8589658440.000,0,-,-,-,-,2858.4000,2858.2000,2858.0000,2857.4000,2857.2000,2858.8000,2859.0000,2859.2000,2859.4000,2859.8000,1,3,3,3,3,7,2,3,1,1
SF,IH2006,2020-06-17 11:02:51.200,2858.6000,17858,0,8589658440.000,0,-,-,-,-,2858.4000,2858.2000,2858.0000,2857.4000,2857.2000,2858.8000,2859.0000,2859.2000,2859.4000,2859.8000,1,3,3,3,3,7,2,3,1,1
SF,IH2006,2020-06-17 11:02:51.700,2858.6000,17858,0,8589658440.000,0,-,-,-,-,2858.4000,2858.2000,2858.0000,2857.4000,2857.2000,2858.8000,2859.0000,2859.2000,2859.4000,2859.8000,1,3,3,3,3,8,2,3,1,1
SF,IH2006,2020-06-17 11:02:52.700,2858.6000,17858,0,8589658440.000,0,-,-,-,-,2858.4000,2858.2000,2858.0000,2857.4000,2857.2000,2858.8000,2859.0000,2859.2000,2859.4000,2859.8000,1,3,3,3,3,8,2,3,1,1
SF,IH2006,2020-06-17 11:02:54.200,2858.6000,17858,0,8589658440.000,0,-,-,-,-,2858.4000,2858.2000,2858.0000,2857.4000,2857.2000,2858.8000,2859.0000,2859.2000,2859.4000,2859.8000,1,3,3,3,3,7,2,3,1,1
SF,IH2006,2020-06-17 11:02:54.700,2858.8000,17858,0,8590516080.000,1,0,1,空换,B,2858.4000,2858.2000,2858.0000,2857.4000,2857.2000,2858.8000,2859.0000,2859.2000,2859.4000,2859.8000,1,4,3,3,3,6,2,3,1,1
SF,IH2006,2020-06-17 11:02:55.200,2858.8000,17858,0,8590516080.000,0,-,-,-,-,2858.4000,2858.2000,2858.0000,2857.4000,2857.2000,2858.8000,2859.0000,2859.2000,2859.4000,2859.8000,1,4,3,3,3,8,2,3,1,1
SF,IH2006,2020-06-17 11:02:56.700,2858.8000,17858,0,8590516080.000,0,-,-,-,-,2858.4000,2858.2000,2858.0000,2857.4000,2857.2000,2858.8000,2859.0000,2859.2000,2859.4000,2859.8000,1,4,3,3,3,7,2,3,1,1
SF,IH2006,2020-06-17 11:02:57.200,2858.4000,17859,1,8591373600.000,1,1,0,双开,B,2858.2000,2858.0000,2857.4000,2857.2000,2857.0000,2858.4000,2858.8000,2859.0000,2859.2000,2859.4000,4,3,3,3,2,2,7,2,3,1
SF,IH2006,2020-06-17 11:02:57.700,2858.4000,17859,0,8591373600.000,0,-,-,-,-,2858.4000,2858.2000,2858.0000,2857.4000,2857.2000,2858.6000,2858.8000,2859.0000,2859.2000,2859.4000,3,4,3,3,3,1,6,2,3,1
SF,IH2006,2020-06-17 11:02:58.200,2858.4000,17859,0,8591373600.000,0,-,-,-,-,2858.4000,2858.2000,2858.0000,2857.4000,2857.2000,2858.6000,2858.8000,2859.0000,2859.2000,2859.4000,1,4,3,3,3,1,6,2,3,1
SF,IH2006,2020-06-17 11:02:58.700,2858.4000,17859,0,8591373600.000,0,-,-,-,-,2858.2000,2858.0000,2857.4000,2857.2000,2857.0000,2858.6000,2858.8000,2859.0000,2859.2000,2859.4000,4,3,3,3,2,1,6,2,3,1
SF,IH2006,2020-06-17 11:02:59.200,2858.4000,17859,0,8591373600.000,0,-,-,-,-,2858.2000,2858.0000,2857.4000,2857.2000,2857.0000,2858.6000,2858.8000,2859.0000,2859.2000,2859.4000,4,3,3,3,2,2,6,2,3,1
SF,IH2006,2020-06-17 11:02:59.700,2858.4000,17859,0,8591373600.000,0,-,-,-,-,2858.2000,2858.0000,2857.4000,2857.2000,2857.0000,2858.6000,2858.8000,2859.0000,2859.2000,2859.4000,4,3,3,3,2,2,6,2,2,1
SF,IH2006,2020-06-17 11:03:00.200,2858.4000,17859,0,8591373600.000,0,-,-,-,-,2858.2000,2858.0000,2857.4000,2857.2000,2857.0000,2858.6000,2858.8000,2859.0000,2859.2000,2859.4000,4,3,3,3,2,3,6,2,2,1
SF,IH2006,2020-06-17 11:03:03.700,2858.4000,17859,0,8591373600.000,0,-,-,-,-,2858.2000,2858.0000,2857.4000,2857.2000,2857.0000,2858.6000,2858.8000,2859.0000,2859.2000,2859.4000,4,3,3,3,2,4,6,2,2,1
SF,IH2006,2020-06-17 11:03:04.200,2858.4000,17859,0,8591373600.000,0,-,-,-,-,2858.2000,2858.0000,2857.4000,2857.2000,2857.0000,2858.6000,2858.8000,2859.0000,2859.2000,2859.4000,4,3,3,3,2,4,6,2,2,1
SF,IH2006,2020-06-17 11:03:04.700,2858.4000,17859,0,8591373600.000,0,-,-,-,-,2858.2000,2858.0000,2857.4000,2857.2000,2857.0000,2858.6000,2858.8000,2859.0000,2859.2000,2859.4000,4,3,3,3,2,5,6,2,2,1
SF,IH2006,2020-06-17 11:03:06.700,2858.4000,17859,0,8591373600.000,0,-,-,-,-,2858.2000,2858.0000,2857.4000,2857.2000,2857.0000,2858.6000,2858.8000,2859.0000,2859.2000,2859.4000,4,3,3,3,2,6,6,2,2,1
SF,IH2006,2020-06-17 11:03:07.700,2858.4000,17859,0,8591373600.000,0,-,-,-,-,2858.2000,2858.0000,2857.4000,2857.2000,2857.0000,2858.6000,2858.8000,2859.0000,2859.2000,2859.4000,5,3,3,3,2,4,6,2,2,1
SF,IH2006,2020-06-17 11:03:08.200,2858.6000,17859,0,8592231180.000,1,0,1,空换,B,2858.2000,2858.0000,2857.4000,2857.2000,2857.0000,2858.6000,2858.8000,2859.0000,2859.2000,2859.4000,9,3,3,3,2,2,6,2,2,1
SF,IH2006,2020-06-17 11:03:08.700,2858.6000,17858,-1,8593088760.000,1,0,1,双平,B,2858.2000,2858.0000,2857.4000,2857.2000,2857.0000,2858.6000,2858.8000,2859.0000,2859.2000,2859.4000,9,3,3,3,2,1,6,2,2,1
SF,IH2006,2020-06-17 11:03:10.200,2858.6000,17858,0,8593088760.000,0,-,-,-,-,2858.2000,2858.0000,2857.4000,2857.2000,2857.0000,2858.4000,2858.6000,2858.8000,2859.0000,2859.2000,9,3,3,3,2,1,1,6,2,2
SF,IH2006,2020-06-17 11:03:10.700,2858.2000,17856,-2,8597376120.000,5,1,4,空平,B,2858.4000,2858.2000,2858.0000,2857.4000,2857.2000,2858.8000,2859.0000,2859.2000,2859.4000,2859.8000,1,5,3,3,3,6,2,2,1,1
SF,IH2006,2020-06-17 11:03:11.200,2858.2000,17856,0,8597376120.000,0,-,-,-,-,2858.4000,2858.2000,2858.0000,2857.4000,2857.2000,2858.8000,2859.0000,2859.2000,2859.4000,2859.8000,1,5,3,3,3,7,2,2,1,1
SF,IH2006,2020-06-17 11:03:12.200,2858.2000,17856,0,8597376120.000,0,-,-,-,-,2858.4000,2858.2000,2858.0000,2857.4000,2857.2000,2858.8000,2859.0000,2859.2000,2859.4000,2859.8000,1,5,3,3,3,8,2,2,1,1
SF,IH2006,2020-06-17 11:03:13.200,2858.8000,17850,-6,8602521960.000,6,0,6,双平,B,2858.4000,2858.2000,2858.0000,2857.4000,2857.2000,2858.8000,2859.0000,2859.2000,2859.4000,2859.8000,1,5,3,3,3,2,2,2,1,1
SF,IH2006,2020-06-17 11:03:13.700,2858.8000,17850,0,8602521960.000,0,-,-,-,-,2858.4000,2858.2000,2858.0000,2857.4000,2857.2000,2858.6000,2858.8000,2859.0000,2859.2000,2859.4000,1,5,3,3,3,2,1,2,2,1
SF,IH2006,2020-06-17 11:03:14.200,2858.8000,17850,0,8602521960.000,0,-,-,-,-,2858.4000,2858.2000,2858.0000,2857.4000,2857.2000,2858.6000,2859.0000,2859.2000,2859.4000,2859.8000,1,5,3,3,3,2,2,2,1,1
SF,IH2006,2020-06-17 11:03:14.700,2858.8000,17850,0,8602521960.000,0,-,-,-,-,2858.4000,2858.2000,2858.0000,2857.4000,2857.2000,2858.6000,2859.0000,2859.2000,2859.4000,2859.8000,1,5,3,3,3,1,2,2,1,1
SF,IH2006,2020-06-17 11:03:15.700,2858.8000,17850,0,8602521960.000,0,-,-,-,-,2858.4000,2858.2000,2858.0000,2857.4000,2857.2000,2858.6000,2859.0000,2859.2000,2859.4000,2859.8000,1,5,3,3,3,1,2,2,1,1
SF,IH2006,2020-06-17 11:03:16.200,2858.8000,17850,0,8602521960.000,0,-,-,-,-,2858.4000,2858.2000,2858.0000,2857.4000,2857.2000,2858.6000,2859.0000,2859.2000,2859.4000,2859.8000,1,5,1,3,3,2,2,2,1,1
SF,IH2006,2020-06-17 11:03:16.700,2858.4000,17849,-1,8605094640.000,3,1,2,空平,B,2858.2000,2858.0000,2857.4000,2857.2000,2857.0000,2859.0000,2859.2000,2859.4000,2859.8000,2860.0000,5,1,3,3,2,2,2,1,1,2
SF,IH2006,2020-06-17 11:03:17.200,2858.4000,17849,0,8605094640.000,0,-,-,-,-,2858.2000,2858.0000,2857.4000,2857.2000,2857.0000,2858.8000,2859.0000,2859.2000,2859.4000,2859.8000,5,1,3,3,2,1,2,2,1,1
SF,IH2006,2020-06-17 11:03:17.700,2858.4000,17849,0,8605094640.000,0,-,-,-,-,2858.6000,2858.2000,2858.0000,2857.4000,2857.2000,2858.8000,2859.0000,2859.2000,2859.4000,2859.8000,1,5,1,3,3,1,2,2,1,1
SF,IH2006,2020-06-17 11:03:18.200,2858.6000,17849,0,8605952220.000,1,0,1,空换,B,2858.2000,2858.0000,2857.4000,2857.2000,2857.0000,2858.8000,2859.0000,2859.2000,2859.4000,2859.8000,5,1,3,3,2,1,2,2,1,1
SF,IH2006,2020-06-17 11:03:19.200,2858.2000,17844,-5,8610239520.000,5,0,5,双平,B,2858.0000,2857.4000,2857.2000,2857.0000,2856.6000,2858.2000,2858.8000,2859.0000,2859.2000,2859.4000,1,3,3,2,1,15,1,2,2,1
SF,IH2006,2020-06-17 11:03:19.700,2858.2000,17837,-7,8616241740.000,7,0,7,双平,B,2858.0000,2857.6000,2857.4000,2857.2000,2857.0000,2858.2000,2858.8000,2859.0000,2859.2000,2859.4000,1,1,3,4,2,8,1,2,2,1
SF,IH2006,2020-06-17 11:03:20.200,2857.8000,17832,-5,8624816160.000,10,2,8,空平,B,2857.6000,2857.4000,2857.2000,2857.0000,2856.6000,2858.8000,2859.0000,2859.2000,2859.4000,2859.8000,1,3,4,2,1,1,2,2,1,1
SF,IH2006,2020-06-17 11:03:20.700,2857.8000,17831,-1,8627388180.000,3,1,2,空平,B,2857.8000,2857.6000,2857.4000,2857.2000,2857.0000,2858.6000,2858.8000,2859.0000,2859.2000,2859.4000,7,3,3,4,2,1,1,2,2,1
SF,IH2006,2020-06-17 11:03:21.200,2857.8000,17831,0,8627388180.000,0,-,-,-,-,2858.2000,2858.0000,2857.8000,2857.6000,2857.4000,2858.6000,2858.8000,2859.0000,2859.2000,2859.4000,1,2,8,3,3,2,1,2,1,1
SF,IH2006,2020-06-17 11:03:22.200,2857.8000,17831,0,8627388180.000,0,-,-,-,-,2858.2000,2858.0000,2857.8000,2857.6000,2857.4000,2858.6000,2858.8000,2859.0000,2859.2000,2859.4000,1,2,4,3,3,2,1,2,1,1
SF,IH2006,2020-06-17 11:03:22.700,2857.8000,17831,0,8627388180.000,0,-,-,-,-,2858.0000,2857.8000,2857.6000,2857.4000,2857.2000,2858.6000,2858.8000,2859.0000,2859.2000,2859.4000,2,4,3,3,4,2,1,2,1,1
SF,IH2006,2020-06-17 11:03:23.200,2857.8000,17831,0,8627388180.000,0,-,-,-,-,2858.2000,2858.0000,2857.8000,2857.6000,2857.4000,2858.6000,2858.8000,2859.0000,2859.2000,2859.4000,4,2,4,3,3,1,1,2,1,1
SF,IH2006,2020-06-17 11:03:23.700,2857.8000,17831,0,8627388180.000,0,-,-,-,-,2858.2000,2858.0000,2857.8000,2857.6000,2857.4000,2858.6000,2858.8000,2859.0000,2859.2000,2859.4000,2,2,4,3,3,1,1,2,1,1
SF,IH2006,2020-06-17 11:03:24.700,2857.8000,17831,0,8627388180.000,0,-,-,-,-,2858.2000,2858.0000,2857.8000,2857.6000,2857.4000,2858.6000,2858.8000,2859.0000,2859.2000,2859.4000,1,2,4,3,3,1,1,2,1,1
SF,IH2006,2020-06-17 11:03:25.200,2857.8000,17831,0,8627388180.000,0,-,-,-,-,2858.2000,2858.0000,2857.8000,2857.6000,2857.4000,2858.6000,2858.8000,2859.0000,2859.2000,2859.4000,1,2,4,3,3,4,1,2,1,1
SF,IH2006,2020-06-17 11:03:25.700,2857.8000,17831,0,8627388180.000,0,-,-,-,-,2858.2000,2858.0000,2857.8000,2857.6000,2857.4000,2858.6000,2858.8000,2859.0000,2859.2000,2859.4000,1,2,5,3,3,5,1,2,1,1
SF,IH2006,2020-06-17 11:03:26.200,2857.8000,17831,0,8627388180.000,0,-,-,-,-,2858.4000,2858.2000,2857.8000,2857.6000,2857.4000,2858.6000,2858.8000,2859.0000,2859.2000,2859.4000,1,1,5,3,3,5,1,3,1,1
SF,IH2006,2020-06-17 11:03:26.700,2858.4000,17831,0,8628245700.000,1,0,1,空换,B,2858.2000,2857.8000,2857.6000,2857.4000,2857.2000,2858.6000,2858.8000,2859.0000,2859.2000,2859.4000,1,5,3,3,5,5,1,3,1,1
SF,IH2006,2020-06-17 11:03:27.200,2858.6000,17832,1,8629103280.000,1,1,0,双开,B,2858.2000,2857.8000,2857.6000,2857.4000,2857.2000,2858.6000,2858.8000,2859.0000,2859.2000,2859.4000,1,5,3,3,5,4,1,3,1,1
SF,IH2006,2020-06-17 11:03:27.700,2858.6000,17832,0,8629103280.000,0,-,-,-,-,2858.2000,2857.8000,2857.6000,2857.4000,2857.2000,2858.6000,2858.8000,2859.0000,2859.2000,2859.4000,1,5,3,3,5,3,1,3,1,1
SF,IH2006,2020-06-17 11:03:28.200,2858.6000,17832,0,8629103280.000,0,-,-,-,-,2857.8000,2857.6000,2857.4000,2857.2000,2857.0000,2858.6000,2858.8000,2859.0000,2859.2000,2859.4000,5,3,3,5,2,3,1,3,1,1
SF,IH2006,2020-06-17 11:03:28.700,2858.6000,17831,-1,8629960860.000,1,0,1,双平,B,2857.8000,2857.6000,2857.4000,2857.2000,2857.0000,2858.6000,2858.8000,2859.0000,2859.2000,2859.4000,5,3,3,5,2,3,1,3,1,1
SF,IH2006,2020-06-17 11:03:29.200,2858.6000,17831,0,8629960860.000,0,-,-,-,-,2858.0000,2857.8000,2857.6000,2857.4000,2857.2000,2858.6000,2858.8000,2859.0000,2859.2000,2859.4000,4,5,3,3,5,3,1,3,1,1
SF,IH2006,2020-06-17 11:03:29.700,2858.6000,17831,0,8629960860.000,0,-,-,-,-,2858.0000,2857.8000,2857.6000,2857.4000,2857.2000,2858.6000,2858.8000,2859.0000,2859.2000,2859.4000,4,7,1,3,5,3,1,3,1,1
SF,IH2006,2020-06-17 11:03:30.200,2858.0000,17832,1,8633390820.000,4,2,2,多开,B,2858.0000,2857.8000,2857.6000,2857.4000,2857.2000,2858.6000,2858.8000,2859.0000,2859.2000,2859.4000,2,7,1,3,5,1,1,3,1,1
SF,IH2006,2020-06-17 11:03:30.700,2858.0000,17832,0,8633390820.000,0,-,-,-,-,2858.2000,2858.0000,2857.8000,2857.6000,2857.4000,2858.6000,2858.8000,2859.0000,2859.2000,2859.4000,3,2,7,1,3,1,1,3,1,1
SF,IH2006,2020-06-17 11:03:31.200,2858.0000,17832,0,8633390820.000,0,-,-,-,-,2858.4000,2858.2000,2858.0000,2857.8000,2857.6000,2858.6000,2858.8000,2859.0000,2859.2000,2859.4000,1,3,1,7,1,1,1,3,1,1
SF,IH2006,2020-06-17 11:03:31.700,2858.6000,17832,0,8634248400.000,1,0,1,空换,B,2858.6000,2858.4000,2858.2000,2858.0000,2857.8000,2858.8000,2859.0000,2859.2000,2859.4000,2859.8000,5,1,3,1,7,2,3,1,1,1
SF,IH2006,2020-06-17 11:03:32.200,2858.6000,17829,-3,8637678720.000,4,0,4,空平,B,2858.6000,2858.4000,2858.2000,2858.0000,2857.8000,2858.8000,2859.0000,2859.2000,2859.4000,2859.8000,1,1,3,1,6,2,3,1,1,1
SF,IH2006,2020-06-17 11:03:32.700,2858.6000,17829,0,8637678720.000,0,-,-,-,-,2858.6000,2858.4000,2858.2000,2858.0000,2857.8000,2858.8000,2859.0000,2859.2000,2859.4000,2859.8000,1,1,3,1,5,2,3,1,1,1
SF,IH2006,2020-06-17 11:03:33.200,2858.6000,17829,0,8637678720.000,0,-,-,-,-,2858.6000,2858.4000,2858.2000,2858.0000,2857.8000,2858.8000,2859.0000,2859.2000,2859.4000,2859.8000,1,1,3,1,5,1,3,1,1,1
SF,IH2006,2020-06-17 11:03:34.200,2858.6000,17829,0,8637678720.000,0,-,-,-,-,2858.6000,2858.4000,2858.2000,2858.0000,2857.8000,2858.8000,2859.0000,2859.2000,2859.4000,2859.8000,1,1,3,2,5,1,3,1,1,1
SF,IH2006,2020-06-17 11:03:34.700,2858.6000,17829,0,8637678720.000,0,-,-,-,-,2858.6000,2858.4000,2858.2000,2858.0000,2857.8000,2858.8000,2859.0000,2859.2000,2859.4000,2859.8000,1,1,3,1,5,1,3,1,1,1
SF,IH2006,2020-06-17 11:03:35.200,2858.6000,17829,0,8637678720.000,0,-,-,-,-,2858.6000,2858.4000,2858.2000,2858.0000,2857.8000,2858.8000,2859.0000,2859.2000,2859.4000,2859.8000,2,1,3,1,5,1,2,1,1,1
SF,IH2006,2020-06-17 11:03:35.700,2858.8000,17828,-1,8638536360.000,1,0,1,双平,B,2858.8000,2858.6000,2858.4000,2858.2000,2858.0000,2859.0000,2859.2000,2859.4000,2859.8000,2860.0000,1,2,1,3,1,1,1,1,1,2
SF,IH2006,2020-06-17 11:03:36.200,2858.8000,17828,0,8638536360.000,0,-,-,-,-,2858.8000,2858.6000,2858.4000,2858.2000,2858.0000,2859.0000,2859.4000,2859.8000,2860.0000,2860.2000,3,1,1,3,1,1,1,1,2,1
SF,IH2006,2020-06-17 11:03:36.700,2859.0000,17827,-1,8639394060.000,1,0,1,双平,B,2858.8000,2858.6000,2858.4000,2858.2000,2858.0000,2859.4000,2859.8000,2860.0000,2860.2000,2860.4000,3,1,1,3,1,1,1,2,1,1
SF,IH2006,2020-06-17 11:03:37.200,2859.8000,17826,-1,8640252000.000,1,0,1,双平,B,2858.8000,2858.6000,2858.4000,2858.2000,2858.0000,2859.8000,2860.0000,2860.2000,2860.4000,2861.2000,3,1,1,3,1,1,2,1,1,1
SF,IH2006,2020-06-17 11:03:37.700,2859.8000,17825,-1,8641109940.000,1,0,1,双平,B,2859.0000,2858.8000,2858.6000,2858.2000,2858.0000,2859.6000,2859.8000,2860.0000,2860.2000,2860.4000,4,2,1,3,1,5,2,2,1,1
SF,IH2006,2020-06-17 11:03:38.200,2859.8000,17825,0,8641109940.000,0,-,-,-,-,2859.0000,2858.8000,2858.6000,2858.2000,2858.0000,2859.4000,2859.6000,2859.8000,2860.0000,2860.2000,4,2,1,1,1,1,5,2,2,1
SF,IH2006,2020-06-17 11:03:38.700,2859.8000,17825,0,8641109940.000,0,-,-,-,-,2859.0000,2858.8000,2858.6000,2858.2000,2858.0000,2859.6000,2859.8000,2860.0000,2860.2000,2860.4000,4,2,1,1,1,5,2,2,1,1
SF,IH2006,2020-06-17 11:03:39.200,2859.8000,17825,0,8641109940.000,0,-,-,-,-,2859.0000,2858.8000,2858.6000,2858.2000,2858.0000,2859.4000,2859.6000,2859.8000,2860.0000,2860.2000,4,2,1,1,1,1,5,2,2,1
SF,IH2006,2020-06-17 11:03:40.200,2859.0000,17827,2,8642825340.000,2,2,0,双开,B,2859.0000,2858.8000,2858.6000,2858.2000,2858.0000,2859.4000,2859.6000,2859.8000,2860.0000,2860.2000,2,2,1,1,1,1,5,2,2,1
SF,IH2006,2020-06-17 11:03:40.700,2859.0000,17827,0,8642825340.000,0,-,-,-,-,2859.0000,2858.8000,2858.6000,2858.2000,2858.0000,2859.4000,2859.6000,2859.8000,2860.0000,2860.2000,1,2,1,1,1,3,3,2,2,1
SF,IH2006,2020-06-17 11:03:41.200,2859.0000,17827,0,8642825340.000,0,-,-,-,-,2859.0000,2858.8000,2858.6000,2858.2000,2858.0000,2859.4000,2859.6000,2859.8000,2860.0000,2860.2000,1,2,1,2,1,3,4,2,2,1
SF,IH2006,2020-06-17 11:03:42.200,2859.0000,17827,0,8642825340.000,0,-,-,-,-,2859.2000,2859.0000,2858.8000,2858.6000,2858.2000,2859.4000,2859.6000,2859.8000,2860.0000,2860.2000,3,1,2,1,1,3,4,2,2,1
SF,IH2006,2020-06-17 11:03:42.700,2859.0000,17827,0,8642825340.000,0,-,-,-,-,2859.2000,2859.0000,2858.8000,2858.6000,2858.2000,2859.6000,2859.8000,2860.0000,2860.2000,2860.4000,1,1,2,1,1,4,2,2,1,1
SF,IH2006,2020-06-17 11:03:43.200,2859.0000,17827,0,8642825340.000,0,-,-,-,-,2859.2000,2859.0000,2858.8000,2858.6000,2858.4000,2859.6000,2859.8000,2860.0000,2860.2000,2860.4000,1,1,2,1,2,3,2,2,1,1
SF,IH2006,2020-06-17 11:03:43.700,2859.0000,17827,0,8642825340.000,0,-,-,-,-,2859.2000,2859.0000,2858.8000,2858.6000,2858.4000,2859.6000,2859.8000,2860.0000,2860.2000,2860.4000,1,1,2,1,2,2,3,2,1,1
SF,IH2006,2020-06-17 11:03:44.700,2859.0000,17827,0,8642825340.000,0,-,-,-,-,2859.4000,2859.2000,2859.0000,2858.8000,2858.6000,2859.6000,2859.8000,2860.0000,2860.2000,2860.4000,2,1,1,2,1,2,3,2,1,1
SF,IH2006,2020-06-17 11:03:45.200,2859.0000,17827,0,8642825340.000,0,-,-,-,-,2859.2000,2858.8000,2858.6000,2858.4000,2858.2000,2859.4000,2859.6000,2859.8000,2860.0000,2860.2000,1,2,1,2,1,1,2,3,2,1
SF,IH2006,2020-06-17 11:03:47.200,2859.4000,17826,-1,8643683160.000,1,0,1,双平,B,2859.4000,2859.2000,2858.8000,2858.6000,2858.4000,2859.6000,2859.8000,2860.0000,2860.2000,2860.4000,2,1,2,1,2,2,3,2,1,1
SF,IH2006,2020-06-17 11:03:47.700,2859.6000,17826,0,8644541040.000,1,0,1,空换,B,2859.6000,2859.4000,2859.2000,2859.0000,2858.8000,2859.8000,2860.0000,2860.2000,2860.4000,2861.2000,3,2,1,1,2,1,2,1,1,1
SF,IH2006,2020-06-17 11:03:48.200,2859.6000,17826,0,8644541040.000,0,-,-,-,-,2859.4000,2859.2000,2859.0000,2858.8000,2858.6000,2859.8000,2860.0000,2860.2000,2860.4000,2861.2000,2,1,1,2,1,1,2,1,1,1
SF,IH2006,2020-06-17 11:03:49.200,2859.6000,17826,0,8644541040.000,0,-,-,-,-,2859.6000,2859.4000,2859.2000,2859.0000,2858.8000,2859.8000,2860.0000,2860.2000,2860.4000,2861.2000,2,2,1,1,2,1,2,1,1,1
SF,IH2006,2020-06-17 11:03:49.700,2859.6000,17826,0,8644541040.000,0,-,-,-,-,2859.6000,2859.4000,2859.2000,2859.0000,2858.8000,2859.8000,2860.0000,2860.2000,2860.4000,2861.2000,3,2,1,1,2,1,2,1,1,1
SF,IH2006,2020-06-17 11:03:50.200,2859.6000,17827,1,8645398920.000,1,1,0,双开,B,2859.6000,2859.4000,2859.2000,2859.0000,2858.8000,2859.8000,2860.0000,2860.2000,2860.4000,2861.2000,2,2,1,1,2,1,2,1,1,1
SF,IH2006,2020-06-17 11:03:51.200,2859.8000,17827,0,8646256860.000,1,0,1,空换,B,2859.6000,2859.4000,2859.2000,2859.0000,2858.8000,2860.0000,2860.2000,2860.4000,2860.8000,2861.2000,2,2,1,1,2,2,1,1,1,1
SF,IH2006,2020-06-17 11:03:51.700,2859.8000,17827,0,8646256860.000,0,-,-,-,-,2859.6000,2859.4000,2859.2000,2859.0000,2858.8000,2860.0000,2860.2000,2860.4000,2860.8000,2861.2000,2,2,1,1,2,3,1,1,1,1
SF,IH2006,2020-06-17 11:03:52.200,2859.8000,17827,0,8646256860.000,0,-,-,-,-,2859.8000,2859.6000,2859.4000,2859.2000,2859.0000,2860.0000,2860.2000,2860.4000,2860.8000,2861.2000,1,2,2,1,1,2,1,1,1,1
SF,IH2006,2020-06-17 11:03:52.700,2859.8000,17827,0,8646256860.000,0,-,-,-,-,2859.8000,2859.6000,2859.4000,2859.2000,2859.0000,2860.0000,2860.2000,2860.4000,2860.8000,2861.2000,1,2,2,1,1,1,1,1,1,1
SF,IH2006,2020-06-17 11:03:53.200,2859.8000,17827,0,8646256860.000,0,-,-,-,-,2859.8000,2859.6000,2859.4000,2859.2000,2859.0000,2860.0000,2860.2000,2860.4000,2860.8000,2861.2000,1,2,2,1,1,1,2,1,1,1
SF,IH2006,2020-06-17 11:03:53.700,2859.8000,17827,0,8647114800.000,1,0,1,空换,B,2859.6000,2859.4000,2859.2000,2859.0000,2858.8000,2859.8000,2860.0000,2860.2000,2860.4000,2860.8000,2,2,1,1,2,1,2,2,1,1
SF,IH2006,2020-06-17 11:03:54.200,2859.6000,17826,-1,8647972680.000,1,0,1,双平,B,2859.6000,2859.4000,2859.2000,2859.0000,2858.8000,2860.0000,2860.2000,2860.4000,2860.8000,2861.2000,1,2,1,1,2,2,1,1,1,1
SF,IH2006,2020-06-17 11:03:55.700,2859.6000,17826,0,8647972680.000,0,-,-,-,-,2859.6000,2859.4000,2859.2000,2859.0000,2858.8000,2860.0000,2860.2000,2860.8000,2861.2000,2861.6000,1,2,1,1,2,2,1,1,1,2
SF,IH2006,2020-06-17 11:03:56.200,2859.6000,17826,0,8647972680.000,0,-,-,-,-,2859.6000,2859.4000,2859.2000,2859.0000,2858.8000,2860.0000,2860.2000,2860.8000,2861.2000,2861.6000,1,2,1,1,2,2,1,1,1,2
SF,IH2006,2020-06-17 11:03:56.700,2859.6000,17826,0,8647972680.000,0,-,-,-,-,2859.6000,2859.4000,2859.2000,2859.0000,2858.8000,2860.0000,2860.2000,2860.8000,2861.2000,2861.6000,1,2,1,1,2,3,1,1,1,2
SF,IH2006,2020-06-17 11:03:59.700,2859.6000,17825,-1,8648830560.000,1,0,1,双平,B,2859.4000,2859.2000,2859.0000,2858.8000,2858.6000,2859.6000,2859.8000,2860.0000,2860.2000,2860.8000,2,1,1,2,1,4,2,3,1,1
SF,IH2006,2020-06-17 11:04:00.200,2859.4000,17829,4,8655693540.000,8,6,2,多开,B,2859.4000,2859.2000,2859.0000,2858.8000,2858.6000,2859.6000,2860.0000,2860.2000,2860.8000,2861.2000,1,1,1,2,1,1,3,1,1,1
SF,IH2006,2020-06-17 11:04:00.700,2859.6000,17829,0,8656551420.000,1,0,1,空换,B,2859.6000,2859.4000,2859.2000,2859.0000,2858.8000,2860.0000,2860.2000,2860.8000,2861.2000,2861.6000,2,1,1,1,2,3,1,1,1,2
SF,IH2006,2020-06-17 11:04:01.200,2859.6000,17829,0,8657409300.000,1,0,1,空换,B,2859.6000,2859.4000,2859.0000,2858.8000,2858.6000,2860.0000,2860.2000,2860.8000,2861.2000,2861.6000,1,1,1,2,1,3,1,1,1,2
SF,IH2006,2020-06-17 11:04:03.200,2859.6000,17829,0,8657409300.000,0,-,-,-,-,2859.4000,2859.0000,2858.8000,2858.6000,2858.4000,2860.0000,2860.2000,2860.8000,2861.2000,2861.6000,1,1,2,1,2,3,1,1,1,2
SF,IH2006,2020-06-17 11:04:04.200,2859.8000,17828,-1,8658267240.000,1,0,1,双平,B,2859.4000,2859.0000,2858.8000,2858.6000,2858.4000,2860.0000,2860.2000,2860.8000,2861.2000,2861.6000,1,1,2,1,2,3,1,1,1,2
SF,IH2006,2020-06-17 11:04:04.700,2859.8000,17828,0,8658267240.000,0,-,-,-,-,2859.4000,2859.0000,2858.8000,2858.6000,2858.4000,2860.0000,2860.2000,2860.8000,2861.2000,2861.6000,1,1,2,1,2,3,2,1,1,2
SF,IH2006,2020-06-17 11:04:05.200,2859.8000,17828,0,8658267240.000,0,-,-,-,-,2859.4000,2859.0000,2858.8000,2858.6000,2858.4000,2859.8000,2860.0000,2860.2000,2860.8000,2861.2000,1,1,2,1,2,4,3,2,1,1
SF,IH2006,2020-06-17 11:04:05.700,2859.8000,17828,0,8658267240.000,0,-,-,-,-,2859.4000,2859.0000,2858.8000,2858.6000,2858.4000,2859.8000,2860.0000,2860.2000,2860.8000,2861.2000,1,1,2,1,2,4,3,2,1,1
SF,IH2006,2020-06-17 11:04:06.200,2859.8000,17828,0,8658267240.000,0,-,-,-,-,2859.4000,2859.0000,2858.8000,2858.6000,2858.4000,2859.6000,2859.8000,2860.0000,2860.2000,2860.8000,1,1,2,1,2,1,5,3,2,1
SF,IH2006,2020-06-17 11:04:06.700,2859.8000,17828,0,8658267240.000,0,-,-,-,-,2859.4000,2859.0000,2858.8000,2858.6000,2858.4000,2859.6000,2859.8000,2860.0000,2860.2000,2860.8000,1,1,2,1,2,2,5,3,2,1
SF,IH2006,2020-06-17 11:04:10.200,2859.4000,17828,0,8659125060.000,1,0,1,空换,B,2859.0000,2858.8000,2858.6000,2858.4000,2858.2000,2859.6000,2859.8000,2860.0000,2860.2000,2860.8000,1,2,1,2,1,2,5,3,2,1
SF,IH2006,2020-06-17 11:04:10.700,2859.4000,17828,0,8659125060.000,0,-,-,-,-,2859.0000,2858.8000,2858.6000,2858.4000,2858.2000,2859.6000,2859.8000,2860.0000,2860.2000,2860.8000,1,2,1,2,1,6,5,3,2,1
SF,IH2006,2020-06-17 11:04:12.200,2859.4000,17828,0,8659125060.000,0,-,-,-,-,2859.0000,2858.8000,2858.6000,2858.4000,2858.2000,2859.6000,2859.8000,2860.0000,2860.2000,2860.8000,1,2,1,3,1,6,5,3,2,1
SF,IH2006,2020-06-17 11:04:12.700,2859.4000,17828,0,8659125060.000,0,-,-,-,-,2859.0000,2858.8000,2858.6000,2858.4000,2858.2000,2859.6000,2859.8000,2860.0000,2860.2000,2860.8000,1,2,1,3,1,6,5,3,2,1
SF,IH2006,2020-06-17 11:04:13.200,2859.0000,17829,1,8659982760.000,1,1,0,双开,B,2858.8000,2858.6000,2858.4000,2858.2000,2858.0000,2859.6000,2859.8000,2860.0000,2860.2000,2860.8000,2,1,3,1,1,6,5,3,2,1
SF,IH2006,2020-06-17 11:04:13.700,2859.6000,17828,-1,8661698520.000,2,0,2,空平,B,2859.0000,2858.8000,2858.6000,2858.4000,2858.2000,2859.6000,2859.8000,2860.0000,2860.2000,2860.8000,3,3,1,4,1,4,5,3,2,1
SF,IH2006,2020-06-17 11:04:14.200,2859.6000,17828,0,8661698520.000,0,-,-,-,-,2859.2000,2859.0000,2858.8000,2858.6000,2858.4000,2859.6000,2859.8000,2860.0000,2860.2000,2860.8000,4,3,3,1,4,4,5,3,2,1
SF,IH2006,2020-06-17 11:04:14.700,2859.6000,17828,0,8661698520.000,0,-,-,-,-,2859.4000,2859.2000,2859.0000,2858.8000,2858.6000,2859.6000,2859.8000,2860.0000,2860.2000,2860.8000,1,5,3,3,1,4,5,3,2,1
SF,IH2006,2020-06-17 11:04:15.200,2859.6000,17828,0,8661698520.000,0,-,-,-,-,2859.4000,2859.2000,2859.0000,2858.8000,2858.6000,2859.6000,2859.8000,2860.0000,2860.2000,2860.8000,1,5,2,3,1,4,5,3,2,1
SF,IH2006,2020-06-17 11:04:15.700,2859.6000,17828,0,8661698520.000,0,-,-,-,-,2859.4000,2859.2000,2859.0000,2858.8000,2858.6000,2859.6000,2859.8000,2860.0000,2860.2000,2860.8000,1,5,2,3,1,4,4,3,2,1
SF,IH2006,2020-06-17 11:04:16.200,2859.6000,17828,0,8665130040.000,4,2,2,空换,B,2859.6000,2859.4000,2859.2000,2859.0000,2858.8000,2860.0000,2860.2000,2860.8000,2861.2000,2861.6000,1,2,4,2,2,3,2,1,1,2
SF,IH2006,2020-06-17 11:04:16.700,2860.0000,17830,2,8667704040.000,3,2,1,多开,B,2860.0000,2859.6000,2859.4000,2859.2000,2858.8000,2860.2000,2860.8000,2861.2000,2861.6000,2861.8000,1,1,1,3,2,2,1,1,2,4
SF,IH2006,2020-06-17 11:04:17.200,2860.0000,17830,0,8667704040.000,0,-,-,-,-,2860.0000,2859.8000,2859.4000,2859.2000,2858.8000,2860.2000,2860.6000,2860.8000,2861.2000,2861.6000,1,1,1,1,2,1,1,1,1,2
SF,IH2006,2020-06-17 11:04:17.700,2860.2000,17829,-1,8668562100.000,1,0,1,双平,B,2860.0000,2859.8000,2859.4000,2859.2000,2858.8000,2860.6000,2860.8000,2861.2000,2861.6000,2861.8000,1,1,1,1,2,1,1,1,2,4
SF,IH2006,2020-06-17 11:04:18.200,2860.2000,17828,-1,8669420160.000,1,0,1,双平,B,2860.2000,2860.0000,2859.8000,2859.4000,2858.8000,2860.4000,2860.6000,2860.8000,2861.2000,2861.6000,4,1,1,1,2,4,1,1,1,2
SF,IH2006,2020-06-17 11:04:18.700,2860.2000,17829,1,8674568520.000,6,3,3,多开,B,2859.8000,2859.4000,2858.8000,2858.6000,2858.4000,2860.4000,2860.6000,2860.8000,2861.2000,2861.6000,1,2,2,1,4,6,1,1,1,2
SF,IH2006,2020-06-17 11:04:19.200,2859.8000,17828,-1,8675426460.000,1,0,1,双平,B,2859.4000,2858.8000,2858.6000,2858.4000,2858.2000,2860.4000,2860.6000,2860.8000,2861.2000,2861.6000,2,2,1,4,1,6,1,1,1,2
SF,IH2006,2020-06-17 11:04:19.700,2859.8000,17828,0,8675426460.000,0,-,-,-,-,2859.6000,2859.4000,2858.8000,2858.6000,2858.4000,2860.4000,2860.6000,2860.8000,2861.2000,2861.6000,5,3,2,1,4,5,1,1,1,2
SF,IH2006,2020-06-17 11:04:20.200,2859.8000,17828,0,8675426460.000,0,-,-,-,-,2859.8000,2859.6000,2859.4000,2858.8000,2858.6000,2860.4000,2860.6000,2860.8000,2861.2000,2861.6000,1,4,2,2,1,5,1,1,1,2
SF,IH2006,2020-06-17 11:04:20.700,2859.8000,17828,0,8675426460.000,0,-,-,-,-,2860.0000,2859.8000,2859.6000,2859.4000,2858.8000,2860.4000,2860.6000,2860.8000,2861.2000,2861.6000,1,1,3,2,2,5,1,1,1,2
SF,IH2006,2020-06-17 11:04:21.200,2859.8000,17828,0,8675426460.000,0,-,-,-,-,2860.0000,2859.8000,2859.6000,2859.4000,2858.8000,2860.4000,2860.6000,2860.8000,2861.2000,2861.6000,1,1,2,2,2,5,1,1,1,2
SF,IH2006,2020-06-17 11:04:21.700,2859.8000,17828,0,8675426460.000,0,-,-,-,-,2859.8000,2859.6000,2859.4000,2858.8000,2858.6000,2860.4000,2860.6000,2860.8000,2861.2000,2861.6000,1,2,2,2,1,4,1,1,1,2
SF,IH2006,2020-06-17 11:04:23.200,2859.8000,17828,0,8675426460.000,0,-,-,-,-,2859.8000,2859.6000,2859.4000,2858.8000,2858.6000,2860.4000,2860.6000,2860.8000,2861.2000,2861.6000,1,2,1,2,1,4,1,1,1,2
SF,IH2006,2020-06-17 11:04:23.700,2859.8000,17828,0,8675426460.000,0,-,-,-,-,2859.8000,2859.6000,2859.4000,2859.0000,2858.8000,2860.4000,2860.6000,2860.8000,2861.2000,2861.6000,1,2,1,2,2,4,1,1,1,2
SF,IH2006,2020-06-17 11:04:24.200,2860.4000,17826,-2,8678000820.000,3,0,3,空平,B,2860.0000,2859.8000,2859.6000,2859.4000,2859.2000,2860.4000,2860.6000,2860.8000,2861.2000,2861.6000,2,1,2,1,1,1,1,1,1,2
SF,IH2006,2020-06-17 11:04:24.700,2860.4000,17826,0,8678000820.000,0,-,-,-,-,2860.2000,2860.0000,2859.8000,2859.6000,2859.4000,2860.6000,2860.8000,2861.2000,2861.6000,2861.8000,1,3,1,2,1,1,1,1,2,4
SF,IH2006,2020-06-17 11:04:25.200,2860.4000,17826,0,8678000820.000,0,-,-,-,-,2860.2000,2860.0000,2859.8000,2859.6000,2859.4000,2860.6000,2860.8000,2861.2000,2861.6000,2861.8000,1,3,1,1,1,1,1,1,2,4
SF,IH2006,2020-06-17 11:04:25.700,2860.4000,17826,0,8678000820.000,0,-,-,-,-,2860.2000,2860.0000,2859.8000,2859.4000,2859.2000,2860.8000,2861.2000,2861.6000,2861.8000,2862.2000,2,3,1,1,1,1,1,2,4,1
SF,IH2006,2020-06-17 11:04:26.200,2860.4000,17826,0,8678000820.000,0,-,-,-,-,2860.2000,2860.0000,2859.8000,2859.4000,2859.2000,2860.8000,2861.2000,2861.6000,2861.8000,2862.2000,2,3,1,1,1,2,1,2,4,1
SF,IH2006,2020-06-17 11:04:26.700,2860.2000,17825,-1,8679717120.000,2,0,2,空平,B,2860.2000,2860.0000,2859.8000,2859.4000,2859.0000,2860.8000,2861.2000,2861.6000,2861.8000,2862.2000,1,3,1,1,2,1,1,2,4,1
SF,IH2006,2020-06-17 11:04:27.200,2860.2000,17825,0,8679717120.000,0,-,-,-,-,2860.4000,2860.2000,2860.0000,2859.8000,2859.4000,2860.6000,2860.8000,2861.2000,2861.6000,2861.8000,2,1,3,1,1,1,1,1,2,4
SF,IH2006,2020-06-17 11:04:27.700,2860.2000,17825,0,8680575180.000,1,0,1,空换,B,2860.0000,2859.8000,2859.4000,2859.0000,2858.8000,2860.6000,2860.8000,2861.2000,2861.6000,2861.8000,1,1,1,2,2,1,1,1,2,4
SF,IH2006,2020-06-17 11:04:28.200,2860.0000,17825,0,8681433180.000,1,0,1,空换,B,2859.8000,2859.4000,2859.0000,2858.8000,2858.6000,2860.0000,2860.2000,2860.6000,2860.8000,2861.2000,1,1,2,2,1,1,1,1,1,1
SF,IH2006,2020-06-17 11:04:28.700,2860.2000,17824,-1,8683149240.000,2,0,2,空平,B,2860.2000,2860.0000,2859.6000,2859.4000,2859.0000,2860.6000,2860.8000,2861.2000,2861.6000,2861.8000,1,1,1,1,2,1,1,1,2,4
SF,IH2006,2020-06-17 11:04:29.200,2860.2000,17824,0,8684007300.000,1,0,1,空换,B,2859.6000,2859.4000,2859.0000,2858.8000,2858.6000,2860.2000,2860.4000,2860.6000,2860.8000,2861.2000,1,1,2,2,1,2,1,3,1,1
SF,IH2006,2020-06-17 11:04:29.700,2859.6000,17823,-1,8684865180.000,1,0,1,双平,B,2859.6000,2859.4000,2859.0000,2858.8000,2858.6000,2860.0000,2860.2000,2860.4000,2860.6000,2860.8000,1,1,2,2,1,4,1,2,3,1
SF,IH2006,2020-06-17 11:04:30.200,2859.6000,17823,0,8684865180.000,0,-,-,-,-,2859.6000,2859.4000,2859.0000,2858.8000,2858.6000,2859.8000,2860.0000,2860.2000,2860.4000,2860.6000,1,1,2,2,1,1,5,1,1,4
SF,IH2006,2020-06-17 11:04:30.700,2859.6000,17823,0,8684865180.000,0,-,-,-,-,2859.6000,2859.4000,2859.0000,2858.8000,2858.6000,2859.8000,2860.0000,2860.2000,2860.4000,2860.6000,1,1,2,2,1,1,5,1,2,4
SF,IH2006,2020-06-17 11:04:31.700,2859.8000,17822,-1,8685723120.000,1,0,1,双平,B,2859.6000,2859.4000,2859.0000,2858.8000,2858.6000,2860.0000,2860.2000,2860.4000,2860.6000,2860.8000,1,1,2,2,1,5,1,2,4,1
SF,IH2006,2020-06-17 11:04:32.200,2859.8000,17822,0,8685723120.000,0,-,-,-,-,2859.6000,2859.4000,2859.0000,2858.8000,2858.6000,2859.8000,2860.0000,2860.2000,2860.4000,2860.6000,1,1,2,2,1,1,5,1,2,4
SF,IH2006,2020-06-17 11:04:32.700,2859.8000,17822,0,8685723120.000,0,-,-,-,-,2859.6000,2859.4000,2859.0000,2858.8000,2858.6000,2859.8000,2860.0000,2860.2000,2860.4000,2860.6000,1,1,2,2,1,1,5,1,1,4
SF,IH2006,2020-06-17 11:04:33.700,2859.6000,17823,1,8686581000.000,1,1,0,双开,B,2859.4000,2859.0000,2858.8000,2858.6000,2858.4000,2859.8000,2860.0000,2860.2000,2860.4000,2860.6000,1,2,2,1,3,1,5,1,1,4
SF,IH2006,2020-06-17 11:04:34.200,2859.6000,17823,0,8686581000.000,0,-,-,-,-,2859.4000,2859.0000,2858.8000,2858.6000,2858.4000,2859.8000,2860.0000,2860.2000,2860.4000,2860.6000,1,2,2,1,3,2,5,1,1,4
SF,IH2006,2020-06-17 11:04:34.700,2859.6000,17823,0,8686581000.000,0,-,-,-,-,2859.4000,2859.0000,2858.8000,2858.6000,2858.4000,2859.8000,2860.0000,2860.2000,2860.4000,2860.6000,1,2,2,1,3,2,5,1,1,4
SF,IH2006,2020-06-17 11:04:36.700,2859.6000,17823,0,8686581000.000,0,-,-,-,-,2859.4000,2859.0000,2858.8000,2858.6000,2858.4000,2859.8000,2860.0000,2860.2000,2860.4000,2860.6000,1,2,2,1,3,2,5,1,1,4
SF,IH2006,2020-06-17 11:04:37.700,2859.8000,17822,-1,8688296880.000,2,0,2,空平,B,2859.8000,2859.4000,2859.0000,2858.8000,2858.6000,2860.0000,2860.2000,2860.4000,2860.6000,2861.6000,2,1,2,2,1,5,1,1,4,2
SF,IH2006,2020-06-17 11:04:38.200,2859.8000,17822,0,8689154820.000,1,0,1,空换,B,2859.8000,2859.4000,2859.2000,2859.0000,2858.8000,2860.0000,2860.2000,2860.4000,2860.6000,2861.6000,1,1,1,2,2,4,1,1,4,2
SF,IH2006,2020-06-17 11:04:39.700,2859.8000,17822,0,8689154820.000,0,-,-,-,-,2859.8000,2859.4000,2859.2000,2859.0000,2858.8000,2860.0000,2860.2000,2860.4000,2860.6000,2860.8000,1,1,1,2,2,4,1,1,4,1
SF,IH2006,2020-06-17 11:04:40.700,2859.8000,17822,0,8690012760.000,1,0,1,空换,B,2859.6000,2859.4000,2859.2000,2859.0000,2858.8000,2860.0000,2860.2000,2860.4000,2860.6000,2860.8000,1,1,1,2,2,4,1,1,4,1
SF,IH2006,2020-06-17 11:04:41.200,2859.8000,17822,0,8690012760.000,0,-,-,-,-,2859.6000,2859.4000,2859.2000,2859.0000,2858.8000,2860.0000,2860.2000,2860.4000,2860.6000,2860.8000,2,1,1,2,2,4,1,1,4,1
SF,IH2006,2020-06-17 11:04:41.700,2859.8000,17822,0,8690012760.000,0,-,-,-,-,2859.6000,2859.4000,2859.2000,2859.0000,2858.8000,2860.0000,2860.2000,2860.4000,2860.6000,2860.8000,2,1,1,2,2,3,1,1,4,1
SF,IH2006,2020-06-17 11:04:42.200,2859.8000,17822,0,8690012760.000,0,-,-,-,-,2859.6000,2859.4000,2859.2000,2859.0000,2858.8000,2860.0000,2860.2000,2860.4000,2860.6000,2860.8000,4,1,1,2,2,3,1,1,4,1
SF,IH2006,2020-06-17 11:04:42.700,2860.0000,17820,-2,8691728760.000,2,0,2,双平,B,2860.0000,2859.6000,2859.4000,2859.2000,2859.0000,2860.2000,2860.4000,2860.6000,2860.8000,2861.6000,2,4,1,1,2,1,1,4,1,2
SF,IH2006,2020-06-17 11:04:43.200,2860.0000,17820,0,8691728760.000,0,-,-,-,-,2860.0000,2859.8000,2859.6000,2859.4000,2859.2000,2860.4000,2860.6000,2860.8000,2861.6000,2861.8000,2,3,4,1,1,1,4,1,2,4
SF,IH2006,2020-06-17 11:04:43.700,2860.0000,17820,0,8691728760.000,0,-,-,-,-,2860.2000,2860.0000,2859.8000,2859.6000,2859.4000,2860.4000,2860.6000,2860.8000,2861.6000,2861.8000,1,2,3,3,1,1,4,1,2,4
SF,IH2006,2020-06-17 11:04:44.200,2860.0000,17820,0,8691728760.000,0,-,-,-,-,2860.2000,2860.0000,2859.8000,2859.6000,2859.4000,2860.4000,2860.6000,2860.8000,2861.6000,2861.8000,3,2,2,3,1,1,4,1,2,4
SF,IH2006,2020-06-17 11:04:45.200,2860.0000,17820,0,8691728760.000,0,-,-,-,-,2860.2000,2860.0000,2859.8000,2859.6000,2859.4000,2860.4000,2860.6000,2860.8000,2861.6000,2861.8000,3,2,2,2,1,1,4,1,2,4
SF,IH2006,2020-06-17 11:04:45.700,2860.0000,17820,0,8691728760.000,0,-,-,-,-,2860.2000,2860.0000,2859.8000,2859.6000,2859.4000,2860.4000,2860.6000,2860.8000,2861.6000,2861.8000,2,2,2,2,1,1,4,1,2,4
SF,IH2006,2020-06-17 11:04:46.200,2860.0000,17820,0,8691728760.000,0,-,-,-,-,2860.2000,2860.0000,2859.6000,2859.4000,2859.2000,2860.4000,2860.6000,2860.8000,2861.6000,2861.8000,2,2,2,1,2,1,4,1,2,4
SF,IH2006,2020-06-17 11:04:46.700,2860.0000,17820,0,8691728760.000,0,-,-,-,-,2860.0000,2859.6000,2859.4000,2859.2000,2859.0000,2860.4000,2860.6000,2860.8000,2861.6000,2861.8000,2,2,1,2,2,1,4,1,2,4
SF,IH2006,2020-06-17 11:04:47.200,2860.0000,17820,0,8691728760.000,0,-,-,-,-,2860.2000,2860.0000,2859.6000,2859.4000,2859.2000,2860.4000,2860.6000,2860.8000,2861.6000,2861.8000,2,3,2,1,2,1,4,1,2,4
SF,IH2006,2020-06-17 11:04:47.700,2860.0000,17820,0,8691728760.000,0,-,-,-,-,2860.0000,2859.6000,2859.4000,2859.2000,2859.0000,2860.4000,2860.6000,2860.8000,2861.6000,2861.8000,3,2,1,2,2,1,4,1,3,4
SF,IH2006,2020-06-17 11:04:48.200,2860.0000,17820,0,8691728760.000,0,-,-,-,-,2860.2000,2860.0000,2859.6000,2859.4000,2859.2000,2860.4000,2860.6000,2860.8000,2861.6000,2861.8000,2,3,2,1,2,1,4,1,3,4
SF,IH2006,2020-06-17 11:04:49.200,2860.0000,17820,0,8691728760.000,0,-,-,-,-,2860.2000,2860.0000,2859.6000,2859.4000,2859.2000,2860.4000,2860.6000,2860.8000,2861.6000,2861.8000,1,3,2,1,2,1,4,1,3,4
SF,IH2006,2020-06-17 11:04:49.700,2860.0000,17820,0,8691728760.000,0,-,-,-,-,2860.0000,2859.6000,2859.4000,2859.2000,2859.0000,2860.4000,2860.6000,2860.8000,2861.6000,2861.8000,3,2,1,2,2,1,4,1,3,4
SF,IH2006,2020-06-17 11:04:50.200,2860.0000,17820,0,8691728760.000,0,-,-,-,-,2860.0000,2859.6000,2859.4000,2859.2000,2859.0000,2860.4000,2860.6000,2860.8000,2861.6000,2861.8000,3,2,1,2,2,2,4,1,3,4
SF,IH2006,2020-06-17 11:04:50.700,2860.0000,17820,0,8691728760.000,0,-,-,-,-,2860.0000,2859.6000,2859.4000,2859.2000,2859.0000,2860.2000,2860.4000,2860.6000,2860.8000,2861.6000,1,2,1,2,2,1,2,3,1,3
SF,IH2006,2020-06-17 11:04:56.200,2860.0000,17820,0,8691728760.000,0,-,-,-,-,2860.0000,2859.6000,2859.4000,2859.2000,2859.0000,2860.2000,2860.4000,2860.6000,2861.6000,2861.8000,1,2,1,2,2,1,2,3,3,4
SF,IH2006,2020-06-17 11:04:59.200,2860.0000,17820,0,8691728760.000,0,-,-,-,-,2860.0000,2859.6000,2859.4000,2859.2000,2859.0000,2860.2000,2860.4000,2860.6000,2861.6000,2861.8000,1,2,1,2,2,1,2,3,3,4
SF,IH2006,2020-06-17 11:04:59.700,2860.0000,17821,1,8692586760.000,1,1,0,双开,B,2859.6000,2859.4000,2859.2000,2859.0000,2858.8000,2860.2000,2860.4000,2860.6000,2861.6000,2861.8000,2,1,2,2,2,1,2,3,3,4
SF,IH2006,2020-06-17 11:05:00.200,2860.0000,17821,0,8692586760.000,0,-,-,-,-,2859.8000,2859.6000,2859.4000,2859.2000,2859.0000,2860.2000,2860.4000,2860.6000,2861.6000,2861.8000,2,1,1,2,2,1,3,3,3,4
SF,IH2006,2020-06-17 11:05:00.700,2860.0000,17821,0,8692586760.000,0,-,-,-,-,2859.8000,2859.6000,2859.4000,2859.2000,2859.0000,2860.2000,2860.4000,2860.6000,2861.4000,2861.6000,3,2,1,2,2,1,3,3,1,3
SF,IH2006,2020-06-17 11:05:02.200,2860.0000,17821,0,8692586760.000,0,-,-,-,-,2860.0000,2859.8000,2859.6000,2859.4000,2859.2000,2860.2000,2860.4000,2860.6000,2861.4000,2861.6000,1,3,2,1,2,1,3,3,1,3
SF,IH2006,2020-06-17 11:05:02.700,2860.2000,17821,0,8693444820.000,1,0,1,空换,B,2860.2000,2860.0000,2859.8000,2859.6000,2859.4000,2860.4000,2860.6000,2861.4000,2861.6000,2861.8000,2,3,2,2,1,3,3,1,3,4
SF,IH2006,2020-06-17 11:05:03.200,2860.4000,17821,0,8695161060.000,2,1,1,空换,B,2860.4000,2860.2000,2860.0000,2859.8000,2859.6000,2860.6000,2861.4000,2861.6000,2861.8000,2862.2000,1,3,2,1,2,3,1,3,4,1
SF,IH2006,2020-06-17 11:05:03.700,2860.6000,17821,0,8696019240.000,1,0,1,空换,B,2860.4000,2860.2000,2860.0000,2859.8000,2859.6000,2861.4000,2861.6000,2861.8000,2862.2000,2862.8000,3,2,2,1,2,1,3,4,1,3
SF,IH2006,2020-06-17 11:05:04.200,2860.4000,17821,0,8696877360.000,1,0,1,空换,B,2860.4000,2860.2000,2860.0000,2859.8000,2859.6000,2860.6000,2861.0000,2861.2000,2861.4000,2861.6000,1,1,1,1,2,3,5,12,1,3
SF,IH2006,2020-06-17 11:05:04.700,2860.0000,17819,-2,8699451540.000,3,0,3,空平,B,2859.8000,2859.6000,2859.4000,2859.2000,2859.0000,2860.6000,2861.0000,2861.2000,2861.4000,2861.6000,1,2,1,2,2,1,1,10,2,3
SF,IH2006,2020-06-17 11:05:05.200,2860.0000,17819,0,8699451540.000,0,-,-,-,-,2860.0000,2859.8000,2859.6000,2859.4000,2859.2000,2860.4000,2860.6000,2861.2000,2861.4000,2861.6000,2,1,2,1,2,4,2,6,2,3
SF,IH2006,2020-06-17 11:05:05.700,2860.0000,17818,-1,8700309540.000,1,0,1,双平,B,2860.0000,2859.8000,2859.6000,2859.4000,2859.2000,2860.4000,2860.6000,2861.2000,2861.4000,2861.6000,1,1,2,1,2,5,2,6,2,3
SF,IH2006,2020-06-17 11:05:06.200,2860.0000,17818,0,8700309540.000,0,-,-,-,-,2860.2000,2860.0000,2859.8000,2859.6000,2859.4000,2860.4000,2860.6000,2861.2000,2861.4000,2861.6000,1,1,1,2,1,5,2,6,2,3
SF,IH2006,2020-06-17 11:05:07.200,2860.0000,17818,0,8700309540.000,0,-,-,-,-,2860.2000,2860.0000,2859.8000,2859.6000,2859.4000,2860.4000,2860.6000,2861.2000,2861.4000,2861.6000,1,3,1,2,1,5,2,5,2,3
SF,IH2006,2020-06-17 11:05:07.700,2860.0000,17818,0,8700309540.000,0,-,-,-,-,2860.2000,2860.0000,2859.8000,2859.6000,2859.4000,2860.4000,2860.6000,2861.2000,2861.4000,2861.6000,1,3,1,2,1,4,2,5,2,3
SF,IH2006,2020-06-17 11:05:08.700,2860.0000,17818,0,8700309540.000,0,-,-,-,-,2860.2000,2860.0000,2859.8000,2859.6000,2859.4000,2860.4000,2860.6000,2861.2000,2861.4000,2861.6000,1,3,1,2,1,3,2,5,2,3
SF,IH2006,2020-06-17 11:05:10.700,2860.2000,17817,-1,8701167600.000,1,0,1,双平,B,2860.0000,2859.8000,2859.6000,2859.4000,2859.2000,2860.4000,2860.6000,2861.2000,2861.4000,2861.6000,3,1,2,1,2,2,2,5,2,3
SF,IH2006,2020-06-17 11:05:11.200,2860.2000,17817,0,8701167600.000,0,-,-,-,-,2860.0000,2859.8000,2859.6000,2859.4000,2859.2000,2860.4000,2860.6000,2861.2000,2861.4000,2861.6000,4,1,2,1,2,1,2,5,2,3
SF,IH2006,2020-06-17 11:05:16.200,2860.2000,17817,0,8701167600.000,0,-,-,-,-,2860.2000,2860.0000,2859.8000,2859.6000,2859.4000,2860.4000,2860.6000,2861.2000,2861.4000,2861.6000,1,4,1,3,1,1,2,5,2,3
SF,IH2006,2020-06-17 11:05:16.700,2860.2000,17817,0,8701167600.000,0,-,-,-,-,2860.2000,2860.0000,2859.6000,2859.4000,2859.2000,2860.6000,2861.2000,2861.4000,2861.6000,2861.8000,2,4,3,1,2,1,5,2,3,7
SF,IH2006,2020-06-17 11:05:17.200,2860.2000,17817,0,8701167600.000,0,-,-,-,-,2860.4000,2860.2000,2860.0000,2859.6000,2859.4000,2860.6000,2861.2000,2861.4000,2861.6000,2861.8000,1,2,4,3,1,1,5,2,3,7
SF,IH2006,2020-06-17 11:05:17.700,2860.6000,17817,0,8702025780.000,1,0,1,空换,B,2860.4000,2860.2000,2860.0000,2859.6000,2859.4000,2861.0000,2861.2000,2861.4000,2861.6000,2861.8000,1,1,4,3,1,1,5,2,3,7
SF,IH2006,2020-06-17 11:05:18.200,2860.8000,17816,-1,8706316860.000,5,2,3,空平,B,2860.2000,2860.0000,2859.6000,2859.4000,2859.2000,2860.8000,2861.0000,2861.2000,2861.4000,2861.6000,1,4,3,1,2,4,1,5,2,3
SF,IH2006,2020-06-17 11:05:18.700,2860.8000,17816,0,8706316860.000,0,-,-,-,-,2860.6000,2860.2000,2860.0000,2859.6000,2859.4000,2860.8000,2861.0000,2861.2000,2861.4000,2861.6000,1,1,4,3,1,4,1,5,2,3
SF,IH2006,2020-06-17 11:05:19.200,2860.6000,17815,-1,8707175040.000,1,0,1,双平,B,2860.2000,2860.0000,2859.6000,2859.4000,2859.2000,2860.8000,2861.0000,2861.2000,2861.4000,2861.6000,1,4,3,1,1,4,1,5,2,3
SF,IH2006,2020-06-17 11:05:19.700,2860.8000,17814,-1,8708891520.000,2,0,2,空平,B,2860.2000,2860.0000,2859.6000,2859.4000,2859.2000,2860.8000,2861.0000,2861.2000,2861.4000,2861.6000,2,4,3,1,1,2,1,5,2,3
SF,IH2006,2020-06-17 11:05:20.200,2860.8000,17814,0,8708891520.000,0,-,-,-,-,2860.4000,2860.2000,2860.0000,2859.6000,2859.4000,2860.8000,2861.0000,2861.2000,2861.4000,2861.6000,3,1,4,3,1,2,1,5,2,3
SF,IH2006,2020-06-17 11:05:21.200,2860.8000,17814,0,8708891520.000,0,-,-,-,-,2860.4000,2860.2000,2860.0000,2859.6000,2859.4000,2860.8000,2861.0000,2861.2000,2861.4000,2861.6000,3,1,4,3,1,1,1,6,2,3
SF,IH2006,2020-06-17 11:05:23.200,2860.8000,17814,0,8708891520.000,0,-,-,-,-,2860.4000,2860.2000,2860.0000,2859.6000,2859.4000,2860.8000,2861.0000,2861.2000,2861.4000,2861.6000,3,1,4,3,1,1,1,6,2,3
SF,IH2006,2020-06-17 11:05:23.700,2860.8000,17814,0,8709749760.000,1,0,1,空换,B,2860.4000,2860.2000,2860.0000,2859.6000,2859.4000,2861.0000,2861.2000,2861.4000,2861.6000,2861.8000,3,1,4,3,1,1,6,2,3,7
SF,IH2006,2020-06-17 11:05:24.200,2860.4000,17813,-1,8711466000.000,2,0,2,空平,B,2860.2000,2860.0000,2859.6000,2859.4000,2859.2000,2860.6000,2860.8000,2861.0000,2861.2000,2861.4000,1,4,2,1,1,1,2,1,5,2
SF,IH2006,2020-06-17 11:05:24.700,2860.4000,17813,0,8711466000.000,0,-,-,-,-,2860.0000,2859.6000,2859.4000,2859.2000,2859.0000,2860.6000,2860.8000,2861.0000,2861.2000,2861.4000,4,2,1,1,2,1,2,1,5,2
SF,IH2006,2020-06-17 11:05:25.200,2860.4000,17813,0,8711466000.000,0,-,-,-,-,2860.0000,2859.6000,2859.4000,2859.2000,2859.0000,2860.4000,2860.6000,2860.8000,2861.0000,2861.2000,5,2,1,1,2,1,2,3,1,5
SF,IH2006,2020-06-17 11:05:25.700,2860.4000,17813,0,8711466000.000,0,-,-,-,-,2860.0000,2859.6000,2859.4000,2859.2000,2859.0000,2860.2000,2860.4000,2860.6000,2860.8000,2861.0000,5,2,1,1,2,1,1,2,2,1
SF,IH2006,2020-06-17 11:05:26.200,2860.2000,17814,1,8712324060.000,1,1,0,双开,B,2860.2000,2860.0000,2859.6000,2859.4000,2859.2000,2860.4000,2860.6000,2860.8000,2861.0000,2861.2000,10,4,2,1,1,1,2,2,1,5
SF,IH2006,2020-06-17 11:05:26.700,2860.2000,17814,0,8712324060.000,0,-,-,-,-,2860.2000,2860.0000,2859.6000,2859.4000,2859.2000,2860.4000,2860.6000,2860.8000,2861.0000,2861.2000,1,4,2,1,1,1,1,2,1,5
SF,IH2006,2020-06-17 11:05:27.200,2860.2000,17814,0,8712324060.000,0,-,-,-,-,2860.2000,2860.0000,2859.6000,2859.4000,2859.2000,2860.4000,2860.6000,2860.8000,2861.0000,2861.2000,1,4,2,1,1,1,1,2,1,5
SF,IH2006,2020-06-17 11:05:27.700,2860.2000,17814,0,8712324060.000,0,-,-,-,-,2860.2000,2860.0000,2859.6000,2859.4000,2859.2000,2860.4000,2860.6000,2860.8000,2861.0000,2861.2000,2,4,2,1,1,1,1,2,1,5
SF,IH2006,2020-06-17 11:05:29.200,2860.2000,17814,0,8712324060.000,0,-,-,-,-,2860.2000,2860.0000,2859.6000,2859.2000,2859.0000,2860.6000,2860.8000,2861.0000,2861.2000,2861.4000,2,4,2,1,2,1,2,1,5,2
SF,IH2006,2020-06-17 11:05:30.700,2860.2000,17814,0,8712324060.000,0,-,-,-,-,2860.2000,2860.0000,2859.6000,2859.4000,2859.2000,2860.6000,2860.8000,2861.0000,2861.2000,2861.4000,2,4,2,1,1,1,2,1,5,2
SF,IH2006,2020-06-17 11:05:32.700,2860.2000,17814,0,8712324060.000,0,-,-,-,-,2860.4000,2860.2000,2860.0000,2859.6000,2859.4000,2860.6000,2860.8000,2861.0000,2861.2000,2861.4000,3,2,4,2,1,1,2,1,5,2
SF,IH2006,2020-06-17 11:05:33.200,2860.6000,17814,0,8713182240.000,1,0,1,空换,B,2860.4000,2860.2000,2860.0000,2859.6000,2859.4000,2860.8000,2861.0000,2861.2000,2861.4000,2861.6000,4,2,4,2,1,2,1,5,2,3
SF,IH2006,2020-06-17 11:05:33.700,2860.6000,17814,0,8713182240.000,0,-,-,-,-,2860.4000,2860.2000,2860.0000,2859.6000,2859.4000,2860.8000,2861.0000,2861.2000,2861.4000,2861.6000,4,2,4,2,1,1,1,5,2,3
SF,IH2006,2020-06-17 11:05:36.200,2860.6000,17814,0,8713182240.000,0,-,-,-,-,2860.4000,2860.2000,2860.0000,2859.6000,2859.4000,2860.8000,2861.0000,2861.2000,2861.4000,2861.6000,4,3,4,2,1,1,1,5,2,3
SF,IH2006,2020-06-17 11:05:36.700,2860.8000,17814,0,8714040480.000,1,0,1,空换,B,2860.8000,2860.6000,2860.4000,2860.2000,2860.0000,2861.0000,2861.2000,2861.4000,2861.6000,2861.8000,2,1,5,2,4,1,5,2,3,7
SF,IH2006,2020-06-17 11:05:37.200,2861.0000,17813,-1,8714898780.000,1,0,1,双平,B,2860.6000,2860.4000,2860.2000,2860.0000,2859.6000,2860.8000,2861.2000,2861.4000,2861.6000,2861.8000,1,5,2,4,2,2,5,2,3,7
SF,IH2006,2020-06-17 11:05:37.700,2860.8000,17811,-2,8716615260.000,2,0,2,双平,B,2860.8000,2860.6000,2860.4000,2860.2000,2860.0000,2861.2000,2861.4000,2861.6000,2861.8000,2862.2000,1,1,5,2,4,5,2,3,7,1
SF,IH2006,2020-06-17 11:05:38.200,2860.8000,17811,0,8716615260.000,0,-,-,-,-,2860.8000,2860.6000,2860.4000,2860.2000,2860.0000,2861.2000,2861.4000,2861.6000,2861.8000,2862.2000,1,1,5,2,4,4,1,3,7,1
SF,IH2006,2020-06-17 11:05:38.700,2860.8000,17811,0,8716615260.000,0,-,-,-,-,2860.8000,2860.6000,2860.4000,2860.2000,2860.0000,2861.2000,2861.4000,2861.6000,2861.8000,2862.2000,2,1,4,2,4,4,1,3,7,1
SF,IH2006,2020-06-17 11:05:39.200,2860.8000,17811,0,8716615260.000,0,-,-,-,-,2860.8000,2860.6000,2860.4000,2860.2000,2860.0000,2861.2000,2861.4000,2861.6000,2861.8000,2862.2000,2,1,4,2,3,4,1,3,7,1
SF,IH2006,2020-06-17 11:05:39.700,2860.8000,17811,0,8716615260.000,0,-,-,-,-,2860.8000,2860.4000,2860.2000,2860.0000,2859.6000,2861.0000,2861.2000,2861.4000,2861.6000,2861.8000,2,4,2,3,2,3,4,1,3,7
SF,IH2006,2020-06-17 11:05:41.200,2860.8000,17811,0,8716615260.000,0,-,-,-,-,2860.8000,2860.4000,2860.2000,2860.0000,2859.6000,2861.0000,2861.2000,2861.4000,2861.6000,2861.8000,3,4,2,3,2,3,3,1,3,7
SF,IH2006,2020-06-17 11:05:42.700,2861.0000,17810,-1,8717473560.000,1,0,1,双平,B,2860.8000,2860.4000,2860.2000,2860.0000,2859.6000,2861.0000,2861.2000,2861.4000,2861.6000,2861.8000,3,4,2,3,2,2,3,1,3,7
SF,IH2006,2020-06-17 11:05:43.200,2861.0000,17810,0,8717473560.000,0,-,-,-,-,2860.8000,2860.4000,2860.2000,2860.0000,2859.6000,2861.0000,2861.2000,2861.4000,2861.6000,2861.8000,2,4,2,3,2,2,3,1,3,7
SF,IH2006,2020-06-17 11:05:44.700,2861.0000,17810,0,8717473560.000,0,-,-,-,-,2860.8000,2860.4000,2860.2000,2860.0000,2859.6000,2861.0000,2861.2000,2861.4000,2861.6000,2861.8000,2,4,2,3,2,2,3,1,3,7
SF,IH2006,2020-06-17 11:05:45.700,2861.0000,17810,0,8717473560.000,0,-,-,-,-,2860.8000,2860.4000,2860.2000,2860.0000,2859.6000,2861.0000,2861.2000,2861.4000,2861.6000,2861.8000,2,4,2,3,2,3,3,1,3,7
SF,IH2006,2020-06-17 11:05:46.700,2861.0000,17810,0,8717473560.000,0,-,-,-,-,2860.8000,2860.4000,2860.2000,2860.0000,2859.6000,2861.0000,2861.2000,2861.4000,2861.6000,2861.8000,1,4,2,3,2,3,3,1,3,7
SF,IH2006,2020-06-17 11:05:48.200,2861.0000,17810,0,8717473560.000,0,-,-,-,-,2860.8000,2860.4000,2860.2000,2860.0000,2859.6000,2861.0000,2861.2000,2861.4000,2861.6000,2861.8000,1,4,2,3,2,3,3,1,3,7
SF,IH2006,2020-06-17 11:05:48.700,2861.0000,17810,0,8717473560.000,0,-,-,-,-,2860.8000,2860.6000,2860.4000,2860.2000,2860.0000,2861.0000,2861.2000,2861.4000,2861.6000,2861.8000,1,1,4,2,3,3,3,1,3,7
SF,IH2006,2020-06-17 11:05:49.200,2861.0000,17811,1,8720048460.000,3,2,1,多开,B,2861.0000,2860.8000,2860.6000,2860.4000,2860.2000,2861.2000,2861.4000,2861.6000,2861.8000,2862.2000,2,1,1,4,2,3,1,3,6,1
SF,IH2006,2020-06-17 11:05:49.700,2861.0000,17811,0,8720048460.000,0,-,-,-,-,2860.8000,2860.6000,2860.4000,2860.2000,2860.0000,2861.2000,2861.4000,2861.6000,2861.8000,2862.2000,1,1,4,2,3,3,1,3,6,1
SF,IH2006,2020-06-17 11:05:52.200,2861.0000,17811,0,8720048460.000,0,-,-,-,-,2861.0000,2860.8000,2860.6000,2860.4000,2860.2000,2861.2000,2861.4000,2861.6000,2861.8000,2862.2000,2,1,1,4,2,3,1,3,6,1
SF,IH2006,2020-06-17 11:05:52.700,2861.2000,17810,-1,8722623540.000,3,1,2,空平,B,2861.0000,2860.8000,2860.6000,2860.4000,2860.2000,2861.4000,2861.6000,2861.8000,2862.2000,2862.6000,3,1,1,2,2,1,3,6,1,1
SF,IH2006,2020-06-17 11:05:55.200,2861.2000,17810,0,8722623540.000,0,-,-,-,-,2861.0000,2860.8000,2860.6000,2860.4000,2860.2000,2861.4000,2861.6000,2861.8000,2862.2000,2862.6000,3,1,1,2,2,1,2,6,1,1
SF,IH2006,2020-06-17 11:05:55.700,2861.2000,17810,0,8722623540.000,0,-,-,-,-,2861.0000,2860.8000,2860.6000,2860.4000,2860.2000,2861.4000,2861.6000,2861.8000,2862.2000,2862.6000,2,1,1,2,2,2,2,6,1,1
SF,IH2006,2020-06-17 11:06:03.200,2861.2000,17810,0,8722623540.000,0,-,-,-,-,2861.0000,2860.8000,2860.6000,2860.4000,2860.2000,2861.4000,2861.6000,2861.8000,2862.0000,2862.2000,2,1,1,2,2,2,2,6,2,1
SF,IH2006,2020-06-17 11:06:03.700,2861.2000,17810,0,8722623540.000,0,-,-,-,-,2861.0000,2860.8000,2860.6000,2860.4000,2860.2000,2861.4000,2861.6000,2861.8000,2862.0000,2862.2000,3,1,1,2,2,2,2,6,2,1
SF,IH2006,2020-06-17 11:06:04.200,2861.2000,17810,0,8722623540.000,0,-,-,-,-,2861.0000,2860.8000,2860.4000,2860.2000,2860.0000,2861.4000,2861.6000,2861.8000,2862.0000,2862.2000,3,1,2,2,3,2,2,6,2,1
SF,IH2006,2020-06-17 11:06:04.700,2861.2000,17810,0,8722623540.000,0,-,-,-,-,2861.0000,2860.8000,2860.4000,2860.2000,2860.0000,2861.4000,2861.6000,2861.8000,2862.0000,2862.2000,3,1,2,2,3,2,3,6,2,1
SF,IH2006,2020-06-17 11:06:05.200,2861.2000,17810,0,8722623540.000,0,-,-,-,-,2861.0000,2860.8000,2860.4000,2860.2000,2860.0000,2861.4000,2861.6000,2861.8000,2862.0000,2862.2000,3,1,2,2,3,2,3,6,2,1
SF,IH2006,2020-06-17 11:06:05.700,2861.2000,17810,0,8722623540.000,0,-,-,-,-,2861.0000,2860.8000,2860.4000,2860.2000,2860.0000,2861.4000,2861.6000,2861.8000,2862.0000,2862.2000,4,1,2,2,3,2,3,6,2,1
SF,IH2006,2020-06-17 11:06:06.200,2861.2000,17810,0,8722623540.000,0,-,-,-,-,2861.0000,2860.8000,2860.4000,2860.2000,2860.0000,2861.4000,2861.6000,2861.8000,2862.0000,2862.2000,1,1,2,2,3,2,3,6,2,1
SF,IH2006,2020-06-17 11:06:06.700,2861.2000,17811,1,8723481900.000,1,1,0,双开,B,2861.0000,2860.8000,2860.4000,2860.2000,2860.0000,2861.4000,2861.6000,2861.8000,2862.0000,2862.2000,1,1,2,2,3,2,3,6,2,1
SF,IH2006,2020-06-17 11:06:08.200,2861.2000,17811,0,8723481900.000,0,-,-,-,-,2861.0000,2860.8000,2860.4000,2860.2000,2860.0000,2861.4000,2861.6000,2861.8000,2862.0000,2862.2000,6,1,2,2,3,2,3,6,2,1
SF,IH2006,2020-06-17 11:06:09.700,2861.2000,17811,0,8723481900.000,0,-,-,-,-,2861.2000,2861.0000,2860.8000,2860.4000,2860.2000,2861.4000,2861.6000,2861.8000,2862.0000,2862.2000,1,6,1,2,2,2,3,6,2,1
SF,IH2006,2020-06-17 11:06:11.200,2861.4000,17811,0,8725198740.000,2,1,1,空换,B,2861.4000,2861.2000,2861.0000,2860.8000,2860.4000,2861.6000,2861.8000,2862.0000,2862.2000,2862.6000,1,1,6,1,2,3,6,2,1,1
SF,IH2006,2020-06-17 11:06:11.700,2861.6000,17810,-1,8726057220.000,1,0,1,双平,B,2861.4000,2861.2000,2861.0000,2860.8000,2860.4000,2861.6000,2861.8000,2862.0000,2862.2000,2862.6000,2,1,6,1,2,2,6,2,1,1
SF,IH2006,2020-06-17 11:06:12.200,2861.4000,17811,1,8726915640.000,1,1,0,双开,B,2861.4000,2861.2000,2861.0000,2860.8000,2860.4000,2861.6000,2861.8000,2862.0000,2862.2000,2862.6000,1,1,6,1,2,2,6,2,1,1
SF,IH2006,2020-06-17 11:06:12.700,2861.4000,17811,0,8726915640.000,0,-,-,-,-,2861.4000,2861.0000,2860.8000,2860.4000,2860.2000,2861.6000,2861.8000,2862.0000,2862.2000,2862.6000,1,6,1,2,2,2,6,2,1,1
SF,IH2006,2020-06-17 11:06:14.700,2861.4000,17811,0,8726915640.000,0,-,-,-,-,2861.4000,2861.0000,2860.8000,2860.4000,2860.2000,2861.6000,2861.8000,2862.0000,2862.2000,2862.6000,1,6,1,2,2,2,7,2,1,1
SF,IH2006,2020-06-17 11:06:15.200,2861.4000,17811,0,8726915640.000,0,-,-,-,-,2861.0000,2860.8000,2860.4000,2860.2000,2860.0000,2861.6000,2861.8000,2862.0000,2862.2000,2862.6000,5,1,2,2,3,2,7,2,1,1
SF,IH2006,2020-06-17 11:06:15.700,2861.4000,17811,0,8726915640.000,0,-,-,-,-,2861.2000,2861.0000,2860.8000,2860.4000,2860.2000,2861.6000,2861.8000,2862.0000,2862.2000,2862.6000,5,7,1,2,2,2,7,2,1,1
SF,IH2006,2020-06-17 11:06:16.200,2861.4000,17811,0,8726915640.000,0,-,-,-,-,2861.2000,2861.0000,2860.8000,2860.4000,2860.2000,2861.6000,2861.8000,2862.0000,2862.2000,2862.6000,6,7,1,2,2,2,7,2,1,1
SF,IH2006,2020-06-17 11:06:17.200,2861.4000,17811,0,8726915640.000,0,-,-,-,-,2861.4000,2861.2000,2861.0000,2860.8000,2860.4000,2861.6000,2861.8000,2862.0000,2862.2000,2862.6000,1,6,7,1,2,2,7,2,1,1
SF,IH2006,2020-06-17 11:06:18.200,2861.4000,17811,0,8726915640.000,0,-,-,-,-,2861.4000,2861.2000,2861.0000,2860.8000,2860.4000,2861.6000,2861.8000,2862.0000,2862.2000,2862.6000,2,6,7,1,2,2,7,2,1,1
SF,IH2006,2020-06-17 11:06:20.200,2861.6000,17811,0,8727774120.000,1,0,1,空换,B,2861.4000,2861.2000,2861.0000,2860.8000,2860.4000,2861.6000,2861.8000,2862.0000,2862.2000,2862.6000,1,6,8,1,2,1,7,2,1,1
SF,IH2006,2020-06-17 11:06:20.700,2861.6000,17811,0,8727774120.000,0,-,-,-,-,2861.4000,2861.2000,2861.0000,2860.8000,2860.6000,2861.6000,2861.8000,2862.0000,2862.2000,2862.6000,1,4,8,1,1,1,7,2,1,1
SF,IH2006,2020-06-17 11:06:21.700,2861.4000,17811,0,8728632540.000,1,0,1,空换,B,2861.2000,2861.0000,2860.8000,2860.6000,2860.4000,2861.6000,2861.8000,2862.0000,2862.2000,2862.6000,3,8,1,1,2,1,7,2,1,1
SF,IH2006,2020-06-17 11:06:22.200,2861.4000,17811,0,8728632540.000,0,-,-,-,-,2861.2000,2861.0000,2860.8000,2860.6000,2860.4000,2861.6000,2861.8000,2862.0000,2862.2000,2862.6000,3,8,1,1,2,2,7,2,1,1
SF,IH2006,2020-06-17 11:06:23.200,2861.4000,17811,0,8728632540.000,0,-,-,-,-,2861.2000,2861.0000,2860.8000,2860.6000,2860.4000,2861.6000,2861.8000,2862.0000,2862.2000,2862.6000,3,8,1,1,2,3,7,2,1,1
SF,IH2006,2020-06-17 11:06:23.700,2861.4000,17811,0,8728632540.000,0,-,-,-,-,2861.2000,2861.0000,2860.8000,2860.6000,2860.4000,2861.6000,2861.8000,2862.0000,2862.2000,2862.6000,3,9,1,1,2,3,7,2,1,1
SF,IH2006,2020-06-17 11:06:25.200,2861.4000,17811,0,8728632540.000,0,-,-,-,-,2861.2000,2861.0000,2860.8000,2860.6000,2860.4000,2861.6000,2861.8000,2862.0000,2862.2000,2862.6000,3,9,1,1,2,3,7,2,1,1
SF,IH2006,2020-06-17 11:06:25.700,2861.2000,17811,0,8729490900.000,1,0,1,空换,B,2861.2000,2861.0000,2860.8000,2860.6000,2860.4000,2861.4000,2861.6000,2861.8000,2862.0000,2862.2000,1,8,1,1,2,1,3,7,2,1
SF,IH2006,2020-06-17 11:06:26.200,2861.2000,17810,-1,8730349260.000,1,0,1,双平,B,2861.2000,2861.0000,2860.8000,2860.6000,2860.4000,2861.4000,2861.6000,2861.8000,2862.0000,2862.2000,1,8,1,1,2,1,3,7,2,1
SF,IH2006,2020-06-17 11:06:27.700,2861.2000,17810,0,8730349260.000,0,-,-,-,-,2861.2000,2861.0000,2860.8000,2860.6000,2860.4000,2861.4000,2861.6000,2861.8000,2862.0000,2862.2000,1,8,1,1,2,2,3,7,2,1
SF,IH2006,2020-06-17 11:06:31.200,2861.2000,17810,0,8730349260.000,0,-,-,-,-,2861.2000,2861.0000,2860.8000,2860.6000,2860.4000,2861.4000,2861.6000,2861.8000,2862.0000,2862.2000,1,8,1,1,2,3,3,7,2,1
SF,IH2006,2020-06-17 11:06:31.700,2861.4000,17809,-1,8731207680.000,1,0,1,双平,B,2861.2000,2861.0000,2860.8000,2860.6000,2860.4000,2861.4000,2861.6000,2861.8000,2862.0000,2862.2000,1,8,1,1,2,2,3,7,2,1
SF,IH2006,2020-06-17 11:06:32.200,2861.4000,17809,0,8732924520.000,2,1,1,空换,B,2861.2000,2861.0000,2860.8000,2860.6000,2860.4000,2861.6000,2861.8000,2862.0000,2862.2000,2862.6000,1,8,1,1,2,2,7,2,1,1
SF,IH2006,2020-06-17 11:06:32.700,2861.4000,17809,0,8732924520.000,0,-,-,-,-,2861.2000,2861.0000,2860.8000,2860.6000,2860.4000,2861.6000,2861.8000,2862.0000,2862.2000,2862.6000,2,8,1,1,2,2,7,2,1,1
SF,IH2006,2020-06-17 11:06:34.200,2861.4000,17808,-1,8733782940.000,1,0,1,双平,B,2861.2000,2861.0000,2860.8000,2860.6000,2860.4000,2861.6000,2861.8000,2862.0000,2862.2000,2862.6000,2,8,1,1,2,2,7,2,1,1
SF,IH2006,2020-06-17 11:06:35.200,2861.4000,17808,0,8733782940.000,0,-,-,-,-,2861.2000,2861.0000,2860.8000,2860.6000,2860.4000,2861.6000,2861.8000,2862.0000,2862.2000,2862.6000,2,8,1,1,2,2,7,2,1,1
SF,IH2006,2020-06-17 11:06:36.700,2861.4000,17808,0,8733782940.000,0,-,-,-,-,2861.4000,2861.2000,2861.0000,2860.8000,2860.6000,2861.6000,2861.8000,2862.0000,2862.2000,2862.6000,1,2,8,1,1,2,7,2,1,1
SF,IH2006,2020-06-17 11:06:37.200,2861.4000,17808,0,8734641360.000,1,0,1,空换,B,2861.2000,2861.0000,2860.8000,2860.6000,2860.4000,2861.4000,2861.6000,2861.8000,2862.0000,2862.2000,1,8,1,1,2,2,2,7,2,1
SF,IH2006,2020-06-17 11:06:37.700,2861.4000,17808,0,8734641360.000,0,-,-,-,-,2861.2000,2861.0000,2860.8000,2860.6000,2860.4000,2861.4000,2861.6000,2861.8000,2862.0000,2862.2000,2,3,1,1,2,2,2,7,2,1
SF,IH2006,2020-06-17 11:06:38.200,2861.8000,17803,-5,8738933940.000,5,0,5,双平,B,2861.2000,2861.0000,2860.8000,2860.6000,2860.4000,2861.8000,2862.0000,2862.2000,2862.6000,2862.8000,2,3,1,1,2,4,2,1,1,3
SF,IH2006,2020-06-17 11:06:38.700,2861.8000,17803,0,8738933940.000,0,-,-,-,-,2861.4000,2861.2000,2861.0000,2860.8000,2860.6000,2861.6000,2861.8000,2862.0000,2862.2000,2862.6000,1,2,3,1,1,1,5,2,1,1
SF,IH2006,2020-06-17 11:06:40.700,2861.8000,17803,0,8738933940.000,0,-,-,-,-,2861.4000,2861.2000,2861.0000,2860.8000,2860.6000,2861.6000,2861.8000,2862.0000,2862.2000,2862.6000,1,2,3,1,2,1,5,2,1,1
SF,IH2006,2020-06-17 11:06:41.200,2861.8000,17803,0,8738933940.000,0,-,-,-,-,2861.2000,2861.0000,2860.8000,2860.6000,2860.4000,2861.6000,2861.8000,2862.0000,2862.2000,2862.6000,2,3,1,2,1,1,5,2,1,1
SF,IH2006,2020-06-17 11:06:41.700,2861.8000,17803,0,8738933940.000,0,-,-,-,-,2861.2000,2861.0000,2860.8000,2860.6000,2860.4000,2861.6000,2861.8000,2862.0000,2862.2000,2862.6000,1,3,1,2,1,3,5,2,1,1
SF,IH2006,2020-06-17 11:06:42.700,2861.8000,17803,0,8738933940.000,0,-,-,-,-,2861.4000,2861.2000,2861.0000,2860.8000,2860.6000,2861.6000,2861.8000,2862.0000,2862.2000,2862.6000,1,1,3,1,2,3,5,2,1,1
SF,IH2006,2020-06-17 11:06:43.200,2861.4000,17802,-1,8739792360.000,1,0,1,双平,B,2861.2000,2861.0000,2860.8000,2860.6000,2860.4000,2861.4000,2861.6000,2861.8000,2862.0000,2862.2000,1,3,1,2,1,1,1,5,2,1
SF,IH2006,2020-06-17 11:06:43.700,2861.4000,17802,0,8739792360.000,0,-,-,-,-,2861.2000,2861.0000,2860.8000,2860.6000,2860.4000,2861.4000,2861.6000,2861.8000,2862.0000,2862.2000,2,3,1,2,1,1,1,5,2,1
SF,IH2006,2020-06-17 11:06:44.200,2861.4000,17802,0,8739792360.000,0,-,-,-,-,2861.2000,2861.0000,2860.8000,2860.6000,2860.4000,2861.6000,2861.8000,2862.0000,2862.2000,2862.6000,2,3,1,2,1,1,5,2,1,1
SF,IH2006,2020-06-17 11:06:46.700,2861.4000,17802,0,8739792360.000,0,-,-,-,-,2861.2000,2861.0000,2860.8000,2860.6000,2860.4000,2861.6000,2861.8000,2862.0000,2862.2000,2862.6000,2,3,1,2,1,1,5,2,1,1
SF,IH2006,2020-06-17 11:06:48.200,2861.4000,17802,0,8739792360.000,0,-,-,-,-,2861.2000,2861.0000,2860.8000,2860.6000,2860.4000,2861.6000,2861.8000,2862.0000,2862.2000,2862.6000,2,3,2,2,1,1,5,2,1,1
SF,IH2006,2020-06-17 11:06:49.200,2861.4000,17802,0,8739792360.000,0,-,-,-,-,2861.4000,2861.2000,2861.0000,2860.8000,2860.6000,2861.6000,2861.8000,2862.0000,2862.2000,2862.6000,1,2,3,2,2,1,5,2,1,1
SF,IH2006,2020-06-17 11:06:49.700,2861.4000,17802,0,8739792360.000,0,-,-,-,-,2861.4000,2861.2000,2861.0000,2860.8000,2860.6000,2861.6000,2861.8000,2862.0000,2862.2000,2862.6000,2,1,3,2,2,2,5,2,1,1
SF,IH2006,2020-06-17 11:06:50.200,2861.4000,17802,0,8739792360.000,0,-,-,-,-,2861.4000,2861.2000,2861.0000,2860.8000,2860.6000,2861.6000,2861.8000,2862.0000,2862.2000,2862.6000,3,1,3,2,2,2,5,2,1,1
SF,IH2006,2020-06-17 11:06:52.200,2861.4000,17802,0,8739792360.000,0,-,-,-,-,2861.4000,2861.2000,2861.0000,2860.8000,2860.6000,2861.6000,2861.8000,2862.0000,2862.2000,2862.6000,2,1,3,2,2,2,5,2,1,1
SF,IH2006,2020-06-17 11:06:52.700,2861.4000,17802,0,8739792360.000,0,-,-,-,-,2861.4000,2861.2000,2861.0000,2860.8000,2860.6000,2861.6000,2861.8000,2862.0000,2862.2000,2862.6000,1,1,3,2,2,2,5,2,1,1
SF,IH2006,2020-06-17 11:06:53.700,2861.4000,17802,0,8740650780.000,1,0,1,空换,B,2861.2000,2861.0000,2860.8000,2860.6000,2860.4000,2861.4000,2861.6000,2861.8000,2862.0000,2862.2000,1,3,2,2,1,1,2,5,2,1
SF,IH2006,2020-06-17 11:06:54.700,2861.4000,17802,0,8740650780.000,0,-,-,-,-,2861.2000,2861.0000,2860.8000,2860.6000,2860.4000,2861.6000,2861.8000,2862.0000,2862.2000,2862.6000,1,3,2,2,1,2,5,2,1,1
SF,IH2006,2020-06-17 11:06:56.200,2861.4000,17802,0,8740650780.000,0,-,-,-,-,2861.2000,2861.0000,2860.8000,2860.6000,2860.4000,2861.6000,2861.8000,2862.0000,2862.2000,2862.6000,1,3,2,2,1,2,5,2,1,1
SF,IH2006,2020-06-17 11:06:56.700,2861.4000,17802,0,8740650780.000,0,-,-,-,-,2861.2000,2861.0000,2860.8000,2860.6000,2860.4000,2861.6000,2861.8000,2862.0000,2862.2000,2862.6000,1,3,2,2,1,3,5,2,1,1
SF,IH2006,2020-06-17 11:06:58.200,2861.2000,17802,0,8741509140.000,1,0,1,空换,B,2861.0000,2860.8000,2860.6000,2860.4000,2860.2000,2861.4000,2861.6000,2861.8000,2862.0000,2862.2000,3,2,2,1,5,2,3,5,2,1
SF,IH2006,2020-06-17 11:06:58.700,2861.2000,17802,0,8741509140.000,0,-,-,-,-,2861.0000,2860.8000,2860.6000,2860.4000,2860.2000,2861.4000,2861.6000,2861.8000,2862.0000,2862.2000,3,2,2,1,5,3,3,5,2,1
SF,IH2006,2020-06-17 11:07:00.200,2861.2000,17802,0,8741509140.000,0,-,-,-,-,2861.0000,2860.8000,2860.6000,2860.4000,2860.2000,2861.4000,2861.6000,2861.8000,2862.0000,2862.2000,3,2,2,1,5,1,3,5,2,1
SF,IH2006,2020-06-17 11:07:00.700,2861.2000,17802,0,8741509140.000,0,-,-,-,-,2861.2000,2861.0000,2860.8000,2860.6000,2860.4000,2861.4000,2861.6000,2861.8000,2862.0000,2862.2000,1,3,2,2,1,2,3,5,2,1
SF,IH2006,2020-06-17 11:07:01.200,2861.2000,17802,0,8741509140.000,0,-,-,-,-,2861.2000,2861.0000,2860.8000,2860.6000,2860.4000,2861.6000,2861.8000,2862.2000,2862.6000,2862.8000,1,3,2,2,1,3,5,1,1,3
SF,IH2006,2020-06-17 11:07:01.700,2861.2000,17802,0,8741509140.000,0,-,-,-,-,2861.4000,2861.2000,2861.0000,2860.8000,2860.6000,2861.6000,2861.8000,2862.2000,2862.6000,2862.8000,2,2,3,2,2,3,5,1,1,3
SF,IH2006,2020-06-17 11:07:02.200,2861.4000,17801,-1,8743225980.000,2,0,2,空平,B,2861.2000,2861.0000,2860.8000,2860.6000,2860.2000,2861.6000,2861.8000,2862.2000,2862.6000,2862.8000,2,3,2,2,5,3,5,1,1,3
SF,IH2006,2020-06-17 11:07:02.700,2861.4000,17801,0,8743225980.000,0,-,-,-,-,2861.2000,2861.0000,2860.8000,2860.6000,2860.2000,2861.6000,2861.8000,2862.2000,2862.6000,2862.8000,2,3,2,2,5,3,5,1,1,3
SF,IH2006,2020-06-17 11:07:03.200,2861.4000,17801,0,8743225980.000,0,-,-,-,-,2861.4000,2861.2000,2861.0000,2860.8000,2860.6000,2861.6000,2861.8000,2862.2000,2862.6000,2862.8000,1,2,3,2,2,3,5,1,1,3
SF,IH2006,2020-06-17 11:07:03.700,2861.4000,17802,1,8744084400.000,1,1,0,双开,B,2861.2000,2861.0000,2860.8000,2860.6000,2860.2000,2861.6000,2861.8000,2862.2000,2862.6000,2862.8000,2,3,2,2,5,3,5,1,1,3
SF,IH2006,2020-06-17 11:07:04.200,2861.6000,17802,0,8744942880.000,1,0,1,空换,B,2861.2000,2861.0000,2860.8000,2860.6000,2860.2000,2861.6000,2861.8000,2862.2000,2862.6000,2862.8000,2,3,2,2,5,3,5,1,1,3
SF,IH2006,2020-06-17 11:07:04.700,2861.6000,17802,0,8744942880.000,0,-,-,-,-,2861.2000,2861.0000,2860.8000,2860.6000,2860.2000,2861.4000,2861.6000,2861.8000,2862.2000,2862.6000,1,3,2,2,5,4,3,5,1,1
SF,IH2006,2020-06-17 11:07:05.200,2861.2000,17803,1,8745801240.000,1,1,0,双开,B,2861.0000,2860.8000,2860.6000,2860.2000,2860.0000,2861.2000,2861.6000,2861.8000,2862.2000,2862.6000,3,2,2,5,2,1,3,5,1,1
SF,IH2006,2020-06-17 11:07:05.700,2861.0000,17803,0,8746659540.000,1,0,1,空换,B,2861.2000,2861.0000,2860.8000,2860.6000,2860.2000,2861.4000,2861.6000,2861.8000,2862.2000,2862.6000,1,2,2,2,5,1,3,5,1,1
SF,IH2006,2020-06-17 11:07:06.200,2861.2000,17804,1,8747517900.000,1,1,0,双开,B,2861.0000,2860.8000,2860.6000,2860.2000,2860.0000,2861.2000,2861.4000,2861.6000,2861.8000,2862.2000,2,2,2,5,2,1,1,3,5,1
SF,IH2006,2020-06-17 11:07:06.700,2861.2000,17804,0,8747517900.000,0,-,-,-,-,2861.0000,2860.8000,2860.6000,2860.2000,2860.0000,2861.4000,2861.6000,2861.8000,2862.2000,2862.4000,2,2,2,5,2,1,3,5,1,1
SF,IH2006,2020-06-17 11:07:07.200,2861.0000,17803,-1,8748376200.000,1,0,1,双平,B,2861.0000,2860.8000,2860.6000,2860.2000,2860.0000,2861.4000,2861.6000,2861.8000,2862.2000,2862.4000,1,2,2,5,2,3,3,5,1,1
SF,IH2006,2020-06-17 11:07:07.700,2861.0000,17804,1,8749234500.000,1,1,0,双开,B,2860.8000,2860.6000,2860.2000,2860.0000,2859.6000,2861.2000,2861.4000,2861.6000,2861.8000,2862.2000,2,2,5,2,1,2,4,3,5,1
SF,IH2006,2020-06-17 11:07:08.200,2861.0000,17804,0,8749234500.000,0,-,-,-,-,2860.8000,2860.6000,2860.2000,2860.0000,2859.6000,2861.0000,2861.2000,2861.4000,2861.6000,2861.8000,2,2,5,2,1,1,5,4,3,4
SF,IH2006,2020-06-17 11:07:08.700,2861.0000,17804,0,8750092800.000,1,0,1,空换,B,2860.8000,2860.6000,2860.2000,2860.0000,2859.6000,2861.0000,2861.2000,2861.4000,2861.6000,2861.8000,2,2,5,2,1,1,5,4,2,4
SF,IH2006,2020-06-17 11:07:09.200,2861.0000,17804,0,8750092800.000,0,-,-,-,-,2860.8000,2860.6000,2860.2000,2860.0000,2859.6000,2861.0000,2861.2000,2861.4000,2861.6000,2861.8000,2,2,5,2,1,1,5,3,2,4
SF,IH2006,2020-06-17 11:07:10.200,2860.8000,17803,-1,8750951040.000,1,0,1,双平,B,2860.8000,2860.6000,2860.2000,2860.0000,2859.6000,2861.0000,2861.2000,2861.4000,2861.6000,2861.8000,1,2,5,2,1,1,5,3,2,4
SF,IH2006,2020-06-17 11:07:10.700,2860.6000,17802,-1,8752667460.000,2,0,2,空平,B,2860.6000,2860.2000,2860.0000,2859.6000,2859.4000,2860.8000,2861.0000,2861.2000,2861.4000,2861.6000,1,5,2,1,1,11,9,5,3,2
SF,IH2006,2020-06-17 11:07:11.200,2860.6000,17802,0,8753525640.000,1,0,1,空换,B,2860.2000,2860.0000,2859.6000,2859.4000,2859.2000,2860.6000,2860.8000,2861.0000,2861.2000,2861.4000,5,2,1,1,2,14,8,10,3,3
SF,IH2006,2020-06-17 11:07:11.700,2860.6000,17802,0,8753525640.000,0,-,-,-,-,2860.2000,2860.0000,2859.6000,2859.4000,2859.2000,2860.6000,2860.8000,2861.0000,2861.2000,2861.4000,5,2,1,1,2,7,4,10,3,3
SF,IH2006,2020-06-17 11:07:12.200,2860.2000,17802,0,8754383700.000,1,0,1,空换,B,2860.2000,2860.0000,2859.6000,2859.4000,2859.2000,2860.6000,2860.8000,2861.0000,2861.2000,2861.4000,4,2,1,1,2,7,4,10,3,3
SF,IH2006,2020-06-17 11:07:12.700,2860.6000,17801,-1,8756100060.000,2,0,2,空平,B,2860.2000,2860.0000,2859.6000,2859.4000,2859.2000,2860.6000,2860.8000,2861.0000,2861.2000,2861.4000,5,2,1,1,2,5,4,10,3,3
SF,IH2006,2020-06-17 11:07:13.200,2860.6000,17801,0,8756100060.000,0,-,-,-,-,2860.2000,2860.0000,2859.6000,2859.4000,2859.2000,2860.8000,2861.0000,2861.2000,2861.4000,2861.6000,5,2,1,1,2,3,10,3,3,3
SF,IH2006,2020-06-17 11:07:13.700,2860.2000,17800,-1,8757816360.000,2,0,2,空平,B,2860.2000,2860.0000,2859.6000,2859.4000,2859.2000,2860.8000,2861.0000,2861.2000,2861.4000,2861.6000,4,2,1,1,2,2,3,3,3,3
SF,IH2006,2020-06-17 11:07:14.200,2860.2000,17799,-1,8758674420.000,1,0,1,双平,B,2860.2000,2860.0000,2859.6000,2859.4000,2859.2000,2860.8000,2861.0000,2861.2000,2861.4000,2861.6000,4,2,1,1,2,1,2,3,3,3
SF,IH2006,2020-06-17 11:07:14.700,2860.2000,17799,0,8758674420.000,0,-,-,-,-,2860.2000,2860.0000,2859.6000,2859.4000,2859.2000,2860.8000,2861.0000,2861.2000,2861.4000,2861.6000,4,2,1,1,2,2,2,3,3,2
SF,IH2006,2020-06-17 11:07:15.200,2860.2000,17799,0,8758674420.000,0,-,-,-,-,2860.4000,2860.2000,2860.0000,2859.6000,2859.4000,2860.8000,2861.0000,2861.2000,2861.4000,2861.6000,1,4,2,1,1,2,2,3,3,2
SF,IH2006,2020-06-17 11:07:15.700,2860.2000,17799,0,8758674420.000,0,-,-,-,-,2860.4000,2860.2000,2860.0000,2859.6000,2859.4000,2860.8000,2861.0000,2861.2000,2861.4000,2861.6000,1,4,2,1,1,1,2,3,3,1
SF,IH2006,2020-06-17 11:07:17.200,2860.2000,17799,0,8758674420.000,0,-,-,-,-,2860.6000,2860.4000,2860.2000,2860.0000,2859.6000,2860.8000,2861.0000,2861.2000,2861.4000,2861.6000,1,1,4,2,1,4,3,3,3,1
SF,IH2006,2020-06-17 11:07:17.700,2860.8000,17797,-2,8760390900.000,2,0,2,双平,B,2860.6000,2860.4000,2860.2000,2860.0000,2859.6000,2860.8000,2861.0000,2861.2000,2861.4000,2861.6000,1,1,4,2,1,2,3,3,3,1
SF,IH2006,2020-06-17 11:07:18.200,2861.0000,17795,-2,8762965680.000,3,0,3,空平,B,2860.6000,2860.4000,2860.2000,2860.0000,2859.6000,2861.0000,2861.2000,2861.4000,2861.6000,2861.8000,1,1,4,2,1,2,3,3,1,4
SF,IH2006,2020-06-17 11:07:18.700,2861.0000,17795,0,8762965680.000,0,-,-,-,-,2860.8000,2860.6000,2860.4000,2860.2000,2860.0000,2861.0000,2861.2000,2861.4000,2861.6000,2861.8000,1,2,1,4,2,2,3,3,1,4
SF,IH2006,2020-06-17 11:07:19.200,2860.8000,17795,0,8763823920.000,1,0,1,空换,B,2860.6000,2860.4000,2860.2000,2860.0000,2859.6000,2861.0000,2861.2000,2861.4000,2861.6000,2861.8000,2,1,4,2,1,2,3,3,1,4
SF,IH2006,2020-06-17 11:07:19.700,2860.8000,17795,0,8763823920.000,0,-,-,-,-,2860.6000,2860.4000,2860.2000,2860.0000,2859.6000,2860.8000,2861.0000,2861.2000,2861.4000,2861.6000,2,1,4,2,1,1,3,3,3,1
SF,IH2006,2020-06-17 11:07:21.700,2860.8000,17795,0,8763823920.000,0,-,-,-,-,2860.6000,2860.4000,2860.2000,2860.0000,2859.6000,2860.8000,2861.0000,2861.2000,2861.4000,2861.6000,2,1,4,2,1,2,3,3,3,1
SF,IH2006,2020-06-17 11:07:22.700,2860.8000,17795,0,8763823920.000,0,-,-,-,-,2860.6000,2860.4000,2860.2000,2860.0000,2859.6000,2860.8000,2861.0000,2861.2000,2861.4000,2861.6000,2,1,4,2,1,2,3,3,3,1
SF,IH2006,2020-06-17 11:07:23.700,2860.8000,17795,0,8763823920.000,0,-,-,-,-,2860.6000,2860.4000,2860.2000,2860.0000,2859.6000,2860.8000,2861.0000,2861.2000,2861.4000,2861.6000,2,1,4,2,1,3,3,3,3,1
SF,IH2006,2020-06-17 11:07:24.200,2860.6000,17795,0,8764682100.000,1,0,1,空换,B,2860.4000,2860.2000,2860.0000,2859.6000,2859.4000,2860.6000,2860.8000,2861.0000,2861.2000,2861.4000,1,4,2,1,1,1,4,3,3,2
SF,IH2006,2020-06-17 11:07:24.700,2860.6000,17795,0,8764682100.000,0,-,-,-,-,2860.4000,2860.2000,2860.0000,2859.6000,2859.4000,2860.8000,2861.0000,2861.2000,2861.4000,2861.6000,1,4,2,1,1,4,3,3,2,1
SF,IH2006,2020-06-17 11:07:25.200,2860.6000,17795,0,8764682100.000,0,-,-,-,-,2860.4000,2860.2000,2860.0000,2859.6000,2859.4000,2860.8000,2861.0000,2861.2000,2861.4000,2861.6000,2,4,2,1,1,4,3,3,2,1
SF,IH2006,2020-06-17 11:07:25.700,2860.6000,17795,0,8764682100.000,0,-,-,-,-,2860.4000,2860.2000,2860.0000,2859.6000,2859.4000,2860.6000,2860.8000,2861.0000,2861.2000,2861.4000,2,4,2,1,1,1,4,3,3,2
SF,IH2006,2020-06-17 11:07:27.200,2860.6000,17794,-1,8765540280.000,1,0,1,双平,B,2860.6000,2860.4000,2860.2000,2860.0000,2859.6000,2860.8000,2861.0000,2861.2000,2861.4000,2861.6000,1,2,4,2,1,4,2,3,2,1
SF,IH2006,2020-06-17 11:07:27.700,2860.6000,17794,0,8765540280.000,0,-,-,-,-,2860.6000,2860.4000,2860.2000,2860.0000,2859.6000,2860.8000,2861.0000,2861.2000,2861.4000,2861.6000,1,2,4,2,1,3,2,3,2,1
SF,IH2006,2020-06-17 11:07:28.700,2860.6000,17794,0,8765540280.000,0,-,-,-,-,2860.6000,2860.4000,2860.2000,2860.0000,2859.6000,2860.8000,2861.0000,2861.2000,2861.4000,2861.6000,1,2,4,2,1,3,2,4,2,1
SF,IH2006,2020-06-17 11:07:30.200,2860.6000,17794,0,8765540280.000,0,-,-,-,-,2860.6000,2860.4000,2860.2000,2860.0000,2859.6000,2860.8000,2861.0000,2861.2000,2861.4000,2861.6000,2,2,4,2,1,3,2,4,2,1
SF,IH2006,2020-06-17 11:07:30.700,2860.6000,17794,0,8765540280.000,0,-,-,-,-,2860.6000,2860.4000,2860.2000,2860.0000,2859.6000,2860.8000,2861.0000,2861.2000,2861.4000,2861.6000,3,2,4,2,1,3,1,4,2,1
SF,IH2006,2020-06-17 11:07:31.700,2860.6000,17794,0,8765540280.000,0,-,-,-,-,2860.6000,2860.4000,2860.2000,2860.0000,2859.6000,2860.8000,2861.0000,2861.2000,2861.4000,2861.6000,3,4,4,2,1,3,1,4,2,1
SF,IH2006,2020-06-17 11:07:34.700,2860.8000,17794,0,8766398520.000,1,0,1,空换,B,2860.6000,2860.4000,2860.2000,2860.0000,2859.6000,2860.8000,2861.0000,2861.2000,2861.4000,2861.6000,3,4,4,2,1,2,1,4,2,1
SF,IH2006,2020-06-17 11:07:35.200,2860.8000,17792,-2,8768115000.000,2,0,2,双平,B,2860.8000,2860.6000,2860.4000,2860.2000,2860.0000,2861.0000,2861.2000,2861.4000,2861.6000,2861.8000,1,3,4,4,2,1,4,2,1,5
SF,IH2006,2020-06-17 11:07:35.700,2860.8000,17792,0,8768115000.000,0,-,-,-,-,2860.8000,2860.6000,2860.4000,2860.2000,2860.0000,2861.0000,2861.2000,2861.4000,2861.6000,2861.8000,2,2,4,4,2,1,4,2,1,5
SF,IH2006,2020-06-17 11:07:36.200,2860.8000,17791,-1,8768973240.000,1,0,1,双平,B,2860.8000,2860.6000,2860.4000,2860.2000,2860.0000,2861.0000,2861.2000,2861.4000,2861.6000,2861.8000,1,2,4,4,2,1,4,2,1,5
SF,IH2006,2020-06-17 11:07:37.200,2860.8000,17791,0,8769831480.000,1,0,1,空换,B,2860.6000,2860.4000,2860.2000,2860.0000,2859.6000,2861.0000,2861.2000,2861.4000,2861.6000,2861.8000,2,4,4,2,1,1,4,2,1,5
SF,IH2006,2020-06-17 11:07:37.700,2860.8000,17791,0,8769831480.000,0,-,-,-,-,2860.6000,2860.4000,2860.2000,2860.0000,2859.6000,2860.8000,2861.0000,2861.2000,2861.4000,2861.6000,2,4,4,2,1,1,1,4,2,1
SF,IH2006,2020-06-17 11:07:38.200,2860.8000,17791,0,8770689720.000,1,0,1,空换,B,2860.6000,2860.4000,2860.2000,2860.0000,2859.6000,2860.8000,2861.0000,2861.2000,2861.4000,2861.6000,2,4,4,2,1,1,1,4,2,1
SF,IH2006,2020-06-17 11:07:38.700,2861.0000,17790,-1,8772406260.000,2,0,2,空平,B,2860.6000,2860.4000,2860.2000,2860.0000,2859.6000,2861.2000,2861.4000,2861.6000,2861.8000,2862.2000,3,4,4,2,1,4,2,1,5,1
SF,IH2006,2020-06-17 11:07:39.200,2860.6000,17789,-1,8773264440.000,1,0,1,双平,B,2860.6000,2860.4000,2860.2000,2860.0000,2859.6000,2861.2000,2861.4000,2861.6000,2861.8000,2862.2000,2,4,4,2,1,4,2,1,5,1
SF,IH2006,2020-06-17 11:07:39.700,2860.6000,17789,0,8773264440.000,0,-,-,-,-,2860.6000,2860.4000,2860.2000,2860.0000,2859.6000,2860.8000,2861.0000,2861.2000,2861.4000,2861.6000,2,4,4,2,1,3,2,4,2,1
SF,IH2006,2020-06-17 11:07:40.200,2860.6000,17789,0,8773264440.000,0,-,-,-,-,2860.6000,2860.4000,2860.2000,2860.0000,2859.6000,2861.0000,2861.2000,2861.4000,2861.6000,2861.8000,2,4,4,2,1,4,4,2,1,5
SF,IH2006,2020-06-17 11:07:40.700,2860.6000,17789,0,8773264440.000,0,-,-,-,-,2860.6000,2860.4000,2860.2000,2860.0000,2859.6000,2861.0000,2861.2000,2861.4000,2861.6000,2861.8000,2,4,4,2,1,6,4,2,1,5
SF,IH2006,2020-06-17 11:07:41.200,2860.6000,17789,0,8773264440.000,0,-,-,-,-,2860.6000,2860.4000,2860.2000,2860.0000,2859.6000,2861.0000,2861.2000,2861.4000,2861.6000,2861.8000,2,4,4,2,1,4,4,2,1,5
SF,IH2006,2020-06-17 11:07:41.700,2860.6000,17789,0,8773264440.000,0,-,-,-,-,2860.6000,2860.4000,2860.2000,2860.0000,2859.6000,2861.0000,2861.2000,2861.4000,2861.6000,2861.8000,5,4,4,2,1,4,4,2,1,5
SF,IH2006,2020-06-17 11:07:42.200,2860.6000,17789,0,8773264440.000,0,-,-,-,-,2860.6000,2860.4000,2860.2000,2860.0000,2859.6000,2861.2000,2861.4000,2861.6000,2861.8000,2862.2000,5,4,4,2,1,4,2,1,5,1
SF,IH2006,2020-06-17 11:07:42.700,2860.6000,17789,0,8773264440.000,0,-,-,-,-,2860.8000,2860.6000,2860.4000,2860.2000,2860.0000,2861.2000,2861.4000,2861.6000,2861.8000,2862.2000,1,5,3,3,2,3,2,1,5,1
SF,IH2006,2020-06-17 11:07:43.200,2860.6000,17789,0,8773264440.000,0,-,-,-,-,2860.8000,2860.6000,2860.4000,2860.2000,2860.0000,2861.2000,2861.4000,2861.6000,2861.8000,2862.2000,1,5,3,3,2,2,1,1,5,1
SF,IH2006,2020-06-17 11:07:44.200,2860.8000,17790,1,8774122680.000,1,1,0,双开,B,2860.6000,2860.4000,2860.2000,2860.0000,2859.6000,2861.2000,2861.4000,2861.6000,2861.8000,2862.2000,5,3,3,2,1,2,1,1,5,1
SF,IH2006,2020-06-17 11:07:44.700,2860.8000,17790,0,8774122680.000,0,-,-,-,-,2860.8000,2860.6000,2860.4000,2860.2000,2860.0000,2861.2000,2861.4000,2861.6000,2861.8000,2862.2000,1,4,3,3,2,2,1,1,5,1
SF,IH2006,2020-06-17 11:07:51.200,2861.2000,17789,-1,8775839400.000,2,0,2,空平,B,2861.2000,2860.8000,2860.6000,2860.4000,2860.2000,2861.4000,2861.6000,2861.8000,2862.2000,2862.4000,1,1,4,3,3,1,1,5,1,1
SF,IH2006,2020-06-17 11:07:51.700,2860.8000,17788,-1,8777556000.000,2,0,2,空平,B,2860.6000,2860.4000,2860.2000,2860.0000,2859.6000,2861.0000,2861.2000,2861.4000,2861.6000,2861.8000,4,3,3,2,1,3,6,3,1,5
SF,IH2006,2020-06-17 11:07:52.200,2860.6000,17788,0,8779272360.000,2,1,1,空换,B,2860.6000,2860.4000,2860.2000,2860.0000,2859.6000,2861.0000,2861.2000,2861.4000,2861.6000,2861.8000,2,3,3,2,1,1,6,3,1,5
SF,IH2006,2020-06-17 11:07:52.700,2860.6000,17788,0,8779272360.000,0,-,-,-,-,2860.6000,2860.4000,2860.2000,2860.0000,2859.6000,2861.0000,2861.2000,2861.4000,2861.6000,2861.8000,2,3,3,2,1,2,3,3,1,5
SF,IH2006,2020-06-17 11:07:55.200,2860.6000,17787,-1,8780130540.000,1,0,1,双平,B,2860.6000,2860.4000,2860.2000,2860.0000,2859.6000,2861.0000,2861.2000,2861.4000,2861.6000,2861.8000,1,3,3,2,1,2,2,3,1,5
SF,IH2006,2020-06-17 11:07:57.700,2860.6000,17787,0,8780130540.000,0,-,-,-,-,2860.6000,2860.4000,2860.2000,2860.0000,2859.6000,2861.0000,2861.2000,2861.4000,2861.6000,2861.8000,1,3,3,2,1,3,2,3,1,5
SF,IH2006,2020-06-17 11:07:58.200,2860.6000,17787,0,8780130540.000,0,-,-,-,-,2860.6000,2860.4000,2860.2000,2860.0000,2859.6000,2861.0000,2861.2000,2861.4000,2861.6000,2861.8000,1,3,3,2,1,2,2,3,1,5
SF,IH2006,2020-06-17 11:07:58.700,2861.0000,17788,1,8781847140.000,2,1,1,多开,B,2860.8000,2860.6000,2860.4000,2860.2000,2860.0000,2861.2000,2861.4000,2861.6000,2861.8000,2862.2000,2,1,1,3,2,2,3,1,5,1
SF,IH2006,2020-06-17 11:08:00.200,2860.6000,17786,-2,8784421800.000,3,0,3,空平,B,2860.4000,2860.2000,2860.0000,2859.8000,2859.6000,2861.2000,2861.4000,2861.6000,2861.8000,2862.2000,1,3,2,1,1,2,3,1,5,1
SF,IH2006,2020-06-17 11:08:00.700,2860.6000,17786,0,8784421800.000,0,-,-,-,-,2860.6000,2860.4000,2860.2000,2860.0000,2859.8000,2861.2000,2861.4000,2861.6000,2861.8000,2862.2000,4,2,3,2,1,3,3,1,5,1
SF,IH2006,2020-06-17 11:08:01.700,2860.6000,17786,0,8784421800.000,0,-,-,-,-,2860.6000,2860.4000,2860.2000,2860.0000,2859.8000,2861.2000,2861.4000,2861.6000,2861.8000,2862.2000,4,1,3,2,1,3,3,1,5,1
SF,IH2006,2020-06-17 11:08:02.200,2860.6000,17786,0,8784421800.000,0,-,-,-,-,2860.6000,2860.4000,2860.2000,2860.0000,2859.8000,2861.2000,2861.4000,2861.6000,2861.8000,2862.2000,4,1,3,2,1,5,3,1,5,1
SF,IH2006,2020-06-17 11:08:03.200,2860.6000,17786,0,8784421800.000,0,-,-,-,-,2860.6000,2860.4000,2860.2000,2860.0000,2859.8000,2861.2000,2861.4000,2861.6000,2861.8000,2862.2000,3,1,3,2,1,5,3,1,5,1
SF,IH2006,2020-06-17 11:08:06.200,2861.2000,17785,-1,8786138520.000,2,0,2,空平,B,2860.6000,2860.4000,2860.2000,2860.0000,2859.8000,2861.2000,2861.4000,2861.6000,2861.8000,2862.2000,3,1,3,2,1,3,3,1,5,1
SF,IH2006,2020-06-17 11:08:06.700,2860.8000,17785,0,8786996760.000,1,0,1,空换,B,2860.6000,2860.4000,2860.2000,2860.0000,2859.8000,2861.2000,2861.4000,2861.6000,2861.8000,2862.2000,3,1,3,2,1,3,3,1,5,1
SF,IH2006,2020-06-17 11:08:07.200,2861.2000,17783,-2,8791288500.000,5,1,4,空平,B,2860.6000,2860.4000,2860.2000,2860.0000,2859.8000,2861.4000,2861.6000,2861.8000,2862.2000,2862.4000,3,1,3,2,1,3,1,5,1,1
SF,IH2006,2020-06-17 11:08:07.700,2861.2000,17783,0,8791288500.000,0,-,-,-,-,2860.6000,2860.4000,2860.2000,2860.0000,2859.8000,2861.2000,2861.4000,2861.6000,2861.8000,2862.2000,5,1,3,2,1,2,3,1,5,1
SF,IH2006,2020-06-17 11:08:08.200,2861.2000,17783,0,8791288500.000,0,-,-,-,-,2860.6000,2860.4000,2860.2000,2860.0000,2859.8000,2861.2000,2861.4000,2861.6000,2861.8000,2862.2000,9,1,3,2,1,3,3,1,5,1
SF,IH2006,2020-06-17 11:08:08.700,2861.0000,17783,0,8792146800.000,1,0,1,空换,B,2861.0000,2860.6000,2860.4000,2860.2000,2860.0000,2861.2000,2861.4000,2861.6000,2861.8000,2862.2000,1,9,1,3,2,3,3,1,5,1
SF,IH2006,2020-06-17 11:08:09.200,2861.0000,17783,0,8793005100.000,1,0,1,空换,B,2860.6000,2860.4000,2860.2000,2860.0000,2859.8000,2861.0000,2861.2000,2861.4000,2861.6000,2861.8000,9,1,3,2,1,5,3,3,1,5
SF,IH2006,2020-06-17 11:08:09.700,2861.0000,17783,0,8793005100.000,0,-,-,-,-,2860.6000,2860.4000,2860.2000,2860.0000,2859.8000,2860.8000,2861.0000,2861.2000,2861.4000,2861.6000,7,1,3,2,1,2,1,3,3,1
SF,IH2006,2020-06-17 11:08:10.200,2861.0000,17783,0,8793005100.000,0,-,-,-,-,2860.6000,2860.4000,2860.2000,2860.0000,2859.8000,2861.0000,2861.2000,2861.4000,2861.6000,2861.8000,6,1,3,2,1,1,3,3,1,5
SF,IH2006,2020-06-17 11:08:10.700,2861.0000,17783,0,8793005100.000,0,-,-,-,-,2860.6000,2860.4000,2860.2000,2860.0000,2859.8000,2861.0000,2861.2000,2861.4000,2861.6000,2861.8000,7,1,3,2,1,1,3,3,1,5
SF,IH2006,2020-06-17 11:08:12.700,2860.6000,17783,0,8793863280.000,1,0,1,空换,B,2860.6000,2860.4000,2860.2000,2860.0000,2859.8000,2861.0000,2861.2000,2861.4000,2861.6000,2861.8000,6,1,3,2,1,1,3,3,1,5
SF,IH2006,2020-06-17 11:08:13.700,2860.6000,17783,0,8793863280.000,0,-,-,-,-,2860.8000,2860.6000,2860.4000,2860.2000,2860.0000,2861.0000,2861.2000,2861.4000,2861.6000,2861.8000,2,6,1,3,2,1,3,3,1,5
SF,IH2006,2020-06-17 11:08:14.200,2860.6000,17783,0,8793863280.000,0,-,-,-,-,2860.8000,2860.6000,2860.4000,2860.2000,2860.0000,2861.0000,2861.2000,2861.4000,2861.6000,2861.8000,2,6,1,3,2,1,2,3,1,5
SF,IH2006,2020-06-17 11:08:15.200,2861.0000,17782,-1,8794721580.000,1,0,1,双平,B,2860.8000,2860.6000,2860.4000,2860.2000,2860.0000,2861.2000,2861.4000,2861.6000,2861.8000,2862.2000,2,6,1,3,2,2,3,1,5,1
SF,IH2006,2020-06-17 11:08:15.700,2861.0000,17782,0,8794721580.000,0,-,-,-,-,2860.8000,2860.6000,2860.4000,2860.2000,2860.0000,2861.2000,2861.4000,2861.6000,2861.8000,2862.2000,2,6,1,4,2,1,3,1,5,1
SF,IH2006,2020-06-17 11:08:16.200,2861.0000,17782,0,8794721580.000,0,-,-,-,-,2860.8000,2860.6000,2860.4000,2860.2000,2860.0000,2861.4000,2861.6000,2861.8000,2862.2000,2862.4000,3,5,1,4,2,3,1,5,1,1
SF,IH2006,2020-06-17 11:08:19.200,2861.4000,17781,-1,8796438420.000,2,0,2,空平,B,2860.8000,2860.6000,2860.4000,2860.2000,2860.0000,2861.4000,2861.6000,2861.8000,2862.2000,2862.4000,3,5,1,4,2,1,1,5,1,1
SF,IH2006,2020-06-17 11:08:19.700,2861.4000,17781,0,8796438420.000,0,-,-,-,-,2861.2000,2861.0000,2860.8000,2860.6000,2860.4000,2861.6000,2861.8000,2862.2000,2862.4000,2862.6000,4,1,3,5,1,1,5,1,1,1
SF,IH2006,2020-06-17 11:08:20.200,2861.4000,17781,0,8796438420.000,0,-,-,-,-,2861.0000,2860.8000,2860.6000,2860.4000,2860.2000,2861.2000,2861.6000,2861.8000,2862.2000,2862.4000,1,3,5,1,4,2,3,5,1,1
SF,IH2006,2020-06-17 11:08:20.700,2861.4000,17781,0,8796438420.000,0,-,-,-,-,2861.0000,2860.8000,2860.6000,2860.4000,2860.2000,2861.2000,2861.6000,2861.8000,2862.2000,2862.4000,1,4,5,1,4,1,3,5,1,1
SF,IH2006,2020-06-17 11:08:21.200,2861.2000,17781,0,8797296780.000,1,0,1,空换,B,2861.2000,2861.0000,2860.8000,2860.6000,2860.4000,2861.6000,2861.8000,2862.2000,2862.4000,2862.6000,1,1,4,5,1,3,5,1,1,1
SF,IH2006,2020-06-17 11:08:21.700,2861.2000,17781,0,8797296780.000,0,-,-,-,-,2861.0000,2860.8000,2860.6000,2860.4000,2860.2000,2861.6000,2861.8000,2862.2000,2862.4000,2862.6000,1,4,5,1,4,3,5,1,1,1
SF,IH2006,2020-06-17 11:08:27.700,2861.2000,17781,0,8797296780.000,0,-,-,-,-,2861.2000,2861.0000,2860.8000,2860.6000,2860.4000,2861.6000,2861.8000,2862.2000,2862.4000,2862.6000,1,1,3,5,1,3,5,1,1,1
SF,IH2006,2020-06-17 11:08:28.200,2861.2000,17781,0,8797296780.000,0,-,-,-,-,2861.4000,2861.2000,2861.0000,2860.8000,2860.6000,2861.6000,2861.8000,2862.2000,2862.4000,2862.6000,1,1,1,3,5,1,5,1,1,1
SF,IH2006,2020-06-17 11:08:28.700,2861.2000,17781,0,8797296780.000,0,-,-,-,-,2861.2000,2861.0000,2860.8000,2860.6000,2860.4000,2861.4000,2861.6000,2861.8000,2862.2000,2862.4000,1,1,2,5,1,2,1,5,1,1
SF,IH2006,2020-06-17 11:08:29.200,2861.2000,17781,0,8797296780.000,0,-,-,-,-,2861.2000,2861.0000,2860.8000,2860.6000,2860.4000,2861.4000,2861.6000,2861.8000,2862.2000,2862.4000,2,1,2,5,1,2,1,5,1,1
SF,IH2006,2020-06-17 11:08:29.700,2861.2000,17780,-1,8798155140.000,1,0,1,双平,B,2861.2000,2861.0000,2860.8000,2860.6000,2860.4000,2861.4000,2861.6000,2861.8000,2862.2000,2862.4000,2,1,2,5,1,1,1,4,1,1
SF,IH2006,2020-06-17 11:08:31.700,2861.4000,17779,-1,8799013560.000,1,0,1,双平,B,2861.4000,2861.2000,2861.0000,2860.8000,2860.6000,2861.6000,2861.8000,2862.2000,2862.4000,2862.6000,1,2,1,1,5,1,4,1,1,1
SF,IH2006,2020-06-17 11:08:32.200,2861.2000,17778,-1,8800730340.000,2,0,2,空平,B,2861.2000,2861.0000,2860.8000,2860.6000,2860.4000,2861.4000,2861.6000,2861.8000,2862.2000,2862.4000,1,3,1,5,1,3,1,4,1,1
SF,IH2006,2020-06-17 11:08:32.700,2861.2000,17778,0,8801588700.000,1,0,1,空换,B,2861.0000,2860.8000,2860.6000,2860.4000,2860.2000,2861.2000,2861.4000,2861.6000,2861.8000,2862.2000,3,1,5,1,4,1,2,1,4,1
SF,IH2006,2020-06-17 11:08:33.200,2861.2000,17778,0,8801588700.000,0,-,-,-,-,2861.0000,2860.6000,2860.4000,2860.2000,2859.8000,2861.2000,2861.4000,2861.6000,2861.8000,2862.2000,3,5,1,4,1,1,1,1,4,1
SF,IH2006,2020-06-17 11:08:33.700,2861.2000,17778,0,8801588700.000,0,-,-,-,-,2861.0000,2860.6000,2860.4000,2860.2000,2859.8000,2861.2000,2861.4000,2861.6000,2861.8000,2862.2000,3,5,1,4,2,1,1,1,4,1
SF,IH2006,2020-06-17 11:08:34.200,2861.2000,17778,0,8801588700.000,0,-,-,-,-,2861.0000,2860.6000,2860.4000,2860.2000,2859.8000,2861.2000,2861.4000,2861.6000,2861.8000,2862.2000,4,5,1,4,2,2,1,1,4,1
SF,IH2006,2020-06-17 11:08:34.700,2861.0000,17777,-1,8805021900.000,4,1,3,空平,B,2860.6000,2860.4000,2860.2000,2859.8000,2859.6000,2861.0000,2861.2000,2861.4000,2861.6000,2861.8000,7,1,4,2,6,3,2,1,1,4
SF,IH2006,2020-06-17 11:08:35.200,2861.0000,17777,0,8805021900.000,0,-,-,-,-,2860.6000,2860.4000,2860.2000,2859.8000,2859.6000,2860.8000,2861.0000,2861.2000,2861.4000,2861.6000,7,1,4,2,6,4,3,1,1,1
SF,IH2006,2020-06-17 11:08:35.700,2860.6000,17778,1,8811887340.000,8,4,4,多开,B,2860.4000,2860.2000,2859.8000,2859.6000,2859.4000,2860.6000,2860.8000,2861.0000,2861.2000,2861.4000,1,4,2,6,1,7,5,2,1,1
SF,IH2006,2020-06-17 11:08:36.200,2860.4000,17778,0,8812745460.000,1,0,1,空换,B,2860.2000,2859.8000,2859.6000,2859.4000,2859.2000,2860.4000,2860.6000,2860.8000,2861.0000,2861.4000,4,2,6,1,2,1,1,4,2,1
SF,IH2006,2020-06-17 11:08:36.700,2860.6000,17775,-3,8815319940.000,3,0,3,双平,B,2860.6000,2860.4000,2860.2000,2859.8000,2859.6000,2860.8000,2861.0000,2861.4000,2861.6000,2861.8000,5,17,5,2,6,4,1,1,1,4
SF,IH2006,2020-06-17 11:08:37.200,2860.6000,17775,0,8815319940.000,0,-,-,-,-,2860.6000,2860.4000,2860.2000,2859.8000,2859.6000,2861.0000,2861.4000,2861.6000,2861.8000,2862.2000,1,1,4,2,6,1,1,1,4,1
SF,IH2006,2020-06-17 11:08:37.700,2860.6000,17775,0,8815319940.000,0,-,-,-,-,2860.6000,2860.4000,2860.2000,2859.8000,2859.6000,2861.4000,2861.6000,2861.8000,2862.2000,2862.4000,1,1,4,2,6,1,1,4,1,1
SF,IH2006,2020-06-17 11:08:38.200,2860.6000,17775,0,8815319940.000,0,-,-,-,-,2860.6000,2860.4000,2860.2000,2859.8000,2859.6000,2861.0000,2861.2000,2861.4000,2861.6000,2861.8000,1,1,4,2,6,1,10,6,1,4
SF,IH2006,2020-06-17 11:08:38.700,2860.6000,17774,-1,8816178120.000,1,0,1,双平,B,2860.4000,2860.2000,2859.8000,2859.6000,2859.4000,2860.6000,2861.0000,2861.2000,2861.4000,2861.6000,1,4,2,6,1,2,6,7,7,1
SF,IH2006,2020-06-17 11:08:39.200,2860.6000,17774,0,8816178120.000,0,-,-,-,-,2860.4000,2860.2000,2859.8000,2859.6000,2859.4000,2860.8000,2861.0000,2861.2000,2861.4000,2861.6000,1,4,2,6,1,2,7,5,7,1
SF,IH2006,2020-06-17 11:08:39.700,2860.6000,17774,0,8816178120.000,0,-,-,-,-,2860.4000,2860.2000,2859.8000,2859.6000,2859.4000,2860.6000,2860.8000,2861.0000,2861.2000,2861.4000,1,4,2,6,1,1,3,7,5,7
SF,IH2006,2020-06-17 11:08:40.200,2860.6000,17774,0,8816178120.000,0,-,-,-,-,2860.4000,2860.2000,2859.8000,2859.6000,2859.4000,2860.6000,2860.8000,2861.0000,2861.2000,2861.4000,1,4,2,6,1,1,3,7,6,6
SF,IH2006,2020-06-17 11:08:40.700,2860.6000,17774,0,8817036300.000,1,0,1,空换,B,2860.4000,2860.2000,2859.8000,2859.6000,2859.4000,2860.8000,2861.0000,2861.2000,2861.4000,2861.6000,1,4,2,6,1,3,7,6,6,1
SF,IH2006,2020-06-17 11:08:41.200,2860.6000,17774,0,8817036300.000,0,-,-,-,-,2860.4000,2860.2000,2859.8000,2859.6000,2859.4000,2860.8000,2861.0000,2861.2000,2861.4000,2861.6000,1,4,2,6,1,2,7,6,6,1
SF,IH2006,2020-06-17 11:08:42.200,2860.6000,17774,0,8817036300.000,0,-,-,-,-,2860.4000,2860.2000,2859.8000,2859.6000,2859.4000,2860.8000,2861.0000,2861.2000,2861.4000,2861.6000,1,4,2,6,1,2,2,6,6,1
SF,IH2006,2020-06-17 11:08:42.700,2860.6000,17774,0,8817036300.000,0,-,-,-,-,2860.4000,2860.2000,2859.8000,2859.6000,2859.4000,2860.8000,2861.0000,2861.2000,2861.4000,2861.6000,1,5,2,6,1,2,1,6,6,1
SF,IH2006,2020-06-17 11:08:43.200,2860.6000,17774,0,8817036300.000,0,-,-,-,-,2860.4000,2860.2000,2859.8000,2859.6000,2859.4000,2861.0000,2861.2000,2861.4000,2861.6000,2861.8000,1,5,2,6,1,1,6,6,1,4
SF,IH2006,2020-06-17 11:08:44.200,2861.0000,17774,0,8817894600.000,1,0,1,空换,B,2861.0000,2860.4000,2860.2000,2859.8000,2859.6000,2861.2000,2861.4000,2861.6000,2861.8000,2862.2000,2,1,5,2,6,6,6,1,4,1
SF,IH2006,2020-06-17 11:08:44.700,2860.4000,17771,-3,8820469320.000,3,0,3,双平,B,2860.2000,2859.8000,2859.6000,2859.4000,2859.2000,2861.0000,2861.2000,2861.4000,2861.6000,2861.8000,5,2,6,1,2,1,6,7,1,4
SF,IH2006,2020-06-17 11:08:45.200,2860.4000,17770,-1,8821327440.000,1,0,1,双平,B,2860.4000,2860.2000,2859.8000,2859.6000,2859.4000,2861.0000,2861.2000,2861.4000,2861.6000,2861.8000,1,5,2,6,1,9,4,7,1,4
SF,IH2006,2020-06-17 11:08:45.700,2860.4000,17770,0,8821327440.000,0,-,-,-,-,2860.4000,2860.2000,2859.8000,2859.6000,2859.4000,2861.0000,2861.2000,2861.4000,2861.6000,2861.8000,1,5,2,6,1,8,3,7,1,4
SF,IH2006,2020-06-17 11:08:46.200,2860.4000,17770,0,8821327440.000,0,-,-,-,-,2860.6000,2860.4000,2860.2000,2859.8000,2859.6000,2861.0000,2861.2000,2861.4000,2861.6000,2861.8000,1,1,5,2,6,7,3,7,1,4
SF,IH2006,2020-06-17 11:08:46.700,2860.4000,17770,0,8821327440.000,0,-,-,-,-,2860.4000,2860.2000,2859.8000,2859.6000,2859.4000,2861.0000,2861.2000,2861.4000,2861.6000,2861.8000,1,5,2,6,1,7,3,7,1,4
SF,IH2006,2020-06-17 11:08:47.200,2861.0000,17769,-1,8822185740.000,1,0,1,双平,B,2860.6000,2860.4000,2860.2000,2859.8000,2859.6000,2861.0000,2861.2000,2861.4000,2861.6000,2861.8000,1,1,5,2,6,5,3,7,1,4
SF,IH2006,2020-06-17 11:08:47.700,2861.0000,17769,0,8822185740.000,0,-,-,-,-,2860.6000,2860.2000,2859.8000,2859.6000,2859.4000,2861.0000,2861.2000,2861.4000,2861.6000,2861.8000,2,5,2,6,1,5,3,7,1,4
SF,IH2006,2020-06-17 11:08:48.200,2861.0000,17769,0,8822185740.000,0,-,-,-,-,2860.6000,2860.2000,2859.8000,2859.6000,2859.4000,2861.0000,2861.2000,2861.4000,2861.6000,2861.8000,2,5,2,6,1,4,3,7,1,4
SF,IH2006,2020-06-17 11:08:48.700,2861.0000,17769,0,8822185740.000,0,-,-,-,-,2860.6000,2860.2000,2859.8000,2859.6000,2859.4000,2861.0000,2861.2000,2861.4000,2861.6000,2861.8000,2,5,2,6,1,3,2,7,1,4
SF,IH2006,2020-06-17 11:08:49.200,2861.0000,17769,0,8822185740.000,0,-,-,-,-,2860.8000,2860.6000,2860.2000,2859.8000,2859.6000,2861.2000,2861.4000,2861.6000,2861.8000,2862.2000,1,2,5,2,6,2,7,1,4,1
SF,IH2006,2020-06-17 11:08:49.700,2861.0000,17769,0,8822185740.000,0,-,-,-,-,2861.0000,2860.8000,2860.6000,2860.2000,2859.8000,2861.2000,2861.4000,2861.6000,2861.8000,2862.2000,1,1,1,5,2,2,7,1,4,1
SF,IH2006,2020-06-17 11:08:50.200,2861.0000,17769,0,8822185740.000,0,-,-,-,-,2861.0000,2860.8000,2860.6000,2860.2000,2859.8000,2861.2000,2861.4000,2861.6000,2861.8000,2862.2000,1,1,1,5,2,1,6,1,4,1
SF,IH2006,2020-06-17 11:08:50.700,2861.2000,17768,-1,8823044100.000,1,0,1,双平,B,2861.0000,2860.8000,2860.2000,2859.8000,2859.6000,2861.4000,2861.6000,2861.8000,2862.2000,2862.4000,2,1,5,2,6,6,1,4,1,1
SF,IH2006,2020-06-17 11:08:51.700,2861.2000,17768,0,8823044100.000,0,-,-,-,-,2861.0000,2860.8000,2860.2000,2859.8000,2859.6000,2861.4000,2861.6000,2861.8000,2862.2000,2862.4000,2,1,5,2,6,7,1,4,1,1
SF,IH2006,2020-06-17 11:08:52.200,2861.2000,17768,0,8823044100.000,0,-,-,-,-,2861.0000,2860.8000,2860.2000,2859.8000,2859.6000,2861.4000,2861.6000,2861.8000,2862.2000,2862.4000,2,1,5,2,6,7,2,4,1,1
SF,IH2006,2020-06-17 11:08:57.700,2861.2000,17768,0,8823044100.000,0,-,-,-,-,2861.0000,2860.8000,2860.2000,2859.8000,2859.6000,2861.2000,2861.4000,2861.6000,2861.8000,2862.2000,2,1,5,2,6,1,7,2,4,1
SF,IH2006,2020-06-17 11:09:01.200,2861.2000,17768,0,8823044100.000,0,-,-,-,-,2861.0000,2860.8000,2860.2000,2859.8000,2859.6000,2861.2000,2861.4000,2861.6000,2861.8000,2862.2000,2,1,5,2,4,1,7,2,4,1
SF,IH2006,2020-06-17 11:09:02.200,2861.2000,17768,0,8823044100.000,0,-,-,-,-,2861.0000,2860.8000,2860.2000,2859.8000,2859.6000,2861.2000,2861.4000,2861.6000,2861.8000,2862.2000,2,1,5,1,4,2,7,2,4,1
SF,IH2006,2020-06-17 11:09:02.700,2861.2000,17768,0,8823044100.000,0,-,-,-,-,2861.0000,2860.8000,2860.2000,2859.8000,2859.6000,2861.2000,2861.4000,2861.6000,2861.8000,2862.2000,2,1,5,1,4,2,3,2,4,1
SF,IH2006,2020-06-17 11:09:03.200,2861.2000,17769,1,8824760820.000,2,1,1,多开,B,2861.2000,2861.0000,2860.8000,2860.2000,2859.8000,2861.4000,2861.6000,2861.8000,2862.2000,2862.4000,5,2,1,5,1,3,2,4,1,1
SF,IH2006,2020-06-17 11:09:03.700,2861.4000,17767,-2,8826477660.000,2,0,2,双平,B,2861.2000,2860.8000,2860.2000,2859.8000,2859.6000,2861.4000,2861.6000,2861.8000,2862.2000,2862.4000,5,1,5,1,4,1,2,4,1,1
SF,IH2006,2020-06-17 11:09:04.200,2861.2000,17766,-1,8827336020.000,1,0,1,双平,B,2861.2000,2860.8000,2860.2000,2859.8000,2859.6000,2861.4000,2861.6000,2861.8000,2862.2000,2862.4000,2,1,5,1,4,1,2,4,1,1
SF,IH2006,2020-06-17 11:09:04.700,2861.2000,17764,-2,8829052740.000,2,0,2,双平,B,2860.8000,2860.4000,2860.2000,2859.6000,2859.4000,2861.4000,2861.6000,2861.8000,2862.2000,2862.4000,1,1,5,4,1,1,2,4,1,1
SF,IH2006,2020-06-17 11:09:05.200,2861.2000,17764,0,8829052740.000,0,-,-,-,-,2860.8000,2860.4000,2860.2000,2859.6000,2859.4000,2861.4000,2861.6000,2861.8000,2862.2000,2862.4000,2,1,5,4,1,2,2,4,1,1
SF,IH2006,2020-06-17 11:09:05.700,2861.2000,17764,0,8829052740.000,0,-,-,-,-,2860.8000,2860.4000,2860.2000,2859.6000,2859.4000,2861.4000,2861.6000,2861.8000,2862.2000,2862.4000,2,1,5,4,1,3,2,4,1,1
SF,IH2006,2020-06-17 11:09:06.200,2861.2000,17763,-1,8829911100.000,1,0,1,双平,B,2860.8000,2860.4000,2860.2000,2859.6000,2859.4000,2861.2000,2861.4000,2861.6000,2861.8000,2862.2000,2,1,5,4,1,2,3,2,4,1
SF,IH2006,2020-06-17 11:09:06.700,2860.8000,17762,-1,8830769340.000,1,0,1,双平,B,2860.8000,2860.4000,2860.2000,2859.6000,2859.4000,2861.2000,2861.4000,2861.6000,2861.8000,2862.2000,1,1,5,4,1,2,3,2,4,1
SF,IH2006,2020-06-17 11:09:07.200,2860.8000,17762,0,8830769340.000,0,-,-,-,-,2860.4000,2860.2000,2859.6000,2859.4000,2859.2000,2861.2000,2861.4000,2861.6000,2861.8000,2862.2000,1,5,4,1,2,2,3,2,4,1
SF,IH2006,2020-06-17 11:09:07.700,2860.8000,17762,0,8830769340.000,0,-,-,-,-,2860.6000,2860.4000,2860.2000,2859.6000,2859.4000,2861.2000,2861.4000,2861.6000,2861.8000,2862.2000,2,3,5,4,1,3,3,2,4,1
SF,IH2006,2020-06-17 11:09:08.700,2860.8000,17762,0,8830769340.000,0,-,-,-,-,2860.8000,2860.6000,2860.4000,2860.2000,2859.6000,2861.2000,2861.4000,2861.6000,2861.8000,2862.2000,1,2,3,5,4,3,3,2,4,1
SF,IH2006,2020-06-17 11:09:09.200,2860.8000,17762,0,8831627580.000,1,0,1,空换,B,2861.0000,2860.8000,2860.4000,2860.2000,2859.6000,2861.2000,2861.4000,2861.6000,2861.8000,2862.2000,1,1,3,5,4,2,4,2,4,1
SF,IH2006,2020-06-17 11:09:09.700,2860.8000,17762,0,8831627580.000,0,-,-,-,-,2861.0000,2860.8000,2860.4000,2860.2000,2859.6000,2861.2000,2861.4000,2861.6000,2861.8000,2862.2000,1,1,3,5,4,1,4,2,4,1
SF,IH2006,2020-06-17 11:09:13.200,2861.0000,17761,-1,8832485880.000,1,0,1,双平,B,2860.8000,2860.4000,2860.2000,2859.6000,2859.4000,2861.2000,2861.4000,2861.6000,2861.8000,2862.2000,1,3,5,4,1,1,4,2,4,1
SF,IH2006,2020-06-17 11:09:13.700,2861.0000,17761,0,8832485880.000,0,-,-,-,-,2860.8000,2860.4000,2860.2000,2859.6000,2859.4000,2861.0000,2861.4000,2861.6000,2861.8000,2862.2000,1,1,5,4,1,1,4,2,4,1
SF,IH2006,2020-06-17 11:09:14.200,2861.0000,17759,-2,8834202480.000,2,0,2,双平,B,2860.8000,2860.4000,2860.2000,2859.6000,2859.4000,2861.0000,2861.4000,2861.6000,2861.8000,2862.2000,1,1,5,4,1,1,4,2,4,1
SF,IH2006,2020-06-17 11:09:14.700,2861.0000,17759,0,8834202480.000,0,-,-,-,-,2860.4000,2860.2000,2859.6000,2859.4000,2859.2000,2860.8000,2861.0000,2861.2000,2861.4000,2861.6000,1,5,4,1,2,2,1,1,4,2
SF,IH2006,2020-06-17 11:09:15.200,2861.0000,17759,0,8834202480.000,0,-,-,-,-,2860.4000,2860.2000,2859.6000,2859.4000,2859.2000,2860.6000,2860.8000,2861.0000,2861.2000,2861.4000,1,5,4,1,2,3,1,1,2,4
SF,IH2006,2020-06-17 11:09:15.700,2861.0000,17759,0,8834202480.000,0,-,-,-,-,2860.4000,2860.2000,2859.6000,2859.4000,2859.2000,2860.8000,2861.0000,2861.2000,2861.4000,2861.6000,1,5,4,1,2,1,4,2,4,2
SF,IH2006,2020-06-17 11:09:16.200,2861.0000,17759,0,8834202480.000,0,-,-,-,-,2860.4000,2860.2000,2859.6000,2859.4000,2859.2000,2860.6000,2860.8000,2861.0000,2861.2000,2861.4000,1,5,4,1,2,4,2,4,2,4
SF,IH2006,2020-06-17 11:09:17.700,2860.4000,17758,-1,8835060600.000,1,0,1,双平,B,2860.2000,2859.6000,2859.4000,2859.2000,2859.0000,2860.6000,2860.8000,2861.0000,2861.2000,2861.4000,5,4,1,2,2,4,1,4,2,4
SF,IH2006,2020-06-17 11:09:18.200,2860.4000,17758,0,8835060600.000,0,-,-,-,-,2860.2000,2859.6000,2859.4000,2859.2000,2859.0000,2860.6000,2860.8000,2861.0000,2861.2000,2861.4000,5,4,1,2,2,5,1,4,2,4
SF,IH2006,2020-06-17 11:09:19.200,2860.4000,17758,0,8835060600.000,0,-,-,-,-,2860.2000,2859.6000,2859.4000,2859.2000,2859.0000,2860.6000,2860.8000,2861.0000,2861.2000,2861.4000,5,4,1,2,2,8,1,4,2,4
SF,IH2006,2020-06-17 11:09:21.200,2860.4000,17758,0,8835060600.000,0,-,-,-,-,2860.2000,2859.6000,2859.4000,2859.2000,2859.0000,2860.6000,2860.8000,2861.0000,2861.2000,2861.4000,5,6,1,2,2,8,1,4,2,4
SF,IH2006,2020-06-17 11:09:21.700,2860.4000,17758,0,8835060600.000,0,-,-,-,-,2860.2000,2859.6000,2859.4000,2859.2000,2859.0000,2860.6000,2860.8000,2861.0000,2861.2000,2861.4000,5,6,1,2,2,9,1,4,2,4
SF,IH2006,2020-06-17 11:09:22.200,2860.6000,17758,0,8835918780.000,1,0,1,空换,B,2860.2000,2859.6000,2859.4000,2859.2000,2859.0000,2860.6000,2860.8000,2861.0000,2861.2000,2861.4000,5,6,1,2,2,8,1,4,2,4
SF,IH2006,2020-06-17 11:09:22.700,2860.6000,17758,0,8835918780.000,0,-,-,-,-,2860.2000,2859.6000,2859.4000,2859.2000,2859.0000,2860.4000,2860.6000,2860.8000,2861.0000,2861.2000,5,6,1,2,2,1,8,1,4,2
SF,IH2006,2020-06-17 11:09:23.200,2860.2000,17758,0,8836776840.000,1,0,1,空换,B,2860.2000,2859.6000,2859.4000,2859.2000,2859.0000,2860.4000,2860.6000,2860.8000,2861.0000,2861.2000,4,6,1,2,2,1,8,1,4,2
SF,IH2006,2020-06-17 11:09:23.700,2860.2000,17758,0,8840209080.000,4,2,2,空换,B,2859.6000,2859.4000,2859.2000,2859.0000,2858.4000,2860.0000,2860.2000,2860.4000,2860.6000,2860.8000,6,1,2,2,13,3,21,3,6,1
SF,IH2006,2020-06-17 11:09:24.200,2860.2000,17758,0,8840209080.000,0,-,-,-,-,2859.6000,2859.4000,2859.2000,2859.0000,2858.4000,2859.8000,2860.0000,2860.2000,2860.4000,2860.6000,7,1,2,2,13,4,1,14,1,5
SF,IH2006,2020-06-17 11:09:24.700,2859.8000,17758,0,8843641080.000,4,2,2,空换,B,2859.6000,2859.4000,2859.2000,2859.0000,2858.4000,2860.2000,2860.4000,2860.6000,2860.8000,2861.0000,7,1,2,2,13,13,1,5,1,4
SF,IH2006,2020-06-17 11:09:25.200,2859.8000,17758,0,8844499020.000,1,0,1,空换,B,2859.6000,2859.4000,2859.2000,2859.0000,2858.4000,2860.0000,2860.2000,2860.4000,2860.6000,2860.8000,7,1,2,2,13,2,8,1,5,1
SF,IH2006,2020-06-17 11:09:25.700,2860.0000,17757,-1,8846215020.000,2,0,2,空平,B,2859.8000,2859.6000,2859.4000,2859.2000,2859.0000,2860.2000,2860.4000,2860.6000,2860.8000,2861.0000,2,7,1,2,2,8,1,5,2,4
SF,IH2006,2020-06-17 11:09:26.200,2860.0000,17757,0,8846215020.000,0,-,-,-,-,2859.8000,2859.6000,2859.4000,2859.2000,2859.0000,2860.0000,2860.2000,2860.4000,2860.6000,2860.8000,2,7,1,2,2,1,8,1,5,2
SF,IH2006,2020-06-17 11:09:26.700,2859.8000,17757,0,8847930960.000,2,1,1,空换,B,2859.8000,2859.6000,2859.4000,2859.2000,2859.0000,2860.2000,2860.4000,2860.6000,2860.8000,2861.0000,1,8,1,2,2,7,1,5,2,4
SF,IH2006,2020-06-17 11:09:27.200,2860.2000,17756,-1,8848789020.000,1,0,1,双平,B,2859.8000,2859.6000,2859.4000,2859.2000,2859.0000,2860.2000,2860.4000,2860.6000,2860.8000,2861.0000,1,8,1,2,2,4,1,5,2,4
SF,IH2006,2020-06-17 11:09:27.700,2860.2000,17756,0,8851363200.000,3,1,2,空换,B,2859.8000,2859.6000,2859.4000,2859.2000,2859.0000,2860.2000,2860.6000,2860.8000,2861.0000,2861.2000,3,8,1,2,2,1,5,2,4,2
SF,IH2006,2020-06-17 11:09:28.200,2860.2000,17756,0,8852221260.000,1,0,1,空换,B,2860.4000,2860.2000,2860.0000,2859.8000,2859.6000,2860.6000,2860.8000,2861.0000,2861.2000,2861.4000,1,19,8,3,8,4,2,4,2,3
SF,IH2006,2020-06-17 11:09:28.700,2860.2000,17756,0,8852221260.000,0,-,-,-,-,2860.4000,2860.2000,2860.0000,2859.8000,2859.6000,2860.6000,2860.8000,2861.0000,2861.2000,2861.4000,1,2,8,3,9,4,2,4,2,3
SF,IH2006,2020-06-17 11:09:29.700,2860.2000,17756,0,8852221260.000,0,-,-,-,-,2860.4000,2860.2000,2860.0000,2859.8000,2859.6000,2860.6000,2860.8000,2861.0000,2861.2000,2861.4000,1,2,6,3,9,5,2,4,2,3
SF,IH2006,2020-06-17 11:09:30.700,2860.2000,17756,0,8852221260.000,0,-,-,-,-,2860.4000,2860.2000,2860.0000,2859.8000,2859.6000,2860.6000,2860.8000,2861.0000,2861.2000,2861.4000,1,2,6,3,9,5,2,4,2,2
SF,IH2006,2020-06-17 11:09:31.200,2860.2000,17756,0,8852221260.000,0,-,-,-,-,2860.4000,2860.2000,2860.0000,2859.8000,2859.6000,2860.6000,2860.8000,2861.0000,2861.2000,2861.4000,1,2,5,3,9,5,2,4,2,2
SF,IH2006,2020-06-17 11:09:32.200,2860.2000,17755,-1,8853079320.000,1,0,1,双平,B,2860.2000,2860.0000,2859.8000,2859.6000,2859.4000,2860.6000,2860.8000,2861.0000,2861.2000,2861.4000,2,5,3,9,1,5,2,4,3,2
SF,IH2006,2020-06-17 11:09:32.700,2860.2000,17755,0,8853079320.000,0,-,-,-,-,2860.4000,2860.2000,2860.0000,2859.8000,2859.6000,2860.6000,2860.8000,2861.0000,2861.2000,2861.4000,4,2,5,3,7,5,2,4,3,2
SF,IH2006,2020-06-17 11:09:33.200,2860.2000,17755,0,8853079320.000,0,-,-,-,-,2860.4000,2860.2000,2860.0000,2859.8000,2859.6000,2860.6000,2860.8000,2861.0000,2861.2000,2861.4000,4,2,1,3,7,5,2,4,3,2
SF,IH2006,2020-06-17 11:09:33.700,2860.2000,17755,0,8853079320.000,0,-,-,-,-,2860.4000,2860.2000,2860.0000,2859.8000,2859.6000,2860.6000,2860.8000,2861.0000,2861.2000,2861.4000,4,2,1,2,7,5,2,4,3,2
SF,IH2006,2020-06-17 11:09:34.200,2860.4000,17755,0,8853937440.000,1,0,1,空换,B,2860.4000,2860.2000,2860.0000,2859.8000,2859.6000,2860.6000,2860.8000,2861.0000,2861.2000,2861.4000,3,2,1,2,7,5,2,1,3,2
SF,IH2006,2020-06-17 11:09:34.700,2860.4000,17755,0,8853937440.000,0,-,-,-,-,2860.4000,2860.2000,2860.0000,2859.6000,2859.4000,2860.6000,2860.8000,2861.0000,2861.2000,2861.4000,3,2,1,7,1,5,2,1,3,2
SF,IH2006,2020-06-17 11:09:35.200,2860.4000,17755,0,8853937440.000,0,-,-,-,-,2860.4000,2860.2000,2860.0000,2859.6000,2859.4000,2860.6000,2860.8000,2861.0000,2861.2000,2861.4000,3,2,1,7,1,5,1,1,3,2
SF,IH2006,2020-06-17 11:09:36.200,2860.4000,17755,0,8853937440.000,0,-,-,-,-,2860.4000,2860.0000,2859.6000,2859.4000,2859.2000,2860.6000,2860.8000,2861.0000,2861.2000,2861.4000,3,1,7,1,3,5,1,1,3,2
SF,IH2006,2020-06-17 11:09:36.700,2860.4000,17755,0,8853937440.000,0,-,-,-,-,2860.0000,2859.6000,2859.4000,2859.2000,2859.0000,2860.6000,2860.8000,2861.0000,2861.2000,2861.4000,1,8,1,3,3,5,1,1,3,2
SF,IH2006,2020-06-17 11:09:37.200,2860.4000,17755,0,8853937440.000,0,-,-,-,-,2860.4000,2860.2000,2860.0000,2859.6000,2859.4000,2860.6000,2860.8000,2861.0000,2861.2000,2861.4000,2,4,1,7,1,5,1,1,3,2
SF,IH2006,2020-06-17 11:09:37.700,2860.4000,17755,0,8853937440.000,0,-,-,-,-,2860.2000,2860.0000,2859.6000,2859.4000,2859.2000,2860.6000,2860.8000,2861.0000,2861.2000,2861.4000,4,1,7,1,3,5,1,1,3,2
SF,IH2006,2020-06-17 11:09:38.200,2860.4000,17755,0,8853937440.000,0,-,-,-,-,2860.2000,2860.0000,2859.6000,2859.4000,2859.2000,2860.6000,2860.8000,2861.0000,2861.2000,2861.4000,4,1,7,1,3,5,1,1,3,2
SF,IH2006,2020-06-17 11:09:38.700,2860.6000,17753,-2,8855653800.000,2,0,2,双平,B,2860.2000,2860.0000,2859.6000,2859.4000,2859.2000,2860.6000,2860.8000,2861.0000,2861.2000,2861.4000,4,1,7,1,3,4,1,1,3,2
SF,IH2006,2020-06-17 11:09:39.200,2860.2000,17753,0,8857369920.000,2,1,1,空换,B,2860.2000,2860.0000,2859.6000,2859.4000,2859.2000,2860.6000,2860.8000,2861.0000,2861.2000,2861.4000,2,1,7,1,3,3,1,1,3,2
SF,IH2006,2020-06-17 11:09:40.700,2860.2000,17753,0,8857369920.000,0,-,-,-,-,2860.4000,2860.2000,2860.0000,2859.6000,2859.4000,2860.6000,2860.8000,2861.0000,2861.2000,2861.4000,2,2,1,7,1,3,1,1,3,2
SF,IH2006,2020-06-17 11:09:41.200,2860.6000,17753,0,8859944460.000,3,1,2,空换,B,2860.6000,2860.2000,2860.0000,2859.6000,2859.4000,2860.8000,2861.0000,2861.2000,2861.4000,2861.6000,1,2,1,7,1,1,1,3,2,1
SF,IH2006,2020-06-17 11:09:41.700,2860.6000,17753,0,8859944460.000,0,-,-,-,-,2860.2000,2860.0000,2859.6000,2859.4000,2859.2000,2860.8000,2861.0000,2861.2000,2861.4000,2861.6000,2,1,8,1,3,2,1,3,2,1
SF,IH2006,2020-06-17 11:09:42.200,2860.6000,17753,0,8859944460.000,0,-,-,-,-,2860.6000,2860.2000,2860.0000,2859.6000,2859.4000,2860.8000,2861.0000,2861.2000,2861.4000,2861.6000,1,2,1,8,1,3,1,3,2,1
SF,IH2006,2020-06-17 11:09:42.700,2860.6000,17753,0,8859944460.000,0,-,-,-,-,2860.4000,2860.2000,2860.0000,2859.6000,2859.4000,2860.8000,2861.0000,2861.2000,2861.4000,2861.6000,3,2,1,8,1,2,1,3,2,1
SF,IH2006,2020-06-17 11:09:43.200,2861.0000,17755,2,8862519240.000,3,2,1,多开,B,2861.0000,2860.8000,2860.6000,2860.4000,2859.6000,2861.2000,2861.4000,2861.6000,2861.8000,2862.2000,4,10,6,3,8,3,2,1,4,1
SF,IH2006,2020-06-17 11:09:43.700,2861.0000,17755,0,8862519240.000,0,-,-,-,-,2860.6000,2860.4000,2859.6000,2859.4000,2859.2000,2861.0000,2861.2000,2861.4000,2861.6000,2861.8000,5,3,8,1,3,4,3,2,1,4
SF,IH2006,2020-06-17 11:09:44.200,2860.6000,17755,0,8863377420.000,1,0,1,空换,B,2860.6000,2860.4000,2859.6000,2859.4000,2859.2000,2861.0000,2861.2000,2861.4000,2861.6000,2861.8000,5,3,8,1,3,2,3,2,1,4
SF,IH2006,2020-06-17 11:09:44.700,2860.6000,17756,1,8865951960.000,3,2,1,多开,B,2860.6000,2860.4000,2859.6000,2859.4000,2859.2000,2861.2000,2861.4000,2861.6000,2861.8000,2862.2000,1,3,8,1,3,3,2,1,4,1
SF,IH2006,2020-06-17 11:09:45.200,2860.6000,17756,0,8865951960.000,0,-,-,-,-,2860.6000,2860.4000,2859.6000,2859.4000,2859.2000,2861.0000,2861.2000,2861.4000,2861.6000,2861.8000,1,3,8,1,3,10,5,2,1,4
SF,IH2006,2020-06-17 11:09:45.700,2860.6000,17757,1,8866810140.000,1,1,0,双开,B,2860.4000,2859.6000,2859.4000,2859.2000,2859.0000,2860.6000,2860.8000,2861.0000,2861.2000,2861.4000,3,8,1,3,3,9,4,13,5,2
SF,IH2006,2020-06-17 11:09:46.200,2860.4000,17757,0,8869384500.000,3,1,2,空换,B,2859.6000,2859.4000,2859.2000,2859.0000,2858.4000,2860.4000,2860.6000,2861.0000,2861.2000,2861.4000,8,1,3,3,13,8,6,11,5,2
SF,IH2006,2020-06-17 11:09:46.700,2860.4000,17757,0,8869384500.000,0,-,-,-,-,2860.2000,2859.8000,2859.6000,2859.4000,2859.2000,2860.4000,2860.6000,2861.0000,2861.2000,2861.4000,2,5,8,1,3,2,4,10,5,2
SF,IH2006,2020-06-17 11:09:47.200,2860.4000,17757,0,8869384500.000,0,-,-,-,-,2859.8000,2859.6000,2859.4000,2859.2000,2859.0000,2860.4000,2860.6000,2861.0000,2861.2000,2861.4000,4,8,1,3,3,1,3,10,5,2
SF,IH2006,2020-06-17 11:09:47.700,2860.4000,17757,0,8869384500.000,0,-,-,-,-,2860.2000,2859.8000,2859.6000,2859.4000,2859.2000,2860.4000,2860.6000,2861.0000,2861.2000,2861.4000,2,4,8,1,3,1,3,10,5,2
SF,IH2006,2020-06-17 11:09:48.200,2860.4000,17757,0,8869384500.000,0,-,-,-,-,2859.8000,2859.6000,2859.4000,2859.2000,2859.0000,2860.2000,2860.4000,2860.6000,2861.0000,2861.2000,4,8,1,3,3,2,1,3,10,5
SF,IH2006,2020-06-17 11:09:48.700,2860.2000,17757,0,8871958680.000,3,1,2,空换,B,2860.2000,2859.8000,2859.6000,2859.4000,2859.2000,2860.4000,2860.6000,2861.0000,2861.2000,2861.4000,7,4,8,1,3,1,2,10,5,2
SF,IH2006,2020-06-17 11:09:49.200,2860.2000,17757,0,8871958680.000,0,-,-,-,-,2859.8000,2859.6000,2859.4000,2859.2000,2859.0000,2860.4000,2860.6000,2861.0000,2861.2000,2861.4000,4,8,1,3,3,1,2,10,5,2
SF,IH2006,2020-06-17 11:09:49.700,2860.2000,17757,0,8871958680.000,0,-,-,-,-,2860.2000,2859.8000,2859.6000,2859.4000,2859.2000,2860.6000,2861.0000,2861.2000,2861.4000,2861.6000,5,4,8,1,3,2,10,5,2,1
SF,IH2006,2020-06-17 11:09:50.200,2860.2000,17757,0,8871958680.000,0,-,-,-,-,2859.8000,2859.6000,2859.4000,2859.2000,2859.0000,2860.6000,2861.0000,2861.2000,2861.4000,2861.6000,2,8,1,3,3,2,8,5,2,1
SF,IH2006,2020-06-17 11:09:50.700,2860.2000,17757,0,8871958680.000,0,-,-,-,-,2860.0000,2859.8000,2859.6000,2859.4000,2859.2000,2860.2000,2860.6000,2861.0000,2861.2000,2861.4000,1,3,8,1,3,1,2,8,5,2
SF,IH2006,2020-06-17 11:09:51.200,2860.2000,17758,1,8872816740.000,1,1,0,双开,B,2860.2000,2860.0000,2859.8000,2859.6000,2859.4000,2860.6000,2861.0000,2861.2000,2861.4000,2861.6000,7,1,3,8,1,2,8,5,2,1
SF,IH2006,2020-06-17 11:09:51.700,2860.2000,17757,-1,8873674800.000,1,0,1,双平,B,2860.2000,2860.0000,2859.8000,2859.6000,2859.4000,2860.4000,2860.6000,2861.0000,2861.2000,2861.4000,2,1,3,8,1,1,2,8,5,2
SF,IH2006,2020-06-17 11:09:52.200,2860.2000,17756,-1,8874532860.000,1,0,1,双平,B,2860.2000,2860.0000,2859.8000,2859.6000,2859.4000,2860.4000,2860.6000,2861.0000,2861.2000,2861.4000,1,1,3,8,1,4,3,7,5,2
SF,IH2006,2020-06-17 11:09:52.700,2860.2000,17756,0,8875390920.000,1,0,1,空换,B,2860.0000,2859.8000,2859.6000,2859.4000,2859.2000,2860.2000,2860.4000,2860.6000,2861.0000,2861.2000,1,3,7,1,3,4,4,3,5,5
SF,IH2006,2020-06-17 11:09:53.200,2860.2000,17756,0,8875390920.000,0,-,-,-,-,2860.0000,2859.8000,2859.6000,2859.4000,2859.2000,2860.2000,2860.4000,2860.6000,2861.0000,2861.2000,1,3,7,1,3,4,3,3,3,5
SF,IH2006,2020-06-17 11:09:55.700,2860.0000,17755,-1,8876248920.000,1,0,1,双平,B,2859.8000,2859.6000,2859.4000,2859.2000,2859.0000,2860.2000,2860.4000,2860.6000,2861.0000,2861.2000,3,7,1,3,3,3,3,3,2,5
SF,IH2006,2020-06-17 11:09:56.200,2860.2000,17753,-2,8878823100.000,3,0,3,空平,B,2860.2000,2860.0000,2859.8000,2859.6000,2859.4000,2860.4000,2860.6000,2861.0000,2861.2000,2861.4000,5,1,3,7,1,3,3,2,5,2
SF,IH2006,2020-06-17 11:09:56.700,2860.2000,17753,0,8878823100.000,0,-,-,-,-,2860.0000,2859.8000,2859.6000,2859.4000,2859.2000,2860.4000,2860.6000,2861.0000,2861.2000,2861.4000,1,3,7,1,3,3,3,2,5,2
SF,IH2006,2020-06-17 11:09:58.700,2860.2000,17753,0,8878823100.000,0,-,-,-,-,2860.2000,2860.0000,2859.8000,2859.6000,2859.4000,2860.4000,2860.6000,2861.0000,2861.2000,2861.4000,1,1,3,5,1,3,3,2,5,2
SF,IH2006,2020-06-17 11:09:59.200,2860.2000,17753,0,8878823100.000,0,-,-,-,-,2860.2000,2859.8000,2859.6000,2859.4000,2859.2000,2860.4000,2860.6000,2861.0000,2861.2000,2861.4000,1,3,5,1,3,3,3,2,5,2
SF,IH2006,2020-06-17 11:09:59.700,2860.2000,17752,-1,8879681160.000,1,0,1,双平,B,2859.8000,2859.6000,2859.4000,2859.2000,2859.0000,2860.2000,2860.4000,2860.6000,2861.0000,2861.2000,3,5,1,3,3,1,3,3,2,5
SF,IH2006,2020-06-17 11:10:00.200,2860.4000,17753,1,8882255460.000,3,2,1,多开,B,2860.2000,2860.0000,2859.8000,2859.6000,2859.4000,2860.4000,2860.6000,2861.0000,2861.2000,2861.4000,11,4,3,5,1,1,3,2,5,2
SF,IH2006,2020-06-17 11:10:00.700,2860.4000,17753,0,8882255460.000,0,-,-,-,-,2860.2000,2860.0000,2859.8000,2859.6000,2859.4000,2860.6000,2861.0000,2861.2000,2861.4000,2861.6000,5,2,3,5,1,3,2,5,2,1
SF,IH2006,2020-06-17 11:10:01.200,2860.2000,17754,1,8883113520.000,1,1,0,双开,B,2860.2000,2860.0000,2859.8000,2859.6000,2859.4000,2860.6000,2861.0000,2861.2000,2861.4000,2861.6000,4,2,3,5,1,3,2,5,2,1
SF,IH2006,2020-06-17 11:10:01.700,2860.2000,17754,0,8883113520.000,0,-,-,-,-,2860.2000,2860.0000,2859.8000,2859.6000,2859.4000,2860.6000,2861.0000,2861.2000,2861.4000,2861.6000,4,5,3,5,1,3,2,5,2,1
SF,IH2006,2020-06-17 11:10:02.700,2860.2000,17754,0,8883113520.000,0,-,-,-,-,2860.4000,2860.2000,2860.0000,2859.8000,2859.6000,2860.6000,2861.0000,2861.2000,2861.4000,2861.6000,2,6,5,3,5,3,2,5,2,1
SF,IH2006,2020-06-17 11:10:03.200,2860.2000,17754,0,8883113520.000,0,-,-,-,-,2860.2000,2860.0000,2859.8000,2859.6000,2859.4000,2860.6000,2861.0000,2861.2000,2861.4000,2861.6000,6,3,3,5,1,2,2,5,2,1
SF,IH2006,2020-06-17 11:10:03.700,2860.6000,17754,0,8883971700.000,1,0,1,空换,B,2860.2000,2860.0000,2859.8000,2859.6000,2859.4000,2861.0000,2861.2000,2861.4000,2861.6000,2861.8000,6,3,3,5,1,2,5,2,1,4
SF,IH2006,2020-06-17 11:10:04.200,2860.6000,17754,0,8883971700.000,0,-,-,-,-,2860.2000,2860.0000,2859.8000,2859.6000,2859.4000,2860.4000,2860.8000,2861.0000,2861.2000,2861.4000,6,3,3,2,1,1,9,4,5,2
SF,IH2006,2020-06-17 11:10:04.700,2860.2000,17754,0,8884829760.000,1,0,1,空换,B,2860.2000,2860.0000,2859.8000,2859.6000,2859.4000,2860.8000,2861.0000,2861.2000,2861.4000,2861.6000,5,3,3,2,1,9,2,5,2,1
SF,IH2006,2020-06-17 11:10:05.200,2860.2000,17754,0,8884829760.000,0,-,-,-,-,2860.2000,2860.0000,2859.8000,2859.6000,2859.4000,2860.6000,2860.8000,2861.0000,2861.2000,2861.4000,5,3,3,2,1,2,8,2,5,2
SF,IH2006,2020-06-17 11:10:05.700,2860.2000,17753,-1,8885687820.000,1,0,1,双平,B,2860.2000,2860.0000,2859.8000,2859.6000,2859.4000,2860.6000,2860.8000,2861.0000,2861.2000,2861.4000,4,3,3,2,1,2,8,5,5,2
SF,IH2006,2020-06-17 11:10:06.200,2860.2000,17753,0,8886545880.000,1,0,1,空换,B,2860.2000,2860.0000,2859.8000,2859.6000,2859.4000,2860.6000,2860.8000,2861.0000,2861.2000,2861.4000,4,3,3,2,1,2,8,5,5,2
SF,IH2006,2020-06-17 11:10:08.200,2860.2000,17753,0,8886545880.000,0,-,-,-,-,2860.4000,2860.2000,2860.0000,2859.8000,2859.6000,2860.6000,2860.8000,2861.0000,2861.2000,2861.4000,2,3,3,3,2,2,8,5,5,2
SF,IH2006,2020-06-17 11:10:08.700,2860.2000,17753,0,8886545880.000,0,-,-,-,-,2860.2000,2860.0000,2859.8000,2859.6000,2859.4000,2860.6000,2860.8000,2861.0000,2861.2000,2861.4000,3,3,3,2,1,2,8,5,5,2
SF,IH2006,2020-06-17 11:10:09.700,2860.2000,17753,0,8886545880.000,0,-,-,-,-,2860.4000,2860.2000,2860.0000,2859.8000,2859.6000,2860.6000,2860.8000,2861.0000,2861.2000,2861.4000,2,3,3,3,2,2,8,5,5,2
SF,IH2006,2020-06-17 11:10:10.200,2860.2000,17753,0,8886545880.000,0,-,-,-,-,2860.2000,2860.0000,2859.8000,2859.6000,2859.4000,2860.6000,2860.8000,2861.0000,2861.2000,2861.4000,3,3,3,2,1,2,6,5,5,2
SF,IH2006,2020-06-17 11:10:11.200,2860.2000,17753,0,8886545880.000,0,-,-,-,-,2860.2000,2860.0000,2859.8000,2859.6000,2859.4000,2860.6000,2860.8000,2861.0000,2861.2000,2861.4000,4,3,3,2,1,2,6,5,5,2
SF,IH2006,2020-06-17 11:10:11.700,2860.2000,17753,0,8886545880.000,0,-,-,-,-,2860.4000,2860.2000,2860.0000,2859.8000,2859.6000,2860.6000,2860.8000,2861.0000,2861.2000,2861.4000,2,4,3,3,2,2,6,5,5,2
SF,IH2006,2020-06-17 11:10:12.200,2860.2000,17753,0,8886545880.000,0,-,-,-,-,2860.2000,2860.0000,2859.8000,2859.6000,2859.4000,2860.6000,2860.8000,2861.0000,2861.2000,2861.4000,4,3,3,2,1,2,6,5,5,2
SF,IH2006,2020-06-17 11:10:12.700,2860.2000,17753,0,8886545880.000,0,-,-,-,-,2860.2000,2860.0000,2859.8000,2859.6000,2859.4000,2860.6000,2860.8000,2861.0000,2861.2000,2861.4000,4,3,3,2,1,2,6,4,5,2
SF,IH2006,2020-06-17 11:10:13.200,2860.2000,17753,0,8886545880.000,0,-,-,-,-,2860.2000,2860.0000,2859.8000,2859.6000,2859.4000,2860.6000,2860.8000,2861.0000,2861.2000,2861.4000,2,3,3,2,1,2,6,4,5,2
SF,IH2006,2020-06-17 11:10:13.700,2860.2000,17753,0,8886545880.000,0,-,-,-,-,2860.2000,2860.0000,2859.8000,2859.6000,2859.4000,2860.6000,2860.8000,2861.0000,2861.2000,2861.4000,4,3,3,2,1,2,6,4,5,2
SF,IH2006,2020-06-17 11:10:14.700,2860.2000,17753,0,8886545880.000,0,-,-,-,-,2860.2000,2860.0000,2859.8000,2859.6000,2859.4000,2860.6000,2860.8000,2861.0000,2861.2000,2861.4000,4,3,3,2,1,2,6,4,5,2
SF,IH2006,2020-06-17 11:10:15.200,2860.2000,17753,0,8886545880.000,0,-,-,-,-,2860.4000,2860.2000,2860.0000,2859.8000,2859.6000,2860.6000,2860.8000,2861.0000,2861.2000,2861.4000,2,4,3,3,2,2,6,4,5,2
SF,IH2006,2020-06-17 11:10:15.700,2860.2000,17753,0,8886545880.000,0,-,-,-,-,2860.4000,2860.2000,2860.0000,2859.8000,2859.6000,2860.6000,2860.8000,2861.0000,2861.2000,2861.4000,2,5,3,3,2,1,6,4,5,2
SF,IH2006,2020-06-17 11:10:16.200,2860.2000,17753,0,8886545880.000,0,-,-,-,-,2860.4000,2860.2000,2860.0000,2859.8000,2859.6000,2860.8000,2861.0000,2861.2000,2861.4000,2861.6000,2,5,3,3,2,6,4,5,2,2
SF,IH2006,2020-06-17 11:10:16.700,2860.2000,17753,0,8886545880.000,0,-,-,-,-,2860.4000,2860.2000,2860.0000,2859.8000,2859.6000,2860.8000,2861.0000,2861.2000,2861.4000,2861.6000,2,5,3,1,2,6,4,4,2,2
SF,IH2006,2020-06-17 11:10:17.200,2860.8000,17753,0,8887404120.000,1,0,1,空换,B,2860.4000,2860.2000,2860.0000,2859.8000,2859.6000,2860.8000,2861.0000,2861.2000,2861.4000,2861.6000,2,5,3,1,2,5,4,4,2,2
SF,IH2006,2020-06-17 11:10:17.700,2860.8000,17753,0,8887404120.000,0,-,-,-,-,2860.4000,2860.2000,2860.0000,2859.8000,2859.6000,2860.6000,2860.8000,2861.0000,2861.2000,2861.4000,7,5,3,1,2,1,1,4,4,2
SF,IH2006,2020-06-17 11:10:18.200,2860.8000,17753,0,8887404120.000,0,-,-,-,-,2860.6000,2860.4000,2860.2000,2860.0000,2859.8000,2860.8000,2861.0000,2861.2000,2861.4000,2861.6000,1,7,5,3,1,1,4,4,2,2
SF,IH2006,2020-06-17 11:10:18.700,2860.6000,17753,0,8888262300.000,1,0,1,空换,B,2860.4000,2860.2000,2860.0000,2859.6000,2859.4000,2860.6000,2860.8000,2861.0000,2861.2000,2861.4000,9,5,3,2,1,1,1,4,4,2
SF,IH2006,2020-06-17 11:10:19.200,2860.4000,17753,0,8889120420.000,1,0,1,空换,B,2860.4000,2860.2000,2860.0000,2859.6000,2859.4000,2860.8000,2861.0000,2861.2000,2861.4000,2861.6000,8,5,3,2,1,1,4,4,2,2
SF,IH2006,2020-06-17 11:10:19.700,2860.4000,17753,0,8889120420.000,0,-,-,-,-,2860.4000,2860.2000,2860.0000,2859.6000,2859.4000,2860.8000,2861.0000,2861.2000,2861.4000,2861.6000,7,4,3,2,1,1,4,4,2,2
SF,IH2006,2020-06-17 11:10:20.200,2860.4000,17753,0,8889120420.000,0,-,-,-,-,2860.4000,2860.2000,2860.0000,2859.6000,2859.4000,2860.8000,2861.0000,2861.2000,2861.4000,2861.6000,7,4,3,2,1,2,4,4,1,2
SF,IH2006,2020-06-17 11:10:20.700,2860.8000,17753,0,8889978660.000,1,0,1,空换,B,2860.6000,2860.4000,2860.2000,2859.6000,2859.4000,2860.8000,2861.0000,2861.2000,2861.4000,2861.6000,2,7,4,2,1,1,4,4,1,2
SF,IH2006,2020-06-17 11:10:21.200,2860.8000,17753,0,8889978660.000,0,-,-,-,-,2860.4000,2860.2000,2859.6000,2859.4000,2859.2000,2860.6000,2860.8000,2861.0000,2861.2000,2861.4000,7,4,2,1,3,2,1,4,4,1
SF,IH2006,2020-06-17 11:10:21.700,2860.8000,17753,0,8889978660.000,0,-,-,-,-,2860.4000,2860.2000,2859.6000,2859.4000,2859.2000,2860.6000,2860.8000,2861.0000,2861.2000,2861.4000,7,4,2,1,3,1,1,4,4,1
SF,IH2006,2020-06-17 11:10:22.200,2860.8000,17753,0,8889978660.000,0,-,-,-,-,2860.4000,2860.2000,2859.6000,2859.4000,2859.2000,2860.8000,2861.0000,2861.2000,2861.4000,2861.6000,7,4,2,1,3,1,4,4,1,2
SF,IH2006,2020-06-17 11:10:23.200,2860.8000,17753,0,8889978660.000,0,-,-,-,-,2860.4000,2860.2000,2859.6000,2859.4000,2859.2000,2860.8000,2861.0000,2861.2000,2861.4000,2861.6000,7,4,2,1,3,1,4,4,1,2
SF,IH2006,2020-06-17 11:10:26.700,2860.4000,17753,0,8890836780.000,1,0,1,空换,B,2860.4000,2860.2000,2859.6000,2859.4000,2859.2000,2860.8000,2861.0000,2861.2000,2861.4000,2861.6000,6,4,2,1,3,1,4,4,1,2
SF,IH2006,2020-06-17 11:10:27.200,2860.4000,17753,0,8890836780.000,0,-,-,-,-,2860.4000,2860.2000,2859.6000,2859.4000,2859.2000,2860.8000,2861.0000,2861.2000,2861.4000,2861.6000,5,4,2,1,3,1,4,4,1,2
SF,IH2006,2020-06-17 11:10:27.700,2860.4000,17753,0,8890836780.000,0,-,-,-,-,2860.6000,2860.4000,2860.2000,2859.6000,2859.4000,2860.8000,2861.0000,2861.2000,2861.4000,2861.6000,4,2,4,2,1,1,4,4,1,2
SF,IH2006,2020-06-17 11:10:28.200,2860.6000,17753,0,8891694960.000,1,0,1,空换,B,2860.4000,2860.2000,2859.6000,2859.4000,2859.2000,2860.6000,2860.8000,2861.0000,2861.2000,2861.4000,2,4,2,1,3,1,1,4,4,1
SF,IH2006,2020-06-17 11:10:28.700,2860.6000,17753,0,8891694960.000,0,-,-,-,-,2860.4000,2860.2000,2859.6000,2859.4000,2859.2000,2860.8000,2861.0000,2861.2000,2861.4000,2861.6000,2,4,2,1,3,1,4,4,1,2
SF,IH2006,2020-06-17 11:10:29.700,2860.6000,17753,0,8891694960.000,0,-,-,-,-,2860.6000,2860.4000,2860.2000,2859.6000,2859.4000,2860.8000,2861.0000,2861.2000,2861.4000,2861.6000,1,2,4,2,1,1,4,4,1,2
SF,IH2006,2020-06-17 11:10:30.700,2860.6000,17752,-1,8892553140.000,1,0,1,双平,B,2860.4000,2860.2000,2859.6000,2859.4000,2859.2000,2860.8000,2861.0000,2861.2000,2861.4000,2861.6000,2,4,2,1,3,1,4,4,1,2
SF,IH2006,2020-06-17 11:10:35.200,2860.6000,17752,0,8892553140.000,0,-,-,-,-,2860.4000,2860.2000,2859.6000,2859.4000,2859.2000,2860.8000,2861.0000,2861.2000,2861.4000,2861.6000,2,4,2,1,3,1,4,4,1,2
SF,IH2006,2020-06-17 11:10:35.700,2860.6000,17752,0,8892553140.000,0,-,-,-,-,2860.4000,2860.2000,2859.6000,2859.4000,2859.2000,2860.8000,2861.0000,2861.2000,2861.4000,2861.6000,3,4,2,1,3,1,4,4,1,2
SF,IH2006,2020-06-17 11:10:36.200,2860.6000,17752,0,8892553140.000,0,-,-,-,-,2860.4000,2860.2000,2859.6000,2859.4000,2859.2000,2861.0000,2861.2000,2861.4000,2861.6000,2861.8000,3,4,2,1,3,4,4,1,2,4
SF,IH2006,2020-06-17 11:10:36.700,2861.2000,17756,4,8900278080.000,9,6,3,多开,B,2860.4000,2860.2000,2859.6000,2859.4000,2859.2000,2861.4000,2861.6000,2861.8000,2862.2000,2862.4000,3,4,2,1,3,1,2,4,1,1
SF,IH2006,2020-06-17 11:10:37.200,2861.2000,17756,0,8900278080.000,0,-,-,-,-,2860.6000,2860.4000,2860.2000,2859.6000,2859.4000,2861.0000,2861.2000,2861.4000,2861.6000,2861.8000,5,3,4,2,1,2,3,5,2,4
SF,IH2006,2020-06-17 11:10:37.700,2861.0000,17755,-1,8901994680.000,2,0,2,空平,B,2860.6000,2860.4000,2860.2000,2859.6000,2859.4000,2861.2000,2861.4000,2861.6000,2861.8000,2862.2000,3,3,4,2,1,3,5,2,4,1
SF,IH2006,2020-06-17 11:10:38.200,2861.0000,17755,0,8901994680.000,0,-,-,-,-,2861.0000,2860.6000,2860.4000,2860.2000,2859.6000,2861.2000,2861.4000,2861.6000,2861.8000,2862.2000,1,3,3,4,2,3,4,2,4,1
SF,IH2006,2020-06-17 11:10:38.700,2861.0000,17754,-1,8902852980.000,1,0,1,双平,B,2860.6000,2860.4000,2860.2000,2859.6000,2859.4000,2861.0000,2861.2000,2861.4000,2861.6000,2861.8000,3,3,4,2,1,4,3,2,2,4
SF,IH2006,2020-06-17 11:10:39.200,2861.0000,17754,0,8902852980.000,0,-,-,-,-,2860.6000,2860.4000,2860.2000,2859.6000,2859.4000,2861.0000,2861.2000,2861.4000,2861.6000,2861.8000,3,3,4,2,1,2,3,2,2,4
SF,IH2006,2020-06-17 11:10:39.700,2861.0000,17754,0,8902852980.000,0,-,-,-,-,2860.6000,2860.4000,2860.2000,2859.6000,2859.4000,2861.2000,2861.4000,2861.6000,2861.8000,2862.2000,3,3,4,2,1,3,2,2,4,1
SF,IH2006,2020-06-17 11:10:40.700,2861.0000,17754,0,8902852980.000,0,-,-,-,-,2860.6000,2860.4000,2860.2000,2859.6000,2859.4000,2861.2000,2861.4000,2861.6000,2861.8000,2862.2000,3,3,4,2,1,3,2,3,4,1
SF,IH2006,2020-06-17 11:10:41.200,2861.0000,17754,0,8902852980.000,0,-,-,-,-,2860.6000,2860.4000,2860.2000,2859.6000,2859.4000,2861.2000,2861.4000,2861.6000,2861.8000,2862.2000,3,3,4,2,1,3,2,3,4,1
SF,IH2006,2020-06-17 11:10:42.200,2860.6000,17755,1,8903711160.000,1,1,0,双开,B,2860.6000,2860.4000,2860.2000,2859.6000,2859.4000,2861.2000,2861.4000,2861.6000,2861.8000,2862.2000,2,3,4,2,1,3,2,3,4,1
SF,IH2006,2020-06-17 11:10:42.700,2860.6000,17755,0,8903711160.000,0,-,-,-,-,2860.6000,2860.4000,2860.2000,2859.6000,2859.4000,2861.2000,2861.4000,2861.6000,2861.8000,2862.2000,2,3,4,2,1,4,2,3,4,1
SF,IH2006,2020-06-17 11:10:43.700,2860.6000,17755,0,8903711160.000,0,-,-,-,-,2860.8000,2860.6000,2860.4000,2860.2000,2859.6000,2861.2000,2861.4000,2861.6000,2861.8000,2862.2000,1,2,3,4,2,4,2,3,4,1
SF,IH2006,2020-06-17 11:10:44.200,2860.6000,17755,0,8903711160.000,0,-,-,-,-,2860.8000,2860.6000,2860.4000,2860.2000,2859.6000,2861.2000,2861.4000,2861.6000,2861.8000,2862.2000,2,2,3,4,2,4,1,3,4,1
SF,IH2006,2020-06-17 11:10:44.700,2860.6000,17755,0,8903711160.000,0,-,-,-,-,2860.8000,2860.6000,2860.4000,2860.2000,2859.6000,2861.2000,2861.4000,2861.6000,2861.8000,2862.2000,2,2,3,4,2,2,1,3,4,1
SF,IH2006,2020-06-17 11:10:45.200,2860.6000,17755,0,8903711160.000,0,-,-,-,-,2861.0000,2860.8000,2860.6000,2860.4000,2860.2000,2861.2000,2861.4000,2861.6000,2861.8000,2862.2000,3,1,2,3,4,2,1,3,4,1
SF,IH2006,2020-06-17 11:10:45.700,2861.0000,17753,-2,8905427760.000,2,0,2,双平,B,2860.4000,2860.2000,2859.6000,2859.4000,2859.2000,2861.0000,2861.2000,2861.4000,2861.6000,2861.8000,3,4,2,1,3,2,2,1,3,4
SF,IH2006,2020-06-17 11:10:46.200,2861.0000,17753,0,8905427760.000,0,-,-,-,-,2860.4000,2860.2000,2859.6000,2859.4000,2859.2000,2860.8000,2861.0000,2861.2000,2861.4000,2861.6000,3,4,2,1,3,1,1,2,1,3
SF,IH2006,2020-06-17 11:10:46.700,2861.0000,17753,0,8905427760.000,0,-,-,-,-,2860.4000,2860.2000,2859.6000,2859.4000,2859.2000,2861.2000,2861.4000,2861.6000,2861.8000,2862.2000,2,4,1,1,3,2,1,3,4,1
SF,IH2006,2020-06-17 11:10:47.200,2861.0000,17753,0,8905427760.000,0,-,-,-,-,2860.4000,2860.2000,2859.6000,2859.4000,2859.2000,2861.0000,2861.2000,2861.4000,2861.6000,2861.8000,2,4,1,1,3,3,2,1,3,4
SF,IH2006,2020-06-17 11:10:47.700,2861.0000,17753,0,8905427760.000,0,-,-,-,-,2860.6000,2860.4000,2860.2000,2859.6000,2859.4000,2860.8000,2861.0000,2861.2000,2861.4000,2861.6000,3,2,4,1,1,1,3,1,1,3
SF,IH2006,2020-06-17 11:10:48.700,2861.0000,17753,0,8905427760.000,0,-,-,-,-,2860.6000,2860.4000,2860.2000,2859.6000,2859.4000,2860.8000,2861.0000,2861.2000,2861.4000,2861.6000,4,2,4,1,1,1,3,1,1,3
SF,IH2006,2020-06-17 11:10:49.200,2861.0000,17753,0,8905427760.000,0,-,-,-,-,2860.6000,2860.4000,2860.2000,2859.6000,2859.4000,2860.8000,2861.0000,2861.2000,2861.4000,2861.6000,4,2,4,1,1,1,3,1,2,3
SF,IH2006,2020-06-17 11:10:49.700,2861.0000,17753,0,8905427760.000,0,-,-,-,-,2860.6000,2860.4000,2860.2000,2859.6000,2859.4000,2861.0000,2861.2000,2861.4000,2861.6000,2861.8000,4,2,4,1,1,3,1,2,3,5
SF,IH2006,2020-06-17 11:10:50.200,2861.0000,17753,0,8905427760.000,0,-,-,-,-,2860.6000,2860.4000,2860.2000,2859.6000,2859.4000,2860.8000,2861.0000,2861.2000,2861.4000,2861.6000,4,2,4,1,1,1,8,1,2,3
SF,IH2006,2020-06-17 11:10:50.700,2861.0000,17753,0,8905427760.000,0,-,-,-,-,2860.6000,2860.4000,2860.2000,2859.6000,2859.4000,2860.8000,2861.0000,2861.2000,2861.4000,2861.6000,4,2,4,1,1,1,3,1,2,3
SF,IH2006,2020-06-17 11:10:51.200,2860.8000,17754,1,8906286000.000,1,1,0,双开,B,2860.6000,2860.4000,2860.2000,2859.6000,2859.4000,2861.0000,2861.2000,2861.4000,2861.6000,2861.8000,4,2,4,1,1,4,1,2,3,5
SF,IH2006,2020-06-17 11:10:51.700,2861.0000,17754,0,8907144300.000,1,0,1,空换,B,2860.6000,2860.4000,2860.2000,2859.6000,2859.4000,2861.0000,2861.2000,2861.4000,2861.6000,2861.8000,3,2,4,1,1,3,1,2,3,5
SF,IH2006,2020-06-17 11:10:52.200,2861.0000,17754,0,8907144300.000,0,-,-,-,-,2860.6000,2860.4000,2860.2000,2859.6000,2859.4000,2861.0000,2861.2000,2861.4000,2861.6000,2861.8000,3,2,4,1,1,1,1,2,3,5
SF,IH2006,2020-06-17 11:10:52.700,2861.0000,17754,0,8907144300.000,0,-,-,-,-,2860.4000,2860.2000,2859.6000,2859.4000,2859.2000,2861.0000,2861.2000,2861.4000,2861.6000,2861.8000,2,4,1,1,3,1,1,2,3,5
SF,IH2006,2020-06-17 11:10:53.200,2861.0000,17754,0,8907144300.000,0,-,-,-,-,2860.4000,2860.2000,2859.6000,2859.4000,2859.2000,2861.0000,2861.2000,2861.4000,2861.6000,2861.8000,3,4,1,1,3,1,1,1,3,5
SF,IH2006,2020-06-17 11:10:53.700,2861.0000,17754,0,8907144300.000,0,-,-,-,-,2860.4000,2860.2000,2859.6000,2859.4000,2859.2000,2861.0000,2861.2000,2861.4000,2861.6000,2861.8000,4,4,1,1,3,1,1,1,3,5
SF,IH2006,2020-06-17 11:10:56.200,2861.0000,17754,0,8907144300.000,0,-,-,-,-,2860.4000,2860.2000,2859.6000,2859.4000,2859.2000,2861.0000,2861.2000,2861.4000,2861.6000,2861.8000,4,4,1,1,3,1,1,1,3,5
SF,IH2006,2020-06-17 11:10:57.200,2861.0000,17754,0,8907144300.000,0,-,-,-,-,2860.6000,2860.4000,2860.2000,2859.6000,2859.4000,2861.0000,2861.2000,2861.4000,2861.6000,2861.8000,2,4,4,1,1,1,1,1,3,5
SF,IH2006,2020-06-17 11:10:57.700,2861.0000,17754,0,8908002600.000,1,0,1,空换,B,2861.0000,2860.8000,2860.6000,2860.4000,2860.2000,2861.2000,2861.4000,2861.6000,2861.8000,2862.0000,1,1,5,5,4,1,1,3,5,1
SF,IH2006,2020-06-17 11:10:58.200,2861.2000,17754,0,8908860960.000,1,0,1,空换,B,2860.8000,2860.6000,2860.4000,2860.2000,2859.6000,2861.0000,2861.4000,2861.6000,2861.8000,2862.0000,1,5,5,4,1,4,1,3,5,1
SF,IH2006,2020-06-17 11:10:58.700,2861.0000,17750,-4,8912294160.000,4,0,4,双平,B,2861.2000,2861.0000,2860.8000,2860.6000,2860.4000,2861.4000,2861.6000,2861.8000,2862.0000,2862.2000,12,1,1,4,5,1,3,5,1,1
SF,IH2006,2020-06-17 11:10:59.200,2861.2000,17750,0,8914010880.000,2,1,1,空换,B,2861.2000,2861.0000,2860.6000,2860.4000,2860.2000,2861.4000,2861.6000,2861.8000,2862.0000,2862.2000,11,4,2,5,4,1,3,5,1,1
SF,IH2006,2020-06-17 11:10:59.700,2861.6000,17750,0,8917444740.000,4,2,2,空换,B,2861.6000,2861.2000,2861.0000,2860.6000,2860.4000,2861.8000,2862.0000,2862.2000,2862.4000,2862.6000,1,11,3,2,5,5,1,1,1,1
SF,IH2006,2020-06-17 11:11:00.200,2861.6000,17750,0,8917444740.000,0,-,-,-,-,2861.2000,2861.0000,2860.6000,2860.4000,2860.2000,2861.6000,2861.8000,2862.0000,2862.2000,2862.4000,11,3,2,5,4,7,5,1,1,1
SF,IH2006,2020-06-17 11:11:00.700,2861.6000,17749,-1,8918303220.000,1,0,1,双平,B,2861.2000,2861.0000,2860.6000,2860.4000,2860.2000,2861.6000,2861.8000,2862.0000,2862.2000,2862.4000,11,3,1,5,4,4,5,1,1,1
SF,IH2006,2020-06-17 11:11:01.200,2861.6000,17749,0,8918303220.000,0,-,-,-,-,2861.2000,2861.0000,2860.6000,2860.4000,2860.2000,2861.6000,2861.8000,2862.0000,2862.2000,2862.4000,11,3,1,5,4,3,5,1,1,1
SF,IH2006,2020-06-17 11:11:01.700,2861.6000,17749,0,8920878660.000,3,1,2,空换,B,2861.6000,2861.2000,2861.0000,2860.6000,2860.4000,2861.8000,2862.0000,2862.2000,2862.4000,2862.6000,7,1,2,1,5,5,1,1,1,1
SF,IH2006,2020-06-17 11:11:02.200,2861.6000,17753,4,8927746500.000,8,6,2,多开,B,2861.2000,2861.0000,2860.6000,2860.4000,2860.2000,2861.6000,2861.8000,2862.0000,2862.2000,2862.4000,1,1,1,5,4,21,5,1,1,1
SF,IH2006,2020-06-17 11:11:02.700,2861.4000,17753,0,8928604920.000,1,0,1,空换,B,2861.0000,2860.8000,2860.6000,2860.4000,2860.2000,2861.2000,2861.4000,2861.6000,2861.8000,2862.0000,1,1,1,5,4,2,3,9,5,1
SF,IH2006,2020-06-17 11:11:03.200,2861.4000,17753,0,8928604920.000,0,-,-,-,-,2860.8000,2860.6000,2860.4000,2860.2000,2859.6000,2861.4000,2861.6000,2861.8000,2862.0000,2862.2000,1,1,4,4,1,3,9,5,1,1
SF,IH2006,2020-06-17 11:11:03.700,2861.4000,17754,1,8929463340.000,1,1,0,双开,B,2861.0000,2860.8000,2860.6000,2860.4000,2860.2000,2861.4000,2861.6000,2861.8000,2862.0000,2862.2000,1,1,1,4,4,2,1,5,1,2
SF,IH2006,2020-06-17 11:11:04.200,2861.2000,17753,-1,8932896900.000,4,1,3,空平,B,2861.4000,2861.2000,2861.0000,2860.8000,2860.6000,2861.6000,2861.8000,2862.0000,2862.2000,2862.4000,12,1,1,1,1,1,5,1,2,1
SF,IH2006,2020-06-17 11:11:04.700,2861.4000,17754,1,8937189000.000,5,3,2,多开,B,2861.4000,2861.2000,2861.0000,2860.8000,2860.6000,2861.6000,2861.8000,2862.0000,2862.2000,2862.4000,7,1,1,1,1,1,5,1,2,1
SF,IH2006,2020-06-17 11:11:05.200,2861.4000,17761,7,8944056360.000,8,7,1,多开,B,2861.2000,2861.0000,2860.8000,2860.6000,2860.4000,2861.4000,2861.6000,2861.8000,2862.0000,2862.2000,2,1,1,1,4,2,1,5,1,1
SF,IH2006,2020-06-17 11:11:05.700,2861.4000,17759,-2,8946631620.000,3,0,3,空平,B,2861.4000,2861.2000,2861.0000,2860.8000,2860.6000,2861.8000,2862.0000,2862.2000,2862.4000,2862.6000,3,2,1,1,1,5,1,1,1,1
SF,IH2006,2020-06-17 11:11:06.200,2861.8000,17758,-1,8947490160.000,1,0,1,双平,B,2861.4000,2861.2000,2861.0000,2860.8000,2860.4000,2861.8000,2862.0000,2862.2000,2862.4000,2862.6000,3,2,1,1,3,4,1,1,1,2
SF,IH2006,2020-06-17 11:11:06.700,2861.4000,17758,0,8950065540.000,3,1,2,空换,B,2861.2000,2861.0000,2860.8000,2860.4000,2860.2000,2861.4000,2861.6000,2861.8000,2862.0000,2862.2000,2,1,1,3,5,2,1,3,1,1
SF,IH2006,2020-06-17 11:11:07.200,2861.4000,17755,-3,8952640800.000,3,0,3,双平,B,2861.2000,2861.0000,2860.8000,2860.4000,2860.2000,2861.6000,2861.8000,2862.0000,2862.2000,2862.4000,2,1,4,3,5,1,3,1,1,1
SF,IH2006,2020-06-17 11:11:07.700,2861.4000,17755,0,8952640800.000,0,-,-,-,-,2861.2000,2861.0000,2860.8000,2860.4000,2860.2000,2861.6000,2861.8000,2862.0000,2862.2000,2862.4000,1,1,4,3,5,1,3,1,1,1
SF,IH2006,2020-06-17 11:11:08.200,2861.6000,17755,0,8953499280.000,1,0,1,空换,B,2861.2000,2861.0000,2860.8000,2860.4000,2860.2000,2861.8000,2862.0000,2862.2000,2862.4000,2862.6000,1,1,4,3,5,3,1,1,1,2
SF,IH2006,2020-06-17 11:11:08.700,2861.6000,17755,0,8953499280.000,0,-,-,-,-,2861.4000,2861.2000,2861.0000,2860.8000,2860.4000,2861.6000,2861.8000,2862.0000,2862.2000,2862.4000,2,1,2,4,3,1,3,1,1,1
SF,IH2006,2020-06-17 11:11:09.200,2861.4000,17754,-1,8955216120.000,2,0,2,空平,B,2861.2000,2861.0000,2860.8000,2860.4000,2860.2000,2861.6000,2861.8000,2862.0000,2862.2000,2862.4000,1,2,4,3,5,1,3,1,1,1
SF,IH2006,2020-06-17 11:11:12.700,2861.4000,17754,0,8955216120.000,0,-,-,-,-,2861.2000,2861.0000,2860.8000,2860.4000,2860.2000,2861.6000,2861.8000,2862.0000,2862.2000,2862.4000,1,2,4,3,5,2,4,1,1,1
SF,IH2006,2020-06-17 11:11:13.200,2861.4000,17754,0,8955216120.000,0,-,-,-,-,2861.2000,2861.0000,2860.8000,2860.4000,2860.2000,2861.4000,2861.6000,2861.8000,2862.0000,2862.2000,1,2,4,3,5,1,2,4,1,1
SF,IH2006,2020-06-17 11:11:14.700,2861.2000,17754,0,8956074480.000,1,0,1,空换,B,2861.0000,2860.8000,2860.4000,2860.2000,2859.6000,2861.4000,2861.6000,2861.8000,2862.0000,2862.2000,2,4,3,5,1,1,2,4,1,1
SF,IH2006,2020-06-17 11:11:15.200,2861.0000,17754,0,8956932780.000,1,0,1,空换,B,2861.0000,2860.8000,2860.4000,2860.2000,2859.6000,2861.4000,2861.6000,2861.8000,2862.0000,2862.2000,1,4,3,5,1,1,2,4,1,1
SF,IH2006,2020-06-17 11:11:15.700,2861.0000,17754,0,8956932780.000,0,-,-,-,-,2861.2000,2861.0000,2860.8000,2860.4000,2860.2000,2861.4000,2861.6000,2861.8000,2862.0000,2862.2000,1,1,4,3,5,1,2,4,1,1
SF,IH2006,2020-06-17 11:11:16.200,2861.0000,17754,0,8956932780.000,0,-,-,-,-,2861.0000,2860.8000,2860.4000,2860.2000,2859.6000,2861.4000,2861.6000,2861.8000,2862.0000,2862.2000,1,4,3,5,1,2,2,4,1,1
SF,IH2006,2020-06-17 11:11:16.700,2861.0000,17754,0,8956932780.000,0,-,-,-,-,2861.0000,2860.8000,2860.4000,2860.2000,2859.6000,2861.4000,2861.6000,2861.8000,2862.0000,2862.2000,1,3,3,5,1,2,2,4,1,1
SF,IH2006,2020-06-17 11:11:17.200,2861.0000,17754,0,8956932780.000,0,-,-,-,-,2861.0000,2860.8000,2860.4000,2860.2000,2859.6000,2861.4000,2861.6000,2861.8000,2862.0000,2862.2000,1,3,3,5,1,1,2,4,1,1
SF,IH2006,2020-06-17 11:11:17.700,2861.2000,17755,1,8957791140.000,1,1,0,双开,B,2861.2000,2861.0000,2860.8000,2860.4000,2860.2000,2861.4000,2861.6000,2861.8000,2862.0000,2862.2000,3,1,3,3,5,1,2,4,1,1
SF,IH2006,2020-06-17 11:11:18.200,2861.2000,17755,0,8957791140.000,0,-,-,-,-,2861.2000,2861.0000,2860.8000,2860.4000,2860.2000,2861.6000,2861.8000,2862.0000,2862.2000,2862.4000,4,1,3,3,5,2,4,1,1,1
SF,IH2006,2020-06-17 11:11:18.700,2861.2000,17755,0,8957791140.000,0,-,-,-,-,2861.2000,2861.0000,2860.8000,2860.4000,2860.2000,2861.6000,2861.8000,2862.0000,2862.2000,2862.4000,4,1,3,3,5,3,5,1,1,1
SF,IH2006,2020-06-17 11:11:19.200,2861.2000,17755,0,8958649500.000,1,0,1,空换,B,2861.2000,2861.0000,2860.8000,2860.4000,2860.2000,2861.6000,2861.8000,2862.0000,2862.2000,2862.4000,3,1,3,3,5,4,5,1,1,1
SF,IH2006,2020-06-17 11:11:19.700,2861.2000,17755,0,8961224580.000,3,1,2,空换,B,2861.0000,2860.8000,2860.4000,2860.2000,2859.6000,2861.2000,2861.4000,2861.6000,2861.8000,2862.0000,1,3,3,5,1,2,2,6,5,1
SF,IH2006,2020-06-17 11:11:20.200,2861.0000,17755,0,8962082880.000,1,0,1,空换,B,2860.8000,2860.4000,2860.2000,2859.6000,2859.4000,2861.2000,2861.4000,2861.6000,2861.8000,2862.0000,3,3,5,1,1,3,3,6,5,1
SF,IH2006,2020-06-17 11:11:21.700,2861.0000,17755,0,8962082880.000,0,-,-,-,-,2860.8000,2860.4000,2860.2000,2859.6000,2859.4000,2861.2000,2861.4000,2861.6000,2861.8000,2862.0000,3,3,5,1,1,3,4,6,5,1
SF,IH2006,2020-06-17 11:11:22.200,2861.0000,17755,0,8962082880.000,0,-,-,-,-,2860.8000,2860.4000,2860.2000,2859.6000,2859.4000,2861.0000,2861.2000,2861.4000,2861.6000,2861.8000,3,5,5,1,1,1,3,4,6,5
SF,IH2006,2020-06-17 11:11:22.700,2861.0000,17756,1,8962941180.000,1,1,0,双开,B,2861.0000,2860.8000,2860.4000,2860.2000,2859.6000,2861.2000,2861.4000,2861.6000,2861.8000,2862.0000,1,3,5,5,1,3,4,6,5,1
SF,IH2006,2020-06-17 11:11:23.200,2861.0000,17756,0,8962941180.000,0,-,-,-,-,2860.8000,2860.4000,2860.2000,2859.6000,2859.4000,2861.2000,2861.4000,2861.6000,2861.8000,2862.0000,3,5,3,1,1,3,4,6,5,1
SF,IH2006,2020-06-17 11:11:26.700,2861.0000,17756,0,8962941180.000,0,-,-,-,-,2860.8000,2860.4000,2860.2000,2859.6000,2859.4000,2861.0000,2861.2000,2861.4000,2861.6000,2861.8000,3,5,3,1,1,1,3,4,6,5
SF,IH2006,2020-06-17 11:11:27.200,2861.0000,17756,0,8962941180.000,0,-,-,-,-,2860.8000,2860.4000,2860.2000,2859.6000,2859.4000,2861.0000,2861.2000,2861.4000,2861.6000,2861.8000,3,5,3,1,1,2,1,3,6,5
SF,IH2006,2020-06-17 11:11:29.200,2861.0000,17756,0,8962941180.000,0,-,-,-,-,2860.8000,2860.4000,2860.2000,2859.6000,2859.4000,2861.0000,2861.2000,2861.4000,2861.6000,2861.8000,3,5,3,1,1,2,1,3,5,5
SF,IH2006,2020-06-17 11:11:29.700,2861.0000,17756,0,8962941180.000,0,-,-,-,-,2860.8000,2860.4000,2860.2000,2859.6000,2859.4000,2861.0000,2861.2000,2861.4000,2861.6000,2861.8000,3,5,3,2,1,2,1,2,5,5
SF,IH2006,2020-06-17 11:11:31.200,2861.0000,17755,-1,8963799480.000,1,0,1,双平,B,2860.8000,2860.4000,2860.2000,2859.6000,2859.4000,2861.0000,2861.2000,2861.4000,2861.6000,2861.8000,3,5,3,2,1,1,1,2,5,5
SF,IH2006,2020-06-17 11:11:31.700,2860.8000,17754,-1,8964657720.000,1,0,1,双平,B,2860.8000,2860.4000,2860.2000,2859.6000,2859.4000,2861.0000,2861.2000,2861.4000,2861.6000,2861.8000,2,5,3,2,1,1,1,2,5,5
SF,IH2006,2020-06-17 11:11:32.200,2860.8000,17754,0,8964657720.000,0,-,-,-,-,2860.8000,2860.4000,2860.2000,2859.6000,2859.4000,2861.0000,2861.2000,2861.4000,2861.6000,2861.8000,2,5,3,2,1,3,1,2,5,5
SF,IH2006,2020-06-17 11:11:35.200,2860.8000,17753,-1,8966374200.000,2,0,2,空平,B,2860.4000,2860.2000,2859.6000,2859.4000,2859.2000,2860.8000,2861.0000,2861.2000,2861.4000,2861.6000,5,3,2,1,3,1,3,1,2,5
SF,IH2006,2020-06-17 11:11:35.700,2860.8000,17753,0,8966374200.000,0,-,-,-,-,2860.4000,2860.2000,2859.6000,2859.4000,2859.2000,2861.0000,2861.2000,2861.4000,2861.6000,2861.8000,5,3,2,1,3,3,1,2,5,5
SF,IH2006,2020-06-17 11:11:36.200,2860.8000,17753,0,8966374200.000,0,-,-,-,-,2860.4000,2860.2000,2859.6000,2859.4000,2859.2000,2861.0000,2861.2000,2861.4000,2861.6000,2861.8000,5,3,2,1,3,3,1,2,5,5
SF,IH2006,2020-06-17 11:11:36.700,2860.8000,17753,0,8966374200.000,0,-,-,-,-,2860.4000,2860.2000,2859.6000,2859.4000,2859.2000,2860.8000,2861.0000,2861.2000,2861.4000,2861.6000,5,3,2,1,3,1,3,1,2,5
SF,IH2006,2020-06-17 11:11:37.200,2860.8000,17753,0,8966374200.000,0,-,-,-,-,2860.6000,2860.4000,2860.2000,2859.6000,2859.4000,2860.8000,2861.0000,2861.2000,2861.4000,2861.6000,1,5,3,2,1,2,3,1,2,4
SF,IH2006,2020-06-17 11:11:38.700,2860.8000,17753,0,8967232440.000,1,0,1,空换,B,2860.6000,2860.4000,2860.2000,2859.6000,2859.4000,2860.8000,2861.0000,2861.2000,2861.4000,2861.6000,1,5,3,2,1,1,3,1,2,4
SF,IH2006,2020-06-17 11:11:39.200,2860.8000,17754,1,8968090680.000,1,1,0,双开,B,2860.8000,2860.6000,2860.4000,2860.2000,2859.6000,2861.0000,2861.2000,2861.4000,2861.6000,2861.8000,3,1,5,3,2,2,1,2,4,5
SF,IH2006,2020-06-17 11:11:39.700,2860.8000,17754,0,8968090680.000,0,-,-,-,-,2860.8000,2860.6000,2860.4000,2860.2000,2859.6000,2861.0000,2861.2000,2861.4000,2861.6000,2861.8000,1,1,5,3,2,2,1,2,4,5
SF,IH2006,2020-06-17 11:11:40.200,2860.8000,17753,-1,8968948920.000,1,0,1,双平,B,2860.4000,2860.2000,2859.6000,2859.4000,2859.2000,2861.0000,2861.2000,2861.4000,2861.6000,2861.8000,5,3,2,1,3,2,1,2,4,5
SF,IH2006,2020-06-17 11:11:40.700,2860.8000,17753,0,8968948920.000,0,-,-,-,-,2860.4000,2860.2000,2859.6000,2859.4000,2859.2000,2861.0000,2861.2000,2861.4000,2861.6000,2861.8000,6,3,2,1,3,2,1,2,4,5
SF,IH2006,2020-06-17 11:11:41.200,2860.4000,17754,1,8969807040.000,1,1,0,双开,B,2860.6000,2860.4000,2860.2000,2859.6000,2859.4000,2861.0000,2861.2000,2861.4000,2861.6000,2861.8000,1,5,3,2,1,2,1,2,4,5
SF,IH2006,2020-06-17 11:11:42.700,2860.4000,17754,0,8969807040.000,0,-,-,-,-,2860.6000,2860.4000,2860.2000,2859.6000,2859.4000,2861.0000,2861.2000,2861.4000,2861.6000,2861.8000,1,5,3,2,1,1,1,2,4,5
SF,IH2006,2020-06-17 11:11:43.200,2860.4000,17754,0,8969807040.000,0,-,-,-,-,2860.8000,2860.6000,2860.4000,2860.2000,2859.6000,2861.0000,2861.2000,2861.4000,2861.6000,2861.8000,4,1,5,3,2,1,1,2,4,5
SF,IH2006,2020-06-17 11:11:44.200,2860.4000,17754,0,8969807040.000,0,-,-,-,-,2860.8000,2860.4000,2860.2000,2859.6000,2859.4000,2861.0000,2861.2000,2861.4000,2861.6000,2861.8000,4,5,3,2,1,1,1,2,4,5
SF,IH2006,2020-06-17 11:11:45.200,2860.4000,17754,0,8969807040.000,0,-,-,-,-,2860.8000,2860.4000,2860.2000,2859.6000,2859.4000,2861.0000,2861.2000,2861.4000,2861.6000,2861.8000,2,5,3,2,1,1,1,2,4,5
SF,IH2006,2020-06-17 11:11:45.700,2860.4000,17754,0,8969807040.000,0,-,-,-,-,2860.4000,2860.2000,2859.6000,2859.4000,2859.2000,2861.2000,2861.4000,2861.6000,2861.8000,2862.0000,5,3,2,1,4,1,2,4,5,1
SF,IH2006,2020-06-17 11:11:46.200,2860.4000,17754,0,8969807040.000,0,-,-,-,-,2860.6000,2860.4000,2860.2000,2859.6000,2859.4000,2861.2000,2861.4000,2861.6000,2861.8000,2862.0000,7,4,3,2,1,2,2,4,5,1
SF,IH2006,2020-06-17 11:11:46.700,2860.4000,17754,0,8969807040.000,0,-,-,-,-,2860.6000,2860.4000,2860.2000,2859.6000,2859.4000,2861.0000,2861.2000,2861.4000,2861.6000,2861.8000,3,4,3,2,1,3,2,2,4,5
SF,IH2006,2020-06-17 11:11:47.200,2860.4000,17754,0,8969807040.000,0,-,-,-,-,2860.6000,2860.4000,2860.2000,2859.6000,2859.4000,2861.0000,2861.2000,2861.4000,2861.6000,2861.8000,2,4,3,2,1,3,2,1,4,5
SF,IH2006,2020-06-17 11:11:50.700,2860.4000,17754,0,8969807040.000,0,-,-,-,-,2860.6000,2860.4000,2860.2000,2859.6000,2859.4000,2861.0000,2861.2000,2861.4000,2861.6000,2861.8000,2,2,3,2,1,3,2,1,4,5
SF,IH2006,2020-06-17 11:11:51.700,2860.8000,17753,-1,8970665280.000,1,0,1,双平,B,2860.6000,2860.4000,2860.2000,2859.6000,2859.4000,2861.0000,2861.2000,2861.4000,2861.6000,2861.8000,2,2,3,2,1,3,2,1,4,5
SF,IH2006,2020-06-17 11:11:52.200,2860.6000,17753,0,8972381640.000,2,1,1,空换,B,2860.4000,2860.2000,2859.6000,2859.4000,2859.2000,2860.6000,2860.8000,2861.0000,2861.2000,2861.4000,2,3,2,1,4,7,1,3,2,1
SF,IH2006,2020-06-17 11:11:52.700,2860.6000,17753,0,8972381640.000,0,-,-,-,-,2860.4000,2860.2000,2859.6000,2859.4000,2859.2000,2860.6000,2860.8000,2861.0000,2861.2000,2861.4000,2,3,2,1,4,1,1,3,2,1
SF,IH2006,2020-06-17 11:11:55.200,2860.6000,17753,0,8972381640.000,0,-,-,-,-,2860.4000,2860.2000,2859.6000,2859.4000,2859.2000,2860.6000,2860.8000,2861.0000,2861.2000,2861.4000,2,3,2,1,4,1,1,3,2,1
SF,IH2006,2020-06-17 11:11:55.700,2860.4000,17753,0,8973239760.000,1,0,1,空换,B,2860.4000,2860.2000,2859.6000,2859.4000,2859.2000,2860.8000,2861.0000,2861.2000,2861.4000,2861.6000,1,3,2,1,4,1,3,2,1,4
SF,IH2006,2020-06-17 11:11:56.200,2860.4000,17753,0,8973239760.000,0,-,-,-,-,2860.4000,2860.2000,2859.6000,2859.4000,2859.2000,2860.8000,2861.0000,2861.2000,2861.4000,2861.6000,1,4,2,1,4,1,3,2,1,4
SF,IH2006,2020-06-17 11:11:56.700,2860.4000,17753,0,8973239760.000,0,-,-,-,-,2860.4000,2860.2000,2859.6000,2859.4000,2859.2000,2860.8000,2861.0000,2861.2000,2861.4000,2861.6000,1,4,2,1,4,2,3,2,1,4
SF,IH2006,2020-06-17 11:12:00.200,2860.4000,17753,0,8973239760.000,0,-,-,-,-,2860.4000,2860.2000,2859.6000,2859.4000,2859.2000,2860.8000,2861.0000,2861.2000,2861.4000,2861.6000,1,4,2,1,4,2,3,2,1,4
SF,IH2006,2020-06-17 11:12:02.200,2860.4000,17753,0,8973239760.000,0,-,-,-,-,2860.4000,2860.2000,2859.6000,2859.4000,2859.2000,2860.8000,2861.0000,2861.2000,2861.4000,2861.6000,1,4,2,1,4,1,3,2,1,4
SF,IH2006,2020-06-17 11:12:02.700,2860.4000,17753,0,8973239760.000,0,-,-,-,-,2860.6000,2860.4000,2860.2000,2859.6000,2859.4000,2861.0000,2861.2000,2861.4000,2861.6000,2861.8000,4,2,4,2,1,3,2,1,4,6
SF,IH2006,2020-06-17 11:12:03.200,2860.4000,17753,0,8973239760.000,0,-,-,-,-,2860.6000,2860.4000,2860.2000,2859.6000,2859.4000,2861.0000,2861.2000,2861.4000,2861.6000,2861.8000,1,2,4,2,1,3,2,1,4,6
SF,IH2006,2020-06-17 11:12:03.700,2860.4000,17753,0,8973239760.000,0,-,-,-,-,2860.8000,2860.6000,2860.4000,2860.2000,2859.6000,2861.0000,2861.2000,2861.4000,2861.6000,2861.8000,1,2,1,4,2,2,2,1,4,6
SF,IH2006,2020-06-17 11:12:04.200,2860.4000,17753,0,8973239760.000,0,-,-,-,-,2860.6000,2860.4000,2860.2000,2859.6000,2859.4000,2861.0000,2861.2000,2861.4000,2861.6000,2861.8000,2,1,4,2,1,2,2,1,4,6
SF,IH2006,2020-06-17 11:12:05.700,2860.4000,17753,0,8973239760.000,0,-,-,-,-,2860.6000,2860.4000,2860.2000,2859.6000,2859.4000,2860.8000,2861.0000,2861.2000,2861.4000,2861.6000,1,1,4,2,1,1,2,2,1,4
SF,IH2006,2020-06-17 11:12:06.200,2860.4000,17753,0,8973239760.000,0,-,-,-,-,2860.4000,2860.2000,2859.6000,2859.4000,2859.2000,2860.8000,2861.0000,2861.2000,2861.4000,2861.6000,1,4,2,1,4,1,2,2,1,4
SF,IH2006,2020-06-17 11:12:06.700,2860.4000,17753,0,8973239760.000,0,-,-,-,-,2860.4000,2860.2000,2859.6000,2859.4000,2859.2000,2860.8000,2861.0000,2861.2000,2861.4000,2861.6000,1,4,2,1,4,2,2,2,1,4
SF,IH2006,2020-06-17 11:12:08.700,2860.4000,17753,0,8973239760.000,0,-,-,-,-,2860.4000,2860.2000,2859.6000,2859.4000,2859.2000,2860.8000,2861.0000,2861.2000,2861.4000,2861.6000,1,3,2,1,3,2,2,2,1,4
SF,IH2006,2020-06-17 11:12:09.200,2860.8000,17752,-1,8974956240.000,2,0,2,空平,B,2860.4000,2860.2000,2859.6000,2859.4000,2859.2000,2861.0000,2861.2000,2861.4000,2861.6000,2861.8000,2,3,2,1,3,2,2,1,4,6
SF,IH2006,2020-06-17 11:12:12.700,2860.8000,17752,0,8974956240.000,0,-,-,-,-,2860.4000,2860.2000,2859.6000,2859.4000,2859.2000,2861.0000,2861.2000,2861.4000,2861.6000,2861.8000,2,3,2,1,3,2,2,1,4,6
SF,IH2006,2020-06-17 11:12:13.200,2860.8000,17752,0,8974956240.000,0,-,-,-,-,2860.4000,2860.2000,2859.6000,2859.4000,2859.2000,2861.0000,2861.2000,2861.4000,2861.6000,2861.8000,2,3,2,1,3,3,2,1,4,6
SF,IH2006,2020-06-17 11:12:13.700,2860.8000,17752,0,8974956240.000,0,-,-,-,-,2860.4000,2860.2000,2859.6000,2859.4000,2859.2000,2861.0000,2861.2000,2861.4000,2861.6000,2861.8000,2,3,2,1,2,3,2,1,4,6
SF,IH2006,2020-06-17 11:12:14.200,2860.8000,17752,0,8974956240.000,0,-,-,-,-,2860.4000,2860.2000,2859.6000,2859.4000,2859.2000,2860.8000,2861.0000,2861.2000,2861.4000,2861.6000,2,3,2,1,2,1,4,2,1,4
SF,IH2006,2020-06-17 11:12:14.700,2860.8000,17752,0,8974956240.000,0,-,-,-,-,2860.4000,2860.2000,2859.6000,2859.4000,2859.2000,2860.6000,2860.8000,2861.0000,2861.2000,2861.4000,1,3,2,1,2,2,2,2,2,1
SF,IH2006,2020-06-17 11:12:15.200,2860.4000,17751,-1,8975814360.000,1,0,1,双平,B,2860.2000,2859.6000,2859.4000,2859.2000,2859.0000,2860.4000,2860.6000,2860.8000,2861.0000,2861.2000,3,2,1,2,2,2,1,2,1,2
SF,IH2006,2020-06-17 11:12:15.700,2860.4000,17751,0,8975814360.000,0,-,-,-,-,2860.2000,2859.6000,2859.4000,2859.2000,2859.0000,2860.4000,2860.6000,2861.0000,2861.2000,2861.4000,3,2,1,2,2,2,1,1,2,1
SF,IH2006,2020-06-17 11:12:17.700,2860.2000,17751,0,8976672420.000,1,0,1,空换,B,2860.2000,2859.6000,2859.4000,2859.2000,2859.0000,2860.4000,2860.6000,2861.0000,2861.2000,2861.4000,2,2,1,2,2,2,1,1,2,1
SF,IH2006,2020-06-17 11:12:18.200,2860.2000,17751,0,8977530480.000,1,0,1,空换,B,2860.2000,2859.6000,2859.4000,2859.2000,2859.0000,2860.4000,2860.6000,2861.0000,2861.2000,2861.4000,3,2,1,2,2,2,2,1,2,1
SF,IH2006,2020-06-17 11:12:19.700,2860.2000,17751,0,8977530480.000,0,-,-,-,-,2860.2000,2859.6000,2859.4000,2859.2000,2859.0000,2860.4000,2860.6000,2861.0000,2861.2000,2861.4000,3,2,1,2,3,2,2,1,2,1
SF,IH2006,2020-06-17 11:12:20.200,2860.2000,17751,0,8980104660.000,3,1,2,空换,B,2859.6000,2859.4000,2859.2000,2859.0000,2858.4000,2860.2000,2860.4000,2860.6000,2861.0000,2861.2000,2,1,2,3,7,2,3,2,1,2
SF,IH2006,2020-06-17 11:12:20.700,2860.0000,17752,1,8980962660.000,1,1,0,双开,B,2859.6000,2859.4000,2859.2000,2859.0000,2858.4000,2860.0000,2860.2000,2860.4000,2860.6000,2861.0000,3,1,2,3,7,1,2,3,2,1
SF,IH2006,2020-06-17 11:12:21.200,2860.0000,17752,0,8980962660.000,0,-,-,-,-,2859.8000,2859.6000,2859.4000,2859.2000,2859.0000,2860.2000,2860.4000,2860.6000,2861.0000,2861.2000,1,3,1,2,3,2,3,1,1,2
SF,IH2006,2020-06-17 11:12:21.700,2860.0000,17752,0,8980962660.000,0,-,-,-,-,2859.6000,2859.4000,2859.2000,2859.0000,2858.4000,2860.2000,2860.4000,2860.6000,2861.0000,2861.2000,3,1,2,3,7,2,3,1,1,2
SF,IH2006,2020-06-17 11:12:23.700,2860.0000,17752,0,8980962660.000,0,-,-,-,-,2859.6000,2859.4000,2859.2000,2859.0000,2858.4000,2860.2000,2860.4000,2860.6000,2861.0000,2861.2000,3,1,2,3,7,3,3,1,1,2
SF,IH2006,2020-06-17 11:12:24.200,2860.2000,17751,-1,8981820720.000,1,0,1,双平,B,2859.6000,2859.4000,2859.2000,2859.0000,2858.4000,2860.2000,2860.4000,2860.6000,2861.0000,2861.2000,3,1,2,3,7,2,3,1,1,2
SF,IH2006,2020-06-17 11:12:25.200,2860.2000,17751,0,8981820720.000,0,-,-,-,-,2859.6000,2859.4000,2859.2000,2859.0000,2858.4000,2860.2000,2860.4000,2860.6000,2861.0000,2861.2000,3,1,2,3,7,2,3,1,1,2
SF,IH2006,2020-06-17 11:12:25.700,2860.2000,17751,0,8981820720.000,0,-,-,-,-,2859.8000,2859.6000,2859.4000,2859.2000,2859.0000,2860.2000,2860.4000,2860.6000,2861.0000,2861.2000,2,4,1,2,3,2,3,1,1,2
SF,IH2006,2020-06-17 11:12:26.200,2860.2000,17751,0,8981820720.000,0,-,-,-,-,2859.8000,2859.6000,2859.4000,2859.2000,2859.0000,2860.2000,2860.4000,2860.6000,2861.0000,2861.2000,2,4,1,2,3,2,3,1,1,2
SF,IH2006,2020-06-17 11:12:27.200,2860.2000,17751,0,8981820720.000,0,-,-,-,-,2859.8000,2859.6000,2859.4000,2859.2000,2859.0000,2860.2000,2860.4000,2860.6000,2861.0000,2861.2000,2,5,1,2,3,2,3,1,1,2
SF,IH2006,2020-06-17 11:12:28.200,2860.2000,17751,0,8981820720.000,0,-,-,-,-,2859.8000,2859.6000,2859.4000,2859.2000,2859.0000,2860.2000,2860.4000,2860.6000,2861.0000,2861.2000,2,5,1,2,3,1,3,1,1,2
SF,IH2006,2020-06-17 11:12:28.700,2860.2000,17751,0,8981820720.000,0,-,-,-,-,2859.8000,2859.6000,2859.4000,2859.2000,2859.0000,2860.2000,2860.4000,2860.6000,2861.0000,2861.2000,3,5,1,2,3,1,3,1,1,2
SF,IH2006,2020-06-17 11:12:29.200,2860.2000,17752,1,8983536840.000,2,1,1,多开,B,2859.8000,2859.6000,2859.4000,2859.2000,2859.0000,2860.4000,2860.6000,2861.0000,2861.2000,2861.4000,3,5,1,2,3,3,1,1,2,1
SF,IH2006,2020-06-17 11:12:29.700,2860.2000,17752,0,8983536840.000,0,-,-,-,-,2860.0000,2859.8000,2859.6000,2859.4000,2859.2000,2860.4000,2860.6000,2861.0000,2861.2000,2861.4000,1,3,5,1,2,3,1,1,2,1
SF,IH2006,2020-06-17 11:12:30.700,2860.2000,17752,0,8983536840.000,0,-,-,-,-,2860.0000,2859.8000,2859.6000,2859.4000,2859.2000,2860.4000,2860.6000,2860.8000,2861.0000,2861.2000,1,3,5,1,2,3,1,1,1,2
SF,IH2006,2020-06-17 11:12:33.200,2860.2000,17752,0,8983536840.000,0,-,-,-,-,2860.0000,2859.8000,2859.6000,2859.4000,2859.2000,2860.2000,2860.4000,2860.6000,2860.8000,2861.0000,1,3,5,1,2,1,1,1,1,1
SF,IH2006,2020-06-17 11:12:33.700,2860.2000,17753,1,8984394900.000,1,1,0,双开,B,2860.0000,2859.8000,2859.6000,2859.4000,2859.2000,2860.4000,2860.6000,2860.8000,2861.0000,2861.2000,1,3,5,1,2,1,1,1,1,2
SF,IH2006,2020-06-17 11:12:34.700,2860.2000,17753,0,8984394900.000,0,-,-,-,-,2860.0000,2859.8000,2859.6000,2859.4000,2859.2000,2860.2000,2860.4000,2860.6000,2860.8000,2861.0000,1,3,5,1,2,1,1,1,1,1
SF,IH2006,2020-06-17 11:12:35.200,2860.0000,17753,0,8985252900.000,1,0,1,空换,B,2859.6000,2859.4000,2859.2000,2859.0000,2858.6000,2860.0000,2860.2000,2860.4000,2860.6000,2860.8000,5,1,2,3,1,2,1,1,1,1
SF,IH2006,2020-06-17 11:12:35.700,2860.0000,17753,0,8985252900.000,0,-,-,-,-,2859.6000,2859.4000,2859.2000,2859.0000,2858.6000,2860.0000,2860.2000,2860.4000,2860.6000,2860.8000,5,1,2,3,1,2,1,1,1,1
SF,IH2006,2020-06-17 11:12:36.200,2860.0000,17753,0,8985252900.000,0,-,-,-,-,2859.6000,2859.4000,2859.2000,2859.0000,2858.6000,2860.0000,2860.4000,2860.6000,2860.8000,2861.0000,5,1,2,3,1,2,1,1,1,1
SF,IH2006,2020-06-17 11:12:36.700,2860.0000,17753,0,8985252900.000,0,-,-,-,-,2859.6000,2859.4000,2859.2000,2859.0000,2858.6000,2860.0000,2860.4000,2860.6000,2860.8000,2861.0000,6,1,2,3,1,2,1,1,1,1
SF,IH2006,2020-06-17 11:12:37.200,2860.0000,17753,0,8985252900.000,0,-,-,-,-,2859.6000,2859.4000,2859.2000,2859.0000,2858.6000,2860.0000,2860.4000,2860.6000,2860.8000,2861.0000,6,1,2,3,1,2,2,1,1,1
SF,IH2006,2020-06-17 11:12:38.700,2860.0000,17753,0,8985252900.000,0,-,-,-,-,2859.6000,2859.4000,2859.2000,2859.0000,2858.6000,2860.0000,2860.2000,2860.4000,2860.6000,2860.8000,6,1,2,3,1,2,1,2,1,1
SF,IH2006,2020-06-17 11:12:39.700,2860.0000,17753,0,8985252900.000,0,-,-,-,-,2859.6000,2859.4000,2859.2000,2859.0000,2858.6000,2860.2000,2860.4000,2860.6000,2860.8000,2861.0000,6,1,2,3,1,1,2,1,1,1
SF,IH2006,2020-06-17 11:12:40.200,2860.0000,17753,0,8985252900.000,0,-,-,-,-,2859.6000,2859.4000,2859.2000,2859.0000,2858.6000,2860.2000,2860.4000,2860.6000,2860.8000,2861.0000,6,1,2,3,1,2,2,1,1,1
SF,IH2006,2020-06-17 11:12:44.700,2860.0000,17753,0,8985252900.000,0,-,-,-,-,2859.6000,2859.4000,2859.2000,2859.0000,2858.4000,2860.0000,2860.2000,2860.4000,2860.6000,2860.8000,6,1,2,3,7,1,2,2,1,1
SF,IH2006,2020-06-17 11:12:45.200,2860.0000,17753,0,8985252900.000,0,-,-,-,-,2859.6000,2859.4000,2859.2000,2859.0000,2858.4000,2860.0000,2860.2000,2860.4000,2860.6000,2860.8000,5,1,2,3,7,1,2,2,1,1
SF,IH2006,2020-06-17 11:12:45.700,2860.0000,17753,0,8985252900.000,0,-,-,-,-,2859.6000,2859.4000,2859.2000,2859.0000,2858.4000,2860.0000,2860.2000,2860.4000,2860.6000,2860.8000,5,1,2,3,7,3,2,2,1,1
SF,IH2006,2020-06-17 11:12:46.200,2859.6000,17751,-2,8986968660.000,2,0,2,双平,B,2859.6000,2859.4000,2859.2000,2859.0000,2858.4000,2860.0000,2860.2000,2860.4000,2860.6000,2860.8000,3,1,2,3,7,3,2,2,1,1
SF,IH2006,2020-06-17 11:12:46.700,2859.6000,17752,1,8987826540.000,1,1,0,双开,B,2859.6000,2859.4000,2859.2000,2859.0000,2858.4000,2860.0000,2860.2000,2860.4000,2860.6000,2860.8000,2,1,2,3,7,3,1,1,1,1
SF,IH2006,2020-06-17 11:12:47.200,2859.6000,17752,0,8987826540.000,0,-,-,-,-,2859.6000,2859.4000,2859.2000,2859.0000,2858.4000,2859.8000,2860.0000,2860.2000,2860.4000,2860.6000,2,1,2,2,7,2,3,1,1,1
SF,IH2006,2020-06-17 11:12:47.700,2859.6000,17751,-1,8988684420.000,1,0,1,双平,B,2859.6000,2859.4000,2859.2000,2859.0000,2858.4000,2859.8000,2860.0000,2860.2000,2860.4000,2860.6000,1,1,2,2,7,3,2,1,1,1
SF,IH2006,2020-06-17 11:12:48.200,2859.6000,17751,0,8989542300.000,1,0,1,空换,B,2859.4000,2859.2000,2859.0000,2858.4000,2858.2000,2859.6000,2859.8000,2860.0000,2860.2000,2860.4000,1,2,2,7,8,2,3,2,1,1
SF,IH2006,2020-06-17 11:12:48.700,2859.6000,17751,0,8989542300.000,0,-,-,-,-,2859.4000,2859.2000,2859.0000,2858.4000,2858.2000,2859.6000,2859.8000,2860.0000,2860.2000,2860.4000,1,2,2,8,8,2,3,2,1,1
SF,IH2006,2020-06-17 11:12:49.700,2859.6000,17751,0,8989542300.000,0,-,-,-,-,2859.4000,2859.2000,2859.0000,2858.4000,2858.2000,2859.6000,2859.8000,2860.0000,2860.2000,2860.4000,1,1,2,8,8,2,3,2,1,1
SF,IH2006,2020-06-17 11:12:50.200,2859.6000,17751,0,8990400180.000,1,0,1,空换,B,2859.4000,2859.2000,2858.4000,2858.2000,2858.0000,2859.6000,2859.8000,2860.0000,2860.2000,2860.4000,1,1,8,8,2,1,2,2,1,1
SF,IH2006,2020-06-17 11:12:52.700,2859.4000,17750,-1,8991258000.000,1,0,1,双平,B,2859.2000,2858.6000,2858.4000,2858.2000,2858.0000,2859.6000,2859.8000,2860.0000,2860.2000,2860.4000,1,1,8,8,2,1,2,2,1,1
SF,IH2006,2020-06-17 11:12:53.200,2859.4000,17750,0,8991258000.000,0,-,-,-,-,2859.2000,2858.6000,2858.4000,2858.2000,2858.0000,2859.6000,2859.8000,2860.0000,2860.2000,2860.4000,2,1,8,8,2,2,1,2,1,1
SF,IH2006,2020-06-17 11:12:54.700,2859.4000,17750,0,8991258000.000,0,-,-,-,-,2859.2000,2858.6000,2858.4000,2858.2000,2858.0000,2859.6000,2859.8000,2860.0000,2860.2000,2860.4000,2,1,8,8,2,2,1,2,1,1
SF,IH2006,2020-06-17 11:12:56.200,2859.4000,17750,0,8991258000.000,0,-,-,-,-,2859.2000,2858.6000,2858.4000,2858.2000,2858.0000,2859.6000,2859.8000,2860.0000,2860.2000,2860.4000,3,1,8,8,2,2,1,2,1,1
SF,IH2006,2020-06-17 11:12:56.700,2859.4000,17750,0,8991258000.000,0,-,-,-,-,2859.2000,2858.6000,2858.4000,2858.2000,2858.0000,2859.6000,2859.8000,2860.0000,2860.2000,2860.4000,4,1,8,8,2,2,1,2,1,1
SF,IH2006,2020-06-17 11:12:57.200,2859.4000,17750,0,8991258000.000,0,-,-,-,-,2859.2000,2858.6000,2858.4000,2858.2000,2858.0000,2859.6000,2859.8000,2860.0000,2860.2000,2860.4000,4,1,9,8,2,2,1,2,1,1
SF,IH2006,2020-06-17 11:12:57.700,2859.4000,17750,0,8991258000.000,0,-,-,-,-,2859.2000,2858.6000,2858.4000,2858.2000,2858.0000,2859.6000,2859.8000,2860.0000,2860.2000,2860.4000,4,1,9,8,2,3,1,2,1,1
SF,IH2006,2020-06-17 11:12:58.700,2859.4000,17750,0,8991258000.000,0,-,-,-,-,2859.2000,2858.6000,2858.4000,2858.2000,2858.0000,2859.6000,2859.8000,2860.0000,2860.4000,2860.6000,4,1,9,8,2,3,1,2,1,1
SF,IH2006,2020-06-17 11:12:59.200,2859.6000,17751,1,8992115880.000,1,1,0,双开,B,2859.2000,2858.6000,2858.4000,2858.2000,2858.0000,2859.6000,2859.8000,2860.0000,2860.4000,2860.6000,4,1,9,8,2,2,1,2,1,1
SF,IH2006,2020-06-17 11:13:00.200,2859.6000,17751,0,8992115880.000,0,-,-,-,-,2859.2000,2858.6000,2858.4000,2858.2000,2858.0000,2859.6000,2859.8000,2860.0000,2860.4000,2860.6000,3,1,9,8,2,2,1,2,1,1
SF,IH2006,2020-06-17 11:13:00.700,2859.2000,17751,0,8992973640.000,1,0,1,空换,B,2859.2000,2858.6000,2858.4000,2858.2000,2858.0000,2859.6000,2859.8000,2860.0000,2860.4000,2860.6000,2,1,9,8,2,1,1,2,1,1
SF,IH2006,2020-06-17 11:13:01.200,2860.0000,17750,-1,8995547460.000,3,1,2,空平,B,2859.6000,2859.4000,2859.2000,2858.6000,2858.4000,2860.0000,2860.4000,2860.6000,2860.8000,2861.2000,5,2,6,1,9,1,1,1,1,1
SF,IH2006,2020-06-17 11:13:01.700,2860.0000,17750,0,8995547460.000,0,-,-,-,-,2859.8000,2859.6000,2859.4000,2859.2000,2858.6000,2860.4000,2860.6000,2860.8000,2861.2000,2861.6000,1,2,1,5,1,1,1,1,1,1
SF,IH2006,2020-06-17 11:13:02.200,2860.0000,17750,0,8995547460.000,0,-,-,-,-,2860.0000,2859.8000,2859.6000,2859.4000,2859.2000,2860.2000,2860.4000,2860.6000,2860.8000,2861.2000,1,1,1,1,5,3,2,1,1,1
SF,IH2006,2020-06-17 11:13:02.700,2860.0000,17751,1,8996405460.000,1,1,0,双开,B,2859.8000,2859.6000,2859.4000,2859.2000,2858.6000,2860.2000,2860.4000,2860.6000,2860.8000,2861.2000,1,1,1,5,1,3,2,1,1,1
SF,IH2006,2020-06-17 11:13:03.200,2860.0000,17751,0,8996405460.000,0,-,-,-,-,2859.8000,2859.6000,2859.4000,2859.2000,2858.6000,2860.2000,2860.4000,2860.6000,2860.8000,2861.2000,1,1,1,5,1,3,2,1,1,1
SF,IH2006,2020-06-17 11:13:03.700,2860.0000,17751,0,8996405460.000,0,-,-,-,-,2859.8000,2859.6000,2859.4000,2859.2000,2858.6000,2860.2000,2860.4000,2860.6000,2860.8000,2861.2000,1,2,1,5,1,3,2,1,1,1
SF,IH2006,2020-06-17 11:13:04.700,2860.0000,17751,0,8996405460.000,0,-,-,-,-,2859.8000,2859.6000,2859.4000,2859.2000,2858.6000,2860.2000,2860.4000,2860.6000,2860.8000,2861.2000,1,2,1,6,1,3,2,1,1,1
SF,IH2006,2020-06-17 11:13:05.700,2860.0000,17751,0,8996405460.000,0,-,-,-,-,2860.0000,2859.8000,2859.6000,2859.4000,2859.2000,2860.2000,2860.4000,2860.6000,2860.8000,2861.2000,1,1,2,1,6,3,1,1,1,1
SF,IH2006,2020-06-17 11:13:06.200,2860.0000,17751,0,8996405460.000,0,-,-,-,-,2860.0000,2859.8000,2859.6000,2859.4000,2859.2000,2860.2000,2860.4000,2860.6000,2860.8000,2861.2000,1,1,1,1,6,4,1,1,1,1
SF,IH2006,2020-06-17 11:13:06.700,2860.0000,17750,-1,8997263460.000,1,0,1,双平,B,2859.8000,2859.6000,2859.4000,2859.2000,2858.6000,2860.2000,2860.4000,2860.6000,2860.8000,2861.2000,1,1,1,6,1,3,1,1,1,1
SF,IH2006,2020-06-17 11:13:07.200,2860.4000,17750,0,8998979640.000,2,1,1,空换,B,2860.2000,2859.8000,2859.6000,2859.4000,2859.2000,2860.6000,2860.8000,2861.2000,2861.6000,2861.8000,1,1,1,1,6,1,1,1,1,5
SF,IH2006,2020-06-17 11:13:07.700,2860.4000,17750,0,8998979640.000,0,-,-,-,-,2860.2000,2859.8000,2859.6000,2859.4000,2859.2000,2860.6000,2860.8000,2861.2000,2861.6000,2861.8000,1,1,1,1,6,3,1,1,1,5
SF,IH2006,2020-06-17 11:13:08.200,2860.4000,17749,-1,8999837760.000,1,0,1,双平,B,2859.8000,2859.6000,2859.4000,2859.2000,2858.6000,2860.4000,2860.6000,2860.8000,2861.2000,2861.6000,1,1,1,6,1,1,3,1,1,1
SF,IH2006,2020-06-17 11:13:08.700,2860.4000,17748,-1,9000695880.000,1,0,1,双平,B,2860.4000,2860.0000,2859.8000,2859.6000,2859.4000,2860.6000,2860.8000,2861.2000,2861.6000,2861.8000,1,5,2,1,1,3,1,1,1,5
SF,IH2006,2020-06-17 11:13:09.700,2860.4000,17748,0,9000695880.000,0,-,-,-,-,2860.4000,2860.0000,2859.8000,2859.6000,2859.4000,2860.6000,2860.8000,2861.2000,2861.6000,2861.8000,1,6,2,1,1,3,1,1,1,5
SF,IH2006,2020-06-17 11:13:10.200,2860.6000,17747,-1,9003270420.000,3,1,2,空平,B,2860.6000,2860.4000,2860.0000,2859.8000,2859.6000,2860.8000,2861.2000,2861.6000,2861.8000,2862.0000,8,1,6,2,1,1,1,1,5,1
SF,IH2006,2020-06-17 11:13:10.700,2860.8000,17748,1,9004128660.000,1,1,0,双开,B,2860.6000,2860.4000,2860.0000,2859.8000,2859.6000,2860.8000,2861.2000,2861.6000,2861.8000,2862.0000,1,1,5,2,1,1,1,1,5,1
SF,IH2006,2020-06-17 11:13:11.200,2860.8000,17749,1,9004986900.000,1,1,0,双开,B,2860.6000,2860.4000,2860.0000,2859.8000,2859.6000,2861.2000,2861.6000,2861.8000,2862.0000,2862.2000,1,1,5,2,1,1,1,5,1,1
SF,IH2006,2020-06-17 11:13:11.700,2860.8000,17749,0,9004986900.000,0,-,-,-,-,2860.6000,2860.4000,2860.0000,2859.8000,2859.6000,2861.2000,2861.4000,2861.6000,2861.8000,2862.0000,1,1,5,2,1,1,1,1,5,1
SF,IH2006,2020-06-17 11:13:12.200,2860.8000,17749,0,9004986900.000,0,-,-,-,-,2860.6000,2860.4000,2860.0000,2859.8000,2859.6000,2861.0000,2861.2000,2861.4000,2861.6000,2861.8000,1,1,4,2,1,1,1,1,1,5
SF,IH2006,2020-06-17 11:13:13.700,2860.8000,17749,0,9004986900.000,0,-,-,-,-,2860.6000,2860.4000,2860.0000,2859.8000,2859.6000,2861.0000,2861.2000,2861.4000,2861.6000,2861.8000,1,1,4,2,1,1,1,1,1,5
SF,IH2006,2020-06-17 11:13:16.700,2860.8000,17749,0,9004986900.000,0,-,-,-,-,2860.6000,2860.0000,2859.8000,2859.6000,2859.4000,2861.0000,2861.2000,2861.4000,2861.6000,2861.8000,1,4,2,1,1,1,1,1,1,5
SF,IH2006,2020-06-17 11:13:17.200,2860.8000,17749,0,9004986900.000,0,-,-,-,-,2860.0000,2859.8000,2859.6000,2859.4000,2859.2000,2861.2000,2861.4000,2861.6000,2861.8000,2862.0000,4,2,1,1,5,1,1,1,5,1
SF,IH2006,2020-06-17 11:13:17.700,2860.8000,17749,0,9004986900.000,0,-,-,-,-,2860.4000,2860.2000,2860.0000,2859.8000,2859.6000,2861.0000,2861.2000,2861.4000,2861.6000,2861.8000,3,9,5,2,2,2,1,1,1,5
SF,IH2006,2020-06-17 11:13:18.200,2860.8000,17749,0,9004986900.000,0,-,-,-,-,2860.4000,2860.2000,2860.0000,2859.8000,2859.6000,2861.0000,2861.2000,2861.4000,2861.6000,2861.8000,4,8,5,2,1,3,1,1,1,5
SF,IH2006,2020-06-17 11:13:18.700,2860.8000,17749,0,9004986900.000,0,-,-,-,-,2860.4000,2860.2000,2860.0000,2859.8000,2859.6000,2861.0000,2861.2000,2861.4000,2861.6000,2861.8000,4,8,5,2,1,2,1,1,1,5
SF,IH2006,2020-06-17 11:13:19.200,2860.8000,17749,0,9004986900.000,0,-,-,-,-,2860.4000,2860.2000,2860.0000,2859.8000,2859.6000,2861.0000,2861.2000,2861.4000,2861.6000,2861.8000,4,7,5,2,1,2,1,1,1,5
SF,IH2006,2020-06-17 11:13:20.200,2861.0000,17749,0,9005845200.000,1,0,1,空换,B,2860.4000,2860.2000,2860.0000,2859.8000,2859.6000,2861.0000,2861.2000,2861.4000,2861.6000,2861.8000,4,7,5,2,1,1,1,1,1,5
SF,IH2006,2020-06-17 11:13:20.700,2860.6000,17749,0,9006703380.000,1,0,1,空换,B,2860.6000,2860.4000,2860.2000,2860.0000,2859.8000,2861.0000,2861.2000,2861.4000,2861.6000,2861.8000,2,4,7,3,2,1,1,1,1,5
SF,IH2006,2020-06-17 11:13:21.200,2860.6000,17749,0,9006703380.000,0,-,-,-,-,2860.6000,2860.4000,2860.2000,2860.0000,2859.8000,2861.2000,2861.4000,2861.6000,2861.8000,2862.0000,2,4,6,3,2,1,1,1,5,1
SF,IH2006,2020-06-17 11:13:21.700,2860.6000,17749,0,9006703380.000,0,-,-,-,-,2860.8000,2860.6000,2860.4000,2860.2000,2860.0000,2861.2000,2861.4000,2861.6000,2861.8000,2862.0000,1,3,4,6,2,1,1,1,5,1
SF,IH2006,2020-06-17 11:13:22.200,2860.6000,17749,0,9006703380.000,0,-,-,-,-,2860.8000,2860.6000,2860.4000,2860.2000,2860.0000,2861.2000,2861.4000,2861.6000,2861.8000,2862.0000,1,3,4,5,2,1,1,1,5,1
SF,IH2006,2020-06-17 11:13:22.700,2860.6000,17749,0,9006703380.000,0,-,-,-,-,2861.0000,2860.8000,2860.6000,2860.4000,2860.2000,2861.2000,2861.4000,2861.6000,2861.8000,2862.0000,1,1,3,4,4,1,1,1,5,1
SF,IH2006,2020-06-17 11:13:23.200,2860.8000,17748,-1,9007561620.000,1,0,1,双平,B,2860.8000,2860.6000,2860.4000,2860.2000,2860.0000,2861.2000,2861.4000,2861.6000,2861.8000,2862.0000,1,3,3,3,2,1,1,1,5,1
SF,IH2006,2020-06-17 11:13:23.700,2860.8000,17748,0,9007561620.000,0,-,-,-,-,2860.6000,2860.4000,2860.2000,2860.0000,2859.8000,2861.2000,2861.4000,2861.6000,2861.8000,2862.0000,3,3,3,2,2,1,1,1,5,1
SF,IH2006,2020-06-17 11:13:25.700,2860.8000,17748,0,9007561620.000,0,-,-,-,-,2860.6000,2860.4000,2860.2000,2860.0000,2859.8000,2861.0000,2861.2000,2861.4000,2861.6000,2861.8000,3,3,3,2,2,1,1,1,1,5
SF,IH2006,2020-06-17 11:13:26.200,2860.8000,17748,0,9007561620.000,0,-,-,-,-,2860.6000,2860.4000,2860.2000,2860.0000,2859.8000,2861.0000,2861.2000,2861.4000,2861.6000,2861.8000,2,3,3,2,2,1,1,1,1,5
SF,IH2006,2020-06-17 11:13:28.200,2861.2000,17749,1,9009278280.000,2,1,1,多开,B,2860.6000,2860.4000,2860.2000,2860.0000,2859.8000,2861.4000,2861.6000,2861.8000,2862.0000,2862.2000,2,3,3,2,2,1,1,5,1,1
SF,IH2006,2020-06-17 11:13:28.700,2861.2000,17749,0,9009278280.000,0,-,-,-,-,2860.6000,2860.4000,2860.2000,2860.0000,2859.8000,2861.4000,2861.6000,2861.8000,2862.0000,2862.2000,3,3,3,2,2,2,1,5,1,1
SF,IH2006,2020-06-17 11:13:29.200,2861.2000,17749,0,9009278280.000,0,-,-,-,-,2860.8000,2860.6000,2860.4000,2860.2000,2860.0000,2861.4000,2861.6000,2861.8000,2862.0000,2862.2000,1,3,3,3,2,2,1,5,1,1
SF,IH2006,2020-06-17 11:13:29.700,2861.2000,17749,0,9009278280.000,0,-,-,-,-,2860.8000,2860.6000,2860.4000,2860.2000,2860.0000,2861.4000,2861.6000,2861.8000,2862.0000,2862.2000,1,3,3,2,2,1,1,5,1,1
SF,IH2006,2020-06-17 11:13:31.200,2861.2000,17749,0,9009278280.000,0,-,-,-,-,2861.0000,2860.8000,2860.6000,2860.4000,2860.2000,2861.4000,2861.6000,2861.8000,2862.0000,2862.2000,1,1,3,3,2,1,1,5,1,1
SF,IH2006,2020-06-17 11:13:31.700,2861.2000,17749,0,9009278280.000,0,-,-,-,-,2861.0000,2860.8000,2860.6000,2860.4000,2860.2000,2861.6000,2861.8000,2862.0000,2862.2000,2862.4000,1,1,3,1,2,1,5,1,1,1
SF,IH2006,2020-06-17 11:13:32.200,2861.2000,17749,0,9009278280.000,0,-,-,-,-,2861.2000,2861.0000,2860.8000,2860.6000,2860.4000,2861.6000,2861.8000,2862.0000,2862.2000,2862.4000,1,2,1,3,1,6,5,1,1,1
SF,IH2006,2020-06-17 11:13:32.700,2861.2000,17748,-1,9010136640.000,1,0,1,双平,B,2861.0000,2860.8000,2860.6000,2860.4000,2860.2000,2861.6000,2861.8000,2862.0000,2862.2000,2862.4000,2,1,3,1,1,1,5,1,1,1
SF,IH2006,2020-06-17 11:13:33.200,2861.2000,17748,0,9010136640.000,0,-,-,-,-,2861.2000,2861.0000,2860.8000,2860.6000,2860.4000,2861.6000,2861.8000,2862.0000,2862.2000,2862.4000,1,2,1,3,1,1,5,1,1,1
SF,IH2006,2020-06-17 11:13:33.700,2861.2000,17749,1,9010995000.000,1,1,0,双开,B,2861.0000,2860.8000,2860.6000,2860.4000,2860.2000,2861.6000,2861.8000,2862.0000,2862.2000,2862.4000,2,1,3,1,1,1,5,1,1,1
SF,IH2006,2020-06-17 11:13:35.200,2861.2000,17749,0,9010995000.000,0,-,-,-,-,2861.0000,2860.8000,2860.6000,2860.4000,2860.2000,2861.6000,2861.8000,2862.0000,2862.2000,2862.4000,2,1,3,1,1,5,5,1,1,1
SF,IH2006,2020-06-17 11:13:35.700,2861.2000,17749,0,9010995000.000,0,-,-,-,-,2861.0000,2860.6000,2860.4000,2860.2000,2860.0000,2861.2000,2861.4000,2861.6000,2861.8000,2862.0000,1,3,1,1,2,1,2,6,5,1
SF,IH2006,2020-06-17 11:13:36.200,2861.2000,17749,0,9010995000.000,0,-,-,-,-,2861.0000,2860.6000,2860.4000,2860.2000,2860.0000,2861.4000,2861.6000,2861.8000,2862.0000,2862.2000,1,3,1,1,2,2,6,5,1,1
SF,IH2006,2020-06-17 11:13:41.200,2861.2000,17749,0,9010995000.000,0,-,-,-,-,2861.0000,2860.6000,2860.4000,2860.2000,2860.0000,2861.4000,2861.6000,2861.8000,2862.0000,2862.2000,2,3,1,1,2,2,6,5,1,1
SF,IH2006,2020-06-17 11:13:41.700,2861.2000,17749,0,9010995000.000,0,-,-,-,-,2861.2000,2861.0000,2860.6000,2860.4000,2860.2000,2861.4000,2861.6000,2861.8000,2862.0000,2862.2000,1,2,3,1,1,1,6,5,1,1
SF,IH2006,2020-06-17 11:13:42.200,2861.2000,17748,-1,9011853360.000,1,0,1,双平,B,2861.0000,2860.6000,2860.4000,2860.2000,2860.0000,2861.4000,2861.6000,2861.8000,2862.0000,2862.2000,2,3,1,1,2,1,6,5,1,1
SF,IH2006,2020-06-17 11:13:42.700,2861.2000,17748,0,9011853360.000,0,-,-,-,-,2861.0000,2860.6000,2860.4000,2860.2000,2860.0000,2861.4000,2861.6000,2861.8000,2862.0000,2862.2000,2,3,1,1,2,1,5,5,1,1
SF,IH2006,2020-06-17 11:13:43.200,2861.2000,17748,0,9011853360.000,0,-,-,-,-,2861.2000,2861.0000,2860.6000,2860.4000,2860.2000,2861.4000,2861.6000,2861.8000,2862.0000,2862.2000,1,3,3,1,1,1,5,5,1,1
SF,IH2006,2020-06-17 11:13:43.700,2861.2000,17748,0,9011853360.000,0,-,-,-,-,2861.2000,2861.0000,2860.6000,2860.4000,2860.2000,2861.6000,2861.8000,2862.0000,2862.2000,2862.4000,1,3,3,1,1,5,5,1,1,1
SF,IH2006,2020-06-17 11:13:44.200,2861.2000,17748,0,9011853360.000,0,-,-,-,-,2861.2000,2861.0000,2860.6000,2860.4000,2860.2000,2861.6000,2861.8000,2862.0000,2862.2000,2862.4000,1,3,3,1,1,10,5,1,1,1
SF,IH2006,2020-06-17 11:13:44.700,2861.2000,17748,0,9011853360.000,0,-,-,-,-,2861.2000,2861.0000,2860.6000,2860.4000,2860.2000,2861.6000,2861.8000,2862.0000,2862.2000,2862.4000,1,3,3,1,1,5,5,1,1,1
SF,IH2006,2020-06-17 11:13:45.700,2861.2000,17748,0,9012711720.000,1,0,1,空换,B,2861.0000,2860.6000,2860.4000,2860.2000,2860.0000,2861.6000,2861.8000,2862.0000,2862.2000,2862.4000,3,3,1,1,2,5,5,1,1,1
SF,IH2006,2020-06-17 11:13:46.700,2861.2000,17748,0,9012711720.000,0,-,-,-,-,2861.0000,2860.6000,2860.4000,2860.2000,2860.0000,2861.2000,2861.6000,2861.8000,2862.0000,2862.2000,3,3,1,1,2,1,5,5,1,1
SF,IH2006,2020-06-17 11:13:47.200,2861.2000,17748,0,9012711720.000,0,-,-,-,-,2861.0000,2860.6000,2860.4000,2860.2000,2860.0000,2861.2000,2861.6000,2861.8000,2862.0000,2862.2000,2,3,1,1,2,1,5,5,1,1
SF,IH2006,2020-06-17 11:13:50.200,2861.2000,17748,0,9012711720.000,0,-,-,-,-,2861.0000,2860.6000,2860.4000,2860.2000,2860.0000,2861.2000,2861.6000,2861.8000,2862.0000,2862.2000,2,3,1,1,2,2,5,5,1,1
SF,IH2006,2020-06-17 11:13:55.200,2861.2000,17747,-1,9013570080.000,1,0,1,双平,B,2861.0000,2860.6000,2860.4000,2860.2000,2860.0000,2861.2000,2861.6000,2861.8000,2862.0000,2862.2000,2,3,1,1,2,1,5,5,1,1
SF,IH2006,2020-06-17 11:13:55.700,2861.2000,17746,-1,9014428440.000,1,0,1,双平,B,2861.2000,2861.0000,2860.6000,2860.4000,2860.2000,2861.6000,2861.8000,2862.0000,2862.2000,2862.4000,2,3,3,1,1,5,5,1,1,1
SF,IH2006,2020-06-17 11:13:59.200,2861.6000,17745,-1,9015286920.000,1,0,1,双平,B,2861.4000,2861.2000,2861.0000,2860.6000,2860.4000,2861.6000,2861.8000,2862.0000,2862.2000,2862.4000,3,2,3,1,1,4,5,1,1,1
SF,IH2006,2020-06-17 11:13:59.700,2861.4000,17742,-3,9017862300.000,3,0,3,双平,B,2861.0000,2860.6000,2860.4000,2860.2000,2860.0000,2861.2000,2861.4000,2861.6000,2861.8000,2862.0000,3,1,1,1,4,1,3,2,5,1
SF,IH2006,2020-06-17 11:14:00.200,2861.2000,17741,-1,9018720660.000,1,0,1,双平,B,2861.2000,2861.0000,2860.6000,2860.4000,2860.2000,2861.4000,2861.6000,2861.8000,2862.0000,2862.2000,4,4,1,1,1,1,2,5,1,1
SF,IH2006,2020-06-17 11:14:00.700,2861.2000,17741,0,9018720660.000,0,-,-,-,-,2861.2000,2861.0000,2860.6000,2860.4000,2860.2000,2861.6000,2861.8000,2862.0000,2862.2000,2862.4000,1,4,2,1,1,2,5,1,1,1
SF,IH2006,2020-06-17 11:14:01.200,2861.2000,17741,0,9018720660.000,0,-,-,-,-,2861.2000,2861.0000,2860.6000,2860.4000,2860.2000,2861.6000,2861.8000,2862.0000,2862.2000,2862.4000,1,3,2,1,1,2,5,1,1,1
SF,IH2006,2020-06-17 11:14:02.200,2861.2000,17741,0,9018720660.000,0,-,-,-,-,2861.4000,2861.2000,2861.0000,2860.6000,2860.4000,2861.6000,2861.8000,2862.0000,2862.2000,2862.4000,1,1,3,2,1,2,5,1,1,1
SF,IH2006,2020-06-17 11:14:02.700,2861.4000,17740,-1,9019579080.000,1,0,1,双平,B,2861.2000,2861.0000,2860.6000,2860.4000,2860.2000,2861.4000,2861.6000,2861.8000,2862.0000,2862.2000,1,2,2,1,1,1,2,5,1,1
SF,IH2006,2020-06-17 11:14:03.200,2861.4000,17740,0,9019579080.000,0,-,-,-,-,2861.2000,2861.0000,2860.6000,2860.4000,2860.2000,2861.6000,2861.8000,2862.0000,2862.2000,2862.4000,1,2,2,1,1,2,5,1,1,1
SF,IH2006,2020-06-17 11:14:05.200,2861.6000,17738,-2,9021296040.000,2,0,2,双平,B,2861.2000,2861.0000,2860.6000,2860.4000,2860.2000,2861.8000,2862.0000,2862.2000,2862.4000,2862.6000,1,2,2,1,1,5,1,1,1,1
SF,IH2006,2020-06-17 11:14:05.700,2861.6000,17738,0,9021296040.000,0,-,-,-,-,2861.4000,2861.2000,2861.0000,2860.6000,2860.2000,2861.8000,2862.0000,2862.2000,2862.4000,2862.6000,1,2,2,2,1,5,1,1,1,1
SF,IH2006,2020-06-17 11:14:06.700,2861.6000,17738,0,9021296040.000,0,-,-,-,-,2861.4000,2861.2000,2861.0000,2860.6000,2860.2000,2861.8000,2862.0000,2862.2000,2862.4000,2862.6000,1,2,2,2,1,6,1,1,1,1
SF,IH2006,2020-06-17 11:14:13.700,2861.6000,17738,0,9021296040.000,0,-,-,-,-,2861.6000,2861.4000,2861.2000,2861.0000,2860.6000,2861.8000,2862.0000,2862.2000,2862.4000,2862.6000,1,1,2,2,2,6,1,1,1,1
SF,IH2006,2020-06-17 11:14:14.200,2861.6000,17737,-1,9022154520.000,1,0,1,双平,B,2861.2000,2861.0000,2860.6000,2860.2000,2860.0000,2861.6000,2861.8000,2862.0000,2862.2000,2862.4000,2,2,2,1,4,1,6,1,1,1
SF,IH2006,2020-06-17 11:14:14.700,2861.2000,17736,-1,9023012880.000,1,0,1,双平,B,2861.2000,2861.0000,2860.6000,2860.2000,2860.0000,2861.8000,2862.0000,2862.2000,2862.4000,2862.6000,1,2,2,1,4,6,1,1,1,1
SF,IH2006,2020-06-17 11:14:15.700,2861.2000,17736,0,9023012880.000,0,-,-,-,-,2861.4000,2861.2000,2861.0000,2860.6000,2860.2000,2861.8000,2862.0000,2862.2000,2862.4000,2862.6000,2,1,2,2,1,6,1,1,1,1
SF,IH2006,2020-06-17 11:14:16.200,2861.2000,17736,0,9023012880.000,0,-,-,-,-,2861.2000,2861.0000,2860.6000,2860.2000,2860.0000,2861.8000,2862.0000,2862.2000,2862.4000,2862.6000,1,2,2,1,4,6,1,1,1,1
SF,IH2006,2020-06-17 11:14:16.700,2861.2000,17736,0,9023012880.000,0,-,-,-,-,2861.4000,2861.2000,2861.0000,2860.6000,2860.2000,2861.8000,2862.0000,2862.2000,2862.4000,2862.6000,5,1,2,1,1,6,1,1,1,1
SF,IH2006,2020-06-17 11:14:17.200,2861.2000,17736,0,9023012880.000,0,-,-,-,-,2861.4000,2861.2000,2861.0000,2860.6000,2860.2000,2861.8000,2862.0000,2862.2000,2862.4000,2862.6000,2,1,2,1,1,6,1,1,1,1
SF,IH2006,2020-06-17 11:14:17.700,2861.6000,17736,0,9023871360.000,1,0,1,空换,B,2861.6000,2861.4000,2861.2000,2861.0000,2860.6000,2861.8000,2862.0000,2862.2000,2862.4000,2862.6000,1,2,1,2,1,6,1,1,1,1
SF,IH2006,2020-06-17 11:14:18.700,2861.6000,17736,0,9023871360.000,0,-,-,-,-,2861.6000,2861.4000,2861.2000,2861.0000,2860.6000,2861.8000,2862.0000,2862.2000,2862.4000,2862.6000,1,2,1,2,1,6,1,1,1,1
SF,IH2006,2020-06-17 11:14:20.200,2861.8000,17736,0,9024729900.000,1,0,1,空换,B,2861.6000,2861.4000,2861.2000,2861.0000,2860.6000,2861.8000,2862.0000,2862.2000,2862.4000,2862.6000,1,2,1,2,1,5,1,1,1,1
SF,IH2006,2020-06-17 11:14:20.700,2861.8000,17736,0,9024729900.000,0,-,-,-,-,2861.6000,2861.4000,2861.2000,2861.0000,2860.6000,2861.8000,2862.0000,2862.2000,2862.4000,2862.6000,2,2,1,2,1,5,1,1,1,1
SF,IH2006,2020-06-17 11:14:21.200,2861.8000,17736,0,9024729900.000,0,-,-,-,-,2861.6000,2861.4000,2861.2000,2861.0000,2860.6000,2861.8000,2862.0000,2862.2000,2862.4000,2862.6000,4,2,1,1,1,5,1,1,1,1
SF,IH2006,2020-06-17 11:14:21.700,2861.8000,17736,0,9024729900.000,0,-,-,-,-,2861.6000,2861.4000,2861.2000,2860.6000,2860.2000,2861.8000,2862.0000,2862.2000,2862.4000,2862.6000,5,2,1,1,1,5,1,1,1,1
SF,IH2006,2020-06-17 11:14:22.200,2861.8000,17737,1,9027305520.000,3,2,1,多开,B,2861.6000,2861.4000,2861.2000,2860.6000,2860.2000,2861.8000,2862.0000,2862.2000,2862.4000,2862.6000,5,2,1,1,1,2,1,1,1,1
SF,IH2006,2020-06-17 11:14:22.700,2861.8000,17738,1,9029022600.000,2,1,1,多开,B,2861.8000,2861.6000,2861.4000,2861.2000,2860.6000,2862.0000,2862.2000,2862.4000,2862.6000,2862.8000,6,5,2,1,1,1,1,1,1,2
SF,IH2006,2020-06-17 11:14:23.200,2861.8000,17737,-1,9029881140.000,1,0,1,双平,B,2861.6000,2861.4000,2861.2000,2860.6000,2860.2000,2861.8000,2862.0000,2862.2000,2862.4000,2862.6000,2,2,1,1,1,4,1,1,1,1
SF,IH2006,2020-06-17 11:14:23.700,2861.8000,17737,0,9029881140.000,0,-,-,-,-,2861.6000,2861.4000,2861.2000,2860.6000,2860.2000,2861.8000,2862.0000,2862.2000,2862.4000,2862.6000,2,2,1,1,1,3,1,1,1,1
SF,IH2006,2020-06-17 11:14:24.200,2861.8000,17737,0,9029881140.000,0,-,-,-,-,2861.6000,2861.4000,2861.2000,2860.6000,2860.2000,2861.8000,2862.0000,2862.2000,2862.4000,2862.6000,1,2,1,1,1,2,1,1,1,1
SF,IH2006,2020-06-17 11:14:24.700,2861.8000,17737,0,9029881140.000,0,-,-,-,-,2861.6000,2861.4000,2861.2000,2860.6000,2860.2000,2861.8000,2862.0000,2862.2000,2862.4000,2862.6000,1,1,1,1,2,2,1,1,1,1
SF,IH2006,2020-06-17 11:14:25.200,2861.6000,17737,0,9030739620.000,1,0,1,空换,B,2861.2000,2860.6000,2860.2000,2860.0000,2859.8000,2861.6000,2861.8000,2862.0000,2862.2000,2862.4000,1,1,2,1,1,5,2,1,1,1
SF,IH2006,2020-06-17 11:14:25.700,2861.4000,17737,0,9031598040.000,1,0,1,空换,B,2861.2000,2860.6000,2860.2000,2860.0000,2859.8000,2861.4000,2861.6000,2861.8000,2862.0000,2862.2000,2,1,2,1,1,1,5,2,1,1
SF,IH2006,2020-06-17 11:14:26.200,2861.4000,17737,0,9032456460.000,1,0,1,空换,B,2861.2000,2860.6000,2860.2000,2860.0000,2859.8000,2861.6000,2861.8000,2862.0000,2862.2000,2862.4000,1,1,2,1,1,5,2,1,1,1
SF,IH2006,2020-06-17 11:14:26.700,2861.4000,17737,0,9033314880.000,1,0,1,空换,B,2860.8000,2860.6000,2860.4000,2860.2000,2860.0000,2861.0000,2861.2000,2861.6000,2861.8000,2862.0000,1,1,1,2,1,1,1,6,1,1
SF,IH2006,2020-06-17 11:14:27.200,2861.2000,17737,0,9035031540.000,2,1,1,空换,B,2861.2000,2861.0000,2860.8000,2860.6000,2860.4000,2861.6000,2861.8000,2862.0000,2862.2000,2862.4000,4,14,2,1,1,6,1,1,1,1
SF,IH2006,2020-06-17 11:14:27.700,2861.2000,17737,0,9036748260.000,2,1,1,空换,B,2861.0000,2860.8000,2860.6000,2860.4000,2860.2000,2861.6000,2861.8000,2862.0000,2862.2000,2862.4000,3,1,1,1,2,4,1,1,1,1
SF,IH2006,2020-06-17 11:14:28.200,2861.2000,17737,0,9036748260.000,0,-,-,-,-,2861.2000,2861.0000,2860.8000,2860.6000,2860.4000,2861.6000,2861.8000,2862.0000,2862.2000,2862.4000,1,2,1,1,1,4,1,1,1,1
SF,IH2006,2020-06-17 11:14:29.700,2861.2000,17737,0,9036748260.000,0,-,-,-,-,2861.2000,2861.0000,2860.8000,2860.6000,2860.4000,2861.4000,2861.6000,2861.8000,2862.0000,2862.2000,1,2,1,1,1,1,4,1,1,1
SF,IH2006,2020-06-17 11:14:30.200,2861.2000,17737,0,9037606620.000,1,0,1,空换,B,2861.0000,2860.8000,2860.6000,2860.4000,2860.2000,2861.4000,2861.6000,2861.8000,2862.0000,2862.2000,1,1,1,1,2,1,4,1,1,1
SF,IH2006,2020-06-17 11:14:30.700,2861.2000,17737,0,9038464980.000,1,0,1,空换,B,2861.2000,2861.0000,2860.8000,2860.6000,2860.4000,2861.4000,2861.6000,2861.8000,2862.0000,2862.2000,1,1,1,1,1,2,4,1,1,1
SF,IH2006,2020-06-17 11:14:31.200,2861.0000,17736,-1,9040181640.000,2,0,2,空平,B,2860.8000,2860.6000,2860.4000,2860.2000,2860.0000,2861.2000,2861.4000,2861.6000,2861.8000,2862.0000,1,1,1,2,1,7,2,4,1,1
SF,IH2006,2020-06-17 11:14:31.700,2861.0000,17736,0,9040181640.000,0,-,-,-,-,2860.8000,2860.6000,2860.4000,2860.2000,2860.0000,2861.2000,2861.4000,2861.6000,2861.8000,2862.0000,1,1,1,2,1,2,2,4,1,1
SF,IH2006,2020-06-17 11:14:34.200,2861.0000,17736,0,9040181640.000,0,-,-,-,-,2860.8000,2860.6000,2860.4000,2860.2000,2860.0000,2861.2000,2861.4000,2861.6000,2861.8000,2862.0000,1,1,1,2,1,2,2,5,1,1
SF,IH2006,2020-06-17 11:14:34.700,2860.8000,17735,-1,9041039880.000,1,0,1,双平,B,2860.6000,2860.4000,2860.2000,2860.0000,2859.8000,2861.2000,2861.4000,2861.6000,2861.8000,2862.0000,1,1,2,1,2,2,2,5,1,1
SF,IH2006,2020-06-17 11:14:35.200,2860.8000,17735,0,9041039880.000,0,-,-,-,-,2860.6000,2860.4000,2860.2000,2860.0000,2859.8000,2861.0000,2861.2000,2861.4000,2861.6000,2861.8000,1,1,2,1,2,1,3,1,5,1
SF,IH2006,2020-06-17 11:14:35.700,2860.6000,17734,-1,9041898060.000,1,0,1,双平,B,2860.4000,2860.2000,2860.0000,2859.8000,2859.6000,2861.0000,2861.2000,2861.4000,2861.6000,2861.8000,1,2,1,2,1,2,3,1,5,1
SF,IH2006,2020-06-17 11:14:36.200,2860.6000,17734,0,9041898060.000,0,-,-,-,-,2860.4000,2860.2000,2860.0000,2859.8000,2859.6000,2861.0000,2861.2000,2861.4000,2861.6000,2861.8000,2,2,1,2,1,2,3,1,5,1
SF,IH2006,2020-06-17 11:14:38.200,2860.6000,17734,0,9041898060.000,0,-,-,-,-,2860.4000,2860.2000,2860.0000,2859.8000,2859.6000,2861.0000,2861.2000,2861.4000,2861.6000,2861.8000,2,2,1,2,1,2,3,1,5,1
SF,IH2006,2020-06-17 11:14:38.700,2860.6000,17734,0,9041898060.000,0,-,-,-,-,2860.8000,2860.4000,2860.2000,2860.0000,2859.8000,2861.0000,2861.2000,2861.4000,2861.6000,2861.8000,2,2,2,1,2,2,3,1,5,1
SF,IH2006,2020-06-17 11:14:39.200,2860.6000,17734,0,9041898060.000,0,-,-,-,-,2860.4000,2860.2000,2860.0000,2859.8000,2859.6000,2861.0000,2861.2000,2861.4000,2861.6000,2861.8000,2,2,1,2,1,2,3,1,5,1
SF,IH2006,2020-06-17 11:14:39.700,2860.6000,17734,0,9041898060.000,0,-,-,-,-,2860.8000,2860.4000,2860.2000,2860.0000,2859.8000,2861.0000,2861.2000,2861.4000,2861.6000,2861.8000,2,2,2,1,2,2,3,1,5,1
SF,IH2006,2020-06-17 11:14:40.200,2860.6000,17734,0,9041898060.000,0,-,-,-,-,2860.4000,2860.2000,2860.0000,2859.8000,2859.6000,2861.0000,2861.2000,2861.4000,2861.6000,2861.8000,2,2,1,2,1,2,3,1,5,1
SF,IH2006,2020-06-17 11:14:40.700,2861.0000,17733,-1,9043614660.000,2,0,2,空平,B,2860.4000,2860.2000,2860.0000,2859.8000,2859.6000,2861.2000,2861.4000,2861.6000,2861.8000,2862.0000,2,2,1,2,1,3,1,5,1,1
SF,IH2006,2020-06-17 11:14:41.200,2861.0000,17733,0,9043614660.000,0,-,-,-,-,2860.6000,2860.4000,2860.2000,2860.0000,2859.8000,2861.2000,2861.6000,2861.8000,2862.0000,2862.2000,4,2,2,1,2,2,5,1,1,1
SF,IH2006,2020-06-17 11:14:41.700,2861.0000,17733,0,9043614660.000,0,-,-,-,-,2860.8000,2860.6000,2860.4000,2860.2000,2860.0000,2861.2000,2861.6000,2861.8000,2862.0000,2862.2000,1,4,2,2,1,1,5,1,1,1
SF,IH2006,2020-06-17 11:14:46.200,2861.0000,17733,0,9043614660.000,0,-,-,-,-,2860.8000,2860.6000,2860.4000,2860.2000,2860.0000,2861.0000,2861.2000,2861.6000,2861.8000,2862.0000,1,4,2,2,1,1,1,5,1,1
SF,IH2006,2020-06-17 11:14:46.700,2861.0000,17733,0,9043614660.000,0,-,-,-,-,2860.8000,2860.6000,2860.4000,2860.2000,2860.0000,2861.0000,2861.2000,2861.6000,2861.8000,2862.0000,1,3,2,2,1,1,1,5,1,1
SF,IH2006,2020-06-17 11:14:47.700,2861.0000,17733,0,9043614660.000,0,-,-,-,-,2860.8000,2860.6000,2860.4000,2860.2000,2860.0000,2861.0000,2861.2000,2861.6000,2861.8000,2862.0000,1,3,2,2,1,2,1,5,1,1
SF,IH2006,2020-06-17 11:14:49.200,2860.8000,17733,0,9044472900.000,1,0,1,空换,B,2860.6000,2860.4000,2860.2000,2860.0000,2859.8000,2861.0000,2861.2000,2861.6000,2861.8000,2862.0000,3,2,2,1,2,2,1,5,1,1
SF,IH2006,2020-06-17 11:14:49.700,2860.8000,17733,0,9044472900.000,0,-,-,-,-,2860.6000,2860.4000,2860.2000,2860.0000,2859.8000,2861.0000,2861.2000,2861.6000,2861.8000,2862.0000,3,2,2,1,2,2,1,4,2,1
SF,IH2006,2020-06-17 11:14:53.700,2860.8000,17733,0,9044472900.000,0,-,-,-,-,2860.6000,2860.4000,2860.2000,2860.0000,2859.8000,2861.0000,2861.2000,2861.6000,2861.8000,2862.0000,3,2,2,1,2,2,1,4,2,1
SF,IH2006,2020-06-17 11:14:56.200,2860.8000,17733,0,9044472900.000,0,-,-,-,-,2860.6000,2860.4000,2860.2000,2860.0000,2859.8000,2861.0000,2861.2000,2861.6000,2861.8000,2862.0000,2,2,2,1,2,2,1,4,2,1
SF,IH2006,2020-06-17 11:14:56.700,2860.8000,17733,0,9044472900.000,0,-,-,-,-,2860.6000,2860.4000,2860.2000,2860.0000,2859.8000,2860.8000,2861.0000,2861.2000,2861.6000,2861.8000,2,2,2,1,2,1,1,1,4,2
SF,IH2006,2020-06-17 11:14:57.200,2860.6000,17734,1,9045331080.000,1,1,0,双开,B,2860.6000,2860.4000,2860.2000,2860.0000,2859.8000,2860.8000,2861.0000,2861.2000,2861.6000,2861.8000,1,2,2,1,2,1,1,1,4,2
SF,IH2006,2020-06-17 11:14:58.700,2860.6000,17734,0,9046189260.000,1,0,1,空换,B,2860.4000,2860.2000,2860.0000,2859.8000,2859.6000,2860.8000,2861.2000,2861.6000,2861.8000,2862.0000,2,2,1,2,1,1,1,4,2,1
SF,IH2006,2020-06-17 11:14:59.700,2860.6000,17734,0,9046189260.000,0,-,-,-,-,2860.4000,2860.2000,2860.0000,2859.8000,2859.6000,2860.8000,2861.2000,2861.6000,2861.8000,2862.0000,1,2,1,2,1,1,1,4,2,1
SF,IH2006,2020-06-17 11:15:02.200,2860.8000,17734,0,9047047500.000,1,0,1,空换,B,2861.0000,2860.4000,2860.2000,2860.0000,2859.8000,2861.2000,2861.6000,2861.8000,2862.0000,2862.2000,4,1,2,1,2,1,4,2,1,1
SF,IH2006,2020-06-17 11:15:02.700,2861.0000,17735,1,9050480700.000,4,2,2,多开,B,2860.4000,2860.2000,2860.0000,2859.8000,2859.6000,2861.0000,2861.4000,2861.6000,2861.8000,2862.0000,1,2,1,2,1,5,1,4,2,1
SF,IH2006,2020-06-17 11:15:03.200,2861.0000,17735,0,9050480700.000,0,-,-,-,-,2860.8000,2860.6000,2860.4000,2860.2000,2860.0000,2861.0000,2861.4000,2861.6000,2861.8000,2862.0000,2,1,1,2,1,2,1,4,2,1
SF,IH2006,2020-06-17 11:15:03.700,2861.0000,17735,0,9050480700.000,0,-,-,-,-,2860.8000,2860.6000,2860.4000,2860.2000,2860.0000,2861.4000,2861.6000,2861.8000,2862.0000,2862.2000,1,1,1,2,1,1,4,2,1,1
SF,IH2006,2020-06-17 11:15:04.200,2860.8000,17735,0,9051338940.000,1,0,1,空换,B,2860.6000,2860.4000,2860.2000,2860.0000,2859.8000,2861.4000,2861.6000,2861.8000,2862.0000,2862.2000,1,1,2,1,2,2,4,2,1,1
SF,IH2006,2020-06-17 11:15:04.700,2860.8000,17735,0,9051338940.000,0,-,-,-,-,2860.6000,2860.2000,2860.0000,2859.8000,2859.6000,2861.0000,2861.2000,2861.4000,2861.6000,2861.8000,1,2,1,2,1,4,2,4,4,2
SF,IH2006,2020-06-17 11:15:05.200,2860.8000,17735,0,9051338940.000,0,-,-,-,-,2860.6000,2860.2000,2860.0000,2859.8000,2859.6000,2861.2000,2861.4000,2861.6000,2861.8000,2862.0000,1,2,1,2,1,2,4,4,2,1
SF,IH2006,2020-06-17 11:15:05.700,2860.8000,17735,0,9051338940.000,0,-,-,-,-,2860.2000,2860.0000,2859.8000,2859.6000,2859.2000,2861.0000,2861.2000,2861.4000,2861.6000,2861.8000,2,1,2,1,1,1,4,3,4,2
SF,IH2006,2020-06-17 11:15:06.200,2860.4000,17736,1,9052197060.000,1,1,0,双开,B,2860.2000,2859.8000,2859.6000,2859.2000,2859.0000,2860.4000,2861.0000,2861.2000,2861.4000,2861.6000,2,2,1,1,2,1,3,3,3,3
SF,IH2006,2020-06-17 11:15:06.700,2860.2000,17736,0,9053055120.000,1,0,1,空换,B,2859.8000,2859.6000,2859.2000,2859.0000,2858.6000,2860.4000,2861.0000,2861.2000,2861.4000,2861.6000,2,1,1,2,1,1,3,3,3,3
SF,IH2006,2020-06-17 11:15:07.200,2860.2000,17736,0,9053055120.000,0,-,-,-,-,2859.8000,2859.6000,2859.2000,2859.0000,2858.6000,2860.4000,2861.0000,2861.2000,2861.4000,2861.6000,2,1,1,2,1,3,3,3,3,3
SF,IH2006,2020-06-17 11:15:07.700,2860.2000,17736,0,9053913180.000,1,0,1,空换,B,2859.8000,2859.6000,2859.2000,2859.0000,2858.6000,2860.0000,2860.4000,2861.0000,2861.2000,2861.4000,2,1,1,2,1,3,4,3,3,2
SF,IH2006,2020-06-17 11:15:08.200,2859.8000,17737,1,9055629060.000,2,1,1,多开,B,2859.6000,2859.2000,2859.0000,2858.6000,2858.4000,2859.8000,2860.4000,2861.0000,2861.2000,2861.4000,1,1,2,1,14,6,3,3,3,2
SF,IH2006,2020-06-17 11:15:08.700,2859.6000,17735,-2,9057344820.000,2,0,2,双平,B,2859.2000,2859.0000,2858.6000,2858.4000,2858.2000,2859.8000,2860.4000,2861.0000,2861.2000,2861.4000,1,2,1,14,2,2,3,3,3,2
SF,IH2006,2020-06-17 11:15:09.200,2859.8000,17733,-2,9059060700.000,2,0,2,双平,B,2859.6000,2859.4000,2859.2000,2859.0000,2858.6000,2860.4000,2861.0000,2861.2000,2861.4000,2861.6000,3,1,1,2,1,3,3,2,2,3
SF,IH2006,2020-06-17 11:15:09.700,2859.8000,17733,0,9059060700.000,0,-,-,-,-,2859.4000,2859.2000,2859.0000,2858.6000,2858.4000,2859.8000,2860.2000,2860.4000,2861.0000,2861.2000,2,1,2,1,14,1,4,3,3,2
SF,IH2006,2020-06-17 11:15:10.200,2859.8000,17734,1,9059918640.000,1,1,0,双开,B,2860.0000,2859.6000,2859.4000,2859.2000,2859.0000,2860.2000,2860.4000,2861.0000,2861.2000,2861.4000,2,1,2,1,2,4,3,3,2,2
SF,IH2006,2020-06-17 11:15:10.700,2859.8000,17733,-1,9062492580.000,3,1,2,空平,B,2859.6000,2859.4000,2859.2000,2859.0000,2858.6000,2859.8000,2860.0000,2860.2000,2860.4000,2860.6000,1,1,1,2,1,2,1,3,3,1
SF,IH2006,2020-06-17 11:15:11.200,2860.2000,17732,-1,9063350640.000,1,0,1,双平,B,2859.6000,2859.4000,2859.2000,2859.0000,2858.6000,2860.2000,2860.4000,2860.6000,2861.0000,2861.2000,1,1,1,2,1,1,1,1,3,2
SF,IH2006,2020-06-17 11:15:11.700,2860.2000,17732,0,9063350640.000,0,-,-,-,-,2859.8000,2859.6000,2859.4000,2859.2000,2859.0000,2860.2000,2860.4000,2860.6000,2861.0000,2861.2000,3,1,1,1,2,1,1,1,3,2
SF,IH2006,2020-06-17 11:15:13.200,2860.2000,17732,0,9063350640.000,0,-,-,-,-,2860.0000,2859.8000,2859.6000,2859.4000,2859.2000,2860.2000,2860.4000,2860.6000,2861.0000,2861.2000,1,2,1,1,1,1,1,1,3,2
SF,IH2006,2020-06-17 11:15:14.700,2860.0000,17732,0,9064208640.000,1,0,1,空换,B,2859.8000,2859.6000,2859.4000,2859.2000,2859.0000,2860.2000,2860.4000,2860.6000,2861.0000,2861.2000,2,1,1,1,2,1,1,1,3,2
SF,IH2006,2020-06-17 11:15:15.200,2860.0000,17732,0,9064208640.000,0,-,-,-,-,2859.8000,2859.6000,2859.2000,2859.0000,2858.6000,2860.2000,2860.4000,2860.6000,2861.0000,2861.2000,2,1,1,2,1,1,1,1,3,2
SF,IH2006,2020-06-17 11:15:15.700,2859.8000,17733,1,9065924520.000,2,1,1,多开,B,2859.6000,2859.2000,2859.0000,2858.6000,2858.4000,2860.2000,2860.4000,2860.6000,2861.0000,2861.2000,1,1,2,1,14,1,1,1,3,2
SF,IH2006,2020-06-17 11:15:16.200,2859.8000,17733,0,9065924520.000,0,-,-,-,-,2859.6000,2859.2000,2859.0000,2858.6000,2858.4000,2860.2000,2860.4000,2860.6000,2860.8000,2861.0000,1,1,2,1,14,1,1,1,1,3
SF,IH2006,2020-06-17 11:15:16.700,2859.8000,17733,0,9065924520.000,0,-,-,-,-,2859.6000,2859.2000,2859.0000,2858.6000,2858.4000,2860.0000,2860.2000,2860.4000,2860.6000,2860.8000,1,1,2,1,14,2,1,1,1,1
SF,IH2006,2020-06-17 11:15:17.200,2859.8000,17733,0,9065924520.000,0,-,-,-,-,2859.6000,2859.2000,2859.0000,2858.6000,2858.4000,2860.0000,2860.2000,2860.4000,2860.6000,2860.8000,1,1,2,1,14,2,2,1,1,1
SF,IH2006,2020-06-17 11:15:17.700,2859.8000,17733,0,9066782460.000,1,0,1,空换,B,2859.6000,2859.2000,2859.0000,2858.6000,2858.4000,2860.0000,2860.2000,2860.4000,2860.6000,2860.8000,1,1,2,1,14,2,2,1,1,1
SF,IH2006,2020-06-17 11:15:18.200,2859.8000,17733,0,9066782460.000,0,-,-,-,-,2859.6000,2859.2000,2859.0000,2858.6000,2858.4000,2860.0000,2860.2000,2860.4000,2860.6000,2860.8000,1,1,2,1,14,3,2,1,1,1
SF,IH2006,2020-06-17 11:15:19.200,2860.0000,17735,2,9069356460.000,3,2,1,多开,B,2859.6000,2859.2000,2859.0000,2858.6000,2858.4000,2860.2000,2860.4000,2860.6000,2860.8000,2861.0000,2,1,2,1,14,2,1,1,1,1
SF,IH2006,2020-06-17 11:15:19.700,2860.2000,17735,0,9071072580.000,2,1,1,空换,B,2859.8000,2859.6000,2859.2000,2859.0000,2858.6000,2860.0000,2860.4000,2860.6000,2860.8000,2861.0000,3,3,1,2,1,1,1,1,1,1
SF,IH2006,2020-06-17 11:15:20.200,2860.0000,17736,1,9071930580.000,1,1,0,双开,B,2860.0000,2859.8000,2859.6000,2859.2000,2859.0000,2860.4000,2860.6000,2860.8000,2861.0000,2861.2000,8,6,3,1,2,1,1,1,1,2
SF,IH2006,2020-06-17 11:15:20.700,2860.0000,17736,0,9071930580.000,0,-,-,-,-,2860.0000,2859.8000,2859.6000,2859.2000,2859.0000,2860.2000,2860.4000,2860.6000,2860.8000,2861.0000,6,3,3,1,2,1,1,1,1,1
SF,IH2006,2020-06-17 11:15:21.200,2860.0000,17736,0,9073646580.000,2,1,1,空换,B,2860.0000,2859.8000,2859.6000,2859.2000,2859.0000,2860.2000,2860.4000,2860.6000,2860.8000,2861.0000,3,2,3,1,2,2,1,1,1,1
SF,IH2006,2020-06-17 11:15:21.700,2860.0000,17736,0,9073646580.000,0,-,-,-,-,2860.0000,2859.8000,2859.6000,2859.2000,2859.0000,2860.2000,2860.4000,2860.6000,2860.8000,2861.0000,4,2,3,1,2,2,1,1,1,1
SF,IH2006,2020-06-17 11:15:22.200,2860.2000,17736,0,9074504640.000,1,0,1,空换,B,2860.0000,2859.8000,2859.6000,2859.2000,2859.0000,2860.2000,2860.4000,2860.6000,2860.8000,2861.0000,1,2,3,1,2,1,1,1,2,1
SF,IH2006,2020-06-17 11:15:23.700,2860.2000,17735,-1,9075362700.000,1,0,1,双平,B,2860.0000,2859.8000,2859.6000,2859.2000,2859.0000,2860.4000,2860.6000,2860.8000,2861.0000,2861.2000,1,2,3,1,2,1,1,2,1,3
SF,IH2006,2020-06-17 11:15:24.200,2860.0000,17735,0,9077078700.000,2,1,1,空换,B,2859.8000,2859.6000,2859.2000,2859.0000,2858.6000,2860.0000,2860.2000,2860.4000,2860.6000,2860.8000,2,3,1,2,1,4,2,1,1,2
SF,IH2006,2020-06-17 11:15:24.700,2860.0000,17735,0,9077078700.000,0,-,-,-,-,2859.8000,2859.6000,2859.2000,2859.0000,2858.6000,2860.0000,2860.2000,2860.4000,2860.6000,2860.8000,1,3,1,2,1,1,2,1,1,2
SF,IH2006,2020-06-17 11:15:26.200,2860.0000,17736,1,9077936700.000,1,1,0,双开,B,2859.8000,2859.6000,2859.2000,2859.0000,2858.6000,2860.2000,2860.4000,2860.6000,2860.8000,2861.0000,1,3,1,2,1,2,1,1,2,1
SF,IH2006,2020-06-17 11:15:26.700,2859.8000,17737,1,9078794640.000,1,1,0,双开,B,2859.6000,2859.2000,2859.0000,2858.6000,2858.4000,2859.8000,2860.2000,2860.4000,2860.8000,2861.0000,3,2,2,1,14,7,3,1,2,1
SF,IH2006,2020-06-17 11:15:27.200,2859.6000,17737,0,9079652520.000,1,0,1,空换,B,2859.6000,2859.2000,2859.0000,2858.6000,2858.4000,2860.2000,2860.4000,2860.8000,2861.0000,2861.2000,2,2,2,1,14,3,1,2,1,3
SF,IH2006,2020-06-17 11:15:27.700,2859.6000,17737,0,9079652520.000,0,-,-,-,-,2859.6000,2859.2000,2859.0000,2858.6000,2858.4000,2860.0000,2860.2000,2860.4000,2860.8000,2861.0000,2,2,2,1,14,1,3,1,2,1
SF,IH2006,2020-06-17 11:15:28.200,2859.6000,17737,0,9080510400.000,1,0,1,空换,B,2859.6000,2859.2000,2859.0000,2858.6000,2858.4000,2860.2000,2860.4000,2860.8000,2861.0000,2861.2000,1,2,2,1,14,3,1,2,1,3
SF,IH2006,2020-06-17 11:15:28.700,2859.6000,17737,0,9080510400.000,0,-,-,-,-,2859.6000,2859.2000,2859.0000,2858.6000,2858.4000,2860.0000,2860.2000,2860.4000,2860.8000,2861.0000,1,2,2,1,14,1,3,1,2,1
SF,IH2006,2020-06-17 11:15:29.200,2859.6000,17737,0,9080510400.000,0,-,-,-,-,2859.6000,2859.2000,2859.0000,2858.6000,2858.4000,2859.8000,2860.0000,2860.2000,2860.4000,2860.8000,1,2,2,1,14,1,1,3,1,2
SF,IH2006,2020-06-17 11:15:29.700,2859.8000,17736,-1,9081368340.000,1,0,1,双平,B,2859.6000,2859.2000,2859.0000,2858.4000,2858.2000,2860.0000,2860.2000,2860.4000,2860.8000,2861.0000,1,2,2,14,3,2,3,1,2,1
SF,IH2006,2020-06-17 11:15:31.200,2859.8000,17736,0,9081368340.000,0,-,-,-,-,2859.8000,2859.6000,2859.2000,2859.0000,2858.4000,2860.0000,2860.2000,2860.4000,2860.8000,2861.0000,1,1,2,2,14,2,3,1,2,1
SF,IH2006,2020-06-17 11:15:33.200,2859.8000,17736,0,9082226280.000,1,0,1,空换,B,2859.6000,2859.2000,2858.4000,2858.2000,2858.0000,2860.0000,2860.2000,2860.4000,2860.8000,2861.0000,1,2,14,3,2,3,3,1,2,1
SF,IH2006,2020-06-17 11:15:33.700,2859.8000,17736,0,9082226280.000,0,-,-,-,-,2859.8000,2859.6000,2859.2000,2858.4000,2858.2000,2860.0000,2860.2000,2860.4000,2860.8000,2861.0000,1,1,2,14,3,3,3,1,2,1
SF,IH2006,2020-06-17 11:15:34.200,2860.0000,17736,0,9083084280.000,1,0,1,空换,B,2859.8000,2859.6000,2859.2000,2858.4000,2858.2000,2860.0000,2860.2000,2860.4000,2860.8000,2861.0000,1,1,2,14,3,2,3,1,2,1
SF,IH2006,2020-06-17 11:15:34.700,2859.8000,17736,0,9083942220.000,1,0,1,空换,B,2859.6000,2859.2000,2858.4000,2858.2000,2858.0000,2860.0000,2860.2000,2860.4000,2860.8000,2861.0000,1,2,14,3,2,2,3,1,2,1
SF,IH2006,2020-06-17 11:15:36.200,2859.8000,17736,0,9083942220.000,0,-,-,-,-,2859.6000,2859.2000,2858.4000,2858.2000,2858.0000,2859.8000,2860.0000,2860.2000,2860.4000,2860.8000,1,2,14,3,2,1,2,3,1,2
SF,IH2006,2020-06-17 11:15:37.200,2859.8000,17736,0,9083942220.000,0,-,-,-,-,2859.6000,2859.2000,2858.4000,2858.2000,2858.0000,2859.8000,2860.0000,2860.2000,2860.4000,2860.8000,3,2,14,3,2,1,2,3,1,2
SF,IH2006,2020-06-17 11:15:38.200,2859.6000,17735,-1,9085658040.000,2,0,2,空平,B,2859.6000,2859.2000,2858.4000,2858.2000,2858.0000,2860.0000,2860.2000,2860.4000,2860.8000,2861.0000,2,2,14,3,2,2,3,1,2,1
SF,IH2006,2020-06-17 11:15:38.700,2859.6000,17735,0,9085658040.000,0,-,-,-,-,2859.6000,2859.2000,2858.4000,2858.2000,2858.0000,2859.8000,2860.0000,2860.2000,2860.4000,2860.8000,2,2,14,3,2,1,4,3,1,2
SF,IH2006,2020-06-17 11:15:39.200,2859.6000,17734,-1,9087373800.000,2,0,2,空平,B,2859.2000,2858.4000,2858.2000,2858.0000,2857.8000,2859.8000,2860.0000,2860.2000,2860.4000,2860.8000,2,14,3,2,3,2,4,2,1,2
SF,IH2006,2020-06-17 11:15:39.700,2859.6000,17734,0,9087373800.000,0,-,-,-,-,2859.2000,2858.4000,2858.2000,2858.0000,2857.8000,2859.8000,2860.0000,2860.2000,2860.4000,2860.8000,4,14,3,2,3,2,4,2,1,2
SF,IH2006,2020-06-17 11:15:40.200,2859.6000,17734,0,9087373800.000,0,-,-,-,-,2859.4000,2859.2000,2858.4000,2858.2000,2858.0000,2859.8000,2860.0000,2860.2000,2860.4000,2860.8000,4,3,14,3,2,2,3,2,1,2
SF,IH2006,2020-06-17 11:15:40.700,2859.6000,17734,0,9087373800.000,0,-,-,-,-,2859.6000,2859.4000,2859.2000,2858.4000,2858.2000,2859.8000,2860.0000,2860.2000,2860.4000,2860.8000,1,4,3,14,3,1,3,2,1,2
SF,IH2006,2020-06-17 11:15:41.200,2859.6000,17734,0,9087373800.000,0,-,-,-,-,2859.6000,2859.4000,2859.2000,2858.4000,2858.2000,2859.8000,2860.0000,2860.2000,2860.4000,2860.8000,1,3,3,14,3,1,3,2,1,2
SF,IH2006,2020-06-17 11:15:41.700,2859.6000,17734,0,9089947440.000,3,1,2,空换,B,2859.4000,2859.2000,2858.4000,2858.2000,2858.0000,2859.6000,2859.8000,2860.0000,2860.2000,2860.4000,3,3,14,3,2,1,1,3,2,1
SF,IH2006,2020-06-17 11:15:42.200,2859.6000,17735,1,9090805320.000,1,1,0,双开,B,2859.6000,2859.4000,2859.2000,2858.4000,2858.2000,2859.8000,2860.0000,2860.2000,2860.4000,2860.8000,7,3,3,14,3,1,3,2,1,2
SF,IH2006,2020-06-17 11:15:42.700,2859.8000,17734,-1,9092521200.000,2,0,2,空平,B,2859.8000,2859.6000,2859.4000,2859.2000,2858.4000,2860.0000,2860.2000,2860.4000,2860.8000,2861.0000,3,1,3,3,14,2,2,1,2,1
SF,IH2006,2020-06-17 11:15:43.200,2859.8000,17734,0,9092521200.000,0,-,-,-,-,2859.8000,2859.6000,2859.4000,2859.2000,2858.4000,2860.0000,2860.2000,2860.4000,2860.8000,2861.0000,1,1,3,3,14,2,2,1,2,1
SF,IH2006,2020-06-17 11:15:43.700,2860.0000,17734,0,9093379200.000,1,0,1,空换,B,2859.8000,2859.6000,2859.4000,2859.2000,2858.4000,2860.0000,2860.2000,2860.4000,2860.8000,2861.0000,2,1,2,3,14,1,2,1,2,1
SF,IH2006,2020-06-17 11:15:44.200,2860.0000,17734,0,9093379200.000,0,-,-,-,-,2859.8000,2859.6000,2859.4000,2859.2000,2858.4000,2860.0000,2860.2000,2860.4000,2860.8000,2861.0000,2,1,2,3,14,1,1,1,2,1
SF,IH2006,2020-06-17 11:15:44.700,2859.8000,17734,0,9094237140.000,1,0,1,空换,B,2859.8000,2859.6000,2859.4000,2859.2000,2858.4000,2860.0000,2860.2000,2860.4000,2860.8000,2861.0000,1,1,2,3,14,1,1,1,2,1
SF,IH2006,2020-06-17 11:15:45.200,2859.8000,17734,0,9095095080.000,1,0,1,空换,B,2859.6000,2859.4000,2859.2000,2858.4000,2858.2000,2860.0000,2860.2000,2860.4000,2860.8000,2861.0000,1,2,3,14,3,1,1,1,2,1
SF,IH2006,2020-06-17 11:15:46.200,2859.8000,17734,0,9095095080.000,0,-,-,-,-,2859.8000,2859.6000,2859.4000,2859.2000,2858.4000,2860.0000,2860.2000,2860.4000,2860.8000,2861.0000,1,1,2,3,14,1,1,1,2,1
SF,IH2006,2020-06-17 11:15:47.200,2859.8000,17734,0,9095095080.000,0,-,-,-,-,2859.8000,2859.6000,2859.4000,2859.2000,2858.4000,2860.0000,2860.2000,2860.4000,2860.8000,2861.0000,1,1,3,3,14,1,1,1,2,1
SF,IH2006,2020-06-17 11:15:47.700,2859.8000,17734,0,9095095080.000,0,-,-,-,-,2859.8000,2859.6000,2859.4000,2859.2000,2858.4000,2860.0000,2860.2000,2860.4000,2860.6000,2860.8000,1,1,3,3,14,1,1,1,1,2
SF,IH2006,2020-06-17 11:15:49.200,2859.8000,17734,0,9095095080.000,0,-,-,-,-,2859.8000,2859.6000,2859.4000,2859.2000,2858.4000,2860.0000,2860.2000,2860.4000,2860.6000,2860.8000,1,1,3,3,14,1,1,1,1,1
SF,IH2006,2020-06-17 11:15:49.700,2860.0000,17733,-1,9095953080.000,1,0,1,双平,B,2859.8000,2859.6000,2859.4000,2859.2000,2858.4000,2860.2000,2860.4000,2860.6000,2860.8000,2861.0000,1,1,3,3,14,1,1,1,2,1
SF,IH2006,2020-06-17 11:15:50.200,2860.0000,17733,0,9095953080.000,0,-,-,-,-,2859.8000,2859.6000,2859.4000,2859.2000,2858.4000,2860.2000,2860.4000,2860.6000,2860.8000,2861.0000,1,1,3,3,14,2,1,1,2,1
SF,IH2006,2020-06-17 11:15:51.700,2860.0000,17733,0,9095953080.000,0,-,-,-,-,2859.8000,2859.6000,2859.4000,2859.2000,2858.4000,2860.2000,2860.4000,2860.6000,2860.8000,2861.0000,1,1,3,3,14,2,1,1,2,1
SF,IH2006,2020-06-17 11:15:52.200,2860.0000,17733,0,9096811080.000,1,0,1,空换,B,2860.0000,2859.6000,2859.4000,2859.2000,2858.4000,2860.2000,2860.4000,2860.6000,2860.8000,2861.0000,1,1,3,3,14,2,1,1,2,1
SF,IH2006,2020-06-17 11:15:52.700,2860.0000,17733,0,9096811080.000,0,-,-,-,-,2860.0000,2859.4000,2859.2000,2858.4000,2858.2000,2860.2000,2860.4000,2860.6000,2860.8000,2861.0000,1,3,3,14,3,2,1,1,2,1
SF,IH2006,2020-06-17 11:15:53.200,2860.0000,17733,0,9097669080.000,1,0,1,空换,B,2859.4000,2859.2000,2858.4000,2858.2000,2858.0000,2860.2000,2860.4000,2860.6000,2860.8000,2861.0000,3,3,14,3,2,2,1,1,2,1
SF,IH2006,2020-06-17 11:15:53.700,2860.0000,17733,0,9097669080.000,0,-,-,-,-,2860.0000,2859.6000,2859.4000,2859.2000,2858.4000,2860.2000,2860.4000,2860.6000,2860.8000,2861.0000,4,6,3,3,14,2,1,1,2,1
SF,IH2006,2020-06-17 11:15:54.200,2860.0000,17733,0,9097669080.000,0,-,-,-,-,2859.6000,2859.4000,2859.2000,2858.4000,2858.2000,2860.2000,2860.4000,2860.6000,2860.8000,2861.0000,6,3,3,14,3,2,1,1,2,1
SF,IH2006,2020-06-17 11:15:54.700,2860.0000,17733,0,9097669080.000,0,-,-,-,-,2859.8000,2859.6000,2859.4000,2859.2000,2858.4000,2860.2000,2860.4000,2860.6000,2860.8000,2861.0000,1,5,3,3,14,2,1,1,2,1
SF,IH2006,2020-06-17 11:15:55.700,2860.0000,17733,0,9097669080.000,0,-,-,-,-,2859.8000,2859.6000,2859.4000,2859.2000,2858.4000,2860.2000,2860.4000,2860.6000,2860.8000,2861.0000,1,5,3,3,14,2,1,1,2,1
SF,IH2006,2020-06-17 11:15:57.700,2860.2000,17733,0,9098527140.000,1,0,1,空换,B,2859.8000,2859.6000,2859.4000,2859.2000,2858.4000,2860.2000,2860.4000,2860.6000,2860.8000,2861.0000,1,4,3,3,14,1,1,1,2,1
SF,IH2006,2020-06-17 11:15:58.200,2860.2000,17733,0,9098527140.000,0,-,-,-,-,2859.8000,2859.6000,2859.4000,2859.2000,2858.4000,2860.4000,2860.6000,2860.8000,2861.0000,2861.2000,2,4,3,3,14,1,1,2,1,3
SF,IH2006,2020-06-17 11:15:58.700,2860.2000,17733,0,9098527140.000,0,-,-,-,-,2860.0000,2859.8000,2859.6000,2859.4000,2859.2000,2860.4000,2860.6000,2860.8000,2861.0000,2861.2000,1,1,2,3,3,2,1,2,1,3
SF,IH2006,2020-06-17 11:15:59.200,2860.2000,17733,0,9098527140.000,0,-,-,-,-,2860.0000,2859.8000,2859.6000,2859.4000,2859.2000,2860.4000,2860.6000,2860.8000,2861.0000,2861.2000,2,1,2,3,3,2,1,2,1,3
SF,IH2006,2020-06-17 11:15:59.700,2860.2000,17733,0,9098527140.000,0,-,-,-,-,2860.0000,2859.8000,2859.6000,2859.4000,2859.2000,2860.4000,2860.6000,2860.8000,2861.0000,2861.2000,3,1,2,3,3,2,1,2,1,3
SF,IH2006,2020-06-17 11:16:00.700,2860.2000,17733,0,9098527140.000,0,-,-,-,-,2860.0000,2859.8000,2859.6000,2859.4000,2859.2000,2860.2000,2860.4000,2860.6000,2860.8000,2861.0000,3,1,2,3,3,1,2,1,2,1
SF,IH2006,2020-06-17 11:16:01.200,2860.2000,17733,0,9098527140.000,0,-,-,-,-,2860.0000,2859.6000,2859.4000,2859.2000,2858.4000,2860.2000,2860.4000,2860.6000,2860.8000,2861.0000,3,2,3,3,14,1,2,1,2,1
SF,IH2006,2020-06-17 11:16:02.700,2860.2000,17733,0,9098527140.000,0,-,-,-,-,2860.0000,2859.6000,2859.4000,2859.2000,2858.4000,2860.2000,2860.4000,2860.6000,2860.8000,2861.0000,3,2,3,3,14,1,2,1,2,1
SF,IH2006,2020-06-17 11:16:03.200,2860.2000,17733,0,9098527140.000,0,-,-,-,-,2860.0000,2859.6000,2859.4000,2859.2000,2858.4000,2860.2000,2860.4000,2860.6000,2860.8000,2861.0000,4,2,3,3,14,1,2,1,2,1
SF,IH2006,2020-06-17 11:16:03.700,2860.2000,17733,0,9098527140.000,0,-,-,-,-,2860.0000,2859.6000,2859.4000,2859.2000,2858.4000,2860.2000,2860.4000,2860.6000,2860.8000,2861.0000,4,1,3,3,14,1,2,1,2,1
SF,IH2006,2020-06-17 11:16:04.200,2860.2000,17733,0,9098527140.000,0,-,-,-,-,2860.0000,2859.6000,2859.4000,2859.2000,2858.4000,2860.2000,2860.4000,2860.6000,2860.8000,2861.0000,4,1,3,3,14,1,2,1,2,1
SF,IH2006,2020-06-17 11:16:04.700,2860.2000,17733,0,9098527140.000,0,-,-,-,-,2860.0000,2859.6000,2859.4000,2859.2000,2858.4000,2860.2000,2860.4000,2860.6000,2860.8000,2861.0000,4,1,3,3,14,2,2,1,2,1
SF,IH2006,2020-06-17 11:16:05.700,2860.2000,17733,0,9098527140.000,0,-,-,-,-,2860.0000,2859.6000,2859.4000,2859.2000,2858.4000,2860.2000,2860.4000,2860.6000,2860.8000,2861.0000,4,1,2,3,14,2,2,1,2,1
SF,IH2006,2020-06-17 11:16:07.700,2860.2000,17733,0,9098527140.000,0,-,-,-,-,2860.0000,2859.6000,2859.4000,2859.2000,2858.4000,2860.2000,2860.4000,2860.6000,2860.8000,2861.0000,4,1,2,3,14,2,2,1,2,1
SF,IH2006,2020-06-17 11:16:10.200,2860.2000,17733,0,9098527140.000,0,-,-,-,-,2860.0000,2859.6000,2859.4000,2859.2000,2858.4000,2860.2000,2860.4000,2860.6000,2860.8000,2861.0000,4,1,2,3,14,2,2,1,2,1
SF,IH2006,2020-06-17 11:16:10.700,2860.2000,17735,2,9100243260.000,2,2,0,双开,B,2860.2000,2860.0000,2859.4000,2859.2000,2858.4000,2860.6000,2860.8000,2861.0000,2861.2000,2861.4000,3,5,2,3,14,1,2,1,3,1
SF,IH2006,2020-06-17 11:16:11.200,2860.2000,17735,0,9100243260.000,0,-,-,-,-,2860.4000,2860.2000,2860.0000,2859.4000,2859.2000,2860.6000,2860.8000,2861.0000,2861.2000,2861.4000,3,1,4,2,3,1,2,1,3,1
SF,IH2006,2020-06-17 11:16:11.700,2860.2000,17735,0,9100243260.000,0,-,-,-,-,2860.4000,2860.2000,2860.0000,2859.2000,2858.4000,2860.6000,2860.8000,2861.0000,2861.2000,2861.4000,1,1,4,3,14,3,2,1,3,1
SF,IH2006,2020-06-17 11:16:12.200,2860.4000,17736,1,9101101380.000,1,1,0,双开,B,2860.2000,2860.0000,2859.2000,2858.4000,2858.2000,2860.6000,2860.8000,2861.0000,2861.2000,2861.4000,2,4,3,14,3,3,2,1,3,1
SF,IH2006,2020-06-17 11:16:13.700,2860.2000,17735,-1,9101959440.000,1,0,1,双平,B,2860.2000,2860.0000,2859.2000,2858.4000,2858.2000,2860.6000,2860.8000,2861.0000,2861.2000,2861.4000,1,4,3,14,3,3,2,1,3,1
SF,IH2006,2020-06-17 11:16:14.200,2860.2000,17735,0,9101959440.000,0,-,-,-,-,2860.4000,2860.2000,2860.0000,2859.2000,2858.4000,2860.6000,2860.8000,2861.0000,2861.2000,2861.4000,4,1,3,3,14,3,2,1,3,1
SF,IH2006,2020-06-17 11:16:14.700,2860.2000,17735,0,9102817500.000,1,0,1,空换,B,2860.4000,2860.2000,2860.0000,2859.2000,2858.4000,2860.6000,2860.8000,2861.0000,2861.2000,2861.4000,1,1,3,3,14,1,2,1,3,1
SF,IH2006,2020-06-17 11:16:15.200,2860.2000,17735,0,9102817500.000,0,-,-,-,-,2860.2000,2860.0000,2859.2000,2858.4000,2858.2000,2860.4000,2860.6000,2860.8000,2861.0000,2861.2000,1,3,3,14,3,3,1,2,1,3
SF,IH2006,2020-06-17 11:16:16.700,2860.2000,17735,0,9102817500.000,0,-,-,-,-,2860.2000,2860.0000,2859.2000,2858.4000,2858.2000,2860.4000,2860.6000,2860.8000,2861.0000,2861.2000,1,3,3,14,3,3,2,2,1,3
SF,IH2006,2020-06-17 11:16:17.700,2860.2000,17735,0,9102817500.000,0,-,-,-,-,2860.2000,2860.0000,2859.2000,2858.4000,2858.2000,2860.4000,2860.6000,2860.8000,2861.0000,2861.2000,1,3,3,14,3,3,2,3,1,3
SF,IH2006,2020-06-17 11:16:18.700,2860.2000,17734,-1,9103675560.000,1,0,1,双平,B,2860.0000,2859.2000,2858.4000,2858.2000,2858.0000,2860.4000,2860.6000,2860.8000,2861.0000,2861.2000,3,3,14,3,2,3,2,3,1,3
SF,IH2006,2020-06-17 11:16:19.200,2860.2000,17734,0,9103675560.000,0,-,-,-,-,2860.2000,2860.0000,2859.2000,2858.4000,2858.2000,2860.4000,2860.6000,2860.8000,2861.0000,2861.2000,1,3,3,14,3,3,2,3,1,3
SF,IH2006,2020-06-17 11:16:20.200,2860.2000,17734,0,9103675560.000,0,-,-,-,-,2860.2000,2860.0000,2859.2000,2858.4000,2858.2000,2860.4000,2860.6000,2860.8000,2861.0000,2861.2000,1,3,3,14,3,3,2,3,1,3
SF,IH2006,2020-06-17 11:16:21.200,2860.2000,17734,0,9103675560.000,0,-,-,-,-,2860.2000,2860.0000,2859.2000,2858.4000,2858.2000,2860.4000,2860.6000,2860.8000,2861.0000,2861.2000,2,3,3,14,3,3,2,3,1,3
SF,IH2006,2020-06-17 11:16:21.700,2860.2000,17734,0,9103675560.000,0,-,-,-,-,2860.2000,2860.0000,2859.2000,2858.4000,2858.2000,2860.4000,2860.6000,2860.8000,2861.0000,2861.2000,2,3,3,14,3,3,2,3,1,3
SF,IH2006,2020-06-17 11:16:22.700,2860.2000,17734,0,9103675560.000,0,-,-,-,-,2860.2000,2860.0000,2859.2000,2858.4000,2858.2000,2860.4000,2860.6000,2860.8000,2861.0000,2861.2000,2,2,3,14,3,3,2,3,1,3
SF,IH2006,2020-06-17 11:16:23.700,2860.2000,17734,0,9104533620.000,1,0,1,空换,B,2860.2000,2860.0000,2859.2000,2858.4000,2858.2000,2860.4000,2860.6000,2860.8000,2861.0000,2861.2000,1,2,3,14,3,3,2,3,1,3
SF,IH2006,2020-06-17 11:16:24.700,2860.2000,17734,0,9104533620.000,0,-,-,-,-,2860.2000,2860.0000,2859.2000,2858.4000,2858.2000,2860.4000,2860.6000,2860.8000,2861.0000,2861.2000,1,2,3,14,3,3,2,3,1,3
SF,IH2006,2020-06-17 11:16:25.200,2860.4000,17734,0,9105391740.000,1,0,1,空换,B,2860.2000,2860.0000,2859.2000,2858.4000,2858.2000,2860.4000,2860.6000,2860.8000,2861.0000,2861.2000,1,2,3,14,3,2,2,3,1,3
SF,IH2006,2020-06-17 11:16:26.200,2860.4000,17733,-1,9106249860.000,1,0,1,双平,B,2860.2000,2860.0000,2859.2000,2858.4000,2858.2000,2860.4000,2860.6000,2860.8000,2861.0000,2861.2000,1,2,3,14,3,1,2,3,1,3
SF,IH2006,2020-06-17 11:16:27.200,2860.2000,17732,-1,9107107920.000,1,0,1,双平,B,2860.0000,2859.2000,2858.4000,2858.2000,2858.0000,2860.2000,2860.4000,2860.6000,2860.8000,2861.0000,2,3,14,3,2,3,1,2,3,1
SF,IH2006,2020-06-17 11:16:27.700,2860.2000,17732,0,9109682100.000,3,1,2,空换,B,2860.2000,2860.0000,2859.2000,2858.4000,2858.2000,2860.4000,2860.6000,2860.8000,2861.0000,2861.2000,3,2,3,14,3,1,2,3,1,3
SF,IH2006,2020-06-17 11:16:28.200,2860.2000,17732,0,9109682100.000,0,-,-,-,-,2860.2000,2860.0000,2859.2000,2858.4000,2858.2000,2860.4000,2860.6000,2860.8000,2861.0000,2861.2000,1,1,3,14,3,2,2,3,1,3
SF,IH2006,2020-06-17 11:16:28.700,2860.2000,17732,0,9109682100.000,0,-,-,-,-,2860.2000,2860.0000,2859.2000,2858.4000,2858.2000,2860.4000,2860.6000,2860.8000,2861.0000,2861.2000,1,1,3,14,3,3,2,3,1,3
SF,IH2006,2020-06-17 11:16:29.700,2860.2000,17733,1,9110540160.000,1,1,0,双开,B,2860.0000,2859.2000,2858.4000,2858.2000,2858.0000,2860.4000,2860.6000,2860.8000,2861.0000,2861.2000,1,3,14,3,2,3,2,3,1,3
SF,IH2006,2020-06-17 11:16:30.200,2860.2000,17733,0,9110540160.000,0,-,-,-,-,2860.2000,2860.0000,2859.2000,2858.4000,2858.2000,2860.4000,2860.6000,2860.8000,2861.0000,2861.2000,3,1,3,14,3,3,2,3,1,3
SF,IH2006,2020-06-17 11:16:30.700,2860.4000,17732,-1,9111398280.000,1,0,1,双平,B,2860.2000,2860.0000,2859.2000,2858.4000,2858.2000,2860.4000,2860.6000,2860.8000,2861.0000,2861.2000,1,1,3,14,3,2,2,3,1,3
SF,IH2006,2020-06-17 11:16:31.200,2860.4000,17732,0,9111398280.000,0,-,-,-,-,2860.2000,2860.0000,2859.2000,2858.4000,2858.2000,2860.4000,2860.6000,2860.8000,2861.0000,2861.2000,1,1,3,14,3,1,2,3,1,3
SF,IH2006,2020-06-17 11:16:31.700,2860.0000,17733,1,9113972340.000,3,2,1,多开,B,2859.2000,2858.4000,2858.2000,2858.0000,2857.8000,2860.0000,2860.4000,2860.6000,2860.8000,2861.0000,3,14,3,2,4,7,1,2,3,1
SF,IH2006,2020-06-17 11:16:32.200,2860.4000,17735,2,9120836460.000,8,5,3,多开,B,2860.4000,2860.0000,2859.8000,2859.6000,2859.4000,2860.6000,2860.8000,2861.0000,2861.2000,2861.4000,1,9,7,6,14,2,3,1,3,1
SF,IH2006,2020-06-17 11:16:32.700,2860.4000,17730,-5,9125985240.000,6,0,6,空平,B,2859.4000,2859.2000,2858.4000,2858.2000,2858.0000,2860.2000,2860.4000,2860.6000,2860.8000,2861.0000,10,5,14,3,2,1,2,1,3,1
SF,IH2006,2020-06-17 11:16:33.200,2860.4000,17730,0,9130275900.000,5,2,3,空换,B,2860.4000,2860.2000,2860.0000,2859.8000,2859.6000,2860.8000,2861.0000,2861.2000,2861.4000,2861.6000,2,1,6,6,2,3,1,3,1,3
SF,IH2006,2020-06-17 11:16:33.700,2860.4000,17730,0,9130275900.000,0,-,-,-,-,2860.6000,2860.0000,2859.8000,2859.6000,2859.4000,2860.8000,2861.0000,2861.2000,2861.4000,2861.6000,3,3,2,1,8,3,1,3,1,3
SF,IH2006,2020-06-17 11:16:34.200,2860.6000,17728,-2,9131992260.000,2,0,2,双平,B,2860.0000,2859.8000,2859.4000,2859.2000,2858.4000,2860.6000,2860.8000,2861.0000,2861.2000,2861.4000,3,1,6,5,14,8,4,1,3,1
SF,IH2006,2020-06-17 11:16:34.700,2860.6000,17728,0,9131992260.000,0,-,-,-,-,2860.2000,2860.0000,2859.8000,2859.4000,2859.2000,2860.6000,2860.8000,2861.0000,2861.2000,2861.4000,1,3,1,6,5,2,4,1,2,1
SF,IH2006,2020-06-17 11:16:35.200,2860.6000,17728,0,9131992260.000,0,-,-,-,-,2860.2000,2860.0000,2859.8000,2859.4000,2859.2000,2860.4000,2860.6000,2860.8000,2861.0000,2861.2000,1,3,1,5,5,1,2,4,1,2
SF,IH2006,2020-06-17 11:16:35.700,2860.6000,17728,0,9131992260.000,0,-,-,-,-,2860.2000,2860.0000,2859.8000,2859.4000,2859.2000,2860.6000,2860.8000,2861.0000,2861.2000,2861.4000,1,3,1,5,5,2,4,1,2,1
SF,IH2006,2020-06-17 11:16:36.200,2860.6000,17727,-1,9132850440.000,1,0,1,双平,B,2860.2000,2860.0000,2859.8000,2859.4000,2859.2000,2860.6000,2860.8000,2861.0000,2861.2000,2861.4000,1,3,1,5,5,1,4,1,2,1
SF,IH2006,2020-06-17 11:16:37.700,2860.6000,17727,0,9132850440.000,0,-,-,-,-,2860.2000,2860.0000,2859.8000,2859.4000,2859.2000,2860.6000,2860.8000,2861.0000,2861.2000,2861.4000,1,3,1,5,5,1,4,1,2,1
SF,IH2006,2020-06-17 11:16:38.200,2860.6000,17727,0,9132850440.000,0,-,-,-,-,2860.2000,2860.0000,2859.8000,2859.4000,2859.2000,2860.6000,2860.8000,2861.0000,2861.2000,2861.4000,1,3,1,5,5,1,4,1,2,1
SF,IH2006,2020-06-17 11:16:38.700,2860.6000,17727,0,9133708620.000,1,0,1,空换,B,2860.2000,2860.0000,2859.8000,2859.4000,2859.2000,2860.8000,2861.0000,2861.2000,2861.4000,2861.6000,1,3,1,5,5,4,1,2,1,2
SF,IH2006,2020-06-17 11:16:39.200,2860.6000,17727,0,9133708620.000,0,-,-,-,-,2860.2000,2860.0000,2859.8000,2859.4000,2859.2000,2860.8000,2861.0000,2861.2000,2861.4000,2861.6000,1,3,1,5,5,6,1,2,1,2
SF,IH2006,2020-06-17 11:16:39.700,2860.6000,17727,0,9133708620.000,0,-,-,-,-,2860.2000,2860.0000,2859.8000,2859.4000,2859.2000,2860.8000,2861.0000,2861.2000,2861.4000,2861.6000,2,3,1,5,5,4,1,2,1,2
SF,IH2006,2020-06-17 11:16:40.200,2860.8000,17727,0,9134566860.000,1,0,1,空换,B,2860.4000,2860.2000,2860.0000,2859.8000,2859.4000,2860.8000,2861.0000,2861.2000,2861.4000,2861.6000,2,2,3,1,5,3,1,2,1,2
SF,IH2006,2020-06-17 11:16:40.700,2860.6000,17727,0,9135425040.000,1,0,1,空换,B,2860.4000,2860.2000,2860.0000,2859.4000,2859.2000,2860.8000,2861.0000,2861.2000,2861.4000,2861.6000,2,1,3,5,5,3,1,2,1,2
SF,IH2006,2020-06-17 11:16:41.200,2860.6000,17727,0,9135425040.000,0,-,-,-,-,2860.4000,2860.2000,2860.0000,2859.4000,2859.2000,2860.8000,2861.0000,2861.2000,2861.4000,2861.6000,1,1,3,11,5,3,1,2,1,2
SF,IH2006,2020-06-17 11:16:41.700,2860.6000,17727,0,9135425040.000,0,-,-,-,-,2860.4000,2860.2000,2860.0000,2859.4000,2859.2000,2860.8000,2861.0000,2861.2000,2861.4000,2861.6000,1,1,3,11,5,2,1,2,1,2
SF,IH2006,2020-06-17 11:16:42.700,2860.8000,17727,0,9136283280.000,1,0,1,空换,B,2860.4000,2860.2000,2860.0000,2859.4000,2859.2000,2860.8000,2861.0000,2861.2000,2861.4000,2861.6000,1,1,3,11,5,1,1,2,1,2
SF,IH2006,2020-06-17 11:16:43.200,2860.8000,17727,0,9136283280.000,0,-,-,-,-,2860.4000,2860.2000,2860.0000,2859.4000,2859.2000,2860.8000,2861.2000,2861.4000,2861.6000,2861.8000,1,1,3,11,5,1,2,1,2,3
SF,IH2006,2020-06-17 11:16:43.700,2860.4000,17727,0,9137141400.000,1,0,1,空换,B,2860.2000,2860.0000,2859.4000,2859.2000,2858.4000,2860.8000,2861.2000,2861.4000,2861.6000,2861.8000,1,3,11,5,8,1,2,1,2,3
SF,IH2006,2020-06-17 11:16:44.200,2860.4000,17727,0,9137141400.000,0,-,-,-,-,2860.2000,2860.0000,2859.4000,2859.2000,2858.4000,2860.6000,2860.8000,2861.0000,2861.2000,2861.4000,1,3,11,5,8,3,2,1,2,1
SF,IH2006,2020-06-17 11:16:44.700,2860.4000,17727,0,9137141400.000,0,-,-,-,-,2860.2000,2860.0000,2859.4000,2859.2000,2858.4000,2860.8000,2861.0000,2861.2000,2861.4000,2861.6000,1,3,11,5,8,2,1,2,1,2
SF,IH2006,2020-06-17 11:16:45.200,2860.4000,17727,0,9137141400.000,0,-,-,-,-,2860.2000,2860.0000,2859.4000,2859.2000,2858.4000,2860.8000,2861.0000,2861.2000,2861.4000,2861.6000,1,3,11,5,8,2,1,1,1,2
SF,IH2006,2020-06-17 11:16:46.200,2860.8000,17727,0,9137999640.000,1,0,1,空换,B,2860.2000,2860.0000,2859.4000,2859.2000,2858.4000,2860.8000,2861.0000,2861.2000,2861.4000,2861.6000,1,3,11,5,8,1,1,1,1,2
SF,IH2006,2020-06-17 11:16:47.700,2860.8000,17727,0,9137999640.000,0,-,-,-,-,2860.4000,2860.2000,2860.0000,2859.4000,2859.2000,2860.8000,2861.0000,2861.2000,2861.4000,2861.6000,1,1,3,11,5,1,1,1,1,2
SF,IH2006,2020-06-17 11:16:48.700,2860.8000,17727,0,9137999640.000,0,-,-,-,-,2860.4000,2860.2000,2860.0000,2859.4000,2859.2000,2860.6000,2860.8000,2861.0000,2861.2000,2861.4000,1,2,3,11,5,3,1,1,1,1
SF,IH2006,2020-06-17 11:16:49.200,2860.8000,17727,0,9137999640.000,0,-,-,-,-,2860.2000,2860.0000,2859.4000,2859.2000,2858.4000,2860.4000,2860.6000,2860.8000,2861.0000,2861.2000,2,3,11,5,8,1,3,1,1,1
SF,IH2006,2020-06-17 11:16:49.700,2860.8000,17727,0,9137999640.000,0,-,-,-,-,2860.2000,2860.0000,2859.4000,2859.2000,2858.4000,2860.4000,2860.6000,2860.8000,2861.0000,2861.2000,2,3,11,3,8,1,3,1,1,1
SF,IH2006,2020-06-17 11:16:52.200,2860.2000,17726,-1,9138857700.000,1,0,1,双平,B,2860.2000,2860.0000,2859.4000,2859.2000,2858.4000,2860.6000,2860.8000,2861.0000,2861.2000,2861.4000,1,3,11,3,8,3,1,1,1,1
SF,IH2006,2020-06-17 11:16:55.700,2860.2000,17727,1,9139715760.000,1,1,0,双开,B,2860.0000,2859.4000,2859.2000,2858.4000,2858.2000,2860.2000,2860.6000,2860.8000,2861.0000,2861.2000,3,11,3,8,2,1,3,1,1,1
SF,IH2006,2020-06-17 11:16:56.200,2860.2000,17727,0,9139715760.000,0,-,-,-,-,2860.0000,2859.4000,2859.2000,2858.4000,2858.2000,2860.2000,2860.6000,2860.8000,2861.0000,2861.2000,3,11,2,8,2,1,3,1,1,1
SF,IH2006,2020-06-17 11:16:56.700,2860.2000,17727,0,9139715760.000,0,-,-,-,-,2860.0000,2859.4000,2859.2000,2858.4000,2858.2000,2860.2000,2860.6000,2860.8000,2861.0000,2861.2000,3,11,2,8,2,1,3,1,1,1
SF,IH2006,2020-06-17 11:16:58.700,2860.0000,17726,-1,9140573760.000,1,0,1,双平,B,2860.0000,2859.4000,2859.2000,2858.4000,2858.2000,2860.6000,2860.8000,2861.0000,2861.2000,2861.4000,2,11,2,8,2,3,1,1,1,1
SF,IH2006,2020-06-17 11:16:59.200,2860.0000,17726,0,9140573760.000,0,-,-,-,-,2860.0000,2859.4000,2859.2000,2858.4000,2858.2000,2860.4000,2860.6000,2860.8000,2861.0000,2861.2000,2,11,2,8,2,1,3,1,1,1
SF,IH2006,2020-06-17 11:16:59.700,2860.0000,17726,0,9140573760.000,0,-,-,-,-,2860.0000,2859.4000,2859.2000,2858.4000,2858.2000,2860.4000,2860.6000,2860.8000,2861.0000,2861.2000,3,11,2,8,2,2,5,1,1,1
SF,IH2006,2020-06-17 11:17:01.200,2860.0000,17726,0,9140573760.000,0,-,-,-,-,2860.0000,2859.4000,2859.2000,2858.4000,2858.2000,2860.2000,2860.4000,2860.6000,2860.8000,2861.0000,3,11,2,8,2,1,2,5,1,1
SF,IH2006,2020-06-17 11:17:01.700,2860.0000,17726,0,9143147760.000,3,1,2,空换,B,2859.4000,2859.2000,2858.4000,2858.2000,2858.0000,2860.0000,2860.2000,2860.4000,2860.6000,2860.8000,11,2,8,2,2,4,1,2,5,1
SF,IH2006,2020-06-17 11:17:02.200,2860.0000,17726,0,9143147760.000,0,-,-,-,-,2859.6000,2859.4000,2859.2000,2858.4000,2858.2000,2860.6000,2860.8000,2861.0000,2861.2000,2861.4000,2,10,2,9,2,5,1,1,1,1
SF,IH2006,2020-06-17 11:17:02.700,2860.0000,17726,0,9143147760.000,0,-,-,-,-,2859.6000,2859.4000,2859.2000,2858.4000,2858.2000,2859.8000,2860.4000,2860.6000,2860.8000,2861.0000,2,10,2,9,2,1,5,4,1,1
SF,IH2006,2020-06-17 11:17:03.200,2860.0000,17726,0,9143147760.000,0,-,-,-,-,2859.6000,2859.4000,2859.2000,2858.4000,2858.2000,2860.6000,2860.8000,2861.0000,2861.2000,2861.4000,2,10,2,9,2,2,1,1,1,1
SF,IH2006,2020-06-17 11:17:03.700,2860.0000,17726,0,9143147760.000,0,-,-,-,-,2859.6000,2859.4000,2859.2000,2858.4000,2858.2000,2860.4000,2860.6000,2860.8000,2861.0000,2861.2000,3,10,2,8,2,6,2,1,1,1
SF,IH2006,2020-06-17 11:17:04.200,2860.0000,17726,0,9143147760.000,0,-,-,-,-,2859.6000,2859.4000,2859.2000,2858.4000,2858.2000,2860.2000,2860.4000,2860.6000,2860.8000,2861.0000,3,10,2,8,2,5,1,5,1,1
SF,IH2006,2020-06-17 11:17:04.700,2860.0000,17726,0,9143147760.000,0,-,-,-,-,2859.6000,2859.4000,2859.2000,2858.4000,2858.2000,2860.2000,2860.4000,2860.6000,2860.8000,2861.0000,3,10,2,8,2,5,1,4,1,1
SF,IH2006,2020-06-17 11:17:06.700,2860.0000,17726,0,9143147760.000,0,-,-,-,-,2859.8000,2859.6000,2859.4000,2859.2000,2858.4000,2860.2000,2860.4000,2860.6000,2860.8000,2861.0000,1,3,10,2,8,5,1,4,1,1
SF,IH2006,2020-06-17 11:17:07.200,2860.0000,17726,0,9143147760.000,0,-,-,-,-,2859.8000,2859.6000,2859.4000,2859.2000,2858.4000,2860.0000,2860.2000,2860.4000,2860.6000,2860.8000,1,3,10,2,8,1,2,1,4,1
SF,IH2006,2020-06-17 11:17:07.700,2860.0000,17726,0,9144005760.000,1,0,1,空换,B,2859.8000,2859.6000,2859.4000,2859.2000,2858.4000,2860.2000,2860.4000,2860.6000,2860.8000,2861.0000,1,1,10,2,8,2,1,4,1,1
SF,IH2006,2020-06-17 11:17:08.700,2860.0000,17726,0,9144005760.000,0,-,-,-,-,2860.2000,2859.8000,2859.6000,2859.4000,2859.2000,2860.4000,2860.6000,2860.8000,2861.0000,2861.2000,1,1,1,10,2,1,4,1,1,1
SF,IH2006,2020-06-17 11:17:09.200,2860.2000,17727,1,9145721880.000,2,1,1,多开,B,2859.8000,2859.6000,2859.4000,2859.2000,2858.4000,2860.2000,2860.4000,2860.6000,2860.8000,2861.0000,1,1,10,2,8,5,1,2,1,1
SF,IH2006,2020-06-17 11:17:09.700,2859.8000,17727,0,9147437820.000,2,1,1,空换,B,2859.6000,2859.4000,2859.2000,2858.4000,2858.2000,2860.4000,2860.6000,2860.8000,2861.0000,2861.2000,1,10,2,8,2,1,2,1,1,1
SF,IH2006,2020-06-17 11:17:10.200,2859.8000,17727,0,9147437820.000,0,-,-,-,-,2859.8000,2859.6000,2859.4000,2859.2000,2858.4000,2860.4000,2860.6000,2860.8000,2861.0000,2861.2000,1,1,10,2,8,1,2,1,1,1
SF,IH2006,2020-06-17 11:17:10.700,2859.8000,17727,0,9147437820.000,0,-,-,-,-,2859.8000,2859.6000,2859.4000,2859.2000,2858.4000,2860.4000,2860.6000,2860.8000,2861.0000,2861.2000,1,1,10,2,8,2,2,1,1,1
SF,IH2006,2020-06-17 11:17:11.200,2859.8000,17727,0,9147437820.000,0,-,-,-,-,2860.0000,2859.8000,2859.6000,2859.4000,2859.2000,2860.4000,2860.6000,2860.8000,2861.0000,2861.2000,1,1,1,10,2,2,2,1,1,1
SF,IH2006,2020-06-17 11:17:11.700,2859.8000,17727,0,9147437820.000,0,-,-,-,-,2860.2000,2860.0000,2859.6000,2859.4000,2859.2000,2860.4000,2860.6000,2860.8000,2861.0000,2861.2000,1,1,1,10,2,2,1,1,1,1
SF,IH2006,2020-06-17 11:17:12.200,2859.8000,17727,0,9147437820.000,0,-,-,-,-,2860.2000,2859.6000,2859.4000,2859.2000,2858.4000,2860.4000,2860.6000,2860.8000,2861.0000,2861.2000,1,1,10,2,8,2,1,1,1,1
SF,IH2006,2020-06-17 11:17:13.200,2860.2000,17726,-1,9148295880.000,1,0,1,双平,B,2859.6000,2859.4000,2859.2000,2858.4000,2858.2000,2860.2000,2860.4000,2860.6000,2860.8000,2861.0000,1,8,2,8,2,2,2,1,1,1
SF,IH2006,2020-06-17 11:17:13.700,2860.2000,17726,0,9148295880.000,0,-,-,-,-,2859.8000,2859.6000,2859.4000,2859.2000,2858.4000,2860.2000,2860.4000,2860.6000,2860.8000,2861.0000,2,1,8,2,8,2,3,1,1,1
SF,IH2006,2020-06-17 11:17:14.200,2860.2000,17726,0,9148295880.000,0,-,-,-,-,2859.8000,2859.6000,2859.4000,2859.2000,2858.4000,2860.2000,2860.4000,2860.6000,2860.8000,2861.0000,2,2,8,2,8,2,3,1,1,1
SF,IH2006,2020-06-17 11:17:14.700,2860.2000,17726,0,9148295880.000,0,-,-,-,-,2860.0000,2859.6000,2859.4000,2859.2000,2858.4000,2860.2000,2860.4000,2860.6000,2860.8000,2861.0000,2,2,8,2,8,2,3,1,1,1
SF,IH2006,2020-06-17 11:17:15.200,2860.2000,17726,0,9148295880.000,0,-,-,-,-,2860.0000,2859.6000,2859.4000,2859.2000,2858.4000,2860.2000,2860.4000,2860.6000,2860.8000,2861.0000,2,2,8,2,8,2,3,1,1,1
SF,IH2006,2020-06-17 11:17:15.700,2860.2000,17726,0,9148295880.000,0,-,-,-,-,2860.0000,2859.6000,2859.4000,2859.2000,2858.4000,2860.2000,2860.4000,2860.6000,2860.8000,2861.0000,2,8,2,2,8,2,3,1,1,1
SF,IH2006,2020-06-17 11:17:16.200,2860.2000,17726,0,9148295880.000,0,-,-,-,-,2860.0000,2859.6000,2859.4000,2859.2000,2858.4000,2860.2000,2860.4000,2860.6000,2860.8000,2861.0000,2,8,2,3,8,2,3,1,1,1
SF,IH2006,2020-06-17 11:17:18.200,2860.2000,17725,-1,9149153940.000,1,0,1,双平,B,2860.0000,2859.6000,2859.4000,2859.2000,2858.4000,2860.2000,2860.4000,2860.6000,2860.8000,2861.0000,6,8,2,3,8,1,3,1,1,1
SF,IH2006,2020-06-17 11:17:18.700,2860.4000,17727,2,9153444480.000,5,3,2,多开,B,2860.2000,2860.0000,2859.6000,2859.4000,2859.2000,2860.6000,2860.8000,2861.0000,2861.2000,2861.4000,6,6,8,2,3,1,1,1,1,1
SF,IH2006,2020-06-17 11:17:19.200,2860.4000,17727,0,9153444480.000,0,-,-,-,-,2860.4000,2860.2000,2860.0000,2859.6000,2859.4000,2860.6000,2860.8000,2861.0000,2861.2000,2861.4000,2,3,4,8,2,1,1,1,1,1
SF,IH2006,2020-06-17 11:17:19.700,2860.4000,17727,0,9153444480.000,0,-,-,-,-,2860.4000,2860.2000,2860.0000,2859.6000,2859.4000,2860.8000,2861.0000,2861.2000,2861.4000,2861.6000,2,2,4,8,2,1,1,1,1,2
SF,IH2006,2020-06-17 11:17:20.200,2860.4000,17727,0,9153444480.000,0,-,-,-,-,2860.6000,2860.2000,2859.6000,2859.4000,2859.2000,2860.8000,2861.0000,2861.2000,2861.4000,2861.6000,2,2,8,2,3,1,1,1,1,2
SF,IH2006,2020-06-17 11:17:20.700,2860.8000,17730,3,9156019080.000,3,3,0,双开,B,2860.2000,2859.6000,2859.4000,2859.2000,2858.4000,2861.0000,2861.2000,2861.4000,2861.6000,2861.8000,2,8,2,3,8,1,1,1,2,3
SF,IH2006,2020-06-17 11:17:21.200,2860.8000,17730,0,9156019080.000,0,-,-,-,-,2860.4000,2860.2000,2859.6000,2859.4000,2859.2000,2860.8000,2861.0000,2861.2000,2861.4000,2861.6000,2,1,8,2,3,2,2,1,1,2
SF,IH2006,2020-06-17 11:17:22.200,2860.6000,17730,0,9156877260.000,1,0,1,空换,B,2860.2000,2859.6000,2859.4000,2859.2000,2858.4000,2860.8000,2861.0000,2861.2000,2861.4000,2861.6000,1,8,2,3,8,2,2,1,1,2
SF,IH2006,2020-06-17 11:17:22.700,2860.6000,17730,0,9156877260.000,0,-,-,-,-,2860.4000,2860.2000,2859.6000,2859.4000,2859.2000,2860.6000,2860.8000,2861.0000,2861.2000,2861.4000,1,1,8,2,3,1,2,2,1,1
SF,IH2006,2020-06-17 11:17:23.200,2860.6000,17730,0,9156877260.000,0,-,-,-,-,2860.4000,2860.2000,2859.6000,2859.4000,2859.2000,2860.6000,2860.8000,2861.0000,2861.2000,2861.4000,1,1,13,2,3,1,2,2,1,1
SF,IH2006,2020-06-17 11:17:23.700,2860.6000,17730,0,9156877260.000,0,-,-,-,-,2860.2000,2859.6000,2859.4000,2859.2000,2858.4000,2860.8000,2861.0000,2861.2000,2861.4000,2861.6000,1,13,2,3,3,2,2,1,1,2
SF,IH2006,2020-06-17 11:17:25.700,2860.6000,17730,0,9156877260.000,0,-,-,-,-,2860.4000,2860.2000,2859.6000,2859.4000,2859.2000,2860.8000,2861.0000,2861.2000,2861.4000,2861.6000,1,1,13,2,3,2,2,1,1,2
SF,IH2006,2020-06-17 11:17:26.700,2860.6000,17730,0,9156877260.000,0,-,-,-,-,2860.4000,2859.6000,2859.4000,2859.2000,2858.4000,2860.8000,2861.0000,2861.2000,2861.4000,2861.6000,1,13,2,3,3,2,2,1,1,2
SF,IH2006,2020-06-17 11:17:27.200,2860.8000,17729,-1,9158593740.000,2,0,2,空平,B,2860.8000,2860.4000,2859.6000,2859.4000,2859.2000,2861.0000,2861.2000,2861.4000,2861.6000,2861.8000,12,1,13,2,3,2,1,1,2,3
SF,IH2006,2020-06-17 11:17:27.700,2860.8000,17729,0,9159451980.000,1,0,1,空换,B,2860.8000,2859.6000,2859.4000,2859.2000,2858.4000,2861.0000,2861.2000,2861.4000,2861.6000,2861.8000,11,13,1,3,3,1,1,1,2,3
SF,IH2006,2020-06-17 11:17:28.200,2860.8000,17727,-2,9161168460.000,2,0,2,双平,B,2860.8000,2859.6000,2859.4000,2859.2000,2858.4000,2861.0000,2861.2000,2861.4000,2861.6000,2861.8000,9,13,1,3,3,1,1,1,2,3
SF,IH2006,2020-06-17 11:17:28.700,2860.8000,17725,-2,9164601420.000,4,1,3,空平,B,2860.8000,2859.6000,2859.4000,2859.2000,2858.4000,2861.0000,2861.2000,2861.4000,2861.6000,2861.8000,5,13,1,3,3,1,1,1,2,3
SF,IH2006,2020-06-17 11:17:29.200,2861.0000,17724,-1,9168892680.000,5,2,3,空平,B,2861.0000,2860.8000,2859.6000,2859.4000,2859.2000,2861.2000,2861.4000,2861.6000,2861.8000,2862.0000,12,1,13,1,3,1,1,2,3,1
SF,IH2006,2020-06-17 11:17:29.700,2861.0000,17722,-2,9172325880.000,4,1,3,空平,B,2861.0000,2860.8000,2859.6000,2859.4000,2859.2000,2861.2000,2861.4000,2861.6000,2861.8000,2862.0000,8,1,13,1,3,1,1,2,3,1
SF,IH2006,2020-06-17 11:17:30.200,2861.0000,17720,-2,9175759080.000,4,1,3,空平,B,2861.0000,2860.8000,2859.6000,2859.4000,2859.2000,2861.2000,2861.4000,2861.6000,2861.8000,2862.0000,4,1,13,1,3,1,1,2,3,1
SF,IH2006,2020-06-17 11:17:30.700,2861.0000,17719,-1,9176617380.000,1,0,1,双平,B,2861.0000,2860.8000,2859.6000,2859.4000,2859.2000,2861.2000,2861.4000,2861.6000,2861.8000,2862.0000,3,1,13,1,4,2,1,2,3,1
SF,IH2006,2020-06-17 11:17:31.700,2861.2000,17717,-2,9179192400.000,3,0,3,空平,B,2861.2000,2861.0000,2860.8000,2860.2000,2859.6000,2861.6000,2861.8000,2862.0000,2862.2000,2862.4000,5,2,1,1,13,2,3,1,1,2
SF,IH2006,2020-06-17 11:17:32.200,2860.8000,17714,-3,9186059040.000,8,2,6,空平,B,2860.2000,2859.6000,2859.4000,2859.2000,2858.4000,2861.0000,2861.2000,2861.4000,2861.6000,2861.8000,1,13,1,4,3,1,26,3,9,3
SF,IH2006,2020-06-17 11:17:32.700,2860.4000,17713,-1,9186917160.000,1,0,1,双平,B,2860.4000,2860.2000,2860.0000,2859.6000,2859.4000,2860.8000,2861.0000,2861.4000,2861.6000,2861.8000,1,1,1,13,1,1,3,2,6,3
SF,IH2006,2020-06-17 11:17:33.200,2860.8000,17713,0,9188633640.000,2,1,1,空换,B,2860.6000,2860.4000,2860.2000,2860.0000,2859.6000,2861.0000,2861.4000,2861.6000,2861.8000,2862.0000,4,2,1,1,13,1,2,6,3,1
SF,IH2006,2020-06-17 11:17:33.700,2861.0000,17713,0,9189491940.000,1,0,1,空换,B,2861.0000,2860.6000,2860.4000,2860.2000,2860.0000,2861.4000,2861.6000,2861.8000,2862.0000,2862.2000,4,4,1,1,1,2,6,3,1,1
SF,IH2006,2020-06-17 11:17:34.200,2861.0000,17711,-2,9191208540.000,2,0,2,双平,B,2861.0000,2860.6000,2860.4000,2860.2000,2860.0000,2861.4000,2861.6000,2861.8000,2862.0000,2862.2000,2,3,1,2,1,4,6,3,1,1
SF,IH2006,2020-06-17 11:17:34.700,2861.0000,17710,-1,9193783440.000,3,1,2,空平,B,2860.6000,2860.4000,2860.2000,2860.0000,2859.6000,2861.0000,2861.2000,2861.4000,2861.6000,2861.8000,3,1,2,1,12,4,5,4,6,3
SF,IH2006,2020-06-17 11:17:35.200,2861.0000,17710,0,9193783440.000,0,-,-,-,-,2860.8000,2860.6000,2860.4000,2860.2000,2860.0000,2861.0000,2861.2000,2861.4000,2861.6000,2861.8000,1,3,1,2,1,1,1,4,6,3
SF,IH2006,2020-06-17 11:17:36.200,2861.0000,17709,-1,9194641740.000,1,0,1,双平,B,2861.0000,2860.8000,2860.6000,2860.4000,2860.2000,2861.2000,2861.4000,2861.6000,2861.8000,2862.0000,4,1,3,1,2,1,4,6,3,1
SF,IH2006,2020-06-17 11:17:36.700,2861.0000,17709,0,9194641740.000,0,-,-,-,-,2861.0000,2860.6000,2860.4000,2860.2000,2860.0000,2861.2000,2861.4000,2861.6000,2861.8000,2862.0000,4,3,1,2,1,1,4,6,3,1
SF,IH2006,2020-06-17 11:17:37.700,2861.0000,17709,0,9194641740.000,0,-,-,-,-,2861.0000,2860.6000,2860.4000,2860.2000,2860.0000,2861.4000,2861.6000,2861.8000,2862.0000,2862.2000,4,3,1,2,1,4,6,3,1,1
SF,IH2006,2020-06-17 11:17:38.200,2861.0000,17709,0,9195500040.000,1,0,1,空换,B,2861.0000,2860.6000,2860.4000,2860.2000,2860.0000,2861.4000,2861.6000,2861.8000,2862.0000,2862.2000,3,3,1,2,1,4,6,3,1,1
SF,IH2006,2020-06-17 11:17:38.700,2861.4000,17708,-1,9197216760.000,2,0,2,空平,B,2861.0000,2860.6000,2860.4000,2860.2000,2860.0000,2861.4000,2861.6000,2861.8000,2862.0000,2862.2000,8,3,1,2,1,3,6,3,1,1
SF,IH2006,2020-06-17 11:17:39.200,2861.4000,17708,0,9197216760.000,0,-,-,-,-,2861.0000,2860.6000,2860.4000,2860.2000,2860.0000,2861.2000,2861.4000,2861.6000,2861.8000,2862.0000,8,3,1,2,1,1,3,6,3,1
SF,IH2006,2020-06-17 11:17:40.200,2861.4000,17708,0,9197216760.000,0,-,-,-,-,2861.0000,2860.6000,2860.4000,2860.2000,2860.0000,2861.2000,2861.4000,2861.6000,2861.8000,2862.0000,8,3,1,2,1,2,3,6,3,1
SF,IH2006,2020-06-17 11:17:40.700,2861.4000,17708,0,9197216760.000,0,-,-,-,-,2861.0000,2860.6000,2860.4000,2860.2000,2860.0000,2861.2000,2861.4000,2861.6000,2861.8000,2862.0000,8,3,1,2,1,2,3,6,3,1
SF,IH2006,2020-06-17 11:17:41.200,2861.2000,17707,-1,9198933480.000,2,0,2,空平,B,2861.0000,2860.6000,2860.4000,2860.2000,2860.0000,2861.4000,2861.6000,2861.8000,2862.0000,2862.2000,6,3,1,2,1,3,6,3,1,1
SF,IH2006,2020-06-17 11:17:41.700,2861.2000,17707,0,9198933480.000,0,-,-,-,-,2861.2000,2861.0000,2860.6000,2860.2000,2860.0000,2861.4000,2861.6000,2861.8000,2862.0000,2862.2000,1,6,3,2,1,1,6,3,1,1
SF,IH2006,2020-06-17 11:17:42.200,2861.2000,17707,0,9198933480.000,0,-,-,-,-,2861.2000,2861.0000,2860.6000,2860.2000,2860.0000,2861.6000,2861.8000,2862.0000,2862.2000,2862.4000,1,6,3,2,1,6,3,1,1,2
SF,IH2006,2020-06-17 11:17:42.700,2861.2000,17707,0,9198933480.000,0,-,-,-,-,2861.4000,2861.2000,2861.0000,2860.6000,2860.2000,2861.6000,2861.8000,2862.0000,2862.2000,2862.4000,2,2,6,3,2,3,3,1,1,2
SF,IH2006,2020-06-17 11:17:43.200,2861.2000,17707,0,9198933480.000,0,-,-,-,-,2861.2000,2861.0000,2860.6000,2860.2000,2860.0000,2861.6000,2861.8000,2862.0000,2862.2000,2862.4000,1,6,2,2,1,2,3,1,1,2
SF,IH2006,2020-06-17 11:17:43.700,2861.2000,17707,0,9198933480.000,0,-,-,-,-,2861.4000,2861.2000,2861.0000,2860.6000,2860.2000,2861.6000,2861.8000,2862.0000,2862.2000,2862.4000,4,1,6,2,2,2,3,1,1,2
SF,IH2006,2020-06-17 11:17:44.200,2861.2000,17707,0,9198933480.000,0,-,-,-,-,2861.4000,2861.2000,2861.0000,2860.2000,2860.0000,2861.6000,2861.8000,2862.0000,2862.2000,2862.4000,4,1,6,2,1,2,3,1,1,2
SF,IH2006,2020-06-17 11:17:44.700,2861.2000,17707,0,9198933480.000,0,-,-,-,-,2861.4000,2861.0000,2860.2000,2860.0000,2859.6000,2861.6000,2861.8000,2862.0000,2862.2000,2862.4000,4,6,2,1,6,2,3,1,1,2
SF,IH2006,2020-06-17 11:17:45.200,2861.2000,17707,0,9198933480.000,0,-,-,-,-,2861.4000,2861.0000,2860.2000,2860.0000,2859.6000,2861.6000,2861.8000,2862.0000,2862.2000,2862.4000,3,6,2,1,6,2,3,1,1,2
SF,IH2006,2020-06-17 11:17:47.700,2861.4000,17707,0,9199791900.000,1,0,1,空换,B,2861.4000,2861.0000,2860.2000,2860.0000,2859.6000,2861.6000,2861.8000,2862.0000,2862.2000,2862.4000,2,6,2,1,6,2,3,1,1,2
SF,IH2006,2020-06-17 11:17:48.200,2861.4000,17707,0,9200650320.000,1,0,1,空换,B,2861.4000,2861.2000,2861.0000,2860.2000,2860.0000,2861.6000,2861.8000,2862.0000,2862.2000,2862.4000,1,5,6,2,1,2,3,1,1,2
SF,IH2006,2020-06-17 11:17:48.700,2861.4000,17707,0,9201508740.000,1,0,1,空换,B,2861.2000,2861.0000,2860.2000,2860.0000,2859.6000,2861.6000,2861.8000,2862.0000,2862.2000,2862.4000,5,6,2,1,1,2,3,1,1,2
SF,IH2006,2020-06-17 11:17:49.200,2861.4000,17707,0,9201508740.000,0,-,-,-,-,2861.4000,2861.2000,2861.0000,2860.2000,2860.0000,2861.6000,2861.8000,2862.0000,2862.2000,2862.4000,1,5,6,2,1,2,3,1,1,2
SF,IH2006,2020-06-17 11:17:49.700,2861.4000,17707,0,9201508740.000,0,-,-,-,-,2861.4000,2861.2000,2861.0000,2860.2000,2860.0000,2861.6000,2861.8000,2862.0000,2862.2000,2862.4000,1,5,6,2,1,3,3,1,1,2
SF,IH2006,2020-06-17 11:17:51.700,2861.4000,17707,0,9201508740.000,0,-,-,-,-,2861.4000,2861.2000,2861.0000,2860.2000,2860.0000,2861.6000,2861.8000,2862.0000,2862.2000,2862.4000,2,5,6,2,1,4,3,1,1,2
SF,IH2006,2020-06-17 11:17:52.200,2861.4000,17707,0,9201508740.000,0,-,-,-,-,2861.4000,2861.2000,2861.0000,2860.2000,2860.0000,2861.6000,2861.8000,2862.0000,2862.2000,2862.4000,1,5,6,2,1,4,3,1,1,2
SF,IH2006,2020-06-17 11:17:54.700,2861.6000,17706,-1,9202367220.000,1,0,1,双平,B,2861.4000,2861.2000,2861.0000,2860.2000,2860.0000,2861.6000,2861.8000,2862.0000,2862.2000,2862.4000,1,5,6,2,1,3,3,1,1,2
SF,IH2006,2020-06-17 11:17:57.700,2861.6000,17705,-1,9203225700.000,1,0,1,双平,B,2861.4000,2861.2000,2861.0000,2860.2000,2860.0000,2861.6000,2861.8000,2862.0000,2862.2000,2862.4000,2,5,6,2,1,2,3,1,1,2
SF,IH2006,2020-06-17 11:17:59.700,2861.6000,17705,0,9203225700.000,0,-,-,-,-,2861.4000,2861.2000,2861.0000,2860.2000,2860.0000,2861.6000,2861.8000,2862.0000,2862.2000,2862.4000,2,5,6,2,1,2,3,1,1,2
SF,IH2006,2020-06-17 11:18:00.200,2861.6000,17705,0,9203225700.000,0,-,-,-,-,2861.4000,2861.2000,2861.0000,2860.2000,2860.0000,2861.6000,2861.8000,2862.0000,2862.2000,2862.4000,3,5,6,2,1,2,3,1,1,2
SF,IH2006,2020-06-17 11:18:01.200,2861.6000,17705,0,9204942600.000,2,1,1,空换,B,2861.4000,2861.2000,2861.0000,2860.2000,2860.0000,2861.6000,2861.8000,2862.0000,2862.2000,2862.4000,2,5,6,2,1,2,3,1,1,2
SF,IH2006,2020-06-17 11:18:01.700,2861.6000,17705,0,9204942600.000,0,-,-,-,-,2861.4000,2861.2000,2860.2000,2860.0000,2859.6000,2861.6000,2861.8000,2862.0000,2862.2000,2862.4000,4,11,2,1,1,2,3,1,1,2
SF,IH2006,2020-06-17 11:18:05.700,2861.6000,17705,0,9204942600.000,0,-,-,-,-,2861.4000,2861.2000,2860.2000,2860.0000,2859.6000,2861.6000,2861.8000,2862.0000,2862.2000,2862.4000,5,11,2,1,1,2,3,1,1,2
SF,IH2006,2020-06-17 11:18:06.200,2861.6000,17704,-1,9206659560.000,2,0,2,空平,B,2861.6000,2861.4000,2861.2000,2860.2000,2860.0000,2861.8000,2862.0000,2862.2000,2862.4000,2862.6000,2,5,11,2,1,3,1,1,2,1
SF,IH2006,2020-06-17 11:18:08.700,2861.6000,17703,-1,9207518040.000,1,0,1,双平,B,2861.6000,2861.4000,2861.2000,2860.6000,2860.2000,2861.8000,2862.0000,2862.2000,2862.4000,2862.6000,1,5,6,5,2,3,1,1,2,1
SF,IH2006,2020-06-17 11:18:09.700,2861.8000,17703,0,9208376580.000,1,0,1,空换,B,2861.6000,2861.4000,2861.2000,2860.6000,2860.2000,2861.8000,2862.0000,2862.2000,2862.4000,2862.6000,1,5,6,5,2,2,1,1,2,1
SF,IH2006,2020-06-17 11:18:10.200,2861.8000,17702,-1,9209235120.000,1,0,1,双平,B,2861.6000,2861.4000,2861.2000,2860.6000,2860.2000,2861.8000,2862.0000,2862.2000,2862.4000,2862.6000,2,5,6,5,2,1,1,1,2,1
SF,IH2006,2020-06-17 11:18:10.700,2861.8000,17702,0,9210093660.000,1,0,1,空换,B,2861.8000,2861.6000,2861.4000,2861.2000,2860.6000,2862.0000,2862.2000,2862.4000,2862.6000,2862.8000,1,4,5,6,5,1,1,2,1,4
SF,IH2006,2020-06-17 11:18:11.200,2861.8000,17702,0,9210093660.000,0,-,-,-,-,2861.8000,2861.6000,2861.4000,2861.2000,2860.6000,2862.0000,2862.2000,2862.4000,2862.6000,2862.8000,1,2,5,6,5,1,1,2,1,4
SF,IH2006,2020-06-17 11:18:11.700,2862.0000,17702,0,9211810800.000,2,1,1,空换,B,2861.6000,2861.4000,2861.2000,2860.8000,2860.6000,2862.2000,2862.4000,2862.6000,2862.8000,2863.0000,2,5,6,1,5,1,2,1,4,2
SF,IH2006,2020-06-17 11:18:12.200,2862.0000,17702,0,9211810800.000,0,-,-,-,-,2862.0000,2861.8000,2861.6000,2861.4000,2860.8000,2862.2000,2862.4000,2862.6000,2862.8000,2863.0000,1,1,2,5,1,2,2,1,4,2
SF,IH2006,2020-06-17 11:18:12.700,2862.0000,17701,-1,9212669400.000,1,0,1,双平,B,2861.8000,2861.6000,2861.4000,2860.8000,2860.6000,2862.0000,2862.2000,2862.4000,2862.6000,2862.8000,1,2,5,1,11,1,2,2,1,4
SF,IH2006,2020-06-17 11:18:13.200,2861.8000,17701,0,9213527940.000,1,0,1,空换,B,2861.8000,2861.6000,2861.4000,2860.8000,2860.6000,2862.0000,2862.2000,2862.4000,2862.6000,2862.8000,1,2,5,1,11,1,2,2,1,4
SF,IH2006,2020-06-17 11:18:14.700,2861.8000,17701,0,9213527940.000,0,-,-,-,-,2861.8000,2861.6000,2861.4000,2860.8000,2860.6000,2862.0000,2862.2000,2862.4000,2862.6000,2862.8000,1,2,5,1,11,1,3,2,1,4
SF,IH2006,2020-06-17 11:18:16.200,2861.8000,17700,-1,9214386480.000,1,0,1,双平,B,2861.6000,2861.4000,2860.8000,2860.6000,2860.2000,2862.2000,2862.4000,2862.6000,2862.8000,2863.0000,2,5,1,11,2,3,2,1,4,2
SF,IH2006,2020-06-17 11:18:17.200,2861.6000,17699,-1,9215244960.000,1,0,1,双平,B,2861.6000,2861.4000,2860.8000,2860.6000,2860.2000,2862.0000,2862.2000,2862.4000,2862.6000,2862.8000,1,5,1,11,2,3,3,2,1,5
SF,IH2006,2020-06-17 11:18:17.700,2861.6000,17700,1,9216103440.000,1,1,0,双开,B,2861.4000,2860.8000,2860.6000,2860.2000,2860.0000,2861.6000,2861.8000,2862.0000,2862.2000,2862.4000,5,1,11,2,1,17,5,7,5,2
SF,IH2006,2020-06-17 11:18:18.200,2861.6000,17700,0,9216103440.000,0,-,-,-,-,2861.4000,2860.8000,2860.6000,2860.2000,2860.0000,2861.6000,2861.8000,2862.0000,2862.2000,2862.4000,5,1,11,2,1,3,1,6,5,2
SF,IH2006,2020-06-17 11:18:18.700,2861.4000,17700,0,9221253960.000,6,3,3,空换,B,2861.4000,2860.8000,2860.6000,2860.2000,2860.0000,2861.6000,2861.8000,2862.0000,2862.2000,2862.4000,1,1,11,2,1,3,1,5,5,2
SF,IH2006,2020-06-17 11:18:19.200,2861.4000,17701,1,9223829220.000,3,2,1,多开,B,2860.8000,2860.6000,2860.2000,2860.0000,2859.6000,2861.4000,2861.6000,2861.8000,2862.0000,2862.2000,1,11,2,1,1,4,5,1,1,5
SF,IH2006,2020-06-17 11:18:19.700,2861.4000,17701,0,9223829220.000,0,-,-,-,-,2860.8000,2860.6000,2860.2000,2860.0000,2859.6000,2861.4000,2861.6000,2861.8000,2862.0000,2862.2000,2,11,2,1,1,1,5,1,1,5
SF,IH2006,2020-06-17 11:18:20.200,2861.4000,17701,0,9223829220.000,0,-,-,-,-,2861.0000,2860.8000,2860.6000,2860.2000,2860.0000,2861.6000,2861.8000,2862.0000,2862.2000,2862.4000,1,2,11,2,1,5,1,1,5,2
SF,IH2006,2020-06-17 11:18:20.700,2861.2000,17701,0,9224687580.000,1,0,1,空换,B,2861.0000,2860.8000,2860.6000,2860.2000,2860.0000,2861.6000,2861.8000,2862.0000,2862.2000,2862.4000,2,2,11,2,1,4,1,1,5,2
SF,IH2006,2020-06-17 11:18:21.200,2861.0000,17700,-1,9225545880.000,1,0,1,双平,B,2861.0000,2860.8000,2860.6000,2860.2000,2860.0000,2861.6000,2861.8000,2862.0000,2862.2000,2862.4000,1,2,11,2,1,3,1,1,5,2
SF,IH2006,2020-06-17 11:18:21.700,2861.0000,17699,-1,9227262480.000,2,0,2,空平,B,2860.8000,2860.6000,2860.2000,2860.0000,2859.6000,2861.6000,2861.8000,2862.0000,2862.2000,2862.4000,2,11,2,1,1,3,1,1,5,2
SF,IH2006,2020-06-17 11:18:22.700,2861.0000,17699,0,9227262480.000,0,-,-,-,-,2861.0000,2860.8000,2860.6000,2860.2000,2860.0000,2861.6000,2861.8000,2862.0000,2862.2000,2862.4000,1,2,11,2,1,3,1,1,5,2
SF,IH2006,2020-06-17 11:18:23.200,2861.0000,17699,0,9227262480.000,0,-,-,-,-,2861.0000,2860.8000,2860.6000,2860.2000,2860.0000,2861.6000,2861.8000,2862.0000,2862.2000,2862.4000,1,2,11,3,1,4,1,1,5,2
SF,IH2006,2020-06-17 11:18:24.700,2861.0000,17699,0,9227262480.000,0,-,-,-,-,2861.0000,2860.8000,2860.6000,2860.2000,2860.0000,2861.6000,2861.8000,2862.0000,2862.2000,2862.4000,2,2,11,3,1,4,1,1,5,2
SF,IH2006,2020-06-17 11:18:25.200,2861.0000,17699,0,9227262480.000,0,-,-,-,-,2861.0000,2860.8000,2860.6000,2860.2000,2860.0000,2861.4000,2861.6000,2861.8000,2862.0000,2862.2000,2,2,11,3,1,1,4,1,1,5
SF,IH2006,2020-06-17 11:18:25.700,2861.0000,17699,0,9227262480.000,0,-,-,-,-,2861.0000,2860.8000,2860.6000,2860.2000,2860.0000,2861.4000,2861.6000,2861.8000,2862.0000,2862.2000,2,2,11,3,1,1,3,1,1,5
SF,IH2006,2020-06-17 11:18:26.200,2861.0000,17699,0,9227262480.000,0,-,-,-,-,2861.0000,2860.8000,2860.6000,2860.2000,2860.0000,2861.4000,2861.6000,2861.8000,2862.0000,2862.2000,2,2,11,3,1,2,3,1,1,5
SF,IH2006,2020-06-17 11:18:27.200,2861.0000,17699,0,9227262480.000,0,-,-,-,-,2861.0000,2860.8000,2860.6000,2860.2000,2860.0000,2861.4000,2861.6000,2862.0000,2862.2000,2862.4000,2,2,11,3,1,2,3,1,5,2
SF,IH2006,2020-06-17 11:18:27.700,2861.0000,17699,0,9227262480.000,0,-,-,-,-,2861.0000,2860.8000,2860.6000,2860.2000,2860.0000,2861.4000,2861.6000,2862.0000,2862.2000,2862.4000,2,2,11,3,1,2,3,1,5,2
SF,IH2006,2020-06-17 11:18:28.200,2861.0000,17699,0,9227262480.000,0,-,-,-,-,2861.2000,2861.0000,2860.8000,2860.6000,2860.2000,2861.4000,2861.6000,2862.0000,2862.2000,2862.4000,1,2,2,11,3,2,3,1,5,2
SF,IH2006,2020-06-17 11:18:28.700,2861.4000,17698,-1,9228979320.000,2,0,2,空平,B,2861.4000,2861.2000,2861.0000,2860.8000,2860.6000,2861.6000,2862.0000,2862.2000,2862.4000,2862.6000,1,1,2,2,11,3,1,5,2,1
SF,IH2006,2020-06-17 11:18:31.700,2861.6000,17697,-1,9231554760.000,3,1,2,空平,B,2861.4000,2861.2000,2861.0000,2860.8000,2860.6000,2862.0000,2862.2000,2862.4000,2862.6000,2862.8000,1,1,2,2,11,1,5,2,1,5
SF,IH2006,2020-06-17 11:18:32.200,2861.4000,17696,-1,9232413180.000,1,0,1,双平,B,2861.2000,2861.0000,2860.8000,2860.6000,2860.4000,2861.8000,2862.0000,2862.2000,2862.4000,2862.6000,1,2,2,11,1,3,12,3,2,1
SF,IH2006,2020-06-17 11:18:32.700,2861.4000,17696,0,9232413180.000,0,-,-,-,-,2861.2000,2861.0000,2860.8000,2860.6000,2860.4000,2861.4000,2861.6000,2861.8000,2862.0000,2862.2000,1,2,2,11,1,1,3,9,10,3
SF,IH2006,2020-06-17 11:18:33.200,2861.0000,17697,1,9234129840.000,2,1,1,多开,B,2861.0000,2860.8000,2860.6000,2860.4000,2860.2000,2861.2000,2861.4000,2861.6000,2861.8000,2862.0000,1,2,11,1,3,3,1,2,12,8
SF,IH2006,2020-06-17 11:18:33.700,2861.0000,17697,0,9234129840.000,0,-,-,-,-,2861.0000,2860.8000,2860.6000,2860.4000,2860.2000,2861.2000,2861.4000,2861.6000,2861.8000,2862.0000,1,2,5,7,3,1,1,1,12,8
SF,IH2006,2020-06-17 11:18:34.200,2861.0000,17697,0,9234129840.000,0,-,-,-,-,2861.0000,2860.8000,2860.6000,2860.4000,2860.2000,2861.2000,2861.4000,2861.6000,2861.8000,2862.0000,1,1,5,7,3,1,1,1,12,8
SF,IH2006,2020-06-17 11:18:34.700,2861.0000,17696,-1,9234988140.000,1,0,1,双平,B,2860.8000,2860.6000,2860.4000,2860.2000,2860.0000,2861.0000,2861.2000,2861.4000,2861.6000,2861.8000,1,5,7,3,1,6,3,1,1,7
SF,IH2006,2020-06-17 11:18:35.200,2860.8000,17696,0,9235846380.000,1,0,1,空换,B,2860.6000,2860.4000,2860.2000,2860.0000,2859.6000,2860.8000,2861.0000,2861.2000,2861.4000,2861.6000,5,7,3,1,1,3,5,3,1,1
SF,IH2006,2020-06-17 11:18:35.700,2860.8000,17696,0,9236704620.000,1,0,1,空换,B,2860.6000,2860.4000,2860.2000,2860.0000,2859.6000,2861.0000,2861.2000,2861.4000,2861.6000,2861.8000,5,7,3,1,1,6,1,1,1,4
SF,IH2006,2020-06-17 11:18:36.200,2860.8000,17696,0,9239279460.000,3,1,2,空换,B,2860.8000,2860.6000,2860.4000,2860.2000,2860.0000,2861.0000,2861.4000,2861.6000,2861.8000,2862.0000,1,6,7,3,1,2,1,1,4,8
SF,IH2006,2020-06-17 11:18:36.700,2861.0000,17696,0,9240996060.000,2,1,1,空换,B,2860.6000,2860.4000,2860.2000,2860.0000,2859.6000,2861.4000,2861.6000,2861.8000,2862.0000,2862.2000,6,7,3,1,1,1,1,4,8,3
SF,IH2006,2020-06-17 11:18:37.200,2861.0000,17696,0,9240996060.000,0,-,-,-,-,2860.6000,2860.4000,2860.2000,2860.0000,2859.6000,2860.8000,2861.0000,2861.2000,2861.4000,2861.6000,5,7,3,1,1,5,1,6,4,1
SF,IH2006,2020-06-17 11:18:37.700,2860.6000,17696,0,9241854240.000,1,0,1,空换,B,2860.6000,2860.4000,2860.2000,2860.0000,2859.6000,2860.8000,2861.0000,2861.2000,2861.4000,2861.8000,4,7,3,1,1,1,1,4,4,1
SF,IH2006,2020-06-17 11:18:38.200,2860.6000,17696,0,9242712420.000,1,0,1,空换,B,2860.6000,2860.4000,2860.2000,2860.0000,2859.6000,2860.8000,2861.0000,2861.2000,2861.4000,2861.8000,3,7,3,1,1,1,1,4,3,1
SF,IH2006,2020-06-17 11:18:39.200,2860.6000,17696,0,9242712420.000,0,-,-,-,-,2860.6000,2860.4000,2860.2000,2860.0000,2859.6000,2860.8000,2861.0000,2861.2000,2861.4000,2861.8000,3,7,3,1,1,1,1,3,3,1
SF,IH2006,2020-06-17 11:18:40.200,2860.6000,17696,0,9242712420.000,0,-,-,-,-,2860.8000,2860.6000,2860.4000,2860.2000,2860.0000,2861.0000,2861.2000,2861.4000,2861.8000,2862.0000,1,3,7,3,1,1,3,3,1,8
SF,IH2006,2020-06-17 11:18:40.700,2860.6000,17696,0,9242712420.000,0,-,-,-,-,2861.0000,2860.8000,2860.6000,2860.4000,2860.2000,2861.2000,2861.4000,2861.8000,2862.0000,2862.2000,1,2,3,7,3,3,3,1,8,3
SF,IH2006,2020-06-17 11:18:41.200,2860.8000,17695,-1,9244428960.000,2,0,2,空平,B,2860.8000,2860.6000,2860.4000,2860.2000,2860.0000,2861.0000,2861.2000,2861.4000,2861.8000,2862.0000,1,3,7,3,1,2,3,1,1,8
SF,IH2006,2020-06-17 11:18:41.700,2861.4000,17695,0,9247003980.000,3,1,2,空换,B,2861.0000,2860.8000,2860.6000,2860.4000,2860.2000,2861.8000,2862.0000,2862.2000,2862.4000,2862.6000,1,1,3,7,3,1,8,3,2,1
SF,IH2006,2020-06-17 11:18:42.200,2861.6000,17695,0,9247862460.000,1,0,1,空换,B,2861.2000,2860.8000,2860.6000,2860.4000,2860.2000,2861.8000,2862.0000,2862.2000,2862.4000,2862.6000,1,1,3,7,3,4,8,2,2,1
SF,IH2006,2020-06-17 11:18:42.700,2861.2000,17695,0,9248720820.000,1,0,1,空换,B,2860.8000,2860.6000,2860.4000,2860.2000,2860.0000,2861.6000,2861.8000,2862.0000,2862.2000,2862.4000,1,3,7,3,1,1,3,8,2,2
SF,IH2006,2020-06-17 11:18:43.200,2861.2000,17695,0,9248720820.000,0,-,-,-,-,2860.8000,2860.6000,2860.4000,2860.2000,2860.0000,2861.4000,2861.6000,2861.8000,2862.0000,2862.2000,2,3,7,3,1,1,1,3,8,2
SF,IH2006,2020-06-17 11:18:44.200,2861.2000,17695,0,9248720820.000,0,-,-,-,-,2861.0000,2860.8000,2860.4000,2860.2000,2860.0000,2861.4000,2861.6000,2861.8000,2862.0000,2862.2000,1,2,7,3,1,1,1,3,8,2
SF,IH2006,2020-06-17 11:18:44.700,2861.2000,17695,0,9248720820.000,0,-,-,-,-,2861.0000,2860.8000,2860.4000,2860.2000,2860.0000,2861.4000,2861.8000,2862.0000,2862.2000,2862.4000,1,2,7,6,1,1,3,8,2,2
SF,IH2006,2020-06-17 11:18:45.200,2861.2000,17695,0,9248720820.000,0,-,-,-,-,2861.0000,2860.8000,2860.4000,2860.2000,2860.0000,2861.8000,2862.0000,2862.2000,2862.4000,2862.6000,1,2,7,6,1,3,8,2,2,1
SF,IH2006,2020-06-17 11:18:45.700,2861.2000,17695,0,9248720820.000,0,-,-,-,-,2861.0000,2860.8000,2860.4000,2860.2000,2860.0000,2861.6000,2861.8000,2862.0000,2862.2000,2862.4000,3,2,7,6,1,4,3,8,2,2
SF,IH2006,2020-06-17 11:18:46.200,2861.2000,17695,0,9248720820.000,0,-,-,-,-,2861.0000,2860.8000,2860.4000,2860.2000,2860.0000,2861.6000,2861.8000,2862.0000,2862.2000,2862.4000,3,2,7,6,1,4,3,8,2,2
SF,IH2006,2020-06-17 11:18:46.700,2861.2000,17695,0,9248720820.000,0,-,-,-,-,2861.0000,2860.8000,2860.4000,2860.2000,2860.0000,2861.6000,2861.8000,2862.0000,2862.2000,2862.4000,4,2,7,6,1,4,3,8,2,2
SF,IH2006,2020-06-17 11:18:47.200,2861.2000,17695,0,9248720820.000,0,-,-,-,-,2861.0000,2860.8000,2860.4000,2860.2000,2860.0000,2861.6000,2861.8000,2862.0000,2862.2000,2862.4000,4,1,7,7,1,4,3,8,2,2
SF,IH2006,2020-06-17 11:18:47.700,2861.2000,17695,0,9248720820.000,0,-,-,-,-,2861.0000,2860.8000,2860.4000,2860.2000,2860.0000,2861.4000,2861.6000,2861.8000,2862.0000,2862.2000,4,1,7,7,1,1,4,3,8,2
SF,IH2006,2020-06-17 11:18:48.200,2861.2000,17695,0,9248720820.000,0,-,-,-,-,2861.0000,2860.8000,2860.4000,2860.2000,2860.0000,2861.4000,2861.6000,2861.8000,2862.0000,2862.2000,4,1,7,7,1,1,3,3,8,2
SF,IH2006,2020-06-17 11:18:50.200,2861.2000,17695,0,9248720820.000,0,-,-,-,-,2861.0000,2860.8000,2860.4000,2860.2000,2860.0000,2861.4000,2861.6000,2861.8000,2862.0000,2862.2000,4,1,7,7,1,1,4,3,8,2
SF,IH2006,2020-06-17 11:18:50.700,2861.2000,17695,0,9248720820.000,0,-,-,-,-,2861.0000,2860.8000,2860.4000,2860.2000,2860.0000,2861.2000,2861.4000,2861.6000,2861.8000,2862.2000,4,1,7,7,1,8,1,4,3,2
SF,IH2006,2020-06-17 11:18:51.200,2861.2000,17695,0,9248720820.000,0,-,-,-,-,2861.0000,2860.8000,2860.4000,2860.2000,2860.0000,2861.2000,2861.4000,2861.6000,2861.8000,2862.2000,4,1,7,7,1,8,1,3,3,2
SF,IH2006,2020-06-17 11:18:51.700,2861.2000,17695,0,9248720820.000,0,-,-,-,-,2861.0000,2860.8000,2860.4000,2860.2000,2860.0000,2861.4000,2861.6000,2861.8000,2862.2000,2862.4000,4,1,7,7,1,1,3,3,2,2
SF,IH2006,2020-06-17 11:18:52.200,2861.2000,17695,0,9248720820.000,0,-,-,-,-,2861.2000,2861.0000,2860.8000,2860.4000,2860.2000,2861.4000,2861.6000,2861.8000,2862.2000,2862.4000,8,4,1,7,7,1,3,3,2,2
SF,IH2006,2020-06-17 11:18:52.700,2861.2000,17695,0,9248720820.000,0,-,-,-,-,2861.2000,2861.0000,2860.8000,2860.4000,2860.2000,2861.4000,2861.6000,2861.8000,2862.0000,2862.2000,9,4,1,7,7,1,3,3,1,2
SF,IH2006,2020-06-17 11:18:55.700,2861.2000,17695,0,9249579180.000,1,0,1,空换,B,2861.2000,2861.0000,2860.8000,2860.4000,2860.2000,2861.4000,2861.6000,2861.8000,2862.0000,2862.2000,8,4,1,7,7,1,3,3,1,2
SF,IH2006,2020-06-17 11:18:56.200,2861.2000,17695,0,9249579180.000,0,-,-,-,-,2861.2000,2861.0000,2860.8000,2860.4000,2860.2000,2861.4000,2861.6000,2861.8000,2862.0000,2862.2000,7,4,1,7,7,1,3,3,1,2
SF,IH2006,2020-06-17 11:18:58.700,2861.2000,17695,0,9251295900.000,2,1,1,空换,B,2861.2000,2861.0000,2860.8000,2860.4000,2860.2000,2861.4000,2861.6000,2861.8000,2862.0000,2862.2000,5,4,1,7,7,1,3,2,1,2
SF,IH2006,2020-06-17 11:19:05.200,2861.2000,17695,0,9251295900.000,0,-,-,-,-,2861.2000,2861.0000,2860.8000,2860.4000,2860.2000,2861.4000,2861.6000,2861.8000,2862.0000,2862.2000,5,4,1,7,7,1,3,2,1,2
SF,IH2006,2020-06-17 11:19:10.200,2861.2000,17695,0,9251295900.000,0,-,-,-,-,2861.2000,2861.0000,2860.8000,2860.4000,2860.2000,2861.4000,2861.6000,2861.8000,2862.0000,2862.2000,5,4,1,1,7,1,3,2,1,2
SF,IH2006,2020-06-17 11:19:10.700,2861.4000,17695,0,9252154320.000,1,0,1,空换,B,2861.4000,2861.2000,2861.0000,2860.8000,2860.4000,2861.6000,2861.8000,2862.0000,2862.2000,2862.4000,5,5,4,1,1,3,2,1,2,2
SF,IH2006,2020-06-17 11:19:11.200,2861.4000,17695,0,9252154320.000,0,-,-,-,-,2861.4000,2861.2000,2861.0000,2860.8000,2860.4000,2861.6000,2862.0000,2862.2000,2862.4000,2862.6000,5,5,4,1,1,3,1,2,2,1
SF,IH2006,2020-06-17 11:19:11.700,2861.4000,17695,0,9253871160.000,2,1,1,空换,B,2861.4000,2861.2000,2861.0000,2860.8000,2860.4000,2861.6000,2862.0000,2862.2000,2862.4000,2862.6000,4,5,4,1,1,3,1,2,2,1
SF,IH2006,2020-06-17 11:19:12.200,2861.4000,17695,0,9253871160.000,0,-,-,-,-,2861.4000,2861.2000,2861.0000,2860.8000,2860.4000,2861.6000,2862.0000,2862.2000,2862.4000,2862.6000,4,5,4,1,1,1,1,2,2,1
SF,IH2006,2020-06-17 11:19:12.700,2861.6000,17695,0,9254729640.000,1,0,1,空换,B,2861.6000,2861.4000,2861.2000,2861.0000,2860.8000,2862.0000,2862.2000,2862.4000,2862.6000,2862.8000,2,4,5,4,1,1,2,2,1,10
SF,IH2006,2020-06-17 11:19:13.200,2861.6000,17694,-1,9256446600.000,2,0,2,空平,B,2861.6000,2861.4000,2861.2000,2861.0000,2860.8000,2861.8000,2862.0000,2862.2000,2862.4000,2862.6000,4,4,5,4,1,1,2,2,2,1
SF,IH2006,2020-06-17 11:19:13.700,2861.6000,17694,0,9256446600.000,0,-,-,-,-,2861.6000,2861.4000,2861.2000,2861.0000,2860.8000,2861.8000,2862.0000,2862.2000,2862.4000,2862.6000,1,4,5,4,1,1,2,2,2,1
SF,IH2006,2020-06-17 11:19:14.200,2861.6000,17694,0,9256446600.000,0,-,-,-,-,2861.6000,2861.4000,2861.2000,2861.0000,2860.8000,2862.0000,2862.2000,2862.4000,2862.6000,2862.8000,1,4,5,4,1,2,2,2,1,10
SF,IH2006,2020-06-17 11:19:15.200,2861.6000,17694,0,9256446600.000,0,-,-,-,-,2861.4000,2861.2000,2861.0000,2860.8000,2860.4000,2861.6000,2861.8000,2862.0000,2862.2000,2862.4000,4,5,4,1,1,1,3,2,2,2
SF,IH2006,2020-06-17 11:19:15.700,2861.6000,17694,0,9256446600.000,0,-,-,-,-,2861.4000,2861.2000,2861.0000,2860.8000,2860.4000,2861.6000,2861.8000,2862.0000,2862.2000,2862.4000,5,5,4,1,1,1,1,2,2,2
SF,IH2006,2020-06-17 11:19:16.200,2861.6000,17694,0,9257305080.000,1,0,1,空换,B,2861.6000,2861.4000,2861.2000,2861.0000,2860.8000,2861.8000,2862.0000,2862.2000,2862.4000,2862.6000,2,5,5,4,1,1,2,2,2,1
SF,IH2006,2020-06-17 11:19:16.700,2861.6000,17694,0,9257305080.000,0,-,-,-,-,2861.6000,2861.4000,2861.2000,2861.0000,2860.8000,2861.8000,2862.0000,2862.2000,2862.4000,2862.6000,3,5,5,4,1,1,2,2,2,1
SF,IH2006,2020-06-17 11:19:17.200,2861.6000,17694,0,9257305080.000,0,-,-,-,-,2861.6000,2861.4000,2861.2000,2861.0000,2860.8000,2862.0000,2862.2000,2862.4000,2862.6000,2862.8000,3,5,5,4,1,2,2,2,1,10
SF,IH2006,2020-06-17 11:19:21.200,2861.6000,17694,0,9257305080.000,0,-,-,-,-,2861.6000,2861.4000,2861.2000,2861.0000,2860.8000,2862.0000,2862.2000,2862.4000,2862.6000,2862.8000,3,8,5,4,1,2,2,2,1,10
SF,IH2006,2020-06-17 11:19:21.700,2861.6000,17694,0,9257305080.000,0,-,-,-,-,2861.6000,2861.4000,2861.2000,2861.0000,2860.8000,2862.0000,2862.2000,2862.4000,2862.6000,2862.8000,4,8,5,4,1,2,2,2,1,10
SF,IH2006,2020-06-17 11:19:22.200,2861.6000,17694,0,9257305080.000,0,-,-,-,-,2861.6000,2861.4000,2861.2000,2861.0000,2860.8000,2862.0000,2862.2000,2862.4000,2862.6000,2862.8000,4,8,5,4,1,1,2,2,1,10
SF,IH2006,2020-06-17 11:19:26.200,2861.6000,17694,0,9257305080.000,0,-,-,-,-,2861.6000,2861.4000,2861.2000,2861.0000,2860.8000,2862.0000,2862.2000,2862.4000,2862.6000,2862.8000,3,8,5,4,1,1,2,2,1,10
SF,IH2006,2020-06-17 11:19:26.700,2862.0000,17693,-1,9258163680.000,1,0,1,双平,B,2862.0000,2861.6000,2861.4000,2861.2000,2861.0000,2862.2000,2862.4000,2862.6000,2862.8000,2863.0000,3,3,8,5,4,2,2,1,10,2
SF,IH2006,2020-06-17 11:19:27.200,2862.0000,17691,-2,9259880880.000,2,0,2,双平,B,2861.8000,2861.6000,2861.4000,2861.2000,2861.0000,2862.0000,2862.2000,2862.4000,2862.6000,2862.8000,1,3,8,5,4,1,3,2,1,10
SF,IH2006,2020-06-17 11:19:27.700,2862.0000,17690,-1,9260739480.000,1,0,1,双平,B,2862.0000,2861.8000,2861.6000,2861.4000,2861.2000,2862.2000,2862.4000,2862.6000,2862.8000,2863.0000,2,1,3,8,5,2,2,1,10,2
SF,IH2006,2020-06-17 11:19:28.200,2862.0000,17690,0,9260739480.000,0,-,-,-,-,2861.8000,2861.6000,2861.4000,2861.2000,2861.0000,2862.2000,2862.4000,2862.6000,2862.8000,2863.0000,1,3,8,5,4,2,2,1,10,2
SF,IH2006,2020-06-17 11:19:28.700,2862.0000,17690,0,9260739480.000,0,-,-,-,-,2861.8000,2861.6000,2861.4000,2861.2000,2861.0000,2862.2000,2862.4000,2862.6000,2862.8000,2863.0000,3,3,8,5,4,2,2,1,10,2
SF,IH2006,2020-06-17 11:19:29.200,2862.0000,17690,0,9260739480.000,0,-,-,-,-,2861.8000,2861.6000,2861.4000,2861.2000,2861.0000,2862.2000,2862.4000,2862.6000,2862.8000,2863.0000,5,3,5,5,4,2,2,1,10,2
SF,IH2006,2020-06-17 11:19:30.700,2861.8000,17689,-1,9261598020.000,1,0,1,双平,B,2861.8000,2861.6000,2861.4000,2861.2000,2861.0000,2862.2000,2862.4000,2862.6000,2862.8000,2863.0000,4,3,5,5,4,2,2,1,10,2
SF,IH2006,2020-06-17 11:19:31.700,2861.8000,17689,0,9261598020.000,0,-,-,-,-,2861.8000,2861.6000,2861.4000,2861.2000,2861.0000,2862.2000,2862.4000,2862.6000,2862.8000,2863.0000,3,3,5,5,4,2,2,1,10,2
SF,IH2006,2020-06-17 11:19:32.200,2862.2000,17688,-1,9262456680.000,1,0,1,双平,B,2861.8000,2861.6000,2861.4000,2861.2000,2861.0000,2862.2000,2862.4000,2862.6000,2862.8000,2863.0000,4,3,5,5,4,1,2,1,10,2
SF,IH2006,2020-06-17 11:19:32.700,2862.2000,17688,0,9263315340.000,1,0,1,空换,B,2862.2000,2861.8000,2861.6000,2861.4000,2861.2000,2862.4000,2862.6000,2862.8000,2863.0000,2863.2000,1,4,3,5,5,2,1,10,2,1
SF,IH2006,2020-06-17 11:19:33.200,2862.2000,17687,-1,9264174000.000,1,0,1,双平,B,2861.8000,2861.6000,2861.4000,2861.2000,2861.0000,2862.2000,2862.4000,2862.6000,2862.8000,2863.0000,4,3,5,5,4,2,2,1,10,2
SF,IH2006,2020-06-17 11:19:33.700,2861.8000,17687,0,9265032540.000,1,0,1,空换,B,2861.8000,2861.6000,2861.4000,2861.2000,2861.0000,2862.2000,2862.4000,2862.6000,2862.8000,2863.0000,3,3,5,5,4,1,2,1,10,2
SF,IH2006,2020-06-17 11:19:35.200,2861.8000,17687,0,9266749620.000,2,1,1,空换,B,2861.8000,2861.6000,2861.4000,2861.2000,2861.0000,2862.2000,2862.4000,2862.6000,2862.8000,2863.0000,1,3,5,5,4,1,2,1,10,2
SF,IH2006,2020-06-17 11:19:35.700,2861.8000,17686,-1,9267608160.000,1,0,1,双平,B,2861.6000,2861.4000,2861.2000,2861.0000,2860.4000,2862.2000,2862.4000,2862.6000,2862.8000,2863.0000,3,5,5,4,1,1,2,1,10,2
SF,IH2006,2020-06-17 11:19:36.200,2861.8000,17686,0,9267608160.000,0,-,-,-,-,2861.6000,2861.4000,2861.2000,2861.0000,2860.4000,2861.8000,2862.2000,2862.4000,2862.6000,2862.8000,3,5,5,3,1,1,1,2,1,10
SF,IH2006,2020-06-17 11:19:36.700,2861.8000,17685,-1,9268466700.000,1,0,1,双平,B,2861.8000,2861.6000,2861.4000,2861.2000,2861.0000,2862.2000,2862.4000,2862.6000,2862.8000,2863.0000,10,3,5,5,3,1,2,1,10,2
SF,IH2006,2020-06-17 11:19:37.200,2861.8000,17685,0,9268466700.000,0,-,-,-,-,2861.8000,2861.6000,2861.4000,2861.2000,2861.0000,2862.2000,2862.4000,2862.6000,2862.8000,2863.0000,1,3,5,5,3,1,2,1,10,2
SF,IH2006,2020-06-17 11:19:38.200,2861.8000,17685,0,9268466700.000,0,-,-,-,-,2861.6000,2861.4000,2861.2000,2861.0000,2860.4000,2862.2000,2862.4000,2862.6000,2862.8000,2863.0000,3,5,5,3,1,1,2,1,10,2
SF,IH2006,2020-06-17 11:19:38.700,2861.8000,17685,0,9268466700.000,0,-,-,-,-,2861.6000,2861.4000,2861.2000,2861.0000,2860.4000,2862.2000,2862.4000,2862.6000,2862.8000,2863.0000,3,5,5,3,1,2,2,1,10,2
SF,IH2006,2020-06-17 11:19:39.200,2862.2000,17685,0,9269325360.000,1,0,1,空换,B,2861.6000,2861.4000,2861.2000,2861.0000,2860.4000,2862.2000,2862.4000,2862.6000,2862.8000,2863.0000,3,5,5,3,1,1,2,1,10,2
SF,IH2006,2020-06-17 11:19:39.700,2862.2000,17685,0,9269325360.000,0,-,-,-,-,2861.6000,2861.4000,2861.2000,2861.0000,2860.4000,2862.2000,2862.4000,2862.6000,2862.8000,2863.0000,3,5,5,3,1,2,2,1,10,2
SF,IH2006,2020-06-17 11:19:40.200,2862.2000,17685,0,9269325360.000,0,-,-,-,-,2861.6000,2861.4000,2861.2000,2861.0000,2860.4000,2862.0000,2862.2000,2862.4000,2862.6000,2862.8000,3,5,5,3,1,1,2,2,1,10
SF,IH2006,2020-06-17 11:19:40.700,2862.2000,17685,0,9269325360.000,0,-,-,-,-,2861.8000,2861.6000,2861.4000,2861.2000,2861.0000,2862.0000,2862.2000,2862.4000,2862.6000,2862.8000,3,3,2,5,3,1,2,2,1,10
SF,IH2006,2020-06-17 11:19:41.700,2862.2000,17685,0,9269325360.000,0,-,-,-,-,2861.8000,2861.6000,2861.4000,2861.2000,2861.0000,2862.0000,2862.2000,2862.4000,2862.6000,2862.8000,3,3,2,5,3,1,2,2,2,10
SF,IH2006,2020-06-17 11:19:42.200,2862.2000,17685,0,9269325360.000,0,-,-,-,-,2861.8000,2861.6000,2861.4000,2861.2000,2861.0000,2862.0000,2862.2000,2862.4000,2862.6000,2862.8000,3,3,2,5,3,1,2,2,3,10
SF,IH2006,2020-06-17 11:19:44.700,2862.2000,17685,0,9269325360.000,0,-,-,-,-,2861.8000,2861.6000,2861.4000,2861.2000,2861.0000,2862.2000,2862.4000,2862.6000,2862.8000,2863.0000,3,3,2,5,3,2,2,3,10,2
SF,IH2006,2020-06-17 11:19:46.200,2862.2000,17685,0,9269325360.000,0,-,-,-,-,2861.8000,2861.6000,2861.4000,2861.2000,2861.0000,2862.2000,2862.4000,2862.6000,2862.8000,2863.0000,3,3,2,5,3,3,2,3,10,2
SF,IH2006,2020-06-17 11:19:46.700,2862.2000,17685,0,9269325360.000,0,-,-,-,-,2861.8000,2861.6000,2861.4000,2861.2000,2861.0000,2862.2000,2862.4000,2862.6000,2862.8000,2863.0000,3,3,2,5,3,6,2,3,10,2
SF,IH2006,2020-06-17 11:19:47.200,2862.2000,17685,0,9269325360.000,0,-,-,-,-,2862.0000,2861.8000,2861.6000,2861.4000,2861.2000,2862.2000,2862.4000,2862.6000,2862.8000,2863.0000,1,3,3,2,5,3,2,3,10,2
SF,IH2006,2020-06-17 11:19:47.700,2862.0000,17685,0,9270183960.000,1,0,1,空换,B,2861.8000,2861.6000,2861.4000,2861.2000,2861.0000,2862.2000,2862.4000,2862.6000,2862.8000,2863.0000,3,3,2,5,3,3,2,3,10,2
SF,IH2006,2020-06-17 11:19:48.200,2862.0000,17685,0,9270183960.000,0,-,-,-,-,2861.8000,2861.6000,2861.4000,2861.2000,2861.0000,2862.2000,2862.4000,2862.6000,2862.8000,2863.0000,3,3,2,5,3,3,2,3,10,2
SF,IH2006,2020-06-17 11:19:48.700,2862.0000,17685,0,9270183960.000,0,-,-,-,-,2861.8000,2861.6000,2861.4000,2861.2000,2861.0000,2862.2000,2862.4000,2862.6000,2862.8000,2863.0000,3,3,2,5,3,5,2,3,10,2
SF,IH2006,2020-06-17 11:19:49.200,2862.0000,17685,0,9270183960.000,0,-,-,-,-,2862.0000,2861.8000,2861.6000,2861.4000,2861.2000,2862.2000,2862.4000,2862.6000,2862.8000,2863.0000,1,3,3,2,5,9,2,3,10,2
SF,IH2006,2020-06-17 11:19:49.700,2862.0000,17685,0,9270183960.000,0,-,-,-,-,2862.0000,2861.8000,2861.6000,2861.4000,2861.2000,2862.2000,2862.4000,2862.6000,2862.8000,2863.0000,1,3,3,2,5,11,2,3,10,2
SF,IH2006,2020-06-17 11:19:50.200,2862.0000,17685,0,9270183960.000,0,-,-,-,-,2861.8000,2861.6000,2861.4000,2861.2000,2861.0000,2862.2000,2862.4000,2862.6000,2862.8000,2863.0000,3,2,2,5,3,15,2,3,10,2
SF,IH2006,2020-06-17 11:19:50.700,2861.8000,17685,0,9271901040.000,2,1,1,空换,B,2861.8000,2861.6000,2861.4000,2861.2000,2861.0000,2862.2000,2862.4000,2862.6000,2862.8000,2863.0000,1,2,2,5,3,15,2,3,10,2
SF,IH2006,2020-06-17 11:19:52.200,2861.8000,17685,0,9271901040.000,0,-,-,-,-,2861.8000,2861.6000,2861.4000,2861.2000,2861.0000,2862.0000,2862.2000,2862.4000,2862.6000,2862.8000,1,2,2,5,3,1,15,2,3,10
SF,IH2006,2020-06-17 11:19:52.700,2862.0000,17685,0,9272759640.000,1,0,1,空换,B,2861.8000,2861.6000,2861.4000,2861.2000,2861.0000,2862.2000,2862.4000,2862.6000,2862.8000,2863.0000,1,2,2,5,3,15,2,3,10,2
SF,IH2006,2020-06-17 11:19:53.700,2862.0000,17685,0,9272759640.000,0,-,-,-,-,2861.8000,2861.6000,2861.4000,2861.2000,2861.0000,2862.2000,2862.4000,2862.6000,2862.8000,2863.0000,1,2,2,5,3,23,2,3,10,2
SF,IH2006,2020-06-17 11:19:54.700,2862.0000,17685,0,9272759640.000,0,-,-,-,-,2861.8000,2861.6000,2861.4000,2861.2000,2861.0000,2862.2000,2862.4000,2862.6000,2862.8000,2863.0000,1,2,2,5,3,15,2,3,10,2
SF,IH2006,2020-06-17 11:19:55.700,2861.8000,17686,1,9273618180.000,1,1,0,双开,B,2861.6000,2861.4000,2861.2000,2861.0000,2860.4000,2862.2000,2862.4000,2862.6000,2862.8000,2863.0000,2,2,5,3,1,15,2,3,10,2
SF,IH2006,2020-06-17 11:19:56.200,2861.8000,17686,0,9273618180.000,0,-,-,-,-,2861.8000,2861.6000,2861.4000,2861.2000,2861.0000,2862.2000,2862.4000,2862.6000,2862.8000,2863.0000,1,2,2,5,3,15,2,3,10,2
SF,IH2006,2020-06-17 11:19:56.700,2861.8000,17686,0,9273618180.000,0,-,-,-,-,2862.0000,2861.8000,2861.6000,2861.4000,2861.2000,2862.2000,2862.4000,2862.6000,2862.8000,2863.0000,1,2,2,2,5,15,2,3,10,2
SF,IH2006,2020-06-17 11:19:57.700,2861.8000,17686,0,9273618180.000,0,-,-,-,-,2862.0000,2861.8000,2861.6000,2861.4000,2861.2000,2862.2000,2862.4000,2862.6000,2862.8000,2863.0000,1,2,2,2,5,15,2,3,10,2
SF,IH2006,2020-06-17 11:19:58.700,2861.8000,17686,0,9273618180.000,0,-,-,-,-,2862.0000,2861.8000,2861.6000,2861.4000,2861.0000,2862.2000,2862.4000,2862.6000,2862.8000,2863.0000,1,2,2,2,3,15,2,3,10,2
SF,IH2006,2020-06-17 11:19:59.200,2861.8000,17686,0,9273618180.000,0,-,-,-,-,2862.0000,2861.8000,2861.6000,2861.4000,2861.0000,2862.2000,2862.4000,2862.6000,2862.8000,2863.0000,1,2,2,2,3,14,2,3,10,2
SF,IH2006,2020-06-17 11:19:59.700,2862.2000,17683,-3,9277911480.000,5,1,4,空平,B,2862.0000,2861.8000,2861.6000,2861.4000,2861.0000,2862.2000,2862.4000,2862.6000,2862.8000,2863.0000,1,2,2,2,3,9,2,3,10,2
SF,IH2006,2020-06-17 11:20:02.700,2862.2000,17683,0,9277911480.000,0,-,-,-,-,2862.0000,2861.8000,2861.6000,2861.4000,2861.0000,2862.4000,2862.6000,2862.8000,2863.0000,2863.6000,1,2,2,2,3,2,3,10,2,4
SF,IH2006,2020-06-17 11:20:03.200,2861.8000,17685,2,9280487220.000,3,2,1,多开,B,2861.8000,2861.6000,2861.4000,2861.0000,2860.4000,2862.4000,2862.6000,2862.8000,2863.0000,2863.6000,1,2,2,3,1,3,3,10,2,4
SF,IH2006,2020-06-17 11:20:03.700,2861.0000,17683,-2,9285637860.000,6,2,4,空平,B,2861.0000,2860.4000,2860.2000,2860.0000,2859.2000,2862.2000,2862.4000,2862.6000,2862.8000,2863.0000,2,1,3,1,3,1,3,3,10,2
SF,IH2006,2020-06-17 11:20:04.200,2861.0000,17683,0,9285637860.000,0,-,-,-,-,2861.4000,2861.2000,2861.0000,2860.4000,2860.2000,2862.0000,2862.2000,2862.4000,2862.6000,2862.8000,4,6,2,1,3,2,1,2,3,10
SF,IH2006,2020-06-17 11:20:04.700,2861.0000,17683,0,9285637860.000,0,-,-,-,-,2861.6000,2861.4000,2861.2000,2861.0000,2860.4000,2862.2000,2862.4000,2862.6000,2862.8000,2863.0000,4,4,4,2,1,1,2,3,10,3
SF,IH2006,2020-06-17 11:20:06.200,2861.0000,17683,0,9285637860.000,0,-,-,-,-,2861.6000,2861.4000,2861.2000,2861.0000,2860.4000,2862.2000,2862.4000,2862.6000,2862.8000,2863.0000,4,3,4,2,1,1,2,3,10,3
SF,IH2006,2020-06-17 11:20:06.700,2861.0000,17683,0,9285637860.000,0,-,-,-,-,2862.0000,2861.6000,2861.4000,2861.2000,2861.0000,2862.2000,2862.4000,2862.6000,2862.8000,2863.0000,2,4,3,4,2,1,2,3,10,3
SF,IH2006,2020-06-17 11:20:07.200,2862.0000,17683,0,9287355060.000,2,1,1,空换,B,2861.6000,2861.4000,2861.2000,2861.0000,2860.4000,2862.2000,2862.4000,2862.6000,2862.8000,2863.0000,4,2,2,2,1,1,2,3,10,3
SF,IH2006,2020-06-17 11:20:07.700,2861.6000,17683,0,9288213540.000,1,0,1,空换,B,2861.6000,2861.4000,2861.2000,2861.0000,2860.4000,2862.0000,2862.2000,2862.4000,2862.6000,2862.8000,2,2,2,2,1,2,4,2,3,10
SF,IH2006,2020-06-17 11:20:08.200,2861.6000,17683,0,9288213540.000,0,-,-,-,-,2861.6000,2861.4000,2861.2000,2861.0000,2860.4000,2862.0000,2862.2000,2862.4000,2862.6000,2862.8000,2,2,2,2,1,3,4,2,3,10
SF,IH2006,2020-06-17 11:20:08.700,2862.0000,17683,0,9289072140.000,1,0,1,空换,B,2861.6000,2861.4000,2861.2000,2861.0000,2860.4000,2862.0000,2862.2000,2862.4000,2862.6000,2862.8000,1,2,2,2,1,2,4,2,3,10
SF,IH2006,2020-06-17 11:20:09.700,2862.0000,17683,0,9289072140.000,0,-,-,-,-,2861.6000,2861.4000,2861.2000,2861.0000,2860.4000,2861.8000,2862.0000,2862.2000,2862.4000,2862.6000,1,1,2,2,1,3,2,4,2,3
SF,IH2006,2020-06-17 11:20:10.200,2862.0000,17683,0,9289072140.000,0,-,-,-,-,2861.4000,2861.2000,2861.0000,2860.4000,2860.2000,2861.8000,2862.0000,2862.2000,2862.4000,2862.6000,1,2,2,1,3,3,2,5,2,3
SF,IH2006,2020-06-17 11:20:10.700,2862.0000,17683,0,9289072140.000,0,-,-,-,-,2861.6000,2861.2000,2861.0000,2860.4000,2860.2000,2861.8000,2862.0000,2862.2000,2862.4000,2862.6000,1,2,2,1,3,3,2,5,2,3
SF,IH2006,2020-06-17 11:20:12.200,2862.0000,17683,0,9289072140.000,0,-,-,-,-,2861.6000,2861.2000,2861.0000,2860.4000,2860.2000,2861.8000,2862.0000,2862.2000,2862.4000,2862.6000,1,2,2,1,3,3,2,2,2,3
SF,IH2006,2020-06-17 11:20:12.700,2861.8000,17684,1,9289930680.000,1,1,0,双开,B,2861.6000,2861.2000,2861.0000,2860.4000,2860.2000,2862.0000,2862.2000,2862.4000,2862.6000,2862.8000,1,2,2,1,3,2,2,2,3,10
SF,IH2006,2020-06-17 11:20:13.700,2861.8000,17684,0,9289930680.000,0,-,-,-,-,2861.6000,2861.4000,2861.2000,2861.0000,2860.4000,2862.0000,2862.2000,2862.4000,2862.6000,2862.8000,1,1,2,2,1,2,2,2,3,10
SF,IH2006,2020-06-17 11:20:14.700,2861.8000,17684,0,9289930680.000,0,-,-,-,-,2861.6000,2861.4000,2861.2000,2861.0000,2860.4000,2862.0000,2862.2000,2862.4000,2862.6000,2862.8000,2,1,1,2,1,1,2,2,3,10
SF,IH2006,2020-06-17 11:20:17.200,2861.8000,17684,0,9289930680.000,0,-,-,-,-,2861.6000,2861.4000,2861.2000,2861.0000,2860.4000,2862.0000,2862.2000,2862.4000,2862.6000,2862.8000,2,1,1,2,1,1,2,2,3,10
SF,IH2006,2020-06-17 11:20:17.700,2861.8000,17684,0,9289930680.000,0,-,-,-,-,2861.6000,2861.4000,2861.2000,2861.0000,2860.4000,2862.2000,2862.4000,2862.6000,2862.8000,2863.0000,2,1,1,2,1,2,2,3,10,2
SF,IH2006,2020-06-17 11:20:18.200,2861.8000,17684,0,9289930680.000,0,-,-,-,-,2861.6000,2861.4000,2861.2000,2861.0000,2860.4000,2862.2000,2862.4000,2862.6000,2862.8000,2863.0000,3,1,1,2,1,1,2,3,10,2
SF,IH2006,2020-06-17 11:20:20.700,2861.8000,17684,0,9289930680.000,0,-,-,-,-,2861.8000,2861.6000,2861.4000,2861.2000,2861.0000,2862.2000,2862.4000,2862.6000,2862.8000,2863.0000,1,3,1,1,2,1,2,3,10,2
SF,IH2006,2020-06-17 11:20:21.200,2861.8000,17684,0,9289930680.000,0,-,-,-,-,2861.8000,2861.6000,2861.4000,2861.2000,2861.0000,2862.0000,2862.2000,2862.4000,2862.6000,2862.8000,2,3,1,1,2,8,1,2,3,10
SF,IH2006,2020-06-17 11:20:21.700,2862.0000,17684,0,9290789280.000,1,0,1,空换,B,2861.8000,2861.6000,2861.4000,2861.2000,2861.0000,2862.2000,2862.4000,2862.6000,2862.8000,2863.0000,2,3,1,1,2,1,2,3,10,2
SF,IH2006,2020-06-17 11:20:23.200,2862.0000,17684,0,9290789280.000,0,-,-,-,-,2861.8000,2861.6000,2861.4000,2861.2000,2861.0000,2862.2000,2862.4000,2862.6000,2862.8000,2863.0000,2,3,1,1,2,1,2,3,10,2
SF,IH2006,2020-06-17 11:20:25.200,2862.0000,17684,0,9290789280.000,0,-,-,-,-,2861.8000,2861.6000,2861.4000,2861.2000,2861.0000,2862.4000,2862.6000,2862.8000,2863.0000,2863.6000,2,3,1,1,2,2,3,10,2,4
SF,IH2006,2020-06-17 11:20:25.700,2862.0000,17684,0,9290789280.000,0,-,-,-,-,2861.8000,2861.6000,2861.4000,2861.2000,2861.0000,2862.4000,2862.6000,2862.8000,2863.0000,2863.4000,2,3,1,1,2,2,3,10,2,1
SF,IH2006,2020-06-17 11:20:27.700,2862.0000,17684,0,9290789280.000,0,-,-,-,-,2861.8000,2861.6000,2861.4000,2861.2000,2861.0000,2862.4000,2862.6000,2862.8000,2863.0000,2863.4000,2,3,1,1,2,2,3,10,2,2
SF,IH2006,2020-06-17 11:20:28.200,2862.0000,17684,0,9290789280.000,0,-,-,-,-,2861.8000,2861.6000,2861.4000,2861.2000,2861.0000,2862.4000,2862.6000,2862.8000,2863.0000,2863.4000,2,3,1,1,2,2,3,10,2,1
SF,IH2006,2020-06-17 11:20:29.700,2862.0000,17684,0,9290789280.000,0,-,-,-,-,2861.8000,2861.6000,2861.4000,2861.2000,2861.0000,2862.4000,2862.6000,2862.8000,2863.0000,2863.4000,2,3,1,1,2,2,3,10,2,1
SF,IH2006,2020-06-17 11:20:30.200,2862.0000,17684,0,9290789280.000,0,-,-,-,-,2861.8000,2861.6000,2861.4000,2861.2000,2861.0000,2862.4000,2862.6000,2862.8000,2863.0000,2863.4000,2,3,1,2,2,2,3,10,2,1
SF,IH2006,2020-06-17 11:20:33.200,2862.0000,17684,0,9290789280.000,0,-,-,-,-,2861.8000,2861.6000,2861.4000,2861.2000,2861.0000,2862.0000,2862.4000,2862.6000,2862.8000,2863.0000,2,3,1,2,2,4,2,3,10,2
SF,IH2006,2020-06-17 11:20:33.700,2862.0000,17684,0,9291647880.000,1,0,1,空换,B,2861.8000,2861.6000,2861.4000,2861.2000,2861.0000,2862.0000,2862.4000,2862.6000,2862.8000,2863.0000,2,3,1,2,2,3,2,3,10,2
SF,IH2006,2020-06-17 11:20:34.200,2862.0000,17681,-3,9294223680.000,3,0,3,双平,B,2861.8000,2861.6000,2861.4000,2861.2000,2861.0000,2862.4000,2862.6000,2862.8000,2863.0000,2863.4000,2,2,1,1,2,2,3,10,2,1
SF,IH2006,2020-06-17 11:20:35.200,2862.0000,17681,0,9294223680.000,0,-,-,-,-,2861.8000,2861.6000,2861.4000,2861.2000,2861.0000,2862.4000,2862.6000,2862.8000,2863.0000,2863.4000,2,2,1,1,2,2,2,10,2,1
SF,IH2006,2020-06-17 11:20:35.700,2862.0000,17681,0,9294223680.000,0,-,-,-,-,2861.8000,2861.6000,2861.4000,2861.2000,2861.0000,2862.4000,2862.6000,2862.8000,2863.0000,2863.4000,2,2,1,1,2,5,2,10,2,1
SF,IH2006,2020-06-17 11:20:36.200,2862.0000,17681,0,9294223680.000,0,-,-,-,-,2861.8000,2861.6000,2861.4000,2861.2000,2861.0000,2862.2000,2862.4000,2862.6000,2862.8000,2863.0000,2,2,1,1,2,1,5,2,10,2
SF,IH2006,2020-06-17 11:20:36.700,2862.0000,17681,0,9294223680.000,0,-,-,-,-,2861.8000,2861.6000,2861.4000,2861.2000,2861.0000,2862.2000,2862.4000,2862.6000,2862.8000,2863.0000,1,2,1,1,2,1,5,2,10,2
SF,IH2006,2020-06-17 11:20:37.200,2862.0000,17681,0,9294223680.000,0,-,-,-,-,2861.8000,2861.6000,2861.4000,2861.2000,2861.0000,2862.2000,2862.4000,2862.6000,2862.8000,2863.0000,1,2,1,1,2,2,6,2,10,2
SF,IH2006,2020-06-17 11:20:37.700,2862.0000,17681,0,9294223680.000,0,-,-,-,-,2861.8000,2861.6000,2861.4000,2861.2000,2861.0000,2862.2000,2862.4000,2862.6000,2862.8000,2863.0000,1,2,1,1,2,4,6,2,10,2
SF,IH2006,2020-06-17 11:20:38.700,2861.8000,17682,1,9295082220.000,1,1,0,双开,B,2861.6000,2861.4000,2861.2000,2861.0000,2860.2000,2861.8000,2862.2000,2862.4000,2862.6000,2862.8000,2,1,1,2,3,2,4,6,2,10
SF,IH2006,2020-06-17 11:20:39.200,2861.8000,17682,0,9295082220.000,0,-,-,-,-,2861.6000,2861.2000,2861.0000,2860.2000,2859.2000,2861.8000,2862.0000,2862.2000,2862.4000,2862.6000,1,1,2,3,3,2,1,4,6,2
SF,IH2006,2020-06-17 11:20:40.700,2862.0000,17685,3,9297657900.000,3,3,0,双开,B,2862.0000,2861.6000,2861.2000,2861.0000,2860.2000,2862.2000,2862.4000,2862.6000,2862.8000,2863.0000,2,1,1,2,3,4,6,2,10,2
SF,IH2006,2020-06-17 11:20:41.200,2862.0000,17686,1,9299375100.000,2,1,1,多开,B,2861.6000,2861.2000,2861.0000,2860.2000,2859.2000,2862.2000,2862.4000,2862.6000,2862.8000,2863.0000,1,1,2,3,3,3,6,2,10,2
SF,IH2006,2020-06-17 11:20:41.700,2862.0000,17686,0,9299375100.000,0,-,-,-,-,2861.6000,2861.4000,2861.2000,2861.0000,2860.2000,2862.2000,2862.4000,2862.6000,2862.8000,2863.0000,1,1,1,2,3,3,6,2,10,2
SF,IH2006,2020-06-17 11:20:42.200,2862.0000,17686,0,9299375100.000,0,-,-,-,-,2861.6000,2861.4000,2861.2000,2861.0000,2860.2000,2862.2000,2862.4000,2862.6000,2862.8000,2863.0000,2,1,1,2,3,3,6,2,10,2
SF,IH2006,2020-06-17 11:20:42.700,2862.0000,17686,0,9299375100.000,0,-,-,-,-,2861.6000,2861.4000,2861.2000,2861.0000,2860.2000,2862.0000,2862.2000,2862.4000,2862.6000,2862.8000,2,1,1,2,3,1,3,6,2,10
SF,IH2006,2020-06-17 11:20:44.700,2862.0000,17686,0,9299375100.000,0,-,-,-,-,2861.8000,2861.6000,2861.4000,2861.2000,2861.0000,2862.0000,2862.2000,2862.4000,2862.6000,2862.8000,1,2,1,1,2,1,3,6,2,10
SF,IH2006,2020-06-17 11:20:45.200,2862.0000,17686,0,9300233700.000,1,0,1,空换,B,2862.0000,2861.8000,2861.6000,2861.4000,2861.2000,2862.2000,2862.4000,2862.6000,2862.8000,2863.0000,1,2,2,1,1,1,6,2,10,2
SF,IH2006,2020-06-17 11:20:45.700,2862.0000,17686,0,9300233700.000,0,-,-,-,-,2861.8000,2861.6000,2861.4000,2861.2000,2861.0000,2862.2000,2862.4000,2862.6000,2862.8000,2863.0000,2,2,1,1,2,1,6,2,10,2
SF,IH2006,2020-06-17 11:20:46.700,2862.0000,17686,0,9300233700.000,0,-,-,-,-,2861.8000,2861.6000,2861.4000,2861.2000,2861.0000,2862.2000,2862.4000,2862.6000,2862.8000,2863.0000,2,2,1,1,1,1,6,2,10,2
SF,IH2006,2020-06-17 11:20:47.200,2862.0000,17686,0,9300233700.000,0,-,-,-,-,2861.8000,2861.6000,2861.4000,2861.2000,2860.2000,2862.2000,2862.4000,2862.6000,2862.8000,2863.0000,3,2,1,1,3,1,6,2,10,2
SF,IH2006,2020-06-17 11:20:47.700,2862.0000,17686,0,9300233700.000,0,-,-,-,-,2861.8000,2861.6000,2861.4000,2861.2000,2860.2000,2862.2000,2862.4000,2862.6000,2862.8000,2863.0000,2,2,1,1,3,1,6,2,10,2
SF,IH2006,2020-06-17 11:20:48.200,2862.0000,17686,0,9300233700.000,0,-,-,-,-,2861.8000,2861.6000,2861.4000,2861.2000,2860.2000,2862.2000,2862.4000,2862.6000,2862.8000,2863.0000,1,2,1,1,3,1,6,2,10,2
SF,IH2006,2020-06-17 11:20:50.200,2861.8000,17686,0,9301092240.000,1,0,1,空换,B,2861.6000,2861.4000,2861.2000,2861.0000,2860.2000,2862.2000,2862.4000,2862.6000,2862.8000,2863.0000,2,1,1,1,3,1,6,2,10,2
SF,IH2006,2020-06-17 11:20:51.200,2861.8000,17686,0,9301092240.000,0,-,-,-,-,2861.6000,2861.4000,2861.2000,2861.0000,2860.2000,2862.2000,2862.4000,2862.6000,2862.8000,2863.0000,2,1,1,1,3,1,6,2,5,2
SF,IH2006,2020-06-17 11:20:53.200,2861.8000,17686,0,9301092240.000,0,-,-,-,-,2861.8000,2861.6000,2861.4000,2861.2000,2861.0000,2862.2000,2862.4000,2862.6000,2862.8000,2863.0000,5,2,1,1,1,2,6,2,5,2
SF,IH2006,2020-06-17 11:20:57.200,2861.8000,17686,0,9301950780.000,1,0,1,空换,B,2861.8000,2861.6000,2861.4000,2861.2000,2861.0000,2862.2000,2862.4000,2862.6000,2862.8000,2863.0000,4,2,1,1,1,2,6,2,5,2
SF,IH2006,2020-06-17 11:20:57.700,2861.8000,17686,0,9301950780.000,0,-,-,-,-,2861.8000,2861.6000,2861.4000,2861.2000,2861.0000,2862.2000,2862.4000,2862.6000,2862.8000,2863.0000,6,2,1,1,1,2,6,2,5,2
SF,IH2006,2020-06-17 11:20:59.200,2861.8000,17686,0,9302809320.000,1,0,1,空换,B,2861.8000,2861.6000,2861.4000,2861.2000,2861.0000,2862.2000,2862.4000,2862.6000,2862.8000,2863.0000,5,2,1,1,1,2,6,2,5,2
SF,IH2006,2020-06-17 11:20:59.700,2862.2000,17685,-1,9304526640.000,2,0,2,空平,B,2862.2000,2861.8000,2861.6000,2861.4000,2861.2000,2862.4000,2862.6000,2862.8000,2863.0000,2863.2000,2,7,1,1,1,6,2,5,2,1
SF,IH2006,2020-06-17 11:21:00.200,2862.4000,17686,1,9307961520.000,4,2,2,多开,B,2862.4000,2861.8000,2861.6000,2861.4000,2861.2000,2862.6000,2862.8000,2863.0000,2863.2000,2863.4000,2,7,1,1,1,2,5,2,1,1
SF,IH2006,2020-06-17 11:21:00.700,2862.4000,17685,-1,9310537740.000,3,1,2,空平,B,2861.8000,2861.6000,2861.4000,2861.2000,2861.0000,2862.6000,2862.8000,2863.0000,2863.2000,2863.4000,7,1,1,1,1,1,5,2,1,1
SF,IH2006,2020-06-17 11:21:01.200,2862.6000,17684,-1,9311396520.000,1,0,1,双平,B,2862.4000,2862.2000,2862.0000,2861.8000,2861.6000,2862.8000,2863.0000,2863.4000,2863.6000,2863.8000,15,6,7,10,1,5,2,1,4,2
SF,IH2006,2020-06-17 11:21:01.700,2862.8000,17684,0,9316549560.000,6,3,3,空换,B,2862.8000,2862.6000,2862.4000,2862.2000,2862.0000,2863.0000,2863.4000,2863.6000,2863.8000,2864.4000,7,4,1,2,4,2,1,4,2,4
SF,IH2006,2020-06-17 11:21:02.200,2862.8000,17681,-3,9322561560.000,7,2,5,空平,B,2862.6000,2862.4000,2862.0000,2861.8000,2861.6000,2862.8000,2863.4000,2863.6000,2863.8000,2864.4000,2,1,3,10,1,1,1,4,3,4
SF,IH2006,2020-06-17 11:21:02.700,2862.8000,17681,0,9324279240.000,2,1,1,空换,B,2862.8000,2862.6000,2862.4000,2862.0000,2861.8000,2863.6000,2863.8000,2864.4000,2864.8000,2865.0000,2,1,1,3,10,4,3,4,1,4
SF,IH2006,2020-06-17 11:21:03.200,2862.8000,17681,0,9324279240.000,0,-,-,-,-,2862.4000,2862.0000,2861.8000,2861.6000,2861.4000,2863.4000,2863.6000,2863.8000,2864.4000,2864.8000,1,2,10,1,1,9,5,3,4,1
SF,IH2006,2020-06-17 11:21:03.700,2862.8000,17681,0,9324279240.000,0,-,-,-,-,2862.6000,2862.4000,2862.0000,2861.8000,2861.6000,2863.2000,2863.4000,2863.6000,2863.8000,2864.4000,1,1,2,10,1,4,7,5,2,4
SF,IH2006,2020-06-17 11:21:04.200,2862.8000,17681,0,9324279240.000,0,-,-,-,-,2862.6000,2862.4000,2862.0000,2861.8000,2861.6000,2863.0000,2863.2000,2863.4000,2863.6000,2863.8000,1,1,1,10,1,2,4,7,5,2
SF,IH2006,2020-06-17 11:21:04.700,2862.8000,17681,0,9324279240.000,0,-,-,-,-,2862.6000,2862.4000,2862.0000,2861.8000,2861.6000,2863.0000,2863.2000,2863.4000,2863.6000,2863.8000,1,1,1,10,1,4,4,4,5,2
SF,IH2006,2020-06-17 11:21:05.700,2862.8000,17681,0,9324279240.000,0,-,-,-,-,2862.6000,2862.4000,2862.0000,2861.8000,2861.6000,2863.0000,2863.2000,2863.4000,2863.6000,2863.8000,1,1,2,10,1,4,4,4,5,2
SF,IH2006,2020-06-17 11:21:07.200,2863.0000,17680,-1,9325138140.000,1,0,1,双平,B,2862.4000,2862.0000,2861.8000,2861.6000,2861.4000,2863.0000,2863.2000,2863.4000,2863.6000,2863.8000,1,2,10,1,1,3,4,4,5,2
SF,IH2006,2020-06-17 11:21:07.700,2863.0000,17680,0,9325138140.000,0,-,-,-,-,2862.4000,2862.0000,2861.8000,2861.6000,2861.4000,2862.8000,2863.0000,2863.2000,2863.4000,2863.6000,1,2,10,1,1,1,3,4,4,5
SF,IH2006,2020-06-17 11:21:08.200,2863.0000,17680,0,9325997040.000,1,0,1,空换,B,2862.0000,2861.8000,2861.6000,2861.4000,2861.2000,2863.0000,2863.2000,2863.4000,2863.6000,2863.8000,2,10,1,1,1,3,3,3,5,2
SF,IH2006,2020-06-17 11:21:08.700,2862.6000,17679,-1,9326855820.000,1,0,1,双平,B,2862.6000,2862.2000,2862.0000,2861.8000,2861.6000,2863.0000,2863.2000,2863.4000,2863.6000,2863.8000,1,8,2,10,1,4,2,2,5,2
SF,IH2006,2020-06-17 11:21:09.200,2862.6000,17679,0,9326855820.000,0,-,-,-,-,2862.2000,2862.0000,2861.8000,2861.6000,2861.4000,2863.0000,2863.2000,2863.4000,2863.6000,2863.8000,3,2,10,1,1,3,2,2,5,2
SF,IH2006,2020-06-17 11:21:09.700,2862.6000,17679,0,9326855820.000,0,-,-,-,-,2862.8000,2862.4000,2862.2000,2862.0000,2861.8000,2863.0000,2863.2000,2863.4000,2863.6000,2863.8000,1,3,3,2,10,3,2,2,5,7
SF,IH2006,2020-06-17 11:21:10.200,2862.6000,17679,0,9326855820.000,0,-,-,-,-,2862.4000,2862.2000,2862.0000,2861.8000,2861.6000,2863.0000,2863.2000,2863.4000,2863.6000,2863.8000,3,3,2,10,1,2,2,2,5,7
SF,IH2006,2020-06-17 11:21:10.700,2862.6000,17679,0,9326855820.000,0,-,-,-,-,2862.8000,2862.6000,2862.4000,2862.2000,2862.0000,2863.0000,2863.2000,2863.4000,2863.6000,2863.8000,1,2,4,1,2,2,2,2,5,7
SF,IH2006,2020-06-17 11:21:11.200,2862.6000,17679,0,9326855820.000,0,-,-,-,-,2862.6000,2862.4000,2862.2000,2862.0000,2861.8000,2863.0000,2863.2000,2863.4000,2863.6000,2863.8000,2,4,1,2,10,2,2,2,5,7
SF,IH2006,2020-06-17 11:21:11.700,2862.6000,17679,0,9326855820.000,0,-,-,-,-,2862.6000,2862.4000,2862.2000,2862.0000,2861.8000,2863.0000,2863.2000,2863.4000,2863.6000,2863.8000,3,4,1,2,10,2,2,2,5,7
SF,IH2006,2020-06-17 11:21:12.700,2862.6000,17679,0,9326855820.000,0,-,-,-,-,2862.8000,2862.6000,2862.4000,2862.0000,2861.8000,2863.0000,2863.2000,2863.4000,2863.6000,2863.8000,1,2,4,2,10,2,2,2,5,7
SF,IH2006,2020-06-17 11:21:15.700,2862.6000,17679,0,9326855820.000,0,-,-,-,-,2862.8000,2862.6000,2862.4000,2862.0000,2861.8000,2863.0000,2863.2000,2863.4000,2863.6000,2863.8000,2,2,4,2,10,2,2,2,5,7
SF,IH2006,2020-06-17 11:21:16.200,2862.8000,17678,-1,9328573500.000,2,0,2,空平,B,2862.6000,2862.4000,2862.0000,2861.8000,2861.6000,2863.0000,2863.2000,2863.4000,2863.6000,2863.8000,1,4,2,10,1,3,2,2,5,7
SF,IH2006,2020-06-17 11:21:16.700,2862.8000,17678,0,9328573500.000,0,-,-,-,-,2862.6000,2862.4000,2862.0000,2861.8000,2861.6000,2863.0000,2863.2000,2863.4000,2863.6000,2863.8000,1,2,2,10,1,4,2,2,5,7
SF,IH2006,2020-06-17 11:21:18.700,2862.8000,17678,0,9328573500.000,0,-,-,-,-,2862.6000,2862.4000,2862.0000,2861.8000,2861.6000,2862.8000,2863.0000,2863.2000,2863.4000,2863.6000,1,2,2,10,1,1,4,2,2,5
SF,IH2006,2020-06-17 11:21:19.200,2862.6000,17677,-1,9329432280.000,1,0,1,双平,B,2862.4000,2862.0000,2861.8000,2861.6000,2861.2000,2862.8000,2863.0000,2863.2000,2863.4000,2863.6000,1,2,10,1,1,1,4,2,2,5
SF,IH2006,2020-06-17 11:21:19.700,2862.6000,17677,0,9329432280.000,0,-,-,-,-,2862.4000,2862.0000,2861.8000,2861.6000,2861.2000,2862.8000,2863.0000,2863.2000,2863.4000,2863.6000,1,2,10,1,1,1,4,2,2,5
SF,IH2006,2020-06-17 11:21:21.200,2862.6000,17677,0,9329432280.000,0,-,-,-,-,2862.0000,2861.8000,2861.6000,2861.2000,2861.0000,2862.8000,2863.0000,2863.2000,2863.4000,2863.6000,2,10,1,1,1,1,4,2,2,5
SF,IH2006,2020-06-17 11:21:21.700,2862.6000,17677,0,9329432280.000,0,-,-,-,-,2862.6000,2862.4000,2862.2000,2862.0000,2861.8000,2862.8000,2863.0000,2863.2000,2863.4000,2863.6000,2,1,2,3,10,2,4,2,1,5
SF,IH2006,2020-06-17 11:21:22.200,2862.6000,17677,0,9329432280.000,0,-,-,-,-,2862.4000,2862.2000,2862.0000,2861.8000,2861.6000,2862.8000,2863.0000,2863.2000,2863.4000,2863.6000,1,2,3,10,1,1,4,2,1,5
SF,IH2006,2020-06-17 11:21:24.700,2862.6000,17677,0,9329432280.000,0,-,-,-,-,2862.4000,2862.2000,2862.0000,2861.8000,2861.6000,2862.8000,2863.0000,2863.2000,2863.4000,2863.6000,2,2,3,10,1,1,4,2,1,5
SF,IH2006,2020-06-17 11:21:25.700,2862.6000,17677,0,9329432280.000,0,-,-,-,-,2862.4000,2862.2000,2862.0000,2861.8000,2861.6000,2862.8000,2863.0000,2863.2000,2863.4000,2863.6000,2,2,3,10,1,1,4,2,1,5
SF,IH2006,2020-06-17 11:21:26.200,2862.6000,17677,0,9329432280.000,0,-,-,-,-,2862.4000,2862.2000,2862.0000,2861.8000,2861.6000,2862.8000,2863.0000,2863.2000,2863.4000,2863.6000,3,2,2,10,1,1,4,2,1,5
SF,IH2006,2020-06-17 11:21:26.700,2862.6000,17677,0,9329432280.000,0,-,-,-,-,2862.6000,2862.4000,2862.2000,2862.0000,2861.8000,2862.8000,2863.0000,2863.2000,2863.4000,2863.6000,5,3,1,2,10,1,4,2,1,5
SF,IH2006,2020-06-17 11:21:27.200,2862.6000,17677,0,9329432280.000,0,-,-,-,-,2862.6000,2862.4000,2862.0000,2861.8000,2861.6000,2862.8000,2863.0000,2863.2000,2863.4000,2863.6000,5,3,2,10,1,1,4,2,1,5
SF,IH2006,2020-06-17 11:21:28.700,2862.8000,17677,0,9330291120.000,1,0,1,空换,B,2862.8000,2862.6000,2862.4000,2862.0000,2861.8000,2863.0000,2863.2000,2863.4000,2863.6000,2863.8000,1,5,3,2,10,4,3,1,5,7
SF,IH2006,2020-06-17 11:21:29.200,2862.8000,17677,0,9330291120.000,0,-,-,-,-,2862.8000,2862.6000,2862.4000,2862.0000,2861.8000,2863.2000,2863.4000,2863.6000,2863.8000,2864.4000,1,5,3,2,11,3,1,5,7,4
SF,IH2006,2020-06-17 11:21:29.700,2862.8000,17677,0,9330291120.000,0,-,-,-,-,2862.8000,2862.6000,2862.4000,2862.0000,2861.8000,2863.2000,2863.4000,2863.6000,2863.8000,2864.4000,1,5,3,2,11,1,1,5,7,4
SF,IH2006,2020-06-17 11:21:30.200,2862.8000,17677,0,9330291120.000,0,-,-,-,-,2862.8000,2862.6000,2862.4000,2862.0000,2861.8000,2863.2000,2863.4000,2863.6000,2863.8000,2864.4000,1,5,3,2,11,1,1,5,7,4
SF,IH2006,2020-06-17 11:21:31.200,2862.8000,17677,0,9330291120.000,0,-,-,-,-,2862.8000,2862.6000,2862.4000,2862.0000,2861.8000,2863.2000,2863.4000,2863.6000,2863.8000,2864.4000,1,5,3,2,11,1,1,5,7,4
SF,IH2006,2020-06-17 11:21:32.200,2862.8000,17677,0,9330291120.000,0,-,-,-,-,2862.8000,2862.6000,2862.4000,2862.0000,2861.8000,2863.0000,2863.2000,2863.4000,2863.6000,2863.8000,1,5,3,2,11,1,1,1,5,7
SF,IH2006,2020-06-17 11:21:32.700,2862.8000,17677,0,9330291120.000,0,-,-,-,-,2862.8000,2862.6000,2862.4000,2862.0000,2861.8000,2863.0000,2863.2000,2863.4000,2863.6000,2863.8000,1,5,3,2,11,1,1,1,5,8
SF,IH2006,2020-06-17 11:21:33.700,2862.8000,17677,0,9330291120.000,0,-,-,-,-,2862.8000,2862.6000,2862.4000,2862.0000,2861.8000,2863.0000,2863.2000,2863.4000,2863.6000,2863.8000,2,5,3,2,11,1,1,1,5,8
SF,IH2006,2020-06-17 11:21:34.200,2862.8000,17677,0,9330291120.000,0,-,-,-,-,2862.8000,2862.6000,2862.4000,2862.0000,2861.8000,2863.0000,2863.2000,2863.4000,2863.6000,2863.8000,2,5,3,2,11,1,1,1,5,8
SF,IH2006,2020-06-17 11:21:34.700,2862.8000,17677,0,9330291120.000,0,-,-,-,-,2862.8000,2862.6000,2862.4000,2862.0000,2861.8000,2863.0000,2863.2000,2863.4000,2863.6000,2863.8000,1,5,3,2,11,1,1,1,5,8
SF,IH2006,2020-06-17 11:21:37.700,2863.2000,17675,-2,9332008980.000,2,0,2,双平,B,2862.8000,2862.6000,2862.4000,2862.0000,2861.8000,2863.4000,2863.6000,2863.8000,2864.4000,2864.8000,1,5,3,2,11,1,5,8,3,1
SF,IH2006,2020-06-17 11:21:38.200,2863.2000,17675,0,9332008980.000,0,-,-,-,-,2862.8000,2862.6000,2862.4000,2862.0000,2861.8000,2863.4000,2863.6000,2863.8000,2864.4000,2864.8000,1,5,3,2,11,2,5,8,3,1
SF,IH2006,2020-06-17 11:21:39.700,2862.8000,17675,0,9332867820.000,1,0,1,空换,B,2862.8000,2862.6000,2862.4000,2862.0000,2861.8000,2863.4000,2863.6000,2863.8000,2864.4000,2864.8000,1,5,3,2,11,2,5,8,3,1
SF,IH2006,2020-06-17 11:21:40.200,2863.2000,17674,-1,9333726780.000,1,0,1,双平,B,2862.8000,2862.6000,2862.4000,2862.0000,2861.8000,2863.4000,2863.6000,2863.8000,2864.4000,2864.8000,1,5,3,2,11,2,5,8,3,1
SF,IH2006,2020-06-17 11:21:41.700,2863.2000,17674,0,9333726780.000,0,-,-,-,-,2862.8000,2862.6000,2862.4000,2862.0000,2861.8000,2863.4000,2863.6000,2863.8000,2864.4000,2864.8000,1,5,2,2,11,2,5,8,3,1
SF,IH2006,2020-06-17 11:21:42.200,2863.2000,17674,0,9333726780.000,0,-,-,-,-,2862.8000,2862.6000,2862.4000,2862.0000,2861.8000,2863.4000,2863.6000,2863.8000,2864.4000,2864.8000,2,5,2,2,11,2,5,8,3,1
SF,IH2006,2020-06-17 11:21:42.700,2863.2000,17674,0,9333726780.000,0,-,-,-,-,2863.2000,2863.0000,2862.8000,2862.6000,2862.4000,2863.4000,2863.6000,2863.8000,2864.4000,2864.8000,5,1,2,5,2,2,5,8,3,1
SF,IH2006,2020-06-17 11:21:43.200,2863.4000,17675,1,9336303840.000,3,2,1,多开,B,2863.4000,2863.0000,2862.8000,2862.6000,2862.4000,2863.6000,2863.8000,2864.4000,2864.8000,2865.0000,6,1,2,5,2,5,8,3,1,4
SF,IH2006,2020-06-17 11:21:43.700,2863.6000,17674,-1,9343176480.000,8,3,5,空平,B,2863.6000,2863.4000,2863.0000,2862.8000,2862.6000,2863.8000,2864.4000,2864.6000,2864.8000,2865.0000,4,5,1,2,5,8,3,1,1,4
SF,IH2006,2020-06-17 11:21:44.200,2863.8000,17670,-4,9352627020.000,11,3,8,空平,B,2863.6000,2863.4000,2863.0000,2862.8000,2862.6000,2864.4000,2864.6000,2864.8000,2865.0000,2865.2000,2,5,1,2,5,3,1,1,4,1
SF,IH2006,2020-06-17 11:21:44.700,2863.8000,17670,0,9352627020.000,0,-,-,-,-,2863.6000,2863.4000,2862.8000,2862.6000,2862.4000,2864.2000,2864.4000,2864.6000,2864.8000,2865.0000,1,3,2,5,2,8,12,1,1,4
SF,IH2006,2020-06-17 11:21:45.200,2863.6000,17671,1,9353486100.000,1,1,0,双开,B,2863.4000,2862.8000,2862.6000,2862.4000,2862.0000,2863.6000,2863.8000,2864.0000,2864.2000,2864.4000,2,2,5,2,2,8,6,2,8,10
SF,IH2006,2020-06-17 11:21:45.700,2863.4000,17670,-1,9354345120.000,1,0,1,双平,B,2863.4000,2862.8000,2862.6000,2862.4000,2862.0000,2863.6000,2864.0000,2864.2000,2864.4000,2864.8000,1,2,5,2,2,2,2,9,10,1
SF,IH2006,2020-06-17 11:21:46.200,2863.4000,17669,-1,9355204140.000,1,0,1,双平,B,2863.0000,2862.8000,2862.6000,2862.4000,2862.0000,2863.2000,2863.4000,2863.6000,2864.0000,2864.2000,1,2,5,2,2,1,1,2,2,8
SF,IH2006,2020-06-17 11:21:46.700,2863.4000,17669,0,9356922120.000,2,1,1,空换,B,2863.4000,2863.2000,2863.0000,2862.8000,2862.6000,2863.6000,2864.0000,2864.2000,2864.4000,2864.8000,10,1,1,2,5,2,1,8,10,1
SF,IH2006,2020-06-17 11:21:47.200,2863.4000,17669,0,9356922120.000,0,-,-,-,-,2863.4000,2863.2000,2863.0000,2862.8000,2862.6000,2863.6000,2864.0000,2864.2000,2864.4000,2864.6000,10,1,1,2,5,2,1,8,10,1
SF,IH2006,2020-06-17 11:21:48.700,2863.4000,17669,0,9356922120.000,0,-,-,-,-,2863.4000,2863.2000,2863.0000,2862.8000,2862.6000,2863.6000,2864.0000,2864.2000,2864.4000,2864.6000,10,1,1,2,5,2,1,7,10,1
SF,IH2006,2020-06-17 11:21:50.200,2863.4000,17669,0,9356922120.000,0,-,-,-,-,2863.4000,2863.0000,2862.8000,2862.6000,2862.4000,2863.6000,2864.0000,2864.2000,2864.4000,2864.6000,10,1,2,5,2,2,1,7,10,1
SF,IH2006,2020-06-17 11:21:50.700,2863.4000,17669,0,9356922120.000,0,-,-,-,-,2863.4000,2863.0000,2862.8000,2862.6000,2862.4000,2863.6000,2864.0000,2864.2000,2864.4000,2864.8000,10,1,2,5,2,2,1,6,10,1
SF,IH2006,2020-06-17 11:21:51.700,2863.6000,17670,1,9357781200.000,1,1,0,双开,B,2863.4000,2863.0000,2862.8000,2862.6000,2862.4000,2863.6000,2864.0000,2864.2000,2864.4000,2864.8000,10,1,2,5,2,1,1,6,2,1
SF,IH2006,2020-06-17 11:21:52.200,2863.6000,17670,0,9358640280.000,1,0,1,空换,B,2863.6000,2863.4000,2863.0000,2862.8000,2862.6000,2864.0000,2864.2000,2864.4000,2864.8000,2865.0000,3,10,1,2,5,1,6,2,1,4
SF,IH2006,2020-06-17 11:21:52.700,2863.6000,17670,0,9358640280.000,0,-,-,-,-,2863.6000,2863.4000,2863.0000,2862.8000,2862.6000,2864.0000,2864.2000,2864.4000,2864.8000,2865.0000,1,11,1,2,5,1,4,2,1,4
SF,IH2006,2020-06-17 11:21:53.200,2863.6000,17670,0,9358640280.000,0,-,-,-,-,2863.6000,2863.4000,2863.0000,2862.8000,2862.6000,2864.0000,2864.2000,2864.4000,2865.0000,2865.2000,1,11,1,2,5,1,4,2,4,1
SF,IH2006,2020-06-17 11:21:53.700,2863.6000,17669,-1,9359499360.000,1,0,1,双平,B,2863.4000,2863.0000,2862.8000,2862.6000,2862.4000,2864.2000,2864.4000,2865.0000,2865.2000,2865.4000,11,1,3,5,2,4,2,4,1,1
SF,IH2006,2020-06-17 11:21:54.200,2864.0000,17668,-1,9360358560.000,1,0,1,双平,B,2864.0000,2863.8000,2863.4000,2863.0000,2862.8000,2864.2000,2864.4000,2865.0000,2865.2000,2865.4000,3,10,2,1,3,5,2,4,2,1
SF,IH2006,2020-06-17 11:21:54.700,2863.8000,17668,0,9367232280.000,8,4,4,空换,B,2863.8000,2863.6000,2863.4000,2863.0000,2862.8000,2864.2000,2864.4000,2865.0000,2865.2000,2865.4000,9,1,2,1,3,1,2,4,2,1
SF,IH2006,2020-06-17 11:21:55.200,2863.8000,17668,0,9367232280.000,0,-,-,-,-,2863.8000,2863.6000,2863.4000,2863.0000,2862.8000,2864.0000,2864.2000,2864.4000,2865.0000,2865.2000,9,1,2,1,3,1,1,2,4,2
SF,IH2006,2020-06-17 11:21:55.700,2864.0000,17667,-1,9368091480.000,1,0,1,双平,B,2864.0000,2863.8000,2863.6000,2863.4000,2863.0000,2864.4000,2865.0000,2865.2000,2865.4000,2865.6000,4,9,1,2,1,2,4,2,1,2
SF,IH2006,2020-06-17 11:21:56.200,2863.8000,17666,-1,9368950620.000,1,0,1,双平,B,2863.8000,2863.4000,2863.0000,2862.8000,2862.6000,2864.0000,2864.4000,2865.0000,2865.2000,2865.4000,8,2,1,3,5,1,2,4,2,1
SF,IH2006,2020-06-17 11:21:56.700,2863.8000,17666,0,9369809760.000,1,0,1,空换,B,2863.8000,2863.4000,2863.0000,2862.8000,2862.6000,2864.0000,2864.4000,2865.0000,2865.2000,2865.4000,7,2,1,3,5,1,2,4,2,1
SF,IH2006,2020-06-17 11:21:57.200,2864.0000,17666,0,9370668960.000,1,0,1,空换,B,2864.0000,2863.8000,2863.4000,2863.0000,2862.8000,2864.4000,2865.0000,2865.2000,2865.4000,2865.6000,1,7,2,1,3,2,4,2,1,2
SF,IH2006,2020-06-17 11:21:57.700,2864.0000,17666,0,9370668960.000,0,-,-,-,-,2864.0000,2863.8000,2863.4000,2863.0000,2862.8000,2864.2000,2864.4000,2865.0000,2865.2000,2865.4000,1,8,2,1,3,1,3,4,2,1
SF,IH2006,2020-06-17 11:21:58.200,2864.0000,17666,0,9370668960.000,0,-,-,-,-,2864.0000,2863.8000,2863.4000,2863.0000,2862.8000,2864.2000,2864.4000,2865.0000,2865.2000,2865.4000,1,8,2,1,3,3,3,4,2,1
SF,IH2006,2020-06-17 11:21:58.700,2864.0000,17666,0,9370668960.000,0,-,-,-,-,2864.0000,2863.8000,2863.4000,2863.0000,2862.8000,2864.2000,2864.4000,2865.0000,2865.2000,2865.4000,2,8,2,1,3,3,3,4,2,1
SF,IH2006,2020-06-17 11:22:00.200,2864.0000,17666,0,9370668960.000,0,-,-,-,-,2864.0000,2863.8000,2863.4000,2863.0000,2862.8000,2864.2000,2864.4000,2865.0000,2865.2000,2865.4000,2,8,2,1,3,1,3,3,2,1
SF,IH2006,2020-06-17 11:22:00.700,2864.0000,17665,-1,9372387360.000,2,0,2,空平,B,2863.8000,2863.4000,2863.0000,2862.8000,2862.6000,2864.2000,2864.4000,2865.0000,2865.2000,2865.4000,8,2,1,3,5,1,3,3,2,1
SF,IH2006,2020-06-17 11:22:01.200,2864.0000,17665,0,9372387360.000,0,-,-,-,-,2863.8000,2863.4000,2863.0000,2862.8000,2862.6000,2864.0000,2864.2000,2864.4000,2865.0000,2865.2000,8,2,1,3,5,1,2,2,3,2
SF,IH2006,2020-06-17 11:22:01.700,2863.8000,17663,-2,9374105640.000,2,0,2,双平,B,2863.8000,2863.4000,2863.0000,2862.8000,2862.6000,2864.2000,2864.4000,2865.0000,2865.2000,2865.4000,7,2,1,3,5,2,2,3,2,1
SF,IH2006,2020-06-17 11:22:02.200,2864.0000,17664,1,9376683180.000,3,2,1,多开,B,2863.8000,2863.4000,2863.0000,2862.8000,2862.6000,2864.0000,2864.2000,2864.4000,2865.0000,2865.2000,7,2,1,3,5,2,2,2,3,2
SF,IH2006,2020-06-17 11:22:02.700,2863.8000,17665,1,9382697160.000,7,4,3,多开,B,2863.4000,2863.0000,2862.8000,2862.6000,2862.4000,2863.8000,2864.0000,2864.2000,2864.4000,2865.0000,2,1,3,5,2,16,3,2,2,3
SF,IH2006,2020-06-17 11:22:03.200,2863.4000,17663,-2,9384415200.000,2,0,2,双平,B,2862.8000,2862.6000,2862.4000,2862.0000,2861.8000,2863.2000,2863.4000,2863.6000,2863.8000,2864.0000,3,5,2,2,11,1,3,3,2,1
SF,IH2006,2020-06-17 11:22:03.700,2863.2000,17662,-1,9385274160.000,1,0,1,双平,B,2863.4000,2863.2000,2863.0000,2862.8000,2862.6000,2863.6000,2863.8000,2864.2000,2864.4000,2865.0000,8,7,4,3,5,3,1,1,2,3
SF,IH2006,2020-06-17 11:22:04.200,2863.6000,17664,2,9388710480.000,4,3,1,多开,B,2863.6000,2863.2000,2863.0000,2862.8000,2862.6000,2863.8000,2864.2000,2864.4000,2865.0000,2865.2000,6,4,6,3,5,1,1,2,3,2
SF,IH2006,2020-06-17 11:22:04.700,2863.6000,17664,0,9390428700.000,2,1,1,空换,B,2863.6000,2863.2000,2863.0000,2862.8000,2862.6000,2864.2000,2864.4000,2865.0000,2865.2000,2865.4000,2,2,6,3,5,1,2,3,2,1
SF,IH2006,2020-06-17 11:22:05.200,2863.6000,17664,0,9391287780.000,1,0,1,空换,B,2863.2000,2863.0000,2862.8000,2862.6000,2862.4000,2864.0000,2864.2000,2864.4000,2865.0000,2865.2000,1,4,3,5,2,1,2,2,3,2
SF,IH2006,2020-06-17 11:22:05.700,2863.8000,17665,1,9393006000.000,2,1,1,多开,B,2863.4000,2863.2000,2863.0000,2862.8000,2862.6000,2864.0000,2864.2000,2864.4000,2865.0000,2865.2000,3,2,2,3,5,1,2,2,3,2
SF,IH2006,2020-06-17 11:22:06.200,2863.8000,17665,0,9393006000.000,0,-,-,-,-,2863.4000,2863.2000,2863.0000,2862.8000,2862.6000,2864.0000,2864.2000,2864.4000,2865.0000,2865.2000,4,2,2,3,5,1,2,2,3,2
SF,IH2006,2020-06-17 11:22:06.700,2863.8000,17665,0,9393006000.000,0,-,-,-,-,2863.4000,2863.2000,2863.0000,2862.8000,2862.6000,2864.0000,2864.2000,2864.4000,2865.0000,2865.2000,4,2,2,3,5,1,2,2,3,2
SF,IH2006,2020-06-17 11:22:07.200,2863.4000,17664,-1,9393865020.000,1,0,1,双平,B,2863.4000,2863.2000,2863.0000,2862.8000,2862.6000,2864.0000,2864.2000,2864.4000,2865.0000,2865.2000,3,2,1,3,5,2,2,2,3,2
SF,IH2006,2020-06-17 11:22:07.700,2863.4000,17664,0,9393865020.000,0,-,-,-,-,2863.6000,2863.4000,2863.2000,2863.0000,2862.8000,2864.0000,2864.2000,2864.4000,2865.0000,2865.2000,1,3,2,1,3,2,2,2,3,2
SF,IH2006,2020-06-17 11:22:08.200,2863.4000,17664,0,9393865020.000,0,-,-,-,-,2863.6000,2863.4000,2863.2000,2863.0000,2862.8000,2864.0000,2864.2000,2864.4000,2865.0000,2865.2000,1,3,3,1,3,2,2,2,3,2
SF,IH2006,2020-06-17 11:22:09.200,2863.4000,17664,0,9393865020.000,0,-,-,-,-,2863.8000,2863.6000,2863.4000,2863.2000,2863.0000,2864.0000,2864.2000,2864.4000,2865.0000,2865.2000,3,1,2,3,1,3,2,2,3,2
SF,IH2006,2020-06-17 11:22:09.700,2863.4000,17664,0,9393865020.000,0,-,-,-,-,2863.8000,2863.6000,2863.2000,2863.0000,2862.8000,2864.0000,2864.2000,2864.4000,2865.0000,2865.2000,3,1,3,1,3,3,2,2,3,2
SF,IH2006,2020-06-17 11:22:10.200,2863.4000,17664,0,9394724040.000,1,0,1,空换,B,2863.8000,2863.6000,2863.2000,2863.0000,2862.8000,2864.0000,2864.2000,2864.4000,2865.0000,2865.2000,2,1,3,1,3,2,2,2,3,2
SF,IH2006,2020-06-17 11:22:10.700,2864.0000,17665,1,9395583240.000,1,1,0,双开,B,2863.8000,2863.6000,2863.2000,2863.0000,2862.8000,2864.0000,2864.2000,2864.4000,2865.0000,2865.2000,2,1,3,1,3,4,2,2,3,2
SF,IH2006,2020-06-17 11:22:11.200,2863.8000,17664,-1,9396442380.000,1,0,1,双平,B,2863.8000,2863.6000,2863.2000,2863.0000,2862.8000,2864.0000,2864.2000,2864.4000,2865.0000,2865.2000,1,1,3,1,3,1,2,2,3,2
SF,IH2006,2020-06-17 11:22:11.700,2863.8000,17664,0,9396442380.000,0,-,-,-,-,2863.8000,2863.6000,2863.2000,2863.0000,2862.8000,2864.0000,2864.2000,2864.4000,2865.0000,2865.2000,1,1,2,1,3,1,2,2,3,2
SF,IH2006,2020-06-17 11:22:12.200,2863.8000,17663,-1,9397301520.000,1,0,1,双平,B,2863.6000,2863.2000,2863.0000,2862.8000,2862.6000,2864.0000,2864.2000,2864.4000,2865.0000,2865.2000,1,2,1,3,5,1,2,2,3,2
SF,IH2006,2020-06-17 11:22:14.200,2863.8000,17663,0,9397301520.000,0,-,-,-,-,2863.6000,2863.2000,2863.0000,2862.8000,2862.6000,2864.0000,2864.2000,2864.4000,2865.0000,2865.2000,1,2,1,3,5,1,3,2,3,2
SF,IH2006,2020-06-17 11:22:15.200,2864.0000,17664,1,9398160720.000,1,1,0,双开,B,2863.6000,2863.2000,2863.0000,2862.8000,2862.6000,2864.2000,2864.4000,2865.0000,2865.2000,2865.4000,1,2,1,3,5,3,2,3,2,1
SF,IH2006,2020-06-17 11:22:15.700,2864.0000,17664,0,9398160720.000,0,-,-,-,-,2863.6000,2863.2000,2863.0000,2862.8000,2862.6000,2864.2000,2864.4000,2864.8000,2865.0000,2865.2000,1,2,1,3,5,3,2,1,3,2
SF,IH2006,2020-06-17 11:22:16.200,2864.0000,17664,0,9398160720.000,0,-,-,-,-,2863.6000,2863.2000,2863.0000,2862.8000,2862.6000,2864.0000,2864.2000,2864.4000,2864.8000,2865.0000,1,2,1,3,5,1,3,2,1,3
SF,IH2006,2020-06-17 11:22:16.700,2864.0000,17664,0,9398160720.000,0,-,-,-,-,2863.6000,2863.2000,2863.0000,2862.8000,2862.6000,2864.0000,2864.2000,2864.4000,2864.8000,2865.0000,1,2,1,3,5,1,3,2,1,3
SF,IH2006,2020-06-17 11:22:18.200,2864.0000,17664,0,9398160720.000,0,-,-,-,-,2863.6000,2863.2000,2863.0000,2862.8000,2862.6000,2864.0000,2864.2000,2864.4000,2864.8000,2865.0000,2,2,1,3,5,1,3,2,1,3
SF,IH2006,2020-06-17 11:22:19.700,2864.0000,17664,0,9398160720.000,0,-,-,-,-,2863.8000,2863.6000,2863.2000,2863.0000,2862.8000,2864.0000,2864.2000,2864.4000,2864.8000,2865.0000,1,2,2,1,3,1,3,2,1,3
SF,IH2006,2020-06-17 11:22:20.200,2864.0000,17664,0,9398160720.000,0,-,-,-,-,2863.8000,2863.6000,2863.2000,2863.0000,2862.8000,2864.0000,2864.2000,2864.4000,2864.8000,2865.0000,2,2,2,1,3,1,3,2,1,3
SF,IH2006,2020-06-17 11:22:22.200,2864.0000,17664,0,9398160720.000,0,-,-,-,-,2863.8000,2863.6000,2863.2000,2863.0000,2862.8000,2864.0000,2864.2000,2864.4000,2864.8000,2865.0000,2,2,2,1,4,1,3,2,1,3
SF,IH2006,2020-06-17 11:22:22.700,2864.0000,17664,0,9398160720.000,0,-,-,-,-,2863.8000,2863.6000,2863.2000,2863.0000,2862.8000,2864.0000,2864.2000,2864.4000,2864.8000,2865.0000,3,2,2,1,4,1,3,2,1,3
SF,IH2006,2020-06-17 11:22:24.200,2864.2000,17662,-2,9401597700.000,4,1,3,空平,B,2864.0000,2863.8000,2863.6000,2863.2000,2863.0000,2864.4000,2864.8000,2865.0000,2865.2000,2865.4000,3,2,2,2,1,2,1,3,2,1
SF,IH2006,2020-06-17 11:22:24.700,2864.2000,17662,0,9401597700.000,0,-,-,-,-,2863.8000,2863.6000,2863.2000,2863.0000,2862.8000,2864.4000,2864.8000,2865.0000,2865.2000,2865.4000,2,2,2,1,4,2,1,3,2,1
SF,IH2006,2020-06-17 11:22:25.200,2864.2000,17662,0,9401597700.000,0,-,-,-,-,2864.0000,2863.8000,2863.6000,2863.2000,2863.0000,2864.4000,2864.8000,2865.0000,2865.2000,2865.4000,6,3,2,2,1,2,1,3,2,1
SF,IH2006,2020-06-17 11:22:25.700,2864.2000,17662,0,9401597700.000,0,-,-,-,-,2864.0000,2863.8000,2863.6000,2863.2000,2863.0000,2864.4000,2864.8000,2865.0000,2865.2000,2865.4000,8,3,2,2,2,2,1,3,2,1
SF,IH2006,2020-06-17 11:22:26.200,2864.0000,17662,0,9402456900.000,1,0,1,空换,B,2864.0000,2863.8000,2863.6000,2863.2000,2863.0000,2864.4000,2864.8000,2865.0000,2865.2000,2865.4000,7,3,2,2,2,2,1,3,2,1
SF,IH2006,2020-06-17 11:22:26.700,2864.0000,17662,0,9402456900.000,0,-,-,-,-,2864.2000,2864.0000,2863.8000,2863.6000,2863.2000,2864.4000,2864.8000,2865.0000,2865.2000,2865.4000,1,7,3,2,2,2,1,3,2,1
SF,IH2006,2020-06-17 11:22:27.200,2864.0000,17662,0,9402456900.000,0,-,-,-,-,2864.0000,2863.8000,2863.6000,2863.2000,2863.0000,2864.4000,2864.8000,2865.0000,2865.2000,2865.4000,7,3,2,2,2,2,1,3,2,1
SF,IH2006,2020-06-17 11:22:28.700,2864.0000,17662,0,9402456900.000,0,-,-,-,-,2864.2000,2864.0000,2863.8000,2863.6000,2863.2000,2864.4000,2864.8000,2865.0000,2865.2000,2865.4000,1,7,3,2,2,2,1,3,2,1
SF,IH2006,2020-06-17 11:22:29.200,2864.2000,17662,0,9403316160.000,1,0,1,空换,B,2864.0000,2863.8000,2863.6000,2863.2000,2863.0000,2864.4000,2864.8000,2865.0000,2865.2000,2865.4000,7,3,2,2,2,2,1,3,2,1
SF,IH2006,2020-06-17 11:22:29.700,2864.2000,17662,0,9403316160.000,0,-,-,-,-,2864.0000,2863.8000,2863.6000,2863.2000,2863.0000,2864.4000,2864.8000,2865.0000,2865.2000,2865.4000,7,2,2,2,2,3,1,3,2,1
SF,IH2006,2020-06-17 11:22:30.200,2864.2000,17662,0,9403316160.000,0,-,-,-,-,2864.2000,2864.0000,2863.8000,2863.6000,2863.2000,2864.4000,2864.8000,2865.0000,2865.2000,2865.4000,1,7,2,2,2,3,1,3,2,1
SF,IH2006,2020-06-17 11:22:30.700,2864.4000,17662,0,9404175480.000,1,0,1,空换,B,2864.2000,2864.0000,2863.8000,2863.6000,2863.2000,2864.4000,2864.8000,2865.0000,2865.2000,2865.4000,1,7,2,1,2,2,1,3,2,1
SF,IH2006,2020-06-17 11:22:31.200,2864.4000,17662,0,9405034800.000,1,0,1,空换,B,2864.2000,2864.0000,2863.8000,2863.6000,2863.2000,2864.4000,2864.8000,2865.0000,2865.2000,2865.4000,2,7,2,1,2,1,1,3,2,1
SF,IH2006,2020-06-17 11:22:31.700,2864.2000,17660,-2,9406753320.000,2,0,2,双平,B,2864.2000,2864.0000,2863.8000,2863.6000,2863.2000,2864.4000,2864.8000,2865.0000,2865.2000,2865.4000,1,7,2,1,2,1,1,3,2,1
SF,IH2006,2020-06-17 11:22:32.200,2864.2000,17660,0,9406753320.000,0,-,-,-,-,2864.2000,2864.0000,2863.8000,2863.6000,2863.2000,2864.4000,2864.8000,2865.0000,2865.2000,2865.4000,2,7,2,1,2,1,1,3,2,1
SF,IH2006,2020-06-17 11:22:33.700,2864.2000,17660,0,9406753320.000,0,-,-,-,-,2864.2000,2864.0000,2863.8000,2863.6000,2863.2000,2864.4000,2864.8000,2865.0000,2865.2000,2865.4000,2,7,2,1,2,1,1,3,3,1
SF,IH2006,2020-06-17 11:22:34.200,2864.8000,17661,1,9408472080.000,2,1,1,多开,B,2864.6000,2864.4000,2864.2000,2864.0000,2863.8000,2865.0000,2865.2000,2865.4000,2865.6000,2865.8000,2,1,2,7,2,3,3,1,2,6
SF,IH2006,2020-06-17 11:22:34.700,2864.4000,17661,0,9414487620.000,7,3,4,空换,B,2864.2000,2864.0000,2863.8000,2863.6000,2863.2000,2864.6000,2864.8000,2865.0000,2865.2000,2865.4000,1,7,2,1,2,3,5,8,3,1
SF,IH2006,2020-06-17 11:22:35.200,2864.4000,17661,0,9414487620.000,0,-,-,-,-,2864.2000,2864.0000,2863.8000,2863.6000,2863.2000,2864.6000,2864.8000,2865.0000,2865.2000,2865.4000,2,7,2,1,2,3,2,7,3,1
SF,IH2006,2020-06-17 11:22:35.700,2864.4000,17661,0,9414487620.000,0,-,-,-,-,2864.2000,2864.0000,2863.8000,2863.6000,2863.2000,2864.6000,2864.8000,2865.0000,2865.2000,2865.4000,2,7,2,1,2,3,1,7,3,1
SF,IH2006,2020-06-17 11:22:37.200,2864.4000,17661,0,9414487620.000,0,-,-,-,-,2864.2000,2864.0000,2863.8000,2863.6000,2863.2000,2864.6000,2864.8000,2865.0000,2865.2000,2865.4000,3,7,2,1,2,6,1,7,3,1
SF,IH2006,2020-06-17 11:22:37.700,2864.2000,17660,-1,9415346880.000,1,0,1,双平,B,2864.2000,2864.0000,2863.8000,2863.6000,2863.2000,2864.6000,2864.8000,2865.0000,2865.2000,2865.4000,2,7,2,1,2,6,1,7,2,1
SF,IH2006,2020-06-17 11:22:38.200,2864.2000,17659,-1,9416206140.000,1,0,1,双平,B,2864.2000,2864.0000,2863.8000,2863.6000,2863.2000,2864.6000,2864.8000,2865.0000,2865.2000,2865.4000,1,7,2,1,2,6,1,7,2,1
SF,IH2006,2020-06-17 11:22:38.700,2864.2000,17658,-1,9417924660.000,2,0,2,空平,B,2864.0000,2863.8000,2863.6000,2863.2000,2863.0000,2864.6000,2864.8000,2865.0000,2865.2000,2865.4000,2,2,1,2,1,7,1,7,2,1
SF,IH2006,2020-06-17 11:22:39.200,2864.6000,17655,-3,9420502620.000,3,0,3,双平,B,2864.0000,2863.8000,2863.6000,2863.2000,2863.0000,2864.6000,2864.8000,2865.0000,2865.2000,2865.4000,1,2,1,2,1,5,1,7,4,1
SF,IH2006,2020-06-17 11:22:39.700,2864.6000,17655,0,9421362000.000,1,0,1,空换,B,2864.0000,2863.8000,2863.6000,2863.2000,2863.0000,2864.6000,2864.8000,2865.0000,2865.2000,2865.4000,1,2,1,2,1,6,1,7,2,1
SF,IH2006,2020-06-17 11:22:40.200,2864.0000,17654,-1,9422221200.000,1,0,1,双平,B,2863.8000,2863.6000,2863.2000,2863.0000,2862.8000,2864.4000,2864.6000,2864.8000,2865.0000,2865.2000,2,1,2,1,3,3,6,1,7,2
SF,IH2006,2020-06-17 11:22:40.700,2864.0000,17654,0,9422221200.000,0,-,-,-,-,2863.8000,2863.6000,2863.2000,2863.0000,2862.8000,2864.6000,2864.8000,2865.0000,2865.2000,2865.4000,2,1,2,1,3,6,1,7,2,1
SF,IH2006,2020-06-17 11:22:41.200,2864.0000,17654,0,9422221200.000,0,-,-,-,-,2864.0000,2863.8000,2863.6000,2863.2000,2863.0000,2864.6000,2864.8000,2865.0000,2865.2000,2865.4000,2,2,1,2,1,6,1,7,2,1
SF,IH2006,2020-06-17 11:22:42.700,2864.0000,17654,0,9422221200.000,0,-,-,-,-,2864.0000,2863.8000,2863.6000,2863.2000,2863.0000,2864.6000,2864.8000,2865.0000,2865.2000,2865.4000,3,2,1,2,1,6,1,7,2,1
SF,IH2006,2020-06-17 11:22:43.200,2864.6000,17655,1,9423080580.000,1,1,0,双开,B,2864.0000,2863.8000,2863.6000,2863.2000,2863.0000,2864.6000,2864.8000,2865.0000,2865.2000,2865.4000,3,2,1,2,1,5,1,7,2,1
SF,IH2006,2020-06-17 11:22:43.700,2864.6000,17655,0,9423080580.000,0,-,-,-,-,2864.0000,2863.8000,2863.6000,2863.2000,2863.0000,2864.6000,2864.8000,2865.0000,2865.2000,2865.4000,3,2,1,2,1,4,1,7,2,1
SF,IH2006,2020-06-17 11:22:44.200,2864.6000,17657,2,9426518100.000,4,3,1,多开,B,2864.6000,2864.2000,2864.0000,2863.8000,2863.6000,2864.8000,2865.0000,2865.2000,2865.4000,2865.6000,1,1,3,2,1,1,7,2,1,3
SF,IH2006,2020-06-17 11:22:44.700,2864.2000,17656,-1,9428236740.000,2,0,2,空平,B,2864.0000,2863.8000,2863.6000,2863.2000,2863.0000,2864.4000,2864.6000,2864.8000,2865.0000,2865.2000,3,2,1,2,1,1,5,1,8,2
SF,IH2006,2020-06-17 11:22:45.200,2864.4000,17655,-1,9429096060.000,1,0,1,双平,B,2864.4000,2864.2000,2864.0000,2863.8000,2863.6000,2864.6000,2864.8000,2865.0000,2865.2000,2865.4000,1,2,4,1,1,5,1,7,2,1
SF,IH2006,2020-06-17 11:22:45.700,2864.2000,17655,0,9429955320.000,1,0,1,空换,B,2864.0000,2863.8000,2863.6000,2863.2000,2863.0000,2864.6000,2864.8000,2865.0000,2865.2000,2865.4000,4,1,1,2,1,5,1,7,2,1
SF,IH2006,2020-06-17 11:22:46.200,2864.2000,17655,0,9429955320.000,0,-,-,-,-,2864.0000,2863.8000,2863.6000,2863.2000,2863.0000,2864.6000,2864.8000,2865.0000,2865.2000,2865.4000,2,1,1,2,1,5,1,7,2,1
SF,IH2006,2020-06-17 11:22:46.700,2864.2000,17655,0,9429955320.000,0,-,-,-,-,2864.0000,2863.8000,2863.6000,2863.2000,2863.0000,2864.4000,2864.6000,2864.8000,2865.0000,2865.2000,2,1,1,2,1,2,5,1,7,2
SF,IH2006,2020-06-17 11:22:47.700,2864.2000,17655,0,9429955320.000,0,-,-,-,-,2864.0000,2863.8000,2863.6000,2863.2000,2863.0000,2864.4000,2864.6000,2864.8000,2865.0000,2865.2000,2,1,1,2,1,2,5,1,7,2
SF,IH2006,2020-06-17 11:22:48.700,2864.2000,17655,0,9429955320.000,0,-,-,-,-,2864.0000,2863.8000,2863.6000,2863.4000,2863.2000,2864.4000,2864.6000,2864.8000,2865.0000,2865.2000,2,1,1,2,2,2,5,1,7,2
SF,IH2006,2020-06-17 11:22:49.200,2864.2000,17655,0,9429955320.000,0,-,-,-,-,2864.0000,2863.8000,2863.6000,2863.4000,2863.2000,2864.4000,2864.6000,2864.8000,2865.0000,2865.2000,2,1,1,2,5,2,5,1,7,2
SF,IH2006,2020-06-17 11:22:50.700,2864.2000,17655,0,9429955320.000,0,-,-,-,-,2864.0000,2863.8000,2863.6000,2863.4000,2863.2000,2864.4000,2864.6000,2864.8000,2865.0000,2865.2000,2,1,1,2,5,4,5,1,7,2
SF,IH2006,2020-06-17 11:22:51.200,2864.2000,17655,0,9429955320.000,0,-,-,-,-,2864.0000,2863.8000,2863.6000,2863.4000,2863.2000,2864.4000,2864.6000,2864.8000,2865.0000,2865.2000,2,1,1,2,5,4,5,1,7,2
SF,IH2006,2020-06-17 11:22:54.700,2864.0000,17654,-1,9431673720.000,2,0,2,空平,B,2863.8000,2863.6000,2863.4000,2863.2000,2863.0000,2864.0000,2864.4000,2864.6000,2864.8000,2865.0000,1,1,2,5,1,1,4,5,1,7
SF,IH2006,2020-06-17 11:22:55.200,2864.0000,17653,-1,9433392120.000,2,0,2,空平,B,2864.0000,2863.8000,2863.6000,2863.4000,2863.2000,2864.4000,2864.6000,2864.8000,2865.0000,2865.2000,1,1,1,2,5,4,5,1,7,2
SF,IH2006,2020-06-17 11:22:55.700,2864.0000,17653,0,9433392120.000,0,-,-,-,-,2863.8000,2863.6000,2863.4000,2863.2000,2863.0000,2864.4000,2864.6000,2864.8000,2865.0000,2865.2000,1,1,2,5,1,5,5,1,7,2
SF,IH2006,2020-06-17 11:22:56.700,2864.0000,17653,0,9433392120.000,0,-,-,-,-,2863.8000,2863.6000,2863.4000,2863.2000,2863.0000,2864.2000,2864.4000,2864.6000,2864.8000,2865.0000,1,1,2,5,1,3,5,5,1,7
SF,IH2006,2020-06-17 11:22:57.200,2864.2000,17653,0,9434251380.000,1,0,1,空换,B,2863.8000,2863.6000,2863.4000,2863.2000,2863.0000,2864.2000,2864.4000,2864.6000,2864.8000,2865.0000,1,1,2,5,1,3,5,5,1,7
SF,IH2006,2020-06-17 11:22:57.700,2864.2000,17653,0,9434251380.000,0,-,-,-,-,2863.8000,2863.6000,2863.4000,2863.2000,2863.0000,2864.2000,2864.4000,2864.6000,2864.8000,2865.0000,1,1,2,5,1,1,5,5,1,7
SF,IH2006,2020-06-17 11:22:58.200,2863.8000,17652,-1,9435110520.000,1,0,1,双平,B,2863.6000,2863.4000,2863.2000,2863.0000,2862.8000,2864.2000,2864.4000,2864.6000,2864.8000,2865.0000,1,2,5,1,3,1,5,5,1,7
SF,IH2006,2020-06-17 11:22:58.700,2863.8000,17652,0,9435110520.000,0,-,-,-,-,2863.6000,2863.4000,2863.2000,2863.0000,2862.8000,2864.2000,2864.4000,2864.6000,2864.8000,2865.0000,1,2,5,1,3,1,5,5,1,7
SF,IH2006,2020-06-17 11:22:59.200,2863.8000,17652,0,9435110520.000,0,-,-,-,-,2863.6000,2863.4000,2863.2000,2863.0000,2862.8000,2864.2000,2864.4000,2864.6000,2864.8000,2865.0000,2,2,4,1,3,1,5,5,1,7
SF,IH2006,2020-06-17 11:22:59.700,2863.6000,17652,0,9435969600.000,1,0,1,空换,B,2863.6000,2863.4000,2863.2000,2863.0000,2862.8000,2864.2000,2864.4000,2864.6000,2864.8000,2865.0000,2,2,4,1,3,1,5,5,1,7
SF,IH2006,2020-06-17 11:23:00.200,2863.6000,17652,0,9435969600.000,0,-,-,-,-,2863.6000,2863.4000,2863.2000,2863.0000,2862.8000,2864.2000,2864.4000,2864.6000,2864.8000,2865.0000,5,2,4,1,3,1,5,5,1,7
SF,IH2006,2020-06-17 11:23:01.200,2863.6000,17652,0,9435969600.000,0,-,-,-,-,2863.6000,2863.2000,2863.0000,2862.8000,2862.6000,2864.2000,2864.4000,2864.6000,2864.8000,2865.0000,5,4,3,3,5,1,5,5,1,7
SF,IH2006,2020-06-17 11:23:01.700,2863.6000,17652,0,9435969600.000,0,-,-,-,-,2863.6000,2863.2000,2863.0000,2862.8000,2862.6000,2864.2000,2864.4000,2864.6000,2864.8000,2865.0000,4,4,3,3,5,1,5,5,1,7
SF,IH2006,2020-06-17 11:23:02.200,2863.6000,17652,0,9435969600.000,0,-,-,-,-,2863.6000,2863.2000,2863.0000,2862.8000,2862.6000,2864.2000,2864.4000,2864.6000,2864.8000,2865.0000,4,4,3,3,5,1,6,5,1,7
SF,IH2006,2020-06-17 11:23:02.700,2863.6000,17651,-1,9436828680.000,1,0,1,双平,B,2863.6000,2863.2000,2863.0000,2862.8000,2862.6000,2864.2000,2864.4000,2864.6000,2864.8000,2865.0000,2,4,3,3,5,1,6,5,1,7
SF,IH2006,2020-06-17 11:23:03.200,2863.6000,17651,0,9436828680.000,0,-,-,-,-,2863.8000,2863.6000,2863.2000,2863.0000,2862.8000,2864.2000,2864.4000,2864.6000,2864.8000,2865.0000,5,3,4,3,3,1,6,5,1,7
SF,IH2006,2020-06-17 11:23:03.700,2863.6000,17651,0,9436828680.000,0,-,-,-,-,2863.8000,2863.6000,2863.2000,2863.0000,2862.8000,2864.2000,2864.4000,2864.6000,2864.8000,2865.0000,5,2,4,3,3,1,6,5,1,7
SF,IH2006,2020-06-17 11:23:04.700,2863.8000,17651,0,9440265240.000,4,2,2,空换,B,2863.8000,2863.6000,2863.2000,2863.0000,2862.8000,2864.2000,2864.4000,2864.6000,2864.8000,2865.0000,1,2,4,3,3,1,6,5,1,7
SF,IH2006,2020-06-17 11:23:05.200,2863.8000,17651,0,9440265240.000,0,-,-,-,-,2863.8000,2863.6000,2863.2000,2863.0000,2862.8000,2864.0000,2864.2000,2864.4000,2864.6000,2864.8000,1,2,4,3,3,1,1,6,5,1
SF,IH2006,2020-06-17 11:23:05.700,2864.0000,17651,0,9441124440.000,1,0,1,空换,B,2863.8000,2863.6000,2863.2000,2863.0000,2862.8000,2864.2000,2864.4000,2864.6000,2864.8000,2865.0000,1,2,4,3,3,1,6,5,1,7
SF,IH2006,2020-06-17 11:23:06.200,2864.0000,17651,0,9441124440.000,0,-,-,-,-,2863.8000,2863.6000,2863.2000,2863.0000,2862.8000,2864.2000,2864.4000,2864.6000,2864.8000,2865.0000,2,2,4,3,3,1,6,5,1,7
SF,IH2006,2020-06-17 11:23:06.700,2863.8000,17650,-1,9442842720.000,2,0,2,空平,B,2863.6000,2863.2000,2863.0000,2862.8000,2862.6000,2863.8000,2864.2000,2864.4000,2864.6000,2864.8000,2,4,3,3,5,3,1,6,5,1
SF,IH2006,2020-06-17 11:23:07.200,2863.8000,17648,-2,9445420140.000,3,0,3,空平,B,2864.0000,2863.8000,2863.6000,2863.2000,2863.0000,2864.2000,2864.4000,2864.6000,2864.8000,2865.0000,3,1,2,4,3,1,6,6,1,7
SF,IH2006,2020-06-17 11:23:07.700,2864.0000,17648,0,9447997740.000,3,1,2,空换,B,2863.8000,2863.6000,2863.2000,2863.0000,2862.8000,2864.0000,2864.2000,2864.4000,2864.6000,2864.8000,1,2,4,3,3,1,1,6,6,1
SF,IH2006,2020-06-17 11:23:08.200,2864.0000,17648,0,9447997740.000,0,-,-,-,-,2863.8000,2863.6000,2863.2000,2863.0000,2862.8000,2864.2000,2864.4000,2864.6000,2864.8000,2865.0000,1,2,4,3,3,1,6,6,1,7
SF,IH2006,2020-06-17 11:23:08.700,2864.0000,17648,0,9447997740.000,0,-,-,-,-,2863.8000,2863.6000,2863.2000,2863.0000,2862.8000,2864.2000,2864.4000,2864.6000,2864.8000,2865.0000,1,2,4,3,3,1,6,6,1,7
SF,IH2006,2020-06-17 11:23:09.700,2863.8000,17649,1,9448856880.000,1,1,0,双开,B,2863.8000,2863.6000,2863.2000,2863.0000,2862.8000,2864.2000,2864.4000,2864.6000,2864.8000,2865.0000,3,2,6,3,3,1,6,6,1,7
SF,IH2006,2020-06-17 11:23:11.700,2863.8000,17649,0,9448856880.000,0,-,-,-,-,2863.8000,2863.6000,2863.2000,2863.0000,2862.8000,2864.2000,2864.4000,2864.6000,2864.8000,2865.0000,4,2,6,3,3,1,6,6,1,7
SF,IH2006,2020-06-17 11:23:12.200,2863.8000,17646,-3,9451434300.000,3,0,3,双平,B,2863.8000,2863.2000,2863.0000,2862.8000,2862.4000,2864.2000,2864.4000,2864.6000,2864.8000,2865.0000,1,6,3,3,1,1,6,6,1,7
SF,IH2006,2020-06-17 11:23:12.700,2863.8000,17646,0,9451434300.000,0,-,-,-,-,2863.8000,2863.2000,2863.0000,2862.8000,2862.4000,2864.2000,2864.4000,2864.6000,2864.8000,2865.0000,2,6,3,3,1,1,6,6,1,7
SF,IH2006,2020-06-17 11:23:15.700,2863.8000,17646,0,9451434300.000,0,-,-,-,-,2863.8000,2863.2000,2863.0000,2862.8000,2862.4000,2864.2000,2864.4000,2864.6000,2864.8000,2865.0000,3,6,3,3,1,1,6,6,1,7
SF,IH2006,2020-06-17 11:23:16.700,2863.8000,17646,0,9451434300.000,0,-,-,-,-,2863.8000,2863.2000,2863.0000,2862.8000,2862.4000,2864.2000,2864.4000,2864.6000,2864.8000,2865.0000,3,6,3,3,1,1,6,6,1,7
SF,IH2006,2020-06-17 11:23:17.200,2863.8000,17646,0,9451434300.000,0,-,-,-,-,2863.8000,2863.2000,2863.0000,2862.8000,2862.4000,2864.2000,2864.4000,2864.6000,2864.8000,2865.0000,3,6,3,3,1,1,6,6,1,7
SF,IH2006,2020-06-17 11:23:17.700,2863.8000,17646,0,9452293440.000,1,0,1,空换,B,2863.8000,2863.2000,2863.0000,2862.8000,2862.4000,2864.2000,2864.4000,2864.6000,2864.8000,2865.0000,2,6,3,3,1,1,6,6,1,7
SF,IH2006,2020-06-17 11:23:18.700,2863.8000,17646,0,9452293440.000,0,-,-,-,-,2863.8000,2863.2000,2863.0000,2862.8000,2862.4000,2864.2000,2864.4000,2864.6000,2864.8000,2865.0000,2,6,3,3,1,2,6,6,1,7
SF,IH2006,2020-06-17 11:23:20.700,2863.8000,17646,0,9453152580.000,1,0,1,空换,B,2863.8000,2863.2000,2863.0000,2862.8000,2862.4000,2864.0000,2864.2000,2864.4000,2864.6000,2864.8000,1,6,3,3,1,3,2,6,6,1
SF,IH2006,2020-06-17 11:23:21.200,2863.8000,17645,-1,9454011720.000,1,0,1,双平,B,2863.2000,2863.0000,2862.8000,2862.4000,2862.0000,2863.8000,2864.0000,2864.2000,2864.4000,2864.6000,6,3,3,1,1,3,1,2,6,6
SF,IH2006,2020-06-17 11:23:21.700,2863.8000,17645,0,9454011720.000,0,-,-,-,-,2863.2000,2863.0000,2862.8000,2862.4000,2862.2000,2863.8000,2864.0000,2864.2000,2864.4000,2864.6000,6,3,3,1,1,4,1,2,6,6
SF,IH2006,2020-06-17 11:23:22.200,2863.2000,17645,0,9454870680.000,1,0,1,空换,B,2863.2000,2863.0000,2862.8000,2862.4000,2862.2000,2863.8000,2864.0000,2864.2000,2864.4000,2864.6000,5,3,3,1,1,4,1,2,6,6
SF,IH2006,2020-06-17 11:23:22.700,2863.6000,17647,2,9458306640.000,4,3,1,多开,B,2863.4000,2863.2000,2863.0000,2862.8000,2862.4000,2863.6000,2863.8000,2864.2000,2864.4000,2864.6000,1,2,3,3,1,4,4,4,5,6
SF,IH2006,2020-06-17 11:23:23.200,2863.4000,17643,-4,9462601680.000,5,0,5,空平,B,2863.2000,2863.0000,2862.8000,2862.4000,2862.2000,2863.4000,2863.6000,2863.8000,2864.2000,2864.4000,1,3,3,1,1,3,4,2,4,5
SF,IH2006,2020-06-17 11:23:23.700,2863.4000,17643,0,9462601680.000,0,-,-,-,-,2863.2000,2863.0000,2862.8000,2862.4000,2862.2000,2863.4000,2863.6000,2863.8000,2864.2000,2864.4000,1,3,3,1,1,1,4,2,4,5
SF,IH2006,2020-06-17 11:23:24.200,2863.4000,17643,0,9462601680.000,0,-,-,-,-,2863.2000,2863.0000,2862.8000,2862.4000,2862.2000,2863.4000,2863.6000,2863.8000,2864.2000,2864.4000,3,1,3,1,1,1,2,2,4,5
SF,IH2006,2020-06-17 11:23:24.700,2863.4000,17642,-1,9463460700.000,1,0,1,双平,B,2863.2000,2863.0000,2862.8000,2862.4000,2862.2000,2863.6000,2863.8000,2864.2000,2864.4000,2864.6000,3,1,3,1,1,2,2,4,5,6
SF,IH2006,2020-06-17 11:23:25.200,2863.4000,17642,0,9463460700.000,0,-,-,-,-,2863.2000,2863.0000,2862.8000,2862.4000,2862.2000,2863.4000,2863.6000,2863.8000,2864.2000,2864.4000,3,1,3,1,1,1,3,2,4,5
SF,IH2006,2020-06-17 11:23:26.200,2863.4000,17641,-1,9465178680.000,2,0,2,空平,B,2863.4000,2863.2000,2863.0000,2862.8000,2862.4000,2863.6000,2863.8000,2864.2000,2864.4000,2864.6000,4,2,1,3,1,2,2,4,5,6
SF,IH2006,2020-06-17 11:23:27.200,2863.4000,17641,0,9466037700.000,1,0,1,空换,B,2863.4000,2863.2000,2863.0000,2862.8000,2862.4000,2863.6000,2863.8000,2864.2000,2864.4000,2864.6000,3,2,1,3,1,2,2,4,5,6
SF,IH2006,2020-06-17 11:23:27.700,2863.4000,17643,2,9467755740.000,2,2,0,双开,B,2863.4000,2863.2000,2863.0000,2862.8000,2862.4000,2863.6000,2863.8000,2864.2000,2864.4000,2864.6000,1,2,1,3,1,2,2,4,5,6
SF,IH2006,2020-06-17 11:23:28.200,2863.6000,17643,0,9468614820.000,1,0,1,空换,B,2863.4000,2863.2000,2863.0000,2862.8000,2862.4000,2863.6000,2863.8000,2864.2000,2864.4000,2864.6000,1,2,1,3,1,1,2,4,5,6
SF,IH2006,2020-06-17 11:23:28.700,2863.4000,17643,0,9469473840.000,1,0,1,空换,B,2863.2000,2863.0000,2862.8000,2862.4000,2862.2000,2863.4000,2863.6000,2863.8000,2864.2000,2864.4000,3,1,3,1,1,2,2,2,4,5
SF,IH2006,2020-06-17 11:23:29.200,2863.4000,17643,0,9469473840.000,0,-,-,-,-,2863.2000,2863.0000,2862.8000,2862.2000,2862.0000,2863.6000,2863.8000,2864.2000,2864.4000,2864.6000,3,1,3,1,1,2,1,4,5,6
SF,IH2006,2020-06-17 11:23:29.700,2863.2000,17641,-2,9471191760.000,2,0,2,双平,B,2863.2000,2863.0000,2862.8000,2862.2000,2862.0000,2863.4000,2863.6000,2863.8000,2864.2000,2864.4000,1,1,3,1,1,1,2,1,4,5
SF,IH2006,2020-06-17 11:23:30.200,2863.2000,17641,0,9471191760.000,0,-,-,-,-,2863.2000,2863.0000,2862.8000,2862.2000,2862.0000,2863.4000,2863.6000,2863.8000,2864.2000,2864.4000,1,1,3,1,1,3,2,1,4,5
SF,IH2006,2020-06-17 11:23:30.700,2862.8000,17641,0,9473768460.000,3,1,2,空换,B,2862.8000,2862.2000,2862.0000,2861.8000,2861.6000,2863.0000,2863.2000,2863.4000,2863.6000,2863.8000,2,1,1,5,2,1,5,4,2,1
SF,IH2006,2020-06-17 11:23:31.200,2862.8000,17641,0,9473768460.000,0,-,-,-,-,2862.8000,2862.2000,2862.0000,2861.8000,2861.6000,2863.2000,2863.4000,2863.6000,2863.8000,2864.2000,2,1,1,5,2,3,2,2,1,4
SF,IH2006,2020-06-17 11:23:31.700,2862.8000,17641,0,9473768460.000,0,-,-,-,-,2862.8000,2862.2000,2862.0000,2861.8000,2861.6000,2863.0000,2863.2000,2863.4000,2863.6000,2863.8000,2,1,1,5,2,1,3,2,2,1
SF,IH2006,2020-06-17 11:23:32.200,2862.8000,17641,0,9473768460.000,0,-,-,-,-,2862.8000,2862.0000,2861.8000,2861.6000,2861.0000,2863.0000,2863.2000,2863.4000,2863.6000,2863.8000,2,1,5,2,1,1,3,2,2,1
SF,IH2006,2020-06-17 11:23:32.700,2862.8000,17641,0,9473768460.000,0,-,-,-,-,2862.8000,2862.0000,2861.8000,2861.6000,2861.0000,2863.0000,2863.2000,2863.4000,2863.6000,2863.8000,2,1,5,2,1,1,3,2,3,1
SF,IH2006,2020-06-17 11:23:33.200,2862.8000,17641,0,9473768460.000,0,-,-,-,-,2862.8000,2862.0000,2861.8000,2861.6000,2861.0000,2863.0000,2863.2000,2863.4000,2863.6000,2863.8000,3,1,5,2,1,1,3,2,3,1
SF,IH2006,2020-06-17 11:23:33.700,2863.0000,17639,-2,9475486260.000,2,0,2,双平,B,2862.8000,2862.0000,2861.8000,2861.6000,2861.0000,2863.2000,2863.4000,2863.6000,2863.8000,2864.2000,3,1,5,2,1,2,2,3,1,5
SF,IH2006,2020-06-17 11:23:34.200,2863.0000,17639,0,9475486260.000,0,-,-,-,-,2862.8000,2862.0000,2861.8000,2861.6000,2861.0000,2863.0000,2863.2000,2863.4000,2863.6000,2863.8000,3,1,5,2,1,1,3,2,3,1
SF,IH2006,2020-06-17 11:23:34.700,2863.0000,17639,0,9476345160.000,1,0,1,空换,B,2862.8000,2862.0000,2861.8000,2861.6000,2861.0000,2863.2000,2863.4000,2863.6000,2863.8000,2864.2000,3,1,5,2,1,2,2,3,1,5
SF,IH2006,2020-06-17 11:23:35.200,2863.0000,17639,0,9476345160.000,0,-,-,-,-,2863.0000,2862.8000,2862.0000,2861.8000,2861.6000,2863.2000,2863.4000,2863.6000,2863.8000,2864.2000,1,4,1,5,2,2,2,3,1,5
SF,IH2006,2020-06-17 11:23:35.700,2863.0000,17639,0,9476345160.000,0,-,-,-,-,2863.0000,2862.8000,2862.0000,2861.8000,2861.6000,2863.2000,2863.4000,2863.6000,2863.8000,2864.2000,1,4,1,5,2,2,2,3,1,5
SF,IH2006,2020-06-17 11:23:36.200,2863.0000,17639,0,9476345160.000,0,-,-,-,-,2863.0000,2862.8000,2862.2000,2862.0000,2861.8000,2863.2000,2863.4000,2863.6000,2863.8000,2864.2000,1,4,1,1,5,2,2,2,1,5
SF,IH2006,2020-06-17 11:23:36.700,2863.0000,17639,0,9476345160.000,0,-,-,-,-,2863.0000,2862.8000,2862.2000,2862.0000,2861.8000,2863.2000,2863.4000,2863.6000,2863.8000,2864.2000,1,4,1,1,5,2,2,2,1,5
SF,IH2006,2020-06-17 11:23:37.200,2863.2000,17639,0,9477204120.000,1,0,1,空换,B,2863.0000,2862.8000,2862.2000,2862.0000,2861.8000,2863.2000,2863.4000,2863.6000,2863.8000,2864.2000,1,4,1,1,5,1,2,2,1,5
SF,IH2006,2020-06-17 11:23:38.700,2863.0000,17639,0,9478063020.000,1,0,1,空换,B,2862.8000,2862.6000,2862.2000,2862.0000,2861.8000,2863.2000,2863.4000,2863.6000,2863.8000,2864.2000,4,1,1,1,5,1,2,2,1,5
SF,IH2006,2020-06-17 11:23:39.200,2863.0000,17639,0,9478063020.000,0,-,-,-,-,2862.8000,2862.6000,2862.2000,2862.0000,2861.8000,2863.2000,2863.4000,2863.6000,2863.8000,2864.2000,4,1,1,1,5,1,2,2,1,5
SF,IH2006,2020-06-17 11:23:40.700,2863.0000,17639,0,9478063020.000,0,-,-,-,-,2862.8000,2862.6000,2862.2000,2862.0000,2861.8000,2863.2000,2863.4000,2863.6000,2863.8000,2864.2000,4,1,1,1,5,1,2,3,1,4
SF,IH2006,2020-06-17 11:23:42.700,2863.0000,17639,0,9478063020.000,0,-,-,-,-,2863.0000,2862.8000,2862.6000,2862.2000,2862.0000,2863.2000,2863.4000,2863.6000,2863.8000,2864.2000,2,4,1,1,1,1,2,3,1,4
SF,IH2006,2020-06-17 11:23:45.200,2863.0000,17639,0,9478063020.000,0,-,-,-,-,2863.0000,2862.8000,2862.6000,2862.2000,2862.0000,2863.2000,2863.4000,2863.6000,2863.8000,2864.2000,1,4,1,1,1,1,2,3,1,4
SF,IH2006,2020-06-17 11:23:45.700,2863.2000,17638,-1,9478921980.000,1,0,1,双平,B,2863.2000,2863.0000,2862.8000,2862.6000,2862.2000,2863.4000,2863.6000,2863.8000,2864.2000,2864.4000,2,1,4,1,1,2,3,1,4,4
SF,IH2006,2020-06-17 11:23:46.200,2863.2000,17638,0,9478921980.000,0,-,-,-,-,2863.2000,2863.0000,2862.8000,2862.6000,2862.2000,2863.4000,2863.6000,2863.8000,2864.2000,2864.4000,1,1,4,1,1,2,3,1,4,4
SF,IH2006,2020-06-17 11:23:46.700,2863.2000,17638,0,9479780940.000,1,0,1,空换,B,2863.0000,2862.8000,2862.6000,2862.2000,2862.0000,2863.2000,2863.4000,2863.6000,2863.8000,2864.2000,1,4,1,1,1,2,2,2,1,4
SF,IH2006,2020-06-17 11:23:47.200,2863.0000,17638,0,9480639840.000,1,0,1,空换,B,2862.8000,2862.6000,2862.2000,2862.0000,2861.8000,2863.2000,2863.4000,2863.6000,2863.8000,2864.2000,4,1,1,1,5,3,2,2,1,4
SF,IH2006,2020-06-17 11:23:48.700,2862.8000,17637,-1,9481498680.000,1,0,1,双平,B,2862.8000,2862.6000,2862.2000,2862.0000,2861.8000,2863.0000,2863.2000,2863.4000,2863.6000,2863.8000,3,1,1,1,5,1,3,2,2,1
SF,IH2006,2020-06-17 11:23:50.200,2863.0000,17637,0,9482357580.000,1,0,1,空换,B,2863.0000,2862.8000,2862.6000,2862.2000,2862.0000,2863.2000,2863.4000,2863.6000,2863.8000,2864.2000,1,3,1,1,1,3,2,2,1,4
SF,IH2006,2020-06-17 11:23:50.700,2863.0000,17635,-2,9484934280.000,3,0,3,空平,B,2862.8000,2862.6000,2862.2000,2862.0000,2861.8000,2863.0000,2863.2000,2863.4000,2863.6000,2863.8000,2,1,1,1,5,3,3,2,2,1
SF,IH2006,2020-06-17 11:23:51.200,2862.8000,17634,-1,9485793120.000,1,0,1,双平,B,2862.8000,2862.6000,2862.2000,2862.0000,2861.8000,2863.0000,2863.4000,2863.6000,2863.8000,2864.2000,1,1,1,1,5,1,2,2,1,4
SF,IH2006,2020-06-17 11:23:51.700,2862.8000,17634,0,9485793120.000,0,-,-,-,-,2862.8000,2862.6000,2862.2000,2862.0000,2861.8000,2863.0000,2863.2000,2863.4000,2863.6000,2863.8000,1,1,1,1,5,1,1,2,2,1
SF,IH2006,2020-06-17 11:23:52.200,2862.8000,17634,0,9485793120.000,0,-,-,-,-,2862.8000,2862.6000,2862.2000,2862.0000,2861.8000,2863.0000,2863.4000,2863.6000,2863.8000,2864.2000,1,1,1,1,5,1,2,2,1,3
SF,IH2006,2020-06-17 11:23:54.700,2862.8000,17634,0,9485793120.000,0,-,-,-,-,2862.8000,2862.6000,2862.2000,2862.0000,2861.8000,2863.0000,2863.4000,2863.6000,2863.8000,2864.2000,1,1,1,1,5,1,2,2,1,4
SF,IH2006,2020-06-17 11:23:55.200,2862.8000,17634,0,9485793120.000,0,-,-,-,-,2862.8000,2862.6000,2862.2000,2862.0000,2861.8000,2863.4000,2863.6000,2863.8000,2864.2000,2864.4000,2,1,1,1,5,2,2,1,4,4
SF,IH2006,2020-06-17 11:23:55.700,2862.8000,17634,0,9485793120.000,0,-,-,-,-,2862.8000,2862.6000,2862.2000,2862.0000,2861.8000,2863.4000,2863.6000,2863.8000,2864.2000,2864.4000,3,1,1,1,5,4,2,1,4,4
SF,IH2006,2020-06-17 11:23:56.700,2862.8000,17634,0,9485793120.000,0,-,-,-,-,2862.8000,2862.6000,2862.2000,2862.0000,2861.8000,2863.4000,2863.6000,2863.8000,2864.2000,2864.4000,4,1,1,1,5,4,2,1,4,4
SF,IH2006,2020-06-17 11:23:57.200,2862.8000,17634,0,9485793120.000,0,-,-,-,-,2862.8000,2862.6000,2862.2000,2862.0000,2861.8000,2863.4000,2863.6000,2863.8000,2864.2000,2864.4000,5,1,1,1,5,3,2,1,4,4
SF,IH2006,2020-06-17 11:23:57.700,2862.8000,17634,0,9485793120.000,0,-,-,-,-,2862.8000,2862.6000,2862.2000,2862.0000,2861.8000,2863.4000,2863.6000,2863.8000,2864.2000,2864.4000,6,1,1,1,5,3,2,1,4,4
SF,IH2006,2020-06-17 11:23:58.700,2862.8000,17634,0,9485793120.000,0,-,-,-,-,2863.0000,2862.8000,2862.6000,2862.2000,2862.0000,2863.4000,2863.6000,2863.8000,2864.2000,2864.4000,2,6,1,1,1,3,2,1,4,4
SF,IH2006,2020-06-17 11:23:59.200,2862.8000,17634,0,9485793120.000,0,-,-,-,-,2863.0000,2862.8000,2862.6000,2862.2000,2862.0000,2863.4000,2863.6000,2863.8000,2864.2000,2864.4000,2,6,1,1,1,4,2,1,4,4
SF,IH2006,2020-06-17 11:24:00.200,2862.8000,17634,0,9485793120.000,0,-,-,-,-,2863.0000,2862.8000,2862.6000,2862.2000,2862.0000,2863.4000,2863.6000,2863.8000,2864.2000,2864.4000,2,6,1,2,1,4,2,1,4,4
SF,IH2006,2020-06-17 11:24:05.700,2862.8000,17634,0,9485793120.000,0,-,-,-,-,2863.0000,2862.8000,2862.6000,2862.2000,2862.0000,2863.4000,2863.6000,2863.8000,2864.2000,2864.4000,2,6,1,1,1,4,2,1,4,4
SF,IH2006,2020-06-17 11:24:06.200,2862.8000,17634,0,9485793120.000,0,-,-,-,-,2863.2000,2863.0000,2862.8000,2862.6000,2862.2000,2863.4000,2863.6000,2863.8000,2864.2000,2864.4000,2,2,7,1,1,4,2,1,4,4
SF,IH2006,2020-06-17 11:24:06.700,2863.4000,17634,0,9486652140.000,1,0,1,空换,B,2863.2000,2863.0000,2862.8000,2862.6000,2862.2000,2863.4000,2863.6000,2863.8000,2864.2000,2864.4000,2,2,7,2,1,3,2,1,4,4
SF,IH2006,2020-06-17 11:24:07.200,2863.4000,17634,0,9486652140.000,0,-,-,-,-,2863.2000,2863.0000,2862.8000,2862.6000,2862.2000,2863.4000,2863.6000,2863.8000,2864.2000,2864.4000,2,3,7,2,1,1,2,1,4,4
SF,IH2006,2020-06-17 11:24:07.700,2863.4000,17633,-1,9487511160.000,1,0,1,双平,B,2863.2000,2863.0000,2862.8000,2862.6000,2862.2000,2863.6000,2863.8000,2864.2000,2864.4000,2864.6000,2,3,7,2,1,2,1,4,4,4
SF,IH2006,2020-06-17 11:24:08.200,2863.4000,17633,0,9487511160.000,0,-,-,-,-,2863.2000,2863.0000,2862.8000,2862.6000,2862.2000,2863.4000,2863.6000,2863.8000,2864.2000,2864.4000,3,3,5,2,1,1,2,1,4,4
SF,IH2006,2020-06-17 11:24:08.700,2863.4000,17633,0,9487511160.000,0,-,-,-,-,2863.2000,2863.0000,2862.8000,2862.6000,2862.2000,2863.4000,2863.6000,2863.8000,2864.2000,2864.4000,2,3,5,2,1,1,2,1,4,4
SF,IH2006,2020-06-17 11:24:10.700,2863.4000,17633,0,9487511160.000,0,-,-,-,-,2863.2000,2863.0000,2862.8000,2862.6000,2862.2000,2863.4000,2863.6000,2863.8000,2864.2000,2864.4000,2,3,5,2,1,1,2,2,4,4
SF,IH2006,2020-06-17 11:24:11.200,2863.2000,17635,2,9489229080.000,2,2,0,双开,B,2863.0000,2862.8000,2862.6000,2862.2000,2862.0000,2863.4000,2863.6000,2863.8000,2864.2000,2864.4000,3,5,2,1,1,2,2,2,4,4
SF,IH2006,2020-06-17 11:24:11.700,2863.0000,17635,0,9491805780.000,3,1,2,空换,B,2862.8000,2862.6000,2862.2000,2862.0000,2861.8000,2863.2000,2863.4000,2863.6000,2863.8000,2864.2000,4,2,1,1,5,3,2,2,2,4
SF,IH2006,2020-06-17 11:24:12.200,2863.0000,17635,0,9491805780.000,0,-,-,-,-,2862.8000,2862.6000,2862.2000,2862.0000,2861.8000,2863.2000,2863.4000,2863.6000,2863.8000,2864.2000,4,2,1,1,6,3,2,2,2,4
SF,IH2006,2020-06-17 11:24:12.700,2862.8000,17635,0,9492664620.000,1,0,1,空换,B,2862.8000,2862.6000,2862.2000,2862.0000,2861.8000,2863.2000,2863.4000,2863.6000,2863.8000,2864.2000,3,2,1,1,6,3,2,2,2,4
SF,IH2006,2020-06-17 11:24:13.700,2862.8000,17635,0,9492664620.000,0,-,-,-,-,2863.0000,2862.8000,2862.6000,2862.2000,2862.0000,2863.2000,2863.4000,2863.6000,2863.8000,2864.2000,1,3,2,1,1,3,2,2,2,4
SF,IH2006,2020-06-17 11:24:14.200,2862.8000,17635,0,9492664620.000,0,-,-,-,-,2863.0000,2862.8000,2862.6000,2862.2000,2862.0000,2863.2000,2863.4000,2863.6000,2863.8000,2864.2000,1,3,2,1,1,3,2,2,2,4
SF,IH2006,2020-06-17 11:24:14.700,2863.2000,17635,0,9495241440.000,3,1,2,空换,B,2862.8000,2862.6000,2862.2000,2862.0000,2861.8000,2863.2000,2863.4000,2863.6000,2863.8000,2864.2000,3,2,1,1,6,1,2,2,2,4
SF,IH2006,2020-06-17 11:24:15.200,2862.8000,17630,-5,9500394660.000,6,0,6,空平,B,2862.6000,2862.2000,2862.0000,2861.8000,2861.6000,2863.2000,2863.4000,2863.6000,2863.8000,2864.2000,2,1,1,6,2,1,2,2,2,4
SF,IH2006,2020-06-17 11:24:15.700,2862.8000,17630,0,9500394660.000,0,-,-,-,-,2862.8000,2862.6000,2862.2000,2862.0000,2861.8000,2863.2000,2863.4000,2863.6000,2863.8000,2864.2000,1,2,1,1,6,2,2,2,2,4
SF,IH2006,2020-06-17 11:24:16.200,2862.8000,17629,-1,9502971360.000,3,1,2,空平,B,2862.6000,2862.2000,2862.0000,2861.8000,2861.6000,2863.2000,2863.4000,2863.6000,2863.8000,2864.0000,2,1,1,6,2,1,2,2,2,1
SF,IH2006,2020-06-17 11:24:16.700,2862.8000,17629,0,9502971360.000,0,-,-,-,-,2862.6000,2862.2000,2862.0000,2861.8000,2861.6000,2863.2000,2863.4000,2863.6000,2863.8000,2864.0000,2,1,1,5,2,2,2,2,2,1
SF,IH2006,2020-06-17 11:24:17.200,2862.6000,17629,0,9503830140.000,1,0,1,空换,B,2862.6000,2862.2000,2862.0000,2861.8000,2861.6000,2863.0000,2863.2000,2863.4000,2863.6000,2863.8000,1,1,1,5,2,1,3,2,2,2
SF,IH2006,2020-06-17 11:24:17.700,2862.6000,17629,0,9504688920.000,1,0,1,空换,B,2862.2000,2862.0000,2861.8000,2861.6000,2861.0000,2863.0000,2863.2000,2863.4000,2863.6000,2863.8000,1,1,5,2,1,3,3,2,2,1
SF,IH2006,2020-06-17 11:24:18.200,2862.2000,17628,-1,9508123560.000,4,1,3,空平,B,2862.0000,2861.8000,2861.6000,2861.2000,2861.0000,2862.2000,2863.0000,2863.2000,2863.4000,2863.6000,1,5,2,1,1,1,3,3,2,2
SF,IH2006,2020-06-17 11:24:18.700,2862.2000,17627,-1,9509840880.000,2,0,2,空平,B,2862.6000,2862.4000,2862.2000,2862.0000,2861.8000,2863.0000,2863.2000,2863.4000,2863.6000,2863.8000,1,4,11,1,5,3,3,2,2,1
SF,IH2006,2020-06-17 11:24:19.200,2862.6000,17627,0,9510699660.000,1,0,1,空换,B,2862.2000,2862.0000,2861.8000,2861.6000,2861.0000,2863.0000,2863.2000,2863.4000,2863.6000,2863.8000,3,1,5,2,1,3,3,2,2,1
SF,IH2006,2020-06-17 11:24:19.700,2862.6000,17627,0,9510699660.000,0,-,-,-,-,2862.4000,2862.2000,2862.0000,2861.8000,2861.6000,2862.8000,2863.0000,2863.2000,2863.4000,2863.6000,1,2,1,5,2,1,3,3,2,2
SF,IH2006,2020-06-17 11:24:20.200,2862.6000,17626,-1,9511558440.000,1,0,1,双平,B,2862.4000,2862.2000,2862.0000,2861.8000,2861.6000,2862.8000,2863.0000,2863.2000,2863.4000,2863.6000,1,2,1,5,2,2,3,3,2,2
SF,IH2006,2020-06-17 11:24:20.700,2862.6000,17626,0,9511558440.000,0,-,-,-,-,2862.6000,2862.2000,2862.0000,2861.8000,2861.6000,2862.8000,2863.0000,2863.2000,2863.4000,2863.6000,2,2,1,5,2,2,3,3,2,2
SF,IH2006,2020-06-17 11:24:22.200,2862.6000,17626,0,9511558440.000,0,-,-,-,-,2862.6000,2862.2000,2862.0000,2861.8000,2861.6000,2862.8000,2863.0000,2863.2000,2863.4000,2863.6000,2,2,1,5,2,2,3,3,2,2
SF,IH2006,2020-06-17 11:24:22.700,2862.8000,17626,0,9513276060.000,2,1,1,空换,B,2862.6000,2862.2000,2862.0000,2861.8000,2861.6000,2862.8000,2863.0000,2863.2000,2863.4000,2863.6000,1,2,1,5,2,1,2,3,2,2
SF,IH2006,2020-06-17 11:24:27.200,2862.8000,17626,0,9513276060.000,0,-,-,-,-,2862.6000,2862.2000,2862.0000,2861.8000,2861.6000,2862.8000,2863.0000,2863.2000,2863.4000,2863.6000,1,2,1,5,2,1,2,4,2,2
SF,IH2006,2020-06-17 11:24:27.700,2862.8000,17626,0,9514134900.000,1,0,1,空换,B,2862.6000,2862.2000,2862.0000,2861.8000,2861.6000,2863.0000,2863.2000,2863.4000,2863.6000,2863.8000,1,2,1,5,2,2,4,2,2,1
SF,IH2006,2020-06-17 11:24:28.200,2862.6000,17625,-1,9514993680.000,1,0,1,双平,B,2862.2000,2862.0000,2861.8000,2861.6000,2861.2000,2863.0000,2863.2000,2863.4000,2863.6000,2863.8000,2,1,5,2,2,2,4,2,2,1
SF,IH2006,2020-06-17 11:24:28.700,2862.6000,17625,0,9514993680.000,0,-,-,-,-,2862.8000,2862.6000,2862.4000,2862.2000,2862.0000,2863.0000,2863.2000,2863.4000,2863.6000,2863.8000,1,4,7,3,1,2,7,2,2,1
SF,IH2006,2020-06-17 11:24:29.200,2862.6000,17625,0,9515852460.000,1,0,1,空换,B,2862.6000,2862.4000,2862.2000,2862.0000,2861.8000,2863.2000,2863.4000,2863.6000,2863.8000,2864.0000,2,5,3,1,5,7,2,2,1,1
SF,IH2006,2020-06-17 11:24:29.700,2862.6000,17625,0,9515852460.000,0,-,-,-,-,2862.6000,2862.4000,2862.2000,2862.0000,2861.8000,2863.2000,2863.4000,2863.6000,2863.8000,2864.0000,2,6,3,1,5,7,2,2,1,1
SF,IH2006,2020-06-17 11:24:30.700,2862.6000,17625,0,9515852460.000,0,-,-,-,-,2862.6000,2862.4000,2862.2000,2862.0000,2861.8000,2863.2000,2863.4000,2863.6000,2863.8000,2864.0000,1,6,3,1,5,7,2,2,1,1
SF,IH2006,2020-06-17 11:24:31.200,2862.6000,17625,0,9515852460.000,0,-,-,-,-,2862.4000,2862.2000,2862.0000,2861.8000,2861.6000,2863.0000,2863.2000,2863.4000,2863.6000,2863.8000,5,3,1,5,2,2,7,2,2,1
SF,IH2006,2020-06-17 11:24:31.700,2862.6000,17625,0,9515852460.000,0,-,-,-,-,2862.6000,2862.4000,2862.2000,2862.0000,2861.8000,2862.8000,2863.0000,2863.2000,2863.4000,2863.6000,1,4,1,1,5,1,2,7,2,1
SF,IH2006,2020-06-17 11:24:32.200,2862.6000,17625,0,9515852460.000,0,-,-,-,-,2862.6000,2862.4000,2862.2000,2862.0000,2861.8000,2863.0000,2863.2000,2863.4000,2863.6000,2863.8000,1,4,1,1,5,3,7,2,1,1
SF,IH2006,2020-06-17 11:24:33.700,2862.6000,17625,0,9515852460.000,0,-,-,-,-,2862.8000,2862.6000,2862.4000,2862.2000,2862.0000,2863.0000,2863.2000,2863.4000,2863.6000,2863.8000,1,1,3,1,1,3,7,2,1,1
SF,IH2006,2020-06-17 11:24:34.200,2862.6000,17625,0,9515852460.000,0,-,-,-,-,2862.8000,2862.6000,2862.4000,2862.2000,2862.0000,2863.0000,2863.2000,2863.4000,2863.6000,2863.8000,1,1,1,1,1,3,7,2,1,1
SF,IH2006,2020-06-17 11:24:34.700,2862.6000,17625,0,9515852460.000,0,-,-,-,-,2862.8000,2862.6000,2862.4000,2862.2000,2862.0000,2863.0000,2863.2000,2863.4000,2863.6000,2863.8000,1,1,1,1,1,2,7,2,1,1
SF,IH2006,2020-06-17 11:24:37.200,2862.8000,17625,0,9516711300.000,1,0,1,空换,B,2862.6000,2862.2000,2862.0000,2861.8000,2861.6000,2862.8000,2863.0000,2863.2000,2863.4000,2863.6000,1,1,1,5,2,2,2,7,2,1
SF,IH2006,2020-06-17 11:24:38.200,2862.8000,17625,0,9516711300.000,0,-,-,-,-,2862.6000,2862.4000,2862.2000,2862.0000,2861.8000,2863.0000,2863.2000,2863.4000,2863.6000,2863.8000,1,1,1,1,5,2,7,2,1,1
SF,IH2006,2020-06-17 11:24:38.700,2862.8000,17625,0,9516711300.000,0,-,-,-,-,2862.8000,2862.6000,2862.4000,2862.2000,2862.0000,2863.0000,2863.2000,2863.4000,2863.6000,2863.8000,1,1,1,1,1,4,7,2,1,1
SF,IH2006,2020-06-17 11:24:40.200,2862.8000,17625,0,9516711300.000,0,-,-,-,-,2862.8000,2862.6000,2862.4000,2862.2000,2862.0000,2863.0000,2863.2000,2863.4000,2863.6000,2863.8000,1,1,1,1,1,4,7,2,1,1
SF,IH2006,2020-06-17 11:24:40.700,2862.8000,17625,0,9516711300.000,0,-,-,-,-,2862.8000,2862.6000,2862.4000,2862.2000,2862.0000,2863.0000,2863.2000,2863.4000,2863.6000,2863.8000,1,1,1,1,1,3,7,2,1,1
SF,IH2006,2020-06-17 11:24:41.200,2863.0000,17626,1,9517570200.000,1,1,0,双开,B,2862.8000,2862.6000,2862.4000,2862.2000,2862.0000,2863.0000,2863.2000,2863.4000,2863.6000,2863.8000,1,1,1,1,1,2,7,2,1,1
SF,IH2006,2020-06-17 11:24:45.700,2863.0000,17626,0,9518429100.000,1,0,1,空换,B,2862.8000,2862.6000,2862.4000,2862.2000,2862.0000,2863.0000,2863.2000,2863.4000,2863.6000,2863.8000,1,1,1,1,1,1,7,2,1,1
SF,IH2006,2020-06-17 11:24:46.200,2863.0000,17626,0,9518429100.000,0,-,-,-,-,2862.8000,2862.6000,2862.4000,2862.2000,2862.0000,2863.0000,2863.2000,2863.4000,2863.6000,2863.8000,1,1,1,1,1,1,7,2,1,1
SF,IH2006,2020-06-17 11:24:51.700,2863.0000,17627,1,9519288000.000,1,1,0,双开,B,2862.8000,2862.6000,2862.4000,2862.2000,2862.0000,2863.2000,2863.4000,2863.6000,2863.8000,2864.0000,1,1,1,1,1,7,2,1,1,1
SF,IH2006,2020-06-17 11:24:52.200,2862.8000,17628,1,9520146840.000,1,1,0,双开,B,2863.0000,2862.6000,2862.4000,2862.2000,2862.0000,2863.2000,2863.4000,2863.6000,2863.8000,2864.0000,1,1,1,1,1,7,2,1,1,1
SF,IH2006,2020-06-17 11:24:52.700,2862.6000,17628,0,9521864520.000,2,1,1,空换,B,2862.4000,2862.2000,2862.0000,2861.8000,2861.6000,2863.0000,2863.2000,2863.4000,2863.6000,2863.8000,1,1,1,6,2,3,7,2,1,1
SF,IH2006,2020-06-17 11:24:53.200,2863.0000,17629,1,9522723420.000,1,1,0,双开,B,2862.6000,2862.4000,2862.2000,2862.0000,2861.8000,2863.0000,2863.2000,2863.4000,2863.6000,2863.8000,1,2,1,1,6,2,7,2,1,1
SF,IH2006,2020-06-17 11:24:53.700,2863.0000,17628,-1,9523582320.000,1,0,1,双平,B,2862.6000,2862.4000,2862.2000,2862.0000,2861.8000,2863.2000,2863.4000,2863.6000,2863.8000,2864.0000,2,1,1,1,6,7,2,1,1,1
SF,IH2006,2020-06-17 11:24:54.200,2863.0000,17628,0,9523582320.000,0,-,-,-,-,2862.6000,2862.4000,2862.2000,2862.0000,2861.8000,2863.2000,2863.4000,2863.6000,2863.8000,2864.0000,1,1,1,1,6,7,2,1,1,1
SF,IH2006,2020-06-17 11:24:54.700,2863.0000,17628,0,9523582320.000,0,-,-,-,-,2862.6000,2862.4000,2862.0000,2861.8000,2861.6000,2863.2000,2863.4000,2863.6000,2863.8000,2864.0000,3,1,1,6,2,6,2,1,1,1
SF,IH2006,2020-06-17 11:24:55.200,2863.0000,17628,0,9523582320.000,0,-,-,-,-,2862.8000,2862.6000,2862.4000,2862.0000,2861.8000,2863.2000,2863.4000,2863.6000,2863.8000,2864.0000,3,3,1,1,5,6,2,1,1,1
SF,IH2006,2020-06-17 11:24:55.700,2863.2000,17629,1,9525300120.000,2,1,1,多开,B,2862.8000,2862.6000,2862.4000,2862.0000,2861.8000,2863.2000,2863.4000,2863.6000,2863.8000,2864.0000,2,3,1,1,5,4,2,1,1,1
SF,IH2006,2020-06-17 11:24:56.200,2863.2000,17631,2,9527018040.000,2,2,0,双开,B,2863.0000,2862.6000,2862.4000,2862.0000,2861.8000,2863.2000,2863.4000,2863.6000,2863.8000,2864.0000,1,3,1,1,5,3,2,1,1,1
SF,IH2006,2020-06-17 11:24:56.700,2863.2000,17631,0,9527018040.000,0,-,-,-,-,2863.0000,2862.6000,2862.4000,2862.0000,2861.8000,2863.2000,2863.4000,2863.6000,2863.8000,2864.0000,1,4,1,1,5,3,2,1,1,1
SF,IH2006,2020-06-17 11:24:57.200,2863.0000,17631,0,9527876940.000,1,0,1,空换,B,2862.6000,2862.4000,2862.0000,2861.8000,2861.6000,2863.2000,2863.4000,2863.6000,2863.8000,2864.0000,4,1,1,5,2,3,2,1,1,1
SF,IH2006,2020-06-17 11:24:57.700,2863.0000,17631,0,9527876940.000,0,-,-,-,-,2862.6000,2862.4000,2862.0000,2861.8000,2861.6000,2863.2000,2863.4000,2863.6000,2863.8000,2864.0000,4,1,1,5,2,4,2,1,1,1
SF,IH2006,2020-06-17 11:24:58.700,2863.0000,17631,0,9527876940.000,0,-,-,-,-,2862.6000,2862.4000,2862.0000,2861.8000,2861.6000,2863.2000,2863.4000,2863.6000,2863.8000,2864.0000,4,1,1,5,2,4,2,1,1,1
SF,IH2006,2020-06-17 11:24:59.200,2863.0000,17631,0,9527876940.000,0,-,-,-,-,2862.8000,2862.6000,2862.0000,2861.8000,2861.6000,2863.2000,2863.4000,2863.6000,2863.8000,2864.0000,1,3,1,5,2,4,2,1,1,1
SF,IH2006,2020-06-17 11:24:59.700,2863.0000,17631,0,9527876940.000,0,-,-,-,-,2862.8000,2862.6000,2862.0000,2861.8000,2861.6000,2863.2000,2863.4000,2863.6000,2863.8000,2864.0000,2,3,1,5,2,4,2,1,1,1
SF,IH2006,2020-06-17 11:25:02.200,2862.8000,17631,0,9528735780.000,1,0,1,空换,B,2862.8000,2862.6000,2862.0000,2861.8000,2861.6000,2863.2000,2863.4000,2863.6000,2863.8000,2864.0000,1,3,1,5,2,4,2,1,1,1
SF,IH2006,2020-06-17 11:25:02.700,2862.8000,17631,0,9529594620.000,1,0,1,空换,B,2862.8000,2862.6000,2862.0000,2861.8000,2861.6000,2863.2000,2863.4000,2863.6000,2863.8000,2864.0000,1,3,1,5,2,4,2,1,1,1
SF,IH2006,2020-06-17 11:25:03.200,2862.6000,17631,0,9531312240.000,2,1,1,空换,B,2862.6000,2862.0000,2861.8000,2861.6000,2861.2000,2863.2000,2863.4000,2863.6000,2863.8000,2864.0000,2,1,5,2,1,4,2,1,1,1
SF,IH2006,2020-06-17 11:25:03.700,2862.6000,17631,0,9531312240.000,0,-,-,-,-,2862.6000,2862.0000,2861.8000,2861.6000,2861.2000,2862.8000,2863.0000,2863.2000,2863.4000,2863.6000,2,1,5,3,1,1,2,4,2,1
SF,IH2006,2020-06-17 11:25:04.200,2862.6000,17631,0,9531312240.000,0,-,-,-,-,2862.6000,2862.0000,2861.8000,2861.6000,2861.2000,2862.8000,2863.0000,2863.2000,2863.4000,2863.6000,2,1,5,3,1,2,7,4,2,1
SF,IH2006,2020-06-17 11:25:04.700,2862.6000,17630,-1,9533029800.000,2,0,2,空平,B,2862.0000,2861.8000,2861.6000,2861.2000,2861.0000,2862.8000,2863.0000,2863.2000,2863.4000,2863.6000,1,5,2,1,1,2,7,4,2,1
SF,IH2006,2020-06-17 11:25:05.200,2862.6000,17630,0,9533029800.000,0,-,-,-,-,2862.2000,2862.0000,2861.8000,2861.6000,2861.2000,2862.8000,2863.0000,2863.2000,2863.4000,2863.6000,7,1,5,2,1,3,7,4,1,1
SF,IH2006,2020-06-17 11:25:05.700,2862.6000,17630,0,9533029800.000,0,-,-,-,-,2862.6000,2862.4000,2862.2000,2862.0000,2861.8000,2862.8000,2863.0000,2863.2000,2863.4000,2863.6000,6,1,7,1,5,3,7,4,1,1
SF,IH2006,2020-06-17 11:25:06.200,2862.6000,17630,0,9533029800.000,0,-,-,-,-,2862.6000,2862.4000,2862.2000,2862.0000,2861.8000,2862.8000,2863.0000,2863.2000,2863.4000,2863.6000,6,3,6,2,5,1,7,4,1,1
SF,IH2006,2020-06-17 11:25:07.200,2862.8000,17630,0,9533888640.000,1,0,1,空换,B,2862.6000,2862.4000,2862.2000,2862.0000,2861.8000,2863.0000,2863.2000,2863.4000,2863.6000,2863.8000,6,3,5,2,5,7,4,1,1,1
SF,IH2006,2020-06-17 11:25:07.700,2862.8000,17630,0,9533888640.000,0,-,-,-,-,2862.6000,2862.4000,2862.2000,2862.0000,2861.8000,2863.0000,2863.2000,2863.4000,2863.6000,2863.8000,6,3,5,2,5,5,4,1,1,1
SF,IH2006,2020-06-17 11:25:08.200,2862.8000,17630,0,9533888640.000,0,-,-,-,-,2862.6000,2862.4000,2862.2000,2862.0000,2861.8000,2863.0000,2863.2000,2863.4000,2863.6000,2863.8000,7,1,5,2,5,5,4,1,1,1
SF,IH2006,2020-06-17 11:25:08.700,2862.8000,17630,0,9533888640.000,0,-,-,-,-,2862.8000,2862.6000,2862.4000,2862.2000,2862.0000,2863.0000,2863.2000,2863.4000,2863.6000,2863.8000,1,3,1,5,2,5,4,1,1,1
SF,IH2006,2020-06-17 11:25:09.200,2862.6000,17637,7,9541618020.000,9,8,1,多开,B,2862.2000,2862.0000,2861.8000,2861.6000,2861.2000,2863.0000,2863.2000,2863.4000,2863.6000,2863.8000,5,2,5,2,1,5,4,1,1,1
SF,IH2006,2020-06-17 11:25:09.700,2862.6000,17637,0,9541618020.000,0,-,-,-,-,2862.2000,2862.0000,2861.8000,2861.6000,2861.2000,2863.0000,2863.2000,2863.4000,2863.6000,2863.8000,5,2,5,2,2,6,4,1,1,1
SF,IH2006,2020-06-17 11:25:10.200,2862.6000,17637,0,9541618020.000,0,-,-,-,-,2862.2000,2862.0000,2861.8000,2861.6000,2861.2000,2863.0000,2863.2000,2863.4000,2863.6000,2863.8000,3,2,5,2,2,6,4,1,1,1
SF,IH2006,2020-06-17 11:25:10.700,2862.8000,17637,0,9542476860.000,1,0,1,空换,B,2862.2000,2862.0000,2861.8000,2861.6000,2861.2000,2863.0000,2863.2000,2863.4000,2863.6000,2863.8000,3,2,5,2,2,7,4,1,1,1
SF,IH2006,2020-06-17 11:25:11.200,2862.8000,17637,0,9542476860.000,0,-,-,-,-,2862.2000,2862.0000,2861.8000,2861.6000,2861.2000,2863.0000,2863.2000,2863.4000,2863.6000,2863.8000,3,2,5,2,2,8,4,1,1,1
SF,IH2006,2020-06-17 11:25:12.200,2862.8000,17637,0,9542476860.000,0,-,-,-,-,2862.4000,2862.2000,2862.0000,2861.8000,2861.6000,2863.0000,2863.2000,2863.4000,2863.6000,2863.8000,1,3,2,5,2,8,4,1,1,1
SF,IH2006,2020-06-17 11:25:13.200,2862.8000,17637,0,9542476860.000,0,-,-,-,-,2862.6000,2862.4000,2862.2000,2862.0000,2861.8000,2863.0000,2863.2000,2863.4000,2863.6000,2863.8000,1,1,3,2,5,8,4,1,1,1
SF,IH2006,2020-06-17 11:25:13.700,2862.8000,17637,0,9542476860.000,0,-,-,-,-,2862.6000,2862.4000,2862.2000,2862.0000,2861.8000,2862.8000,2863.0000,2863.2000,2863.4000,2863.6000,1,1,3,2,5,1,8,4,1,1
SF,IH2006,2020-06-17 11:25:16.200,2862.8000,17637,0,9542476860.000,0,-,-,-,-,2862.6000,2862.4000,2862.2000,2862.0000,2861.8000,2862.8000,2863.0000,2863.2000,2863.4000,2863.6000,2,1,3,2,5,1,8,4,1,1
SF,IH2006,2020-06-17 11:25:16.700,2862.8000,17637,0,9542476860.000,0,-,-,-,-,2862.6000,2862.4000,2862.2000,2862.0000,2861.8000,2862.8000,2863.0000,2863.2000,2863.4000,2863.6000,3,1,2,2,5,1,8,4,1,1
SF,IH2006,2020-06-17 11:25:17.700,2862.8000,17637,0,9542476860.000,0,-,-,-,-,2862.6000,2862.4000,2862.2000,2862.0000,2861.8000,2862.8000,2863.0000,2863.2000,2863.4000,2863.6000,4,1,2,2,5,1,8,4,1,1
SF,IH2006,2020-06-17 11:25:18.200,2862.8000,17637,0,9542476860.000,0,-,-,-,-,2862.6000,2862.4000,2862.2000,2862.0000,2861.8000,2862.8000,2863.0000,2863.2000,2863.4000,2863.6000,4,1,2,2,5,1,8,4,1,1
SF,IH2006,2020-06-17 11:25:20.200,2862.8000,17637,0,9542476860.000,0,-,-,-,-,2862.6000,2862.4000,2862.2000,2862.0000,2861.8000,2862.8000,2863.0000,2863.2000,2863.4000,2863.6000,4,1,2,2,5,1,8,4,1,1
SF,IH2006,2020-06-17 11:25:20.700,2862.8000,17637,0,9543335700.000,1,0,1,空换,B,2862.6000,2862.2000,2862.0000,2861.8000,2861.6000,2863.0000,2863.2000,2863.4000,2863.6000,2863.8000,3,2,2,5,2,6,4,1,1,1
SF,IH2006,2020-06-17 11:25:21.200,2862.8000,17637,0,9543335700.000,0,-,-,-,-,2862.6000,2862.2000,2862.0000,2861.8000,2861.6000,2863.0000,2863.2000,2863.4000,2863.6000,2863.8000,3,1,2,5,2,6,4,1,1,1
SF,IH2006,2020-06-17 11:25:21.700,2862.8000,17637,0,9543335700.000,0,-,-,-,-,2862.6000,2862.2000,2862.0000,2861.8000,2861.6000,2863.0000,2863.2000,2863.4000,2863.6000,2863.8000,4,1,2,5,2,6,4,1,1,1
SF,IH2006,2020-06-17 11:25:22.200,2862.8000,17637,0,9543335700.000,0,-,-,-,-,2862.6000,2862.2000,2862.0000,2861.8000,2861.6000,2863.0000,2863.2000,2863.4000,2863.6000,2863.8000,4,1,2,5,2,5,4,1,1,1
SF,IH2006,2020-06-17 11:25:24.200,2862.8000,17637,0,9543335700.000,0,-,-,-,-,2862.6000,2862.2000,2862.0000,2861.8000,2861.6000,2863.0000,2863.2000,2863.4000,2863.6000,2863.8000,4,1,2,5,2,5,4,1,1,1
SF,IH2006,2020-06-17 11:25:25.700,2862.8000,17636,-1,9544194540.000,1,0,1,双平,B,2862.6000,2862.2000,2862.0000,2861.8000,2861.6000,2863.0000,2863.2000,2863.4000,2863.6000,2863.8000,4,1,2,5,2,5,4,1,1,1
SF,IH2006,2020-06-17 11:25:27.700,2862.8000,17636,0,9544194540.000,0,-,-,-,-,2862.6000,2862.2000,2862.0000,2861.8000,2861.6000,2863.0000,2863.2000,2863.4000,2863.6000,2863.8000,4,1,2,5,2,6,4,1,1,1
SF,IH2006,2020-06-17 11:25:32.200,2862.8000,17636,0,9544194540.000,0,-,-,-,-,2862.8000,2862.6000,2862.2000,2862.0000,2861.8000,2863.0000,2863.2000,2863.4000,2863.6000,2863.8000,2,4,1,2,5,6,4,1,1,1
SF,IH2006,2020-06-17 11:25:32.700,2863.2000,17638,2,9551065860.000,8,5,3,多开,B,2863.2000,2863.0000,2862.8000,2862.6000,2862.2000,2863.4000,2863.6000,2863.8000,2864.0000,2864.2000,2,17,2,4,1,1,1,1,1,3
SF,IH2006,2020-06-17 11:25:33.200,2863.4000,17638,0,9551924880.000,1,0,1,空换,B,2863.4000,2863.2000,2863.0000,2862.8000,2862.6000,2863.6000,2863.8000,2864.0000,2864.2000,2864.4000,1,1,4,2,4,1,1,1,3,2
SF,IH2006,2020-06-17 11:25:33.700,2863.4000,17638,0,9551924880.000,0,-,-,-,-,2863.4000,2863.0000,2862.8000,2862.6000,2862.2000,2863.6000,2863.8000,2864.0000,2864.2000,2864.4000,1,4,2,4,1,1,1,1,3,2
SF,IH2006,2020-06-17 11:25:34.200,2863.4000,17638,0,9554501940.000,3,1,2,空换,B,2863.0000,2862.8000,2862.6000,2862.2000,2862.0000,2863.4000,2863.6000,2863.8000,2864.0000,2864.2000,4,2,4,1,2,1,1,1,1,3
SF,IH2006,2020-06-17 11:25:34.700,2863.4000,17638,0,9555360960.000,1,0,1,空换,B,2863.0000,2862.8000,2862.6000,2862.2000,2862.0000,2863.6000,2863.8000,2864.0000,2864.2000,2864.4000,3,2,4,1,3,1,1,1,3,2
SF,IH2006,2020-06-17 11:25:35.200,2863.4000,17638,0,9555360960.000,0,-,-,-,-,2863.4000,2863.0000,2862.8000,2862.6000,2862.2000,2863.6000,2863.8000,2864.0000,2864.2000,2864.4000,1,3,1,4,1,3,1,1,3,2
SF,IH2006,2020-06-17 11:25:35.700,2863.4000,17638,0,9556219980.000,1,0,1,空换,B,2863.0000,2862.8000,2862.6000,2862.2000,2862.0000,2863.4000,2863.6000,2863.8000,2864.0000,2864.2000,3,1,4,1,2,1,3,1,1,3
SF,IH2006,2020-06-17 11:25:36.200,2863.4000,17638,0,9556219980.000,0,-,-,-,-,2863.0000,2862.8000,2862.6000,2862.2000,2862.0000,2863.4000,2863.6000,2863.8000,2864.0000,2864.2000,3,1,4,1,3,1,3,1,1,3
SF,IH2006,2020-06-17 11:25:36.700,2863.4000,17638,0,9556219980.000,0,-,-,-,-,2863.0000,2862.8000,2862.6000,2862.2000,2862.0000,2863.4000,2863.6000,2863.8000,2864.0000,2864.2000,3,1,4,1,2,1,3,1,1,3
SF,IH2006,2020-06-17 11:25:39.200,2863.4000,17638,0,9556219980.000,0,-,-,-,-,2863.0000,2862.8000,2862.6000,2862.2000,2862.0000,2863.4000,2863.6000,2863.8000,2864.0000,2864.2000,3,1,4,1,2,2,3,1,1,3
SF,IH2006,2020-06-17 11:25:39.700,2863.4000,17637,-1,9557937960.000,2,0,2,空平,B,2863.0000,2862.8000,2862.6000,2862.2000,2862.0000,2863.6000,2863.8000,2864.0000,2864.2000,2864.4000,3,1,4,1,2,3,1,1,3,2
SF,IH2006,2020-06-17 11:25:40.700,2863.4000,17637,0,9557937960.000,0,-,-,-,-,2862.8000,2862.6000,2862.2000,2862.0000,2861.8000,2863.4000,2863.6000,2863.8000,2864.0000,2864.2000,1,4,1,2,5,2,3,1,1,3
SF,IH2006,2020-06-17 11:25:41.200,2863.4000,17637,0,9558796980.000,1,0,1,空换,B,2863.0000,2862.8000,2862.6000,2862.0000,2861.8000,2863.6000,2863.8000,2864.0000,2864.2000,2864.4000,1,2,4,2,5,3,1,1,3,2
SF,IH2006,2020-06-17 11:25:41.700,2863.4000,17637,0,9558796980.000,0,-,-,-,-,2863.0000,2862.8000,2862.6000,2862.0000,2861.8000,2863.4000,2863.6000,2863.8000,2864.0000,2864.2000,1,2,4,2,5,1,3,1,1,3
SF,IH2006,2020-06-17 11:25:42.200,2863.4000,17637,0,9558796980.000,0,-,-,-,-,2863.0000,2862.8000,2862.6000,2862.0000,2861.8000,2863.4000,2863.6000,2863.8000,2864.0000,2864.2000,2,2,4,2,5,1,3,1,1,3
SF,IH2006,2020-06-17 11:25:44.700,2863.4000,17637,0,9558796980.000,0,-,-,-,-,2863.2000,2863.0000,2862.8000,2862.6000,2862.0000,2863.4000,2863.6000,2863.8000,2864.0000,2864.2000,1,2,2,4,2,1,3,1,1,3
SF,IH2006,2020-06-17 11:25:51.200,2863.4000,17636,-1,9559656000.000,1,0,1,双平,B,2863.2000,2863.0000,2862.8000,2862.6000,2862.0000,2863.6000,2863.8000,2864.0000,2864.2000,2864.4000,1,2,2,4,2,3,1,1,3,2
SF,IH2006,2020-06-17 11:25:51.700,2863.2000,17636,0,9560514960.000,1,0,1,空换,B,2863.0000,2862.8000,2862.6000,2862.0000,2861.8000,2863.6000,2863.8000,2864.0000,2864.2000,2864.4000,2,2,4,2,5,3,1,1,3,2
SF,IH2006,2020-06-17 11:25:54.700,2863.2000,17636,0,9560514960.000,0,-,-,-,-,2863.0000,2862.8000,2862.6000,2862.0000,2861.8000,2863.6000,2863.8000,2864.0000,2864.2000,2864.4000,3,2,4,2,4,3,1,1,3,2
SF,IH2006,2020-06-17 11:25:55.200,2863.6000,17636,0,9561374040.000,1,0,1,空换,B,2863.0000,2862.8000,2862.6000,2862.0000,2861.8000,2863.6000,2863.8000,2864.0000,2864.2000,2864.4000,3,2,4,2,4,2,1,1,3,2
SF,IH2006,2020-06-17 11:25:55.700,2863.6000,17636,0,9561374040.000,0,-,-,-,-,2863.0000,2862.8000,2862.6000,2862.0000,2861.8000,2863.6000,2863.8000,2864.0000,2864.2000,2864.4000,4,2,4,2,4,2,1,1,3,2
SF,IH2006,2020-06-17 11:25:59.700,2863.6000,17636,0,9561374040.000,0,-,-,-,-,2863.2000,2863.0000,2862.8000,2862.6000,2862.0000,2863.6000,2863.8000,2864.0000,2864.2000,2864.4000,1,4,2,4,2,2,1,1,3,2
SF,IH2006,2020-06-17 11:26:00.200,2863.2000,17636,0,9562233000.000,1,0,1,空换,B,2863.0000,2862.8000,2862.6000,2862.0000,2861.8000,2863.2000,2863.6000,2863.8000,2864.0000,2864.2000,3,2,4,2,4,9,2,1,1,3
SF,IH2006,2020-06-17 11:26:00.700,2863.2000,17636,0,9562233000.000,0,-,-,-,-,2863.0000,2862.8000,2862.6000,2862.0000,2861.8000,2863.6000,2863.8000,2864.0000,2864.2000,2864.4000,2,1,4,2,4,2,1,1,3,2
SF,IH2006,2020-06-17 11:26:01.200,2863.0000,17636,0,9563950800.000,2,1,1,空换,B,2862.8000,2862.6000,2862.0000,2861.8000,2861.6000,2863.0000,2863.6000,2863.8000,2864.0000,2864.2000,1,4,2,4,2,7,2,1,1,3
SF,IH2006,2020-06-17 11:26:01.700,2863.0000,17636,0,9563950800.000,0,-,-,-,-,2863.2000,2863.0000,2862.8000,2862.6000,2862.0000,2863.6000,2863.8000,2864.0000,2864.2000,2864.4000,1,1,1,4,2,2,1,1,3,2
SF,IH2006,2020-06-17 11:26:02.200,2863.2000,17637,1,9566527680.000,3,2,1,多开,B,2863.0000,2862.8000,2862.6000,2862.0000,2861.8000,2863.2000,2863.6000,2863.8000,2864.0000,2864.2000,1,1,4,2,4,4,2,1,1,3
SF,IH2006,2020-06-17 11:26:02.700,2863.2000,17641,4,9569963520.000,4,4,0,双开,B,2863.4000,2863.2000,2863.0000,2862.8000,2862.6000,2863.6000,2863.8000,2864.0000,2864.2000,2864.4000,1,6,1,1,4,2,1,1,3,2
SF,IH2006,2020-06-17 11:26:03.200,2863.6000,17641,0,9570822600.000,1,0,1,空换,B,2863.4000,2863.2000,2863.0000,2862.8000,2862.6000,2863.6000,2863.8000,2864.0000,2864.2000,2864.4000,1,2,1,1,4,1,1,1,3,2
SF,IH2006,2020-06-17 11:26:03.700,2863.6000,17641,0,9570822600.000,0,-,-,-,-,2863.4000,2863.2000,2863.0000,2862.8000,2862.6000,2863.6000,2863.8000,2864.0000,2864.2000,2864.4000,2,2,1,1,4,1,1,1,3,2
SF,IH2006,2020-06-17 11:26:04.200,2863.4000,17642,1,9571681620.000,1,1,0,双开,B,2863.4000,2863.2000,2863.0000,2862.8000,2862.6000,2863.8000,2864.0000,2864.2000,2864.4000,2864.6000,1,2,1,1,4,2,1,3,2,1
SF,IH2006,2020-06-17 11:26:04.700,2863.4000,17642,0,9571681620.000,0,-,-,-,-,2863.4000,2863.2000,2863.0000,2862.8000,2862.6000,2863.8000,2864.0000,2864.2000,2864.4000,2864.6000,1,2,1,1,4,3,1,3,2,1
SF,IH2006,2020-06-17 11:26:05.200,2863.6000,17643,1,9572540700.000,1,1,0,双开,B,2863.6000,2863.4000,2863.2000,2863.0000,2862.6000,2863.8000,2864.0000,2864.2000,2864.4000,2864.6000,2,1,2,1,4,3,1,3,2,1
SF,IH2006,2020-06-17 11:26:05.700,2863.6000,17643,0,9572540700.000,0,-,-,-,-,2863.6000,2863.4000,2863.2000,2863.0000,2862.8000,2863.8000,2864.0000,2864.2000,2864.4000,2864.6000,2,1,2,1,1,3,1,3,2,1
SF,IH2006,2020-06-17 11:26:06.200,2863.6000,17643,0,9574258860.000,2,1,1,空换,B,2863.4000,2863.2000,2863.0000,2862.8000,2862.6000,2863.8000,2864.0000,2864.2000,2864.4000,2864.6000,1,2,1,1,4,3,1,3,2,1
SF,IH2006,2020-06-17 11:26:08.200,2863.6000,17643,0,9574258860.000,0,-,-,-,-,2863.4000,2863.2000,2863.0000,2862.8000,2862.6000,2863.8000,2864.0000,2864.2000,2864.4000,2864.6000,1,2,1,1,4,3,1,3,2,2
SF,IH2006,2020-06-17 11:26:08.700,2863.6000,17643,0,9574258860.000,0,-,-,-,-,2863.6000,2863.4000,2863.2000,2863.0000,2862.8000,2863.8000,2864.0000,2864.2000,2864.4000,2864.6000,1,1,2,1,1,3,1,3,2,2
SF,IH2006,2020-06-17 11:26:09.200,2863.6000,17643,0,9574258860.000,0,-,-,-,-,2863.6000,2863.4000,2863.2000,2863.0000,2862.8000,2863.8000,2864.0000,2864.2000,2864.4000,2864.6000,1,1,2,1,1,3,1,3,2,2
SF,IH2006,2020-06-17 11:26:10.200,2863.6000,17643,0,9574258860.000,0,-,-,-,-,2863.6000,2863.4000,2863.0000,2862.8000,2862.6000,2863.8000,2864.0000,2864.2000,2864.4000,2864.6000,1,1,1,1,3,3,1,3,2,2
SF,IH2006,2020-06-17 11:26:12.700,2863.6000,17644,1,9575117940.000,1,1,0,双开,B,2863.4000,2863.0000,2862.8000,2862.6000,2862.0000,2863.8000,2864.0000,2864.2000,2864.4000,2864.6000,2,1,1,3,2,3,1,3,2,2
SF,IH2006,2020-06-17 11:26:13.700,2863.6000,17644,0,9575117940.000,0,-,-,-,-,2863.4000,2863.0000,2862.8000,2862.6000,2862.0000,2863.8000,2864.0000,2864.2000,2864.4000,2864.6000,3,1,1,3,2,3,1,3,2,2
SF,IH2006,2020-06-17 11:26:14.200,2863.8000,17645,1,9576836220.000,2,1,1,多开,B,2863.8000,2863.6000,2863.4000,2863.0000,2862.8000,2864.0000,2864.2000,2864.4000,2864.6000,2865.0000,1,1,3,1,1,1,3,2,2,2
SF,IH2006,2020-06-17 11:26:14.700,2863.8000,17645,0,9577695360.000,1,0,1,空换,B,2863.6000,2863.4000,2863.0000,2862.8000,2862.6000,2864.0000,2864.2000,2864.4000,2864.6000,2865.0000,1,3,1,1,3,1,3,2,2,2
SF,IH2006,2020-06-17 11:26:16.200,2863.6000,17645,0,9578554440.000,1,0,1,空换,B,2863.4000,2863.0000,2862.8000,2862.6000,2862.0000,2864.0000,2864.2000,2864.4000,2864.6000,2865.0000,3,1,1,3,2,1,3,2,2,2
SF,IH2006,2020-06-17 11:26:16.700,2863.6000,17645,0,9578554440.000,0,-,-,-,-,2863.6000,2863.4000,2863.0000,2862.8000,2862.6000,2863.8000,2864.0000,2864.2000,2864.4000,2864.6000,2,3,1,1,3,1,2,3,2,2
SF,IH2006,2020-06-17 11:26:17.200,2863.6000,17645,0,9578554440.000,0,-,-,-,-,2863.6000,2863.4000,2863.0000,2862.8000,2862.6000,2863.8000,2864.0000,2864.2000,2864.4000,2864.6000,3,3,1,1,3,1,2,3,2,2
SF,IH2006,2020-06-17 11:26:17.700,2863.6000,17645,0,9578554440.000,0,-,-,-,-,2863.6000,2863.4000,2863.0000,2862.8000,2862.6000,2863.8000,2864.0000,2864.2000,2864.4000,2864.6000,4,2,1,1,3,1,2,3,2,2
SF,IH2006,2020-06-17 11:26:19.700,2863.8000,17645,0,9579413580.000,1,0,1,空换,B,2863.8000,2863.6000,2863.4000,2863.0000,2862.8000,2864.0000,2864.2000,2864.4000,2864.6000,2865.0000,1,4,2,1,1,2,3,2,2,2
SF,IH2006,2020-06-17 11:26:20.200,2863.8000,17645,0,9579413580.000,0,-,-,-,-,2863.8000,2863.6000,2863.4000,2863.0000,2862.8000,2864.0000,2864.2000,2864.4000,2864.6000,2865.0000,4,4,2,1,1,1,3,2,2,2
SF,IH2006,2020-06-17 11:26:20.700,2864.0000,17645,0,9580272780.000,1,0,1,空换,B,2863.8000,2863.6000,2863.4000,2863.0000,2862.8000,2864.2000,2864.4000,2864.6000,2865.0000,2865.2000,5,4,2,1,1,3,2,3,2,2
SF,IH2006,2020-06-17 11:26:21.200,2863.8000,17646,1,9581131920.000,1,1,0,双开,B,2863.8000,2863.6000,2863.4000,2863.0000,2862.8000,2864.0000,2864.2000,2864.4000,2864.6000,2865.0000,5,4,2,1,1,1,3,2,3,2
SF,IH2006,2020-06-17 11:26:22.200,2863.8000,17646,0,9581131920.000,0,-,-,-,-,2863.8000,2863.6000,2863.4000,2863.2000,2863.0000,2864.0000,2864.2000,2864.4000,2864.6000,2865.0000,5,4,2,1,1,1,3,2,3,2
SF,IH2006,2020-06-17 11:26:24.200,2864.0000,17647,1,9581991120.000,1,1,0,双开,B,2863.8000,2863.6000,2863.4000,2863.2000,2863.0000,2864.2000,2864.4000,2864.6000,2865.0000,2865.2000,5,4,2,1,1,3,2,3,2,2
SF,IH2006,2020-06-17 11:26:25.200,2864.0000,17647,0,9581991120.000,0,-,-,-,-,2863.8000,2863.6000,2863.4000,2863.2000,2863.0000,2864.2000,2864.4000,2864.6000,2865.0000,2865.2000,5,4,2,1,1,3,2,3,2,2
SF,IH2006,2020-06-17 11:26:25.700,2864.0000,17647,0,9581991120.000,0,-,-,-,-,2863.8000,2863.6000,2863.4000,2863.2000,2863.0000,2864.2000,2864.4000,2864.6000,2865.0000,2865.2000,5,3,2,1,1,3,2,3,2,2
SF,IH2006,2020-06-17 11:26:26.200,2864.0000,17647,0,9581991120.000,0,-,-,-,-,2863.8000,2863.6000,2863.4000,2863.2000,2863.0000,2864.0000,2864.2000,2864.4000,2864.6000,2865.0000,5,3,2,1,1,1,3,2,3,2
SF,IH2006,2020-06-17 11:26:27.200,2864.0000,17647,0,9581991120.000,0,-,-,-,-,2863.8000,2863.6000,2863.4000,2863.2000,2863.0000,2864.0000,2864.2000,2864.4000,2864.6000,2865.0000,4,3,2,1,1,1,3,2,3,2
SF,IH2006,2020-06-17 11:26:28.700,2864.0000,17647,0,9582850320.000,1,0,1,空换,B,2863.8000,2863.6000,2863.4000,2863.2000,2863.0000,2864.2000,2864.4000,2864.6000,2865.0000,2865.2000,4,3,2,1,1,3,2,3,2,2
SF,IH2006,2020-06-17 11:26:29.700,2864.0000,17647,0,9582850320.000,0,-,-,-,-,2863.8000,2863.6000,2863.4000,2863.2000,2863.0000,2864.2000,2864.4000,2864.6000,2865.0000,2865.2000,4,3,2,1,2,3,2,3,2,2
SF,IH2006,2020-06-17 11:26:30.200,2864.0000,17647,0,9582850320.000,0,-,-,-,-,2863.8000,2863.6000,2863.4000,2863.2000,2863.0000,2864.2000,2864.4000,2864.6000,2865.0000,2865.2000,4,3,2,1,2,3,2,3,2,2
SF,IH2006,2020-06-17 11:26:31.700,2864.0000,17647,0,9582850320.000,0,-,-,-,-,2863.8000,2863.6000,2863.4000,2863.2000,2863.0000,2864.0000,2864.2000,2864.4000,2864.6000,2865.0000,4,3,2,1,2,1,3,2,3,2
SF,IH2006,2020-06-17 11:26:32.200,2863.6000,17645,-2,9589723200.000,8,3,5,空平,B,2863.4000,2863.2000,2863.0000,2862.8000,2862.6000,2863.6000,2863.8000,2864.0000,2864.2000,2864.4000,2,1,2,1,2,3,18,8,3,2
SF,IH2006,2020-06-17 11:26:32.700,2863.4000,17646,1,9591441240.000,2,1,1,多开,B,2863.2000,2863.0000,2862.8000,2862.6000,2862.0000,2863.4000,2863.8000,2864.0000,2864.2000,2864.4000,1,2,1,2,2,5,13,7,3,2
SF,IH2006,2020-06-17 11:26:33.200,2863.2000,17645,-1,9592300200.000,1,0,1,双平,B,2863.0000,2862.8000,2862.6000,2862.0000,2861.8000,2863.4000,2863.8000,2864.0000,2864.2000,2864.4000,2,1,2,2,4,5,7,6,3,2
SF,IH2006,2020-06-17 11:26:33.700,2863.0000,17646,1,9593159100.000,1,1,0,双开,B,2863.0000,2862.8000,2862.6000,2862.0000,2861.8000,2863.4000,2863.8000,2864.0000,2864.2000,2864.4000,2,1,2,2,4,4,7,6,3,2
SF,IH2006,2020-06-17 11:26:34.200,2863.0000,17646,0,9593159100.000,0,-,-,-,-,2863.0000,2862.8000,2862.6000,2862.0000,2861.8000,2863.4000,2863.8000,2864.0000,2864.2000,2864.4000,2,1,2,2,4,3,7,6,3,2
SF,IH2006,2020-06-17 11:26:34.700,2863.0000,17646,0,9593159100.000,0,-,-,-,-,2863.0000,2862.8000,2862.6000,2862.0000,2861.8000,2863.4000,2863.8000,2864.0000,2864.2000,2864.4000,2,1,2,2,4,3,7,5,3,2
SF,IH2006,2020-06-17 11:26:35.200,2863.0000,17646,0,9593159100.000,0,-,-,-,-,2863.0000,2862.8000,2862.6000,2862.0000,2861.8000,2863.4000,2863.8000,2864.0000,2864.2000,2864.4000,2,1,2,2,4,3,7,4,3,2
SF,IH2006,2020-06-17 11:26:35.700,2863.0000,17646,0,9593159100.000,0,-,-,-,-,2863.0000,2862.8000,2862.6000,2862.0000,2861.8000,2863.4000,2863.8000,2864.0000,2864.2000,2864.4000,3,1,2,2,4,3,7,4,3,2
SF,IH2006,2020-06-17 11:26:37.700,2863.0000,17646,0,9593159100.000,0,-,-,-,-,2863.2000,2863.0000,2862.8000,2862.6000,2862.0000,2863.4000,2863.8000,2864.0000,2864.2000,2864.4000,1,3,1,2,2,3,7,4,3,2
SF,IH2006,2020-06-17 11:26:38.200,2863.2000,17646,0,9594018060.000,1,0,1,空换,B,2863.2000,2863.0000,2862.8000,2862.6000,2862.0000,2863.4000,2863.8000,2864.0000,2864.2000,2864.4000,2,3,1,2,2,3,7,4,3,2
SF,IH2006,2020-06-17 11:26:39.700,2863.8000,17645,-1,9597454380.000,4,1,3,空平,B,2863.6000,2863.2000,2863.0000,2862.8000,2862.6000,2863.8000,2864.0000,2864.2000,2864.4000,2864.6000,2,2,3,1,2,4,4,3,2,2
SF,IH2006,2020-06-17 11:26:40.200,2864.0000,17644,-1,9599172720.000,2,0,2,空平,B,2863.2000,2863.0000,2862.8000,2862.6000,2862.0000,2864.0000,2864.2000,2864.4000,2864.6000,2865.0000,2,3,1,2,2,3,3,2,2,2
SF,IH2006,2020-06-17 11:26:40.700,2864.0000,17643,-1,9601750320.000,3,1,2,空平,B,2863.8000,2863.6000,2863.4000,2863.2000,2863.0000,2864.0000,2864.2000,2864.4000,2864.6000,2865.0000,4,1,7,2,2,4,3,2,2,2
SF,IH2006,2020-06-17 11:26:41.200,2863.4000,17642,-1,9606045960.000,5,2,3,空平,B,2863.4000,2863.2000,2863.0000,2862.8000,2862.6000,2864.0000,2864.2000,2864.4000,2864.6000,2865.0000,5,2,2,1,2,1,3,2,2,2
SF,IH2006,2020-06-17 11:26:41.700,2864.0000,17643,1,9606905160.000,1,1,0,双开,B,2864.0000,2863.6000,2863.4000,2863.2000,2863.0000,2864.2000,2864.4000,2864.6000,2865.0000,2865.2000,1,1,4,1,2,3,2,2,2,2
SF,IH2006,2020-06-17 11:26:42.700,2864.2000,17643,0,9607764420.000,1,0,1,空换,B,2864.0000,2863.6000,2863.4000,2863.2000,2863.0000,2864.2000,2864.4000,2864.6000,2865.0000,2865.2000,1,1,4,1,2,6,2,2,2,2
SF,IH2006,2020-06-17 11:26:43.200,2864.0000,17642,-1,9612919860.000,6,2,4,空平,B,2863.6000,2863.4000,2863.0000,2862.8000,2862.6000,2864.2000,2864.4000,2864.6000,2865.0000,2865.2000,1,4,2,1,2,1,2,2,2,2
SF,IH2006,2020-06-17 11:26:43.700,2864.2000,17641,-1,9613779120.000,1,0,1,双平,B,2864.0000,2863.8000,2863.4000,2863.0000,2862.8000,2864.4000,2864.6000,2865.0000,2865.2000,2865.4000,4,4,1,2,1,2,2,2,2,1
SF,IH2006,2020-06-17 11:26:44.200,2864.2000,17641,0,9613779120.000,0,-,-,-,-,2864.0000,2863.8000,2863.4000,2863.0000,2862.8000,2864.4000,2864.6000,2865.0000,2865.2000,2865.4000,1,3,1,2,1,2,2,2,2,1
SF,IH2006,2020-06-17 11:26:45.200,2864.2000,17641,0,9613779120.000,0,-,-,-,-,2864.0000,2863.8000,2863.4000,2863.0000,2862.8000,2864.2000,2864.4000,2864.6000,2865.0000,2865.2000,1,3,1,2,1,1,2,2,2,2
SF,IH2006,2020-06-17 11:26:45.700,2864.2000,17641,0,9613779120.000,0,-,-,-,-,2863.8000,2863.4000,2863.0000,2862.8000,2862.6000,2864.2000,2864.4000,2864.6000,2865.0000,2865.2000,3,1,2,1,2,4,2,3,2,2
SF,IH2006,2020-06-17 11:26:46.200,2864.2000,17641,0,9613779120.000,0,-,-,-,-,2863.8000,2863.4000,2863.0000,2862.8000,2862.6000,2864.2000,2864.4000,2864.6000,2865.0000,2865.2000,3,1,2,1,2,5,2,3,2,2
SF,IH2006,2020-06-17 11:26:46.700,2864.2000,17641,0,9613779120.000,0,-,-,-,-,2863.8000,2863.4000,2863.0000,2862.8000,2862.6000,2864.2000,2864.4000,2864.6000,2865.0000,2865.2000,3,1,2,1,2,2,2,3,2,2
SF,IH2006,2020-06-17 11:26:47.200,2864.2000,17641,0,9613779120.000,0,-,-,-,-,2863.8000,2863.4000,2863.0000,2862.8000,2862.6000,2864.2000,2864.4000,2864.6000,2865.0000,2865.2000,2,1,2,1,2,2,2,3,2,2
SF,IH2006,2020-06-17 11:26:47.700,2864.2000,17641,0,9613779120.000,0,-,-,-,-,2863.8000,2863.4000,2863.0000,2862.8000,2862.6000,2864.2000,2864.4000,2864.6000,2865.0000,2865.2000,3,1,2,1,2,2,2,3,2,2
SF,IH2006,2020-06-17 11:26:48.700,2864.2000,17641,0,9613779120.000,0,-,-,-,-,2863.8000,2863.4000,2863.0000,2862.8000,2862.6000,2864.2000,2864.4000,2864.6000,2865.0000,2865.2000,3,1,2,1,1,2,2,3,2,2
SF,IH2006,2020-06-17 11:26:49.200,2864.2000,17641,0,9613779120.000,0,-,-,-,-,2863.8000,2863.4000,2863.0000,2862.8000,2862.6000,2864.2000,2864.4000,2864.6000,2865.0000,2865.2000,2,1,2,1,1,2,2,3,2,2
SF,IH2006,2020-06-17 11:26:50.200,2864.2000,17641,0,9613779120.000,0,-,-,-,-,2863.8000,2863.4000,2863.0000,2862.8000,2862.6000,2864.0000,2864.2000,2864.4000,2864.6000,2865.0000,2,1,2,1,1,3,2,2,3,2
SF,IH2006,2020-06-17 11:26:50.700,2864.2000,17641,0,9613779120.000,0,-,-,-,-,2863.8000,2863.4000,2863.0000,2862.8000,2862.6000,2864.2000,2864.4000,2864.6000,2865.0000,2865.2000,2,1,2,1,1,2,2,3,2,2
SF,IH2006,2020-06-17 11:26:52.200,2864.2000,17641,0,9613779120.000,0,-,-,-,-,2863.4000,2863.0000,2862.8000,2862.6000,2862.0000,2864.2000,2864.4000,2864.6000,2865.0000,2865.2000,1,2,1,1,2,2,2,3,2,2
SF,IH2006,2020-06-17 11:26:52.700,2864.2000,17641,0,9613779120.000,0,-,-,-,-,2863.4000,2863.0000,2862.8000,2862.6000,2862.0000,2864.0000,2864.2000,2864.4000,2864.6000,2865.0000,2,2,1,1,2,6,4,2,3,2
SF,IH2006,2020-06-17 11:26:53.200,2863.4000,17641,0,9615497160.000,2,1,1,空换,B,2863.0000,2862.8000,2862.6000,2862.0000,2861.8000,2863.4000,2863.8000,2864.0000,2864.2000,2864.4000,2,1,1,2,4,1,3,10,4,2
SF,IH2006,2020-06-17 11:26:53.700,2863.4000,17641,0,9615497160.000,0,-,-,-,-,2863.2000,2863.0000,2862.8000,2862.6000,2862.0000,2863.8000,2864.0000,2864.2000,2864.4000,2864.6000,3,2,1,1,2,3,5,4,2,3
SF,IH2006,2020-06-17 11:26:54.200,2863.4000,17641,0,9615497160.000,0,-,-,-,-,2863.2000,2863.0000,2862.8000,2862.6000,2862.0000,2863.6000,2863.8000,2864.0000,2864.2000,2864.4000,3,2,1,1,2,2,4,3,4,2
SF,IH2006,2020-06-17 11:26:54.700,2863.4000,17641,0,9615497160.000,0,-,-,-,-,2863.2000,2863.0000,2862.8000,2862.6000,2862.0000,2863.6000,2863.8000,2864.0000,2864.2000,2864.4000,1,2,1,1,2,2,4,3,4,2
SF,IH2006,2020-06-17 11:26:55.200,2863.2000,17641,0,9616356120.000,1,0,1,空换,B,2863.2000,2863.0000,2862.8000,2862.6000,2862.0000,2863.6000,2863.8000,2864.0000,2864.2000,2864.4000,2,2,1,1,2,2,4,3,4,2
SF,IH2006,2020-06-17 11:26:55.700,2863.2000,17641,0,9616356120.000,0,-,-,-,-,2863.2000,2863.0000,2862.8000,2862.6000,2862.0000,2863.6000,2863.8000,2864.0000,2864.2000,2864.4000,1,2,1,1,2,2,4,2,4,2
SF,IH2006,2020-06-17 11:26:56.200,2863.2000,17641,0,9616356120.000,0,-,-,-,-,2863.2000,2863.0000,2862.8000,2862.6000,2862.0000,2863.6000,2863.8000,2864.0000,2864.2000,2864.4000,1,2,1,1,2,2,3,2,4,2
SF,IH2006,2020-06-17 11:26:56.700,2863.2000,17641,0,9616356120.000,0,-,-,-,-,2863.4000,2863.2000,2863.0000,2862.8000,2862.6000,2863.6000,2863.8000,2864.0000,2864.2000,2864.4000,1,1,2,1,1,2,3,2,4,2
SF,IH2006,2020-06-17 11:26:57.200,2863.2000,17641,0,9616356120.000,0,-,-,-,-,2863.4000,2863.2000,2863.0000,2862.8000,2862.6000,2863.6000,2863.8000,2864.0000,2864.2000,2864.4000,1,1,2,1,1,1,3,2,4,2
SF,IH2006,2020-06-17 11:26:57.700,2863.2000,17641,0,9616356120.000,0,-,-,-,-,2863.4000,2863.2000,2863.0000,2862.8000,2862.6000,2863.8000,2864.0000,2864.2000,2864.4000,2864.6000,1,2,2,1,1,2,2,4,2,3
SF,IH2006,2020-06-17 11:26:58.200,2863.2000,17641,0,9616356120.000,0,-,-,-,-,2863.6000,2863.4000,2863.2000,2863.0000,2862.8000,2864.0000,2864.2000,2864.4000,2864.6000,2864.8000,1,1,2,2,1,2,4,2,3,1
SF,IH2006,2020-06-17 11:26:58.700,2863.2000,17641,0,9616356120.000,0,-,-,-,-,2863.4000,2863.2000,2863.0000,2862.8000,2862.6000,2864.0000,2864.2000,2864.4000,2864.6000,2864.8000,1,2,2,1,1,2,4,2,3,1
SF,IH2006,2020-06-17 11:26:59.200,2863.2000,17641,0,9616356120.000,0,-,-,-,-,2863.6000,2863.4000,2863.2000,2863.0000,2862.8000,2864.0000,2864.2000,2864.4000,2864.6000,2864.8000,1,1,2,2,1,3,4,2,3,1
SF,IH2006,2020-06-17 11:26:59.700,2863.2000,17641,0,9616356120.000,0,-,-,-,-,2863.6000,2863.4000,2863.2000,2863.0000,2862.8000,2864.0000,2864.2000,2864.4000,2864.6000,2864.8000,1,1,2,2,1,1,4,2,3,1
SF,IH2006,2020-06-17 11:27:00.200,2863.2000,17641,0,9616356120.000,0,-,-,-,-,2863.6000,2863.4000,2863.2000,2863.0000,2862.8000,2864.0000,2864.2000,2864.4000,2864.6000,2864.8000,1,2,1,2,1,1,4,2,3,1
SF,IH2006,2020-06-17 11:27:01.200,2863.2000,17641,0,9616356120.000,0,-,-,-,-,2863.8000,2863.6000,2863.4000,2863.2000,2863.0000,2864.0000,2864.2000,2864.4000,2864.6000,2864.8000,1,1,2,1,2,1,4,2,3,1
SF,IH2006,2020-06-17 11:27:02.200,2863.6000,17640,-1,9618074340.000,2,0,2,空平,B,2863.4000,2863.2000,2863.0000,2862.8000,2862.6000,2864.0000,2864.2000,2864.4000,2864.6000,2864.8000,2,1,2,1,1,1,4,2,3,1
SF,IH2006,2020-06-17 11:27:05.700,2863.6000,17640,0,9618074340.000,0,-,-,-,-,2863.4000,2863.2000,2863.0000,2862.8000,2862.6000,2864.0000,2864.2000,2864.4000,2864.6000,2864.8000,1,1,2,1,1,1,4,2,3,1
SF,IH2006,2020-06-17 11:27:07.200,2863.6000,17640,0,9618074340.000,0,-,-,-,-,2863.8000,2863.6000,2863.4000,2863.0000,2862.8000,2864.0000,2864.2000,2864.4000,2864.6000,2864.8000,1,1,1,2,2,1,4,2,3,1
SF,IH2006,2020-06-17 11:27:08.200,2863.6000,17640,0,9618074340.000,0,-,-,-,-,2863.4000,2863.0000,2862.8000,2862.6000,2862.0000,2864.0000,2864.2000,2864.4000,2864.6000,2864.8000,1,2,2,1,2,1,4,2,3,1
SF,IH2006,2020-06-17 11:27:08.700,2863.6000,17640,0,9618074340.000,0,-,-,-,-,2863.4000,2863.0000,2862.8000,2862.6000,2862.0000,2864.0000,2864.2000,2864.4000,2864.6000,2864.8000,1,2,2,1,2,2,4,2,3,1
SF,IH2006,2020-06-17 11:27:09.200,2863.6000,17640,0,9618074340.000,0,-,-,-,-,2863.4000,2863.0000,2862.8000,2862.6000,2862.0000,2864.0000,2864.2000,2864.4000,2864.6000,2864.8000,1,2,1,1,2,2,3,2,3,1
SF,IH2006,2020-06-17 11:27:15.200,2863.6000,17640,0,9618074340.000,0,-,-,-,-,2863.4000,2863.0000,2862.8000,2862.6000,2862.0000,2863.8000,2864.0000,2864.2000,2864.4000,2864.6000,1,2,1,1,2,2,2,3,2,3
SF,IH2006,2020-06-17 11:27:15.700,2863.6000,17640,0,9618074340.000,0,-,-,-,-,2863.4000,2863.0000,2862.8000,2862.6000,2862.0000,2863.6000,2863.8000,2864.0000,2864.2000,2864.4000,1,2,1,1,2,1,5,2,3,2
SF,IH2006,2020-06-17 11:27:17.200,2863.6000,17640,0,9618074340.000,0,-,-,-,-,2863.4000,2863.0000,2862.6000,2862.0000,2861.8000,2863.6000,2863.8000,2864.0000,2864.2000,2864.4000,2,2,1,2,4,1,5,2,3,2
SF,IH2006,2020-06-17 11:27:20.200,2863.6000,17641,1,9618933420.000,1,1,0,双开,B,2863.4000,2863.0000,2862.6000,2862.0000,2861.8000,2863.8000,2864.0000,2864.2000,2864.4000,2864.6000,2,2,1,2,4,5,2,3,2,3
SF,IH2006,2020-06-17 11:27:20.700,2863.6000,17641,0,9618933420.000,0,-,-,-,-,2863.6000,2863.4000,2863.0000,2862.6000,2862.0000,2863.8000,2864.0000,2864.2000,2864.4000,2864.6000,2,2,2,1,2,4,2,3,2,3
SF,IH2006,2020-06-17 11:27:21.700,2863.6000,17641,0,9618933420.000,0,-,-,-,-,2863.6000,2863.4000,2863.0000,2862.6000,2862.0000,2863.8000,2864.0000,2864.2000,2864.4000,2864.6000,2,2,2,1,2,4,2,3,2,3
SF,IH2006,2020-06-17 11:27:22.200,2863.8000,17639,-2,9622369980.000,4,1,3,空平,B,2863.8000,2863.6000,2863.4000,2863.0000,2862.6000,2864.0000,2864.2000,2864.4000,2864.6000,2864.8000,12,2,2,2,1,2,3,2,3,1
SF,IH2006,2020-06-17 11:27:22.700,2863.8000,17639,0,9622369980.000,0,-,-,-,-,2863.8000,2863.6000,2863.4000,2863.0000,2862.0000,2864.2000,2864.4000,2864.6000,2864.8000,2865.0000,16,2,2,2,2,3,2,3,1,3
SF,IH2006,2020-06-17 11:27:23.200,2863.8000,17639,0,9622369980.000,0,-,-,-,-,2864.0000,2863.8000,2863.6000,2863.4000,2863.0000,2864.2000,2864.4000,2864.6000,2864.8000,2865.0000,2,16,1,2,2,3,2,3,1,3
SF,IH2006,2020-06-17 11:27:23.700,2863.8000,17639,0,9622369980.000,0,-,-,-,-,2864.0000,2863.8000,2863.6000,2863.4000,2863.0000,2864.2000,2864.4000,2864.6000,2864.8000,2865.0000,3,16,1,2,2,3,2,3,1,3
SF,IH2006,2020-06-17 11:27:24.200,2864.0000,17640,1,9623229180.000,1,1,0,双开,B,2864.0000,2863.8000,2863.6000,2863.4000,2863.0000,2864.2000,2864.4000,2864.6000,2864.8000,2865.0000,2,16,1,2,2,3,2,3,1,3
SF,IH2006,2020-06-17 11:27:24.700,2864.0000,17638,-2,9624947580.000,2,0,2,双平,B,2863.8000,2863.6000,2863.4000,2863.0000,2862.0000,2864.2000,2864.4000,2864.6000,2864.8000,2865.0000,16,1,2,2,2,3,2,3,1,3
SF,IH2006,2020-06-17 11:27:26.700,2864.0000,17638,0,9624947580.000,0,-,-,-,-,2863.8000,2863.6000,2863.4000,2863.0000,2862.0000,2864.2000,2864.4000,2864.6000,2864.8000,2865.0000,16,1,2,2,2,3,2,3,1,3
SF,IH2006,2020-06-17 11:27:28.700,2864.2000,17637,-1,9625806840.000,1,0,1,双平,B,2863.6000,2863.4000,2863.0000,2862.0000,2861.8000,2864.2000,2864.4000,2864.6000,2864.8000,2865.0000,1,2,2,2,4,2,2,3,1,3
SF,IH2006,2020-06-17 11:27:29.200,2864.4000,17633,-4,9631821960.000,7,1,6,空平,B,2864.4000,2863.8000,2863.6000,2863.4000,2863.0000,2864.6000,2864.8000,2865.0000,2865.2000,2865.4000,8,4,1,2,2,3,1,3,2,2
SF,IH2006,2020-06-17 11:27:29.700,2864.4000,17630,-3,9634399920.000,3,0,3,双平,B,2864.4000,2863.8000,2863.6000,2863.4000,2863.0000,2864.6000,2864.8000,2865.0000,2865.2000,2865.4000,5,4,1,2,2,2,1,3,2,2
SF,IH2006,2020-06-17 11:27:30.200,2863.8000,17629,-1,9639555660.000,6,2,4,空平,B,2863.8000,2863.6000,2863.4000,2863.0000,2862.0000,2864.4000,2864.6000,2864.8000,2865.0000,2865.2000,3,1,2,2,2,2,2,1,3,2
SF,IH2006,2020-06-17 11:27:30.700,2863.8000,17629,0,9641273940.000,2,1,1,空换,B,2863.8000,2863.6000,2863.4000,2863.0000,2862.0000,2864.4000,2864.6000,2864.8000,2865.0000,2865.2000,2,1,2,2,2,5,2,1,3,2
SF,IH2006,2020-06-17 11:27:31.200,2863.8000,17629,0,9641273940.000,0,-,-,-,-,2863.8000,2863.6000,2863.4000,2863.0000,2862.0000,2864.2000,2864.4000,2864.6000,2864.8000,2865.0000,2,1,2,2,2,2,5,2,1,3
SF,IH2006,2020-06-17 11:27:31.700,2864.2000,17630,1,9642133200.000,1,1,0,双开,B,2863.8000,2863.6000,2863.4000,2863.0000,2862.0000,2864.2000,2864.4000,2864.6000,2864.8000,2865.0000,2,1,2,2,2,1,5,2,1,3
SF,IH2006,2020-06-17 11:27:32.700,2864.2000,17630,0,9643851720.000,2,1,1,空换,B,2863.8000,2863.6000,2863.4000,2863.0000,2862.0000,2864.4000,2864.6000,2864.8000,2865.0000,2865.2000,2,1,2,2,2,5,2,1,3,2
SF,IH2006,2020-06-17 11:27:33.200,2864.2000,17630,0,9643851720.000,0,-,-,-,-,2863.8000,2863.6000,2863.4000,2863.0000,2862.0000,2864.4000,2864.6000,2864.8000,2865.0000,2865.2000,2,1,2,2,2,4,2,1,3,2
SF,IH2006,2020-06-17 11:27:33.700,2863.8000,17630,0,9644710860.000,1,0,1,空换,B,2863.8000,2863.6000,2863.4000,2863.0000,2862.0000,2864.4000,2864.6000,2864.8000,2865.0000,2865.2000,2,1,2,3,2,3,2,1,3,2
SF,IH2006,2020-06-17 11:27:37.200,2864.6000,17631,1,9649007580.000,5,3,2,多开,B,2863.8000,2863.6000,2863.4000,2863.0000,2862.0000,2864.8000,2865.0000,2865.2000,2865.4000,2865.6000,2,1,2,3,2,1,3,2,2,4
SF,IH2006,2020-06-17 11:27:37.700,2864.6000,17631,0,9649007580.000,0,-,-,-,-,2864.0000,2863.8000,2863.6000,2863.4000,2863.0000,2864.6000,2864.8000,2865.0000,2865.2000,2865.4000,3,2,1,2,3,1,3,3,2,2
SF,IH2006,2020-06-17 11:27:38.200,2864.8000,17633,2,9652445220.000,4,3,1,多开,B,2864.0000,2863.8000,2863.6000,2863.4000,2863.0000,2864.8000,2865.0000,2865.2000,2865.4000,2865.6000,3,2,1,2,3,3,3,2,2,4
SF,IH2006,2020-06-17 11:27:38.700,2864.8000,17633,0,9653304660.000,1,0,1,空换,B,2864.6000,2864.2000,2864.0000,2863.8000,2863.6000,2865.0000,2865.2000,2865.4000,2865.6000,2865.8000,5,10,4,2,1,3,2,2,4,6
SF,IH2006,2020-06-17 11:27:39.200,2864.6000,17632,-1,9655883040.000,3,1,2,空平,B,2864.2000,2864.0000,2863.8000,2863.6000,2863.4000,2864.8000,2865.0000,2865.2000,2865.4000,2865.6000,7,4,1,1,2,1,1,2,2,3
SF,IH2006,2020-06-17 11:27:39.700,2864.6000,17632,0,9655883040.000,0,-,-,-,-,2864.4000,2864.2000,2864.0000,2863.8000,2863.6000,2864.8000,2865.0000,2865.2000,2865.4000,2865.6000,5,8,1,1,1,1,1,2,2,3
SF,IH2006,2020-06-17 11:27:40.200,2864.6000,17632,0,9655883040.000,0,-,-,-,-,2864.4000,2864.2000,2864.0000,2863.8000,2863.6000,2864.8000,2865.0000,2865.2000,2865.4000,2865.6000,5,8,1,1,1,1,1,2,2,3
SF,IH2006,2020-06-17 11:27:41.700,2864.6000,17632,0,9655883040.000,0,-,-,-,-,2864.6000,2864.4000,2864.2000,2864.0000,2863.8000,2864.8000,2865.0000,2865.2000,2865.4000,2865.6000,1,5,7,1,1,1,1,2,2,3
SF,IH2006,2020-06-17 11:27:42.200,2864.6000,17632,0,9656742420.000,1,0,1,空换,B,2864.4000,2864.2000,2864.0000,2863.8000,2863.6000,2865.0000,2865.2000,2865.4000,2865.6000,2865.8000,5,5,1,1,1,1,2,2,3,6
SF,IH2006,2020-06-17 11:27:42.700,2864.6000,17632,0,9656742420.000,0,-,-,-,-,2864.4000,2864.2000,2864.0000,2863.8000,2863.6000,2864.8000,2865.0000,2865.2000,2865.4000,2865.6000,4,5,1,1,1,1,5,2,2,3
SF,IH2006,2020-06-17 11:27:43.200,2864.4000,17631,-1,9657601740.000,1,0,1,双平,B,2864.4000,2864.2000,2864.0000,2863.8000,2863.6000,2865.0000,2865.2000,2865.4000,2865.6000,2865.8000,3,5,1,1,1,5,2,2,3,6
SF,IH2006,2020-06-17 11:27:43.700,2864.4000,17631,0,9657601740.000,0,-,-,-,-,2864.4000,2864.2000,2864.0000,2863.8000,2863.6000,2864.8000,2865.0000,2865.2000,2865.4000,2865.6000,3,5,1,1,1,1,5,2,2,3
SF,IH2006,2020-06-17 11:27:44.700,2864.4000,17631,0,9657601740.000,0,-,-,-,-,2864.6000,2864.4000,2864.2000,2864.0000,2863.8000,2864.8000,2865.0000,2865.2000,2865.4000,2865.6000,1,2,5,1,1,1,5,2,2,3
SF,IH2006,2020-06-17 11:27:45.200,2864.6000,17630,-1,9658461120.000,1,0,1,双平,B,2864.2000,2864.0000,2863.8000,2863.6000,2863.4000,2864.8000,2865.0000,2865.2000,2865.4000,2865.6000,5,1,1,1,2,1,5,2,2,3
SF,IH2006,2020-06-17 11:27:45.700,2864.6000,17630,0,9658461120.000,0,-,-,-,-,2864.2000,2864.0000,2863.8000,2863.6000,2863.4000,2864.8000,2865.0000,2865.2000,2865.4000,2865.6000,4,1,1,1,2,2,5,2,2,3
SF,IH2006,2020-06-17 11:27:46.200,2864.6000,17630,0,9658461120.000,0,-,-,-,-,2864.2000,2864.0000,2863.8000,2863.6000,2863.4000,2864.6000,2864.8000,2865.0000,2865.2000,2865.4000,3,1,1,1,2,1,2,5,2,2
SF,IH2006,2020-06-17 11:27:46.700,2864.6000,17630,0,9658461120.000,0,-,-,-,-,2864.0000,2863.8000,2863.6000,2863.4000,2863.0000,2864.6000,2864.8000,2865.0000,2865.2000,2865.4000,1,1,1,2,2,2,3,5,2,2
SF,IH2006,2020-06-17 11:27:47.200,2864.6000,17630,0,9658461120.000,0,-,-,-,-,2863.8000,2863.6000,2863.4000,2863.0000,2862.0000,2864.0000,2864.2000,2864.6000,2864.8000,2865.0000,1,1,2,2,2,1,1,2,3,5
SF,IH2006,2020-06-17 11:27:47.700,2864.6000,17630,0,9658461120.000,0,-,-,-,-,2863.8000,2863.6000,2863.4000,2863.0000,2862.0000,2864.0000,2864.2000,2864.4000,2864.6000,2864.8000,2,1,2,2,2,1,1,1,2,3
SF,IH2006,2020-06-17 11:27:49.700,2864.6000,17630,0,9658461120.000,0,-,-,-,-,2863.8000,2863.6000,2863.4000,2863.0000,2862.0000,2864.0000,2864.2000,2864.4000,2864.6000,2864.8000,1,1,2,2,2,1,1,1,2,3
SF,IH2006,2020-06-17 11:27:50.200,2863.8000,17629,-1,9660179400.000,2,0,2,空平,B,2863.6000,2863.4000,2863.0000,2862.0000,2861.8000,2864.0000,2864.4000,2864.6000,2864.8000,2865.0000,1,2,2,2,4,1,1,2,3,5
SF,IH2006,2020-06-17 11:27:50.700,2863.8000,17629,0,9660179400.000,0,-,-,-,-,2863.6000,2863.4000,2863.0000,2862.0000,2861.8000,2864.0000,2864.4000,2864.6000,2864.8000,2865.0000,2,2,2,2,4,1,1,2,3,5
SF,IH2006,2020-06-17 11:27:51.700,2863.8000,17629,0,9661038540.000,1,0,1,空换,B,2863.6000,2863.4000,2863.0000,2862.0000,2861.8000,2864.0000,2864.4000,2864.6000,2864.8000,2865.0000,3,2,2,2,4,1,1,2,3,5
SF,IH2006,2020-06-17 11:27:52.200,2863.8000,17629,0,9661038540.000,0,-,-,-,-,2863.6000,2863.4000,2863.0000,2862.0000,2861.8000,2863.8000,2864.0000,2864.4000,2864.6000,2864.8000,2,2,2,2,4,1,1,1,1,3
SF,IH2006,2020-06-17 11:27:52.700,2863.6000,17628,-1,9661897620.000,1,0,1,双平,B,2863.6000,2863.4000,2863.0000,2862.0000,2861.8000,2863.8000,2864.6000,2864.8000,2865.0000,2865.2000,1,2,2,2,4,1,1,3,5,2
SF,IH2006,2020-06-17 11:27:53.700,2863.6000,17628,0,9661897620.000,0,-,-,-,-,2863.6000,2863.4000,2863.0000,2862.0000,2861.8000,2863.8000,2864.6000,2864.8000,2865.0000,2865.2000,2,2,2,2,4,1,1,3,5,2
SF,IH2006,2020-06-17 11:27:55.700,2863.8000,17628,0,9662756760.000,1,0,1,空换,B,2864.0000,2863.6000,2863.4000,2863.0000,2862.0000,2864.6000,2864.8000,2865.0000,2865.2000,2865.4000,2,2,3,2,2,1,3,5,2,2
SF,IH2006,2020-06-17 11:27:56.200,2864.4000,17627,-1,9663616080.000,1,0,1,双平,B,2864.4000,2863.6000,2863.4000,2863.0000,2862.0000,2864.6000,2864.8000,2865.0000,2865.2000,2865.4000,1,2,3,3,2,2,3,5,2,2
SF,IH2006,2020-06-17 11:27:56.700,2864.4000,17626,-1,9664475400.000,1,0,1,双平,B,2863.6000,2863.4000,2863.0000,2862.0000,2861.8000,2864.0000,2864.4000,2864.6000,2864.8000,2865.0000,2,3,3,2,4,1,6,1,2,4
SF,IH2006,2020-06-17 11:27:57.200,2864.2000,17627,1,9665334660.000,1,1,0,双开,B,2864.2000,2863.8000,2863.6000,2863.4000,2863.0000,2864.4000,2864.8000,2865.0000,2865.2000,2865.4000,1,1,2,3,3,2,2,4,2,2
SF,IH2006,2020-06-17 11:27:57.700,2864.2000,17627,0,9665334660.000,0,-,-,-,-,2863.8000,2863.6000,2863.4000,2863.0000,2862.0000,2864.4000,2864.8000,2865.0000,2865.2000,2865.4000,1,2,3,3,2,1,2,4,2,3
SF,IH2006,2020-06-17 11:27:58.200,2864.2000,17627,0,9665334660.000,0,-,-,-,-,2864.2000,2864.0000,2863.8000,2863.6000,2863.4000,2864.4000,2864.8000,2865.0000,2865.2000,2865.4000,1,1,1,2,3,1,2,4,2,2
SF,IH2006,2020-06-17 11:28:00.200,2864.2000,17627,0,9665334660.000,0,-,-,-,-,2864.2000,2864.0000,2863.6000,2863.4000,2863.0000,2864.4000,2864.8000,2865.0000,2865.2000,2865.4000,1,1,2,3,3,1,2,4,2,2
SF,IH2006,2020-06-17 11:28:01.200,2864.4000,17627,0,9666193980.000,1,0,1,空换,B,2864.2000,2864.0000,2863.6000,2863.4000,2863.0000,2864.8000,2865.0000,2865.2000,2865.4000,2865.6000,1,1,2,3,3,2,4,2,2,3
SF,IH2006,2020-06-17 11:28:01.700,2864.4000,17629,2,9668771820.000,3,2,1,多开,B,2864.0000,2863.6000,2863.4000,2863.0000,2862.0000,2864.2000,2864.4000,2864.6000,2864.8000,2865.0000,1,2,3,3,2,1,4,2,4,4
SF,IH2006,2020-06-17 11:28:02.200,2864.4000,17629,0,9668771820.000,0,-,-,-,-,2864.0000,2863.6000,2863.4000,2863.0000,2862.0000,2864.2000,2864.6000,2864.8000,2865.0000,2865.2000,2,2,3,3,2,1,2,4,4,2
SF,IH2006,2020-06-17 11:28:05.200,2864.4000,17629,0,9668771820.000,0,-,-,-,-,2864.0000,2863.6000,2863.4000,2863.0000,2862.0000,2864.2000,2864.6000,2864.8000,2865.0000,2865.2000,2,2,3,2,2,1,2,4,4,2
SF,IH2006,2020-06-17 11:28:05.700,2864.4000,17629,0,9668771820.000,0,-,-,-,-,2864.0000,2863.6000,2863.4000,2863.0000,2862.0000,2864.2000,2864.6000,2864.8000,2865.0000,2865.2000,3,2,3,2,2,1,2,4,4,2
SF,IH2006,2020-06-17 11:28:06.200,2864.4000,17629,0,9668771820.000,0,-,-,-,-,2864.0000,2863.6000,2863.4000,2863.0000,2862.0000,2864.2000,2864.6000,2864.8000,2865.0000,2865.2000,3,2,3,2,2,1,2,4,5,2
SF,IH2006,2020-06-17 11:28:07.200,2864.4000,17629,0,9668771820.000,0,-,-,-,-,2864.0000,2863.6000,2863.4000,2863.0000,2862.0000,2864.2000,2864.6000,2864.8000,2865.0000,2865.2000,4,2,3,2,2,1,2,4,5,2
SF,IH2006,2020-06-17 11:28:07.700,2864.4000,17629,0,9668771820.000,0,-,-,-,-,2864.0000,2863.6000,2863.4000,2863.0000,2862.0000,2864.2000,2864.6000,2864.8000,2865.0000,2865.2000,4,2,2,2,2,1,2,4,7,2
SF,IH2006,2020-06-17 11:28:10.200,2864.4000,17629,0,9668771820.000,0,-,-,-,-,2864.0000,2863.6000,2863.4000,2863.0000,2862.0000,2864.2000,2864.6000,2864.8000,2865.0000,2865.2000,4,2,2,2,2,1,2,4,7,2
SF,IH2006,2020-06-17 11:28:12.200,2864.4000,17629,0,9668771820.000,0,-,-,-,-,2864.0000,2863.6000,2863.4000,2863.0000,2862.0000,2864.2000,2864.6000,2864.8000,2865.0000,2865.2000,5,2,2,2,2,1,2,4,7,2
SF,IH2006,2020-06-17 11:28:13.200,2864.2000,17629,0,9669631080.000,1,0,1,空换,B,2864.0000,2863.6000,2863.4000,2863.0000,2862.0000,2864.6000,2864.8000,2865.0000,2865.2000,2865.4000,5,2,2,2,2,2,4,7,2,2
SF,IH2006,2020-06-17 11:28:13.700,2864.2000,17629,0,9669631080.000,0,-,-,-,-,2864.0000,2863.6000,2863.4000,2863.0000,2862.0000,2864.4000,2864.6000,2864.8000,2865.0000,2865.2000,5,2,2,2,2,1,2,4,7,2
SF,IH2006,2020-06-17 11:28:14.200,2864.6000,17627,-2,9671349780.000,2,0,2,双平,B,2864.0000,2863.6000,2863.4000,2863.0000,2862.0000,2864.6000,2864.8000,2865.0000,2865.2000,2865.4000,5,2,2,2,2,1,4,7,2,2
SF,IH2006,2020-06-17 11:28:14.700,2864.6000,17627,0,9671349780.000,0,-,-,-,-,2864.2000,2864.0000,2863.6000,2863.4000,2863.0000,2864.8000,2865.0000,2865.2000,2865.4000,2865.6000,2,5,2,2,2,4,7,2,2,3
SF,IH2006,2020-06-17 11:28:15.200,2864.6000,17627,0,9671349780.000,0,-,-,-,-,2864.4000,2864.2000,2864.0000,2863.6000,2863.4000,2864.8000,2865.0000,2865.2000,2865.4000,2865.6000,1,2,3,2,2,3,7,2,2,3
SF,IH2006,2020-06-17 11:28:15.700,2864.6000,17627,0,9671349780.000,0,-,-,-,-,2864.4000,2864.2000,2864.0000,2863.6000,2863.4000,2864.8000,2865.0000,2865.2000,2865.4000,2865.6000,2,2,3,2,2,3,7,2,2,3
SF,IH2006,2020-06-17 11:28:16.700,2864.8000,17628,1,9673927860.000,3,2,1,多开,B,2864.2000,2864.0000,2863.6000,2863.4000,2863.0000,2864.8000,2865.0000,2865.2000,2865.4000,2865.6000,2,3,2,2,2,2,7,2,2,3
SF,IH2006,2020-06-17 11:28:17.700,2864.8000,17628,0,9673927860.000,0,-,-,-,-,2864.2000,2864.0000,2863.6000,2863.4000,2863.0000,2864.8000,2865.0000,2865.2000,2865.4000,2865.6000,1,3,2,2,2,2,7,2,2,3
SF,IH2006,2020-06-17 11:28:18.200,2864.8000,17628,0,9673927860.000,0,-,-,-,-,2864.4000,2864.2000,2864.0000,2863.6000,2863.4000,2864.8000,2865.0000,2865.2000,2865.4000,2865.6000,1,1,3,2,2,2,7,2,2,3
SF,IH2006,2020-06-17 11:28:18.700,2864.8000,17628,0,9673927860.000,0,-,-,-,-,2864.4000,2864.2000,2864.0000,2863.6000,2863.4000,2864.8000,2865.0000,2865.2000,2865.4000,2865.6000,1,1,3,2,2,1,7,2,2,3
SF,IH2006,2020-06-17 11:28:20.200,2864.8000,17628,0,9673927860.000,0,-,-,-,-,2864.4000,2864.2000,2864.0000,2863.6000,2863.4000,2864.8000,2865.0000,2865.2000,2865.4000,2865.6000,1,1,3,2,2,1,7,2,2,3
SF,IH2006,2020-06-17 11:28:21.200,2864.8000,17628,0,9673927860.000,0,-,-,-,-,2864.6000,2864.4000,2864.2000,2864.0000,2863.6000,2864.8000,2865.0000,2865.2000,2865.4000,2865.6000,1,1,1,3,2,1,7,2,2,3
SF,IH2006,2020-06-17 11:28:21.700,2864.8000,17628,0,9673927860.000,0,-,-,-,-,2864.6000,2864.4000,2864.2000,2864.0000,2863.6000,2864.8000,2865.0000,2865.2000,2865.4000,2865.6000,2,1,1,3,2,1,7,2,2,3
SF,IH2006,2020-06-17 11:28:22.700,2864.8000,17628,0,9673927860.000,0,-,-,-,-,2864.6000,2864.4000,2864.2000,2864.0000,2863.8000,2864.8000,2865.0000,2865.2000,2865.4000,2865.6000,2,1,1,3,1,1,7,2,2,3
SF,IH2006,2020-06-17 11:28:25.200,2864.6000,17627,-1,9674787240.000,1,0,1,双平,B,2864.6000,2864.4000,2864.2000,2864.0000,2863.8000,2864.8000,2865.0000,2865.2000,2865.4000,2865.6000,1,1,1,2,1,1,7,2,2,3
SF,IH2006,2020-06-17 11:28:25.700,2864.6000,17628,1,9676506000.000,2,1,1,多开,B,2864.2000,2864.0000,2863.8000,2863.6000,2863.4000,2864.6000,2864.8000,2865.0000,2865.2000,2865.4000,1,2,1,2,2,1,1,7,2,2
SF,IH2006,2020-06-17 11:28:26.200,2864.6000,17628,0,9676506000.000,0,-,-,-,-,2864.2000,2864.0000,2863.8000,2863.6000,2863.4000,2864.6000,2864.8000,2865.0000,2865.2000,2865.4000,2,2,1,2,2,3,1,7,2,2
SF,IH2006,2020-06-17 11:28:26.700,2864.6000,17628,0,9676506000.000,0,-,-,-,-,2864.2000,2864.0000,2863.8000,2863.6000,2863.4000,2864.6000,2864.8000,2865.0000,2865.2000,2865.4000,2,2,1,2,2,3,2,7,2,2
SF,IH2006,2020-06-17 11:28:28.700,2864.2000,17627,-1,9677365260.000,1,0,1,双平,B,2864.2000,2864.0000,2863.8000,2863.6000,2863.4000,2864.6000,2864.8000,2865.0000,2865.2000,2865.4000,1,2,1,2,2,2,2,7,2,2
SF,IH2006,2020-06-17 11:28:29.200,2864.6000,17626,-1,9678224640.000,1,0,1,双平,B,2864.0000,2863.8000,2863.6000,2863.4000,2863.0000,2864.8000,2865.0000,2865.2000,2865.4000,2865.6000,2,1,2,2,2,2,7,2,2,3
SF,IH2006,2020-06-17 11:28:29.700,2864.6000,17626,0,9678224640.000,0,-,-,-,-,2864.2000,2864.0000,2863.8000,2863.6000,2863.4000,2864.8000,2865.0000,2865.2000,2865.4000,2865.6000,2,4,1,2,2,3,7,2,2,3
SF,IH2006,2020-06-17 11:28:30.200,2864.2000,17626,0,9679083900.000,1,0,1,空换,B,2864.2000,2864.0000,2863.8000,2863.6000,2863.4000,2864.8000,2865.0000,2865.2000,2865.4000,2865.6000,2,4,1,2,2,3,7,2,2,3
SF,IH2006,2020-06-17 11:28:30.700,2864.2000,17626,0,9679083900.000,0,-,-,-,-,2864.2000,2864.0000,2863.8000,2863.6000,2863.4000,2864.8000,2865.0000,2865.2000,2865.4000,2865.6000,1,4,1,2,2,3,7,2,2,3
SF,IH2006,2020-06-17 11:28:31.200,2864.2000,17626,0,9679083900.000,0,-,-,-,-,2864.2000,2864.0000,2863.8000,2863.6000,2863.4000,2864.8000,2865.0000,2865.2000,2865.4000,2865.6000,2,4,1,2,2,3,7,2,2,3
SF,IH2006,2020-06-17 11:28:31.700,2864.2000,17626,0,9679083900.000,0,-,-,-,-,2864.2000,2864.0000,2863.8000,2863.6000,2863.4000,2864.8000,2865.0000,2865.2000,2865.4000,2865.6000,1,4,1,2,2,3,7,2,2,3
SF,IH2006,2020-06-17 11:28:32.200,2864.2000,17626,0,9679083900.000,0,-,-,-,-,2864.2000,2864.0000,2863.8000,2863.6000,2863.4000,2864.8000,2865.0000,2865.2000,2865.4000,2865.6000,1,4,1,2,2,3,7,2,2,3
SF,IH2006,2020-06-17 11:28:32.700,2864.2000,17626,0,9679083900.000,0,-,-,-,-,2864.2000,2864.0000,2863.8000,2863.6000,2863.4000,2864.8000,2865.0000,2865.2000,2865.4000,2865.6000,2,4,1,2,2,3,7,2,2,3
SF,IH2006,2020-06-17 11:28:34.700,2864.2000,17626,0,9679083900.000,0,-,-,-,-,2864.2000,2864.0000,2863.8000,2863.6000,2863.4000,2864.8000,2865.0000,2865.2000,2865.4000,2865.6000,2,4,1,2,2,3,7,1,2,3
SF,IH2006,2020-06-17 11:28:35.200,2864.2000,17626,0,9679083900.000,0,-,-,-,-,2864.4000,2864.2000,2864.0000,2863.8000,2863.6000,2864.8000,2865.0000,2865.2000,2865.4000,2865.6000,1,1,4,1,2,3,7,1,2,3
SF,IH2006,2020-06-17 11:28:35.700,2864.2000,17626,0,9679083900.000,0,-,-,-,-,2864.4000,2864.2000,2864.0000,2863.8000,2863.6000,2864.6000,2864.8000,2865.0000,2865.2000,2865.4000,1,1,4,1,2,2,3,7,1,2
SF,IH2006,2020-06-17 11:28:36.200,2864.2000,17626,0,9679083900.000,0,-,-,-,-,2864.4000,2864.0000,2863.8000,2863.6000,2863.4000,2864.6000,2864.8000,2865.0000,2865.2000,2865.4000,1,4,1,2,2,7,3,7,1,2
SF,IH2006,2020-06-17 11:28:36.700,2864.0000,17625,-1,9680802420.000,2,0,2,空平,B,2864.0000,2863.8000,2863.6000,2863.4000,2863.0000,2864.4000,2864.6000,2864.8000,2865.0000,2865.2000,3,1,2,2,2,6,7,3,7,1
SF,IH2006,2020-06-17 11:28:37.200,2864.0000,17625,0,9680802420.000,0,-,-,-,-,2864.0000,2863.8000,2863.6000,2863.4000,2863.0000,2864.4000,2864.6000,2864.8000,2865.0000,2865.2000,2,1,2,2,2,2,2,3,7,1
SF,IH2006,2020-06-17 11:28:37.700,2864.0000,17625,0,9680802420.000,0,-,-,-,-,2864.2000,2864.0000,2863.8000,2863.6000,2863.4000,2864.4000,2864.6000,2864.8000,2865.0000,2865.2000,1,2,1,2,2,2,2,3,7,1
SF,IH2006,2020-06-17 11:28:38.700,2864.0000,17625,0,9680802420.000,0,-,-,-,-,2864.2000,2864.0000,2863.8000,2863.6000,2863.4000,2864.4000,2864.8000,2865.0000,2865.2000,2865.4000,1,2,1,2,2,2,3,7,1,2
SF,IH2006,2020-06-17 11:28:39.700,2864.2000,17626,1,9681661680.000,1,1,0,双开,B,2864.0000,2863.8000,2863.6000,2863.4000,2863.0000,2864.4000,2864.8000,2865.0000,2865.2000,2865.4000,2,1,2,2,2,2,3,7,1,2
SF,IH2006,2020-06-17 11:28:42.700,2864.2000,17626,0,9681661680.000,0,-,-,-,-,2864.0000,2863.8000,2863.6000,2863.4000,2863.0000,2864.2000,2864.4000,2864.8000,2865.0000,2865.2000,2,1,2,2,2,1,2,3,7,1
SF,IH2006,2020-06-17 11:28:43.200,2864.2000,17626,0,9681661680.000,0,-,-,-,-,2864.0000,2863.8000,2863.6000,2863.4000,2863.0000,2864.2000,2864.4000,2864.8000,2865.0000,2865.2000,1,1,2,2,2,1,2,3,7,1
SF,IH2006,2020-06-17 11:28:44.700,2864.2000,17626,0,9681661680.000,0,-,-,-,-,2864.0000,2863.8000,2863.6000,2863.4000,2863.0000,2864.2000,2864.4000,2864.8000,2865.0000,2865.4000,1,1,2,2,2,1,2,4,7,2
SF,IH2006,2020-06-17 11:28:46.700,2864.2000,17627,1,9682520940.000,1,1,0,双开,B,2864.0000,2863.8000,2863.6000,2863.4000,2863.0000,2864.4000,2864.8000,2865.0000,2865.4000,2865.6000,1,1,2,2,2,2,4,7,2,3
SF,IH2006,2020-06-17 11:28:47.200,2864.2000,17627,0,9682520940.000,0,-,-,-,-,2864.0000,2863.8000,2863.6000,2863.4000,2863.0000,2864.2000,2864.4000,2864.8000,2865.0000,2865.4000,1,1,2,2,2,1,3,4,7,2
SF,IH2006,2020-06-17 11:28:47.700,2864.2000,17627,0,9682520940.000,0,-,-,-,-,2864.0000,2863.8000,2863.6000,2863.4000,2863.0000,2864.2000,2864.4000,2864.8000,2865.0000,2865.4000,1,1,2,2,2,1,4,4,7,2
SF,IH2006,2020-06-17 11:28:48.700,2864.2000,17627,0,9682520940.000,0,-,-,-,-,2864.0000,2863.8000,2863.6000,2863.4000,2863.0000,2864.2000,2864.4000,2864.8000,2865.0000,2865.4000,1,1,2,2,2,1,4,4,7,2
SF,IH2006,2020-06-17 11:28:49.200,2864.2000,17627,0,9682520940.000,0,-,-,-,-,2864.0000,2863.8000,2863.6000,2863.4000,2863.0000,2864.2000,2864.4000,2864.8000,2865.0000,2865.4000,1,1,2,2,2,1,4,3,7,2
SF,IH2006,2020-06-17 11:28:50.700,2864.2000,17627,0,9684239460.000,2,1,1,空换,B,2864.0000,2863.8000,2863.6000,2863.4000,2863.0000,2864.4000,2864.8000,2865.0000,2865.4000,2865.6000,2,1,2,2,2,4,3,7,2,3
SF,IH2006,2020-06-17 11:28:53.700,2864.2000,17627,0,9684239460.000,0,-,-,-,-,2864.0000,2863.6000,2863.4000,2863.0000,2862.8000,2864.4000,2864.8000,2865.0000,2865.4000,2865.6000,2,2,2,2,1,4,3,7,2,3
SF,IH2006,2020-06-17 11:28:54.200,2864.0000,17625,-2,9685957980.000,2,0,2,双平,B,2864.0000,2863.6000,2863.4000,2863.0000,2862.8000,2864.4000,2864.8000,2865.0000,2865.4000,2865.6000,1,2,2,2,1,3,3,7,2,3
SF,IH2006,2020-06-17 11:28:55.200,2864.0000,17625,0,9685957980.000,0,-,-,-,-,2864.0000,2863.6000,2863.4000,2863.0000,2862.8000,2864.4000,2864.8000,2865.0000,2865.4000,2865.6000,1,2,2,2,1,4,3,7,2,3
SF,IH2006,2020-06-17 11:28:55.700,2864.4000,17624,-1,9686817300.000,1,0,1,双平,B,2864.0000,2863.6000,2863.4000,2863.0000,2862.8000,2864.4000,2864.8000,2865.0000,2865.4000,2865.6000,2,2,2,2,1,3,3,7,2,3
SF,IH2006,2020-06-17 11:28:56.200,2864.4000,17623,-1,9687676620.000,1,0,1,双平,B,2864.0000,2863.6000,2863.4000,2863.0000,2862.8000,2864.4000,2864.8000,2865.0000,2865.4000,2865.6000,2,2,2,2,1,2,4,7,2,3
SF,IH2006,2020-06-17 11:28:56.700,2864.4000,17623,0,9687676620.000,0,-,-,-,-,2864.2000,2864.0000,2863.6000,2863.4000,2863.0000,2864.4000,2864.8000,2865.0000,2865.4000,2865.6000,1,2,2,2,2,2,4,7,2,3
SF,IH2006,2020-06-17 11:28:57.700,2864.4000,17623,0,9687676620.000,0,-,-,-,-,2864.2000,2864.0000,2863.6000,2863.4000,2863.0000,2864.4000,2864.8000,2865.0000,2865.4000,2865.6000,1,1,2,2,2,2,4,7,2,3
SF,IH2006,2020-06-17 11:29:01.200,2864.4000,17623,0,9688535940.000,1,0,1,空换,B,2864.2000,2864.0000,2863.6000,2863.4000,2863.0000,2864.4000,2864.8000,2865.0000,2865.4000,2865.6000,1,1,1,2,2,1,4,7,2,3
SF,IH2006,2020-06-17 11:29:01.700,2864.4000,17623,0,9689395260.000,1,0,1,空换,B,2864.2000,2864.0000,2863.6000,2863.4000,2863.0000,2864.8000,2865.0000,2865.4000,2865.6000,2865.8000,1,1,1,2,2,4,7,2,3,6
SF,IH2006,2020-06-17 11:29:02.200,2864.4000,17623,0,9689395260.000,0,-,-,-,-,2864.2000,2864.0000,2863.6000,2863.4000,2863.0000,2864.6000,2864.8000,2865.0000,2865.4000,2865.6000,1,1,1,2,2,1,4,7,2,3
SF,IH2006,2020-06-17 11:29:03.200,2864.4000,17623,0,9689395260.000,0,-,-,-,-,2864.2000,2864.0000,2863.6000,2863.4000,2863.0000,2864.6000,2864.8000,2865.0000,2865.4000,2865.6000,1,1,1,2,2,1,5,7,2,3
SF,IH2006,2020-06-17 11:29:03.700,2864.4000,17623,0,9689395260.000,0,-,-,-,-,2864.2000,2864.0000,2863.6000,2863.4000,2863.0000,2864.6000,2864.8000,2865.0000,2865.4000,2865.6000,1,1,1,2,2,2,4,7,2,3
SF,IH2006,2020-06-17 11:29:06.200,2864.2000,17623,0,9690254520.000,1,0,1,空换,B,2864.0000,2863.6000,2863.4000,2863.0000,2862.8000,2864.6000,2864.8000,2865.0000,2865.4000,2865.6000,1,1,2,2,1,2,4,7,2,3
SF,IH2006,2020-06-17 11:29:06.700,2864.2000,17623,0,9690254520.000,0,-,-,-,-,2864.0000,2863.6000,2863.4000,2863.0000,2862.8000,2864.6000,2864.8000,2865.0000,2865.4000,2865.6000,2,1,2,2,1,2,4,7,2,3
SF,IH2006,2020-06-17 11:29:07.200,2864.2000,17623,0,9690254520.000,0,-,-,-,-,2864.0000,2863.6000,2863.4000,2863.0000,2862.8000,2864.4000,2864.6000,2864.8000,2865.0000,2865.4000,1,1,2,1,1,1,4,4,7,2
SF,IH2006,2020-06-17 11:29:07.700,2864.2000,17623,0,9690254520.000,0,-,-,-,-,2864.0000,2863.6000,2863.4000,2863.0000,2862.8000,2864.4000,2864.6000,2864.8000,2865.0000,2865.4000,1,1,2,1,1,2,3,4,7,2
SF,IH2006,2020-06-17 11:29:08.200,2864.0000,17622,-1,9691113720.000,1,0,1,双平,B,2863.6000,2863.4000,2863.0000,2862.8000,2862.0000,2864.0000,2864.4000,2864.6000,2864.8000,2865.0000,1,2,1,1,2,2,2,3,4,7
SF,IH2006,2020-06-17 11:29:08.700,2864.0000,17622,0,9691113720.000,0,-,-,-,-,2863.8000,2863.6000,2863.4000,2863.0000,2862.8000,2864.0000,2864.4000,2864.6000,2864.8000,2865.0000,3,2,2,1,1,2,2,3,4,7
SF,IH2006,2020-06-17 11:29:09.200,2864.0000,17622,0,9691113720.000,0,-,-,-,-,2863.8000,2863.6000,2863.4000,2863.0000,2862.8000,2864.0000,2864.4000,2864.6000,2864.8000,2865.0000,5,2,2,1,1,2,3,3,4,7
SF,IH2006,2020-06-17 11:29:09.700,2864.0000,17622,0,9692832120.000,2,1,1,空换,B,2864.0000,2863.8000,2863.6000,2863.4000,2863.0000,2864.4000,2864.6000,2864.8000,2865.0000,2865.4000,4,5,2,2,1,3,3,4,7,2
SF,IH2006,2020-06-17 11:29:10.200,2864.0000,17622,0,9692832120.000,0,-,-,-,-,2863.8000,2863.6000,2863.4000,2863.0000,2862.8000,2864.4000,2864.6000,2864.8000,2865.0000,2865.4000,2,2,2,1,1,3,3,4,7,2
SF,IH2006,2020-06-17 11:29:10.700,2864.0000,17622,0,9692832120.000,0,-,-,-,-,2863.8000,2863.6000,2863.4000,2863.0000,2862.8000,2864.4000,2864.6000,2864.8000,2865.0000,2865.4000,2,2,2,1,1,3,1,4,7,2
SF,IH2006,2020-06-17 11:29:11.200,2864.0000,17622,0,9692832120.000,0,-,-,-,-,2863.8000,2863.6000,2863.4000,2863.0000,2862.8000,2864.2000,2864.4000,2864.6000,2864.8000,2865.0000,2,2,2,1,1,2,3,1,4,7
SF,IH2006,2020-06-17 11:29:11.700,2864.0000,17622,0,9692832120.000,0,-,-,-,-,2863.8000,2863.6000,2863.4000,2863.0000,2862.8000,2864.4000,2864.6000,2864.8000,2865.0000,2865.4000,3,2,2,1,1,3,1,4,7,2
SF,IH2006,2020-06-17 11:29:12.200,2864.0000,17622,0,9692832120.000,0,-,-,-,-,2863.8000,2863.6000,2863.4000,2863.0000,2862.8000,2864.0000,2864.4000,2864.6000,2864.8000,2865.0000,2,2,2,1,1,2,3,1,4,7
SF,IH2006,2020-06-17 11:29:12.700,2864.0000,17620,-2,9695409720.000,3,0,3,空平,B,2863.8000,2863.6000,2863.4000,2863.0000,2862.8000,2864.4000,2864.6000,2864.8000,2865.0000,2865.4000,1,2,2,1,1,3,1,4,7,2
SF,IH2006,2020-06-17 11:29:13.200,2864.0000,17620,0,9695409720.000,0,-,-,-,-,2863.8000,2863.6000,2863.4000,2863.0000,2862.8000,2864.4000,2864.6000,2864.8000,2865.0000,2865.4000,1,2,2,1,1,3,1,4,7,2
SF,IH2006,2020-06-17 11:29:14.700,2863.8000,17620,0,9696268860.000,1,0,1,空换,B,2863.8000,2863.6000,2863.4000,2863.0000,2862.8000,2864.4000,2864.6000,2864.8000,2865.0000,2865.4000,1,2,2,1,1,3,1,4,7,2
SF,IH2006,2020-06-17 11:29:15.200,2863.8000,17620,0,9696268860.000,0,-,-,-,-,2863.8000,2863.6000,2863.4000,2863.0000,2862.8000,2864.4000,2864.6000,2864.8000,2865.0000,2865.4000,2,2,2,1,1,3,1,4,7,2
SF,IH2006,2020-06-17 11:29:15.700,2863.8000,17620,0,9696268860.000,0,-,-,-,-,2863.8000,2863.6000,2863.4000,2863.0000,2862.8000,2864.2000,2864.4000,2864.6000,2864.8000,2865.0000,2,2,2,1,1,2,3,1,4,7
SF,IH2006,2020-06-17 11:29:16.200,2863.8000,17620,0,9696268860.000,0,-,-,-,-,2863.8000,2863.6000,2863.4000,2863.0000,2862.8000,2864.0000,2864.2000,2864.4000,2864.6000,2864.8000,1,2,2,1,1,2,1,2,1,4
SF,IH2006,2020-06-17 11:29:18.700,2863.8000,17620,0,9696268860.000,0,-,-,-,-,2863.8000,2863.6000,2863.4000,2863.0000,2862.8000,2864.0000,2864.2000,2864.4000,2864.6000,2864.8000,1,1,2,1,1,2,1,2,1,4
SF,IH2006,2020-06-17 11:29:19.700,2863.8000,17620,0,9697128000.000,1,0,1,空换,B,2863.6000,2863.4000,2862.8000,2862.0000,2861.8000,2864.0000,2864.2000,2864.4000,2864.6000,2864.8000,1,2,1,2,4,2,1,2,1,4
SF,IH2006,2020-06-17 11:29:20.700,2863.8000,17620,0,9697128000.000,0,-,-,-,-,2863.8000,2863.6000,2863.4000,2862.8000,2862.0000,2864.0000,2864.2000,2864.4000,2864.6000,2864.8000,1,1,2,1,2,2,1,2,1,4
SF,IH2006,2020-06-17 11:29:21.200,2863.8000,17620,0,9697128000.000,0,-,-,-,-,2863.6000,2863.4000,2862.8000,2862.0000,2861.8000,2864.0000,2864.2000,2864.4000,2864.6000,2864.8000,1,2,1,2,4,2,1,2,1,4
SF,IH2006,2020-06-17 11:29:21.700,2863.8000,17620,0,9697987140.000,1,0,1,空换,B,2863.8000,2863.6000,2863.4000,2862.8000,2862.0000,2864.0000,2864.2000,2864.4000,2864.6000,2864.8000,1,1,2,1,2,2,1,2,1,3
SF,IH2006,2020-06-17 11:29:22.200,2863.8000,17620,0,9697987140.000,0,-,-,-,-,2863.8000,2863.6000,2863.4000,2862.8000,2862.0000,2864.0000,2864.2000,2864.4000,2864.6000,2864.8000,1,1,2,1,2,3,1,2,1,3
SF,IH2006,2020-06-17 11:29:23.700,2864.0000,17619,-1,9698846340.000,1,0,1,双平,B,2863.8000,2863.6000,2863.4000,2862.8000,2862.0000,2864.0000,2864.2000,2864.4000,2864.6000,2864.8000,1,1,2,1,2,2,1,2,1,3
SF,IH2006,2020-06-17 11:29:25.200,2863.8000,17618,-1,9699705480.000,1,0,1,双平,B,2863.6000,2863.4000,2862.8000,2862.0000,2861.8000,2864.0000,2864.2000,2864.4000,2864.6000,2864.8000,1,2,1,2,4,2,1,2,1,3
SF,IH2006,2020-06-17 11:29:25.700,2863.8000,17619,1,9700564620.000,1,1,0,双开,B,2863.6000,2863.4000,2862.8000,2862.0000,2861.8000,2864.0000,2864.2000,2864.4000,2864.6000,2864.8000,1,2,1,2,4,3,1,2,1,3
SF,IH2006,2020-06-17 11:29:26.200,2863.8000,17619,0,9700564620.000,0,-,-,-,-,2863.6000,2863.4000,2862.8000,2862.0000,2861.8000,2864.0000,2864.2000,2864.4000,2864.6000,2864.8000,1,2,1,2,4,2,1,2,1,3
SF,IH2006,2020-06-17 11:29:29.700,2863.8000,17619,0,9700564620.000,0,-,-,-,-,2863.6000,2863.4000,2862.8000,2862.0000,2861.8000,2864.0000,2864.2000,2864.4000,2864.6000,2864.8000,2,2,1,2,4,2,1,2,1,3
SF,IH2006,2020-06-17 11:29:30.200,2863.6000,17621,2,9703142100.000,3,2,1,多开,B,2863.4000,2862.8000,2862.0000,2861.8000,2861.6000,2864.2000,2864.4000,2864.6000,2864.8000,2865.0000,2,1,2,4,2,1,2,1,3,4
SF,IH2006,2020-06-17 11:29:30.700,2863.6000,17624,3,9710875740.000,9,6,3,多开,B,2863.6000,2863.4000,2862.8000,2862.0000,2861.8000,2865.0000,2865.4000,2865.6000,2865.8000,2866.0000,1,3,1,2,4,4,2,3,4,3
SF,IH2006,2020-06-17 11:29:31.200,2863.6000,17624,0,9710875740.000,0,-,-,-,-,2863.8000,2863.6000,2863.4000,2862.8000,2862.0000,2864.2000,2864.4000,2864.6000,2864.8000,2865.0000,2,1,3,1,2,5,1,5,7,5
SF,IH2006,2020-06-17 11:29:31.700,2863.6000,17624,0,9710875740.000,0,-,-,-,-,2863.8000,2863.6000,2863.4000,2862.8000,2862.0000,2864.4000,2864.6000,2864.8000,2865.0000,2865.4000,1,1,3,1,2,1,3,6,5,2
SF,IH2006,2020-06-17 11:29:32.200,2863.6000,17624,0,9710875740.000,0,-,-,-,-,2863.8000,2863.6000,2863.4000,2862.8000,2862.0000,2864.4000,2864.6000,2864.8000,2865.0000,2865.4000,1,1,3,1,2,1,3,6,5,2
SF,IH2006,2020-06-17 11:29:32.700,2863.6000,17624,0,9710875740.000,0,-,-,-,-,2863.6000,2863.4000,2862.8000,2862.0000,2861.8000,2864.0000,2864.2000,2864.4000,2864.6000,2864.8000,1,3,1,2,4,2,4,5,3,3
SF,IH2006,2020-06-17 11:29:33.200,2863.4000,17625,1,9711734760.000,1,1,0,双开,B,2863.4000,2862.8000,2862.0000,2861.8000,2861.6000,2863.8000,2864.2000,2864.4000,2864.8000,2865.0000,2,1,2,4,2,2,1,4,3,5
SF,IH2006,2020-06-17 11:29:35.200,2863.8000,17624,-1,9712593900.000,1,0,1,双平,B,2863.4000,2862.8000,2862.0000,2861.8000,2861.6000,2863.8000,2864.2000,2864.4000,2864.8000,2865.0000,2,1,2,4,2,1,1,4,3,5
SF,IH2006,2020-06-17 11:29:35.700,2863.6000,17625,1,9713452980.000,1,1,0,双开,B,2863.6000,2863.4000,2862.8000,2862.0000,2861.8000,2863.8000,2864.2000,2864.4000,2864.8000,2865.0000,2,2,1,2,4,1,1,4,3,5
SF,IH2006,2020-06-17 11:29:36.200,2863.6000,17625,0,9713452980.000,0,-,-,-,-,2863.6000,2863.4000,2862.8000,2862.0000,2861.8000,2863.8000,2864.2000,2864.4000,2864.8000,2865.0000,3,2,1,2,4,1,1,4,3,5
SF,IH2006,2020-06-17 11:29:36.700,2863.8000,17624,-1,9714312120.000,1,0,1,双平,B,2863.6000,2863.4000,2862.8000,2862.0000,2861.8000,2864.2000,2864.4000,2864.8000,2865.0000,2865.4000,1,2,1,2,4,1,4,3,5,2
SF,IH2006,2020-06-17 11:29:37.200,2863.8000,17624,0,9714312120.000,0,-,-,-,-,2863.6000,2863.4000,2862.8000,2862.0000,2861.8000,2864.2000,2864.4000,2864.8000,2865.0000,2865.4000,1,2,1,2,4,2,4,3,5,2
SF,IH2006,2020-06-17 11:29:37.700,2863.8000,17624,0,9714312120.000,0,-,-,-,-,2863.6000,2863.4000,2862.8000,2862.0000,2861.8000,2864.2000,2864.4000,2864.8000,2865.0000,2865.4000,1,2,1,2,4,1,4,3,5,2
SF,IH2006,2020-06-17 11:29:38.200,2863.8000,17624,0,9714312120.000,0,-,-,-,-,2863.6000,2863.4000,2862.8000,2862.0000,2861.8000,2864.2000,2864.4000,2864.8000,2865.0000,2865.4000,1,2,1,2,4,1,3,3,5,2
SF,IH2006,2020-06-17 11:29:38.700,2863.8000,17624,0,9714312120.000,0,-,-,-,-,2863.6000,2863.4000,2862.8000,2862.0000,2861.8000,2864.2000,2864.4000,2864.8000,2865.0000,2865.4000,1,2,1,2,4,1,3,3,5,2
SF,IH2006,2020-06-17 11:29:39.700,2863.8000,17624,0,9714312120.000,0,-,-,-,-,2863.6000,2863.4000,2862.0000,2861.8000,2861.6000,2864.2000,2864.4000,2864.8000,2865.0000,2865.4000,1,2,2,4,2,1,3,3,5,2
SF,IH2006,2020-06-17 11:29:40.200,2863.8000,17624,0,9714312120.000,0,-,-,-,-,2863.8000,2863.6000,2863.4000,2862.0000,2861.8000,2864.2000,2864.4000,2864.8000,2865.0000,2865.4000,1,1,2,2,4,1,3,3,5,2
SF,IH2006,2020-06-17 11:29:41.700,2863.8000,17623,-1,9715171260.000,1,0,1,双平,B,2863.6000,2863.4000,2862.0000,2861.8000,2861.6000,2863.8000,2864.0000,2864.2000,2864.4000,2864.8000,1,2,2,4,2,1,1,1,3,3
SF,IH2006,2020-06-17 11:29:42.200,2863.8000,17623,0,9715171260.000,0,-,-,-,-,2863.4000,2862.0000,2861.8000,2861.6000,2861.2000,2863.8000,2864.0000,2864.2000,2864.4000,2864.8000,2,2,4,2,1,1,1,1,3,3
SF,IH2006,2020-06-17 11:29:42.700,2863.8000,17623,0,9715171260.000,0,-,-,-,-,2863.6000,2863.4000,2862.2000,2862.0000,2861.8000,2863.8000,2864.2000,2864.4000,2864.8000,2865.0000,1,2,6,2,4,1,1,3,3,5
SF,IH2006,2020-06-17 11:29:44.200,2863.6000,17622,-1,9716030340.000,1,0,1,双平,B,2863.4000,2862.2000,2862.0000,2861.8000,2861.6000,2863.8000,2864.2000,2864.4000,2864.8000,2865.0000,2,6,2,4,2,1,1,3,3,5
SF,IH2006,2020-06-17 11:29:47.200,2863.8000,17621,-1,9716889480.000,1,0,1,双平,B,2863.4000,2862.2000,2862.0000,2861.8000,2861.6000,2864.2000,2864.4000,2864.8000,2865.0000,2865.4000,2,6,2,4,2,1,3,3,5,2
SF,IH2006,2020-06-17 11:29:47.700,2864.0000,17624,3,9722044500.000,6,4,2,多开,B,2862.2000,2862.0000,2861.8000,2861.6000,2861.2000,2863.4000,2864.0000,2864.2000,2864.4000,2865.0000,6,2,4,2,1,1,4,2,3,5
SF,IH2006,2020-06-17 11:29:48.200,2863.4000,17624,0,9723762180.000,2,1,1,空换,B,2863.6000,2863.0000,2862.8000,2862.4000,2862.2000,2863.8000,2864.0000,2864.2000,2864.4000,2865.0000,1,3,8,8,2,1,1,3,3,5
SF,IH2006,2020-06-17 11:29:48.700,2863.6000,17625,1,9724621260.000,1,1,0,双开,B,2862.8000,2862.4000,2862.2000,2862.0000,2861.8000,2863.8000,2864.0000,2864.2000,2864.4000,2865.0000,2,7,2,2,4,1,1,3,3,5
SF,IH2006,2020-06-17 11:29:49.200,2863.6000,17625,0,9724621260.000,0,-,-,-,-,2863.4000,2863.0000,2862.8000,2862.4000,2862.0000,2863.8000,2864.0000,2864.4000,2865.0000,2865.4000,1,13,2,3,2,1,1,3,5,2
SF,IH2006,2020-06-17 11:29:49.700,2863.6000,17625,0,9724621260.000,0,-,-,-,-,2863.4000,2863.0000,2862.8000,2862.4000,2862.0000,2863.8000,2864.0000,2864.4000,2865.0000,2865.4000,2,10,3,1,2,1,1,3,5,2
SF,IH2006,2020-06-17 11:29:50.200,2863.6000,17625,0,9724621260.000,0,-,-,-,-,2863.4000,2863.0000,2862.8000,2862.4000,2862.0000,2863.8000,2864.4000,2865.0000,2865.4000,2865.6000,2,9,3,1,2,1,3,5,2,3
SF,IH2006,2020-06-17 11:29:50.700,2863.6000,17625,0,9724621260.000,0,-,-,-,-,2863.4000,2863.0000,2862.8000,2862.4000,2862.0000,2863.8000,2864.4000,2865.0000,2865.4000,2865.6000,2,9,2,1,2,1,3,5,2,3
SF,IH2006,2020-06-17 11:29:51.200,2863.8000,17624,-1,9726339420.000,2,0,2,空平,B,2863.4000,2863.0000,2862.8000,2862.4000,2862.0000,2864.4000,2865.0000,2865.4000,2865.6000,2865.8000,1,9,2,1,2,3,5,2,3,4
SF,IH2006,2020-06-17 11:29:51.700,2863.6000,17624,0,9727198500.000,1,0,1,空换,B,2863.4000,2863.0000,2862.8000,2862.4000,2862.0000,2864.2000,2864.4000,2865.0000,2865.4000,2865.6000,2,6,2,1,2,4,3,5,2,3
SF,IH2006,2020-06-17 11:29:52.200,2863.6000,17624,0,9727198500.000,0,-,-,-,-,2863.4000,2863.0000,2862.8000,2862.4000,2862.0000,2863.8000,2864.0000,2864.2000,2864.4000,2865.0000,1,6,2,1,2,1,1,3,3,5
SF,IH2006,2020-06-17 11:29:52.700,2863.6000,17624,0,9727198500.000,0,-,-,-,-,2863.4000,2863.0000,2862.8000,2862.4000,2862.0000,2863.8000,2864.0000,2864.2000,2864.4000,2865.0000,1,6,2,1,2,2,1,3,3,5
SF,IH2006,2020-06-17 11:29:53.200,2863.6000,17624,0,9727198500.000,0,-,-,-,-,2863.0000,2862.8000,2862.4000,2862.0000,2861.8000,2863.8000,2864.0000,2864.2000,2864.4000,2865.0000,6,2,1,2,4,2,1,2,3,5
SF,IH2006,2020-06-17 11:29:53.700,2863.6000,17624,0,9727198500.000,0,-,-,-,-,2863.2000,2863.0000,2862.8000,2862.4000,2862.0000,2863.8000,2864.0000,2864.2000,2864.4000,2865.0000,6,6,2,1,2,2,2,2,3,5
SF,IH2006,2020-06-17 11:29:54.200,2863.6000,17624,0,9727198500.000,0,-,-,-,-,2863.4000,2863.2000,2863.0000,2862.8000,2862.0000,2863.8000,2864.0000,2864.2000,2864.4000,2865.0000,1,6,6,2,2,2,2,2,3,5
SF,IH2006,2020-06-17 11:29:55.200,2863.6000,17624,0,9727198500.000,0,-,-,-,-,2863.4000,2863.2000,2863.0000,2862.8000,2862.0000,2863.8000,2864.0000,2864.2000,2864.4000,2865.0000,1,6,26,2,2,2,2,3,3,5
SF,IH2006,2020-06-17 11:29:55.700,2863.6000,17624,0,9727198500.000,0,-,-,-,-,2863.4000,2863.2000,2863.0000,2862.8000,2862.0000,2863.8000,2864.0000,2864.2000,2865.0000,2865.4000,1,6,26,2,2,2,2,3,5,2
SF,IH2006,2020-06-17 11:29:56.700,2863.6000,17624,0,9727198500.000,0,-,-,-,-,2863.4000,2863.2000,2863.0000,2862.8000,2862.0000,2863.8000,2864.0000,2864.2000,2865.0000,2865.4000,1,6,23,2,2,2,2,3,5,2
SF,IH2006,2020-06-17 11:29:57.200,2863.6000,17624,0,9727198500.000,0,-,-,-,-,2863.4000,2863.2000,2863.0000,2862.8000,2862.0000,2863.8000,2864.0000,2864.2000,2865.0000,2865.4000,1,4,23,2,2,2,2,3,5,2
SF,IH2006,2020-06-17 11:29:57.700,2863.6000,17624,0,9727198500.000,0,-,-,-,-,2863.4000,2863.2000,2863.0000,2862.8000,2862.0000,2863.8000,2864.0000,2864.2000,2865.0000,2865.4000,1,1,23,2,2,2,2,2,3,2
SF,IH2006,2020-06-17 11:29:58.700,2863.6000,17624,0,9727198500.000,0,-,-,-,-,2863.6000,2863.4000,2863.2000,2863.0000,2862.8000,2863.8000,2864.0000,2864.2000,2865.0000,2865.4000,1,1,1,23,1,2,2,2,3,2
SF,IH2006,2020-06-17 11:29:59.200,2863.8000,17624,0,9729775920.000,3,1,2,空换,B,2863.8000,2863.6000,2863.4000,2863.2000,2863.0000,2864.0000,2865.0000,2865.4000,2865.6000,2865.8000,1,1,1,1,21,2,3,2,3,3
SF,IH2006,2020-06-17 11:29:59.700,2863.8000,17624,0,9729775920.000,0,-,-,-,-,2863.8000,2863.6000,2863.4000,2863.2000,2863.0000,2864.0000,2865.0000,2865.4000,2865.6000,2865.8000,2,1,1,1,21,2,3,2,3,3
SF,IH2006,2020-06-17 11:30:00.200,2864.0000,17624,0,9731494320.000,2,1,1,空换,B,2864.0000,2863.8000,2863.6000,2863.4000,2863.2000,2865.0000,2865.4000,2865.6000,2865.8000,2866.0000,6,2,1,1,1,3,2,3,3,2
SF,IH2006,2020-06-17 13:00:00.200,2865.6000,17629,5,9738370740.000,8,6,2,多开,B,2865.0000,2864.2000,2864.0000,2863.8000,2863.6000,2865.6000,2865.8000,2866.0000,2866.6000,2866.8000,1,14,6,2,2,2,3,2,3,3
SF,IH2006,2020-06-17 13:00:00.700,2865.4000,17626,-3,9749545140.000,13,5,8,空平,B,2865.4000,2865.2000,2865.0000,2864.8000,2864.4000,2865.6000,2865.8000,2866.0000,2866.6000,2866.8000,1,4,1,2,1,1,3,2,3,3
SF,IH2006,2020-06-17 13:00:01.200,2865.6000,17626,0,9754703280.000,6,3,3,空换,B,2865.4000,2865.2000,2865.0000,2864.8000,2864.4000,2865.6000,2865.8000,2866.0000,2866.6000,2866.8000,1,4,3,2,1,2,2,2,3,3
SF,IH2006,2020-06-17 13:00:01.700,2865.2000,17625,-1,9756422520.000,2,0,2,空平,B,2865.2000,2865.0000,2864.8000,2864.4000,2864.2000,2865.6000,2865.8000,2866.0000,2866.6000,2866.8000,3,3,2,1,15,1,2,2,3,3
SF,IH2006,2020-06-17 13:00:02.200,2865.6000,17626,1,9757282200.000,1,1,0,双开,B,2865.6000,2865.2000,2865.0000,2864.8000,2864.4000,2865.8000,2866.0000,2866.6000,2866.8000,2867.0000,1,4,3,2,1,2,2,3,3,21
SF,IH2006,2020-06-17 13:00:02.700,2865.2000,17623,-3,9761580600.000,5,1,4,空平,B,2865.2000,2865.0000,2864.8000,2864.4000,2864.2000,2866.0000,2866.6000,2866.8000,2867.0000,2867.8000,2,3,2,1,15,1,3,3,21,2
SF,IH2006,2020-06-17 13:00:03.200,2866.0000,17622,-1,9762440400.000,1,0,1,双平,B,2865.4000,2865.2000,2865.0000,2864.8000,2864.4000,2866.0000,2866.6000,2866.8000,2867.0000,2867.4000,4,2,3,2,1,5,3,4,21,1
SF,IH2006,2020-06-17 13:00:03.700,2866.0000,17621,-1,9768459000.000,7,3,4,空平,B,2865.4000,2865.2000,2865.0000,2864.8000,2864.4000,2865.8000,2866.0000,2866.6000,2866.8000,2867.0000,3,2,3,2,1,2,1,3,4,21
SF,IH2006,2020-06-17 13:00:04.700,2865.8000,17621,0,9769318740.000,1,0,1,空换,B,2865.4000,2865.2000,2865.0000,2864.8000,2864.4000,2865.8000,2866.0000,2866.6000,2866.8000,2867.0000,3,2,3,2,1,1,2,3,4,21
SF,IH2006,2020-06-17 13:00:05.200,2865.8000,17621,0,9769318740.000,0,-,-,-,-,2865.6000,2865.4000,2865.2000,2865.0000,2864.8000,2865.8000,2866.0000,2866.6000,2866.8000,2867.0000,5,3,2,3,2,1,2,3,4,21
SF,IH2006,2020-06-17 13:00:06.700,2865.8000,17621,0,9769318740.000,0,-,-,-,-,2865.6000,2865.4000,2865.2000,2865.0000,2864.8000,2865.8000,2866.0000,2866.6000,2866.8000,2867.0000,5,3,2,3,2,1,2,3,4,21
SF,IH2006,2020-06-17 13:00:07.200,2865.8000,17621,0,9769318740.000,0,-,-,-,-,2865.6000,2865.4000,2865.2000,2865.0000,2864.8000,2865.8000,2866.0000,2866.6000,2866.8000,2867.0000,6,3,2,3,2,1,2,3,4,21
SF,IH2006,2020-06-17 13:00:07.700,2865.6000,17624,3,9772757460.000,4,3,1,多开,B,2865.6000,2865.4000,2865.2000,2865.0000,2864.8000,2865.8000,2866.0000,2866.6000,2866.8000,2867.0000,2,3,2,3,2,1,2,3,4,21
SF,IH2006,2020-06-17 13:00:08.200,2865.6000,17623,-1,9774476820.000,2,0,2,空平,B,2865.4000,2865.2000,2865.0000,2864.8000,2864.4000,2865.8000,2866.0000,2866.6000,2866.8000,2867.0000,1,2,3,2,1,1,4,3,4,21
SF,IH2006,2020-06-17 13:00:08.700,2865.6000,17623,0,9774476820.000,0,-,-,-,-,2865.4000,2865.2000,2865.0000,2864.8000,2864.4000,2865.8000,2866.0000,2866.6000,2866.8000,2867.0000,1,2,3,2,1,1,3,3,4,21
SF,IH2006,2020-06-17 13:00:09.200,2865.6000,17623,0,9774476820.000,0,-,-,-,-,2865.4000,2865.2000,2865.0000,2864.8000,2864.4000,2865.8000,2866.0000,2866.6000,2866.8000,2867.0000,1,2,3,2,1,1,3,3,4,21
SF,IH2006,2020-06-17 13:00:09.700,2865.4000,17622,-1,9775336440.000,1,0,1,双平,B,2865.2000,2865.0000,2864.8000,2864.4000,2864.2000,2865.8000,2866.0000,2866.6000,2866.8000,2867.0000,2,3,2,1,14,1,3,3,4,21
SF,IH2006,2020-06-17 13:00:10.200,2865.2000,17622,0,9776196000.000,1,0,1,空换,B,2865.2000,2865.0000,2864.8000,2864.4000,2864.2000,2865.6000,2865.8000,2866.0000,2866.6000,2866.8000,1,3,2,1,14,1,1,3,3,4
SF,IH2006,2020-06-17 13:00:10.700,2865.2000,17622,0,9776196000.000,0,-,-,-,-,2865.2000,2865.0000,2864.8000,2864.4000,2864.2000,2865.4000,2865.6000,2865.8000,2866.0000,2866.6000,1,3,2,1,14,1,1,2,3,3
SF,IH2006,2020-06-17 13:00:11.200,2865.0000,17622,0,9778774560.000,3,1,2,空换,B,2865.0000,2864.8000,2864.4000,2864.2000,2864.0000,2865.2000,2865.4000,2865.6000,2865.8000,2866.0000,1,2,1,1,2,1,1,1,2,3
SF,IH2006,2020-06-17 13:00:11.700,2865.0000,17621,-1,9779634060.000,1,0,1,双平,B,2864.8000,2864.4000,2864.2000,2864.0000,2863.6000,2865.0000,2865.4000,2865.6000,2865.8000,2866.0000,2,1,1,2,2,1,1,1,2,3
SF,IH2006,2020-06-17 13:00:12.200,2864.8000,17620,-1,9780493500.000,1,0,1,双平,B,2864.8000,2864.4000,2864.2000,2864.0000,2863.6000,2865.2000,2865.4000,2865.6000,2865.8000,2866.0000,1,1,1,2,2,1,1,1,2,3
SF,IH2006,2020-06-17 13:00:13.200,2864.8000,17620,0,9780493500.000,0,-,-,-,-,2864.8000,2864.4000,2864.2000,2864.0000,2863.6000,2865.2000,2865.4000,2865.6000,2865.8000,2866.0000,1,1,1,2,2,6,1,1,2,3
SF,IH2006,2020-06-17 13:00:13.700,2864.8000,17619,-1,9781352940.000,1,0,1,双平,B,2864.4000,2864.2000,2864.0000,2863.6000,2863.0000,2865.2000,2865.4000,2865.6000,2865.8000,2866.0000,1,1,2,2,20,6,1,1,2,3
SF,IH2006,2020-06-17 13:00:14.200,2864.8000,17619,0,9781352940.000,0,-,-,-,-,2864.6000,2864.4000,2864.0000,2863.6000,2863.0000,2865.2000,2865.4000,2865.6000,2865.8000,2866.0000,1,2,2,2,20,6,1,1,2,3
SF,IH2006,2020-06-17 13:00:14.700,2865.2000,17619,0,9783072060.000,2,1,1,空换,B,2864.6000,2864.4000,2864.0000,2863.6000,2863.0000,2865.0000,2865.2000,2865.4000,2865.6000,2865.8000,1,1,2,2,20,1,4,1,1,1
SF,IH2006,2020-06-17 13:00:15.200,2864.6000,17619,0,9783931440.000,1,0,1,空换,B,2864.4000,2864.0000,2863.6000,2863.0000,2862.0000,2865.0000,2865.2000,2865.4000,2865.6000,2865.8000,1,2,2,20,23,1,4,1,1,1
SF,IH2006,2020-06-17 13:00:15.700,2864.6000,17619,0,9783931440.000,0,-,-,-,-,2864.4000,2864.0000,2863.6000,2863.0000,2862.0000,2865.0000,2865.4000,2865.6000,2865.8000,2866.0000,2,2,2,20,23,1,1,1,1,3
SF,IH2006,2020-06-17 13:00:16.200,2864.4000,17620,1,9785650080.000,2,1,1,多开,B,2864.0000,2863.6000,2863.0000,2862.0000,2861.8000,2865.0000,2865.2000,2865.4000,2865.6000,2865.8000,2,2,20,23,4,1,1,1,1,1
SF,IH2006,2020-06-17 13:00:16.700,2865.0000,17619,-1,9786509580.000,1,0,1,双平,B,2864.2000,2863.6000,2863.0000,2862.0000,2861.8000,2865.2000,2865.4000,2865.6000,2865.8000,2866.0000,12,2,20,23,4,1,1,1,1,3
SF,IH2006,2020-06-17 13:00:17.200,2865.0000,17619,0,9786509580.000,0,-,-,-,-,2864.6000,2864.4000,2864.2000,2863.6000,2863.0000,2864.8000,2865.2000,2865.4000,2865.6000,2865.8000,1,4,9,2,20,1,2,1,1,1
SF,IH2006,2020-06-17 13:00:17.700,2864.8000,17618,-1,9788228460.000,2,0,2,空平,B,2864.8000,2864.6000,2864.4000,2864.2000,2864.0000,2865.2000,2865.4000,2865.6000,2865.8000,2866.0000,2,1,4,7,1,2,1,1,1,3
SF,IH2006,2020-06-17 13:00:18.200,2864.8000,17618,0,9788228460.000,0,-,-,-,-,2864.8000,2864.6000,2864.4000,2864.2000,2864.0000,2865.2000,2865.4000,2865.6000,2865.8000,2866.0000,2,1,4,7,1,2,1,1,1,3
SF,IH2006,2020-06-17 13:00:18.700,2865.0000,17617,-1,9789087960.000,1,0,1,双平,B,2864.8000,2864.6000,2864.4000,2864.2000,2864.0000,2865.2000,2865.4000,2865.6000,2865.8000,2866.0000,2,1,1,4,1,2,1,1,1,3
SF,IH2006,2020-06-17 13:00:19.200,2864.8000,17618,1,9790806840.000,2,1,1,多开,B,2864.6000,2864.4000,2864.2000,2864.0000,2863.6000,2865.2000,2865.4000,2865.6000,2865.8000,2866.0000,1,1,4,1,2,2,1,1,1,3
SF,IH2006,2020-06-17 13:00:20.200,2864.8000,17618,0,9790806840.000,0,-,-,-,-,2864.6000,2864.4000,2864.2000,2864.0000,2863.6000,2865.2000,2865.4000,2865.6000,2865.8000,2866.0000,1,1,5,1,2,2,1,1,1,3
SF,IH2006,2020-06-17 13:00:20.700,2864.8000,17618,0,9790806840.000,0,-,-,-,-,2864.6000,2864.4000,2864.2000,2864.0000,2863.6000,2865.2000,2865.4000,2865.6000,2865.8000,2866.0000,1,1,5,2,2,7,1,1,1,3
SF,IH2006,2020-06-17 13:00:21.200,2864.6000,17617,-1,9791666220.000,1,0,1,双平,B,2864.4000,2864.2000,2864.0000,2863.6000,2863.0000,2865.2000,2865.4000,2865.6000,2865.8000,2866.0000,1,5,2,2,20,7,1,1,1,3
SF,IH2006,2020-06-17 13:00:21.700,2864.6000,17617,0,9791666220.000,0,-,-,-,-,2864.2000,2864.0000,2863.6000,2863.0000,2862.0000,2864.8000,2865.0000,2865.2000,2865.6000,2865.8000,3,2,2,20,23,1,1,8,1,1
SF,IH2006,2020-06-17 13:00:22.200,2864.2000,17615,-2,9795962700.000,5,1,4,空平,B,2864.0000,2863.6000,2863.0000,2862.4000,2862.0000,2864.2000,2865.2000,2865.6000,2865.8000,2866.0000,2,2,20,1,23,7,9,1,1,3
SF,IH2006,2020-06-17 13:00:22.700,2864.2000,17610,-5,9802836780.000,8,1,7,空平,B,2864.2000,2864.0000,2863.6000,2863.0000,2862.4000,2864.8000,2865.2000,2865.6000,2865.8000,2866.0000,1,2,2,20,1,1,8,1,1,3
SF,IH2006,2020-06-17 13:00:23.200,2864.2000,17610,0,9802836780.000,0,-,-,-,-,2864.2000,2864.0000,2863.6000,2863.0000,2862.4000,2864.6000,2864.8000,2865.2000,2865.4000,2865.6000,1,2,2,20,1,1,7,8,1,1
SF,IH2006,2020-06-17 13:00:23.700,2864.2000,17610,0,9802836780.000,0,-,-,-,-,2864.2000,2864.0000,2863.6000,2863.0000,2862.4000,2864.6000,2864.8000,2865.2000,2865.6000,2865.8000,1,2,2,20,1,1,7,8,1,2
SF,IH2006,2020-06-17 13:00:24.200,2864.2000,17610,0,9802836780.000,0,-,-,-,-,2864.2000,2864.0000,2863.6000,2863.0000,2862.4000,2864.6000,2864.8000,2865.0000,2865.2000,2865.6000,2,2,2,20,1,1,7,1,8,1
SF,IH2006,2020-06-17 13:00:24.700,2864.8000,17608,-2,9804555600.000,2,0,2,双平,B,2864.2000,2864.0000,2863.6000,2863.0000,2862.4000,2864.8000,2865.0000,2865.2000,2865.6000,2865.8000,2,2,2,20,1,6,2,8,1,2
SF,IH2006,2020-06-17 13:00:25.200,2864.8000,17608,0,9804555600.000,0,-,-,-,-,2864.2000,2864.0000,2863.6000,2863.0000,2862.4000,2864.6000,2864.8000,2865.0000,2865.2000,2865.6000,2,2,2,20,1,1,6,2,8,1
SF,IH2006,2020-06-17 13:00:25.700,2864.2000,17607,-1,9806274120.000,2,0,2,空平,B,2864.0000,2863.6000,2863.0000,2862.4000,2862.0000,2864.2000,2864.6000,2864.8000,2865.0000,2865.2000,2,2,20,1,23,10,1,6,2,8
SF,IH2006,2020-06-17 13:00:26.200,2864.2000,17607,0,9806274120.000,0,-,-,-,-,2864.0000,2863.6000,2863.0000,2862.4000,2862.0000,2864.2000,2864.6000,2864.8000,2865.0000,2865.2000,2,2,20,1,23,10,1,6,2,8
SF,IH2006,2020-06-17 13:00:26.700,2864.2000,17605,-2,9807992640.000,2,0,2,双平,B,2864.0000,2863.6000,2863.0000,2862.4000,2862.0000,2864.2000,2864.6000,2864.8000,2865.0000,2865.2000,2,2,20,1,23,8,1,6,2,8
SF,IH2006,2020-06-17 13:00:27.200,2864.0000,17606,1,9809711040.000,2,1,1,多开,B,2863.6000,2863.0000,2862.4000,2862.0000,2861.8000,2864.2000,2864.6000,2864.8000,2865.0000,2865.2000,2,20,1,23,4,8,1,1,2,8
SF,IH2006,2020-06-17 13:00:27.700,2864.0000,17606,0,9809711040.000,0,-,-,-,-,2863.6000,2863.0000,2862.4000,2862.0000,2861.8000,2864.0000,2864.2000,2864.6000,2864.8000,2865.0000,2,20,1,23,4,5,9,1,1,2
SF,IH2006,2020-06-17 13:00:28.200,2864.0000,17606,0,9809711040.000,0,-,-,-,-,2863.6000,2863.0000,2862.8000,2862.4000,2862.0000,2864.0000,2864.2000,2864.6000,2865.0000,2865.2000,2,20,1,1,23,6,9,1,2,7
SF,IH2006,2020-06-17 13:00:28.700,2863.6000,17604,-2,9811429200.000,2,0,2,双平,B,2863.0000,2862.8000,2862.4000,2862.0000,2861.8000,2863.6000,2864.0000,2864.2000,2864.6000,2865.0000,20,1,1,23,4,6,5,1,1,2
SF,IH2006,2020-06-17 13:00:29.200,2863.6000,17604,0,9816583680.000,6,3,3,空换,B,2863.4000,2863.2000,2863.0000,2862.8000,2862.4000,2864.0000,2864.2000,2864.6000,2865.0000,2865.2000,4,12,20,1,1,5,1,1,2,7
SF,IH2006,2020-06-17 13:00:29.700,2863.6000,17604,0,9816583680.000,0,-,-,-,-,2863.6000,2863.4000,2863.2000,2863.0000,2862.8000,2864.0000,2864.2000,2864.6000,2865.0000,2865.2000,1,7,7,20,1,5,1,1,3,7
SF,IH2006,2020-06-17 13:00:30.200,2863.6000,17604,0,9816583680.000,0,-,-,-,-,2863.6000,2863.4000,2863.2000,2863.0000,2862.8000,2863.8000,2864.0000,2864.2000,2864.6000,2865.0000,1,3,6,20,1,2,6,1,1,3
SF,IH2006,2020-06-17 13:00:30.700,2863.6000,17604,0,9816583680.000,0,-,-,-,-,2863.4000,2863.2000,2863.0000,2862.8000,2862.4000,2863.8000,2864.0000,2864.2000,2864.6000,2865.0000,6,6,20,1,1,2,6,1,1,3
SF,IH2006,2020-06-17 13:00:31.700,2863.6000,17604,0,9816583680.000,0,-,-,-,-,2863.4000,2863.2000,2863.0000,2862.8000,2862.4000,2863.8000,2864.0000,2864.2000,2864.6000,2865.0000,6,6,20,1,1,3,6,1,1,3
SF,IH2006,2020-06-17 13:00:32.700,2863.8000,17604,0,9817442820.000,1,0,1,空换,B,2863.4000,2863.2000,2863.0000,2862.8000,2862.4000,2863.8000,2864.0000,2864.2000,2864.6000,2865.0000,8,6,20,1,1,2,6,1,1,3
SF,IH2006,2020-06-17 13:00:33.200,2864.0000,17606,2,9822597900.000,6,4,2,多开,B,2863.4000,2863.2000,2863.0000,2862.8000,2862.4000,2864.0000,2864.2000,2864.4000,2864.6000,2865.0000,8,6,20,1,1,2,1,1,1,3
SF,IH2006,2020-06-17 13:00:33.700,2864.0000,17607,1,9823457100.000,1,1,0,双开,B,2863.8000,2863.6000,2863.4000,2863.2000,2863.0000,2864.2000,2864.4000,2864.6000,2865.0000,2865.2000,1,8,8,5,20,1,1,1,3,7
SF,IH2006,2020-06-17 13:00:34.200,2864.2000,17607,0,9824316360.000,1,0,1,空换,B,2863.8000,2863.6000,2863.4000,2863.2000,2863.0000,2864.4000,2864.6000,2865.0000,2865.2000,2865.6000,1,7,5,5,20,1,1,3,7,1
SF,IH2006,2020-06-17 13:00:34.700,2864.0000,17607,0,9825175560.000,1,0,1,空换,B,2864.0000,2863.8000,2863.6000,2863.4000,2863.2000,2864.4000,2864.6000,2865.0000,2865.2000,2865.6000,1,1,4,5,1,3,1,2,7,1
SF,IH2006,2020-06-17 13:00:35.200,2864.0000,17607,0,9826034760.000,1,0,1,空换,B,2863.8000,2863.6000,2863.4000,2863.0000,2862.8000,2864.2000,2864.4000,2864.6000,2865.0000,2865.2000,1,3,5,20,1,1,3,1,2,7
SF,IH2006,2020-06-17 13:00:35.700,2864.0000,17607,0,9826034760.000,0,-,-,-,-,2863.6000,2863.4000,2863.2000,2863.0000,2862.8000,2864.2000,2864.4000,2864.6000,2865.0000,2865.2000,3,5,1,20,1,2,3,1,2,7
SF,IH2006,2020-06-17 13:00:36.200,2863.6000,17610,3,9830330220.000,5,4,1,多开,B,2863.4000,2863.2000,2863.0000,2862.8000,2862.4000,2864.2000,2864.4000,2864.6000,2865.0000,2865.2000,5,1,20,1,1,5,3,1,2,2
SF,IH2006,2020-06-17 13:00:36.700,2863.6000,17610,0,9830330220.000,0,-,-,-,-,2863.6000,2863.4000,2863.2000,2863.0000,2862.8000,2864.0000,2864.2000,2864.4000,2865.0000,2865.2000,1,6,1,20,1,3,2,3,2,2
SF,IH2006,2020-06-17 13:00:37.700,2864.0000,17610,0,9831189420.000,1,0,1,空换,B,2863.6000,2863.4000,2863.2000,2863.0000,2862.8000,2864.0000,2864.2000,2864.4000,2865.0000,2865.2000,1,6,1,20,1,2,2,3,2,2
SF,IH2006,2020-06-17 13:00:38.700,2864.0000,17610,0,9831189420.000,0,-,-,-,-,2863.6000,2863.4000,2863.2000,2863.0000,2862.8000,2864.0000,2864.2000,2864.4000,2865.0000,2865.2000,1,6,1,20,1,2,2,3,2,2
SF,IH2006,2020-06-17 13:00:39.200,2864.0000,17610,0,9831189420.000,0,-,-,-,-,2863.6000,2863.4000,2863.2000,2863.0000,2862.8000,2864.0000,2864.2000,2864.4000,2865.0000,2865.2000,2,6,1,20,1,2,2,3,2,2
SF,IH2006,2020-06-17 13:00:40.200,2864.0000,17610,0,9831189420.000,0,-,-,-,-,2863.6000,2863.4000,2863.2000,2863.0000,2862.8000,2864.0000,2864.2000,2864.4000,2865.0000,2865.2000,2,3,1,20,1,2,2,3,2,2
SF,IH2006,2020-06-17 13:00:40.700,2864.2000,17611,1,9834626280.000,4,2,2,多开,B,2863.6000,2863.4000,2863.2000,2863.0000,2862.8000,2864.4000,2865.0000,2865.2000,2865.6000,2865.8000,2,3,1,20,1,3,2,2,1,1
SF,IH2006,2020-06-17 13:00:41.200,2864.2000,17611,0,9834626280.000,0,-,-,-,-,2863.8000,2863.6000,2863.4000,2863.2000,2863.0000,2864.4000,2865.0000,2865.2000,2865.6000,2865.8000,4,4,2,1,20,3,2,2,1,1
SF,IH2006,2020-06-17 13:00:41.700,2863.8000,17611,0,9835485420.000,1,0,1,空换,B,2863.8000,2863.6000,2863.4000,2863.2000,2863.0000,2864.4000,2865.0000,2865.2000,2865.6000,2865.8000,4,2,2,1,20,2,2,2,1,1
SF,IH2006,2020-06-17 13:00:42.200,2863.8000,17611,0,9835485420.000,0,-,-,-,-,2863.8000,2863.6000,2863.4000,2863.2000,2863.0000,2864.4000,2865.0000,2865.2000,2865.6000,2865.8000,5,1,2,1,20,3,2,2,1,1
SF,IH2006,2020-06-17 13:00:42.700,2863.8000,17611,0,9835485420.000,0,-,-,-,-,2863.8000,2863.6000,2863.4000,2863.2000,2863.0000,2864.4000,2865.0000,2865.2000,2865.6000,2865.8000,5,2,2,1,20,3,2,2,1,1
SF,IH2006,2020-06-17 13:00:44.700,2863.8000,17611,0,9835485420.000,0,-,-,-,-,2863.8000,2863.6000,2863.4000,2863.2000,2863.0000,2864.2000,2864.4000,2865.0000,2865.2000,2865.6000,5,2,2,1,20,2,4,2,2,1
SF,IH2006,2020-06-17 13:00:45.200,2863.8000,17611,0,9835485420.000,0,-,-,-,-,2863.8000,2863.6000,2863.4000,2863.0000,2862.8000,2864.0000,2864.2000,2864.4000,2865.0000,2865.2000,3,2,2,20,1,2,2,4,2,2
SF,IH2006,2020-06-17 13:00:45.700,2863.8000,17611,0,9835485420.000,0,-,-,-,-,2863.8000,2863.6000,2863.4000,2863.0000,2862.8000,2864.0000,2864.2000,2864.4000,2865.0000,2865.2000,3,2,2,20,1,2,2,3,2,2
SF,IH2006,2020-06-17 13:00:48.200,2863.8000,17611,0,9835485420.000,0,-,-,-,-,2863.8000,2863.6000,2863.4000,2863.0000,2862.8000,2864.0000,2864.2000,2864.4000,2865.0000,2865.2000,4,1,2,20,1,2,2,3,2,2
SF,IH2006,2020-06-17 13:00:48.700,2864.0000,17610,-1,9836344620.000,1,0,1,双平,B,2863.8000,2863.6000,2863.4000,2863.0000,2862.8000,2864.0000,2864.2000,2864.4000,2865.0000,2865.2000,4,1,2,20,1,1,1,3,3,2
SF,IH2006,2020-06-17 13:00:49.700,2864.0000,17609,-1,9837203820.000,1,0,1,双平,B,2864.0000,2863.8000,2863.6000,2863.4000,2863.0000,2864.2000,2864.4000,2865.0000,2865.2000,2865.6000,1,3,1,2,20,1,3,3,2,1
SF,IH2006,2020-06-17 13:00:50.200,2864.0000,17609,0,9837203820.000,0,-,-,-,-,2864.0000,2863.8000,2863.6000,2863.4000,2863.0000,2864.2000,2864.4000,2865.0000,2865.2000,2865.6000,2,2,1,2,20,1,3,3,2,1
SF,IH2006,2020-06-17 13:00:53.200,2864.2000,17610,1,9838063080.000,1,1,0,双开,B,2864.0000,2863.8000,2863.6000,2863.4000,2863.0000,2864.4000,2865.0000,2865.2000,2865.6000,2865.8000,2,2,1,2,20,3,2,2,1,1
SF,IH2006,2020-06-17 13:00:53.700,2864.4000,17609,-1,9839781720.000,2,0,2,空平,B,2864.0000,2863.8000,2863.6000,2863.4000,2863.0000,2864.4000,2865.0000,2865.2000,2865.6000,2865.8000,2,2,1,2,20,1,2,2,1,1
SF,IH2006,2020-06-17 13:00:54.200,2864.0000,17608,-1,9840640920.000,1,0,1,双平,B,2864.0000,2863.8000,2863.6000,2863.4000,2863.0000,2864.4000,2865.0000,2865.2000,2865.6000,2865.8000,1,2,1,2,20,1,2,2,1,1
SF,IH2006,2020-06-17 13:00:54.700,2864.0000,17608,0,9840640920.000,0,-,-,-,-,2864.2000,2864.0000,2863.8000,2863.6000,2863.4000,2864.4000,2865.0000,2865.2000,2865.6000,2865.8000,1,1,2,1,2,3,2,2,1,1
SF,IH2006,2020-06-17 13:00:55.200,2864.2000,17608,0,9842359440.000,2,1,1,空换,B,2863.8000,2863.6000,2863.4000,2863.0000,2862.8000,2864.2000,2864.4000,2865.0000,2865.2000,2865.6000,2,1,2,20,1,1,3,2,2,1
SF,IH2006,2020-06-17 13:00:55.700,2864.2000,17609,1,9843218700.000,1,1,0,双开,B,2864.2000,2863.8000,2863.6000,2863.4000,2863.0000,2864.4000,2865.0000,2865.2000,2865.6000,2865.8000,2,2,1,2,20,3,2,2,1,1
SF,IH2006,2020-06-17 13:00:56.200,2864.2000,17611,2,9844937220.000,2,2,0,双开,B,2863.8000,2863.6000,2863.4000,2863.0000,2862.8000,2864.4000,2865.0000,2865.2000,2865.6000,2865.8000,2,1,2,20,1,4,2,2,1,1
SF,IH2006,2020-06-17 13:00:56.700,2864.2000,17611,0,9844937220.000,0,-,-,-,-,2863.8000,2863.6000,2863.4000,2863.0000,2862.8000,2864.2000,2864.4000,2865.0000,2865.2000,2865.6000,2,1,2,20,1,1,4,2,2,1
SF,IH2006,2020-06-17 13:00:58.200,2864.2000,17611,0,9844937220.000,0,-,-,-,-,2863.8000,2863.6000,2863.4000,2863.0000,2862.8000,2864.2000,2864.4000,2865.0000,2865.2000,2865.6000,2,1,2,20,1,1,4,2,2,1
SF,IH2006,2020-06-17 13:00:58.700,2864.2000,17611,0,9844937220.000,0,-,-,-,-,2864.0000,2863.8000,2863.6000,2863.4000,2863.0000,2864.2000,2864.4000,2865.0000,2865.2000,2865.8000,1,2,1,2,20,1,4,2,2,1
SF,IH2006,2020-06-17 13:00:59.200,2864.2000,17611,0,9844937220.000,0,-,-,-,-,2864.0000,2863.8000,2863.6000,2863.4000,2863.0000,2864.2000,2864.4000,2865.0000,2865.2000,2865.8000,1,2,1,2,20,2,4,2,2,1
SF,IH2006,2020-06-17 13:00:59.700,2864.2000,17611,0,9844937220.000,0,-,-,-,-,2864.0000,2863.8000,2863.6000,2863.4000,2863.0000,2864.2000,2864.4000,2865.0000,2865.2000,2865.8000,1,2,1,2,20,2,4,2,2,1
SF,IH2006,2020-06-17 13:01:00.200,2864.2000,17611,0,9844937220.000,0,-,-,-,-,2864.0000,2863.8000,2863.6000,2863.4000,2863.0000,2864.2000,2864.4000,2865.0000,2865.2000,2865.8000,2,2,1,2,20,2,4,2,2,1
SF,IH2006,2020-06-17 13:01:01.700,2864.2000,17611,0,9844937220.000,0,-,-,-,-,2864.0000,2863.8000,2863.6000,2863.4000,2863.0000,2864.2000,2864.4000,2865.0000,2865.2000,2865.8000,3,2,1,2,20,2,4,2,2,1
SF,IH2006,2020-06-17 13:01:04.200,2864.2000,17612,1,9846655740.000,2,1,1,多开,B,2864.0000,2863.8000,2863.6000,2863.4000,2863.0000,2864.4000,2865.0000,2865.2000,2865.8000,2866.0000,3,2,1,2,20,4,2,2,1,3
SF,IH2006,2020-06-17 13:01:06.200,2864.2000,17612,0,9846655740.000,0,-,-,-,-,2864.0000,2863.8000,2863.6000,2863.4000,2863.0000,2864.4000,2865.0000,2865.2000,2865.8000,2866.0000,3,2,1,2,20,4,2,2,1,3
SF,IH2006,2020-06-17 13:01:06.700,2864.2000,17612,0,9846655740.000,0,-,-,-,-,2864.2000,2864.0000,2863.8000,2863.6000,2863.4000,2864.4000,2865.0000,2865.2000,2865.8000,2866.0000,2,4,2,1,2,2,2,2,1,3
SF,IH2006,2020-06-17 13:01:07.200,2864.2000,17612,0,9846655740.000,0,-,-,-,-,2864.2000,2864.0000,2863.8000,2863.6000,2863.4000,2864.4000,2865.0000,2865.2000,2865.8000,2866.0000,3,3,2,1,2,2,2,2,1,3
SF,IH2006,2020-06-17 13:01:07.700,2864.4000,17611,-1,9847515060.000,1,0,1,双平,B,2864.2000,2864.0000,2863.8000,2863.6000,2863.4000,2864.4000,2865.0000,2865.2000,2865.8000,2866.0000,3,3,2,1,2,1,2,2,1,3
SF,IH2006,2020-06-17 13:01:08.200,2864.4000,17612,1,9848374380.000,1,1,0,双开,B,2864.4000,2864.2000,2864.0000,2863.8000,2863.6000,2865.0000,2865.2000,2865.8000,2866.0000,2866.4000,1,3,3,1,1,2,2,1,3,1
SF,IH2006,2020-06-17 13:01:08.700,2864.6000,17610,-2,9850093200.000,2,0,2,双平,B,2864.4000,2864.2000,2864.0000,2863.8000,2863.6000,2864.8000,2865.0000,2865.8000,2866.0000,2866.4000,2,1,3,1,1,1,2,1,3,1
SF,IH2006,2020-06-17 13:01:09.200,2864.6000,17610,0,9850093200.000,0,-,-,-,-,2864.6000,2864.4000,2864.2000,2864.0000,2863.6000,2864.8000,2865.0000,2865.8000,2866.0000,2866.4000,1,2,1,3,1,2,1,1,3,1
SF,IH2006,2020-06-17 13:01:09.700,2864.6000,17610,0,9850093200.000,0,-,-,-,-,2864.6000,2864.4000,2864.2000,2864.0000,2863.6000,2864.8000,2865.0000,2865.8000,2866.0000,2866.4000,2,1,1,2,1,2,1,1,3,1
SF,IH2006,2020-06-17 13:01:10.200,2864.8000,17609,-1,9850952640.000,1,0,1,双平,B,2864.6000,2864.4000,2864.0000,2863.6000,2863.4000,2864.8000,2865.0000,2865.8000,2866.0000,2866.4000,3,1,2,1,2,1,1,1,3,1
SF,IH2006,2020-06-17 13:01:10.700,2864.8000,17609,0,9850952640.000,0,-,-,-,-,2864.6000,2864.4000,2864.0000,2863.6000,2863.4000,2864.8000,2865.0000,2865.8000,2866.0000,2866.4000,4,1,2,1,2,1,1,1,3,1
SF,IH2006,2020-06-17 13:01:11.200,2864.8000,17609,0,9850952640.000,0,-,-,-,-,2864.6000,2864.0000,2863.6000,2863.4000,2863.0000,2865.0000,2865.8000,2866.0000,2866.4000,2866.6000,4,2,1,2,20,1,1,3,1,3
SF,IH2006,2020-06-17 13:01:11.700,2864.6000,17609,0,9852671520.000,2,1,1,空换,B,2864.6000,2864.0000,2863.6000,2863.4000,2863.0000,2865.0000,2865.4000,2865.8000,2866.0000,2866.4000,2,2,1,2,20,1,1,1,3,1
SF,IH2006,2020-06-17 13:01:12.200,2864.6000,17609,0,9852671520.000,0,-,-,-,-,2864.8000,2864.6000,2864.0000,2863.6000,2863.4000,2865.0000,2865.4000,2865.8000,2866.0000,2866.4000,1,2,2,1,2,1,1,1,3,1
SF,IH2006,2020-06-17 13:01:12.700,2864.6000,17609,0,9852671520.000,0,-,-,-,-,2864.8000,2864.6000,2864.0000,2863.6000,2863.4000,2865.0000,2865.4000,2865.8000,2866.0000,2866.4000,2,2,2,1,2,1,1,1,3,1
SF,IH2006,2020-06-17 13:01:13.200,2865.0000,17608,-1,9853531020.000,1,0,1,双平,B,2864.8000,2864.6000,2864.0000,2863.6000,2863.4000,2865.4000,2865.8000,2866.0000,2866.4000,2866.6000,2,2,2,1,2,1,1,3,1,3
SF,IH2006,2020-06-17 13:01:13.700,2864.8000,17608,0,9854390460.000,1,0,1,空换,B,2864.6000,2864.0000,2863.6000,2863.4000,2863.0000,2865.2000,2865.4000,2865.8000,2866.0000,2866.4000,2,2,1,2,20,2,2,1,3,1
SF,IH2006,2020-06-17 13:01:14.200,2865.0000,17609,1,9855249960.000,1,1,0,双开,B,2864.6000,2864.0000,2863.6000,2863.4000,2863.0000,2865.2000,2865.4000,2865.8000,2866.0000,2866.4000,2,2,1,2,20,2,1,1,3,1
SF,IH2006,2020-06-17 13:01:14.700,2865.2000,17608,-1,9856109520.000,1,0,1,双平,B,2864.6000,2864.0000,2863.6000,2863.4000,2863.0000,2865.2000,2865.4000,2865.8000,2866.0000,2866.4000,3,2,1,2,20,1,1,1,3,1
SF,IH2006,2020-06-17 13:01:15.200,2865.2000,17608,0,9856109520.000,0,-,-,-,-,2864.6000,2864.0000,2863.6000,2863.4000,2863.0000,2865.2000,2865.4000,2865.8000,2866.0000,2866.4000,3,2,1,2,20,1,1,1,3,1
SF,IH2006,2020-06-17 13:01:16.200,2865.2000,17608,0,9856109520.000,0,-,-,-,-,2864.8000,2864.6000,2864.0000,2863.6000,2863.4000,2865.2000,2865.4000,2865.8000,2866.0000,2866.4000,1,3,2,1,2,1,1,1,3,1
SF,IH2006,2020-06-17 13:01:16.700,2865.2000,17607,-1,9856969080.000,1,0,1,双平,B,2864.8000,2864.6000,2864.0000,2863.6000,2863.4000,2865.4000,2865.8000,2866.0000,2866.4000,2866.6000,1,3,2,1,2,1,1,3,1,3
SF,IH2006,2020-06-17 13:01:17.200,2864.8000,17607,0,9857828520.000,1,0,1,空换,B,2864.6000,2864.0000,2863.6000,2863.4000,2863.0000,2865.4000,2865.8000,2866.0000,2866.4000,2866.6000,3,2,1,2,20,1,1,3,1,3
SF,IH2006,2020-06-17 13:01:17.700,2865.2000,17607,0,9860407080.000,3,1,2,空换,B,2865.0000,2864.6000,2864.0000,2863.6000,2863.4000,2865.2000,2865.4000,2865.8000,2866.0000,2866.4000,3,3,2,1,2,1,2,1,3,1
SF,IH2006,2020-06-17 13:01:18.200,2865.0000,17609,2,9862985580.000,3,2,1,多开,B,2864.6000,2864.0000,2863.4000,2863.0000,2862.8000,2865.0000,2865.2000,2865.4000,2865.8000,2866.0000,3,2,2,20,1,2,2,1,1,3
SF,IH2006,2020-06-17 13:01:18.700,2865.0000,17609,0,9862985580.000,0,-,-,-,-,2864.6000,2864.0000,2863.4000,2863.0000,2862.8000,2865.0000,2865.2000,2865.4000,2865.8000,2866.0000,3,2,2,20,1,1,2,1,1,3
SF,IH2006,2020-06-17 13:01:19.200,2865.0000,17608,-1,9863845080.000,1,0,1,双平,B,2864.6000,2864.0000,2863.4000,2863.0000,2862.8000,2865.2000,2865.4000,2865.8000,2866.0000,2866.4000,3,2,2,20,1,2,1,1,3,1
SF,IH2006,2020-06-17 13:01:19.700,2865.0000,17608,0,9864704580.000,1,0,1,空换,B,2864.8000,2864.6000,2864.0000,2863.4000,2863.0000,2865.2000,2865.4000,2865.8000,2866.0000,2866.4000,2,3,2,2,20,2,2,1,3,1
SF,IH2006,2020-06-17 13:01:20.200,2865.0000,17608,0,9864704580.000,0,-,-,-,-,2864.8000,2864.6000,2864.0000,2863.4000,2863.0000,2865.2000,2865.4000,2865.8000,2866.0000,2866.4000,2,2,2,2,20,2,2,1,3,1
SF,IH2006,2020-06-17 13:01:20.700,2865.2000,17608,0,9865564140.000,1,0,1,空换,B,2864.8000,2864.6000,2864.0000,2863.4000,2863.0000,2865.2000,2865.4000,2865.8000,2866.0000,2866.4000,3,2,2,2,20,1,3,1,3,1
SF,IH2006,2020-06-17 13:01:21.200,2865.2000,17608,0,9865564140.000,0,-,-,-,-,2864.8000,2864.6000,2864.0000,2863.4000,2863.0000,2865.2000,2865.4000,2865.8000,2866.0000,2866.4000,4,2,2,2,20,1,3,1,3,1
SF,IH2006,2020-06-17 13:01:22.200,2865.2000,17607,-1,9866423700.000,1,0,1,双平,B,2864.8000,2864.6000,2864.0000,2863.4000,2863.0000,2865.4000,2865.8000,2866.0000,2866.4000,2866.6000,4,2,2,2,20,3,1,3,1,3
SF,IH2006,2020-06-17 13:01:23.200,2865.2000,17607,0,9866423700.000,0,-,-,-,-,2864.8000,2864.6000,2864.0000,2863.4000,2863.0000,2865.4000,2865.8000,2866.0000,2866.4000,2866.6000,4,2,2,2,20,2,1,3,1,3
SF,IH2006,2020-06-17 13:01:24.700,2865.2000,17607,0,9866423700.000,0,-,-,-,-,2864.8000,2864.6000,2864.0000,2863.4000,2863.0000,2865.2000,2865.4000,2865.8000,2866.0000,2866.4000,4,2,2,2,20,1,2,1,3,1
SF,IH2006,2020-06-17 13:01:25.200,2865.2000,17607,0,9866423700.000,0,-,-,-,-,2864.8000,2864.6000,2864.0000,2863.4000,2863.0000,2865.2000,2865.4000,2865.8000,2866.0000,2866.4000,3,2,2,2,20,1,2,1,3,1
SF,IH2006,2020-06-17 13:01:25.700,2865.2000,17607,0,9866423700.000,0,-,-,-,-,2864.8000,2864.6000,2864.0000,2863.4000,2863.0000,2865.2000,2865.4000,2865.8000,2866.0000,2866.4000,3,2,2,2,20,1,2,1,3,1
SF,IH2006,2020-06-17 13:01:26.200,2865.2000,17607,0,9866423700.000,0,-,-,-,-,2864.8000,2864.6000,2864.0000,2863.4000,2863.0000,2865.2000,2865.4000,2865.8000,2866.0000,2866.4000,3,2,2,2,20,1,2,1,3,1
SF,IH2006,2020-06-17 13:01:26.700,2864.8000,17607,0,9867283140.000,1,0,1,空换,B,2864.8000,2864.6000,2864.4000,2864.0000,2863.4000,2865.2000,2865.4000,2865.8000,2866.0000,2866.4000,2,2,1,2,2,1,2,1,3,1
SF,IH2006,2020-06-17 13:01:27.200,2864.8000,17607,0,9867283140.000,0,-,-,-,-,2864.8000,2864.6000,2864.4000,2864.0000,2863.4000,2865.2000,2865.4000,2865.8000,2866.0000,2866.4000,2,2,1,2,2,1,2,1,4,1
SF,IH2006,2020-06-17 13:01:27.700,2864.8000,17607,0,9867283140.000,0,-,-,-,-,2864.8000,2864.6000,2864.4000,2864.0000,2863.4000,2865.2000,2865.4000,2865.8000,2866.0000,2866.4000,3,2,1,2,2,1,2,1,4,1
SF,IH2006,2020-06-17 13:01:29.200,2864.8000,17609,2,9869002020.000,2,2,0,双开,B,2864.8000,2864.6000,2864.4000,2864.0000,2863.4000,2865.2000,2865.4000,2865.8000,2866.0000,2866.4000,1,2,1,4,2,1,2,1,4,1
SF,IH2006,2020-06-17 13:01:29.700,2864.8000,17609,0,9869861460.000,1,0,1,空换,B,2864.6000,2864.4000,2864.0000,2863.4000,2863.0000,2865.0000,2865.2000,2865.4000,2865.8000,2866.0000,2,1,4,2,20,1,1,2,1,4
SF,IH2006,2020-06-17 13:01:30.200,2864.4000,17610,1,9872439540.000,3,2,1,多开,B,2864.0000,2863.4000,2863.0000,2862.8000,2862.4000,2864.6000,2864.8000,2865.0000,2865.2000,2865.4000,4,2,20,1,1,1,3,1,1,2
SF,IH2006,2020-06-17 13:01:30.700,2864.0000,17611,1,9874157940.000,2,1,1,多开,B,2864.0000,2863.4000,2863.0000,2862.8000,2862.4000,2864.4000,2864.8000,2865.0000,2865.2000,2865.4000,2,2,20,1,1,2,2,1,1,2
SF,IH2006,2020-06-17 13:01:31.200,2864.0000,17613,2,9875876340.000,2,2,0,双开,B,2863.6000,2863.4000,2863.0000,2862.8000,2862.4000,2864.4000,2864.8000,2865.0000,2865.2000,2865.4000,1,2,20,1,1,2,2,1,1,2
SF,IH2006,2020-06-17 13:01:31.700,2864.0000,17613,0,9875876340.000,0,-,-,-,-,2863.8000,2863.6000,2863.4000,2863.0000,2862.8000,2864.4000,2864.8000,2865.0000,2865.2000,2865.4000,13,2,2,20,1,2,2,1,1,2
SF,IH2006,2020-06-17 13:01:32.200,2864.0000,17613,0,9875876340.000,0,-,-,-,-,2864.0000,2863.8000,2863.6000,2863.4000,2863.0000,2864.4000,2864.8000,2865.2000,2865.4000,2865.8000,3,12,1,2,20,2,2,1,2,2
SF,IH2006,2020-06-17 13:01:33.700,2864.0000,17613,0,9875876340.000,0,-,-,-,-,2864.0000,2863.8000,2863.6000,2863.4000,2863.0000,2864.4000,2864.8000,2865.2000,2865.4000,2865.8000,2,12,1,2,20,2,2,1,2,2
SF,IH2006,2020-06-17 13:01:34.200,2864.4000,17613,0,9876735660.000,1,0,1,空换,B,2864.2000,2864.0000,2863.8000,2863.6000,2863.4000,2864.4000,2864.8000,2865.2000,2865.4000,2865.8000,1,3,12,1,2,1,2,2,2,2
SF,IH2006,2020-06-17 13:01:35.700,2864.4000,17613,0,9876735660.000,0,-,-,-,-,2864.2000,2864.0000,2863.8000,2863.6000,2863.4000,2864.8000,2865.2000,2865.4000,2865.8000,2866.0000,1,3,12,1,2,2,2,2,2,4
SF,IH2006,2020-06-17 13:01:36.200,2864.4000,17613,0,9876735660.000,0,-,-,-,-,2864.2000,2864.0000,2863.8000,2863.6000,2863.4000,2864.8000,2865.2000,2865.4000,2865.8000,2866.0000,2,2,4,1,2,1,2,2,2,4
SF,IH2006,2020-06-17 13:01:36.700,2864.4000,17613,0,9876735660.000,0,-,-,-,-,2864.2000,2864.0000,2863.8000,2863.6000,2863.4000,2864.8000,2865.2000,2865.4000,2865.8000,2866.0000,3,3,4,1,2,1,2,2,2,4
SF,IH2006,2020-06-17 13:01:37.200,2864.4000,17613,0,9876735660.000,0,-,-,-,-,2864.4000,2864.2000,2864.0000,2863.8000,2863.6000,2864.8000,2865.2000,2865.4000,2865.8000,2866.0000,7,3,3,1,1,1,2,2,2,4
SF,IH2006,2020-06-17 13:01:37.700,2864.4000,17613,0,9876735660.000,0,-,-,-,-,2864.4000,2864.2000,2864.0000,2863.8000,2863.6000,2865.2000,2865.4000,2865.8000,2866.0000,2866.4000,7,3,3,1,1,2,2,2,4,1
SF,IH2006,2020-06-17 13:01:38.200,2864.4000,17613,0,9876735660.000,0,-,-,-,-,2864.6000,2864.4000,2864.2000,2864.0000,2863.8000,2865.0000,2865.2000,2865.4000,2865.8000,2866.0000,2,6,3,3,1,3,2,2,2,4
SF,IH2006,2020-06-17 13:01:38.700,2864.4000,17613,0,9876735660.000,0,-,-,-,-,2864.6000,2864.4000,2864.2000,2864.0000,2863.8000,2865.0000,2865.2000,2865.4000,2865.8000,2866.0000,4,6,3,3,1,1,2,2,2,4
SF,IH2006,2020-06-17 13:01:39.200,2864.4000,17613,0,9876735660.000,0,-,-,-,-,2864.6000,2864.4000,2864.2000,2864.0000,2863.8000,2865.0000,2865.2000,2865.4000,2865.8000,2866.0000,4,6,3,3,1,1,2,2,3,4
SF,IH2006,2020-06-17 13:01:39.700,2864.4000,17613,0,9876735660.000,0,-,-,-,-,2864.6000,2864.4000,2864.2000,2864.0000,2863.8000,2865.0000,2865.2000,2865.4000,2865.8000,2866.0000,5,6,3,3,1,1,2,2,3,4
SF,IH2006,2020-06-17 13:01:40.200,2864.4000,17613,0,9876735660.000,0,-,-,-,-,2864.6000,2864.4000,2864.2000,2864.0000,2863.8000,2864.8000,2865.0000,2865.2000,2865.4000,2865.8000,3,6,3,3,1,1,1,2,2,3
SF,IH2006,2020-06-17 13:01:40.700,2864.4000,17613,0,9876735660.000,0,-,-,-,-,2864.6000,2864.4000,2864.2000,2864.0000,2863.8000,2864.8000,2865.0000,2865.2000,2865.4000,2865.8000,1,6,3,3,1,1,1,2,2,3
SF,IH2006,2020-06-17 13:01:41.700,2864.6000,17614,1,9877595040.000,1,1,0,双开,B,2864.6000,2864.4000,2864.2000,2864.0000,2863.8000,2864.8000,2865.0000,2865.2000,2865.4000,2865.8000,1,6,3,3,1,1,1,2,2,3
SF,IH2006,2020-06-17 13:01:42.200,2864.6000,17614,0,9878454420.000,1,0,1,空换,B,2864.4000,2864.2000,2864.0000,2863.8000,2863.6000,2864.8000,2865.0000,2865.2000,2865.4000,2865.8000,4,3,3,1,1,1,1,2,2,3
SF,IH2006,2020-06-17 13:01:42.700,2864.6000,17614,0,9878454420.000,0,-,-,-,-,2864.4000,2864.2000,2864.0000,2863.8000,2863.6000,2864.8000,2865.0000,2865.2000,2865.4000,2865.8000,3,3,3,1,1,2,1,2,2,3
SF,IH2006,2020-06-17 13:01:43.200,2864.6000,17614,0,9878454420.000,0,-,-,-,-,2864.4000,2864.2000,2864.0000,2863.8000,2863.6000,2864.8000,2865.0000,2865.2000,2865.4000,2865.8000,3,2,3,1,1,3,1,2,2,3
SF,IH2006,2020-06-17 13:01:48.200,2864.2000,17615,1,9882750900.000,5,3,2,多开,B,2864.0000,2863.8000,2863.6000,2863.4000,2863.0000,2864.8000,2865.0000,2865.2000,2865.4000,2865.8000,3,1,1,2,20,3,1,2,2,3
SF,IH2006,2020-06-17 13:01:48.700,2864.2000,17615,0,9882750900.000,0,-,-,-,-,2864.4000,2864.0000,2863.8000,2863.6000,2863.4000,2864.6000,2864.8000,2865.2000,2865.4000,2865.8000,1,2,1,1,2,6,3,2,2,3
SF,IH2006,2020-06-17 13:01:49.200,2864.4000,17614,-1,9883610220.000,1,0,1,双平,B,2864.0000,2863.8000,2863.6000,2863.4000,2863.0000,2864.4000,2864.6000,2864.8000,2865.2000,2865.4000,2,1,1,2,20,3,5,3,2,2
SF,IH2006,2020-06-17 13:01:49.700,2864.4000,17614,0,9883610220.000,0,-,-,-,-,2864.0000,2863.8000,2863.6000,2863.4000,2863.0000,2864.4000,2864.6000,2864.8000,2865.2000,2865.4000,5,1,1,2,20,3,5,3,2,2
SF,IH2006,2020-06-17 13:01:50.700,2864.4000,17614,0,9883610220.000,0,-,-,-,-,2864.0000,2863.8000,2863.4000,2863.0000,2862.8000,2864.2000,2864.4000,2864.6000,2864.8000,2865.2000,5,1,2,20,1,1,3,5,3,2
SF,IH2006,2020-06-17 13:01:51.200,2864.2000,17614,0,9884469480.000,1,0,1,空换,B,2864.0000,2863.8000,2863.4000,2863.0000,2862.8000,2864.4000,2864.6000,2864.8000,2865.2000,2865.4000,6,1,2,20,1,3,5,3,2,2
SF,IH2006,2020-06-17 13:01:51.700,2864.2000,17614,0,9884469480.000,0,-,-,-,-,2864.0000,2863.8000,2863.4000,2863.0000,2862.8000,2864.4000,2864.6000,2864.8000,2865.2000,2865.4000,6,1,2,20,1,2,5,3,2,2
SF,IH2006,2020-06-17 13:01:52.200,2864.2000,17614,0,9884469480.000,0,-,-,-,-,2864.0000,2863.8000,2863.4000,2863.0000,2862.8000,2864.4000,2864.6000,2864.8000,2865.2000,2865.4000,5,1,2,20,1,2,5,3,2,2
SF,IH2006,2020-06-17 13:01:52.700,2864.4000,17614,0,9885328800.000,1,0,1,空换,B,2864.0000,2863.8000,2863.4000,2863.0000,2862.8000,2864.4000,2864.6000,2864.8000,2865.2000,2865.4000,5,1,2,20,1,1,5,3,2,2
SF,IH2006,2020-06-17 13:01:55.200,2864.4000,17614,0,9885328800.000,0,-,-,-,-,2864.0000,2863.8000,2863.4000,2863.0000,2862.8000,2864.6000,2864.8000,2865.2000,2865.4000,2865.8000,5,1,2,20,1,5,3,2,2,3
SF,IH2006,2020-06-17 13:01:55.700,2864.4000,17614,0,9885328800.000,0,-,-,-,-,2864.0000,2863.8000,2863.4000,2863.0000,2862.8000,2864.4000,2864.6000,2864.8000,2865.2000,2865.4000,5,1,2,20,1,1,4,3,2,2
SF,IH2006,2020-06-17 13:01:56.200,2864.0000,17615,1,9886188000.000,1,1,0,双开,B,2864.0000,2863.8000,2863.4000,2863.0000,2862.8000,2864.4000,2864.6000,2864.8000,2865.2000,2865.4000,4,1,2,20,1,1,4,3,2,2
SF,IH2006,2020-06-17 13:01:56.700,2864.0000,17616,1,9887047200.000,1,1,0,双开,B,2864.0000,2863.8000,2863.4000,2863.0000,2862.8000,2864.4000,2864.6000,2864.8000,2865.2000,2865.4000,3,1,2,20,1,3,4,3,2,2
SF,IH2006,2020-06-17 13:01:57.200,2864.0000,17616,0,9887906400.000,1,0,1,空换,B,2864.0000,2863.8000,2863.4000,2863.0000,2862.8000,2864.4000,2864.6000,2864.8000,2865.2000,2865.4000,2,1,2,20,1,3,4,3,2,2
SF,IH2006,2020-06-17 13:01:57.700,2863.8000,17616,0,9890483940.000,3,1,2,空换,B,2863.4000,2863.0000,2862.8000,2862.4000,2862.2000,2864.4000,2864.6000,2864.8000,2865.2000,2865.4000,2,20,1,2,1,2,4,3,2,2
SF,IH2006,2020-06-17 13:01:58.200,2863.8000,17616,0,9890483940.000,0,-,-,-,-,2863.6000,2863.4000,2863.2000,2863.0000,2862.8000,2864.2000,2864.4000,2864.6000,2864.8000,2865.2000,5,3,1,20,1,9,2,3,2,2
SF,IH2006,2020-06-17 13:01:58.700,2863.8000,17616,0,9890483940.000,0,-,-,-,-,2863.8000,2863.6000,2863.4000,2863.2000,2863.0000,2864.2000,2864.4000,2864.6000,2864.8000,2865.2000,1,7,2,1,20,6,2,2,2,2
SF,IH2006,2020-06-17 13:01:59.200,2863.8000,17616,0,9891343080.000,1,0,1,空换,B,2863.6000,2863.4000,2863.2000,2863.0000,2862.8000,2864.0000,2864.2000,2864.4000,2864.6000,2864.8000,6,2,1,20,1,2,6,2,2,2
SF,IH2006,2020-06-17 13:01:59.700,2863.8000,17616,0,9891343080.000,0,-,-,-,-,2863.6000,2863.4000,2863.2000,2863.0000,2862.8000,2864.0000,2864.2000,2864.4000,2864.6000,2864.8000,9,6,1,20,1,3,6,2,2,2
SF,IH2006,2020-06-17 13:02:00.200,2864.0000,17616,0,9893920680.000,3,1,2,空换,B,2863.6000,2863.4000,2863.2000,2863.0000,2862.8000,2864.2000,2864.4000,2864.6000,2864.8000,2865.2000,8,4,1,20,1,6,2,2,2,2
SF,IH2006,2020-06-17 13:02:01.200,2864.0000,17616,0,9893920680.000,0,-,-,-,-,2863.6000,2863.4000,2863.2000,2863.0000,2862.8000,2864.2000,2864.4000,2864.6000,2864.8000,2865.2000,8,4,1,20,1,4,2,2,2,2
SF,IH2006,2020-06-17 13:02:01.700,2864.0000,17616,0,9893920680.000,0,-,-,-,-,2864.0000,2863.8000,2863.6000,2863.4000,2863.2000,2864.2000,2864.4000,2864.6000,2864.8000,2865.2000,2,2,9,4,1,3,2,2,2,2
SF,IH2006,2020-06-17 13:02:02.200,2864.0000,17616,0,9893920680.000,0,-,-,-,-,2863.8000,2863.6000,2863.4000,2863.2000,2863.0000,2864.4000,2864.6000,2864.8000,2865.2000,2865.4000,2,8,4,1,20,2,2,2,2,2
SF,IH2006,2020-06-17 13:02:02.700,2864.0000,17616,0,9893920680.000,0,-,-,-,-,2864.2000,2864.0000,2863.8000,2863.6000,2863.4000,2864.4000,2864.6000,2864.8000,2865.2000,2865.4000,1,3,4,8,4,2,2,2,2,2
SF,IH2006,2020-06-17 13:02:03.200,2864.0000,17616,0,9893920680.000,0,-,-,-,-,2864.0000,2863.8000,2863.6000,2863.4000,2863.2000,2864.4000,2864.6000,2864.8000,2865.2000,2865.4000,3,4,5,4,1,2,3,2,2,2
SF,IH2006,2020-06-17 13:02:03.700,2864.0000,17617,1,9894779880.000,1,1,0,双开,B,2864.0000,2863.8000,2863.6000,2863.4000,2863.2000,2864.2000,2864.4000,2864.6000,2864.8000,2865.2000,2,4,5,4,1,2,3,3,2,2
SF,IH2006,2020-06-17 13:02:04.200,2864.4000,17617,0,9896498460.000,2,1,1,空换,B,2863.8000,2863.6000,2863.4000,2863.2000,2863.0000,2864.0000,2864.4000,2864.6000,2864.8000,2865.2000,3,5,4,1,20,2,2,3,2,2
SF,IH2006,2020-06-17 13:02:04.700,2864.0000,17617,0,9898216860.000,2,1,1,空换,B,2864.0000,2863.8000,2863.6000,2863.4000,2863.2000,2864.4000,2864.6000,2864.8000,2865.2000,2865.4000,6,4,5,4,1,2,3,2,2,2
SF,IH2006,2020-06-17 13:02:05.200,2864.4000,17617,0,9899935500.000,2,1,1,空换,B,2864.0000,2863.8000,2863.6000,2863.4000,2863.2000,2864.6000,2864.8000,2865.2000,2865.4000,2865.8000,5,2,5,4,1,2,2,2,2,3
SF,IH2006,2020-06-17 13:02:05.700,2864.4000,17617,0,9901654140.000,2,1,1,空换,B,2864.0000,2863.8000,2863.6000,2863.4000,2863.2000,2864.6000,2864.8000,2865.2000,2865.4000,2865.8000,6,2,5,4,1,2,2,2,2,3
SF,IH2006,2020-06-17 13:02:06.200,2864.4000,17617,0,9901654140.000,0,-,-,-,-,2864.0000,2863.8000,2863.6000,2863.4000,2863.2000,2864.6000,2864.8000,2865.2000,2865.4000,2865.8000,4,2,5,4,1,2,2,2,2,3
SF,IH2006,2020-06-17 13:02:06.700,2864.4000,17617,0,9901654140.000,0,-,-,-,-,2864.4000,2864.0000,2863.8000,2863.6000,2863.4000,2864.6000,2864.8000,2865.2000,2865.4000,2865.8000,1,4,2,5,4,2,2,2,2,3
SF,IH2006,2020-06-17 13:02:07.200,2864.4000,17617,0,9902513460.000,1,0,1,空换,B,2864.0000,2863.8000,2863.6000,2863.4000,2863.2000,2864.6000,2864.8000,2865.2000,2865.4000,2865.8000,3,2,5,4,1,1,3,2,2,3
SF,IH2006,2020-06-17 13:02:07.700,2864.4000,17617,0,9902513460.000,0,-,-,-,-,2864.0000,2863.6000,2863.4000,2863.2000,2863.0000,2864.6000,2864.8000,2865.2000,2865.4000,2865.8000,3,5,4,1,20,1,3,2,2,3
SF,IH2006,2020-06-17 13:02:09.700,2864.4000,17617,0,9902513460.000,0,-,-,-,-,2864.2000,2864.0000,2863.6000,2863.4000,2863.2000,2864.4000,2864.6000,2864.8000,2865.2000,2865.4000,1,3,5,4,1,1,1,3,2,2
SF,IH2006,2020-06-17 13:02:10.200,2864.4000,17617,0,9902513460.000,0,-,-,-,-,2864.2000,2864.0000,2863.8000,2863.6000,2863.4000,2864.4000,2864.6000,2864.8000,2865.2000,2865.4000,1,6,1,5,4,1,1,3,2,2
SF,IH2006,2020-06-17 13:02:10.700,2864.4000,17617,0,9903372780.000,1,0,1,空换,B,2864.0000,2863.8000,2863.6000,2863.4000,2863.2000,2864.6000,2864.8000,2865.2000,2865.4000,2865.8000,6,1,5,4,1,1,3,2,2,3
SF,IH2006,2020-06-17 13:02:11.200,2864.4000,17617,0,9903372780.000,0,-,-,-,-,2864.0000,2863.8000,2863.6000,2863.4000,2863.2000,2864.6000,2864.8000,2865.2000,2865.4000,2865.8000,6,1,5,4,1,1,3,2,2,3
SF,IH2006,2020-06-17 13:02:11.700,2864.4000,17617,0,9903372780.000,0,-,-,-,-,2864.0000,2863.8000,2863.6000,2863.4000,2863.2000,2864.6000,2864.8000,2865.2000,2865.4000,2865.8000,6,1,5,4,1,2,3,2,2,3
SF,IH2006,2020-06-17 13:02:12.200,2864.4000,17617,0,9903372780.000,0,-,-,-,-,2864.0000,2863.8000,2863.6000,2863.4000,2863.2000,2864.6000,2864.8000,2865.2000,2865.4000,2865.8000,6,1,5,4,1,3,3,2,2,3
SF,IH2006,2020-06-17 13:02:12.700,2864.4000,17617,0,9903372780.000,0,-,-,-,-,2864.2000,2864.0000,2863.8000,2863.6000,2863.4000,2864.6000,2864.8000,2865.2000,2865.4000,2865.8000,1,6,1,5,4,3,3,2,2,3
SF,IH2006,2020-06-17 13:02:13.200,2864.2000,17615,-2,9905091300.000,2,0,2,双平,B,2864.0000,2863.8000,2863.6000,2863.4000,2863.2000,2864.2000,2864.6000,2864.8000,2865.2000,2865.4000,6,1,5,4,1,1,2,3,2,2
SF,IH2006,2020-06-17 13:02:13.700,2864.2000,17615,0,9905091300.000,0,-,-,-,-,2864.0000,2863.8000,2863.6000,2863.4000,2863.2000,2864.2000,2864.6000,2864.8000,2865.2000,2865.4000,5,1,5,4,1,1,1,3,2,2
SF,IH2006,2020-06-17 13:02:14.700,2864.2000,17615,0,9905091300.000,0,-,-,-,-,2864.0000,2863.8000,2863.6000,2863.4000,2863.2000,2864.2000,2864.6000,2864.8000,2865.2000,2865.4000,5,1,5,4,1,1,1,3,3,2
SF,IH2006,2020-06-17 13:02:15.200,2864.2000,17615,0,9905091300.000,0,-,-,-,-,2864.0000,2863.8000,2863.6000,2863.4000,2863.2000,2864.2000,2864.6000,2864.8000,2865.2000,2865.4000,5,1,5,4,1,1,1,3,3,2
SF,IH2006,2020-06-17 13:02:15.700,2864.2000,17614,-1,9905950560.000,1,0,1,双平,B,2864.2000,2864.0000,2863.8000,2863.6000,2863.4000,2864.6000,2864.8000,2865.2000,2865.4000,2865.8000,1,6,1,5,4,1,3,3,2,4
SF,IH2006,2020-06-17 13:02:16.200,2864.2000,17614,0,9905950560.000,0,-,-,-,-,2864.4000,2864.2000,2864.0000,2863.8000,2863.6000,2864.6000,2864.8000,2865.2000,2865.4000,2865.8000,1,1,5,1,5,1,3,3,2,4
SF,IH2006,2020-06-17 13:02:16.700,2864.2000,17613,-1,9907669200.000,2,0,2,空平,B,2864.0000,2863.8000,2863.6000,2863.4000,2863.2000,2864.8000,2865.2000,2865.4000,2865.8000,2866.0000,5,1,5,4,1,3,3,2,4,4
SF,IH2006,2020-06-17 13:02:17.200,2864.2000,17613,0,9907669200.000,0,-,-,-,-,2864.0000,2863.8000,2863.6000,2863.4000,2863.2000,2864.6000,2864.8000,2865.2000,2865.4000,2865.8000,6,1,5,4,1,1,5,3,2,4
SF,IH2006,2020-06-17 13:02:17.700,2864.2000,17613,0,9907669200.000,0,-,-,-,-,2864.0000,2863.8000,2863.6000,2863.4000,2863.2000,2864.6000,2864.8000,2865.2000,2865.4000,2865.8000,6,1,5,4,1,4,5,3,2,4
SF,IH2006,2020-06-17 13:02:18.200,2864.2000,17613,0,9907669200.000,0,-,-,-,-,2864.2000,2864.0000,2863.8000,2863.6000,2863.4000,2864.6000,2864.8000,2865.2000,2865.4000,2865.8000,1,6,1,5,4,4,4,3,2,4
SF,IH2006,2020-06-17 13:02:21.700,2864.2000,17613,0,9907669200.000,0,-,-,-,-,2864.2000,2864.0000,2863.8000,2863.6000,2863.4000,2864.4000,2864.6000,2864.8000,2865.2000,2865.4000,1,6,1,5,4,3,1,4,3,2
SF,IH2006,2020-06-17 13:02:23.700,2864.2000,17613,0,9908528460.000,1,0,1,空换,B,2864.0000,2863.8000,2863.6000,2863.4000,2863.2000,2864.2000,2864.6000,2864.8000,2865.2000,2865.4000,6,1,5,4,1,2,1,4,3,2
SF,IH2006,2020-06-17 13:02:24.200,2864.2000,17611,-2,9910246980.000,2,0,2,双平,B,2864.2000,2864.0000,2863.8000,2863.6000,2863.4000,2864.6000,2864.8000,2865.2000,2865.4000,2865.8000,2,6,1,5,4,1,4,3,2,4
SF,IH2006,2020-06-17 13:02:24.700,2864.2000,17611,0,9910246980.000,0,-,-,-,-,2864.0000,2863.8000,2863.6000,2863.4000,2863.2000,2864.6000,2864.8000,2865.2000,2865.4000,2865.8000,6,1,5,4,1,3,4,3,2,4
SF,IH2006,2020-06-17 13:02:25.200,2864.2000,17611,0,9910246980.000,0,-,-,-,-,2864.0000,2863.8000,2863.6000,2863.4000,2863.2000,2864.4000,2864.6000,2864.8000,2865.2000,2865.4000,5,1,5,4,1,1,3,4,3,2
SF,IH2006,2020-06-17 13:02:25.700,2864.2000,17611,0,9910246980.000,0,-,-,-,-,2864.0000,2863.8000,2863.6000,2863.4000,2863.2000,2864.4000,2864.6000,2864.8000,2865.2000,2865.4000,5,1,5,4,1,2,3,4,3,2
SF,IH2006,2020-06-17 13:02:26.200,2864.2000,17611,0,9910246980.000,0,-,-,-,-,2864.0000,2863.8000,2863.6000,2863.4000,2863.2000,2864.4000,2864.6000,2864.8000,2865.2000,2865.4000,3,1,5,4,1,2,3,4,3,2
SF,IH2006,2020-06-17 13:02:27.200,2864.2000,17611,0,9910246980.000,0,-,-,-,-,2864.0000,2863.8000,2863.6000,2863.4000,2863.2000,2864.2000,2864.4000,2864.6000,2864.8000,2865.2000,3,1,5,4,1,1,2,3,4,3
SF,IH2006,2020-06-17 13:02:27.700,2864.0000,17609,-2,9912824580.000,3,0,3,空平,B,2863.8000,2863.6000,2863.4000,2863.2000,2863.0000,2864.0000,2864.2000,2864.4000,2864.6000,2864.8000,1,5,4,1,20,3,2,2,3,4
SF,IH2006,2020-06-17 13:02:28.200,2863.8000,17609,0,9913683720.000,1,0,1,空换,B,2863.6000,2863.4000,2863.2000,2863.0000,2862.8000,2864.0000,2864.2000,2864.4000,2864.6000,2864.8000,5,4,1,20,1,3,2,2,3,4
SF,IH2006,2020-06-17 13:02:28.700,2863.8000,17609,0,9913683720.000,0,-,-,-,-,2863.6000,2863.4000,2863.2000,2863.0000,2862.8000,2864.0000,2864.2000,2864.4000,2864.6000,2864.8000,4,4,1,20,1,3,2,2,2,4
SF,IH2006,2020-06-17 13:02:29.700,2863.8000,17609,0,9913683720.000,0,-,-,-,-,2863.6000,2863.4000,2863.2000,2863.0000,2862.8000,2863.8000,2864.0000,2864.2000,2864.4000,2864.6000,4,4,1,20,1,1,3,2,2,2
SF,IH2006,2020-06-17 13:02:30.200,2863.6000,17607,-2,9915401880.000,2,0,2,双平,B,2863.6000,2863.4000,2863.2000,2863.0000,2862.8000,2863.8000,2864.0000,2864.2000,2864.4000,2864.6000,2,4,1,20,1,1,3,1,2,2
SF,IH2006,2020-06-17 13:02:31.200,2863.6000,17605,-2,9917120040.000,2,0,2,双平,B,2863.4000,2863.2000,2863.0000,2862.8000,2862.4000,2863.6000,2863.8000,2864.2000,2864.4000,2864.6000,4,1,20,1,2,1,1,1,2,2
SF,IH2006,2020-06-17 13:02:31.700,2863.6000,17605,0,9917979120.000,1,0,1,空换,B,2863.6000,2863.4000,2863.2000,2863.0000,2862.8000,2863.8000,2864.2000,2864.4000,2864.6000,2864.8000,2,4,1,20,1,1,1,2,2,4
SF,IH2006,2020-06-17 13:02:32.200,2863.8000,17605,0,9918838260.000,1,0,1,空换,B,2863.8000,2863.6000,2863.4000,2863.2000,2863.0000,2864.2000,2864.4000,2864.6000,2864.8000,2865.2000,1,3,4,1,20,1,2,2,4,3
SF,IH2006,2020-06-17 13:02:32.700,2863.8000,17605,0,9918838260.000,0,-,-,-,-,2864.0000,2863.8000,2863.6000,2863.4000,2863.2000,2864.2000,2864.4000,2864.6000,2864.8000,2865.2000,1,1,3,4,1,3,2,2,2,3
SF,IH2006,2020-06-17 13:02:34.200,2863.8000,17605,0,9918838260.000,0,-,-,-,-,2864.0000,2863.8000,2863.6000,2863.4000,2863.2000,2864.2000,2864.4000,2864.6000,2864.8000,2865.2000,1,1,4,7,1,3,2,2,2,3
SF,IH2006,2020-06-17 13:02:34.700,2864.2000,17605,0,9919697520.000,1,0,1,空换,B,2863.8000,2863.6000,2863.4000,2863.2000,2863.0000,2864.4000,2864.6000,2864.8000,2865.2000,2865.4000,1,3,7,1,20,2,2,2,3,2
SF,IH2006,2020-06-17 13:02:35.200,2864.2000,17605,0,9919697520.000,0,-,-,-,-,2864.0000,2863.8000,2863.6000,2863.4000,2863.2000,2864.4000,2864.6000,2864.8000,2865.2000,2865.4000,2,2,2,7,1,2,2,2,3,2
SF,IH2006,2020-06-17 13:02:38.200,2864.2000,17605,0,9919697520.000,0,-,-,-,-,2864.0000,2863.8000,2863.6000,2863.4000,2863.2000,2864.4000,2864.6000,2864.8000,2865.2000,2865.4000,2,2,2,7,1,2,2,2,3,3
SF,IH2006,2020-06-17 13:02:39.200,2864.2000,17605,0,9919697520.000,0,-,-,-,-,2864.0000,2863.8000,2863.6000,2863.4000,2863.2000,2864.4000,2864.6000,2864.8000,2865.2000,2865.4000,2,2,2,7,1,2,2,2,3,3
SF,IH2006,2020-06-17 13:02:39.700,2864.2000,17605,0,9919697520.000,0,-,-,-,-,2864.0000,2863.8000,2863.6000,2863.4000,2863.2000,2864.4000,2864.6000,2864.8000,2865.2000,2865.4000,2,2,2,7,1,2,2,2,3,3
SF,IH2006,2020-06-17 13:02:40.200,2864.2000,17605,0,9919697520.000,0,-,-,-,-,2864.0000,2863.8000,2863.6000,2863.4000,2863.2000,2864.2000,2864.4000,2864.6000,2864.8000,2865.2000,2,5,2,1,1,2,2,2,2,3
SF,IH2006,2020-06-17 13:02:42.200,2864.2000,17605,0,9919697520.000,0,-,-,-,-,2864.0000,2863.8000,2863.6000,2863.4000,2863.2000,2864.2000,2864.4000,2864.6000,2864.8000,2865.2000,2,5,2,1,1,2,2,2,2,3
SF,IH2006,2020-06-17 13:02:42.700,2864.2000,17605,0,9919697520.000,0,-,-,-,-,2863.8000,2863.6000,2863.4000,2863.2000,2863.0000,2864.2000,2864.4000,2864.6000,2864.8000,2865.2000,5,2,1,1,20,2,2,2,2,3
SF,IH2006,2020-06-17 13:02:43.200,2864.2000,17605,0,9919697520.000,0,-,-,-,-,2863.8000,2863.6000,2863.4000,2863.2000,2863.0000,2864.4000,2864.6000,2864.8000,2865.2000,2865.4000,5,2,1,1,20,2,2,2,3,3
SF,IH2006,2020-06-17 13:02:43.700,2864.2000,17605,0,9919697520.000,0,-,-,-,-,2863.8000,2863.6000,2863.4000,2863.2000,2863.0000,2864.4000,2864.6000,2864.8000,2865.2000,2865.4000,5,2,1,1,20,3,2,2,3,3
SF,IH2006,2020-06-17 13:02:44.200,2864.2000,17605,0,9919697520.000,0,-,-,-,-,2863.8000,2863.6000,2863.4000,2863.2000,2863.0000,2864.4000,2864.6000,2864.8000,2865.2000,2865.4000,4,2,1,1,20,3,2,2,3,3
SF,IH2006,2020-06-17 13:02:44.700,2863.8000,17604,-1,9920556660.000,1,0,1,双平,B,2863.8000,2863.6000,2863.4000,2863.2000,2863.0000,2864.4000,2864.6000,2864.8000,2865.2000,2865.4000,3,2,1,1,20,4,3,2,3,3
SF,IH2006,2020-06-17 13:02:45.200,2863.8000,17604,0,9920556660.000,0,-,-,-,-,2863.8000,2863.6000,2863.4000,2863.2000,2863.0000,2864.2000,2864.4000,2864.6000,2864.8000,2865.2000,3,2,1,1,20,5,4,2,2,3
SF,IH2006,2020-06-17 13:02:48.700,2863.8000,17604,0,9921415800.000,1,0,1,空换,B,2863.8000,2863.6000,2863.4000,2863.0000,2862.8000,2864.0000,2864.2000,2864.4000,2864.6000,2864.8000,2,2,1,20,1,3,5,4,2,2
SF,IH2006,2020-06-17 13:02:49.200,2863.6000,17604,0,9923993160.000,3,1,2,空换,B,2863.6000,2863.4000,2863.0000,2862.8000,2862.4000,2863.8000,2864.0000,2864.2000,2864.4000,2864.6000,1,1,20,1,1,13,5,4,4,1
SF,IH2006,2020-06-17 13:02:49.700,2863.4000,17604,0,9925711260.000,2,1,1,空换,B,2863.0000,2862.8000,2862.4000,2862.2000,2862.0000,2863.4000,2863.6000,2863.8000,2864.0000,2864.2000,21,1,1,1,23,1,5,9,5,4
SF,IH2006,2020-06-17 13:02:50.200,2863.6000,17604,0,9927429300.000,2,1,1,空换,B,2863.4000,2863.2000,2863.0000,2862.8000,2862.4000,2863.6000,2863.8000,2864.0000,2864.2000,2864.4000,1,1,22,1,1,1,4,5,4,4
SF,IH2006,2020-06-17 13:02:50.700,2863.2000,17604,0,9929147280.000,2,1,1,空换,B,2863.0000,2862.8000,2862.4000,2862.2000,2862.0000,2863.6000,2863.8000,2864.0000,2864.2000,2864.4000,22,1,1,2,23,1,2,4,4,4
SF,IH2006,2020-06-17 13:02:51.200,2863.2000,17604,0,9929147280.000,0,-,-,-,-,2863.4000,2863.2000,2863.0000,2862.8000,2862.4000,2863.6000,2863.8000,2864.0000,2864.2000,2864.4000,1,4,24,1,1,1,2,4,4,4
SF,IH2006,2020-06-17 13:02:51.700,2863.6000,17604,0,9930006360.000,1,0,1,空换,B,2863.2000,2863.0000,2862.8000,2862.4000,2862.2000,2863.8000,2864.0000,2864.2000,2864.4000,2864.6000,4,24,1,1,2,2,4,4,4,1
SF,IH2006,2020-06-17 13:02:52.200,2863.6000,17604,0,9930006360.000,0,-,-,-,-,2863.2000,2863.0000,2862.8000,2862.4000,2862.2000,2864.0000,2864.2000,2864.4000,2864.6000,2864.8000,4,24,1,1,2,4,4,4,1,2
SF,IH2006,2020-06-17 13:02:52.700,2863.6000,17604,0,9930006360.000,0,-,-,-,-,2863.4000,2863.2000,2863.0000,2862.8000,2862.4000,2864.0000,2864.2000,2864.4000,2864.6000,2864.8000,1,4,24,1,1,4,4,4,1,2
SF,IH2006,2020-06-17 13:02:53.200,2864.0000,17603,-1,9930865560.000,1,0,1,双平,B,2863.4000,2863.2000,2863.0000,2862.8000,2862.4000,2864.0000,2864.2000,2864.4000,2864.6000,2864.8000,3,6,22,1,1,2,4,4,1,2
SF,IH2006,2020-06-17 13:02:53.700,2864.0000,17603,0,9930865560.000,0,-,-,-,-,2863.4000,2863.2000,2863.0000,2862.8000,2862.4000,2864.0000,2864.2000,2864.4000,2864.6000,2864.8000,3,5,22,1,1,2,4,4,1,2
SF,IH2006,2020-06-17 13:02:54.200,2864.0000,17602,-1,9931724760.000,1,0,1,双平,B,2863.4000,2863.2000,2863.0000,2862.8000,2862.4000,2864.0000,2864.2000,2864.4000,2864.6000,2864.8000,3,5,22,1,1,1,4,4,1,2
SF,IH2006,2020-06-17 13:02:54.700,2864.0000,17602,0,9931724760.000,0,-,-,-,-,2863.4000,2863.2000,2863.0000,2862.8000,2862.4000,2864.0000,2864.2000,2864.4000,2864.6000,2864.8000,4,5,22,1,1,1,4,4,1,2
SF,IH2006,2020-06-17 13:02:55.700,2864.0000,17601,-1,9932583960.000,1,0,1,双平,B,2863.4000,2863.2000,2863.0000,2862.8000,2862.4000,2864.2000,2864.4000,2864.6000,2864.8000,2865.2000,4,5,22,1,1,4,4,1,2,3
SF,IH2006,2020-06-17 13:02:56.200,2864.0000,17601,0,9932583960.000,0,-,-,-,-,2863.4000,2863.2000,2863.0000,2862.8000,2862.4000,2864.0000,2864.2000,2864.4000,2864.6000,2864.8000,4,5,22,1,1,1,4,3,1,2
SF,IH2006,2020-06-17 13:02:56.700,2864.0000,17601,0,9932583960.000,0,-,-,-,-,2863.4000,2863.2000,2863.0000,2862.8000,2862.4000,2864.0000,2864.2000,2864.4000,2864.6000,2864.8000,4,3,22,1,1,1,4,3,1,2
SF,IH2006,2020-06-17 13:02:57.200,2864.0000,17600,-1,9933443160.000,1,0,1,双平,B,2863.6000,2863.4000,2863.2000,2863.0000,2862.8000,2864.2000,2864.4000,2864.6000,2864.8000,2865.2000,1,4,3,22,1,4,3,1,2,3
SF,IH2006,2020-06-17 13:02:57.700,2864.0000,17600,0,9933443160.000,0,-,-,-,-,2863.8000,2863.6000,2863.4000,2863.2000,2863.0000,2864.2000,2864.4000,2864.6000,2864.8000,2865.2000,2,2,2,3,22,3,3,1,2,3
SF,IH2006,2020-06-17 13:02:58.700,2863.8000,17598,-2,9935161560.000,2,0,2,双平,B,2863.8000,2863.6000,2863.4000,2863.2000,2863.0000,2864.2000,2864.4000,2864.6000,2864.8000,2865.2000,1,2,2,3,22,2,3,1,2,3
SF,IH2006,2020-06-17 13:02:59.700,2863.8000,17598,0,9936020700.000,1,0,1,空换,B,2863.6000,2863.4000,2863.2000,2863.0000,2862.8000,2864.2000,2864.4000,2864.6000,2864.8000,2865.2000,2,2,3,22,1,2,3,1,2,3
SF,IH2006,2020-06-17 13:03:00.200,2864.2000,17597,-1,9936879960.000,1,0,1,双平,B,2863.6000,2863.4000,2863.2000,2863.0000,2862.8000,2863.8000,2864.2000,2864.4000,2864.6000,2864.8000,2,2,3,21,1,1,1,3,1,2
SF,IH2006,2020-06-17 13:03:00.700,2863.8000,17596,-1,9937739100.000,1,0,1,双平,B,2863.8000,2863.6000,2863.4000,2863.2000,2863.0000,2864.2000,2864.4000,2864.6000,2864.8000,2865.2000,1,2,2,3,21,1,3,1,2,3
SF,IH2006,2020-06-17 13:03:01.700,2863.8000,17596,0,9937739100.000,0,-,-,-,-,2863.8000,2863.6000,2863.4000,2863.2000,2863.0000,2864.0000,2864.2000,2864.4000,2864.6000,2864.8000,1,2,2,3,20,4,2,3,1,2
SF,IH2006,2020-06-17 13:03:02.200,2863.8000,17596,0,9937739100.000,0,-,-,-,-,2863.8000,2863.6000,2863.4000,2863.2000,2863.0000,2864.0000,2864.2000,2864.4000,2864.6000,2864.8000,1,2,2,4,20,4,1,3,1,2
SF,IH2006,2020-06-17 13:03:03.200,2863.8000,17595,-1,9938598240.000,1,0,1,双平,B,2863.6000,2863.4000,2863.2000,2863.0000,2862.8000,2864.0000,2864.2000,2864.4000,2864.6000,2864.8000,2,2,4,21,1,4,1,3,1,1
SF,IH2006,2020-06-17 13:03:06.700,2863.6000,17594,-1,9939457320.000,1,0,1,双平,B,2863.6000,2863.4000,2863.2000,2863.0000,2862.8000,2864.0000,2864.2000,2864.4000,2864.6000,2864.8000,1,2,4,21,1,4,1,3,1,1
SF,IH2006,2020-06-17 13:03:07.200,2863.6000,17594,0,9941175480.000,2,1,1,空换,B,2863.8000,2863.4000,2863.2000,2863.0000,2862.8000,2864.0000,2864.2000,2864.4000,2864.6000,2864.8000,1,2,4,1,1,4,1,3,1,1
SF,IH2006,2020-06-17 13:03:07.700,2863.8000,17595,1,9942034620.000,1,1,0,双开,B,2863.4000,2863.2000,2863.0000,2862.8000,2862.4000,2863.6000,2863.8000,2864.0000,2864.2000,2864.4000,2,4,1,1,1,2,7,4,1,3
SF,IH2006,2020-06-17 13:03:08.200,2863.8000,17595,0,9942034620.000,0,-,-,-,-,2863.4000,2863.2000,2863.0000,2862.8000,2862.4000,2863.6000,2863.8000,2864.2000,2864.4000,2864.6000,2,4,1,1,1,6,1,1,3,1
SF,IH2006,2020-06-17 13:03:08.700,2863.8000,17595,0,9942034620.000,0,-,-,-,-,2863.4000,2863.2000,2863.0000,2862.8000,2862.4000,2863.6000,2863.8000,2864.2000,2864.4000,2864.6000,1,4,1,1,1,6,1,1,3,1
SF,IH2006,2020-06-17 13:03:09.200,2863.6000,17594,-1,9942893700.000,1,0,1,双平,B,2863.4000,2863.2000,2863.0000,2862.8000,2862.4000,2863.6000,2863.8000,2864.2000,2864.4000,2864.6000,1,4,1,1,1,5,1,1,3,1
SF,IH2006,2020-06-17 13:03:09.700,2863.6000,17594,0,9942893700.000,0,-,-,-,-,2863.4000,2863.2000,2863.0000,2862.8000,2862.4000,2863.6000,2863.8000,2864.2000,2864.4000,2864.6000,1,4,1,1,1,5,1,1,3,1
SF,IH2006,2020-06-17 13:03:10.200,2863.6000,17594,0,9942893700.000,0,-,-,-,-,2863.4000,2863.2000,2863.0000,2862.8000,2862.4000,2863.6000,2863.8000,2864.0000,2864.2000,2864.4000,1,4,1,1,1,5,1,1,1,3
SF,IH2006,2020-06-17 13:03:10.700,2863.6000,17593,-1,9943752780.000,1,0,1,双平,B,2863.4000,2863.2000,2863.0000,2862.8000,2862.4000,2863.6000,2864.0000,2864.2000,2864.4000,2864.6000,1,4,1,1,1,4,1,1,3,1
SF,IH2006,2020-06-17 13:03:12.200,2863.6000,17592,-1,9944611860.000,1,0,1,双平,B,2863.4000,2863.2000,2863.0000,2862.8000,2862.4000,2863.6000,2864.0000,2864.2000,2864.4000,2864.6000,1,5,1,1,1,3,1,1,3,1
SF,IH2006,2020-06-17 13:03:13.200,2863.6000,17592,0,9944611860.000,0,-,-,-,-,2863.4000,2863.2000,2863.0000,2862.8000,2862.4000,2863.6000,2864.0000,2864.2000,2864.4000,2864.6000,1,5,1,1,1,3,1,1,3,1
SF,IH2006,2020-06-17 13:03:13.700,2863.6000,17592,0,9944611860.000,0,-,-,-,-,2863.4000,2863.2000,2863.0000,2862.8000,2862.4000,2863.6000,2864.0000,2864.2000,2864.4000,2864.6000,1,5,1,1,1,3,1,1,2,1
SF,IH2006,2020-06-17 13:03:14.700,2863.4000,17591,-1,9945470880.000,1,0,1,双平,B,2863.2000,2863.0000,2862.8000,2862.4000,2862.2000,2863.6000,2864.0000,2864.2000,2864.4000,2864.6000,5,1,1,1,1,4,1,1,2,1
SF,IH2006,2020-06-17 13:03:15.200,2863.4000,17591,0,9945470880.000,0,-,-,-,-,2863.2000,2863.0000,2862.8000,2862.4000,2862.2000,2863.4000,2863.6000,2864.0000,2864.2000,2864.4000,3,1,1,1,1,1,3,1,1,2
SF,IH2006,2020-06-17 13:03:15.700,2863.2000,17591,0,9946329840.000,1,0,1,空换,B,2863.2000,2863.0000,2862.8000,2862.4000,2862.2000,2863.4000,2864.0000,2864.2000,2864.4000,2864.6000,1,1,1,1,1,3,1,1,2,1
SF,IH2006,2020-06-17 13:03:16.700,2863.0000,17591,0,9948047700.000,2,1,1,空换,B,2862.8000,2862.4000,2862.2000,2862.0000,2861.8000,2863.4000,2864.0000,2864.2000,2864.4000,2864.6000,1,1,1,23,4,3,1,1,2,1
SF,IH2006,2020-06-17 13:03:17.200,2863.0000,17591,0,9948047700.000,0,-,-,-,-,2862.8000,2862.6000,2862.4000,2862.2000,2862.0000,2863.4000,2864.0000,2864.2000,2864.4000,2864.6000,2,1,1,1,23,3,1,1,2,1
SF,IH2006,2020-06-17 13:03:17.700,2863.0000,17591,0,9948906600.000,1,0,1,空换,B,2862.8000,2862.6000,2862.4000,2862.2000,2862.0000,2863.4000,2864.0000,2864.2000,2864.4000,2864.6000,5,1,1,1,23,3,1,1,2,1
SF,IH2006,2020-06-17 13:03:18.200,2863.0000,17591,0,9948906600.000,0,-,-,-,-,2863.2000,2862.8000,2862.6000,2862.4000,2862.2000,2863.4000,2864.0000,2864.2000,2864.4000,2864.6000,1,5,1,1,1,3,1,1,2,1
SF,IH2006,2020-06-17 13:03:18.700,2863.0000,17591,0,9948906600.000,0,-,-,-,-,2862.8000,2862.6000,2862.4000,2862.2000,2862.0000,2863.4000,2864.0000,2864.2000,2864.4000,2864.6000,6,1,1,1,23,3,1,1,2,1
SF,IH2006,2020-06-17 13:03:19.200,2863.0000,17591,0,9948906600.000,0,-,-,-,-,2863.0000,2862.8000,2862.6000,2862.4000,2862.2000,2863.4000,2864.0000,2864.2000,2864.4000,2864.6000,1,6,1,1,1,3,1,1,2,1
SF,IH2006,2020-06-17 13:03:21.200,2863.0000,17591,0,9948906600.000,0,-,-,-,-,2863.0000,2862.8000,2862.6000,2862.4000,2862.2000,2863.4000,2864.0000,2864.2000,2864.4000,2864.6000,1,6,1,1,1,4,1,1,2,1
SF,IH2006,2020-06-17 13:03:22.700,2863.0000,17591,0,9948906600.000,0,-,-,-,-,2863.0000,2862.8000,2862.6000,2862.4000,2862.2000,2863.2000,2863.4000,2864.0000,2864.2000,2864.4000,1,6,1,1,1,1,3,1,1,2
SF,IH2006,2020-06-17 13:03:23.200,2863.0000,17591,0,9948906600.000,0,-,-,-,-,2862.8000,2862.6000,2862.4000,2862.2000,2862.0000,2863.0000,2863.2000,2864.0000,2864.2000,2864.4000,6,1,1,1,23,1,5,1,1,2
SF,IH2006,2020-06-17 13:03:23.700,2863.2000,17591,0,9951483420.000,3,1,2,空换,B,2862.8000,2862.6000,2862.4000,2862.2000,2862.0000,2863.0000,2864.0000,2864.2000,2864.4000,2864.6000,2,1,1,1,23,3,1,1,2,1
SF,IH2006,2020-06-17 13:03:24.200,2863.0000,17588,-3,9954060120.000,3,0,3,双平,B,2863.0000,2862.8000,2862.6000,2862.4000,2862.2000,2864.0000,2864.2000,2864.4000,2864.6000,2864.8000,12,4,1,1,1,1,1,1,1,1
SF,IH2006,2020-06-17 13:03:24.700,2863.0000,17588,0,9954060120.000,0,-,-,-,-,2863.2000,2863.0000,2862.8000,2862.6000,2862.4000,2863.8000,2864.0000,2864.2000,2864.4000,2864.6000,1,3,2,1,1,10,2,1,1,2
SF,IH2006,2020-06-17 13:03:25.200,2863.0000,17588,0,9954060120.000,0,-,-,-,-,2863.0000,2862.8000,2862.6000,2862.4000,2862.2000,2863.8000,2864.0000,2864.2000,2864.4000,2864.6000,3,1,1,1,1,9,1,1,1,2
SF,IH2006,2020-06-17 13:03:25.700,2863.0000,17588,0,9954060120.000,0,-,-,-,-,2863.2000,2863.0000,2862.8000,2862.6000,2862.4000,2863.8000,2864.0000,2864.2000,2864.4000,2864.6000,1,4,1,1,1,8,1,1,1,2
SF,IH2006,2020-06-17 13:03:26.200,2863.2000,17588,0,9954919080.000,1,0,1,空换,B,2863.0000,2862.8000,2862.6000,2862.4000,2862.2000,2863.8000,2864.0000,2864.2000,2864.4000,2864.6000,1,1,1,1,1,8,1,1,1,2
SF,IH2006,2020-06-17 13:03:26.700,2863.2000,17588,0,9954919080.000,0,-,-,-,-,2863.0000,2862.8000,2862.6000,2862.4000,2862.2000,2863.6000,2863.8000,2864.0000,2864.2000,2864.4000,1,1,1,1,1,4,8,1,1,1
SF,IH2006,2020-06-17 13:03:27.200,2863.2000,17588,0,9954919080.000,0,-,-,-,-,2863.0000,2862.8000,2862.6000,2862.4000,2862.2000,2863.2000,2863.8000,2864.0000,2864.2000,2864.4000,1,1,1,1,1,4,8,1,1,1
SF,IH2006,2020-06-17 13:03:27.700,2863.2000,17588,0,9954919080.000,0,-,-,-,-,2863.0000,2862.8000,2862.6000,2862.2000,2862.0000,2863.2000,2863.8000,2864.0000,2864.2000,2864.4000,2,1,1,1,24,4,7,1,1,1
SF,IH2006,2020-06-17 13:03:28.200,2863.2000,17588,0,9955778040.000,1,0,1,空换,B,2863.0000,2862.8000,2862.6000,2862.2000,2862.0000,2863.2000,2863.8000,2864.0000,2864.2000,2864.4000,2,1,1,1,24,3,7,1,1,1
SF,IH2006,2020-06-17 13:03:28.700,2863.2000,17588,0,9955778040.000,0,-,-,-,-,2863.0000,2862.8000,2862.6000,2862.2000,2862.0000,2863.2000,2863.8000,2864.0000,2864.2000,2864.4000,2,1,1,1,24,3,7,1,1,1
SF,IH2006,2020-06-17 13:03:29.200,2863.2000,17588,0,9955778040.000,0,-,-,-,-,2863.0000,2862.8000,2862.6000,2862.2000,2862.0000,2863.2000,2863.8000,2864.0000,2864.2000,2864.4000,2,1,1,1,24,4,7,1,1,1
SF,IH2006,2020-06-17 13:03:29.700,2863.2000,17588,0,9955778040.000,0,-,-,-,-,2863.0000,2862.8000,2862.6000,2862.2000,2862.0000,2863.2000,2863.8000,2864.0000,2864.2000,2864.4000,2,1,2,1,24,5,7,1,1,1
SF,IH2006,2020-06-17 13:03:34.700,2863.2000,17585,-3,9960072840.000,5,1,4,空平,B,2863.0000,2862.8000,2862.6000,2862.2000,2862.0000,2863.8000,2864.0000,2864.2000,2864.4000,2864.6000,2,1,2,1,24,7,1,1,1,2
SF,IH2006,2020-06-17 13:03:35.200,2863.2000,17585,0,9960072840.000,0,-,-,-,-,2863.6000,2863.4000,2863.2000,2863.0000,2862.8000,2863.8000,2864.0000,2864.2000,2864.4000,2864.6000,1,1,2,7,1,4,1,1,1,2
SF,IH2006,2020-06-17 13:03:35.700,2863.4000,17584,-1,9963509220.000,4,1,3,空平,B,2863.2000,2863.0000,2862.8000,2862.6000,2862.2000,2863.8000,2864.0000,2864.2000,2864.4000,2864.6000,2,7,1,2,1,1,1,1,1,2
SF,IH2006,2020-06-17 13:03:36.200,2863.8000,17584,0,9965227440.000,2,1,1,空换,B,2863.8000,2863.6000,2863.4000,2863.2000,2863.0000,2864.0000,2864.2000,2864.4000,2864.6000,2864.8000,4,3,4,3,7,1,1,1,2,1
SF,IH2006,2020-06-17 13:03:36.700,2864.0000,17585,1,9966086640.000,1,1,0,双开,B,2863.8000,2863.4000,2863.2000,2863.0000,2862.8000,2864.2000,2864.4000,2864.6000,2864.8000,2865.2000,2,5,4,3,1,1,1,2,1,3
SF,IH2006,2020-06-17 13:03:37.200,2864.0000,17585,0,9966086640.000,0,-,-,-,-,2863.8000,2863.4000,2863.2000,2863.0000,2862.8000,2864.2000,2864.4000,2864.6000,2864.8000,2865.2000,2,5,4,4,1,1,1,2,1,3
SF,IH2006,2020-06-17 13:03:37.700,2864.2000,17585,0,9966945900.000,1,0,1,空换,B,2864.2000,2864.0000,2863.8000,2863.4000,2863.2000,2864.6000,2864.8000,2865.2000,2865.4000,2865.8000,2,1,3,5,4,2,1,3,3,3
SF,IH2006,2020-06-17 13:03:38.200,2864.2000,17584,-1,9967805160.000,1,0,1,双平,B,2864.0000,2863.8000,2863.4000,2863.2000,2863.0000,2864.2000,2864.6000,2864.8000,2865.2000,2865.4000,1,3,5,4,4,1,2,1,3,3
SF,IH2006,2020-06-17 13:03:38.700,2864.0000,17584,0,9968664360.000,1,0,1,空换,B,2863.8000,2863.4000,2863.2000,2863.0000,2862.8000,2864.0000,2864.2000,2864.4000,2864.6000,2864.8000,3,5,4,4,1,3,1,1,1,1
SF,IH2006,2020-06-17 13:03:39.200,2864.0000,17582,-2,9971241960.000,3,0,3,空平,B,2864.0000,2863.8000,2863.4000,2863.2000,2863.0000,2864.2000,2864.4000,2864.6000,2864.8000,2865.2000,2,3,5,4,4,1,1,1,1,3
SF,IH2006,2020-06-17 13:03:39.700,2864.0000,17582,0,9971241960.000,0,-,-,-,-,2864.0000,2863.8000,2863.4000,2863.2000,2863.0000,2864.2000,2864.4000,2864.6000,2864.8000,2865.2000,3,3,5,4,3,1,1,1,1,3
SF,IH2006,2020-06-17 13:03:40.700,2864.2000,17581,-1,9972101220.000,1,0,1,双平,B,2864.2000,2864.0000,2863.8000,2863.4000,2863.2000,2864.4000,2864.6000,2864.8000,2865.2000,2865.4000,2,3,3,5,4,1,1,1,3,2
SF,IH2006,2020-06-17 13:03:41.200,2864.2000,17582,1,9972960480.000,1,1,0,双开,B,2864.2000,2864.0000,2863.8000,2863.4000,2863.2000,2864.4000,2864.6000,2864.8000,2865.2000,2865.4000,1,3,3,3,5,1,1,1,3,2
SF,IH2006,2020-06-17 13:03:41.700,2864.2000,17582,0,9974679060.000,2,1,1,空换,B,2864.0000,2863.8000,2863.4000,2863.2000,2863.0000,2864.6000,2864.8000,2865.2000,2865.4000,2865.8000,3,3,3,5,2,1,1,3,2,3
SF,IH2006,2020-06-17 13:03:42.200,2864.6000,17583,1,9975538440.000,1,1,0,双开,B,2864.6000,2864.4000,2864.2000,2864.0000,2863.8000,2864.8000,2865.2000,2865.4000,2865.8000,2866.0000,1,6,3,6,2,2,3,2,3,3
SF,IH2006,2020-06-17 13:03:42.700,2864.4000,17583,0,9976397760.000,1,0,1,空换,B,2864.2000,2864.0000,2863.8000,2863.2000,2863.0000,2864.8000,2865.2000,2865.4000,2865.8000,2866.0000,2,6,2,4,2,2,3,2,3,3
SF,IH2006,2020-06-17 13:03:43.200,2864.4000,17583,0,9976397760.000,0,-,-,-,-,2864.4000,2864.2000,2864.0000,2863.8000,2863.2000,2864.8000,2865.2000,2865.4000,2865.8000,2866.0000,1,5,3,2,4,2,3,2,3,3
SF,IH2006,2020-06-17 13:03:43.700,2864.4000,17583,0,9976397760.000,0,-,-,-,-,2864.4000,2864.2000,2864.0000,2863.8000,2863.2000,2864.8000,2865.2000,2865.4000,2865.8000,2866.0000,1,5,3,1,4,2,3,2,3,3
SF,IH2006,2020-06-17 13:03:44.200,2864.4000,17583,0,9976397760.000,0,-,-,-,-,2864.4000,2864.2000,2864.0000,2863.2000,2863.0000,2864.8000,2865.2000,2865.4000,2865.8000,2866.0000,2,5,3,4,2,2,3,2,3,3
SF,IH2006,2020-06-17 13:03:47.200,2864.4000,17583,0,9976397760.000,0,-,-,-,-,2864.4000,2864.2000,2864.0000,2863.2000,2863.0000,2864.8000,2865.2000,2865.4000,2865.8000,2866.0000,2,5,3,3,2,2,3,1,3,3
SF,IH2006,2020-06-17 13:03:47.700,2864.4000,17583,0,9976397760.000,0,-,-,-,-,2864.4000,2864.2000,2864.0000,2863.4000,2863.2000,2864.8000,2865.2000,2865.4000,2865.8000,2866.0000,3,5,3,1,3,2,3,1,3,3
SF,IH2006,2020-06-17 13:03:50.200,2864.4000,17583,0,9976397760.000,0,-,-,-,-,2864.4000,2864.2000,2864.0000,2863.4000,2863.2000,2864.6000,2864.8000,2865.2000,2865.4000,2865.8000,3,5,3,1,3,1,2,3,1,3
SF,IH2006,2020-06-17 13:03:50.700,2864.4000,17581,-2,9978975720.000,3,0,3,空平,B,2864.2000,2864.0000,2863.4000,2863.2000,2863.0000,2864.4000,2864.6000,2864.8000,2865.2000,2865.4000,5,3,1,3,2,2,1,2,3,1
SF,IH2006,2020-06-17 13:03:51.200,2864.4000,17581,0,9978975720.000,0,-,-,-,-,2864.2000,2864.0000,2863.4000,2863.2000,2863.0000,2864.4000,2864.6000,2864.8000,2865.2000,2865.4000,1,2,1,3,2,1,1,2,3,1
SF,IH2006,2020-06-17 13:03:51.700,2864.2000,17581,0,9979834980.000,1,0,1,空换,B,2864.0000,2863.4000,2863.2000,2863.0000,2862.8000,2864.2000,2864.4000,2864.6000,2864.8000,2865.2000,2,1,3,2,1,2,1,1,2,3
SF,IH2006,2020-06-17 13:03:52.200,2864.2000,17581,0,9979834980.000,0,-,-,-,-,2864.0000,2863.6000,2863.4000,2863.2000,2863.0000,2864.2000,2864.4000,2864.6000,2864.8000,2865.2000,3,1,1,3,2,2,1,1,2,3
SF,IH2006,2020-06-17 13:03:52.700,2864.2000,17581,0,9981553500.000,2,1,1,空换,B,2864.0000,2863.6000,2863.4000,2863.2000,2863.0000,2864.4000,2864.6000,2864.8000,2865.2000,2865.4000,3,1,1,3,2,1,1,2,3,1
SF,IH2006,2020-06-17 13:03:53.200,2864.2000,17581,0,9981553500.000,0,-,-,-,-,2864.0000,2863.6000,2863.4000,2863.2000,2863.0000,2864.4000,2864.8000,2865.2000,2865.4000,2865.8000,3,1,1,3,2,1,2,3,1,3
SF,IH2006,2020-06-17 13:03:53.700,2864.2000,17581,0,9981553500.000,0,-,-,-,-,2864.0000,2863.6000,2863.4000,2863.2000,2863.0000,2864.4000,2864.8000,2865.2000,2865.4000,2865.8000,5,1,1,3,2,1,2,3,1,3
SF,IH2006,2020-06-17 13:03:56.700,2864.2000,17581,0,9981553500.000,0,-,-,-,-,2864.2000,2864.0000,2863.6000,2863.4000,2863.2000,2864.4000,2864.8000,2865.2000,2865.4000,2865.8000,1,3,1,1,3,1,2,3,1,3
SF,IH2006,2020-06-17 13:03:57.200,2864.2000,17582,1,9982412760.000,1,1,0,双开,B,2864.0000,2863.6000,2863.4000,2863.2000,2863.0000,2864.2000,2864.4000,2864.8000,2865.2000,2865.4000,3,1,1,3,2,3,1,2,3,1
SF,IH2006,2020-06-17 13:03:57.700,2864.4000,17582,0,9987568320.000,6,3,3,空换,B,2863.6000,2863.4000,2863.2000,2863.0000,2862.8000,2864.8000,2865.2000,2865.4000,2865.8000,2866.0000,1,1,3,2,1,2,3,1,3,3
SF,IH2006,2020-06-17 13:03:58.200,2864.4000,17582,0,9987568320.000,0,-,-,-,-,2863.8000,2863.4000,2863.2000,2863.0000,2862.8000,2864.0000,2864.4000,2864.6000,2864.8000,2865.2000,5,1,2,2,1,5,4,9,4,3
SF,IH2006,2020-06-17 13:03:58.700,2864.4000,17582,0,9987568320.000,0,-,-,-,-,2863.4000,2863.2000,2863.0000,2862.8000,2862.6000,2864.2000,2864.4000,2864.6000,2864.8000,2865.2000,2,2,2,1,1,1,1,8,2,3
SF,IH2006,2020-06-17 13:03:59.200,2864.4000,17582,0,9987568320.000,0,-,-,-,-,2863.6000,2863.4000,2863.2000,2863.0000,2862.8000,2863.8000,2864.0000,2864.2000,2864.6000,2864.8000,1,5,2,2,1,1,2,3,5,2
SF,IH2006,2020-06-17 13:03:59.700,2864.4000,17582,0,9987568320.000,0,-,-,-,-,2863.6000,2863.4000,2863.2000,2863.0000,2862.8000,2863.8000,2864.0000,2864.2000,2864.6000,2864.8000,3,5,2,2,1,1,2,3,4,2
SF,IH2006,2020-06-17 13:04:00.200,2863.8000,17583,1,9988427460.000,1,1,0,双开,B,2863.8000,2863.6000,2863.4000,2863.2000,2863.0000,2864.0000,2864.2000,2864.6000,2864.8000,2865.2000,3,3,5,2,2,2,2,4,2,3
SF,IH2006,2020-06-17 13:04:00.700,2864.0000,17582,-1,9990145860.000,2,0,2,空平,B,2864.0000,2863.8000,2863.6000,2863.4000,2863.2000,2864.2000,2864.6000,2864.8000,2865.2000,2865.4000,1,2,3,5,2,1,4,2,3,1
SF,IH2006,2020-06-17 13:04:01.200,2864.0000,17582,0,9990145860.000,0,-,-,-,-,2864.0000,2863.8000,2863.6000,2863.4000,2863.2000,2864.2000,2864.6000,2864.8000,2865.2000,2865.4000,1,1,3,5,2,1,4,2,3,1
SF,IH2006,2020-06-17 13:04:01.700,2864.0000,17582,0,9990145860.000,0,-,-,-,-,2864.0000,2863.8000,2863.6000,2863.4000,2863.2000,2864.6000,2864.8000,2865.2000,2865.4000,2865.8000,1,1,3,5,2,4,2,3,1,3
SF,IH2006,2020-06-17 13:04:02.200,2864.0000,17582,0,9990145860.000,0,-,-,-,-,2864.0000,2863.8000,2863.6000,2863.4000,2863.2000,2864.4000,2864.6000,2864.8000,2865.2000,2865.4000,1,1,3,5,2,1,3,2,3,1
SF,IH2006,2020-06-17 13:04:03.200,2864.0000,17582,0,9990145860.000,0,-,-,-,-,2864.2000,2864.0000,2863.8000,2863.6000,2863.4000,2864.4000,2864.6000,2864.8000,2865.2000,2865.4000,3,1,1,3,5,1,3,2,3,1
SF,IH2006,2020-06-17 13:04:03.700,2864.0000,17581,-1,9993582840.000,4,1,3,空平,B,2863.8000,2863.6000,2863.4000,2863.2000,2863.0000,2864.0000,2864.2000,2864.4000,2864.6000,2864.8000,1,3,5,2,2,3,20,2,3,2
SF,IH2006,2020-06-17 13:04:04.200,2864.0000,17581,0,9993582840.000,0,-,-,-,-,2863.8000,2863.6000,2863.4000,2863.2000,2863.0000,2864.2000,2864.4000,2864.6000,2864.8000,2865.2000,1,3,5,2,2,10,2,3,2,3
SF,IH2006,2020-06-17 13:04:04.700,2864.0000,17581,0,9993582840.000,0,-,-,-,-,2863.8000,2863.6000,2863.4000,2863.2000,2863.0000,2864.2000,2864.4000,2864.6000,2864.8000,2865.2000,1,3,5,2,2,9,2,3,2,3
SF,IH2006,2020-06-17 13:04:05.200,2864.0000,17582,1,9994442040.000,1,1,0,双开,B,2863.6000,2863.4000,2863.2000,2863.0000,2862.8000,2864.2000,2864.4000,2864.6000,2864.8000,2865.2000,3,5,2,2,1,10,2,3,2,3
SF,IH2006,2020-06-17 13:04:05.700,2864.0000,17582,0,9994442040.000,0,-,-,-,-,2863.6000,2863.4000,2863.2000,2863.0000,2862.8000,2864.2000,2864.4000,2864.6000,2864.8000,2865.2000,5,3,2,2,1,10,2,3,2,3
SF,IH2006,2020-06-17 13:04:06.200,2864.0000,17582,0,9994442040.000,0,-,-,-,-,2863.6000,2863.4000,2863.2000,2863.0000,2862.8000,2864.0000,2864.2000,2864.4000,2864.6000,2864.8000,3,3,2,2,1,1,9,2,3,2
SF,IH2006,2020-06-17 13:04:07.200,2864.0000,17582,0,9994442040.000,0,-,-,-,-,2863.6000,2863.4000,2863.2000,2863.0000,2862.8000,2863.8000,2864.0000,2864.2000,2864.4000,2864.6000,3,3,2,2,1,2,1,9,2,3
SF,IH2006,2020-06-17 13:04:07.700,2864.0000,17582,0,9994442040.000,0,-,-,-,-,2863.6000,2863.4000,2863.2000,2863.0000,2862.8000,2864.0000,2864.2000,2864.4000,2864.6000,2864.8000,3,3,2,2,1,1,9,2,3,2
SF,IH2006,2020-06-17 13:04:08.200,2864.0000,17582,0,9994442040.000,0,-,-,-,-,2863.6000,2863.4000,2863.2000,2863.0000,2862.8000,2863.8000,2864.0000,2864.2000,2864.4000,2864.6000,3,3,2,2,1,1,1,9,2,3
SF,IH2006,2020-06-17 13:04:08.700,2864.0000,17582,0,9994442040.000,0,-,-,-,-,2863.6000,2863.4000,2863.2000,2863.0000,2862.8000,2863.8000,2864.0000,2864.2000,2864.4000,2864.6000,2,3,2,2,1,3,1,9,2,3
SF,IH2006,2020-06-17 13:04:11.700,2864.0000,17582,0,9994442040.000,0,-,-,-,-,2863.6000,2863.4000,2863.2000,2863.0000,2862.8000,2863.8000,2864.0000,2864.2000,2864.4000,2864.6000,2,3,2,2,1,2,1,9,2,3
SF,IH2006,2020-06-17 13:04:12.200,2864.0000,17582,0,9994442040.000,0,-,-,-,-,2863.6000,2863.4000,2863.2000,2863.0000,2862.8000,2863.8000,2864.0000,2864.2000,2864.4000,2864.6000,2,3,2,2,1,2,1,10,2,3
SF,IH2006,2020-06-17 13:04:12.700,2863.8000,17581,-1,9996160320.000,2,0,2,空平,B,2863.8000,2863.6000,2863.4000,2863.2000,2863.0000,2864.0000,2864.2000,2864.4000,2864.6000,2864.8000,2,2,3,2,2,1,10,2,3,3
SF,IH2006,2020-06-17 13:04:13.200,2863.8000,17581,0,9996160320.000,0,-,-,-,-,2863.4000,2863.2000,2863.0000,2862.8000,2862.6000,2864.0000,2864.2000,2864.4000,2864.6000,2864.8000,3,2,2,1,2,1,10,2,3,3
SF,IH2006,2020-06-17 13:04:13.700,2863.8000,17581,0,9996160320.000,0,-,-,-,-,2863.4000,2863.2000,2863.0000,2862.8000,2862.6000,2864.0000,2864.2000,2864.4000,2864.6000,2864.8000,5,2,2,1,2,1,10,2,3,3
SF,IH2006,2020-06-17 13:04:14.200,2863.8000,17581,0,9996160320.000,0,-,-,-,-,2863.4000,2863.2000,2863.0000,2862.8000,2862.6000,2863.8000,2864.0000,2864.2000,2864.4000,2864.6000,5,2,2,1,2,1,1,10,2,3
SF,IH2006,2020-06-17 13:04:14.700,2863.8000,17581,0,9996160320.000,0,-,-,-,-,2863.4000,2863.2000,2863.0000,2862.8000,2862.6000,2863.8000,2864.0000,2864.2000,2864.4000,2864.6000,8,2,2,1,2,1,2,10,2,3
SF,IH2006,2020-06-17 13:04:15.200,2863.8000,17581,0,9996160320.000,0,-,-,-,-,2863.6000,2863.4000,2863.2000,2863.0000,2862.8000,2863.8000,2864.0000,2864.2000,2864.4000,2864.6000,1,8,2,2,1,1,2,10,2,3
SF,IH2006,2020-06-17 13:04:16.700,2863.6000,17581,0,9997019400.000,1,0,1,空换,B,2863.6000,2863.4000,2863.2000,2863.0000,2862.8000,2863.8000,2864.0000,2864.2000,2864.4000,2864.6000,2,6,2,2,1,1,2,10,2,3
SF,IH2006,2020-06-17 13:04:17.200,2863.6000,17581,0,9997019400.000,0,-,-,-,-,2863.4000,2863.2000,2863.0000,2862.8000,2862.6000,2863.8000,2864.0000,2864.2000,2864.4000,2864.6000,6,2,2,1,2,1,2,10,2,3
SF,IH2006,2020-06-17 13:04:17.700,2863.6000,17581,0,9997019400.000,0,-,-,-,-,2863.4000,2863.2000,2863.0000,2862.8000,2862.6000,2863.8000,2864.0000,2864.2000,2864.4000,2864.6000,8,2,2,1,2,1,2,10,2,3
SF,IH2006,2020-06-17 13:04:18.700,2863.6000,17581,0,9997019400.000,0,-,-,-,-,2863.4000,2863.2000,2863.0000,2862.8000,2862.6000,2863.6000,2863.8000,2864.0000,2864.2000,2864.4000,8,2,2,1,2,1,1,2,10,2
SF,IH2006,2020-06-17 13:04:19.200,2863.6000,17581,0,9997019400.000,0,-,-,-,-,2863.4000,2863.2000,2863.0000,2862.8000,2862.6000,2864.0000,2864.2000,2864.4000,2864.6000,2864.8000,4,2,2,1,2,2,10,2,3,3
SF,IH2006,2020-06-17 13:04:19.700,2863.4000,17581,0,9997878420.000,1,0,1,空换,B,2863.4000,2863.2000,2863.0000,2862.8000,2862.6000,2863.6000,2863.8000,2864.0000,2864.2000,2864.4000,6,2,2,1,1,1,3,4,10,2
SF,IH2006,2020-06-17 13:04:20.200,2863.4000,17581,0,9997878420.000,0,-,-,-,-,2863.4000,2863.2000,2863.0000,2862.8000,2862.6000,2863.8000,2864.0000,2864.2000,2864.4000,2864.6000,3,2,2,1,1,4,4,10,2,3
SF,IH2006,2020-06-17 13:04:20.700,2863.4000,17581,0,9997878420.000,0,-,-,-,-,2863.4000,2863.2000,2863.0000,2862.8000,2862.6000,2863.6000,2863.8000,2864.0000,2864.2000,2864.4000,2,2,2,2,1,1,5,4,10,2
SF,IH2006,2020-06-17 13:04:21.200,2863.4000,17581,0,9998737440.000,1,0,1,空换,B,2863.4000,2863.2000,2863.0000,2862.8000,2862.6000,2863.8000,2864.0000,2864.2000,2864.4000,2864.6000,3,2,2,1,1,5,4,10,2,1
SF,IH2006,2020-06-17 13:04:21.700,2863.4000,17582,1,10000455480.000,2,1,1,多开,B,2863.4000,2863.2000,2863.0000,2862.8000,2862.6000,2863.8000,2864.0000,2864.2000,2864.4000,2864.6000,1,2,2,1,1,5,4,10,2,1
SF,IH2006,2020-06-17 13:04:22.200,2863.4000,17582,0,10001314500.000,1,0,1,空换,B,2863.2000,2863.0000,2862.8000,2862.6000,2862.2000,2863.4000,2863.6000,2863.8000,2864.0000,2864.2000,1,2,1,1,1,3,3,5,4,10
SF,IH2006,2020-06-17 13:04:22.700,2863.2000,17581,-1,10002173460.000,1,0,1,双平,B,2863.0000,2862.8000,2862.6000,2862.2000,2862.0000,2863.2000,2863.4000,2863.6000,2863.8000,2864.0000,2,1,1,1,24,2,3,3,6,4
SF,IH2006,2020-06-17 13:04:23.200,2863.0000,17580,-1,10003032360.000,1,0,1,双平,B,2863.0000,2862.8000,2862.6000,2862.2000,2862.0000,2863.2000,2863.4000,2863.6000,2863.8000,2864.0000,1,1,1,1,25,2,3,2,6,4
SF,IH2006,2020-06-17 13:04:24.200,2863.0000,17580,0,10003032360.000,0,-,-,-,-,2863.0000,2862.8000,2862.6000,2862.2000,2862.0000,2863.2000,2863.4000,2863.6000,2863.8000,2864.0000,2,1,1,1,25,2,3,2,6,4
SF,IH2006,2020-06-17 13:04:24.700,2863.0000,17580,0,10003032360.000,0,-,-,-,-,2863.0000,2862.8000,2862.6000,2862.2000,2862.0000,2863.2000,2863.4000,2863.6000,2863.8000,2864.0000,7,1,1,1,25,2,3,2,6,4
SF,IH2006,2020-06-17 13:04:25.200,2863.0000,17576,-4,10008185820.000,6,1,5,空平,B,2863.0000,2862.8000,2862.6000,2862.2000,2862.0000,2863.2000,2863.4000,2863.6000,2863.8000,2864.0000,5,1,1,1,25,1,3,2,6,4
SF,IH2006,2020-06-17 13:04:26.200,2863.0000,17576,0,10008185820.000,0,-,-,-,-,2863.0000,2862.8000,2862.6000,2862.2000,2862.0000,2863.2000,2863.4000,2863.6000,2863.8000,2864.0000,4,1,1,1,25,1,3,2,6,4
SF,IH2006,2020-06-17 13:04:28.200,2863.4000,17578,2,10010762820.000,3,2,1,多开,B,2863.0000,2862.8000,2862.6000,2862.2000,2862.0000,2863.4000,2863.6000,2863.8000,2864.0000,2864.2000,6,1,1,1,25,1,2,6,4,5
SF,IH2006,2020-06-17 13:04:28.700,2863.4000,17578,0,10011621840.000,1,0,1,空换,B,2863.4000,2863.2000,2863.0000,2862.8000,2862.6000,2863.8000,2864.0000,2864.2000,2864.4000,2864.6000,15,6,7,1,1,6,4,5,2,1
SF,IH2006,2020-06-17 13:04:29.200,2863.6000,17578,0,10012480920.000,1,0,1,空换,B,2863.6000,2863.4000,2863.2000,2863.0000,2862.8000,2863.8000,2864.0000,2864.2000,2864.4000,2864.6000,1,1,6,7,1,3,4,5,2,1
SF,IH2006,2020-06-17 13:04:29.700,2863.6000,17578,0,10012480920.000,0,-,-,-,-,2863.6000,2863.4000,2863.2000,2863.0000,2862.8000,2863.8000,2864.0000,2864.2000,2864.4000,2864.6000,1,3,4,5,1,3,4,5,2,1
SF,IH2006,2020-06-17 13:04:30.200,2863.6000,17578,0,10012480920.000,0,-,-,-,-,2863.6000,2863.4000,2863.2000,2863.0000,2862.8000,2863.8000,2864.0000,2864.2000,2864.4000,2864.6000,5,3,3,4,1,1,4,5,2,1
SF,IH2006,2020-06-17 13:04:30.700,2863.8000,17578,0,10014199200.000,2,1,1,空换,B,2863.6000,2863.4000,2863.2000,2863.0000,2862.8000,2864.0000,2864.2000,2864.4000,2864.6000,2864.8000,5,3,2,4,1,4,5,2,1,3
SF,IH2006,2020-06-17 13:04:31.200,2863.8000,17578,0,10014199200.000,0,-,-,-,-,2863.8000,2863.6000,2863.4000,2863.2000,2863.0000,2864.0000,2864.2000,2864.4000,2864.6000,2864.8000,1,4,2,3,4,4,5,2,1,3
SF,IH2006,2020-06-17 13:04:31.700,2863.8000,17578,0,10014199200.000,0,-,-,-,-,2863.8000,2863.6000,2863.4000,2863.2000,2863.0000,2864.0000,2864.2000,2864.4000,2864.6000,2864.8000,2,4,2,3,4,2,5,2,1,3
SF,IH2006,2020-06-17 13:04:37.700,2863.8000,17578,0,10014199200.000,0,-,-,-,-,2863.8000,2863.6000,2863.4000,2863.2000,2863.0000,2864.0000,2864.2000,2864.4000,2864.6000,2864.8000,2,3,2,3,4,2,5,2,1,3
SF,IH2006,2020-06-17 13:04:38.200,2863.8000,17578,0,10014199200.000,0,-,-,-,-,2863.8000,2863.6000,2863.4000,2863.2000,2863.0000,2864.0000,2864.2000,2864.4000,2864.6000,2864.8000,2,3,2,3,4,2,5,2,1,4
SF,IH2006,2020-06-17 13:04:38.700,2863.8000,17578,0,10014199200.000,0,-,-,-,-,2863.8000,2863.6000,2863.4000,2863.2000,2863.0000,2864.0000,2864.2000,2864.4000,2864.6000,2864.8000,2,3,2,3,4,4,5,2,1,4
SF,IH2006,2020-06-17 13:04:39.200,2863.8000,17578,0,10014199200.000,0,-,-,-,-,2863.8000,2863.6000,2863.4000,2863.2000,2863.0000,2864.0000,2864.2000,2864.4000,2864.6000,2864.8000,1,3,2,3,4,4,5,2,1,4
SF,IH2006,2020-06-17 13:04:39.700,2863.8000,17578,0,10015917540.000,2,1,1,空换,B,2863.6000,2863.4000,2863.2000,2863.0000,2862.8000,2863.8000,2864.0000,2864.2000,2864.4000,2864.6000,1,1,3,1,1,3,5,5,2,1
SF,IH2006,2020-06-17 13:04:40.200,2863.6000,17577,-1,10016776620.000,1,0,1,双平,B,2863.2000,2863.0000,2862.8000,2862.6000,2862.2000,2863.8000,2864.0000,2864.2000,2864.4000,2864.6000,3,1,1,1,1,4,5,5,2,1
SF,IH2006,2020-06-17 13:04:40.700,2863.6000,17577,0,10016776620.000,0,-,-,-,-,2863.2000,2863.0000,2862.8000,2862.6000,2862.2000,2863.8000,2864.0000,2864.2000,2864.4000,2864.6000,3,1,1,1,1,6,5,5,2,1
SF,IH2006,2020-06-17 13:04:41.200,2863.6000,17577,0,10016776620.000,0,-,-,-,-,2863.2000,2862.8000,2862.6000,2862.2000,2862.0000,2863.8000,2864.0000,2864.2000,2864.4000,2864.6000,3,1,1,1,25,6,5,5,2,1
SF,IH2006,2020-06-17 13:04:42.700,2863.6000,17577,0,10016776620.000,0,-,-,-,-,2863.2000,2862.8000,2862.6000,2862.2000,2862.0000,2863.6000,2863.8000,2864.0000,2864.2000,2864.4000,3,1,1,1,25,2,6,5,5,2
SF,IH2006,2020-06-17 13:04:43.200,2863.6000,17577,0,10016776620.000,0,-,-,-,-,2863.2000,2862.8000,2862.6000,2862.2000,2862.0000,2863.4000,2863.6000,2863.8000,2864.0000,2864.2000,2,1,1,1,25,1,2,6,5,5
SF,IH2006,2020-06-17 13:04:43.700,2863.6000,17577,0,10016776620.000,0,-,-,-,-,2863.2000,2862.8000,2862.6000,2862.2000,2862.0000,2863.6000,2863.8000,2864.0000,2864.2000,2864.4000,2,1,1,1,25,2,6,6,5,2
SF,IH2006,2020-06-17 13:04:44.700,2863.6000,17577,0,10016776620.000,0,-,-,-,-,2863.2000,2862.8000,2862.6000,2862.2000,2862.0000,2863.4000,2863.6000,2863.8000,2864.0000,2864.2000,2,1,1,1,25,1,2,6,6,5
SF,IH2006,2020-06-17 13:04:45.700,2863.6000,17577,0,10016776620.000,0,-,-,-,-,2863.2000,2862.8000,2862.6000,2862.2000,2862.0000,2863.4000,2863.6000,2863.8000,2864.0000,2864.2000,2,1,1,1,25,4,2,6,4,5
SF,IH2006,2020-06-17 13:04:46.200,2863.4000,17577,0,10017635640.000,1,0,1,空换,B,2863.2000,2862.8000,2862.6000,2862.2000,2862.0000,2863.4000,2863.6000,2863.8000,2864.0000,2864.2000,2,1,1,1,25,3,2,5,4,5
SF,IH2006,2020-06-17 13:04:46.700,2863.4000,17577,0,10017635640.000,0,-,-,-,-,2863.2000,2862.8000,2862.6000,2862.2000,2862.0000,2863.6000,2863.8000,2864.0000,2864.2000,2864.4000,2,1,1,1,25,2,5,4,5,2
SF,IH2006,2020-06-17 13:04:47.200,2863.4000,17577,0,10017635640.000,0,-,-,-,-,2863.2000,2862.8000,2862.6000,2862.2000,2862.0000,2863.6000,2863.8000,2864.0000,2864.2000,2864.6000,2,1,1,1,25,4,5,4,5,1
SF,IH2006,2020-06-17 13:04:47.700,2863.2000,17577,0,10018494600.000,1,0,1,空换,B,2863.2000,2862.8000,2862.6000,2862.2000,2862.0000,2863.6000,2863.8000,2864.0000,2864.2000,2864.6000,1,1,1,1,25,4,5,4,5,1
SF,IH2006,2020-06-17 13:04:48.200,2863.2000,17577,0,10018494600.000,0,-,-,-,-,2863.2000,2862.8000,2862.6000,2862.2000,2862.0000,2863.6000,2863.8000,2864.0000,2864.2000,2864.6000,1,1,1,1,25,4,5,4,4,1
SF,IH2006,2020-06-17 13:04:48.700,2863.2000,17576,-1,10019353560.000,1,0,1,双平,B,2862.8000,2862.6000,2862.2000,2862.0000,2861.8000,2863.6000,2863.8000,2864.0000,2864.2000,2864.6000,1,1,1,25,5,4,5,4,4,1
SF,IH2006,2020-06-17 13:04:49.200,2863.2000,17576,0,10019353560.000,0,-,-,-,-,2863.0000,2862.8000,2862.6000,2862.2000,2862.0000,2863.6000,2863.8000,2864.0000,2864.2000,2864.6000,4,4,2,1,25,4,5,4,4,1
SF,IH2006,2020-06-17 13:04:49.700,2863.2000,17576,0,10019353560.000,0,-,-,-,-,2863.0000,2862.8000,2862.6000,2862.2000,2862.0000,2863.6000,2863.8000,2864.0000,2864.2000,2864.6000,6,4,2,1,25,4,5,4,4,1
SF,IH2006,2020-06-17 13:04:51.200,2863.2000,17576,0,10019353560.000,0,-,-,-,-,2863.2000,2863.0000,2862.8000,2862.6000,2862.2000,2863.6000,2863.8000,2864.0000,2864.2000,2864.4000,3,8,4,2,1,4,5,4,4,1
SF,IH2006,2020-06-17 13:04:51.700,2863.6000,17574,-2,10021071720.000,2,0,2,双平,B,2863.6000,2863.2000,2863.0000,2862.8000,2862.6000,2863.8000,2864.0000,2864.2000,2864.4000,2864.6000,8,8,9,4,2,3,4,4,1,1
SF,IH2006,2020-06-17 13:04:52.200,2863.8000,17575,1,10022790000.000,2,1,1,多开,B,2863.6000,2863.4000,2863.2000,2863.0000,2862.8000,2864.0000,2864.2000,2864.4000,2864.6000,2864.8000,7,1,4,7,4,3,4,1,1,4
SF,IH2006,2020-06-17 13:04:52.700,2863.8000,17575,0,10023649140.000,1,0,1,空换,B,2863.6000,2863.4000,2863.2000,2863.0000,2862.8000,2864.0000,2864.2000,2864.4000,2864.6000,2864.8000,5,1,4,7,3,2,4,1,1,4
SF,IH2006,2020-06-17 13:04:53.200,2863.8000,17575,0,10023649140.000,0,-,-,-,-,2863.6000,2863.2000,2863.0000,2862.8000,2862.6000,2864.0000,2864.2000,2864.4000,2864.6000,2864.8000,6,3,7,3,2,2,4,1,1,4
SF,IH2006,2020-06-17 13:04:53.700,2863.8000,17575,0,10023649140.000,0,-,-,-,-,2863.8000,2863.6000,2863.2000,2863.0000,2862.8000,2864.0000,2864.2000,2864.4000,2864.6000,2864.8000,1,5,3,7,3,2,4,1,1,4
SF,IH2006,2020-06-17 13:04:54.200,2863.8000,17574,-1,10024508280.000,1,0,1,双平,B,2863.6000,2863.2000,2863.0000,2862.8000,2862.6000,2864.0000,2864.2000,2864.4000,2864.6000,2864.8000,5,3,5,3,2,2,4,1,1,4
SF,IH2006,2020-06-17 13:04:54.700,2863.8000,17574,0,10024508280.000,0,-,-,-,-,2863.6000,2863.2000,2863.0000,2862.8000,2862.6000,2864.0000,2864.2000,2864.4000,2864.6000,2864.8000,4,3,5,3,2,2,4,1,1,4
SF,IH2006,2020-06-17 13:04:55.200,2863.8000,17574,0,10024508280.000,0,-,-,-,-,2863.6000,2863.2000,2863.0000,2862.8000,2862.6000,2863.8000,2864.0000,2864.2000,2864.4000,2864.6000,3,3,3,3,2,1,3,4,1,1
SF,IH2006,2020-06-17 13:04:55.700,2863.8000,17574,0,10024508280.000,0,-,-,-,-,2863.6000,2863.2000,2863.0000,2862.8000,2862.6000,2864.0000,2864.2000,2864.4000,2864.6000,2864.8000,3,3,2,3,2,2,4,1,1,4
SF,IH2006,2020-06-17 13:04:56.200,2863.8000,17574,0,10024508280.000,0,-,-,-,-,2863.6000,2863.2000,2863.0000,2862.8000,2862.6000,2864.0000,2864.2000,2864.4000,2864.6000,2864.8000,3,3,2,3,2,3,4,1,1,4
SF,IH2006,2020-06-17 13:04:56.700,2863.8000,17574,0,10024508280.000,0,-,-,-,-,2863.6000,2863.2000,2863.0000,2862.8000,2862.6000,2864.0000,2864.2000,2864.4000,2864.6000,2864.8000,3,3,2,3,2,3,4,1,1,4
SF,IH2006,2020-06-17 13:04:57.700,2863.8000,17574,0,10024508280.000,0,-,-,-,-,2863.6000,2863.2000,2863.0000,2862.8000,2862.6000,2863.8000,2864.0000,2864.2000,2864.4000,2864.6000,4,3,2,3,2,1,4,4,1,1
SF,IH2006,2020-06-17 13:04:58.200,2863.8000,17574,0,10025367420.000,1,0,1,空换,B,2863.6000,2863.2000,2863.0000,2862.8000,2862.6000,2864.0000,2864.2000,2864.4000,2864.6000,2864.8000,4,3,2,3,2,4,4,1,1,4
SF,IH2006,2020-06-17 13:04:58.700,2863.8000,17574,0,10025367420.000,0,-,-,-,-,2863.8000,2863.6000,2863.2000,2863.0000,2862.8000,2864.0000,2864.2000,2864.4000,2864.6000,2864.8000,1,4,3,2,3,3,4,1,1,4
SF,IH2006,2020-06-17 13:04:59.200,2863.8000,17574,0,10025367420.000,0,-,-,-,-,2863.8000,2863.6000,2863.2000,2863.0000,2862.8000,2864.0000,2864.2000,2864.4000,2864.6000,2864.8000,1,1,3,2,3,3,4,1,1,4
SF,IH2006,2020-06-17 13:04:59.700,2863.8000,17575,1,10026226560.000,1,1,0,双开,B,2863.6000,2863.2000,2863.0000,2862.8000,2862.6000,2864.0000,2864.2000,2864.4000,2864.6000,2864.8000,1,3,2,3,2,2,4,1,1,4
SF,IH2006,2020-06-17 13:05:00.200,2863.8000,17575,0,10026226560.000,0,-,-,-,-,2863.6000,2863.2000,2863.0000,2862.8000,2862.6000,2864.0000,2864.2000,2864.4000,2864.6000,2864.8000,2,3,2,3,2,3,4,1,1,4
SF,IH2006,2020-06-17 13:05:00.700,2863.8000,17575,0,10026226560.000,0,-,-,-,-,2863.6000,2863.2000,2863.0000,2862.8000,2862.6000,2864.0000,2864.2000,2864.4000,2864.6000,2864.8000,3,3,2,3,2,2,4,1,1,4
SF,IH2006,2020-06-17 13:05:01.200,2863.8000,17575,0,10026226560.000,0,-,-,-,-,2863.6000,2863.2000,2863.0000,2862.8000,2862.6000,2864.0000,2864.2000,2864.4000,2864.6000,2864.8000,3,3,2,3,2,2,4,1,1,4
SF,IH2006,2020-06-17 13:05:01.700,2863.8000,17575,0,10026226560.000,0,-,-,-,-,2863.6000,2863.2000,2863.0000,2862.8000,2862.6000,2864.0000,2864.2000,2864.6000,2864.8000,2865.2000,3,3,2,3,2,2,4,1,4,2
SF,IH2006,2020-06-17 13:05:02.200,2863.8000,17575,0,10026226560.000,0,-,-,-,-,2863.8000,2863.6000,2863.2000,2863.0000,2862.8000,2864.0000,2864.2000,2864.6000,2864.8000,2865.2000,1,4,1,2,3,2,4,1,4,2
SF,IH2006,2020-06-17 13:05:02.700,2863.8000,17575,0,10027944780.000,2,1,1,空换,B,2863.6000,2863.2000,2863.0000,2862.8000,2862.6000,2863.8000,2864.0000,2864.2000,2864.6000,2864.8000,1,1,2,3,2,1,2,4,1,4
SF,IH2006,2020-06-17 13:05:03.200,2864.0000,17576,1,10029663120.000,2,1,1,多开,B,2863.8000,2863.2000,2863.0000,2862.8000,2862.6000,2864.0000,2864.2000,2864.6000,2864.8000,2865.2000,1,1,2,3,2,1,4,1,4,2
SF,IH2006,2020-06-17 13:05:04.200,2864.0000,17577,1,10030522320.000,1,1,0,双开,B,2863.8000,2863.2000,2863.0000,2862.8000,2862.6000,2864.2000,2864.6000,2864.8000,2865.2000,2865.4000,1,1,2,3,2,4,1,4,2,2
SF,IH2006,2020-06-17 13:05:04.700,2864.0000,17577,0,10030522320.000,0,-,-,-,-,2863.8000,2863.2000,2863.0000,2862.8000,2862.6000,2864.2000,2864.6000,2864.8000,2865.2000,2865.4000,2,1,2,3,2,4,1,4,2,2
SF,IH2006,2020-06-17 13:05:05.200,2864.0000,17577,0,10030522320.000,0,-,-,-,-,2863.8000,2863.2000,2863.0000,2862.8000,2862.6000,2864.2000,2864.6000,2864.8000,2865.2000,2865.4000,3,1,2,3,2,4,1,5,2,2
SF,IH2006,2020-06-17 13:05:06.200,2864.0000,17577,0,10030522320.000,0,-,-,-,-,2863.8000,2863.2000,2863.0000,2862.8000,2862.6000,2864.2000,2864.6000,2864.8000,2865.2000,2865.4000,3,1,2,3,2,1,1,5,2,2
SF,IH2006,2020-06-17 13:05:06.700,2864.0000,17577,0,10031381520.000,1,0,1,空换,B,2863.8000,2863.2000,2863.0000,2862.8000,2862.6000,2864.2000,2864.6000,2864.8000,2865.2000,2865.4000,3,1,2,3,2,1,1,5,2,2
SF,IH2006,2020-06-17 13:05:07.700,2863.8000,17579,2,10033099800.000,2,2,0,双开,B,2863.8000,2863.2000,2863.0000,2862.8000,2862.6000,2864.2000,2864.6000,2864.8000,2865.2000,2865.4000,1,1,2,3,2,1,1,5,2,2
SF,IH2006,2020-06-17 13:05:08.200,2863.8000,17579,0,10033099800.000,0,-,-,-,-,2863.4000,2863.2000,2863.0000,2862.8000,2862.6000,2864.2000,2864.6000,2864.8000,2865.2000,2865.4000,1,1,2,3,2,2,1,5,2,2
SF,IH2006,2020-06-17 13:05:08.700,2864.0000,17580,1,10033959000.000,1,1,0,双开,B,2863.4000,2863.2000,2863.0000,2862.8000,2862.6000,2864.2000,2864.6000,2864.8000,2865.2000,2865.4000,4,1,2,2,2,2,1,5,2,2
SF,IH2006,2020-06-17 13:05:09.200,2864.0000,17580,0,10033959000.000,0,-,-,-,-,2863.6000,2863.4000,2863.2000,2863.0000,2862.8000,2864.0000,2864.2000,2864.6000,2864.8000,2865.2000,3,7,1,1,1,1,2,1,5,2
SF,IH2006,2020-06-17 13:05:09.700,2864.0000,17581,1,10035677400.000,2,1,1,多开,B,2863.6000,2863.4000,2863.2000,2863.0000,2862.8000,2864.2000,2864.6000,2864.8000,2865.2000,2865.4000,4,5,1,1,1,2,1,5,2,2
SF,IH2006,2020-06-17 13:05:10.200,2864.0000,17581,0,10035677400.000,0,-,-,-,-,2863.8000,2863.6000,2863.4000,2863.2000,2863.0000,2864.2000,2864.6000,2864.8000,2865.2000,2865.4000,1,4,5,1,1,2,1,5,2,2
SF,IH2006,2020-06-17 13:05:10.700,2864.0000,17581,0,10035677400.000,0,-,-,-,-,2863.8000,2863.6000,2863.4000,2863.2000,2863.0000,2864.0000,2864.2000,2864.6000,2864.8000,2865.2000,1,4,5,1,1,1,2,1,5,2
SF,IH2006,2020-06-17 13:05:11.200,2863.8000,17582,1,10036536540.000,1,1,0,双开,B,2863.6000,2863.4000,2863.2000,2863.0000,2862.8000,2864.0000,2864.2000,2864.6000,2864.8000,2865.2000,4,5,1,1,1,1,2,1,5,2
SF,IH2006,2020-06-17 13:05:11.700,2863.8000,17582,0,10036536540.000,0,-,-,-,-,2863.6000,2863.4000,2863.2000,2863.0000,2862.8000,2864.0000,2864.2000,2864.6000,2864.8000,2865.2000,3,5,1,1,1,1,2,1,6,2
SF,IH2006,2020-06-17 13:05:12.200,2864.0000,17582,0,10037395740.000,1,0,1,空换,B,2864.0000,2863.6000,2863.4000,2863.2000,2863.0000,2864.2000,2864.6000,2864.8000,2865.2000,2865.4000,1,3,5,1,1,2,1,6,2,2
SF,IH2006,2020-06-17 13:05:12.700,2864.2000,17583,1,10039114200.000,2,1,1,多开,B,2863.6000,2863.4000,2863.2000,2863.0000,2862.8000,2864.6000,2864.8000,2865.2000,2865.4000,2865.8000,3,5,1,1,1,1,6,2,2,3
SF,IH2006,2020-06-17 13:05:13.200,2864.2000,17583,0,10039114200.000,0,-,-,-,-,2863.8000,2863.6000,2863.4000,2863.2000,2863.0000,2864.6000,2864.8000,2865.2000,2865.4000,2865.6000,6,3,3,1,1,2,6,2,2,1
SF,IH2006,2020-06-17 13:05:13.700,2864.2000,17583,0,10039114200.000,0,-,-,-,-,2864.0000,2863.8000,2863.6000,2863.4000,2863.2000,2864.6000,2864.8000,2865.2000,2865.4000,2865.6000,3,6,1,3,1,3,6,2,2,1
SF,IH2006,2020-06-17 13:05:14.200,2864.2000,17583,0,10039114200.000,0,-,-,-,-,2864.2000,2864.0000,2863.8000,2863.6000,2863.4000,2864.6000,2864.8000,2865.2000,2865.4000,2865.6000,1,3,6,1,3,3,6,2,2,1
SF,IH2006,2020-06-17 13:05:14.700,2864.0000,17583,0,10041691860.000,3,1,2,空换,B,2864.0000,2863.8000,2863.6000,2863.4000,2863.2000,2864.2000,2864.6000,2864.8000,2865.2000,2865.4000,2,5,1,3,1,3,3,6,2,2
SF,IH2006,2020-06-17 13:05:15.200,2864.0000,17583,0,10041691860.000,0,-,-,-,-,2863.8000,2863.6000,2863.4000,2863.2000,2863.0000,2864.0000,2864.2000,2864.6000,2864.8000,2865.2000,5,1,3,2,1,1,3,3,6,2
SF,IH2006,2020-06-17 13:05:15.700,2864.0000,17583,0,10041691860.000,0,-,-,-,-,2863.8000,2863.6000,2863.4000,2863.2000,2863.0000,2864.0000,2864.2000,2864.6000,2864.8000,2865.2000,4,1,3,2,1,1,3,3,6,2
SF,IH2006,2020-06-17 13:05:16.200,2864.0000,17583,0,10041691860.000,0,-,-,-,-,2863.8000,2863.6000,2863.4000,2863.2000,2863.0000,2864.2000,2864.6000,2864.8000,2865.2000,2865.4000,2,1,3,2,1,3,3,6,2,2
SF,IH2006,2020-06-17 13:05:16.700,2863.8000,17583,0,10042551000.000,1,0,1,空换,B,2863.8000,2863.6000,2863.4000,2863.2000,2863.0000,2864.0000,2864.2000,2864.6000,2864.8000,2865.2000,1,1,3,2,1,1,3,3,6,2
SF,IH2006,2020-06-17 13:05:19.200,2864.0000,17584,1,10043410200.000,1,1,0,双开,B,2863.8000,2863.6000,2863.4000,2863.2000,2863.0000,2864.2000,2864.6000,2864.8000,2865.2000,2865.4000,1,1,3,2,1,3,3,6,2,2
SF,IH2006,2020-06-17 13:05:19.700,2864.0000,17584,0,10043410200.000,0,-,-,-,-,2863.8000,2863.6000,2863.4000,2863.2000,2863.0000,2864.2000,2864.6000,2864.8000,2865.2000,2865.4000,2,1,3,2,1,3,3,6,2,2
SF,IH2006,2020-06-17 13:05:20.200,2864.0000,17584,0,10043410200.000,0,-,-,-,-,2863.8000,2863.6000,2863.4000,2863.2000,2863.0000,2864.0000,2864.2000,2864.6000,2864.8000,2865.2000,3,1,2,2,1,2,3,3,6,2
SF,IH2006,2020-06-17 13:05:20.700,2864.0000,17584,0,10043410200.000,0,-,-,-,-,2863.8000,2863.6000,2863.4000,2863.2000,2863.0000,2864.0000,2864.2000,2864.6000,2864.8000,2865.2000,2,1,2,2,1,2,3,3,6,2
SF,IH2006,2020-06-17 13:05:21.200,2864.0000,17584,0,10043410200.000,0,-,-,-,-,2863.8000,2863.6000,2863.4000,2863.2000,2863.0000,2864.0000,2864.2000,2864.6000,2864.8000,2865.2000,1,1,2,2,1,2,3,3,6,2
SF,IH2006,2020-06-17 13:05:23.700,2863.8000,17585,1,10044269340.000,1,1,0,双开,B,2863.6000,2863.4000,2863.2000,2863.0000,2862.8000,2864.0000,2864.2000,2864.6000,2864.8000,2865.2000,1,2,2,1,1,2,3,3,6,2
SF,IH2006,2020-06-17 13:05:24.200,2863.8000,17585,0,10044269340.000,0,-,-,-,-,2863.6000,2863.4000,2863.2000,2863.0000,2862.8000,2863.8000,2864.0000,2864.2000,2864.6000,2864.8000,2,2,2,1,1,1,2,3,3,6
SF,IH2006,2020-06-17 13:05:24.700,2863.8000,17583,-2,10050283320.000,7,2,5,空平,B,2863.6000,2863.4000,2863.2000,2863.0000,2862.8000,2863.8000,2864.0000,2864.2000,2864.6000,2864.8000,2,2,2,1,1,4,1,3,3,7
SF,IH2006,2020-06-17 13:05:25.200,2863.8000,17582,-1,10053719880.000,4,1,3,空平,B,2863.8000,2863.6000,2863.4000,2863.2000,2863.0000,2864.0000,2864.2000,2864.6000,2864.8000,2865.2000,4,2,2,2,1,1,3,3,7,2
SF,IH2006,2020-06-17 13:05:26.200,2864.0000,17582,0,10054579080.000,1,0,1,空换,B,2863.8000,2863.6000,2863.2000,2863.0000,2862.8000,2864.2000,2864.6000,2864.8000,2865.2000,2865.4000,4,2,2,1,1,3,3,7,2,2
SF,IH2006,2020-06-17 13:05:26.700,2864.0000,17582,0,10055438280.000,1,0,1,空换,B,2864.0000,2863.8000,2863.6000,2863.2000,2863.0000,2864.2000,2864.6000,2864.8000,2865.2000,2865.4000,3,4,2,2,1,3,3,7,2,2
SF,IH2006,2020-06-17 13:05:27.200,2864.2000,17581,-1,10056297540.000,1,0,1,双平,B,2864.0000,2863.8000,2863.6000,2863.2000,2863.0000,2864.2000,2864.6000,2864.8000,2865.2000,2865.4000,5,5,1,2,1,2,3,7,2,2
SF,IH2006,2020-06-17 13:05:28.200,2864.2000,17581,0,10056297540.000,0,-,-,-,-,2864.0000,2863.8000,2863.6000,2863.2000,2863.0000,2864.2000,2864.6000,2864.8000,2865.2000,2865.4000,5,5,1,2,1,2,3,6,2,2
SF,IH2006,2020-06-17 13:05:28.700,2864.2000,17581,0,10057156800.000,1,0,1,空换,B,2864.0000,2863.8000,2863.6000,2863.2000,2863.0000,2864.2000,2864.6000,2864.8000,2865.2000,2865.4000,5,5,1,2,1,1,3,5,2,2
SF,IH2006,2020-06-17 13:05:29.200,2864.2000,17581,0,10057156800.000,0,-,-,-,-,2864.0000,2863.8000,2863.6000,2863.2000,2863.0000,2864.4000,2864.6000,2864.8000,2865.2000,2865.4000,5,5,1,2,1,1,3,5,2,2
SF,IH2006,2020-06-17 13:05:29.700,2864.2000,17581,0,10057156800.000,0,-,-,-,-,2864.0000,2863.8000,2863.6000,2863.2000,2863.0000,2864.4000,2864.6000,2864.8000,2865.2000,2865.4000,6,4,1,2,1,1,2,5,2,2
SF,IH2006,2020-06-17 13:05:30.200,2864.4000,17580,-1,10058016120.000,1,0,1,双平,B,2864.4000,2864.0000,2863.6000,2863.2000,2863.0000,2864.6000,2864.8000,2865.2000,2865.4000,2865.6000,3,6,2,2,1,2,5,2,2,1
SF,IH2006,2020-06-17 13:05:30.700,2864.4000,17580,0,10058016120.000,0,-,-,-,-,2864.4000,2864.0000,2863.6000,2863.2000,2863.0000,2864.6000,2864.8000,2865.2000,2865.4000,2865.6000,3,6,2,2,1,1,5,2,2,1
SF,IH2006,2020-06-17 13:05:31.200,2864.4000,17580,0,10058016120.000,0,-,-,-,-,2864.4000,2864.0000,2863.6000,2863.2000,2863.0000,2864.6000,2864.8000,2865.2000,2865.4000,2865.8000,3,6,2,2,1,1,5,2,2,3
SF,IH2006,2020-06-17 13:05:32.700,2864.4000,17580,0,10058875440.000,1,0,1,空换,B,2864.4000,2864.0000,2863.6000,2863.2000,2863.0000,2864.6000,2864.8000,2865.2000,2865.4000,2865.8000,2,6,2,2,1,1,5,2,2,3
SF,IH2006,2020-06-17 13:05:33.700,2864.4000,17580,0,10059734760.000,1,0,1,空换,B,2864.4000,2864.0000,2863.6000,2863.2000,2863.0000,2864.6000,2864.8000,2865.2000,2865.4000,2865.8000,2,6,2,2,1,1,5,2,2,3
SF,IH2006,2020-06-17 13:05:34.200,2864.4000,17580,0,10059734760.000,0,-,-,-,-,2864.4000,2864.0000,2863.6000,2863.2000,2863.0000,2864.8000,2865.2000,2865.4000,2865.8000,2866.0000,2,6,2,2,1,5,2,2,3,3
SF,IH2006,2020-06-17 13:05:34.700,2864.4000,17580,0,10059734760.000,0,-,-,-,-,2864.4000,2864.0000,2863.6000,2863.2000,2863.0000,2864.6000,2864.8000,2865.2000,2865.4000,2865.8000,2,6,2,2,1,1,7,2,2,3
SF,IH2006,2020-06-17 13:05:35.200,2864.4000,17579,-1,10061453400.000,2,0,2,空平,B,2864.0000,2863.6000,2863.2000,2863.0000,2862.8000,2864.4000,2864.6000,2864.8000,2865.2000,2865.4000,6,2,2,1,1,4,2,7,2,2
SF,IH2006,2020-06-17 13:05:35.700,2864.4000,17579,0,10061453400.000,0,-,-,-,-,2864.0000,2863.6000,2863.2000,2863.0000,2862.8000,2864.2000,2864.4000,2864.6000,2864.8000,2865.2000,5,2,2,2,1,1,2,1,7,2
SF,IH2006,2020-06-17 13:05:36.200,2864.2000,17579,0,10062312660.000,1,0,1,空换,B,2864.2000,2864.0000,2863.6000,2863.2000,2863.0000,2864.4000,2864.6000,2864.8000,2865.2000,2865.4000,1,5,2,2,2,2,1,7,2,2
SF,IH2006,2020-06-17 13:05:36.700,2864.2000,17579,0,10062312660.000,0,-,-,-,-,2864.2000,2864.0000,2863.6000,2863.2000,2863.0000,2864.4000,2864.6000,2864.8000,2865.2000,2865.4000,1,4,2,3,1,2,1,7,2,2
SF,IH2006,2020-06-17 13:05:37.700,2864.2000,17579,0,10062312660.000,0,-,-,-,-,2864.2000,2864.0000,2863.6000,2863.2000,2863.0000,2864.4000,2864.6000,2864.8000,2865.2000,2865.4000,1,4,2,3,1,2,1,7,3,2
SF,IH2006,2020-06-17 13:05:38.200,2864.2000,17579,0,10062312660.000,0,-,-,-,-,2864.2000,2864.0000,2863.6000,2863.2000,2863.0000,2864.6000,2864.8000,2865.2000,2865.4000,2865.8000,1,4,2,3,1,1,7,3,2,3
SF,IH2006,2020-06-17 13:05:39.700,2864.2000,17579,0,10062312660.000,0,-,-,-,-,2864.2000,2864.0000,2863.6000,2863.2000,2863.0000,2864.4000,2864.6000,2864.8000,2865.2000,2865.4000,1,4,2,3,1,1,1,7,3,2
SF,IH2006,2020-06-17 13:05:40.200,2864.2000,17579,0,10062312660.000,0,-,-,-,-,2864.2000,2864.0000,2863.6000,2863.2000,2863.0000,2864.4000,2864.6000,2864.8000,2865.2000,2865.4000,1,4,2,3,1,1,2,7,3,2
SF,IH2006,2020-06-17 13:05:41.200,2864.2000,17579,0,10062312660.000,0,-,-,-,-,2864.2000,2864.0000,2863.6000,2863.2000,2863.0000,2864.4000,2864.6000,2864.8000,2865.2000,2865.4000,1,4,2,3,1,2,2,7,3,2
SF,IH2006,2020-06-17 13:05:43.200,2864.4000,17580,1,10063171980.000,1,1,0,双开,B,2864.2000,2864.0000,2863.6000,2863.2000,2863.0000,2864.4000,2864.6000,2864.8000,2865.2000,2865.4000,1,4,2,3,1,1,2,7,3,2
SF,IH2006,2020-06-17 13:05:44.200,2864.4000,17580,0,10063171980.000,0,-,-,-,-,2864.2000,2864.0000,2863.6000,2863.2000,2862.8000,2864.4000,2864.6000,2864.8000,2865.2000,2865.4000,1,4,2,3,1,1,2,7,3,2
SF,IH2006,2020-06-17 13:05:45.200,2864.4000,17580,0,10063171980.000,0,-,-,-,-,2864.2000,2864.0000,2863.6000,2863.2000,2862.8000,2864.4000,2864.6000,2864.8000,2865.2000,2865.4000,1,4,2,3,1,1,1,7,3,2
SF,IH2006,2020-06-17 13:05:51.200,2864.4000,17579,-1,10064031300.000,1,0,1,双平,B,2864.2000,2864.0000,2863.6000,2863.2000,2862.8000,2864.6000,2864.8000,2865.2000,2865.4000,2865.8000,2,4,2,3,1,1,7,3,2,3
SF,IH2006,2020-06-17 13:05:51.700,2864.2000,17579,0,10065749820.000,2,1,1,空换,B,2864.2000,2864.0000,2863.6000,2863.2000,2862.8000,2864.4000,2864.6000,2864.8000,2865.2000,2865.4000,1,4,2,2,1,1,1,7,3,2
SF,IH2006,2020-06-17 13:05:52.200,2864.4000,17578,-1,10066609140.000,1,0,1,双平,B,2864.4000,2864.0000,2863.6000,2863.2000,2862.8000,2864.6000,2864.8000,2865.2000,2865.4000,2865.8000,1,4,2,2,1,1,7,3,2,3
SF,IH2006,2020-06-17 13:05:52.700,2864.4000,17578,0,10066609140.000,0,-,-,-,-,2864.4000,2864.0000,2863.6000,2863.4000,2863.2000,2864.6000,2864.8000,2865.2000,2865.4000,2865.8000,1,4,2,1,1,1,7,3,2,3
SF,IH2006,2020-06-17 13:05:53.700,2864.4000,17578,0,10066609140.000,0,-,-,-,-,2864.4000,2864.0000,2863.6000,2863.4000,2863.2000,2864.6000,2864.8000,2865.2000,2865.4000,2865.8000,3,4,2,1,1,1,7,3,2,3
SF,IH2006,2020-06-17 13:05:54.200,2864.4000,17577,-1,10069187220.000,3,1,2,空平,B,2864.4000,2864.0000,2863.6000,2863.4000,2863.2000,2864.8000,2865.2000,2865.4000,2865.8000,2866.0000,2,4,2,1,1,7,3,2,3,3
SF,IH2006,2020-06-17 13:05:54.700,2864.4000,17577,0,10069187220.000,0,-,-,-,-,2864.4000,2864.0000,2863.6000,2863.4000,2863.2000,2864.6000,2864.8000,2865.2000,2865.4000,2865.8000,3,4,2,1,1,1,7,3,2,3
SF,IH2006,2020-06-17 13:05:56.200,2864.4000,17577,0,10070046540.000,1,0,1,空换,B,2864.4000,2864.0000,2863.6000,2863.4000,2863.2000,2864.6000,2864.8000,2865.2000,2865.4000,2865.8000,2,4,2,1,1,1,7,3,2,3
SF,IH2006,2020-06-17 13:06:00.200,2864.4000,17577,0,10070046540.000,0,-,-,-,-,2864.4000,2864.0000,2863.6000,2863.4000,2863.2000,2864.6000,2864.8000,2865.2000,2865.4000,2865.8000,2,4,2,1,1,1,7,2,2,3
SF,IH2006,2020-06-17 13:06:02.200,2864.4000,17577,0,10070046540.000,0,-,-,-,-,2864.4000,2864.0000,2863.6000,2863.4000,2863.2000,2864.6000,2864.8000,2865.2000,2865.4000,2865.8000,2,4,2,1,1,1,6,2,2,3
SF,IH2006,2020-06-17 13:06:02.700,2864.4000,17577,0,10070046540.000,0,-,-,-,-,2864.4000,2864.0000,2863.6000,2863.4000,2863.2000,2864.6000,2864.8000,2865.2000,2865.4000,2865.8000,3,4,2,1,1,1,6,2,2,3
SF,IH2006,2020-06-17 13:06:05.700,2864.4000,17577,0,10070046540.000,0,-,-,-,-,2864.4000,2864.0000,2863.6000,2863.4000,2863.2000,2864.6000,2864.8000,2865.2000,2865.4000,2865.8000,3,4,2,1,1,2,6,2,2,3
SF,IH2006,2020-06-17 13:06:06.200,2864.4000,17577,0,10070046540.000,0,-,-,-,-,2864.4000,2864.0000,2863.6000,2863.4000,2863.2000,2864.6000,2864.8000,2865.2000,2865.4000,2865.8000,4,4,2,1,1,2,6,2,2,3
SF,IH2006,2020-06-17 13:06:06.700,2864.4000,17577,0,10070046540.000,0,-,-,-,-,2864.4000,2864.0000,2863.6000,2863.4000,2863.2000,2864.6000,2864.8000,2865.2000,2865.4000,2865.8000,3,4,2,1,1,2,6,2,2,3
SF,IH2006,2020-06-17 13:06:07.200,2864.4000,17577,0,10070046540.000,0,-,-,-,-,2864.4000,2864.0000,2863.6000,2863.4000,2863.2000,2864.6000,2864.8000,2865.2000,2865.4000,2865.8000,3,4,2,1,1,1,6,2,2,3
SF,IH2006,2020-06-17 13:06:07.700,2864.4000,17577,0,10070046540.000,0,-,-,-,-,2864.4000,2864.0000,2863.6000,2863.4000,2863.2000,2864.6000,2864.8000,2865.2000,2865.4000,2865.8000,3,4,2,1,1,2,6,2,2,3
SF,IH2006,2020-06-17 13:06:08.200,2864.4000,17577,0,10070905860.000,1,0,1,空换,B,2864.4000,2864.0000,2863.6000,2863.4000,2863.2000,2864.6000,2864.8000,2865.2000,2865.4000,2865.8000,2,4,2,1,1,3,6,2,2,3
SF,IH2006,2020-06-17 13:06:09.200,2864.4000,17578,1,10072624500.000,2,1,1,多开,B,2864.0000,2863.6000,2863.4000,2863.2000,2862.8000,2864.4000,2864.6000,2864.8000,2865.2000,2865.4000,4,2,1,1,1,2,3,6,2,2
SF,IH2006,2020-06-17 13:06:09.700,2864.4000,17578,0,10072624500.000,0,-,-,-,-,2864.0000,2863.6000,2863.4000,2863.2000,2863.0000,2864.4000,2864.6000,2864.8000,2865.2000,2865.4000,5,2,1,1,1,2,3,6,2,2
SF,IH2006,2020-06-17 13:06:10.200,2864.4000,17578,0,10072624500.000,0,-,-,-,-,2864.0000,2863.6000,2863.4000,2863.2000,2863.0000,2864.4000,2864.6000,2864.8000,2865.2000,2865.4000,4,2,1,1,1,2,1,6,2,2
SF,IH2006,2020-06-17 13:06:11.200,2864.4000,17578,0,10072624500.000,0,-,-,-,-,2864.2000,2864.0000,2863.6000,2863.4000,2863.2000,2864.4000,2864.6000,2864.8000,2865.2000,2865.4000,1,4,2,1,1,2,1,6,2,2
SF,IH2006,2020-06-17 13:06:12.700,2864.4000,17578,0,10072624500.000,0,-,-,-,-,2864.2000,2864.0000,2863.6000,2863.4000,2863.2000,2864.4000,2864.6000,2864.8000,2865.2000,2865.4000,1,4,2,1,1,1,1,6,2,2
SF,IH2006,2020-06-17 13:06:13.200,2864.4000,17578,0,10072624500.000,0,-,-,-,-,2864.2000,2864.0000,2863.6000,2863.4000,2863.2000,2864.4000,2864.6000,2864.8000,2865.2000,2865.4000,1,5,2,1,1,1,1,6,2,2
SF,IH2006,2020-06-17 13:06:13.700,2864.4000,17578,0,10072624500.000,0,-,-,-,-,2864.2000,2864.0000,2863.6000,2863.4000,2863.2000,2864.4000,2864.6000,2864.8000,2865.2000,2865.4000,1,5,2,1,2,1,1,6,2,2
SF,IH2006,2020-06-17 13:06:14.700,2864.4000,17578,0,10072624500.000,0,-,-,-,-,2864.2000,2864.0000,2863.6000,2863.4000,2863.2000,2864.4000,2864.6000,2864.8000,2865.2000,2865.4000,11,5,2,1,2,1,1,6,2,2
SF,IH2006,2020-06-17 13:06:15.200,2864.6000,17578,0,10074343200.000,2,1,1,空换,B,2864.4000,2864.2000,2864.0000,2863.6000,2863.4000,2864.8000,2865.2000,2865.4000,2865.8000,2866.0000,1,11,5,2,1,6,2,2,3,3
SF,IH2006,2020-06-17 13:06:15.700,2864.6000,17578,0,10074343200.000,0,-,-,-,-,2864.2000,2864.0000,2863.6000,2863.4000,2863.2000,2864.6000,2864.8000,2865.2000,2865.4000,2865.8000,11,5,2,1,2,3,4,2,2,4
SF,IH2006,2020-06-17 13:06:16.200,2864.6000,17578,0,10074343200.000,0,-,-,-,-,2864.2000,2864.0000,2863.6000,2863.4000,2863.2000,2864.6000,2864.8000,2865.2000,2865.4000,2865.8000,12,5,2,1,2,3,4,2,2,4
SF,IH2006,2020-06-17 13:06:16.700,2864.6000,17578,0,10074343200.000,0,-,-,-,-,2864.2000,2864.0000,2863.6000,2863.4000,2863.2000,2864.4000,2864.6000,2864.8000,2865.2000,2865.4000,2,5,2,1,2,1,2,4,2,2
SF,IH2006,2020-06-17 13:06:17.200,2864.6000,17578,0,10074343200.000,0,-,-,-,-,2864.2000,2864.0000,2863.6000,2863.4000,2863.2000,2864.4000,2864.6000,2864.8000,2865.2000,2865.4000,2,5,2,1,2,1,2,4,2,2
SF,IH2006,2020-06-17 13:06:19.200,2864.4000,17577,-1,10075202520.000,1,0,1,双平,B,2864.2000,2864.0000,2863.6000,2863.4000,2863.2000,2864.4000,2864.6000,2864.8000,2865.2000,2865.4000,3,5,2,1,2,1,2,4,2,2
SF,IH2006,2020-06-17 13:06:19.700,2864.4000,17577,0,10075202520.000,0,-,-,-,-,2864.2000,2864.0000,2863.6000,2863.4000,2863.2000,2864.4000,2864.6000,2864.8000,2865.2000,2865.4000,2,5,2,1,2,1,2,4,2,2
SF,IH2006,2020-06-17 13:06:20.200,2864.4000,17577,0,10075202520.000,0,-,-,-,-,2864.2000,2864.0000,2863.6000,2863.4000,2863.2000,2864.4000,2864.6000,2864.8000,2865.2000,2865.4000,1,5,2,1,2,1,2,4,2,2
SF,IH2006,2020-06-17 13:06:20.700,2864.4000,17577,0,10075202520.000,0,-,-,-,-,2864.2000,2864.0000,2863.6000,2863.4000,2863.2000,2864.4000,2864.6000,2864.8000,2865.2000,2865.4000,11,5,2,1,2,1,2,4,2,2
SF,IH2006,2020-06-17 13:06:25.200,2864.4000,17576,-1,10076061840.000,1,0,1,双平,B,2864.4000,2864.2000,2864.0000,2863.6000,2863.4000,2864.6000,2864.8000,2865.2000,2865.4000,2865.8000,2,11,5,2,1,2,4,2,2,3
SF,IH2006,2020-06-17 13:06:29.200,2864.4000,17574,-2,10077780480.000,2,0,2,双平,B,2864.4000,2864.2000,2864.0000,2863.6000,2863.4000,2864.6000,2864.8000,2865.2000,2865.4000,2865.8000,1,11,5,2,1,2,4,2,2,3
SF,IH2006,2020-06-17 13:06:29.700,2864.4000,17574,0,10078639800.000,1,0,1,空换,B,2864.2000,2864.0000,2863.6000,2863.4000,2863.2000,2864.6000,2864.8000,2865.2000,2865.4000,2865.8000,11,5,2,1,2,2,4,2,2,3
SF,IH2006,2020-06-17 13:06:30.200,2864.4000,17575,1,10079499120.000,1,1,0,双开,B,2864.4000,2864.2000,2864.0000,2863.6000,2863.4000,2864.6000,2864.8000,2865.2000,2865.4000,2865.8000,1,13,5,2,1,1,4,2,2,3
SF,IH2006,2020-06-17 13:06:31.200,2864.2000,17578,3,10082077020.000,3,3,0,双开,B,2864.2000,2864.0000,2863.6000,2863.4000,2863.2000,2864.6000,2864.8000,2865.2000,2865.4000,2865.8000,12,5,2,1,2,1,4,2,2,3
SF,IH2006,2020-06-17 13:06:31.700,2864.2000,17578,0,10085514060.000,4,2,2,空换,B,2864.2000,2864.0000,2863.6000,2863.4000,2863.2000,2864.4000,2864.6000,2864.8000,2865.2000,2865.4000,8,5,2,1,2,1,2,4,2,2
SF,IH2006,2020-06-17 13:06:32.200,2864.2000,17576,-2,10090669620.000,6,2,4,空平,B,2864.0000,2863.6000,2863.4000,2863.2000,2863.0000,2864.2000,2864.4000,2864.6000,2864.8000,2865.2000,5,2,1,2,1,5,1,2,4,2
SF,IH2006,2020-06-17 13:06:32.700,2864.0000,17576,0,10092388020.000,2,1,1,空换,B,2864.0000,2863.6000,2863.4000,2863.2000,2863.0000,2864.2000,2864.6000,2864.8000,2865.2000,2865.4000,6,2,1,2,1,5,2,4,2,2
SF,IH2006,2020-06-17 13:06:33.200,2864.0000,17575,-1,10094965620.000,3,1,2,空平,B,2863.6000,2863.4000,2863.2000,2863.0000,2862.8000,2863.8000,2864.2000,2864.6000,2864.8000,2865.2000,2,1,2,1,1,5,4,2,4,2
SF,IH2006,2020-06-17 13:06:33.700,2863.6000,17574,-1,10095824700.000,1,0,1,双平,B,2863.6000,2863.4000,2863.2000,2863.0000,2862.8000,2864.0000,2864.2000,2864.6000,2864.8000,2865.2000,1,1,2,1,1,1,4,2,4,2
SF,IH2006,2020-06-17 13:06:34.200,2863.6000,17574,0,10095824700.000,0,-,-,-,-,2863.6000,2863.4000,2863.2000,2862.8000,2862.6000,2863.8000,2864.0000,2864.2000,2864.6000,2864.8000,1,1,2,1,1,1,1,4,2,4
SF,IH2006,2020-06-17 13:06:35.200,2863.6000,17574,0,10095824700.000,0,-,-,-,-,2863.6000,2863.4000,2863.2000,2862.8000,2862.6000,2863.8000,2864.0000,2864.2000,2864.6000,2864.8000,1,1,2,1,1,1,2,4,2,4
SF,IH2006,2020-06-17 13:06:35.700,2863.8000,17574,0,10097542920.000,2,1,1,空换,B,2863.4000,2863.2000,2862.8000,2862.6000,2862.2000,2864.0000,2864.2000,2864.6000,2864.8000,2865.2000,1,2,1,1,1,2,4,2,4,2
SF,IH2006,2020-06-17 13:06:36.200,2863.4000,17580,6,10102697040.000,6,6,0,双开,B,2863.4000,2863.2000,2863.0000,2862.8000,2862.6000,2863.8000,2864.0000,2864.2000,2864.6000,2864.8000,1,2,1,1,1,7,4,4,2,4
SF,IH2006,2020-06-17 13:06:36.700,2863.4000,17580,0,10102697040.000,0,-,-,-,-,2863.4000,2863.2000,2863.0000,2862.8000,2862.6000,2863.6000,2863.8000,2864.0000,2864.2000,2864.6000,2,2,1,1,1,2,9,3,4,2
SF,IH2006,2020-06-17 13:06:37.200,2863.4000,17580,0,10102697040.000,0,-,-,-,-,2863.4000,2863.2000,2863.0000,2862.8000,2862.6000,2863.6000,2863.8000,2864.0000,2864.2000,2864.6000,2,3,1,1,1,1,8,3,4,2
SF,IH2006,2020-06-17 13:06:38.200,2863.4000,17580,0,10102697040.000,0,-,-,-,-,2863.4000,2863.2000,2863.0000,2862.8000,2862.6000,2863.6000,2863.8000,2864.0000,2864.2000,2864.6000,2,3,1,1,1,1,7,3,4,2
SF,IH2006,2020-06-17 13:06:38.700,2863.4000,17580,0,10102697040.000,0,-,-,-,-,2863.4000,2863.2000,2863.0000,2862.8000,2862.6000,2863.6000,2863.8000,2864.0000,2864.2000,2864.6000,2,3,1,1,1,1,7,3,4,2
SF,IH2006,2020-06-17 13:06:39.700,2863.4000,17580,0,10102697040.000,0,-,-,-,-,2863.4000,2863.2000,2863.0000,2862.8000,2862.6000,2863.8000,2864.0000,2864.2000,2864.6000,2864.8000,2,3,1,1,1,7,3,4,2,4
SF,IH2006,2020-06-17 13:06:40.200,2863.4000,17581,1,10103556060.000,1,1,0,双开,B,2863.4000,2863.2000,2863.0000,2862.8000,2862.6000,2863.6000,2863.8000,2864.0000,2864.2000,2864.6000,1,3,1,1,1,1,7,3,4,2
SF,IH2006,2020-06-17 13:06:40.700,2863.4000,17582,1,10104415080.000,1,1,0,双开,B,2863.2000,2863.0000,2862.8000,2862.6000,2862.2000,2863.6000,2863.8000,2864.0000,2864.2000,2864.6000,3,1,1,1,1,1,7,3,4,2
SF,IH2006,2020-06-17 13:06:41.200,2863.4000,17582,0,10104415080.000,0,-,-,-,-,2863.2000,2863.0000,2862.8000,2862.6000,2862.2000,2863.6000,2863.8000,2864.0000,2864.2000,2864.6000,3,1,1,1,1,1,5,3,4,2
SF,IH2006,2020-06-17 13:06:41.700,2863.4000,17582,0,10104415080.000,0,-,-,-,-,2863.4000,2863.2000,2863.0000,2862.8000,2862.6000,2863.6000,2863.8000,2864.0000,2864.2000,2864.6000,10,3,1,1,1,1,5,3,4,2
SF,IH2006,2020-06-17 13:06:42.200,2863.6000,17582,0,10105274160.000,1,0,1,空换,B,2863.6000,2863.4000,2863.2000,2863.0000,2862.8000,2863.8000,2864.0000,2864.2000,2864.6000,2864.8000,2,11,3,1,1,4,3,4,2,4
SF,IH2006,2020-06-17 13:06:42.700,2863.8000,17582,0,10106992320.000,2,1,1,空换,B,2863.4000,2863.2000,2863.0000,2862.8000,2862.6000,2863.8000,2864.0000,2864.2000,2864.6000,2864.8000,10,3,1,1,1,2,3,4,2,4
SF,IH2006,2020-06-17 13:06:43.200,2863.8000,17582,0,10106992320.000,0,-,-,-,-,2863.4000,2863.2000,2863.0000,2862.8000,2862.6000,2863.6000,2863.8000,2864.0000,2864.2000,2864.6000,10,3,1,1,1,1,2,3,4,2
SF,IH2006,2020-06-17 13:06:43.700,2863.8000,17582,0,10106992320.000,0,-,-,-,-,2863.4000,2863.2000,2863.0000,2862.8000,2862.6000,2863.6000,2863.8000,2864.0000,2864.2000,2864.6000,10,3,13,1,1,1,2,3,4,2
SF,IH2006,2020-06-17 13:06:44.200,2863.6000,17582,0,10108710480.000,2,1,1,空换,B,2863.4000,2863.2000,2863.0000,2862.8000,2862.6000,2863.8000,2864.0000,2864.2000,2864.6000,2864.8000,10,3,13,1,1,2,3,4,2,4
SF,IH2006,2020-06-17 13:06:44.700,2863.6000,17582,0,10108710480.000,0,-,-,-,-,2863.4000,2863.2000,2863.0000,2862.8000,2862.6000,2863.6000,2863.8000,2864.0000,2864.2000,2864.6000,10,3,13,1,1,1,2,3,4,2
SF,IH2006,2020-06-17 13:06:45.200,2863.4000,17582,0,10110428520.000,2,1,1,空换,B,2863.4000,2863.2000,2863.0000,2862.8000,2862.6000,2863.6000,2863.8000,2864.0000,2864.2000,2864.6000,8,3,13,1,1,1,2,3,4,2
SF,IH2006,2020-06-17 13:06:47.200,2863.4000,17582,0,10110428520.000,0,-,-,-,-,2863.4000,2863.2000,2863.0000,2862.8000,2862.6000,2863.6000,2863.8000,2864.0000,2864.2000,2864.6000,9,3,13,1,1,1,2,3,4,2
SF,IH2006,2020-06-17 13:06:49.700,2863.4000,17582,0,10110428520.000,0,-,-,-,-,2863.4000,2863.2000,2863.0000,2862.8000,2862.6000,2863.6000,2863.8000,2864.0000,2864.2000,2864.6000,9,3,14,1,1,1,2,3,4,2
SF,IH2006,2020-06-17 13:06:51.200,2863.4000,17582,0,10110428520.000,0,-,-,-,-,2863.4000,2863.2000,2863.0000,2862.8000,2862.6000,2863.6000,2863.8000,2864.0000,2864.2000,2864.6000,10,3,14,1,1,1,2,3,4,2
SF,IH2006,2020-06-17 13:06:51.700,2863.6000,17581,-1,10111287600.000,1,0,1,双平,B,2863.4000,2863.2000,2863.0000,2862.8000,2862.6000,2863.8000,2864.0000,2864.2000,2864.6000,2864.8000,10,3,14,1,1,2,3,4,2,4
SF,IH2006,2020-06-17 13:06:52.200,2863.6000,17581,0,10111287600.000,0,-,-,-,-,2863.4000,2863.2000,2863.0000,2862.8000,2862.6000,2863.6000,2863.8000,2864.0000,2864.2000,2864.6000,10,3,14,1,1,1,3,3,4,2
SF,IH2006,2020-06-17 13:06:54.200,2863.6000,17581,0,10111287600.000,0,-,-,-,-,2863.4000,2863.2000,2863.0000,2862.8000,2862.6000,2863.6000,2863.8000,2864.0000,2864.2000,2864.6000,9,3,14,1,1,1,3,3,4,2
SF,IH2006,2020-06-17 13:06:58.700,2863.6000,17582,1,10112146680.000,1,1,0,双开,B,2863.4000,2863.2000,2863.0000,2862.8000,2862.6000,2863.8000,2864.0000,2864.2000,2864.6000,2864.8000,9,3,14,1,1,3,3,4,2,4
SF,IH2006,2020-06-17 13:07:00.700,2863.6000,17582,0,10112146680.000,0,-,-,-,-,2863.4000,2863.2000,2863.0000,2862.8000,2862.6000,2863.6000,2863.8000,2864.0000,2864.2000,2864.6000,9,3,14,1,1,1,3,3,4,2
SF,IH2006,2020-06-17 13:07:01.200,2863.6000,17582,0,10113005760.000,1,0,1,空换,B,2863.4000,2863.2000,2863.0000,2862.8000,2862.6000,2863.8000,2864.0000,2864.2000,2864.6000,2864.8000,9,3,14,1,1,3,3,4,2,4
SF,IH2006,2020-06-17 13:07:01.700,2863.6000,17582,0,10113005760.000,0,-,-,-,-,2863.4000,2863.2000,2863.0000,2862.8000,2862.6000,2863.8000,2864.0000,2864.2000,2864.6000,2864.8000,9,3,14,1,1,1,3,4,2,4
SF,IH2006,2020-06-17 13:07:02.200,2863.6000,17582,0,10113005760.000,0,-,-,-,-,2863.8000,2863.6000,2863.4000,2863.2000,2863.0000,2864.0000,2864.2000,2864.6000,2864.8000,2865.2000,1,1,10,3,14,3,4,2,4,2
SF,IH2006,2020-06-17 13:07:02.700,2863.6000,17582,0,10113005760.000,0,-,-,-,-,2863.8000,2863.4000,2863.2000,2863.0000,2862.8000,2864.0000,2864.2000,2864.6000,2864.8000,2865.2000,1,9,3,14,1,2,4,2,4,2
SF,IH2006,2020-06-17 13:07:03.700,2863.6000,17582,0,10113005760.000,0,-,-,-,-,2863.8000,2863.4000,2863.2000,2863.0000,2862.8000,2864.0000,2864.2000,2864.6000,2864.8000,2865.2000,1,9,3,14,1,1,4,1,4,2
SF,IH2006,2020-06-17 13:07:04.700,2863.8000,17582,0,10113864900.000,1,0,1,空换,B,2863.4000,2863.2000,2863.0000,2862.8000,2862.6000,2863.8000,2864.0000,2864.2000,2864.6000,2864.8000,9,3,14,1,1,1,1,4,1,4
SF,IH2006,2020-06-17 13:07:05.200,2863.6000,17582,0,10116442320.000,3,1,2,空换,B,2863.6000,2863.4000,2863.2000,2863.0000,2862.8000,2864.2000,2864.6000,2864.8000,2865.2000,2865.4000,4,9,3,14,1,4,1,4,2,1
SF,IH2006,2020-06-17 13:07:05.700,2863.6000,17582,0,10116442320.000,0,-,-,-,-,2863.6000,2863.4000,2863.2000,2863.0000,2862.8000,2864.2000,2864.6000,2864.8000,2865.2000,2865.4000,3,9,3,14,1,4,1,4,2,1
SF,IH2006,2020-06-17 13:07:06.200,2864.0000,17583,1,10117301520.000,1,1,0,双开,B,2863.6000,2863.4000,2863.2000,2863.0000,2862.8000,2864.2000,2864.6000,2864.8000,2865.2000,2865.4000,3,9,3,14,1,6,1,4,2,1
SF,IH2006,2020-06-17 13:07:08.200,2864.0000,17583,0,10117301520.000,0,-,-,-,-,2863.6000,2863.4000,2863.2000,2863.0000,2862.8000,2864.2000,2864.6000,2864.8000,2865.2000,2865.4000,2,9,3,14,1,6,1,4,2,1
SF,IH2006,2020-06-17 13:07:08.700,2864.0000,17583,0,10117301520.000,0,-,-,-,-,2863.6000,2863.4000,2863.2000,2863.0000,2862.8000,2863.8000,2864.0000,2864.2000,2864.6000,2864.8000,2,9,3,14,1,1,1,6,1,4
SF,IH2006,2020-06-17 13:07:09.200,2864.0000,17583,0,10117301520.000,0,-,-,-,-,2863.6000,2863.4000,2863.2000,2863.0000,2862.8000,2863.8000,2864.0000,2864.2000,2864.6000,2864.8000,1,9,3,14,1,1,1,6,1,4
SF,IH2006,2020-06-17 13:07:09.700,2863.4000,17583,0,10118160540.000,1,0,1,空换,B,2863.4000,2863.2000,2863.0000,2862.8000,2862.6000,2863.6000,2864.0000,2864.2000,2864.6000,2864.8000,8,3,14,1,2,4,2,6,1,4
SF,IH2006,2020-06-17 13:07:10.200,2863.6000,17580,-3,10120737660.000,3,0,3,双平,B,2863.4000,2863.2000,2863.0000,2862.8000,2862.6000,2863.6000,2864.0000,2864.2000,2864.6000,2864.8000,5,3,14,1,2,3,2,6,1,4
SF,IH2006,2020-06-17 13:07:10.700,2863.4000,17576,-4,10125891780.000,6,1,5,空平,B,2863.2000,2863.0000,2862.8000,2862.6000,2862.2000,2863.4000,2863.6000,2864.0000,2864.2000,2864.6000,3,14,1,2,1,4,2,2,6,1
SF,IH2006,2020-06-17 13:07:11.200,2863.4000,17576,0,10125891780.000,0,-,-,-,-,2863.2000,2863.0000,2862.8000,2862.6000,2862.2000,2863.6000,2864.0000,2864.2000,2864.6000,2864.8000,3,14,1,1,1,2,2,6,1,4
SF,IH2006,2020-06-17 13:07:11.700,2863.4000,17576,0,10125891780.000,0,-,-,-,-,2863.2000,2863.0000,2862.8000,2862.6000,2862.2000,2863.4000,2863.6000,2864.0000,2864.2000,2864.6000,3,14,1,1,1,1,2,2,6,1
SF,IH2006,2020-06-17 13:07:12.700,2863.4000,17575,-1,10126750800.000,1,0,1,双平,B,2863.2000,2863.0000,2862.8000,2862.2000,2862.0000,2863.6000,2864.0000,2864.2000,2864.6000,2864.8000,3,14,1,1,24,2,2,6,1,4
SF,IH2006,2020-06-17 13:07:13.700,2863.4000,17575,0,10126750800.000,0,-,-,-,-,2863.2000,2863.0000,2862.8000,2862.2000,2862.0000,2863.4000,2863.6000,2864.0000,2864.2000,2864.6000,3,14,1,1,24,1,2,2,6,1
SF,IH2006,2020-06-17 13:07:17.200,2863.2000,17576,1,10130186640.000,4,2,2,多开,B,2863.0000,2862.8000,2862.2000,2862.0000,2861.8000,2863.4000,2863.6000,2864.0000,2864.2000,2864.6000,14,1,1,24,4,2,2,2,6,1
SF,IH2006,2020-06-17 13:07:17.700,2863.0000,17575,-1,10133622240.000,4,1,3,空平,B,2863.0000,2862.8000,2862.2000,2862.0000,2861.8000,2863.2000,2863.4000,2863.6000,2864.0000,2864.2000,10,1,1,24,4,2,4,2,2,6
SF,IH2006,2020-06-17 13:07:18.200,2862.8000,17572,-3,10143070080.000,11,4,7,空平,B,2862.2000,2862.0000,2861.8000,2861.6000,2861.2000,2862.8000,2863.0000,2863.2000,2863.4000,2863.6000,1,24,4,2,1,7,28,5,3,2
SF,IH2006,2020-06-17 13:07:18.700,2862.2000,17571,-1,10144787400.000,2,0,2,空平,B,2862.0000,2861.8000,2861.6000,2861.2000,2860.8000,2862.6000,2862.8000,2863.0000,2863.2000,2863.4000,24,5,2,1,19,13,4,7,2,3
SF,IH2006,2020-06-17 13:07:19.200,2862.2000,17570,-1,10154232060.000,11,5,6,空平,B,2862.0000,2861.8000,2861.6000,2861.2000,2860.8000,2862.2000,2862.4000,2862.6000,2862.8000,2863.0000,14,5,2,1,19,5,5,11,4,5
SF,IH2006,2020-06-17 13:07:19.700,2861.8000,17560,-10,10167969540.000,16,3,13,空平,B,2861.8000,2861.6000,2861.2000,2860.8000,2860.2000,2862.0000,2862.4000,2862.6000,2862.8000,2863.0000,2,2,1,19,2,10,6,6,3,5
SF,IH2006,2020-06-17 13:07:20.200,2861.8000,17553,-7,10175696820.000,9,1,8,空平,B,2861.6000,2861.2000,2860.8000,2860.2000,2860.0000,2862.0000,2862.4000,2862.6000,2862.8000,2863.0000,2,3,19,2,3,3,5,6,2,5
SF,IH2006,2020-06-17 13:07:20.700,2862.0000,17554,1,10178272620.000,3,2,1,多开,B,2862.0000,2861.8000,2861.6000,2861.2000,2860.8000,2862.4000,2862.6000,2862.8000,2863.0000,2863.2000,2,2,2,2,19,4,6,2,5,1
SF,IH2006,2020-06-17 13:07:21.200,2862.2000,17554,0,10179131280.000,1,0,1,空换,B,2861.8000,2861.6000,2861.2000,2860.8000,2860.2000,2862.2000,2862.4000,2862.6000,2862.8000,2863.0000,1,2,2,19,2,1,3,5,2,5
SF,IH2006,2020-06-17 13:07:21.700,2862.2000,17553,-1,10179989940.000,1,0,1,双平,B,2862.2000,2862.0000,2861.6000,2861.2000,2860.8000,2862.4000,2862.6000,2862.8000,2863.0000,2863.2000,1,1,2,2,19,3,5,2,5,1
SF,IH2006,2020-06-17 13:07:22.200,2862.2000,17550,-3,10183424580.000,4,0,4,空平,B,2862.0000,2861.6000,2861.2000,2860.8000,2860.2000,2862.4000,2862.6000,2862.8000,2863.0000,2863.2000,2,2,2,19,2,3,5,2,5,1
SF,IH2006,2020-06-17 13:07:22.700,2862.2000,17550,0,10183424580.000,0,-,-,-,-,2862.0000,2861.6000,2861.2000,2860.8000,2860.2000,2862.2000,2862.4000,2862.6000,2862.8000,2863.0000,2,2,2,19,2,3,3,5,2,5
SF,IH2006,2020-06-17 13:07:23.200,2862.2000,17550,0,10183424580.000,0,-,-,-,-,2862.0000,2861.6000,2861.2000,2860.8000,2860.2000,2862.2000,2862.4000,2862.6000,2862.8000,2863.0000,2,2,2,19,2,2,3,5,2,5
SF,IH2006,2020-06-17 13:07:23.700,2862.0000,17550,0,10184283180.000,1,0,1,空换,B,2862.0000,2861.6000,2861.2000,2860.8000,2860.2000,2862.2000,2862.4000,2862.6000,2862.8000,2863.0000,1,2,2,19,2,2,3,5,2,5
SF,IH2006,2020-06-17 13:07:24.200,2862.0000,17550,0,10184283180.000,0,-,-,-,-,2862.0000,2861.6000,2861.2000,2860.8000,2860.2000,2862.2000,2862.4000,2862.6000,2862.8000,2863.0000,1,2,2,19,2,1,3,3,2,5
SF,IH2006,2020-06-17 13:07:25.200,2862.0000,17550,0,10184283180.000,0,-,-,-,-,2862.0000,2861.6000,2861.2000,2860.8000,2860.2000,2862.2000,2862.4000,2862.6000,2862.8000,2863.0000,1,2,2,19,2,1,3,3,2,5
SF,IH2006,2020-06-17 13:07:25.700,2862.2000,17550,0,10185141840.000,1,0,1,空换,B,2862.0000,2861.6000,2861.2000,2860.8000,2860.2000,2862.4000,2862.6000,2862.8000,2863.0000,2863.2000,1,2,2,19,2,3,3,2,10,1
SF,IH2006,2020-06-17 13:07:26.200,2862.2000,17550,0,10185141840.000,0,-,-,-,-,2862.0000,2861.6000,2861.2000,2860.8000,2860.2000,2862.2000,2862.4000,2862.6000,2862.8000,2863.0000,22,2,2,19,2,1,3,3,2,5
SF,IH2006,2020-06-17 13:07:26.700,2862.4000,17552,2,10187717940.000,3,2,1,多开,B,2862.2000,2862.0000,2861.6000,2861.2000,2860.8000,2862.4000,2862.6000,2862.8000,2863.0000,2863.2000,10,23,2,2,19,1,3,2,5,1
SF,IH2006,2020-06-17 13:07:27.200,2862.4000,17552,0,10188576660.000,1,0,1,空换,B,2862.4000,2862.2000,2862.0000,2861.6000,2861.2000,2862.6000,2862.8000,2863.0000,2863.2000,2863.4000,2,2,23,2,2,3,2,5,1,2
SF,IH2006,2020-06-17 13:07:27.700,2862.6000,17553,1,10192011780.000,4,2,2,多开,B,2862.4000,2862.2000,2862.0000,2861.6000,2861.2000,2862.8000,2863.0000,2863.2000,2863.4000,2863.6000,2,2,24,2,2,2,5,1,2,3
SF,IH2006,2020-06-17 13:07:28.200,2862.6000,17553,0,10192870560.000,1,0,1,空换,B,2862.0000,2861.6000,2861.2000,2860.8000,2860.2000,2862.8000,2863.0000,2863.2000,2863.4000,2863.6000,24,2,2,19,2,2,5,1,3,3
SF,IH2006,2020-06-17 13:07:28.700,2862.6000,17553,0,10192870560.000,0,-,-,-,-,2862.2000,2862.0000,2861.6000,2861.2000,2860.8000,2862.8000,2863.0000,2863.2000,2863.4000,2863.6000,3,24,2,2,19,2,5,1,3,4
SF,IH2006,2020-06-17 13:07:29.200,2862.8000,17553,0,10194588240.000,2,1,1,空换,B,2862.8000,2862.2000,2862.0000,2861.6000,2861.2000,2863.0000,2863.2000,2863.4000,2863.6000,2864.4000,1,4,24,2,2,5,1,3,4,1
SF,IH2006,2020-06-17 13:07:29.700,2863.0000,17554,1,10196305980.000,2,1,1,多开,B,2862.2000,2862.0000,2861.6000,2861.2000,2860.8000,2863.0000,2863.2000,2863.4000,2863.6000,2864.4000,4,24,2,2,19,4,1,3,4,1
SF,IH2006,2020-06-17 13:07:30.200,2863.0000,17554,0,10196305980.000,0,-,-,-,-,2862.4000,2862.2000,2862.0000,2861.6000,2861.2000,2863.0000,2863.2000,2863.4000,2863.6000,2864.4000,1,4,24,2,2,4,1,3,4,1
SF,IH2006,2020-06-17 13:07:30.700,2863.0000,17554,0,10196305980.000,0,-,-,-,-,2862.6000,2862.2000,2862.0000,2861.6000,2861.2000,2862.8000,2863.0000,2863.2000,2863.4000,2863.6000,1,4,24,2,2,1,4,1,3,4
SF,IH2006,2020-06-17 13:07:31.200,2862.6000,17554,0,10197164760.000,1,0,1,空换,B,2862.2000,2862.0000,2861.6000,2861.2000,2860.8000,2862.8000,2863.0000,2863.2000,2863.4000,2863.6000,4,24,2,2,19,1,4,1,3,4
SF,IH2006,2020-06-17 13:07:31.700,2862.6000,17554,0,10197164760.000,0,-,-,-,-,2862.2000,2862.0000,2861.6000,2861.2000,2860.8000,2862.8000,2863.0000,2863.2000,2863.4000,2863.6000,4,24,2,2,19,1,4,1,3,4
SF,IH2006,2020-06-17 13:07:32.200,2862.6000,17554,0,10197164760.000,0,-,-,-,-,2862.4000,2862.2000,2862.0000,2861.6000,2861.2000,2862.8000,2863.0000,2863.2000,2863.4000,2863.6000,1,4,24,2,2,1,4,1,3,4
SF,IH2006,2020-06-17 13:07:32.700,2862.6000,17555,1,10199740980.000,3,2,1,多开,B,2862.2000,2862.0000,2861.6000,2861.2000,2860.8000,2862.6000,2862.8000,2863.0000,2863.2000,2863.4000,4,26,2,2,19,1,6,4,1,3
SF,IH2006,2020-06-17 13:07:33.200,2862.6000,17555,0,10199740980.000,0,-,-,-,-,2862.0000,2861.6000,2861.2000,2860.8000,2860.2000,2862.6000,2862.8000,2863.0000,2863.2000,2863.4000,26,2,2,19,2,3,7,4,1,3
SF,IH2006,2020-06-17 13:07:33.700,2862.6000,17555,0,10199740980.000,0,-,-,-,-,2862.2000,2862.0000,2861.6000,2861.2000,2861.0000,2862.6000,2862.8000,2863.0000,2863.2000,2863.4000,1,26,2,2,1,3,7,4,1,3
SF,IH2006,2020-06-17 13:07:34.200,2862.6000,17555,0,10199740980.000,0,-,-,-,-,2862.2000,2862.0000,2861.6000,2861.2000,2861.0000,2862.4000,2862.6000,2862.8000,2863.0000,2863.2000,2,26,2,2,1,1,2,7,4,1
SF,IH2006,2020-06-17 13:07:34.700,2862.4000,17555,0,10200599700.000,1,0,1,空换,B,2862.4000,2862.2000,2862.0000,2861.6000,2861.2000,2862.6000,2862.8000,2863.0000,2863.2000,2863.4000,1,2,26,2,2,2,2,4,1,3
SF,IH2006,2020-06-17 13:07:35.200,2862.4000,17555,0,10200599700.000,0,-,-,-,-,2862.2000,2862.0000,2861.6000,2861.2000,2860.8000,2862.6000,2862.8000,2863.0000,2863.2000,2863.4000,2,26,2,2,19,1,1,4,1,3
SF,IH2006,2020-06-17 13:07:35.700,2862.2000,17555,0,10201458360.000,1,0,1,空换,B,2862.2000,2862.0000,2861.6000,2861.2000,2860.8000,2862.6000,2862.8000,2863.0000,2863.2000,2863.4000,1,26,2,2,19,1,1,4,1,3
SF,IH2006,2020-06-17 13:07:36.200,2862.2000,17555,0,10201458360.000,0,-,-,-,-,2862.2000,2862.0000,2861.6000,2861.2000,2860.8000,2862.6000,2862.8000,2863.0000,2863.2000,2863.4000,2,26,2,2,19,1,1,4,1,3
SF,IH2006,2020-06-17 13:07:36.700,2862.2000,17555,0,10201458360.000,0,-,-,-,-,2862.2000,2862.0000,2861.6000,2861.2000,2860.8000,2862.6000,2862.8000,2863.0000,2863.2000,2863.4000,2,26,2,2,19,1,2,4,1,3
SF,IH2006,2020-06-17 13:07:37.200,2862.2000,17555,0,10201458360.000,0,-,-,-,-,2862.2000,2862.0000,2861.6000,2861.2000,2860.8000,2862.6000,2862.8000,2863.0000,2863.2000,2863.4000,2,26,1,2,19,1,2,4,1,3
SF,IH2006,2020-06-17 13:07:37.700,2862.2000,17555,0,10201458360.000,0,-,-,-,-,2862.2000,2862.0000,2861.6000,2861.2000,2860.8000,2862.6000,2862.8000,2863.0000,2863.2000,2863.4000,2,26,1,2,19,1,3,4,1,3
SF,IH2006,2020-06-17 13:07:38.200,2862.2000,17555,0,10201458360.000,0,-,-,-,-,2862.2000,2862.0000,2861.6000,2861.2000,2860.8000,2862.4000,2862.6000,2862.8000,2863.0000,2863.2000,3,27,1,2,19,1,1,3,4,1
SF,IH2006,2020-06-17 13:07:38.700,2862.4000,17553,-2,10203175740.000,2,0,2,双平,B,2862.2000,2862.0000,2861.6000,2861.2000,2860.8000,2862.4000,2862.6000,2862.8000,2863.0000,2863.4000,2,27,1,2,19,1,1,3,4,3
SF,IH2006,2020-06-17 13:07:40.200,2862.4000,17553,0,10203175740.000,0,-,-,-,-,2862.2000,2862.0000,2861.6000,2861.2000,2860.8000,2862.4000,2862.6000,2862.8000,2863.0000,2863.4000,2,27,1,2,19,1,2,3,4,3
SF,IH2006,2020-06-17 13:07:41.200,2862.4000,17553,0,10203175740.000,0,-,-,-,-,2862.2000,2862.0000,2861.6000,2861.2000,2860.8000,2862.6000,2862.8000,2863.0000,2863.4000,2863.6000,2,27,1,2,19,2,3,4,3,4
SF,IH2006,2020-06-17 13:07:42.200,2862.4000,17553,0,10203175740.000,0,-,-,-,-,2862.2000,2862.0000,2861.6000,2861.2000,2860.8000,2862.4000,2862.6000,2862.8000,2863.0000,2863.4000,2,27,1,2,19,1,2,3,4,3
SF,IH2006,2020-06-17 13:07:43.700,2862.4000,17553,0,10204034460.000,1,0,1,空换,B,2862.4000,2862.2000,2862.0000,2861.6000,2861.2000,2862.6000,2862.8000,2863.0000,2863.4000,2863.6000,4,2,27,1,2,1,3,4,3,4
SF,IH2006,2020-06-17 13:07:44.200,2862.6000,17552,-1,10204893240.000,1,0,1,双平,B,2862.4000,2862.2000,2862.0000,2861.6000,2861.2000,2862.8000,2863.0000,2863.4000,2863.6000,2864.4000,2,2,27,1,2,3,4,3,4,1
SF,IH2006,2020-06-17 13:07:44.700,2862.4000,17552,0,10205751960.000,1,0,1,空换,B,2862.2000,2862.0000,2861.6000,2861.2000,2860.8000,2862.8000,2863.0000,2863.4000,2863.6000,2864.4000,2,27,1,2,19,8,4,3,4,1
SF,IH2006,2020-06-17 13:07:45.200,2862.4000,17551,-1,10207469400.000,2,0,2,空平,B,2862.4000,2862.2000,2862.0000,2861.6000,2861.2000,2862.8000,2863.0000,2863.4000,2863.6000,2864.4000,4,2,27,1,2,9,4,3,4,1
SF,IH2006,2020-06-17 13:07:45.700,2862.4000,17550,-1,10210904280.000,4,1,3,空平,B,2862.2000,2862.0000,2861.6000,2861.2000,2860.8000,2862.4000,2862.8000,2863.0000,2863.4000,2863.6000,2,27,1,2,19,1,9,4,3,4
SF,IH2006,2020-06-17 13:07:46.200,2862.4000,17550,0,10210904280.000,0,-,-,-,-,2862.2000,2862.0000,2861.6000,2861.2000,2860.8000,2862.4000,2862.6000,2862.8000,2863.0000,2863.4000,2,27,1,2,19,1,2,9,4,3
SF,IH2006,2020-06-17 13:07:46.700,2862.2000,17549,-1,10212621600.000,2,0,2,空平,B,2862.0000,2861.6000,2861.2000,2860.8000,2860.2000,2862.2000,2862.4000,2862.6000,2862.8000,2863.0000,26,1,2,19,2,4,2,1,9,4
SF,IH2006,2020-06-17 13:07:47.200,2862.2000,17549,0,10212621600.000,0,-,-,-,-,2862.0000,2861.6000,2861.2000,2860.8000,2860.2000,2862.2000,2862.4000,2862.6000,2862.8000,2863.0000,25,1,2,19,2,4,2,1,4,4
SF,IH2006,2020-06-17 13:07:47.700,2862.0000,17548,-1,10214338800.000,2,0,2,空平,B,2862.0000,2861.6000,2861.2000,2860.8000,2860.2000,2862.2000,2862.4000,2862.6000,2862.8000,2863.0000,23,1,2,19,2,8,2,1,4,4
SF,IH2006,2020-06-17 13:07:48.200,2862.2000,17545,-3,10222066320.000,9,3,6,空平,B,2862.0000,2861.6000,2861.2000,2860.8000,2860.2000,2862.2000,2862.4000,2862.6000,2862.8000,2863.0000,16,1,2,19,2,4,2,1,4,4
SF,IH2006,2020-06-17 13:07:48.700,2862.0000,17543,-2,10228076520.000,7,2,5,空平,B,2862.0000,2861.6000,2861.2000,2860.8000,2860.2000,2862.2000,2862.4000,2862.6000,2862.8000,2863.0000,9,1,2,19,2,5,2,1,4,4
SF,IH2006,2020-06-17 13:07:49.200,2862.0000,17543,0,10228076520.000,0,-,-,-,-,2862.0000,2861.6000,2861.2000,2860.8000,2860.2000,2862.2000,2862.4000,2862.6000,2862.8000,2863.0000,9,1,2,19,2,6,3,1,4,4
SF,IH2006,2020-06-17 13:07:49.700,2862.0000,17542,-1,10228935120.000,1,0,1,双平,B,2862.0000,2861.6000,2861.2000,2860.8000,2860.2000,2862.2000,2862.4000,2862.6000,2862.8000,2863.0000,7,1,2,19,2,5,3,1,4,4
SF,IH2006,2020-06-17 13:07:50.200,2862.0000,17541,-1,10231510920.000,3,1,2,空平,B,2862.0000,2861.6000,2861.2000,2860.8000,2860.2000,2862.2000,2862.4000,2862.6000,2862.8000,2863.0000,4,1,2,19,2,3,3,1,4,4
SF,IH2006,2020-06-17 13:07:50.700,2862.4000,17536,-5,10240097340.000,10,2,8,空平,B,2862.0000,2861.6000,2861.2000,2860.8000,2860.2000,2862.4000,2862.6000,2862.8000,2863.0000,2863.4000,2,1,2,19,2,1,1,4,4,3
SF,IH2006,2020-06-17 13:07:51.200,2862.4000,17536,0,10240097340.000,0,-,-,-,-,2862.0000,2861.6000,2861.2000,2860.8000,2860.2000,2862.2000,2862.4000,2862.6000,2862.8000,2863.0000,2,1,2,19,2,2,5,1,4,4
SF,IH2006,2020-06-17 13:07:51.700,2862.0000,17534,-2,10241814540.000,2,0,2,双平,B,2862.0000,2861.6000,2861.2000,2860.8000,2860.2000,2862.2000,2862.4000,2862.6000,2862.8000,2863.0000,3,1,2,19,2,4,5,1,4,4
SF,IH2006,2020-06-17 13:07:52.700,2862.0000,17533,-1,10242673140.000,1,0,1,双平,B,2862.0000,2861.6000,2861.2000,2860.8000,2860.2000,2862.2000,2862.4000,2862.6000,2862.8000,2863.0000,2,1,2,19,2,3,5,1,4,4
SF,IH2006,2020-06-17 13:07:53.700,2862.0000,17533,0,10242673140.000,0,-,-,-,-,2862.0000,2861.6000,2861.2000,2860.8000,2860.2000,2862.2000,2862.4000,2862.6000,2862.8000,2863.0000,3,1,2,19,2,4,5,1,4,4
SF,IH2006,2020-06-17 13:07:54.200,2861.6000,17531,-2,10246107420.000,4,1,3,空平,B,2861.2000,2860.8000,2860.2000,2860.0000,2859.8000,2862.0000,2862.2000,2862.4000,2862.6000,2862.8000,2,19,2,3,1,2,4,5,1,4
SF,IH2006,2020-06-17 13:07:54.700,2861.6000,17531,0,10246107420.000,0,-,-,-,-,2861.4000,2861.2000,2861.0000,2860.8000,2860.4000,2861.6000,2861.8000,2862.0000,2862.2000,2862.4000,6,2,1,19,1,1,3,2,2,3
SF,IH2006,2020-06-17 13:07:55.200,2861.4000,17531,0,10247824320.000,2,1,1,空换,B,2861.4000,2861.2000,2861.0000,2860.8000,2860.4000,2861.8000,2862.0000,2862.2000,2862.4000,2862.6000,4,2,1,19,1,4,3,2,3,1
SF,IH2006,2020-06-17 13:07:55.700,2861.4000,17532,1,10248682740.000,1,1,0,双开,B,2861.4000,2861.2000,2861.0000,2860.8000,2860.2000,2861.8000,2862.0000,2862.2000,2862.4000,2862.6000,2,2,1,19,2,4,3,1,3,1
SF,IH2006,2020-06-17 13:07:56.200,2861.4000,17532,0,10248682740.000,0,-,-,-,-,2861.4000,2861.2000,2861.0000,2860.8000,2860.2000,2861.6000,2861.8000,2862.0000,2862.2000,2862.4000,1,1,1,19,2,1,4,4,1,3
SF,IH2006,2020-06-17 13:07:56.700,2861.4000,17532,0,10248682740.000,0,-,-,-,-,2861.2000,2861.0000,2860.8000,2860.6000,2860.2000,2861.6000,2861.8000,2862.0000,2862.2000,2862.4000,1,1,19,1,2,1,4,4,1,3
SF,IH2006,2020-06-17 13:07:57.200,2860.8000,17532,0,10252115940.000,4,2,2,空换,B,2860.8000,2860.6000,2860.2000,2860.0000,2859.8000,2861.4000,2861.6000,2861.8000,2862.0000,2862.2000,17,1,2,3,1,1,1,3,4,1
SF,IH2006,2020-06-17 13:07:57.700,2860.8000,17532,0,10252115940.000,0,-,-,-,-,2860.8000,2860.6000,2860.2000,2860.0000,2859.8000,2861.2000,2861.4000,2861.8000,2862.0000,2862.2000,17,1,2,3,1,7,4,1,3,1
SF,IH2006,2020-06-17 13:07:58.200,2860.8000,17530,-2,10256407140.000,5,1,4,空平,B,2860.8000,2860.6000,2860.2000,2860.0000,2859.8000,2861.2000,2861.4000,2862.0000,2862.2000,2862.4000,12,2,2,4,1,11,2,1,1,3
SF,IH2006,2020-06-17 13:07:58.700,2861.2000,17529,-1,10258982100.000,3,1,2,空平,B,2860.8000,2860.6000,2860.2000,2860.0000,2859.8000,2861.2000,2861.4000,2862.0000,2862.2000,2862.4000,12,2,2,4,1,7,2,1,1,3
SF,IH2006,2020-06-17 13:07:59.200,2861.2000,17529,0,10259840460.000,1,0,1,空换,B,2861.0000,2860.8000,2860.6000,2860.2000,2860.0000,2861.2000,2861.4000,2862.0000,2862.2000,2862.4000,1,12,2,2,4,6,1,1,2,3
SF,IH2006,2020-06-17 13:07:59.700,2860.8000,17528,-1,10260698700.000,1,0,1,双平,B,2860.8000,2860.6000,2860.2000,2860.0000,2859.8000,2861.2000,2862.0000,2862.2000,2862.4000,2862.8000,11,2,2,4,1,5,1,2,3,3
SF,IH2006,2020-06-17 13:08:00.200,2860.8000,17528,0,10260698700.000,0,-,-,-,-,2860.8000,2860.6000,2860.4000,2860.2000,2860.0000,2861.0000,2861.2000,2862.0000,2862.2000,2862.4000,11,1,1,2,4,1,4,1,2,3
SF,IH2006,2020-06-17 13:08:00.700,2861.0000,17527,-1,10261557000.000,1,0,1,双平,B,2861.0000,2860.8000,2860.6000,2860.4000,2860.2000,2861.2000,2862.2000,2862.4000,2862.8000,2863.0000,4,11,1,1,2,4,2,3,3,4
SF,IH2006,2020-06-17 13:08:01.200,2861.2000,17529,2,10270998960.000,11,6,5,多开,B,2861.0000,2860.8000,2860.6000,2860.4000,2860.2000,2862.2000,2862.4000,2862.8000,2863.0000,2863.4000,2,11,2,1,2,2,3,3,4,1
SF,IH2006,2020-06-17 13:08:01.700,2861.8000,17526,-3,10277008200.000,7,2,5,空平,B,2861.0000,2860.8000,2860.6000,2860.4000,2860.2000,2861.8000,2862.0000,2862.2000,2862.4000,2862.8000,2,11,2,1,2,7,9,3,3,3
SF,IH2006,2020-06-17 13:08:02.200,2861.0000,17527,1,10279583220.000,3,2,1,多开,B,2860.8000,2860.6000,2860.4000,2860.2000,2860.0000,2861.0000,2861.6000,2861.8000,2862.0000,2862.2000,11,2,1,2,5,5,6,1,7,3
SF,IH2006,2020-06-17 13:08:02.700,2861.0000,17524,-3,10283874720.000,5,1,4,空平,B,2861.0000,2860.8000,2860.6000,2860.4000,2860.2000,2861.6000,2861.8000,2862.0000,2862.2000,2862.4000,15,11,2,1,2,6,1,4,3,2
SF,IH2006,2020-06-17 13:08:03.200,2861.0000,17524,0,10283874720.000,0,-,-,-,-,2861.4000,2861.0000,2860.8000,2860.6000,2860.4000,2861.6000,2861.8000,2862.0000,2862.2000,2862.4000,1,11,11,2,1,4,1,3,3,2
SF,IH2006,2020-06-17 13:08:03.700,2861.0000,17522,-2,10286449980.000,3,0,3,空平,B,2861.0000,2860.8000,2860.6000,2860.4000,2860.2000,2861.6000,2861.8000,2862.0000,2862.2000,2862.4000,8,11,2,1,2,2,1,3,3,2
SF,IH2006,2020-06-17 13:08:04.200,2861.0000,17523,1,10287308280.000,1,1,0,双开,B,2861.2000,2861.0000,2860.8000,2860.6000,2860.4000,2861.4000,2861.6000,2861.8000,2862.0000,2862.2000,10,9,11,2,1,1,1,1,2,3
SF,IH2006,2020-06-17 13:08:04.700,2861.4000,17523,0,10288166700.000,1,0,1,空换,B,2861.4000,2861.2000,2861.0000,2860.8000,2860.6000,2861.6000,2861.8000,2862.0000,2862.2000,2862.4000,4,8,6,11,2,1,1,2,3,2
SF,IH2006,2020-06-17 13:08:05.200,2861.4000,17525,2,10289883540.000,2,2,0,双开,B,2861.2000,2861.0000,2860.8000,2860.6000,2860.4000,2861.6000,2861.8000,2862.0000,2862.2000,2862.4000,5,6,11,2,1,1,1,2,3,2
SF,IH2006,2020-06-17 13:08:05.700,2861.0000,17526,1,10295033640.000,6,3,3,多开,B,2861.0000,2860.8000,2860.6000,2860.4000,2860.2000,2861.6000,2861.8000,2862.0000,2862.2000,2862.4000,5,11,2,1,3,1,1,2,3,2
SF,IH2006,2020-06-17 13:08:06.200,2861.0000,17526,0,10295033640.000,0,-,-,-,-,2861.2000,2861.0000,2860.8000,2860.6000,2860.4000,2861.6000,2862.0000,2862.2000,2862.4000,2862.8000,3,5,11,2,1,3,2,3,2,3
SF,IH2006,2020-06-17 13:08:06.700,2861.0000,17526,0,10295033640.000,0,-,-,-,-,2861.0000,2860.8000,2860.6000,2860.4000,2860.2000,2861.4000,2861.6000,2862.0000,2862.2000,2862.4000,4,11,2,1,3,1,3,2,3,2
SF,IH2006,2020-06-17 13:08:07.200,2861.0000,17526,0,10295033640.000,0,-,-,-,-,2861.0000,2860.8000,2860.6000,2860.4000,2860.2000,2861.4000,2861.6000,2862.0000,2862.2000,2862.4000,1,11,2,1,3,6,3,2,3,2
SF,IH2006,2020-06-17 13:08:07.700,2861.0000,17525,-1,10295891940.000,1,0,1,双平,B,2860.8000,2860.6000,2860.4000,2860.2000,2860.0000,2861.4000,2861.6000,2862.0000,2862.2000,2862.4000,11,2,1,3,6,2,2,2,2,2
SF,IH2006,2020-06-17 13:08:08.200,2861.0000,17525,0,10295891940.000,0,-,-,-,-,2860.8000,2860.6000,2860.4000,2860.2000,2860.0000,2861.4000,2861.6000,2862.0000,2862.2000,2862.4000,11,2,1,3,6,3,2,2,2,2
SF,IH2006,2020-06-17 13:08:08.700,2861.2000,17525,0,10296750300.000,1,0,1,空换,B,2861.0000,2860.8000,2860.6000,2860.4000,2860.2000,2861.4000,2861.6000,2862.0000,2862.2000,2862.4000,1,11,2,1,3,3,2,2,2,2
SF,IH2006,2020-06-17 13:08:09.200,2861.0000,17525,0,10297608600.000,1,0,1,空换,B,2860.8000,2860.6000,2860.4000,2860.2000,2860.0000,2861.4000,2861.6000,2862.0000,2862.2000,2862.4000,11,2,1,3,6,2,2,2,2,2
SF,IH2006,2020-06-17 13:08:09.700,2861.0000,17525,0,10297608600.000,0,-,-,-,-,2860.8000,2860.6000,2860.4000,2860.2000,2860.0000,2861.4000,2861.6000,2862.0000,2862.2000,2862.4000,10,2,1,3,6,3,2,2,2,2
SF,IH2006,2020-06-17 13:08:10.200,2861.0000,17525,0,10297608600.000,0,-,-,-,-,2860.8000,2860.6000,2860.4000,2860.2000,2860.0000,2861.0000,2861.4000,2861.6000,2862.0000,2862.2000,10,2,1,3,6,1,4,2,2,2
SF,IH2006,2020-06-17 13:08:10.700,2861.0000,17525,0,10298466900.000,1,0,1,空换,B,2861.0000,2860.8000,2860.6000,2860.4000,2860.2000,2861.4000,2861.6000,2862.0000,2862.2000,2862.4000,1,10,2,1,3,4,2,2,2,1
SF,IH2006,2020-06-17 13:08:11.200,2861.0000,17525,0,10298466900.000,0,-,-,-,-,2860.8000,2860.6000,2860.4000,2860.2000,2860.0000,2861.4000,2861.6000,2862.0000,2862.2000,2862.4000,10,2,1,3,6,4,2,3,2,1
SF,IH2006,2020-06-17 13:08:11.700,2861.4000,17521,-4,10302758940.000,5,0,5,空平,B,2860.8000,2860.6000,2860.4000,2860.2000,2860.0000,2861.6000,2862.0000,2862.2000,2862.4000,2862.8000,10,2,1,3,6,2,3,2,1,3
SF,IH2006,2020-06-17 13:08:12.200,2861.4000,17521,0,10302758940.000,0,-,-,-,-,2861.0000,2860.8000,2860.6000,2860.4000,2860.2000,2861.6000,2861.8000,2862.0000,2862.2000,2862.4000,2,11,2,1,3,2,1,3,2,1
SF,IH2006,2020-06-17 13:08:12.700,2861.0000,17521,0,10303617240.000,1,0,1,空换,B,2860.8000,2860.6000,2860.4000,2860.2000,2860.0000,2861.6000,2861.8000,2862.0000,2862.2000,2862.4000,12,2,1,3,6,2,1,3,2,1
SF,IH2006,2020-06-17 13:08:13.200,2861.4000,17520,-1,10304475660.000,1,0,1,双平,B,2860.8000,2860.6000,2860.4000,2860.2000,2860.0000,2861.4000,2861.6000,2861.8000,2862.0000,2862.2000,12,2,1,3,6,2,2,1,3,2
SF,IH2006,2020-06-17 13:08:13.700,2861.6000,17519,-1,10307050980.000,3,1,2,空平,B,2860.8000,2860.6000,2860.4000,2860.2000,2860.0000,2861.6000,2861.8000,2862.0000,2862.2000,2862.4000,11,2,1,3,6,1,1,3,2,1
SF,IH2006,2020-06-17 13:08:14.200,2860.8000,17517,-2,10312201140.000,6,2,4,空平,B,2860.8000,2860.6000,2860.4000,2860.2000,2860.0000,2861.4000,2861.8000,2862.0000,2862.2000,2862.4000,8,2,1,3,5,5,1,2,2,1
SF,IH2006,2020-06-17 13:08:14.700,2860.8000,17518,1,10313917620.000,2,1,1,多开,B,2860.8000,2860.6000,2860.4000,2860.2000,2860.0000,2861.4000,2861.8000,2862.0000,2862.2000,2862.4000,7,2,1,3,5,5,1,2,2,1
SF,IH2006,2020-06-17 13:08:15.200,2860.8000,17518,0,10314775860.000,1,0,1,空换,B,2860.8000,2860.6000,2860.4000,2860.2000,2860.0000,2861.8000,2862.0000,2862.2000,2862.4000,2862.8000,6,2,1,3,4,1,2,2,1,3
SF,IH2006,2020-06-17 13:08:15.700,2860.8000,17518,0,10314775860.000,0,-,-,-,-,2860.8000,2860.6000,2860.4000,2860.2000,2860.0000,2861.6000,2861.8000,2862.0000,2862.2000,2862.4000,7,2,1,3,4,3,7,2,2,1
SF,IH2006,2020-06-17 13:08:16.200,2860.8000,17518,0,10314775860.000,0,-,-,-,-,2860.8000,2860.6000,2860.4000,2860.2000,2860.0000,2861.4000,2861.6000,2861.8000,2862.0000,2862.2000,6,2,1,3,4,1,1,7,2,2
SF,IH2006,2020-06-17 13:08:16.700,2860.8000,17517,-1,10315634100.000,1,0,1,双平,B,2861.0000,2860.8000,2860.6000,2860.4000,2860.2000,2861.4000,2861.6000,2861.8000,2862.0000,2862.2000,1,5,2,1,3,1,1,6,2,2
SF,IH2006,2020-06-17 13:08:17.200,2861.2000,17518,1,10317350760.000,2,1,1,多开,B,2860.8000,2860.6000,2860.4000,2860.2000,2860.0000,2861.0000,2861.4000,2861.6000,2861.8000,2862.0000,5,2,1,3,6,1,1,1,6,2
SF,IH2006,2020-06-17 13:08:17.700,2860.8000,17519,1,10324216860.000,8,4,4,多开,B,2860.6000,2860.4000,2860.2000,2860.0000,2859.8000,2861.4000,2861.6000,2861.8000,2862.0000,2862.2000,2,1,4,6,1,1,1,6,2,2
SF,IH2006,2020-06-17 13:08:18.200,2860.6000,17519,0,10325075040.000,1,0,1,空换,B,2860.6000,2860.4000,2860.2000,2860.0000,2859.8000,2860.8000,2861.2000,2861.4000,2861.8000,2862.0000,2,1,4,6,1,2,2,2,6,2
SF,IH2006,2020-06-17 13:08:18.700,2860.8000,17519,0,10326791520.000,2,1,1,空换,B,2860.6000,2860.4000,2860.2000,2860.0000,2859.8000,2861.2000,2861.4000,2861.8000,2862.0000,2862.2000,2,1,4,6,1,2,2,6,2,2
SF,IH2006,2020-06-17 13:08:19.700,2860.6000,17519,0,10329366240.000,3,1,2,空换,B,2860.4000,2860.2000,2860.0000,2859.8000,2859.4000,2861.2000,2861.4000,2861.8000,2862.0000,2862.2000,1,4,6,1,3,1,3,6,2,2
SF,IH2006,2020-06-17 13:08:20.200,2860.6000,17519,0,10329366240.000,0,-,-,-,-,2860.4000,2860.2000,2860.0000,2859.8000,2859.4000,2861.2000,2861.4000,2861.8000,2862.0000,2862.2000,3,4,6,1,3,1,2,6,2,2
SF,IH2006,2020-06-17 13:08:20.700,2860.6000,17517,-2,10331940780.000,3,0,3,空平,B,2860.4000,2860.2000,2860.0000,2859.8000,2859.4000,2861.0000,2861.2000,2861.4000,2861.8000,2862.0000,3,4,6,1,3,1,1,2,6,2
SF,IH2006,2020-06-17 13:08:21.200,2860.6000,17517,0,10331940780.000,0,-,-,-,-,2860.6000,2860.4000,2860.2000,2860.0000,2859.8000,2860.8000,2861.0000,2861.2000,2861.4000,2861.6000,1,3,4,6,1,5,1,1,2,1
SF,IH2006,2020-06-17 13:08:21.700,2860.8000,17517,0,10336231740.000,5,2,3,空换,B,2860.4000,2860.2000,2860.0000,2859.8000,2859.4000,2860.8000,2861.0000,2861.4000,2861.6000,2861.8000,1,4,6,1,3,2,1,2,1,6
SF,IH2006,2020-06-17 13:08:22.200,2860.8000,17517,0,10336231740.000,0,-,-,-,-,2860.2000,2860.0000,2859.8000,2859.4000,2859.2000,2860.8000,2861.0000,2861.4000,2861.6000,2861.8000,4,6,1,3,1,2,1,2,1,6
SF,IH2006,2020-06-17 13:08:23.200,2860.8000,17517,0,10336231740.000,0,-,-,-,-,2860.2000,2860.0000,2859.8000,2859.4000,2859.2000,2860.8000,2861.0000,2861.4000,2861.6000,2861.8000,4,6,1,3,1,3,1,2,1,6
SF,IH2006,2020-06-17 13:08:23.700,2860.8000,17517,0,10337089980.000,1,0,1,空换,B,2860.2000,2860.0000,2859.8000,2859.4000,2859.2000,2860.8000,2861.0000,2861.4000,2861.6000,2861.8000,4,6,1,3,1,2,1,2,1,6
SF,IH2006,2020-06-17 13:08:24.200,2860.8000,17517,0,10337089980.000,0,-,-,-,-,2860.4000,2860.2000,2860.0000,2859.8000,2859.4000,2860.8000,2861.0000,2861.4000,2861.6000,2861.8000,1,4,5,1,3,2,1,2,1,6
SF,IH2006,2020-06-17 13:08:24.700,2860.8000,17517,0,10337089980.000,0,-,-,-,-,2860.4000,2860.2000,2860.0000,2859.8000,2859.4000,2860.8000,2861.0000,2861.4000,2861.6000,2861.8000,1,4,5,1,4,2,2,2,1,6
SF,IH2006,2020-06-17 13:08:25.700,2860.8000,17517,0,10337089980.000,0,-,-,-,-,2860.4000,2860.2000,2860.0000,2859.8000,2859.4000,2860.8000,2861.0000,2861.4000,2861.6000,2861.8000,1,4,5,1,4,3,2,2,1,6
SF,IH2006,2020-06-17 13:08:26.200,2860.8000,17517,0,10337089980.000,0,-,-,-,-,2860.4000,2860.2000,2860.0000,2859.8000,2859.4000,2860.8000,2861.0000,2861.4000,2861.6000,2861.8000,1,5,5,1,4,3,2,3,1,6
SF,IH2006,2020-06-17 13:08:26.700,2860.8000,17516,-1,10338806460.000,2,0,2,空平,B,2860.4000,2860.2000,2860.0000,2859.8000,2859.4000,2860.8000,2861.0000,2861.4000,2861.6000,2861.8000,1,5,5,1,4,1,2,3,1,6
SF,IH2006,2020-06-17 13:08:27.200,2860.8000,17516,0,10338806460.000,0,-,-,-,-,2860.4000,2860.2000,2860.0000,2859.8000,2859.4000,2860.8000,2861.0000,2861.4000,2861.6000,2861.8000,2,6,5,1,4,1,2,3,1,6
SF,IH2006,2020-06-17 13:08:27.700,2860.8000,17516,0,10338806460.000,0,-,-,-,-,2860.4000,2860.2000,2860.0000,2859.8000,2859.4000,2860.8000,2861.0000,2861.4000,2861.6000,2861.8000,2,7,5,1,4,1,2,3,1,6
SF,IH2006,2020-06-17 13:08:28.200,2860.8000,17516,0,10338806460.000,0,-,-,-,-,2860.6000,2860.4000,2860.2000,2860.0000,2859.8000,2860.8000,2861.0000,2861.4000,2861.6000,2861.8000,1,2,7,5,1,1,2,3,1,6
SF,IH2006,2020-06-17 13:08:28.700,2860.8000,17516,0,10339664700.000,1,0,1,空换,B,2860.8000,2860.6000,2860.4000,2860.2000,2860.0000,2861.0000,2861.4000,2861.6000,2861.8000,2862.0000,1,3,2,7,5,2,3,1,6,1
SF,IH2006,2020-06-17 13:08:29.200,2860.8000,17516,0,10339664700.000,0,-,-,-,-,2860.6000,2860.4000,2860.2000,2860.0000,2859.8000,2860.8000,2861.0000,2861.4000,2861.6000,2861.8000,3,2,7,5,1,3,2,3,1,6
SF,IH2006,2020-06-17 13:08:29.700,2861.0000,17516,0,10343956020.000,5,2,3,空换,B,2860.8000,2860.6000,2860.4000,2860.2000,2860.0000,2861.4000,2861.6000,2861.8000,2862.0000,2862.2000,7,3,3,7,5,3,1,6,1,1
SF,IH2006,2020-06-17 13:08:30.200,2861.0000,17516,0,10343956020.000,0,-,-,-,-,2860.8000,2860.6000,2860.4000,2860.2000,2860.0000,2861.2000,2861.4000,2861.6000,2861.8000,2862.0000,4,3,3,7,5,1,3,1,6,1
SF,IH2006,2020-06-17 13:08:30.700,2861.0000,17516,0,10343956020.000,0,-,-,-,-,2861.0000,2860.8000,2860.6000,2860.4000,2860.2000,2861.2000,2861.4000,2861.6000,2861.8000,2862.0000,3,4,3,3,7,1,3,1,6,1
SF,IH2006,2020-06-17 13:08:31.200,2861.2000,17516,0,10344814380.000,1,0,1,空换,B,2861.2000,2861.0000,2860.8000,2860.6000,2860.4000,2861.4000,2861.6000,2861.8000,2862.0000,2862.2000,2,4,4,1,3,2,1,1,1,1
SF,IH2006,2020-06-17 13:08:31.700,2861.2000,17516,0,10344814380.000,0,-,-,-,-,2861.2000,2861.0000,2860.8000,2860.6000,2860.4000,2861.4000,2861.6000,2861.8000,2862.0000,2862.2000,2,3,4,1,3,2,1,1,1,1
SF,IH2006,2020-06-17 13:08:32.200,2861.4000,17516,0,10345672800.000,1,0,1,空换,B,2861.2000,2861.0000,2860.8000,2860.6000,2860.4000,2861.4000,2861.6000,2861.8000,2862.0000,2862.2000,2,2,4,1,3,1,1,1,1,1
SF,IH2006,2020-06-17 13:08:32.700,2861.4000,17516,0,10345672800.000,0,-,-,-,-,2861.0000,2860.8000,2860.6000,2860.4000,2860.2000,2861.4000,2861.6000,2861.8000,2862.2000,2862.8000,2,4,1,3,7,1,1,1,1,4
SF,IH2006,2020-06-17 13:08:33.200,2861.4000,17515,-1,10346531220.000,1,0,1,双平,B,2861.0000,2860.8000,2860.6000,2860.4000,2860.2000,2861.6000,2861.8000,2862.2000,2862.8000,2863.0000,3,4,1,3,7,1,1,1,4,4
SF,IH2006,2020-06-17 13:08:33.700,2861.4000,17515,0,10346531220.000,0,-,-,-,-,2861.0000,2860.8000,2860.6000,2860.4000,2860.2000,2861.6000,2861.8000,2862.2000,2862.8000,2863.0000,4,4,1,3,7,1,1,1,4,4
SF,IH2006,2020-06-17 13:08:34.200,2861.4000,17515,0,10346531220.000,0,-,-,-,-,2861.0000,2860.8000,2860.6000,2860.4000,2860.2000,2861.6000,2861.8000,2862.2000,2862.8000,2863.0000,4,4,1,3,7,2,2,1,4,4
SF,IH2006,2020-06-17 13:08:34.700,2861.0000,17515,0,10347389520.000,1,0,1,空换,B,2861.0000,2860.8000,2860.6000,2860.4000,2860.2000,2861.6000,2861.8000,2862.2000,2862.8000,2863.0000,2,4,1,3,7,2,2,1,4,4
SF,IH2006,2020-06-17 13:08:35.200,2861.0000,17515,0,10347389520.000,0,-,-,-,-,2861.0000,2860.8000,2860.6000,2860.4000,2860.2000,2861.4000,2861.6000,2861.8000,2862.0000,2862.2000,1,4,1,3,7,1,2,2,2,1
SF,IH2006,2020-06-17 13:08:35.700,2861.0000,17515,0,10347389520.000,0,-,-,-,-,2860.8000,2860.6000,2860.4000,2860.2000,2860.0000,2861.4000,2861.6000,2861.8000,2862.0000,2862.2000,4,1,3,7,5,3,2,2,2,1
SF,IH2006,2020-06-17 13:08:36.200,2861.0000,17515,0,10347389520.000,0,-,-,-,-,2860.8000,2860.6000,2860.4000,2860.2000,2860.0000,2861.4000,2861.6000,2861.8000,2862.0000,2862.2000,1,1,3,7,5,3,2,2,2,1
SF,IH2006,2020-06-17 13:08:36.700,2860.6000,17514,-1,10349105940.000,2,0,2,空平,B,2860.4000,2860.2000,2860.0000,2859.8000,2859.4000,2861.2000,2861.4000,2861.6000,2861.8000,2862.0000,3,7,5,1,4,2,3,2,2,2
SF,IH2006,2020-06-17 13:08:37.200,2861.0000,17515,1,10349964240.000,1,1,0,双开,B,2860.4000,2860.2000,2860.0000,2859.8000,2859.4000,2861.0000,2861.2000,2861.4000,2861.6000,2861.8000,4,7,5,1,4,2,2,1,1,2
SF,IH2006,2020-06-17 13:08:37.700,2860.4000,17516,1,10350822360.000,1,1,0,双开,B,2860.4000,2860.2000,2860.0000,2859.8000,2859.4000,2860.8000,2861.0000,2861.2000,2861.4000,2861.6000,3,7,5,1,4,1,2,2,1,1
SF,IH2006,2020-06-17 13:08:38.200,2860.4000,17516,0,10350822360.000,0,-,-,-,-,2860.4000,2860.2000,2860.0000,2859.8000,2859.4000,2860.8000,2861.0000,2861.2000,2861.4000,2861.6000,2,7,5,1,4,2,2,1,1,1
SF,IH2006,2020-06-17 13:08:38.700,2860.4000,17516,0,10350822360.000,0,-,-,-,-,2860.4000,2860.2000,2860.0000,2859.8000,2859.4000,2860.8000,2861.0000,2861.2000,2861.4000,2861.6000,3,7,5,1,4,2,1,1,1,1
SF,IH2006,2020-06-17 13:08:39.200,2860.8000,17518,2,10352538840.000,2,2,0,双开,B,2860.6000,2860.4000,2860.2000,2860.0000,2859.8000,2861.0000,2861.2000,2861.4000,2861.6000,2861.8000,3,1,7,5,1,1,1,1,1,2
SF,IH2006,2020-06-17 13:08:39.700,2860.6000,17518,0,10353397020.000,1,0,1,空换,B,2860.4000,2860.2000,2860.0000,2859.8000,2859.4000,2861.0000,2861.2000,2861.4000,2861.6000,2861.8000,1,7,5,1,4,1,1,1,1,2
SF,IH2006,2020-06-17 13:08:40.200,2860.6000,17518,0,10353397020.000,0,-,-,-,-,2860.4000,2860.2000,2860.0000,2859.8000,2859.4000,2861.0000,2861.2000,2861.4000,2861.6000,2861.8000,3,7,5,1,4,1,1,1,1,2
SF,IH2006,2020-06-17 13:08:41.200,2860.6000,17518,0,10353397020.000,0,-,-,-,-,2860.6000,2860.4000,2860.2000,2860.0000,2859.8000,2861.0000,2861.2000,2861.4000,2861.6000,2861.8000,1,3,7,5,1,1,1,1,1,2
SF,IH2006,2020-06-17 13:08:41.700,2860.6000,17518,0,10353397020.000,0,-,-,-,-,2860.8000,2860.6000,2860.4000,2860.2000,2860.0000,2861.0000,2861.2000,2861.4000,2861.6000,2861.8000,1,1,3,7,5,1,1,1,1,2
SF,IH2006,2020-06-17 13:08:42.200,2860.6000,17519,1,10354255200.000,1,1,0,双开,B,2860.6000,2860.4000,2860.2000,2860.0000,2859.8000,2861.2000,2861.4000,2861.6000,2861.8000,2862.2000,1,3,7,5,1,2,1,1,2,1
SF,IH2006,2020-06-17 13:08:42.700,2860.6000,17520,1,10355113380.000,1,1,0,双开,B,2861.0000,2860.8000,2860.6000,2860.4000,2860.2000,2861.2000,2861.4000,2861.6000,2861.8000,2862.2000,2,2,2,2,7,1,1,1,2,1
SF,IH2006,2020-06-17 13:08:43.200,2860.6000,17520,0,10355113380.000,0,-,-,-,-,2861.0000,2860.8000,2860.6000,2860.4000,2860.2000,2861.2000,2861.4000,2861.6000,2861.8000,2862.2000,2,2,4,1,7,1,1,1,2,1
SF,IH2006,2020-06-17 13:08:43.700,2861.2000,17520,0,10357688460.000,3,1,2,空换,B,2861.0000,2860.8000,2860.6000,2860.4000,2860.2000,2861.6000,2861.8000,2862.2000,2862.8000,2863.0000,2,2,4,1,7,1,2,1,4,4
SF,IH2006,2020-06-17 13:08:44.200,2861.2000,17520,0,10357688460.000,0,-,-,-,-,2861.2000,2861.0000,2860.8000,2860.6000,2860.4000,2861.6000,2861.8000,2862.2000,2862.8000,2863.0000,1,1,2,3,1,2,2,1,4,4
SF,IH2006,2020-06-17 13:08:44.700,2861.2000,17520,0,10358546820.000,1,0,1,空换,B,2860.8000,2860.6000,2860.4000,2860.2000,2860.0000,2861.2000,2861.4000,2861.6000,2861.8000,2862.2000,1,3,1,6,5,2,2,2,2,1
SF,IH2006,2020-06-17 13:08:45.200,2861.2000,17520,0,10358546820.000,0,-,-,-,-,2860.6000,2860.4000,2860.2000,2860.0000,2859.8000,2861.0000,2861.2000,2861.4000,2861.6000,2861.8000,3,1,6,5,1,1,3,2,2,2
SF,IH2006,2020-06-17 13:08:45.700,2861.2000,17520,0,10358546820.000,0,-,-,-,-,2860.6000,2860.4000,2860.2000,2860.0000,2859.8000,2861.2000,2861.4000,2861.6000,2861.8000,2862.2000,3,1,6,5,1,3,2,2,2,1
SF,IH2006,2020-06-17 13:08:46.200,2861.2000,17520,0,10358546820.000,0,-,-,-,-,2860.6000,2860.4000,2860.2000,2860.0000,2859.8000,2861.2000,2861.4000,2861.6000,2861.8000,2862.2000,5,1,6,5,1,3,2,2,2,1
SF,IH2006,2020-06-17 13:08:46.700,2860.6000,17520,0,10359405000.000,1,0,1,空换,B,2860.6000,2860.4000,2860.2000,2860.0000,2859.8000,2861.0000,2861.2000,2861.4000,2861.6000,2861.8000,4,1,6,5,1,1,3,2,2,2
SF,IH2006,2020-06-17 13:08:47.200,2860.6000,17520,0,10359405000.000,0,-,-,-,-,2860.6000,2860.4000,2860.2000,2860.0000,2859.8000,2861.2000,2861.4000,2861.6000,2861.8000,2862.2000,5,1,6,5,1,3,1,2,2,1
SF,IH2006,2020-06-17 13:08:47.700,2860.6000,17520,0,10359405000.000,0,-,-,-,-,2861.0000,2860.8000,2860.6000,2860.4000,2860.2000,2861.2000,2861.6000,2861.8000,2862.2000,2862.8000,2,2,6,1,6,2,2,2,1,4
SF,IH2006,2020-06-17 13:08:48.200,2860.6000,17520,0,10359405000.000,0,-,-,-,-,2860.8000,2860.6000,2860.4000,2860.2000,2860.0000,2861.2000,2861.6000,2861.8000,2862.2000,2862.8000,2,5,1,6,5,2,2,2,1,4
SF,IH2006,2020-06-17 13:08:48.700,2860.6000,17520,0,10359405000.000,0,-,-,-,-,2860.8000,2860.6000,2860.4000,2860.2000,2860.0000,2861.2000,2861.6000,2861.8000,2862.2000,2862.8000,2,5,1,6,5,2,2,2,1,4
SF,IH2006,2020-06-17 13:08:49.200,2860.6000,17520,0,10359405000.000,0,-,-,-,-,2860.8000,2860.6000,2860.4000,2860.2000,2860.0000,2861.2000,2861.6000,2861.8000,2862.2000,2862.8000,2,5,1,6,4,2,2,2,1,4
SF,IH2006,2020-06-17 13:08:50.200,2860.6000,17520,0,10359405000.000,0,-,-,-,-,2861.0000,2860.8000,2860.6000,2860.4000,2860.2000,2861.2000,2861.6000,2861.8000,2862.2000,2862.8000,2,2,5,1,6,2,2,2,1,4
SF,IH2006,2020-06-17 13:08:50.700,2861.0000,17521,1,10361121600.000,2,1,1,多开,B,2860.8000,2860.6000,2860.4000,2860.2000,2860.0000,2861.0000,2861.2000,2861.6000,2861.8000,2862.2000,4,4,1,6,4,2,2,2,2,1
SF,IH2006,2020-06-17 13:08:51.200,2861.0000,17523,2,10362838200.000,2,2,0,双开,B,2860.8000,2860.6000,2860.4000,2860.2000,2860.0000,2861.2000,2861.6000,2861.8000,2862.2000,2862.8000,2,4,1,6,4,2,2,2,1,4
SF,IH2006,2020-06-17 13:08:51.700,2861.6000,17520,-3,10366271640.000,4,0,4,空平,B,2860.8000,2860.6000,2860.4000,2860.2000,2860.0000,2861.6000,2861.8000,2862.2000,2862.8000,2863.0000,2,6,1,6,4,1,2,1,4,4
SF,IH2006,2020-06-17 13:08:52.200,2861.6000,17520,0,10366271640.000,0,-,-,-,-,2861.0000,2860.8000,2860.6000,2860.4000,2860.2000,2861.6000,2861.8000,2862.2000,2862.8000,2863.0000,2,3,6,1,6,1,2,1,4,4
SF,IH2006,2020-06-17 13:08:52.700,2861.0000,17519,-1,10367129940.000,1,0,1,双平,B,2861.0000,2860.8000,2860.6000,2860.4000,2860.2000,2861.6000,2861.8000,2862.2000,2862.8000,2863.0000,2,4,6,1,6,2,2,1,4,4
SF,IH2006,2020-06-17 13:08:53.200,2861.0000,17519,0,10367129940.000,0,-,-,-,-,2861.0000,2860.8000,2860.6000,2860.4000,2860.2000,2861.6000,2861.8000,2862.2000,2862.8000,2863.0000,2,4,6,1,6,2,3,1,4,4
SF,IH2006,2020-06-17 13:08:53.700,2861.0000,17519,0,10367129940.000,0,-,-,-,-,2861.0000,2860.8000,2860.6000,2860.4000,2860.2000,2861.2000,2861.6000,2861.8000,2862.2000,2862.8000,2,2,6,1,6,1,2,3,1,4
SF,IH2006,2020-06-17 13:08:54.200,2861.2000,17519,0,10367988300.000,1,0,1,空换,B,2861.0000,2860.8000,2860.6000,2860.4000,2860.2000,2861.6000,2861.8000,2862.2000,2862.8000,2863.0000,1,2,6,1,6,2,3,1,4,4
SF,IH2006,2020-06-17 13:08:55.200,2861.2000,17519,0,10367988300.000,0,-,-,-,-,2861.0000,2860.8000,2860.6000,2860.4000,2860.2000,2861.4000,2861.6000,2861.8000,2862.2000,2862.8000,1,2,6,1,6,1,2,3,1,4
SF,IH2006,2020-06-17 13:08:55.700,2861.2000,17519,0,10367988300.000,0,-,-,-,-,2860.8000,2860.6000,2860.4000,2860.2000,2860.0000,2861.4000,2861.6000,2861.8000,2862.2000,2862.8000,2,6,1,6,4,2,2,3,1,4
SF,IH2006,2020-06-17 13:08:56.200,2861.2000,17519,0,10367988300.000,0,-,-,-,-,2860.8000,2860.6000,2860.4000,2860.2000,2860.0000,2861.4000,2861.6000,2861.8000,2862.2000,2862.8000,1,6,1,6,4,3,2,3,1,4
SF,IH2006,2020-06-17 13:08:56.700,2861.2000,17519,0,10367988300.000,0,-,-,-,-,2860.8000,2860.6000,2860.2000,2860.0000,2859.8000,2861.4000,2861.6000,2861.8000,2862.2000,2862.8000,1,6,6,4,1,3,2,3,1,4
SF,IH2006,2020-06-17 13:08:59.200,2861.2000,17519,0,10367988300.000,0,-,-,-,-,2860.8000,2860.6000,2860.4000,2860.2000,2860.0000,2861.4000,2861.6000,2861.8000,2862.2000,2862.8000,1,6,1,6,4,3,2,3,1,4
SF,IH2006,2020-06-17 13:08:59.700,2861.2000,17519,0,10367988300.000,0,-,-,-,-,2860.8000,2860.6000,2860.4000,2860.2000,2860.0000,2861.4000,2861.6000,2861.8000,2862.2000,2862.8000,3,6,1,6,4,4,2,3,1,4
SF,IH2006,2020-06-17 13:09:00.200,2861.2000,17519,0,10367988300.000,0,-,-,-,-,2860.8000,2860.6000,2860.4000,2860.2000,2860.0000,2861.0000,2861.4000,2861.6000,2861.8000,2862.2000,3,6,1,5,4,1,4,2,3,1
SF,IH2006,2020-06-17 13:09:00.700,2861.2000,17519,0,10367988300.000,0,-,-,-,-,2860.8000,2860.6000,2860.4000,2860.2000,2860.0000,2861.0000,2861.4000,2861.6000,2861.8000,2862.2000,1,6,1,5,4,1,4,2,3,1
SF,IH2006,2020-06-17 13:09:01.700,2860.8000,17519,0,10368846540.000,1,0,1,空换,B,2860.6000,2860.4000,2860.2000,2860.0000,2859.8000,2861.0000,2861.4000,2861.6000,2861.8000,2862.2000,6,1,5,4,1,1,4,2,3,1
SF,IH2006,2020-06-17 13:09:02.200,2860.8000,17519,0,10368846540.000,0,-,-,-,-,2860.6000,2860.4000,2860.2000,2860.0000,2859.8000,2860.8000,2861.0000,2861.4000,2861.6000,2861.8000,6,1,5,4,1,1,2,3,2,3
SF,IH2006,2020-06-17 13:09:03.200,2860.6000,17522,3,10371421080.000,3,3,0,双开,B,2860.6000,2860.4000,2860.2000,2860.0000,2859.8000,2860.8000,2861.0000,2861.4000,2861.6000,2861.8000,3,1,5,4,1,1,2,3,2,3
SF,IH2006,2020-06-17 13:09:03.700,2860.6000,17521,-1,10373137440.000,2,0,2,空平,B,2860.6000,2860.4000,2860.2000,2860.0000,2859.8000,2860.8000,2861.0000,2861.4000,2861.6000,2861.8000,1,1,5,4,1,1,2,3,2,3
SF,IH2006,2020-06-17 13:09:04.200,2860.6000,17520,-1,10373995620.000,1,0,1,双平,B,2860.4000,2860.2000,2860.0000,2859.8000,2859.4000,2860.8000,2861.0000,2861.4000,2861.6000,2861.8000,1,5,4,1,4,1,1,3,2,3
SF,IH2006,2020-06-17 13:09:04.700,2860.6000,17520,0,10373995620.000,0,-,-,-,-,2860.6000,2860.4000,2860.2000,2860.0000,2859.8000,2860.8000,2861.0000,2861.4000,2861.6000,2861.8000,1,1,5,4,1,1,1,3,2,3
SF,IH2006,2020-06-17 13:09:05.200,2860.6000,17520,0,10373995620.000,0,-,-,-,-,2860.6000,2860.4000,2860.2000,2860.0000,2859.8000,2860.8000,2861.4000,2861.6000,2861.8000,2862.2000,1,1,5,4,1,1,3,2,3,1
SF,IH2006,2020-06-17 13:09:06.200,2860.6000,17520,0,10373995620.000,0,-,-,-,-,2860.6000,2860.4000,2860.2000,2860.0000,2859.8000,2861.4000,2861.6000,2861.8000,2862.2000,2862.8000,1,1,5,4,1,3,2,3,1,4
SF,IH2006,2020-06-17 13:09:06.700,2860.4000,17520,0,10374853740.000,1,0,1,空换,B,2860.6000,2860.2000,2860.0000,2859.8000,2859.4000,2860.8000,2861.2000,2861.4000,2861.6000,2861.8000,1,5,4,1,4,1,6,8,2,3
SF,IH2006,2020-06-17 13:09:07.200,2860.8000,17521,1,10375711980.000,1,1,0,双开,B,2860.6000,2860.2000,2860.0000,2859.8000,2859.4000,2861.2000,2861.4000,2861.6000,2861.8000,2862.2000,2,5,4,1,4,6,8,2,3,2
SF,IH2006,2020-06-17 13:09:07.700,2860.6000,17522,1,10377428340.000,2,1,1,多开,B,2860.2000,2860.0000,2859.8000,2859.4000,2859.2000,2860.6000,2861.0000,2861.2000,2861.4000,2861.6000,5,4,1,4,1,1,3,4,7,2
SF,IH2006,2020-06-17 13:09:08.200,2860.6000,17522,0,10377428340.000,0,-,-,-,-,2860.2000,2860.0000,2859.8000,2859.4000,2859.2000,2860.6000,2861.0000,2861.2000,2861.4000,2861.6000,5,4,1,4,1,1,4,3,7,2
SF,IH2006,2020-06-17 13:09:08.700,2860.6000,17522,0,10377428340.000,0,-,-,-,-,2860.4000,2860.2000,2860.0000,2859.8000,2859.4000,2860.6000,2861.0000,2861.2000,2861.4000,2861.6000,2,5,4,1,4,1,3,3,7,2
SF,IH2006,2020-06-17 13:09:09.200,2860.6000,17522,0,10377428340.000,0,-,-,-,-,2860.4000,2860.2000,2860.0000,2859.8000,2859.4000,2860.6000,2861.0000,2861.2000,2861.4000,2861.6000,2,5,4,1,4,1,3,4,7,2
SF,IH2006,2020-06-17 13:09:09.700,2860.4000,17523,1,10378286460.000,1,1,0,双开,B,2860.4000,2860.2000,2860.0000,2859.8000,2859.4000,2860.6000,2861.0000,2861.2000,2861.4000,2861.6000,1,5,4,1,4,1,3,4,7,2
SF,IH2006,2020-06-17 13:09:10.200,2860.4000,17523,0,10378286460.000,0,-,-,-,-,2860.4000,2860.2000,2860.0000,2859.8000,2859.4000,2860.6000,2861.0000,2861.2000,2861.4000,2861.6000,1,5,4,1,4,1,3,4,6,2
SF,IH2006,2020-06-17 13:09:10.700,2860.4000,17524,1,10379144580.000,1,1,0,双开,B,2860.2000,2860.0000,2859.8000,2859.4000,2859.2000,2860.6000,2861.0000,2861.2000,2861.4000,2861.6000,5,4,1,4,2,2,3,4,6,2
SF,IH2006,2020-06-17 13:09:11.200,2860.4000,17524,0,10379144580.000,0,-,-,-,-,2860.2000,2860.0000,2859.8000,2859.4000,2859.2000,2860.6000,2861.0000,2861.2000,2861.4000,2861.6000,6,4,1,4,2,2,3,2,6,2
SF,IH2006,2020-06-17 13:09:11.700,2860.4000,17524,0,10379144580.000,0,-,-,-,-,2860.2000,2860.0000,2859.8000,2859.4000,2859.2000,2860.6000,2861.0000,2861.2000,2861.4000,2861.6000,5,4,1,4,2,3,4,2,6,3
SF,IH2006,2020-06-17 13:09:12.200,2860.4000,17524,0,10379144580.000,0,-,-,-,-,2860.2000,2860.0000,2859.8000,2859.4000,2859.2000,2860.6000,2861.0000,2861.2000,2861.4000,2861.6000,5,4,1,4,2,4,4,2,6,2
SF,IH2006,2020-06-17 13:09:12.700,2860.4000,17524,0,10379144580.000,0,-,-,-,-,2860.2000,2860.0000,2859.8000,2859.4000,2859.2000,2860.6000,2861.0000,2861.2000,2861.4000,2861.6000,5,4,1,4,2,4,4,2,1,2
SF,IH2006,2020-06-17 13:09:13.700,2860.4000,17524,0,10379144580.000,0,-,-,-,-,2860.4000,2860.2000,2860.0000,2859.8000,2859.4000,2860.6000,2861.0000,2861.2000,2861.4000,2861.6000,1,5,4,1,4,4,4,2,1,2
SF,IH2006,2020-06-17 13:09:14.200,2860.4000,17524,0,10379144580.000,0,-,-,-,-,2860.4000,2860.2000,2860.0000,2859.8000,2859.4000,2860.6000,2861.0000,2861.2000,2861.4000,2861.6000,1,5,4,1,4,3,4,2,1,2
SF,IH2006,2020-06-17 13:09:14.700,2860.4000,17524,0,10379144580.000,0,-,-,-,-,2860.4000,2860.2000,2860.0000,2859.8000,2859.4000,2860.6000,2861.0000,2861.2000,2861.4000,2861.6000,1,5,4,1,3,3,4,2,1,2
SF,IH2006,2020-06-17 13:09:15.200,2860.4000,17524,0,10379144580.000,0,-,-,-,-,2860.4000,2860.2000,2860.0000,2859.8000,2859.4000,2860.6000,2861.0000,2861.2000,2861.4000,2861.6000,3,5,4,1,3,3,6,2,1,2
SF,IH2006,2020-06-17 13:09:15.700,2860.6000,17525,1,10380002760.000,1,1,0,双开,B,2860.4000,2860.2000,2860.0000,2859.8000,2859.4000,2860.6000,2861.0000,2861.2000,2861.4000,2861.6000,3,5,4,1,3,1,6,2,1,2
SF,IH2006,2020-06-17 13:09:16.200,2860.6000,17525,0,10380860940.000,1,0,1,空换,B,2860.6000,2860.4000,2860.2000,2860.0000,2859.8000,2861.0000,2861.2000,2861.4000,2861.6000,2861.8000,3,3,5,4,1,6,2,1,2,2
SF,IH2006,2020-06-17 13:09:16.700,2860.6000,17525,0,10380860940.000,0,-,-,-,-,2860.8000,2860.6000,2860.4000,2860.2000,2860.0000,2861.0000,2861.2000,2861.4000,2861.6000,2861.8000,2,7,3,5,4,3,2,1,2,2
SF,IH2006,2020-06-17 13:09:17.200,2860.8000,17525,0,10381719180.000,1,0,1,空换,B,2860.6000,2860.4000,2860.2000,2860.0000,2859.8000,2860.8000,2861.0000,2861.2000,2861.4000,2861.6000,6,3,5,4,1,2,3,2,1,2
SF,IH2006,2020-06-17 13:09:17.700,2860.8000,17525,0,10381719180.000,0,-,-,-,-,2860.6000,2860.4000,2860.2000,2860.0000,2859.8000,2860.8000,2861.0000,2861.2000,2861.4000,2861.6000,6,4,5,4,1,2,4,2,1,2
SF,IH2006,2020-06-17 13:09:18.200,2860.8000,17523,-2,10383435660.000,2,0,2,双平,B,2860.6000,2860.4000,2860.2000,2860.0000,2859.8000,2861.0000,2861.2000,2861.4000,2861.6000,2861.8000,7,4,5,4,1,4,2,1,2,2
SF,IH2006,2020-06-17 13:09:18.700,2861.0000,17523,0,10384293960.000,1,0,1,空换,B,2860.6000,2860.4000,2860.2000,2860.0000,2859.8000,2861.0000,2861.2000,2861.4000,2861.6000,2861.8000,7,4,5,4,1,3,2,1,2,2
SF,IH2006,2020-06-17 13:09:19.200,2861.0000,17523,0,10384293960.000,0,-,-,-,-,2860.8000,2860.6000,2860.4000,2860.2000,2860.0000,2861.0000,2861.2000,2861.4000,2861.6000,2861.8000,1,7,4,5,4,3,2,1,2,2
SF,IH2006,2020-06-17 13:09:19.700,2861.0000,17523,0,10384293960.000,0,-,-,-,-,2860.8000,2860.6000,2860.4000,2860.2000,2860.0000,2861.0000,2861.2000,2861.4000,2861.6000,2861.8000,1,5,4,5,4,3,2,1,2,2
SF,IH2006,2020-06-17 13:09:20.200,2861.0000,17523,0,10384293960.000,0,-,-,-,-,2860.8000,2860.6000,2860.4000,2860.2000,2860.0000,2861.0000,2861.2000,2861.4000,2861.6000,2861.8000,1,6,4,5,5,4,1,1,2,2
SF,IH2006,2020-06-17 13:09:20.700,2860.8000,17523,0,10385152200.000,1,0,1,空换,B,2860.6000,2860.4000,2860.2000,2860.0000,2859.8000,2861.0000,2861.2000,2861.4000,2861.6000,2861.8000,6,4,5,5,1,4,1,1,2,2
SF,IH2006,2020-06-17 13:09:21.700,2860.8000,17523,0,10385152200.000,0,-,-,-,-,2860.6000,2860.4000,2860.2000,2860.0000,2859.8000,2861.0000,2861.2000,2861.4000,2861.6000,2861.8000,6,4,4,5,1,4,1,1,2,2
SF,IH2006,2020-06-17 13:09:23.700,2861.0000,17522,-1,10386010500.000,1,0,1,双平,B,2860.6000,2860.4000,2860.2000,2860.0000,2859.8000,2861.0000,2861.2000,2861.4000,2861.6000,2861.8000,6,4,4,5,1,3,1,1,2,2
SF,IH2006,2020-06-17 13:09:24.200,2861.0000,17522,0,10386010500.000,0,-,-,-,-,2860.6000,2860.4000,2860.2000,2860.0000,2859.8000,2861.0000,2861.2000,2861.4000,2861.6000,2861.8000,5,4,4,5,1,2,1,1,2,2
SF,IH2006,2020-06-17 13:09:25.700,2861.0000,17522,0,10386010500.000,0,-,-,-,-,2860.6000,2860.4000,2860.2000,2860.0000,2859.8000,2861.0000,2861.2000,2861.4000,2861.6000,2861.8000,7,4,4,5,1,2,1,1,2,2
SF,IH2006,2020-06-17 13:09:26.200,2861.0000,17522,0,10386010500.000,0,-,-,-,-,2860.6000,2860.4000,2860.2000,2860.0000,2859.8000,2861.0000,2861.2000,2861.4000,2861.6000,2861.8000,8,4,4,5,1,2,1,1,2,2
SF,IH2006,2020-06-17 13:09:26.700,2861.0000,17522,0,10386010500.000,0,-,-,-,-,2860.6000,2860.4000,2860.2000,2860.0000,2859.8000,2861.0000,2861.2000,2861.4000,2861.6000,2861.8000,9,4,4,5,1,2,1,1,2,2
SF,IH2006,2020-06-17 13:09:28.200,2861.0000,17522,0,10386010500.000,0,-,-,-,-,2860.6000,2860.4000,2860.2000,2860.0000,2859.8000,2861.0000,2861.2000,2861.4000,2861.6000,2861.8000,9,4,4,5,1,2,1,1,2,2
SF,IH2006,2020-06-17 13:09:28.700,2861.0000,17522,0,10386010500.000,0,-,-,-,-,2860.6000,2860.4000,2860.2000,2860.0000,2859.8000,2861.0000,2861.2000,2861.4000,2861.6000,2861.8000,9,4,4,5,2,2,1,1,2,2
SF,IH2006,2020-06-17 13:09:30.700,2861.0000,17522,0,10386010500.000,0,-,-,-,-,2860.6000,2860.4000,2860.2000,2860.0000,2859.8000,2861.0000,2861.2000,2861.4000,2861.6000,2861.8000,8,3,4,5,2,2,1,1,2,2
SF,IH2006,2020-06-17 13:09:31.200,2861.0000,17522,0,10386010500.000,0,-,-,-,-,2860.6000,2860.4000,2860.2000,2860.0000,2859.8000,2860.8000,2861.0000,2861.2000,2861.4000,2861.6000,8,3,4,5,2,1,2,1,1,2
SF,IH2006,2020-06-17 13:09:31.700,2860.6000,17522,0,10386868680.000,1,0,1,空换,B,2860.6000,2860.4000,2860.2000,2860.0000,2859.8000,2860.8000,2861.0000,2861.4000,2861.6000,2861.8000,5,3,4,5,2,4,2,1,2,2
SF,IH2006,2020-06-17 13:09:32.200,2860.4000,17523,1,10392017700.000,6,3,3,多开,B,2860.4000,2860.2000,2860.0000,2859.8000,2859.4000,2860.6000,2860.8000,2861.0000,2861.4000,2861.6000,2,4,5,2,3,10,4,2,1,2
SF,IH2006,2020-06-17 13:09:32.700,2860.4000,17523,0,10393733940.000,2,1,1,空换,B,2860.2000,2860.0000,2859.8000,2859.4000,2859.2000,2860.6000,2860.8000,2861.0000,2861.4000,2861.6000,4,5,2,3,2,2,4,2,1,2
SF,IH2006,2020-06-17 13:09:33.200,2860.2000,17522,-1,10394592000.000,1,0,1,双平,B,2860.2000,2860.0000,2859.8000,2859.4000,2859.2000,2860.6000,2860.8000,2861.0000,2861.4000,2861.6000,3,5,1,3,2,2,4,2,1,2
SF,IH2006,2020-06-17 13:09:33.700,2860.2000,17522,0,10395450060.000,1,0,1,空换,B,2860.2000,2860.0000,2859.8000,2859.4000,2859.2000,2860.4000,2860.6000,2860.8000,2861.0000,2861.4000,2,5,1,3,3,1,3,4,2,1
SF,IH2006,2020-06-17 13:09:34.200,2860.0000,17527,5,10401456180.000,7,6,1,多开,B,2859.8000,2859.4000,2859.2000,2859.0000,2858.4000,2860.0000,2860.4000,2860.6000,2860.8000,2861.0000,1,3,3,1,2,1,1,2,3,2
SF,IH2006,2020-06-17 13:09:34.700,2859.6000,17531,4,10408320000.000,8,6,2,多开,B,2860.0000,2859.6000,2859.4000,2859.2000,2859.0000,2860.4000,2860.6000,2860.8000,2861.0000,2861.4000,1,1,3,3,1,1,2,3,2,1
SF,IH2006,2020-06-17 13:09:35.200,2859.6000,17531,0,10408320000.000,0,-,-,-,-,2860.0000,2859.6000,2859.4000,2859.2000,2859.0000,2860.4000,2860.6000,2860.8000,2861.0000,2861.4000,1,1,3,3,1,2,2,3,2,1
SF,IH2006,2020-06-17 13:09:35.700,2860.0000,17531,0,10409178000.000,1,0,1,空换,B,2859.6000,2859.4000,2859.2000,2859.0000,2858.4000,2860.2000,2860.4000,2860.6000,2860.8000,2861.0000,1,3,3,1,2,1,1,2,4,2
SF,IH2006,2020-06-17 13:09:36.200,2860.0000,17531,0,10409178000.000,0,-,-,-,-,2859.6000,2859.4000,2859.2000,2859.0000,2858.4000,2860.2000,2860.4000,2860.6000,2860.8000,2861.0000,1,3,3,1,2,2,1,2,4,2
SF,IH2006,2020-06-17 13:09:36.700,2860.0000,17531,0,10409178000.000,0,-,-,-,-,2859.8000,2859.6000,2859.4000,2859.2000,2859.0000,2860.2000,2860.4000,2860.6000,2860.8000,2861.0000,7,1,3,3,1,1,1,2,4,2
SF,IH2006,2020-06-17 13:09:37.200,2860.0000,17531,0,10409178000.000,0,-,-,-,-,2860.0000,2859.8000,2859.6000,2859.4000,2859.2000,2860.2000,2860.4000,2860.6000,2860.8000,2861.0000,1,6,1,3,3,1,1,2,4,2
SF,IH2006,2020-06-17 13:09:37.700,2860.0000,17531,0,10409178000.000,0,-,-,-,-,2859.8000,2859.6000,2859.4000,2859.2000,2859.0000,2860.2000,2860.4000,2860.6000,2860.8000,2861.0000,6,1,3,3,1,1,1,2,4,2
SF,IH2006,2020-06-17 13:09:39.700,2860.0000,17531,0,10409178000.000,0,-,-,-,-,2859.8000,2859.6000,2859.4000,2859.2000,2859.0000,2860.2000,2860.4000,2860.6000,2860.8000,2861.0000,5,1,3,3,1,1,1,2,4,2
SF,IH2006,2020-06-17 13:09:40.700,2859.8000,17530,-1,10410035940.000,1,0,1,双平,B,2859.8000,2859.6000,2859.4000,2859.2000,2859.0000,2860.0000,2860.2000,2860.4000,2860.6000,2860.8000,4,1,3,3,1,1,1,1,2,4
SF,IH2006,2020-06-17 13:09:41.200,2859.8000,17530,0,10410035940.000,0,-,-,-,-,2859.8000,2859.6000,2859.4000,2859.2000,2859.0000,2860.0000,2860.2000,2860.4000,2860.6000,2860.8000,3,1,3,2,1,1,1,1,2,4
SF,IH2006,2020-06-17 13:09:41.700,2859.8000,17530,0,10410035940.000,0,-,-,-,-,2859.8000,2859.6000,2859.4000,2859.2000,2859.0000,2860.0000,2860.2000,2860.4000,2860.6000,2860.8000,4,1,3,2,1,1,1,1,2,4
SF,IH2006,2020-06-17 13:09:42.200,2860.0000,17529,-1,10412609940.000,3,1,2,空平,B,2860.0000,2859.8000,2859.6000,2859.4000,2859.2000,2860.2000,2860.4000,2860.6000,2860.8000,2861.0000,3,4,1,3,2,1,1,2,4,2
SF,IH2006,2020-06-17 13:09:42.700,2860.0000,17529,0,10412609940.000,0,-,-,-,-,2859.8000,2859.6000,2859.4000,2859.2000,2859.0000,2860.2000,2860.4000,2860.6000,2860.8000,2861.0000,4,1,3,2,2,3,1,2,4,2
SF,IH2006,2020-06-17 13:09:43.200,2860.0000,17529,0,10412609940.000,0,-,-,-,-,2859.8000,2859.6000,2859.4000,2859.2000,2859.0000,2860.2000,2860.4000,2860.6000,2860.8000,2861.0000,4,1,3,2,2,4,1,3,4,2
SF,IH2006,2020-06-17 13:09:43.700,2859.8000,17529,0,10413467880.000,1,0,1,空换,B,2859.8000,2859.6000,2859.4000,2859.2000,2859.0000,2860.0000,2860.2000,2860.4000,2860.6000,2860.8000,3,1,3,2,2,1,4,1,3,4
SF,IH2006,2020-06-17 13:09:44.200,2859.8000,17529,0,10413467880.000,0,-,-,-,-,2859.8000,2859.6000,2859.4000,2859.2000,2859.0000,2860.0000,2860.2000,2860.4000,2860.6000,2860.8000,3,1,3,2,2,3,2,1,3,4
SF,IH2006,2020-06-17 13:09:45.700,2859.8000,17529,0,10413467880.000,0,-,-,-,-,2859.8000,2859.4000,2859.2000,2859.0000,2858.4000,2860.0000,2860.2000,2860.4000,2860.6000,2860.8000,2,3,2,2,2,3,2,1,3,4
SF,IH2006,2020-06-17 13:09:47.200,2859.8000,17529,0,10414325820.000,1,0,1,空换,B,2859.8000,2859.4000,2859.2000,2859.0000,2858.4000,2860.0000,2860.2000,2860.4000,2860.6000,2860.8000,1,3,2,2,2,3,2,1,3,4
SF,IH2006,2020-06-17 13:09:47.700,2859.8000,17529,0,10414325820.000,0,-,-,-,-,2859.8000,2859.4000,2859.2000,2859.0000,2858.4000,2860.0000,2860.2000,2860.4000,2860.6000,2860.8000,1,3,2,2,2,4,2,1,3,4
SF,IH2006,2020-06-17 13:09:49.700,2859.8000,17528,-1,10415183760.000,1,0,1,双平,B,2859.4000,2859.2000,2859.0000,2858.4000,2858.2000,2860.0000,2860.2000,2860.4000,2860.6000,2860.8000,3,2,2,2,3,4,2,1,3,4
SF,IH2006,2020-06-17 13:09:50.200,2859.8000,17527,-1,10416041700.000,1,0,1,双平,B,2859.4000,2859.2000,2859.0000,2858.4000,2858.2000,2859.8000,2860.0000,2860.2000,2860.4000,2860.6000,3,2,2,2,3,1,5,2,1,3
SF,IH2006,2020-06-17 13:09:50.700,2859.8000,17527,0,10416899640.000,1,0,1,空换,B,2859.4000,2859.2000,2859.0000,2858.4000,2858.2000,2859.8000,2860.0000,2860.2000,2860.6000,2860.8000,3,2,2,2,3,5,3,2,3,4
SF,IH2006,2020-06-17 13:09:51.200,2859.8000,17527,0,10416899640.000,0,-,-,-,-,2859.4000,2859.2000,2859.0000,2858.4000,2858.2000,2859.8000,2860.0000,2860.2000,2860.6000,2860.8000,3,2,2,2,3,5,3,2,3,3
SF,IH2006,2020-06-17 13:09:51.700,2859.8000,17526,-1,10417757580.000,1,0,1,双平,B,2859.4000,2859.2000,2859.0000,2858.4000,2858.2000,2859.8000,2860.0000,2860.2000,2860.6000,2860.8000,3,2,2,2,3,5,3,2,3,3
SF,IH2006,2020-06-17 13:09:52.200,2859.8000,17526,0,10417757580.000,0,-,-,-,-,2859.4000,2859.2000,2859.0000,2858.4000,2858.2000,2859.8000,2860.0000,2860.2000,2860.6000,2860.8000,3,2,2,2,3,6,3,2,3,3
SF,IH2006,2020-06-17 13:09:53.200,2859.4000,17526,0,10418615400.000,1,0,1,空换,B,2859.4000,2859.2000,2859.0000,2858.4000,2858.2000,2859.6000,2859.8000,2860.0000,2860.2000,2860.6000,2,2,2,2,3,2,6,3,2,3
SF,IH2006,2020-06-17 13:09:53.700,2859.4000,17525,-1,10419473220.000,1,0,1,双平,B,2859.4000,2859.2000,2859.0000,2858.4000,2858.2000,2859.6000,2859.8000,2860.0000,2860.2000,2860.6000,1,2,2,2,3,4,3,3,2,3
SF,IH2006,2020-06-17 13:09:54.200,2859.4000,17525,0,10419473220.000,0,-,-,-,-,2859.4000,2859.2000,2859.0000,2858.4000,2858.2000,2859.6000,2859.8000,2860.0000,2860.2000,2860.6000,1,2,2,2,3,5,3,3,2,3
SF,IH2006,2020-06-17 13:09:54.700,2859.4000,17525,0,10420331040.000,1,0,1,空换,B,2859.2000,2859.0000,2858.4000,2858.2000,2858.0000,2859.6000,2859.8000,2860.0000,2860.2000,2860.6000,2,2,2,3,2,5,3,3,2,3
SF,IH2006,2020-06-17 13:09:55.200,2859.4000,17525,0,10420331040.000,0,-,-,-,-,2859.2000,2859.0000,2858.4000,2858.2000,2858.0000,2859.6000,2859.8000,2860.0000,2860.2000,2860.6000,3,2,2,3,2,5,3,3,2,3
SF,IH2006,2020-06-17 13:09:56.200,2859.4000,17525,0,10420331040.000,0,-,-,-,-,2859.2000,2859.0000,2858.4000,2858.2000,2858.0000,2859.6000,2859.8000,2860.0000,2860.2000,2860.6000,3,2,2,3,2,5,2,3,2,3
SF,IH2006,2020-06-17 13:09:56.700,2859.4000,17525,0,10420331040.000,0,-,-,-,-,2859.2000,2859.0000,2858.4000,2858.2000,2858.0000,2859.6000,2859.8000,2860.0000,2860.2000,2860.6000,3,2,2,3,2,5,1,3,2,3
SF,IH2006,2020-06-17 13:09:57.700,2859.4000,17525,0,10420331040.000,0,-,-,-,-,2859.2000,2859.0000,2858.4000,2858.2000,2858.0000,2859.6000,2859.8000,2860.0000,2860.2000,2860.6000,3,2,2,3,2,6,1,2,2,3
SF,IH2006,2020-06-17 13:09:58.700,2859.4000,17525,0,10420331040.000,0,-,-,-,-,2859.2000,2859.0000,2858.4000,2858.2000,2858.0000,2859.6000,2859.8000,2860.0000,2860.2000,2860.6000,3,2,2,3,2,6,1,1,2,3
SF,IH2006,2020-06-17 13:09:59.200,2859.4000,17524,-1,10421188860.000,1,0,1,双平,B,2859.2000,2859.0000,2858.4000,2858.2000,2858.0000,2859.6000,2859.8000,2860.0000,2860.2000,2860.6000,3,2,2,3,2,6,1,1,2,3
SF,IH2006,2020-06-17 13:09:59.700,2859.4000,17524,0,10421188860.000,0,-,-,-,-,2859.2000,2859.0000,2858.4000,2858.2000,2858.0000,2859.6000,2859.8000,2860.0000,2860.2000,2860.6000,3,2,2,3,2,7,1,1,2,3
SF,IH2006,2020-06-17 13:10:00.700,2859.2000,17524,0,10422904380.000,2,1,1,空换,B,2859.0000,2858.4000,2858.2000,2858.0000,2857.0000,2859.6000,2859.8000,2860.0000,2860.2000,2860.6000,2,2,3,2,1,7,1,1,2,3
SF,IH2006,2020-06-17 13:10:01.200,2859.2000,17524,0,10422904380.000,0,-,-,-,-,2859.0000,2858.4000,2858.2000,2858.0000,2857.0000,2859.4000,2859.6000,2860.0000,2860.2000,2860.6000,2,2,3,3,1,1,14,1,2,2
SF,IH2006,2020-06-17 13:10:01.700,2859.4000,17523,-1,10425477840.000,3,1,2,空平,B,2859.0000,2858.4000,2858.2000,2858.0000,2857.0000,2859.4000,2859.6000,2860.0000,2860.2000,2860.6000,2,2,3,3,1,7,6,1,1,2
SF,IH2006,2020-06-17 13:10:02.200,2859.0000,17523,0,10427193240.000,2,1,1,空换,B,2859.0000,2858.4000,2858.2000,2858.0000,2857.0000,2859.2000,2859.4000,2859.6000,2860.0000,2860.2000,1,2,3,3,1,3,9,6,1,1
SF,IH2006,2020-06-17 13:10:02.700,2859.0000,17524,1,10428050940.000,1,1,0,双开,B,2858.4000,2858.2000,2858.0000,2857.0000,2856.6000,2859.0000,2859.2000,2859.6000,2860.0000,2860.2000,3,3,3,1,1,13,11,4,1,1
SF,IH2006,2020-06-17 13:10:03.200,2859.0000,17524,0,10428050940.000,0,-,-,-,-,2858.4000,2858.2000,2858.0000,2857.0000,2856.6000,2859.0000,2859.2000,2859.6000,2860.0000,2860.2000,4,2,3,1,1,16,3,4,1,1
SF,IH2006,2020-06-17 13:10:03.700,2859.0000,17524,0,10428050940.000,0,-,-,-,-,2858.4000,2858.2000,2858.0000,2857.0000,2856.6000,2859.0000,2859.2000,2859.6000,2860.0000,2860.2000,5,2,3,1,1,15,3,4,1,1
SF,IH2006,2020-06-17 13:10:04.200,2859.0000,17524,0,10428050940.000,0,-,-,-,-,2858.6000,2858.4000,2858.2000,2858.0000,2857.0000,2859.0000,2859.2000,2859.6000,2860.0000,2860.2000,1,4,2,3,1,15,3,4,1,1
SF,IH2006,2020-06-17 13:10:04.700,2859.0000,17525,1,10428908640.000,1,1,0,双开,B,2858.6000,2858.4000,2858.2000,2858.0000,2857.6000,2858.8000,2859.0000,2859.2000,2859.6000,2860.0000,1,3,2,3,1,5,9,3,4,1
SF,IH2006,2020-06-17 13:10:05.200,2858.8000,17531,6,10436627520.000,9,7,2,多开,B,2858.8000,2858.4000,2858.2000,2858.0000,2857.6000,2859.0000,2859.2000,2859.6000,2860.0000,2860.2000,11,2,2,2,1,3,3,4,1,1
SF,IH2006,2020-06-17 13:10:05.700,2859.0000,17533,2,10439200620.000,3,2,1,多开,B,2858.8000,2858.4000,2858.2000,2858.0000,2857.6000,2859.2000,2859.6000,2860.0000,2860.2000,2860.6000,9,2,2,2,1,3,4,1,1,2
SF,IH2006,2020-06-17 13:10:06.200,2859.0000,17533,0,10439200620.000,0,-,-,-,-,2859.0000,2858.8000,2858.4000,2858.2000,2858.0000,2859.2000,2859.6000,2860.0000,2860.2000,2860.6000,1,8,2,2,2,1,4,1,1,2
SF,IH2006,2020-06-17 13:10:06.700,2859.2000,17534,1,10440058380.000,1,1,0,双开,B,2859.0000,2858.8000,2858.4000,2858.2000,2858.0000,2859.6000,2860.0000,2860.2000,2860.6000,2860.8000,4,7,2,2,2,4,1,1,2,1
SF,IH2006,2020-06-17 13:10:07.200,2859.2000,17534,0,10440058380.000,0,-,-,-,-,2859.2000,2859.0000,2858.8000,2858.4000,2858.2000,2859.6000,2860.0000,2860.2000,2860.6000,2860.8000,2,3,7,2,2,4,1,1,2,1
SF,IH2006,2020-06-17 13:10:07.700,2859.2000,17534,0,10440058380.000,0,-,-,-,-,2859.4000,2859.2000,2859.0000,2858.8000,2858.4000,2859.6000,2860.0000,2860.2000,2860.6000,2860.8000,1,3,3,7,2,2,1,1,2,1
SF,IH2006,2020-06-17 13:10:08.200,2859.2000,17535,1,10441773900.000,2,1,1,多开,B,2859.2000,2859.0000,2858.8000,2858.6000,2858.4000,2859.4000,2859.6000,2859.8000,2860.0000,2860.2000,1,2,7,2,2,1,2,1,1,1
SF,IH2006,2020-06-17 13:10:10.700,2859.2000,17535,0,10441773900.000,0,-,-,-,-,2859.2000,2859.0000,2858.8000,2858.6000,2858.4000,2859.4000,2859.6000,2859.8000,2860.0000,2860.2000,1,2,7,2,2,1,2,1,1,1
SF,IH2006,2020-06-17 13:10:11.200,2859.2000,17535,0,10441773900.000,0,-,-,-,-,2859.2000,2859.0000,2858.8000,2858.6000,2858.4000,2859.4000,2859.6000,2859.8000,2860.0000,2860.2000,1,2,7,2,2,1,1,1,1,1
SF,IH2006,2020-06-17 13:10:11.700,2859.2000,17535,0,10441773900.000,0,-,-,-,-,2859.2000,2859.0000,2858.8000,2858.6000,2858.4000,2859.4000,2859.6000,2859.8000,2860.0000,2860.2000,1,2,7,2,2,2,1,1,1,1
SF,IH2006,2020-06-17 13:10:12.700,2859.2000,17535,0,10441773900.000,0,-,-,-,-,2859.2000,2859.0000,2858.8000,2858.6000,2858.4000,2859.4000,2859.6000,2859.8000,2860.0000,2860.2000,1,2,7,2,2,2,1,1,1,1
SF,IH2006,2020-06-17 13:10:13.200,2859.2000,17535,0,10441773900.000,0,-,-,-,-,2859.2000,2859.0000,2858.8000,2858.6000,2858.4000,2859.4000,2859.6000,2859.8000,2860.0000,2860.2000,1,2,7,2,2,2,1,1,1,1
SF,IH2006,2020-06-17 13:10:13.700,2859.2000,17535,0,10441773900.000,0,-,-,-,-,2859.2000,2859.0000,2858.8000,2858.6000,2858.4000,2859.4000,2859.6000,2859.8000,2860.0000,2860.2000,1,2,7,2,2,5,1,1,1,1
SF,IH2006,2020-06-17 13:10:15.200,2859.2000,17535,0,10441773900.000,0,-,-,-,-,2859.2000,2859.0000,2858.8000,2858.6000,2858.4000,2859.4000,2859.6000,2859.8000,2860.0000,2860.2000,1,2,7,2,2,5,1,1,1,1
SF,IH2006,2020-06-17 13:10:15.700,2859.4000,17536,1,10443489540.000,2,1,1,多开,B,2859.2000,2859.0000,2858.8000,2858.6000,2858.4000,2859.4000,2859.6000,2859.8000,2860.0000,2860.2000,1,2,7,2,2,3,1,1,1,1
SF,IH2006,2020-06-17 13:10:16.200,2859.4000,17534,-2,10446063000.000,3,0,3,空平,B,2859.2000,2859.0000,2858.8000,2858.6000,2858.4000,2859.6000,2859.8000,2860.0000,2860.2000,2860.6000,1,2,7,2,2,1,1,1,1,2
SF,IH2006,2020-06-17 13:10:16.700,2859.6000,17535,1,10446920880.000,1,1,0,双开,B,2859.4000,2859.2000,2859.0000,2858.8000,2858.6000,2860.0000,2860.2000,2860.6000,2860.8000,2861.0000,1,1,2,7,2,1,1,2,1,2
SF,IH2006,2020-06-17 13:10:17.200,2860.0000,17535,0,10447778880.000,1,0,1,空换,B,2859.4000,2859.2000,2859.0000,2858.8000,2858.4000,2860.2000,2860.6000,2860.8000,2861.0000,2861.6000,1,1,2,8,2,1,2,1,2,2
SF,IH2006,2020-06-17 13:10:17.700,2860.2000,17535,0,10448636940.000,1,0,1,空换,B,2859.6000,2859.4000,2859.2000,2859.0000,2858.8000,2860.4000,2860.6000,2860.8000,2861.0000,2861.6000,3,3,2,2,8,1,2,1,2,2
SF,IH2006,2020-06-17 13:10:18.200,2860.2000,17535,0,10448636940.000,0,-,-,-,-,2859.8000,2859.6000,2859.2000,2859.0000,2858.8000,2860.4000,2860.6000,2860.8000,2861.0000,2861.6000,5,6,2,2,8,2,2,1,2,2
SF,IH2006,2020-06-17 13:10:18.700,2860.2000,17535,0,10448636940.000,0,-,-,-,-,2860.0000,2859.8000,2859.6000,2859.2000,2859.0000,2860.4000,2860.6000,2861.0000,2861.6000,2861.8000,2,6,5,2,2,1,2,2,2,2
SF,IH2006,2020-06-17 13:10:19.200,2860.4000,17534,-1,10449495060.000,1,0,1,双平,B,2860.0000,2859.8000,2859.6000,2859.2000,2859.0000,2860.6000,2861.0000,2861.4000,2861.6000,2861.8000,8,3,4,2,2,2,2,1,2,2
SF,IH2006,2020-06-17 13:10:19.700,2860.4000,17534,0,10449495060.000,0,-,-,-,-,2860.0000,2859.8000,2859.6000,2859.2000,2859.0000,2860.2000,2860.6000,2861.0000,2861.4000,2861.6000,7,2,3,1,2,5,2,2,1,2
SF,IH2006,2020-06-17 13:10:20.200,2860.0000,17536,2,10452927060.000,4,3,1,多开,B,2859.6000,2859.2000,2859.0000,2858.8000,2858.4000,2860.0000,2860.6000,2861.0000,2861.4000,2861.6000,3,1,2,8,2,6,2,2,1,2
SF,IH2006,2020-06-17 13:10:20.700,2860.0000,17536,0,10452927060.000,0,-,-,-,-,2859.6000,2859.2000,2859.0000,2858.8000,2858.6000,2860.0000,2860.6000,2861.0000,2861.4000,2861.6000,2,1,2,8,1,3,2,2,1,2
SF,IH2006,2020-06-17 13:10:21.200,2860.0000,17536,0,10452927060.000,0,-,-,-,-,2859.6000,2859.2000,2859.0000,2858.8000,2858.6000,2860.0000,2860.6000,2861.0000,2861.4000,2861.6000,2,1,2,8,1,4,2,2,1,2
SF,IH2006,2020-06-17 13:10:21.700,2860.0000,17536,0,10452927060.000,0,-,-,-,-,2859.6000,2859.2000,2859.0000,2858.8000,2858.6000,2859.8000,2860.0000,2860.6000,2861.0000,2861.4000,2,1,2,8,1,1,4,2,2,1
SF,IH2006,2020-06-17 13:10:22.200,2860.0000,17536,0,10452927060.000,0,-,-,-,-,2859.6000,2859.2000,2859.0000,2858.8000,2858.6000,2859.8000,2860.0000,2860.6000,2861.0000,2861.4000,2,1,2,8,1,3,4,2,2,1
SF,IH2006,2020-06-17 13:10:22.700,2859.6000,17536,0,10454642820.000,2,1,1,空换,B,2859.2000,2859.0000,2858.8000,2858.6000,2858.4000,2859.8000,2860.0000,2860.6000,2861.0000,2861.4000,1,2,8,1,2,3,4,2,2,1
SF,IH2006,2020-06-17 13:10:23.200,2859.6000,17536,0,10454642820.000,0,-,-,-,-,2859.2000,2859.0000,2858.8000,2858.6000,2858.4000,2859.8000,2860.0000,2860.6000,2861.0000,2861.4000,2,2,8,1,2,3,4,2,2,1
SF,IH2006,2020-06-17 13:10:24.700,2859.6000,17536,0,10454642820.000,0,-,-,-,-,2859.2000,2859.0000,2858.8000,2858.6000,2858.4000,2859.8000,2860.0000,2860.6000,2861.0000,2861.4000,2,2,8,1,2,3,4,2,1,1
SF,IH2006,2020-06-17 13:10:25.200,2859.6000,17536,0,10455500700.000,1,0,1,空换,B,2859.6000,2859.4000,2859.2000,2859.0000,2858.8000,2859.8000,2860.0000,2860.6000,2861.0000,2861.4000,1,3,2,2,8,1,4,2,1,1
SF,IH2006,2020-06-17 13:10:25.700,2859.6000,17536,0,10455500700.000,0,-,-,-,-,2859.8000,2859.4000,2859.2000,2859.0000,2858.8000,2860.0000,2860.6000,2861.0000,2861.4000,2861.6000,1,3,3,2,8,4,2,1,1,2
SF,IH2006,2020-06-17 13:10:26.200,2859.8000,17537,1,10456358640.000,1,1,0,双开,B,2859.4000,2859.2000,2859.0000,2858.8000,2858.6000,2860.0000,2860.6000,2861.0000,2861.4000,2861.6000,3,3,2,8,1,3,2,1,1,2
SF,IH2006,2020-06-17 13:10:26.700,2859.8000,17537,0,10456358640.000,0,-,-,-,-,2859.6000,2859.4000,2859.2000,2859.0000,2858.8000,2860.0000,2860.6000,2861.0000,2861.4000,2861.6000,1,4,1,2,8,3,2,1,1,2
SF,IH2006,2020-06-17 13:10:27.200,2860.0000,17536,-1,10457216640.000,1,0,1,双平,B,2859.8000,2859.6000,2859.4000,2859.2000,2859.0000,2860.0000,2860.6000,2861.0000,2861.4000,2861.6000,1,3,4,1,2,2,2,1,1,2
SF,IH2006,2020-06-17 13:10:27.700,2860.0000,17536,0,10457216640.000,0,-,-,-,-,2859.8000,2859.6000,2859.4000,2859.2000,2859.0000,2860.0000,2860.4000,2860.6000,2861.0000,2861.4000,2,3,2,1,2,2,1,2,1,1
SF,IH2006,2020-06-17 13:10:28.200,2859.8000,17537,1,10458074580.000,1,1,0,双开,B,2859.8000,2859.6000,2859.4000,2859.2000,2859.0000,2860.0000,2860.4000,2860.6000,2861.0000,2861.4000,1,2,2,1,2,2,1,2,1,1
SF,IH2006,2020-06-17 13:10:28.700,2859.8000,17537,0,10458074580.000,0,-,-,-,-,2859.8000,2859.6000,2859.4000,2859.2000,2859.0000,2860.0000,2860.4000,2860.6000,2861.0000,2861.4000,1,2,2,1,2,2,2,1,1,1
SF,IH2006,2020-06-17 13:10:30.200,2859.8000,17537,0,10458074580.000,0,-,-,-,-,2859.8000,2859.6000,2859.4000,2859.2000,2859.0000,2860.0000,2860.4000,2860.6000,2861.0000,2861.4000,1,2,3,1,2,2,2,1,1,1
SF,IH2006,2020-06-17 13:10:31.700,2859.8000,17537,0,10458074580.000,0,-,-,-,-,2859.8000,2859.6000,2859.4000,2859.2000,2859.0000,2860.0000,2860.4000,2860.6000,2861.0000,2861.4000,2,2,3,1,2,2,2,1,1,1
SF,IH2006,2020-06-17 13:10:32.700,2860.0000,17536,-1,10458932580.000,1,0,1,双平,B,2859.8000,2859.6000,2859.4000,2859.2000,2859.0000,2860.4000,2860.6000,2861.0000,2861.4000,2861.6000,2,2,3,1,2,1,1,1,1,2
SF,IH2006,2020-06-17 13:10:33.200,2860.0000,17536,0,10458932580.000,0,-,-,-,-,2860.0000,2859.8000,2859.6000,2859.4000,2859.2000,2860.4000,2860.6000,2860.8000,2861.0000,2861.4000,1,3,2,3,1,3,1,1,1,1
SF,IH2006,2020-06-17 13:10:33.700,2860.4000,17535,-1,10459790700.000,1,0,1,双平,B,2860.0000,2859.8000,2859.6000,2859.4000,2859.2000,2860.4000,2860.6000,2860.8000,2861.0000,2861.4000,1,3,2,3,1,2,1,1,1,1
SF,IH2006,2020-06-17 13:10:34.200,2860.4000,17535,0,10459790700.000,0,-,-,-,-,2860.2000,2860.0000,2859.8000,2859.6000,2859.4000,2860.4000,2860.6000,2860.8000,2861.0000,2861.4000,1,1,3,1,3,2,1,1,1,1
SF,IH2006,2020-06-17 13:10:34.700,2860.2000,17534,-1,10460648760.000,1,0,1,双平,B,2860.0000,2859.8000,2859.6000,2859.4000,2859.2000,2860.4000,2860.6000,2860.8000,2861.0000,2861.4000,1,3,1,3,1,2,1,1,1,1
SF,IH2006,2020-06-17 13:10:36.200,2860.0000,17534,0,10461506760.000,1,0,1,空换,B,2859.8000,2859.6000,2859.4000,2859.2000,2859.0000,2860.4000,2860.6000,2860.8000,2861.0000,2861.4000,3,1,3,1,2,2,1,1,1,1
SF,IH2006,2020-06-17 13:10:36.700,2860.4000,17535,1,10462364880.000,1,1,0,双开,B,2859.8000,2859.6000,2859.4000,2859.2000,2859.0000,2860.4000,2860.6000,2860.8000,2861.0000,2861.4000,2,1,3,1,2,1,1,1,1,1
SF,IH2006,2020-06-17 13:10:37.200,2860.4000,17535,0,10462364880.000,0,-,-,-,-,2859.8000,2859.6000,2859.4000,2859.2000,2859.0000,2860.4000,2860.8000,2861.0000,2861.6000,2861.8000,2,1,3,1,2,2,1,1,2,2
SF,IH2006,2020-06-17 13:10:37.700,2860.4000,17535,0,10462364880.000,0,-,-,-,-,2859.8000,2859.6000,2859.4000,2859.2000,2859.0000,2860.2000,2860.4000,2860.6000,2860.8000,2861.0000,1,1,3,1,2,1,2,1,1,1
SF,IH2006,2020-06-17 13:10:38.200,2860.4000,17535,0,10462364880.000,0,-,-,-,-,2859.8000,2859.6000,2859.4000,2859.2000,2859.0000,2860.2000,2860.4000,2860.6000,2860.8000,2861.0000,1,1,3,1,2,2,2,1,1,1
SF,IH2006,2020-06-17 13:10:38.700,2860.4000,17535,0,10462364880.000,0,-,-,-,-,2859.8000,2859.6000,2859.4000,2859.2000,2859.0000,2860.0000,2860.2000,2860.4000,2860.6000,2860.8000,1,1,3,1,2,2,2,2,1,1
SF,IH2006,2020-06-17 13:10:39.200,2860.4000,17535,0,10462364880.000,0,-,-,-,-,2860.0000,2859.8000,2859.6000,2859.4000,2859.2000,2860.2000,2860.4000,2860.6000,2860.8000,2861.0000,2,2,2,3,1,1,2,1,1,1
SF,IH2006,2020-06-17 13:10:39.700,2860.4000,17533,-2,10464939180.000,3,0,3,空平,B,2860.0000,2859.8000,2859.6000,2859.4000,2859.2000,2860.6000,2860.8000,2861.0000,2861.6000,2861.8000,2,2,2,3,1,1,1,1,2,2
SF,IH2006,2020-06-17 13:10:40.200,2860.4000,17533,0,10464939180.000,0,-,-,-,-,2860.0000,2859.8000,2859.6000,2859.4000,2859.2000,2860.8000,2861.0000,2861.6000,2861.8000,2862.2000,2,2,2,3,1,1,1,3,2,4
SF,IH2006,2020-06-17 13:10:40.700,2860.4000,17533,0,10464939180.000,0,-,-,-,-,2860.0000,2859.8000,2859.6000,2859.4000,2859.2000,2860.6000,2860.8000,2861.0000,2861.6000,2861.8000,3,2,2,2,1,2,2,1,3,2
SF,IH2006,2020-06-17 13:10:41.200,2860.4000,17533,0,10464939180.000,0,-,-,-,-,2860.0000,2859.8000,2859.6000,2859.4000,2859.2000,2860.6000,2860.8000,2861.0000,2861.6000,2861.8000,3,2,2,2,1,2,1,1,3,2
SF,IH2006,2020-06-17 13:10:41.700,2860.4000,17533,0,10464939180.000,0,-,-,-,-,2860.2000,2860.0000,2859.8000,2859.6000,2859.4000,2860.6000,2860.8000,2861.0000,2861.6000,2861.8000,1,3,2,1,2,2,1,1,3,2
SF,IH2006,2020-06-17 13:10:42.200,2860.4000,17533,0,10464939180.000,0,-,-,-,-,2860.2000,2860.0000,2859.8000,2859.6000,2859.4000,2860.6000,2860.8000,2861.0000,2861.6000,2861.8000,1,3,2,1,2,2,1,2,3,2
SF,IH2006,2020-06-17 13:10:43.200,2860.4000,17533,0,10464939180.000,0,-,-,-,-,2860.2000,2860.0000,2859.8000,2859.6000,2859.4000,2860.6000,2860.8000,2861.0000,2861.6000,2861.8000,1,3,2,1,2,2,2,2,3,2
SF,IH2006,2020-06-17 13:10:43.700,2860.4000,17533,0,10464939180.000,0,-,-,-,-,2860.2000,2860.0000,2859.8000,2859.6000,2859.4000,2860.6000,2860.8000,2861.0000,2861.6000,2861.8000,1,3,2,1,2,2,2,2,3,2
SF,IH2006,2020-06-17 13:10:44.700,2860.4000,17533,0,10464939180.000,0,-,-,-,-,2860.2000,2860.0000,2859.8000,2859.6000,2859.4000,2860.6000,2860.8000,2861.0000,2861.6000,2861.8000,1,3,2,1,2,2,2,4,3,2
SF,IH2006,2020-06-17 13:10:46.700,2860.6000,17533,0,10465797360.000,1,0,1,空换,B,2860.2000,2860.0000,2859.8000,2859.6000,2859.4000,2860.6000,2860.8000,2861.0000,2861.6000,2861.8000,1,3,2,1,2,1,2,4,3,2
SF,IH2006,2020-06-17 13:10:47.200,2860.6000,17533,0,10465797360.000,0,-,-,-,-,2860.2000,2860.0000,2859.8000,2859.6000,2859.4000,2860.8000,2861.0000,2861.6000,2861.8000,2862.2000,1,3,2,1,2,2,4,3,2,3
SF,IH2006,2020-06-17 13:10:49.700,2860.6000,17533,0,10465797360.000,0,-,-,-,-,2860.2000,2860.0000,2859.8000,2859.6000,2859.4000,2860.8000,2861.0000,2861.6000,2861.8000,2862.2000,1,4,2,1,2,2,4,3,2,3
SF,IH2006,2020-06-17 13:10:51.700,2860.6000,17533,0,10465797360.000,0,-,-,-,-,2860.2000,2860.0000,2859.8000,2859.6000,2859.4000,2860.8000,2861.0000,2861.6000,2861.8000,2862.2000,1,4,2,1,2,1,4,3,2,3
SF,IH2006,2020-06-17 13:10:52.700,2860.6000,17533,0,10465797360.000,0,-,-,-,-,2860.2000,2860.0000,2859.8000,2859.6000,2859.4000,2860.6000,2860.8000,2861.0000,2861.6000,2861.8000,1,4,2,1,2,1,1,4,3,2
SF,IH2006,2020-06-17 13:10:53.200,2860.6000,17533,0,10466655540.000,1,0,1,空换,B,2860.2000,2860.0000,2859.8000,2859.6000,2859.4000,2860.8000,2861.0000,2861.6000,2861.8000,2862.2000,1,4,2,1,2,1,4,3,2,3
SF,IH2006,2020-06-17 13:10:53.700,2860.6000,17533,0,10466655540.000,0,-,-,-,-,2860.4000,2860.2000,2860.0000,2859.8000,2859.6000,2860.8000,2861.0000,2861.6000,2861.8000,2862.2000,1,1,4,1,1,1,4,3,2,3
SF,IH2006,2020-06-17 13:10:54.200,2860.6000,17533,0,10466655540.000,0,-,-,-,-,2860.4000,2860.2000,2860.0000,2859.8000,2859.6000,2860.8000,2861.0000,2861.6000,2861.8000,2862.2000,1,1,4,1,1,1,4,3,2,3
SF,IH2006,2020-06-17 13:10:55.200,2860.6000,17533,0,10466655540.000,0,-,-,-,-,2860.4000,2860.2000,2860.0000,2859.8000,2859.6000,2860.8000,2861.0000,2861.6000,2861.8000,2862.2000,1,1,4,1,1,2,4,3,2,3
SF,IH2006,2020-06-17 13:10:55.700,2860.6000,17533,0,10466655540.000,0,-,-,-,-,2860.4000,2860.2000,2860.0000,2859.8000,2859.6000,2860.8000,2861.0000,2861.6000,2861.8000,2862.2000,1,1,4,1,1,3,4,3,2,3
SF,IH2006,2020-06-17 13:10:56.200,2860.6000,17533,0,10466655540.000,0,-,-,-,-,2860.6000,2860.4000,2860.2000,2860.0000,2859.8000,2860.8000,2861.0000,2861.6000,2861.8000,2862.2000,1,1,1,4,1,3,4,2,2,3
SF,IH2006,2020-06-17 13:10:56.700,2860.6000,17533,0,10467513720.000,1,0,1,空换,B,2860.6000,2860.4000,2860.2000,2860.0000,2859.8000,2860.8000,2861.0000,2861.6000,2861.8000,2862.2000,1,1,1,3,1,3,4,2,2,3
SF,IH2006,2020-06-17 13:10:57.200,2860.6000,17534,1,10468371900.000,1,1,0,双开,B,2860.4000,2860.2000,2860.0000,2859.8000,2859.6000,2860.6000,2860.8000,2861.0000,2861.6000,2861.8000,1,1,3,2,1,2,3,4,2,2
SF,IH2006,2020-06-17 13:10:57.700,2860.6000,17534,0,10468371900.000,0,-,-,-,-,2860.4000,2860.2000,2860.0000,2859.8000,2859.6000,2860.6000,2860.8000,2861.0000,2861.6000,2861.8000,1,1,3,2,1,1,3,4,2,2
SF,IH2006,2020-06-17 13:10:59.700,2860.4000,17535,1,10469230020.000,1,1,0,双开,B,2860.2000,2860.0000,2859.8000,2859.6000,2859.4000,2860.4000,2860.6000,2860.8000,2861.0000,2861.6000,1,3,2,1,2,1,1,3,4,2
SF,IH2006,2020-06-17 13:11:00.200,2860.4000,17534,-1,10470946260.000,2,0,2,空平,B,2860.2000,2860.0000,2859.8000,2859.6000,2859.4000,2860.4000,2860.6000,2860.8000,2861.0000,2861.6000,1,3,2,1,2,1,2,3,4,2
SF,IH2006,2020-06-17 13:11:00.700,2860.4000,17535,1,10471804380.000,1,1,0,双开,B,2860.2000,2860.0000,2859.8000,2859.6000,2859.4000,2860.6000,2860.8000,2861.0000,2861.6000,2861.8000,1,3,2,1,2,2,3,4,2,2
SF,IH2006,2020-06-17 13:11:01.200,2860.2000,17535,0,10472662440.000,1,0,1,空换,B,2860.0000,2859.8000,2859.6000,2859.4000,2859.2000,2860.2000,2860.4000,2860.6000,2860.8000,2861.0000,3,2,1,2,1,5,2,2,3,4
SF,IH2006,2020-06-17 13:11:01.700,2860.8000,17532,-3,10481243580.000,10,3,7,空平,B,2860.2000,2860.0000,2859.8000,2859.6000,2859.4000,2860.8000,2861.0000,2861.6000,2861.8000,2862.2000,4,3,2,1,2,2,4,2,2,3
SF,IH2006,2020-06-17 13:11:02.200,2860.8000,17532,0,10481243580.000,0,-,-,-,-,2860.2000,2860.0000,2859.8000,2859.6000,2859.4000,2860.4000,2860.8000,2861.0000,2861.6000,2861.8000,1,3,1,1,2,1,2,4,2,2
SF,IH2006,2020-06-17 13:11:02.700,2860.4000,17532,0,10482101700.000,1,0,1,空换,B,2860.0000,2859.8000,2859.6000,2859.4000,2859.2000,2860.8000,2861.0000,2861.6000,2861.8000,2862.2000,3,1,1,2,1,2,4,2,2,3
SF,IH2006,2020-06-17 13:11:03.200,2860.4000,17532,0,10482101700.000,0,-,-,-,-,2860.2000,2860.0000,2859.6000,2859.4000,2859.2000,2860.8000,2861.0000,2861.6000,2861.8000,2862.2000,4,4,1,2,1,3,4,2,2,3
SF,IH2006,2020-06-17 13:11:03.700,2860.8000,17531,-1,10482959940.000,1,0,1,双平,B,2860.2000,2860.0000,2859.6000,2859.4000,2859.2000,2860.8000,2861.0000,2861.6000,2861.8000,2862.2000,4,4,1,2,1,1,4,2,2,3
SF,IH2006,2020-06-17 13:11:04.700,2860.8000,17531,0,10482959940.000,0,-,-,-,-,2860.2000,2860.0000,2859.6000,2859.4000,2859.2000,2860.8000,2861.0000,2861.6000,2861.8000,2862.2000,4,4,1,2,1,1,2,2,2,3
SF,IH2006,2020-06-17 13:11:05.200,2860.2000,17532,1,10483818000.000,1,1,0,双开,B,2860.2000,2860.0000,2859.6000,2859.4000,2859.2000,2860.8000,2861.0000,2861.6000,2861.8000,2862.2000,3,5,1,2,1,1,2,2,2,3
SF,IH2006,2020-06-17 13:11:05.700,2860.2000,17532,0,10483818000.000,0,-,-,-,-,2860.2000,2860.0000,2859.6000,2859.4000,2859.2000,2860.6000,2860.8000,2861.0000,2861.4000,2861.6000,3,5,1,2,1,1,2,2,1,2
SF,IH2006,2020-06-17 13:11:06.200,2860.2000,17531,-1,10486392180.000,3,1,2,空平,B,2860.0000,2859.6000,2859.4000,2859.2000,2859.0000,2860.2000,2860.6000,2860.8000,2861.0000,2861.4000,5,1,2,1,1,1,4,2,2,1
SF,IH2006,2020-06-17 13:11:06.700,2860.2000,17531,0,10486392180.000,0,-,-,-,-,2860.0000,2859.6000,2859.4000,2859.2000,2859.0000,2860.2000,2860.6000,2860.8000,2861.0000,2861.4000,4,1,2,1,1,1,4,2,2,1
SF,IH2006,2020-06-17 13:11:08.700,2860.2000,17531,0,10487250240.000,1,0,1,空换,B,2860.0000,2859.6000,2859.4000,2859.2000,2859.0000,2860.6000,2860.8000,2861.0000,2861.4000,2861.6000,2,1,2,1,1,4,2,2,1,2
SF,IH2006,2020-06-17 13:11:09.200,2860.0000,17533,2,10488966240.000,2,2,0,双开,B,2859.6000,2859.4000,2859.2000,2859.0000,2858.8000,2860.2000,2860.4000,2860.6000,2860.8000,2861.0000,1,2,1,1,8,2,9,4,2,2
SF,IH2006,2020-06-17 13:11:09.700,2860.0000,17533,0,10488966240.000,0,-,-,-,-,2859.6000,2859.4000,2859.2000,2859.0000,2858.8000,2860.0000,2860.2000,2860.4000,2860.6000,2860.8000,1,1,1,1,8,1,1,8,4,2
SF,IH2006,2020-06-17 13:11:10.200,2860.0000,17533,0,10488966240.000,0,-,-,-,-,2859.6000,2859.4000,2859.2000,2859.0000,2858.8000,2859.8000,2860.0000,2860.2000,2860.4000,2860.6000,1,1,1,1,8,2,1,1,5,4
SF,IH2006,2020-06-17 13:11:10.700,2860.0000,17533,0,10488966240.000,0,-,-,-,-,2859.4000,2859.2000,2859.0000,2858.8000,2858.6000,2859.8000,2860.0000,2860.2000,2860.4000,2860.6000,1,1,1,8,1,2,1,2,5,4
SF,IH2006,2020-06-17 13:11:11.200,2860.0000,17534,1,10489824240.000,1,1,0,双开,B,2859.6000,2859.4000,2859.2000,2859.0000,2858.8000,2859.8000,2860.0000,2860.2000,2860.4000,2860.6000,1,2,1,1,8,1,1,2,4,4
SF,IH2006,2020-06-17 13:11:11.700,2859.6000,17534,0,10490682120.000,1,0,1,空换,B,2859.4000,2859.2000,2859.0000,2858.8000,2858.6000,2859.8000,2860.0000,2860.2000,2860.4000,2860.6000,2,1,1,8,1,1,1,2,4,4
SF,IH2006,2020-06-17 13:11:12.200,2860.0000,17534,0,10492398060.000,2,1,1,空换,B,2859.4000,2859.2000,2859.0000,2858.8000,2858.6000,2860.0000,2860.2000,2860.4000,2860.6000,2860.8000,2,1,1,8,1,1,2,4,4,2
SF,IH2006,2020-06-17 13:11:12.700,2860.0000,17534,0,10492398060.000,0,-,-,-,-,2859.4000,2859.2000,2859.0000,2858.8000,2858.4000,2860.0000,2860.2000,2860.4000,2860.6000,2860.8000,2,1,1,8,2,1,2,4,4,2
SF,IH2006,2020-06-17 13:11:13.200,2860.0000,17534,0,10492398060.000,0,-,-,-,-,2859.4000,2859.2000,2859.0000,2858.8000,2858.4000,2860.0000,2860.2000,2860.4000,2860.6000,2860.8000,2,1,1,8,3,1,2,4,4,2
SF,IH2006,2020-06-17 13:11:14.200,2859.4000,17534,0,10493255880.000,1,0,1,空换,B,2859.4000,2859.2000,2859.0000,2858.8000,2858.4000,2860.0000,2860.2000,2860.4000,2860.6000,2860.8000,1,1,1,8,3,1,2,4,4,2
SF,IH2006,2020-06-17 13:11:14.700,2859.4000,17534,0,10493255880.000,0,-,-,-,-,2859.6000,2859.4000,2859.2000,2859.0000,2858.8000,2860.0000,2860.2000,2860.4000,2860.6000,2860.8000,2,1,1,1,8,1,2,4,3,2
SF,IH2006,2020-06-17 13:11:15.200,2859.4000,17534,0,10493255880.000,0,-,-,-,-,2859.6000,2859.4000,2859.2000,2859.0000,2858.8000,2860.0000,2860.2000,2860.4000,2860.6000,2860.8000,3,1,1,1,8,1,2,4,3,2
SF,IH2006,2020-06-17 13:11:15.700,2859.4000,17534,0,10493255880.000,0,-,-,-,-,2859.8000,2859.6000,2859.4000,2859.2000,2859.0000,2860.0000,2860.2000,2860.4000,2860.6000,2860.8000,1,3,1,1,1,1,2,4,3,2
SF,IH2006,2020-06-17 13:11:17.200,2860.2000,17535,1,10495830000.000,3,2,1,多开,B,2860.2000,2859.8000,2859.6000,2859.4000,2859.2000,2860.4000,2860.6000,2860.8000,2861.0000,2861.4000,1,1,3,1,1,4,3,2,1,1
SF,IH2006,2020-06-17 13:11:17.700,2860.0000,17534,-1,10496688000.000,1,0,1,双平,B,2860.0000,2859.8000,2859.6000,2859.4000,2859.2000,2860.4000,2860.6000,2860.8000,2861.0000,2861.4000,3,2,3,1,1,1,3,2,1,1
SF,IH2006,2020-06-17 13:11:18.200,2860.4000,17534,0,10497546120.000,1,0,1,空换,B,2860.4000,2860.2000,2860.0000,2859.8000,2859.6000,2860.6000,2860.8000,2861.0000,2861.4000,2861.6000,4,6,4,2,1,3,2,1,1,2
SF,IH2006,2020-06-17 13:11:18.700,2860.8000,17538,4,10500978900.000,4,4,0,双开,B,2860.6000,2860.4000,2860.2000,2860.0000,2859.8000,2860.8000,2861.0000,2861.4000,2861.6000,2861.8000,1,1,6,2,2,1,1,1,3,2
SF,IH2006,2020-06-17 13:11:19.200,2860.8000,17538,0,10500978900.000,0,-,-,-,-,2860.6000,2860.2000,2860.0000,2859.8000,2859.6000,2860.8000,2861.0000,2861.2000,2861.6000,2861.8000,1,6,2,2,1,1,1,1,3,2
SF,IH2006,2020-06-17 13:11:20.200,2860.6000,17536,-2,10504411800.000,4,1,3,空平,B,2860.2000,2860.0000,2859.8000,2859.6000,2859.4000,2861.0000,2861.2000,2861.6000,2861.8000,2862.2000,5,2,2,1,1,1,1,3,2,3
SF,IH2006,2020-06-17 13:11:20.700,2860.6000,17536,0,10504411800.000,0,-,-,-,-,2860.4000,2860.2000,2860.0000,2859.8000,2859.6000,2861.0000,2861.2000,2861.6000,2861.8000,2862.2000,6,6,2,2,1,1,1,3,2,3
SF,IH2006,2020-06-17 13:11:21.200,2860.6000,17536,0,10504411800.000,0,-,-,-,-,2860.8000,2860.6000,2860.4000,2860.2000,2860.0000,2861.0000,2861.2000,2861.6000,2861.8000,2862.2000,1,1,6,5,2,1,1,3,2,3
SF,IH2006,2020-06-17 13:11:21.700,2860.6000,17536,0,10504411800.000,0,-,-,-,-,2860.8000,2860.6000,2860.4000,2860.2000,2860.0000,2861.0000,2861.2000,2861.6000,2861.8000,2862.2000,1,1,6,4,2,1,1,3,2,3
SF,IH2006,2020-06-17 13:11:22.200,2860.6000,17536,0,10504411800.000,0,-,-,-,-,2860.8000,2860.6000,2860.4000,2860.2000,2860.0000,2861.0000,2861.2000,2861.6000,2861.8000,2862.2000,1,1,6,4,2,1,1,2,2,3
SF,IH2006,2020-06-17 13:11:22.700,2860.8000,17535,-1,10505270040.000,1,0,1,双平,B,2860.6000,2860.4000,2860.2000,2860.0000,2859.8000,2861.0000,2861.2000,2861.6000,2861.8000,2862.2000,1,6,4,2,2,1,1,2,2,3
SF,IH2006,2020-06-17 13:11:23.200,2860.8000,17535,0,10505270040.000,0,-,-,-,-,2860.6000,2860.4000,2860.2000,2860.0000,2859.8000,2861.0000,2861.2000,2861.6000,2861.8000,2862.2000,2,6,4,2,2,1,1,2,2,3
SF,IH2006,2020-06-17 13:11:23.700,2860.6000,17535,0,10506128220.000,1,0,1,空换,B,2860.6000,2860.4000,2860.2000,2860.0000,2859.8000,2861.0000,2861.2000,2861.6000,2861.8000,2862.2000,1,6,4,2,2,1,1,2,2,3
SF,IH2006,2020-06-17 13:11:24.200,2861.0000,17535,0,10506986520.000,1,0,1,空换,B,2860.6000,2860.4000,2860.2000,2860.0000,2859.8000,2861.2000,2861.6000,2861.8000,2862.2000,2862.6000,1,5,4,2,2,1,2,2,3,1
SF,IH2006,2020-06-17 13:11:24.700,2861.0000,17535,0,10506986520.000,0,-,-,-,-,2860.6000,2860.4000,2860.2000,2860.0000,2859.8000,2861.0000,2861.2000,2861.6000,2861.8000,2862.2000,1,5,4,2,2,2,1,2,2,4
SF,IH2006,2020-06-17 13:11:25.200,2861.0000,17535,0,10506986520.000,0,-,-,-,-,2860.4000,2860.2000,2860.0000,2859.8000,2859.6000,2860.8000,2861.0000,2861.2000,2861.6000,2861.8000,3,4,2,2,1,1,2,1,2,2
SF,IH2006,2020-06-17 13:11:25.700,2861.0000,17535,0,10506986520.000,0,-,-,-,-,2860.4000,2860.2000,2860.0000,2859.8000,2859.6000,2861.0000,2861.2000,2861.6000,2861.8000,2862.2000,3,4,2,2,1,2,1,2,2,4
SF,IH2006,2020-06-17 13:11:26.200,2861.0000,17535,0,10506986520.000,0,-,-,-,-,2860.4000,2860.2000,2860.0000,2859.8000,2859.6000,2861.0000,2861.2000,2861.6000,2861.8000,2862.2000,2,3,2,2,1,2,1,2,2,4
SF,IH2006,2020-06-17 13:11:26.700,2861.0000,17535,0,10506986520.000,0,-,-,-,-,2860.6000,2860.4000,2860.2000,2860.0000,2859.8000,2860.8000,2861.0000,2861.2000,2861.6000,2861.8000,1,2,3,2,1,2,2,1,2,2
SF,IH2006,2020-06-17 13:11:27.200,2861.0000,17535,0,10506986520.000,0,-,-,-,-,2860.6000,2860.4000,2860.2000,2860.0000,2859.8000,2860.8000,2861.0000,2861.2000,2861.6000,2861.8000,1,2,3,2,1,2,2,2,3,2
SF,IH2006,2020-06-17 13:11:27.700,2861.0000,17535,0,10506986520.000,0,-,-,-,-,2860.6000,2860.4000,2860.2000,2860.0000,2859.8000,2860.8000,2861.0000,2861.2000,2861.4000,2861.6000,1,2,3,2,1,2,3,2,1,3
SF,IH2006,2020-06-17 13:11:28.200,2860.6000,17536,1,10507844700.000,1,1,0,双开,B,2860.4000,2860.2000,2860.0000,2859.8000,2859.6000,2860.6000,2860.8000,2861.0000,2861.2000,2861.4000,2,3,2,1,1,1,2,4,2,1
SF,IH2006,2020-06-17 13:11:28.700,2860.4000,17537,1,10508702820.000,1,1,0,双开,B,2860.2000,2860.0000,2859.8000,2859.6000,2859.0000,2860.4000,2860.8000,2861.0000,2861.2000,2861.4000,1,2,1,1,1,2,2,2,2,1
SF,IH2006,2020-06-17 13:11:29.200,2860.4000,17537,0,10508702820.000,0,-,-,-,-,2860.2000,2860.0000,2859.8000,2859.6000,2859.0000,2860.8000,2861.0000,2861.2000,2861.4000,2861.6000,1,2,1,1,1,2,2,2,1,3
SF,IH2006,2020-06-17 13:11:29.700,2860.4000,17538,1,10510419060.000,2,1,1,多开,B,2860.0000,2859.8000,2859.6000,2859.0000,2858.8000,2860.6000,2860.8000,2861.0000,2861.2000,2861.4000,2,1,1,1,2,7,2,2,2,1
SF,IH2006,2020-06-17 13:11:30.200,2860.4000,17537,-1,10511277180.000,1,0,1,双平,B,2860.0000,2859.8000,2859.6000,2859.0000,2858.8000,2860.6000,2860.8000,2861.0000,2861.2000,2861.4000,2,1,1,1,2,9,2,2,2,1
SF,IH2006,2020-06-17 13:11:30.700,2860.4000,17537,0,10511277180.000,0,-,-,-,-,2860.0000,2859.8000,2859.6000,2859.0000,2858.8000,2860.6000,2860.8000,2861.0000,2861.2000,2861.4000,2,1,1,1,2,9,1,2,2,1
SF,IH2006,2020-06-17 13:11:31.200,2860.4000,17537,0,10511277180.000,0,-,-,-,-,2860.0000,2859.8000,2859.6000,2859.0000,2858.8000,2860.6000,2860.8000,2861.0000,2861.2000,2861.4000,2,1,1,1,2,9,1,2,3,1
SF,IH2006,2020-06-17 13:11:32.200,2860.4000,17537,0,10511277180.000,0,-,-,-,-,2860.2000,2860.0000,2859.8000,2859.6000,2859.0000,2860.6000,2860.8000,2861.0000,2861.2000,2861.4000,1,2,1,1,1,9,1,2,3,1
SF,IH2006,2020-06-17 13:11:33.200,2860.4000,17537,0,10511277180.000,0,-,-,-,-,2860.2000,2860.0000,2859.8000,2859.6000,2859.0000,2860.6000,2860.8000,2861.0000,2861.2000,2861.4000,1,2,1,1,1,8,1,2,3,1
SF,IH2006,2020-06-17 13:11:34.200,2860.4000,17537,0,10511277180.000,0,-,-,-,-,2860.2000,2860.0000,2859.8000,2859.6000,2859.0000,2860.4000,2860.6000,2860.8000,2861.0000,2861.2000,1,2,1,1,1,2,6,1,2,3
SF,IH2006,2020-06-17 13:11:34.700,2860.4000,17537,0,10511277180.000,0,-,-,-,-,2860.2000,2860.0000,2859.8000,2859.6000,2859.0000,2860.4000,2860.6000,2860.8000,2861.0000,2861.2000,1,2,1,1,1,2,6,1,2,3
SF,IH2006,2020-06-17 13:11:35.700,2860.4000,17537,0,10511277180.000,0,-,-,-,-,2860.2000,2860.0000,2859.8000,2859.6000,2859.0000,2860.4000,2860.6000,2860.8000,2861.0000,2861.2000,1,2,1,1,1,2,6,1,2,3
SF,IH2006,2020-06-17 13:11:36.200,2860.4000,17537,0,10511277180.000,0,-,-,-,-,2860.2000,2860.0000,2859.8000,2859.6000,2859.0000,2860.4000,2860.6000,2860.8000,2861.0000,2861.2000,1,2,1,1,1,2,4,1,2,3
SF,IH2006,2020-06-17 13:11:37.700,2860.4000,17536,-1,10512135300.000,1,0,1,双平,B,2860.2000,2860.0000,2859.8000,2859.6000,2859.0000,2860.4000,2860.6000,2860.8000,2861.0000,2861.2000,1,2,1,1,1,1,4,1,2,3
SF,IH2006,2020-06-17 13:11:38.200,2860.4000,17537,1,10512993420.000,1,1,0,双开,B,2860.2000,2860.0000,2859.8000,2859.6000,2859.0000,2860.6000,2860.8000,2861.0000,2861.2000,2861.4000,1,2,1,1,1,4,1,2,3,1
SF,IH2006,2020-06-17 13:11:38.700,2860.2000,17537,0,10513851480.000,1,0,1,空换,B,2860.0000,2859.8000,2859.6000,2859.0000,2858.8000,2860.6000,2860.8000,2861.0000,2861.2000,2861.4000,3,1,1,1,2,4,1,2,3,1
SF,IH2006,2020-06-17 13:11:41.200,2860.2000,17537,0,10513851480.000,0,-,-,-,-,2860.2000,2860.0000,2859.8000,2859.6000,2859.0000,2860.6000,2860.8000,2861.0000,2861.2000,2861.4000,1,4,1,1,1,4,1,2,3,1
SF,IH2006,2020-06-17 13:11:41.700,2860.2000,17537,0,10513851480.000,0,-,-,-,-,2860.2000,2860.0000,2859.8000,2859.6000,2859.0000,2860.6000,2860.8000,2861.0000,2861.2000,2861.4000,1,4,1,1,1,3,1,2,3,1
SF,IH2006,2020-06-17 13:11:42.200,2860.2000,17537,0,10513851480.000,0,-,-,-,-,2860.2000,2860.0000,2859.8000,2859.6000,2859.0000,2860.6000,2860.8000,2861.0000,2861.2000,2861.4000,2,4,1,1,1,3,1,2,3,1
SF,IH2006,2020-06-17 13:11:42.700,2860.2000,17537,0,10513851480.000,0,-,-,-,-,2860.4000,2860.2000,2860.0000,2859.8000,2859.6000,2860.6000,2860.8000,2861.0000,2861.2000,2861.4000,1,2,4,1,1,3,1,2,3,1
SF,IH2006,2020-06-17 13:11:43.700,2860.4000,17537,0,10514709600.000,1,0,1,空换,B,2860.2000,2860.0000,2859.8000,2859.6000,2859.0000,2860.6000,2860.8000,2861.0000,2861.2000,2861.4000,2,4,1,1,1,3,1,2,3,1
SF,IH2006,2020-06-17 13:11:44.200,2860.4000,17537,0,10514709600.000,0,-,-,-,-,2860.2000,2860.0000,2859.8000,2859.6000,2859.0000,2860.6000,2860.8000,2861.0000,2861.2000,2861.4000,2,4,1,1,1,4,1,2,3,1
SF,IH2006,2020-06-17 13:11:44.700,2860.6000,17536,-1,10515567780.000,1,0,1,双平,B,2860.2000,2860.0000,2859.8000,2859.6000,2859.0000,2860.6000,2860.8000,2861.0000,2861.2000,2861.4000,2,4,1,1,1,3,1,2,3,1
SF,IH2006,2020-06-17 13:11:46.700,2860.6000,17536,0,10515567780.000,0,-,-,-,-,2860.2000,2860.0000,2859.8000,2859.6000,2859.0000,2860.6000,2860.8000,2861.0000,2861.2000,2861.4000,3,4,1,1,1,3,1,2,3,1
SF,IH2006,2020-06-17 13:11:47.200,2860.6000,17536,0,10515567780.000,0,-,-,-,-,2860.2000,2860.0000,2859.8000,2859.6000,2859.0000,2860.6000,2860.8000,2861.0000,2861.2000,2861.4000,3,4,1,1,1,1,1,2,3,1
SF,IH2006,2020-06-17 13:11:48.200,2860.6000,17536,0,10515567780.000,0,-,-,-,-,2860.4000,2860.2000,2860.0000,2859.8000,2859.6000,2860.6000,2860.8000,2861.0000,2861.2000,2861.4000,1,3,4,1,1,1,1,2,3,1
SF,IH2006,2020-06-17 13:11:48.700,2860.6000,17536,0,10515567780.000,0,-,-,-,-,2860.4000,2860.2000,2860.0000,2859.8000,2859.6000,2860.6000,2860.8000,2861.0000,2861.2000,2861.4000,1,2,4,1,1,1,1,2,3,1
SF,IH2006,2020-06-17 13:11:49.200,2860.6000,17536,0,10516425960.000,1,0,1,空换,B,2860.6000,2860.4000,2860.2000,2860.0000,2859.8000,2860.8000,2861.0000,2861.2000,2861.4000,2861.6000,1,1,2,4,1,1,2,3,1,3
SF,IH2006,2020-06-17 13:11:49.700,2860.6000,17535,-1,10517284140.000,1,0,1,双平,B,2860.4000,2860.2000,2860.0000,2859.8000,2859.0000,2861.0000,2861.2000,2861.4000,2861.6000,2861.8000,1,2,4,1,1,2,3,1,3,2
SF,IH2006,2020-06-17 13:11:50.200,2861.0000,17537,2,10519000740.000,2,2,0,双开,B,2860.6000,2860.4000,2860.2000,2860.0000,2859.8000,2861.0000,2861.2000,2861.4000,2861.6000,2861.8000,1,2,2,4,1,1,2,1,3,2
SF,IH2006,2020-06-17 13:11:51.200,2861.0000,17537,0,10519000740.000,0,-,-,-,-,2860.6000,2860.4000,2860.2000,2860.0000,2859.8000,2861.0000,2861.2000,2861.4000,2861.6000,2861.8000,1,2,2,4,2,1,2,1,3,2
SF,IH2006,2020-06-17 13:11:51.700,2861.0000,17537,0,10519000740.000,0,-,-,-,-,2860.6000,2860.4000,2860.2000,2860.0000,2859.8000,2861.0000,2861.2000,2861.4000,2861.6000,2861.8000,1,2,2,4,2,2,2,1,3,2
SF,IH2006,2020-06-17 13:11:52.700,2861.0000,17537,0,10519000740.000,0,-,-,-,-,2860.6000,2860.4000,2860.2000,2860.0000,2859.8000,2861.0000,2861.2000,2861.4000,2861.6000,2861.8000,1,1,2,4,2,3,2,1,3,2
SF,IH2006,2020-06-17 13:11:53.700,2861.0000,17537,0,10519000740.000,0,-,-,-,-,2860.6000,2860.4000,2860.2000,2860.0000,2859.8000,2861.0000,2861.2000,2861.4000,2861.6000,2861.8000,1,1,2,4,2,3,2,1,3,2
SF,IH2006,2020-06-17 13:11:54.700,2861.0000,17538,1,10519859040.000,1,1,0,双开,B,2860.6000,2860.4000,2860.2000,2860.0000,2859.8000,2861.0000,2861.2000,2861.4000,2861.6000,2861.8000,1,2,2,3,2,2,2,1,3,2
SF,IH2006,2020-06-17 13:11:56.700,2861.0000,17538,0,10519859040.000,0,-,-,-,-,2860.6000,2860.4000,2860.2000,2860.0000,2859.8000,2861.0000,2861.2000,2861.4000,2861.6000,2861.8000,1,2,2,3,2,2,2,1,4,2
SF,IH2006,2020-06-17 13:11:57.200,2861.0000,17538,0,10519859040.000,0,-,-,-,-,2860.6000,2860.4000,2860.2000,2860.0000,2859.8000,2861.0000,2861.2000,2861.4000,2861.6000,2861.8000,2,2,2,3,2,2,2,1,4,2
SF,IH2006,2020-06-17 13:12:00.200,2861.0000,17538,0,10519859040.000,0,-,-,-,-,2860.6000,2860.4000,2860.2000,2860.0000,2859.8000,2860.8000,2861.0000,2861.2000,2861.4000,2861.6000,2,2,2,3,2,4,2,2,1,4
SF,IH2006,2020-06-17 13:12:00.700,2860.4000,17540,2,10522433520.000,3,2,1,多开,B,2860.4000,2860.2000,2860.0000,2859.8000,2859.0000,2860.6000,2860.8000,2861.0000,2861.2000,2861.4000,1,2,3,2,1,17,5,2,2,1
SF,IH2006,2020-06-17 13:12:01.200,2860.4000,17539,-1,10523291640.000,1,0,1,双平,B,2860.2000,2860.0000,2859.8000,2859.0000,2858.8000,2860.4000,2860.6000,2860.8000,2861.0000,2861.2000,1,3,2,1,2,8,6,3,2,2
SF,IH2006,2020-06-17 13:12:01.700,2860.4000,17539,0,10526724120.000,4,2,2,空换,B,2860.2000,2860.0000,2859.8000,2859.0000,2858.8000,2860.4000,2860.6000,2860.8000,2861.0000,2861.2000,2,3,2,1,2,1,6,2,2,2
SF,IH2006,2020-06-17 13:12:02.200,2860.4000,17538,-1,10527582240.000,1,0,1,双平,B,2860.4000,2860.2000,2860.0000,2859.8000,2859.0000,2860.6000,2860.8000,2861.0000,2861.2000,2861.4000,4,2,2,2,1,5,2,2,2,1
SF,IH2006,2020-06-17 13:12:02.700,2860.6000,17537,-1,10531014960.000,4,1,3,空平,B,2860.6000,2860.4000,2860.2000,2860.0000,2859.8000,2860.8000,2861.0000,2861.2000,2861.4000,2861.6000,2,2,2,1,2,2,2,2,1,4
SF,IH2006,2020-06-17 13:12:03.200,2860.6000,17537,0,10531014960.000,0,-,-,-,-,2860.6000,2860.4000,2860.2000,2860.0000,2859.8000,2861.0000,2861.2000,2861.4000,2861.6000,2861.8000,2,1,2,1,2,2,2,1,4,2
SF,IH2006,2020-06-17 13:12:03.700,2860.6000,17536,-1,10531873140.000,1,0,1,双平,B,2860.6000,2860.4000,2860.2000,2860.0000,2859.8000,2861.0000,2861.2000,2861.4000,2861.6000,2861.8000,2,1,2,1,2,4,2,1,4,2
SF,IH2006,2020-06-17 13:12:04.700,2860.8000,17536,0,10532731380.000,1,0,1,空换,B,2860.6000,2860.4000,2860.2000,2860.0000,2859.8000,2860.8000,2861.0000,2861.2000,2861.4000,2861.6000,1,1,2,1,2,7,4,2,1,4
SF,IH2006,2020-06-17 13:12:05.200,2860.6000,17536,0,10536164040.000,4,2,2,空换,B,2860.2000,2860.0000,2859.8000,2859.0000,2858.8000,2860.6000,2860.8000,2861.0000,2861.2000,2861.4000,1,1,2,1,2,8,7,4,2,1
SF,IH2006,2020-06-17 13:12:05.700,2860.4000,17536,0,10539596460.000,4,2,2,空换,B,2860.0000,2859.8000,2859.0000,2858.8000,2858.4000,2860.6000,2860.8000,2861.0000,2861.2000,2861.4000,6,2,1,2,3,7,6,4,2,1
SF,IH2006,2020-06-17 13:12:06.200,2860.4000,17536,0,10539596460.000,0,-,-,-,-,2860.0000,2859.8000,2859.0000,2858.8000,2858.4000,2860.6000,2860.8000,2861.0000,2861.2000,2861.4000,7,2,1,2,3,7,6,4,2,1
SF,IH2006,2020-06-17 13:12:08.200,2860.0000,17536,0,10540454460.000,1,0,1,空换,B,2860.0000,2859.8000,2859.0000,2858.8000,2858.4000,2860.6000,2860.8000,2861.0000,2861.2000,2861.4000,5,2,1,2,3,7,6,4,2,1
SF,IH2006,2020-06-17 13:12:10.200,2860.0000,17536,0,10540454460.000,0,-,-,-,-,2860.2000,2860.0000,2859.8000,2859.0000,2858.8000,2860.6000,2860.8000,2861.0000,2861.2000,2861.4000,2,5,2,1,2,7,6,4,2,1
SF,IH2006,2020-06-17 13:12:10.700,2860.0000,17536,0,10540454460.000,0,-,-,-,-,2860.2000,2860.0000,2859.8000,2859.0000,2858.8000,2860.6000,2860.8000,2861.0000,2861.2000,2861.4000,3,4,2,1,2,5,6,4,2,1
SF,IH2006,2020-06-17 13:12:11.200,2860.0000,17536,0,10540454460.000,0,-,-,-,-,2860.2000,2860.0000,2859.8000,2859.0000,2858.8000,2860.6000,2860.8000,2861.0000,2861.2000,2861.4000,3,4,2,1,2,2,6,4,2,1
SF,IH2006,2020-06-17 13:12:11.700,2860.6000,17535,-1,10542170820.000,2,0,2,空平,B,2860.2000,2860.0000,2859.8000,2859.0000,2858.8000,2860.8000,2861.0000,2861.2000,2861.4000,2861.6000,3,4,2,1,2,6,3,2,1,5
SF,IH2006,2020-06-17 13:12:12.200,2860.6000,17535,0,10542170820.000,0,-,-,-,-,2860.6000,2860.2000,2860.0000,2859.8000,2859.0000,2860.8000,2861.0000,2861.2000,2861.4000,2861.6000,1,3,4,2,1,6,3,2,1,5
SF,IH2006,2020-06-17 13:12:12.700,2860.6000,17534,-1,10543029000.000,1,0,1,双平,B,2860.2000,2860.0000,2859.8000,2859.0000,2858.8000,2860.8000,2861.0000,2861.2000,2861.4000,2861.6000,3,4,2,1,2,5,3,2,1,5
SF,IH2006,2020-06-17 13:12:13.200,2860.6000,17534,0,10543029000.000,0,-,-,-,-,2860.4000,2860.2000,2860.0000,2859.8000,2859.0000,2860.8000,2861.0000,2861.2000,2861.4000,2861.6000,2,2,4,2,1,5,3,2,1,5
SF,IH2006,2020-06-17 13:12:13.700,2860.8000,17539,5,10547320200.000,5,5,0,双开,B,2860.8000,2860.6000,2860.4000,2860.2000,2860.0000,2861.0000,2861.2000,2861.4000,2861.6000,2861.8000,5,1,4,2,4,1,2,1,5,2
SF,IH2006,2020-06-17 13:12:14.200,2861.0000,17539,0,10548178500.000,1,0,1,空换,B,2861.0000,2860.6000,2860.4000,2860.2000,2860.0000,2861.2000,2861.4000,2861.6000,2861.8000,2862.2000,5,2,4,1,4,2,1,5,2,4
SF,IH2006,2020-06-17 13:12:14.700,2861.2000,17540,1,10549895220.000,2,1,1,多开,B,2861.2000,2861.0000,2860.6000,2860.4000,2860.2000,2861.4000,2861.6000,2861.8000,2862.2000,2862.6000,1,3,1,2,1,1,5,2,4,1
SF,IH2006,2020-06-17 13:12:15.200,2861.2000,17540,0,10549895220.000,0,-,-,-,-,2861.2000,2861.0000,2860.6000,2860.4000,2860.2000,2861.4000,2861.6000,2861.8000,2862.2000,2862.6000,1,3,1,2,1,1,5,2,4,1
SF,IH2006,2020-06-17 13:12:16.200,2861.2000,17540,0,10549895220.000,0,-,-,-,-,2861.2000,2861.0000,2860.6000,2860.4000,2860.2000,2861.4000,2861.6000,2861.8000,2862.2000,2862.6000,1,3,1,1,1,1,5,2,4,1
SF,IH2006,2020-06-17 13:12:17.700,2861.2000,17540,0,10549895220.000,0,-,-,-,-,2861.2000,2861.0000,2860.6000,2860.4000,2860.2000,2861.4000,2861.6000,2861.8000,2862.2000,2862.6000,1,3,1,1,1,1,5,4,4,1
SF,IH2006,2020-06-17 13:12:18.200,2861.2000,17539,-1,10550753580.000,1,0,1,双平,B,2861.0000,2860.6000,2860.4000,2860.2000,2860.0000,2861.2000,2861.4000,2861.6000,2861.8000,2862.2000,2,1,1,1,4,1,2,5,4,4
SF,IH2006,2020-06-17 13:12:18.700,2861.0000,17539,0,10551611880.000,1,0,1,空换,B,2860.6000,2860.4000,2860.2000,2860.0000,2859.8000,2861.0000,2861.2000,2861.4000,2861.6000,2861.8000,1,1,1,4,2,2,1,2,5,4
SF,IH2006,2020-06-17 13:12:19.200,2861.0000,17539,0,10551611880.000,0,-,-,-,-,2860.4000,2860.2000,2860.0000,2859.8000,2859.0000,2861.0000,2861.2000,2861.4000,2861.6000,2861.8000,1,1,4,2,1,3,1,3,4,4
SF,IH2006,2020-06-17 13:12:19.700,2861.0000,17539,0,10551611880.000,0,-,-,-,-,2860.4000,2860.2000,2860.0000,2859.8000,2859.0000,2861.0000,2861.2000,2861.4000,2861.6000,2861.8000,1,1,4,2,1,2,1,3,4,4
SF,IH2006,2020-06-17 13:12:20.200,2861.0000,17538,-1,10552470180.000,1,0,1,双平,B,2860.4000,2860.2000,2860.0000,2859.8000,2859.0000,2861.0000,2861.2000,2861.4000,2861.6000,2861.8000,1,1,4,2,1,1,1,4,4,4
SF,IH2006,2020-06-17 13:12:20.700,2861.0000,17538,0,10552470180.000,0,-,-,-,-,2860.4000,2860.2000,2860.0000,2859.8000,2859.0000,2861.0000,2861.2000,2861.4000,2861.6000,2861.8000,1,1,4,2,1,1,1,3,4,4
SF,IH2006,2020-06-17 13:12:21.200,2861.0000,17538,0,10553328480.000,1,0,1,空换,B,2861.0000,2860.6000,2860.0000,2859.8000,2859.0000,2861.2000,2861.4000,2861.6000,2861.8000,2862.2000,1,5,4,2,1,2,3,4,4,4
SF,IH2006,2020-06-17 13:12:21.700,2861.0000,17537,-1,10554186780.000,1,0,1,双平,B,2860.6000,2860.0000,2859.8000,2859.0000,2858.8000,2861.0000,2861.2000,2861.4000,2861.6000,2861.8000,5,4,2,1,2,1,2,3,4,4
SF,IH2006,2020-06-17 13:12:23.200,2861.0000,17536,-1,10555045080.000,1,0,1,双平,B,2861.0000,2860.6000,2860.0000,2859.8000,2859.0000,2861.2000,2861.4000,2861.6000,2861.8000,2862.2000,1,5,4,2,1,2,3,4,4,4
SF,IH2006,2020-06-17 13:12:24.200,2861.0000,17536,0,10555045080.000,0,-,-,-,-,2861.0000,2860.6000,2860.0000,2859.8000,2859.0000,2861.2000,2861.4000,2861.6000,2861.8000,2862.2000,1,4,4,2,1,2,3,4,4,4
SF,IH2006,2020-06-17 13:12:25.200,2861.2000,17537,1,10555903440.000,1,1,0,双开,B,2861.0000,2860.6000,2860.0000,2859.8000,2859.0000,2861.2000,2861.4000,2861.6000,2861.8000,2862.2000,1,4,4,2,1,1,3,4,4,4
SF,IH2006,2020-06-17 13:12:26.200,2861.2000,17537,0,10555903440.000,0,-,-,-,-,2861.0000,2860.6000,2860.2000,2860.0000,2859.8000,2861.2000,2861.4000,2861.6000,2861.8000,2862.2000,1,4,1,4,2,1,3,4,4,4
SF,IH2006,2020-06-17 13:12:26.700,2861.0000,17537,0,10556761740.000,1,0,1,空换,B,2860.6000,2860.2000,2860.0000,2859.8000,2859.0000,2861.0000,2861.2000,2861.4000,2861.6000,2861.8000,3,1,4,2,1,4,1,3,4,4
SF,IH2006,2020-06-17 13:12:27.200,2860.6000,17538,1,10557619920.000,1,1,0,双开,B,2860.6000,2860.2000,2860.0000,2859.8000,2859.0000,2861.0000,2861.2000,2861.4000,2861.6000,2861.8000,1,1,4,2,1,4,1,3,4,4
SF,IH2006,2020-06-17 13:12:27.700,2860.6000,17537,-1,10558478100.000,1,0,1,双平,B,2860.2000,2860.0000,2859.8000,2859.0000,2858.8000,2860.6000,2860.8000,2861.0000,2861.2000,2861.4000,1,4,2,1,2,7,1,5,1,3
SF,IH2006,2020-06-17 13:12:28.200,2860.6000,17537,0,10558478100.000,0,-,-,-,-,2860.2000,2860.0000,2859.8000,2859.0000,2858.8000,2860.6000,2861.0000,2861.2000,2861.4000,2861.6000,1,4,2,1,2,2,4,1,3,4
SF,IH2006,2020-06-17 13:12:29.200,2860.2000,17537,0,10559336160.000,1,0,1,空换,B,2860.0000,2859.8000,2859.0000,2858.8000,2858.4000,2860.6000,2861.0000,2861.2000,2861.4000,2861.6000,4,2,1,2,3,2,4,1,3,4
SF,IH2006,2020-06-17 13:12:31.200,2860.6000,17536,-1,10560194340.000,1,0,1,双平,B,2860.0000,2859.8000,2859.0000,2858.8000,2858.4000,2860.6000,2861.0000,2861.2000,2861.4000,2861.6000,4,2,1,2,3,1,4,1,2,4
SF,IH2006,2020-06-17 13:12:31.700,2860.0000,17535,-1,10561052340.000,1,0,1,双平,B,2860.0000,2859.8000,2859.0000,2858.8000,2858.4000,2860.6000,2861.0000,2861.2000,2861.4000,2861.6000,3,2,1,2,3,1,4,1,2,4
SF,IH2006,2020-06-17 13:12:32.200,2860.0000,17535,0,10561052340.000,0,-,-,-,-,2860.2000,2860.0000,2859.8000,2859.0000,2858.8000,2860.6000,2860.8000,2861.0000,2861.2000,2861.4000,3,3,2,1,2,1,1,4,1,2
SF,IH2006,2020-06-17 13:12:32.700,2860.0000,17535,0,10561052340.000,0,-,-,-,-,2860.2000,2860.0000,2859.8000,2859.0000,2858.8000,2860.8000,2861.0000,2861.2000,2861.4000,2861.6000,3,3,2,1,2,1,4,1,2,4
SF,IH2006,2020-06-17 13:12:33.700,2860.0000,17535,0,10561052340.000,0,-,-,-,-,2860.2000,2860.0000,2859.8000,2859.0000,2858.8000,2860.8000,2861.0000,2861.2000,2861.4000,2861.6000,5,3,2,1,2,1,4,1,2,4
SF,IH2006,2020-06-17 13:12:35.200,2860.0000,17535,0,10561052340.000,0,-,-,-,-,2860.2000,2860.0000,2859.8000,2859.0000,2858.8000,2860.8000,2861.0000,2861.2000,2861.4000,2861.6000,4,3,2,1,2,1,4,1,2,4
SF,IH2006,2020-06-17 13:12:35.700,2860.0000,17535,0,10561052340.000,0,-,-,-,-,2860.2000,2860.0000,2859.8000,2859.0000,2858.8000,2860.8000,2861.0000,2861.2000,2861.4000,2861.6000,4,4,2,1,2,3,4,1,2,4
SF,IH2006,2020-06-17 13:12:36.200,2860.0000,17535,0,10561052340.000,0,-,-,-,-,2860.2000,2860.0000,2859.8000,2859.0000,2858.8000,2860.6000,2860.8000,2861.0000,2861.2000,2861.4000,4,4,2,1,2,1,3,4,1,2
SF,IH2006,2020-06-17 13:12:36.700,2860.0000,17535,0,10561052340.000,0,-,-,-,-,2860.2000,2860.0000,2859.8000,2859.0000,2858.8000,2860.6000,2860.8000,2861.0000,2861.2000,2861.4000,2,4,2,1,2,5,3,4,1,2
SF,IH2006,2020-06-17 13:12:37.200,2860.6000,17535,0,10561910520.000,1,0,1,空换,B,2860.2000,2860.0000,2859.8000,2859.0000,2858.8000,2860.6000,2860.8000,2861.0000,2861.2000,2861.4000,2,4,2,1,2,5,3,4,1,2
SF,IH2006,2020-06-17 13:12:37.700,2860.6000,17535,0,10561910520.000,0,-,-,-,-,2860.2000,2860.0000,2859.8000,2859.0000,2858.8000,2860.4000,2860.6000,2860.8000,2861.0000,2861.2000,2,4,3,1,2,1,5,3,4,1
SF,IH2006,2020-06-17 13:12:43.200,2860.6000,17535,0,10561910520.000,0,-,-,-,-,2860.2000,2860.0000,2859.8000,2859.0000,2858.8000,2860.4000,2860.6000,2860.8000,2861.0000,2861.2000,2,5,3,1,2,1,5,3,4,1
SF,IH2006,2020-06-17 13:12:43.700,2860.6000,17535,0,10561910520.000,0,-,-,-,-,2860.0000,2859.8000,2859.0000,2858.8000,2858.4000,2860.4000,2860.6000,2860.8000,2861.0000,2861.2000,5,3,1,2,3,1,5,3,4,1
SF,IH2006,2020-06-17 13:12:44.200,2860.0000,17534,-1,10566200880.000,5,2,3,空平,B,2860.0000,2859.8000,2859.0000,2858.8000,2858.4000,2860.4000,2860.6000,2860.8000,2861.0000,2861.2000,2,2,1,2,3,4,4,3,2,1
SF,IH2006,2020-06-17 13:12:44.700,2860.2000,17534,0,10567916940.000,2,1,1,空换,B,2860.0000,2859.8000,2859.0000,2858.8000,2858.4000,2860.4000,2860.6000,2860.8000,2861.0000,2861.2000,1,2,1,2,3,3,3,3,2,1
SF,IH2006,2020-06-17 13:12:45.200,2859.8000,17534,0,10569632880.000,2,1,1,空换,B,2859.8000,2859.0000,2858.8000,2858.4000,2858.2000,2860.0000,2860.4000,2860.6000,2860.8000,2861.0000,1,1,2,3,2,1,2,3,3,2
SF,IH2006,2020-06-17 13:12:45.700,2859.8000,17534,0,10569632880.000,0,-,-,-,-,2859.8000,2859.4000,2859.0000,2858.8000,2858.4000,2860.0000,2860.4000,2860.6000,2860.8000,2861.0000,1,1,1,2,3,1,2,3,3,2
SF,IH2006,2020-06-17 13:12:46.200,2859.8000,17534,0,10569632880.000,0,-,-,-,-,2859.8000,2859.6000,2859.4000,2859.0000,2858.8000,2860.0000,2860.4000,2860.6000,2860.8000,2861.0000,1,1,1,1,2,1,2,3,3,2
SF,IH2006,2020-06-17 13:12:46.700,2860.0000,17535,1,10570490880.000,1,1,0,双开,B,2859.8000,2859.6000,2859.4000,2859.0000,2858.8000,2860.0000,2860.4000,2860.6000,2860.8000,2861.0000,1,1,1,1,2,1,2,3,3,2
SF,IH2006,2020-06-17 13:12:48.700,2860.0000,17534,-1,10571348880.000,1,0,1,双平,B,2859.8000,2859.6000,2859.4000,2859.0000,2858.8000,2860.4000,2860.6000,2860.8000,2861.0000,2861.2000,1,1,1,1,2,2,3,3,2,1
SF,IH2006,2020-06-17 13:12:49.700,2859.8000,17534,0,10572206820.000,1,0,1,空换,B,2859.6000,2859.4000,2859.0000,2858.8000,2858.4000,2860.4000,2860.6000,2860.8000,2861.0000,2861.4000,1,1,1,2,3,2,3,3,2,2
SF,IH2006,2020-06-17 13:12:50.200,2859.8000,17534,0,10572206820.000,0,-,-,-,-,2859.8000,2859.6000,2859.4000,2859.0000,2858.8000,2860.4000,2860.6000,2860.8000,2861.0000,2861.4000,1,2,1,1,2,2,3,3,2,2
SF,IH2006,2020-06-17 13:12:50.700,2859.8000,17533,-1,10573064760.000,1,0,1,双平,B,2860.0000,2859.8000,2859.6000,2859.4000,2859.0000,2860.4000,2860.6000,2860.8000,2861.0000,2861.4000,1,1,2,1,1,1,3,3,2,2
SF,IH2006,2020-06-17 13:12:51.200,2859.8000,17533,0,10573064760.000,0,-,-,-,-,2860.2000,2860.0000,2859.6000,2859.4000,2859.0000,2860.4000,2860.6000,2860.8000,2861.0000,2861.4000,2,1,2,1,1,1,3,3,2,2
SF,IH2006,2020-06-17 13:12:51.700,2860.2000,17532,-1,10573922820.000,1,0,1,双平,B,2860.2000,2860.0000,2859.8000,2859.6000,2859.4000,2860.4000,2860.6000,2860.8000,2861.0000,2861.4000,1,1,1,1,1,1,3,3,2,2
SF,IH2006,2020-06-17 13:12:52.200,2860.4000,17532,0,10574780940.000,1,0,1,空换,B,2860.0000,2859.8000,2859.6000,2859.4000,2859.0000,2860.6000,2860.8000,2861.0000,2861.4000,2861.6000,1,1,1,1,1,3,3,2,2,4
SF,IH2006,2020-06-17 13:12:52.700,2860.4000,17532,0,10574780940.000,0,-,-,-,-,2860.2000,2860.0000,2859.8000,2859.6000,2859.4000,2860.6000,2860.8000,2861.0000,2861.4000,2861.6000,1,2,1,1,1,3,3,2,2,4
SF,IH2006,2020-06-17 13:12:53.700,2860.6000,17532,0,10575639120.000,1,0,1,空换,B,2860.2000,2860.0000,2859.8000,2859.6000,2859.4000,2860.6000,2860.8000,2861.0000,2861.4000,2861.6000,1,2,1,1,1,2,3,2,2,4
SF,IH2006,2020-06-17 13:12:54.200,2860.6000,17531,-1,10578213660.000,3,1,2,空平,B,2860.6000,2860.2000,2860.0000,2859.8000,2859.6000,2860.8000,2861.0000,2861.4000,2861.6000,2861.8000,3,1,2,1,1,2,2,2,4,4
SF,IH2006,2020-06-17 13:12:54.700,2860.2000,17527,-4,10581646260.000,4,0,4,双平,B,2860.0000,2859.8000,2859.6000,2859.4000,2859.0000,2860.6000,2860.8000,2861.0000,2861.4000,2861.6000,2,1,1,1,1,1,2,2,2,4
SF,IH2006,2020-06-17 13:12:55.200,2860.2000,17527,0,10581646260.000,0,-,-,-,-,2860.0000,2859.8000,2859.6000,2859.4000,2859.0000,2860.6000,2860.8000,2861.0000,2861.4000,2861.6000,2,1,1,1,1,2,3,2,2,4
SF,IH2006,2020-06-17 13:12:56.200,2860.2000,17527,0,10581646260.000,0,-,-,-,-,2860.0000,2859.8000,2859.6000,2859.4000,2859.0000,2860.6000,2860.8000,2861.0000,2861.4000,2861.6000,2,1,1,1,1,2,3,2,2,4
SF,IH2006,2020-06-17 13:12:56.700,2860.2000,17527,0,10581646260.000,0,-,-,-,-,2860.0000,2859.6000,2859.4000,2859.0000,2858.8000,2860.6000,2860.8000,2861.0000,2861.4000,2861.6000,4,1,1,1,2,2,3,2,2,4
SF,IH2006,2020-06-17 13:12:58.200,2860.2000,17527,0,10581646260.000,0,-,-,-,-,2860.2000,2860.0000,2859.6000,2859.4000,2859.0000,2860.6000,2860.8000,2861.0000,2861.4000,2861.6000,1,4,1,1,1,2,3,2,2,4
SF,IH2006,2020-06-17 13:12:58.700,2860.6000,17526,-1,10583362560.000,2,0,2,空平,B,2860.0000,2859.6000,2859.4000,2859.0000,2858.8000,2860.8000,2861.0000,2861.4000,2861.6000,2861.8000,4,1,1,1,2,3,2,2,4,4
SF,IH2006,2020-06-17 13:12:59.200,2860.8000,17526,0,10584220800.000,1,0,1,空换,B,2860.4000,2860.0000,2859.6000,2859.4000,2859.0000,2860.8000,2861.0000,2861.4000,2861.6000,2861.8000,1,3,1,1,1,2,2,2,4,4
SF,IH2006,2020-06-17 13:12:59.700,2860.8000,17526,0,10584220800.000,0,-,-,-,-,2860.4000,2860.0000,2859.6000,2859.4000,2859.0000,2860.8000,2861.0000,2861.4000,2861.6000,2861.8000,1,3,1,1,1,4,2,2,4,4
SF,IH2006,2020-06-17 13:13:00.200,2860.4000,17526,0,10585078920.000,1,0,1,空换,B,2860.0000,2859.6000,2859.4000,2859.0000,2858.8000,2860.4000,2860.6000,2860.8000,2861.0000,2861.4000,3,1,1,1,2,1,6,10,2,2
SF,IH2006,2020-06-17 13:13:00.700,2860.0000,17526,0,10585936920.000,1,0,1,空换,B,2860.0000,2859.6000,2859.4000,2859.0000,2858.8000,2860.2000,2860.4000,2860.6000,2860.8000,2861.0000,2,1,1,1,2,2,1,5,4,2
SF,IH2006,2020-06-17 13:13:01.200,2860.0000,17526,0,10587652920.000,2,1,1,空换,B,2859.6000,2859.4000,2859.0000,2858.8000,2858.4000,2860.0000,2860.2000,2860.4000,2860.6000,2860.8000,1,1,1,2,3,2,5,1,3,4
SF,IH2006,2020-06-17 13:13:01.700,2860.2000,17523,-3,10591084980.000,4,0,4,空平,B,2859.6000,2859.4000,2859.0000,2858.8000,2858.4000,2860.2000,2860.4000,2860.6000,2860.8000,2861.0000,2,1,1,2,3,3,1,3,4,2
SF,IH2006,2020-06-17 13:13:02.200,2860.2000,17523,0,10591084980.000,0,-,-,-,-,2859.6000,2859.4000,2859.0000,2858.8000,2858.4000,2860.0000,2860.2000,2860.4000,2860.6000,2860.8000,3,1,1,2,3,1,2,1,3,4
SF,IH2006,2020-06-17 13:13:02.700,2860.2000,17523,0,10591084980.000,0,-,-,-,-,2859.6000,2859.4000,2859.0000,2858.8000,2858.4000,2860.0000,2860.2000,2860.4000,2860.6000,2860.8000,3,1,1,2,3,3,2,1,3,4
SF,IH2006,2020-06-17 13:13:03.200,2860.2000,17523,0,10591084980.000,0,-,-,-,-,2859.6000,2859.4000,2859.0000,2858.8000,2858.4000,2860.0000,2860.2000,2860.4000,2860.6000,2860.8000,3,4,1,2,3,3,2,1,3,4
SF,IH2006,2020-06-17 13:13:03.700,2860.0000,17523,0,10591942980.000,1,0,1,空换,B,2859.6000,2859.4000,2859.0000,2858.8000,2858.4000,2860.0000,2860.2000,2860.4000,2860.6000,2860.8000,3,4,1,2,3,2,2,1,3,4
SF,IH2006,2020-06-17 13:13:04.200,2860.0000,17523,0,10591942980.000,0,-,-,-,-,2859.8000,2859.6000,2859.4000,2859.0000,2858.8000,2860.0000,2860.2000,2860.4000,2860.6000,2860.8000,1,3,4,1,2,2,2,1,3,4
SF,IH2006,2020-06-17 13:13:04.700,2860.0000,17523,0,10592800980.000,1,0,1,空换,B,2859.8000,2859.6000,2859.4000,2859.0000,2858.8000,2860.0000,2860.2000,2860.4000,2860.6000,2860.8000,1,3,4,1,2,1,2,1,3,4
SF,IH2006,2020-06-17 13:13:05.200,2860.0000,17523,0,10592800980.000,0,-,-,-,-,2859.8000,2859.6000,2859.4000,2859.0000,2858.8000,2860.0000,2860.2000,2860.4000,2860.6000,2860.8000,1,4,4,1,2,1,2,1,3,4
SF,IH2006,2020-06-17 13:13:05.700,2860.0000,17523,0,10592800980.000,0,-,-,-,-,2859.8000,2859.6000,2859.4000,2859.0000,2858.8000,2860.0000,2860.2000,2860.4000,2860.6000,2860.8000,1,4,4,1,2,1,2,1,4,4
SF,IH2006,2020-06-17 13:13:06.200,2860.0000,17523,0,10593658980.000,1,0,1,空换,B,2860.0000,2859.8000,2859.6000,2859.4000,2859.0000,2860.2000,2860.4000,2860.6000,2860.8000,2861.0000,5,1,4,4,1,2,1,4,4,2
SF,IH2006,2020-06-17 13:13:06.700,2859.8000,17523,0,10598806920.000,6,3,3,空换,B,2859.6000,2859.4000,2859.0000,2858.8000,2858.4000,2860.0000,2860.2000,2860.4000,2860.6000,2860.8000,4,4,1,2,3,10,2,1,4,4
SF,IH2006,2020-06-17 13:13:07.200,2859.8000,17523,0,10598806920.000,0,-,-,-,-,2859.6000,2859.4000,2859.0000,2858.8000,2858.4000,2860.0000,2860.2000,2860.4000,2860.6000,2860.8000,2,4,1,2,3,7,2,1,4,4
SF,IH2006,2020-06-17 13:13:07.700,2859.8000,17523,0,10598806920.000,0,-,-,-,-,2859.8000,2859.6000,2859.4000,2859.0000,2858.8000,2860.0000,2860.2000,2860.4000,2860.6000,2860.8000,1,2,4,1,2,5,2,1,4,4
SF,IH2006,2020-06-17 13:13:08.700,2860.0000,17522,-1,10599664920.000,1,0,1,双平,B,2859.8000,2859.6000,2859.4000,2859.0000,2858.8000,2860.0000,2860.2000,2860.4000,2860.6000,2860.8000,1,2,4,1,2,4,2,1,4,4
SF,IH2006,2020-06-17 13:13:09.200,2860.0000,17522,0,10599664920.000,0,-,-,-,-,2859.8000,2859.6000,2859.4000,2859.0000,2858.8000,2860.0000,2860.2000,2860.4000,2860.6000,2860.8000,1,2,4,1,2,2,2,1,4,4
SF,IH2006,2020-06-17 13:13:09.700,2860.0000,17521,-1,10601380920.000,2,0,2,空平,B,2859.8000,2859.6000,2859.4000,2859.0000,2858.8000,2860.2000,2860.4000,2860.6000,2860.8000,2861.0000,1,3,4,1,2,2,1,4,4,2
SF,IH2006,2020-06-17 13:13:10.200,2860.0000,17521,0,10601380920.000,0,-,-,-,-,2859.8000,2859.6000,2859.4000,2859.0000,2858.8000,2860.2000,2860.4000,2860.6000,2860.8000,2861.0000,1,3,4,1,2,2,1,3,2,2
SF,IH2006,2020-06-17 13:13:10.700,2860.0000,17521,0,10601380920.000,0,-,-,-,-,2859.8000,2859.6000,2859.4000,2859.0000,2858.8000,2860.0000,2860.2000,2860.4000,2860.6000,2860.8000,1,3,4,1,2,1,2,1,3,2
SF,IH2006,2020-06-17 13:13:11.200,2860.0000,17521,0,10601380920.000,0,-,-,-,-,2859.8000,2859.6000,2859.4000,2859.0000,2858.8000,2860.0000,2860.2000,2860.4000,2860.6000,2860.8000,1,4,4,1,2,1,2,1,3,2
SF,IH2006,2020-06-17 13:13:11.700,2860.0000,17521,0,10602238920.000,1,0,1,空换,B,2859.8000,2859.6000,2859.4000,2859.0000,2858.8000,2860.2000,2860.4000,2860.6000,2860.8000,2861.0000,1,4,4,1,2,2,1,3,2,2
SF,IH2006,2020-06-17 13:13:12.200,2860.0000,17521,0,10602238920.000,0,-,-,-,-,2859.8000,2859.6000,2859.4000,2859.0000,2858.8000,2860.2000,2860.4000,2860.6000,2860.8000,2861.0000,2,4,4,1,2,2,1,3,2,2
SF,IH2006,2020-06-17 13:13:13.200,2860.2000,17521,0,10603096980.000,1,0,1,空换,B,2859.8000,2859.6000,2859.4000,2859.0000,2858.8000,2860.2000,2860.4000,2860.6000,2860.8000,2861.0000,2,4,1,1,2,1,1,3,2,2
SF,IH2006,2020-06-17 13:13:13.700,2860.2000,17521,0,10603096980.000,0,-,-,-,-,2859.8000,2859.6000,2859.4000,2859.0000,2858.8000,2860.2000,2860.4000,2860.6000,2860.8000,2861.0000,2,4,1,1,2,1,1,3,3,2
SF,IH2006,2020-06-17 13:13:15.200,2859.8000,17521,0,10603954920.000,1,0,1,空换,B,2859.8000,2859.6000,2859.4000,2859.0000,2858.8000,2860.2000,2860.4000,2860.6000,2860.8000,2861.0000,1,4,1,1,2,1,1,3,3,2
SF,IH2006,2020-06-17 13:13:15.700,2859.8000,17521,0,10603954920.000,0,-,-,-,-,2859.6000,2859.4000,2859.0000,2858.8000,2858.4000,2860.2000,2860.4000,2860.6000,2860.8000,2861.0000,4,1,1,2,3,3,1,3,3,2
SF,IH2006,2020-06-17 13:13:16.200,2859.8000,17521,0,10603954920.000,0,-,-,-,-,2859.6000,2859.4000,2859.0000,2858.8000,2858.4000,2860.2000,2860.4000,2860.6000,2860.8000,2861.0000,3,1,1,2,3,3,1,3,3,2
SF,IH2006,2020-06-17 13:13:16.700,2859.8000,17521,0,10603954920.000,0,-,-,-,-,2859.8000,2859.6000,2859.4000,2859.0000,2858.8000,2860.2000,2860.4000,2860.6000,2860.8000,2861.0000,1,4,1,1,2,3,1,3,3,2
SF,IH2006,2020-06-17 13:13:17.200,2860.2000,17521,0,10604812980.000,1,0,1,空换,B,2860.2000,2859.8000,2859.6000,2859.4000,2859.0000,2860.4000,2860.6000,2860.8000,2861.0000,2861.4000,5,3,4,1,1,1,3,3,2,1
SF,IH2006,2020-06-17 13:13:17.700,2860.2000,17520,-1,10605671040.000,1,0,1,双平,B,2860.2000,2859.8000,2859.6000,2859.4000,2859.0000,2860.4000,2860.6000,2860.8000,2861.0000,2861.4000,4,3,4,1,1,1,3,3,2,1
SF,IH2006,2020-06-17 13:13:18.200,2860.2000,17516,-4,10609103280.000,4,0,4,双平,B,2859.8000,2859.6000,2859.4000,2859.0000,2858.8000,2860.4000,2860.6000,2860.8000,2861.0000,2861.4000,3,4,1,1,2,1,3,3,2,1
SF,IH2006,2020-06-17 13:13:18.700,2860.4000,17515,-1,10609961400.000,1,0,1,双平,B,2859.8000,2859.6000,2859.4000,2859.0000,2858.8000,2860.6000,2860.8000,2861.0000,2861.4000,2861.6000,3,4,1,1,2,3,3,2,1,3
SF,IH2006,2020-06-17 13:13:19.200,2860.4000,17515,0,10609961400.000,0,-,-,-,-,2860.0000,2859.8000,2859.6000,2859.4000,2859.0000,2860.6000,2860.8000,2861.0000,2861.4000,2861.6000,1,2,3,4,1,3,3,2,1,3
SF,IH2006,2020-06-17 13:13:19.700,2860.4000,17515,0,10609961400.000,0,-,-,-,-,2860.0000,2859.8000,2859.6000,2859.4000,2859.0000,2860.6000,2860.8000,2861.0000,2861.4000,2861.6000,1,2,3,4,1,3,3,2,1,3
SF,IH2006,2020-06-17 13:13:20.200,2860.4000,17515,0,10609961400.000,0,-,-,-,-,2860.0000,2859.8000,2859.6000,2859.4000,2859.0000,2860.6000,2860.8000,2861.0000,2861.4000,2861.6000,1,2,3,4,1,3,3,2,1,2
SF,IH2006,2020-06-17 13:13:25.700,2860.4000,17515,0,10609961400.000,0,-,-,-,-,2860.0000,2859.8000,2859.6000,2859.4000,2859.0000,2860.6000,2860.8000,2861.0000,2861.4000,2861.6000,1,2,2,4,1,3,3,2,1,2
SF,IH2006,2020-06-17 13:13:26.200,2860.4000,17515,0,10609961400.000,0,-,-,-,-,2860.0000,2859.8000,2859.6000,2859.4000,2859.0000,2860.6000,2860.8000,2861.0000,2861.4000,2861.6000,1,3,2,4,1,3,3,2,1,2
SF,IH2006,2020-06-17 13:13:27.700,2860.4000,17515,0,10609961400.000,0,-,-,-,-,2860.2000,2860.0000,2859.8000,2859.6000,2859.4000,2860.6000,2860.8000,2861.0000,2861.4000,2861.6000,1,1,3,2,4,3,3,2,1,2
SF,IH2006,2020-06-17 13:13:29.700,2860.2000,17515,0,10610819460.000,1,0,1,空换,B,2860.0000,2859.8000,2859.6000,2859.4000,2859.0000,2860.6000,2860.8000,2861.0000,2861.4000,2861.6000,1,3,2,4,1,3,3,2,1,2
SF,IH2006,2020-06-17 13:13:30.200,2860.2000,17515,0,10610819460.000,0,-,-,-,-,2860.0000,2859.8000,2859.6000,2859.4000,2859.0000,2860.6000,2860.8000,2861.0000,2861.4000,2861.6000,1,3,2,4,1,5,3,2,1,2
SF,IH2006,2020-06-17 13:13:30.700,2860.2000,17515,0,10610819460.000,0,-,-,-,-,2860.0000,2859.8000,2859.6000,2859.4000,2859.0000,2860.6000,2860.8000,2861.0000,2861.4000,2861.6000,1,4,2,4,1,5,3,2,1,2
SF,IH2006,2020-06-17 13:13:31.200,2860.2000,17515,0,10610819460.000,0,-,-,-,-,2860.0000,2859.8000,2859.6000,2859.4000,2859.0000,2860.6000,2860.8000,2861.0000,2861.4000,2861.6000,1,4,2,4,1,3,3,2,1,2
SF,IH2006,2020-06-17 13:13:31.700,2860.2000,17515,0,10610819460.000,0,-,-,-,-,2860.2000,2860.0000,2859.8000,2859.6000,2859.4000,2860.6000,2860.8000,2861.0000,2861.4000,2861.6000,1,1,4,2,4,3,3,2,1,2
SF,IH2006,2020-06-17 13:13:32.200,2860.2000,17515,0,10610819460.000,0,-,-,-,-,2860.2000,2860.0000,2859.8000,2859.6000,2859.4000,2860.6000,2860.8000,2861.0000,2861.4000,2861.6000,1,1,3,2,4,3,3,3,1,2
SF,IH2006,2020-06-17 13:13:32.700,2860.2000,17515,0,10611677520.000,1,0,1,空换,B,2860.0000,2859.8000,2859.6000,2859.4000,2859.0000,2860.6000,2860.8000,2861.0000,2861.4000,2861.6000,1,3,2,4,1,5,3,3,1,2
SF,IH2006,2020-06-17 13:13:34.700,2860.2000,17515,0,10611677520.000,0,-,-,-,-,2860.0000,2859.8000,2859.6000,2859.4000,2859.0000,2860.6000,2860.8000,2861.0000,2861.4000,2861.6000,1,3,2,1,1,5,3,3,1,2
SF,IH2006,2020-06-17 13:13:38.200,2860.2000,17515,0,10611677520.000,0,-,-,-,-,2860.0000,2859.8000,2859.6000,2859.4000,2859.0000,2860.6000,2860.8000,2861.0000,2861.4000,2861.6000,2,3,2,1,1,5,3,3,1,2
SF,IH2006,2020-06-17 13:13:38.700,2860.2000,17515,0,10611677520.000,0,-,-,-,-,2860.0000,2859.8000,2859.6000,2859.4000,2859.0000,2860.6000,2860.8000,2861.0000,2861.4000,2861.6000,1,3,2,1,1,5,3,3,1,2
SF,IH2006,2020-06-17 13:13:48.200,2860.2000,17515,0,10611677520.000,0,-,-,-,-,2860.0000,2859.8000,2859.6000,2859.4000,2859.0000,2860.6000,2860.8000,2861.0000,2861.4000,2861.6000,1,3,2,1,1,5,3,3,1,2
SF,IH2006,2020-06-17 13:13:48.700,2860.2000,17515,0,10611677520.000,0,-,-,-,-,2860.0000,2859.8000,2859.6000,2859.4000,2859.0000,2860.6000,2860.8000,2861.0000,2861.4000,2861.6000,1,3,2,1,1,6,3,3,1,2
SF,IH2006,2020-06-17 13:13:49.200,2860.2000,17515,0,10611677520.000,0,-,-,-,-,2860.0000,2859.8000,2859.6000,2859.4000,2859.0000,2860.2000,2860.6000,2860.8000,2861.0000,2861.4000,1,3,2,1,1,2,6,3,3,1
SF,IH2006,2020-06-17 13:13:49.700,2860.2000,17515,0,10611677520.000,0,-,-,-,-,2860.0000,2859.8000,2859.6000,2859.4000,2859.0000,2860.2000,2860.6000,2860.8000,2861.0000,2861.4000,1,3,2,1,1,1,5,3,3,1
SF,IH2006,2020-06-17 13:13:53.700,2860.2000,17515,0,10611677520.000,0,-,-,-,-,2860.0000,2859.8000,2859.6000,2859.4000,2859.0000,2860.2000,2860.6000,2860.8000,2861.0000,2861.4000,1,3,2,1,1,2,5,3,2,1
SF,IH2006,2020-06-17 13:13:54.200,2860.2000,17515,0,10611677520.000,0,-,-,-,-,2860.0000,2859.8000,2859.6000,2859.4000,2859.0000,2860.2000,2860.6000,2860.8000,2861.0000,2861.4000,1,2,2,1,1,2,5,3,2,1
SF,IH2006,2020-06-17 13:13:59.200,2860.2000,17515,0,10612535580.000,1,0,1,空换,B,2860.0000,2859.8000,2859.6000,2859.4000,2859.0000,2860.2000,2860.6000,2860.8000,2861.0000,2861.4000,1,2,2,1,1,1,5,3,2,1
SF,IH2006,2020-06-17 13:14:00.200,2860.2000,17515,0,10613393640.000,1,0,1,空换,B,2860.0000,2859.8000,2859.6000,2859.4000,2859.0000,2860.6000,2860.8000,2861.0000,2861.4000,2861.6000,1,2,2,1,1,5,3,2,1,2
SF,IH2006,2020-06-17 13:14:00.700,2860.0000,17514,-1,10615109640.000,2,0,2,空平,B,2859.8000,2859.6000,2859.4000,2859.0000,2858.8000,2860.2000,2860.4000,2860.6000,2860.8000,2861.0000,2,2,1,1,2,7,7,5,3,2
SF,IH2006,2020-06-17 13:14:01.200,2860.0000,17514,0,10615109640.000,0,-,-,-,-,2859.8000,2859.6000,2859.4000,2859.0000,2858.8000,2860.2000,2860.4000,2860.6000,2860.8000,2861.0000,1,2,1,1,2,2,6,5,2,2
SF,IH2006,2020-06-17 13:14:01.700,2860.2000,17514,0,10615967700.000,1,0,1,空换,B,2859.8000,2859.6000,2859.4000,2859.0000,2858.8000,2860.2000,2860.4000,2860.6000,2860.8000,2861.0000,2,2,1,1,2,1,6,5,2,2
SF,IH2006,2020-06-17 13:14:02.200,2860.2000,17514,0,10615967700.000,0,-,-,-,-,2859.8000,2859.6000,2859.4000,2859.0000,2858.8000,2860.2000,2860.4000,2860.6000,2860.8000,2861.0000,3,2,1,1,2,1,6,5,2,2
SF,IH2006,2020-06-17 13:14:02.700,2860.2000,17514,0,10615967700.000,0,-,-,-,-,2859.8000,2859.6000,2859.4000,2859.0000,2858.8000,2860.4000,2860.6000,2860.8000,2861.0000,2861.4000,3,2,1,1,2,7,5,2,2,1
SF,IH2006,2020-06-17 13:14:03.200,2860.2000,17514,0,10615967700.000,0,-,-,-,-,2859.8000,2859.6000,2859.4000,2859.0000,2858.8000,2860.4000,2860.6000,2860.8000,2861.0000,2861.4000,3,2,1,1,2,7,4,2,2,1
SF,IH2006,2020-06-17 13:14:05.700,2860.2000,17514,0,10615967700.000,0,-,-,-,-,2859.8000,2859.6000,2859.4000,2859.0000,2858.8000,2860.4000,2860.6000,2860.8000,2861.0000,2861.4000,4,2,1,1,2,7,4,2,2,1
SF,IH2006,2020-06-17 13:14:06.200,2860.2000,17514,0,10615967700.000,0,-,-,-,-,2860.2000,2859.8000,2859.6000,2859.4000,2859.0000,2860.4000,2860.6000,2860.8000,2861.0000,2861.4000,1,4,2,1,1,5,4,2,2,1
SF,IH2006,2020-06-17 13:14:06.700,2860.2000,17514,0,10616825760.000,1,0,1,空换,B,2860.0000,2859.8000,2859.6000,2859.4000,2859.0000,2860.4000,2860.6000,2860.8000,2861.0000,2861.4000,1,4,2,1,1,4,4,2,2,1
SF,IH2006,2020-06-17 13:14:07.200,2860.2000,17514,0,10616825760.000,0,-,-,-,-,2860.0000,2859.8000,2859.6000,2859.4000,2859.0000,2860.4000,2860.6000,2860.8000,2861.0000,2861.4000,1,4,2,1,1,3,4,2,2,1
SF,IH2006,2020-06-17 13:14:08.200,2860.4000,17513,-1,10617683880.000,1,0,1,双平,B,2860.0000,2859.8000,2859.6000,2859.4000,2859.0000,2860.4000,2860.6000,2860.8000,2861.0000,2861.4000,1,4,2,1,1,2,4,2,2,1
SF,IH2006,2020-06-17 13:14:08.700,2860.4000,17513,0,10617683880.000,0,-,-,-,-,2860.0000,2859.8000,2859.6000,2859.4000,2859.0000,2860.4000,2860.6000,2860.8000,2861.0000,2861.4000,2,4,2,1,1,2,4,2,2,1
SF,IH2006,2020-06-17 13:14:10.200,2860.4000,17513,0,10617683880.000,0,-,-,-,-,2860.0000,2859.8000,2859.6000,2859.4000,2859.0000,2860.4000,2860.6000,2860.8000,2861.0000,2861.4000,2,3,2,1,1,2,4,2,2,1
SF,IH2006,2020-06-17 13:14:10.700,2860.4000,17513,0,10617683880.000,0,-,-,-,-,2860.0000,2859.8000,2859.6000,2859.4000,2859.0000,2860.4000,2860.6000,2860.8000,2861.0000,2861.4000,1,3,2,1,1,2,4,2,2,1
SF,IH2006,2020-06-17 13:14:16.200,2860.4000,17513,0,10617683880.000,0,-,-,-,-,2860.0000,2859.8000,2859.6000,2859.4000,2859.0000,2860.4000,2860.6000,2860.8000,2861.0000,2861.4000,1,3,2,1,1,1,4,2,2,1
SF,IH2006,2020-06-17 13:14:16.700,2860.4000,17514,1,10618542000.000,1,1,0,双开,B,2860.4000,2860.0000,2859.8000,2859.6000,2859.4000,2860.6000,2860.8000,2861.0000,2861.4000,2861.6000,1,2,3,2,1,4,2,2,1,2
SF,IH2006,2020-06-17 13:14:17.200,2860.4000,17514,0,10618542000.000,0,-,-,-,-,2860.0000,2859.8000,2859.6000,2859.4000,2859.0000,2860.6000,2860.8000,2861.0000,2861.4000,2861.6000,2,3,2,1,1,3,2,2,1,2
SF,IH2006,2020-06-17 13:14:17.700,2860.6000,17517,3,10621116540.000,3,3,0,双开,B,2860.4000,2860.2000,2860.0000,2859.8000,2859.6000,2860.8000,2861.0000,2861.4000,2861.6000,2861.8000,1,4,2,3,2,2,2,1,2,5
SF,IH2006,2020-06-17 13:14:18.200,2860.6000,17517,0,10621116540.000,0,-,-,-,-,2860.4000,2860.2000,2860.0000,2859.8000,2859.6000,2860.8000,2861.0000,2861.4000,2861.6000,2861.8000,1,3,2,3,2,2,2,1,2,5
SF,IH2006,2020-06-17 13:14:18.700,2860.4000,17516,-1,10621974660.000,1,0,1,双平,B,2860.4000,2860.2000,2860.0000,2859.8000,2859.6000,2860.8000,2861.0000,2861.4000,2861.6000,2861.8000,1,3,2,1,2,2,2,1,2,5
SF,IH2006,2020-06-17 13:14:20.700,2860.4000,17516,0,10621974660.000,0,-,-,-,-,2860.4000,2860.2000,2860.0000,2859.8000,2859.6000,2860.8000,2861.0000,2861.4000,2861.6000,2861.8000,1,3,2,1,1,2,2,1,2,5
SF,IH2006,2020-06-17 13:14:21.200,2860.4000,17516,0,10621974660.000,0,-,-,-,-,2860.4000,2860.2000,2860.0000,2859.8000,2859.6000,2860.8000,2861.0000,2861.4000,2861.6000,2861.8000,1,4,2,1,1,2,2,1,2,5
SF,IH2006,2020-06-17 13:14:22.700,2860.4000,17516,0,10622832780.000,1,0,1,空换,B,2860.2000,2860.0000,2859.8000,2859.6000,2859.4000,2860.8000,2861.0000,2861.4000,2861.6000,2861.8000,4,2,1,1,1,2,2,1,2,5
SF,IH2006,2020-06-17 13:14:25.200,2860.4000,17516,0,10622832780.000,0,-,-,-,-,2860.2000,2860.0000,2859.8000,2859.6000,2859.4000,2860.8000,2861.0000,2861.4000,2861.6000,2861.8000,4,2,1,1,1,2,3,1,2,5
SF,IH2006,2020-06-17 13:14:25.700,2860.8000,17516,0,10623691020.000,1,0,1,空换,B,2860.2000,2860.0000,2859.8000,2859.6000,2859.4000,2860.8000,2861.0000,2861.4000,2861.6000,2861.8000,3,2,1,1,1,2,3,1,2,5
SF,IH2006,2020-06-17 13:14:26.700,2860.8000,17516,0,10623691020.000,0,-,-,-,-,2860.2000,2860.0000,2859.8000,2859.6000,2859.4000,2860.6000,2860.8000,2861.0000,2861.4000,2861.6000,3,2,1,1,1,1,2,3,1,2
SF,IH2006,2020-06-17 13:14:31.700,2860.8000,17516,0,10623691020.000,0,-,-,-,-,2860.2000,2860.0000,2859.8000,2859.6000,2859.4000,2860.6000,2860.8000,2861.0000,2861.4000,2861.6000,4,2,1,1,1,1,2,3,1,2
SF,IH2006,2020-06-17 13:14:32.700,2860.8000,17516,0,10623691020.000,0,-,-,-,-,2860.4000,2860.2000,2860.0000,2859.8000,2859.6000,2860.6000,2860.8000,2861.0000,2861.4000,2861.6000,1,5,2,1,1,1,2,3,1,2
SF,IH2006,2020-06-17 13:14:33.200,2860.6000,17515,-1,10625407320.000,2,0,2,空平,B,2860.4000,2860.2000,2860.0000,2859.8000,2859.6000,2860.8000,2861.0000,2861.4000,2861.6000,2861.8000,1,5,2,1,1,2,3,1,2,5
SF,IH2006,2020-06-17 13:14:33.700,2860.8000,17514,-1,10626265560.000,1,0,1,双平,B,2860.4000,2860.2000,2860.0000,2859.8000,2859.6000,2861.0000,2861.4000,2861.6000,2861.8000,2862.2000,1,5,2,1,1,3,1,2,5,4
SF,IH2006,2020-06-17 13:14:34.200,2860.8000,17514,0,10626265560.000,0,-,-,-,-,2860.4000,2860.2000,2860.0000,2859.8000,2859.6000,2861.0000,2861.4000,2861.6000,2861.8000,2862.2000,2,5,2,1,1,3,1,2,5,4
SF,IH2006,2020-06-17 13:14:34.700,2860.8000,17514,0,10626265560.000,0,-,-,-,-,2860.4000,2860.2000,2860.0000,2859.8000,2859.6000,2861.0000,2861.4000,2861.6000,2861.8000,2862.2000,2,5,2,1,1,4,1,2,5,4
SF,IH2006,2020-06-17 13:14:35.200,2860.8000,17514,0,10626265560.000,0,-,-,-,-,2860.4000,2860.2000,2860.0000,2859.6000,2859.4000,2861.0000,2861.4000,2861.6000,2861.8000,2862.2000,2,5,2,1,1,4,1,2,5,4
SF,IH2006,2020-06-17 13:14:36.200,2860.4000,17513,-1,10627981980.000,2,0,2,空平,B,2860.2000,2860.0000,2859.6000,2859.4000,2859.0000,2861.0000,2861.4000,2861.6000,2861.8000,2862.2000,5,2,1,1,1,3,1,2,5,4
SF,IH2006,2020-06-17 13:14:36.700,2860.4000,17513,0,10627981980.000,0,-,-,-,-,2860.2000,2860.0000,2859.6000,2859.4000,2859.0000,2861.0000,2861.4000,2861.6000,2861.8000,2862.2000,6,1,1,1,1,4,1,2,5,4
SF,IH2006,2020-06-17 13:14:37.700,2860.4000,17513,0,10627981980.000,0,-,-,-,-,2860.2000,2860.0000,2859.6000,2859.4000,2859.0000,2861.0000,2861.4000,2861.6000,2861.8000,2862.2000,6,1,1,1,1,4,1,2,6,4
SF,IH2006,2020-06-17 13:14:38.200,2860.4000,17513,0,10627981980.000,0,-,-,-,-,2860.4000,2860.2000,2860.0000,2859.6000,2859.4000,2861.0000,2861.4000,2861.6000,2861.8000,2862.2000,1,6,1,1,1,4,1,2,6,4
SF,IH2006,2020-06-17 13:14:38.700,2860.4000,17513,0,10627981980.000,0,-,-,-,-,2860.6000,2860.4000,2860.2000,2860.0000,2859.6000,2860.8000,2861.0000,2861.4000,2861.6000,2861.8000,2,1,6,1,1,1,4,1,2,6
SF,IH2006,2020-06-17 13:14:39.200,2860.8000,17512,-1,10628840220.000,1,0,1,双平,B,2860.6000,2860.4000,2860.2000,2860.0000,2859.6000,2861.0000,2861.4000,2861.6000,2861.8000,2862.2000,2,2,4,1,1,4,1,2,6,4
SF,IH2006,2020-06-17 13:14:39.700,2860.6000,17511,-1,10629698400.000,1,0,1,双平,B,2860.6000,2860.4000,2860.2000,2860.0000,2859.6000,2861.0000,2861.4000,2861.6000,2861.8000,2862.2000,1,2,4,1,1,9,1,2,6,4
SF,IH2006,2020-06-17 13:14:40.200,2860.6000,17511,0,10630556580.000,1,0,1,空换,B,2860.4000,2860.2000,2860.0000,2859.6000,2859.4000,2860.6000,2860.8000,2861.0000,2861.4000,2861.6000,2,4,1,1,1,8,5,10,1,2
SF,IH2006,2020-06-17 13:14:40.700,2860.4000,17513,2,10632272820.000,2,2,0,双开,B,2860.2000,2860.0000,2859.6000,2859.4000,2859.0000,2860.6000,2860.8000,2861.0000,2861.4000,2861.6000,3,1,1,1,1,2,4,11,1,2
SF,IH2006,2020-06-17 13:14:41.200,2860.4000,17513,0,10632272820.000,0,-,-,-,-,2860.2000,2860.0000,2859.6000,2859.4000,2859.0000,2860.6000,2860.8000,2861.0000,2861.4000,2861.6000,3,1,1,1,1,2,3,11,1,2
SF,IH2006,2020-06-17 13:14:42.200,2860.4000,17513,0,10632272820.000,0,-,-,-,-,2860.2000,2860.0000,2859.6000,2859.4000,2859.0000,2860.4000,2860.6000,2860.8000,2861.0000,2861.4000,3,1,1,1,1,1,2,3,6,1
SF,IH2006,2020-06-17 13:14:42.700,2860.2000,17513,0,10633988940.000,2,1,1,空换,B,2860.2000,2860.0000,2859.6000,2859.4000,2859.0000,2860.6000,2860.8000,2861.0000,2861.4000,2861.6000,1,1,1,1,1,2,3,4,1,2
SF,IH2006,2020-06-17 13:14:43.200,2860.2000,17513,0,10634847000.000,1,0,1,空换,B,2860.0000,2859.6000,2859.4000,2859.0000,2858.8000,2860.4000,2860.6000,2860.8000,2861.0000,2861.4000,1,1,1,1,2,1,2,3,4,1
SF,IH2006,2020-06-17 13:14:43.700,2860.2000,17513,0,10634847000.000,0,-,-,-,-,2860.0000,2859.6000,2859.4000,2859.0000,2858.8000,2860.2000,2860.4000,2860.6000,2860.8000,2861.0000,1,1,1,1,2,2,3,2,3,4
SF,IH2006,2020-06-17 13:14:44.200,2860.0000,17513,0,10635705000.000,1,0,1,空换,B,2859.6000,2859.4000,2859.0000,2858.8000,2858.4000,2860.0000,2860.2000,2860.4000,2860.6000,2860.8000,1,1,1,2,3,3,2,4,2,3
SF,IH2006,2020-06-17 13:14:44.700,2860.0000,17513,0,10635705000.000,0,-,-,-,-,2859.6000,2859.4000,2859.0000,2858.8000,2858.4000,2860.0000,2860.4000,2860.6000,2860.8000,2861.0000,1,1,1,2,3,3,3,2,3,3
SF,IH2006,2020-06-17 13:14:45.200,2860.0000,17513,0,10635705000.000,0,-,-,-,-,2859.6000,2859.4000,2859.0000,2858.8000,2858.4000,2860.0000,2860.4000,2860.6000,2860.8000,2861.0000,1,1,1,2,3,4,3,2,2,3
SF,IH2006,2020-06-17 13:14:45.700,2860.0000,17514,1,10636563000.000,1,1,0,双开,B,2859.6000,2859.4000,2859.0000,2858.8000,2858.4000,2860.0000,2860.4000,2860.6000,2860.8000,2861.0000,1,1,1,2,3,2,3,2,2,3
SF,IH2006,2020-06-17 13:14:46.700,2860.0000,17514,0,10636563000.000,0,-,-,-,-,2859.8000,2859.6000,2859.4000,2859.0000,2858.8000,2860.0000,2860.4000,2860.6000,2860.8000,2861.0000,1,1,1,1,2,2,3,2,2,3
SF,IH2006,2020-06-17 13:14:47.700,2860.0000,17514,0,10636563000.000,0,-,-,-,-,2859.8000,2859.6000,2859.4000,2859.0000,2858.8000,2860.0000,2860.4000,2860.6000,2860.8000,2861.0000,1,1,1,1,2,2,3,1,2,3
SF,IH2006,2020-06-17 13:14:49.700,2860.0000,17514,0,10636563000.000,0,-,-,-,-,2859.6000,2859.4000,2859.0000,2858.8000,2858.4000,2860.0000,2860.4000,2860.6000,2860.8000,2861.0000,1,1,1,2,3,2,3,1,1,3
SF,IH2006,2020-06-17 13:14:50.700,2860.0000,17514,0,10636563000.000,0,-,-,-,-,2859.6000,2859.4000,2859.0000,2858.8000,2858.4000,2860.0000,2860.4000,2860.6000,2860.8000,2861.0000,1,1,1,2,3,2,3,1,1,3
SF,IH2006,2020-06-17 13:14:51.700,2860.0000,17514,0,10636563000.000,0,-,-,-,-,2859.8000,2859.6000,2859.4000,2859.0000,2858.8000,2860.0000,2860.4000,2860.6000,2860.8000,2861.0000,1,1,1,1,2,2,3,1,1,3
SF,IH2006,2020-06-17 13:14:52.200,2860.0000,17515,1,10638279000.000,2,1,1,多开,B,2860.0000,2859.8000,2859.6000,2859.4000,2859.0000,2860.4000,2860.6000,2860.8000,2861.0000,2861.4000,4,1,1,1,1,3,1,1,3,1
SF,IH2006,2020-06-17 13:14:52.700,2860.0000,17515,0,10638279000.000,0,-,-,-,-,2860.0000,2859.6000,2859.4000,2859.0000,2858.8000,2860.4000,2860.6000,2860.8000,2861.0000,2861.4000,4,1,1,1,2,3,1,1,3,1
SF,IH2006,2020-06-17 13:14:54.200,2860.0000,17515,0,10638279000.000,0,-,-,-,-,2860.2000,2860.0000,2859.6000,2859.4000,2859.0000,2860.4000,2860.6000,2860.8000,2861.0000,2861.4000,1,4,1,1,1,3,1,1,3,1
SF,IH2006,2020-06-17 13:14:54.700,2860.4000,17515,0,10641711360.000,4,2,2,空换,B,2860.0000,2859.6000,2859.4000,2859.0000,2858.8000,2860.6000,2860.8000,2861.0000,2861.4000,2861.6000,4,1,1,1,2,1,1,3,1,2
SF,IH2006,2020-06-17 13:14:55.200,2860.4000,17515,0,10641711360.000,0,-,-,-,-,2860.2000,2860.0000,2859.6000,2859.4000,2859.0000,2860.6000,2860.8000,2861.0000,2861.4000,2861.6000,1,5,1,1,1,1,1,3,1,2
SF,IH2006,2020-06-17 13:14:56.700,2860.4000,17515,0,10641711360.000,0,-,-,-,-,2860.2000,2860.0000,2859.6000,2859.4000,2859.0000,2860.4000,2860.6000,2860.8000,2861.0000,2861.4000,1,5,1,1,1,1,1,1,3,1
SF,IH2006,2020-06-17 13:14:57.700,2860.4000,17515,0,10641711360.000,0,-,-,-,-,2860.2000,2860.0000,2859.6000,2859.4000,2859.0000,2860.4000,2860.6000,2860.8000,2861.0000,2861.4000,1,5,1,1,1,2,1,1,3,1
SF,IH2006,2020-06-17 13:14:58.200,2860.4000,17515,0,10641711360.000,0,-,-,-,-,2860.0000,2859.6000,2859.4000,2859.0000,2858.8000,2860.4000,2860.6000,2860.8000,2861.0000,2861.4000,5,1,1,1,2,3,1,1,3,1
SF,IH2006,2020-06-17 13:14:58.700,2860.4000,17515,0,10641711360.000,0,-,-,-,-,2860.0000,2859.6000,2859.4000,2859.0000,2858.8000,2860.2000,2860.4000,2860.6000,2860.8000,2861.0000,5,1,1,1,2,1,3,1,1,3
SF,IH2006,2020-06-17 13:14:59.700,2860.4000,17515,0,10641711360.000,0,-,-,-,-,2860.0000,2859.6000,2859.4000,2859.0000,2858.8000,2860.2000,2860.4000,2860.6000,2860.8000,2861.0000,7,1,1,1,2,1,3,1,1,3
SF,IH2006,2020-06-17 13:15:00.200,2860.4000,17515,0,10641711360.000,0,-,-,-,-,2860.0000,2859.6000,2859.4000,2859.0000,2858.8000,2860.2000,2860.4000,2860.6000,2860.8000,2861.0000,5,1,1,1,2,1,3,1,1,3
SF,IH2006,2020-06-17 13:15:01.700,2860.4000,17515,0,10641711360.000,0,-,-,-,-,2860.0000,2859.6000,2859.4000,2859.0000,2858.8000,2860.2000,2860.4000,2860.6000,2860.8000,2861.0000,5,1,1,1,2,1,3,1,1,2
SF,IH2006,2020-06-17 13:15:02.200,2860.2000,17515,0,10642569420.000,1,0,1,空换,B,2860.2000,2860.0000,2859.6000,2859.4000,2859.0000,2860.4000,2860.6000,2860.8000,2861.0000,2861.4000,1,5,1,1,1,3,1,1,2,1
SF,IH2006,2020-06-17 13:15:02.700,2860.2000,17515,0,10642569420.000,0,-,-,-,-,2860.0000,2859.6000,2859.4000,2859.0000,2858.8000,2860.4000,2860.6000,2860.8000,2861.0000,2861.4000,5,1,1,1,2,3,1,1,2,1
SF,IH2006,2020-06-17 13:15:03.200,2860.2000,17515,0,10642569420.000,0,-,-,-,-,2860.0000,2859.6000,2859.4000,2859.0000,2858.8000,2860.4000,2860.6000,2860.8000,2861.0000,2861.4000,5,1,1,1,2,4,1,1,2,1
SF,IH2006,2020-06-17 13:15:05.200,2860.2000,17515,0,10642569420.000,0,-,-,-,-,2860.0000,2859.6000,2859.4000,2859.0000,2858.8000,2860.4000,2860.6000,2860.8000,2861.0000,2861.4000,5,1,1,1,1,4,1,1,2,1
SF,IH2006,2020-06-17 13:15:07.200,2860.2000,17515,0,10642569420.000,0,-,-,-,-,2860.0000,2859.6000,2859.4000,2859.0000,2858.8000,2860.4000,2860.6000,2860.8000,2861.0000,2861.4000,4,1,1,1,1,4,1,1,2,1
SF,IH2006,2020-06-17 13:15:09.200,2860.2000,17515,0,10642569420.000,0,-,-,-,-,2860.0000,2859.6000,2859.4000,2859.0000,2858.8000,2860.2000,2860.4000,2860.6000,2860.8000,2861.0000,4,1,1,1,1,1,4,1,1,2
SF,IH2006,2020-06-17 13:15:09.700,2860.2000,17515,0,10642569420.000,0,-,-,-,-,2860.0000,2859.6000,2859.4000,2859.0000,2858.8000,2860.2000,2860.4000,2860.6000,2860.8000,2861.0000,4,1,1,1,1,2,4,1,1,2
SF,IH2006,2020-06-17 13:15:10.200,2860.0000,17515,0,10645143420.000,3,1,2,空换,B,2860.0000,2859.6000,2859.4000,2859.0000,2858.8000,2860.2000,2860.4000,2860.6000,2860.8000,2861.0000,1,1,1,1,1,2,4,1,1,2
SF,IH2006,2020-06-17 13:15:10.700,2860.0000,17515,0,10646001420.000,1,0,1,空换,B,2859.6000,2859.4000,2859.0000,2858.8000,2858.4000,2860.0000,2860.4000,2860.8000,2861.0000,2861.4000,1,1,1,1,3,1,3,1,2,1
SF,IH2006,2020-06-17 13:15:11.700,2860.0000,17514,-1,10646859420.000,1,0,1,双平,B,2859.6000,2859.4000,2859.0000,2858.8000,2858.4000,2860.4000,2860.8000,2861.0000,2861.4000,2861.6000,1,1,1,1,3,3,1,2,1,2
SF,IH2006,2020-06-17 13:15:12.200,2860.0000,17514,0,10646859420.000,0,-,-,-,-,2859.6000,2859.4000,2859.0000,2858.8000,2858.4000,2860.2000,2860.4000,2860.8000,2861.0000,2861.4000,1,1,1,1,3,3,3,1,2,1
SF,IH2006,2020-06-17 13:15:12.700,2860.0000,17514,0,10646859420.000,0,-,-,-,-,2859.6000,2859.4000,2859.0000,2858.8000,2858.4000,2860.0000,2860.2000,2860.4000,2860.8000,2861.0000,1,1,1,1,3,1,6,3,1,2
SF,IH2006,2020-06-17 13:15:13.200,2860.0000,17514,0,10646859420.000,0,-,-,-,-,2859.6000,2859.4000,2859.0000,2858.8000,2858.4000,2860.0000,2860.2000,2860.4000,2860.8000,2861.0000,1,1,1,1,3,1,5,3,1,2
SF,IH2006,2020-06-17 13:15:14.200,2860.0000,17515,1,10647717420.000,1,1,0,双开,B,2859.6000,2859.4000,2859.0000,2858.8000,2858.4000,2860.2000,2860.4000,2860.8000,2861.0000,2861.4000,1,1,1,1,3,5,3,1,2,1
SF,IH2006,2020-06-17 13:15:15.200,2860.0000,17515,0,10647717420.000,0,-,-,-,-,2860.0000,2859.6000,2859.4000,2859.0000,2858.8000,2860.2000,2860.4000,2860.8000,2861.0000,2861.4000,1,1,1,1,1,5,3,1,2,1
SF,IH2006,2020-06-17 13:15:15.700,2859.6000,17516,1,10649433300.000,2,1,1,多开,B,2859.4000,2859.0000,2858.8000,2858.4000,2858.2000,2860.0000,2860.2000,2860.4000,2860.8000,2861.0000,1,1,1,3,2,1,7,2,1,2
SF,IH2006,2020-06-17 13:15:16.200,2860.2000,17517,1,10651149360.000,2,1,1,多开,B,2859.4000,2859.0000,2858.8000,2858.4000,2858.2000,2860.2000,2860.4000,2860.8000,2861.0000,2861.4000,3,1,1,3,2,5,2,1,2,1
SF,IH2006,2020-06-17 13:15:16.700,2860.2000,17518,1,10652007420.000,1,1,0,双开,B,2859.6000,2859.4000,2859.0000,2858.8000,2858.4000,2860.2000,2860.4000,2860.8000,2861.0000,2861.4000,9,3,1,1,3,4,2,1,2,1
SF,IH2006,2020-06-17 13:15:17.200,2860.2000,17518,0,10652007420.000,0,-,-,-,-,2859.8000,2859.6000,2859.4000,2859.0000,2858.8000,2860.2000,2860.4000,2860.8000,2861.0000,2861.4000,2,8,2,1,1,3,2,1,2,1
SF,IH2006,2020-06-17 13:15:18.700,2860.2000,17518,0,10652007420.000,0,-,-,-,-,2859.8000,2859.6000,2859.4000,2859.0000,2858.8000,2860.2000,2860.4000,2860.8000,2861.0000,2861.4000,2,7,2,1,1,2,2,1,2,1
SF,IH2006,2020-06-17 13:15:19.200,2860.2000,17518,0,10652007420.000,0,-,-,-,-,2860.2000,2860.0000,2859.8000,2859.6000,2859.4000,2860.4000,2860.8000,2861.0000,2861.4000,2861.6000,1,1,2,6,2,2,1,2,1,2
SF,IH2006,2020-06-17 13:15:19.700,2860.4000,17517,-1,10653723660.000,2,0,2,空平,B,2860.0000,2859.8000,2859.6000,2859.4000,2859.0000,2860.8000,2861.0000,2861.4000,2861.6000,2861.8000,2,2,2,2,1,1,2,1,2,5
SF,IH2006,2020-06-17 13:15:20.200,2860.4000,17517,0,10653723660.000,0,-,-,-,-,2860.0000,2859.8000,2859.6000,2859.4000,2859.0000,2860.2000,2860.8000,2861.0000,2861.4000,2861.6000,3,2,2,1,1,3,2,2,1,2
SF,IH2006,2020-06-17 13:15:20.700,2860.2000,17514,-3,10656297840.000,3,0,3,双平,B,2860.0000,2859.8000,2859.6000,2859.4000,2859.0000,2860.8000,2861.0000,2861.4000,2861.6000,2861.8000,3,2,2,1,1,2,2,1,2,5
SF,IH2006,2020-06-17 13:15:21.200,2860.2000,17514,0,10656297840.000,0,-,-,-,-,2860.2000,2860.0000,2859.8000,2859.6000,2859.4000,2860.8000,2861.0000,2861.4000,2861.6000,2861.8000,1,2,2,2,1,1,2,1,2,5
SF,IH2006,2020-06-17 13:15:21.700,2860.2000,17514,0,10657155900.000,1,0,1,空换,B,2860.0000,2859.8000,2859.6000,2859.4000,2859.0000,2860.8000,2861.0000,2861.4000,2861.6000,2861.8000,2,2,2,2,1,1,2,1,2,5
SF,IH2006,2020-06-17 13:15:22.200,2860.2000,17514,0,10657155900.000,0,-,-,-,-,2860.0000,2859.8000,2859.6000,2859.4000,2859.0000,2860.8000,2861.0000,2861.4000,2861.6000,2861.8000,2,2,2,2,1,1,2,1,2,5
SF,IH2006,2020-06-17 13:15:22.700,2860.2000,17514,0,10657155900.000,0,-,-,-,-,2860.2000,2860.0000,2859.8000,2859.6000,2859.4000,2860.8000,2861.0000,2861.4000,2861.6000,2861.8000,2,2,1,2,2,1,2,1,2,5
SF,IH2006,2020-06-17 13:15:23.200,2860.2000,17514,0,10657155900.000,0,-,-,-,-,2860.4000,2860.2000,2860.0000,2859.8000,2859.6000,2860.8000,2861.0000,2861.4000,2861.6000,2861.8000,1,3,2,1,1,1,2,1,2,5
SF,IH2006,2020-06-17 13:15:23.700,2860.2000,17514,0,10657155900.000,0,-,-,-,-,2860.4000,2860.2000,2860.0000,2859.8000,2859.6000,2860.8000,2861.0000,2861.4000,2861.6000,2861.8000,1,3,1,1,2,1,2,1,2,5
SF,IH2006,2020-06-17 13:15:24.200,2860.2000,17514,0,10657155900.000,0,-,-,-,-,2860.4000,2860.2000,2860.0000,2859.8000,2859.6000,2860.6000,2861.0000,2861.4000,2861.6000,2861.8000,1,3,1,1,2,1,2,1,2,5
SF,IH2006,2020-06-17 13:15:24.700,2860.2000,17514,0,10657155900.000,0,-,-,-,-,2860.4000,2860.2000,2860.0000,2859.8000,2859.6000,2860.6000,2861.0000,2861.4000,2861.6000,2861.8000,1,3,1,1,2,2,2,1,2,5
SF,IH2006,2020-06-17 13:15:25.700,2860.6000,17513,-1,10658014080.000,1,0,1,双平,B,2860.4000,2860.2000,2860.0000,2859.8000,2859.6000,2860.6000,2861.0000,2861.4000,2861.6000,2861.8000,1,3,1,1,2,1,2,1,2,5
SF,IH2006,2020-06-17 13:15:27.200,2860.6000,17513,0,10658014080.000,0,-,-,-,-,2860.4000,2860.2000,2860.0000,2859.8000,2859.6000,2860.6000,2861.0000,2861.4000,2861.6000,2861.8000,1,3,1,1,2,1,2,1,2,5
SF,IH2006,2020-06-17 13:15:27.700,2860.6000,17513,0,10658014080.000,0,-,-,-,-,2860.4000,2860.2000,2860.0000,2859.8000,2859.6000,2860.6000,2861.0000,2861.4000,2861.6000,2861.8000,1,2,1,1,2,2,2,1,2,5
SF,IH2006,2020-06-17 13:15:28.200,2860.6000,17513,0,10658014080.000,0,-,-,-,-,2860.4000,2860.2000,2860.0000,2859.8000,2859.6000,2860.6000,2861.0000,2861.4000,2861.6000,2861.8000,1,2,1,1,3,2,2,1,2,5
SF,IH2006,2020-06-17 13:15:28.700,2860.6000,17513,0,10658014080.000,0,-,-,-,-,2860.2000,2860.0000,2859.8000,2859.6000,2859.4000,2860.6000,2861.0000,2861.4000,2861.6000,2861.8000,2,1,1,3,2,2,2,1,2,5
SF,IH2006,2020-06-17 13:15:30.200,2860.6000,17513,0,10658014080.000,0,-,-,-,-,2860.2000,2860.0000,2859.8000,2859.6000,2859.4000,2860.4000,2860.6000,2861.0000,2861.4000,2861.6000,2,1,1,3,2,1,2,2,1,2
SF,IH2006,2020-06-17 13:15:30.700,2860.6000,17513,0,10658014080.000,0,-,-,-,-,2860.0000,2859.8000,2859.6000,2859.4000,2859.0000,2860.6000,2861.0000,2861.4000,2861.6000,2861.8000,1,1,3,2,1,2,2,1,2,5
SF,IH2006,2020-06-17 13:15:31.200,2860.6000,17513,0,10658014080.000,0,-,-,-,-,2860.0000,2859.8000,2859.6000,2859.4000,2859.0000,2860.4000,2860.6000,2861.0000,2861.4000,2861.6000,1,1,3,2,1,1,2,2,1,2
SF,IH2006,2020-06-17 13:15:35.200,2860.6000,17513,0,10658014080.000,0,-,-,-,-,2860.0000,2859.8000,2859.6000,2859.4000,2859.0000,2860.2000,2860.4000,2860.6000,2861.0000,2861.4000,1,1,3,2,1,5,1,2,2,1
SF,IH2006,2020-06-17 13:15:37.200,2860.2000,17518,5,10662304380.000,5,5,0,双开,B,2860.0000,2859.8000,2859.6000,2859.4000,2859.0000,2860.4000,2860.6000,2861.0000,2861.4000,2861.6000,1,1,3,2,1,1,2,2,1,2
SF,IH2006,2020-06-17 13:15:37.700,2860.2000,17518,0,10662304380.000,0,-,-,-,-,2860.4000,2860.2000,2860.0000,2859.8000,2859.6000,2860.6000,2861.0000,2861.4000,2861.6000,2861.8000,4,1,1,1,3,2,2,1,2,5
SF,IH2006,2020-06-17 13:15:38.200,2860.2000,17518,0,10662304380.000,0,-,-,-,-,2860.2000,2860.0000,2859.8000,2859.6000,2859.4000,2860.6000,2861.0000,2861.4000,2861.6000,2861.8000,1,1,1,3,2,2,2,1,2,5
SF,IH2006,2020-06-17 13:15:38.700,2860.2000,17518,0,10662304380.000,0,-,-,-,-,2860.4000,2860.2000,2860.0000,2859.8000,2859.6000,2860.6000,2861.0000,2861.4000,2861.6000,2861.8000,2,2,1,1,3,2,2,1,2,5
SF,IH2006,2020-06-17 13:15:39.200,2860.2000,17518,0,10662304380.000,0,-,-,-,-,2860.4000,2860.2000,2860.0000,2859.8000,2859.6000,2860.6000,2861.0000,2861.4000,2861.6000,2861.8000,1,2,1,1,2,2,2,1,2,5
SF,IH2006,2020-06-17 13:15:40.700,2860.2000,17518,0,10662304380.000,0,-,-,-,-,2860.4000,2860.2000,2860.0000,2859.8000,2859.6000,2860.6000,2861.0000,2861.4000,2861.6000,2861.8000,1,2,1,1,2,3,2,1,2,5
SF,IH2006,2020-06-17 13:15:41.200,2860.2000,17518,0,10662304380.000,0,-,-,-,-,2860.4000,2860.2000,2860.0000,2859.8000,2859.6000,2860.6000,2861.0000,2861.4000,2861.6000,2861.8000,1,2,1,1,2,3,2,1,2,5
SF,IH2006,2020-06-17 13:15:43.700,2860.2000,17518,0,10662304380.000,0,-,-,-,-,2860.4000,2860.2000,2860.0000,2859.8000,2859.6000,2860.6000,2861.0000,2861.4000,2861.6000,2861.8000,2,2,1,1,2,3,2,1,2,5
SF,IH2006,2020-06-17 13:15:45.700,2860.4000,17516,-2,10664020620.000,2,0,2,双平,B,2860.2000,2860.0000,2859.8000,2859.6000,2859.4000,2860.6000,2861.0000,2861.4000,2861.6000,2861.8000,2,1,1,2,2,3,2,1,2,5
SF,IH2006,2020-06-17 13:15:46.200,2860.4000,17516,0,10664020620.000,0,-,-,-,-,2860.2000,2860.0000,2859.8000,2859.6000,2859.4000,2860.6000,2861.0000,2861.4000,2861.6000,2861.8000,1,1,1,2,2,3,2,1,2,5
SF,IH2006,2020-06-17 13:15:46.700,2860.2000,17516,0,10664878680.000,1,0,1,空换,B,2860.0000,2859.8000,2859.6000,2859.4000,2859.0000,2860.2000,2860.4000,2860.6000,2861.0000,2861.4000,1,1,2,2,1,1,6,3,2,1
SF,IH2006,2020-06-17 13:15:47.200,2860.2000,17516,0,10664878680.000,0,-,-,-,-,2859.8000,2859.6000,2859.4000,2859.0000,2858.8000,2860.0000,2860.2000,2860.4000,2860.6000,2861.0000,1,2,2,1,1,1,1,6,3,2
SF,IH2006,2020-06-17 13:15:47.700,2860.2000,17516,0,10664878680.000,0,-,-,-,-,2859.8000,2859.6000,2859.4000,2859.0000,2858.8000,2860.0000,2860.2000,2860.4000,2860.6000,2861.0000,1,2,2,1,1,1,1,6,4,2
SF,IH2006,2020-06-17 13:15:48.200,2860.2000,17516,0,10664878680.000,0,-,-,-,-,2859.8000,2859.6000,2859.4000,2859.0000,2858.8000,2860.0000,2860.2000,2860.4000,2860.6000,2861.0000,1,2,2,1,1,1,1,1,4,2
SF,IH2006,2020-06-17 13:15:48.700,2860.2000,17515,-1,10666594740.000,2,0,2,空平,B,2859.8000,2859.6000,2859.4000,2859.0000,2858.8000,2860.4000,2860.6000,2861.0000,2861.4000,2861.6000,1,2,2,1,1,1,4,2,1,2
SF,IH2006,2020-06-17 13:15:49.200,2860.0000,17515,0,10667452740.000,1,0,1,空换,B,2859.8000,2859.6000,2859.4000,2859.0000,2858.8000,2860.4000,2860.6000,2861.0000,2861.4000,2861.6000,1,2,2,1,1,1,4,2,1,2
SF,IH2006,2020-06-17 13:15:52.700,2860.0000,17515,0,10667452740.000,0,-,-,-,-,2859.8000,2859.6000,2859.4000,2859.0000,2858.8000,2860.4000,2860.6000,2861.0000,2861.4000,2861.6000,1,2,2,1,1,1,4,2,1,2
SF,IH2006,2020-06-17 13:15:53.200,2860.0000,17515,0,10667452740.000,0,-,-,-,-,2859.8000,2859.6000,2859.4000,2859.0000,2858.8000,2860.4000,2860.6000,2861.0000,2861.4000,2861.6000,1,2,2,1,1,2,4,2,1,2
SF,IH2006,2020-06-17 13:15:54.700,2860.0000,17515,0,10667452740.000,0,-,-,-,-,2859.8000,2859.6000,2859.4000,2859.2000,2859.0000,2860.4000,2860.6000,2861.0000,2861.4000,2861.6000,1,2,2,1,1,2,4,2,1,2
SF,IH2006,2020-06-17 13:15:55.200,2860.0000,17515,0,10667452740.000,0,-,-,-,-,2859.8000,2859.6000,2859.4000,2859.2000,2859.0000,2860.4000,2860.6000,2861.0000,2861.4000,2861.6000,1,2,2,1,2,2,4,2,1,2
SF,IH2006,2020-06-17 13:15:55.700,2860.0000,17515,0,10667452740.000,0,-,-,-,-,2859.8000,2859.6000,2859.4000,2859.2000,2859.0000,2860.4000,2860.6000,2861.0000,2861.4000,2861.6000,1,2,2,1,2,1,4,2,1,2
SF,IH2006,2020-06-17 13:15:56.200,2860.0000,17515,0,10667452740.000,0,-,-,-,-,2860.2000,2860.0000,2859.8000,2859.6000,2859.4000,2860.4000,2860.6000,2861.0000,2861.4000,2861.6000,3,1,1,2,2,1,4,2,1,2
SF,IH2006,2020-06-17 13:15:56.700,2860.0000,17515,0,10667452740.000,0,-,-,-,-,2860.0000,2859.8000,2859.6000,2859.4000,2859.2000,2860.6000,2861.0000,2861.4000,2861.6000,2861.8000,1,1,2,2,1,4,2,1,2,4
SF,IH2006,2020-06-17 13:15:57.200,2860.0000,17515,0,10667452740.000,0,-,-,-,-,2860.2000,2860.0000,2859.8000,2859.6000,2859.4000,2860.6000,2861.0000,2861.4000,2861.6000,2861.8000,1,2,1,2,2,5,2,1,2,4
SF,IH2006,2020-06-17 13:15:57.700,2860.2000,17515,0,10668310800.000,1,0,1,空换,B,2860.2000,2860.0000,2859.8000,2859.6000,2859.4000,2860.6000,2861.0000,2861.4000,2861.6000,2861.8000,2,2,1,2,2,4,2,1,2,4
SF,IH2006,2020-06-17 13:15:58.200,2860.2000,17515,0,10668310800.000,0,-,-,-,-,2860.2000,2860.0000,2859.8000,2859.6000,2859.4000,2860.6000,2861.0000,2861.4000,2861.6000,2861.8000,3,1,1,2,2,4,2,1,2,4
SF,IH2006,2020-06-17 13:15:58.700,2860.2000,17515,0,10668310800.000,0,-,-,-,-,2860.2000,2860.0000,2859.8000,2859.6000,2859.4000,2860.6000,2861.0000,2861.4000,2861.6000,2861.8000,5,1,1,2,2,4,2,1,2,4
SF,IH2006,2020-06-17 13:15:59.200,2860.6000,17519,4,10672601700.000,5,4,1,多开,B,2860.6000,2860.2000,2860.0000,2859.8000,2859.6000,2861.0000,2861.4000,2861.6000,2861.8000,2862.0000,8,3,1,1,2,2,1,2,4,1
SF,IH2006,2020-06-17 13:15:59.700,2860.6000,17520,1,10673459880.000,1,1,0,双开,B,2860.8000,2860.6000,2860.2000,2860.0000,2859.8000,2861.0000,2861.4000,2861.6000,2861.8000,2862.0000,1,2,1,1,1,2,1,2,4,1
SF,IH2006,2020-06-17 13:16:00.200,2860.8000,17519,-1,10674318120.000,1,0,1,双平,B,2860.6000,2860.2000,2860.0000,2859.8000,2859.6000,2860.8000,2861.0000,2861.4000,2861.6000,2861.8000,2,1,1,1,2,4,2,1,2,4
SF,IH2006,2020-06-17 13:16:00.700,2860.6000,17520,1,10676034480.000,2,1,1,多开,B,2860.2000,2860.0000,2859.8000,2859.6000,2859.4000,2860.8000,2861.0000,2861.4000,2861.6000,2861.8000,1,1,1,2,2,1,2,1,2,4
SF,IH2006,2020-06-17 13:16:02.200,2860.6000,17520,0,10676034480.000,0,-,-,-,-,2860.4000,2860.2000,2860.0000,2859.8000,2859.6000,2860.8000,2861.0000,2861.4000,2861.6000,2861.8000,2,1,1,1,2,1,2,1,2,4
SF,IH2006,2020-06-17 13:16:03.700,2860.6000,17520,0,10676034480.000,0,-,-,-,-,2860.4000,2860.2000,2860.0000,2859.8000,2859.6000,2861.0000,2861.4000,2861.6000,2861.8000,2862.0000,2,1,1,1,2,2,1,2,4,1
SF,IH2006,2020-06-17 13:16:04.200,2860.6000,17520,0,10676034480.000,0,-,-,-,-,2860.4000,2860.2000,2860.0000,2859.8000,2859.6000,2860.8000,2861.0000,2861.4000,2861.6000,2861.8000,2,1,1,1,2,2,3,1,2,4
SF,IH2006,2020-06-17 13:16:04.700,2860.6000,17520,0,10676034480.000,0,-,-,-,-,2860.4000,2860.2000,2860.0000,2859.8000,2859.6000,2860.8000,2861.0000,2861.4000,2861.6000,2861.8000,2,1,1,1,2,2,4,1,2,4
SF,IH2006,2020-06-17 13:16:05.200,2860.2000,17522,2,10678608780.000,3,2,1,多开,B,2860.0000,2859.8000,2859.6000,2859.4000,2859.2000,2860.2000,2860.8000,2861.0000,2861.4000,2861.6000,1,1,2,1,1,1,2,4,1,2
SF,IH2006,2020-06-17 13:16:05.700,2860.2000,17523,1,10679466840.000,1,1,0,双开,B,2860.2000,2860.0000,2859.8000,2859.6000,2859.4000,2860.8000,2861.0000,2861.4000,2861.6000,2861.8000,2,2,1,2,1,2,4,1,2,4
SF,IH2006,2020-06-17 13:16:06.200,2860.2000,17523,0,10679466840.000,0,-,-,-,-,2860.2000,2860.0000,2859.8000,2859.6000,2859.4000,2860.6000,2860.8000,2861.0000,2861.4000,2861.6000,1,1,1,2,1,4,2,4,1,2
SF,IH2006,2020-06-17 13:16:06.700,2860.2000,17523,0,10679466840.000,0,-,-,-,-,2859.8000,2859.6000,2859.4000,2859.2000,2859.0000,2860.4000,2860.6000,2860.8000,2861.0000,2861.4000,1,2,1,1,3,1,5,1,4,1
SF,IH2006,2020-06-17 13:16:07.200,2860.2000,17523,0,10679466840.000,0,-,-,-,-,2859.8000,2859.6000,2859.4000,2859.2000,2859.0000,2860.2000,2860.4000,2860.6000,2860.8000,2861.0000,1,2,1,1,3,1,2,5,1,4
SF,IH2006,2020-06-17 13:16:07.700,2860.2000,17522,-1,10680324900.000,1,0,1,双平,B,2859.6000,2859.4000,2859.2000,2859.0000,2858.8000,2860.2000,2860.4000,2860.6000,2860.8000,2861.0000,2,1,1,3,1,1,2,4,1,4
SF,IH2006,2020-06-17 13:16:08.200,2860.2000,17522,0,10680324900.000,0,-,-,-,-,2859.6000,2859.4000,2859.2000,2859.0000,2858.8000,2860.0000,2860.2000,2860.4000,2860.6000,2860.8000,3,1,1,3,1,1,1,1,3,1
SF,IH2006,2020-06-17 13:16:08.700,2860.0000,17522,0,10682040900.000,2,1,1,空换,B,2859.6000,2859.4000,2859.2000,2859.0000,2858.8000,2860.2000,2860.4000,2860.6000,2860.8000,2861.0000,3,1,1,3,1,1,1,3,1,4
SF,IH2006,2020-06-17 13:16:09.200,2860.0000,17522,0,10682040900.000,0,-,-,-,-,2859.8000,2859.6000,2859.4000,2859.2000,2859.0000,2860.4000,2860.6000,2860.8000,2861.0000,2861.4000,1,3,1,1,3,1,3,1,4,1
SF,IH2006,2020-06-17 13:16:09.700,2860.0000,17522,0,10682040900.000,0,-,-,-,-,2859.8000,2859.6000,2859.4000,2859.2000,2859.0000,2860.0000,2860.4000,2860.6000,2860.8000,2861.0000,1,3,1,1,3,5,1,3,1,4
SF,IH2006,2020-06-17 13:16:10.200,2860.0000,17522,0,10682040900.000,0,-,-,-,-,2859.8000,2859.6000,2859.4000,2859.2000,2859.0000,2860.4000,2860.6000,2860.8000,2861.0000,2861.4000,1,4,1,1,3,1,3,1,4,1
SF,IH2006,2020-06-17 13:16:15.700,2860.0000,17522,0,10682040900.000,0,-,-,-,-,2859.8000,2859.6000,2859.4000,2859.2000,2859.0000,2860.4000,2860.6000,2860.8000,2861.0000,2861.4000,1,5,1,1,3,1,3,1,4,1
SF,IH2006,2020-06-17 13:16:16.200,2860.0000,17522,0,10682040900.000,0,-,-,-,-,2859.8000,2859.6000,2859.4000,2859.2000,2859.0000,2860.4000,2860.6000,2860.8000,2861.0000,2861.4000,2,5,1,1,3,1,2,1,4,1
SF,IH2006,2020-06-17 13:16:16.700,2860.0000,17522,0,10682040900.000,0,-,-,-,-,2860.2000,2860.0000,2859.8000,2859.6000,2859.4000,2860.4000,2860.6000,2860.8000,2861.0000,2861.4000,3,2,2,5,1,1,2,1,4,1
SF,IH2006,2020-06-17 13:16:17.200,2860.0000,17522,0,10682040900.000,0,-,-,-,-,2860.0000,2859.8000,2859.6000,2859.4000,2859.2000,2860.4000,2860.6000,2860.8000,2861.0000,2861.4000,2,1,5,1,1,1,2,1,3,1
SF,IH2006,2020-06-17 13:16:18.700,2860.0000,17522,0,10682040900.000,0,-,-,-,-,2860.0000,2859.8000,2859.6000,2859.4000,2859.2000,2860.4000,2860.6000,2860.8000,2861.0000,2861.4000,2,3,5,1,1,1,2,1,3,1
SF,IH2006,2020-06-17 13:16:19.200,2860.0000,17522,0,10682040900.000,0,-,-,-,-,2860.0000,2859.8000,2859.6000,2859.4000,2859.2000,2860.2000,2860.6000,2860.8000,2861.0000,2861.4000,2,3,5,1,1,3,2,1,3,1
SF,IH2006,2020-06-17 13:16:21.700,2860.2000,17521,-1,10682898960.000,1,0,1,双平,B,2860.0000,2859.8000,2859.6000,2859.4000,2859.2000,2860.2000,2860.6000,2860.8000,2861.0000,2861.4000,2,3,5,1,1,2,2,1,3,1
SF,IH2006,2020-06-17 13:16:24.700,2860.2000,17520,-1,10684615080.000,2,0,2,空平,B,2860.2000,2860.0000,2859.8000,2859.6000,2859.4000,2860.6000,2860.8000,2861.0000,2861.4000,2861.6000,6,2,3,5,1,2,1,3,1,2
SF,IH2006,2020-06-17 13:16:25.200,2860.2000,17520,0,10684615080.000,0,-,-,-,-,2860.4000,2860.2000,2860.0000,2859.8000,2859.6000,2860.6000,2860.8000,2861.0000,2861.4000,2861.6000,2,4,2,3,5,1,1,3,1,2
SF,IH2006,2020-06-17 13:16:25.700,2860.6000,17519,-1,10685473260.000,1,0,1,双平,B,2860.4000,2860.2000,2859.8000,2859.6000,2859.4000,2860.8000,2861.0000,2861.4000,2861.6000,2861.8000,2,4,3,5,1,1,3,1,2,4
SF,IH2006,2020-06-17 13:16:27.700,2860.6000,17519,0,10685473260.000,0,-,-,-,-,2860.4000,2860.2000,2859.8000,2859.6000,2859.4000,2860.8000,2861.0000,2861.4000,2861.6000,2861.8000,2,3,3,5,1,1,3,1,2,4
SF,IH2006,2020-06-17 13:16:33.200,2860.6000,17519,0,10685473260.000,0,-,-,-,-,2860.4000,2860.2000,2859.8000,2859.6000,2859.4000,2860.8000,2861.0000,2861.4000,2861.6000,2861.8000,2,3,3,5,1,6,3,1,2,4
SF,IH2006,2020-06-17 13:16:33.700,2860.8000,17519,0,10686331500.000,1,0,1,空换,B,2860.4000,2860.2000,2859.8000,2859.6000,2859.4000,2860.8000,2861.0000,2861.4000,2861.6000,2861.8000,2,3,3,5,1,5,3,1,2,4
SF,IH2006,2020-06-17 13:16:34.200,2860.8000,17519,0,10686331500.000,0,-,-,-,-,2860.4000,2860.2000,2859.8000,2859.6000,2859.4000,2860.8000,2861.0000,2861.4000,2861.6000,2861.8000,3,3,3,5,1,5,3,1,2,4
SF,IH2006,2020-06-17 13:16:35.200,2860.8000,17519,0,10686331500.000,0,-,-,-,-,2860.4000,2860.2000,2859.8000,2859.6000,2859.4000,2860.8000,2861.0000,2861.4000,2861.6000,2861.8000,3,3,3,5,2,5,3,1,2,4
SF,IH2006,2020-06-17 13:16:35.700,2860.8000,17519,0,10686331500.000,0,-,-,-,-,2860.4000,2860.2000,2859.8000,2859.6000,2859.4000,2861.0000,2861.4000,2861.6000,2861.8000,2862.0000,3,3,3,5,2,3,1,2,4,1
SF,IH2006,2020-06-17 13:16:36.200,2860.8000,17519,0,10686331500.000,0,-,-,-,-,2860.4000,2860.2000,2859.8000,2859.6000,2859.4000,2861.0000,2861.4000,2861.6000,2861.8000,2862.0000,3,3,3,4,2,9,1,2,4,1
SF,IH2006,2020-06-17 13:16:36.700,2860.8000,17519,0,10686331500.000,0,-,-,-,-,2860.4000,2860.2000,2859.8000,2859.6000,2859.4000,2861.0000,2861.4000,2861.6000,2861.8000,2862.0000,3,3,3,4,2,4,1,2,4,1
SF,IH2006,2020-06-17 13:16:37.200,2860.8000,17519,0,10686331500.000,0,-,-,-,-,2860.4000,2860.2000,2859.8000,2859.6000,2859.4000,2861.0000,2861.4000,2861.6000,2861.8000,2862.0000,3,3,3,4,2,4,1,2,4,1
SF,IH2006,2020-06-17 13:16:37.700,2860.8000,17519,0,10686331500.000,0,-,-,-,-,2860.4000,2860.2000,2859.8000,2859.6000,2859.4000,2861.0000,2861.4000,2861.6000,2861.8000,2862.0000,3,3,3,4,2,3,1,2,4,1
SF,IH2006,2020-06-17 13:16:38.200,2860.8000,17519,0,10686331500.000,0,-,-,-,-,2860.4000,2860.2000,2859.8000,2859.6000,2859.4000,2861.0000,2861.4000,2861.6000,2861.8000,2862.0000,2,3,3,4,2,3,1,2,4,1
SF,IH2006,2020-06-17 13:16:38.700,2860.8000,17519,0,10686331500.000,0,-,-,-,-,2860.4000,2860.2000,2859.8000,2859.6000,2859.4000,2860.8000,2861.0000,2861.4000,2861.6000,2861.8000,2,3,3,4,2,1,3,1,2,4
SF,IH2006,2020-06-17 13:16:39.200,2860.8000,17519,0,10686331500.000,0,-,-,-,-,2860.4000,2860.2000,2859.8000,2859.6000,2859.4000,2860.8000,2861.0000,2861.4000,2861.6000,2861.8000,2,3,3,4,2,2,3,1,2,4
SF,IH2006,2020-06-17 13:16:39.700,2860.4000,17520,1,10688047740.000,2,1,1,多开,B,2860.2000,2859.8000,2859.6000,2859.4000,2859.2000,2860.8000,2861.0000,2861.4000,2861.6000,2861.8000,3,3,4,2,1,2,3,1,2,4
SF,IH2006,2020-06-17 13:16:40.200,2860.4000,17520,0,10688047740.000,0,-,-,-,-,2860.2000,2859.8000,2859.6000,2859.4000,2859.2000,2860.8000,2861.0000,2861.4000,2861.6000,2861.8000,4,3,4,2,1,2,3,1,2,4
SF,IH2006,2020-06-17 13:16:41.700,2860.4000,17520,0,10688047740.000,0,-,-,-,-,2860.2000,2859.8000,2859.6000,2859.4000,2859.2000,2860.8000,2861.0000,2861.4000,2861.6000,2861.8000,4,3,4,2,1,7,3,1,2,4
SF,IH2006,2020-06-17 13:16:42.200,2860.2000,17521,1,10689763860.000,2,1,1,多开,B,2860.2000,2859.8000,2859.6000,2859.4000,2859.2000,2860.6000,2860.8000,2861.0000,2861.4000,2861.6000,2,3,4,2,1,2,7,2,1,2
SF,IH2006,2020-06-17 13:16:42.700,2860.2000,17521,0,10689763860.000,0,-,-,-,-,2860.2000,2859.8000,2859.6000,2859.4000,2859.2000,2860.4000,2860.6000,2860.8000,2861.0000,2861.4000,2,3,4,2,1,1,2,6,2,1
SF,IH2006,2020-06-17 13:16:43.200,2860.2000,17521,0,10689763860.000,0,-,-,-,-,2860.2000,2859.8000,2859.6000,2859.4000,2859.2000,2860.4000,2860.6000,2860.8000,2861.0000,2861.4000,1,3,4,2,1,1,2,6,2,1
SF,IH2006,2020-06-17 13:16:43.700,2860.2000,17520,-1,10690621920.000,1,0,1,双平,B,2859.8000,2859.6000,2859.4000,2859.2000,2859.0000,2860.4000,2860.6000,2860.8000,2861.0000,2861.4000,3,4,2,1,3,1,2,6,2,1
SF,IH2006,2020-06-17 13:16:44.200,2860.2000,17520,0,10690621920.000,0,-,-,-,-,2859.8000,2859.6000,2859.4000,2859.2000,2859.0000,2860.2000,2860.4000,2860.6000,2860.8000,2861.0000,3,4,2,1,3,1,1,2,6,2
SF,IH2006,2020-06-17 13:16:45.700,2860.2000,17520,0,10690621920.000,0,-,-,-,-,2860.0000,2859.8000,2859.6000,2859.4000,2859.2000,2860.2000,2860.4000,2860.6000,2860.8000,2861.0000,1,3,4,2,1,1,1,2,6,2
SF,IH2006,2020-06-17 13:16:46.200,2860.2000,17520,0,10690621920.000,0,-,-,-,-,2860.0000,2859.8000,2859.6000,2859.4000,2859.2000,2860.2000,2860.4000,2860.6000,2860.8000,2861.0000,1,3,4,2,1,2,1,2,6,2
SF,IH2006,2020-06-17 13:16:47.700,2860.2000,17520,0,10691479980.000,1,0,1,空换,B,2859.8000,2859.6000,2859.4000,2859.2000,2859.0000,2860.2000,2860.4000,2860.6000,2860.8000,2861.0000,3,4,2,1,3,1,1,2,6,2
SF,IH2006,2020-06-17 13:16:48.200,2860.2000,17520,0,10691479980.000,0,-,-,-,-,2859.8000,2859.6000,2859.4000,2859.2000,2859.0000,2860.2000,2860.6000,2860.8000,2861.0000,2861.4000,3,4,2,1,3,1,2,6,2,1
SF,IH2006,2020-06-17 13:16:48.700,2860.2000,17520,0,10691479980.000,0,-,-,-,-,2859.8000,2859.6000,2859.4000,2859.2000,2859.0000,2860.2000,2860.6000,2860.8000,2861.0000,2861.4000,4,4,2,1,3,1,2,6,2,1
SF,IH2006,2020-06-17 13:16:50.700,2860.2000,17520,0,10691479980.000,0,-,-,-,-,2859.8000,2859.6000,2859.4000,2859.2000,2859.0000,2860.2000,2860.6000,2860.8000,2861.0000,2861.4000,4,5,2,1,3,1,2,6,2,1
SF,IH2006,2020-06-17 13:16:51.200,2860.2000,17520,0,10691479980.000,0,-,-,-,-,2859.8000,2859.6000,2859.4000,2859.2000,2859.0000,2860.2000,2860.6000,2860.8000,2861.0000,2861.4000,4,5,2,1,3,1,2,6,2,1
SF,IH2006,2020-06-17 13:16:51.700,2860.2000,17520,0,10691479980.000,0,-,-,-,-,2859.8000,2859.6000,2859.4000,2859.2000,2859.0000,2860.0000,2860.2000,2860.6000,2860.8000,2861.0000,4,5,2,1,3,1,1,2,6,2
SF,IH2006,2020-06-17 13:16:52.200,2860.2000,17520,0,10691479980.000,0,-,-,-,-,2859.8000,2859.6000,2859.4000,2859.2000,2859.0000,2860.0000,2860.6000,2860.8000,2861.0000,2861.4000,4,5,2,1,3,1,2,6,2,1
SF,IH2006,2020-06-17 13:16:53.200,2860.2000,17520,0,10691479980.000,0,-,-,-,-,2859.8000,2859.6000,2859.4000,2859.2000,2859.0000,2860.0000,2860.6000,2860.8000,2861.0000,2861.4000,4,4,2,1,3,1,2,6,2,1
SF,IH2006,2020-06-17 13:16:53.700,2860.0000,17521,1,10692337980.000,1,1,0,双开,B,2859.8000,2859.6000,2859.4000,2859.2000,2859.0000,2860.6000,2860.8000,2861.0000,2861.4000,2861.6000,4,4,2,1,3,2,6,2,1,2
SF,IH2006,2020-06-17 13:16:54.200,2860.0000,17521,0,10692337980.000,0,-,-,-,-,2859.8000,2859.6000,2859.4000,2859.2000,2859.0000,2860.4000,2860.6000,2860.8000,2861.0000,2861.4000,4,4,2,1,3,2,2,6,2,1
SF,IH2006,2020-06-17 13:16:55.700,2860.4000,17521,0,10693196100.000,1,0,1,空换,B,2859.8000,2859.6000,2859.4000,2859.2000,2859.0000,2860.4000,2860.6000,2860.8000,2861.0000,2861.4000,4,4,2,1,5,1,2,6,2,1
SF,IH2006,2020-06-17 13:16:56.200,2860.6000,17521,0,10694054280.000,1,0,1,空换,B,2860.4000,2860.2000,2860.0000,2859.8000,2859.6000,2860.6000,2860.8000,2861.0000,2861.4000,2861.6000,4,2,12,5,4,1,1,2,1,2
SF,IH2006,2020-06-17 13:16:56.700,2860.6000,17520,-1,10695770640.000,2,0,2,空平,B,2860.6000,2860.4000,2860.0000,2859.8000,2859.6000,2861.0000,2861.4000,2861.6000,2861.8000,2862.0000,3,1,9,5,4,2,1,2,4,1
SF,IH2006,2020-06-17 13:16:57.200,2860.6000,17520,0,10695770640.000,0,-,-,-,-,2860.8000,2860.6000,2860.4000,2860.0000,2859.8000,2861.0000,2861.4000,2861.6000,2861.8000,2862.0000,1,1,1,7,5,7,1,2,4,1
SF,IH2006,2020-06-17 13:16:57.700,2860.6000,17520,0,10695770640.000,0,-,-,-,-,2860.8000,2860.6000,2860.4000,2860.0000,2859.8000,2861.0000,2861.4000,2861.6000,2861.8000,2862.0000,4,1,1,3,5,7,1,2,4,1
SF,IH2006,2020-06-17 13:16:58.200,2860.8000,17522,2,10697487120.000,2,2,0,双开,B,2860.8000,2860.6000,2860.4000,2860.0000,2859.8000,2861.0000,2861.4000,2861.6000,2861.8000,2862.0000,1,1,1,2,5,7,1,2,4,1
SF,IH2006,2020-06-17 13:16:58.700,2860.8000,17523,1,10698345360.000,1,1,0,双开,B,2860.6000,2860.4000,2860.0000,2859.8000,2859.6000,2860.8000,2861.0000,2861.4000,2861.6000,2861.8000,1,1,2,4,4,6,7,1,2,4
SF,IH2006,2020-06-17 13:16:59.200,2861.0000,17522,-1,10702636740.000,5,2,3,空平,B,2860.6000,2860.4000,2860.0000,2859.8000,2859.6000,2861.0000,2861.4000,2861.6000,2861.8000,2862.0000,1,1,2,4,4,4,1,2,4,1
SF,IH2006,2020-06-17 13:16:59.700,2861.0000,17522,0,10703495040.000,1,0,1,空换,B,2860.4000,2860.0000,2859.8000,2859.6000,2859.4000,2861.0000,2861.4000,2861.6000,2861.8000,2862.0000,1,2,4,4,2,3,1,2,4,1
SF,IH2006,2020-06-17 13:17:00.200,2861.0000,17522,0,10704353340.000,1,0,1,空换,B,2860.4000,2860.0000,2859.8000,2859.6000,2859.4000,2861.0000,2861.4000,2861.6000,2861.8000,2862.0000,2,2,4,4,2,2,1,2,4,1
SF,IH2006,2020-06-17 13:17:00.700,2861.0000,17522,0,10704353340.000,0,-,-,-,-,2860.4000,2860.0000,2859.8000,2859.6000,2859.4000,2861.4000,2861.6000,2861.8000,2862.0000,2862.2000,2,2,4,4,2,1,2,4,1,4
SF,IH2006,2020-06-17 13:17:01.200,2861.0000,17522,0,10704353340.000,0,-,-,-,-,2860.6000,2860.4000,2859.8000,2859.6000,2859.4000,2861.2000,2861.4000,2861.6000,2861.8000,2862.0000,2,2,4,4,2,1,2,2,4,1
SF,IH2006,2020-06-17 13:17:01.700,2861.0000,17522,0,10704353340.000,0,-,-,-,-,2860.6000,2860.4000,2859.8000,2859.6000,2859.4000,2861.2000,2861.4000,2861.6000,2861.8000,2862.0000,2,2,4,4,2,2,2,2,4,1
SF,IH2006,2020-06-17 13:17:02.200,2861.0000,17522,0,10704353340.000,0,-,-,-,-,2860.6000,2860.4000,2859.8000,2859.6000,2859.4000,2861.2000,2861.4000,2861.6000,2861.8000,2862.0000,2,2,4,4,2,1,2,2,4,1
SF,IH2006,2020-06-17 13:17:03.200,2861.0000,17522,0,10704353340.000,0,-,-,-,-,2860.6000,2860.4000,2859.8000,2859.6000,2859.4000,2861.2000,2861.4000,2861.6000,2861.8000,2862.0000,2,2,4,4,2,1,2,2,4,1
SF,IH2006,2020-06-17 13:17:03.700,2861.2000,17521,-1,10706069880.000,2,0,2,空平,B,2860.6000,2860.4000,2859.8000,2859.6000,2859.4000,2861.4000,2861.6000,2861.8000,2862.0000,2862.2000,1,2,4,4,2,2,2,4,1,3
SF,IH2006,2020-06-17 13:17:04.200,2861.2000,17521,0,10706069880.000,0,-,-,-,-,2860.6000,2860.4000,2859.8000,2859.6000,2859.4000,2861.2000,2861.4000,2861.6000,2861.8000,2862.0000,1,1,4,4,2,3,2,2,4,1
SF,IH2006,2020-06-17 13:17:04.700,2860.6000,17520,-1,10706928060.000,1,0,1,双平,B,2860.4000,2859.8000,2859.6000,2859.4000,2859.0000,2861.0000,2861.2000,2861.4000,2861.6000,2861.8000,1,4,4,2,5,2,3,2,2,4
SF,IH2006,2020-06-17 13:17:05.700,2860.6000,17520,0,10706928060.000,0,-,-,-,-,2860.4000,2860.0000,2859.8000,2859.6000,2859.4000,2861.0000,2861.2000,2861.4000,2861.6000,2861.8000,1,1,4,4,2,2,2,2,2,4
SF,IH2006,2020-06-17 13:17:06.700,2860.6000,17520,0,10706928060.000,0,-,-,-,-,2860.4000,2860.0000,2859.8000,2859.6000,2859.4000,2861.0000,2861.2000,2861.4000,2861.6000,2861.8000,1,1,4,4,2,2,2,2,2,4
SF,IH2006,2020-06-17 13:17:09.200,2861.0000,17521,1,10707786360.000,1,1,0,双开,B,2860.4000,2860.0000,2859.8000,2859.6000,2859.4000,2861.0000,2861.2000,2861.4000,2861.6000,2861.8000,1,1,4,4,2,1,2,2,2,4
SF,IH2006,2020-06-17 13:17:10.700,2861.0000,17521,0,10707786360.000,0,-,-,-,-,2860.6000,2860.4000,2860.0000,2859.8000,2859.6000,2861.0000,2861.2000,2861.4000,2861.6000,2861.8000,1,1,1,4,4,1,2,2,2,4
SF,IH2006,2020-06-17 13:17:11.200,2861.0000,17521,0,10707786360.000,0,-,-,-,-,2860.6000,2860.4000,2860.0000,2859.8000,2859.6000,2861.0000,2861.2000,2861.4000,2861.6000,2861.8000,2,1,1,4,3,1,2,2,2,4
SF,IH2006,2020-06-17 13:17:12.700,2861.0000,17521,0,10707786360.000,0,-,-,-,-,2860.6000,2860.4000,2860.0000,2859.8000,2859.6000,2861.0000,2861.2000,2861.4000,2861.6000,2861.8000,2,1,2,4,3,1,2,2,2,4
SF,IH2006,2020-06-17 13:17:13.700,2861.0000,17521,0,10707786360.000,0,-,-,-,-,2860.6000,2860.4000,2860.0000,2859.8000,2859.6000,2861.0000,2861.2000,2861.4000,2861.6000,2861.8000,2,1,2,4,2,1,2,2,2,4
SF,IH2006,2020-06-17 13:17:17.700,2861.0000,17521,0,10707786360.000,0,-,-,-,-,2860.6000,2860.4000,2860.0000,2859.8000,2859.6000,2861.0000,2861.2000,2861.4000,2861.6000,2861.8000,2,1,2,4,2,1,3,2,2,4
SF,IH2006,2020-06-17 13:17:19.200,2861.0000,17521,0,10707786360.000,0,-,-,-,-,2860.6000,2860.4000,2860.0000,2859.8000,2859.6000,2861.0000,2861.2000,2861.4000,2861.6000,2861.8000,2,1,2,4,2,1,3,2,2,4
SF,IH2006,2020-06-17 13:17:20.700,2861.0000,17521,0,10707786360.000,0,-,-,-,-,2860.6000,2860.4000,2860.0000,2859.8000,2859.6000,2861.0000,2861.2000,2861.4000,2861.6000,2861.8000,2,1,2,4,2,1,3,2,2,4
SF,IH2006,2020-06-17 13:17:21.700,2861.0000,17521,0,10707786360.000,0,-,-,-,-,2860.6000,2860.4000,2860.0000,2859.8000,2859.6000,2861.0000,2861.2000,2861.4000,2861.6000,2861.8000,2,1,2,4,2,1,3,2,2,4
SF,IH2006,2020-06-17 13:17:22.200,2861.0000,17520,-1,10708644660.000,1,0,1,双平,B,2860.6000,2860.4000,2860.0000,2859.8000,2859.6000,2861.2000,2861.4000,2861.6000,2861.8000,2862.0000,2,1,2,4,2,3,2,2,4,1
SF,IH2006,2020-06-17 13:17:27.200,2861.0000,17520,0,10708644660.000,0,-,-,-,-,2860.8000,2860.6000,2860.4000,2860.0000,2859.8000,2861.0000,2861.2000,2861.4000,2861.6000,2861.8000,1,1,1,2,4,4,3,2,2,4
SF,IH2006,2020-06-17 13:17:27.700,2860.8000,17521,1,10709502900.000,1,1,0,双开,B,2860.4000,2860.0000,2859.8000,2859.6000,2859.4000,2860.6000,2860.8000,2861.0000,2861.2000,2861.4000,1,3,4,2,2,1,7,5,2,2
SF,IH2006,2020-06-17 13:17:28.200,2860.4000,17522,1,10710361020.000,1,1,0,双开,B,2860.0000,2859.8000,2859.6000,2859.4000,2859.0000,2860.6000,2860.8000,2861.0000,2861.2000,2861.4000,3,4,2,2,4,1,6,3,2,2
SF,IH2006,2020-06-17 13:17:28.700,2860.6000,17521,-1,10711219200.000,1,0,1,双平,B,2860.4000,2860.2000,2860.0000,2859.8000,2859.6000,2860.8000,2861.0000,2861.2000,2861.4000,2861.6000,4,1,3,4,2,6,3,2,2,2
SF,IH2006,2020-06-17 13:17:29.200,2860.6000,17521,0,10711219200.000,0,-,-,-,-,2860.4000,2860.2000,2860.0000,2859.8000,2859.6000,2860.8000,2861.0000,2861.2000,2861.4000,2861.6000,1,2,3,4,2,3,3,2,2,2
SF,IH2006,2020-06-17 13:17:29.700,2860.8000,17520,-1,10712077440.000,1,0,1,双平,B,2860.4000,2860.2000,2860.0000,2859.8000,2859.6000,2860.8000,2861.0000,2861.2000,2861.4000,2861.6000,1,2,3,4,2,2,3,2,2,2
SF,IH2006,2020-06-17 13:17:30.200,2860.8000,17520,0,10712077440.000,0,-,-,-,-,2860.2000,2860.0000,2859.8000,2859.6000,2859.4000,2860.8000,2861.0000,2861.2000,2861.4000,2861.6000,2,3,4,2,2,2,3,2,2,2
SF,IH2006,2020-06-17 13:17:30.700,2860.8000,17520,0,10712077440.000,0,-,-,-,-,2860.2000,2860.0000,2859.8000,2859.6000,2859.4000,2860.8000,2861.0000,2861.2000,2861.4000,2861.6000,2,3,4,2,2,2,2,2,2,2
SF,IH2006,2020-06-17 13:17:31.200,2860.8000,17520,0,10712077440.000,0,-,-,-,-,2860.2000,2860.0000,2859.8000,2859.6000,2859.4000,2860.6000,2860.8000,2861.0000,2861.2000,2861.4000,2,3,4,2,2,1,2,2,1,2
SF,IH2006,2020-06-17 13:17:31.700,2860.8000,17520,0,10712935680.000,1,0,1,空换,B,2860.2000,2860.0000,2859.8000,2859.6000,2859.4000,2860.8000,2861.0000,2861.2000,2861.4000,2861.6000,2,3,5,2,2,2,2,1,2,2
SF,IH2006,2020-06-17 13:17:33.200,2860.8000,17520,0,10712935680.000,0,-,-,-,-,2860.2000,2860.0000,2859.8000,2859.6000,2859.4000,2860.8000,2861.0000,2861.2000,2861.4000,2861.6000,2,4,5,2,2,2,2,1,2,2
SF,IH2006,2020-06-17 13:17:33.700,2860.8000,17520,0,10712935680.000,0,-,-,-,-,2860.6000,2860.2000,2860.0000,2859.8000,2859.6000,2860.8000,2861.0000,2861.2000,2861.4000,2861.6000,5,2,4,5,2,2,2,1,2,2
SF,IH2006,2020-06-17 13:17:34.200,2860.8000,17520,0,10712935680.000,0,-,-,-,-,2860.2000,2860.0000,2859.8000,2859.6000,2859.4000,2860.8000,2861.0000,2861.2000,2861.4000,2861.6000,2,4,5,2,2,1,2,1,2,2
SF,IH2006,2020-06-17 13:17:34.700,2860.8000,17520,0,10712935680.000,0,-,-,-,-,2860.6000,2860.4000,2860.2000,2860.0000,2859.8000,2860.8000,2861.0000,2861.2000,2861.4000,2861.6000,2,1,2,4,5,1,2,1,2,2
SF,IH2006,2020-06-17 13:17:35.200,2860.8000,17520,0,10712935680.000,0,-,-,-,-,2860.4000,2860.2000,2860.0000,2859.8000,2859.6000,2860.8000,2861.0000,2861.2000,2861.4000,2861.6000,1,2,4,5,2,1,3,1,2,2
SF,IH2006,2020-06-17 13:17:35.700,2860.8000,17520,0,10712935680.000,0,-,-,-,-,2860.4000,2860.2000,2860.0000,2859.8000,2859.6000,2861.0000,2861.2000,2861.4000,2861.6000,2861.8000,2,2,4,5,2,3,1,2,2,4
SF,IH2006,2020-06-17 13:17:36.200,2860.8000,17520,0,10712935680.000,0,-,-,-,-,2860.6000,2860.4000,2860.2000,2860.0000,2859.8000,2861.0000,2861.2000,2861.4000,2861.6000,2861.8000,1,2,1,4,5,3,1,2,2,4
SF,IH2006,2020-06-17 13:17:36.700,2860.8000,17520,0,10712935680.000,0,-,-,-,-,2860.6000,2860.4000,2860.2000,2860.0000,2859.8000,2861.0000,2861.2000,2861.4000,2861.6000,2861.8000,1,2,1,4,5,9,1,2,2,4
SF,IH2006,2020-06-17 13:17:38.200,2860.8000,17520,0,10712935680.000,0,-,-,-,-,2860.6000,2860.4000,2860.2000,2860.0000,2859.8000,2861.0000,2861.2000,2861.4000,2861.6000,2861.8000,1,3,1,4,5,9,1,2,2,4
SF,IH2006,2020-06-17 13:17:38.700,2860.6000,17518,-2,10714652160.000,2,0,2,双平,B,2860.4000,2860.2000,2860.0000,2859.8000,2859.6000,2861.0000,2861.2000,2861.4000,2861.6000,2861.8000,4,1,4,5,2,8,1,2,2,4
SF,IH2006,2020-06-17 13:17:39.200,2860.6000,17518,0,10714652160.000,0,-,-,-,-,2860.6000,2860.4000,2860.2000,2860.0000,2859.8000,2861.0000,2861.2000,2861.4000,2861.6000,2861.8000,1,4,1,3,5,3,1,2,2,4
SF,IH2006,2020-06-17 13:17:39.700,2860.6000,17518,0,10714652160.000,0,-,-,-,-,2860.6000,2860.4000,2860.2000,2860.0000,2859.8000,2861.0000,2861.2000,2861.4000,2861.6000,2861.8000,1,4,1,3,5,1,1,2,2,4
SF,IH2006,2020-06-17 13:17:40.200,2860.6000,17518,0,10714652160.000,0,-,-,-,-,2860.6000,2860.4000,2860.2000,2860.0000,2859.8000,2861.0000,2861.2000,2861.4000,2861.6000,2861.8000,2,4,1,3,4,1,1,2,2,4
SF,IH2006,2020-06-17 13:17:40.700,2860.6000,17518,0,10714652160.000,0,-,-,-,-,2860.6000,2860.4000,2860.2000,2860.0000,2859.8000,2861.0000,2861.2000,2861.4000,2861.6000,2861.8000,2,4,4,3,4,1,1,2,2,4
SF,IH2006,2020-06-17 13:17:41.700,2860.6000,17518,0,10714652160.000,0,-,-,-,-,2860.6000,2860.4000,2860.2000,2860.0000,2859.8000,2861.0000,2861.2000,2861.4000,2861.6000,2861.8000,2,4,4,3,4,1,1,2,2,4
SF,IH2006,2020-06-17 13:17:43.200,2860.6000,17518,0,10714652160.000,0,-,-,-,-,2860.6000,2860.4000,2860.2000,2860.0000,2859.8000,2861.0000,2861.2000,2861.4000,2861.6000,2861.8000,2,4,4,3,4,2,1,2,2,4
SF,IH2006,2020-06-17 13:17:43.700,2861.0000,17518,0,10716368760.000,2,1,1,空换,B,2860.8000,2860.6000,2860.4000,2860.2000,2860.0000,2861.2000,2861.4000,2861.6000,2861.8000,2862.0000,2,2,4,4,3,1,2,2,4,1
SF,IH2006,2020-06-17 13:17:44.200,2861.2000,17518,0,10717227120.000,1,0,1,空换,B,2861.0000,2860.8000,2860.6000,2860.4000,2860.2000,2861.6000,2861.8000,2862.0000,2862.2000,2862.4000,1,2,2,4,3,2,4,1,3,2
SF,IH2006,2020-06-17 13:17:44.700,2861.2000,17518,0,10717227120.000,0,-,-,-,-,2861.2000,2861.0000,2860.8000,2860.6000,2860.4000,2861.6000,2861.8000,2862.0000,2862.2000,2862.4000,1,2,2,2,3,3,4,1,3,2
SF,IH2006,2020-06-17 13:17:45.200,2861.0000,17517,-1,10718943780.000,2,0,2,空平,B,2861.0000,2860.8000,2860.6000,2860.4000,2860.2000,2861.6000,2861.8000,2862.0000,2862.2000,2862.4000,2,2,2,3,3,3,4,1,3,2
SF,IH2006,2020-06-17 13:17:45.700,2861.0000,17517,0,10720660380.000,2,1,1,空换,B,2861.0000,2860.8000,2860.6000,2860.4000,2860.2000,2861.4000,2861.6000,2861.8000,2862.0000,2862.2000,1,2,2,3,3,1,3,4,1,3
SF,IH2006,2020-06-17 13:17:46.200,2861.0000,17517,0,10720660380.000,0,-,-,-,-,2861.0000,2860.8000,2860.6000,2860.4000,2860.2000,2861.4000,2861.6000,2861.8000,2862.0000,2862.2000,1,2,2,2,3,1,3,4,1,3
SF,IH2006,2020-06-17 13:17:46.700,2861.0000,17517,0,10720660380.000,0,-,-,-,-,2861.0000,2860.8000,2860.6000,2860.4000,2860.2000,2861.4000,2861.6000,2861.8000,2862.0000,2862.2000,1,1,2,2,3,1,3,4,1,3
SF,IH2006,2020-06-17 13:17:47.700,2861.0000,17516,-1,10721518680.000,1,0,1,双平,B,2860.8000,2860.6000,2860.4000,2860.2000,2860.0000,2861.4000,2861.6000,2861.8000,2862.0000,2862.2000,1,2,2,3,3,1,3,4,1,3
SF,IH2006,2020-06-17 13:17:48.200,2861.0000,17516,0,10721518680.000,0,-,-,-,-,2860.8000,2860.6000,2860.4000,2860.2000,2860.0000,2861.0000,2861.4000,2861.6000,2861.8000,2862.0000,1,2,2,3,3,1,2,3,4,1
SF,IH2006,2020-06-17 13:17:48.700,2861.0000,17516,0,10722376980.000,1,0,1,空换,B,2861.0000,2860.8000,2860.6000,2860.4000,2860.2000,2861.4000,2861.6000,2861.8000,2862.0000,2862.2000,6,1,2,2,3,2,3,4,1,3
SF,IH2006,2020-06-17 13:17:49.200,2861.0000,17516,0,10722376980.000,0,-,-,-,-,2861.0000,2860.8000,2860.6000,2860.4000,2860.2000,2861.4000,2861.6000,2861.8000,2862.0000,2862.2000,1,1,2,2,3,3,3,4,1,3
SF,IH2006,2020-06-17 13:17:49.700,2861.0000,17516,0,10722376980.000,0,-,-,-,-,2861.0000,2860.8000,2860.6000,2860.4000,2860.2000,2861.4000,2861.6000,2861.8000,2862.0000,2862.2000,1,1,2,2,3,3,3,4,1,3
SF,IH2006,2020-06-17 13:17:50.200,2861.0000,17516,0,10722376980.000,0,-,-,-,-,2861.2000,2861.0000,2860.8000,2860.6000,2860.4000,2861.4000,2861.6000,2861.8000,2862.0000,2862.2000,1,1,1,2,2,1,3,4,1,3
SF,IH2006,2020-06-17 13:17:50.700,2861.0000,17514,-2,10724093580.000,2,0,2,双平,B,2860.8000,2860.6000,2860.4000,2860.2000,2860.0000,2861.4000,2861.6000,2861.8000,2862.0000,2862.2000,1,2,1,3,3,1,3,4,1,3
SF,IH2006,2020-06-17 13:17:51.200,2860.8000,17514,0,10724951820.000,1,0,1,空换,B,2860.6000,2860.4000,2860.2000,2860.0000,2859.8000,2861.4000,2861.6000,2861.8000,2862.0000,2862.2000,2,1,3,3,4,2,3,4,1,3
SF,IH2006,2020-06-17 13:17:51.700,2860.8000,17514,0,10724951820.000,0,-,-,-,-,2860.6000,2860.4000,2860.2000,2860.0000,2859.8000,2861.2000,2861.4000,2861.6000,2861.8000,2862.0000,2,1,3,3,4,1,2,3,4,1
SF,IH2006,2020-06-17 13:17:52.200,2860.8000,17514,0,10724951820.000,0,-,-,-,-,2860.6000,2860.4000,2860.2000,2860.0000,2859.8000,2861.2000,2861.4000,2861.6000,2861.8000,2862.0000,2,1,3,3,4,2,2,3,4,1
SF,IH2006,2020-06-17 13:17:52.700,2860.8000,17514,0,10724951820.000,0,-,-,-,-,2860.6000,2860.4000,2860.2000,2860.0000,2859.8000,2861.2000,2861.4000,2861.6000,2861.8000,2862.0000,1,1,3,3,4,2,2,3,4,1
SF,IH2006,2020-06-17 13:17:53.700,2861.2000,17514,0,10725810180.000,1,0,1,空换,B,2860.6000,2860.4000,2860.2000,2860.0000,2859.8000,2861.2000,2861.4000,2861.6000,2861.8000,2862.0000,1,1,3,3,4,1,2,3,4,1
SF,IH2006,2020-06-17 13:17:54.200,2861.2000,17514,0,10725810180.000,0,-,-,-,-,2860.6000,2860.4000,2860.2000,2860.0000,2859.8000,2861.2000,2861.4000,2861.6000,2861.8000,2862.0000,2,1,3,3,4,1,2,3,4,1
SF,IH2006,2020-06-17 13:17:54.700,2861.2000,17514,0,10726668540.000,1,0,1,空换,B,2860.6000,2860.4000,2860.2000,2860.0000,2859.8000,2861.4000,2861.6000,2861.8000,2862.0000,2862.2000,2,1,3,3,4,2,3,4,1,3
SF,IH2006,2020-06-17 13:17:55.200,2861.2000,17514,0,10726668540.000,0,-,-,-,-,2860.6000,2860.4000,2860.2000,2860.0000,2859.8000,2861.2000,2861.4000,2861.6000,2861.8000,2862.0000,2,1,3,3,4,1,2,3,4,1
SF,IH2006,2020-06-17 13:17:55.700,2861.2000,17514,0,10727526900.000,1,0,1,空换,B,2861.2000,2860.6000,2860.4000,2860.2000,2860.0000,2861.4000,2861.6000,2861.8000,2862.0000,2862.2000,2,2,1,3,3,2,3,4,1,3
SF,IH2006,2020-06-17 13:17:56.200,2861.2000,17512,-2,10729243620.000,2,0,2,双平,B,2860.6000,2860.4000,2860.2000,2860.0000,2859.8000,2860.8000,2861.2000,2861.4000,2861.6000,2861.8000,2,1,3,3,4,1,5,2,3,5
SF,IH2006,2020-06-17 13:17:56.700,2860.8000,17511,-1,10730960100.000,2,0,2,空平,B,2861.0000,2860.8000,2860.6000,2860.4000,2860.2000,2861.2000,2861.4000,2861.6000,2861.8000,2862.0000,2,17,2,1,3,1,2,3,5,1
SF,IH2006,2020-06-17 13:17:57.200,2861.4000,17510,-1,10731818520.000,1,0,1,双平,B,2860.8000,2860.6000,2860.4000,2860.2000,2860.0000,2861.4000,2861.6000,2861.8000,2862.0000,2862.2000,3,2,1,3,3,1,3,4,1,3
SF,IH2006,2020-06-17 13:17:57.700,2861.4000,17510,0,10731818520.000,0,-,-,-,-,2860.8000,2860.6000,2860.4000,2860.2000,2860.0000,2861.4000,2861.6000,2861.8000,2862.0000,2862.2000,3,2,2,3,3,2,3,4,1,3
SF,IH2006,2020-06-17 13:17:58.200,2861.4000,17510,0,10731818520.000,0,-,-,-,-,2861.2000,2860.8000,2860.6000,2860.4000,2860.2000,2861.4000,2861.6000,2861.8000,2862.0000,2862.2000,1,3,2,2,3,2,3,4,1,3
SF,IH2006,2020-06-17 13:17:58.700,2860.8000,17510,0,10734393360.000,3,1,2,空换,B,2860.8000,2860.6000,2860.4000,2860.2000,2860.0000,2861.2000,2861.4000,2861.6000,2861.8000,2862.0000,1,2,2,3,3,2,2,3,4,1
SF,IH2006,2020-06-17 13:17:59.200,2861.2000,17509,-1,10736110080.000,2,0,2,空平,B,2861.2000,2860.8000,2860.6000,2860.4000,2860.2000,2861.4000,2861.6000,2861.8000,2862.0000,2862.2000,1,1,2,2,3,2,3,4,1,3
SF,IH2006,2020-06-17 13:17:59.700,2861.4000,17509,0,10736968500.000,1,0,1,空换,B,2860.8000,2860.6000,2860.4000,2860.2000,2860.0000,2861.6000,2861.8000,2862.0000,2862.2000,2862.4000,1,2,2,3,3,3,4,1,3,1
SF,IH2006,2020-06-17 13:18:00.200,2860.8000,17508,-1,10737826740.000,1,0,1,双平,B,2860.8000,2860.6000,2860.4000,2860.2000,2860.0000,2861.4000,2861.6000,2861.8000,2862.0000,2862.2000,2,2,2,3,3,1,9,4,1,3
SF,IH2006,2020-06-17 13:18:00.700,2860.8000,17508,0,10737826740.000,0,-,-,-,-,2861.0000,2860.8000,2860.6000,2860.4000,2860.2000,2861.4000,2861.6000,2861.8000,2862.0000,2862.2000,1,1,2,2,3,1,9,4,1,3
SF,IH2006,2020-06-17 13:18:01.200,2861.4000,17508,0,10738685160.000,1,0,1,空换,B,2860.8000,2860.6000,2860.4000,2860.2000,2860.0000,2861.6000,2861.8000,2862.0000,2862.2000,2862.4000,1,2,2,3,3,9,4,1,3,1
SF,IH2006,2020-06-17 13:18:01.700,2861.4000,17508,0,10738685160.000,0,-,-,-,-,2860.8000,2860.6000,2860.4000,2860.2000,2860.0000,2861.4000,2861.6000,2861.8000,2862.0000,2862.2000,1,2,2,3,3,3,9,4,1,3
SF,IH2006,2020-06-17 13:18:02.200,2861.4000,17508,0,10738685160.000,0,-,-,-,-,2860.8000,2860.6000,2860.4000,2860.2000,2860.0000,2861.2000,2861.4000,2861.6000,2861.8000,2862.0000,1,2,2,3,3,1,4,8,4,1
SF,IH2006,2020-06-17 13:18:03.200,2861.4000,17508,0,10738685160.000,0,-,-,-,-,2860.8000,2860.6000,2860.4000,2860.2000,2860.0000,2861.2000,2861.4000,2861.6000,2861.8000,2862.0000,1,2,2,3,3,1,3,3,4,1
SF,IH2006,2020-06-17 13:18:04.700,2860.8000,17508,0,10739543400.000,1,0,1,空换,B,2860.6000,2860.4000,2860.2000,2860.0000,2859.8000,2861.2000,2861.4000,2861.6000,2861.8000,2862.0000,2,2,3,3,4,1,3,3,4,1
SF,IH2006,2020-06-17 13:18:05.200,2861.2000,17507,-1,10740401760.000,1,0,1,双平,B,2860.6000,2860.4000,2860.2000,2860.0000,2859.8000,2861.4000,2861.6000,2861.8000,2862.0000,2862.2000,2,2,3,3,4,3,3,4,1,3
SF,IH2006,2020-06-17 13:18:05.700,2861.4000,17506,-1,10741260180.000,1,0,1,双平,B,2860.8000,2860.6000,2860.4000,2860.2000,2860.0000,2861.4000,2861.6000,2861.8000,2862.0000,2862.2000,1,2,2,3,3,3,3,4,1,3
SF,IH2006,2020-06-17 13:18:06.200,2861.4000,17506,0,10741260180.000,0,-,-,-,-,2860.8000,2860.6000,2860.4000,2860.2000,2860.0000,2861.4000,2861.6000,2861.8000,2862.0000,2862.2000,2,2,2,3,3,2,3,4,1,3
SF,IH2006,2020-06-17 13:18:07.200,2861.4000,17506,0,10741260180.000,0,-,-,-,-,2860.8000,2860.6000,2860.4000,2860.2000,2860.0000,2861.4000,2861.6000,2861.8000,2862.0000,2862.2000,2,2,2,3,5,2,3,4,1,3
SF,IH2006,2020-06-17 13:18:08.700,2861.4000,17506,0,10741260180.000,0,-,-,-,-,2860.8000,2860.6000,2860.4000,2860.2000,2860.0000,2861.4000,2861.6000,2861.8000,2862.0000,2862.2000,2,2,2,3,5,2,3,4,1,3
SF,IH2006,2020-06-17 13:18:09.200,2861.4000,17506,0,10741260180.000,0,-,-,-,-,2860.8000,2860.6000,2860.4000,2860.2000,2860.0000,2861.4000,2861.6000,2861.8000,2862.0000,2862.2000,3,1,2,3,5,2,3,4,1,3
SF,IH2006,2020-06-17 13:18:09.700,2861.4000,17506,0,10741260180.000,0,-,-,-,-,2860.8000,2860.6000,2860.4000,2860.2000,2860.0000,2861.2000,2861.4000,2861.6000,2861.8000,2862.0000,2,1,2,3,5,1,2,3,4,1
SF,IH2006,2020-06-17 13:18:10.700,2861.4000,17506,0,10741260180.000,0,-,-,-,-,2860.8000,2860.6000,2860.4000,2860.2000,2860.0000,2861.2000,2861.4000,2861.6000,2861.8000,2862.0000,2,1,1,3,5,1,2,3,4,1
SF,IH2006,2020-06-17 13:18:11.200,2861.4000,17506,0,10741260180.000,0,-,-,-,-,2861.0000,2860.8000,2860.6000,2860.4000,2860.2000,2861.2000,2861.4000,2861.6000,2861.8000,2862.0000,1,2,1,1,3,1,2,3,4,1
SF,IH2006,2020-06-17 13:18:11.700,2861.2000,17506,0,10743835080.000,3,1,2,空换,B,2860.8000,2860.6000,2860.4000,2860.2000,2860.0000,2861.4000,2861.6000,2861.8000,2862.0000,2862.2000,1,1,1,3,5,2,3,4,1,3
SF,IH2006,2020-06-17 13:18:12.200,2861.2000,17506,0,10743835080.000,0,-,-,-,-,2860.8000,2860.6000,2860.4000,2860.2000,2860.0000,2861.2000,2861.4000,2861.6000,2861.8000,2862.0000,1,1,1,3,5,1,2,2,4,1
SF,IH2006,2020-06-17 13:18:12.700,2861.2000,17506,0,10743835080.000,0,-,-,-,-,2860.8000,2860.6000,2860.4000,2860.0000,2859.8000,2861.2000,2861.4000,2861.6000,2861.8000,2862.0000,1,1,1,5,4,1,2,2,4,1
SF,IH2006,2020-06-17 13:18:14.200,2861.2000,17506,0,10743835080.000,0,-,-,-,-,2860.8000,2860.6000,2860.4000,2860.0000,2859.8000,2861.2000,2861.4000,2861.6000,2861.8000,2862.0000,1,1,1,5,4,1,2,2,4,1
SF,IH2006,2020-06-17 13:18:14.700,2861.2000,17507,1,10744693440.000,1,1,0,双开,B,2861.0000,2860.8000,2860.6000,2860.4000,2860.0000,2861.4000,2861.6000,2861.8000,2862.0000,2862.2000,1,1,1,1,4,2,2,4,1,3
SF,IH2006,2020-06-17 13:18:15.200,2861.4000,17507,0,10745551860.000,1,0,1,空换,B,2861.0000,2860.8000,2860.6000,2860.4000,2860.0000,2861.6000,2861.8000,2862.0000,2862.2000,2862.4000,2,1,1,1,4,2,4,1,3,1
SF,IH2006,2020-06-17 13:18:15.700,2861.6000,17507,0,10746410340.000,1,0,1,空换,B,2861.0000,2860.8000,2860.6000,2860.4000,2860.0000,2861.6000,2861.8000,2862.0000,2862.2000,2862.4000,2,1,1,1,4,1,4,1,3,1
SF,IH2006,2020-06-17 13:18:16.200,2861.6000,17507,0,10746410340.000,0,-,-,-,-,2861.0000,2860.8000,2860.6000,2860.4000,2860.0000,2861.6000,2861.8000,2862.0000,2862.2000,2862.4000,2,2,1,1,4,1,5,1,3,1
SF,IH2006,2020-06-17 13:18:16.700,2861.6000,17507,0,10746410340.000,0,-,-,-,-,2861.0000,2860.8000,2860.6000,2860.4000,2860.0000,2861.6000,2861.8000,2862.0000,2862.2000,2862.4000,2,3,1,1,4,1,5,1,3,1
SF,IH2006,2020-06-17 13:18:17.200,2861.6000,17507,0,10746410340.000,0,-,-,-,-,2861.0000,2860.8000,2860.6000,2860.4000,2860.0000,2861.4000,2861.6000,2861.8000,2862.0000,2862.2000,2,3,1,1,4,2,2,5,1,3
SF,IH2006,2020-06-17 13:18:19.700,2861.6000,17507,0,10746410340.000,0,-,-,-,-,2861.0000,2860.8000,2860.6000,2860.4000,2860.2000,2861.4000,2861.6000,2861.8000,2862.0000,2862.2000,2,3,1,1,1,2,2,5,1,3
SF,IH2006,2020-06-17 13:18:20.200,2861.6000,17507,0,10746410340.000,0,-,-,-,-,2861.0000,2860.8000,2860.6000,2860.4000,2860.2000,2861.4000,2861.6000,2861.8000,2862.0000,2862.2000,2,3,1,1,1,1,2,5,1,3
SF,IH2006,2020-06-17 13:18:20.700,2861.6000,17507,0,10746410340.000,0,-,-,-,-,2861.0000,2860.8000,2860.6000,2860.4000,2860.2000,2861.6000,2861.8000,2862.0000,2862.2000,2862.4000,2,3,1,1,1,2,5,1,3,1
SF,IH2006,2020-06-17 13:18:21.200,2861.6000,17507,0,10746410340.000,0,-,-,-,-,2861.0000,2860.8000,2860.6000,2860.4000,2860.2000,2861.6000,2861.8000,2862.0000,2862.2000,2862.4000,2,3,1,1,1,1,5,1,3,1
SF,IH2006,2020-06-17 13:18:21.700,2861.6000,17507,0,10746410340.000,0,-,-,-,-,2861.4000,2861.2000,2861.0000,2860.8000,2860.6000,2861.6000,2861.8000,2862.0000,2862.2000,2862.4000,3,1,3,3,1,1,5,1,3,1
SF,IH2006,2020-06-17 13:18:22.200,2861.0000,17507,0,10748127000.000,2,1,1,空换,B,2861.0000,2860.8000,2860.6000,2860.4000,2860.2000,2861.2000,2861.6000,2861.8000,2862.0000,2862.2000,1,3,1,1,1,2,1,5,1,3
SF,IH2006,2020-06-17 13:18:22.700,2861.2000,17505,-2,10749843720.000,2,0,2,双平,B,2861.4000,2861.2000,2861.0000,2860.8000,2860.6000,2861.6000,2861.8000,2862.0000,2862.2000,2862.4000,1,12,1,3,1,1,5,1,3,1
SF,IH2006,2020-06-17 13:18:23.200,2861.6000,17505,0,10750702200.000,1,0,1,空换,B,2861.2000,2861.0000,2860.8000,2860.6000,2860.4000,2861.8000,2862.0000,2862.2000,2862.4000,2862.6000,5,1,3,1,1,5,1,3,1,1
SF,IH2006,2020-06-17 13:18:23.700,2861.2000,17505,0,10751560560.000,1,0,1,空换,B,2861.2000,2861.0000,2860.8000,2860.6000,2860.4000,2861.8000,2862.0000,2862.2000,2862.4000,2862.6000,5,1,3,1,1,5,1,3,1,1
SF,IH2006,2020-06-17 13:18:24.200,2861.2000,17504,-1,10752418920.000,1,0,1,双平,B,2861.2000,2861.0000,2860.8000,2860.6000,2860.4000,2861.8000,2862.0000,2862.2000,2862.4000,2862.6000,5,1,3,1,1,5,1,3,1,1
SF,IH2006,2020-06-17 13:18:24.700,2861.2000,17504,0,10752418920.000,0,-,-,-,-,2861.2000,2861.0000,2860.8000,2860.6000,2860.4000,2861.8000,2862.0000,2862.2000,2862.4000,2862.6000,7,1,3,1,1,5,1,3,1,1
SF,IH2006,2020-06-17 13:18:25.700,2861.2000,17504,0,10752418920.000,0,-,-,-,-,2861.2000,2861.0000,2860.8000,2860.6000,2860.4000,2861.8000,2862.0000,2862.2000,2862.4000,2862.6000,6,1,3,1,1,5,1,3,1,1
SF,IH2006,2020-06-17 13:18:26.700,2861.2000,17504,0,10752418920.000,0,-,-,-,-,2861.2000,2861.0000,2860.8000,2860.6000,2860.4000,2861.8000,2862.0000,2862.2000,2862.4000,2862.6000,6,1,3,1,1,5,5,3,1,1
SF,IH2006,2020-06-17 13:18:27.200,2861.2000,17504,0,10752418920.000,0,-,-,-,-,2861.2000,2861.0000,2860.8000,2860.6000,2860.4000,2861.8000,2862.0000,2862.2000,2862.4000,2862.6000,6,1,3,1,1,6,5,3,1,1
SF,IH2006,2020-06-17 13:18:30.200,2861.8000,17502,-2,10754136000.000,2,0,2,双平,B,2861.2000,2861.0000,2860.8000,2860.6000,2860.4000,2861.8000,2862.0000,2862.2000,2862.4000,2862.6000,6,1,3,1,1,3,5,3,1,1
SF,IH2006,2020-06-17 13:18:30.700,2861.8000,17501,-1,10754994540.000,1,0,1,双平,B,2861.2000,2861.0000,2860.8000,2860.6000,2860.4000,2861.8000,2862.0000,2862.2000,2862.4000,2862.6000,6,1,3,1,1,2,5,3,1,1
SF,IH2006,2020-06-17 13:18:33.700,2861.8000,17501,0,10754994540.000,0,-,-,-,-,2861.2000,2861.0000,2860.8000,2860.6000,2860.4000,2861.8000,2862.0000,2862.2000,2862.4000,2862.6000,6,1,3,1,1,2,5,3,1,1
SF,IH2006,2020-06-17 13:18:34.700,2861.8000,17501,0,10754994540.000,0,-,-,-,-,2861.2000,2861.0000,2860.8000,2860.6000,2860.4000,2861.8000,2862.0000,2862.2000,2862.4000,2862.6000,6,1,4,1,1,2,5,3,1,1
SF,IH2006,2020-06-17 13:18:35.200,2861.8000,17501,0,10754994540.000,0,-,-,-,-,2861.2000,2861.0000,2860.8000,2860.4000,2860.0000,2861.8000,2862.0000,2862.2000,2862.4000,2862.6000,6,1,4,1,4,2,5,4,1,1
SF,IH2006,2020-06-17 13:18:35.700,2861.8000,17501,0,10754994540.000,0,-,-,-,-,2861.2000,2861.0000,2860.8000,2860.4000,2860.0000,2861.6000,2861.8000,2862.0000,2862.2000,2862.4000,6,1,4,1,4,1,2,5,4,1
SF,IH2006,2020-06-17 13:18:36.200,2861.8000,17501,0,10754994540.000,0,-,-,-,-,2861.6000,2861.2000,2861.0000,2860.8000,2860.4000,2861.8000,2862.0000,2862.2000,2862.4000,2862.6000,1,6,1,4,1,2,5,4,1,1
SF,IH2006,2020-06-17 13:18:36.700,2861.2000,17501,0,10756711380.000,2,1,1,空换,B,2861.2000,2861.0000,2860.8000,2860.4000,2860.0000,2861.4000,2861.8000,2862.0000,2862.2000,2862.4000,5,1,4,1,4,2,2,5,4,1
SF,IH2006,2020-06-17 13:18:37.200,2861.2000,17500,-1,10757569740.000,1,0,1,双平,B,2861.2000,2861.0000,2860.8000,2860.4000,2860.0000,2861.8000,2862.0000,2862.2000,2862.4000,2862.6000,3,1,4,1,4,2,5,4,1,1
SF,IH2006,2020-06-17 13:18:37.700,2861.8000,17500,0,10758428280.000,1,0,1,空换,B,2861.4000,2861.2000,2861.0000,2860.8000,2860.4000,2861.8000,2862.0000,2862.2000,2862.4000,2862.6000,1,3,1,4,1,1,5,4,1,1
SF,IH2006,2020-06-17 13:18:38.200,2861.2000,17501,1,10760145060.000,2,1,1,多开,B,2861.6000,2861.4000,2861.2000,2861.0000,2860.8000,2861.8000,2862.0000,2862.2000,2862.4000,2862.6000,1,1,2,1,4,1,5,4,1,1
SF,IH2006,2020-06-17 13:18:38.700,2861.2000,17498,-3,10763578680.000,4,0,4,空平,B,2861.0000,2860.8000,2860.4000,2860.0000,2859.8000,2861.6000,2861.8000,2862.0000,2862.2000,2862.4000,1,4,1,4,3,6,1,5,4,1
SF,IH2006,2020-06-17 13:18:39.200,2861.8000,17497,-1,10765295520.000,2,0,2,空平,B,2861.2000,2861.0000,2860.8000,2860.6000,2860.4000,2862.0000,2862.2000,2862.4000,2862.6000,2862.8000,1,1,4,1,1,5,4,1,1,1
SF,IH2006,2020-06-17 13:18:39.700,2861.2000,17496,-1,10766153880.000,1,0,1,双平,B,2861.2000,2861.0000,2860.8000,2860.6000,2860.4000,2861.8000,2862.0000,2862.2000,2862.4000,2862.6000,1,1,4,1,1,1,6,4,1,1
SF,IH2006,2020-06-17 13:18:40.200,2861.2000,17496,0,10766153880.000,0,-,-,-,-,2861.2000,2861.0000,2860.8000,2860.6000,2860.4000,2861.8000,2862.0000,2862.2000,2862.4000,2862.6000,1,1,4,1,1,1,7,4,1,1
SF,IH2006,2020-06-17 13:18:42.700,2861.2000,17496,0,10766153880.000,0,-,-,-,-,2861.4000,2861.2000,2861.0000,2860.8000,2860.6000,2861.8000,2862.0000,2862.2000,2862.4000,2862.6000,1,1,1,4,1,1,7,4,1,1
SF,IH2006,2020-06-17 13:18:43.700,2861.4000,17496,0,10767012300.000,1,0,1,空换,B,2861.2000,2861.0000,2860.8000,2860.6000,2860.4000,2861.8000,2862.0000,2862.2000,2862.4000,2862.6000,1,1,4,1,1,1,7,4,1,1
SF,IH2006,2020-06-17 13:18:44.700,2861.6000,17495,-1,10767870780.000,1,0,1,双平,B,2861.6000,2861.2000,2861.0000,2860.8000,2860.6000,2861.8000,2862.0000,2862.2000,2862.4000,2862.6000,1,1,1,4,1,1,7,4,1,1
SF,IH2006,2020-06-17 13:18:45.200,2861.8000,17495,0,10768729320.000,1,0,1,空换,B,2861.6000,2861.2000,2861.0000,2860.8000,2860.6000,2862.0000,2862.2000,2862.4000,2862.6000,2862.8000,1,1,1,4,1,7,4,1,1,1
SF,IH2006,2020-06-17 13:18:45.700,2861.8000,17495,0,10768729320.000,0,-,-,-,-,2861.8000,2861.6000,2861.2000,2861.0000,2860.8000,2862.0000,2862.2000,2862.4000,2862.6000,2862.8000,1,1,1,1,4,5,4,1,1,1
SF,IH2006,2020-06-17 13:18:46.700,2861.8000,17495,0,10769587860.000,1,0,1,空换,B,2861.6000,2861.2000,2861.0000,2860.8000,2860.6000,2862.0000,2862.2000,2862.4000,2862.6000,2862.8000,1,1,1,4,1,5,4,1,1,1
SF,IH2006,2020-06-17 13:18:47.200,2861.8000,17495,0,10769587860.000,0,-,-,-,-,2861.6000,2861.2000,2861.0000,2860.8000,2860.6000,2862.0000,2862.2000,2862.4000,2862.6000,2862.8000,2,1,1,3,1,5,4,1,1,1
SF,IH2006,2020-06-17 13:18:47.700,2861.8000,17495,0,10769587860.000,0,-,-,-,-,2861.6000,2861.2000,2861.0000,2860.8000,2860.6000,2862.0000,2862.2000,2862.4000,2862.6000,2862.8000,2,1,1,3,1,5,4,1,1,1
SF,IH2006,2020-06-17 13:18:48.200,2861.8000,17495,0,10769587860.000,0,-,-,-,-,2861.6000,2861.2000,2861.0000,2860.8000,2860.6000,2862.0000,2862.2000,2862.4000,2862.6000,2862.8000,2,1,1,2,1,5,4,1,1,1
SF,IH2006,2020-06-17 13:18:48.700,2861.6000,17494,-1,10770446340.000,1,0,1,双平,B,2861.6000,2861.2000,2861.0000,2860.8000,2860.6000,2862.0000,2862.2000,2862.4000,2862.6000,2862.8000,2,1,1,2,1,5,4,1,1,1
SF,IH2006,2020-06-17 13:18:49.700,2861.6000,17494,0,10770446340.000,0,-,-,-,-,2861.6000,2861.2000,2861.0000,2860.8000,2860.6000,2862.0000,2862.2000,2862.4000,2862.6000,2862.8000,2,1,1,2,1,6,4,1,1,1
SF,IH2006,2020-06-17 13:18:50.200,2861.6000,17494,0,10770446340.000,0,-,-,-,-,2861.6000,2861.2000,2861.0000,2860.8000,2860.6000,2862.0000,2862.2000,2862.4000,2862.6000,2862.8000,2,1,1,2,1,6,2,1,2,1
SF,IH2006,2020-06-17 13:18:50.700,2861.6000,17493,-1,10771304820.000,1,0,1,双平,B,2861.2000,2861.0000,2860.8000,2860.6000,2860.4000,2862.0000,2862.2000,2862.4000,2862.6000,2862.8000,1,1,2,1,1,6,2,1,2,1
SF,IH2006,2020-06-17 13:18:51.200,2861.6000,17493,0,10771304820.000,0,-,-,-,-,2861.2000,2861.0000,2860.8000,2860.6000,2860.4000,2861.8000,2862.0000,2862.2000,2862.4000,2862.6000,1,1,2,1,1,1,7,2,1,2
SF,IH2006,2020-06-17 13:18:51.700,2861.6000,17493,0,10771304820.000,0,-,-,-,-,2861.4000,2861.2000,2861.0000,2860.8000,2860.6000,2861.8000,2862.0000,2862.2000,2862.4000,2862.6000,1,1,1,2,1,2,7,2,1,2
SF,IH2006,2020-06-17 13:18:52.200,2861.6000,17493,0,10771304820.000,0,-,-,-,-,2861.4000,2861.2000,2861.0000,2860.8000,2860.6000,2861.6000,2861.8000,2862.0000,2862.2000,2862.4000,1,1,1,2,1,1,2,6,2,1
SF,IH2006,2020-06-17 13:18:52.700,2861.6000,17493,0,10772163300.000,1,0,1,空换,B,2861.4000,2861.2000,2861.0000,2860.8000,2860.6000,2861.8000,2862.0000,2862.2000,2862.4000,2862.6000,2,1,1,2,1,2,6,2,1,2
SF,IH2006,2020-06-17 13:18:53.200,2861.8000,17493,0,10773021840.000,1,0,1,空换,B,2861.4000,2861.2000,2861.0000,2860.8000,2860.6000,2861.8000,2862.0000,2862.2000,2862.4000,2862.6000,2,1,1,3,1,1,6,2,1,2
SF,IH2006,2020-06-17 13:18:53.700,2861.8000,17493,0,10773021840.000,0,-,-,-,-,2861.4000,2861.2000,2861.0000,2860.8000,2860.6000,2862.0000,2862.2000,2862.4000,2862.6000,2862.8000,2,1,1,3,1,5,2,1,2,1
SF,IH2006,2020-06-17 13:18:54.200,2861.8000,17493,0,10773021840.000,0,-,-,-,-,2861.6000,2861.4000,2861.2000,2860.8000,2860.6000,2862.0000,2862.2000,2862.4000,2862.6000,2862.8000,1,2,1,3,1,5,2,1,2,1
SF,IH2006,2020-06-17 13:18:54.700,2861.6000,17493,0,10773880320.000,1,0,1,空换,B,2861.4000,2861.2000,2860.8000,2860.6000,2860.4000,2862.0000,2862.2000,2862.4000,2862.6000,2862.8000,2,1,3,1,1,5,2,1,2,1
SF,IH2006,2020-06-17 13:18:55.200,2861.6000,17493,0,10773880320.000,0,-,-,-,-,2861.6000,2861.4000,2861.2000,2860.8000,2860.6000,2862.0000,2862.2000,2862.4000,2862.6000,2862.8000,1,2,1,3,1,5,2,1,2,1
SF,IH2006,2020-06-17 13:18:55.700,2861.6000,17493,0,10773880320.000,0,-,-,-,-,2861.6000,2861.4000,2861.2000,2860.8000,2860.6000,2862.0000,2862.2000,2862.4000,2862.6000,2862.8000,2,2,1,3,1,5,2,1,2,1
SF,IH2006,2020-06-17 13:18:56.700,2861.6000,17492,-1,10774738800.000,1,0,1,双平,B,2861.4000,2861.2000,2860.8000,2860.6000,2860.4000,2862.0000,2862.2000,2862.4000,2862.6000,2862.8000,2,1,3,1,1,5,2,1,2,1
SF,IH2006,2020-06-17 13:18:57.200,2861.4000,17493,1,10775597220.000,1,1,0,双开,B,2861.4000,2861.2000,2860.8000,2860.6000,2860.4000,2861.8000,2862.0000,2862.2000,2862.4000,2862.6000,1,1,3,1,1,1,6,2,1,2
SF,IH2006,2020-06-17 13:18:57.700,2861.4000,17493,0,10775597220.000,0,-,-,-,-,2861.2000,2860.8000,2860.6000,2860.4000,2860.0000,2861.8000,2862.0000,2862.2000,2862.4000,2862.6000,1,3,1,1,5,1,6,2,1,2
SF,IH2006,2020-06-17 13:18:58.700,2861.4000,17493,0,10775597220.000,0,-,-,-,-,2861.2000,2860.8000,2860.6000,2860.4000,2860.0000,2861.8000,2862.0000,2862.2000,2862.4000,2862.6000,1,2,1,1,5,1,6,2,1,2
SF,IH2006,2020-06-17 13:19:00.200,2861.4000,17493,0,10775597220.000,0,-,-,-,-,2861.2000,2860.8000,2860.6000,2860.4000,2860.0000,2862.0000,2862.2000,2862.4000,2862.6000,2862.8000,1,2,1,1,5,6,2,1,2,1
SF,IH2006,2020-06-17 13:19:00.700,2861.4000,17493,0,10775597220.000,0,-,-,-,-,2861.2000,2860.8000,2860.6000,2860.4000,2860.0000,2861.8000,2862.0000,2862.2000,2862.4000,2862.6000,2,2,1,1,5,6,6,2,1,2
SF,IH2006,2020-06-17 13:19:01.200,2861.4000,17493,0,10775597220.000,0,-,-,-,-,2861.2000,2860.8000,2860.6000,2860.4000,2860.0000,2861.6000,2861.8000,2862.0000,2862.2000,2862.4000,1,2,1,1,5,1,7,7,2,1
SF,IH2006,2020-06-17 13:19:01.700,2861.6000,17493,0,10776455700.000,1,0,1,空换,B,2861.2000,2860.8000,2860.6000,2860.4000,2860.0000,2861.8000,2862.0000,2862.2000,2862.4000,2862.6000,1,2,1,1,5,7,7,2,1,2
SF,IH2006,2020-06-17 13:19:02.200,2861.8000,17493,0,10777314240.000,1,0,1,空换,B,2861.2000,2860.8000,2860.6000,2860.4000,2860.0000,2861.8000,2862.0000,2862.2000,2862.4000,2862.6000,1,2,1,1,5,6,7,2,1,2
SF,IH2006,2020-06-17 13:19:02.700,2861.8000,17493,0,10777314240.000,0,-,-,-,-,2861.2000,2860.8000,2860.6000,2860.4000,2860.0000,2861.8000,2862.0000,2862.2000,2862.4000,2862.6000,1,2,1,1,5,4,7,2,1,2
SF,IH2006,2020-06-17 13:19:03.200,2861.8000,17493,0,10777314240.000,0,-,-,-,-,2861.4000,2861.2000,2860.8000,2860.6000,2860.4000,2861.8000,2862.0000,2862.2000,2862.4000,2862.6000,1,1,2,1,1,3,7,2,1,2
SF,IH2006,2020-06-17 13:19:03.700,2861.4000,17493,0,10778172660.000,1,0,1,空换,B,2861.2000,2860.8000,2860.6000,2860.4000,2860.0000,2861.8000,2862.0000,2862.2000,2862.4000,2862.6000,1,2,1,1,5,2,7,2,1,2
SF,IH2006,2020-06-17 13:19:04.200,2861.4000,17493,0,10778172660.000,0,-,-,-,-,2861.6000,2861.4000,2860.8000,2860.6000,2860.4000,2861.8000,2862.0000,2862.2000,2862.4000,2862.6000,1,8,2,1,1,1,7,2,1,2
SF,IH2006,2020-06-17 13:19:04.700,2861.8000,17493,0,10779889740.000,2,1,1,空换,B,2861.4000,2860.8000,2860.6000,2860.4000,2860.0000,2862.0000,2862.2000,2862.4000,2862.6000,2862.8000,3,2,1,1,5,5,2,1,2,1
SF,IH2006,2020-06-17 13:19:05.200,2861.8000,17493,0,10779889740.000,0,-,-,-,-,2861.6000,2861.4000,2860.8000,2860.6000,2860.4000,2862.0000,2862.2000,2862.4000,2862.6000,2862.8000,4,2,2,1,1,5,2,1,2,1
SF,IH2006,2020-06-17 13:19:05.700,2861.8000,17493,0,10779889740.000,0,-,-,-,-,2861.6000,2861.4000,2860.8000,2860.6000,2860.4000,2862.0000,2862.2000,2862.4000,2862.6000,2862.8000,5,2,2,1,1,5,2,1,2,1
SF,IH2006,2020-06-17 13:19:06.200,2861.8000,17493,0,10779889740.000,0,-,-,-,-,2861.6000,2861.4000,2860.8000,2860.6000,2860.4000,2862.0000,2862.2000,2862.4000,2862.6000,2862.8000,6,2,2,1,1,5,2,1,2,1
SF,IH2006,2020-06-17 13:19:06.700,2861.8000,17493,0,10779889740.000,0,-,-,-,-,2861.6000,2861.4000,2860.8000,2860.6000,2860.4000,2862.0000,2862.2000,2862.4000,2862.6000,2862.8000,4,2,2,1,1,5,2,1,2,1
SF,IH2006,2020-06-17 13:19:07.200,2862.0000,17492,-1,10781606940.000,2,0,2,空平,B,2861.6000,2861.4000,2860.8000,2860.6000,2860.4000,2862.0000,2862.2000,2862.4000,2862.6000,2862.8000,3,2,2,1,1,3,2,1,2,1
SF,IH2006,2020-06-17 13:19:07.700,2862.0000,17490,-2,10783324140.000,2,0,2,双平,B,2861.6000,2861.4000,2860.8000,2860.6000,2860.4000,2862.0000,2862.2000,2862.4000,2862.6000,2862.8000,4,2,2,1,1,1,2,1,2,1
SF,IH2006,2020-06-17 13:19:08.200,2862.0000,17489,-1,10784182740.000,1,0,1,双平,B,2862.0000,2861.8000,2861.6000,2861.4000,2860.8000,2862.2000,2862.4000,2862.6000,2862.8000,2863.0000,1,7,3,1,2,2,1,2,1,1
SF,IH2006,2020-06-17 13:19:08.700,2861.8000,17489,0,10786758480.000,3,1,2,空换,B,2861.8000,2861.6000,2861.4000,2860.8000,2860.6000,2862.2000,2862.4000,2862.6000,2862.8000,2863.0000,6,2,1,2,1,2,1,2,1,1
SF,IH2006,2020-06-17 13:19:09.200,2862.2000,17488,-1,10787617140.000,1,0,1,双平,B,2861.8000,2861.6000,2861.4000,2860.8000,2860.6000,2862.2000,2862.4000,2862.6000,2862.8000,2863.0000,7,1,1,2,1,1,1,2,1,1
SF,IH2006,2020-06-17 13:19:10.200,2862.2000,17488,0,10787617140.000,0,-,-,-,-,2861.8000,2861.6000,2861.4000,2860.8000,2860.6000,2862.2000,2862.4000,2862.6000,2862.8000,2863.0000,6,1,1,2,1,1,1,2,1,1
SF,IH2006,2020-06-17 13:19:10.700,2861.8000,17487,-1,10788475680.000,1,0,1,双平,B,2861.8000,2861.6000,2861.4000,2860.8000,2860.6000,2862.2000,2862.6000,2862.8000,2863.0000,2863.6000,3,1,1,2,1,2,2,1,1,2
SF,IH2006,2020-06-17 13:19:11.700,2861.8000,17487,0,10788475680.000,0,-,-,-,-,2861.8000,2861.6000,2861.4000,2860.8000,2860.6000,2862.2000,2862.6000,2862.8000,2863.0000,2863.6000,4,1,1,2,1,2,3,1,1,2
SF,IH2006,2020-06-17 13:19:12.200,2862.2000,17486,-1,10789334340.000,1,0,1,双平,B,2861.8000,2861.6000,2861.4000,2860.8000,2860.6000,2862.2000,2862.6000,2862.8000,2863.0000,2863.6000,3,1,1,2,1,2,3,1,1,2
SF,IH2006,2020-06-17 13:19:12.700,2862.2000,17486,0,10789334340.000,0,-,-,-,-,2861.8000,2861.6000,2861.4000,2860.8000,2860.6000,2862.2000,2862.6000,2862.8000,2863.0000,2863.6000,3,1,1,2,1,1,4,1,1,2
SF,IH2006,2020-06-17 13:19:14.200,2862.2000,17486,0,10789334340.000,0,-,-,-,-,2861.8000,2861.6000,2861.4000,2860.8000,2860.6000,2862.2000,2862.6000,2862.8000,2863.0000,2863.6000,4,1,1,2,1,1,4,1,1,2
SF,IH2006,2020-06-17 13:19:15.700,2862.2000,17486,0,10789334340.000,0,-,-,-,-,2861.8000,2861.6000,2861.4000,2860.8000,2860.6000,2862.2000,2862.6000,2862.8000,2863.0000,2863.2000,7,1,1,2,1,1,4,1,1,1
SF,IH2006,2020-06-17 13:19:16.200,2862.2000,17486,0,10789334340.000,0,-,-,-,-,2861.8000,2861.6000,2861.4000,2860.8000,2860.6000,2862.2000,2862.6000,2862.8000,2863.0000,2863.2000,7,1,1,2,1,1,3,1,1,1
SF,IH2006,2020-06-17 13:19:16.700,2861.8000,17486,0,10790192880.000,1,0,1,空换,B,2861.8000,2861.6000,2861.4000,2860.8000,2860.6000,2862.2000,2862.6000,2862.8000,2863.0000,2863.2000,7,1,1,2,1,1,3,1,1,2
SF,IH2006,2020-06-17 13:19:17.200,2862.2000,17485,-1,10791051540.000,1,0,1,双平,B,2861.8000,2861.6000,2861.4000,2860.8000,2860.6000,2862.6000,2862.8000,2863.0000,2863.2000,2863.6000,6,1,1,2,1,3,1,1,2,2
SF,IH2006,2020-06-17 13:19:17.700,2862.2000,17485,0,10791051540.000,0,-,-,-,-,2862.0000,2861.8000,2861.6000,2861.4000,2860.8000,2862.4000,2862.6000,2862.8000,2863.0000,2863.2000,1,5,1,1,2,1,4,1,1,2
SF,IH2006,2020-06-17 13:19:18.200,2862.2000,17485,0,10791051540.000,0,-,-,-,-,2861.8000,2861.6000,2861.4000,2860.8000,2860.6000,2862.4000,2862.6000,2862.8000,2863.0000,2863.2000,5,1,1,2,1,2,4,1,1,2
SF,IH2006,2020-06-17 13:19:18.700,2861.8000,17484,-1,10791910080.000,1,0,1,双平,B,2861.8000,2861.6000,2861.4000,2860.8000,2860.6000,2862.4000,2862.6000,2862.8000,2863.0000,2863.2000,5,1,1,2,1,2,4,1,1,2
SF,IH2006,2020-06-17 13:19:19.700,2861.8000,17484,0,10791910080.000,0,-,-,-,-,2861.8000,2861.6000,2861.4000,2860.8000,2860.6000,2862.2000,2862.4000,2862.6000,2862.8000,2863.0000,5,1,1,1,1,1,2,4,1,1
SF,IH2006,2020-06-17 13:19:20.700,2861.8000,17484,0,10792768620.000,1,0,1,空换,B,2861.8000,2861.6000,2861.4000,2860.8000,2860.6000,2862.2000,2862.4000,2862.6000,2862.8000,2863.0000,4,1,1,1,1,1,2,4,1,1
SF,IH2006,2020-06-17 13:19:21.200,2861.8000,17484,0,10792768620.000,0,-,-,-,-,2861.8000,2861.6000,2861.4000,2860.8000,2860.6000,2862.2000,2862.4000,2862.6000,2862.8000,2863.0000,3,1,1,1,1,1,2,4,1,1
SF,IH2006,2020-06-17 13:19:22.200,2861.8000,17484,0,10792768620.000,0,-,-,-,-,2861.8000,2861.6000,2861.4000,2860.8000,2860.6000,2862.0000,2862.2000,2862.4000,2862.6000,2862.8000,3,1,1,1,1,1,1,2,4,1
SF,IH2006,2020-06-17 13:19:22.700,2861.4000,17481,-3,10797061140.000,5,1,4,空平,B,2860.8000,2860.6000,2860.4000,2860.0000,2859.8000,2861.6000,2861.8000,2862.0000,2862.4000,2862.6000,1,1,1,5,3,1,13,1,2,4
SF,IH2006,2020-06-17 13:19:23.200,2861.6000,17479,-2,10799636640.000,3,0,3,空平,B,2861.0000,2860.8000,2860.6000,2860.4000,2860.0000,2861.8000,2862.0000,2862.4000,2862.6000,2862.8000,4,1,1,1,5,4,1,2,4,1
SF,IH2006,2020-06-17 13:19:23.700,2861.6000,17479,0,10799636640.000,0,-,-,-,-,2861.2000,2861.0000,2860.8000,2860.6000,2860.4000,2861.6000,2861.8000,2862.0000,2862.4000,2862.6000,1,3,1,1,1,1,4,1,2,4
SF,IH2006,2020-06-17 13:19:24.200,2861.2000,17479,0,10800495000.000,1,0,1,空换,B,2861.0000,2860.8000,2860.6000,2860.4000,2860.0000,2861.6000,2861.8000,2862.0000,2862.4000,2862.6000,3,1,1,1,5,1,4,1,2,4
SF,IH2006,2020-06-17 13:19:24.700,2861.0000,17479,0,10801353300.000,1,0,1,空换,B,2861.0000,2860.8000,2860.6000,2860.4000,2860.0000,2861.6000,2861.8000,2862.0000,2862.4000,2862.6000,2,1,1,1,5,1,4,1,2,4
SF,IH2006,2020-06-17 13:19:25.200,2861.0000,17479,0,10801353300.000,0,-,-,-,-,2861.2000,2861.0000,2860.8000,2860.6000,2860.4000,2861.6000,2861.8000,2862.4000,2862.6000,2862.8000,1,2,1,1,1,1,4,2,4,1
SF,IH2006,2020-06-17 13:19:25.700,2861.2000,17479,0,10802211660.000,1,0,1,空换,B,2861.0000,2860.8000,2860.6000,2860.4000,2860.0000,2861.6000,2861.8000,2862.4000,2862.6000,2862.8000,2,1,1,1,5,1,4,2,4,1
SF,IH2006,2020-06-17 13:19:26.200,2861.6000,17478,-1,10803070140.000,1,0,1,双平,B,2861.0000,2860.8000,2860.6000,2860.4000,2860.0000,2861.8000,2862.4000,2862.6000,2862.8000,2863.0000,2,1,1,1,5,4,2,4,1,1
SF,IH2006,2020-06-17 13:19:26.700,2861.0000,17478,0,10803928440.000,1,0,1,空换,B,2861.0000,2860.8000,2860.6000,2860.4000,2860.0000,2861.8000,2862.4000,2862.6000,2862.8000,2863.0000,2,1,1,1,5,5,2,4,1,1
SF,IH2006,2020-06-17 13:19:27.200,2861.0000,17478,0,10803928440.000,0,-,-,-,-,2861.0000,2860.8000,2860.6000,2860.4000,2860.0000,2861.6000,2861.8000,2862.4000,2862.6000,2862.8000,2,1,4,1,5,2,5,3,4,1
SF,IH2006,2020-06-17 13:19:28.200,2861.0000,17478,0,10803928440.000,0,-,-,-,-,2861.0000,2860.8000,2860.6000,2860.4000,2860.0000,2861.6000,2861.8000,2862.4000,2862.6000,2862.8000,2,2,4,1,5,2,5,3,4,1
SF,IH2006,2020-06-17 13:19:28.700,2861.0000,17477,-1,10804786740.000,1,0,1,双平,B,2861.0000,2860.8000,2860.6000,2860.4000,2860.0000,2861.6000,2861.8000,2862.4000,2862.6000,2862.8000,1,2,4,1,5,2,5,3,4,1
SF,IH2006,2020-06-17 13:19:29.700,2861.0000,17477,0,10804786740.000,0,-,-,-,-,2861.0000,2860.8000,2860.6000,2860.4000,2860.0000,2861.6000,2861.8000,2862.0000,2862.4000,2862.6000,1,2,4,2,5,2,5,1,3,4
SF,IH2006,2020-06-17 13:19:30.200,2861.0000,17477,0,10804786740.000,0,-,-,-,-,2861.0000,2860.8000,2860.6000,2860.4000,2860.0000,2861.6000,2861.8000,2862.0000,2862.4000,2862.6000,1,2,4,2,5,3,5,1,3,3
SF,IH2006,2020-06-17 13:19:30.700,2860.8000,17476,-1,10806503280.000,2,0,2,空平,B,2860.8000,2860.6000,2860.4000,2860.0000,2859.8000,2861.6000,2861.8000,2862.0000,2862.4000,2862.6000,1,4,2,5,3,3,5,1,3,3
SF,IH2006,2020-06-17 13:19:31.200,2861.6000,17476,0,10807361760.000,1,0,1,空换,B,2861.0000,2860.8000,2860.6000,2860.4000,2860.0000,2861.6000,2861.8000,2862.0000,2862.4000,2862.6000,1,1,4,2,5,2,5,1,3,3
SF,IH2006,2020-06-17 13:19:31.700,2861.6000,17476,0,10807361760.000,0,-,-,-,-,2861.0000,2860.8000,2860.6000,2860.4000,2860.0000,2861.4000,2861.6000,2861.8000,2862.0000,2862.4000,1,1,4,2,5,2,2,5,1,3
SF,IH2006,2020-06-17 13:19:32.200,2861.6000,17476,0,10807361760.000,0,-,-,-,-,2861.0000,2860.8000,2860.6000,2860.4000,2860.0000,2861.6000,2861.8000,2862.0000,2862.4000,2862.6000,1,1,4,2,5,2,5,1,2,3
SF,IH2006,2020-06-17 13:19:35.200,2861.6000,17476,0,10808220240.000,1,0,1,空换,B,2861.0000,2860.8000,2860.6000,2860.4000,2860.0000,2861.4000,2861.6000,2861.8000,2862.0000,2862.4000,1,1,4,2,5,1,2,5,1,2
SF,IH2006,2020-06-17 13:19:35.700,2861.6000,17476,0,10808220240.000,0,-,-,-,-,2861.0000,2860.8000,2860.6000,2860.4000,2860.0000,2861.4000,2861.6000,2861.8000,2862.0000,2862.4000,1,1,4,2,5,1,2,5,1,2
SF,IH2006,2020-06-17 13:19:36.200,2861.6000,17476,0,10808220240.000,0,-,-,-,-,2861.2000,2861.0000,2860.8000,2860.6000,2860.4000,2861.6000,2861.8000,2862.0000,2862.4000,2862.6000,1,1,1,4,2,1,5,1,2,3
SF,IH2006,2020-06-17 13:19:36.700,2861.2000,17476,0,10809078600.000,1,0,1,空换,B,2861.0000,2860.8000,2860.6000,2860.4000,2860.0000,2861.8000,2862.0000,2862.4000,2862.6000,2862.8000,1,1,4,2,5,5,1,2,3,1
SF,IH2006,2020-06-17 13:19:37.200,2861.2000,17476,0,10809078600.000,0,-,-,-,-,2861.0000,2860.8000,2860.6000,2860.4000,2860.0000,2861.6000,2861.8000,2862.0000,2862.4000,2862.6000,2,1,4,2,5,5,5,1,2,3
SF,IH2006,2020-06-17 13:19:37.700,2861.2000,17476,0,10809078600.000,0,-,-,-,-,2861.0000,2860.8000,2860.6000,2860.4000,2860.0000,2861.6000,2861.8000,2862.0000,2862.4000,2862.6000,1,1,4,2,5,6,5,1,2,3
SF,IH2006,2020-06-17 13:19:39.200,2861.2000,17476,0,10809078600.000,0,-,-,-,-,2861.0000,2860.8000,2860.6000,2860.4000,2860.0000,2861.6000,2861.8000,2862.0000,2862.4000,2862.6000,1,1,4,2,5,7,5,1,2,3
SF,IH2006,2020-06-17 13:19:40.700,2861.2000,17476,0,10809078600.000,0,-,-,-,-,2861.0000,2860.8000,2860.6000,2860.4000,2860.0000,2861.4000,2861.6000,2861.8000,2862.0000,2862.4000,1,1,4,2,5,1,7,5,1,2
SF,IH2006,2020-06-17 13:19:41.200,2861.2000,17476,0,10809078600.000,0,-,-,-,-,2861.0000,2860.8000,2860.6000,2860.4000,2860.0000,2861.4000,2861.6000,2861.8000,2862.0000,2862.4000,4,1,4,2,5,2,7,5,1,2
SF,IH2006,2020-06-17 13:19:41.700,2861.2000,17476,0,10809078600.000,0,-,-,-,-,2861.0000,2860.8000,2860.6000,2860.4000,2860.0000,2861.4000,2861.6000,2861.8000,2862.0000,2862.4000,4,1,4,2,5,1,7,5,1,2
SF,IH2006,2020-06-17 13:19:42.200,2861.2000,17476,0,10809078600.000,0,-,-,-,-,2861.0000,2860.8000,2860.6000,2860.4000,2860.0000,2861.4000,2861.6000,2861.8000,2862.0000,2862.4000,4,1,1,2,5,1,7,5,1,2
SF,IH2006,2020-06-17 13:19:43.200,2861.4000,17477,1,10809937020.000,1,1,0,双开,B,2861.0000,2860.8000,2860.6000,2860.4000,2860.0000,2861.6000,2861.8000,2862.0000,2862.4000,2862.6000,4,1,1,2,5,7,5,1,2,3
SF,IH2006,2020-06-17 13:19:43.700,2861.4000,17477,0,10809937020.000,0,-,-,-,-,2861.2000,2861.0000,2860.8000,2860.6000,2860.4000,2861.6000,2861.8000,2862.0000,2862.4000,2862.6000,1,4,1,1,2,7,5,1,2,3
SF,IH2006,2020-06-17 13:19:44.200,2861.4000,17477,0,10809937020.000,0,-,-,-,-,2861.2000,2861.0000,2860.8000,2860.6000,2860.4000,2861.6000,2861.8000,2862.0000,2862.4000,2862.6000,1,4,1,1,2,6,5,1,2,3
SF,IH2006,2020-06-17 13:19:44.700,2861.4000,17477,0,10809937020.000,0,-,-,-,-,2861.2000,2861.0000,2860.6000,2860.4000,2860.0000,2861.6000,2861.8000,2862.0000,2862.4000,2862.6000,1,4,1,2,5,6,5,1,2,3
SF,IH2006,2020-06-17 13:19:46.700,2861.4000,17477,0,10809937020.000,0,-,-,-,-,2861.4000,2861.2000,2861.0000,2860.6000,2860.4000,2861.6000,2861.8000,2862.0000,2862.4000,2862.6000,1,1,4,1,2,6,5,1,2,3
SF,IH2006,2020-06-17 13:19:47.200,2861.6000,17479,2,10813370940.000,4,3,1,多开,B,2861.4000,2861.2000,2861.0000,2860.6000,2860.4000,2861.6000,2861.8000,2862.0000,2862.4000,2862.6000,1,1,4,1,2,1,5,1,2,3
SF,IH2006,2020-06-17 13:19:47.700,2861.8000,17477,-2,10815087960.000,2,0,2,双平,B,2861.4000,2861.2000,2861.0000,2860.6000,2860.4000,2861.8000,2862.0000,2862.4000,2862.6000,2862.8000,1,1,4,1,2,4,1,2,3,2
SF,IH2006,2020-06-17 13:19:48.200,2861.8000,17477,0,10815087960.000,0,-,-,-,-,2861.6000,2861.4000,2861.2000,2861.0000,2860.6000,2861.8000,2862.0000,2862.4000,2862.6000,2862.8000,1,1,1,4,1,1,1,2,3,2
SF,IH2006,2020-06-17 13:19:48.700,2861.8000,17477,0,10815087960.000,0,-,-,-,-,2861.6000,2861.4000,2861.2000,2861.0000,2860.6000,2861.8000,2862.0000,2862.4000,2862.6000,2862.8000,1,1,1,4,1,2,1,2,3,1
SF,IH2006,2020-06-17 13:19:49.700,2861.8000,17477,0,10815946500.000,1,0,1,空换,B,2861.6000,2861.4000,2861.2000,2861.0000,2860.6000,2861.8000,2862.0000,2862.4000,2862.6000,2862.8000,1,1,1,4,1,1,1,2,3,1
SF,IH2006,2020-06-17 13:19:51.700,2861.8000,17478,1,10816805040.000,1,1,0,双开,B,2861.6000,2861.4000,2861.2000,2861.0000,2860.6000,2862.0000,2862.4000,2862.6000,2862.8000,2863.0000,1,1,1,4,1,1,2,3,1,1
SF,IH2006,2020-06-17 13:19:52.200,2862.0000,17478,0,10817663640.000,1,0,1,空换,B,2861.6000,2861.4000,2861.2000,2861.0000,2860.6000,2862.0000,2862.4000,2862.6000,2862.8000,2863.0000,1,1,1,4,1,1,2,3,1,1
SF,IH2006,2020-06-17 13:19:53.200,2862.0000,17478,0,10817663640.000,0,-,-,-,-,2861.6000,2861.4000,2861.2000,2861.0000,2860.6000,2862.0000,2862.4000,2862.6000,2862.8000,2863.0000,1,1,1,4,1,1,2,3,1,1
SF,IH2006,2020-06-17 13:19:54.200,2862.0000,17478,0,10817663640.000,0,-,-,-,-,2861.6000,2861.4000,2861.2000,2861.0000,2860.6000,2862.0000,2862.4000,2862.6000,2862.8000,2863.0000,1,1,1,4,1,2,2,3,1,1
SF,IH2006,2020-06-17 13:19:54.700,2862.0000,17478,0,10817663640.000,0,-,-,-,-,2861.6000,2861.4000,2861.2000,2861.0000,2860.6000,2862.0000,2862.2000,2862.4000,2862.6000,2862.8000,1,1,1,4,1,1,1,2,3,1
SF,IH2006,2020-06-17 13:19:55.200,2862.0000,17478,0,10817663640.000,0,-,-,-,-,2861.6000,2861.4000,2861.2000,2861.0000,2860.6000,2862.0000,2862.2000,2862.4000,2862.6000,2862.8000,1,1,1,4,1,1,1,2,3,1
SF,IH2006,2020-06-17 13:20:00.200,2862.0000,17479,1,10818522240.000,1,1,0,双开,B,2861.6000,2861.2000,2861.0000,2860.6000,2860.4000,2862.2000,2862.4000,2862.6000,2862.8000,2863.0000,1,1,4,1,3,1,2,3,1,1
SF,IH2006,2020-06-17 13:20:00.700,2862.0000,17479,0,10818522240.000,0,-,-,-,-,2861.6000,2861.2000,2861.0000,2860.6000,2860.4000,2862.2000,2862.4000,2862.6000,2862.8000,2863.0000,1,1,4,1,3,2,2,3,1,1
SF,IH2006,2020-06-17 13:20:01.200,2862.0000,17480,1,10819380840.000,1,1,0,双开,B,2861.6000,2861.2000,2861.0000,2860.6000,2860.4000,2862.0000,2862.2000,2862.4000,2862.6000,2862.8000,1,1,4,1,3,2,3,2,3,1
SF,IH2006,2020-06-17 13:20:05.200,2861.6000,17481,1,10821097920.000,2,1,1,多开,B,2861.2000,2861.0000,2860.6000,2860.4000,2860.0000,2862.0000,2862.2000,2862.4000,2862.6000,2862.8000,1,4,1,3,5,1,3,2,3,1
SF,IH2006,2020-06-17 13:20:05.700,2861.8000,17481,0,10821956460.000,1,0,1,空换,B,2861.4000,2861.2000,2861.0000,2860.6000,2860.4000,2862.2000,2862.4000,2862.6000,2862.8000,2863.0000,4,1,4,1,3,3,2,3,1,1
SF,IH2006,2020-06-17 13:20:06.200,2861.6000,17480,-1,10822814940.000,1,0,1,双平,B,2861.4000,2861.2000,2861.0000,2860.6000,2860.4000,2862.0000,2862.2000,2862.4000,2862.6000,2862.8000,4,1,4,1,3,1,3,2,3,1
SF,IH2006,2020-06-17 13:20:06.700,2861.6000,17480,0,10822814940.000,0,-,-,-,-,2861.6000,2861.4000,2861.0000,2860.6000,2860.4000,2862.0000,2862.2000,2862.4000,2862.6000,2862.8000,1,4,4,1,3,1,3,2,3,1
SF,IH2006,2020-06-17 13:20:07.700,2862.0000,17481,1,10823673540.000,1,1,0,双开,B,2861.6000,2861.4000,2861.0000,2860.6000,2860.4000,2862.0000,2862.2000,2862.4000,2862.6000,2862.8000,1,4,4,1,3,1,3,2,3,1
SF,IH2006,2020-06-17 13:20:08.700,2862.0000,17481,0,10823673540.000,0,-,-,-,-,2861.6000,2861.4000,2861.0000,2860.6000,2860.4000,2862.0000,2862.2000,2862.4000,2862.6000,2862.8000,1,4,4,1,3,1,3,2,3,1
SF,IH2006,2020-06-17 13:20:09.700,2861.4000,17483,2,10826248860.000,3,2,1,多开,B,2861.4000,2861.0000,2860.6000,2860.4000,2860.0000,2862.0000,2862.2000,2862.4000,2862.6000,2862.8000,2,4,1,3,5,1,3,2,3,1
SF,IH2006,2020-06-17 13:20:10.200,2862.0000,17482,-1,10827107460.000,1,0,1,双平,B,2861.4000,2861.0000,2860.6000,2860.4000,2860.0000,2862.0000,2862.2000,2862.4000,2862.6000,2862.8000,2,4,1,3,5,2,3,2,3,1
SF,IH2006,2020-06-17 13:20:10.700,2862.0000,17482,0,10827107460.000,0,-,-,-,-,2861.4000,2861.0000,2860.6000,2860.4000,2860.0000,2862.0000,2862.2000,2862.4000,2862.6000,2862.8000,3,4,1,3,5,3,3,2,3,1
SF,IH2006,2020-06-17 13:20:11.200,2862.0000,17482,0,10827107460.000,0,-,-,-,-,2861.4000,2861.0000,2860.6000,2860.4000,2860.0000,2862.0000,2862.2000,2862.4000,2862.6000,2862.8000,2,4,1,3,5,3,3,2,3,1
SF,IH2006,2020-06-17 13:20:11.700,2862.0000,17482,0,10827107460.000,0,-,-,-,-,2861.6000,2861.4000,2861.0000,2860.6000,2860.4000,2862.0000,2862.2000,2862.4000,2862.6000,2862.8000,2,3,4,1,3,1,3,2,3,1
SF,IH2006,2020-06-17 13:20:12.200,2862.0000,17483,1,10827966060.000,1,1,0,双开,B,2861.6000,2861.4000,2861.0000,2860.6000,2860.4000,2862.2000,2862.4000,2862.6000,2862.8000,2863.0000,1,1,4,1,3,3,2,3,1,1
SF,IH2006,2020-06-17 13:20:12.700,2862.0000,17483,0,10827966060.000,0,-,-,-,-,2861.6000,2861.0000,2860.6000,2860.4000,2860.0000,2862.2000,2862.4000,2862.6000,2862.8000,2863.0000,2,4,1,3,5,2,2,3,1,1
SF,IH2006,2020-06-17 13:20:13.200,2861.6000,17483,0,10829683020.000,2,1,1,空换,B,2861.6000,2861.0000,2860.6000,2860.4000,2860.0000,2862.2000,2862.4000,2862.6000,2862.8000,2863.0000,1,4,1,3,5,2,2,3,1,1
SF,IH2006,2020-06-17 13:20:13.700,2861.6000,17483,0,10830541500.000,1,0,1,空换,B,2861.0000,2860.6000,2860.4000,2860.0000,2859.8000,2862.2000,2862.4000,2862.6000,2862.8000,2863.0000,4,1,3,5,3,2,2,3,1,1
SF,IH2006,2020-06-17 13:20:14.200,2862.2000,17483,0,10832258700.000,2,1,1,空换,B,2861.8000,2861.6000,2861.4000,2861.2000,2861.0000,2862.2000,2862.4000,2862.6000,2862.8000,2863.0000,2,1,4,3,4,1,2,3,1,1
SF,IH2006,2020-06-17 13:20:14.700,2862.4000,17484,1,10833975900.000,2,1,1,多开,B,2861.2000,2861.0000,2860.6000,2860.4000,2860.0000,2862.4000,2862.6000,2862.8000,2863.0000,2863.2000,1,7,1,3,5,1,3,1,1,1
SF,IH2006,2020-06-17 13:20:15.200,2862.4000,17484,0,10833975900.000,0,-,-,-,-,2862.0000,2861.6000,2861.4000,2861.2000,2861.0000,2862.4000,2862.6000,2862.8000,2863.0000,2863.2000,2,4,3,5,6,3,3,1,1,1
SF,IH2006,2020-06-17 13:20:15.700,2862.0000,17484,0,10834834500.000,1,0,1,空换,B,2861.6000,2861.2000,2861.0000,2860.6000,2860.4000,2862.4000,2862.6000,2862.8000,2863.0000,2863.2000,1,7,4,1,3,1,3,1,1,1
SF,IH2006,2020-06-17 13:20:16.200,2862.4000,17484,0,10836551760.000,2,1,1,空换,B,2861.6000,2861.2000,2861.0000,2860.6000,2860.4000,2862.4000,2862.6000,2862.8000,2863.0000,2863.2000,1,4,4,1,3,1,3,4,1,1
SF,IH2006,2020-06-17 13:20:16.700,2862.4000,17484,0,10836551760.000,0,-,-,-,-,2861.6000,2861.2000,2861.0000,2860.6000,2860.4000,2862.2000,2862.4000,2862.6000,2862.8000,2863.0000,1,4,4,1,3,5,4,3,4,1
SF,IH2006,2020-06-17 13:20:17.200,2862.4000,17484,0,10836551760.000,0,-,-,-,-,2861.6000,2861.2000,2861.0000,2860.6000,2860.4000,2862.2000,2862.4000,2862.6000,2862.8000,2863.0000,1,4,4,1,3,6,3,3,4,1
SF,IH2006,2020-06-17 13:20:19.200,2862.2000,17484,0,10838269140.000,2,1,1,空换,B,2861.6000,2861.2000,2861.0000,2860.6000,2860.4000,2862.2000,2862.4000,2862.6000,2862.8000,2863.0000,1,4,4,1,3,5,3,3,4,1
SF,IH2006,2020-06-17 13:20:19.700,2862.2000,17484,0,10838269140.000,0,-,-,-,-,2861.6000,2861.2000,2861.0000,2860.6000,2860.4000,2862.2000,2862.4000,2862.6000,2862.8000,2863.0000,1,4,4,1,3,5,3,3,4,1
SF,IH2006,2020-06-17 13:20:20.200,2862.2000,17490,6,10845996900.000,9,7,2,多开,B,2861.6000,2861.2000,2861.0000,2860.6000,2860.4000,2862.4000,2862.6000,2862.8000,2863.0000,2863.2000,1,7,4,1,3,3,3,4,1,1
SF,IH2006,2020-06-17 13:20:20.700,2862.4000,17489,-1,10847714340.000,2,0,2,空平,B,2861.6000,2861.2000,2861.0000,2860.6000,2860.4000,2862.4000,2862.6000,2862.8000,2863.0000,2863.2000,2,7,4,1,3,1,3,4,1,1
SF,IH2006,2020-06-17 13:20:21.200,2862.2000,17488,-1,10848573000.000,1,0,1,双平,B,2861.8000,2861.6000,2861.2000,2861.0000,2860.6000,2862.2000,2862.4000,2862.6000,2862.8000,2863.0000,1,2,7,1,1,1,3,2,4,2
SF,IH2006,2020-06-17 13:20:21.700,2861.6000,17490,2,10852007400.000,4,3,1,多开,B,2861.6000,2861.2000,2861.0000,2860.6000,2860.4000,2862.4000,2862.6000,2862.8000,2863.0000,2863.2000,1,7,1,1,3,2,2,4,2,1
SF,IH2006,2020-06-17 13:20:22.200,2861.6000,17490,0,10852865880.000,1,0,1,空换,B,2861.2000,2861.0000,2860.6000,2860.4000,2860.0000,2862.2000,2862.4000,2862.6000,2862.8000,2863.0000,7,1,1,3,5,1,1,2,4,2
SF,IH2006,2020-06-17 13:20:22.700,2862.2000,17490,0,10854583200.000,2,1,1,空换,B,2861.6000,2861.4000,2861.2000,2861.0000,2860.6000,2862.0000,2862.2000,2862.4000,2862.6000,2862.8000,1,9,4,1,1,1,1,1,2,4
SF,IH2006,2020-06-17 13:20:23.200,2862.2000,17489,-1,10856300460.000,2,0,2,空平,B,2861.6000,2861.4000,2861.2000,2861.0000,2860.6000,2861.8000,2862.4000,2862.6000,2862.8000,2863.0000,2,9,4,1,1,1,1,2,4,2
SF,IH2006,2020-06-17 13:20:23.700,2861.8000,17487,-2,10858017540.000,2,0,2,双平,B,2861.6000,2861.4000,2861.2000,2861.0000,2860.6000,2862.4000,2862.6000,2862.8000,2863.0000,2863.2000,2,7,4,1,1,1,3,4,2,1
SF,IH2006,2020-06-17 13:20:24.200,2862.2000,17487,0,10858876200.000,1,0,1,空换,B,2861.6000,2861.4000,2861.2000,2861.0000,2860.6000,2862.2000,2862.4000,2862.6000,2862.8000,2863.0000,3,6,4,1,1,9,1,3,4,2
SF,IH2006,2020-06-17 13:20:24.700,2862.2000,17487,0,10859734860.000,1,0,1,空换,B,2861.6000,2861.4000,2861.2000,2861.0000,2860.6000,2862.0000,2862.2000,2862.4000,2862.6000,2862.8000,2,5,4,1,1,2,5,1,3,4
SF,IH2006,2020-06-17 13:20:25.200,2862.2000,17487,0,10859734860.000,0,-,-,-,-,2861.6000,2861.4000,2861.2000,2861.0000,2860.6000,2862.0000,2862.2000,2862.4000,2862.6000,2862.8000,2,5,4,1,1,1,5,1,3,4
SF,IH2006,2020-06-17 13:20:25.700,2862.2000,17487,0,10859734860.000,0,-,-,-,-,2861.6000,2861.4000,2861.2000,2861.0000,2860.6000,2862.2000,2862.4000,2862.6000,2862.8000,2863.0000,2,5,4,1,1,5,1,3,4,2
SF,IH2006,2020-06-17 13:20:26.200,2862.2000,17487,0,10859734860.000,0,-,-,-,-,2861.8000,2861.6000,2861.4000,2861.2000,2861.0000,2862.2000,2862.4000,2862.6000,2862.8000,2863.0000,1,2,5,4,1,6,1,4,4,2
SF,IH2006,2020-06-17 13:20:26.700,2861.8000,17487,0,10860593400.000,1,0,1,空换,B,2861.6000,2861.4000,2861.2000,2861.0000,2860.6000,2862.2000,2862.4000,2862.6000,2862.8000,2863.0000,2,5,4,1,1,6,1,4,4,2
SF,IH2006,2020-06-17 13:20:27.200,2861.6000,17487,0,10861451880.000,1,0,1,空换,B,2861.6000,2861.4000,2861.2000,2861.0000,2860.6000,2862.2000,2862.4000,2862.6000,2862.8000,2863.0000,1,5,4,1,1,6,1,4,4,2
SF,IH2006,2020-06-17 13:20:27.700,2861.6000,17487,0,10861451880.000,0,-,-,-,-,2861.6000,2861.4000,2861.2000,2861.0000,2860.6000,2862.2000,2862.4000,2862.6000,2862.8000,2863.0000,1,3,4,1,1,6,1,4,4,2
SF,IH2006,2020-06-17 13:20:28.200,2861.6000,17487,0,10861451880.000,0,-,-,-,-,2861.6000,2861.4000,2861.2000,2861.0000,2860.6000,2862.0000,2862.2000,2862.4000,2862.6000,2862.8000,1,3,4,1,1,1,6,1,4,4
SF,IH2006,2020-06-17 13:20:28.700,2861.6000,17487,0,10861451880.000,0,-,-,-,-,2861.6000,2861.4000,2861.2000,2861.0000,2860.6000,2862.0000,2862.2000,2862.4000,2862.6000,2862.8000,1,3,4,1,1,1,6,1,4,4
SF,IH2006,2020-06-17 13:20:29.700,2861.6000,17487,0,10861451880.000,0,-,-,-,-,2861.6000,2861.4000,2861.2000,2861.0000,2860.6000,2862.0000,2862.2000,2862.4000,2862.6000,2862.8000,1,3,4,1,1,1,6,1,4,4
SF,IH2006,2020-06-17 13:20:30.700,2861.4000,17489,2,10864027200.000,3,2,1,多开,B,2861.4000,2861.2000,2861.0000,2860.6000,2860.4000,2862.0000,2862.2000,2862.4000,2862.6000,2862.8000,1,4,1,1,3,1,6,1,4,4
SF,IH2006,2020-06-17 13:20:31.200,2861.8000,17489,0,10865744160.000,2,1,1,空换,B,2861.2000,2861.0000,2860.6000,2860.4000,2860.0000,2861.8000,2862.0000,2862.2000,2862.6000,2862.8000,4,1,1,3,6,2,1,5,4,4
SF,IH2006,2020-06-17 13:20:31.700,2861.8000,17489,0,10865744160.000,0,-,-,-,-,2861.4000,2861.2000,2861.0000,2860.6000,2860.4000,2861.8000,2862.0000,2862.2000,2862.6000,2862.8000,1,4,1,1,3,4,1,4,4,4
SF,IH2006,2020-06-17 13:20:33.200,2861.8000,17489,0,10865744160.000,0,-,-,-,-,2861.4000,2861.2000,2861.0000,2860.6000,2860.4000,2861.8000,2862.0000,2862.2000,2862.6000,2862.8000,1,5,1,1,3,4,1,4,4,4
SF,IH2006,2020-06-17 13:20:33.700,2861.8000,17489,0,10865744160.000,0,-,-,-,-,2861.4000,2861.2000,2861.0000,2860.6000,2860.4000,2861.8000,2862.0000,2862.2000,2862.6000,2862.8000,4,5,1,1,3,4,1,4,4,4
SF,IH2006,2020-06-17 13:20:34.200,2861.8000,17489,0,10865744160.000,0,-,-,-,-,2861.4000,2861.2000,2861.0000,2860.6000,2860.4000,2862.0000,2862.2000,2862.6000,2862.8000,2863.0000,4,5,1,1,3,1,4,4,4,2
SF,IH2006,2020-06-17 13:20:34.700,2861.8000,17489,0,10865744160.000,0,-,-,-,-,2861.6000,2861.4000,2861.2000,2861.0000,2860.6000,2862.0000,2862.2000,2862.6000,2862.8000,2863.0000,2,5,5,1,1,1,4,4,4,2
SF,IH2006,2020-06-17 13:20:35.200,2861.8000,17489,0,10865744160.000,0,-,-,-,-,2861.6000,2861.4000,2861.2000,2861.0000,2860.6000,2862.2000,2862.6000,2862.8000,2863.0000,2863.2000,3,4,5,1,1,4,4,4,2,1
SF,IH2006,2020-06-17 13:20:36.200,2861.8000,17489,0,10865744160.000,0,-,-,-,-,2861.6000,2861.4000,2861.2000,2861.0000,2860.6000,2862.0000,2862.2000,2862.6000,2862.8000,2863.0000,3,4,6,1,1,1,4,4,4,2
SF,IH2006,2020-06-17 13:20:36.700,2861.8000,17489,0,10865744160.000,0,-,-,-,-,2861.6000,2861.4000,2861.2000,2861.0000,2860.6000,2862.0000,2862.2000,2862.6000,2862.8000,2863.0000,2,4,6,1,1,1,4,4,4,2
SF,IH2006,2020-06-17 13:20:37.200,2861.8000,17489,0,10865744160.000,0,-,-,-,-,2861.6000,2861.4000,2861.2000,2861.0000,2860.6000,2862.0000,2862.2000,2862.6000,2862.8000,2863.0000,2,4,6,1,1,2,4,4,4,2
SF,IH2006,2020-06-17 13:20:39.200,2861.8000,17489,0,10865744160.000,0,-,-,-,-,2861.6000,2861.4000,2861.2000,2861.0000,2860.6000,2862.0000,2862.2000,2862.6000,2862.8000,2863.0000,2,4,6,1,1,1,4,4,4,2
SF,IH2006,2020-06-17 13:20:39.700,2861.8000,17489,0,10865744160.000,0,-,-,-,-,2861.4000,2861.2000,2861.0000,2860.6000,2860.4000,2862.0000,2862.2000,2862.6000,2862.8000,2863.0000,4,6,1,1,3,1,4,4,4,2
SF,IH2006,2020-06-17 13:20:40.700,2861.6000,17488,-1,10866602640.000,1,0,1,双平,B,2861.4000,2861.2000,2861.0000,2860.6000,2860.4000,2862.0000,2862.2000,2862.6000,2862.8000,2863.0000,4,6,1,1,3,1,4,4,4,2
SF,IH2006,2020-06-17 13:20:41.200,2861.6000,17488,0,10866602640.000,0,-,-,-,-,2861.6000,2861.4000,2861.2000,2861.0000,2860.6000,2862.0000,2862.2000,2862.6000,2862.8000,2863.0000,1,4,6,1,1,1,4,4,4,2
SF,IH2006,2020-06-17 13:20:41.700,2861.6000,17488,0,10866602640.000,0,-,-,-,-,2861.6000,2861.4000,2861.2000,2861.0000,2860.6000,2861.8000,2862.0000,2862.2000,2862.6000,2862.8000,1,4,6,1,1,1,1,4,4,4
SF,IH2006,2020-06-17 13:20:42.200,2861.4000,17489,1,10868319480.000,2,1,1,多开,B,2861.4000,2861.2000,2861.0000,2860.6000,2860.4000,2861.8000,2862.0000,2862.2000,2862.6000,2862.8000,2,6,1,1,3,1,1,4,4,4
SF,IH2006,2020-06-17 13:20:42.700,2861.4000,17489,0,10869177900.000,1,0,1,空换,B,2861.4000,2861.2000,2861.0000,2860.6000,2860.4000,2861.8000,2862.0000,2862.2000,2862.6000,2862.8000,1,6,1,1,3,1,1,4,4,4
SF,IH2006,2020-06-17 13:20:43.200,2861.2000,17488,-1,10870036260.000,1,0,1,双平,B,2861.2000,2861.0000,2860.6000,2860.4000,2860.0000,2861.8000,2862.0000,2862.2000,2862.6000,2862.8000,5,1,1,3,6,1,1,4,4,4
SF,IH2006,2020-06-17 13:20:43.700,2861.8000,17489,1,10870894800.000,1,1,0,双开,B,2861.2000,2861.0000,2860.6000,2860.4000,2860.0000,2861.8000,2862.0000,2862.2000,2862.6000,2862.8000,5,1,1,3,6,1,1,4,4,4
SF,IH2006,2020-06-17 13:20:44.200,2861.8000,17489,0,10870894800.000,0,-,-,-,-,2861.2000,2861.0000,2860.6000,2860.4000,2860.0000,2862.0000,2862.2000,2862.6000,2862.8000,2863.0000,5,1,1,3,6,1,4,4,4,2
SF,IH2006,2020-06-17 13:20:44.700,2861.4000,17490,1,10871753220.000,1,1,0,双开,B,2861.4000,2861.2000,2861.0000,2860.6000,2860.4000,2861.8000,2862.0000,2862.2000,2862.6000,2862.8000,1,5,1,1,3,2,1,4,4,4
SF,IH2006,2020-06-17 13:20:45.200,2861.4000,17490,0,10871753220.000,0,-,-,-,-,2861.4000,2861.2000,2861.0000,2860.6000,2860.4000,2861.8000,2862.0000,2862.2000,2862.6000,2862.8000,1,4,1,1,3,2,1,4,4,4
SF,IH2006,2020-06-17 13:20:46.200,2861.4000,17490,0,10871753220.000,0,-,-,-,-,2861.4000,2861.2000,2861.0000,2860.6000,2860.4000,2861.8000,2862.0000,2862.2000,2862.6000,2862.8000,1,7,1,1,3,2,1,4,4,4
SF,IH2006,2020-06-17 13:20:46.700,2861.4000,17490,0,10871753220.000,0,-,-,-,-,2861.2000,2861.0000,2860.6000,2860.4000,2860.0000,2861.8000,2862.0000,2862.2000,2862.6000,2862.8000,7,1,1,3,6,2,1,3,4,4
SF,IH2006,2020-06-17 13:20:51.200,2861.4000,17490,0,10871753220.000,0,-,-,-,-,2861.2000,2861.0000,2860.6000,2860.4000,2860.0000,2861.8000,2862.0000,2862.2000,2862.6000,2862.8000,7,1,1,3,6,2,1,3,3,4
SF,IH2006,2020-06-17 13:20:52.200,2861.4000,17490,0,10872611640.000,1,0,1,空换,B,2861.2000,2861.0000,2860.6000,2860.4000,2860.0000,2861.8000,2862.0000,2862.2000,2862.6000,2862.8000,7,1,1,3,6,2,1,3,3,4
SF,IH2006,2020-06-17 13:20:52.700,2861.4000,17490,0,10872611640.000,0,-,-,-,-,2861.4000,2861.2000,2861.0000,2860.6000,2860.4000,2861.8000,2862.0000,2862.2000,2862.6000,2862.8000,1,6,1,1,3,2,1,3,3,4
SF,IH2006,2020-06-17 13:20:53.200,2861.8000,17489,-1,10874328600.000,2,0,2,空平,B,2861.8000,2861.2000,2861.0000,2860.6000,2860.4000,2862.0000,2862.2000,2862.6000,2862.8000,2863.0000,1,6,1,1,3,1,3,3,4,2
SF,IH2006,2020-06-17 13:20:53.700,2861.8000,17489,0,10875187140.000,1,0,1,空换,B,2861.2000,2861.0000,2860.6000,2860.4000,2860.0000,2861.8000,2862.2000,2862.6000,2862.8000,2863.0000,6,1,1,3,6,5,3,3,4,2
SF,IH2006,2020-06-17 13:20:54.200,2861.8000,17489,0,10875187140.000,0,-,-,-,-,2861.4000,2861.2000,2861.0000,2860.6000,2860.4000,2861.8000,2862.2000,2862.6000,2862.8000,2863.0000,4,2,1,1,3,2,3,3,4,2
SF,IH2006,2020-06-17 13:20:55.700,2861.8000,17489,0,10876045680.000,1,0,1,空换,B,2861.6000,2861.4000,2861.2000,2861.0000,2860.6000,2861.8000,2862.2000,2862.6000,2862.8000,2863.0000,1,3,2,1,1,1,3,3,4,2
SF,IH2006,2020-06-17 13:20:56.200,2861.8000,17489,0,10876904220.000,1,0,1,空换,B,2861.6000,2861.4000,2861.2000,2861.0000,2860.6000,2862.2000,2862.6000,2862.8000,2863.0000,2863.2000,1,6,3,1,1,3,3,4,2,1
SF,IH2006,2020-06-17 13:20:56.700,2861.8000,17489,0,10876904220.000,0,-,-,-,-,2861.6000,2861.4000,2861.2000,2861.0000,2860.6000,2862.2000,2862.6000,2862.8000,2863.0000,2863.2000,2,5,3,1,1,2,3,4,2,1
SF,IH2006,2020-06-17 13:21:00.700,2861.8000,17489,0,10876904220.000,0,-,-,-,-,2861.8000,2861.6000,2861.4000,2861.2000,2861.0000,2862.2000,2862.6000,2862.8000,2863.0000,2863.2000,1,2,5,3,1,3,3,4,2,1
SF,IH2006,2020-06-17 13:21:01.200,2861.8000,17487,-2,10880338380.000,4,1,3,空平,B,2861.6000,2861.4000,2861.2000,2861.0000,2860.6000,2862.2000,2862.6000,2862.8000,2863.0000,2863.2000,1,3,3,1,1,2,3,4,2,1
SF,IH2006,2020-06-17 13:21:01.700,2861.8000,17487,0,10880338380.000,0,-,-,-,-,2861.4000,2861.2000,2861.0000,2860.6000,2860.4000,2861.6000,2862.0000,2862.2000,2862.6000,2862.8000,3,3,1,1,3,1,2,2,3,4
SF,IH2006,2020-06-17 13:21:02.200,2861.6000,17486,-1,10881196860.000,1,0,1,双平,B,2861.6000,2861.4000,2861.2000,2861.0000,2860.6000,2862.0000,2862.2000,2862.6000,2862.8000,2863.0000,5,3,2,1,1,2,2,3,4,2
SF,IH2006,2020-06-17 13:21:02.700,2861.6000,17486,0,10881196860.000,0,-,-,-,-,2861.6000,2861.4000,2861.2000,2861.0000,2860.6000,2862.2000,2862.6000,2862.8000,2863.0000,2863.2000,2,3,2,1,1,2,3,4,2,1
SF,IH2006,2020-06-17 13:21:03.200,2861.6000,17486,0,10881196860.000,0,-,-,-,-,2861.6000,2861.4000,2861.2000,2861.0000,2860.6000,2862.2000,2862.6000,2862.8000,2863.0000,2863.2000,2,3,2,1,1,3,3,4,2,1
SF,IH2006,2020-06-17 13:21:03.700,2861.6000,17486,0,10881196860.000,0,-,-,-,-,2861.6000,2861.4000,2861.2000,2861.0000,2860.6000,2862.2000,2862.6000,2862.8000,2863.0000,2863.2000,2,3,2,1,1,3,3,4,2,1
SF,IH2006,2020-06-17 13:21:04.200,2861.6000,17486,0,10881196860.000,0,-,-,-,-,2861.8000,2861.6000,2861.4000,2861.2000,2861.0000,2862.2000,2862.6000,2862.8000,2863.0000,2863.2000,2,2,3,2,1,3,3,4,2,1
SF,IH2006,2020-06-17 13:21:04.700,2861.6000,17486,0,10881196860.000,0,-,-,-,-,2861.8000,2861.6000,2861.4000,2861.2000,2861.0000,2862.2000,2862.6000,2862.8000,2863.0000,2863.2000,2,2,3,2,1,3,3,4,2,1
SF,IH2006,2020-06-17 13:21:05.200,2862.2000,17486,0,10882055520.000,1,0,1,空换,B,2861.8000,2861.6000,2861.4000,2861.2000,2861.0000,2862.2000,2862.6000,2862.8000,2863.0000,2863.2000,2,1,3,2,1,2,3,4,2,1
SF,IH2006,2020-06-17 13:21:05.700,2862.2000,17486,0,10882055520.000,0,-,-,-,-,2861.8000,2861.6000,2861.4000,2861.2000,2861.0000,2862.2000,2862.6000,2862.8000,2863.0000,2863.2000,3,1,3,2,1,1,3,4,2,1
SF,IH2006,2020-06-17 13:21:06.200,2862.2000,17486,0,10882055520.000,0,-,-,-,-,2861.8000,2861.6000,2861.4000,2861.2000,2861.0000,2862.2000,2862.6000,2862.8000,2863.0000,2863.2000,2,1,3,2,1,1,3,4,2,1
SF,IH2006,2020-06-17 13:21:08.700,2862.2000,17486,0,10882055520.000,0,-,-,-,-,2861.8000,2861.6000,2861.4000,2861.2000,2861.0000,2862.0000,2862.2000,2862.6000,2862.8000,2863.0000,2,1,3,2,1,1,1,3,4,2
SF,IH2006,2020-06-17 13:21:10.200,2862.2000,17486,0,10882055520.000,0,-,-,-,-,2861.6000,2861.4000,2861.2000,2861.0000,2860.6000,2861.8000,2862.0000,2862.2000,2862.6000,2862.8000,1,3,2,1,1,1,1,1,3,4
SF,IH2006,2020-06-17 13:21:10.700,2862.2000,17486,0,10882055520.000,0,-,-,-,-,2861.4000,2861.2000,2861.0000,2860.6000,2860.4000,2861.8000,2862.0000,2862.2000,2862.6000,2862.8000,3,2,1,1,3,1,1,1,3,4
SF,IH2006,2020-06-17 13:21:11.200,2861.4000,17486,0,10884630780.000,3,1,2,空换,B,2861.2000,2861.0000,2860.6000,2860.4000,2860.0000,2861.4000,2861.6000,2861.8000,2862.0000,2862.2000,2,1,1,3,6,6,3,2,1,1
SF,IH2006,2020-06-17 13:21:11.700,2861.2000,17486,0,10886347500.000,2,1,1,空换,B,2861.0000,2860.6000,2860.4000,2860.0000,2859.8000,2861.2000,2861.4000,2861.6000,2861.8000,2862.2000,1,1,3,6,3,4,3,3,2,1
SF,IH2006,2020-06-17 13:21:12.200,2861.2000,17486,0,10886347500.000,0,-,-,-,-,2861.0000,2860.6000,2860.4000,2860.0000,2859.8000,2861.2000,2861.6000,2861.8000,2862.2000,2862.6000,1,1,3,6,3,3,3,2,1,3
SF,IH2006,2020-06-17 13:21:12.700,2861.2000,17486,0,10886347500.000,0,-,-,-,-,2861.0000,2860.6000,2860.4000,2860.0000,2859.8000,2861.2000,2861.6000,2861.8000,2862.2000,2862.6000,1,1,3,6,3,2,3,2,1,3
SF,IH2006,2020-06-17 13:21:13.200,2861.2000,17486,0,10886347500.000,0,-,-,-,-,2861.0000,2860.6000,2860.4000,2860.0000,2859.8000,2861.2000,2861.6000,2861.8000,2862.2000,2862.6000,2,1,3,6,3,2,3,2,1,3
SF,IH2006,2020-06-17 13:21:13.700,2861.2000,17486,0,10886347500.000,0,-,-,-,-,2861.0000,2860.6000,2860.4000,2860.0000,2859.8000,2861.2000,2861.6000,2861.8000,2862.2000,2862.6000,2,1,3,6,3,1,3,2,1,3
SF,IH2006,2020-06-17 13:21:15.200,2861.0000,17486,0,10887205800.000,1,0,1,空换,B,2861.0000,2860.6000,2860.4000,2860.0000,2859.8000,2861.2000,2861.6000,2861.8000,2862.2000,2862.6000,1,1,3,6,3,1,3,2,1,3
SF,IH2006,2020-06-17 13:21:15.700,2861.0000,17486,0,10887205800.000,0,-,-,-,-,2861.0000,2860.6000,2860.4000,2860.0000,2859.8000,2861.2000,2861.6000,2861.8000,2862.2000,2862.6000,1,1,3,6,3,1,3,2,1,3
SF,IH2006,2020-06-17 13:21:16.200,2861.0000,17486,0,10887205800.000,0,-,-,-,-,2861.0000,2860.6000,2860.4000,2860.0000,2859.8000,2861.2000,2861.6000,2861.8000,2862.2000,2862.6000,1,1,3,6,3,1,3,2,1,3
SF,IH2006,2020-06-17 13:21:16.700,2861.0000,17486,0,10887205800.000,0,-,-,-,-,2861.0000,2860.6000,2860.4000,2860.0000,2859.8000,2861.2000,2861.6000,2861.8000,2862.2000,2862.6000,1,1,3,6,3,1,3,2,1,3
SF,IH2006,2020-06-17 13:21:17.200,2861.0000,17486,0,10887205800.000,0,-,-,-,-,2861.0000,2860.6000,2860.4000,2860.0000,2859.8000,2861.2000,2861.6000,2861.8000,2862.2000,2862.6000,1,1,3,6,3,1,3,2,1,3
SF,IH2006,2020-06-17 13:21:17.700,2861.0000,17486,0,10888064100.000,1,0,1,空换,B,2860.6000,2860.4000,2860.0000,2859.8000,2859.6000,2860.8000,2861.2000,2861.6000,2861.8000,2862.2000,4,3,6,3,1,1,1,3,2,1
SF,IH2006,2020-06-17 13:21:18.200,2860.8000,17485,-1,10888922340.000,1,0,1,双平,B,2861.0000,2860.8000,2860.6000,2860.4000,2860.0000,2861.2000,2861.6000,2861.8000,2862.2000,2862.6000,2,14,4,3,6,1,3,2,1,3
SF,IH2006,2020-06-17 13:21:18.700,2860.8000,17485,0,10888922340.000,0,-,-,-,-,2860.8000,2860.6000,2860.4000,2860.0000,2859.8000,2861.6000,2861.8000,2862.2000,2862.6000,2862.8000,4,4,3,6,3,3,2,1,3,4
SF,IH2006,2020-06-17 13:21:19.200,2860.8000,17485,0,10888922340.000,0,-,-,-,-,2860.8000,2860.6000,2860.4000,2860.0000,2859.8000,2861.4000,2861.6000,2861.8000,2862.2000,2862.6000,4,4,3,6,3,4,3,2,1,3
SF,IH2006,2020-06-17 13:21:19.700,2860.8000,17486,1,10891497060.000,3,2,1,多开,B,2860.8000,2860.6000,2860.4000,2860.0000,2859.8000,2861.0000,2861.4000,2861.6000,2861.8000,2862.2000,1,4,3,6,3,1,3,3,2,1
SF,IH2006,2020-06-17 13:21:20.200,2861.0000,17487,1,10892355360.000,1,1,0,双开,B,2860.6000,2860.4000,2860.0000,2859.8000,2859.6000,2861.4000,2861.6000,2861.8000,2862.2000,2862.6000,4,3,6,3,1,3,3,2,1,3
SF,IH2006,2020-06-17 13:21:20.700,2861.0000,17487,0,10892355360.000,0,-,-,-,-,2860.8000,2860.6000,2860.4000,2860.0000,2859.8000,2861.4000,2861.6000,2861.8000,2862.2000,2862.6000,2,5,3,6,3,3,3,2,1,3
SF,IH2006,2020-06-17 13:21:21.200,2861.0000,17487,0,10892355360.000,0,-,-,-,-,2860.8000,2860.6000,2860.4000,2860.0000,2859.8000,2861.4000,2861.6000,2861.8000,2862.2000,2862.6000,7,5,3,6,3,3,3,2,1,3
SF,IH2006,2020-06-17 13:21:21.700,2861.0000,17487,0,10892355360.000,0,-,-,-,-,2861.0000,2860.8000,2860.6000,2860.4000,2860.0000,2861.4000,2861.6000,2861.8000,2862.2000,2862.6000,1,6,5,3,6,3,3,2,1,3
SF,IH2006,2020-06-17 13:21:22.200,2861.0000,17487,0,10892355360.000,0,-,-,-,-,2861.0000,2860.8000,2860.6000,2860.4000,2860.2000,2861.4000,2861.6000,2861.8000,2862.2000,2862.6000,1,7,5,3,3,3,3,2,1,3
SF,IH2006,2020-06-17 13:21:22.700,2861.0000,17487,0,10892355360.000,0,-,-,-,-,2860.8000,2860.6000,2860.4000,2860.2000,2860.0000,2861.4000,2861.6000,2861.8000,2862.2000,2862.6000,7,5,3,3,6,3,3,3,1,3
SF,IH2006,2020-06-17 13:21:24.200,2861.0000,17487,0,10892355360.000,0,-,-,-,-,2860.8000,2860.6000,2860.4000,2860.2000,2860.0000,2861.4000,2861.6000,2861.8000,2862.2000,2862.6000,7,5,3,3,6,3,3,3,1,3
SF,IH2006,2020-06-17 13:21:25.700,2861.0000,17487,0,10892355360.000,0,-,-,-,-,2860.8000,2860.6000,2860.4000,2860.2000,2860.0000,2861.4000,2861.6000,2861.8000,2862.2000,2862.6000,8,5,3,3,6,3,3,3,1,3
SF,IH2006,2020-06-17 13:21:27.200,2861.0000,17487,0,10892355360.000,0,-,-,-,-,2861.0000,2860.8000,2860.6000,2860.4000,2860.2000,2861.4000,2861.6000,2861.8000,2862.2000,2862.6000,1,8,5,3,3,3,3,3,1,3
SF,IH2006,2020-06-17 13:21:28.200,2861.0000,17487,0,10892355360.000,0,-,-,-,-,2861.0000,2860.8000,2860.6000,2860.4000,2860.2000,2861.4000,2861.6000,2861.8000,2862.2000,2862.6000,1,8,2,3,3,3,3,3,1,3
SF,IH2006,2020-06-17 13:21:28.700,2860.8000,17487,0,10894071900.000,2,1,1,空换,B,2860.8000,2860.6000,2860.4000,2860.2000,2860.0000,2861.0000,2861.4000,2861.6000,2861.8000,2862.2000,7,2,3,3,6,1,2,3,3,1
SF,IH2006,2020-06-17 13:21:29.200,2861.0000,17487,0,10894930200.000,1,0,1,空换,B,2861.0000,2860.8000,2860.6000,2860.4000,2860.2000,2861.4000,2861.6000,2861.8000,2862.2000,2862.6000,2,6,2,3,3,1,3,3,1,3
SF,IH2006,2020-06-17 13:21:30.700,2861.0000,17487,0,10894930200.000,0,-,-,-,-,2861.0000,2860.8000,2860.6000,2860.4000,2860.2000,2861.4000,2861.6000,2861.8000,2862.2000,2862.6000,2,6,2,3,3,1,3,3,1,2
SF,IH2006,2020-06-17 13:21:34.700,2861.4000,17486,-1,10895788620.000,1,0,1,双平,B,2861.0000,2860.8000,2860.6000,2860.4000,2860.2000,2861.6000,2861.8000,2862.2000,2862.6000,2862.8000,2,6,2,3,3,3,3,1,2,4
SF,IH2006,2020-06-17 13:21:35.200,2861.4000,17486,0,10895788620.000,0,-,-,-,-,2861.0000,2860.8000,2860.6000,2860.4000,2860.2000,2861.4000,2861.6000,2861.8000,2862.2000,2862.6000,2,5,2,3,3,1,3,3,1,2
SF,IH2006,2020-06-17 13:21:35.700,2861.0000,17486,0,10896646920.000,1,0,1,空换,B,2861.0000,2860.8000,2860.6000,2860.4000,2860.2000,2861.4000,2861.6000,2861.8000,2862.2000,2862.6000,1,5,2,3,3,1,3,3,1,2
SF,IH2006,2020-06-17 13:21:36.200,2861.0000,17485,-1,10897505220.000,1,0,1,双平,B,2861.0000,2860.8000,2860.6000,2860.4000,2860.2000,2861.4000,2861.6000,2861.8000,2862.2000,2862.6000,1,5,2,3,3,1,3,3,1,2
SF,IH2006,2020-06-17 13:21:37.200,2860.8000,17487,2,10899221760.000,2,2,0,双开,B,2860.8000,2860.6000,2860.4000,2860.2000,2860.0000,2861.4000,2861.6000,2861.8000,2862.2000,2862.6000,4,2,3,3,6,1,3,3,1,2
SF,IH2006,2020-06-17 13:21:38.200,2860.8000,17487,0,10899221760.000,0,-,-,-,-,2860.8000,2860.6000,2860.4000,2860.2000,2860.0000,2861.4000,2861.6000,2861.8000,2862.2000,2862.6000,4,2,3,3,6,1,3,3,1,2
SF,IH2006,2020-06-17 13:21:39.700,2860.8000,17487,0,10899221760.000,0,-,-,-,-,2860.8000,2860.6000,2860.4000,2860.2000,2860.0000,2861.4000,2861.6000,2861.8000,2862.2000,2862.6000,7,2,3,3,6,1,3,3,1,2
SF,IH2006,2020-06-17 13:21:40.200,2860.8000,17487,0,10899221760.000,0,-,-,-,-,2860.8000,2860.6000,2860.4000,2860.2000,2860.0000,2861.4000,2861.6000,2861.8000,2862.2000,2862.6000,8,1,3,3,6,1,3,3,1,2
SF,IH2006,2020-06-17 13:21:40.700,2861.4000,17487,0,10900080180.000,1,0,1,空换,B,2860.8000,2860.6000,2860.4000,2860.2000,2860.0000,2861.4000,2861.6000,2861.8000,2862.2000,2862.6000,8,1,3,3,6,1,3,3,1,2
SF,IH2006,2020-06-17 13:21:41.200,2860.8000,17486,-1,10900938420.000,1,0,1,双平,B,2860.8000,2860.6000,2860.4000,2860.2000,2860.0000,2861.2000,2861.4000,2861.6000,2861.8000,2862.2000,7,1,3,3,6,1,1,3,3,2
SF,IH2006,2020-06-17 13:21:43.200,2860.8000,17486,0,10900938420.000,0,-,-,-,-,2860.8000,2860.6000,2860.4000,2860.2000,2860.0000,2861.2000,2861.4000,2861.6000,2861.8000,2862.2000,8,1,3,3,6,1,1,3,3,2
SF,IH2006,2020-06-17 13:21:44.700,2860.8000,17486,0,10900938420.000,0,-,-,-,-,2860.8000,2860.6000,2860.4000,2860.2000,2860.0000,2861.0000,2861.2000,2861.4000,2861.6000,2861.8000,5,1,3,3,6,1,1,1,3,3
SF,IH2006,2020-06-17 13:21:45.200,2861.0000,17485,-1,10901796720.000,1,0,1,双平,B,2860.8000,2860.6000,2860.4000,2860.2000,2860.0000,2861.2000,2861.4000,2861.6000,2861.8000,2862.2000,3,1,3,3,6,1,1,3,3,2
SF,IH2006,2020-06-17 13:21:45.700,2861.2000,17485,0,10902655080.000,1,0,1,空换,B,2860.8000,2860.6000,2860.4000,2860.2000,2860.0000,2861.4000,2861.6000,2861.8000,2862.2000,2862.6000,4,1,3,3,6,1,3,3,2,2
SF,IH2006,2020-06-17 13:21:46.200,2861.2000,17485,0,10902655080.000,0,-,-,-,-,2860.8000,2860.6000,2860.4000,2860.2000,2860.0000,2861.2000,2861.4000,2861.6000,2861.8000,2862.2000,4,1,3,3,6,1,1,3,3,2
SF,IH2006,2020-06-17 13:21:48.700,2861.2000,17485,0,10902655080.000,0,-,-,-,-,2860.8000,2860.6000,2860.4000,2860.2000,2860.0000,2861.2000,2861.4000,2861.6000,2861.8000,2862.2000,4,1,3,3,6,1,1,3,3,2
SF,IH2006,2020-06-17 13:21:49.200,2861.2000,17485,0,10902655080.000,0,-,-,-,-,2860.8000,2860.6000,2860.4000,2860.2000,2860.0000,2861.2000,2861.4000,2861.6000,2861.8000,2862.0000,3,1,3,3,6,1,1,3,3,1
SF,IH2006,2020-06-17 13:21:49.700,2861.2000,17485,0,10902655080.000,0,-,-,-,-,2860.8000,2860.6000,2860.4000,2860.2000,2860.0000,2861.2000,2861.4000,2861.6000,2861.8000,2862.0000,3,1,3,3,6,3,1,3,3,1
SF,IH2006,2020-06-17 13:21:51.200,2861.2000,17485,0,10902655080.000,0,-,-,-,-,2860.8000,2860.6000,2860.4000,2860.2000,2860.0000,2861.2000,2861.4000,2861.6000,2861.8000,2862.0000,3,1,3,3,6,3,1,3,3,1
SF,IH2006,2020-06-17 13:21:51.700,2861.2000,17485,0,10902655080.000,0,-,-,-,-,2860.8000,2860.6000,2860.4000,2860.2000,2860.0000,2861.2000,2861.4000,2861.6000,2861.8000,2862.0000,3,1,3,3,6,2,1,3,3,1
SF,IH2006,2020-06-17 13:21:55.200,2861.2000,17485,0,10902655080.000,0,-,-,-,-,2860.8000,2860.6000,2860.4000,2860.2000,2860.0000,2861.2000,2861.4000,2861.6000,2861.8000,2862.0000,3,1,3,3,6,2,1,3,3,1
SF,IH2006,2020-06-17 13:21:55.700,2861.2000,17485,0,10902655080.000,0,-,-,-,-,2860.8000,2860.6000,2860.4000,2860.2000,2860.0000,2861.2000,2861.4000,2861.6000,2861.8000,2862.0000,3,1,3,3,6,2,1,3,3,1
SF,IH2006,2020-06-17 13:21:56.200,2861.2000,17485,0,10902655080.000,0,-,-,-,-,2860.8000,2860.6000,2860.4000,2860.2000,2860.0000,2861.2000,2861.4000,2861.6000,2861.8000,2862.0000,3,1,3,3,6,3,1,3,3,1
SF,IH2006,2020-06-17 13:21:59.700,2860.8000,17484,-1,10904371560.000,2,0,2,空平,B,2860.8000,2860.6000,2860.4000,2860.2000,2860.0000,2861.2000,2861.4000,2861.6000,2861.8000,2862.0000,1,1,3,3,6,4,1,3,3,1
SF,IH2006,2020-06-17 13:22:00.200,2860.8000,17484,0,10905229800.000,1,0,1,空换,B,2860.6000,2860.4000,2860.2000,2860.0000,2859.8000,2861.2000,2861.4000,2861.6000,2861.8000,2862.0000,1,3,3,6,3,4,1,3,3,1
SF,IH2006,2020-06-17 13:22:00.700,2860.8000,17484,0,10905229800.000,0,-,-,-,-,2860.6000,2860.4000,2860.2000,2860.0000,2859.8000,2861.2000,2861.4000,2861.6000,2861.8000,2862.0000,2,3,3,6,3,4,1,3,3,1
SF,IH2006,2020-06-17 13:22:01.200,2860.8000,17484,0,10905229800.000,0,-,-,-,-,2860.6000,2860.4000,2860.2000,2860.0000,2859.8000,2861.2000,2861.4000,2861.6000,2861.8000,2862.0000,5,3,3,6,3,4,1,3,3,1
SF,IH2006,2020-06-17 13:22:02.200,2860.8000,17484,0,10905229800.000,0,-,-,-,-,2860.6000,2860.4000,2860.2000,2860.0000,2859.8000,2861.2000,2861.4000,2861.6000,2861.8000,2862.0000,5,3,3,6,3,4,1,3,3,1
SF,IH2006,2020-06-17 13:22:02.700,2860.8000,17484,0,10905229800.000,0,-,-,-,-,2860.6000,2860.4000,2860.2000,2860.0000,2859.8000,2861.0000,2861.2000,2861.4000,2861.6000,2861.8000,4,3,3,6,3,1,4,1,3,3
SF,IH2006,2020-06-17 13:22:03.200,2860.8000,17484,0,10905229800.000,0,-,-,-,-,2860.6000,2860.4000,2860.2000,2860.0000,2859.8000,2861.0000,2861.2000,2861.4000,2861.6000,2861.8000,4,3,3,6,3,2,4,1,3,2
SF,IH2006,2020-06-17 13:22:03.700,2860.8000,17484,0,10905229800.000,0,-,-,-,-,2860.6000,2860.4000,2860.2000,2860.0000,2859.8000,2861.0000,2861.2000,2861.4000,2861.6000,2861.8000,5,3,3,6,3,2,4,1,3,2
SF,IH2006,2020-06-17 13:22:04.700,2860.8000,17484,0,10905229800.000,0,-,-,-,-,2860.6000,2860.4000,2860.2000,2860.0000,2859.8000,2861.0000,2861.2000,2861.4000,2861.6000,2861.8000,5,3,3,4,3,2,4,1,3,2
SF,IH2006,2020-06-17 13:22:08.200,2860.8000,17484,0,10905229800.000,0,-,-,-,-,2860.6000,2860.4000,2860.2000,2860.0000,2859.8000,2861.0000,2861.2000,2861.4000,2861.6000,2861.8000,5,2,3,4,3,2,4,1,3,2
SF,IH2006,2020-06-17 13:22:10.700,2860.8000,17484,0,10905229800.000,0,-,-,-,-,2860.6000,2860.4000,2860.2000,2860.0000,2859.8000,2861.0000,2861.2000,2861.4000,2861.6000,2861.8000,6,2,3,4,3,2,4,1,3,2
SF,IH2006,2020-06-17 13:22:11.200,2860.8000,17484,0,10905229800.000,0,-,-,-,-,2860.6000,2860.4000,2860.2000,2860.0000,2859.8000,2861.0000,2861.2000,2861.4000,2861.6000,2861.8000,6,2,3,4,3,1,4,1,3,2
SF,IH2006,2020-06-17 13:22:14.700,2860.8000,17484,0,10905229800.000,0,-,-,-,-,2860.6000,2860.4000,2860.2000,2860.0000,2859.8000,2860.8000,2861.0000,2861.2000,2861.4000,2861.6000,6,2,3,4,3,1,1,4,1,3
SF,IH2006,2020-06-17 13:22:16.700,2860.8000,17484,0,10905229800.000,0,-,-,-,-,2860.6000,2860.4000,2860.2000,2860.0000,2859.8000,2860.8000,2861.0000,2861.2000,2861.4000,2861.6000,6,2,3,4,3,1,1,4,1,3
SF,IH2006,2020-06-17 13:22:19.200,2860.6000,17485,1,10906946160.000,2,1,1,多开,B,2860.6000,2860.4000,2860.2000,2860.0000,2859.8000,2860.8000,2861.0000,2861.2000,2861.4000,2861.6000,4,2,3,3,3,1,1,4,1,3
SF,IH2006,2020-06-17 13:22:19.700,2860.6000,17486,1,10910378880.000,4,2,2,多开,B,2860.4000,2860.2000,2860.0000,2859.8000,2859.6000,2860.8000,2861.0000,2861.2000,2861.4000,2861.6000,2,3,3,3,1,1,1,4,1,3
SF,IH2006,2020-06-17 13:22:21.700,2860.6000,17486,0,10910378880.000,0,-,-,-,-,2860.4000,2860.2000,2860.0000,2859.8000,2859.6000,2860.6000,2860.8000,2861.0000,2861.2000,2861.4000,2,3,3,3,1,2,1,1,4,1
SF,IH2006,2020-06-17 13:22:22.200,2860.6000,17484,-2,10912095240.000,2,0,2,双平,B,2860.6000,2860.4000,2860.0000,2859.8000,2859.6000,2860.8000,2861.0000,2861.2000,2861.4000,2861.6000,8,3,3,3,1,1,1,4,1,3
SF,IH2006,2020-06-17 13:22:22.700,2860.6000,17484,0,10912095240.000,0,-,-,-,-,2860.6000,2860.4000,2860.0000,2859.8000,2859.6000,2860.8000,2861.0000,2861.2000,2861.4000,2861.6000,5,3,3,3,1,1,1,4,1,3
SF,IH2006,2020-06-17 13:22:23.200,2860.8000,17485,1,10912953480.000,1,1,0,双开,B,2860.8000,2860.6000,2860.4000,2860.0000,2859.8000,2861.0000,2861.2000,2861.4000,2861.6000,2861.8000,1,5,3,3,3,2,4,1,3,2
SF,IH2006,2020-06-17 13:22:23.700,2860.8000,17485,0,10912953480.000,0,-,-,-,-,2860.6000,2860.4000,2860.0000,2859.8000,2859.6000,2861.0000,2861.2000,2861.4000,2861.6000,2861.8000,5,3,3,3,1,2,4,1,3,2
SF,IH2006,2020-06-17 13:22:24.700,2861.0000,17484,-1,10913811780.000,1,0,1,双平,B,2860.6000,2860.4000,2860.0000,2859.8000,2859.6000,2861.0000,2861.2000,2861.4000,2861.6000,2861.8000,5,3,3,3,1,1,4,1,3,2
SF,IH2006,2020-06-17 13:22:25.200,2861.0000,17484,0,10913811780.000,0,-,-,-,-,2860.6000,2860.4000,2860.0000,2859.8000,2859.6000,2861.0000,2861.2000,2861.4000,2861.6000,2861.8000,3,3,3,3,1,1,4,1,3,2
SF,IH2006,2020-06-17 13:22:26.700,2861.0000,17484,0,10913811780.000,0,-,-,-,-,2860.6000,2860.4000,2860.0000,2859.8000,2859.6000,2861.0000,2861.2000,2861.4000,2861.6000,2861.8000,3,3,3,3,1,1,4,1,3,2
SF,IH2006,2020-06-17 13:22:27.700,2861.0000,17484,0,10913811780.000,0,-,-,-,-,2860.6000,2860.4000,2860.0000,2859.8000,2859.6000,2861.0000,2861.2000,2861.4000,2861.6000,2861.8000,4,3,3,3,1,1,4,1,3,2
SF,IH2006,2020-06-17 13:22:29.700,2860.6000,17484,0,10914669960.000,1,0,1,空换,B,2860.6000,2860.4000,2860.0000,2859.8000,2859.6000,2860.8000,2861.0000,2861.2000,2861.4000,2861.6000,3,3,2,3,1,1,1,4,1,3
SF,IH2006,2020-06-17 13:22:30.200,2860.6000,17483,-1,10915528140.000,1,0,1,双平,B,2860.6000,2860.4000,2860.0000,2859.8000,2859.6000,2860.8000,2861.0000,2861.2000,2861.4000,2861.6000,2,2,2,3,1,1,1,4,1,3
SF,IH2006,2020-06-17 13:22:35.700,2860.6000,17483,0,10915528140.000,0,-,-,-,-,2860.6000,2860.4000,2860.0000,2859.8000,2859.6000,2860.8000,2861.0000,2861.2000,2861.4000,2861.6000,2,2,2,3,1,1,1,4,1,3
SF,IH2006,2020-06-17 13:22:37.200,2860.6000,17483,0,10916386320.000,1,0,1,空换,B,2860.6000,2860.4000,2860.0000,2859.8000,2859.6000,2860.8000,2861.0000,2861.2000,2861.4000,2861.6000,1,2,2,3,1,1,1,4,1,3
SF,IH2006,2020-06-17 13:22:37.700,2860.6000,17483,0,10916386320.000,0,-,-,-,-,2860.6000,2860.4000,2860.0000,2859.8000,2859.6000,2860.8000,2861.0000,2861.2000,2861.4000,2861.6000,1,2,1,3,1,1,1,4,1,3
SF,IH2006,2020-06-17 13:22:40.200,2860.6000,17483,0,10916386320.000,0,-,-,-,-,2860.6000,2860.4000,2860.0000,2859.8000,2859.6000,2860.8000,2861.0000,2861.2000,2861.4000,2861.6000,1,2,1,3,1,2,1,4,1,3
SF,IH2006,2020-06-17 13:22:41.700,2860.6000,17483,0,10917244500.000,1,0,1,空换,B,2860.4000,2860.0000,2859.8000,2859.6000,2859.4000,2860.8000,2861.0000,2861.2000,2861.4000,2861.6000,2,1,3,1,1,2,1,4,1,3
SF,IH2006,2020-06-17 13:22:42.200,2860.6000,17482,-1,10918102680.000,1,0,1,双平,B,2860.4000,2860.0000,2859.8000,2859.6000,2859.4000,2860.8000,2861.0000,2861.2000,2861.4000,2861.6000,2,1,3,1,1,3,1,4,1,3
SF,IH2006,2020-06-17 13:22:45.200,2860.6000,17482,0,10918102680.000,0,-,-,-,-,2860.6000,2860.4000,2860.0000,2859.8000,2859.6000,2860.8000,2861.0000,2861.2000,2861.4000,2861.6000,1,2,1,3,1,3,1,4,1,3
SF,IH2006,2020-06-17 13:22:45.700,2860.8000,17482,0,10918960920.000,1,0,1,空换,B,2860.6000,2860.4000,2860.0000,2859.8000,2859.6000,2860.8000,2861.0000,2861.2000,2861.4000,2861.6000,1,2,1,3,1,2,1,4,1,3
SF,IH2006,2020-06-17 13:22:46.200,2860.8000,17482,0,10919819160.000,1,0,1,空换,B,2860.6000,2860.4000,2860.0000,2859.8000,2859.6000,2861.0000,2861.2000,2861.4000,2861.6000,2861.8000,1,2,1,3,1,1,4,1,3,2
SF,IH2006,2020-06-17 13:22:46.700,2860.8000,17482,0,10919819160.000,0,-,-,-,-,2860.6000,2860.4000,2860.0000,2859.8000,2859.6000,2860.8000,2861.0000,2861.2000,2861.4000,2861.6000,1,2,1,3,1,1,1,4,1,3
SF,IH2006,2020-06-17 13:22:49.700,2860.8000,17481,-1,10921535580.000,2,0,2,空平,B,2860.4000,2860.0000,2859.8000,2859.6000,2859.4000,2861.0000,2861.2000,2861.4000,2861.6000,2861.8000,2,1,3,1,1,1,4,1,3,2
SF,IH2006,2020-06-17 13:22:50.200,2860.8000,17481,0,10922393820.000,1,0,1,空换,B,2860.4000,2860.0000,2859.8000,2859.6000,2859.4000,2860.8000,2861.0000,2861.2000,2861.4000,2861.6000,2,1,3,1,1,4,2,4,1,3
SF,IH2006,2020-06-17 13:22:51.700,2860.8000,17481,0,10922393820.000,0,-,-,-,-,2860.4000,2860.0000,2859.8000,2859.6000,2859.4000,2860.8000,2861.0000,2861.2000,2861.4000,2861.6000,2,1,3,1,1,4,2,4,1,3
SF,IH2006,2020-06-17 13:22:53.200,2860.8000,17481,0,10922393820.000,0,-,-,-,-,2860.4000,2860.0000,2859.8000,2859.6000,2859.4000,2860.8000,2861.0000,2861.2000,2861.4000,2861.6000,2,1,3,1,1,5,2,4,1,3
SF,IH2006,2020-06-17 13:22:54.200,2860.8000,17481,0,10922393820.000,0,-,-,-,-,2860.4000,2860.0000,2859.8000,2859.6000,2859.4000,2860.6000,2860.8000,2861.0000,2861.2000,2861.4000,2,1,3,1,1,1,5,2,4,1
SF,IH2006,2020-06-17 13:22:54.700,2860.8000,17481,0,10922393820.000,0,-,-,-,-,2860.4000,2860.0000,2859.8000,2859.6000,2859.4000,2860.8000,2861.0000,2861.2000,2861.4000,2861.6000,2,1,3,1,1,4,2,3,1,3
SF,IH2006,2020-06-17 13:22:55.200,2860.8000,17481,0,10922393820.000,0,-,-,-,-,2860.4000,2860.0000,2859.8000,2859.6000,2859.4000,2860.6000,2860.8000,2861.0000,2861.2000,2861.4000,1,1,3,1,1,2,4,2,3,1
SF,IH2006,2020-06-17 13:22:55.700,2860.8000,17481,0,10922393820.000,0,-,-,-,-,2860.4000,2860.0000,2859.8000,2859.6000,2859.4000,2860.6000,2860.8000,2861.0000,2861.2000,2861.4000,1,1,3,1,1,1,4,2,3,1
SF,IH2006,2020-06-17 13:22:56.200,2860.4000,17481,0,10923251940.000,1,0,1,空换,B,2860.0000,2859.8000,2859.6000,2859.4000,2859.0000,2860.8000,2861.0000,2861.2000,2861.4000,2861.6000,1,3,1,1,3,3,2,3,1,3
SF,IH2006,2020-06-17 13:22:56.700,2860.4000,17481,0,10923251940.000,0,-,-,-,-,2860.0000,2859.8000,2859.6000,2859.4000,2859.0000,2860.4000,2860.6000,2860.8000,2861.0000,2861.2000,1,3,1,1,3,1,10,2,2,3
SF,IH2006,2020-06-17 13:22:57.200,2860.4000,17481,0,10923251940.000,0,-,-,-,-,2860.0000,2859.8000,2859.6000,2859.4000,2859.0000,2860.2000,2860.4000,2860.6000,2860.8000,2861.0000,1,3,1,1,3,2,1,9,1,2
SF,IH2006,2020-06-17 13:22:57.700,2860.4000,17481,0,10923251940.000,0,-,-,-,-,2860.0000,2859.8000,2859.6000,2859.4000,2859.0000,2860.2000,2860.4000,2860.6000,2860.8000,2861.0000,1,3,1,1,3,2,1,6,1,2
SF,IH2006,2020-06-17 13:22:58.700,2860.4000,17481,0,10923251940.000,0,-,-,-,-,2860.0000,2859.8000,2859.6000,2859.4000,2859.2000,2860.2000,2860.4000,2860.6000,2860.8000,2861.0000,1,3,1,1,3,2,1,6,1,2
SF,IH2006,2020-06-17 13:23:00.200,2860.0000,17481,0,10924109940.000,1,0,1,空换,B,2859.8000,2859.6000,2859.4000,2859.2000,2859.0000,2860.2000,2860.4000,2860.6000,2860.8000,2861.0000,3,1,1,3,3,2,1,6,1,2
SF,IH2006,2020-06-17 13:23:00.700,2860.0000,17481,0,10924109940.000,0,-,-,-,-,2859.8000,2859.6000,2859.4000,2859.2000,2859.0000,2860.0000,2860.2000,2860.4000,2860.6000,2860.8000,3,1,1,3,3,1,2,1,6,1
SF,IH2006,2020-06-17 13:23:03.700,2859.8000,17481,0,10924967880.000,1,0,1,空换,B,2859.8000,2859.6000,2859.4000,2859.2000,2859.0000,2860.0000,2860.2000,2860.4000,2860.6000,2861.0000,2,1,1,3,3,2,2,1,6,2
SF,IH2006,2020-06-17 13:23:04.200,2859.8000,17481,0,10924967880.000,0,-,-,-,-,2859.8000,2859.6000,2859.4000,2859.2000,2859.0000,2860.0000,2860.2000,2860.4000,2860.6000,2861.0000,3,1,1,3,3,2,2,1,4,2
SF,IH2006,2020-06-17 13:23:04.700,2859.8000,17481,0,10925825820.000,1,0,1,空换,B,2859.8000,2859.6000,2859.4000,2859.2000,2859.0000,2860.0000,2860.2000,2860.4000,2860.6000,2861.0000,2,1,1,3,3,2,2,1,4,2
SF,IH2006,2020-06-17 13:23:05.200,2860.0000,17481,0,10926683820.000,1,0,1,空换,B,2859.8000,2859.6000,2859.4000,2859.2000,2859.0000,2860.0000,2860.2000,2860.4000,2860.6000,2861.0000,1,1,1,3,3,1,2,1,3,2
SF,IH2006,2020-06-17 13:23:05.700,2860.0000,17481,0,10926683820.000,0,-,-,-,-,2859.8000,2859.6000,2859.4000,2859.2000,2859.0000,2860.0000,2860.2000,2860.4000,2860.6000,2861.0000,2,1,1,3,3,1,2,1,3,2
SF,IH2006,2020-06-17 13:23:06.200,2860.0000,17481,0,10926683820.000,0,-,-,-,-,2859.8000,2859.6000,2859.4000,2859.2000,2859.0000,2860.0000,2860.2000,2860.6000,2861.0000,2861.2000,2,1,1,3,3,1,2,3,2,2
SF,IH2006,2020-06-17 13:23:06.700,2860.0000,17481,0,10927541820.000,1,0,1,空换,B,2859.8000,2859.6000,2859.4000,2859.2000,2859.0000,2860.2000,2860.6000,2861.0000,2861.2000,2861.4000,2,1,1,3,3,2,3,2,2,1
SF,IH2006,2020-06-17 13:23:08.700,2860.0000,17481,0,10927541820.000,0,-,-,-,-,2859.8000,2859.6000,2859.4000,2859.2000,2859.0000,2860.0000,2860.2000,2860.6000,2861.0000,2861.2000,2,1,1,3,3,1,2,3,2,2
SF,IH2006,2020-06-17 13:23:11.200,2860.0000,17481,0,10927541820.000,0,-,-,-,-,2859.8000,2859.6000,2859.4000,2859.2000,2859.0000,2860.0000,2860.2000,2860.6000,2861.0000,2861.2000,2,1,1,3,3,1,2,3,2,2
SF,IH2006,2020-06-17 13:23:12.200,2860.0000,17482,1,10928399820.000,1,1,0,双开,B,2859.8000,2859.6000,2859.4000,2859.2000,2859.0000,2860.2000,2860.6000,2861.0000,2861.2000,2861.4000,3,1,1,3,3,2,3,2,2,1
SF,IH2006,2020-06-17 13:23:15.200,2860.0000,17482,0,10928399820.000,0,-,-,-,-,2859.8000,2859.6000,2859.4000,2859.2000,2859.0000,2860.0000,2860.2000,2860.6000,2861.0000,2861.2000,3,1,1,3,3,1,2,3,2,2
SF,IH2006,2020-06-17 13:23:15.700,2860.0000,17482,0,10928399820.000,0,-,-,-,-,2859.8000,2859.6000,2859.4000,2859.2000,2859.0000,2860.0000,2860.2000,2860.6000,2861.0000,2861.2000,4,1,1,3,3,1,2,3,2,2
SF,IH2006,2020-06-17 13:23:16.200,2860.0000,17483,1,10929257820.000,1,1,0,双开,B,2859.8000,2859.6000,2859.4000,2859.2000,2859.0000,2860.2000,2860.6000,2861.0000,2861.2000,2861.4000,5,1,1,3,3,2,3,2,2,1
SF,IH2006,2020-06-17 13:23:17.200,2860.0000,17483,0,10929257820.000,0,-,-,-,-,2860.0000,2859.8000,2859.6000,2859.4000,2859.2000,2860.6000,2861.0000,2861.2000,2861.4000,2861.6000,1,5,1,1,3,3,2,2,1,2
SF,IH2006,2020-06-17 13:23:17.700,2860.0000,17483,0,10929257820.000,0,-,-,-,-,2860.4000,2860.0000,2859.8000,2859.6000,2859.4000,2860.6000,2861.0000,2861.2000,2861.4000,2861.6000,1,2,5,1,1,4,2,2,1,2
SF,IH2006,2020-06-17 13:23:18.200,2860.4000,17483,0,10930115940.000,1,0,1,空换,B,2860.0000,2859.8000,2859.6000,2859.4000,2859.2000,2860.6000,2860.8000,2861.0000,2861.2000,2861.4000,2,5,1,1,3,4,1,2,2,1
SF,IH2006,2020-06-17 13:23:18.700,2860.6000,17483,0,10930974120.000,1,0,1,空换,B,2860.0000,2859.8000,2859.4000,2859.2000,2859.0000,2860.6000,2860.8000,2861.0000,2861.2000,2861.4000,4,5,1,3,3,3,1,2,2,1
SF,IH2006,2020-06-17 13:23:19.200,2860.6000,17483,0,10930974120.000,0,-,-,-,-,2860.0000,2859.8000,2859.4000,2859.2000,2859.0000,2860.6000,2860.8000,2861.0000,2861.2000,2861.4000,5,5,1,3,3,3,1,2,2,1
SF,IH2006,2020-06-17 13:23:19.700,2860.6000,17483,0,10930974120.000,0,-,-,-,-,2860.2000,2860.0000,2859.8000,2859.4000,2859.2000,2860.6000,2860.8000,2861.0000,2861.2000,2861.4000,2,5,5,1,3,3,1,2,2,1
SF,IH2006,2020-06-17 13:23:20.200,2860.6000,17483,0,10930974120.000,0,-,-,-,-,2860.2000,2860.0000,2859.8000,2859.4000,2859.2000,2860.4000,2860.6000,2860.8000,2861.0000,2861.2000,2,5,5,1,3,1,3,1,2,2
SF,IH2006,2020-06-17 13:23:20.700,2860.6000,17483,0,10930974120.000,0,-,-,-,-,2860.2000,2860.0000,2859.8000,2859.4000,2859.2000,2860.6000,2860.8000,2861.0000,2861.2000,2861.4000,2,5,5,1,3,3,1,2,2,1
SF,IH2006,2020-06-17 13:23:21.700,2860.6000,17483,0,10930974120.000,0,-,-,-,-,2860.2000,2860.0000,2859.8000,2859.4000,2859.2000,2860.6000,2860.8000,2861.0000,2861.2000,2861.4000,2,5,4,1,3,3,1,2,2,1
SF,IH2006,2020-06-17 13:23:22.700,2860.6000,17483,0,10930974120.000,0,-,-,-,-,2860.0000,2859.8000,2859.4000,2859.2000,2859.0000,2860.6000,2860.8000,2861.0000,2861.2000,2861.4000,5,4,1,3,3,3,1,2,2,1
SF,IH2006,2020-06-17 13:23:23.200,2860.6000,17483,0,10930974120.000,0,-,-,-,-,2860.0000,2859.8000,2859.4000,2859.2000,2859.0000,2860.6000,2860.8000,2861.0000,2861.2000,2861.4000,5,4,1,3,3,4,1,2,2,1
SF,IH2006,2020-06-17 13:23:24.200,2860.6000,17483,0,10930974120.000,0,-,-,-,-,2860.0000,2859.8000,2859.4000,2859.2000,2859.0000,2860.4000,2860.6000,2860.8000,2861.0000,2861.2000,5,4,1,3,3,3,4,1,2,2
SF,IH2006,2020-06-17 13:23:24.700,2860.6000,17483,0,10930974120.000,0,-,-,-,-,2860.0000,2859.8000,2859.4000,2859.2000,2859.0000,2860.4000,2860.6000,2860.8000,2861.0000,2861.2000,4,4,1,3,3,4,4,1,2,1
SF,IH2006,2020-06-17 13:23:25.700,2860.6000,17483,0,10930974120.000,0,-,-,-,-,2860.0000,2859.8000,2859.4000,2859.2000,2859.0000,2860.4000,2860.6000,2860.8000,2861.0000,2861.2000,3,4,1,3,3,4,4,1,2,1
SF,IH2006,2020-06-17 13:23:26.200,2860.6000,17483,0,10930974120.000,0,-,-,-,-,2860.0000,2859.8000,2859.4000,2859.2000,2859.0000,2860.4000,2860.6000,2860.8000,2861.0000,2861.2000,2,4,1,3,3,4,4,1,2,1
SF,IH2006,2020-06-17 13:23:28.700,2860.6000,17483,0,10930974120.000,0,-,-,-,-,2860.0000,2859.8000,2859.4000,2859.2000,2859.0000,2860.4000,2860.6000,2860.8000,2861.0000,2861.2000,2,4,1,3,3,3,4,1,2,1
SF,IH2006,2020-06-17 13:23:29.200,2860.6000,17483,0,10930974120.000,0,-,-,-,-,2860.0000,2859.8000,2859.4000,2859.2000,2859.0000,2860.4000,2860.6000,2860.8000,2861.0000,2861.2000,3,4,1,3,3,1,4,1,2,1
SF,IH2006,2020-06-17 13:23:33.700,2860.6000,17483,0,10930974120.000,0,-,-,-,-,2860.0000,2859.8000,2859.4000,2859.2000,2859.0000,2860.2000,2860.4000,2860.6000,2860.8000,2861.0000,3,4,1,3,3,1,1,4,1,2
SF,IH2006,2020-06-17 13:23:34.200,2860.0000,17482,-1,10932690120.000,2,0,2,空平,B,2859.8000,2859.4000,2859.2000,2859.0000,2858.8000,2860.2000,2860.4000,2860.6000,2860.8000,2861.0000,3,1,3,3,1,3,1,4,1,2
SF,IH2006,2020-06-17 13:23:34.700,2859.8000,17481,-1,10933548060.000,1,0,1,双平,B,2859.8000,2859.4000,2859.2000,2859.0000,2858.8000,2860.0000,2860.2000,2860.4000,2860.6000,2860.8000,2,1,3,3,1,3,4,1,4,1
SF,IH2006,2020-06-17 13:23:35.200,2860.0000,17481,0,10936121940.000,3,1,2,空换,B,2859.4000,2859.2000,2859.0000,2858.8000,2858.4000,2860.0000,2860.2000,2860.6000,2860.8000,2861.0000,1,3,3,1,2,3,4,4,1,2
SF,IH2006,2020-06-17 13:23:35.700,2860.0000,17481,0,10936979940.000,1,0,1,空换,B,2859.4000,2859.2000,2859.0000,2858.8000,2858.4000,2859.8000,2860.0000,2860.2000,2860.6000,2860.8000,1,3,3,1,2,5,5,2,4,1
SF,IH2006,2020-06-17 13:23:36.200,2859.4000,17480,-1,10938695700.000,2,0,2,空平,B,2859.2000,2859.0000,2858.8000,2858.4000,2858.2000,2859.6000,2859.8000,2860.0000,2860.2000,2860.6000,3,3,1,2,6,1,4,4,2,4
SF,IH2006,2020-06-17 13:23:36.700,2859.4000,17480,0,10938695700.000,0,-,-,-,-,2859.2000,2859.0000,2858.8000,2858.4000,2858.2000,2859.4000,2859.6000,2859.8000,2860.0000,2860.2000,4,3,1,2,6,1,3,4,4,2
SF,IH2006,2020-06-17 13:23:37.200,2859.6000,17481,1,10940411400.000,2,1,1,多开,B,2859.4000,2859.2000,2859.0000,2858.8000,2858.4000,2859.6000,2859.8000,2860.0000,2860.2000,2860.6000,1,4,3,1,2,2,4,4,1,3
SF,IH2006,2020-06-17 13:23:37.700,2859.6000,17481,0,10941269280.000,1,0,1,空换,B,2859.2000,2859.0000,2858.8000,2858.4000,2858.2000,2859.6000,2859.8000,2860.0000,2860.2000,2860.6000,1,3,1,2,6,1,1,4,1,3
SF,IH2006,2020-06-17 13:23:38.200,2859.6000,17481,0,10941269280.000,0,-,-,-,-,2859.2000,2859.0000,2858.8000,2858.4000,2858.2000,2859.6000,2859.8000,2860.0000,2860.2000,2860.6000,1,3,1,2,6,1,1,4,1,3
SF,IH2006,2020-06-17 13:23:39.200,2859.6000,17482,1,10942127160.000,1,1,0,双开,B,2859.4000,2859.2000,2859.0000,2858.8000,2858.4000,2859.8000,2860.0000,2860.2000,2860.6000,2860.8000,1,1,3,1,2,1,4,1,3,1
SF,IH2006,2020-06-17 13:23:39.700,2859.6000,17482,0,10942127160.000,0,-,-,-,-,2859.4000,2859.2000,2859.0000,2858.8000,2858.4000,2859.8000,2860.0000,2860.2000,2860.6000,2860.8000,1,1,3,1,2,1,2,1,3,1
SF,IH2006,2020-06-17 13:23:40.200,2859.6000,17482,0,10942127160.000,0,-,-,-,-,2859.6000,2859.4000,2859.2000,2859.0000,2858.8000,2859.8000,2860.0000,2860.2000,2860.6000,2860.8000,1,1,1,3,1,1,2,1,3,1
SF,IH2006,2020-06-17 13:23:40.700,2859.6000,17482,0,10942127160.000,0,-,-,-,-,2859.6000,2859.4000,2859.2000,2859.0000,2858.8000,2859.8000,2860.2000,2860.6000,2860.8000,2861.0000,1,1,1,3,1,1,1,3,1,1
SF,IH2006,2020-06-17 13:23:41.200,2859.6000,17482,0,10942127160.000,0,-,-,-,-,2859.6000,2859.4000,2859.2000,2859.0000,2858.8000,2860.2000,2860.6000,2860.8000,2861.0000,2861.6000,1,1,1,3,1,1,3,1,1,1
SF,IH2006,2020-06-17 13:23:41.700,2859.6000,17482,0,10942127160.000,0,-,-,-,-,2859.8000,2859.6000,2859.4000,2859.2000,2859.0000,2860.2000,2860.4000,2860.6000,2860.8000,2861.0000,1,2,1,3,3,1,1,3,1,1
SF,IH2006,2020-06-17 13:23:42.200,2859.6000,17482,0,10942127160.000,0,-,-,-,-,2859.8000,2859.6000,2859.4000,2859.2000,2859.0000,2860.2000,2860.4000,2860.6000,2860.8000,2861.0000,2,2,1,3,3,1,1,3,1,1
SF,IH2006,2020-06-17 13:23:42.700,2859.6000,17482,0,10942127160.000,0,-,-,-,-,2859.8000,2859.6000,2859.4000,2859.2000,2859.0000,2860.0000,2860.4000,2860.6000,2860.8000,2861.0000,2,2,1,3,3,1,1,3,1,1
SF,IH2006,2020-06-17 13:23:43.200,2860.0000,17482,0,10942985160.000,1,0,1,空换,B,2859.8000,2859.6000,2859.4000,2859.2000,2859.0000,2860.4000,2860.6000,2860.8000,2861.0000,2861.6000,2,2,1,3,3,1,4,1,1,1
SF,IH2006,2020-06-17 13:23:43.700,2859.8000,17482,0,10943843100.000,1,0,1,空换,B,2859.8000,2859.6000,2859.4000,2859.2000,2859.0000,2860.4000,2860.6000,2860.8000,2861.0000,2861.6000,1,2,1,3,3,3,4,1,1,1
SF,IH2006,2020-06-17 13:23:44.200,2860.4000,17481,-1,10944701220.000,1,0,1,双平,B,2859.8000,2859.6000,2859.4000,2859.2000,2859.0000,2860.2000,2860.4000,2860.6000,2860.8000,2861.0000,1,2,1,3,3,1,2,4,1,1
SF,IH2006,2020-06-17 13:23:45.700,2860.4000,17481,0,10945559340.000,1,0,1,空换,B,2859.8000,2859.6000,2859.4000,2859.2000,2859.0000,2860.4000,2860.6000,2860.8000,2861.0000,2861.6000,1,2,1,3,3,2,4,1,1,1
SF,IH2006,2020-06-17 13:23:46.200,2860.4000,17481,0,10945559340.000,0,-,-,-,-,2859.8000,2859.6000,2859.4000,2859.2000,2859.0000,2860.0000,2860.2000,2860.4000,2860.6000,2860.8000,1,2,1,3,3,1,2,2,4,1
SF,IH2006,2020-06-17 13:23:46.700,2860.4000,17481,0,10945559340.000,0,-,-,-,-,2859.8000,2859.6000,2859.4000,2859.2000,2859.0000,2860.2000,2860.4000,2860.6000,2860.8000,2861.0000,1,2,1,3,3,2,2,4,1,1
SF,IH2006,2020-06-17 13:23:47.200,2860.4000,17481,0,10945559340.000,0,-,-,-,-,2859.8000,2859.6000,2859.4000,2859.2000,2859.0000,2860.0000,2860.2000,2860.4000,2860.6000,2860.8000,1,2,1,3,3,2,2,2,4,1
SF,IH2006,2020-06-17 13:23:49.200,2860.4000,17480,-1,10946417460.000,1,0,1,双平,B,2859.8000,2859.6000,2859.4000,2859.2000,2859.0000,2860.0000,2860.2000,2860.4000,2860.6000,2860.8000,1,2,1,3,3,1,2,2,4,1
SF,IH2006,2020-06-17 13:23:50.200,2860.0000,17480,0,10947275460.000,1,0,1,空换,B,2860.0000,2859.8000,2859.6000,2859.4000,2859.2000,2860.2000,2860.4000,2860.6000,2860.8000,2861.0000,4,1,2,1,3,2,2,4,1,1
SF,IH2006,2020-06-17 13:23:50.700,2860.0000,17479,-1,10948133460.000,1,0,1,双平,B,2860.0000,2859.8000,2859.6000,2859.4000,2859.2000,2860.2000,2860.4000,2860.6000,2860.8000,2861.0000,3,1,2,1,1,1,2,4,1,1
SF,IH2006,2020-06-17 13:23:51.200,2860.4000,17478,-1,10948991580.000,1,0,1,双平,B,2860.0000,2859.8000,2859.6000,2859.4000,2859.2000,2860.4000,2860.6000,2860.8000,2861.0000,2861.6000,3,1,2,1,1,1,4,1,1,1
SF,IH2006,2020-06-17 13:23:52.700,2860.4000,17478,0,10950707820.000,2,1,1,空换,B,2860.4000,2860.0000,2859.8000,2859.6000,2859.4000,2860.6000,2860.8000,2861.0000,2861.6000,2861.8000,1,6,1,2,1,4,1,1,1,1
SF,IH2006,2020-06-17 13:23:53.200,2860.4000,17478,0,10950707820.000,0,-,-,-,-,2860.4000,2860.0000,2859.8000,2859.6000,2859.4000,2860.6000,2860.8000,2861.0000,2861.6000,2861.8000,1,6,1,2,1,5,1,1,1,1
SF,IH2006,2020-06-17 13:23:54.200,2860.4000,17478,0,10951565940.000,1,0,1,空换,B,2860.0000,2859.8000,2859.6000,2859.4000,2859.2000,2860.6000,2860.8000,2861.0000,2861.6000,2861.8000,6,1,2,1,1,5,1,1,1,1
SF,IH2006,2020-06-17 13:23:54.700,2860.4000,17478,0,10951565940.000,0,-,-,-,-,2860.0000,2859.8000,2859.6000,2859.4000,2859.2000,2860.6000,2860.8000,2861.0000,2861.6000,2861.8000,7,1,2,1,1,5,1,1,1,1
SF,IH2006,2020-06-17 13:23:55.700,2860.4000,17478,0,10951565940.000,0,-,-,-,-,2860.0000,2859.8000,2859.6000,2859.4000,2859.2000,2860.6000,2860.8000,2861.0000,2861.6000,2861.8000,8,1,2,1,1,5,1,1,1,1
SF,IH2006,2020-06-17 13:23:56.200,2860.6000,17477,-1,10952424120.000,1,0,1,双平,B,2860.0000,2859.8000,2859.6000,2859.4000,2859.2000,2860.6000,2860.8000,2861.0000,2861.6000,2861.8000,8,1,2,1,1,4,1,1,1,1
SF,IH2006,2020-06-17 13:23:56.700,2860.6000,17476,-1,10954140480.000,2,0,2,空平,B,2860.0000,2859.8000,2859.6000,2859.4000,2859.2000,2860.6000,2860.8000,2861.0000,2861.6000,2861.8000,8,1,2,1,1,2,1,1,1,1
SF,IH2006,2020-06-17 13:23:57.200,2860.6000,17476,0,10954140480.000,0,-,-,-,-,2860.0000,2859.8000,2859.6000,2859.4000,2859.2000,2860.4000,2860.6000,2860.8000,2861.0000,2861.6000,8,1,2,1,1,1,2,1,1,1
SF,IH2006,2020-06-17 13:23:58.200,2860.6000,17476,0,10954140480.000,0,-,-,-,-,2860.0000,2859.8000,2859.6000,2859.4000,2859.2000,2860.6000,2860.8000,2861.0000,2861.6000,2861.8000,8,1,2,1,1,2,1,1,1,1
SF,IH2006,2020-06-17 13:23:58.700,2860.6000,17476,0,10954140480.000,0,-,-,-,-,2860.0000,2859.8000,2859.6000,2859.4000,2859.2000,2860.4000,2860.6000,2860.8000,2861.0000,2861.6000,8,1,2,1,1,2,2,1,1,1
SF,IH2006,2020-06-17 13:23:59.200,2860.6000,17476,0,10954140480.000,0,-,-,-,-,2860.0000,2859.8000,2859.6000,2859.4000,2859.2000,2860.4000,2860.6000,2860.8000,2861.0000,2861.6000,9,1,2,1,1,2,2,1,1,1
SF,IH2006,2020-06-17 13:23:59.700,2860.4000,17476,0,10954998600.000,1,0,1,空换,B,2860.0000,2859.8000,2859.6000,2859.4000,2859.2000,2860.4000,2860.6000,2860.8000,2861.0000,2861.6000,9,1,2,1,1,1,2,1,1,1
SF,IH2006,2020-06-17 13:24:00.700,2860.4000,17476,0,10954998600.000,0,-,-,-,-,2860.0000,2859.8000,2859.6000,2859.4000,2859.2000,2860.2000,2860.4000,2860.6000,2860.8000,2861.0000,9,1,2,1,1,1,1,2,1,1
SF,IH2006,2020-06-17 13:24:01.200,2860.2000,17476,0,10955856660.000,1,0,1,空换,B,2860.0000,2859.8000,2859.6000,2859.4000,2859.2000,2860.6000,2860.8000,2861.0000,2861.6000,2861.8000,9,1,2,1,1,2,1,1,1,1
SF,IH2006,2020-06-17 13:24:01.700,2860.2000,17476,0,10955856660.000,0,-,-,-,-,2860.0000,2859.8000,2859.6000,2859.4000,2859.2000,2860.6000,2860.8000,2861.0000,2861.6000,2861.8000,9,1,2,1,1,2,1,1,1,2
SF,IH2006,2020-06-17 13:24:03.200,2860.2000,17476,0,10955856660.000,0,-,-,-,-,2860.0000,2859.8000,2859.6000,2859.4000,2859.2000,2860.6000,2860.8000,2861.0000,2861.6000,2861.8000,9,1,2,1,1,1,1,1,1,2
SF,IH2006,2020-06-17 13:24:03.700,2860.0000,17475,-1,10956714660.000,1,0,1,双平,B,2860.0000,2859.8000,2859.6000,2859.4000,2859.2000,2860.6000,2860.8000,2861.0000,2861.6000,2861.8000,8,1,2,1,1,1,1,1,1,2
SF,IH2006,2020-06-17 13:24:04.200,2860.0000,17475,0,10956714660.000,0,-,-,-,-,2860.2000,2860.0000,2859.6000,2859.4000,2859.2000,2860.6000,2860.8000,2861.0000,2861.6000,2861.8000,5,8,2,1,1,1,1,1,1,2
SF,IH2006,2020-06-17 13:24:05.700,2860.0000,17475,0,10956714660.000,0,-,-,-,-,2860.2000,2860.0000,2859.6000,2859.4000,2859.2000,2860.6000,2860.8000,2861.0000,2861.6000,2861.8000,3,9,2,1,1,1,1,1,1,2
SF,IH2006,2020-06-17 13:24:07.700,2860.0000,17475,0,10956714660.000,0,-,-,-,-,2860.2000,2860.0000,2859.6000,2859.4000,2859.2000,2860.6000,2860.8000,2861.0000,2861.6000,2861.8000,4,9,2,1,1,1,1,1,1,2
SF,IH2006,2020-06-17 13:24:08.200,2860.2000,17474,-1,10957572720.000,1,0,1,双平,B,2860.2000,2860.0000,2859.6000,2859.4000,2859.2000,2860.6000,2860.8000,2861.0000,2861.6000,2861.8000,3,9,2,1,1,1,1,1,1,2
SF,IH2006,2020-06-17 13:24:09.700,2860.2000,17474,0,10957572720.000,0,-,-,-,-,2860.2000,2860.0000,2859.6000,2859.4000,2859.2000,2860.6000,2860.8000,2861.0000,2861.6000,2861.8000,2,9,2,1,1,1,2,1,1,2
SF,IH2006,2020-06-17 13:24:10.700,2860.2000,17474,0,10957572720.000,0,-,-,-,-,2860.2000,2860.0000,2859.6000,2859.4000,2859.2000,2860.4000,2860.6000,2860.8000,2861.0000,2861.6000,2,9,2,1,1,1,1,2,1,1
SF,IH2006,2020-06-17 13:24:11.200,2860.2000,17474,0,10957572720.000,0,-,-,-,-,2860.2000,2860.0000,2859.6000,2859.4000,2859.2000,2860.4000,2860.6000,2860.8000,2861.0000,2861.6000,2,9,2,1,1,1,1,2,1,1
SF,IH2006,2020-06-17 13:24:11.700,2860.2000,17474,0,10957572720.000,0,-,-,-,-,2860.2000,2860.0000,2859.6000,2859.4000,2859.2000,2860.4000,2860.6000,2860.8000,2861.0000,2861.6000,2,9,2,1,1,1,1,2,2,1
SF,IH2006,2020-06-17 13:24:13.700,2860.2000,17474,0,10957572720.000,0,-,-,-,-,2860.2000,2860.0000,2859.6000,2859.4000,2859.2000,2860.4000,2860.6000,2860.8000,2861.0000,2861.6000,2,10,2,1,1,1,1,2,2,1
SF,IH2006,2020-06-17 13:24:14.700,2860.2000,17474,0,10957572720.000,0,-,-,-,-,2860.2000,2860.0000,2859.6000,2859.4000,2859.2000,2860.4000,2860.6000,2860.8000,2861.0000,2861.6000,2,10,2,1,1,1,1,3,2,1
SF,IH2006,2020-06-17 13:24:16.200,2860.2000,17474,0,10957572720.000,0,-,-,-,-,2860.2000,2860.0000,2859.6000,2859.4000,2859.2000,2860.4000,2860.6000,2860.8000,2861.0000,2861.6000,2,10,2,1,1,1,1,3,2,2
SF,IH2006,2020-06-17 13:24:17.700,2860.2000,17474,0,10957572720.000,0,-,-,-,-,2860.2000,2860.0000,2859.6000,2859.4000,2859.2000,2860.4000,2860.6000,2860.8000,2861.0000,2861.6000,2,10,2,1,1,2,1,3,2,2
SF,IH2006,2020-06-17 13:24:18.200,2860.2000,17474,0,10957572720.000,0,-,-,-,-,2860.2000,2860.0000,2859.6000,2859.4000,2859.2000,2860.4000,2860.8000,2861.0000,2861.6000,2861.8000,2,11,2,1,1,2,3,2,2,2
SF,IH2006,2020-06-17 13:24:18.700,2860.4000,17475,1,10959288960.000,2,1,1,多开,B,2860.2000,2860.0000,2859.6000,2859.4000,2859.2000,2860.8000,2861.0000,2861.6000,2861.8000,2862.2000,2,11,2,1,1,3,2,2,2,1
SF,IH2006,2020-06-17 13:24:19.200,2860.4000,17475,0,10959288960.000,0,-,-,-,-,2860.2000,2860.0000,2859.6000,2859.4000,2859.0000,2860.8000,2861.0000,2861.6000,2861.8000,2862.2000,3,11,2,1,4,5,2,2,2,1
SF,IH2006,2020-06-17 13:24:20.200,2860.4000,17475,0,10959288960.000,0,-,-,-,-,2860.4000,2860.2000,2860.0000,2859.6000,2859.4000,2860.8000,2861.0000,2861.6000,2861.8000,2862.2000,4,3,11,2,1,5,2,2,2,1
SF,IH2006,2020-06-17 13:24:21.200,2860.4000,17475,0,10959288960.000,0,-,-,-,-,2860.6000,2860.4000,2860.2000,2860.0000,2859.6000,2860.8000,2861.0000,2861.6000,2861.8000,2862.2000,1,4,3,11,2,4,2,2,2,1
SF,IH2006,2020-06-17 13:24:21.700,2860.4000,17475,0,10959288960.000,0,-,-,-,-,2860.4000,2860.2000,2860.0000,2859.6000,2859.4000,2860.8000,2861.0000,2861.6000,2861.8000,2862.2000,4,2,11,2,1,4,2,2,2,1
SF,IH2006,2020-06-17 13:24:22.200,2860.4000,17475,0,10959288960.000,0,-,-,-,-,2860.6000,2860.4000,2860.2000,2860.0000,2859.6000,2860.8000,2861.0000,2861.6000,2861.8000,2862.2000,2,4,2,11,2,4,2,2,2,1
SF,IH2006,2020-06-17 13:24:22.700,2860.4000,17475,0,10959288960.000,0,-,-,-,-,2860.6000,2860.4000,2860.2000,2860.0000,2859.6000,2860.8000,2861.0000,2861.6000,2861.8000,2862.2000,2,4,2,13,2,2,2,2,2,1
SF,IH2006,2020-06-17 13:24:24.700,2860.6000,17476,1,10960147140.000,1,1,0,双开,B,2860.6000,2860.4000,2860.2000,2860.0000,2859.6000,2860.8000,2861.0000,2861.6000,2861.8000,2862.2000,1,4,2,13,2,2,2,2,2,1
SF,IH2006,2020-06-17 13:24:25.200,2860.6000,17476,0,10960147140.000,0,-,-,-,-,2860.4000,2860.2000,2860.0000,2859.6000,2859.4000,2860.8000,2861.0000,2861.6000,2861.8000,2862.2000,4,2,13,2,1,2,2,2,2,1
SF,IH2006,2020-06-17 13:24:25.700,2860.6000,17476,0,10960147140.000,0,-,-,-,-,2860.4000,2860.2000,2860.0000,2859.6000,2859.4000,2860.8000,2861.0000,2861.6000,2861.8000,2862.2000,5,2,13,1,1,2,2,2,2,1
SF,IH2006,2020-06-17 13:24:29.700,2860.6000,17476,0,10960147140.000,0,-,-,-,-,2860.4000,2860.2000,2860.0000,2859.6000,2859.4000,2860.6000,2860.8000,2861.0000,2861.6000,2861.8000,5,2,13,1,1,1,2,2,2,2
SF,IH2006,2020-06-17 13:24:30.200,2860.4000,17472,-4,10963579620.000,4,0,4,双平,B,2860.2000,2860.0000,2859.6000,2859.4000,2859.0000,2860.4000,2860.6000,2860.8000,2861.0000,2861.6000,1,13,1,1,4,3,3,2,2,2
SF,IH2006,2020-06-17 13:24:30.700,2860.4000,17471,-1,10964437740.000,1,0,1,双平,B,2860.2000,2860.0000,2859.6000,2859.4000,2859.0000,2860.4000,2860.6000,2860.8000,2861.0000,2861.6000,1,13,1,1,4,1,1,2,2,2
SF,IH2006,2020-06-17 13:24:31.200,2860.4000,17471,0,10964437740.000,0,-,-,-,-,2860.2000,2860.0000,2859.6000,2859.4000,2859.0000,2860.4000,2860.6000,2860.8000,2861.0000,2861.6000,1,13,1,1,4,1,1,2,2,2
SF,IH2006,2020-06-17 13:24:31.700,2860.4000,17471,0,10965295860.000,1,0,1,空换,B,2860.2000,2860.0000,2859.6000,2859.4000,2859.0000,2860.6000,2860.8000,2861.0000,2861.6000,2861.8000,1,13,1,1,4,1,2,2,2,2
SF,IH2006,2020-06-17 13:24:32.200,2860.4000,17471,0,10965295860.000,0,-,-,-,-,2860.2000,2860.0000,2859.6000,2859.4000,2859.0000,2860.4000,2860.6000,2860.8000,2861.0000,2861.6000,1,13,1,1,4,1,1,2,2,2
SF,IH2006,2020-06-17 13:24:35.200,2860.4000,17471,0,10965295860.000,0,-,-,-,-,2860.2000,2860.0000,2859.6000,2859.4000,2859.0000,2860.4000,2860.6000,2860.8000,2861.0000,2861.6000,1,11,1,1,4,1,1,2,2,2
SF,IH2006,2020-06-17 13:24:36.200,2860.6000,17470,-1,10967012160.000,2,0,2,空平,B,2860.2000,2860.0000,2859.6000,2859.4000,2859.0000,2860.8000,2861.0000,2861.6000,2861.8000,2862.2000,1,11,1,1,4,2,2,2,2,1
SF,IH2006,2020-06-17 13:24:36.700,2860.8000,17469,-1,10967870400.000,1,0,1,双平,B,2860.2000,2860.0000,2859.6000,2859.4000,2859.0000,2860.8000,2861.0000,2861.6000,2861.8000,2862.2000,1,11,1,1,4,3,2,2,2,1
SF,IH2006,2020-06-17 13:24:37.200,2860.8000,17469,0,10967870400.000,0,-,-,-,-,2860.2000,2860.0000,2859.6000,2859.4000,2859.0000,2860.6000,2860.8000,2861.0000,2861.6000,2861.8000,1,11,1,1,4,3,3,2,2,2
SF,IH2006,2020-06-17 13:24:37.700,2860.8000,17469,0,10967870400.000,0,-,-,-,-,2860.2000,2860.0000,2859.6000,2859.4000,2859.0000,2860.6000,2860.8000,2861.0000,2861.6000,2861.8000,2,11,1,1,4,1,3,2,2,2
SF,IH2006,2020-06-17 13:24:38.200,2860.8000,17469,0,10967870400.000,0,-,-,-,-,2860.2000,2860.0000,2859.6000,2859.4000,2859.0000,2860.4000,2860.8000,2861.0000,2861.6000,2861.8000,2,11,1,1,4,1,3,2,2,2
SF,IH2006,2020-06-17 13:24:38.700,2860.4000,17470,1,10968728520.000,1,1,0,双开,B,2860.4000,2860.2000,2860.0000,2859.6000,2859.4000,2860.8000,2861.0000,2861.6000,2861.8000,2862.2000,2,2,11,1,1,3,2,2,2,1
SF,IH2006,2020-06-17 13:24:39.200,2860.4000,17470,0,10969586640.000,1,0,1,空换,B,2860.2000,2860.0000,2859.6000,2859.4000,2859.0000,2860.8000,2861.0000,2861.6000,2861.8000,2862.2000,3,11,1,1,4,3,2,2,2,1
SF,IH2006,2020-06-17 13:24:39.700,2860.4000,17470,0,10969586640.000,0,-,-,-,-,2860.2000,2860.0000,2859.6000,2859.4000,2859.0000,2860.6000,2860.8000,2861.0000,2861.6000,2861.8000,2,11,1,1,4,1,3,2,2,2
SF,IH2006,2020-06-17 13:24:43.700,2860.4000,17470,0,10969586640.000,0,-,-,-,-,2860.4000,2860.2000,2860.0000,2859.6000,2859.4000,2860.6000,2860.8000,2861.0000,2861.6000,2861.8000,2,2,11,1,1,1,3,2,2,2
SF,IH2006,2020-06-17 13:24:44.200,2860.6000,17471,1,10970444820.000,1,1,0,双开,B,2860.6000,2860.4000,2860.2000,2860.0000,2859.6000,2860.8000,2861.0000,2861.6000,2861.8000,2862.2000,1,2,2,11,1,3,2,2,2,1
SF,IH2006,2020-06-17 13:24:44.700,2860.6000,17471,0,10970444820.000,0,-,-,-,-,2860.4000,2860.2000,2860.0000,2859.6000,2859.4000,2860.8000,2861.0000,2861.6000,2861.8000,2862.2000,2,2,11,1,1,3,2,2,2,1
SF,IH2006,2020-06-17 13:24:45.200,2860.6000,17471,0,10970444820.000,0,-,-,-,-,2860.4000,2860.2000,2860.0000,2859.6000,2859.4000,2860.6000,2860.8000,2861.0000,2861.6000,2861.8000,2,2,11,1,1,1,3,2,2,2
SF,IH2006,2020-06-17 13:24:46.200,2860.4000,17471,0,10971302940.000,1,0,1,空换,B,2860.4000,2860.2000,2860.0000,2859.6000,2859.4000,2860.6000,2860.8000,2861.0000,2861.6000,2861.8000,1,2,11,1,1,1,3,2,2,2
SF,IH2006,2020-06-17 13:24:46.700,2860.6000,17471,0,10972161120.000,1,0,1,空换,B,2860.4000,2860.2000,2860.0000,2859.6000,2859.4000,2860.8000,2861.0000,2861.6000,2861.8000,2862.2000,1,2,11,1,1,3,2,2,2,1
SF,IH2006,2020-06-17 13:24:47.200,2860.6000,17471,0,10972161120.000,0,-,-,-,-,2860.4000,2860.2000,2860.0000,2859.6000,2859.4000,2860.6000,2860.8000,2861.0000,2861.6000,2861.8000,1,2,11,1,1,1,3,2,2,2
SF,IH2006,2020-06-17 13:24:49.200,2860.6000,17472,1,10973019300.000,1,1,0,双开,B,2860.6000,2860.4000,2860.2000,2860.0000,2859.6000,2860.8000,2861.0000,2861.6000,2861.8000,2862.2000,2,1,2,11,1,3,2,2,2,1
SF,IH2006,2020-06-17 13:24:49.700,2860.6000,17472,0,10973019300.000,0,-,-,-,-,2860.6000,2860.4000,2860.2000,2860.0000,2859.6000,2860.8000,2861.0000,2861.6000,2861.8000,2862.2000,2,1,2,11,1,1,2,2,2,1
SF,IH2006,2020-06-17 13:24:50.200,2860.6000,17472,0,10973019300.000,0,-,-,-,-,2860.6000,2860.4000,2860.2000,2860.0000,2859.6000,2860.8000,2861.0000,2861.6000,2861.8000,2862.2000,1,1,2,11,1,1,2,2,2,1
SF,IH2006,2020-06-17 13:24:50.700,2860.6000,17472,0,10973019300.000,0,-,-,-,-,2860.4000,2860.2000,2860.0000,2859.6000,2859.4000,2860.8000,2861.0000,2861.6000,2861.8000,2862.2000,1,2,11,1,1,1,2,2,2,1
SF,IH2006,2020-06-17 13:24:51.200,2860.6000,17472,0,10973019300.000,0,-,-,-,-,2860.4000,2860.2000,2860.0000,2859.6000,2859.4000,2860.8000,2861.0000,2861.6000,2861.8000,2862.2000,2,2,11,1,1,1,2,2,2,1
SF,IH2006,2020-06-17 13:24:52.200,2860.6000,17472,0,10973019300.000,0,-,-,-,-,2860.4000,2860.2000,2860.0000,2859.4000,2859.0000,2860.8000,2861.0000,2861.6000,2861.8000,2862.2000,2,2,11,1,5,2,2,2,2,1
SF,IH2006,2020-06-17 13:25:00.700,2860.6000,17472,0,10973019300.000,0,-,-,-,-,2860.4000,2860.2000,2860.0000,2859.4000,2859.0000,2860.8000,2861.0000,2861.6000,2861.8000,2862.2000,2,2,11,1,5,2,3,2,2,1
SF,IH2006,2020-06-17 13:25:01.200,2860.4000,17471,-1,10973877420.000,1,0,1,双平,B,2860.4000,2860.2000,2860.0000,2859.4000,2859.0000,2860.8000,2861.0000,2861.6000,2861.8000,2862.2000,1,2,11,1,5,2,3,2,2,1
SF,IH2006,2020-06-17 13:25:01.700,2860.4000,17471,0,10973877420.000,0,-,-,-,-,2860.6000,2860.4000,2860.2000,2860.0000,2859.4000,2860.8000,2861.0000,2861.6000,2861.8000,2862.2000,1,1,2,11,1,2,3,2,2,1
SF,IH2006,2020-06-17 13:25:02.200,2860.4000,17471,0,10973877420.000,0,-,-,-,-,2860.4000,2860.2000,2860.0000,2859.4000,2859.0000,2860.6000,2860.8000,2861.0000,2861.6000,2861.8000,1,2,11,1,5,1,2,3,2,2
SF,IH2006,2020-06-17 13:25:02.700,2860.6000,17471,0,10974735600.000,1,0,1,空换,B,2860.6000,2860.4000,2860.2000,2860.0000,2859.4000,2860.8000,2861.0000,2861.6000,2861.8000,2862.2000,1,1,2,11,1,2,3,2,2,1
SF,IH2006,2020-06-17 13:25:03.200,2860.6000,17471,0,10974735600.000,0,-,-,-,-,2860.4000,2860.2000,2860.0000,2859.4000,2859.0000,2860.8000,2861.0000,2861.6000,2861.8000,2862.2000,1,2,11,1,5,2,3,2,2,1
SF,IH2006,2020-06-17 13:25:06.200,2860.8000,17470,-1,10975593840.000,1,0,1,双平,B,2860.4000,2860.2000,2860.0000,2859.4000,2859.0000,2860.8000,2861.0000,2861.6000,2861.8000,2862.2000,1,2,11,1,5,1,3,2,2,1
SF,IH2006,2020-06-17 13:25:06.700,2860.8000,17470,0,10976452080.000,1,0,1,空换,B,2860.2000,2860.0000,2859.4000,2859.0000,2858.8000,2860.8000,2861.0000,2861.6000,2861.8000,2862.2000,2,11,1,5,1,3,3,2,2,1
SF,IH2006,2020-06-17 13:25:07.700,2860.8000,17470,0,10976452080.000,0,-,-,-,-,2860.2000,2860.0000,2859.4000,2859.0000,2858.8000,2860.6000,2860.8000,2861.0000,2861.6000,2861.8000,2,11,1,5,1,1,3,3,2,2
SF,IH2006,2020-06-17 13:25:08.200,2860.8000,17470,0,10976452080.000,0,-,-,-,-,2860.4000,2860.2000,2860.0000,2859.4000,2859.0000,2860.6000,2860.8000,2861.0000,2861.6000,2861.8000,1,2,11,1,5,3,3,3,2,2
SF,IH2006,2020-06-17 13:25:09.200,2860.8000,17470,0,10976452080.000,0,-,-,-,-,2860.4000,2860.2000,2860.0000,2859.4000,2859.0000,2860.6000,2860.8000,2861.0000,2861.6000,2861.8000,1,2,11,1,5,2,3,3,2,2
SF,IH2006,2020-06-17 13:25:09.700,2860.8000,17470,0,10976452080.000,0,-,-,-,-,2860.2000,2860.0000,2859.4000,2859.0000,2858.8000,2860.8000,2861.0000,2861.6000,2861.8000,2862.2000,2,11,1,5,1,3,3,2,2,1
SF,IH2006,2020-06-17 13:25:10.700,2860.8000,17470,0,10976452080.000,0,-,-,-,-,2860.2000,2860.0000,2859.4000,2859.0000,2858.8000,2860.6000,2860.8000,2861.0000,2861.6000,2861.8000,2,11,1,5,1,1,3,3,2,2
SF,IH2006,2020-06-17 13:25:11.200,2860.8000,17470,0,10976452080.000,0,-,-,-,-,2860.4000,2860.2000,2860.0000,2859.4000,2859.0000,2860.6000,2860.8000,2861.0000,2861.6000,2861.8000,1,2,11,1,5,6,3,3,2,2
SF,IH2006,2020-06-17 13:25:11.700,2860.4000,17470,0,10977310200.000,1,0,1,空换,B,2860.2000,2860.0000,2859.4000,2859.0000,2858.8000,2860.4000,2860.6000,2860.8000,2861.0000,2861.6000,2,11,1,5,1,3,5,3,3,2
SF,IH2006,2020-06-17 13:25:12.200,2860.4000,17470,0,10977310200.000,0,-,-,-,-,2860.2000,2860.0000,2859.4000,2859.0000,2858.8000,2860.4000,2860.6000,2860.8000,2861.0000,2861.6000,2,10,1,5,1,1,4,3,3,2
SF,IH2006,2020-06-17 13:25:12.700,2860.4000,17470,0,10977310200.000,0,-,-,-,-,2860.2000,2860.0000,2859.4000,2859.0000,2858.8000,2860.4000,2860.6000,2860.8000,2861.0000,2861.6000,2,10,1,5,1,3,4,3,3,2
SF,IH2006,2020-06-17 13:25:13.200,2860.2000,17469,-1,10979026320.000,2,0,2,空平,B,2860.0000,2859.4000,2859.0000,2858.8000,2858.2000,2860.4000,2860.6000,2860.8000,2861.0000,2861.6000,10,1,5,1,4,3,4,3,3,2
SF,IH2006,2020-06-17 13:25:16.700,2860.2000,17469,0,10979026320.000,0,-,-,-,-,2860.0000,2859.4000,2859.0000,2858.8000,2858.2000,2860.2000,2860.4000,2860.6000,2860.8000,2861.0000,10,1,5,1,4,1,3,4,3,3
SF,IH2006,2020-06-17 13:25:19.200,2860.2000,17469,0,10979884380.000,1,0,1,空换,B,2860.0000,2859.4000,2859.0000,2858.8000,2858.2000,2860.4000,2860.6000,2860.8000,2861.0000,2861.6000,10,1,5,1,4,3,4,3,3,2
SF,IH2006,2020-06-17 13:25:19.700,2860.4000,17468,-1,10980742500.000,1,0,1,双平,B,2860.0000,2859.4000,2859.0000,2858.8000,2858.2000,2860.4000,2860.6000,2860.8000,2861.0000,2861.6000,10,1,5,1,4,2,4,3,3,2
SF,IH2006,2020-06-17 13:25:20.200,2860.4000,17468,0,10980742500.000,0,-,-,-,-,2860.2000,2860.0000,2859.4000,2859.0000,2858.8000,2860.4000,2860.6000,2860.8000,2861.0000,2861.6000,1,10,1,5,1,2,4,3,3,2
SF,IH2006,2020-06-17 13:25:20.700,2860.2000,17468,0,10981600560.000,1,0,1,空换,B,2860.0000,2859.4000,2859.0000,2858.8000,2858.2000,2860.4000,2860.6000,2860.8000,2861.0000,2861.6000,10,1,5,1,4,2,4,3,3,2
SF,IH2006,2020-06-17 13:25:21.200,2860.4000,17469,1,10982458680.000,1,1,0,双开,B,2860.0000,2859.4000,2859.0000,2858.8000,2858.2000,2860.4000,2860.6000,2860.8000,2861.0000,2861.6000,10,1,5,1,4,1,4,3,3,2
SF,IH2006,2020-06-17 13:25:21.700,2860.4000,17469,0,10982458680.000,0,-,-,-,-,2860.0000,2859.4000,2859.0000,2858.8000,2858.2000,2860.4000,2860.6000,2860.8000,2861.0000,2861.6000,10,1,5,1,4,1,3,3,3,2
SF,IH2006,2020-06-17 13:25:23.200,2860.4000,17469,0,10982458680.000,0,-,-,-,-,2860.0000,2859.4000,2859.0000,2858.8000,2858.2000,2860.4000,2860.6000,2860.8000,2861.0000,2861.6000,10,1,5,1,4,1,3,2,3,2
SF,IH2006,2020-06-17 13:25:24.700,2860.4000,17469,0,10982458680.000,0,-,-,-,-,2860.2000,2860.0000,2859.4000,2859.0000,2858.8000,2860.4000,2860.6000,2860.8000,2861.0000,2861.6000,2,10,1,5,1,1,3,2,3,2
SF,IH2006,2020-06-17 13:25:27.700,2860.4000,17469,0,10983316800.000,1,0,1,空换,B,2860.2000,2860.0000,2859.4000,2859.0000,2858.8000,2860.6000,2860.8000,2861.0000,2861.6000,2861.8000,3,10,1,5,1,3,2,3,2,2
SF,IH2006,2020-06-17 13:25:28.200,2860.4000,17469,0,10983316800.000,0,-,-,-,-,2860.2000,2860.0000,2859.4000,2859.0000,2858.8000,2860.6000,2860.8000,2861.0000,2861.6000,2861.8000,4,10,1,5,1,2,1,3,2,2
SF,IH2006,2020-06-17 13:25:30.200,2860.4000,17469,0,10983316800.000,0,-,-,-,-,2860.2000,2860.0000,2859.4000,2859.0000,2858.8000,2860.6000,2860.8000,2861.0000,2861.6000,2861.8000,2,10,1,5,1,2,1,3,2,2
SF,IH2006,2020-06-17 13:25:30.700,2860.2000,17470,1,10984174860.000,1,1,0,双开,B,2860.0000,2859.4000,2859.0000,2858.8000,2858.2000,2860.6000,2860.8000,2861.0000,2861.6000,2861.8000,10,1,5,1,4,2,1,3,2,2
SF,IH2006,2020-06-17 13:25:31.200,2860.6000,17470,0,10985033040.000,1,0,1,空换,B,2860.4000,2860.0000,2859.4000,2859.0000,2858.8000,2860.6000,2860.8000,2861.0000,2861.6000,2861.8000,1,11,1,5,1,1,1,3,2,2
SF,IH2006,2020-06-17 13:25:31.700,2860.4000,17470,0,10985891160.000,1,0,1,空换,B,2860.0000,2859.4000,2859.0000,2858.8000,2858.2000,2860.6000,2860.8000,2861.0000,2861.6000,2861.8000,11,1,5,1,4,1,1,3,2,2
SF,IH2006,2020-06-17 13:25:32.200,2860.4000,17470,0,10985891160.000,0,-,-,-,-,2860.2000,2860.0000,2859.4000,2859.0000,2858.8000,2860.4000,2860.6000,2860.8000,2861.0000,2861.6000,1,11,1,5,1,1,2,1,3,2
SF,IH2006,2020-06-17 13:25:32.700,2860.4000,17470,0,10985891160.000,0,-,-,-,-,2860.2000,2860.0000,2859.4000,2859.0000,2858.8000,2860.4000,2860.6000,2860.8000,2861.0000,2861.6000,1,11,1,5,1,1,1,1,3,2
SF,IH2006,2020-06-17 13:25:33.200,2860.4000,17470,0,10985891160.000,0,-,-,-,-,2860.0000,2859.4000,2859.0000,2858.8000,2858.2000,2860.2000,2860.4000,2860.6000,2860.8000,2861.0000,11,1,5,1,4,1,1,1,1,3
SF,IH2006,2020-06-17 13:25:33.700,2860.2000,17470,0,10986749220.000,1,0,1,空换,B,2860.2000,2860.0000,2859.0000,2858.8000,2858.2000,2860.4000,2860.6000,2860.8000,2861.0000,2861.6000,1,11,5,1,4,1,1,1,3,2
SF,IH2006,2020-06-17 13:25:34.200,2860.2000,17470,0,10986749220.000,0,-,-,-,-,2860.2000,2860.0000,2859.0000,2858.8000,2858.2000,2860.4000,2860.6000,2860.8000,2861.0000,2861.6000,2,11,5,1,4,1,1,1,3,2
SF,IH2006,2020-06-17 13:25:35.200,2860.2000,17470,0,10986749220.000,0,-,-,-,-,2860.2000,2860.0000,2859.0000,2858.8000,2858.2000,2860.6000,2860.8000,2861.0000,2861.6000,2861.8000,2,11,5,1,4,1,1,3,2,2
SF,IH2006,2020-06-17 13:25:36.200,2860.2000,17470,0,10986749220.000,0,-,-,-,-,2860.2000,2860.0000,2859.0000,2858.8000,2858.2000,2860.6000,2860.8000,2861.0000,2861.6000,2861.8000,1,11,5,1,4,1,1,3,2,2
SF,IH2006,2020-06-17 13:25:37.200,2860.2000,17470,0,10986749220.000,0,-,-,-,-,2860.2000,2860.0000,2859.0000,2858.2000,2858.0000,2860.6000,2860.8000,2861.0000,2861.6000,2861.8000,1,11,5,4,2,2,1,3,2,2
SF,IH2006,2020-06-17 13:25:37.700,2860.2000,17470,0,10986749220.000,0,-,-,-,-,2860.4000,2860.2000,2860.0000,2859.0000,2858.2000,2860.6000,2860.8000,2861.0000,2861.6000,2861.8000,1,1,11,5,4,3,1,3,2,2
SF,IH2006,2020-06-17 13:25:38.200,2860.4000,17471,1,10987607340.000,1,1,0,双开,B,2860.2000,2860.0000,2859.0000,2858.2000,2858.0000,2860.6000,2860.8000,2861.0000,2861.6000,2861.8000,1,11,5,4,2,3,1,3,2,2
SF,IH2006,2020-06-17 13:25:38.700,2860.4000,17471,0,10987607340.000,0,-,-,-,-,2860.2000,2860.0000,2859.0000,2858.2000,2858.0000,2860.6000,2860.8000,2861.0000,2861.6000,2861.8000,1,11,5,4,2,3,2,3,2,2
SF,IH2006,2020-06-17 13:25:45.700,2860.4000,17471,0,10987607340.000,0,-,-,-,-,2860.2000,2860.0000,2859.0000,2858.2000,2858.0000,2860.4000,2860.6000,2860.8000,2861.0000,2861.6000,1,11,5,4,2,1,3,2,3,2
SF,IH2006,2020-06-17 13:25:46.200,2860.4000,17471,0,10988465460.000,1,0,1,空换,B,2860.2000,2860.0000,2859.0000,2858.2000,2858.0000,2860.6000,2860.8000,2861.0000,2861.6000,2861.8000,1,11,5,4,2,2,2,3,2,2
SF,IH2006,2020-06-17 13:25:46.700,2860.6000,17471,0,10989323640.000,1,0,1,空换,B,2860.2000,2860.0000,2859.0000,2858.2000,2858.0000,2860.6000,2860.8000,2861.0000,2861.6000,2861.8000,1,11,5,4,2,1,2,3,2,2
SF,IH2006,2020-06-17 13:25:47.200,2860.6000,17471,0,10989323640.000,0,-,-,-,-,2860.2000,2860.0000,2859.0000,2858.2000,2858.0000,2860.4000,2860.6000,2860.8000,2861.0000,2861.6000,1,11,5,4,2,1,1,2,3,2
SF,IH2006,2020-06-17 13:25:47.700,2860.6000,17471,0,10989323640.000,0,-,-,-,-,2860.2000,2860.0000,2859.0000,2858.2000,2858.0000,2860.6000,2860.8000,2861.0000,2861.6000,2861.8000,1,11,5,4,2,1,2,3,2,2
SF,IH2006,2020-06-17 13:25:48.200,2860.6000,17471,0,10989323640.000,0,-,-,-,-,2860.2000,2860.0000,2859.0000,2858.2000,2858.0000,2860.4000,2860.6000,2860.8000,2861.0000,2861.6000,1,11,5,4,2,1,1,2,3,2
SF,IH2006,2020-06-17 13:25:52.200,2860.6000,17471,0,10989323640.000,0,-,-,-,-,2860.2000,2860.0000,2859.0000,2858.2000,2858.0000,2860.4000,2860.6000,2860.8000,2861.0000,2861.6000,1,11,5,4,2,1,1,3,3,2
SF,IH2006,2020-06-17 13:25:52.700,2860.2000,17471,0,10990181700.000,1,0,1,空换,B,2860.0000,2859.0000,2858.2000,2858.0000,2857.6000,2860.4000,2860.6000,2860.8000,2861.0000,2861.6000,11,5,4,2,1,1,1,3,3,2
SF,IH2006,2020-06-17 13:25:59.700,2860.0000,17471,0,10992755700.000,3,1,2,空换,B,2860.0000,2859.0000,2858.2000,2858.0000,2857.6000,2860.4000,2860.6000,2860.8000,2861.0000,2861.6000,8,5,4,2,1,1,1,3,3,2
SF,IH2006,2020-06-17 13:26:00.200,2860.0000,17471,0,10997903700.000,6,3,3,空换,B,2860.0000,2859.0000,2858.2000,2858.0000,2857.6000,2860.2000,2860.4000,2860.6000,2860.8000,2861.0000,2,5,4,2,1,1,1,1,3,3
SF,IH2006,2020-06-17 13:26:00.700,2860.2000,17469,-2,11001335760.000,4,1,3,空平,B,2859.0000,2858.2000,2858.0000,2857.6000,2857.0000,2860.4000,2860.6000,2860.8000,2861.0000,2861.6000,5,4,2,1,1,1,1,3,3,2
SF,IH2006,2020-06-17 13:26:01.200,2860.2000,17469,0,11001335760.000,0,-,-,-,-,2859.6000,2859.4000,2859.2000,2859.0000,2858.6000,2860.0000,2860.2000,2860.4000,2860.6000,2860.8000,2,4,5,6,1,2,6,2,1,3
SF,IH2006,2020-06-17 13:26:01.700,2860.2000,17469,0,11001335760.000,0,-,-,-,-,2859.6000,2859.4000,2859.2000,2859.0000,2858.6000,2860.0000,2860.2000,2860.4000,2860.6000,2860.8000,3,3,5,6,1,1,5,2,1,3
SF,IH2006,2020-06-17 13:26:02.200,2860.2000,17469,0,11001335760.000,0,-,-,-,-,2859.8000,2859.6000,2859.4000,2859.2000,2859.0000,2860.0000,2860.2000,2860.4000,2860.6000,2860.8000,1,3,3,5,6,1,5,2,1,3
SF,IH2006,2020-06-17 13:26:02.700,2860.2000,17469,0,11001335760.000,0,-,-,-,-,2859.8000,2859.6000,2859.2000,2859.0000,2858.6000,2860.0000,2860.2000,2860.4000,2860.6000,2860.8000,5,3,2,6,1,1,2,2,1,3
SF,IH2006,2020-06-17 13:26:03.200,2860.4000,17471,2,11003051880.000,2,2,0,双开,B,2860.0000,2859.8000,2859.6000,2859.2000,2859.0000,2860.2000,2860.6000,2860.8000,2861.0000,2861.6000,9,4,3,2,6,1,1,3,3,2
SF,IH2006,2020-06-17 13:26:03.700,2860.6000,17471,0,11004768120.000,2,1,1,空换,B,2860.2000,2860.0000,2859.8000,2859.6000,2859.2000,2860.8000,2861.0000,2861.6000,2861.8000,2862.2000,3,9,1,3,3,3,3,2,2,1
SF,IH2006,2020-06-17 13:26:04.200,2860.6000,17471,0,11004768120.000,0,-,-,-,-,2860.4000,2860.2000,2860.0000,2859.8000,2859.6000,2860.8000,2861.0000,2861.6000,2861.8000,2862.2000,1,4,7,1,2,3,3,2,2,1
SF,IH2006,2020-06-17 13:26:04.700,2860.6000,17471,0,11004768120.000,0,-,-,-,-,2860.4000,2860.2000,2860.0000,2859.8000,2859.6000,2860.8000,2861.0000,2861.6000,2861.8000,2862.2000,1,4,7,1,2,3,3,2,2,1
SF,IH2006,2020-06-17 13:26:05.200,2860.6000,17471,0,11004768120.000,0,-,-,-,-,2860.4000,2860.2000,2860.0000,2859.8000,2859.6000,2860.8000,2861.0000,2861.6000,2861.8000,2862.2000,2,4,7,1,1,3,3,2,2,1
SF,IH2006,2020-06-17 13:26:05.700,2860.6000,17471,0,11004768120.000,0,-,-,-,-,2860.4000,2860.2000,2860.0000,2859.8000,2859.6000,2860.8000,2861.0000,2861.6000,2861.8000,2862.2000,2,4,7,1,2,3,3,2,2,1
SF,IH2006,2020-06-17 13:26:06.700,2860.6000,17471,0,11004768120.000,0,-,-,-,-,2860.4000,2860.2000,2860.0000,2859.8000,2859.6000,2860.8000,2861.0000,2861.6000,2861.8000,2862.2000,2,4,6,1,2,3,3,2,2,1
SF,IH2006,2020-06-17 13:26:07.200,2860.6000,17471,0,11004768120.000,0,-,-,-,-,2860.4000,2860.2000,2860.0000,2859.8000,2859.6000,2860.8000,2861.0000,2861.6000,2861.8000,2862.2000,1,4,6,1,2,3,3,2,2,1
SF,IH2006,2020-06-17 13:26:11.200,2860.6000,17471,0,11004768120.000,0,-,-,-,-,2860.4000,2860.2000,2860.0000,2859.8000,2859.6000,2860.8000,2861.0000,2861.6000,2861.8000,2862.2000,1,4,4,1,2,3,3,1,2,1
SF,IH2006,2020-06-17 13:26:11.700,2860.6000,17471,0,11004768120.000,0,-,-,-,-,2860.4000,2860.2000,2860.0000,2859.8000,2859.6000,2860.8000,2861.0000,2861.6000,2861.8000,2862.2000,2,3,4,1,2,3,3,1,2,1
SF,IH2006,2020-06-17 13:26:13.200,2860.6000,17471,0,11004768120.000,0,-,-,-,-,2860.6000,2860.4000,2860.2000,2860.0000,2859.8000,2860.8000,2861.0000,2861.6000,2861.8000,2862.2000,1,2,3,4,1,3,3,1,2,1
SF,IH2006,2020-06-17 13:26:13.700,2860.6000,17471,0,11004768120.000,0,-,-,-,-,2860.6000,2860.4000,2860.2000,2860.0000,2859.8000,2860.8000,2861.0000,2861.6000,2861.8000,2862.2000,3,1,4,4,1,3,3,1,2,1
SF,IH2006,2020-06-17 13:26:14.200,2860.8000,17471,0,11005626360.000,1,0,1,空换,B,2860.6000,2860.4000,2860.2000,2860.0000,2859.8000,2860.8000,2861.0000,2861.6000,2861.8000,2862.2000,3,1,3,4,1,2,3,1,2,1
SF,IH2006,2020-06-17 13:26:14.700,2860.8000,17470,-1,11007342840.000,2,0,2,空平,B,2860.8000,2860.6000,2860.4000,2860.2000,2860.0000,2861.0000,2861.6000,2861.8000,2862.2000,2862.6000,4,2,1,3,3,3,1,2,1,2
SF,IH2006,2020-06-17 13:26:15.200,2861.0000,17468,-2,11009917740.000,3,0,3,空平,B,2861.0000,2860.8000,2860.6000,2860.4000,2860.2000,2861.6000,2861.8000,2862.2000,2862.6000,2862.8000,1,6,1,1,3,1,2,1,2,1
SF,IH2006,2020-06-17 13:26:15.700,2861.0000,17468,0,11009917740.000,0,-,-,-,-,2861.2000,2861.0000,2860.8000,2860.6000,2860.4000,2861.6000,2861.8000,2862.2000,2862.6000,2862.8000,2,1,3,1,1,2,2,1,2,1
SF,IH2006,2020-06-17 13:26:16.200,2861.2000,17469,1,11011634460.000,2,1,1,多开,B,2861.0000,2860.8000,2860.6000,2860.4000,2860.2000,2861.6000,2861.8000,2862.2000,2862.6000,2862.8000,1,3,1,1,3,2,2,1,2,1
SF,IH2006,2020-06-17 13:26:16.700,2861.0000,17470,1,11012492760.000,1,1,0,双开,B,2860.8000,2860.6000,2860.4000,2860.2000,2860.0000,2861.6000,2861.8000,2862.2000,2862.6000,2862.8000,3,1,1,3,2,2,2,1,2,1
SF,IH2006,2020-06-17 13:26:17.200,2861.4000,17470,0,11013351180.000,1,0,1,空换,B,2861.0000,2860.8000,2860.6000,2860.4000,2860.2000,2861.4000,2861.6000,2861.8000,2862.2000,2862.6000,2,3,1,1,3,3,2,2,1,2
SF,IH2006,2020-06-17 13:26:18.200,2861.4000,17470,0,11013351180.000,0,-,-,-,-,2861.0000,2860.8000,2860.6000,2860.4000,2860.2000,2861.4000,2861.6000,2861.8000,2862.2000,2862.6000,2,2,1,1,3,3,3,2,1,2
SF,IH2006,2020-06-17 13:26:19.700,2861.4000,17470,0,11013351180.000,0,-,-,-,-,2861.0000,2860.8000,2860.6000,2860.4000,2860.2000,2861.4000,2861.6000,2861.8000,2862.2000,2862.6000,2,2,1,1,3,3,4,2,1,2
SF,IH2006,2020-06-17 13:26:21.200,2861.4000,17470,0,11013351180.000,0,-,-,-,-,2861.0000,2860.8000,2860.6000,2860.4000,2860.2000,2861.4000,2861.6000,2861.8000,2862.2000,2862.6000,2,2,1,1,3,3,5,2,1,2
SF,IH2006,2020-06-17 13:26:21.700,2861.4000,17470,0,11013351180.000,0,-,-,-,-,2861.2000,2861.0000,2860.8000,2860.4000,2860.2000,2861.4000,2861.6000,2861.8000,2862.2000,2862.6000,1,2,2,1,3,3,5,2,1,2
SF,IH2006,2020-06-17 13:26:22.200,2861.2000,17469,-1,11015067900.000,2,0,2,空平,B,2861.0000,2860.8000,2860.4000,2860.2000,2860.0000,2861.2000,2861.4000,2861.6000,2861.8000,2862.2000,2,2,1,3,2,1,3,5,2,1
SF,IH2006,2020-06-17 13:26:22.700,2861.2000,17469,0,11015067900.000,0,-,-,-,-,2861.0000,2860.8000,2860.4000,2860.2000,2860.0000,2861.4000,2861.6000,2861.8000,2862.2000,2862.6000,2,2,1,4,2,1,5,2,1,2
SF,IH2006,2020-06-17 13:26:24.200,2861.2000,17469,0,11015067900.000,0,-,-,-,-,2861.0000,2860.8000,2860.4000,2860.2000,2860.0000,2861.2000,2861.4000,2861.6000,2861.8000,2862.2000,2,2,1,4,2,1,1,5,2,1
SF,IH2006,2020-06-17 13:26:25.700,2861.2000,17469,0,11015067900.000,0,-,-,-,-,2861.0000,2860.8000,2860.4000,2860.2000,2860.0000,2861.2000,2861.4000,2861.6000,2861.8000,2862.2000,2,2,1,4,2,1,1,5,2,1
SF,IH2006,2020-06-17 13:26:26.700,2861.2000,17470,1,11015926260.000,1,1,0,双开,B,2861.0000,2860.8000,2860.4000,2860.2000,2860.0000,2861.4000,2861.6000,2861.8000,2862.2000,2862.6000,2,2,1,4,2,1,5,2,1,2
SF,IH2006,2020-06-17 13:26:28.700,2861.2000,17470,0,11015926260.000,0,-,-,-,-,2861.0000,2860.8000,2860.4000,2860.2000,2860.0000,2861.4000,2861.6000,2861.8000,2862.2000,2862.6000,3,2,1,4,2,1,5,2,1,2
SF,IH2006,2020-06-17 13:26:29.700,2861.2000,17470,0,11015926260.000,0,-,-,-,-,2861.0000,2860.8000,2860.4000,2860.2000,2860.0000,2861.4000,2861.6000,2861.8000,2862.2000,2862.6000,3,2,1,4,2,1,5,2,1,2
SF,IH2006,2020-06-17 13:26:30.700,2861.2000,17470,0,11015926260.000,0,-,-,-,-,2861.0000,2860.8000,2860.4000,2860.2000,2860.0000,2861.4000,2861.6000,2861.8000,2862.2000,2862.6000,3,2,1,4,2,1,5,2,1,2
SF,IH2006,2020-06-17 13:26:31.200,2861.4000,17471,1,11016784680.000,1,1,0,双开,B,2861.0000,2860.8000,2860.4000,2860.2000,2860.0000,2861.6000,2861.8000,2862.2000,2862.6000,2862.8000,3,2,1,4,2,5,2,2,2,1
SF,IH2006,2020-06-17 13:26:31.700,2861.4000,17470,-1,11017643100.000,1,0,1,双平,B,2861.2000,2861.0000,2860.8000,2860.4000,2860.2000,2861.6000,2861.8000,2862.2000,2862.6000,2862.8000,1,3,2,1,4,5,2,2,2,1
SF,IH2006,2020-06-17 13:26:32.200,2861.2000,17470,0,11018501460.000,1,0,1,空换,B,2861.0000,2860.8000,2860.4000,2860.2000,2860.0000,2861.2000,2861.6000,2861.8000,2862.2000,2862.6000,3,2,1,4,2,2,5,2,2,2
SF,IH2006,2020-06-17 13:26:32.700,2861.2000,17470,0,11018501460.000,0,-,-,-,-,2861.0000,2860.8000,2860.4000,2860.2000,2860.0000,2861.2000,2861.6000,2861.8000,2862.2000,2862.6000,3,2,1,4,2,3,5,2,2,2
SF,IH2006,2020-06-17 13:26:33.700,2861.0000,17470,0,11020218060.000,2,1,1,空换,B,2860.8000,2860.4000,2860.2000,2860.0000,2859.8000,2861.2000,2861.6000,2861.8000,2862.2000,2862.6000,2,1,4,2,2,3,5,2,2,2
SF,IH2006,2020-06-17 13:26:34.200,2860.8000,17470,0,11021934540.000,2,1,1,空换,B,2860.4000,2860.2000,2860.0000,2859.8000,2859.6000,2860.8000,2861.0000,2861.2000,2861.6000,2861.8000,1,4,2,2,1,1,1,3,5,2
SF,IH2006,2020-06-17 13:26:34.700,2860.2000,17473,3,11027083140.000,6,4,2,多开,B,2860.0000,2859.8000,2859.6000,2859.2000,2859.0000,2861.0000,2861.2000,2861.6000,2861.8000,2862.2000,2,2,1,2,5,4,3,5,2,2
SF,IH2006,2020-06-17 13:26:35.200,2860.2000,17473,0,11027083140.000,0,-,-,-,-,2860.2000,2860.0000,2859.8000,2859.6000,2859.2000,2860.6000,2860.8000,2861.0000,2861.2000,2861.6000,1,2,2,1,2,1,7,4,2,5
SF,IH2006,2020-06-17 13:26:35.700,2860.8000,17473,0,11029657800.000,3,1,2,空换,B,2860.2000,2860.0000,2859.8000,2859.6000,2859.2000,2860.8000,2861.0000,2861.2000,2861.6000,2861.8000,1,2,2,1,2,5,4,2,5,2
SF,IH2006,2020-06-17 13:26:36.200,2860.8000,17473,0,11031374280.000,2,1,1,空换,B,2860.0000,2859.8000,2859.6000,2859.2000,2859.0000,2860.8000,2861.0000,2861.2000,2861.6000,2861.8000,2,2,1,2,5,3,4,2,5,2
SF,IH2006,2020-06-17 13:26:36.700,2860.8000,17473,0,11031374280.000,0,-,-,-,-,2860.2000,2860.0000,2859.8000,2859.6000,2859.2000,2860.8000,2861.0000,2861.2000,2861.6000,2861.8000,8,2,2,1,2,2,3,2,5,2
SF,IH2006,2020-06-17 13:26:37.200,2860.8000,17473,0,11031374280.000,0,-,-,-,-,2860.2000,2860.0000,2859.8000,2859.6000,2859.2000,2860.8000,2861.0000,2861.2000,2861.6000,2861.8000,7,2,2,1,2,1,2,2,5,2
SF,IH2006,2020-06-17 13:26:38.700,2860.8000,17473,0,11031374280.000,0,-,-,-,-,2860.2000,2860.0000,2859.8000,2859.6000,2859.2000,2860.6000,2860.8000,2861.0000,2861.2000,2861.6000,7,2,2,1,2,1,1,2,2,5
SF,IH2006,2020-06-17 13:26:39.200,2860.8000,17473,0,11031374280.000,0,-,-,-,-,2860.2000,2860.0000,2859.8000,2859.6000,2859.2000,2860.6000,2860.8000,2861.0000,2861.2000,2861.6000,7,2,2,1,2,2,1,2,2,5
SF,IH2006,2020-06-17 13:26:44.700,2860.8000,17473,0,11031374280.000,0,-,-,-,-,2860.2000,2860.0000,2859.8000,2859.6000,2859.2000,2860.6000,2860.8000,2861.0000,2861.2000,2861.6000,7,2,2,1,2,1,1,2,2,5
SF,IH2006,2020-06-17 13:26:45.200,2860.8000,17473,0,11031374280.000,0,-,-,-,-,2860.4000,2860.2000,2860.0000,2859.8000,2859.6000,2860.6000,2860.8000,2861.0000,2861.2000,2861.6000,1,6,2,2,1,1,1,2,2,5
SF,IH2006,2020-06-17 13:26:46.200,2860.8000,17473,0,11031374280.000,0,-,-,-,-,2860.4000,2860.2000,2860.0000,2859.8000,2859.6000,2860.6000,2860.8000,2861.0000,2861.2000,2861.6000,2,6,2,2,1,1,1,2,2,5
SF,IH2006,2020-06-17 13:26:46.700,2860.6000,17473,0,11032232460.000,1,0,1,空换,B,2860.4000,2860.2000,2860.0000,2859.8000,2859.6000,2860.8000,2861.0000,2861.2000,2861.6000,2861.8000,2,6,2,2,1,1,2,2,5,2
SF,IH2006,2020-06-17 13:26:47.200,2860.6000,17473,0,11032232460.000,0,-,-,-,-,2860.4000,2860.2000,2860.0000,2859.8000,2859.6000,2861.0000,2861.2000,2861.6000,2861.8000,2862.0000,2,5,2,2,1,2,2,5,2,1
SF,IH2006,2020-06-17 13:26:47.700,2860.6000,17473,0,11032232460.000,0,-,-,-,-,2860.4000,2860.2000,2860.0000,2859.8000,2859.6000,2861.0000,2861.2000,2861.6000,2861.8000,2862.0000,2,4,2,2,1,2,2,5,2,1
SF,IH2006,2020-06-17 13:26:48.200,2860.6000,17473,0,11032232460.000,0,-,-,-,-,2860.6000,2860.4000,2860.2000,2860.0000,2859.8000,2861.0000,2861.2000,2861.6000,2861.8000,2862.0000,2,2,3,2,2,2,2,5,2,1
SF,IH2006,2020-06-17 13:26:48.700,2861.0000,17473,0,11033090760.000,1,0,1,空换,B,2860.8000,2860.6000,2860.4000,2860.2000,2860.0000,2861.0000,2861.2000,2861.6000,2861.8000,2862.0000,1,2,1,1,2,2,2,5,2,1
SF,IH2006,2020-06-17 13:26:49.200,2860.8000,17473,0,11033949000.000,1,0,1,空换,B,2860.6000,2860.4000,2860.2000,2860.0000,2859.8000,2861.0000,2861.2000,2861.6000,2861.8000,2862.0000,2,1,1,2,2,1,2,5,2,1
SF,IH2006,2020-06-17 13:26:50.700,2860.8000,17473,0,11033949000.000,0,-,-,-,-,2860.6000,2860.4000,2860.2000,2860.0000,2859.8000,2861.0000,2861.2000,2861.6000,2861.8000,2862.0000,2,1,1,2,2,1,2,6,2,1
SF,IH2006,2020-06-17 13:26:51.700,2860.8000,17473,0,11033949000.000,0,-,-,-,-,2860.6000,2860.4000,2860.2000,2860.0000,2859.8000,2861.2000,2861.6000,2861.8000,2862.0000,2862.2000,2,1,1,2,2,2,6,2,1,1
SF,IH2006,2020-06-17 13:26:52.200,2860.8000,17473,0,11033949000.000,0,-,-,-,-,2860.6000,2860.4000,2860.2000,2860.0000,2859.8000,2861.2000,2861.6000,2861.8000,2862.0000,2862.2000,2,1,1,2,2,4,6,2,1,1
SF,IH2006,2020-06-17 13:26:54.700,2860.8000,17473,0,11033949000.000,0,-,-,-,-,2860.6000,2860.4000,2860.2000,2860.0000,2859.8000,2861.0000,2861.2000,2861.6000,2861.8000,2862.0000,2,1,1,2,2,1,4,6,2,1
SF,IH2006,2020-06-17 13:26:55.200,2860.8000,17473,0,11033949000.000,0,-,-,-,-,2860.6000,2860.4000,2860.2000,2860.0000,2859.8000,2861.2000,2861.6000,2861.8000,2862.0000,2862.2000,1,1,1,2,2,4,6,2,1,1
SF,IH2006,2020-06-17 13:26:56.700,2860.8000,17473,0,11033949000.000,0,-,-,-,-,2860.6000,2860.4000,2860.2000,2860.0000,2859.8000,2861.2000,2861.6000,2861.8000,2862.0000,2862.2000,1,1,1,2,2,5,6,2,1,1
SF,IH2006,2020-06-17 13:26:59.700,2860.8000,17473,0,11033949000.000,0,-,-,-,-,2860.6000,2860.4000,2860.2000,2860.0000,2859.8000,2861.0000,2861.2000,2861.6000,2861.8000,2862.0000,1,1,1,2,2,1,15,6,2,1
SF,IH2006,2020-06-17 13:27:00.200,2860.8000,17473,0,11033949000.000,0,-,-,-,-,2860.6000,2860.4000,2860.2000,2860.0000,2859.8000,2861.0000,2861.2000,2861.6000,2861.8000,2862.0000,1,1,1,2,2,2,15,6,2,1
SF,IH2006,2020-06-17 13:27:00.700,2860.8000,17473,0,11033949000.000,0,-,-,-,-,2860.4000,2860.2000,2860.0000,2859.8000,2859.6000,2861.0000,2861.2000,2861.6000,2861.8000,2862.0000,1,1,2,2,1,2,14,6,2,1
SF,IH2006,2020-06-17 13:27:01.200,2860.8000,17473,0,11033949000.000,0,-,-,-,-,2860.4000,2860.2000,2860.0000,2859.8000,2859.6000,2860.8000,2861.0000,2861.2000,2861.6000,2861.8000,1,1,2,2,1,1,2,14,6,2
SF,IH2006,2020-06-17 13:27:01.700,2860.4000,17473,0,11034807120.000,1,0,1,空换,B,2860.6000,2860.4000,2860.2000,2860.0000,2859.8000,2860.8000,2861.0000,2861.2000,2861.6000,2861.8000,1,2,1,2,2,1,1,9,6,2
SF,IH2006,2020-06-17 13:27:02.200,2860.4000,17473,0,11034807120.000,0,-,-,-,-,2860.6000,2860.4000,2860.2000,2860.0000,2859.8000,2861.0000,2861.2000,2861.6000,2861.8000,2862.0000,1,2,1,2,2,1,9,6,2,1
SF,IH2006,2020-06-17 13:27:02.700,2860.4000,17473,0,11034807120.000,0,-,-,-,-,2860.6000,2860.4000,2860.2000,2860.0000,2859.8000,2861.0000,2861.2000,2861.6000,2861.8000,2862.0000,1,2,1,2,2,1,4,6,2,1
SF,IH2006,2020-06-17 13:27:03.200,2860.4000,17473,0,11034807120.000,0,-,-,-,-,2860.8000,2860.6000,2860.4000,2860.2000,2860.0000,2861.0000,2861.2000,2861.6000,2861.8000,2862.0000,2,1,2,1,2,1,4,6,2,1
SF,IH2006,2020-06-17 13:27:03.700,2860.8000,17472,-1,11036523600.000,2,0,2,空平,B,2860.6000,2860.4000,2860.2000,2860.0000,2859.8000,2860.8000,2861.0000,2861.2000,2861.6000,2861.8000,1,2,1,2,2,2,1,4,6,2
SF,IH2006,2020-06-17 13:27:05.700,2860.8000,17471,-1,11037381840.000,1,0,1,双平,B,2860.6000,2860.4000,2860.2000,2860.0000,2859.8000,2860.8000,2861.0000,2861.2000,2861.6000,2861.8000,1,2,1,2,2,1,1,4,6,2
SF,IH2006,2020-06-17 13:27:06.200,2860.8000,17470,-1,11038240080.000,1,0,1,双平,B,2860.2000,2860.0000,2859.8000,2859.6000,2859.2000,2861.0000,2861.2000,2861.6000,2861.8000,2862.0000,1,2,2,1,2,1,4,6,2,1
SF,IH2006,2020-06-17 13:27:06.700,2860.8000,17470,0,11038240080.000,0,-,-,-,-,2860.4000,2860.2000,2860.0000,2859.8000,2859.6000,2861.0000,2861.2000,2861.6000,2861.8000,2862.0000,4,4,2,1,1,1,4,6,2,1
SF,IH2006,2020-06-17 13:27:07.200,2860.8000,17470,0,11038240080.000,0,-,-,-,-,2860.4000,2860.2000,2860.0000,2859.8000,2859.6000,2860.8000,2861.0000,2861.2000,2861.6000,2861.8000,4,4,2,1,1,3,1,4,6,2
SF,IH2006,2020-06-17 13:27:08.200,2860.8000,17470,0,11038240080.000,0,-,-,-,-,2860.4000,2860.2000,2860.0000,2859.8000,2859.6000,2860.8000,2861.0000,2861.2000,2861.6000,2861.8000,4,4,2,1,1,1,1,4,6,2
SF,IH2006,2020-06-17 13:27:08.700,2860.8000,17470,0,11038240080.000,0,-,-,-,-,2860.4000,2860.2000,2860.0000,2859.8000,2859.6000,2860.8000,2861.0000,2861.2000,2861.6000,2861.8000,4,4,2,1,1,2,1,4,6,2
SF,IH2006,2020-06-17 13:27:11.700,2860.8000,17470,0,11038240080.000,0,-,-,-,-,2860.4000,2860.2000,2860.0000,2859.8000,2859.6000,2860.8000,2861.0000,2861.2000,2861.6000,2861.8000,4,4,2,1,1,3,1,4,6,2
SF,IH2006,2020-06-17 13:27:12.200,2860.8000,17470,0,11038240080.000,0,-,-,-,-,2860.4000,2860.2000,2860.0000,2859.8000,2859.6000,2860.8000,2861.0000,2861.2000,2861.6000,2861.8000,3,2,2,1,1,2,1,4,6,2
SF,IH2006,2020-06-17 13:27:12.700,2860.8000,17470,0,11038240080.000,0,-,-,-,-,2860.6000,2860.4000,2860.0000,2859.8000,2859.6000,2860.8000,2861.0000,2861.2000,2861.6000,2861.8000,1,5,2,1,1,3,1,4,6,2
SF,IH2006,2020-06-17 13:27:13.200,2860.6000,17470,0,11039098260.000,1,0,1,空换,B,2860.4000,2860.0000,2859.8000,2859.6000,2859.2000,2860.6000,2860.8000,2861.0000,2861.2000,2861.6000,4,2,1,1,2,1,3,1,4,6
SF,IH2006,2020-06-17 13:27:13.700,2860.6000,17470,0,11039098260.000,0,-,-,-,-,2860.4000,2860.0000,2859.8000,2859.6000,2859.2000,2860.6000,2860.8000,2861.0000,2861.2000,2861.6000,3,2,1,1,2,3,3,1,3,6
SF,IH2006,2020-06-17 13:27:14.700,2860.6000,17470,0,11039098260.000,0,-,-,-,-,2860.4000,2860.0000,2859.8000,2859.6000,2859.2000,2860.6000,2860.8000,2861.0000,2861.2000,2861.6000,3,2,1,1,2,4,3,1,3,6
SF,IH2006,2020-06-17 13:27:15.200,2860.6000,17470,0,11039098260.000,0,-,-,-,-,2860.4000,2860.0000,2859.8000,2859.6000,2859.2000,2860.6000,2860.8000,2861.0000,2861.2000,2861.6000,3,2,1,1,2,3,3,1,3,6
SF,IH2006,2020-06-17 13:27:15.700,2860.4000,17470,0,11041672620.000,3,1,2,空换,B,2860.0000,2859.8000,2859.6000,2859.2000,2859.0000,2860.4000,2860.6000,2860.8000,2861.0000,2861.2000,2,1,1,2,5,2,3,3,1,3
SF,IH2006,2020-06-17 13:27:16.200,2860.4000,17470,0,11042530740.000,1,0,1,空换,B,2860.0000,2859.8000,2859.6000,2859.2000,2859.0000,2860.2000,2860.4000,2860.6000,2860.8000,2861.0000,3,1,1,2,5,2,1,3,3,1
SF,IH2006,2020-06-17 13:27:16.700,2860.2000,17469,-1,11045962980.000,4,1,3,空平,B,2860.2000,2860.0000,2859.8000,2859.6000,2859.2000,2860.4000,2860.6000,2860.8000,2861.0000,2861.2000,3,3,1,1,2,1,3,3,1,1
SF,IH2006,2020-06-17 13:27:17.200,2860.2000,17469,0,11045962980.000,0,-,-,-,-,2860.0000,2859.8000,2859.6000,2859.2000,2859.0000,2860.4000,2860.6000,2860.8000,2861.0000,2861.2000,2,1,1,2,5,1,2,3,1,1
SF,IH2006,2020-06-17 13:27:17.700,2860.2000,17469,0,11045962980.000,0,-,-,-,-,2860.0000,2859.8000,2859.6000,2859.2000,2859.0000,2860.2000,2860.4000,2860.6000,2860.8000,2861.0000,2,1,1,2,5,1,1,2,3,1
SF,IH2006,2020-06-17 13:27:18.700,2860.2000,17469,0,11045962980.000,0,-,-,-,-,2860.0000,2859.8000,2859.6000,2859.2000,2859.0000,2860.4000,2860.6000,2860.8000,2861.0000,2861.2000,2,1,1,2,5,1,2,3,1,1
SF,IH2006,2020-06-17 13:27:21.700,2860.2000,17469,0,11045962980.000,0,-,-,-,-,2860.0000,2859.8000,2859.6000,2859.2000,2859.0000,2860.2000,2860.4000,2860.6000,2860.8000,2861.0000,2,1,1,2,5,1,1,2,3,1
SF,IH2006,2020-06-17 13:27:22.200,2860.2000,17469,0,11045962980.000,0,-,-,-,-,2860.0000,2859.8000,2859.6000,2859.2000,2859.0000,2860.4000,2860.6000,2860.8000,2861.0000,2861.2000,2,1,1,2,5,2,2,3,1,1
SF,IH2006,2020-06-17 13:27:23.200,2860.2000,17469,0,11045962980.000,0,-,-,-,-,2860.0000,2859.8000,2859.6000,2859.2000,2859.0000,2860.4000,2860.6000,2860.8000,2861.0000,2861.2000,2,1,1,2,5,1,2,3,1,1
SF,IH2006,2020-06-17 13:27:23.700,2860.2000,17469,0,11045962980.000,0,-,-,-,-,2860.0000,2859.8000,2859.6000,2859.2000,2859.0000,2860.4000,2860.6000,2860.8000,2861.0000,2861.2000,3,1,1,2,5,1,2,3,1,1
SF,IH2006,2020-06-17 13:27:24.200,2860.2000,17469,0,11045962980.000,0,-,-,-,-,2860.0000,2859.8000,2859.6000,2859.2000,2859.0000,2860.4000,2860.6000,2860.8000,2861.0000,2861.2000,3,1,1,2,5,1,1,3,1,1
SF,IH2006,2020-06-17 13:27:24.700,2860.4000,17469,0,11046821100.000,1,0,1,空换,B,2860.0000,2859.8000,2859.6000,2859.2000,2859.0000,2860.6000,2860.8000,2861.0000,2861.2000,2861.6000,3,1,1,2,5,1,3,1,1,7
SF,IH2006,2020-06-17 13:27:25.200,2860.6000,17468,-1,11047679280.000,1,0,1,双平,B,2860.2000,2860.0000,2859.8000,2859.6000,2859.2000,2860.8000,2861.0000,2861.2000,2861.6000,2861.8000,1,3,1,1,2,3,1,1,7,2
SF,IH2006,2020-06-17 13:27:28.200,2860.6000,17468,0,11047679280.000,0,-,-,-,-,2860.2000,2860.0000,2859.8000,2859.6000,2859.2000,2860.8000,2861.0000,2861.2000,2861.6000,2861.8000,1,3,1,1,2,3,1,1,6,2
SF,IH2006,2020-06-17 13:27:28.700,2860.6000,17468,0,11047679280.000,0,-,-,-,-,2860.2000,2860.0000,2859.8000,2859.6000,2859.2000,2860.6000,2860.8000,2861.0000,2861.2000,2861.6000,1,3,1,1,2,1,3,1,1,6
SF,IH2006,2020-06-17 13:27:29.200,2860.6000,17468,0,11047679280.000,0,-,-,-,-,2860.4000,2860.2000,2860.0000,2859.8000,2859.6000,2860.6000,2860.8000,2861.0000,2861.2000,2861.6000,2,1,3,1,1,1,3,1,1,6
SF,IH2006,2020-06-17 13:27:29.700,2860.6000,17468,0,11047679280.000,0,-,-,-,-,2860.2000,2860.0000,2859.8000,2859.6000,2859.2000,2860.6000,2860.8000,2861.0000,2861.2000,2861.6000,1,3,1,1,2,1,3,1,1,6
SF,IH2006,2020-06-17 13:27:36.700,2860.6000,17468,0,11047679280.000,0,-,-,-,-,2860.4000,2860.2000,2860.0000,2859.8000,2859.6000,2860.6000,2860.8000,2861.0000,2861.2000,2861.6000,1,1,3,1,1,1,3,1,1,6
SF,IH2006,2020-06-17 13:27:37.200,2860.8000,17468,0,11049395700.000,2,1,1,空换,B,2860.4000,2860.2000,2860.0000,2859.8000,2859.6000,2860.8000,2861.0000,2861.2000,2861.6000,2861.8000,1,1,3,1,1,2,1,1,6,2
SF,IH2006,2020-06-17 13:27:38.200,2860.8000,17468,0,11049395700.000,0,-,-,-,-,2860.6000,2860.4000,2860.2000,2860.0000,2859.8000,2860.8000,2861.0000,2861.2000,2861.6000,2861.8000,2,1,1,3,1,2,1,1,6,2
SF,IH2006,2020-06-17 13:27:44.700,2860.8000,17468,0,11050253940.000,1,0,1,空换,B,2860.6000,2860.4000,2860.2000,2860.0000,2859.8000,2860.8000,2861.0000,2861.2000,2861.6000,2861.8000,2,1,1,3,1,1,1,1,6,2
SF,IH2006,2020-06-17 13:27:45.700,2860.6000,17467,-1,11051112120.000,1,0,1,双平,B,2860.6000,2860.4000,2860.2000,2860.0000,2859.8000,2860.8000,2861.0000,2861.2000,2861.6000,2861.8000,2,1,1,3,1,1,1,1,6,2
SF,IH2006,2020-06-17 13:27:46.200,2860.8000,17467,0,11051970360.000,1,0,1,空换,B,2860.6000,2860.4000,2860.2000,2860.0000,2859.8000,2861.0000,2861.2000,2861.6000,2861.8000,2862.0000,2,1,1,3,1,1,1,6,2,1
SF,IH2006,2020-06-17 13:27:48.200,2860.6000,17467,0,11052828540.000,1,0,1,空换,B,2860.6000,2860.4000,2860.2000,2860.0000,2859.8000,2861.0000,2861.2000,2861.6000,2861.8000,2862.0000,1,1,1,3,1,1,1,6,2,1
SF,IH2006,2020-06-17 13:27:48.700,2860.6000,17467,0,11052828540.000,0,-,-,-,-,2860.8000,2860.6000,2860.4000,2860.2000,2860.0000,2861.2000,2861.6000,2861.8000,2862.0000,2862.2000,1,1,1,1,3,1,6,2,1,1
SF,IH2006,2020-06-17 13:27:49.200,2860.6000,17467,0,11053686720.000,1,0,1,空换,B,2860.2000,2860.0000,2859.8000,2859.6000,2859.2000,2861.2000,2861.6000,2861.8000,2862.0000,2862.2000,1,3,1,1,2,2,6,2,1,1
SF,IH2006,2020-06-17 13:27:49.700,2860.6000,17467,0,11053686720.000,0,-,-,-,-,2860.4000,2860.2000,2860.0000,2859.8000,2859.6000,2860.8000,2861.0000,2861.2000,2861.6000,2861.8000,1,2,3,1,1,1,5,2,6,2
SF,IH2006,2020-06-17 13:27:50.700,2860.6000,17467,0,11053686720.000,0,-,-,-,-,2860.4000,2860.2000,2860.0000,2859.8000,2859.6000,2860.8000,2861.0000,2861.2000,2861.6000,2861.8000,1,2,3,1,1,1,6,2,6,2
SF,IH2006,2020-06-17 13:27:54.200,2860.8000,17467,0,11054544960.000,1,0,1,空换,B,2860.4000,2860.2000,2860.0000,2859.8000,2859.6000,2861.0000,2861.2000,2861.6000,2861.8000,2862.0000,1,2,3,1,1,6,2,6,2,1
SF,IH2006,2020-06-17 13:27:54.700,2861.0000,17468,1,11055403260.000,1,1,0,双开,B,2860.8000,2860.6000,2860.4000,2860.2000,2860.0000,2861.0000,2861.2000,2861.6000,2861.8000,2862.0000,4,2,1,2,3,3,2,6,2,1
SF,IH2006,2020-06-17 13:27:55.200,2861.2000,17466,-2,11057978220.000,3,0,3,空平,B,2860.6000,2860.2000,2860.0000,2859.8000,2859.6000,2861.2000,2861.6000,2861.8000,2862.0000,2862.2000,2,2,3,1,1,1,6,2,1,1
SF,IH2006,2020-06-17 13:27:55.700,2861.2000,17466,0,11057978220.000,0,-,-,-,-,2860.8000,2860.6000,2860.2000,2860.0000,2859.8000,2861.2000,2861.6000,2861.8000,2862.0000,2862.2000,1,2,2,3,1,1,6,2,1,1
SF,IH2006,2020-06-17 13:27:58.200,2861.2000,17466,0,11057978220.000,0,-,-,-,-,2860.8000,2860.6000,2860.2000,2860.0000,2859.8000,2861.2000,2861.6000,2861.8000,2862.0000,2862.2000,2,2,2,3,1,1,6,2,1,1
SF,IH2006,2020-06-17 13:27:58.700,2861.2000,17466,0,11057978220.000,0,-,-,-,-,2861.0000,2860.8000,2860.6000,2860.2000,2860.0000,2861.2000,2861.6000,2861.8000,2862.0000,2862.2000,1,2,2,2,3,1,6,2,1,1
SF,IH2006,2020-06-17 13:27:59.200,2861.2000,17466,0,11057978220.000,0,-,-,-,-,2861.0000,2860.8000,2860.6000,2860.2000,2860.0000,2861.6000,2861.8000,2862.0000,2862.2000,2862.6000,2,2,2,2,3,6,2,1,1,2
SF,IH2006,2020-06-17 13:27:59.700,2861.2000,17466,0,11057978220.000,0,-,-,-,-,2861.0000,2860.8000,2860.6000,2860.2000,2860.0000,2861.6000,2861.8000,2862.0000,2862.2000,2862.6000,2,2,2,2,3,7,2,1,1,2
SF,IH2006,2020-06-17 13:28:00.200,2861.2000,17466,0,11057978220.000,0,-,-,-,-,2861.0000,2860.8000,2860.6000,2860.2000,2860.0000,2861.4000,2861.6000,2861.8000,2862.0000,2862.2000,2,2,2,2,3,1,7,2,1,1
SF,IH2006,2020-06-17 13:28:00.700,2861.2000,17466,0,11057978220.000,0,-,-,-,-,2861.0000,2860.8000,2860.6000,2860.2000,2860.0000,2861.4000,2861.6000,2861.8000,2862.0000,2862.2000,2,2,2,2,3,2,7,2,1,1
SF,IH2006,2020-06-17 13:28:02.200,2861.2000,17466,0,11057978220.000,0,-,-,-,-,2861.2000,2861.0000,2860.8000,2860.6000,2860.2000,2861.4000,2861.6000,2861.8000,2862.0000,2862.2000,4,2,2,2,2,1,7,2,1,1
SF,IH2006,2020-06-17 13:28:02.700,2861.2000,17466,0,11057978220.000,0,-,-,-,-,2861.4000,2861.2000,2860.8000,2860.6000,2860.2000,2861.6000,2861.8000,2862.0000,2862.2000,2862.6000,1,4,1,2,1,7,2,1,1,2
SF,IH2006,2020-06-17 13:28:03.200,2861.2000,17466,0,11057978220.000,0,-,-,-,-,2861.4000,2861.2000,2860.8000,2860.6000,2860.2000,2861.6000,2861.8000,2862.0000,2862.2000,2862.6000,4,2,1,1,1,6,2,1,1,2
SF,IH2006,2020-06-17 13:28:03.700,2861.6000,17467,1,11060553660.000,3,2,1,多开,B,2861.4000,2861.2000,2860.8000,2860.6000,2860.2000,2861.6000,2861.8000,2862.0000,2862.2000,2862.6000,4,2,1,1,1,2,2,1,1,2
SF,IH2006,2020-06-17 13:28:04.200,2862.0000,17468,1,11064846300.000,5,3,2,多开,B,2861.8000,2861.6000,2861.4000,2861.2000,2860.8000,2862.2000,2862.6000,2862.8000,2863.0000,2863.2000,2,28,3,1,1,1,2,1,2,2
SF,IH2006,2020-06-17 13:28:04.700,2862.2000,17469,1,11066563560.000,2,1,1,多开,B,2862.2000,2862.0000,2861.8000,2861.6000,2861.4000,2862.6000,2862.8000,2863.0000,2863.2000,2863.4000,1,3,1,15,3,3,1,2,2,2
SF,IH2006,2020-06-17 13:28:05.200,2862.4000,17467,-2,11069139720.000,3,0,3,空平,B,2862.2000,2862.0000,2861.8000,2861.6000,2861.4000,2862.4000,2862.6000,2862.8000,2863.0000,2863.2000,1,3,2,13,3,1,3,2,2,2
SF,IH2006,2020-06-17 13:28:05.700,2862.4000,17466,-1,11069998440.000,1,0,1,双平,B,2862.2000,2862.0000,2861.8000,2861.6000,2861.4000,2862.6000,2862.8000,2863.0000,2863.2000,2863.4000,2,3,2,13,3,3,1,2,2,2
SF,IH2006,2020-06-17 13:28:06.200,2862.2000,17467,1,11071715880.000,2,1,1,多开,B,2862.2000,2862.0000,2861.8000,2861.6000,2861.4000,2862.6000,2862.8000,2863.0000,2863.2000,2863.4000,1,3,2,13,3,2,1,2,2,2
SF,IH2006,2020-06-17 13:28:06.700,2862.2000,17467,0,11071715880.000,0,-,-,-,-,2862.4000,2862.2000,2862.0000,2861.8000,2861.6000,2862.6000,2862.8000,2863.0000,2863.2000,2863.4000,2,1,2,2,11,2,1,2,2,2
SF,IH2006,2020-06-17 13:28:07.200,2862.4000,17470,3,11074292040.000,3,3,0,双开,B,2862.0000,2861.8000,2861.6000,2861.4000,2861.2000,2862.4000,2862.6000,2862.8000,2863.0000,2863.2000,2,2,11,2,1,6,2,1,2,2
SF,IH2006,2020-06-17 13:28:07.700,2862.4000,17470,0,11075150760.000,1,0,1,空换,B,2862.0000,2861.8000,2861.6000,2861.4000,2861.2000,2862.6000,2862.8000,2863.0000,2863.2000,2863.4000,2,2,11,2,1,2,1,2,2,2
SF,IH2006,2020-06-17 13:28:08.200,2862.4000,17470,0,11075150760.000,0,-,-,-,-,2862.0000,2861.8000,2861.6000,2861.4000,2861.2000,2862.4000,2862.6000,2862.8000,2863.0000,2863.2000,2,1,11,2,1,1,2,1,2,2
SF,IH2006,2020-06-17 13:28:09.200,2862.0000,17470,0,11076009360.000,1,0,1,空换,B,2862.0000,2861.8000,2861.6000,2861.4000,2861.2000,2862.4000,2862.6000,2862.8000,2863.0000,2863.2000,1,1,11,2,1,1,2,1,2,2
SF,IH2006,2020-06-17 13:28:09.700,2862.0000,17470,0,11076009360.000,0,-,-,-,-,2861.8000,2861.6000,2861.4000,2861.2000,2860.8000,2862.4000,2862.6000,2862.8000,2863.0000,2863.2000,1,11,2,1,1,1,2,1,2,2
SF,IH2006,2020-06-17 13:28:10.200,2862.4000,17470,0,11076868080.000,1,0,1,空换,B,2861.8000,2861.6000,2861.4000,2861.2000,2860.8000,2862.4000,2862.6000,2862.8000,2863.0000,2863.2000,1,11,2,1,1,1,2,1,2,2
SF,IH2006,2020-06-17 13:28:10.700,2862.4000,17470,0,11076868080.000,0,-,-,-,-,2861.8000,2861.6000,2861.4000,2861.2000,2860.8000,2862.2000,2862.4000,2862.6000,2862.8000,2863.0000,1,11,2,1,1,1,1,2,1,2
SF,IH2006,2020-06-17 13:28:11.200,2862.4000,17469,-1,11077726800.000,1,0,1,双平,B,2861.8000,2861.6000,2861.4000,2861.2000,2860.8000,2862.4000,2862.6000,2862.8000,2863.0000,2863.2000,1,11,2,1,1,1,2,1,2,2
SF,IH2006,2020-06-17 13:28:12.200,2862.4000,17469,0,11077726800.000,0,-,-,-,-,2861.8000,2861.6000,2861.4000,2861.2000,2860.8000,2862.4000,2862.6000,2862.8000,2863.0000,2863.2000,1,9,2,1,1,1,2,1,2,2
SF,IH2006,2020-06-17 13:28:12.700,2862.2000,17469,0,11078585460.000,1,0,1,空换,B,2861.8000,2861.6000,2861.4000,2861.2000,2860.8000,2862.4000,2862.6000,2862.8000,2863.0000,2863.2000,1,9,2,1,1,1,2,1,2,2
SF,IH2006,2020-06-17 13:28:13.200,2861.8000,17470,1,11080302660.000,2,1,1,多开,B,2861.6000,2861.4000,2861.2000,2860.8000,2860.0000,2862.4000,2862.6000,2862.8000,2863.0000,2863.2000,9,2,1,1,1,1,2,1,2,2
SF,IH2006,2020-06-17 13:28:13.700,2861.8000,17470,0,11080302660.000,0,-,-,-,-,2861.6000,2861.4000,2861.2000,2860.8000,2860.0000,2862.2000,2862.4000,2862.6000,2862.8000,2863.0000,3,2,1,1,1,5,1,2,1,2
SF,IH2006,2020-06-17 13:28:14.200,2861.8000,17470,0,11080302660.000,0,-,-,-,-,2861.6000,2861.4000,2861.2000,2860.8000,2860.0000,2862.2000,2862.4000,2862.6000,2862.8000,2863.0000,2,2,1,1,1,5,1,2,1,2
SF,IH2006,2020-06-17 13:28:14.700,2861.8000,17470,0,11080302660.000,0,-,-,-,-,2861.6000,2861.4000,2861.2000,2860.8000,2860.0000,2862.2000,2862.4000,2862.6000,2862.8000,2863.0000,2,2,2,1,1,5,1,2,1,2
SF,IH2006,2020-06-17 13:28:16.700,2861.8000,17470,0,11080302660.000,0,-,-,-,-,2861.6000,2861.4000,2861.2000,2860.8000,2860.6000,2862.2000,2862.4000,2862.6000,2862.8000,2863.0000,2,2,2,1,1,5,1,2,1,2
SF,IH2006,2020-06-17 13:28:17.200,2862.2000,17470,0,11081161320.000,1,0,1,空换,B,2861.6000,2861.4000,2861.2000,2860.8000,2860.6000,2862.2000,2862.4000,2862.6000,2862.8000,2863.0000,2,2,2,1,1,4,1,2,1,2
SF,IH2006,2020-06-17 13:28:18.700,2862.2000,17470,0,11081161320.000,0,-,-,-,-,2861.6000,2861.4000,2861.2000,2860.8000,2860.6000,2862.2000,2862.4000,2862.6000,2862.8000,2863.0000,2,3,2,1,1,4,1,2,1,2
SF,IH2006,2020-06-17 13:28:19.200,2862.2000,17470,0,11081161320.000,0,-,-,-,-,2861.6000,2861.4000,2861.2000,2860.8000,2860.6000,2862.0000,2862.2000,2862.4000,2862.6000,2862.8000,2,3,2,1,1,3,4,1,2,1
SF,IH2006,2020-06-17 13:28:20.200,2862.2000,17470,0,11081161320.000,0,-,-,-,-,2861.6000,2861.4000,2861.2000,2860.8000,2860.6000,2861.8000,2862.0000,2862.2000,2862.4000,2862.6000,2,3,2,1,1,2,3,3,1,2
SF,IH2006,2020-06-17 13:28:20.700,2862.2000,17470,0,11081161320.000,0,-,-,-,-,2861.6000,2861.4000,2861.2000,2860.8000,2860.6000,2861.8000,2862.0000,2862.2000,2862.4000,2862.6000,2,3,2,1,1,2,3,2,1,2
SF,IH2006,2020-06-17 13:28:24.200,2861.4000,17471,1,11082019740.000,1,1,0,双开,B,2861.4000,2861.2000,2860.8000,2860.6000,2860.0000,2861.8000,2862.0000,2862.2000,2862.4000,2862.6000,2,2,1,1,1,2,3,2,1,2
SF,IH2006,2020-06-17 13:28:24.700,2861.4000,17471,0,11082019740.000,0,-,-,-,-,2861.4000,2861.2000,2860.8000,2860.6000,2860.0000,2861.8000,2862.0000,2862.2000,2862.4000,2862.6000,2,2,1,1,1,2,3,2,1,2
SF,IH2006,2020-06-17 13:28:25.200,2861.4000,17473,2,11083736580.000,2,2,0,双开,B,2861.2000,2860.8000,2860.6000,2860.0000,2859.8000,2861.8000,2862.0000,2862.2000,2862.4000,2862.6000,2,1,1,1,1,2,3,2,1,2
SF,IH2006,2020-06-17 13:28:25.700,2861.4000,17474,1,11085453360.000,2,1,1,多开,B,2861.2000,2860.8000,2860.6000,2860.0000,2859.8000,2861.4000,2861.6000,2861.8000,2862.0000,2862.2000,1,1,1,1,1,1,3,2,3,1
SF,IH2006,2020-06-17 13:28:26.200,2861.2000,17474,0,11086311720.000,1,0,1,空换,B,2860.8000,2860.6000,2860.0000,2859.8000,2859.2000,2861.2000,2861.6000,2861.8000,2862.0000,2862.2000,1,1,1,1,1,6,2,2,3,1
SF,IH2006,2020-06-17 13:28:26.700,2861.2000,17474,0,11086311720.000,0,-,-,-,-,2860.8000,2860.6000,2860.0000,2859.8000,2859.2000,2861.0000,2861.2000,2861.6000,2862.0000,2862.4000,2,1,1,1,1,1,5,2,3,1
SF,IH2006,2020-06-17 13:28:27.200,2860.8000,17475,1,11087169960.000,1,1,0,双开,B,2860.8000,2860.6000,2860.0000,2859.8000,2859.2000,2861.0000,2861.2000,2861.6000,2862.0000,2862.4000,1,1,1,1,1,2,4,2,3,1
SF,IH2006,2020-06-17 13:28:27.700,2861.0000,17475,0,11088886500.000,2,1,1,空换,B,2860.6000,2860.0000,2859.8000,2859.2000,2859.0000,2860.8000,2861.0000,2861.2000,2861.6000,2862.0000,1,1,1,1,3,1,1,4,1,3
SF,IH2006,2020-06-17 13:28:28.200,2860.6000,17477,2,11090602920.000,2,2,0,双开,B,2860.2000,2860.0000,2859.8000,2859.2000,2859.0000,2861.2000,2861.6000,2862.0000,2862.4000,2862.6000,1,1,1,1,3,3,1,3,1,2
SF,IH2006,2020-06-17 13:28:28.700,2860.6000,17477,0,11090602920.000,0,-,-,-,-,2860.4000,2860.0000,2859.8000,2859.2000,2859.0000,2860.8000,2861.0000,2861.2000,2862.0000,2862.4000,5,1,1,1,3,1,4,3,3,1
SF,IH2006,2020-06-17 13:28:29.200,2860.8000,17478,1,11091461160.000,1,1,0,双开,B,2860.8000,2860.4000,2860.0000,2859.8000,2859.2000,2861.0000,2861.2000,2861.8000,2862.0000,2862.4000,1,5,1,1,1,3,3,1,3,1
SF,IH2006,2020-06-17 13:28:29.700,2861.0000,17478,0,11092319460.000,1,0,1,空换,B,2860.4000,2860.0000,2859.8000,2859.2000,2859.0000,2861.0000,2861.2000,2861.8000,2862.0000,2862.4000,4,1,1,1,3,2,3,1,3,1
SF,IH2006,2020-06-17 13:28:30.200,2861.0000,17478,0,11092319460.000,0,-,-,-,-,2860.6000,2860.4000,2860.0000,2859.8000,2859.2000,2860.8000,2861.0000,2861.2000,2861.8000,2862.0000,2,4,1,1,1,1,2,2,1,3
SF,IH2006,2020-06-17 13:28:30.700,2860.8000,17478,0,11093177700.000,1,0,1,空换,B,2860.6000,2860.4000,2860.0000,2859.8000,2859.2000,2861.0000,2861.2000,2861.8000,2862.0000,2862.4000,2,4,1,1,1,2,2,1,3,1
SF,IH2006,2020-06-17 13:28:31.200,2860.8000,17478,0,11093177700.000,0,-,-,-,-,2860.6000,2860.4000,2860.0000,2859.8000,2859.2000,2861.0000,2861.2000,2861.8000,2862.0000,2862.4000,2,4,1,1,1,1,2,1,3,1
SF,IH2006,2020-06-17 13:28:31.700,2860.8000,17478,0,11093177700.000,0,-,-,-,-,2860.6000,2860.4000,2860.0000,2859.8000,2859.2000,2861.0000,2861.2000,2861.8000,2862.0000,2862.4000,2,4,2,1,1,1,2,1,3,1
SF,IH2006,2020-06-17 13:28:34.200,2860.8000,17478,0,11093177700.000,0,-,-,-,-,2860.6000,2860.4000,2860.0000,2859.8000,2859.2000,2861.0000,2861.2000,2861.8000,2862.0000,2862.4000,2,5,2,1,1,1,1,1,3,1
SF,IH2006,2020-06-17 13:28:34.700,2860.8000,17478,0,11093177700.000,0,-,-,-,-,2860.6000,2860.4000,2860.0000,2859.8000,2859.2000,2861.0000,2861.2000,2861.8000,2862.0000,2862.4000,2,3,2,1,1,1,1,1,3,1
SF,IH2006,2020-06-17 13:28:35.200,2860.8000,17478,0,11093177700.000,0,-,-,-,-,2860.6000,2860.4000,2860.0000,2859.8000,2859.2000,2861.0000,2861.2000,2861.8000,2862.0000,2862.4000,2,3,2,1,1,1,1,1,4,1
SF,IH2006,2020-06-17 13:28:36.200,2860.8000,17478,0,11093177700.000,0,-,-,-,-,2860.6000,2860.4000,2860.0000,2859.8000,2859.2000,2861.0000,2861.8000,2862.0000,2862.4000,2862.6000,2,3,2,1,1,1,1,4,1,2
SF,IH2006,2020-06-17 13:28:36.700,2861.6000,17479,1,11094036180.000,1,1,0,双开,B,2860.6000,2860.4000,2860.0000,2859.8000,2859.2000,2861.8000,2862.0000,2862.4000,2862.6000,2862.8000,2,3,2,1,1,1,4,1,2,1
SF,IH2006,2020-06-17 13:28:37.200,2861.6000,17479,0,11094036180.000,0,-,-,-,-,2860.8000,2860.6000,2860.4000,2860.0000,2859.8000,2861.4000,2861.6000,2861.8000,2862.0000,2862.4000,1,1,3,2,1,1,8,4,4,1
SF,IH2006,2020-06-17 13:28:37.700,2861.6000,17479,0,11094036180.000,0,-,-,-,-,2860.8000,2860.4000,2860.0000,2859.8000,2859.2000,2861.4000,2861.6000,2861.8000,2862.0000,2862.4000,1,3,2,1,1,2,5,3,4,1
SF,IH2006,2020-06-17 13:28:38.200,2861.6000,17479,0,11094036180.000,0,-,-,-,-,2860.4000,2860.0000,2859.8000,2859.2000,2859.0000,2861.4000,2861.6000,2861.8000,2862.0000,2862.4000,3,2,1,1,3,2,5,3,4,1
SF,IH2006,2020-06-17 13:28:38.700,2861.6000,17479,0,11094036180.000,0,-,-,-,-,2860.6000,2860.4000,2860.0000,2859.8000,2859.2000,2861.0000,2861.2000,2861.4000,2861.6000,2861.8000,2,3,2,1,1,1,1,2,5,2
SF,IH2006,2020-06-17 13:28:39.200,2861.6000,17479,0,11094036180.000,0,-,-,-,-,2860.6000,2860.4000,2860.0000,2859.8000,2859.2000,2861.0000,2861.4000,2861.6000,2861.8000,2862.0000,2,3,2,1,1,1,2,5,1,4
SF,IH2006,2020-06-17 13:28:40.200,2861.6000,17479,0,11094036180.000,0,-,-,-,-,2860.6000,2860.4000,2860.0000,2859.8000,2859.2000,2861.0000,2861.4000,2861.6000,2861.8000,2862.0000,2,3,2,1,1,1,2,4,1,4
SF,IH2006,2020-06-17 13:28:40.700,2861.6000,17479,0,11094036180.000,0,-,-,-,-,2860.6000,2860.4000,2860.0000,2859.8000,2859.2000,2861.0000,2861.4000,2861.6000,2861.8000,2862.0000,2,3,2,1,1,5,2,3,1,4
SF,IH2006,2020-06-17 13:28:41.700,2861.6000,17479,0,11094036180.000,0,-,-,-,-,2860.6000,2860.4000,2860.0000,2859.8000,2859.2000,2861.0000,2861.4000,2861.6000,2861.8000,2862.0000,3,3,2,1,1,5,2,3,1,4
SF,IH2006,2020-06-17 13:28:42.200,2861.0000,17480,1,11094894480.000,1,1,0,双开,B,2860.6000,2860.4000,2860.0000,2859.8000,2859.2000,2861.0000,2861.4000,2861.6000,2861.8000,2862.0000,3,3,2,1,1,4,2,3,1,4
SF,IH2006,2020-06-17 13:28:42.700,2861.0000,17480,0,11094894480.000,0,-,-,-,-,2860.6000,2860.4000,2860.0000,2859.8000,2859.2000,2861.0000,2861.4000,2861.6000,2861.8000,2862.0000,3,3,2,1,1,4,2,3,1,4
SF,IH2006,2020-06-17 13:28:44.200,2861.0000,17480,0,11094894480.000,0,-,-,-,-,2860.6000,2860.4000,2860.0000,2859.8000,2859.2000,2861.0000,2861.4000,2861.6000,2861.8000,2862.0000,3,2,2,1,1,4,2,3,1,4
SF,IH2006,2020-06-17 13:28:45.700,2861.0000,17480,0,11094894480.000,0,-,-,-,-,2860.6000,2860.4000,2860.2000,2860.0000,2859.8000,2861.0000,2861.4000,2861.6000,2861.8000,2862.0000,3,2,1,2,1,4,2,3,1,4
SF,IH2006,2020-06-17 13:28:47.700,2861.0000,17480,0,11094894480.000,0,-,-,-,-,2860.6000,2860.4000,2860.2000,2860.0000,2859.8000,2861.0000,2861.4000,2861.6000,2861.8000,2862.0000,3,2,1,2,1,4,2,3,1,5
SF,IH2006,2020-06-17 13:28:48.700,2861.0000,17480,0,11094894480.000,0,-,-,-,-,2860.6000,2860.4000,2860.2000,2860.0000,2859.8000,2861.0000,2861.4000,2861.6000,2861.8000,2862.0000,3,2,2,2,1,4,2,3,1,5
SF,IH2006,2020-06-17 13:28:50.700,2861.0000,17480,0,11094894480.000,0,-,-,-,-,2860.8000,2860.6000,2860.4000,2860.2000,2860.0000,2861.0000,2861.4000,2861.6000,2861.8000,2862.0000,1,3,2,2,2,4,2,3,1,5
SF,IH2006,2020-06-17 13:28:51.200,2861.0000,17480,0,11094894480.000,0,-,-,-,-,2860.8000,2860.6000,2860.4000,2860.2000,2860.0000,2861.0000,2861.4000,2861.6000,2861.8000,2862.0000,2,3,2,2,2,4,2,3,1,5
SF,IH2006,2020-06-17 13:28:52.700,2861.0000,17480,0,11094894480.000,0,-,-,-,-,2860.8000,2860.6000,2860.4000,2860.2000,2860.0000,2861.0000,2861.4000,2861.6000,2861.8000,2862.0000,2,3,2,3,2,4,2,3,1,5
SF,IH2006,2020-06-17 13:28:53.700,2861.0000,17480,0,11094894480.000,0,-,-,-,-,2860.8000,2860.6000,2860.4000,2860.2000,2860.0000,2861.0000,2861.4000,2861.6000,2861.8000,2862.0000,1,3,2,3,2,4,2,3,1,5
SF,IH2006,2020-06-17 13:28:54.700,2861.0000,17480,0,11094894480.000,0,-,-,-,-,2860.8000,2860.6000,2860.4000,2860.2000,2860.0000,2861.0000,2861.4000,2861.6000,2861.8000,2862.0000,1,3,2,3,2,4,2,3,1,5
SF,IH2006,2020-06-17 13:28:58.700,2861.0000,17480,0,11094894480.000,0,-,-,-,-,2860.6000,2860.4000,2860.2000,2860.0000,2859.8000,2861.0000,2861.4000,2861.6000,2861.8000,2862.0000,1,2,3,2,1,4,2,3,1,5
SF,IH2006,2020-06-17 13:28:59.200,2861.0000,17480,0,11094894480.000,0,-,-,-,-,2860.6000,2860.4000,2860.2000,2860.0000,2859.8000,2861.0000,2861.4000,2861.6000,2861.8000,2862.0000,1,2,3,3,1,4,2,3,1,5
SF,IH2006,2020-06-17 13:29:01.200,2861.0000,17480,0,11094894480.000,0,-,-,-,-,2860.6000,2860.4000,2860.2000,2860.0000,2859.8000,2861.0000,2861.4000,2861.6000,2861.8000,2862.0000,1,2,3,3,1,4,2,3,1,25
SF,IH2006,2020-06-17 13:29:06.200,2861.0000,17480,0,11094894480.000,0,-,-,-,-,2860.6000,2860.4000,2860.2000,2860.0000,2859.8000,2861.0000,2861.4000,2861.6000,2861.8000,2862.0000,1,1,3,3,1,4,2,3,1,25
SF,IH2006,2020-06-17 13:29:06.700,2860.6000,17481,1,11095752660.000,1,1,0,双开,B,2860.4000,2860.2000,2860.0000,2859.8000,2859.2000,2861.0000,2861.4000,2861.6000,2861.8000,2862.0000,1,3,3,1,1,5,2,3,1,25
SF,IH2006,2020-06-17 13:29:07.200,2861.0000,17482,1,11097469080.000,2,1,1,多开,B,2860.2000,2860.0000,2859.8000,2859.2000,2859.0000,2861.0000,2861.4000,2861.6000,2861.8000,2862.0000,3,3,1,1,3,4,2,3,1,25
SF,IH2006,2020-06-17 13:29:07.700,2861.0000,17482,0,11097469080.000,0,-,-,-,-,2860.4000,2860.2000,2860.0000,2859.8000,2859.2000,2861.0000,2861.4000,2861.6000,2861.8000,2862.0000,1,3,3,1,1,4,2,3,1,25
SF,IH2006,2020-06-17 13:29:10.200,2861.0000,17482,0,11100043980.000,3,1,2,空换,B,2860.4000,2860.2000,2860.0000,2859.8000,2859.2000,2861.0000,2861.4000,2861.6000,2861.8000,2862.0000,1,3,3,1,1,1,2,3,1,25
SF,IH2006,2020-06-17 13:29:10.700,2861.0000,17482,0,11100902280.000,1,0,1,空换,B,2860.4000,2860.2000,2860.0000,2859.8000,2859.2000,2861.4000,2861.6000,2861.8000,2862.0000,2862.4000,1,3,3,1,1,2,3,1,25,1
SF,IH2006,2020-06-17 13:29:11.200,2861.0000,17482,0,11100902280.000,0,-,-,-,-,2860.2000,2860.0000,2859.8000,2859.2000,2859.0000,2861.2000,2861.4000,2861.6000,2861.8000,2862.0000,3,3,1,1,3,5,2,3,1,25
SF,IH2006,2020-06-17 13:29:11.700,2861.0000,17482,0,11100902280.000,0,-,-,-,-,2860.4000,2860.2000,2860.0000,2859.8000,2859.2000,2860.8000,2861.2000,2861.4000,2861.6000,2861.8000,2,3,3,1,1,1,5,2,3,1
SF,IH2006,2020-06-17 13:29:12.200,2861.0000,17482,0,11100902280.000,0,-,-,-,-,2860.4000,2860.2000,2860.0000,2859.8000,2859.2000,2860.8000,2861.2000,2861.4000,2861.6000,2861.8000,2,3,3,1,1,1,4,2,3,1
SF,IH2006,2020-06-17 13:29:13.200,2861.0000,17482,0,11100902280.000,0,-,-,-,-,2860.4000,2860.2000,2860.0000,2859.8000,2859.2000,2860.8000,2861.2000,2861.4000,2861.6000,2861.8000,2,3,3,1,1,1,3,2,3,1
SF,IH2006,2020-06-17 13:29:14.700,2861.0000,17482,0,11100902280.000,0,-,-,-,-,2860.4000,2860.2000,2860.0000,2859.8000,2859.2000,2860.8000,2861.2000,2861.4000,2861.6000,2861.8000,2,3,3,1,1,1,3,2,3,2
SF,IH2006,2020-06-17 13:29:18.200,2860.8000,17482,0,11101760520.000,1,0,1,空换,B,2860.4000,2860.2000,2860.0000,2859.8000,2859.2000,2861.2000,2861.4000,2861.6000,2861.8000,2862.0000,2,3,3,1,1,3,2,3,2,25
SF,IH2006,2020-06-17 13:29:18.700,2860.8000,17482,0,11101760520.000,0,-,-,-,-,2860.4000,2860.2000,2860.0000,2859.8000,2859.2000,2861.2000,2861.4000,2861.6000,2861.8000,2862.0000,2,3,3,1,1,3,2,3,2,25
SF,IH2006,2020-06-17 13:29:21.200,2860.8000,17482,0,11101760520.000,0,-,-,-,-,2860.6000,2860.2000,2860.0000,2859.8000,2859.2000,2861.2000,2861.4000,2861.6000,2861.8000,2862.0000,3,3,3,1,1,1,2,3,2,25
SF,IH2006,2020-06-17 13:29:21.700,2860.8000,17482,0,11101760520.000,0,-,-,-,-,2860.8000,2860.6000,2860.2000,2860.0000,2859.8000,2861.2000,2861.4000,2861.6000,2861.8000,2862.0000,2,4,3,3,1,1,1,3,2,25
SF,IH2006,2020-06-17 13:29:22.200,2860.8000,17482,0,11101760520.000,0,-,-,-,-,2860.8000,2860.6000,2860.2000,2860.0000,2859.8000,2861.4000,2861.6000,2861.8000,2862.0000,2862.4000,2,3,3,3,1,1,3,2,25,1
SF,IH2006,2020-06-17 13:29:22.700,2860.8000,17482,0,11101760520.000,0,-,-,-,-,2860.8000,2860.6000,2860.2000,2860.0000,2859.8000,2861.4000,2861.6000,2861.8000,2862.0000,2862.4000,2,2,3,3,1,1,3,2,25,1
SF,IH2006,2020-06-17 13:29:23.200,2860.8000,17482,0,11101760520.000,0,-,-,-,-,2861.0000,2860.8000,2860.6000,2860.2000,2860.0000,2861.4000,2861.6000,2861.8000,2862.0000,2862.4000,1,2,2,3,3,1,3,2,25,1
SF,IH2006,2020-06-17 13:29:23.700,2860.8000,17482,0,11101760520.000,0,-,-,-,-,2860.8000,2860.6000,2860.2000,2860.0000,2859.8000,2861.2000,2861.4000,2861.6000,2861.8000,2862.0000,2,2,3,3,1,1,1,3,2,25
SF,IH2006,2020-06-17 13:29:24.200,2860.8000,17482,0,11101760520.000,0,-,-,-,-,2860.8000,2860.6000,2860.2000,2860.0000,2859.8000,2861.2000,2861.4000,2861.6000,2861.8000,2862.0000,2,2,3,3,1,1,1,3,2,25
SF,IH2006,2020-06-17 13:29:24.700,2860.8000,17482,0,11101760520.000,0,-,-,-,-,2860.8000,2860.6000,2860.2000,2860.0000,2859.8000,2861.2000,2861.4000,2861.6000,2861.8000,2862.0000,3,2,3,3,1,2,1,3,2,25
SF,IH2006,2020-06-17 13:29:25.700,2860.8000,17482,0,11101760520.000,0,-,-,-,-,2860.8000,2860.6000,2860.2000,2860.0000,2859.8000,2861.2000,2861.4000,2861.6000,2861.8000,2862.0000,1,2,3,3,1,2,1,3,2,25
SF,IH2006,2020-06-17 13:29:26.700,2860.8000,17482,0,11101760520.000,0,-,-,-,-,2860.8000,2860.6000,2860.2000,2860.0000,2859.8000,2861.0000,2861.2000,2861.4000,2861.6000,2861.8000,1,2,3,3,1,1,2,1,3,2
SF,IH2006,2020-06-17 13:29:27.700,2860.8000,17482,0,11101760520.000,0,-,-,-,-,2860.8000,2860.6000,2860.2000,2860.0000,2859.8000,2861.0000,2861.2000,2861.4000,2861.6000,2861.8000,1,2,3,3,1,1,3,1,3,2
SF,IH2006,2020-06-17 13:29:28.700,2861.2000,17482,0,11103477180.000,2,1,1,空换,B,2860.8000,2860.6000,2860.2000,2860.0000,2859.8000,2861.2000,2861.4000,2861.6000,2861.8000,2862.0000,1,2,3,3,1,2,1,3,2,25
SF,IH2006,2020-06-17 13:29:33.200,2861.2000,17482,0,11103477180.000,0,-,-,-,-,2860.8000,2860.6000,2860.2000,2860.0000,2859.8000,2861.2000,2861.4000,2861.6000,2861.8000,2862.0000,1,2,3,3,1,4,1,3,2,25
SF,IH2006,2020-06-17 13:29:33.700,2861.2000,17482,0,11103477180.000,0,-,-,-,-,2860.8000,2860.6000,2860.2000,2860.0000,2859.8000,2861.0000,2861.2000,2861.4000,2861.6000,2861.8000,1,2,3,3,1,3,4,1,3,2
SF,IH2006,2020-06-17 13:29:34.200,2861.2000,17482,0,11103477180.000,0,-,-,-,-,2860.8000,2860.6000,2860.2000,2860.0000,2859.8000,2861.0000,2861.2000,2861.4000,2861.6000,2861.8000,1,2,3,3,1,3,4,1,3,2
SF,IH2006,2020-06-17 13:29:35.200,2861.2000,17482,0,11103477180.000,0,-,-,-,-,2860.8000,2860.6000,2860.2000,2860.0000,2859.8000,2861.0000,2861.2000,2861.4000,2861.6000,2861.8000,1,2,3,3,1,3,5,1,3,2
SF,IH2006,2020-06-17 13:29:37.200,2861.2000,17482,0,11103477180.000,0,-,-,-,-,2860.8000,2860.6000,2860.2000,2860.0000,2859.8000,2861.0000,2861.2000,2861.4000,2861.6000,2861.8000,1,2,4,3,1,3,5,1,3,2
SF,IH2006,2020-06-17 13:29:37.700,2861.2000,17482,0,11103477180.000,0,-,-,-,-,2860.8000,2860.6000,2860.2000,2860.0000,2859.8000,2861.0000,2861.2000,2861.4000,2861.6000,2861.8000,1,2,4,5,1,3,5,1,3,2
SF,IH2006,2020-06-17 13:29:38.700,2861.2000,17482,0,11103477180.000,0,-,-,-,-,2860.8000,2860.6000,2860.2000,2860.0000,2859.8000,2861.0000,2861.2000,2861.4000,2861.6000,2861.8000,1,1,4,5,1,3,5,1,3,2
SF,IH2006,2020-06-17 13:29:39.700,2860.8000,17481,-1,11104335420.000,1,0,1,双平,B,2860.6000,2860.2000,2860.0000,2859.8000,2859.2000,2861.0000,2861.2000,2861.4000,2861.6000,2861.8000,1,4,5,1,1,3,5,1,3,2
SF,IH2006,2020-06-17 13:29:40.200,2861.0000,17480,-1,11105193720.000,1,0,1,双平,B,2860.6000,2860.2000,2860.0000,2859.8000,2859.2000,2861.0000,2861.2000,2861.4000,2861.6000,2861.8000,1,4,5,1,1,2,5,1,3,2
SF,IH2006,2020-06-17 13:29:40.700,2861.0000,17480,0,11105193720.000,0,-,-,-,-,2860.6000,2860.2000,2860.0000,2859.8000,2859.2000,2861.0000,2861.2000,2861.4000,2861.6000,2861.8000,1,4,5,1,1,2,4,1,3,2
SF,IH2006,2020-06-17 13:29:43.700,2861.0000,17480,0,11105193720.000,0,-,-,-,-,2860.6000,2860.2000,2860.0000,2859.8000,2859.2000,2861.0000,2861.2000,2861.4000,2861.6000,2861.8000,1,4,6,1,1,2,4,1,3,2
SF,IH2006,2020-06-17 13:29:45.700,2861.0000,17480,0,11105193720.000,0,-,-,-,-,2860.8000,2860.6000,2860.2000,2860.0000,2859.8000,2861.0000,2861.2000,2861.4000,2861.6000,2861.8000,2,1,4,6,1,2,4,1,3,2
SF,IH2006,2020-06-17 13:29:48.700,2861.0000,17480,0,11105193720.000,0,-,-,-,-,2860.6000,2860.2000,2860.0000,2859.8000,2859.2000,2861.0000,2861.2000,2861.4000,2861.6000,2861.8000,1,4,6,1,1,2,4,1,3,2
SF,IH2006,2020-06-17 13:29:49.200,2861.0000,17480,0,11106052020.000,1,0,1,空换,B,2860.6000,2860.2000,2860.0000,2859.8000,2859.2000,2861.0000,2861.2000,2861.4000,2861.6000,2861.8000,1,4,6,1,1,1,4,1,3,2
SF,IH2006,2020-06-17 13:29:51.200,2861.0000,17480,0,11106052020.000,0,-,-,-,-,2860.6000,2860.2000,2860.0000,2859.8000,2859.2000,2861.0000,2861.2000,2861.4000,2861.6000,2861.8000,1,4,8,1,1,1,4,1,3,2
SF,IH2006,2020-06-17 13:29:56.200,2861.0000,17480,0,11106052020.000,0,-,-,-,-,2860.8000,2860.6000,2860.2000,2860.0000,2859.8000,2861.0000,2861.2000,2861.4000,2861.6000,2861.8000,2,1,4,8,1,1,4,1,3,2
SF,IH2006,2020-06-17 13:29:58.700,2860.8000,17480,0,11106910260.000,1,0,1,空换,B,2860.8000,2860.6000,2860.2000,2860.0000,2859.8000,2861.0000,2861.2000,2861.4000,2861.6000,2861.8000,1,1,4,8,1,1,4,1,3,2
SF,IH2006,2020-06-17 13:29:59.200,2860.8000,17480,0,11106910260.000,0,-,-,-,-,2860.6000,2860.2000,2860.0000,2859.8000,2859.2000,2861.0000,2861.2000,2861.4000,2861.6000,2861.8000,1,4,8,1,1,1,4,1,3,2
SF,IH2006,2020-06-17 13:29:59.700,2860.8000,17480,0,11106910260.000,0,-,-,-,-,2860.6000,2860.2000,2860.0000,2859.8000,2859.2000,2861.0000,2861.2000,2861.4000,2861.6000,2861.8000,1,4,8,1,1,1,4,1,2,2
SF,IH2006,2020-06-17 13:30:00.200,2860.8000,17480,0,11106910260.000,0,-,-,-,-,2860.2000,2860.0000,2859.8000,2859.2000,2859.0000,2861.0000,2861.2000,2861.4000,2861.6000,2861.8000,4,8,1,1,3,1,4,1,2,2
SF,IH2006,2020-06-17 13:30:00.700,2860.8000,17480,0,11106910260.000,0,-,-,-,-,2860.6000,2860.4000,2860.2000,2860.0000,2859.8000,2861.0000,2861.2000,2861.4000,2861.6000,2861.8000,2,6,4,8,1,1,4,1,2,2
SF,IH2006,2020-06-17 13:30:01.200,2860.8000,17480,0,11106910260.000,0,-,-,-,-,2860.4000,2860.2000,2860.0000,2859.8000,2859.2000,2861.0000,2861.2000,2861.4000,2861.6000,2861.8000,7,4,8,1,1,1,4,1,2,2
SF,IH2006,2020-06-17 13:30:01.700,2861.0000,17479,-1,11107768560.000,1,0,1,双平,B,2860.4000,2860.2000,2860.0000,2859.8000,2859.2000,2861.2000,2861.4000,2861.6000,2861.8000,2862.0000,7,4,8,1,1,4,1,2,1,22
SF,IH2006,2020-06-17 13:30:02.200,2861.0000,17479,0,11107768560.000,0,-,-,-,-,2860.6000,2860.4000,2860.2000,2860.0000,2859.8000,2861.2000,2861.4000,2861.6000,2861.8000,2862.0000,1,7,4,8,1,4,1,2,1,22
SF,IH2006,2020-06-17 13:30:02.700,2861.0000,17479,0,11107768560.000,0,-,-,-,-,2860.4000,2860.2000,2860.0000,2859.8000,2859.2000,2861.2000,2861.4000,2861.6000,2861.8000,2862.0000,7,4,8,1,1,5,1,2,1,22
SF,IH2006,2020-06-17 13:30:03.200,2861.0000,17479,0,11107768560.000,0,-,-,-,-,2860.4000,2860.2000,2860.0000,2859.8000,2859.2000,2861.2000,2861.4000,2861.6000,2861.8000,2862.0000,8,4,8,1,1,5,1,2,1,22
SF,IH2006,2020-06-17 13:30:03.700,2861.0000,17479,0,11107768560.000,0,-,-,-,-,2860.4000,2860.2000,2860.0000,2859.8000,2859.2000,2861.2000,2861.4000,2861.6000,2861.8000,2862.0000,8,4,8,1,1,5,1,2,1,22
SF,IH2006,2020-06-17 13:30:04.200,2861.0000,17479,0,11107768560.000,0,-,-,-,-,2860.8000,2860.4000,2860.2000,2860.0000,2859.8000,2861.2000,2861.4000,2861.6000,2861.8000,2862.0000,1,9,4,8,1,5,1,2,1,22
SF,IH2006,2020-06-17 13:30:04.700,2861.0000,17479,0,11107768560.000,0,-,-,-,-,2860.8000,2860.4000,2860.2000,2860.0000,2859.8000,2861.2000,2861.4000,2861.6000,2861.8000,2862.0000,1,7,4,10,1,5,1,2,1,22
SF,IH2006,2020-06-17 13:30:05.200,2861.0000,17479,0,11107768560.000,0,-,-,-,-,2860.8000,2860.6000,2860.4000,2860.2000,2860.0000,2861.2000,2861.4000,2861.6000,2861.8000,2862.0000,2,1,8,4,10,5,1,2,1,22
SF,IH2006,2020-06-17 13:30:07.200,2861.0000,17479,0,11107768560.000,0,-,-,-,-,2860.8000,2860.6000,2860.4000,2860.2000,2860.0000,2861.2000,2861.4000,2861.6000,2861.8000,2862.0000,5,1,8,4,10,5,1,2,1,22
SF,IH2006,2020-06-17 13:30:07.700,2861.0000,17479,0,11107768560.000,0,-,-,-,-,2860.8000,2860.6000,2860.4000,2860.2000,2860.0000,2861.2000,2861.4000,2861.6000,2861.8000,2862.0000,5,1,8,4,10,4,1,2,1,22
SF,IH2006,2020-06-17 13:30:08.200,2861.0000,17479,0,11107768560.000,0,-,-,-,-,2860.8000,2860.6000,2860.4000,2860.2000,2860.0000,2861.2000,2861.4000,2861.6000,2861.8000,2862.0000,5,1,7,4,10,4,1,2,1,22
SF,IH2006,2020-06-17 13:30:08.700,2860.8000,17474,-5,11112059760.000,5,0,5,双平,B,2860.6000,2860.4000,2860.2000,2860.0000,2859.8000,2860.8000,2861.2000,2861.4000,2861.6000,2861.8000,1,7,4,10,1,6,4,1,2,1
SF,IH2006,2020-06-17 13:30:09.200,2860.8000,17472,-2,11114634480.000,3,0,3,空平,B,2860.6000,2860.4000,2860.2000,2860.0000,2859.8000,2860.8000,2861.2000,2861.4000,2861.6000,2861.8000,1,7,4,10,1,3,4,1,2,1
SF,IH2006,2020-06-17 13:30:09.700,2860.8000,17472,0,11114634480.000,0,-,-,-,-,2860.6000,2860.4000,2860.2000,2860.0000,2859.8000,2860.8000,2861.2000,2861.4000,2861.6000,2861.8000,1,7,4,10,1,3,4,1,2,1
SF,IH2006,2020-06-17 13:30:11.200,2860.6000,17471,-1,11115492660.000,1,0,1,双平,B,2860.4000,2860.2000,2860.0000,2859.8000,2859.2000,2860.8000,2861.2000,2861.4000,2861.6000,2861.8000,7,4,10,1,1,3,4,1,2,1
SF,IH2006,2020-06-17 13:30:12.700,2860.6000,17471,0,11115492660.000,0,-,-,-,-,2860.4000,2860.2000,2860.0000,2859.8000,2859.2000,2860.8000,2861.0000,2861.2000,2861.4000,2861.6000,7,4,10,1,1,3,1,4,1,2
SF,IH2006,2020-06-17 13:30:13.700,2860.6000,17471,0,11115492660.000,0,-,-,-,-,2860.4000,2860.2000,2860.0000,2859.8000,2859.2000,2860.8000,2861.0000,2861.2000,2861.4000,2861.6000,7,4,10,1,1,5,1,4,1,2
SF,IH2006,2020-06-17 13:30:14.200,2860.6000,17471,0,11115492660.000,0,-,-,-,-,2860.4000,2860.2000,2860.0000,2859.8000,2859.2000,2860.8000,2861.0000,2861.2000,2861.4000,2861.6000,6,4,10,1,1,5,1,4,1,2
SF,IH2006,2020-06-17 13:30:15.700,2860.6000,17471,0,11115492660.000,0,-,-,-,-,2860.4000,2860.2000,2860.0000,2859.8000,2859.2000,2860.8000,2861.0000,2861.2000,2861.4000,2861.6000,4,4,10,1,1,5,1,4,1,2
SF,IH2006,2020-06-17 13:30:16.200,2860.6000,17471,0,11115492660.000,0,-,-,-,-,2860.4000,2860.2000,2860.0000,2859.8000,2859.2000,2860.8000,2861.0000,2861.2000,2861.4000,2861.6000,4,4,10,1,1,6,1,4,1,2
SF,IH2006,2020-06-17 13:30:20.200,2860.6000,17471,0,11115492660.000,0,-,-,-,-,2860.4000,2860.2000,2860.0000,2859.8000,2859.2000,2860.8000,2861.0000,2861.2000,2861.4000,2861.6000,4,4,9,1,1,6,1,4,1,2
SF,IH2006,2020-06-17 13:30:20.700,2860.6000,17471,0,11115492660.000,0,-,-,-,-,2860.4000,2860.2000,2860.0000,2859.8000,2859.2000,2860.8000,2861.0000,2861.2000,2861.4000,2861.6000,4,4,11,1,1,6,1,4,1,2
SF,IH2006,2020-06-17 13:30:21.700,2860.6000,17471,0,11115492660.000,0,-,-,-,-,2860.4000,2860.2000,2860.0000,2859.8000,2859.2000,2860.8000,2861.0000,2861.2000,2861.4000,2861.6000,4,4,11,1,1,6,2,4,1,2
SF,IH2006,2020-06-17 13:30:23.700,2860.8000,17470,-1,11116350900.000,1,0,1,双平,B,2860.4000,2860.2000,2860.0000,2859.8000,2859.2000,2860.8000,2861.0000,2861.2000,2861.4000,2861.6000,4,4,11,1,1,5,2,4,1,2
SF,IH2006,2020-06-17 13:30:25.200,2860.8000,17470,0,11116350900.000,0,-,-,-,-,2860.6000,2860.4000,2860.2000,2860.0000,2859.8000,2860.8000,2861.0000,2861.2000,2861.4000,2861.6000,1,4,4,11,1,5,2,4,1,2
SF,IH2006,2020-06-17 13:30:25.700,2860.6000,17470,0,11117209080.000,1,0,1,空换,B,2860.4000,2860.2000,2860.0000,2859.8000,2859.2000,2860.8000,2861.0000,2861.2000,2861.4000,2861.6000,4,4,11,1,1,5,2,4,1,2
SF,IH2006,2020-06-17 13:30:26.200,2860.6000,17470,0,11117209080.000,0,-,-,-,-,2860.4000,2860.2000,2860.0000,2859.8000,2859.2000,2860.6000,2860.8000,2861.0000,2861.2000,2861.4000,4,4,11,1,1,1,5,2,4,1
SF,IH2006,2020-06-17 13:30:26.700,2860.6000,17470,0,11117209080.000,0,-,-,-,-,2860.4000,2860.2000,2860.0000,2859.8000,2859.2000,2860.6000,2860.8000,2861.0000,2861.2000,2861.4000,4,4,11,1,1,2,5,2,4,1
SF,IH2006,2020-06-17 13:30:28.700,2860.6000,17470,0,11118067260.000,1,0,1,空换,B,2860.4000,2860.2000,2860.0000,2859.8000,2859.2000,2860.6000,2860.8000,2861.0000,2861.2000,2861.4000,4,4,11,1,1,1,5,2,4,1
SF,IH2006,2020-06-17 13:30:30.200,2860.6000,17470,0,11118067260.000,0,-,-,-,-,2860.4000,2860.2000,2860.0000,2859.8000,2859.2000,2860.6000,2860.8000,2861.0000,2861.2000,2861.4000,4,4,11,1,1,1,3,2,4,1
SF,IH2006,2020-06-17 13:30:30.700,2860.6000,17471,1,11118925440.000,1,1,0,双开,B,2860.4000,2860.2000,2860.0000,2859.8000,2859.2000,2860.8000,2861.0000,2861.2000,2861.4000,2861.6000,4,4,11,1,1,3,2,4,1,1
SF,IH2006,2020-06-17 13:30:31.200,2860.8000,17471,0,11119783680.000,1,0,1,空换,B,2860.4000,2860.2000,2860.0000,2859.8000,2859.2000,2860.8000,2861.0000,2861.2000,2861.4000,2861.6000,4,4,11,1,1,3,2,4,1,1
SF,IH2006,2020-06-17 13:30:31.700,2860.8000,17471,0,11119783680.000,0,-,-,-,-,2860.4000,2860.2000,2860.0000,2859.8000,2859.2000,2860.8000,2861.0000,2861.2000,2861.4000,2861.6000,4,4,11,1,1,2,2,4,1,1
SF,IH2006,2020-06-17 13:30:32.200,2860.4000,17470,-1,11120641800.000,1,0,1,双平,B,2860.4000,2860.2000,2860.0000,2859.8000,2859.2000,2860.8000,2861.0000,2861.2000,2861.4000,2861.6000,3,4,11,1,1,2,2,4,1,1
SF,IH2006,2020-06-17 13:30:32.700,2860.8000,17470,0,11121500040.000,1,0,1,空换,B,2860.6000,2860.4000,2860.2000,2860.0000,2859.8000,2860.8000,2861.0000,2861.2000,2861.4000,2861.6000,4,3,4,13,1,1,2,4,1,1
SF,IH2006,2020-06-17 13:30:33.200,2860.8000,17471,1,11122358280.000,1,1,0,双开,B,2860.8000,2860.6000,2860.4000,2860.2000,2860.0000,2861.0000,2861.2000,2861.4000,2861.6000,2861.8000,3,1,3,4,13,2,4,1,1,1
SF,IH2006,2020-06-17 13:30:33.700,2860.8000,17471,0,11122358280.000,0,-,-,-,-,2860.6000,2860.4000,2860.2000,2860.0000,2859.8000,2861.0000,2861.2000,2861.4000,2861.6000,2861.8000,1,3,4,13,1,2,4,1,1,1
SF,IH2006,2020-06-17 13:30:35.200,2860.8000,17471,0,11122358280.000,0,-,-,-,-,2860.4000,2860.2000,2860.0000,2859.8000,2859.2000,2861.0000,2861.2000,2861.4000,2861.6000,2861.8000,3,4,13,1,1,2,4,1,1,1
SF,IH2006,2020-06-17 13:30:38.700,2860.8000,17471,0,11122358280.000,0,-,-,-,-,2860.4000,2860.2000,2860.0000,2859.8000,2859.2000,2861.0000,2861.2000,2861.4000,2861.6000,2861.8000,3,4,12,1,1,3,4,1,1,1
SF,IH2006,2020-06-17 13:30:39.200,2860.8000,17471,0,11122358280.000,0,-,-,-,-,2860.4000,2860.2000,2860.0000,2859.8000,2859.2000,2860.8000,2861.0000,2861.2000,2861.4000,2861.6000,3,4,12,1,1,1,4,4,1,1
SF,IH2006,2020-06-17 13:30:40.700,2860.4000,17470,-1,11124074520.000,2,0,2,空平,B,2860.4000,2860.2000,2860.0000,2859.8000,2859.2000,2860.8000,2861.0000,2861.2000,2861.4000,2861.6000,1,4,12,1,1,1,4,4,1,1
SF,IH2006,2020-06-17 13:30:41.200,2860.8000,17470,0,11125790880.000,2,1,1,空换,B,2860.2000,2860.0000,2859.8000,2859.2000,2859.0000,2861.0000,2861.2000,2861.6000,2861.8000,2862.0000,4,12,1,1,3,4,4,1,1,23
SF,IH2006,2020-06-17 13:30:41.700,2860.8000,17470,0,11125790880.000,0,-,-,-,-,2860.2000,2860.0000,2859.8000,2859.2000,2859.0000,2860.8000,2861.0000,2861.2000,2861.6000,2861.8000,5,12,1,1,3,1,4,4,1,1
SF,IH2006,2020-06-17 13:30:42.200,2860.8000,17470,0,11125790880.000,0,-,-,-,-,2860.2000,2860.0000,2859.8000,2859.2000,2859.0000,2860.8000,2861.0000,2861.2000,2861.6000,2861.8000,5,12,1,1,3,1,4,4,1,1
SF,IH2006,2020-06-17 13:30:42.700,2860.8000,17470,0,11125790880.000,0,-,-,-,-,2860.2000,2860.0000,2859.8000,2859.2000,2859.0000,2860.8000,2861.0000,2861.2000,2861.6000,2861.8000,5,12,1,1,3,2,4,4,1,1
SF,IH2006,2020-06-17 13:30:44.200,2860.8000,17470,0,11125790880.000,0,-,-,-,-,2860.2000,2860.0000,2859.8000,2859.2000,2859.0000,2860.8000,2861.0000,2861.2000,2861.6000,2861.8000,5,12,1,1,3,3,4,4,1,1
SF,IH2006,2020-06-17 13:30:46.700,2860.8000,17470,0,11125790880.000,0,-,-,-,-,2860.2000,2860.0000,2859.8000,2859.2000,2859.0000,2860.8000,2861.0000,2861.2000,2861.6000,2861.8000,5,12,1,1,3,2,4,4,1,1
SF,IH2006,2020-06-17 13:30:47.700,2860.8000,17470,0,11125790880.000,0,-,-,-,-,2860.2000,2860.0000,2859.8000,2859.2000,2859.0000,2860.8000,2861.0000,2861.2000,2861.6000,2861.8000,5,12,1,1,3,2,4,4,1,1
SF,IH2006,2020-06-17 13:30:48.200,2860.8000,17470,0,11125790880.000,0,-,-,-,-,2860.4000,2860.2000,2860.0000,2859.8000,2859.2000,2860.8000,2861.0000,2861.2000,2861.6000,2861.8000,1,5,12,1,1,2,4,4,1,1
SF,IH2006,2020-06-17 13:30:50.700,2860.8000,17471,1,11126649120.000,1,1,0,双开,B,2860.4000,2860.2000,2860.0000,2859.8000,2859.2000,2860.8000,2861.0000,2861.2000,2861.6000,2861.8000,1,5,12,1,1,1,4,4,1,1
SF,IH2006,2020-06-17 13:30:53.700,2860.8000,17471,0,11126649120.000,0,-,-,-,-,2860.4000,2860.2000,2860.0000,2859.8000,2859.2000,2860.8000,2861.0000,2861.2000,2861.6000,2861.8000,2,5,12,1,1,1,4,4,1,1
SF,IH2006,2020-06-17 13:30:55.700,2860.8000,17471,0,11127507360.000,1,0,1,空换,B,2860.8000,2860.6000,2860.4000,2860.2000,2860.0000,2861.0000,2861.2000,2861.6000,2861.8000,2862.0000,1,2,2,5,12,4,4,1,1,23
SF,IH2006,2020-06-17 13:30:56.200,2861.0000,17469,-2,11130082200.000,3,0,3,空平,B,2860.6000,2860.4000,2860.2000,2860.0000,2859.8000,2861.0000,2861.2000,2861.6000,2861.8000,2862.0000,2,2,5,12,1,1,4,1,1,23
SF,IH2006,2020-06-17 13:30:56.700,2861.0000,17470,1,11130940500.000,1,1,0,双开,B,2861.0000,2860.8000,2860.6000,2860.4000,2860.2000,2861.2000,2861.6000,2861.8000,2862.0000,2862.8000,1,2,3,2,5,4,1,1,23,1
SF,IH2006,2020-06-17 13:30:57.200,2861.0000,17470,0,11130940500.000,0,-,-,-,-,2860.6000,2860.4000,2860.2000,2860.0000,2859.8000,2861.2000,2861.6000,2861.8000,2862.0000,2862.8000,3,2,5,12,1,3,1,1,23,1
SF,IH2006,2020-06-17 13:30:57.700,2861.0000,17470,0,11130940500.000,0,-,-,-,-,2860.8000,2860.6000,2860.4000,2860.2000,2860.0000,2861.2000,2861.6000,2861.8000,2862.0000,2862.8000,2,3,1,4,12,3,1,1,23,1
SF,IH2006,2020-06-17 13:30:58.700,2861.0000,17470,0,11130940500.000,0,-,-,-,-,2860.8000,2860.6000,2860.4000,2860.2000,2860.0000,2861.2000,2861.6000,2861.8000,2862.0000,2862.8000,2,2,1,4,12,3,1,1,23,1
SF,IH2006,2020-06-17 13:31:00.700,2861.2000,17470,0,11131798860.000,1,0,1,空换,B,2860.8000,2860.6000,2860.4000,2860.2000,2860.0000,2861.2000,2861.6000,2861.8000,2862.0000,2862.8000,2,2,1,4,12,2,1,1,23,1
SF,IH2006,2020-06-17 13:31:01.200,2861.2000,17470,0,11133515580.000,2,1,1,空换,B,2860.8000,2860.6000,2860.4000,2860.2000,2860.0000,2861.6000,2861.8000,2862.0000,2862.8000,2863.0000,2,2,1,4,12,1,1,23,1,2
SF,IH2006,2020-06-17 13:31:01.700,2861.2000,17470,0,11133515580.000,0,-,-,-,-,2861.0000,2860.8000,2860.6000,2860.4000,2860.2000,2861.4000,2861.6000,2861.8000,2862.0000,2862.8000,5,1,1,1,4,1,2,1,23,1
SF,IH2006,2020-06-17 13:31:02.200,2861.4000,17471,1,11134374000.000,1,1,0,双开,B,2861.2000,2861.0000,2860.8000,2860.4000,2860.2000,2861.6000,2861.8000,2862.0000,2862.8000,2863.0000,1,7,1,1,4,2,1,23,1,2
SF,IH2006,2020-06-17 13:31:02.700,2861.4000,17471,0,11134374000.000,0,-,-,-,-,2861.2000,2861.0000,2860.8000,2860.4000,2860.2000,2861.6000,2861.8000,2862.0000,2862.8000,2863.0000,2,7,1,1,4,2,1,23,1,2
SF,IH2006,2020-06-17 13:31:03.200,2861.4000,17471,0,11134374000.000,0,-,-,-,-,2861.2000,2861.0000,2860.8000,2860.4000,2860.2000,2861.6000,2861.8000,2862.0000,2862.8000,2863.0000,2,5,1,1,4,1,1,23,1,2
SF,IH2006,2020-06-17 13:31:03.700,2861.4000,17471,0,11134374000.000,0,-,-,-,-,2861.2000,2861.0000,2860.8000,2860.4000,2860.2000,2861.6000,2861.8000,2862.0000,2862.8000,2863.0000,1,5,1,1,4,1,1,23,1,2
SF,IH2006,2020-06-17 13:31:04.200,2861.4000,17471,0,11134374000.000,0,-,-,-,-,2861.2000,2861.0000,2860.8000,2860.4000,2860.2000,2861.6000,2861.8000,2862.0000,2862.8000,2863.0000,1,5,1,1,4,2,1,23,1,2
SF,IH2006,2020-06-17 13:31:05.200,2861.4000,17471,0,11134374000.000,0,-,-,-,-,2861.2000,2861.0000,2860.8000,2860.4000,2860.2000,2861.6000,2861.8000,2862.0000,2862.8000,2863.0000,1,5,2,1,4,2,1,23,1,2
SF,IH2006,2020-06-17 13:31:06.200,2861.4000,17471,0,11134374000.000,0,-,-,-,-,2861.2000,2861.0000,2860.8000,2860.4000,2860.2000,2861.6000,2861.8000,2862.0000,2862.8000,2863.0000,1,5,3,1,4,2,1,23,1,2
SF,IH2006,2020-06-17 13:31:06.700,2861.4000,17471,0,11134374000.000,0,-,-,-,-,2861.2000,2861.0000,2860.8000,2860.4000,2860.2000,2861.6000,2861.8000,2862.0000,2862.8000,2863.0000,1,3,3,1,4,2,1,23,1,2
SF,IH2006,2020-06-17 13:31:08.700,2861.4000,17471,0,11134374000.000,0,-,-,-,-,2861.2000,2861.0000,2860.8000,2860.4000,2860.2000,2861.6000,2861.8000,2862.0000,2862.8000,2863.0000,1,3,3,1,4,2,1,22,1,2
SF,IH2006,2020-06-17 13:31:09.200,2861.4000,17471,0,11134374000.000,0,-,-,-,-,2861.2000,2861.0000,2860.8000,2860.4000,2860.2000,2861.6000,2861.8000,2862.0000,2862.8000,2863.0000,1,3,3,1,4,2,2,22,1,2
SF,IH2006,2020-06-17 13:31:09.700,2861.4000,17471,0,11134374000.000,0,-,-,-,-,2861.2000,2861.0000,2860.8000,2860.4000,2860.2000,2861.4000,2861.6000,2861.8000,2862.0000,2862.8000,1,3,3,1,4,1,2,2,22,1
SF,IH2006,2020-06-17 13:31:11.200,2861.4000,17471,0,11134374000.000,0,-,-,-,-,2861.2000,2861.0000,2860.8000,2860.4000,2860.2000,2861.4000,2861.6000,2861.8000,2862.0000,2862.8000,1,3,3,1,4,2,2,2,22,1
SF,IH2006,2020-06-17 13:31:12.200,2861.4000,17471,0,11134374000.000,0,-,-,-,-,2861.2000,2861.0000,2860.8000,2860.4000,2860.2000,2861.4000,2861.6000,2861.8000,2862.0000,2862.8000,1,3,3,1,4,2,2,2,22,2
SF,IH2006,2020-06-17 13:31:13.700,2861.2000,17471,0,11135232360.000,1,0,1,空换,B,2861.0000,2860.8000,2860.4000,2860.2000,2860.0000,2861.4000,2861.6000,2861.8000,2862.0000,2862.8000,3,3,1,4,12,2,2,2,22,2
SF,IH2006,2020-06-17 13:31:16.200,2861.2000,17471,0,11135232360.000,0,-,-,-,-,2861.0000,2860.8000,2860.4000,2860.2000,2860.0000,2861.4000,2861.6000,2861.8000,2862.0000,2862.8000,4,3,1,4,12,2,2,2,22,2
SF,IH2006,2020-06-17 13:31:19.700,2861.0000,17470,-1,11138665560.000,4,1,3,空平,B,2860.8000,2860.4000,2860.2000,2860.0000,2859.8000,2861.0000,2861.4000,2861.6000,2861.8000,2862.0000,3,1,4,12,1,7,1,2,2,22
SF,IH2006,2020-06-17 13:31:20.200,2861.4000,17469,-1,11145532080.000,8,3,5,空平,B,2861.0000,2860.8000,2860.4000,2860.2000,2860.0000,2861.6000,2861.8000,2862.0000,2862.8000,2863.0000,8,3,1,4,12,2,2,22,2,2
SF,IH2006,2020-06-17 13:31:20.700,2861.6000,17469,0,11146390560.000,1,0,1,空换,B,2861.0000,2860.8000,2860.4000,2860.2000,2860.0000,2861.6000,2861.8000,2862.0000,2862.8000,2863.0000,6,3,1,4,12,2,2,22,2,2
SF,IH2006,2020-06-17 13:31:21.200,2861.6000,17470,1,11147249040.000,1,1,0,双开,B,2861.0000,2860.8000,2860.4000,2860.2000,2860.0000,2861.6000,2861.8000,2862.0000,2862.8000,2863.0000,7,3,1,4,12,1,2,22,2,2
SF,IH2006,2020-06-17 13:31:21.700,2861.6000,17471,1,11148107520.000,1,1,0,双开,B,2861.6000,2861.4000,2861.2000,2861.0000,2860.8000,2861.8000,2862.0000,2862.8000,2863.0000,2863.2000,3,2,14,7,2,2,22,2,2,2
SF,IH2006,2020-06-17 13:31:22.200,2861.6000,17471,0,11148966000.000,1,0,1,空换,B,2861.2000,2861.0000,2860.8000,2860.4000,2860.2000,2861.8000,2862.0000,2862.8000,2863.0000,2863.2000,12,7,2,1,4,2,22,2,2,2
SF,IH2006,2020-06-17 13:31:22.700,2861.6000,17471,0,11148966000.000,0,-,-,-,-,2861.4000,2861.2000,2861.0000,2860.8000,2860.4000,2861.8000,2862.0000,2862.8000,2863.0000,2863.2000,5,12,6,2,1,2,22,2,2,2
SF,IH2006,2020-06-17 13:31:23.200,2861.6000,17471,0,11148966000.000,0,-,-,-,-,2861.4000,2861.2000,2861.0000,2860.8000,2860.4000,2861.8000,2862.0000,2862.8000,2863.0000,2863.2000,6,12,4,2,1,2,22,2,2,2
SF,IH2006,2020-06-17 13:31:25.200,2861.6000,17471,0,11148966000.000,0,-,-,-,-,2861.4000,2861.2000,2861.0000,2860.8000,2860.4000,2861.8000,2862.0000,2862.8000,2863.0000,2863.2000,5,12,4,2,1,2,22,2,2,2
SF,IH2006,2020-06-17 13:31:25.700,2861.6000,17471,0,11148966000.000,0,-,-,-,-,2861.4000,2861.2000,2861.0000,2860.8000,2860.4000,2861.8000,2862.0000,2862.8000,2863.0000,2863.2000,3,11,4,2,1,2,22,2,2,2
SF,IH2006,2020-06-17 13:31:26.200,2861.6000,17471,0,11148966000.000,0,-,-,-,-,2861.4000,2861.2000,2861.0000,2860.8000,2860.4000,2861.8000,2862.0000,2862.8000,2863.0000,2863.2000,5,11,4,2,1,2,22,2,2,2
SF,IH2006,2020-06-17 13:31:26.700,2861.8000,17470,-1,11149824540.000,1,0,1,双平,B,2861.4000,2861.2000,2861.0000,2860.8000,2860.4000,2861.8000,2862.0000,2862.8000,2863.0000,2863.2000,5,11,4,2,1,1,22,2,2,2
SF,IH2006,2020-06-17 13:31:27.200,2862.0000,17469,-1,11151541680.000,2,0,2,空平,B,2861.4000,2861.2000,2861.0000,2860.8000,2860.4000,2862.0000,2862.8000,2863.0000,2863.2000,2863.4000,5,11,4,2,1,21,2,2,2,1
SF,IH2006,2020-06-17 13:31:27.700,2861.6000,17469,0,11152400160.000,1,0,1,空换,B,2861.6000,2861.4000,2861.2000,2861.0000,2860.8000,2862.0000,2862.8000,2863.0000,2863.2000,2863.4000,4,5,7,4,1,21,2,2,2,1
SF,IH2006,2020-06-17 13:31:28.200,2861.6000,17469,0,11152400160.000,0,-,-,-,-,2861.8000,2861.6000,2861.4000,2861.2000,2861.0000,2862.0000,2862.8000,2863.0000,2863.2000,2863.4000,2,4,5,7,3,21,2,2,2,1
SF,IH2006,2020-06-17 13:31:28.700,2862.0000,17469,0,11153258760.000,1,0,1,空换,B,2861.8000,2861.6000,2861.4000,2861.2000,2861.0000,2862.0000,2862.8000,2863.0000,2863.2000,2863.4000,2,4,3,8,3,20,2,2,2,1
SF,IH2006,2020-06-17 13:31:29.200,2862.0000,17469,0,11153258760.000,0,-,-,-,-,2861.8000,2861.6000,2861.4000,2861.2000,2861.0000,2862.0000,2862.8000,2863.0000,2863.2000,2863.4000,2,4,3,6,3,20,2,2,2,1
SF,IH2006,2020-06-17 13:31:29.700,2862.0000,17469,0,11154975960.000,2,1,1,空换,B,2861.8000,2861.6000,2861.4000,2861.2000,2861.0000,2862.0000,2862.8000,2863.0000,2863.2000,2863.4000,2,4,3,6,3,18,2,2,2,1
SF,IH2006,2020-06-17 13:31:30.200,2862.0000,17468,-1,11155834560.000,1,0,1,双平,B,2861.8000,2861.6000,2861.4000,2861.2000,2861.0000,2862.0000,2862.8000,2863.0000,2863.2000,2863.4000,2,4,3,6,3,17,2,2,2,1
SF,IH2006,2020-06-17 13:31:31.700,2861.8000,17468,0,11156693100.000,1,0,1,空换,B,2861.6000,2861.4000,2861.2000,2861.0000,2860.8000,2862.0000,2862.8000,2863.0000,2863.2000,2863.4000,4,3,6,3,1,17,2,2,2,1
SF,IH2006,2020-06-17 13:31:32.200,2861.8000,17468,0,11156693100.000,0,-,-,-,-,2861.6000,2861.4000,2861.2000,2861.0000,2860.8000,2862.0000,2862.8000,2863.0000,2863.2000,2863.4000,1,3,5,3,1,17,2,2,2,1
SF,IH2006,2020-06-17 13:31:32.700,2861.8000,17468,0,11156693100.000,0,-,-,-,-,2861.4000,2861.2000,2861.0000,2860.8000,2860.4000,2862.0000,2862.4000,2862.8000,2863.0000,2863.2000,3,5,3,1,1,18,1,2,2,2
SF,IH2006,2020-06-17 13:31:34.200,2861.8000,17468,0,11156693100.000,0,-,-,-,-,2861.4000,2861.2000,2861.0000,2860.8000,2860.4000,2862.0000,2862.4000,2862.8000,2863.0000,2863.2000,3,5,3,1,1,17,1,2,2,2
SF,IH2006,2020-06-17 13:31:35.200,2862.0000,17465,-3,11159268900.000,3,0,3,双平,B,2861.4000,2861.2000,2861.0000,2860.8000,2860.4000,2862.0000,2862.4000,2862.8000,2863.0000,2863.2000,3,5,3,1,1,14,1,2,2,2
SF,IH2006,2020-06-17 13:31:35.700,2862.0000,17464,-1,11160127500.000,1,0,1,双平,B,2861.6000,2861.4000,2861.2000,2861.0000,2860.8000,2862.0000,2862.4000,2862.8000,2863.0000,2863.2000,2,3,5,3,1,13,1,2,2,2
SF,IH2006,2020-06-17 13:31:36.200,2862.0000,17464,0,11160127500.000,0,-,-,-,-,2861.6000,2861.4000,2861.2000,2861.0000,2860.8000,2862.0000,2862.4000,2862.8000,2863.0000,2863.2000,2,3,5,3,1,12,1,2,2,2
SF,IH2006,2020-06-17 13:31:36.700,2862.0000,17464,0,11160127500.000,0,-,-,-,-,2861.6000,2861.4000,2861.2000,2861.0000,2860.8000,2862.0000,2862.4000,2862.8000,2863.0000,2863.2000,4,3,5,3,1,13,1,2,2,2
SF,IH2006,2020-06-17 13:31:37.200,2862.0000,17464,0,11160986100.000,1,0,1,空换,B,2861.6000,2861.4000,2861.2000,2861.0000,2860.8000,2862.0000,2862.8000,2863.0000,2863.2000,2863.4000,4,3,5,3,1,12,2,2,2,1
SF,IH2006,2020-06-17 13:31:37.700,2862.0000,17464,0,11160986100.000,0,-,-,-,-,2861.6000,2861.4000,2861.2000,2861.0000,2860.8000,2862.0000,2862.8000,2863.0000,2863.2000,2863.4000,4,3,3,3,1,12,2,2,2,1
SF,IH2006,2020-06-17 13:31:38.700,2862.0000,17464,0,11160986100.000,0,-,-,-,-,2861.6000,2861.4000,2861.2000,2861.0000,2860.8000,2862.0000,2862.8000,2863.0000,2863.2000,2863.4000,4,3,4,3,1,12,2,2,2,1
SF,IH2006,2020-06-17 13:31:39.200,2862.0000,17463,-1,11161844700.000,1,0,1,双平,B,2861.6000,2861.4000,2861.2000,2861.0000,2860.8000,2862.0000,2862.8000,2863.0000,2863.2000,2863.4000,5,3,4,3,1,11,2,2,2,1
SF,IH2006,2020-06-17 13:31:39.700,2862.0000,17462,-1,11163561900.000,2,0,2,空平,B,2861.8000,2861.6000,2861.4000,2861.2000,2861.0000,2862.0000,2862.8000,2863.0000,2863.2000,2863.4000,1,6,2,4,3,9,2,2,2,1
SF,IH2006,2020-06-17 13:31:40.200,2862.8000,17453,-9,11172148140.000,10,0,10,空平,B,2861.8000,2861.6000,2861.4000,2861.2000,2861.0000,2862.8000,2863.0000,2863.2000,2863.4000,2863.6000,1,6,2,4,3,1,2,2,1,1
SF,IH2006,2020-06-17 13:31:40.700,2862.0000,17453,0,11173865340.000,2,1,1,空换,B,2862.0000,2861.8000,2861.6000,2861.4000,2861.2000,2862.4000,2862.6000,2862.8000,2863.0000,2863.2000,1,2,6,2,4,1,6,3,2,2
SF,IH2006,2020-06-17 13:31:41.200,2862.4000,17453,0,11174724060.000,1,0,1,空换,B,2861.8000,2861.6000,2861.4000,2861.2000,2861.0000,2862.4000,2862.6000,2862.8000,2863.0000,2863.2000,2,5,2,4,3,1,5,5,2,2
SF,IH2006,2020-06-17 13:31:41.700,2862.4000,17453,0,11174724060.000,0,-,-,-,-,2861.8000,2861.6000,2861.4000,2861.2000,2861.0000,2862.4000,2862.6000,2862.8000,2863.0000,2863.2000,2,5,2,4,3,1,5,5,2,2
SF,IH2006,2020-06-17 13:31:42.200,2862.4000,17453,0,11174724060.000,0,-,-,-,-,2862.0000,2861.8000,2861.6000,2861.4000,2861.2000,2862.4000,2862.6000,2862.8000,2863.0000,2863.2000,1,2,5,2,4,1,5,5,2,2
SF,IH2006,2020-06-17 13:31:42.700,2862.4000,17452,-1,11175582780.000,1,0,1,双平,B,2862.0000,2861.8000,2861.6000,2861.4000,2861.2000,2862.6000,2862.8000,2863.0000,2863.2000,2863.6000,1,2,5,2,4,5,5,2,2,1
SF,IH2006,2020-06-17 13:31:43.700,2862.4000,17452,0,11175582780.000,0,-,-,-,-,2862.0000,2861.8000,2861.6000,2861.4000,2861.2000,2862.6000,2862.8000,2863.0000,2863.2000,2863.6000,2,2,5,2,4,5,5,2,2,1
SF,IH2006,2020-06-17 13:31:44.700,2862.4000,17452,0,11175582780.000,0,-,-,-,-,2862.0000,2861.8000,2861.6000,2861.4000,2861.2000,2862.6000,2862.8000,2863.0000,2863.2000,2863.6000,2,2,5,2,4,4,5,2,2,1
SF,IH2006,2020-06-17 13:31:45.200,2862.4000,17452,0,11175582780.000,0,-,-,-,-,2862.2000,2862.0000,2861.8000,2861.6000,2861.2000,2862.6000,2862.8000,2863.0000,2863.2000,2863.6000,3,4,2,5,4,1,2,2,1,1
SF,IH2006,2020-06-17 13:31:45.700,2862.6000,17452,0,11176441560.000,1,0,1,空换,B,2862.4000,2862.2000,2862.0000,2861.8000,2861.6000,2862.8000,2863.0000,2863.2000,2863.6000,2863.8000,2,2,4,2,4,1,2,1,2,2
SF,IH2006,2020-06-17 13:31:47.200,2862.6000,17452,0,11177300340.000,1,0,1,空换,B,2862.6000,2862.4000,2862.2000,2862.0000,2861.8000,2862.8000,2863.0000,2863.2000,2863.6000,2863.8000,1,2,2,3,2,1,2,1,2,2
SF,IH2006,2020-06-17 13:31:47.700,2862.8000,17451,-1,11178159180.000,1,0,1,双平,B,2862.6000,2862.4000,2862.2000,2862.0000,2861.8000,2863.0000,2863.2000,2863.6000,2863.8000,2864.0000,1,2,2,4,2,2,1,2,2,18
SF,IH2006,2020-06-17 13:31:48.200,2862.8000,17451,0,11178159180.000,0,-,-,-,-,2862.6000,2862.4000,2862.2000,2862.0000,2861.8000,2863.0000,2863.2000,2863.6000,2863.8000,2864.0000,1,2,2,3,2,2,1,2,2,18
SF,IH2006,2020-06-17 13:31:48.700,2863.0000,17452,1,11179018080.000,1,1,0,双开,B,2862.6000,2862.4000,2862.2000,2862.0000,2861.8000,2863.0000,2863.2000,2863.6000,2863.8000,2864.0000,1,2,2,3,2,1,1,2,2,18
SF,IH2006,2020-06-17 13:31:49.200,2862.6000,17451,-1,11180735760.000,2,0,2,空平,B,2862.4000,2862.2000,2862.0000,2861.8000,2861.6000,2863.2000,2863.6000,2863.8000,2864.0000,2864.4000,2,2,3,2,4,1,2,2,18,1
SF,IH2006,2020-06-17 13:31:49.700,2862.6000,17452,1,11181594540.000,1,1,0,双开,B,2862.6000,2862.4000,2862.2000,2862.0000,2861.8000,2862.8000,2863.2000,2863.6000,2863.8000,2864.0000,2,3,2,3,2,1,1,2,2,18
SF,IH2006,2020-06-17 13:31:50.200,2862.8000,17452,0,11182453380.000,1,0,1,空换,B,2862.6000,2862.4000,2862.2000,2862.0000,2861.8000,2863.2000,2863.6000,2863.8000,2864.0000,2864.4000,2,3,2,3,2,1,2,2,18,1
SF,IH2006,2020-06-17 13:31:50.700,2862.8000,17452,0,11182453380.000,0,-,-,-,-,2863.0000,2862.6000,2862.4000,2862.2000,2862.0000,2863.2000,2863.4000,2863.6000,2863.8000,2864.0000,1,2,3,2,3,1,1,3,2,18
SF,IH2006,2020-06-17 13:31:51.200,2863.0000,17451,-1,11183312280.000,1,0,1,双平,B,2862.6000,2862.4000,2862.2000,2862.0000,2861.8000,2863.0000,2863.2000,2863.4000,2863.6000,2863.8000,2,3,2,3,2,3,1,1,3,2
SF,IH2006,2020-06-17 13:31:51.700,2863.0000,17451,0,11183312280.000,0,-,-,-,-,2862.6000,2862.4000,2862.2000,2862.0000,2861.8000,2863.0000,2863.2000,2863.4000,2863.6000,2863.8000,3,3,2,3,2,1,1,1,2,2
SF,IH2006,2020-06-17 13:31:52.200,2863.0000,17451,0,11183312280.000,0,-,-,-,-,2862.6000,2862.4000,2862.2000,2862.0000,2861.8000,2863.0000,2863.2000,2863.4000,2863.6000,2863.8000,3,3,2,3,2,2,1,1,2,2
SF,IH2006,2020-06-17 13:31:52.700,2863.0000,17451,0,11184171180.000,1,0,1,空换,B,2862.8000,2862.6000,2862.4000,2862.2000,2862.0000,2863.0000,2863.2000,2863.4000,2863.6000,2863.8000,1,2,3,2,3,1,1,1,1,2
SF,IH2006,2020-06-17 13:31:53.200,2863.0000,17451,0,11185030080.000,1,0,1,空换,B,2863.0000,2862.8000,2862.6000,2862.4000,2862.2000,2863.2000,2863.6000,2863.8000,2864.0000,2864.4000,5,2,2,3,2,1,1,3,18,1
SF,IH2006,2020-06-17 13:31:53.700,2863.2000,17451,0,11185889040.000,1,0,1,空换,B,2863.2000,2863.0000,2862.8000,2862.6000,2862.4000,2863.6000,2863.8000,2864.0000,2864.4000,2864.6000,1,4,2,1,3,1,3,18,1,1
SF,IH2006,2020-06-17 13:31:54.200,2863.2000,17450,-1,11188466040.000,3,1,2,空平,B,2863.2000,2863.0000,2862.8000,2862.6000,2862.4000,2863.8000,2864.0000,2864.4000,2864.6000,2864.8000,1,4,2,2,2,3,19,1,2,3
SF,IH2006,2020-06-17 13:31:54.700,2863.2000,17450,0,11189325000.000,1,0,1,空换,B,2863.0000,2862.8000,2862.6000,2862.4000,2862.2000,2863.8000,2864.0000,2864.4000,2864.6000,2864.8000,4,2,1,2,1,4,19,1,2,3
SF,IH2006,2020-06-17 13:31:55.200,2863.2000,17450,0,11189325000.000,0,-,-,-,-,2863.2000,2863.0000,2862.8000,2862.6000,2862.4000,2863.8000,2864.0000,2864.4000,2864.6000,2864.8000,2,6,2,1,2,4,19,1,2,3
SF,IH2006,2020-06-17 13:31:55.700,2863.8000,17451,1,11190184140.000,1,1,0,双开,B,2863.4000,2863.2000,2863.0000,2862.8000,2862.6000,2863.8000,2864.0000,2864.4000,2864.6000,2864.8000,1,4,6,1,1,1,19,1,1,3
SF,IH2006,2020-06-17 13:31:56.200,2863.8000,17452,1,11191043280.000,1,1,0,双开,B,2863.6000,2863.4000,2863.2000,2863.0000,2862.8000,2864.0000,2864.2000,2864.4000,2864.6000,2864.8000,1,2,3,6,1,18,1,2,1,4
SF,IH2006,2020-06-17 13:31:56.700,2863.6000,17451,-1,11192761440.000,2,0,2,空平,B,2863.4000,2863.2000,2863.0000,2862.8000,2862.6000,2863.6000,2864.0000,2864.2000,2864.4000,2864.6000,2,3,6,1,1,1,18,1,2,1
SF,IH2006,2020-06-17 13:31:57.200,2863.6000,17451,0,11193620520.000,1,0,1,空换,B,2863.4000,2863.2000,2863.0000,2862.8000,2862.2000,2864.0000,2864.2000,2864.4000,2864.6000,2864.8000,1,3,5,1,1,18,1,2,1,4
SF,IH2006,2020-06-17 13:31:57.700,2863.6000,17451,0,11193620520.000,0,-,-,-,-,2863.4000,2863.2000,2863.0000,2862.8000,2862.2000,2863.8000,2864.0000,2864.4000,2864.6000,2864.8000,2,3,5,1,1,1,18,2,1,4
SF,IH2006,2020-06-17 13:31:58.200,2863.6000,17451,0,11193620520.000,0,-,-,-,-,2863.4000,2863.2000,2863.0000,2862.8000,2862.2000,2863.8000,2864.0000,2864.4000,2864.6000,2864.8000,2,3,5,1,1,1,18,2,1,4
SF,IH2006,2020-06-17 13:31:58.700,2863.8000,17452,1,11194479660.000,1,1,0,双开,B,2863.4000,2863.2000,2863.0000,2862.8000,2862.2000,2864.0000,2864.2000,2864.4000,2864.6000,2864.8000,2,3,5,1,1,18,1,2,1,4
SF,IH2006,2020-06-17 13:31:59.200,2863.8000,17452,0,11194479660.000,0,-,-,-,-,2863.4000,2863.2000,2863.0000,2862.8000,2862.2000,2863.6000,2864.0000,2864.2000,2864.4000,2864.6000,2,3,5,1,1,2,18,1,2,1
SF,IH2006,2020-06-17 13:31:59.700,2863.6000,17452,0,11196197820.000,2,1,1,空换,B,2863.6000,2863.4000,2863.2000,2863.0000,2862.8000,2864.0000,2864.2000,2864.4000,2864.6000,2864.8000,3,2,3,5,1,18,1,2,1,3
SF,IH2006,2020-06-17 13:32:00.200,2863.6000,17451,-1,11198775060.000,3,1,2,空平,B,2863.4000,2863.2000,2863.0000,2862.8000,2862.2000,2863.8000,2864.0000,2864.2000,2864.4000,2864.6000,2,3,5,1,1,1,18,1,2,1
SF,IH2006,2020-06-17 13:32:00.700,2863.6000,17451,0,11198775060.000,0,-,-,-,-,2863.4000,2863.2000,2863.0000,2862.8000,2862.2000,2863.8000,2864.0000,2864.2000,2864.4000,2864.6000,2,3,5,1,1,2,18,1,2,1
SF,IH2006,2020-06-17 13:32:02.700,2863.8000,17451,0,11200493340.000,2,1,1,空换,B,2863.4000,2863.2000,2863.0000,2862.8000,2862.2000,2864.0000,2864.2000,2864.4000,2864.6000,2864.8000,2,3,5,1,1,18,1,2,1,3
SF,IH2006,2020-06-17 13:32:03.200,2863.8000,17451,0,11200493340.000,0,-,-,-,-,2863.6000,2863.4000,2863.2000,2863.0000,2862.8000,2864.0000,2864.2000,2864.4000,2864.6000,2864.8000,2,3,3,5,1,18,1,2,1,3
SF,IH2006,2020-06-17 13:32:03.700,2863.8000,17451,0,11200493340.000,0,-,-,-,-,2863.6000,2863.4000,2863.2000,2863.0000,2862.8000,2864.0000,2864.2000,2864.4000,2864.6000,2864.8000,3,3,3,5,1,18,1,2,1,3
SF,IH2006,2020-06-17 13:32:04.200,2864.0000,17441,-10,11209085340.000,10,0,10,双平,B,2863.6000,2863.4000,2863.2000,2863.0000,2862.8000,2864.0000,2864.2000,2864.4000,2864.6000,2864.8000,4,3,4,5,1,8,1,2,1,3
SF,IH2006,2020-06-17 13:32:04.700,2864.0000,17441,0,11215958940.000,8,4,4,空换,B,2864.0000,2863.8000,2863.6000,2863.4000,2863.2000,2864.2000,2864.4000,2864.6000,2864.8000,2865.0000,1,4,5,6,3,1,2,1,3,2
SF,IH2006,2020-06-17 13:32:05.200,2864.0000,17442,1,11219395860.000,4,2,2,多开,B,2863.8000,2863.6000,2863.4000,2863.2000,2863.0000,2864.0000,2864.4000,2864.6000,2864.8000,2865.0000,4,3,6,4,5,2,2,1,3,2
SF,IH2006,2020-06-17 13:32:05.700,2864.0000,17442,0,11221973460.000,3,1,2,空换,B,2864.0000,2863.8000,2863.6000,2863.4000,2863.2000,2864.4000,2864.6000,2864.8000,2865.0000,2865.6000,5,4,3,6,4,2,1,3,2,1
SF,IH2006,2020-06-17 13:32:06.200,2864.0000,17442,0,11223691860.000,2,1,1,空换,B,2864.2000,2863.8000,2863.6000,2863.4000,2863.2000,2864.4000,2864.6000,2864.8000,2865.0000,2865.6000,1,3,3,6,4,1,1,3,2,1
SF,IH2006,2020-06-17 13:32:06.700,2863.8000,17444,2,11225410260.000,2,2,0,双开,B,2863.8000,2863.6000,2863.4000,2863.2000,2863.0000,2864.2000,2864.4000,2864.6000,2864.8000,2865.0000,2,3,6,4,6,3,1,1,3,3
SF,IH2006,2020-06-17 13:32:07.200,2863.8000,17444,0,11225410260.000,0,-,-,-,-,2863.8000,2863.6000,2863.4000,2863.2000,2863.0000,2864.2000,2864.4000,2864.6000,2864.8000,2865.0000,3,3,6,4,5,2,1,1,2,3
SF,IH2006,2020-06-17 13:32:07.700,2863.8000,17445,1,11226269400.000,1,1,0,双开,B,2863.8000,2863.6000,2863.4000,2863.2000,2863.0000,2864.2000,2864.4000,2864.6000,2864.8000,2865.0000,1,3,6,4,5,2,1,1,2,3
SF,IH2006,2020-06-17 13:32:08.200,2863.8000,17445,0,11227128540.000,1,0,1,空换,B,2863.6000,2863.4000,2863.2000,2863.0000,2862.8000,2864.2000,2864.4000,2864.6000,2864.8000,2865.0000,4,6,4,5,1,2,1,1,2,3
SF,IH2006,2020-06-17 13:32:08.700,2864.2000,17444,-1,11227987800.000,1,0,1,双平,B,2863.6000,2863.4000,2863.2000,2863.0000,2862.8000,2864.2000,2864.4000,2864.6000,2864.8000,2865.0000,5,6,4,5,1,1,1,1,2,3
SF,IH2006,2020-06-17 13:32:09.200,2864.2000,17444,0,11227987800.000,0,-,-,-,-,2863.6000,2863.4000,2863.2000,2863.0000,2862.8000,2864.0000,2864.2000,2864.4000,2864.6000,2864.8000,5,6,4,5,1,2,1,1,1,2
SF,IH2006,2020-06-17 13:32:09.700,2863.8000,17443,-1,11228846940.000,1,0,1,双平,B,2863.6000,2863.4000,2863.2000,2863.0000,2862.8000,2864.4000,2864.6000,2864.8000,2865.0000,2865.6000,4,6,4,5,1,1,1,2,3,1
SF,IH2006,2020-06-17 13:32:10.200,2863.8000,17443,0,11228846940.000,0,-,-,-,-,2863.8000,2863.6000,2863.4000,2863.2000,2863.0000,2864.2000,2864.4000,2864.6000,2864.8000,2865.0000,1,4,6,4,5,5,1,1,2,3
SF,IH2006,2020-06-17 13:32:10.700,2863.8000,17443,0,11228846940.000,0,-,-,-,-,2863.6000,2863.4000,2863.2000,2863.0000,2862.8000,2864.2000,2864.4000,2864.6000,2864.8000,2865.0000,4,6,4,5,1,5,1,1,2,3
SF,IH2006,2020-06-17 13:32:11.200,2863.8000,17443,0,11228846940.000,0,-,-,-,-,2863.6000,2863.4000,2863.2000,2863.0000,2862.8000,2864.2000,2864.4000,2864.6000,2864.8000,2865.0000,4,6,4,5,1,6,1,1,2,3
SF,IH2006,2020-06-17 13:32:11.700,2863.6000,17443,0,11229706020.000,1,0,1,空换,B,2863.6000,2863.4000,2863.2000,2863.0000,2862.8000,2864.2000,2864.4000,2864.6000,2864.8000,2865.0000,4,6,4,5,1,6,1,1,2,3
SF,IH2006,2020-06-17 13:32:13.200,2864.2000,17444,1,11231424540.000,2,1,1,多开,B,2863.8000,2863.6000,2863.4000,2863.2000,2863.0000,2864.0000,2864.2000,2864.4000,2864.6000,2864.8000,2,5,6,4,5,8,4,1,1,2
SF,IH2006,2020-06-17 13:32:13.700,2864.2000,17444,0,11231424540.000,0,-,-,-,-,2863.8000,2863.6000,2863.4000,2863.2000,2863.0000,2864.0000,2864.2000,2864.4000,2864.6000,2864.8000,4,5,6,4,5,8,4,1,1,2
SF,IH2006,2020-06-17 13:32:16.200,2864.2000,17444,0,11231424540.000,0,-,-,-,-,2863.8000,2863.6000,2863.4000,2863.2000,2863.0000,2864.0000,2864.2000,2864.4000,2864.6000,2864.8000,4,5,6,4,5,8,4,1,1,2
SF,IH2006,2020-06-17 13:32:16.700,2864.2000,17444,0,11231424540.000,0,-,-,-,-,2863.8000,2863.6000,2863.4000,2863.2000,2863.0000,2864.0000,2864.2000,2864.4000,2864.6000,2864.8000,4,5,6,4,5,8,4,1,1,2
SF,IH2006,2020-06-17 13:32:17.200,2863.8000,17442,-2,11233142820.000,2,0,2,双平,B,2863.8000,2863.6000,2863.4000,2863.2000,2863.0000,2864.0000,2864.2000,2864.4000,2864.6000,2864.8000,2,4,6,4,5,8,4,1,1,3
SF,IH2006,2020-06-17 13:32:17.700,2864.0000,17443,1,11234002020.000,1,1,0,双开,B,2863.8000,2863.6000,2863.4000,2863.2000,2863.0000,2864.0000,2864.2000,2864.4000,2864.6000,2864.8000,2,4,6,4,5,7,4,1,1,3
SF,IH2006,2020-06-17 13:32:18.200,2864.0000,17443,0,11236579620.000,3,1,2,空换,B,2863.8000,2863.6000,2863.4000,2863.2000,2863.0000,2864.0000,2864.2000,2864.4000,2864.6000,2864.8000,2,4,6,4,5,4,4,1,1,3
SF,IH2006,2020-06-17 13:32:19.700,2864.0000,17445,2,11238298020.000,2,2,0,双开,B,2863.8000,2863.6000,2863.4000,2863.2000,2863.0000,2864.0000,2864.2000,2864.4000,2864.6000,2864.8000,2,4,6,4,5,2,4,1,1,3
SF,IH2006,2020-06-17 13:32:21.200,2864.0000,17445,0,11238298020.000,0,-,-,-,-,2863.8000,2863.6000,2863.4000,2863.2000,2863.0000,2864.0000,2864.2000,2864.4000,2864.6000,2864.8000,2,4,6,4,5,2,4,1,1,3
SF,IH2006,2020-06-17 13:32:21.700,2864.0000,17445,0,11238298020.000,0,-,-,-,-,2863.8000,2863.6000,2863.4000,2863.2000,2863.0000,2864.0000,2864.2000,2864.4000,2864.6000,2864.8000,2,4,6,4,5,3,4,1,1,3
SF,IH2006,2020-06-17 13:32:23.200,2864.0000,17446,1,11239157220.000,1,1,0,双开,B,2863.8000,2863.6000,2863.4000,2863.2000,2863.0000,2864.0000,2864.2000,2864.4000,2864.6000,2864.8000,2,4,6,4,5,2,4,1,1,3
SF,IH2006,2020-06-17 13:32:27.200,2863.8000,17444,-2,11240875500.000,2,0,2,双平,B,2863.6000,2863.4000,2863.2000,2863.0000,2862.8000,2864.0000,2864.2000,2864.4000,2864.6000,2864.8000,4,6,4,5,1,2,4,1,1,3
SF,IH2006,2020-06-17 13:32:27.700,2863.8000,17444,0,11240875500.000,0,-,-,-,-,2863.6000,2863.4000,2863.2000,2863.0000,2862.8000,2863.8000,2864.0000,2864.2000,2864.4000,2864.6000,3,6,4,5,1,5,2,4,1,1
SF,IH2006,2020-06-17 13:32:28.200,2863.8000,17444,0,11240875500.000,0,-,-,-,-,2863.6000,2863.4000,2863.2000,2863.0000,2862.8000,2863.8000,2864.0000,2864.2000,2864.4000,2864.6000,3,6,4,5,1,5,2,3,1,1
SF,IH2006,2020-06-17 13:32:28.700,2863.8000,17444,0,11240875500.000,0,-,-,-,-,2863.6000,2863.4000,2863.2000,2863.0000,2862.8000,2863.8000,2864.0000,2864.2000,2864.4000,2864.6000,3,6,4,5,1,4,2,3,1,1
SF,IH2006,2020-06-17 13:32:32.200,2863.8000,17444,0,11240875500.000,0,-,-,-,-,2863.6000,2863.4000,2863.2000,2863.0000,2862.8000,2863.8000,2864.0000,2864.2000,2864.4000,2864.6000,3,6,4,5,1,5,2,3,1,1
SF,IH2006,2020-06-17 13:32:32.700,2863.8000,17444,0,11240875500.000,0,-,-,-,-,2863.6000,2863.4000,2863.2000,2863.0000,2862.8000,2863.8000,2864.0000,2864.2000,2864.4000,2864.6000,3,6,4,5,1,6,2,3,1,1
SF,IH2006,2020-06-17 13:32:33.700,2863.8000,17444,0,11241734640.000,1,0,1,空换,B,2863.6000,2863.4000,2863.2000,2863.0000,2862.6000,2863.8000,2864.0000,2864.2000,2864.4000,2864.6000,4,7,3,5,1,5,2,3,1,1
SF,IH2006,2020-06-17 13:32:35.700,2863.8000,17444,0,11241734640.000,0,-,-,-,-,2863.6000,2863.4000,2863.2000,2863.0000,2862.6000,2863.8000,2864.0000,2864.2000,2864.4000,2864.6000,4,7,3,5,1,5,2,4,1,1
SF,IH2006,2020-06-17 13:32:36.200,2863.8000,17444,0,11241734640.000,0,-,-,-,-,2863.6000,2863.4000,2863.2000,2863.0000,2862.6000,2863.8000,2864.0000,2864.2000,2864.4000,2864.6000,4,7,3,5,1,3,2,4,1,1
SF,IH2006,2020-06-17 13:32:36.700,2863.6000,17446,2,11245170960.000,4,3,1,多开,B,2863.4000,2863.2000,2863.0000,2862.6000,2862.2000,2863.8000,2864.0000,2864.2000,2864.4000,2864.6000,7,3,5,1,3,3,2,4,1,1
SF,IH2006,2020-06-17 13:32:37.200,2863.8000,17447,1,11246030100.000,1,1,0,双开,B,2863.4000,2863.2000,2863.0000,2862.6000,2862.2000,2863.8000,2864.0000,2864.2000,2864.4000,2864.6000,7,3,5,1,3,2,2,4,1,1
SF,IH2006,2020-06-17 13:32:37.700,2863.8000,17447,0,11246030100.000,0,-,-,-,-,2863.4000,2863.2000,2863.0000,2862.6000,2862.2000,2863.6000,2863.8000,2864.0000,2864.2000,2864.4000,8,3,5,1,3,1,2,2,4,1
SF,IH2006,2020-06-17 13:32:38.700,2863.8000,17447,0,11246030100.000,0,-,-,-,-,2863.4000,2863.2000,2863.0000,2862.6000,2862.2000,2863.6000,2863.8000,2864.0000,2864.2000,2864.4000,8,3,5,1,3,1,2,2,4,1
SF,IH2006,2020-06-17 13:32:39.200,2863.8000,17447,0,11246030100.000,0,-,-,-,-,2863.4000,2863.2000,2863.0000,2862.6000,2862.2000,2863.6000,2863.8000,2864.0000,2864.2000,2864.4000,7,3,5,1,3,1,2,2,4,1
SF,IH2006,2020-06-17 13:32:39.700,2863.8000,17447,0,11246030100.000,0,-,-,-,-,2863.4000,2863.2000,2863.0000,2862.6000,2862.2000,2863.6000,2863.8000,2864.0000,2864.2000,2864.4000,7,3,4,1,3,1,2,2,4,1
SF,IH2006,2020-06-17 13:32:42.700,2863.8000,17447,0,11246030100.000,0,-,-,-,-,2863.4000,2863.2000,2863.0000,2862.6000,2862.2000,2863.6000,2863.8000,2864.0000,2864.2000,2864.4000,7,3,4,1,3,1,2,3,4,1
SF,IH2006,2020-06-17 13:32:43.200,2863.6000,17447,0,11246889180.000,1,0,1,空换,B,2863.4000,2863.2000,2863.0000,2862.6000,2862.2000,2863.8000,2864.0000,2864.2000,2864.4000,2864.6000,7,3,4,1,3,2,3,4,1,1
SF,IH2006,2020-06-17 13:32:43.700,2863.6000,17447,0,11246889180.000,0,-,-,-,-,2863.4000,2863.2000,2863.0000,2862.8000,2862.6000,2863.8000,2864.0000,2864.2000,2864.4000,2864.6000,7,3,4,1,1,2,3,4,1,1
SF,IH2006,2020-06-17 13:32:46.700,2863.6000,17447,0,11246889180.000,0,-,-,-,-,2863.4000,2863.2000,2863.0000,2862.8000,2862.6000,2863.8000,2864.0000,2864.2000,2864.4000,2864.6000,7,3,4,1,1,2,3,4,1,1
SF,IH2006,2020-06-17 13:32:51.700,2863.6000,17447,0,11246889180.000,0,-,-,-,-,2863.4000,2863.2000,2863.0000,2862.8000,2862.6000,2863.6000,2863.8000,2864.0000,2864.2000,2864.4000,7,3,4,2,1,1,2,3,4,1
SF,IH2006,2020-06-17 13:32:52.200,2863.6000,17447,0,11247748260.000,1,0,1,空换,B,2863.6000,2863.4000,2863.2000,2863.0000,2862.8000,2863.8000,2864.0000,2864.2000,2864.4000,2864.6000,3,7,3,4,2,2,3,4,1,1
SF,IH2006,2020-06-17 13:32:52.700,2863.6000,17447,0,11247748260.000,0,-,-,-,-,2863.4000,2863.2000,2863.0000,2862.8000,2862.6000,2863.8000,2864.0000,2864.2000,2864.4000,2864.6000,7,3,4,2,1,2,3,4,1,1
SF,IH2006,2020-06-17 13:32:53.200,2863.6000,17447,0,11247748260.000,0,-,-,-,-,2863.6000,2863.4000,2863.2000,2863.0000,2862.8000,2863.8000,2864.0000,2864.2000,2864.4000,2864.6000,1,7,3,4,2,2,3,4,1,1
SF,IH2006,2020-06-17 13:32:54.700,2863.8000,17448,1,11248607400.000,1,1,0,双开,B,2863.6000,2863.4000,2863.2000,2863.0000,2862.8000,2863.8000,2864.0000,2864.2000,2864.4000,2864.6000,1,6,3,4,2,1,3,4,1,1
SF,IH2006,2020-06-17 13:32:55.200,2863.8000,17447,-1,11249466540.000,1,0,1,双平,B,2863.8000,2863.6000,2863.4000,2863.2000,2863.0000,2864.0000,2864.2000,2864.4000,2864.6000,2864.8000,3,2,6,3,4,3,4,1,1,3
SF,IH2006,2020-06-17 13:32:55.700,2864.0000,17448,1,11252044140.000,3,2,1,多开,B,2863.6000,2863.4000,2863.2000,2863.0000,2862.8000,2864.2000,2864.4000,2864.6000,2864.8000,2865.0000,2,6,3,4,2,4,1,1,3,3
SF,IH2006,2020-06-17 13:32:56.200,2864.0000,17448,0,11252044140.000,0,-,-,-,-,2863.8000,2863.6000,2863.4000,2863.2000,2863.0000,2864.2000,2864.4000,2864.6000,2864.8000,2865.0000,1,4,6,3,4,4,1,1,3,4
SF,IH2006,2020-06-17 13:32:57.200,2864.0000,17449,1,11252903340.000,1,1,0,双开,B,2863.8000,2863.6000,2863.4000,2863.2000,2863.0000,2864.2000,2864.4000,2864.6000,2864.8000,2865.0000,2,3,6,3,4,4,1,1,3,4
SF,IH2006,2020-06-17 13:32:57.700,2864.0000,17449,0,11252903340.000,0,-,-,-,-,2863.8000,2863.6000,2863.4000,2863.2000,2863.0000,2864.2000,2864.4000,2864.6000,2864.8000,2865.0000,2,3,6,3,4,5,1,1,3,4
SF,IH2006,2020-06-17 13:32:58.200,2864.2000,17449,0,11253762600.000,1,0,1,空换,B,2864.0000,2863.8000,2863.6000,2863.4000,2863.2000,2864.2000,2864.4000,2864.6000,2864.8000,2865.0000,1,2,2,6,3,3,1,1,3,3
SF,IH2006,2020-06-17 13:32:58.700,2863.8000,17449,0,11255480940.000,2,1,1,空换,B,2863.8000,2863.6000,2863.4000,2863.2000,2863.0000,2864.2000,2864.4000,2864.6000,2864.8000,2865.0000,1,2,6,3,4,3,1,1,3,3
SF,IH2006,2020-06-17 13:32:59.200,2864.2000,17449,0,11256340200.000,1,0,1,空换,B,2864.0000,2863.8000,2863.6000,2863.4000,2863.2000,2864.2000,2864.4000,2864.6000,2864.8000,2865.0000,1,1,2,6,3,2,1,1,3,3
SF,IH2006,2020-06-17 13:32:59.700,2864.0000,17449,0,11257199400.000,1,0,1,空换,B,2863.8000,2863.6000,2863.4000,2863.2000,2863.0000,2864.0000,2864.2000,2864.4000,2864.6000,2864.8000,2,2,6,3,4,1,2,1,1,3
SF,IH2006,2020-06-17 13:33:00.200,2864.0000,17449,0,11258058600.000,1,0,1,空换,B,2863.8000,2863.6000,2863.4000,2863.2000,2863.0000,2864.0000,2864.2000,2864.4000,2864.6000,2864.8000,2,2,6,3,4,1,2,1,1,3
SF,IH2006,2020-06-17 13:33:00.700,2864.0000,17448,-1,11260636200.000,3,1,2,空平,B,2864.0000,2863.8000,2863.6000,2863.4000,2863.2000,2864.2000,2864.4000,2864.6000,2864.8000,2865.0000,2,2,2,6,3,2,1,1,3,3
SF,IH2006,2020-06-17 13:33:01.200,2864.0000,17448,0,11260636200.000,0,-,-,-,-,2864.0000,2863.8000,2863.6000,2863.4000,2863.2000,2864.2000,2864.4000,2864.6000,2864.8000,2865.0000,1,2,2,6,3,2,1,1,3,3
SF,IH2006,2020-06-17 13:33:02.200,2864.0000,17449,1,11261495400.000,1,1,0,双开,B,2863.8000,2863.6000,2863.4000,2863.2000,2863.0000,2864.2000,2864.4000,2864.6000,2864.8000,2865.0000,2,2,6,3,4,2,1,1,3,3
SF,IH2006,2020-06-17 13:33:02.700,2863.8000,17450,1,11262354540.000,1,1,0,双开,B,2863.8000,2863.6000,2863.4000,2863.2000,2863.0000,2864.2000,2864.4000,2864.6000,2864.8000,2865.0000,2,2,6,2,4,2,1,1,3,3
SF,IH2006,2020-06-17 13:33:03.200,2864.2000,17452,2,11264072940.000,2,2,0,双开,B,2863.8000,2863.6000,2863.4000,2863.2000,2863.0000,2864.2000,2864.4000,2864.6000,2864.8000,2865.0000,1,2,6,2,4,1,1,1,3,2
SF,IH2006,2020-06-17 13:33:03.700,2864.2000,17452,0,11264072940.000,0,-,-,-,-,2863.8000,2863.6000,2863.4000,2863.2000,2863.0000,2864.2000,2864.4000,2864.6000,2864.8000,2865.0000,1,3,6,2,4,1,1,1,3,2
SF,IH2006,2020-06-17 13:33:04.200,2863.8000,17452,0,11264932080.000,1,0,1,空换,B,2863.8000,2863.6000,2863.4000,2863.2000,2863.0000,2864.2000,2864.4000,2864.6000,2864.8000,2865.0000,1,3,6,2,4,1,1,1,3,2
SF,IH2006,2020-06-17 13:33:04.700,2863.8000,17452,0,11264932080.000,0,-,-,-,-,2863.8000,2863.6000,2863.4000,2863.2000,2863.0000,2864.2000,2864.4000,2864.6000,2864.8000,2865.0000,1,5,4,2,4,1,1,1,3,2
SF,IH2006,2020-06-17 13:33:05.200,2863.8000,17452,0,11264932080.000,0,-,-,-,-,2864.0000,2863.6000,2863.4000,2863.2000,2863.0000,2864.2000,2864.4000,2864.6000,2864.8000,2865.0000,1,5,4,2,4,1,1,1,3,2
SF,IH2006,2020-06-17 13:33:05.700,2864.0000,17452,0,11266650480.000,2,1,1,空换,B,2863.6000,2863.4000,2863.2000,2863.0000,2862.8000,2864.2000,2864.4000,2864.6000,2864.8000,2865.0000,5,4,2,4,1,1,1,1,3,2
SF,IH2006,2020-06-17 13:33:06.700,2864.0000,17452,0,11266650480.000,0,-,-,-,-,2863.6000,2863.4000,2863.2000,2863.0000,2862.8000,2864.2000,2864.4000,2864.6000,2864.8000,2865.0000,5,4,1,4,1,1,1,1,3,2
SF,IH2006,2020-06-17 13:33:07.200,2864.0000,17452,0,11266650480.000,0,-,-,-,-,2863.6000,2863.4000,2863.2000,2863.0000,2862.8000,2864.2000,2864.4000,2864.6000,2864.8000,2865.0000,5,4,1,4,1,2,1,1,3,2
SF,IH2006,2020-06-17 13:33:07.700,2864.0000,17452,0,11266650480.000,0,-,-,-,-,2863.6000,2863.4000,2863.2000,2863.0000,2862.8000,2864.0000,2864.2000,2864.4000,2864.6000,2864.8000,5,4,1,4,1,1,3,1,1,3
SF,IH2006,2020-06-17 13:33:08.200,2864.0000,17452,0,11266650480.000,0,-,-,-,-,2863.6000,2863.4000,2863.2000,2863.0000,2862.8000,2864.0000,2864.2000,2864.4000,2864.6000,2864.8000,5,4,1,4,1,13,3,1,1,3
SF,IH2006,2020-06-17 13:33:08.700,2864.0000,17452,0,11266650480.000,0,-,-,-,-,2863.8000,2863.6000,2863.4000,2863.2000,2863.0000,2864.0000,2864.2000,2864.4000,2864.6000,2864.8000,1,3,4,1,4,13,3,1,1,3
SF,IH2006,2020-06-17 13:33:10.700,2864.0000,17452,0,11266650480.000,0,-,-,-,-,2863.8000,2863.6000,2863.4000,2863.2000,2863.0000,2864.0000,2864.2000,2864.4000,2864.6000,2864.8000,1,3,4,1,4,13,3,1,1,3
SF,IH2006,2020-06-17 13:33:11.200,2863.8000,17453,1,11267509620.000,1,1,0,双开,B,2863.6000,2863.4000,2863.2000,2863.0000,2862.8000,2863.8000,2864.0000,2864.2000,2864.4000,2864.6000,3,4,1,4,1,7,13,3,1,1
SF,IH2006,2020-06-17 13:33:12.200,2863.8000,17453,0,11267509620.000,0,-,-,-,-,2863.6000,2863.4000,2863.2000,2863.0000,2862.8000,2863.8000,2864.0000,2864.2000,2864.4000,2864.6000,3,4,2,4,1,7,13,3,1,1
SF,IH2006,2020-06-17 13:33:13.200,2863.8000,17453,0,11267509620.000,0,-,-,-,-,2863.6000,2863.4000,2863.2000,2863.0000,2862.8000,2863.8000,2864.0000,2864.2000,2864.4000,2864.6000,8,4,2,4,1,7,13,3,1,1
SF,IH2006,2020-06-17 13:33:14.700,2863.6000,17453,0,11268368700.000,1,0,1,空换,B,2863.6000,2863.4000,2863.2000,2863.0000,2862.8000,2863.8000,2864.0000,2864.2000,2864.4000,2864.6000,7,4,2,4,1,7,13,3,1,1
SF,IH2006,2020-06-17 13:33:15.200,2863.6000,17455,2,11271805020.000,4,3,1,多开,B,2863.6000,2863.4000,2863.2000,2863.0000,2862.8000,2863.8000,2864.0000,2864.2000,2864.4000,2864.6000,3,4,2,4,1,7,13,3,1,1
SF,IH2006,2020-06-17 13:33:15.700,2863.6000,17458,3,11274382260.000,3,3,0,双开,B,2863.4000,2863.2000,2863.0000,2862.8000,2862.6000,2863.8000,2864.0000,2864.2000,2864.4000,2864.6000,3,2,4,1,1,7,13,3,1,1
SF,IH2006,2020-06-17 13:33:22.200,2863.6000,17458,0,11274382260.000,0,-,-,-,-,2863.4000,2863.2000,2863.0000,2862.8000,2862.6000,2863.8000,2864.0000,2864.2000,2864.4000,2864.6000,3,2,4,1,1,7,14,3,1,1
SF,IH2006,2020-06-17 13:33:27.200,2863.4000,17457,-1,11275241280.000,1,0,1,双平,B,2863.4000,2863.2000,2863.0000,2862.8000,2862.6000,2864.0000,2864.2000,2864.4000,2864.6000,2864.8000,2,2,4,1,1,14,3,1,1,3
SF,IH2006,2020-06-17 13:33:27.700,2863.4000,17457,0,11275241280.000,0,-,-,-,-,2863.4000,2863.2000,2863.0000,2862.8000,2862.6000,2863.8000,2864.0000,2864.2000,2864.4000,2864.6000,2,2,4,1,1,2,14,3,1,1
SF,IH2006,2020-06-17 13:33:28.200,2863.4000,17457,0,11276100300.000,1,0,1,空换,B,2863.4000,2863.2000,2863.0000,2862.8000,2862.6000,2863.8000,2864.0000,2864.2000,2864.4000,2864.6000,1,2,4,1,1,3,14,3,1,1
SF,IH2006,2020-06-17 13:33:28.700,2863.4000,17458,1,11276959320.000,1,1,0,双开,B,2863.2000,2863.0000,2862.8000,2862.6000,2862.2000,2863.4000,2863.6000,2863.8000,2864.0000,2864.2000,2,3,1,1,3,11,6,3,13,2
SF,IH2006,2020-06-17 13:33:29.200,2863.2000,17458,0,11278677240.000,2,1,1,空换,B,2863.0000,2862.8000,2862.6000,2862.2000,2862.0000,2863.2000,2863.4000,2863.6000,2863.8000,2864.0000,2,1,1,3,1,5,7,4,3,13
SF,IH2006,2020-06-17 13:33:29.700,2863.2000,17456,-2,11281254000.000,3,0,3,空平,B,2862.8000,2862.6000,2862.2000,2862.0000,2861.8000,2863.2000,2863.4000,2863.6000,2863.8000,2864.0000,1,1,3,1,2,4,5,4,2,13
SF,IH2006,2020-06-17 13:33:30.700,2863.2000,17456,0,11281254000.000,0,-,-,-,-,2862.8000,2862.6000,2862.2000,2862.0000,2861.8000,2863.2000,2863.4000,2863.6000,2863.8000,2864.0000,2,1,3,1,2,3,5,4,2,13
SF,IH2006,2020-06-17 13:33:31.200,2863.2000,17456,0,11282971920.000,2,1,1,空换,B,2862.8000,2862.6000,2862.2000,2862.0000,2861.8000,2863.2000,2863.4000,2863.6000,2863.8000,2864.0000,2,1,3,1,2,1,5,4,1,13
SF,IH2006,2020-06-17 13:33:31.700,2863.2000,17456,0,11282971920.000,0,-,-,-,-,2862.8000,2862.6000,2862.2000,2862.0000,2861.8000,2863.2000,2863.4000,2863.6000,2863.8000,2864.0000,2,1,3,1,2,1,5,3,1,13
SF,IH2006,2020-06-17 13:33:32.200,2863.2000,17456,0,11282971920.000,0,-,-,-,-,2863.0000,2862.8000,2862.6000,2862.2000,2862.0000,2863.2000,2863.4000,2863.6000,2863.8000,2864.0000,1,4,2,3,1,1,4,3,1,13
SF,IH2006,2020-06-17 13:33:32.700,2863.2000,17455,-1,11283830880.000,1,0,1,双平,B,2863.0000,2862.8000,2862.6000,2862.2000,2862.0000,2863.4000,2863.6000,2863.8000,2864.0000,2864.2000,2,4,2,3,1,4,3,1,13,2
SF,IH2006,2020-06-17 13:33:33.200,2863.2000,17455,0,11283830880.000,0,-,-,-,-,2863.2000,2863.0000,2862.8000,2862.6000,2862.2000,2863.4000,2863.6000,2863.8000,2864.0000,2864.2000,1,2,4,2,3,2,3,1,13,2
SF,IH2006,2020-06-17 13:33:33.700,2863.2000,17455,0,11283830880.000,0,-,-,-,-,2863.2000,2863.0000,2862.8000,2862.6000,2862.2000,2863.4000,2863.6000,2863.8000,2864.0000,2864.2000,1,2,3,2,3,2,3,1,13,2
SF,IH2006,2020-06-17 13:33:34.200,2863.2000,17455,0,11283830880.000,0,-,-,-,-,2863.2000,2863.0000,2862.8000,2862.6000,2862.2000,2863.4000,2863.6000,2863.8000,2864.0000,2864.2000,1,3,3,2,3,2,3,1,13,2
SF,IH2006,2020-06-17 13:33:36.700,2863.2000,17455,0,11283830880.000,0,-,-,-,-,2863.2000,2863.0000,2862.8000,2862.6000,2862.2000,2863.6000,2863.8000,2864.0000,2864.2000,2864.4000,1,3,3,2,3,3,1,13,2,1
SF,IH2006,2020-06-17 13:33:39.200,2863.2000,17455,0,11283830880.000,0,-,-,-,-,2863.2000,2863.0000,2862.8000,2862.6000,2862.2000,2863.6000,2863.8000,2864.0000,2864.2000,2864.4000,1,3,3,2,3,2,1,13,2,1
SF,IH2006,2020-06-17 13:33:40.700,2863.2000,17455,0,11283830880.000,0,-,-,-,-,2863.0000,2862.8000,2862.6000,2862.2000,2862.0000,2863.6000,2863.8000,2864.0000,2864.2000,2864.4000,3,3,2,3,1,2,1,13,2,1
SF,IH2006,2020-06-17 13:33:41.200,2863.2000,17455,0,11283830880.000,0,-,-,-,-,2863.0000,2862.8000,2862.6000,2862.2000,2862.0000,2863.6000,2863.8000,2864.0000,2864.2000,2864.4000,3,3,2,3,1,2,2,13,2,1
SF,IH2006,2020-06-17 13:33:42.200,2863.2000,17455,0,11283830880.000,0,-,-,-,-,2863.2000,2863.0000,2862.8000,2862.6000,2862.2000,2863.6000,2863.8000,2864.0000,2864.2000,2864.4000,1,3,3,2,3,2,2,13,2,1
SF,IH2006,2020-06-17 13:33:47.200,2863.2000,17455,0,11283830880.000,0,-,-,-,-,2863.2000,2863.0000,2862.8000,2862.6000,2862.2000,2863.6000,2863.8000,2864.0000,2864.2000,2864.4000,1,3,3,2,3,2,2,13,2,1
SF,IH2006,2020-06-17 13:33:47.700,2863.2000,17455,0,11283830880.000,0,-,-,-,-,2863.2000,2863.0000,2862.8000,2862.6000,2862.2000,2863.4000,2863.6000,2863.8000,2864.0000,2864.2000,1,3,3,2,3,1,2,2,13,2
SF,IH2006,2020-06-17 13:33:48.700,2863.2000,17455,0,11284689840.000,1,0,1,空换,B,2863.0000,2862.8000,2862.6000,2862.2000,2862.0000,2863.4000,2863.6000,2863.8000,2864.0000,2864.2000,3,3,2,3,1,1,2,2,13,2
SF,IH2006,2020-06-17 13:33:49.200,2863.2000,17455,0,11284689840.000,0,-,-,-,-,2863.0000,2862.8000,2862.6000,2862.2000,2862.0000,2863.4000,2863.6000,2863.8000,2864.0000,2864.2000,5,3,2,3,1,1,2,2,13,2
SF,IH2006,2020-06-17 13:33:50.200,2863.0000,17459,4,11288984340.000,5,4,1,多开,B,2862.8000,2862.6000,2862.2000,2862.0000,2861.8000,2863.0000,2863.4000,2863.6000,2863.8000,2864.0000,3,2,3,1,2,2,1,2,2,13
SF,IH2006,2020-06-17 13:33:50.700,2863.0000,17461,2,11290702140.000,2,2,0,双开,B,2863.0000,2862.8000,2862.6000,2862.2000,2862.0000,2863.4000,2863.6000,2863.8000,2864.0000,2864.2000,5,3,2,3,1,1,2,2,13,2
SF,IH2006,2020-06-17 13:33:51.200,2863.0000,17461,0,11290702140.000,0,-,-,-,-,2863.2000,2863.0000,2862.8000,2862.6000,2862.2000,2863.4000,2863.6000,2863.8000,2864.0000,2864.2000,2,3,3,2,3,1,2,2,13,2
SF,IH2006,2020-06-17 13:33:51.700,2863.4000,17461,0,11293279200.000,3,1,2,空换,B,2863.0000,2862.8000,2862.6000,2862.2000,2862.0000,2863.6000,2863.8000,2864.0000,2864.2000,2864.4000,4,3,2,3,1,2,2,12,2,1
SF,IH2006,2020-06-17 13:33:52.200,2863.4000,17461,0,11293279200.000,0,-,-,-,-,2863.0000,2862.8000,2862.6000,2862.2000,2862.0000,2863.6000,2863.8000,2864.0000,2864.2000,2864.4000,4,3,2,3,1,1,2,12,2,1
SF,IH2006,2020-06-17 13:33:52.700,2863.4000,17461,0,11293279200.000,0,-,-,-,-,2863.0000,2862.8000,2862.6000,2862.2000,2862.0000,2863.6000,2863.8000,2864.0000,2864.2000,2864.4000,4,3,2,3,1,3,2,12,2,1
SF,IH2006,2020-06-17 13:33:53.200,2863.6000,17461,0,11294138280.000,1,0,1,空换,B,2863.2000,2863.0000,2862.8000,2862.6000,2862.2000,2863.6000,2863.8000,2864.0000,2864.2000,2864.4000,1,4,3,2,3,2,2,12,2,1
SF,IH2006,2020-06-17 13:33:53.700,2863.6000,17461,0,11294138280.000,0,-,-,-,-,2863.2000,2863.0000,2862.8000,2862.6000,2862.2000,2863.6000,2863.8000,2864.0000,2864.2000,2864.4000,1,3,3,2,3,2,2,12,2,1
SF,IH2006,2020-06-17 13:33:54.200,2863.6000,17461,0,11294138280.000,0,-,-,-,-,2863.2000,2863.0000,2862.8000,2862.6000,2862.2000,2863.8000,2864.0000,2864.2000,2864.4000,2864.6000,1,3,3,2,3,2,12,2,1,1
SF,IH2006,2020-06-17 13:33:54.700,2863.6000,17461,0,11294138280.000,0,-,-,-,-,2863.4000,2863.2000,2863.0000,2862.8000,2862.6000,2863.6000,2863.8000,2864.0000,2864.2000,2864.4000,1,6,3,2,2,2,3,13,2,1
SF,IH2006,2020-06-17 13:33:55.200,2863.4000,17461,0,11294997300.000,1,0,1,空换,B,2863.2000,2863.0000,2862.8000,2862.6000,2862.2000,2863.4000,2863.6000,2863.8000,2864.0000,2864.2000,6,3,2,2,3,2,2,3,12,2
SF,IH2006,2020-06-17 13:33:55.700,2863.4000,17461,0,11294997300.000,0,-,-,-,-,2863.2000,2863.0000,2862.8000,2862.6000,2862.2000,2863.4000,2863.6000,2863.8000,2864.0000,2864.2000,5,3,2,2,3,2,2,3,12,2
SF,IH2006,2020-06-17 13:34:01.700,2863.2000,17462,1,11295856260.000,1,1,0,双开,B,2863.2000,2863.0000,2862.8000,2862.6000,2862.2000,2863.4000,2863.6000,2863.8000,2864.0000,2864.2000,4,3,2,2,3,2,2,3,12,2
SF,IH2006,2020-06-17 13:34:02.200,2863.2000,17461,-1,11298433140.000,3,1,2,空平,B,2863.2000,2863.0000,2862.8000,2862.6000,2862.2000,2863.4000,2863.6000,2863.8000,2864.0000,2864.2000,1,3,1,2,3,2,2,3,12,2
SF,IH2006,2020-06-17 13:34:02.700,2863.2000,17460,-1,11299292100.000,1,0,1,双平,B,2863.0000,2862.8000,2862.6000,2862.2000,2862.0000,2863.4000,2863.6000,2863.8000,2864.0000,2864.2000,3,1,2,3,1,2,2,2,12,2
SF,IH2006,2020-06-17 13:34:03.200,2863.2000,17460,0,11299292100.000,0,-,-,-,-,2863.2000,2863.0000,2862.8000,2862.6000,2862.2000,2863.4000,2863.6000,2863.8000,2864.0000,2864.2000,1,3,1,2,3,3,2,2,12,2
SF,IH2006,2020-06-17 13:34:03.700,2863.2000,17461,1,11300151060.000,1,1,0,双开,B,2863.0000,2862.8000,2862.6000,2862.2000,2862.0000,2863.4000,2863.6000,2863.8000,2864.0000,2864.2000,3,1,2,3,1,2,2,2,12,2
SF,IH2006,2020-06-17 13:34:04.200,2863.2000,17461,0,11300151060.000,0,-,-,-,-,2863.0000,2862.8000,2862.6000,2862.2000,2862.0000,2863.4000,2863.6000,2863.8000,2864.0000,2864.2000,3,1,2,3,1,3,2,1,12,2
SF,IH2006,2020-06-17 13:34:04.700,2863.2000,17461,0,11300151060.000,0,-,-,-,-,2863.2000,2863.0000,2862.8000,2862.6000,2862.2000,2863.4000,2863.6000,2863.8000,2864.0000,2864.2000,4,3,1,2,3,3,2,1,12,2
SF,IH2006,2020-06-17 13:34:05.200,2863.2000,17461,0,11300151060.000,0,-,-,-,-,2863.2000,2863.0000,2862.8000,2862.6000,2862.2000,2863.4000,2863.6000,2863.8000,2864.0000,2864.2000,4,3,1,2,3,2,2,1,12,2
SF,IH2006,2020-06-17 13:34:05.700,2864.0000,17454,-7,11307024000.000,8,0,8,空平,B,2863.2000,2863.0000,2862.8000,2862.6000,2862.2000,2864.0000,2864.2000,2864.4000,2864.6000,2864.8000,4,3,1,2,3,9,2,1,1,3
SF,IH2006,2020-06-17 13:34:06.200,2864.0000,17454,0,11307024000.000,0,-,-,-,-,2863.4000,2863.2000,2863.0000,2862.8000,2862.6000,2863.8000,2864.0000,2864.2000,2864.4000,2864.6000,2,3,3,1,2,3,9,2,1,2
SF,IH2006,2020-06-17 13:34:06.700,2864.0000,17454,0,11307024000.000,0,-,-,-,-,2863.6000,2863.4000,2863.2000,2863.0000,2862.8000,2863.8000,2864.0000,2864.2000,2864.4000,2864.6000,1,1,3,3,1,3,9,2,1,2
SF,IH2006,2020-06-17 13:34:07.200,2863.6000,17454,0,11307883080.000,1,0,1,空换,B,2863.4000,2863.2000,2863.0000,2862.8000,2862.6000,2863.6000,2863.8000,2864.0000,2864.2000,2864.4000,1,3,3,1,2,3,3,9,2,1
SF,IH2006,2020-06-17 13:34:07.700,2863.6000,17454,0,11307883080.000,0,-,-,-,-,2863.2000,2863.0000,2862.8000,2862.6000,2862.2000,2863.6000,2863.8000,2864.0000,2864.2000,2864.4000,3,3,1,2,3,3,3,9,2,1
SF,IH2006,2020-06-17 13:34:08.200,2863.6000,17454,0,11307883080.000,0,-,-,-,-,2863.2000,2863.0000,2862.8000,2862.6000,2862.2000,2863.6000,2863.8000,2864.0000,2864.2000,2864.4000,4,3,1,2,3,3,3,9,2,1
SF,IH2006,2020-06-17 13:34:08.700,2863.6000,17454,0,11307883080.000,0,-,-,-,-,2863.2000,2863.0000,2862.8000,2862.6000,2862.2000,2863.6000,2863.8000,2864.0000,2864.2000,2864.4000,5,3,1,2,3,3,3,9,2,1
SF,IH2006,2020-06-17 13:34:09.200,2863.6000,17454,0,11307883080.000,0,-,-,-,-,2863.2000,2863.0000,2862.8000,2862.6000,2862.2000,2863.4000,2863.6000,2863.8000,2864.0000,2864.2000,5,3,1,2,3,1,3,2,9,2
SF,IH2006,2020-06-17 13:34:09.700,2863.6000,17455,1,11311319340.000,4,2,2,多开,B,2863.6000,2863.4000,2863.2000,2863.0000,2862.8000,2863.8000,2864.0000,2864.2000,2864.4000,2864.6000,2,14,4,3,1,1,9,2,1,2
SF,IH2006,2020-06-17 13:34:10.200,2863.6000,17455,0,11311319340.000,0,-,-,-,-,2863.4000,2863.2000,2863.0000,2862.8000,2862.6000,2863.6000,2863.8000,2864.0000,2864.2000,2864.4000,7,2,3,1,2,2,1,9,3,1
SF,IH2006,2020-06-17 13:34:10.700,2863.6000,17453,-2,11313037500.000,2,0,2,双平,B,2863.6000,2863.4000,2863.2000,2863.0000,2862.8000,2863.8000,2864.0000,2864.2000,2864.4000,2864.6000,1,8,2,3,1,1,9,3,1,2
SF,IH2006,2020-06-17 13:34:11.200,2863.6000,17453,0,11313037500.000,0,-,-,-,-,2863.6000,2863.4000,2863.2000,2863.0000,2862.8000,2863.8000,2864.0000,2864.2000,2864.4000,2864.6000,1,9,2,3,1,1,9,3,1,2
SF,IH2006,2020-06-17 13:34:11.700,2863.6000,17453,0,11313037500.000,0,-,-,-,-,2863.6000,2863.4000,2863.2000,2863.0000,2862.8000,2863.8000,2864.0000,2864.2000,2864.4000,2864.6000,1,7,2,3,1,1,9,3,1,2
SF,IH2006,2020-06-17 13:34:12.200,2863.6000,17453,0,11313037500.000,0,-,-,-,-,2863.6000,2863.4000,2863.2000,2863.0000,2862.8000,2863.8000,2864.0000,2864.2000,2864.4000,2864.6000,3,7,2,4,1,1,9,3,1,2
SF,IH2006,2020-06-17 13:34:12.700,2863.8000,17454,1,11313896640.000,1,1,0,双开,B,2863.8000,2863.6000,2863.4000,2863.2000,2863.0000,2864.0000,2864.2000,2864.4000,2864.6000,2864.8000,1,3,5,2,4,9,3,1,2,3
SF,IH2006,2020-06-17 13:34:13.200,2863.8000,17452,-2,11315614920.000,2,0,2,双平,B,2863.6000,2863.4000,2863.2000,2863.0000,2862.8000,2863.8000,2864.0000,2864.2000,2864.4000,2864.6000,3,5,2,4,1,1,9,3,1,2
SF,IH2006,2020-06-17 13:34:13.700,2863.8000,17451,-1,11316474060.000,1,0,1,双平,B,2863.6000,2863.4000,2863.2000,2863.0000,2862.8000,2864.0000,2864.2000,2864.4000,2864.6000,2864.8000,3,5,2,4,1,9,3,1,2,3
SF,IH2006,2020-06-17 13:34:14.200,2863.8000,17451,0,11316474060.000,0,-,-,-,-,2863.6000,2863.4000,2863.2000,2863.0000,2862.8000,2864.0000,2864.2000,2864.4000,2864.6000,2864.8000,5,5,2,4,1,9,2,1,2,3
SF,IH2006,2020-06-17 13:34:14.700,2863.8000,17451,0,11316474060.000,0,-,-,-,-,2863.6000,2863.4000,2863.2000,2863.0000,2862.8000,2864.0000,2864.2000,2864.4000,2864.6000,2864.8000,3,5,2,4,1,9,2,1,2,3
SF,IH2006,2020-06-17 13:34:15.200,2863.8000,17451,0,11316474060.000,0,-,-,-,-,2863.8000,2863.6000,2863.4000,2863.2000,2863.0000,2864.0000,2864.2000,2864.4000,2864.6000,2864.8000,2,3,5,2,4,10,2,1,2,3
SF,IH2006,2020-06-17 13:34:15.700,2863.8000,17451,0,11317333200.000,1,0,1,空换,B,2863.8000,2863.6000,2863.4000,2863.2000,2863.0000,2864.0000,2864.2000,2864.4000,2864.6000,2864.8000,1,2,5,2,4,10,2,1,2,3
SF,IH2006,2020-06-17 13:34:16.200,2863.8000,17452,1,11318192340.000,1,1,0,双开,B,2863.6000,2863.4000,2863.2000,2863.0000,2862.8000,2864.0000,2864.2000,2864.4000,2864.6000,2864.8000,2,5,2,4,1,10,2,1,2,3
SF,IH2006,2020-06-17 13:34:16.700,2864.0000,17452,0,11320769940.000,3,1,2,空换,B,2863.6000,2863.4000,2863.2000,2863.0000,2862.8000,2864.0000,2864.2000,2864.4000,2864.6000,2864.8000,2,2,2,4,1,7,2,1,2,3
SF,IH2006,2020-06-17 13:34:17.700,2864.0000,17452,0,11320769940.000,0,-,-,-,-,2863.6000,2863.4000,2863.2000,2863.0000,2862.8000,2864.0000,2864.2000,2864.4000,2864.6000,2864.8000,2,2,2,4,1,7,2,1,2,3
SF,IH2006,2020-06-17 13:34:18.200,2864.0000,17452,0,11320769940.000,0,-,-,-,-,2863.6000,2863.4000,2863.2000,2863.0000,2862.8000,2864.0000,2864.2000,2864.4000,2864.6000,2864.8000,3,2,2,4,2,7,2,1,2,3
SF,IH2006,2020-06-17 13:34:19.200,2864.0000,17452,0,11320769940.000,0,-,-,-,-,2863.6000,2863.4000,2863.2000,2863.0000,2862.8000,2864.0000,2864.2000,2864.6000,2864.8000,2865.2000,3,2,1,4,2,8,2,2,3,2
SF,IH2006,2020-06-17 13:34:23.200,2864.0000,17452,0,11320769940.000,0,-,-,-,-,2863.8000,2863.6000,2863.4000,2863.2000,2863.0000,2864.0000,2864.2000,2864.6000,2864.8000,2865.2000,1,3,2,1,4,10,2,2,3,2
SF,IH2006,2020-06-17 13:34:23.700,2864.0000,17452,0,11324206740.000,4,2,2,空换,B,2863.8000,2863.6000,2863.4000,2863.2000,2863.0000,2864.0000,2864.2000,2864.6000,2864.8000,2865.2000,3,3,2,1,4,6,2,2,3,2
SF,IH2006,2020-06-17 13:34:24.200,2864.0000,17451,-1,11326784340.000,3,1,2,空平,B,2863.8000,2863.6000,2863.4000,2863.0000,2862.8000,2864.0000,2864.2000,2864.6000,2864.8000,2865.2000,3,1,2,4,2,3,2,2,3,2
SF,IH2006,2020-06-17 13:34:24.700,2864.0000,17454,3,11329361940.000,3,3,0,双开,B,2863.8000,2863.6000,2863.4000,2863.0000,2862.8000,2864.2000,2864.6000,2864.8000,2865.2000,2865.6000,2,1,2,4,2,2,2,3,2,2
SF,IH2006,2020-06-17 13:34:25.200,2863.8000,17454,0,11330221080.000,1,0,1,空换,B,2863.8000,2863.6000,2863.4000,2863.0000,2862.8000,2864.2000,2864.6000,2864.8000,2865.2000,2865.6000,1,1,2,4,2,2,1,3,2,2
SF,IH2006,2020-06-17 13:34:25.700,2864.2000,17453,-1,11331939600.000,2,0,2,空平,B,2864.2000,2863.8000,2863.6000,2863.4000,2863.0000,2864.6000,2864.8000,2865.2000,2865.6000,2865.8000,2,1,1,2,4,1,4,2,2,2
SF,IH2006,2020-06-17 13:34:26.200,2864.6000,17453,0,11335377120.000,4,2,2,空换,B,2864.6000,2864.2000,2863.6000,2863.4000,2863.0000,2864.8000,2865.2000,2865.6000,2865.8000,2866.0000,3,2,1,2,4,4,1,2,2,2
SF,IH2006,2020-06-17 13:34:26.700,2864.6000,17456,3,11341392780.000,7,5,2,多开,B,2864.2000,2863.6000,2863.4000,2863.0000,2862.8000,2864.6000,2864.8000,2865.2000,2865.6000,2865.8000,2,1,2,4,2,6,5,2,2,2
SF,IH2006,2020-06-17 13:34:27.200,2864.8000,17456,0,11347408260.000,7,3,4,空换,B,2864.6000,2863.6000,2863.4000,2863.0000,2862.8000,2864.8000,2865.2000,2865.6000,2865.8000,2866.0000,2,1,2,4,2,4,1,2,2,2
SF,IH2006,2020-06-17 13:34:27.700,2864.6000,17458,2,11349127020.000,2,2,0,双开,B,2863.8000,2863.6000,2863.4000,2863.2000,2863.0000,2864.4000,2864.6000,2864.8000,2865.2000,2865.6000,1,1,2,1,4,5,17,5,1,2
SF,IH2006,2020-06-17 13:34:28.200,2864.6000,17458,0,11349127020.000,0,-,-,-,-,2863.8000,2863.6000,2863.4000,2863.2000,2863.0000,2864.4000,2864.6000,2864.8000,2865.2000,2865.6000,1,2,2,1,4,3,12,4,1,2
SF,IH2006,2020-06-17 13:34:28.700,2864.6000,17458,0,11349127020.000,0,-,-,-,-,2863.8000,2863.6000,2863.4000,2863.2000,2863.0000,2864.0000,2864.4000,2864.6000,2864.8000,2865.2000,1,2,2,1,4,1,3,12,4,1
SF,IH2006,2020-06-17 13:34:29.200,2864.0000,17458,0,11351704560.000,3,1,2,空换,B,2863.6000,2863.4000,2863.0000,2862.8000,2862.6000,2864.4000,2864.6000,2864.8000,2865.2000,2865.6000,2,2,4,2,2,3,12,4,1,1
SF,IH2006,2020-06-17 13:34:29.700,2864.0000,17458,0,11351704560.000,0,-,-,-,-,2863.6000,2863.4000,2863.0000,2862.8000,2862.6000,2864.2000,2864.4000,2864.6000,2864.8000,2865.2000,2,2,4,2,2,2,3,9,4,1
SF,IH2006,2020-06-17 13:34:30.200,2864.0000,17458,0,11352563760.000,1,0,1,空换,B,2863.6000,2863.4000,2863.0000,2862.8000,2862.6000,2864.2000,2864.4000,2864.6000,2864.8000,2865.2000,3,2,4,2,2,1,3,9,4,1
SF,IH2006,2020-06-17 13:34:30.700,2864.0000,17458,0,11352563760.000,0,-,-,-,-,2863.8000,2863.6000,2863.4000,2863.0000,2862.8000,2864.2000,2864.4000,2864.6000,2864.8000,2865.2000,3,3,2,4,2,1,3,9,4,1
SF,IH2006,2020-06-17 13:34:31.200,2864.0000,17458,0,11352563760.000,0,-,-,-,-,2863.8000,2863.6000,2863.4000,2863.0000,2862.8000,2864.2000,2864.4000,2864.6000,2864.8000,2865.2000,3,3,2,4,2,1,3,9,5,1
SF,IH2006,2020-06-17 13:34:32.700,2864.0000,17458,0,11352563760.000,0,-,-,-,-,2863.8000,2863.6000,2863.4000,2863.0000,2862.8000,2864.2000,2864.4000,2864.6000,2864.8000,2865.2000,3,3,1,4,2,1,3,9,5,1
SF,IH2006,2020-06-17 13:34:33.200,2864.0000,17458,0,11352563760.000,0,-,-,-,-,2863.8000,2863.6000,2863.4000,2863.0000,2862.8000,2864.2000,2864.4000,2864.6000,2864.8000,2865.0000,3,3,1,4,2,2,3,9,5,2
SF,IH2006,2020-06-17 13:34:33.700,2864.0000,17458,0,11352563760.000,0,-,-,-,-,2863.8000,2863.6000,2863.4000,2863.0000,2862.8000,2864.2000,2864.4000,2864.6000,2864.8000,2865.0000,2,3,1,4,2,3,2,9,5,2
SF,IH2006,2020-06-17 13:34:34.200,2864.0000,17458,0,11352563760.000,0,-,-,-,-,2863.8000,2863.6000,2863.4000,2863.0000,2862.8000,2864.2000,2864.4000,2864.6000,2864.8000,2865.0000,3,3,1,4,2,3,2,9,5,2
SF,IH2006,2020-06-17 13:34:34.700,2864.0000,17458,0,11352563760.000,0,-,-,-,-,2863.8000,2863.6000,2863.4000,2863.0000,2862.8000,2864.2000,2864.4000,2864.6000,2864.8000,2865.0000,3,3,1,4,2,3,2,9,5,3
SF,IH2006,2020-06-17 13:34:35.200,2864.0000,17458,0,11352563760.000,0,-,-,-,-,2863.8000,2863.6000,2863.4000,2863.0000,2862.8000,2864.2000,2864.4000,2864.6000,2864.8000,2865.0000,3,3,1,4,2,3,2,7,5,3
SF,IH2006,2020-06-17 13:34:35.700,2864.0000,17458,0,11352563760.000,0,-,-,-,-,2863.8000,2863.6000,2863.4000,2863.0000,2862.8000,2864.2000,2864.4000,2864.6000,2864.8000,2865.0000,1,3,1,4,2,3,2,6,5,3
SF,IH2006,2020-06-17 13:34:37.200,2864.0000,17458,0,11352563760.000,0,-,-,-,-,2863.8000,2863.6000,2863.4000,2863.0000,2862.8000,2864.2000,2864.4000,2864.6000,2864.8000,2865.0000,1,2,1,4,2,3,2,6,5,3
SF,IH2006,2020-06-17 13:34:37.700,2864.0000,17458,0,11352563760.000,0,-,-,-,-,2863.8000,2863.6000,2863.4000,2863.0000,2862.8000,2864.2000,2864.4000,2864.6000,2864.8000,2865.0000,1,2,1,4,2,2,2,6,6,3
SF,IH2006,2020-06-17 13:34:39.200,2864.0000,17458,0,11352563760.000,0,-,-,-,-,2863.8000,2863.6000,2863.4000,2863.0000,2862.8000,2864.2000,2864.4000,2864.6000,2864.8000,2865.0000,1,2,1,4,2,2,2,6,6,3
SF,IH2006,2020-06-17 13:34:39.700,2864.2000,17460,2,11354282160.000,2,2,0,双开,B,2863.6000,2863.4000,2863.0000,2862.8000,2862.6000,2864.2000,2864.4000,2864.6000,2864.8000,2865.0000,2,1,4,2,2,2,2,6,6,3
SF,IH2006,2020-06-17 13:34:40.200,2864.2000,17460,0,11354282160.000,0,-,-,-,-,2863.6000,2863.4000,2863.0000,2862.8000,2862.6000,2864.0000,2864.2000,2864.4000,2864.6000,2864.8000,2,1,5,2,2,1,2,2,6,6
SF,IH2006,2020-06-17 13:34:44.200,2864.2000,17460,0,11354282160.000,0,-,-,-,-,2863.8000,2863.6000,2863.4000,2863.0000,2862.8000,2864.0000,2864.2000,2864.4000,2864.6000,2864.8000,1,2,1,5,2,1,2,2,6,6
SF,IH2006,2020-06-17 13:34:44.700,2864.2000,17460,0,11354282160.000,0,-,-,-,-,2863.8000,2863.6000,2863.4000,2863.0000,2862.8000,2864.2000,2864.4000,2864.6000,2864.8000,2865.0000,2,2,1,5,2,2,2,6,7,3
SF,IH2006,2020-06-17 13:34:45.200,2864.2000,17460,0,11354282160.000,0,-,-,-,-,2863.8000,2863.6000,2863.4000,2863.0000,2862.8000,2864.2000,2864.4000,2864.6000,2864.8000,2865.0000,2,1,1,5,2,2,2,6,7,3
SF,IH2006,2020-06-17 13:34:46.200,2863.8000,17461,1,11355141300.000,1,1,0,双开,B,2863.8000,2863.6000,2863.4000,2863.0000,2862.8000,2864.2000,2864.4000,2864.6000,2864.8000,2865.0000,2,1,1,5,2,2,2,6,7,3
SF,IH2006,2020-06-17 13:34:47.200,2863.8000,17461,0,11355141300.000,0,-,-,-,-,2863.8000,2863.6000,2863.4000,2863.0000,2862.8000,2864.2000,2864.4000,2864.6000,2864.8000,2865.0000,2,1,1,5,2,2,2,6,7,3
SF,IH2006,2020-06-17 13:34:48.200,2864.2000,17460,-1,11356000560.000,1,0,1,双平,B,2863.8000,2863.6000,2863.4000,2863.0000,2862.8000,2864.2000,2864.4000,2864.6000,2864.8000,2865.0000,2,1,1,5,2,1,2,6,7,3
SF,IH2006,2020-06-17 13:34:48.700,2864.2000,17460,0,11356000560.000,0,-,-,-,-,2863.8000,2863.6000,2863.4000,2863.0000,2862.8000,2864.2000,2864.4000,2864.6000,2864.8000,2865.0000,2,1,1,5,2,2,2,6,7,3
SF,IH2006,2020-06-17 13:34:49.200,2864.2000,17460,0,11356000560.000,0,-,-,-,-,2863.8000,2863.6000,2863.4000,2863.0000,2862.8000,2864.2000,2864.4000,2864.6000,2864.8000,2865.0000,2,1,1,5,2,3,2,6,7,3
SF,IH2006,2020-06-17 13:34:49.700,2864.2000,17460,0,11356000560.000,0,-,-,-,-,2863.8000,2863.6000,2863.4000,2863.0000,2862.8000,2864.0000,2864.2000,2864.4000,2864.6000,2864.8000,2,1,1,5,2,3,2,2,6,7
SF,IH2006,2020-06-17 13:34:50.700,2864.2000,17460,0,11356000560.000,0,-,-,-,-,2863.8000,2863.4000,2863.0000,2862.8000,2862.6000,2864.0000,2864.2000,2864.4000,2864.6000,2864.8000,2,1,4,2,2,3,2,2,6,7
SF,IH2006,2020-06-17 13:34:51.200,2863.8000,17462,2,11357718840.000,2,2,0,双开,B,2863.4000,2863.0000,2862.8000,2862.6000,2862.2000,2863.8000,2864.0000,2864.2000,2864.4000,2864.6000,1,4,2,2,2,2,3,2,2,6
SF,IH2006,2020-06-17 13:34:51.700,2863.8000,17462,0,11357718840.000,0,-,-,-,-,2863.4000,2863.0000,2862.8000,2862.6000,2862.2000,2863.6000,2863.8000,2864.0000,2864.2000,2864.4000,1,4,2,2,2,1,1,1,2,2
SF,IH2006,2020-06-17 13:34:52.200,2863.8000,17462,0,11357718840.000,0,-,-,-,-,2863.4000,2863.0000,2862.8000,2862.6000,2862.2000,2863.6000,2864.2000,2864.4000,2864.6000,2864.8000,1,4,2,2,2,3,2,2,6,9
SF,IH2006,2020-06-17 13:34:52.700,2863.4000,17461,-1,11358577860.000,1,0,1,双平,B,2863.0000,2862.8000,2862.6000,2862.2000,2862.0000,2863.6000,2864.2000,2864.4000,2864.6000,2864.8000,4,2,2,2,1,3,2,2,6,9
SF,IH2006,2020-06-17 13:34:53.200,2863.4000,17461,0,11358577860.000,0,-,-,-,-,2863.2000,2863.0000,2862.8000,2862.6000,2862.2000,2863.4000,2863.6000,2864.2000,2864.4000,2864.6000,1,4,2,2,2,1,2,2,2,6
SF,IH2006,2020-06-17 13:34:53.700,2863.4000,17460,-1,11359436880.000,1,0,1,双平,B,2863.4000,2863.2000,2863.0000,2862.8000,2862.6000,2863.6000,2864.2000,2864.4000,2864.6000,2864.8000,1,1,4,2,2,2,2,2,6,9
SF,IH2006,2020-06-17 13:34:54.200,2863.4000,17460,0,11359436880.000,0,-,-,-,-,2863.2000,2863.0000,2862.8000,2862.6000,2862.2000,2863.6000,2864.2000,2864.4000,2864.6000,2864.8000,1,4,2,2,2,2,2,2,6,9
SF,IH2006,2020-06-17 13:34:54.700,2863.6000,17461,1,11360295960.000,1,1,0,双开,B,2863.2000,2863.0000,2862.8000,2862.6000,2862.2000,2864.2000,2864.4000,2864.6000,2864.8000,2865.0000,1,4,2,2,2,2,2,6,9,3
SF,IH2006,2020-06-17 13:34:55.200,2863.6000,17461,0,11360295960.000,0,-,-,-,-,2863.2000,2863.0000,2862.8000,2862.6000,2862.2000,2863.6000,2863.8000,2864.0000,2864.2000,2864.4000,2,4,2,2,2,2,3,12,2,2
SF,IH2006,2020-06-17 13:34:55.700,2863.6000,17461,0,11360295960.000,0,-,-,-,-,2863.2000,2863.0000,2862.8000,2862.6000,2862.2000,2863.4000,2863.6000,2863.8000,2864.0000,2864.2000,1,4,2,2,2,1,1,1,8,2
SF,IH2006,2020-06-17 13:34:56.200,2863.6000,17461,0,11360295960.000,0,-,-,-,-,2863.2000,2863.0000,2862.8000,2862.6000,2862.2000,2863.6000,2863.8000,2864.0000,2864.2000,2864.4000,2,4,2,2,2,1,1,6,2,2
SF,IH2006,2020-06-17 13:34:56.700,2863.6000,17461,0,11360295960.000,0,-,-,-,-,2863.2000,2863.0000,2862.8000,2862.6000,2862.2000,2863.6000,2863.8000,2864.0000,2864.2000,2864.4000,2,4,2,2,2,1,1,7,2,2
SF,IH2006,2020-06-17 13:34:57.700,2863.2000,17461,0,11361154920.000,1,0,1,空换,B,2863.2000,2863.0000,2862.8000,2862.6000,2862.2000,2863.6000,2863.8000,2864.0000,2864.2000,2864.4000,1,4,2,2,2,1,1,7,2,2
SF,IH2006,2020-06-17 13:34:59.700,2863.2000,17461,0,11361154920.000,0,-,-,-,-,2863.0000,2862.8000,2862.6000,2862.2000,2862.0000,2863.6000,2863.8000,2864.0000,2864.2000,2864.4000,4,2,2,2,1,1,1,7,2,2
SF,IH2006,2020-06-17 13:35:00.200,2863.2000,17461,0,11361154920.000,0,-,-,-,-,2863.0000,2862.8000,2862.6000,2862.2000,2862.0000,2863.8000,2864.0000,2864.2000,2864.4000,2864.6000,6,2,2,2,1,1,8,2,2,6
SF,IH2006,2020-06-17 13:35:00.700,2863.2000,17461,0,11361154920.000,0,-,-,-,-,2863.2000,2863.0000,2862.8000,2862.6000,2862.2000,2863.8000,2864.0000,2864.2000,2864.4000,2864.6000,1,6,2,2,2,3,7,2,2,6
SF,IH2006,2020-06-17 13:35:01.200,2863.2000,17461,0,11361154920.000,0,-,-,-,-,2863.4000,2863.2000,2863.0000,2862.8000,2862.6000,2863.8000,2864.0000,2864.2000,2864.4000,2864.6000,1,1,6,2,2,2,7,2,2,6
SF,IH2006,2020-06-17 13:35:02.700,2863.2000,17461,0,11361154920.000,0,-,-,-,-,2863.4000,2863.2000,2863.0000,2862.8000,2862.6000,2863.8000,2864.0000,2864.2000,2864.4000,2864.6000,1,1,7,2,2,2,7,2,2,6
SF,IH2006,2020-06-17 13:35:03.700,2863.8000,17461,0,11362014060.000,1,0,1,空换,B,2863.8000,2863.4000,2863.2000,2863.0000,2862.8000,2864.0000,2864.2000,2864.4000,2864.6000,2864.8000,1,1,1,7,2,7,2,2,6,9
SF,IH2006,2020-06-17 13:35:04.200,2863.8000,17461,0,11362873200.000,1,0,1,空换,B,2863.4000,2863.2000,2863.0000,2862.8000,2862.6000,2863.6000,2863.8000,2864.0000,2864.2000,2864.4000,1,1,7,2,2,5,5,8,1,2
SF,IH2006,2020-06-17 13:35:04.700,2863.8000,17461,0,11362873200.000,0,-,-,-,-,2863.4000,2863.2000,2863.0000,2862.8000,2862.6000,2863.6000,2863.8000,2864.0000,2864.2000,2864.4000,1,2,7,2,2,1,1,8,1,2
SF,IH2006,2020-06-17 13:35:05.700,2863.8000,17461,0,11362873200.000,0,-,-,-,-,2863.4000,2863.2000,2863.0000,2862.8000,2862.6000,2863.6000,2863.8000,2864.0000,2864.2000,2864.4000,2,2,7,2,2,1,1,8,1,2
SF,IH2006,2020-06-17 13:35:06.200,2863.8000,17461,0,11362873200.000,0,-,-,-,-,2863.4000,2863.2000,2863.0000,2862.8000,2862.6000,2863.6000,2863.8000,2864.0000,2864.2000,2864.4000,21,2,7,2,2,1,1,8,1,2
SF,IH2006,2020-06-17 13:35:06.700,2863.8000,17462,1,11364591420.000,2,1,1,多开,B,2863.6000,2863.4000,2863.2000,2863.0000,2862.8000,2864.0000,2864.2000,2864.4000,2864.6000,2864.8000,3,21,1,7,2,8,1,2,6,9
SF,IH2006,2020-06-17 13:35:07.200,2863.8000,17462,0,11364591420.000,0,-,-,-,-,2863.6000,2863.4000,2863.2000,2863.0000,2862.8000,2864.0000,2864.2000,2864.4000,2864.6000,2864.8000,2,21,1,7,2,9,1,2,6,9
SF,IH2006,2020-06-17 13:35:07.700,2863.8000,17462,0,11364591420.000,0,-,-,-,-,2863.6000,2863.4000,2863.2000,2863.0000,2862.8000,2864.0000,2864.2000,2864.4000,2864.6000,2864.8000,1,2,1,7,2,9,1,2,6,9
SF,IH2006,2020-06-17 13:35:08.200,2863.8000,17465,3,11367168780.000,3,3,0,双开,B,2863.8000,2863.4000,2863.2000,2863.0000,2862.8000,2864.0000,2864.2000,2864.4000,2864.6000,2864.8000,17,2,1,7,2,8,1,2,6,9
SF,IH2006,2020-06-17 13:35:08.700,2863.8000,17465,0,11367168780.000,0,-,-,-,-,2863.8000,2863.6000,2863.4000,2863.2000,2863.0000,2864.0000,2864.2000,2864.4000,2864.6000,2864.8000,17,1,2,1,7,7,1,2,6,9
SF,IH2006,2020-06-17 13:35:09.200,2863.8000,17465,0,11367168780.000,0,-,-,-,-,2863.8000,2863.6000,2863.4000,2863.2000,2863.0000,2864.0000,2864.2000,2864.4000,2864.6000,2864.8000,24,1,3,1,7,7,1,2,6,9
SF,IH2006,2020-06-17 13:35:09.700,2863.8000,17465,0,11367168780.000,0,-,-,-,-,2863.8000,2863.6000,2863.4000,2863.2000,2863.0000,2864.0000,2864.2000,2864.4000,2864.6000,2864.8000,24,1,3,1,7,5,1,2,6,9
SF,IH2006,2020-06-17 13:35:11.200,2863.8000,17465,0,11369746200.000,3,1,2,空换,B,2863.8000,2863.6000,2863.4000,2863.0000,2862.8000,2864.0000,2864.2000,2864.4000,2864.6000,2864.8000,21,1,3,7,2,5,1,2,6,9
SF,IH2006,2020-06-17 13:35:11.700,2864.0000,17473,8,11377478760.000,9,8,1,多开,B,2864.0000,2863.8000,2863.6000,2863.4000,2863.0000,2864.2000,2864.4000,2864.6000,2864.8000,2865.0000,5,17,1,3,6,1,2,6,9,3
SF,IH2006,2020-06-17 13:35:12.200,2864.0000,17475,2,11379197160.000,2,2,0,双开,B,2864.0000,2863.8000,2863.6000,2863.4000,2863.0000,2864.2000,2864.4000,2864.6000,2864.8000,2865.0000,4,11,1,3,6,1,1,6,9,3
SF,IH2006,2020-06-17 13:35:12.700,2864.2000,17476,1,11380915620.000,2,1,1,多开,B,2864.0000,2863.8000,2863.6000,2863.4000,2863.0000,2864.4000,2864.6000,2864.8000,2865.0000,2865.2000,12,11,1,3,6,2,7,9,3,2
SF,IH2006,2020-06-17 13:35:13.200,2864.0000,17476,0,11381774820.000,1,0,1,空换,B,2864.0000,2863.8000,2863.6000,2863.4000,2863.0000,2864.2000,2864.4000,2864.6000,2864.8000,2865.0000,4,11,1,3,6,2,4,7,9,3
SF,IH2006,2020-06-17 13:35:13.700,2864.0000,17479,3,11384352420.000,3,3,0,双开,B,2864.0000,2863.8000,2863.6000,2863.4000,2863.0000,2864.2000,2864.4000,2864.6000,2864.8000,2865.0000,8,1,1,3,6,1,4,7,9,3
SF,IH2006,2020-06-17 13:35:14.200,2864.0000,17488,9,11392085220.000,9,9,0,双开,B,2864.0000,2863.8000,2863.6000,2863.4000,2863.0000,2864.4000,2864.6000,2864.8000,2865.0000,2865.2000,9,1,1,3,6,4,7,9,3,2
SF,IH2006,2020-06-17 13:35:14.700,2864.2000,17492,4,11395522200.000,4,4,0,双开,B,2864.2000,2863.8000,2863.6000,2863.4000,2863.0000,2864.4000,2864.6000,2864.8000,2865.0000,2865.2000,4,1,1,3,6,4,7,9,3,2
SF,IH2006,2020-06-17 13:35:15.200,2864.2000,17496,4,11398959240.000,4,4,0,双开,B,2863.8000,2863.6000,2863.4000,2863.0000,2862.8000,2864.0000,2864.2000,2864.4000,2864.6000,2864.8000,1,1,3,6,2,1,11,4,7,9
SF,IH2006,2020-06-17 13:35:16.700,2863.8000,17496,0,11399818380.000,1,0,1,空换,B,2863.6000,2863.4000,2863.0000,2862.8000,2862.6000,2864.0000,2864.2000,2864.4000,2864.6000,2864.8000,1,3,6,2,2,1,11,4,7,9
SF,IH2006,2020-06-17 13:35:17.200,2863.6000,17497,1,11400677460.000,1,1,0,双开,B,2863.4000,2863.0000,2862.8000,2862.6000,2862.2000,2864.0000,2864.2000,2864.4000,2864.6000,2864.8000,3,6,2,2,2,2,11,4,7,9
SF,IH2006,2020-06-17 13:35:17.700,2863.4000,17499,2,11402395620.000,2,2,0,双开,B,2863.4000,2863.0000,2862.8000,2862.6000,2862.2000,2863.8000,2864.0000,2864.2000,2864.4000,2864.6000,3,6,2,2,2,1,2,11,4,7
SF,IH2006,2020-06-17 13:35:18.200,2863.4000,17499,0,11402395620.000,0,-,-,-,-,2863.4000,2863.0000,2862.8000,2862.6000,2862.2000,2863.8000,2864.0000,2864.2000,2864.4000,2864.6000,3,6,2,2,2,2,2,8,4,6
SF,IH2006,2020-06-17 13:35:20.200,2863.4000,17500,1,11404972680.000,3,2,1,多开,B,2863.0000,2862.8000,2862.6000,2862.2000,2862.0000,2863.4000,2863.8000,2864.0000,2864.2000,2864.4000,6,2,2,2,1,6,2,2,8,4
SF,IH2006,2020-06-17 13:35:20.700,2863.4000,17500,0,11404972680.000,0,-,-,-,-,2863.0000,2862.8000,2862.6000,2862.2000,2862.0000,2863.4000,2863.8000,2864.0000,2864.2000,2864.4000,7,2,2,2,1,6,2,2,8,4
SF,IH2006,2020-06-17 13:35:21.200,2863.4000,17502,2,11406690720.000,2,2,0,双开,B,2863.2000,2863.0000,2862.8000,2862.6000,2862.2000,2863.4000,2863.8000,2864.0000,2864.2000,2864.4000,1,7,2,2,2,4,2,2,8,4
SF,IH2006,2020-06-17 13:35:21.700,2863.4000,17503,1,11409267780.000,3,2,1,多开,B,2863.2000,2863.0000,2862.8000,2862.6000,2862.2000,2863.4000,2863.8000,2864.0000,2864.2000,2864.4000,1,7,2,2,2,1,2,2,7,4
SF,IH2006,2020-06-17 13:35:22.200,2863.4000,17504,1,11410126800.000,1,1,0,双开,B,2863.4000,2863.2000,2863.0000,2862.8000,2862.6000,2863.8000,2864.0000,2864.2000,2864.4000,2864.6000,1,1,6,2,2,2,2,7,4,6
SF,IH2006,2020-06-17 13:35:22.700,2863.4000,17504,0,11410126800.000,0,-,-,-,-,2863.4000,2863.0000,2862.8000,2862.6000,2862.2000,2863.8000,2864.0000,2864.2000,2864.4000,2864.6000,1,6,2,2,2,2,2,7,4,6
SF,IH2006,2020-06-17 13:35:23.200,2863.4000,17504,0,11410126800.000,0,-,-,-,-,2863.4000,2863.0000,2862.8000,2862.6000,2862.2000,2863.6000,2863.8000,2864.0000,2864.2000,2864.4000,1,6,2,2,2,1,5,2,4,2
SF,IH2006,2020-06-17 13:35:23.700,2863.4000,17504,0,11410126800.000,0,-,-,-,-,2863.4000,2863.0000,2862.8000,2862.6000,2862.2000,2863.6000,2863.8000,2864.0000,2864.2000,2864.4000,1,6,2,2,2,1,4,2,4,2
SF,IH2006,2020-06-17 13:35:25.700,2863.4000,17504,0,11410126800.000,0,-,-,-,-,2863.4000,2863.0000,2862.8000,2862.6000,2862.2000,2863.6000,2863.8000,2864.0000,2864.2000,2864.4000,1,6,2,2,2,1,3,2,4,2
SF,IH2006,2020-06-17 13:35:26.200,2863.4000,17504,0,11410985820.000,1,0,1,空换,B,2863.0000,2862.8000,2862.6000,2862.2000,2862.0000,2863.4000,2863.8000,2864.0000,2864.2000,2864.4000,5,2,2,2,1,1,3,2,3,2
SF,IH2006,2020-06-17 13:35:26.700,2863.4000,17504,0,11410985820.000,0,-,-,-,-,2863.0000,2862.8000,2862.6000,2862.2000,2862.0000,2863.2000,2863.4000,2863.8000,2864.0000,2864.2000,5,2,2,2,1,1,2,3,2,3
SF,IH2006,2020-06-17 13:35:27.200,2863.4000,17504,0,11410985820.000,0,-,-,-,-,2863.0000,2862.8000,2862.6000,2862.2000,2862.0000,2863.2000,2863.4000,2863.8000,2864.0000,2864.2000,3,2,2,2,1,1,2,2,2,3
SF,IH2006,2020-06-17 13:35:27.700,2863.0000,17505,1,11411844720.000,1,1,0,双开,B,2863.0000,2862.8000,2862.6000,2862.2000,2862.0000,2863.2000,2863.4000,2863.8000,2864.0000,2864.2000,2,2,2,2,1,2,2,2,2,3
SF,IH2006,2020-06-17 13:35:28.200,2862.8000,17507,2,11415280200.000,4,3,1,多开,B,2862.6000,2862.2000,2862.0000,2861.8000,2861.2000,2862.8000,2863.0000,2863.2000,2863.4000,2863.8000,2,2,1,2,1,1,14,3,1,1
SF,IH2006,2020-06-17 13:35:28.700,2862.8000,17507,0,11415280200.000,0,-,-,-,-,2862.6000,2862.2000,2862.0000,2861.8000,2861.2000,2862.8000,2863.0000,2863.2000,2863.8000,2864.0000,2,2,1,2,1,2,8,2,1,2
SF,IH2006,2020-06-17 13:35:29.200,2862.8000,17507,0,11416139040.000,1,0,1,空换,B,2862.6000,2862.2000,2862.0000,2861.8000,2861.2000,2863.0000,2863.2000,2863.8000,2864.0000,2864.2000,2,2,1,2,1,4,2,1,2,3
SF,IH2006,2020-06-17 13:35:29.700,2862.8000,17507,0,11416139040.000,0,-,-,-,-,2862.6000,2862.2000,2862.0000,2861.8000,2861.2000,2863.0000,2863.2000,2863.8000,2864.0000,2864.2000,2,2,1,2,1,4,1,1,2,3
SF,IH2006,2020-06-17 13:35:30.200,2862.6000,17508,1,11416997820.000,1,1,0,双开,B,2862.6000,2862.2000,2862.0000,2861.8000,2861.2000,2863.0000,2863.2000,2863.8000,2864.0000,2864.2000,1,2,1,2,1,4,1,1,2,3
SF,IH2006,2020-06-17 13:35:30.700,2862.6000,17508,0,11416997820.000,0,-,-,-,-,2862.6000,2862.2000,2862.0000,2861.8000,2861.2000,2862.8000,2863.0000,2863.2000,2863.8000,2864.0000,1,2,1,2,1,1,5,1,1,2
SF,IH2006,2020-06-17 13:35:31.700,2862.6000,17508,0,11416997820.000,0,-,-,-,-,2862.6000,2862.2000,2862.0000,2861.8000,2861.2000,2862.8000,2863.0000,2863.2000,2863.8000,2864.0000,2,2,1,2,1,1,5,1,1,2
SF,IH2006,2020-06-17 13:35:32.200,2862.8000,17508,0,11419574280.000,3,1,2,空换,B,2862.6000,2862.2000,2862.0000,2861.8000,2861.2000,2863.0000,2863.2000,2863.8000,2864.0000,2864.2000,1,2,1,2,1,5,1,1,2,3
SF,IH2006,2020-06-17 13:35:32.700,2862.8000,17508,0,11419574280.000,0,-,-,-,-,2862.6000,2862.2000,2862.0000,2861.8000,2861.6000,2863.0000,2863.2000,2864.0000,2864.2000,2864.4000,1,2,1,2,1,5,1,2,3,2
SF,IH2006,2020-06-17 13:35:33.700,2862.8000,17508,0,11419574280.000,0,-,-,-,-,2862.6000,2862.2000,2862.0000,2861.8000,2861.6000,2862.8000,2863.0000,2863.2000,2864.0000,2864.2000,1,2,1,2,1,2,5,1,2,3
SF,IH2006,2020-06-17 13:35:35.200,2862.6000,17508,0,11420433060.000,1,0,1,空换,B,2862.2000,2862.0000,2861.8000,2861.6000,2861.2000,2862.8000,2863.0000,2863.2000,2864.0000,2864.2000,2,1,2,1,1,2,5,1,2,3
SF,IH2006,2020-06-17 13:35:35.700,2862.6000,17508,0,11420433060.000,0,-,-,-,-,2862.4000,2862.2000,2862.0000,2861.8000,2861.2000,2862.8000,2863.0000,2863.2000,2864.0000,2864.2000,4,2,1,2,1,2,5,1,2,3
SF,IH2006,2020-06-17 13:35:36.700,2862.6000,17508,0,11420433060.000,0,-,-,-,-,2862.4000,2862.2000,2862.0000,2861.8000,2861.2000,2862.8000,2863.0000,2863.2000,2864.0000,2864.2000,4,2,1,2,1,1,5,1,2,3
SF,IH2006,2020-06-17 13:35:37.700,2862.6000,17508,0,11420433060.000,0,-,-,-,-,2862.4000,2862.2000,2862.0000,2861.8000,2861.2000,2862.8000,2863.0000,2863.2000,2864.0000,2864.2000,4,5,1,2,1,1,5,1,2,3
SF,IH2006,2020-06-17 13:35:38.200,2862.6000,17508,0,11420433060.000,0,-,-,-,-,2862.4000,2862.2000,2862.0000,2861.8000,2861.6000,2862.8000,2863.0000,2863.2000,2864.0000,2864.2000,4,5,1,2,1,1,5,1,2,3
SF,IH2006,2020-06-17 13:35:38.700,2862.4000,17508,0,11421291780.000,1,0,1,空换,B,2862.4000,2862.2000,2862.0000,2861.8000,2861.6000,2862.8000,2863.0000,2863.2000,2864.0000,2864.2000,3,5,1,2,1,1,5,1,2,3
SF,IH2006,2020-06-17 13:35:39.200,2862.4000,17508,0,11421291780.000,0,-,-,-,-,2862.4000,2862.2000,2862.0000,2861.8000,2861.6000,2862.8000,2863.0000,2863.2000,2864.0000,2864.2000,4,5,1,2,1,1,5,1,2,3
SF,IH2006,2020-06-17 13:35:40.200,2862.4000,17508,0,11421291780.000,0,-,-,-,-,2862.6000,2862.4000,2862.2000,2862.0000,2861.8000,2862.8000,2863.0000,2863.2000,2864.0000,2864.2000,3,4,5,1,2,1,5,1,2,3
SF,IH2006,2020-06-17 13:35:40.700,2862.8000,17508,0,11422150620.000,1,0,1,空换,B,2862.6000,2862.4000,2862.2000,2862.0000,2861.8000,2863.0000,2863.2000,2864.0000,2864.2000,2864.4000,1,4,5,1,2,5,2,2,3,2
SF,IH2006,2020-06-17 13:35:41.200,2862.8000,17508,0,11422150620.000,0,-,-,-,-,2862.6000,2862.4000,2862.2000,2861.8000,2861.6000,2863.0000,2863.2000,2864.0000,2864.2000,2864.4000,1,2,5,2,1,4,1,2,3,2
SF,IH2006,2020-06-17 13:35:41.700,2862.8000,17508,0,11422150620.000,0,-,-,-,-,2862.6000,2862.4000,2862.2000,2861.8000,2861.6000,2863.0000,2863.2000,2864.0000,2864.2000,2864.4000,2,2,5,2,1,4,1,2,3,2
SF,IH2006,2020-06-17 13:35:43.200,2862.8000,17508,0,11422150620.000,0,-,-,-,-,2862.6000,2862.4000,2862.2000,2861.8000,2861.6000,2863.0000,2863.2000,2864.0000,2864.2000,2864.4000,1,2,5,2,1,4,1,2,3,2
SF,IH2006,2020-06-17 13:35:43.700,2862.8000,17508,0,11422150620.000,0,-,-,-,-,2862.6000,2862.4000,2862.2000,2861.8000,2861.6000,2863.0000,2863.2000,2864.0000,2864.2000,2864.4000,1,2,5,2,1,4,1,2,3,2
SF,IH2006,2020-06-17 13:35:44.200,2862.8000,17508,0,11422150620.000,0,-,-,-,-,2862.6000,2862.4000,2862.2000,2861.8000,2861.6000,2863.0000,2863.2000,2864.0000,2864.2000,2864.4000,5,2,5,2,1,4,1,2,3,2
SF,IH2006,2020-06-17 13:35:44.700,2862.8000,17508,0,11422150620.000,0,-,-,-,-,2862.6000,2862.4000,2862.2000,2861.8000,2861.6000,2863.0000,2863.2000,2864.0000,2864.2000,2864.4000,6,1,5,2,1,4,1,2,3,2
SF,IH2006,2020-06-17 13:35:45.700,2862.8000,17508,0,11422150620.000,0,-,-,-,-,2862.8000,2862.6000,2862.4000,2862.2000,2861.8000,2863.0000,2863.2000,2864.0000,2864.2000,2864.4000,1,7,1,5,2,4,1,2,3,2
SF,IH2006,2020-06-17 13:35:46.200,2862.8000,17508,0,11422150620.000,0,-,-,-,-,2862.8000,2862.6000,2862.4000,2862.2000,2861.8000,2863.0000,2864.0000,2864.2000,2864.4000,2864.6000,1,7,1,5,2,4,2,3,2,5
SF,IH2006,2020-06-17 13:35:46.700,2863.0000,17507,-1,11424727320.000,3,1,2,空平,B,2862.8000,2862.6000,2862.4000,2862.2000,2861.8000,2863.0000,2864.0000,2864.2000,2864.4000,2864.6000,1,7,1,5,2,1,2,4,2,5
SF,IH2006,2020-06-17 13:35:47.700,2863.0000,17506,-1,11425586220.000,1,0,1,双平,B,2862.8000,2862.6000,2862.4000,2862.2000,2861.8000,2864.0000,2864.2000,2864.4000,2864.6000,2864.8000,1,7,1,5,2,2,4,2,5,9
SF,IH2006,2020-06-17 13:35:48.200,2863.0000,17506,0,11425586220.000,0,-,-,-,-,2862.6000,2862.4000,2862.2000,2861.8000,2861.2000,2863.0000,2863.2000,2863.6000,2863.8000,2864.0000,7,1,5,2,2,5,8,7,7,4
SF,IH2006,2020-06-17 13:35:48.700,2863.0000,17506,0,11425586220.000,0,-,-,-,-,2862.6000,2862.4000,2862.2000,2861.8000,2861.2000,2863.0000,2863.6000,2863.8000,2864.0000,2864.2000,6,1,5,2,2,1,4,6,4,5
SF,IH2006,2020-06-17 13:35:49.200,2863.0000,17506,0,11425586220.000,0,-,-,-,-,2862.6000,2862.4000,2862.2000,2861.8000,2861.2000,2863.0000,2863.6000,2863.8000,2864.0000,2864.2000,6,1,5,2,2,1,3,6,4,6
SF,IH2006,2020-06-17 13:35:49.700,2863.0000,17506,0,11425586220.000,0,-,-,-,-,2862.6000,2862.4000,2862.2000,2861.8000,2861.6000,2863.0000,2863.6000,2863.8000,2864.0000,2864.2000,6,1,5,2,1,1,3,6,4,6
SF,IH2006,2020-06-17 13:35:50.700,2863.0000,17506,0,11425586220.000,0,-,-,-,-,2862.8000,2862.6000,2862.4000,2862.2000,2861.8000,2863.0000,2863.6000,2863.8000,2864.0000,2864.2000,1,6,1,5,2,1,3,6,4,6
SF,IH2006,2020-06-17 13:35:51.200,2863.0000,17506,0,11425586220.000,0,-,-,-,-,2862.8000,2862.6000,2862.4000,2862.2000,2861.8000,2863.0000,2863.6000,2863.8000,2864.0000,2864.2000,1,6,1,5,2,1,2,5,4,6
SF,IH2006,2020-06-17 13:35:51.700,2863.0000,17506,0,11425586220.000,0,-,-,-,-,2862.8000,2862.6000,2862.4000,2862.2000,2861.8000,2863.0000,2863.6000,2863.8000,2864.0000,2864.2000,2,6,1,5,2,1,2,5,4,6
SF,IH2006,2020-06-17 13:35:52.200,2862.8000,17505,-1,11427303900.000,2,0,2,空平,B,2862.6000,2862.4000,2862.2000,2861.8000,2861.6000,2863.0000,2863.6000,2863.8000,2864.0000,2864.2000,6,1,5,2,1,1,2,5,4,6
SF,IH2006,2020-06-17 13:35:52.700,2862.6000,17503,-2,11429021460.000,2,0,2,双平,B,2862.6000,2862.4000,2862.2000,2861.8000,2861.6000,2863.0000,2863.6000,2863.8000,2864.0000,2864.2000,4,1,5,2,1,2,2,5,4,6
SF,IH2006,2020-06-17 13:35:53.200,2862.6000,17503,0,11429880240.000,1,0,1,空换,B,2862.6000,2862.4000,2862.2000,2861.8000,2861.2000,2862.8000,2863.0000,2863.6000,2863.8000,2864.0000,3,1,5,2,2,1,2,2,2,4
SF,IH2006,2020-06-17 13:35:53.700,2862.6000,17502,-1,11431597800.000,2,0,2,空平,B,2862.6000,2862.4000,2862.2000,2861.8000,2861.2000,2862.8000,2863.0000,2863.6000,2863.8000,2864.0000,1,1,5,2,2,1,2,2,2,4
SF,IH2006,2020-06-17 13:35:54.200,2862.4000,17501,-1,11433315300.000,2,0,2,空平,B,2862.2000,2861.8000,2861.2000,2860.8000,2860.2000,2862.4000,2862.6000,2863.0000,2863.6000,2863.8000,4,2,2,1,5,6,14,2,2,2
SF,IH2006,2020-06-17 13:35:54.700,2862.4000,17501,0,11439325980.000,7,3,4,空换,B,2861.8000,2861.2000,2860.8000,2860.2000,2860.0000,2862.6000,2863.0000,2863.6000,2863.8000,2864.0000,2,2,1,5,14,7,2,2,2,4
SF,IH2006,2020-06-17 13:35:55.200,2861.8000,17501,0,11440184520.000,1,0,1,空换,B,2861.8000,2861.6000,2861.2000,2860.8000,2860.2000,2862.2000,2862.4000,2862.6000,2863.0000,2863.6000,3,1,2,1,5,2,4,7,2,2
SF,IH2006,2020-06-17 13:35:55.700,2862.2000,17505,4,11443619160.000,4,4,0,双开,B,2862.2000,2861.8000,2861.2000,2860.8000,2860.2000,2862.4000,2862.6000,2863.0000,2863.6000,2863.8000,4,2,2,1,5,2,6,2,2,2
SF,IH2006,2020-06-17 13:35:56.200,2862.2000,17508,3,11447053800.000,4,3,1,多开,B,2861.8000,2861.2000,2860.8000,2860.2000,2860.0000,2862.2000,2862.4000,2862.6000,2863.0000,2863.6000,2,2,1,5,14,5,2,6,2,2
SF,IH2006,2020-06-17 13:35:56.700,2862.2000,17508,0,11447912460.000,1,0,1,空换,B,2861.8000,2861.2000,2860.8000,2860.2000,2860.0000,2862.2000,2862.4000,2862.6000,2863.0000,2863.6000,2,2,2,5,14,4,2,4,2,2
SF,IH2006,2020-06-17 13:35:57.700,2862.2000,17508,0,11447912460.000,0,-,-,-,-,2861.8000,2861.2000,2860.8000,2860.2000,2860.0000,2862.2000,2862.4000,2862.6000,2863.0000,2863.6000,2,2,2,5,14,4,2,3,2,2
SF,IH2006,2020-06-17 13:35:58.200,2861.8000,17508,0,11448771000.000,1,0,1,空换,B,2861.8000,2861.2000,2860.8000,2860.2000,2860.0000,2862.2000,2862.4000,2862.6000,2863.0000,2863.6000,3,2,1,5,14,4,2,3,2,2
SF,IH2006,2020-06-17 13:35:58.700,2861.8000,17508,0,11448771000.000,0,-,-,-,-,2861.8000,2861.2000,2860.8000,2860.2000,2860.0000,2862.2000,2862.4000,2862.6000,2863.0000,2863.6000,3,2,1,5,14,5,2,3,2,2
SF,IH2006,2020-06-17 13:36:00.200,2861.8000,17507,-1,11451346620.000,3,1,2,空平,B,2861.2000,2860.8000,2860.2000,2860.0000,2859.2000,2862.2000,2862.4000,2862.6000,2863.0000,2863.6000,1,1,5,14,1,5,2,3,2,2
SF,IH2006,2020-06-17 13:36:00.700,2861.8000,17507,0,11451346620.000,0,-,-,-,-,2861.4000,2861.2000,2860.8000,2860.2000,2860.0000,2862.0000,2862.2000,2862.4000,2862.6000,2863.0000,4,2,1,5,14,2,4,2,3,2
SF,IH2006,2020-06-17 13:36:01.200,2862.0000,17509,2,11453063700.000,2,2,0,双开,B,2861.6000,2861.4000,2861.2000,2860.8000,2860.2000,2862.0000,2862.2000,2862.4000,2862.6000,2863.0000,1,1,2,1,5,2,4,2,2,2
SF,IH2006,2020-06-17 13:36:01.700,2861.6000,17509,0,11453922180.000,1,0,1,空换,B,2861.4000,2861.2000,2860.8000,2860.2000,2860.0000,2861.6000,2862.0000,2862.2000,2862.4000,2862.6000,1,2,1,5,14,3,1,4,2,2
SF,IH2006,2020-06-17 13:36:02.200,2861.6000,17509,0,11453922180.000,0,-,-,-,-,2861.6000,2861.2000,2860.8000,2860.2000,2860.0000,2862.0000,2862.2000,2862.4000,2862.6000,2863.0000,1,3,1,5,14,1,4,2,2,2
SF,IH2006,2020-06-17 13:36:02.700,2861.6000,17508,-1,11454780660.000,1,0,1,双平,B,2861.2000,2860.8000,2860.2000,2860.0000,2859.2000,2862.0000,2862.2000,2862.4000,2862.6000,2863.0000,3,1,5,14,1,2,4,2,2,1
SF,IH2006,2020-06-17 13:36:03.200,2861.4000,17508,0,11455639080.000,1,0,1,空换,B,2861.4000,2861.2000,2860.8000,2860.2000,2860.0000,2861.8000,2862.0000,2862.2000,2862.4000,2862.6000,1,3,2,5,14,1,2,4,1,2
SF,IH2006,2020-06-17 13:36:03.700,2861.8000,17508,0,11456497620.000,1,0,1,空换,B,2861.2000,2860.8000,2860.2000,2860.0000,2859.2000,2862.0000,2862.2000,2862.4000,2862.6000,2863.0000,3,2,5,14,1,2,4,1,2,1
SF,IH2006,2020-06-17 13:36:04.200,2861.8000,17508,0,11456497620.000,0,-,-,-,-,2861.2000,2860.8000,2860.4000,2860.2000,2860.0000,2862.0000,2862.2000,2862.4000,2862.6000,2863.0000,4,2,1,5,14,2,4,1,2,1
SF,IH2006,2020-06-17 13:36:04.700,2861.8000,17508,0,11456497620.000,0,-,-,-,-,2861.2000,2860.8000,2860.4000,2860.2000,2860.0000,2862.0000,2862.2000,2862.4000,2862.6000,2863.0000,4,2,1,5,14,2,4,1,2,1
SF,IH2006,2020-06-17 13:36:05.200,2861.8000,17508,0,11456497620.000,0,-,-,-,-,2861.4000,2861.2000,2860.8000,2860.4000,2860.2000,2862.0000,2862.2000,2862.4000,2862.6000,2863.0000,1,3,2,1,5,2,4,1,2,1
SF,IH2006,2020-06-17 13:36:05.700,2861.4000,17508,0,11457356040.000,1,0,1,空换,B,2861.4000,2861.2000,2860.8000,2860.4000,2860.2000,2862.0000,2862.2000,2862.4000,2862.6000,2863.0000,2,3,2,1,5,3,4,1,2,1
SF,IH2006,2020-06-17 13:36:06.200,2861.4000,17508,0,11457356040.000,0,-,-,-,-,2861.4000,2861.2000,2861.0000,2860.8000,2860.4000,2862.0000,2862.2000,2862.4000,2862.6000,2863.0000,2,3,1,2,1,3,4,1,2,1
SF,IH2006,2020-06-17 13:36:06.700,2861.4000,17508,0,11457356040.000,0,-,-,-,-,2861.4000,2861.2000,2861.0000,2860.8000,2860.4000,2861.6000,2862.0000,2862.2000,2862.4000,2862.6000,2,3,1,2,1,2,3,4,1,2
SF,IH2006,2020-06-17 13:36:07.200,2861.4000,17508,0,11457356040.000,0,-,-,-,-,2861.4000,2861.2000,2861.0000,2860.8000,2860.4000,2862.0000,2862.2000,2862.4000,2862.6000,2863.0000,2,3,1,2,1,3,4,1,2,1
SF,IH2006,2020-06-17 13:36:07.700,2861.4000,17508,0,11457356040.000,0,-,-,-,-,2861.4000,2861.2000,2861.0000,2860.8000,2860.4000,2861.6000,2861.8000,2862.0000,2862.2000,2862.4000,2,3,1,2,1,6,2,3,4,1
SF,IH2006,2020-06-17 13:36:08.200,2861.4000,17508,0,11457356040.000,0,-,-,-,-,2861.4000,2861.2000,2861.0000,2860.8000,2860.4000,2861.8000,2862.0000,2862.2000,2862.4000,2862.6000,2,3,1,2,1,2,3,4,1,2
SF,IH2006,2020-06-17 13:36:08.700,2861.4000,17508,0,11457356040.000,0,-,-,-,-,2861.4000,2861.2000,2861.0000,2860.8000,2860.2000,2861.8000,2862.0000,2862.2000,2862.4000,2862.6000,2,3,1,2,5,2,3,4,1,2
SF,IH2006,2020-06-17 13:36:09.200,2861.8000,17508,0,11458214580.000,1,0,1,空换,B,2861.4000,2861.2000,2861.0000,2860.8000,2860.2000,2861.8000,2862.0000,2862.2000,2862.4000,2862.6000,2,3,1,2,5,1,3,4,1,2
SF,IH2006,2020-06-17 13:36:09.700,2861.8000,17508,0,11458214580.000,0,-,-,-,-,2861.4000,2861.2000,2861.0000,2860.8000,2860.2000,2861.8000,2862.0000,2862.2000,2862.4000,2862.6000,2,3,1,2,5,1,3,6,1,2
SF,IH2006,2020-06-17 13:36:10.200,2861.8000,17508,0,11458214580.000,0,-,-,-,-,2861.4000,2861.2000,2861.0000,2860.8000,2860.2000,2861.6000,2861.8000,2862.0000,2862.2000,2862.4000,3,3,1,2,5,2,2,3,6,1
SF,IH2006,2020-06-17 13:36:11.200,2861.8000,17508,0,11458214580.000,0,-,-,-,-,2861.4000,2861.2000,2861.0000,2860.8000,2860.2000,2861.6000,2861.8000,2862.0000,2862.2000,2862.4000,3,3,1,2,5,2,2,2,6,1
SF,IH2006,2020-06-17 13:36:11.700,2862.0000,17503,-5,11462507340.000,5,0,5,双平,B,2861.4000,2861.2000,2861.0000,2860.8000,2860.2000,2862.0000,2862.2000,2862.4000,2862.6000,2863.0000,3,3,1,2,5,1,6,1,2,1
SF,IH2006,2020-06-17 13:36:12.200,2862.0000,17503,0,11462507340.000,0,-,-,-,-,2861.4000,2861.2000,2861.0000,2860.8000,2860.2000,2862.0000,2862.2000,2862.4000,2862.6000,2863.0000,4,3,1,2,5,1,6,1,2,1
SF,IH2006,2020-06-17 13:36:12.700,2862.0000,17503,0,11462507340.000,0,-,-,-,-,2861.4000,2861.2000,2861.0000,2860.8000,2860.2000,2862.0000,2862.2000,2862.4000,2862.6000,2863.0000,4,3,1,2,5,1,6,1,2,1
SF,IH2006,2020-06-17 13:36:13.200,2862.0000,17503,0,11462507340.000,0,-,-,-,-,2861.6000,2861.4000,2861.2000,2861.0000,2860.8000,2862.0000,2862.2000,2862.4000,2862.6000,2863.0000,2,4,3,1,2,1,6,1,2,1
SF,IH2006,2020-06-17 13:36:14.700,2862.0000,17503,0,11462507340.000,0,-,-,-,-,2861.6000,2861.4000,2861.2000,2861.0000,2860.8000,2862.0000,2862.2000,2862.4000,2862.6000,2863.0000,2,4,3,1,1,1,6,1,2,1
SF,IH2006,2020-06-17 13:36:15.200,2862.0000,17503,0,11462507340.000,0,-,-,-,-,2861.6000,2861.4000,2861.2000,2861.0000,2860.8000,2861.8000,2862.2000,2862.4000,2862.6000,2863.0000,2,4,3,1,1,2,6,1,2,1
SF,IH2006,2020-06-17 13:36:15.700,2861.8000,17502,-1,11463365880.000,1,0,1,双平,B,2861.6000,2861.4000,2861.2000,2861.0000,2860.8000,2861.8000,2862.2000,2862.4000,2862.6000,2863.0000,2,4,3,1,1,1,6,1,2,1
SF,IH2006,2020-06-17 13:36:16.200,2861.8000,17502,0,11464224420.000,1,0,1,空换,B,2861.6000,2861.4000,2861.2000,2861.0000,2860.8000,2862.2000,2862.4000,2862.6000,2863.0000,2863.6000,2,4,3,1,1,6,1,2,1,2
SF,IH2006,2020-06-17 13:36:16.700,2861.8000,17502,0,11464224420.000,0,-,-,-,-,2861.8000,2861.6000,2861.4000,2861.2000,2861.0000,2862.2000,2862.4000,2862.6000,2863.0000,2863.6000,1,3,4,3,1,6,1,2,1,2
SF,IH2006,2020-06-17 13:36:17.700,2861.8000,17502,0,11464224420.000,0,-,-,-,-,2861.8000,2861.6000,2861.4000,2861.2000,2861.0000,2862.2000,2862.4000,2862.6000,2863.0000,2863.6000,1,3,2,3,1,6,1,2,1,2
SF,IH2006,2020-06-17 13:36:18.200,2861.8000,17502,0,11464224420.000,0,-,-,-,-,2861.8000,2861.6000,2861.4000,2861.2000,2861.0000,2862.2000,2862.4000,2862.6000,2863.0000,2863.6000,1,1,2,3,1,6,1,2,1,2
SF,IH2006,2020-06-17 13:36:18.700,2861.8000,17502,0,11464224420.000,0,-,-,-,-,2861.8000,2861.6000,2861.4000,2861.2000,2861.0000,2862.2000,2862.4000,2862.6000,2863.0000,2863.6000,1,1,2,3,1,5,1,2,1,2
SF,IH2006,2020-06-17 13:36:19.200,2861.8000,17502,0,11464224420.000,0,-,-,-,-,2862.0000,2861.8000,2861.6000,2861.4000,2861.2000,2862.2000,2862.4000,2862.6000,2863.0000,2863.6000,1,1,1,2,3,5,1,2,1,2
SF,IH2006,2020-06-17 13:36:19.700,2861.8000,17502,0,11464224420.000,0,-,-,-,-,2862.0000,2861.6000,2861.4000,2861.2000,2861.0000,2862.2000,2862.4000,2862.6000,2863.0000,2863.6000,1,1,3,3,1,5,1,2,1,2
SF,IH2006,2020-06-17 13:36:20.200,2861.8000,17502,0,11464224420.000,0,-,-,-,-,2862.0000,2861.6000,2861.4000,2861.2000,2861.0000,2862.2000,2862.4000,2862.6000,2863.0000,2863.6000,1,1,3,3,1,6,1,2,1,2
SF,IH2006,2020-06-17 13:36:20.700,2862.2000,17504,2,11466800400.000,3,2,1,多开,B,2862.2000,2862.0000,2861.6000,2861.4000,2861.2000,2862.4000,2862.6000,2863.0000,2863.6000,2863.8000,1,1,1,3,3,1,2,1,2,1
SF,IH2006,2020-06-17 13:36:21.200,2862.4000,17504,0,11467659120.000,1,0,1,空换,B,2862.0000,2861.6000,2861.4000,2861.2000,2861.0000,2862.6000,2863.0000,2863.6000,2863.8000,2864.0000,1,1,3,3,1,1,1,2,1,4
SF,IH2006,2020-06-17 13:36:21.700,2862.4000,17504,0,11467659120.000,0,-,-,-,-,2862.2000,2862.0000,2861.6000,2861.4000,2861.2000,2862.6000,2863.0000,2863.6000,2863.8000,2864.0000,11,2,1,3,3,1,1,2,1,4
SF,IH2006,2020-06-17 13:36:22.200,2862.6000,17504,0,11468517900.000,1,0,1,空换,B,2862.4000,2862.2000,2862.0000,2861.6000,2861.4000,2863.0000,2863.6000,2863.8000,2864.0000,2864.2000,1,11,2,1,2,1,2,1,4,5
SF,IH2006,2020-06-17 13:36:22.700,2862.6000,17504,0,11468517900.000,0,-,-,-,-,2862.6000,2862.4000,2862.2000,2862.0000,2861.6000,2863.0000,2863.6000,2863.8000,2864.0000,2864.2000,1,1,9,2,1,2,2,1,4,5
SF,IH2006,2020-06-17 13:36:23.200,2862.6000,17504,0,11469376680.000,1,0,1,空换,B,2862.6000,2862.4000,2862.2000,2862.0000,2861.6000,2863.0000,2863.6000,2863.8000,2864.0000,2864.2000,1,1,8,2,1,2,2,1,4,5
SF,IH2006,2020-06-17 13:36:24.200,2862.6000,17504,0,11469376680.000,0,-,-,-,-,2862.6000,2862.4000,2862.2000,2862.0000,2861.6000,2862.8000,2863.0000,2863.6000,2863.8000,2864.0000,1,1,8,2,1,1,2,2,1,4
SF,IH2006,2020-06-17 13:36:24.700,2862.8000,17504,0,11470235520.000,1,0,1,空换,B,2862.6000,2862.4000,2862.2000,2862.0000,2861.6000,2863.0000,2863.6000,2863.8000,2864.0000,2864.2000,1,1,8,2,1,2,2,1,4,5
SF,IH2006,2020-06-17 13:36:25.200,2862.6000,17505,1,11471094300.000,1,1,0,双开,B,2862.4000,2862.2000,2862.0000,2861.6000,2861.4000,2863.0000,2863.6000,2863.8000,2864.0000,2864.2000,1,8,2,1,2,2,3,1,4,5
SF,IH2006,2020-06-17 13:36:26.200,2862.6000,17505,0,11471094300.000,0,-,-,-,-,2862.4000,2862.2000,2862.0000,2861.6000,2861.4000,2862.8000,2863.0000,2863.6000,2863.8000,2864.0000,1,8,2,1,2,1,2,3,1,4
SF,IH2006,2020-06-17 13:36:26.700,2862.6000,17505,0,11471094300.000,0,-,-,-,-,2862.4000,2862.2000,2862.0000,2861.6000,2861.4000,2862.8000,2863.0000,2863.6000,2863.8000,2864.0000,1,6,2,1,2,2,2,3,1,4
SF,IH2006,2020-06-17 13:36:27.200,2862.6000,17505,0,11471094300.000,0,-,-,-,-,2862.2000,2862.0000,2861.6000,2861.4000,2861.2000,2862.8000,2863.0000,2863.6000,2863.8000,2864.0000,6,2,1,2,3,2,2,3,1,4
SF,IH2006,2020-06-17 13:36:28.200,2862.6000,17504,-1,11471953080.000,1,0,1,双平,B,2862.2000,2862.0000,2861.6000,2861.4000,2861.2000,2862.8000,2863.0000,2863.6000,2863.8000,2864.0000,6,2,1,2,3,2,2,3,1,4
SF,IH2006,2020-06-17 13:36:28.700,2862.6000,17504,0,11471953080.000,0,-,-,-,-,2862.2000,2862.0000,2861.6000,2861.4000,2861.2000,2862.8000,2863.0000,2863.6000,2863.8000,2864.0000,5,2,1,2,3,2,2,3,1,4
SF,IH2006,2020-06-17 13:36:29.200,2862.6000,17504,0,11471953080.000,0,-,-,-,-,2862.4000,2862.2000,2862.0000,2861.6000,2861.4000,2862.8000,2863.0000,2863.6000,2863.8000,2864.0000,1,5,2,1,2,2,2,3,1,4
SF,IH2006,2020-06-17 13:36:29.700,2862.6000,17504,0,11471953080.000,0,-,-,-,-,2862.4000,2862.2000,2862.0000,2861.6000,2861.4000,2862.8000,2863.0000,2863.6000,2863.8000,2864.0000,1,5,2,1,2,3,2,3,1,4
SF,IH2006,2020-06-17 13:36:30.200,2862.6000,17504,0,11471953080.000,0,-,-,-,-,2862.4000,2862.2000,2862.0000,2861.6000,2861.4000,2862.8000,2863.0000,2863.6000,2863.8000,2864.0000,1,5,2,1,1,2,2,3,1,4
SF,IH2006,2020-06-17 13:36:31.200,2862.6000,17504,0,11471953080.000,0,-,-,-,-,2862.4000,2862.2000,2862.0000,2861.6000,2861.4000,2862.8000,2863.0000,2863.6000,2863.8000,2864.0000,1,5,2,1,1,1,2,3,1,4
SF,IH2006,2020-06-17 13:36:31.700,2862.6000,17504,0,11471953080.000,0,-,-,-,-,2862.4000,2862.2000,2862.0000,2861.6000,2861.4000,2862.8000,2863.0000,2863.6000,2863.8000,2864.0000,1,5,2,1,1,2,2,3,1,4
SF,IH2006,2020-06-17 13:36:35.200,2862.6000,17504,0,11471953080.000,0,-,-,-,-,2862.4000,2862.2000,2862.0000,2861.6000,2861.4000,2862.8000,2863.0000,2863.6000,2863.8000,2864.0000,1,5,1,1,1,2,2,3,1,4
SF,IH2006,2020-06-17 13:36:36.200,2862.4000,17504,0,11472811800.000,1,0,1,空换,B,2862.2000,2862.0000,2861.6000,2861.4000,2861.2000,2862.8000,2863.0000,2863.6000,2863.8000,2864.0000,5,1,1,1,3,2,2,3,1,4
SF,IH2006,2020-06-17 13:36:36.700,2862.4000,17504,0,11472811800.000,0,-,-,-,-,2862.2000,2862.0000,2861.6000,2861.4000,2861.2000,2862.8000,2863.0000,2863.6000,2863.8000,2864.0000,5,1,1,1,3,3,2,3,1,4
SF,IH2006,2020-06-17 13:36:38.700,2862.4000,17504,0,11472811800.000,0,-,-,-,-,2862.2000,2862.0000,2861.6000,2861.4000,2861.2000,2862.8000,2863.0000,2863.6000,2863.8000,2864.0000,5,1,1,1,3,3,2,3,1,4
SF,IH2006,2020-06-17 13:36:39.700,2862.4000,17504,0,11472811800.000,0,-,-,-,-,2862.2000,2862.0000,2861.6000,2861.4000,2861.2000,2862.8000,2863.0000,2863.6000,2863.8000,2864.0000,5,1,1,1,3,4,2,3,1,4
SF,IH2006,2020-06-17 13:36:41.700,2862.4000,17504,0,11472811800.000,0,-,-,-,-,2862.4000,2862.2000,2862.0000,2861.6000,2861.4000,2862.8000,2863.0000,2863.6000,2863.8000,2864.0000,1,5,1,1,1,3,2,3,1,4
SF,IH2006,2020-06-17 13:36:45.700,2862.4000,17504,0,11472811800.000,0,-,-,-,-,2862.6000,2862.4000,2862.2000,2862.0000,2861.6000,2862.8000,2863.0000,2863.6000,2863.8000,2864.0000,2,3,4,1,1,3,2,3,1,4
SF,IH2006,2020-06-17 13:36:46.200,2862.8000,17504,0,11474529480.000,2,1,1,空换,B,2862.8000,2862.6000,2862.4000,2862.2000,2862.0000,2863.0000,2863.6000,2863.8000,2864.0000,2864.2000,4,3,3,2,1,1,3,1,4,5
SF,IH2006,2020-06-17 13:36:46.700,2863.0000,17503,-1,11475388380.000,1,0,1,双平,B,2863.0000,2862.8000,2862.6000,2862.4000,2862.2000,2863.6000,2863.8000,2864.0000,2864.2000,2864.4000,7,3,2,1,1,3,1,4,5,2
SF,IH2006,2020-06-17 13:36:47.200,2863.0000,17503,0,11475388380.000,0,-,-,-,-,2863.2000,2863.0000,2862.8000,2862.6000,2862.4000,2863.6000,2863.8000,2864.0000,2864.2000,2864.4000,3,9,3,1,1,3,1,4,5,2
SF,IH2006,2020-06-17 13:36:47.700,2863.0000,17503,0,11475388380.000,0,-,-,-,-,2863.2000,2863.0000,2862.8000,2862.4000,2862.0000,2863.6000,2863.8000,2864.0000,2864.2000,2864.4000,4,7,3,1,1,3,1,4,5,2
SF,IH2006,2020-06-17 13:36:48.200,2863.0000,17503,0,11475388380.000,0,-,-,-,-,2863.2000,2863.0000,2862.8000,2862.4000,2862.0000,2863.6000,2863.8000,2864.0000,2864.2000,2864.4000,4,5,3,1,1,2,1,4,5,2
SF,IH2006,2020-06-17 13:36:48.700,2863.0000,17509,6,11482259820.000,8,7,1,多开,B,2862.8000,2862.4000,2862.0000,2861.4000,2861.2000,2863.0000,2863.2000,2863.4000,2863.6000,2863.8000,3,1,1,1,3,4,2,3,3,1
SF,IH2006,2020-06-17 13:36:49.200,2863.0000,17509,0,11482259820.000,0,-,-,-,-,2862.8000,2862.4000,2862.0000,2861.8000,2861.4000,2863.4000,2863.6000,2863.8000,2864.0000,2864.2000,2,1,1,1,1,1,3,1,4,5
SF,IH2006,2020-06-17 13:36:49.700,2863.0000,17509,0,11482259820.000,0,-,-,-,-,2862.8000,2862.4000,2862.0000,2861.8000,2861.4000,2863.4000,2863.6000,2863.8000,2864.0000,2864.2000,2,1,1,1,1,3,3,1,3,5
SF,IH2006,2020-06-17 13:36:50.200,2863.0000,17509,0,11482259820.000,0,-,-,-,-,2862.8000,2862.4000,2862.0000,2861.4000,2861.2000,2863.4000,2863.6000,2863.8000,2864.0000,2864.2000,2,1,1,1,3,2,3,1,3,5
SF,IH2006,2020-06-17 13:36:50.700,2863.0000,17509,0,11482259820.000,0,-,-,-,-,2863.0000,2862.8000,2862.4000,2862.0000,2861.4000,2863.4000,2863.6000,2863.8000,2864.0000,2864.2000,2,2,1,1,1,3,3,1,3,5
SF,IH2006,2020-06-17 13:36:51.200,2863.0000,17509,0,11482259820.000,0,-,-,-,-,2863.0000,2862.8000,2862.4000,2862.0000,2861.4000,2863.4000,2863.6000,2863.8000,2864.0000,2864.2000,5,2,1,1,1,1,3,1,3,5
SF,IH2006,2020-06-17 13:36:51.700,2863.0000,17509,0,11482259820.000,0,-,-,-,-,2863.0000,2862.8000,2862.4000,2862.0000,2861.4000,2863.4000,2863.6000,2863.8000,2864.0000,2864.2000,2,2,1,1,1,1,3,1,3,5
SF,IH2006,2020-06-17 13:36:53.700,2863.0000,17509,0,11482259820.000,0,-,-,-,-,2863.0000,2862.8000,2862.4000,2862.0000,2861.4000,2863.4000,2863.6000,2863.8000,2864.0000,2864.2000,2,2,1,1,1,2,3,1,3,5
SF,IH2006,2020-06-17 13:36:54.700,2863.0000,17509,0,11482259820.000,0,-,-,-,-,2863.0000,2862.8000,2862.4000,2862.0000,2861.4000,2863.4000,2863.6000,2863.8000,2864.0000,2864.2000,5,2,1,1,1,2,3,1,3,5
SF,IH2006,2020-06-17 13:36:55.200,2863.0000,17509,0,11482259820.000,0,-,-,-,-,2863.2000,2863.0000,2862.8000,2862.4000,2862.0000,2863.4000,2863.6000,2863.8000,2864.0000,2864.2000,1,5,2,1,1,2,4,1,3,5
SF,IH2006,2020-06-17 13:36:55.700,2863.0000,17509,0,11482259820.000,0,-,-,-,-,2863.0000,2862.8000,2862.4000,2862.0000,2861.4000,2863.4000,2863.6000,2863.8000,2864.0000,2864.2000,5,2,1,1,1,2,4,1,3,5
SF,IH2006,2020-06-17 13:36:56.200,2863.0000,17509,0,11482259820.000,0,-,-,-,-,2863.0000,2862.8000,2862.4000,2862.0000,2861.4000,2863.4000,2863.6000,2863.8000,2864.0000,2864.2000,4,2,1,1,1,2,4,1,3,5
SF,IH2006,2020-06-17 13:36:57.200,2863.0000,17509,0,11482259820.000,0,-,-,-,-,2863.0000,2862.8000,2862.4000,2862.0000,2861.4000,2863.4000,2863.6000,2863.8000,2864.0000,2864.2000,3,2,1,1,1,2,4,1,3,5
SF,IH2006,2020-06-17 13:36:57.700,2863.0000,17509,0,11482259820.000,0,-,-,-,-,2863.2000,2863.0000,2862.8000,2862.4000,2862.0000,2863.4000,2863.6000,2863.8000,2864.0000,2864.2000,2,5,2,1,1,1,4,1,3,5
SF,IH2006,2020-06-17 13:36:58.200,2863.0000,17509,0,11482259820.000,0,-,-,-,-,2863.2000,2863.0000,2862.8000,2862.4000,2862.0000,2863.4000,2863.6000,2863.8000,2864.0000,2864.2000,1,6,2,1,1,1,4,1,3,5
SF,IH2006,2020-06-17 13:36:58.700,2863.0000,17509,0,11483118720.000,1,0,1,空换,B,2863.0000,2862.8000,2862.4000,2862.0000,2861.4000,2863.4000,2863.6000,2863.8000,2864.0000,2864.2000,6,2,1,1,1,1,4,1,3,5
SF,IH2006,2020-06-17 13:36:59.200,2863.0000,17509,0,11483118720.000,0,-,-,-,-,2863.0000,2862.8000,2862.4000,2862.0000,2861.4000,2863.4000,2863.6000,2863.8000,2864.0000,2864.2000,5,2,1,1,1,1,4,1,3,5
SF,IH2006,2020-06-17 13:36:59.700,2863.0000,17509,0,11483118720.000,0,-,-,-,-,2863.2000,2863.0000,2862.8000,2862.4000,2862.0000,2863.4000,2863.6000,2863.8000,2864.0000,2864.2000,1,5,2,1,1,1,4,1,3,5
SF,IH2006,2020-06-17 13:37:00.200,2863.4000,17510,1,11483977740.000,1,1,0,双开,B,2863.4000,2863.2000,2863.0000,2862.8000,2862.4000,2863.6000,2863.8000,2864.0000,2864.2000,2864.4000,2,1,3,2,1,3,1,3,5,1
SF,IH2006,2020-06-17 13:37:00.700,2863.4000,17510,0,11483977740.000,0,-,-,-,-,2863.4000,2863.2000,2863.0000,2862.8000,2862.4000,2863.6000,2863.8000,2864.0000,2864.2000,2864.4000,2,1,2,2,1,3,1,3,5,1
SF,IH2006,2020-06-17 13:37:01.200,2863.6000,17511,1,11486554980.000,3,2,1,多开,B,2863.6000,2863.4000,2863.2000,2863.0000,2862.8000,2863.8000,2864.0000,2864.2000,2864.4000,2864.6000,3,2,1,2,2,1,3,5,1,1
SF,IH2006,2020-06-17 13:37:01.700,2863.6000,17511,0,11486554980.000,0,-,-,-,-,2863.6000,2863.4000,2863.2000,2863.0000,2862.8000,2863.8000,2864.2000,2864.4000,2864.6000,2864.8000,3,2,1,2,2,1,5,1,1,8
SF,IH2006,2020-06-17 13:37:02.200,2863.8000,17512,1,11487414120.000,1,1,0,双开,B,2863.6000,2863.4000,2863.2000,2863.0000,2862.8000,2864.2000,2864.4000,2864.6000,2864.8000,2865.0000,4,2,1,2,2,5,1,1,8,1
SF,IH2006,2020-06-17 13:37:02.700,2863.6000,17513,1,11489132280.000,2,1,1,多开,B,2863.6000,2863.4000,2863.2000,2863.0000,2862.8000,2864.2000,2864.4000,2864.6000,2864.8000,2865.0000,2,2,1,2,2,6,2,1,8,1
SF,IH2006,2020-06-17 13:37:03.200,2863.6000,17513,0,11489132280.000,0,-,-,-,-,2863.6000,2863.4000,2863.2000,2863.0000,2862.8000,2864.0000,2864.2000,2864.4000,2864.6000,2864.8000,2,2,1,2,2,1,6,2,1,8
SF,IH2006,2020-06-17 13:37:03.700,2863.6000,17513,0,11490850440.000,2,1,1,空换,B,2863.4000,2863.2000,2863.0000,2862.8000,2862.4000,2864.0000,2864.2000,2864.4000,2864.6000,2864.8000,2,1,2,2,1,4,7,2,1,8
SF,IH2006,2020-06-17 13:37:04.200,2863.6000,17513,0,11490850440.000,0,-,-,-,-,2863.2000,2863.0000,2862.8000,2862.4000,2862.0000,2864.0000,2864.2000,2864.4000,2864.6000,2864.8000,1,2,2,1,1,4,7,2,1,8
SF,IH2006,2020-06-17 13:37:04.700,2863.6000,17513,0,11490850440.000,0,-,-,-,-,2863.2000,2863.0000,2862.8000,2862.4000,2862.0000,2863.8000,2864.0000,2864.2000,2864.4000,2864.6000,1,2,2,1,1,3,5,7,2,1
SF,IH2006,2020-06-17 13:37:05.200,2863.6000,17516,3,11493427680.000,3,3,0,双开,B,2863.6000,2863.0000,2862.8000,2862.4000,2862.0000,2863.8000,2864.0000,2864.2000,2864.4000,2864.6000,6,2,2,1,1,4,3,7,1,1
SF,IH2006,2020-06-17 13:37:05.700,2863.6000,17518,2,11496864000.000,4,3,1,多开,B,2863.6000,2863.0000,2862.8000,2862.4000,2862.0000,2863.8000,2864.0000,2864.2000,2864.4000,2864.6000,4,2,2,1,1,1,3,7,1,1
SF,IH2006,2020-06-17 13:37:06.700,2863.6000,17519,1,11497723080.000,1,1,0,双开,B,2863.6000,2863.0000,2862.8000,2862.4000,2862.0000,2863.8000,2864.0000,2864.2000,2864.4000,2864.6000,3,2,2,1,1,3,1,7,1,1
SF,IH2006,2020-06-17 13:37:07.200,2863.6000,17519,0,11500300320.000,3,1,2,空换,B,2863.0000,2862.8000,2862.4000,2862.0000,2861.4000,2863.8000,2864.0000,2864.2000,2864.4000,2864.6000,2,2,1,1,1,3,1,7,1,1
SF,IH2006,2020-06-17 13:37:07.700,2863.6000,17519,0,11500300320.000,0,-,-,-,-,2863.4000,2863.2000,2863.0000,2862.8000,2862.4000,2863.8000,2864.0000,2864.2000,2864.4000,2864.6000,2,3,3,2,1,4,1,7,1,1
SF,IH2006,2020-06-17 13:37:08.200,2863.4000,17519,0,11501159340.000,1,0,1,空换,B,2863.4000,2863.2000,2863.0000,2862.8000,2862.0000,2863.8000,2864.0000,2864.2000,2864.4000,2864.6000,1,3,3,2,1,3,1,7,1,1
SF,IH2006,2020-06-17 13:37:08.700,2863.4000,17519,0,11501159340.000,0,-,-,-,-,2863.4000,2863.2000,2863.0000,2862.8000,2862.0000,2863.8000,2864.0000,2864.2000,2864.4000,2864.6000,1,3,3,2,1,3,1,6,1,1
SF,IH2006,2020-06-17 13:37:09.200,2863.4000,17519,0,11501159340.000,0,-,-,-,-,2863.6000,2863.4000,2863.2000,2863.0000,2862.8000,2863.8000,2864.0000,2864.2000,2864.4000,2864.6000,2,1,3,3,2,3,1,6,1,1
SF,IH2006,2020-06-17 13:37:09.700,2863.4000,17519,0,11501159340.000,0,-,-,-,-,2863.6000,2863.4000,2863.2000,2863.0000,2862.8000,2863.8000,2864.0000,2864.2000,2864.4000,2864.6000,2,1,2,3,2,3,1,6,1,1
SF,IH2006,2020-06-17 13:37:10.200,2863.4000,17519,0,11501159340.000,0,-,-,-,-,2863.6000,2863.2000,2863.0000,2862.8000,2862.0000,2863.8000,2864.0000,2864.2000,2864.4000,2864.6000,2,2,3,2,1,3,1,6,1,1
SF,IH2006,2020-06-17 13:37:10.700,2863.4000,17520,1,11502018360.000,1,1,0,双开,B,2863.6000,2863.2000,2863.0000,2862.8000,2862.0000,2863.8000,2864.0000,2864.2000,2864.4000,2864.6000,1,2,3,2,1,3,1,6,1,1
SF,IH2006,2020-06-17 13:37:11.200,2863.4000,17520,0,11502018360.000,0,-,-,-,-,2863.2000,2863.0000,2862.8000,2862.0000,2861.4000,2863.8000,2864.0000,2864.2000,2864.4000,2864.6000,2,3,2,1,1,3,1,6,1,1
SF,IH2006,2020-06-17 13:37:11.700,2863.4000,17520,0,11502018360.000,0,-,-,-,-,2863.4000,2863.2000,2863.0000,2862.8000,2862.0000,2863.8000,2864.0000,2864.2000,2864.4000,2864.6000,1,4,3,2,1,3,1,6,1,1
SF,IH2006,2020-06-17 13:37:12.200,2863.4000,17520,0,11502018360.000,0,-,-,-,-,2863.4000,2863.2000,2863.0000,2862.8000,2862.0000,2863.6000,2863.8000,2864.0000,2864.2000,2864.4000,1,4,3,2,1,1,3,1,6,1
SF,IH2006,2020-06-17 13:37:12.700,2863.6000,17520,0,11502877440.000,1,0,1,空换,B,2863.2000,2863.0000,2862.8000,2862.0000,2861.4000,2863.8000,2864.0000,2864.2000,2864.4000,2864.6000,4,3,2,1,1,3,1,6,1,1
SF,IH2006,2020-06-17 13:37:13.700,2863.6000,17520,0,11502877440.000,0,-,-,-,-,2863.2000,2863.0000,2862.8000,2862.0000,2861.4000,2863.6000,2863.8000,2864.0000,2864.2000,2864.4000,4,3,2,1,1,1,2,1,6,1
SF,IH2006,2020-06-17 13:37:14.200,2863.6000,17520,0,11502877440.000,0,-,-,-,-,2863.4000,2863.2000,2863.0000,2862.8000,2862.0000,2863.6000,2863.8000,2864.0000,2864.2000,2864.4000,1,4,3,2,1,1,2,1,6,1
SF,IH2006,2020-06-17 13:37:14.700,2863.6000,17520,0,11502877440.000,0,-,-,-,-,2863.4000,2863.2000,2863.0000,2862.8000,2862.0000,2863.6000,2863.8000,2864.0000,2864.2000,2864.4000,1,4,3,2,1,1,2,1,6,1
SF,IH2006,2020-06-17 13:37:16.700,2863.4000,17521,1,11504595540.000,2,1,1,多开,B,2863.2000,2863.0000,2862.8000,2862.0000,2861.4000,2863.8000,2864.0000,2864.2000,2864.4000,2864.6000,4,3,2,1,1,2,1,6,1,1
SF,IH2006,2020-06-17 13:37:17.200,2863.4000,17521,0,11504595540.000,0,-,-,-,-,2863.2000,2863.0000,2862.8000,2862.0000,2861.4000,2863.6000,2863.8000,2864.0000,2864.2000,2864.4000,4,3,2,1,1,1,2,1,6,1
SF,IH2006,2020-06-17 13:37:17.700,2863.4000,17521,0,11504595540.000,0,-,-,-,-,2863.2000,2863.0000,2862.8000,2862.0000,2861.4000,2863.6000,2863.8000,2864.0000,2864.2000,2864.4000,3,3,2,1,1,1,2,1,6,1
SF,IH2006,2020-06-17 13:37:20.200,2863.2000,17521,0,11505454500.000,1,0,1,空换,B,2863.2000,2863.0000,2862.8000,2862.0000,2861.4000,2863.6000,2863.8000,2864.0000,2864.2000,2864.4000,2,3,2,1,1,1,2,1,5,1
SF,IH2006,2020-06-17 13:37:20.700,2863.2000,17521,0,11505454500.000,0,-,-,-,-,2863.2000,2863.0000,2862.8000,2862.0000,2861.4000,2863.6000,2863.8000,2864.0000,2864.2000,2864.4000,2,3,2,1,1,3,2,1,5,1
SF,IH2006,2020-06-17 13:37:22.700,2863.2000,17520,-1,11506313460.000,1,0,1,双平,B,2863.2000,2863.0000,2862.8000,2862.0000,2861.4000,2863.4000,2863.6000,2863.8000,2864.0000,2864.2000,1,3,2,1,1,2,3,2,1,5
SF,IH2006,2020-06-17 13:37:23.200,2863.2000,17521,1,11507172420.000,1,1,0,双开,B,2863.0000,2862.8000,2862.0000,2861.4000,2861.2000,2863.2000,2863.4000,2863.6000,2863.8000,2864.0000,1,2,1,1,3,3,2,2,2,1
SF,IH2006,2020-06-17 13:37:23.700,2863.2000,17521,0,11507172420.000,0,-,-,-,-,2863.0000,2862.8000,2862.0000,2861.4000,2861.2000,2863.2000,2863.4000,2863.6000,2863.8000,2864.0000,1,2,1,1,3,2,2,2,2,1
SF,IH2006,2020-06-17 13:37:24.200,2862.8000,17520,-1,11509749000.000,3,1,2,空平,B,2862.0000,2861.4000,2861.2000,2861.0000,2860.8000,2862.8000,2863.0000,2863.2000,2863.4000,2863.6000,1,1,3,1,1,1,1,2,2,2
SF,IH2006,2020-06-17 13:37:24.700,2862.8000,17520,0,11510607840.000,1,0,1,空换,B,2862.2000,2862.0000,2861.4000,2861.2000,2861.0000,2862.6000,2863.0000,2863.2000,2863.6000,2863.8000,7,2,1,4,1,1,4,2,2,1
SF,IH2006,2020-06-17 13:37:25.200,2862.6000,17522,2,11512325400.000,2,2,0,双开,B,2862.6000,2862.4000,2862.2000,2862.0000,2861.4000,2863.0000,2863.2000,2863.6000,2863.8000,2864.0000,7,3,6,1,1,2,2,2,1,1
SF,IH2006,2020-06-17 13:37:25.700,2862.6000,17522,0,11512325400.000,0,-,-,-,-,2862.6000,2862.4000,2862.2000,2862.0000,2861.4000,2863.0000,2863.2000,2863.6000,2863.8000,2864.0000,1,2,5,1,1,3,2,2,1,1
SF,IH2006,2020-06-17 13:37:26.200,2862.6000,17523,1,11513184180.000,1,1,0,双开,B,2862.4000,2862.2000,2862.0000,2861.4000,2861.2000,2862.6000,2862.8000,2863.0000,2863.2000,2863.6000,3,5,1,1,3,2,1,4,2,2
SF,IH2006,2020-06-17 13:37:26.700,2862.6000,17523,0,11513184180.000,0,-,-,-,-,2862.4000,2862.2000,2862.0000,2861.4000,2861.2000,2862.8000,2863.0000,2863.2000,2863.6000,2863.8000,2,5,1,1,3,1,4,2,2,1
SF,IH2006,2020-06-17 13:37:27.200,2862.6000,17523,0,11513184180.000,0,-,-,-,-,2862.6000,2862.4000,2862.2000,2861.4000,2861.2000,2862.8000,2863.0000,2863.2000,2863.6000,2863.8000,1,2,5,1,3,2,4,2,2,1
SF,IH2006,2020-06-17 13:37:27.700,2862.6000,17523,0,11513184180.000,0,-,-,-,-,2862.6000,2862.4000,2862.2000,2861.4000,2861.2000,2862.8000,2863.0000,2863.2000,2863.6000,2863.8000,1,1,6,1,3,1,3,2,2,1
SF,IH2006,2020-06-17 13:37:28.700,2862.6000,17523,0,11513184180.000,0,-,-,-,-,2862.6000,2862.4000,2862.2000,2861.4000,2861.2000,2863.0000,2863.2000,2863.6000,2863.8000,2864.2000,1,1,6,1,3,3,2,2,1,4
SF,IH2006,2020-06-17 13:37:29.200,2862.6000,17523,0,11513184180.000,0,-,-,-,-,2862.4000,2862.2000,2861.4000,2861.2000,2861.0000,2863.0000,2863.2000,2863.6000,2863.8000,2864.2000,1,6,1,3,1,3,2,2,1,4
SF,IH2006,2020-06-17 13:37:29.700,2862.6000,17523,0,11513184180.000,0,-,-,-,-,2862.4000,2862.2000,2861.4000,2861.2000,2861.0000,2863.0000,2863.2000,2863.6000,2863.8000,2864.2000,2,6,1,3,1,3,2,2,1,4
SF,IH2006,2020-06-17 13:37:30.200,2862.4000,17523,0,11514042900.000,1,0,1,空换,B,2862.4000,2862.2000,2861.4000,2861.2000,2861.0000,2863.0000,2863.2000,2863.6000,2863.8000,2864.2000,1,6,1,3,1,3,2,2,1,4
SF,IH2006,2020-06-17 13:37:30.700,2862.4000,17523,0,11514042900.000,0,-,-,-,-,2862.6000,2862.4000,2862.2000,2861.4000,2861.2000,2863.0000,2863.2000,2863.6000,2863.8000,2864.2000,2,1,6,1,3,3,2,2,1,4
SF,IH2006,2020-06-17 13:37:31.200,2862.4000,17523,0,11514042900.000,0,-,-,-,-,2862.6000,2862.4000,2862.2000,2861.4000,2861.2000,2863.0000,2863.6000,2863.8000,2864.2000,2864.4000,2,1,6,1,3,3,2,1,4,1
SF,IH2006,2020-06-17 13:37:31.700,2862.4000,17523,0,11514042900.000,0,-,-,-,-,2862.6000,2862.4000,2862.2000,2861.4000,2861.2000,2863.0000,2863.6000,2863.8000,2864.2000,2864.4000,2,1,4,1,3,3,2,1,4,1
SF,IH2006,2020-06-17 13:37:32.700,2862.4000,17523,0,11514042900.000,0,-,-,-,-,2862.8000,2862.6000,2862.4000,2862.2000,2861.4000,2863.0000,2863.6000,2863.8000,2864.2000,2864.4000,1,2,1,4,1,3,2,1,4,1
SF,IH2006,2020-06-17 13:37:33.200,2862.4000,17523,0,11514042900.000,0,-,-,-,-,2862.8000,2862.6000,2862.4000,2862.2000,2861.4000,2863.0000,2863.6000,2863.8000,2864.2000,2864.4000,1,2,1,3,1,3,2,1,4,1
SF,IH2006,2020-06-17 13:37:33.700,2862.4000,17523,0,11514042900.000,0,-,-,-,-,2862.8000,2862.6000,2862.4000,2862.2000,2861.4000,2863.0000,2863.6000,2863.8000,2864.2000,2864.4000,1,2,1,3,1,1,2,1,4,1
SF,IH2006,2020-06-17 13:37:34.200,2862.4000,17523,0,11514042900.000,0,-,-,-,-,2862.8000,2862.6000,2862.4000,2862.2000,2861.4000,2863.0000,2863.6000,2863.8000,2864.2000,2864.4000,1,1,1,3,1,1,2,1,4,1
SF,IH2006,2020-06-17 13:37:34.700,2862.4000,17523,0,11514042900.000,0,-,-,-,-,2862.8000,2862.6000,2862.4000,2862.2000,2861.4000,2863.6000,2863.8000,2864.2000,2864.4000,2864.6000,1,1,1,3,1,2,1,4,1,1
SF,IH2006,2020-06-17 13:37:35.200,2862.4000,17523,0,11514042900.000,0,-,-,-,-,2862.8000,2862.6000,2862.4000,2862.2000,2861.4000,2863.4000,2863.6000,2863.8000,2864.2000,2864.4000,1,1,1,3,1,6,3,1,4,1
SF,IH2006,2020-06-17 13:37:35.700,2862.4000,17523,0,11514042900.000,0,-,-,-,-,2862.8000,2862.6000,2862.4000,2862.2000,2861.4000,2863.2000,2863.4000,2863.6000,2863.8000,2864.2000,1,1,1,3,1,1,6,2,1,4
SF,IH2006,2020-06-17 13:37:36.700,2862.6000,17523,0,11514901680.000,1,0,1,空换,B,2862.6000,2862.4000,2862.2000,2861.4000,2861.2000,2862.8000,2863.2000,2863.4000,2863.6000,2863.8000,1,1,3,1,3,1,1,6,2,1
SF,IH2006,2020-06-17 13:37:37.200,2862.6000,17523,0,11514901680.000,0,-,-,-,-,2862.4000,2862.2000,2861.4000,2861.2000,2861.0000,2862.8000,2863.2000,2863.4000,2863.6000,2863.8000,1,3,1,3,1,2,2,5,2,1
SF,IH2006,2020-06-17 13:37:39.200,2862.6000,17523,0,11514901680.000,0,-,-,-,-,2862.6000,2862.4000,2862.2000,2861.4000,2861.2000,2862.8000,2863.2000,2863.4000,2863.6000,2863.8000,1,1,3,1,3,2,3,5,2,1
SF,IH2006,2020-06-17 13:37:39.700,2862.6000,17523,0,11515760460.000,1,0,1,空换,B,2862.4000,2862.2000,2861.4000,2861.2000,2861.0000,2862.8000,2863.2000,2863.4000,2863.6000,2863.8000,1,3,1,3,1,2,3,5,2,1
SF,IH2006,2020-06-17 13:37:41.700,2862.4000,17524,1,11516619180.000,1,1,0,双开,B,2862.2000,2861.4000,2861.2000,2861.0000,2860.8000,2862.8000,2863.2000,2863.4000,2863.6000,2863.8000,3,1,3,1,1,2,3,5,2,1
SF,IH2006,2020-06-17 13:37:42.200,2862.4000,17524,0,11516619180.000,0,-,-,-,-,2862.2000,2861.4000,2861.2000,2861.0000,2860.8000,2862.6000,2862.8000,2863.2000,2863.4000,2863.6000,3,1,3,1,1,1,2,3,5,2
SF,IH2006,2020-06-17 13:37:42.700,2862.4000,17524,0,11516619180.000,0,-,-,-,-,2862.2000,2861.4000,2861.2000,2861.0000,2860.8000,2862.6000,2862.8000,2863.2000,2863.4000,2863.6000,3,1,3,1,1,1,2,3,4,2
SF,IH2006,2020-06-17 13:37:43.700,2862.4000,17524,0,11516619180.000,0,-,-,-,-,2862.4000,2862.2000,2861.4000,2861.2000,2861.0000,2862.6000,2862.8000,2863.2000,2863.4000,2863.6000,1,3,1,3,1,1,2,3,4,2
SF,IH2006,2020-06-17 13:37:44.700,2862.4000,17525,1,11517477900.000,1,1,0,双开,B,2862.2000,2861.4000,2861.2000,2861.0000,2860.8000,2862.6000,2862.8000,2863.2000,2863.4000,2863.6000,3,1,3,1,1,1,2,3,4,2
SF,IH2006,2020-06-17 13:37:45.200,2862.4000,17525,0,11517477900.000,0,-,-,-,-,2862.2000,2861.4000,2861.2000,2861.0000,2860.8000,2862.6000,2862.8000,2863.2000,2863.4000,2863.6000,3,1,3,1,1,1,2,3,3,2
SF,IH2006,2020-06-17 13:37:45.700,2862.4000,17525,0,11517477900.000,0,-,-,-,-,2862.4000,2862.2000,2861.4000,2861.2000,2861.0000,2862.6000,2862.8000,2863.2000,2863.4000,2863.6000,1,3,1,3,1,1,2,3,3,2
SF,IH2006,2020-06-17 13:37:47.700,2862.4000,17525,0,11517477900.000,0,-,-,-,-,2862.4000,2862.2000,2861.4000,2861.2000,2861.0000,2862.6000,2862.8000,2863.2000,2863.4000,2863.6000,1,3,1,3,1,1,2,3,3,2
SF,IH2006,2020-06-17 13:37:48.200,2862.4000,17525,0,11517477900.000,0,-,-,-,-,2862.4000,2862.2000,2861.4000,2861.2000,2861.0000,2862.6000,2862.8000,2863.2000,2863.4000,2863.6000,1,3,1,3,1,1,1,3,3,2
SF,IH2006,2020-06-17 13:37:50.200,2862.4000,17525,0,11517477900.000,0,-,-,-,-,2862.4000,2862.2000,2861.4000,2861.2000,2861.0000,2863.2000,2863.4000,2863.6000,2863.8000,2864.2000,1,3,1,3,1,3,3,2,1,4
SF,IH2006,2020-06-17 13:37:50.700,2863.0000,17526,1,11518336800.000,1,1,0,双开,B,2862.4000,2862.2000,2861.4000,2861.2000,2861.0000,2863.2000,2863.4000,2863.6000,2863.8000,2864.2000,2,3,1,3,1,3,3,2,1,4
SF,IH2006,2020-06-17 13:37:51.200,2863.0000,17526,0,11518336800.000,0,-,-,-,-,2862.6000,2862.4000,2862.2000,2861.4000,2861.2000,2863.0000,2863.2000,2863.4000,2863.6000,2863.8000,3,2,3,1,3,1,2,3,2,1
SF,IH2006,2020-06-17 13:37:51.700,2863.0000,17526,0,11518336800.000,0,-,-,-,-,2862.8000,2862.6000,2862.4000,2862.2000,2861.4000,2863.0000,2863.2000,2863.4000,2863.6000,2863.8000,1,2,2,3,1,1,2,3,2,1
SF,IH2006,2020-06-17 13:37:52.200,2863.0000,17526,0,11518336800.000,0,-,-,-,-,2862.8000,2862.6000,2862.4000,2862.2000,2861.4000,2863.2000,2863.4000,2863.6000,2863.8000,2864.2000,1,2,2,3,1,2,3,2,1,4
SF,IH2006,2020-06-17 13:37:56.200,2863.0000,17526,0,11518336800.000,0,-,-,-,-,2862.8000,2862.6000,2862.4000,2862.2000,2861.4000,2863.2000,2863.4000,2863.6000,2863.8000,2864.2000,1,2,2,3,1,2,3,2,1,4
SF,IH2006,2020-06-17 13:37:56.700,2863.2000,17524,-2,11520054720.000,2,0,2,双平,B,2862.8000,2862.6000,2862.4000,2862.2000,2861.4000,2863.4000,2863.6000,2863.8000,2864.2000,2864.4000,1,2,2,3,1,3,2,1,4,1
SF,IH2006,2020-06-17 13:37:57.200,2863.2000,17524,0,11520054720.000,0,-,-,-,-,2862.8000,2862.6000,2862.4000,2862.2000,2861.4000,2863.2000,2863.4000,2863.6000,2863.8000,2864.2000,1,2,2,3,1,1,3,2,1,4
SF,IH2006,2020-06-17 13:37:57.700,2863.2000,17524,0,11520054720.000,0,-,-,-,-,2862.8000,2862.6000,2862.4000,2862.2000,2861.4000,2863.2000,2863.4000,2863.6000,2863.8000,2864.2000,1,2,2,3,1,2,2,2,1,4
SF,IH2006,2020-06-17 13:37:58.200,2862.6000,17526,2,11521772340.000,2,2,0,双开,B,2862.6000,2862.4000,2862.2000,2861.4000,2861.2000,2863.2000,2863.4000,2863.6000,2863.8000,2864.2000,1,2,3,1,3,2,2,2,1,4
SF,IH2006,2020-06-17 13:37:58.700,2862.6000,17526,0,11521772340.000,0,-,-,-,-,2862.8000,2862.6000,2862.4000,2862.2000,2861.4000,2863.2000,2863.4000,2863.6000,2863.8000,2864.2000,1,2,2,3,1,2,2,2,1,4
SF,IH2006,2020-06-17 13:37:59.200,2862.6000,17526,0,11521772340.000,0,-,-,-,-,2862.8000,2862.6000,2862.4000,2862.2000,2861.4000,2863.2000,2863.4000,2863.6000,2863.8000,2864.2000,2,2,2,3,1,1,2,2,1,4
SF,IH2006,2020-06-17 13:38:00.700,2862.6000,17526,0,11522631120.000,1,0,1,空换,B,2863.0000,2862.8000,2862.6000,2862.4000,2862.2000,2863.2000,2863.4000,2863.6000,2863.8000,2864.2000,1,1,2,2,3,1,2,2,1,4
SF,IH2006,2020-06-17 13:38:01.200,2862.8000,17526,0,11523489960.000,1,0,1,空换,B,2862.8000,2862.6000,2862.4000,2862.2000,2861.4000,2863.2000,2863.4000,2863.6000,2863.8000,2864.2000,1,2,2,3,1,1,2,2,1,4
SF,IH2006,2020-06-17 13:38:01.700,2863.2000,17525,-1,11524348920.000,1,0,1,双平,B,2862.8000,2862.6000,2862.4000,2862.2000,2861.4000,2863.4000,2863.6000,2863.8000,2864.2000,2864.4000,1,2,2,3,1,2,2,1,4,1
SF,IH2006,2020-06-17 13:38:02.200,2863.2000,17525,0,11524348920.000,0,-,-,-,-,2862.8000,2862.6000,2862.4000,2862.2000,2861.4000,2863.4000,2863.6000,2863.8000,2864.2000,2864.4000,1,2,2,3,1,3,2,1,4,1
SF,IH2006,2020-06-17 13:38:03.200,2863.2000,17525,0,11524348920.000,0,-,-,-,-,2862.8000,2862.6000,2862.4000,2862.2000,2861.4000,2863.2000,2863.4000,2863.6000,2863.8000,2864.2000,1,2,2,3,1,2,3,2,1,4
SF,IH2006,2020-06-17 13:38:03.700,2863.2000,17525,0,11524348920.000,0,-,-,-,-,2862.6000,2862.4000,2862.2000,2861.4000,2861.2000,2863.4000,2863.6000,2863.8000,2864.2000,2864.4000,2,2,3,1,3,3,2,1,4,1
SF,IH2006,2020-06-17 13:38:04.200,2863.2000,17525,0,11524348920.000,0,-,-,-,-,2862.6000,2862.4000,2862.2000,2861.4000,2861.2000,2863.2000,2863.4000,2863.6000,2863.8000,2864.2000,2,2,3,1,3,3,2,2,1,4
SF,IH2006,2020-06-17 13:38:04.700,2863.2000,17525,0,11524348920.000,0,-,-,-,-,2863.0000,2862.6000,2862.4000,2862.2000,2861.4000,2863.2000,2863.4000,2863.6000,2863.8000,2864.2000,1,2,2,3,1,2,2,2,1,4
SF,IH2006,2020-06-17 13:38:05.200,2862.8000,17526,1,11526925440.000,3,2,1,多开,B,2862.6000,2862.4000,2862.2000,2861.4000,2861.2000,2862.8000,2863.0000,2863.2000,2863.4000,2863.6000,1,2,3,1,3,1,1,2,2,2
SF,IH2006,2020-06-17 13:38:05.700,2862.4000,17526,0,11527784160.000,1,0,1,空换,B,2862.4000,2862.2000,2861.4000,2861.2000,2861.0000,2863.0000,2863.2000,2863.4000,2863.6000,2863.8000,1,3,1,3,3,2,2,2,2,1
SF,IH2006,2020-06-17 13:38:06.200,2862.4000,17526,0,11527784160.000,0,-,-,-,-,2862.4000,2862.2000,2861.4000,2861.2000,2861.0000,2863.0000,2863.2000,2863.4000,2863.6000,2863.8000,1,3,1,3,3,3,1,2,2,1
SF,IH2006,2020-06-17 13:38:08.700,2862.4000,17526,0,11527784160.000,0,-,-,-,-,2862.4000,2862.2000,2861.4000,2861.2000,2861.0000,2862.8000,2863.0000,2863.2000,2863.4000,2863.6000,1,3,1,3,3,1,3,1,2,2
SF,IH2006,2020-06-17 13:38:09.200,2862.4000,17526,0,11527784160.000,0,-,-,-,-,2862.4000,2862.2000,2861.4000,2861.2000,2861.0000,2862.8000,2863.0000,2863.4000,2863.6000,2863.8000,1,3,1,3,3,1,3,2,2,1
SF,IH2006,2020-06-17 13:38:10.700,2862.4000,17526,0,11527784160.000,0,-,-,-,-,2862.6000,2862.4000,2862.2000,2861.4000,2861.2000,2862.8000,2863.0000,2863.4000,2863.6000,2863.8000,1,1,3,1,3,1,3,2,2,1
SF,IH2006,2020-06-17 13:38:11.200,2862.4000,17526,0,11527784160.000,0,-,-,-,-,2862.6000,2862.4000,2862.2000,2861.4000,2861.2000,2863.0000,2863.4000,2863.6000,2863.8000,2864.2000,1,1,3,1,3,3,2,2,1,4
SF,IH2006,2020-06-17 13:38:13.200,2862.4000,17526,0,11527784160.000,0,-,-,-,-,2862.6000,2862.4000,2862.2000,2861.4000,2861.2000,2863.0000,2863.4000,2863.6000,2863.8000,2864.2000,1,1,3,1,3,2,2,2,1,4
SF,IH2006,2020-06-17 13:38:13.700,2862.4000,17526,0,11527784160.000,0,-,-,-,-,2862.6000,2862.4000,2862.2000,2861.4000,2861.2000,2863.0000,2863.4000,2863.6000,2863.8000,2864.2000,2,1,3,1,3,2,2,2,1,4
SF,IH2006,2020-06-17 13:38:14.200,2862.4000,17526,0,11527784160.000,0,-,-,-,-,2862.6000,2862.4000,2862.2000,2861.4000,2861.2000,2863.0000,2863.4000,2863.6000,2863.8000,2864.2000,2,1,3,1,3,1,2,2,1,4
SF,IH2006,2020-06-17 13:38:15.700,2862.4000,17526,0,11527784160.000,0,-,-,-,-,2862.6000,2862.4000,2862.2000,2861.4000,2861.2000,2863.0000,2863.4000,2863.6000,2863.8000,2864.2000,2,2,3,1,3,1,2,2,1,4
SF,IH2006,2020-06-17 13:38:16.700,2862.4000,17526,0,11527784160.000,0,-,-,-,-,2862.6000,2862.4000,2862.2000,2861.4000,2861.2000,2862.8000,2863.0000,2863.4000,2863.6000,2863.8000,2,2,3,1,3,5,1,2,2,1
SF,IH2006,2020-06-17 13:38:20.700,2862.4000,17526,0,11527784160.000,0,-,-,-,-,2862.6000,2862.4000,2862.2000,2861.4000,2861.2000,2862.8000,2863.0000,2863.4000,2863.6000,2863.8000,2,2,3,1,3,5,1,2,2,1
SF,IH2006,2020-06-17 13:38:21.700,2862.4000,17526,0,11527784160.000,0,-,-,-,-,2862.6000,2862.4000,2862.2000,2861.4000,2861.2000,2862.8000,2863.0000,2863.4000,2863.6000,2863.8000,2,1,3,1,3,5,1,2,2,1
SF,IH2006,2020-06-17 13:38:22.200,2862.4000,17526,0,11527784160.000,0,-,-,-,-,2862.6000,2862.4000,2862.2000,2861.4000,2861.2000,2862.8000,2863.0000,2863.4000,2863.6000,2863.8000,3,1,3,1,3,5,1,2,2,1
SF,IH2006,2020-06-17 13:38:28.700,2862.4000,17526,0,11527784160.000,0,-,-,-,-,2862.6000,2862.4000,2862.2000,2861.4000,2861.2000,2862.8000,2863.0000,2863.4000,2863.6000,2863.8000,3,1,3,1,3,5,1,2,2,1
SF,IH2006,2020-06-17 13:38:31.200,2862.4000,17526,0,11527784160.000,0,-,-,-,-,2862.6000,2862.4000,2862.2000,2861.4000,2861.2000,2862.8000,2863.0000,2863.4000,2863.6000,2863.8000,3,1,2,1,3,5,1,2,2,1
SF,IH2006,2020-06-17 13:38:31.700,2862.8000,17526,0,11528643000.000,1,0,1,空换,B,2862.6000,2862.4000,2862.2000,2861.4000,2861.2000,2862.8000,2863.0000,2863.4000,2863.6000,2863.8000,3,1,2,1,3,4,1,2,2,1
SF,IH2006,2020-06-17 13:38:32.200,2862.8000,17526,0,11528643000.000,0,-,-,-,-,2862.6000,2862.4000,2862.2000,2861.4000,2861.2000,2862.8000,2863.0000,2863.4000,2863.6000,2863.8000,2,1,2,1,3,4,1,2,2,1
SF,IH2006,2020-06-17 13:38:37.200,2862.8000,17528,2,11532078360.000,4,3,1,多开,B,2862.8000,2862.6000,2862.4000,2862.2000,2861.4000,2863.0000,2863.4000,2863.6000,2863.8000,2864.0000,2,2,1,2,1,1,2,2,1,1
SF,IH2006,2020-06-17 13:38:37.700,2862.8000,17528,0,11532078360.000,0,-,-,-,-,2862.8000,2862.6000,2862.4000,2862.2000,2861.4000,2863.4000,2863.6000,2863.8000,2864.0000,2864.2000,2,2,1,2,1,2,2,1,1,3
SF,IH2006,2020-06-17 13:38:38.200,2862.8000,17528,0,11532078360.000,0,-,-,-,-,2862.8000,2862.6000,2862.4000,2862.2000,2861.4000,2863.2000,2863.4000,2863.6000,2863.8000,2864.0000,2,2,1,2,1,1,3,2,1,1
SF,IH2006,2020-06-17 13:38:38.700,2862.8000,17528,0,11532078360.000,0,-,-,-,-,2862.8000,2862.6000,2862.4000,2862.2000,2861.4000,2863.2000,2863.4000,2863.6000,2863.8000,2864.0000,1,1,1,2,1,1,3,2,1,1
SF,IH2006,2020-06-17 13:38:39.700,2862.8000,17528,0,11532078360.000,0,-,-,-,-,2862.8000,2862.6000,2862.4000,2862.2000,2861.4000,2863.0000,2863.2000,2863.4000,2863.6000,2863.8000,1,1,1,2,1,1,1,3,2,1
SF,IH2006,2020-06-17 13:38:40.200,2862.8000,17528,0,11532937200.000,1,0,1,空换,B,2862.6000,2862.4000,2862.2000,2861.4000,2861.2000,2862.8000,2863.0000,2863.2000,2863.4000,2863.6000,1,1,2,1,3,1,1,1,3,2
SF,IH2006,2020-06-17 13:38:43.700,2862.8000,17528,0,11532937200.000,0,-,-,-,-,2862.6000,2862.4000,2862.2000,2861.4000,2861.2000,2863.0000,2863.2000,2863.4000,2863.6000,2863.8000,1,1,2,1,3,1,1,3,2,1
SF,IH2006,2020-06-17 13:38:47.200,2863.0000,17528,0,11533796100.000,1,0,1,空换,B,2862.6000,2862.4000,2862.2000,2861.4000,2861.2000,2863.2000,2863.4000,2863.6000,2863.8000,2864.0000,1,1,2,1,3,1,3,2,1,1
SF,IH2006,2020-06-17 13:38:47.700,2863.0000,17528,0,11533796100.000,0,-,-,-,-,2862.6000,2862.4000,2862.2000,2861.4000,2861.2000,2862.8000,2863.0000,2863.2000,2863.4000,2863.6000,2,1,2,1,3,1,1,2,2,2
SF,IH2006,2020-06-17 13:38:48.200,2862.8000,17529,1,11534654940.000,1,1,0,双开,B,2862.6000,2862.4000,2862.2000,2861.4000,2861.2000,2863.0000,2863.2000,2863.4000,2863.6000,2863.8000,2,1,2,1,3,1,1,2,2,1
SF,IH2006,2020-06-17 13:38:51.700,2863.0000,17530,1,11535513840.000,1,1,0,双开,B,2862.6000,2862.4000,2862.2000,2861.4000,2861.2000,2863.2000,2863.4000,2863.6000,2863.8000,2864.0000,2,1,2,1,3,1,2,2,1,1
SF,IH2006,2020-06-17 13:38:52.200,2863.0000,17530,0,11535513840.000,0,-,-,-,-,2862.6000,2862.4000,2862.2000,2861.4000,2861.2000,2863.2000,2863.4000,2863.6000,2863.8000,2864.0000,1,1,2,1,3,1,2,2,1,1
SF,IH2006,2020-06-17 13:38:56.200,2863.0000,17530,0,11535513840.000,0,-,-,-,-,2862.8000,2862.6000,2862.4000,2862.2000,2861.4000,2863.2000,2863.4000,2863.6000,2863.8000,2864.0000,2,1,1,2,1,1,2,1,1,1
SF,IH2006,2020-06-17 13:38:56.700,2863.0000,17530,0,11535513840.000,0,-,-,-,-,2863.0000,2862.8000,2862.6000,2862.4000,2862.2000,2863.4000,2863.6000,2863.8000,2864.0000,2864.2000,2,3,1,1,2,2,1,1,1,3
SF,IH2006,2020-06-17 13:38:57.200,2863.0000,17530,0,11535513840.000,0,-,-,-,-,2863.2000,2863.0000,2862.8000,2862.6000,2862.4000,2863.4000,2863.6000,2863.8000,2864.0000,2864.2000,2,1,3,1,1,2,1,1,1,3
SF,IH2006,2020-06-17 13:38:57.700,2863.0000,17530,0,11535513840.000,0,-,-,-,-,2863.2000,2863.0000,2862.8000,2862.6000,2862.4000,2863.4000,2863.6000,2863.8000,2864.0000,2864.2000,2,1,2,1,1,2,2,1,1,3
SF,IH2006,2020-06-17 13:38:58.700,2863.0000,17530,0,11535513840.000,0,-,-,-,-,2863.2000,2863.0000,2862.8000,2862.6000,2862.4000,2863.4000,2863.6000,2863.8000,2864.0000,2864.2000,2,1,2,1,1,1,2,1,1,3
SF,IH2006,2020-06-17 13:39:01.700,2863.0000,17530,0,11535513840.000,0,-,-,-,-,2863.2000,2863.0000,2862.8000,2862.6000,2862.4000,2863.4000,2863.6000,2863.8000,2864.0000,2864.2000,2,1,2,2,1,1,2,1,1,3
SF,IH2006,2020-06-17 13:39:02.200,2863.0000,17530,0,11535513840.000,0,-,-,-,-,2863.2000,2863.0000,2862.8000,2862.6000,2862.4000,2863.4000,2863.6000,2863.8000,2864.0000,2864.2000,1,1,2,2,1,1,2,1,1,3
SF,IH2006,2020-06-17 13:39:02.700,2863.0000,17530,0,11535513840.000,0,-,-,-,-,2863.0000,2862.8000,2862.6000,2862.4000,2862.2000,2863.4000,2863.6000,2863.8000,2864.0000,2864.2000,1,2,2,1,2,1,2,1,1,3
SF,IH2006,2020-06-17 13:39:03.200,2863.0000,17530,0,11536372740.000,1,0,1,空换,B,2862.8000,2862.6000,2862.4000,2862.2000,2861.4000,2863.4000,2863.6000,2863.8000,2864.0000,2864.2000,2,2,1,2,1,1,2,1,1,3
SF,IH2006,2020-06-17 13:39:03.700,2862.8000,17530,0,11538090600.000,2,1,1,空换,B,2862.8000,2862.6000,2862.4000,2862.2000,2861.4000,2863.6000,2863.8000,2864.0000,2864.2000,2864.4000,2,2,1,2,1,2,1,1,3,2
SF,IH2006,2020-06-17 13:39:04.200,2862.8000,17530,0,11538090600.000,0,-,-,-,-,2863.4000,2862.8000,2862.6000,2862.4000,2862.2000,2863.6000,2863.8000,2864.0000,2864.2000,2864.4000,2,3,2,1,2,3,1,1,3,2
SF,IH2006,2020-06-17 13:39:04.700,2862.8000,17530,0,11538090600.000,0,-,-,-,-,2863.0000,2862.8000,2862.6000,2862.4000,2862.2000,2863.6000,2863.8000,2864.0000,2864.2000,2864.4000,1,3,2,1,2,2,1,1,3,2
SF,IH2006,2020-06-17 13:39:05.200,2862.8000,17530,0,11538090600.000,0,-,-,-,-,2863.2000,2863.0000,2862.8000,2862.6000,2862.4000,2863.6000,2863.8000,2864.0000,2864.2000,2864.4000,2,3,3,2,1,2,1,1,3,2
SF,IH2006,2020-06-17 13:39:05.700,2862.8000,17530,0,11538090600.000,0,-,-,-,-,2863.4000,2863.2000,2863.0000,2862.8000,2862.6000,2863.6000,2863.8000,2864.0000,2864.2000,2864.4000,1,4,2,3,2,2,1,1,3,2
SF,IH2006,2020-06-17 13:39:06.700,2862.8000,17530,0,11538090600.000,0,-,-,-,-,2863.2000,2863.0000,2862.8000,2862.6000,2862.2000,2863.6000,2863.8000,2864.0000,2864.2000,2864.4000,4,2,3,2,1,3,1,1,3,2
SF,IH2006,2020-06-17 13:39:07.200,2863.6000,17529,-1,11538949680.000,1,0,1,双平,B,2863.2000,2863.0000,2862.8000,2862.6000,2862.2000,2863.6000,2863.8000,2864.0000,2864.2000,2864.4000,2,2,3,2,1,2,1,1,3,2
SF,IH2006,2020-06-17 13:39:07.700,2863.6000,17529,0,11538949680.000,0,-,-,-,-,2863.0000,2862.8000,2862.6000,2862.2000,2861.4000,2863.6000,2863.8000,2864.0000,2864.2000,2864.4000,2,3,2,1,1,3,1,1,3,2
SF,IH2006,2020-06-17 13:39:08.200,2863.6000,17529,0,11538949680.000,0,-,-,-,-,2863.0000,2862.8000,2862.6000,2862.2000,2861.4000,2863.6000,2863.8000,2864.0000,2864.2000,2864.4000,2,3,2,1,1,3,1,1,3,2
SF,IH2006,2020-06-17 13:39:12.200,2863.6000,17529,0,11538949680.000,0,-,-,-,-,2863.0000,2862.8000,2862.6000,2862.2000,2861.4000,2863.6000,2863.8000,2864.0000,2864.2000,2864.4000,2,3,2,1,1,4,1,1,3,2
SF,IH2006,2020-06-17 13:39:12.700,2863.6000,17529,0,11538949680.000,0,-,-,-,-,2863.0000,2862.8000,2862.6000,2862.2000,2861.4000,2863.6000,2863.8000,2864.0000,2864.2000,2864.4000,2,3,2,1,1,4,1,1,3,2
SF,IH2006,2020-06-17 13:39:18.200,2863.6000,17529,0,11538949680.000,0,-,-,-,-,2863.0000,2862.8000,2862.6000,2862.2000,2861.4000,2863.6000,2863.8000,2864.0000,2864.2000,2864.4000,2,3,2,1,1,3,1,1,3,2
SF,IH2006,2020-06-17 13:39:18.700,2863.6000,17529,0,11538949680.000,0,-,-,-,-,2862.8000,2862.6000,2862.2000,2861.4000,2861.2000,2863.6000,2863.8000,2864.0000,2864.2000,2864.4000,2,2,1,1,3,3,1,1,3,2
SF,IH2006,2020-06-17 13:39:19.200,2863.6000,17529,0,11538949680.000,0,-,-,-,-,2862.8000,2862.6000,2862.2000,2861.4000,2861.2000,2863.4000,2863.6000,2863.8000,2864.0000,2864.2000,2,2,1,1,3,1,3,1,1,3
SF,IH2006,2020-06-17 13:39:20.200,2863.6000,17529,0,11539808760.000,1,0,1,空换,B,2862.8000,2862.6000,2862.2000,2861.4000,2861.2000,2863.6000,2863.8000,2864.0000,2864.2000,2864.4000,2,2,1,1,3,3,1,1,3,2
SF,IH2006,2020-06-17 13:39:20.700,2863.6000,17529,0,11539808760.000,0,-,-,-,-,2862.8000,2862.6000,2862.2000,2861.4000,2861.2000,2863.6000,2863.8000,2864.0000,2864.2000,2864.4000,2,2,1,1,3,3,1,1,3,2
SF,IH2006,2020-06-17 13:39:23.200,2863.6000,17529,0,11539808760.000,0,-,-,-,-,2863.0000,2862.8000,2862.6000,2862.2000,2861.4000,2863.6000,2863.8000,2864.0000,2864.2000,2864.4000,1,2,2,1,1,3,1,1,3,2
SF,IH2006,2020-06-17 13:39:25.200,2863.6000,17529,0,11539808760.000,0,-,-,-,-,2863.0000,2862.8000,2862.6000,2862.2000,2861.4000,2863.6000,2863.8000,2864.0000,2864.2000,2864.4000,2,2,2,1,1,3,1,1,3,2
SF,IH2006,2020-06-17 13:39:25.700,2863.0000,17529,0,11540667660.000,1,0,1,空换,B,2863.0000,2862.8000,2862.6000,2862.2000,2861.4000,2863.6000,2863.8000,2864.0000,2864.2000,2864.4000,1,2,2,1,1,3,1,1,3,2
SF,IH2006,2020-06-17 13:39:26.700,2863.0000,17529,0,11540667660.000,0,-,-,-,-,2863.0000,2862.8000,2862.6000,2862.2000,2861.4000,2863.6000,2863.8000,2864.0000,2864.2000,2864.4000,2,2,2,1,1,3,1,1,3,2
SF,IH2006,2020-06-17 13:39:27.200,2863.0000,17529,0,11540667660.000,0,-,-,-,-,2863.0000,2862.8000,2862.6000,2862.2000,2861.4000,2863.4000,2863.6000,2863.8000,2864.0000,2864.2000,2,2,2,1,1,1,3,1,1,3
SF,IH2006,2020-06-17 13:39:28.700,2863.4000,17528,-1,11541526680.000,1,0,1,双平,B,2863.0000,2862.8000,2862.6000,2862.2000,2861.4000,2863.6000,2863.8000,2864.0000,2864.2000,2864.4000,2,2,2,1,1,3,1,1,3,2
SF,IH2006,2020-06-17 13:39:31.700,2863.4000,17528,0,11541526680.000,0,-,-,-,-,2863.2000,2863.0000,2862.8000,2862.6000,2862.2000,2863.6000,2863.8000,2864.0000,2864.2000,2864.4000,1,2,2,2,1,3,1,1,3,2
SF,IH2006,2020-06-17 13:39:32.200,2863.4000,17528,0,11541526680.000,0,-,-,-,-,2863.2000,2863.0000,2862.8000,2862.6000,2862.4000,2863.6000,2863.8000,2864.0000,2864.2000,2864.4000,3,2,2,2,1,2,1,1,3,2
SF,IH2006,2020-06-17 13:39:32.700,2863.4000,17528,0,11541526680.000,0,-,-,-,-,2863.2000,2863.0000,2862.8000,2862.6000,2862.4000,2863.6000,2863.8000,2864.0000,2864.2000,2864.4000,4,2,2,2,1,2,1,1,3,2
SF,IH2006,2020-06-17 13:39:33.700,2863.2000,17528,0,11542385640.000,1,0,1,空换,B,2863.2000,2863.0000,2862.8000,2862.6000,2862.4000,2863.6000,2863.8000,2864.0000,2864.2000,2864.4000,3,2,2,2,1,2,1,1,3,2
SF,IH2006,2020-06-17 13:39:35.200,2863.2000,17527,-1,11543244600.000,1,0,1,双平,B,2863.2000,2863.0000,2862.8000,2862.6000,2862.4000,2863.6000,2863.8000,2864.0000,2864.2000,2864.4000,2,2,2,2,1,2,1,1,3,2
SF,IH2006,2020-06-17 13:39:35.700,2863.2000,17527,0,11543244600.000,0,-,-,-,-,2863.2000,2863.0000,2862.8000,2862.6000,2862.4000,2863.6000,2863.8000,2864.0000,2864.2000,2864.4000,1,2,2,2,1,3,1,1,3,2
SF,IH2006,2020-06-17 13:39:37.200,2863.2000,17527,0,11543244600.000,0,-,-,-,-,2863.2000,2863.0000,2862.8000,2862.6000,2862.4000,2863.6000,2863.8000,2864.0000,2864.2000,2864.4000,1,2,2,2,1,3,1,1,3,2
SF,IH2006,2020-06-17 13:39:37.700,2863.2000,17527,0,11543244600.000,0,-,-,-,-,2863.2000,2863.0000,2862.8000,2862.6000,2862.4000,2863.6000,2863.8000,2864.0000,2864.2000,2864.4000,1,2,2,2,1,2,1,1,3,2
SF,IH2006,2020-06-17 13:39:38.700,2863.2000,17527,0,11543244600.000,0,-,-,-,-,2863.2000,2863.0000,2862.8000,2862.6000,2862.4000,2863.6000,2863.8000,2864.0000,2864.2000,2864.4000,1,2,2,2,1,2,1,1,3,2
SF,IH2006,2020-06-17 13:39:39.200,2863.2000,17527,0,11543244600.000,0,-,-,-,-,2863.2000,2863.0000,2862.8000,2862.6000,2862.4000,2863.4000,2863.6000,2863.8000,2864.0000,2864.2000,1,2,2,2,1,1,2,1,1,3
SF,IH2006,2020-06-17 13:39:41.200,2863.2000,17527,0,11543244600.000,0,-,-,-,-,2863.2000,2863.0000,2862.8000,2862.6000,2862.4000,2863.4000,2863.6000,2863.8000,2864.0000,2864.2000,1,2,2,2,1,2,2,1,1,3
SF,IH2006,2020-06-17 13:39:41.700,2863.2000,17527,0,11543244600.000,0,-,-,-,-,2863.2000,2863.0000,2862.8000,2862.6000,2862.4000,2863.4000,2863.6000,2863.8000,2864.0000,2864.2000,2,2,2,2,1,2,2,1,1,3
SF,IH2006,2020-06-17 13:39:43.200,2863.2000,17527,0,11544962520.000,2,1,1,空换,B,2863.0000,2862.8000,2862.6000,2862.4000,2861.4000,2863.4000,2863.6000,2863.8000,2864.0000,2864.2000,2,2,2,1,1,2,2,1,1,3
SF,IH2006,2020-06-17 13:39:43.700,2863.2000,17527,0,11544962520.000,0,-,-,-,-,2863.0000,2862.8000,2862.6000,2862.4000,2861.4000,2863.4000,2863.6000,2863.8000,2864.0000,2864.2000,12,2,2,1,1,2,2,1,1,3
SF,IH2006,2020-06-17 13:39:44.200,2863.2000,17527,0,11544962520.000,0,-,-,-,-,2863.0000,2862.8000,2862.6000,2862.4000,2861.4000,2863.4000,2863.6000,2863.8000,2864.0000,2864.2000,14,2,2,1,1,2,2,1,1,3
SF,IH2006,2020-06-17 13:39:44.700,2863.2000,17527,0,11544962520.000,0,-,-,-,-,2863.0000,2862.8000,2862.6000,2862.4000,2861.4000,2863.4000,2863.6000,2863.8000,2864.0000,2864.2000,14,2,2,1,1,2,2,1,1,3
SF,IH2006,2020-06-17 13:39:45.700,2863.4000,17527,0,11545821540.000,1,0,1,空换,B,2863.0000,2862.8000,2862.6000,2862.4000,2861.4000,2863.4000,2863.6000,2863.8000,2864.0000,2864.2000,14,2,2,1,1,1,2,1,1,3
SF,IH2006,2020-06-17 13:39:46.200,2863.4000,17527,0,11546680560.000,1,0,1,空换,B,2863.4000,2863.2000,2863.0000,2862.8000,2862.6000,2863.6000,2863.8000,2864.0000,2864.2000,2864.4000,2,2,14,2,2,2,1,1,3,2
SF,IH2006,2020-06-17 13:39:46.700,2863.4000,17527,0,11546680560.000,0,-,-,-,-,2863.2000,2863.0000,2862.8000,2862.6000,2862.4000,2863.6000,2863.8000,2864.0000,2864.2000,2864.4000,2,14,2,2,1,2,1,1,3,2
SF,IH2006,2020-06-17 13:39:49.200,2863.6000,17527,0,11547539640.000,1,0,1,空换,B,2863.4000,2863.2000,2863.0000,2862.8000,2862.6000,2863.6000,2863.8000,2864.0000,2864.2000,2864.4000,1,1,14,2,2,1,1,1,3,2
SF,IH2006,2020-06-17 13:39:49.700,2863.4000,17528,1,11548398660.000,1,1,0,双开,B,2863.2000,2863.0000,2862.8000,2862.6000,2862.4000,2863.6000,2863.8000,2864.0000,2864.2000,2864.4000,1,14,2,2,1,1,1,1,3,2
SF,IH2006,2020-06-17 13:39:53.700,2863.4000,17528,0,11548398660.000,0,-,-,-,-,2863.2000,2863.0000,2862.8000,2862.6000,2862.4000,2863.6000,2863.8000,2864.0000,2864.2000,2864.4000,1,14,2,2,1,1,1,1,3,1
SF,IH2006,2020-06-17 13:39:54.200,2863.6000,17529,1,11549257740.000,1,1,0,双开,B,2863.4000,2863.2000,2863.0000,2862.8000,2862.6000,2863.8000,2864.0000,2864.2000,2864.4000,2864.6000,3,4,14,2,2,1,1,3,1,1
SF,IH2006,2020-06-17 13:39:54.700,2864.0000,17529,0,11550976080.000,2,1,1,空换,B,2863.6000,2863.4000,2863.2000,2863.0000,2862.8000,2864.2000,2864.4000,2864.6000,2864.8000,2865.0000,1,1,4,14,2,3,1,1,6,1
SF,IH2006,2020-06-17 13:39:55.200,2864.2000,17530,1,11556131400.000,6,3,3,多开,B,2863.6000,2863.4000,2863.2000,2863.0000,2862.8000,2864.2000,2864.4000,2864.6000,2864.8000,2865.0000,1,1,4,4,2,1,1,1,6,1
SF,IH2006,2020-06-17 13:39:55.700,2864.4000,17531,1,11559568500.000,4,2,2,多开,B,2863.6000,2863.4000,2863.2000,2863.0000,2862.8000,2864.6000,2864.8000,2865.0000,2865.2000,2865.4000,1,1,4,4,2,1,6,1,2,3
SF,IH2006,2020-06-17 13:39:56.200,2864.4000,17531,0,11559568500.000,0,-,-,-,-,2863.6000,2863.4000,2863.2000,2863.0000,2862.8000,2864.0000,2864.2000,2864.4000,2864.6000,2864.8000,1,1,4,4,2,1,2,8,4,6
SF,IH2006,2020-06-17 13:39:56.700,2864.4000,17531,0,11559568500.000,0,-,-,-,-,2863.4000,2863.2000,2863.0000,2862.8000,2862.6000,2864.0000,2864.2000,2864.4000,2864.6000,2864.8000,1,4,4,2,2,1,2,4,4,6
SF,IH2006,2020-06-17 13:39:57.200,2864.4000,17531,0,11559568500.000,0,-,-,-,-,2863.4000,2863.2000,2863.0000,2862.8000,2862.6000,2864.0000,2864.2000,2864.4000,2864.6000,2864.8000,2,4,4,1,2,2,2,4,4,6
SF,IH2006,2020-06-17 13:39:57.700,2864.4000,17531,0,11559568500.000,0,-,-,-,-,2863.4000,2863.2000,2863.0000,2862.8000,2862.6000,2863.8000,2864.0000,2864.2000,2864.4000,2864.6000,2,4,4,1,1,1,2,2,4,4
SF,IH2006,2020-06-17 13:39:59.200,2864.4000,17531,0,11559568500.000,0,-,-,-,-,2863.4000,2863.2000,2863.0000,2862.8000,2862.6000,2863.8000,2864.0000,2864.2000,2864.4000,2864.6000,2,4,4,1,1,1,2,1,4,4
SF,IH2006,2020-06-17 13:39:59.700,2864.4000,17531,0,11559568500.000,0,-,-,-,-,2863.4000,2863.2000,2863.0000,2862.8000,2862.6000,2863.8000,2864.0000,2864.2000,2864.4000,2864.6000,2,4,4,1,1,1,2,1,3,4
SF,IH2006,2020-06-17 13:40:00.700,2864.4000,17531,0,11559568500.000,0,-,-,-,-,2863.4000,2863.2000,2863.0000,2862.8000,2862.6000,2863.8000,2864.0000,2864.2000,2864.4000,2864.6000,1,4,4,1,1,1,2,1,3,4
SF,IH2006,2020-06-17 13:40:01.700,2864.4000,17531,0,11559568500.000,0,-,-,-,-,2863.4000,2863.2000,2863.0000,2862.8000,2862.6000,2863.8000,2864.0000,2864.2000,2864.4000,2864.6000,1,4,4,1,1,1,2,2,3,4
SF,IH2006,2020-06-17 13:40:02.200,2864.4000,17531,0,11559568500.000,0,-,-,-,-,2863.6000,2863.4000,2863.2000,2863.0000,2862.6000,2863.8000,2864.0000,2864.2000,2864.4000,2864.6000,2,3,3,4,1,1,2,2,3,4
SF,IH2006,2020-06-17 13:40:06.200,2864.4000,17531,0,11559568500.000,0,-,-,-,-,2863.6000,2863.4000,2863.2000,2863.0000,2862.6000,2863.8000,2864.0000,2864.2000,2864.4000,2864.6000,2,3,3,4,1,1,1,2,3,4
SF,IH2006,2020-06-17 13:40:06.700,2863.8000,17532,1,11560427640.000,1,1,0,双开,B,2863.6000,2863.4000,2863.2000,2863.0000,2862.6000,2864.0000,2864.2000,2864.4000,2864.6000,2864.8000,2,3,3,4,1,1,2,3,4,6
SF,IH2006,2020-06-17 13:40:07.200,2863.8000,17532,0,11560427640.000,0,-,-,-,-,2863.6000,2863.4000,2863.2000,2863.0000,2862.6000,2864.0000,2864.2000,2864.4000,2864.6000,2864.8000,3,3,3,3,1,1,2,3,4,6
SF,IH2006,2020-06-17 13:40:07.700,2863.8000,17532,0,11560427640.000,0,-,-,-,-,2863.6000,2863.4000,2863.2000,2863.0000,2862.6000,2864.0000,2864.2000,2864.4000,2864.6000,2864.8000,2,3,3,3,1,1,2,3,4,6
SF,IH2006,2020-06-17 13:40:09.200,2863.8000,17532,0,11561286780.000,1,0,1,空换,B,2863.6000,2863.4000,2863.2000,2863.0000,2862.6000,2864.0000,2864.2000,2864.4000,2864.6000,2864.8000,2,3,3,3,1,1,2,3,4,6
SF,IH2006,2020-06-17 13:40:09.700,2863.8000,17532,0,11561286780.000,0,-,-,-,-,2863.8000,2863.6000,2863.4000,2863.2000,2863.0000,2864.0000,2864.2000,2864.4000,2864.6000,2864.8000,1,3,3,3,3,1,2,3,4,6
SF,IH2006,2020-06-17 13:40:10.200,2863.8000,17531,-1,11562145920.000,1,0,1,双平,B,2863.6000,2863.4000,2863.2000,2863.0000,2862.6000,2864.0000,2864.2000,2864.4000,2864.6000,2864.8000,3,3,3,3,1,1,2,3,4,6
SF,IH2006,2020-06-17 13:40:13.700,2864.0000,17530,-1,11563005120.000,1,0,1,双平,B,2863.6000,2863.4000,2863.2000,2863.0000,2862.6000,2864.2000,2864.4000,2864.6000,2864.8000,2865.0000,3,3,3,3,1,2,3,4,6,1
SF,IH2006,2020-06-17 13:40:14.200,2864.0000,17530,0,11563005120.000,0,-,-,-,-,2863.6000,2863.4000,2863.2000,2863.0000,2862.6000,2864.2000,2864.4000,2864.6000,2864.8000,2865.0000,3,2,3,3,1,2,3,4,6,1
SF,IH2006,2020-06-17 13:40:14.700,2864.0000,17530,0,11563005120.000,0,-,-,-,-,2863.6000,2863.4000,2863.2000,2863.0000,2862.6000,2864.2000,2864.4000,2864.6000,2864.8000,2865.0000,4,2,3,3,1,2,3,4,6,1
SF,IH2006,2020-06-17 13:40:17.200,2864.0000,17530,0,11563005120.000,0,-,-,-,-,2863.6000,2863.4000,2863.2000,2863.0000,2862.6000,2864.2000,2864.4000,2864.6000,2864.8000,2865.0000,4,2,3,2,1,2,3,4,6,1
SF,IH2006,2020-06-17 13:40:17.700,2864.0000,17530,0,11563005120.000,0,-,-,-,-,2863.6000,2863.4000,2863.2000,2863.0000,2862.6000,2864.2000,2864.4000,2864.6000,2864.8000,2865.0000,5,2,3,1,1,2,3,4,6,1
SF,IH2006,2020-06-17 13:40:18.700,2864.0000,17530,0,11563005120.000,0,-,-,-,-,2863.6000,2863.4000,2863.2000,2863.0000,2862.6000,2864.2000,2864.4000,2864.6000,2864.8000,2865.0000,5,2,3,1,1,2,3,5,6,1
SF,IH2006,2020-06-17 13:40:19.200,2864.0000,17530,0,11563005120.000,0,-,-,-,-,2863.8000,2863.6000,2863.4000,2863.2000,2863.0000,2864.2000,2864.4000,2864.6000,2864.8000,2865.0000,1,5,2,2,1,2,3,5,6,1
SF,IH2006,2020-06-17 13:40:19.700,2864.0000,17530,0,11563005120.000,0,-,-,-,-,2863.6000,2863.4000,2863.2000,2863.0000,2862.6000,2864.2000,2864.4000,2864.6000,2864.8000,2865.0000,5,2,2,1,1,2,3,5,6,1
SF,IH2006,2020-06-17 13:40:21.200,2864.0000,17530,0,11563005120.000,0,-,-,-,-,2863.6000,2863.4000,2863.2000,2863.0000,2862.6000,2864.2000,2864.4000,2864.6000,2864.8000,2865.0000,5,2,2,1,1,1,3,5,6,1
SF,IH2006,2020-06-17 13:40:22.200,2864.0000,17530,0,11563005120.000,0,-,-,-,-,2863.8000,2863.6000,2863.4000,2863.2000,2863.0000,2864.2000,2864.4000,2864.6000,2864.8000,2865.0000,1,5,2,2,1,1,3,5,6,1
SF,IH2006,2020-06-17 13:40:22.700,2864.0000,17530,0,11563005120.000,0,-,-,-,-,2863.8000,2863.6000,2863.4000,2863.2000,2863.0000,2864.2000,2864.4000,2864.6000,2864.8000,2865.0000,1,4,3,2,1,1,3,5,6,1
SF,IH2006,2020-06-17 13:40:24.200,2863.8000,17529,-1,11563864260.000,1,0,1,双平,B,2863.8000,2863.6000,2863.4000,2863.2000,2863.0000,2864.2000,2864.4000,2864.6000,2864.8000,2865.0000,1,4,3,2,1,1,3,5,6,1
SF,IH2006,2020-06-17 13:40:24.700,2863.8000,17529,0,11563864260.000,0,-,-,-,-,2863.8000,2863.6000,2863.4000,2863.2000,2863.0000,2864.2000,2864.4000,2864.6000,2864.8000,2865.0000,1,3,3,2,1,1,3,5,6,1
SF,IH2006,2020-06-17 13:40:25.200,2863.8000,17529,0,11563864260.000,0,-,-,-,-,2863.8000,2863.6000,2863.4000,2863.2000,2863.0000,2864.2000,2864.4000,2864.6000,2864.8000,2865.0000,2,3,3,2,1,1,3,5,6,1
SF,IH2006,2020-06-17 13:40:34.700,2863.8000,17529,0,11563864260.000,0,-,-,-,-,2863.8000,2863.6000,2863.4000,2863.2000,2863.0000,2864.2000,2864.4000,2864.6000,2864.8000,2865.0000,3,3,3,2,1,1,3,5,6,1
SF,IH2006,2020-06-17 13:40:36.200,2864.2000,17529,0,11564723520.000,1,0,1,空换,B,2863.8000,2863.6000,2863.4000,2863.2000,2863.0000,2864.4000,2864.6000,2864.8000,2865.0000,2865.2000,3,3,3,2,1,3,5,6,1,2
SF,IH2006,2020-06-17 13:40:36.700,2864.2000,17529,0,11564723520.000,0,-,-,-,-,2863.8000,2863.6000,2863.4000,2863.2000,2862.6000,2864.2000,2864.4000,2864.6000,2864.8000,2865.0000,4,3,3,2,1,2,4,3,5,1
SF,IH2006,2020-06-17 13:40:38.700,2864.2000,17529,0,11564723520.000,0,-,-,-,-,2863.8000,2863.6000,2863.4000,2863.2000,2862.6000,2864.0000,2864.2000,2864.4000,2864.6000,2864.8000,4,3,3,2,1,2,2,4,3,5
SF,IH2006,2020-06-17 13:40:39.200,2864.2000,17529,0,11564723520.000,0,-,-,-,-,2863.8000,2863.6000,2863.4000,2863.2000,2862.6000,2864.0000,2864.2000,2864.4000,2864.6000,2864.8000,3,3,3,2,1,2,2,4,3,5
SF,IH2006,2020-06-17 13:40:40.200,2863.8000,17529,0,11565582660.000,1,0,1,空换,B,2863.8000,2863.6000,2863.4000,2863.2000,2862.6000,2864.0000,2864.2000,2864.4000,2864.6000,2864.8000,2,3,3,2,1,2,2,4,3,5
SF,IH2006,2020-06-17 13:40:40.700,2864.0000,17529,0,11567301060.000,2,1,1,空换,B,2863.8000,2863.6000,2863.4000,2863.2000,2862.6000,2864.2000,2864.4000,2864.6000,2864.8000,2865.0000,3,3,3,2,1,2,3,3,5,1
SF,IH2006,2020-06-17 13:40:41.200,2863.8000,17531,2,11569019340.000,2,2,0,双开,B,2863.8000,2863.6000,2863.4000,2863.2000,2862.6000,2864.2000,2864.4000,2864.6000,2864.8000,2865.0000,1,3,3,2,1,2,3,3,5,1
SF,IH2006,2020-06-17 13:40:41.700,2863.8000,17531,0,11569019340.000,0,-,-,-,-,2864.0000,2863.8000,2863.6000,2863.4000,2863.2000,2864.2000,2864.4000,2864.6000,2864.8000,2865.0000,1,1,3,3,2,2,3,3,5,1
SF,IH2006,2020-06-17 13:40:42.200,2864.0000,17530,-1,11569878540.000,1,0,1,双平,B,2863.6000,2863.4000,2863.2000,2862.6000,2862.4000,2864.0000,2864.2000,2864.4000,2864.6000,2864.8000,3,3,2,1,1,11,2,3,3,5
SF,IH2006,2020-06-17 13:40:42.700,2864.0000,17530,0,11569878540.000,0,-,-,-,-,2863.6000,2863.4000,2863.2000,2862.6000,2862.4000,2864.0000,2864.4000,2864.6000,2864.8000,2865.0000,2,3,2,1,1,8,3,3,5,1
SF,IH2006,2020-06-17 13:40:43.200,2864.0000,17530,0,11569878540.000,0,-,-,-,-,2863.8000,2863.6000,2863.4000,2863.2000,2862.6000,2864.0000,2864.4000,2864.6000,2864.8000,2865.0000,1,2,2,2,1,8,3,3,5,1
SF,IH2006,2020-06-17 13:40:43.700,2864.0000,17532,2,11571596880.000,2,2,0,双开,B,2863.6000,2863.4000,2863.2000,2862.6000,2862.4000,2864.0000,2864.4000,2864.6000,2864.8000,2865.0000,2,2,2,1,1,7,3,3,5,1
SF,IH2006,2020-06-17 13:40:45.200,2864.0000,17533,1,11572456080.000,1,1,0,双开,B,2863.6000,2863.4000,2863.2000,2862.6000,2862.4000,2864.0000,2864.4000,2864.6000,2864.8000,2865.0000,2,2,2,1,1,5,3,3,5,1
SF,IH2006,2020-06-17 13:40:45.700,2864.0000,17533,0,11572456080.000,0,-,-,-,-,2863.6000,2863.4000,2863.2000,2862.6000,2862.4000,2864.0000,2864.4000,2864.6000,2864.8000,2865.0000,3,2,2,1,1,5,3,3,5,1
SF,IH2006,2020-06-17 13:40:46.200,2864.0000,17533,0,11572456080.000,0,-,-,-,-,2863.6000,2863.4000,2863.2000,2863.0000,2862.6000,2864.0000,2864.4000,2864.6000,2864.8000,2865.0000,3,2,2,1,1,5,3,3,5,1
SF,IH2006,2020-06-17 13:40:47.200,2864.0000,17533,0,11572456080.000,0,-,-,-,-,2863.6000,2863.4000,2863.2000,2863.0000,2862.6000,2864.0000,2864.4000,2864.6000,2864.8000,2865.0000,3,2,2,1,1,5,3,3,4,1
SF,IH2006,2020-06-17 13:40:47.700,2864.0000,17533,0,11572456080.000,0,-,-,-,-,2863.6000,2863.4000,2863.2000,2863.0000,2862.6000,2864.0000,2864.4000,2864.6000,2864.8000,2865.0000,3,2,2,1,1,6,3,3,4,1
SF,IH2006,2020-06-17 13:40:50.200,2864.0000,17533,0,11572456080.000,0,-,-,-,-,2863.6000,2863.4000,2863.2000,2863.0000,2862.6000,2864.0000,2864.4000,2864.6000,2864.8000,2865.0000,3,2,2,1,1,4,3,3,4,1
SF,IH2006,2020-06-17 13:40:53.700,2863.6000,17532,-1,11573315160.000,1,0,1,双平,B,2863.6000,2863.4000,2863.2000,2863.0000,2862.6000,2864.0000,2864.4000,2864.6000,2864.8000,2865.0000,2,2,2,1,1,4,3,3,4,1
SF,IH2006,2020-06-17 13:40:54.700,2864.0000,17532,0,11574174360.000,1,0,1,空换,B,2863.6000,2863.4000,2863.2000,2863.0000,2862.6000,2864.0000,2864.4000,2864.6000,2864.8000,2865.0000,2,2,2,1,1,3,3,3,4,1
SF,IH2006,2020-06-17 13:40:56.200,2864.0000,17532,0,11574174360.000,0,-,-,-,-,2863.6000,2863.4000,2863.2000,2863.0000,2862.6000,2863.8000,2864.0000,2864.4000,2864.6000,2864.8000,2,2,2,1,1,1,3,3,3,4
SF,IH2006,2020-06-17 13:40:56.700,2864.0000,17532,0,11574174360.000,0,-,-,-,-,2863.6000,2863.4000,2863.2000,2863.0000,2862.6000,2863.8000,2864.0000,2864.4000,2864.6000,2864.8000,2,2,2,1,1,1,3,2,3,4
SF,IH2006,2020-06-17 13:40:58.200,2863.6000,17533,1,11575892520.000,2,1,1,多开,B,2863.4000,2863.2000,2863.0000,2862.6000,2862.4000,2863.6000,2863.8000,2864.0000,2864.4000,2864.6000,2,2,1,1,1,3,1,3,2,3
SF,IH2006,2020-06-17 13:40:58.700,2863.6000,17533,0,11575892520.000,0,-,-,-,-,2863.4000,2863.2000,2863.0000,2862.6000,2862.4000,2863.6000,2863.8000,2864.0000,2864.4000,2864.6000,2,2,1,1,1,3,1,3,2,3
SF,IH2006,2020-06-17 13:40:59.200,2863.6000,17533,0,11575892520.000,0,-,-,-,-,2863.4000,2863.2000,2863.0000,2862.6000,2862.4000,2863.6000,2863.8000,2864.0000,2864.4000,2864.6000,3,2,1,1,1,3,1,3,2,3
SF,IH2006,2020-06-17 13:40:59.700,2863.6000,17533,0,11576751600.000,1,0,1,空换,B,2863.4000,2863.2000,2863.0000,2862.6000,2862.4000,2863.6000,2864.0000,2864.4000,2864.6000,2864.8000,3,2,1,1,1,2,3,2,3,4
SF,IH2006,2020-06-17 13:41:01.700,2863.6000,17533,0,11576751600.000,0,-,-,-,-,2863.4000,2863.2000,2863.0000,2862.6000,2861.4000,2863.6000,2864.0000,2864.4000,2864.6000,2864.8000,3,2,1,1,1,2,3,2,3,4
SF,IH2006,2020-06-17 13:41:02.200,2863.4000,17531,-2,11578469640.000,2,0,2,双平,B,2863.4000,2863.2000,2863.0000,2862.6000,2861.4000,2863.6000,2864.0000,2864.4000,2864.6000,2864.8000,2,2,1,1,1,2,3,2,3,4
SF,IH2006,2020-06-17 13:41:02.700,2863.4000,17533,2,11580187680.000,2,2,0,双开,B,2863.2000,2863.0000,2862.6000,2861.4000,2861.2000,2863.6000,2864.0000,2864.4000,2864.6000,2864.8000,2,1,1,1,3,2,3,2,3,4
SF,IH2006,2020-06-17 13:41:03.200,2863.2000,17535,2,11582764560.000,3,2,1,多开,B,2863.0000,2862.6000,2861.4000,2861.2000,2861.0000,2863.2000,2863.4000,2863.6000,2864.0000,2864.4000,1,1,1,3,4,5,2,2,3,2
SF,IH2006,2020-06-17 13:41:03.700,2863.0000,17535,0,11583623460.000,1,0,1,空换,B,2862.6000,2861.4000,2861.2000,2861.0000,2860.8000,2863.0000,2863.6000,2864.0000,2864.4000,2864.6000,1,1,3,4,1,4,2,2,2,3
SF,IH2006,2020-06-17 13:41:04.200,2863.0000,17535,0,11583623460.000,0,-,-,-,-,2862.8000,2862.6000,2861.6000,2861.4000,2861.2000,2863.6000,2864.0000,2864.4000,2864.6000,2864.8000,1,1,1,1,3,2,2,2,3,4
SF,IH2006,2020-06-17 13:41:04.700,2862.6000,17536,1,11585341080.000,2,1,1,多开,B,2861.6000,2861.4000,2861.2000,2861.0000,2860.8000,2863.0000,2863.2000,2863.4000,2863.6000,2864.0000,1,1,3,4,1,1,1,4,2,2
SF,IH2006,2020-06-17 13:41:05.200,2862.6000,17536,0,11585341080.000,0,-,-,-,-,2862.6000,2862.4000,2862.2000,2862.0000,2861.8000,2862.8000,2863.0000,2863.2000,2863.4000,2863.6000,1,1,7,3,12,1,1,1,2,2
SF,IH2006,2020-06-17 13:41:05.700,2862.8000,17536,0,11586199920.000,1,0,1,空换,B,2862.8000,2862.2000,2861.8000,2861.6000,2861.4000,2863.2000,2863.4000,2863.6000,2864.0000,2864.4000,3,3,9,5,1,1,2,2,2,2
SF,IH2006,2020-06-17 13:41:06.200,2862.8000,17536,0,11586199920.000,0,-,-,-,-,2863.0000,2862.8000,2862.2000,2861.8000,2861.6000,2863.4000,2863.6000,2864.0000,2864.4000,2864.6000,1,2,1,9,3,2,2,2,2,3
SF,IH2006,2020-06-17 13:41:06.700,2863.0000,17537,1,11587058820.000,1,1,0,双开,B,2862.8000,2861.8000,2861.6000,2861.4000,2861.2000,2863.0000,2863.4000,2863.6000,2864.0000,2864.4000,2,9,3,1,3,1,2,2,2,2
SF,IH2006,2020-06-17 13:41:07.200,2863.0000,17537,0,11587058820.000,0,-,-,-,-,2862.8000,2861.8000,2861.6000,2861.4000,2861.2000,2863.4000,2863.6000,2864.0000,2864.4000,2864.6000,2,9,3,1,3,2,2,2,2,3
SF,IH2006,2020-06-17 13:41:08.200,2863.0000,17537,0,11587058820.000,0,-,-,-,-,2862.8000,2861.8000,2861.6000,2861.4000,2861.2000,2863.4000,2863.6000,2863.8000,2864.0000,2864.4000,2,9,3,1,3,2,2,1,2,2
SF,IH2006,2020-06-17 13:41:10.200,2863.0000,17537,0,11587058820.000,0,-,-,-,-,2862.8000,2861.8000,2861.6000,2861.4000,2861.2000,2863.4000,2863.6000,2863.8000,2864.0000,2864.4000,2,9,3,1,3,3,2,1,2,2
SF,IH2006,2020-06-17 13:41:11.700,2863.0000,17537,0,11587058820.000,0,-,-,-,-,2862.8000,2861.8000,2861.6000,2861.4000,2861.2000,2863.4000,2863.6000,2863.8000,2864.0000,2864.4000,3,9,3,1,3,3,2,1,2,2
SF,IH2006,2020-06-17 13:41:12.200,2863.0000,17537,0,11587058820.000,0,-,-,-,-,2863.0000,2862.8000,2861.8000,2861.6000,2861.4000,2863.4000,2863.6000,2863.8000,2864.0000,2864.4000,2,3,7,3,1,3,2,1,2,2
SF,IH2006,2020-06-17 13:41:12.700,2863.0000,17537,0,11587058820.000,0,-,-,-,-,2863.2000,2863.0000,2862.8000,2861.8000,2861.6000,2863.4000,2863.6000,2863.8000,2864.0000,2864.4000,2,2,2,6,3,3,2,1,2,2
SF,IH2006,2020-06-17 13:41:13.200,2863.2000,17538,1,11588776740.000,2,1,1,多开,B,2863.0000,2862.8000,2861.8000,2861.6000,2861.4000,2863.2000,2863.4000,2863.6000,2863.8000,2864.0000,2,2,6,3,1,2,3,3,1,2
SF,IH2006,2020-06-17 13:41:13.700,2863.2000,17538,0,11588776740.000,0,-,-,-,-,2863.0000,2862.8000,2861.8000,2861.6000,2861.4000,2863.4000,2863.6000,2863.8000,2864.0000,2864.4000,1,2,6,3,1,3,3,1,2,2
SF,IH2006,2020-06-17 13:41:16.200,2863.2000,17538,0,11588776740.000,0,-,-,-,-,2863.0000,2862.8000,2861.8000,2861.6000,2861.4000,2863.4000,2863.6000,2863.8000,2864.0000,2864.4000,1,2,6,3,1,3,3,1,3,2
SF,IH2006,2020-06-17 13:41:17.700,2863.0000,17537,-1,11589635640.000,1,0,1,双平,B,2862.8000,2861.8000,2861.6000,2861.4000,2861.2000,2863.4000,2863.6000,2863.8000,2864.0000,2864.4000,2,6,3,1,3,2,3,1,3,2
SF,IH2006,2020-06-17 13:41:18.700,2863.2000,17537,0,11590494600.000,1,0,1,空换,B,2862.8000,2861.8000,2861.6000,2861.4000,2861.2000,2863.4000,2863.6000,2863.8000,2864.0000,2864.4000,2,6,3,1,3,2,3,1,3,2
SF,IH2006,2020-06-17 13:41:24.700,2863.2000,17537,0,11590494600.000,0,-,-,-,-,2862.8000,2861.8000,2861.6000,2861.4000,2861.2000,2863.2000,2863.4000,2863.6000,2863.8000,2864.0000,2,6,3,1,3,1,2,3,1,3
SF,IH2006,2020-06-17 13:41:25.700,2863.2000,17537,0,11590494600.000,0,-,-,-,-,2863.0000,2862.8000,2861.8000,2861.6000,2861.4000,2863.2000,2863.4000,2863.6000,2863.8000,2864.0000,1,2,6,3,1,1,2,3,1,3
SF,IH2006,2020-06-17 13:41:26.200,2863.0000,17537,0,11591353500.000,1,0,1,空换,B,2862.8000,2861.8000,2861.6000,2861.4000,2861.2000,2863.0000,2863.2000,2863.4000,2863.6000,2863.8000,2,6,3,1,3,1,1,2,3,1
SF,IH2006,2020-06-17 13:41:27.700,2863.0000,17537,0,11591353500.000,0,-,-,-,-,2862.8000,2861.8000,2861.6000,2861.4000,2861.2000,2863.0000,2863.2000,2863.4000,2863.6000,2863.8000,2,6,3,1,3,1,1,2,3,1
SF,IH2006,2020-06-17 13:41:30.700,2863.0000,17537,0,11591353500.000,0,-,-,-,-,2862.8000,2861.8000,2861.6000,2861.4000,2861.2000,2863.0000,2863.2000,2863.4000,2863.6000,2863.8000,1,6,3,1,3,1,1,2,3,1
SF,IH2006,2020-06-17 13:41:31.700,2863.0000,17538,1,11593071240.000,2,1,1,多开,B,2863.0000,2861.8000,2861.6000,2861.4000,2861.2000,2863.2000,2863.4000,2863.6000,2863.8000,2864.0000,1,6,3,1,3,1,2,3,1,3
SF,IH2006,2020-06-17 13:41:32.200,2863.0000,17539,1,11593930140.000,1,1,0,双开,B,2861.8000,2861.6000,2861.4000,2861.2000,2861.0000,2863.0000,2863.2000,2863.4000,2863.6000,2863.8000,6,2,1,3,4,3,1,2,3,1
SF,IH2006,2020-06-17 13:41:32.700,2863.0000,17539,0,11593930140.000,0,-,-,-,-,2862.6000,2862.4000,2862.2000,2862.0000,2861.8000,2863.0000,2863.2000,2863.4000,2863.6000,2863.8000,9,4,6,8,8,1,1,2,3,1
SF,IH2006,2020-06-17 13:41:33.200,2863.0000,17539,0,11593930140.000,0,-,-,-,-,2862.4000,2862.2000,2862.0000,2861.8000,2861.4000,2863.0000,2863.2000,2863.4000,2863.6000,2863.8000,4,3,7,8,1,2,1,2,3,1
SF,IH2006,2020-06-17 13:41:33.700,2863.0000,17539,0,11593930140.000,0,-,-,-,-,2862.6000,2862.4000,2862.2000,2862.0000,2861.8000,2863.0000,2863.2000,2863.4000,2863.6000,2863.8000,1,3,3,7,8,2,1,2,3,1
SF,IH2006,2020-06-17 13:41:34.200,2863.0000,17539,0,11594789040.000,1,0,1,空换,B,2862.6000,2862.4000,2862.2000,2862.0000,2861.8000,2863.0000,2863.2000,2863.4000,2863.6000,2863.8000,1,3,3,7,8,2,1,2,3,1
SF,IH2006,2020-06-17 13:41:34.700,2863.0000,17539,0,11594789040.000,0,-,-,-,-,2862.8000,2862.4000,2862.2000,2862.0000,2861.8000,2863.0000,2863.2000,2863.4000,2863.6000,2863.8000,1,3,3,7,8,2,1,2,3,1
SF,IH2006,2020-06-17 13:41:35.700,2863.0000,17539,0,11594789040.000,0,-,-,-,-,2862.4000,2862.2000,2862.0000,2861.8000,2861.4000,2863.0000,2863.2000,2863.4000,2863.6000,2863.8000,3,3,5,8,1,2,1,2,3,1
SF,IH2006,2020-06-17 13:41:36.200,2863.0000,17539,0,11595647940.000,1,0,1,空换,B,2862.8000,2862.6000,2862.4000,2862.2000,2862.0000,2863.0000,2863.2000,2863.4000,2863.6000,2863.8000,2,1,4,2,5,1,1,2,3,1
SF,IH2006,2020-06-17 13:41:36.700,2863.0000,17539,0,11595647940.000,0,-,-,-,-,2862.6000,2862.4000,2862.2000,2862.0000,2861.8000,2863.0000,2863.2000,2863.4000,2863.6000,2863.8000,3,4,2,3,8,1,1,2,3,1
SF,IH2006,2020-06-17 13:41:37.200,2863.0000,17539,0,11595647940.000,0,-,-,-,-,2862.6000,2862.4000,2862.2000,2862.0000,2861.8000,2863.0000,2863.2000,2863.4000,2863.6000,2863.8000,4,3,2,3,8,1,1,2,3,1
SF,IH2006,2020-06-17 13:41:38.200,2863.0000,17539,0,11595647940.000,0,-,-,-,-,2862.6000,2862.4000,2862.2000,2862.0000,2861.8000,2863.0000,2863.4000,2863.6000,2863.8000,2864.0000,4,3,2,4,8,1,2,3,1,3
SF,IH2006,2020-06-17 13:41:38.700,2863.0000,17539,0,11595647940.000,0,-,-,-,-,2862.6000,2862.4000,2862.2000,2862.0000,2861.8000,2863.0000,2863.4000,2863.6000,2863.8000,2864.0000,4,3,2,2,8,1,2,3,1,3
SF,IH2006,2020-06-17 13:41:39.200,2863.0000,17539,0,11596506840.000,1,0,1,空换,B,2862.6000,2862.4000,2862.2000,2862.0000,2861.8000,2863.4000,2863.6000,2863.8000,2864.0000,2864.4000,3,3,2,2,8,2,2,1,3,2
SF,IH2006,2020-06-17 13:41:39.700,2863.0000,17539,0,11596506840.000,0,-,-,-,-,2862.6000,2862.4000,2862.2000,2862.0000,2861.8000,2863.2000,2863.4000,2863.6000,2863.8000,2864.0000,3,3,2,2,8,1,2,2,1,3
SF,IH2006,2020-06-17 13:41:40.200,2863.0000,17539,0,11596506840.000,0,-,-,-,-,2862.6000,2862.4000,2862.2000,2862.0000,2861.8000,2863.2000,2863.4000,2863.6000,2863.8000,2864.0000,3,3,2,2,9,1,2,2,1,3
SF,IH2006,2020-06-17 13:41:40.700,2863.0000,17539,0,11596506840.000,0,-,-,-,-,2862.6000,2862.4000,2862.2000,2862.0000,2861.8000,2863.2000,2863.4000,2863.6000,2863.8000,2864.0000,2,3,2,2,9,1,2,2,1,3
SF,IH2006,2020-06-17 13:41:41.200,2863.0000,17539,0,11596506840.000,0,-,-,-,-,2862.8000,2862.6000,2862.4000,2862.2000,2862.0000,2863.2000,2863.4000,2863.6000,2863.8000,2864.0000,1,2,3,2,2,1,2,2,1,3
SF,IH2006,2020-06-17 13:41:42.200,2862.6000,17540,1,11598224460.000,2,1,1,多开,B,2862.6000,2862.4000,2862.2000,2862.0000,2861.8000,2863.2000,2863.4000,2863.6000,2863.8000,2864.0000,1,3,2,2,9,1,2,2,1,3
SF,IH2006,2020-06-17 13:41:42.700,2862.6000,17540,0,11598224460.000,0,-,-,-,-,2862.4000,2862.2000,2862.0000,2861.8000,2861.4000,2863.2000,2863.4000,2863.6000,2863.8000,2864.0000,3,2,2,9,1,1,2,2,1,3
SF,IH2006,2020-06-17 13:41:43.200,2862.6000,17540,0,11598224460.000,0,-,-,-,-,2862.4000,2862.2000,2862.0000,2861.8000,2861.4000,2863.2000,2863.4000,2863.6000,2863.8000,2864.0000,4,2,2,9,1,1,2,2,1,3
SF,IH2006,2020-06-17 13:41:43.700,2862.6000,17540,0,11598224460.000,0,-,-,-,-,2862.4000,2862.2000,2862.0000,2861.8000,2861.4000,2863.2000,2863.4000,2863.6000,2863.8000,2864.0000,4,2,2,9,1,1,2,2,1,3
SF,IH2006,2020-06-17 13:41:45.200,2862.4000,17542,2,11599941900.000,2,2,0,双开,B,2862.4000,2862.2000,2862.0000,2861.8000,2861.4000,2863.2000,2863.4000,2863.6000,2863.8000,2864.0000,2,2,2,9,1,1,2,2,1,3
SF,IH2006,2020-06-17 13:41:45.700,2862.4000,17543,1,11601659340.000,2,1,1,多开,B,2862.2000,2862.0000,2861.8000,2861.4000,2861.2000,2863.0000,2863.2000,2863.4000,2863.6000,2863.8000,2,2,9,1,3,2,1,2,2,1
SF,IH2006,2020-06-17 13:41:46.200,2862.4000,17543,0,11601659340.000,0,-,-,-,-,2862.2000,2862.0000,2861.8000,2861.4000,2861.2000,2862.8000,2863.0000,2863.2000,2863.4000,2863.6000,2,2,9,1,3,1,1,1,2,2
SF,IH2006,2020-06-17 13:41:46.700,2862.4000,17543,0,11601659340.000,0,-,-,-,-,2862.2000,2862.0000,2861.8000,2861.4000,2861.2000,2862.8000,2863.0000,2863.2000,2863.4000,2863.6000,2,2,8,1,3,3,1,1,1,2
SF,IH2006,2020-06-17 13:41:47.200,2862.4000,17543,0,11601659340.000,0,-,-,-,-,2862.2000,2862.0000,2861.8000,2861.4000,2861.2000,2862.8000,2863.0000,2863.2000,2863.4000,2863.6000,1,2,8,1,3,4,1,1,1,2
SF,IH2006,2020-06-17 13:41:47.700,2862.4000,17543,0,11601659340.000,0,-,-,-,-,2862.2000,2862.0000,2861.8000,2861.4000,2861.2000,2862.8000,2863.0000,2863.2000,2863.4000,2863.6000,1,2,8,2,3,4,1,1,1,2
SF,IH2006,2020-06-17 13:41:49.200,2862.4000,17543,0,11601659340.000,0,-,-,-,-,2862.6000,2862.2000,2862.0000,2861.8000,2861.4000,2862.8000,2863.0000,2863.2000,2863.4000,2863.6000,1,1,2,8,2,4,1,1,1,2
SF,IH2006,2020-06-17 13:41:49.700,2862.6000,17543,0,11602518120.000,1,0,1,空换,B,2862.2000,2862.0000,2861.8000,2861.6000,2861.4000,2862.6000,2862.8000,2863.0000,2863.2000,2863.4000,1,2,8,1,2,7,4,1,1,1
SF,IH2006,2020-06-17 13:41:50.200,2862.6000,17543,0,11602518120.000,0,-,-,-,-,2862.2000,2862.0000,2861.8000,2861.6000,2861.4000,2862.6000,2862.8000,2863.0000,2863.2000,2863.4000,1,2,8,1,2,2,4,1,1,1
SF,IH2006,2020-06-17 13:41:52.200,2862.6000,17543,0,11602518120.000,0,-,-,-,-,2862.4000,2862.2000,2862.0000,2861.8000,2861.6000,2862.6000,2862.8000,2863.0000,2863.2000,2863.4000,1,1,2,8,1,2,4,1,1,1
SF,IH2006,2020-06-17 13:41:52.700,2862.6000,17543,0,11602518120.000,0,-,-,-,-,2862.4000,2862.2000,2862.0000,2861.8000,2861.6000,2862.6000,2862.8000,2863.0000,2863.2000,2863.4000,1,1,2,8,1,2,4,1,1,1
SF,IH2006,2020-06-17 13:41:53.200,2862.6000,17543,0,11602518120.000,0,-,-,-,-,2862.4000,2862.2000,2862.0000,2861.8000,2861.6000,2862.6000,2862.8000,2863.0000,2863.2000,2863.4000,1,1,2,8,1,2,4,1,1,1
SF,IH2006,2020-06-17 13:41:54.700,2862.6000,17543,0,11602518120.000,0,-,-,-,-,2862.4000,2862.2000,2862.0000,2861.8000,2861.6000,2862.6000,2862.8000,2863.0000,2863.2000,2863.4000,1,1,2,8,1,2,4,1,1,1
SF,IH2006,2020-06-17 13:41:55.200,2862.6000,17543,0,11602518120.000,0,-,-,-,-,2862.2000,2862.0000,2861.8000,2861.6000,2861.4000,2862.6000,2862.8000,2863.0000,2863.2000,2863.4000,1,2,8,1,2,2,4,1,1,1
SF,IH2006,2020-06-17 13:41:55.700,2862.6000,17543,0,11602518120.000,0,-,-,-,-,2862.2000,2862.0000,2861.8000,2861.6000,2861.4000,2862.6000,2862.8000,2863.0000,2863.2000,2863.4000,1,2,8,1,2,1,4,1,1,1
SF,IH2006,2020-06-17 13:41:56.200,2862.6000,17543,0,11602518120.000,0,-,-,-,-,2862.4000,2862.2000,2862.0000,2861.8000,2861.6000,2862.6000,2862.8000,2863.0000,2863.2000,2863.4000,1,1,2,8,1,1,4,1,1,1
SF,IH2006,2020-06-17 13:41:56.700,2862.6000,17543,0,11602518120.000,0,-,-,-,-,2862.6000,2862.4000,2862.2000,2862.0000,2861.8000,2862.8000,2863.0000,2863.2000,2863.4000,2863.6000,1,1,1,2,8,4,1,1,1,2
SF,IH2006,2020-06-17 13:41:57.200,2862.6000,17543,0,11603376900.000,1,0,1,空换,B,2862.4000,2862.2000,2862.0000,2861.8000,2861.6000,2862.8000,2863.0000,2863.2000,2863.4000,2863.6000,1,1,2,8,1,4,1,1,1,2
SF,IH2006,2020-06-17 13:41:58.200,2862.6000,17543,0,11603376900.000,0,-,-,-,-,2862.4000,2862.2000,2862.0000,2861.8000,2861.6000,2862.8000,2863.0000,2863.2000,2863.4000,2863.6000,1,1,2,8,1,3,1,1,1,2
SF,IH2006,2020-06-17 13:41:58.700,2862.6000,17543,0,11603376900.000,0,-,-,-,-,2862.4000,2862.2000,2862.0000,2861.8000,2861.6000,2862.8000,2863.0000,2863.2000,2863.4000,2863.6000,1,1,2,8,1,1,1,1,1,2
SF,IH2006,2020-06-17 13:41:59.200,2862.6000,17543,0,11603376900.000,0,-,-,-,-,2862.2000,2862.0000,2861.8000,2861.6000,2861.4000,2862.8000,2863.0000,2863.2000,2863.4000,2863.6000,1,2,8,1,2,1,1,1,1,2
SF,IH2006,2020-06-17 13:41:59.700,2862.6000,17543,0,11603376900.000,0,-,-,-,-,2862.6000,2862.4000,2862.2000,2862.0000,2861.8000,2862.8000,2863.0000,2863.2000,2863.4000,2863.6000,1,1,2,2,8,1,1,1,1,2
SF,IH2006,2020-06-17 13:42:00.200,2862.8000,17543,0,11604235740.000,1,0,1,空换,B,2862.6000,2862.4000,2862.2000,2862.0000,2861.8000,2863.0000,2863.2000,2863.4000,2863.6000,2863.8000,1,1,2,3,8,1,1,1,2,1
SF,IH2006,2020-06-17 13:42:01.700,2862.4000,17544,1,11605953240.000,2,1,1,多开,B,2862.2000,2862.0000,2861.8000,2861.6000,2861.4000,2863.0000,2863.2000,2863.4000,2863.6000,2863.8000,2,3,8,1,2,1,1,1,2,1
SF,IH2006,2020-06-17 13:42:02.200,2862.4000,17544,0,11605953240.000,0,-,-,-,-,2862.6000,2862.4000,2862.2000,2862.0000,2861.8000,2862.8000,2863.0000,2863.2000,2863.4000,2863.6000,1,1,2,3,8,1,1,1,1,2
SF,IH2006,2020-06-17 13:42:03.200,2862.8000,17545,1,11606812080.000,1,1,0,双开,B,2862.4000,2862.2000,2862.0000,2861.8000,2861.6000,2863.0000,2863.2000,2863.4000,2863.6000,2863.8000,1,2,3,8,1,1,1,1,2,1
SF,IH2006,2020-06-17 13:42:03.700,2862.8000,17545,0,11606812080.000,0,-,-,-,-,2862.4000,2862.2000,2862.0000,2861.8000,2861.6000,2863.0000,2863.2000,2863.4000,2863.6000,2863.8000,2,1,3,8,1,1,1,1,2,1
SF,IH2006,2020-06-17 13:42:04.200,2862.8000,17545,0,11606812080.000,0,-,-,-,-,2862.4000,2862.2000,2862.0000,2861.8000,2861.6000,2863.0000,2863.2000,2863.4000,2863.6000,2863.8000,2,1,3,8,1,1,2,1,2,1
SF,IH2006,2020-06-17 13:42:05.700,2862.8000,17545,0,11606812080.000,0,-,-,-,-,2862.6000,2862.4000,2862.2000,2862.0000,2861.8000,2863.0000,2863.2000,2863.4000,2863.6000,2863.8000,1,1,1,3,8,2,2,1,2,1
SF,IH2006,2020-06-17 13:42:15.200,2862.8000,17545,0,11606812080.000,0,-,-,-,-,2862.8000,2862.6000,2862.4000,2862.2000,2862.0000,2863.0000,2863.2000,2863.4000,2863.6000,2863.8000,1,1,1,1,3,2,2,1,2,1
SF,IH2006,2020-06-17 13:42:18.200,2862.6000,17547,2,11608529700.000,2,2,0,双开,B,2862.4000,2862.2000,2862.0000,2861.8000,2861.6000,2863.0000,2863.2000,2863.4000,2863.6000,2863.8000,1,1,3,8,1,2,2,1,2,1
SF,IH2006,2020-06-17 13:42:18.700,2863.0000,17548,1,11610247500.000,2,1,1,多开,B,2863.0000,2862.6000,2862.4000,2862.2000,2862.0000,2863.2000,2863.4000,2863.6000,2863.8000,2864.0000,2,1,1,1,3,2,1,2,1,1
SF,IH2006,2020-06-17 13:42:19.200,2863.0000,17548,0,11610247500.000,0,-,-,-,-,2862.6000,2862.4000,2862.2000,2862.0000,2861.8000,2863.0000,2863.2000,2863.4000,2863.6000,2863.8000,1,1,1,3,8,2,2,1,2,1
SF,IH2006,2020-06-17 13:42:19.700,2863.0000,17548,0,11611965300.000,2,1,1,空换,B,2862.6000,2862.4000,2862.2000,2862.0000,2861.8000,2863.2000,2863.4000,2863.6000,2863.8000,2864.0000,2,1,1,3,8,2,1,2,1,1
SF,IH2006,2020-06-17 13:42:20.200,2863.0000,17548,0,11611965300.000,0,-,-,-,-,2862.6000,2862.4000,2862.2000,2862.0000,2861.8000,2863.2000,2863.4000,2863.6000,2863.8000,2864.0000,2,1,1,3,8,1,1,2,1,1
SF,IH2006,2020-06-17 13:42:20.700,2863.0000,17548,0,11611965300.000,0,-,-,-,-,2862.6000,2862.4000,2862.2000,2862.0000,2861.8000,2863.2000,2863.4000,2863.6000,2863.8000,2864.0000,2,1,1,3,8,2,1,2,1,1
SF,IH2006,2020-06-17 13:42:21.200,2863.0000,17548,0,11611965300.000,0,-,-,-,-,2862.8000,2862.6000,2862.2000,2862.0000,2861.8000,2863.2000,2863.4000,2863.6000,2863.8000,2864.0000,1,2,1,3,8,1,1,2,1,1
SF,IH2006,2020-06-17 13:42:23.200,2863.0000,17548,0,11611965300.000,0,-,-,-,-,2862.8000,2862.6000,2862.0000,2861.8000,2861.6000,2863.2000,2863.4000,2863.6000,2863.8000,2864.0000,1,2,3,8,1,1,1,2,1,1
SF,IH2006,2020-06-17 13:42:23.700,2863.0000,17548,0,11611965300.000,0,-,-,-,-,2862.6000,2862.0000,2861.8000,2861.6000,2861.4000,2862.8000,2863.2000,2863.4000,2863.6000,2863.8000,2,3,8,1,2,1,1,1,2,1
SF,IH2006,2020-06-17 13:42:24.700,2862.8000,17547,-1,11612824140.000,1,0,1,双平,B,2862.6000,2862.0000,2861.8000,2861.6000,2861.4000,2863.2000,2863.4000,2863.6000,2863.8000,2864.0000,2,3,8,1,2,1,1,2,1,1
SF,IH2006,2020-06-17 13:42:25.200,2862.8000,17547,0,11612824140.000,0,-,-,-,-,2862.6000,2862.0000,2861.8000,2861.6000,2861.4000,2863.2000,2863.4000,2863.6000,2863.8000,2864.0000,2,3,8,1,2,2,1,2,1,1
SF,IH2006,2020-06-17 13:42:27.200,2862.8000,17547,0,11612824140.000,0,-,-,-,-,2862.6000,2862.0000,2861.8000,2861.6000,2861.4000,2863.0000,2863.2000,2863.4000,2863.6000,2863.8000,2,3,8,1,2,1,2,1,2,1
SF,IH2006,2020-06-17 13:42:27.700,2862.8000,17547,0,11612824140.000,0,-,-,-,-,2862.8000,2862.6000,2862.0000,2861.8000,2861.6000,2863.2000,2863.4000,2863.6000,2863.8000,2864.0000,1,2,3,8,1,1,1,2,1,1
SF,IH2006,2020-06-17 13:42:28.200,2862.8000,17547,0,11612824140.000,0,-,-,-,-,2862.6000,2862.0000,2861.8000,2861.6000,2861.4000,2863.2000,2863.4000,2863.6000,2863.8000,2864.0000,2,3,8,1,2,2,1,2,1,1
SF,IH2006,2020-06-17 13:42:28.700,2862.6000,17548,1,11613682920.000,1,1,0,双开,B,2862.6000,2862.0000,2861.8000,2861.6000,2861.4000,2863.2000,2863.4000,2863.6000,2863.8000,2864.0000,1,3,8,1,2,2,1,2,1,1
SF,IH2006,2020-06-17 13:42:29.200,2862.6000,17548,0,11613682920.000,0,-,-,-,-,2862.6000,2862.0000,2861.8000,2861.6000,2861.4000,2863.2000,2863.4000,2863.6000,2863.8000,2864.0000,1,3,8,1,2,2,1,2,1,1
SF,IH2006,2020-06-17 13:42:29.700,2863.0000,17548,0,11614541820.000,1,0,1,空换,B,2862.6000,2862.0000,2861.8000,2861.6000,2861.4000,2863.2000,2863.4000,2863.6000,2863.8000,2864.0000,1,3,8,1,2,2,1,2,1,1
SF,IH2006,2020-06-17 13:42:30.200,2863.0000,17548,0,11614541820.000,0,-,-,-,-,2862.6000,2862.0000,2861.8000,2861.6000,2861.4000,2863.2000,2863.4000,2863.6000,2863.8000,2864.0000,1,3,8,1,2,2,1,2,1,1
SF,IH2006,2020-06-17 13:42:35.200,2863.0000,17548,0,11614541820.000,0,-,-,-,-,2862.8000,2862.6000,2862.0000,2861.8000,2861.6000,2863.2000,2863.4000,2863.6000,2863.8000,2864.0000,1,1,3,8,1,2,1,2,1,1
SF,IH2006,2020-06-17 13:42:36.200,2863.0000,17548,0,11614541820.000,0,-,-,-,-,2863.0000,2862.6000,2862.0000,2861.8000,2861.6000,2863.2000,2863.4000,2863.6000,2863.8000,2864.0000,1,1,3,8,1,2,1,2,1,1
SF,IH2006,2020-06-17 13:42:36.700,2863.0000,17549,1,11615400720.000,1,1,0,双开,B,2862.6000,2862.0000,2861.8000,2861.6000,2861.4000,2863.0000,2863.2000,2863.4000,2863.6000,2863.8000,1,3,8,1,2,7,3,1,2,1
SF,IH2006,2020-06-17 13:42:37.200,2863.0000,17549,0,11615400720.000,0,-,-,-,-,2862.6000,2862.0000,2861.8000,2861.6000,2861.4000,2862.8000,2863.0000,2863.2000,2863.4000,2863.6000,1,3,8,1,2,2,8,3,1,2
SF,IH2006,2020-06-17 13:42:37.700,2862.6000,17548,-1,11616259500.000,1,0,1,双平,B,2862.0000,2861.8000,2861.6000,2861.4000,2861.2000,2862.8000,2863.0000,2863.2000,2863.4000,2863.6000,3,8,1,2,5,2,8,3,1,2
SF,IH2006,2020-06-17 13:42:38.200,2862.6000,17548,0,11616259500.000,0,-,-,-,-,2862.2000,2862.0000,2861.8000,2861.6000,2861.4000,2862.8000,2863.0000,2863.2000,2863.4000,2863.6000,6,3,7,1,2,2,8,3,1,2
SF,IH2006,2020-06-17 13:42:39.200,2862.6000,17548,0,11616259500.000,0,-,-,-,-,2862.2000,2862.0000,2861.8000,2861.6000,2861.4000,2862.6000,2862.8000,2863.0000,2863.2000,2863.4000,6,3,7,1,2,1,2,8,3,1
SF,IH2006,2020-06-17 13:42:39.700,2862.6000,17548,0,11616259500.000,0,-,-,-,-,2862.2000,2862.0000,2861.8000,2861.6000,2861.4000,2862.4000,2862.6000,2862.8000,2863.0000,2863.2000,4,3,7,1,2,1,2,1,7,3
SF,IH2006,2020-06-17 13:42:40.200,2862.6000,17548,0,11616259500.000,0,-,-,-,-,2862.2000,2862.0000,2861.8000,2861.6000,2861.4000,2862.4000,2862.6000,2862.8000,2863.0000,2863.2000,3,3,6,1,2,1,2,1,7,3
SF,IH2006,2020-06-17 13:42:41.200,2862.4000,17549,1,11617118220.000,1,1,0,双开,B,2862.2000,2862.0000,2861.8000,2861.6000,2861.4000,2862.6000,2862.8000,2863.0000,2863.2000,2863.6000,2,3,6,1,2,2,1,7,3,2
SF,IH2006,2020-06-17 13:42:42.200,2862.2000,17550,1,11617976880.000,1,1,0,双开,B,2862.2000,2862.0000,2861.8000,2861.6000,2861.4000,2862.6000,2862.8000,2863.0000,2863.2000,2863.6000,1,3,6,1,2,2,1,7,3,2
SF,IH2006,2020-06-17 13:42:45.200,2862.2000,17550,0,11618835540.000,1,0,1,空换,B,2862.0000,2861.8000,2861.6000,2861.4000,2861.2000,2862.6000,2862.8000,2863.0000,2863.2000,2863.6000,3,6,1,2,5,2,1,7,3,2
SF,IH2006,2020-06-17 13:42:45.700,2862.2000,17550,0,11618835540.000,0,-,-,-,-,2862.0000,2861.8000,2861.6000,2861.4000,2861.2000,2862.6000,2862.8000,2863.0000,2863.2000,2863.6000,4,4,1,2,5,2,1,7,3,2
SF,IH2006,2020-06-17 13:42:46.200,2862.2000,17550,0,11618835540.000,0,-,-,-,-,2862.0000,2861.8000,2861.6000,2861.4000,2861.2000,2862.6000,2862.8000,2863.0000,2863.2000,2863.6000,4,4,1,2,5,3,1,7,3,2
SF,IH2006,2020-06-17 13:42:47.200,2862.2000,17550,0,11618835540.000,0,-,-,-,-,2862.0000,2861.8000,2861.6000,2861.4000,2861.2000,2862.6000,2862.8000,2863.0000,2863.2000,2863.6000,4,4,1,2,5,3,1,6,3,2
SF,IH2006,2020-06-17 13:42:47.700,2862.2000,17550,0,11618835540.000,0,-,-,-,-,2862.4000,2862.0000,2861.8000,2861.6000,2861.4000,2862.6000,2862.8000,2863.0000,2863.2000,2863.6000,1,4,4,1,2,3,1,6,3,2
SF,IH2006,2020-06-17 13:42:48.200,2862.2000,17550,0,11618835540.000,0,-,-,-,-,2862.4000,2862.0000,2861.8000,2861.6000,2861.4000,2862.6000,2862.8000,2863.0000,2863.2000,2863.6000,1,4,4,1,2,4,1,6,3,2
SF,IH2006,2020-06-17 13:42:48.700,2862.6000,17551,1,11620553100.000,2,1,1,多开,B,2862.0000,2861.8000,2861.6000,2861.4000,2861.2000,2862.6000,2862.8000,2863.0000,2863.2000,2863.6000,4,4,1,2,5,2,1,6,3,2
SF,IH2006,2020-06-17 13:42:49.200,2862.6000,17551,0,11620553100.000,0,-,-,-,-,2862.0000,2861.8000,2861.6000,2861.4000,2861.2000,2862.6000,2862.8000,2863.0000,2863.2000,2863.6000,4,1,1,2,5,2,1,6,3,2
SF,IH2006,2020-06-17 13:42:49.700,2862.6000,17551,0,11620553100.000,0,-,-,-,-,2862.0000,2861.8000,2861.6000,2861.4000,2861.2000,2862.4000,2862.6000,2862.8000,2863.0000,2863.2000,4,1,1,2,5,1,2,1,6,3
SF,IH2006,2020-06-17 13:42:51.200,2862.4000,17551,0,11621411820.000,1,0,1,空换,B,2862.0000,2861.8000,2861.6000,2861.4000,2861.2000,2862.6000,2862.8000,2863.0000,2863.2000,2863.6000,4,1,1,2,5,2,1,6,3,2
SF,IH2006,2020-06-17 13:42:51.700,2862.4000,17551,0,11621411820.000,0,-,-,-,-,2862.0000,2861.8000,2861.6000,2861.4000,2861.2000,2862.6000,2862.8000,2863.0000,2863.2000,2863.6000,4,1,1,2,5,2,1,6,2,2
SF,IH2006,2020-06-17 13:42:52.200,2862.4000,17551,0,11621411820.000,0,-,-,-,-,2862.2000,2862.0000,2861.8000,2861.6000,2861.4000,2862.6000,2862.8000,2863.0000,2863.2000,2863.6000,2,4,1,1,2,1,1,6,2,2
SF,IH2006,2020-06-17 13:42:52.700,2862.6000,17551,0,11622270600.000,1,0,1,空换,B,2862.2000,2862.0000,2861.8000,2861.6000,2861.4000,2862.8000,2863.0000,2863.2000,2863.6000,2863.8000,3,3,1,1,2,1,4,2,2,1
SF,IH2006,2020-06-17 13:42:53.200,2862.6000,17551,0,11622270600.000,0,-,-,-,-,2862.2000,2862.0000,2861.8000,2861.6000,2861.4000,2863.0000,2863.2000,2863.6000,2863.8000,2864.0000,3,3,1,1,2,3,2,2,1,1
SF,IH2006,2020-06-17 13:42:53.700,2862.6000,17551,0,11622270600.000,0,-,-,-,-,2862.6000,2862.4000,2862.2000,2862.0000,2861.8000,2862.8000,2863.2000,2863.6000,2863.8000,2864.0000,1,9,3,2,1,1,2,2,1,1
SF,IH2006,2020-06-17 13:42:54.200,2862.8000,17552,1,11623129440.000,1,1,0,双开,B,2862.8000,2862.6000,2862.4000,2862.2000,2862.0000,2863.2000,2863.6000,2863.8000,2864.0000,2864.4000,6,1,6,2,2,2,2,1,1,2
SF,IH2006,2020-06-17 13:42:54.700,2862.8000,17552,0,11623129440.000,0,-,-,-,-,2863.0000,2862.8000,2862.4000,2862.2000,2862.0000,2863.2000,2863.6000,2863.8000,2864.0000,2864.4000,1,1,5,2,2,2,2,1,1,2
SF,IH2006,2020-06-17 13:42:55.200,2863.0000,17552,0,11623988340.000,1,0,1,空换,B,2862.4000,2862.2000,2862.0000,2861.8000,2861.6000,2863.0000,2863.2000,2863.6000,2863.8000,2864.0000,5,2,2,1,1,1,2,2,1,1
SF,IH2006,2020-06-17 13:42:55.700,2863.0000,17552,0,11623988340.000,0,-,-,-,-,2862.6000,2862.4000,2862.2000,2862.0000,2861.8000,2863.2000,2863.6000,2863.8000,2864.0000,2864.4000,4,5,1,2,1,2,2,1,1,2
SF,IH2006,2020-06-17 13:42:56.700,2863.0000,17552,0,11623988340.000,0,-,-,-,-,2863.0000,2862.8000,2862.6000,2862.4000,2862.2000,2863.2000,2863.6000,2863.8000,2864.0000,2864.4000,1,3,4,5,1,2,2,1,1,2
SF,IH2006,2020-06-17 13:42:57.200,2863.0000,17552,0,11624847240.000,1,0,1,空换,B,2862.8000,2862.6000,2862.4000,2862.2000,2862.0000,2863.2000,2863.6000,2863.8000,2864.0000,2864.4000,3,3,5,1,2,2,2,1,1,2
SF,IH2006,2020-06-17 13:42:58.700,2863.0000,17552,0,11624847240.000,0,-,-,-,-,2862.8000,2862.6000,2862.4000,2862.2000,2862.0000,2863.2000,2863.6000,2863.8000,2864.0000,2864.4000,3,3,5,1,2,2,2,2,1,2
SF,IH2006,2020-06-17 13:43:00.200,2863.0000,17552,0,11624847240.000,0,-,-,-,-,2863.0000,2862.8000,2862.6000,2862.4000,2862.2000,2863.2000,2863.6000,2863.8000,2864.0000,2864.4000,1,3,3,5,1,2,2,2,1,2
SF,IH2006,2020-06-17 13:43:00.700,2863.0000,17552,0,11625706140.000,1,0,1,空换,B,2863.0000,2862.8000,2862.6000,2862.4000,2862.2000,2863.2000,2863.6000,2863.8000,2864.0000,2864.4000,1,3,3,5,1,2,2,2,1,2
SF,IH2006,2020-06-17 13:43:01.700,2863.0000,17552,0,11625706140.000,0,-,-,-,-,2863.0000,2862.8000,2862.6000,2862.4000,2862.2000,2863.2000,2863.6000,2863.8000,2864.0000,2864.4000,1,3,3,5,1,2,2,1,1,2
SF,IH2006,2020-06-17 13:43:02.200,2863.0000,17552,0,11625706140.000,0,-,-,-,-,2863.0000,2862.8000,2862.6000,2862.4000,2862.2000,2863.2000,2863.6000,2863.8000,2864.0000,2864.4000,2,3,3,5,1,2,2,1,1,2
SF,IH2006,2020-06-17 13:43:03.200,2863.0000,17552,0,11625706140.000,0,-,-,-,-,2863.0000,2862.8000,2862.6000,2862.4000,2862.2000,2863.2000,2863.6000,2863.8000,2864.0000,2864.4000,3,3,3,5,1,2,2,1,1,2
SF,IH2006,2020-06-17 13:43:05.200,2863.2000,17551,-1,11628282960.000,3,1,2,空平,B,2863.2000,2863.0000,2862.8000,2862.6000,2862.4000,2863.6000,2863.8000,2864.0000,2864.4000,2864.6000,1,2,3,3,5,2,1,1,2,2
SF,IH2006,2020-06-17 13:43:05.700,2863.2000,17551,0,11629141920.000,1,0,1,空换,B,2863.0000,2862.8000,2862.6000,2862.4000,2862.2000,2863.2000,2863.4000,2863.6000,2863.8000,2864.0000,2,3,3,5,1,11,3,2,1,1
SF,IH2006,2020-06-17 13:43:06.200,2863.2000,17551,0,11629141920.000,0,-,-,-,-,2863.0000,2862.8000,2862.6000,2862.4000,2862.2000,2863.2000,2863.4000,2863.6000,2863.8000,2864.0000,2,3,3,5,1,3,2,2,1,1
SF,IH2006,2020-06-17 13:43:06.700,2863.2000,17551,0,11629141920.000,0,-,-,-,-,2863.0000,2862.8000,2862.6000,2862.4000,2862.2000,2863.2000,2863.4000,2863.6000,2863.8000,2864.0000,2,3,3,5,1,3,2,2,1,1
SF,IH2006,2020-06-17 13:43:08.200,2863.2000,17550,-1,11631718800.000,3,1,2,空平,B,2863.0000,2862.8000,2862.6000,2862.4000,2862.2000,2863.4000,2863.6000,2863.8000,2864.0000,2864.4000,2,3,3,5,1,2,2,1,1,2
SF,IH2006,2020-06-17 13:43:08.700,2863.2000,17550,0,11631718800.000,0,-,-,-,-,2863.0000,2862.8000,2862.6000,2862.4000,2862.2000,2863.4000,2863.6000,2863.8000,2864.0000,2864.4000,2,3,3,5,1,3,2,1,1,2
SF,IH2006,2020-06-17 13:43:09.200,2863.2000,17550,0,11631718800.000,0,-,-,-,-,2863.0000,2862.8000,2862.6000,2862.4000,2862.2000,2863.4000,2863.6000,2863.8000,2864.0000,2864.4000,2,3,3,5,1,2,2,1,1,2
SF,IH2006,2020-06-17 13:43:10.200,2863.4000,17548,-2,11633436840.000,2,0,2,双平,B,2863.0000,2862.8000,2862.6000,2862.4000,2862.2000,2863.6000,2863.8000,2864.0000,2864.4000,2864.6000,2,3,3,5,1,2,1,1,2,2
SF,IH2006,2020-06-17 13:43:10.700,2863.4000,17548,0,11633436840.000,0,-,-,-,-,2863.0000,2862.8000,2862.6000,2862.4000,2862.2000,2863.4000,2863.6000,2863.8000,2864.0000,2864.4000,2,3,3,3,1,1,3,1,1,1
SF,IH2006,2020-06-17 13:43:11.200,2863.4000,17547,-1,11634295860.000,1,0,1,双平,B,2863.4000,2863.0000,2862.8000,2862.6000,2862.4000,2863.6000,2863.8000,2864.0000,2864.4000,2864.6000,1,2,3,3,3,3,1,1,1,2
SF,IH2006,2020-06-17 13:43:11.700,2863.4000,17548,1,11635154880.000,1,1,0,双开,B,2863.0000,2862.8000,2862.6000,2862.4000,2862.2000,2863.2000,2863.4000,2863.6000,2863.8000,2864.0000,2,3,3,2,1,1,6,3,1,1
SF,IH2006,2020-06-17 13:43:12.200,2863.0000,17546,-2,11636872680.000,2,0,2,双平,B,2862.8000,2862.6000,2862.4000,2862.2000,2862.0000,2863.2000,2863.4000,2863.6000,2863.8000,2864.0000,3,3,2,1,3,7,3,3,1,1
SF,IH2006,2020-06-17 13:43:12.700,2863.0000,17546,0,11636872680.000,0,-,-,-,-,2862.8000,2862.6000,2862.4000,2862.2000,2862.0000,2863.2000,2863.4000,2863.6000,2863.8000,2864.0000,4,3,2,1,3,7,3,3,1,1
SF,IH2006,2020-06-17 13:43:13.200,2863.0000,17546,0,11636872680.000,0,-,-,-,-,2862.8000,2862.6000,2862.4000,2862.2000,2862.0000,2863.2000,2863.4000,2863.6000,2863.8000,2864.0000,1,3,2,1,3,7,3,3,1,1
SF,IH2006,2020-06-17 13:43:14.200,2863.0000,17546,0,11636872680.000,0,-,-,-,-,2863.0000,2862.8000,2862.6000,2862.4000,2862.2000,2863.2000,2863.4000,2863.6000,2863.8000,2864.0000,1,1,3,2,1,7,3,3,1,1
SF,IH2006,2020-06-17 13:43:14.700,2863.0000,17546,0,11636872680.000,0,-,-,-,-,2863.0000,2862.8000,2862.6000,2862.4000,2862.2000,2863.2000,2863.4000,2863.6000,2863.8000,2864.0000,1,1,3,2,1,6,3,3,1,1
SF,IH2006,2020-06-17 13:43:15.200,2863.0000,17546,0,11636872680.000,0,-,-,-,-,2863.0000,2862.8000,2862.6000,2862.4000,2862.2000,2863.2000,2863.4000,2863.6000,2863.8000,2864.0000,1,1,3,2,1,6,3,3,1,1
SF,IH2006,2020-06-17 13:43:15.700,2863.0000,17546,0,11636872680.000,0,-,-,-,-,2863.0000,2862.8000,2862.6000,2862.4000,2862.2000,2863.2000,2863.4000,2863.6000,2863.8000,2864.0000,1,1,3,2,1,6,3,3,1,1
SF,IH2006,2020-06-17 13:43:16.200,2863.0000,17546,0,11637731580.000,1,0,1,空换,B,2863.0000,2862.8000,2862.6000,2862.4000,2862.2000,2863.2000,2863.4000,2863.6000,2863.8000,2864.0000,1,1,3,2,1,6,3,3,1,1
SF,IH2006,2020-06-17 13:43:17.700,2863.2000,17548,2,11639449500.000,2,2,0,双开,B,2863.0000,2862.8000,2862.6000,2862.4000,2862.2000,2863.2000,2863.4000,2863.6000,2863.8000,2864.0000,1,1,3,2,1,4,3,3,1,1
SF,IH2006,2020-06-17 13:43:20.200,2863.2000,17548,0,11642026380.000,3,1,2,空换,B,2863.0000,2862.8000,2862.6000,2862.4000,2862.2000,2863.2000,2863.4000,2863.6000,2863.8000,2864.0000,1,1,3,2,1,1,3,3,1,1
SF,IH2006,2020-06-17 13:43:20.700,2862.8000,17549,1,11643744120.000,2,1,1,多开,B,2862.6000,2862.4000,2862.2000,2862.0000,2861.8000,2862.8000,2863.2000,2863.4000,2863.6000,2863.8000,3,2,1,2,1,1,1,3,3,1
SF,IH2006,2020-06-17 13:43:21.200,2862.8000,17550,1,11644602960.000,1,1,0,双开,B,2862.8000,2862.6000,2862.4000,2862.2000,2862.0000,2863.2000,2863.4000,2863.6000,2863.8000,2864.0000,1,2,2,1,2,1,2,3,2,1
SF,IH2006,2020-06-17 13:43:21.700,2862.8000,17550,0,11644602960.000,0,-,-,-,-,2862.6000,2862.4000,2862.2000,2862.0000,2861.8000,2863.0000,2863.2000,2863.4000,2863.6000,2863.8000,1,2,1,2,1,1,1,2,3,2
SF,IH2006,2020-06-17 13:43:22.200,2863.0000,17550,0,11645461860.000,1,0,1,空换,B,2862.6000,2862.4000,2862.2000,2862.0000,2861.8000,2863.2000,2863.4000,2863.6000,2863.8000,2864.0000,1,2,1,2,1,1,2,3,2,1
SF,IH2006,2020-06-17 13:43:22.700,2863.0000,17550,0,11645461860.000,0,-,-,-,-,2862.6000,2862.4000,2862.2000,2862.0000,2861.8000,2863.0000,2863.2000,2863.4000,2863.6000,2863.8000,2,2,1,2,1,1,1,2,3,2
SF,IH2006,2020-06-17 13:43:25.700,2863.0000,17550,0,11645461860.000,0,-,-,-,-,2862.6000,2862.4000,2862.2000,2862.0000,2861.8000,2863.0000,2863.2000,2863.4000,2863.6000,2863.8000,3,2,1,2,1,1,1,2,3,2
SF,IH2006,2020-06-17 13:43:26.700,2863.0000,17550,0,11646320760.000,1,0,1,空换,B,2862.6000,2862.4000,2862.2000,2862.0000,2861.8000,2863.2000,2863.4000,2863.6000,2863.8000,2864.0000,3,2,1,2,1,1,2,3,2,1
SF,IH2006,2020-06-17 13:43:27.700,2863.0000,17550,0,11646320760.000,0,-,-,-,-,2862.6000,2862.4000,2862.2000,2862.0000,2861.8000,2863.2000,2863.4000,2863.6000,2863.8000,2864.0000,3,2,1,2,1,2,2,3,2,1
SF,IH2006,2020-06-17 13:43:29.700,2863.0000,17550,0,11646320760.000,0,-,-,-,-,2862.6000,2862.4000,2862.2000,2862.0000,2861.8000,2863.2000,2863.4000,2863.6000,2863.8000,2864.0000,2,2,1,2,1,2,2,3,2,1
SF,IH2006,2020-06-17 13:43:30.200,2863.0000,17550,0,11646320760.000,0,-,-,-,-,2862.6000,2862.4000,2862.2000,2862.0000,2861.8000,2863.0000,2863.2000,2863.4000,2863.6000,2863.8000,2,2,1,2,1,2,2,2,3,2
SF,IH2006,2020-06-17 13:43:30.700,2863.0000,17550,0,11646320760.000,0,-,-,-,-,2862.6000,2862.4000,2862.2000,2862.0000,2861.8000,2863.0000,2863.2000,2863.4000,2863.6000,2863.8000,1,2,1,2,1,2,2,2,3,2
SF,IH2006,2020-06-17 13:43:31.200,2863.0000,17550,0,11648038560.000,2,1,1,空换,B,2862.6000,2862.4000,2862.2000,2862.0000,2861.8000,2863.2000,2863.4000,2863.6000,2863.8000,2864.0000,1,2,1,2,1,2,2,3,2,1
SF,IH2006,2020-06-17 13:43:31.700,2863.0000,17550,0,11648038560.000,0,-,-,-,-,2862.6000,2862.4000,2862.2000,2862.0000,2861.8000,2863.2000,2863.4000,2863.6000,2863.8000,2864.0000,1,2,1,2,1,3,2,2,2,1
SF,IH2006,2020-06-17 13:43:32.200,2863.0000,17550,0,11648038560.000,0,-,-,-,-,2862.6000,2862.4000,2862.2000,2862.0000,2861.8000,2863.2000,2863.4000,2863.6000,2863.8000,2864.0000,2,2,1,2,1,3,2,2,2,1
SF,IH2006,2020-06-17 13:43:32.700,2862.6000,17549,-1,11649756120.000,2,0,2,空平,B,2862.4000,2862.2000,2862.0000,2861.8000,2861.4000,2862.6000,2863.2000,2863.4000,2863.6000,2863.8000,2,1,2,1,1,4,3,2,2,2
SF,IH2006,2020-06-17 13:43:33.200,2862.6000,17548,-1,11650614900.000,1,0,1,双平,B,2862.4000,2862.2000,2862.0000,2861.8000,2861.4000,2862.6000,2863.2000,2863.4000,2863.6000,2863.8000,1,1,2,1,1,3,3,2,2,2
SF,IH2006,2020-06-17 13:43:33.700,2862.6000,17548,0,11650614900.000,0,-,-,-,-,2862.4000,2862.2000,2862.0000,2861.8000,2861.4000,2862.6000,2863.2000,2863.4000,2863.6000,2863.8000,1,1,2,1,2,3,3,2,2,2
SF,IH2006,2020-06-17 13:43:34.200,2862.6000,17547,-1,11651473680.000,1,0,1,双平,B,2862.4000,2862.2000,2862.0000,2861.4000,2861.2000,2862.6000,2863.2000,2863.4000,2863.6000,2863.8000,1,1,2,2,5,2,3,2,2,2
SF,IH2006,2020-06-17 13:43:37.200,2862.4000,17547,0,11652332400.000,1,0,1,空换,B,2862.2000,2862.0000,2861.4000,2861.2000,2861.0000,2862.6000,2863.2000,2863.4000,2863.6000,2863.8000,1,2,2,5,4,2,3,2,2,2
SF,IH2006,2020-06-17 13:43:37.700,2862.4000,17547,0,11652332400.000,0,-,-,-,-,2862.4000,2862.2000,2862.0000,2861.4000,2861.2000,2862.6000,2863.2000,2863.4000,2863.6000,2863.8000,1,2,2,2,5,2,3,2,2,2
SF,IH2006,2020-06-17 13:43:38.200,2862.4000,17547,0,11652332400.000,0,-,-,-,-,2862.4000,2862.2000,2862.0000,2861.4000,2861.2000,2862.6000,2863.2000,2863.4000,2863.6000,2863.8000,1,2,2,2,5,3,3,2,2,2
SF,IH2006,2020-06-17 13:43:39.700,2862.4000,17546,-1,11653191120.000,1,0,1,双平,B,2862.2000,2862.0000,2861.4000,2861.2000,2861.0000,2862.6000,2863.2000,2863.4000,2863.6000,2863.8000,2,2,2,5,4,3,3,2,2,2
SF,IH2006,2020-06-17 13:43:40.200,2862.2000,17546,0,11654049780.000,1,0,1,空换,B,2862.4000,2862.2000,2862.0000,2861.4000,2861.2000,2862.6000,2863.2000,2863.4000,2863.6000,2863.8000,1,1,2,2,5,4,3,2,2,2
SF,IH2006,2020-06-17 13:43:40.700,2862.2000,17546,0,11654049780.000,0,-,-,-,-,2862.4000,2862.2000,2862.0000,2861.4000,2861.2000,2862.6000,2863.2000,2863.4000,2863.6000,2863.8000,1,1,2,2,5,3,3,2,2,2
SF,IH2006,2020-06-17 13:43:41.200,2862.6000,17546,0,11654908560.000,1,0,1,空换,B,2862.2000,2862.0000,2861.4000,2861.2000,2861.0000,2862.6000,2863.2000,2863.4000,2863.6000,2863.8000,1,2,2,5,4,2,3,2,2,2
SF,IH2006,2020-06-17 13:43:41.700,2862.6000,17545,-1,11655767340.000,1,0,1,双平,B,2862.2000,2862.0000,2861.4000,2861.2000,2861.0000,2862.6000,2863.2000,2863.4000,2863.6000,2863.8000,1,2,2,5,4,1,3,2,2,2
SF,IH2006,2020-06-17 13:43:45.200,2862.6000,17545,0,11655767340.000,0,-,-,-,-,2862.4000,2862.2000,2862.0000,2861.4000,2861.2000,2862.6000,2863.2000,2863.4000,2863.6000,2863.8000,1,1,2,2,5,1,3,2,2,2
SF,IH2006,2020-06-17 13:43:45.700,2862.4000,17545,0,11656626060.000,1,0,1,空换,B,2862.2000,2862.0000,2861.4000,2861.2000,2861.0000,2862.4000,2862.6000,2863.2000,2863.4000,2863.6000,1,2,2,4,4,4,1,3,2,2
SF,IH2006,2020-06-17 13:43:46.700,2862.4000,17541,-4,11660060940.000,4,0,4,双平,B,2862.4000,2862.2000,2862.0000,2861.4000,2861.2000,2862.6000,2863.2000,2863.4000,2863.6000,2863.8000,1,1,2,2,4,1,3,2,3,2
SF,IH2006,2020-06-17 13:43:47.200,2862.6000,17542,1,11660919720.000,1,1,0,双开,B,2862.4000,2862.2000,2862.0000,2861.4000,2861.2000,2863.2000,2863.4000,2863.6000,2863.8000,2864.0000,2,1,2,2,4,3,2,3,2,1
SF,IH2006,2020-06-17 13:43:47.700,2862.6000,17542,0,11660919720.000,0,-,-,-,-,2862.8000,2862.4000,2862.2000,2862.0000,2861.4000,2863.0000,2863.2000,2863.4000,2863.6000,2863.8000,1,1,1,2,2,2,3,2,3,2
SF,IH2006,2020-06-17 13:43:48.200,2862.8000,17543,1,11661778560.000,1,1,0,双开,B,2862.4000,2862.2000,2862.0000,2861.4000,2861.2000,2862.8000,2863.0000,2863.2000,2863.4000,2863.6000,1,1,2,2,4,3,2,3,2,3
SF,IH2006,2020-06-17 13:43:48.700,2862.8000,17543,0,11661778560.000,0,-,-,-,-,2862.4000,2862.2000,2862.0000,2861.4000,2861.2000,2863.0000,2863.2000,2863.4000,2863.6000,2863.8000,1,1,2,2,4,2,3,2,3,2
SF,IH2006,2020-06-17 13:43:54.700,2862.8000,17543,0,11661778560.000,0,-,-,-,-,2862.4000,2862.2000,2862.0000,2861.4000,2861.2000,2863.0000,2863.2000,2863.4000,2863.6000,2863.8000,1,1,1,2,4,2,3,2,3,2
SF,IH2006,2020-06-17 13:43:55.200,2862.8000,17543,0,11661778560.000,0,-,-,-,-,2862.4000,2862.2000,2862.0000,2861.4000,2861.2000,2863.0000,2863.2000,2863.4000,2863.6000,2863.8000,1,1,1,1,4,2,3,2,3,2
SF,IH2006,2020-06-17 13:43:59.700,2862.8000,17543,0,11661778560.000,0,-,-,-,-,2862.4000,2862.2000,2862.0000,2861.4000,2861.2000,2862.8000,2863.0000,2863.2000,2863.4000,2863.6000,1,1,1,1,4,1,2,3,2,3
SF,IH2006,2020-06-17 13:44:01.200,2862.8000,17543,0,11661778560.000,0,-,-,-,-,2862.4000,2862.2000,2862.0000,2861.4000,2861.2000,2862.8000,2863.0000,2863.2000,2863.4000,2863.6000,2,1,1,1,4,1,2,3,2,3
SF,IH2006,2020-06-17 13:44:03.200,2862.8000,17543,0,11661778560.000,0,-,-,-,-,2862.4000,2862.2000,2862.0000,2861.4000,2861.2000,2862.8000,2863.0000,2863.2000,2863.4000,2863.6000,2,1,1,1,4,1,1,2,2,3
SF,IH2006,2020-06-17 13:44:04.200,2862.8000,17543,0,11661778560.000,0,-,-,-,-,2862.4000,2862.2000,2862.0000,2861.4000,2861.2000,2862.8000,2863.0000,2863.2000,2863.4000,2863.6000,2,1,1,1,4,2,1,2,2,3
SF,IH2006,2020-06-17 13:44:04.700,2862.8000,17543,0,11661778560.000,0,-,-,-,-,2862.4000,2862.2000,2862.0000,2861.4000,2861.2000,2862.6000,2862.8000,2863.0000,2863.2000,2863.4000,2,1,1,1,4,1,2,1,2,2
SF,IH2006,2020-06-17 13:44:06.200,2862.8000,17543,0,11661778560.000,0,-,-,-,-,2862.4000,2862.2000,2862.0000,2861.4000,2861.2000,2862.6000,2862.8000,2863.0000,2863.2000,2863.4000,2,1,1,1,4,1,2,4,2,2
SF,IH2006,2020-06-17 13:44:06.700,2862.8000,17543,0,11661778560.000,0,-,-,-,-,2862.4000,2862.2000,2862.0000,2861.4000,2861.2000,2862.6000,2862.8000,2863.0000,2863.2000,2863.4000,2,1,1,2,4,1,2,4,2,2
SF,IH2006,2020-06-17 13:44:07.200,2862.8000,17543,0,11661778560.000,0,-,-,-,-,2862.4000,2862.2000,2862.0000,2861.4000,2861.2000,2862.8000,2863.0000,2863.2000,2863.4000,2863.6000,2,1,1,2,4,2,4,2,2,3
SF,IH2006,2020-06-17 13:44:07.700,2862.8000,17543,0,11661778560.000,0,-,-,-,-,2862.4000,2862.2000,2862.0000,2861.4000,2861.2000,2862.8000,2863.0000,2863.2000,2863.4000,2863.6000,2,1,1,1,4,2,4,2,2,3
SF,IH2006,2020-06-17 13:44:08.200,2862.8000,17543,0,11662637400.000,1,0,1,空换,B,2862.4000,2862.2000,2862.0000,2861.4000,2861.2000,2862.8000,2863.0000,2863.2000,2863.4000,2863.6000,2,1,1,2,4,1,4,2,2,3
SF,IH2006,2020-06-17 13:44:08.700,2862.4000,17543,0,11663496120.000,1,0,1,空换,B,2862.4000,2862.2000,2862.0000,2861.4000,2861.2000,2862.8000,2863.0000,2863.2000,2863.4000,2863.6000,1,1,1,2,4,1,4,2,2,3
SF,IH2006,2020-06-17 13:44:10.200,2862.4000,17543,0,11663496120.000,0,-,-,-,-,2862.4000,2862.2000,2862.0000,2861.4000,2861.2000,2862.8000,2863.0000,2863.2000,2863.4000,2863.6000,2,1,1,2,4,2,4,2,2,3
SF,IH2006,2020-06-17 13:44:13.200,2862.4000,17543,0,11663496120.000,0,-,-,-,-,2862.6000,2862.4000,2862.2000,2862.0000,2861.4000,2862.8000,2863.0000,2863.2000,2863.4000,2863.6000,1,2,1,1,2,3,4,2,2,3
SF,IH2006,2020-06-17 13:44:14.200,2862.6000,17542,-1,11664354900.000,1,0,1,双平,B,2862.4000,2862.2000,2862.0000,2861.4000,2861.2000,2862.8000,2863.0000,2863.2000,2863.4000,2863.6000,2,1,1,2,4,3,4,2,2,3
SF,IH2006,2020-06-17 13:44:15.200,2862.6000,17542,0,11664354900.000,0,-,-,-,-,2862.4000,2862.2000,2862.0000,2861.4000,2861.2000,2862.8000,2863.0000,2863.2000,2863.4000,2863.6000,2,1,1,2,4,2,4,2,2,3
SF,IH2006,2020-06-17 13:44:15.700,2862.6000,17542,0,11664354900.000,0,-,-,-,-,2862.4000,2862.2000,2862.0000,2861.4000,2861.2000,2862.8000,2863.0000,2863.2000,2863.4000,2863.6000,3,1,1,2,4,1,4,2,2,3
SF,IH2006,2020-06-17 13:44:16.700,2862.6000,17542,0,11664354900.000,0,-,-,-,-,2862.6000,2862.4000,2862.2000,2862.0000,2861.4000,2862.8000,2863.0000,2863.2000,2863.4000,2863.6000,1,3,1,1,2,1,4,2,2,3
SF,IH2006,2020-06-17 13:44:17.700,2862.8000,17543,1,11665213740.000,1,1,0,双开,B,2862.8000,2862.4000,2862.2000,2862.0000,2861.4000,2863.0000,2863.2000,2863.4000,2863.6000,2863.8000,1,3,1,1,2,4,2,2,3,2
SF,IH2006,2020-06-17 13:44:18.200,2862.8000,17543,0,11665213740.000,0,-,-,-,-,2862.8000,2862.4000,2862.2000,2862.0000,2861.4000,2863.0000,2863.2000,2863.4000,2863.6000,2863.8000,1,3,1,1,2,4,2,2,3,2
SF,IH2006,2020-06-17 13:44:18.700,2862.8000,17543,0,11665213740.000,0,-,-,-,-,2862.4000,2862.2000,2862.0000,2861.4000,2861.2000,2863.0000,2863.2000,2863.4000,2863.6000,2863.8000,3,1,1,2,4,4,2,2,3,2
SF,IH2006,2020-06-17 13:44:20.200,2862.8000,17543,0,11665213740.000,0,-,-,-,-,2862.8000,2862.4000,2862.2000,2862.0000,2861.4000,2863.0000,2863.2000,2863.4000,2863.6000,2863.8000,3,3,1,1,2,4,2,2,3,2
SF,IH2006,2020-06-17 13:44:21.700,2863.0000,17543,0,11666072640.000,1,0,1,空换,B,2862.8000,2862.4000,2862.2000,2862.0000,2861.4000,2863.0000,2863.2000,2863.4000,2863.6000,2863.8000,3,3,1,1,2,3,2,2,3,2
SF,IH2006,2020-06-17 13:44:22.200,2863.0000,17542,-1,11666931540.000,1,0,1,双平,B,2862.8000,2862.4000,2862.2000,2862.0000,2861.4000,2863.0000,2863.2000,2863.4000,2863.6000,2863.8000,3,3,1,1,2,2,1,2,3,2
SF,IH2006,2020-06-17 13:44:23.700,2862.8000,17540,-2,11668649220.000,2,0,2,双平,B,2862.8000,2862.4000,2862.2000,2862.0000,2861.4000,2863.0000,2863.2000,2863.4000,2863.6000,2863.8000,1,3,1,1,2,2,1,2,3,2
SF,IH2006,2020-06-17 13:44:24.200,2862.8000,17540,0,11669508060.000,1,0,1,空换,B,2862.4000,2862.2000,2862.0000,2861.4000,2861.2000,2863.0000,2863.2000,2863.4000,2863.6000,2863.8000,3,1,1,2,4,2,1,2,3,2
SF,IH2006,2020-06-17 13:44:24.700,2862.8000,17540,0,11669508060.000,0,-,-,-,-,2862.6000,2862.4000,2862.2000,2862.0000,2861.4000,2863.0000,2863.2000,2863.4000,2863.6000,2863.8000,1,3,1,1,2,2,1,2,3,2
SF,IH2006,2020-06-17 13:44:26.700,2862.6000,17539,-1,11670366840.000,1,0,1,双平,B,2862.4000,2862.2000,2862.0000,2861.4000,2861.2000,2863.0000,2863.2000,2863.4000,2863.6000,2863.8000,3,1,1,2,4,2,1,2,3,2
SF,IH2006,2020-06-17 13:44:27.200,2862.6000,17539,0,11670366840.000,0,-,-,-,-,2862.4000,2862.0000,2861.4000,2861.2000,2861.0000,2863.0000,2863.2000,2863.4000,2863.6000,2863.8000,4,1,2,4,4,2,1,2,3,2
SF,IH2006,2020-06-17 13:44:28.200,2862.6000,17539,0,11670366840.000,0,-,-,-,-,2862.6000,2862.4000,2862.0000,2861.4000,2861.2000,2863.0000,2863.2000,2863.4000,2863.6000,2863.8000,1,4,1,2,4,2,1,2,3,2
SF,IH2006,2020-06-17 13:44:29.700,2862.6000,17539,0,11670366840.000,0,-,-,-,-,2862.8000,2862.6000,2862.4000,2862.0000,2861.4000,2863.0000,2863.2000,2863.4000,2863.6000,2863.8000,2,1,4,1,2,3,1,2,3,2
SF,IH2006,2020-06-17 13:44:35.700,2862.6000,17539,0,11670366840.000,0,-,-,-,-,2862.6000,2862.4000,2862.0000,2861.4000,2861.2000,2863.0000,2863.2000,2863.4000,2863.6000,2863.8000,1,4,1,2,4,3,1,2,3,2
SF,IH2006,2020-06-17 13:44:36.200,2862.6000,17539,0,11670366840.000,0,-,-,-,-,2862.8000,2862.6000,2862.4000,2862.0000,2861.4000,2863.0000,2863.2000,2863.4000,2863.6000,2863.8000,1,2,3,1,1,3,1,2,3,2
SF,IH2006,2020-06-17 13:44:36.700,2863.0000,17538,-1,11671225740.000,1,0,1,双平,B,2862.6000,2862.4000,2862.0000,2861.4000,2861.2000,2863.0000,2863.2000,2863.4000,2863.6000,2863.8000,2,3,1,1,4,2,1,2,3,2
SF,IH2006,2020-06-17 13:44:37.200,2863.0000,17539,1,11672943540.000,2,1,1,多开,B,2862.6000,2862.4000,2862.0000,2861.4000,2861.2000,2863.2000,2863.4000,2863.6000,2863.8000,2864.0000,2,3,1,1,4,1,2,3,2,1
SF,IH2006,2020-06-17 13:44:37.700,2863.0000,17539,0,11672943540.000,0,-,-,-,-,2862.8000,2862.6000,2862.4000,2862.0000,2861.4000,2863.2000,2863.4000,2863.6000,2863.8000,2864.0000,4,2,3,1,1,1,2,3,2,1
SF,IH2006,2020-06-17 13:44:38.200,2863.0000,17539,0,11672943540.000,0,-,-,-,-,2862.8000,2862.6000,2862.4000,2862.0000,2861.4000,2863.0000,2863.2000,2863.4000,2863.6000,2863.8000,4,2,3,1,1,1,1,2,3,2
SF,IH2006,2020-06-17 13:44:39.700,2863.0000,17539,0,11672943540.000,0,-,-,-,-,2862.8000,2862.6000,2862.4000,2862.0000,2861.4000,2863.0000,2863.2000,2863.4000,2863.6000,2863.8000,4,2,3,1,1,1,1,2,3,2
SF,IH2006,2020-06-17 13:44:40.200,2863.0000,17539,0,11672943540.000,0,-,-,-,-,2862.8000,2862.6000,2862.4000,2862.0000,2861.4000,2863.0000,2863.2000,2863.4000,2863.6000,2863.8000,4,2,3,1,1,2,1,2,3,2
SF,IH2006,2020-06-17 13:44:40.700,2863.0000,17539,0,11672943540.000,0,-,-,-,-,2862.8000,2862.6000,2862.4000,2862.0000,2861.4000,2863.0000,2863.2000,2863.4000,2863.6000,2863.8000,3,2,3,1,1,2,1,2,3,2
SF,IH2006,2020-06-17 13:44:41.200,2863.0000,17539,0,11672943540.000,0,-,-,-,-,2862.8000,2862.6000,2862.4000,2862.0000,2861.4000,2863.0000,2863.2000,2863.4000,2863.6000,2863.8000,3,1,3,1,1,2,1,2,3,2
SF,IH2006,2020-06-17 13:44:41.700,2863.0000,17539,0,11672943540.000,0,-,-,-,-,2862.8000,2862.4000,2862.0000,2861.4000,2861.2000,2863.0000,2863.2000,2863.4000,2863.6000,2863.8000,3,3,1,1,4,2,1,2,3,2
SF,IH2006,2020-06-17 13:44:44.200,2863.0000,17539,0,11672943540.000,0,-,-,-,-,2862.8000,2862.4000,2862.0000,2861.4000,2861.2000,2863.0000,2863.2000,2863.4000,2863.6000,2863.8000,3,3,1,1,4,2,1,2,3,2
SF,IH2006,2020-06-17 13:44:44.700,2863.0000,17539,0,11672943540.000,0,-,-,-,-,2862.8000,2862.4000,2862.0000,2861.4000,2861.2000,2863.0000,2863.2000,2863.4000,2863.6000,2863.8000,1,3,1,1,4,2,1,2,3,2
SF,IH2006,2020-06-17 13:44:45.200,2862.8000,17539,0,11673802380.000,1,0,1,空换,B,2862.4000,2862.0000,2861.4000,2861.2000,2861.0000,2862.8000,2863.0000,2863.2000,2863.4000,2863.6000,3,1,1,4,4,1,2,1,2,3
SF,IH2006,2020-06-17 13:44:45.700,2862.8000,17539,0,11674661220.000,1,0,1,空换,B,2862.4000,2862.0000,2861.4000,2861.2000,2861.0000,2862.8000,2863.0000,2863.2000,2863.4000,2863.6000,3,1,1,4,4,3,2,1,2,3
SF,IH2006,2020-06-17 13:44:46.200,2862.8000,17539,0,11674661220.000,0,-,-,-,-,2862.4000,2862.0000,2861.4000,2861.2000,2861.0000,2862.8000,2863.0000,2863.2000,2863.4000,2863.6000,7,1,1,4,4,1,2,1,2,3
SF,IH2006,2020-06-17 13:44:46.700,2862.8000,17539,0,11675520060.000,1,0,1,空换,B,2862.6000,2862.4000,2862.0000,2861.4000,2861.2000,2863.0000,2863.2000,2863.4000,2863.6000,2863.8000,1,11,1,1,4,2,1,2,3,2
SF,IH2006,2020-06-17 13:44:47.200,2862.6000,17538,-1,11676378840.000,1,0,1,双平,B,2862.6000,2862.4000,2862.0000,2861.4000,2861.2000,2863.0000,2863.2000,2863.4000,2863.6000,2863.8000,4,14,1,1,4,1,1,2,3,2
SF,IH2006,2020-06-17 13:44:47.700,2862.6000,17538,0,11676378840.000,0,-,-,-,-,2862.6000,2862.4000,2862.0000,2861.4000,2861.2000,2863.0000,2863.2000,2863.4000,2863.6000,2863.8000,5,15,1,1,4,1,1,2,3,2
SF,IH2006,2020-06-17 13:44:48.200,2862.6000,17538,0,11676378840.000,0,-,-,-,-,2862.8000,2862.6000,2862.4000,2862.0000,2861.4000,2863.0000,2863.2000,2863.4000,2863.6000,2863.8000,1,5,15,1,1,1,1,2,3,2
SF,IH2006,2020-06-17 13:44:50.200,2862.6000,17538,0,11676378840.000,0,-,-,-,-,2862.8000,2862.6000,2862.4000,2862.0000,2861.4000,2863.0000,2863.2000,2863.4000,2863.6000,2863.8000,1,3,15,1,1,1,1,2,3,2
SF,IH2006,2020-06-17 13:44:50.700,2862.6000,17538,0,11676378840.000,0,-,-,-,-,2862.8000,2862.6000,2862.4000,2862.0000,2861.4000,2863.0000,2863.2000,2863.4000,2863.6000,2863.8000,2,2,15,1,1,1,1,2,3,2
SF,IH2006,2020-06-17 13:44:51.200,2863.0000,17539,1,11677237740.000,1,1,0,双开,B,2862.6000,2862.4000,2862.0000,2861.4000,2861.2000,2863.2000,2863.4000,2863.6000,2863.8000,2864.0000,2,15,1,1,4,1,2,3,2,1
SF,IH2006,2020-06-17 13:44:51.700,2863.0000,17539,0,11677237740.000,0,-,-,-,-,2862.8000,2862.6000,2862.4000,2862.0000,2861.4000,2863.2000,2863.4000,2863.6000,2863.8000,2864.0000,1,2,15,1,1,1,2,3,2,1
SF,IH2006,2020-06-17 13:44:53.200,2863.0000,17539,0,11677237740.000,0,-,-,-,-,2863.0000,2862.8000,2862.6000,2862.4000,2862.0000,2863.2000,2863.4000,2863.6000,2863.8000,2864.0000,1,1,2,15,1,1,2,3,2,1
SF,IH2006,2020-06-17 13:44:54.200,2863.0000,17539,0,11678955600.000,2,1,1,空换,B,2862.8000,2862.6000,2862.4000,2862.0000,2861.4000,2863.0000,2863.4000,2863.6000,2863.8000,2864.0000,1,2,15,1,1,1,2,3,2,1
SF,IH2006,2020-06-17 13:44:55.200,2863.0000,17538,-1,11679814500.000,1,0,1,双平,B,2863.0000,2862.8000,2862.6000,2862.4000,2862.0000,2863.4000,2863.6000,2863.8000,2864.0000,2864.4000,2,1,2,15,1,2,3,2,1,2
SF,IH2006,2020-06-17 13:44:55.700,2863.0000,17538,0,11679814500.000,0,-,-,-,-,2863.0000,2862.8000,2862.6000,2862.4000,2862.0000,2863.4000,2863.6000,2863.8000,2864.0000,2864.4000,1,1,3,15,1,2,3,2,1,2
SF,IH2006,2020-06-17 13:44:56.200,2863.0000,17538,0,11679814500.000,0,-,-,-,-,2863.0000,2862.6000,2862.4000,2862.0000,2861.4000,2863.4000,2863.6000,2863.8000,2864.0000,2864.4000,2,3,15,1,1,2,3,2,1,2
SF,IH2006,2020-06-17 13:44:56.700,2863.0000,17538,0,11679814500.000,0,-,-,-,-,2863.2000,2863.0000,2862.6000,2862.4000,2862.0000,2863.4000,2863.6000,2863.8000,2864.0000,2864.4000,1,2,2,15,1,2,3,2,1,2
SF,IH2006,2020-06-17 13:44:57.200,2863.0000,17538,0,11679814500.000,0,-,-,-,-,2863.0000,2862.6000,2862.4000,2862.0000,2861.4000,2863.4000,2863.6000,2863.8000,2864.0000,2864.4000,1,2,15,1,1,2,3,2,1,2
SF,IH2006,2020-06-17 13:44:57.700,2863.4000,17538,0,11680673520.000,1,0,1,空换,B,2863.0000,2862.6000,2862.4000,2862.0000,2861.4000,2863.4000,2863.6000,2863.8000,2864.0000,2864.4000,1,2,15,1,1,1,3,2,1,2
SF,IH2006,2020-06-17 13:44:58.200,2863.0000,17537,-1,11681532420.000,1,0,1,双平,B,2862.6000,2862.4000,2862.0000,2861.4000,2861.2000,2863.4000,2863.6000,2863.8000,2864.0000,2864.4000,3,15,1,1,4,1,3,2,1,2
SF,IH2006,2020-06-17 13:44:58.700,2863.0000,17537,0,11681532420.000,0,-,-,-,-,2862.8000,2862.6000,2862.4000,2862.0000,2861.4000,2863.2000,2863.4000,2863.6000,2863.8000,2864.0000,3,6,9,1,1,1,1,3,2,1
SF,IH2006,2020-06-17 13:44:59.200,2863.8000,17539,2,11687545920.000,7,4,3,多开,B,2862.8000,2862.6000,2862.4000,2862.0000,2861.4000,2864.0000,2864.4000,2864.6000,2864.8000,2865.0000,3,6,6,1,1,1,2,2,3,2
SF,IH2006,2020-06-17 13:44:59.700,2863.8000,17538,-1,11688405060.000,1,0,1,双平,B,2863.0000,2862.8000,2862.6000,2862.4000,2862.0000,2863.6000,2863.8000,2864.0000,2864.4000,2864.6000,4,3,3,6,1,1,11,1,2,2
SF,IH2006,2020-06-17 13:45:00.200,2863.8000,17538,0,11688405060.000,0,-,-,-,-,2863.0000,2862.8000,2862.6000,2862.4000,2862.0000,2863.4000,2863.6000,2863.8000,2864.0000,2864.4000,2,3,3,6,1,1,2,8,1,2
SF,IH2006,2020-06-17 13:45:00.700,2863.8000,17538,0,11688405060.000,0,-,-,-,-,2863.0000,2862.8000,2862.6000,2862.4000,2862.0000,2863.6000,2863.8000,2864.0000,2864.4000,2864.6000,3,3,3,6,1,2,8,1,2,2
SF,IH2006,2020-06-17 13:45:01.200,2863.8000,17539,1,11690123340.000,2,1,1,多开,B,2863.2000,2863.0000,2862.8000,2862.6000,2862.4000,2863.8000,2864.0000,2864.4000,2864.6000,2864.8000,1,3,3,3,2,7,1,2,2,3
SF,IH2006,2020-06-17 13:45:01.700,2863.8000,17540,1,11691841620.000,2,1,1,多开,B,2863.2000,2863.0000,2862.8000,2862.6000,2862.4000,2863.8000,2864.0000,2864.4000,2864.6000,2864.8000,1,3,3,3,2,4,1,2,2,3
SF,IH2006,2020-06-17 13:45:02.200,2863.4000,17539,-1,11692700640.000,1,0,1,双平,B,2863.4000,2863.2000,2863.0000,2862.8000,2862.6000,2863.8000,2864.0000,2864.4000,2864.6000,2864.8000,1,1,3,3,3,4,1,2,2,3
SF,IH2006,2020-06-17 13:45:02.700,2863.4000,17539,0,11692700640.000,0,-,-,-,-,2863.4000,2863.2000,2863.0000,2862.8000,2862.6000,2863.6000,2863.8000,2864.0000,2864.4000,2864.6000,1,1,1,3,3,1,4,1,2,2
SF,IH2006,2020-06-17 13:45:03.200,2863.4000,17539,0,11692700640.000,0,-,-,-,-,2863.4000,2863.2000,2863.0000,2862.8000,2862.6000,2863.6000,2863.8000,2864.0000,2864.4000,2864.6000,1,1,1,3,3,1,3,1,2,2
SF,IH2006,2020-06-17 13:45:03.700,2863.4000,17539,0,11692700640.000,0,-,-,-,-,2863.4000,2863.2000,2863.0000,2862.8000,2862.6000,2863.6000,2863.8000,2864.0000,2864.4000,2864.6000,1,1,1,1,3,1,3,1,2,2
SF,IH2006,2020-06-17 13:45:05.200,2863.6000,17539,0,11693559720.000,1,0,1,空换,B,2863.6000,2863.4000,2863.2000,2863.0000,2862.8000,2863.8000,2864.0000,2864.4000,2864.6000,2864.8000,3,1,1,1,1,3,1,2,2,3
SF,IH2006,2020-06-17 13:45:05.700,2863.6000,17536,-3,11696136960.000,3,0,3,双平,B,2863.2000,2863.0000,2862.8000,2862.6000,2862.4000,2863.8000,2864.0000,2864.4000,2864.6000,2864.8000,1,1,1,3,2,3,1,2,2,3
SF,IH2006,2020-06-17 13:45:06.200,2863.6000,17536,0,11696136960.000,0,-,-,-,-,2863.2000,2863.0000,2862.8000,2862.6000,2862.4000,2863.8000,2864.0000,2864.4000,2864.6000,2864.8000,2,1,1,3,2,3,1,2,2,3
SF,IH2006,2020-06-17 13:45:08.200,2863.6000,17536,0,11696136960.000,0,-,-,-,-,2863.4000,2863.2000,2863.0000,2862.8000,2862.6000,2863.8000,2864.0000,2864.4000,2864.6000,2864.8000,4,2,1,1,3,4,1,2,2,3
SF,IH2006,2020-06-17 13:45:09.700,2863.8000,17535,-1,11698714140.000,3,1,2,空平,B,2863.4000,2863.2000,2863.0000,2862.8000,2862.6000,2863.8000,2864.0000,2864.4000,2864.6000,2864.8000,2,2,1,1,3,3,1,2,2,3
SF,IH2006,2020-06-17 13:45:10.200,2863.8000,17535,0,11698714140.000,0,-,-,-,-,2863.4000,2863.2000,2863.0000,2862.8000,2862.6000,2863.6000,2863.8000,2864.0000,2864.4000,2864.6000,2,2,1,1,2,2,3,1,2,2
SF,IH2006,2020-06-17 13:45:10.700,2863.8000,17535,0,11698714140.000,0,-,-,-,-,2863.4000,2863.2000,2863.0000,2862.8000,2862.6000,2863.6000,2863.8000,2864.0000,2864.4000,2864.6000,2,2,1,1,2,3,3,1,2,2
SF,IH2006,2020-06-17 13:45:14.700,2863.4000,17534,-1,11699573160.000,1,0,1,双平,B,2863.4000,2863.2000,2863.0000,2862.8000,2862.6000,2863.6000,2863.8000,2864.0000,2864.4000,2864.6000,1,2,1,1,2,3,3,1,2,2
SF,IH2006,2020-06-17 13:45:15.200,2863.4000,17534,0,11700432180.000,1,0,1,空换,B,2863.0000,2862.8000,2862.6000,2862.4000,2862.0000,2863.6000,2863.8000,2864.0000,2864.4000,2864.6000,1,1,2,2,1,3,3,1,2,2
SF,IH2006,2020-06-17 13:45:15.700,2863.4000,17534,0,11700432180.000,0,-,-,-,-,2862.8000,2862.6000,2862.4000,2862.0000,2861.4000,2863.4000,2863.6000,2863.8000,2864.0000,2864.4000,1,2,2,1,1,6,4,1,1,2
SF,IH2006,2020-06-17 13:45:16.200,2863.4000,17534,0,11700432180.000,0,-,-,-,-,2862.8000,2862.6000,2862.4000,2862.0000,2861.4000,2863.2000,2863.4000,2863.6000,2863.8000,2864.0000,3,2,2,1,1,1,6,1,1,1
SF,IH2006,2020-06-17 13:45:16.700,2863.2000,17533,-1,11701291140.000,1,0,1,双平,B,2862.8000,2862.6000,2862.4000,2862.0000,2861.4000,2863.4000,2863.6000,2863.8000,2864.0000,2864.4000,3,2,2,1,1,6,1,1,1,2
SF,IH2006,2020-06-17 13:45:17.200,2863.2000,17533,0,11701291140.000,0,-,-,-,-,2862.8000,2862.6000,2862.4000,2862.0000,2861.4000,2863.4000,2863.6000,2863.8000,2864.0000,2864.4000,3,2,2,1,1,6,1,1,1,2
SF,IH2006,2020-06-17 13:45:17.700,2863.2000,17533,0,11701291140.000,0,-,-,-,-,2862.8000,2862.6000,2862.4000,2862.0000,2861.4000,2863.4000,2863.6000,2863.8000,2864.0000,2864.4000,3,2,2,1,1,6,1,1,1,2
SF,IH2006,2020-06-17 13:45:18.200,2862.8000,17532,-1,11702149980.000,1,0,1,双平,B,2862.8000,2862.6000,2862.4000,2862.0000,2861.4000,2863.4000,2863.6000,2863.8000,2864.0000,2864.4000,2,2,2,1,1,6,1,1,1,2
SF,IH2006,2020-06-17 13:45:18.700,2862.8000,17532,0,11702149980.000,0,-,-,-,-,2862.8000,2862.6000,2862.4000,2862.0000,2861.4000,2863.4000,2863.6000,2863.8000,2864.0000,2864.4000,2,2,2,1,1,6,1,1,1,2
SF,IH2006,2020-06-17 13:45:19.700,2862.8000,17532,0,11702149980.000,0,-,-,-,-,2862.8000,2862.6000,2862.4000,2862.0000,2861.4000,2863.4000,2863.6000,2863.8000,2864.0000,2864.4000,2,2,2,1,1,7,1,1,1,2
SF,IH2006,2020-06-17 13:45:20.200,2862.8000,17531,-1,11703008820.000,1,0,1,双平,B,2862.8000,2862.6000,2862.4000,2862.0000,2861.4000,2863.4000,2863.6000,2863.8000,2864.0000,2864.4000,1,2,2,1,1,7,1,1,1,2
SF,IH2006,2020-06-17 13:45:20.700,2862.8000,17531,0,11703008820.000,0,-,-,-,-,2862.8000,2862.6000,2862.4000,2862.0000,2861.4000,2863.2000,2863.4000,2863.6000,2863.8000,2864.0000,1,2,2,1,1,1,8,1,1,1
SF,IH2006,2020-06-17 13:45:21.200,2862.8000,17531,0,11703008820.000,0,-,-,-,-,2863.0000,2862.8000,2862.6000,2862.4000,2862.0000,2863.2000,2863.4000,2863.6000,2863.8000,2864.0000,1,1,2,2,1,1,8,1,1,1
SF,IH2006,2020-06-17 13:45:21.700,2863.0000,17531,0,11703867720.000,1,0,1,空换,B,2862.8000,2862.6000,2862.4000,2862.0000,2861.4000,2863.2000,2863.4000,2863.6000,2863.8000,2864.0000,1,2,2,1,1,1,8,1,1,1
SF,IH2006,2020-06-17 13:45:22.200,2863.0000,17531,0,11703867720.000,0,-,-,-,-,2862.8000,2862.6000,2862.4000,2862.0000,2861.4000,2863.2000,2863.4000,2863.6000,2863.8000,2864.0000,1,2,2,1,1,1,5,1,1,1
SF,IH2006,2020-06-17 13:45:24.200,2862.8000,17531,0,11704726560.000,1,0,1,空换,B,2862.6000,2862.4000,2862.0000,2861.4000,2861.2000,2863.2000,2863.4000,2863.6000,2863.8000,2864.0000,2,2,1,1,4,1,5,1,1,1
SF,IH2006,2020-06-17 13:45:24.700,2862.8000,17531,0,11704726560.000,0,-,-,-,-,2862.6000,2862.4000,2862.0000,2861.4000,2861.2000,2863.2000,2863.4000,2863.6000,2863.8000,2864.0000,3,2,1,1,4,1,5,1,1,1
SF,IH2006,2020-06-17 13:45:25.700,2862.8000,17531,0,11704726560.000,0,-,-,-,-,2862.6000,2862.4000,2862.0000,2861.4000,2861.2000,2863.0000,2863.2000,2863.4000,2863.6000,2863.8000,2,2,1,1,4,1,1,5,1,1
SF,IH2006,2020-06-17 13:45:26.700,2862.8000,17531,0,11704726560.000,0,-,-,-,-,2862.6000,2862.4000,2862.0000,2861.4000,2861.2000,2863.0000,2863.2000,2863.4000,2863.6000,2863.8000,2,2,1,1,4,1,1,5,1,1
SF,IH2006,2020-06-17 13:45:27.200,2862.8000,17531,0,11704726560.000,0,-,-,-,-,2862.6000,2862.4000,2862.0000,2861.4000,2861.2000,2863.0000,2863.2000,2863.4000,2863.6000,2863.8000,1,2,1,1,4,1,1,5,1,1
SF,IH2006,2020-06-17 13:45:27.700,2862.8000,17531,0,11704726560.000,0,-,-,-,-,2862.6000,2862.4000,2862.0000,2861.4000,2861.2000,2863.0000,2863.4000,2863.6000,2863.8000,2864.0000,1,2,1,1,4,1,5,1,1,1
SF,IH2006,2020-06-17 13:45:28.200,2862.8000,17531,0,11704726560.000,0,-,-,-,-,2862.6000,2862.4000,2862.0000,2861.4000,2861.2000,2863.0000,2863.4000,2863.6000,2863.8000,2864.0000,1,2,1,1,4,1,5,1,1,1
SF,IH2006,2020-06-17 13:45:28.700,2862.6000,17530,-1,11705585340.000,1,0,1,双平,B,2862.4000,2862.0000,2861.4000,2861.2000,2861.0000,2863.0000,2863.4000,2863.6000,2863.8000,2864.0000,2,1,1,4,4,2,5,1,1,1
SF,IH2006,2020-06-17 13:45:29.200,2862.8000,17530,0,11706444180.000,1,0,1,空换,B,2862.4000,2862.0000,2861.4000,2861.2000,2861.0000,2863.0000,2863.4000,2863.6000,2863.8000,2864.0000,2,1,2,4,4,2,3,1,1,1
SF,IH2006,2020-06-17 13:45:30.700,2862.8000,17530,0,11706444180.000,0,-,-,-,-,2862.4000,2862.0000,2861.4000,2861.2000,2861.0000,2863.0000,2863.4000,2863.6000,2863.8000,2864.0000,2,1,2,4,4,3,3,1,1,1
SF,IH2006,2020-06-17 13:45:32.200,2863.0000,17529,-1,11707303080.000,1,0,1,双平,B,2862.4000,2862.0000,2861.4000,2861.2000,2861.0000,2863.0000,2863.4000,2863.6000,2863.8000,2864.0000,2,1,2,4,4,2,3,1,1,1
SF,IH2006,2020-06-17 13:45:34.700,2863.0000,17529,0,11707303080.000,0,-,-,-,-,2862.4000,2862.0000,2861.4000,2861.2000,2861.0000,2863.0000,2863.4000,2863.6000,2863.8000,2864.0000,2,1,2,4,4,1,3,1,1,1
SF,IH2006,2020-06-17 13:45:35.200,2863.0000,17529,0,11707303080.000,0,-,-,-,-,2862.8000,2862.4000,2862.0000,2861.4000,2861.2000,2863.0000,2863.4000,2863.6000,2863.8000,2864.0000,2,2,1,2,4,1,3,1,1,1
SF,IH2006,2020-06-17 13:45:35.700,2863.0000,17529,0,11707303080.000,0,-,-,-,-,2862.8000,2862.4000,2862.0000,2861.4000,2861.2000,2863.0000,2863.4000,2863.6000,2863.8000,2864.0000,2,2,1,2,4,2,3,1,1,1
SF,IH2006,2020-06-17 13:45:36.200,2862.8000,17529,0,11709020760.000,2,1,1,空换,B,2862.4000,2862.0000,2861.4000,2861.2000,2861.0000,2862.8000,2863.0000,2863.4000,2863.6000,2863.8000,2,1,2,4,4,11,2,3,1,1
SF,IH2006,2020-06-17 13:45:36.700,2862.8000,17529,0,11709020760.000,0,-,-,-,-,2862.4000,2862.0000,2861.4000,2861.2000,2861.0000,2862.8000,2863.0000,2863.4000,2863.8000,2864.0000,2,1,2,4,4,12,2,2,1,1
SF,IH2006,2020-06-17 13:45:37.200,2862.8000,17529,0,11710738440.000,2,1,1,空换,B,2862.4000,2862.2000,2862.0000,2861.4000,2861.2000,2862.8000,2863.0000,2863.4000,2863.8000,2864.0000,2,1,1,2,4,10,2,2,1,1
SF,IH2006,2020-06-17 13:45:37.700,2862.8000,17529,0,11710738440.000,0,-,-,-,-,2862.4000,2862.2000,2862.0000,2861.4000,2861.2000,2862.8000,2863.0000,2863.4000,2863.8000,2864.0000,3,1,1,2,4,9,2,2,1,1
SF,IH2006,2020-06-17 13:45:38.200,2862.4000,17528,-1,11711597160.000,1,0,1,双平,B,2862.4000,2862.2000,2862.0000,2861.4000,2861.2000,2862.8000,2863.0000,2863.4000,2863.8000,2864.0000,2,1,1,2,4,9,2,2,1,1
SF,IH2006,2020-06-17 13:45:38.700,2862.8000,17528,0,11712456000.000,1,0,1,空换,B,2862.4000,2862.2000,2862.0000,2861.4000,2861.2000,2862.8000,2863.0000,2863.4000,2863.8000,2864.0000,2,1,1,2,4,8,2,2,1,1
SF,IH2006,2020-06-17 13:45:39.700,2862.8000,17528,0,11712456000.000,0,-,-,-,-,2862.6000,2862.4000,2862.2000,2862.0000,2861.4000,2862.8000,2863.0000,2863.4000,2863.8000,2864.0000,2,2,1,1,2,8,2,2,1,1
SF,IH2006,2020-06-17 13:45:40.200,2862.6000,17527,-1,11713314780.000,1,0,1,双平,B,2862.6000,2862.4000,2862.2000,2862.0000,2861.4000,2862.8000,2863.0000,2863.4000,2863.8000,2864.0000,1,2,1,1,1,8,2,2,2,1
SF,IH2006,2020-06-17 13:45:43.200,2862.6000,17527,0,11713314780.000,0,-,-,-,-,2862.6000,2862.4000,2862.2000,2862.0000,2861.4000,2862.8000,2863.0000,2863.4000,2863.8000,2864.4000,1,2,1,1,1,8,2,2,2,2
SF,IH2006,2020-06-17 13:45:43.700,2862.4000,17528,1,11715032280.000,2,1,1,多开,B,2862.2000,2862.0000,2861.4000,2861.2000,2861.0000,2862.4000,2862.8000,2863.0000,2863.4000,2863.8000,1,1,1,4,4,2,8,2,2,2
SF,IH2006,2020-06-17 13:45:44.200,2862.4000,17528,0,11715032280.000,0,-,-,-,-,2862.2000,2862.0000,2861.4000,2861.2000,2861.0000,2862.8000,2863.0000,2863.4000,2863.8000,2864.4000,1,1,1,4,4,8,2,2,2,2
SF,IH2006,2020-06-17 13:45:44.700,2862.4000,17528,0,11715032280.000,0,-,-,-,-,2862.2000,2862.0000,2861.4000,2861.2000,2861.0000,2862.8000,2863.0000,2863.4000,2863.8000,2864.4000,1,1,1,4,4,9,2,2,2,2
SF,IH2006,2020-06-17 13:45:45.200,2862.4000,17528,0,11715032280.000,0,-,-,-,-,2862.2000,2862.0000,2861.4000,2861.2000,2861.0000,2862.8000,2863.0000,2863.4000,2863.8000,2864.4000,2,1,1,4,4,10,2,2,2,2
SF,IH2006,2020-06-17 13:45:45.700,2862.4000,17528,0,11715032280.000,0,-,-,-,-,2862.2000,2862.0000,2861.4000,2861.2000,2861.0000,2862.6000,2862.8000,2863.0000,2863.4000,2863.8000,2,1,1,4,4,1,10,1,1,2
SF,IH2006,2020-06-17 13:45:46.200,2862.4000,17528,0,11715032280.000,0,-,-,-,-,2862.2000,2862.0000,2861.4000,2861.2000,2861.0000,2862.6000,2862.8000,2863.0000,2863.4000,2863.8000,2,1,1,4,4,2,11,1,1,2
SF,IH2006,2020-06-17 13:45:46.700,2862.4000,17528,0,11715032280.000,0,-,-,-,-,2862.2000,2862.0000,2861.4000,2861.2000,2861.0000,2862.6000,2862.8000,2863.0000,2863.4000,2863.8000,1,1,1,4,4,2,11,1,1,2
SF,IH2006,2020-06-17 13:45:47.200,2862.4000,17528,0,11715032280.000,0,-,-,-,-,2862.2000,2861.4000,2861.2000,2861.0000,2860.8000,2862.6000,2862.8000,2863.0000,2863.4000,2863.8000,1,1,4,4,1,2,11,1,1,2
SF,IH2006,2020-06-17 13:45:48.200,2862.4000,17528,0,11715032280.000,0,-,-,-,-,2862.2000,2861.4000,2861.2000,2861.0000,2860.8000,2862.6000,2862.8000,2863.0000,2863.4000,2863.8000,1,1,4,4,1,2,11,4,1,2
SF,IH2006,2020-06-17 13:45:49.200,2862.4000,17528,0,11715032280.000,0,-,-,-,-,2862.2000,2861.4000,2861.2000,2861.0000,2860.8000,2862.6000,2862.8000,2863.0000,2863.4000,2863.8000,1,1,4,4,1,3,12,4,1,2
SF,IH2006,2020-06-17 13:45:49.700,2862.4000,17528,0,11715032280.000,0,-,-,-,-,2862.4000,2862.2000,2861.4000,2861.2000,2861.0000,2862.6000,2862.8000,2863.0000,2863.4000,2863.8000,3,2,1,4,4,2,12,4,1,2
SF,IH2006,2020-06-17 13:45:50.200,2862.6000,17528,0,11716749840.000,2,1,1,空换,B,2862.4000,2862.2000,2861.4000,2861.2000,2861.0000,2862.8000,2863.0000,2863.4000,2863.8000,2864.4000,1,2,1,4,4,12,4,1,2,2
SF,IH2006,2020-06-17 13:45:50.700,2862.6000,17528,0,11716749840.000,0,-,-,-,-,2862.4000,2862.2000,2861.4000,2861.2000,2861.0000,2862.8000,2863.0000,2863.4000,2863.8000,2864.4000,1,2,1,4,4,11,4,1,2,2
SF,IH2006,2020-06-17 13:45:51.700,2862.6000,17528,0,11716749840.000,0,-,-,-,-,2862.4000,2862.2000,2861.4000,2861.2000,2861.0000,2862.8000,2863.0000,2863.4000,2863.8000,2864.4000,1,2,1,4,4,11,4,1,2,2
SF,IH2006,2020-06-17 13:45:53.200,2862.6000,17528,0,11716749840.000,0,-,-,-,-,2862.4000,2862.2000,2861.4000,2861.2000,2861.0000,2862.6000,2862.8000,2863.0000,2863.4000,2863.8000,1,2,1,4,4,7,4,4,1,2
SF,IH2006,2020-06-17 13:45:54.200,2862.6000,17528,0,11716749840.000,0,-,-,-,-,2862.4000,2862.2000,2861.4000,2861.2000,2861.0000,2862.6000,2862.8000,2863.0000,2863.4000,2863.8000,1,2,1,4,4,7,4,4,1,2
SF,IH2006,2020-06-17 13:45:55.700,2862.6000,17529,1,11717608620.000,1,1,0,双开,B,2862.4000,2862.2000,2861.4000,2861.2000,2861.0000,2862.6000,2862.8000,2863.0000,2863.4000,2863.8000,1,2,1,4,4,7,4,4,1,2
SF,IH2006,2020-06-17 13:45:57.200,2862.6000,17528,-1,11723620080.000,7,3,4,空平,B,2862.4000,2862.2000,2861.4000,2861.2000,2861.0000,2862.8000,2863.0000,2863.4000,2863.8000,2864.4000,1,2,1,4,4,4,4,1,2,2
SF,IH2006,2020-06-17 13:45:57.700,2862.8000,17527,-1,11724478920.000,1,0,1,双平,B,2862.4000,2862.2000,2861.4000,2861.2000,2861.0000,2862.8000,2863.0000,2863.4000,2863.8000,2864.4000,1,2,1,4,4,4,4,1,2,2
SF,IH2006,2020-06-17 13:45:59.200,2862.4000,17527,0,11725337640.000,1,0,1,空换,B,2862.2000,2861.4000,2861.2000,2861.0000,2860.8000,2862.8000,2863.0000,2863.4000,2863.8000,2864.4000,2,1,4,4,1,4,4,1,2,2
SF,IH2006,2020-06-17 13:46:00.700,2862.4000,17527,0,11725337640.000,0,-,-,-,-,2862.2000,2861.4000,2861.2000,2861.0000,2860.8000,2862.8000,2863.0000,2863.4000,2863.8000,2864.4000,2,1,4,4,1,5,4,1,2,2
SF,IH2006,2020-06-17 13:46:01.200,2862.4000,17527,0,11725337640.000,0,-,-,-,-,2862.2000,2861.4000,2861.2000,2861.0000,2860.8000,2862.8000,2863.0000,2863.4000,2863.8000,2864.4000,3,1,4,4,1,5,4,1,2,2
SF,IH2006,2020-06-17 13:46:02.200,2862.8000,17527,0,11726196480.000,1,0,1,空换,B,2862.4000,2862.2000,2861.4000,2861.2000,2861.0000,2862.8000,2863.0000,2863.4000,2863.8000,2864.4000,1,3,1,4,4,4,4,1,2,2
SF,IH2006,2020-06-17 13:46:04.700,2862.8000,17527,0,11727055320.000,1,0,1,空换,B,2862.4000,2862.2000,2861.4000,2861.2000,2861.0000,2862.8000,2863.0000,2863.4000,2863.8000,2864.4000,1,3,1,4,4,3,4,1,2,2
SF,IH2006,2020-06-17 13:46:05.200,2862.8000,17527,0,11727055320.000,0,-,-,-,-,2862.4000,2862.2000,2861.4000,2861.2000,2861.0000,2862.6000,2862.8000,2863.0000,2863.4000,2863.8000,1,3,1,4,4,7,3,4,1,2
SF,IH2006,2020-06-17 13:46:05.700,2862.2000,17529,2,11728772700.000,2,2,0,双开,B,2862.2000,2861.4000,2861.2000,2861.0000,2860.8000,2862.6000,2862.8000,2863.0000,2863.4000,2863.8000,1,1,4,4,1,7,3,4,1,2
SF,IH2006,2020-06-17 13:46:06.200,2862.2000,17530,1,11729631360.000,1,1,0,双开,B,2861.4000,2861.2000,2861.0000,2860.8000,2860.2000,2862.6000,2862.8000,2863.0000,2863.4000,2863.8000,1,4,4,1,5,6,3,4,1,2
SF,IH2006,2020-06-17 13:46:06.700,2862.4000,17531,1,11733065940.000,4,2,2,多开,B,2861.8000,2861.6000,2861.4000,2861.2000,2861.0000,2862.4000,2862.6000,2862.8000,2863.0000,2863.4000,5,12,3,4,5,2,6,2,4,1
SF,IH2006,2020-06-17 13:46:07.200,2862.2000,17531,0,11736500700.000,4,2,2,空换,B,2862.2000,2862.0000,2861.8000,2861.6000,2861.4000,2862.6000,2862.8000,2863.0000,2863.4000,2863.8000,2,8,4,8,3,1,2,4,1,2
SF,IH2006,2020-06-17 13:46:07.700,2862.4000,17536,5,11740794300.000,5,5,0,双开,B,2862.4000,2862.2000,2862.0000,2861.8000,2861.6000,2862.8000,2863.0000,2863.4000,2863.8000,2864.4000,3,1,6,2,3,2,4,1,2,2
SF,IH2006,2020-06-17 13:46:08.200,2862.4000,17536,0,11740794300.000,0,-,-,-,-,2862.4000,2862.2000,2862.0000,2861.6000,2861.4000,2862.8000,2863.0000,2863.4000,2863.8000,2864.4000,3,1,4,3,3,2,4,1,2,2
SF,IH2006,2020-06-17 13:46:08.700,2862.4000,17536,0,11740794300.000,0,-,-,-,-,2862.4000,2862.2000,2862.0000,2861.6000,2861.4000,2862.8000,2863.0000,2863.4000,2863.8000,2864.4000,2,1,4,3,3,2,4,1,2,2
SF,IH2006,2020-06-17 13:46:09.700,2862.4000,17536,0,11740794300.000,0,-,-,-,-,2862.2000,2862.0000,2861.6000,2861.4000,2861.2000,2862.8000,2863.0000,2863.4000,2863.8000,2864.4000,1,4,3,3,4,2,4,1,2,2
SF,IH2006,2020-06-17 13:46:10.200,2862.4000,17536,0,11740794300.000,0,-,-,-,-,2862.2000,2862.0000,2861.6000,2861.4000,2861.2000,2862.8000,2863.0000,2863.4000,2863.8000,2864.4000,2,4,4,3,4,3,4,1,2,2
SF,IH2006,2020-06-17 13:46:10.700,2862.4000,17536,0,11740794300.000,0,-,-,-,-,2862.2000,2862.0000,2861.6000,2861.4000,2861.2000,2862.8000,2863.0000,2863.4000,2863.8000,2864.4000,1,4,4,3,4,3,4,1,2,2
SF,IH2006,2020-06-17 13:46:11.200,2862.8000,17536,0,11741653140.000,1,0,1,空换,B,2862.2000,2862.0000,2861.6000,2861.4000,2861.2000,2862.8000,2863.0000,2863.4000,2863.8000,2864.4000,1,4,4,3,4,2,4,1,2,2
SF,IH2006,2020-06-17 13:46:11.700,2862.8000,17536,0,11741653140.000,0,-,-,-,-,2862.2000,2862.0000,2861.6000,2861.4000,2861.2000,2862.8000,2863.0000,2863.4000,2863.8000,2864.4000,1,4,4,3,4,2,4,1,2,2
SF,IH2006,2020-06-17 13:46:12.200,2862.8000,17536,0,11741653140.000,0,-,-,-,-,2862.2000,2862.0000,2861.6000,2861.4000,2861.2000,2862.8000,2863.0000,2863.4000,2863.8000,2864.4000,1,2,4,3,4,2,4,1,2,2
SF,IH2006,2020-06-17 13:46:13.700,2862.8000,17536,0,11741653140.000,0,-,-,-,-,2862.2000,2862.0000,2861.6000,2861.4000,2861.2000,2862.8000,2863.0000,2863.4000,2863.8000,2864.4000,2,2,4,3,4,2,4,1,2,2
SF,IH2006,2020-06-17 13:46:14.200,2862.8000,17536,0,11741653140.000,0,-,-,-,-,2862.2000,2862.0000,2861.6000,2861.4000,2861.2000,2862.8000,2863.0000,2863.4000,2863.8000,2864.4000,2,2,4,3,4,2,4,1,2,2
SF,IH2006,2020-06-17 13:46:14.700,2862.8000,17536,0,11741653140.000,0,-,-,-,-,2862.2000,2862.0000,2861.6000,2861.4000,2861.2000,2862.8000,2863.0000,2863.4000,2863.8000,2864.4000,3,2,4,3,4,2,4,1,2,2
SF,IH2006,2020-06-17 13:46:15.200,2862.4000,17536,0,11742511860.000,1,0,1,空换,B,2862.2000,2862.0000,2861.6000,2861.4000,2861.2000,2862.8000,2863.0000,2863.4000,2863.8000,2864.4000,3,2,4,3,4,2,4,1,2,2
SF,IH2006,2020-06-17 13:46:16.200,2862.4000,17536,0,11742511860.000,0,-,-,-,-,2862.2000,2862.0000,2861.6000,2861.4000,2861.2000,2862.8000,2863.0000,2863.4000,2863.8000,2864.4000,3,2,4,3,4,3,4,1,2,2
SF,IH2006,2020-06-17 13:46:16.700,2862.2000,17537,1,11744229180.000,2,1,1,多开,B,2862.2000,2862.0000,2861.6000,2861.4000,2861.2000,2862.8000,2863.0000,2863.4000,2863.8000,2864.4000,1,2,4,3,4,3,4,1,2,2
SF,IH2006,2020-06-17 13:46:17.200,2862.2000,17537,0,11744229180.000,0,-,-,-,-,2862.0000,2861.6000,2861.4000,2861.2000,2861.0000,2862.8000,2863.0000,2863.4000,2863.8000,2864.4000,2,4,3,4,4,3,4,1,2,2
SF,IH2006,2020-06-17 13:46:17.700,2862.8000,17537,0,11745088020.000,1,0,1,空换,B,2862.0000,2861.6000,2861.4000,2861.2000,2861.0000,2862.8000,2863.0000,2863.4000,2863.8000,2864.4000,3,4,3,4,4,2,4,1,2,2
SF,IH2006,2020-06-17 13:46:18.200,2862.8000,17537,0,11745088020.000,0,-,-,-,-,2862.0000,2861.6000,2861.4000,2861.2000,2861.0000,2862.6000,2862.8000,2863.0000,2863.4000,2863.8000,3,4,3,4,4,3,2,4,1,2
SF,IH2006,2020-06-17 13:46:19.700,2862.8000,17537,0,11745088020.000,0,-,-,-,-,2862.0000,2861.6000,2861.4000,2861.2000,2861.0000,2862.6000,2862.8000,2863.0000,2863.4000,2863.8000,2,4,3,4,4,4,2,4,1,2
SF,IH2006,2020-06-17 13:46:20.200,2862.8000,17537,0,11745088020.000,0,-,-,-,-,2861.6000,2861.4000,2861.2000,2861.0000,2860.8000,2862.6000,2862.8000,2863.0000,2863.4000,2863.8000,4,3,4,4,1,4,2,4,1,2
SF,IH2006,2020-06-17 13:46:20.700,2862.8000,17537,0,11745088020.000,0,-,-,-,-,2861.8000,2861.6000,2861.4000,2861.2000,2861.0000,2862.4000,2862.6000,2862.8000,2863.0000,2863.4000,3,3,2,4,4,2,3,2,4,1
SF,IH2006,2020-06-17 13:46:21.200,2862.8000,17537,0,11745088020.000,0,-,-,-,-,2861.8000,2861.6000,2861.4000,2861.2000,2861.0000,2862.4000,2862.6000,2862.8000,2863.0000,2863.4000,6,3,2,4,4,2,3,2,4,1
SF,IH2006,2020-06-17 13:46:21.700,2862.8000,17537,0,11745088020.000,0,-,-,-,-,2861.8000,2861.6000,2861.4000,2861.2000,2861.0000,2862.4000,2862.6000,2862.8000,2863.0000,2863.4000,4,3,2,4,4,2,3,2,4,1
SF,IH2006,2020-06-17 13:46:24.200,2862.8000,17537,0,11745088020.000,0,-,-,-,-,2861.8000,2861.6000,2861.4000,2861.2000,2861.0000,2862.4000,2862.6000,2862.8000,2863.0000,2863.4000,4,3,2,4,4,2,3,2,4,1
SF,IH2006,2020-06-17 13:46:26.200,2862.8000,17537,0,11745088020.000,0,-,-,-,-,2861.8000,2861.6000,2861.4000,2861.2000,2861.0000,2862.0000,2862.4000,2862.6000,2862.8000,2863.0000,4,3,2,4,4,1,2,3,2,4
SF,IH2006,2020-06-17 13:46:26.700,2862.0000,17536,-1,11745946620.000,1,0,1,双平,B,2861.8000,2861.6000,2861.4000,2861.2000,2861.0000,2862.4000,2862.6000,2862.8000,2863.0000,2863.4000,2,3,2,4,4,2,3,2,4,1
SF,IH2006,2020-06-17 13:46:27.200,2862.0000,17536,0,11745946620.000,0,-,-,-,-,2861.8000,2861.6000,2861.4000,2861.2000,2861.0000,2862.0000,2862.2000,2862.4000,2862.6000,2862.8000,2,3,2,4,4,2,2,2,3,1
SF,IH2006,2020-06-17 13:46:27.700,2862.0000,17536,0,11745946620.000,0,-,-,-,-,2861.8000,2861.6000,2861.4000,2861.2000,2861.0000,2862.0000,2862.2000,2862.4000,2862.6000,2862.8000,1,3,2,4,4,2,2,2,3,1
SF,IH2006,2020-06-17 13:46:28.200,2862.0000,17536,0,11745946620.000,0,-,-,-,-,2861.8000,2861.6000,2861.4000,2861.2000,2861.0000,2862.0000,2862.2000,2862.4000,2862.6000,2862.8000,1,2,2,4,4,2,2,2,3,1
SF,IH2006,2020-06-17 13:46:29.200,2862.0000,17536,0,11747663820.000,2,1,1,空换,B,2862.0000,2861.6000,2861.4000,2861.2000,2861.0000,2862.2000,2862.4000,2862.6000,2862.8000,2863.0000,1,2,2,4,4,2,2,3,1,4
SF,IH2006,2020-06-17 13:46:29.700,2862.0000,17535,-1,11748522420.000,1,0,1,双平,B,2861.6000,2861.4000,2861.2000,2861.0000,2860.8000,2862.2000,2862.4000,2862.6000,2862.8000,2863.0000,2,2,4,4,1,2,2,3,1,4
SF,IH2006,2020-06-17 13:46:30.200,2862.0000,17535,0,11748522420.000,0,-,-,-,-,2861.6000,2861.4000,2861.2000,2861.0000,2860.8000,2862.2000,2862.4000,2862.6000,2862.8000,2863.0000,2,2,4,4,1,1,2,3,1,4
SF,IH2006,2020-06-17 13:46:30.700,2862.0000,17535,0,11748522420.000,0,-,-,-,-,2861.6000,2861.4000,2861.2000,2861.0000,2860.8000,2862.2000,2862.4000,2862.6000,2862.8000,2863.0000,2,2,4,4,1,1,3,2,1,4
SF,IH2006,2020-06-17 13:46:31.700,2862.0000,17535,0,11748522420.000,0,-,-,-,-,2861.6000,2861.4000,2861.2000,2861.0000,2860.8000,2862.2000,2862.4000,2862.8000,2863.0000,2863.4000,2,1,4,4,1,1,3,1,4,1
SF,IH2006,2020-06-17 13:46:32.200,2862.0000,17535,0,11748522420.000,0,-,-,-,-,2861.8000,2861.6000,2861.4000,2861.2000,2861.0000,2862.2000,2862.4000,2862.8000,2863.0000,2863.4000,2,4,1,4,4,1,3,1,4,1
SF,IH2006,2020-06-17 13:46:32.700,2862.0000,17535,0,11748522420.000,0,-,-,-,-,2861.8000,2861.6000,2861.4000,2861.2000,2861.0000,2862.4000,2862.8000,2863.0000,2863.4000,2863.8000,2,4,1,4,4,3,1,4,1,2
SF,IH2006,2020-06-17 13:46:33.200,2862.0000,17535,0,11748522420.000,0,-,-,-,-,2861.8000,2861.6000,2861.4000,2861.2000,2861.0000,2862.4000,2862.8000,2863.0000,2863.4000,2863.8000,2,4,1,4,4,3,1,4,1,2
SF,IH2006,2020-06-17 13:46:34.200,2862.0000,17535,0,11748522420.000,0,-,-,-,-,2861.8000,2861.6000,2861.4000,2861.2000,2861.0000,2862.2000,2862.4000,2862.8000,2863.0000,2863.4000,2,4,1,4,4,2,3,1,4,1
SF,IH2006,2020-06-17 13:46:34.700,2862.0000,17535,0,11748522420.000,0,-,-,-,-,2861.8000,2861.6000,2861.4000,2861.2000,2861.0000,2862.2000,2862.4000,2862.8000,2863.0000,2863.4000,2,4,1,4,4,3,3,1,4,1
SF,IH2006,2020-06-17 13:46:35.700,2862.0000,17535,0,11748522420.000,0,-,-,-,-,2861.8000,2861.6000,2861.4000,2861.2000,2861.0000,2862.2000,2862.4000,2862.8000,2863.0000,2863.4000,2,4,1,4,4,4,3,1,4,1
SF,IH2006,2020-06-17 13:46:36.200,2862.0000,17535,0,11748522420.000,0,-,-,-,-,2861.6000,2861.4000,2861.2000,2861.0000,2860.8000,2862.2000,2862.4000,2862.8000,2863.0000,2863.4000,4,1,4,4,1,4,3,1,4,1
SF,IH2006,2020-06-17 13:46:37.200,2862.0000,17535,0,11748522420.000,0,-,-,-,-,2861.6000,2861.4000,2861.2000,2861.0000,2860.8000,2862.2000,2862.4000,2862.8000,2863.0000,2863.4000,4,1,4,4,1,3,3,1,4,1
SF,IH2006,2020-06-17 13:46:37.700,2862.0000,17535,0,11748522420.000,0,-,-,-,-,2861.8000,2861.6000,2861.4000,2861.2000,2861.0000,2862.2000,2862.4000,2862.8000,2863.0000,2863.4000,1,4,1,4,4,3,3,1,4,1
SF,IH2006,2020-06-17 13:46:38.200,2861.8000,17536,1,11749380960.000,1,1,0,双开,B,2861.6000,2861.4000,2861.2000,2861.0000,2860.8000,2862.2000,2862.4000,2862.8000,2863.0000,2863.4000,4,1,4,4,1,3,3,1,4,1
SF,IH2006,2020-06-17 13:46:38.700,2861.8000,17536,0,11749380960.000,0,-,-,-,-,2861.6000,2861.4000,2861.2000,2861.0000,2860.8000,2862.2000,2862.4000,2862.8000,2863.0000,2863.4000,4,1,4,4,1,3,3,1,4,1
SF,IH2006,2020-06-17 13:46:40.200,2861.8000,17536,0,11749380960.000,0,-,-,-,-,2861.6000,2861.4000,2861.2000,2861.0000,2860.8000,2862.2000,2862.4000,2862.8000,2863.0000,2863.4000,4,1,4,4,1,3,3,1,4,1
SF,IH2006,2020-06-17 13:46:40.700,2861.8000,17536,0,11749380960.000,0,-,-,-,-,2861.6000,2861.4000,2861.2000,2861.0000,2860.8000,2862.2000,2862.4000,2862.8000,2863.0000,2863.4000,5,1,4,4,1,3,3,1,4,1
SF,IH2006,2020-06-17 13:46:41.700,2862.0000,17536,0,11750239560.000,1,0,1,空换,B,2861.6000,2861.4000,2861.2000,2861.0000,2860.8000,2862.2000,2862.4000,2862.8000,2863.0000,2863.4000,5,1,4,4,1,3,2,1,4,1
SF,IH2006,2020-06-17 13:46:42.200,2862.0000,17536,0,11750239560.000,0,-,-,-,-,2861.6000,2861.4000,2861.2000,2861.0000,2860.8000,2862.0000,2862.2000,2862.4000,2862.8000,2863.0000,2,1,4,4,1,2,3,2,1,3
SF,IH2006,2020-06-17 13:46:42.700,2862.0000,17536,0,11750239560.000,0,-,-,-,-,2861.6000,2861.4000,2861.2000,2861.0000,2860.8000,2862.0000,2862.2000,2862.4000,2862.8000,2863.0000,2,1,4,4,1,3,3,2,1,3
SF,IH2006,2020-06-17 13:46:45.200,2862.0000,17536,0,11750239560.000,0,-,-,-,-,2861.6000,2861.4000,2861.2000,2861.0000,2860.8000,2862.0000,2862.2000,2862.4000,2862.8000,2863.0000,2,1,4,4,1,2,3,2,1,3
SF,IH2006,2020-06-17 13:46:45.700,2862.0000,17536,0,11750239560.000,0,-,-,-,-,2861.6000,2861.4000,2861.2000,2861.0000,2860.8000,2861.8000,2862.0000,2862.2000,2862.4000,2862.8000,2,1,4,4,1,1,2,3,2,1
SF,IH2006,2020-06-17 13:46:46.200,2862.0000,17536,0,11750239560.000,0,-,-,-,-,2861.6000,2861.4000,2861.2000,2861.0000,2860.8000,2861.8000,2862.0000,2862.2000,2862.4000,2862.8000,2,1,4,4,1,1,3,3,2,1
SF,IH2006,2020-06-17 13:46:46.700,2861.6000,17536,0,11751098040.000,1,0,1,空换,B,2861.6000,2861.4000,2861.2000,2861.0000,2860.8000,2861.8000,2862.0000,2862.2000,2862.4000,2862.8000,1,1,4,4,1,1,3,3,2,1
SF,IH2006,2020-06-17 13:46:47.200,2861.6000,17536,0,11751956520.000,1,0,1,空换,B,2861.4000,2861.2000,2861.0000,2860.8000,2860.6000,2861.8000,2862.0000,2862.2000,2862.4000,2862.8000,1,4,4,1,1,1,3,3,2,1
SF,IH2006,2020-06-17 13:46:47.700,2861.6000,17536,0,11751956520.000,0,-,-,-,-,2861.4000,2861.2000,2861.0000,2860.8000,2860.6000,2861.6000,2861.8000,2862.0000,2862.2000,2862.4000,1,4,4,1,1,1,2,2,3,1
SF,IH2006,2020-06-17 13:46:48.200,2861.6000,17535,-1,11752815000.000,1,0,1,双平,B,2861.4000,2861.2000,2861.0000,2860.8000,2860.6000,2861.8000,2862.0000,2862.2000,2862.4000,2862.8000,1,4,4,1,1,2,2,3,1,1
SF,IH2006,2020-06-17 13:46:48.700,2861.6000,17535,0,11752815000.000,0,-,-,-,-,2861.4000,2861.2000,2861.0000,2860.8000,2860.6000,2861.8000,2862.0000,2862.2000,2862.4000,2862.8000,1,4,4,1,1,1,2,3,1,1
SF,IH2006,2020-06-17 13:46:49.200,2861.6000,17535,0,11752815000.000,0,-,-,-,-,2861.4000,2861.2000,2861.0000,2860.8000,2860.2000,2861.8000,2862.0000,2862.2000,2862.4000,2862.8000,1,4,4,1,5,1,2,3,1,1
SF,IH2006,2020-06-17 13:46:49.700,2861.2000,17537,2,11754531780.000,2,2,0,双开,B,2861.2000,2861.0000,2860.8000,2860.2000,2860.0000,2861.8000,2862.0000,2862.2000,2862.4000,2862.8000,3,4,1,5,16,1,2,3,1,1
SF,IH2006,2020-06-17 13:46:50.200,2861.2000,17537,0,11754531780.000,0,-,-,-,-,2861.4000,2861.2000,2861.0000,2860.8000,2860.2000,2861.8000,2862.0000,2862.2000,2862.4000,2862.8000,1,3,4,1,5,1,2,3,1,1
SF,IH2006,2020-06-17 13:46:50.700,2861.2000,17537,0,11754531780.000,0,-,-,-,-,2861.6000,2861.4000,2861.2000,2861.0000,2860.8000,2861.8000,2862.0000,2862.2000,2862.4000,2862.8000,1,1,3,4,1,1,2,3,1,1
SF,IH2006,2020-06-17 13:46:51.700,2861.6000,17538,1,11755390260.000,1,1,0,双开,B,2861.4000,2861.2000,2861.0000,2860.8000,2860.2000,2861.8000,2862.0000,2862.2000,2862.4000,2862.8000,1,3,4,1,5,1,2,3,1,1
SF,IH2006,2020-06-17 13:46:52.200,2861.4000,17538,0,11756248680.000,1,0,1,空换,B,2861.2000,2861.0000,2860.8000,2860.4000,2860.2000,2861.4000,2861.6000,2861.8000,2862.0000,2862.2000,3,4,1,1,5,2,1,1,2,3
SF,IH2006,2020-06-17 13:46:52.700,2861.4000,17538,0,11756248680.000,0,-,-,-,-,2861.2000,2861.0000,2860.8000,2860.4000,2860.2000,2861.4000,2861.6000,2861.8000,2862.0000,2862.2000,3,4,1,1,5,3,1,2,2,3
SF,IH2006,2020-06-17 13:46:53.200,2861.4000,17538,0,11757107100.000,1,0,1,空换,B,2861.2000,2861.0000,2860.8000,2860.2000,2860.0000,2861.4000,2861.6000,2861.8000,2862.0000,2862.2000,3,4,1,5,16,2,1,2,2,3
SF,IH2006,2020-06-17 13:46:53.700,2861.4000,17538,0,11757107100.000,0,-,-,-,-,2861.2000,2861.0000,2860.8000,2860.2000,2860.0000,2861.4000,2861.8000,2862.0000,2862.2000,2862.4000,3,4,1,5,16,3,2,2,3,1
SF,IH2006,2020-06-17 13:46:54.200,2861.4000,17538,0,11757965520.000,1,0,1,空换,B,2861.2000,2861.0000,2860.8000,2860.2000,2860.0000,2861.4000,2861.8000,2862.0000,2862.2000,2862.8000,4,4,1,5,16,2,2,2,2,2
SF,IH2006,2020-06-17 13:46:54.700,2861.4000,17538,0,11757965520.000,0,-,-,-,-,2861.2000,2861.0000,2860.8000,2860.2000,2860.0000,2861.4000,2861.8000,2862.0000,2862.2000,2862.8000,4,4,1,5,16,2,2,2,2,2
SF,IH2006,2020-06-17 13:46:55.200,2861.4000,17538,0,11758823940.000,1,0,1,空换,B,2861.2000,2861.0000,2860.8000,2860.2000,2860.0000,2861.4000,2861.8000,2862.0000,2862.2000,2862.8000,4,4,1,5,16,1,2,2,2,2
SF,IH2006,2020-06-17 13:46:58.700,2861.2000,17537,-1,11759682300.000,1,0,1,双平,B,2861.2000,2861.0000,2860.8000,2860.2000,2860.0000,2861.4000,2861.8000,2862.0000,2862.2000,2862.8000,3,4,1,5,16,1,2,2,2,2
SF,IH2006,2020-06-17 13:46:59.200,2861.4000,17541,4,11763115800.000,4,4,0,双开,B,2861.0000,2860.8000,2860.2000,2860.0000,2859.8000,2861.4000,2861.8000,2862.0000,2862.2000,2862.8000,4,1,5,16,1,1,2,2,1,2
SF,IH2006,2020-06-17 13:47:00.200,2861.4000,17541,0,11763115800.000,0,-,-,-,-,2861.0000,2860.8000,2860.2000,2860.0000,2859.8000,2861.2000,2861.4000,2861.8000,2862.0000,2862.2000,4,1,5,16,1,1,1,2,3,1
SF,IH2006,2020-06-17 13:47:00.700,2861.0000,17542,1,11764832400.000,2,1,1,多开,B,2861.0000,2860.8000,2860.2000,2860.0000,2859.8000,2861.2000,2861.4000,2861.8000,2862.0000,2862.2000,2,1,5,16,1,3,1,2,3,1
SF,IH2006,2020-06-17 13:47:01.200,2861.0000,17543,1,11766549000.000,2,1,1,多开,B,2860.8000,2860.2000,2860.0000,2859.8000,2859.2000,2861.0000,2861.2000,2861.4000,2861.8000,2862.0000,1,5,16,1,1,8,3,1,2,3
SF,IH2006,2020-06-17 13:47:01.700,2861.0000,17542,-1,11767407300.000,1,0,1,双平,B,2860.8000,2860.2000,2860.0000,2859.8000,2859.2000,2861.0000,2861.2000,2861.4000,2861.8000,2862.0000,1,5,16,1,1,7,2,1,2,3
SF,IH2006,2020-06-17 13:47:02.200,2860.8000,17542,0,11768265540.000,1,0,1,空换,B,2860.6000,2860.4000,2860.2000,2860.0000,2859.8000,2860.8000,2861.0000,2861.2000,2861.4000,2861.8000,1,1,5,16,1,2,7,2,1,2
SF,IH2006,2020-06-17 13:47:02.700,2861.0000,17541,-1,11773415220.000,6,2,4,空平,B,2860.8000,2860.6000,2860.4000,2860.2000,2860.0000,2861.0000,2861.2000,2861.4000,2861.8000,2862.0000,3,1,1,5,16,4,1,1,2,3
SF,IH2006,2020-06-17 13:47:03.200,2861.0000,17541,0,11774273520.000,1,0,1,空换,B,2860.8000,2860.6000,2860.4000,2860.2000,2860.0000,2861.0000,2861.2000,2861.4000,2861.8000,2862.0000,4,1,1,5,16,3,1,1,2,3
SF,IH2006,2020-06-17 13:47:03.700,2861.0000,17542,1,11776848420.000,3,2,1,多开,B,2861.0000,2860.8000,2860.6000,2860.4000,2860.2000,2861.2000,2861.4000,2861.8000,2862.0000,2862.2000,1,4,1,1,5,1,1,2,3,1
SF,IH2006,2020-06-17 13:47:04.200,2861.0000,17542,0,11776848420.000,0,-,-,-,-,2861.0000,2860.8000,2860.6000,2860.4000,2860.2000,2861.4000,2861.8000,2862.0000,2862.2000,2862.8000,1,4,1,1,5,1,2,3,1,2
SF,IH2006,2020-06-17 13:47:05.200,2861.0000,17542,0,11776848420.000,0,-,-,-,-,2861.0000,2860.8000,2860.6000,2860.4000,2860.2000,2861.2000,2861.4000,2861.8000,2862.0000,2862.2000,1,4,1,1,5,1,1,2,3,1
SF,IH2006,2020-06-17 13:47:05.700,2861.0000,17542,0,11777706720.000,1,0,1,空换,B,2860.8000,2860.6000,2860.4000,2860.2000,2860.0000,2861.0000,2861.2000,2861.4000,2861.8000,2862.0000,4,1,1,5,16,3,1,1,2,3
SF,IH2006,2020-06-17 13:47:06.200,2861.0000,17538,-4,11781139920.000,4,0,4,双平,B,2860.8000,2860.6000,2860.4000,2860.2000,2860.0000,2861.2000,2861.4000,2861.8000,2862.0000,2862.2000,4,1,1,5,16,1,1,2,3,1
SF,IH2006,2020-06-17 13:47:06.700,2861.0000,17538,0,11781139920.000,0,-,-,-,-,2861.0000,2860.8000,2860.6000,2860.4000,2860.2000,2861.2000,2861.4000,2861.8000,2862.0000,2862.2000,1,4,1,1,5,1,1,2,3,1
SF,IH2006,2020-06-17 13:47:07.200,2861.2000,17539,1,11781998280.000,1,1,0,双开,B,2861.0000,2860.8000,2860.6000,2860.4000,2860.2000,2861.4000,2861.8000,2862.0000,2862.2000,2862.8000,1,3,1,1,5,1,2,3,1,2
SF,IH2006,2020-06-17 13:47:07.700,2861.2000,17539,0,11781998280.000,0,-,-,-,-,2861.2000,2861.0000,2860.8000,2860.6000,2860.4000,2861.4000,2861.8000,2862.0000,2862.2000,2862.8000,1,2,3,1,1,1,2,3,1,2
SF,IH2006,2020-06-17 13:47:08.200,2861.2000,17540,1,11782856640.000,1,1,0,双开,B,2861.0000,2860.8000,2860.6000,2860.4000,2860.2000,2861.2000,2861.8000,2862.0000,2862.2000,2862.8000,2,3,1,1,5,1,2,3,1,2
SF,IH2006,2020-06-17 13:47:08.700,2861.2000,17542,2,11788006800.000,6,4,2,多开,B,2861.0000,2860.8000,2860.6000,2860.4000,2860.2000,2861.2000,2861.8000,2862.0000,2862.2000,2862.8000,2,3,1,1,5,16,2,3,1,2
SF,IH2006,2020-06-17 13:47:09.200,2861.0000,17544,2,11789723460.000,2,2,0,双开,B,2861.0000,2860.8000,2860.6000,2860.4000,2860.2000,2861.2000,2861.8000,2862.0000,2862.2000,2862.8000,1,3,1,1,5,15,2,3,1,2
SF,IH2006,2020-06-17 13:47:09.700,2861.0000,17545,1,11790581760.000,1,1,0,双开,B,2860.8000,2860.6000,2860.4000,2860.2000,2860.0000,2861.2000,2861.8000,2862.0000,2862.2000,2862.8000,3,1,1,5,16,15,2,3,1,2
SF,IH2006,2020-06-17 13:47:10.200,2860.8000,17545,0,11791440000.000,1,0,1,空换,B,2860.8000,2860.6000,2860.4000,2860.2000,2860.0000,2861.0000,2861.2000,2861.8000,2862.0000,2862.2000,2,1,1,5,16,2,16,2,3,1
SF,IH2006,2020-06-17 13:47:10.700,2860.8000,17545,0,11791440000.000,0,-,-,-,-,2861.0000,2860.8000,2860.6000,2860.4000,2860.2000,2861.2000,2861.8000,2862.0000,2862.2000,2862.8000,1,2,1,1,5,16,2,3,1,2
SF,IH2006,2020-06-17 13:47:11.200,2861.0000,17544,-1,11792298300.000,1,0,1,双平,B,2860.8000,2860.6000,2860.4000,2860.2000,2860.0000,2861.2000,2861.8000,2862.0000,2862.2000,2862.8000,2,1,1,5,16,16,2,3,1,2
SF,IH2006,2020-06-17 13:47:11.700,2861.0000,17544,0,11792298300.000,0,-,-,-,-,2860.8000,2860.6000,2860.4000,2860.2000,2860.0000,2861.2000,2861.8000,2862.0000,2862.2000,2862.8000,2,1,1,5,16,15,2,3,1,2
SF,IH2006,2020-06-17 13:47:12.700,2861.0000,17544,0,11792298300.000,0,-,-,-,-,2861.0000,2860.8000,2860.6000,2860.4000,2860.2000,2861.2000,2861.8000,2862.0000,2862.2000,2862.8000,1,2,1,1,5,15,2,3,1,2
SF,IH2006,2020-06-17 13:47:13.700,2861.2000,17545,1,11793156660.000,1,1,0,双开,B,2860.8000,2860.6000,2860.4000,2860.2000,2860.0000,2861.2000,2861.8000,2862.0000,2862.2000,2862.8000,2,1,1,5,16,14,2,3,1,2
SF,IH2006,2020-06-17 13:47:14.200,2861.2000,17546,1,11794015020.000,1,1,0,双开,B,2861.0000,2860.8000,2860.6000,2860.4000,2860.2000,2861.2000,2861.8000,2862.0000,2862.2000,2862.8000,2,4,1,1,5,13,2,3,1,2
SF,IH2006,2020-06-17 13:47:14.700,2861.2000,17548,2,11795731740.000,2,2,0,双开,B,2861.0000,2860.8000,2860.6000,2860.4000,2860.2000,2861.2000,2861.8000,2862.0000,2862.2000,2862.8000,2,4,1,1,5,11,2,2,1,2
SF,IH2006,2020-06-17 13:47:15.200,2861.2000,17549,1,11796590100.000,1,1,0,双开,B,2861.0000,2860.8000,2860.6000,2860.4000,2860.2000,2861.2000,2861.8000,2862.0000,2862.2000,2862.8000,1,4,1,1,5,10,2,2,1,2
SF,IH2006,2020-06-17 13:47:15.700,2861.2000,17551,2,11798306820.000,2,2,0,双开,B,2861.0000,2860.8000,2860.6000,2860.4000,2860.2000,2861.2000,2861.8000,2862.0000,2862.2000,2862.8000,3,4,1,1,4,8,2,2,1,2
SF,IH2006,2020-06-17 13:47:16.200,2861.2000,17559,8,11805173700.000,8,8,0,双开,B,2861.0000,2860.8000,2860.6000,2860.4000,2860.2000,2861.8000,2862.0000,2862.2000,2862.8000,2863.0000,3,4,1,1,4,2,2,1,2,3
SF,IH2006,2020-06-17 13:47:16.700,2861.2000,17559,0,11805173700.000,0,-,-,-,-,2861.0000,2860.8000,2860.6000,2860.4000,2860.2000,2861.6000,2861.8000,2862.0000,2862.2000,2862.8000,3,4,1,2,4,1,2,2,1,2
SF,IH2006,2020-06-17 13:47:17.700,2861.2000,17559,0,11805173700.000,0,-,-,-,-,2861.0000,2860.8000,2860.6000,2860.4000,2860.2000,2861.6000,2861.8000,2862.0000,2862.2000,2862.8000,3,4,1,2,4,2,2,2,1,2
SF,IH2006,2020-06-17 13:47:18.200,2861.2000,17559,0,11805173700.000,0,-,-,-,-,2861.0000,2860.8000,2860.6000,2860.4000,2860.2000,2861.4000,2861.6000,2861.8000,2862.0000,2862.2000,1,4,1,2,4,1,2,2,2,1
SF,IH2006,2020-06-17 13:47:18.700,2861.2000,17559,0,11805173700.000,0,-,-,-,-,2861.0000,2860.8000,2860.6000,2860.4000,2860.2000,2861.4000,2861.6000,2861.8000,2862.0000,2862.2000,1,4,1,2,4,2,2,2,2,1
SF,IH2006,2020-06-17 13:47:19.200,2861.2000,17559,0,11805173700.000,0,-,-,-,-,2861.2000,2861.0000,2860.8000,2860.6000,2860.4000,2861.4000,2861.6000,2861.8000,2862.0000,2862.2000,1,1,4,1,2,2,2,2,2,1
SF,IH2006,2020-06-17 13:47:19.700,2861.2000,17558,-1,11806032060.000,1,0,1,双平,B,2861.0000,2860.8000,2860.6000,2860.4000,2860.2000,2861.2000,2861.4000,2861.6000,2861.8000,2862.0000,1,4,1,2,4,1,2,2,2,2
SF,IH2006,2020-06-17 13:47:20.200,2861.2000,17558,0,11806032060.000,0,-,-,-,-,2861.0000,2860.8000,2860.6000,2860.4000,2860.2000,2861.2000,2861.4000,2861.6000,2861.8000,2862.0000,1,4,1,2,3,1,2,2,2,2
SF,IH2006,2020-06-17 13:47:21.200,2861.2000,17558,0,11806032060.000,0,-,-,-,-,2861.0000,2860.8000,2860.6000,2860.4000,2860.2000,2861.4000,2861.6000,2861.8000,2862.0000,2862.2000,1,4,1,2,3,2,2,2,2,1
SF,IH2006,2020-06-17 13:47:21.700,2861.2000,17558,0,11806032060.000,0,-,-,-,-,2861.2000,2861.0000,2860.8000,2860.6000,2860.4000,2861.4000,2861.6000,2861.8000,2862.0000,2862.2000,1,1,4,1,2,2,2,2,2,1
SF,IH2006,2020-06-17 13:47:22.200,2861.2000,17557,-1,11806890420.000,1,0,1,双平,B,2861.0000,2860.8000,2860.6000,2860.4000,2860.2000,2861.4000,2861.6000,2861.8000,2862.0000,2862.2000,1,4,1,2,3,2,2,2,2,1
SF,IH2006,2020-06-17 13:47:22.700,2861.0000,17557,0,11807748720.000,1,0,1,空换,B,2860.8000,2860.6000,2860.4000,2860.2000,2860.0000,2861.4000,2861.6000,2861.8000,2862.0000,2862.2000,4,1,2,3,16,2,2,2,2,1
SF,IH2006,2020-06-17 13:47:23.200,2861.0000,17557,0,11807748720.000,0,-,-,-,-,2860.8000,2860.6000,2860.4000,2860.2000,2860.0000,2861.4000,2861.6000,2861.8000,2862.0000,2862.2000,2,1,2,3,16,2,2,2,2,1
SF,IH2006,2020-06-17 13:47:24.700,2861.0000,17557,0,11807748720.000,0,-,-,-,-,2860.8000,2860.6000,2860.4000,2860.2000,2860.0000,2861.2000,2861.4000,2861.6000,2861.8000,2862.0000,2,1,2,3,16,1,1,2,2,2
SF,IH2006,2020-06-17 13:47:25.700,2861.0000,17557,0,11807748720.000,0,-,-,-,-,2861.0000,2860.8000,2860.6000,2860.4000,2860.2000,2861.2000,2861.4000,2861.6000,2861.8000,2862.0000,1,2,1,2,3,1,1,2,2,2
SF,IH2006,2020-06-17 13:47:26.200,2861.2000,17557,0,11808607080.000,1,0,1,空换,B,2861.0000,2860.8000,2860.6000,2860.4000,2860.2000,2861.4000,2861.6000,2861.8000,2862.0000,2862.2000,2,2,1,2,3,1,2,2,2,1
SF,IH2006,2020-06-17 13:47:28.200,2861.2000,17557,0,11808607080.000,0,-,-,-,-,2861.0000,2860.8000,2860.6000,2860.4000,2860.2000,2861.4000,2861.6000,2861.8000,2862.0000,2862.2000,2,2,1,2,3,2,2,2,2,1
SF,IH2006,2020-06-17 13:47:28.700,2861.2000,17557,0,11808607080.000,0,-,-,-,-,2861.0000,2860.8000,2860.6000,2860.4000,2860.2000,2861.2000,2861.4000,2861.6000,2861.8000,2862.0000,2,2,1,2,3,1,1,2,2,2
SF,IH2006,2020-06-17 13:47:30.200,2861.0000,17556,-1,11809465380.000,1,0,1,双平,B,2861.0000,2860.8000,2860.6000,2860.4000,2860.2000,2861.2000,2861.4000,2861.6000,2861.8000,2862.0000,1,2,1,2,3,1,1,2,2,2
SF,IH2006,2020-06-17 13:47:30.700,2861.2000,17555,-1,11810323740.000,1,0,1,双平,B,2860.8000,2860.6000,2860.4000,2860.2000,2860.0000,2861.4000,2861.6000,2861.8000,2862.0000,2862.2000,2,1,2,3,16,1,2,2,2,1
SF,IH2006,2020-06-17 13:47:31.200,2861.2000,17555,0,11810323740.000,0,-,-,-,-,2861.2000,2861.0000,2860.8000,2860.6000,2860.4000,2861.4000,2861.6000,2861.8000,2862.0000,2862.2000,1,1,4,1,2,1,2,2,2,1
SF,IH2006,2020-06-17 13:47:32.200,2861.4000,17556,1,11811182160.000,1,1,0,双开,B,2861.0000,2860.8000,2860.6000,2860.4000,2860.2000,2861.6000,2861.8000,2862.0000,2862.2000,2862.8000,1,4,1,2,3,3,2,2,1,2
SF,IH2006,2020-06-17 13:47:32.700,2861.4000,17556,0,11811182160.000,0,-,-,-,-,2861.0000,2860.8000,2860.6000,2860.4000,2860.2000,2861.4000,2861.6000,2861.8000,2862.0000,2862.2000,1,4,1,2,3,1,4,2,2,1
SF,IH2006,2020-06-17 13:47:34.200,2861.4000,17556,0,11811182160.000,0,-,-,-,-,2861.0000,2860.8000,2860.6000,2860.4000,2860.2000,2861.4000,2861.6000,2861.8000,2862.0000,2862.2000,2,4,1,2,3,1,4,2,2,1
SF,IH2006,2020-06-17 13:47:35.200,2861.4000,17556,0,11811182160.000,0,-,-,-,-,2861.0000,2860.8000,2860.6000,2860.4000,2860.2000,2861.2000,2861.4000,2861.6000,2861.8000,2862.0000,2,4,1,2,3,2,1,4,2,2
SF,IH2006,2020-06-17 13:47:35.700,2861.4000,17556,0,11811182160.000,0,-,-,-,-,2861.0000,2860.8000,2860.6000,2860.4000,2860.2000,2861.4000,2861.6000,2861.8000,2862.0000,2862.2000,2,4,1,2,3,1,4,2,2,1
SF,IH2006,2020-06-17 13:47:37.200,2861.4000,17556,0,11812040580.000,1,0,1,空换,B,2861.0000,2860.8000,2860.6000,2860.4000,2860.2000,2861.6000,2861.8000,2862.0000,2862.2000,2862.8000,2,4,1,2,3,4,2,2,1,2
SF,IH2006,2020-06-17 13:47:37.700,2861.4000,17556,0,11812040580.000,0,-,-,-,-,2861.0000,2860.8000,2860.6000,2860.4000,2860.2000,2861.6000,2861.8000,2862.0000,2862.2000,2862.8000,4,4,1,2,3,4,2,2,1,2
SF,IH2006,2020-06-17 13:47:38.200,2861.4000,17556,0,11812040580.000,0,-,-,-,-,2861.2000,2861.0000,2860.8000,2860.6000,2860.4000,2861.6000,2861.8000,2862.0000,2862.2000,2862.8000,3,4,4,1,2,4,2,2,1,2
SF,IH2006,2020-06-17 13:47:38.700,2861.4000,17556,0,11812040580.000,0,-,-,-,-,2861.2000,2861.0000,2860.8000,2860.6000,2860.4000,2861.6000,2861.8000,2862.0000,2862.2000,2862.8000,3,3,4,1,2,3,2,2,1,2
SF,IH2006,2020-06-17 13:47:39.700,2861.4000,17556,0,11812040580.000,0,-,-,-,-,2861.4000,2861.2000,2861.0000,2860.8000,2860.6000,2861.6000,2861.8000,2862.0000,2862.2000,2862.8000,1,3,3,4,1,3,2,2,1,2
SF,IH2006,2020-06-17 13:47:40.700,2861.6000,17557,1,11812899060.000,1,1,0,双开,B,2861.2000,2861.0000,2860.8000,2860.6000,2860.4000,2861.6000,2861.8000,2862.0000,2862.2000,2862.8000,3,3,4,1,2,1,2,2,1,2
SF,IH2006,2020-06-17 13:47:41.200,2861.6000,17557,0,11812899060.000,0,-,-,-,-,2861.4000,2861.2000,2861.0000,2860.8000,2860.6000,2861.6000,2861.8000,2862.0000,2862.2000,2862.8000,1,3,3,4,1,1,2,2,1,2
SF,IH2006,2020-06-17 13:47:41.700,2861.6000,17557,0,11814616020.000,2,1,1,空换,B,2861.4000,2861.2000,2861.0000,2860.8000,2860.6000,2861.8000,2862.0000,2862.2000,2862.8000,2863.0000,1,3,4,4,1,2,2,1,2,3
SF,IH2006,2020-06-17 13:47:42.200,2861.6000,17557,0,11814616020.000,0,-,-,-,-,2861.4000,2861.2000,2861.0000,2860.8000,2860.6000,2861.8000,2862.0000,2862.8000,2863.0000,2863.6000,1,3,4,4,1,2,2,2,3,1
SF,IH2006,2020-06-17 13:47:43.200,2861.6000,17557,0,11814616020.000,0,-,-,-,-,2861.6000,2861.2000,2861.0000,2860.8000,2860.6000,2861.8000,2862.0000,2862.8000,2863.0000,2863.6000,1,3,4,4,1,2,2,2,3,1
SF,IH2006,2020-06-17 13:47:43.700,2861.6000,17557,0,11814616020.000,0,-,-,-,-,2861.6000,2861.2000,2861.0000,2860.8000,2860.6000,2861.8000,2862.0000,2862.8000,2863.0000,2863.6000,1,1,4,4,1,1,2,2,3,1
SF,IH2006,2020-06-17 13:47:46.200,2861.6000,17557,0,11814616020.000,0,-,-,-,-,2861.6000,2861.2000,2861.0000,2860.8000,2860.6000,2861.8000,2862.0000,2862.8000,2863.0000,2863.6000,1,1,4,4,1,2,2,2,3,1
SF,IH2006,2020-06-17 13:47:46.700,2861.6000,17557,0,11815474500.000,1,0,1,空换,B,2861.2000,2861.0000,2860.8000,2860.6000,2860.4000,2861.8000,2862.0000,2862.8000,2863.0000,2863.6000,1,4,4,1,2,2,2,2,3,1
SF,IH2006,2020-06-17 13:47:47.200,2861.6000,17557,0,11815474500.000,0,-,-,-,-,2861.4000,2861.2000,2861.0000,2860.8000,2860.6000,2861.6000,2861.8000,2862.0000,2862.8000,2863.0000,2,3,4,4,1,1,2,2,2,3
SF,IH2006,2020-06-17 13:47:47.700,2861.6000,17557,0,11815474500.000,0,-,-,-,-,2861.4000,2861.2000,2861.0000,2860.8000,2860.6000,2861.6000,2861.8000,2862.0000,2862.8000,2863.0000,2,3,4,4,1,1,2,2,3,3
SF,IH2006,2020-06-17 13:47:48.200,2861.6000,17556,-1,11816332980.000,1,0,1,双平,B,2861.4000,2861.2000,2861.0000,2860.8000,2860.6000,2861.8000,2862.0000,2862.8000,2863.0000,2863.6000,2,3,4,4,1,2,2,3,3,1
SF,IH2006,2020-06-17 13:47:49.700,2861.6000,17556,0,11816332980.000,0,-,-,-,-,2861.4000,2861.2000,2861.0000,2860.8000,2860.6000,2861.6000,2861.8000,2862.0000,2862.8000,2863.0000,2,3,4,4,1,1,2,2,3,3
SF,IH2006,2020-06-17 13:47:50.200,2861.6000,17556,0,11817191460.000,1,0,1,空换,B,2861.6000,2861.4000,2861.2000,2861.0000,2860.8000,2861.8000,2862.0000,2862.8000,2863.0000,2863.6000,2,2,3,4,4,3,2,3,3,1
SF,IH2006,2020-06-17 13:47:52.200,2861.6000,17555,-1,11818049940.000,1,0,1,双平,B,2861.6000,2861.4000,2861.2000,2861.0000,2860.8000,2861.8000,2862.0000,2862.8000,2863.0000,2863.6000,1,2,3,4,4,3,2,3,3,1
SF,IH2006,2020-06-17 13:47:52.700,2861.6000,17555,0,11818049940.000,0,-,-,-,-,2861.6000,2861.2000,2861.0000,2860.8000,2860.6000,2861.8000,2862.0000,2862.8000,2863.0000,2863.6000,1,3,4,4,1,3,2,3,3,1
SF,IH2006,2020-06-17 13:47:53.700,2861.6000,17554,-1,11818908420.000,1,0,1,双平,B,2861.2000,2861.0000,2860.8000,2860.6000,2860.4000,2861.8000,2862.0000,2862.8000,2863.0000,2863.6000,3,4,4,1,2,4,2,3,3,1
SF,IH2006,2020-06-17 13:47:55.200,2861.6000,17554,0,11818908420.000,0,-,-,-,-,2861.2000,2861.0000,2860.8000,2860.6000,2860.4000,2861.8000,2862.0000,2862.8000,2863.0000,2863.6000,3,3,4,1,2,4,2,3,3,1
SF,IH2006,2020-06-17 13:47:55.700,2861.8000,17554,0,11819766960.000,1,0,1,空换,B,2861.4000,2861.2000,2861.0000,2860.8000,2860.6000,2861.8000,2862.0000,2862.8000,2863.0000,2863.6000,5,3,2,2,1,3,2,3,3,1
SF,IH2006,2020-06-17 13:47:56.200,2861.4000,17554,0,11820625380.000,1,0,1,空换,B,2861.4000,2861.2000,2861.0000,2860.8000,2860.6000,2861.6000,2861.8000,2862.0000,2862.8000,2863.0000,4,3,2,2,1,2,3,1,3,3
SF,IH2006,2020-06-17 13:47:57.700,2861.6000,17553,-1,11821483860.000,1,0,1,双平,B,2861.4000,2861.2000,2861.0000,2860.8000,2860.6000,2861.6000,2861.8000,2862.0000,2862.8000,2863.0000,4,3,2,2,1,1,3,1,3,3
SF,IH2006,2020-06-17 13:47:58.200,2861.4000,17552,-1,11824059180.000,3,1,2,空平,B,2861.4000,2861.2000,2861.0000,2860.8000,2860.6000,2861.8000,2862.0000,2862.8000,2863.0000,2863.6000,2,3,2,2,1,3,1,3,3,1
SF,IH2006,2020-06-17 13:47:58.700,2861.8000,17551,-1,11825776140.000,2,0,2,空平,B,2861.2000,2861.0000,2860.8000,2860.6000,2860.4000,2861.4000,2861.8000,2862.0000,2862.8000,2863.0000,3,2,2,1,2,1,3,1,3,3
SF,IH2006,2020-06-17 13:47:59.200,2861.8000,17551,0,11825776140.000,0,-,-,-,-,2861.2000,2861.0000,2860.8000,2860.6000,2860.4000,2861.4000,2861.6000,2861.8000,2862.0000,2862.8000,3,2,2,1,2,2,2,3,1,3
SF,IH2006,2020-06-17 13:47:59.700,2861.8000,17551,0,11825776140.000,0,-,-,-,-,2861.2000,2861.0000,2860.8000,2860.6000,2860.4000,2861.4000,2861.6000,2861.8000,2862.0000,2862.8000,2,2,2,1,2,2,2,3,1,3
SF,IH2006,2020-06-17 13:48:00.200,2861.4000,17548,-3,11828351340.000,3,0,3,双平,B,2861.0000,2860.8000,2860.6000,2860.4000,2860.2000,2861.6000,2861.8000,2862.0000,2862.8000,2863.0000,2,2,1,2,3,2,3,1,3,3
SF,IH2006,2020-06-17 13:48:00.700,2861.4000,17548,0,11828351340.000,0,-,-,-,-,2861.0000,2860.8000,2860.6000,2860.4000,2860.2000,2861.6000,2861.8000,2862.0000,2862.8000,2863.0000,3,2,1,2,3,3,3,1,3,3
SF,IH2006,2020-06-17 13:48:02.700,2861.6000,17547,-1,11829209820.000,1,0,1,双平,B,2861.0000,2860.8000,2860.6000,2860.4000,2860.2000,2861.6000,2861.8000,2862.0000,2862.8000,2863.0000,3,2,1,2,3,2,3,1,3,3
SF,IH2006,2020-06-17 13:48:05.200,2861.6000,17546,-1,11830068300.000,1,0,1,双平,B,2861.0000,2860.8000,2860.6000,2860.4000,2860.2000,2861.6000,2861.8000,2862.0000,2862.8000,2863.0000,3,2,1,2,3,1,3,1,3,3
SF,IH2006,2020-06-17 13:48:06.200,2861.6000,17546,0,11830068300.000,0,-,-,-,-,2861.0000,2860.8000,2860.6000,2860.4000,2860.2000,2861.4000,2861.6000,2861.8000,2862.0000,2862.8000,3,2,1,2,3,1,1,3,1,3
SF,IH2006,2020-06-17 13:48:07.200,2861.4000,17545,-1,11830926720.000,1,0,1,双平,B,2861.0000,2860.8000,2860.6000,2860.4000,2860.2000,2861.6000,2861.8000,2862.0000,2862.8000,2863.0000,3,2,1,2,3,1,3,1,3,3
SF,IH2006,2020-06-17 13:48:09.200,2861.6000,17545,0,11831785200.000,1,0,1,空换,B,2861.0000,2860.8000,2860.6000,2860.4000,2860.2000,2861.6000,2861.8000,2862.0000,2862.8000,2863.0000,6,2,1,2,3,2,3,1,3,3
SF,IH2006,2020-06-17 13:48:10.700,2861.6000,17545,0,11831785200.000,0,-,-,-,-,2861.0000,2860.8000,2860.6000,2860.4000,2860.2000,2861.6000,2861.8000,2862.0000,2862.8000,2863.0000,7,2,1,2,3,2,3,1,3,3
SF,IH2006,2020-06-17 13:48:15.700,2861.6000,17545,0,11831785200.000,0,-,-,-,-,2861.2000,2861.0000,2860.8000,2860.6000,2860.4000,2861.6000,2861.8000,2862.0000,2862.8000,2863.0000,1,7,2,1,2,2,3,1,3,3
SF,IH2006,2020-06-17 13:48:21.200,2861.6000,17544,-1,11832643680.000,1,0,1,双平,B,2861.2000,2861.0000,2860.8000,2860.6000,2860.4000,2861.6000,2861.8000,2862.0000,2862.8000,2863.0000,1,6,2,1,2,1,3,1,3,3
SF,IH2006,2020-06-17 13:48:21.700,2861.6000,17544,0,11833502160.000,1,0,1,空换,B,2861.6000,2861.2000,2861.0000,2860.8000,2860.6000,2861.8000,2862.0000,2862.8000,2863.0000,2863.6000,2,3,6,2,1,3,1,3,3,1
SF,IH2006,2020-06-17 13:48:22.200,2861.6000,17543,-1,11834360640.000,1,0,1,双平,B,2861.2000,2861.0000,2860.8000,2860.6000,2860.4000,2861.8000,2862.0000,2862.8000,2863.0000,2863.6000,3,6,2,1,2,3,1,3,3,1
SF,IH2006,2020-06-17 13:48:22.700,2861.8000,17544,1,11836077720.000,2,1,1,多开,B,2861.8000,2861.6000,2861.4000,2861.2000,2861.0000,2862.0000,2862.8000,2863.0000,2863.6000,2863.8000,2,7,1,3,6,1,3,3,1,2
SF,IH2006,2020-06-17 13:48:23.200,2862.0000,17545,1,11836936320.000,1,1,0,双开,B,2861.8000,2861.4000,2861.2000,2861.0000,2860.8000,2862.8000,2863.0000,2863.6000,2863.8000,2864.4000,2,2,3,6,2,3,3,1,2,2
SF,IH2006,2020-06-17 13:48:23.700,2862.0000,17545,0,11836936320.000,0,-,-,-,-,2862.0000,2861.8000,2861.4000,2861.2000,2861.0000,2862.4000,2862.6000,2862.8000,2863.0000,2863.6000,1,4,2,3,6,1,14,5,3,1
SF,IH2006,2020-06-17 13:48:24.200,2862.0000,17545,0,11836936320.000,0,-,-,-,-,2862.2000,2862.0000,2861.8000,2861.4000,2861.2000,2862.4000,2862.6000,2862.8000,2863.0000,2863.6000,1,3,4,2,3,2,14,5,3,1
SF,IH2006,2020-06-17 13:48:24.700,2862.2000,17545,0,11838653640.000,2,1,1,空换,B,2862.0000,2861.8000,2861.6000,2861.4000,2861.2000,2862.2000,2862.4000,2862.6000,2862.8000,2863.0000,3,4,4,2,3,1,2,14,5,3
SF,IH2006,2020-06-17 13:48:25.200,2862.2000,17545,0,11838653640.000,0,-,-,-,-,2862.0000,2861.8000,2861.6000,2861.4000,2861.2000,2862.4000,2862.6000,2862.8000,2863.0000,2863.6000,2,4,4,2,3,2,14,5,3,1
SF,IH2006,2020-06-17 13:48:25.700,2862.2000,17545,0,11838653640.000,0,-,-,-,-,2862.0000,2861.8000,2861.6000,2861.4000,2861.2000,2862.4000,2862.6000,2862.8000,2863.0000,2863.6000,2,2,4,1,3,2,14,5,3,1
SF,IH2006,2020-06-17 13:48:26.200,2862.2000,17545,0,11838653640.000,0,-,-,-,-,2862.0000,2861.8000,2861.6000,2861.2000,2861.0000,2862.4000,2862.6000,2862.8000,2863.0000,2863.6000,1,2,4,3,6,2,13,6,3,1
SF,IH2006,2020-06-17 13:48:28.700,2862.2000,17545,0,11838653640.000,0,-,-,-,-,2862.0000,2861.8000,2861.6000,2861.2000,2861.0000,2862.4000,2862.6000,2862.8000,2863.0000,2863.6000,1,2,4,3,6,2,14,7,3,1
SF,IH2006,2020-06-17 13:48:29.200,2862.2000,17545,0,11838653640.000,0,-,-,-,-,2862.0000,2861.8000,2861.6000,2861.2000,2861.0000,2862.4000,2862.6000,2862.8000,2863.0000,2863.6000,1,2,4,3,6,2,12,7,3,1
SF,IH2006,2020-06-17 13:48:29.700,2862.2000,17545,0,11838653640.000,0,-,-,-,-,2862.0000,2861.8000,2861.6000,2861.2000,2861.0000,2862.4000,2862.6000,2862.8000,2863.0000,2863.6000,2,2,4,3,6,2,12,5,3,1
SF,IH2006,2020-06-17 13:48:30.700,2862.2000,17545,0,11838653640.000,0,-,-,-,-,2862.0000,2861.6000,2861.2000,2861.0000,2860.8000,2862.4000,2862.6000,2862.8000,2863.0000,2863.6000,1,4,3,6,2,2,12,5,3,1
SF,IH2006,2020-06-17 13:48:31.700,2862.2000,17545,0,11838653640.000,0,-,-,-,-,2862.0000,2861.6000,2861.2000,2861.0000,2860.8000,2862.2000,2862.4000,2862.6000,2862.8000,2863.0000,1,4,3,6,2,1,2,12,5,3
SF,IH2006,2020-06-17 13:48:32.200,2862.2000,17545,0,11840370960.000,2,1,1,空换,B,2861.6000,2861.2000,2861.0000,2860.8000,2860.6000,2862.2000,2862.4000,2862.6000,2862.8000,2863.0000,4,3,6,2,1,2,2,9,5,3
SF,IH2006,2020-06-17 13:48:32.700,2862.2000,17545,0,11840370960.000,0,-,-,-,-,2861.6000,2861.2000,2861.0000,2860.8000,2860.6000,2862.2000,2862.4000,2862.6000,2862.8000,2863.0000,6,3,6,2,1,2,2,9,5,3
SF,IH2006,2020-06-17 13:48:33.200,2862.2000,17545,0,11840370960.000,0,-,-,-,-,2861.6000,2861.2000,2861.0000,2860.8000,2860.6000,2862.0000,2862.2000,2862.4000,2862.6000,2862.8000,7,3,6,2,2,1,2,2,9,5
SF,IH2006,2020-06-17 13:48:33.700,2862.2000,17545,0,11840370960.000,0,-,-,-,-,2861.8000,2861.6000,2861.2000,2861.0000,2860.8000,2862.0000,2862.2000,2862.4000,2862.6000,2862.8000,1,7,3,6,2,1,2,3,9,4
SF,IH2006,2020-06-17 13:48:35.700,2862.2000,17545,0,11840370960.000,0,-,-,-,-,2861.6000,2861.2000,2861.0000,2860.8000,2860.6000,2862.0000,2862.2000,2862.4000,2862.6000,2862.8000,7,3,6,2,2,1,2,3,9,4
SF,IH2006,2020-06-17 13:48:36.200,2862.2000,17545,0,11840370960.000,0,-,-,-,-,2861.6000,2861.2000,2861.0000,2860.8000,2860.6000,2861.8000,2862.0000,2862.2000,2862.4000,2862.6000,6,3,6,2,2,2,1,2,3,2
SF,IH2006,2020-06-17 13:48:36.700,2861.6000,17544,-1,11842946520.000,3,1,2,空平,B,2861.6000,2861.2000,2861.0000,2860.8000,2860.6000,2861.8000,2862.0000,2862.2000,2862.4000,2862.6000,5,3,6,2,2,1,2,2,3,2
SF,IH2006,2020-06-17 13:48:37.200,2861.6000,17543,-1,11843805000.000,1,0,1,双平,B,2861.6000,2861.2000,2861.0000,2860.8000,2860.6000,2862.0000,2862.2000,2862.4000,2862.6000,2862.8000,4,3,6,2,1,2,1,3,2,4
SF,IH2006,2020-06-17 13:48:37.700,2861.6000,17543,0,11843805000.000,0,-,-,-,-,2861.6000,2861.2000,2861.0000,2860.8000,2860.6000,2862.0000,2862.2000,2862.4000,2862.6000,2862.8000,3,3,6,2,1,2,1,3,2,4
SF,IH2006,2020-06-17 13:48:38.200,2861.6000,17543,0,11843805000.000,0,-,-,-,-,2861.6000,2861.2000,2861.0000,2860.8000,2860.6000,2862.0000,2862.2000,2862.4000,2862.6000,2862.8000,3,3,6,2,1,3,1,3,1,4
SF,IH2006,2020-06-17 13:48:39.200,2861.6000,17543,0,11843805000.000,0,-,-,-,-,2861.6000,2861.2000,2861.0000,2860.8000,2860.6000,2861.8000,2862.0000,2862.2000,2862.4000,2862.6000,3,3,6,2,1,1,3,1,3,1
SF,IH2006,2020-06-17 13:48:40.700,2861.6000,17543,0,11843805000.000,0,-,-,-,-,2861.6000,2861.2000,2861.0000,2860.8000,2860.6000,2861.8000,2862.0000,2862.2000,2862.4000,2862.6000,3,3,6,2,1,2,3,1,3,1
SF,IH2006,2020-06-17 13:48:41.200,2861.6000,17541,-2,11846380500.000,3,0,3,空平,B,2861.6000,2861.2000,2861.0000,2860.8000,2860.6000,2861.8000,2862.0000,2862.2000,2862.4000,2862.6000,1,3,3,2,1,1,3,1,3,1
SF,IH2006,2020-06-17 13:48:41.700,2861.6000,17541,0,11846380500.000,0,-,-,-,-,2861.6000,2861.2000,2861.0000,2860.8000,2860.6000,2861.8000,2862.0000,2862.2000,2862.4000,2862.6000,1,3,3,2,1,2,3,1,3,1
SF,IH2006,2020-06-17 13:48:42.200,2861.6000,17541,0,11846380500.000,0,-,-,-,-,2861.6000,2861.2000,2861.0000,2860.8000,2860.6000,2861.8000,2862.0000,2862.2000,2862.4000,2862.6000,1,3,3,2,1,3,3,1,3,1
SF,IH2006,2020-06-17 13:48:42.700,2861.6000,17541,0,11846380500.000,0,-,-,-,-,2861.6000,2861.2000,2861.0000,2860.8000,2860.6000,2861.8000,2862.0000,2862.2000,2862.4000,2862.6000,1,3,3,2,1,5,3,1,3,1
SF,IH2006,2020-06-17 13:48:43.700,2861.6000,17541,0,11847238980.000,1,0,1,空换,B,2861.2000,2861.0000,2860.8000,2860.6000,2860.4000,2861.8000,2862.0000,2862.2000,2862.4000,2862.6000,3,3,2,1,2,5,3,1,3,1
SF,IH2006,2020-06-17 13:48:44.200,2861.6000,17541,0,11847238980.000,0,-,-,-,-,2861.2000,2861.0000,2860.8000,2860.6000,2860.4000,2861.6000,2861.8000,2862.0000,2862.2000,2862.4000,3,3,2,1,2,1,7,3,1,2
SF,IH2006,2020-06-17 13:48:44.700,2861.6000,17541,0,11848955940.000,2,1,1,空换,B,2861.2000,2861.0000,2860.8000,2860.6000,2860.4000,2861.8000,2862.0000,2862.2000,2862.4000,2862.6000,4,3,2,1,2,7,3,1,2,1
SF,IH2006,2020-06-17 13:48:45.200,2861.6000,17541,0,11848955940.000,0,-,-,-,-,2861.2000,2861.0000,2860.8000,2860.6000,2860.4000,2861.8000,2862.0000,2862.2000,2862.4000,2862.6000,3,3,2,1,2,7,3,1,2,1
SF,IH2006,2020-06-17 13:48:46.200,2861.6000,17541,0,11848955940.000,0,-,-,-,-,2861.2000,2861.0000,2860.8000,2860.6000,2860.4000,2861.8000,2862.0000,2862.2000,2862.4000,2862.6000,3,3,2,1,2,8,3,1,2,1
SF,IH2006,2020-06-17 13:48:47.200,2861.6000,17541,0,11848955940.000,0,-,-,-,-,2861.4000,2861.2000,2861.0000,2860.8000,2860.6000,2861.8000,2862.0000,2862.2000,2862.4000,2862.6000,1,3,3,2,1,8,3,1,2,1
SF,IH2006,2020-06-17 13:48:48.200,2861.8000,17541,0,11851531560.000,3,1,2,空换,B,2861.4000,2861.2000,2861.0000,2860.8000,2860.6000,2861.8000,2862.0000,2862.2000,2862.4000,2862.6000,1,3,3,2,1,5,3,1,2,1
SF,IH2006,2020-06-17 13:48:48.700,2861.8000,17541,0,11851531560.000,0,-,-,-,-,2861.4000,2861.2000,2861.0000,2860.8000,2860.6000,2861.8000,2862.0000,2862.2000,2862.4000,2862.6000,1,3,3,2,1,4,3,1,2,1
SF,IH2006,2020-06-17 13:48:49.200,2861.8000,17541,0,11851531560.000,0,-,-,-,-,2861.4000,2861.2000,2861.0000,2860.8000,2860.6000,2861.8000,2862.0000,2862.2000,2862.4000,2862.6000,1,3,3,2,1,4,3,1,2,1
SF,IH2006,2020-06-17 13:48:51.200,2861.8000,17541,0,11851531560.000,0,-,-,-,-,2861.4000,2861.2000,2861.0000,2860.8000,2860.6000,2861.6000,2861.8000,2862.0000,2862.2000,2862.4000,1,3,3,2,1,1,4,3,1,2
SF,IH2006,2020-06-17 13:48:51.700,2861.6000,17540,-1,11852390040.000,1,0,1,双平,B,2861.4000,2861.2000,2861.0000,2860.8000,2860.6000,2861.8000,2862.0000,2862.2000,2862.4000,2862.6000,1,3,3,2,1,4,3,1,2,1
SF,IH2006,2020-06-17 13:48:52.200,2861.4000,17541,1,11853248460.000,1,1,0,双开,B,2861.2000,2861.0000,2860.8000,2860.6000,2860.4000,2861.8000,2862.0000,2862.2000,2862.4000,2862.6000,3,3,2,1,3,4,3,1,2,1
SF,IH2006,2020-06-17 13:48:52.700,2861.4000,17541,0,11853248460.000,0,-,-,-,-,2861.2000,2861.0000,2860.8000,2860.6000,2860.4000,2861.4000,2861.8000,2862.0000,2862.2000,2862.4000,3,3,2,1,3,1,5,2,1,2
SF,IH2006,2020-06-17 13:48:53.200,2861.4000,17541,0,11854106880.000,1,0,1,空换,B,2861.4000,2861.2000,2861.0000,2860.8000,2860.6000,2861.8000,2862.0000,2862.2000,2862.4000,2862.6000,1,3,3,2,1,6,2,1,1,1
SF,IH2006,2020-06-17 13:48:55.200,2861.4000,17541,0,11854106880.000,0,-,-,-,-,2861.4000,2861.2000,2861.0000,2860.8000,2860.6000,2861.8000,2862.0000,2862.2000,2862.4000,2862.6000,1,3,3,2,1,6,1,1,1,1
SF,IH2006,2020-06-17 13:48:56.200,2861.4000,17541,0,11854106880.000,0,-,-,-,-,2861.6000,2861.4000,2861.2000,2861.0000,2860.8000,2861.8000,2862.0000,2862.2000,2862.4000,2862.6000,1,1,3,3,2,6,1,1,1,1
SF,IH2006,2020-06-17 13:48:56.700,2861.6000,17542,1,11854965360.000,1,1,0,双开,B,2861.4000,2861.2000,2861.0000,2860.8000,2860.6000,2861.8000,2862.0000,2862.2000,2862.4000,2862.6000,1,3,3,2,1,6,1,1,1,1
SF,IH2006,2020-06-17 13:48:57.700,2861.6000,17542,0,11854965360.000,0,-,-,-,-,2861.4000,2861.2000,2861.0000,2860.8000,2860.6000,2861.8000,2862.0000,2862.2000,2862.4000,2862.6000,1,3,3,2,1,7,1,1,1,1
SF,IH2006,2020-06-17 13:49:00.200,2861.6000,17542,0,11854965360.000,0,-,-,-,-,2861.4000,2861.2000,2861.0000,2860.8000,2860.6000,2861.6000,2861.8000,2862.0000,2862.2000,2862.4000,1,3,3,2,1,1,6,1,1,1
SF,IH2006,2020-06-17 13:49:00.700,2861.6000,17542,0,11855823840.000,1,0,1,空换,B,2861.6000,2861.4000,2861.2000,2861.0000,2860.8000,2861.8000,2862.0000,2862.2000,2862.4000,2862.6000,1,1,3,3,2,6,1,1,1,1
SF,IH2006,2020-06-17 13:49:01.200,2861.6000,17542,0,11856682320.000,1,0,1,空换,B,2861.4000,2861.2000,2861.0000,2860.8000,2860.6000,2861.8000,2862.0000,2862.2000,2862.4000,2862.6000,1,3,3,2,1,6,1,1,1,1
SF,IH2006,2020-06-17 13:49:05.200,2861.4000,17541,-1,11857540740.000,1,0,1,双平,B,2861.2000,2861.0000,2860.8000,2860.6000,2860.4000,2861.8000,2862.0000,2862.2000,2862.4000,2862.6000,3,3,2,1,2,5,1,1,1,1
SF,IH2006,2020-06-17 13:49:06.200,2861.4000,17541,0,11857540740.000,0,-,-,-,-,2861.2000,2861.0000,2860.8000,2860.6000,2860.4000,2861.8000,2862.0000,2862.2000,2862.4000,2862.6000,3,3,2,1,2,5,1,1,1,1
SF,IH2006,2020-06-17 13:49:06.700,2861.4000,17541,0,11857540740.000,0,-,-,-,-,2861.2000,2861.0000,2860.8000,2860.6000,2860.4000,2861.6000,2861.8000,2862.0000,2862.2000,2862.4000,3,3,2,1,2,1,5,1,1,1
SF,IH2006,2020-06-17 13:49:07.700,2861.2000,17540,-1,11858399100.000,1,0,1,双平,B,2861.2000,2861.0000,2860.8000,2860.6000,2860.4000,2861.6000,2861.8000,2862.0000,2862.2000,2862.4000,2,3,2,1,2,1,4,1,1,1
SF,IH2006,2020-06-17 13:49:08.200,2861.2000,17540,0,11858399100.000,0,-,-,-,-,2861.4000,2861.0000,2860.8000,2860.6000,2860.4000,2861.6000,2861.8000,2862.0000,2862.2000,2862.4000,1,3,2,1,2,1,4,1,1,1
SF,IH2006,2020-06-17 13:49:09.200,2861.4000,17541,1,11859257520.000,1,1,0,双开,B,2861.0000,2860.8000,2860.6000,2860.4000,2860.2000,2861.4000,2861.6000,2861.8000,2862.0000,2862.2000,3,2,1,2,3,2,1,4,1,1
SF,IH2006,2020-06-17 13:49:09.700,2861.4000,17541,0,11859257520.000,0,-,-,-,-,2861.0000,2860.8000,2860.6000,2860.4000,2860.2000,2861.4000,2861.6000,2861.8000,2862.0000,2862.2000,3,2,1,2,3,2,1,4,1,1
SF,IH2006,2020-06-17 13:49:10.200,2861.4000,17541,0,11859257520.000,0,-,-,-,-,2861.0000,2860.8000,2860.6000,2860.4000,2860.2000,2861.4000,2861.6000,2861.8000,2862.0000,2862.2000,3,2,1,2,3,3,1,4,1,1
SF,IH2006,2020-06-17 13:49:10.700,2861.4000,17541,0,11859257520.000,0,-,-,-,-,2861.0000,2860.8000,2860.6000,2860.4000,2860.2000,2861.4000,2861.6000,2861.8000,2862.0000,2862.2000,3,2,1,2,3,3,1,4,1,1
SF,IH2006,2020-06-17 13:49:13.200,2861.0000,17542,1,11860115820.000,1,1,0,双开,B,2861.0000,2860.8000,2860.6000,2860.4000,2860.2000,2861.4000,2861.6000,2861.8000,2862.0000,2862.2000,2,2,1,2,3,3,1,4,1,1
SF,IH2006,2020-06-17 13:49:13.700,2861.0000,17541,-1,11860974120.000,1,0,1,双平,B,2860.8000,2860.6000,2860.4000,2860.2000,2860.0000,2861.4000,2861.6000,2861.8000,2862.0000,2862.2000,2,1,2,3,16,3,1,4,1,1
SF,IH2006,2020-06-17 13:49:14.200,2861.0000,17541,0,11860974120.000,0,-,-,-,-,2860.8000,2860.6000,2860.4000,2860.2000,2860.0000,2861.4000,2861.6000,2861.8000,2862.0000,2862.2000,3,1,2,3,16,3,1,4,1,1
SF,IH2006,2020-06-17 13:49:15.200,2860.8000,17540,-1,11861832360.000,1,0,1,双平,B,2860.8000,2860.6000,2860.4000,2860.2000,2860.0000,2861.4000,2861.6000,2861.8000,2862.0000,2862.2000,2,1,2,3,16,3,1,4,1,1
SF,IH2006,2020-06-17 13:49:15.700,2860.8000,17540,0,11862690600.000,1,0,1,空换,B,2860.8000,2860.6000,2860.4000,2860.2000,2860.0000,2861.4000,2861.6000,2861.8000,2862.0000,2862.6000,2,1,2,3,16,4,1,4,1,1
SF,IH2006,2020-06-17 13:49:16.200,2860.8000,17540,0,11862690600.000,0,-,-,-,-,2861.0000,2860.8000,2860.6000,2860.4000,2860.2000,2861.4000,2861.6000,2861.8000,2862.0000,2862.6000,1,2,1,2,3,4,1,4,1,1
SF,IH2006,2020-06-17 13:49:16.700,2861.0000,17541,1,11863548900.000,1,1,0,双开,B,2860.8000,2860.6000,2860.4000,2860.2000,2860.0000,2861.4000,2861.6000,2861.8000,2862.0000,2862.6000,2,1,2,3,16,4,1,4,1,1
SF,IH2006,2020-06-17 13:49:18.200,2861.0000,17541,0,11863548900.000,0,-,-,-,-,2860.8000,2860.6000,2860.4000,2860.2000,2860.0000,2861.4000,2861.6000,2861.8000,2862.0000,2862.6000,2,1,2,3,16,5,1,4,1,1
SF,IH2006,2020-06-17 13:49:18.700,2861.0000,17541,0,11863548900.000,0,-,-,-,-,2860.8000,2860.6000,2860.4000,2860.2000,2860.0000,2861.4000,2861.6000,2861.8000,2862.0000,2862.6000,2,1,2,3,16,5,2,4,1,1
SF,IH2006,2020-06-17 13:49:19.200,2861.0000,17541,0,11863548900.000,0,-,-,-,-,2860.8000,2860.6000,2860.4000,2860.2000,2860.0000,2861.4000,2861.6000,2861.8000,2862.0000,2862.6000,3,1,2,3,16,5,2,4,1,1
SF,IH2006,2020-06-17 13:49:20.200,2860.8000,17541,0,11864407140.000,1,0,1,空换,B,2860.8000,2860.6000,2860.4000,2860.2000,2860.0000,2861.2000,2861.4000,2861.6000,2861.8000,2862.0000,2,1,2,3,16,3,5,2,4,1
SF,IH2006,2020-06-17 13:49:20.700,2860.8000,17541,0,11864407140.000,0,-,-,-,-,2860.8000,2860.6000,2860.4000,2860.2000,2860.0000,2861.2000,2861.4000,2861.6000,2861.8000,2862.0000,2,1,2,3,16,3,5,2,4,1
SF,IH2006,2020-06-17 13:49:21.700,2860.8000,17541,0,11864407140.000,0,-,-,-,-,2860.8000,2860.6000,2860.4000,2860.2000,2860.0000,2861.2000,2861.4000,2861.6000,2861.8000,2862.0000,2,1,2,3,16,3,5,2,4,1
SF,IH2006,2020-06-17 13:49:22.200,2860.8000,17541,0,11864407140.000,0,-,-,-,-,2860.8000,2860.6000,2860.4000,2860.2000,2860.0000,2861.2000,2861.4000,2861.6000,2861.8000,2862.0000,2,1,2,3,16,3,5,2,2,1
SF,IH2006,2020-06-17 13:49:22.700,2860.8000,17541,0,11864407140.000,0,-,-,-,-,2860.8000,2860.6000,2860.4000,2860.2000,2860.0000,2861.2000,2861.4000,2861.6000,2861.8000,2862.0000,2,1,2,3,16,3,4,2,2,1
SF,IH2006,2020-06-17 13:49:23.200,2860.8000,17541,0,11864407140.000,0,-,-,-,-,2861.0000,2860.8000,2860.6000,2860.4000,2860.2000,2861.2000,2861.4000,2861.6000,2861.8000,2862.0000,1,2,1,2,3,3,4,2,2,1
SF,IH2006,2020-06-17 13:49:23.700,2861.2000,17540,-1,11865265500.000,1,0,1,双平,B,2861.0000,2860.8000,2860.6000,2860.4000,2860.2000,2861.2000,2861.4000,2861.6000,2861.8000,2862.0000,1,2,1,2,3,2,4,2,2,1
SF,IH2006,2020-06-17 13:49:24.200,2861.2000,17540,0,11865265500.000,0,-,-,-,-,2861.0000,2860.8000,2860.6000,2860.4000,2860.2000,2861.2000,2861.4000,2861.6000,2861.8000,2862.0000,1,2,1,2,3,1,4,2,2,1
SF,IH2006,2020-06-17 13:49:24.700,2861.2000,17540,0,11865265500.000,0,-,-,-,-,2861.0000,2860.8000,2860.6000,2860.4000,2860.2000,2861.2000,2861.4000,2861.6000,2861.8000,2862.0000,1,2,1,2,3,1,4,2,2,1
SF,IH2006,2020-06-17 13:49:25.700,2861.0000,17540,0,11866123800.000,1,0,1,空换,B,2860.8000,2860.6000,2860.4000,2860.2000,2860.0000,2861.0000,2861.2000,2861.4000,2861.6000,2861.8000,2,1,2,3,16,4,1,4,2,2
SF,IH2006,2020-06-17 13:49:26.200,2861.0000,17540,0,11867840400.000,2,1,1,空换,B,2860.8000,2860.6000,2860.4000,2860.2000,2860.0000,2861.0000,2861.2000,2861.4000,2861.6000,2861.8000,2,1,2,3,16,2,1,4,2,2
SF,IH2006,2020-06-17 13:49:26.700,2861.0000,17539,-1,11868698700.000,1,0,1,双平,B,2860.8000,2860.6000,2860.4000,2860.2000,2860.0000,2861.0000,2861.2000,2861.4000,2861.6000,2861.8000,2,1,2,3,16,1,1,4,2,2
SF,IH2006,2020-06-17 13:49:27.200,2861.0000,17539,0,11869557000.000,1,0,1,空换,B,2861.0000,2860.8000,2860.6000,2860.4000,2860.2000,2861.2000,2861.4000,2861.6000,2861.8000,2862.0000,3,2,1,2,3,1,4,2,2,1
SF,IH2006,2020-06-17 13:49:27.700,2861.0000,17539,0,11869557000.000,0,-,-,-,-,2861.0000,2860.8000,2860.6000,2860.4000,2860.2000,2861.2000,2861.4000,2861.6000,2861.8000,2862.0000,3,2,1,2,3,1,5,2,2,1
SF,IH2006,2020-06-17 13:49:28.700,2861.2000,17538,-1,11870415360.000,1,0,1,双平,B,2861.0000,2860.8000,2860.6000,2860.4000,2860.2000,2861.4000,2861.6000,2861.8000,2862.0000,2862.6000,3,2,1,2,3,5,2,2,1,1
SF,IH2006,2020-06-17 13:49:29.700,2861.2000,17538,0,11870415360.000,0,-,-,-,-,2861.2000,2861.0000,2860.8000,2860.6000,2860.4000,2861.4000,2861.6000,2861.8000,2862.0000,2862.6000,1,3,2,1,2,5,2,2,1,1
SF,IH2006,2020-06-17 13:49:30.200,2861.2000,17538,0,11871273720.000,1,0,1,空换,B,2861.0000,2860.8000,2860.6000,2860.4000,2860.2000,2861.4000,2861.6000,2861.8000,2862.0000,2862.6000,3,2,1,2,3,5,2,2,1,1
SF,IH2006,2020-06-17 13:49:30.700,2861.2000,17538,0,11871273720.000,0,-,-,-,-,2861.0000,2860.8000,2860.6000,2860.4000,2860.2000,2861.4000,2861.6000,2861.8000,2862.0000,2862.6000,3,2,1,2,3,5,2,2,1,1
SF,IH2006,2020-06-17 13:49:31.200,2861.2000,17538,0,11871273720.000,0,-,-,-,-,2861.0000,2860.8000,2860.6000,2860.4000,2860.2000,2861.4000,2861.6000,2861.8000,2862.0000,2862.6000,3,2,1,2,3,5,2,2,1,1
SF,IH2006,2020-06-17 13:49:32.200,2861.0000,17537,-1,11873848620.000,3,1,2,空平,B,2861.2000,2860.8000,2860.6000,2860.4000,2860.2000,2861.4000,2861.6000,2861.8000,2862.0000,2862.6000,1,2,1,2,3,5,2,2,1,1
SF,IH2006,2020-06-17 13:49:32.700,2861.2000,17538,1,11874706980.000,1,1,0,双开,B,2860.8000,2860.6000,2860.4000,2860.2000,2860.0000,2861.4000,2861.6000,2861.8000,2862.0000,2862.6000,2,1,2,3,17,4,2,2,1,1
SF,IH2006,2020-06-17 13:49:33.200,2861.2000,17538,0,11874706980.000,0,-,-,-,-,2861.2000,2861.0000,2860.8000,2860.6000,2860.4000,2861.4000,2861.6000,2861.8000,2862.0000,2862.6000,4,5,2,1,2,4,2,2,1,1
SF,IH2006,2020-06-17 13:49:33.700,2861.2000,17538,0,11874706980.000,0,-,-,-,-,2861.2000,2861.0000,2860.8000,2860.6000,2860.4000,2861.4000,2861.6000,2861.8000,2862.0000,2862.6000,1,5,2,1,2,4,2,2,1,1
SF,IH2006,2020-06-17 13:49:34.200,2861.2000,17538,0,11874706980.000,0,-,-,-,-,2861.2000,2861.0000,2860.8000,2860.6000,2860.4000,2861.4000,2861.6000,2861.8000,2862.0000,2862.6000,1,5,2,1,2,4,2,2,1,1
SF,IH2006,2020-06-17 13:49:34.700,2861.2000,17537,-1,11875565340.000,1,0,1,双平,B,2861.2000,2861.0000,2860.8000,2860.6000,2860.4000,2861.4000,2861.6000,2861.8000,2862.0000,2862.6000,1,5,2,1,2,4,2,2,1,1
SF,IH2006,2020-06-17 13:49:35.200,2861.2000,17537,0,11875565340.000,0,-,-,-,-,2861.2000,2861.0000,2860.8000,2860.6000,2860.4000,2861.4000,2861.6000,2861.8000,2862.0000,2862.6000,1,5,2,1,2,4,2,2,1,1
SF,IH2006,2020-06-17 13:49:36.200,2861.4000,17536,-1,11876423760.000,1,0,1,双平,B,2861.2000,2861.0000,2860.8000,2860.6000,2860.4000,2861.4000,2861.6000,2861.8000,2862.0000,2862.6000,1,4,2,1,2,3,2,2,1,1
SF,IH2006,2020-06-17 13:49:37.700,2861.4000,17536,0,11876423760.000,0,-,-,-,-,2861.2000,2861.0000,2860.8000,2860.6000,2860.4000,2861.4000,2861.6000,2861.8000,2862.0000,2862.6000,1,4,2,1,2,3,1,2,1,1
SF,IH2006,2020-06-17 13:49:38.700,2861.4000,17536,0,11876423760.000,0,-,-,-,-,2861.2000,2861.0000,2860.8000,2860.6000,2860.4000,2861.4000,2861.6000,2861.8000,2862.0000,2862.6000,2,4,2,1,2,3,1,2,1,1
SF,IH2006,2020-06-17 13:49:39.200,2861.4000,17537,1,11878140600.000,2,1,1,多开,B,2861.2000,2861.0000,2860.8000,2860.6000,2860.4000,2861.4000,2861.6000,2861.8000,2862.0000,2862.6000,2,4,2,1,2,1,1,2,1,1
SF,IH2006,2020-06-17 13:49:41.700,2861.2000,17533,-4,11881574220.000,4,0,4,双平,B,2861.2000,2861.0000,2860.8000,2860.6000,2860.4000,2861.6000,2861.8000,2862.0000,2862.6000,2862.8000,1,4,2,1,2,1,2,1,1,3
SF,IH2006,2020-06-17 13:49:42.200,2861.2000,17533,0,11881574220.000,0,-,-,-,-,2861.2000,2861.0000,2860.8000,2860.6000,2860.4000,2861.6000,2861.8000,2862.0000,2862.6000,2862.8000,1,4,2,2,2,1,2,1,1,3
SF,IH2006,2020-06-17 13:49:42.700,2861.2000,17533,0,11881574220.000,0,-,-,-,-,2861.2000,2861.0000,2860.8000,2860.6000,2860.4000,2861.6000,2861.8000,2862.0000,2862.6000,2862.8000,1,4,2,2,2,1,2,1,1,3
SF,IH2006,2020-06-17 13:49:43.200,2861.2000,17533,0,11882432580.000,1,0,1,空换,B,2861.0000,2860.8000,2860.6000,2860.4000,2860.2000,2861.6000,2861.8000,2862.0000,2862.6000,2862.8000,4,2,2,2,3,1,2,1,1,3
SF,IH2006,2020-06-17 13:49:43.700,2861.2000,17533,0,11882432580.000,0,-,-,-,-,2861.0000,2860.8000,2860.6000,2860.4000,2860.2000,2861.6000,2861.8000,2862.0000,2862.6000,2862.8000,4,2,2,2,3,2,2,1,1,3
SF,IH2006,2020-06-17 13:49:45.200,2861.6000,17532,-1,11883291060.000,1,0,1,双平,B,2861.0000,2860.8000,2860.6000,2860.4000,2860.2000,2861.6000,2861.8000,2862.0000,2862.6000,2862.8000,4,2,2,2,3,1,2,1,1,3
SF,IH2006,2020-06-17 13:49:45.700,2861.6000,17532,0,11883291060.000,0,-,-,-,-,2861.0000,2860.8000,2860.6000,2860.4000,2860.2000,2861.8000,2862.0000,2862.6000,2862.8000,2863.0000,4,2,2,2,3,2,1,1,3,3
SF,IH2006,2020-06-17 13:49:46.200,2861.6000,17532,0,11883291060.000,0,-,-,-,-,2861.0000,2860.8000,2860.6000,2860.4000,2860.2000,2861.6000,2861.8000,2862.0000,2862.6000,2862.8000,10,2,2,2,3,1,2,1,1,3
SF,IH2006,2020-06-17 13:49:46.700,2861.6000,17532,0,11883291060.000,0,-,-,-,-,2861.2000,2861.0000,2860.8000,2860.6000,2860.4000,2861.6000,2861.8000,2862.0000,2862.6000,2862.8000,2,10,1,2,2,2,2,1,1,3
SF,IH2006,2020-06-17 13:49:47.200,2861.6000,17533,1,11884149540.000,1,1,0,双开,B,2861.2000,2861.0000,2860.8000,2860.6000,2860.4000,2861.6000,2861.8000,2862.0000,2862.6000,2862.8000,2,10,1,2,2,1,2,1,1,3
SF,IH2006,2020-06-17 13:49:49.200,2861.6000,17533,0,11884149540.000,0,-,-,-,-,2861.2000,2861.0000,2860.8000,2860.6000,2860.4000,2861.6000,2861.8000,2862.0000,2862.6000,2862.8000,2,10,1,2,2,1,2,2,1,3
SF,IH2006,2020-06-17 13:49:49.700,2861.2000,17533,0,11885007900.000,1,0,1,空换,B,2861.2000,2861.0000,2860.8000,2860.6000,2860.4000,2861.6000,2861.8000,2862.0000,2862.6000,2862.8000,4,10,1,2,2,1,2,2,1,3
SF,IH2006,2020-06-17 13:49:53.700,2861.2000,17533,0,11885007900.000,0,-,-,-,-,2861.2000,2861.0000,2860.8000,2860.6000,2860.4000,2861.6000,2861.8000,2862.0000,2862.6000,2862.8000,4,10,1,2,2,3,2,2,1,3
SF,IH2006,2020-06-17 13:49:54.200,2861.2000,17533,0,11885007900.000,0,-,-,-,-,2861.2000,2861.0000,2860.8000,2860.6000,2860.4000,2861.6000,2861.8000,2862.0000,2862.6000,2862.8000,4,10,1,2,2,4,2,2,1,3
SF,IH2006,2020-06-17 13:49:55.200,2861.2000,17533,0,11885007900.000,0,-,-,-,-,2861.2000,2861.0000,2860.8000,2860.6000,2860.4000,2861.4000,2861.6000,2861.8000,2862.0000,2862.6000,4,10,1,2,2,2,4,2,2,1
SF,IH2006,2020-06-17 13:49:55.700,2861.2000,17533,0,11885007900.000,0,-,-,-,-,2861.2000,2861.0000,2860.8000,2860.6000,2860.4000,2861.4000,2861.6000,2861.8000,2862.0000,2862.6000,4,9,1,2,2,2,4,2,2,1
SF,IH2006,2020-06-17 13:49:57.200,2861.2000,17533,0,11885007900.000,0,-,-,-,-,2861.2000,2861.0000,2860.8000,2860.6000,2860.4000,2861.4000,2861.6000,2861.8000,2862.0000,2862.6000,4,9,1,2,2,2,4,4,2,1
SF,IH2006,2020-06-17 13:49:57.700,2861.4000,17531,-2,11886724740.000,2,0,2,双平,B,2861.4000,2861.2000,2861.0000,2860.8000,2860.6000,2861.6000,2861.8000,2862.0000,2862.6000,2862.8000,1,4,9,1,2,4,4,2,1,3
SF,IH2006,2020-06-17 13:49:58.200,2861.4000,17532,1,11887583160.000,1,1,0,双开,B,2861.2000,2861.0000,2860.8000,2860.6000,2860.4000,2861.6000,2861.8000,2862.0000,2862.6000,2862.8000,4,9,1,2,2,4,4,2,1,3
SF,IH2006,2020-06-17 13:49:58.700,2861.4000,17532,0,11887583160.000,0,-,-,-,-,2861.2000,2861.0000,2860.8000,2860.6000,2860.4000,2861.4000,2861.6000,2861.8000,2862.0000,2862.6000,4,9,1,2,2,1,4,4,2,1
SF,IH2006,2020-06-17 13:49:59.200,2861.4000,17532,0,11888441580.000,1,0,1,空换,B,2861.4000,2861.2000,2861.0000,2860.8000,2860.6000,2861.6000,2861.8000,2862.0000,2862.6000,2862.8000,1,4,9,1,2,4,4,2,1,3
SF,IH2006,2020-06-17 13:49:59.700,2861.4000,17532,0,11889300000.000,1,0,1,空换,B,2861.2000,2861.0000,2860.8000,2860.6000,2860.4000,2861.4000,2861.6000,2861.8000,2862.0000,2862.6000,4,9,1,2,2,1,4,4,2,1
SF,IH2006,2020-06-17 13:50:00.200,2861.4000,17532,0,11889300000.000,0,-,-,-,-,2861.2000,2861.0000,2860.8000,2860.6000,2860.4000,2861.4000,2861.6000,2861.8000,2862.0000,2862.6000,4,9,1,2,2,2,4,4,1,1
SF,IH2006,2020-06-17 13:50:00.700,2861.4000,17532,0,11889300000.000,0,-,-,-,-,2861.2000,2861.0000,2860.8000,2860.6000,2860.4000,2861.4000,2861.6000,2861.8000,2862.0000,2862.6000,4,10,1,2,2,1,4,4,1,1
SF,IH2006,2020-06-17 13:50:01.200,2861.4000,17531,-1,11890158420.000,1,0,1,双平,B,2861.2000,2861.0000,2860.8000,2860.6000,2860.4000,2861.6000,2861.8000,2862.0000,2862.6000,2862.8000,4,10,1,2,2,4,4,1,1,3
SF,IH2006,2020-06-17 13:50:01.700,2861.2000,17534,3,11893591860.000,4,3,1,多开,B,2861.0000,2860.8000,2860.6000,2860.4000,2860.2000,2861.6000,2861.8000,2862.0000,2862.6000,2862.8000,9,1,2,2,4,4,4,1,1,3
SF,IH2006,2020-06-17 13:50:02.200,2861.2000,17534,0,11893591860.000,0,-,-,-,-,2861.0000,2860.8000,2860.6000,2860.4000,2860.2000,2861.4000,2861.6000,2861.8000,2862.0000,2862.6000,7,1,1,2,4,3,4,3,1,1
SF,IH2006,2020-06-17 13:50:02.700,2861.4000,17534,0,11894450280.000,1,0,1,空换,B,2861.0000,2860.8000,2860.6000,2860.4000,2860.2000,2861.4000,2861.6000,2861.8000,2862.0000,2862.6000,7,1,1,2,4,2,4,3,1,1
SF,IH2006,2020-06-17 13:50:03.200,2861.4000,17534,0,11894450280.000,0,-,-,-,-,2861.0000,2860.8000,2860.6000,2860.4000,2860.2000,2861.4000,2861.6000,2861.8000,2862.0000,2862.6000,7,2,1,2,4,2,4,3,1,1
SF,IH2006,2020-06-17 13:50:03.700,2861.4000,17534,0,11894450280.000,0,-,-,-,-,2861.0000,2860.8000,2860.6000,2860.4000,2860.2000,2861.4000,2861.6000,2861.8000,2862.0000,2862.6000,7,2,1,2,4,1,4,3,1,1
SF,IH2006,2020-06-17 13:50:04.200,2861.4000,17534,0,11895308700.000,1,0,1,空换,B,2861.0000,2860.8000,2860.6000,2860.4000,2860.2000,2861.4000,2861.6000,2861.8000,2862.0000,2862.6000,7,2,1,2,4,1,4,3,1,1
SF,IH2006,2020-06-17 13:50:04.700,2861.2000,17534,0,11897025360.000,2,1,1,空换,B,2861.0000,2860.8000,2860.6000,2860.4000,2860.2000,2861.2000,2861.4000,2861.6000,2861.8000,2862.0000,6,1,1,2,4,3,2,4,3,1
SF,IH2006,2020-06-17 13:50:05.200,2861.2000,17533,-1,11903891880.000,8,3,5,空平,B,2860.8000,2860.6000,2860.4000,2860.2000,2860.0000,2861.2000,2861.4000,2861.6000,2861.8000,2862.0000,1,1,2,4,16,4,2,4,3,1
SF,IH2006,2020-06-17 13:50:05.700,2860.8000,17534,1,11904750120.000,1,1,0,双开,B,2860.6000,2860.4000,2860.2000,2860.0000,2859.8000,2861.0000,2861.2000,2861.4000,2861.6000,2861.8000,1,2,4,16,1,8,5,2,4,3
SF,IH2006,2020-06-17 13:50:06.200,2860.6000,17534,0,11905608300.000,1,0,1,空换,B,2860.4000,2860.2000,2860.0000,2859.8000,2859.2000,2860.6000,2860.8000,2861.0000,2861.2000,2861.4000,1,4,16,1,2,1,1,9,5,2
SF,IH2006,2020-06-17 13:50:06.700,2860.8000,17534,0,11907324720.000,2,1,1,空换,B,2860.8000,2860.6000,2860.4000,2860.2000,2860.0000,2861.0000,2861.2000,2861.4000,2861.6000,2861.8000,1,3,1,4,16,9,4,2,4,3
SF,IH2006,2020-06-17 13:50:07.200,2860.8000,17535,1,11909041200.000,2,1,1,多开,B,2860.6000,2860.4000,2860.2000,2860.0000,2859.8000,2860.8000,2861.0000,2861.2000,2861.4000,2861.6000,3,1,4,16,1,2,8,2,1,3
SF,IH2006,2020-06-17 13:50:07.700,2860.8000,17535,0,11909899440.000,1,0,1,空换,B,2860.6000,2860.4000,2860.2000,2860.0000,2859.8000,2860.8000,2861.0000,2861.2000,2861.4000,2861.6000,2,1,4,16,1,3,8,2,1,3
SF,IH2006,2020-06-17 13:50:08.200,2860.8000,17536,1,11910757680.000,1,1,0,双开,B,2860.6000,2860.4000,2860.2000,2860.0000,2859.8000,2860.8000,2861.0000,2861.2000,2861.4000,2861.6000,2,1,4,16,1,2,8,1,1,3
SF,IH2006,2020-06-17 13:50:08.700,2860.8000,17536,0,11911615920.000,1,0,1,空换,B,2860.6000,2860.4000,2860.2000,2860.0000,2859.8000,2860.8000,2861.0000,2861.2000,2861.4000,2861.6000,2,1,4,16,1,1,7,1,1,3
SF,IH2006,2020-06-17 13:50:09.200,2860.8000,17536,0,11911615920.000,0,-,-,-,-,2860.6000,2860.4000,2860.2000,2860.0000,2859.8000,2860.8000,2861.0000,2861.2000,2861.4000,2861.6000,2,1,3,16,1,1,7,1,1,3
SF,IH2006,2020-06-17 13:50:09.700,2860.6000,17534,-2,11913332280.000,2,0,2,双平,B,2860.4000,2860.2000,2860.0000,2859.8000,2859.2000,2860.8000,2861.0000,2861.2000,2861.4000,2861.6000,1,3,16,1,2,1,7,1,1,3
SF,IH2006,2020-06-17 13:50:10.200,2860.8000,17534,0,11914190520.000,1,0,1,空换,B,2860.4000,2860.2000,2860.0000,2859.8000,2859.4000,2860.8000,2861.0000,2861.2000,2861.4000,2861.6000,1,3,16,1,1,1,7,1,1,3
SF,IH2006,2020-06-17 13:50:10.700,2860.8000,17534,0,11915048760.000,1,0,1,空换,B,2860.4000,2860.2000,2860.0000,2859.8000,2859.4000,2860.8000,2861.0000,2861.2000,2861.4000,2861.6000,1,3,16,1,1,2,7,1,1,3
SF,IH2006,2020-06-17 13:50:11.200,2860.8000,17533,-1,11916765240.000,2,0,2,空平,B,2860.4000,2860.2000,2860.0000,2859.8000,2859.4000,2861.0000,2861.2000,2861.4000,2861.6000,2861.8000,1,3,16,1,1,7,1,1,3,3
SF,IH2006,2020-06-17 13:50:11.700,2861.0000,17532,-1,11918481840.000,2,0,2,空平,B,2860.4000,2860.2000,2860.0000,2859.8000,2859.4000,2861.0000,2861.2000,2861.4000,2861.6000,2861.8000,3,3,16,1,1,6,1,1,3,3
SF,IH2006,2020-06-17 13:50:12.200,2861.0000,17531,-1,11919340140.000,1,0,1,双平,B,2860.4000,2860.2000,2860.0000,2859.8000,2859.4000,2861.0000,2861.2000,2861.4000,2861.6000,2861.8000,3,3,16,1,1,5,1,1,3,3
SF,IH2006,2020-06-17 13:50:12.700,2861.0000,17531,0,11919340140.000,0,-,-,-,-,2860.6000,2860.4000,2860.2000,2860.0000,2859.8000,2861.0000,2861.2000,2861.4000,2861.6000,2861.8000,1,3,3,16,1,5,1,1,3,3
SF,IH2006,2020-06-17 13:50:13.700,2861.0000,17531,0,11919340140.000,0,-,-,-,-,2860.6000,2860.4000,2860.2000,2860.0000,2859.8000,2861.0000,2861.2000,2861.4000,2861.6000,2861.8000,1,4,3,16,1,5,1,1,2,3
SF,IH2006,2020-06-17 13:50:14.700,2861.0000,17531,0,11919340140.000,0,-,-,-,-,2860.6000,2860.4000,2860.2000,2860.0000,2859.8000,2861.0000,2861.2000,2861.4000,2861.6000,2861.8000,2,4,3,16,1,5,1,1,2,3
SF,IH2006,2020-06-17 13:50:15.200,2861.0000,17531,0,11919340140.000,0,-,-,-,-,2860.6000,2860.4000,2860.2000,2860.0000,2859.8000,2861.0000,2861.2000,2861.4000,2861.6000,2861.8000,2,4,4,16,1,5,1,1,2,3
SF,IH2006,2020-06-17 13:50:15.700,2861.0000,17531,0,11919340140.000,0,-,-,-,-,2860.6000,2860.4000,2860.2000,2860.0000,2859.8000,2861.0000,2861.2000,2861.4000,2861.6000,2861.8000,2,4,4,16,1,5,1,1,2,3
SF,IH2006,2020-06-17 13:50:16.200,2861.0000,17530,-1,11920198440.000,1,0,1,双平,B,2860.6000,2860.4000,2860.2000,2860.0000,2859.8000,2861.0000,2861.2000,2861.4000,2861.6000,2861.8000,2,4,4,16,1,4,1,1,2,3
SF,IH2006,2020-06-17 13:50:17.200,2861.0000,17530,0,11920198440.000,0,-,-,-,-,2860.6000,2860.4000,2860.2000,2860.0000,2859.8000,2861.0000,2861.2000,2861.4000,2861.6000,2861.8000,2,4,4,16,1,4,1,1,2,3
SF,IH2006,2020-06-17 13:50:17.700,2861.0000,17530,0,11920198440.000,0,-,-,-,-,2860.6000,2860.4000,2860.2000,2860.0000,2859.8000,2861.0000,2861.2000,2861.4000,2861.6000,2861.8000,1,4,4,16,1,4,1,1,2,3
SF,IH2006,2020-06-17 13:50:20.700,2860.6000,17530,0,11921056620.000,1,0,1,空换,B,2860.4000,2860.2000,2860.0000,2859.8000,2859.4000,2861.0000,2861.2000,2861.4000,2861.6000,2861.8000,4,4,16,1,1,4,1,1,2,3
SF,IH2006,2020-06-17 13:50:21.200,2860.6000,17530,0,11921056620.000,0,-,-,-,-,2860.4000,2860.2000,2860.0000,2859.8000,2859.4000,2860.8000,2861.0000,2861.2000,2861.4000,2861.6000,4,4,16,1,1,1,4,1,1,2
SF,IH2006,2020-06-17 13:50:21.700,2860.8000,17529,-1,11921914860.000,1,0,1,双平,B,2860.4000,2860.2000,2860.0000,2859.8000,2859.4000,2861.0000,2861.2000,2861.4000,2861.6000,2861.8000,4,4,16,1,1,4,1,1,2,3
SF,IH2006,2020-06-17 13:50:22.700,2861.0000,17529,0,11922773160.000,1,0,1,空换,B,2860.4000,2860.2000,2860.0000,2859.8000,2859.4000,2861.0000,2861.2000,2861.4000,2861.6000,2861.8000,4,4,16,1,1,3,1,1,2,3
SF,IH2006,2020-06-17 13:50:23.700,2860.6000,17529,0,11923631340.000,1,0,1,空换,B,2860.4000,2860.2000,2860.0000,2859.8000,2859.4000,2861.0000,2861.2000,2861.4000,2861.6000,2861.8000,4,4,16,1,1,3,1,1,2,3
SF,IH2006,2020-06-17 13:50:25.200,2860.6000,17529,0,11923631340.000,0,-,-,-,-,2860.4000,2860.2000,2860.0000,2859.8000,2859.4000,2861.0000,2861.2000,2861.4000,2861.6000,2861.8000,4,4,16,1,1,3,1,1,2,3
SF,IH2006,2020-06-17 13:50:25.700,2860.6000,17529,0,11923631340.000,0,-,-,-,-,2860.4000,2860.2000,2860.0000,2859.8000,2859.4000,2861.0000,2861.2000,2861.4000,2861.6000,2861.8000,3,4,16,1,1,3,1,1,2,3
SF,IH2006,2020-06-17 13:50:26.200,2860.6000,17529,0,11923631340.000,0,-,-,-,-,2860.4000,2860.2000,2860.0000,2859.8000,2859.4000,2861.0000,2861.2000,2861.4000,2861.6000,2861.8000,3,4,16,1,1,3,1,1,2,3
SF,IH2006,2020-06-17 13:50:26.700,2861.0000,17528,-1,11926206240.000,3,1,2,空平,B,2860.4000,2860.2000,2860.0000,2859.8000,2859.4000,2861.2000,2861.4000,2861.6000,2861.8000,2862.0000,3,4,16,1,1,1,1,2,3,2
SF,IH2006,2020-06-17 13:50:27.200,2861.0000,17528,0,11926206240.000,0,-,-,-,-,2860.4000,2860.2000,2860.0000,2859.8000,2859.4000,2860.6000,2861.0000,2861.2000,2861.4000,2861.6000,3,4,16,1,1,2,4,3,1,2
SF,IH2006,2020-06-17 13:50:27.700,2860.6000,17529,1,11927064420.000,1,1,0,双开,B,2860.6000,2860.4000,2860.2000,2860.0000,2859.8000,2861.0000,2861.2000,2861.4000,2861.6000,2861.8000,3,3,4,16,1,5,3,1,2,3
SF,IH2006,2020-06-17 13:50:28.200,2860.6000,17529,0,11927922600.000,1,0,1,空换,B,2860.6000,2860.4000,2860.2000,2860.0000,2859.8000,2860.8000,2861.0000,2861.2000,2861.4000,2861.6000,2,3,4,16,1,1,5,1,1,2
SF,IH2006,2020-06-17 13:50:29.200,2860.6000,17529,0,11928780780.000,1,0,1,空换,B,2860.6000,2860.4000,2860.2000,2860.0000,2859.8000,2860.8000,2861.0000,2861.2000,2861.4000,2861.6000,1,3,4,16,1,1,5,1,1,2
SF,IH2006,2020-06-17 13:50:29.700,2860.6000,17529,0,11929638960.000,1,0,1,空换,B,2860.4000,2860.2000,2860.0000,2859.8000,2859.4000,2860.8000,2861.0000,2861.2000,2861.4000,2861.6000,2,4,16,1,1,1,5,1,1,2
SF,IH2006,2020-06-17 13:50:30.200,2860.6000,17529,0,11929638960.000,0,-,-,-,-,2860.4000,2860.2000,2860.0000,2859.8000,2859.4000,2860.6000,2860.8000,2861.0000,2861.2000,2861.4000,2,4,16,1,1,2,2,5,1,1
SF,IH2006,2020-06-17 13:50:30.700,2860.6000,17529,0,11929638960.000,0,-,-,-,-,2860.4000,2860.2000,2860.0000,2859.8000,2859.4000,2860.6000,2860.8000,2861.0000,2861.2000,2861.4000,2,4,16,1,1,2,2,4,1,1
SF,IH2006,2020-06-17 13:50:32.700,2860.6000,17529,0,11930497140.000,1,0,1,空换,B,2860.4000,2860.2000,2860.0000,2859.8000,2859.4000,2860.6000,2860.8000,2861.0000,2861.2000,2861.4000,2,4,16,1,1,1,2,4,1,1
SF,IH2006,2020-06-17 13:50:33.200,2860.6000,17529,0,11930497140.000,0,-,-,-,-,2860.4000,2860.2000,2860.0000,2859.8000,2859.4000,2860.6000,2860.8000,2861.0000,2861.2000,2861.4000,2,4,16,1,1,1,2,3,1,1
SF,IH2006,2020-06-17 13:50:34.700,2860.4000,17527,-2,11932213440.000,2,0,2,双平,B,2860.4000,2860.2000,2860.0000,2859.8000,2859.4000,2860.8000,2861.0000,2861.2000,2861.4000,2861.6000,1,4,16,1,1,2,3,1,1,2
SF,IH2006,2020-06-17 13:50:35.200,2860.4000,17527,0,11932213440.000,0,-,-,-,-,2860.4000,2860.2000,2860.0000,2859.8000,2859.4000,2860.8000,2861.0000,2861.2000,2861.4000,2861.6000,1,4,16,1,1,2,2,1,1,2
SF,IH2006,2020-06-17 13:50:36.200,2860.4000,17527,0,11932213440.000,0,-,-,-,-,2860.4000,2860.2000,2860.0000,2859.8000,2859.4000,2860.8000,2861.0000,2861.2000,2861.4000,2861.6000,1,4,16,1,1,3,2,1,1,2
SF,IH2006,2020-06-17 13:50:36.700,2860.4000,17527,0,11932213440.000,0,-,-,-,-,2860.4000,2860.2000,2860.0000,2859.8000,2859.4000,2860.8000,2861.0000,2861.2000,2861.4000,2861.6000,1,4,16,1,1,3,2,1,1,2
SF,IH2006,2020-06-17 13:50:37.200,2860.4000,17527,0,11933071560.000,1,0,1,空换,B,2860.2000,2860.0000,2859.8000,2859.4000,2859.2000,2860.8000,2861.0000,2861.2000,2861.4000,2861.6000,4,16,1,1,2,2,2,1,1,2
SF,IH2006,2020-06-17 13:50:37.700,2860.2000,17527,0,11935645740.000,3,1,2,空换,B,2860.2000,2860.0000,2859.8000,2859.4000,2859.2000,2860.8000,2861.0000,2861.2000,2861.4000,2861.6000,2,16,1,1,2,2,2,1,1,2
SF,IH2006,2020-06-17 13:50:38.200,2860.2000,17528,1,11937361860.000,2,1,1,多开,B,2860.4000,2860.2000,2860.0000,2859.8000,2859.4000,2860.8000,2861.0000,2861.2000,2861.4000,2861.6000,2,2,16,1,1,3,2,1,1,2
SF,IH2006,2020-06-17 13:50:38.700,2860.2000,17528,0,11937361860.000,0,-,-,-,-,2860.2000,2860.0000,2859.8000,2859.4000,2859.2000,2860.4000,2860.8000,2861.0000,2861.2000,2861.4000,2,16,1,1,2,1,3,2,1,1
SF,IH2006,2020-06-17 13:50:39.200,2860.2000,17528,0,11937361860.000,0,-,-,-,-,2860.2000,2860.0000,2859.8000,2859.4000,2859.2000,2860.4000,2860.8000,2861.0000,2861.2000,2861.4000,1,16,1,1,2,1,3,2,1,1
SF,IH2006,2020-06-17 13:50:40.700,2860.2000,17528,0,11937361860.000,0,-,-,-,-,2860.2000,2860.0000,2859.8000,2859.4000,2859.2000,2860.4000,2860.8000,2861.0000,2861.2000,2861.4000,1,16,1,1,2,1,4,2,1,1
SF,IH2006,2020-06-17 13:50:41.200,2860.2000,17528,0,11937361860.000,0,-,-,-,-,2860.2000,2860.0000,2859.8000,2859.4000,2859.2000,2860.4000,2860.8000,2861.0000,2861.2000,2861.4000,1,17,1,1,2,1,4,2,1,1
SF,IH2006,2020-06-17 13:50:43.200,2860.2000,17528,0,11937361860.000,0,-,-,-,-,2860.2000,2860.0000,2859.8000,2859.4000,2859.2000,2860.4000,2860.8000,2861.0000,2861.2000,2861.4000,1,17,1,1,2,3,4,2,1,1
SF,IH2006,2020-06-17 13:50:44.200,2860.4000,17528,0,11938219980.000,1,0,1,空换,B,2860.2000,2860.0000,2859.8000,2859.4000,2859.2000,2860.4000,2860.8000,2861.0000,2861.2000,2861.4000,2,17,1,1,2,2,4,2,1,1
SF,IH2006,2020-06-17 13:50:45.200,2860.4000,17528,0,11938219980.000,0,-,-,-,-,2860.2000,2860.0000,2859.8000,2859.4000,2859.2000,2860.4000,2860.8000,2861.2000,2861.4000,2861.6000,2,17,1,1,2,2,4,1,1,2
SF,IH2006,2020-06-17 13:50:45.700,2860.4000,17528,0,11939078100.000,1,0,1,空换,B,2860.2000,2860.0000,2859.8000,2859.4000,2859.2000,2860.4000,2860.8000,2861.2000,2861.4000,2861.6000,2,17,1,1,2,1,4,1,1,2
SF,IH2006,2020-06-17 13:50:46.200,2860.4000,17528,0,11939936220.000,1,0,1,空换,B,2860.2000,2860.0000,2859.8000,2859.4000,2859.2000,2860.4000,2860.8000,2861.2000,2861.4000,2861.6000,2,17,1,1,2,1,4,1,1,2
SF,IH2006,2020-06-17 13:50:46.700,2860.4000,17529,1,11940794340.000,1,1,0,双开,B,2860.2000,2860.0000,2859.8000,2859.4000,2859.2000,2860.8000,2861.2000,2861.4000,2861.6000,2861.8000,2,17,1,1,2,4,1,1,2,3
SF,IH2006,2020-06-17 13:50:47.700,2860.4000,17529,0,11940794340.000,0,-,-,-,-,2860.2000,2860.0000,2859.8000,2859.4000,2859.2000,2860.8000,2861.2000,2861.4000,2861.6000,2861.8000,2,17,1,1,2,4,1,1,2,2
SF,IH2006,2020-06-17 13:50:48.700,2860.4000,17529,0,11940794340.000,0,-,-,-,-,2860.4000,2860.2000,2860.0000,2859.8000,2859.4000,2860.8000,2861.2000,2861.4000,2861.6000,2861.8000,4,1,17,1,1,4,1,1,2,2
SF,IH2006,2020-06-17 13:50:49.200,2860.4000,17529,0,11940794340.000,0,-,-,-,-,2860.6000,2860.4000,2860.2000,2860.0000,2859.8000,2860.8000,2861.2000,2861.4000,2861.6000,2861.8000,1,5,1,17,1,3,1,1,2,2
SF,IH2006,2020-06-17 13:50:49.700,2860.8000,17531,2,11942510820.000,2,2,0,双开,B,2860.6000,2860.4000,2860.2000,2860.0000,2859.8000,2860.8000,2861.2000,2861.4000,2861.6000,2861.8000,1,5,1,17,1,1,1,1,2,2
SF,IH2006,2020-06-17 13:50:50.200,2860.8000,17531,0,11942510820.000,0,-,-,-,-,2860.4000,2860.2000,2860.0000,2859.8000,2859.4000,2860.8000,2861.2000,2861.4000,2861.6000,2861.8000,5,1,17,1,1,1,1,1,2,2
SF,IH2006,2020-06-17 13:50:50.700,2860.8000,17531,0,11942510820.000,0,-,-,-,-,2860.4000,2860.2000,2860.0000,2859.8000,2859.4000,2860.8000,2861.0000,2861.2000,2861.4000,2861.6000,5,1,17,1,1,1,1,1,1,2
SF,IH2006,2020-06-17 13:50:53.700,2860.4000,17530,-1,11943368940.000,1,0,1,双平,B,2860.4000,2860.2000,2860.0000,2859.8000,2859.4000,2860.8000,2861.0000,2861.2000,2861.4000,2861.6000,4,1,17,1,1,1,1,1,1,2
SF,IH2006,2020-06-17 13:50:54.200,2860.4000,17530,0,11943368940.000,0,-,-,-,-,2860.4000,2860.2000,2860.0000,2859.8000,2859.4000,2860.8000,2861.0000,2861.2000,2861.4000,2861.6000,4,1,17,1,1,2,1,1,1,2
SF,IH2006,2020-06-17 13:50:54.700,2860.4000,17530,0,11943368940.000,0,-,-,-,-,2860.6000,2860.4000,2860.2000,2860.0000,2859.8000,2860.8000,2861.0000,2861.2000,2861.4000,2861.6000,1,4,1,17,1,1,1,1,1,2
SF,IH2006,2020-06-17 13:50:55.200,2860.4000,17530,0,11943368940.000,0,-,-,-,-,2860.4000,2860.2000,2860.0000,2859.8000,2859.4000,2860.8000,2861.0000,2861.2000,2861.4000,2861.6000,4,1,17,1,1,1,1,1,1,2
SF,IH2006,2020-06-17 13:50:55.700,2860.4000,17530,0,11943368940.000,0,-,-,-,-,2860.4000,2860.2000,2860.0000,2859.8000,2859.4000,2860.8000,2861.0000,2861.2000,2861.4000,2861.6000,4,1,17,1,1,2,1,1,1,2
SF,IH2006,2020-06-17 13:50:56.200,2860.4000,17530,0,11943368940.000,0,-,-,-,-,2860.4000,2860.2000,2860.0000,2859.8000,2859.4000,2860.6000,2860.8000,2861.0000,2861.2000,2861.4000,4,1,17,1,1,2,2,1,1,1
SF,IH2006,2020-06-17 13:50:56.700,2860.6000,17528,-2,11945085300.000,2,0,2,双平,B,2860.4000,2860.2000,2860.0000,2859.8000,2859.4000,2860.8000,2861.0000,2861.2000,2861.4000,2861.6000,4,2,17,1,1,4,1,1,1,2
SF,IH2006,2020-06-17 13:50:58.200,2860.6000,17528,0,11945085300.000,0,-,-,-,-,2860.4000,2860.2000,2860.0000,2859.8000,2859.4000,2860.8000,2861.0000,2861.2000,2861.4000,2861.6000,4,2,17,1,1,5,1,1,1,2
SF,IH2006,2020-06-17 13:50:58.700,2860.4000,17529,1,11945943420.000,1,1,0,双开,B,2860.4000,2860.2000,2860.0000,2859.8000,2859.4000,2860.8000,2861.0000,2861.2000,2861.4000,2861.6000,3,2,17,1,1,5,1,1,1,2
SF,IH2006,2020-06-17 13:50:59.700,2860.4000,17529,0,11945943420.000,0,-,-,-,-,2860.4000,2860.2000,2860.0000,2859.8000,2859.4000,2860.8000,2861.0000,2861.2000,2861.4000,2861.6000,3,2,17,1,1,6,1,1,1,2
SF,IH2006,2020-06-17 13:51:00.200,2860.4000,17529,0,11945943420.000,0,-,-,-,-,2860.4000,2860.2000,2860.0000,2859.8000,2859.4000,2860.8000,2861.0000,2861.2000,2861.4000,2861.6000,3,2,17,1,1,6,1,1,1,1
SF,IH2006,2020-06-17 13:51:02.200,2860.4000,17529,0,11945943420.000,0,-,-,-,-,2860.4000,2860.2000,2860.0000,2859.8000,2859.4000,2860.8000,2861.0000,2861.2000,2861.4000,2861.6000,3,2,17,1,1,3,1,1,1,1
SF,IH2006,2020-06-17 13:51:03.700,2860.4000,17529,0,11945943420.000,0,-,-,-,-,2860.4000,2860.2000,2860.0000,2859.8000,2859.4000,2860.8000,2861.0000,2861.2000,2861.4000,2861.6000,1,2,17,1,1,3,1,1,1,1
SF,IH2006,2020-06-17 13:51:04.200,2860.8000,17530,1,11946801660.000,1,1,0,双开,B,2860.2000,2860.0000,2859.8000,2859.4000,2859.2000,2860.4000,2860.8000,2861.0000,2861.2000,2861.4000,2,17,1,1,2,2,4,1,1,1
SF,IH2006,2020-06-17 13:51:04.700,2860.8000,17531,1,11950234560.000,4,2,2,多开,B,2860.2000,2860.0000,2859.8000,2859.4000,2859.2000,2860.8000,2861.0000,2861.2000,2861.4000,2861.6000,2,17,1,1,2,1,1,1,1,1
SF,IH2006,2020-06-17 13:51:05.200,2860.8000,17531,0,11950234560.000,0,-,-,-,-,2860.2000,2860.0000,2859.8000,2859.2000,2859.0000,2860.6000,2860.8000,2861.0000,2861.6000,2862.0000,3,17,1,2,2,1,2,1,1,2
SF,IH2006,2020-06-17 13:51:06.700,2860.6000,17531,0,11951092740.000,1,0,1,空换,B,2860.2000,2860.0000,2859.8000,2859.2000,2859.0000,2860.8000,2861.0000,2861.6000,2862.0000,2862.6000,3,17,1,2,2,2,1,1,2,1
SF,IH2006,2020-06-17 13:51:07.200,2860.6000,17531,0,11951092740.000,0,-,-,-,-,2860.2000,2860.0000,2859.8000,2859.2000,2859.0000,2860.6000,2860.8000,2861.0000,2861.6000,2862.0000,3,17,1,2,2,1,2,1,1,2
SF,IH2006,2020-06-17 13:51:07.700,2860.6000,17531,0,11951092740.000,0,-,-,-,-,2860.2000,2860.0000,2859.8000,2859.2000,2859.0000,2860.6000,2860.8000,2861.0000,2861.6000,2862.0000,3,17,1,2,2,2,2,1,1,2
SF,IH2006,2020-06-17 13:51:08.200,2860.6000,17531,0,11951092740.000,0,-,-,-,-,2860.2000,2860.0000,2859.8000,2859.4000,2859.2000,2860.6000,2860.8000,2861.0000,2861.6000,2862.0000,3,17,1,1,2,2,2,1,1,2
SF,IH2006,2020-06-17 13:51:08.700,2860.6000,17531,0,11951092740.000,0,-,-,-,-,2860.2000,2860.0000,2859.8000,2859.4000,2859.2000,2860.6000,2860.8000,2861.0000,2861.6000,2862.0000,2,17,1,1,2,2,2,1,1,2
SF,IH2006,2020-06-17 13:51:09.200,2860.6000,17531,0,11951092740.000,0,-,-,-,-,2860.2000,2860.0000,2859.8000,2859.4000,2859.2000,2860.6000,2860.8000,2861.0000,2861.6000,2862.0000,2,17,1,1,2,3,2,1,1,2
SF,IH2006,2020-06-17 13:51:09.700,2860.6000,17531,0,11951092740.000,0,-,-,-,-,2860.2000,2860.0000,2859.8000,2859.4000,2859.2000,2860.6000,2860.8000,2861.0000,2861.6000,2862.0000,2,17,1,1,2,4,1,1,1,2
SF,IH2006,2020-06-17 13:51:10.700,2860.6000,17531,0,11951092740.000,0,-,-,-,-,2860.2000,2860.0000,2859.8000,2859.4000,2859.2000,2860.6000,2860.8000,2861.0000,2861.6000,2862.0000,2,17,1,1,2,4,2,1,1,2
SF,IH2006,2020-06-17 13:51:11.700,2860.6000,17531,0,11951092740.000,0,-,-,-,-,2860.2000,2860.0000,2859.8000,2859.4000,2859.2000,2860.6000,2860.8000,2861.0000,2861.6000,2862.0000,2,17,1,1,2,5,2,1,1,2
SF,IH2006,2020-06-17 13:51:12.200,2860.6000,17531,0,11951950920.000,1,0,1,空换,B,2860.2000,2860.0000,2859.8000,2859.4000,2859.2000,2860.6000,2860.8000,2861.0000,2861.6000,2862.0000,2,17,1,1,2,3,2,1,1,2
SF,IH2006,2020-06-17 13:51:12.700,2860.6000,17532,1,11952809100.000,1,1,0,双开,B,2860.4000,2860.2000,2860.0000,2859.8000,2859.4000,2860.6000,2860.8000,2861.0000,2861.6000,2862.0000,1,3,17,1,1,2,2,1,1,2
SF,IH2006,2020-06-17 13:51:13.200,2860.6000,17531,-1,11953667280.000,1,0,1,双平,B,2860.4000,2860.2000,2860.0000,2859.8000,2859.4000,2860.6000,2860.8000,2861.0000,2861.6000,2861.8000,1,3,17,1,1,1,2,1,1,1
SF,IH2006,2020-06-17 13:51:14.700,2860.6000,17531,0,11954525460.000,1,0,1,空换,B,2860.6000,2860.4000,2860.2000,2860.0000,2859.8000,2860.8000,2861.0000,2861.6000,2861.8000,2862.0000,1,1,3,17,1,2,1,1,1,2
SF,IH2006,2020-06-17 13:51:15.200,2860.6000,17531,0,11954525460.000,0,-,-,-,-,2860.6000,2860.4000,2860.2000,2860.0000,2859.8000,2860.8000,2861.0000,2861.6000,2861.8000,2862.0000,3,1,3,17,1,2,1,1,1,2
SF,IH2006,2020-06-17 13:51:16.200,2860.6000,17531,0,11955383640.000,1,0,1,空换,B,2860.6000,2860.4000,2860.2000,2860.0000,2859.8000,2860.8000,2861.0000,2861.6000,2861.8000,2862.0000,2,1,3,17,1,2,1,1,1,2
SF,IH2006,2020-06-17 13:51:16.700,2860.6000,17531,0,11956241820.000,1,0,1,空换,B,2860.6000,2860.4000,2860.2000,2860.0000,2859.8000,2860.8000,2861.0000,2861.6000,2861.8000,2862.0000,1,1,3,17,1,2,1,1,1,2
SF,IH2006,2020-06-17 13:51:17.700,2860.6000,17531,0,11956241820.000,0,-,-,-,-,2860.6000,2860.4000,2860.2000,2860.0000,2859.8000,2860.8000,2861.0000,2861.6000,2861.8000,2862.0000,1,1,3,17,1,2,1,1,1,1
SF,IH2006,2020-06-17 13:51:18.200,2860.6000,17531,0,11956241820.000,0,-,-,-,-,2860.4000,2860.2000,2860.0000,2859.8000,2859.4000,2860.8000,2861.0000,2861.6000,2861.8000,2862.0000,1,3,17,1,1,2,1,1,1,1
SF,IH2006,2020-06-17 13:51:18.700,2860.6000,17531,0,11956241820.000,0,-,-,-,-,2860.4000,2860.2000,2860.0000,2859.8000,2859.4000,2860.8000,2861.0000,2861.6000,2861.8000,2862.0000,2,3,17,1,1,2,1,1,1,1
SF,IH2006,2020-06-17 13:51:19.200,2860.6000,17531,0,11956241820.000,0,-,-,-,-,2860.4000,2860.2000,2860.0000,2859.8000,2859.4000,2860.6000,2860.8000,2861.0000,2861.6000,2861.8000,2,3,17,1,1,1,2,1,1,1
SF,IH2006,2020-06-17 13:51:19.700,2860.6000,17530,-1,11957100000.000,1,0,1,双平,B,2860.6000,2860.4000,2860.2000,2860.0000,2859.8000,2860.8000,2861.0000,2861.6000,2861.8000,2862.0000,1,2,3,17,1,2,1,1,1,1
SF,IH2006,2020-06-17 13:51:20.700,2860.6000,17530,0,11957100000.000,0,-,-,-,-,2860.6000,2860.4000,2860.2000,2860.0000,2859.8000,2860.8000,2861.0000,2861.6000,2861.8000,2862.0000,1,2,3,17,1,3,1,1,1,1
SF,IH2006,2020-06-17 13:51:21.200,2860.6000,17530,0,11957958180.000,1,0,1,空换,B,2860.4000,2860.2000,2860.0000,2859.8000,2859.4000,2860.8000,2861.0000,2861.6000,2861.8000,2862.0000,2,3,17,1,1,3,1,1,1,1
SF,IH2006,2020-06-17 13:51:22.200,2860.6000,17530,0,11957958180.000,0,-,-,-,-,2860.4000,2860.2000,2860.0000,2859.8000,2859.4000,2860.8000,2861.0000,2861.6000,2861.8000,2862.0000,2,3,17,1,1,3,1,1,1,1
SF,IH2006,2020-06-17 13:51:23.700,2860.8000,17530,0,11960532900.000,3,1,2,空换,B,2860.4000,2860.2000,2860.0000,2859.8000,2859.4000,2861.0000,2861.6000,2861.8000,2862.0000,2862.6000,1,3,17,1,1,1,1,1,1,1
SF,IH2006,2020-06-17 13:51:24.200,2860.8000,17530,0,11960532900.000,0,-,-,-,-,2860.4000,2860.2000,2860.0000,2859.8000,2859.4000,2861.0000,2861.6000,2861.8000,2862.0000,2862.6000,1,3,17,1,1,2,1,1,1,1
SF,IH2006,2020-06-17 13:51:24.700,2860.4000,17530,0,11961391020.000,1,0,1,空换,B,2860.2000,2860.0000,2859.8000,2859.4000,2859.2000,2861.0000,2861.6000,2861.8000,2862.0000,2862.6000,3,17,1,1,2,2,1,1,1,1
SF,IH2006,2020-06-17 13:51:25.200,2860.4000,17530,0,11961391020.000,0,-,-,-,-,2860.4000,2860.2000,2860.0000,2859.8000,2859.4000,2860.6000,2860.8000,2861.0000,2861.6000,2861.8000,5,3,17,1,1,1,1,2,1,1
SF,IH2006,2020-06-17 13:51:25.700,2860.6000,17530,0,11962249200.000,1,0,1,空换,B,2860.6000,2860.4000,2860.2000,2860.0000,2859.8000,2860.8000,2861.0000,2861.6000,2861.8000,2862.0000,1,5,3,17,1,1,2,1,1,3
SF,IH2006,2020-06-17 13:51:26.200,2860.6000,17530,0,11962249200.000,0,-,-,-,-,2860.4000,2860.2000,2860.0000,2859.8000,2859.4000,2860.8000,2861.0000,2861.6000,2861.8000,2862.0000,5,3,17,1,1,1,1,1,1,3
SF,IH2006,2020-06-17 13:51:28.700,2860.8000,17530,0,11963107440.000,1,0,1,空换,B,2860.4000,2860.2000,2860.0000,2859.8000,2859.4000,2861.0000,2861.6000,2861.8000,2862.0000,2862.6000,5,3,17,1,1,1,1,1,3,1
SF,IH2006,2020-06-17 13:51:29.200,2860.8000,17530,0,11963107440.000,0,-,-,-,-,2860.6000,2860.4000,2860.2000,2860.0000,2859.8000,2861.0000,2861.6000,2861.8000,2862.0000,2862.6000,1,5,3,17,1,1,1,1,3,1
SF,IH2006,2020-06-17 13:51:29.700,2860.6000,17531,1,11963965620.000,1,1,0,双开,B,2860.4000,2860.2000,2860.0000,2859.8000,2859.4000,2861.0000,2861.6000,2861.8000,2862.0000,2862.6000,5,3,17,1,1,1,1,1,3,1
SF,IH2006,2020-06-17 13:51:30.200,2860.6000,17531,0,11963965620.000,0,-,-,-,-,2860.4000,2860.2000,2860.0000,2859.8000,2859.4000,2860.8000,2861.0000,2861.6000,2861.8000,2862.0000,5,3,17,1,1,1,2,1,1,3
SF,IH2006,2020-06-17 13:51:31.200,2860.6000,17531,0,11963965620.000,0,-,-,-,-,2860.4000,2860.2000,2860.0000,2859.8000,2859.4000,2860.8000,2861.0000,2861.6000,2861.8000,2862.0000,5,3,17,1,1,1,3,1,1,3
SF,IH2006,2020-06-17 13:51:31.700,2860.8000,17531,0,11964823860.000,1,0,1,空换,B,2860.4000,2860.2000,2860.0000,2859.8000,2859.4000,2861.0000,2861.6000,2861.8000,2862.0000,2862.6000,4,3,17,1,1,3,1,1,3,1
SF,IH2006,2020-06-17 13:51:32.200,2860.8000,17531,0,11964823860.000,0,-,-,-,-,2860.4000,2860.2000,2860.0000,2859.8000,2859.4000,2861.0000,2861.6000,2861.8000,2862.0000,2862.6000,1,3,17,1,1,3,1,1,3,1
SF,IH2006,2020-06-17 13:51:32.700,2860.8000,17531,0,11964823860.000,0,-,-,-,-,2860.4000,2860.2000,2860.0000,2859.8000,2859.4000,2860.8000,2861.0000,2861.6000,2861.8000,2862.0000,1,3,17,1,1,3,3,1,1,3
SF,IH2006,2020-06-17 13:51:33.200,2860.8000,17530,-1,11968256820.000,4,1,3,空平,B,2860.2000,2860.0000,2859.8000,2859.4000,2859.2000,2860.8000,2861.0000,2861.6000,2861.8000,2862.0000,3,17,1,1,2,1,3,1,1,3
SF,IH2006,2020-06-17 13:51:33.700,2860.8000,17530,0,11968256820.000,0,-,-,-,-,2860.2000,2860.0000,2859.8000,2859.4000,2859.2000,2860.8000,2861.0000,2861.6000,2861.8000,2862.0000,3,16,1,1,2,1,3,1,1,3
SF,IH2006,2020-06-17 13:51:34.700,2861.0000,17530,0,11969973360.000,2,1,1,空换,B,2860.2000,2860.0000,2859.8000,2859.4000,2859.2000,2861.0000,2861.6000,2861.8000,2862.0000,2862.6000,4,16,1,1,2,2,1,1,3,1
SF,IH2006,2020-06-17 13:51:35.200,2860.4000,17530,0,11970831480.000,1,0,1,空换,B,2860.6000,2860.4000,2860.2000,2860.0000,2859.8000,2860.8000,2861.0000,2861.6000,2861.8000,2862.0000,1,3,4,16,1,1,2,1,1,3
SF,IH2006,2020-06-17 13:51:35.700,2860.6000,17530,0,11971689660.000,1,0,1,空换,B,2860.4000,2860.2000,2860.0000,2859.8000,2859.2000,2860.8000,2861.0000,2861.6000,2861.8000,2862.0000,3,4,16,1,2,1,2,1,1,3
SF,IH2006,2020-06-17 13:51:36.200,2860.6000,17530,0,11971689660.000,0,-,-,-,-,2860.4000,2860.2000,2860.0000,2859.8000,2859.4000,2860.8000,2861.0000,2861.6000,2861.8000,2862.0000,4,4,16,1,1,2,2,1,1,3
SF,IH2006,2020-06-17 13:51:37.200,2860.6000,17530,0,11971689660.000,0,-,-,-,-,2860.4000,2860.2000,2860.0000,2859.8000,2859.4000,2860.8000,2861.0000,2861.6000,2861.8000,2862.0000,4,4,16,1,1,3,2,1,1,3
SF,IH2006,2020-06-17 13:51:40.700,2860.6000,17530,0,11971689660.000,0,-,-,-,-,2860.4000,2860.2000,2860.0000,2859.8000,2859.4000,2860.8000,2861.0000,2861.6000,2862.0000,2862.6000,4,4,16,1,1,3,2,1,3,1
SF,IH2006,2020-06-17 13:51:41.200,2860.6000,17530,0,11971689660.000,0,-,-,-,-,2860.4000,2860.2000,2860.0000,2859.8000,2859.4000,2860.8000,2861.0000,2861.6000,2862.0000,2862.6000,3,4,16,1,1,7,2,1,3,1
SF,IH2006,2020-06-17 13:51:43.200,2860.8000,17530,0,11972547900.000,1,0,1,空换,B,2860.4000,2860.2000,2860.0000,2859.8000,2859.4000,2860.8000,2861.0000,2861.6000,2862.0000,2862.6000,3,4,16,1,1,6,4,1,3,1
SF,IH2006,2020-06-17 13:51:46.200,2860.8000,17531,1,11974264380.000,2,1,1,多开,B,2860.6000,2860.4000,2860.2000,2860.0000,2859.8000,2860.8000,2861.0000,2861.6000,2862.0000,2862.6000,2,3,4,16,1,4,4,1,3,1
SF,IH2006,2020-06-17 13:51:46.700,2860.8000,17531,0,11974264380.000,0,-,-,-,-,2860.6000,2860.4000,2860.2000,2860.0000,2859.8000,2860.8000,2861.0000,2861.6000,2862.0000,2862.6000,2,3,4,16,1,4,3,1,3,1
SF,IH2006,2020-06-17 13:51:47.200,2860.8000,17533,2,11977697340.000,4,3,1,多开,B,2860.6000,2860.4000,2860.2000,2860.0000,2859.8000,2861.0000,2861.6000,2862.0000,2862.6000,2862.8000,2,3,4,16,1,3,1,3,1,3
SF,IH2006,2020-06-17 13:51:47.700,2860.8000,17533,0,11977697340.000,0,-,-,-,-,2860.6000,2860.4000,2860.2000,2860.0000,2859.8000,2861.0000,2862.0000,2862.6000,2862.8000,2863.0000,3,3,4,16,1,3,3,1,3,3
SF,IH2006,2020-06-17 13:51:48.200,2860.8000,17533,0,11977697340.000,0,-,-,-,-,2860.8000,2860.6000,2860.4000,2860.2000,2860.0000,2861.0000,2862.0000,2862.6000,2862.8000,2863.0000,1,3,3,4,16,3,3,1,3,3
SF,IH2006,2020-06-17 13:51:48.700,2860.8000,17533,0,11977697340.000,0,-,-,-,-,2860.8000,2860.6000,2860.4000,2860.2000,2860.0000,2861.0000,2862.0000,2862.6000,2862.8000,2863.0000,1,2,3,4,16,3,3,1,3,3
SF,IH2006,2020-06-17 13:51:49.200,2861.0000,17533,0,11978555640.000,1,0,1,空换,B,2860.8000,2860.6000,2860.4000,2860.2000,2860.0000,2861.0000,2862.0000,2862.6000,2862.8000,2863.0000,1,2,3,4,16,2,3,1,3,3
SF,IH2006,2020-06-17 13:51:49.700,2861.0000,17533,0,11980272240.000,2,1,1,空换,B,2861.0000,2860.8000,2860.6000,2860.4000,2860.2000,2862.0000,2862.6000,2862.8000,2863.0000,2863.2000,1,1,1,3,4,3,1,3,3,1
SF,IH2006,2020-06-17 13:51:50.200,2861.0000,17533,0,11980272240.000,0,-,-,-,-,2860.6000,2860.4000,2860.2000,2860.0000,2859.8000,2861.2000,2861.4000,2861.6000,2861.8000,2862.0000,1,3,4,16,1,2,1,4,7,3
SF,IH2006,2020-06-17 13:51:50.700,2861.0000,17533,0,11980272240.000,0,-,-,-,-,2860.8000,2860.6000,2860.4000,2860.2000,2860.0000,2861.2000,2861.6000,2861.8000,2862.0000,2862.6000,1,2,3,4,16,4,2,4,3,1
SF,IH2006,2020-06-17 13:51:51.200,2861.0000,17533,0,11980272240.000,0,-,-,-,-,2860.8000,2860.6000,2860.4000,2860.2000,2860.0000,2861.2000,2861.6000,2861.8000,2862.0000,2862.6000,2,2,3,4,16,4,2,4,3,1
SF,IH2006,2020-06-17 13:51:51.700,2861.0000,17533,0,11980272240.000,0,-,-,-,-,2861.0000,2860.8000,2860.6000,2860.4000,2860.2000,2861.2000,2861.6000,2861.8000,2862.0000,2862.6000,1,2,2,3,4,4,2,4,3,1
SF,IH2006,2020-06-17 13:51:52.200,2861.0000,17533,0,11981130540.000,1,0,1,空换,B,2860.8000,2860.6000,2860.4000,2860.2000,2860.0000,2861.0000,2861.2000,2861.6000,2861.8000,2862.0000,2,4,3,4,16,1,4,2,4,3
SF,IH2006,2020-06-17 13:51:52.700,2861.0000,17532,-1,11981988840.000,1,0,1,双平,B,2860.8000,2860.6000,2860.4000,2860.2000,2860.0000,2861.2000,2861.6000,2861.8000,2862.0000,2862.6000,2,3,3,4,16,4,2,4,3,1
SF,IH2006,2020-06-17 13:51:53.200,2860.8000,17531,-1,11983705320.000,2,0,2,空平,B,2860.6000,2860.4000,2860.2000,2860.0000,2859.8000,2861.2000,2861.6000,2861.8000,2862.0000,2862.6000,3,3,4,16,1,4,2,4,3,1
SF,IH2006,2020-06-17 13:51:53.700,2860.8000,17531,0,11984563560.000,1,0,1,空换,B,2860.8000,2860.6000,2860.4000,2860.2000,2860.0000,2861.2000,2861.6000,2861.8000,2862.0000,2862.6000,5,6,3,4,16,4,2,4,3,1
SF,IH2006,2020-06-17 13:51:54.200,2860.8000,17531,0,11984563560.000,0,-,-,-,-,2861.0000,2860.8000,2860.6000,2860.4000,2860.2000,2861.2000,2861.6000,2861.8000,2862.0000,2862.6000,1,10,6,3,4,4,2,4,3,1
SF,IH2006,2020-06-17 13:51:54.700,2860.8000,17531,0,11984563560.000,0,-,-,-,-,2861.0000,2860.8000,2860.6000,2860.4000,2860.2000,2861.2000,2861.6000,2861.8000,2862.0000,2862.6000,1,11,6,3,4,4,2,4,3,1
SF,IH2006,2020-06-17 13:51:55.200,2860.8000,17531,0,11984563560.000,0,-,-,-,-,2861.0000,2860.8000,2860.6000,2860.4000,2860.2000,2861.2000,2861.6000,2861.8000,2862.0000,2862.6000,1,11,6,3,4,4,2,4,3,1
SF,IH2006,2020-06-17 13:51:55.700,2861.2000,17532,1,11987138640.000,3,2,1,多开,B,2861.0000,2860.8000,2860.6000,2860.4000,2860.2000,2861.2000,2861.6000,2861.8000,2862.0000,2862.6000,1,11,6,3,4,1,2,3,3,1
SF,IH2006,2020-06-17 13:51:56.200,2861.2000,17533,1,11987997000.000,1,1,0,双开,B,2861.2000,2861.0000,2860.8000,2860.6000,2860.4000,2861.6000,2861.8000,2862.0000,2862.6000,2862.8000,8,1,11,6,3,1,3,3,1,3
SF,IH2006,2020-06-17 13:51:56.700,2861.2000,17533,0,11987997000.000,0,-,-,-,-,2861.4000,2861.2000,2860.8000,2860.6000,2860.4000,2861.6000,2861.8000,2862.0000,2862.6000,2862.8000,2,5,8,6,3,1,3,3,1,3
SF,IH2006,2020-06-17 13:51:57.200,2861.2000,17533,0,11988855360.000,1,0,1,空换,B,2861.4000,2861.2000,2860.8000,2860.6000,2860.4000,2861.6000,2861.8000,2862.0000,2862.6000,2862.8000,2,5,7,6,3,1,2,3,1,3
SF,IH2006,2020-06-17 13:51:57.700,2861.2000,17533,0,11988855360.000,0,-,-,-,-,2861.4000,2861.2000,2860.8000,2860.6000,2860.4000,2861.6000,2861.8000,2862.0000,2862.6000,2862.8000,2,5,7,6,3,1,2,3,1,3
SF,IH2006,2020-06-17 13:51:58.200,2861.2000,17533,0,11988855360.000,0,-,-,-,-,2861.4000,2861.2000,2860.8000,2860.6000,2860.4000,2861.6000,2861.8000,2862.0000,2862.6000,2862.8000,3,5,7,5,3,2,2,3,1,3
SF,IH2006,2020-06-17 13:51:59.200,2861.2000,17533,0,11988855360.000,0,-,-,-,-,2861.4000,2861.2000,2860.8000,2860.6000,2860.4000,2861.6000,2861.8000,2862.0000,2862.6000,2862.8000,3,5,7,5,3,2,2,3,1,3
SF,IH2006,2020-06-17 13:51:59.700,2861.2000,17533,0,11988855360.000,0,-,-,-,-,2861.4000,2861.2000,2860.8000,2860.6000,2860.4000,2861.6000,2861.8000,2862.0000,2862.6000,2862.8000,2,5,7,5,4,3,2,3,1,3
SF,IH2006,2020-06-17 13:52:00.200,2861.2000,17533,0,11988855360.000,0,-,-,-,-,2861.4000,2861.2000,2860.8000,2860.6000,2860.4000,2861.6000,2861.8000,2862.0000,2862.6000,2862.8000,2,5,7,6,4,3,2,3,1,3
SF,IH2006,2020-06-17 13:52:00.700,2861.4000,17533,0,11989713780.000,1,0,1,空换,B,2861.4000,2861.2000,2860.8000,2860.6000,2860.4000,2861.6000,2861.8000,2862.0000,2862.6000,2862.8000,1,5,7,6,4,3,2,3,1,3
SF,IH2006,2020-06-17 13:52:01.200,2861.4000,17533,0,11990572200.000,1,0,1,空换,B,2861.2000,2860.8000,2860.6000,2860.4000,2860.2000,2861.4000,2861.6000,2861.8000,2862.0000,2862.6000,5,6,4,4,3,3,4,2,3,1
SF,IH2006,2020-06-17 13:52:01.700,2861.2000,17532,-1,11993147280.000,3,1,2,空平,B,2860.6000,2860.4000,2860.2000,2860.0000,2859.8000,2861.4000,2861.6000,2861.8000,2862.0000,2862.6000,4,4,3,16,1,6,4,2,3,1
SF,IH2006,2020-06-17 13:52:02.200,2861.2000,17532,0,11993147280.000,0,-,-,-,-,2860.8000,2860.6000,2860.4000,2860.2000,2860.0000,2861.4000,2861.6000,2861.8000,2862.0000,2862.6000,2,4,4,3,16,6,4,2,3,1
SF,IH2006,2020-06-17 13:52:03.200,2861.4000,17531,-1,11994005700.000,1,0,1,双平,B,2860.8000,2860.6000,2860.4000,2860.2000,2860.0000,2861.4000,2861.6000,2861.8000,2862.0000,2862.6000,2,4,4,3,16,5,4,2,3,1
SF,IH2006,2020-06-17 13:52:03.700,2861.4000,17531,0,11994005700.000,0,-,-,-,-,2860.6000,2860.4000,2860.2000,2860.0000,2859.8000,2861.2000,2861.4000,2861.6000,2861.8000,2862.0000,4,3,3,16,1,2,5,4,2,3
SF,IH2006,2020-06-17 13:52:04.200,2861.2000,17531,0,11994864060.000,1,0,1,空换,B,2860.6000,2860.4000,2860.2000,2860.0000,2859.8000,2861.2000,2861.4000,2861.6000,2861.8000,2862.0000,4,3,3,16,1,1,5,4,2,3
SF,IH2006,2020-06-17 13:52:04.700,2861.2000,17531,0,11994864060.000,0,-,-,-,-,2860.6000,2860.4000,2860.2000,2860.0000,2859.8000,2861.0000,2861.2000,2861.4000,2861.6000,2861.8000,4,3,3,16,1,1,1,6,4,2
SF,IH2006,2020-06-17 13:52:05.200,2861.2000,17531,0,11994864060.000,0,-,-,-,-,2860.6000,2860.4000,2860.2000,2860.0000,2859.8000,2860.8000,2861.0000,2861.2000,2861.4000,2861.6000,3,3,3,16,1,1,1,1,6,4
SF,IH2006,2020-06-17 13:52:05.700,2860.6000,17527,-4,11998296780.000,4,0,4,双平,B,2860.4000,2860.2000,2860.0000,2859.8000,2859.4000,2860.8000,2861.0000,2861.4000,2861.6000,2861.8000,3,3,16,1,1,4,1,6,4,2
SF,IH2006,2020-06-17 13:52:06.200,2860.8000,17527,0,11999155020.000,1,0,1,空换,B,2860.4000,2860.2000,2860.0000,2859.8000,2859.4000,2860.8000,2861.0000,2861.4000,2861.6000,2861.8000,4,3,16,1,2,1,1,6,4,2
SF,IH2006,2020-06-17 13:52:06.700,2860.8000,17527,0,11999155020.000,0,-,-,-,-,2860.4000,2860.2000,2860.0000,2859.8000,2859.4000,2861.0000,2861.4000,2861.6000,2861.8000,2862.0000,5,3,16,1,1,1,6,4,2,3
SF,IH2006,2020-06-17 13:52:07.200,2860.8000,17527,0,11999155020.000,0,-,-,-,-,2860.4000,2860.2000,2860.0000,2859.8000,2859.4000,2860.6000,2861.0000,2861.4000,2861.6000,2861.8000,5,3,16,1,1,3,1,6,4,2
SF,IH2006,2020-06-17 13:52:07.700,2860.6000,17527,0,12000871380.000,2,1,1,空换,B,2860.4000,2860.2000,2860.0000,2859.8000,2859.4000,2860.6000,2861.0000,2861.4000,2861.6000,2861.8000,5,3,16,1,1,1,1,6,3,2
SF,IH2006,2020-06-17 13:52:08.200,2860.6000,17527,0,12001729560.000,1,0,1,空换,B,2860.6000,2860.4000,2860.2000,2860.0000,2859.8000,2861.0000,2861.4000,2861.6000,2861.8000,2862.0000,1,5,3,16,1,1,6,3,2,3
SF,IH2006,2020-06-17 13:52:08.700,2860.6000,17527,0,12001729560.000,0,-,-,-,-,2860.6000,2860.4000,2860.2000,2860.0000,2859.8000,2860.8000,2861.0000,2861.2000,2861.4000,2861.6000,1,5,3,16,1,2,1,1,6,3
SF,IH2006,2020-06-17 13:52:10.200,2860.8000,17526,-1,12002587800.000,1,0,1,双平,B,2860.6000,2860.4000,2860.2000,2860.0000,2859.8000,2860.8000,2861.0000,2861.2000,2861.4000,2861.6000,1,5,3,16,1,1,1,1,6,3
SF,IH2006,2020-06-17 13:52:10.700,2860.8000,17526,0,12002587800.000,0,-,-,-,-,2860.4000,2860.2000,2860.0000,2859.8000,2859.4000,2860.6000,2860.8000,2861.0000,2861.2000,2861.4000,5,3,16,1,1,1,1,1,1,6
SF,IH2006,2020-06-17 13:52:11.200,2860.6000,17525,-1,12003445980.000,1,0,1,双平,B,2860.6000,2860.4000,2860.2000,2860.0000,2859.8000,2860.8000,2861.0000,2861.2000,2861.4000,2861.6000,2,5,3,16,1,1,1,1,6,3
SF,IH2006,2020-06-17 13:52:11.700,2860.6000,17525,0,12003445980.000,0,-,-,-,-,2860.6000,2860.4000,2860.2000,2860.0000,2859.8000,2860.8000,2861.0000,2861.2000,2861.4000,2861.6000,3,5,3,16,1,1,1,1,6,3
SF,IH2006,2020-06-17 13:52:12.200,2860.8000,17524,-1,12004304220.000,1,0,1,双平,B,2860.6000,2860.4000,2860.2000,2860.0000,2859.8000,2861.0000,2861.2000,2861.4000,2861.6000,2861.8000,3,5,3,16,1,1,1,6,3,2
SF,IH2006,2020-06-17 13:52:15.700,2860.8000,17524,0,12004304220.000,0,-,-,-,-,2860.6000,2860.4000,2860.2000,2860.0000,2859.8000,2860.8000,2861.0000,2861.2000,2861.4000,2861.6000,3,5,3,16,1,1,1,1,6,3
SF,IH2006,2020-06-17 13:52:16.200,2860.8000,17524,0,12004304220.000,0,-,-,-,-,2860.6000,2860.4000,2860.2000,2860.0000,2859.8000,2861.0000,2861.2000,2861.4000,2861.6000,2861.8000,3,5,3,16,1,1,1,6,3,2
SF,IH2006,2020-06-17 13:52:16.700,2861.0000,17524,0,12005162520.000,1,0,1,空换,B,2860.6000,2860.4000,2860.2000,2860.0000,2859.8000,2861.2000,2861.4000,2861.6000,2861.8000,2862.0000,3,5,3,16,1,1,6,3,2,3
SF,IH2006,2020-06-17 13:52:17.200,2861.0000,17524,0,12005162520.000,0,-,-,-,-,2860.6000,2860.4000,2860.2000,2860.0000,2859.8000,2861.0000,2861.2000,2861.4000,2861.6000,2861.8000,1,5,3,16,1,1,2,6,3,2
SF,IH2006,2020-06-17 13:52:18.200,2861.0000,17524,0,12005162520.000,0,-,-,-,-,2860.6000,2860.4000,2860.2000,2860.0000,2859.8000,2861.0000,2861.2000,2861.4000,2861.6000,2861.8000,1,5,3,16,1,1,2,6,3,2
SF,IH2006,2020-06-17 13:52:18.700,2861.0000,17524,0,12005162520.000,0,-,-,-,-,2860.6000,2860.4000,2860.2000,2860.0000,2859.8000,2861.2000,2861.4000,2861.6000,2861.8000,2862.0000,1,6,3,16,1,2,6,3,2,3
SF,IH2006,2020-06-17 13:52:19.200,2860.6000,17524,0,12006020700.000,1,0,1,空换,B,2860.4000,2860.2000,2860.0000,2859.8000,2859.4000,2860.8000,2861.0000,2861.2000,2861.4000,2861.6000,6,3,16,1,1,3,1,2,6,3
SF,IH2006,2020-06-17 13:52:19.700,2860.6000,17524,0,12006020700.000,0,-,-,-,-,2860.4000,2860.2000,2860.0000,2859.8000,2859.4000,2860.8000,2861.0000,2861.2000,2861.4000,2861.6000,6,3,16,1,2,2,1,2,6,3
SF,IH2006,2020-06-17 13:52:20.700,2860.6000,17524,0,12006020700.000,0,-,-,-,-,2860.6000,2860.4000,2860.2000,2860.0000,2859.8000,2860.8000,2861.0000,2861.2000,2861.4000,2861.6000,1,6,3,16,1,2,1,2,6,3
SF,IH2006,2020-06-17 13:52:21.700,2860.8000,17524,0,12006878940.000,1,0,1,空换,B,2860.6000,2860.4000,2860.2000,2860.0000,2859.8000,2860.8000,2861.2000,2861.4000,2861.6000,2861.8000,1,6,3,16,1,1,2,6,3,2
SF,IH2006,2020-06-17 13:52:22.200,2860.6000,17523,-1,12008595360.000,2,0,2,空平,B,2860.4000,2860.2000,2860.0000,2859.8000,2859.4000,2861.2000,2861.4000,2861.6000,2861.8000,2862.0000,6,3,16,1,2,2,6,3,2,3
SF,IH2006,2020-06-17 13:52:22.700,2860.6000,17523,0,12008595360.000,0,-,-,-,-,2860.4000,2860.2000,2860.0000,2859.8000,2859.4000,2861.0000,2861.2000,2861.4000,2861.6000,2861.8000,6,3,16,1,2,1,2,6,3,2
SF,IH2006,2020-06-17 13:52:24.700,2860.6000,17523,0,12008595360.000,0,-,-,-,-,2860.6000,2860.4000,2860.2000,2860.0000,2859.8000,2861.0000,2861.2000,2861.4000,2861.6000,2861.8000,1,6,3,16,1,1,2,6,3,2
SF,IH2006,2020-06-17 13:52:26.700,2860.6000,17523,0,12008595360.000,0,-,-,-,-,2860.6000,2860.4000,2860.2000,2860.0000,2859.8000,2861.0000,2861.2000,2861.4000,2861.6000,2861.8000,1,6,3,16,1,1,2,6,3,2
SF,IH2006,2020-06-17 13:52:27.200,2860.6000,17523,0,12008595360.000,0,-,-,-,-,2860.8000,2860.6000,2860.4000,2860.2000,2860.0000,2861.0000,2861.2000,2861.4000,2861.6000,2861.8000,1,1,6,3,16,1,2,6,3,2
SF,IH2006,2020-06-17 13:52:27.700,2860.6000,17523,0,12008595360.000,0,-,-,-,-,2860.6000,2860.4000,2860.2000,2860.0000,2859.8000,2861.0000,2861.2000,2861.4000,2861.6000,2861.8000,1,6,3,16,1,1,2,6,3,2
SF,IH2006,2020-06-17 13:52:28.200,2860.6000,17523,0,12008595360.000,0,-,-,-,-,2860.6000,2860.4000,2860.2000,2860.0000,2859.8000,2861.0000,2861.2000,2861.4000,2861.6000,2861.8000,1,6,3,16,1,2,2,6,3,2
SF,IH2006,2020-06-17 13:52:28.700,2860.6000,17523,0,12008595360.000,0,-,-,-,-,2860.6000,2860.4000,2860.2000,2860.0000,2859.8000,2861.0000,2861.2000,2861.4000,2861.6000,2861.8000,2,6,3,16,1,2,2,6,3,2
SF,IH2006,2020-06-17 13:52:29.200,2860.6000,17523,0,12008595360.000,0,-,-,-,-,2860.6000,2860.4000,2860.2000,2860.0000,2859.8000,2861.0000,2861.2000,2861.4000,2861.6000,2861.8000,3,6,3,16,1,2,2,6,3,2
SF,IH2006,2020-06-17 13:52:29.700,2860.6000,17523,0,12008595360.000,0,-,-,-,-,2860.8000,2860.6000,2860.4000,2860.2000,2860.0000,2861.0000,2861.2000,2861.4000,2861.6000,2861.8000,1,3,6,3,16,2,2,6,3,2
SF,IH2006,2020-06-17 13:52:30.200,2860.6000,17523,0,12008595360.000,0,-,-,-,-,2860.6000,2860.4000,2860.2000,2860.0000,2859.8000,2861.0000,2861.2000,2861.4000,2861.6000,2861.8000,3,6,3,16,1,2,2,6,3,2
SF,IH2006,2020-06-17 13:52:31.200,2860.6000,17523,0,12008595360.000,0,-,-,-,-,2860.8000,2860.6000,2860.4000,2860.2000,2860.0000,2861.0000,2861.2000,2861.4000,2861.6000,2861.8000,1,3,6,3,16,2,2,6,3,2
SF,IH2006,2020-06-17 13:52:31.700,2860.6000,17523,0,12008595360.000,0,-,-,-,-,2860.6000,2860.4000,2860.2000,2860.0000,2859.8000,2861.0000,2861.2000,2861.4000,2861.6000,2861.8000,3,6,3,16,1,2,2,6,3,2
SF,IH2006,2020-06-17 13:52:32.700,2860.6000,17523,0,12008595360.000,0,-,-,-,-,2860.6000,2860.4000,2860.2000,2860.0000,2859.8000,2861.0000,2861.2000,2861.4000,2861.6000,2861.8000,3,6,4,16,1,2,2,6,3,2
SF,IH2006,2020-06-17 13:52:36.200,2860.6000,17523,0,12008595360.000,0,-,-,-,-,2860.6000,2860.4000,2860.2000,2860.0000,2859.8000,2861.0000,2861.2000,2861.4000,2861.6000,2861.8000,4,6,4,16,1,2,2,6,3,2
SF,IH2006,2020-06-17 13:52:37.700,2860.6000,17523,0,12008595360.000,0,-,-,-,-,2860.6000,2860.4000,2860.2000,2860.0000,2859.8000,2861.0000,2861.2000,2861.4000,2861.6000,2861.8000,4,6,4,16,1,2,1,6,3,2
SF,IH2006,2020-06-17 13:52:38.200,2861.0000,17524,1,12009453660.000,1,1,0,双开,B,2860.6000,2860.4000,2860.2000,2860.0000,2859.8000,2861.0000,2861.2000,2861.4000,2861.6000,2861.8000,4,6,4,16,1,1,1,6,3,2
SF,IH2006,2020-06-17 13:52:38.700,2861.0000,17524,0,12009453660.000,0,-,-,-,-,2860.6000,2860.4000,2860.2000,2860.0000,2859.8000,2861.0000,2861.4000,2861.6000,2861.8000,2862.0000,4,6,4,16,1,1,6,3,2,3
SF,IH2006,2020-06-17 13:52:39.200,2861.0000,17524,0,12009453660.000,0,-,-,-,-,2860.6000,2860.4000,2860.2000,2860.0000,2859.8000,2861.0000,2861.4000,2861.6000,2861.8000,2862.0000,5,6,4,16,1,1,6,3,2,3
SF,IH2006,2020-06-17 13:52:43.700,2861.0000,17524,0,12009453660.000,0,-,-,-,-,2860.6000,2860.4000,2860.2000,2860.0000,2859.8000,2860.8000,2861.0000,2861.4000,2861.6000,2861.8000,5,6,4,16,1,1,1,6,3,2
SF,IH2006,2020-06-17 13:52:44.200,2861.0000,17524,0,12009453660.000,0,-,-,-,-,2860.6000,2860.4000,2860.2000,2860.0000,2859.8000,2860.8000,2861.0000,2861.4000,2861.6000,2861.8000,4,5,4,16,1,1,1,6,3,2
SF,IH2006,2020-06-17 13:52:44.700,2861.0000,17524,0,12009453660.000,0,-,-,-,-,2860.6000,2860.4000,2860.2000,2860.0000,2859.8000,2860.8000,2861.0000,2861.4000,2861.6000,2861.8000,4,5,4,16,1,2,1,6,3,2
SF,IH2006,2020-06-17 13:52:45.200,2861.0000,17524,0,12009453660.000,0,-,-,-,-,2860.6000,2860.4000,2860.2000,2860.0000,2859.8000,2860.8000,2861.0000,2861.4000,2861.6000,2861.8000,3,5,4,16,1,2,1,6,3,2
SF,IH2006,2020-06-17 13:52:45.700,2860.6000,17525,1,12010311840.000,1,1,0,双开,B,2860.6000,2860.4000,2860.2000,2860.0000,2859.8000,2860.8000,2861.0000,2861.4000,2861.6000,2861.8000,2,5,4,16,1,2,1,6,3,2
SF,IH2006,2020-06-17 13:52:46.200,2860.6000,17525,0,12010311840.000,0,-,-,-,-,2860.6000,2860.4000,2860.2000,2860.0000,2859.8000,2860.8000,2861.0000,2861.4000,2861.6000,2861.8000,2,5,4,16,1,1,1,6,3,2
SF,IH2006,2020-06-17 13:52:46.700,2860.6000,17525,0,12010311840.000,0,-,-,-,-,2860.6000,2860.4000,2860.2000,2860.0000,2859.8000,2861.0000,2861.4000,2861.6000,2861.8000,2862.0000,2,5,4,16,1,1,6,3,2,3
SF,IH2006,2020-06-17 13:52:47.200,2860.6000,17525,0,12010311840.000,0,-,-,-,-,2860.6000,2860.4000,2860.2000,2860.0000,2859.8000,2860.8000,2861.0000,2861.4000,2861.6000,2861.8000,2,5,4,16,1,1,3,6,3,2
SF,IH2006,2020-06-17 13:52:48.200,2860.8000,17525,0,12011170080.000,1,0,1,空换,B,2860.6000,2860.4000,2860.2000,2860.0000,2859.8000,2861.0000,2861.4000,2861.6000,2861.8000,2862.0000,2,5,4,16,1,3,6,3,2,3
SF,IH2006,2020-06-17 13:52:52.200,2860.8000,17525,0,12011170080.000,0,-,-,-,-,2860.6000,2860.4000,2860.2000,2860.0000,2859.8000,2861.0000,2861.4000,2861.6000,2861.8000,2862.0000,2,5,4,16,1,4,6,3,2,3
SF,IH2006,2020-06-17 13:52:54.700,2860.8000,17525,0,12011170080.000,0,-,-,-,-,2860.8000,2860.6000,2860.4000,2860.2000,2860.0000,2861.0000,2861.4000,2861.6000,2861.8000,2862.0000,1,2,5,4,16,4,6,3,2,3
SF,IH2006,2020-06-17 13:52:57.700,2860.8000,17525,0,12011170080.000,0,-,-,-,-,2860.6000,2860.4000,2860.2000,2860.0000,2859.8000,2861.0000,2861.4000,2861.6000,2861.8000,2862.0000,2,5,4,16,1,4,6,3,2,3
SF,IH2006,2020-06-17 13:52:58.700,2860.8000,17525,0,12011170080.000,0,-,-,-,-,2860.6000,2860.4000,2860.2000,2860.0000,2859.8000,2860.8000,2861.0000,2861.4000,2861.6000,2861.8000,2,5,4,16,1,1,4,6,3,2
SF,IH2006,2020-06-17 13:53:00.200,2860.6000,17525,0,12012028260.000,1,0,1,空换,B,2860.6000,2860.4000,2860.2000,2860.0000,2859.8000,2861.0000,2861.4000,2861.6000,2861.8000,2862.0000,1,5,4,16,1,4,6,3,2,3
SF,IH2006,2020-06-17 13:53:00.700,2860.6000,17525,0,12012028260.000,0,-,-,-,-,2860.8000,2860.6000,2860.4000,2860.2000,2860.0000,2861.0000,2861.4000,2861.6000,2861.8000,2862.0000,1,1,5,4,16,4,6,3,2,3
SF,IH2006,2020-06-17 13:53:02.700,2860.8000,17526,1,12012886500.000,1,1,0,双开,B,2860.6000,2860.4000,2860.2000,2860.0000,2859.8000,2861.0000,2861.4000,2861.6000,2861.8000,2862.0000,1,5,4,16,1,4,6,3,2,3
SF,IH2006,2020-06-17 13:53:04.200,2861.0000,17526,0,12013744800.000,1,0,1,空换,B,2860.6000,2860.4000,2860.2000,2860.0000,2859.8000,2861.0000,2861.4000,2861.6000,2861.8000,2862.0000,1,5,4,16,1,3,6,3,2,3
SF,IH2006,2020-06-17 13:53:04.700,2861.0000,17526,0,12014603100.000,1,0,1,空换,B,2860.6000,2860.4000,2860.2000,2860.0000,2859.8000,2861.0000,2861.4000,2861.6000,2861.8000,2862.0000,2,5,4,16,1,2,6,3,2,3
SF,IH2006,2020-06-17 13:53:05.200,2861.0000,17526,0,12014603100.000,0,-,-,-,-,2860.6000,2860.4000,2860.2000,2860.0000,2859.8000,2860.8000,2861.0000,2861.4000,2861.6000,2861.8000,2,5,4,16,1,3,2,6,3,2
SF,IH2006,2020-06-17 13:53:05.700,2860.8000,17526,0,12015461340.000,1,0,1,空换,B,2860.6000,2860.4000,2860.2000,2860.0000,2859.8000,2860.8000,2861.0000,2861.4000,2861.6000,2861.8000,3,5,4,16,1,3,2,6,3,2
SF,IH2006,2020-06-17 13:53:06.200,2860.8000,17526,0,12016319580.000,1,0,1,空换,B,2860.6000,2860.4000,2860.2000,2860.0000,2859.8000,2860.8000,2861.0000,2861.4000,2861.6000,2861.8000,3,5,4,16,1,2,2,6,2,2
SF,IH2006,2020-06-17 13:53:06.700,2860.6000,17525,-1,12018036000.000,2,0,2,空平,B,2860.6000,2860.4000,2860.2000,2860.0000,2859.8000,2860.8000,2861.0000,2861.4000,2861.6000,2861.8000,1,5,4,16,1,1,2,6,2,2
SF,IH2006,2020-06-17 13:53:07.200,2860.8000,17525,0,12018894240.000,1,0,1,空换,B,2860.8000,2860.6000,2860.4000,2860.2000,2860.0000,2861.0000,2861.4000,2861.6000,2861.8000,2862.0000,1,1,5,4,16,2,6,2,2,3
SF,IH2006,2020-06-17 13:53:07.700,2860.6000,17524,-1,12021468960.000,3,1,2,空平,B,2860.4000,2860.2000,2860.0000,2859.8000,2859.2000,2861.0000,2861.4000,2861.6000,2861.8000,2862.0000,5,4,16,1,2,1,6,2,2,3
SF,IH2006,2020-06-17 13:53:08.200,2861.0000,17524,0,12022327260.000,1,0,1,空换,B,2860.4000,2860.2000,2860.0000,2859.8000,2859.4000,2861.4000,2861.6000,2861.8000,2862.0000,2862.6000,6,4,16,1,1,6,2,2,3,1
SF,IH2006,2020-06-17 13:53:08.700,2860.4000,17523,-1,12023185380.000,1,0,1,双平,B,2860.4000,2860.2000,2860.0000,2859.8000,2859.4000,2861.2000,2861.4000,2861.6000,2861.8000,2862.0000,5,4,16,1,1,7,6,2,1,3
SF,IH2006,2020-06-17 13:53:09.200,2860.4000,17523,0,12024043500.000,1,0,1,空换,B,2860.4000,2860.2000,2860.0000,2859.8000,2859.4000,2861.0000,2861.2000,2861.4000,2861.6000,2861.8000,4,4,16,1,1,1,7,6,2,1
SF,IH2006,2020-06-17 13:53:10.700,2860.4000,17523,0,12024043500.000,0,-,-,-,-,2860.6000,2860.4000,2860.2000,2860.0000,2859.8000,2861.0000,2861.2000,2861.4000,2861.6000,2861.8000,1,4,4,16,1,1,7,6,2,1
SF,IH2006,2020-06-17 13:53:11.200,2861.0000,17523,0,12024901800.000,1,0,1,空换,B,2861.0000,2860.6000,2860.4000,2860.2000,2860.0000,2861.2000,2861.4000,2861.6000,2861.8000,2862.0000,2,1,4,4,16,7,6,2,1,3
SF,IH2006,2020-06-17 13:53:11.700,2861.0000,17523,0,12026618400.000,2,1,1,空换,B,2860.6000,2860.4000,2860.2000,2860.0000,2859.8000,2861.0000,2861.2000,2861.4000,2861.6000,2861.8000,1,4,4,16,1,8,7,6,2,1
SF,IH2006,2020-06-17 13:53:12.200,2861.0000,17523,0,12027476700.000,1,0,1,空换,B,2860.6000,2860.4000,2860.2000,2860.0000,2859.8000,2860.8000,2861.0000,2861.2000,2861.4000,2861.6000,1,4,4,16,1,1,4,7,6,2
SF,IH2006,2020-06-17 13:53:12.700,2861.0000,17523,0,12027476700.000,0,-,-,-,-,2860.6000,2860.4000,2860.2000,2860.0000,2859.8000,2860.8000,2861.0000,2861.2000,2861.4000,2861.6000,1,4,4,16,1,2,4,6,6,2
SF,IH2006,2020-06-17 13:53:13.200,2860.4000,17523,0,12028334820.000,1,0,1,空换,B,2860.4000,2860.2000,2860.0000,2859.8000,2859.2000,2860.8000,2861.0000,2861.2000,2861.4000,2861.6000,3,4,16,1,2,2,4,5,6,2
SF,IH2006,2020-06-17 13:53:13.700,2860.4000,17523,0,12028334820.000,0,-,-,-,-,2860.6000,2860.4000,2860.2000,2860.0000,2859.8000,2861.0000,2861.2000,2861.4000,2861.6000,2861.8000,3,3,4,16,1,4,4,6,2,1
SF,IH2006,2020-06-17 13:53:14.200,2860.4000,17523,0,12028334820.000,0,-,-,-,-,2860.6000,2860.4000,2860.2000,2860.0000,2859.8000,2861.0000,2861.2000,2861.4000,2861.6000,2861.8000,5,3,4,16,1,4,4,6,2,1
SF,IH2006,2020-06-17 13:53:14.700,2860.4000,17523,0,12028334820.000,0,-,-,-,-,2860.6000,2860.4000,2860.2000,2860.0000,2859.8000,2861.0000,2861.2000,2861.4000,2861.6000,2861.8000,5,3,4,16,1,2,3,6,2,1
SF,IH2006,2020-06-17 13:53:15.200,2860.6000,17523,0,12030909360.000,3,1,2,空换,B,2860.6000,2860.4000,2860.2000,2860.0000,2859.8000,2861.0000,2861.2000,2861.4000,2861.6000,2861.8000,2,3,4,16,1,2,3,6,2,1
SF,IH2006,2020-06-17 13:53:15.700,2860.6000,17523,0,12030909360.000,0,-,-,-,-,2860.8000,2860.6000,2860.4000,2860.2000,2860.0000,2861.0000,2861.2000,2861.4000,2861.6000,2861.8000,1,2,3,4,16,2,3,6,2,1
SF,IH2006,2020-06-17 13:53:16.200,2860.6000,17523,0,12030909360.000,0,-,-,-,-,2860.8000,2860.6000,2860.4000,2860.2000,2860.0000,2861.0000,2861.2000,2861.4000,2861.6000,2861.8000,1,2,3,3,16,2,3,6,2,1
SF,IH2006,2020-06-17 13:53:17.700,2860.6000,17523,0,12030909360.000,0,-,-,-,-,2860.8000,2860.6000,2860.4000,2860.2000,2860.0000,2861.0000,2861.2000,2861.4000,2861.6000,2861.8000,1,2,3,3,16,3,3,6,2,1
SF,IH2006,2020-06-17 13:53:21.200,2860.6000,17523,0,12030909360.000,0,-,-,-,-,2860.8000,2860.6000,2860.4000,2860.2000,2860.0000,2861.0000,2861.2000,2861.4000,2861.6000,2861.8000,1,2,3,3,16,5,3,6,2,1
SF,IH2006,2020-06-17 13:53:22.700,2860.8000,17522,-1,12032625900.000,2,0,2,空平,B,2860.6000,2860.4000,2860.2000,2860.0000,2859.8000,2861.0000,2861.2000,2861.4000,2861.6000,2861.8000,2,3,3,16,1,4,3,6,2,1
SF,IH2006,2020-06-17 13:53:24.200,2860.8000,17522,0,12032625900.000,0,-,-,-,-,2860.8000,2860.6000,2860.4000,2860.2000,2860.0000,2861.0000,2861.2000,2861.4000,2861.6000,2861.8000,1,1,3,3,16,4,3,6,2,1
SF,IH2006,2020-06-17 13:53:26.700,2860.8000,17522,0,12033484140.000,1,0,1,空换,B,2860.6000,2860.4000,2860.2000,2860.0000,2859.8000,2861.0000,2861.2000,2861.4000,2861.6000,2861.8000,1,3,3,16,1,4,3,6,2,1
SF,IH2006,2020-06-17 13:53:28.200,2860.8000,17522,0,12033484140.000,0,-,-,-,-,2860.6000,2860.4000,2860.2000,2860.0000,2859.8000,2861.0000,2861.2000,2861.4000,2861.6000,2861.8000,1,3,3,16,1,4,3,6,3,1
SF,IH2006,2020-06-17 13:53:31.200,2860.8000,17522,0,12033484140.000,0,-,-,-,-,2860.6000,2860.4000,2860.2000,2860.0000,2859.8000,2860.8000,2861.0000,2861.2000,2861.4000,2861.6000,1,3,3,16,1,1,4,3,6,3
SF,IH2006,2020-06-17 13:53:31.700,2860.6000,17522,0,12034342320.000,1,0,1,空换,B,2860.4000,2860.2000,2860.0000,2859.8000,2859.2000,2860.8000,2861.0000,2861.2000,2861.4000,2861.6000,3,3,16,1,2,1,4,3,6,3
SF,IH2006,2020-06-17 13:53:33.200,2860.6000,17522,0,12034342320.000,0,-,-,-,-,2860.4000,2860.2000,2860.0000,2859.8000,2859.2000,2860.8000,2861.0000,2861.4000,2861.6000,2861.8000,3,3,15,1,2,2,4,6,3,1
SF,IH2006,2020-06-17 13:53:36.700,2860.8000,17520,-2,12036058800.000,2,0,2,双平,B,2860.4000,2860.2000,2860.0000,2859.8000,2859.2000,2861.0000,2861.4000,2861.6000,2861.8000,2862.0000,3,3,15,1,2,4,6,3,1,3
SF,IH2006,2020-06-17 13:53:37.200,2860.8000,17520,0,12036058800.000,0,-,-,-,-,2860.6000,2860.4000,2860.2000,2860.0000,2859.8000,2860.8000,2861.0000,2861.4000,2861.6000,2861.8000,1,2,3,15,1,1,4,6,3,1
SF,IH2006,2020-06-17 13:53:38.700,2860.8000,17519,-1,12036917040.000,1,0,1,双平,B,2860.6000,2860.4000,2860.2000,2860.0000,2859.8000,2861.0000,2861.4000,2861.6000,2861.8000,2862.0000,1,2,3,15,1,4,6,3,1,3
SF,IH2006,2020-06-17 13:53:39.700,2860.8000,17519,0,12036917040.000,0,-,-,-,-,2860.6000,2860.4000,2860.2000,2860.0000,2859.8000,2860.8000,2861.0000,2861.4000,2861.6000,2861.8000,1,2,3,15,1,1,4,6,3,1
SF,IH2006,2020-06-17 13:53:40.200,2860.6000,17519,0,12037775220.000,1,0,1,空换,B,2860.4000,2860.2000,2860.0000,2859.8000,2859.2000,2860.8000,2861.0000,2861.4000,2861.6000,2861.8000,2,3,15,1,2,1,4,6,3,1
SF,IH2006,2020-06-17 13:53:46.200,2860.6000,17519,0,12037775220.000,0,-,-,-,-,2860.6000,2860.4000,2860.2000,2860.0000,2859.8000,2860.8000,2861.0000,2861.4000,2861.6000,2861.8000,1,2,4,15,1,1,4,6,3,1
SF,IH2006,2020-06-17 13:53:49.200,2860.6000,17519,0,12037775220.000,0,-,-,-,-,2860.4000,2860.2000,2860.0000,2859.8000,2859.2000,2860.8000,2861.0000,2861.4000,2861.6000,2861.8000,2,4,15,1,2,1,4,6,3,1
SF,IH2006,2020-06-17 13:53:49.700,2860.6000,17519,0,12037775220.000,0,-,-,-,-,2860.4000,2860.2000,2860.0000,2859.8000,2859.4000,2860.8000,2861.0000,2861.4000,2861.6000,2861.8000,2,4,15,1,1,2,4,6,3,1
SF,IH2006,2020-06-17 13:53:51.200,2860.6000,17519,0,12037775220.000,0,-,-,-,-,2860.4000,2860.2000,2860.0000,2859.8000,2859.4000,2860.8000,2861.0000,2861.4000,2861.6000,2861.8000,2,5,15,1,1,2,4,6,3,1
SF,IH2006,2020-06-17 13:53:51.700,2860.6000,17519,0,12037775220.000,0,-,-,-,-,2860.6000,2860.4000,2860.2000,2860.0000,2859.8000,2860.8000,2861.0000,2861.4000,2861.6000,2861.8000,1,2,5,15,1,2,4,6,3,1
SF,IH2006,2020-06-17 13:53:52.200,2860.6000,17519,0,12037775220.000,0,-,-,-,-,2860.6000,2860.4000,2860.2000,2860.0000,2859.8000,2860.8000,2861.0000,2861.4000,2861.6000,2861.8000,1,2,5,15,1,3,4,6,3,1
SF,IH2006,2020-06-17 13:53:56.200,2860.8000,17519,0,12038633460.000,1,0,1,空换,B,2860.6000,2860.4000,2860.2000,2860.0000,2859.8000,2860.8000,2861.0000,2861.4000,2861.6000,2861.8000,1,2,5,15,1,2,4,6,3,1
SF,IH2006,2020-06-17 13:53:56.700,2860.8000,17519,0,12039491700.000,1,0,1,空换,B,2860.6000,2860.4000,2860.2000,2860.0000,2859.8000,2861.0000,2861.4000,2861.6000,2861.8000,2862.0000,2,2,5,15,1,4,6,3,1,3
SF,IH2006,2020-06-17 13:53:57.200,2860.8000,17519,0,12039491700.000,0,-,-,-,-,2860.6000,2860.4000,2860.2000,2860.0000,2859.8000,2861.0000,2861.4000,2861.6000,2861.8000,2862.0000,2,2,5,15,1,5,6,3,1,3
SF,IH2006,2020-06-17 13:53:57.700,2860.8000,17519,0,12039491700.000,0,-,-,-,-,2860.8000,2860.6000,2860.4000,2860.2000,2860.0000,2861.0000,2861.4000,2861.6000,2861.8000,2862.0000,2,2,2,5,15,5,6,3,1,3
SF,IH2006,2020-06-17 13:53:59.200,2860.8000,17519,0,12039491700.000,0,-,-,-,-,2860.8000,2860.6000,2860.4000,2860.2000,2860.0000,2861.0000,2861.4000,2861.6000,2861.8000,2862.0000,2,2,2,5,15,5,6,2,1,3
SF,IH2006,2020-06-17 13:53:59.700,2860.8000,17518,-1,12040349940.000,1,0,1,双平,B,2860.8000,2860.6000,2860.4000,2860.2000,2860.0000,2861.0000,2861.4000,2861.6000,2861.8000,2862.0000,2,2,2,5,15,5,6,2,1,3
SF,IH2006,2020-06-17 13:54:01.200,2860.8000,17518,0,12040349940.000,0,-,-,-,-,2860.8000,2860.6000,2860.4000,2860.2000,2860.0000,2861.0000,2861.4000,2861.6000,2861.8000,2862.0000,2,2,2,4,15,5,6,2,1,3
SF,IH2006,2020-06-17 13:54:04.700,2861.0000,17517,-1,12041208240.000,1,0,1,双平,B,2860.8000,2860.6000,2860.4000,2860.2000,2860.0000,2861.0000,2861.4000,2861.6000,2861.8000,2862.0000,2,2,2,4,15,4,6,2,1,3
SF,IH2006,2020-06-17 13:54:05.200,2861.0000,17517,0,12041208240.000,0,-,-,-,-,2860.8000,2860.6000,2860.4000,2860.2000,2860.0000,2861.0000,2861.4000,2861.6000,2861.8000,2862.0000,2,2,2,4,15,3,5,2,1,3
SF,IH2006,2020-06-17 13:54:06.200,2861.0000,17518,1,12043783140.000,3,2,1,多开,B,2861.0000,2860.8000,2860.6000,2860.4000,2860.2000,2861.4000,2861.6000,2861.8000,2862.0000,2862.6000,6,1,2,2,4,5,2,1,3,1
SF,IH2006,2020-06-17 13:54:06.700,2861.0000,17518,0,12045499740.000,2,1,1,空换,B,2861.0000,2860.8000,2860.6000,2860.4000,2860.2000,2861.2000,2861.4000,2861.6000,2861.8000,2862.0000,4,1,2,2,4,1,6,2,1,3
SF,IH2006,2020-06-17 13:54:07.200,2861.2000,17519,1,12046358100.000,1,1,0,双开,B,2861.0000,2860.8000,2860.6000,2860.4000,2860.2000,2861.4000,2861.6000,2861.8000,2862.0000,2862.6000,5,1,1,2,4,6,2,1,3,1
SF,IH2006,2020-06-17 13:54:07.700,2861.2000,17519,0,12046358100.000,0,-,-,-,-,2861.0000,2860.8000,2860.6000,2860.4000,2860.2000,2861.4000,2861.6000,2861.8000,2862.0000,2862.6000,4,1,1,2,4,6,2,1,3,1
SF,IH2006,2020-06-17 13:54:09.700,2861.2000,17519,0,12046358100.000,0,-,-,-,-,2861.0000,2860.8000,2860.6000,2860.4000,2860.2000,2861.2000,2861.4000,2861.6000,2861.8000,2862.0000,4,1,1,2,4,1,6,2,1,3
SF,IH2006,2020-06-17 13:54:10.200,2861.2000,17519,0,12046358100.000,0,-,-,-,-,2861.0000,2860.8000,2860.6000,2860.4000,2860.2000,2861.2000,2861.4000,2861.6000,2861.8000,2862.0000,4,1,1,2,4,2,6,2,1,3
SF,IH2006,2020-06-17 13:54:11.200,2861.2000,17519,0,12046358100.000,0,-,-,-,-,2861.0000,2860.8000,2860.6000,2860.4000,2860.2000,2861.2000,2861.4000,2861.6000,2861.8000,2862.0000,10,1,1,2,4,2,6,2,1,3
SF,IH2006,2020-06-17 13:54:11.700,2861.2000,17519,0,12047216460.000,1,0,1,空换,B,2861.0000,2860.8000,2860.6000,2860.4000,2860.2000,2861.4000,2861.6000,2861.8000,2862.0000,2862.6000,10,1,1,2,4,6,2,1,3,1
SF,IH2006,2020-06-17 13:54:14.700,2861.2000,17519,0,12047216460.000,0,-,-,-,-,2861.0000,2860.8000,2860.6000,2860.4000,2860.2000,2861.4000,2861.6000,2861.8000,2862.0000,2862.6000,10,1,1,2,4,6,2,1,3,1
SF,IH2006,2020-06-17 13:54:16.200,2861.2000,17519,0,12047216460.000,0,-,-,-,-,2861.0000,2860.8000,2860.6000,2860.4000,2860.2000,2861.4000,2861.6000,2861.8000,2862.0000,2862.6000,10,1,1,2,4,8,2,1,3,1
SF,IH2006,2020-06-17 13:54:17.700,2861.2000,17519,0,12047216460.000,0,-,-,-,-,2861.0000,2860.8000,2860.6000,2860.4000,2860.2000,2861.4000,2861.6000,2861.8000,2862.0000,2862.6000,6,1,1,2,4,8,2,1,3,1
SF,IH2006,2020-06-17 13:54:18.200,2861.2000,17519,0,12047216460.000,0,-,-,-,-,2861.2000,2861.0000,2860.8000,2860.6000,2860.4000,2861.4000,2861.6000,2861.8000,2862.0000,2862.6000,2,6,1,1,2,7,2,1,3,1
SF,IH2006,2020-06-17 13:54:18.700,2861.4000,17521,2,12050650140.000,4,3,1,多开,B,2861.2000,2861.0000,2860.8000,2860.6000,2860.4000,2861.4000,2861.6000,2861.8000,2862.0000,2862.6000,2,6,2,1,2,3,2,1,3,1
SF,IH2006,2020-06-17 13:54:19.200,2861.4000,17524,3,12053225400.000,3,3,0,双开,B,2861.4000,2861.2000,2861.0000,2860.8000,2860.6000,2861.6000,2861.8000,2862.0000,2862.6000,2862.8000,2,2,6,2,1,2,1,3,1,3
SF,IH2006,2020-06-17 13:54:20.200,2861.6000,17525,1,12054083880.000,1,1,0,双开,B,2861.4000,2861.2000,2861.0000,2860.8000,2860.6000,2861.6000,2861.8000,2862.0000,2862.6000,2862.8000,2,2,6,2,1,1,1,3,1,3
SF,IH2006,2020-06-17 13:54:20.700,2861.6000,17525,0,12054942360.000,1,0,1,空换,B,2861.6000,2861.2000,2861.0000,2860.8000,2860.6000,2862.0000,2862.6000,2862.8000,2863.0000,2863.2000,2,2,6,2,1,3,1,3,4,1
SF,IH2006,2020-06-17 13:54:21.200,2861.6000,17525,0,12054942360.000,0,-,-,-,-,2861.6000,2861.2000,2861.0000,2860.8000,2860.6000,2862.0000,2862.6000,2862.8000,2863.0000,2863.2000,1,2,6,2,1,4,1,3,4,1
SF,IH2006,2020-06-17 13:54:21.700,2861.6000,17525,0,12054942360.000,0,-,-,-,-,2861.2000,2861.0000,2860.8000,2860.6000,2860.4000,2861.6000,2861.8000,2862.0000,2862.6000,2862.8000,2,6,2,1,2,1,1,4,1,3
SF,IH2006,2020-06-17 13:54:22.200,2861.6000,17525,0,12054942360.000,0,-,-,-,-,2861.4000,2861.2000,2861.0000,2860.8000,2860.6000,2861.6000,2861.8000,2862.0000,2862.6000,2862.8000,2,2,6,2,1,1,1,4,1,3
SF,IH2006,2020-06-17 13:54:22.700,2861.6000,17525,0,12054942360.000,0,-,-,-,-,2861.4000,2861.2000,2861.0000,2860.8000,2860.6000,2861.6000,2861.8000,2862.0000,2862.6000,2862.8000,2,2,6,2,1,2,1,4,1,3
SF,IH2006,2020-06-17 13:54:23.200,2861.6000,17525,0,12054942360.000,0,-,-,-,-,2861.4000,2861.2000,2861.0000,2860.8000,2860.6000,2861.6000,2861.8000,2862.0000,2862.6000,2862.8000,2,1,6,2,1,3,1,4,1,3
SF,IH2006,2020-06-17 13:54:24.200,2861.6000,17525,0,12054942360.000,0,-,-,-,-,2861.4000,2861.2000,2861.0000,2860.8000,2860.6000,2861.6000,2861.8000,2862.0000,2862.6000,2862.8000,2,1,6,5,1,3,1,4,1,3
SF,IH2006,2020-06-17 13:54:24.700,2861.6000,17525,0,12054942360.000,0,-,-,-,-,2861.4000,2861.2000,2861.0000,2860.8000,2860.6000,2861.6000,2861.8000,2862.0000,2862.6000,2862.8000,1,1,6,5,1,2,1,4,1,3
SF,IH2006,2020-06-17 13:54:25.200,2861.6000,17526,1,12055800840.000,1,1,0,双开,B,2861.4000,2861.2000,2861.0000,2860.8000,2860.6000,2861.6000,2861.8000,2862.0000,2862.6000,2862.8000,1,1,6,5,1,1,1,4,1,3
SF,IH2006,2020-06-17 13:54:25.700,2861.6000,17526,0,12056659320.000,1,0,1,空换,B,2861.6000,2861.4000,2861.2000,2861.0000,2860.8000,2861.8000,2862.0000,2862.6000,2862.8000,2863.0000,5,1,1,6,5,1,4,1,3,4
SF,IH2006,2020-06-17 13:54:26.200,2861.6000,17526,0,12056659320.000,0,-,-,-,-,2861.4000,2861.2000,2861.0000,2860.8000,2860.6000,2861.8000,2862.0000,2862.6000,2862.8000,2863.0000,1,1,6,5,1,1,4,1,3,4
SF,IH2006,2020-06-17 13:54:28.700,2861.6000,17526,0,12056659320.000,0,-,-,-,-,2861.4000,2861.2000,2861.0000,2860.8000,2860.6000,2861.8000,2862.0000,2862.6000,2862.8000,2863.0000,1,1,6,6,1,1,4,1,3,4
SF,IH2006,2020-06-17 13:54:29.700,2861.8000,17526,0,12057517860.000,1,0,1,空换,B,2861.8000,2861.4000,2861.2000,2861.0000,2860.8000,2862.0000,2862.6000,2862.8000,2863.0000,2863.2000,3,1,1,6,6,4,1,3,4,1
SF,IH2006,2020-06-17 13:54:30.200,2861.8000,17524,-2,12059234940.000,2,0,2,双平,B,2861.8000,2861.4000,2861.2000,2861.0000,2860.8000,2862.0000,2862.6000,2862.8000,2863.0000,2863.2000,1,2,1,6,6,4,1,3,4,1
SF,IH2006,2020-06-17 13:54:30.700,2862.0000,17523,-1,12060093540.000,1,0,1,双平,B,2861.8000,2861.4000,2861.2000,2861.0000,2860.8000,2862.0000,2862.6000,2862.8000,2863.0000,2863.2000,1,2,1,6,6,3,1,3,4,1
SF,IH2006,2020-06-17 13:54:31.200,2861.8000,17521,-2,12061810620.000,2,0,2,双平,B,2861.4000,2861.2000,2861.0000,2860.8000,2860.6000,2862.0000,2862.6000,2862.8000,2863.0000,2863.2000,2,1,6,6,1,3,1,3,4,1
SF,IH2006,2020-06-17 13:54:31.700,2861.8000,17520,-1,12062669160.000,1,0,1,双平,B,2861.4000,2861.2000,2861.0000,2860.8000,2860.6000,2862.0000,2862.6000,2862.8000,2863.0000,2863.2000,2,1,6,6,1,3,1,3,4,1
SF,IH2006,2020-06-17 13:54:32.200,2861.4000,17519,-1,12063527580.000,1,0,1,双平,B,2861.4000,2861.2000,2861.0000,2860.8000,2860.6000,2862.0000,2862.6000,2862.8000,2863.0000,2863.2000,1,1,6,6,1,3,1,3,4,1
SF,IH2006,2020-06-17 13:54:32.700,2861.4000,17519,0,12063527580.000,0,-,-,-,-,2861.6000,2861.4000,2861.2000,2861.0000,2860.8000,2862.0000,2862.6000,2862.8000,2863.0000,2863.2000,1,1,1,6,6,3,1,3,4,1
SF,IH2006,2020-06-17 13:54:35.700,2861.4000,17519,0,12063527580.000,0,-,-,-,-,2861.6000,2861.4000,2861.2000,2861.0000,2860.8000,2862.0000,2862.6000,2862.8000,2863.0000,2863.2000,1,2,1,6,6,3,1,3,4,1
SF,IH2006,2020-06-17 13:54:36.200,2862.0000,17519,0,12065244780.000,2,1,1,空换,B,2861.6000,2861.4000,2861.2000,2861.0000,2860.8000,2862.0000,2862.6000,2862.8000,2863.0000,2863.2000,1,2,1,7,6,1,1,3,4,1
SF,IH2006,2020-06-17 13:54:36.700,2862.0000,17519,0,12065244780.000,0,-,-,-,-,2861.6000,2861.4000,2861.2000,2861.0000,2860.8000,2862.6000,2862.8000,2863.0000,2863.2000,2863.4000,1,2,1,7,6,1,3,4,1,1
SF,IH2006,2020-06-17 13:54:37.200,2862.0000,17519,0,12065244780.000,0,-,-,-,-,2861.6000,2861.4000,2861.2000,2861.0000,2860.8000,2862.2000,2862.4000,2862.6000,2862.8000,2863.0000,1,2,1,7,6,1,4,1,3,4
SF,IH2006,2020-06-17 13:54:37.700,2862.0000,17519,0,12065244780.000,0,-,-,-,-,2861.8000,2861.6000,2861.4000,2861.2000,2861.0000,2862.2000,2862.4000,2862.6000,2862.8000,2863.0000,1,1,2,1,7,2,5,2,3,4
SF,IH2006,2020-06-17 13:54:38.200,2862.0000,17519,0,12065244780.000,0,-,-,-,-,2861.8000,2861.6000,2861.4000,2861.2000,2861.0000,2862.2000,2862.4000,2862.6000,2862.8000,2863.0000,1,1,2,1,7,2,4,2,4,4
SF,IH2006,2020-06-17 13:54:38.700,2862.0000,17519,0,12065244780.000,0,-,-,-,-,2861.6000,2861.4000,2861.2000,2861.0000,2860.8000,2862.2000,2862.4000,2862.6000,2862.8000,2863.0000,1,2,1,7,6,2,4,2,4,4
SF,IH2006,2020-06-17 13:54:39.200,2862.0000,17519,0,12065244780.000,0,-,-,-,-,2862.0000,2861.6000,2861.4000,2861.2000,2861.0000,2862.2000,2862.4000,2862.6000,2862.8000,2863.0000,1,1,2,1,7,2,4,2,4,4
SF,IH2006,2020-06-17 13:54:39.700,2862.0000,17519,0,12066103380.000,1,0,1,空换,B,2861.6000,2861.4000,2861.2000,2861.0000,2860.8000,2862.0000,2862.2000,2862.4000,2862.6000,2862.8000,1,2,1,7,6,1,2,4,2,4
SF,IH2006,2020-06-17 13:54:40.200,2862.2000,17519,0,12066962040.000,1,0,1,空换,B,2861.6000,2861.4000,2861.2000,2861.0000,2860.8000,2862.2000,2862.4000,2862.6000,2862.8000,2863.0000,1,1,1,7,6,1,4,2,4,4
SF,IH2006,2020-06-17 13:54:41.200,2861.6000,17519,0,12067820520.000,1,0,1,空换,B,2861.4000,2861.2000,2861.0000,2860.8000,2860.6000,2862.2000,2862.4000,2862.6000,2862.8000,2863.0000,1,1,7,6,1,1,4,2,4,4
SF,IH2006,2020-06-17 13:54:41.700,2861.6000,17519,0,12067820520.000,0,-,-,-,-,2861.4000,2861.2000,2861.0000,2860.8000,2860.6000,2862.0000,2862.2000,2862.4000,2862.6000,2862.8000,1,1,7,6,1,1,1,3,2,4
SF,IH2006,2020-06-17 13:54:42.200,2862.0000,17519,0,12068679120.000,1,0,1,空换,B,2861.4000,2861.2000,2861.0000,2860.8000,2860.6000,2862.2000,2862.4000,2862.6000,2862.8000,2863.0000,2,1,7,6,1,1,2,2,4,4
SF,IH2006,2020-06-17 13:54:43.200,2862.2000,17519,0,12069537780.000,1,0,1,空换,B,2861.4000,2861.2000,2861.0000,2860.8000,2860.6000,2862.4000,2862.6000,2862.8000,2863.0000,2863.4000,2,1,7,6,1,2,2,4,4,1
SF,IH2006,2020-06-17 13:54:43.700,2862.2000,17519,0,12069537780.000,0,-,-,-,-,2861.6000,2861.4000,2861.2000,2861.0000,2860.8000,2862.2000,2862.4000,2862.6000,2862.8000,2863.0000,1,2,1,7,6,2,2,2,4,4
SF,IH2006,2020-06-17 13:54:44.700,2862.2000,17519,0,12069537780.000,0,-,-,-,-,2861.6000,2861.4000,2861.2000,2861.0000,2860.8000,2862.0000,2862.2000,2862.4000,2862.6000,2862.8000,1,2,1,7,6,2,2,2,2,4
SF,IH2006,2020-06-17 13:54:46.200,2862.2000,17519,0,12069537780.000,0,-,-,-,-,2861.6000,2861.4000,2861.2000,2861.0000,2860.8000,2862.0000,2862.2000,2862.4000,2862.6000,2862.8000,1,2,1,7,6,1,2,2,2,4
SF,IH2006,2020-06-17 13:54:47.200,2862.2000,17519,0,12069537780.000,0,-,-,-,-,2861.6000,2861.4000,2861.2000,2861.0000,2860.8000,2862.0000,2862.2000,2862.4000,2862.6000,2862.8000,1,2,1,7,6,1,2,2,2,4
SF,IH2006,2020-06-17 13:54:47.700,2862.2000,17519,0,12069537780.000,0,-,-,-,-,2861.6000,2861.4000,2861.2000,2861.0000,2860.8000,2862.2000,2862.4000,2862.6000,2862.8000,2863.0000,1,2,1,7,6,2,2,2,4,4
SF,IH2006,2020-06-17 13:54:48.200,2862.2000,17519,0,12069537780.000,0,-,-,-,-,2861.6000,2861.4000,2861.2000,2861.0000,2860.8000,2862.0000,2862.2000,2862.4000,2862.6000,2862.8000,1,2,1,7,6,1,2,2,2,4
SF,IH2006,2020-06-17 13:54:48.700,2862.2000,17519,0,12070396440.000,1,0,1,空换,B,2861.6000,2861.4000,2861.2000,2861.0000,2860.8000,2862.2000,2862.4000,2862.6000,2862.8000,2863.0000,1,2,1,7,6,2,2,2,4,4
SF,IH2006,2020-06-17 13:54:49.700,2862.2000,17519,0,12070396440.000,0,-,-,-,-,2861.8000,2861.6000,2861.4000,2861.2000,2861.0000,2862.2000,2862.4000,2862.6000,2862.8000,2863.0000,1,1,2,1,7,2,2,2,4,4
SF,IH2006,2020-06-17 13:54:50.200,2862.2000,17519,0,12070396440.000,0,-,-,-,-,2861.8000,2861.6000,2861.4000,2861.2000,2861.0000,2862.2000,2862.4000,2862.6000,2862.8000,2863.0000,1,1,2,2,7,1,2,2,4,4
SF,IH2006,2020-06-17 13:54:50.700,2862.2000,17519,0,12070396440.000,0,-,-,-,-,2861.8000,2861.4000,2861.2000,2861.0000,2860.8000,2862.4000,2862.6000,2862.8000,2863.0000,2863.4000,2,2,2,7,6,2,2,4,4,1
SF,IH2006,2020-06-17 13:54:51.200,2862.2000,17519,0,12070396440.000,0,-,-,-,-,2861.8000,2861.4000,2861.2000,2861.0000,2860.8000,2862.4000,2862.6000,2862.8000,2863.0000,2863.4000,1,2,2,7,6,2,2,4,4,1
SF,IH2006,2020-06-17 13:54:51.700,2862.4000,17519,0,12072113880.000,2,1,1,空换,B,2861.8000,2861.4000,2861.2000,2861.0000,2860.8000,2862.6000,2862.8000,2863.0000,2863.4000,2863.6000,1,2,2,7,6,2,4,4,1,2
SF,IH2006,2020-06-17 13:54:52.200,2862.4000,17519,0,12072113880.000,0,-,-,-,-,2861.8000,2861.4000,2861.2000,2861.0000,2860.8000,2862.4000,2862.6000,2862.8000,2863.0000,2863.4000,2,2,2,7,6,1,3,4,4,1
SF,IH2006,2020-06-17 13:54:52.700,2862.4000,17519,0,12072113880.000,0,-,-,-,-,2862.2000,2861.8000,2861.4000,2861.2000,2861.0000,2862.4000,2862.6000,2862.8000,2863.0000,2863.4000,2,2,2,2,7,1,3,4,4,1
SF,IH2006,2020-06-17 13:54:53.200,2862.4000,17519,0,12072113880.000,0,-,-,-,-,2861.8000,2861.4000,2861.2000,2861.0000,2860.8000,2862.4000,2862.6000,2862.8000,2863.0000,2863.4000,2,2,2,7,6,1,3,4,4,1
SF,IH2006,2020-06-17 13:54:53.700,2862.4000,17519,0,12072113880.000,0,-,-,-,-,2862.0000,2861.8000,2861.6000,2861.4000,2861.2000,2862.4000,2862.6000,2862.8000,2863.0000,2863.4000,1,2,1,2,2,1,3,4,4,1
SF,IH2006,2020-06-17 13:54:55.200,2862.4000,17519,0,12072972600.000,1,0,1,空换,B,2862.0000,2861.8000,2861.6000,2861.4000,2861.2000,2862.6000,2862.8000,2863.0000,2863.4000,2863.6000,3,2,1,2,2,3,4,4,1,2
SF,IH2006,2020-06-17 13:54:56.200,2862.0000,17519,0,12073831200.000,1,0,1,空换,B,2862.0000,2861.8000,2861.6000,2861.4000,2861.2000,2862.6000,2862.8000,2863.0000,2863.4000,2863.6000,2,2,1,2,2,3,4,4,1,2
SF,IH2006,2020-06-17 13:54:56.700,2862.0000,17519,0,12073831200.000,0,-,-,-,-,2862.2000,2862.0000,2861.8000,2861.6000,2861.4000,2862.6000,2862.8000,2863.0000,2863.4000,2863.6000,1,2,2,1,2,3,4,4,1,2
SF,IH2006,2020-06-17 13:54:57.200,2862.0000,17519,0,12074689800.000,1,0,1,空换,B,2862.0000,2861.8000,2861.6000,2861.4000,2861.2000,2862.2000,2862.4000,2862.6000,2862.8000,2863.0000,1,1,1,2,2,5,3,3,3,4
SF,IH2006,2020-06-17 13:54:57.700,2862.0000,17517,-2,12076407000.000,2,0,2,双平,B,2861.6000,2861.4000,2861.2000,2861.0000,2860.8000,2862.2000,2862.4000,2862.6000,2862.8000,2863.0000,1,2,2,8,6,2,3,3,3,4
SF,IH2006,2020-06-17 13:54:58.200,2862.0000,17517,0,12076407000.000,0,-,-,-,-,2861.6000,2861.4000,2861.2000,2861.0000,2860.8000,2862.0000,2862.2000,2862.4000,2862.6000,2862.8000,1,2,2,8,6,3,3,1,3,3
SF,IH2006,2020-06-17 13:54:58.700,2862.0000,17517,0,12077265600.000,1,0,1,空换,B,2861.6000,2861.4000,2861.2000,2861.0000,2860.8000,2862.0000,2862.2000,2862.4000,2862.6000,2862.8000,2,2,2,8,6,2,3,2,3,3
SF,IH2006,2020-06-17 13:54:59.200,2862.0000,17516,-1,12078982680.000,2,0,2,空平,B,2861.6000,2861.4000,2861.2000,2861.0000,2860.8000,2862.0000,2862.2000,2862.4000,2862.6000,2862.8000,1,2,2,8,6,1,3,2,3,3
SF,IH2006,2020-06-17 13:54:59.700,2862.0000,17515,-1,12080699760.000,2,0,2,空平,B,2861.8000,2861.4000,2861.2000,2861.0000,2860.8000,2862.0000,2862.2000,2862.4000,2862.6000,2862.8000,1,2,2,8,6,2,3,2,3,3
SF,IH2006,2020-06-17 13:55:00.700,2862.0000,17514,-1,12081558360.000,1,0,1,双平,B,2861.8000,2861.4000,2861.2000,2861.0000,2860.8000,2862.0000,2862.2000,2862.4000,2862.6000,2862.8000,1,2,2,8,6,1,3,2,3,3
SF,IH2006,2020-06-17 13:55:01.200,2862.0000,17514,0,12082416960.000,1,0,1,空换,B,2861.8000,2861.4000,2861.2000,2861.0000,2860.8000,2862.2000,2862.4000,2862.6000,2862.8000,2863.0000,1,2,2,8,6,3,2,3,3,4
SF,IH2006,2020-06-17 13:55:01.700,2862.2000,17514,0,12083275620.000,1,0,1,空换,B,2861.8000,2861.4000,2861.2000,2861.0000,2860.8000,2862.2000,2862.4000,2862.6000,2862.8000,2863.0000,1,2,2,8,6,2,2,3,3,4
SF,IH2006,2020-06-17 13:55:02.200,2862.2000,17514,0,12083275620.000,0,-,-,-,-,2861.8000,2861.4000,2861.2000,2861.0000,2860.8000,2862.0000,2862.2000,2862.4000,2862.6000,2862.8000,1,2,2,8,6,3,2,2,3,3
SF,IH2006,2020-06-17 13:55:02.700,2861.8000,17513,-1,12084134160.000,1,0,1,双平,B,2861.4000,2861.2000,2861.0000,2860.8000,2860.6000,2862.0000,2862.2000,2862.4000,2862.6000,2862.8000,2,2,8,6,1,5,2,2,3,3
SF,IH2006,2020-06-17 13:55:03.200,2861.4000,17512,-1,12085851060.000,2,0,2,空平,B,2861.4000,2861.2000,2861.0000,2860.8000,2860.6000,2862.0000,2862.2000,2862.4000,2862.6000,2862.8000,1,2,8,6,1,5,2,2,3,3
SF,IH2006,2020-06-17 13:55:03.700,2861.4000,17512,0,12085851060.000,0,-,-,-,-,2861.4000,2861.2000,2861.0000,2860.8000,2860.6000,2862.0000,2862.2000,2862.4000,2862.6000,2862.8000,1,2,8,6,1,5,2,2,3,3
SF,IH2006,2020-06-17 13:55:05.200,2861.4000,17512,0,12085851060.000,0,-,-,-,-,2861.4000,2861.2000,2861.0000,2860.8000,2860.6000,2862.0000,2862.2000,2862.4000,2862.6000,2862.8000,1,2,8,6,1,6,1,2,3,3
SF,IH2006,2020-06-17 13:55:05.700,2861.4000,17512,0,12085851060.000,0,-,-,-,-,2861.4000,2861.2000,2861.0000,2860.8000,2860.6000,2861.8000,2862.0000,2862.2000,2862.4000,2862.6000,1,2,8,6,1,2,6,1,1,2
SF,IH2006,2020-06-17 13:55:06.200,2861.4000,17511,-1,12086709480.000,1,0,1,双平,B,2861.2000,2861.0000,2860.8000,2860.6000,2860.4000,2861.8000,2862.0000,2862.2000,2862.4000,2862.6000,2,8,6,1,2,3,6,1,1,2
SF,IH2006,2020-06-17 13:55:06.700,2861.4000,17511,0,12086709480.000,0,-,-,-,-,2861.2000,2861.0000,2860.8000,2860.6000,2860.4000,2861.6000,2861.8000,2862.0000,2862.4000,2862.6000,2,8,6,1,2,2,3,6,1,2
SF,IH2006,2020-06-17 13:55:07.200,2861.6000,17511,0,12087567960.000,1,0,1,空换,B,2861.2000,2861.0000,2860.8000,2860.6000,2860.4000,2861.6000,2861.8000,2862.0000,2862.4000,2862.6000,2,8,6,1,2,1,3,5,1,2
SF,IH2006,2020-06-17 13:55:07.700,2861.6000,17511,0,12087567960.000,0,-,-,-,-,2861.2000,2861.0000,2860.8000,2860.6000,2860.4000,2861.4000,2861.6000,2861.8000,2862.0000,2862.4000,2,8,6,1,3,6,1,3,5,1
SF,IH2006,2020-06-17 13:55:08.200,2861.4000,17511,0,12088426380.000,1,0,1,空换,B,2861.2000,2861.0000,2860.8000,2860.6000,2860.4000,2861.4000,2861.6000,2861.8000,2862.0000,2862.4000,2,8,6,1,3,4,1,3,4,1
SF,IH2006,2020-06-17 13:55:08.700,2861.4000,17511,0,12088426380.000,0,-,-,-,-,2861.2000,2861.0000,2860.8000,2860.6000,2860.4000,2861.4000,2861.6000,2861.8000,2862.0000,2862.4000,2,8,6,1,3,4,1,2,4,1
SF,IH2006,2020-06-17 13:55:09.200,2861.6000,17511,0,12092718540.000,5,2,3,空换,B,2861.6000,2861.2000,2861.0000,2860.8000,2860.6000,2861.8000,2862.0000,2862.4000,2862.6000,2862.8000,6,3,8,6,1,2,4,1,2,3
SF,IH2006,2020-06-17 13:55:09.700,2861.6000,17511,0,12094435500.000,2,1,1,空换,B,2861.6000,2861.4000,2861.2000,2861.0000,2860.8000,2861.8000,2862.0000,2862.4000,2862.6000,2862.8000,4,4,3,8,5,2,4,1,2,3
SF,IH2006,2020-06-17 13:55:10.200,2861.6000,17510,-1,12097869420.000,4,1,3,空平,B,2861.4000,2861.2000,2861.0000,2860.8000,2860.6000,2861.6000,2861.8000,2862.0000,2862.4000,2862.6000,4,3,8,5,1,8,2,4,1,2
SF,IH2006,2020-06-17 13:55:10.700,2861.4000,17510,0,12101303100.000,4,2,2,空换,B,2861.2000,2861.0000,2860.8000,2860.6000,2860.4000,2861.6000,2861.8000,2862.0000,2862.4000,2862.6000,3,8,5,1,3,4,4,4,1,2
SF,IH2006,2020-06-17 13:55:11.700,2861.2000,17510,0,12103019820.000,2,1,1,空换,B,2861.2000,2861.0000,2860.8000,2860.6000,2860.4000,2861.6000,2861.8000,2862.0000,2862.4000,2862.6000,1,8,5,1,3,5,2,4,1,2
SF,IH2006,2020-06-17 13:55:12.200,2861.2000,17510,0,12103019820.000,0,-,-,-,-,2861.2000,2861.0000,2860.8000,2860.6000,2860.4000,2861.6000,2861.8000,2862.0000,2862.4000,2862.6000,2,8,5,1,3,5,2,4,1,2
SF,IH2006,2020-06-17 13:55:12.700,2861.6000,17510,0,12103878300.000,1,0,1,空换,B,2861.2000,2861.0000,2860.8000,2860.6000,2860.4000,2861.6000,2861.8000,2862.0000,2862.4000,2862.6000,2,8,5,1,3,4,2,4,1,2
SF,IH2006,2020-06-17 13:55:13.200,2861.6000,17510,0,12104736780.000,1,0,1,空换,B,2861.2000,2861.0000,2860.8000,2860.6000,2860.4000,2861.4000,2861.6000,2861.8000,2862.0000,2862.4000,2,8,5,1,3,1,4,2,3,1
SF,IH2006,2020-06-17 13:55:13.700,2861.4000,17511,1,12105595200.000,1,1,0,双开,B,2861.4000,2861.2000,2861.0000,2860.8000,2860.6000,2861.6000,2861.8000,2862.0000,2862.4000,2862.6000,1,2,8,5,1,4,2,3,1,2
SF,IH2006,2020-06-17 13:55:14.700,2861.4000,17511,0,12105595200.000,0,-,-,-,-,2861.4000,2861.2000,2861.0000,2860.8000,2860.6000,2861.6000,2861.8000,2862.0000,2862.4000,2862.6000,1,2,8,5,1,4,2,3,1,2
SF,IH2006,2020-06-17 13:55:17.700,2861.4000,17510,-1,12106453620.000,1,0,1,双平,B,2861.2000,2861.0000,2860.8000,2860.6000,2860.4000,2861.6000,2861.8000,2862.0000,2862.4000,2862.6000,2,8,5,1,3,4,2,3,1,2
SF,IH2006,2020-06-17 13:55:18.200,2861.4000,17509,-1,12108170520.000,2,0,2,空平,B,2861.4000,2861.2000,2861.0000,2860.8000,2860.6000,2861.6000,2861.8000,2862.0000,2862.2000,2862.4000,3,2,8,5,1,4,2,3,1,1
SF,IH2006,2020-06-17 13:55:19.200,2861.4000,17509,0,12108170520.000,0,-,-,-,-,2861.4000,2861.2000,2861.0000,2860.8000,2860.6000,2861.6000,2861.8000,2862.0000,2862.2000,2862.4000,3,2,8,5,1,4,2,3,1,1
SF,IH2006,2020-06-17 13:55:20.200,2861.4000,17509,0,12108170520.000,0,-,-,-,-,2861.4000,2861.2000,2861.0000,2860.8000,2860.6000,2861.6000,2861.8000,2862.0000,2862.2000,2862.4000,3,1,8,5,1,4,2,3,1,1
SF,IH2006,2020-06-17 13:55:20.700,2861.6000,17510,1,12109029000.000,1,1,0,双开,B,2861.4000,2861.2000,2861.0000,2860.8000,2860.6000,2861.6000,2861.8000,2862.0000,2862.2000,2862.4000,3,1,8,5,1,3,2,3,1,1
SF,IH2006,2020-06-17 13:55:21.200,2861.6000,17512,2,12111604440.000,3,2,1,多开,B,2861.6000,2861.4000,2861.2000,2861.0000,2860.8000,2862.0000,2862.2000,2862.4000,2862.6000,2862.8000,8,3,1,8,5,2,1,1,2,3
SF,IH2006,2020-06-17 13:55:21.700,2862.0000,17511,-1,12113321640.000,2,0,2,空平,B,2862.0000,2861.6000,2861.4000,2861.2000,2861.0000,2862.2000,2862.4000,2862.6000,2862.8000,2863.0000,2,10,3,1,8,1,1,2,3,4
SF,IH2006,2020-06-17 13:55:22.200,2862.2000,17512,1,12115897620.000,3,2,1,多开,B,2862.2000,2862.0000,2861.8000,2861.6000,2861.4000,2862.4000,2862.6000,2862.8000,2863.0000,2863.4000,1,4,2,12,3,1,2,3,4,1
SF,IH2006,2020-06-17 13:55:22.700,2862.4000,17513,1,12117615060.000,2,1,1,多开,B,2862.2000,2862.0000,2861.6000,2861.4000,2861.2000,2862.6000,2862.8000,2863.0000,2863.4000,2863.6000,2,2,11,3,1,2,3,4,1,2
SF,IH2006,2020-06-17 13:55:23.200,2862.4000,17513,0,12117615060.000,0,-,-,-,-,2862.2000,2862.0000,2861.6000,2861.4000,2861.2000,2862.6000,2862.8000,2863.0000,2863.4000,2863.6000,2,2,11,3,1,3,3,4,1,2
SF,IH2006,2020-06-17 13:55:23.700,2862.2000,17513,0,12118473720.000,1,0,1,空换,B,2862.2000,2862.0000,2861.6000,2861.4000,2861.0000,2862.6000,2862.8000,2863.0000,2863.4000,2863.6000,1,2,10,3,8,3,4,4,1,2
SF,IH2006,2020-06-17 13:55:25.200,2862.2000,17513,0,12118473720.000,0,-,-,-,-,2862.2000,2862.0000,2861.6000,2861.4000,2861.0000,2862.4000,2862.6000,2862.8000,2863.0000,2863.4000,1,3,10,3,8,1,3,4,4,1
SF,IH2006,2020-06-17 13:55:25.700,2862.2000,17513,0,12120191100.000,2,1,1,空换,B,2862.0000,2861.6000,2861.4000,2861.0000,2860.8000,2862.6000,2862.8000,2863.0000,2863.4000,2863.6000,3,10,3,8,5,4,4,4,1,2
SF,IH2006,2020-06-17 13:55:26.700,2862.0000,17514,1,12121049700.000,1,1,0,双开,B,2862.0000,2861.6000,2861.4000,2861.0000,2860.8000,2862.6000,2862.8000,2863.0000,2863.4000,2863.6000,2,10,3,8,5,4,4,4,1,2
SF,IH2006,2020-06-17 13:55:27.200,2862.0000,17514,0,12121908300.000,1,0,1,空换,B,2862.0000,2861.6000,2861.0000,2860.8000,2860.6000,2862.4000,2862.6000,2862.8000,2863.0000,2863.4000,1,10,8,5,1,1,4,4,4,1
SF,IH2006,2020-06-17 13:55:27.700,2862.4000,17513,-1,12122767020.000,1,0,1,双平,B,2862.0000,2861.6000,2861.0000,2860.8000,2860.6000,2862.6000,2862.8000,2863.0000,2863.4000,2863.6000,1,10,8,5,1,4,4,4,1,2
SF,IH2006,2020-06-17 13:55:28.200,2862.4000,17512,-1,12124484340.000,2,0,2,空平,B,2862.4000,2861.6000,2861.0000,2860.8000,2860.6000,2862.6000,2862.8000,2863.0000,2863.4000,2863.6000,2,10,8,5,1,4,4,4,1,2
SF,IH2006,2020-06-17 13:55:28.700,2862.4000,17510,-2,12126201780.000,2,0,2,双平,B,2861.6000,2861.0000,2860.8000,2860.6000,2860.4000,2862.4000,2862.6000,2862.8000,2863.0000,2863.4000,10,8,5,1,3,2,4,4,4,1
SF,IH2006,2020-06-17 13:55:29.200,2862.4000,17510,0,12127060500.000,1,0,1,空换,B,2861.8000,2861.6000,2861.0000,2860.8000,2860.6000,2862.4000,2862.6000,2862.8000,2863.0000,2863.4000,6,10,8,5,1,2,4,4,4,1
SF,IH2006,2020-06-17 13:55:29.700,2862.4000,17509,-1,12127919220.000,1,0,1,双平,B,2861.8000,2861.6000,2861.0000,2860.8000,2860.6000,2862.4000,2862.6000,2862.8000,2863.0000,2863.4000,6,10,8,5,1,2,4,4,4,1
SF,IH2006,2020-06-17 13:55:30.700,2862.4000,17509,0,12127919220.000,0,-,-,-,-,2861.8000,2861.6000,2861.0000,2860.8000,2860.6000,2862.2000,2862.4000,2862.6000,2862.8000,2863.0000,6,10,8,5,1,1,2,4,4,4
SF,IH2006,2020-06-17 13:55:31.200,2862.4000,17509,0,12127919220.000,0,-,-,-,-,2861.8000,2861.6000,2861.0000,2860.8000,2860.6000,2862.0000,2862.4000,2862.6000,2862.8000,2863.0000,5,10,8,5,1,1,2,4,4,4
SF,IH2006,2020-06-17 13:55:31.700,2862.0000,17510,1,12129636420.000,2,1,1,多开,B,2862.0000,2861.8000,2861.6000,2861.0000,2860.8000,2862.4000,2862.6000,2862.8000,2863.0000,2863.4000,1,5,10,8,5,2,4,4,4,1
SF,IH2006,2020-06-17 13:55:32.200,2862.0000,17510,0,12129636420.000,0,-,-,-,-,2862.2000,2861.8000,2861.6000,2861.0000,2860.8000,2862.4000,2862.6000,2862.8000,2863.0000,2863.4000,1,5,10,8,5,2,4,4,4,1
SF,IH2006,2020-06-17 13:55:32.700,2862.2000,17510,0,12130495080.000,1,0,1,空换,B,2861.8000,2861.6000,2861.0000,2860.8000,2860.6000,2862.2000,2862.6000,2862.8000,2863.0000,2863.4000,5,10,8,5,1,1,4,4,4,1
SF,IH2006,2020-06-17 13:55:33.200,2862.2000,17510,0,12130495080.000,0,-,-,-,-,2861.8000,2861.6000,2861.0000,2860.8000,2860.6000,2862.6000,2862.8000,2863.0000,2863.4000,2863.6000,5,10,8,5,1,4,4,4,1,2
SF,IH2006,2020-06-17 13:55:33.700,2862.2000,17510,0,12130495080.000,0,-,-,-,-,2861.8000,2861.6000,2861.0000,2860.8000,2860.6000,2862.4000,2862.6000,2862.8000,2863.0000,2863.4000,5,7,8,5,1,2,4,4,4,1
SF,IH2006,2020-06-17 13:55:34.200,2862.2000,17510,0,12130495080.000,0,-,-,-,-,2862.0000,2861.8000,2861.6000,2861.0000,2860.8000,2862.4000,2862.6000,2862.8000,2863.0000,2863.4000,1,5,7,8,5,2,4,4,4,1
SF,IH2006,2020-06-17 13:55:34.700,2862.2000,17510,0,12130495080.000,0,-,-,-,-,2862.2000,2862.0000,2861.8000,2861.6000,2861.0000,2862.4000,2862.6000,2862.8000,2863.0000,2863.4000,2,1,2,7,8,2,4,4,4,1
SF,IH2006,2020-06-17 13:55:35.200,2862.2000,17512,2,12132212400.000,2,2,0,双开,B,2862.0000,2861.8000,2861.6000,2861.0000,2860.8000,2862.2000,2862.4000,2862.6000,2862.8000,2863.0000,1,2,7,8,5,6,2,4,4,4
SF,IH2006,2020-06-17 13:55:35.700,2862.0000,17512,0,12133071000.000,1,0,1,空换,B,2861.8000,2861.6000,2861.0000,2860.8000,2860.6000,2862.0000,2862.2000,2862.4000,2862.6000,2862.8000,2,7,8,5,1,2,1,2,4,4
SF,IH2006,2020-06-17 13:55:36.200,2862.0000,17512,0,12133071000.000,0,-,-,-,-,2862.0000,2861.8000,2861.6000,2861.0000,2860.8000,2862.2000,2862.4000,2862.6000,2862.8000,2863.0000,1,2,7,8,5,1,2,4,4,4
SF,IH2006,2020-06-17 13:55:36.700,2862.0000,17511,-1,12133929600.000,1,0,1,双平,B,2861.8000,2861.6000,2861.0000,2860.8000,2860.6000,2862.2000,2862.4000,2862.6000,2862.8000,2863.0000,2,7,8,5,1,1,2,4,4,4
SF,IH2006,2020-06-17 13:55:37.200,2862.0000,17510,-1,12134788200.000,1,0,1,双平,B,2862.0000,2861.8000,2861.6000,2861.0000,2860.8000,2862.2000,2862.4000,2862.6000,2862.8000,2863.0000,1,2,7,8,5,1,2,4,4,4
SF,IH2006,2020-06-17 13:55:38.200,2862.0000,17510,0,12134788200.000,0,-,-,-,-,2862.0000,2861.8000,2861.6000,2861.0000,2860.8000,2862.2000,2862.4000,2862.6000,2862.8000,2863.0000,1,2,7,8,5,1,2,4,7,4
SF,IH2006,2020-06-17 13:55:38.700,2862.0000,17510,0,12137364000.000,3,1,2,空换,B,2862.0000,2861.8000,2861.6000,2861.0000,2860.8000,2862.2000,2862.4000,2862.6000,2862.8000,2863.0000,2,2,7,8,5,1,2,4,7,4
SF,IH2006,2020-06-17 13:55:39.700,2862.0000,17508,-2,12139081200.000,2,0,2,双平,B,2861.8000,2861.6000,2861.0000,2860.8000,2860.6000,2862.2000,2862.4000,2862.6000,2862.8000,2863.0000,2,7,8,5,1,1,2,4,7,4
SF,IH2006,2020-06-17 13:55:40.200,2862.0000,17507,-1,12139939800.000,1,0,1,双平,B,2861.8000,2861.6000,2861.0000,2860.8000,2860.6000,2862.2000,2862.4000,2862.6000,2862.8000,2863.0000,1,7,2,4,1,1,2,4,7,5
SF,IH2006,2020-06-17 13:55:40.700,2861.6000,17507,0,12142515300.000,3,1,2,空换,B,2861.6000,2861.0000,2860.8000,2860.6000,2860.4000,2861.8000,2862.0000,2862.2000,2862.4000,2862.6000,4,2,4,1,3,1,3,1,1,4
SF,IH2006,2020-06-17 13:55:41.200,2861.6000,17508,1,12144232260.000,2,1,1,多开,B,2861.0000,2860.8000,2860.6000,2860.4000,2860.2000,2861.8000,2862.0000,2862.6000,2862.8000,2863.0000,2,4,1,3,3,2,6,4,7,5
SF,IH2006,2020-06-17 13:55:41.700,2861.6000,17508,0,12144232260.000,0,-,-,-,-,2861.0000,2860.8000,2860.6000,2860.4000,2860.2000,2861.6000,2861.8000,2862.0000,2862.6000,2862.8000,2,4,1,3,3,7,2,2,4,7
SF,IH2006,2020-06-17 13:55:42.200,2861.6000,17508,0,12144232260.000,0,-,-,-,-,2861.0000,2860.8000,2860.6000,2860.4000,2860.2000,2861.6000,2861.8000,2862.0000,2862.6000,2862.8000,3,4,1,3,3,7,2,2,4,7
SF,IH2006,2020-06-17 13:55:43.200,2861.6000,17508,0,12144232260.000,0,-,-,-,-,2861.0000,2860.8000,2860.6000,2860.4000,2860.2000,2861.6000,2861.8000,2862.0000,2862.6000,2862.8000,3,4,1,3,3,6,2,2,4,7
SF,IH2006,2020-06-17 13:55:43.700,2861.0000,17509,1,12146807160.000,3,2,1,多开,B,2860.8000,2860.6000,2860.4000,2860.2000,2860.0000,2861.4000,2861.6000,2861.8000,2862.0000,2862.6000,4,1,3,3,15,6,5,1,1,3
SF,IH2006,2020-06-17 13:55:44.200,2860.8000,17507,-2,12148523640.000,2,0,2,双平,B,2860.8000,2860.6000,2860.4000,2860.2000,2860.0000,2861.2000,2861.4000,2861.6000,2862.0000,2862.6000,2,1,3,3,15,2,8,4,1,3
SF,IH2006,2020-06-17 13:55:44.700,2860.8000,17507,0,12148523640.000,0,-,-,-,-,2861.0000,2860.8000,2860.6000,2860.4000,2860.2000,2861.2000,2861.4000,2861.6000,2862.0000,2862.6000,1,2,1,3,3,5,6,2,1,3
SF,IH2006,2020-06-17 13:55:45.200,2860.8000,17506,-1,12151098420.000,3,1,2,空平,B,2860.6000,2860.4000,2860.2000,2860.0000,2859.8000,2861.0000,2861.2000,2861.4000,2861.6000,2862.0000,1,3,3,15,1,2,7,5,2,2
SF,IH2006,2020-06-17 13:55:45.700,2861.0000,17505,-1,12152815020.000,2,0,2,空平,B,2860.6000,2860.4000,2860.2000,2860.0000,2859.8000,2861.0000,2861.2000,2861.4000,2861.6000,2862.0000,1,3,3,15,1,3,4,4,2,2
SF,IH2006,2020-06-17 13:55:46.200,2861.0000,17506,1,12153673320.000,1,1,0,双开,B,2860.6000,2860.4000,2860.2000,2860.0000,2859.8000,2860.8000,2861.0000,2861.2000,2861.4000,2861.6000,3,3,3,15,1,3,3,3,4,1
SF,IH2006,2020-06-17 13:55:46.700,2861.0000,17506,0,12153673320.000,0,-,-,-,-,2860.6000,2860.4000,2860.2000,2860.0000,2859.8000,2860.8000,2861.0000,2861.2000,2861.4000,2861.6000,3,3,3,15,1,4,3,3,4,1
SF,IH2006,2020-06-17 13:55:47.200,2860.8000,17507,1,12154531560.000,1,1,0,双开,B,2860.6000,2860.4000,2860.2000,2860.0000,2859.8000,2860.8000,2861.0000,2861.2000,2861.4000,2861.6000,1,3,3,15,1,2,3,3,4,1
SF,IH2006,2020-06-17 13:55:47.700,2860.8000,17508,1,12155389800.000,1,1,0,双开,B,2860.6000,2860.4000,2860.2000,2860.0000,2859.8000,2860.8000,2861.0000,2861.2000,2861.4000,2861.6000,2,3,3,15,1,1,3,3,4,1
SF,IH2006,2020-06-17 13:55:48.200,2860.8000,17508,0,12155389800.000,0,-,-,-,-,2860.6000,2860.4000,2860.2000,2860.0000,2859.8000,2860.8000,2861.0000,2861.2000,2861.4000,2861.6000,2,3,3,15,1,1,3,2,4,1
SF,IH2006,2020-06-17 13:55:48.700,2860.6000,17507,-1,12157106160.000,2,0,2,空平,B,2860.4000,2860.2000,2860.0000,2859.8000,2859.2000,2860.8000,2861.0000,2861.2000,2861.4000,2861.6000,3,3,15,1,2,1,1,2,4,1
SF,IH2006,2020-06-17 13:55:49.200,2860.6000,17507,0,12157106160.000,0,-,-,-,-,2860.4000,2860.2000,2860.0000,2859.8000,2859.2000,2860.8000,2861.0000,2861.2000,2861.4000,2861.6000,3,3,15,1,2,2,1,2,4,1
SF,IH2006,2020-06-17 13:55:49.700,2860.8000,17507,0,12157964400.000,1,0,1,空换,B,2860.4000,2860.2000,2860.0000,2859.8000,2859.2000,2860.6000,2860.8000,2861.0000,2861.2000,2861.4000,4,3,15,1,2,1,1,1,2,4
SF,IH2006,2020-06-17 13:55:50.200,2860.6000,17506,-1,12159680760.000,2,0,2,空平,B,2860.6000,2860.4000,2860.2000,2860.0000,2859.8000,2860.8000,2861.0000,2861.2000,2861.4000,2861.6000,3,4,3,15,1,1,1,2,4,1
SF,IH2006,2020-06-17 13:55:50.700,2860.6000,17507,1,12160538940.000,1,1,0,双开,B,2860.6000,2860.4000,2860.2000,2860.0000,2859.8000,2860.8000,2861.0000,2861.2000,2861.4000,2861.6000,1,4,2,15,1,1,1,2,4,1
SF,IH2006,2020-06-17 13:55:51.700,2860.6000,17506,-1,12161397120.000,1,0,1,双平,B,2860.4000,2860.2000,2860.0000,2859.8000,2859.2000,2860.8000,2861.0000,2861.2000,2861.4000,2861.6000,4,2,15,1,2,1,1,2,4,1
SF,IH2006,2020-06-17 13:55:52.200,2860.6000,17506,0,12163113540.000,2,1,1,空换,B,2860.4000,2860.2000,2860.0000,2859.8000,2859.2000,2860.8000,2861.0000,2861.2000,2861.4000,2861.6000,4,2,15,1,2,1,1,2,4,1
SF,IH2006,2020-06-17 13:55:52.700,2860.8000,17505,-1,12163971780.000,1,0,1,双平,B,2860.8000,2860.4000,2860.2000,2860.0000,2859.8000,2861.0000,2861.2000,2861.4000,2861.6000,2862.0000,13,4,2,15,1,1,2,4,1,2
SF,IH2006,2020-06-17 13:55:53.200,2860.8000,17505,0,12164830020.000,1,0,1,空换,B,2860.8000,2860.6000,2860.4000,2860.2000,2860.0000,2861.2000,2861.4000,2861.6000,2862.0000,2862.6000,2,1,4,2,15,1,4,1,2,3
SF,IH2006,2020-06-17 13:55:53.700,2861.4000,17505,0,12165688440.000,1,0,1,空换,B,2861.0000,2860.8000,2860.6000,2860.4000,2860.2000,2861.4000,2861.6000,2862.0000,2862.6000,2862.8000,2,2,1,4,2,3,1,2,3,7
SF,IH2006,2020-06-17 13:55:54.200,2861.4000,17505,0,12165688440.000,0,-,-,-,-,2861.0000,2860.8000,2860.6000,2860.4000,2860.2000,2861.6000,2862.0000,2862.6000,2862.8000,2863.0000,4,3,1,4,2,1,2,3,7,5
SF,IH2006,2020-06-17 13:55:54.700,2861.4000,17505,0,12165688440.000,0,-,-,-,-,2861.2000,2861.0000,2860.8000,2860.6000,2860.4000,2861.4000,2861.6000,2862.0000,2862.6000,2862.8000,1,4,3,1,4,1,1,2,3,7
SF,IH2006,2020-06-17 13:55:55.200,2861.2000,17505,0,12166546800.000,1,0,1,空换,B,2861.0000,2860.8000,2860.6000,2860.4000,2860.2000,2861.2000,2861.4000,2861.6000,2862.0000,2862.6000,3,3,1,4,2,1,1,1,3,3
SF,IH2006,2020-06-17 13:55:55.700,2861.2000,17505,0,12169121880.000,3,1,2,空换,B,2861.2000,2861.0000,2860.8000,2860.6000,2860.4000,2861.4000,2861.6000,2862.0000,2862.6000,2862.8000,2,3,3,1,4,1,1,3,3,7
SF,IH2006,2020-06-17 13:55:56.200,2861.2000,17504,-1,12170838600.000,2,0,2,空平,B,2861.0000,2860.8000,2860.4000,2860.2000,2860.0000,2861.4000,2861.6000,2862.0000,2862.6000,2862.8000,3,3,4,2,15,1,1,3,3,7
SF,IH2006,2020-06-17 13:55:56.700,2861.2000,17504,0,12171696960.000,1,0,1,空换,B,2861.0000,2860.8000,2860.4000,2860.2000,2860.0000,2861.4000,2861.6000,2862.0000,2862.6000,2862.8000,5,3,4,2,15,1,1,3,3,7
SF,IH2006,2020-06-17 13:55:58.200,2861.4000,17503,-1,12172555380.000,1,0,1,双平,B,2861.0000,2860.8000,2860.4000,2860.2000,2860.0000,2861.6000,2862.0000,2862.6000,2862.8000,2863.0000,5,3,4,2,15,1,3,3,7,5
SF,IH2006,2020-06-17 13:56:00.700,2861.4000,17503,0,12172555380.000,0,-,-,-,-,2861.0000,2860.8000,2860.4000,2860.2000,2860.0000,2861.6000,2862.0000,2862.6000,2862.8000,2863.0000,5,1,4,2,15,1,3,3,7,5
SF,IH2006,2020-06-17 13:56:01.200,2861.4000,17503,0,12172555380.000,0,-,-,-,-,2861.0000,2860.8000,2860.4000,2860.2000,2860.0000,2861.2000,2862.0000,2862.6000,2862.8000,2863.0000,6,1,4,2,15,1,2,3,7,5
SF,IH2006,2020-06-17 13:56:01.700,2861.2000,17504,1,12173413740.000,1,1,0,双开,B,2861.2000,2861.0000,2860.8000,2860.4000,2860.2000,2862.0000,2862.6000,2862.8000,2863.0000,2863.2000,3,6,1,4,2,2,3,7,5,1
SF,IH2006,2020-06-17 13:56:02.200,2861.2000,17504,0,12173413740.000,0,-,-,-,-,2861.0000,2860.8000,2860.4000,2860.2000,2860.0000,2861.8000,2862.0000,2862.6000,2862.8000,2863.0000,6,1,4,2,15,9,7,3,7,5
SF,IH2006,2020-06-17 13:56:02.700,2861.2000,17504,0,12173413740.000,0,-,-,-,-,2861.0000,2860.8000,2860.4000,2860.2000,2860.0000,2861.6000,2861.8000,2862.0000,2862.6000,2862.8000,6,1,4,2,15,2,7,7,3,7
SF,IH2006,2020-06-17 13:56:03.700,2861.2000,17504,0,12173413740.000,0,-,-,-,-,2861.0000,2860.8000,2860.4000,2860.2000,2860.0000,2861.4000,2861.6000,2861.8000,2862.0000,2862.6000,7,1,4,1,15,1,2,5,7,3
SF,IH2006,2020-06-17 13:56:04.200,2861.2000,17504,0,12173413740.000,0,-,-,-,-,2861.0000,2860.8000,2860.4000,2860.2000,2860.0000,2861.4000,2861.6000,2861.8000,2862.0000,2862.6000,3,1,4,1,15,4,1,4,7,2
SF,IH2006,2020-06-17 13:56:04.700,2861.0000,17504,0,12174272040.000,1,0,1,空换,B,2861.0000,2860.8000,2860.4000,2860.2000,2860.0000,2861.4000,2861.8000,2862.0000,2862.6000,2862.8000,2,1,4,1,15,4,4,7,2,7
SF,IH2006,2020-06-17 13:56:05.200,2861.0000,17504,0,12177705240.000,4,2,2,空换,B,2860.8000,2860.4000,2860.2000,2860.0000,2859.8000,2861.0000,2861.2000,2861.4000,2861.8000,2862.0000,1,4,1,15,1,9,2,4,2,7
SF,IH2006,2020-06-17 13:56:05.700,2861.0000,17504,0,12179421780.000,2,1,1,空换,B,2860.4000,2860.2000,2860.0000,2859.8000,2859.2000,2861.0000,2861.2000,2861.4000,2861.8000,2862.0000,4,1,15,1,2,1,2,3,1,7
SF,IH2006,2020-06-17 13:56:06.200,2861.0000,17504,0,12179421780.000,0,-,-,-,-,2860.6000,2860.4000,2860.2000,2860.0000,2859.8000,2861.0000,2861.2000,2861.4000,2861.8000,2862.0000,2,4,1,15,1,1,2,3,1,7
SF,IH2006,2020-06-17 13:56:08.200,2861.2000,17503,-1,12181138440.000,2,0,2,空平,B,2860.6000,2860.4000,2860.2000,2860.0000,2859.8000,2861.2000,2861.4000,2861.8000,2862.0000,2862.6000,2,4,1,15,1,1,3,1,7,2
SF,IH2006,2020-06-17 13:56:08.700,2861.2000,17503,0,12181138440.000,0,-,-,-,-,2860.8000,2860.6000,2860.4000,2860.2000,2860.0000,2861.0000,2861.2000,2861.4000,2861.8000,2862.0000,2,2,4,1,15,2,1,2,1,7
SF,IH2006,2020-06-17 13:56:09.200,2860.8000,17503,0,12183713220.000,3,1,2,空换,B,2860.6000,2860.4000,2860.2000,2860.0000,2859.8000,2861.0000,2861.2000,2861.4000,2861.8000,2862.0000,2,4,1,15,1,1,1,2,1,7
SF,IH2006,2020-06-17 13:56:09.700,2861.0000,17502,-1,12184571520.000,1,0,1,双平,B,2860.6000,2860.4000,2860.2000,2860.0000,2859.8000,2861.2000,2861.4000,2861.8000,2862.0000,2862.6000,2,4,1,15,1,1,2,1,7,2
SF,IH2006,2020-06-17 13:56:10.200,2860.6000,17502,0,12185429700.000,1,0,1,空换,B,2860.6000,2860.4000,2860.2000,2860.0000,2859.8000,2861.2000,2861.4000,2861.8000,2862.0000,2862.6000,1,4,1,15,1,1,2,1,7,2
SF,IH2006,2020-06-17 13:56:10.700,2860.6000,17502,0,12185429700.000,0,-,-,-,-,2860.6000,2860.4000,2860.2000,2860.0000,2859.8000,2861.0000,2861.2000,2861.4000,2861.8000,2862.0000,1,4,1,15,1,2,1,2,1,7
SF,IH2006,2020-06-17 13:56:11.200,2861.0000,17500,-2,12187146300.000,2,0,2,双平,B,2860.6000,2860.4000,2860.2000,2860.0000,2859.8000,2861.2000,2861.4000,2861.8000,2862.0000,2862.6000,1,4,1,15,1,1,2,1,7,2
SF,IH2006,2020-06-17 13:56:11.700,2861.0000,17500,0,12187146300.000,0,-,-,-,-,2860.6000,2860.4000,2860.2000,2860.0000,2859.8000,2861.2000,2861.4000,2861.8000,2862.0000,2862.6000,1,4,1,15,1,2,2,1,7,2
SF,IH2006,2020-06-17 13:56:14.200,2861.0000,17500,0,12187146300.000,0,-,-,-,-,2860.8000,2860.6000,2860.4000,2860.2000,2860.0000,2861.2000,2861.4000,2861.8000,2862.0000,2862.6000,4,1,4,1,15,2,2,1,7,2
SF,IH2006,2020-06-17 13:56:14.700,2861.0000,17500,0,12187146300.000,0,-,-,-,-,2860.8000,2860.6000,2860.4000,2860.2000,2860.0000,2861.0000,2861.2000,2861.4000,2861.8000,2862.0000,4,1,4,1,15,2,2,2,1,7
SF,IH2006,2020-06-17 13:56:17.700,2861.0000,17500,0,12188862900.000,2,1,1,空换,B,2860.8000,2860.6000,2860.4000,2860.2000,2860.0000,2861.2000,2861.4000,2861.8000,2862.0000,2862.6000,4,1,4,1,15,2,2,1,7,2
SF,IH2006,2020-06-17 13:56:19.700,2861.2000,17500,0,12190579620.000,2,1,1,空换,B,2860.8000,2860.6000,2860.4000,2860.2000,2860.0000,2861.4000,2861.8000,2862.0000,2862.6000,2862.8000,4,1,4,1,15,2,1,7,2,7
SF,IH2006,2020-06-17 13:56:20.700,2861.2000,17500,0,12190579620.000,0,-,-,-,-,2860.8000,2860.6000,2860.4000,2860.2000,2860.0000,2861.4000,2861.8000,2862.0000,2862.6000,2862.8000,4,1,4,1,15,1,1,7,2,7
SF,IH2006,2020-06-17 13:56:21.200,2861.2000,17500,0,12190579620.000,0,-,-,-,-,2861.4000,2861.0000,2860.8000,2860.6000,2860.4000,2861.8000,2862.0000,2862.6000,2862.8000,2863.0000,1,1,6,1,4,1,7,2,7,5
SF,IH2006,2020-06-17 13:56:21.700,2861.2000,17500,0,12190579620.000,0,-,-,-,-,2861.4000,2861.0000,2860.8000,2860.6000,2860.4000,2861.6000,2861.8000,2862.0000,2862.6000,2862.8000,1,1,6,1,4,1,2,7,2,7
SF,IH2006,2020-06-17 13:56:22.200,2861.2000,17500,0,12190579620.000,0,-,-,-,-,2861.4000,2861.0000,2860.8000,2860.6000,2860.4000,2861.6000,2861.8000,2862.0000,2862.6000,2862.8000,1,1,6,1,4,3,2,7,2,7
SF,IH2006,2020-06-17 13:56:22.700,2861.6000,17501,1,12194013420.000,4,2,2,多开,B,2861.0000,2860.8000,2860.6000,2860.4000,2860.2000,2861.6000,2861.8000,2862.0000,2862.6000,2862.8000,1,6,1,4,1,1,2,7,2,7
SF,IH2006,2020-06-17 13:56:23.200,2861.6000,17501,0,12194013420.000,0,-,-,-,-,2861.0000,2860.8000,2860.6000,2860.4000,2860.2000,2861.6000,2861.8000,2862.0000,2862.6000,2862.8000,3,6,1,3,1,1,2,7,2,7
SF,IH2006,2020-06-17 13:56:23.700,2861.6000,17501,0,12194013420.000,0,-,-,-,-,2861.0000,2860.8000,2860.6000,2860.4000,2860.2000,2861.6000,2861.8000,2862.0000,2862.6000,2862.8000,3,6,1,3,1,1,2,6,2,7
SF,IH2006,2020-06-17 13:56:24.700,2861.0000,17501,0,12194871720.000,1,0,1,空换,B,2861.0000,2860.8000,2860.6000,2860.4000,2860.2000,2861.6000,2861.8000,2862.0000,2862.6000,2862.8000,2,6,1,3,1,1,2,6,2,7
SF,IH2006,2020-06-17 13:56:25.200,2861.0000,17501,0,12194871720.000,0,-,-,-,-,2861.0000,2860.8000,2860.6000,2860.4000,2860.2000,2861.4000,2861.6000,2861.8000,2862.0000,2862.6000,2,6,1,3,1,1,1,2,6,2
SF,IH2006,2020-06-17 13:56:25.700,2861.4000,17500,-1,12195730140.000,1,0,1,双平,B,2861.2000,2861.0000,2860.8000,2860.6000,2860.4000,2861.6000,2861.8000,2862.0000,2862.6000,2862.8000,2,2,6,1,3,1,2,1,2,7
SF,IH2006,2020-06-17 13:56:26.200,2861.2000,17500,0,12196588500.000,1,0,1,空换,B,2861.2000,2861.0000,2860.8000,2860.6000,2860.4000,2861.6000,2861.8000,2862.0000,2862.6000,2862.8000,1,2,6,1,3,1,2,1,2,7
SF,IH2006,2020-06-17 13:56:27.200,2861.2000,17500,0,12196588500.000,0,-,-,-,-,2861.4000,2861.2000,2861.0000,2860.8000,2860.6000,2861.6000,2861.8000,2862.0000,2862.6000,2862.8000,1,1,2,6,1,1,2,1,2,7
SF,IH2006,2020-06-17 13:56:27.700,2861.2000,17500,0,12196588500.000,0,-,-,-,-,2861.2000,2861.0000,2860.8000,2860.6000,2860.4000,2861.4000,2861.8000,2862.0000,2862.6000,2862.8000,1,2,6,1,3,1,2,1,2,7
SF,IH2006,2020-06-17 13:56:28.200,2861.4000,17499,-1,12197446920.000,1,0,1,双平,B,2861.2000,2861.0000,2860.8000,2860.6000,2860.4000,2861.4000,2861.8000,2862.0000,2862.6000,2862.8000,1,2,6,1,3,1,2,1,2,7
SF,IH2006,2020-06-17 13:56:28.700,2861.2000,17500,1,12198305280.000,1,1,0,双开,B,2861.0000,2860.8000,2860.6000,2860.4000,2860.2000,2861.4000,2861.8000,2862.0000,2862.6000,2862.8000,2,6,1,3,1,1,2,1,2,7
SF,IH2006,2020-06-17 13:56:29.200,2861.2000,17500,0,12198305280.000,0,-,-,-,-,2861.2000,2861.0000,2860.8000,2860.6000,2860.4000,2861.4000,2861.8000,2862.0000,2862.6000,2862.8000,1,2,6,1,3,1,2,1,2,7
SF,IH2006,2020-06-17 13:56:31.200,2861.2000,17500,0,12199163640.000,1,0,1,空换,B,2861.4000,2861.0000,2860.8000,2860.6000,2860.4000,2861.8000,2862.0000,2862.6000,2862.8000,2863.0000,1,2,6,1,3,2,1,2,7,5
SF,IH2006,2020-06-17 13:56:31.700,2861.4000,17499,-1,12200022060.000,1,0,1,双平,B,2861.4000,2861.0000,2860.8000,2860.6000,2860.4000,2861.8000,2862.0000,2862.6000,2862.8000,2863.0000,3,2,6,1,3,3,1,2,7,5
SF,IH2006,2020-06-17 13:56:32.700,2861.4000,17498,-1,12200880480.000,1,0,1,双平,B,2861.4000,2861.0000,2860.8000,2860.6000,2860.4000,2861.8000,2862.0000,2862.6000,2862.8000,2863.0000,2,2,6,1,3,3,1,2,7,5
SF,IH2006,2020-06-17 13:56:33.200,2861.4000,17498,0,12200880480.000,0,-,-,-,-,2861.6000,2861.4000,2861.0000,2860.8000,2860.6000,2861.8000,2862.0000,2862.6000,2862.8000,2863.0000,1,2,2,6,1,3,1,2,7,5
SF,IH2006,2020-06-17 13:56:33.700,2861.6000,17498,0,12201738960.000,1,0,1,空换,B,2861.4000,2861.0000,2860.8000,2860.6000,2860.4000,2861.8000,2862.0000,2862.6000,2862.8000,2863.0000,2,2,6,1,3,4,1,2,7,5
SF,IH2006,2020-06-17 13:56:34.200,2861.6000,17498,0,12201738960.000,0,-,-,-,-,2861.4000,2861.0000,2860.8000,2860.6000,2860.4000,2861.8000,2862.0000,2862.6000,2862.8000,2863.0000,2,2,6,1,3,5,1,2,7,5
SF,IH2006,2020-06-17 13:56:35.200,2861.6000,17498,0,12201738960.000,0,-,-,-,-,2861.6000,2861.4000,2861.0000,2860.8000,2860.6000,2861.8000,2862.0000,2862.6000,2862.8000,2863.0000,1,2,2,6,1,5,1,2,7,5
SF,IH2006,2020-06-17 13:56:35.700,2861.6000,17498,0,12201738960.000,0,-,-,-,-,2861.6000,2861.4000,2861.0000,2860.8000,2860.6000,2861.8000,2862.0000,2862.6000,2862.8000,2863.0000,1,2,2,6,1,4,1,2,7,5
SF,IH2006,2020-06-17 13:56:37.200,2861.8000,17496,-2,12205173120.000,4,1,3,空平,B,2861.6000,2861.4000,2861.0000,2860.8000,2860.6000,2862.0000,2862.6000,2862.8000,2863.0000,2863.2000,1,2,2,6,1,1,2,7,5,1
SF,IH2006,2020-06-17 13:56:37.700,2861.8000,17496,0,12205173120.000,0,-,-,-,-,2861.8000,2861.6000,2861.4000,2861.0000,2860.8000,2862.0000,2862.6000,2862.8000,2863.0000,2863.2000,1,1,2,2,6,2,2,7,5,1
SF,IH2006,2020-06-17 13:56:38.200,2861.6000,17496,0,12206890140.000,2,1,1,空换,B,2861.4000,2861.0000,2860.8000,2860.6000,2860.4000,2861.8000,2862.0000,2862.6000,2862.8000,2863.0000,2,2,6,1,3,8,2,2,7,5
SF,IH2006,2020-06-17 13:56:38.700,2861.6000,17496,0,12206890140.000,0,-,-,-,-,2861.4000,2861.0000,2860.8000,2860.6000,2860.4000,2861.8000,2862.0000,2862.6000,2862.8000,2863.0000,2,2,6,1,3,8,2,2,7,5
SF,IH2006,2020-06-17 13:56:39.700,2861.6000,17496,0,12206890140.000,0,-,-,-,-,2861.6000,2861.4000,2861.0000,2860.8000,2860.6000,2861.8000,2862.0000,2862.6000,2862.8000,2863.0000,1,2,2,6,1,8,2,2,7,5
SF,IH2006,2020-06-17 13:56:40.200,2861.6000,17496,0,12206890140.000,0,-,-,-,-,2861.6000,2861.4000,2861.0000,2860.8000,2860.6000,2861.8000,2862.0000,2862.6000,2862.8000,2863.0000,1,2,2,6,1,9,2,2,7,5
SF,IH2006,2020-06-17 13:56:41.200,2861.6000,17496,0,12206890140.000,0,-,-,-,-,2861.6000,2861.4000,2861.0000,2860.8000,2860.6000,2861.8000,2862.0000,2862.6000,2862.8000,2863.0000,1,2,2,6,1,8,2,2,7,5
SF,IH2006,2020-06-17 13:56:41.700,2861.6000,17495,-1,12207748620.000,1,0,1,双平,B,2861.4000,2861.0000,2860.8000,2860.6000,2860.4000,2861.6000,2861.8000,2862.0000,2862.6000,2862.8000,2,2,6,1,3,1,7,2,2,7
SF,IH2006,2020-06-17 13:56:42.200,2861.6000,17495,0,12207748620.000,0,-,-,-,-,2861.4000,2861.0000,2860.8000,2860.6000,2860.4000,2861.8000,2862.0000,2862.6000,2862.8000,2863.0000,2,2,6,1,3,7,2,2,7,5
SF,IH2006,2020-06-17 13:56:42.700,2861.6000,17495,0,12208607100.000,1,0,1,空换,B,2861.6000,2861.4000,2861.0000,2860.8000,2860.6000,2861.8000,2862.0000,2862.6000,2862.8000,2863.0000,6,2,2,6,1,7,2,2,7,5
SF,IH2006,2020-06-17 13:56:43.200,2861.8000,17495,0,12210324120.000,2,1,1,空换,B,2861.6000,2861.4000,2861.0000,2860.8000,2860.6000,2861.8000,2862.0000,2862.6000,2862.8000,2863.0000,7,2,2,6,1,6,2,2,7,5
SF,IH2006,2020-06-17 13:56:45.700,2861.8000,17495,0,12211182660.000,1,0,1,空换,B,2861.6000,2861.4000,2861.0000,2860.8000,2860.6000,2861.8000,2862.0000,2862.6000,2862.8000,2863.0000,7,2,2,6,1,5,2,2,7,5
SF,IH2006,2020-06-17 13:56:46.200,2861.8000,17495,0,12211182660.000,0,-,-,-,-,2861.6000,2861.4000,2861.0000,2860.8000,2860.6000,2861.8000,2862.0000,2862.6000,2862.8000,2863.0000,7,2,2,6,1,4,2,2,7,5
SF,IH2006,2020-06-17 13:56:46.700,2861.8000,17495,0,12212899740.000,2,1,1,空换,B,2861.6000,2861.4000,2861.0000,2860.8000,2860.6000,2861.8000,2862.0000,2862.6000,2862.8000,2863.0000,7,2,2,6,1,2,2,2,7,5
SF,IH2006,2020-06-17 13:56:48.700,2861.6000,17495,0,12215475180.000,3,1,2,空换,B,2861.6000,2861.4000,2861.0000,2860.8000,2860.6000,2861.8000,2862.0000,2862.6000,2862.8000,2863.0000,4,2,2,6,1,7,2,2,7,5
SF,IH2006,2020-06-17 13:56:49.200,2861.6000,17496,1,12218909100.000,4,2,2,多开,B,2861.4000,2861.0000,2860.8000,2860.6000,2860.4000,2861.6000,2861.8000,2862.0000,2862.6000,2862.8000,2,2,6,1,3,2,7,2,2,7
SF,IH2006,2020-06-17 13:56:49.700,2861.4000,17494,-2,12221484420.000,3,0,3,空平,B,2861.0000,2860.8000,2860.6000,2860.4000,2860.2000,2861.6000,2861.8000,2862.0000,2862.6000,2862.8000,2,6,1,3,1,1,2,2,2,7
SF,IH2006,2020-06-17 13:56:50.200,2861.4000,17494,0,12221484420.000,0,-,-,-,-,2861.2000,2861.0000,2860.8000,2860.6000,2860.4000,2861.6000,2861.8000,2862.0000,2862.6000,2862.8000,2,2,6,1,3,3,2,2,2,7
SF,IH2006,2020-06-17 13:56:52.200,2861.2000,17494,0,12222342780.000,1,0,1,空换,B,2861.2000,2861.0000,2860.8000,2860.6000,2860.4000,2861.6000,2861.8000,2862.0000,2862.6000,2862.8000,1,2,6,1,3,2,2,2,2,7
SF,IH2006,2020-06-17 13:56:54.700,2861.2000,17494,0,12223201140.000,1,0,1,空换,B,2861.0000,2860.8000,2860.6000,2860.4000,2860.2000,2861.6000,2861.8000,2862.0000,2862.6000,2862.8000,2,6,1,3,1,2,2,2,2,7
SF,IH2006,2020-06-17 13:56:55.700,2861.0000,17494,0,12224059440.000,1,0,1,空换,B,2861.0000,2860.8000,2860.6000,2860.4000,2860.2000,2861.6000,2861.8000,2862.0000,2862.6000,2862.8000,1,6,1,3,1,2,2,2,2,7
SF,IH2006,2020-06-17 13:56:56.200,2861.0000,17494,0,12224059440.000,0,-,-,-,-,2861.0000,2860.8000,2860.6000,2860.4000,2860.2000,2861.6000,2861.8000,2862.0000,2862.6000,2862.8000,1,6,1,3,1,3,2,2,2,7
SF,IH2006,2020-06-17 13:56:56.700,2861.0000,17494,0,12224059440.000,0,-,-,-,-,2861.0000,2860.8000,2860.6000,2860.4000,2860.2000,2861.4000,2861.6000,2861.8000,2862.0000,2862.6000,1,6,1,3,1,1,3,2,2,2
SF,IH2006,2020-06-17 13:56:57.200,2861.0000,17494,0,12224059440.000,0,-,-,-,-,2861.0000,2860.8000,2860.6000,2860.4000,2860.2000,2861.4000,2861.6000,2861.8000,2862.0000,2862.6000,1,6,1,3,1,3,1,2,2,2
SF,IH2006,2020-06-17 13:56:57.700,2861.0000,17494,0,12224059440.000,0,-,-,-,-,2860.8000,2860.6000,2860.4000,2860.2000,2860.0000,2861.0000,2861.4000,2861.6000,2861.8000,2862.0000,6,1,3,1,15,1,3,1,2,2
SF,IH2006,2020-06-17 13:56:58.200,2861.0000,17494,0,12224917740.000,1,0,1,空换,B,2861.0000,2860.8000,2860.6000,2860.4000,2860.2000,2861.4000,2861.6000,2861.8000,2862.0000,2862.6000,6,6,1,2,1,3,1,2,2,2
SF,IH2006,2020-06-17 13:56:58.700,2861.0000,17494,0,12224917740.000,0,-,-,-,-,2861.0000,2860.8000,2860.6000,2860.4000,2860.2000,2861.4000,2861.6000,2861.8000,2862.0000,2862.6000,4,6,1,2,1,3,1,2,2,2
SF,IH2006,2020-06-17 13:56:59.200,2861.0000,17494,0,12224917740.000,0,-,-,-,-,2861.0000,2860.8000,2860.6000,2860.4000,2860.2000,2861.4000,2861.6000,2861.8000,2862.0000,2862.6000,4,5,1,2,1,3,1,2,2,2
SF,IH2006,2020-06-17 13:56:59.700,2861.0000,17494,0,12224917740.000,0,-,-,-,-,2861.2000,2861.0000,2860.8000,2860.6000,2860.4000,2861.4000,2861.6000,2861.8000,2862.0000,2862.6000,3,5,5,1,2,3,1,2,2,2
SF,IH2006,2020-06-17 13:57:01.200,2861.0000,17494,0,12224917740.000,0,-,-,-,-,2861.2000,2861.0000,2860.8000,2860.6000,2860.4000,2861.4000,2861.6000,2861.8000,2862.0000,2862.6000,3,4,5,1,2,3,1,2,2,2
SF,IH2006,2020-06-17 13:57:01.700,2861.0000,17494,0,12224917740.000,0,-,-,-,-,2861.2000,2861.0000,2860.8000,2860.6000,2860.4000,2861.4000,2861.6000,2861.8000,2862.0000,2862.6000,3,4,5,1,2,2,1,2,2,2
SF,IH2006,2020-06-17 13:57:02.200,2861.4000,17494,0,12226634580.000,2,1,1,空换,B,2861.4000,2861.2000,2861.0000,2860.8000,2860.6000,2861.6000,2861.8000,2862.0000,2862.6000,2862.8000,1,3,4,5,1,1,2,2,2,7
SF,IH2006,2020-06-17 13:57:04.700,2861.6000,17495,1,12227493060.000,1,1,0,双开,B,2861.6000,2861.4000,2861.2000,2861.0000,2860.8000,2861.8000,2862.0000,2862.6000,2862.8000,2863.0000,6,1,3,3,5,2,2,2,7,5
SF,IH2006,2020-06-17 13:57:05.200,2861.6000,17495,0,12229210020.000,2,1,1,空换,B,2861.4000,2861.2000,2861.0000,2860.8000,2860.6000,2861.6000,2861.8000,2862.0000,2862.6000,2862.8000,1,3,3,5,1,1,3,2,2,7
SF,IH2006,2020-06-17 13:57:05.700,2861.6000,17495,0,12229210020.000,0,-,-,-,-,2861.4000,2861.2000,2861.0000,2860.8000,2860.6000,2861.6000,2861.8000,2862.0000,2862.6000,2862.8000,1,3,3,5,1,2,3,2,2,7
SF,IH2006,2020-06-17 13:57:06.200,2861.6000,17495,0,12229210020.000,0,-,-,-,-,2861.4000,2861.2000,2861.0000,2860.8000,2860.6000,2861.6000,2861.8000,2862.0000,2862.6000,2862.8000,1,3,3,5,1,3,2,2,2,7
SF,IH2006,2020-06-17 13:57:07.200,2861.6000,17495,0,12229210020.000,0,-,-,-,-,2861.2000,2861.0000,2860.8000,2860.6000,2860.4000,2861.6000,2861.8000,2862.0000,2862.6000,2862.8000,3,3,5,1,2,3,2,2,2,7
SF,IH2006,2020-06-17 13:57:07.700,2861.6000,17495,0,12229210020.000,0,-,-,-,-,2861.2000,2861.0000,2860.8000,2860.6000,2860.4000,2861.6000,2861.8000,2862.0000,2862.6000,2862.8000,5,3,5,1,2,2,2,2,2,7
SF,IH2006,2020-06-17 13:57:08.200,2861.6000,17495,0,12229210020.000,0,-,-,-,-,2861.2000,2861.0000,2860.8000,2860.6000,2860.4000,2861.4000,2861.6000,2861.8000,2862.0000,2862.6000,5,3,5,1,2,1,2,2,2,2
SF,IH2006,2020-06-17 13:57:08.700,2861.4000,17496,1,12230068440.000,1,1,0,双开,B,2861.2000,2861.0000,2860.8000,2860.6000,2860.4000,2861.4000,2861.6000,2861.8000,2862.0000,2862.6000,5,3,5,1,2,1,1,2,2,2
SF,IH2006,2020-06-17 13:57:10.200,2861.4000,17495,-1,12230926860.000,1,0,1,双平,B,2861.4000,2861.2000,2861.0000,2860.8000,2860.6000,2861.6000,2861.8000,2862.0000,2862.6000,2862.8000,1,5,3,5,1,1,2,2,2,7
SF,IH2006,2020-06-17 13:57:10.700,2861.6000,17496,1,12231785340.000,1,1,0,双开,B,2861.4000,2861.2000,2861.0000,2860.8000,2860.6000,2861.8000,2862.0000,2862.6000,2862.8000,2863.0000,3,2,3,5,1,2,2,2,7,5
SF,IH2006,2020-06-17 13:57:11.200,2861.6000,17496,0,12231785340.000,0,-,-,-,-,2861.6000,2861.4000,2861.2000,2861.0000,2860.8000,2861.8000,2862.0000,2862.6000,2862.8000,2863.0000,1,3,2,3,5,2,2,2,7,5
SF,IH2006,2020-06-17 13:57:13.700,2861.6000,17496,0,12231785340.000,0,-,-,-,-,2861.6000,2861.4000,2861.2000,2861.0000,2860.8000,2861.8000,2862.0000,2862.6000,2862.8000,2863.0000,1,2,2,3,5,2,2,2,7,5
SF,IH2006,2020-06-17 13:57:15.700,2861.6000,17496,0,12231785340.000,0,-,-,-,-,2861.6000,2861.4000,2861.2000,2861.0000,2860.8000,2861.8000,2862.0000,2862.6000,2862.8000,2863.0000,1,2,2,3,5,2,4,2,7,5
SF,IH2006,2020-06-17 13:57:17.700,2861.8000,17495,-1,12232643880.000,1,0,1,双平,B,2861.6000,2861.4000,2861.2000,2861.0000,2860.8000,2861.8000,2862.0000,2862.6000,2862.8000,2863.0000,1,2,2,3,5,1,4,2,7,5
SF,IH2006,2020-06-17 13:57:18.200,2861.8000,17496,1,12233502420.000,1,1,0,双开,B,2861.6000,2861.4000,2861.2000,2861.0000,2860.8000,2862.0000,2862.6000,2862.8000,2863.0000,2863.2000,1,2,2,3,5,4,2,7,5,1
SF,IH2006,2020-06-17 13:57:18.700,2861.8000,17496,0,12233502420.000,0,-,-,-,-,2861.6000,2861.4000,2861.2000,2861.0000,2860.8000,2862.0000,2862.6000,2862.8000,2863.0000,2863.2000,1,2,2,3,5,3,2,7,5,1
SF,IH2006,2020-06-17 13:57:19.700,2861.8000,17496,0,12233502420.000,0,-,-,-,-,2861.6000,2861.4000,2861.2000,2861.0000,2860.8000,2862.0000,2862.6000,2862.8000,2863.0000,2863.2000,1,2,3,3,5,3,2,7,5,1
SF,IH2006,2020-06-17 13:57:21.700,2861.8000,17496,0,12233502420.000,0,-,-,-,-,2861.6000,2861.4000,2861.2000,2861.0000,2860.8000,2862.0000,2862.6000,2862.8000,2863.0000,2863.2000,1,2,3,2,5,3,2,7,5,1
SF,IH2006,2020-06-17 13:57:22.700,2861.6000,17496,0,12234360900.000,1,0,1,空换,B,2861.4000,2861.2000,2861.0000,2860.8000,2860.4000,2862.0000,2862.6000,2862.8000,2863.0000,2863.2000,2,3,2,5,1,3,2,7,5,1
SF,IH2006,2020-06-17 13:57:23.200,2861.6000,17496,0,12235219380.000,1,0,1,空换,B,2861.4000,2861.2000,2861.0000,2860.8000,2860.4000,2861.6000,2862.0000,2862.6000,2862.8000,2863.0000,3,3,2,5,1,1,4,2,7,5
SF,IH2006,2020-06-17 13:57:23.700,2861.6000,17496,0,12235219380.000,0,-,-,-,-,2861.2000,2861.0000,2860.8000,2860.4000,2860.2000,2861.6000,2862.0000,2862.6000,2862.8000,2863.0000,3,2,5,1,1,1,4,2,7,5
SF,IH2006,2020-06-17 13:57:24.200,2861.6000,17496,0,12235219380.000,0,-,-,-,-,2861.4000,2861.2000,2861.0000,2860.8000,2860.4000,2862.0000,2862.6000,2862.8000,2863.0000,2863.2000,1,3,2,5,1,4,2,7,5,1
SF,IH2006,2020-06-17 13:57:24.700,2861.6000,17496,0,12235219380.000,0,-,-,-,-,2861.4000,2861.2000,2861.0000,2860.8000,2860.4000,2861.8000,2862.0000,2862.6000,2862.8000,2863.0000,2,3,2,5,1,3,4,2,7,5
SF,IH2006,2020-06-17 13:57:25.200,2861.6000,17496,0,12235219380.000,0,-,-,-,-,2861.6000,2861.4000,2861.2000,2861.0000,2860.8000,2861.8000,2862.0000,2862.6000,2862.8000,2863.0000,1,1,3,2,5,1,4,2,7,5
SF,IH2006,2020-06-17 13:57:26.200,2861.6000,17496,0,12235219380.000,0,-,-,-,-,2861.4000,2861.2000,2861.0000,2860.8000,2860.4000,2861.8000,2862.0000,2862.6000,2862.8000,2863.0000,1,3,2,5,1,1,4,2,7,5
SF,IH2006,2020-06-17 13:57:26.700,2861.8000,17497,1,12236077920.000,1,1,0,双开,B,2861.4000,2861.2000,2861.0000,2860.8000,2860.4000,2862.0000,2862.6000,2862.8000,2863.0000,2863.2000,1,3,2,5,1,4,2,7,5,1
SF,IH2006,2020-06-17 13:57:27.200,2861.8000,17497,0,12236077920.000,0,-,-,-,-,2861.4000,2861.2000,2861.0000,2860.8000,2860.4000,2862.0000,2862.6000,2862.8000,2863.0000,2863.2000,3,3,2,5,1,4,2,7,5,1
SF,IH2006,2020-06-17 13:57:27.700,2861.8000,17497,0,12236077920.000,0,-,-,-,-,2861.6000,2861.4000,2861.2000,2861.0000,2860.8000,2862.0000,2862.6000,2862.8000,2863.0000,2863.2000,1,2,3,2,5,4,2,7,5,1
SF,IH2006,2020-06-17 13:57:30.700,2861.8000,17497,0,12236077920.000,0,-,-,-,-,2861.4000,2861.2000,2861.0000,2860.8000,2860.4000,2862.0000,2862.6000,2862.8000,2863.0000,2863.2000,2,3,2,5,1,4,2,7,5,1
SF,IH2006,2020-06-17 13:57:34.200,2861.8000,17497,0,12236077920.000,0,-,-,-,-,2861.4000,2861.2000,2861.0000,2860.8000,2860.4000,2861.8000,2862.0000,2862.6000,2862.8000,2863.0000,2,3,2,5,1,1,4,2,7,5
SF,IH2006,2020-06-17 13:57:34.700,2862.0000,17496,-1,12238653660.000,3,1,2,空平,B,2861.6000,2861.4000,2861.2000,2861.0000,2860.8000,2862.0000,2862.6000,2862.8000,2863.0000,2863.2000,2,2,3,2,5,2,2,7,5,1
SF,IH2006,2020-06-17 13:57:35.200,2862.0000,17496,0,12238653660.000,0,-,-,-,-,2861.6000,2861.4000,2861.2000,2861.0000,2860.8000,2861.8000,2862.0000,2862.6000,2862.8000,2863.0000,3,2,3,2,5,1,1,2,7,5
SF,IH2006,2020-06-17 13:57:35.700,2862.0000,17496,0,12238653660.000,0,-,-,-,-,2861.6000,2861.4000,2861.2000,2861.0000,2860.8000,2861.8000,2862.0000,2862.6000,2862.8000,2863.0000,3,2,3,2,5,1,1,2,7,5
SF,IH2006,2020-06-17 13:57:37.200,2862.0000,17496,0,12238653660.000,0,-,-,-,-,2861.6000,2861.4000,2861.2000,2861.0000,2860.8000,2861.8000,2862.0000,2862.6000,2862.8000,2863.0000,4,2,3,2,5,1,1,2,7,5
SF,IH2006,2020-06-17 13:57:37.700,2862.0000,17496,0,12238653660.000,0,-,-,-,-,2861.6000,2861.4000,2861.2000,2861.0000,2860.8000,2861.8000,2862.0000,2862.6000,2862.8000,2863.0000,3,2,3,2,5,1,1,2,7,5
SF,IH2006,2020-06-17 13:57:39.200,2861.6000,17495,-1,12241229100.000,3,1,2,空平,B,2861.4000,2861.2000,2861.0000,2860.8000,2860.6000,2861.6000,2861.8000,2862.0000,2862.6000,2862.8000,2,3,2,5,1,1,1,1,2,7
SF,IH2006,2020-06-17 13:57:40.200,2861.6000,17495,0,12242087580.000,1,0,1,空换,B,2861.6000,2861.4000,2861.2000,2861.0000,2860.8000,2861.8000,2862.0000,2862.6000,2862.8000,2863.0000,10,2,3,2,5,1,1,2,7,5
SF,IH2006,2020-06-17 13:57:40.700,2862.0000,17495,0,12243804720.000,2,1,1,空换,B,2862.0000,2861.8000,2861.6000,2861.4000,2861.2000,2862.6000,2862.8000,2863.0000,2863.2000,2863.4000,3,12,4,2,3,2,7,5,1,1
SF,IH2006,2020-06-17 13:57:41.200,2862.0000,17495,0,12243804720.000,0,-,-,-,-,2861.8000,2861.6000,2861.4000,2861.2000,2861.0000,2862.0000,2862.4000,2862.6000,2862.8000,2863.0000,4,4,2,3,2,3,1,3,8,5
SF,IH2006,2020-06-17 13:57:41.700,2862.0000,17495,0,12243804720.000,0,-,-,-,-,2861.8000,2861.6000,2861.4000,2861.2000,2861.0000,2862.0000,2862.4000,2862.6000,2862.8000,2863.0000,4,4,2,3,2,2,1,3,8,5
SF,IH2006,2020-06-17 13:57:42.200,2862.0000,17495,0,12243804720.000,0,-,-,-,-,2861.8000,2861.6000,2861.4000,2861.2000,2861.0000,2862.0000,2862.4000,2862.6000,2862.8000,2863.0000,4,4,2,3,2,2,1,3,8,5
SF,IH2006,2020-06-17 13:57:42.700,2861.8000,17496,1,12245521800.000,2,1,1,多开,B,2861.8000,2861.6000,2861.4000,2861.2000,2861.0000,2862.0000,2862.4000,2862.6000,2862.8000,2863.0000,2,4,2,3,2,2,1,3,8,5
SF,IH2006,2020-06-17 13:57:43.200,2861.8000,17496,0,12245521800.000,0,-,-,-,-,2861.6000,2861.4000,2861.2000,2861.0000,2860.8000,2862.0000,2862.4000,2862.6000,2862.8000,2863.0000,4,2,3,2,1,2,1,3,7,5
SF,IH2006,2020-06-17 13:57:43.700,2861.8000,17496,0,12245521800.000,0,-,-,-,-,2861.6000,2861.4000,2861.2000,2861.0000,2860.6000,2862.0000,2862.4000,2862.6000,2862.8000,2863.0000,5,2,3,2,1,2,1,3,7,5
SF,IH2006,2020-06-17 13:57:44.200,2861.8000,17496,0,12245521800.000,0,-,-,-,-,2861.6000,2861.4000,2861.2000,2861.0000,2860.6000,2862.0000,2862.6000,2862.8000,2863.0000,2863.2000,5,2,3,2,1,2,3,7,5,1
SF,IH2006,2020-06-17 13:57:45.700,2861.8000,17496,0,12245521800.000,0,-,-,-,-,2861.6000,2861.4000,2861.2000,2861.0000,2860.6000,2862.0000,2862.6000,2862.8000,2863.0000,2863.2000,5,2,3,2,1,3,3,7,5,1
SF,IH2006,2020-06-17 13:57:46.700,2861.8000,17496,0,12245521800.000,0,-,-,-,-,2861.8000,2861.6000,2861.4000,2861.2000,2861.0000,2862.0000,2862.6000,2862.8000,2863.0000,2863.2000,2,5,2,3,2,3,3,7,5,1
SF,IH2006,2020-06-17 13:57:47.200,2862.0000,17496,0,12246380400.000,1,0,1,空换,B,2861.8000,2861.6000,2861.4000,2861.2000,2861.0000,2862.0000,2862.6000,2862.8000,2863.0000,2863.2000,2,5,2,3,2,2,3,7,5,1
SF,IH2006,2020-06-17 13:57:47.700,2862.0000,17495,-1,12248956200.000,3,1,2,空平,B,2861.8000,2861.6000,2861.4000,2861.2000,2861.0000,2862.6000,2862.8000,2863.0000,2863.2000,2863.4000,3,5,2,2,2,3,7,5,1,1
SF,IH2006,2020-06-17 13:57:48.200,2862.0000,17495,0,12248956200.000,0,-,-,-,-,2861.8000,2861.6000,2861.4000,2861.2000,2861.0000,2862.4000,2862.6000,2862.8000,2863.0000,2863.2000,3,5,2,2,2,7,3,7,5,1
SF,IH2006,2020-06-17 13:57:48.700,2861.8000,17494,-1,12249814740.000,1,0,1,双平,B,2861.8000,2861.6000,2861.4000,2861.2000,2861.0000,2862.4000,2862.6000,2862.8000,2863.0000,2863.2000,2,5,2,2,2,7,3,7,5,1
SF,IH2006,2020-06-17 13:57:49.200,2861.8000,17494,0,12249814740.000,0,-,-,-,-,2861.8000,2861.6000,2861.4000,2861.2000,2861.0000,2862.4000,2862.6000,2862.8000,2863.0000,2863.2000,1,5,2,2,2,7,3,7,5,1
SF,IH2006,2020-06-17 13:57:49.700,2861.8000,17494,0,12249814740.000,0,-,-,-,-,2862.0000,2861.8000,2861.6000,2861.4000,2861.2000,2862.4000,2862.6000,2862.8000,2863.0000,2863.2000,1,2,5,2,2,7,3,7,5,1
SF,IH2006,2020-06-17 13:57:50.200,2862.4000,17494,0,12250673460.000,1,0,1,空换,B,2862.0000,2861.8000,2861.6000,2861.4000,2861.2000,2862.2000,2862.4000,2862.6000,2862.8000,2863.0000,1,2,5,2,2,1,6,3,7,5
SF,IH2006,2020-06-17 13:57:50.700,2862.0000,17494,0,12252390720.000,2,1,1,空换,B,2861.8000,2861.6000,2861.4000,2861.2000,2861.0000,2862.4000,2862.6000,2862.8000,2863.0000,2863.2000,2,5,2,2,2,6,3,7,5,1
SF,IH2006,2020-06-17 13:57:51.200,2862.0000,17494,0,12252390720.000,0,-,-,-,-,2861.8000,2861.6000,2861.4000,2861.2000,2861.0000,2862.4000,2862.6000,2862.8000,2863.0000,2863.2000,3,5,2,2,2,6,3,7,5,1
SF,IH2006,2020-06-17 13:57:51.700,2862.0000,17494,0,12252390720.000,0,-,-,-,-,2862.0000,2861.8000,2861.6000,2861.4000,2861.2000,2862.4000,2862.6000,2862.8000,2863.0000,2863.2000,6,3,5,2,2,6,3,7,5,1
SF,IH2006,2020-06-17 13:57:52.700,2862.4000,17498,4,12255825600.000,4,4,0,双开,B,2862.0000,2861.8000,2861.6000,2861.4000,2861.2000,2862.4000,2862.6000,2862.8000,2863.0000,2863.2000,6,3,5,2,2,2,3,7,5,1
SF,IH2006,2020-06-17 13:57:53.200,2862.4000,17498,0,12255825600.000,0,-,-,-,-,2862.2000,2862.0000,2861.8000,2861.6000,2861.4000,2862.4000,2862.6000,2862.8000,2863.0000,2863.2000,1,8,3,5,1,2,2,7,5,1
SF,IH2006,2020-06-17 13:57:53.700,2862.2000,17498,0,12256684260.000,1,0,1,空换,B,2862.0000,2861.8000,2861.6000,2861.4000,2861.2000,2862.2000,2862.4000,2862.6000,2862.8000,2863.0000,8,3,5,1,2,1,2,2,7,5
SF,IH2006,2020-06-17 13:57:54.200,2862.0000,17499,1,12257542860.000,1,1,0,双开,B,2862.0000,2861.8000,2861.6000,2861.4000,2861.2000,2862.2000,2862.4000,2862.6000,2862.8000,2863.0000,7,3,1,1,2,1,2,2,7,5
SF,IH2006,2020-06-17 13:57:54.700,2862.0000,17500,1,12258401460.000,1,1,0,双开,B,2862.0000,2861.8000,2861.6000,2861.4000,2861.2000,2862.4000,2862.6000,2862.8000,2863.0000,2863.2000,5,3,1,1,2,2,2,7,5,1
SF,IH2006,2020-06-17 13:57:55.200,2862.0000,17500,0,12258401460.000,0,-,-,-,-,2862.0000,2861.8000,2861.6000,2861.4000,2861.2000,2862.4000,2862.6000,2862.8000,2863.0000,2863.4000,4,3,1,1,2,2,2,7,5,1
SF,IH2006,2020-06-17 13:57:55.700,2862.0000,17500,0,12258401460.000,0,-,-,-,-,2862.0000,2861.8000,2861.6000,2861.4000,2861.2000,2862.2000,2862.4000,2862.6000,2862.8000,2863.0000,4,3,1,1,2,1,2,2,7,5
SF,IH2006,2020-06-17 13:57:57.200,2862.0000,17500,0,12258401460.000,0,-,-,-,-,2862.0000,2861.8000,2861.6000,2861.4000,2861.2000,2862.4000,2862.6000,2862.8000,2863.0000,2863.4000,4,3,1,1,2,2,2,7,5,1
SF,IH2006,2020-06-17 13:57:57.700,2862.0000,17500,0,12258401460.000,0,-,-,-,-,2862.0000,2861.8000,2861.6000,2861.4000,2861.2000,2862.4000,2862.6000,2862.8000,2863.0000,2863.4000,5,3,1,1,2,2,2,7,5,1
SF,IH2006,2020-06-17 13:57:58.200,2862.0000,17500,0,12258401460.000,0,-,-,-,-,2862.2000,2862.0000,2861.8000,2861.6000,2861.4000,2862.4000,2862.6000,2862.8000,2863.0000,2863.4000,1,5,3,1,1,2,2,7,5,1
SF,IH2006,2020-06-17 13:57:59.700,2862.2000,17501,1,12259260120.000,1,1,0,双开,B,2862.0000,2861.8000,2861.6000,2861.4000,2861.2000,2862.4000,2862.6000,2862.8000,2863.0000,2863.4000,5,3,1,1,2,2,2,7,5,1
SF,IH2006,2020-06-17 13:58:00.200,2862.4000,17501,0,12260118840.000,1,0,1,空换,B,2862.0000,2861.8000,2861.6000,2861.4000,2861.2000,2862.4000,2862.6000,2862.8000,2863.0000,2863.4000,5,3,1,1,2,2,2,7,5,1
SF,IH2006,2020-06-17 13:58:01.200,2862.4000,17501,0,12260118840.000,0,-,-,-,-,2862.0000,2861.8000,2861.6000,2861.4000,2861.2000,2862.2000,2862.4000,2862.6000,2862.8000,2863.0000,5,4,1,1,2,1,2,2,7,5
SF,IH2006,2020-06-17 13:58:01.700,2862.2000,17502,1,12260977500.000,1,1,0,双开,B,2862.0000,2861.8000,2861.6000,2861.4000,2861.2000,2862.4000,2862.6000,2862.8000,2863.0000,2863.4000,7,7,1,1,2,2,2,7,5,1
SF,IH2006,2020-06-17 13:58:02.200,2862.4000,17504,2,12262694940.000,2,2,0,双开,B,2862.0000,2861.8000,2861.6000,2861.4000,2861.2000,2862.6000,2862.8000,2863.0000,2863.4000,2863.6000,8,7,1,1,2,2,7,5,1,2
SF,IH2006,2020-06-17 13:58:02.700,2862.4000,17504,0,12262694940.000,0,-,-,-,-,2862.0000,2861.8000,2861.6000,2861.4000,2861.2000,2862.6000,2862.8000,2863.0000,2863.4000,2863.6000,11,7,1,1,2,2,7,5,1,2
SF,IH2006,2020-06-17 13:58:03.200,2862.4000,17504,0,12262694940.000,0,-,-,-,-,2862.0000,2861.8000,2861.6000,2861.4000,2861.2000,2862.6000,2862.8000,2863.0000,2863.4000,2863.6000,11,8,1,1,2,2,7,5,1,2
SF,IH2006,2020-06-17 13:58:03.700,2862.4000,17504,0,12262694940.000,0,-,-,-,-,2862.2000,2862.0000,2861.8000,2861.6000,2861.4000,2862.6000,2862.8000,2863.0000,2863.4000,2863.6000,1,11,8,1,1,2,7,5,1,2
SF,IH2006,2020-06-17 13:58:04.200,2862.2000,17504,0,12263553600.000,1,0,1,空换,B,2862.2000,2862.0000,2861.8000,2861.6000,2861.4000,2862.6000,2862.8000,2863.0000,2863.4000,2863.6000,1,7,8,1,1,2,7,5,1,2
SF,IH2006,2020-06-17 13:58:05.200,2862.2000,17504,0,12263553600.000,0,-,-,-,-,2862.2000,2862.0000,2861.8000,2861.6000,2861.4000,2862.6000,2862.8000,2863.0000,2863.4000,2863.6000,1,8,8,1,1,1,7,5,1,3
SF,IH2006,2020-06-17 13:58:05.700,2862.2000,17504,0,12263553600.000,0,-,-,-,-,2862.0000,2861.8000,2861.6000,2861.4000,2861.2000,2862.4000,2862.6000,2862.8000,2863.0000,2863.4000,8,8,1,1,1,2,1,7,5,1
SF,IH2006,2020-06-17 13:58:06.200,2862.4000,17505,1,12264412320.000,1,1,0,双开,B,2862.0000,2861.8000,2861.6000,2861.4000,2861.2000,2862.4000,2862.6000,2862.8000,2863.0000,2863.4000,8,8,1,1,1,1,1,7,7,1
SF,IH2006,2020-06-17 13:58:06.700,2862.4000,17505,0,12264412320.000,0,-,-,-,-,2862.0000,2861.8000,2861.6000,2861.4000,2861.2000,2862.6000,2862.8000,2863.0000,2863.4000,2863.6000,8,8,1,1,1,1,7,7,1,2
SF,IH2006,2020-06-17 13:58:07.200,2862.4000,17505,0,12264412320.000,0,-,-,-,-,2862.0000,2861.8000,2861.6000,2861.4000,2861.2000,2862.2000,2862.6000,2862.8000,2863.0000,2863.4000,8,8,1,1,1,1,1,7,7,1
SF,IH2006,2020-06-17 13:58:07.700,2862.2000,17505,0,12265270980.000,1,0,1,空换,B,2862.2000,2862.0000,2861.8000,2861.6000,2861.2000,2862.6000,2862.8000,2863.0000,2863.4000,2863.6000,6,8,8,1,1,1,7,7,1,2
SF,IH2006,2020-06-17 13:58:08.200,2862.2000,17505,0,12266129640.000,1,0,1,空换,B,2862.2000,2862.0000,2861.8000,2861.6000,2861.2000,2862.6000,2862.8000,2863.0000,2863.4000,2863.6000,1,8,8,1,1,2,7,7,1,2
SF,IH2006,2020-06-17 13:58:08.700,2862.2000,17505,0,12266129640.000,0,-,-,-,-,2862.4000,2862.2000,2862.0000,2861.8000,2861.6000,2862.6000,2862.8000,2863.0000,2863.4000,2863.6000,2,1,8,8,1,7,7,7,1,2
SF,IH2006,2020-06-17 13:58:09.200,2862.4000,17507,2,12267847080.000,2,2,0,双开,B,2862.2000,2862.0000,2861.8000,2861.6000,2861.2000,2862.4000,2862.6000,2862.8000,2863.0000,2863.4000,1,8,8,1,1,3,7,7,7,1
SF,IH2006,2020-06-17 13:58:09.700,2862.2000,17506,-1,12269564460.000,2,0,2,空平,B,2862.0000,2861.8000,2861.6000,2861.2000,2861.0000,2862.4000,2862.6000,2862.8000,2863.0000,2863.4000,8,8,1,1,1,2,7,7,7,1
SF,IH2006,2020-06-17 13:58:10.200,2862.4000,17505,-1,12270423180.000,1,0,1,双平,B,2862.0000,2861.8000,2861.6000,2861.2000,2861.0000,2862.4000,2862.6000,2862.8000,2863.0000,2863.4000,8,8,1,1,1,1,7,7,7,1
SF,IH2006,2020-06-17 13:58:13.200,2862.4000,17504,-1,12271281900.000,1,0,1,双平,B,2862.4000,2862.2000,2862.0000,2861.8000,2861.6000,2862.6000,2862.8000,2863.0000,2863.4000,2863.6000,2,4,8,8,1,7,7,7,1,2
SF,IH2006,2020-06-17 13:58:13.700,2862.2000,17504,0,12273858000.000,3,1,2,空换,B,2862.2000,2862.0000,2861.8000,2861.6000,2861.2000,2862.4000,2862.6000,2862.8000,2863.0000,2863.4000,3,8,8,1,1,4,7,7,7,1
SF,IH2006,2020-06-17 13:58:14.200,2862.2000,17502,-2,12276434040.000,3,0,3,空平,B,2862.2000,2862.0000,2861.8000,2861.6000,2861.2000,2862.6000,2862.8000,2863.0000,2863.4000,2863.6000,1,8,8,1,1,7,7,7,1,2
SF,IH2006,2020-06-17 13:58:14.700,2862.2000,17502,0,12276434040.000,0,-,-,-,-,2862.2000,2862.0000,2861.8000,2861.6000,2861.2000,2862.6000,2862.8000,2863.0000,2863.4000,2863.6000,1,8,8,1,1,8,7,7,1,2
SF,IH2006,2020-06-17 13:58:16.700,2862.2000,17502,0,12276434040.000,0,-,-,-,-,2862.2000,2862.0000,2861.8000,2861.6000,2861.2000,2862.6000,2862.8000,2863.0000,2863.4000,2863.6000,1,8,7,1,1,8,7,7,1,2
SF,IH2006,2020-06-17 13:58:17.200,2862.2000,17502,0,12276434040.000,0,-,-,-,-,2862.2000,2862.0000,2861.8000,2861.6000,2861.2000,2862.6000,2862.8000,2863.0000,2863.4000,2863.6000,1,9,7,1,1,8,7,7,1,2
SF,IH2006,2020-06-17 13:58:17.700,2862.2000,17502,0,12276434040.000,0,-,-,-,-,2862.2000,2862.0000,2861.8000,2861.6000,2861.2000,2862.4000,2862.6000,2862.8000,2863.0000,2863.4000,1,9,7,1,1,1,8,7,7,1
SF,IH2006,2020-06-17 13:58:20.200,2862.2000,17502,0,12276434040.000,0,-,-,-,-,2862.2000,2862.0000,2861.8000,2861.6000,2861.2000,2862.4000,2862.6000,2862.8000,2863.0000,2863.4000,1,9,7,1,1,1,8,7,7,1
SF,IH2006,2020-06-17 13:58:20.700,2862.2000,17502,0,12276434040.000,0,-,-,-,-,2862.2000,2862.0000,2861.8000,2861.6000,2861.2000,2862.4000,2862.6000,2862.8000,2863.0000,2863.4000,1,7,7,1,1,1,8,7,7,1
SF,IH2006,2020-06-17 13:58:21.700,2862.2000,17502,0,12277292700.000,1,0,1,空换,B,2862.0000,2861.8000,2861.6000,2861.2000,2861.0000,2862.2000,2862.4000,2862.6000,2862.8000,2863.0000,7,7,1,1,1,1,1,8,7,7
SF,IH2006,2020-06-17 13:58:22.200,2862.0000,17502,0,12278151300.000,1,0,1,空换,B,2862.0000,2861.8000,2861.6000,2861.2000,2861.0000,2862.4000,2862.6000,2862.8000,2863.0000,2863.4000,6,7,1,1,1,2,8,7,7,1
SF,IH2006,2020-06-17 13:58:25.700,2862.0000,17502,0,12278151300.000,0,-,-,-,-,2862.0000,2861.8000,2861.6000,2861.2000,2861.0000,2862.2000,2862.4000,2862.6000,2862.8000,2863.0000,6,7,1,1,1,1,2,3,7,7
SF,IH2006,2020-06-17 13:58:26.200,2862.2000,17503,1,12279009960.000,1,1,0,双开,B,2862.0000,2861.8000,2861.6000,2861.2000,2861.0000,2862.4000,2862.6000,2862.8000,2863.0000,2863.4000,6,7,1,1,1,2,3,7,7,1
SF,IH2006,2020-06-17 13:58:26.700,2862.0000,17503,0,12279868560.000,1,0,1,空换,B,2862.0000,2861.8000,2861.6000,2861.2000,2861.0000,2862.4000,2862.6000,2862.8000,2863.0000,2863.4000,5,7,1,1,1,3,3,7,7,1
SF,IH2006,2020-06-17 13:58:27.200,2862.0000,17503,0,12279868560.000,0,-,-,-,-,2862.0000,2861.8000,2861.6000,2861.2000,2861.0000,2862.2000,2862.4000,2862.6000,2862.8000,2863.0000,5,7,1,1,1,1,3,3,7,7
SF,IH2006,2020-06-17 13:58:28.700,2862.0000,17503,0,12280727160.000,1,0,1,空换,B,2862.0000,2861.8000,2861.6000,2861.2000,2861.0000,2862.2000,2862.4000,2862.6000,2862.8000,2863.0000,4,7,1,1,1,1,3,3,7,7
SF,IH2006,2020-06-17 13:58:29.200,2862.0000,17503,0,12282444360.000,2,1,1,空换,B,2862.0000,2861.8000,2861.6000,2861.2000,2861.0000,2862.2000,2862.4000,2862.6000,2862.8000,2863.0000,2,6,1,1,1,1,3,3,7,7
SF,IH2006,2020-06-17 13:58:32.200,2862.0000,17503,0,12282444360.000,0,-,-,-,-,2862.0000,2861.8000,2861.6000,2861.2000,2861.0000,2862.2000,2862.4000,2862.6000,2862.8000,2863.0000,2,6,1,1,1,1,4,3,7,7
SF,IH2006,2020-06-17 13:58:33.200,2862.0000,17503,0,12282444360.000,0,-,-,-,-,2862.0000,2861.8000,2861.6000,2861.2000,2861.0000,2862.2000,2862.4000,2862.6000,2862.8000,2863.0000,2,6,1,1,1,1,4,3,7,5
SF,IH2006,2020-06-17 13:58:34.200,2862.2000,17502,-1,12283303020.000,1,0,1,双平,B,2862.2000,2862.0000,2861.8000,2861.6000,2861.2000,2862.4000,2862.6000,2862.8000,2863.0000,2863.4000,2,2,6,1,1,4,3,7,5,1
SF,IH2006,2020-06-17 13:58:34.700,2862.2000,17502,0,12285020340.000,2,1,1,空换,B,2862.0000,2861.8000,2861.6000,2861.2000,2861.0000,2862.2000,2862.4000,2862.6000,2862.8000,2863.0000,2,6,1,1,1,3,3,3,7,5
SF,IH2006,2020-06-17 13:58:35.200,2862.2000,17502,0,12285020340.000,0,-,-,-,-,2862.0000,2861.8000,2861.6000,2861.2000,2861.0000,2862.2000,2862.4000,2862.6000,2862.8000,2863.0000,2,6,1,1,1,8,3,3,7,5
SF,IH2006,2020-06-17 13:58:36.200,2862.0000,17500,-2,12286737540.000,2,0,2,双平,B,2861.8000,2861.6000,2861.2000,2861.0000,2860.8000,2862.0000,2862.2000,2862.4000,2862.6000,2862.8000,6,1,1,1,1,5,8,3,3,7
SF,IH2006,2020-06-17 13:58:36.700,2862.0000,17500,0,12286737540.000,0,-,-,-,-,2861.8000,2861.2000,2861.0000,2860.8000,2860.6000,2862.0000,2862.2000,2862.4000,2862.6000,2862.8000,6,1,1,1,1,3,8,3,3,7
SF,IH2006,2020-06-17 13:58:37.200,2862.0000,17500,0,12286737540.000,0,-,-,-,-,2861.8000,2861.2000,2861.0000,2860.8000,2860.6000,2862.0000,2862.2000,2862.4000,2862.6000,2862.8000,6,1,1,1,1,3,8,3,3,7
SF,IH2006,2020-06-17 13:58:39.200,2862.0000,17500,0,12286737540.000,0,-,-,-,-,2861.8000,2861.2000,2861.0000,2860.8000,2860.6000,2862.0000,2862.2000,2862.4000,2862.6000,2862.8000,6,1,1,1,1,2,8,3,3,7
SF,IH2006,2020-06-17 13:58:39.700,2862.0000,17500,0,12286737540.000,0,-,-,-,-,2861.8000,2861.2000,2861.0000,2860.8000,2860.6000,2862.0000,2862.2000,2862.4000,2862.6000,2862.8000,6,1,1,1,1,1,8,3,3,7
SF,IH2006,2020-06-17 13:58:42.200,2862.0000,17500,0,12286737540.000,0,-,-,-,-,2861.8000,2861.2000,2861.0000,2860.8000,2860.6000,2862.0000,2862.2000,2862.4000,2862.6000,2862.8000,6,1,1,2,1,1,8,4,2,7
SF,IH2006,2020-06-17 13:58:42.700,2862.0000,17500,0,12287596140.000,1,0,1,空换,B,2861.8000,2861.2000,2861.0000,2860.8000,2860.6000,2862.2000,2862.4000,2862.6000,2862.8000,2863.0000,6,1,1,2,1,7,4,2,7,5
SF,IH2006,2020-06-17 13:58:43.200,2862.0000,17500,0,12287596140.000,0,-,-,-,-,2861.8000,2861.2000,2861.0000,2860.8000,2860.6000,2862.2000,2862.4000,2862.6000,2862.8000,2863.0000,6,1,1,2,1,8,4,2,7,5
SF,IH2006,2020-06-17 13:58:43.700,2862.0000,17500,0,12287596140.000,0,-,-,-,-,2862.0000,2861.8000,2861.2000,2861.0000,2860.8000,2862.2000,2862.4000,2862.6000,2862.8000,2863.0000,1,6,1,1,2,8,4,2,7,5
SF,IH2006,2020-06-17 13:58:44.700,2862.0000,17500,0,12287596140.000,0,-,-,-,-,2862.0000,2861.8000,2861.2000,2861.0000,2860.8000,2862.2000,2862.4000,2862.6000,2862.8000,2863.0000,5,6,1,1,2,11,4,2,7,5
SF,IH2006,2020-06-17 13:58:45.200,2862.0000,17500,0,12288454740.000,1,0,1,空换,B,2862.0000,2861.8000,2861.2000,2861.0000,2860.8000,2862.2000,2862.4000,2862.6000,2862.8000,2863.0000,4,6,1,1,2,10,4,2,7,5
SF,IH2006,2020-06-17 13:58:46.200,2862.0000,17499,-1,12289313340.000,1,0,1,双平,B,2862.0000,2861.8000,2861.2000,2861.0000,2860.8000,2862.2000,2862.4000,2862.6000,2862.8000,2863.0000,3,6,1,1,2,8,4,2,7,5
SF,IH2006,2020-06-17 13:58:48.200,2862.2000,17500,1,12290172000.000,1,1,0,双开,B,2862.0000,2861.8000,2861.2000,2861.0000,2860.8000,2862.4000,2862.6000,2862.8000,2863.0000,2863.4000,3,6,1,1,2,4,2,7,5,1
SF,IH2006,2020-06-17 13:58:48.700,2862.2000,17500,0,12290172000.000,0,-,-,-,-,2862.0000,2861.8000,2861.2000,2861.0000,2860.8000,2862.4000,2862.6000,2862.8000,2863.0000,2863.4000,5,6,1,1,2,3,2,7,5,1
SF,IH2006,2020-06-17 13:58:51.200,2862.0000,17499,-1,12291030600.000,1,0,1,双平,B,2862.0000,2861.8000,2861.2000,2861.0000,2860.8000,2862.4000,2862.6000,2862.8000,2863.0000,2863.4000,4,6,1,1,2,4,2,7,5,1
SF,IH2006,2020-06-17 13:58:51.700,2862.0000,17499,0,12291030600.000,0,-,-,-,-,2862.0000,2861.8000,2861.2000,2861.0000,2860.8000,2862.4000,2862.6000,2862.8000,2863.0000,2863.4000,2,6,1,1,2,4,2,7,5,1
SF,IH2006,2020-06-17 13:58:53.700,2862.0000,17499,0,12291030600.000,0,-,-,-,-,2862.0000,2861.8000,2861.2000,2861.0000,2860.8000,2862.4000,2862.6000,2862.8000,2863.0000,2863.4000,2,6,1,1,2,4,2,7,5,1
SF,IH2006,2020-06-17 13:58:54.200,2862.0000,17499,0,12291030600.000,0,-,-,-,-,2862.0000,2861.8000,2861.2000,2861.0000,2860.8000,2862.4000,2862.6000,2862.8000,2863.0000,2863.4000,2,6,1,1,2,5,2,7,5,1
SF,IH2006,2020-06-17 13:58:54.700,2862.0000,17499,0,12291030600.000,0,-,-,-,-,2862.0000,2861.8000,2861.2000,2861.0000,2860.8000,2862.4000,2862.6000,2862.8000,2863.0000,2863.4000,2,6,1,1,2,13,2,7,5,1
SF,IH2006,2020-06-17 13:58:55.200,2862.0000,17499,0,12291030600.000,0,-,-,-,-,2862.0000,2861.8000,2861.2000,2861.0000,2860.8000,2862.4000,2862.6000,2862.8000,2863.0000,2863.4000,2,6,1,1,2,14,2,7,5,1
SF,IH2006,2020-06-17 13:58:55.700,2862.0000,17499,0,12291030600.000,0,-,-,-,-,2862.0000,2861.8000,2861.2000,2861.0000,2860.8000,2862.2000,2862.4000,2862.6000,2862.8000,2863.0000,2,6,1,1,2,1,14,2,7,4
SF,IH2006,2020-06-17 13:58:56.700,2862.0000,17499,0,12291030600.000,0,-,-,-,-,2862.0000,2861.8000,2861.2000,2861.0000,2860.8000,2862.2000,2862.4000,2862.6000,2862.8000,2863.0000,2,6,1,1,2,1,13,2,7,4
SF,IH2006,2020-06-17 13:59:00.200,2862.0000,17499,0,12291030600.000,0,-,-,-,-,2862.0000,2861.8000,2861.2000,2861.0000,2860.8000,2862.2000,2862.4000,2862.6000,2862.8000,2863.0000,2,6,1,1,2,1,14,2,7,4
SF,IH2006,2020-06-17 13:59:01.200,2862.0000,17499,0,12291030600.000,0,-,-,-,-,2862.0000,2861.8000,2861.2000,2861.0000,2860.8000,2862.2000,2862.4000,2862.6000,2862.8000,2863.0000,2,6,1,1,2,1,13,2,7,4
SF,IH2006,2020-06-17 13:59:04.200,2862.0000,17499,0,12291030600.000,0,-,-,-,-,2862.0000,2861.8000,2861.2000,2861.0000,2860.8000,2862.2000,2862.4000,2862.6000,2862.8000,2863.0000,2,6,1,1,2,3,13,2,7,4
SF,IH2006,2020-06-17 13:59:05.200,2862.0000,17499,0,12291030600.000,0,-,-,-,-,2862.0000,2861.8000,2861.2000,2861.0000,2860.8000,2862.2000,2862.4000,2862.6000,2862.8000,2863.0000,2,6,1,1,2,2,13,2,7,4
SF,IH2006,2020-06-17 13:59:05.700,2862.0000,17499,0,12291030600.000,0,-,-,-,-,2862.0000,2861.8000,2861.2000,2861.0000,2860.8000,2862.2000,2862.4000,2862.6000,2862.8000,2863.0000,2,6,1,1,2,4,13,2,7,4
SF,IH2006,2020-06-17 13:59:06.200,2862.0000,17499,0,12291030600.000,0,-,-,-,-,2862.0000,2861.8000,2861.2000,2861.0000,2860.8000,2862.2000,2862.4000,2862.6000,2862.8000,2863.0000,2,6,1,1,2,4,13,2,7,4
SF,IH2006,2020-06-17 13:59:07.200,2862.0000,17499,0,12291030600.000,0,-,-,-,-,2862.0000,2861.8000,2861.2000,2861.0000,2860.8000,2862.2000,2862.4000,2862.6000,2862.8000,2863.0000,2,6,1,1,2,3,13,2,7,4
SF,IH2006,2020-06-17 13:59:08.200,2862.0000,17499,0,12291030600.000,0,-,-,-,-,2862.0000,2861.8000,2861.2000,2861.0000,2860.8000,2862.2000,2862.4000,2862.6000,2862.8000,2863.0000,2,6,1,1,2,3,13,2,7,4
SF,IH2006,2020-06-17 13:59:08.700,2862.0000,17497,-2,12292747800.000,2,0,2,双平,B,2861.8000,2861.2000,2861.0000,2860.8000,2860.6000,2862.2000,2862.4000,2862.6000,2862.8000,2863.0000,6,1,1,1,1,3,13,2,7,4
SF,IH2006,2020-06-17 13:59:09.200,2862.0000,17497,0,12292747800.000,0,-,-,-,-,2861.8000,2861.2000,2861.0000,2860.8000,2860.6000,2862.2000,2862.4000,2862.6000,2862.8000,2863.0000,6,1,1,1,1,2,13,2,7,4
SF,IH2006,2020-06-17 13:59:09.700,2862.0000,17497,0,12292747800.000,0,-,-,-,-,2861.8000,2861.2000,2861.0000,2860.8000,2860.6000,2862.0000,2862.2000,2862.4000,2862.6000,2862.8000,6,1,1,1,1,1,2,13,2,7
SF,IH2006,2020-06-17 13:59:10.200,2862.0000,17497,0,12292747800.000,0,-,-,-,-,2861.8000,2861.2000,2861.0000,2860.8000,2860.6000,2862.0000,2862.2000,2862.4000,2862.6000,2862.8000,6,1,1,1,1,2,2,13,2,7
SF,IH2006,2020-06-17 13:59:15.700,2861.8000,17496,-1,12293606340.000,1,0,1,双平,B,2861.8000,2861.2000,2861.0000,2860.8000,2860.6000,2862.0000,2862.2000,2862.4000,2862.6000,2862.8000,5,1,1,1,1,2,2,13,2,7
SF,IH2006,2020-06-17 13:59:18.700,2861.8000,17496,0,12294464880.000,1,0,1,空换,B,2861.8000,2861.2000,2861.0000,2860.8000,2860.6000,2862.0000,2862.2000,2862.4000,2862.6000,2862.8000,4,1,1,1,1,2,2,13,2,7
SF,IH2006,2020-06-17 13:59:19.200,2861.8000,17494,-2,12296181960.000,2,0,2,双平,B,2861.8000,2861.2000,2861.0000,2860.8000,2860.6000,2862.0000,2862.2000,2862.4000,2862.6000,2862.8000,2,1,1,1,1,3,2,13,1,7
SF,IH2006,2020-06-17 13:59:19.700,2861.8000,17494,0,12297899040.000,2,1,1,空换,B,2861.2000,2861.0000,2860.8000,2860.6000,2860.4000,2861.8000,2862.0000,2862.2000,2862.4000,2862.6000,1,1,1,1,2,1,3,2,13,1
SF,IH2006,2020-06-17 13:59:20.200,2861.8000,17494,0,12297899040.000,0,-,-,-,-,2861.4000,2861.2000,2861.0000,2860.8000,2860.6000,2861.8000,2862.0000,2862.2000,2862.4000,2862.6000,1,3,2,1,1,1,1,2,13,1
SF,IH2006,2020-06-17 13:59:20.700,2861.8000,17494,0,12297899040.000,0,-,-,-,-,2861.4000,2861.2000,2861.0000,2860.8000,2860.6000,2861.6000,2861.8000,2862.0000,2862.2000,2862.4000,1,3,2,1,1,2,1,1,2,13
SF,IH2006,2020-06-17 13:59:21.200,2861.8000,17494,0,12297899040.000,0,-,-,-,-,2861.4000,2861.2000,2861.0000,2860.8000,2860.6000,2861.6000,2862.0000,2862.2000,2862.4000,2862.6000,1,3,2,1,1,2,1,2,13,1
SF,IH2006,2020-06-17 13:59:21.700,2861.8000,17494,0,12297899040.000,0,-,-,-,-,2861.2000,2861.0000,2860.8000,2860.6000,2860.4000,2861.6000,2862.0000,2862.2000,2862.4000,2862.6000,3,2,1,1,2,2,1,2,13,1
SF,IH2006,2020-06-17 13:59:22.200,2861.8000,17494,0,12297899040.000,0,-,-,-,-,2861.2000,2861.0000,2860.8000,2860.6000,2860.4000,2861.4000,2862.0000,2862.2000,2862.4000,2862.6000,3,2,1,1,2,1,1,2,13,1
SF,IH2006,2020-06-17 13:59:22.700,2861.2000,17495,1,12299615820.000,2,1,1,多开,B,2861.0000,2860.8000,2860.6000,2860.4000,2860.2000,2861.4000,2862.0000,2862.2000,2862.4000,2862.8000,2,1,1,2,2,1,1,2,13,7
SF,IH2006,2020-06-17 13:59:23.200,2861.4000,17495,0,12300474240.000,1,0,1,空换,B,2861.0000,2860.8000,2860.6000,2860.4000,2860.2000,2862.0000,2862.2000,2862.4000,2862.8000,2863.0000,4,1,1,2,2,1,2,13,7,4
SF,IH2006,2020-06-17 13:59:23.700,2861.4000,17495,0,12300474240.000,0,-,-,-,-,2861.2000,2861.0000,2860.8000,2860.6000,2860.4000,2861.6000,2861.8000,2862.0000,2862.2000,2862.4000,1,4,1,1,2,1,2,1,2,12
SF,IH2006,2020-06-17 13:59:24.200,2861.4000,17495,0,12300474240.000,0,-,-,-,-,2861.2000,2861.0000,2860.8000,2860.6000,2860.4000,2861.6000,2861.8000,2862.0000,2862.2000,2862.4000,1,4,1,1,2,1,4,1,2,12
SF,IH2006,2020-06-17 13:59:26.200,2861.4000,17495,0,12300474240.000,0,-,-,-,-,2861.2000,2861.0000,2860.8000,2860.6000,2860.4000,2861.6000,2861.8000,2862.0000,2862.2000,2862.4000,1,4,1,1,2,1,4,1,2,11
SF,IH2006,2020-06-17 13:59:26.700,2861.4000,17495,0,12300474240.000,0,-,-,-,-,2861.2000,2861.0000,2860.8000,2860.6000,2860.4000,2861.6000,2861.8000,2862.0000,2862.2000,2862.4000,1,4,1,1,2,2,4,1,2,11
SF,IH2006,2020-06-17 13:59:27.700,2861.4000,17495,0,12300474240.000,0,-,-,-,-,2861.2000,2861.0000,2860.8000,2860.6000,2860.4000,2861.6000,2861.8000,2862.0000,2862.2000,2862.4000,1,4,1,1,3,2,4,1,2,11
SF,IH2006,2020-06-17 13:59:28.700,2861.4000,17495,0,12300474240.000,0,-,-,-,-,2861.2000,2861.0000,2860.8000,2860.6000,2860.4000,2861.6000,2861.8000,2862.0000,2862.2000,2862.4000,1,4,1,1,3,2,4,2,2,10
SF,IH2006,2020-06-17 13:59:31.200,2861.4000,17495,0,12300474240.000,0,-,-,-,-,2861.2000,2861.0000,2860.8000,2860.6000,2860.4000,2861.6000,2861.8000,2862.0000,2862.2000,2862.4000,1,4,1,1,3,2,4,3,2,10
SF,IH2006,2020-06-17 13:59:31.700,2861.4000,17495,0,12300474240.000,0,-,-,-,-,2861.2000,2861.0000,2860.8000,2860.6000,2860.4000,2861.6000,2861.8000,2862.0000,2862.2000,2862.4000,1,4,1,1,3,2,4,3,2,10
SF,IH2006,2020-06-17 13:59:32.700,2861.6000,17495,0,12302191200.000,2,1,1,空换,B,2861.6000,2861.2000,2861.0000,2860.8000,2860.6000,2861.8000,2862.0000,2862.2000,2862.4000,2862.8000,1,1,4,1,1,4,3,2,10,7
SF,IH2006,2020-06-17 13:59:33.200,2861.6000,17495,0,12303049680.000,1,0,1,空换,B,2861.2000,2861.0000,2860.8000,2860.6000,2860.4000,2861.6000,2861.8000,2862.0000,2862.2000,2862.4000,1,4,1,1,3,1,4,2,2,10
SF,IH2006,2020-06-17 13:59:33.700,2861.6000,17495,0,12303908160.000,1,0,1,空换,B,2861.6000,2861.2000,2861.0000,2860.8000,2860.6000,2861.8000,2862.0000,2862.2000,2862.4000,2862.8000,1,1,4,1,1,4,2,1,10,7
SF,IH2006,2020-06-17 13:59:34.200,2861.6000,17496,1,12304766640.000,1,1,0,双开,B,2861.2000,2861.0000,2860.8000,2860.6000,2860.4000,2861.8000,2862.0000,2862.2000,2862.4000,2862.8000,1,4,1,1,3,3,4,1,10,7
SF,IH2006,2020-06-17 13:59:34.700,2861.6000,17496,0,12304766640.000,0,-,-,-,-,2861.2000,2861.0000,2860.8000,2860.6000,2860.4000,2861.8000,2862.0000,2862.2000,2862.4000,2862.8000,3,4,1,1,3,3,4,1,10,7
SF,IH2006,2020-06-17 13:59:35.700,2861.6000,17496,0,12304766640.000,0,-,-,-,-,2861.4000,2861.2000,2861.0000,2860.8000,2860.6000,2861.8000,2862.0000,2862.2000,2862.4000,2862.8000,1,3,4,1,1,3,4,1,10,7
SF,IH2006,2020-06-17 13:59:36.700,2861.4000,17496,0,12305625060.000,1,0,1,空换,B,2861.2000,2861.0000,2860.8000,2860.6000,2860.4000,2861.4000,2861.8000,2862.0000,2862.2000,2862.4000,3,4,1,1,3,1,3,4,1,10
SF,IH2006,2020-06-17 13:59:37.200,2861.4000,17496,0,12306483480.000,1,0,1,空换,B,2861.4000,2861.2000,2861.0000,2860.8000,2860.6000,2861.8000,2862.0000,2862.2000,2862.4000,2862.8000,17,3,4,1,1,3,4,1,10,7
SF,IH2006,2020-06-17 13:59:37.700,2861.4000,17496,0,12306483480.000,0,-,-,-,-,2861.6000,2861.4000,2861.2000,2861.0000,2860.8000,2861.8000,2862.0000,2862.2000,2862.4000,2862.8000,1,7,2,4,1,2,4,1,10,7
SF,IH2006,2020-06-17 13:59:38.200,2861.4000,17496,0,12306483480.000,0,-,-,-,-,2861.6000,2861.4000,2861.2000,2861.0000,2860.8000,2861.8000,2862.0000,2862.2000,2862.4000,2862.8000,1,7,2,4,1,2,4,1,10,7
SF,IH2006,2020-06-17 13:59:38.700,2861.4000,17496,0,12306483480.000,0,-,-,-,-,2861.6000,2861.4000,2861.2000,2861.0000,2860.8000,2861.8000,2862.0000,2862.2000,2862.4000,2862.8000,1,7,2,4,1,2,4,1,2,7
SF,IH2006,2020-06-17 13:59:39.200,2861.0000,17495,-1,12315925860.000,11,5,6,空平,B,2861.0000,2860.8000,2860.6000,2860.4000,2860.2000,2861.8000,2862.0000,2862.2000,2862.4000,2862.8000,3,1,1,3,2,2,4,1,2,7
SF,IH2006,2020-06-17 13:59:39.700,2861.8000,17495,0,12317642940.000,2,1,1,空换,B,2861.8000,2861.2000,2861.0000,2860.8000,2860.6000,2862.0000,2862.2000,2862.4000,2862.8000,2863.0000,1,3,3,1,1,4,1,2,7,4
SF,IH2006,2020-06-17 13:59:40.200,2861.8000,17495,0,12318501480.000,1,0,1,空换,B,2861.2000,2861.0000,2860.8000,2860.6000,2860.4000,2861.8000,2862.0000,2862.2000,2862.4000,2862.8000,2,3,1,1,3,5,4,1,2,7
SF,IH2006,2020-06-17 13:59:40.700,2861.8000,17495,0,12318501480.000,0,-,-,-,-,2861.2000,2861.0000,2860.8000,2860.6000,2860.4000,2861.8000,2862.0000,2862.2000,2862.4000,2862.8000,4,3,1,1,3,4,4,1,2,7
SF,IH2006,2020-06-17 13:59:41.200,2861.8000,17495,0,12318501480.000,0,-,-,-,-,2861.2000,2861.0000,2860.8000,2860.6000,2860.4000,2861.8000,2862.0000,2862.2000,2862.4000,2862.8000,4,3,1,1,3,1,4,1,2,7
SF,IH2006,2020-06-17 13:59:42.200,2861.8000,17495,0,12318501480.000,0,-,-,-,-,2861.4000,2861.2000,2861.0000,2860.8000,2860.6000,2861.8000,2862.0000,2862.2000,2862.4000,2862.8000,2,4,3,1,1,1,4,1,2,7
SF,IH2006,2020-06-17 13:59:43.200,2861.8000,17495,0,12318501480.000,0,-,-,-,-,2861.4000,2861.2000,2861.0000,2860.8000,2860.6000,2861.6000,2861.8000,2862.0000,2862.2000,2862.4000,2,4,3,1,1,1,1,4,1,2
SF,IH2006,2020-06-17 13:59:45.200,2861.8000,17495,0,12318501480.000,0,-,-,-,-,2861.4000,2861.2000,2861.0000,2860.8000,2860.6000,2861.6000,2861.8000,2862.0000,2862.2000,2862.4000,1,4,3,1,1,1,1,4,1,2
SF,IH2006,2020-06-17 13:59:45.700,2861.8000,17495,0,12318501480.000,0,-,-,-,-,2861.2000,2861.0000,2860.8000,2860.6000,2860.4000,2861.6000,2861.8000,2862.0000,2862.2000,2862.4000,4,3,1,1,3,2,1,4,1,2
SF,IH2006,2020-06-17 13:59:46.200,2861.8000,17495,0,12318501480.000,0,-,-,-,-,2861.2000,2861.0000,2860.8000,2860.6000,2860.4000,2861.6000,2861.8000,2862.0000,2862.2000,2862.4000,2,3,1,1,3,2,1,4,1,2
SF,IH2006,2020-06-17 13:59:46.700,2861.8000,17495,0,12318501480.000,0,-,-,-,-,2861.4000,2861.2000,2861.0000,2860.8000,2860.6000,2861.6000,2861.8000,2862.0000,2862.2000,2862.4000,1,2,3,1,1,3,1,4,1,2
SF,IH2006,2020-06-17 13:59:50.200,2861.4000,17495,0,12319359900.000,1,0,1,空换,B,2861.2000,2861.0000,2860.8000,2860.6000,2860.4000,2861.6000,2861.8000,2862.0000,2862.2000,2862.4000,2,3,1,1,3,3,1,4,1,2
SF,IH2006,2020-06-17 13:59:51.700,2861.4000,17495,0,12319359900.000,0,-,-,-,-,2861.2000,2861.0000,2860.8000,2860.6000,2860.4000,2861.6000,2861.8000,2862.0000,2862.2000,2862.4000,5,3,1,1,3,3,1,4,1,2
SF,IH2006,2020-06-17 13:59:52.200,2861.4000,17495,0,12319359900.000,0,-,-,-,-,2861.2000,2861.0000,2860.8000,2860.6000,2860.4000,2861.6000,2861.8000,2862.0000,2862.2000,2862.4000,5,3,1,1,3,2,1,4,1,2
SF,IH2006,2020-06-17 13:59:52.700,2861.4000,17495,0,12319359900.000,0,-,-,-,-,2861.2000,2861.0000,2860.8000,2860.6000,2860.4000,2861.6000,2861.8000,2862.0000,2862.2000,2862.4000,7,3,1,1,3,2,1,4,1,2
SF,IH2006,2020-06-17 13:59:53.200,2861.6000,17492,-3,12321935340.000,3,0,3,双平,B,2861.6000,2861.2000,2861.0000,2860.8000,2860.6000,2861.8000,2862.0000,2862.2000,2862.4000,2862.8000,1,7,3,1,1,1,4,1,2,7
SF,IH2006,2020-06-17 13:59:53.700,2861.6000,17492,0,12321935340.000,0,-,-,-,-,2861.2000,2861.0000,2860.8000,2860.6000,2860.4000,2861.8000,2862.0000,2862.2000,2862.4000,2862.8000,7,3,1,1,3,1,4,1,2,7
SF,IH2006,2020-06-17 13:59:54.200,2861.8000,17493,1,12322793880.000,1,1,0,双开,B,2861.4000,2861.2000,2861.0000,2860.8000,2860.6000,2862.0000,2862.2000,2862.4000,2862.8000,2863.0000,4,7,3,1,1,4,1,2,7,4
SF,IH2006,2020-06-17 13:59:54.700,2861.8000,17493,0,12322793880.000,0,-,-,-,-,2861.4000,2861.2000,2861.0000,2860.8000,2860.6000,2862.0000,2862.2000,2862.4000,2862.8000,2863.0000,7,6,3,1,1,4,1,2,7,4
SF,IH2006,2020-06-17 13:59:55.200,2861.8000,17493,0,12322793880.000,0,-,-,-,-,2861.8000,2861.4000,2861.2000,2861.0000,2860.8000,2862.0000,2862.2000,2862.4000,2862.8000,2863.0000,1,8,6,3,1,4,1,2,7,4
SF,IH2006,2020-06-17 13:59:55.700,2861.8000,17493,0,12322793880.000,0,-,-,-,-,2861.4000,2861.2000,2861.0000,2860.8000,2860.6000,2862.0000,2862.2000,2862.4000,2862.8000,2863.0000,8,6,3,1,1,4,1,2,7,4
SF,IH2006,2020-06-17 13:59:56.200,2861.8000,17494,1,12323652420.000,1,1,0,双开,B,2861.4000,2861.2000,2861.0000,2860.8000,2860.6000,2862.0000,2862.2000,2862.4000,2862.8000,2863.0000,8,6,3,1,1,4,1,2,7,4
SF,IH2006,2020-06-17 13:59:56.700,2861.8000,17494,0,12323652420.000,0,-,-,-,-,2861.4000,2861.2000,2861.0000,2860.8000,2860.6000,2862.0000,2862.2000,2862.4000,2862.8000,2863.0000,8,6,3,1,1,4,1,2,7,4
SF,IH2006,2020-06-17 13:59:57.200,2861.8000,17494,0,12323652420.000,0,-,-,-,-,2861.4000,2861.2000,2861.0000,2860.8000,2860.6000,2862.0000,2862.2000,2862.4000,2862.8000,2863.0000,8,7,3,1,1,4,1,2,7,4
SF,IH2006,2020-06-17 13:59:57.700,2861.8000,17494,0,12323652420.000,0,-,-,-,-,2861.4000,2861.2000,2861.0000,2860.8000,2860.6000,2862.0000,2862.2000,2862.4000,2862.8000,2863.0000,7,7,3,1,1,4,1,2,7,4
SF,IH2006,2020-06-17 13:59:58.200,2862.0000,17491,-3,12326228220.000,3,0,3,双平,B,2861.4000,2861.2000,2861.0000,2860.8000,2860.6000,2862.0000,2862.2000,2862.4000,2862.8000,2863.0000,7,7,3,1,1,1,1,2,7,4
SF,IH2006,2020-06-17 13:59:58.700,2862.0000,17491,0,12326228220.000,0,-,-,-,-,2861.6000,2861.4000,2861.2000,2861.0000,2860.8000,2862.0000,2862.2000,2862.4000,2862.8000,2863.0000,2,7,6,1,1,1,1,2,7,4
SF,IH2006,2020-06-17 13:59:59.200,2861.6000,17491,0,12327945180.000,2,1,1,空换,B,2861.6000,2861.4000,2861.2000,2861.0000,2860.8000,2862.0000,2862.2000,2862.4000,2862.8000,2863.0000,1,7,5,1,1,1,1,2,7,4
SF,IH2006,2020-06-17 13:59:59.700,2861.6000,17491,0,12327945180.000,0,-,-,-,-,2861.6000,2861.4000,2861.2000,2861.0000,2860.8000,2862.0000,2862.2000,2862.4000,2862.8000,2863.0000,1,7,5,1,1,2,1,2,7,4
SF,IH2006,2020-06-17 14:00:01.700,2861.6000,17491,0,12327945180.000,0,-,-,-,-,2861.6000,2861.4000,2861.2000,2861.0000,2860.8000,2862.0000,2862.2000,2862.4000,2862.8000,2863.0000,2,7,5,1,1,2,1,2,7,4
SF,IH2006,2020-06-17 14:00:02.200,2861.6000,17491,0,12329662140.000,2,1,1,空换,B,2861.4000,2861.2000,2861.0000,2860.8000,2860.6000,2861.6000,2861.8000,2862.0000,2862.2000,2862.4000,3,5,1,1,1,3,1,2,1,2
SF,IH2006,2020-06-17 14:00:02.700,2861.6000,17491,0,12329662140.000,0,-,-,-,-,2861.4000,2861.2000,2861.0000,2860.8000,2860.6000,2861.6000,2861.8000,2862.0000,2862.2000,2862.4000,2,4,1,1,1,4,1,2,1,2
SF,IH2006,2020-06-17 14:00:03.200,2861.4000,17492,1,12331378980.000,2,1,1,多开,B,2861.2000,2861.0000,2860.8000,2860.6000,2860.4000,2861.6000,2861.8000,2862.0000,2862.2000,2862.4000,4,1,1,1,3,4,1,2,1,2
SF,IH2006,2020-06-17 14:00:03.700,2861.4000,17492,0,12331378980.000,0,-,-,-,-,2861.2000,2861.0000,2860.8000,2860.6000,2860.4000,2861.4000,2861.6000,2862.0000,2862.2000,2862.4000,4,1,1,1,3,9,5,2,1,2
SF,IH2006,2020-06-17 14:00:04.200,2861.2000,17493,1,12335670780.000,5,3,2,多开,B,2861.0000,2860.8000,2860.6000,2860.4000,2860.2000,2861.4000,2861.6000,2862.0000,2862.2000,2862.4000,1,1,1,3,2,9,4,2,1,2
SF,IH2006,2020-06-17 14:00:04.700,2861.2000,17493,0,12335670780.000,0,-,-,-,-,2861.0000,2860.8000,2860.6000,2860.4000,2860.2000,2861.2000,2861.4000,2861.6000,2862.0000,2862.2000,1,1,1,3,2,1,10,4,2,1
SF,IH2006,2020-06-17 14:00:05.200,2861.2000,17493,0,12335670780.000,0,-,-,-,-,2860.8000,2860.6000,2860.4000,2860.2000,2860.0000,2861.2000,2861.4000,2861.6000,2862.0000,2862.2000,1,1,3,2,14,1,10,4,2,1
SF,IH2006,2020-06-17 14:00:05.700,2860.6000,17494,1,12337387200.000,2,1,1,多开,B,2860.4000,2860.2000,2860.0000,2859.8000,2859.2000,2861.0000,2861.2000,2861.4000,2861.6000,2862.0000,3,2,14,2,1,8,1,9,4,2
SF,IH2006,2020-06-17 14:00:06.200,2860.6000,17494,0,12338245380.000,1,0,1,空换,B,2860.4000,2860.2000,2860.0000,2859.8000,2859.2000,2861.0000,2861.4000,2861.6000,2862.0000,2862.2000,4,2,14,2,1,8,8,4,2,1
SF,IH2006,2020-06-17 14:00:07.200,2860.6000,17494,0,12338245380.000,0,-,-,-,-,2860.4000,2860.2000,2860.0000,2859.8000,2859.2000,2861.0000,2861.4000,2861.6000,2862.0000,2862.2000,4,2,14,2,1,8,8,4,2,1
SF,IH2006,2020-06-17 14:00:07.700,2860.6000,17494,0,12338245380.000,0,-,-,-,-,2860.4000,2860.2000,2860.0000,2859.8000,2859.2000,2861.0000,2861.4000,2861.6000,2862.0000,2862.2000,4,2,14,2,1,1,8,4,2,1
SF,IH2006,2020-06-17 14:00:08.200,2860.6000,17494,0,12338245380.000,0,-,-,-,-,2860.4000,2860.2000,2860.0000,2859.8000,2859.2000,2860.6000,2861.0000,2861.4000,2861.6000,2862.0000,4,2,14,2,1,7,1,8,4,2
SF,IH2006,2020-06-17 14:00:08.700,2860.6000,17494,0,12338245380.000,0,-,-,-,-,2860.4000,2860.2000,2860.0000,2859.8000,2859.4000,2860.6000,2861.0000,2861.4000,2861.6000,2862.0000,4,2,14,2,1,7,1,8,4,3
SF,IH2006,2020-06-17 14:00:09.200,2860.6000,17494,0,12338245380.000,0,-,-,-,-,2860.4000,2860.2000,2860.0000,2859.8000,2859.4000,2860.6000,2861.0000,2861.4000,2861.6000,2861.8000,3,2,14,2,1,10,1,3,4,1
SF,IH2006,2020-06-17 14:00:09.700,2860.2000,17497,3,12343394040.000,6,4,2,多开,B,2860.0000,2859.8000,2859.4000,2859.2000,2859.0000,2860.4000,2860.6000,2861.0000,2861.4000,2861.6000,14,2,1,1,1,6,9,1,3,4
SF,IH2006,2020-06-17 14:00:10.200,2860.2000,17497,0,12343394040.000,0,-,-,-,-,2860.0000,2859.8000,2859.4000,2859.2000,2859.0000,2860.4000,2860.6000,2861.0000,2861.4000,2861.6000,14,2,1,1,1,9,9,1,3,1
SF,IH2006,2020-06-17 14:00:10.700,2860.0000,17497,0,12344252040.000,1,0,1,空换,B,2860.0000,2859.8000,2859.4000,2859.2000,2859.0000,2860.4000,2860.6000,2861.0000,2861.4000,2861.6000,13,2,1,1,1,9,9,1,3,1
SF,IH2006,2020-06-17 14:00:11.200,2860.0000,17497,0,12345110040.000,1,0,1,空换,B,2860.0000,2859.8000,2859.2000,2859.0000,2858.6000,2860.2000,2860.4000,2860.6000,2861.0000,2861.4000,12,2,1,1,1,1,11,9,1,3
SF,IH2006,2020-06-17 14:00:11.700,2860.0000,17497,0,12345110040.000,0,-,-,-,-,2860.0000,2859.8000,2859.2000,2859.0000,2858.6000,2860.2000,2860.4000,2860.6000,2861.0000,2861.4000,12,2,1,1,1,1,11,6,1,3
SF,IH2006,2020-06-17 14:00:12.200,2860.0000,17497,0,12345968040.000,1,0,1,空换,B,2860.0000,2859.8000,2859.2000,2859.0000,2858.6000,2860.2000,2860.4000,2860.6000,2861.0000,2861.4000,13,2,1,1,1,4,9,6,1,3
SF,IH2006,2020-06-17 14:00:12.700,2860.0000,17497,0,12350258040.000,5,2,3,空换,B,2860.0000,2859.8000,2859.2000,2859.0000,2858.6000,2860.2000,2860.4000,2860.6000,2861.0000,2861.4000,8,2,1,1,1,5,9,6,1,3
SF,IH2006,2020-06-17 14:00:13.200,2860.0000,17496,-1,12357122040.000,8,3,5,空平,B,2859.8000,2859.2000,2859.0000,2858.6000,2858.2000,2860.0000,2860.2000,2860.4000,2860.6000,2861.0000,2,1,1,1,4,3,7,8,6,1
SF,IH2006,2020-06-17 14:00:13.700,2859.8000,17498,2,12358837920.000,2,2,0,双开,B,2859.2000,2859.0000,2858.6000,2858.2000,2858.0000,2859.8000,2860.0000,2860.2000,2860.4000,2861.0000,1,1,1,4,4,1,2,3,8,1
SF,IH2006,2020-06-17 14:00:14.200,2859.4000,17502,4,12363127260.000,5,4,1,多开,B,2859.4000,2859.2000,2859.0000,2858.6000,2858.2000,2859.8000,2860.0000,2860.2000,2860.4000,2861.0000,2,3,1,1,4,2,1,4,8,1
SF,IH2006,2020-06-17 14:00:14.700,2859.6000,17504,2,12365700960.000,3,2,1,多开,B,2859.4000,2859.2000,2858.6000,2858.2000,2858.0000,2859.8000,2860.0000,2860.2000,2860.4000,2861.0000,6,2,1,4,4,2,1,4,8,1
SF,IH2006,2020-06-17 14:00:15.200,2859.6000,17504,0,12365700960.000,0,-,-,-,-,2859.4000,2859.2000,2858.6000,2858.2000,2858.0000,2859.8000,2860.0000,2860.2000,2860.4000,2861.0000,5,2,2,4,4,2,1,4,8,1
SF,IH2006,2020-06-17 14:00:15.700,2859.6000,17504,0,12365700960.000,0,-,-,-,-,2859.4000,2859.2000,2858.6000,2858.2000,2858.0000,2859.6000,2859.8000,2860.0000,2860.2000,2860.4000,4,2,2,4,4,6,2,1,4,8
SF,IH2006,2020-06-17 14:00:16.200,2859.6000,17505,1,12366558840.000,1,1,0,双开,B,2859.4000,2859.2000,2858.6000,2858.2000,2858.0000,2859.6000,2859.8000,2860.0000,2860.2000,2860.4000,1,2,2,4,4,6,1,1,4,8
SF,IH2006,2020-06-17 14:00:16.700,2859.6000,17506,1,12367416720.000,1,1,0,双开,B,2859.4000,2859.2000,2858.6000,2858.2000,2858.0000,2859.6000,2859.8000,2860.0000,2860.2000,2860.4000,1,4,2,4,4,5,1,1,4,8
SF,IH2006,2020-06-17 14:00:17.200,2859.6000,17507,1,12368274600.000,1,1,0,双开,B,2859.2000,2858.6000,2858.2000,2858.0000,2856.6000,2859.6000,2859.8000,2860.0000,2860.2000,2860.4000,4,2,4,4,1,4,1,1,4,8
SF,IH2006,2020-06-17 14:00:17.700,2859.6000,17507,0,12368274600.000,0,-,-,-,-,2859.2000,2858.6000,2858.2000,2858.0000,2856.6000,2859.6000,2859.8000,2860.0000,2860.2000,2860.4000,4,1,4,4,1,1,2,1,4,8
SF,IH2006,2020-06-17 14:00:18.200,2859.6000,17507,0,12369132480.000,1,0,1,空换,B,2859.6000,2859.2000,2858.6000,2858.2000,2858.0000,2859.8000,2860.0000,2860.2000,2860.4000,2861.0000,1,4,1,4,4,2,1,4,8,1
SF,IH2006,2020-06-17 14:00:18.700,2859.6000,17506,-1,12370848300.000,2,0,2,空平,B,2859.6000,2859.2000,2858.6000,2858.2000,2858.0000,2859.8000,2860.0000,2860.2000,2860.4000,2861.0000,2,4,1,4,4,1,1,4,8,1
SF,IH2006,2020-06-17 14:00:19.200,2859.6000,17506,0,12370848300.000,0,-,-,-,-,2859.6000,2859.2000,2858.6000,2858.2000,2858.0000,2859.8000,2860.0000,2860.2000,2860.4000,2861.0000,2,7,1,4,4,1,1,4,8,1
SF,IH2006,2020-06-17 14:00:19.700,2859.8000,17506,0,12371706240.000,1,0,1,空换,B,2859.8000,2859.6000,2859.2000,2858.6000,2858.2000,2860.0000,2860.2000,2860.4000,2861.0000,2861.2000,1,2,7,1,4,1,5,8,1,1
SF,IH2006,2020-06-17 14:00:20.200,2859.8000,17506,0,12371706240.000,0,-,-,-,-,2859.8000,2859.6000,2859.2000,2858.6000,2858.2000,2860.0000,2860.2000,2860.4000,2861.0000,2861.2000,2,2,7,1,4,1,5,8,1,1
SF,IH2006,2020-06-17 14:00:20.700,2859.8000,17506,0,12371706240.000,0,-,-,-,-,2859.8000,2859.6000,2859.2000,2858.6000,2858.2000,2860.0000,2860.2000,2860.4000,2861.0000,2861.2000,1,2,7,1,7,1,5,8,1,1
SF,IH2006,2020-06-17 14:00:21.200,2859.8000,17506,0,12371706240.000,0,-,-,-,-,2859.8000,2859.6000,2859.4000,2859.2000,2858.6000,2860.0000,2860.2000,2860.4000,2861.0000,2861.2000,1,2,1,7,1,1,5,8,1,1
SF,IH2006,2020-06-17 14:00:21.700,2859.8000,17506,0,12371706240.000,0,-,-,-,-,2859.6000,2859.4000,2859.2000,2858.6000,2858.2000,2860.0000,2860.2000,2860.4000,2861.0000,2861.2000,2,1,5,1,7,1,4,8,1,1
SF,IH2006,2020-06-17 14:00:23.200,2859.8000,17506,0,12371706240.000,0,-,-,-,-,2859.6000,2859.4000,2859.2000,2858.6000,2858.2000,2860.0000,2860.2000,2860.4000,2861.0000,2861.2000,2,1,5,1,7,1,4,8,1,1
SF,IH2006,2020-06-17 14:00:23.700,2859.8000,17506,0,12371706240.000,0,-,-,-,-,2859.6000,2859.4000,2859.2000,2858.6000,2858.2000,2860.0000,2860.2000,2860.4000,2861.0000,2861.2000,2,1,5,2,7,1,4,8,1,1
SF,IH2006,2020-06-17 14:00:25.700,2859.6000,17507,1,12372564120.000,1,1,0,双开,B,2859.6000,2859.4000,2859.2000,2858.6000,2858.2000,2860.0000,2860.2000,2860.4000,2861.0000,2861.2000,1,1,5,2,7,1,4,8,1,1
SF,IH2006,2020-06-17 14:00:26.700,2859.6000,17507,0,12372564120.000,0,-,-,-,-,2859.6000,2859.4000,2859.2000,2858.6000,2858.2000,2860.0000,2860.2000,2860.4000,2861.0000,2861.2000,1,1,2,2,7,1,4,8,1,1
SF,IH2006,2020-06-17 14:00:27.700,2859.6000,17507,0,12372564120.000,0,-,-,-,-,2859.8000,2859.6000,2859.4000,2859.2000,2858.6000,2860.0000,2860.2000,2860.4000,2861.0000,2861.2000,1,1,1,2,2,1,4,8,1,1
SF,IH2006,2020-06-17 14:00:28.200,2860.0000,17507,0,12373422120.000,1,0,1,空换,B,2859.6000,2859.4000,2859.2000,2859.0000,2858.6000,2860.2000,2860.4000,2861.0000,2861.2000,2861.4000,1,1,2,1,2,4,8,1,1,3
SF,IH2006,2020-06-17 14:00:28.700,2860.2000,17507,0,12374280180.000,1,0,1,空换,B,2859.6000,2859.4000,2859.2000,2859.0000,2858.6000,2860.2000,2860.4000,2861.0000,2861.2000,2861.4000,1,1,2,2,2,2,8,1,1,3
SF,IH2006,2020-06-17 14:00:29.200,2860.2000,17507,0,12374280180.000,0,-,-,-,-,2859.8000,2859.6000,2859.4000,2859.2000,2859.0000,2860.2000,2860.4000,2861.0000,2861.2000,2861.4000,2,1,1,1,2,2,8,1,1,3
SF,IH2006,2020-06-17 14:00:29.700,2860.2000,17507,0,12374280180.000,0,-,-,-,-,2859.8000,2859.6000,2859.4000,2859.2000,2859.0000,2860.2000,2860.4000,2861.0000,2861.2000,2861.4000,2,1,1,1,2,2,5,1,1,3
SF,IH2006,2020-06-17 14:00:30.200,2860.2000,17507,0,12375138240.000,1,0,1,空换,B,2860.0000,2859.8000,2859.6000,2859.4000,2859.2000,2860.2000,2860.4000,2861.0000,2861.2000,2861.4000,1,2,1,1,1,1,3,1,1,3
SF,IH2006,2020-06-17 14:00:30.700,2860.4000,17509,2,12377712540.000,3,2,1,多开,B,2860.2000,2860.0000,2859.8000,2859.6000,2859.4000,2861.0000,2861.2000,2861.4000,2861.8000,2862.0000,5,3,2,1,1,1,1,3,4,2
SF,IH2006,2020-06-17 14:00:31.200,2860.6000,17510,1,12380287320.000,3,2,1,多开,B,2860.4000,2860.2000,2860.0000,2859.8000,2859.6000,2861.2000,2861.4000,2861.8000,2862.0000,2862.8000,2,9,3,2,1,1,3,4,2,7
SF,IH2006,2020-06-17 14:00:31.700,2860.6000,17511,1,12381145500.000,1,1,0,双开,B,2860.6000,2860.4000,2860.2000,2860.0000,2859.8000,2861.2000,2861.4000,2861.8000,2862.0000,2862.8000,8,2,7,3,1,2,2,4,2,7
SF,IH2006,2020-06-17 14:00:32.200,2860.6000,17511,0,12381145500.000,0,-,-,-,-,2860.6000,2860.4000,2860.2000,2860.0000,2859.8000,2861.2000,2861.4000,2861.8000,2862.0000,2862.2000,7,2,7,3,1,1,2,4,2,1
SF,IH2006,2020-06-17 14:00:32.700,2860.6000,17511,0,12381145500.000,0,-,-,-,-,2860.8000,2860.6000,2860.4000,2860.2000,2860.0000,2861.2000,2861.4000,2861.8000,2862.0000,2862.2000,1,7,2,6,3,1,2,4,2,1
SF,IH2006,2020-06-17 14:00:33.200,2860.8000,17511,0,12382003740.000,1,0,1,空换,B,2861.0000,2860.6000,2860.4000,2860.2000,2860.0000,2861.2000,2861.4000,2861.8000,2862.0000,2862.2000,2,5,2,6,3,1,2,4,2,1
SF,IH2006,2020-06-17 14:00:33.700,2861.0000,17513,2,12383720340.000,2,2,0,双开,B,2860.6000,2860.4000,2860.2000,2860.0000,2859.8000,2861.0000,2861.2000,2861.4000,2861.8000,2862.0000,4,2,4,3,1,9,1,2,4,2
SF,IH2006,2020-06-17 14:00:34.200,2861.0000,17513,0,12386295240.000,3,1,2,空换,B,2860.8000,2860.6000,2860.2000,2860.0000,2859.8000,2861.2000,2861.4000,2861.8000,2862.0000,2862.8000,3,6,2,2,1,2,2,4,2,8
SF,IH2006,2020-06-17 14:00:34.700,2861.0000,17513,0,12386295240.000,0,-,-,-,-,2860.8000,2860.6000,2860.2000,2860.0000,2859.8000,2861.2000,2861.4000,2861.8000,2862.0000,2862.8000,3,6,2,2,2,3,3,4,2,8
SF,IH2006,2020-06-17 14:00:35.200,2861.0000,17513,0,12386295240.000,0,-,-,-,-,2860.8000,2860.6000,2860.2000,2860.0000,2859.8000,2861.2000,2861.4000,2861.8000,2862.0000,2862.8000,4,6,2,2,2,3,3,4,2,8
SF,IH2006,2020-06-17 14:00:35.700,2861.0000,17513,0,12386295240.000,0,-,-,-,-,2860.8000,2860.6000,2860.2000,2860.0000,2859.8000,2861.2000,2861.4000,2861.8000,2862.0000,2862.8000,4,6,2,2,1,4,3,4,2,8
SF,IH2006,2020-06-17 14:00:36.700,2861.0000,17513,0,12386295240.000,0,-,-,-,-,2860.8000,2860.6000,2860.2000,2860.0000,2859.8000,2861.0000,2861.2000,2861.4000,2861.8000,2862.0000,4,6,2,2,1,1,4,3,4,2
SF,IH2006,2020-06-17 14:00:37.200,2861.0000,17513,0,12386295240.000,0,-,-,-,-,2860.8000,2860.6000,2860.2000,2860.0000,2859.8000,2861.0000,2861.2000,2861.4000,2861.8000,2862.0000,4,4,2,2,1,1,4,3,4,2
SF,IH2006,2020-06-17 14:00:38.200,2861.0000,17513,0,12386295240.000,0,-,-,-,-,2860.8000,2860.6000,2860.2000,2860.0000,2859.8000,2861.0000,2861.2000,2861.4000,2861.8000,2862.0000,3,3,2,2,1,1,4,3,5,2
SF,IH2006,2020-06-17 14:00:38.700,2860.8000,17512,-1,12387153480.000,1,0,1,双平,B,2860.8000,2860.6000,2860.2000,2860.0000,2859.8000,2861.0000,2861.2000,2861.4000,2861.8000,2862.0000,1,3,2,2,1,1,4,3,5,2
SF,IH2006,2020-06-17 14:00:39.200,2860.8000,17512,0,12388011720.000,1,0,1,空换,B,2860.6000,2860.2000,2860.0000,2859.8000,2859.6000,2861.0000,2861.2000,2861.4000,2861.8000,2862.0000,3,2,2,1,1,2,4,3,5,2
SF,IH2006,2020-06-17 14:00:40.200,2860.8000,17512,0,12388011720.000,0,-,-,-,-,2860.8000,2860.6000,2860.2000,2860.0000,2859.8000,2861.0000,2861.2000,2861.4000,2861.8000,2862.0000,1,3,2,2,1,2,4,3,5,2
SF,IH2006,2020-06-17 14:00:41.200,2860.8000,17512,0,12388011720.000,0,-,-,-,-,2860.8000,2860.6000,2860.2000,2860.0000,2859.8000,2861.0000,2861.2000,2861.4000,2861.8000,2862.0000,1,3,2,2,1,2,4,4,5,2
SF,IH2006,2020-06-17 14:00:41.700,2860.8000,17513,1,12388869960.000,1,1,0,双开,B,2860.6000,2860.2000,2860.0000,2859.8000,2859.6000,2861.0000,2861.2000,2861.4000,2861.8000,2862.0000,3,2,3,1,1,2,4,4,5,2
SF,IH2006,2020-06-17 14:00:42.200,2860.8000,17513,0,12388869960.000,0,-,-,-,-,2860.6000,2860.2000,2860.0000,2859.8000,2859.6000,2861.0000,2861.2000,2861.4000,2861.8000,2862.0000,1,2,3,1,1,2,4,4,5,2
SF,IH2006,2020-06-17 14:00:43.200,2861.0000,17513,0,12390586560.000,2,1,1,空换,B,2861.0000,2860.6000,2860.4000,2860.2000,2860.0000,2861.2000,2861.4000,2861.8000,2862.0000,2862.4000,2,6,1,2,3,5,4,5,2,1
SF,IH2006,2020-06-17 14:00:43.700,2861.0000,17514,1,12391444860.000,1,1,0,双开,B,2861.0000,2860.6000,2860.4000,2860.2000,2860.0000,2861.2000,2861.4000,2861.8000,2862.0000,2862.4000,1,7,1,2,3,4,4,5,2,1
SF,IH2006,2020-06-17 14:00:44.200,2861.0000,17513,-1,12392303160.000,1,0,1,双平,B,2860.6000,2860.4000,2860.2000,2860.0000,2859.8000,2861.2000,2861.4000,2861.8000,2862.0000,2862.4000,7,1,2,3,1,4,4,5,2,1
SF,IH2006,2020-06-17 14:00:44.700,2861.0000,17513,0,12392303160.000,0,-,-,-,-,2860.6000,2860.4000,2860.2000,2860.0000,2859.8000,2861.2000,2861.4000,2861.8000,2862.0000,2862.4000,7,1,2,3,1,5,4,5,2,1
SF,IH2006,2020-06-17 14:00:45.200,2861.0000,17513,0,12392303160.000,0,-,-,-,-,2860.8000,2860.6000,2860.4000,2860.2000,2860.0000,2861.2000,2861.4000,2861.8000,2862.0000,2862.4000,1,9,1,2,3,5,4,5,2,1
SF,IH2006,2020-06-17 14:00:45.700,2861.0000,17513,0,12392303160.000,0,-,-,-,-,2860.8000,2860.6000,2860.4000,2860.2000,2860.0000,2861.2000,2861.4000,2861.8000,2862.0000,2862.4000,1,9,1,2,3,4,4,5,2,1
SF,IH2006,2020-06-17 14:00:46.700,2861.0000,17513,0,12392303160.000,0,-,-,-,-,2860.8000,2860.6000,2860.4000,2860.2000,2860.0000,2861.2000,2861.4000,2861.8000,2862.0000,2862.4000,1,4,1,2,3,4,4,5,2,1
SF,IH2006,2020-06-17 14:00:47.200,2861.0000,17513,0,12392303160.000,0,-,-,-,-,2860.6000,2860.4000,2860.2000,2860.0000,2859.8000,2861.2000,2861.4000,2861.8000,2862.0000,2862.4000,3,1,2,3,1,5,4,5,2,1
SF,IH2006,2020-06-17 14:00:47.700,2861.0000,17513,0,12392303160.000,0,-,-,-,-,2860.6000,2860.4000,2860.2000,2860.0000,2859.8000,2861.0000,2861.2000,2861.4000,2861.8000,2862.0000,1,1,2,3,1,2,5,4,5,2
SF,IH2006,2020-06-17 14:00:48.200,2861.0000,17513,0,12392303160.000,0,-,-,-,-,2860.6000,2860.4000,2860.2000,2860.0000,2859.8000,2861.0000,2861.2000,2861.4000,2861.8000,2862.0000,6,1,2,3,1,3,5,4,5,2
SF,IH2006,2020-06-17 14:00:48.700,2861.0000,17513,0,12392303160.000,0,-,-,-,-,2860.6000,2860.4000,2860.2000,2860.0000,2859.8000,2861.0000,2861.2000,2861.4000,2861.8000,2862.0000,3,1,2,3,1,3,5,4,5,2
SF,IH2006,2020-06-17 14:00:49.200,2861.0000,17513,0,12392303160.000,0,-,-,-,-,2860.6000,2860.4000,2860.2000,2860.0000,2859.8000,2861.0000,2861.2000,2861.4000,2861.8000,2862.0000,5,1,2,3,1,3,5,4,5,2
SF,IH2006,2020-06-17 14:00:49.700,2861.0000,17513,0,12392303160.000,0,-,-,-,-,2860.6000,2860.4000,2860.2000,2860.0000,2859.8000,2861.0000,2861.2000,2861.4000,2861.8000,2862.0000,6,1,2,3,1,2,5,4,5,2
SF,IH2006,2020-06-17 14:00:50.200,2861.0000,17513,0,12392303160.000,0,-,-,-,-,2860.6000,2860.4000,2860.2000,2860.0000,2859.8000,2861.0000,2861.2000,2861.4000,2861.8000,2862.0000,10,1,2,3,1,2,5,4,5,2
SF,IH2006,2020-06-17 14:00:50.700,2861.0000,17513,0,12392303160.000,0,-,-,-,-,2860.8000,2860.6000,2860.4000,2860.2000,2860.0000,2861.2000,2861.4000,2861.8000,2862.0000,2862.4000,1,10,1,2,3,5,4,5,2,1
SF,IH2006,2020-06-17 14:00:51.700,2861.0000,17513,0,12392303160.000,0,-,-,-,-,2860.8000,2860.6000,2860.4000,2860.2000,2860.0000,2861.0000,2861.2000,2861.4000,2861.8000,2862.0000,1,11,1,2,3,1,5,4,5,2
SF,IH2006,2020-06-17 14:00:52.200,2861.0000,17514,1,12393161460.000,1,1,0,双开,B,2861.0000,2860.8000,2860.6000,2860.4000,2860.2000,2861.2000,2861.4000,2861.8000,2862.0000,2862.4000,2,1,9,1,2,5,4,5,2,1
SF,IH2006,2020-06-17 14:00:54.200,2861.0000,17514,0,12394878060.000,2,1,1,空换,B,2861.0000,2860.8000,2860.6000,2860.4000,2860.2000,2861.2000,2861.4000,2861.8000,2862.0000,2862.4000,1,1,9,1,2,5,3,5,2,1
SF,IH2006,2020-06-17 14:00:54.700,2861.0000,17514,0,12395736360.000,1,0,1,空换,B,2860.8000,2860.6000,2860.4000,2860.2000,2860.0000,2861.2000,2861.4000,2861.8000,2862.0000,2862.4000,1,9,1,2,3,3,3,5,2,1
SF,IH2006,2020-06-17 14:00:55.200,2861.0000,17514,0,12395736360.000,0,-,-,-,-,2860.8000,2860.6000,2860.4000,2860.2000,2860.0000,2861.2000,2861.4000,2861.8000,2862.0000,2862.4000,1,9,1,2,3,2,3,5,2,1
SF,IH2006,2020-06-17 14:00:55.700,2860.8000,17516,2,12400028040.000,5,3,2,多开,B,2860.6000,2860.4000,2860.2000,2860.0000,2859.8000,2861.4000,2861.8000,2862.0000,2862.4000,2862.8000,9,1,2,3,1,3,5,2,1,9
SF,IH2006,2020-06-17 14:00:56.200,2860.8000,17516,0,12400028040.000,0,-,-,-,-,2860.8000,2860.6000,2860.4000,2860.2000,2860.0000,2861.4000,2861.8000,2862.0000,2862.4000,2862.8000,3,11,1,2,3,4,5,2,1,9
SF,IH2006,2020-06-17 14:00:56.700,2860.8000,17516,0,12400028040.000,0,-,-,-,-,2861.0000,2860.8000,2860.6000,2860.4000,2860.2000,2861.4000,2861.8000,2862.0000,2862.4000,2862.8000,1,5,11,1,2,4,5,2,1,9
SF,IH2006,2020-06-17 14:00:57.200,2860.8000,17516,0,12400028040.000,0,-,-,-,-,2861.0000,2860.8000,2860.6000,2860.4000,2860.2000,2861.4000,2861.8000,2862.0000,2862.4000,2862.8000,3,4,11,1,2,3,5,2,1,9
SF,IH2006,2020-06-17 14:00:57.700,2861.0000,17516,0,12400886340.000,1,0,1,空换,B,2861.2000,2861.0000,2860.8000,2860.6000,2860.4000,2861.4000,2861.8000,2862.0000,2862.4000,2862.8000,1,3,4,11,1,3,5,2,1,9
SF,IH2006,2020-06-17 14:00:58.200,2861.0000,17516,0,12400886340.000,0,-,-,-,-,2861.0000,2860.8000,2860.6000,2860.4000,2860.2000,2861.4000,2861.8000,2862.0000,2862.4000,2862.8000,3,4,11,1,2,3,4,2,1,9
SF,IH2006,2020-06-17 14:00:58.700,2861.4000,17516,0,12401744760.000,1,0,1,空换,B,2861.0000,2860.8000,2860.6000,2860.4000,2860.2000,2861.4000,2861.8000,2862.0000,2862.4000,2862.8000,3,4,11,1,2,2,4,2,1,9
SF,IH2006,2020-06-17 14:00:59.200,2861.4000,17516,0,12401744760.000,0,-,-,-,-,2861.0000,2860.8000,2860.6000,2860.4000,2860.2000,2861.4000,2861.8000,2862.0000,2862.4000,2862.8000,3,4,11,1,2,2,4,2,1,9
SF,IH2006,2020-06-17 14:00:59.700,2861.4000,17516,0,12401744760.000,0,-,-,-,-,2861.0000,2860.8000,2860.6000,2860.4000,2860.2000,2861.4000,2861.8000,2862.0000,2862.4000,2862.8000,1,4,11,1,2,2,4,2,1,9
SF,IH2006,2020-06-17 14:01:00.200,2861.4000,17516,0,12401744760.000,0,-,-,-,-,2861.0000,2860.8000,2860.6000,2860.4000,2860.2000,2861.4000,2861.6000,2861.8000,2862.0000,2862.4000,1,4,11,1,2,2,1,4,2,1
SF,IH2006,2020-06-17 14:01:01.200,2861.4000,17516,0,12401744760.000,0,-,-,-,-,2861.0000,2860.8000,2860.6000,2860.4000,2860.2000,2861.4000,2861.6000,2861.8000,2862.0000,2862.4000,1,4,11,1,2,2,1,4,2,1
SF,IH2006,2020-06-17 14:01:01.700,2861.4000,17516,0,12402603180.000,1,0,1,空换,B,2861.0000,2860.8000,2860.6000,2860.4000,2860.2000,2861.4000,2861.6000,2861.8000,2862.0000,2862.4000,3,2,11,1,2,1,1,4,2,1
SF,IH2006,2020-06-17 14:01:02.200,2861.4000,17516,0,12402603180.000,0,-,-,-,-,2861.0000,2860.8000,2860.6000,2860.4000,2860.2000,2861.4000,2861.6000,2861.8000,2862.0000,2862.4000,4,2,11,1,2,1,1,4,2,1
SF,IH2006,2020-06-17 14:01:02.700,2861.4000,17516,0,12402603180.000,0,-,-,-,-,2861.2000,2861.0000,2860.8000,2860.6000,2860.4000,2861.4000,2861.6000,2861.8000,2862.0000,2862.4000,1,4,2,11,1,1,1,4,2,1
SF,IH2006,2020-06-17 14:01:03.200,2861.4000,17516,0,12402603180.000,0,-,-,-,-,2861.2000,2861.0000,2860.8000,2860.6000,2860.4000,2861.4000,2861.6000,2861.8000,2862.0000,2862.4000,1,4,2,11,1,1,1,4,2,1
SF,IH2006,2020-06-17 14:01:03.700,2861.4000,17516,0,12402603180.000,0,-,-,-,-,2861.0000,2860.8000,2860.6000,2860.4000,2860.2000,2861.4000,2861.6000,2861.8000,2862.0000,2862.4000,4,2,11,1,2,1,1,4,2,1
SF,IH2006,2020-06-17 14:01:04.200,2861.4000,17515,-1,12403461600.000,1,0,1,双平,B,2861.4000,2861.2000,2861.0000,2860.8000,2860.6000,2861.6000,2861.8000,2862.0000,2862.4000,2862.6000,1,3,4,2,11,1,4,2,1,1
SF,IH2006,2020-06-17 14:01:04.700,2861.4000,17515,0,12403461600.000,0,-,-,-,-,2861.4000,2861.2000,2861.0000,2860.8000,2860.6000,2861.6000,2861.8000,2862.0000,2862.4000,2862.6000,2,4,4,2,5,1,4,2,1,1
SF,IH2006,2020-06-17 14:01:05.200,2861.4000,17515,0,12403461600.000,0,-,-,-,-,2861.4000,2861.2000,2861.0000,2860.8000,2860.6000,2861.6000,2861.8000,2862.0000,2862.4000,2862.6000,2,4,4,2,4,2,4,2,1,1
SF,IH2006,2020-06-17 14:01:05.700,2861.4000,17515,0,12403461600.000,0,-,-,-,-,2861.4000,2861.2000,2861.0000,2860.8000,2860.6000,2861.6000,2861.8000,2862.0000,2862.4000,2862.6000,2,4,4,2,4,3,4,2,1,1
SF,IH2006,2020-06-17 14:01:06.200,2861.6000,17516,1,12405178560.000,2,1,1,多开,B,2861.4000,2861.2000,2861.0000,2860.8000,2860.6000,2861.6000,2861.8000,2862.0000,2862.4000,2862.6000,2,4,4,2,4,1,4,2,1,1
SF,IH2006,2020-06-17 14:01:06.700,2861.6000,17517,1,12406037040.000,1,1,0,双开,B,2861.6000,2861.4000,2861.2000,2861.0000,2860.8000,2861.8000,2862.0000,2862.4000,2862.6000,2862.8000,1,2,4,4,2,4,2,1,1,8
SF,IH2006,2020-06-17 14:01:07.200,2861.6000,17517,0,12406037040.000,0,-,-,-,-,2861.6000,2861.4000,2861.2000,2861.0000,2860.8000,2861.8000,2862.0000,2862.4000,2862.6000,2862.8000,1,2,3,4,2,5,2,1,1,8
SF,IH2006,2020-06-17 14:01:07.700,2861.8000,17518,1,12406895580.000,1,1,0,双开,B,2861.6000,2861.4000,2861.2000,2861.0000,2860.8000,2861.8000,2862.0000,2862.4000,2862.6000,2862.8000,1,2,2,4,2,4,2,1,1,8
SF,IH2006,2020-06-17 14:01:08.200,2861.8000,17521,3,12410329740.000,4,3,1,多开,B,2861.6000,2861.4000,2861.2000,2861.0000,2860.8000,2862.0000,2862.4000,2862.6000,2862.8000,2863.0000,1,2,2,3,2,2,1,1,8,1
SF,IH2006,2020-06-17 14:01:08.700,2861.8000,17521,0,12410329740.000,0,-,-,-,-,2861.8000,2861.6000,2861.4000,2861.0000,2860.8000,2862.0000,2862.4000,2862.6000,2862.8000,2863.0000,1,1,2,3,2,2,1,1,8,1
SF,IH2006,2020-06-17 14:01:09.200,2862.0000,17520,-1,12411188340.000,1,0,1,双平,B,2861.8000,2861.6000,2861.4000,2861.0000,2860.8000,2862.0000,2862.4000,2862.6000,2862.8000,2863.0000,1,1,2,3,2,1,1,1,8,1
SF,IH2006,2020-06-17 14:01:09.700,2862.0000,17520,0,12412046940.000,1,0,1,空换,B,2862.0000,2861.8000,2861.6000,2861.4000,2861.0000,2862.4000,2862.6000,2862.8000,2863.0000,2863.4000,1,1,1,2,3,1,1,8,1,1
SF,IH2006,2020-06-17 14:01:10.200,2862.0000,17522,2,12414622740.000,3,2,1,多开,B,2861.6000,2861.4000,2861.0000,2860.8000,2860.6000,2862.0000,2862.4000,2862.6000,2862.8000,2863.0000,1,2,3,2,4,1,2,1,8,1
SF,IH2006,2020-06-17 14:01:10.700,2862.0000,17522,0,12414622740.000,0,-,-,-,-,2861.6000,2861.4000,2861.0000,2860.8000,2860.6000,2862.4000,2862.6000,2862.8000,2863.0000,2863.4000,3,2,3,2,3,2,2,8,1,1
SF,IH2006,2020-06-17 14:01:11.200,2862.2000,17521,-1,12415481400.000,1,0,1,双平,B,2861.6000,2861.4000,2861.0000,2860.8000,2860.6000,2862.4000,2862.6000,2862.8000,2863.0000,2863.4000,3,2,3,2,3,2,2,8,1,1
SF,IH2006,2020-06-17 14:01:11.700,2862.2000,17521,0,12415481400.000,0,-,-,-,-,2862.0000,2861.8000,2861.6000,2861.4000,2861.0000,2862.4000,2862.6000,2862.8000,2863.0000,2863.4000,1,2,3,2,3,2,2,8,1,1
SF,IH2006,2020-06-17 14:01:12.200,2862.2000,17521,0,12415481400.000,0,-,-,-,-,2862.0000,2861.8000,2861.6000,2861.4000,2861.0000,2862.4000,2862.6000,2862.8000,2863.0000,2863.4000,1,2,4,2,3,2,2,7,1,1
SF,IH2006,2020-06-17 14:01:12.700,2862.2000,17521,0,12415481400.000,0,-,-,-,-,2862.0000,2861.8000,2861.6000,2861.4000,2861.0000,2862.4000,2862.6000,2862.8000,2863.0000,2863.4000,2,2,4,2,3,3,2,7,1,1
SF,IH2006,2020-06-17 14:01:13.200,2862.4000,17521,0,12416340120.000,1,0,1,空换,B,2862.2000,2862.0000,2861.8000,2861.6000,2861.4000,2862.4000,2862.6000,2862.8000,2863.0000,2863.4000,1,2,2,4,2,2,2,7,1,1
SF,IH2006,2020-06-17 14:01:13.700,2862.4000,17522,1,12417198840.000,1,1,0,双开,B,2862.2000,2862.0000,2861.8000,2861.6000,2861.4000,2862.4000,2862.6000,2862.8000,2863.0000,2863.4000,1,2,2,4,2,1,2,7,1,1
SF,IH2006,2020-06-17 14:01:14.200,2862.2000,17524,2,12418916160.000,2,2,0,双开,B,2862.0000,2861.8000,2861.6000,2861.4000,2861.2000,2862.2000,2862.4000,2862.6000,2862.8000,2863.0000,2,2,4,2,1,5,1,2,7,1
SF,IH2006,2020-06-17 14:01:14.700,2862.2000,17524,0,12418916160.000,0,-,-,-,-,2862.0000,2861.8000,2861.6000,2861.4000,2861.2000,2862.4000,2862.6000,2862.8000,2863.0000,2863.4000,2,2,4,2,1,1,2,7,1,1
SF,IH2006,2020-06-17 14:01:15.200,2862.4000,17527,3,12424067880.000,6,4,2,多开,B,2861.8000,2861.6000,2861.4000,2861.2000,2861.0000,2862.6000,2862.8000,2863.0000,2863.4000,2863.6000,1,4,2,1,3,2,7,1,1,3
SF,IH2006,2020-06-17 14:01:15.700,2862.4000,17527,0,12424067880.000,0,-,-,-,-,2861.6000,2861.4000,2861.2000,2861.0000,2860.8000,2862.4000,2862.6000,2862.8000,2863.0000,2863.4000,4,2,1,3,2,6,2,7,1,1
SF,IH2006,2020-06-17 14:01:16.200,2862.4000,17527,0,12424067880.000,0,-,-,-,-,2861.6000,2861.4000,2861.2000,2861.0000,2860.8000,2862.4000,2862.6000,2862.8000,2863.0000,2863.4000,4,2,1,3,2,8,2,7,1,1
SF,IH2006,2020-06-17 14:01:16.700,2862.4000,17527,0,12424926600.000,1,0,1,空换,B,2861.6000,2861.4000,2861.2000,2861.0000,2860.8000,2862.4000,2862.6000,2862.8000,2863.0000,2863.4000,4,2,1,3,3,9,2,7,1,1
SF,IH2006,2020-06-17 14:01:17.200,2862.4000,17527,0,12425785320.000,1,0,1,空换,B,2861.6000,2861.4000,2861.2000,2861.0000,2860.8000,2862.4000,2862.6000,2862.8000,2863.0000,2863.4000,4,2,1,3,3,8,2,7,1,1
SF,IH2006,2020-06-17 14:01:17.700,2862.4000,17527,0,12425785320.000,0,-,-,-,-,2861.8000,2861.6000,2861.4000,2861.2000,2861.0000,2862.4000,2862.6000,2862.8000,2863.0000,2863.4000,3,4,2,1,3,7,2,6,1,1
SF,IH2006,2020-06-17 14:01:18.200,2862.4000,17527,0,12425785320.000,0,-,-,-,-,2861.8000,2861.6000,2861.4000,2861.2000,2861.0000,2862.4000,2862.6000,2862.8000,2863.0000,2863.4000,3,4,2,3,3,7,2,6,1,1
SF,IH2006,2020-06-17 14:01:19.200,2862.4000,17527,0,12425785320.000,0,-,-,-,-,2861.8000,2861.6000,2861.4000,2861.2000,2861.0000,2862.4000,2862.6000,2862.8000,2863.0000,2863.4000,3,4,2,3,3,4,2,6,1,1
SF,IH2006,2020-06-17 14:01:19.700,2862.4000,17527,0,12425785320.000,0,-,-,-,-,2861.8000,2861.6000,2861.4000,2861.2000,2861.0000,2862.4000,2862.6000,2862.8000,2863.0000,2863.4000,3,4,2,3,3,4,2,6,1,1
SF,IH2006,2020-06-17 14:01:21.200,2862.4000,17527,0,12425785320.000,0,-,-,-,-,2862.0000,2861.8000,2861.6000,2861.4000,2861.2000,2862.4000,2862.6000,2862.8000,2863.0000,2863.4000,1,3,4,2,3,4,2,6,1,1
SF,IH2006,2020-06-17 14:01:21.700,2862.4000,17527,0,12427502760.000,2,1,1,空换,B,2862.0000,2861.8000,2861.6000,2861.4000,2861.2000,2862.2000,2862.4000,2862.6000,2862.8000,2863.0000,1,2,4,2,3,1,2,2,6,1
SF,IH2006,2020-06-17 14:01:22.200,2862.2000,17528,1,12428361420.000,1,1,0,双开,B,2862.0000,2861.8000,2861.6000,2861.4000,2861.2000,2862.6000,2862.8000,2863.0000,2863.4000,2863.6000,2,2,4,2,3,2,6,1,1,3
SF,IH2006,2020-06-17 14:01:22.700,2862.6000,17528,0,12429220200.000,1,0,1,空换,B,2862.0000,2861.8000,2861.6000,2861.4000,2861.2000,2862.6000,2862.8000,2863.0000,2863.4000,2863.6000,2,1,4,2,3,1,6,1,1,3
SF,IH2006,2020-06-17 14:01:23.200,2862.2000,17528,0,12430078860.000,1,0,1,空换,B,2862.0000,2861.8000,2861.6000,2861.4000,2861.2000,2862.6000,2862.8000,2863.0000,2863.4000,2863.6000,3,1,4,2,3,1,6,1,1,3
SF,IH2006,2020-06-17 14:01:23.700,2862.2000,17528,0,12430078860.000,0,-,-,-,-,2862.0000,2861.8000,2861.6000,2861.4000,2861.2000,2862.6000,2862.8000,2863.0000,2863.4000,2863.6000,3,1,4,2,3,4,6,1,1,3
SF,IH2006,2020-06-17 14:01:25.200,2862.2000,17528,0,12430078860.000,0,-,-,-,-,2862.2000,2862.0000,2861.8000,2861.6000,2861.4000,2862.6000,2862.8000,2863.0000,2863.4000,2863.6000,1,3,1,4,2,4,6,1,1,3
SF,IH2006,2020-06-17 14:01:25.700,2862.2000,17528,0,12430078860.000,0,-,-,-,-,2862.2000,2862.0000,2861.8000,2861.6000,2861.4000,2862.6000,2862.8000,2863.0000,2863.4000,2863.6000,1,3,1,4,2,4,6,1,1,3
SF,IH2006,2020-06-17 14:01:26.200,2862.2000,17528,0,12430078860.000,0,-,-,-,-,2862.4000,2862.2000,2862.0000,2861.8000,2861.6000,2862.6000,2862.8000,2863.0000,2863.4000,2863.6000,1,1,3,1,4,4,6,1,1,3
SF,IH2006,2020-06-17 14:01:26.700,2862.2000,17528,0,12430078860.000,0,-,-,-,-,2862.4000,2862.2000,2862.0000,2861.8000,2861.6000,2862.6000,2862.8000,2863.0000,2863.4000,2863.6000,1,1,3,1,4,1,6,1,1,3
SF,IH2006,2020-06-17 14:01:27.200,2862.2000,17528,0,12430078860.000,0,-,-,-,-,2862.4000,2862.2000,2862.0000,2861.8000,2861.6000,2862.8000,2863.0000,2863.4000,2863.6000,2863.8000,1,1,3,1,4,6,1,1,3,2
SF,IH2006,2020-06-17 14:01:27.700,2862.2000,17528,0,12430078860.000,0,-,-,-,-,2862.4000,2862.2000,2862.0000,2861.8000,2861.6000,2862.8000,2863.0000,2863.4000,2863.6000,2863.8000,1,1,3,1,4,7,1,1,3,2
SF,IH2006,2020-06-17 14:01:28.200,2862.2000,17528,0,12430078860.000,0,-,-,-,-,2862.4000,2862.2000,2862.0000,2861.8000,2861.6000,2862.6000,2862.8000,2863.0000,2863.4000,2863.6000,1,1,3,1,4,1,7,1,1,3
SF,IH2006,2020-06-17 14:01:28.700,2862.6000,17529,1,12430937640.000,1,1,0,双开,B,2862.6000,2862.4000,2862.2000,2862.0000,2861.8000,2862.8000,2863.0000,2863.4000,2863.6000,2863.8000,1,1,1,3,1,7,1,1,3,2
SF,IH2006,2020-06-17 14:01:29.200,2862.8000,17527,-2,12432655260.000,2,0,2,双平,B,2862.4000,2862.2000,2862.0000,2861.8000,2861.6000,2862.8000,2863.0000,2863.4000,2863.6000,2863.8000,1,1,3,1,4,5,1,1,3,2
SF,IH2006,2020-06-17 14:01:29.700,2862.4000,17527,0,12433513980.000,1,0,1,空换,B,2862.4000,2862.2000,2862.0000,2861.8000,2861.6000,2862.8000,2863.0000,2863.4000,2863.6000,2863.8000,1,1,3,1,3,5,1,1,3,2
SF,IH2006,2020-06-17 14:01:30.200,2862.4000,17527,0,12433513980.000,0,-,-,-,-,2862.6000,2862.4000,2862.2000,2862.0000,2861.8000,2862.8000,2863.0000,2863.4000,2863.6000,2863.8000,3,1,1,3,1,5,1,1,3,2
SF,IH2006,2020-06-17 14:01:30.700,2862.6000,17527,0,12435231600.000,2,1,1,空换,B,2862.6000,2862.4000,2862.0000,2861.8000,2861.6000,2862.8000,2863.0000,2863.4000,2863.6000,2863.8000,2,1,3,1,3,4,1,1,3,2
SF,IH2006,2020-06-17 14:01:31.200,2862.6000,17527,0,12436090380.000,1,0,1,空换,B,2862.6000,2862.4000,2862.0000,2861.8000,2861.6000,2862.8000,2863.0000,2863.4000,2863.6000,2863.8000,1,1,3,1,3,4,1,1,3,2
SF,IH2006,2020-06-17 14:01:31.700,2862.8000,17531,4,12439525740.000,4,4,0,双开,B,2862.8000,2862.6000,2862.4000,2862.0000,2861.8000,2863.0000,2863.4000,2863.6000,2863.8000,2864.0000,4,1,1,3,1,1,1,3,2,1
SF,IH2006,2020-06-17 14:01:32.200,2862.8000,17531,0,12439525740.000,0,-,-,-,-,2862.8000,2862.6000,2862.4000,2862.0000,2861.8000,2863.0000,2863.2000,2863.4000,2863.6000,2863.8000,4,1,1,3,1,1,1,1,3,2
SF,IH2006,2020-06-17 14:01:32.700,2862.8000,17532,1,12440384580.000,1,1,0,双开,B,2862.8000,2862.6000,2862.4000,2862.0000,2861.8000,2863.0000,2863.2000,2863.4000,2863.6000,2863.8000,3,1,1,3,1,1,1,1,3,2
SF,IH2006,2020-06-17 14:01:33.200,2862.8000,17534,2,12442102260.000,2,2,0,双开,B,2862.8000,2862.6000,2862.4000,2862.0000,2861.8000,2863.0000,2863.2000,2863.4000,2863.6000,2863.8000,1,1,1,3,1,1,1,1,3,2
SF,IH2006,2020-06-17 14:01:33.700,2862.8000,17535,1,12442961100.000,1,1,0,双开,B,2862.6000,2862.4000,2862.0000,2861.8000,2861.6000,2862.8000,2863.0000,2863.2000,2863.4000,2863.6000,1,1,3,1,3,1,1,1,1,3
SF,IH2006,2020-06-17 14:01:34.200,2862.6000,17535,0,12444678720.000,2,1,1,空换,B,2862.4000,2862.0000,2861.8000,2861.6000,2861.4000,2862.6000,2862.8000,2863.0000,2863.2000,2863.4000,1,3,1,3,2,4,1,2,1,1
SF,IH2006,2020-06-17 14:01:34.700,2862.4000,17536,1,12445537440.000,1,1,0,双开,B,2862.2000,2862.0000,2861.8000,2861.6000,2861.4000,2862.6000,2862.8000,2863.0000,2863.2000,2863.4000,1,3,1,3,2,5,1,2,1,1
SF,IH2006,2020-06-17 14:01:35.700,2862.6000,17536,0,12447255000.000,2,1,1,空换,B,2862.2000,2862.0000,2861.8000,2861.6000,2861.4000,2862.4000,2862.6000,2862.8000,2863.0000,2863.2000,1,2,1,3,2,1,3,1,2,1
SF,IH2006,2020-06-17 14:01:36.200,2862.6000,17536,0,12447255000.000,0,-,-,-,-,2862.2000,2862.0000,2861.8000,2861.6000,2861.4000,2862.4000,2862.6000,2862.8000,2863.0000,2863.2000,1,2,1,3,2,1,3,2,2,1
SF,IH2006,2020-06-17 14:01:36.700,2862.6000,17536,0,12447255000.000,0,-,-,-,-,2862.2000,2862.0000,2861.8000,2861.6000,2861.4000,2862.4000,2862.6000,2862.8000,2863.0000,2863.2000,1,2,1,3,2,1,3,2,2,1
SF,IH2006,2020-06-17 14:01:37.200,2862.6000,17536,0,12447255000.000,0,-,-,-,-,2862.2000,2862.0000,2861.8000,2861.6000,2861.4000,2862.4000,2862.6000,2862.8000,2863.0000,2863.2000,1,2,1,3,2,1,3,2,2,1
SF,IH2006,2020-06-17 14:01:37.700,2862.2000,17536,0,12448113660.000,1,0,1,空换,B,2862.0000,2861.8000,2861.6000,2861.4000,2861.2000,2862.4000,2862.6000,2862.8000,2863.0000,2863.2000,2,1,3,2,3,1,2,2,2,1
SF,IH2006,2020-06-17 14:01:38.700,2862.0000,17536,0,12448972260.000,1,0,1,空换,B,2862.0000,2861.8000,2861.6000,2861.4000,2861.2000,2862.4000,2862.6000,2862.8000,2863.0000,2863.2000,1,1,3,2,3,1,2,2,2,1
SF,IH2006,2020-06-17 14:01:39.200,2862.0000,17537,1,12450689460.000,2,1,1,多开,B,2862.2000,2861.8000,2861.6000,2861.4000,2861.2000,2862.4000,2862.6000,2862.8000,2863.0000,2863.2000,1,1,3,2,3,1,2,2,2,1
SF,IH2006,2020-06-17 14:01:39.700,2862.0000,17537,0,12450689460.000,0,-,-,-,-,2862.2000,2861.8000,2861.6000,2861.4000,2861.2000,2862.4000,2862.6000,2862.8000,2863.0000,2863.2000,1,1,3,2,3,2,2,2,2,1
SF,IH2006,2020-06-17 14:01:40.200,2862.0000,17537,0,12450689460.000,0,-,-,-,-,2862.2000,2861.8000,2861.6000,2861.4000,2861.2000,2862.4000,2862.8000,2863.0000,2863.2000,2863.4000,1,2,3,2,3,2,2,2,1,1
SF,IH2006,2020-06-17 14:01:40.700,2862.4000,17537,0,12451548180.000,1,0,1,空换,B,2862.2000,2861.8000,2861.6000,2861.4000,2861.2000,2862.8000,2863.0000,2863.2000,2863.4000,2863.6000,1,2,3,2,3,2,2,1,1,4
SF,IH2006,2020-06-17 14:01:41.200,2862.8000,17538,1,12452407020.000,1,1,0,双开,B,2862.4000,2862.2000,2861.8000,2861.6000,2861.4000,2862.8000,2863.0000,2863.2000,2863.4000,2863.6000,1,3,2,3,2,1,2,1,1,4
SF,IH2006,2020-06-17 14:01:41.700,2862.4000,17537,-1,12453265740.000,1,0,1,双平,B,2862.4000,2862.2000,2861.8000,2861.6000,2861.4000,2862.8000,2863.0000,2863.2000,2863.4000,2863.6000,2,3,2,3,2,1,2,1,1,4
SF,IH2006,2020-06-17 14:01:42.200,2862.6000,17536,-1,12454124520.000,1,0,1,双平,B,2862.4000,2862.2000,2861.8000,2861.6000,2861.4000,2862.8000,2863.0000,2863.2000,2863.4000,2863.6000,2,3,2,3,2,2,2,1,1,4
SF,IH2006,2020-06-17 14:01:42.700,2862.8000,17537,1,12454983360.000,1,1,0,双开,B,2862.4000,2862.2000,2861.8000,2861.6000,2861.4000,2862.6000,2862.8000,2863.0000,2863.2000,2863.4000,2,3,2,3,2,2,1,2,1,1
SF,IH2006,2020-06-17 14:01:43.200,2862.8000,17537,0,12454983360.000,0,-,-,-,-,2862.2000,2861.8000,2861.6000,2861.4000,2861.2000,2862.4000,2862.6000,2862.8000,2863.0000,2863.2000,3,2,3,2,4,5,7,1,2,1
SF,IH2006,2020-06-17 14:01:43.700,2862.8000,17537,0,12454983360.000,0,-,-,-,-,2862.2000,2861.8000,2861.6000,2861.4000,2861.2000,2862.4000,2862.6000,2862.8000,2863.0000,2863.2000,1,2,3,2,4,5,6,1,2,1
SF,IH2006,2020-06-17 14:01:44.200,2862.8000,17537,0,12454983360.000,0,-,-,-,-,2862.2000,2861.8000,2861.6000,2861.4000,2861.2000,2862.4000,2862.6000,2862.8000,2863.0000,2863.2000,2,2,3,2,4,5,6,1,2,1
SF,IH2006,2020-06-17 14:01:45.200,2862.8000,17537,0,12454983360.000,0,-,-,-,-,2862.2000,2861.8000,2861.6000,2861.4000,2861.2000,2862.4000,2862.6000,2862.8000,2863.0000,2863.2000,2,2,3,2,4,5,6,1,2,1
SF,IH2006,2020-06-17 14:01:46.700,2862.4000,17537,0,12456700800.000,2,1,1,空换,B,2862.2000,2861.8000,2861.6000,2861.4000,2861.2000,2862.4000,2862.6000,2862.8000,2863.0000,2863.2000,2,2,3,2,4,3,6,1,2,1
SF,IH2006,2020-06-17 14:01:47.200,2862.4000,17540,3,12459276960.000,3,3,0,双开,B,2862.4000,2862.2000,2861.8000,2861.6000,2861.4000,2862.6000,2862.8000,2863.0000,2863.2000,2863.4000,1,2,2,3,3,4,1,2,1,1
SF,IH2006,2020-06-17 14:01:47.700,2862.6000,17541,1,12460135740.000,1,1,0,双开,B,2862.4000,2862.2000,2861.8000,2861.6000,2861.4000,2862.6000,2862.8000,2863.0000,2863.2000,2863.4000,1,2,2,3,3,3,1,2,1,1
SF,IH2006,2020-06-17 14:01:48.200,2862.6000,17544,3,12462712080.000,3,3,0,双开,B,2862.4000,2862.2000,2861.8000,2861.6000,2861.4000,2862.8000,2863.0000,2863.2000,2863.4000,2863.6000,1,2,2,3,3,1,2,1,1,4
SF,IH2006,2020-06-17 14:01:49.700,2862.6000,17544,0,12462712080.000,0,-,-,-,-,2862.4000,2862.2000,2861.8000,2861.6000,2861.4000,2862.8000,2863.0000,2863.2000,2863.4000,2863.6000,1,2,2,3,3,1,2,1,1,4
SF,IH2006,2020-06-17 14:01:50.200,2862.6000,17544,0,12462712080.000,0,-,-,-,-,2862.4000,2862.2000,2861.8000,2861.6000,2861.4000,2862.8000,2863.0000,2863.2000,2863.4000,2863.6000,3,2,2,3,3,2,2,1,1,4
SF,IH2006,2020-06-17 14:01:50.700,2862.6000,17544,0,12462712080.000,0,-,-,-,-,2862.4000,2862.2000,2861.8000,2861.6000,2861.4000,2862.8000,2863.0000,2863.2000,2863.4000,2863.6000,1,2,2,3,3,2,2,1,1,4
SF,IH2006,2020-06-17 14:01:51.200,2862.4000,17544,0,12463570800.000,1,0,1,空换,B,2862.2000,2861.8000,2861.6000,2861.4000,2861.2000,2862.8000,2863.0000,2863.2000,2863.4000,2863.6000,2,2,3,3,5,6,2,1,1,4
SF,IH2006,2020-06-17 14:01:51.700,2862.4000,17544,0,12463570800.000,0,-,-,-,-,2862.2000,2861.8000,2861.6000,2861.4000,2861.2000,2862.8000,2863.0000,2863.2000,2863.4000,2863.6000,4,2,3,3,5,7,2,1,1,4
SF,IH2006,2020-06-17 14:01:53.200,2862.2000,17546,2,12467005440.000,4,3,1,多开,B,2861.8000,2861.6000,2861.4000,2861.2000,2861.0000,2862.2000,2862.8000,2863.0000,2863.2000,2863.4000,2,3,3,5,2,2,7,2,1,2
SF,IH2006,2020-06-17 14:01:53.700,2862.2000,17547,1,12468722760.000,2,1,1,多开,B,2862.2000,2862.0000,2861.8000,2861.6000,2861.4000,2862.8000,2863.0000,2863.2000,2863.4000,2863.6000,9,1,2,3,3,7,2,1,2,4
SF,IH2006,2020-06-17 14:01:54.200,2862.2000,17547,0,12468722760.000,0,-,-,-,-,2862.2000,2862.0000,2861.8000,2861.6000,2861.4000,2862.8000,2863.0000,2863.2000,2863.4000,2863.6000,1,1,2,3,3,7,2,1,2,4
SF,IH2006,2020-06-17 14:01:54.700,2862.2000,17547,0,12468722760.000,0,-,-,-,-,2862.0000,2861.8000,2861.6000,2861.4000,2861.2000,2862.6000,2862.8000,2863.0000,2863.4000,2863.6000,1,2,3,3,5,2,7,2,2,4
SF,IH2006,2020-06-17 14:01:55.200,2862.2000,17547,0,12468722760.000,0,-,-,-,-,2862.0000,2861.8000,2861.6000,2861.4000,2861.2000,2862.6000,2862.8000,2863.0000,2863.4000,2863.6000,2,1,3,3,5,2,7,2,2,4
SF,IH2006,2020-06-17 14:01:56.700,2862.2000,17547,0,12468722760.000,0,-,-,-,-,2862.0000,2861.8000,2861.6000,2861.4000,2861.2000,2862.6000,2862.8000,2863.0000,2863.4000,2863.6000,1,1,3,3,5,2,7,2,2,4
SF,IH2006,2020-06-17 14:01:57.200,2862.2000,17547,0,12468722760.000,0,-,-,-,-,2862.0000,2861.8000,2861.6000,2861.4000,2861.2000,2862.6000,2862.8000,2863.0000,2863.4000,2863.6000,1,1,3,3,5,3,7,2,2,4
SF,IH2006,2020-06-17 14:01:58.700,2862.2000,17547,0,12468722760.000,0,-,-,-,-,2862.0000,2861.8000,2861.6000,2861.4000,2861.2000,2862.4000,2862.6000,2862.8000,2863.0000,2863.4000,1,1,3,3,5,1,3,7,2,2
SF,IH2006,2020-06-17 14:01:59.200,2862.2000,17547,0,12468722760.000,0,-,-,-,-,2861.8000,2861.6000,2861.4000,2861.2000,2861.0000,2862.4000,2862.6000,2862.8000,2863.0000,2863.4000,1,3,3,5,2,3,3,7,2,2
SF,IH2006,2020-06-17 14:01:59.700,2862.2000,17547,0,12468722760.000,0,-,-,-,-,2861.6000,2861.4000,2861.2000,2861.0000,2860.8000,2862.4000,2862.6000,2862.8000,2863.0000,2863.4000,3,3,5,2,1,3,2,7,2,2
SF,IH2006,2020-06-17 14:02:00.200,2862.2000,17547,0,12468722760.000,0,-,-,-,-,2861.6000,2861.4000,2861.2000,2861.0000,2860.8000,2861.8000,2862.2000,2862.4000,2862.6000,2862.8000,3,3,5,2,1,1,3,3,2,6
SF,IH2006,2020-06-17 14:02:00.700,2861.8000,17547,0,12469581300.000,1,0,1,空换,B,2862.0000,2861.8000,2861.6000,2861.4000,2861.2000,2862.2000,2862.4000,2862.6000,2862.8000,2863.0000,4,12,3,3,5,3,3,2,6,2
SF,IH2006,2020-06-17 14:02:01.200,2862.2000,17547,0,12470439960.000,1,0,1,空换,B,2861.8000,2861.6000,2861.4000,2861.2000,2861.0000,2862.2000,2862.4000,2862.6000,2862.8000,2863.0000,6,3,3,5,2,2,3,2,6,2
SF,IH2006,2020-06-17 14:02:01.700,2862.2000,17547,0,12470439960.000,0,-,-,-,-,2861.8000,2861.6000,2861.4000,2861.2000,2861.0000,2862.2000,2862.4000,2862.6000,2862.8000,2863.0000,6,3,3,5,2,1,2,2,5,2
SF,IH2006,2020-06-17 14:02:02.200,2862.2000,17547,0,12470439960.000,0,-,-,-,-,2861.8000,2861.6000,2861.4000,2861.2000,2861.0000,2862.0000,2862.2000,2862.4000,2862.6000,2862.8000,6,3,3,5,2,1,2,3,2,5
SF,IH2006,2020-06-17 14:02:02.700,2862.2000,17547,0,12470439960.000,0,-,-,-,-,2861.8000,2861.6000,2861.4000,2861.2000,2861.0000,2862.2000,2862.4000,2862.6000,2862.8000,2863.0000,5,3,3,5,2,2,3,2,5,3
SF,IH2006,2020-06-17 14:02:03.200,2862.2000,17547,0,12470439960.000,0,-,-,-,-,2861.8000,2861.6000,2861.4000,2861.2000,2861.0000,2862.0000,2862.2000,2862.4000,2862.6000,2862.8000,4,2,3,5,2,4,2,3,2,5
SF,IH2006,2020-06-17 14:02:03.700,2862.2000,17547,0,12470439960.000,0,-,-,-,-,2861.8000,2861.6000,2861.4000,2861.2000,2861.0000,2862.0000,2862.2000,2862.4000,2862.6000,2862.8000,3,2,3,5,2,1,2,3,2,5
SF,IH2006,2020-06-17 14:02:04.200,2862.2000,17547,0,12470439960.000,0,-,-,-,-,2861.8000,2861.6000,2861.4000,2861.2000,2861.0000,2862.0000,2862.2000,2862.4000,2862.6000,2862.8000,4,2,3,5,2,1,2,3,2,5
SF,IH2006,2020-06-17 14:02:04.700,2862.2000,17547,0,12470439960.000,0,-,-,-,-,2861.8000,2861.6000,2861.4000,2861.2000,2861.0000,2862.0000,2862.2000,2862.4000,2862.6000,2862.8000,4,1,3,5,2,3,2,3,2,5
SF,IH2006,2020-06-17 14:02:05.200,2861.8000,17548,1,12473874120.000,4,2,2,多开,B,2861.4000,2861.2000,2861.0000,2860.0000,2859.8000,2861.8000,2862.0000,2862.2000,2862.4000,2862.6000,3,5,2,2,1,6,3,1,3,1
SF,IH2006,2020-06-17 14:02:05.700,2861.8000,17548,0,12473874120.000,0,-,-,-,-,2861.4000,2861.2000,2861.0000,2860.0000,2859.8000,2861.6000,2861.8000,2862.0000,2862.2000,2862.4000,8,4,2,2,1,3,6,3,1,3
SF,IH2006,2020-06-17 14:02:06.200,2861.8000,17548,0,12473874120.000,0,-,-,-,-,2861.4000,2861.2000,2861.0000,2860.0000,2859.8000,2861.6000,2861.8000,2862.0000,2862.2000,2862.4000,10,4,2,2,1,3,6,3,1,3
SF,IH2006,2020-06-17 14:02:06.700,2861.8000,17548,0,12473874120.000,0,-,-,-,-,2861.4000,2861.2000,2861.0000,2860.0000,2859.8000,2861.6000,2861.8000,2862.0000,2862.2000,2862.4000,11,4,2,2,1,3,6,3,1,3
SF,IH2006,2020-06-17 14:02:07.200,2861.6000,17549,1,12474732600.000,1,1,0,双开,B,2861.4000,2861.2000,2861.0000,2860.0000,2859.8000,2861.6000,2861.8000,2862.0000,2862.2000,2862.4000,11,4,2,2,1,2,6,3,1,3
SF,IH2006,2020-06-17 14:02:09.700,2861.6000,17549,0,12474732600.000,0,-,-,-,-,2861.4000,2861.2000,2861.0000,2860.0000,2859.8000,2861.6000,2861.8000,2862.0000,2862.2000,2862.4000,11,4,2,2,1,1,6,3,1,3
SF,IH2006,2020-06-17 14:02:10.200,2861.6000,17549,0,12474732600.000,0,-,-,-,-,2861.4000,2861.2000,2861.0000,2860.0000,2859.8000,2861.6000,2861.8000,2862.0000,2862.2000,2862.4000,11,4,2,2,1,1,4,3,1,3
SF,IH2006,2020-06-17 14:02:11.200,2861.6000,17550,1,12475591080.000,1,1,0,双开,B,2861.4000,2861.2000,2861.0000,2860.8000,2860.0000,2861.8000,2862.0000,2862.2000,2862.4000,2862.6000,11,3,2,1,1,4,3,1,3,1
SF,IH2006,2020-06-17 14:02:12.200,2861.6000,17550,0,12475591080.000,0,-,-,-,-,2861.4000,2861.2000,2861.0000,2860.8000,2860.0000,2861.8000,2862.0000,2862.2000,2862.4000,2862.6000,11,3,2,1,1,4,3,1,3,1
SF,IH2006,2020-06-17 14:02:12.700,2861.6000,17550,0,12475591080.000,0,-,-,-,-,2861.4000,2861.2000,2861.0000,2860.8000,2860.0000,2861.8000,2862.0000,2862.2000,2862.4000,2862.6000,11,3,2,1,1,4,3,1,3,1
SF,IH2006,2020-06-17 14:02:13.700,2861.6000,17550,0,12475591080.000,0,-,-,-,-,2861.4000,2861.2000,2861.0000,2860.8000,2860.0000,2861.8000,2862.0000,2862.2000,2862.4000,2862.6000,11,1,2,1,1,4,3,1,3,1
SF,IH2006,2020-06-17 14:02:15.700,2861.6000,17550,0,12475591080.000,0,-,-,-,-,2861.4000,2861.2000,2861.0000,2860.8000,2860.0000,2861.8000,2862.0000,2862.2000,2862.4000,2862.6000,10,1,2,1,1,4,3,1,3,1
SF,IH2006,2020-06-17 14:02:16.200,2861.6000,17550,0,12475591080.000,0,-,-,-,-,2861.4000,2861.2000,2861.0000,2860.8000,2860.0000,2861.8000,2862.0000,2862.2000,2862.4000,2862.6000,10,1,2,1,1,6,2,1,3,1
SF,IH2006,2020-06-17 14:02:19.200,2861.4000,17551,1,12476449500.000,1,1,0,双开,B,2861.4000,2861.2000,2861.0000,2860.8000,2860.0000,2861.8000,2862.0000,2862.2000,2862.4000,2862.6000,9,1,2,1,1,6,2,1,3,1
SF,IH2006,2020-06-17 14:02:19.700,2861.4000,17558,7,12482458440.000,7,7,0,双开,B,2861.4000,2861.2000,2861.0000,2860.8000,2860.0000,2861.6000,2861.8000,2862.0000,2862.2000,2862.4000,1,1,2,1,1,2,6,2,1,3
SF,IH2006,2020-06-17 14:02:20.200,2861.4000,17559,1,12483316860.000,1,1,0,双开,B,2861.2000,2861.0000,2860.8000,2860.0000,2859.8000,2861.6000,2861.8000,2862.0000,2862.2000,2862.4000,1,2,1,1,1,4,6,2,1,3
SF,IH2006,2020-06-17 14:02:20.700,2861.4000,17559,0,12483316860.000,0,-,-,-,-,2861.2000,2861.0000,2860.8000,2860.0000,2859.8000,2861.6000,2861.8000,2862.0000,2862.4000,2862.6000,1,2,1,1,1,5,6,2,2,1
SF,IH2006,2020-06-17 14:02:22.700,2861.4000,17559,0,12483316860.000,0,-,-,-,-,2861.2000,2861.0000,2860.8000,2860.0000,2859.8000,2861.4000,2861.6000,2861.8000,2862.0000,2862.4000,1,2,1,1,1,2,4,6,2,2
SF,IH2006,2020-06-17 14:02:23.200,2861.4000,17559,0,12483316860.000,0,-,-,-,-,2861.2000,2861.0000,2860.8000,2860.0000,2859.8000,2861.4000,2861.6000,2861.8000,2862.0000,2862.4000,1,2,1,1,1,2,5,6,2,2
SF,IH2006,2020-06-17 14:02:23.700,2861.2000,17559,0,12484175220.000,1,0,1,空换,B,2861.0000,2860.8000,2860.0000,2859.8000,2859.4000,2861.2000,2861.4000,2861.6000,2861.8000,2862.0000,1,1,1,1,2,11,2,4,4,2
SF,IH2006,2020-06-17 14:02:24.200,2861.0000,17560,1,12485033520.000,1,1,0,双开,B,2860.8000,2860.0000,2859.8000,2859.4000,2859.0000,2861.0000,2861.2000,2861.4000,2861.6000,2861.8000,1,1,1,2,5,2,10,3,4,4
SF,IH2006,2020-06-17 14:02:24.700,2860.8000,17561,1,12485891760.000,1,1,0,双开,B,2860.0000,2859.8000,2859.4000,2859.0000,2858.6000,2861.2000,2861.4000,2861.6000,2861.8000,2862.0000,1,1,2,5,2,11,3,4,4,2
SF,IH2006,2020-06-17 14:02:25.200,2861.0000,17561,0,12489324960.000,4,2,2,空换,B,2861.0000,2860.8000,2860.4000,2860.2000,2860.0000,2861.2000,2861.4000,2861.6000,2861.8000,2862.0000,1,4,2,11,1,12,2,3,4,3
SF,IH2006,2020-06-17 14:02:25.700,2861.0000,17560,-1,12490183260.000,1,0,1,双平,B,2860.4000,2860.2000,2860.0000,2859.8000,2859.4000,2861.2000,2861.4000,2861.6000,2861.8000,2862.0000,1,6,1,1,3,10,1,3,4,3
SF,IH2006,2020-06-17 14:02:26.200,2861.0000,17560,0,12490183260.000,0,-,-,-,-,2861.0000,2860.6000,2860.4000,2860.2000,2860.0000,2861.2000,2861.4000,2861.6000,2861.8000,2862.0000,2,8,3,4,1,11,2,3,4,3
SF,IH2006,2020-06-17 14:02:26.700,2861.0000,17560,0,12490183260.000,0,-,-,-,-,2860.6000,2860.4000,2860.2000,2860.0000,2859.8000,2861.0000,2861.2000,2861.4000,2861.6000,2861.8000,8,3,4,1,1,1,11,2,3,4
SF,IH2006,2020-06-17 14:02:27.200,2861.0000,17560,0,12490183260.000,0,-,-,-,-,2860.8000,2860.6000,2860.4000,2860.2000,2860.0000,2861.0000,2861.2000,2861.4000,2861.6000,2861.8000,2,8,1,4,1,1,12,2,3,4
SF,IH2006,2020-06-17 14:02:27.700,2861.0000,17560,0,12490183260.000,0,-,-,-,-,2860.8000,2860.6000,2860.4000,2860.2000,2860.0000,2861.0000,2861.2000,2861.4000,2861.6000,2861.8000,2,8,1,4,1,1,12,2,3,4
SF,IH2006,2020-06-17 14:02:29.200,2861.0000,17560,0,12490183260.000,0,-,-,-,-,2860.8000,2860.6000,2860.4000,2860.2000,2860.0000,2861.0000,2861.2000,2861.4000,2861.6000,2861.8000,2,8,1,5,1,1,12,2,3,4
SF,IH2006,2020-06-17 14:02:29.700,2861.0000,17560,0,12491041560.000,1,0,1,空换,B,2860.8000,2860.6000,2860.4000,2860.2000,2860.0000,2861.2000,2861.4000,2861.6000,2861.8000,2862.0000,2,8,1,5,1,12,2,3,4,3
SF,IH2006,2020-06-17 14:02:30.200,2861.0000,17560,0,12491041560.000,0,-,-,-,-,2860.8000,2860.6000,2860.4000,2860.2000,2860.0000,2861.0000,2861.2000,2861.4000,2861.6000,2861.8000,3,8,1,5,1,1,12,2,3,4
SF,IH2006,2020-06-17 14:02:31.200,2861.0000,17560,0,12491041560.000,0,-,-,-,-,2860.8000,2860.6000,2860.4000,2860.2000,2860.0000,2861.0000,2861.2000,2861.4000,2861.6000,2861.8000,3,8,1,5,1,1,11,2,3,4
SF,IH2006,2020-06-17 14:02:31.700,2861.0000,17560,0,12491041560.000,0,-,-,-,-,2860.8000,2860.6000,2860.4000,2860.2000,2860.0000,2861.0000,2861.2000,2861.4000,2861.6000,2861.8000,3,6,1,5,1,1,8,2,3,4
SF,IH2006,2020-06-17 14:02:33.700,2861.0000,17560,0,12491041560.000,0,-,-,-,-,2860.8000,2860.6000,2860.4000,2860.2000,2860.0000,2861.0000,2861.2000,2861.4000,2861.6000,2861.8000,3,5,1,5,1,1,6,2,3,4
SF,IH2006,2020-06-17 14:02:34.200,2861.0000,17561,1,12491899860.000,1,1,0,双开,B,2861.0000,2860.8000,2860.6000,2860.4000,2860.2000,2861.2000,2861.4000,2861.6000,2861.8000,2862.0000,2,3,5,1,5,6,1,3,4,3
SF,IH2006,2020-06-17 14:02:34.700,2861.2000,17564,3,12494474940.000,3,3,0,双开,B,2861.0000,2860.8000,2860.6000,2860.4000,2860.2000,2861.2000,2861.6000,2861.8000,2862.0000,2862.4000,7,1,4,1,4,3,1,4,3,2
SF,IH2006,2020-06-17 14:02:35.200,2861.2000,17566,2,12497050020.000,3,2,1,多开,B,2861.2000,2861.0000,2860.8000,2860.6000,2860.4000,2861.6000,2861.8000,2862.0000,2862.4000,2862.6000,4,5,1,3,1,1,4,3,2,1
SF,IH2006,2020-06-17 14:02:35.700,2861.2000,17566,0,12497050020.000,0,-,-,-,-,2861.4000,2861.2000,2861.0000,2860.8000,2860.6000,2861.6000,2861.8000,2862.0000,2862.4000,2862.6000,2,1,3,1,3,1,4,3,2,1
SF,IH2006,2020-06-17 14:02:36.200,2861.6000,17565,-1,12497908500.000,1,0,1,双平,B,2861.6000,2861.4000,2861.2000,2861.0000,2860.8000,2861.8000,2862.0000,2862.4000,2862.6000,2862.8000,1,2,1,3,1,4,3,2,1,5
SF,IH2006,2020-06-17 14:02:36.700,2861.6000,17565,0,12498766980.000,1,0,1,空换,B,2861.4000,2861.2000,2861.0000,2860.8000,2860.6000,2861.8000,2862.0000,2862.4000,2862.6000,2862.8000,2,1,3,1,1,6,3,2,1,5
SF,IH2006,2020-06-17 14:02:37.200,2861.4000,17565,0,12500483820.000,2,1,1,空换,B,2861.2000,2861.0000,2860.8000,2860.6000,2860.4000,2861.4000,2861.8000,2862.0000,2862.4000,2862.6000,1,2,1,1,1,2,7,3,2,1
SF,IH2006,2020-06-17 14:02:37.700,2861.4000,17565,0,12500483820.000,0,-,-,-,-,2861.0000,2860.8000,2860.6000,2860.4000,2860.2000,2861.2000,2861.4000,2861.6000,2861.8000,2862.0000,2,1,1,1,4,1,1,1,7,3
SF,IH2006,2020-06-17 14:02:38.200,2861.4000,17565,0,12501342240.000,1,0,1,空换,B,2861.2000,2861.0000,2860.8000,2860.6000,2860.4000,2861.4000,2861.6000,2861.8000,2862.0000,2862.4000,5,2,1,1,1,1,1,7,3,2
SF,IH2006,2020-06-17 14:02:38.700,2861.4000,17565,0,12501342240.000,0,-,-,-,-,2861.2000,2861.0000,2860.8000,2860.6000,2860.4000,2861.4000,2861.6000,2861.8000,2862.0000,2862.4000,2,2,1,1,1,1,1,7,3,2
SF,IH2006,2020-06-17 14:02:39.200,2861.4000,17565,0,12501342240.000,0,-,-,-,-,2861.2000,2861.0000,2860.8000,2860.6000,2860.4000,2861.4000,2861.6000,2861.8000,2862.0000,2862.4000,1,2,1,1,1,1,1,7,3,2
SF,IH2006,2020-06-17 14:02:39.700,2861.2000,17567,2,12503058960.000,2,2,0,双开,B,2861.0000,2860.8000,2860.6000,2860.4000,2860.2000,2861.2000,2861.4000,2861.6000,2861.8000,2862.0000,1,1,1,1,4,6,1,2,5,3
SF,IH2006,2020-06-17 14:02:40.200,2861.0000,17568,1,12503917260.000,1,1,0,双开,B,2860.6000,2860.4000,2860.2000,2860.0000,2859.8000,2861.0000,2861.2000,2861.4000,2861.6000,2861.8000,1,1,4,2,1,2,6,1,2,5
SF,IH2006,2020-06-17 14:02:40.700,2861.0000,17568,0,12503917260.000,0,-,-,-,-,2860.6000,2860.4000,2860.2000,2860.0000,2859.8000,2861.0000,2861.2000,2861.4000,2861.6000,2861.8000,2,1,4,2,1,2,6,1,2,5
SF,IH2006,2020-06-17 14:02:41.700,2861.0000,17568,0,12503917260.000,0,-,-,-,-,2860.6000,2860.4000,2860.2000,2860.0000,2859.8000,2861.0000,2861.2000,2861.4000,2861.6000,2861.8000,2,1,4,2,1,2,6,1,2,5
SF,IH2006,2020-06-17 14:02:42.200,2861.0000,17568,0,12503917260.000,0,-,-,-,-,2860.6000,2860.4000,2860.2000,2860.0000,2859.8000,2861.0000,2861.2000,2861.4000,2861.6000,2861.8000,2,2,4,2,1,2,6,1,2,5
SF,IH2006,2020-06-17 14:02:42.700,2860.6000,17568,0,12504775440.000,1,0,1,空换,B,2860.6000,2860.4000,2860.2000,2860.0000,2859.8000,2861.0000,2861.2000,2861.4000,2861.6000,2861.8000,1,2,4,2,1,2,5,1,2,5
SF,IH2006,2020-06-17 14:02:43.200,2860.6000,17568,0,12505633620.000,1,0,1,空换,B,2860.6000,2860.4000,2860.2000,2860.0000,2859.8000,2861.0000,2861.2000,2861.6000,2861.8000,2862.0000,1,2,4,2,1,2,4,2,5,3
SF,IH2006,2020-06-17 14:02:43.700,2860.6000,17568,0,12505633620.000,0,-,-,-,-,2860.6000,2860.4000,2860.2000,2860.0000,2859.8000,2860.8000,2861.0000,2861.2000,2861.6000,2861.8000,1,2,4,2,1,1,2,4,2,5
SF,IH2006,2020-06-17 14:02:46.200,2860.6000,17568,0,12505633620.000,0,-,-,-,-,2860.6000,2860.4000,2860.2000,2860.0000,2859.8000,2860.8000,2861.0000,2861.2000,2861.6000,2861.8000,2,2,4,2,1,1,2,4,2,5
SF,IH2006,2020-06-17 14:02:47.200,2860.6000,17568,0,12505633620.000,0,-,-,-,-,2860.6000,2860.4000,2860.2000,2860.0000,2859.8000,2860.8000,2861.0000,2861.2000,2861.6000,2861.8000,2,2,4,2,1,1,2,4,2,6
SF,IH2006,2020-06-17 14:02:47.700,2860.6000,17568,0,12505633620.000,0,-,-,-,-,2860.6000,2860.4000,2860.2000,2860.0000,2859.8000,2860.8000,2861.0000,2861.2000,2861.6000,2861.8000,2,1,4,2,1,1,1,3,2,6
SF,IH2006,2020-06-17 14:02:48.200,2860.6000,17568,0,12505633620.000,0,-,-,-,-,2860.6000,2860.4000,2860.2000,2860.0000,2859.8000,2860.8000,2861.0000,2861.2000,2861.6000,2861.8000,2,1,3,2,1,1,1,3,2,6
SF,IH2006,2020-06-17 14:02:48.700,2860.6000,17568,0,12507349980.000,2,1,1,空换,B,2860.4000,2860.2000,2860.0000,2859.8000,2859.4000,2860.6000,2860.8000,2861.0000,2861.2000,2861.6000,1,2,2,1,2,1,1,2,1,2
SF,IH2006,2020-06-17 14:02:49.200,2860.6000,17568,0,12507349980.000,0,-,-,-,-,2860.4000,2860.2000,2860.0000,2859.8000,2859.4000,2860.6000,2860.8000,2861.0000,2861.2000,2861.6000,1,2,2,1,2,1,1,2,1,2
SF,IH2006,2020-06-17 14:02:49.700,2860.4000,17568,0,12508208100.000,1,0,1,空换,B,2860.2000,2860.0000,2859.8000,2859.4000,2859.2000,2860.6000,2860.8000,2861.0000,2861.2000,2861.6000,2,2,1,2,1,1,1,2,1,2
SF,IH2006,2020-06-17 14:02:50.700,2860.4000,17568,0,12508208100.000,0,-,-,-,-,2860.0000,2859.8000,2859.4000,2859.2000,2859.0000,2860.6000,2860.8000,2861.0000,2861.2000,2861.6000,2,1,2,1,5,1,1,2,1,2
SF,IH2006,2020-06-17 14:02:51.200,2860.0000,17568,0,12509066100.000,1,0,1,空换,B,2860.0000,2859.8000,2859.4000,2859.2000,2859.0000,2860.6000,2860.8000,2861.0000,2861.2000,2861.6000,2,1,2,1,5,1,1,2,1,2
SF,IH2006,2020-06-17 14:02:51.700,2860.0000,17568,0,12509066100.000,0,-,-,-,-,2860.2000,2860.0000,2859.8000,2859.4000,2859.2000,2860.6000,2860.8000,2861.0000,2861.2000,2861.6000,1,2,1,2,1,1,1,2,1,1
SF,IH2006,2020-06-17 14:02:52.200,2860.0000,17568,0,12509066100.000,0,-,-,-,-,2860.2000,2860.0000,2859.8000,2859.4000,2859.2000,2860.6000,2860.8000,2861.0000,2861.2000,2861.6000,1,2,1,2,1,1,1,2,1,1
SF,IH2006,2020-06-17 14:02:52.700,2860.0000,17568,0,12509066100.000,0,-,-,-,-,2860.2000,2860.0000,2859.8000,2859.4000,2859.2000,2860.6000,2861.0000,2861.2000,2861.6000,2861.8000,2,1,1,2,1,1,2,1,1,7
SF,IH2006,2020-06-17 14:02:53.200,2860.0000,17568,0,12509066100.000,0,-,-,-,-,2860.2000,2860.0000,2859.8000,2859.4000,2859.2000,2860.6000,2861.0000,2861.2000,2861.6000,2861.8000,2,1,1,2,1,1,2,1,1,7
SF,IH2006,2020-06-17 14:02:54.200,2860.0000,17568,0,12509066100.000,0,-,-,-,-,2860.2000,2860.0000,2859.8000,2859.4000,2859.2000,2860.4000,2860.6000,2861.0000,2861.2000,2861.6000,2,1,1,2,1,1,1,2,1,1
SF,IH2006,2020-06-17 14:02:54.700,2860.4000,17568,0,12509924220.000,1,0,1,空换,B,2860.2000,2860.0000,2859.8000,2859.4000,2859.2000,2860.6000,2861.0000,2861.2000,2861.6000,2861.8000,1,1,1,2,1,1,2,1,1,7
SF,IH2006,2020-06-17 14:02:57.700,2860.4000,17568,0,12509924220.000,0,-,-,-,-,2860.2000,2860.0000,2859.8000,2859.4000,2859.2000,2860.6000,2861.0000,2861.2000,2861.6000,2861.8000,1,1,1,2,1,2,2,1,1,7
SF,IH2006,2020-06-17 14:02:59.700,2860.4000,17568,0,12509924220.000,0,-,-,-,-,2860.0000,2859.8000,2859.4000,2859.2000,2859.0000,2860.6000,2861.0000,2861.2000,2861.6000,2861.8000,1,1,2,1,6,2,2,1,1,7
SF,IH2006,2020-06-17 14:03:00.200,2860.4000,17568,0,12509924220.000,0,-,-,-,-,2860.0000,2859.8000,2859.4000,2859.2000,2859.0000,2860.6000,2861.0000,2861.2000,2861.4000,2861.6000,1,1,2,1,6,2,2,1,1,1
SF,IH2006,2020-06-17 14:03:00.700,2860.4000,17568,0,12509924220.000,0,-,-,-,-,2860.0000,2859.8000,2859.4000,2859.2000,2859.0000,2860.4000,2860.6000,2861.0000,2861.2000,2861.4000,1,1,2,1,6,1,2,2,1,1
SF,IH2006,2020-06-17 14:03:01.200,2860.4000,17568,0,12509924220.000,0,-,-,-,-,2859.8000,2859.4000,2859.2000,2859.0000,2858.6000,2860.4000,2860.6000,2861.0000,2861.2000,2861.4000,1,2,1,6,2,1,2,2,1,1
SF,IH2006,2020-06-17 14:03:01.700,2860.4000,17568,0,12509924220.000,0,-,-,-,-,2860.0000,2859.8000,2859.6000,2859.4000,2859.2000,2860.4000,2860.6000,2861.0000,2861.2000,2861.4000,1,1,1,2,1,2,2,2,1,1
SF,IH2006,2020-06-17 14:03:05.700,2860.0000,17568,0,12510782220.000,1,0,1,空换,B,2859.8000,2859.6000,2859.4000,2859.2000,2859.0000,2860.4000,2860.6000,2861.0000,2861.2000,2861.4000,1,1,2,1,6,2,2,2,1,1
SF,IH2006,2020-06-17 14:03:06.200,2860.0000,17568,0,12511640220.000,1,0,1,空换,B,2859.8000,2859.6000,2859.4000,2859.2000,2859.0000,2860.2000,2860.4000,2860.6000,2861.0000,2861.2000,1,1,2,1,6,1,2,2,2,1
SF,IH2006,2020-06-17 14:03:06.700,2860.0000,17568,0,12511640220.000,0,-,-,-,-,2859.8000,2859.6000,2859.4000,2859.2000,2859.0000,2860.0000,2860.2000,2860.4000,2860.6000,2861.0000,1,1,2,1,6,1,1,1,2,2
SF,IH2006,2020-06-17 14:03:07.200,2860.0000,17568,0,12512498220.000,1,0,1,空换,B,2860.0000,2859.8000,2859.6000,2859.4000,2859.2000,2860.2000,2860.4000,2860.6000,2861.0000,2861.2000,2,1,2,2,1,1,1,2,2,1
SF,IH2006,2020-06-17 14:03:09.200,2860.0000,17568,0,12512498220.000,0,-,-,-,-,2860.0000,2859.8000,2859.6000,2859.4000,2859.2000,2860.2000,2860.4000,2860.6000,2861.0000,2861.2000,2,1,2,2,1,1,1,1,2,1
SF,IH2006,2020-06-17 14:03:09.700,2860.0000,17568,0,12512498220.000,0,-,-,-,-,2860.0000,2859.8000,2859.6000,2859.4000,2859.2000,2860.4000,2860.6000,2861.0000,2861.2000,2861.4000,2,1,2,2,1,1,1,2,1,1
SF,IH2006,2020-06-17 14:03:10.200,2860.0000,17568,0,12512498220.000,0,-,-,-,-,2860.0000,2859.8000,2859.6000,2859.4000,2859.2000,2860.4000,2860.6000,2861.0000,2861.2000,2861.4000,3,1,2,2,1,2,1,2,1,1
SF,IH2006,2020-06-17 14:03:11.700,2860.0000,17568,0,12512498220.000,0,-,-,-,-,2860.2000,2860.0000,2859.8000,2859.6000,2859.4000,2860.4000,2860.6000,2861.0000,2861.2000,2861.4000,2,6,1,2,2,2,1,2,1,1
SF,IH2006,2020-06-17 14:03:12.200,2860.4000,17568,0,12513356340.000,1,0,1,空换,B,2860.2000,2860.0000,2859.8000,2859.6000,2859.4000,2860.4000,2860.6000,2861.0000,2861.2000,2861.4000,2,6,1,2,2,1,1,2,1,1
SF,IH2006,2020-06-17 14:03:12.700,2860.4000,17568,0,12513356340.000,0,-,-,-,-,2860.2000,2860.0000,2859.8000,2859.6000,2859.4000,2860.4000,2860.6000,2861.0000,2861.2000,2861.4000,2,6,1,2,2,1,1,2,1,1
SF,IH2006,2020-06-17 14:03:14.200,2860.2000,17570,2,12515072460.000,2,2,0,双开,B,2860.0000,2859.8000,2859.6000,2859.4000,2859.2000,2860.4000,2860.6000,2861.0000,2861.2000,2861.4000,6,1,2,2,1,1,1,2,1,1
SF,IH2006,2020-06-17 14:03:14.700,2860.2000,17570,0,12515072460.000,0,-,-,-,-,2860.0000,2859.8000,2859.6000,2859.4000,2859.2000,2860.2000,2860.4000,2860.6000,2860.8000,2861.0000,6,1,2,2,1,1,1,1,1,2
SF,IH2006,2020-06-17 14:03:15.700,2860.2000,17570,0,12515930520.000,1,0,1,空换,B,2860.2000,2860.0000,2859.8000,2859.6000,2859.4000,2860.4000,2860.6000,2860.8000,2861.0000,2861.2000,1,6,1,2,2,1,1,1,2,1
SF,IH2006,2020-06-17 14:03:17.200,2860.2000,17570,0,12515930520.000,0,-,-,-,-,2860.2000,2860.0000,2859.8000,2859.6000,2859.4000,2860.4000,2860.8000,2861.0000,2861.2000,2861.4000,1,6,1,2,2,1,1,2,1,1
SF,IH2006,2020-06-17 14:03:18.200,2860.4000,17569,-1,12516788640.000,1,0,1,双平,B,2860.4000,2860.2000,2860.0000,2859.8000,2859.6000,2860.8000,2861.0000,2861.2000,2861.4000,2861.8000,1,1,6,1,2,2,2,1,1,7
SF,IH2006,2020-06-17 14:03:19.200,2860.4000,17569,0,12516788640.000,0,-,-,-,-,2860.4000,2860.2000,2860.0000,2859.8000,2859.6000,2860.8000,2861.0000,2861.2000,2861.4000,2861.8000,1,1,6,1,2,2,2,1,1,7
SF,IH2006,2020-06-17 14:03:19.700,2860.4000,17569,0,12516788640.000,0,-,-,-,-,2860.2000,2860.0000,2859.8000,2859.6000,2859.4000,2860.8000,2861.0000,2861.2000,2861.4000,2861.8000,2,6,1,2,2,2,2,1,1,7
SF,IH2006,2020-06-17 14:03:20.200,2860.4000,17569,0,12516788640.000,0,-,-,-,-,2860.2000,2860.0000,2859.8000,2859.6000,2859.4000,2860.8000,2861.0000,2861.2000,2861.4000,2861.8000,2,6,1,2,2,3,2,1,1,7
SF,IH2006,2020-06-17 14:03:20.700,2860.4000,17569,0,12516788640.000,0,-,-,-,-,2860.2000,2860.0000,2859.8000,2859.6000,2859.4000,2860.6000,2860.8000,2861.0000,2861.2000,2861.4000,2,6,1,2,2,2,3,2,1,1
SF,IH2006,2020-06-17 14:03:21.700,2860.4000,17569,0,12516788640.000,0,-,-,-,-,2860.2000,2860.0000,2859.8000,2859.6000,2859.4000,2860.6000,2860.8000,2861.0000,2861.2000,2861.4000,3,6,1,2,2,2,3,2,1,1
SF,IH2006,2020-06-17 14:03:22.200,2860.8000,17573,4,12521079720.000,5,4,1,多开,B,2860.8000,2860.2000,2860.0000,2859.8000,2859.6000,2861.0000,2861.2000,2861.4000,2861.8000,2862.0000,3,3,6,1,1,1,1,1,7,1
SF,IH2006,2020-06-17 14:03:22.700,2860.8000,17576,3,12523654440.000,3,3,0,双开,B,2860.2000,2860.0000,2859.8000,2859.6000,2859.4000,2860.6000,2860.8000,2861.0000,2861.2000,2861.4000,3,6,1,1,2,3,13,2,1,1
SF,IH2006,2020-06-17 14:03:23.200,2860.8000,17576,0,12523654440.000,0,-,-,-,-,2860.2000,2860.0000,2859.8000,2859.6000,2859.4000,2860.8000,2861.0000,2861.2000,2861.4000,2861.8000,3,6,1,1,2,6,2,1,1,6
SF,IH2006,2020-06-17 14:03:23.700,2860.8000,17576,0,12523654440.000,0,-,-,-,-,2860.2000,2860.0000,2859.8000,2859.6000,2859.4000,2860.6000,2860.8000,2861.0000,2861.2000,2861.4000,3,6,1,1,2,1,7,1,1,1
SF,IH2006,2020-06-17 14:03:24.200,2860.2000,17575,-1,12524512500.000,1,0,1,双平,B,2860.2000,2860.0000,2859.8000,2859.6000,2859.4000,2860.6000,2860.8000,2861.0000,2861.2000,2861.4000,2,6,1,1,2,1,7,1,1,1
SF,IH2006,2020-06-17 14:03:24.700,2860.6000,17575,0,12525370680.000,1,0,1,空换,B,2860.2000,2860.0000,2859.8000,2859.6000,2859.4000,2860.8000,2861.0000,2861.2000,2861.4000,2861.8000,2,6,1,1,2,7,1,1,1,6
SF,IH2006,2020-06-17 14:03:25.700,2860.6000,17575,0,12525370680.000,0,-,-,-,-,2860.2000,2860.0000,2859.8000,2859.6000,2859.4000,2860.8000,2861.0000,2861.2000,2861.4000,2861.8000,2,6,1,1,2,6,1,1,1,6
SF,IH2006,2020-06-17 14:03:26.200,2860.6000,17575,0,12525370680.000,0,-,-,-,-,2860.2000,2860.0000,2859.8000,2859.6000,2859.4000,2860.8000,2861.0000,2861.2000,2861.4000,2861.8000,2,6,1,1,2,6,1,1,1,7
SF,IH2006,2020-06-17 14:03:27.700,2860.6000,17575,0,12525370680.000,0,-,-,-,-,2860.2000,2860.0000,2859.8000,2859.6000,2859.4000,2860.8000,2861.0000,2861.2000,2861.4000,2861.8000,2,6,1,1,2,6,1,1,1,7
SF,IH2006,2020-06-17 14:03:28.200,2860.6000,17575,0,12525370680.000,0,-,-,-,-,2860.2000,2860.0000,2859.8000,2859.6000,2859.4000,2860.8000,2861.0000,2861.2000,2861.4000,2861.8000,2,6,1,1,2,5,1,1,1,7
SF,IH2006,2020-06-17 14:03:28.700,2860.6000,17575,0,12525370680.000,0,-,-,-,-,2860.2000,2860.0000,2859.8000,2859.6000,2859.4000,2860.8000,2861.0000,2861.2000,2861.4000,2861.8000,2,6,1,1,2,4,1,1,1,7
SF,IH2006,2020-06-17 14:03:29.200,2860.6000,17575,0,12525370680.000,0,-,-,-,-,2860.2000,2860.0000,2859.8000,2859.6000,2859.4000,2860.8000,2861.0000,2861.2000,2861.4000,2861.8000,3,6,1,1,2,4,1,1,1,7
SF,IH2006,2020-06-17 14:03:31.700,2860.6000,17575,0,12525370680.000,0,-,-,-,-,2860.2000,2860.0000,2859.8000,2859.6000,2859.4000,2860.8000,2861.0000,2861.2000,2861.4000,2861.8000,3,6,1,1,2,4,1,1,1,7
SF,IH2006,2020-06-17 14:03:32.200,2860.6000,17575,0,12525370680.000,0,-,-,-,-,2860.2000,2860.0000,2859.8000,2859.6000,2859.4000,2860.8000,2861.0000,2861.2000,2861.4000,2861.8000,3,7,1,1,2,4,1,1,1,7
SF,IH2006,2020-06-17 14:03:34.200,2860.8000,17575,0,12527945220.000,3,1,2,空换,B,2860.2000,2860.0000,2859.8000,2859.6000,2859.4000,2860.8000,2861.0000,2861.2000,2861.4000,2861.8000,2,7,1,1,2,2,1,1,1,7
SF,IH2006,2020-06-17 14:03:35.700,2860.8000,17575,0,12527945220.000,0,-,-,-,-,2860.2000,2860.0000,2859.8000,2859.6000,2859.4000,2860.8000,2861.0000,2861.2000,2861.4000,2861.6000,2,7,1,1,2,2,1,1,1,1
SF,IH2006,2020-06-17 14:03:36.200,2860.8000,17575,0,12527945220.000,0,-,-,-,-,2860.2000,2860.0000,2859.8000,2859.6000,2859.4000,2860.8000,2861.0000,2861.2000,2861.4000,2861.6000,2,7,1,1,2,1,1,1,1,1
SF,IH2006,2020-06-17 14:03:36.700,2860.8000,17575,0,12527945220.000,0,-,-,-,-,2860.2000,2860.0000,2859.8000,2859.6000,2859.4000,2860.8000,2861.0000,2861.2000,2861.4000,2861.6000,2,7,1,1,2,1,1,1,1,1
SF,IH2006,2020-06-17 14:03:37.200,2860.2000,17574,-1,12528803280.000,1,0,1,双平,B,2860.2000,2860.0000,2859.8000,2859.6000,2859.4000,2860.8000,2861.0000,2861.2000,2861.4000,2861.6000,1,7,1,1,2,1,1,1,1,1
SF,IH2006,2020-06-17 14:03:37.700,2860.2000,17574,0,12528803280.000,0,-,-,-,-,2860.4000,2860.0000,2859.8000,2859.6000,2859.4000,2860.8000,2861.0000,2861.2000,2861.4000,2861.6000,1,7,1,1,2,1,1,1,1,1
SF,IH2006,2020-06-17 14:03:38.200,2860.2000,17574,0,12528803280.000,0,-,-,-,-,2860.4000,2860.0000,2859.8000,2859.6000,2859.4000,2860.6000,2860.8000,2861.0000,2861.2000,2861.4000,1,7,1,1,2,1,2,1,1,1
SF,IH2006,2020-06-17 14:03:38.700,2860.4000,17574,0,12529661400.000,1,0,1,空换,B,2860.0000,2859.8000,2859.6000,2859.4000,2859.2000,2860.6000,2860.8000,2861.0000,2861.2000,2861.4000,7,1,1,2,1,1,2,1,1,1
SF,IH2006,2020-06-17 14:03:39.200,2860.4000,17574,0,12529661400.000,0,-,-,-,-,2860.0000,2859.8000,2859.6000,2859.4000,2859.2000,2860.6000,2860.8000,2861.0000,2861.2000,2861.4000,9,1,1,2,1,2,2,1,1,1
SF,IH2006,2020-06-17 14:03:39.700,2860.4000,17574,0,12529661400.000,0,-,-,-,-,2860.0000,2859.8000,2859.6000,2859.4000,2859.2000,2860.6000,2860.8000,2861.0000,2861.2000,2861.4000,9,1,1,2,1,2,2,1,1,1
SF,IH2006,2020-06-17 14:03:40.200,2860.4000,17574,0,12529661400.000,0,-,-,-,-,2860.0000,2859.8000,2859.6000,2859.4000,2859.2000,2860.6000,2860.8000,2861.0000,2861.2000,2861.4000,9,1,1,2,1,2,2,1,1,1
SF,IH2006,2020-06-17 14:03:40.700,2860.4000,17574,0,12529661400.000,0,-,-,-,-,2860.2000,2860.0000,2859.8000,2859.6000,2859.4000,2860.6000,2860.8000,2861.0000,2861.2000,2861.4000,2,9,1,1,2,2,2,1,1,1
SF,IH2006,2020-06-17 14:03:41.200,2860.4000,17574,0,12529661400.000,0,-,-,-,-,2860.2000,2860.0000,2859.8000,2859.6000,2859.4000,2860.6000,2860.8000,2861.0000,2861.2000,2861.6000,2,9,1,1,2,1,2,1,1,1
SF,IH2006,2020-06-17 14:03:41.700,2860.4000,17574,0,12529661400.000,0,-,-,-,-,2860.2000,2860.0000,2859.8000,2859.6000,2859.4000,2860.6000,2860.8000,2861.0000,2861.2000,2861.6000,2,9,1,1,2,1,1,1,1,1
SF,IH2006,2020-06-17 14:03:42.200,2860.4000,17574,0,12529661400.000,0,-,-,-,-,2860.2000,2860.0000,2859.8000,2859.6000,2859.4000,2860.6000,2860.8000,2861.0000,2861.2000,2861.6000,3,10,1,1,2,1,1,1,1,1
SF,IH2006,2020-06-17 14:03:42.700,2860.6000,17574,0,12533094180.000,4,2,2,空换,B,2860.6000,2860.4000,2860.2000,2860.0000,2859.8000,2861.0000,2861.2000,2861.6000,2861.8000,2862.0000,3,5,4,10,1,1,1,1,7,1
SF,IH2006,2020-06-17 14:03:43.200,2861.0000,17575,1,12533952480.000,1,1,0,双开,B,2860.6000,2860.4000,2860.2000,2860.0000,2859.8000,2861.2000,2861.6000,2861.8000,2862.0000,2862.2000,4,5,3,10,1,1,1,7,1,1
SF,IH2006,2020-06-17 14:03:43.700,2861.2000,17575,0,12534810840.000,1,0,1,空换,B,2861.2000,2860.6000,2860.4000,2860.2000,2860.0000,2861.6000,2861.8000,2862.0000,2862.2000,2862.4000,1,4,5,3,10,1,7,1,1,2
SF,IH2006,2020-06-17 14:03:44.200,2861.2000,17575,0,12535669200.000,1,0,1,空换,B,2860.6000,2860.4000,2860.2000,2860.0000,2859.8000,2861.0000,2861.2000,2861.4000,2861.6000,2861.8000,3,4,3,10,1,3,13,6,5,7
SF,IH2006,2020-06-17 14:03:44.700,2860.6000,17575,0,12537385680.000,2,1,1,空换,B,2860.6000,2860.4000,2860.2000,2860.0000,2859.8000,2861.2000,2861.4000,2861.6000,2861.8000,2862.0000,2,4,4,10,1,3,4,5,7,1
SF,IH2006,2020-06-17 14:03:45.200,2860.6000,17575,0,12537385680.000,0,-,-,-,-,2860.6000,2860.4000,2860.2000,2860.0000,2859.8000,2861.2000,2861.4000,2861.6000,2861.8000,2862.0000,2,2,5,10,1,2,4,5,10,1
SF,IH2006,2020-06-17 14:03:45.700,2860.8000,17576,1,12538243920.000,1,1,0,双开,B,2860.6000,2860.4000,2860.2000,2860.0000,2859.8000,2861.2000,2861.4000,2861.6000,2861.8000,2862.0000,2,2,5,10,1,2,4,5,10,1
SF,IH2006,2020-06-17 14:03:46.200,2860.8000,17576,0,12538243920.000,0,-,-,-,-,2860.6000,2860.4000,2860.2000,2860.0000,2859.8000,2861.2000,2861.4000,2861.6000,2861.8000,2862.0000,2,2,5,10,1,3,4,5,10,1
SF,IH2006,2020-06-17 14:03:46.700,2860.8000,17576,0,12538243920.000,0,-,-,-,-,2860.6000,2860.4000,2860.2000,2860.0000,2859.8000,2861.2000,2861.4000,2861.6000,2861.8000,2862.0000,2,2,5,10,1,3,4,5,10,2
SF,IH2006,2020-06-17 14:03:47.200,2860.8000,17576,0,12538243920.000,0,-,-,-,-,2860.6000,2860.4000,2860.2000,2860.0000,2859.8000,2861.2000,2861.4000,2861.6000,2861.8000,2862.0000,2,2,5,10,1,3,3,5,10,2
SF,IH2006,2020-06-17 14:03:48.700,2861.2000,17576,0,12539102280.000,1,0,1,空换,B,2861.0000,2860.6000,2860.4000,2860.2000,2860.0000,2861.2000,2861.4000,2861.6000,2861.8000,2862.0000,1,2,2,5,10,2,3,5,10,2
SF,IH2006,2020-06-17 14:03:49.200,2861.2000,17576,0,12539102280.000,0,-,-,-,-,2861.0000,2860.6000,2860.2000,2860.0000,2859.8000,2861.2000,2861.4000,2861.6000,2861.8000,2862.0000,1,2,5,10,1,2,3,5,10,2
SF,IH2006,2020-06-17 14:03:50.200,2861.2000,17576,0,12539102280.000,0,-,-,-,-,2861.0000,2860.6000,2860.2000,2860.0000,2859.8000,2861.2000,2861.4000,2861.6000,2861.8000,2862.0000,1,2,5,11,1,2,3,5,10,2
SF,IH2006,2020-06-17 14:03:50.700,2861.0000,17576,0,12539960580.000,1,0,1,空换,B,2860.6000,2860.2000,2860.0000,2859.8000,2859.6000,2861.2000,2861.4000,2861.6000,2861.8000,2862.0000,2,5,11,1,2,2,3,5,10,2
SF,IH2006,2020-06-17 14:03:51.200,2861.6000,17578,2,12542535780.000,3,2,1,多开,B,2861.2000,2861.0000,2860.8000,2860.6000,2860.2000,2861.8000,2862.0000,2862.2000,2862.4000,2862.6000,14,4,14,3,5,10,2,1,1,1
SF,IH2006,2020-06-17 14:03:51.700,2861.6000,17578,0,12544252740.000,2,1,1,空换,B,2861.2000,2860.8000,2860.6000,2860.4000,2860.2000,2861.8000,2862.0000,2862.2000,2862.4000,2862.6000,2,7,2,1,5,10,2,1,1,1
SF,IH2006,2020-06-17 14:03:52.200,2861.6000,17577,-1,12545111220.000,1,0,1,双平,B,2861.2000,2860.8000,2860.6000,2860.4000,2860.2000,2861.6000,2861.8000,2862.0000,2862.2000,2862.4000,2,6,2,1,5,2,11,2,1,1
SF,IH2006,2020-06-17 14:03:52.700,2861.6000,17577,0,12545111220.000,0,-,-,-,-,2861.2000,2860.8000,2860.6000,2860.4000,2860.2000,2861.6000,2861.8000,2862.0000,2862.2000,2862.4000,2,6,2,1,5,3,11,2,1,1
SF,IH2006,2020-06-17 14:03:53.200,2861.6000,17577,0,12545111220.000,0,-,-,-,-,2861.2000,2860.8000,2860.6000,2860.4000,2860.2000,2861.6000,2861.8000,2862.0000,2862.4000,2862.6000,2,6,2,1,5,2,10,2,1,1
SF,IH2006,2020-06-17 14:03:53.700,2861.6000,17577,0,12545111220.000,0,-,-,-,-,2861.2000,2860.8000,2860.6000,2860.4000,2860.2000,2861.6000,2861.8000,2862.0000,2862.4000,2862.6000,2,4,2,1,5,2,10,2,1,1
SF,IH2006,2020-06-17 14:03:54.200,2861.6000,17577,0,12545111220.000,0,-,-,-,-,2861.2000,2860.8000,2860.6000,2860.4000,2860.2000,2861.6000,2861.8000,2862.0000,2862.4000,2862.6000,2,4,2,1,5,3,9,2,1,1
SF,IH2006,2020-06-17 14:03:54.700,2860.8000,17578,1,12545969460.000,1,1,0,双开,B,2860.8000,2860.6000,2860.4000,2860.2000,2860.0000,2861.6000,2861.8000,2862.0000,2862.4000,2862.6000,3,2,1,5,10,3,9,2,1,1
SF,IH2006,2020-06-17 14:03:55.200,2860.8000,17578,0,12545969460.000,0,-,-,-,-,2861.0000,2860.8000,2860.6000,2860.4000,2860.2000,2861.4000,2861.6000,2861.8000,2862.0000,2862.4000,1,3,2,1,5,1,3,9,2,1
SF,IH2006,2020-06-17 14:03:55.700,2860.8000,17578,0,12545969460.000,0,-,-,-,-,2861.0000,2860.8000,2860.6000,2860.4000,2860.2000,2861.4000,2861.6000,2861.8000,2862.0000,2862.4000,1,3,2,1,5,2,2,9,2,1
SF,IH2006,2020-06-17 14:03:56.200,2860.8000,17578,0,12545969460.000,0,-,-,-,-,2861.0000,2860.8000,2860.6000,2860.4000,2860.2000,2861.4000,2861.6000,2861.8000,2862.0000,2862.4000,1,1,2,1,5,2,2,9,2,1
SF,IH2006,2020-06-17 14:03:56.700,2860.8000,17578,0,12545969460.000,0,-,-,-,-,2861.0000,2860.8000,2860.6000,2860.4000,2860.2000,2861.4000,2861.6000,2861.8000,2862.0000,2862.4000,2,1,2,1,4,2,1,9,2,1
SF,IH2006,2020-06-17 14:03:57.700,2860.8000,17578,0,12545969460.000,0,-,-,-,-,2861.0000,2860.8000,2860.6000,2860.4000,2860.2000,2861.4000,2861.6000,2861.8000,2862.0000,2862.4000,2,1,2,1,4,3,1,9,2,1
SF,IH2006,2020-06-17 14:03:59.200,2860.8000,17578,0,12545969460.000,0,-,-,-,-,2861.0000,2860.8000,2860.6000,2860.4000,2860.2000,2861.4000,2861.6000,2861.8000,2862.0000,2862.4000,4,1,2,1,4,3,1,9,2,1
SF,IH2006,2020-06-17 14:03:59.700,2860.8000,17578,0,12545969460.000,0,-,-,-,-,2861.0000,2860.8000,2860.6000,2860.4000,2860.2000,2861.4000,2861.6000,2861.8000,2862.0000,2862.4000,6,1,2,1,4,3,1,9,2,1
SF,IH2006,2020-06-17 14:04:00.200,2860.8000,17578,0,12545969460.000,0,-,-,-,-,2861.0000,2860.8000,2860.6000,2860.4000,2860.2000,2861.4000,2861.6000,2861.8000,2862.0000,2862.4000,9,1,2,1,4,3,1,9,2,1
SF,IH2006,2020-06-17 14:04:00.700,2861.2000,17577,-1,12546827820.000,1,0,1,双平,B,2861.0000,2860.8000,2860.6000,2860.4000,2860.2000,2861.4000,2861.6000,2861.8000,2862.0000,2862.4000,9,1,2,1,4,3,1,9,2,1
SF,IH2006,2020-06-17 14:04:03.200,2861.2000,17577,0,12546827820.000,0,-,-,-,-,2861.0000,2860.8000,2860.6000,2860.4000,2860.2000,2861.2000,2861.4000,2861.6000,2861.8000,2862.0000,9,1,2,1,4,1,3,1,9,2
SF,IH2006,2020-06-17 14:04:03.700,2861.2000,17579,2,12548544540.000,2,2,0,双开,B,2861.0000,2860.8000,2860.6000,2860.4000,2860.2000,2861.4000,2861.6000,2861.8000,2862.0000,2862.4000,8,1,2,1,4,2,1,9,2,1
SF,IH2006,2020-06-17 14:04:04.200,2861.4000,17580,1,12549402960.000,1,1,0,双开,B,2861.0000,2860.8000,2860.6000,2860.4000,2860.2000,2861.4000,2861.6000,2861.8000,2862.0000,2862.4000,8,1,2,1,4,1,1,9,2,1
SF,IH2006,2020-06-17 14:04:09.200,2861.4000,17579,-1,12550261380.000,1,0,1,双平,B,2861.0000,2860.8000,2860.6000,2860.4000,2860.2000,2861.6000,2861.8000,2862.0000,2862.4000,2862.6000,6,1,2,1,4,1,9,2,1,1
SF,IH2006,2020-06-17 14:04:09.700,2861.4000,17579,0,12551978220.000,2,1,1,空换,B,2861.4000,2861.0000,2860.8000,2860.6000,2860.4000,2861.6000,2861.8000,2862.0000,2862.4000,2862.6000,2,5,1,2,1,1,9,2,1,1
SF,IH2006,2020-06-17 14:04:10.200,2861.8000,17578,-1,12555412200.000,4,1,3,空平,B,2861.4000,2861.0000,2860.8000,2860.6000,2860.4000,2861.8000,2862.0000,2862.4000,2862.6000,2862.8000,2,3,1,2,1,7,2,1,1,4
SF,IH2006,2020-06-17 14:04:10.700,2861.8000,17578,0,12555412200.000,0,-,-,-,-,2861.4000,2861.0000,2860.8000,2860.6000,2860.4000,2861.8000,2862.0000,2862.4000,2862.6000,2862.8000,3,3,1,2,1,8,2,1,1,4
SF,IH2006,2020-06-17 14:04:11.200,2861.4000,17577,-1,12556270620.000,1,0,1,双平,B,2861.4000,2861.0000,2860.8000,2860.6000,2860.4000,2861.8000,2862.0000,2862.4000,2862.6000,2862.8000,2,3,1,2,1,8,2,1,1,4
SF,IH2006,2020-06-17 14:04:11.700,2861.4000,17577,0,12556270620.000,0,-,-,-,-,2861.4000,2861.0000,2860.8000,2860.6000,2860.4000,2861.8000,2862.0000,2862.4000,2862.6000,2862.8000,2,3,1,2,1,8,2,1,1,4
SF,IH2006,2020-06-17 14:04:12.200,2861.4000,17577,0,12556270620.000,0,-,-,-,-,2861.4000,2861.0000,2860.8000,2860.6000,2860.4000,2861.8000,2862.0000,2862.4000,2862.6000,2862.8000,2,3,1,2,1,8,2,1,1,4
SF,IH2006,2020-06-17 14:04:13.200,2861.4000,17577,0,12556270620.000,0,-,-,-,-,2861.4000,2861.0000,2860.8000,2860.6000,2860.4000,2861.8000,2862.0000,2862.4000,2862.6000,2862.8000,2,3,1,2,1,6,2,1,1,4
SF,IH2006,2020-06-17 14:04:14.200,2861.4000,17577,0,12556270620.000,0,-,-,-,-,2861.6000,2861.4000,2861.0000,2860.8000,2860.6000,2861.8000,2862.0000,2862.4000,2862.6000,2862.8000,2,2,3,1,2,6,2,1,1,4
SF,IH2006,2020-06-17 14:04:14.700,2861.4000,17577,0,12556270620.000,0,-,-,-,-,2861.6000,2861.4000,2861.0000,2860.8000,2860.6000,2861.8000,2862.0000,2862.4000,2862.6000,2862.8000,2,2,3,1,2,5,2,1,1,4
SF,IH2006,2020-06-17 14:04:15.200,2861.4000,17577,0,12556270620.000,0,-,-,-,-,2861.6000,2861.4000,2861.0000,2860.8000,2860.6000,2861.8000,2862.0000,2862.4000,2862.6000,2862.8000,1,2,3,1,2,5,2,1,1,4
SF,IH2006,2020-06-17 14:04:17.700,2861.4000,17577,0,12556270620.000,0,-,-,-,-,2861.6000,2861.4000,2861.0000,2860.8000,2860.6000,2861.8000,2862.0000,2862.4000,2862.6000,2862.8000,2,2,3,1,2,5,2,1,1,4
SF,IH2006,2020-06-17 14:04:19.200,2861.4000,17577,0,12556270620.000,0,-,-,-,-,2861.6000,2861.4000,2861.0000,2860.8000,2860.6000,2861.8000,2862.0000,2862.4000,2862.6000,2862.8000,2,2,3,1,2,5,2,1,1,4
SF,IH2006,2020-06-17 14:04:19.700,2861.6000,17578,1,12557987580.000,2,1,1,多开,B,2861.4000,2861.0000,2860.8000,2860.6000,2860.4000,2861.8000,2862.0000,2862.4000,2862.6000,2862.8000,2,3,1,2,1,5,2,1,1,4
SF,IH2006,2020-06-17 14:04:22.700,2861.6000,17578,0,12557987580.000,0,-,-,-,-,2861.4000,2861.0000,2860.8000,2860.6000,2860.4000,2861.8000,2862.0000,2862.4000,2862.6000,2862.8000,3,3,1,2,1,5,2,1,1,4
SF,IH2006,2020-06-17 14:04:26.200,2861.6000,17578,0,12557987580.000,0,-,-,-,-,2861.4000,2861.0000,2860.8000,2860.6000,2860.4000,2861.8000,2862.0000,2862.4000,2862.6000,2862.8000,3,3,1,2,1,5,2,1,1,4
SF,IH2006,2020-06-17 14:04:26.700,2861.6000,17578,0,12557987580.000,0,-,-,-,-,2861.4000,2861.0000,2860.8000,2860.6000,2860.4000,2861.8000,2862.0000,2862.4000,2862.6000,2862.8000,3,3,1,2,1,7,2,1,1,4
SF,IH2006,2020-06-17 14:04:27.200,2861.4000,17580,2,12560562840.000,3,2,1,多开,B,2861.0000,2860.8000,2860.6000,2860.4000,2860.2000,2861.4000,2861.8000,2862.0000,2862.4000,2862.6000,3,1,2,1,5,3,7,2,1,1
SF,IH2006,2020-06-17 14:04:27.700,2861.4000,17579,-1,12561421260.000,1,0,1,双平,B,2861.4000,2861.2000,2861.0000,2860.8000,2860.6000,2861.8000,2862.0000,2862.4000,2862.6000,2862.8000,1,2,3,1,2,7,2,1,1,4
SF,IH2006,2020-06-17 14:04:28.200,2861.8000,17578,-1,12562279800.000,1,0,1,双平,B,2861.4000,2861.2000,2861.0000,2860.8000,2860.6000,2861.8000,2862.0000,2862.4000,2862.6000,2862.8000,1,2,3,1,2,6,2,1,1,4
SF,IH2006,2020-06-17 14:04:28.700,2861.4000,17578,0,12563138220.000,1,0,1,空换,B,2861.2000,2861.0000,2860.8000,2860.6000,2860.4000,2861.4000,2861.8000,2862.0000,2862.4000,2862.6000,2,3,1,2,1,1,6,2,1,1
SF,IH2006,2020-06-17 14:04:29.200,2861.4000,17578,0,12563138220.000,0,-,-,-,-,2861.2000,2861.0000,2860.8000,2860.6000,2860.4000,2861.8000,2862.0000,2862.4000,2862.6000,2862.8000,2,3,1,2,1,6,2,1,1,4
SF,IH2006,2020-06-17 14:04:29.700,2861.2000,17578,0,12564854940.000,2,1,1,空换,B,2861.0000,2860.8000,2860.6000,2860.4000,2860.2000,2861.4000,2861.6000,2861.8000,2862.0000,2862.4000,3,1,2,1,5,1,3,8,2,1
SF,IH2006,2020-06-17 14:04:30.200,2861.2000,17578,0,12564854940.000,0,-,-,-,-,2861.0000,2860.8000,2860.6000,2860.4000,2860.2000,2861.6000,2861.8000,2862.0000,2862.4000,2862.6000,2,1,2,1,5,2,8,2,1,1
SF,IH2006,2020-06-17 14:04:30.700,2861.2000,17578,0,12564854940.000,0,-,-,-,-,2861.0000,2860.8000,2860.6000,2860.4000,2860.2000,2861.4000,2861.6000,2861.8000,2862.0000,2862.4000,2,1,2,1,5,1,2,6,2,1
SF,IH2006,2020-06-17 14:04:32.700,2861.2000,17578,0,12564854940.000,0,-,-,-,-,2861.0000,2860.8000,2860.6000,2860.4000,2860.2000,2861.2000,2861.4000,2861.6000,2861.8000,2862.0000,2,1,2,1,5,1,1,2,6,2
SF,IH2006,2020-06-17 14:04:33.200,2861.2000,17577,-1,12565713300.000,1,0,1,双平,B,2861.0000,2860.8000,2860.6000,2860.4000,2860.2000,2861.4000,2861.6000,2861.8000,2862.0000,2862.4000,2,1,2,1,5,1,2,6,2,1
SF,IH2006,2020-06-17 14:04:33.700,2861.4000,17577,0,12566571720.000,1,0,1,空换,B,2861.0000,2860.8000,2860.6000,2860.4000,2860.2000,2861.6000,2861.8000,2862.0000,2862.4000,2862.6000,2,1,2,1,5,2,6,2,1,1
SF,IH2006,2020-06-17 14:04:34.200,2861.4000,17577,0,12566571720.000,0,-,-,-,-,2861.0000,2860.8000,2860.6000,2860.4000,2860.2000,2861.6000,2861.8000,2862.0000,2862.4000,2862.6000,3,1,2,1,5,2,6,2,1,1
SF,IH2006,2020-06-17 14:04:35.700,2861.6000,17577,0,12568288680.000,2,1,1,空换,B,2861.6000,2861.0000,2860.8000,2860.6000,2860.4000,2861.8000,2862.0000,2862.4000,2862.6000,2862.8000,2,3,1,2,1,6,2,1,1,4
SF,IH2006,2020-06-17 14:04:36.200,2861.6000,17577,0,12570005640.000,2,1,1,空换,B,2861.0000,2860.8000,2860.6000,2860.4000,2860.2000,2861.6000,2861.8000,2862.0000,2862.4000,2862.6000,3,1,2,1,5,3,6,2,1,1
SF,IH2006,2020-06-17 14:04:36.700,2861.6000,17577,0,12570005640.000,0,-,-,-,-,2861.2000,2861.0000,2860.8000,2860.6000,2860.4000,2861.6000,2861.8000,2862.0000,2862.4000,2862.6000,2,3,1,2,1,2,6,2,1,1
SF,IH2006,2020-06-17 14:04:40.700,2861.6000,17577,0,12570005640.000,0,-,-,-,-,2861.2000,2861.0000,2860.8000,2860.6000,2860.4000,2861.8000,2862.0000,2862.4000,2862.6000,2862.8000,2,3,1,2,1,6,2,1,1,4
SF,IH2006,2020-06-17 14:04:41.200,2861.6000,17577,0,12570005640.000,0,-,-,-,-,2861.4000,2861.2000,2861.0000,2860.8000,2860.6000,2861.8000,2862.0000,2862.4000,2862.6000,2862.8000,1,2,3,1,2,6,2,1,1,4
SF,IH2006,2020-06-17 14:04:41.700,2861.6000,17577,0,12570005640.000,0,-,-,-,-,2861.4000,2861.0000,2860.8000,2860.6000,2860.4000,2861.8000,2862.0000,2862.4000,2862.6000,2862.8000,1,3,1,2,1,6,2,1,1,4
SF,IH2006,2020-06-17 14:04:42.200,2861.6000,17577,0,12570005640.000,0,-,-,-,-,2861.2000,2861.0000,2860.8000,2860.6000,2860.4000,2861.8000,2862.0000,2862.4000,2862.6000,2862.8000,1,3,1,2,1,6,2,1,1,4
SF,IH2006,2020-06-17 14:04:42.700,2861.6000,17577,0,12570005640.000,0,-,-,-,-,2861.2000,2861.0000,2860.8000,2860.6000,2860.4000,2861.4000,2861.8000,2862.0000,2862.4000,2862.6000,1,3,1,2,1,1,6,2,1,1
SF,IH2006,2020-06-17 14:04:43.200,2861.4000,17577,0,12570864060.000,1,0,1,空换,B,2861.4000,2861.2000,2861.0000,2860.8000,2860.6000,2861.8000,2862.0000,2862.4000,2862.6000,2862.8000,3,1,3,1,2,6,2,1,1,4
SF,IH2006,2020-06-17 14:04:43.700,2861.4000,17577,0,12570864060.000,0,-,-,-,-,2861.4000,2861.2000,2861.0000,2860.8000,2860.6000,2861.8000,2862.0000,2862.4000,2862.6000,2862.8000,2,1,3,1,2,6,2,1,1,4
SF,IH2006,2020-06-17 14:04:46.700,2861.4000,17577,0,12570864060.000,0,-,-,-,-,2861.6000,2861.4000,2861.2000,2861.0000,2860.8000,2861.8000,2862.0000,2862.4000,2862.6000,2862.8000,1,2,1,3,1,6,2,1,1,4
SF,IH2006,2020-06-17 14:04:47.200,2861.4000,17577,0,12570864060.000,0,-,-,-,-,2861.6000,2861.4000,2861.2000,2861.0000,2860.8000,2861.8000,2862.0000,2862.4000,2862.6000,2862.8000,1,2,1,4,1,5,2,1,1,4
SF,IH2006,2020-06-17 14:04:47.700,2861.4000,17577,0,12570864060.000,0,-,-,-,-,2861.4000,2861.2000,2861.0000,2860.8000,2860.6000,2861.8000,2862.0000,2862.4000,2862.6000,2862.8000,2,1,4,1,2,5,2,1,1,4
SF,IH2006,2020-06-17 14:04:48.200,2861.4000,17577,0,12570864060.000,0,-,-,-,-,2861.4000,2861.2000,2861.0000,2860.8000,2860.6000,2861.8000,2862.0000,2862.4000,2862.6000,2862.8000,2,1,4,1,2,5,2,1,1,4
SF,IH2006,2020-06-17 14:04:48.700,2861.4000,17577,0,12570864060.000,0,-,-,-,-,2861.6000,2861.4000,2861.0000,2860.8000,2860.6000,2861.8000,2862.0000,2862.4000,2862.6000,2862.8000,1,2,4,1,1,5,2,1,1,4
SF,IH2006,2020-06-17 14:04:49.200,2861.4000,17577,0,12570864060.000,0,-,-,-,-,2861.4000,2861.0000,2860.8000,2860.6000,2860.4000,2861.8000,2862.0000,2862.4000,2862.6000,2862.8000,2,4,1,1,1,5,2,1,1,4
SF,IH2006,2020-06-17 14:04:49.700,2861.4000,17577,0,12570864060.000,0,-,-,-,-,2861.4000,2861.0000,2860.8000,2860.6000,2860.4000,2861.8000,2862.0000,2862.4000,2862.6000,2862.8000,2,4,1,1,1,5,2,1,1,4
SF,IH2006,2020-06-17 14:04:50.700,2861.4000,17578,1,12571722480.000,1,1,0,双开,B,2861.4000,2861.0000,2860.8000,2860.6000,2860.4000,2861.8000,2862.0000,2862.4000,2862.6000,2862.8000,1,4,1,1,1,5,2,1,1,4
SF,IH2006,2020-06-17 14:04:51.700,2861.4000,17578,0,12571722480.000,0,-,-,-,-,2861.4000,2861.0000,2860.8000,2860.6000,2860.4000,2861.8000,2862.0000,2862.4000,2862.6000,2862.8000,1,4,1,1,1,5,5,1,1,4
SF,IH2006,2020-06-17 14:04:52.200,2861.4000,17578,0,12571722480.000,0,-,-,-,-,2861.6000,2861.0000,2860.8000,2860.6000,2860.4000,2861.8000,2862.0000,2862.4000,2862.6000,2862.8000,1,4,1,1,1,5,5,1,1,4
SF,IH2006,2020-06-17 14:04:52.700,2861.4000,17578,0,12571722480.000,0,-,-,-,-,2861.0000,2860.8000,2860.6000,2860.4000,2860.2000,2861.6000,2861.8000,2862.0000,2862.4000,2862.6000,4,1,1,1,5,3,5,5,1,1
SF,IH2006,2020-06-17 14:04:53.200,2861.4000,17578,0,12571722480.000,0,-,-,-,-,2861.2000,2861.0000,2860.8000,2860.6000,2860.4000,2861.6000,2861.8000,2862.0000,2862.4000,2862.6000,2,4,1,1,1,3,5,5,1,1
SF,IH2006,2020-06-17 14:04:54.700,2861.4000,17578,0,12571722480.000,0,-,-,-,-,2861.2000,2861.0000,2860.8000,2860.6000,2860.4000,2861.6000,2861.8000,2862.0000,2862.4000,2862.6000,2,4,1,1,2,3,5,5,1,1
SF,IH2006,2020-06-17 14:04:55.200,2861.4000,17578,0,12571722480.000,0,-,-,-,-,2861.2000,2861.0000,2860.8000,2860.6000,2860.4000,2861.6000,2861.8000,2862.0000,2862.4000,2862.6000,3,4,1,1,2,3,5,5,1,1
SF,IH2006,2020-06-17 14:04:55.700,2861.4000,17578,0,12571722480.000,0,-,-,-,-,2861.2000,2861.0000,2860.8000,2860.6000,2860.4000,2861.6000,2861.8000,2862.0000,2862.4000,2862.6000,4,4,1,1,2,3,5,5,1,1
SF,IH2006,2020-06-17 14:04:56.700,2861.4000,17578,0,12571722480.000,0,-,-,-,-,2861.2000,2861.0000,2860.8000,2860.6000,2860.4000,2861.6000,2861.8000,2862.0000,2862.4000,2862.6000,4,4,1,1,2,4,5,5,1,1
SF,IH2006,2020-06-17 14:04:58.700,2861.4000,17578,0,12571722480.000,0,-,-,-,-,2861.2000,2861.0000,2860.8000,2860.6000,2860.4000,2861.6000,2861.8000,2862.0000,2862.4000,2862.6000,4,4,1,1,2,3,5,5,1,1
SF,IH2006,2020-06-17 14:04:59.200,2861.6000,17577,-1,12572580960.000,1,0,1,双平,B,2861.2000,2861.0000,2860.8000,2860.6000,2860.4000,2861.6000,2861.8000,2862.0000,2862.4000,2862.6000,4,4,1,1,2,1,5,5,1,1
SF,IH2006,2020-06-17 14:04:59.700,2861.6000,17577,0,12572580960.000,0,-,-,-,-,2861.4000,2861.2000,2861.0000,2860.8000,2860.6000,2861.6000,2861.8000,2862.0000,2862.4000,2862.6000,1,4,4,1,1,1,5,5,1,1
SF,IH2006,2020-06-17 14:05:00.700,2861.4000,17577,0,12573439380.000,1,0,1,空换,B,2861.4000,2861.2000,2861.0000,2860.8000,2860.6000,2861.6000,2861.8000,2862.0000,2862.4000,2862.6000,1,4,4,1,1,1,5,5,1,1
SF,IH2006,2020-06-17 14:05:03.700,2861.6000,17576,-1,12574297860.000,1,0,1,双平,B,2861.4000,2861.2000,2861.0000,2860.8000,2860.6000,2861.8000,2862.0000,2862.4000,2862.6000,2862.8000,1,4,4,1,1,5,5,1,1,4
SF,IH2006,2020-06-17 14:05:04.200,2861.6000,17576,0,12574297860.000,0,-,-,-,-,2861.4000,2861.2000,2861.0000,2860.8000,2860.6000,2861.6000,2861.8000,2862.0000,2862.4000,2862.6000,1,4,4,2,1,1,5,5,1,1
SF,IH2006,2020-06-17 14:05:04.700,2861.6000,17576,0,12574297860.000,0,-,-,-,-,2861.4000,2861.2000,2861.0000,2860.8000,2860.6000,2861.6000,2861.8000,2862.0000,2862.4000,2862.6000,1,3,4,2,1,1,5,5,1,1
SF,IH2006,2020-06-17 14:05:05.200,2861.4000,17576,0,12575156280.000,1,0,1,空换,B,2861.2000,2861.0000,2860.8000,2860.6000,2860.4000,2861.6000,2861.8000,2862.0000,2862.4000,2862.6000,2,4,2,1,2,1,5,5,1,1
SF,IH2006,2020-06-17 14:05:05.700,2861.4000,17576,0,12575156280.000,0,-,-,-,-,2861.2000,2861.0000,2860.8000,2860.6000,2860.4000,2861.4000,2861.6000,2861.8000,2862.0000,2862.4000,3,4,2,1,2,1,1,5,5,1
SF,IH2006,2020-06-17 14:05:06.200,2861.4000,17576,0,12575156280.000,0,-,-,-,-,2861.2000,2861.0000,2860.8000,2860.6000,2860.4000,2861.4000,2861.6000,2861.8000,2862.0000,2862.4000,2,3,2,1,2,1,1,5,5,1
SF,IH2006,2020-06-17 14:05:07.200,2861.4000,17577,1,12576014700.000,1,1,0,双开,B,2861.2000,2861.0000,2860.8000,2860.6000,2860.4000,2861.4000,2861.6000,2861.8000,2862.0000,2862.4000,2,2,2,1,2,1,1,4,5,1
SF,IH2006,2020-06-17 14:05:07.700,2861.4000,17578,1,12576873120.000,1,1,0,双开,B,2861.4000,2861.2000,2861.0000,2860.8000,2860.6000,2861.6000,2861.8000,2862.0000,2862.4000,2862.6000,1,1,2,2,1,1,4,5,1,1
SF,IH2006,2020-06-17 14:05:09.700,2861.4000,17577,-1,12578590020.000,2,0,2,空平,B,2861.2000,2861.0000,2860.8000,2860.6000,2860.4000,2861.8000,2862.0000,2862.4000,2862.6000,2862.8000,2,2,2,1,2,4,5,1,1,4
SF,IH2006,2020-06-17 14:05:10.700,2861.4000,17577,0,12578590020.000,0,-,-,-,-,2861.2000,2861.0000,2860.8000,2860.6000,2860.4000,2861.6000,2861.8000,2862.0000,2862.4000,2862.6000,2,2,2,1,2,1,4,5,1,1
SF,IH2006,2020-06-17 14:05:13.700,2861.2000,17577,0,12579448380.000,1,0,1,空换,B,2861.2000,2861.0000,2860.8000,2860.6000,2860.4000,2861.6000,2861.8000,2862.0000,2862.4000,2862.6000,1,2,2,1,2,1,4,5,1,1
SF,IH2006,2020-06-17 14:05:14.200,2861.2000,17577,0,12579448380.000,0,-,-,-,-,2861.2000,2861.0000,2860.8000,2860.6000,2860.4000,2861.6000,2861.8000,2862.0000,2862.4000,2862.6000,1,2,2,1,2,1,4,5,1,1
SF,IH2006,2020-06-17 14:05:14.700,2861.2000,17577,0,12579448380.000,0,-,-,-,-,2861.2000,2861.0000,2860.8000,2860.6000,2860.4000,2861.6000,2861.8000,2862.0000,2862.4000,2862.6000,1,2,2,1,2,1,4,5,1,1
SF,IH2006,2020-06-17 14:05:15.200,2861.2000,17577,0,12579448380.000,0,-,-,-,-,2861.4000,2861.2000,2861.0000,2860.8000,2860.6000,2861.6000,2861.8000,2862.0000,2862.4000,2862.6000,1,2,2,2,1,1,4,5,1,1
SF,IH2006,2020-06-17 14:05:15.700,2861.6000,17577,0,12580306860.000,1,0,1,空换,B,2861.6000,2861.4000,2861.2000,2861.0000,2860.8000,2861.8000,2862.0000,2862.4000,2862.6000,2862.8000,1,1,2,2,2,4,5,1,1,6
SF,IH2006,2020-06-17 14:05:16.700,2861.6000,17577,0,12581165340.000,1,0,1,空换,B,2861.4000,2861.2000,2861.0000,2860.8000,2860.6000,2861.8000,2862.0000,2862.4000,2862.6000,2862.8000,1,2,2,2,1,1,5,1,1,6
SF,IH2006,2020-06-17 14:05:18.200,2861.6000,17577,0,12581165340.000,0,-,-,-,-,2861.4000,2861.2000,2861.0000,2860.8000,2860.6000,2861.6000,2861.8000,2862.0000,2862.4000,2862.6000,2,2,2,2,1,1,1,5,1,1
SF,IH2006,2020-06-17 14:05:20.200,2861.4000,17577,0,12582023760.000,1,0,1,空换,B,2861.4000,2861.2000,2861.0000,2860.8000,2860.6000,2861.6000,2861.8000,2862.0000,2862.4000,2862.6000,1,2,2,2,1,1,1,5,1,1
SF,IH2006,2020-06-17 14:05:22.200,2861.4000,17577,0,12582023760.000,0,-,-,-,-,2861.4000,2861.2000,2861.0000,2860.8000,2860.6000,2861.6000,2861.8000,2862.0000,2862.4000,2862.6000,2,2,2,2,1,1,1,5,1,1
SF,IH2006,2020-06-17 14:05:24.200,2861.4000,17577,0,12582023760.000,0,-,-,-,-,2861.4000,2861.2000,2861.0000,2860.8000,2860.6000,2861.6000,2861.8000,2862.0000,2862.4000,2862.6000,3,2,2,2,1,1,1,5,1,1
SF,IH2006,2020-06-17 14:05:25.200,2861.6000,17578,1,12582882240.000,1,1,0,双开,B,2861.4000,2861.2000,2861.0000,2860.8000,2860.6000,2861.8000,2862.0000,2862.4000,2862.6000,2862.8000,3,2,2,2,1,1,5,1,1,6
SF,IH2006,2020-06-17 14:05:25.700,2861.6000,17578,0,12582882240.000,0,-,-,-,-,2861.4000,2861.2000,2861.0000,2860.8000,2860.6000,2861.8000,2862.0000,2862.4000,2862.6000,2862.8000,3,2,2,2,1,1,5,1,1,6
SF,IH2006,2020-06-17 14:05:27.700,2861.6000,17578,0,12582882240.000,0,-,-,-,-,2861.4000,2861.2000,2861.0000,2860.8000,2860.6000,2861.8000,2862.0000,2862.4000,2862.6000,2862.8000,3,2,2,2,1,2,5,1,1,6
SF,IH2006,2020-06-17 14:05:28.200,2861.6000,17578,0,12582882240.000,0,-,-,-,-,2861.4000,2861.2000,2861.0000,2860.8000,2860.6000,2861.8000,2862.0000,2862.4000,2862.6000,2862.8000,4,2,2,2,1,2,5,1,1,6
SF,IH2006,2020-06-17 14:05:30.700,2861.6000,17578,0,12582882240.000,0,-,-,-,-,2861.4000,2861.2000,2861.0000,2860.8000,2860.6000,2861.8000,2862.0000,2862.4000,2862.6000,2862.8000,4,2,2,2,1,2,5,1,1,6
SF,IH2006,2020-06-17 14:05:31.200,2861.6000,17578,0,12582882240.000,0,-,-,-,-,2861.4000,2861.2000,2861.0000,2860.8000,2860.6000,2861.8000,2862.0000,2862.4000,2862.6000,2862.8000,3,2,2,2,1,2,5,1,1,6
SF,IH2006,2020-06-17 14:05:34.200,2861.8000,17577,-1,12584599320.000,2,0,2,空平,B,2861.8000,2861.4000,2861.2000,2861.0000,2860.8000,2862.0000,2862.4000,2862.6000,2862.8000,2863.0000,2,3,2,2,2,5,1,1,6,2
SF,IH2006,2020-06-17 14:05:34.700,2861.8000,17577,0,12587174940.000,3,1,2,空换,B,2861.4000,2861.2000,2861.0000,2860.8000,2860.6000,2861.8000,2862.0000,2862.4000,2862.6000,2862.8000,2,2,2,2,1,3,5,1,1,6
SF,IH2006,2020-06-17 14:05:35.700,2861.8000,17577,0,12587174940.000,0,-,-,-,-,2861.4000,2861.2000,2861.0000,2860.8000,2860.6000,2861.8000,2862.0000,2862.4000,2862.6000,2862.8000,2,2,2,2,1,2,5,1,1,6
SF,IH2006,2020-06-17 14:05:36.200,2861.8000,17577,0,12587174940.000,0,-,-,-,-,2861.4000,2861.2000,2861.0000,2860.8000,2860.6000,2861.8000,2862.0000,2862.4000,2862.6000,2862.8000,3,2,2,2,1,2,5,1,1,6
SF,IH2006,2020-06-17 14:05:36.700,2861.8000,17577,0,12587174940.000,0,-,-,-,-,2861.4000,2861.2000,2861.0000,2860.8000,2860.6000,2862.0000,2862.4000,2862.6000,2862.8000,2863.0000,3,2,2,2,1,5,1,1,6,2
SF,IH2006,2020-06-17 14:05:37.200,2861.8000,17577,0,12587174940.000,0,-,-,-,-,2861.4000,2861.2000,2861.0000,2860.8000,2860.6000,2862.0000,2862.4000,2862.6000,2862.8000,2863.0000,3,2,3,2,1,5,1,1,6,2
SF,IH2006,2020-06-17 14:05:38.200,2861.8000,17577,0,12587174940.000,0,-,-,-,-,2861.6000,2861.4000,2861.2000,2861.0000,2860.8000,2862.0000,2862.4000,2862.6000,2862.8000,2863.0000,1,3,2,3,2,5,1,1,6,2
SF,IH2006,2020-06-17 14:05:38.700,2861.6000,17578,1,12588033420.000,1,1,0,双开,B,2861.4000,2861.2000,2861.0000,2860.8000,2860.6000,2861.6000,2861.8000,2862.0000,2862.4000,2862.6000,2,2,3,2,1,3,1,6,1,1
SF,IH2006,2020-06-17 14:05:39.200,2861.6000,17578,0,12588033420.000,0,-,-,-,-,2861.4000,2861.2000,2861.0000,2860.8000,2860.6000,2861.6000,2861.8000,2862.0000,2862.4000,2862.6000,2,1,3,2,1,3,2,6,1,1
SF,IH2006,2020-06-17 14:05:39.700,2861.6000,17578,0,12588033420.000,0,-,-,-,-,2861.4000,2861.2000,2861.0000,2860.8000,2860.6000,2861.6000,2861.8000,2862.0000,2862.4000,2862.6000,2,1,3,2,1,4,2,6,1,1
SF,IH2006,2020-06-17 14:05:40.200,2861.4000,17580,2,12590608680.000,3,2,1,多开,B,2861.0000,2860.8000,2860.6000,2860.4000,2860.2000,2861.4000,2861.6000,2861.8000,2862.0000,2862.4000,3,2,1,1,5,2,4,2,6,1
SF,IH2006,2020-06-17 14:05:42.200,2861.4000,17580,0,12590608680.000,0,-,-,-,-,2861.0000,2860.8000,2860.6000,2860.4000,2860.2000,2861.4000,2861.6000,2861.8000,2862.0000,2862.4000,3,2,1,1,5,2,4,1,6,1
SF,IH2006,2020-06-17 14:05:42.700,2861.4000,17580,0,12590608680.000,0,-,-,-,-,2861.0000,2860.8000,2860.6000,2860.4000,2860.2000,2861.4000,2861.6000,2861.8000,2862.0000,2862.4000,4,2,1,1,5,2,4,1,6,1
SF,IH2006,2020-06-17 14:05:43.200,2861.4000,17582,2,12592325520.000,2,2,0,双开,B,2861.0000,2860.8000,2860.6000,2860.4000,2860.2000,2861.6000,2861.8000,2862.0000,2862.4000,2862.6000,4,2,1,1,5,4,1,6,1,1
SF,IH2006,2020-06-17 14:05:44.200,2861.4000,17582,0,12592325520.000,0,-,-,-,-,2861.4000,2861.0000,2860.8000,2860.6000,2860.4000,2861.6000,2861.8000,2862.0000,2862.4000,2862.6000,1,4,2,1,1,4,1,6,1,1
SF,IH2006,2020-06-17 14:05:46.200,2861.4000,17582,0,12592325520.000,0,-,-,-,-,2861.4000,2861.0000,2860.8000,2860.6000,2860.4000,2861.6000,2861.8000,2862.0000,2862.4000,2862.6000,1,4,2,1,1,2,1,6,1,1
SF,IH2006,2020-06-17 14:05:46.700,2861.8000,17583,1,12594042540.000,2,1,1,多开,B,2861.8000,2861.6000,2861.4000,2861.0000,2860.8000,2862.0000,2862.4000,2862.6000,2862.8000,2863.0000,1,5,1,4,2,6,1,1,6,2
SF,IH2006,2020-06-17 14:05:47.200,2861.8000,17583,0,12594042540.000,0,-,-,-,-,2861.6000,2861.4000,2861.0000,2860.8000,2860.6000,2862.0000,2862.4000,2862.6000,2862.8000,2863.0000,1,1,4,2,1,5,1,1,6,2
SF,IH2006,2020-06-17 14:05:48.200,2861.8000,17583,0,12594042540.000,0,-,-,-,-,2861.6000,2861.4000,2861.0000,2860.8000,2860.6000,2862.0000,2862.4000,2862.6000,2862.8000,2863.0000,1,1,4,2,1,6,1,1,6,2
SF,IH2006,2020-06-17 14:05:48.700,2861.8000,17583,0,12594042540.000,0,-,-,-,-,2861.4000,2861.0000,2860.8000,2860.6000,2860.4000,2862.0000,2862.4000,2862.6000,2862.8000,2863.0000,1,4,2,1,1,6,1,1,6,2
SF,IH2006,2020-06-17 14:05:49.200,2861.8000,17583,0,12594042540.000,0,-,-,-,-,2861.4000,2861.0000,2860.8000,2860.6000,2860.4000,2862.0000,2862.4000,2862.6000,2862.8000,2863.0000,2,4,2,1,1,6,1,1,6,2
SF,IH2006,2020-06-17 14:05:52.700,2861.8000,17583,0,12594042540.000,0,-,-,-,-,2861.6000,2861.4000,2861.0000,2860.8000,2860.6000,2862.0000,2862.4000,2862.6000,2862.8000,2863.0000,1,2,4,2,1,6,1,1,6,2
SF,IH2006,2020-06-17 14:05:55.200,2861.8000,17583,0,12594042540.000,0,-,-,-,-,2861.6000,2861.4000,2861.0000,2860.8000,2860.6000,2862.0000,2862.4000,2862.6000,2862.8000,2863.0000,1,2,4,2,1,5,1,1,6,2
SF,IH2006,2020-06-17 14:05:56.200,2861.8000,17583,0,12594042540.000,0,-,-,-,-,2861.6000,2861.4000,2861.0000,2860.8000,2860.6000,2862.0000,2862.4000,2862.6000,2862.8000,2863.0000,1,2,4,2,1,6,1,1,6,2
SF,IH2006,2020-06-17 14:05:56.700,2861.6000,17584,1,12594901020.000,1,1,0,双开,B,2861.4000,2861.0000,2860.8000,2860.6000,2860.4000,2862.0000,2862.4000,2862.6000,2862.8000,2863.0000,2,4,2,1,1,6,1,1,6,2
SF,IH2006,2020-06-17 14:05:57.200,2861.6000,17584,0,12594901020.000,0,-,-,-,-,2861.4000,2861.0000,2860.8000,2860.6000,2860.4000,2861.8000,2862.0000,2862.4000,2862.6000,2862.8000,2,4,2,1,1,1,7,1,1,6
SF,IH2006,2020-06-17 14:05:58.200,2861.6000,17584,0,12594901020.000,0,-,-,-,-,2861.4000,2861.0000,2860.8000,2860.6000,2860.4000,2861.8000,2862.0000,2862.4000,2862.6000,2862.8000,3,4,2,1,1,1,7,1,1,6
SF,IH2006,2020-06-17 14:05:59.200,2861.8000,17584,0,12595759560.000,1,0,1,空换,B,2861.4000,2861.0000,2860.8000,2860.6000,2860.4000,2862.0000,2862.4000,2862.6000,2862.8000,2863.0000,3,4,2,1,1,7,1,1,6,2
SF,IH2006,2020-06-17 14:05:59.700,2861.8000,17584,0,12595759560.000,0,-,-,-,-,2861.8000,2861.6000,2861.4000,2861.0000,2860.8000,2862.0000,2862.4000,2862.6000,2862.8000,2863.0000,1,1,3,4,2,7,1,1,6,2
SF,IH2006,2020-06-17 14:06:00.200,2862.0000,17583,-1,12596618160.000,1,0,1,双平,B,2861.8000,2861.6000,2861.4000,2861.0000,2860.8000,2862.0000,2862.4000,2862.6000,2862.8000,2863.0000,1,1,3,4,2,5,1,1,6,2
SF,IH2006,2020-06-17 14:06:00.700,2862.0000,17581,-2,12598335360.000,2,0,2,双平,B,2861.8000,2861.6000,2861.4000,2861.0000,2860.8000,2862.0000,2862.4000,2862.6000,2862.8000,2863.0000,1,1,3,4,2,3,1,1,6,2
SF,IH2006,2020-06-17 14:06:03.700,2861.8000,17581,0,12599193900.000,1,0,1,空换,B,2861.6000,2861.4000,2861.0000,2860.8000,2860.6000,2862.0000,2862.4000,2862.6000,2862.8000,2863.0000,2,3,4,2,1,3,1,1,6,2
SF,IH2006,2020-06-17 14:06:04.200,2861.8000,17581,0,12599193900.000,0,-,-,-,-,2861.6000,2861.4000,2861.0000,2860.8000,2860.6000,2861.8000,2862.0000,2862.4000,2862.6000,2862.8000,2,3,4,2,1,2,4,1,1,6
SF,IH2006,2020-06-17 14:06:04.700,2861.8000,17581,0,12599193900.000,0,-,-,-,-,2861.6000,2861.4000,2861.0000,2860.8000,2860.6000,2861.8000,2862.0000,2862.4000,2862.6000,2862.8000,2,2,4,2,1,4,4,1,1,6
SF,IH2006,2020-06-17 14:06:07.700,2861.8000,17581,0,12599193900.000,0,-,-,-,-,2861.6000,2861.4000,2861.0000,2860.8000,2860.6000,2861.8000,2862.0000,2862.4000,2862.6000,2862.8000,2,1,4,2,1,4,4,1,1,6
SF,IH2006,2020-06-17 14:06:08.700,2861.8000,17581,0,12599193900.000,0,-,-,-,-,2861.6000,2861.4000,2861.0000,2860.8000,2860.6000,2861.8000,2862.0000,2862.4000,2862.6000,2862.8000,2,1,4,2,1,4,3,1,1,6
SF,IH2006,2020-06-17 14:06:09.700,2861.6000,17581,0,12600052380.000,1,0,1,空换,B,2861.6000,2861.4000,2861.0000,2860.8000,2860.6000,2861.8000,2862.0000,2862.4000,2862.6000,2862.8000,1,1,4,2,1,4,3,1,1,6
SF,IH2006,2020-06-17 14:06:10.200,2861.6000,17581,0,12600910860.000,1,0,1,空换,B,2861.4000,2861.0000,2860.8000,2860.6000,2860.4000,2861.8000,2862.0000,2862.4000,2862.6000,2862.8000,1,4,2,1,1,4,3,1,1,6
SF,IH2006,2020-06-17 14:06:10.700,2861.6000,17581,0,12600910860.000,0,-,-,-,-,2861.4000,2861.0000,2860.8000,2860.6000,2860.4000,2861.8000,2862.0000,2862.4000,2862.6000,2862.8000,1,4,2,1,1,3,3,1,1,6
SF,IH2006,2020-06-17 14:06:11.200,2861.6000,17581,0,12600910860.000,0,-,-,-,-,2861.4000,2861.0000,2860.8000,2860.6000,2860.4000,2861.6000,2861.8000,2862.0000,2862.4000,2862.6000,1,4,2,1,1,1,2,3,1,1
SF,IH2006,2020-06-17 14:06:11.700,2861.6000,17581,0,12601769340.000,1,0,1,空换,B,2861.4000,2861.0000,2860.8000,2860.6000,2860.4000,2861.6000,2861.8000,2862.0000,2862.4000,2862.6000,1,4,2,1,1,2,1,3,1,1
SF,IH2006,2020-06-17 14:06:12.200,2861.4000,17583,2,12603486240.000,2,2,0,双开,B,2861.0000,2860.8000,2860.6000,2860.4000,2860.2000,2861.6000,2861.8000,2862.0000,2862.4000,2862.6000,4,2,1,1,5,1,1,3,1,1
SF,IH2006,2020-06-17 14:06:12.700,2861.4000,17583,0,12603486240.000,0,-,-,-,-,2861.2000,2861.0000,2860.8000,2860.6000,2860.4000,2861.6000,2861.8000,2862.0000,2862.4000,2862.6000,6,4,2,1,1,1,1,3,1,1
SF,IH2006,2020-06-17 14:06:13.200,2861.6000,17583,0,12604344720.000,1,0,1,空换,B,2861.6000,2861.2000,2861.0000,2860.8000,2860.6000,2861.8000,2862.0000,2862.4000,2862.6000,2862.8000,2,6,4,2,1,1,3,1,1,6
SF,IH2006,2020-06-17 14:06:13.700,2861.8000,17583,0,12605203260.000,1,0,1,空换,B,2861.2000,2861.0000,2860.8000,2860.6000,2860.4000,2862.0000,2862.4000,2862.6000,2862.8000,2863.0000,6,4,2,1,1,3,1,1,6,2
SF,IH2006,2020-06-17 14:06:14.200,2861.8000,17583,0,12605203260.000,0,-,-,-,-,2861.4000,2861.2000,2861.0000,2860.8000,2860.6000,2861.8000,2862.0000,2862.4000,2862.6000,2862.8000,3,5,4,1,1,1,3,1,1,6
SF,IH2006,2020-06-17 14:06:14.700,2861.8000,17583,0,12606061800.000,1,0,1,空换,B,2861.8000,2861.6000,2861.4000,2861.2000,2861.0000,2862.0000,2862.4000,2862.6000,2862.8000,2863.0000,1,3,4,3,4,3,1,1,6,2
SF,IH2006,2020-06-17 14:06:15.200,2861.6000,17583,0,12607778820.000,2,1,1,空换,B,2861.4000,2861.2000,2861.0000,2860.8000,2860.6000,2862.0000,2862.4000,2862.6000,2862.8000,2863.0000,4,2,4,1,1,3,1,1,6,2
SF,IH2006,2020-06-17 14:06:16.200,2861.6000,17583,0,12607778820.000,0,-,-,-,-,2861.6000,2861.4000,2861.2000,2861.0000,2860.8000,2862.0000,2862.4000,2862.6000,2862.8000,2863.0000,3,3,2,4,2,3,1,1,6,2
SF,IH2006,2020-06-17 14:06:16.700,2861.6000,17583,0,12607778820.000,0,-,-,-,-,2861.6000,2861.4000,2861.2000,2861.0000,2860.8000,2862.0000,2862.4000,2862.6000,2862.8000,2863.0000,3,3,2,4,2,2,1,1,6,2
SF,IH2006,2020-06-17 14:06:17.200,2861.6000,17583,0,12607778820.000,0,-,-,-,-,2861.6000,2861.4000,2861.2000,2861.0000,2860.8000,2862.0000,2862.4000,2862.6000,2862.8000,2863.0000,3,3,2,4,2,2,1,1,9,2
SF,IH2006,2020-06-17 14:06:17.700,2861.6000,17583,0,12607778820.000,0,-,-,-,-,2861.6000,2861.4000,2861.2000,2861.0000,2860.8000,2862.0000,2862.4000,2862.6000,2862.8000,2863.0000,5,3,2,3,2,2,1,1,9,2
SF,IH2006,2020-06-17 14:06:18.200,2861.6000,17583,0,12607778820.000,0,-,-,-,-,2861.6000,2861.4000,2861.2000,2861.0000,2860.8000,2862.0000,2862.4000,2862.6000,2862.8000,2863.0000,5,3,2,3,2,3,1,1,9,2
SF,IH2006,2020-06-17 14:06:18.700,2861.6000,17583,0,12607778820.000,0,-,-,-,-,2861.6000,2861.4000,2861.2000,2861.0000,2860.8000,2862.0000,2862.4000,2862.6000,2862.8000,2863.0000,5,3,2,3,2,4,1,1,9,2
SF,IH2006,2020-06-17 14:06:19.200,2861.6000,17583,0,12607778820.000,0,-,-,-,-,2861.6000,2861.4000,2861.2000,2861.0000,2860.8000,2862.0000,2862.4000,2862.6000,2862.8000,2863.0000,5,1,2,3,2,4,1,1,9,2
SF,IH2006,2020-06-17 14:06:19.700,2861.6000,17583,0,12607778820.000,0,-,-,-,-,2861.6000,2861.4000,2861.2000,2861.0000,2860.8000,2862.0000,2862.4000,2862.6000,2862.8000,2863.0000,4,1,2,3,2,4,1,1,9,2
SF,IH2006,2020-06-17 14:06:21.200,2861.6000,17583,0,12607778820.000,0,-,-,-,-,2861.6000,2861.4000,2861.2000,2861.0000,2860.8000,2862.0000,2862.4000,2862.6000,2862.8000,2863.0000,2,1,2,3,2,4,1,1,9,2
SF,IH2006,2020-06-17 14:06:21.700,2861.6000,17583,0,12607778820.000,0,-,-,-,-,2861.6000,2861.4000,2861.2000,2861.0000,2860.8000,2862.0000,2862.4000,2862.6000,2862.8000,2863.0000,2,1,2,3,2,4,1,1,9,2
SF,IH2006,2020-06-17 14:06:22.200,2861.6000,17583,0,12607778820.000,0,-,-,-,-,2861.6000,2861.4000,2861.2000,2861.0000,2860.8000,2862.0000,2862.4000,2862.6000,2862.8000,2863.0000,2,1,3,3,2,4,1,1,9,2
SF,IH2006,2020-06-17 14:06:23.200,2861.6000,17583,0,12607778820.000,0,-,-,-,-,2861.6000,2861.4000,2861.2000,2861.0000,2860.8000,2862.0000,2862.4000,2862.6000,2862.8000,2863.0000,2,1,3,3,2,3,1,1,9,2
SF,IH2006,2020-06-17 14:06:24.200,2862.0000,17582,-1,12608637420.000,1,0,1,双平,B,2861.6000,2861.4000,2861.2000,2861.0000,2860.8000,2862.0000,2862.4000,2862.6000,2862.8000,2863.0000,2,1,3,2,2,2,1,1,9,2
SF,IH2006,2020-06-17 14:06:24.700,2862.0000,17582,0,12609496020.000,1,0,1,空换,B,2861.8000,2861.6000,2861.4000,2861.2000,2861.0000,2862.0000,2862.4000,2862.6000,2862.8000,2863.0000,6,3,1,3,2,1,1,1,9,2
SF,IH2006,2020-06-17 14:06:25.200,2862.0000,17582,0,12609496020.000,0,-,-,-,-,2861.8000,2861.6000,2861.4000,2861.2000,2861.0000,2862.0000,2862.4000,2862.6000,2862.8000,2863.0000,3,3,1,3,2,1,1,1,9,2
SF,IH2006,2020-06-17 14:06:25.700,2862.0000,17582,0,12610354620.000,1,0,1,空换,B,2861.8000,2861.6000,2861.4000,2861.2000,2861.0000,2862.4000,2862.6000,2862.8000,2863.0000,2863.2000,2,3,1,3,2,1,1,9,2,1
SF,IH2006,2020-06-17 14:06:26.200,2862.0000,17582,0,12610354620.000,0,-,-,-,-,2861.8000,2861.6000,2861.4000,2861.2000,2861.0000,2862.0000,2862.2000,2862.4000,2862.6000,2862.8000,2,3,1,3,2,1,1,2,1,9
SF,IH2006,2020-06-17 14:06:26.700,2862.0000,17582,0,12610354620.000,0,-,-,-,-,2861.8000,2861.6000,2861.4000,2861.2000,2861.0000,2862.0000,2862.2000,2862.4000,2862.6000,2862.8000,2,3,1,4,2,1,1,2,1,9
SF,IH2006,2020-06-17 14:06:27.200,2862.0000,17582,0,12610354620.000,0,-,-,-,-,2861.6000,2861.4000,2861.2000,2861.0000,2860.8000,2862.0000,2862.2000,2862.4000,2862.6000,2862.8000,3,1,4,2,2,2,1,2,1,9
SF,IH2006,2020-06-17 14:06:28.700,2862.0000,17580,-2,12612071820.000,2,0,2,双平,B,2862.0000,2861.8000,2861.6000,2861.4000,2861.2000,2862.4000,2862.6000,2862.8000,2863.0000,2863.2000,3,4,4,1,6,2,1,9,2,1
SF,IH2006,2020-06-17 14:06:29.200,2862.0000,17580,0,12612071820.000,0,-,-,-,-,2862.2000,2862.0000,2861.8000,2861.6000,2861.4000,2862.4000,2862.6000,2862.8000,2863.0000,2863.2000,1,2,1,4,1,1,1,9,2,1
SF,IH2006,2020-06-17 14:06:29.700,2862.0000,17580,0,12612071820.000,0,-,-,-,-,2862.2000,2862.0000,2861.8000,2861.6000,2861.4000,2862.4000,2862.6000,2862.8000,2863.0000,2863.2000,1,2,1,4,1,1,1,9,2,1
SF,IH2006,2020-06-17 14:06:30.200,2862.0000,17580,0,12612071820.000,0,-,-,-,-,2862.2000,2862.0000,2861.8000,2861.6000,2861.4000,2862.4000,2862.6000,2862.8000,2863.0000,2863.2000,1,2,1,4,2,1,1,9,2,1
SF,IH2006,2020-06-17 14:06:30.700,2862.0000,17580,0,12612071820.000,0,-,-,-,-,2862.2000,2862.0000,2861.8000,2861.6000,2861.4000,2862.4000,2862.6000,2862.8000,2863.0000,2863.2000,2,2,1,4,2,1,1,9,2,1
SF,IH2006,2020-06-17 14:06:31.200,2862.4000,17580,0,12612930540.000,1,0,1,空换,B,2862.2000,2862.0000,2861.8000,2861.6000,2861.4000,2862.6000,2862.8000,2863.0000,2863.2000,2863.4000,2,2,1,4,2,1,9,2,1,2
SF,IH2006,2020-06-17 14:06:32.700,2862.4000,17580,0,12612930540.000,0,-,-,-,-,2862.2000,2862.0000,2861.8000,2861.6000,2861.4000,2862.6000,2862.8000,2863.0000,2863.2000,2863.4000,2,2,1,4,2,1,9,2,1,2
SF,IH2006,2020-06-17 14:06:33.200,2862.4000,17580,0,12612930540.000,0,-,-,-,-,2862.2000,2862.0000,2861.8000,2861.6000,2861.4000,2862.6000,2862.8000,2863.0000,2863.2000,2863.4000,2,2,1,4,1,1,9,2,1,2
SF,IH2006,2020-06-17 14:06:33.700,2862.4000,17580,0,12612930540.000,0,-,-,-,-,2862.2000,2862.0000,2861.8000,2861.6000,2861.4000,2862.6000,2862.8000,2863.0000,2863.2000,2863.4000,2,2,1,4,1,1,9,3,1,2
SF,IH2006,2020-06-17 14:06:34.200,2862.2000,17580,0,12613789200.000,1,0,1,空换,B,2862.2000,2862.0000,2861.8000,2861.6000,2861.4000,2862.6000,2862.8000,2863.0000,2863.2000,2863.4000,1,2,1,4,1,1,9,3,1,2
SF,IH2006,2020-06-17 14:06:35.700,2862.2000,17580,0,12613789200.000,0,-,-,-,-,2862.2000,2862.0000,2861.8000,2861.6000,2861.4000,2862.6000,2862.8000,2863.0000,2863.2000,2863.4000,1,2,1,4,1,1,9,2,1,2
SF,IH2006,2020-06-17 14:06:37.700,2862.2000,17580,0,12613789200.000,0,-,-,-,-,2862.2000,2862.0000,2861.8000,2861.6000,2861.4000,2862.6000,2862.8000,2863.0000,2863.2000,2863.4000,1,2,1,4,1,1,9,2,1,2
SF,IH2006,2020-06-17 14:06:38.200,2862.2000,17581,1,12614647860.000,1,1,0,双开,B,2861.8000,2861.6000,2861.4000,2861.2000,2861.0000,2862.2000,2862.6000,2862.8000,2863.0000,2863.2000,1,4,1,10,2,1,1,9,2,1
SF,IH2006,2020-06-17 14:06:38.700,2862.2000,17581,0,12614647860.000,0,-,-,-,-,2861.8000,2861.6000,2861.4000,2861.2000,2861.0000,2862.6000,2862.8000,2863.0000,2863.2000,2863.4000,1,4,1,10,2,1,9,2,1,2
SF,IH2006,2020-06-17 14:06:39.200,2862.2000,17581,0,12614647860.000,0,-,-,-,-,2861.8000,2861.6000,2861.4000,2861.2000,2861.0000,2862.4000,2862.6000,2862.8000,2863.0000,2863.2000,1,4,1,10,2,3,2,9,3,1
SF,IH2006,2020-06-17 14:06:39.700,2862.2000,17581,0,12614647860.000,0,-,-,-,-,2861.8000,2861.6000,2861.4000,2861.2000,2861.0000,2862.4000,2862.6000,2862.8000,2863.0000,2863.2000,1,4,1,11,2,4,2,9,2,1
SF,IH2006,2020-06-17 14:06:40.200,2862.2000,17581,0,12614647860.000,0,-,-,-,-,2861.8000,2861.6000,2861.4000,2861.2000,2861.0000,2862.2000,2862.4000,2862.6000,2862.8000,2863.0000,1,4,1,11,2,1,4,2,9,2
SF,IH2006,2020-06-17 14:06:40.700,2862.2000,17581,0,12615506520.000,1,0,1,空换,B,2861.8000,2861.6000,2861.4000,2861.2000,2861.0000,2862.4000,2862.6000,2862.8000,2863.0000,2863.2000,2,4,1,12,3,4,2,9,2,1
SF,IH2006,2020-06-17 14:06:41.200,2862.2000,17581,0,12615506520.000,0,-,-,-,-,2861.8000,2861.6000,2861.4000,2861.2000,2861.0000,2862.2000,2862.4000,2862.6000,2862.8000,2863.0000,2,4,1,12,3,1,5,2,9,2
SF,IH2006,2020-06-17 14:06:41.700,2862.4000,17581,0,12618082620.000,3,1,2,空换,B,2861.8000,2861.6000,2861.4000,2861.2000,2861.0000,2862.4000,2862.6000,2862.8000,2863.0000,2863.2000,2,4,1,12,3,3,2,9,2,1
SF,IH2006,2020-06-17 14:06:42.200,2862.4000,17581,0,12618082620.000,0,-,-,-,-,2861.8000,2861.6000,2861.4000,2861.2000,2861.0000,2862.4000,2862.6000,2862.8000,2863.0000,2863.2000,2,4,1,16,3,3,2,9,2,1
SF,IH2006,2020-06-17 14:06:42.700,2862.4000,17581,0,12618941340.000,1,0,1,空换,B,2861.8000,2861.6000,2861.4000,2861.2000,2861.0000,2862.4000,2862.6000,2862.8000,2863.0000,2863.2000,2,4,1,16,3,2,2,9,2,1
SF,IH2006,2020-06-17 14:06:43.200,2862.4000,17583,2,12620658780.000,2,2,0,双开,B,2862.4000,2862.2000,2862.0000,2861.8000,2861.6000,2862.6000,2862.8000,2863.0000,2863.2000,2863.4000,1,7,13,2,4,1,9,2,1,2
SF,IH2006,2020-06-17 14:06:43.700,2862.4000,17583,0,12620658780.000,0,-,-,-,-,2862.0000,2861.8000,2861.6000,2861.4000,2861.2000,2862.2000,2862.4000,2862.6000,2862.8000,2863.0000,9,2,4,1,16,1,4,1,9,2
SF,IH2006,2020-06-17 14:06:44.200,2862.4000,17581,-2,12627528600.000,8,3,5,空平,B,2862.4000,2862.2000,2862.0000,2861.8000,2861.6000,2862.8000,2863.0000,2863.2000,2863.4000,2863.6000,3,8,8,2,4,9,2,1,2,5
SF,IH2006,2020-06-17 14:06:44.700,2862.4000,17580,-1,12629246040.000,2,0,2,空平,B,2862.2000,2862.0000,2861.8000,2861.6000,2861.4000,2862.8000,2863.0000,2863.2000,2863.4000,2863.6000,4,8,2,4,1,9,2,1,2,5
SF,IH2006,2020-06-17 14:06:45.200,2862.4000,17580,0,12629246040.000,0,-,-,-,-,2862.2000,2862.0000,2861.8000,2861.6000,2861.4000,2862.8000,2863.0000,2863.2000,2863.4000,2863.6000,4,8,2,4,1,9,2,1,2,5
SF,IH2006,2020-06-17 14:06:45.700,2862.2000,17581,1,12630104700.000,1,1,0,双开,B,2862.2000,2862.0000,2861.8000,2861.6000,2861.4000,2862.8000,2863.0000,2863.2000,2863.4000,2863.6000,3,6,2,4,1,9,2,1,2,5
SF,IH2006,2020-06-17 14:06:46.200,2862.2000,17581,0,12630104700.000,0,-,-,-,-,2862.2000,2862.0000,2861.8000,2861.6000,2861.4000,2862.8000,2863.0000,2863.2000,2863.4000,2863.6000,3,6,2,4,1,9,2,1,2,5
SF,IH2006,2020-06-17 14:06:46.700,2862.2000,17582,1,12630963360.000,1,1,0,双开,B,2862.2000,2862.0000,2861.8000,2861.6000,2861.4000,2862.8000,2863.0000,2863.2000,2863.4000,2863.6000,2,6,2,4,1,9,2,1,2,5
SF,IH2006,2020-06-17 14:06:47.700,2862.2000,17582,0,12630963360.000,0,-,-,-,-,2862.2000,2862.0000,2861.8000,2861.6000,2861.4000,2862.8000,2863.0000,2863.2000,2863.4000,2863.6000,2,6,2,4,1,9,4,1,2,5
SF,IH2006,2020-06-17 14:06:48.700,2862.2000,17582,0,12630963360.000,0,-,-,-,-,2862.4000,2862.2000,2862.0000,2861.8000,2861.6000,2862.8000,2863.0000,2863.2000,2863.4000,2863.6000,1,2,6,2,4,9,4,1,3,5
SF,IH2006,2020-06-17 14:06:49.200,2862.4000,17582,0,12631822080.000,1,0,1,空换,B,2862.2000,2862.0000,2861.8000,2861.6000,2861.4000,2862.4000,2862.8000,2863.0000,2863.2000,2863.4000,2,2,2,4,1,3,10,4,1,3
SF,IH2006,2020-06-17 14:06:49.700,2862.8000,17581,-1,12633539640.000,2,0,2,空平,B,2862.2000,2862.0000,2861.8000,2861.6000,2861.4000,2862.8000,2863.0000,2863.2000,2863.4000,2863.6000,2,2,2,4,1,9,4,1,3,5
SF,IH2006,2020-06-17 14:06:50.200,2862.8000,17581,0,12633539640.000,0,-,-,-,-,2862.2000,2862.0000,2861.8000,2861.6000,2861.4000,2862.6000,2862.8000,2863.0000,2863.2000,2863.4000,2,2,2,3,1,3,9,4,1,3
SF,IH2006,2020-06-17 14:06:50.700,2862.8000,17581,0,12633539640.000,0,-,-,-,-,2862.2000,2862.0000,2861.8000,2861.6000,2861.4000,2862.6000,2862.8000,2863.0000,2863.2000,2863.4000,2,2,2,3,1,1,9,4,1,3
SF,IH2006,2020-06-17 14:06:51.200,2862.8000,17581,0,12633539640.000,0,-,-,-,-,2862.2000,2862.0000,2861.8000,2861.6000,2861.4000,2862.6000,2862.8000,2863.0000,2863.2000,2863.4000,2,2,2,3,1,1,9,4,1,3
SF,IH2006,2020-06-17 14:06:52.700,2862.8000,17581,0,12633539640.000,0,-,-,-,-,2862.2000,2862.0000,2861.8000,2861.6000,2861.4000,2862.6000,2862.8000,2863.0000,2863.2000,2863.4000,2,3,2,3,1,1,9,4,1,3
SF,IH2006,2020-06-17 14:06:53.200,2862.8000,17581,0,12633539640.000,0,-,-,-,-,2862.4000,2862.2000,2862.0000,2861.8000,2861.6000,2862.8000,2863.0000,2863.2000,2863.4000,2863.6000,1,2,2,2,3,9,4,1,3,5
SF,IH2006,2020-06-17 14:06:53.700,2862.8000,17581,0,12633539640.000,0,-,-,-,-,2862.6000,2862.4000,2862.2000,2862.0000,2861.8000,2862.8000,2863.0000,2863.2000,2863.4000,2863.6000,1,1,2,2,2,9,4,1,3,5
SF,IH2006,2020-06-17 14:06:54.200,2862.8000,17581,0,12633539640.000,0,-,-,-,-,2862.6000,2862.4000,2862.2000,2862.0000,2861.8000,2862.8000,2863.0000,2863.2000,2863.4000,2863.6000,1,1,2,1,2,8,4,1,3,5
SF,IH2006,2020-06-17 14:06:54.700,2862.6000,17587,6,12640410300.000,8,7,1,多开,B,2862.4000,2862.2000,2862.0000,2861.8000,2861.6000,2862.8000,2863.0000,2863.2000,2863.4000,2863.6000,2,2,1,2,3,1,4,1,3,5
SF,IH2006,2020-06-17 14:06:55.200,2863.0000,17590,3,12644704740.000,5,4,1,多开,B,2863.0000,2862.8000,2862.6000,2862.4000,2862.2000,2863.2000,2863.4000,2863.6000,2863.8000,2864.0000,6,15,7,2,2,1,3,5,4,1
SF,IH2006,2020-06-17 14:06:55.700,2863.2000,17591,1,12651576480.000,8,4,4,多开,B,2863.2000,2863.0000,2862.8000,2862.6000,2862.4000,2863.4000,2863.6000,2863.8000,2864.0000,2864.4000,3,2,9,6,1,2,5,3,1,1
SF,IH2006,2020-06-17 14:06:56.200,2863.2000,17590,-1,12653294400.000,2,0,2,空平,B,2862.8000,2862.6000,2862.4000,2862.2000,2862.0000,2863.4000,2863.6000,2863.8000,2864.0000,2864.2000,6,5,1,2,1,2,5,3,1,1
SF,IH2006,2020-06-17 14:06:56.700,2863.2000,17590,0,12653294400.000,0,-,-,-,-,2863.2000,2863.0000,2862.8000,2862.6000,2862.4000,2863.4000,2863.6000,2863.8000,2864.0000,2864.2000,1,3,9,5,1,2,5,3,1,1
SF,IH2006,2020-06-17 14:06:57.200,2863.2000,17591,1,12654153360.000,1,1,0,双开,B,2863.0000,2862.8000,2862.6000,2862.4000,2862.2000,2863.2000,2863.4000,2863.6000,2863.8000,2864.0000,3,6,5,1,2,2,2,5,3,1
SF,IH2006,2020-06-17 14:06:57.700,2863.2000,17591,0,12654153360.000,0,-,-,-,-,2863.0000,2862.8000,2862.6000,2862.4000,2862.2000,2863.2000,2863.4000,2863.6000,2863.8000,2864.0000,3,7,3,1,2,1,2,5,3,1
SF,IH2006,2020-06-17 14:06:58.200,2863.0000,17592,1,12655012260.000,1,1,0,双开,B,2863.0000,2862.8000,2862.6000,2862.4000,2862.2000,2863.4000,2863.6000,2863.8000,2864.0000,2864.2000,2,7,3,1,2,2,5,3,1,1
SF,IH2006,2020-06-17 14:06:58.700,2863.0000,17592,0,12655012260.000,0,-,-,-,-,2863.0000,2862.8000,2862.6000,2862.4000,2862.2000,2863.4000,2863.6000,2863.8000,2864.0000,2864.2000,2,7,3,1,2,3,5,3,1,1
SF,IH2006,2020-06-17 14:06:59.200,2863.4000,17591,-1,12656730300.000,2,0,2,空平,B,2863.0000,2862.8000,2862.6000,2862.4000,2862.2000,2863.4000,2863.6000,2863.8000,2864.0000,2864.2000,2,7,3,1,2,1,6,3,1,1
SF,IH2006,2020-06-17 14:07:00.700,2863.4000,17591,0,12656730300.000,0,-,-,-,-,2863.0000,2862.8000,2862.6000,2862.4000,2862.2000,2863.4000,2863.6000,2863.8000,2864.0000,2864.2000,3,7,3,1,2,1,6,3,1,1
SF,IH2006,2020-06-17 14:07:01.200,2863.4000,17592,1,12657589320.000,1,1,0,双开,B,2863.2000,2863.0000,2862.8000,2862.6000,2862.4000,2863.6000,2863.8000,2864.0000,2864.2000,2864.4000,2,2,7,1,1,6,3,1,1,1
SF,IH2006,2020-06-17 14:07:01.700,2863.2000,17590,-2,12661025520.000,4,1,3,空平,B,2863.4000,2863.2000,2863.0000,2862.8000,2862.6000,2863.6000,2863.8000,2864.0000,2864.2000,2864.4000,1,1,2,4,1,3,3,1,1,1
SF,IH2006,2020-06-17 14:07:02.200,2863.6000,17589,-1,12661884600.000,1,0,1,双平,B,2863.4000,2863.0000,2862.8000,2862.6000,2862.4000,2863.6000,2863.8000,2864.0000,2864.2000,2864.4000,1,2,4,1,1,2,3,1,1,1
SF,IH2006,2020-06-17 14:07:02.700,2863.6000,17589,0,12661884600.000,0,-,-,-,-,2863.4000,2863.0000,2862.8000,2862.6000,2862.4000,2863.6000,2863.8000,2864.0000,2864.2000,2864.4000,2,2,4,1,1,2,3,1,1,1
SF,IH2006,2020-06-17 14:07:03.200,2863.6000,17589,0,12663602760.000,2,1,1,空换,B,2863.4000,2863.0000,2862.8000,2862.6000,2862.4000,2863.8000,2864.0000,2864.2000,2864.4000,2864.8000,3,2,3,1,1,3,1,1,1,2
SF,IH2006,2020-06-17 14:07:03.700,2863.6000,17589,0,12663602760.000,0,-,-,-,-,2863.6000,2863.4000,2863.2000,2863.0000,2862.8000,2863.8000,2864.0000,2864.2000,2864.4000,2864.8000,1,3,1,2,3,3,1,1,1,2
SF,IH2006,2020-06-17 14:07:04.200,2863.6000,17588,-1,12665320920.000,2,0,2,空平,B,2863.4000,2863.2000,2863.0000,2862.8000,2862.6000,2863.6000,2863.8000,2864.0000,2864.2000,2864.4000,2,1,2,3,1,2,3,1,1,1
SF,IH2006,2020-06-17 14:07:04.700,2863.6000,17588,0,12665320920.000,0,-,-,-,-,2863.4000,2863.2000,2863.0000,2862.8000,2862.6000,2863.6000,2863.8000,2864.0000,2864.2000,2864.4000,2,1,2,3,1,3,4,1,1,1
SF,IH2006,2020-06-17 14:07:05.200,2863.6000,17588,0,12665320920.000,0,-,-,-,-,2863.4000,2863.2000,2863.0000,2862.8000,2862.6000,2863.6000,2863.8000,2864.0000,2864.4000,2864.8000,2,3,2,3,1,3,4,1,1,2
SF,IH2006,2020-06-17 14:07:05.700,2863.6000,17588,0,12665320920.000,0,-,-,-,-,2863.4000,2863.2000,2863.0000,2862.8000,2862.6000,2863.6000,2863.8000,2864.0000,2864.4000,2864.6000,2,3,2,2,1,3,4,1,1,1
SF,IH2006,2020-06-17 14:07:06.200,2863.4000,17588,0,12666179940.000,1,0,1,空换,B,2863.4000,2863.2000,2863.0000,2862.8000,2862.6000,2863.6000,2863.8000,2864.0000,2864.4000,2864.6000,1,3,2,2,1,3,5,1,1,1
SF,IH2006,2020-06-17 14:07:06.700,2863.4000,17588,0,12667038960.000,1,0,1,空换,B,2863.2000,2863.0000,2862.8000,2862.6000,2862.4000,2863.6000,2863.8000,2864.0000,2864.4000,2864.6000,3,2,2,1,1,3,5,1,1,1
SF,IH2006,2020-06-17 14:07:08.700,2863.6000,17586,-2,12669616200.000,3,0,3,空平,B,2863.2000,2863.0000,2862.8000,2862.6000,2862.4000,2863.8000,2864.0000,2864.4000,2864.6000,2864.8000,3,2,2,1,1,5,1,1,1,2
SF,IH2006,2020-06-17 14:07:09.200,2863.6000,17586,0,12669616200.000,0,-,-,-,-,2863.2000,2863.0000,2862.8000,2862.6000,2862.4000,2863.4000,2863.6000,2863.8000,2864.0000,2864.4000,3,2,2,1,1,3,1,5,1,1
SF,IH2006,2020-06-17 14:07:09.700,2863.2000,17589,3,12672193080.000,3,3,0,双开,B,2863.0000,2862.8000,2862.6000,2862.4000,2862.2000,2863.2000,2863.4000,2863.6000,2863.8000,2864.0000,2,2,1,1,5,1,1,1,5,1
SF,IH2006,2020-06-17 14:07:10.200,2863.2000,17588,-1,12673052040.000,1,0,1,双平,B,2863.0000,2862.8000,2862.6000,2862.4000,2862.2000,2863.2000,2863.4000,2863.6000,2863.8000,2864.0000,2,2,1,1,5,2,1,1,5,1
SF,IH2006,2020-06-17 14:07:10.700,2863.0000,17588,0,12673910940.000,1,0,1,空换,B,2863.0000,2862.8000,2862.6000,2862.4000,2862.2000,2863.2000,2863.4000,2863.6000,2863.8000,2864.0000,1,2,1,1,5,2,1,1,5,1
SF,IH2006,2020-06-17 14:07:11.200,2863.0000,17588,0,12673910940.000,0,-,-,-,-,2863.0000,2862.8000,2862.6000,2862.4000,2862.2000,2863.2000,2863.4000,2863.6000,2863.8000,2864.0000,1,2,2,1,5,2,1,1,5,1
SF,IH2006,2020-06-17 14:07:12.200,2863.0000,17588,0,12673910940.000,0,-,-,-,-,2863.0000,2862.8000,2862.6000,2862.4000,2862.2000,2863.2000,2863.4000,2863.6000,2863.8000,2864.0000,1,2,2,1,5,2,1,1,5,1
SF,IH2006,2020-06-17 14:07:13.200,2863.0000,17588,0,12673910940.000,0,-,-,-,-,2863.2000,2863.0000,2862.8000,2862.6000,2862.4000,2863.4000,2863.6000,2863.8000,2864.0000,2864.4000,1,1,2,2,1,1,1,5,1,1
SF,IH2006,2020-06-17 14:07:13.700,2863.0000,17588,0,12673910940.000,0,-,-,-,-,2863.2000,2862.8000,2862.6000,2862.4000,2862.2000,2863.4000,2863.6000,2863.8000,2864.0000,2864.4000,2,2,1,1,5,1,1,5,1,1
SF,IH2006,2020-06-17 14:07:14.200,2863.0000,17588,0,12673910940.000,0,-,-,-,-,2863.2000,2862.8000,2862.6000,2862.4000,2862.2000,2863.4000,2863.6000,2863.8000,2864.0000,2864.4000,3,2,1,1,5,1,1,5,1,1
SF,IH2006,2020-06-17 14:07:14.700,2863.2000,17587,-1,12674769900.000,1,0,1,双平,B,2863.2000,2862.8000,2862.6000,2862.4000,2862.2000,2863.4000,2863.6000,2863.8000,2864.0000,2864.4000,2,2,1,1,5,1,1,4,1,1
SF,IH2006,2020-06-17 14:07:15.200,2863.2000,17586,-1,12675628860.000,1,0,1,双平,B,2863.2000,2862.8000,2862.6000,2862.4000,2862.2000,2863.6000,2863.8000,2864.0000,2864.4000,2864.6000,1,2,1,1,5,1,4,1,1,1
SF,IH2006,2020-06-17 14:07:15.700,2863.2000,17587,1,12676487820.000,1,1,0,双开,B,2862.8000,2862.6000,2862.4000,2862.2000,2861.6000,2863.6000,2863.8000,2864.0000,2864.4000,2864.6000,2,1,1,5,2,1,4,1,1,1
SF,IH2006,2020-06-17 14:07:16.200,2863.2000,17587,0,12676487820.000,0,-,-,-,-,2863.0000,2862.8000,2862.6000,2862.4000,2862.2000,2863.4000,2863.6000,2863.8000,2864.0000,2864.4000,3,2,1,1,5,1,1,4,1,1
SF,IH2006,2020-06-17 14:07:17.700,2863.4000,17587,0,12677346840.000,1,0,1,空换,B,2863.4000,2863.0000,2862.8000,2862.6000,2862.4000,2863.6000,2863.8000,2864.0000,2864.4000,2864.6000,1,3,2,1,1,1,4,1,1,1
SF,IH2006,2020-06-17 14:07:18.200,2863.4000,17587,0,12677346840.000,0,-,-,-,-,2863.4000,2863.0000,2862.8000,2862.6000,2862.4000,2863.6000,2863.8000,2864.0000,2864.4000,2864.6000,1,2,2,1,1,1,4,1,1,1
SF,IH2006,2020-06-17 14:07:18.700,2863.4000,17587,0,12677346840.000,0,-,-,-,-,2863.4000,2863.0000,2862.8000,2862.6000,2862.4000,2863.6000,2863.8000,2864.0000,2864.4000,2864.6000,1,2,2,2,1,1,4,1,1,1
SF,IH2006,2020-06-17 14:07:19.200,2863.4000,17587,0,12677346840.000,0,-,-,-,-,2863.4000,2863.0000,2862.8000,2862.6000,2862.4000,2863.6000,2863.8000,2864.0000,2864.4000,2864.6000,1,2,2,3,1,1,4,1,1,1
SF,IH2006,2020-06-17 14:07:20.200,2863.6000,17587,0,12678205920.000,1,0,1,空换,B,2863.6000,2863.4000,2863.0000,2862.8000,2862.6000,2863.8000,2864.0000,2864.4000,2864.6000,2864.8000,1,1,2,1,3,4,1,1,1,2
SF,IH2006,2020-06-17 14:07:20.700,2863.6000,17586,-1,12679924080.000,2,0,2,空平,B,2863.4000,2863.0000,2862.8000,2862.6000,2862.4000,2863.8000,2864.0000,2864.4000,2864.6000,2864.8000,1,2,1,3,1,4,1,1,1,2
SF,IH2006,2020-06-17 14:07:21.200,2863.6000,17586,0,12679924080.000,0,-,-,-,-,2863.4000,2862.8000,2862.6000,2862.4000,2862.2000,2863.8000,2864.0000,2864.4000,2864.6000,2864.8000,1,1,3,1,5,4,1,1,1,2
SF,IH2006,2020-06-17 14:07:21.700,2863.6000,17586,0,12679924080.000,0,-,-,-,-,2863.4000,2863.0000,2862.8000,2862.6000,2862.4000,2863.8000,2864.0000,2864.4000,2864.6000,2864.8000,1,1,1,3,1,4,1,1,2,2
SF,IH2006,2020-06-17 14:07:22.700,2863.6000,17586,0,12679924080.000,0,-,-,-,-,2863.4000,2862.8000,2862.6000,2862.4000,2862.2000,2863.8000,2864.0000,2864.4000,2864.6000,2864.8000,1,1,3,1,5,4,1,1,2,2
SF,IH2006,2020-06-17 14:07:23.700,2863.6000,17586,0,12679924080.000,0,-,-,-,-,2863.4000,2862.8000,2862.6000,2862.4000,2862.2000,2863.8000,2864.0000,2864.4000,2864.6000,2864.8000,1,1,3,1,5,4,1,1,2,2
SF,IH2006,2020-06-17 14:07:24.200,2863.6000,17586,0,12679924080.000,0,-,-,-,-,2863.4000,2862.8000,2862.6000,2862.4000,2862.2000,2863.8000,2864.0000,2864.4000,2864.6000,2864.8000,2,1,3,1,5,4,1,1,2,2
SF,IH2006,2020-06-17 14:07:24.700,2863.4000,17586,0,12680783100.000,1,0,1,空换,B,2863.4000,2862.8000,2862.6000,2862.4000,2862.2000,2863.8000,2864.0000,2864.4000,2864.6000,2864.8000,1,1,3,1,5,4,1,2,2,2
SF,IH2006,2020-06-17 14:07:25.200,2863.4000,17586,0,12680783100.000,0,-,-,-,-,2863.4000,2862.8000,2862.6000,2862.4000,2862.2000,2863.8000,2864.0000,2864.4000,2864.6000,2864.8000,1,1,3,1,5,4,1,2,2,2
SF,IH2006,2020-06-17 14:07:27.700,2863.4000,17587,1,12681642120.000,1,1,0,双开,B,2862.8000,2862.6000,2862.4000,2862.2000,2861.6000,2863.8000,2864.0000,2864.4000,2864.6000,2864.8000,1,3,1,5,1,4,1,2,2,2
SF,IH2006,2020-06-17 14:07:28.200,2863.4000,17587,0,12681642120.000,0,-,-,-,-,2863.2000,2863.0000,2862.8000,2862.6000,2862.4000,2863.8000,2864.0000,2864.4000,2864.6000,2864.8000,1,10,1,3,1,4,1,2,2,2
SF,IH2006,2020-06-17 14:07:28.700,2863.4000,17587,0,12681642120.000,0,-,-,-,-,2863.2000,2863.0000,2862.8000,2862.6000,2862.4000,2863.8000,2864.0000,2864.4000,2864.6000,2864.8000,1,7,2,3,1,4,1,2,2,2
SF,IH2006,2020-06-17 14:07:29.700,2863.4000,17588,1,12682501140.000,1,1,0,双开,B,2863.4000,2863.0000,2862.8000,2862.6000,2862.4000,2863.8000,2864.0000,2864.4000,2864.6000,2864.8000,1,6,2,3,1,4,1,2,2,2
SF,IH2006,2020-06-17 14:07:30.200,2863.4000,17588,0,12682501140.000,0,-,-,-,-,2863.4000,2863.0000,2862.8000,2862.6000,2862.4000,2863.8000,2864.0000,2864.4000,2864.6000,2864.8000,3,6,2,3,1,4,1,2,2,2
SF,IH2006,2020-06-17 14:07:30.700,2863.4000,17588,0,12682501140.000,0,-,-,-,-,2863.4000,2863.0000,2862.8000,2862.6000,2862.4000,2863.8000,2864.0000,2864.4000,2864.6000,2864.8000,3,7,2,3,1,4,1,2,2,2
SF,IH2006,2020-06-17 14:07:31.200,2863.4000,17588,0,12682501140.000,0,-,-,-,-,2863.4000,2863.0000,2862.8000,2862.6000,2862.4000,2863.8000,2864.0000,2864.4000,2864.6000,2864.8000,3,7,2,3,1,5,1,2,2,2
SF,IH2006,2020-06-17 14:07:31.700,2863.4000,17590,2,12684219180.000,2,2,0,双开,B,2863.4000,2863.0000,2862.8000,2862.6000,2862.4000,2863.6000,2863.8000,2864.0000,2864.4000,2864.6000,1,7,2,3,1,1,5,1,2,2
SF,IH2006,2020-06-17 14:07:32.200,2863.4000,17591,1,12685078200.000,1,1,0,双开,B,2863.4000,2863.0000,2862.8000,2862.6000,2862.4000,2863.6000,2863.8000,2864.0000,2864.4000,2864.6000,1,7,2,3,1,1,5,1,2,2
SF,IH2006,2020-06-17 14:07:33.200,2863.6000,17592,1,12685937280.000,1,1,0,双开,B,2863.4000,2863.0000,2862.8000,2862.6000,2862.4000,2863.8000,2864.0000,2864.4000,2864.6000,2864.8000,1,7,2,3,1,5,1,2,2,2
SF,IH2006,2020-06-17 14:07:33.700,2863.6000,17592,0,12685937280.000,0,-,-,-,-,2863.4000,2863.0000,2862.8000,2862.6000,2862.4000,2863.8000,2864.0000,2864.4000,2864.6000,2864.8000,1,5,2,3,1,5,1,2,2,2
SF,IH2006,2020-06-17 14:07:34.200,2863.6000,17592,0,12685937280.000,0,-,-,-,-,2863.4000,2863.0000,2862.8000,2862.6000,2862.4000,2863.8000,2864.0000,2864.4000,2864.6000,2864.8000,1,5,2,3,1,4,1,2,2,2
SF,IH2006,2020-06-17 14:07:34.700,2863.8000,17592,0,12686796420.000,1,0,1,空换,B,2863.4000,2863.0000,2862.8000,2862.6000,2862.4000,2863.8000,2864.0000,2864.4000,2864.6000,2864.8000,1,5,2,3,1,3,1,2,2,2
SF,IH2006,2020-06-17 14:07:35.200,2863.8000,17592,0,12686796420.000,0,-,-,-,-,2863.6000,2863.4000,2863.0000,2862.8000,2862.6000,2863.8000,2864.0000,2864.4000,2864.6000,2864.8000,2,1,5,2,3,3,1,2,2,2
SF,IH2006,2020-06-17 14:07:36.200,2863.6000,17591,-1,12687655500.000,1,0,1,双平,B,2863.6000,2863.4000,2863.0000,2862.8000,2862.6000,2863.8000,2864.0000,2864.4000,2864.6000,2864.8000,1,2,4,2,3,3,1,2,2,2
SF,IH2006,2020-06-17 14:07:37.700,2863.6000,17591,0,12687655500.000,0,-,-,-,-,2863.6000,2863.4000,2863.0000,2862.8000,2862.6000,2863.8000,2864.0000,2864.4000,2864.6000,2864.8000,1,2,4,2,3,3,1,2,2,2
SF,IH2006,2020-06-17 14:07:38.200,2863.6000,17591,0,12687655500.000,0,-,-,-,-,2863.6000,2863.4000,2863.0000,2862.8000,2862.6000,2863.8000,2864.0000,2864.4000,2864.6000,2864.8000,1,2,4,2,4,3,1,2,2,2
SF,IH2006,2020-06-17 14:07:40.200,2863.6000,17591,0,12687655500.000,0,-,-,-,-,2863.6000,2863.4000,2863.0000,2862.8000,2862.6000,2863.8000,2864.0000,2864.2000,2864.4000,2864.6000,1,2,4,2,4,3,1,1,2,2
SF,IH2006,2020-06-17 14:07:41.200,2863.8000,17591,0,12688514640.000,1,0,1,空换,B,2863.6000,2863.4000,2863.0000,2862.8000,2862.6000,2863.8000,2864.0000,2864.2000,2864.4000,2864.6000,1,2,4,2,4,2,1,1,2,2
SF,IH2006,2020-06-17 14:07:46.200,2863.8000,17591,0,12688514640.000,0,-,-,-,-,2863.6000,2863.4000,2863.0000,2862.8000,2862.6000,2863.8000,2864.0000,2864.2000,2864.4000,2864.6000,2,2,4,2,4,2,1,1,2,2
SF,IH2006,2020-06-17 14:07:46.700,2863.4000,17594,3,12691950840.000,4,3,1,多开,B,2863.0000,2862.8000,2862.6000,2862.4000,2862.2000,2863.6000,2863.8000,2864.0000,2864.2000,2864.4000,4,2,4,1,5,2,2,1,1,2
SF,IH2006,2020-06-17 14:07:47.200,2863.4000,17594,0,12691950840.000,0,-,-,-,-,2863.0000,2862.8000,2862.6000,2862.4000,2862.2000,2863.6000,2863.8000,2864.0000,2864.2000,2864.4000,3,2,4,1,5,3,2,1,1,2
SF,IH2006,2020-06-17 14:07:47.700,2863.4000,17594,0,12691950840.000,0,-,-,-,-,2863.0000,2862.8000,2862.6000,2862.4000,2862.2000,2863.6000,2863.8000,2864.0000,2864.2000,2864.4000,3,2,4,1,5,3,7,1,1,2
SF,IH2006,2020-06-17 14:07:48.200,2863.8000,17588,-6,12700542060.000,10,2,8,空平,B,2863.0000,2862.8000,2862.6000,2862.4000,2862.2000,2864.0000,2864.2000,2864.4000,2864.6000,2864.8000,3,2,4,1,5,1,1,2,2,2
SF,IH2006,2020-06-17 14:07:48.700,2863.8000,17588,0,12700542060.000,0,-,-,-,-,2863.0000,2862.8000,2862.6000,2862.4000,2862.2000,2863.8000,2864.0000,2864.2000,2864.4000,2864.6000,4,2,4,1,5,1,1,1,2,2
SF,IH2006,2020-06-17 14:07:49.200,2863.2000,17587,-1,12701401020.000,1,0,1,双平,B,2863.0000,2862.8000,2862.6000,2862.4000,2862.2000,2863.8000,2864.0000,2864.2000,2864.4000,2864.6000,4,2,4,1,5,1,1,1,2,2
SF,IH2006,2020-06-17 14:07:49.700,2863.2000,17587,0,12701401020.000,0,-,-,-,-,2863.4000,2863.0000,2862.8000,2862.6000,2862.4000,2863.8000,2864.0000,2864.2000,2864.4000,2864.6000,1,4,2,4,1,1,1,1,2,2
SF,IH2006,2020-06-17 14:07:51.200,2863.2000,17587,0,12701401020.000,0,-,-,-,-,2863.4000,2863.0000,2862.8000,2862.6000,2862.4000,2863.8000,2864.0000,2864.2000,2864.4000,2864.6000,1,4,2,4,1,1,1,1,2,2
SF,IH2006,2020-06-17 14:07:52.200,2863.2000,17587,0,12701401020.000,0,-,-,-,-,2863.4000,2863.0000,2862.8000,2862.6000,2862.4000,2864.0000,2864.2000,2864.4000,2864.6000,2864.8000,1,4,2,4,1,1,1,2,2,2
SF,IH2006,2020-06-17 14:07:53.200,2863.2000,17587,0,12701401020.000,0,-,-,-,-,2863.8000,2863.4000,2863.0000,2862.8000,2862.6000,2864.0000,2864.2000,2864.4000,2864.6000,2864.8000,10,1,4,2,4,1,1,2,2,2
SF,IH2006,2020-06-17 14:07:53.700,2863.8000,17582,-5,12705696720.000,5,0,5,双平,B,2863.8000,2863.4000,2863.0000,2862.8000,2862.6000,2864.0000,2864.2000,2864.4000,2864.6000,2864.8000,5,1,2,2,4,1,1,2,2,2
SF,IH2006,2020-06-17 14:07:54.200,2863.8000,17582,0,12706555860.000,1,0,1,空换,B,2863.8000,2863.4000,2863.0000,2862.8000,2862.6000,2864.0000,2864.2000,2864.4000,2864.6000,2864.8000,4,1,2,2,4,1,1,2,2,2
SF,IH2006,2020-06-17 14:07:55.200,2863.8000,17582,0,12708274140.000,2,1,1,空换,B,2863.8000,2863.4000,2863.0000,2862.8000,2862.6000,2864.0000,2864.2000,2864.4000,2864.6000,2864.8000,2,1,2,2,4,1,1,2,2,2
SF,IH2006,2020-06-17 14:07:55.700,2863.8000,17582,0,12709992420.000,2,1,1,空换,B,2863.4000,2863.0000,2862.8000,2862.6000,2862.4000,2864.0000,2864.2000,2864.4000,2864.6000,2864.8000,1,2,2,4,1,1,1,2,2,2
SF,IH2006,2020-06-17 14:07:56.200,2863.4000,17582,0,12710851440.000,1,0,1,空换,B,2863.0000,2862.8000,2862.6000,2862.4000,2862.2000,2863.8000,2864.0000,2864.2000,2864.4000,2864.6000,2,2,4,1,5,1,1,1,2,1
SF,IH2006,2020-06-17 14:07:56.700,2863.2000,17582,0,12711710400.000,1,0,1,空换,B,2863.2000,2863.0000,2862.8000,2862.6000,2862.4000,2863.6000,2863.8000,2864.0000,2864.2000,2864.4000,2,2,2,4,1,1,1,1,1,2
SF,IH2006,2020-06-17 14:07:59.200,2863.2000,17582,0,12711710400.000,0,-,-,-,-,2863.2000,2863.0000,2862.8000,2862.6000,2862.4000,2863.6000,2864.0000,2864.2000,2864.4000,2864.6000,2,2,2,4,1,1,1,1,2,2
SF,IH2006,2020-06-17 14:07:59.700,2863.2000,17582,0,12711710400.000,0,-,-,-,-,2863.4000,2863.2000,2863.0000,2862.8000,2862.6000,2863.6000,2864.0000,2864.2000,2864.4000,2864.6000,2,2,2,2,4,1,1,1,2,2
SF,IH2006,2020-06-17 14:08:00.200,2863.2000,17582,0,12711710400.000,0,-,-,-,-,2863.4000,2863.0000,2862.8000,2862.6000,2862.4000,2863.6000,2864.0000,2864.2000,2864.4000,2864.6000,1,2,2,4,1,1,1,1,2,2
SF,IH2006,2020-06-17 14:08:00.700,2863.2000,17582,0,12711710400.000,0,-,-,-,-,2863.4000,2863.0000,2862.8000,2862.6000,2862.4000,2863.6000,2864.0000,2864.2000,2864.4000,2864.6000,2,2,2,4,1,1,2,1,2,2
SF,IH2006,2020-06-17 14:08:02.700,2863.6000,17583,1,12712569480.000,1,1,0,双开,B,2863.4000,2863.0000,2862.8000,2862.6000,2862.4000,2864.0000,2864.2000,2864.4000,2864.6000,2864.8000,2,2,2,4,1,2,1,2,2,2
SF,IH2006,2020-06-17 14:08:03.200,2863.6000,17583,0,12712569480.000,0,-,-,-,-,2863.4000,2863.0000,2862.8000,2862.6000,2862.4000,2863.8000,2864.0000,2864.2000,2864.4000,2864.6000,2,2,2,4,1,2,2,1,2,2
SF,IH2006,2020-06-17 14:08:04.200,2863.8000,17583,0,12713428620.000,1,0,1,空换,B,2863.4000,2863.0000,2862.8000,2862.6000,2862.4000,2863.8000,2864.0000,2864.2000,2864.4000,2864.6000,2,2,2,4,1,1,2,1,2,2
SF,IH2006,2020-06-17 14:08:05.200,2863.8000,17583,0,12714287760.000,1,0,1,空换,B,2863.8000,2863.4000,2863.0000,2862.8000,2862.6000,2864.0000,2864.2000,2864.4000,2864.6000,2864.8000,1,2,2,2,4,2,1,2,2,2
SF,IH2006,2020-06-17 14:08:05.700,2863.8000,17585,2,12716006040.000,2,2,0,双开,B,2863.8000,2863.6000,2863.4000,2863.0000,2862.8000,2864.0000,2864.2000,2864.4000,2864.6000,2864.8000,2,1,2,2,2,2,1,2,2,2
SF,IH2006,2020-06-17 14:08:06.200,2864.0000,17585,0,12716865240.000,1,0,1,空换,B,2863.8000,2863.6000,2863.4000,2863.0000,2862.8000,2864.0000,2864.2000,2864.4000,2864.6000,2864.8000,9,1,2,2,2,1,1,2,2,2
SF,IH2006,2020-06-17 14:08:06.700,2864.0000,17584,-1,12717724440.000,1,0,1,双平,B,2864.0000,2863.8000,2863.6000,2863.4000,2863.0000,2864.2000,2864.4000,2864.6000,2864.8000,2865.0000,5,9,1,2,2,1,2,1,2,7
SF,IH2006,2020-06-17 14:08:07.200,2864.0000,17584,0,12720302040.000,3,1,2,空换,B,2864.0000,2863.8000,2863.6000,2863.4000,2863.0000,2864.2000,2864.4000,2864.6000,2864.8000,2865.0000,2,9,1,2,2,1,2,1,2,7
SF,IH2006,2020-06-17 14:08:07.700,2864.0000,17585,1,12721161240.000,1,1,0,双开,B,2864.0000,2863.8000,2863.6000,2863.4000,2863.0000,2864.2000,2864.4000,2864.6000,2864.8000,2865.0000,1,9,1,2,2,1,2,1,2,7
SF,IH2006,2020-06-17 14:08:08.200,2864.2000,17586,1,12722020500.000,1,1,0,双开,B,2864.2000,2864.0000,2863.8000,2863.6000,2863.4000,2864.4000,2864.6000,2864.8000,2865.0000,2865.2000,1,1,9,1,2,2,1,2,7,1
SF,IH2006,2020-06-17 14:08:08.700,2864.2000,17586,0,12722879760.000,1,0,1,空换,B,2864.0000,2863.8000,2863.6000,2863.4000,2863.0000,2864.2000,2864.4000,2864.6000,2864.8000,2865.0000,1,9,1,2,2,4,1,1,2,7
SF,IH2006,2020-06-17 14:08:09.200,2864.2000,17588,2,12728035320.000,6,4,2,多开,B,2864.2000,2864.0000,2863.8000,2863.6000,2863.4000,2864.4000,2864.6000,2864.8000,2865.0000,2865.2000,1,1,2,1,2,1,1,2,7,1
SF,IH2006,2020-06-17 14:08:09.700,2864.2000,17588,0,12728035320.000,0,-,-,-,-,2864.2000,2864.0000,2863.8000,2863.6000,2863.4000,2864.4000,2864.6000,2864.8000,2865.0000,2865.2000,1,1,2,1,2,2,1,2,7,1
SF,IH2006,2020-06-17 14:08:10.200,2864.2000,17590,2,12730613220.000,3,2,1,多开,B,2864.0000,2863.8000,2863.6000,2863.4000,2863.0000,2864.6000,2864.8000,2865.0000,2865.2000,2865.4000,1,2,1,1,2,1,2,7,1,2
SF,IH2006,2020-06-17 14:08:10.700,2864.2000,17590,0,12730613220.000,0,-,-,-,-,2864.0000,2863.8000,2863.6000,2863.4000,2863.0000,2864.6000,2864.8000,2865.0000,2865.2000,2865.4000,1,2,1,1,2,1,2,7,1,3
SF,IH2006,2020-06-17 14:08:11.700,2864.2000,17590,0,12730613220.000,0,-,-,-,-,2864.0000,2863.8000,2863.6000,2863.4000,2863.0000,2864.2000,2864.6000,2864.8000,2865.0000,2865.2000,1,2,1,1,2,1,1,2,7,1
SF,IH2006,2020-06-17 14:08:12.200,2864.0000,17590,0,12731472420.000,1,0,1,空换,B,2863.8000,2863.6000,2863.4000,2863.0000,2862.8000,2864.2000,2864.6000,2864.8000,2865.0000,2865.2000,2,1,1,2,2,1,1,2,7,1
SF,IH2006,2020-06-17 14:08:12.700,2864.2000,17590,0,12732331680.000,1,0,1,空换,B,2863.8000,2863.6000,2863.4000,2863.0000,2862.8000,2864.6000,2864.8000,2865.0000,2865.2000,2865.4000,2,1,1,2,2,1,2,7,1,3
SF,IH2006,2020-06-17 14:08:13.200,2864.2000,17590,0,12732331680.000,0,-,-,-,-,2863.8000,2863.6000,2863.4000,2863.0000,2862.8000,2864.4000,2864.6000,2864.8000,2865.0000,2865.2000,2,1,1,2,2,1,1,2,7,1
SF,IH2006,2020-06-17 14:08:13.700,2864.2000,17590,0,12732331680.000,0,-,-,-,-,2863.8000,2863.6000,2863.4000,2863.0000,2862.8000,2864.4000,2864.6000,2864.8000,2865.0000,2865.2000,2,1,1,2,2,1,1,2,7,1
SF,IH2006,2020-06-17 14:08:14.200,2864.2000,17590,0,12732331680.000,0,-,-,-,-,2863.8000,2863.6000,2863.4000,2863.0000,2862.8000,2864.4000,2864.6000,2864.8000,2865.0000,2865.2000,2,1,1,2,2,1,1,2,7,1
SF,IH2006,2020-06-17 14:08:14.700,2864.2000,17590,0,12732331680.000,0,-,-,-,-,2863.8000,2863.6000,2863.4000,2863.0000,2862.8000,2864.4000,2864.6000,2864.8000,2865.0000,2865.2000,2,1,1,2,2,1,1,2,7,2
SF,IH2006,2020-06-17 14:08:15.200,2864.0000,17590,0,12733190880.000,1,0,1,空换,B,2863.8000,2863.6000,2863.4000,2863.0000,2862.8000,2864.0000,2864.4000,2864.6000,2864.8000,2865.0000,2,1,1,2,2,1,1,1,2,7
SF,IH2006,2020-06-17 14:08:15.700,2864.0000,17590,0,12733190880.000,0,-,-,-,-,2863.8000,2863.4000,2863.0000,2862.8000,2862.6000,2864.4000,2864.6000,2864.8000,2865.0000,2865.2000,2,1,2,2,4,1,1,3,7,1
SF,IH2006,2020-06-17 14:08:16.200,2863.8000,17591,1,12734909160.000,2,1,1,多开,B,2864.0000,2863.4000,2863.0000,2862.8000,2862.6000,2864.2000,2864.4000,2864.6000,2864.8000,2865.0000,1,1,2,2,4,1,2,1,3,8
SF,IH2006,2020-06-17 14:08:16.700,2864.0000,17592,1,12735768360.000,1,1,0,双开,B,2863.4000,2863.0000,2862.8000,2862.6000,2862.4000,2863.6000,2863.8000,2864.0000,2864.2000,2864.4000,1,2,2,4,1,1,7,19,2,2
SF,IH2006,2020-06-17 14:08:17.200,2863.6000,17593,1,12736627440.000,1,1,0,双开,B,2863.6000,2863.4000,2863.2000,2863.0000,2862.8000,2863.8000,2864.0000,2864.2000,2864.4000,2864.6000,3,1,1,2,2,1,8,1,2,1
SF,IH2006,2020-06-17 14:08:17.700,2863.8000,17592,-1,12737486580.000,1,0,1,双平,B,2863.8000,2863.6000,2863.4000,2863.2000,2863.0000,2864.0000,2864.2000,2864.4000,2864.6000,2864.8000,1,1,1,1,2,5,1,2,1,3
SF,IH2006,2020-06-17 14:08:18.200,2864.0000,17592,0,12740064060.000,3,1,2,空换,B,2863.6000,2863.4000,2863.2000,2863.0000,2862.8000,2864.0000,2864.2000,2864.4000,2864.6000,2864.8000,1,1,1,2,2,4,1,2,1,3
SF,IH2006,2020-06-17 14:08:19.200,2864.0000,17592,0,12740064060.000,0,-,-,-,-,2863.6000,2863.4000,2863.2000,2863.0000,2862.8000,2863.8000,2864.0000,2864.4000,2864.6000,2864.8000,1,1,1,2,2,1,4,2,1,3
SF,IH2006,2020-06-17 14:08:19.700,2864.0000,17592,0,12740064060.000,0,-,-,-,-,2863.6000,2863.4000,2863.2000,2863.0000,2862.8000,2863.8000,2864.0000,2864.4000,2864.6000,2864.8000,1,1,1,3,2,1,4,2,1,3
SF,IH2006,2020-06-17 14:08:20.200,2863.6000,17592,0,12740923140.000,1,0,1,空换,B,2863.4000,2863.2000,2863.0000,2862.8000,2862.6000,2863.8000,2864.0000,2864.4000,2864.6000,2864.8000,1,1,3,2,4,1,4,2,1,2
SF,IH2006,2020-06-17 14:08:22.700,2863.4000,17591,-1,12741782160.000,1,0,1,双平,B,2863.2000,2863.0000,2862.8000,2862.6000,2862.4000,2863.8000,2864.0000,2864.4000,2864.6000,2864.8000,1,2,2,4,1,1,4,2,1,2
SF,IH2006,2020-06-17 14:08:23.200,2863.4000,17591,0,12741782160.000,0,-,-,-,-,2863.2000,2863.0000,2862.8000,2862.6000,2862.4000,2863.8000,2864.0000,2864.4000,2864.6000,2864.8000,1,2,2,4,1,1,4,2,1,3
SF,IH2006,2020-06-17 14:08:23.700,2863.4000,17591,0,12741782160.000,0,-,-,-,-,2863.2000,2863.0000,2862.8000,2862.6000,2862.4000,2863.8000,2864.0000,2864.4000,2864.6000,2864.8000,1,2,2,4,1,1,4,2,1,3
SF,IH2006,2020-06-17 14:08:24.700,2863.4000,17591,0,12741782160.000,0,-,-,-,-,2863.2000,2863.0000,2862.8000,2862.6000,2862.4000,2863.8000,2864.0000,2864.4000,2864.6000,2864.8000,1,2,2,4,1,1,2,2,1,3
SF,IH2006,2020-06-17 14:08:25.200,2863.4000,17591,0,12741782160.000,0,-,-,-,-,2863.2000,2863.0000,2862.8000,2862.6000,2862.4000,2863.8000,2864.0000,2864.4000,2864.6000,2864.8000,5,2,2,4,1,1,2,2,1,3
SF,IH2006,2020-06-17 14:08:25.700,2863.4000,17591,0,12741782160.000,0,-,-,-,-,2863.4000,2863.2000,2863.0000,2862.8000,2862.6000,2863.8000,2864.0000,2864.4000,2864.6000,2864.8000,2,6,2,2,4,1,2,2,1,3
SF,IH2006,2020-06-17 14:08:26.200,2863.4000,17591,0,12741782160.000,0,-,-,-,-,2863.4000,2863.2000,2863.0000,2862.8000,2862.6000,2863.8000,2864.0000,2864.4000,2864.6000,2864.8000,3,6,2,2,4,1,2,2,1,3
SF,IH2006,2020-06-17 14:08:27.200,2863.4000,17591,0,12741782160.000,0,-,-,-,-,2863.4000,2863.2000,2863.0000,2862.8000,2862.6000,2863.8000,2864.0000,2864.4000,2864.6000,2864.8000,3,6,1,2,4,1,2,2,1,3
SF,IH2006,2020-06-17 14:08:28.200,2863.4000,17591,0,12741782160.000,0,-,-,-,-,2863.6000,2863.4000,2863.2000,2863.0000,2862.8000,2863.8000,2864.0000,2864.4000,2864.6000,2864.8000,1,3,6,1,2,1,2,2,1,3
SF,IH2006,2020-06-17 14:08:28.700,2863.4000,17592,1,12742641180.000,1,1,0,双开,B,2863.4000,2863.2000,2863.0000,2862.8000,2862.6000,2863.8000,2864.0000,2864.4000,2864.6000,2864.8000,3,7,1,2,4,1,2,2,1,3
SF,IH2006,2020-06-17 14:08:29.700,2863.4000,17592,0,12742641180.000,0,-,-,-,-,2863.4000,2863.2000,2863.0000,2862.8000,2862.6000,2863.8000,2864.0000,2864.4000,2864.6000,2864.8000,3,7,1,2,4,1,2,2,1,3
SF,IH2006,2020-06-17 14:08:30.200,2863.4000,17592,0,12742641180.000,0,-,-,-,-,2863.4000,2863.2000,2863.0000,2862.8000,2862.6000,2863.8000,2864.0000,2864.4000,2864.6000,2864.8000,4,7,1,2,4,1,2,2,1,3
SF,IH2006,2020-06-17 14:08:30.700,2863.4000,17592,0,12742641180.000,0,-,-,-,-,2863.4000,2863.2000,2863.0000,2862.8000,2862.6000,2863.8000,2864.0000,2864.2000,2864.4000,2864.6000,2,7,1,2,4,1,2,1,2,1
SF,IH2006,2020-06-17 14:08:31.700,2863.4000,17592,0,12742641180.000,0,-,-,-,-,2863.4000,2863.2000,2863.0000,2862.8000,2862.6000,2863.8000,2864.0000,2864.2000,2864.4000,2864.6000,2,7,1,2,4,1,2,1,2,1
SF,IH2006,2020-06-17 14:08:33.200,2863.4000,17592,0,12742641180.000,0,-,-,-,-,2863.4000,2863.2000,2863.0000,2862.8000,2862.6000,2863.8000,2864.0000,2864.2000,2864.4000,2864.6000,2,7,1,2,4,1,2,1,2,1
SF,IH2006,2020-06-17 14:08:33.700,2863.4000,17592,0,12742641180.000,0,-,-,-,-,2863.4000,2863.2000,2863.0000,2862.8000,2862.6000,2863.8000,2864.0000,2864.2000,2864.4000,2864.6000,2,7,1,2,4,1,2,1,2,1
SF,IH2006,2020-06-17 14:08:34.200,2863.4000,17592,0,12742641180.000,0,-,-,-,-,2863.6000,2863.4000,2863.2000,2863.0000,2862.8000,2863.8000,2864.0000,2864.2000,2864.4000,2864.6000,1,2,7,1,2,1,2,1,2,1
SF,IH2006,2020-06-17 14:08:34.700,2863.4000,17592,0,12742641180.000,0,-,-,-,-,2863.6000,2863.4000,2863.2000,2863.0000,2862.8000,2863.8000,2864.0000,2864.2000,2864.4000,2864.6000,2,1,7,1,2,1,2,1,2,1
SF,IH2006,2020-06-17 14:08:36.200,2863.4000,17592,0,12742641180.000,0,-,-,-,-,2863.6000,2863.2000,2863.0000,2862.8000,2862.6000,2863.8000,2864.0000,2864.2000,2864.4000,2864.6000,2,7,1,2,4,1,2,1,2,1
SF,IH2006,2020-06-17 14:08:36.700,2863.8000,17591,-1,12743500320.000,1,0,1,双平,B,2863.6000,2863.2000,2863.0000,2862.8000,2862.6000,2864.0000,2864.2000,2864.4000,2864.6000,2864.8000,2,7,1,2,4,2,1,2,1,3
SF,IH2006,2020-06-17 14:08:37.200,2863.6000,17590,-1,12744359400.000,1,0,1,双平,B,2863.6000,2863.2000,2863.0000,2862.8000,2862.6000,2864.0000,2864.2000,2864.4000,2864.6000,2864.8000,1,7,1,2,4,2,1,2,1,3
SF,IH2006,2020-06-17 14:08:39.200,2863.6000,17590,0,12744359400.000,0,-,-,-,-,2863.6000,2863.2000,2863.0000,2862.8000,2862.6000,2864.0000,2864.4000,2864.6000,2864.8000,2865.0000,1,7,1,2,4,2,2,1,3,8
SF,IH2006,2020-06-17 14:08:40.200,2863.6000,17590,0,12745218480.000,1,0,1,空换,B,2863.2000,2863.0000,2862.8000,2862.6000,2862.4000,2864.0000,2864.4000,2864.6000,2864.8000,2865.0000,7,1,2,4,1,2,2,1,3,8
SF,IH2006,2020-06-17 14:08:40.700,2863.6000,17590,0,12745218480.000,0,-,-,-,-,2863.6000,2863.4000,2863.2000,2863.0000,2862.8000,2864.0000,2864.4000,2864.6000,2864.8000,2865.0000,1,7,7,1,2,2,2,1,3,8
SF,IH2006,2020-06-17 14:08:41.200,2863.6000,17590,0,12745218480.000,0,-,-,-,-,2863.6000,2863.4000,2863.2000,2863.0000,2862.8000,2864.0000,2864.4000,2864.6000,2864.8000,2865.0000,5,7,7,1,2,1,2,1,3,8
SF,IH2006,2020-06-17 14:08:41.700,2863.6000,17590,0,12745218480.000,0,-,-,-,-,2863.8000,2863.6000,2863.4000,2863.2000,2863.0000,2864.4000,2864.6000,2864.8000,2865.0000,2865.2000,1,5,7,7,1,2,1,3,8,1
SF,IH2006,2020-06-17 14:08:42.200,2864.4000,17590,0,12746077800.000,1,0,1,空换,B,2863.8000,2863.6000,2863.4000,2863.2000,2863.0000,2864.4000,2864.6000,2864.8000,2865.0000,2865.2000,1,5,5,7,1,1,1,3,8,1
SF,IH2006,2020-06-17 14:08:42.700,2864.4000,17590,0,12746077800.000,0,-,-,-,-,2864.0000,2863.8000,2863.6000,2863.4000,2863.2000,2864.4000,2864.6000,2864.8000,2865.0000,2865.2000,3,1,5,3,7,1,1,3,7,1
SF,IH2006,2020-06-17 14:08:43.200,2864.4000,17590,0,12746937120.000,1,0,1,空换,B,2864.0000,2863.8000,2863.6000,2863.4000,2863.2000,2864.6000,2864.8000,2865.0000,2865.2000,2865.4000,6,1,5,3,4,1,3,7,1,2
SF,IH2006,2020-06-17 14:08:43.700,2864.4000,17590,0,12746937120.000,0,-,-,-,-,2864.0000,2863.8000,2863.6000,2863.4000,2863.2000,2864.4000,2864.6000,2864.8000,2865.0000,2865.2000,6,1,5,3,4,1,1,3,7,1
SF,IH2006,2020-06-17 14:08:44.200,2864.4000,17590,0,12746937120.000,0,-,-,-,-,2864.2000,2864.0000,2863.6000,2863.4000,2863.2000,2864.4000,2864.6000,2864.8000,2865.0000,2865.2000,1,6,5,3,4,1,1,3,7,1
SF,IH2006,2020-06-17 14:08:44.700,2864.4000,17590,0,12746937120.000,0,-,-,-,-,2864.2000,2864.0000,2863.6000,2863.4000,2863.2000,2864.4000,2864.6000,2864.8000,2865.0000,2865.2000,1,4,5,3,4,1,1,3,7,1
SF,IH2006,2020-06-17 14:08:45.200,2864.4000,17592,2,12748655700.000,2,2,0,双开,B,2864.0000,2863.6000,2863.4000,2863.2000,2863.0000,2864.6000,2864.8000,2865.0000,2865.2000,2865.4000,4,5,3,4,1,1,3,7,1,3
SF,IH2006,2020-06-17 14:08:45.700,2864.4000,17592,0,12748655700.000,0,-,-,-,-,2864.0000,2863.6000,2863.4000,2863.2000,2863.0000,2864.2000,2864.4000,2864.6000,2864.8000,2865.0000,3,5,1,4,1,1,2,1,3,7
SF,IH2006,2020-06-17 14:08:47.200,2864.2000,17592,0,12749514960.000,1,0,1,空换,B,2864.2000,2864.0000,2863.6000,2863.4000,2863.2000,2864.4000,2864.6000,2864.8000,2865.0000,2865.2000,1,3,5,1,4,2,2,3,7,1
SF,IH2006,2020-06-17 14:08:47.700,2864.2000,17592,0,12749514960.000,0,-,-,-,-,2864.0000,2863.6000,2863.4000,2863.2000,2863.0000,2864.4000,2864.6000,2864.8000,2865.0000,2865.2000,3,5,1,4,2,2,2,3,7,1
SF,IH2006,2020-06-17 14:08:48.200,2864.4000,17592,0,12750374280.000,1,0,1,空换,B,2864.0000,2863.6000,2863.4000,2863.2000,2863.0000,2864.6000,2864.8000,2865.0000,2865.2000,2865.4000,3,5,1,4,2,2,3,7,1,3
SF,IH2006,2020-06-17 14:08:49.200,2864.4000,17592,0,12750374280.000,0,-,-,-,-,2864.0000,2863.6000,2863.4000,2863.2000,2863.0000,2864.4000,2864.6000,2864.8000,2865.0000,2865.2000,3,5,1,4,2,1,2,3,7,1
SF,IH2006,2020-06-17 14:08:49.700,2864.4000,17592,0,12750374280.000,0,-,-,-,-,2864.0000,2863.6000,2863.4000,2863.2000,2863.0000,2864.2000,2864.4000,2864.6000,2864.8000,2865.0000,3,5,1,4,2,1,1,2,3,7
SF,IH2006,2020-06-17 14:08:50.200,2864.2000,17593,1,12751233540.000,1,1,0,双开,B,2864.0000,2863.6000,2863.4000,2863.2000,2863.0000,2864.4000,2864.6000,2864.8000,2865.0000,2865.2000,3,5,1,4,2,1,2,3,7,1
SF,IH2006,2020-06-17 14:08:50.700,2864.2000,17593,0,12751233540.000,0,-,-,-,-,2864.0000,2863.6000,2863.4000,2863.2000,2863.0000,2864.4000,2864.6000,2864.8000,2865.0000,2865.2000,4,5,1,4,2,1,2,3,7,1
SF,IH2006,2020-06-17 14:08:52.700,2864.4000,17593,0,12752092860.000,1,0,1,空换,B,2864.4000,2864.0000,2863.6000,2863.4000,2863.2000,2864.6000,2864.8000,2865.0000,2865.2000,2865.4000,1,4,5,1,4,2,3,7,1,2
SF,IH2006,2020-06-17 14:08:53.200,2864.4000,17592,-1,12752952180.000,1,0,1,双平,B,2864.0000,2863.6000,2863.4000,2863.2000,2863.0000,2864.4000,2864.6000,2864.8000,2865.0000,2865.2000,4,5,1,4,2,1,2,3,7,1
SF,IH2006,2020-06-17 14:08:53.700,2864.4000,17592,0,12753811500.000,1,0,1,空换,B,2864.2000,2864.0000,2863.6000,2863.4000,2863.2000,2864.6000,2864.8000,2865.0000,2865.2000,2865.4000,5,3,5,1,4,2,3,7,1,2
SF,IH2006,2020-06-17 14:08:54.200,2864.6000,17592,0,12754670880.000,1,0,1,空换,B,2864.4000,2864.2000,2864.0000,2863.6000,2863.4000,2864.6000,2864.8000,2865.0000,2865.2000,2865.4000,1,3,3,5,1,1,3,7,1,3
SF,IH2006,2020-06-17 14:08:54.700,2864.6000,17592,0,12754670880.000,0,-,-,-,-,2864.4000,2864.2000,2864.0000,2863.6000,2863.4000,2864.6000,2864.8000,2865.0000,2865.2000,2865.4000,2,3,3,5,1,1,3,7,1,2
SF,IH2006,2020-06-17 14:08:55.200,2864.6000,17592,0,12754670880.000,0,-,-,-,-,2864.4000,2864.2000,2864.0000,2863.6000,2863.4000,2864.6000,2864.8000,2865.0000,2865.2000,2865.4000,2,3,3,5,1,1,3,7,2,2
SF,IH2006,2020-06-17 14:08:56.200,2864.6000,17592,0,12755530260.000,1,0,1,空换,B,2864.4000,2864.2000,2864.0000,2863.6000,2863.4000,2864.8000,2865.0000,2865.2000,2865.4000,2865.8000,2,3,3,5,1,3,7,2,2,3
SF,IH2006,2020-06-17 14:08:56.700,2864.6000,17592,0,12755530260.000,0,-,-,-,-,2864.4000,2864.2000,2864.0000,2863.6000,2863.4000,2864.8000,2865.0000,2865.2000,2865.4000,2865.8000,2,2,3,5,1,3,7,2,2,3
SF,IH2006,2020-06-17 14:08:57.200,2864.6000,17592,0,12755530260.000,0,-,-,-,-,2864.4000,2864.2000,2864.0000,2863.6000,2863.4000,2864.8000,2865.0000,2865.2000,2865.4000,2865.8000,2,2,3,5,1,3,7,2,2,3
SF,IH2006,2020-06-17 14:08:57.700,2864.6000,17592,0,12755530260.000,0,-,-,-,-,2864.4000,2864.2000,2864.0000,2863.6000,2863.4000,2864.8000,2865.0000,2865.2000,2865.4000,2865.8000,2,2,3,5,1,4,7,2,2,3
SF,IH2006,2020-06-17 14:08:58.200,2864.6000,17592,0,12755530260.000,0,-,-,-,-,2864.4000,2864.2000,2864.0000,2863.6000,2863.4000,2864.6000,2864.8000,2865.0000,2865.2000,2865.4000,2,2,3,5,1,1,4,7,2,2
SF,IH2006,2020-06-17 14:08:58.700,2864.6000,17592,0,12755530260.000,0,-,-,-,-,2864.4000,2864.0000,2863.6000,2863.4000,2863.2000,2864.6000,2864.8000,2865.0000,2865.2000,2865.4000,2,3,5,1,4,1,4,7,2,2
SF,IH2006,2020-06-17 14:08:59.200,2864.8000,17592,0,12758108520.000,3,1,2,空换,B,2864.2000,2864.0000,2863.6000,2863.4000,2863.2000,2864.8000,2865.0000,2865.2000,2865.4000,2865.8000,1,3,5,1,4,2,7,2,2,3
SF,IH2006,2020-06-17 14:08:59.700,2864.8000,17591,-1,12758967960.000,1,0,1,双平,B,2864.2000,2864.0000,2863.6000,2863.4000,2863.2000,2864.8000,2865.0000,2865.2000,2865.4000,2865.8000,2,3,5,1,4,1,7,2,2,3
SF,IH2006,2020-06-17 14:09:00.200,2864.8000,17591,0,12758967960.000,0,-,-,-,-,2864.2000,2864.0000,2863.6000,2863.4000,2863.2000,2864.8000,2865.0000,2865.2000,2865.4000,2865.8000,2,4,5,1,4,1,7,2,2,3
SF,IH2006,2020-06-17 14:09:00.700,2864.8000,17592,1,12759827400.000,1,1,0,双开,B,2864.6000,2864.2000,2864.0000,2863.6000,2863.4000,2865.0000,2865.2000,2865.4000,2865.8000,2866.4000,1,3,4,5,1,7,2,2,3,1
SF,IH2006,2020-06-17 14:09:01.200,2865.0000,17592,0,12761546400.000,2,1,1,空换,B,2864.4000,2864.2000,2864.0000,2863.6000,2863.4000,2865.0000,2865.2000,2865.4000,2865.8000,2866.4000,1,3,4,5,1,7,2,2,3,1
SF,IH2006,2020-06-17 14:09:01.700,2865.0000,17591,-1,12764124900.000,3,1,2,空平,B,2864.4000,2864.2000,2864.0000,2863.6000,2863.4000,2865.0000,2865.2000,2865.4000,2865.8000,2866.4000,1,3,4,5,1,4,2,2,3,1
SF,IH2006,2020-06-17 14:09:02.200,2865.0000,17590,-1,12764984400.000,1,0,1,双平,B,2864.4000,2864.2000,2864.0000,2863.6000,2863.4000,2865.0000,2865.2000,2865.4000,2865.8000,2866.4000,3,3,4,6,1,3,2,2,3,1
SF,IH2006,2020-06-17 14:09:02.700,2864.6000,17590,0,12765843780.000,1,0,1,空换,B,2864.4000,2864.2000,2864.0000,2863.6000,2863.4000,2865.0000,2865.2000,2865.4000,2865.8000,2866.4000,3,1,4,6,1,2,2,3,3,1
SF,IH2006,2020-06-17 14:09:03.200,2864.6000,17590,0,12765843780.000,0,-,-,-,-,2864.8000,2864.6000,2864.4000,2864.2000,2864.0000,2865.0000,2865.2000,2865.4000,2865.8000,2866.4000,1,1,3,1,4,2,2,3,3,1
SF,IH2006,2020-06-17 14:09:03.700,2864.8000,17590,0,12766703220.000,1,0,1,空换,B,2864.6000,2864.4000,2864.2000,2864.0000,2863.6000,2864.8000,2865.0000,2865.2000,2865.4000,2865.8000,1,3,1,4,6,7,2,2,3,3
SF,IH2006,2020-06-17 14:09:04.200,2864.8000,17590,0,12767562660.000,1,0,1,空换,B,2864.6000,2864.4000,2864.2000,2864.0000,2863.6000,2864.8000,2865.0000,2865.2000,2865.4000,2865.8000,2,3,1,4,6,5,2,3,2,3
SF,IH2006,2020-06-17 14:09:04.700,2864.6000,17590,0,12768422040.000,1,0,1,空换,B,2864.6000,2864.4000,2864.2000,2864.0000,2863.6000,2864.8000,2865.0000,2865.2000,2865.4000,2865.8000,1,3,1,4,6,5,2,3,2,3
SF,IH2006,2020-06-17 14:09:05.200,2864.6000,17590,0,12768422040.000,0,-,-,-,-,2864.6000,2864.4000,2864.2000,2864.0000,2863.6000,2864.8000,2865.0000,2865.2000,2865.4000,2865.8000,1,3,1,4,6,6,3,3,2,3
SF,IH2006,2020-06-17 14:09:05.700,2864.6000,17590,0,12769281420.000,1,0,1,空换,B,2864.4000,2864.2000,2864.0000,2863.6000,2863.4000,2864.8000,2865.0000,2865.2000,2865.4000,2865.8000,2,1,4,6,1,7,4,2,2,3
SF,IH2006,2020-06-17 14:09:06.200,2864.6000,17590,0,12769281420.000,0,-,-,-,-,2864.4000,2864.2000,2864.0000,2863.6000,2863.4000,2864.6000,2864.8000,2865.0000,2865.2000,2865.4000,3,1,4,6,1,2,7,3,2,2
SF,IH2006,2020-06-17 14:09:06.700,2864.4000,17589,-1,12771859440.000,3,1,2,空平,B,2864.4000,2864.2000,2864.0000,2863.6000,2863.4000,2864.6000,2864.8000,2865.0000,2865.2000,2865.4000,1,1,4,6,1,2,4,4,2,2
SF,IH2006,2020-06-17 14:09:07.200,2864.4000,17589,0,12771859440.000,0,-,-,-,-,2864.2000,2864.0000,2863.6000,2863.4000,2863.2000,2864.6000,2864.8000,2865.0000,2865.2000,2865.4000,1,4,6,1,3,3,3,4,2,2
SF,IH2006,2020-06-17 14:09:07.700,2864.4000,17589,0,12771859440.000,0,-,-,-,-,2864.2000,2864.0000,2863.6000,2863.4000,2863.2000,2864.4000,2864.6000,2864.8000,2865.0000,2865.2000,2,4,6,1,3,2,1,3,5,2
SF,IH2006,2020-06-17 14:09:08.200,2864.2000,17590,1,12772718700.000,1,1,0,双开,B,2864.2000,2864.0000,2863.6000,2863.4000,2863.2000,2864.4000,2864.6000,2864.8000,2865.0000,2865.2000,1,4,6,1,3,3,1,3,5,2
SF,IH2006,2020-06-17 14:09:08.700,2864.2000,17590,0,12772718700.000,0,-,-,-,-,2864.0000,2863.6000,2863.4000,2863.2000,2863.0000,2864.2000,2864.4000,2864.6000,2864.8000,2865.0000,4,6,1,3,2,1,2,1,3,5
SF,IH2006,2020-06-17 14:09:09.200,2864.0000,17591,1,12773577900.000,1,1,0,双开,B,2864.0000,2863.8000,2863.6000,2863.4000,2863.2000,2864.4000,2864.6000,2864.8000,2865.0000,2865.2000,3,1,6,1,3,1,1,3,5,2
SF,IH2006,2020-06-17 14:09:09.700,2864.0000,17591,0,12773577900.000,0,-,-,-,-,2864.0000,2863.8000,2863.6000,2863.4000,2863.2000,2864.2000,2864.4000,2864.6000,2864.8000,2865.0000,3,1,6,1,3,1,1,1,3,5
SF,IH2006,2020-06-17 14:09:10.200,2864.2000,17591,0,12774437160.000,1,0,1,空换,B,2864.0000,2863.8000,2863.6000,2863.4000,2863.2000,2864.4000,2864.6000,2864.8000,2865.0000,2865.2000,3,1,6,1,3,1,1,3,5,2
SF,IH2006,2020-06-17 14:09:10.700,2864.0000,17591,0,12775296360.000,1,0,1,空换,B,2864.0000,2863.6000,2863.4000,2863.2000,2863.0000,2864.2000,2864.4000,2864.6000,2864.8000,2865.0000,2,6,1,3,2,1,1,1,3,5
SF,IH2006,2020-06-17 14:09:11.200,2864.0000,17591,0,12780451560.000,6,3,3,空换,B,2863.6000,2863.4000,2863.2000,2863.0000,2862.8000,2864.0000,2864.2000,2864.4000,2864.6000,2864.8000,6,1,4,2,1,7,2,1,1,3
SF,IH2006,2020-06-17 14:09:11.700,2863.6000,17591,0,12781310640.000,1,0,1,空换,B,2863.6000,2863.4000,2863.2000,2863.0000,2862.8000,2864.0000,2864.2000,2864.4000,2864.6000,2864.8000,5,1,4,2,1,4,2,1,1,1
SF,IH2006,2020-06-17 14:09:13.200,2863.6000,17591,0,12781310640.000,0,-,-,-,-,2863.6000,2863.4000,2863.2000,2863.0000,2862.8000,2864.0000,2864.2000,2864.4000,2864.6000,2864.8000,5,1,4,2,1,4,2,1,1,1
SF,IH2006,2020-06-17 14:09:13.700,2863.6000,17591,0,12781310640.000,0,-,-,-,-,2863.6000,2863.4000,2863.2000,2863.0000,2862.8000,2864.0000,2864.2000,2864.4000,2864.6000,2864.8000,5,1,4,2,1,2,2,1,1,1
SF,IH2006,2020-06-17 14:09:14.200,2864.2000,17592,1,12783029100.000,2,1,1,多开,B,2864.2000,2863.8000,2863.6000,2863.4000,2863.2000,2864.4000,2864.6000,2864.8000,2865.0000,2865.2000,3,1,5,1,4,1,1,2,4,2
SF,IH2006,2020-06-17 14:09:14.700,2863.8000,17589,-3,12786466020.000,4,0,4,空平,B,2863.6000,2863.4000,2863.2000,2863.0000,2862.8000,2864.0000,2864.2000,2864.6000,2864.8000,2865.0000,5,1,3,2,1,1,6,1,2,4
SF,IH2006,2020-06-17 14:09:15.200,2864.0000,17588,-1,12787325220.000,1,0,1,双平,B,2864.0000,2863.6000,2863.4000,2863.2000,2863.0000,2864.2000,2864.6000,2864.8000,2865.0000,2865.2000,3,6,1,3,2,10,1,2,4,2
SF,IH2006,2020-06-17 14:09:15.700,2864.0000,17588,0,12787325220.000,0,-,-,-,-,2864.0000,2863.6000,2863.4000,2863.2000,2863.0000,2864.2000,2864.4000,2864.6000,2864.8000,2865.0000,3,6,1,3,2,10,1,1,2,4
SF,IH2006,2020-06-17 14:09:16.200,2864.0000,17588,0,12787325220.000,0,-,-,-,-,2864.0000,2863.6000,2863.4000,2863.2000,2863.0000,2864.2000,2864.4000,2864.6000,2864.8000,2865.0000,3,6,1,3,2,8,1,1,2,4
SF,IH2006,2020-06-17 14:09:16.700,2864.0000,17588,0,12787325220.000,0,-,-,-,-,2864.0000,2863.6000,2863.4000,2863.2000,2863.0000,2864.2000,2864.4000,2864.6000,2864.8000,2865.0000,3,6,1,3,2,8,1,1,2,4
SF,IH2006,2020-06-17 14:09:17.700,2864.0000,17588,0,12787325220.000,0,-,-,-,-,2864.0000,2863.6000,2863.4000,2863.2000,2863.0000,2864.2000,2864.4000,2864.6000,2864.8000,2865.0000,3,6,1,3,2,6,1,1,2,4
SF,IH2006,2020-06-17 14:09:18.200,2864.0000,17587,-1,12789043620.000,2,0,2,空平,B,2864.0000,2863.6000,2863.4000,2863.2000,2863.0000,2864.2000,2864.4000,2864.6000,2864.8000,2865.0000,1,6,1,3,2,5,1,1,2,4
SF,IH2006,2020-06-17 14:09:18.700,2864.0000,17587,0,12789902820.000,1,0,1,空换,B,2863.6000,2863.4000,2863.2000,2863.0000,2862.8000,2864.0000,2864.2000,2864.4000,2864.6000,2864.8000,6,1,3,2,1,1,5,1,1,2
SF,IH2006,2020-06-17 14:09:20.200,2863.6000,17587,0,12790761900.000,1,0,1,空换,B,2863.6000,2863.4000,2863.2000,2863.0000,2862.8000,2864.0000,2864.2000,2864.4000,2864.6000,2864.8000,5,1,3,2,1,1,5,1,1,2
SF,IH2006,2020-06-17 14:09:20.700,2863.6000,17587,0,12790761900.000,0,-,-,-,-,2863.6000,2863.4000,2863.2000,2863.0000,2862.8000,2864.0000,2864.2000,2864.4000,2864.8000,2865.0000,5,1,3,2,1,1,5,1,2,4
SF,IH2006,2020-06-17 14:09:21.700,2863.6000,17586,-1,12791620980.000,1,0,1,双平,B,2863.6000,2863.4000,2863.2000,2863.0000,2862.8000,2864.0000,2864.2000,2864.8000,2865.0000,2865.2000,4,1,3,2,1,1,5,2,4,2
SF,IH2006,2020-06-17 14:09:22.200,2863.6000,17585,-1,12792480060.000,1,0,1,双平,B,2863.6000,2863.4000,2863.2000,2863.0000,2862.8000,2864.0000,2864.2000,2864.8000,2865.0000,2865.2000,3,1,3,2,1,1,5,2,4,2
SF,IH2006,2020-06-17 14:09:22.700,2863.6000,17584,-1,12793339140.000,1,0,1,双平,B,2863.6000,2863.4000,2863.2000,2863.0000,2862.8000,2864.0000,2864.2000,2864.8000,2865.0000,2865.2000,1,1,3,2,1,1,5,2,4,2
SF,IH2006,2020-06-17 14:09:23.700,2863.6000,17584,0,12793339140.000,0,-,-,-,-,2863.8000,2863.6000,2863.4000,2863.2000,2863.0000,2864.0000,2864.2000,2864.8000,2865.0000,2865.2000,1,1,1,3,2,1,5,2,4,2
SF,IH2006,2020-06-17 14:09:24.200,2863.6000,17584,0,12793339140.000,0,-,-,-,-,2863.6000,2863.4000,2863.2000,2863.0000,2862.8000,2864.0000,2864.2000,2864.8000,2865.0000,2865.2000,1,1,3,2,1,1,5,2,4,2
SF,IH2006,2020-06-17 14:09:24.700,2863.6000,17584,0,12793339140.000,0,-,-,-,-,2863.6000,2863.4000,2863.2000,2863.0000,2862.8000,2864.0000,2864.2000,2864.8000,2865.0000,2865.2000,2,1,3,2,1,1,5,2,4,2
SF,IH2006,2020-06-17 14:09:25.200,2864.0000,17584,0,12794198340.000,1,0,1,空换,B,2864.0000,2863.6000,2863.4000,2863.2000,2863.0000,2864.2000,2864.8000,2865.0000,2865.2000,2865.4000,1,2,1,3,2,5,2,4,2,2
SF,IH2006,2020-06-17 14:09:27.200,2864.2000,17582,-2,12798494640.000,5,1,4,空平,B,2864.2000,2864.0000,2863.6000,2863.4000,2863.2000,2864.8000,2865.0000,2865.2000,2865.4000,2865.8000,3,1,2,1,3,2,4,2,2,4
SF,IH2006,2020-06-17 14:09:27.700,2864.2000,17582,0,12798494640.000,0,-,-,-,-,2864.2000,2864.0000,2863.6000,2863.4000,2863.2000,2864.6000,2864.8000,2865.0000,2865.2000,2865.4000,3,1,2,1,3,5,2,4,2,2
SF,IH2006,2020-06-17 14:09:28.200,2864.6000,17581,-1,12801072780.000,3,1,2,空平,B,2864.2000,2864.0000,2863.6000,2863.4000,2863.2000,2864.6000,2864.8000,2865.0000,2865.2000,2865.4000,3,1,2,1,3,2,2,4,2,2
SF,IH2006,2020-06-17 14:09:28.700,2864.6000,17580,-1,12802791540.000,2,0,2,空平,B,2864.6000,2864.2000,2864.0000,2863.6000,2863.4000,2864.8000,2865.0000,2865.2000,2865.4000,2865.8000,6,3,1,2,1,2,4,2,2,4
SF,IH2006,2020-06-17 14:09:29.200,2864.6000,17577,-3,12805369680.000,3,0,3,双平,B,2864.6000,2864.2000,2864.0000,2863.6000,2863.4000,2864.8000,2865.0000,2865.2000,2865.4000,2865.8000,3,3,1,2,1,2,4,2,2,4
SF,IH2006,2020-06-17 14:09:29.700,2864.6000,17576,-1,12807947820.000,3,1,2,空平,B,2864.2000,2864.0000,2863.6000,2863.4000,2863.2000,2864.8000,2865.0000,2865.2000,2865.4000,2865.8000,3,1,2,1,3,2,4,2,2,4
SF,IH2006,2020-06-17 14:09:30.200,2864.8000,17574,-2,12810526140.000,3,0,3,空平,B,2864.8000,2864.2000,2864.0000,2863.6000,2863.4000,2865.0000,2865.2000,2865.4000,2865.8000,2866.4000,5,4,1,2,1,4,2,2,4,1
SF,IH2006,2020-06-17 14:09:30.700,2864.8000,17571,-3,12813104460.000,3,0,3,双平,B,2864.8000,2864.2000,2864.0000,2863.6000,2863.4000,2865.0000,2865.2000,2865.4000,2865.8000,2866.4000,2,4,1,2,1,4,2,2,4,1
SF,IH2006,2020-06-17 14:09:31.200,2864.8000,17572,1,12815682780.000,3,2,1,多开,B,2864.2000,2864.0000,2863.6000,2863.4000,2863.2000,2864.8000,2865.0000,2865.2000,2865.4000,2865.8000,4,1,2,1,3,2,4,1,2,4
SF,IH2006,2020-06-17 14:09:31.700,2864.8000,17572,0,12815682780.000,0,-,-,-,-,2864.4000,2864.2000,2864.0000,2863.6000,2863.4000,2864.8000,2865.0000,2865.2000,2865.4000,2865.8000,1,5,1,2,1,2,5,1,2,5
SF,IH2006,2020-06-17 14:09:32.200,2864.8000,17572,0,12815682780.000,0,-,-,-,-,2864.4000,2864.2000,2864.0000,2863.6000,2863.4000,2864.8000,2865.0000,2865.2000,2865.4000,2865.8000,1,5,1,2,1,3,5,1,2,5
SF,IH2006,2020-06-17 14:09:32.700,2864.4000,17571,-1,12816542100.000,1,0,1,双平,B,2864.4000,2864.2000,2864.0000,2863.6000,2863.4000,2864.8000,2865.0000,2865.2000,2865.4000,2865.8000,2,5,1,2,1,2,5,1,2,5
SF,IH2006,2020-06-17 14:09:34.200,2864.4000,17571,0,12816542100.000,0,-,-,-,-,2864.6000,2864.4000,2864.2000,2864.0000,2863.6000,2864.8000,2865.0000,2865.2000,2865.4000,2865.8000,7,2,5,1,2,2,5,1,2,5
SF,IH2006,2020-06-17 14:09:34.700,2864.4000,17570,-1,12817401420.000,1,0,1,双平,B,2864.6000,2864.4000,2864.2000,2864.0000,2863.6000,2864.8000,2865.0000,2865.2000,2865.4000,2865.8000,6,2,2,1,2,2,5,1,2,5
SF,IH2006,2020-06-17 14:09:35.200,2864.6000,17570,0,12818260800.000,1,0,1,空换,B,2864.6000,2864.4000,2864.2000,2864.0000,2863.6000,2864.8000,2865.0000,2865.2000,2865.4000,2865.8000,5,2,2,1,2,2,5,1,2,5
SF,IH2006,2020-06-17 14:09:35.700,2864.6000,17570,0,12818260800.000,0,-,-,-,-,2864.6000,2864.4000,2864.2000,2864.0000,2863.6000,2864.8000,2865.0000,2865.2000,2865.4000,2865.8000,6,2,2,1,2,2,5,1,2,5
SF,IH2006,2020-06-17 14:09:36.200,2864.6000,17570,0,12818260800.000,0,-,-,-,-,2864.6000,2864.4000,2864.2000,2864.0000,2863.6000,2864.8000,2865.0000,2865.2000,2865.4000,2865.8000,7,2,2,1,1,2,5,1,2,5
SF,IH2006,2020-06-17 14:09:36.700,2864.6000,17568,-2,12819979560.000,2,0,2,双平,B,2864.6000,2864.4000,2864.2000,2864.0000,2863.6000,2864.8000,2865.0000,2865.2000,2865.4000,2865.8000,5,2,2,1,1,2,5,1,2,5
SF,IH2006,2020-06-17 14:09:37.200,2864.6000,17565,-3,12822557700.000,3,0,3,双平,B,2864.6000,2864.4000,2864.2000,2864.0000,2863.6000,2864.8000,2865.0000,2865.2000,2865.4000,2865.8000,2,2,2,1,1,2,5,1,2,5
SF,IH2006,2020-06-17 14:09:37.700,2864.6000,17565,0,12822557700.000,0,-,-,-,-,2864.6000,2864.4000,2864.2000,2864.0000,2863.6000,2864.8000,2865.0000,2865.2000,2865.4000,2865.8000,2,2,2,1,1,1,5,1,2,5
SF,IH2006,2020-06-17 14:09:38.700,2864.8000,17565,0,12823417140.000,1,0,1,空换,B,2864.8000,2864.6000,2864.4000,2864.2000,2864.0000,2865.0000,2865.2000,2865.4000,2865.8000,2866.4000,6,2,2,2,1,5,1,2,5,1
SF,IH2006,2020-06-17 14:09:39.200,2864.8000,17565,0,12823417140.000,0,-,-,-,-,2864.8000,2864.6000,2864.4000,2864.2000,2864.0000,2865.0000,2865.2000,2865.4000,2865.8000,2866.4000,6,2,2,2,1,6,1,2,5,1
SF,IH2006,2020-06-17 14:09:39.700,2864.8000,17564,-1,12825995460.000,3,1,2,空平,B,2864.8000,2864.6000,2864.4000,2864.2000,2864.0000,2865.0000,2865.2000,2865.4000,2865.8000,2866.4000,3,2,2,2,1,5,1,2,5,1
SF,IH2006,2020-06-17 14:09:40.200,2864.8000,17563,-1,12826854900.000,1,0,1,双平,B,2864.8000,2864.6000,2864.4000,2864.2000,2864.0000,2865.0000,2865.2000,2865.4000,2865.8000,2866.4000,2,2,2,2,1,5,1,2,5,1
SF,IH2006,2020-06-17 14:09:41.200,2865.0000,17561,-2,12838887900.000,14,6,8,空平,B,2864.8000,2864.6000,2864.4000,2864.2000,2864.0000,2865.0000,2865.2000,2865.4000,2865.8000,2866.4000,2,2,2,2,1,11,2,2,5,1
SF,IH2006,2020-06-17 14:09:41.700,2865.0000,17564,3,12848342400.000,11,7,4,多开,B,2865.0000,2864.8000,2864.6000,2864.4000,2864.2000,2865.2000,2865.4000,2865.8000,2866.4000,2866.6000,6,6,2,2,1,2,2,5,1,2
SF,IH2006,2020-06-17 14:09:42.200,2865.2000,17562,-2,12851780640.000,4,1,3,空平,B,2865.2000,2865.0000,2864.8000,2864.6000,2864.4000,2865.4000,2865.8000,2866.4000,2866.6000,2866.8000,15,6,6,2,2,2,5,1,2,3
SF,IH2006,2020-06-17 14:09:42.700,2865.6000,17559,-3,12857798040.000,7,2,5,空平,B,2865.4000,2865.2000,2865.0000,2864.8000,2864.6000,2865.8000,2866.4000,2866.6000,2866.8000,2867.0000,23,16,6,6,2,10,1,2,3,1
SF,IH2006,2020-06-17 14:09:43.200,2865.8000,17549,-10,12872412960.000,17,3,14,空平,B,2865.8000,2865.4000,2865.2000,2865.0000,2864.8000,2866.4000,2866.6000,2866.8000,2867.0000,2867.4000,10,18,16,6,6,1,2,3,1,1
SF,IH2006,2020-06-17 14:09:43.700,2866.2000,17535,-14,12887029140.000,17,1,16,空平,B,2865.4000,2865.2000,2865.0000,2864.8000,2864.6000,2865.8000,2866.2000,2866.4000,2866.6000,2866.8000,17,16,6,6,2,1,2,4,2,3
SF,IH2006,2020-06-17 14:09:44.200,2866.2000,17531,-4,12890468580.000,4,0,4,双平,B,2865.4000,2865.2000,2865.0000,2864.8000,2864.6000,2865.8000,2866.4000,2866.6000,2866.8000,2867.0000,24,16,6,6,2,1,4,2,3,1
SF,IH2006,2020-06-17 14:09:44.700,2865.8000,17528,-3,12893907540.000,4,0,4,空平,B,2865.8000,2865.6000,2865.4000,2865.2000,2865.0000,2866.4000,2866.6000,2866.8000,2867.0000,2867.4000,1,1,24,16,6,1,2,4,1,1
SF,IH2006,2020-06-17 14:09:45.200,2865.8000,17528,0,12895627020.000,2,1,1,空换,B,2865.6000,2865.4000,2865.2000,2865.0000,2864.8000,2866.0000,2866.2000,2866.4000,2866.6000,2866.8000,1,24,16,6,6,2,2,2,2,4
SF,IH2006,2020-06-17 14:09:45.700,2866.0000,17528,0,12896486820.000,1,0,1,空换,B,2865.6000,2865.4000,2865.2000,2865.0000,2864.8000,2865.8000,2866.2000,2866.4000,2866.6000,2866.8000,1,24,16,6,6,1,1,2,2,4
SF,IH2006,2020-06-17 14:09:46.200,2865.8000,17527,-1,12899066040.000,3,1,2,空平,B,2865.8000,2865.6000,2865.4000,2865.2000,2865.0000,2866.4000,2866.6000,2866.8000,2867.0000,2867.4000,9,1,23,16,6,2,2,4,1,1
SF,IH2006,2020-06-17 14:09:46.700,2865.8000,17527,0,12903365220.000,5,2,3,空换,B,2865.8000,2865.6000,2865.4000,2865.2000,2865.0000,2866.6000,2866.8000,2867.0000,2867.4000,2868.0000,8,1,22,16,6,3,4,1,1,8
SF,IH2006,2020-06-17 14:09:47.200,2865.8000,17527,0,12903365220.000,0,-,-,-,-,2866.0000,2865.8000,2865.6000,2865.4000,2865.2000,2866.4000,2866.6000,2866.8000,2867.0000,2867.4000,3,8,1,22,16,1,4,5,1,1
SF,IH2006,2020-06-17 14:09:47.700,2865.8000,17527,0,12903365220.000,0,-,-,-,-,2866.0000,2865.8000,2865.6000,2865.4000,2865.2000,2866.4000,2866.6000,2866.8000,2867.0000,2867.4000,3,7,1,22,16,2,4,5,1,1
SF,IH2006,2020-06-17 14:09:48.200,2865.8000,17527,0,12904224960.000,1,0,1,空换,B,2866.0000,2865.8000,2865.6000,2865.4000,2865.2000,2866.4000,2866.6000,2866.8000,2867.0000,2867.4000,2,7,1,22,16,2,4,5,1,1
SF,IH2006,2020-06-17 14:09:48.700,2866.0000,17527,0,12905944560.000,2,1,1,空换,B,2865.8000,2865.6000,2865.4000,2865.2000,2864.8000,2866.4000,2866.6000,2866.8000,2867.0000,2867.4000,7,1,5,2,3,3,4,5,1,1
SF,IH2006,2020-06-17 14:09:49.200,2866.0000,17527,0,12905944560.000,0,-,-,-,-,2865.8000,2865.6000,2865.4000,2865.2000,2864.8000,2866.2000,2866.4000,2866.6000,2866.8000,2867.0000,7,1,5,2,3,2,4,4,5,1
SF,IH2006,2020-06-17 14:09:49.700,2866.0000,17527,0,12905944560.000,0,-,-,-,-,2866.0000,2865.8000,2865.6000,2865.4000,2865.2000,2866.2000,2866.4000,2866.6000,2866.8000,2867.0000,1,2,1,5,2,3,4,4,5,1
SF,IH2006,2020-06-17 14:09:50.200,2866.0000,17528,1,12906804360.000,1,1,0,双开,B,2865.8000,2865.6000,2865.4000,2865.2000,2864.8000,2866.0000,2866.2000,2866.4000,2866.6000,2866.8000,2,1,5,2,3,3,3,4,4,5
SF,IH2006,2020-06-17 14:09:50.700,2865.8000,17528,0,12908523840.000,2,1,1,空换,B,2865.4000,2865.2000,2864.8000,2864.6000,2864.4000,2865.6000,2865.8000,2866.0000,2866.2000,2866.4000,5,2,3,1,1,1,1,3,1,4
SF,IH2006,2020-06-17 14:09:51.200,2865.6000,17528,0,12910243200.000,2,1,1,空换,B,2865.6000,2865.4000,2865.2000,2864.8000,2864.6000,2865.8000,2866.0000,2866.2000,2866.4000,2866.6000,2,5,2,3,1,1,2,2,4,4
SF,IH2006,2020-06-17 14:09:51.700,2865.6000,17528,0,12910243200.000,0,-,-,-,-,2865.6000,2865.4000,2865.2000,2864.8000,2864.6000,2865.8000,2866.0000,2866.2000,2866.4000,2866.6000,2,5,2,3,1,1,2,2,4,4
SF,IH2006,2020-06-17 14:09:52.200,2865.8000,17527,-1,12911102940.000,1,0,1,双平,B,2865.8000,2865.6000,2865.4000,2865.2000,2864.8000,2866.0000,2866.2000,2866.4000,2866.6000,2866.8000,1,2,5,2,3,3,2,4,5,5
SF,IH2006,2020-06-17 14:09:52.700,2865.8000,17526,-1,12911962680.000,1,0,1,双平,B,2865.6000,2865.4000,2865.2000,2864.8000,2864.6000,2866.0000,2866.2000,2866.4000,2866.6000,2866.8000,2,5,2,3,1,3,2,4,5,5
SF,IH2006,2020-06-17 14:09:53.200,2865.6000,17527,1,12912822360.000,1,1,0,双开,B,2865.4000,2865.2000,2864.8000,2864.6000,2864.4000,2866.0000,2866.2000,2866.4000,2866.6000,2866.8000,5,2,3,1,1,3,2,4,5,5
SF,IH2006,2020-06-17 14:09:53.700,2865.6000,17527,0,12912822360.000,0,-,-,-,-,2865.4000,2865.2000,2864.8000,2864.6000,2864.4000,2865.6000,2866.0000,2866.2000,2866.4000,2866.6000,6,2,3,1,1,1,3,2,4,5
SF,IH2006,2020-06-17 14:09:54.200,2865.6000,17527,0,12913682040.000,1,0,1,空换,B,2865.8000,2865.6000,2865.4000,2865.2000,2865.0000,2866.0000,2866.2000,2866.4000,2866.6000,2866.8000,1,4,6,2,1,3,2,4,5,5
SF,IH2006,2020-06-17 14:09:54.700,2866.0000,17524,-3,12918840780.000,6,1,5,空平,B,2865.6000,2865.4000,2865.2000,2865.0000,2864.8000,2866.2000,2866.4000,2866.6000,2866.8000,2867.0000,3,6,2,1,3,2,3,5,5,1
SF,IH2006,2020-06-17 14:09:55.200,2865.8000,17525,1,12919700520.000,1,1,0,双开,B,2865.6000,2865.4000,2865.2000,2865.0000,2864.8000,2866.0000,2866.2000,2866.4000,2866.6000,2866.8000,3,6,2,1,3,1,1,3,5,5
SF,IH2006,2020-06-17 14:09:55.700,2865.8000,17525,0,12919700520.000,0,-,-,-,-,2865.8000,2865.6000,2865.4000,2865.2000,2865.0000,2866.0000,2866.2000,2866.4000,2866.6000,2866.8000,3,4,6,2,1,1,1,3,5,5
SF,IH2006,2020-06-17 14:09:56.200,2865.8000,17525,0,12919700520.000,0,-,-,-,-,2865.8000,2865.6000,2865.4000,2865.2000,2865.0000,2866.0000,2866.2000,2866.4000,2866.6000,2866.8000,1,5,7,2,1,1,1,3,5,5
SF,IH2006,2020-06-17 14:09:56.700,2866.0000,17525,0,12920560320.000,1,0,1,空换,B,2865.8000,2865.6000,2865.4000,2865.2000,2865.0000,2866.2000,2866.4000,2866.6000,2866.8000,2867.0000,1,5,7,2,1,1,3,5,5,1
SF,IH2006,2020-06-17 14:09:57.200,2866.0000,17525,0,12920560320.000,0,-,-,-,-,2865.8000,2865.6000,2865.4000,2865.2000,2865.0000,2866.0000,2866.2000,2866.4000,2866.6000,2866.8000,2,5,8,2,1,1,1,3,5,5
SF,IH2006,2020-06-17 14:09:57.700,2866.0000,17524,-1,12921420120.000,1,0,1,双平,B,2865.8000,2865.6000,2865.4000,2865.2000,2865.0000,2866.2000,2866.4000,2866.6000,2866.8000,2867.0000,3,4,8,2,1,1,3,5,5,1
SF,IH2006,2020-06-17 14:09:58.200,2865.8000,17523,-1,12923139600.000,2,0,2,空平,B,2865.8000,2865.6000,2865.4000,2865.2000,2865.0000,2866.2000,2866.4000,2866.6000,2866.8000,2867.0000,2,4,8,2,1,1,3,5,5,1
SF,IH2006,2020-06-17 14:09:58.700,2865.8000,17522,-1,12923999340.000,1,0,1,双平,B,2865.8000,2865.6000,2865.4000,2865.2000,2865.0000,2866.2000,2866.4000,2866.6000,2866.8000,2867.0000,1,4,8,2,1,2,3,5,5,1
SF,IH2006,2020-06-17 14:09:59.200,2865.8000,17523,1,12924859080.000,1,1,0,双开,B,2866.0000,2865.6000,2865.4000,2865.2000,2865.0000,2866.2000,2866.4000,2866.6000,2866.8000,2867.0000,2,4,8,2,1,2,3,5,5,1
SF,IH2006,2020-06-17 14:09:59.700,2866.2000,17524,1,12926578800.000,2,1,1,多开,B,2866.0000,2865.6000,2865.4000,2865.2000,2865.0000,2866.4000,2866.6000,2866.8000,2867.0000,2867.4000,2,4,8,2,1,3,5,5,1,1
SF,IH2006,2020-06-17 14:10:00.200,2866.0000,17525,1,12928298400.000,2,1,1,多开,B,2865.6000,2865.4000,2865.2000,2865.0000,2864.8000,2866.2000,2866.4000,2866.6000,2866.8000,2867.0000,4,8,2,1,3,1,3,5,5,1
SF,IH2006,2020-06-17 14:10:01.200,2866.0000,17525,0,12928298400.000,0,-,-,-,-,2865.6000,2865.4000,2865.2000,2865.0000,2864.8000,2866.2000,2866.4000,2866.6000,2866.8000,2867.0000,4,8,2,1,3,1,3,5,6,1
SF,IH2006,2020-06-17 14:10:01.700,2866.0000,17525,0,12928298400.000,0,-,-,-,-,2865.6000,2865.4000,2865.2000,2865.0000,2864.8000,2866.0000,2866.2000,2866.4000,2866.6000,2866.8000,4,7,2,1,3,2,1,3,5,6
SF,IH2006,2020-06-17 14:10:02.200,2866.0000,17525,0,12928298400.000,0,-,-,-,-,2865.6000,2865.4000,2865.2000,2865.0000,2864.8000,2865.8000,2866.0000,2866.2000,2866.4000,2866.6000,5,7,2,1,3,1,1,1,3,5
SF,IH2006,2020-06-17 14:10:02.700,2865.8000,17527,2,12930017880.000,2,2,0,双开,B,2865.8000,2865.6000,2865.4000,2865.2000,2865.0000,2866.0000,2866.2000,2866.4000,2866.6000,2866.8000,3,6,7,2,1,1,1,3,5,6
SF,IH2006,2020-06-17 14:10:03.200,2865.8000,17527,0,12930017880.000,0,-,-,-,-,2865.8000,2865.6000,2865.4000,2865.2000,2865.0000,2866.0000,2866.2000,2866.4000,2866.6000,2866.8000,2,6,7,2,1,1,1,3,5,6
SF,IH2006,2020-06-17 14:10:03.700,2866.0000,17528,1,12930877680.000,1,1,0,双开,B,2865.8000,2865.6000,2865.4000,2865.2000,2865.0000,2866.2000,2866.4000,2866.6000,2866.8000,2867.0000,2,6,7,2,1,1,3,5,6,1
SF,IH2006,2020-06-17 14:10:04.200,2866.0000,17528,0,12930877680.000,0,-,-,-,-,2866.0000,2865.8000,2865.6000,2865.4000,2865.2000,2866.2000,2866.4000,2866.6000,2866.8000,2867.0000,1,2,5,7,2,1,3,5,6,1
SF,IH2006,2020-06-17 14:10:04.700,2866.0000,17528,0,12931737480.000,1,0,1,空换,B,2865.8000,2865.6000,2865.4000,2865.2000,2865.0000,2866.0000,2866.2000,2866.4000,2866.6000,2866.8000,1,5,7,2,1,3,1,3,5,6
SF,IH2006,2020-06-17 14:10:05.200,2866.0000,17529,1,12934316880.000,3,2,1,多开,B,2865.8000,2865.6000,2865.4000,2865.2000,2865.0000,2866.2000,2866.4000,2866.6000,2866.8000,2867.0000,1,5,7,2,1,1,3,5,6,1
SF,IH2006,2020-06-17 14:10:05.700,2866.0000,17529,0,12934316880.000,0,-,-,-,-,2866.0000,2865.8000,2865.6000,2865.4000,2865.2000,2866.2000,2866.4000,2866.6000,2866.8000,2867.0000,1,1,5,7,2,1,3,5,6,1
SF,IH2006,2020-06-17 14:10:06.200,2866.0000,17530,1,12935176680.000,1,1,0,双开,B,2865.8000,2865.6000,2865.4000,2865.2000,2865.0000,2866.2000,2866.4000,2866.6000,2866.8000,2867.0000,1,4,7,2,1,1,3,5,7,1
SF,IH2006,2020-06-17 14:10:06.700,2866.0000,17530,0,12935176680.000,0,-,-,-,-,2865.8000,2865.6000,2865.4000,2865.2000,2865.0000,2866.0000,2866.2000,2866.4000,2866.6000,2866.8000,1,4,7,2,1,5,1,3,5,7
SF,IH2006,2020-06-17 14:10:07.200,2866.0000,17530,0,12935176680.000,0,-,-,-,-,2865.8000,2865.6000,2865.4000,2865.2000,2865.0000,2866.0000,2866.2000,2866.4000,2866.6000,2866.8000,1,4,7,2,1,6,1,3,5,7
SF,IH2006,2020-06-17 14:10:07.700,2866.0000,17529,-1,12936896280.000,2,0,2,空平,B,2865.8000,2865.6000,2865.4000,2865.2000,2865.0000,2866.0000,2866.2000,2866.4000,2866.6000,2866.8000,1,3,7,2,1,1,1,3,5,7
SF,IH2006,2020-06-17 14:10:08.200,2866.0000,17529,0,12939475680.000,3,1,2,空换,B,2865.8000,2865.6000,2865.4000,2865.2000,2865.0000,2866.0000,2866.2000,2866.4000,2866.6000,2866.8000,1,3,7,2,1,7,1,3,5,7
SF,IH2006,2020-06-17 14:10:08.700,2866.0000,17529,0,12940335480.000,1,0,1,空换,B,2865.8000,2865.6000,2865.4000,2865.2000,2865.0000,2866.0000,2866.2000,2866.4000,2866.6000,2866.8000,1,3,7,2,1,6,1,3,5,8
SF,IH2006,2020-06-17 14:10:09.200,2866.0000,17529,0,12943774620.000,4,2,2,空换,B,2865.6000,2865.4000,2865.2000,2865.0000,2864.6000,2866.0000,2866.2000,2866.4000,2866.6000,2866.8000,2,7,2,1,2,3,1,3,5,8
SF,IH2006,2020-06-17 14:10:09.700,2866.0000,17529,0,12946354020.000,3,1,2,空换,B,2865.6000,2865.4000,2865.2000,2865.0000,2864.6000,2866.0000,2866.2000,2866.4000,2866.6000,2866.8000,2,7,2,1,2,1,1,3,5,8
SF,IH2006,2020-06-17 14:10:10.200,2866.0000,17529,0,12946354020.000,0,-,-,-,-,2865.6000,2865.4000,2865.2000,2865.0000,2864.6000,2866.0000,2866.2000,2866.4000,2866.6000,2866.8000,3,7,2,1,2,2,1,3,5,8
SF,IH2006,2020-06-17 14:10:13.200,2865.6000,17529,0,12947213700.000,1,0,1,空换,B,2865.6000,2865.4000,2865.2000,2865.0000,2864.6000,2866.0000,2866.2000,2866.4000,2866.6000,2866.8000,2,7,2,1,2,2,1,3,5,8
SF,IH2006,2020-06-17 14:10:13.700,2865.6000,17531,2,12948933060.000,2,2,0,双开,B,2865.4000,2865.2000,2865.0000,2864.6000,2864.4000,2866.0000,2866.2000,2866.4000,2866.6000,2866.8000,6,2,1,2,1,2,1,3,5,8
SF,IH2006,2020-06-17 14:10:14.200,2865.6000,17531,0,12948933060.000,0,-,-,-,-,2865.4000,2865.2000,2865.0000,2864.6000,2864.4000,2865.6000,2865.8000,2866.0000,2866.2000,2866.4000,5,2,1,2,1,1,1,2,1,3
SF,IH2006,2020-06-17 14:10:14.700,2865.4000,17529,-2,12950652300.000,2,0,2,双平,B,2865.4000,2865.2000,2865.0000,2864.6000,2864.4000,2865.8000,2866.0000,2866.2000,2866.4000,2866.6000,3,2,1,2,1,1,2,1,3,5
SF,IH2006,2020-06-17 14:10:15.200,2865.4000,17529,0,12950652300.000,0,-,-,-,-,2865.4000,2865.2000,2865.0000,2864.6000,2864.4000,2865.8000,2866.0000,2866.2000,2866.4000,2866.6000,3,2,1,2,1,3,2,1,3,4
SF,IH2006,2020-06-17 14:10:15.700,2865.2000,17532,3,12954950280.000,5,4,1,多开,B,2865.0000,2864.6000,2864.4000,2864.2000,2864.0000,2865.2000,2865.8000,2866.0000,2866.2000,2866.4000,1,2,1,2,1,3,3,2,1,3
SF,IH2006,2020-06-17 14:10:16.200,2865.2000,17535,3,12957528960.000,3,3,0,双开,B,2865.6000,2865.2000,2865.0000,2864.8000,2864.6000,2865.8000,2866.0000,2866.2000,2866.4000,2866.6000,1,2,1,1,2,3,2,1,2,4
SF,IH2006,2020-06-17 14:10:16.700,2865.6000,17539,4,12960967680.000,4,4,0,双开,B,2865.2000,2865.0000,2864.8000,2864.6000,2864.4000,2865.6000,2865.8000,2866.0000,2866.2000,2866.4000,1,1,1,2,1,26,2,1,1,1
SF,IH2006,2020-06-17 14:10:17.200,2865.6000,17539,0,12960967680.000,0,-,-,-,-,2865.2000,2865.0000,2864.8000,2864.6000,2864.4000,2865.6000,2865.8000,2866.0000,2866.2000,2866.4000,1,1,1,2,1,16,2,1,1,1
SF,IH2006,2020-06-17 14:10:17.700,2865.6000,17539,0,12960967680.000,0,-,-,-,-,2865.2000,2865.0000,2864.8000,2864.6000,2864.4000,2865.4000,2865.6000,2865.8000,2866.0000,2866.2000,1,1,1,2,1,1,14,1,1,1
SF,IH2006,2020-06-17 14:10:18.200,2865.2000,17539,0,12961827240.000,1,0,1,空换,B,2865.0000,2864.8000,2864.6000,2864.4000,2864.2000,2865.4000,2865.6000,2865.8000,2866.0000,2866.2000,1,2,2,1,2,2,14,1,1,1
SF,IH2006,2020-06-17 14:10:18.700,2865.2000,17539,0,12961827240.000,0,-,-,-,-,2865.0000,2864.8000,2864.6000,2864.4000,2864.2000,2865.2000,2865.4000,2865.6000,2865.8000,2866.0000,1,2,2,1,2,1,1,14,1,1
SF,IH2006,2020-06-17 14:10:19.200,2865.2000,17539,0,12961827240.000,0,-,-,-,-,2865.0000,2864.8000,2864.6000,2864.4000,2864.2000,2865.2000,2865.4000,2865.6000,2865.8000,2866.0000,1,2,2,1,2,1,2,13,1,1
SF,IH2006,2020-06-17 14:10:22.200,2865.2000,17539,0,12961827240.000,0,-,-,-,-,2865.0000,2864.8000,2864.6000,2864.4000,2864.2000,2865.2000,2865.4000,2865.6000,2865.8000,2866.0000,1,2,2,1,3,1,2,11,1,1
SF,IH2006,2020-06-17 14:10:22.700,2865.2000,17540,1,12964405800.000,3,2,1,多开,B,2865.2000,2864.8000,2864.6000,2864.4000,2864.2000,2865.4000,2865.6000,2865.8000,2866.0000,2866.2000,3,2,2,1,3,2,9,1,1,1
SF,IH2006,2020-06-17 14:10:23.200,2865.2000,17540,0,12964405800.000,0,-,-,-,-,2865.2000,2864.8000,2864.6000,2864.4000,2864.2000,2865.4000,2865.6000,2865.8000,2866.0000,2866.2000,3,2,2,1,3,4,9,1,1,1
SF,IH2006,2020-06-17 14:10:23.700,2865.2000,17539,-1,12965265360.000,1,0,1,双平,B,2865.2000,2864.8000,2864.6000,2864.4000,2864.2000,2865.4000,2865.6000,2865.8000,2866.0000,2866.2000,2,2,2,1,3,4,9,1,1,1
SF,IH2006,2020-06-17 14:10:24.200,2865.2000,17539,0,12965265360.000,0,-,-,-,-,2865.2000,2864.8000,2864.6000,2864.4000,2864.2000,2865.4000,2865.6000,2865.8000,2866.0000,2866.2000,2,2,2,1,3,4,5,1,1,1
SF,IH2006,2020-06-17 14:10:24.700,2865.2000,17539,0,12965265360.000,0,-,-,-,-,2865.2000,2864.8000,2864.6000,2864.4000,2864.2000,2865.4000,2865.6000,2865.8000,2866.0000,2866.2000,6,2,2,1,3,4,5,1,1,1
SF,IH2006,2020-06-17 14:10:25.200,2865.2000,17539,0,12965265360.000,0,-,-,-,-,2865.2000,2864.8000,2864.6000,2864.4000,2864.2000,2865.4000,2865.6000,2865.8000,2866.0000,2866.2000,6,2,3,1,3,4,5,1,1,1
SF,IH2006,2020-06-17 14:10:26.200,2865.2000,17538,-1,12966984480.000,2,0,2,空平,B,2865.2000,2865.0000,2864.8000,2864.6000,2864.4000,2865.4000,2865.6000,2865.8000,2866.0000,2866.2000,4,1,2,3,1,4,5,1,1,1
SF,IH2006,2020-06-17 14:10:26.700,2865.4000,17534,-4,12971282520.000,5,0,5,空平,B,2865.2000,2865.0000,2864.8000,2864.6000,2864.4000,2865.6000,2865.8000,2866.0000,2866.2000,2866.4000,3,1,2,3,1,5,1,1,1,1
SF,IH2006,2020-06-17 14:10:27.200,2865.4000,17534,0,12971282520.000,0,-,-,-,-,2865.2000,2865.0000,2864.8000,2864.6000,2864.4000,2865.4000,2865.6000,2865.8000,2866.0000,2866.2000,3,1,2,3,1,1,5,1,1,1
SF,IH2006,2020-06-17 14:10:28.700,2865.4000,17534,0,12971282520.000,0,-,-,-,-,2865.2000,2865.0000,2864.8000,2864.6000,2864.4000,2865.4000,2865.6000,2865.8000,2866.0000,2866.2000,3,1,2,3,1,1,5,1,1,1
SF,IH2006,2020-06-17 14:10:29.200,2865.4000,17534,0,12971282520.000,0,-,-,-,-,2865.2000,2865.0000,2864.8000,2864.6000,2864.4000,2865.6000,2865.8000,2866.0000,2866.2000,2866.4000,4,1,2,3,1,5,1,1,1,1
SF,IH2006,2020-06-17 14:10:31.200,2865.4000,17534,0,12971282520.000,0,-,-,-,-,2865.2000,2865.0000,2864.8000,2864.6000,2864.4000,2865.6000,2865.8000,2866.0000,2866.2000,2866.4000,4,2,2,3,1,5,1,1,1,1
SF,IH2006,2020-06-17 14:10:31.700,2865.6000,17535,1,12973001760.000,2,1,1,多开,B,2865.2000,2865.0000,2864.8000,2864.6000,2864.4000,2865.6000,2865.8000,2866.0000,2866.2000,2866.4000,3,2,2,3,1,3,1,1,1,1
SF,IH2006,2020-06-17 14:10:32.700,2865.6000,17535,0,12973001760.000,0,-,-,-,-,2865.2000,2865.0000,2864.8000,2864.6000,2864.4000,2865.6000,2865.8000,2866.0000,2866.2000,2866.4000,3,2,2,3,1,2,1,1,1,1
SF,IH2006,2020-06-17 14:10:33.200,2865.6000,17535,0,12973001760.000,0,-,-,-,-,2865.2000,2865.0000,2864.8000,2864.6000,2864.4000,2865.6000,2865.8000,2866.2000,2866.4000,2866.6000,4,2,2,3,1,2,1,1,1,4
SF,IH2006,2020-06-17 14:10:33.700,2865.6000,17534,-1,12973861440.000,1,0,1,双平,B,2865.4000,2865.2000,2865.0000,2864.8000,2864.6000,2865.6000,2865.8000,2866.2000,2866.4000,2866.6000,2,4,2,2,3,1,1,1,1,4
SF,IH2006,2020-06-17 14:10:34.200,2865.4000,17535,1,12974721060.000,1,1,0,双开,B,2865.4000,2865.2000,2865.0000,2864.8000,2864.6000,2865.6000,2865.8000,2866.2000,2866.4000,2866.6000,1,4,2,2,3,1,1,1,1,4
SF,IH2006,2020-06-17 14:10:34.700,2865.4000,17535,0,12974721060.000,0,-,-,-,-,2865.4000,2865.2000,2865.0000,2864.8000,2864.6000,2865.6000,2865.8000,2866.2000,2866.4000,2866.6000,2,4,2,2,3,1,1,1,1,4
SF,IH2006,2020-06-17 14:10:35.200,2865.6000,17534,-1,12975580740.000,1,0,1,双平,B,2865.4000,2865.2000,2865.0000,2864.8000,2864.6000,2865.8000,2866.2000,2866.4000,2866.6000,2866.8000,2,4,2,2,3,1,1,1,4,8
SF,IH2006,2020-06-17 14:10:36.700,2865.6000,17534,0,12975580740.000,0,-,-,-,-,2865.6000,2865.4000,2865.2000,2865.0000,2864.8000,2865.8000,2866.2000,2866.4000,2866.6000,2866.8000,1,2,4,2,2,1,1,1,4,8
SF,IH2006,2020-06-17 14:10:37.200,2865.8000,17535,1,12976440480.000,1,1,0,双开,B,2865.6000,2865.4000,2865.2000,2865.0000,2864.8000,2866.2000,2866.4000,2866.6000,2866.8000,2867.4000,1,2,4,2,2,1,1,4,8,1
SF,IH2006,2020-06-17 14:10:37.700,2865.8000,17535,0,12976440480.000,0,-,-,-,-,2865.6000,2865.4000,2865.2000,2865.0000,2864.8000,2865.8000,2866.2000,2866.4000,2866.6000,2866.8000,1,2,4,2,2,1,2,1,4,8
SF,IH2006,2020-06-17 14:10:38.200,2865.8000,17535,0,12976440480.000,0,-,-,-,-,2865.6000,2865.4000,2865.2000,2865.0000,2864.8000,2865.8000,2866.2000,2866.4000,2866.6000,2866.8000,1,2,4,2,2,1,2,1,4,8
SF,IH2006,2020-06-17 14:10:38.700,2865.6000,17535,0,12977300160.000,1,0,1,空换,B,2865.4000,2865.2000,2865.0000,2864.8000,2864.6000,2865.8000,2866.2000,2866.4000,2866.6000,2866.8000,2,4,2,2,3,1,2,1,4,8
SF,IH2006,2020-06-17 14:10:41.200,2865.6000,17535,0,12977300160.000,0,-,-,-,-,2865.4000,2865.2000,2865.0000,2864.8000,2864.6000,2865.8000,2866.2000,2866.4000,2866.6000,2866.8000,2,4,1,2,3,1,2,1,4,8
SF,IH2006,2020-06-17 14:10:41.700,2865.6000,17535,0,12977300160.000,0,-,-,-,-,2865.4000,2865.2000,2865.0000,2864.8000,2864.6000,2865.8000,2866.2000,2866.4000,2866.6000,2866.8000,2,4,1,2,3,1,2,1,4,8
SF,IH2006,2020-06-17 14:10:43.700,2865.6000,17535,0,12977300160.000,0,-,-,-,-,2865.4000,2865.2000,2865.0000,2864.8000,2864.6000,2865.8000,2866.2000,2866.4000,2866.6000,2866.8000,2,4,1,2,2,1,2,1,4,8
SF,IH2006,2020-06-17 14:10:44.700,2865.4000,17535,0,12978159780.000,1,0,1,空换,B,2865.4000,2865.2000,2865.0000,2864.8000,2864.6000,2865.8000,2866.2000,2866.4000,2866.6000,2866.8000,1,4,1,2,2,1,2,1,4,8
SF,IH2006,2020-06-17 14:10:45.200,2865.4000,17535,0,12978159780.000,0,-,-,-,-,2865.2000,2865.0000,2864.8000,2864.6000,2864.4000,2865.8000,2866.2000,2866.4000,2866.6000,2866.8000,4,1,2,2,1,1,2,1,4,8
SF,IH2006,2020-06-17 14:10:45.700,2865.4000,17535,0,12978159780.000,0,-,-,-,-,2865.2000,2865.0000,2864.8000,2864.6000,2864.4000,2865.4000,2865.8000,2866.2000,2866.4000,2866.6000,3,1,2,2,1,1,2,2,1,4
SF,IH2006,2020-06-17 14:10:47.200,2865.4000,17535,0,12978159780.000,0,-,-,-,-,2865.2000,2865.0000,2864.8000,2864.6000,2864.4000,2865.4000,2865.8000,2866.2000,2866.4000,2866.6000,3,1,2,2,1,2,2,2,1,4
SF,IH2006,2020-06-17 14:10:47.700,2865.4000,17535,0,12978159780.000,0,-,-,-,-,2865.2000,2865.0000,2864.8000,2864.6000,2864.4000,2865.4000,2865.8000,2866.2000,2866.4000,2866.6000,4,1,2,2,1,2,2,2,1,4
SF,IH2006,2020-06-17 14:10:48.700,2865.2000,17536,1,12981598020.000,4,2,2,多开,B,2865.0000,2864.8000,2864.6000,2864.4000,2864.2000,2865.2000,2865.4000,2865.6000,2865.8000,2866.2000,1,2,2,1,4,1,2,1,2,2
SF,IH2006,2020-06-17 14:10:50.700,2865.2000,17536,0,12981598020.000,0,-,-,-,-,2865.0000,2864.8000,2864.6000,2864.4000,2864.2000,2865.2000,2865.4000,2865.6000,2865.8000,2866.2000,6,1,2,1,4,1,2,1,2,2
SF,IH2006,2020-06-17 14:10:51.200,2865.0000,17538,2,12987614580.000,7,4,3,多开,B,2864.8000,2864.6000,2864.4000,2864.2000,2864.0000,2865.4000,2865.6000,2865.8000,2866.2000,2866.4000,1,2,1,4,1,2,1,2,2,1
SF,IH2006,2020-06-17 14:10:51.700,2865.0000,17538,0,12987614580.000,0,-,-,-,-,2864.8000,2864.6000,2864.4000,2864.2000,2864.0000,2865.4000,2865.6000,2865.8000,2866.2000,2866.4000,2,2,1,4,1,3,1,2,2,1
SF,IH2006,2020-06-17 14:10:52.200,2865.0000,17538,0,12987614580.000,0,-,-,-,-,2864.8000,2864.6000,2864.4000,2864.2000,2864.0000,2865.4000,2865.6000,2865.8000,2866.2000,2866.4000,2,2,1,4,1,2,1,2,2,1
SF,IH2006,2020-06-17 14:10:52.700,2865.0000,17538,0,12987614580.000,0,-,-,-,-,2864.8000,2864.6000,2864.4000,2864.2000,2864.0000,2865.4000,2865.6000,2865.8000,2866.2000,2866.4000,2,2,1,4,1,3,1,2,2,1
SF,IH2006,2020-06-17 14:10:53.200,2865.0000,17538,0,12987614580.000,0,-,-,-,-,2864.8000,2864.6000,2864.4000,2864.2000,2864.0000,2865.4000,2865.6000,2865.8000,2866.2000,2866.4000,2,2,1,4,1,2,1,2,2,1
SF,IH2006,2020-06-17 14:10:53.700,2865.0000,17538,0,12987614580.000,0,-,-,-,-,2865.0000,2864.8000,2864.6000,2864.4000,2864.2000,2865.4000,2865.6000,2865.8000,2866.2000,2866.4000,5,2,2,1,4,2,1,2,2,1
SF,IH2006,2020-06-17 14:10:54.700,2865.0000,17538,0,12987614580.000,0,-,-,-,-,2865.0000,2864.8000,2864.6000,2864.4000,2864.2000,2865.4000,2865.6000,2865.8000,2866.2000,2866.4000,5,2,2,1,4,2,1,2,2,1
SF,IH2006,2020-06-17 14:10:55.200,2865.0000,17538,0,12987614580.000,0,-,-,-,-,2865.0000,2864.8000,2864.6000,2864.4000,2864.2000,2865.4000,2865.6000,2865.8000,2866.2000,2866.4000,5,2,2,1,4,2,1,2,2,1
SF,IH2006,2020-06-17 14:10:55.700,2865.0000,17538,0,12987614580.000,0,-,-,-,-,2865.2000,2865.0000,2864.8000,2864.6000,2864.4000,2865.4000,2865.6000,2865.8000,2866.2000,2866.4000,1,5,2,2,1,2,1,2,2,1
SF,IH2006,2020-06-17 14:10:56.700,2865.2000,17538,0,12988474140.000,1,0,1,空换,B,2865.0000,2864.8000,2864.6000,2864.4000,2864.2000,2865.4000,2865.6000,2865.8000,2866.2000,2866.4000,5,2,2,1,4,2,1,2,2,1
SF,IH2006,2020-06-17 14:10:58.700,2865.2000,17538,0,12988474140.000,0,-,-,-,-,2865.0000,2864.8000,2864.6000,2864.4000,2864.2000,2865.4000,2865.6000,2865.8000,2866.2000,2866.4000,5,2,2,1,4,2,1,2,2,1
SF,IH2006,2020-06-17 14:10:59.700,2865.4000,17537,-1,12989333760.000,1,0,1,双平,B,2865.0000,2864.8000,2864.6000,2864.4000,2864.2000,2865.4000,2865.6000,2865.8000,2866.2000,2866.4000,5,2,2,1,4,1,1,2,2,1
SF,IH2006,2020-06-17 14:11:00.200,2865.4000,17537,0,12989333760.000,0,-,-,-,-,2865.0000,2864.8000,2864.6000,2864.4000,2864.2000,2865.4000,2865.6000,2865.8000,2866.2000,2866.4000,3,2,2,1,4,1,1,2,2,1
SF,IH2006,2020-06-17 14:11:00.700,2865.4000,17536,-1,12990193380.000,1,0,1,双平,B,2865.2000,2865.0000,2864.8000,2864.6000,2864.4000,2865.6000,2865.8000,2866.2000,2866.4000,2866.6000,1,3,2,2,1,1,2,2,1,4
SF,IH2006,2020-06-17 14:11:01.200,2865.4000,17536,0,12990193380.000,0,-,-,-,-,2865.2000,2865.0000,2864.8000,2864.6000,2864.4000,2865.6000,2865.8000,2866.2000,2866.4000,2866.6000,1,3,3,2,1,1,2,2,1,4
SF,IH2006,2020-06-17 14:11:01.700,2865.2000,17536,0,12991912500.000,2,1,1,空换,B,2865.0000,2864.8000,2864.6000,2864.4000,2864.2000,2865.6000,2865.8000,2866.2000,2866.4000,2866.6000,2,3,2,1,4,1,2,2,1,4
SF,IH2006,2020-06-17 14:11:02.200,2865.6000,17537,1,12992772180.000,1,1,0,双开,B,2865.4000,2865.2000,2865.0000,2864.8000,2864.6000,2865.8000,2866.2000,2866.4000,2866.6000,2866.8000,1,2,4,3,2,2,3,1,4,8
SF,IH2006,2020-06-17 14:11:02.700,2865.6000,17537,0,12992772180.000,0,-,-,-,-,2865.4000,2865.2000,2865.0000,2864.8000,2864.6000,2865.8000,2866.2000,2866.4000,2866.6000,2866.8000,1,1,4,3,2,1,3,1,4,8
SF,IH2006,2020-06-17 14:11:03.200,2865.6000,17537,0,12992772180.000,0,-,-,-,-,2865.4000,2865.2000,2865.0000,2864.8000,2864.6000,2865.8000,2866.2000,2866.4000,2866.6000,2866.8000,2,1,4,3,2,1,3,1,4,8
SF,IH2006,2020-06-17 14:11:03.700,2865.8000,17537,0,12993631920.000,1,0,1,空换,B,2865.8000,2865.6000,2865.4000,2865.2000,2865.0000,2866.2000,2866.4000,2866.6000,2866.8000,2867.4000,3,6,3,1,2,3,1,4,8,1
SF,IH2006,2020-06-17 14:11:04.200,2865.8000,17534,-3,12997070880.000,4,0,4,空平,B,2865.8000,2865.6000,2865.4000,2865.2000,2865.0000,2866.2000,2866.4000,2866.6000,2866.8000,2867.4000,2,5,3,1,2,2,1,4,8,1
SF,IH2006,2020-06-17 14:11:04.700,2865.8000,17534,0,12997070880.000,0,-,-,-,-,2865.8000,2865.6000,2865.4000,2865.2000,2865.0000,2866.2000,2866.4000,2866.6000,2866.8000,2867.4000,3,5,3,1,2,2,1,4,8,1
SF,IH2006,2020-06-17 14:11:05.200,2866.0000,17535,1,12997930680.000,1,1,0,双开,B,2866.0000,2865.8000,2865.6000,2865.4000,2865.2000,2866.2000,2866.4000,2866.6000,2866.8000,2867.4000,3,2,5,3,1,2,1,4,8,1
SF,IH2006,2020-06-17 14:11:05.700,2866.0000,17534,-1,13000510140.000,3,1,2,空平,B,2866.0000,2865.8000,2865.6000,2865.4000,2865.2000,2866.2000,2866.4000,2866.6000,2866.8000,2867.4000,2,2,5,3,1,1,1,4,8,1
SF,IH2006,2020-06-17 14:11:06.200,2866.0000,17537,3,13003089540.000,3,3,0,双开,B,2865.8000,2865.6000,2865.4000,2865.2000,2865.0000,2866.0000,2866.2000,2866.4000,2866.6000,2866.8000,2,3,3,1,2,8,1,1,4,7
SF,IH2006,2020-06-17 14:11:06.700,2866.0000,17539,2,13004809140.000,2,2,0,双开,B,2865.8000,2865.6000,2865.4000,2865.2000,2865.0000,2866.0000,2866.2000,2866.4000,2866.6000,2866.8000,2,3,3,1,2,1,1,1,4,7
SF,IH2006,2020-06-17 14:11:07.200,2865.8000,17540,1,13006528620.000,2,1,1,多开,B,2865.6000,2865.4000,2865.2000,2865.0000,2864.8000,2865.8000,2866.0000,2866.2000,2866.4000,2866.6000,1,3,1,2,1,3,1,1,1,4
SF,IH2006,2020-06-17 14:11:07.700,2865.8000,17543,3,13009107840.000,3,3,0,双开,B,2865.6000,2865.4000,2865.2000,2865.0000,2864.8000,2866.0000,2866.2000,2866.4000,2866.6000,2866.8000,1,3,1,2,1,1,1,1,4,7
SF,IH2006,2020-06-17 14:11:08.200,2865.8000,17543,0,13009967580.000,1,0,1,空换,B,2865.8000,2865.4000,2865.2000,2865.0000,2864.8000,2866.0000,2866.2000,2866.4000,2866.6000,2866.8000,1,2,1,2,1,2,2,1,4,7
SF,IH2006,2020-06-17 14:11:08.700,2865.8000,17544,1,13010827320.000,1,1,0,双开,B,2865.4000,2865.2000,2865.0000,2864.8000,2864.6000,2865.8000,2866.0000,2866.2000,2866.4000,2866.6000,2,1,2,1,2,8,2,2,1,4
SF,IH2006,2020-06-17 14:11:09.200,2865.4000,17543,-1,13011686940.000,1,0,1,双平,B,2865.4000,2865.2000,2865.0000,2864.8000,2864.6000,2865.6000,2865.8000,2866.0000,2866.2000,2866.4000,1,1,1,1,2,1,6,1,2,1
SF,IH2006,2020-06-17 14:11:10.200,2865.4000,17543,0,13012546560.000,1,0,1,空换,B,2865.2000,2865.0000,2864.8000,2864.6000,2864.4000,2865.6000,2865.8000,2866.0000,2866.2000,2866.4000,1,1,1,2,1,1,6,1,2,1
SF,IH2006,2020-06-17 14:11:10.700,2865.4000,17543,0,13012546560.000,0,-,-,-,-,2865.2000,2864.8000,2864.6000,2864.4000,2864.2000,2865.6000,2865.8000,2866.0000,2866.2000,2866.4000,1,1,2,1,4,1,6,1,2,1
SF,IH2006,2020-06-17 14:11:11.200,2865.4000,17543,0,13012546560.000,0,-,-,-,-,2865.2000,2864.8000,2864.6000,2864.4000,2864.2000,2865.6000,2865.8000,2866.0000,2866.2000,2866.4000,2,1,2,1,4,1,5,1,2,1
SF,IH2006,2020-06-17 14:11:11.700,2865.4000,17543,0,13012546560.000,0,-,-,-,-,2865.2000,2864.8000,2864.6000,2864.4000,2864.2000,2865.8000,2866.0000,2866.2000,2866.4000,2866.6000,3,1,2,1,4,4,1,2,1,4
SF,IH2006,2020-06-17 14:11:12.200,2865.4000,17543,0,13012546560.000,0,-,-,-,-,2865.2000,2864.8000,2864.6000,2864.4000,2864.2000,2865.8000,2866.0000,2866.2000,2866.4000,2866.6000,3,1,2,1,4,5,1,2,1,4
SF,IH2006,2020-06-17 14:11:12.700,2865.4000,17543,0,13012546560.000,0,-,-,-,-,2865.4000,2865.2000,2864.8000,2864.6000,2864.4000,2865.8000,2866.0000,2866.2000,2866.4000,2866.6000,2,4,1,2,1,5,1,2,1,4
SF,IH2006,2020-06-17 14:11:13.200,2865.4000,17543,0,13012546560.000,0,-,-,-,-,2865.2000,2864.8000,2864.6000,2864.4000,2864.2000,2865.8000,2866.0000,2866.2000,2866.4000,2866.6000,4,1,2,1,4,5,1,2,1,4
SF,IH2006,2020-06-17 14:11:13.700,2865.2000,17542,-1,13013406120.000,1,0,1,双平,B,2865.2000,2864.8000,2864.6000,2864.4000,2864.2000,2865.6000,2865.8000,2866.0000,2866.2000,2866.4000,4,1,2,1,4,3,5,1,2,1
SF,IH2006,2020-06-17 14:11:14.200,2865.2000,17542,0,13014265680.000,1,0,1,空换,B,2865.2000,2864.8000,2864.6000,2864.4000,2864.2000,2865.6000,2865.8000,2866.0000,2866.2000,2866.4000,3,1,2,1,4,3,4,1,2,1
SF,IH2006,2020-06-17 14:11:16.700,2865.2000,17542,0,13015125240.000,1,0,1,空换,B,2865.2000,2864.8000,2864.6000,2864.4000,2864.2000,2865.6000,2865.8000,2866.0000,2866.2000,2866.4000,2,1,2,1,4,3,4,1,2,1
SF,IH2006,2020-06-17 14:11:17.200,2865.2000,17542,0,13015125240.000,0,-,-,-,-,2865.2000,2864.8000,2864.6000,2864.4000,2864.2000,2865.6000,2865.8000,2866.0000,2866.2000,2866.4000,2,1,2,1,4,3,4,1,2,1
SF,IH2006,2020-06-17 14:11:17.700,2865.2000,17542,0,13015984800.000,1,0,1,空换,B,2865.2000,2864.8000,2864.6000,2864.4000,2864.2000,2865.6000,2865.8000,2866.0000,2866.2000,2866.4000,1,1,2,1,4,3,4,1,2,1
SF,IH2006,2020-06-17 14:11:18.200,2865.2000,17543,1,13016844360.000,1,1,0,双开,B,2864.8000,2864.6000,2864.4000,2864.2000,2864.0000,2865.2000,2865.6000,2865.8000,2866.0000,2866.2000,1,2,1,4,1,1,3,4,1,2
SF,IH2006,2020-06-17 14:11:18.700,2865.0000,17543,0,13017703860.000,1,0,1,空换,B,2864.8000,2864.6000,2864.4000,2864.2000,2864.0000,2865.2000,2865.6000,2865.8000,2866.0000,2866.2000,1,2,1,4,1,1,1,4,1,2
SF,IH2006,2020-06-17 14:11:20.200,2865.2000,17542,-1,13018563420.000,1,0,1,双平,B,2865.2000,2865.0000,2864.8000,2864.6000,2864.4000,2865.6000,2865.8000,2866.0000,2866.2000,2866.4000,6,6,5,2,1,1,4,1,2,1
SF,IH2006,2020-06-17 14:11:20.700,2865.2000,17542,0,13018563420.000,0,-,-,-,-,2865.2000,2865.0000,2864.8000,2864.6000,2864.4000,2865.8000,2866.0000,2866.2000,2866.4000,2866.6000,1,2,2,2,1,4,1,2,1,4
SF,IH2006,2020-06-17 14:11:21.200,2865.2000,17543,1,13019422980.000,1,1,0,双开,B,2865.0000,2864.8000,2864.6000,2864.4000,2864.2000,2865.6000,2865.8000,2866.0000,2866.2000,2866.4000,1,2,2,1,4,3,4,1,2,1
SF,IH2006,2020-06-17 14:11:21.700,2865.2000,17543,0,13020282540.000,1,0,1,空换,B,2865.2000,2865.0000,2864.8000,2864.6000,2864.4000,2865.6000,2865.8000,2866.0000,2866.2000,2866.4000,2,2,2,2,1,1,4,1,2,1
SF,IH2006,2020-06-17 14:11:23.200,2865.2000,17543,0,13020282540.000,0,-,-,-,-,2865.2000,2865.0000,2864.8000,2864.6000,2864.4000,2865.6000,2865.8000,2866.0000,2866.2000,2866.4000,3,1,2,2,1,1,4,1,2,1
SF,IH2006,2020-06-17 14:11:23.700,2865.2000,17543,0,13020282540.000,0,-,-,-,-,2865.2000,2865.0000,2864.8000,2864.6000,2864.4000,2865.6000,2865.8000,2866.0000,2866.2000,2866.4000,3,2,2,2,1,1,4,1,2,1
SF,IH2006,2020-06-17 14:11:24.200,2865.2000,17543,0,13020282540.000,0,-,-,-,-,2865.2000,2865.0000,2864.8000,2864.6000,2864.4000,2865.6000,2865.8000,2866.0000,2866.2000,2866.4000,2,3,2,2,1,1,4,1,2,1
SF,IH2006,2020-06-17 14:11:24.700,2865.2000,17543,0,13020282540.000,0,-,-,-,-,2865.4000,2865.2000,2865.0000,2864.8000,2864.6000,2865.6000,2865.8000,2866.0000,2866.2000,2866.4000,1,1,3,2,2,1,5,1,2,1
SF,IH2006,2020-06-17 14:11:25.200,2865.2000,17543,0,13020282540.000,0,-,-,-,-,2865.4000,2865.2000,2865.0000,2864.8000,2864.6000,2865.6000,2865.8000,2866.0000,2866.2000,2866.4000,1,1,3,2,2,2,5,1,2,1
SF,IH2006,2020-06-17 14:11:25.700,2865.2000,17543,0,13020282540.000,0,-,-,-,-,2865.4000,2865.2000,2865.0000,2864.8000,2864.6000,2865.6000,2865.8000,2866.0000,2866.2000,2866.4000,1,1,3,2,2,3,5,1,2,1
SF,IH2006,2020-06-17 14:11:26.200,2865.2000,17543,0,13020282540.000,0,-,-,-,-,2865.4000,2865.2000,2865.0000,2864.8000,2864.6000,2865.6000,2865.8000,2866.0000,2866.2000,2866.4000,1,1,3,2,2,3,5,1,2,1
SF,IH2006,2020-06-17 14:11:26.700,2865.2000,17543,0,13020282540.000,0,-,-,-,-,2865.4000,2865.2000,2865.0000,2864.8000,2864.6000,2865.6000,2865.8000,2866.0000,2866.2000,2866.4000,1,1,3,2,2,3,5,6,2,1
SF,IH2006,2020-06-17 14:11:27.200,2865.6000,17542,-1,13022861580.000,3,1,2,空平,B,2865.6000,2865.4000,2865.2000,2865.0000,2864.8000,2865.8000,2866.0000,2866.2000,2866.4000,2866.6000,1,1,1,3,2,5,6,2,1,4
SF,IH2006,2020-06-17 14:11:27.700,2865.6000,17542,0,13022861580.000,0,-,-,-,-,2865.6000,2865.4000,2865.0000,2864.8000,2864.6000,2865.8000,2866.0000,2866.2000,2866.4000,2866.6000,1,1,3,2,2,5,6,2,1,4
SF,IH2006,2020-06-17 14:11:28.200,2865.6000,17541,-1,13023721260.000,1,0,1,双平,B,2865.4000,2865.0000,2864.8000,2864.6000,2864.4000,2865.8000,2866.0000,2866.2000,2866.4000,2866.6000,1,3,3,2,1,4,6,2,1,4
SF,IH2006,2020-06-17 14:11:29.200,2865.6000,17541,0,13023721260.000,0,-,-,-,-,2865.4000,2865.0000,2864.8000,2864.6000,2864.4000,2865.8000,2866.0000,2866.2000,2866.4000,2866.6000,1,2,3,2,1,4,6,2,1,4
SF,IH2006,2020-06-17 14:11:30.200,2865.6000,17541,0,13023721260.000,0,-,-,-,-,2865.6000,2865.4000,2865.0000,2864.8000,2864.6000,2865.8000,2866.0000,2866.2000,2866.4000,2866.6000,1,1,2,3,2,4,6,2,1,4
SF,IH2006,2020-06-17 14:11:31.700,2865.6000,17541,0,13024580940.000,1,0,1,空换,B,2865.4000,2865.0000,2864.8000,2864.6000,2864.4000,2865.8000,2866.0000,2866.2000,2866.4000,2866.6000,1,2,3,2,1,4,6,2,1,4
SF,IH2006,2020-06-17 14:11:32.200,2865.6000,17541,0,13024580940.000,0,-,-,-,-,2865.4000,2865.0000,2864.8000,2864.6000,2864.4000,2865.6000,2865.8000,2866.0000,2866.2000,2866.4000,1,2,3,2,1,1,4,6,2,1
SF,IH2006,2020-06-17 14:11:34.200,2865.8000,17542,1,13028879580.000,5,3,2,多开,B,2865.8000,2865.4000,2865.2000,2865.0000,2864.8000,2866.0000,2866.2000,2866.4000,2866.6000,2866.8000,1,1,1,2,3,6,2,1,4,8
SF,IH2006,2020-06-17 14:11:34.700,2865.8000,17543,1,13029739320.000,1,1,0,双开,B,2865.2000,2865.0000,2864.8000,2864.6000,2864.4000,2865.4000,2865.8000,2866.0000,2866.2000,2866.4000,1,2,3,2,1,1,2,6,2,1
SF,IH2006,2020-06-17 14:11:35.200,2865.4000,17543,0,13030598940.000,1,0,1,空换,B,2865.6000,2865.4000,2865.2000,2865.0000,2864.8000,2865.8000,2866.0000,2866.2000,2866.4000,2866.6000,2,14,1,2,3,1,6,2,1,4
SF,IH2006,2020-06-17 14:11:35.700,2865.4000,17543,0,13030598940.000,0,-,-,-,-,2865.4000,2865.2000,2865.0000,2864.8000,2864.6000,2865.8000,2866.0000,2866.2000,2866.4000,2866.6000,3,1,2,3,2,1,6,2,1,4
SF,IH2006,2020-06-17 14:11:36.200,2865.4000,17543,0,13030598940.000,0,-,-,-,-,2865.6000,2865.4000,2865.2000,2865.0000,2864.8000,2865.8000,2866.0000,2866.2000,2866.4000,2866.6000,1,3,1,3,3,1,6,2,1,4
SF,IH2006,2020-06-17 14:11:36.700,2866.0000,17544,1,13032318480.000,2,1,1,多开,B,2865.8000,2865.6000,2865.4000,2865.2000,2865.0000,2866.0000,2866.2000,2866.4000,2866.6000,2866.8000,1,1,3,1,3,4,2,1,4,8
SF,IH2006,2020-06-17 14:11:37.200,2866.0000,17544,0,13033178280.000,1,0,1,空换,B,2865.6000,2865.4000,2865.2000,2865.0000,2864.8000,2866.0000,2866.2000,2866.4000,2866.6000,2866.8000,1,3,1,3,3,3,2,1,4,8
SF,IH2006,2020-06-17 14:11:38.200,2866.0000,17545,1,13034038080.000,1,1,0,双开,B,2865.6000,2865.4000,2865.2000,2865.0000,2864.8000,2866.0000,2866.2000,2866.4000,2866.6000,2866.8000,2,2,1,3,3,2,2,1,4,8
SF,IH2006,2020-06-17 14:11:38.700,2866.2000,17548,3,13037477400.000,4,3,1,多开,B,2866.2000,2865.6000,2865.4000,2865.2000,2865.0000,2866.4000,2866.6000,2866.8000,2867.0000,2867.4000,4,2,2,1,3,1,4,8,1,1
SF,IH2006,2020-06-17 14:11:39.200,2866.2000,17550,2,13041776700.000,5,3,2,多开,B,2865.6000,2865.4000,2865.2000,2865.0000,2864.8000,2866.2000,2866.4000,2866.6000,2866.8000,2867.0000,2,2,1,3,3,1,1,4,8,1
SF,IH2006,2020-06-17 14:11:39.700,2866.2000,17550,0,13041776700.000,0,-,-,-,-,2865.6000,2865.4000,2865.2000,2865.0000,2864.8000,2866.2000,2866.4000,2866.6000,2866.8000,2867.0000,4,2,1,3,3,1,1,4,8,1
SF,IH2006,2020-06-17 14:11:40.200,2866.2000,17550,0,13041776700.000,0,-,-,-,-,2865.6000,2865.4000,2865.2000,2865.0000,2864.8000,2866.2000,2866.4000,2866.6000,2866.8000,2867.0000,4,2,1,3,3,1,1,4,7,1
SF,IH2006,2020-06-17 14:11:40.700,2866.2000,17550,0,13041776700.000,0,-,-,-,-,2865.8000,2865.6000,2865.4000,2865.2000,2865.0000,2866.0000,2866.2000,2866.4000,2866.6000,2866.8000,1,2,2,1,3,1,1,1,4,7
SF,IH2006,2020-06-17 14:11:41.200,2866.0000,17551,1,13042636500.000,1,1,0,双开,B,2865.8000,2865.6000,2865.4000,2865.2000,2865.0000,2866.2000,2866.4000,2866.6000,2866.8000,2867.0000,1,2,2,1,3,1,1,4,7,1
SF,IH2006,2020-06-17 14:11:41.700,2866.0000,17551,0,13042636500.000,0,-,-,-,-,2866.0000,2865.8000,2865.6000,2865.4000,2865.2000,2866.2000,2866.4000,2866.6000,2866.8000,2867.0000,1,1,2,2,1,1,1,4,7,1
SF,IH2006,2020-06-17 14:11:42.200,2866.0000,17551,0,13042636500.000,0,-,-,-,-,2866.0000,2865.8000,2865.6000,2865.4000,2865.2000,2866.2000,2866.4000,2866.6000,2866.8000,2867.0000,1,1,2,2,1,1,1,4,7,1
SF,IH2006,2020-06-17 14:11:42.700,2866.0000,17551,0,13042636500.000,0,-,-,-,-,2866.0000,2865.8000,2865.6000,2865.4000,2865.2000,2866.2000,2866.4000,2866.6000,2866.8000,2867.0000,1,1,2,1,1,1,1,4,7,1
SF,IH2006,2020-06-17 14:11:43.700,2866.0000,17551,0,13042636500.000,0,-,-,-,-,2866.0000,2865.6000,2865.4000,2865.2000,2865.0000,2866.2000,2866.4000,2866.6000,2866.8000,2867.0000,1,2,1,1,4,1,1,4,7,1
SF,IH2006,2020-06-17 14:11:45.200,2866.0000,17551,0,13043496300.000,1,0,1,空换,B,2865.6000,2865.4000,2865.2000,2865.0000,2864.8000,2866.2000,2866.4000,2866.6000,2866.8000,2867.0000,2,1,1,4,3,1,1,4,7,1
SF,IH2006,2020-06-17 14:11:45.700,2866.0000,17551,0,13043496300.000,0,-,-,-,-,2865.6000,2865.4000,2865.2000,2865.0000,2864.8000,2866.0000,2866.2000,2866.4000,2866.6000,2866.8000,4,1,1,4,3,1,1,1,4,7
SF,IH2006,2020-06-17 14:11:46.200,2866.0000,17551,0,13043496300.000,0,-,-,-,-,2865.6000,2865.4000,2865.2000,2865.0000,2864.8000,2866.0000,2866.2000,2866.4000,2866.6000,2866.8000,2,1,1,4,3,1,1,1,4,7
SF,IH2006,2020-06-17 14:11:46.700,2866.0000,17551,0,13043496300.000,0,-,-,-,-,2865.6000,2865.4000,2865.2000,2865.0000,2864.8000,2866.0000,2866.2000,2866.4000,2866.6000,2866.8000,3,1,1,4,3,1,1,1,4,7
SF,IH2006,2020-06-17 14:11:48.700,2865.6000,17550,-1,13044355980.000,1,0,1,双平,B,2865.8000,2865.6000,2865.4000,2865.2000,2865.0000,2866.2000,2866.4000,2866.6000,2866.8000,2867.0000,1,2,1,1,4,1,1,4,7,1
SF,IH2006,2020-06-17 14:11:49.200,2865.6000,17550,0,13044355980.000,0,-,-,-,-,2865.8000,2865.6000,2865.4000,2865.2000,2865.0000,2866.2000,2866.4000,2866.6000,2866.8000,2867.0000,2,1,1,1,4,1,1,4,6,1
SF,IH2006,2020-06-17 14:11:50.200,2865.6000,17550,0,13045215660.000,1,0,1,空换,B,2865.8000,2865.6000,2865.4000,2865.2000,2865.0000,2866.2000,2866.4000,2866.6000,2866.8000,2867.0000,2,1,1,1,4,1,1,4,6,1
SF,IH2006,2020-06-17 14:11:50.700,2865.8000,17550,0,13046935140.000,2,1,1,空换,B,2865.6000,2865.4000,2865.2000,2865.0000,2864.8000,2865.8000,2866.2000,2866.4000,2866.6000,2866.8000,1,1,1,4,3,1,2,1,4,6
SF,IH2006,2020-06-17 14:11:51.200,2865.8000,17549,-1,13047794880.000,1,0,1,双平,B,2866.0000,2865.8000,2865.6000,2865.4000,2865.2000,2866.2000,2866.4000,2866.6000,2866.8000,2867.0000,2,4,2,1,1,2,1,4,6,1
SF,IH2006,2020-06-17 14:11:51.700,2865.8000,17549,0,13048654620.000,1,0,1,空换,B,2865.8000,2865.6000,2865.4000,2865.2000,2865.0000,2866.0000,2866.2000,2866.4000,2866.6000,2866.8000,1,1,1,1,4,2,2,1,4,6
SF,IH2006,2020-06-17 14:11:52.200,2866.0000,17550,1,13049514420.000,1,1,0,双开,B,2865.8000,2865.6000,2865.4000,2865.2000,2865.0000,2866.0000,2866.2000,2866.4000,2866.6000,2866.8000,1,1,1,1,4,2,2,1,4,6
SF,IH2006,2020-06-17 14:11:52.700,2866.0000,17550,0,13049514420.000,0,-,-,-,-,2865.8000,2865.6000,2865.4000,2865.2000,2865.0000,2866.0000,2866.2000,2866.4000,2866.6000,2866.8000,1,1,1,1,4,1,2,1,4,6
SF,IH2006,2020-06-17 14:11:54.700,2866.0000,17550,0,13049514420.000,0,-,-,-,-,2865.8000,2865.6000,2865.4000,2865.2000,2865.0000,2866.0000,2866.2000,2866.4000,2866.6000,2866.8000,2,1,1,1,4,1,2,1,4,6
SF,IH2006,2020-06-17 14:11:55.200,2865.8000,17550,0,13050374160.000,1,0,1,空换,B,2865.8000,2865.6000,2865.4000,2865.2000,2865.0000,2866.2000,2866.4000,2866.6000,2866.8000,2867.0000,1,1,1,1,4,2,1,4,6,1
SF,IH2006,2020-06-17 14:11:55.700,2866.2000,17550,0,13052093880.000,2,1,1,空换,B,2865.8000,2865.6000,2865.4000,2865.2000,2865.0000,2866.4000,2866.6000,2866.8000,2867.0000,2867.2000,1,1,1,1,4,1,4,6,1,1
SF,IH2006,2020-06-17 14:11:56.200,2866.0000,17550,0,13052953680.000,1,0,1,空换,B,2865.8000,2865.6000,2865.4000,2865.2000,2865.0000,2866.4000,2866.6000,2866.8000,2867.0000,2867.2000,1,1,1,1,4,2,4,6,1,1
SF,IH2006,2020-06-17 14:11:56.700,2866.0000,17550,0,13052953680.000,0,-,-,-,-,2865.8000,2865.6000,2865.4000,2865.2000,2865.0000,2866.4000,2866.6000,2866.8000,2867.0000,2867.2000,1,1,1,1,4,2,4,6,1,1
SF,IH2006,2020-06-17 14:11:57.200,2866.0000,17550,0,13052953680.000,0,-,-,-,-,2865.8000,2865.6000,2865.4000,2865.2000,2865.0000,2866.4000,2866.6000,2866.8000,2867.0000,2867.2000,3,1,1,1,4,2,4,6,1,1
SF,IH2006,2020-06-17 14:11:57.700,2866.0000,17550,0,13052953680.000,0,-,-,-,-,2865.8000,2865.6000,2865.4000,2865.2000,2865.0000,2866.4000,2866.6000,2866.8000,2867.0000,2867.2000,4,1,1,1,4,2,4,5,1,1
SF,IH2006,2020-06-17 14:11:58.200,2866.0000,17550,0,13052953680.000,0,-,-,-,-,2865.8000,2865.6000,2865.4000,2865.2000,2865.0000,2866.4000,2866.6000,2866.8000,2867.0000,2867.2000,2,1,1,1,4,2,4,5,1,1
SF,IH2006,2020-06-17 14:11:58.700,2866.0000,17550,0,13052953680.000,0,-,-,-,-,2866.0000,2865.8000,2865.6000,2865.4000,2865.2000,2866.4000,2866.6000,2866.8000,2867.0000,2867.2000,2,3,1,1,1,2,4,5,1,1
SF,IH2006,2020-06-17 14:11:59.200,2866.0000,17550,0,13052953680.000,0,-,-,-,-,2866.0000,2865.8000,2865.6000,2865.4000,2865.2000,2866.4000,2866.6000,2866.8000,2867.0000,2867.2000,2,1,1,1,1,2,4,5,1,1
SF,IH2006,2020-06-17 14:11:59.700,2866.0000,17551,1,13053813480.000,1,1,0,双开,B,2866.0000,2865.8000,2865.6000,2865.4000,2865.2000,2866.4000,2866.6000,2866.8000,2867.0000,2867.2000,1,1,1,1,1,2,4,5,1,1
SF,IH2006,2020-06-17 14:12:02.700,2866.0000,17551,0,13054673280.000,1,0,1,空换,B,2865.8000,2865.6000,2865.4000,2865.2000,2865.0000,2866.4000,2866.6000,2866.8000,2867.0000,2867.2000,1,1,1,1,4,2,4,5,1,1
SF,IH2006,2020-06-17 14:12:03.200,2865.8000,17550,-1,13055533020.000,1,0,1,双平,B,2865.6000,2865.4000,2865.2000,2865.0000,2864.8000,2866.4000,2866.6000,2866.8000,2867.0000,2867.2000,1,1,1,4,4,2,4,5,1,1
SF,IH2006,2020-06-17 14:12:03.700,2865.8000,17550,0,13055533020.000,0,-,-,-,-,2865.8000,2865.6000,2865.4000,2865.2000,2865.0000,2866.2000,2866.4000,2866.6000,2866.8000,2867.0000,4,3,1,1,4,1,2,4,5,1
SF,IH2006,2020-06-17 14:12:04.200,2865.8000,17550,0,13055533020.000,0,-,-,-,-,2865.8000,2865.6000,2865.4000,2865.2000,2865.0000,2866.2000,2866.4000,2866.6000,2866.8000,2867.0000,4,3,1,1,4,1,2,5,5,1
SF,IH2006,2020-06-17 14:12:04.700,2866.2000,17551,1,13056392880.000,1,1,0,双开,B,2866.2000,2865.8000,2865.6000,2865.4000,2865.2000,2866.4000,2866.6000,2866.8000,2867.0000,2867.2000,1,4,3,1,1,2,5,5,1,1
SF,IH2006,2020-06-17 14:12:05.200,2866.4000,17551,0,13058112720.000,2,1,1,空换,B,2865.8000,2865.6000,2865.4000,2865.2000,2865.0000,2866.6000,2866.8000,2867.0000,2867.2000,2867.4000,4,3,1,1,4,5,5,1,1,2
SF,IH2006,2020-06-17 14:12:05.700,2866.6000,17551,0,13059832680.000,2,1,1,空换,B,2866.0000,2865.8000,2865.6000,2865.4000,2865.2000,2866.6000,2866.8000,2867.0000,2867.2000,2867.4000,3,4,2,1,1,3,5,1,1,2
SF,IH2006,2020-06-17 14:12:06.200,2866.6000,17550,-1,13061552640.000,2,0,2,空平,B,2866.2000,2866.0000,2865.8000,2865.4000,2865.2000,2866.6000,2866.8000,2867.0000,2867.2000,2867.4000,2,4,4,1,1,1,5,1,1,2
SF,IH2006,2020-06-17 14:12:06.700,2866.8000,17550,0,13063272660.000,2,1,1,空换,B,2866.6000,2866.2000,2866.0000,2865.8000,2865.4000,2866.8000,2867.0000,2867.2000,2867.4000,2868.0000,9,2,4,4,1,4,1,1,2,8
SF,IH2006,2020-06-17 14:12:07.200,2866.8000,17549,-1,13066712700.000,4,1,3,空平,B,2866.6000,2866.2000,2866.0000,2865.8000,2865.4000,2866.8000,2867.0000,2867.2000,2867.4000,2868.0000,7,2,3,4,1,2,1,1,2,8
SF,IH2006,2020-06-17 14:12:07.700,2867.2000,17550,1,13070153040.000,4,2,2,多开,B,2867.2000,2866.6000,2866.2000,2866.0000,2865.8000,2867.4000,2868.0000,2868.2000,2868.6000,2868.8000,1,4,2,3,4,2,8,2,1,5
SF,IH2006,2020-06-17 14:12:08.200,2867.2000,17550,0,13075313760.000,6,3,3,空换,B,2866.6000,2866.2000,2866.0000,2865.8000,2865.4000,2867.2000,2867.4000,2868.0000,2868.2000,2868.6000,7,2,3,4,1,18,4,8,2,1
SF,IH2006,2020-06-17 14:12:08.700,2867.2000,17551,1,13077034020.000,2,1,1,多开,B,2866.6000,2866.2000,2866.0000,2865.8000,2865.4000,2867.2000,2867.4000,2867.6000,2868.0000,2868.2000,8,2,3,4,1,12,4,1,8,2
SF,IH2006,2020-06-17 14:12:09.200,2867.2000,17551,0,13077034020.000,0,-,-,-,-,2866.8000,2866.6000,2866.2000,2866.0000,2865.8000,2867.2000,2867.4000,2867.6000,2868.0000,2868.2000,2,9,1,3,4,9,4,1,8,2
SF,IH2006,2020-06-17 14:12:09.700,2867.2000,17553,2,13078754220.000,2,2,0,双开,B,2866.8000,2866.6000,2866.2000,2866.0000,2865.8000,2867.2000,2867.4000,2867.6000,2868.0000,2868.2000,7,8,1,3,4,6,4,1,8,2
SF,IH2006,2020-06-17 14:12:10.200,2867.2000,17552,-1,13082194800.000,4,1,3,空平,B,2866.8000,2866.6000,2866.2000,2866.0000,2865.8000,2867.2000,2867.4000,2867.6000,2868.0000,2868.2000,7,8,1,3,4,3,2,1,8,2
SF,IH2006,2020-06-17 14:12:10.700,2866.8000,17552,0,13083054840.000,1,0,1,空换,B,2866.8000,2866.6000,2866.2000,2866.0000,2865.8000,2867.2000,2867.4000,2867.6000,2868.0000,2868.2000,6,8,1,3,4,5,2,1,8,2
SF,IH2006,2020-06-17 14:12:11.200,2866.8000,17552,0,13083054840.000,0,-,-,-,-,2867.0000,2866.8000,2866.6000,2866.2000,2866.0000,2867.2000,2867.4000,2867.6000,2868.0000,2868.2000,1,6,8,1,2,5,2,1,8,2
SF,IH2006,2020-06-17 14:12:11.700,2866.8000,17552,0,13083054840.000,0,-,-,-,-,2867.0000,2866.8000,2866.6000,2866.2000,2866.0000,2867.2000,2867.4000,2867.6000,2868.0000,2868.2000,1,6,8,1,2,5,2,1,8,3
SF,IH2006,2020-06-17 14:12:12.200,2867.0000,17548,-4,13087355580.000,5,0,5,空平,B,2866.8000,2866.6000,2866.2000,2866.0000,2865.8000,2867.2000,2867.4000,2867.6000,2868.0000,2868.2000,6,7,1,2,4,1,1,2,8,3
SF,IH2006,2020-06-17 14:12:12.700,2867.2000,17548,0,13088215740.000,1,0,1,空换,B,2867.0000,2866.8000,2866.6000,2866.2000,2866.0000,2867.4000,2867.6000,2868.0000,2868.2000,2868.6000,1,6,7,1,2,1,2,8,3,1
SF,IH2006,2020-06-17 14:12:13.200,2867.2000,17548,0,13088215740.000,0,-,-,-,-,2867.0000,2866.8000,2866.6000,2866.2000,2866.0000,2867.4000,2867.6000,2868.0000,2868.2000,2868.4000,1,6,7,1,2,1,2,8,3,1
SF,IH2006,2020-06-17 14:12:13.700,2867.2000,17548,0,13088215740.000,0,-,-,-,-,2867.2000,2867.0000,2866.8000,2866.6000,2866.2000,2867.4000,2867.6000,2868.0000,2868.2000,2868.4000,1,1,6,7,1,1,2,7,4,1
SF,IH2006,2020-06-17 14:12:14.200,2867.2000,17547,-1,13089075900.000,1,0,1,双平,B,2867.0000,2866.8000,2866.6000,2866.2000,2866.0000,2867.2000,2867.4000,2867.6000,2868.0000,2868.2000,1,6,6,1,2,1,1,2,7,4
SF,IH2006,2020-06-17 14:12:14.700,2867.0000,17547,0,13089936000.000,1,0,1,空换,B,2866.8000,2866.6000,2866.2000,2866.0000,2865.8000,2867.2000,2867.4000,2867.6000,2868.0000,2868.2000,6,6,1,2,4,5,1,2,7,4
SF,IH2006,2020-06-17 14:12:17.200,2867.2000,17546,-1,13091656320.000,2,0,2,空平,B,2866.8000,2866.6000,2866.2000,2866.0000,2865.8000,2867.2000,2867.4000,2867.6000,2868.0000,2868.2000,6,6,1,2,4,3,1,2,7,4
SF,IH2006,2020-06-17 14:12:17.700,2867.0000,17546,0,13093376520.000,2,1,1,空换,B,2866.8000,2866.6000,2866.2000,2866.0000,2865.8000,2867.2000,2867.4000,2867.6000,2868.0000,2868.2000,6,6,1,2,4,1,1,2,7,4
SF,IH2006,2020-06-17 14:12:18.200,2867.0000,17546,0,13093376520.000,0,-,-,-,-,2866.8000,2866.6000,2866.2000,2866.0000,2865.8000,2867.4000,2867.6000,2868.0000,2868.2000,2868.4000,6,6,1,2,4,1,2,7,4,1
SF,IH2006,2020-06-17 14:12:19.700,2867.0000,17546,0,13093376520.000,0,-,-,-,-,2866.8000,2866.6000,2866.2000,2866.0000,2865.8000,2867.2000,2867.4000,2867.6000,2868.0000,2868.2000,6,6,1,2,4,1,1,2,7,4
SF,IH2006,2020-06-17 14:12:20.200,2867.2000,17546,0,13094236680.000,1,0,1,空换,B,2867.2000,2866.8000,2866.6000,2866.2000,2866.0000,2867.4000,2867.6000,2868.0000,2868.2000,2868.4000,1,6,6,1,2,1,2,7,4,1
SF,IH2006,2020-06-17 14:12:20.700,2867.2000,17546,0,13094236680.000,0,-,-,-,-,2866.8000,2866.6000,2866.2000,2866.0000,2865.8000,2867.4000,2867.6000,2868.0000,2868.2000,2868.4000,6,6,1,2,4,1,2,27,4,1
SF,IH2006,2020-06-17 14:12:21.200,2867.2000,17546,0,13094236680.000,0,-,-,-,-,2866.8000,2866.6000,2866.2000,2866.0000,2865.8000,2867.2000,2867.4000,2867.6000,2868.0000,2868.2000,6,6,1,2,4,2,2,2,27,4
SF,IH2006,2020-06-17 14:12:21.700,2866.8000,17546,0,13095096720.000,1,0,1,空换,B,2866.8000,2866.6000,2866.2000,2866.0000,2865.8000,2867.2000,2867.4000,2867.6000,2868.0000,2868.2000,4,6,1,2,4,2,2,2,27,4
SF,IH2006,2020-06-17 14:12:22.200,2866.8000,17545,-1,13095956760.000,1,0,1,双平,B,2866.8000,2866.6000,2866.2000,2866.0000,2865.8000,2867.2000,2867.4000,2867.6000,2868.0000,2868.2000,3,6,1,2,4,4,2,2,27,4
SF,IH2006,2020-06-17 14:12:22.700,2866.8000,17545,0,13095956760.000,0,-,-,-,-,2867.0000,2866.8000,2866.6000,2866.2000,2866.0000,2867.2000,2867.4000,2867.6000,2868.0000,2868.2000,2,3,4,1,2,3,2,2,27,4
SF,IH2006,2020-06-17 14:12:23.200,2867.0000,17544,-1,13097676960.000,2,0,2,空平,B,2866.8000,2866.6000,2866.2000,2866.0000,2865.8000,2867.2000,2867.4000,2867.6000,2868.0000,2868.2000,3,4,1,2,4,3,2,2,27,4
SF,IH2006,2020-06-17 14:12:25.200,2867.4000,17545,1,13101977880.000,5,3,2,多开,B,2867.4000,2867.2000,2866.8000,2866.6000,2866.2000,2867.6000,2868.0000,2868.2000,2868.4000,2868.6000,2,1,3,4,1,2,27,4,2,1
SF,IH2006,2020-06-17 14:12:25.700,2867.4000,17546,1,13103698320.000,2,1,1,多开,B,2867.2000,2867.0000,2866.8000,2866.6000,2866.2000,2867.4000,2867.6000,2868.0000,2868.2000,2868.4000,1,1,3,4,1,1,2,27,4,2
SF,IH2006,2020-06-17 14:12:26.200,2867.6000,17548,2,13106279100.000,3,2,1,多开,B,2867.6000,2867.2000,2867.0000,2866.8000,2866.6000,2868.0000,2868.2000,2868.4000,2868.6000,2868.8000,1,1,1,3,4,27,4,2,1,5
SF,IH2006,2020-06-17 14:12:26.700,2867.6000,17548,0,13107139380.000,1,0,1,空换,B,2867.2000,2867.0000,2866.8000,2866.6000,2866.2000,2867.6000,2867.8000,2868.0000,2868.2000,2868.4000,1,1,3,4,1,4,2,28,4,2
SF,IH2006,2020-06-17 14:12:27.200,2867.6000,17548,0,13107139380.000,0,-,-,-,-,2867.2000,2867.0000,2866.8000,2866.6000,2866.2000,2867.6000,2867.8000,2868.0000,2868.2000,2868.4000,1,1,3,4,1,1,2,28,4,2
SF,IH2006,2020-06-17 14:12:27.700,2867.6000,17548,0,13107139380.000,0,-,-,-,-,2867.2000,2867.0000,2866.8000,2866.6000,2866.2000,2867.6000,2867.8000,2868.0000,2868.2000,2868.4000,3,1,3,4,1,1,2,28,4,1
SF,IH2006,2020-06-17 14:12:28.200,2867.6000,17548,0,13107139380.000,0,-,-,-,-,2867.2000,2867.0000,2866.8000,2866.6000,2866.2000,2867.4000,2867.6000,2867.8000,2868.0000,2868.2000,3,1,3,4,1,1,2,2,27,3
SF,IH2006,2020-06-17 14:12:28.700,2867.6000,17548,0,13107139380.000,0,-,-,-,-,2867.2000,2867.0000,2866.8000,2866.6000,2866.2000,2867.6000,2867.8000,2868.0000,2868.2000,2868.4000,3,1,3,4,1,2,2,27,3,1
SF,IH2006,2020-06-17 14:12:29.200,2867.6000,17548,0,13107139380.000,0,-,-,-,-,2867.2000,2867.0000,2866.8000,2866.6000,2866.2000,2867.4000,2867.6000,2867.8000,2868.0000,2868.2000,3,1,3,4,1,1,2,1,27,3
SF,IH2006,2020-06-17 14:12:29.700,2867.2000,17547,-1,13108859700.000,2,0,2,空平,B,2867.2000,2867.0000,2866.8000,2866.6000,2866.2000,2867.6000,2867.8000,2868.0000,2868.2000,2868.4000,1,1,3,4,1,2,1,27,3,1
SF,IH2006,2020-06-17 14:12:30.200,2867.6000,17546,-1,13110580140.000,2,0,2,空平,B,2867.0000,2866.8000,2866.6000,2866.2000,2866.0000,2867.4000,2867.8000,2868.0000,2868.2000,2868.4000,1,3,4,1,2,1,1,27,2,1
SF,IH2006,2020-06-17 14:12:30.700,2867.6000,17546,0,13110580140.000,0,-,-,-,-,2867.0000,2866.8000,2866.6000,2866.2000,2866.0000,2867.4000,2867.8000,2868.0000,2868.2000,2868.4000,2,3,4,1,2,1,1,27,2,1
SF,IH2006,2020-06-17 14:12:31.200,2867.4000,17546,0,13111440360.000,1,0,1,空换,B,2867.0000,2866.8000,2866.6000,2866.2000,2866.0000,2867.8000,2868.0000,2868.2000,2868.4000,2868.6000,2,3,4,1,3,1,27,2,1,2
SF,IH2006,2020-06-17 14:12:31.700,2867.4000,17546,0,13111440360.000,0,-,-,-,-,2867.2000,2867.0000,2866.8000,2866.6000,2866.2000,2867.6000,2867.8000,2868.0000,2868.2000,2868.4000,1,2,3,4,1,1,1,27,2,1
SF,IH2006,2020-06-17 14:12:32.700,2867.2000,17546,0,13112300520.000,1,0,1,空换,B,2867.0000,2866.8000,2866.6000,2866.2000,2866.0000,2867.6000,2867.8000,2868.0000,2868.2000,2868.4000,2,3,4,1,2,1,1,27,2,1
SF,IH2006,2020-06-17 14:12:33.200,2867.2000,17546,0,13112300520.000,0,-,-,-,-,2867.0000,2866.8000,2866.6000,2866.2000,2866.0000,2867.6000,2867.8000,2868.0000,2868.2000,2868.4000,2,3,4,2,2,1,1,27,2,1
SF,IH2006,2020-06-17 14:12:35.200,2867.6000,17546,0,13113160800.000,1,0,1,空换,B,2867.0000,2866.8000,2866.6000,2866.2000,2866.0000,2867.8000,2868.0000,2868.2000,2868.4000,2868.6000,2,3,4,2,2,1,27,2,1,2
SF,IH2006,2020-06-17 14:12:35.700,2867.0000,17545,-1,13114020900.000,1,0,1,双平,B,2866.8000,2866.6000,2866.2000,2866.0000,2865.8000,2867.8000,2868.0000,2868.2000,2868.4000,2868.6000,3,4,2,2,3,2,27,2,1,2
SF,IH2006,2020-06-17 14:12:36.200,2867.0000,17545,0,13114020900.000,0,-,-,-,-,2867.0000,2866.8000,2866.6000,2866.2000,2866.0000,2867.6000,2867.8000,2868.0000,2868.2000,2868.4000,3,3,4,2,2,2,2,27,2,1
SF,IH2006,2020-06-17 14:12:36.700,2867.6000,17545,0,13115741460.000,2,1,1,空换,B,2867.6000,2867.0000,2866.8000,2866.6000,2866.2000,2867.8000,2868.0000,2868.2000,2868.4000,2868.6000,3,2,5,4,2,2,27,2,1,2
SF,IH2006,2020-06-17 14:12:37.200,2867.6000,17545,0,13118322300.000,3,1,2,空换,B,2867.0000,2866.8000,2866.6000,2866.2000,2865.8000,2867.4000,2867.6000,2867.8000,2868.0000,2868.2000,1,5,4,2,3,1,3,1,27,2
SF,IH2006,2020-06-17 14:12:37.700,2867.4000,17546,1,13119182520.000,1,1,0,双开,B,2867.0000,2866.8000,2866.6000,2866.2000,2865.8000,2867.6000,2867.8000,2868.0000,2868.2000,2868.4000,1,3,4,2,3,2,1,27,2,1
SF,IH2006,2020-06-17 14:12:38.200,2867.4000,17545,-1,13120042740.000,1,0,1,双平,B,2867.0000,2866.8000,2866.6000,2866.2000,2865.8000,2867.6000,2867.8000,2868.0000,2868.2000,2868.4000,1,3,4,2,3,2,1,27,2,1
SF,IH2006,2020-06-17 14:12:38.700,2867.4000,17545,0,13120042740.000,0,-,-,-,-,2867.0000,2866.8000,2866.6000,2866.2000,2865.8000,2867.6000,2867.8000,2868.0000,2868.2000,2868.4000,1,3,4,2,3,2,1,27,2,1
SF,IH2006,2020-06-17 14:12:39.200,2867.6000,17544,-1,13121763120.000,2,0,2,空平,B,2867.0000,2866.8000,2866.6000,2866.2000,2865.8000,2867.6000,2867.8000,2868.0000,2868.2000,2868.4000,1,3,4,2,3,1,1,27,2,1
SF,IH2006,2020-06-17 14:12:39.700,2867.6000,17544,0,13121763120.000,0,-,-,-,-,2867.0000,2866.8000,2866.6000,2866.2000,2865.8000,2867.6000,2867.8000,2868.0000,2868.2000,2868.4000,2,3,4,2,3,2,1,27,2,1
SF,IH2006,2020-06-17 14:12:40.200,2867.6000,17544,0,13121763120.000,0,-,-,-,-,2866.8000,2866.6000,2866.2000,2865.8000,2865.4000,2867.4000,2867.6000,2867.8000,2868.0000,2868.2000,3,4,2,3,2,1,2,1,27,2
SF,IH2006,2020-06-17 14:12:40.700,2867.6000,17544,0,13121763120.000,0,-,-,-,-,2866.8000,2866.6000,2866.2000,2865.8000,2865.4000,2867.6000,2867.8000,2868.0000,2868.2000,2868.4000,4,4,2,4,2,2,1,27,2,1
SF,IH2006,2020-06-17 14:12:41.200,2867.6000,17543,-1,13122623400.000,1,0,1,双平,B,2866.8000,2866.6000,2866.2000,2865.8000,2865.4000,2867.6000,2867.8000,2868.0000,2868.2000,2868.4000,4,4,2,4,2,2,1,27,2,1
SF,IH2006,2020-06-17 14:12:41.700,2867.6000,17543,0,13122623400.000,0,-,-,-,-,2867.0000,2866.8000,2866.6000,2866.2000,2865.8000,2867.6000,2867.8000,2868.0000,2868.2000,2868.4000,2,4,4,2,4,2,1,27,2,1
SF,IH2006,2020-06-17 14:12:42.200,2867.6000,17543,0,13122623400.000,0,-,-,-,-,2867.0000,2866.8000,2866.6000,2866.2000,2866.0000,2867.6000,2867.8000,2868.0000,2868.2000,2868.4000,2,4,4,2,1,2,1,27,2,1
SF,IH2006,2020-06-17 14:12:42.700,2867.6000,17543,0,13122623400.000,0,-,-,-,-,2867.0000,2866.8000,2866.6000,2866.2000,2866.0000,2867.6000,2867.8000,2868.0000,2868.2000,2868.4000,3,3,4,2,1,2,1,27,2,1
SF,IH2006,2020-06-17 14:12:43.200,2867.0000,17542,-1,13124343780.000,2,0,2,空平,B,2867.0000,2866.8000,2866.6000,2866.2000,2866.0000,2867.6000,2867.8000,2868.0000,2868.2000,2868.4000,2,3,4,2,1,2,1,27,2,1
SF,IH2006,2020-06-17 14:12:43.700,2867.0000,17542,0,13125203880.000,1,0,1,空换,B,2867.0000,2866.8000,2866.6000,2866.2000,2866.0000,2867.6000,2867.8000,2868.0000,2868.2000,2868.4000,1,3,4,2,1,2,1,27,2,1
SF,IH2006,2020-06-17 14:12:44.200,2867.0000,17542,0,13125203880.000,0,-,-,-,-,2866.8000,2866.6000,2866.2000,2866.0000,2865.8000,2867.0000,2867.6000,2867.8000,2868.0000,2868.2000,3,4,2,1,4,1,2,1,27,2
SF,IH2006,2020-06-17 14:12:44.700,2867.0000,17542,0,13126063980.000,1,0,1,空换,B,2867.0000,2866.8000,2866.6000,2866.2000,2866.0000,2867.6000,2867.8000,2868.0000,2868.2000,2868.4000,6,3,4,2,1,2,1,27,2,1
SF,IH2006,2020-06-17 14:12:45.200,2867.0000,17542,0,13126924080.000,1,0,1,空换,B,2867.0000,2866.8000,2866.6000,2866.2000,2866.0000,2867.6000,2867.8000,2868.0000,2868.2000,2868.4000,5,3,4,2,1,2,1,27,2,2
SF,IH2006,2020-06-17 14:12:45.700,2867.6000,17541,-1,13127784360.000,1,0,1,双平,B,2867.0000,2866.8000,2866.6000,2866.2000,2866.0000,2867.6000,2867.8000,2868.0000,2868.2000,2868.4000,5,3,4,2,1,1,1,27,2,2
SF,IH2006,2020-06-17 14:12:46.200,2867.6000,17541,0,13127784360.000,0,-,-,-,-,2867.2000,2867.0000,2866.8000,2866.6000,2866.2000,2867.6000,2867.8000,2868.0000,2868.2000,2868.4000,2,5,3,4,2,1,1,27,2,2
SF,IH2006,2020-06-17 14:12:46.700,2867.6000,17541,0,13127784360.000,0,-,-,-,-,2867.2000,2867.0000,2866.8000,2866.6000,2866.2000,2867.6000,2867.8000,2868.0000,2868.2000,2868.4000,2,5,3,4,2,1,1,27,2,1
SF,IH2006,2020-06-17 14:12:48.200,2867.2000,17540,-1,13128644520.000,1,0,1,双平,B,2867.2000,2867.0000,2866.8000,2866.6000,2866.2000,2867.6000,2867.8000,2868.0000,2868.2000,2868.4000,1,5,3,4,2,1,1,27,2,1
SF,IH2006,2020-06-17 14:12:48.700,2867.2000,17540,0,13129504680.000,1,0,1,空换,B,2867.0000,2866.8000,2866.6000,2866.2000,2866.0000,2867.6000,2867.8000,2868.0000,2868.2000,2868.4000,5,3,4,2,1,1,1,27,2,1
SF,IH2006,2020-06-17 14:12:49.200,2867.2000,17539,-1,13130364840.000,1,0,1,双平,B,2867.0000,2866.8000,2866.6000,2866.2000,2866.0000,2867.6000,2867.8000,2868.0000,2868.2000,2868.4000,6,3,4,2,1,1,2,27,2,1
SF,IH2006,2020-06-17 14:12:49.700,2867.6000,17538,-1,13131225120.000,1,0,1,双平,B,2867.6000,2867.0000,2866.8000,2866.6000,2866.2000,2867.8000,2868.0000,2868.2000,2868.4000,2868.6000,4,6,3,4,2,2,27,2,1,1
SF,IH2006,2020-06-17 14:12:50.200,2867.6000,17538,0,13131225120.000,0,-,-,-,-,2867.6000,2867.0000,2866.8000,2866.6000,2866.2000,2867.8000,2868.0000,2868.2000,2868.4000,2868.6000,4,6,3,4,2,2,27,2,2,1
SF,IH2006,2020-06-17 14:12:50.700,2867.8000,17539,1,13132945740.000,2,1,1,多开,B,2867.6000,2867.0000,2866.8000,2866.6000,2866.2000,2867.8000,2868.0000,2868.2000,2868.4000,2868.6000,3,6,3,4,2,1,27,2,2,1
SF,IH2006,2020-06-17 14:12:51.200,2867.8000,17539,0,13133806080.000,1,0,1,空换,B,2867.6000,2867.0000,2866.8000,2866.6000,2866.2000,2868.0000,2868.2000,2868.4000,2868.6000,2868.8000,3,6,3,4,2,27,2,2,1,4
SF,IH2006,2020-06-17 14:12:51.700,2867.8000,17539,0,13133806080.000,0,-,-,-,-,2867.6000,2867.0000,2866.8000,2866.6000,2866.2000,2868.0000,2868.2000,2868.4000,2868.6000,2868.8000,3,6,3,4,2,28,2,2,1,4
SF,IH2006,2020-06-17 14:12:52.700,2867.8000,17539,0,13133806080.000,0,-,-,-,-,2867.6000,2867.0000,2866.8000,2866.6000,2866.2000,2868.0000,2868.2000,2868.4000,2868.6000,2868.8000,3,5,3,4,2,28,2,2,1,4
SF,IH2006,2020-06-17 14:12:53.200,2867.8000,17539,0,13133806080.000,0,-,-,-,-,2867.6000,2867.0000,2866.8000,2866.6000,2866.2000,2867.8000,2868.0000,2868.2000,2868.4000,2868.6000,3,5,3,4,2,1,28,2,2,1
SF,IH2006,2020-06-17 14:12:54.200,2867.8000,17539,0,13133806080.000,0,-,-,-,-,2867.6000,2867.0000,2866.8000,2866.6000,2866.2000,2867.8000,2868.0000,2868.2000,2868.4000,2868.6000,3,4,3,4,2,2,28,2,2,1
SF,IH2006,2020-06-17 14:12:54.700,2867.6000,17540,1,13138967760.000,6,3,3,多开,B,2867.0000,2866.8000,2866.6000,2866.2000,2866.0000,2867.8000,2868.0000,2868.2000,2868.4000,2868.6000,3,3,4,2,1,2,28,2,2,1
SF,IH2006,2020-06-17 14:12:55.200,2867.8000,17540,0,13140688440.000,2,1,1,空换,B,2867.2000,2867.0000,2866.8000,2866.6000,2866.2000,2867.8000,2868.0000,2868.2000,2868.4000,2868.6000,5,5,3,4,2,1,28,2,2,1
SF,IH2006,2020-06-17 14:12:55.700,2867.8000,17540,0,13140688440.000,0,-,-,-,-,2867.2000,2867.0000,2866.8000,2866.6000,2866.2000,2867.8000,2868.0000,2868.2000,2868.4000,2868.6000,5,5,3,4,2,1,28,2,2,1
SF,IH2006,2020-06-17 14:12:56.200,2867.8000,17540,0,13140688440.000,0,-,-,-,-,2867.2000,2867.0000,2866.8000,2866.6000,2866.2000,2867.8000,2868.0000,2868.2000,2868.4000,2868.6000,6,5,3,4,2,1,28,2,1,1
SF,IH2006,2020-06-17 14:12:57.200,2867.8000,17540,0,13140688440.000,0,-,-,-,-,2867.2000,2867.0000,2866.8000,2866.6000,2866.2000,2867.8000,2868.0000,2868.2000,2868.4000,2868.6000,6,5,3,4,2,2,28,2,1,1
SF,IH2006,2020-06-17 14:12:57.700,2867.8000,17540,0,13140688440.000,0,-,-,-,-,2867.2000,2867.0000,2866.8000,2866.6000,2866.2000,2867.8000,2868.0000,2868.2000,2868.4000,2868.6000,6,5,3,4,2,2,28,2,1,2
SF,IH2006,2020-06-17 14:12:58.200,2867.8000,17540,0,13140688440.000,0,-,-,-,-,2867.4000,2867.2000,2867.0000,2866.8000,2866.6000,2867.8000,2868.0000,2868.2000,2868.4000,2868.6000,1,6,4,3,4,7,28,2,1,2
SF,IH2006,2020-06-17 14:12:59.200,2867.8000,17538,-2,13144129800.000,4,1,3,空平,B,2867.4000,2867.2000,2867.0000,2866.8000,2866.6000,2867.8000,2868.0000,2868.2000,2868.4000,2868.6000,1,6,5,3,4,6,28,2,1,2
SF,IH2006,2020-06-17 14:12:59.700,2867.8000,17536,-2,13146710820.000,3,0,3,空平,B,2867.4000,2867.2000,2867.0000,2866.8000,2866.6000,2867.8000,2868.0000,2868.2000,2868.4000,2868.6000,1,6,5,3,4,3,28,2,1,1
SF,IH2006,2020-06-17 14:13:00.200,2867.8000,17536,0,13149291840.000,3,1,2,空换,B,2867.4000,2867.2000,2867.0000,2866.8000,2866.6000,2867.8000,2868.0000,2868.2000,2868.4000,2868.6000,1,5,5,3,4,1,28,2,1,1
SF,IH2006,2020-06-17 14:13:00.700,2867.8000,17536,0,13150152180.000,1,0,1,空换,B,2867.8000,2867.6000,2867.4000,2867.2000,2867.0000,2868.0000,2868.2000,2868.4000,2868.6000,2868.8000,1,1,2,5,5,28,2,1,1,5
SF,IH2006,2020-06-17 14:13:01.200,2868.0000,17541,5,13155314580.000,6,5,1,多开,B,2867.8000,2867.6000,2867.4000,2867.2000,2867.0000,2868.0000,2868.2000,2868.4000,2868.6000,2868.8000,2,1,2,4,5,22,2,1,1,5
SF,IH2006,2020-06-17 14:13:01.700,2867.8000,17547,6,13163058120.000,9,7,2,多开,B,2867.8000,2867.6000,2867.4000,2867.2000,2867.0000,2868.0000,2868.2000,2868.4000,2868.6000,2868.8000,1,1,2,3,5,14,2,1,1,5
SF,IH2006,2020-06-17 14:13:02.200,2868.0000,17550,3,13165639320.000,3,3,0,双开,B,2867.8000,2867.6000,2867.4000,2867.2000,2867.0000,2868.0000,2868.2000,2868.4000,2868.6000,2868.8000,2,2,2,3,5,11,2,1,1,5
SF,IH2006,2020-06-17 14:13:02.700,2868.0000,17560,10,13175103720.000,11,10,1,多开,B,2867.8000,2867.6000,2867.4000,2867.2000,2867.0000,2868.2000,2868.4000,2868.6000,2868.8000,2869.0000,3,2,2,3,5,2,1,1,5,1
SF,IH2006,2020-06-17 14:13:03.200,2868.0000,17560,0,13175103720.000,0,-,-,-,-,2868.0000,2867.8000,2867.6000,2867.4000,2867.2000,2868.2000,2868.4000,2868.6000,2868.8000,2869.0000,1,3,2,2,3,3,1,1,5,1
SF,IH2006,2020-06-17 14:13:03.700,2868.2000,17557,-3,13177685100.000,3,0,3,双平,B,2868.2000,2868.0000,2867.8000,2867.6000,2867.4000,2868.4000,2868.6000,2868.8000,2869.0000,2869.2000,2,1,3,2,2,1,1,5,1,1
SF,IH2006,2020-06-17 14:13:06.200,2868.2000,17557,0,13177685100.000,0,-,-,-,-,2868.2000,2868.0000,2867.8000,2867.6000,2867.4000,2868.4000,2868.6000,2868.8000,2869.0000,2869.2000,4,1,3,2,2,1,1,5,1,1
SF,IH2006,2020-06-17 14:13:06.700,2868.4000,17558,1,13181127240.000,4,2,2,多开,B,2868.4000,2868.2000,2868.0000,2867.8000,2867.6000,2868.8000,2869.0000,2869.2000,2869.4000,2869.6000,3,4,1,3,2,5,1,1,1,11
SF,IH2006,2020-06-17 14:13:07.200,2868.8000,17558,0,13184569620.000,4,2,2,空换,B,2868.2000,2868.0000,2867.8000,2867.6000,2867.4000,2868.8000,2869.0000,2869.2000,2869.4000,2869.6000,3,1,3,2,2,3,1,1,1,11
SF,IH2006,2020-06-17 14:13:07.700,2868.8000,17558,0,13185430260.000,1,0,1,空换,B,2868.2000,2868.0000,2867.8000,2867.6000,2867.4000,2868.8000,2869.0000,2869.2000,2869.4000,2869.6000,6,1,3,2,2,2,1,1,1,11
SF,IH2006,2020-06-17 14:13:08.200,2868.8000,17558,0,13186290900.000,1,0,1,空换,B,2868.2000,2868.0000,2867.8000,2867.6000,2867.4000,2868.8000,2869.0000,2869.2000,2869.4000,2869.6000,3,1,3,2,2,1,1,1,1,11
SF,IH2006,2020-06-17 14:13:08.700,2868.2000,17558,0,13187151360.000,1,0,1,空换,B,2868.2000,2868.0000,2867.8000,2867.6000,2867.4000,2868.8000,2869.0000,2869.2000,2869.4000,2869.6000,2,1,3,2,2,1,1,1,1,11
SF,IH2006,2020-06-17 14:13:09.200,2868.2000,17558,0,13188011820.000,1,0,1,空换,B,2868.2000,2868.0000,2867.8000,2867.6000,2867.4000,2868.6000,2868.8000,2869.0000,2869.2000,2869.4000,1,1,3,2,2,1,1,1,1,1
SF,IH2006,2020-06-17 14:13:09.700,2868.8000,17558,0,13190593680.000,3,1,2,空换,B,2868.2000,2868.0000,2867.8000,2867.6000,2867.4000,2869.0000,2869.2000,2869.4000,2869.6000,2869.8000,1,1,3,2,2,1,1,1,12,6
SF,IH2006,2020-06-17 14:13:10.200,2868.2000,17558,0,13192314780.000,2,1,1,空换,B,2868.2000,2868.0000,2867.8000,2867.6000,2867.4000,2868.8000,2869.0000,2869.2000,2869.4000,2869.6000,1,1,3,2,2,5,3,1,1,12
SF,IH2006,2020-06-17 14:13:10.700,2868.2000,17558,0,13192314780.000,0,-,-,-,-,2868.6000,2868.2000,2868.0000,2867.8000,2867.6000,2868.8000,2869.0000,2869.2000,2869.4000,2869.6000,1,1,1,3,2,5,3,1,1,12
SF,IH2006,2020-06-17 14:13:11.200,2868.2000,17558,0,13194035820.000,2,1,1,空换,B,2868.0000,2867.8000,2867.6000,2867.4000,2867.2000,2868.2000,2868.6000,2868.8000,2869.0000,2869.2000,1,2,2,2,3,1,9,5,3,1
SF,IH2006,2020-06-17 14:13:11.700,2868.2000,17559,1,13194896280.000,1,1,0,双开,B,2868.4000,2868.0000,2867.8000,2867.6000,2867.4000,2868.6000,2868.8000,2869.0000,2869.2000,2869.4000,2,2,2,2,2,8,5,3,1,1
SF,IH2006,2020-06-17 14:13:12.200,2868.4000,17561,2,13196617320.000,2,2,0,双开,B,2868.0000,2867.8000,2867.6000,2867.4000,2867.2000,2868.4000,2868.6000,2868.8000,2869.0000,2869.2000,2,2,2,2,3,8,5,5,3,1
SF,IH2006,2020-06-17 14:13:12.700,2868.4000,17563,2,13198338360.000,2,2,0,双开,B,2868.0000,2867.8000,2867.6000,2867.4000,2867.2000,2868.4000,2868.6000,2868.8000,2869.0000,2869.2000,2,1,2,2,3,8,6,5,3,1
SF,IH2006,2020-06-17 14:13:13.200,2868.4000,17566,3,13202640780.000,5,4,1,多开,B,2868.0000,2867.8000,2867.6000,2867.4000,2867.2000,2868.4000,2868.6000,2868.8000,2869.0000,2869.2000,2,1,2,2,3,5,6,5,3,1
SF,IH2006,2020-06-17 14:13:13.700,2868.2000,17569,3,13206943320.000,5,4,1,多开,B,2868.2000,2868.0000,2867.8000,2867.6000,2867.4000,2868.4000,2868.6000,2868.8000,2869.0000,2869.2000,3,5,1,2,2,1,6,4,3,1
SF,IH2006,2020-06-17 14:13:14.200,2868.2000,17569,0,13206943320.000,0,-,-,-,-,2868.2000,2868.0000,2867.8000,2867.6000,2867.4000,2868.4000,2868.6000,2868.8000,2869.0000,2869.2000,4,3,1,2,2,1,6,4,3,1
SF,IH2006,2020-06-17 14:13:15.200,2868.2000,17570,1,13208664300.000,2,1,1,多开,B,2868.2000,2868.0000,2867.8000,2867.6000,2867.4000,2868.6000,2868.8000,2869.0000,2869.2000,2869.4000,3,3,2,2,2,6,4,3,1,1
SF,IH2006,2020-06-17 14:13:15.700,2868.2000,17570,0,13208664300.000,0,-,-,-,-,2868.2000,2868.0000,2867.8000,2867.6000,2867.4000,2868.6000,2868.8000,2869.0000,2869.2000,2869.4000,3,3,2,2,2,6,2,3,1,1
SF,IH2006,2020-06-17 14:13:16.200,2868.2000,17570,0,13210385220.000,2,1,1,空换,B,2868.0000,2867.8000,2867.6000,2867.4000,2867.2000,2868.6000,2868.8000,2869.0000,2869.2000,2869.4000,3,2,2,2,3,6,2,3,1,1
SF,IH2006,2020-06-17 14:13:16.700,2868.2000,17570,0,13210385220.000,0,-,-,-,-,2868.0000,2867.8000,2867.6000,2867.4000,2867.2000,2868.6000,2868.8000,2869.0000,2869.2000,2869.4000,3,2,2,2,2,6,2,3,1,1
SF,IH2006,2020-06-17 14:13:17.200,2868.0000,17571,1,13212106200.000,2,1,1,多开,B,2868.0000,2867.8000,2867.6000,2867.4000,2867.2000,2868.6000,2868.8000,2869.0000,2869.2000,2869.4000,2,2,2,2,2,5,2,3,1,1
SF,IH2006,2020-06-17 14:13:17.700,2868.6000,17574,3,13215548520.000,4,3,1,多开,B,2868.4000,2868.0000,2867.8000,2867.6000,2867.4000,2868.6000,2868.8000,2869.0000,2869.2000,2869.4000,1,2,2,3,1,1,2,3,1,1
SF,IH2006,2020-06-17 14:13:18.200,2868.6000,17574,0,13216409100.000,1,0,1,空换,B,2868.6000,2868.4000,2868.0000,2867.8000,2867.6000,2868.8000,2869.0000,2869.2000,2869.4000,2869.6000,1,1,2,2,3,2,2,1,2,13
SF,IH2006,2020-06-17 14:13:18.700,2868.8000,17574,0,13218130380.000,2,1,1,空换,B,2868.8000,2868.6000,2868.4000,2868.0000,2867.8000,2869.0000,2869.2000,2869.4000,2869.6000,2869.8000,3,1,1,2,2,2,1,2,13,6
SF,IH2006,2020-06-17 14:13:19.200,2868.8000,17572,-2,13219851660.000,2,0,2,双平,B,2868.8000,2868.6000,2868.4000,2868.0000,2867.8000,2869.0000,2869.2000,2869.4000,2869.6000,2869.8000,1,1,1,2,2,2,1,2,13,6
SF,IH2006,2020-06-17 14:13:19.700,2868.8000,17572,0,13219851660.000,0,-,-,-,-,2868.8000,2868.6000,2868.4000,2868.0000,2867.8000,2869.0000,2869.2000,2869.4000,2869.6000,2869.8000,1,1,1,2,2,2,1,2,13,6
SF,IH2006,2020-06-17 14:13:20.200,2869.0000,17571,-1,13222433640.000,3,1,2,空平,B,2869.0000,2868.6000,2868.4000,2868.0000,2867.8000,2869.2000,2869.4000,2869.6000,2869.8000,2870.0000,1,1,1,2,2,1,2,13,6,16
SF,IH2006,2020-06-17 14:13:20.700,2869.0000,17571,0,13223294340.000,1,0,1,空换,B,2868.6000,2868.4000,2868.0000,2867.8000,2867.6000,2868.8000,2869.0000,2869.2000,2869.4000,2869.6000,1,1,2,2,3,2,15,1,2,12
SF,IH2006,2020-06-17 14:13:21.200,2868.8000,17572,1,13225015620.000,2,1,1,多开,B,2868.8000,2868.6000,2868.4000,2868.0000,2867.8000,2869.0000,2869.2000,2869.4000,2869.6000,2869.8000,8,1,1,2,2,6,1,2,12,6
SF,IH2006,2020-06-17 14:13:21.700,2869.0000,17570,-2,13227597720.000,3,0,3,空平,B,2868.8000,2868.6000,2868.4000,2868.0000,2867.8000,2869.0000,2869.2000,2869.4000,2869.6000,2869.8000,8,1,1,2,2,4,1,2,12,6
SF,IH2006,2020-06-17 14:13:22.200,2869.0000,17571,1,13231040520.000,4,2,2,多开,B,2869.0000,2868.8000,2868.6000,2868.4000,2868.0000,2869.2000,2869.4000,2869.6000,2869.8000,2870.0000,10,8,1,1,2,1,2,13,6,17
SF,IH2006,2020-06-17 14:13:22.700,2869.4000,17571,0,13235344320.000,5,2,3,空换,B,2869.0000,2868.8000,2868.6000,2868.4000,2868.0000,2869.6000,2869.8000,2870.0000,2870.4000,2870.6000,9,8,1,1,2,13,6,17,1,2
SF,IH2006,2020-06-17 14:13:23.200,2869.0000,17571,0,13237065720.000,2,1,1,空换,B,2869.0000,2868.8000,2868.6000,2868.4000,2868.0000,2869.4000,2869.6000,2869.8000,2870.0000,2870.4000,7,8,1,1,1,1,14,6,17,1
SF,IH2006,2020-06-17 14:13:23.700,2869.2000,17578,7,13243952580.000,8,7,1,多开,B,2869.0000,2868.8000,2868.6000,2868.4000,2868.0000,2869.6000,2869.8000,2870.0000,2870.4000,2870.6000,8,8,1,1,1,8,6,16,1,2
SF,IH2006,2020-06-17 14:13:24.200,2869.2000,17578,0,13243952580.000,0,-,-,-,-,2869.0000,2868.8000,2868.6000,2868.4000,2868.2000,2869.6000,2869.8000,2870.0000,2870.4000,2870.6000,8,8,1,1,1,7,6,16,1,3
SF,IH2006,2020-06-17 14:13:24.700,2869.2000,17578,0,13243952580.000,0,-,-,-,-,2869.4000,2869.0000,2868.8000,2868.6000,2868.4000,2869.6000,2869.8000,2870.0000,2870.4000,2870.6000,1,8,8,1,1,7,6,16,2,2
SF,IH2006,2020-06-17 14:13:25.200,2869.6000,17582,4,13251700380.000,9,6,3,多开,B,2869.0000,2868.8000,2868.6000,2868.4000,2868.2000,2869.6000,2869.8000,2870.0000,2870.4000,2870.6000,8,8,1,1,1,3,6,16,2,2
SF,IH2006,2020-06-17 14:13:25.700,2869.8000,17583,1,13256865900.000,6,3,3,多开,B,2869.6000,2869.4000,2869.2000,2869.0000,2868.8000,2869.8000,2870.0000,2870.4000,2870.6000,2870.8000,2,9,8,10,8,2,16,2,3,1
SF,IH2006,2020-06-17 14:13:26.200,2869.6000,17584,1,13264613580.000,9,5,4,多开,B,2869.2000,2869.0000,2868.8000,2868.6000,2868.4000,2869.6000,2869.8000,2870.0000,2870.4000,2870.6000,4,8,8,1,1,2,2,16,2,3
SF,IH2006,2020-06-17 14:13:26.700,2869.6000,17584,0,13264613580.000,0,-,-,-,-,2869.2000,2869.0000,2868.8000,2868.6000,2868.4000,2869.6000,2869.8000,2870.0000,2870.4000,2870.6000,4,8,8,1,1,4,2,16,2,3
SF,IH2006,2020-06-17 14:13:27.200,2869.6000,17584,0,13264613580.000,0,-,-,-,-,2869.2000,2869.0000,2868.8000,2868.6000,2868.4000,2869.6000,2869.8000,2870.0000,2870.4000,2870.6000,3,8,8,1,1,4,2,16,1,3
SF,IH2006,2020-06-17 14:13:27.700,2869.6000,17584,0,13264613580.000,0,-,-,-,-,2869.2000,2869.0000,2868.8000,2868.6000,2868.4000,2869.6000,2869.8000,2870.0000,2870.4000,2870.6000,3,8,8,1,1,4,2,16,1,4
SF,IH2006,2020-06-17 14:13:28.200,2869.2000,17587,3,13267195860.000,3,3,0,双开,B,2869.0000,2868.8000,2868.6000,2868.4000,2868.2000,2869.2000,2869.6000,2869.8000,2870.0000,2870.4000,8,8,1,1,1,2,4,2,16,1
SF,IH2006,2020-06-17 14:13:28.700,2869.2000,17587,0,13267195860.000,0,-,-,-,-,2869.0000,2868.8000,2868.6000,2868.4000,2868.2000,2869.2000,2869.4000,2869.6000,2869.8000,2870.0000,8,8,1,1,1,1,1,4,2,16
SF,IH2006,2020-06-17 14:13:29.700,2869.4000,17586,-1,13269778140.000,3,1,2,空平,B,2869.0000,2868.8000,2868.6000,2868.4000,2868.2000,2869.6000,2869.8000,2870.0000,2870.4000,2870.6000,7,8,1,1,1,3,2,16,1,4
SF,IH2006,2020-06-17 14:13:30.200,2869.6000,17585,-1,13270639020.000,1,0,1,双平,B,2869.2000,2869.0000,2868.8000,2868.6000,2868.4000,2869.6000,2869.8000,2870.0000,2870.4000,2870.6000,1,8,8,1,1,2,3,16,1,4
SF,IH2006,2020-06-17 14:13:30.700,2869.2000,17585,0,13271499780.000,1,0,1,空换,B,2869.2000,2869.0000,2868.8000,2868.6000,2868.4000,2869.4000,2869.6000,2869.8000,2870.0000,2870.4000,2,7,8,1,1,1,2,3,15,1
SF,IH2006,2020-06-17 14:13:31.200,2869.4000,17585,0,13272360600.000,1,0,1,空换,B,2869.2000,2869.0000,2868.8000,2868.6000,2868.4000,2869.6000,2869.8000,2870.0000,2870.4000,2870.6000,2,7,8,1,1,2,3,15,1,4
SF,IH2006,2020-06-17 14:13:31.700,2869.4000,17585,0,13272360600.000,0,-,-,-,-,2869.2000,2869.0000,2868.8000,2868.6000,2868.4000,2869.6000,2869.8000,2870.0000,2870.4000,2870.6000,2,7,8,1,1,2,3,15,1,3
SF,IH2006,2020-06-17 14:13:32.200,2869.4000,17585,0,13272360600.000,0,-,-,-,-,2869.2000,2869.0000,2868.8000,2868.6000,2868.4000,2869.6000,2869.8000,2870.0000,2870.4000,2870.6000,2,7,8,1,1,2,3,15,1,3
SF,IH2006,2020-06-17 14:13:32.700,2869.4000,17585,0,13272360600.000,0,-,-,-,-,2869.2000,2869.0000,2868.8000,2868.6000,2868.4000,2869.6000,2869.8000,2870.0000,2870.4000,2870.6000,3,7,8,1,1,2,3,15,1,3
SF,IH2006,2020-06-17 14:13:33.200,2869.6000,17584,-1,13274082360.000,2,0,2,空平,B,2869.6000,2869.2000,2869.0000,2868.8000,2868.6000,2869.8000,2870.0000,2870.2000,2870.4000,2870.6000,4,3,7,8,1,3,15,1,1,3
SF,IH2006,2020-06-17 14:13:33.700,2869.6000,17579,-5,13278386760.000,5,0,5,双平,B,2869.4000,2869.2000,2869.0000,2868.8000,2868.6000,2869.8000,2870.0000,2870.2000,2870.4000,2870.6000,1,2,7,8,1,3,15,1,1,3
SF,IH2006,2020-06-17 14:13:34.200,2869.6000,17579,0,13280969520.000,3,1,2,空换,B,2869.4000,2869.2000,2869.0000,2868.8000,2868.6000,2869.8000,2870.0000,2870.2000,2870.4000,2870.6000,2,2,6,8,1,1,15,1,1,3
SF,IH2006,2020-06-17 14:13:34.700,2869.4000,17580,1,13282691220.000,2,1,1,多开,B,2869.4000,2869.2000,2869.0000,2868.8000,2868.6000,2869.8000,2870.0000,2870.2000,2870.4000,2870.6000,2,2,6,8,1,1,15,1,1,3
SF,IH2006,2020-06-17 14:13:35.200,2869.4000,17580,0,13283552040.000,1,0,1,空换,B,2869.2000,2869.0000,2868.8000,2868.6000,2868.4000,2869.8000,2870.0000,2870.2000,2870.4000,2870.6000,2,6,8,1,1,1,15,1,1,3
SF,IH2006,2020-06-17 14:13:35.700,2869.4000,17580,0,13284412860.000,1,0,1,空换,B,2869.2000,2869.0000,2868.8000,2868.6000,2868.4000,2869.6000,2869.8000,2870.0000,2870.2000,2870.4000,6,6,8,1,1,4,2,15,1,1
SF,IH2006,2020-06-17 14:13:36.200,2869.6000,17582,2,13286995500.000,3,2,1,多开,B,2869.2000,2869.0000,2868.8000,2868.6000,2868.4000,2869.6000,2869.8000,2870.0000,2870.2000,2870.4000,3,6,8,1,1,1,2,15,1,1
SF,IH2006,2020-06-17 14:13:36.700,2869.6000,17582,0,13286995500.000,0,-,-,-,-,2869.4000,2869.2000,2869.0000,2868.8000,2868.6000,2869.6000,2869.8000,2870.0000,2870.2000,2870.4000,2,3,6,8,1,1,1,15,1,1
SF,IH2006,2020-06-17 14:13:37.200,2869.6000,17583,1,13287856380.000,1,1,0,双开,B,2869.4000,2869.2000,2869.0000,2868.8000,2868.6000,2869.6000,2869.8000,2870.0000,2870.2000,2870.4000,2,3,6,8,1,1,1,15,1,1
SF,IH2006,2020-06-17 14:13:37.700,2869.6000,17584,1,13288717260.000,1,1,0,双开,B,2869.6000,2869.4000,2869.2000,2869.0000,2868.8000,2869.8000,2870.0000,2870.2000,2870.4000,2870.6000,1,1,3,6,8,2,15,1,1,3
SF,IH2006,2020-06-17 14:13:38.200,2869.4000,17583,-1,13290438960.000,2,0,2,空平,B,2869.2000,2869.0000,2868.8000,2868.6000,2868.4000,2869.6000,2869.8000,2870.0000,2870.2000,2870.4000,3,6,8,1,1,7,2,15,2,1
SF,IH2006,2020-06-17 14:13:38.700,2869.2000,17580,-3,13294743180.000,5,1,4,空平,B,2869.2000,2869.0000,2868.8000,2868.6000,2868.4000,2869.6000,2869.8000,2870.0000,2870.2000,2870.4000,2,6,8,1,1,4,2,15,2,1
SF,IH2006,2020-06-17 14:13:39.200,2869.2000,17579,-1,13295603940.000,1,0,1,双平,B,2869.0000,2868.8000,2868.6000,2868.4000,2868.2000,2869.6000,2869.8000,2870.0000,2870.2000,2870.4000,6,8,1,1,1,4,2,15,2,1
SF,IH2006,2020-06-17 14:13:39.700,2869.2000,17579,0,13295603940.000,0,-,-,-,-,2869.2000,2869.0000,2868.8000,2868.6000,2868.4000,2869.6000,2869.8000,2870.0000,2870.2000,2870.4000,1,6,8,1,1,5,2,15,2,1
SF,IH2006,2020-06-17 14:13:40.200,2869.2000,17579,0,13295603940.000,0,-,-,-,-,2869.2000,2869.0000,2868.8000,2868.6000,2868.4000,2869.6000,2869.8000,2870.0000,2870.2000,2870.4000,1,6,8,1,1,5,2,15,2,1
SF,IH2006,2020-06-17 14:13:40.700,2869.2000,17579,0,13295603940.000,0,-,-,-,-,2869.2000,2869.0000,2868.8000,2868.6000,2868.4000,2869.6000,2869.8000,2870.0000,2870.2000,2870.4000,1,6,8,1,1,5,2,15,2,1
SF,IH2006,2020-06-17 14:13:41.200,2869.2000,17580,1,13297325460.000,2,1,1,多开,B,2869.0000,2868.8000,2868.6000,2868.4000,2868.2000,2869.6000,2869.8000,2870.0000,2870.2000,2870.4000,6,8,1,1,1,5,2,15,2,1
SF,IH2006,2020-06-17 14:13:41.700,2869.2000,17580,0,13297325460.000,0,-,-,-,-,2869.0000,2868.8000,2868.6000,2868.4000,2868.2000,2869.6000,2869.8000,2870.0000,2870.2000,2870.4000,6,8,1,1,1,5,2,15,2,1
SF,IH2006,2020-06-17 14:13:42.200,2869.2000,17580,0,13297325460.000,0,-,-,-,-,2869.0000,2868.8000,2868.6000,2868.4000,2868.2000,2869.6000,2869.8000,2870.0000,2870.2000,2870.4000,6,8,1,1,1,6,3,15,2,1
SF,IH2006,2020-06-17 14:13:42.700,2869.2000,17580,0,13297325460.000,0,-,-,-,-,2869.0000,2868.6000,2868.4000,2868.2000,2868.0000,2869.4000,2869.6000,2869.8000,2870.0000,2870.2000,6,1,1,1,1,1,6,3,15,2
SF,IH2006,2020-06-17 14:13:44.200,2869.4000,17579,-1,13298186280.000,1,0,1,双平,B,2869.0000,2868.6000,2868.4000,2868.2000,2868.0000,2869.6000,2869.8000,2870.0000,2870.2000,2870.4000,6,1,1,1,1,6,3,15,2,1
SF,IH2006,2020-06-17 14:13:44.700,2869.4000,17579,0,13298186280.000,0,-,-,-,-,2869.0000,2868.6000,2868.4000,2868.2000,2868.0000,2869.6000,2869.8000,2870.0000,2870.2000,2870.4000,7,1,1,1,1,7,3,15,3,1
SF,IH2006,2020-06-17 14:13:45.200,2869.4000,17579,0,13298186280.000,0,-,-,-,-,2869.0000,2868.6000,2868.4000,2868.2000,2868.0000,2869.6000,2869.8000,2870.0000,2870.2000,2870.4000,6,1,1,1,1,7,3,15,3,1
SF,IH2006,2020-06-17 14:13:45.700,2869.4000,17579,0,13298186280.000,0,-,-,-,-,2869.0000,2868.6000,2868.4000,2868.2000,2868.0000,2869.6000,2869.8000,2870.0000,2870.2000,2870.4000,6,1,1,1,1,7,3,15,3,1
SF,IH2006,2020-06-17 14:13:46.200,2869.4000,17578,-1,13299047100.000,1,0,1,双平,B,2869.0000,2868.6000,2868.4000,2868.2000,2868.0000,2869.6000,2869.8000,2870.0000,2870.2000,2870.4000,6,1,1,1,1,7,3,15,3,1
SF,IH2006,2020-06-17 14:13:46.700,2869.0000,17578,0,13303350600.000,5,2,3,空换,B,2869.0000,2868.6000,2868.4000,2868.2000,2868.0000,2869.6000,2869.8000,2870.0000,2870.2000,2870.4000,1,1,1,1,1,7,3,8,3,1
SF,IH2006,2020-06-17 14:13:47.200,2869.0000,17578,0,13303350600.000,0,-,-,-,-,2869.0000,2868.6000,2868.4000,2868.2000,2868.0000,2869.4000,2869.6000,2869.8000,2870.0000,2870.2000,2,1,1,1,1,1,8,3,8,3
SF,IH2006,2020-06-17 14:13:47.700,2869.0000,17578,0,13303350600.000,0,-,-,-,-,2869.0000,2868.6000,2868.4000,2868.2000,2868.0000,2869.4000,2869.6000,2869.8000,2870.0000,2870.2000,2,1,1,1,1,1,8,4,8,3
SF,IH2006,2020-06-17 14:13:48.200,2869.0000,17578,0,13303350600.000,0,-,-,-,-,2869.0000,2868.6000,2868.4000,2868.2000,2867.8000,2869.4000,2869.6000,2869.8000,2870.0000,2870.2000,2,1,1,1,1,1,8,4,8,3
SF,IH2006,2020-06-17 14:13:48.700,2869.4000,17577,-1,13304211420.000,1,0,1,双平,B,2869.0000,2868.6000,2868.4000,2868.2000,2868.0000,2869.6000,2869.8000,2870.0000,2870.2000,2870.4000,2,1,1,2,1,8,4,8,3,1
SF,IH2006,2020-06-17 14:13:49.200,2869.4000,17577,0,13304211420.000,0,-,-,-,-,2869.4000,2869.0000,2868.4000,2868.2000,2868.0000,2869.6000,2869.8000,2870.0000,2870.2000,2870.4000,1,3,1,2,1,8,4,8,3,1
SF,IH2006,2020-06-17 14:13:49.700,2869.4000,17578,1,13305072240.000,1,1,0,双开,B,2869.0000,2868.4000,2868.2000,2868.0000,2867.8000,2869.4000,2869.6000,2869.8000,2870.0000,2870.2000,3,1,2,1,1,3,6,4,8,3
SF,IH2006,2020-06-17 14:13:50.200,2869.4000,17580,2,13307654700.000,3,2,1,多开,B,2869.0000,2868.4000,2868.2000,2868.0000,2867.8000,2869.2000,2869.6000,2869.8000,2870.0000,2870.2000,3,1,2,1,1,3,7,4,8,3
SF,IH2006,2020-06-17 14:13:50.700,2869.2000,17580,0,13309376220.000,2,1,1,空换,B,2869.0000,2868.4000,2868.2000,2868.0000,2867.8000,2869.2000,2869.6000,2869.8000,2870.0000,2870.2000,3,1,2,1,1,1,7,4,8,2
SF,IH2006,2020-06-17 14:13:51.200,2869.0000,17581,1,13310236920.000,1,1,0,双开,B,2869.0000,2868.4000,2868.2000,2868.0000,2867.8000,2869.2000,2869.6000,2869.8000,2870.0000,2870.2000,2,1,2,1,1,1,7,4,8,2
SF,IH2006,2020-06-17 14:13:51.700,2869.0000,17581,0,13310236920.000,0,-,-,-,-,2869.0000,2868.6000,2868.4000,2868.2000,2867.8000,2869.2000,2869.6000,2869.8000,2870.0000,2870.2000,2,1,1,2,1,1,7,4,8,2
SF,IH2006,2020-06-17 14:13:52.200,2869.2000,17582,1,13311097680.000,1,1,0,双开,B,2869.0000,2868.6000,2868.4000,2868.2000,2867.8000,2869.4000,2869.6000,2869.8000,2870.0000,2870.2000,2,1,1,1,1,2,7,4,8,2
SF,IH2006,2020-06-17 14:13:52.700,2869.2000,17582,0,13311958440.000,1,0,1,空换,B,2869.0000,2868.6000,2868.4000,2868.2000,2867.8000,2869.2000,2869.4000,2869.6000,2869.8000,2870.0000,2,1,1,1,1,1,3,6,4,8
SF,IH2006,2020-06-17 14:13:53.200,2869.2000,17582,0,13311958440.000,0,-,-,-,-,2869.2000,2869.0000,2868.6000,2868.4000,2868.2000,2869.4000,2869.6000,2869.8000,2870.0000,2870.2000,1,2,1,1,1,3,6,4,8,2
SF,IH2006,2020-06-17 14:13:53.700,2869.2000,17582,0,13312819200.000,1,0,1,空换,B,2869.0000,2868.6000,2868.4000,2868.2000,2868.0000,2869.4000,2869.6000,2869.8000,2870.0000,2870.2000,2,1,1,1,1,2,6,4,8,2
SF,IH2006,2020-06-17 14:13:54.200,2869.2000,17582,0,13312819200.000,0,-,-,-,-,2869.0000,2868.6000,2868.4000,2868.2000,2867.8000,2869.4000,2869.6000,2869.8000,2870.0000,2870.2000,2,1,1,1,1,2,6,4,8,2
SF,IH2006,2020-06-17 14:13:54.700,2869.2000,17583,1,13313679960.000,1,1,0,双开,B,2869.0000,2868.6000,2868.4000,2868.2000,2867.8000,2869.2000,2869.4000,2869.6000,2869.8000,2870.0000,3,1,1,1,1,1,2,6,4,8
SF,IH2006,2020-06-17 14:13:55.200,2869.2000,17586,3,13317984000.000,5,4,1,多开,B,2869.4000,2869.2000,2869.0000,2868.6000,2868.4000,2869.6000,2869.8000,2870.0000,2870.2000,2870.4000,1,17,3,1,1,5,4,8,2,2
SF,IH2006,2020-06-17 14:13:55.700,2869.4000,17585,-1,13319705640.000,2,0,2,空平,B,2869.4000,2869.2000,2869.0000,2868.6000,2868.4000,2869.6000,2869.8000,2870.0000,2870.2000,2870.4000,2,4,3,1,1,5,4,8,2,2
SF,IH2006,2020-06-17 14:13:56.200,2869.4000,17585,0,13321427280.000,2,1,1,空换,B,2869.2000,2869.0000,2868.6000,2868.4000,2868.2000,2869.6000,2869.8000,2870.0000,2870.2000,2870.4000,4,3,1,1,1,5,4,8,2,2
SF,IH2006,2020-06-17 14:13:56.700,2869.4000,17585,0,13321427280.000,0,-,-,-,-,2869.2000,2869.0000,2868.6000,2868.4000,2868.2000,2869.6000,2869.8000,2870.0000,2870.2000,2870.4000,1,3,1,1,1,5,4,8,2,2
SF,IH2006,2020-06-17 14:13:57.200,2869.4000,17585,0,13321427280.000,0,-,-,-,-,2869.2000,2869.0000,2868.6000,2868.4000,2868.2000,2869.6000,2869.8000,2870.0000,2870.2000,2870.4000,2,3,1,1,1,5,4,8,2,1
SF,IH2006,2020-06-17 14:13:57.700,2869.2000,17586,1,13322288040.000,1,1,0,双开,B,2869.2000,2869.0000,2868.6000,2868.4000,2868.2000,2869.6000,2869.8000,2870.0000,2870.2000,2870.4000,1,3,1,1,1,5,5,8,2,1
SF,IH2006,2020-06-17 14:13:58.200,2869.2000,17586,0,13322288040.000,0,-,-,-,-,2869.2000,2869.0000,2868.6000,2868.4000,2868.2000,2869.6000,2869.8000,2870.0000,2870.2000,2870.4000,1,3,1,1,1,6,5,8,2,1
SF,IH2006,2020-06-17 14:13:58.700,2869.6000,17585,-1,13323148920.000,1,0,1,双平,B,2869.2000,2869.0000,2868.6000,2868.4000,2868.2000,2869.6000,2869.8000,2870.0000,2870.2000,2870.4000,1,3,1,1,1,5,5,8,2,1
SF,IH2006,2020-06-17 14:13:59.200,2869.6000,17582,-3,13326592440.000,4,0,4,空平,B,2869.2000,2869.0000,2868.6000,2868.4000,2868.2000,2869.6000,2869.8000,2870.0000,2870.2000,2870.4000,1,3,1,1,1,1,5,8,2,1
SF,IH2006,2020-06-17 14:13:59.700,2869.8000,17581,-1,13328314260.000,2,0,2,空平,B,2869.4000,2869.2000,2869.0000,2868.6000,2868.4000,2869.8000,2870.0000,2870.2000,2870.4000,2870.6000,1,1,3,1,1,4,8,2,1,2
SF,IH2006,2020-06-17 14:14:00.200,2869.8000,17579,-2,13330036140.000,2,0,2,双平,B,2869.6000,2869.4000,2869.2000,2869.0000,2868.6000,2869.8000,2870.0000,2870.2000,2870.4000,2870.6000,1,3,1,4,1,2,8,2,1,2
SF,IH2006,2020-06-17 14:14:00.700,2869.6000,17579,0,13332618840.000,3,1,2,空换,B,2869.6000,2869.4000,2869.2000,2869.0000,2868.6000,2869.8000,2870.0000,2870.2000,2870.4000,2870.6000,1,3,1,4,1,1,8,2,1,2
SF,IH2006,2020-06-17 14:14:01.200,2870.0000,17578,-1,13334340780.000,2,0,2,空平,B,2869.6000,2869.4000,2869.2000,2869.0000,2868.6000,2870.0000,2870.2000,2870.4000,2870.6000,2870.8000,1,2,1,3,1,7,2,1,2,3
SF,IH2006,2020-06-17 14:14:01.700,2870.2000,17576,-2,13342950960.000,10,4,6,空平,B,2870.2000,2870.0000,2869.8000,2869.6000,2869.4000,2870.4000,2870.6000,2870.8000,2871.0000,2871.4000,1,1,1,2,2,1,2,3,3,2
SF,IH2006,2020-06-17 14:14:02.200,2870.0000,17574,-2,13346395080.000,4,1,3,空平,B,2869.8000,2869.6000,2869.4000,2869.2000,2869.0000,2870.2000,2870.4000,2870.6000,2870.8000,2871.0000,1,2,3,1,3,8,1,2,3,3
SF,IH2006,2020-06-17 14:14:02.700,2870.2000,17574,0,13347256140.000,1,0,1,空换,B,2869.8000,2869.6000,2869.4000,2869.2000,2869.0000,2870.2000,2870.4000,2870.6000,2870.8000,2871.0000,1,1,3,1,3,5,1,2,4,3
SF,IH2006,2020-06-17 14:14:03.200,2870.2000,17572,-2,13348978260.000,2,0,2,双平,B,2870.0000,2869.8000,2869.6000,2869.4000,2869.2000,2870.2000,2870.4000,2870.6000,2870.8000,2871.0000,1,1,1,3,1,3,1,2,4,3
SF,IH2006,2020-06-17 14:14:03.700,2869.8000,17571,-1,13351561260.000,3,1,2,空平,B,2869.6000,2869.4000,2869.2000,2869.0000,2868.6000,2870.2000,2870.4000,2870.6000,2870.8000,2871.0000,1,3,1,3,1,2,1,2,4,3
SF,IH2006,2020-06-17 14:14:04.200,2870.2000,17569,-2,13353283380.000,2,0,2,双平,B,2869.6000,2869.4000,2869.2000,2869.0000,2868.6000,2870.2000,2870.4000,2870.6000,2870.8000,2871.0000,1,3,1,3,1,1,1,2,4,3
SF,IH2006,2020-06-17 14:14:04.700,2870.2000,17568,-1,13354144440.000,1,0,1,双平,B,2869.6000,2869.4000,2869.2000,2869.0000,2868.6000,2870.6000,2870.8000,2871.0000,2871.4000,2871.8000,1,3,1,3,1,2,4,3,3,1
SF,IH2006,2020-06-17 14:14:05.200,2869.8000,17567,-1,13355866500.000,2,0,2,空平,B,2869.6000,2869.4000,2869.2000,2869.0000,2868.6000,2870.2000,2870.4000,2870.6000,2870.8000,2871.0000,5,2,1,3,1,1,3,2,4,3
SF,IH2006,2020-06-17 14:14:05.700,2869.8000,17567,0,13355866500.000,0,-,-,-,-,2869.6000,2869.4000,2869.2000,2869.0000,2868.6000,2870.2000,2870.4000,2870.6000,2870.8000,2871.0000,2,2,1,3,1,1,4,2,4,3
SF,IH2006,2020-06-17 14:14:06.200,2869.8000,17567,0,13355866500.000,0,-,-,-,-,2869.6000,2869.4000,2869.2000,2869.0000,2868.6000,2870.2000,2870.4000,2870.6000,2870.8000,2871.0000,2,2,1,3,1,3,4,2,4,3
SF,IH2006,2020-06-17 14:14:06.700,2869.8000,17567,0,13355866500.000,0,-,-,-,-,2869.6000,2869.4000,2869.2000,2869.0000,2868.6000,2870.2000,2870.4000,2870.6000,2870.8000,2871.0000,2,2,1,3,1,3,3,2,4,3
SF,IH2006,2020-06-17 14:14:07.200,2869.8000,17567,0,13355866500.000,0,-,-,-,-,2869.8000,2869.6000,2869.4000,2869.2000,2869.0000,2870.2000,2870.4000,2870.6000,2870.8000,2871.0000,1,2,2,1,3,3,3,2,4,3
SF,IH2006,2020-06-17 14:14:07.700,2869.8000,17568,1,13356727440.000,1,1,0,双开,B,2869.6000,2869.4000,2869.2000,2869.0000,2868.6000,2870.0000,2870.2000,2870.4000,2870.6000,2870.8000,2,2,1,3,1,2,3,1,2,5
SF,IH2006,2020-06-17 14:14:08.200,2870.0000,17569,1,13357588440.000,1,1,0,双开,B,2869.6000,2869.4000,2869.2000,2869.0000,2868.6000,2870.0000,2870.2000,2870.4000,2870.6000,2870.8000,2,2,2,3,1,1,3,1,2,5
SF,IH2006,2020-06-17 14:14:08.700,2870.0000,17569,0,13357588440.000,0,-,-,-,-,2869.6000,2869.4000,2869.2000,2869.0000,2868.6000,2870.0000,2870.2000,2870.6000,2870.8000,2871.0000,2,1,2,3,1,1,3,2,5,3
SF,IH2006,2020-06-17 14:14:09.200,2870.2000,17568,-1,13361032380.000,4,1,3,空平,B,2869.6000,2869.4000,2869.2000,2869.0000,2868.6000,2869.8000,2870.2000,2870.6000,2870.8000,2871.0000,1,1,2,3,1,1,2,2,5,3
SF,IH2006,2020-06-17 14:14:09.700,2870.2000,17568,0,13361032380.000,0,-,-,-,-,2869.4000,2869.2000,2869.0000,2868.6000,2868.4000,2869.8000,2870.2000,2870.6000,2870.8000,2871.0000,1,2,3,1,1,2,2,2,5,3
SF,IH2006,2020-06-17 14:14:10.200,2869.4000,17569,1,13361893200.000,1,1,0,双开,B,2869.2000,2869.0000,2868.6000,2868.4000,2868.2000,2869.4000,2869.6000,2869.8000,2870.2000,2870.6000,2,3,1,1,1,2,2,2,2,2
SF,IH2006,2020-06-17 14:14:10.700,2869.2000,17570,1,13363614720.000,2,1,1,多开,B,2869.0000,2868.6000,2868.4000,2868.2000,2867.8000,2869.4000,2869.6000,2869.8000,2870.2000,2870.6000,3,1,1,1,1,1,4,2,2,2
SF,IH2006,2020-06-17 14:14:11.200,2869.2000,17570,0,13363614720.000,0,-,-,-,-,2869.0000,2868.6000,2868.4000,2868.2000,2868.0000,2869.2000,2869.4000,2869.6000,2869.8000,2870.2000,3,1,1,1,1,1,1,4,2,2
SF,IH2006,2020-06-17 14:14:11.700,2869.0000,17570,0,13364475420.000,1,0,1,空换,B,2869.0000,2868.6000,2868.4000,2868.2000,2868.0000,2869.2000,2869.4000,2869.6000,2869.8000,2870.0000,2,1,1,2,1,1,1,4,2,1
SF,IH2006,2020-06-17 14:14:12.200,2869.0000,17568,-2,13367918280.000,4,1,3,空平,B,2868.6000,2868.4000,2868.2000,2867.8000,2867.0000,2869.4000,2869.6000,2869.8000,2870.0000,2870.2000,1,1,2,1,9,1,4,2,1,2
SF,IH2006,2020-06-17 14:14:12.700,2869.0000,17568,0,13367918280.000,0,-,-,-,-,2868.6000,2868.4000,2868.2000,2867.8000,2867.0000,2869.0000,2869.2000,2869.4000,2869.6000,2869.8000,2,1,3,1,9,5,1,2,4,1
SF,IH2006,2020-06-17 14:14:13.200,2869.0000,17568,0,13367918280.000,0,-,-,-,-,2868.4000,2868.2000,2867.8000,2867.0000,2866.8000,2868.8000,2869.0000,2869.2000,2869.4000,2869.6000,1,3,1,9,4,1,5,1,2,3
SF,IH2006,2020-06-17 14:14:13.700,2869.0000,17568,0,13367918280.000,0,-,-,-,-,2868.4000,2868.2000,2867.8000,2867.0000,2866.8000,2869.0000,2869.2000,2869.4000,2869.6000,2869.8000,2,4,2,9,4,5,1,2,2,1
SF,IH2006,2020-06-17 14:14:14.200,2869.0000,17568,0,13368778980.000,1,0,1,空换,B,2868.6000,2868.4000,2868.2000,2867.8000,2867.0000,2869.0000,2869.2000,2869.4000,2869.6000,2869.8000,2,2,5,1,9,5,1,2,2,1
SF,IH2006,2020-06-17 14:14:14.700,2869.0000,17568,0,13368778980.000,0,-,-,-,-,2868.6000,2868.4000,2868.2000,2867.8000,2867.0000,2868.8000,2869.0000,2869.2000,2869.4000,2869.6000,3,2,5,1,9,1,5,1,2,2
SF,IH2006,2020-06-17 14:14:15.200,2868.8000,17568,0,13369639620.000,1,0,1,空换,B,2868.8000,2868.6000,2868.4000,2868.2000,2867.8000,2869.0000,2869.2000,2869.4000,2869.6000,2870.0000,1,3,2,5,1,5,1,2,2,1
SF,IH2006,2020-06-17 14:14:15.700,2869.0000,17567,-1,13370500320.000,1,0,1,双平,B,2868.8000,2868.6000,2868.4000,2868.2000,2867.8000,2869.0000,2869.2000,2869.4000,2869.6000,2870.0000,4,3,2,5,1,4,1,2,2,2
SF,IH2006,2020-06-17 14:14:16.200,2869.0000,17567,0,13370500320.000,0,-,-,-,-,2868.8000,2868.6000,2868.4000,2868.2000,2867.8000,2869.0000,2869.2000,2869.4000,2869.6000,2870.0000,4,2,2,5,1,4,1,1,2,2
SF,IH2006,2020-06-17 14:14:16.700,2869.0000,17567,0,13370500320.000,0,-,-,-,-,2868.8000,2868.6000,2868.4000,2868.2000,2867.8000,2869.0000,2869.2000,2869.4000,2869.6000,2870.0000,4,2,2,5,1,5,1,1,2,2
SF,IH2006,2020-06-17 14:14:17.200,2869.0000,17566,-1,13371361020.000,1,0,1,双平,B,2868.6000,2868.4000,2868.2000,2867.8000,2867.0000,2869.0000,2869.2000,2869.4000,2869.6000,2870.0000,2,2,5,1,9,4,1,1,3,2
SF,IH2006,2020-06-17 14:14:17.700,2869.0000,17566,0,13371361020.000,0,-,-,-,-,2868.6000,2868.4000,2868.2000,2867.8000,2867.0000,2869.0000,2869.2000,2869.4000,2869.6000,2870.0000,2,2,5,1,9,4,1,1,1,2
SF,IH2006,2020-06-17 14:14:18.200,2869.0000,17566,0,13371361020.000,0,-,-,-,-,2868.6000,2868.4000,2868.2000,2867.8000,2867.0000,2869.0000,2869.2000,2869.4000,2869.6000,2870.0000,2,2,5,1,8,4,1,1,1,2
SF,IH2006,2020-06-17 14:14:19.200,2869.0000,17566,0,13371361020.000,0,-,-,-,-,2868.6000,2868.4000,2868.2000,2867.8000,2867.0000,2869.0000,2869.2000,2869.4000,2869.6000,2870.0000,2,2,5,1,8,4,1,1,1,2
SF,IH2006,2020-06-17 14:14:21.700,2869.0000,17566,0,13371361020.000,0,-,-,-,-,2868.6000,2868.4000,2868.2000,2867.8000,2867.0000,2869.0000,2869.2000,2869.4000,2869.6000,2870.0000,2,2,5,1,8,4,1,1,1,2
SF,IH2006,2020-06-17 14:14:22.700,2868.6000,17565,-1,13372221600.000,1,0,1,双平,B,2868.6000,2868.4000,2868.2000,2867.8000,2867.0000,2869.0000,2869.2000,2869.4000,2869.6000,2870.0000,2,2,5,2,8,4,2,1,1,2
SF,IH2006,2020-06-17 14:14:23.200,2868.6000,17565,0,13372221600.000,0,-,-,-,-,2868.6000,2868.4000,2868.2000,2867.8000,2867.0000,2869.0000,2869.2000,2869.4000,2869.6000,2870.0000,2,2,5,2,8,5,2,1,1,2
SF,IH2006,2020-06-17 14:14:23.700,2868.6000,17565,0,13372221600.000,0,-,-,-,-,2868.6000,2868.4000,2868.2000,2867.8000,2867.0000,2868.8000,2869.0000,2869.2000,2869.4000,2869.6000,2,2,5,2,11,1,5,1,1,1
SF,IH2006,2020-06-17 14:14:25.200,2868.6000,17565,0,13372221600.000,0,-,-,-,-,2868.6000,2868.4000,2868.2000,2867.8000,2867.0000,2868.8000,2869.0000,2869.2000,2869.4000,2869.6000,2,2,5,2,11,1,5,1,1,1
SF,IH2006,2020-06-17 14:14:25.700,2868.6000,17563,-2,13374803400.000,3,0,3,空平,B,2868.4000,2868.2000,2867.8000,2867.0000,2866.8000,2869.0000,2869.2000,2869.4000,2869.6000,2870.0000,2,5,2,11,4,5,1,1,1,3
SF,IH2006,2020-06-17 14:14:26.200,2868.6000,17563,0,13374803400.000,0,-,-,-,-,2868.4000,2868.2000,2867.8000,2867.0000,2866.8000,2869.0000,2869.2000,2869.4000,2869.6000,2870.0000,3,5,2,11,4,5,1,1,1,3
SF,IH2006,2020-06-17 14:14:27.700,2868.6000,17563,0,13374803400.000,0,-,-,-,-,2868.4000,2868.2000,2867.8000,2867.0000,2866.8000,2869.0000,2869.2000,2869.4000,2869.6000,2870.0000,3,5,2,11,4,5,2,1,1,3
SF,IH2006,2020-06-17 14:14:28.200,2868.6000,17563,0,13374803400.000,0,-,-,-,-,2868.4000,2868.2000,2867.8000,2867.0000,2866.8000,2869.0000,2869.2000,2869.4000,2869.6000,2870.0000,3,5,2,11,4,5,2,1,1,3
SF,IH2006,2020-06-17 14:14:28.700,2868.6000,17563,0,13374803400.000,0,-,-,-,-,2868.6000,2868.4000,2868.2000,2867.8000,2867.4000,2869.0000,2869.2000,2869.4000,2869.6000,2870.0000,1,3,5,2,1,5,2,1,1,3
SF,IH2006,2020-06-17 14:14:29.200,2868.6000,17563,0,13374803400.000,0,-,-,-,-,2868.6000,2868.4000,2868.2000,2867.8000,2867.4000,2869.0000,2869.2000,2869.4000,2869.6000,2870.0000,1,3,5,2,1,4,2,1,1,3
SF,IH2006,2020-06-17 14:14:29.700,2868.6000,17563,0,13374803400.000,0,-,-,-,-,2868.6000,2868.4000,2868.2000,2867.8000,2867.4000,2869.0000,2869.2000,2869.4000,2869.6000,2870.0000,2,2,5,2,1,4,2,1,1,3
SF,IH2006,2020-06-17 14:14:30.200,2868.6000,17561,-2,13376524560.000,2,0,2,双平,B,2868.4000,2868.2000,2867.8000,2867.4000,2867.0000,2869.0000,2869.2000,2869.4000,2869.6000,2870.0000,2,5,2,1,12,4,2,1,1,3
SF,IH2006,2020-06-17 14:14:30.700,2869.0000,17560,-1,13377385260.000,1,0,1,双平,B,2868.6000,2868.4000,2868.2000,2867.8000,2867.4000,2869.0000,2869.2000,2869.4000,2869.6000,2870.0000,1,2,5,2,1,3,2,1,1,3
SF,IH2006,2020-06-17 14:14:32.200,2869.0000,17560,0,13377385260.000,0,-,-,-,-,2868.6000,2868.4000,2868.2000,2867.8000,2867.4000,2869.0000,2869.2000,2869.4000,2869.6000,2870.0000,2,2,5,2,1,3,2,1,1,3
SF,IH2006,2020-06-17 14:14:32.700,2869.0000,17560,0,13377385260.000,0,-,-,-,-,2868.6000,2868.4000,2868.2000,2867.8000,2867.4000,2869.0000,2869.2000,2869.4000,2869.6000,2870.0000,2,2,5,2,1,4,2,1,1,3
SF,IH2006,2020-06-17 14:14:33.200,2868.6000,17559,-1,13379967240.000,3,1,2,空平,B,2868.8000,2868.6000,2868.4000,2868.2000,2867.8000,2869.0000,2869.2000,2869.4000,2869.6000,2870.0000,3,1,2,5,2,2,2,1,1,3
SF,IH2006,2020-06-17 14:14:33.700,2869.2000,17560,1,13382549400.000,3,2,1,多开,B,2868.8000,2868.6000,2868.4000,2868.2000,2867.8000,2869.2000,2869.4000,2869.6000,2870.0000,2870.2000,3,1,2,5,2,1,1,1,3,2
SF,IH2006,2020-06-17 14:14:34.200,2869.0000,17560,0,13385131680.000,3,1,2,空换,B,2869.0000,2868.8000,2868.6000,2868.4000,2868.2000,2869.6000,2870.0000,2870.2000,2870.6000,2870.8000,3,3,1,1,5,1,3,2,2,5
SF,IH2006,2020-06-17 14:14:34.700,2869.0000,17560,0,13385131680.000,0,-,-,-,-,2869.0000,2868.8000,2868.6000,2868.4000,2868.2000,2869.2000,2869.4000,2869.6000,2869.8000,2870.0000,1,3,1,1,5,1,1,2,1,3
SF,IH2006,2020-06-17 14:14:35.200,2869.0000,17560,0,13385131680.000,0,-,-,-,-,2869.0000,2868.8000,2868.6000,2868.4000,2868.2000,2869.4000,2869.6000,2869.8000,2870.0000,2870.2000,1,3,1,1,5,1,2,1,3,2
SF,IH2006,2020-06-17 14:14:35.700,2869.0000,17560,0,13385131680.000,0,-,-,-,-,2869.0000,2868.8000,2868.6000,2868.4000,2868.2000,2869.4000,2869.6000,2869.8000,2870.0000,2870.2000,1,3,1,1,5,2,2,1,3,2
SF,IH2006,2020-06-17 14:14:36.700,2869.0000,17561,1,13385992380.000,1,1,0,双开,B,2868.8000,2868.6000,2868.4000,2868.2000,2867.8000,2869.4000,2869.6000,2869.8000,2870.0000,2870.2000,3,1,1,5,2,2,2,1,3,2
SF,IH2006,2020-06-17 14:14:37.200,2868.8000,17561,0,13386853020.000,1,0,1,空换,B,2868.8000,2868.6000,2868.4000,2868.2000,2867.8000,2869.4000,2869.6000,2869.8000,2870.0000,2870.2000,3,1,1,5,2,2,2,1,3,2
SF,IH2006,2020-06-17 14:14:37.700,2868.8000,17561,0,13386853020.000,0,-,-,-,-,2869.0000,2868.8000,2868.6000,2868.4000,2868.2000,2869.4000,2869.6000,2869.8000,2870.0000,2870.2000,1,3,1,1,5,2,2,1,3,2
SF,IH2006,2020-06-17 14:14:38.700,2869.0000,17562,1,13387713720.000,1,1,0,双开,B,2868.8000,2868.6000,2868.4000,2868.2000,2867.8000,2869.4000,2869.6000,2869.8000,2870.0000,2870.2000,2,1,1,5,2,2,2,1,3,2
SF,IH2006,2020-06-17 14:14:40.700,2868.8000,17560,-2,13389435000.000,2,0,2,双平,B,2868.6000,2868.4000,2868.2000,2867.8000,2867.6000,2868.8000,2869.2000,2869.4000,2869.6000,2869.8000,1,1,5,2,1,2,1,2,2,1
SF,IH2006,2020-06-17 14:14:41.200,2868.8000,17560,0,13389435000.000,0,-,-,-,-,2868.6000,2868.4000,2868.2000,2867.8000,2867.6000,2868.8000,2869.2000,2869.4000,2869.6000,2869.8000,2,1,5,2,1,2,1,2,2,1
SF,IH2006,2020-06-17 14:14:41.700,2868.8000,17560,0,13391156280.000,2,1,1,空换,B,2868.8000,2868.6000,2868.4000,2868.2000,2867.8000,2869.2000,2869.4000,2869.6000,2869.8000,2870.0000,2,2,1,5,2,1,2,2,1,3
SF,IH2006,2020-06-17 14:14:42.200,2868.8000,17560,0,13392877560.000,2,1,1,空换,B,2869.0000,2868.6000,2868.4000,2868.2000,2867.8000,2869.2000,2869.4000,2869.6000,2869.8000,2870.0000,8,2,1,5,2,2,2,2,2,3
SF,IH2006,2020-06-17 14:14:42.700,2869.0000,17561,1,13396320360.000,4,2,2,多开,B,2869.0000,2868.8000,2868.6000,2868.4000,2868.2000,2869.2000,2869.4000,2869.6000,2869.8000,2870.0000,4,3,2,1,5,2,2,2,2,3
SF,IH2006,2020-06-17 14:14:43.200,2869.0000,17565,4,13399763160.000,4,4,0,双开,B,2868.8000,2868.6000,2868.4000,2868.2000,2867.8000,2869.2000,2869.4000,2869.6000,2869.8000,2870.0000,3,2,1,5,2,2,2,2,2,3
SF,IH2006,2020-06-17 14:14:44.200,2869.0000,17565,0,13399763160.000,0,-,-,-,-,2868.8000,2868.6000,2868.4000,2868.2000,2867.8000,2869.2000,2869.4000,2869.6000,2869.8000,2870.0000,3,1,1,5,2,2,2,2,2,3
SF,IH2006,2020-06-17 14:14:44.700,2869.0000,17565,0,13399763160.000,0,-,-,-,-,2868.8000,2868.6000,2868.4000,2868.2000,2867.8000,2869.2000,2869.4000,2869.6000,2869.8000,2870.0000,7,1,1,5,2,10,2,2,2,3
SF,IH2006,2020-06-17 14:14:45.700,2869.0000,17565,0,13399763160.000,0,-,-,-,-,2868.8000,2868.6000,2868.4000,2868.2000,2867.8000,2869.2000,2869.4000,2869.6000,2869.8000,2870.0000,7,1,1,4,2,10,2,2,2,3
SF,IH2006,2020-06-17 14:14:46.200,2869.0000,17565,0,13399763160.000,0,-,-,-,-,2868.8000,2868.6000,2868.4000,2868.2000,2867.8000,2869.2000,2869.4000,2869.6000,2869.8000,2870.0000,7,1,1,4,2,10,1,2,2,3
SF,IH2006,2020-06-17 14:14:46.700,2868.8000,17565,0,13400623800.000,1,0,1,空换,B,2868.8000,2868.6000,2868.4000,2868.2000,2867.8000,2869.0000,2869.2000,2869.4000,2869.6000,2869.8000,7,1,1,4,2,1,10,1,2,2
SF,IH2006,2020-06-17 14:14:47.200,2868.8000,17565,0,13400623800.000,0,-,-,-,-,2868.8000,2868.6000,2868.4000,2868.2000,2867.8000,2869.0000,2869.2000,2869.4000,2869.6000,2869.8000,7,1,1,2,2,1,10,1,2,2
SF,IH2006,2020-06-17 14:14:47.700,2868.8000,17565,0,13400623800.000,0,-,-,-,-,2868.8000,2868.6000,2868.4000,2868.2000,2867.8000,2869.0000,2869.2000,2869.4000,2869.6000,2869.8000,7,1,1,2,2,2,10,2,2,2
SF,IH2006,2020-06-17 14:14:48.200,2868.8000,17565,0,13400623800.000,0,-,-,-,-,2868.8000,2868.6000,2868.4000,2868.2000,2867.8000,2869.0000,2869.2000,2869.4000,2869.6000,2869.8000,7,1,1,2,2,3,10,2,1,2
SF,IH2006,2020-06-17 14:14:49.200,2869.0000,17565,0,13401484500.000,1,0,1,空换,B,2868.8000,2868.6000,2868.4000,2868.2000,2867.8000,2869.0000,2869.2000,2869.4000,2869.6000,2869.8000,7,1,1,2,2,3,10,2,1,2
SF,IH2006,2020-06-17 14:14:49.700,2868.8000,17565,0,13402345140.000,1,0,1,空换,B,2868.8000,2868.6000,2868.4000,2868.2000,2867.8000,2869.0000,2869.2000,2869.4000,2869.6000,2869.8000,6,1,1,2,2,3,10,2,1,2
SF,IH2006,2020-06-17 14:14:50.200,2868.8000,17564,-1,13407508980.000,6,2,4,空平,B,2868.6000,2868.4000,2868.2000,2867.8000,2867.6000,2869.0000,2869.2000,2869.4000,2869.6000,2869.8000,1,1,2,2,1,2,9,1,1,2
SF,IH2006,2020-06-17 14:14:50.700,2868.8000,17564,0,13407508980.000,0,-,-,-,-,2868.6000,2868.4000,2868.2000,2867.8000,2867.6000,2868.8000,2869.0000,2869.2000,2869.4000,2869.6000,1,1,2,2,1,1,1,9,1,1
SF,IH2006,2020-06-17 14:14:52.200,2868.8000,17564,0,13407508980.000,0,-,-,-,-,2868.6000,2868.4000,2868.2000,2867.8000,2867.6000,2868.8000,2869.0000,2869.2000,2869.4000,2869.6000,1,1,2,2,1,1,2,9,1,1
SF,IH2006,2020-06-17 14:14:52.700,2868.8000,17565,1,13408369620.000,1,1,0,双开,B,2868.6000,2868.4000,2868.2000,2867.8000,2867.6000,2868.8000,2869.0000,2869.2000,2869.4000,2869.6000,1,1,2,2,1,2,2,9,1,1
SF,IH2006,2020-06-17 14:14:53.200,2868.6000,17564,-1,13410951480.000,3,1,2,空平,B,2868.4000,2868.2000,2867.8000,2867.6000,2867.4000,2868.6000,2869.0000,2869.2000,2869.4000,2869.6000,1,2,2,1,1,1,2,9,1,1
SF,IH2006,2020-06-17 14:14:53.700,2868.6000,17564,0,13411812060.000,1,0,1,空换,B,2868.6000,2868.4000,2868.2000,2867.8000,2867.6000,2869.0000,2869.2000,2869.4000,2869.6000,2869.8000,2,1,2,2,1,2,9,1,1,2
SF,IH2006,2020-06-17 14:14:54.200,2869.0000,17564,0,13412672760.000,1,0,1,空换,B,2868.6000,2868.4000,2868.2000,2867.8000,2867.6000,2869.0000,2869.2000,2869.4000,2869.6000,2869.8000,1,1,2,2,1,1,9,1,1,2
SF,IH2006,2020-06-17 14:14:54.700,2869.0000,17564,0,13412672760.000,0,-,-,-,-,2868.6000,2868.4000,2868.2000,2867.8000,2867.6000,2869.0000,2869.2000,2869.4000,2869.6000,2869.8000,3,1,2,2,1,1,9,1,1,2
SF,IH2006,2020-06-17 14:14:55.200,2869.0000,17564,0,13412672760.000,0,-,-,-,-,2868.8000,2868.6000,2868.4000,2868.2000,2867.8000,2869.0000,2869.2000,2869.4000,2869.6000,2869.8000,1,4,1,2,2,1,9,1,1,2
SF,IH2006,2020-06-17 14:14:55.700,2869.0000,17564,0,13412672760.000,0,-,-,-,-,2868.8000,2868.6000,2868.4000,2868.2000,2867.8000,2869.0000,2869.2000,2869.4000,2869.6000,2869.8000,3,3,1,2,2,1,9,1,1,2
SF,IH2006,2020-06-17 14:14:56.200,2869.0000,17564,0,13412672760.000,0,-,-,-,-,2868.8000,2868.6000,2868.4000,2868.2000,2867.8000,2869.0000,2869.2000,2869.4000,2869.6000,2869.8000,2,4,1,2,2,3,9,1,1,2
SF,IH2006,2020-06-17 14:14:56.700,2869.0000,17563,-1,13413533460.000,1,0,1,双平,B,2868.8000,2868.6000,2868.4000,2868.2000,2867.8000,2869.0000,2869.2000,2869.4000,2869.6000,2869.8000,3,4,1,2,2,2,9,1,1,2
SF,IH2006,2020-06-17 14:14:57.200,2869.0000,17563,0,13414394160.000,1,0,1,空换,B,2868.8000,2868.6000,2868.4000,2868.2000,2867.8000,2869.0000,2869.2000,2869.4000,2869.6000,2869.8000,3,4,1,2,2,1,9,1,1,2
SF,IH2006,2020-06-17 14:14:57.700,2869.0000,17563,0,13414394160.000,0,-,-,-,-,2868.8000,2868.6000,2868.4000,2868.2000,2867.8000,2869.0000,2869.2000,2869.4000,2869.6000,2869.8000,3,4,2,2,2,1,9,1,1,2
SF,IH2006,2020-06-17 14:14:58.200,2869.0000,17561,-2,13416115560.000,2,0,2,双平,B,2868.8000,2868.6000,2868.4000,2868.2000,2867.8000,2869.2000,2869.4000,2869.6000,2869.8000,2870.0000,3,4,2,2,2,9,1,1,2,3
SF,IH2006,2020-06-17 14:14:58.700,2869.0000,17561,0,13416115560.000,0,-,-,-,-,2868.8000,2868.6000,2868.4000,2868.2000,2867.8000,2869.2000,2869.4000,2869.6000,2869.8000,2870.0000,3,4,2,2,2,9,1,1,2,3
SF,IH2006,2020-06-17 14:14:59.200,2869.2000,17560,-1,13419558600.000,4,1,3,空平,B,2868.8000,2868.6000,2868.4000,2868.2000,2867.8000,2869.2000,2869.4000,2869.8000,2870.0000,2870.2000,3,4,2,2,2,5,1,2,2,1
SF,IH2006,2020-06-17 14:14:59.700,2869.2000,17560,0,13421280120.000,2,1,1,空换,B,2868.8000,2868.6000,2868.4000,2868.2000,2867.8000,2869.2000,2869.4000,2869.8000,2870.0000,2870.2000,4,4,2,2,2,3,1,2,2,1
SF,IH2006,2020-06-17 14:15:00.200,2869.2000,17560,0,13423862280.000,3,1,2,空换,B,2868.8000,2868.6000,2868.4000,2868.2000,2867.8000,2869.2000,2869.4000,2869.8000,2870.0000,2870.2000,3,4,2,2,2,1,1,2,2,1
SF,IH2006,2020-06-17 14:15:00.700,2868.8000,17562,2,13427305140.000,4,3,1,多开,B,2868.8000,2868.6000,2868.4000,2868.2000,2867.8000,2869.8000,2870.0000,2870.2000,2870.6000,2870.8000,2,4,2,2,2,2,2,1,2,5
SF,IH2006,2020-06-17 14:15:01.200,2868.8000,17562,0,13427305140.000,0,-,-,-,-,2869.4000,2869.2000,2869.0000,2868.8000,2868.6000,2869.6000,2869.8000,2870.0000,2870.2000,2870.6000,3,1,11,2,3,1,2,3,1,2
SF,IH2006,2020-06-17 14:15:01.700,2869.4000,17559,-3,13432470120.000,6,1,5,空平,B,2869.2000,2869.0000,2868.8000,2868.6000,2868.4000,2869.4000,2869.8000,2870.0000,2870.2000,2870.6000,1,13,1,3,2,2,2,3,1,2
SF,IH2006,2020-06-17 14:15:02.200,2869.2000,17559,0,13433330880.000,1,0,1,空换,B,2869.0000,2868.8000,2868.6000,2868.4000,2868.2000,2869.4000,2869.8000,2870.0000,2870.2000,2870.6000,13,1,3,2,2,2,2,3,1,2
SF,IH2006,2020-06-17 14:15:02.700,2869.2000,17559,0,13433330880.000,0,-,-,-,-,2869.0000,2868.8000,2868.6000,2868.4000,2868.2000,2869.4000,2869.8000,2870.0000,2870.2000,2870.6000,12,1,3,2,2,2,2,3,1,2
SF,IH2006,2020-06-17 14:15:03.200,2869.2000,17559,0,13433330880.000,0,-,-,-,-,2869.0000,2868.8000,2868.6000,2868.4000,2868.2000,2869.4000,2869.8000,2870.0000,2870.2000,2870.6000,3,1,3,2,2,2,2,3,1,2
SF,IH2006,2020-06-17 14:15:03.700,2869.2000,17559,0,13433330880.000,0,-,-,-,-,2869.0000,2868.8000,2868.6000,2868.4000,2868.2000,2869.4000,2869.8000,2870.0000,2870.2000,2870.6000,4,1,4,2,2,2,2,5,1,2
SF,IH2006,2020-06-17 14:15:06.200,2869.2000,17559,0,13433330880.000,0,-,-,-,-,2869.0000,2868.8000,2868.6000,2868.4000,2868.2000,2869.4000,2869.8000,2870.0000,2870.2000,2870.6000,4,1,4,2,2,2,2,5,1,2
SF,IH2006,2020-06-17 14:15:06.700,2869.2000,17559,0,13433330880.000,0,-,-,-,-,2869.0000,2868.8000,2868.6000,2868.4000,2868.2000,2869.4000,2869.8000,2870.0000,2870.2000,2870.6000,6,1,4,2,2,2,2,5,1,2
SF,IH2006,2020-06-17 14:15:07.200,2869.2000,17559,0,13433330880.000,0,-,-,-,-,2869.0000,2868.8000,2868.6000,2868.4000,2868.2000,2869.4000,2869.6000,2869.8000,2870.0000,2870.2000,6,1,4,2,2,3,1,2,5,2
SF,IH2006,2020-06-17 14:15:08.200,2869.2000,17559,0,13433330880.000,0,-,-,-,-,2869.2000,2869.0000,2868.8000,2868.6000,2868.4000,2869.4000,2869.6000,2869.8000,2870.0000,2870.2000,2,4,1,4,2,3,1,2,5,2
SF,IH2006,2020-06-17 14:15:08.700,2869.2000,17559,0,13433330880.000,0,-,-,-,-,2869.2000,2869.0000,2868.8000,2868.6000,2868.4000,2869.4000,2869.6000,2869.8000,2870.0000,2870.2000,2,4,1,4,2,2,1,2,5,2
SF,IH2006,2020-06-17 14:15:09.200,2869.2000,17559,0,13435052400.000,2,1,1,空换,B,2869.0000,2868.8000,2868.6000,2868.4000,2868.2000,2869.4000,2869.6000,2869.8000,2870.0000,2870.2000,4,1,4,2,2,2,1,2,5,2
SF,IH2006,2020-06-17 14:15:09.700,2869.2000,17559,0,13435052400.000,0,-,-,-,-,2869.0000,2868.8000,2868.6000,2868.4000,2868.2000,2869.4000,2869.6000,2869.8000,2870.0000,2870.2000,4,1,4,2,2,3,1,2,5,2
SF,IH2006,2020-06-17 14:15:11.700,2869.0000,17559,0,13435913100.000,1,0,1,空换,B,2869.0000,2868.8000,2868.6000,2868.4000,2868.2000,2869.4000,2869.6000,2869.8000,2870.0000,2870.2000,3,1,4,2,2,3,1,2,7,2
SF,IH2006,2020-06-17 14:15:12.200,2869.0000,17559,0,13435913100.000,0,-,-,-,-,2869.0000,2868.6000,2868.4000,2868.2000,2867.8000,2869.2000,2869.4000,2869.6000,2869.8000,2870.0000,3,4,2,2,2,1,3,1,2,7
SF,IH2006,2020-06-17 14:15:13.200,2869.0000,17559,0,13438495200.000,3,1,2,空换,B,2868.6000,2868.4000,2868.2000,2867.8000,2867.6000,2869.0000,2869.2000,2869.4000,2869.6000,2869.8000,4,2,2,2,1,2,1,3,1,2
SF,IH2006,2020-06-17 14:15:13.700,2869.0000,17559,0,13438495200.000,0,-,-,-,-,2868.6000,2868.4000,2868.2000,2867.8000,2867.6000,2869.0000,2869.2000,2869.4000,2869.6000,2869.8000,3,2,2,2,1,2,1,3,1,2
SF,IH2006,2020-06-17 14:15:14.200,2869.0000,17559,0,13438495200.000,0,-,-,-,-,2868.6000,2868.4000,2868.2000,2867.8000,2867.6000,2868.8000,2869.0000,2869.2000,2869.4000,2869.6000,3,2,2,2,1,1,2,1,3,1
SF,IH2006,2020-06-17 14:15:14.700,2869.0000,17559,0,13438495200.000,0,-,-,-,-,2868.6000,2868.4000,2868.2000,2867.8000,2867.6000,2869.0000,2869.2000,2869.4000,2869.6000,2869.8000,3,2,2,2,1,2,1,3,1,2
SF,IH2006,2020-06-17 14:15:15.200,2869.0000,17558,-1,13439355900.000,1,0,1,双平,B,2868.6000,2868.4000,2868.2000,2867.8000,2867.6000,2869.0000,2869.2000,2869.4000,2869.6000,2869.8000,3,2,2,2,1,1,1,3,1,2
SF,IH2006,2020-06-17 14:15:15.700,2869.0000,17558,0,13439355900.000,0,-,-,-,-,2868.6000,2868.4000,2868.2000,2867.8000,2867.6000,2869.0000,2869.2000,2869.4000,2869.6000,2869.8000,4,2,2,2,1,1,1,3,1,2
SF,IH2006,2020-06-17 14:15:17.200,2869.0000,17558,0,13439355900.000,0,-,-,-,-,2868.6000,2868.4000,2868.2000,2868.0000,2867.8000,2869.0000,2869.2000,2869.4000,2869.6000,2869.8000,4,2,2,1,2,1,1,3,1,2
SF,IH2006,2020-06-17 14:15:17.700,2869.0000,17558,0,13439355900.000,0,-,-,-,-,2868.6000,2868.4000,2868.2000,2868.0000,2867.8000,2868.8000,2869.0000,2869.2000,2869.4000,2869.6000,4,2,2,1,2,1,1,1,3,1
SF,IH2006,2020-06-17 14:15:18.200,2869.0000,17558,0,13439355900.000,0,-,-,-,-,2868.6000,2868.4000,2868.2000,2868.0000,2867.8000,2869.0000,2869.2000,2869.4000,2869.6000,2869.8000,4,2,2,2,2,1,1,3,1,2
SF,IH2006,2020-06-17 14:15:18.700,2868.8000,17557,-1,13441077120.000,2,0,2,空平,B,2868.6000,2868.4000,2868.2000,2868.0000,2867.8000,2869.0000,2869.2000,2869.4000,2869.6000,2869.8000,3,2,2,2,2,1,1,3,2,2
SF,IH2006,2020-06-17 14:15:19.200,2868.8000,17557,0,13441077120.000,0,-,-,-,-,2868.6000,2868.4000,2868.2000,2868.0000,2867.8000,2869.0000,2869.2000,2869.4000,2869.6000,2869.8000,3,2,2,2,2,2,1,3,2,2
SF,IH2006,2020-06-17 14:15:19.700,2868.8000,17557,0,13441077120.000,0,-,-,-,-,2868.6000,2868.4000,2868.2000,2868.0000,2867.8000,2869.0000,2869.2000,2869.4000,2869.6000,2869.8000,3,2,2,2,2,2,1,3,2,2
SF,IH2006,2020-06-17 14:15:20.200,2868.8000,17557,0,13441077120.000,0,-,-,-,-,2868.6000,2868.4000,2868.2000,2868.0000,2867.8000,2869.0000,2869.2000,2869.4000,2869.6000,2869.8000,4,2,2,2,2,2,1,3,2,2
SF,IH2006,2020-06-17 14:15:21.200,2869.0000,17556,-1,13441937820.000,1,0,1,双平,B,2868.6000,2868.4000,2868.2000,2868.0000,2867.8000,2869.0000,2869.2000,2869.4000,2869.6000,2869.8000,4,2,2,2,2,1,1,3,2,2
SF,IH2006,2020-06-17 14:15:22.700,2869.0000,17555,-1,13442798520.000,1,0,1,双平,B,2869.0000,2868.6000,2868.4000,2868.2000,2868.0000,2869.2000,2869.4000,2869.6000,2869.8000,2870.0000,1,4,2,2,2,1,3,2,2,7
SF,IH2006,2020-06-17 14:15:23.200,2869.0000,17555,0,13443659220.000,1,0,1,空换,B,2868.6000,2868.4000,2868.2000,2868.0000,2867.8000,2869.0000,2869.2000,2869.4000,2869.6000,2869.8000,4,2,2,2,2,3,1,3,2,2
SF,IH2006,2020-06-17 14:15:23.700,2869.0000,17555,0,13443659220.000,0,-,-,-,-,2868.6000,2868.4000,2868.2000,2868.0000,2867.8000,2869.0000,2869.2000,2869.4000,2869.6000,2869.8000,6,2,2,2,2,4,1,3,2,2
SF,IH2006,2020-06-17 14:15:24.200,2869.0000,17555,0,13443659220.000,0,-,-,-,-,2868.6000,2868.4000,2868.2000,2868.0000,2867.8000,2869.0000,2869.2000,2869.4000,2869.6000,2869.8000,8,2,2,2,2,4,1,3,2,2
SF,IH2006,2020-06-17 14:15:24.700,2869.0000,17555,0,13443659220.000,0,-,-,-,-,2868.6000,2868.4000,2868.2000,2868.0000,2867.8000,2869.0000,2869.2000,2869.4000,2869.6000,2869.8000,6,2,2,2,2,3,1,3,2,2
SF,IH2006,2020-06-17 14:15:25.200,2869.0000,17555,0,13443659220.000,0,-,-,-,-,2868.6000,2868.4000,2868.2000,2868.0000,2867.8000,2869.0000,2869.2000,2869.4000,2869.6000,2869.8000,7,2,2,2,2,3,1,3,2,2
SF,IH2006,2020-06-17 14:15:25.700,2869.0000,17553,-2,13445380620.000,2,0,2,双平,B,2868.6000,2868.4000,2868.2000,2868.0000,2867.8000,2869.0000,2869.2000,2869.4000,2869.6000,2869.8000,5,2,2,2,2,1,1,3,2,2
SF,IH2006,2020-06-17 14:15:27.700,2869.0000,17553,0,13445380620.000,0,-,-,-,-,2868.6000,2868.4000,2868.2000,2868.0000,2867.8000,2869.0000,2869.2000,2869.4000,2869.6000,2869.8000,5,2,2,2,2,1,1,3,1,2
SF,IH2006,2020-06-17 14:15:28.200,2869.0000,17553,0,13445380620.000,0,-,-,-,-,2868.6000,2868.4000,2868.2000,2868.0000,2867.8000,2869.0000,2869.2000,2869.4000,2869.6000,2869.8000,5,2,2,3,2,2,1,3,1,2
SF,IH2006,2020-06-17 14:15:28.700,2869.0000,17553,0,13445380620.000,0,-,-,-,-,2868.6000,2868.4000,2868.2000,2868.0000,2867.8000,2869.0000,2869.2000,2869.4000,2869.6000,2869.8000,9,2,2,3,2,2,1,3,1,2
SF,IH2006,2020-06-17 14:15:29.200,2869.0000,17553,0,13445380620.000,0,-,-,-,-,2868.6000,2868.4000,2868.2000,2868.0000,2867.8000,2869.0000,2869.2000,2869.4000,2869.6000,2869.8000,9,2,2,3,2,2,1,3,1,2
SF,IH2006,2020-06-17 14:15:29.700,2868.6000,17554,1,13446241200.000,1,1,0,双开,B,2868.6000,2868.4000,2868.2000,2868.0000,2867.8000,2869.0000,2869.2000,2869.4000,2869.6000,2869.8000,9,2,2,3,2,2,1,3,1,2
SF,IH2006,2020-06-17 14:15:31.200,2868.6000,17554,0,13446241200.000,0,-,-,-,-,2868.6000,2868.4000,2868.2000,2868.0000,2867.8000,2869.0000,2869.2000,2869.4000,2869.6000,2869.8000,9,2,1,3,2,2,1,3,1,2
SF,IH2006,2020-06-17 14:15:32.200,2869.0000,17554,0,13447101900.000,1,0,1,空换,B,2868.6000,2868.4000,2868.2000,2868.0000,2867.8000,2869.0000,2869.2000,2869.4000,2869.6000,2869.8000,9,2,1,3,2,1,1,3,1,2
SF,IH2006,2020-06-17 14:15:32.700,2869.0000,17554,0,13447101900.000,0,-,-,-,-,2868.6000,2868.4000,2868.2000,2868.0000,2867.8000,2869.0000,2869.2000,2869.4000,2869.6000,2869.8000,10,2,1,3,2,1,1,3,1,2
SF,IH2006,2020-06-17 14:15:33.200,2869.0000,17554,0,13447101900.000,0,-,-,-,-,2868.6000,2868.4000,2868.2000,2868.0000,2867.8000,2869.0000,2869.2000,2869.4000,2869.6000,2869.8000,9,2,1,3,2,1,1,3,1,2
SF,IH2006,2020-06-17 14:15:33.700,2869.2000,17553,-1,13448823360.000,2,0,2,空平,B,2869.2000,2868.6000,2868.4000,2868.2000,2868.0000,2869.4000,2869.6000,2869.8000,2870.0000,2870.2000,1,9,2,1,3,3,1,2,6,2
SF,IH2006,2020-06-17 14:15:34.200,2869.2000,17552,-1,13452266400.000,4,1,3,空平,B,2868.6000,2868.4000,2868.2000,2868.0000,2867.8000,2869.0000,2869.2000,2869.4000,2869.6000,2869.8000,9,2,1,3,2,1,8,3,1,2
SF,IH2006,2020-06-17 14:15:34.700,2869.2000,17552,0,13452266400.000,0,-,-,-,-,2868.6000,2868.4000,2868.2000,2868.0000,2867.8000,2869.0000,2869.2000,2869.4000,2869.6000,2869.8000,9,2,1,3,3,1,4,3,1,2
SF,IH2006,2020-06-17 14:15:35.200,2869.2000,17552,0,13452266400.000,0,-,-,-,-,2868.6000,2868.4000,2868.2000,2868.0000,2867.8000,2869.0000,2869.2000,2869.4000,2869.6000,2869.8000,10,1,1,3,3,1,4,3,1,2
SF,IH2006,2020-06-17 14:15:38.200,2869.2000,17552,0,13452266400.000,0,-,-,-,-,2868.8000,2868.6000,2868.4000,2868.2000,2868.0000,2869.0000,2869.2000,2869.4000,2869.6000,2869.8000,1,9,1,1,3,1,4,3,1,2
SF,IH2006,2020-06-17 14:15:38.700,2869.2000,17552,0,13452266400.000,0,-,-,-,-,2868.8000,2868.6000,2868.4000,2868.2000,2868.0000,2869.0000,2869.2000,2869.4000,2869.6000,2869.8000,1,9,1,1,3,2,4,3,1,2
SF,IH2006,2020-06-17 14:15:39.200,2869.2000,17552,0,13452266400.000,0,-,-,-,-,2868.8000,2868.6000,2868.4000,2868.2000,2868.0000,2869.0000,2869.2000,2869.4000,2869.6000,2869.8000,1,9,1,1,3,1,4,3,1,2
SF,IH2006,2020-06-17 14:15:39.700,2868.8000,17552,0,13453127040.000,1,0,1,空换,B,2868.6000,2868.4000,2868.2000,2868.0000,2867.8000,2869.0000,2869.2000,2869.4000,2869.6000,2869.8000,9,1,1,3,3,1,4,3,1,2
SF,IH2006,2020-06-17 14:15:40.200,2868.8000,17552,0,13453127040.000,0,-,-,-,-,2868.6000,2868.4000,2868.2000,2868.0000,2867.8000,2869.0000,2869.2000,2869.4000,2869.6000,2869.8000,9,1,1,2,3,1,4,3,1,2
SF,IH2006,2020-06-17 14:15:42.200,2868.8000,17552,0,13453127040.000,0,-,-,-,-,2868.6000,2868.4000,2868.2000,2868.0000,2867.8000,2869.0000,2869.2000,2869.4000,2869.6000,2869.8000,9,1,1,2,3,1,5,3,1,2
SF,IH2006,2020-06-17 14:15:42.700,2868.6000,17552,0,13453987620.000,1,0,1,空换,B,2868.6000,2868.4000,2868.2000,2868.0000,2867.8000,2869.0000,2869.2000,2869.4000,2869.6000,2869.8000,8,1,1,2,3,1,4,3,1,2
SF,IH2006,2020-06-17 14:15:43.200,2868.6000,17552,0,13453987620.000,0,-,-,-,-,2868.6000,2868.4000,2868.2000,2868.0000,2867.8000,2869.0000,2869.2000,2869.4000,2869.8000,2870.0000,8,1,1,2,3,1,4,3,2,5
SF,IH2006,2020-06-17 14:15:43.700,2868.6000,17551,-1,13454848200.000,1,0,1,双平,B,2868.6000,2868.4000,2868.2000,2868.0000,2867.8000,2869.0000,2869.2000,2869.4000,2869.8000,2870.0000,7,1,1,2,3,1,4,3,2,5
SF,IH2006,2020-06-17 14:15:44.200,2868.6000,17550,-1,13455708780.000,1,0,1,双平,B,2868.6000,2868.4000,2868.2000,2868.0000,2867.8000,2869.0000,2869.2000,2869.4000,2869.8000,2870.0000,6,1,1,2,3,1,4,3,2,5
SF,IH2006,2020-06-17 14:15:45.200,2868.6000,17550,0,13455708780.000,0,-,-,-,-,2868.6000,2868.4000,2868.2000,2868.0000,2867.8000,2868.8000,2869.0000,2869.2000,2869.4000,2869.8000,6,1,1,2,3,1,1,4,3,2
SF,IH2006,2020-06-17 14:15:45.700,2868.6000,17550,0,13455708780.000,0,-,-,-,-,2868.6000,2868.4000,2868.2000,2868.0000,2867.8000,2868.8000,2869.0000,2869.2000,2869.4000,2869.8000,6,1,2,2,3,1,1,4,3,2
SF,IH2006,2020-06-17 14:15:46.200,2868.8000,17549,-1,13456569420.000,1,0,1,双平,B,2868.6000,2868.4000,2868.2000,2868.0000,2867.8000,2869.0000,2869.2000,2869.4000,2869.8000,2870.0000,6,1,2,2,3,1,4,3,2,5
SF,IH2006,2020-06-17 14:15:46.700,2868.8000,17549,0,13456569420.000,0,-,-,-,-,2868.6000,2868.4000,2868.2000,2868.0000,2867.8000,2869.0000,2869.2000,2869.4000,2869.8000,2870.0000,6,1,1,2,3,1,4,3,2,5
SF,IH2006,2020-06-17 14:15:49.200,2868.8000,17549,0,13456569420.000,0,-,-,-,-,2868.6000,2868.4000,2868.2000,2868.0000,2867.8000,2869.0000,2869.2000,2869.4000,2869.8000,2870.0000,6,1,1,2,3,1,4,3,3,5
SF,IH2006,2020-06-17 14:15:49.700,2868.8000,17549,0,13456569420.000,0,-,-,-,-,2868.6000,2868.4000,2868.2000,2868.0000,2867.8000,2869.0000,2869.2000,2869.4000,2869.8000,2870.0000,7,1,1,3,3,1,4,3,3,5
SF,IH2006,2020-06-17 14:15:50.700,2868.8000,17549,0,13456569420.000,0,-,-,-,-,2868.6000,2868.4000,2868.2000,2868.0000,2867.8000,2869.0000,2869.2000,2869.4000,2869.8000,2870.0000,7,1,1,3,3,2,4,3,3,5
SF,IH2006,2020-06-17 14:15:51.200,2868.8000,17549,0,13456569420.000,0,-,-,-,-,2868.8000,2868.6000,2868.4000,2868.2000,2868.0000,2869.0000,2869.2000,2869.4000,2869.8000,2870.0000,1,7,1,1,2,2,4,3,3,5
SF,IH2006,2020-06-17 14:15:51.700,2868.8000,17549,0,13456569420.000,0,-,-,-,-,2868.8000,2868.6000,2868.4000,2868.2000,2868.0000,2869.0000,2869.2000,2869.4000,2869.8000,2870.0000,1,7,1,1,2,2,4,3,3,5
SF,IH2006,2020-06-17 14:15:52.700,2868.8000,17549,0,13456569420.000,0,-,-,-,-,2868.8000,2868.6000,2868.4000,2868.2000,2868.0000,2869.0000,2869.2000,2869.4000,2869.8000,2870.0000,1,7,1,1,2,2,3,3,3,5
SF,IH2006,2020-06-17 14:15:54.200,2869.0000,17550,1,13457430120.000,1,1,0,双开,B,2868.8000,2868.6000,2868.4000,2868.2000,2868.0000,2869.0000,2869.2000,2869.4000,2869.8000,2870.0000,1,7,1,1,2,1,3,3,3,5
SF,IH2006,2020-06-17 14:15:54.700,2869.0000,17550,0,13457430120.000,0,-,-,-,-,2868.8000,2868.6000,2868.4000,2868.2000,2868.0000,2869.0000,2869.2000,2869.4000,2869.8000,2870.0000,1,7,2,1,2,1,3,3,3,5
SF,IH2006,2020-06-17 14:15:55.200,2869.0000,17550,0,13458290820.000,1,0,1,空换,B,2868.8000,2868.6000,2868.4000,2868.2000,2868.0000,2869.2000,2869.4000,2869.8000,2870.0000,2870.2000,1,7,2,1,2,3,3,3,5,2
SF,IH2006,2020-06-17 14:15:56.200,2869.0000,17550,0,13458290820.000,0,-,-,-,-,2868.8000,2868.6000,2868.4000,2868.2000,2868.0000,2869.2000,2869.4000,2869.8000,2870.0000,2870.2000,1,7,2,1,2,2,3,3,5,2
SF,IH2006,2020-06-17 14:15:56.700,2869.0000,17551,1,13459151520.000,1,1,0,双开,B,2868.8000,2868.6000,2868.4000,2868.2000,2868.0000,2869.2000,2869.4000,2869.8000,2870.0000,2870.2000,1,7,2,1,2,2,3,3,5,2
SF,IH2006,2020-06-17 14:15:57.200,2869.0000,17551,0,13459151520.000,0,-,-,-,-,2868.8000,2868.6000,2868.4000,2868.2000,2868.0000,2869.2000,2869.4000,2869.8000,2870.0000,2870.2000,1,7,1,1,2,2,3,3,5,2
SF,IH2006,2020-06-17 14:15:58.200,2869.0000,17551,0,13459151520.000,0,-,-,-,-,2868.8000,2868.6000,2868.4000,2868.2000,2868.0000,2869.2000,2869.4000,2869.8000,2870.0000,2870.2000,2,6,1,1,2,2,3,3,5,2
SF,IH2006,2020-06-17 14:15:59.700,2869.2000,17550,-1,13460012280.000,1,0,1,双平,B,2868.8000,2868.6000,2868.4000,2868.2000,2868.0000,2869.2000,2869.4000,2869.8000,2870.0000,2870.2000,2,6,1,1,2,1,3,3,5,2
SF,IH2006,2020-06-17 14:16:00.200,2869.2000,17550,0,13460873040.000,1,0,1,空换,B,2869.2000,2869.0000,2868.8000,2868.6000,2868.4000,2869.4000,2869.8000,2870.0000,2870.2000,2870.6000,1,1,4,6,1,2,3,5,2,2
SF,IH2006,2020-06-17 14:16:00.700,2869.2000,17549,-1,13461733800.000,1,0,1,双平,B,2868.8000,2868.6000,2868.4000,2868.2000,2868.0000,2869.4000,2869.8000,2870.0000,2870.2000,2870.6000,4,6,1,1,2,2,3,5,2,2
SF,IH2006,2020-06-17 14:16:01.200,2869.2000,17549,0,13461733800.000,0,-,-,-,-,2869.0000,2868.8000,2868.6000,2868.4000,2868.2000,2869.4000,2869.8000,2870.0000,2870.2000,2870.6000,6,4,5,1,1,2,3,5,2,2
SF,IH2006,2020-06-17 14:16:01.700,2869.2000,17549,0,13461733800.000,0,-,-,-,-,2869.2000,2869.0000,2868.8000,2868.6000,2868.4000,2869.4000,2869.8000,2870.0000,2870.2000,2870.6000,1,7,4,5,1,2,3,5,1,2
SF,IH2006,2020-06-17 14:16:02.200,2869.2000,17549,0,13461733800.000,0,-,-,-,-,2869.2000,2869.0000,2868.8000,2868.6000,2868.4000,2869.4000,2869.8000,2870.0000,2870.2000,2870.6000,2,5,4,5,1,2,3,5,1,2
SF,IH2006,2020-06-17 14:16:03.200,2869.2000,17549,0,13461733800.000,0,-,-,-,-,2869.2000,2869.0000,2868.8000,2868.6000,2868.4000,2869.4000,2869.8000,2870.0000,2870.2000,2870.6000,2,5,4,5,1,3,3,5,1,2
SF,IH2006,2020-06-17 14:16:03.700,2869.2000,17548,-1,13463455320.000,2,0,2,空平,B,2869.0000,2868.8000,2868.6000,2868.4000,2868.2000,2869.4000,2869.8000,2870.0000,2870.2000,2870.6000,5,4,5,1,2,3,3,5,1,2
SF,IH2006,2020-06-17 14:16:04.200,2869.2000,17548,0,13463455320.000,0,-,-,-,-,2869.0000,2868.8000,2868.6000,2868.4000,2868.2000,2869.4000,2869.8000,2870.0000,2870.2000,2870.6000,4,4,5,1,2,3,3,5,1,2
SF,IH2006,2020-06-17 14:16:04.700,2869.0000,17547,-1,13464316020.000,1,0,1,双平,B,2869.0000,2868.8000,2868.6000,2868.4000,2868.2000,2869.4000,2869.8000,2870.0000,2870.2000,2870.6000,2,4,5,1,2,3,3,5,1,2
SF,IH2006,2020-06-17 14:16:05.200,2869.4000,17546,-1,13465176840.000,1,0,1,双平,B,2868.8000,2868.6000,2868.4000,2868.2000,2868.0000,2869.0000,2869.4000,2869.8000,2870.0000,2870.2000,4,5,1,2,3,1,3,3,5,1
SF,IH2006,2020-06-17 14:16:05.700,2869.0000,17545,-1,13466898240.000,2,0,2,空平,B,2869.0000,2868.8000,2868.6000,2868.4000,2868.2000,2869.4000,2869.8000,2870.0000,2870.2000,2870.6000,16,4,5,1,2,3,3,5,1,2
SF,IH2006,2020-06-17 14:16:06.200,2869.0000,17545,0,13466898240.000,0,-,-,-,-,2869.0000,2868.8000,2868.6000,2868.4000,2868.2000,2869.2000,2869.4000,2869.8000,2870.0000,2870.2000,6,4,5,1,2,1,2,3,5,1
SF,IH2006,2020-06-17 14:16:06.700,2869.0000,17545,0,13466898240.000,0,-,-,-,-,2869.0000,2868.8000,2868.6000,2868.4000,2868.2000,2869.2000,2869.4000,2869.8000,2870.0000,2870.2000,4,4,5,1,2,1,2,3,5,1
SF,IH2006,2020-06-17 14:16:07.200,2869.0000,17545,0,13467758940.000,1,0,1,空换,B,2869.0000,2868.8000,2868.6000,2868.4000,2868.2000,2869.2000,2869.4000,2869.8000,2870.0000,2870.2000,3,4,5,1,2,1,2,3,5,1
SF,IH2006,2020-06-17 14:16:07.700,2869.0000,17545,0,13468619640.000,1,0,1,空换,B,2869.0000,2868.8000,2868.6000,2868.4000,2868.2000,2869.2000,2869.4000,2869.8000,2870.0000,2870.2000,2,4,5,1,2,1,2,3,5,1
SF,IH2006,2020-06-17 14:16:08.200,2869.4000,17545,0,13472062860.000,4,2,2,空换,B,2869.0000,2868.8000,2868.6000,2868.4000,2868.2000,2869.8000,2870.0000,2870.2000,2870.6000,2870.8000,1,3,5,1,2,3,5,1,2,5
SF,IH2006,2020-06-17 14:16:08.700,2869.0000,17545,0,13472923560.000,1,0,1,空换,B,2868.8000,2868.6000,2868.4000,2868.2000,2868.0000,2869.4000,2869.6000,2869.8000,2870.0000,2870.2000,2,5,1,2,3,1,8,3,5,1
SF,IH2006,2020-06-17 14:16:09.200,2869.0000,17545,0,13472923560.000,0,-,-,-,-,2869.0000,2868.8000,2868.6000,2868.4000,2868.2000,2869.4000,2869.6000,2869.8000,2870.0000,2870.2000,1,2,5,1,2,2,7,3,5,1
SF,IH2006,2020-06-17 14:16:09.700,2869.0000,17545,0,13472923560.000,0,-,-,-,-,2869.0000,2868.8000,2868.6000,2868.4000,2868.2000,2869.4000,2869.6000,2869.8000,2870.0000,2870.2000,1,2,5,1,1,2,7,3,5,1
SF,IH2006,2020-06-17 14:16:10.200,2869.0000,17545,0,13472923560.000,0,-,-,-,-,2869.0000,2868.8000,2868.6000,2868.4000,2868.2000,2869.4000,2869.6000,2869.8000,2870.0000,2870.2000,1,2,5,1,2,2,7,3,5,1
SF,IH2006,2020-06-17 14:16:10.700,2869.0000,17544,-1,13473784260.000,1,0,1,双平,B,2868.8000,2868.6000,2868.4000,2868.2000,2868.0000,2869.4000,2869.6000,2869.8000,2870.0000,2870.2000,1,5,1,1,2,2,7,3,5,1
SF,IH2006,2020-06-17 14:16:11.200,2869.0000,17544,0,13473784260.000,0,-,-,-,-,2869.0000,2868.8000,2868.6000,2868.4000,2868.2000,2869.2000,2869.4000,2869.6000,2869.8000,2870.0000,1,2,5,1,1,3,2,4,3,5
SF,IH2006,2020-06-17 14:16:11.700,2869.0000,17543,-1,13474644960.000,1,0,1,双平,B,2868.8000,2868.6000,2868.4000,2868.2000,2868.0000,2869.2000,2869.4000,2869.6000,2869.8000,2870.0000,2,5,1,2,2,3,2,3,3,5
SF,IH2006,2020-06-17 14:16:12.200,2869.0000,17543,0,13474644960.000,0,-,-,-,-,2868.8000,2868.6000,2868.4000,2868.2000,2868.0000,2869.2000,2869.4000,2869.6000,2869.8000,2870.0000,2,5,1,2,2,3,3,3,3,5
SF,IH2006,2020-06-17 14:16:12.700,2869.0000,17543,0,13474644960.000,0,-,-,-,-,2868.8000,2868.6000,2868.4000,2868.2000,2868.0000,2869.0000,2869.2000,2869.4000,2869.6000,2869.8000,3,5,1,2,2,1,3,3,3,3
SF,IH2006,2020-06-17 14:16:13.200,2868.8000,17543,0,13475505600.000,1,0,1,空换,B,2868.8000,2868.6000,2868.4000,2868.2000,2868.0000,2869.0000,2869.2000,2869.4000,2869.6000,2869.8000,2,5,1,2,2,1,3,3,3,3
SF,IH2006,2020-06-17 14:16:13.700,2869.0000,17543,0,13476366300.000,1,0,1,空换,B,2868.8000,2868.6000,2868.4000,2868.2000,2868.0000,2869.2000,2869.4000,2869.6000,2869.8000,2870.0000,2,5,1,2,2,3,2,2,3,5
SF,IH2006,2020-06-17 14:16:14.200,2869.0000,17543,0,13476366300.000,0,-,-,-,-,2868.8000,2868.6000,2868.4000,2868.2000,2868.0000,2869.2000,2869.4000,2869.6000,2869.8000,2870.0000,2,5,1,2,2,3,2,2,3,5
SF,IH2006,2020-06-17 14:16:15.200,2869.0000,17543,0,13476366300.000,0,-,-,-,-,2868.8000,2868.6000,2868.4000,2868.2000,2868.0000,2869.2000,2869.4000,2869.6000,2869.8000,2870.0000,2,5,1,2,2,3,2,2,3,5
SF,IH2006,2020-06-17 14:16:15.700,2869.0000,17543,0,13476366300.000,0,-,-,-,-,2868.8000,2868.6000,2868.4000,2868.2000,2868.0000,2869.2000,2869.4000,2869.6000,2869.8000,2870.0000,2,5,1,2,2,3,2,2,4,5
SF,IH2006,2020-06-17 14:16:16.200,2869.2000,17542,-1,13477227060.000,1,0,1,双平,B,2868.8000,2868.6000,2868.4000,2868.2000,2868.0000,2869.4000,2869.6000,2869.8000,2870.0000,2870.2000,2,5,1,2,2,2,2,4,5,1
SF,IH2006,2020-06-17 14:16:16.700,2869.2000,17542,0,13477227060.000,0,-,-,-,-,2868.8000,2868.6000,2868.4000,2868.2000,2868.0000,2869.2000,2869.4000,2869.6000,2869.8000,2870.0000,2,5,1,2,2,1,2,2,4,5
SF,IH2006,2020-06-17 14:16:17.200,2868.8000,17542,0,13478087700.000,1,0,1,空换,B,2868.8000,2868.6000,2868.4000,2868.2000,2868.0000,2869.2000,2869.4000,2869.6000,2869.8000,2870.0000,1,5,1,2,2,1,2,2,4,5
SF,IH2006,2020-06-17 14:16:17.700,2869.2000,17542,0,13478948460.000,1,0,1,空换,B,2868.8000,2868.6000,2868.4000,2868.2000,2868.0000,2869.2000,2869.4000,2869.6000,2869.8000,2870.0000,1,5,1,2,2,1,1,2,4,5
SF,IH2006,2020-06-17 14:16:19.700,2869.4000,17540,-2,13480670040.000,2,0,2,双平,B,2869.4000,2868.8000,2868.6000,2868.4000,2868.2000,2869.6000,2869.8000,2870.0000,2870.2000,2870.6000,3,1,5,1,2,2,4,5,1,2
SF,IH2006,2020-06-17 14:16:20.200,2869.4000,17538,-2,13483252500.000,3,0,3,空平,B,2868.8000,2868.6000,2868.4000,2868.2000,2868.0000,2869.4000,2869.6000,2869.8000,2870.0000,2870.2000,1,5,1,2,2,15,2,4,5,1
SF,IH2006,2020-06-17 14:16:20.700,2869.4000,17538,0,13483252500.000,0,-,-,-,-,2868.8000,2868.6000,2868.4000,2868.2000,2868.0000,2869.4000,2869.6000,2869.8000,2870.0000,2870.2000,4,5,1,2,2,10,2,4,5,1
SF,IH2006,2020-06-17 14:16:21.200,2869.4000,17538,0,13483252500.000,0,-,-,-,-,2869.0000,2868.8000,2868.6000,2868.4000,2868.2000,2869.4000,2869.6000,2869.8000,2870.0000,2870.2000,1,4,5,1,1,10,2,4,5,1
SF,IH2006,2020-06-17 14:16:22.200,2869.0000,17537,-1,13484113200.000,1,0,1,双平,B,2868.8000,2868.6000,2868.4000,2868.2000,2868.0000,2869.4000,2869.6000,2869.8000,2870.0000,2870.2000,4,5,1,1,2,10,2,4,5,1
SF,IH2006,2020-06-17 14:16:22.700,2869.4000,17537,0,13488417120.000,5,2,3,空换,B,2868.8000,2868.6000,2868.4000,2868.2000,2868.0000,2869.4000,2869.6000,2869.8000,2870.0000,2870.2000,3,5,1,1,2,7,2,4,5,1
SF,IH2006,2020-06-17 14:16:23.700,2868.8000,17537,0,13489277760.000,1,0,1,空换,B,2868.8000,2868.6000,2868.4000,2868.2000,2868.0000,2869.4000,2869.6000,2869.8000,2870.0000,2870.2000,2,5,1,1,2,6,2,4,5,1
SF,IH2006,2020-06-17 14:16:24.200,2868.8000,17535,-2,13490999220.000,2,0,2,双平,B,2868.8000,2868.6000,2868.4000,2868.2000,2868.0000,2869.4000,2869.6000,2869.8000,2870.0000,2870.2000,1,5,1,2,2,5,2,4,5,1
SF,IH2006,2020-06-17 14:16:24.700,2868.8000,17535,0,13491859860.000,1,0,1,空换,B,2868.8000,2868.6000,2868.4000,2868.2000,2868.0000,2869.4000,2869.6000,2869.8000,2870.0000,2870.2000,1,5,1,2,2,5,2,4,5,1
SF,IH2006,2020-06-17 14:16:26.200,2868.8000,17535,0,13491859860.000,0,-,-,-,-,2868.8000,2868.6000,2868.4000,2868.2000,2868.0000,2869.4000,2869.6000,2869.8000,2870.0000,2870.2000,1,5,1,2,2,5,2,5,5,1
SF,IH2006,2020-06-17 14:16:26.700,2868.8000,17535,0,13491859860.000,0,-,-,-,-,2868.8000,2868.6000,2868.4000,2868.2000,2868.0000,2869.4000,2869.6000,2869.8000,2870.0000,2870.2000,1,5,1,1,2,5,2,5,5,1
SF,IH2006,2020-06-17 14:16:28.200,2868.8000,17535,0,13491859860.000,0,-,-,-,-,2868.8000,2868.6000,2868.4000,2868.2000,2868.0000,2869.4000,2869.6000,2869.8000,2870.0000,2870.2000,2,5,1,1,2,5,2,5,5,1
SF,IH2006,2020-06-17 14:16:28.700,2868.8000,17532,-3,13496163060.000,5,1,4,空平,B,2868.6000,2868.4000,2868.2000,2868.0000,2867.8000,2868.8000,2869.4000,2869.6000,2869.8000,2870.0000,5,1,1,2,2,1,5,2,5,5
SF,IH2006,2020-06-17 14:16:29.200,2868.8000,17532,0,13497023700.000,1,0,1,空换,B,2868.8000,2868.6000,2868.4000,2868.2000,2868.0000,2869.4000,2869.6000,2869.8000,2870.0000,2870.2000,8,5,1,1,2,5,2,5,5,1
SF,IH2006,2020-06-17 14:16:29.700,2868.8000,17532,0,13497884340.000,1,0,1,空换,B,2868.8000,2868.6000,2868.4000,2868.2000,2868.0000,2869.4000,2869.6000,2869.8000,2870.0000,2870.2000,3,5,1,1,2,5,2,5,5,1
SF,IH2006,2020-06-17 14:16:30.200,2868.8000,17532,0,13497884340.000,0,-,-,-,-,2868.8000,2868.6000,2868.4000,2868.2000,2868.0000,2869.4000,2869.6000,2869.8000,2870.0000,2870.2000,2,5,1,1,2,5,2,5,5,1
SF,IH2006,2020-06-17 14:16:30.700,2868.8000,17533,1,13498744980.000,1,1,0,双开,B,2868.8000,2868.6000,2868.4000,2868.2000,2868.0000,2869.2000,2869.4000,2869.6000,2869.8000,2870.0000,1,5,1,1,3,1,5,2,5,5
SF,IH2006,2020-06-17 14:16:31.200,2869.4000,17531,-2,13500466560.000,2,0,2,双平,B,2868.8000,2868.6000,2868.4000,2868.2000,2868.0000,2869.4000,2869.6000,2869.8000,2870.0000,2870.2000,1,5,1,1,3,4,2,5,5,1
SF,IH2006,2020-06-17 14:16:31.700,2869.4000,17531,0,13500466560.000,0,-,-,-,-,2868.8000,2868.6000,2868.4000,2868.2000,2868.0000,2869.2000,2869.4000,2869.6000,2869.8000,2870.0000,1,5,1,1,3,1,4,2,5,5
SF,IH2006,2020-06-17 14:16:33.200,2868.8000,17531,0,13501327200.000,1,0,1,空换,B,2868.6000,2868.4000,2868.2000,2868.0000,2867.8000,2869.2000,2869.4000,2869.6000,2869.8000,2870.0000,5,1,1,3,2,1,4,2,5,5
SF,IH2006,2020-06-17 14:16:33.700,2868.8000,17531,0,13501327200.000,0,-,-,-,-,2868.8000,2868.6000,2868.4000,2868.0000,2867.8000,2869.2000,2869.4000,2869.6000,2869.8000,2870.0000,1,6,1,3,2,1,4,2,5,5
SF,IH2006,2020-06-17 14:16:36.200,2868.8000,17531,0,13502187840.000,1,0,1,空换,B,2868.6000,2868.4000,2868.0000,2867.8000,2867.6000,2869.2000,2869.4000,2869.6000,2869.8000,2870.0000,6,1,3,2,2,1,4,2,5,5
SF,IH2006,2020-06-17 14:16:36.700,2868.8000,17531,0,13502187840.000,0,-,-,-,-,2868.6000,2868.4000,2868.0000,2867.8000,2867.6000,2869.2000,2869.4000,2869.6000,2869.8000,2870.0000,5,1,2,2,2,1,4,2,5,5
SF,IH2006,2020-06-17 14:16:37.200,2868.8000,17531,0,13502187840.000,0,-,-,-,-,2868.6000,2868.4000,2868.0000,2867.8000,2867.6000,2869.2000,2869.4000,2869.6000,2869.8000,2870.0000,5,1,2,2,2,2,4,2,5,5
SF,IH2006,2020-06-17 14:16:38.700,2868.8000,17531,0,13502187840.000,0,-,-,-,-,2868.6000,2868.4000,2868.0000,2867.8000,2867.6000,2869.0000,2869.2000,2869.4000,2869.6000,2869.8000,5,1,2,2,2,1,2,4,2,5
SF,IH2006,2020-06-17 14:16:39.200,2868.6000,17530,-1,13503048420.000,1,0,1,双平,B,2868.6000,2868.4000,2868.0000,2867.8000,2867.6000,2869.0000,2869.2000,2869.4000,2869.6000,2869.8000,3,1,2,2,2,1,2,4,2,5
SF,IH2006,2020-06-17 14:16:39.700,2868.8000,17530,0,13504769640.000,2,1,1,空换,B,2868.6000,2868.4000,2868.0000,2867.8000,2867.6000,2868.8000,2869.0000,2869.2000,2869.4000,2869.6000,2,1,2,2,2,3,1,2,4,2
SF,IH2006,2020-06-17 14:16:40.200,2868.6000,17530,0,13506490800.000,2,1,1,空换,B,2868.4000,2868.0000,2867.8000,2867.6000,2867.4000,2868.6000,2868.8000,2869.0000,2869.2000,2869.4000,1,2,2,2,1,2,4,1,2,4
SF,IH2006,2020-06-17 14:16:40.700,2868.4000,17529,-1,13507351320.000,1,0,1,双平,B,2868.0000,2867.8000,2867.6000,2867.4000,2867.2000,2868.6000,2868.8000,2869.0000,2869.2000,2869.4000,2,2,2,1,1,2,4,1,2,4
SF,IH2006,2020-06-17 14:16:41.200,2868.4000,17529,0,13507351320.000,0,-,-,-,-,2868.0000,2867.8000,2867.6000,2867.4000,2867.2000,2868.4000,2868.6000,2868.8000,2869.0000,2869.2000,3,2,2,1,1,1,2,3,1,2
SF,IH2006,2020-06-17 14:16:42.200,2868.4000,17529,0,13508211840.000,1,0,1,空换,B,2868.0000,2867.8000,2867.6000,2867.4000,2867.2000,2868.6000,2868.8000,2869.0000,2869.2000,2869.4000,3,2,2,1,1,2,2,1,2,4
SF,IH2006,2020-06-17 14:16:42.700,2868.4000,17529,0,13508211840.000,0,-,-,-,-,2868.0000,2867.8000,2867.6000,2867.4000,2867.2000,2868.4000,2868.6000,2868.8000,2869.0000,2869.2000,6,2,2,1,1,1,2,2,1,2
SF,IH2006,2020-06-17 14:16:43.200,2868.4000,17529,0,13509932880.000,2,1,1,空换,B,2868.4000,2868.2000,2868.0000,2867.8000,2867.6000,2868.6000,2869.0000,2869.2000,2869.4000,2869.6000,7,3,6,2,2,1,1,2,4,1
SF,IH2006,2020-06-17 14:16:43.700,2868.6000,17529,0,13510793460.000,1,0,1,空换,B,2868.6000,2868.4000,2868.2000,2868.0000,2867.8000,2869.0000,2869.2000,2869.4000,2869.6000,2869.8000,3,1,3,6,2,1,2,4,1,4
SF,IH2006,2020-06-17 14:16:44.200,2868.6000,17529,0,13510793460.000,0,-,-,-,-,2868.6000,2868.4000,2868.2000,2868.0000,2867.8000,2868.8000,2869.0000,2869.2000,2869.4000,2869.8000,2,1,3,6,2,3,2,1,4,4
SF,IH2006,2020-06-17 14:16:44.700,2868.6000,17529,0,13510793460.000,0,-,-,-,-,2868.6000,2868.4000,2868.2000,2868.0000,2867.8000,2868.8000,2869.0000,2869.2000,2869.4000,2869.8000,2,1,2,6,2,2,2,1,4,4
SF,IH2006,2020-06-17 14:16:45.200,2868.6000,17529,0,13512514620.000,2,1,1,空换,B,2868.6000,2868.4000,2868.2000,2868.0000,2867.8000,2868.8000,2869.0000,2869.2000,2869.4000,2869.8000,3,1,2,6,2,2,2,1,4,4
SF,IH2006,2020-06-17 14:16:46.200,2868.6000,17529,0,13512514620.000,0,-,-,-,-,2868.6000,2868.4000,2868.2000,2868.0000,2867.8000,2868.8000,2869.0000,2869.2000,2869.4000,2869.8000,3,1,1,6,2,2,2,1,4,4
SF,IH2006,2020-06-17 14:16:49.200,2868.6000,17529,0,13512514620.000,0,-,-,-,-,2868.6000,2868.4000,2868.2000,2868.0000,2867.8000,2868.8000,2869.0000,2869.2000,2869.4000,2869.8000,3,1,1,6,2,2,2,1,4,4
SF,IH2006,2020-06-17 14:16:49.700,2868.6000,17529,0,13512514620.000,0,-,-,-,-,2868.6000,2868.4000,2868.2000,2868.0000,2867.8000,2869.0000,2869.2000,2869.4000,2869.8000,2870.0000,3,1,1,6,2,2,1,4,4,5
SF,IH2006,2020-06-17 14:16:50.200,2868.6000,17529,0,13514235780.000,2,1,1,空换,B,2868.6000,2868.4000,2868.2000,2868.0000,2867.8000,2869.0000,2869.2000,2869.4000,2869.8000,2870.0000,1,1,1,6,2,2,1,4,4,5
SF,IH2006,2020-06-17 14:16:51.200,2868.6000,17529,0,13514235780.000,0,-,-,-,-,2868.6000,2868.2000,2868.0000,2867.8000,2867.6000,2869.0000,2869.2000,2869.4000,2869.8000,2870.0000,1,1,6,2,2,2,1,4,4,5
SF,IH2006,2020-06-17 14:16:51.700,2868.6000,17529,0,13515096360.000,1,0,1,空换,B,2868.2000,2868.0000,2867.8000,2867.6000,2867.4000,2869.0000,2869.2000,2869.4000,2869.8000,2870.0000,1,6,2,2,1,1,1,4,4,5
SF,IH2006,2020-06-17 14:16:52.200,2868.6000,17529,0,13515096360.000,0,-,-,-,-,2868.2000,2868.0000,2867.8000,2867.6000,2867.4000,2868.8000,2869.0000,2869.2000,2869.4000,2869.8000,3,7,2,2,1,1,1,1,4,4
SF,IH2006,2020-06-17 14:16:52.700,2868.6000,17529,0,13515096360.000,0,-,-,-,-,2868.4000,2868.2000,2868.0000,2867.8000,2867.6000,2868.8000,2869.0000,2869.2000,2869.4000,2869.8000,1,3,7,2,1,1,1,1,4,4
SF,IH2006,2020-06-17 14:16:53.200,2868.8000,17529,0,13515957000.000,1,0,1,空换,B,2868.2000,2868.0000,2867.8000,2867.6000,2867.4000,2868.6000,2869.0000,2869.2000,2869.4000,2869.8000,3,7,2,1,1,1,1,1,4,4
SF,IH2006,2020-06-17 14:16:53.700,2868.6000,17528,-1,13516817580.000,1,0,1,双平,B,2868.6000,2868.2000,2868.0000,2867.8000,2867.6000,2869.0000,2869.2000,2869.4000,2869.8000,2870.0000,3,3,7,2,1,1,1,4,4,5
SF,IH2006,2020-06-17 14:16:54.200,2868.6000,17528,0,13516817580.000,0,-,-,-,-,2868.2000,2868.0000,2867.8000,2867.6000,2867.4000,2869.0000,2869.2000,2869.4000,2869.8000,2870.0000,3,7,2,1,1,1,1,4,4,5
SF,IH2006,2020-06-17 14:16:54.700,2868.8000,17527,-1,13518538740.000,2,0,2,空平,B,2868.2000,2868.0000,2867.8000,2867.6000,2867.4000,2869.0000,2869.2000,2869.4000,2869.8000,2870.0000,3,7,2,2,1,1,1,4,4,3
SF,IH2006,2020-06-17 14:16:55.200,2868.8000,17527,0,13518538740.000,0,-,-,-,-,2868.4000,2868.2000,2868.0000,2867.8000,2867.6000,2869.0000,2869.2000,2869.4000,2869.8000,2870.0000,1,4,7,2,2,1,1,4,4,3
SF,IH2006,2020-06-17 14:16:56.200,2869.0000,17527,0,13520259960.000,2,1,1,空换,B,2868.2000,2868.0000,2867.8000,2867.6000,2867.4000,2869.2000,2869.4000,2869.8000,2870.0000,2870.2000,4,7,2,2,1,1,4,4,3,1
SF,IH2006,2020-06-17 14:16:56.700,2869.0000,17527,0,13520259960.000,0,-,-,-,-,2868.2000,2868.0000,2867.8000,2867.6000,2867.4000,2868.4000,2868.8000,2869.0000,2869.2000,2869.4000,4,7,2,2,1,1,1,4,1,4
SF,IH2006,2020-06-17 14:16:57.200,2868.4000,17527,0,13521981000.000,2,1,1,空换,B,2868.6000,2868.4000,2868.2000,2868.0000,2867.8000,2868.8000,2869.0000,2869.2000,2869.4000,2869.8000,2,5,3,7,2,1,4,1,4,4
SF,IH2006,2020-06-17 14:16:57.700,2868.4000,17525,-2,13523702160.000,2,0,2,双平,B,2868.4000,2868.2000,2868.0000,2867.8000,2867.6000,2869.0000,2869.2000,2869.4000,2869.8000,2870.0000,1,3,7,2,1,4,1,4,4,3
SF,IH2006,2020-06-17 14:16:58.200,2868.8000,17527,2,13525423440.000,2,2,0,双开,B,2868.4000,2868.2000,2868.0000,2867.8000,2867.6000,2869.0000,2869.2000,2869.4000,2869.8000,2870.0000,1,3,7,2,1,4,1,4,4,3
SF,IH2006,2020-06-17 14:16:59.200,2869.0000,17527,0,13526284140.000,1,0,1,空换,B,2868.4000,2868.2000,2868.0000,2867.8000,2867.6000,2869.0000,2869.2000,2869.4000,2869.8000,2870.0000,1,3,7,2,1,3,1,4,4,3
SF,IH2006,2020-06-17 14:16:59.700,2868.4000,17526,-1,13527144660.000,1,0,1,双平,B,2868.2000,2868.0000,2867.8000,2867.6000,2867.4000,2869.0000,2869.2000,2869.4000,2869.8000,2870.0000,3,6,2,1,1,1,1,4,4,3
SF,IH2006,2020-06-17 14:17:00.200,2868.4000,17526,0,13527144660.000,0,-,-,-,-,2868.2000,2868.0000,2867.8000,2867.6000,2867.4000,2868.4000,2869.0000,2869.2000,2869.4000,2869.8000,3,6,2,1,1,1,3,1,4,4
SF,IH2006,2020-06-17 14:17:00.700,2868.4000,17526,0,13528005180.000,1,0,1,空换,B,2868.4000,2868.2000,2868.0000,2867.8000,2867.6000,2869.0000,2869.2000,2869.4000,2869.8000,2870.0000,10,3,6,2,1,3,1,4,4,3
SF,IH2006,2020-06-17 14:17:01.200,2868.4000,17526,0,13528005180.000,0,-,-,-,-,2868.4000,2868.2000,2868.0000,2867.8000,2867.6000,2869.0000,2869.2000,2869.4000,2869.8000,2870.0000,7,3,6,2,1,3,1,4,4,3
SF,IH2006,2020-06-17 14:17:01.700,2868.4000,17526,0,13528005180.000,0,-,-,-,-,2868.4000,2868.2000,2868.0000,2867.8000,2867.6000,2869.0000,2869.2000,2869.4000,2869.8000,2870.0000,7,3,6,2,1,3,1,4,4,3
SF,IH2006,2020-06-17 14:17:02.200,2869.0000,17525,-1,13528865880.000,1,0,1,双平,B,2868.4000,2868.2000,2868.0000,2867.8000,2867.6000,2869.0000,2869.2000,2869.4000,2869.8000,2870.0000,7,3,6,2,1,2,1,4,4,3
SF,IH2006,2020-06-17 14:17:02.700,2869.0000,17525,0,13528865880.000,0,-,-,-,-,2868.4000,2868.2000,2868.0000,2867.8000,2867.6000,2868.8000,2869.0000,2869.2000,2869.4000,2869.8000,7,4,6,2,1,1,2,1,4,4
SF,IH2006,2020-06-17 14:17:03.200,2869.0000,17525,0,13528865880.000,0,-,-,-,-,2868.4000,2868.2000,2868.0000,2867.8000,2867.6000,2868.8000,2869.0000,2869.2000,2869.4000,2869.8000,4,4,6,2,1,1,2,1,4,4
SF,IH2006,2020-06-17 14:17:03.700,2869.0000,17525,0,13528865880.000,0,-,-,-,-,2868.4000,2868.2000,2868.0000,2867.8000,2867.6000,2868.8000,2869.0000,2869.2000,2869.4000,2869.8000,2,4,6,2,1,1,2,1,4,4
SF,IH2006,2020-06-17 14:17:04.200,2869.0000,17525,0,13528865880.000,0,-,-,-,-,2868.4000,2868.2000,2868.0000,2867.8000,2867.6000,2868.8000,2869.0000,2869.2000,2869.4000,2869.8000,2,4,6,2,1,1,2,1,4,4
SF,IH2006,2020-06-17 14:17:04.700,2869.0000,17525,0,13528865880.000,0,-,-,-,-,2868.4000,2868.2000,2868.0000,2867.8000,2867.6000,2868.8000,2869.0000,2869.2000,2869.4000,2869.8000,2,3,6,2,1,1,3,1,4,4
SF,IH2006,2020-06-17 14:17:05.200,2868.6000,17527,2,13531447500.000,3,2,1,多开,B,2868.2000,2868.0000,2867.8000,2867.6000,2867.4000,2868.8000,2869.0000,2869.2000,2869.4000,2869.8000,3,6,2,1,1,1,3,1,4,4
SF,IH2006,2020-06-17 14:17:05.700,2868.6000,17527,0,13531447500.000,0,-,-,-,-,2868.2000,2868.0000,2867.8000,2867.6000,2867.4000,2868.6000,2868.8000,2869.0000,2869.2000,2869.4000,2,6,2,1,1,2,1,3,1,4
SF,IH2006,2020-06-17 14:17:06.200,2868.6000,17527,0,13531447500.000,0,-,-,-,-,2868.2000,2868.0000,2867.8000,2867.6000,2867.4000,2868.4000,2868.6000,2869.0000,2869.2000,2869.4000,1,6,2,1,1,1,2,3,1,4
SF,IH2006,2020-06-17 14:17:06.700,2868.6000,17527,0,13531447500.000,0,-,-,-,-,2868.2000,2868.0000,2867.8000,2867.6000,2867.4000,2868.4000,2868.6000,2869.0000,2869.2000,2869.4000,1,5,2,1,1,1,2,3,1,4
SF,IH2006,2020-06-17 14:17:07.200,2868.4000,17527,0,13533168480.000,2,1,1,空换,B,2868.0000,2867.8000,2867.6000,2867.4000,2867.2000,2868.6000,2869.0000,2869.2000,2869.4000,2869.8000,5,2,1,1,1,2,3,1,4,4
SF,IH2006,2020-06-17 14:17:10.700,2868.4000,17527,0,13533168480.000,0,-,-,-,-,2868.0000,2867.8000,2867.6000,2867.4000,2867.2000,2868.6000,2869.0000,2869.2000,2869.4000,2869.8000,5,2,1,1,1,2,5,1,4,4
SF,IH2006,2020-06-17 14:17:11.200,2868.4000,17527,0,13533168480.000,0,-,-,-,-,2868.0000,2867.8000,2867.6000,2867.4000,2867.2000,2868.4000,2868.6000,2869.0000,2869.2000,2869.4000,5,2,1,1,1,1,2,5,1,4
SF,IH2006,2020-06-17 14:17:11.700,2868.4000,17527,0,13533168480.000,0,-,-,-,-,2868.0000,2867.8000,2867.6000,2867.4000,2867.2000,2868.4000,2868.6000,2869.0000,2869.2000,2869.4000,5,2,1,1,1,2,2,5,1,4
SF,IH2006,2020-06-17 14:17:12.200,2868.4000,17527,0,13533168480.000,0,-,-,-,-,2868.2000,2868.0000,2867.8000,2867.6000,2867.4000,2868.4000,2868.6000,2869.0000,2869.2000,2869.4000,1,5,2,1,1,2,2,5,1,4
SF,IH2006,2020-06-17 14:17:13.200,2868.2000,17528,1,13534028940.000,1,1,0,双开,B,2868.0000,2867.8000,2867.6000,2867.4000,2867.2000,2868.4000,2868.6000,2869.0000,2869.2000,2869.4000,5,2,1,1,1,2,2,5,1,4
SF,IH2006,2020-06-17 14:17:13.700,2868.0000,17527,-1,13534889340.000,1,0,1,双平,B,2868.0000,2867.8000,2867.6000,2867.4000,2867.2000,2868.4000,2868.6000,2869.0000,2869.2000,2869.4000,4,2,1,1,1,2,2,5,1,4
SF,IH2006,2020-06-17 14:17:15.200,2868.0000,17527,0,13534889340.000,0,-,-,-,-,2868.0000,2867.8000,2867.6000,2867.4000,2867.2000,2868.2000,2868.4000,2868.6000,2869.0000,2869.2000,4,2,1,1,1,1,2,2,5,1
SF,IH2006,2020-06-17 14:17:15.700,2868.0000,17527,0,13534889340.000,0,-,-,-,-,2868.0000,2867.8000,2867.6000,2867.4000,2867.2000,2868.2000,2868.4000,2868.6000,2869.0000,2869.2000,3,2,1,1,1,1,3,2,5,1
SF,IH2006,2020-06-17 14:17:16.200,2868.0000,17527,0,13534889340.000,0,-,-,-,-,2868.0000,2867.8000,2867.6000,2867.4000,2867.2000,2868.2000,2868.4000,2868.6000,2869.0000,2869.2000,3,2,1,1,1,1,4,2,5,1
SF,IH2006,2020-06-17 14:17:16.700,2868.0000,17527,0,13534889340.000,0,-,-,-,-,2868.0000,2867.8000,2867.6000,2867.4000,2867.2000,2868.2000,2868.4000,2868.6000,2869.0000,2869.2000,3,2,1,1,1,1,3,2,5,1
SF,IH2006,2020-06-17 14:17:17.200,2868.0000,17527,0,13534889340.000,0,-,-,-,-,2868.0000,2867.8000,2867.6000,2867.4000,2867.2000,2868.2000,2868.4000,2868.6000,2869.0000,2869.2000,3,2,1,1,1,2,4,2,5,1
SF,IH2006,2020-06-17 14:17:17.700,2868.0000,17528,1,13535749740.000,1,1,0,双开,B,2868.0000,2867.8000,2867.6000,2867.4000,2867.2000,2868.2000,2868.4000,2868.6000,2869.0000,2869.2000,2,2,1,1,1,2,4,2,5,1
SF,IH2006,2020-06-17 14:17:18.200,2868.0000,17528,0,13536610140.000,1,0,1,空换,B,2868.0000,2867.8000,2867.6000,2867.4000,2867.2000,2868.2000,2868.4000,2868.6000,2869.0000,2869.2000,1,2,1,1,1,2,4,2,5,1
SF,IH2006,2020-06-17 14:17:18.700,2868.0000,17528,0,13537470540.000,1,0,1,空换,B,2867.8000,2867.6000,2867.4000,2867.2000,2867.0000,2868.0000,2868.2000,2868.4000,2868.6000,2869.0000,2,1,1,1,22,1,2,4,2,5
SF,IH2006,2020-06-17 14:17:19.200,2868.0000,17528,0,13537470540.000,0,-,-,-,-,2867.8000,2867.6000,2867.4000,2867.2000,2867.0000,2868.0000,2868.2000,2868.4000,2868.6000,2869.0000,2,1,1,1,22,2,2,4,2,5
SF,IH2006,2020-06-17 14:17:20.200,2868.0000,17528,0,13537470540.000,0,-,-,-,-,2867.8000,2867.6000,2867.4000,2867.2000,2867.0000,2868.0000,2868.2000,2868.4000,2868.6000,2868.8000,2,1,1,1,22,2,2,4,2,1
SF,IH2006,2020-06-17 14:17:20.700,2868.0000,17528,0,13537470540.000,0,-,-,-,-,2867.8000,2867.6000,2867.4000,2867.2000,2867.0000,2868.0000,2868.2000,2868.4000,2868.8000,2869.0000,2,1,1,1,21,2,2,4,1,5
SF,IH2006,2020-06-17 14:17:21.200,2868.0000,17528,0,13538330940.000,1,0,1,空换,B,2867.8000,2867.6000,2867.4000,2867.2000,2867.0000,2868.2000,2868.4000,2868.8000,2869.0000,2869.2000,2,1,1,1,21,2,4,1,5,1
SF,IH2006,2020-06-17 14:17:21.700,2867.8000,17528,0,13539191280.000,1,0,1,空换,B,2867.8000,2867.6000,2867.4000,2867.2000,2867.0000,2868.2000,2868.4000,2868.8000,2869.0000,2869.2000,1,1,1,1,21,3,4,1,5,1
SF,IH2006,2020-06-17 14:17:22.200,2867.8000,17528,0,13539191280.000,0,-,-,-,-,2867.8000,2867.6000,2867.4000,2867.2000,2867.0000,2868.2000,2868.4000,2868.8000,2869.0000,2869.2000,1,1,1,1,21,2,4,1,5,1
SF,IH2006,2020-06-17 14:17:22.700,2868.0000,17529,1,13540051680.000,1,1,0,双开,B,2867.8000,2867.6000,2867.4000,2867.2000,2867.0000,2868.2000,2868.4000,2868.8000,2869.0000,2869.2000,1,1,1,1,21,2,4,1,5,1
SF,IH2006,2020-06-17 14:17:23.200,2868.0000,17529,0,13540051680.000,0,-,-,-,-,2867.8000,2867.6000,2867.4000,2867.2000,2867.0000,2868.2000,2868.4000,2868.8000,2869.0000,2869.2000,2,1,1,2,21,2,4,1,5,1
SF,IH2006,2020-06-17 14:17:23.700,2867.8000,17528,-1,13541772480.000,2,0,2,空平,B,2867.8000,2867.6000,2867.4000,2867.2000,2867.0000,2868.0000,2868.2000,2868.4000,2868.8000,2869.0000,1,1,1,2,21,1,1,4,1,5
SF,IH2006,2020-06-17 14:17:24.200,2868.0000,17528,0,13542632880.000,1,0,1,空换,B,2867.8000,2867.6000,2867.4000,2867.2000,2867.0000,2868.2000,2868.4000,2868.8000,2869.0000,2869.2000,1,2,1,2,21,1,4,1,5,1
SF,IH2006,2020-06-17 14:17:24.700,2868.2000,17527,-1,13543493340.000,1,0,1,双平,B,2868.0000,2867.8000,2867.6000,2867.4000,2867.2000,2868.4000,2868.8000,2869.0000,2869.2000,2869.4000,3,1,2,1,2,3,1,5,1,3
SF,IH2006,2020-06-17 14:17:25.200,2868.2000,17527,0,13543493340.000,0,-,-,-,-,2868.0000,2867.8000,2867.6000,2867.4000,2867.2000,2868.4000,2868.8000,2869.0000,2869.2000,2869.4000,3,1,2,1,2,2,1,5,1,3
SF,IH2006,2020-06-17 14:17:25.700,2868.0000,17527,0,13544353740.000,1,0,1,空换,B,2868.0000,2867.8000,2867.6000,2867.4000,2867.2000,2868.4000,2868.8000,2869.0000,2869.2000,2869.4000,2,1,2,1,2,2,1,5,1,3
SF,IH2006,2020-06-17 14:17:26.200,2868.0000,17527,0,13544353740.000,0,-,-,-,-,2868.2000,2868.0000,2867.8000,2867.6000,2867.4000,2868.4000,2868.8000,2869.0000,2869.2000,2869.4000,1,2,1,2,1,2,1,5,1,3
SF,IH2006,2020-06-17 14:17:26.700,2868.4000,17528,1,13546074780.000,2,1,1,多开,B,2868.4000,2868.2000,2868.0000,2867.8000,2867.6000,2868.6000,2868.8000,2869.0000,2869.2000,2869.4000,2,2,2,1,2,1,1,5,1,3
SF,IH2006,2020-06-17 14:17:27.200,2868.6000,17529,1,13547795940.000,2,1,1,多开,B,2868.2000,2868.0000,2867.8000,2867.6000,2867.4000,2868.8000,2869.0000,2869.2000,2869.4000,2869.8000,2,2,1,2,1,1,5,1,3,3
SF,IH2006,2020-06-17 14:17:27.700,2868.6000,17529,0,13547795940.000,0,-,-,-,-,2868.2000,2868.0000,2867.8000,2867.6000,2867.4000,2868.4000,2868.8000,2869.0000,2869.2000,2869.4000,2,2,1,2,1,1,2,5,1,3
SF,IH2006,2020-06-17 14:17:28.700,2868.2000,17528,-1,13549516920.000,2,0,2,空平,B,2868.2000,2868.0000,2867.8000,2867.6000,2867.4000,2868.8000,2869.0000,2869.2000,2869.4000,2869.8000,1,2,1,2,1,2,5,1,3,3
SF,IH2006,2020-06-17 14:17:29.200,2868.2000,17528,0,13549516920.000,0,-,-,-,-,2868.2000,2868.0000,2867.8000,2867.6000,2867.4000,2868.8000,2869.0000,2869.2000,2869.4000,2869.8000,1,2,1,2,1,2,5,1,3,3
SF,IH2006,2020-06-17 14:17:29.700,2868.2000,17528,0,13549516920.000,0,-,-,-,-,2868.0000,2867.8000,2867.6000,2867.4000,2867.2000,2868.8000,2869.0000,2869.2000,2869.4000,2869.8000,2,1,2,1,2,2,5,1,3,3
SF,IH2006,2020-06-17 14:17:30.200,2868.6000,17529,1,13550377500.000,1,1,0,双开,B,2868.0000,2867.8000,2867.6000,2867.4000,2867.2000,2868.8000,2869.0000,2869.2000,2869.4000,2869.8000,3,1,2,1,2,1,5,1,3,3
SF,IH2006,2020-06-17 14:17:30.700,2868.6000,17529,0,13550377500.000,0,-,-,-,-,2868.2000,2868.0000,2867.8000,2867.6000,2867.4000,2868.8000,2869.0000,2869.2000,2869.4000,2869.8000,2,3,1,2,1,2,5,1,3,3
SF,IH2006,2020-06-17 14:17:31.200,2868.6000,17529,0,13550377500.000,0,-,-,-,-,2868.2000,2868.0000,2867.8000,2867.6000,2867.4000,2868.8000,2869.0000,2869.2000,2869.4000,2869.8000,2,3,1,2,1,2,5,1,3,3
SF,IH2006,2020-06-17 14:17:31.700,2868.0000,17529,0,13554679620.000,5,2,3,空换,B,2867.8000,2867.6000,2867.4000,2867.2000,2867.0000,2868.0000,2868.8000,2869.0000,2869.2000,2869.4000,1,2,1,2,22,1,2,5,1,3
SF,IH2006,2020-06-17 14:17:32.200,2868.0000,17529,0,13555540020.000,1,0,1,空换,B,2868.4000,2868.2000,2868.0000,2867.8000,2867.6000,2868.8000,2869.0000,2869.2000,2869.4000,2869.8000,2,9,16,2,2,2,5,1,3,3
SF,IH2006,2020-06-17 14:17:32.700,2868.8000,17529,0,13558121940.000,3,1,2,空换,B,2868.2000,2868.0000,2867.8000,2867.6000,2867.4000,2869.0000,2869.2000,2869.4000,2869.8000,2870.0000,1,6,2,2,1,5,1,3,3,1
SF,IH2006,2020-06-17 14:17:33.200,2869.0000,17529,0,13561564740.000,4,2,2,空换,B,2868.4000,2868.2000,2868.0000,2867.8000,2867.6000,2869.0000,2869.2000,2869.4000,2869.8000,2870.0000,1,1,6,2,2,1,1,3,3,1
SF,IH2006,2020-06-17 14:17:33.700,2869.0000,17529,0,13562425440.000,1,0,1,空换,B,2869.0000,2868.8000,2868.6000,2868.4000,2868.2000,2869.2000,2869.4000,2869.8000,2870.0000,2870.2000,3,7,2,4,1,1,3,3,1,1
SF,IH2006,2020-06-17 14:17:34.200,2869.0000,17528,-1,13563286140.000,1,0,1,双平,B,2868.6000,2868.4000,2868.2000,2868.0000,2867.8000,2869.0000,2869.2000,2869.4000,2869.8000,2870.0000,4,2,1,6,2,3,1,3,3,1
SF,IH2006,2020-06-17 14:17:34.700,2868.6000,17528,0,13565007300.000,2,1,1,空换,B,2868.6000,2868.4000,2868.2000,2868.0000,2867.8000,2869.0000,2869.2000,2869.4000,2869.8000,2870.0000,2,2,1,7,2,4,1,3,3,1
SF,IH2006,2020-06-17 14:17:35.200,2869.0000,17531,3,13571032200.000,7,5,2,多开,B,2869.0000,2868.8000,2868.6000,2868.4000,2868.2000,2869.2000,2869.4000,2869.8000,2870.0000,2870.2000,2,5,3,1,1,1,3,3,1,1
SF,IH2006,2020-06-17 14:17:35.700,2869.0000,17532,1,13575335760.000,5,3,2,多开,B,2868.8000,2868.6000,2868.4000,2868.2000,2868.0000,2869.4000,2869.8000,2870.0000,2870.2000,2870.6000,2,3,1,1,6,2,3,1,1,2
SF,IH2006,2020-06-17 14:17:36.200,2869.4000,17531,-1,13576196580.000,1,0,1,双平,B,2868.8000,2868.6000,2868.4000,2868.2000,2868.0000,2869.4000,2869.8000,2870.0000,2870.2000,2870.6000,3,3,1,1,6,1,3,1,1,2
SF,IH2006,2020-06-17 14:17:36.700,2868.8000,17533,2,13577917860.000,2,2,0,双开,B,2868.8000,2868.6000,2868.4000,2868.2000,2868.0000,2869.2000,2869.4000,2869.6000,2869.8000,2870.0000,1,3,1,1,6,1,1,1,3,1
SF,IH2006,2020-06-17 14:17:37.200,2869.2000,17534,1,13579639320.000,2,1,1,多开,B,2868.6000,2868.4000,2868.2000,2868.0000,2867.6000,2869.4000,2869.6000,2869.8000,2870.0000,2870.2000,3,1,1,6,1,1,1,3,1,1
SF,IH2006,2020-06-17 14:17:37.700,2868.8000,17535,1,13582221240.000,3,2,1,多开,B,2868.6000,2868.4000,2868.2000,2868.0000,2867.6000,2868.8000,2869.2000,2869.4000,2869.6000,2869.8000,3,1,1,6,1,2,1,1,1,3
SF,IH2006,2020-06-17 14:17:38.200,2868.8000,17536,1,13584803100.000,3,2,1,多开,B,2868.6000,2868.4000,2868.2000,2868.0000,2867.6000,2869.2000,2869.4000,2869.6000,2869.8000,2870.0000,2,1,1,6,1,1,1,1,3,1
SF,IH2006,2020-06-17 14:17:38.700,2869.4000,17537,1,13586524680.000,2,1,1,多开,B,2868.6000,2868.4000,2868.2000,2868.0000,2867.6000,2869.6000,2869.8000,2870.0000,2870.2000,2870.6000,2,1,1,6,1,1,3,1,1,2
SF,IH2006,2020-06-17 14:17:39.200,2868.8000,17536,-1,13588246140.000,2,0,2,空平,B,2868.8000,2868.6000,2868.4000,2868.2000,2868.0000,2869.4000,2869.6000,2869.8000,2870.0000,2870.2000,1,2,1,1,6,1,1,3,1,1
SF,IH2006,2020-06-17 14:17:39.700,2868.8000,17536,0,13588246140.000,0,-,-,-,-,2868.8000,2868.6000,2868.4000,2868.2000,2868.0000,2869.4000,2869.6000,2869.8000,2870.0000,2870.2000,1,2,1,1,5,1,1,3,1,1
SF,IH2006,2020-06-17 14:17:40.200,2868.8000,17536,0,13589106780.000,1,0,1,空换,B,2868.6000,2868.4000,2868.0000,2867.8000,2867.6000,2869.4000,2869.6000,2869.8000,2870.0000,2870.2000,2,1,4,1,1,1,1,3,1,1
SF,IH2006,2020-06-17 14:17:40.700,2869.4000,17538,2,13591689120.000,3,2,1,多开,B,2868.6000,2868.4000,2868.0000,2867.8000,2867.6000,2869.6000,2869.8000,2870.0000,2870.2000,2870.6000,2,1,4,1,1,1,3,1,1,2
SF,IH2006,2020-06-17 14:17:41.200,2869.4000,17538,0,13591689120.000,0,-,-,-,-,2868.8000,2868.6000,2868.0000,2867.6000,2867.4000,2869.6000,2869.8000,2870.0000,2870.2000,2870.6000,3,2,4,1,1,1,3,1,1,2
SF,IH2006,2020-06-17 14:17:41.700,2869.4000,17538,0,13591689120.000,0,-,-,-,-,2868.8000,2868.6000,2868.0000,2867.6000,2867.4000,2869.4000,2869.6000,2869.8000,2870.0000,2870.2000,1,2,4,1,1,2,1,3,1,1
SF,IH2006,2020-06-17 14:17:42.200,2869.4000,17537,-1,13592549940.000,1,0,1,双平,B,2868.6000,2868.0000,2867.6000,2867.4000,2867.2000,2869.4000,2869.6000,2869.8000,2870.0000,2870.2000,2,4,1,1,1,2,1,3,1,1
SF,IH2006,2020-06-17 14:17:43.200,2869.4000,17537,0,13592549940.000,0,-,-,-,-,2868.6000,2868.0000,2867.6000,2867.4000,2867.2000,2869.4000,2869.6000,2869.8000,2870.0000,2870.2000,3,4,1,1,1,2,1,3,1,1
SF,IH2006,2020-06-17 14:17:43.700,2869.4000,17537,0,13593410760.000,1,0,1,空换,B,2868.8000,2868.6000,2868.0000,2867.6000,2867.4000,2869.2000,2869.4000,2869.6000,2869.8000,2870.0000,2,3,4,1,1,2,4,1,3,1
SF,IH2006,2020-06-17 14:17:44.700,2868.8000,17538,1,13594271400.000,1,1,0,双开,B,2868.8000,2868.6000,2868.0000,2867.6000,2867.4000,2869.2000,2869.4000,2869.6000,2869.8000,2870.0000,1,3,4,1,1,2,4,1,3,1
SF,IH2006,2020-06-17 14:17:46.200,2868.8000,17538,0,13594271400.000,0,-,-,-,-,2868.8000,2868.6000,2868.0000,2867.6000,2867.4000,2869.2000,2869.4000,2869.6000,2869.8000,2870.0000,1,3,4,1,1,2,4,1,3,1
SF,IH2006,2020-06-17 14:17:47.200,2869.2000,17538,0,13595132160.000,1,0,1,空换,B,2868.8000,2868.6000,2868.0000,2867.6000,2867.4000,2869.2000,2869.4000,2869.6000,2869.8000,2870.0000,1,3,4,1,1,1,4,1,3,1
SF,IH2006,2020-06-17 14:17:47.700,2868.8000,17538,0,13595992800.000,1,0,1,空换,B,2868.6000,2868.0000,2867.6000,2867.4000,2867.2000,2868.8000,2869.2000,2869.4000,2869.6000,2869.8000,3,4,1,1,1,1,1,4,1,3
SF,IH2006,2020-06-17 14:17:48.200,2868.8000,17538,0,13595992800.000,0,-,-,-,-,2868.6000,2868.0000,2867.6000,2867.4000,2867.2000,2868.8000,2869.2000,2869.4000,2869.6000,2869.8000,2,4,1,1,1,1,1,3,1,3
SF,IH2006,2020-06-17 14:17:48.700,2868.8000,17538,0,13595992800.000,0,-,-,-,-,2868.6000,2868.0000,2867.6000,2867.4000,2867.2000,2868.8000,2869.2000,2869.4000,2869.6000,2869.8000,2,4,1,1,1,1,1,3,1,3
SF,IH2006,2020-06-17 14:17:49.200,2868.8000,17538,0,13596853440.000,1,0,1,空换,B,2868.6000,2868.0000,2867.6000,2867.4000,2867.2000,2869.2000,2869.4000,2869.6000,2869.8000,2870.0000,3,4,1,1,1,1,3,1,3,1
SF,IH2006,2020-06-17 14:17:49.700,2868.8000,17539,1,13597714080.000,1,1,0,双开,B,2868.6000,2868.0000,2867.6000,2867.4000,2867.2000,2869.0000,2869.2000,2869.4000,2869.6000,2869.8000,2,4,1,1,1,1,2,3,1,3
SF,IH2006,2020-06-17 14:17:50.700,2868.8000,17539,0,13598574720.000,1,0,1,空换,B,2868.6000,2868.0000,2867.6000,2867.4000,2867.2000,2869.0000,2869.2000,2869.4000,2869.6000,2869.8000,2,4,1,1,1,1,2,3,1,3
SF,IH2006,2020-06-17 14:17:51.200,2868.6000,17538,-1,13599435300.000,1,0,1,双平,B,2868.6000,2868.0000,2867.6000,2867.4000,2867.2000,2869.0000,2869.2000,2869.4000,2869.6000,2869.8000,1,4,1,1,1,2,2,3,1,3
SF,IH2006,2020-06-17 14:17:52.200,2868.6000,17538,0,13599435300.000,0,-,-,-,-,2868.6000,2868.0000,2867.6000,2867.4000,2867.2000,2869.0000,2869.2000,2869.4000,2869.6000,2869.8000,1,4,1,1,1,2,2,3,1,4
SF,IH2006,2020-06-17 14:17:52.700,2868.6000,17538,0,13599435300.000,0,-,-,-,-,2868.6000,2868.0000,2867.4000,2867.2000,2867.0000,2869.0000,2869.2000,2869.4000,2869.6000,2869.8000,1,4,1,1,22,2,2,3,1,5
SF,IH2006,2020-06-17 14:17:53.200,2869.0000,17538,0,13600296000.000,1,0,1,空换,B,2868.6000,2868.0000,2867.4000,2867.2000,2867.0000,2869.0000,2869.2000,2869.4000,2869.6000,2869.8000,1,4,1,1,22,1,2,4,1,5
SF,IH2006,2020-06-17 14:17:53.700,2869.0000,17538,0,13600296000.000,0,-,-,-,-,2868.6000,2868.0000,2867.4000,2867.2000,2867.0000,2869.2000,2869.4000,2869.6000,2869.8000,2870.0000,1,4,1,1,22,2,4,1,5,1
SF,IH2006,2020-06-17 14:17:54.200,2869.0000,17538,0,13600296000.000,0,-,-,-,-,2868.6000,2868.0000,2867.4000,2867.2000,2867.0000,2869.2000,2869.4000,2869.6000,2869.8000,2870.0000,2,4,1,1,22,2,4,1,5,1
SF,IH2006,2020-06-17 14:17:54.700,2869.0000,17538,0,13600296000.000,0,-,-,-,-,2868.8000,2868.6000,2868.0000,2867.4000,2867.2000,2869.2000,2869.4000,2869.6000,2869.8000,2870.0000,2,2,4,1,1,2,4,1,5,1
SF,IH2006,2020-06-17 14:17:55.200,2869.0000,17538,0,13600296000.000,0,-,-,-,-,2868.8000,2868.6000,2868.0000,2867.4000,2867.2000,2869.2000,2869.4000,2869.6000,2869.8000,2870.0000,2,2,4,1,1,2,4,1,5,1
SF,IH2006,2020-06-17 14:17:55.700,2868.8000,17538,0,13602017280.000,2,1,1,空换,B,2868.6000,2868.0000,2867.4000,2867.2000,2867.0000,2869.2000,2869.4000,2869.6000,2869.8000,2870.0000,2,4,1,1,21,2,4,1,5,1
SF,IH2006,2020-06-17 14:17:56.700,2869.2000,17538,0,13602878040.000,1,0,1,空换,B,2868.6000,2868.0000,2867.4000,2867.2000,2867.0000,2869.4000,2869.6000,2869.8000,2870.0000,2870.2000,2,4,1,1,21,4,1,5,1,1
SF,IH2006,2020-06-17 14:17:57.200,2868.8000,17539,1,13604599440.000,2,1,1,多开,B,2868.8000,2868.6000,2868.0000,2867.4000,2867.2000,2869.4000,2869.6000,2869.8000,2870.0000,2870.2000,1,2,4,1,1,4,1,5,1,1
SF,IH2006,2020-06-17 14:17:57.700,2868.8000,17539,0,13604599440.000,0,-,-,-,-,2868.8000,2868.6000,2868.0000,2867.4000,2867.2000,2869.4000,2869.6000,2869.8000,2870.0000,2870.2000,2,2,4,1,1,4,1,5,1,1
SF,IH2006,2020-06-17 14:17:58.700,2868.8000,17539,0,13604599440.000,0,-,-,-,-,2869.0000,2868.8000,2868.6000,2868.0000,2867.4000,2869.4000,2869.6000,2869.8000,2870.0000,2870.2000,1,2,3,3,1,4,1,5,1,1
SF,IH2006,2020-06-17 14:17:59.200,2869.4000,17539,0,13606320960.000,2,1,1,空换,B,2868.8000,2868.6000,2868.4000,2868.0000,2867.4000,2869.4000,2869.6000,2869.8000,2870.0000,2870.2000,2,3,1,3,1,3,1,6,1,1
SF,IH2006,2020-06-17 14:17:59.700,2869.0000,17540,1,13607181660.000,1,1,0,双开,B,2869.0000,2868.8000,2868.6000,2868.4000,2868.0000,2869.4000,2869.6000,2869.8000,2870.0000,2870.2000,1,2,3,1,3,3,1,6,1,1
SF,IH2006,2020-06-17 14:18:00.200,2869.0000,17540,0,13607181660.000,0,-,-,-,-,2869.2000,2869.0000,2868.8000,2868.6000,2868.4000,2869.4000,2869.8000,2870.0000,2870.2000,2870.6000,1,1,2,3,1,3,6,1,1,1
SF,IH2006,2020-06-17 14:18:00.700,2869.2000,17539,-1,13612346340.000,6,2,4,空平,B,2869.0000,2868.8000,2868.6000,2868.4000,2868.0000,2869.4000,2869.8000,2870.0000,2870.2000,2870.6000,1,2,3,1,3,1,6,1,1,1
SF,IH2006,2020-06-17 14:18:01.200,2869.8000,17540,1,13614929040.000,3,2,1,多开,B,2869.6000,2869.4000,2869.2000,2869.0000,2868.8000,2869.8000,2870.0000,2870.2000,2870.6000,2870.8000,1,5,2,5,2,4,1,1,1,5
SF,IH2006,2020-06-17 14:18:01.700,2869.8000,17538,-2,13623538020.000,10,4,6,空平,B,2869.4000,2869.2000,2869.0000,2868.8000,2868.6000,2870.0000,2870.2000,2870.6000,2870.8000,2871.0000,3,1,2,2,3,1,1,1,5,3
SF,IH2006,2020-06-17 14:18:02.200,2869.8000,17538,0,13623538020.000,0,-,-,-,-,2869.4000,2869.2000,2869.0000,2868.8000,2868.6000,2869.6000,2870.0000,2870.2000,2870.6000,2870.8000,5,1,2,2,2,1,1,1,1,5
SF,IH2006,2020-06-17 14:18:02.700,2869.6000,17537,-1,13624398900.000,1,0,1,双平,B,2869.6000,2869.4000,2869.2000,2869.0000,2868.8000,2870.0000,2870.2000,2870.6000,2870.8000,2871.0000,2,4,1,3,2,1,1,1,4,3
SF,IH2006,2020-06-17 14:18:03.200,2870.0000,17537,0,13625259900.000,1,0,1,空换,B,2870.0000,2869.6000,2869.4000,2869.2000,2869.0000,2870.2000,2870.6000,2870.8000,2871.0000,2871.2000,1,2,4,1,3,1,1,4,3,1
SF,IH2006,2020-06-17 14:18:03.700,2870.2000,17535,-2,13627843020.000,3,0,3,空平,B,2869.4000,2869.0000,2868.8000,2868.6000,2868.4000,2870.0000,2870.4000,2870.6000,2870.8000,2871.0000,4,3,3,2,1,2,1,1,4,3
SF,IH2006,2020-06-17 14:18:04.200,2870.0000,17534,-1,13628704020.000,1,0,1,双平,B,2869.4000,2869.0000,2868.8000,2868.6000,2868.4000,2870.0000,2870.4000,2870.6000,2870.8000,2871.0000,4,3,3,2,2,1,1,1,4,3
SF,IH2006,2020-06-17 14:18:04.700,2869.4000,17534,0,13630425840.000,2,1,1,空换,B,2870.0000,2869.4000,2869.0000,2868.8000,2868.6000,2870.4000,2870.6000,2870.8000,2871.0000,2871.2000,1,3,3,3,2,1,1,4,3,1
SF,IH2006,2020-06-17 14:18:05.200,2869.4000,17533,-1,13633008480.000,3,1,2,空平,B,2869.4000,2869.0000,2868.8000,2868.6000,2868.4000,2870.0000,2870.2000,2870.4000,2870.6000,2870.8000,1,3,3,2,1,4,1,2,1,4
SF,IH2006,2020-06-17 14:18:05.700,2869.4000,17533,0,13633008480.000,0,-,-,-,-,2869.6000,2869.4000,2869.0000,2868.8000,2868.6000,2870.0000,2870.2000,2870.4000,2870.6000,2870.8000,5,1,3,2,2,4,1,2,1,4
SF,IH2006,2020-06-17 14:18:06.200,2870.0000,17532,-1,13634730480.000,2,0,2,空平,B,2869.8000,2869.6000,2869.4000,2869.0000,2868.8000,2870.0000,2870.2000,2870.4000,2870.6000,2870.8000,4,1,1,3,2,2,1,2,1,4
SF,IH2006,2020-06-17 14:18:06.700,2870.4000,17533,1,13638174660.000,4,2,2,多开,B,2869.8000,2869.6000,2869.4000,2869.0000,2868.8000,2870.4000,2870.6000,2870.8000,2871.0000,2871.2000,4,1,1,3,2,1,1,4,3,1
SF,IH2006,2020-06-17 14:18:07.200,2870.2000,17533,0,13639035720.000,1,0,1,空换,B,2870.2000,2869.6000,2869.4000,2869.0000,2868.8000,2870.4000,2870.6000,2870.8000,2871.0000,2871.2000,3,1,1,3,2,1,1,4,3,1
SF,IH2006,2020-06-17 14:18:07.700,2870.2000,17535,2,13641618900.000,3,2,1,多开,B,2869.6000,2869.4000,2869.0000,2868.8000,2868.6000,2870.2000,2870.4000,2870.6000,2870.8000,2871.0000,1,1,3,2,2,6,1,1,4,3
SF,IH2006,2020-06-17 14:18:08.200,2870.2000,17535,0,13642479960.000,1,0,1,空换,B,2869.6000,2869.4000,2869.0000,2868.8000,2868.6000,2870.2000,2870.4000,2870.6000,2870.8000,2871.0000,1,1,2,2,2,5,1,1,4,3
SF,IH2006,2020-06-17 14:18:08.700,2870.2000,17535,0,13642479960.000,0,-,-,-,-,2869.6000,2869.4000,2869.0000,2868.8000,2868.6000,2870.0000,2870.2000,2870.4000,2870.6000,2870.8000,1,1,2,3,1,2,5,1,1,4
SF,IH2006,2020-06-17 14:18:09.200,2870.2000,17535,0,13642479960.000,0,-,-,-,-,2869.6000,2869.4000,2869.0000,2868.8000,2868.6000,2870.0000,2870.2000,2870.4000,2870.6000,2870.8000,1,1,2,2,1,2,5,1,1,4
SF,IH2006,2020-06-17 14:18:09.700,2870.2000,17535,0,13642479960.000,0,-,-,-,-,2869.4000,2869.0000,2868.8000,2868.6000,2868.4000,2870.0000,2870.2000,2870.4000,2870.6000,2870.8000,1,2,2,1,1,2,5,1,1,4
SF,IH2006,2020-06-17 14:18:10.200,2870.2000,17535,0,13642479960.000,0,-,-,-,-,2869.4000,2869.0000,2868.8000,2868.6000,2868.4000,2869.8000,2870.0000,2870.2000,2870.4000,2870.6000,1,2,2,2,1,1,2,5,1,1
SF,IH2006,2020-06-17 14:18:10.700,2870.2000,17535,0,13642479960.000,0,-,-,-,-,2869.6000,2869.4000,2869.0000,2868.8000,2868.6000,2869.8000,2870.0000,2870.2000,2870.4000,2870.6000,1,1,2,2,1,1,2,5,1,1
SF,IH2006,2020-06-17 14:18:11.200,2870.2000,17535,0,13642479960.000,0,-,-,-,-,2869.4000,2869.0000,2868.8000,2868.6000,2868.4000,2869.6000,2869.8000,2870.0000,2870.2000,2870.4000,1,2,2,1,1,1,1,1,4,1
SF,IH2006,2020-06-17 14:18:11.700,2869.4000,17535,0,13643340780.000,1,0,1,空换,B,2869.0000,2868.8000,2868.6000,2868.4000,2868.0000,2869.8000,2870.0000,2870.2000,2870.4000,2870.6000,2,2,1,1,1,1,1,4,1,1
SF,IH2006,2020-06-17 14:18:12.200,2869.4000,17535,0,13643340780.000,0,-,-,-,-,2869.4000,2869.0000,2868.8000,2868.6000,2868.4000,2869.6000,2869.8000,2870.0000,2870.2000,2870.4000,1,2,1,1,1,1,1,1,4,1
SF,IH2006,2020-06-17 14:18:12.700,2869.6000,17536,1,13644201660.000,1,1,0,双开,B,2869.6000,2869.4000,2869.2000,2869.0000,2868.8000,2869.8000,2870.0000,2870.2000,2870.4000,2870.6000,4,2,1,2,1,1,1,4,1,1
SF,IH2006,2020-06-17 14:18:13.200,2869.6000,17536,0,13644201660.000,0,-,-,-,-,2869.6000,2869.4000,2869.2000,2869.0000,2868.8000,2869.8000,2870.0000,2870.2000,2870.4000,2870.6000,4,2,1,2,1,1,1,4,1,1
SF,IH2006,2020-06-17 14:18:13.700,2869.6000,17536,0,13644201660.000,0,-,-,-,-,2869.6000,2869.4000,2869.2000,2869.0000,2868.8000,2869.8000,2870.0000,2870.2000,2870.4000,2870.6000,4,2,1,2,1,1,1,4,1,1
SF,IH2006,2020-06-17 14:18:14.200,2869.8000,17535,-1,13645062600.000,1,0,1,双平,B,2869.6000,2869.4000,2869.2000,2869.0000,2868.8000,2870.0000,2870.2000,2870.4000,2870.6000,2870.8000,4,2,1,2,1,1,4,1,1,4
SF,IH2006,2020-06-17 14:18:14.700,2869.8000,17535,0,13645062600.000,0,-,-,-,-,2869.8000,2869.4000,2869.2000,2869.0000,2868.8000,2870.0000,2870.2000,2870.4000,2870.6000,2870.8000,5,1,1,2,1,2,4,1,1,4
SF,IH2006,2020-06-17 14:18:15.200,2869.8000,17535,0,13647645420.000,3,1,2,空换,B,2869.8000,2869.4000,2869.2000,2869.0000,2868.8000,2870.0000,2870.2000,2870.4000,2870.6000,2870.8000,3,2,1,2,1,2,4,1,1,4
SF,IH2006,2020-06-17 14:18:15.700,2869.8000,17537,2,13650228240.000,3,2,1,多开,B,2869.8000,2869.4000,2869.2000,2869.0000,2868.8000,2870.0000,2870.2000,2870.4000,2870.6000,2870.8000,1,2,1,2,1,2,4,1,1,4
SF,IH2006,2020-06-17 14:18:16.200,2869.8000,17537,0,13651089180.000,1,0,1,空换,B,2869.4000,2869.2000,2869.0000,2868.8000,2868.4000,2869.8000,2870.0000,2870.2000,2870.4000,2870.6000,2,1,2,1,1,1,2,4,1,1
SF,IH2006,2020-06-17 14:18:16.700,2869.8000,17537,0,13651089180.000,0,-,-,-,-,2869.4000,2869.2000,2869.0000,2868.8000,2868.6000,2869.8000,2870.0000,2870.2000,2870.4000,2870.6000,2,1,2,1,1,1,2,4,1,1
SF,IH2006,2020-06-17 14:18:18.700,2869.4000,17537,0,13651950000.000,1,0,1,空换,B,2869.4000,2869.2000,2869.0000,2868.8000,2868.6000,2869.8000,2870.0000,2870.2000,2870.4000,2870.6000,1,1,2,1,1,1,2,4,1,1
SF,IH2006,2020-06-17 14:18:19.200,2869.4000,17537,0,13652810820.000,1,0,1,空换,B,2869.2000,2869.0000,2868.8000,2868.4000,2868.0000,2869.8000,2870.0000,2870.2000,2870.4000,2870.6000,1,2,1,1,2,1,2,4,1,1
SF,IH2006,2020-06-17 14:18:19.700,2869.4000,17537,0,13652810820.000,0,-,-,-,-,2869.2000,2869.0000,2868.8000,2868.4000,2868.0000,2869.8000,2870.0000,2870.2000,2870.4000,2870.6000,1,1,1,1,2,1,2,4,1,1
SF,IH2006,2020-06-17 14:18:20.700,2869.4000,17537,0,13652810820.000,0,-,-,-,-,2869.2000,2869.0000,2868.8000,2868.4000,2868.0000,2869.6000,2869.8000,2870.0000,2870.2000,2870.4000,1,1,1,1,2,1,1,2,4,1
SF,IH2006,2020-06-17 14:18:21.200,2869.4000,17537,0,13652810820.000,0,-,-,-,-,2869.4000,2869.2000,2869.0000,2868.8000,2868.4000,2869.6000,2869.8000,2870.0000,2870.2000,2870.4000,1,1,1,1,1,1,1,2,4,1
SF,IH2006,2020-06-17 14:18:21.700,2869.4000,17537,0,13653671640.000,1,0,1,空换,B,2869.2000,2869.0000,2868.8000,2868.4000,2868.0000,2869.6000,2869.8000,2870.0000,2870.2000,2870.4000,1,1,1,1,2,1,1,2,4,1
SF,IH2006,2020-06-17 14:18:22.200,2869.4000,17537,0,13653671640.000,0,-,-,-,-,2869.2000,2869.0000,2868.8000,2868.4000,2868.2000,2869.4000,2869.6000,2869.8000,2870.0000,2870.2000,1,1,1,1,1,1,1,1,2,4
SF,IH2006,2020-06-17 14:18:22.700,2869.4000,17537,0,13653671640.000,0,-,-,-,-,2868.8000,2868.4000,2868.0000,2867.4000,2867.2000,2869.4000,2869.6000,2869.8000,2870.0000,2870.2000,1,1,2,1,1,1,1,1,2,4
SF,IH2006,2020-06-17 14:18:23.200,2869.4000,17537,0,13653671640.000,0,-,-,-,-,2868.8000,2868.4000,2868.0000,2867.4000,2867.2000,2869.2000,2869.4000,2869.6000,2869.8000,2870.0000,1,1,2,1,1,1,2,1,1,1
SF,IH2006,2020-06-17 14:18:23.700,2869.4000,17537,0,13653671640.000,0,-,-,-,-,2868.8000,2868.4000,2868.0000,2867.4000,2867.2000,2869.2000,2869.4000,2869.6000,2869.8000,2870.0000,2,1,2,1,1,1,2,1,1,1
SF,IH2006,2020-06-17 14:18:24.200,2869.4000,17537,0,13653671640.000,0,-,-,-,-,2869.0000,2868.8000,2868.4000,2868.0000,2867.4000,2869.2000,2869.4000,2869.6000,2869.8000,2870.0000,1,2,1,2,1,1,2,1,1,1
SF,IH2006,2020-06-17 14:18:25.200,2869.2000,17538,1,13655393160.000,2,1,1,多开,B,2869.0000,2868.8000,2868.4000,2868.0000,2867.4000,2869.4000,2869.6000,2869.8000,2870.0000,2870.2000,1,2,1,2,1,1,1,1,1,4
SF,IH2006,2020-06-17 14:18:26.700,2869.2000,17538,0,13655393160.000,0,-,-,-,-,2869.0000,2868.8000,2868.4000,2868.0000,2867.4000,2869.4000,2869.6000,2869.8000,2870.0000,2870.2000,1,2,1,2,1,2,1,1,1,4
SF,IH2006,2020-06-17 14:18:27.200,2869.2000,17538,0,13655393160.000,0,-,-,-,-,2869.0000,2868.8000,2868.4000,2868.0000,2867.4000,2869.4000,2869.8000,2870.0000,2870.2000,2870.4000,1,2,1,2,1,2,1,1,4,1
SF,IH2006,2020-06-17 14:18:27.700,2869.2000,17538,0,13655393160.000,0,-,-,-,-,2869.0000,2868.8000,2868.4000,2868.0000,2867.2000,2869.4000,2869.8000,2870.0000,2870.2000,2870.4000,1,2,2,2,1,2,1,1,4,1
SF,IH2006,2020-06-17 14:18:28.200,2869.0000,17538,0,13656253860.000,1,0,1,空换,B,2868.8000,2868.4000,2868.0000,2867.2000,2867.0000,2869.4000,2869.8000,2870.0000,2870.2000,2870.4000,2,2,2,1,21,2,1,1,4,1
SF,IH2006,2020-06-17 14:18:28.700,2869.0000,17538,0,13656253860.000,0,-,-,-,-,2868.8000,2868.4000,2868.0000,2867.2000,2867.0000,2869.2000,2869.4000,2869.8000,2870.0000,2870.2000,1,2,2,1,21,2,2,1,1,4
SF,IH2006,2020-06-17 14:18:29.200,2869.0000,17537,-1,13657114560.000,1,0,1,双平,B,2869.0000,2868.8000,2868.4000,2868.0000,2867.2000,2869.2000,2869.4000,2869.8000,2870.0000,2870.2000,1,1,2,3,1,3,2,1,1,4
SF,IH2006,2020-06-17 14:18:29.700,2869.0000,17537,0,13657975260.000,1,0,1,空换,B,2868.8000,2868.4000,2868.0000,2867.2000,2867.0000,2869.2000,2869.4000,2869.8000,2870.0000,2870.2000,1,2,3,1,21,3,2,1,1,4
SF,IH2006,2020-06-17 14:18:30.200,2868.8000,17537,0,13658835900.000,1,0,1,空换,B,2869.0000,2868.4000,2868.0000,2867.2000,2867.0000,2869.2000,2869.4000,2869.8000,2870.0000,2870.2000,16,2,3,1,21,4,2,1,1,4
SF,IH2006,2020-06-17 14:18:30.700,2868.8000,17537,0,13658835900.000,0,-,-,-,-,2869.0000,2868.4000,2868.0000,2867.2000,2867.0000,2869.2000,2869.4000,2869.8000,2870.0000,2870.2000,16,2,3,1,21,3,2,1,1,4
SF,IH2006,2020-06-17 14:18:31.200,2869.4000,17536,-1,13660557480.000,2,0,2,空平,B,2869.0000,2868.4000,2868.0000,2867.2000,2867.0000,2869.4000,2869.8000,2870.0000,2870.2000,2870.6000,16,2,3,1,21,1,1,1,4,1
SF,IH2006,2020-06-17 14:18:31.700,2869.0000,17536,0,13662278880.000,2,1,1,空换,B,2869.0000,2868.4000,2868.0000,2867.2000,2867.0000,2869.4000,2869.8000,2870.0000,2870.2000,2870.6000,14,2,3,1,21,1,1,21,4,1
SF,IH2006,2020-06-17 14:18:32.200,2869.0000,17544,8,13669164480.000,8,8,0,双开,B,2869.0000,2868.4000,2868.0000,2867.2000,2867.0000,2869.2000,2869.4000,2869.8000,2870.0000,2870.2000,6,2,3,1,21,2,2,1,20,4
SF,IH2006,2020-06-17 14:18:32.700,2869.0000,17550,6,13675189380.000,7,6,1,多开,B,2868.4000,2868.0000,2867.2000,2867.0000,2866.4000,2868.6000,2869.0000,2869.2000,2869.4000,2869.8000,2,3,1,21,1,1,2,3,1,1
SF,IH2006,2020-06-17 14:18:33.200,2868.6000,17551,1,13676049960.000,1,1,0,双开,B,2868.8000,2868.6000,2868.4000,2868.0000,2867.2000,2869.0000,2869.2000,2869.4000,2869.8000,2870.0000,2,2,2,3,1,2,3,1,1,20
SF,IH2006,2020-06-17 14:18:33.700,2868.6000,17551,0,13676049960.000,0,-,-,-,-,2868.6000,2868.4000,2868.0000,2867.2000,2867.0000,2869.0000,2869.2000,2869.4000,2869.6000,2869.8000,2,2,2,1,21,3,3,1,1,1
SF,IH2006,2020-06-17 14:18:34.200,2868.6000,17551,0,13676049960.000,0,-,-,-,-,2868.6000,2868.4000,2868.0000,2867.2000,2867.0000,2868.8000,2869.0000,2869.2000,2869.4000,2869.6000,1,2,2,1,21,2,4,3,1,1
SF,IH2006,2020-06-17 14:18:34.700,2868.8000,17553,2,13678631760.000,3,2,1,多开,B,2868.4000,2868.0000,2867.8000,2867.2000,2867.0000,2868.8000,2869.0000,2869.2000,2869.4000,2869.6000,2,2,1,1,21,1,4,3,1,1
SF,IH2006,2020-06-17 14:18:35.200,2868.8000,17553,0,13678631760.000,0,-,-,-,-,2868.4000,2868.0000,2867.8000,2867.6000,2867.2000,2868.6000,2868.8000,2869.0000,2869.2000,2869.4000,2,2,1,1,1,2,2,4,1,1
SF,IH2006,2020-06-17 14:18:35.700,2868.8000,17553,0,13678631760.000,0,-,-,-,-,2868.4000,2868.0000,2867.2000,2867.0000,2866.4000,2868.6000,2868.8000,2869.0000,2869.2000,2869.4000,2,2,1,21,1,2,2,4,1,1
SF,IH2006,2020-06-17 14:18:36.200,2868.8000,17553,0,13678631760.000,0,-,-,-,-,2868.4000,2868.0000,2867.6000,2867.2000,2867.0000,2868.6000,2868.8000,2869.0000,2869.2000,2869.4000,2,2,1,1,21,2,2,4,1,1
SF,IH2006,2020-06-17 14:18:36.700,2868.8000,17553,0,13678631760.000,0,-,-,-,-,2868.4000,2868.0000,2867.6000,2867.2000,2867.0000,2868.6000,2868.8000,2869.0000,2869.2000,2869.4000,3,2,1,1,21,2,2,4,1,1
SF,IH2006,2020-06-17 14:18:37.200,2868.6000,17554,1,13680352920.000,2,1,1,多开,B,2868.6000,2868.4000,2868.0000,2867.6000,2867.2000,2868.8000,2869.0000,2869.2000,2869.4000,2869.6000,1,3,2,1,1,2,4,1,1,1
SF,IH2006,2020-06-17 14:18:37.700,2868.6000,17554,0,13680352920.000,0,-,-,-,-,2868.6000,2868.4000,2868.0000,2867.6000,2867.2000,2868.8000,2869.0000,2869.2000,2869.4000,2869.6000,1,3,2,1,1,2,5,1,1,1
SF,IH2006,2020-06-17 14:18:38.200,2868.6000,17554,0,13680352920.000,0,-,-,-,-,2868.6000,2868.4000,2868.0000,2867.6000,2867.2000,2868.8000,2869.0000,2869.2000,2869.4000,2869.6000,1,3,2,2,1,2,5,1,1,1
SF,IH2006,2020-06-17 14:18:38.700,2868.6000,17554,0,13680352920.000,0,-,-,-,-,2868.6000,2868.4000,2868.0000,2867.6000,2867.2000,2868.8000,2869.0000,2869.2000,2869.4000,2869.6000,2,3,2,2,1,2,5,1,1,1
SF,IH2006,2020-06-17 14:18:42.200,2868.8000,17555,1,13681213560.000,1,1,0,双开,B,2868.6000,2868.4000,2868.0000,2867.6000,2867.2000,2869.0000,2869.2000,2869.4000,2869.6000,2869.8000,2,3,2,2,1,5,1,1,1,2
SF,IH2006,2020-06-17 14:18:42.700,2869.0000,17560,5,13685517060.000,5,5,0,双开,B,2869.0000,2868.8000,2868.6000,2868.4000,2868.0000,2869.2000,2869.4000,2869.6000,2869.8000,2870.0000,7,1,4,3,2,1,1,1,2,20
SF,IH2006,2020-06-17 14:18:43.200,2869.4000,17562,2,13687238640.000,2,2,0,双开,B,2869.4000,2869.2000,2869.0000,2868.8000,2868.6000,2869.6000,2869.8000,2870.0000,2870.2000,2870.6000,1,8,1,1,4,1,2,20,4,1
SF,IH2006,2020-06-17 14:18:43.700,2869.4000,17563,1,13688960340.000,2,1,1,多开,B,2869.2000,2869.0000,2868.8000,2868.6000,2868.4000,2869.4000,2869.8000,2870.0000,2870.2000,2870.6000,5,1,1,5,3,1,2,20,4,1
SF,IH2006,2020-06-17 14:18:44.200,2869.4000,17563,0,13689821160.000,1,0,1,空换,B,2869.4000,2869.2000,2869.0000,2868.8000,2868.6000,2869.8000,2870.0000,2870.2000,2870.6000,2870.8000,2,1,1,1,5,2,21,4,1,4
SF,IH2006,2020-06-17 14:18:44.700,2869.4000,17565,2,13691542800.000,2,2,0,双开,B,2869.2000,2869.0000,2868.8000,2868.6000,2868.4000,2869.4000,2869.6000,2869.8000,2870.0000,2870.2000,1,1,1,5,4,2,3,2,21,4
SF,IH2006,2020-06-17 14:18:45.200,2869.2000,17566,1,13692403560.000,1,1,0,双开,B,2868.8000,2868.6000,2868.4000,2868.0000,2867.6000,2869.4000,2869.6000,2869.8000,2870.0000,2870.6000,1,5,4,2,1,1,4,2,21,1
SF,IH2006,2020-06-17 14:18:45.700,2869.4000,17565,-1,13693264380.000,1,0,1,双平,B,2869.2000,2869.0000,2868.8000,2868.6000,2868.4000,2869.6000,2869.8000,2870.0000,2870.6000,2870.8000,1,1,2,5,3,4,2,22,1,4
SF,IH2006,2020-06-17 14:18:46.200,2869.0000,17565,0,13694985840.000,2,1,1,空换,B,2868.8000,2868.6000,2868.4000,2868.0000,2867.6000,2869.2000,2869.4000,2869.6000,2869.8000,2870.0000,2,5,2,2,1,3,2,4,2,22
SF,IH2006,2020-06-17 14:18:46.700,2869.0000,17565,0,13694985840.000,0,-,-,-,-,2869.0000,2868.8000,2868.6000,2868.4000,2868.0000,2869.2000,2869.6000,2869.8000,2870.0000,2870.6000,1,3,5,2,3,5,4,2,22,1
SF,IH2006,2020-06-17 14:18:47.200,2869.2000,17565,0,13695846600.000,1,0,1,空换,B,2869.0000,2868.8000,2868.6000,2868.4000,2868.0000,2869.2000,2869.6000,2869.8000,2870.0000,2870.6000,1,3,5,2,3,4,4,2,22,1
SF,IH2006,2020-06-17 14:18:48.200,2869.0000,17565,0,13696707300.000,1,0,1,空换,B,2868.8000,2868.6000,2868.4000,2868.0000,2867.6000,2869.0000,2869.2000,2869.6000,2869.8000,2870.0000,3,5,2,3,1,4,4,4,3,22
SF,IH2006,2020-06-17 14:18:48.700,2869.0000,17565,0,13696707300.000,0,-,-,-,-,2868.8000,2868.6000,2868.4000,2868.0000,2867.6000,2869.0000,2869.2000,2869.6000,2869.8000,2870.0000,3,5,2,3,1,4,2,4,3,22
SF,IH2006,2020-06-17 14:18:49.200,2869.0000,17565,0,13697568000.000,1,0,1,空换,B,2868.8000,2868.6000,2868.4000,2868.0000,2867.6000,2869.0000,2869.2000,2869.6000,2869.8000,2870.0000,1,5,2,3,1,3,2,4,3,22
SF,IH2006,2020-06-17 14:18:49.700,2868.8000,17565,0,13699289340.000,2,1,1,空换,B,2868.6000,2868.4000,2868.0000,2867.6000,2867.2000,2869.0000,2869.6000,2869.8000,2870.0000,2870.6000,5,2,2,1,1,3,2,3,22,1
SF,IH2006,2020-06-17 14:18:50.200,2868.8000,17565,0,13699289340.000,0,-,-,-,-,2868.6000,2868.4000,2868.0000,2867.6000,2867.2000,2869.0000,2869.6000,2869.8000,2870.0000,2870.6000,4,2,2,1,1,1,2,3,22,1
SF,IH2006,2020-06-17 14:18:50.700,2868.6000,17565,0,13700149920.000,1,0,1,空换,B,2868.6000,2868.4000,2868.0000,2867.6000,2867.2000,2869.0000,2869.6000,2869.8000,2870.0000,2870.6000,3,2,2,1,1,1,3,3,22,1
SF,IH2006,2020-06-17 14:18:51.200,2869.0000,17564,-1,13701871200.000,2,0,2,空平,B,2868.6000,2868.4000,2868.0000,2867.6000,2867.2000,2869.6000,2869.8000,2870.0000,2870.6000,2870.8000,1,2,2,1,1,3,3,22,1,4
SF,IH2006,2020-06-17 14:18:51.700,2869.0000,17564,0,13701871200.000,0,-,-,-,-,2868.6000,2868.4000,2868.0000,2867.6000,2867.2000,2869.2000,2869.4000,2869.6000,2869.8000,2870.0000,1,2,2,1,1,4,7,3,3,22
SF,IH2006,2020-06-17 14:18:52.200,2868.6000,17564,0,13702731780.000,1,0,1,空换,B,2868.4000,2868.0000,2867.6000,2867.2000,2867.0000,2869.2000,2869.4000,2869.6000,2869.8000,2870.0000,2,3,1,1,21,5,6,3,3,22
SF,IH2006,2020-06-17 14:18:52.700,2868.6000,17564,0,13702731780.000,0,-,-,-,-,2868.4000,2868.0000,2867.6000,2867.2000,2867.0000,2869.0000,2869.2000,2869.4000,2869.6000,2869.8000,4,3,1,1,21,2,5,3,3,3
SF,IH2006,2020-06-17 14:18:53.200,2868.6000,17564,0,13702731780.000,0,-,-,-,-,2868.4000,2868.0000,2867.6000,2867.2000,2867.0000,2869.0000,2869.2000,2869.4000,2869.6000,2869.8000,4,3,1,1,21,2,3,3,3,3
SF,IH2006,2020-06-17 14:18:53.700,2869.0000,17564,0,13704453180.000,2,1,1,空换,B,2869.0000,2868.4000,2868.2000,2868.0000,2867.6000,2869.2000,2869.4000,2869.6000,2869.8000,2870.0000,2,4,2,2,1,3,3,3,3,22
SF,IH2006,2020-06-17 14:18:54.200,2869.0000,17563,-1,13706174580.000,2,0,2,空平,B,2868.4000,2868.2000,2868.0000,2867.6000,2867.2000,2869.0000,2869.2000,2869.4000,2869.6000,2869.8000,4,2,2,1,1,1,1,3,3,3
SF,IH2006,2020-06-17 14:18:54.700,2869.2000,17564,1,13707896040.000,2,1,1,多开,B,2869.0000,2868.8000,2868.6000,2868.4000,2868.2000,2869.4000,2869.6000,2869.8000,2870.0000,2870.6000,2,4,8,4,2,4,3,2,21,1
SF,IH2006,2020-06-17 14:18:55.200,2869.4000,17564,0,13708756860.000,1,0,1,空换,B,2869.0000,2868.6000,2868.4000,2868.2000,2868.0000,2869.4000,2869.6000,2869.8000,2870.0000,2870.6000,1,9,4,2,2,1,2,2,21,1
SF,IH2006,2020-06-17 14:18:55.700,2869.0000,17564,0,13709617560.000,1,0,1,空换,B,2868.6000,2868.4000,2868.2000,2868.0000,2867.6000,2869.0000,2869.4000,2869.6000,2869.8000,2870.0000,7,4,2,2,1,1,1,2,2,21
SF,IH2006,2020-06-17 14:18:56.200,2869.0000,17564,0,13710478260.000,1,0,1,空换,B,2869.0000,2868.8000,2868.6000,2868.4000,2868.2000,2869.4000,2869.6000,2869.8000,2870.0000,2870.6000,4,1,7,4,3,1,2,2,21,1
SF,IH2006,2020-06-17 14:18:56.700,2869.0000,17563,-1,13712199780.000,2,0,2,空平,B,2869.0000,2868.8000,2868.6000,2868.4000,2868.2000,2869.6000,2869.8000,2870.0000,2870.6000,2870.8000,1,1,7,4,2,2,2,21,1,4
SF,IH2006,2020-06-17 14:18:57.200,2869.6000,17563,0,13713060660.000,1,0,1,空换,B,2869.0000,2868.8000,2868.6000,2868.4000,2868.2000,2869.6000,2869.8000,2870.0000,2870.6000,2870.8000,1,1,7,4,2,2,2,21,1,4
SF,IH2006,2020-06-17 14:18:57.700,2869.6000,17563,0,13713921540.000,1,0,1,空换,B,2869.0000,2868.8000,2868.6000,2868.4000,2868.2000,2869.6000,2869.8000,2870.0000,2870.6000,2870.8000,3,1,7,4,1,1,2,21,1,4
SF,IH2006,2020-06-17 14:18:58.200,2869.6000,17563,0,13713921540.000,0,-,-,-,-,2869.2000,2869.0000,2868.6000,2868.4000,2868.2000,2869.8000,2870.0000,2870.6000,2870.8000,2871.0000,1,3,7,4,1,2,21,1,4,4
SF,IH2006,2020-06-17 14:18:58.700,2869.2000,17564,1,13715643060.000,2,1,1,多开,B,2869.2000,2869.0000,2868.6000,2868.4000,2868.2000,2869.8000,2870.0000,2870.6000,2870.8000,2871.0000,1,3,7,3,1,3,21,1,4,4
SF,IH2006,2020-06-17 14:18:59.200,2869.4000,17563,-1,13717364760.000,2,0,2,空平,B,2869.0000,2868.6000,2868.4000,2868.2000,2868.0000,2869.8000,2870.0000,2870.6000,2870.8000,2871.0000,3,7,3,1,2,3,21,1,4,4
SF,IH2006,2020-06-17 14:18:59.700,2869.6000,17563,0,13719086460.000,2,1,1,空换,B,2869.0000,2868.6000,2868.4000,2868.2000,2868.0000,2869.8000,2870.0000,2870.6000,2870.8000,2871.0000,4,7,3,1,3,3,21,1,4,4
SF,IH2006,2020-06-17 14:19:00.200,2869.8000,17563,0,13719947400.000,1,0,1,空换,B,2869.0000,2868.6000,2868.4000,2868.2000,2868.0000,2869.8000,2870.0000,2870.6000,2870.8000,2871.0000,4,7,3,1,3,2,21,1,4,4
SF,IH2006,2020-06-17 14:19:00.700,2869.8000,17563,0,13719947400.000,0,-,-,-,-,2869.2000,2869.0000,2868.6000,2868.4000,2868.2000,2869.8000,2870.0000,2870.6000,2870.8000,2871.0000,3,4,5,3,1,2,21,1,4,4
SF,IH2006,2020-06-17 14:19:01.200,2869.8000,17563,0,13719947400.000,0,-,-,-,-,2869.4000,2869.2000,2869.0000,2868.6000,2868.4000,2869.8000,2870.0000,2870.6000,2870.8000,2871.0000,1,5,4,4,2,2,21,1,4,4
SF,IH2006,2020-06-17 14:19:02.700,2869.4000,17563,0,13720808220.000,1,0,1,空换,B,2869.2000,2869.0000,2868.6000,2868.4000,2868.2000,2869.6000,2869.8000,2870.0000,2870.6000,2870.8000,5,3,4,2,1,2,2,21,1,4
SF,IH2006,2020-06-17 14:19:03.200,2869.4000,17563,0,13720808220.000,0,-,-,-,-,2869.2000,2869.0000,2868.6000,2868.4000,2868.2000,2869.6000,2869.8000,2870.0000,2870.6000,2870.8000,3,3,4,2,1,3,2,21,1,4
SF,IH2006,2020-06-17 14:19:04.200,2869.4000,17563,0,13720808220.000,0,-,-,-,-,2869.2000,2869.0000,2868.6000,2868.4000,2868.2000,2869.6000,2869.8000,2870.0000,2870.6000,2870.8000,2,3,4,2,1,3,2,21,1,4
SF,IH2006,2020-06-17 14:19:04.700,2869.6000,17565,2,13723390620.000,3,2,1,多开,B,2869.0000,2868.6000,2868.4000,2868.0000,2867.6000,2869.6000,2869.8000,2870.0000,2870.2000,2870.6000,1,4,2,3,1,2,2,21,1,1
SF,IH2006,2020-06-17 14:19:05.200,2869.6000,17565,0,13723390620.000,0,-,-,-,-,2869.0000,2868.6000,2868.4000,2868.0000,2867.6000,2869.4000,2869.6000,2869.8000,2870.0000,2870.2000,1,4,2,3,1,3,2,1,21,1
SF,IH2006,2020-06-17 14:19:05.700,2869.6000,17565,0,13723390620.000,0,-,-,-,-,2869.0000,2868.6000,2868.4000,2868.0000,2867.6000,2869.4000,2869.6000,2869.8000,2870.0000,2870.2000,1,4,2,2,1,3,2,1,21,1
SF,IH2006,2020-06-17 14:19:06.200,2869.6000,17565,0,13723390620.000,0,-,-,-,-,2869.0000,2868.6000,2868.4000,2868.0000,2867.6000,2869.4000,2869.6000,2869.8000,2870.0000,2870.2000,3,4,2,2,1,2,2,1,21,1
SF,IH2006,2020-06-17 14:19:06.700,2869.0000,17564,-1,13724251320.000,1,0,1,双平,B,2869.0000,2868.6000,2868.4000,2868.0000,2867.6000,2869.4000,2869.6000,2869.8000,2870.0000,2870.2000,2,4,2,2,1,2,2,1,21,1
SF,IH2006,2020-06-17 14:19:09.200,2869.0000,17564,0,13724251320.000,0,-,-,-,-,2869.0000,2868.6000,2868.4000,2868.0000,2867.6000,2869.4000,2869.6000,2869.8000,2870.0000,2870.2000,2,4,2,2,1,3,2,1,21,1
SF,IH2006,2020-06-17 14:19:09.700,2869.0000,17564,0,13724251320.000,0,-,-,-,-,2869.0000,2868.6000,2868.4000,2868.0000,2867.6000,2869.4000,2869.6000,2869.8000,2870.0000,2870.2000,2,5,2,2,1,3,2,1,21,1
SF,IH2006,2020-06-17 14:19:10.200,2869.0000,17565,1,13725112020.000,1,1,0,双开,B,2869.0000,2868.6000,2868.4000,2868.0000,2867.6000,2869.4000,2869.6000,2869.8000,2870.0000,2870.2000,1,5,2,2,1,1,2,1,21,1
SF,IH2006,2020-06-17 14:19:11.200,2869.4000,17565,0,13725972840.000,1,0,1,空换,B,2869.0000,2868.6000,2868.4000,2868.0000,2867.6000,2869.6000,2869.8000,2870.0000,2870.2000,2870.6000,1,5,2,2,1,2,1,21,1,1
SF,IH2006,2020-06-17 14:19:11.700,2869.0000,17565,0,13726833540.000,1,0,1,空换,B,2868.6000,2868.4000,2868.0000,2867.6000,2867.2000,2869.4000,2869.6000,2869.8000,2870.0000,2870.2000,5,2,2,1,1,1,2,1,21,1
SF,IH2006,2020-06-17 14:19:12.200,2869.4000,17565,0,13727694360.000,1,0,1,空换,B,2868.8000,2868.6000,2868.4000,2868.0000,2867.6000,2869.6000,2869.8000,2870.0000,2870.2000,2870.6000,1,6,2,2,1,2,1,21,1,1
SF,IH2006,2020-06-17 14:19:12.700,2869.4000,17565,0,13727694360.000,0,-,-,-,-,2868.8000,2868.6000,2868.4000,2868.0000,2867.6000,2869.6000,2869.8000,2870.0000,2870.2000,2870.6000,2,6,2,2,1,1,1,21,1,1
SF,IH2006,2020-06-17 14:19:14.200,2869.6000,17565,0,13728555240.000,1,0,1,空换,B,2868.8000,2868.6000,2868.4000,2868.0000,2867.6000,2869.8000,2870.0000,2870.2000,2870.6000,2870.8000,2,6,2,2,1,1,21,1,1,4
SF,IH2006,2020-06-17 14:19:14.700,2869.6000,17565,0,13728555240.000,0,-,-,-,-,2869.0000,2868.8000,2868.6000,2868.4000,2868.0000,2869.6000,2869.8000,2870.0000,2870.2000,2870.6000,1,3,6,2,2,2,2,21,1,1
SF,IH2006,2020-06-17 14:19:15.200,2869.6000,17565,0,13728555240.000,0,-,-,-,-,2869.0000,2868.8000,2868.6000,2868.4000,2868.0000,2869.6000,2869.8000,2870.0000,2870.2000,2870.6000,1,3,6,2,2,3,1,21,1,1
SF,IH2006,2020-06-17 14:19:15.700,2869.6000,17565,0,13728555240.000,0,-,-,-,-,2869.0000,2868.8000,2868.6000,2868.4000,2868.0000,2869.6000,2869.8000,2870.0000,2870.2000,2870.6000,1,3,5,2,2,3,1,21,1,1
SF,IH2006,2020-06-17 14:19:16.200,2869.6000,17565,0,13728555240.000,0,-,-,-,-,2869.0000,2868.8000,2868.6000,2868.4000,2868.0000,2869.6000,2869.8000,2870.0000,2870.2000,2870.6000,1,3,5,2,2,3,1,21,1,1
SF,IH2006,2020-06-17 14:19:16.700,2869.0000,17566,1,13729415940.000,1,1,0,双开,B,2868.8000,2868.6000,2868.4000,2868.0000,2867.6000,2869.6000,2869.8000,2870.0000,2870.2000,2870.6000,2,5,2,2,1,3,1,21,1,1
SF,IH2006,2020-06-17 14:19:17.200,2869.0000,17566,0,13729415940.000,0,-,-,-,-,2869.0000,2868.8000,2868.6000,2868.4000,2868.0000,2869.6000,2869.8000,2870.0000,2870.2000,2870.6000,1,2,5,2,2,3,1,21,1,1
SF,IH2006,2020-06-17 14:19:17.700,2869.0000,17566,0,13729415940.000,0,-,-,-,-,2869.2000,2869.0000,2868.8000,2868.6000,2868.4000,2869.6000,2869.8000,2870.0000,2870.2000,2870.6000,1,1,2,5,2,3,1,21,1,1
SF,IH2006,2020-06-17 14:19:18.200,2869.0000,17566,0,13729415940.000,0,-,-,-,-,2869.2000,2869.0000,2868.8000,2868.6000,2868.4000,2869.6000,2869.8000,2870.0000,2870.2000,2870.6000,2,1,2,5,2,3,1,21,1,1
SF,IH2006,2020-06-17 14:19:18.700,2869.0000,17566,0,13729415940.000,0,-,-,-,-,2869.2000,2869.0000,2868.8000,2868.6000,2868.4000,2869.6000,2869.8000,2870.0000,2870.2000,2870.6000,2,1,1,5,2,3,1,21,1,1
SF,IH2006,2020-06-17 14:19:19.200,2869.0000,17566,0,13729415940.000,0,-,-,-,-,2869.2000,2868.8000,2868.6000,2868.4000,2868.0000,2869.6000,2869.8000,2870.0000,2870.2000,2870.6000,3,1,5,2,2,1,1,21,1,1
SF,IH2006,2020-06-17 14:19:20.700,2869.0000,17566,0,13729415940.000,0,-,-,-,-,2869.2000,2868.8000,2868.6000,2868.4000,2868.0000,2869.6000,2869.8000,2870.0000,2870.2000,2870.6000,2,1,5,2,2,1,1,21,1,1
SF,IH2006,2020-06-17 14:19:21.200,2869.0000,17566,0,13729415940.000,0,-,-,-,-,2869.2000,2868.8000,2868.6000,2868.4000,2868.0000,2869.6000,2869.8000,2870.0000,2870.2000,2870.6000,2,1,4,2,2,1,1,21,1,1
SF,IH2006,2020-06-17 14:19:21.700,2869.0000,17566,0,13729415940.000,0,-,-,-,-,2869.2000,2868.8000,2868.6000,2868.4000,2868.0000,2869.6000,2869.8000,2870.0000,2870.2000,2870.6000,2,1,5,2,2,1,1,21,1,1
SF,IH2006,2020-06-17 14:19:23.200,2869.6000,17567,1,13730276820.000,1,1,0,双开,B,2869.2000,2868.8000,2868.6000,2868.4000,2868.0000,2869.8000,2870.0000,2870.2000,2870.6000,2870.8000,2,1,5,2,2,1,21,1,1,4
SF,IH2006,2020-06-17 14:19:23.700,2869.6000,17567,0,13730276820.000,0,-,-,-,-,2869.2000,2868.8000,2868.6000,2868.4000,2868.0000,2869.8000,2870.0000,2870.2000,2870.6000,2870.8000,2,1,4,2,2,2,21,1,1,4
SF,IH2006,2020-06-17 14:19:24.200,2869.6000,17567,0,13730276820.000,0,-,-,-,-,2869.2000,2868.8000,2868.6000,2868.4000,2868.0000,2869.8000,2870.0000,2870.2000,2870.6000,2870.8000,2,1,5,2,2,1,21,1,1,4
SF,IH2006,2020-06-17 14:19:24.700,2869.2000,17569,2,13732859520.000,3,2,1,多开,B,2869.2000,2868.8000,2868.6000,2868.4000,2868.0000,2870.0000,2870.2000,2870.6000,2870.8000,2871.0000,1,1,4,2,2,20,1,1,4,3
SF,IH2006,2020-06-17 14:19:25.200,2870.0000,17572,3,13736303520.000,4,3,1,多开,B,2869.4000,2869.2000,2868.6000,2868.4000,2868.0000,2869.8000,2870.0000,2870.2000,2870.6000,2870.8000,2,2,3,2,2,1,16,1,1,4
SF,IH2006,2020-06-17 14:19:25.700,2870.0000,17572,0,13736303520.000,0,-,-,-,-,2869.4000,2869.2000,2868.6000,2868.4000,2868.0000,2869.8000,2870.0000,2870.2000,2870.6000,2870.8000,2,2,3,2,2,1,16,1,1,4
SF,IH2006,2020-06-17 14:19:26.200,2869.4000,17572,0,13737164340.000,1,0,1,空换,B,2869.4000,2869.2000,2868.6000,2868.4000,2868.0000,2869.8000,2870.0000,2870.2000,2870.6000,2870.8000,1,1,3,2,2,1,16,1,1,4
SF,IH2006,2020-06-17 14:19:26.700,2869.4000,17573,1,13738025160.000,1,1,0,双开,B,2869.2000,2868.6000,2868.4000,2868.0000,2867.6000,2869.4000,2869.8000,2870.0000,2870.2000,2870.6000,1,3,2,2,1,2,2,16,1,1
SF,IH2006,2020-06-17 14:19:27.200,2869.4000,17573,0,13738025160.000,0,-,-,-,-,2868.8000,2868.6000,2868.4000,2868.0000,2867.6000,2869.4000,2869.8000,2870.0000,2870.2000,2870.6000,1,3,2,2,1,2,2,16,1,1
SF,IH2006,2020-06-17 14:19:27.700,2869.4000,17573,0,13738025160.000,0,-,-,-,-,2868.8000,2868.6000,2868.4000,2868.0000,2867.6000,2869.2000,2869.4000,2869.8000,2870.0000,2870.2000,1,4,2,2,1,1,3,2,16,1
SF,IH2006,2020-06-17 14:19:28.200,2869.2000,17573,0,13738885920.000,1,0,1,空换,B,2868.8000,2868.6000,2868.4000,2868.0000,2867.6000,2869.4000,2869.8000,2870.0000,2870.2000,2870.6000,1,4,2,2,1,3,3,16,1,1
SF,IH2006,2020-06-17 14:19:28.700,2869.2000,17573,0,13738885920.000,0,-,-,-,-,2868.8000,2868.6000,2868.4000,2868.0000,2867.6000,2869.2000,2869.4000,2869.8000,2870.0000,2870.2000,1,4,2,2,1,1,3,4,16,1
SF,IH2006,2020-06-17 14:19:29.200,2869.2000,17573,0,13738885920.000,0,-,-,-,-,2868.8000,2868.6000,2868.4000,2868.0000,2867.6000,2869.2000,2869.4000,2869.8000,2870.0000,2870.2000,2,4,2,2,1,1,3,4,16,1
SF,IH2006,2020-06-17 14:19:29.700,2868.8000,17573,0,13740607320.000,2,1,1,空换,B,2868.8000,2868.6000,2868.4000,2868.0000,2867.6000,2869.4000,2869.8000,2870.0000,2870.2000,2870.6000,1,4,2,2,1,2,4,16,1,1
SF,IH2006,2020-06-17 14:19:30.200,2868.8000,17573,0,13740607320.000,0,-,-,-,-,2868.8000,2868.6000,2868.4000,2868.0000,2867.6000,2869.2000,2869.4000,2869.8000,2870.0000,2870.2000,1,4,2,2,1,1,2,4,16,1
SF,IH2006,2020-06-17 14:19:30.700,2868.8000,17572,-1,13741467960.000,1,0,1,双平,B,2868.6000,2868.4000,2868.0000,2867.6000,2867.2000,2869.2000,2869.4000,2869.8000,2870.0000,2870.2000,3,2,2,1,1,1,2,3,16,1
SF,IH2006,2020-06-17 14:19:31.200,2869.2000,17572,0,13742328720.000,1,0,1,空换,B,2868.6000,2868.4000,2868.0000,2867.6000,2867.2000,2868.8000,2869.2000,2869.4000,2869.8000,2870.0000,4,2,2,1,1,1,1,2,3,16
SF,IH2006,2020-06-17 14:19:31.700,2868.8000,17572,0,13743189360.000,1,0,1,空换,B,2868.8000,2868.6000,2868.4000,2868.0000,2867.6000,2869.2000,2869.4000,2869.8000,2870.0000,2870.2000,9,4,2,2,1,1,2,3,16,1
SF,IH2006,2020-06-17 14:19:32.200,2868.8000,17572,0,13743189360.000,0,-,-,-,-,2868.8000,2868.6000,2868.4000,2868.0000,2867.8000,2869.2000,2869.4000,2869.8000,2870.0000,2870.2000,2,4,2,2,1,1,2,3,16,1
SF,IH2006,2020-06-17 14:19:32.700,2868.8000,17572,0,13743189360.000,0,-,-,-,-,2868.8000,2868.6000,2868.4000,2868.0000,2867.8000,2869.4000,2869.8000,2870.0000,2870.2000,2870.6000,2,4,2,2,1,2,3,16,1,1
SF,IH2006,2020-06-17 14:19:33.200,2868.8000,17572,0,13743189360.000,0,-,-,-,-,2868.8000,2868.6000,2868.4000,2868.0000,2867.8000,2869.4000,2869.8000,2870.0000,2870.2000,2870.6000,3,4,2,2,1,2,3,16,1,1
SF,IH2006,2020-06-17 14:19:33.700,2868.8000,17572,0,13744050000.000,1,0,1,空换,B,2869.0000,2868.8000,2868.6000,2868.4000,2868.0000,2869.4000,2869.8000,2870.0000,2870.2000,2870.6000,2,4,4,2,2,1,3,16,1,1
SF,IH2006,2020-06-17 14:19:34.200,2869.4000,17573,1,13744910820.000,1,1,0,双开,B,2869.0000,2868.8000,2868.6000,2868.4000,2868.0000,2869.8000,2870.0000,2870.2000,2870.6000,2870.8000,2,4,4,2,2,3,16,1,1,4
SF,IH2006,2020-06-17 14:19:34.700,2869.4000,17573,0,13744910820.000,0,-,-,-,-,2869.0000,2868.8000,2868.6000,2868.4000,2868.0000,2869.6000,2869.8000,2870.0000,2870.2000,2870.6000,2,3,3,2,2,7,3,16,1,2
SF,IH2006,2020-06-17 14:19:35.200,2869.4000,17573,0,13744910820.000,0,-,-,-,-,2869.0000,2868.8000,2868.6000,2868.4000,2868.0000,2869.6000,2869.8000,2870.0000,2870.2000,2870.6000,2,3,3,2,2,7,3,16,1,2
SF,IH2006,2020-06-17 14:19:35.700,2869.0000,17572,-1,13746632220.000,2,0,2,空平,B,2868.8000,2868.6000,2868.4000,2868.0000,2867.8000,2869.6000,2869.8000,2870.0000,2870.2000,2870.6000,3,3,2,2,1,7,3,16,1,2
SF,IH2006,2020-06-17 14:19:36.200,2869.0000,17572,0,13746632220.000,0,-,-,-,-,2869.0000,2868.8000,2868.6000,2868.4000,2868.0000,2869.6000,2869.8000,2870.0000,2870.2000,2870.6000,1,3,2,2,2,7,3,16,1,2
SF,IH2006,2020-06-17 14:19:36.700,2869.0000,17572,0,13746632220.000,0,-,-,-,-,2869.0000,2868.8000,2868.6000,2868.4000,2868.0000,2869.6000,2869.8000,2870.0000,2870.2000,2870.6000,1,3,2,2,2,7,3,16,1,2
SF,IH2006,2020-06-17 14:19:37.200,2869.6000,17572,0,13747493100.000,1,0,1,空换,B,2869.0000,2868.8000,2868.6000,2868.4000,2868.0000,2869.6000,2869.8000,2870.0000,2870.2000,2870.6000,2,2,2,2,2,5,3,16,1,2
SF,IH2006,2020-06-17 14:19:37.700,2869.6000,17572,0,13747493100.000,0,-,-,-,-,2869.2000,2869.0000,2868.8000,2868.6000,2868.4000,2869.6000,2869.8000,2870.0000,2870.2000,2870.6000,1,2,2,2,2,4,3,16,1,2
SF,IH2006,2020-06-17 14:19:38.200,2869.6000,17572,0,13747493100.000,0,-,-,-,-,2869.2000,2869.0000,2868.8000,2868.6000,2868.4000,2869.6000,2869.8000,2870.0000,2870.2000,2870.6000,1,2,2,2,2,3,3,16,1,1
SF,IH2006,2020-06-17 14:19:38.700,2869.6000,17572,0,13747493100.000,0,-,-,-,-,2869.2000,2869.0000,2868.8000,2868.6000,2868.4000,2869.6000,2869.8000,2870.0000,2870.2000,2870.6000,2,2,1,2,2,4,3,16,1,1
SF,IH2006,2020-06-17 14:19:39.700,2869.6000,17572,0,13748353980.000,1,0,1,空换,B,2869.2000,2869.0000,2868.8000,2868.6000,2868.4000,2869.6000,2869.8000,2870.0000,2870.2000,2870.4000,2,2,1,2,2,4,3,16,1,2
SF,IH2006,2020-06-17 14:19:40.200,2869.2000,17572,0,13750075620.000,2,1,1,空换,B,2869.2000,2869.0000,2868.8000,2868.6000,2868.4000,2869.6000,2869.8000,2870.0000,2870.2000,2870.4000,1,1,1,2,2,2,3,16,1,2
SF,IH2006,2020-06-17 14:19:41.200,2869.6000,17574,2,13751797380.000,2,2,0,双开,B,2869.2000,2869.0000,2868.8000,2868.6000,2868.4000,2869.8000,2870.0000,2870.2000,2870.4000,2870.6000,1,1,1,2,2,3,16,1,2,1
SF,IH2006,2020-06-17 14:19:41.700,2869.6000,17574,0,13751797380.000,0,-,-,-,-,2869.2000,2869.0000,2868.8000,2868.6000,2868.4000,2869.6000,2869.8000,2870.0000,2870.2000,2870.4000,1,1,1,2,2,1,3,18,1,2
SF,IH2006,2020-06-17 14:19:43.700,2869.6000,17574,0,13751797380.000,0,-,-,-,-,2869.2000,2869.0000,2868.8000,2868.6000,2868.4000,2869.6000,2869.8000,2870.0000,2870.2000,2870.4000,1,1,1,2,2,1,3,20,1,2
SF,IH2006,2020-06-17 14:19:44.200,2869.6000,17574,0,13751797380.000,0,-,-,-,-,2869.2000,2869.0000,2868.8000,2868.6000,2868.4000,2869.6000,2869.8000,2870.0000,2870.2000,2870.4000,1,1,1,2,2,2,3,20,1,2
SF,IH2006,2020-06-17 14:19:45.200,2869.6000,17573,-1,13752658260.000,1,0,1,双平,B,2869.2000,2869.0000,2868.8000,2868.6000,2868.4000,2869.6000,2869.8000,2870.0000,2870.2000,2870.4000,1,1,1,2,2,1,3,20,1,2
SF,IH2006,2020-06-17 14:19:45.700,2869.6000,17573,0,13752658260.000,0,-,-,-,-,2869.2000,2869.0000,2868.8000,2868.6000,2868.4000,2869.6000,2869.8000,2870.0000,2870.2000,2870.4000,1,1,1,1,2,1,3,20,1,2
SF,IH2006,2020-06-17 14:19:47.200,2869.6000,17573,0,13752658260.000,0,-,-,-,-,2869.2000,2869.0000,2868.8000,2868.6000,2868.4000,2869.4000,2869.6000,2869.8000,2870.0000,2870.2000,1,1,1,1,2,1,1,3,20,1
SF,IH2006,2020-06-17 14:19:48.200,2869.6000,17573,0,13752658260.000,0,-,-,-,-,2869.2000,2869.0000,2868.8000,2868.6000,2868.4000,2869.6000,2869.8000,2870.0000,2870.2000,2870.4000,1,1,1,1,2,1,3,20,1,2
SF,IH2006,2020-06-17 14:19:51.700,2869.6000,17573,0,13753519140.000,1,0,1,空换,B,2869.2000,2869.0000,2868.8000,2868.6000,2868.4000,2869.8000,2870.0000,2870.2000,2870.4000,2870.6000,1,1,1,1,2,3,20,1,2,1
SF,IH2006,2020-06-17 14:19:52.200,2869.6000,17573,0,13753519140.000,0,-,-,-,-,2869.2000,2869.0000,2868.8000,2868.6000,2868.4000,2869.8000,2870.0000,2870.2000,2870.4000,2870.6000,2,1,1,1,2,3,20,1,2,1
SF,IH2006,2020-06-17 14:19:54.200,2869.8000,17573,0,13754380080.000,1,0,1,空换,B,2869.2000,2869.0000,2868.8000,2868.6000,2868.4000,2869.8000,2870.0000,2870.2000,2870.4000,2870.6000,2,1,1,1,2,2,20,1,2,1
SF,IH2006,2020-06-17 14:19:54.700,2869.4000,17573,0,13755240900.000,1,0,1,空换,B,2869.2000,2869.0000,2868.8000,2868.6000,2868.4000,2869.6000,2869.8000,2870.0000,2870.2000,2870.4000,2,1,1,1,2,1,2,20,1,2
SF,IH2006,2020-06-17 14:19:57.700,2869.4000,17573,0,13755240900.000,0,-,-,-,-,2869.2000,2869.0000,2868.8000,2868.6000,2868.4000,2869.6000,2869.8000,2870.0000,2870.2000,2870.4000,2,1,1,1,2,1,2,20,1,2
SF,IH2006,2020-06-17 14:19:58.200,2869.4000,17573,0,13755240900.000,0,-,-,-,-,2869.2000,2869.0000,2868.8000,2868.6000,2868.4000,2869.6000,2869.8000,2870.0000,2870.2000,2870.4000,2,2,1,1,2,1,2,20,1,2
SF,IH2006,2020-06-17 14:19:59.700,2869.4000,17573,0,13755240900.000,0,-,-,-,-,2869.2000,2869.0000,2868.8000,2868.6000,2868.4000,2869.4000,2869.6000,2869.8000,2870.0000,2870.2000,2,2,1,1,2,1,1,2,20,1
SF,IH2006,2020-06-17 14:20:00.200,2869.4000,17573,0,13755240900.000,0,-,-,-,-,2869.2000,2869.0000,2868.8000,2868.6000,2868.4000,2869.4000,2869.6000,2869.8000,2870.0000,2870.2000,3,2,1,1,2,1,1,2,20,1
SF,IH2006,2020-06-17 14:20:00.700,2869.6000,17574,1,13756962600.000,2,1,1,多开,B,2869.6000,2869.4000,2869.2000,2869.0000,2868.8000,2869.8000,2870.0000,2870.2000,2870.4000,2870.6000,1,3,3,2,1,2,20,1,2,1
SF,IH2006,2020-06-17 14:20:01.200,2869.8000,17574,0,13759545420.000,3,1,2,空换,B,2869.8000,2869.4000,2869.2000,2869.0000,2868.8000,2870.0000,2870.2000,2870.4000,2870.6000,2870.8000,3,2,3,2,1,20,1,2,1,4
SF,IH2006,2020-06-17 14:20:01.700,2870.0000,17575,1,13762989300.000,4,2,2,多开,B,2869.8000,2869.4000,2869.2000,2869.0000,2868.8000,2870.0000,2870.2000,2870.4000,2870.6000,2870.8000,1,2,3,2,1,18,1,2,1,4
SF,IH2006,2020-06-17 14:20:02.700,2870.0000,17575,0,13762989300.000,0,-,-,-,-,2869.8000,2869.4000,2869.2000,2869.0000,2868.8000,2870.0000,2870.2000,2870.6000,2870.8000,2871.0000,1,2,3,2,1,18,1,1,4,3
SF,IH2006,2020-06-17 14:20:03.200,2870.0000,17575,0,13763850300.000,1,0,1,空换,B,2869.8000,2869.4000,2869.2000,2869.0000,2868.8000,2870.0000,2870.2000,2870.6000,2870.8000,2871.0000,1,2,3,2,1,17,1,1,4,3
SF,IH2006,2020-06-17 14:20:03.700,2869.8000,17576,1,13764711240.000,1,1,0,双开,B,2869.4000,2869.2000,2869.0000,2868.8000,2868.6000,2870.0000,2870.2000,2870.6000,2870.8000,2871.0000,2,3,2,1,1,17,1,1,4,3
SF,IH2006,2020-06-17 14:20:04.200,2869.8000,17576,0,13764711240.000,0,-,-,-,-,2869.6000,2869.4000,2869.2000,2869.0000,2868.8000,2870.0000,2870.2000,2870.6000,2870.8000,2871.0000,3,3,3,2,1,17,1,1,4,3
SF,IH2006,2020-06-17 14:20:04.700,2870.0000,17578,2,13768155120.000,4,3,1,多开,B,2869.6000,2869.4000,2869.2000,2869.0000,2868.8000,2870.0000,2870.2000,2870.6000,2870.8000,2871.0000,2,3,3,2,1,14,1,1,4,3
SF,IH2006,2020-06-17 14:20:05.200,2869.6000,17579,1,13769876880.000,2,1,1,多开,B,2869.4000,2869.2000,2869.0000,2868.8000,2868.6000,2870.0000,2870.2000,2870.6000,2870.8000,2871.0000,2,3,2,1,1,14,1,1,4,3
SF,IH2006,2020-06-17 14:20:05.700,2869.6000,17579,0,13769876880.000,0,-,-,-,-,2869.6000,2869.4000,2869.2000,2869.0000,2868.8000,2870.0000,2870.2000,2870.6000,2870.8000,2871.0000,1,2,3,2,1,15,1,1,4,3
SF,IH2006,2020-06-17 14:20:06.200,2870.0000,17580,1,13771598880.000,2,1,1,多开,B,2869.6000,2869.4000,2869.2000,2869.0000,2868.8000,2870.0000,2870.2000,2870.6000,2870.8000,2871.0000,1,2,3,2,1,13,1,1,4,3
SF,IH2006,2020-06-17 14:20:06.700,2870.0000,17580,0,13771598880.000,0,-,-,-,-,2869.6000,2869.4000,2869.2000,2869.0000,2868.8000,2870.0000,2870.2000,2870.6000,2870.8000,2871.0000,1,2,3,2,1,12,1,1,4,3
SF,IH2006,2020-06-17 14:20:07.700,2870.0000,17580,0,13771598880.000,0,-,-,-,-,2869.6000,2869.4000,2869.2000,2869.0000,2868.8000,2870.0000,2870.2000,2870.6000,2870.8000,2871.0000,1,2,2,2,1,12,1,1,4,3
SF,IH2006,2020-06-17 14:20:08.200,2870.0000,17582,2,13774181880.000,3,2,1,多开,B,2869.6000,2869.2000,2869.0000,2868.8000,2868.6000,2869.8000,2870.0000,2870.2000,2870.6000,2870.8000,1,2,2,1,1,1,9,1,1,4
SF,IH2006,2020-06-17 14:20:08.700,2869.6000,17581,-1,13775042760.000,1,0,1,双平,B,2869.2000,2869.0000,2868.8000,2868.6000,2868.4000,2869.8000,2870.0000,2870.2000,2870.6000,2870.8000,2,2,1,1,2,1,9,1,1,4
SF,IH2006,2020-06-17 14:20:09.200,2870.0000,17584,3,13778486640.000,4,3,1,多开,B,2869.8000,2869.6000,2869.4000,2869.2000,2869.0000,2870.0000,2870.2000,2870.6000,2870.8000,2871.0000,1,2,1,1,2,7,1,1,4,5
SF,IH2006,2020-06-17 14:20:09.700,2870.0000,17584,0,13778486640.000,0,-,-,-,-,2869.8000,2869.4000,2869.2000,2869.0000,2868.8000,2870.0000,2870.2000,2870.6000,2870.8000,2871.0000,4,1,1,2,1,7,1,1,4,5
SF,IH2006,2020-06-17 14:20:10.200,2870.0000,17583,-1,13780208580.000,2,0,2,空平,B,2869.8000,2869.4000,2869.2000,2869.0000,2868.8000,2870.0000,2870.2000,2870.6000,2870.8000,2871.0000,3,1,1,2,1,6,1,1,4,5
SF,IH2006,2020-06-17 14:20:10.700,2870.0000,17583,0,13780208580.000,0,-,-,-,-,2869.8000,2869.4000,2869.0000,2868.8000,2868.6000,2870.0000,2870.2000,2870.6000,2870.8000,2871.0000,3,1,2,1,1,6,1,1,4,5
SF,IH2006,2020-06-17 14:20:11.200,2870.0000,17582,-1,13781930520.000,2,0,2,空平,B,2869.8000,2869.4000,2869.0000,2868.8000,2868.6000,2870.0000,2870.2000,2870.6000,2870.8000,2871.0000,3,1,2,1,1,5,1,1,4,5
SF,IH2006,2020-06-17 14:20:11.700,2869.8000,17584,2,13784513340.000,3,2,1,多开,B,2869.6000,2869.4000,2869.0000,2868.8000,2868.6000,2869.8000,2870.0000,2870.2000,2870.6000,2870.8000,1,1,2,1,1,2,5,1,1,4
SF,IH2006,2020-06-17 14:20:12.200,2869.8000,17584,0,13784513340.000,0,-,-,-,-,2869.6000,2869.4000,2869.0000,2868.8000,2868.6000,2869.8000,2870.0000,2870.2000,2870.6000,2870.8000,2,1,2,1,1,2,5,1,1,4
SF,IH2006,2020-06-17 14:20:12.700,2869.8000,17584,0,13784513340.000,0,-,-,-,-,2869.6000,2869.4000,2869.0000,2868.8000,2868.6000,2869.8000,2870.0000,2870.2000,2870.6000,2870.8000,2,1,2,1,1,2,5,1,1,4
SF,IH2006,2020-06-17 14:20:13.200,2870.0000,17584,0,13787096220.000,3,1,2,空换,B,2869.6000,2869.4000,2869.2000,2869.0000,2868.8000,2870.0000,2870.2000,2870.6000,2870.8000,2871.0000,2,1,1,2,1,4,1,1,4,5
SF,IH2006,2020-06-17 14:20:13.700,2870.0000,17584,0,13787096220.000,0,-,-,-,-,2869.6000,2869.2000,2869.0000,2868.8000,2868.6000,2870.0000,2870.2000,2870.6000,2870.8000,2871.0000,3,1,2,1,1,4,1,1,4,5
SF,IH2006,2020-06-17 14:20:14.200,2870.0000,17583,-1,13787957220.000,1,0,1,双平,B,2869.8000,2869.6000,2869.2000,2869.0000,2868.8000,2870.0000,2870.2000,2870.6000,2870.8000,2871.0000,1,3,1,2,1,3,1,1,4,5
SF,IH2006,2020-06-17 14:20:14.700,2869.8000,17582,-1,13788818160.000,1,0,1,双平,B,2869.6000,2869.2000,2869.0000,2868.8000,2868.6000,2870.0000,2870.2000,2870.6000,2870.8000,2871.0000,3,1,2,1,1,3,1,1,4,5
SF,IH2006,2020-06-17 14:20:15.200,2870.0000,17582,0,13791401160.000,3,1,2,空换,B,2870.0000,2869.6000,2869.2000,2869.0000,2868.8000,2870.2000,2870.6000,2870.8000,2871.0000,2871.2000,1,3,1,2,1,1,1,4,5,1
SF,IH2006,2020-06-17 14:20:15.700,2870.0000,17582,0,13792262160.000,1,0,1,空换,B,2870.0000,2869.6000,2869.2000,2869.0000,2868.8000,2870.2000,2870.6000,2870.8000,2871.0000,2871.2000,1,3,1,2,1,1,1,4,5,1
SF,IH2006,2020-06-17 14:20:16.200,2870.0000,17582,0,13793123160.000,1,0,1,空换,B,2869.6000,2869.2000,2869.0000,2868.8000,2868.6000,2870.0000,2870.2000,2870.6000,2870.8000,2871.0000,3,1,2,1,1,1,1,1,4,5
SF,IH2006,2020-06-17 14:20:16.700,2870.0000,17583,1,13793984160.000,1,1,0,双开,B,2870.0000,2869.6000,2869.2000,2869.0000,2868.8000,2870.2000,2870.6000,2870.8000,2871.0000,2871.2000,2,3,1,2,1,1,1,4,5,1
SF,IH2006,2020-06-17 14:20:17.200,2870.0000,17582,-1,13794845160.000,1,0,1,双平,B,2869.6000,2869.2000,2869.0000,2868.8000,2868.6000,2870.2000,2870.6000,2870.8000,2871.0000,2871.2000,3,1,2,1,1,1,1,4,5,1
SF,IH2006,2020-06-17 14:20:19.200,2870.2000,17581,-1,13795706220.000,1,0,1,双平,B,2869.6000,2869.2000,2869.0000,2868.8000,2868.6000,2870.6000,2870.8000,2871.0000,2871.2000,2871.4000,3,1,2,1,1,1,4,5,1,3
SF,IH2006,2020-06-17 14:20:19.700,2869.8000,17580,-1,13796567160.000,1,0,1,双平,B,2869.8000,2869.6000,2869.2000,2869.0000,2868.8000,2870.2000,2870.6000,2870.8000,2871.0000,2871.2000,4,2,1,2,1,1,3,4,5,1
SF,IH2006,2020-06-17 14:20:20.200,2869.8000,17580,0,13796567160.000,0,-,-,-,-,2869.8000,2869.6000,2869.2000,2869.0000,2868.8000,2870.2000,2870.4000,2870.6000,2870.8000,2871.0000,2,2,1,2,1,1,1,3,4,5
SF,IH2006,2020-06-17 14:20:20.700,2869.8000,17580,0,13796567160.000,0,-,-,-,-,2870.0000,2869.8000,2869.6000,2869.2000,2869.0000,2870.2000,2870.4000,2870.6000,2870.8000,2871.0000,1,2,1,1,2,1,1,3,3,5
SF,IH2006,2020-06-17 14:20:21.200,2870.2000,17580,0,13797428220.000,1,0,1,空换,B,2870.0000,2869.8000,2869.6000,2869.2000,2869.0000,2870.4000,2870.6000,2870.8000,2871.0000,2871.2000,1,2,1,1,2,1,3,3,5,1
SF,IH2006,2020-06-17 14:20:21.700,2869.8000,17580,0,13800011280.000,3,1,2,空换,B,2869.8000,2869.6000,2869.2000,2869.0000,2868.8000,2870.6000,2870.8000,2871.0000,2871.2000,2871.4000,1,1,1,2,1,3,3,5,1,3
SF,IH2006,2020-06-17 14:20:22.200,2869.8000,17580,0,13800011280.000,0,-,-,-,-,2869.8000,2869.6000,2869.2000,2869.0000,2868.8000,2870.4000,2870.6000,2870.8000,2871.0000,2871.2000,1,1,1,2,2,2,3,3,5,1
SF,IH2006,2020-06-17 14:20:22.700,2869.8000,17580,0,13800011280.000,0,-,-,-,-,2869.8000,2869.6000,2869.2000,2869.0000,2868.8000,2870.4000,2870.6000,2870.8000,2871.0000,2871.2000,1,1,1,4,2,3,3,3,5,1
SF,IH2006,2020-06-17 14:20:23.200,2869.8000,17580,0,13800011280.000,0,-,-,-,-,2869.8000,2869.6000,2869.2000,2869.0000,2868.8000,2870.4000,2870.6000,2870.8000,2871.0000,2871.2000,2,1,1,4,2,3,3,3,5,1
SF,IH2006,2020-06-17 14:20:24.200,2870.2000,17580,0,13800872340.000,1,0,1,空换,B,2869.8000,2869.6000,2869.2000,2869.0000,2868.8000,2870.4000,2870.6000,2870.8000,2871.0000,2871.2000,1,1,1,4,2,3,3,3,5,2
SF,IH2006,2020-06-17 14:20:24.700,2869.8000,17580,0,13801733280.000,1,0,1,空换,B,2869.8000,2869.6000,2869.2000,2869.0000,2868.8000,2870.4000,2870.6000,2870.8000,2871.0000,2871.2000,1,1,1,4,2,3,3,3,5,2
SF,IH2006,2020-06-17 14:20:26.700,2870.4000,17580,0,13802594400.000,1,0,1,空换,B,2869.8000,2869.6000,2869.2000,2869.0000,2868.8000,2870.4000,2870.6000,2870.8000,2871.0000,2871.2000,1,1,1,4,2,2,3,3,5,2
SF,IH2006,2020-06-17 14:20:27.200,2870.4000,17580,0,13802594400.000,0,-,-,-,-,2869.8000,2869.6000,2869.2000,2869.0000,2868.8000,2870.4000,2870.6000,2870.8000,2871.0000,2871.2000,3,1,1,4,2,1,3,3,5,2
SF,IH2006,2020-06-17 14:20:27.700,2870.0000,17580,0,13803455400.000,1,0,1,空换,B,2870.0000,2869.8000,2869.6000,2869.2000,2869.0000,2870.4000,2870.6000,2870.8000,2871.0000,2871.2000,2,3,1,1,4,1,3,3,5,2
SF,IH2006,2020-06-17 14:20:28.200,2870.0000,17580,0,13803455400.000,0,-,-,-,-,2870.0000,2869.8000,2869.6000,2869.2000,2869.0000,2870.4000,2870.6000,2870.8000,2871.0000,2871.2000,1,3,1,1,4,1,3,3,5,2
SF,IH2006,2020-06-17 14:20:28.700,2870.4000,17581,1,13804316520.000,1,1,0,双开,B,2870.0000,2869.8000,2869.6000,2869.2000,2869.0000,2870.6000,2870.8000,2871.0000,2871.2000,2871.4000,1,3,1,1,4,3,3,5,2,3
SF,IH2006,2020-06-17 14:20:29.200,2870.4000,17581,0,13804316520.000,0,-,-,-,-,2870.0000,2869.8000,2869.6000,2869.2000,2869.0000,2870.4000,2870.6000,2870.8000,2871.0000,2871.2000,1,3,1,1,4,2,3,3,5,2
SF,IH2006,2020-06-17 14:20:29.700,2870.0000,17581,0,13806038640.000,2,1,1,空换,B,2869.8000,2869.6000,2869.2000,2869.0000,2868.8000,2870.4000,2870.6000,2870.8000,2871.0000,2871.2000,3,1,1,4,2,1,3,3,5,2
SF,IH2006,2020-06-17 14:20:30.200,2870.0000,17581,0,13806038640.000,0,-,-,-,-,2870.0000,2869.8000,2869.6000,2869.2000,2869.0000,2870.4000,2870.6000,2870.8000,2871.0000,2871.2000,1,4,1,1,4,1,3,3,5,2
SF,IH2006,2020-06-17 14:20:30.700,2870.0000,17581,0,13806038640.000,0,-,-,-,-,2870.0000,2869.8000,2869.2000,2869.0000,2868.8000,2870.4000,2870.6000,2870.8000,2871.0000,2871.2000,1,4,1,4,2,1,3,3,5,2
SF,IH2006,2020-06-17 14:20:31.200,2870.2000,17581,0,13806899700.000,1,0,1,空换,B,2870.0000,2869.8000,2869.2000,2869.0000,2868.8000,2870.4000,2870.6000,2870.8000,2871.0000,2871.2000,1,4,1,4,2,1,3,3,5,2
SF,IH2006,2020-06-17 14:20:32.700,2870.4000,17580,-1,13807760820.000,1,0,1,双平,B,2870.0000,2869.8000,2869.2000,2869.0000,2868.8000,2870.6000,2870.8000,2871.0000,2871.2000,2871.4000,1,4,1,4,2,3,3,5,2,3
SF,IH2006,2020-06-17 14:20:33.200,2870.4000,17580,0,13807760820.000,0,-,-,-,-,2870.4000,2870.0000,2869.8000,2869.2000,2869.0000,2870.6000,2870.8000,2871.0000,2871.2000,2871.4000,1,2,4,1,4,3,3,5,2,3
SF,IH2006,2020-06-17 14:20:33.700,2870.0000,17579,-1,13809482940.000,2,0,2,空平,B,2870.0000,2869.8000,2869.2000,2869.0000,2868.8000,2870.4000,2870.6000,2870.8000,2871.0000,2871.2000,1,4,1,4,2,1,2,3,5,2
SF,IH2006,2020-06-17 14:20:34.200,2870.0000,17579,0,13809482940.000,0,-,-,-,-,2870.0000,2869.8000,2869.2000,2869.0000,2868.8000,2870.4000,2870.6000,2870.8000,2871.0000,2871.2000,1,4,1,4,2,2,2,3,5,2
SF,IH2006,2020-06-17 14:20:34.700,2870.6000,17579,0,13812066360.000,3,1,2,空换,B,2869.8000,2869.2000,2869.0000,2868.8000,2868.6000,2870.6000,2870.8000,2871.0000,2871.2000,2871.4000,4,1,4,2,1,1,3,5,2,3
SF,IH2006,2020-06-17 14:20:35.200,2870.6000,17578,-1,13813788720.000,2,0,2,空平,B,2870.0000,2869.8000,2869.2000,2869.0000,2868.8000,2870.8000,2871.0000,2871.2000,2871.4000,2871.8000,3,4,1,4,2,3,5,2,3,3
SF,IH2006,2020-06-17 14:20:35.700,2870.6000,17579,1,13814649900.000,1,1,0,双开,B,2870.4000,2870.0000,2869.8000,2869.2000,2869.0000,2870.6000,2870.8000,2871.0000,2871.2000,2871.4000,1,4,4,1,4,2,3,5,2,3
SF,IH2006,2020-06-17 14:20:36.200,2870.0000,17579,0,13818955620.000,5,2,3,空换,B,2869.8000,2869.2000,2869.0000,2868.8000,2868.6000,2870.8000,2871.0000,2871.2000,2871.4000,2871.8000,4,1,4,2,1,2,5,2,3,3
SF,IH2006,2020-06-17 14:20:36.700,2870.0000,17579,0,13818955620.000,0,-,-,-,-,2870.0000,2869.8000,2869.2000,2869.0000,2868.8000,2870.8000,2871.0000,2871.2000,2871.4000,2871.8000,6,4,1,4,2,2,5,2,3,3
SF,IH2006,2020-06-17 14:20:37.200,2870.0000,17579,0,13818955620.000,0,-,-,-,-,2870.2000,2870.0000,2869.8000,2869.2000,2869.0000,2870.8000,2871.0000,2871.2000,2871.4000,2871.8000,2,4,3,1,4,1,6,2,3,3
SF,IH2006,2020-06-17 14:20:37.700,2870.8000,17578,-1,13819816860.000,1,0,1,双平,B,2870.2000,2870.0000,2869.8000,2869.2000,2869.0000,2871.0000,2871.2000,2871.4000,2871.8000,2872.0000,3,3,3,1,4,6,2,3,3,32
SF,IH2006,2020-06-17 14:20:38.200,2870.2000,17580,2,13824123000.000,5,3,2,多开,B,2870.2000,2870.0000,2869.8000,2869.2000,2869.0000,2871.0000,2871.2000,2871.4000,2871.8000,2872.0000,2,3,3,1,4,5,2,3,3,33
SF,IH2006,2020-06-17 14:20:38.700,2870.8000,17581,1,13824984240.000,1,1,0,双开,B,2870.2000,2870.0000,2869.8000,2869.2000,2869.0000,2871.0000,2871.2000,2871.4000,2871.8000,2872.0000,3,2,3,1,3,5,2,3,3,33
SF,IH2006,2020-06-17 14:20:40.200,2871.0000,17580,-1,13825845540.000,1,0,1,双平,B,2870.2000,2870.0000,2869.8000,2869.2000,2869.0000,2871.0000,2871.2000,2871.4000,2871.8000,2872.0000,3,2,3,1,3,4,2,3,3,33
SF,IH2006,2020-06-17 14:20:40.700,2871.0000,17579,-1,13827568140.000,2,0,2,空平,B,2870.2000,2870.0000,2869.8000,2869.2000,2869.0000,2871.0000,2871.2000,2871.4000,2871.8000,2872.0000,3,2,3,1,3,4,2,3,3,33
SF,IH2006,2020-06-17 14:20:41.200,2871.0000,17579,0,13827568140.000,0,-,-,-,-,2870.4000,2870.2000,2870.0000,2869.8000,2869.2000,2871.0000,2871.2000,2871.4000,2871.8000,2872.0000,2,3,2,3,1,4,2,3,3,33
SF,IH2006,2020-06-17 14:20:41.700,2870.4000,17579,0,13828429260.000,1,0,1,空换,B,2870.4000,2870.2000,2870.0000,2869.8000,2869.2000,2871.0000,2871.2000,2871.4000,2871.8000,2872.0000,2,3,2,3,1,2,2,3,3,33
SF,IH2006,2020-06-17 14:20:42.200,2870.4000,17579,0,13829290380.000,1,0,1,空换,B,2870.4000,2870.2000,2870.0000,2869.8000,2869.2000,2871.0000,2871.2000,2871.4000,2871.8000,2872.0000,1,3,2,3,1,2,2,2,3,33
SF,IH2006,2020-06-17 14:20:42.700,2870.4000,17579,0,13829290380.000,0,-,-,-,-,2870.4000,2870.2000,2870.0000,2869.8000,2869.2000,2871.0000,2871.2000,2871.4000,2871.8000,2872.0000,1,1,2,3,1,2,2,2,3,33
SF,IH2006,2020-06-17 14:20:44.200,2871.0000,17578,-1,13830151680.000,1,0,1,双平,B,2870.4000,2870.2000,2870.0000,2869.8000,2869.2000,2871.0000,2871.2000,2871.4000,2871.8000,2872.0000,1,1,2,3,1,1,2,2,3,33
SF,IH2006,2020-06-17 14:20:44.700,2871.0000,17578,0,13831012980.000,1,0,1,空换,B,2871.0000,2870.4000,2870.2000,2870.0000,2869.8000,2871.2000,2871.4000,2871.8000,2872.0000,2872.4000,3,1,1,2,3,3,2,3,33,1
SF,IH2006,2020-06-17 14:20:45.200,2871.0000,17578,0,13833596880.000,3,1,2,空换,B,2870.4000,2870.2000,2870.0000,2869.8000,2869.2000,2871.0000,2871.2000,2871.4000,2871.8000,2872.0000,1,1,2,2,1,17,3,2,3,33
SF,IH2006,2020-06-17 14:20:45.700,2870.4000,17578,0,13834458000.000,1,0,1,空换,B,2870.2000,2870.0000,2869.8000,2869.2000,2869.0000,2871.0000,2871.2000,2871.4000,2871.8000,2872.0000,1,2,1,1,3,10,2,2,3,33
SF,IH2006,2020-06-17 14:20:46.200,2870.4000,17578,0,13834458000.000,0,-,-,-,-,2870.4000,2870.2000,2870.0000,2869.8000,2869.2000,2871.0000,2871.2000,2871.4000,2871.8000,2872.0000,5,1,2,1,1,10,2,2,3,32
SF,IH2006,2020-06-17 14:20:46.700,2871.0000,17577,-1,13836180600.000,2,0,2,空平,B,2870.4000,2870.2000,2870.0000,2869.8000,2869.2000,2871.0000,2871.2000,2871.4000,2871.8000,2872.0000,5,1,2,1,1,8,2,2,3,32
SF,IH2006,2020-06-17 14:20:47.200,2871.0000,17577,0,13836180600.000,0,-,-,-,-,2870.6000,2870.4000,2870.0000,2869.8000,2869.2000,2871.0000,2871.2000,2871.4000,2871.8000,2872.0000,3,4,1,1,1,7,2,2,3,32
SF,IH2006,2020-06-17 14:20:48.200,2871.0000,17577,0,13836180600.000,0,-,-,-,-,2870.6000,2870.4000,2870.0000,2869.8000,2869.2000,2870.8000,2871.0000,2871.2000,2871.4000,2871.8000,3,4,1,1,1,1,6,2,2,3
SF,IH2006,2020-06-17 14:20:48.700,2870.6000,17578,1,13837903020.000,2,1,1,多开,B,2870.6000,2870.4000,2870.0000,2869.8000,2869.2000,2871.0000,2871.2000,2871.4000,2871.8000,2872.0000,3,4,1,1,1,6,2,2,3,32
SF,IH2006,2020-06-17 14:20:49.700,2870.6000,17578,0,13838764200.000,1,0,1,空换,B,2870.6000,2870.4000,2870.0000,2869.8000,2869.2000,2871.0000,2871.2000,2871.4000,2871.8000,2872.0000,2,4,1,1,1,7,2,2,3,32
SF,IH2006,2020-06-17 14:20:50.200,2870.6000,17579,1,13840486560.000,2,1,1,多开,B,2870.4000,2870.2000,2870.0000,2869.8000,2869.2000,2870.6000,2870.8000,2871.0000,2871.2000,2871.4000,4,2,1,1,1,7,2,8,2,2
SF,IH2006,2020-06-17 14:20:50.700,2870.4000,17583,4,13845653280.000,6,5,1,多开,B,2870.2000,2870.0000,2869.8000,2869.2000,2869.0000,2870.6000,2870.8000,2871.0000,2871.2000,2871.4000,2,1,1,1,3,5,1,8,2,2
SF,IH2006,2020-06-17 14:20:51.200,2870.4000,17583,0,13845653280.000,0,-,-,-,-,2870.2000,2869.8000,2869.2000,2869.0000,2868.8000,2870.4000,2870.6000,2870.8000,2871.0000,2871.2000,4,1,1,3,1,2,6,1,9,2
SF,IH2006,2020-06-17 14:20:51.700,2870.4000,17583,0,13845653280.000,0,-,-,-,-,2870.2000,2869.8000,2869.2000,2869.0000,2868.8000,2870.4000,2870.6000,2870.8000,2871.0000,2871.2000,4,1,1,3,1,1,6,1,9,2
SF,IH2006,2020-06-17 14:20:52.200,2870.4000,17583,0,13845653280.000,0,-,-,-,-,2870.2000,2869.8000,2869.2000,2869.0000,2868.8000,2870.4000,2870.6000,2870.8000,2871.0000,2871.2000,4,1,1,3,1,3,6,1,9,2
SF,IH2006,2020-06-17 14:20:53.200,2870.2000,17582,-1,13847375460.000,2,0,2,空平,B,2870.2000,2869.8000,2869.2000,2869.0000,2868.8000,2870.4000,2870.6000,2871.0000,2871.2000,2871.4000,3,1,1,3,1,2,5,9,2,2
SF,IH2006,2020-06-17 14:20:53.700,2870.2000,17584,2,13849958640.000,3,2,1,多开,B,2869.8000,2869.2000,2869.0000,2868.8000,2868.4000,2870.4000,2870.6000,2871.0000,2871.2000,2871.4000,1,1,3,1,2,2,5,9,2,2
SF,IH2006,2020-06-17 14:20:54.200,2870.2000,17584,0,13849958640.000,0,-,-,-,-,2869.8000,2869.6000,2869.2000,2869.0000,2868.8000,2870.4000,2870.6000,2871.0000,2871.2000,2871.4000,1,1,1,3,1,3,5,9,2,2
SF,IH2006,2020-06-17 14:20:54.700,2870.2000,17584,0,13849958640.000,0,-,-,-,-,2869.6000,2869.2000,2869.0000,2868.8000,2868.4000,2870.4000,2870.6000,2871.0000,2871.2000,2871.4000,1,1,3,1,2,3,5,9,2,2
SF,IH2006,2020-06-17 14:20:55.200,2870.2000,17584,0,13849958640.000,0,-,-,-,-,2869.8000,2869.6000,2869.2000,2869.0000,2868.8000,2870.4000,2870.6000,2871.0000,2871.2000,2871.4000,2,1,1,3,1,3,5,9,2,2
SF,IH2006,2020-06-17 14:20:55.700,2870.2000,17584,0,13849958640.000,0,-,-,-,-,2869.8000,2869.6000,2869.2000,2869.0000,2868.8000,2870.4000,2870.6000,2871.0000,2871.2000,2871.4000,2,1,1,3,1,3,5,9,2,2
SF,IH2006,2020-06-17 14:20:57.200,2870.4000,17584,0,13850819760.000,1,0,1,空换,B,2869.8000,2869.6000,2869.2000,2869.0000,2868.8000,2870.4000,2870.6000,2871.0000,2871.2000,2871.4000,3,1,1,3,1,2,5,9,2,2
SF,IH2006,2020-06-17 14:20:57.700,2869.8000,17584,0,13851680700.000,1,0,1,空换,B,2869.8000,2869.6000,2869.2000,2869.0000,2868.8000,2870.4000,2870.6000,2871.0000,2871.2000,2871.4000,2,1,1,3,1,2,5,9,2,2
SF,IH2006,2020-06-17 14:20:58.200,2869.8000,17584,0,13851680700.000,0,-,-,-,-,2869.8000,2869.6000,2869.2000,2869.0000,2868.8000,2870.4000,2870.6000,2871.0000,2871.2000,2871.4000,1,1,1,3,1,2,2,9,2,2
SF,IH2006,2020-06-17 14:20:58.700,2869.8000,17584,0,13851680700.000,0,-,-,-,-,2869.8000,2869.6000,2869.2000,2869.0000,2868.8000,2870.4000,2870.6000,2871.0000,2871.2000,2871.4000,1,4,1,3,1,2,2,9,2,2
SF,IH2006,2020-06-17 14:21:00.200,2869.8000,17584,0,13851680700.000,0,-,-,-,-,2870.0000,2869.8000,2869.6000,2869.2000,2869.0000,2870.4000,2870.6000,2871.0000,2871.2000,2871.4000,1,1,4,1,3,2,2,9,2,2
SF,IH2006,2020-06-17 14:21:00.700,2869.8000,17584,0,13851680700.000,0,-,-,-,-,2870.0000,2869.6000,2869.2000,2869.0000,2868.8000,2870.4000,2870.6000,2871.0000,2871.2000,2871.4000,2,4,1,3,1,1,2,9,2,2
SF,IH2006,2020-06-17 14:21:01.200,2870.6000,17585,1,13855125300.000,4,2,2,多开,B,2870.6000,2870.4000,2870.2000,2870.0000,2869.6000,2871.0000,2871.2000,2871.4000,2871.8000,2872.0000,2,1,1,2,4,9,2,2,3,32
SF,IH2006,2020-06-17 14:21:01.700,2871.0000,17585,0,13856847780.000,2,1,1,空换,B,2870.6000,2870.0000,2869.6000,2869.2000,2869.0000,2871.0000,2871.2000,2871.4000,2871.8000,2872.0000,1,1,4,1,3,8,2,2,3,32
SF,IH2006,2020-06-17 14:21:02.200,2870.6000,17586,1,13857708960.000,1,1,0,双开,B,2870.0000,2869.6000,2869.2000,2869.0000,2868.8000,2871.0000,2871.2000,2871.4000,2871.8000,2872.0000,1,4,1,3,1,8,2,2,3,32
SF,IH2006,2020-06-17 14:21:02.700,2870.6000,17586,0,13857708960.000,0,-,-,-,-,2870.2000,2870.0000,2869.6000,2869.2000,2869.0000,2870.6000,2871.0000,2871.2000,2871.4000,2871.8000,9,1,4,1,3,1,8,2,2,3
SF,IH2006,2020-06-17 14:21:03.200,2870.6000,17586,0,13858570140.000,1,0,1,空换,B,2870.8000,2870.6000,2870.4000,2870.2000,2869.6000,2871.0000,2871.2000,2871.4000,2871.8000,2872.0000,1,4,1,9,4,8,2,2,3,32
SF,IH2006,2020-06-17 14:21:03.700,2870.8000,17587,1,13859431380.000,1,1,0,双开,B,2870.4000,2870.2000,2869.6000,2869.2000,2869.0000,2870.8000,2871.0000,2871.2000,2871.4000,2871.8000,1,4,4,1,3,2,7,2,2,3
SF,IH2006,2020-06-17 14:21:04.200,2870.8000,17587,0,13859431380.000,0,-,-,-,-,2870.6000,2870.4000,2870.2000,2869.6000,2869.2000,2870.8000,2871.0000,2871.2000,2871.4000,2871.8000,1,2,3,4,1,1,7,2,2,3
SF,IH2006,2020-06-17 14:21:06.200,2870.8000,17587,0,13859431380.000,0,-,-,-,-,2870.6000,2870.4000,2870.2000,2869.6000,2869.2000,2870.8000,2871.0000,2871.2000,2871.4000,2871.8000,1,1,3,4,1,1,7,2,2,3
SF,IH2006,2020-06-17 14:21:06.700,2870.8000,17587,0,13859431380.000,0,-,-,-,-,2870.6000,2870.4000,2870.2000,2869.6000,2869.2000,2870.8000,2871.0000,2871.2000,2871.4000,2871.8000,1,1,3,4,1,1,7,2,2,3
SF,IH2006,2020-06-17 14:21:08.700,2870.8000,17587,0,13860292620.000,1,0,1,空换,B,2870.6000,2870.4000,2870.2000,2869.6000,2869.2000,2871.0000,2871.2000,2871.4000,2871.8000,2872.0000,1,1,3,4,1,7,2,2,3,32
SF,IH2006,2020-06-17 14:21:09.700,2870.6000,17587,0,13861153800.000,1,0,1,空换,B,2870.4000,2870.2000,2869.6000,2869.4000,2869.2000,2870.6000,2871.0000,2871.2000,2871.4000,2871.8000,1,3,4,1,1,1,4,2,2,3
SF,IH2006,2020-06-17 14:21:10.200,2870.6000,17587,0,13862014980.000,1,0,1,空换,B,2870.6000,2870.2000,2869.6000,2869.4000,2869.2000,2870.8000,2871.0000,2871.2000,2871.4000,2871.8000,8,3,4,1,1,1,4,2,2,3
SF,IH2006,2020-06-17 14:21:10.700,2870.8000,17587,0,13862876220.000,1,0,1,空换,B,2870.6000,2870.2000,2869.6000,2869.4000,2869.2000,2871.0000,2871.2000,2871.4000,2871.8000,2872.0000,1,3,4,1,1,4,2,1,3,32
SF,IH2006,2020-06-17 14:21:11.200,2870.8000,17587,0,13862876220.000,0,-,-,-,-,2870.8000,2870.6000,2870.2000,2869.6000,2869.4000,2871.0000,2871.2000,2871.4000,2871.8000,2872.0000,1,2,3,4,1,4,2,1,3,32
SF,IH2006,2020-06-17 14:21:11.700,2870.8000,17587,0,13862876220.000,0,-,-,-,-,2870.6000,2870.2000,2869.6000,2869.4000,2869.2000,2871.0000,2871.2000,2871.4000,2871.8000,2872.0000,2,3,4,1,1,4,2,1,3,33
SF,IH2006,2020-06-17 14:21:12.200,2870.8000,17587,0,13862876220.000,0,-,-,-,-,2870.6000,2870.2000,2869.6000,2869.4000,2869.2000,2871.0000,2871.2000,2871.4000,2871.8000,2872.0000,1,3,4,1,1,4,2,1,3,33
SF,IH2006,2020-06-17 14:21:12.700,2870.8000,17587,0,13862876220.000,0,-,-,-,-,2870.6000,2870.2000,2869.6000,2869.4000,2869.2000,2870.8000,2871.0000,2871.2000,2871.4000,2871.8000,1,3,4,1,1,2,4,2,1,3
SF,IH2006,2020-06-17 14:21:13.200,2870.6000,17587,0,13863737400.000,1,0,1,空换,B,2870.2000,2869.6000,2869.4000,2869.2000,2869.0000,2870.8000,2871.0000,2871.2000,2871.4000,2871.8000,3,4,1,1,3,2,4,2,1,3
SF,IH2006,2020-06-17 14:21:13.700,2870.6000,17587,0,13863737400.000,0,-,-,-,-,2870.4000,2870.2000,2869.6000,2869.4000,2869.2000,2870.8000,2871.0000,2871.2000,2871.4000,2871.8000,1,6,4,1,1,2,4,2,1,3
SF,IH2006,2020-06-17 14:21:14.200,2870.6000,17587,0,13863737400.000,0,-,-,-,-,2870.4000,2870.2000,2869.6000,2869.4000,2869.2000,2870.8000,2871.0000,2871.2000,2871.4000,2871.8000,2,6,4,1,1,2,4,2,1,3
SF,IH2006,2020-06-17 14:21:14.700,2870.8000,17588,1,13864598640.000,1,1,0,双开,B,2870.4000,2870.2000,2869.6000,2869.4000,2869.2000,2870.8000,2871.0000,2871.2000,2871.4000,2871.8000,2,6,4,1,1,1,4,2,1,3
SF,IH2006,2020-06-17 14:21:17.200,2870.8000,17587,-1,13866321000.000,2,0,2,空平,B,2870.8000,2870.4000,2870.2000,2869.6000,2869.4000,2871.0000,2871.2000,2871.4000,2871.8000,2872.0000,2,1,6,4,1,4,2,1,3,32
SF,IH2006,2020-06-17 14:21:17.700,2870.8000,17586,-1,13868904720.000,3,1,2,空平,B,2870.4000,2870.2000,2869.6000,2869.4000,2869.2000,2870.8000,2871.0000,2871.2000,2871.4000,2871.8000,1,6,4,1,1,5,4,2,1,3
SF,IH2006,2020-06-17 14:21:18.200,2870.8000,17586,0,13868904720.000,0,-,-,-,-,2870.4000,2870.2000,2869.6000,2869.4000,2869.2000,2870.8000,2871.0000,2871.2000,2871.4000,2871.8000,2,6,4,1,1,1,4,2,1,3
SF,IH2006,2020-06-17 14:21:19.200,2870.8000,17586,0,13868904720.000,0,-,-,-,-,2870.4000,2870.2000,2869.6000,2869.4000,2869.2000,2870.8000,2871.0000,2871.2000,2871.4000,2871.8000,3,4,4,1,1,1,4,2,1,3
SF,IH2006,2020-06-17 14:21:19.700,2870.8000,17586,0,13868904720.000,0,-,-,-,-,2870.4000,2870.2000,2869.6000,2869.4000,2869.2000,2870.8000,2871.0000,2871.2000,2871.4000,2871.8000,2,4,4,1,1,1,4,2,1,3
SF,IH2006,2020-06-17 14:21:20.200,2870.8000,17586,0,13868904720.000,0,-,-,-,-,2870.4000,2870.2000,2869.6000,2869.4000,2869.2000,2870.6000,2870.8000,2871.0000,2871.2000,2871.4000,2,4,4,1,1,1,2,4,2,1
SF,IH2006,2020-06-17 14:21:20.700,2870.8000,17586,0,13868904720.000,0,-,-,-,-,2870.4000,2870.2000,2869.6000,2869.4000,2869.2000,2870.6000,2870.8000,2871.0000,2871.2000,2871.4000,2,2,4,1,1,2,2,4,2,1
SF,IH2006,2020-06-17 14:21:21.200,2870.4000,17586,0,13869765840.000,1,0,1,空换,B,2870.4000,2870.2000,2869.6000,2869.4000,2869.2000,2870.6000,2870.8000,2871.0000,2871.2000,2871.4000,1,1,4,1,1,2,2,4,2,1
SF,IH2006,2020-06-17 14:21:23.200,2870.6000,17588,2,13871488200.000,2,2,0,双开,B,2870.4000,2870.2000,2869.6000,2869.4000,2869.2000,2870.8000,2871.0000,2871.2000,2871.4000,2871.8000,1,1,4,1,1,2,4,2,1,3
SF,IH2006,2020-06-17 14:21:23.700,2870.4000,17587,-1,13872349320.000,1,0,1,双平,B,2870.2000,2869.6000,2869.4000,2869.2000,2869.0000,2870.6000,2870.8000,2871.0000,2871.2000,2871.4000,1,4,1,1,3,1,2,4,2,1
SF,IH2006,2020-06-17 14:21:24.200,2870.4000,17587,0,13872349320.000,0,-,-,-,-,2870.2000,2869.6000,2869.4000,2869.2000,2869.0000,2870.6000,2870.8000,2871.0000,2871.2000,2871.4000,2,4,1,1,3,1,2,4,2,1
SF,IH2006,2020-06-17 14:21:25.200,2870.4000,17587,0,13872349320.000,0,-,-,-,-,2870.2000,2869.6000,2869.4000,2869.2000,2869.0000,2870.6000,2870.8000,2871.0000,2871.2000,2871.4000,2,4,1,1,3,1,2,4,2,1
SF,IH2006,2020-06-17 14:21:26.700,2870.2000,17587,0,13873210380.000,1,0,1,空换,B,2870.2000,2869.6000,2869.4000,2869.2000,2869.0000,2870.6000,2870.8000,2871.0000,2871.2000,2871.4000,1,4,1,1,3,1,2,4,2,1
SF,IH2006,2020-06-17 14:21:27.200,2870.6000,17586,-1,13874071560.000,1,0,1,双平,B,2870.2000,2869.6000,2869.4000,2869.2000,2869.0000,2870.8000,2871.0000,2871.2000,2871.4000,2871.8000,1,4,1,1,3,2,4,2,1,3
SF,IH2006,2020-06-17 14:21:27.700,2870.6000,17586,0,13874071560.000,0,-,-,-,-,2870.2000,2869.6000,2869.4000,2869.2000,2869.0000,2870.6000,2870.8000,2871.0000,2871.2000,2871.4000,1,4,1,1,3,1,2,4,2,1
SF,IH2006,2020-06-17 14:21:29.700,2870.6000,17586,0,13874071560.000,0,-,-,-,-,2870.2000,2869.6000,2869.4000,2869.2000,2869.0000,2870.6000,2870.8000,2871.0000,2871.2000,2871.4000,1,4,1,1,3,1,2,4,2,3
SF,IH2006,2020-06-17 14:21:30.200,2870.6000,17586,0,13874071560.000,0,-,-,-,-,2870.2000,2869.6000,2869.4000,2869.2000,2869.0000,2870.6000,2870.8000,2871.0000,2871.2000,2871.4000,1,4,1,1,3,2,2,4,2,3
SF,IH2006,2020-06-17 14:21:32.200,2870.6000,17585,-1,13874932740.000,1,0,1,双平,B,2870.2000,2869.6000,2869.4000,2869.2000,2869.0000,2870.6000,2870.8000,2871.0000,2871.2000,2871.4000,1,4,1,1,3,1,2,4,2,3
SF,IH2006,2020-06-17 14:21:34.200,2870.6000,17585,0,13875793920.000,1,0,1,空换,B,2870.2000,2869.6000,2869.4000,2869.2000,2869.0000,2870.8000,2871.0000,2871.2000,2871.4000,2871.8000,1,4,1,1,3,2,4,2,3,3
SF,IH2006,2020-06-17 14:21:35.200,2870.2000,17585,0,13876654980.000,1,0,1,空换,B,2869.6000,2869.4000,2869.2000,2869.0000,2868.8000,2870.8000,2871.0000,2871.2000,2871.4000,2871.8000,4,1,1,3,1,2,4,2,3,3
SF,IH2006,2020-06-17 14:21:35.700,2870.2000,17585,0,13876654980.000,0,-,-,-,-,2870.4000,2869.8000,2869.6000,2869.4000,2869.2000,2870.6000,2870.8000,2871.0000,2871.2000,2871.4000,1,9,4,1,1,1,2,4,2,3
SF,IH2006,2020-06-17 14:21:36.200,2870.2000,17585,0,13876654980.000,0,-,-,-,-,2869.8000,2869.6000,2869.4000,2869.2000,2869.0000,2870.8000,2871.0000,2871.2000,2871.4000,2871.8000,5,4,1,1,3,2,4,2,3,3
SF,IH2006,2020-06-17 14:21:36.700,2870.2000,17585,0,13876654980.000,0,-,-,-,-,2870.0000,2869.8000,2869.6000,2869.4000,2869.2000,2870.8000,2871.0000,2871.2000,2871.4000,2871.8000,4,4,4,1,1,2,4,2,3,3
SF,IH2006,2020-06-17 14:21:37.200,2870.2000,17585,0,13876654980.000,0,-,-,-,-,2870.2000,2870.0000,2869.8000,2869.6000,2869.4000,2870.8000,2871.0000,2871.2000,2871.4000,2871.8000,2,2,2,4,1,2,4,2,3,3
SF,IH2006,2020-06-17 14:21:38.200,2870.2000,17585,0,13876654980.000,0,-,-,-,-,2870.2000,2870.0000,2869.8000,2869.6000,2869.4000,2870.8000,2871.0000,2871.2000,2871.4000,2871.8000,2,2,2,4,1,2,4,2,3,4
SF,IH2006,2020-06-17 14:21:38.700,2870.2000,17585,0,13877516040.000,1,0,1,空换,B,2870.2000,2870.0000,2869.8000,2869.6000,2869.4000,2870.6000,2870.8000,2871.0000,2871.2000,2871.4000,1,2,2,4,1,1,2,4,2,3
SF,IH2006,2020-06-17 14:21:39.200,2870.2000,17585,0,13877516040.000,0,-,-,-,-,2870.2000,2870.0000,2869.8000,2869.6000,2869.4000,2870.8000,2871.0000,2871.2000,2871.4000,2871.8000,1,2,2,4,1,2,4,2,3,4
SF,IH2006,2020-06-17 14:21:39.700,2870.2000,17585,0,13877516040.000,0,-,-,-,-,2870.2000,2870.0000,2869.8000,2869.6000,2869.4000,2870.8000,2871.0000,2871.2000,2871.4000,2871.8000,1,2,2,4,1,2,5,2,3,4
SF,IH2006,2020-06-17 14:21:43.700,2871.0000,17587,2,13880099820.000,3,2,1,多开,B,2870.2000,2870.0000,2869.8000,2869.6000,2869.4000,2871.0000,2871.2000,2871.4000,2871.8000,2872.0000,1,1,1,4,1,4,2,3,4,28
SF,IH2006,2020-06-17 14:21:44.200,2870.2000,17587,0,13880960880.000,1,0,1,空换,B,2870.0000,2869.8000,2869.6000,2869.4000,2869.2000,2870.8000,2871.0000,2871.2000,2871.4000,2871.8000,1,1,4,1,1,2,4,2,3,4
SF,IH2006,2020-06-17 14:21:44.700,2870.2000,17587,0,13880960880.000,0,-,-,-,-,2870.2000,2870.0000,2869.8000,2869.6000,2869.4000,2870.8000,2871.0000,2871.2000,2871.4000,2871.8000,1,1,1,4,1,3,3,2,3,4
SF,IH2006,2020-06-17 14:21:45.200,2870.2000,17587,0,13880960880.000,0,-,-,-,-,2870.0000,2869.8000,2869.6000,2869.4000,2869.2000,2870.6000,2870.8000,2871.0000,2871.2000,2871.4000,1,1,4,1,1,1,3,3,2,3
SF,IH2006,2020-06-17 14:21:45.700,2870.2000,17587,0,13880960880.000,0,-,-,-,-,2870.4000,2870.2000,2870.0000,2869.8000,2869.6000,2870.6000,2870.8000,2871.0000,2871.2000,2871.4000,3,2,1,1,4,1,3,3,2,3
SF,IH2006,2020-06-17 14:21:46.200,2870.6000,17587,0,13881822060.000,1,0,1,空换,B,2870.2000,2870.0000,2869.8000,2869.6000,2869.4000,2870.8000,2871.0000,2871.2000,2871.4000,2871.8000,2,1,1,4,1,3,3,2,3,4
SF,IH2006,2020-06-17 14:21:46.700,2870.6000,17587,0,13881822060.000,0,-,-,-,-,2870.4000,2870.2000,2870.0000,2869.8000,2869.6000,2870.8000,2871.0000,2871.2000,2871.4000,2871.8000,1,1,1,1,4,3,3,2,3,4
SF,IH2006,2020-06-17 14:21:47.200,2870.4000,17587,0,13882683180.000,1,0,1,空换,B,2870.2000,2870.0000,2869.8000,2869.6000,2869.4000,2870.8000,2871.0000,2871.2000,2871.4000,2871.8000,1,1,1,4,1,3,3,2,3,4
SF,IH2006,2020-06-17 14:21:47.700,2870.4000,17587,0,13882683180.000,0,-,-,-,-,2870.2000,2870.0000,2869.8000,2869.6000,2869.4000,2870.8000,2871.0000,2871.2000,2871.4000,2871.8000,1,1,1,4,1,4,3,2,3,4
SF,IH2006,2020-06-17 14:21:48.700,2870.4000,17587,0,13882683180.000,0,-,-,-,-,2870.0000,2869.8000,2869.6000,2869.4000,2869.2000,2870.8000,2871.0000,2871.2000,2871.4000,2871.8000,1,1,4,1,1,4,3,2,3,4
SF,IH2006,2020-06-17 14:21:49.200,2870.4000,17587,0,13882683180.000,0,-,-,-,-,2870.2000,2870.0000,2869.8000,2869.6000,2869.4000,2870.8000,2871.0000,2871.2000,2871.4000,2871.8000,2,1,1,4,1,4,3,2,3,4
SF,IH2006,2020-06-17 14:21:49.700,2870.8000,17589,2,13885266900.000,3,2,1,多开,B,2870.2000,2870.0000,2869.8000,2869.6000,2869.4000,2870.8000,2871.0000,2871.2000,2871.4000,2871.8000,2,1,1,4,1,1,3,2,3,4
SF,IH2006,2020-06-17 14:21:50.200,2870.8000,17590,1,13886128140.000,1,1,0,双开,B,2870.4000,2870.2000,2870.0000,2869.8000,2869.6000,2871.0000,2871.2000,2871.4000,2871.8000,2872.0000,2,1,1,1,4,3,2,3,4,29
SF,IH2006,2020-06-17 14:21:50.700,2871.0000,17590,0,13886989440.000,1,0,1,空换,B,2870.6000,2870.4000,2870.2000,2870.0000,2869.8000,2871.0000,2871.2000,2871.4000,2871.8000,2872.0000,1,1,1,1,1,2,2,3,4,29
SF,IH2006,2020-06-17 14:21:51.200,2870.6000,17590,0,13887850620.000,1,0,1,空换,B,2870.8000,2870.4000,2870.2000,2870.0000,2869.8000,2871.0000,2871.2000,2871.4000,2871.8000,2872.0000,1,1,1,1,1,2,2,3,4,29
SF,IH2006,2020-06-17 14:21:51.700,2870.6000,17590,0,13887850620.000,0,-,-,-,-,2870.4000,2870.2000,2870.0000,2869.8000,2869.6000,2871.0000,2871.2000,2871.4000,2871.8000,2872.0000,2,1,1,1,4,2,2,3,4,28
SF,IH2006,2020-06-17 14:21:52.200,2871.0000,17591,1,13888711920.000,1,1,0,双开,B,2870.6000,2870.4000,2870.0000,2869.8000,2869.6000,2871.0000,2871.2000,2871.4000,2871.8000,2872.0000,1,2,1,1,4,1,2,3,4,28
SF,IH2006,2020-06-17 14:21:52.700,2871.0000,17593,2,13890434520.000,2,2,0,双开,B,2871.0000,2870.6000,2870.4000,2870.2000,2870.0000,2871.2000,2871.4000,2871.8000,2872.0000,2872.2000,5,2,2,2,1,2,3,4,28,1
SF,IH2006,2020-06-17 14:21:53.200,2871.0000,17596,3,13894741020.000,5,4,1,多开,B,2870.6000,2870.4000,2870.2000,2870.0000,2869.8000,2871.0000,2871.2000,2871.4000,2871.8000,2872.0000,2,2,2,1,1,1,2,3,4,28
SF,IH2006,2020-06-17 14:21:53.700,2871.0000,17596,0,13894741020.000,0,-,-,-,-,2870.6000,2870.4000,2870.2000,2870.0000,2869.8000,2870.8000,2871.0000,2871.2000,2871.4000,2871.8000,2,2,2,1,1,1,1,2,3,4
SF,IH2006,2020-06-17 14:21:54.200,2870.8000,17595,-1,13896463500.000,2,0,2,空平,B,2870.8000,2870.6000,2870.4000,2870.2000,2869.8000,2871.0000,2871.2000,2871.4000,2871.8000,2872.0000,1,2,1,2,1,1,2,3,4,28
SF,IH2006,2020-06-17 14:21:54.700,2870.8000,17595,0,13896463500.000,0,-,-,-,-,2870.6000,2870.4000,2870.2000,2869.8000,2869.6000,2871.0000,2871.2000,2871.4000,2871.8000,2872.0000,2,1,2,1,4,1,2,3,4,28
SF,IH2006,2020-06-17 14:21:55.200,2870.6000,17595,0,13898185980.000,2,1,1,空换,B,2870.6000,2870.4000,2870.2000,2869.8000,2869.6000,2871.2000,2871.4000,2871.8000,2872.0000,2872.2000,1,1,2,1,4,2,3,4,28,1
SF,IH2006,2020-06-17 14:21:55.700,2870.6000,17595,0,13898185980.000,0,-,-,-,-,2870.8000,2870.6000,2870.4000,2870.2000,2869.8000,2871.2000,2871.4000,2871.8000,2872.0000,2872.2000,1,1,1,2,1,2,3,4,28,1
SF,IH2006,2020-06-17 14:21:56.700,2870.6000,17595,0,13898185980.000,0,-,-,-,-,2870.8000,2870.6000,2870.4000,2870.2000,2869.8000,2871.2000,2871.4000,2871.8000,2872.0000,2872.2000,1,1,1,2,1,2,3,4,28,1
SF,IH2006,2020-06-17 14:21:57.200,2870.6000,17595,0,13898185980.000,0,-,-,-,-,2870.8000,2870.6000,2870.4000,2870.2000,2869.8000,2871.2000,2871.4000,2871.8000,2872.0000,2872.2000,1,1,1,2,1,2,3,4,28,1
SF,IH2006,2020-06-17 14:21:58.700,2871.2000,17595,0,13899047340.000,1,0,1,空换,B,2870.8000,2870.6000,2870.4000,2870.2000,2869.8000,2871.2000,2871.4000,2871.8000,2872.0000,2872.2000,2,1,1,2,1,1,3,5,28,1
SF,IH2006,2020-06-17 14:21:59.200,2871.2000,17596,1,13900770060.000,2,1,1,多开,B,2870.8000,2870.6000,2870.4000,2870.2000,2869.8000,2871.4000,2871.8000,2872.0000,2872.2000,2872.4000,2,1,1,2,1,3,5,28,1,1
SF,IH2006,2020-06-17 14:21:59.700,2871.2000,17596,0,13900770060.000,0,-,-,-,-,2871.0000,2870.8000,2870.6000,2870.4000,2870.2000,2871.2000,2871.4000,2871.8000,2872.0000,2872.2000,3,2,6,1,2,1,4,5,28,1
SF,IH2006,2020-06-17 14:22:00.200,2871.2000,17597,1,13901631420.000,1,1,0,双开,B,2871.2000,2871.0000,2870.8000,2870.6000,2870.4000,2871.4000,2871.8000,2872.0000,2872.2000,2872.4000,1,3,2,6,1,4,5,28,1,1
SF,IH2006,2020-06-17 14:22:00.700,2871.2000,17597,0,13905938460.000,5,2,3,空换,B,2871.2000,2870.8000,2870.6000,2870.4000,2870.2000,2871.8000,2872.0000,2872.2000,2872.4000,2872.6000,1,2,6,1,2,5,28,1,1,2
SF,IH2006,2020-06-17 14:22:01.200,2871.2000,17597,0,13905938460.000,0,-,-,-,-,2871.2000,2870.8000,2870.6000,2870.4000,2870.2000,2871.6000,2871.8000,2872.0000,2872.2000,2872.4000,1,2,6,1,2,3,6,28,1,1
SF,IH2006,2020-06-17 14:22:01.700,2871.2000,17597,0,13905938460.000,0,-,-,-,-,2871.2000,2870.8000,2870.6000,2870.4000,2870.2000,2871.6000,2871.8000,2872.0000,2872.2000,2872.4000,3,2,6,1,2,3,6,28,1,1
SF,IH2006,2020-06-17 14:22:02.200,2871.2000,17597,0,13905938460.000,0,-,-,-,-,2871.2000,2870.8000,2870.6000,2870.4000,2870.2000,2871.6000,2871.8000,2872.0000,2872.2000,2872.4000,3,2,6,1,2,3,6,28,1,1
SF,IH2006,2020-06-17 14:22:02.700,2871.2000,17597,0,13906799820.000,1,0,1,空换,B,2871.2000,2870.8000,2870.6000,2870.4000,2870.2000,2871.6000,2871.8000,2872.0000,2872.2000,2872.4000,2,2,6,1,2,2,6,28,1,1
SF,IH2006,2020-06-17 14:22:03.200,2871.6000,17597,0,13907661300.000,1,0,1,空换,B,2871.4000,2871.2000,2870.8000,2870.6000,2870.4000,2871.6000,2871.8000,2872.0000,2872.2000,2872.4000,1,2,2,6,1,2,6,28,1,1
SF,IH2006,2020-06-17 14:22:03.700,2871.8000,17597,0,13911107280.000,4,2,2,空换,B,2871.6000,2871.4000,2871.2000,2870.8000,2870.6000,2871.8000,2872.0000,2872.2000,2872.4000,2872.6000,2,2,1,2,6,3,28,1,1,2
SF,IH2006,2020-06-17 14:22:04.200,2871.6000,17597,0,13913691720.000,3,1,2,空换,B,2871.6000,2871.4000,2871.2000,2870.8000,2870.6000,2871.8000,2872.0000,2872.2000,2872.4000,2872.6000,3,1,1,2,6,4,28,1,1,2
SF,IH2006,2020-06-17 14:22:04.700,2871.6000,17597,0,13914553200.000,1,0,1,空换,B,2871.6000,2871.4000,2871.2000,2870.8000,2870.6000,2871.8000,2872.0000,2872.2000,2872.4000,2872.6000,2,1,1,2,6,4,28,1,1,2
SF,IH2006,2020-06-17 14:22:05.200,2871.8000,17595,-2,13916276220.000,2,0,2,双平,B,2871.6000,2871.4000,2871.2000,2870.8000,2870.6000,2871.8000,2872.0000,2872.2000,2872.4000,2872.6000,1,1,1,2,6,3,28,1,1,2
SF,IH2006,2020-06-17 14:22:05.700,2871.8000,17595,0,13916276220.000,0,-,-,-,-,2871.6000,2871.4000,2871.2000,2870.8000,2870.6000,2871.8000,2872.0000,2872.2000,2872.4000,2872.6000,1,1,1,2,6,3,28,1,1,2
SF,IH2006,2020-06-17 14:22:06.200,2871.6000,17595,0,13917137700.000,1,0,1,空换,B,2871.4000,2871.2000,2870.8000,2870.6000,2870.4000,2871.8000,2872.0000,2872.2000,2872.4000,2872.6000,1,1,2,6,1,3,28,1,1,2
SF,IH2006,2020-06-17 14:22:06.700,2871.8000,17594,-1,13917999240.000,1,0,1,双平,B,2871.4000,2871.2000,2870.8000,2870.6000,2870.4000,2871.8000,2872.0000,2872.2000,2872.4000,2872.6000,1,1,2,6,1,2,28,1,1,2
SF,IH2006,2020-06-17 14:22:07.200,2871.4000,17594,0,13918860660.000,1,0,1,空换,B,2871.2000,2870.8000,2870.6000,2870.4000,2870.2000,2871.8000,2872.0000,2872.2000,2872.4000,2872.6000,1,2,6,1,2,2,28,1,1,2
SF,IH2006,2020-06-17 14:22:07.700,2871.8000,17594,0,13919722200.000,1,0,1,空换,B,2871.2000,2870.8000,2870.6000,2870.4000,2870.2000,2871.8000,2872.0000,2872.2000,2872.4000,2872.6000,1,2,6,1,2,1,28,1,1,2
SF,IH2006,2020-06-17 14:22:08.200,2871.8000,17594,0,13919722200.000,0,-,-,-,-,2871.4000,2871.2000,2870.8000,2870.6000,2870.4000,2871.8000,2872.0000,2872.2000,2872.4000,2872.6000,3,3,2,6,1,1,28,1,1,2
SF,IH2006,2020-06-17 14:22:09.200,2871.8000,17594,0,13920583740.000,1,0,1,空换,B,2871.4000,2871.2000,2870.8000,2870.6000,2870.4000,2872.0000,2872.2000,2872.4000,2872.6000,2872.8000,3,3,2,6,1,28,1,1,2,2
SF,IH2006,2020-06-17 14:22:09.700,2871.4000,17595,1,13922306580.000,2,1,1,多开,B,2871.4000,2871.2000,2870.8000,2870.6000,2870.4000,2872.0000,2872.2000,2872.4000,2872.6000,2872.8000,1,3,2,6,1,29,1,1,2,2
SF,IH2006,2020-06-17 14:22:10.200,2871.4000,17596,1,13923168000.000,1,1,0,双开,B,2871.2000,2870.8000,2870.6000,2870.4000,2870.2000,2872.0000,2872.2000,2872.4000,2872.6000,2872.8000,3,2,6,1,2,29,1,1,2,2
SF,IH2006,2020-06-17 14:22:10.700,2871.4000,17596,0,13923168000.000,0,-,-,-,-,2871.4000,2871.2000,2870.8000,2870.6000,2870.4000,2872.0000,2872.2000,2872.4000,2872.6000,2872.8000,1,3,2,5,1,29,1,1,2,2
SF,IH2006,2020-06-17 14:22:11.200,2872.0000,17596,0,13924891200.000,2,1,1,空换,B,2871.4000,2871.2000,2870.8000,2870.6000,2870.4000,2872.0000,2872.2000,2872.4000,2872.6000,2872.8000,1,3,2,5,1,27,1,1,2,2
SF,IH2006,2020-06-17 14:22:11.700,2872.0000,17595,-1,13930060800.000,6,2,4,空平,B,2871.6000,2871.4000,2871.2000,2870.8000,2870.6000,2872.0000,2872.2000,2872.4000,2872.6000,2872.8000,1,1,3,2,5,21,1,1,2,2
SF,IH2006,2020-06-17 14:22:12.200,2872.0000,17594,-1,13930922400.000,1,0,1,双平,B,2871.6000,2871.4000,2871.2000,2870.8000,2870.6000,2871.8000,2872.0000,2872.2000,2872.4000,2872.6000,1,1,2,2,5,1,20,1,1,2
SF,IH2006,2020-06-17 14:22:12.700,2871.8000,17594,0,13931783940.000,1,0,1,空换,B,2871.6000,2871.4000,2871.2000,2870.8000,2870.6000,2872.0000,2872.2000,2872.4000,2872.6000,2872.8000,2,1,2,2,5,20,1,1,2,2
SF,IH2006,2020-06-17 14:22:13.200,2872.0000,17593,-1,13932645540.000,1,0,1,双平,B,2871.6000,2871.4000,2871.2000,2870.8000,2870.6000,2872.0000,2872.4000,2872.6000,2872.8000,2873.0000,2,1,2,2,5,18,1,2,2,4
SF,IH2006,2020-06-17 14:22:13.700,2872.0000,17593,0,13932645540.000,0,-,-,-,-,2871.6000,2871.4000,2871.2000,2870.8000,2870.6000,2872.0000,2872.4000,2872.6000,2872.8000,2873.0000,3,1,2,1,5,18,1,3,3,4
SF,IH2006,2020-06-17 14:22:14.200,2872.0000,17593,0,13932645540.000,0,-,-,-,-,2871.6000,2871.4000,2871.2000,2870.8000,2870.6000,2872.0000,2872.4000,2872.6000,2872.8000,2873.0000,3,1,2,1,5,18,1,3,3,4
SF,IH2006,2020-06-17 14:22:14.700,2872.0000,17592,-1,13934368680.000,2,0,2,空平,B,2871.6000,2871.4000,2871.2000,2870.8000,2870.6000,2872.0000,2872.4000,2872.6000,2872.8000,2873.0000,3,1,2,1,5,17,1,3,3,4
SF,IH2006,2020-06-17 14:22:15.700,2872.0000,17592,0,13936091880.000,2,1,1,空换,B,2871.6000,2871.4000,2871.2000,2870.8000,2870.6000,2872.0000,2872.4000,2872.6000,2872.8000,2873.0000,3,1,2,2,5,15,1,3,3,4
SF,IH2006,2020-06-17 14:22:16.200,2872.0000,17591,-1,13937815080.000,2,0,2,空平,B,2871.6000,2871.4000,2871.2000,2870.8000,2870.6000,2872.0000,2872.4000,2872.6000,2872.8000,2873.0000,3,1,2,2,5,13,1,3,3,4
SF,IH2006,2020-06-17 14:22:16.700,2872.0000,17591,0,13937815080.000,0,-,-,-,-,2871.6000,2871.4000,2871.2000,2870.8000,2870.6000,2872.0000,2872.4000,2872.6000,2872.8000,2873.0000,3,1,2,2,5,13,1,3,3,4
SF,IH2006,2020-06-17 14:22:17.200,2872.0000,17589,-2,13940399880.000,3,0,3,空平,B,2871.6000,2871.4000,2871.2000,2870.8000,2870.6000,2872.0000,2872.4000,2872.6000,2872.8000,2873.0000,6,1,2,2,5,10,1,3,3,4
SF,IH2006,2020-06-17 14:22:17.700,2871.6000,17588,-1,13941261360.000,1,0,1,双平,B,2871.6000,2871.4000,2871.2000,2870.8000,2870.6000,2872.0000,2872.4000,2872.6000,2872.8000,2873.0000,6,1,2,2,5,10,1,3,3,4
SF,IH2006,2020-06-17 14:22:18.200,2872.0000,17587,-1,13942984440.000,2,0,2,空平,B,2871.6000,2871.4000,2871.2000,2870.8000,2870.6000,2872.0000,2872.4000,2872.6000,2872.8000,2873.0000,5,1,2,2,5,9,1,3,3,4
SF,IH2006,2020-06-17 14:22:18.700,2872.0000,17586,-1,13943846040.000,1,0,1,双平,B,2871.6000,2871.4000,2871.2000,2870.8000,2870.6000,2872.0000,2872.4000,2872.6000,2872.8000,2873.0000,5,1,2,2,5,8,1,3,3,4
SF,IH2006,2020-06-17 14:22:19.200,2871.6000,17586,0,13944707520.000,1,0,1,空换,B,2871.6000,2871.4000,2871.2000,2870.8000,2870.6000,2872.0000,2872.4000,2872.6000,2872.8000,2873.0000,4,1,2,2,5,8,1,3,3,4
SF,IH2006,2020-06-17 14:22:19.700,2872.0000,17585,-1,13947292200.000,3,1,2,空平,B,2871.6000,2871.4000,2871.2000,2870.8000,2870.6000,2872.0000,2872.4000,2872.6000,2872.8000,2873.0000,3,1,2,2,5,6,1,3,3,4
SF,IH2006,2020-06-17 14:22:20.200,2872.0000,17585,0,13947292200.000,0,-,-,-,-,2871.6000,2871.4000,2871.2000,2870.8000,2870.6000,2872.0000,2872.4000,2872.6000,2872.8000,2873.0000,2,1,2,1,5,6,1,4,3,4
SF,IH2006,2020-06-17 14:22:20.700,2872.0000,17584,-1,13949876880.000,3,1,2,空平,B,2871.4000,2871.2000,2870.8000,2870.6000,2869.6000,2872.0000,2872.6000,2872.8000,2873.0000,2874.0000,2,2,1,5,1,4,4,3,4,1
SF,IH2006,2020-06-17 14:22:21.200,2872.0000,17583,-1,13952461560.000,3,1,2,空平,B,2871.4000,2871.2000,2870.8000,2870.6000,2869.6000,2872.0000,2872.6000,2872.8000,2873.0000,2874.0000,2,1,1,5,1,2,4,3,4,1
SF,IH2006,2020-06-17 14:22:21.700,2872.0000,17583,0,13955046180.000,3,1,2,空换,B,2872.0000,2871.4000,2871.2000,2870.8000,2870.6000,2872.6000,2872.8000,2873.0000,2874.0000,2874.2000,2,2,1,1,5,4,3,4,1,1
SF,IH2006,2020-06-17 14:22:22.200,2872.0000,17581,-2,13956769380.000,2,0,2,双平,B,2871.4000,2871.2000,2870.8000,2870.6000,2869.6000,2872.4000,2872.6000,2872.8000,2873.0000,2874.0000,3,1,1,5,1,5,3,4,4,1
SF,IH2006,2020-06-17 14:22:22.700,2872.0000,17581,0,13956769380.000,0,-,-,-,-,2871.6000,2871.4000,2871.2000,2870.8000,2870.6000,2872.2000,2872.4000,2872.6000,2872.8000,2873.0000,4,4,1,1,5,1,5,3,4,4
SF,IH2006,2020-06-17 14:22:23.200,2872.2000,17582,1,13957631040.000,1,1,0,双开,B,2872.2000,2871.6000,2871.4000,2871.2000,2870.8000,2872.4000,2872.6000,2872.8000,2873.0000,2874.0000,4,2,4,1,1,5,3,3,4,1
SF,IH2006,2020-06-17 14:22:23.700,2872.4000,17583,1,13960216080.000,3,2,1,多开,B,2872.2000,2871.6000,2871.4000,2871.2000,2870.8000,2872.4000,2872.6000,2872.8000,2873.0000,2874.0000,3,2,4,1,1,3,3,3,4,1
SF,IH2006,2020-06-17 14:22:24.200,2872.2000,17583,0,13961939460.000,2,1,1,空换,B,2872.2000,2871.6000,2871.4000,2871.2000,2870.8000,2872.4000,2872.6000,2872.8000,2873.0000,2873.2000,2,2,4,1,1,1,3,3,4,1
SF,IH2006,2020-06-17 14:22:24.700,2872.2000,17583,0,13961939460.000,0,-,-,-,-,2872.2000,2871.6000,2871.4000,2871.2000,2870.8000,2872.6000,2872.8000,2873.0000,2873.2000,2874.0000,2,2,4,1,1,3,3,4,1,1
SF,IH2006,2020-06-17 14:22:25.200,2872.2000,17583,0,13962801120.000,1,0,1,空换,B,2872.4000,2872.2000,2871.6000,2871.4000,2871.2000,2872.6000,2872.8000,2873.0000,2873.2000,2874.0000,4,1,2,4,1,4,3,4,1,1
SF,IH2006,2020-06-17 14:22:25.700,2872.2000,17583,0,13962801120.000,0,-,-,-,-,2872.4000,2872.2000,2871.6000,2871.4000,2871.2000,2872.6000,2872.8000,2873.0000,2873.2000,2874.0000,4,1,2,4,1,4,3,4,1,1
SF,IH2006,2020-06-17 14:22:26.200,2872.4000,17583,0,13967109780.000,5,2,3,空换,B,2872.2000,2871.6000,2871.4000,2871.2000,2870.8000,2872.6000,2872.8000,2873.0000,2874.0000,2874.2000,1,2,4,1,1,3,3,4,1,1
SF,IH2006,2020-06-17 14:22:26.700,2872.6000,17583,0,13968833340.000,2,1,1,空换,B,2872.2000,2871.6000,2871.4000,2871.2000,2870.8000,2872.6000,2872.8000,2873.0000,2874.0000,2874.2000,1,2,4,1,1,1,3,4,1,1
SF,IH2006,2020-06-17 14:22:27.200,2872.8000,17583,0,13969695180.000,1,0,1,空换,B,2872.2000,2871.6000,2871.4000,2871.2000,2870.8000,2872.8000,2873.0000,2874.0000,2874.2000,2874.6000,1,2,4,1,1,2,4,1,1,1
SF,IH2006,2020-06-17 14:22:27.700,2872.8000,17582,-1,13970557020.000,1,0,1,双平,B,2872.2000,2871.6000,2871.4000,2871.2000,2870.8000,2872.8000,2873.0000,2873.4000,2874.0000,2874.2000,1,2,4,1,1,2,4,1,1,1
SF,IH2006,2020-06-17 14:22:28.200,2872.8000,17583,1,13972280640.000,2,1,1,多开,B,2872.2000,2871.6000,2871.4000,2871.2000,2870.8000,2872.8000,2873.0000,2873.4000,2873.8000,2874.0000,1,2,4,2,1,1,4,2,1,1
SF,IH2006,2020-06-17 14:22:28.700,2872.8000,17583,0,13972280640.000,0,-,-,-,-,2872.2000,2871.6000,2871.4000,2871.2000,2870.8000,2872.8000,2873.0000,2873.4000,2873.8000,2874.0000,1,2,4,2,1,1,5,2,1,1
SF,IH2006,2020-06-17 14:22:29.200,2872.8000,17584,1,13973142480.000,1,1,0,双开,B,2872.2000,2871.6000,2871.4000,2871.2000,2870.8000,2873.0000,2873.4000,2873.8000,2874.0000,2874.2000,1,2,4,2,1,5,2,1,1,1
SF,IH2006,2020-06-17 14:22:29.700,2872.4000,17585,1,13974004200.000,1,1,0,双开,B,2872.4000,2872.2000,2871.6000,2871.4000,2871.2000,2872.8000,2873.0000,2873.4000,2873.8000,2874.0000,1,1,2,4,2,1,5,2,1,1
SF,IH2006,2020-06-17 14:22:30.200,2872.4000,17585,0,13974865920.000,1,0,1,空换,B,2872.2000,2871.6000,2871.4000,2871.2000,2870.8000,2872.6000,2872.8000,2873.0000,2873.4000,2873.8000,1,2,4,2,1,1,1,5,2,1
SF,IH2006,2020-06-17 14:22:30.700,2872.4000,17585,0,13974865920.000,0,-,-,-,-,2872.2000,2871.8000,2871.6000,2871.4000,2871.2000,2872.6000,2872.8000,2873.0000,2873.4000,2873.8000,1,1,2,4,2,1,1,5,3,1
SF,IH2006,2020-06-17 14:22:31.700,2872.4000,17585,0,13974865920.000,0,-,-,-,-,2872.2000,2871.8000,2871.6000,2871.4000,2871.2000,2872.6000,2872.8000,2873.0000,2873.4000,2873.8000,1,1,2,4,2,1,1,5,4,1
SF,IH2006,2020-06-17 14:22:32.200,2872.6000,17585,0,13975727700.000,1,0,1,空换,B,2872.6000,2872.2000,2871.8000,2871.6000,2871.4000,2872.8000,2873.0000,2873.4000,2874.0000,2874.2000,1,2,1,2,4,1,5,4,1,1
SF,IH2006,2020-06-17 14:22:32.700,2872.8000,17583,-2,13977451320.000,2,0,2,双平,B,2872.2000,2871.8000,2871.6000,2871.4000,2871.2000,2873.0000,2873.4000,2874.0000,2874.2000,2874.4000,2,1,2,4,2,5,3,1,1,2
SF,IH2006,2020-06-17 14:22:33.200,2872.8000,17582,-1,13980898860.000,4,1,3,空平,B,2872.2000,2871.8000,2871.6000,2871.4000,2871.2000,2873.0000,2873.4000,2874.0000,2874.2000,2874.4000,2,1,2,4,2,2,3,2,1,2
SF,IH2006,2020-06-17 14:22:34.200,2873.0000,17582,0,13981760760.000,1,0,1,空换,B,2872.2000,2871.8000,2871.6000,2871.4000,2871.2000,2873.0000,2873.4000,2874.0000,2874.2000,2874.4000,2,1,2,4,2,1,3,2,1,2
SF,IH2006,2020-06-17 14:22:34.700,2873.4000,17581,-1,13985208420.000,4,1,3,空平,B,2873.0000,2872.2000,2872.0000,2871.8000,2871.6000,2873.4000,2874.0000,2874.2000,2874.4000,2874.6000,2,2,1,1,2,1,2,1,2,1
SF,IH2006,2020-06-17 14:22:35.200,2872.4000,17581,0,13987793940.000,3,1,2,空换,B,2872.2000,2872.0000,2871.8000,2871.6000,2871.4000,2872.8000,2873.0000,2873.2000,2873.4000,2874.0000,2,1,1,1,4,2,9,4,3,2
SF,IH2006,2020-06-17 14:22:35.700,2872.2000,17580,-1,13989517320.000,2,0,2,空平,B,2872.6000,2872.2000,2872.0000,2871.8000,2871.6000,2872.8000,2873.0000,2873.2000,2873.4000,2874.0000,1,1,1,1,1,3,5,1,3,2
SF,IH2006,2020-06-17 14:22:36.200,2872.4000,17580,0,13990379040.000,1,0,1,空换,B,2872.2000,2872.0000,2871.8000,2871.6000,2871.4000,2872.8000,2873.0000,2873.2000,2873.4000,2874.0000,1,1,1,1,4,3,5,1,3,2
SF,IH2006,2020-06-17 14:22:36.700,2872.4000,17580,0,13990379040.000,0,-,-,-,-,2872.2000,2872.0000,2871.8000,2871.6000,2871.4000,2872.6000,2872.8000,2873.0000,2873.2000,2873.4000,2,1,1,1,4,1,2,5,1,3
SF,IH2006,2020-06-17 14:22:37.200,2872.8000,17580,0,13992102660.000,2,1,1,空换,B,2872.2000,2872.0000,2871.8000,2871.6000,2871.4000,2872.8000,2873.0000,2873.2000,2873.4000,2874.0000,2,1,1,1,4,1,5,1,3,2
SF,IH2006,2020-06-17 14:22:37.700,2872.8000,17580,0,13992964500.000,1,0,1,空换,B,2872.2000,2872.0000,2871.8000,2871.6000,2871.4000,2872.8000,2873.0000,2873.2000,2873.4000,2874.0000,2,1,1,1,4,1,5,1,3,2
SF,IH2006,2020-06-17 14:22:38.700,2872.8000,17580,0,13992964500.000,0,-,-,-,-,2872.6000,2872.2000,2872.0000,2871.8000,2871.6000,2872.8000,2873.0000,2873.2000,2873.4000,2874.0000,1,2,1,1,1,1,5,1,3,2
SF,IH2006,2020-06-17 14:22:39.200,2872.8000,17580,0,13992964500.000,0,-,-,-,-,2872.6000,2872.2000,2872.0000,2871.8000,2871.6000,2872.8000,2873.0000,2873.2000,2873.4000,2874.0000,1,2,1,1,1,1,5,1,3,2
SF,IH2006,2020-06-17 14:22:39.700,2872.8000,17580,0,13992964500.000,0,-,-,-,-,2872.6000,2872.2000,2872.0000,2871.8000,2871.6000,2872.8000,2873.0000,2873.2000,2873.4000,2874.0000,1,2,1,1,1,1,5,1,3,2
SF,IH2006,2020-06-17 14:22:40.200,2872.8000,17580,0,13992964500.000,0,-,-,-,-,2872.6000,2872.2000,2872.0000,2871.8000,2871.6000,2872.8000,2873.0000,2873.2000,2873.4000,2874.0000,1,2,1,1,1,2,5,1,3,2
SF,IH2006,2020-06-17 14:22:40.700,2872.8000,17579,-1,13995549960.000,3,1,2,空平,B,2872.2000,2872.0000,2871.8000,2871.6000,2871.4000,2872.8000,2873.0000,2873.2000,2873.4000,2874.0000,2,1,1,1,4,1,5,1,3,2
SF,IH2006,2020-06-17 14:22:41.200,2872.8000,17579,0,13995549960.000,0,-,-,-,-,2872.6000,2872.2000,2872.0000,2871.8000,2871.6000,2872.8000,2873.0000,2873.2000,2873.4000,2874.0000,1,2,1,1,1,1,5,1,3,2
SF,IH2006,2020-06-17 14:22:41.700,2872.8000,17579,0,13995549960.000,0,-,-,-,-,2872.6000,2872.2000,2872.0000,2871.8000,2871.6000,2872.8000,2873.0000,2873.2000,2873.4000,2874.0000,1,2,1,1,1,1,5,1,3,2
SF,IH2006,2020-06-17 14:22:43.200,2872.8000,17579,0,13996411800.000,1,0,1,空换,B,2872.6000,2872.2000,2872.0000,2871.8000,2871.6000,2873.0000,2873.2000,2873.4000,2874.0000,2874.2000,1,2,1,1,1,5,1,3,2,1
SF,IH2006,2020-06-17 14:22:43.700,2873.0000,17578,-1,13997273700.000,1,0,1,双平,B,2872.6000,2872.2000,2872.0000,2871.8000,2871.6000,2873.0000,2873.2000,2873.4000,2874.0000,2874.2000,1,2,1,1,1,3,1,3,2,1
SF,IH2006,2020-06-17 14:22:45.700,2872.8000,17578,0,13998997320.000,2,1,1,空换,B,2872.2000,2872.0000,2871.8000,2871.6000,2871.4000,2872.8000,2873.0000,2873.2000,2873.4000,2874.0000,2,1,1,1,4,2,3,1,3,2
SF,IH2006,2020-06-17 14:22:46.200,2872.8000,17579,1,13999859160.000,1,1,0,双开,B,2872.2000,2872.0000,2871.8000,2871.6000,2871.4000,2872.8000,2873.0000,2873.2000,2873.4000,2874.0000,2,1,1,1,4,1,3,1,3,2
SF,IH2006,2020-06-17 14:22:46.700,2872.8000,17579,0,13999859160.000,0,-,-,-,-,2872.4000,2872.2000,2872.0000,2871.8000,2871.6000,2872.8000,2873.0000,2873.2000,2873.4000,2874.0000,3,2,1,1,1,1,3,1,3,2
SF,IH2006,2020-06-17 14:22:47.700,2872.8000,17579,0,14000721000.000,1,0,1,空换,B,2872.4000,2872.2000,2872.0000,2871.8000,2871.6000,2873.0000,2873.2000,2873.4000,2874.0000,2874.2000,3,2,1,1,1,3,1,3,2,1
SF,IH2006,2020-06-17 14:22:48.200,2873.0000,17578,-1,14001582900.000,1,0,1,双平,B,2872.4000,2872.2000,2872.0000,2871.8000,2871.6000,2873.0000,2873.2000,2873.4000,2874.0000,2874.2000,3,3,1,1,1,2,1,3,2,1
SF,IH2006,2020-06-17 14:22:48.700,2873.0000,17577,-1,14002444800.000,1,0,1,双平,B,2872.4000,2872.2000,2872.0000,2871.8000,2871.6000,2873.0000,2873.2000,2873.4000,2874.0000,2874.2000,3,3,1,1,1,1,1,3,2,1
SF,IH2006,2020-06-17 14:22:49.200,2873.0000,17577,0,14002444800.000,0,-,-,-,-,2872.4000,2872.2000,2872.0000,2871.8000,2871.6000,2873.0000,2873.2000,2873.4000,2874.0000,2874.2000,3,3,1,1,1,2,1,3,2,1
SF,IH2006,2020-06-17 14:22:49.700,2873.0000,17577,0,14002444800.000,0,-,-,-,-,2872.4000,2872.2000,2872.0000,2871.8000,2871.6000,2873.0000,2873.2000,2873.4000,2874.0000,2874.2000,1,3,1,1,1,2,1,3,2,1
SF,IH2006,2020-06-17 14:22:50.200,2873.0000,17577,0,14002444800.000,0,-,-,-,-,2872.4000,2872.2000,2872.0000,2871.8000,2871.6000,2873.0000,2873.2000,2873.4000,2874.0000,2874.2000,1,3,1,1,1,2,1,3,2,1
SF,IH2006,2020-06-17 14:22:51.200,2872.4000,17578,1,14003306520.000,1,1,0,双开,B,2872.2000,2872.0000,2871.8000,2871.6000,2871.4000,2873.0000,2873.2000,2873.4000,2874.0000,2874.2000,3,1,1,1,4,2,1,3,2,1
SF,IH2006,2020-06-17 14:22:51.700,2872.4000,17577,-1,14004168240.000,1,0,1,双平,B,2872.2000,2872.0000,2871.8000,2871.6000,2871.4000,2872.4000,2873.0000,2873.2000,2873.4000,2874.0000,3,1,1,1,4,4,2,1,3,2
SF,IH2006,2020-06-17 14:22:52.200,2872.4000,17575,-2,14007615120.000,4,1,3,空平,B,2872.8000,2872.4000,2872.2000,2872.0000,2871.8000,2873.0000,2873.2000,2873.4000,2874.0000,2874.2000,2,10,3,1,1,2,1,3,2,1
SF,IH2006,2020-06-17 14:22:52.700,2872.8000,17575,0,14011062480.000,4,2,2,空换,B,2872.4000,2872.2000,2872.0000,2871.8000,2871.6000,2872.8000,2873.0000,2873.2000,2873.4000,2874.0000,1,3,1,1,1,6,2,1,3,2
SF,IH2006,2020-06-17 14:22:54.200,2872.8000,17575,0,14011924320.000,1,0,1,空换,B,2872.4000,2872.2000,2872.0000,2871.8000,2871.6000,2872.8000,2873.0000,2873.2000,2873.4000,2874.0000,1,3,1,1,1,5,2,1,3,2
SF,IH2006,2020-06-17 14:22:55.200,2872.8000,17575,0,14011924320.000,0,-,-,-,-,2872.2000,2872.0000,2871.8000,2871.6000,2871.4000,2872.8000,2873.0000,2873.2000,2873.4000,2874.0000,3,1,1,1,4,5,2,1,3,2
SF,IH2006,2020-06-17 14:22:55.700,2872.8000,17575,0,14011924320.000,0,-,-,-,-,2872.2000,2872.0000,2871.8000,2871.6000,2871.4000,2872.6000,2872.8000,2873.0000,2873.2000,2873.4000,3,1,1,1,4,1,5,2,1,3
SF,IH2006,2020-06-17 14:22:56.200,2873.0000,17579,4,14018819100.000,8,6,2,多开,B,2873.0000,2872.2000,2872.0000,2871.8000,2871.6000,2873.2000,2873.4000,2874.0000,2874.2000,2874.4000,13,3,1,1,1,1,3,2,1,3
SF,IH2006,2020-06-17 14:22:56.700,2873.0000,17584,5,14028300000.000,11,8,3,多开,B,2873.0000,2872.2000,2872.0000,2871.8000,2871.6000,2873.2000,2873.4000,2874.0000,2874.2000,2874.4000,2,3,1,1,1,1,3,2,1,3
SF,IH2006,2020-06-17 14:22:57.200,2873.0000,17586,2,14030023800.000,2,2,0,双开,B,2872.2000,2872.0000,2871.8000,2871.6000,2871.4000,2873.0000,2873.2000,2873.4000,2874.0000,2874.2000,3,1,1,1,4,6,2,3,2,1
SF,IH2006,2020-06-17 14:22:57.700,2873.0000,17586,0,14030023800.000,0,-,-,-,-,2872.2000,2872.0000,2871.8000,2871.6000,2871.4000,2873.0000,2873.2000,2873.4000,2873.6000,2874.0000,3,1,1,1,4,4,2,3,1,2
SF,IH2006,2020-06-17 14:22:58.200,2873.0000,17586,0,14030023800.000,0,-,-,-,-,2872.2000,2871.8000,2871.6000,2871.4000,2871.2000,2872.6000,2872.8000,2873.0000,2873.2000,2873.4000,3,1,1,4,2,1,5,7,2,3
SF,IH2006,2020-06-17 14:22:58.700,2873.0000,17586,0,14030023800.000,0,-,-,-,-,2872.2000,2871.8000,2871.6000,2871.4000,2871.2000,2872.6000,2872.8000,2873.0000,2873.2000,2873.4000,3,1,1,4,2,2,4,5,2,3
SF,IH2006,2020-06-17 14:22:59.200,2872.2000,17585,-1,14033470440.000,4,1,3,空平,B,2871.8000,2871.6000,2871.4000,2871.2000,2870.6000,2872.2000,2872.6000,2872.8000,2873.0000,2873.2000,1,1,4,2,5,1,2,4,5,2
SF,IH2006,2020-06-17 14:22:59.700,2872.2000,17585,0,14034332100.000,1,0,1,空换,B,2872.2000,2871.8000,2871.6000,2871.4000,2871.2000,2872.6000,2872.8000,2873.0000,2873.2000,2873.4000,2,2,1,4,2,2,4,4,2,3
SF,IH2006,2020-06-17 14:23:00.200,2872.2000,17585,0,14034332100.000,0,-,-,-,-,2871.8000,2871.6000,2871.4000,2871.2000,2870.6000,2872.6000,2872.8000,2873.0000,2873.2000,2873.4000,2,1,4,2,5,1,4,4,2,3
SF,IH2006,2020-06-17 14:23:00.700,2872.2000,17586,1,14035193760.000,1,1,0,双开,B,2872.0000,2871.8000,2871.6000,2871.4000,2871.2000,2872.6000,2872.8000,2873.0000,2873.2000,2873.4000,1,2,1,4,2,1,4,4,3,3
SF,IH2006,2020-06-17 14:23:01.200,2872.2000,17586,0,14035193760.000,0,-,-,-,-,2872.0000,2871.8000,2871.6000,2871.4000,2871.2000,2872.6000,2872.8000,2873.0000,2873.2000,2873.4000,1,2,1,4,2,1,4,4,2,3
SF,IH2006,2020-06-17 14:23:01.700,2872.2000,17586,0,14035193760.000,0,-,-,-,-,2872.0000,2871.8000,2871.6000,2871.4000,2871.2000,2872.2000,2872.4000,2872.8000,2873.0000,2873.2000,1,2,1,4,2,1,1,4,4,2
SF,IH2006,2020-06-17 14:23:02.200,2872.2000,17587,1,14036055420.000,1,1,0,双开,B,2872.2000,2872.0000,2871.8000,2871.6000,2871.4000,2872.4000,2872.8000,2873.0000,2873.2000,2873.4000,1,1,2,1,4,1,4,4,2,3
SF,IH2006,2020-06-17 14:23:02.700,2872.4000,17587,0,14036917140.000,1,0,1,空换,B,2872.2000,2872.0000,2871.8000,2871.6000,2871.4000,2872.8000,2873.0000,2873.2000,2873.4000,2873.6000,1,1,2,1,4,4,4,2,3,1
SF,IH2006,2020-06-17 14:23:03.200,2872.2000,17588,1,14037778800.000,1,1,0,双开,B,2872.0000,2871.8000,2871.4000,2871.2000,2870.6000,2872.4000,2872.6000,2873.0000,2873.2000,2873.4000,1,2,4,2,5,2,4,4,2,3
SF,IH2006,2020-06-17 14:23:03.700,2872.2000,17588,0,14037778800.000,0,-,-,-,-,2871.8000,2871.4000,2871.2000,2870.6000,2869.0000,2872.6000,2873.0000,2873.2000,2873.4000,2873.6000,2,4,2,5,1,4,4,2,3,1
SF,IH2006,2020-06-17 14:23:04.200,2872.2000,17588,0,14037778800.000,0,-,-,-,-,2872.0000,2871.8000,2871.4000,2871.2000,2870.6000,2872.4000,2872.6000,2873.0000,2873.2000,2873.4000,1,2,4,2,5,1,4,4,2,3
SF,IH2006,2020-06-17 14:23:04.700,2872.2000,17588,0,14037778800.000,0,-,-,-,-,2872.0000,2871.8000,2871.4000,2871.2000,2870.6000,2872.4000,2872.6000,2873.0000,2873.2000,2873.4000,1,1,4,2,5,1,4,3,2,3
SF,IH2006,2020-06-17 14:23:05.200,2872.4000,17587,-1,14038640520.000,1,0,1,双平,B,2871.8000,2871.4000,2871.2000,2870.6000,2869.0000,2872.6000,2872.8000,2873.0000,2873.2000,2873.4000,1,4,2,5,1,4,1,3,2,3
SF,IH2006,2020-06-17 14:23:05.700,2872.4000,17587,0,14038640520.000,0,-,-,-,-,2871.8000,2871.4000,2871.2000,2870.6000,2869.0000,2872.4000,2872.6000,2872.8000,2873.0000,2873.2000,1,4,2,5,1,1,3,1,3,2
SF,IH2006,2020-06-17 14:23:06.200,2872.4000,17587,0,14038640520.000,0,-,-,-,-,2871.8000,2871.4000,2871.2000,2870.6000,2869.0000,2872.4000,2872.6000,2872.8000,2873.0000,2873.2000,1,4,2,5,1,1,2,1,3,2
SF,IH2006,2020-06-17 14:23:06.700,2872.4000,17587,0,14038640520.000,0,-,-,-,-,2871.8000,2871.4000,2871.2000,2870.6000,2869.0000,2872.2000,2872.4000,2872.6000,2872.8000,2873.0000,1,4,2,5,1,1,1,2,1,2
SF,IH2006,2020-06-17 14:23:07.200,2872.4000,17587,0,14038640520.000,0,-,-,-,-,2872.0000,2871.8000,2871.4000,2871.2000,2870.6000,2872.2000,2872.4000,2872.6000,2872.8000,2873.0000,1,1,4,2,5,1,1,3,2,2
SF,IH2006,2020-06-17 14:23:07.700,2872.2000,17586,-1,14039502180.000,1,0,1,双平,B,2872.0000,2871.8000,2871.4000,2871.2000,2870.6000,2872.4000,2872.6000,2872.8000,2873.0000,2873.2000,1,1,4,2,5,1,3,2,2,2
SF,IH2006,2020-06-17 14:23:08.200,2872.0000,17587,1,14040363780.000,1,1,0,双开,B,2871.8000,2871.4000,2871.2000,2870.6000,2869.0000,2872.4000,2872.6000,2872.8000,2873.0000,2873.2000,1,4,2,5,1,1,3,2,2,2
SF,IH2006,2020-06-17 14:23:08.700,2872.0000,17587,0,14040363780.000,0,-,-,-,-,2871.4000,2871.2000,2870.6000,2869.0000,2868.8000,2872.2000,2872.4000,2872.6000,2872.8000,2873.0000,4,2,5,1,1,1,1,2,2,2
SF,IH2006,2020-06-17 14:23:09.200,2872.0000,17587,0,14040363780.000,0,-,-,-,-,2871.6000,2871.4000,2871.2000,2870.6000,2869.0000,2872.2000,2872.8000,2873.0000,2873.2000,2873.4000,1,5,1,5,1,2,2,2,2,3
SF,IH2006,2020-06-17 14:23:09.700,2871.6000,17587,0,14042086740.000,2,1,1,空换,B,2871.4000,2871.2000,2870.6000,2869.0000,2868.8000,2872.2000,2872.8000,2873.0000,2873.2000,2873.4000,5,1,5,1,1,2,2,2,2,3
SF,IH2006,2020-06-17 14:23:10.200,2872.2000,17591,4,14048118060.000,7,5,2,多开,B,2872.4000,2871.4000,2871.2000,2870.6000,2869.0000,2872.8000,2873.0000,2873.2000,2873.4000,2873.6000,14,5,1,5,1,2,2,3,3,1
SF,IH2006,2020-06-17 14:23:10.700,2872.4000,17605,14,14061043860.000,15,14,1,多开,B,2871.4000,2871.2000,2870.6000,2869.0000,2868.8000,2872.0000,2872.2000,2872.4000,2872.6000,2872.8000,5,1,5,1,1,2,8,13,5,4
SF,IH2006,2020-06-17 14:23:11.200,2872.4000,17605,0,14061043860.000,0,-,-,-,-,2871.8000,2871.6000,2871.4000,2871.2000,2870.6000,2872.0000,2872.4000,2872.6000,2872.8000,2873.0000,1,1,5,1,5,1,7,3,4,2
SF,IH2006,2020-06-17 14:23:11.700,2872.4000,17605,0,14061043860.000,0,-,-,-,-,2871.8000,2871.6000,2871.4000,2871.2000,2870.6000,2872.2000,2872.4000,2872.6000,2872.8000,2873.0000,1,1,5,1,5,1,6,3,4,2
SF,IH2006,2020-06-17 14:23:12.200,2872.2000,17604,-1,14061905520.000,1,0,1,双平,B,2871.8000,2871.6000,2871.4000,2871.2000,2870.6000,2872.4000,2872.6000,2872.8000,2873.0000,2873.2000,1,1,5,1,5,6,3,4,3,2
SF,IH2006,2020-06-17 14:23:12.700,2872.2000,17604,0,14061905520.000,0,-,-,-,-,2871.8000,2871.6000,2871.4000,2871.2000,2870.6000,2872.4000,2872.6000,2872.8000,2873.0000,2873.2000,2,1,5,1,5,6,3,4,3,2
SF,IH2006,2020-06-17 14:23:13.200,2872.4000,17604,0,14062767240.000,1,0,1,空换,B,2872.0000,2871.8000,2871.6000,2871.4000,2871.2000,2872.4000,2872.6000,2872.8000,2873.0000,2873.2000,1,2,1,5,1,6,3,4,3,3
SF,IH2006,2020-06-17 14:23:13.700,2872.4000,17604,0,14062767240.000,0,-,-,-,-,2872.0000,2871.8000,2871.6000,2871.4000,2871.2000,2872.4000,2872.6000,2872.8000,2873.0000,2873.2000,11,2,1,5,1,5,2,4,3,3
SF,IH2006,2020-06-17 14:23:14.200,2872.4000,17604,0,14062767240.000,0,-,-,-,-,2872.0000,2871.8000,2871.6000,2871.4000,2871.2000,2872.4000,2872.6000,2872.8000,2873.0000,2873.2000,11,2,3,5,1,6,2,4,3,2
SF,IH2006,2020-06-17 14:23:14.700,2872.4000,17604,0,14063628960.000,1,0,1,空换,B,2872.0000,2871.8000,2871.6000,2871.4000,2871.2000,2872.4000,2872.6000,2872.8000,2873.0000,2873.2000,11,1,3,5,1,6,2,4,4,2
SF,IH2006,2020-06-17 14:23:15.200,2872.0000,17604,0,14065352280.000,2,1,1,空换,B,2872.0000,2871.8000,2871.6000,2871.4000,2871.2000,2872.4000,2872.6000,2872.8000,2873.0000,2873.2000,10,1,3,5,1,5,2,4,4,2
SF,IH2006,2020-06-17 14:23:15.700,2872.0000,17604,0,14065352280.000,0,-,-,-,-,2872.0000,2871.8000,2871.6000,2871.4000,2871.2000,2872.2000,2872.4000,2872.6000,2872.8000,2873.0000,11,1,3,4,1,1,5,2,4,4
SF,IH2006,2020-06-17 14:23:16.200,2872.2000,17605,1,14067075540.000,2,1,1,多开,B,2872.0000,2871.8000,2871.6000,2871.4000,2871.2000,2872.4000,2872.6000,2872.8000,2873.0000,2873.2000,11,1,3,4,1,4,2,4,4,2
SF,IH2006,2020-06-17 14:23:16.700,2872.0000,17605,0,14071383600.000,5,2,3,空换,B,2872.0000,2871.8000,2871.6000,2871.4000,2871.2000,2872.4000,2872.6000,2872.8000,2873.0000,2873.2000,7,1,3,4,1,4,2,4,4,2
SF,IH2006,2020-06-17 14:23:17.700,2872.0000,17606,1,14072245200.000,1,1,0,双开,B,2872.2000,2872.0000,2871.8000,2871.6000,2871.4000,2872.4000,2872.6000,2872.8000,2873.0000,2873.2000,1,6,1,3,4,5,2,4,4,2
SF,IH2006,2020-06-17 14:23:18.700,2872.2000,17605,-1,14073106860.000,1,0,1,双平,B,2872.0000,2871.8000,2871.6000,2871.4000,2871.2000,2872.4000,2872.6000,2872.8000,2873.0000,2873.2000,6,1,3,4,1,4,2,4,4,2
SF,IH2006,2020-06-17 14:23:19.700,2872.2000,17605,0,14073106860.000,0,-,-,-,-,2872.0000,2871.8000,2871.6000,2871.4000,2871.2000,2872.4000,2872.6000,2872.8000,2873.0000,2873.2000,6,1,3,4,1,4,2,4,4,2
SF,IH2006,2020-06-17 14:23:20.200,2872.2000,17605,0,14073106860.000,0,-,-,-,-,2872.0000,2871.8000,2871.6000,2871.4000,2871.2000,2872.4000,2872.6000,2872.8000,2873.0000,2873.2000,6,1,3,4,1,5,2,4,4,2
SF,IH2006,2020-06-17 14:23:20.700,2872.2000,17605,0,14073106860.000,0,-,-,-,-,2872.0000,2871.8000,2871.6000,2871.4000,2871.2000,2872.4000,2872.6000,2872.8000,2873.0000,2873.2000,6,1,3,4,1,5,2,4,5,2
SF,IH2006,2020-06-17 14:23:21.200,2872.0000,17607,2,14074830060.000,2,2,0,双开,B,2872.0000,2871.8000,2871.6000,2871.4000,2871.2000,2872.4000,2872.6000,2872.8000,2873.0000,2873.2000,4,1,3,4,1,6,2,4,5,2
SF,IH2006,2020-06-17 14:23:21.700,2872.0000,17607,0,14074830060.000,0,-,-,-,-,2872.2000,2872.0000,2871.8000,2871.6000,2871.4000,2872.4000,2872.6000,2872.8000,2873.0000,2873.2000,1,4,1,3,4,7,2,4,5,2
SF,IH2006,2020-06-17 14:23:22.200,2872.2000,17606,-1,14075691720.000,1,0,1,双平,B,2872.0000,2871.8000,2871.6000,2871.4000,2871.2000,2872.4000,2872.6000,2872.8000,2873.0000,2873.2000,4,1,3,4,1,7,2,4,5,2
SF,IH2006,2020-06-17 14:23:22.700,2872.2000,17606,0,14075691720.000,0,-,-,-,-,2872.0000,2871.8000,2871.6000,2871.4000,2871.2000,2872.4000,2872.6000,2872.8000,2873.0000,2873.2000,3,1,3,4,1,7,2,4,5,2
SF,IH2006,2020-06-17 14:23:23.200,2872.0000,17609,3,14078276520.000,3,3,0,双开,B,2871.8000,2871.6000,2871.4000,2871.2000,2870.6000,2872.0000,2872.2000,2872.4000,2872.6000,2872.8000,1,3,4,1,5,1,1,7,2,4
SF,IH2006,2020-06-17 14:23:23.700,2872.0000,17608,-1,14079999660.000,2,0,2,空平,B,2871.6000,2871.4000,2871.2000,2870.6000,2870.4000,2872.0000,2872.2000,2872.4000,2872.6000,2872.8000,3,4,1,5,2,1,1,8,2,3
SF,IH2006,2020-06-17 14:23:24.200,2872.0000,17608,0,14080861260.000,1,0,1,空换,B,2872.0000,2871.8000,2871.6000,2871.4000,2871.2000,2872.2000,2872.4000,2872.6000,2872.8000,2873.0000,9,1,3,4,1,1,8,2,3,6
SF,IH2006,2020-06-17 14:23:24.700,2872.0000,17608,0,14081722860.000,1,0,1,空换,B,2872.0000,2871.8000,2871.6000,2871.4000,2871.2000,2872.2000,2872.4000,2872.6000,2872.8000,2873.0000,8,1,3,4,1,2,8,2,3,6
SF,IH2006,2020-06-17 14:23:25.700,2872.0000,17608,0,14082584460.000,1,0,1,空换,B,2872.0000,2871.8000,2871.6000,2871.4000,2871.2000,2872.2000,2872.4000,2872.6000,2872.8000,2873.0000,7,1,3,4,1,2,8,2,3,6
SF,IH2006,2020-06-17 14:23:26.200,2872.0000,17609,1,14084307660.000,2,1,1,多开,B,2872.0000,2871.8000,2871.6000,2871.4000,2871.2000,2872.2000,2872.4000,2872.6000,2872.8000,2873.0000,5,1,3,4,1,1,8,2,3,6
SF,IH2006,2020-06-17 14:23:26.700,2872.0000,17614,5,14088615660.000,5,5,0,双开,B,2871.8000,2871.6000,2871.4000,2871.2000,2870.6000,2872.2000,2872.4000,2872.6000,2872.8000,2873.0000,1,3,4,1,5,1,8,2,3,6
SF,IH2006,2020-06-17 14:23:27.200,2872.2000,17614,0,14089477320.000,1,0,1,空换,B,2871.8000,2871.6000,2871.4000,2871.2000,2870.6000,2872.4000,2872.6000,2872.8000,2873.0000,2873.2000,1,3,4,1,5,8,2,3,6,3
SF,IH2006,2020-06-17 14:23:27.700,2872.2000,17614,0,14089477320.000,0,-,-,-,-,2871.8000,2871.6000,2871.4000,2871.2000,2870.6000,2872.0000,2872.4000,2872.6000,2872.8000,2873.0000,2,3,4,1,5,1,8,2,3,6
SF,IH2006,2020-06-17 14:23:28.200,2872.0000,17615,1,14090338920.000,1,1,0,双开,B,2872.0000,2871.8000,2871.6000,2871.4000,2871.2000,2872.4000,2872.6000,2872.8000,2873.0000,2873.2000,6,2,3,4,1,8,5,3,6,3
SF,IH2006,2020-06-17 14:23:28.700,2872.0000,17615,0,14090338920.000,0,-,-,-,-,2872.0000,2871.8000,2871.6000,2871.4000,2871.2000,2872.4000,2872.6000,2872.8000,2873.0000,2873.2000,4,2,3,4,1,8,5,3,6,3
SF,IH2006,2020-06-17 14:23:29.200,2872.4000,17614,-1,14091200640.000,1,0,1,双平,B,2872.2000,2872.0000,2871.8000,2871.6000,2871.4000,2872.4000,2872.6000,2872.8000,2873.0000,2873.2000,1,4,1,3,4,8,5,3,6,3
SF,IH2006,2020-06-17 14:23:29.700,2872.4000,17614,0,14091200640.000,0,-,-,-,-,2872.0000,2871.8000,2871.6000,2871.4000,2871.2000,2872.4000,2872.6000,2872.8000,2873.0000,2873.2000,4,1,3,4,1,7,5,3,6,3
SF,IH2006,2020-06-17 14:23:30.200,2872.4000,17614,0,14091200640.000,0,-,-,-,-,2872.0000,2871.8000,2871.6000,2871.4000,2871.2000,2872.4000,2872.6000,2872.8000,2873.0000,2873.2000,5,1,3,4,1,7,5,3,6,3
SF,IH2006,2020-06-17 14:23:31.200,2872.4000,17614,0,14091200640.000,0,-,-,-,-,2872.0000,2871.8000,2871.6000,2871.4000,2871.2000,2872.4000,2872.6000,2872.8000,2873.0000,2873.2000,5,1,3,4,1,6,5,3,6,3
SF,IH2006,2020-06-17 14:23:32.200,2872.4000,17614,0,14091200640.000,0,-,-,-,-,2872.0000,2871.8000,2871.6000,2871.4000,2871.2000,2872.4000,2872.6000,2872.8000,2873.0000,2873.2000,4,1,3,4,1,6,5,3,6,3
SF,IH2006,2020-06-17 14:23:33.700,2872.4000,17614,0,14091200640.000,0,-,-,-,-,2872.0000,2871.8000,2871.6000,2871.4000,2871.2000,2872.4000,2872.6000,2872.8000,2873.0000,2873.2000,4,1,3,4,1,6,5,3,6,3
SF,IH2006,2020-06-17 14:23:34.700,2872.4000,17614,0,14091200640.000,0,-,-,-,-,2872.0000,2871.8000,2871.6000,2871.4000,2871.2000,2872.4000,2872.6000,2872.8000,2873.0000,2873.2000,2,1,3,4,1,6,5,3,6,3
SF,IH2006,2020-06-17 14:23:37.700,2872.0000,17612,-2,14092923840.000,2,0,2,双平,B,2871.8000,2871.6000,2871.4000,2871.2000,2870.6000,2872.0000,2872.4000,2872.6000,2872.8000,2873.0000,1,3,4,1,5,4,6,5,3,6
SF,IH2006,2020-06-17 14:23:38.200,2872.0000,17611,-1,14096370240.000,4,1,3,空平,B,2872.2000,2872.0000,2871.8000,2871.6000,2871.4000,2872.4000,2872.6000,2872.8000,2873.0000,2873.2000,2,2,1,3,4,6,5,3,6,3
SF,IH2006,2020-06-17 14:23:38.700,2872.4000,17613,2,14098093680.000,2,2,0,双开,B,2872.0000,2871.8000,2871.6000,2871.4000,2871.2000,2872.4000,2872.6000,2872.8000,2873.0000,2873.2000,3,1,3,4,1,4,5,4,6,3
SF,IH2006,2020-06-17 14:23:39.200,2872.4000,17613,0,14098093680.000,0,-,-,-,-,2872.0000,2871.8000,2871.6000,2871.4000,2871.2000,2872.4000,2872.6000,2872.8000,2873.0000,2873.2000,3,1,3,3,1,5,5,4,6,3
SF,IH2006,2020-06-17 14:23:40.700,2872.4000,17613,0,14098093680.000,0,-,-,-,-,2872.0000,2871.8000,2871.6000,2871.4000,2871.2000,2872.4000,2872.6000,2872.8000,2873.0000,2873.2000,4,1,3,3,1,5,5,4,6,3
SF,IH2006,2020-06-17 14:23:41.200,2872.0000,17613,0,14098955280.000,1,0,1,空换,B,2872.0000,2871.8000,2871.6000,2871.4000,2871.2000,2872.4000,2872.6000,2872.8000,2873.0000,2873.2000,3,1,3,3,1,5,5,4,6,3
SF,IH2006,2020-06-17 14:23:41.700,2872.0000,17613,0,14098955280.000,0,-,-,-,-,2872.0000,2871.6000,2871.4000,2871.2000,2870.6000,2872.4000,2872.6000,2872.8000,2873.0000,2873.2000,2,3,3,1,6,5,5,4,6,3
SF,IH2006,2020-06-17 14:23:42.200,2872.0000,17613,0,14098955280.000,0,-,-,-,-,2872.0000,2871.6000,2871.4000,2871.2000,2870.6000,2872.4000,2872.6000,2872.8000,2873.0000,2873.2000,1,3,3,1,6,5,5,4,6,3
SF,IH2006,2020-06-17 14:23:43.200,2872.0000,17613,0,14098955280.000,0,-,-,-,-,2872.0000,2871.6000,2871.4000,2871.2000,2870.8000,2872.4000,2872.6000,2872.8000,2873.0000,2873.2000,1,3,3,1,1,5,5,4,6,3
SF,IH2006,2020-06-17 14:23:43.700,2872.0000,17613,0,14098955280.000,0,-,-,-,-,2872.0000,2871.6000,2871.4000,2871.2000,2870.8000,2872.4000,2872.6000,2872.8000,2873.0000,2873.2000,1,3,3,1,1,8,5,2,6,3
SF,IH2006,2020-06-17 14:23:44.200,2872.0000,17613,0,14098955280.000,0,-,-,-,-,2872.0000,2871.6000,2871.4000,2871.2000,2870.8000,2872.4000,2872.6000,2872.8000,2873.0000,2873.2000,1,3,3,1,1,6,5,2,6,3
SF,IH2006,2020-06-17 14:23:45.200,2872.0000,17613,0,14098955280.000,0,-,-,-,-,2872.0000,2871.6000,2871.4000,2871.2000,2870.8000,2872.4000,2872.6000,2872.8000,2873.0000,2873.2000,1,3,3,1,1,8,5,2,6,3
SF,IH2006,2020-06-17 14:23:45.700,2872.0000,17613,0,14098955280.000,0,-,-,-,-,2872.0000,2871.6000,2871.4000,2871.2000,2870.8000,2872.4000,2872.6000,2872.8000,2873.0000,2873.2000,1,3,3,1,1,8,5,2,6,3
SF,IH2006,2020-06-17 14:23:46.200,2872.0000,17613,0,14100678600.000,2,1,1,空换,B,2871.6000,2871.4000,2871.2000,2870.8000,2870.6000,2871.8000,2872.4000,2872.6000,2872.8000,2873.0000,3,3,1,1,5,1,7,5,2,6
SF,IH2006,2020-06-17 14:23:46.700,2871.8000,17614,1,14101540140.000,1,1,0,双开,B,2871.8000,2871.6000,2871.4000,2871.2000,2870.8000,2872.4000,2872.6000,2872.8000,2873.0000,2873.2000,6,2,3,1,1,7,5,2,6,3
SF,IH2006,2020-06-17 14:23:47.200,2871.8000,17614,0,14101540140.000,0,-,-,-,-,2871.8000,2871.6000,2871.4000,2871.2000,2870.8000,2872.2000,2872.4000,2872.6000,2872.8000,2873.0000,6,2,3,1,1,1,4,5,2,6
SF,IH2006,2020-06-17 14:23:47.700,2871.8000,17614,0,14101540140.000,0,-,-,-,-,2871.8000,2871.6000,2871.4000,2871.2000,2870.8000,2872.2000,2872.4000,2872.6000,2872.8000,2873.0000,6,2,3,1,1,1,4,5,2,5
SF,IH2006,2020-06-17 14:23:48.200,2872.2000,17615,1,14102401800.000,1,1,0,双开,B,2871.8000,2871.6000,2871.4000,2871.2000,2870.8000,2872.4000,2872.6000,2872.8000,2873.0000,2873.2000,6,2,3,1,1,4,5,2,5,3
SF,IH2006,2020-06-17 14:23:48.700,2872.2000,17615,0,14102401800.000,0,-,-,-,-,2872.0000,2871.8000,2871.6000,2871.4000,2871.2000,2872.4000,2872.6000,2872.8000,2873.0000,2873.2000,2,6,2,3,1,3,5,2,5,3
SF,IH2006,2020-06-17 14:23:49.200,2872.4000,17615,0,14103263520.000,1,0,1,空换,B,2872.0000,2871.8000,2871.6000,2871.4000,2871.2000,2872.4000,2872.6000,2872.8000,2873.0000,2873.2000,3,6,2,3,1,2,4,2,5,2
SF,IH2006,2020-06-17 14:23:51.200,2872.4000,17615,0,14103263520.000,0,-,-,-,-,2872.0000,2871.8000,2871.6000,2871.4000,2871.2000,2872.4000,2872.6000,2872.8000,2873.0000,2873.2000,3,6,2,3,1,3,4,2,5,2
SF,IH2006,2020-06-17 14:23:52.200,2872.4000,17615,0,14103263520.000,0,-,-,-,-,2872.2000,2872.0000,2871.8000,2871.6000,2871.4000,2872.4000,2872.6000,2872.8000,2873.0000,2873.2000,1,3,5,2,3,3,4,2,5,2
SF,IH2006,2020-06-17 14:23:52.700,2872.2000,17614,-1,14104125180.000,1,0,1,双平,B,2872.0000,2871.8000,2871.6000,2871.4000,2871.2000,2872.4000,2872.6000,2872.8000,2873.0000,2873.2000,3,5,2,3,1,3,4,2,5,2
SF,IH2006,2020-06-17 14:23:53.200,2872.2000,17614,0,14104125180.000,0,-,-,-,-,2872.0000,2871.8000,2871.6000,2871.4000,2871.2000,2872.4000,2872.6000,2872.8000,2873.0000,2873.2000,2,4,2,3,1,3,5,2,5,2
SF,IH2006,2020-06-17 14:23:53.700,2872.2000,17614,0,14104986840.000,1,0,1,空换,B,2871.8000,2871.6000,2871.4000,2871.2000,2870.8000,2872.0000,2872.4000,2872.6000,2872.8000,2873.0000,3,2,3,1,1,4,3,5,2,5
SF,IH2006,2020-06-17 14:23:54.200,2872.4000,17614,0,14109294960.000,5,2,3,空换,B,2872.0000,2871.8000,2871.6000,2871.4000,2871.2000,2872.4000,2872.6000,2872.8000,2873.0000,2873.2000,4,2,2,3,1,2,5,2,5,2
SF,IH2006,2020-06-17 14:23:54.700,2872.4000,17614,0,14109294960.000,0,-,-,-,-,2872.2000,2872.0000,2871.8000,2871.6000,2871.4000,2872.4000,2872.6000,2872.8000,2873.0000,2873.2000,3,4,2,2,3,2,5,2,5,2
SF,IH2006,2020-06-17 14:23:56.700,2872.4000,17614,0,14109294960.000,0,-,-,-,-,2872.2000,2872.0000,2871.8000,2871.6000,2871.4000,2872.4000,2872.6000,2872.8000,2873.0000,2873.2000,3,4,2,2,3,2,5,2,5,2
SF,IH2006,2020-06-17 14:23:58.700,2872.4000,17614,0,14110156680.000,1,0,1,空换,B,2872.2000,2872.0000,2871.8000,2871.6000,2871.4000,2872.4000,2872.6000,2872.8000,2873.0000,2873.2000,3,4,2,2,3,1,5,2,5,2
SF,IH2006,2020-06-17 14:23:59.200,2872.4000,17614,0,14110156680.000,0,-,-,-,-,2872.2000,2872.0000,2871.8000,2871.6000,2871.4000,2872.4000,2872.6000,2872.8000,2873.0000,2873.2000,4,4,2,2,3,1,5,2,5,2
SF,IH2006,2020-06-17 14:24:00.200,2872.4000,17614,0,14110156680.000,0,-,-,-,-,2872.2000,2872.0000,2871.8000,2871.6000,2871.4000,2872.4000,2872.6000,2872.8000,2873.0000,2873.2000,5,4,2,2,3,1,5,2,5,2
SF,IH2006,2020-06-17 14:24:00.700,2872.4000,17614,0,14110156680.000,0,-,-,-,-,2872.2000,2872.0000,2871.8000,2871.6000,2871.4000,2872.4000,2872.6000,2872.8000,2873.0000,2873.2000,6,4,2,2,3,1,5,2,5,2
SF,IH2006,2020-06-17 14:24:01.200,2872.4000,17615,1,14111018400.000,1,1,0,双开,B,2872.4000,2872.2000,2872.0000,2871.8000,2871.6000,2872.6000,2872.8000,2873.0000,2873.2000,2873.4000,1,6,5,2,2,5,2,5,2,4
SF,IH2006,2020-06-17 14:24:01.700,2872.4000,17615,0,14113603620.000,3,1,2,空换,B,2872.4000,2872.2000,2872.0000,2871.8000,2871.6000,2872.6000,2872.8000,2873.0000,2873.2000,2873.4000,2,4,5,2,2,3,2,5,2,4
SF,IH2006,2020-06-17 14:24:02.200,2872.6000,17616,1,14116188960.000,3,2,1,多开,B,2872.6000,2872.4000,2872.2000,2872.0000,2871.8000,2872.8000,2873.0000,2873.2000,2873.4000,2874.0000,3,3,4,4,2,2,5,2,4,2
SF,IH2006,2020-06-17 14:24:02.700,2872.8000,17617,1,14120498160.000,5,3,2,多开,B,2872.8000,2872.6000,2872.4000,2872.2000,2872.0000,2873.0000,2873.2000,2873.4000,2874.0000,2874.2000,5,6,1,4,4,5,1,3,2,1
SF,IH2006,2020-06-17 14:24:03.200,2873.4000,17619,2,14129117520.000,10,6,4,多开,B,2873.0000,2872.8000,2872.6000,2872.4000,2872.2000,2873.4000,2874.0000,2874.2000,2874.4000,2874.6000,1,3,4,1,4,2,2,1,2,2
SF,IH2006,2020-06-17 14:24:03.700,2874.0000,17613,-6,14136013200.000,8,1,7,空平,B,2873.4000,2873.0000,2872.6000,2872.4000,2872.2000,2874.0000,2874.2000,2874.4000,2874.6000,2874.8000,5,9,4,1,4,1,2,2,2,5
SF,IH2006,2020-06-17 14:24:04.200,2873.0000,17602,-11,14149807020.000,16,2,14,空平,B,2873.0000,2872.6000,2872.4000,2872.2000,2872.0000,2873.2000,2873.4000,2874.2000,2874.4000,2874.6000,8,4,1,4,3,3,1,1,2,2
SF,IH2006,2020-06-17 14:24:04.700,2874.4000,17604,2,14156703540.000,8,5,3,多开,B,2873.4000,2873.2000,2873.0000,2872.6000,2872.4000,2874.4000,2874.6000,2874.8000,2875.0000,2875.4000,11,17,8,4,1,1,2,5,3,1
SF,IH2006,2020-06-17 14:24:05.200,2874.4000,17603,-1,14157565860.000,1,0,1,双平,B,2873.6000,2873.4000,2873.2000,2873.0000,2872.6000,2874.2000,2874.4000,2874.6000,2874.8000,2875.0000,8,5,9,8,4,1,2,2,5,3
SF,IH2006,2020-06-17 14:24:05.700,2873.6000,17603,0,14159290020.000,2,1,1,空换,B,2873.6000,2873.4000,2873.2000,2873.0000,2872.6000,2874.2000,2874.4000,2874.6000,2874.8000,2875.0000,4,5,5,8,4,5,1,2,5,3
SF,IH2006,2020-06-17 14:24:06.200,2873.2000,17605,2,14163600240.000,5,3,2,多开,B,2873.2000,2873.0000,2872.6000,2872.4000,2872.2000,2873.4000,2873.6000,2873.8000,2874.0000,2874.2000,4,8,4,1,4,1,2,2,4,3
SF,IH2006,2020-06-17 14:24:06.700,2873.2000,17605,0,14164462200.000,1,0,1,空换,B,2873.0000,2872.6000,2872.4000,2872.2000,2872.0000,2873.6000,2874.0000,2874.2000,2874.4000,2874.6000,8,4,1,4,3,2,4,1,1,2
SF,IH2006,2020-06-17 14:24:07.200,2873.4000,17607,2,14167910040.000,4,3,1,多开,B,2873.0000,2872.6000,2872.4000,2872.2000,2872.0000,2873.6000,2874.0000,2874.2000,2874.4000,2874.6000,8,4,1,4,3,2,2,1,1,2
SF,IH2006,2020-06-17 14:24:07.700,2873.4000,17607,0,14167910040.000,0,-,-,-,-,2873.0000,2872.6000,2872.4000,2872.2000,2872.0000,2873.2000,2873.6000,2874.0000,2874.2000,2874.4000,8,4,1,4,3,1,2,3,1,1
SF,IH2006,2020-06-17 14:24:08.200,2873.6000,17607,0,14169634080.000,2,1,1,空换,B,2873.2000,2873.0000,2872.6000,2872.4000,2872.2000,2873.6000,2874.0000,2874.2000,2874.4000,2874.6000,8,8,2,1,4,1,3,1,1,2
SF,IH2006,2020-06-17 14:24:08.700,2873.6000,17608,1,14170496160.000,1,1,0,双开,B,2873.2000,2873.0000,2872.6000,2872.4000,2872.2000,2874.0000,2874.2000,2874.4000,2874.6000,2874.8000,3,8,2,1,4,3,1,1,2,5
SF,IH2006,2020-06-17 14:24:09.200,2873.6000,17608,0,14170496160.000,0,-,-,-,-,2873.2000,2873.0000,2872.6000,2872.4000,2872.2000,2873.8000,2874.0000,2874.2000,2874.4000,2874.6000,3,8,2,1,4,2,2,2,1,2
SF,IH2006,2020-06-17 14:24:09.700,2873.6000,17608,0,14170496160.000,0,-,-,-,-,2873.2000,2873.0000,2872.6000,2872.4000,2872.2000,2873.4000,2873.8000,2874.0000,2874.2000,2874.4000,3,8,2,1,4,1,2,2,1,1
SF,IH2006,2020-06-17 14:24:10.200,2873.4000,17608,0,14171358180.000,1,0,1,空换,B,2873.2000,2873.0000,2872.6000,2872.4000,2872.2000,2873.8000,2874.0000,2874.2000,2874.4000,2874.6000,2,8,2,1,5,2,2,1,1,2
SF,IH2006,2020-06-17 14:24:10.700,2873.4000,17608,0,14171358180.000,0,-,-,-,-,2873.2000,2873.0000,2872.6000,2872.4000,2872.2000,2873.8000,2874.0000,2874.2000,2874.4000,2874.6000,2,8,2,1,6,2,2,1,1,2
SF,IH2006,2020-06-17 14:24:11.200,2873.2000,17608,0,14173082100.000,2,1,1,空换,B,2873.0000,2872.6000,2872.4000,2872.2000,2872.0000,2873.2000,2873.8000,2874.0000,2874.2000,2874.4000,8,2,1,5,3,5,2,2,1,1
SF,IH2006,2020-06-17 14:24:11.700,2873.2000,17609,1,14177391900.000,5,3,2,多开,B,2873.0000,2872.6000,2872.4000,2872.2000,2872.0000,2873.6000,2873.8000,2874.0000,2874.2000,2874.4000,9,2,1,5,3,1,1,2,1,1
SF,IH2006,2020-06-17 14:24:12.200,2873.2000,17609,0,14177391900.000,0,-,-,-,-,2873.0000,2872.6000,2872.4000,2872.2000,2872.0000,2873.6000,2873.8000,2874.0000,2874.2000,2874.4000,10,2,1,5,3,1,1,2,1,1
SF,IH2006,2020-06-17 14:24:12.700,2873.2000,17609,0,14177391900.000,0,-,-,-,-,2873.2000,2873.0000,2872.6000,2872.4000,2872.2000,2873.6000,2873.8000,2874.0000,2874.2000,2874.4000,3,10,2,1,5,1,4,2,1,1
SF,IH2006,2020-06-17 14:24:13.200,2873.2000,17609,0,14177391900.000,0,-,-,-,-,2873.4000,2873.2000,2873.0000,2872.6000,2872.2000,2873.6000,2873.8000,2874.0000,2874.2000,2874.4000,1,3,10,2,5,1,4,2,1,1
SF,IH2006,2020-06-17 14:24:13.700,2873.6000,17609,0,14179116000.000,2,1,1,空换,B,2873.2000,2873.0000,2872.6000,2872.2000,2872.0000,2873.8000,2874.0000,2874.2000,2874.4000,2874.6000,3,10,2,5,3,4,2,1,1,2
SF,IH2006,2020-06-17 14:24:14.200,2873.6000,17609,0,14179116000.000,0,-,-,-,-,2873.2000,2873.0000,2872.6000,2872.2000,2872.0000,2873.8000,2874.0000,2874.2000,2874.4000,2874.6000,3,10,2,6,3,4,2,1,1,2
SF,IH2006,2020-06-17 14:24:14.700,2873.6000,17609,0,14179116000.000,0,-,-,-,-,2873.2000,2873.0000,2872.6000,2872.2000,2872.0000,2873.8000,2874.0000,2874.4000,2874.6000,2874.8000,8,10,2,6,3,4,2,1,2,7
SF,IH2006,2020-06-17 14:24:15.700,2873.6000,17609,0,14179116000.000,0,-,-,-,-,2873.2000,2873.0000,2872.6000,2872.2000,2872.0000,2873.8000,2874.0000,2874.4000,2874.6000,2874.8000,8,10,2,6,3,4,2,1,2,7
SF,IH2006,2020-06-17 14:24:18.700,2873.6000,17609,0,14179116000.000,0,-,-,-,-,2873.2000,2873.0000,2872.6000,2872.2000,2872.0000,2873.8000,2874.0000,2874.4000,2874.6000,2874.8000,8,10,2,6,3,4,2,1,2,7
SF,IH2006,2020-06-17 14:24:20.200,2873.8000,17608,-1,14179978140.000,1,0,1,双平,B,2873.2000,2873.0000,2872.6000,2872.2000,2872.0000,2873.8000,2874.0000,2874.4000,2874.6000,2874.8000,8,10,2,6,3,3,2,1,2,7
SF,IH2006,2020-06-17 14:24:20.700,2873.2000,17611,3,14185149900.000,6,4,2,多开,B,2873.2000,2873.0000,2872.6000,2872.2000,2872.0000,2873.8000,2874.0000,2874.4000,2874.6000,2874.8000,3,10,2,6,3,3,2,1,2,7
SF,IH2006,2020-06-17 14:24:21.200,2873.2000,17611,0,14185149900.000,0,-,-,-,-,2873.2000,2873.0000,2872.6000,2872.2000,2872.0000,2873.4000,2873.6000,2873.8000,2874.0000,2874.4000,2,10,2,6,3,2,1,3,2,1
SF,IH2006,2020-06-17 14:24:21.700,2873.0000,17618,7,14192046120.000,8,7,1,多开,B,2873.0000,2872.6000,2872.2000,2872.0000,2871.8000,2873.8000,2874.0000,2874.4000,2874.6000,2874.8000,9,2,6,3,1,1,2,1,2,7
SF,IH2006,2020-06-17 14:24:22.200,2873.8000,17619,1,14192908260.000,1,1,0,双开,B,2873.8000,2873.2000,2873.0000,2872.6000,2872.2000,2874.0000,2874.4000,2874.6000,2874.8000,2875.0000,4,1,9,2,6,2,1,2,7,7
SF,IH2006,2020-06-17 14:24:22.700,2873.8000,17623,4,14196356820.000,4,4,0,双开,B,2873.2000,2873.0000,2872.6000,2872.2000,2872.0000,2873.6000,2873.8000,2874.0000,2874.4000,2874.6000,1,8,2,6,3,6,15,2,1,2
SF,IH2006,2020-06-17 14:24:23.200,2873.8000,17623,0,14196356820.000,0,-,-,-,-,2873.6000,2873.2000,2873.0000,2872.6000,2872.4000,2873.8000,2874.0000,2874.4000,2874.6000,2874.8000,6,3,8,2,1,10,2,1,2,6
SF,IH2006,2020-06-17 14:24:23.700,2873.6000,17622,-1,14198080980.000,2,0,2,空平,B,2873.6000,2873.2000,2873.0000,2872.6000,2872.4000,2873.8000,2874.0000,2874.4000,2874.6000,2874.8000,4,6,8,2,1,7,2,1,2,7
SF,IH2006,2020-06-17 14:24:24.200,2873.6000,17622,0,14198080980.000,0,-,-,-,-,2873.6000,2873.2000,2873.0000,2872.6000,2872.2000,2873.8000,2874.0000,2874.4000,2874.6000,2874.8000,4,6,8,2,6,6,2,1,2,6
SF,IH2006,2020-06-17 14:24:24.700,2873.8000,17625,3,14203253820.000,6,4,2,多开,B,2873.8000,2873.6000,2873.2000,2873.0000,2872.6000,2874.0000,2874.4000,2874.6000,2874.8000,2875.0000,3,4,6,8,2,2,1,2,6,7
SF,IH2006,2020-06-17 14:24:25.200,2874.0000,17627,2,14207564820.000,5,3,2,多开,B,2873.8000,2873.6000,2873.2000,2873.0000,2872.6000,2874.4000,2874.6000,2874.8000,2875.0000,2875.4000,3,4,6,8,2,1,2,6,7,2
SF,IH2006,2020-06-17 14:24:25.700,2874.4000,17626,-1,14208427140.000,1,0,1,双平,B,2873.8000,2873.6000,2873.2000,2873.0000,2872.6000,2874.6000,2874.8000,2875.0000,2875.4000,2875.6000,4,4,6,8,2,2,6,7,2,10
SF,IH2006,2020-06-17 14:24:26.200,2874.6000,17627,1,14213601180.000,6,3,3,多开,B,2873.8000,2873.6000,2873.2000,2873.0000,2872.6000,2874.6000,2874.8000,2875.0000,2875.4000,2875.6000,4,4,6,8,2,1,6,7,2,10
SF,IH2006,2020-06-17 14:24:26.700,2874.6000,17628,1,14216188320.000,3,2,1,多开,B,2874.6000,2874.0000,2873.8000,2873.6000,2873.2000,2874.8000,2875.0000,2875.4000,2875.6000,2875.8000,2,4,5,4,5,6,7,2,10,2
SF,IH2006,2020-06-17 14:24:27.200,2874.4000,17630,2,14221362000.000,6,4,2,多开,B,2874.0000,2873.8000,2873.6000,2873.2000,2872.2000,2874.4000,2874.6000,2874.8000,2875.0000,2875.4000,1,5,4,5,6,1,8,6,7,2
SF,IH2006,2020-06-17 14:24:27.700,2874.4000,17629,-1,14222224320.000,1,0,1,双平,B,2874.0000,2873.8000,2873.6000,2873.2000,2872.2000,2874.6000,2874.8000,2875.0000,2875.4000,2875.6000,7,5,4,5,6,3,6,7,2,10
SF,IH2006,2020-06-17 14:24:28.200,2874.8000,17629,0,14225673900.000,4,2,2,空换,B,2874.6000,2874.2000,2874.0000,2873.8000,2873.6000,2874.8000,2875.0000,2875.4000,2875.6000,2875.8000,2,1,9,5,4,4,7,2,10,2
SF,IH2006,2020-06-17 14:24:28.700,2874.6000,17628,-1,14228261040.000,3,1,2,空平,B,2874.6000,2874.2000,2874.0000,2873.8000,2873.6000,2874.8000,2875.0000,2875.4000,2875.6000,2875.8000,2,1,9,5,4,5,7,2,10,2
SF,IH2006,2020-06-17 14:24:29.200,2874.6000,17628,0,14233435620.000,6,3,3,空换,B,2874.6000,2874.2000,2874.0000,2873.8000,2873.6000,2875.0000,2875.4000,2875.6000,2875.8000,2876.0000,2,1,9,5,4,7,2,10,3,4
SF,IH2006,2020-06-17 14:24:29.700,2875.0000,17629,1,14234298120.000,1,1,0,双开,B,2874.6000,2874.2000,2874.0000,2873.8000,2873.6000,2875.0000,2875.4000,2875.6000,2875.8000,2876.0000,2,1,9,5,4,6,2,10,3,4
SF,IH2006,2020-06-17 14:24:30.200,2874.4000,17629,0,14237747460.000,4,2,2,空换,B,2874.0000,2873.8000,2873.6000,2873.2000,2872.2000,2874.8000,2875.0000,2875.4000,2875.6000,2875.8000,9,5,4,5,6,1,6,2,10,3
SF,IH2006,2020-06-17 14:24:30.700,2874.4000,17629,0,14237747460.000,0,-,-,-,-,2874.2000,2874.0000,2873.8000,2873.6000,2873.2000,2874.8000,2875.0000,2875.4000,2875.6000,2875.8000,1,9,5,4,4,1,6,2,10,3
SF,IH2006,2020-06-17 14:24:31.200,2874.4000,17629,0,14237747460.000,0,-,-,-,-,2874.4000,2874.2000,2874.0000,2873.8000,2873.6000,2874.8000,2875.0000,2875.4000,2875.6000,2875.8000,1,1,9,5,4,1,6,2,10,3
SF,IH2006,2020-06-17 14:24:31.700,2874.4000,17630,1,14239472100.000,2,1,1,多开,B,2874.4000,2874.2000,2874.0000,2873.8000,2873.6000,2874.6000,2874.8000,2875.0000,2875.4000,2875.6000,2,1,9,5,4,1,1,6,2,10
SF,IH2006,2020-06-17 14:24:32.200,2874.2000,17629,-1,14242059060.000,3,1,2,空平,B,2874.0000,2873.8000,2873.6000,2873.2000,2872.2000,2874.2000,2874.4000,2875.0000,2875.4000,2875.6000,9,5,4,4,6,1,1,6,2,10
SF,IH2006,2020-06-17 14:24:32.700,2874.2000,17630,1,14243783580.000,2,1,1,多开,B,2874.2000,2874.0000,2873.8000,2873.6000,2873.2000,2875.0000,2875.4000,2875.6000,2875.8000,2876.0000,12,8,5,4,5,6,2,10,4,4
SF,IH2006,2020-06-17 14:24:33.200,2874.2000,17630,0,14243783580.000,0,-,-,-,-,2874.6000,2874.2000,2874.0000,2873.8000,2873.6000,2874.8000,2875.0000,2875.4000,2875.6000,2875.8000,1,6,8,5,4,4,6,2,10,4
SF,IH2006,2020-06-17 14:24:33.700,2874.2000,17631,1,14246370600.000,3,2,1,多开,B,2874.2000,2874.0000,2873.8000,2873.6000,2873.2000,2874.6000,2874.8000,2875.0000,2875.4000,2875.6000,4,8,5,4,4,8,2,6,2,10
SF,IH2006,2020-06-17 14:24:34.200,2874.0000,17629,-2,14251544040.000,6,2,4,空平,B,2874.0000,2873.8000,2873.6000,2873.2000,2872.2000,2874.6000,2874.8000,2875.0000,2875.4000,2875.6000,6,5,4,4,6,6,2,7,2,10
SF,IH2006,2020-06-17 14:24:34.700,2874.0000,17629,0,14251544040.000,0,-,-,-,-,2874.0000,2873.8000,2873.6000,2873.2000,2872.2000,2874.6000,2874.8000,2875.0000,2875.4000,2875.6000,6,5,4,4,6,7,2,7,2,10
SF,IH2006,2020-06-17 14:24:35.200,2874.4000,17628,-1,14252406360.000,1,0,1,双平,B,2874.0000,2873.8000,2873.6000,2873.2000,2872.2000,2874.6000,2874.8000,2875.0000,2875.4000,2875.6000,5,5,4,4,6,7,1,7,2,10
SF,IH2006,2020-06-17 14:24:35.700,2874.4000,17628,0,14252406360.000,0,-,-,-,-,2874.0000,2873.8000,2873.6000,2873.2000,2872.2000,2874.6000,2874.8000,2875.0000,2875.4000,2875.6000,8,5,4,4,6,7,1,7,2,10
SF,IH2006,2020-06-17 14:24:36.200,2874.6000,17625,-3,14257580640.000,6,1,5,空平,B,2874.0000,2873.8000,2873.6000,2873.2000,2872.2000,2874.6000,2874.8000,2875.0000,2875.4000,2875.6000,8,5,4,4,6,1,1,7,2,10
SF,IH2006,2020-06-17 14:24:36.700,2874.6000,17625,0,14257580640.000,0,-,-,-,-,2874.4000,2874.2000,2874.0000,2873.8000,2873.6000,2874.8000,2875.0000,2875.4000,2875.6000,2875.8000,1,1,8,4,4,1,7,2,10,4
SF,IH2006,2020-06-17 14:24:37.200,2874.4000,17625,0,14258442960.000,1,0,1,空换,B,2874.2000,2874.0000,2873.8000,2873.6000,2873.2000,2874.8000,2875.0000,2875.4000,2875.6000,2875.8000,1,8,2,4,1,1,7,2,10,4
SF,IH2006,2020-06-17 14:24:37.700,2874.8000,17624,-1,14259305400.000,1,0,1,双平,B,2874.2000,2874.0000,2873.8000,2873.6000,2873.2000,2875.0000,2875.4000,2875.6000,2875.8000,2876.0000,1,8,2,4,2,7,2,10,4,4
SF,IH2006,2020-06-17 14:24:38.200,2874.8000,17624,0,14261892720.000,3,1,2,空换,B,2874.0000,2873.8000,2873.6000,2873.2000,2872.2000,2874.2000,2874.8000,2875.0000,2875.4000,2875.6000,8,2,4,1,6,1,3,7,2,10
SF,IH2006,2020-06-17 14:24:38.700,2874.2000,17625,1,14262754980.000,1,1,0,双开,B,2874.2000,2874.0000,2873.8000,2873.6000,2873.2000,2874.8000,2875.0000,2875.4000,2875.6000,2875.8000,10,8,2,4,1,3,7,2,10,3
SF,IH2006,2020-06-17 14:24:39.200,2874.6000,17624,-1,14267066880.000,5,2,3,空平,B,2874.2000,2874.0000,2873.8000,2873.6000,2873.2000,2875.0000,2875.4000,2875.6000,2875.8000,2876.0000,5,8,2,4,1,7,2,10,3,4
SF,IH2006,2020-06-17 14:24:39.700,2874.6000,17624,0,14267066880.000,0,-,-,-,-,2874.2000,2874.0000,2873.8000,2873.6000,2873.4000,2874.8000,2875.0000,2875.4000,2875.6000,2875.8000,6,8,2,4,1,1,7,2,10,3
SF,IH2006,2020-06-17 14:24:40.200,2874.8000,17623,-1,14267929320.000,1,0,1,双平,B,2874.2000,2874.0000,2873.8000,2873.6000,2873.4000,2875.0000,2875.4000,2875.6000,2875.8000,2876.0000,6,8,2,4,2,7,2,10,2,4
SF,IH2006,2020-06-17 14:24:40.700,2875.0000,17622,-1,14269654080.000,2,0,2,空平,B,2874.2000,2874.0000,2873.8000,2873.6000,2873.4000,2875.0000,2875.4000,2875.6000,2875.8000,2876.0000,5,8,2,4,1,6,2,11,2,4
SF,IH2006,2020-06-17 14:24:41.200,2874.2000,17622,0,14270516340.000,1,0,1,空换,B,2874.2000,2874.0000,2873.8000,2873.6000,2873.4000,2874.8000,2875.0000,2875.4000,2875.6000,2875.8000,4,8,2,4,1,1,6,2,11,2
SF,IH2006,2020-06-17 14:24:41.700,2874.2000,17622,0,14270516340.000,0,-,-,-,-,2874.2000,2874.0000,2873.8000,2873.6000,2873.2000,2874.8000,2875.0000,2875.4000,2875.6000,2875.8000,2,7,2,4,1,1,6,2,11,2
SF,IH2006,2020-06-17 14:24:42.200,2875.0000,17621,-1,14272241280.000,2,0,2,空平,B,2874.8000,2874.2000,2874.0000,2873.8000,2873.6000,2875.0000,2875.4000,2875.6000,2875.8000,2876.0000,1,3,7,2,4,5,2,11,2,4
SF,IH2006,2020-06-17 14:24:42.700,2875.0000,17619,-2,14273966220.000,2,0,2,双平,B,2874.2000,2874.0000,2873.8000,2873.6000,2873.2000,2875.0000,2875.4000,2875.6000,2875.8000,2876.0000,3,7,2,4,1,4,2,11,2,4
SF,IH2006,2020-06-17 14:24:43.200,2875.0000,17619,0,14273966220.000,0,-,-,-,-,2874.6000,2874.4000,2874.2000,2874.0000,2873.8000,2875.0000,2875.4000,2875.6000,2875.8000,2876.0000,1,8,3,7,2,4,2,12,2,4
SF,IH2006,2020-06-17 14:24:43.700,2875.0000,17619,0,14273966220.000,0,-,-,-,-,2874.8000,2874.6000,2874.4000,2874.2000,2874.0000,2875.0000,2875.4000,2875.6000,2875.8000,2876.0000,1,2,10,3,6,4,2,12,2,4
SF,IH2006,2020-06-17 14:24:44.200,2874.8000,17618,-1,14275691160.000,2,0,2,空平,B,2874.6000,2874.4000,2874.2000,2874.0000,2873.8000,2875.0000,2875.4000,2875.6000,2875.8000,2876.0000,1,8,3,6,2,3,2,12,2,5
SF,IH2006,2020-06-17 14:24:44.700,2874.6000,17618,0,14276553540.000,1,0,1,空换,B,2874.4000,2874.2000,2874.0000,2873.8000,2873.6000,2875.0000,2875.4000,2875.6000,2875.8000,2876.0000,8,3,6,2,6,3,1,12,2,5
SF,IH2006,2020-06-17 14:24:45.200,2874.4000,17618,0,14279140680.000,3,1,2,空换,B,2874.4000,2874.2000,2874.0000,2873.8000,2873.6000,2875.0000,2875.4000,2875.6000,2875.8000,2876.0000,6,3,6,2,6,2,1,11,2,4
SF,IH2006,2020-06-17 14:24:45.700,2874.4000,17618,0,14279140680.000,0,-,-,-,-,2874.8000,2874.6000,2874.4000,2874.2000,2874.0000,2875.0000,2875.4000,2875.6000,2875.8000,2876.0000,1,1,5,3,6,3,1,11,2,5
SF,IH2006,2020-06-17 14:24:46.200,2874.8000,17619,1,14280003120.000,1,1,0,双开,B,2874.6000,2874.4000,2874.2000,2874.0000,2873.8000,2874.8000,2875.0000,2875.4000,2875.6000,2875.8000,1,5,3,6,2,5,3,1,11,2
SF,IH2006,2020-06-17 14:24:46.700,2874.8000,17619,0,14280865560.000,1,0,1,空换,B,2874.6000,2874.4000,2874.2000,2874.0000,2873.8000,2874.8000,2875.0000,2875.4000,2875.6000,2875.8000,1,5,3,6,2,4,3,1,11,2
SF,IH2006,2020-06-17 14:24:47.200,2874.8000,17619,0,14280865560.000,0,-,-,-,-,2874.6000,2874.4000,2874.2000,2874.0000,2873.8000,2874.8000,2875.0000,2875.4000,2875.6000,2875.8000,1,5,3,6,2,4,4,1,11,2
SF,IH2006,2020-06-17 14:24:47.700,2874.8000,17619,0,14281728000.000,1,0,1,空换,B,2874.4000,2874.2000,2874.0000,2873.8000,2873.6000,2874.6000,2874.8000,2875.0000,2875.4000,2875.6000,4,3,6,2,5,1,3,4,1,11
SF,IH2006,2020-06-17 14:24:48.200,2874.4000,17621,2,14283452700.000,2,2,0,双开,B,2874.4000,2874.2000,2874.0000,2873.8000,2873.6000,2874.6000,2874.8000,2875.0000,2875.4000,2875.6000,1,3,6,2,5,1,3,4,1,11
SF,IH2006,2020-06-17 14:24:48.700,2874.6000,17622,1,14285177340.000,2,1,1,多开,B,2874.2000,2874.0000,2873.8000,2873.6000,2873.2000,2874.8000,2875.0000,2875.4000,2875.6000,2875.8000,1,6,2,5,1,3,4,2,11,3
SF,IH2006,2020-06-17 14:24:49.200,2874.2000,17622,0,14286039600.000,1,0,1,空换,B,2874.2000,2874.0000,2873.8000,2873.6000,2873.2000,2874.8000,2875.0000,2875.4000,2875.6000,2875.8000,1,6,2,4,1,4,4,2,1,3
SF,IH2006,2020-06-17 14:24:49.700,2874.2000,17622,0,14286039600.000,0,-,-,-,-,2874.2000,2874.0000,2873.8000,2873.6000,2873.2000,2874.6000,2874.8000,2875.0000,2875.4000,2875.6000,1,6,2,4,1,3,1,4,2,1
SF,IH2006,2020-06-17 14:24:50.200,2874.2000,17622,0,14286039600.000,0,-,-,-,-,2874.0000,2873.8000,2873.6000,2873.2000,2872.2000,2874.6000,2874.8000,2875.0000,2875.4000,2875.6000,6,2,4,1,3,4,1,4,2,1
SF,IH2006,2020-06-17 14:24:50.700,2874.6000,17621,-1,14286901980.000,1,0,1,双平,B,2874.0000,2873.8000,2873.6000,2873.4000,2873.2000,2874.6000,2874.8000,2875.0000,2875.4000,2875.6000,8,2,4,1,1,2,1,4,2,1
SF,IH2006,2020-06-17 14:24:51.200,2874.2000,17621,0,14287764240.000,1,0,1,空换,B,2874.2000,2874.0000,2873.8000,2873.6000,2873.2000,2874.4000,2874.8000,2875.0000,2875.4000,2875.6000,1,8,2,4,1,2,1,4,2,1
SF,IH2006,2020-06-17 14:24:51.700,2874.2000,17621,0,14287764240.000,0,-,-,-,-,2874.2000,2874.0000,2873.8000,2873.6000,2873.2000,2874.4000,2874.8000,2875.0000,2875.4000,2875.6000,1,8,2,4,1,2,1,4,2,1
SF,IH2006,2020-06-17 14:24:52.200,2874.2000,17621,0,14287764240.000,0,-,-,-,-,2874.2000,2874.0000,2873.8000,2873.6000,2873.2000,2874.8000,2875.0000,2875.4000,2875.6000,2875.8000,1,8,2,4,1,1,4,2,2,3
SF,IH2006,2020-06-17 14:24:52.700,2874.2000,17622,1,14290350960.000,3,2,1,多开,B,2874.0000,2873.8000,2873.6000,2873.2000,2873.0000,2874.8000,2875.0000,2875.4000,2875.6000,2875.8000,7,2,4,1,1,1,4,2,3,3
SF,IH2006,2020-06-17 14:24:53.200,2874.2000,17622,0,14290350960.000,0,-,-,-,-,2874.0000,2873.8000,2873.6000,2873.2000,2873.0000,2874.6000,2874.8000,2875.0000,2875.4000,2875.6000,7,2,4,1,1,3,1,3,2,3
SF,IH2006,2020-06-17 14:24:53.700,2874.2000,17622,0,14290350960.000,0,-,-,-,-,2874.0000,2873.8000,2873.6000,2873.2000,2873.0000,2874.2000,2874.6000,2874.8000,2875.0000,2875.4000,7,3,4,1,1,1,3,1,3,1
SF,IH2006,2020-06-17 14:24:54.200,2874.2000,17623,1,14291213220.000,1,1,0,双开,B,2874.2000,2874.0000,2873.8000,2873.6000,2873.2000,2874.6000,2874.8000,2875.0000,2875.4000,2875.6000,11,7,3,4,1,3,1,3,1,3
SF,IH2006,2020-06-17 14:24:54.700,2874.6000,17623,0,14292075600.000,1,0,1,空换,B,2874.2000,2874.0000,2873.8000,2873.6000,2873.2000,2874.6000,2874.8000,2875.0000,2875.4000,2875.6000,7,7,3,4,1,1,1,3,2,2
SF,IH2006,2020-06-17 14:24:55.200,2874.2000,17623,0,14292937860.000,1,0,1,空换,B,2874.2000,2874.0000,2873.8000,2873.6000,2873.2000,2874.6000,2874.8000,2875.0000,2875.4000,2875.6000,6,7,3,4,1,1,1,3,2,2
SF,IH2006,2020-06-17 14:24:55.700,2874.2000,17623,0,14292937860.000,0,-,-,-,-,2874.2000,2874.0000,2873.8000,2873.6000,2873.2000,2874.6000,2874.8000,2875.0000,2875.4000,2875.6000,7,7,3,4,1,1,1,3,1,2
SF,IH2006,2020-06-17 14:24:56.200,2874.6000,17623,0,14293800240.000,1,0,1,空换,B,2874.2000,2874.0000,2873.8000,2873.6000,2873.2000,2874.8000,2875.0000,2875.4000,2875.6000,2875.8000,8,7,2,4,1,1,3,1,2,3
SF,IH2006,2020-06-17 14:24:57.200,2874.6000,17623,0,14293800240.000,0,-,-,-,-,2874.4000,2874.2000,2874.0000,2873.8000,2873.6000,2874.8000,2875.0000,2875.4000,2875.6000,2875.8000,3,7,7,2,4,1,3,1,2,3
SF,IH2006,2020-06-17 14:24:57.700,2874.6000,17623,0,14293800240.000,0,-,-,-,-,2874.4000,2874.2000,2874.0000,2873.8000,2873.6000,2874.8000,2875.0000,2875.4000,2875.6000,2875.8000,3,10,7,2,4,1,3,1,3,3
SF,IH2006,2020-06-17 14:24:58.700,2874.4000,17622,-1,14296387200.000,3,1,2,空平,B,2874.2000,2874.0000,2873.8000,2873.6000,2873.2000,2874.8000,2875.0000,2875.4000,2875.6000,2875.8000,10,7,2,4,1,1,3,1,3,3
SF,IH2006,2020-06-17 14:24:59.200,2874.4000,17622,0,14296387200.000,0,-,-,-,-,2874.2000,2874.0000,2873.8000,2873.6000,2873.2000,2874.8000,2875.0000,2875.4000,2875.6000,2875.8000,10,7,3,4,1,1,3,1,3,3
SF,IH2006,2020-06-17 14:24:59.700,2874.4000,17622,0,14296387200.000,0,-,-,-,-,2874.2000,2874.0000,2873.8000,2873.6000,2873.2000,2874.8000,2875.0000,2875.4000,2875.6000,2875.8000,11,7,3,4,1,1,3,1,3,3
SF,IH2006,2020-06-17 14:25:00.200,2874.4000,17622,0,14296387200.000,0,-,-,-,-,2874.4000,2874.2000,2874.0000,2873.8000,2873.6000,2875.0000,2875.4000,2875.6000,2875.8000,2876.0000,3,11,7,1,4,3,1,3,3,4
SF,IH2006,2020-06-17 14:25:00.700,2875.0000,17620,-2,14298112200.000,2,0,2,双平,B,2874.4000,2874.2000,2874.0000,2873.8000,2873.6000,2875.0000,2875.4000,2875.6000,2875.8000,2876.0000,4,11,7,1,4,1,1,3,3,4
SF,IH2006,2020-06-17 14:25:01.200,2875.0000,17619,-1,14298974700.000,1,0,1,双平,B,2874.8000,2874.6000,2874.4000,2874.2000,2874.0000,2875.4000,2875.6000,2875.8000,2876.0000,2876.4000,2,7,6,11,5,1,2,3,4,1
SF,IH2006,2020-06-17 14:25:01.700,2874.8000,17619,0,14299837140.000,1,0,1,空换,B,2874.8000,2874.6000,2874.4000,2874.2000,2874.0000,2875.4000,2875.6000,2875.8000,2876.0000,2876.2000,2,6,6,11,5,1,2,3,4,1
SF,IH2006,2020-06-17 14:25:02.200,2875.0000,17620,1,14300699640.000,1,1,0,双开,B,2874.8000,2874.6000,2874.4000,2874.2000,2874.0000,2875.0000,2875.4000,2875.6000,2875.8000,2876.0000,2,5,6,11,5,1,2,2,3,4
SF,IH2006,2020-06-17 14:25:02.700,2874.8000,17620,0,14301562080.000,1,0,1,空换,B,2874.8000,2874.6000,2874.4000,2874.2000,2874.0000,2875.0000,2875.4000,2875.6000,2875.8000,2876.0000,1,4,6,11,5,2,2,2,3,4
SF,IH2006,2020-06-17 14:25:03.200,2874.8000,17620,0,14303286960.000,2,1,1,空换,B,2874.6000,2874.4000,2874.2000,2874.0000,2873.8000,2874.8000,2875.0000,2875.4000,2875.6000,2875.8000,2,6,11,5,1,3,2,2,2,4
SF,IH2006,2020-06-17 14:25:03.700,2874.8000,17620,0,14304149400.000,1,0,1,空换,B,2874.6000,2874.4000,2874.2000,2874.0000,2873.8000,2874.8000,2875.0000,2875.4000,2875.6000,2875.8000,1,5,11,5,1,1,2,2,2,4
SF,IH2006,2020-06-17 14:25:04.200,2874.8000,17620,0,14304149400.000,0,-,-,-,-,2874.6000,2874.4000,2874.2000,2874.0000,2873.8000,2874.8000,2875.0000,2875.4000,2875.6000,2875.8000,1,4,13,5,1,2,2,2,2,4
SF,IH2006,2020-06-17 14:25:04.700,2874.8000,17620,0,14304149400.000,0,-,-,-,-,2874.6000,2874.4000,2874.2000,2874.0000,2873.8000,2874.8000,2875.0000,2875.4000,2875.6000,2875.8000,1,4,13,5,1,2,1,2,2,4
SF,IH2006,2020-06-17 14:25:05.200,2874.8000,17620,0,14304149400.000,0,-,-,-,-,2874.6000,2874.4000,2874.2000,2874.0000,2873.8000,2874.8000,2875.0000,2875.4000,2875.6000,2875.8000,1,4,13,5,1,2,1,2,2,4
SF,IH2006,2020-06-17 14:25:05.700,2874.8000,17620,0,14304149400.000,0,-,-,-,-,2874.6000,2874.4000,2874.2000,2874.0000,2873.8000,2874.8000,2875.0000,2875.4000,2875.6000,2875.8000,1,4,14,5,1,2,1,2,2,5
SF,IH2006,2020-06-17 14:25:06.200,2874.8000,17620,0,14304149400.000,0,-,-,-,-,2874.6000,2874.4000,2874.2000,2874.0000,2873.8000,2874.8000,2875.0000,2875.4000,2875.6000,2875.8000,1,2,14,5,1,1,1,2,2,5
SF,IH2006,2020-06-17 14:25:06.700,2874.6000,17620,0,14305874220.000,2,1,1,空换,B,2874.4000,2874.2000,2874.0000,2873.8000,2873.6000,2875.0000,2875.4000,2875.6000,2875.8000,2876.0000,2,14,5,1,5,1,2,2,5,4
SF,IH2006,2020-06-17 14:25:07.200,2874.6000,17620,0,14305874220.000,0,-,-,-,-,2874.4000,2874.2000,2874.0000,2873.8000,2873.6000,2875.0000,2875.2000,2875.4000,2875.6000,2875.8000,1,14,5,1,5,2,1,2,2,5
SF,IH2006,2020-06-17 14:25:08.200,2874.6000,17620,0,14305874220.000,0,-,-,-,-,2874.4000,2874.2000,2874.0000,2873.8000,2873.6000,2875.0000,2875.2000,2875.4000,2875.6000,2875.8000,1,14,4,1,5,2,1,2,2,5
SF,IH2006,2020-06-17 14:25:08.700,2874.6000,17620,0,14305874220.000,0,-,-,-,-,2874.4000,2874.2000,2874.0000,2873.8000,2873.6000,2874.8000,2875.0000,2875.2000,2875.4000,2875.6000,1,14,4,1,5,1,2,1,1,2
SF,IH2006,2020-06-17 14:25:09.200,2874.4000,17619,-1,14307598980.000,2,0,2,空平,B,2874.2000,2874.0000,2873.8000,2873.6000,2873.2000,2875.0000,2875.2000,2875.4000,2875.6000,2875.8000,14,4,2,5,1,2,1,1,2,4
SF,IH2006,2020-06-17 14:25:09.700,2875.0000,17619,0,14308461480.000,1,0,1,空换,B,2874.8000,2874.4000,2874.2000,2874.0000,2873.8000,2875.0000,2875.2000,2875.4000,2875.6000,2875.8000,2,3,14,4,2,1,1,1,2,4
SF,IH2006,2020-06-17 14:25:10.200,2874.4000,17618,-1,14309323800.000,1,0,1,双平,B,2874.4000,2874.2000,2874.0000,2873.8000,2873.6000,2874.6000,2874.8000,2875.2000,2875.4000,2875.6000,2,15,4,1,5,1,1,1,1,2
SF,IH2006,2020-06-17 14:25:10.700,2874.6000,17617,-1,14310186180.000,1,0,1,双平,B,2874.4000,2874.2000,2874.0000,2873.8000,2873.6000,2874.8000,2875.2000,2875.4000,2875.6000,2875.8000,2,15,5,1,5,1,1,1,2,4
SF,IH2006,2020-06-17 14:25:11.200,2874.6000,17617,0,14310186180.000,0,-,-,-,-,2874.4000,2874.2000,2874.0000,2873.8000,2873.6000,2874.8000,2875.2000,2875.4000,2875.6000,2875.8000,2,15,5,1,5,1,1,1,3,4
SF,IH2006,2020-06-17 14:25:11.700,2874.6000,17617,0,14310186180.000,0,-,-,-,-,2874.4000,2874.2000,2874.0000,2873.8000,2873.6000,2874.8000,2875.2000,2875.4000,2875.6000,2875.8000,2,15,4,1,5,1,1,1,3,4
SF,IH2006,2020-06-17 14:25:12.200,2874.4000,17616,-1,14311910940.000,2,0,2,空平,B,2874.4000,2874.2000,2874.0000,2873.8000,2873.6000,2875.2000,2875.4000,2875.6000,2875.8000,2876.0000,1,15,4,1,5,1,1,3,4,4
SF,IH2006,2020-06-17 14:25:12.700,2874.4000,17616,0,14311910940.000,0,-,-,-,-,2874.2000,2874.0000,2873.8000,2873.6000,2873.2000,2874.4000,2875.0000,2875.2000,2875.4000,2875.6000,15,4,1,5,1,1,6,1,1,3
SF,IH2006,2020-06-17 14:25:13.200,2874.4000,17616,0,14311910940.000,0,-,-,-,-,2874.2000,2874.0000,2873.8000,2873.6000,2873.2000,2874.4000,2875.0000,2875.2000,2875.4000,2875.6000,14,4,2,5,1,1,5,1,1,2
SF,IH2006,2020-06-17 14:25:13.700,2874.4000,17615,-1,14312773260.000,1,0,1,双平,B,2874.2000,2874.0000,2873.8000,2873.6000,2873.2000,2874.4000,2875.0000,2875.2000,2875.4000,2875.6000,14,4,2,5,1,1,5,1,1,2
SF,IH2006,2020-06-17 14:25:14.200,2874.2000,17615,0,14313635520.000,1,0,1,空换,B,2874.2000,2874.0000,2873.8000,2873.6000,2873.2000,2874.4000,2875.0000,2875.2000,2875.4000,2875.6000,13,4,2,5,1,1,5,1,1,2
SF,IH2006,2020-06-17 14:25:14.700,2874.2000,17615,0,14313635520.000,0,-,-,-,-,2874.2000,2874.0000,2873.8000,2873.6000,2873.2000,2874.4000,2875.0000,2875.2000,2875.4000,2875.6000,13,4,1,5,1,1,5,1,1,2
SF,IH2006,2020-06-17 14:25:15.200,2874.2000,17614,-1,14315360100.000,2,0,2,空平,B,2874.2000,2874.0000,2873.8000,2873.6000,2873.2000,2875.0000,2875.2000,2875.4000,2875.6000,2875.8000,12,4,1,5,1,5,1,1,2,4
SF,IH2006,2020-06-17 14:25:15.700,2874.8000,17613,-1,14316222540.000,1,0,1,双平,B,2874.2000,2874.0000,2873.8000,2873.6000,2873.2000,2874.8000,2875.0000,2875.2000,2875.4000,2875.6000,12,4,1,6,1,1,4,1,1,3
SF,IH2006,2020-06-17 14:25:16.200,2874.8000,17613,0,14316222540.000,0,-,-,-,-,2874.2000,2874.0000,2873.8000,2873.6000,2873.2000,2874.8000,2875.0000,2875.2000,2875.4000,2875.6000,13,4,1,6,1,2,2,1,1,3
SF,IH2006,2020-06-17 14:25:16.700,2874.2000,17613,0,14317084800.000,1,0,1,空换,B,2874.2000,2874.0000,2873.6000,2873.2000,2873.0000,2874.6000,2874.8000,2875.0000,2875.2000,2875.4000,12,4,6,1,1,1,2,2,1,1
SF,IH2006,2020-06-17 14:25:17.200,2874.2000,17612,-1,14318809320.000,2,0,2,空平,B,2874.2000,2874.0000,2873.6000,2873.2000,2873.0000,2874.6000,2874.8000,2875.0000,2875.2000,2875.4000,10,4,6,1,1,1,2,2,1,1
SF,IH2006,2020-06-17 14:25:17.700,2874.2000,17612,0,14318809320.000,0,-,-,-,-,2874.2000,2874.0000,2873.6000,2873.2000,2873.0000,2874.6000,2874.8000,2875.0000,2875.2000,2875.4000,10,4,6,1,1,1,2,2,1,1
SF,IH2006,2020-06-17 14:25:18.200,2874.2000,17612,0,14318809320.000,0,-,-,-,-,2874.2000,2874.0000,2873.6000,2873.2000,2873.0000,2874.6000,2874.8000,2875.0000,2875.2000,2875.4000,10,4,6,1,1,1,2,2,1,1
SF,IH2006,2020-06-17 14:25:18.700,2874.2000,17612,0,14318809320.000,0,-,-,-,-,2874.2000,2874.0000,2873.6000,2873.2000,2873.0000,2874.6000,2874.8000,2875.0000,2875.2000,2875.4000,10,4,6,1,1,1,1,2,1,1
SF,IH2006,2020-06-17 14:25:19.200,2874.2000,17612,0,14320533960.000,2,1,1,空换,B,2874.2000,2874.0000,2873.6000,2873.2000,2873.0000,2874.8000,2875.0000,2875.2000,2875.4000,2875.6000,9,4,6,1,1,1,2,1,1,2
SF,IH2006,2020-06-17 14:25:19.700,2874.2000,17612,0,14320533960.000,0,-,-,-,-,2874.2000,2874.0000,2873.6000,2873.2000,2873.0000,2874.8000,2875.0000,2875.2000,2875.4000,2875.6000,9,4,6,1,1,1,2,1,1,2
SF,IH2006,2020-06-17 14:25:20.200,2874.2000,17612,0,14320533960.000,0,-,-,-,-,2874.2000,2874.0000,2873.6000,2873.2000,2873.0000,2874.8000,2875.0000,2875.2000,2875.4000,2875.6000,9,4,6,1,1,1,2,1,1,2
SF,IH2006,2020-06-17 14:25:20.700,2874.2000,17612,0,14320533960.000,0,-,-,-,-,2874.2000,2874.0000,2873.6000,2873.2000,2873.0000,2874.6000,2875.0000,2875.2000,2875.4000,2875.6000,9,4,6,1,1,2,2,1,1,2
SF,IH2006,2020-06-17 14:25:21.200,2874.2000,17612,0,14320533960.000,0,-,-,-,-,2874.2000,2874.0000,2873.6000,2873.2000,2873.0000,2874.6000,2875.0000,2875.2000,2875.4000,2875.6000,9,4,6,1,1,1,2,1,1,2
SF,IH2006,2020-06-17 14:25:21.700,2874.6000,17612,0,14321396340.000,1,0,1,空换,B,2874.2000,2874.0000,2873.6000,2873.2000,2873.0000,2874.6000,2875.0000,2875.2000,2875.4000,2875.6000,9,4,6,1,1,2,2,1,1,2
SF,IH2006,2020-06-17 14:25:22.200,2874.2000,17612,0,14322258600.000,1,0,1,空换,B,2874.2000,2874.0000,2873.6000,2873.2000,2873.0000,2874.6000,2875.0000,2875.2000,2875.4000,2875.6000,8,4,6,1,1,1,2,1,1,2
SF,IH2006,2020-06-17 14:25:22.700,2874.2000,17612,0,14322258600.000,0,-,-,-,-,2874.2000,2874.0000,2873.6000,2873.2000,2873.0000,2874.6000,2875.0000,2875.2000,2875.4000,2875.6000,9,4,6,1,1,2,1,2,1,2
SF,IH2006,2020-06-17 14:25:23.200,2874.2000,17611,-1,14323983240.000,2,0,2,空平,B,2874.2000,2874.0000,2873.6000,2873.2000,2873.0000,2874.6000,2875.0000,2875.2000,2875.4000,2875.6000,8,4,6,1,1,1,1,2,1,2
SF,IH2006,2020-06-17 14:25:23.700,2874.2000,17611,0,14323983240.000,0,-,-,-,-,2874.2000,2874.0000,2873.6000,2873.2000,2873.0000,2874.6000,2875.0000,2875.2000,2875.4000,2875.6000,8,3,6,1,1,1,1,2,1,2
SF,IH2006,2020-06-17 14:25:24.200,2874.2000,17611,0,14323983240.000,0,-,-,-,-,2874.2000,2874.0000,2873.6000,2873.2000,2873.0000,2874.6000,2875.0000,2875.2000,2875.4000,2875.6000,8,3,5,1,1,1,1,2,1,2
SF,IH2006,2020-06-17 14:25:25.200,2874.2000,17613,2,14325707760.000,2,2,0,双开,B,2874.2000,2874.0000,2873.6000,2873.2000,2873.0000,2874.6000,2875.0000,2875.2000,2875.4000,2875.6000,6,3,5,1,1,2,1,2,1,2
SF,IH2006,2020-06-17 14:25:25.700,2874.6000,17612,-1,14326570140.000,1,0,1,双平,B,2874.2000,2874.0000,2873.6000,2873.2000,2873.0000,2874.6000,2875.0000,2875.2000,2875.4000,2875.6000,6,3,5,1,1,1,1,2,1,2
SF,IH2006,2020-06-17 14:25:26.200,2874.2000,17616,4,14330881440.000,5,4,1,多开,B,2874.2000,2874.0000,2873.6000,2873.2000,2873.0000,2874.6000,2874.8000,2875.0000,2875.2000,2875.4000,1,3,5,1,1,1,1,1,2,1
SF,IH2006,2020-06-17 14:25:26.700,2874.2000,17616,0,14332605960.000,2,1,1,空换,B,2874.0000,2873.6000,2873.2000,2873.0000,2872.2000,2874.2000,2874.6000,2874.8000,2875.0000,2875.2000,3,5,1,1,3,1,1,1,1,2
SF,IH2006,2020-06-17 14:25:27.200,2874.2000,17615,-1,14333468220.000,1,0,1,双平,B,2874.0000,2873.6000,2873.0000,2872.2000,2871.4000,2874.6000,2874.8000,2875.0000,2875.2000,2875.4000,4,5,1,3,1,1,1,1,2,1
SF,IH2006,2020-06-17 14:25:27.700,2874.0000,17615,0,14334330420.000,1,0,1,空换,B,2874.0000,2873.6000,2873.2000,2873.0000,2872.2000,2874.4000,2874.6000,2874.8000,2875.0000,2875.2000,2,5,1,1,3,2,1,1,2,2
SF,IH2006,2020-06-17 14:25:28.200,2874.0000,17615,0,14334330420.000,0,-,-,-,-,2874.0000,2873.6000,2873.0000,2872.2000,2871.4000,2874.4000,2874.6000,2874.8000,2875.0000,2875.2000,2,5,1,3,1,2,1,1,2,3
SF,IH2006,2020-06-17 14:25:28.700,2874.4000,17615,0,14335192740.000,1,0,1,空换,B,2874.0000,2873.6000,2873.0000,2872.2000,2871.4000,2874.4000,2874.6000,2874.8000,2875.0000,2875.2000,2,5,1,3,1,1,1,1,2,3
SF,IH2006,2020-06-17 14:25:29.700,2874.0000,17616,1,14336054940.000,1,1,0,双开,B,2874.0000,2873.6000,2873.0000,2872.2000,2871.4000,2874.4000,2874.6000,2874.8000,2875.0000,2875.2000,1,5,1,3,1,1,1,1,2,3
SF,IH2006,2020-06-17 14:25:30.200,2874.0000,17616,0,14336917140.000,1,0,1,空换,B,2873.6000,2873.0000,2872.2000,2871.4000,2871.2000,2874.4000,2874.6000,2874.8000,2875.0000,2875.2000,5,1,3,1,1,1,1,1,2,3
SF,IH2006,2020-06-17 14:25:30.700,2874.0000,17616,0,14336917140.000,0,-,-,-,-,2873.8000,2873.6000,2873.0000,2872.2000,2871.4000,2874.4000,2874.6000,2874.8000,2875.0000,2875.2000,2,6,1,3,1,1,1,1,2,3
SF,IH2006,2020-06-17 14:25:31.200,2874.2000,17616,0,14337779400.000,1,0,1,空换,B,2873.8000,2873.6000,2873.0000,2872.2000,2871.4000,2874.4000,2874.6000,2874.8000,2875.0000,2875.2000,2,6,1,3,1,1,1,1,2,3
SF,IH2006,2020-06-17 14:25:31.700,2874.2000,17616,0,14337779400.000,0,-,-,-,-,2873.8000,2873.6000,2872.2000,2871.4000,2871.2000,2874.4000,2874.6000,2874.8000,2875.0000,2875.2000,2,6,3,1,1,1,1,1,2,3
SF,IH2006,2020-06-17 14:25:32.200,2874.2000,17616,0,14337779400.000,0,-,-,-,-,2873.8000,2873.6000,2872.2000,2871.4000,2871.2000,2874.4000,2874.6000,2874.8000,2875.0000,2875.2000,2,6,3,1,1,1,1,1,2,4
SF,IH2006,2020-06-17 14:25:32.700,2873.8000,17617,1,14338641540.000,1,1,0,双开,B,2873.8000,2873.6000,2872.2000,2871.4000,2871.2000,2874.4000,2874.6000,2874.8000,2875.0000,2875.2000,1,6,3,1,1,1,1,1,2,4
SF,IH2006,2020-06-17 14:25:33.200,2873.6000,17619,2,14342089920.000,4,3,1,多开,B,2873.6000,2872.2000,2871.4000,2871.2000,2871.0000,2873.8000,2874.4000,2874.6000,2874.8000,2875.0000,3,3,1,1,1,4,1,1,1,2
SF,IH2006,2020-06-17 14:25:33.700,2873.6000,17619,0,14344676160.000,3,1,2,空换,B,2872.2000,2871.4000,2871.2000,2871.0000,2870.6000,2873.4000,2873.8000,2874.4000,2874.6000,2874.8000,3,1,1,1,1,3,4,1,1,1
SF,IH2006,2020-06-17 14:25:34.200,2873.6000,17619,0,14344676160.000,0,-,-,-,-,2873.0000,2872.8000,2872.4000,2872.2000,2871.6000,2873.8000,2874.4000,2874.8000,2875.0000,2875.2000,6,3,16,7,1,4,1,1,1,4
SF,IH2006,2020-06-17 14:25:34.700,2873.2000,17623,4,14348124000.000,4,4,0,双开,B,2873.2000,2872.4000,2872.2000,2871.6000,2871.4000,2873.8000,2874.4000,2874.8000,2875.0000,2875.2000,3,12,7,1,1,4,2,1,1,4
SF,IH2006,2020-06-17 14:25:35.200,2873.8000,17619,-4,14351572560.000,4,0,4,双平,B,2873.4000,2873.2000,2873.0000,2872.4000,2872.2000,2874.4000,2874.8000,2875.0000,2875.2000,2875.4000,1,3,1,11,6,2,1,1,4,1
SF,IH2006,2020-06-17 14:25:35.700,2873.6000,17620,1,14352434640.000,1,1,0,双开,B,2873.4000,2873.2000,2873.0000,2872.4000,2872.2000,2874.2000,2874.4000,2874.6000,2874.8000,2875.0000,1,3,2,10,6,5,2,1,1,2
SF,IH2006,2020-06-17 14:25:36.200,2873.6000,17620,0,14352434640.000,0,-,-,-,-,2873.8000,2873.4000,2873.2000,2873.0000,2872.4000,2874.0000,2874.2000,2874.4000,2874.6000,2874.8000,1,1,3,2,9,3,4,1,1,1
SF,IH2006,2020-06-17 14:25:36.700,2873.8000,17621,1,14354158920.000,2,1,1,多开,B,2873.4000,2873.2000,2873.0000,2872.4000,2872.2000,2874.0000,2874.2000,2874.4000,2874.6000,2874.8000,1,3,2,9,6,3,4,1,1,1
SF,IH2006,2020-06-17 14:25:37.200,2873.8000,17620,-1,14355021060.000,1,0,1,双平,B,2873.4000,2873.2000,2873.0000,2872.4000,2872.2000,2874.0000,2874.2000,2874.4000,2874.6000,2874.8000,1,3,2,7,6,3,4,1,1,1
SF,IH2006,2020-06-17 14:25:38.200,2873.4000,17620,0,14355883080.000,1,0,1,空换,B,2873.4000,2873.2000,2873.0000,2872.4000,2872.2000,2874.0000,2874.2000,2874.4000,2874.6000,2874.8000,1,3,2,7,6,3,4,1,1,1
SF,IH2006,2020-06-17 14:25:38.700,2873.4000,17620,0,14355883080.000,0,-,-,-,-,2873.6000,2873.4000,2873.2000,2873.0000,2872.4000,2874.0000,2874.2000,2874.4000,2874.6000,2874.8000,2,2,1,2,7,3,5,1,1,1
SF,IH2006,2020-06-17 14:25:39.200,2874.0000,17623,3,14358469680.000,3,3,0,双开,B,2874.0000,2873.6000,2873.4000,2873.0000,2872.4000,2874.2000,2874.4000,2874.6000,2874.8000,2875.0000,4,4,2,2,7,4,1,1,1,2
SF,IH2006,2020-06-17 14:25:39.700,2874.0000,17623,0,14358469680.000,0,-,-,-,-,2874.0000,2873.6000,2873.4000,2873.0000,2872.4000,2874.2000,2874.4000,2874.6000,2874.8000,2875.0000,4,4,2,2,7,2,1,1,1,2
SF,IH2006,2020-06-17 14:25:40.700,2874.0000,17623,0,14358469680.000,0,-,-,-,-,2874.0000,2873.6000,2873.4000,2873.0000,2872.4000,2874.2000,2874.4000,2874.6000,2874.8000,2875.0000,4,4,2,2,5,2,1,1,1,2
SF,IH2006,2020-06-17 14:25:41.200,2874.0000,17627,4,14361918480.000,4,4,0,双开,B,2873.6000,2873.4000,2873.0000,2872.4000,2872.2000,2874.2000,2874.4000,2874.6000,2874.8000,2875.0000,4,2,2,5,6,2,1,1,1,2
SF,IH2006,2020-06-17 14:25:41.700,2874.2000,17626,-1,14363643000.000,2,0,2,空平,B,2874.2000,2873.6000,2873.4000,2873.0000,2872.4000,2874.4000,2874.6000,2874.8000,2875.0000,2875.2000,2,4,2,2,5,1,1,1,2,4
SF,IH2006,2020-06-17 14:25:42.200,2874.2000,17626,0,14365367520.000,2,1,1,空换,B,2873.6000,2873.4000,2873.0000,2872.4000,2872.2000,2874.0000,2874.2000,2874.4000,2874.6000,2874.8000,4,3,2,5,6,1,5,1,1,1
SF,IH2006,2020-06-17 14:25:42.700,2873.6000,17627,1,14366229600.000,1,1,0,双开,B,2873.6000,2873.4000,2873.0000,2872.6000,2872.4000,2874.2000,2874.4000,2874.8000,2875.0000,2875.2000,3,3,2,1,5,3,1,1,2,4
SF,IH2006,2020-06-17 14:25:43.200,2873.6000,17627,0,14366229600.000,0,-,-,-,-,2873.6000,2873.4000,2873.0000,2872.6000,2872.4000,2874.0000,2874.2000,2874.4000,2874.8000,2875.0000,3,4,2,1,5,1,3,1,1,2
SF,IH2006,2020-06-17 14:25:43.700,2873.6000,17627,0,14366229600.000,0,-,-,-,-,2873.6000,2873.4000,2873.0000,2872.4000,2872.2000,2874.0000,2874.2000,2874.4000,2874.6000,2874.8000,3,4,2,4,6,1,3,1,2,1
SF,IH2006,2020-06-17 14:25:44.700,2873.6000,17627,0,14366229600.000,0,-,-,-,-,2873.6000,2873.4000,2873.0000,2872.4000,2872.2000,2874.0000,2874.2000,2874.4000,2874.6000,2874.8000,4,4,1,4,6,1,3,1,2,1
SF,IH2006,2020-06-17 14:25:45.200,2873.6000,17627,0,14366229600.000,0,-,-,-,-,2873.6000,2873.4000,2873.0000,2872.4000,2872.2000,2874.0000,2874.2000,2874.4000,2874.6000,2874.8000,4,4,1,4,6,1,3,1,2,1
SF,IH2006,2020-06-17 14:25:45.700,2873.6000,17627,0,14367953760.000,2,1,1,空换,B,2873.6000,2873.4000,2873.0000,2872.4000,2872.2000,2874.0000,2874.2000,2874.4000,2874.6000,2874.8000,2,4,1,4,6,1,3,1,2,1
SF,IH2006,2020-06-17 14:25:46.200,2873.6000,17627,0,14367953760.000,0,-,-,-,-,2873.6000,2873.4000,2873.0000,2872.4000,2872.2000,2874.0000,2874.2000,2874.4000,2874.6000,2874.8000,1,4,1,4,6,1,3,1,2,1
SF,IH2006,2020-06-17 14:25:46.700,2873.6000,17627,0,14367953760.000,0,-,-,-,-,2873.6000,2873.4000,2873.0000,2872.4000,2872.2000,2874.0000,2874.2000,2874.4000,2874.6000,2874.8000,1,4,1,4,6,2,3,1,2,1
SF,IH2006,2020-06-17 14:25:47.200,2873.6000,17627,0,14367953760.000,0,-,-,-,-,2873.6000,2873.4000,2873.0000,2872.4000,2872.2000,2874.0000,2874.2000,2874.4000,2874.6000,2874.8000,1,4,1,4,6,3,3,1,2,1
SF,IH2006,2020-06-17 14:25:48.200,2874.0000,17628,1,14368815960.000,1,1,0,双开,B,2873.6000,2873.4000,2873.0000,2872.4000,2872.2000,2874.0000,2874.2000,2874.4000,2874.6000,2874.8000,1,4,1,4,6,2,3,1,2,1
SF,IH2006,2020-06-17 14:25:48.700,2874.0000,17628,0,14368815960.000,0,-,-,-,-,2873.6000,2873.4000,2873.0000,2872.4000,2872.2000,2873.8000,2874.0000,2874.2000,2874.4000,2874.6000,1,4,1,4,6,1,2,3,1,2
SF,IH2006,2020-06-17 14:25:49.200,2873.6000,17628,0,14369678040.000,1,0,1,空换,B,2873.4000,2873.0000,2872.4000,2872.2000,2871.6000,2873.6000,2873.8000,2874.0000,2874.2000,2874.4000,3,1,4,6,1,4,1,2,3,1
SF,IH2006,2020-06-17 14:25:49.700,2873.4000,17628,0,14370540060.000,1,0,1,空换,B,2873.4000,2873.0000,2872.4000,2872.2000,2871.6000,2873.6000,2873.8000,2874.0000,2874.2000,2874.4000,2,1,4,6,1,3,1,2,3,1
SF,IH2006,2020-06-17 14:25:50.200,2873.4000,17628,0,14370540060.000,0,-,-,-,-,2873.4000,2873.0000,2872.8000,2872.4000,2872.2000,2873.6000,2873.8000,2874.0000,2874.2000,2874.4000,2,1,1,4,6,4,1,3,3,1
SF,IH2006,2020-06-17 14:25:50.700,2873.4000,17628,0,14370540060.000,0,-,-,-,-,2873.4000,2873.0000,2872.8000,2872.4000,2872.2000,2873.6000,2873.8000,2874.0000,2874.2000,2874.4000,2,1,1,4,6,3,1,3,3,1
SF,IH2006,2020-06-17 14:25:51.200,2873.4000,17629,1,14371402080.000,1,1,0,双开,B,2873.4000,2873.0000,2872.8000,2872.4000,2872.2000,2873.6000,2873.8000,2874.0000,2874.2000,2874.4000,1,1,1,4,6,4,1,4,3,1
SF,IH2006,2020-06-17 14:25:51.700,2873.4000,17629,0,14372264100.000,1,0,1,空换,B,2873.0000,2872.8000,2872.4000,2872.2000,2871.6000,2873.6000,2874.0000,2874.2000,2874.4000,2874.6000,1,1,4,6,1,4,5,3,1,2
SF,IH2006,2020-06-17 14:25:52.200,2873.6000,17628,-1,14375712420.000,4,1,3,空平,B,2873.0000,2872.8000,2872.6000,2872.4000,2872.2000,2874.0000,2874.2000,2874.4000,2874.6000,2874.8000,2,1,1,3,6,5,3,1,2,1
SF,IH2006,2020-06-17 14:25:52.700,2873.6000,17628,0,14375712420.000,0,-,-,-,-,2873.2000,2873.0000,2872.8000,2872.6000,2872.4000,2873.8000,2874.0000,2874.2000,2874.4000,2874.6000,3,1,1,1,3,2,10,3,1,2
SF,IH2006,2020-06-17 14:25:53.200,2873.6000,17628,0,14375712420.000,0,-,-,-,-,2873.6000,2873.2000,2873.0000,2872.8000,2872.6000,2873.8000,2874.0000,2874.2000,2874.4000,2874.6000,1,5,3,1,1,2,5,3,1,2
SF,IH2006,2020-06-17 14:25:53.700,2873.6000,17628,0,14375712420.000,0,-,-,-,-,2873.6000,2873.2000,2873.0000,2872.8000,2872.6000,2873.8000,2874.0000,2874.2000,2874.4000,2874.6000,1,4,3,1,1,2,5,3,1,2
SF,IH2006,2020-06-17 14:25:54.200,2873.6000,17628,0,14375712420.000,0,-,-,-,-,2873.6000,2873.2000,2873.0000,2872.8000,2872.6000,2874.0000,2874.2000,2874.4000,2874.6000,2874.8000,1,4,3,1,1,5,3,1,2,2
SF,IH2006,2020-06-17 14:25:54.700,2873.6000,17628,0,14375712420.000,0,-,-,-,-,2873.6000,2873.2000,2873.0000,2872.8000,2872.6000,2874.0000,2874.2000,2874.4000,2874.6000,2874.8000,1,4,3,1,1,6,3,1,2,1
SF,IH2006,2020-06-17 14:25:55.200,2873.6000,17628,0,14375712420.000,0,-,-,-,-,2873.6000,2873.2000,2873.0000,2872.8000,2872.6000,2873.8000,2874.0000,2874.2000,2874.4000,2874.6000,1,4,3,1,1,1,6,3,1,2
SF,IH2006,2020-06-17 14:25:55.700,2873.6000,17628,0,14375712420.000,0,-,-,-,-,2873.6000,2873.2000,2873.0000,2872.8000,2872.6000,2873.8000,2874.0000,2874.2000,2874.4000,2874.6000,2,4,3,1,1,1,6,3,1,2
SF,IH2006,2020-06-17 14:25:56.200,2873.6000,17628,0,14375712420.000,0,-,-,-,-,2873.6000,2873.2000,2873.0000,2872.8000,2872.6000,2873.8000,2874.0000,2874.2000,2874.4000,2874.6000,2,4,3,1,1,1,6,3,1,2
SF,IH2006,2020-06-17 14:25:58.200,2873.6000,17628,0,14375712420.000,0,-,-,-,-,2873.6000,2873.2000,2873.0000,2872.8000,2872.6000,2874.0000,2874.2000,2874.4000,2874.6000,2874.8000,2,4,3,1,1,6,3,1,2,1
SF,IH2006,2020-06-17 14:25:58.700,2873.6000,17628,0,14375712420.000,0,-,-,-,-,2873.8000,2873.6000,2873.2000,2873.0000,2872.8000,2874.0000,2874.2000,2874.4000,2874.6000,2874.8000,3,2,2,3,1,6,3,1,2,1
SF,IH2006,2020-06-17 14:25:59.200,2873.8000,17627,-1,14376574560.000,1,0,1,双平,B,2873.8000,2873.6000,2873.2000,2873.0000,2872.8000,2874.0000,2874.2000,2874.4000,2874.6000,2874.8000,2,1,2,3,1,5,3,1,2,1
SF,IH2006,2020-06-17 14:25:59.700,2874.0000,17627,0,14377436760.000,1,0,1,空换,B,2873.8000,2873.6000,2873.2000,2873.0000,2872.8000,2874.0000,2874.2000,2874.4000,2874.6000,2874.8000,2,1,2,3,1,4,3,1,2,1
SF,IH2006,2020-06-17 14:26:00.200,2874.0000,17627,0,14378298960.000,1,0,1,空换,B,2873.8000,2873.6000,2873.2000,2873.0000,2872.8000,2874.0000,2874.2000,2874.4000,2874.6000,2874.8000,2,1,2,3,1,3,3,1,2,1
SF,IH2006,2020-06-17 14:26:00.700,2873.8000,17625,-2,14380023240.000,2,0,2,双平,B,2873.6000,2873.2000,2873.0000,2872.8000,2872.6000,2874.0000,2874.2000,2874.4000,2874.6000,2874.8000,1,2,3,1,1,3,3,1,2,1
SF,IH2006,2020-06-17 14:26:01.200,2874.0000,17625,0,14381747580.000,2,1,1,空换,B,2873.6000,2873.2000,2873.0000,2872.8000,2872.6000,2874.0000,2874.2000,2874.4000,2874.6000,2874.8000,2,1,3,1,1,2,3,1,2,1
SF,IH2006,2020-06-17 14:26:01.700,2873.6000,17625,0,14384334060.000,3,1,2,空换,B,2873.6000,2873.2000,2873.0000,2872.8000,2872.6000,2874.0000,2874.2000,2874.4000,2874.6000,2874.8000,2,1,3,1,1,1,3,1,2,1
SF,IH2006,2020-06-17 14:26:02.200,2874.0000,17624,-1,14385196260.000,1,0,1,双平,B,2874.0000,2873.6000,2873.2000,2873.0000,2872.8000,2874.2000,2874.4000,2874.6000,2874.8000,2875.0000,1,2,1,3,1,3,1,2,1,3
SF,IH2006,2020-06-17 14:26:02.700,2874.0000,17624,0,14385196260.000,0,-,-,-,-,2874.0000,2873.6000,2873.2000,2873.0000,2872.8000,2874.2000,2874.4000,2874.6000,2874.8000,2875.0000,1,2,1,3,1,3,1,2,1,3
SF,IH2006,2020-06-17 14:26:03.200,2873.6000,17622,-2,14387782620.000,3,0,3,空平,B,2873.2000,2873.0000,2872.8000,2872.6000,2872.4000,2873.6000,2874.2000,2874.4000,2874.6000,2874.8000,1,3,1,1,2,2,3,1,2,1
SF,IH2006,2020-06-17 14:26:03.700,2873.6000,17622,0,14389506780.000,2,1,1,空换,B,2873.6000,2873.4000,2873.2000,2873.0000,2872.8000,2874.2000,2874.4000,2874.6000,2874.8000,2875.0000,9,4,4,1,1,3,1,2,1,3
SF,IH2006,2020-06-17 14:26:04.200,2873.6000,17622,0,14389506780.000,0,-,-,-,-,2873.8000,2873.6000,2873.4000,2873.2000,2873.0000,2874.2000,2874.4000,2874.6000,2874.8000,2875.0000,1,2,3,1,1,14,1,2,2,3
SF,IH2006,2020-06-17 14:26:04.700,2873.8000,17623,1,14390368920.000,1,1,0,双开,B,2873.6000,2873.4000,2873.2000,2873.0000,2872.8000,2873.8000,2874.0000,2874.2000,2874.4000,2874.6000,2,2,1,1,1,3,2,14,1,2
SF,IH2006,2020-06-17 14:26:05.700,2873.8000,17623,0,14392955340.000,3,1,2,空换,B,2873.8000,2873.6000,2873.4000,2873.2000,2873.0000,2874.0000,2874.2000,2874.4000,2874.6000,2874.8000,1,2,2,1,1,2,14,1,2,1
SF,IH2006,2020-06-17 14:26:06.200,2873.8000,17623,0,14392955340.000,0,-,-,-,-,2873.8000,2873.6000,2873.4000,2873.2000,2873.0000,2874.0000,2874.2000,2874.4000,2874.6000,2874.8000,1,2,2,1,1,3,14,1,2,1
SF,IH2006,2020-06-17 14:26:07.200,2873.8000,17623,0,14392955340.000,0,-,-,-,-,2873.8000,2873.6000,2873.4000,2873.2000,2873.0000,2874.0000,2874.2000,2874.4000,2874.6000,2874.8000,1,2,2,1,1,3,14,1,2,1
SF,IH2006,2020-06-17 14:26:07.700,2873.8000,17623,0,14392955340.000,0,-,-,-,-,2873.8000,2873.6000,2873.4000,2873.2000,2873.0000,2874.0000,2874.2000,2874.4000,2874.6000,2874.8000,1,2,2,1,1,2,14,1,2,1
SF,IH2006,2020-06-17 14:26:08.200,2873.8000,17623,0,14392955340.000,0,-,-,-,-,2873.8000,2873.6000,2873.4000,2873.2000,2873.0000,2874.0000,2874.2000,2874.4000,2874.6000,2874.8000,2,2,2,1,1,2,14,1,2,1
SF,IH2006,2020-06-17 14:26:08.700,2873.8000,17623,0,14392955340.000,0,-,-,-,-,2873.8000,2873.6000,2873.2000,2873.0000,2872.8000,2874.0000,2874.2000,2874.4000,2874.6000,2874.8000,2,2,1,1,1,1,14,1,2,1
SF,IH2006,2020-06-17 14:26:10.200,2874.0000,17623,0,14393817540.000,1,0,1,空换,B,2873.8000,2873.6000,2873.2000,2873.0000,2872.8000,2874.2000,2874.4000,2874.6000,2874.8000,2875.0000,2,2,1,1,1,14,1,2,1,3
SF,IH2006,2020-06-17 14:26:10.700,2874.0000,17623,0,14393817540.000,0,-,-,-,-,2873.8000,2873.6000,2873.2000,2873.0000,2872.8000,2874.2000,2874.4000,2874.6000,2874.8000,2875.0000,3,2,1,1,1,11,1,2,1,3
SF,IH2006,2020-06-17 14:26:11.200,2874.0000,17624,1,14394679740.000,1,1,0,双开,B,2873.8000,2873.6000,2873.2000,2873.0000,2872.8000,2874.2000,2874.4000,2874.6000,2874.8000,2875.0000,3,2,1,1,1,11,1,2,1,3
SF,IH2006,2020-06-17 14:26:11.700,2874.0000,17624,0,14394679740.000,0,-,-,-,-,2873.8000,2873.6000,2873.4000,2873.2000,2873.0000,2874.2000,2874.4000,2874.6000,2874.8000,2875.0000,3,2,1,1,1,10,1,2,1,3
SF,IH2006,2020-06-17 14:26:12.700,2874.0000,17624,0,14394679740.000,0,-,-,-,-,2873.8000,2873.6000,2873.4000,2873.2000,2873.0000,2874.2000,2874.4000,2874.6000,2874.8000,2875.0000,3,2,1,1,1,10,1,2,1,3
SF,IH2006,2020-06-17 14:26:13.700,2874.0000,17624,0,14394679740.000,0,-,-,-,-,2873.8000,2873.6000,2873.4000,2873.2000,2873.0000,2874.2000,2874.4000,2874.6000,2874.8000,2875.0000,3,2,1,1,1,10,1,2,1,3
SF,IH2006,2020-06-17 14:26:15.200,2874.0000,17624,0,14394679740.000,0,-,-,-,-,2873.8000,2873.6000,2873.4000,2873.2000,2873.0000,2874.2000,2874.4000,2874.6000,2874.8000,2875.0000,3,2,1,1,1,10,1,1,1,3
SF,IH2006,2020-06-17 14:26:15.700,2873.8000,17624,0,14395541880.000,1,0,1,空换,B,2873.8000,2873.6000,2873.4000,2873.2000,2873.0000,2874.2000,2874.4000,2874.6000,2874.8000,2875.0000,2,2,1,1,1,10,1,1,1,3
SF,IH2006,2020-06-17 14:26:16.200,2873.8000,17623,-1,14396404020.000,1,0,1,双平,B,2873.8000,2873.6000,2873.4000,2873.2000,2873.0000,2874.2000,2874.4000,2874.6000,2874.8000,2875.0000,1,2,1,1,1,10,1,1,1,3
SF,IH2006,2020-06-17 14:26:16.700,2873.8000,17623,0,14396404020.000,0,-,-,-,-,2873.6000,2873.4000,2873.2000,2873.0000,2872.8000,2874.2000,2874.4000,2874.6000,2874.8000,2875.0000,2,1,1,1,1,10,1,1,1,3
SF,IH2006,2020-06-17 14:26:17.200,2873.8000,17623,0,14396404020.000,0,-,-,-,-,2873.6000,2873.4000,2873.2000,2873.0000,2872.8000,2874.2000,2874.4000,2874.6000,2874.8000,2875.0000,3,1,1,1,1,10,1,1,1,3
SF,IH2006,2020-06-17 14:26:18.200,2873.8000,17623,0,14396404020.000,0,-,-,-,-,2873.6000,2873.4000,2873.2000,2873.0000,2872.8000,2874.2000,2874.4000,2874.6000,2874.8000,2875.0000,4,1,1,1,1,10,1,1,1,3
SF,IH2006,2020-06-17 14:26:18.700,2873.8000,17623,0,14396404020.000,0,-,-,-,-,2873.6000,2873.4000,2873.2000,2873.0000,2872.8000,2874.2000,2874.4000,2874.6000,2874.8000,2875.0000,8,1,1,1,1,10,1,1,1,3
SF,IH2006,2020-06-17 14:26:19.200,2873.8000,17623,0,14396404020.000,0,-,-,-,-,2873.6000,2873.4000,2873.2000,2873.0000,2872.8000,2874.2000,2874.4000,2874.6000,2874.8000,2875.0000,4,1,1,1,1,10,1,1,1,3
SF,IH2006,2020-06-17 14:26:19.700,2873.8000,17623,0,14396404020.000,0,-,-,-,-,2873.6000,2873.4000,2873.2000,2872.8000,2872.6000,2873.8000,2874.2000,2874.4000,2874.6000,2874.8000,4,1,1,1,1,6,10,1,1,1
SF,IH2006,2020-06-17 14:26:20.200,2873.8000,17623,0,14399852580.000,4,2,2,空换,B,2873.6000,2873.4000,2873.2000,2872.8000,2872.6000,2873.8000,2874.2000,2874.6000,2874.8000,2875.0000,4,1,1,1,1,2,10,1,1,3
SF,IH2006,2020-06-17 14:26:20.700,2873.8000,17623,0,14401576860.000,2,1,1,空换,B,2873.6000,2873.4000,2873.2000,2872.8000,2872.6000,2874.2000,2874.6000,2874.8000,2875.0000,2875.2000,4,1,1,1,1,10,1,3,3,2
SF,IH2006,2020-06-17 14:26:21.200,2873.8000,17623,0,14401576860.000,0,-,-,-,-,2873.6000,2873.4000,2873.2000,2872.8000,2872.6000,2874.2000,2874.6000,2874.8000,2875.0000,2875.2000,4,1,1,1,1,11,1,3,3,2
SF,IH2006,2020-06-17 14:26:21.700,2873.8000,17623,0,14401576860.000,0,-,-,-,-,2873.6000,2873.4000,2873.2000,2872.8000,2872.6000,2874.2000,2874.6000,2874.8000,2875.0000,2875.2000,4,1,1,1,1,11,1,2,3,2
SF,IH2006,2020-06-17 14:26:22.200,2873.8000,17623,0,14401576860.000,0,-,-,-,-,2873.6000,2873.4000,2873.2000,2872.8000,2872.6000,2874.2000,2874.6000,2874.8000,2875.0000,2875.2000,3,1,1,1,1,11,1,2,3,3
SF,IH2006,2020-06-17 14:26:22.700,2873.8000,17623,0,14401576860.000,0,-,-,-,-,2873.6000,2873.4000,2873.2000,2872.8000,2872.6000,2874.2000,2874.6000,2874.8000,2875.0000,2875.2000,3,1,1,1,1,11,1,3,3,3
SF,IH2006,2020-06-17 14:26:23.200,2873.8000,17623,0,14401576860.000,0,-,-,-,-,2873.6000,2873.4000,2873.2000,2872.8000,2872.6000,2874.0000,2874.2000,2874.6000,2874.8000,2875.0000,3,1,1,1,1,1,11,1,3,3
SF,IH2006,2020-06-17 14:26:23.700,2873.8000,17623,0,14401576860.000,0,-,-,-,-,2873.6000,2873.4000,2873.2000,2872.8000,2872.6000,2874.2000,2874.6000,2874.8000,2875.0000,2875.2000,3,1,1,1,1,11,1,3,3,3
SF,IH2006,2020-06-17 14:26:24.200,2873.8000,17623,0,14401576860.000,0,-,-,-,-,2873.6000,2873.4000,2873.2000,2872.8000,2872.6000,2874.2000,2874.6000,2874.8000,2875.0000,2875.2000,3,1,1,1,1,11,1,3,3,4
SF,IH2006,2020-06-17 14:26:26.200,2873.8000,17623,0,14401576860.000,0,-,-,-,-,2873.8000,2873.6000,2873.4000,2873.2000,2872.8000,2874.2000,2874.6000,2874.8000,2875.0000,2875.2000,4,3,1,1,1,11,1,3,3,4
SF,IH2006,2020-06-17 14:26:26.700,2873.8000,17623,0,14401576860.000,0,-,-,-,-,2874.0000,2873.8000,2873.6000,2873.4000,2873.2000,2874.2000,2874.6000,2874.8000,2875.0000,2875.2000,2,4,3,1,1,11,1,3,3,3
SF,IH2006,2020-06-17 14:26:27.200,2874.0000,17625,2,14403301260.000,2,2,0,双开,B,2873.8000,2873.6000,2873.4000,2873.2000,2872.8000,2874.0000,2874.2000,2874.6000,2874.8000,2875.0000,4,3,1,1,1,3,11,1,3,3
SF,IH2006,2020-06-17 14:26:27.700,2874.0000,17625,0,14403301260.000,0,-,-,-,-,2873.8000,2873.6000,2873.4000,2873.2000,2872.8000,2874.0000,2874.2000,2874.6000,2874.8000,2875.0000,4,3,1,1,1,3,11,1,2,3
SF,IH2006,2020-06-17 14:26:28.200,2873.8000,17626,1,14404163400.000,1,1,0,双开,B,2873.8000,2873.6000,2873.4000,2873.2000,2872.8000,2874.0000,2874.2000,2874.6000,2874.8000,2875.0000,3,3,1,1,1,3,11,1,2,3
SF,IH2006,2020-06-17 14:26:28.700,2874.0000,17627,1,14405025600.000,1,1,0,双开,B,2873.8000,2873.6000,2873.4000,2873.2000,2872.8000,2874.0000,2874.2000,2874.6000,2874.8000,2875.0000,3,3,1,1,1,2,11,1,2,3
SF,IH2006,2020-06-17 14:26:29.200,2873.8000,17628,1,14405887740.000,1,1,0,双开,B,2873.8000,2873.6000,2873.4000,2873.2000,2872.8000,2874.0000,2874.2000,2874.6000,2874.8000,2875.0000,2,3,1,1,1,2,11,1,2,3
SF,IH2006,2020-06-17 14:26:29.700,2873.6000,17631,3,14409336180.000,4,3,1,多开,B,2873.6000,2873.4000,2873.2000,2872.8000,2872.6000,2873.8000,2874.0000,2874.2000,2874.6000,2874.8000,1,1,1,1,1,3,2,11,1,2
SF,IH2006,2020-06-17 14:26:30.200,2873.8000,17631,0,14410198320.000,1,0,1,空换,B,2873.6000,2873.4000,2873.2000,2872.8000,2872.6000,2873.8000,2874.0000,2874.2000,2874.6000,2874.8000,1,1,1,1,1,1,2,11,1,2
SF,IH2006,2020-06-17 14:26:30.700,2873.8000,17631,0,14411060460.000,1,0,1,空换,B,2873.6000,2873.4000,2873.2000,2872.8000,2872.6000,2874.0000,2874.2000,2874.6000,2874.8000,2875.0000,1,1,1,1,1,2,11,1,2,3
SF,IH2006,2020-06-17 14:26:31.200,2873.6000,17632,1,14412784740.000,2,1,1,多开,B,2873.4000,2873.2000,2872.8000,2872.6000,2872.2000,2874.0000,2874.2000,2874.6000,2874.8000,2875.0000,1,1,1,1,2,2,11,1,3,3
SF,IH2006,2020-06-17 14:26:31.700,2874.0000,17631,-1,14413646940.000,1,0,1,双平,B,2873.4000,2873.2000,2872.8000,2872.6000,2872.2000,2874.0000,2874.2000,2874.6000,2874.8000,2875.0000,2,1,1,1,2,1,11,1,3,3
SF,IH2006,2020-06-17 14:26:32.200,2874.0000,17631,0,14413646940.000,0,-,-,-,-,2874.0000,2873.6000,2873.4000,2873.2000,2872.8000,2874.2000,2874.6000,2874.8000,2875.0000,2875.2000,1,4,2,1,1,11,1,3,3,3
SF,IH2006,2020-06-17 14:26:32.700,2874.0000,17631,0,14414509140.000,1,0,1,空换,B,2873.6000,2873.4000,2873.2000,2872.8000,2872.6000,2873.8000,2874.0000,2874.2000,2874.6000,2874.8000,4,2,1,1,1,1,1,11,1,3
SF,IH2006,2020-06-17 14:26:33.200,2873.8000,17631,0,14415371280.000,1,0,1,空换,B,2873.8000,2873.6000,2873.4000,2873.2000,2872.8000,2874.0000,2874.2000,2874.6000,2874.8000,2875.0000,14,3,1,1,1,1,10,1,3,3
SF,IH2006,2020-06-17 14:26:33.700,2874.0000,17631,0,14416233480.000,1,0,1,空换,B,2873.8000,2873.6000,2873.4000,2873.2000,2872.8000,2874.2000,2874.6000,2874.8000,2875.0000,2875.2000,4,3,1,1,1,10,1,3,4,3
SF,IH2006,2020-06-17 14:26:34.200,2873.8000,17632,1,14417095620.000,1,1,0,双开,B,2873.8000,2873.6000,2873.4000,2873.2000,2872.8000,2874.0000,2874.2000,2874.6000,2874.8000,2875.0000,3,3,1,1,1,1,10,1,3,4
SF,IH2006,2020-06-17 14:26:35.700,2874.0000,17632,0,14417957820.000,1,0,1,空换,B,2873.8000,2873.6000,2873.4000,2873.2000,2872.8000,2874.2000,2874.6000,2874.8000,2875.0000,2875.2000,3,3,1,1,1,10,1,3,4,3
SF,IH2006,2020-06-17 14:26:36.200,2874.0000,17632,0,14417957820.000,0,-,-,-,-,2873.8000,2873.6000,2873.4000,2873.2000,2872.8000,2874.2000,2874.6000,2874.8000,2875.0000,2875.2000,3,3,1,1,1,10,1,3,3,3
SF,IH2006,2020-06-17 14:26:37.700,2873.8000,17632,0,14419682220.000,2,1,1,空换,B,2873.8000,2873.6000,2873.4000,2873.2000,2872.8000,2874.2000,2874.6000,2874.8000,2875.0000,2875.2000,2,3,1,1,1,9,1,3,3,3
SF,IH2006,2020-06-17 14:26:38.200,2873.8000,17632,0,14419682220.000,0,-,-,-,-,2873.8000,2873.6000,2873.4000,2873.2000,2872.8000,2874.2000,2874.6000,2874.8000,2875.0000,2875.2000,2,1,1,1,1,10,1,2,3,3
SF,IH2006,2020-06-17 14:26:38.700,2873.8000,17632,0,14419682220.000,0,-,-,-,-,2873.8000,2873.6000,2873.4000,2873.2000,2872.8000,2874.2000,2874.6000,2874.8000,2875.0000,2875.2000,2,1,1,1,1,10,1,2,3,4
SF,IH2006,2020-06-17 14:26:39.200,2873.8000,17632,0,14419682220.000,0,-,-,-,-,2873.8000,2873.6000,2873.4000,2873.2000,2872.8000,2874.2000,2874.6000,2874.8000,2875.0000,2875.2000,1,1,1,1,1,10,1,2,3,4
SF,IH2006,2020-06-17 14:26:39.700,2873.6000,17633,1,14421406440.000,2,1,1,多开,B,2873.4000,2873.2000,2872.8000,2872.2000,2871.8000,2873.6000,2874.2000,2874.6000,2874.8000,2875.0000,1,1,1,2,1,2,10,1,2,3
SF,IH2006,2020-06-17 14:26:40.200,2873.6000,17633,0,14421406440.000,0,-,-,-,-,2873.6000,2873.4000,2873.2000,2872.8000,2872.2000,2874.0000,2874.2000,2874.6000,2874.8000,2875.0000,1,1,1,1,2,1,10,1,2,3
SF,IH2006,2020-06-17 14:26:40.700,2873.4000,17635,2,14423992560.000,3,2,1,多开,B,2873.2000,2872.8000,2872.2000,2871.8000,2871.6000,2874.0000,2874.2000,2874.6000,2874.8000,2875.0000,1,1,2,1,1,2,10,1,2,4
SF,IH2006,2020-06-17 14:26:41.200,2873.8000,17634,-1,14424854700.000,1,0,1,双平,B,2873.2000,2872.8000,2872.2000,2871.8000,2871.6000,2873.8000,2874.0000,2874.2000,2874.6000,2874.8000,1,1,2,1,1,1,2,10,1,2
SF,IH2006,2020-06-17 14:26:41.700,2873.8000,17634,0,14424854700.000,0,-,-,-,-,2873.2000,2872.8000,2872.2000,2871.8000,2871.6000,2873.8000,2874.0000,2874.2000,2874.6000,2874.8000,1,1,2,1,1,2,2,10,1,2
SF,IH2006,2020-06-17 14:26:42.200,2873.8000,17634,0,14425716840.000,1,0,1,空换,B,2873.2000,2872.8000,2872.2000,2871.8000,2871.6000,2873.4000,2873.8000,2874.0000,2874.2000,2874.6000,1,1,2,1,1,1,1,3,10,2
SF,IH2006,2020-06-17 14:26:42.700,2873.8000,17634,0,14427441000.000,2,1,1,空换,B,2873.2000,2872.8000,2872.2000,2871.8000,2871.6000,2874.0000,2874.2000,2874.6000,2874.8000,2875.0000,1,1,2,1,1,2,10,2,2,3
SF,IH2006,2020-06-17 14:26:43.200,2873.8000,17634,0,14427441000.000,0,-,-,-,-,2873.2000,2872.8000,2872.2000,2871.8000,2871.6000,2873.8000,2874.0000,2874.2000,2874.6000,2874.8000,2,1,2,1,1,1,2,9,2,2
SF,IH2006,2020-06-17 14:26:43.700,2873.8000,17634,0,14428303140.000,1,0,1,空换,B,2873.2000,2872.8000,2872.2000,2871.8000,2871.6000,2873.8000,2874.0000,2874.2000,2874.6000,2874.8000,2,1,2,1,1,2,2,9,2,3
SF,IH2006,2020-06-17 14:26:44.200,2873.2000,17634,0,14429165100.000,1,0,1,空换,B,2873.2000,2872.8000,2872.2000,2871.8000,2871.6000,2873.8000,2874.0000,2874.2000,2874.6000,2874.8000,2,1,2,1,1,1,2,9,2,2
SF,IH2006,2020-06-17 14:26:44.700,2873.8000,17634,0,14430027240.000,1,0,1,空换,B,2873.2000,2872.8000,2872.2000,2871.8000,2871.6000,2874.0000,2874.2000,2874.6000,2874.8000,2875.0000,2,1,2,1,1,2,9,2,2,3
SF,IH2006,2020-06-17 14:26:45.200,2873.8000,17634,0,14430027240.000,0,-,-,-,-,2873.4000,2873.2000,2872.8000,2872.2000,2871.8000,2874.0000,2874.2000,2874.6000,2874.8000,2875.0000,3,2,1,2,1,2,9,2,2,3
SF,IH2006,2020-06-17 14:26:45.700,2873.8000,17634,0,14430027240.000,0,-,-,-,-,2873.4000,2873.2000,2872.8000,2872.2000,2871.8000,2874.0000,2874.2000,2874.6000,2874.8000,2875.0000,2,2,1,2,1,2,9,2,2,3
SF,IH2006,2020-06-17 14:26:46.700,2874.0000,17635,1,14430889440.000,1,1,0,双开,B,2873.4000,2873.2000,2872.8000,2872.2000,2871.8000,2874.0000,2874.2000,2874.6000,2874.8000,2875.0000,2,2,1,2,1,1,9,2,2,3
SF,IH2006,2020-06-17 14:26:47.200,2874.0000,17635,0,14430889440.000,0,-,-,-,-,2873.4000,2873.2000,2872.8000,2872.2000,2871.8000,2874.0000,2874.2000,2874.6000,2874.8000,2875.0000,3,2,1,2,1,1,9,2,2,3
SF,IH2006,2020-06-17 14:26:47.700,2874.0000,17635,0,14430889440.000,0,-,-,-,-,2873.6000,2873.4000,2873.2000,2872.8000,2872.2000,2874.0000,2874.2000,2874.6000,2874.8000,2875.0000,1,3,2,1,2,1,9,2,2,3
SF,IH2006,2020-06-17 14:26:48.700,2874.0000,17636,1,14431751640.000,1,1,0,双开,B,2873.6000,2873.4000,2873.2000,2872.8000,2872.2000,2874.2000,2874.6000,2874.8000,2875.0000,2875.2000,1,3,2,1,2,9,2,2,3,4
SF,IH2006,2020-06-17 14:26:49.200,2874.0000,17636,0,14431751640.000,0,-,-,-,-,2873.8000,2873.6000,2873.4000,2873.2000,2872.8000,2874.2000,2874.6000,2874.8000,2875.0000,2875.2000,3,1,1,1,1,9,2,3,3,5
SF,IH2006,2020-06-17 14:26:49.700,2874.0000,17636,0,14431751640.000,0,-,-,-,-,2873.8000,2873.6000,2873.4000,2873.2000,2872.8000,2874.2000,2874.6000,2874.8000,2875.0000,2875.2000,3,1,1,2,1,9,2,3,3,5
SF,IH2006,2020-06-17 14:26:50.200,2874.0000,17636,0,14431751640.000,0,-,-,-,-,2873.8000,2873.6000,2873.4000,2873.2000,2872.8000,2874.2000,2874.6000,2874.8000,2875.0000,2875.2000,3,1,1,2,1,9,2,2,3,5
SF,IH2006,2020-06-17 14:26:50.700,2874.2000,17636,0,14432613900.000,1,0,1,空换,B,2873.8000,2873.6000,2873.4000,2873.2000,2872.8000,2874.2000,2874.6000,2874.8000,2875.0000,2875.2000,3,1,1,2,1,8,2,2,3,5
SF,IH2006,2020-06-17 14:26:51.200,2873.8000,17636,0,14433476040.000,1,0,1,空换,B,2873.8000,2873.6000,2873.4000,2873.2000,2872.8000,2874.2000,2874.6000,2874.8000,2875.0000,2875.2000,2,1,1,2,1,8,2,2,3,5
SF,IH2006,2020-06-17 14:26:51.700,2873.8000,17636,0,14433476040.000,0,-,-,-,-,2873.8000,2873.6000,2873.4000,2873.2000,2872.8000,2874.2000,2874.6000,2874.8000,2875.0000,2875.2000,3,1,1,2,1,8,2,2,3,6
SF,IH2006,2020-06-17 14:26:52.700,2874.2000,17636,0,14434338300.000,1,0,1,空换,B,2873.8000,2873.6000,2873.4000,2873.2000,2872.8000,2874.2000,2874.6000,2874.8000,2875.0000,2875.2000,3,1,1,2,1,7,2,2,3,6
SF,IH2006,2020-06-17 14:26:53.200,2874.2000,17636,0,14434338300.000,0,-,-,-,-,2873.8000,2873.6000,2873.4000,2873.2000,2872.8000,2874.2000,2874.6000,2874.8000,2875.0000,2875.2000,3,1,1,1,1,7,2,2,3,6
SF,IH2006,2020-06-17 14:26:54.700,2874.2000,17636,0,14435200560.000,1,0,1,空换,B,2873.8000,2873.6000,2873.4000,2873.2000,2872.8000,2874.2000,2874.6000,2874.8000,2875.0000,2875.2000,3,1,1,1,1,6,2,2,3,6
SF,IH2006,2020-06-17 14:26:55.200,2874.2000,17636,0,14435200560.000,0,-,-,-,-,2873.8000,2873.6000,2873.4000,2873.2000,2872.8000,2874.2000,2874.6000,2874.8000,2875.0000,2875.2000,1,1,1,1,1,6,2,2,3,6
SF,IH2006,2020-06-17 14:26:55.700,2874.2000,17636,0,14435200560.000,0,-,-,-,-,2873.6000,2873.4000,2873.2000,2872.8000,2872.2000,2873.8000,2874.2000,2874.6000,2874.8000,2875.0000,1,1,1,1,3,1,7,2,2,3
SF,IH2006,2020-06-17 14:26:56.700,2874.2000,17636,0,14435200560.000,0,-,-,-,-,2873.6000,2873.4000,2873.2000,2872.8000,2872.2000,2873.8000,2874.2000,2874.6000,2874.8000,2875.0000,1,1,1,1,3,1,7,2,2,3
SF,IH2006,2020-06-17 14:26:59.200,2873.6000,17637,1,14436062640.000,1,1,0,双开,B,2873.4000,2873.2000,2872.8000,2872.2000,2872.0000,2873.8000,2874.2000,2874.6000,2874.8000,2875.0000,1,1,1,3,1,1,7,2,2,3
SF,IH2006,2020-06-17 14:26:59.700,2873.6000,17637,0,14436062640.000,0,-,-,-,-,2873.2000,2872.8000,2872.2000,2872.0000,2871.8000,2873.4000,2873.8000,2874.2000,2874.6000,2874.8000,1,1,3,1,1,3,2,7,2,2
SF,IH2006,2020-06-17 14:27:00.200,2873.4000,17638,1,14436924660.000,1,1,0,双开,B,2873.2000,2873.0000,2872.8000,2872.2000,2872.0000,2873.4000,2873.8000,2874.2000,2874.6000,2874.8000,1,1,1,3,1,2,2,7,2,2
SF,IH2006,2020-06-17 14:27:00.700,2873.4000,17644,6,14442958800.000,7,6,1,多开,B,2873.4000,2873.2000,2873.0000,2872.8000,2872.2000,2873.8000,2874.2000,2874.6000,2874.8000,2875.0000,11,2,1,1,3,1,7,2,2,3
SF,IH2006,2020-06-17 14:27:01.200,2873.4000,17643,-1,14443820820.000,1,0,1,双平,B,2873.6000,2873.4000,2873.2000,2873.0000,2872.8000,2873.8000,2874.2000,2874.6000,2874.8000,2875.0000,1,7,2,1,1,1,7,2,2,3
SF,IH2006,2020-06-17 14:27:01.700,2873.4000,17644,1,14446406880.000,3,2,1,多开,B,2873.4000,2873.2000,2873.0000,2872.8000,2872.2000,2873.8000,2874.2000,2874.6000,2874.8000,2875.0000,5,2,1,1,3,1,7,2,2,3
SF,IH2006,2020-06-17 14:27:02.200,2873.8000,17644,0,14448131160.000,2,1,1,空换,B,2873.4000,2873.2000,2873.0000,2872.8000,2872.2000,2874.2000,2874.6000,2874.8000,2875.0000,2875.2000,4,2,1,1,3,7,2,2,3,6
SF,IH2006,2020-06-17 14:27:02.700,2873.4000,17646,2,14449855200.000,2,2,0,双开,B,2873.4000,2873.2000,2873.0000,2872.8000,2872.2000,2874.2000,2874.6000,2874.8000,2875.0000,2875.2000,8,2,1,1,3,9,2,2,3,6
SF,IH2006,2020-06-17 14:27:03.200,2873.4000,17646,0,14449855200.000,0,-,-,-,-,2873.4000,2873.2000,2873.0000,2872.8000,2872.2000,2874.2000,2874.6000,2874.8000,2875.0000,2875.2000,8,2,1,1,3,9,2,2,3,6
SF,IH2006,2020-06-17 14:27:03.700,2873.4000,17646,0,14449855200.000,0,-,-,-,-,2873.4000,2873.2000,2873.0000,2872.8000,2872.2000,2874.0000,2874.2000,2874.6000,2874.8000,2875.0000,3,2,1,1,3,4,9,2,2,3
SF,IH2006,2020-06-17 14:27:04.200,2873.4000,17646,0,14449855200.000,0,-,-,-,-,2873.4000,2873.2000,2873.0000,2872.8000,2872.2000,2874.0000,2874.2000,2874.6000,2874.8000,2875.0000,1,2,1,1,3,4,8,2,2,3
SF,IH2006,2020-06-17 14:27:05.200,2873.4000,17646,0,14449855200.000,0,-,-,-,-,2873.4000,2873.2000,2873.0000,2872.8000,2872.2000,2874.0000,2874.2000,2874.6000,2874.8000,2875.0000,1,2,1,1,3,4,9,2,2,3
SF,IH2006,2020-06-17 14:27:05.700,2873.4000,17646,0,14449855200.000,0,-,-,-,-,2873.6000,2873.4000,2873.2000,2873.0000,2872.8000,2874.0000,2874.2000,2874.6000,2874.8000,2875.0000,1,2,2,1,1,4,9,2,2,3
SF,IH2006,2020-06-17 14:27:06.200,2873.4000,17646,0,14449855200.000,0,-,-,-,-,2873.4000,2873.2000,2873.0000,2872.8000,2872.2000,2874.0000,2874.2000,2874.6000,2874.8000,2875.0000,4,2,1,1,3,3,9,2,2,3
SF,IH2006,2020-06-17 14:27:06.700,2873.4000,17646,0,14449855200.000,0,-,-,-,-,2873.4000,2873.2000,2873.0000,2872.8000,2872.2000,2874.0000,2874.2000,2874.6000,2874.8000,2875.0000,2,2,1,1,3,3,9,2,2,3
SF,IH2006,2020-06-17 14:27:07.200,2873.4000,17646,0,14450717220.000,1,0,1,空换,B,2873.4000,2873.2000,2873.0000,2872.8000,2872.2000,2874.0000,2874.2000,2874.6000,2874.8000,2875.0000,2,1,1,1,3,2,9,2,2,3
SF,IH2006,2020-06-17 14:27:07.700,2873.4000,17646,0,14450717220.000,0,-,-,-,-,2873.4000,2873.2000,2873.0000,2872.8000,2872.2000,2874.0000,2874.2000,2874.6000,2874.8000,2875.0000,2,1,1,1,3,3,9,2,2,3
SF,IH2006,2020-06-17 14:27:08.200,2873.4000,17646,0,14450717220.000,0,-,-,-,-,2873.6000,2873.4000,2873.2000,2873.0000,2872.8000,2874.0000,2874.2000,2874.6000,2874.8000,2875.0000,1,2,1,1,1,3,9,2,2,3
SF,IH2006,2020-06-17 14:27:08.700,2873.4000,17646,0,14450717220.000,0,-,-,-,-,2873.6000,2873.4000,2873.2000,2873.0000,2872.8000,2874.0000,2874.2000,2874.6000,2874.8000,2875.0000,1,2,1,1,1,1,9,2,2,3
SF,IH2006,2020-06-17 14:27:09.200,2873.4000,17646,0,14450717220.000,0,-,-,-,-,2873.6000,2873.4000,2873.2000,2873.0000,2872.8000,2874.0000,2874.2000,2874.6000,2874.8000,2875.0000,1,2,1,1,1,1,10,2,2,3
SF,IH2006,2020-06-17 14:27:09.700,2873.6000,17645,-1,14451579300.000,1,0,1,双平,B,2873.4000,2873.2000,2873.0000,2872.8000,2872.2000,2874.0000,2874.2000,2874.6000,2874.8000,2875.0000,2,1,1,1,3,1,10,2,2,3
SF,IH2006,2020-06-17 14:27:10.200,2873.6000,17645,0,14451579300.000,0,-,-,-,-,2873.4000,2873.2000,2873.0000,2872.8000,2872.2000,2874.0000,2874.2000,2874.6000,2874.8000,2875.0000,4,1,1,1,3,1,10,2,2,3
SF,IH2006,2020-06-17 14:27:10.700,2873.6000,17645,0,14451579300.000,0,-,-,-,-,2873.4000,2873.2000,2873.0000,2872.8000,2872.2000,2874.0000,2874.2000,2874.6000,2874.8000,2875.0000,2,1,1,1,3,2,10,2,2,3
SF,IH2006,2020-06-17 14:27:11.200,2873.6000,17645,0,14451579300.000,0,-,-,-,-,2873.4000,2873.0000,2872.8000,2872.2000,2872.0000,2873.6000,2874.0000,2874.2000,2874.6000,2874.8000,2,1,1,3,1,1,2,9,2,2
SF,IH2006,2020-06-17 14:27:11.700,2873.4000,17647,2,14453303340.000,2,2,0,双开,B,2873.4000,2873.0000,2872.8000,2872.2000,2872.0000,2873.6000,2873.8000,2874.0000,2874.2000,2874.6000,1,1,1,3,1,1,1,2,9,2
SF,IH2006,2020-06-17 14:27:12.200,2873.6000,17647,0,14454165420.000,1,0,1,空换,B,2873.4000,2873.0000,2872.8000,2872.2000,2872.0000,2873.8000,2874.0000,2874.2000,2874.6000,2874.8000,1,1,1,3,1,1,2,9,2,2
SF,IH2006,2020-06-17 14:27:12.700,2873.8000,17646,-1,14455027560.000,1,0,1,双平,B,2873.4000,2873.2000,2873.0000,2872.8000,2872.2000,2874.0000,2874.2000,2874.6000,2874.8000,2875.0000,1,1,1,1,3,2,9,2,2,3
SF,IH2006,2020-06-17 14:27:13.200,2873.8000,17646,0,14455027560.000,0,-,-,-,-,2873.4000,2873.2000,2873.0000,2872.8000,2872.2000,2874.0000,2874.2000,2874.6000,2874.8000,2875.0000,2,1,1,1,3,4,8,2,2,3
SF,IH2006,2020-06-17 14:27:13.700,2873.8000,17646,0,14455027560.000,0,-,-,-,-,2873.4000,2873.2000,2873.0000,2872.8000,2872.2000,2874.0000,2874.2000,2874.6000,2874.8000,2875.0000,2,1,1,1,3,5,8,2,2,3
SF,IH2006,2020-06-17 14:27:14.200,2873.8000,17646,0,14455027560.000,0,-,-,-,-,2873.4000,2873.2000,2873.0000,2872.8000,2872.2000,2874.0000,2874.2000,2874.6000,2874.8000,2875.0000,6,1,1,1,3,4,8,2,1,3
SF,IH2006,2020-06-17 14:27:15.700,2873.8000,17646,0,14455027560.000,0,-,-,-,-,2873.4000,2873.2000,2873.0000,2872.8000,2872.2000,2874.0000,2874.2000,2874.6000,2874.8000,2875.0000,2,1,1,1,3,4,8,2,1,3
SF,IH2006,2020-06-17 14:27:16.200,2873.8000,17646,0,14455889700.000,1,0,1,空换,B,2873.4000,2873.2000,2873.0000,2872.8000,2872.2000,2873.8000,2874.0000,2874.2000,2874.6000,2874.8000,2,1,1,1,3,2,4,8,2,1
SF,IH2006,2020-06-17 14:27:17.200,2873.8000,17646,0,14455889700.000,0,-,-,-,-,2873.4000,2873.2000,2873.0000,2872.8000,2872.2000,2873.8000,2874.0000,2874.2000,2874.6000,2874.8000,2,1,1,1,3,2,4,8,2,1
SF,IH2006,2020-06-17 14:27:18.700,2873.8000,17646,0,14455889700.000,0,-,-,-,-,2873.4000,2873.2000,2873.0000,2872.8000,2872.2000,2874.0000,2874.2000,2874.6000,2874.8000,2875.0000,3,1,1,1,3,4,8,2,1,3
SF,IH2006,2020-06-17 14:27:19.700,2873.8000,17646,0,14455889700.000,0,-,-,-,-,2873.4000,2873.2000,2873.0000,2872.8000,2872.2000,2874.0000,2874.2000,2874.6000,2874.8000,2875.0000,3,1,1,1,3,5,8,2,1,3
SF,IH2006,2020-06-17 14:27:21.200,2873.8000,17646,0,14455889700.000,0,-,-,-,-,2873.4000,2873.2000,2873.0000,2872.8000,2872.2000,2873.6000,2874.0000,2874.2000,2874.6000,2874.8000,4,1,1,1,3,1,5,8,2,1
SF,IH2006,2020-06-17 14:27:21.700,2873.4000,17646,0,14457613800.000,2,1,1,空换,B,2873.4000,2873.2000,2873.0000,2872.8000,2872.2000,2874.0000,2874.2000,2874.6000,2874.8000,2875.0000,3,1,1,1,3,5,8,2,1,3
SF,IH2006,2020-06-17 14:27:22.200,2873.4000,17646,0,14457613800.000,0,-,-,-,-,2873.4000,2873.2000,2873.0000,2872.8000,2872.2000,2874.0000,2874.2000,2874.6000,2874.8000,2875.0000,3,1,1,1,3,5,8,2,1,3
SF,IH2006,2020-06-17 14:27:22.700,2873.4000,17646,0,14457613800.000,0,-,-,-,-,2873.4000,2873.2000,2873.0000,2872.8000,2872.2000,2874.0000,2874.2000,2874.6000,2874.8000,2875.0000,3,1,1,1,3,5,9,2,1,3
SF,IH2006,2020-06-17 14:27:23.200,2873.4000,17646,0,14457613800.000,0,-,-,-,-,2873.4000,2873.2000,2873.0000,2872.8000,2872.2000,2873.6000,2874.0000,2874.2000,2874.6000,2874.8000,4,1,1,1,3,1,5,9,2,1
SF,IH2006,2020-06-17 14:27:23.700,2873.4000,17646,0,14458475820.000,1,0,1,空换,B,2873.4000,2873.2000,2873.0000,2872.8000,2872.2000,2873.6000,2874.0000,2874.2000,2874.6000,2874.8000,3,1,1,1,3,1,5,9,2,1
SF,IH2006,2020-06-17 14:27:24.200,2873.4000,17646,0,14459337840.000,1,0,1,空换,B,2873.4000,2873.2000,2873.0000,2872.8000,2872.2000,2873.6000,2874.0000,2874.2000,2874.6000,2874.8000,2,1,1,1,3,1,5,9,2,1
SF,IH2006,2020-06-17 14:27:24.700,2873.4000,17646,0,14461061880.000,2,1,1,空换,B,2873.2000,2873.0000,2872.8000,2872.2000,2872.0000,2873.4000,2873.6000,2874.0000,2874.2000,2874.6000,1,1,1,3,1,2,1,5,9,2
SF,IH2006,2020-06-17 14:27:25.200,2873.0000,17646,0,14462785800.000,2,1,1,空换,B,2872.8000,2872.2000,2872.0000,2871.8000,2871.6000,2873.6000,2874.0000,2874.2000,2874.6000,2874.8000,1,3,1,1,1,1,5,9,2,1
SF,IH2006,2020-06-17 14:27:25.700,2873.0000,17647,1,14463647700.000,1,1,0,双开,B,2873.0000,2872.8000,2872.2000,2872.0000,2871.8000,2873.2000,2873.6000,2874.0000,2874.2000,2874.6000,4,3,3,1,1,1,1,4,9,2
SF,IH2006,2020-06-17 14:27:26.200,2873.6000,17649,2,14465371740.000,2,2,0,双开,B,2873.2000,2873.0000,2872.8000,2872.2000,2872.0000,2873.6000,2874.0000,2874.2000,2874.6000,2874.8000,1,1,3,3,1,1,4,9,2,1
SF,IH2006,2020-06-17 14:27:26.700,2873.6000,17649,0,14465371740.000,0,-,-,-,-,2872.8000,2872.2000,2872.0000,2871.8000,2871.6000,2873.0000,2873.2000,2873.6000,2874.0000,2874.2000,3,3,1,1,1,1,3,4,3,9
SF,IH2006,2020-06-17 14:27:27.200,2873.0000,17648,-1,14466233640.000,1,0,1,双平,B,2872.8000,2872.2000,2872.0000,2871.8000,2871.6000,2873.2000,2873.6000,2874.0000,2874.2000,2874.6000,1,3,1,1,1,1,3,2,9,2
SF,IH2006,2020-06-17 14:27:27.700,2873.0000,17648,0,14466233640.000,0,-,-,-,-,2872.8000,2872.2000,2872.0000,2871.8000,2871.6000,2873.2000,2873.6000,2874.0000,2874.2000,2874.6000,1,4,1,1,1,1,3,2,9,2
SF,IH2006,2020-06-17 14:27:28.200,2873.0000,17648,0,14466233640.000,0,-,-,-,-,2872.8000,2872.2000,2872.0000,2871.8000,2871.6000,2873.2000,2873.4000,2873.6000,2874.0000,2874.2000,2,4,1,1,1,1,1,4,2,9
SF,IH2006,2020-06-17 14:27:28.700,2872.8000,17649,1,14467095480.000,1,1,0,双开,B,2872.8000,2872.2000,2872.0000,2871.8000,2871.6000,2873.2000,2873.4000,2873.6000,2874.0000,2874.2000,1,4,1,1,1,1,1,4,2,9
SF,IH2006,2020-06-17 14:27:30.200,2872.8000,17649,0,14467957320.000,1,0,1,空换,B,2872.2000,2872.0000,2871.8000,2871.6000,2871.4000,2873.2000,2873.4000,2873.6000,2874.0000,2874.2000,4,1,1,1,1,1,1,4,2,9
SF,IH2006,2020-06-17 14:27:30.700,2872.8000,17649,0,14467957320.000,0,-,-,-,-,2872.4000,2872.2000,2872.0000,2871.8000,2871.6000,2873.2000,2873.4000,2873.6000,2874.0000,2874.2000,13,4,1,1,1,2,1,3,2,8
SF,IH2006,2020-06-17 14:27:31.200,2872.8000,17649,0,14467957320.000,0,-,-,-,-,2872.4000,2872.2000,2872.0000,2871.8000,2871.6000,2872.8000,2873.0000,2873.2000,2873.4000,2873.6000,10,5,1,1,1,1,2,2,1,3
SF,IH2006,2020-06-17 14:27:31.700,2872.4000,17650,1,14469680880.000,2,1,1,多开,B,2872.4000,2872.2000,2872.0000,2871.8000,2871.6000,2873.0000,2873.2000,2873.6000,2874.2000,2874.6000,9,4,1,1,1,2,2,3,8,2
SF,IH2006,2020-06-17 14:27:32.700,2872.4000,17650,0,14469680880.000,0,-,-,-,-,2872.6000,2872.4000,2872.2000,2872.0000,2871.8000,2873.0000,2873.2000,2873.6000,2874.2000,2874.6000,2,9,4,1,1,2,2,4,8,2
SF,IH2006,2020-06-17 14:27:33.700,2872.4000,17650,0,14469680880.000,0,-,-,-,-,2872.6000,2872.4000,2872.2000,2872.0000,2871.8000,2873.0000,2873.2000,2873.6000,2874.2000,2874.6000,6,5,4,1,1,2,2,4,8,2
SF,IH2006,2020-06-17 14:27:34.200,2872.4000,17650,0,14469680880.000,0,-,-,-,-,2872.6000,2872.4000,2872.2000,2872.0000,2871.8000,2873.0000,2873.2000,2873.6000,2874.2000,2874.6000,7,5,4,1,1,2,3,4,8,2
SF,IH2006,2020-06-17 14:27:35.700,2872.4000,17650,0,14469680880.000,0,-,-,-,-,2872.6000,2872.4000,2872.2000,2872.0000,2871.8000,2873.0000,2873.2000,2873.6000,2874.2000,2874.6000,3,5,3,1,1,2,3,4,8,2
SF,IH2006,2020-06-17 14:27:36.200,2872.6000,17651,1,14470542660.000,1,1,0,双开,B,2872.6000,2872.4000,2872.2000,2872.0000,2871.8000,2873.0000,2873.2000,2873.6000,2874.2000,2874.6000,2,4,3,1,1,3,3,3,8,2
SF,IH2006,2020-06-17 14:27:36.700,2872.6000,17651,0,14470542660.000,0,-,-,-,-,2872.6000,2872.4000,2872.2000,2872.0000,2871.8000,2872.8000,2873.0000,2873.2000,2873.6000,2874.2000,6,4,3,1,1,1,3,4,3,8
SF,IH2006,2020-06-17 14:27:37.200,2872.6000,17651,0,14470542660.000,0,-,-,-,-,2872.6000,2872.4000,2872.2000,2872.0000,2871.8000,2872.8000,2873.0000,2873.2000,2873.6000,2874.2000,2,4,3,1,1,1,3,4,2,8
SF,IH2006,2020-06-17 14:27:37.700,2872.6000,17651,0,14470542660.000,0,-,-,-,-,2872.6000,2872.4000,2872.2000,2872.0000,2871.8000,2872.8000,2873.0000,2873.2000,2873.6000,2874.2000,3,4,3,1,1,2,3,4,2,8
SF,IH2006,2020-06-17 14:27:38.200,2872.6000,17650,-1,14471404440.000,1,0,1,双平,B,2872.6000,2872.4000,2872.2000,2872.0000,2871.8000,2872.8000,2873.0000,2873.2000,2873.6000,2874.2000,2,4,3,1,1,2,3,5,2,8
SF,IH2006,2020-06-17 14:27:38.700,2872.6000,17650,0,14471404440.000,0,-,-,-,-,2872.6000,2872.4000,2872.2000,2872.0000,2871.8000,2872.8000,2873.0000,2873.2000,2873.6000,2874.2000,2,4,3,1,1,1,3,5,2,8
SF,IH2006,2020-06-17 14:27:39.200,2872.6000,17649,-1,14472266220.000,1,0,1,双平,B,2872.6000,2872.4000,2872.2000,2872.0000,2871.8000,2872.8000,2873.0000,2873.2000,2873.6000,2874.2000,1,4,3,1,1,1,3,5,2,8
SF,IH2006,2020-06-17 14:27:40.200,2872.4000,17649,0,14473989720.000,2,1,1,空换,B,2872.4000,2872.2000,2872.0000,2871.8000,2871.6000,2872.8000,2873.0000,2873.2000,2873.6000,2874.2000,2,3,1,1,1,2,3,5,2,8
SF,IH2006,2020-06-17 14:27:40.700,2872.4000,17649,0,14473989720.000,0,-,-,-,-,2872.4000,2872.2000,2872.0000,2871.8000,2871.6000,2872.8000,2873.0000,2873.2000,2873.6000,2874.2000,2,3,1,1,1,3,3,5,1,8
SF,IH2006,2020-06-17 14:27:41.200,2872.4000,17649,0,14473989720.000,0,-,-,-,-,2872.4000,2872.2000,2872.0000,2871.8000,2871.6000,2872.8000,2873.0000,2873.2000,2873.6000,2874.2000,2,3,1,1,1,4,2,5,1,8
SF,IH2006,2020-06-17 14:27:41.700,2872.4000,17649,0,14474851440.000,1,0,1,空换,B,2872.4000,2872.2000,2872.0000,2871.8000,2871.6000,2872.8000,2873.0000,2873.2000,2873.6000,2874.2000,1,3,1,1,1,4,2,5,1,8
SF,IH2006,2020-06-17 14:27:42.200,2872.4000,17649,0,14474851440.000,0,-,-,-,-,2872.2000,2872.0000,2871.8000,2871.6000,2871.4000,2872.8000,2873.0000,2873.2000,2873.6000,2874.2000,3,1,1,1,1,5,2,5,1,8
SF,IH2006,2020-06-17 14:27:42.700,2872.4000,17649,0,14474851440.000,0,-,-,-,-,2872.2000,2872.0000,2871.8000,2871.6000,2871.4000,2872.6000,2872.8000,2873.0000,2873.2000,2873.6000,7,1,1,1,1,8,5,2,5,1
SF,IH2006,2020-06-17 14:27:43.200,2872.4000,17649,0,14474851440.000,0,-,-,-,-,2872.2000,2872.0000,2871.8000,2871.6000,2871.4000,2872.4000,2872.6000,2872.8000,2873.0000,2873.2000,3,1,1,1,1,1,12,3,1,4
SF,IH2006,2020-06-17 14:27:43.700,2872.2000,17651,2,14477436420.000,3,2,1,多开,B,2872.0000,2871.8000,2871.6000,2871.4000,2871.2000,2872.2000,2872.4000,2872.6000,2872.8000,2873.0000,1,1,1,1,1,1,1,12,3,1
SF,IH2006,2020-06-17 14:27:44.200,2872.2000,17651,0,14477436420.000,0,-,-,-,-,2872.0000,2871.8000,2871.6000,2871.4000,2871.2000,2872.2000,2872.4000,2872.6000,2872.8000,2873.0000,1,1,1,1,1,2,1,10,3,1
SF,IH2006,2020-06-17 14:27:44.700,2872.0000,17651,0,14478298020.000,1,0,1,空换,B,2871.8000,2871.6000,2871.4000,2871.2000,2870.6000,2872.0000,2872.2000,2872.6000,2872.8000,2873.0000,1,1,1,1,2,1,4,9,3,1
SF,IH2006,2020-06-17 14:27:45.200,2872.0000,17652,1,14479159620.000,1,1,0,双开,B,2871.8000,2871.6000,2871.4000,2871.2000,2870.6000,2872.0000,2872.2000,2872.6000,2872.8000,2873.0000,1,1,1,1,2,1,3,9,3,1
SF,IH2006,2020-06-17 14:27:45.700,2872.0000,17652,0,14479159620.000,0,-,-,-,-,2871.8000,2871.6000,2871.4000,2871.2000,2870.6000,2872.0000,2872.2000,2872.6000,2872.8000,2873.0000,1,1,1,1,2,1,3,9,3,1
SF,IH2006,2020-06-17 14:27:46.200,2871.6000,17653,1,14480882640.000,2,1,1,多开,B,2871.4000,2871.2000,2870.6000,2870.4000,2870.2000,2872.0000,2872.2000,2872.6000,2872.8000,2873.0000,1,1,2,7,3,1,5,9,3,1
SF,IH2006,2020-06-17 14:27:46.700,2871.6000,17653,0,14480882640.000,0,-,-,-,-,2871.6000,2871.4000,2871.2000,2870.6000,2870.4000,2872.0000,2872.2000,2872.6000,2872.8000,2873.0000,4,1,1,2,7,2,4,9,3,1
SF,IH2006,2020-06-17 14:27:47.200,2871.6000,17653,0,14480882640.000,0,-,-,-,-,2871.6000,2871.4000,2871.2000,2870.6000,2870.4000,2872.0000,2872.2000,2872.6000,2872.8000,2873.0000,4,1,1,2,7,3,3,9,3,1
SF,IH2006,2020-06-17 14:27:47.700,2871.6000,17654,1,14481744120.000,1,1,0,双开,B,2871.6000,2871.4000,2871.2000,2870.6000,2870.4000,2872.0000,2872.2000,2872.6000,2872.8000,2873.0000,1,1,1,2,7,3,2,9,3,1
SF,IH2006,2020-06-17 14:27:48.200,2871.8000,17655,1,14483467260.000,2,1,1,多开,B,2871.8000,2871.6000,2871.4000,2871.2000,2870.6000,2872.0000,2872.2000,2872.6000,2872.8000,2873.0000,3,1,1,1,2,3,2,9,3,1
SF,IH2006,2020-06-17 14:27:48.700,2871.8000,17657,2,14485190340.000,2,2,0,双开,B,2871.6000,2871.4000,2871.2000,2870.6000,2870.4000,2871.8000,2872.0000,2872.2000,2872.6000,2872.8000,2,1,1,2,7,1,3,2,9,3
SF,IH2006,2020-06-17 14:27:49.200,2871.8000,17657,0,14485190340.000,0,-,-,-,-,2871.4000,2871.2000,2870.6000,2870.4000,2870.2000,2871.8000,2872.0000,2872.2000,2872.6000,2872.8000,1,1,2,7,3,1,3,2,9,2
SF,IH2006,2020-06-17 14:27:49.700,2871.8000,17657,0,14485190340.000,0,-,-,-,-,2871.4000,2871.2000,2870.6000,2870.4000,2870.2000,2871.8000,2872.0000,2872.2000,2872.6000,2872.8000,3,1,2,7,3,1,3,2,9,2
SF,IH2006,2020-06-17 14:27:50.200,2871.8000,17657,0,14485190340.000,0,-,-,-,-,2871.4000,2871.2000,2870.6000,2870.4000,2870.2000,2871.8000,2872.0000,2872.2000,2872.6000,2872.8000,3,2,3,7,4,1,3,2,10,2
SF,IH2006,2020-06-17 14:27:51.200,2871.8000,17657,0,14485190340.000,0,-,-,-,-,2871.4000,2871.2000,2870.6000,2870.4000,2870.2000,2871.8000,2872.0000,2872.2000,2872.6000,2872.8000,3,2,4,7,4,1,2,2,10,2
SF,IH2006,2020-06-17 14:27:52.200,2871.8000,17657,0,14485190340.000,0,-,-,-,-,2871.4000,2871.2000,2870.6000,2870.4000,2870.2000,2871.8000,2872.0000,2872.2000,2872.6000,2872.8000,4,1,4,7,4,1,2,2,10,2
SF,IH2006,2020-06-17 14:27:52.700,2871.4000,17656,-1,14486051760.000,1,0,1,双平,B,2871.4000,2871.2000,2870.6000,2870.4000,2870.2000,2871.8000,2872.0000,2872.2000,2872.6000,2872.8000,3,1,4,7,4,1,2,2,10,2
SF,IH2006,2020-06-17 14:27:53.200,2871.4000,17656,0,14486051760.000,0,-,-,-,-,2871.4000,2871.2000,2870.6000,2870.4000,2870.2000,2871.8000,2872.0000,2872.2000,2872.6000,2872.8000,2,1,4,7,4,2,2,2,10,2
SF,IH2006,2020-06-17 14:27:53.700,2871.4000,17656,0,14486051760.000,0,-,-,-,-,2871.4000,2871.2000,2870.6000,2870.4000,2870.2000,2871.6000,2871.8000,2872.0000,2872.2000,2872.6000,1,1,4,7,4,1,3,1,2,3
SF,IH2006,2020-06-17 14:27:54.200,2871.4000,17656,0,14486051760.000,0,-,-,-,-,2871.4000,2871.2000,2870.6000,2870.4000,2870.2000,2871.6000,2871.8000,2872.0000,2872.2000,2872.6000,3,1,4,7,4,2,3,1,2,3
SF,IH2006,2020-06-17 14:27:54.700,2871.6000,17657,1,14486913240.000,1,1,0,双开,B,2871.4000,2871.2000,2870.6000,2870.4000,2870.2000,2871.6000,2871.8000,2872.0000,2872.2000,2872.6000,1,1,4,7,4,1,3,1,2,3
SF,IH2006,2020-06-17 14:27:55.200,2871.2000,17658,1,14488636020.000,2,1,1,多开,B,2870.6000,2870.4000,2870.2000,2870.0000,2869.6000,2871.6000,2871.8000,2872.0000,2872.2000,2872.6000,4,7,4,1,1,1,3,1,2,3
SF,IH2006,2020-06-17 14:27:55.700,2871.2000,17658,0,14488636020.000,0,-,-,-,-,2871.0000,2870.8000,2870.6000,2870.4000,2870.2000,2871.2000,2871.6000,2871.8000,2872.0000,2872.2000,1,11,5,7,4,1,4,2,2,2
SF,IH2006,2020-06-17 14:27:56.200,2871.2000,17658,0,14489497380.000,1,0,1,空换,B,2871.2000,2871.0000,2870.8000,2870.6000,2870.4000,2871.6000,2871.8000,2872.0000,2872.2000,2872.6000,3,2,7,5,9,4,2,2,2,3
SF,IH2006,2020-06-17 14:27:56.700,2871.2000,17657,-1,14491220100.000,2,0,2,空平,B,2871.2000,2871.0000,2870.8000,2870.6000,2870.4000,2871.6000,2871.8000,2872.0000,2872.2000,2872.6000,1,1,7,5,9,4,2,2,1,3
SF,IH2006,2020-06-17 14:27:57.200,2871.2000,17657,0,14491220100.000,0,-,-,-,-,2871.2000,2871.0000,2870.8000,2870.6000,2870.4000,2871.6000,2871.8000,2872.0000,2872.2000,2872.6000,1,1,7,5,9,4,2,2,1,3
SF,IH2006,2020-06-17 14:27:57.700,2871.6000,17657,0,14492081580.000,1,0,1,空换,B,2871.2000,2871.0000,2870.8000,2870.6000,2870.4000,2871.6000,2871.8000,2872.0000,2872.2000,2872.6000,1,1,7,5,9,3,2,2,1,3
SF,IH2006,2020-06-17 14:27:58.200,2871.2000,17657,0,14492942940.000,1,0,1,空换,B,2871.2000,2870.8000,2870.6000,2870.4000,2870.2000,2871.6000,2871.8000,2872.0000,2872.2000,2872.6000,1,7,5,9,3,2,2,2,1,3
SF,IH2006,2020-06-17 14:27:58.700,2871.6000,17658,1,14494665900.000,2,1,1,多开,B,2871.2000,2870.8000,2870.6000,2870.4000,2870.2000,2871.8000,2872.0000,2872.2000,2872.6000,2872.8000,1,7,5,9,3,2,2,1,3,2
SF,IH2006,2020-06-17 14:27:59.200,2871.6000,17658,0,14494665900.000,0,-,-,-,-,2871.4000,2871.2000,2870.8000,2870.6000,2870.4000,2871.8000,2872.0000,2872.2000,2872.6000,2872.8000,1,1,6,5,9,2,2,1,3,2
SF,IH2006,2020-06-17 14:27:59.700,2871.6000,17658,0,14494665900.000,0,-,-,-,-,2871.4000,2871.2000,2870.8000,2870.6000,2870.4000,2871.8000,2872.0000,2872.2000,2872.6000,2872.8000,1,1,5,5,9,2,2,1,3,2
SF,IH2006,2020-06-17 14:28:00.200,2871.6000,17658,0,14494665900.000,0,-,-,-,-,2871.4000,2871.2000,2870.8000,2870.6000,2870.4000,2871.8000,2872.0000,2872.2000,2872.6000,2872.8000,1,1,5,5,9,2,3,1,3,2
SF,IH2006,2020-06-17 14:28:00.700,2871.6000,17658,0,14494665900.000,0,-,-,-,-,2871.6000,2871.4000,2871.2000,2870.8000,2870.6000,2871.8000,2872.0000,2872.2000,2872.6000,2872.8000,1,2,1,5,5,3,3,1,3,2
SF,IH2006,2020-06-17 14:28:01.200,2871.6000,17656,-2,14497250280.000,3,0,3,空平,B,2871.6000,2871.4000,2871.2000,2870.8000,2870.6000,2871.8000,2872.0000,2872.2000,2872.6000,2872.8000,2,1,2,3,5,3,4,1,3,2
SF,IH2006,2020-06-17 14:28:01.700,2871.6000,17656,0,14497250280.000,0,-,-,-,-,2871.6000,2871.4000,2871.2000,2870.8000,2870.6000,2871.8000,2872.0000,2872.2000,2872.6000,2872.8000,6,3,2,3,5,3,4,1,3,2
SF,IH2006,2020-06-17 14:28:02.200,2871.6000,17656,0,14497250280.000,0,-,-,-,-,2871.6000,2871.4000,2871.2000,2870.8000,2870.6000,2871.8000,2872.0000,2872.2000,2872.6000,2872.8000,6,3,2,3,5,2,4,1,3,2
SF,IH2006,2020-06-17 14:28:02.700,2871.6000,17654,-2,14499834720.000,3,0,3,空平,B,2871.6000,2871.4000,2871.2000,2870.8000,2870.6000,2871.8000,2872.0000,2872.2000,2872.6000,2872.8000,8,3,2,3,5,2,4,1,3,2
SF,IH2006,2020-06-17 14:28:03.200,2871.8000,17654,0,14501557800.000,2,1,1,空换,B,2871.8000,2871.6000,2871.4000,2871.2000,2870.8000,2872.0000,2872.2000,2872.6000,2872.8000,2873.0000,1,8,3,2,3,4,1,3,2,1
SF,IH2006,2020-06-17 14:28:03.700,2871.8000,17654,0,14502419340.000,1,0,1,空换,B,2871.6000,2871.4000,2871.2000,2870.8000,2870.6000,2872.0000,2872.2000,2872.6000,2872.8000,2873.0000,10,3,2,3,5,4,1,3,2,1
SF,IH2006,2020-06-17 14:28:04.200,2871.8000,17654,0,14502419340.000,0,-,-,-,-,2871.6000,2871.4000,2871.2000,2870.8000,2870.6000,2872.0000,2872.2000,2872.6000,2872.8000,2873.0000,10,3,2,3,5,4,1,3,2,1
SF,IH2006,2020-06-17 14:28:04.700,2871.8000,17654,0,14502419340.000,0,-,-,-,-,2871.6000,2871.4000,2871.2000,2870.8000,2870.6000,2872.0000,2872.2000,2872.6000,2872.8000,2873.0000,10,3,2,3,5,2,1,3,2,1
SF,IH2006,2020-06-17 14:28:05.200,2871.8000,17654,0,14502419340.000,0,-,-,-,-,2871.6000,2871.4000,2871.2000,2870.8000,2870.6000,2872.0000,2872.2000,2872.6000,2872.8000,2873.0000,10,3,2,3,5,3,1,3,2,1
SF,IH2006,2020-06-17 14:28:05.700,2871.8000,17654,0,14502419340.000,0,-,-,-,-,2871.6000,2871.4000,2871.2000,2870.8000,2870.6000,2872.0000,2872.2000,2872.6000,2872.8000,2873.0000,10,3,2,3,5,4,1,3,2,1
SF,IH2006,2020-06-17 14:28:07.200,2872.0000,17653,-1,14503280940.000,1,0,1,双平,B,2871.6000,2871.4000,2871.2000,2870.8000,2870.6000,2872.0000,2872.2000,2872.6000,2872.8000,2873.0000,10,3,2,3,5,3,1,3,2,1
SF,IH2006,2020-06-17 14:28:08.200,2872.0000,17653,0,14503280940.000,0,-,-,-,-,2871.6000,2871.4000,2871.2000,2870.8000,2870.6000,2872.0000,2872.2000,2872.6000,2872.8000,2873.0000,10,3,2,3,6,3,1,3,2,1
SF,IH2006,2020-06-17 14:28:08.700,2872.0000,17652,-1,14504142540.000,1,0,1,双平,B,2871.6000,2871.4000,2871.2000,2870.8000,2870.6000,2872.0000,2872.2000,2872.6000,2872.8000,2873.0000,10,3,2,3,6,2,1,3,2,1
SF,IH2006,2020-06-17 14:28:09.200,2872.0000,17652,0,14504142540.000,0,-,-,-,-,2871.6000,2871.4000,2871.2000,2870.8000,2870.6000,2872.0000,2872.2000,2872.6000,2872.8000,2873.2000,10,3,2,3,6,2,1,3,2,2
SF,IH2006,2020-06-17 14:28:09.700,2872.0000,17653,1,14505004140.000,1,1,0,双开,B,2871.6000,2871.4000,2871.2000,2870.8000,2870.6000,2872.0000,2872.2000,2872.6000,2872.8000,2873.2000,10,3,2,3,6,1,1,3,2,2
SF,IH2006,2020-06-17 14:28:10.200,2872.0000,17653,0,14505004140.000,0,-,-,-,-,2872.0000,2871.6000,2871.4000,2871.2000,2870.8000,2872.2000,2872.6000,2872.8000,2873.2000,2874.2000,1,11,3,2,3,1,3,2,2,6
SF,IH2006,2020-06-17 14:28:10.700,2872.0000,17653,0,14505865740.000,1,0,1,空换,B,2871.6000,2871.4000,2871.2000,2870.8000,2870.6000,2871.8000,2872.0000,2872.2000,2872.4000,2872.6000,12,3,2,3,6,2,3,1,2,3
SF,IH2006,2020-06-17 14:28:11.200,2872.0000,17654,1,14506727340.000,1,1,0,双开,B,2871.6000,2871.4000,2871.2000,2870.8000,2870.6000,2871.8000,2872.0000,2872.2000,2872.4000,2872.6000,12,2,2,3,6,1,3,2,1,3
SF,IH2006,2020-06-17 14:28:11.700,2871.8000,17653,-1,14507588880.000,1,0,1,双平,B,2871.6000,2871.4000,2871.2000,2870.8000,2870.6000,2872.0000,2872.2000,2872.4000,2872.6000,2872.8000,13,2,2,3,6,3,2,1,2,2
SF,IH2006,2020-06-17 14:28:12.200,2871.8000,17653,0,14507588880.000,0,-,-,-,-,2871.6000,2871.4000,2871.2000,2870.8000,2870.6000,2872.0000,2872.2000,2872.4000,2872.6000,2872.8000,13,2,2,3,6,4,2,1,2,2
SF,IH2006,2020-06-17 14:28:13.200,2872.0000,17652,-1,14508450480.000,1,0,1,双平,B,2871.6000,2871.4000,2871.2000,2870.8000,2870.6000,2872.0000,2872.2000,2872.4000,2872.6000,2872.8000,13,2,2,3,6,3,2,1,2,2
SF,IH2006,2020-06-17 14:28:13.700,2872.0000,17652,0,14508450480.000,0,-,-,-,-,2871.6000,2871.4000,2871.2000,2870.8000,2870.6000,2872.0000,2872.2000,2872.4000,2872.6000,2872.8000,13,2,2,3,6,3,2,1,2,2
SF,IH2006,2020-06-17 14:28:14.700,2872.0000,17650,-2,14511035280.000,3,0,3,空平,B,2871.6000,2871.4000,2871.2000,2870.8000,2870.6000,2872.2000,2872.4000,2872.6000,2872.8000,2873.2000,13,2,2,3,6,2,1,2,2,2
SF,IH2006,2020-06-17 14:28:15.200,2872.0000,17650,0,14511035280.000,0,-,-,-,-,2871.6000,2871.4000,2871.2000,2870.8000,2870.6000,2872.2000,2872.4000,2872.6000,2872.8000,2873.2000,14,2,2,3,6,4,1,2,2,2
SF,IH2006,2020-06-17 14:28:16.200,2872.0000,17650,0,14511035280.000,0,-,-,-,-,2871.6000,2871.4000,2871.2000,2870.8000,2870.6000,2872.2000,2872.4000,2872.6000,2872.8000,2873.2000,14,3,1,3,6,4,1,2,2,2
SF,IH2006,2020-06-17 14:28:16.700,2872.0000,17650,0,14511035280.000,0,-,-,-,-,2871.6000,2871.4000,2871.2000,2870.8000,2870.6000,2872.2000,2872.4000,2872.6000,2872.8000,2873.2000,14,3,1,3,6,4,1,2,2,2
SF,IH2006,2020-06-17 14:28:17.200,2872.0000,17650,0,14511035280.000,0,-,-,-,-,2871.6000,2871.4000,2871.2000,2870.8000,2870.6000,2872.0000,2872.2000,2872.4000,2872.6000,2872.8000,13,3,1,3,6,1,4,2,2,2
SF,IH2006,2020-06-17 14:28:17.700,2872.0000,17650,0,14511035280.000,0,-,-,-,-,2871.6000,2871.4000,2871.2000,2870.8000,2870.6000,2872.0000,2872.2000,2872.4000,2872.6000,2872.8000,13,3,1,3,6,3,4,2,2,1
SF,IH2006,2020-06-17 14:28:18.200,2872.0000,17650,0,14511896880.000,1,0,1,空换,B,2871.6000,2871.4000,2871.2000,2870.8000,2870.6000,2872.0000,2872.2000,2872.4000,2872.6000,2872.8000,13,3,1,3,6,2,4,2,2,1
SF,IH2006,2020-06-17 14:28:20.700,2872.0000,17650,0,14511896880.000,0,-,-,-,-,2871.6000,2871.4000,2871.2000,2870.8000,2870.6000,2872.0000,2872.2000,2872.4000,2872.6000,2872.8000,13,3,1,3,6,2,4,18,2,1
SF,IH2006,2020-06-17 14:28:21.200,2871.6000,17651,1,14516204280.000,5,3,2,多开,B,2871.8000,2871.6000,2871.4000,2871.2000,2870.8000,2872.0000,2872.2000,2872.4000,2872.6000,2872.8000,1,8,3,1,3,2,4,18,2,1
SF,IH2006,2020-06-17 14:28:21.700,2871.8000,17652,1,14517065820.000,1,1,0,双开,B,2871.8000,2871.6000,2871.4000,2871.2000,2870.8000,2872.0000,2872.2000,2872.4000,2872.6000,2872.8000,1,7,3,1,3,1,3,18,1,1
SF,IH2006,2020-06-17 14:28:22.200,2871.8000,17653,1,14518788900.000,2,1,1,多开,B,2871.6000,2871.4000,2871.2000,2870.8000,2870.6000,2872.0000,2872.2000,2872.4000,2872.6000,2872.8000,7,3,1,3,6,1,3,18,1,1
SF,IH2006,2020-06-17 14:28:23.200,2872.0000,17654,1,14519650500.000,1,1,0,双开,B,2871.6000,2871.4000,2871.2000,2870.8000,2870.6000,2872.2000,2872.4000,2872.6000,2872.8000,2873.2000,7,3,1,3,6,3,18,1,1,2
SF,IH2006,2020-06-17 14:28:23.700,2872.0000,17654,0,14519650500.000,0,-,-,-,-,2871.8000,2871.6000,2871.4000,2871.2000,2870.8000,2872.0000,2872.2000,2872.4000,2872.6000,2872.8000,1,6,3,1,3,1,3,18,1,1
SF,IH2006,2020-06-17 14:28:24.200,2871.8000,17655,1,14520512040.000,1,1,0,双开,B,2871.6000,2871.4000,2871.2000,2870.8000,2870.6000,2872.0000,2872.2000,2872.4000,2872.6000,2872.8000,6,3,1,3,6,2,3,18,1,1
SF,IH2006,2020-06-17 14:28:25.200,2871.8000,17655,0,14520512040.000,0,-,-,-,-,2871.8000,2871.6000,2871.4000,2871.2000,2870.8000,2872.0000,2872.2000,2872.4000,2872.6000,2872.8000,5,6,3,1,3,2,3,18,2,1
SF,IH2006,2020-06-17 14:28:25.700,2871.8000,17656,1,14521373580.000,1,1,0,双开,B,2871.8000,2871.6000,2871.4000,2871.2000,2870.8000,2872.0000,2872.2000,2872.4000,2872.6000,2872.8000,4,6,3,1,3,2,3,18,2,1
SF,IH2006,2020-06-17 14:28:26.200,2871.6000,17660,4,14527404240.000,7,5,2,多开,B,2871.6000,2871.4000,2871.2000,2870.8000,2870.6000,2871.8000,2872.0000,2872.2000,2872.4000,2872.6000,4,3,1,3,6,2,5,3,18,2
SF,IH2006,2020-06-17 14:28:26.700,2871.6000,17661,1,14530850160.000,4,2,2,多开,B,2871.4000,2871.2000,2870.8000,2870.6000,2870.4000,2871.8000,2872.0000,2872.2000,2872.4000,2872.6000,3,1,3,6,9,2,4,3,18,2
SF,IH2006,2020-06-17 14:28:27.200,2871.8000,17662,1,14532573120.000,2,1,1,多开,B,2871.4000,2871.2000,2870.8000,2870.6000,2870.4000,2871.8000,2872.0000,2872.2000,2872.4000,2872.6000,2,1,3,6,9,1,3,3,18,2
SF,IH2006,2020-06-17 14:28:27.700,2871.8000,17662,0,14532573120.000,0,-,-,-,-,2871.6000,2871.4000,2871.2000,2870.8000,2870.6000,2871.8000,2872.0000,2872.2000,2872.4000,2872.6000,4,3,1,3,6,1,3,3,18,2
SF,IH2006,2020-06-17 14:28:28.200,2871.8000,17662,0,14533434660.000,1,0,1,空换,B,2871.6000,2871.4000,2871.2000,2871.0000,2870.8000,2872.0000,2872.2000,2872.4000,2872.6000,2872.8000,4,3,1,1,3,3,3,18,2,1
SF,IH2006,2020-06-17 14:28:28.700,2871.8000,17662,0,14533434660.000,0,-,-,-,-,2871.6000,2871.4000,2871.2000,2871.0000,2870.8000,2871.8000,2872.0000,2872.2000,2872.4000,2872.6000,4,3,1,1,3,1,3,3,18,2
SF,IH2006,2020-06-17 14:28:30.700,2871.8000,17662,0,14533434660.000,0,-,-,-,-,2871.6000,2871.4000,2871.2000,2871.0000,2870.8000,2871.8000,2872.0000,2872.2000,2872.4000,2872.6000,5,3,1,1,3,1,3,3,18,2
SF,IH2006,2020-06-17 14:28:31.200,2871.8000,17663,1,14534296200.000,1,1,0,双开,B,2871.6000,2871.4000,2871.2000,2871.0000,2870.8000,2872.0000,2872.2000,2872.4000,2872.6000,2872.8000,3,3,1,1,3,3,3,18,2,1
SF,IH2006,2020-06-17 14:28:32.700,2871.6000,17663,0,14535157680.000,1,0,1,空换,B,2871.6000,2871.4000,2871.2000,2871.0000,2870.8000,2872.0000,2872.2000,2872.4000,2872.6000,2872.8000,2,3,1,1,3,3,3,18,2,1
SF,IH2006,2020-06-17 14:28:33.200,2872.0000,17663,0,14537742240.000,3,1,2,空换,B,2871.4000,2871.2000,2871.0000,2870.8000,2870.6000,2872.0000,2872.2000,2872.4000,2872.6000,2872.8000,4,2,1,3,6,2,3,18,2,1
SF,IH2006,2020-06-17 14:28:34.700,2872.0000,17663,0,14537742240.000,0,-,-,-,-,2871.4000,2871.2000,2871.0000,2870.8000,2870.6000,2871.8000,2872.0000,2872.2000,2872.4000,2872.6000,4,2,1,3,6,5,2,4,18,2
SF,IH2006,2020-06-17 14:28:35.200,2872.0000,17663,0,14537742240.000,0,-,-,-,-,2871.4000,2871.2000,2871.0000,2870.8000,2870.6000,2871.8000,2872.0000,2872.2000,2872.4000,2872.6000,4,2,1,3,6,6,2,4,18,2
SF,IH2006,2020-06-17 14:28:35.700,2872.0000,17663,0,14537742240.000,0,-,-,-,-,2871.4000,2871.2000,2871.0000,2870.8000,2870.6000,2871.8000,2872.0000,2872.2000,2872.4000,2872.6000,4,2,1,3,6,6,2,4,18,2
SF,IH2006,2020-06-17 14:28:36.700,2872.0000,17663,0,14537742240.000,0,-,-,-,-,2871.4000,2871.2000,2870.8000,2870.6000,2870.4000,2871.8000,2872.0000,2872.2000,2872.4000,2872.6000,4,2,3,6,9,6,2,4,18,2
SF,IH2006,2020-06-17 14:28:37.200,2871.4000,17663,0,14542049460.000,5,2,3,空换,B,2871.2000,2870.8000,2870.6000,2870.4000,2870.2000,2871.4000,2871.8000,2872.0000,2872.2000,2872.4000,2,3,6,9,3,4,5,2,4,18
SF,IH2006,2020-06-17 14:28:37.700,2871.4000,17664,1,14542910880.000,1,1,0,双开,B,2871.2000,2870.8000,2870.6000,2870.4000,2870.2000,2871.4000,2871.8000,2872.0000,2872.2000,2872.4000,1,3,6,9,4,3,5,2,4,18
SF,IH2006,2020-06-17 14:28:38.700,2871.4000,17664,0,14543772300.000,1,0,1,空换,B,2871.2000,2870.8000,2870.6000,2870.4000,2870.2000,2871.4000,2871.8000,2872.0000,2872.2000,2872.4000,1,3,6,9,4,2,5,2,4,18
SF,IH2006,2020-06-17 14:28:40.200,2871.4000,17664,0,14544633720.000,1,0,1,空换,B,2871.2000,2870.8000,2870.6000,2870.4000,2870.2000,2871.4000,2871.8000,2872.0000,2872.2000,2872.4000,1,3,6,9,4,1,5,2,4,18
SF,IH2006,2020-06-17 14:28:40.700,2871.4000,17665,1,14545495140.000,1,1,0,双开,B,2871.2000,2870.8000,2870.6000,2870.4000,2870.2000,2871.8000,2872.0000,2872.2000,2872.4000,2872.6000,1,3,6,9,5,5,2,4,18,2
SF,IH2006,2020-06-17 14:28:41.200,2871.4000,17665,0,14545495140.000,0,-,-,-,-,2871.4000,2871.2000,2870.8000,2870.6000,2870.4000,2871.6000,2871.8000,2872.0000,2872.2000,2872.4000,1,1,3,6,9,1,7,2,4,18
SF,IH2006,2020-06-17 14:28:41.700,2871.4000,17665,0,14545495140.000,0,-,-,-,-,2871.4000,2871.2000,2870.8000,2870.6000,2870.4000,2871.6000,2871.8000,2872.0000,2872.2000,2872.4000,1,1,3,6,9,1,7,2,4,18
SF,IH2006,2020-06-17 14:28:42.200,2871.4000,17665,0,14546356560.000,1,0,1,空换,B,2871.2000,2870.8000,2870.6000,2870.4000,2870.2000,2871.6000,2871.8000,2872.0000,2872.2000,2872.4000,1,3,6,9,5,3,7,2,3,18
SF,IH2006,2020-06-17 14:28:42.700,2871.4000,17665,0,14546356560.000,0,-,-,-,-,2871.2000,2870.8000,2870.6000,2870.4000,2870.2000,2871.4000,2871.6000,2871.8000,2872.0000,2872.2000,1,3,6,9,5,8,3,7,2,3
SF,IH2006,2020-06-17 14:28:43.200,2871.4000,17665,0,14546356560.000,0,-,-,-,-,2871.2000,2870.8000,2870.6000,2870.4000,2870.2000,2871.4000,2871.6000,2871.8000,2872.0000,2872.2000,1,3,6,9,5,9,2,6,2,3
SF,IH2006,2020-06-17 14:28:44.200,2871.4000,17665,0,14547217980.000,1,0,1,空换,B,2871.2000,2870.8000,2870.6000,2870.4000,2870.2000,2871.4000,2871.6000,2871.8000,2872.0000,2872.2000,1,3,6,9,5,8,2,6,2,3
SF,IH2006,2020-06-17 14:28:44.700,2871.4000,17667,2,14548940760.000,2,2,0,双开,B,2870.8000,2870.6000,2870.4000,2870.2000,2870.0000,2871.4000,2871.6000,2871.8000,2872.0000,2872.2000,3,6,9,5,3,7,2,5,2,3
SF,IH2006,2020-06-17 14:28:45.200,2871.4000,17667,0,14548940760.000,0,-,-,-,-,2871.0000,2870.8000,2870.6000,2870.4000,2870.2000,2871.4000,2871.6000,2871.8000,2872.0000,2872.2000,6,4,6,9,5,7,2,5,2,3
SF,IH2006,2020-06-17 14:28:46.200,2871.4000,17667,0,14549802180.000,1,0,1,空换,B,2871.0000,2870.8000,2870.6000,2870.4000,2870.2000,2871.4000,2871.6000,2871.8000,2872.0000,2872.2000,6,4,6,9,5,6,2,5,2,3
SF,IH2006,2020-06-17 14:28:46.700,2871.4000,17667,0,14549802180.000,0,-,-,-,-,2871.0000,2870.8000,2870.6000,2870.4000,2870.2000,2871.4000,2871.6000,2871.8000,2872.0000,2872.2000,6,4,6,9,4,7,2,5,2,3
SF,IH2006,2020-06-17 14:28:47.200,2871.4000,17667,0,14549802180.000,0,-,-,-,-,2871.0000,2870.8000,2870.6000,2870.4000,2870.2000,2871.4000,2871.6000,2871.8000,2872.0000,2872.2000,6,4,6,9,3,7,2,5,2,3
SF,IH2006,2020-06-17 14:28:47.700,2871.0000,17667,0,14550663480.000,1,0,1,空换,B,2871.0000,2870.8000,2870.6000,2870.4000,2870.2000,2871.4000,2871.6000,2871.8000,2872.0000,2872.2000,5,4,6,9,3,7,2,5,2,3
SF,IH2006,2020-06-17 14:28:48.200,2871.4000,17667,0,14551524900.000,1,0,1,空换,B,2871.0000,2870.8000,2870.6000,2870.4000,2870.2000,2871.4000,2871.6000,2871.8000,2872.0000,2872.2000,4,4,6,9,3,10,2,5,2,3
SF,IH2006,2020-06-17 14:28:48.700,2871.4000,17667,0,14551524900.000,0,-,-,-,-,2871.0000,2870.8000,2870.6000,2870.4000,2870.2000,2871.4000,2871.6000,2871.8000,2872.0000,2872.2000,4,4,6,9,3,11,2,5,2,3
SF,IH2006,2020-06-17 14:28:49.200,2871.4000,17667,0,14551524900.000,0,-,-,-,-,2871.0000,2870.8000,2870.6000,2870.4000,2870.2000,2871.2000,2871.4000,2871.6000,2871.8000,2872.0000,4,4,6,9,3,1,11,2,5,2
SF,IH2006,2020-06-17 14:28:49.700,2871.4000,17667,0,14551524900.000,0,-,-,-,-,2871.0000,2870.8000,2870.6000,2870.4000,2870.2000,2871.2000,2871.4000,2871.6000,2871.8000,2872.0000,3,4,6,9,3,2,10,2,5,2
SF,IH2006,2020-06-17 14:28:50.200,2871.2000,17669,2,14554108920.000,3,2,1,多开,B,2871.0000,2870.8000,2870.6000,2870.4000,2870.2000,2871.4000,2871.6000,2871.8000,2872.0000,2872.2000,2,4,6,9,3,10,2,5,2,3
SF,IH2006,2020-06-17 14:28:50.700,2871.2000,17670,1,14555831580.000,2,1,1,多开,B,2870.8000,2870.6000,2870.4000,2870.2000,2870.0000,2871.4000,2871.6000,2871.8000,2872.0000,2872.2000,4,6,9,4,3,10,2,5,2,3
SF,IH2006,2020-06-17 14:28:51.200,2871.2000,17669,-1,14557554300.000,2,0,2,空平,B,2870.8000,2870.6000,2870.4000,2870.2000,2870.0000,2871.2000,2871.4000,2871.6000,2871.8000,2872.0000,3,6,9,4,3,6,11,2,4,2
SF,IH2006,2020-06-17 14:28:51.700,2871.2000,17669,0,14557554300.000,0,-,-,-,-,2871.0000,2870.8000,2870.6000,2870.4000,2870.2000,2871.2000,2871.4000,2871.6000,2871.8000,2872.0000,1,1,5,9,4,8,11,2,4,2
SF,IH2006,2020-06-17 14:28:52.200,2871.0000,17670,1,14558415600.000,1,1,0,双开,B,2870.8000,2870.6000,2870.4000,2870.2000,2870.0000,2871.0000,2871.2000,2871.4000,2871.6000,2871.8000,1,5,9,4,3,1,8,10,2,4
SF,IH2006,2020-06-17 14:28:52.700,2871.0000,17672,2,14560999440.000,3,2,1,多开,B,2870.6000,2870.4000,2870.2000,2870.0000,2869.6000,2871.0000,2871.2000,2871.4000,2871.6000,2871.8000,5,9,4,3,2,1,2,10,2,4
SF,IH2006,2020-06-17 14:28:53.200,2871.0000,17672,0,14561860740.000,1,0,1,空换,B,2871.0000,2870.6000,2870.4000,2870.2000,2870.0000,2871.2000,2871.4000,2871.6000,2871.8000,2872.0000,1,5,9,4,3,2,10,2,4,2
SF,IH2006,2020-06-17 14:28:53.700,2871.0000,17671,-1,14562722040.000,1,0,1,双平,B,2870.6000,2870.4000,2870.2000,2870.0000,2869.6000,2870.8000,2871.2000,2871.4000,2871.6000,2871.8000,5,9,3,3,2,2,8,10,2,4
SF,IH2006,2020-06-17 14:28:54.200,2871.0000,17671,0,14562722040.000,0,-,-,-,-,2870.6000,2870.4000,2870.2000,2870.0000,2869.6000,2870.8000,2871.2000,2871.4000,2871.6000,2871.8000,5,9,4,3,2,2,8,10,2,4
SF,IH2006,2020-06-17 14:28:54.700,2870.8000,17671,0,14564444520.000,2,1,1,空换,B,2870.8000,2870.6000,2870.4000,2870.2000,2870.0000,2871.2000,2871.4000,2871.6000,2871.8000,2872.0000,1,7,9,4,4,7,10,2,4,2
SF,IH2006,2020-06-17 14:28:55.200,2870.6000,17671,0,14567889540.000,4,2,2,空换,B,2870.6000,2870.4000,2870.2000,2870.0000,2869.6000,2871.2000,2871.4000,2871.6000,2871.8000,2872.0000,7,9,4,4,3,5,10,2,4,2
SF,IH2006,2020-06-17 14:28:55.700,2871.2000,17672,1,14568750900.000,1,1,0,双开,B,2870.6000,2870.4000,2870.2000,2870.0000,2869.6000,2871.2000,2871.4000,2871.6000,2871.8000,2872.0000,10,9,4,4,2,4,11,2,4,2
SF,IH2006,2020-06-17 14:28:56.200,2870.8000,17672,0,14569612140.000,1,0,1,空换,B,2870.6000,2870.4000,2870.2000,2870.0000,2869.6000,2871.2000,2871.4000,2871.6000,2871.8000,2872.0000,8,9,4,4,2,4,11,2,4,2
SF,IH2006,2020-06-17 14:28:56.700,2870.8000,17672,0,14569612140.000,0,-,-,-,-,2870.6000,2870.4000,2870.2000,2870.0000,2869.6000,2871.2000,2871.4000,2871.6000,2871.8000,2872.0000,9,9,4,4,2,4,11,2,4,2
SF,IH2006,2020-06-17 14:28:57.700,2870.6000,17671,-1,14573056860.000,4,1,3,空平,B,2870.6000,2870.4000,2870.2000,2870.0000,2869.6000,2871.2000,2871.4000,2871.6000,2871.8000,2872.0000,5,9,4,4,2,4,11,2,4,2
SF,IH2006,2020-06-17 14:28:58.200,2870.6000,17671,0,14573056860.000,0,-,-,-,-,2870.6000,2870.4000,2870.2000,2870.0000,2869.6000,2871.2000,2871.4000,2871.6000,2871.8000,2872.0000,5,9,4,4,3,4,11,2,4,2
SF,IH2006,2020-06-17 14:28:58.700,2870.6000,17671,0,14573056860.000,0,-,-,-,-,2870.6000,2870.4000,2870.2000,2870.0000,2869.6000,2871.0000,2871.2000,2871.4000,2871.6000,2871.8000,5,9,4,4,3,2,4,11,2,4
SF,IH2006,2020-06-17 14:28:59.200,2870.6000,17671,0,14573056860.000,0,-,-,-,-,2870.8000,2870.6000,2870.4000,2870.2000,2870.0000,2871.0000,2871.2000,2871.4000,2871.6000,2871.8000,1,5,9,4,4,2,4,11,2,4
SF,IH2006,2020-06-17 14:28:59.700,2870.6000,17671,0,14577363000.000,5,2,3,空换,B,2870.6000,2870.4000,2870.2000,2870.0000,2869.6000,2871.2000,2871.4000,2871.6000,2871.8000,2872.0000,2,9,4,4,3,4,11,2,4,3
SF,IH2006,2020-06-17 14:29:01.200,2870.6000,17672,1,14578224180.000,1,1,0,双开,B,2870.8000,2870.6000,2870.4000,2870.2000,2870.0000,2871.2000,2871.4000,2871.6000,2871.8000,2872.0000,1,2,9,4,4,4,11,2,4,3
SF,IH2006,2020-06-17 14:29:01.700,2871.2000,17672,0,14579085540.000,1,0,1,空换,B,2870.8000,2870.6000,2870.4000,2870.2000,2870.0000,2871.2000,2871.4000,2871.6000,2871.8000,2872.0000,1,2,9,4,3,3,11,2,4,3
SF,IH2006,2020-06-17 14:29:02.200,2871.2000,17672,0,14580808260.000,2,1,1,空换,B,2870.6000,2870.4000,2870.2000,2870.0000,2869.6000,2871.0000,2871.2000,2871.4000,2871.6000,2871.8000,2,9,4,3,3,1,1,11,2,4
SF,IH2006,2020-06-17 14:29:02.700,2871.2000,17672,0,14580808260.000,0,-,-,-,-,2870.6000,2870.4000,2870.2000,2870.0000,2869.6000,2871.2000,2871.4000,2871.6000,2871.8000,2872.0000,2,9,4,4,3,1,11,2,4,3
SF,IH2006,2020-06-17 14:29:03.200,2871.2000,17672,0,14581669620.000,1,0,1,空换,B,2870.8000,2870.6000,2870.4000,2870.2000,2870.0000,2871.4000,2871.6000,2871.8000,2872.0000,2872.2000,1,4,9,4,4,11,2,4,3,3
SF,IH2006,2020-06-17 14:29:03.700,2871.2000,17672,0,14581669620.000,0,-,-,-,-,2870.8000,2870.6000,2870.4000,2870.2000,2870.0000,2871.4000,2871.6000,2871.8000,2872.0000,2872.2000,1,5,9,4,4,12,3,4,3,3
SF,IH2006,2020-06-17 14:29:04.200,2871.2000,17672,0,14581669620.000,0,-,-,-,-,2870.8000,2870.6000,2870.4000,2870.2000,2870.0000,2871.4000,2871.6000,2871.8000,2872.0000,2872.2000,1,5,9,4,4,12,3,4,3,3
SF,IH2006,2020-06-17 14:29:04.700,2871.2000,17672,0,14581669620.000,0,-,-,-,-,2870.8000,2870.6000,2870.4000,2870.2000,2870.0000,2871.4000,2871.6000,2871.8000,2872.0000,2872.2000,2,5,9,4,4,12,3,4,3,3
SF,IH2006,2020-06-17 14:29:05.200,2871.2000,17672,0,14581669620.000,0,-,-,-,-,2871.2000,2870.8000,2870.6000,2870.4000,2870.2000,2871.4000,2871.6000,2871.8000,2872.0000,2872.2000,1,2,5,9,4,11,3,4,3,3
SF,IH2006,2020-06-17 14:29:05.700,2871.2000,17673,1,14582530980.000,1,1,0,双开,B,2870.8000,2870.6000,2870.4000,2870.2000,2870.0000,2871.2000,2871.4000,2871.6000,2871.8000,2872.0000,2,5,9,3,4,6,12,3,4,3
SF,IH2006,2020-06-17 14:29:06.200,2871.2000,17675,2,14584253700.000,2,2,0,双开,B,2870.8000,2870.6000,2870.4000,2870.2000,2870.0000,2871.2000,2871.4000,2871.6000,2871.8000,2872.0000,2,3,9,3,4,2,11,3,4,3
SF,IH2006,2020-06-17 14:29:06.700,2871.2000,17675,0,14584253700.000,0,-,-,-,-,2871.0000,2870.8000,2870.6000,2870.4000,2870.2000,2871.4000,2871.6000,2871.8000,2872.0000,2872.2000,1,3,3,9,3,11,3,4,3,2
SF,IH2006,2020-06-17 14:29:07.200,2871.2000,17675,0,14584253700.000,0,-,-,-,-,2871.0000,2870.8000,2870.6000,2870.4000,2870.2000,2871.4000,2871.6000,2871.8000,2872.0000,2872.2000,4,3,3,9,3,10,3,4,3,2
SF,IH2006,2020-06-17 14:29:07.700,2871.4000,17677,2,14585976540.000,2,2,0,双开,B,2871.2000,2871.0000,2870.8000,2870.6000,2870.4000,2871.4000,2871.6000,2871.8000,2872.0000,2872.2000,1,5,3,3,9,8,2,4,3,2
SF,IH2006,2020-06-17 14:29:08.200,2871.0000,17678,1,14589422040.000,4,2,2,多开,B,2871.0000,2870.8000,2870.6000,2870.4000,2870.2000,2871.4000,2871.6000,2871.8000,2872.0000,2872.2000,4,3,3,9,3,6,2,4,3,2
SF,IH2006,2020-06-17 14:29:09.200,2871.0000,17678,0,14589422040.000,0,-,-,-,-,2871.2000,2871.0000,2870.8000,2870.6000,2870.4000,2871.4000,2871.6000,2871.8000,2872.0000,2872.2000,1,4,3,3,9,6,2,4,3,2
SF,IH2006,2020-06-17 14:29:09.700,2871.4000,17678,0,14592006300.000,3,1,2,空换,B,2871.2000,2871.0000,2870.8000,2870.6000,2870.4000,2871.4000,2871.6000,2871.8000,2872.0000,2872.2000,2,4,3,3,9,3,2,4,3,2
SF,IH2006,2020-06-17 14:29:10.200,2871.6000,17680,2,14596313520.000,5,3,2,多开,B,2871.4000,2871.2000,2871.0000,2870.8000,2870.6000,2871.8000,2872.0000,2872.2000,2872.4000,2872.6000,7,2,3,2,3,4,3,2,18,3
SF,IH2006,2020-06-17 14:29:10.700,2871.6000,17680,0,14596313520.000,0,-,-,-,-,2871.4000,2871.2000,2871.0000,2870.8000,2870.6000,2871.8000,2872.0000,2872.2000,2872.4000,2872.6000,5,2,3,2,3,4,2,2,18,3
SF,IH2006,2020-06-17 14:29:11.700,2871.4000,17680,0,14597174940.000,1,0,1,空换,B,2871.4000,2871.2000,2871.0000,2870.8000,2870.6000,2871.8000,2872.0000,2872.2000,2872.4000,2872.6000,5,2,3,2,3,4,2,1,18,2
SF,IH2006,2020-06-17 14:29:12.200,2871.4000,17680,0,14597174940.000,0,-,-,-,-,2871.6000,2871.4000,2871.2000,2871.0000,2870.8000,2871.8000,2872.0000,2872.2000,2872.4000,2872.6000,1,5,1,3,2,4,2,1,18,2
SF,IH2006,2020-06-17 14:29:12.700,2871.4000,17680,0,14597174940.000,0,-,-,-,-,2871.6000,2871.4000,2871.2000,2871.0000,2870.8000,2871.8000,2872.0000,2872.2000,2872.4000,2872.6000,1,6,1,3,1,4,2,1,18,2
SF,IH2006,2020-06-17 14:29:13.200,2871.6000,17681,1,14598036420.000,1,1,0,双开,B,2871.4000,2871.2000,2871.0000,2870.8000,2870.6000,2871.6000,2871.8000,2872.0000,2872.2000,2872.4000,6,1,3,1,3,1,4,2,1,18
SF,IH2006,2020-06-17 14:29:13.700,2871.6000,17682,1,14598897900.000,1,1,0,双开,B,2871.4000,2871.2000,2871.0000,2870.8000,2870.6000,2871.8000,2872.0000,2872.2000,2872.4000,2872.6000,5,1,3,1,3,4,2,1,18,2
SF,IH2006,2020-06-17 14:29:14.200,2871.8000,17682,0,14599759440.000,1,0,1,空换,B,2871.4000,2871.2000,2871.0000,2870.8000,2870.6000,2871.8000,2872.0000,2872.2000,2872.4000,2872.6000,5,1,3,1,3,3,2,1,18,2
SF,IH2006,2020-06-17 14:29:14.700,2871.4000,17684,2,14602343820.000,3,2,1,多开,B,2871.4000,2871.2000,2871.0000,2870.8000,2870.6000,2871.8000,2872.0000,2872.2000,2872.4000,2872.6000,2,1,3,1,3,2,2,1,18,2
SF,IH2006,2020-06-17 14:29:15.200,2871.4000,17684,0,14602343820.000,0,-,-,-,-,2871.4000,2871.2000,2871.0000,2870.8000,2870.6000,2871.6000,2871.8000,2872.0000,2872.2000,2872.4000,2,1,3,1,3,1,2,2,1,18
SF,IH2006,2020-06-17 14:29:16.200,2871.6000,17684,0,14603205300.000,1,0,1,空换,B,2871.4000,2871.2000,2871.0000,2870.8000,2870.6000,2871.8000,2872.0000,2872.2000,2872.4000,2872.6000,2,1,3,1,3,2,2,1,18,2
SF,IH2006,2020-06-17 14:29:16.700,2871.6000,17684,0,14603205300.000,0,-,-,-,-,2871.4000,2871.2000,2871.0000,2870.8000,2870.6000,2871.8000,2872.0000,2872.2000,2872.4000,2872.6000,1,1,3,1,3,2,2,1,18,2
SF,IH2006,2020-06-17 14:29:17.200,2871.4000,17683,-1,14604066720.000,1,0,1,双平,B,2871.2000,2871.0000,2870.8000,2870.6000,2870.4000,2871.8000,2872.0000,2872.2000,2872.4000,2872.6000,1,3,1,3,9,2,2,1,18,2
SF,IH2006,2020-06-17 14:29:17.700,2871.4000,17683,0,14604066720.000,0,-,-,-,-,2871.2000,2871.0000,2870.8000,2870.6000,2870.4000,2871.8000,2872.0000,2872.2000,2872.4000,2872.6000,2,3,1,3,9,2,2,1,18,2
SF,IH2006,2020-06-17 14:29:18.200,2871.8000,17681,-2,14605789800.000,2,0,2,双平,B,2871.8000,2871.6000,2871.2000,2871.0000,2870.8000,2872.0000,2872.2000,2872.4000,2872.6000,2872.8000,1,1,2,3,2,2,1,18,2,2
SF,IH2006,2020-06-17 14:29:18.700,2871.2000,17683,2,14608374180.000,3,2,1,多开,B,2871.2000,2871.0000,2870.8000,2870.6000,2870.4000,2871.8000,2872.0000,2872.2000,2872.4000,2872.6000,1,3,2,2,9,2,2,1,18,2
SF,IH2006,2020-06-17 14:29:19.200,2871.2000,17683,0,14608374180.000,0,-,-,-,-,2871.4000,2871.2000,2871.0000,2870.8000,2870.6000,2872.0000,2872.2000,2872.4000,2872.6000,2872.8000,6,1,3,2,2,2,1,18,2,2
SF,IH2006,2020-06-17 14:29:19.700,2872.0000,17682,-1,14609235780.000,1,0,1,双平,B,2871.6000,2871.4000,2871.0000,2870.8000,2870.6000,2872.0000,2872.2000,2872.4000,2872.6000,2872.8000,1,6,3,2,2,1,1,18,2,2
SF,IH2006,2020-06-17 14:29:20.200,2872.0000,17682,0,14609235780.000,0,-,-,-,-,2871.8000,2871.6000,2871.4000,2871.0000,2870.8000,2872.0000,2872.2000,2872.4000,2872.6000,2872.8000,1,1,6,3,2,1,1,18,2,2
SF,IH2006,2020-06-17 14:29:20.700,2871.4000,17684,2,14611820220.000,3,2,1,多开,B,2871.4000,2871.0000,2870.8000,2870.6000,2870.4000,2872.0000,2872.2000,2872.4000,2872.6000,2872.8000,5,3,2,2,9,1,1,18,2,2
SF,IH2006,2020-06-17 14:29:21.200,2871.4000,17684,0,14611820220.000,0,-,-,-,-,2871.4000,2871.0000,2870.8000,2870.6000,2870.4000,2872.0000,2872.2000,2872.4000,2872.6000,2872.8000,5,3,2,2,9,2,1,18,2,2
SF,IH2006,2020-06-17 14:29:21.700,2871.4000,17684,0,14611820220.000,0,-,-,-,-,2871.4000,2871.0000,2870.8000,2870.6000,2870.4000,2871.8000,2872.0000,2872.2000,2872.4000,2872.6000,5,3,2,2,9,1,2,1,18,2
SF,IH2006,2020-06-17 14:29:22.200,2871.4000,17684,0,14611820220.000,0,-,-,-,-,2871.4000,2871.0000,2870.8000,2870.6000,2870.4000,2871.8000,2872.0000,2872.2000,2872.4000,2872.6000,4,3,2,2,9,1,2,1,18,2
SF,IH2006,2020-06-17 14:29:23.200,2871.4000,17686,2,14613543060.000,2,2,0,双开,B,2871.4000,2871.0000,2870.8000,2870.6000,2870.4000,2871.8000,2872.0000,2872.2000,2872.4000,2872.6000,2,3,2,2,9,1,2,1,18,2
SF,IH2006,2020-06-17 14:29:23.700,2871.4000,17686,0,14613543060.000,0,-,-,-,-,2871.4000,2871.2000,2871.0000,2870.8000,2870.6000,2871.8000,2872.0000,2872.2000,2872.4000,2872.6000,1,1,3,2,2,1,2,1,18,2
SF,IH2006,2020-06-17 14:29:24.700,2871.4000,17686,0,14614404480.000,1,0,1,空换,B,2871.2000,2871.0000,2870.8000,2870.6000,2870.4000,2871.8000,2872.0000,2872.2000,2872.4000,2872.6000,1,3,2,2,9,1,2,1,18,2
SF,IH2006,2020-06-17 14:29:25.200,2871.4000,17686,0,14614404480.000,0,-,-,-,-,2871.2000,2871.0000,2870.8000,2870.6000,2870.4000,2871.8000,2872.0000,2872.2000,2872.4000,2872.6000,1,3,2,2,9,1,2,1,18,2
SF,IH2006,2020-06-17 14:29:25.700,2871.4000,17686,0,14614404480.000,0,-,-,-,-,2871.2000,2871.0000,2870.8000,2870.6000,2870.4000,2871.8000,2872.0000,2872.2000,2872.4000,2872.6000,1,3,2,2,9,2,2,1,18,2
SF,IH2006,2020-06-17 14:29:26.700,2871.4000,17686,0,14614404480.000,0,-,-,-,-,2871.6000,2871.2000,2871.0000,2870.8000,2870.6000,2871.8000,2872.0000,2872.2000,2872.4000,2872.6000,1,1,3,2,2,2,2,1,18,1
SF,IH2006,2020-06-17 14:29:27.200,2871.8000,17686,0,14616127500.000,2,1,1,空换,B,2871.2000,2871.0000,2870.8000,2870.6000,2870.4000,2871.8000,2872.0000,2872.2000,2872.4000,2872.6000,1,3,2,2,9,1,2,1,18,1
SF,IH2006,2020-06-17 14:29:27.700,2871.8000,17686,0,14616127500.000,0,-,-,-,-,2871.2000,2871.0000,2870.8000,2870.6000,2870.4000,2871.6000,2871.8000,2872.0000,2872.2000,2872.4000,1,3,2,2,9,2,1,2,1,18
SF,IH2006,2020-06-17 14:29:28.700,2871.8000,17686,0,14616127500.000,0,-,-,-,-,2871.2000,2871.0000,2870.8000,2870.6000,2870.4000,2871.6000,2871.8000,2872.0000,2872.2000,2872.4000,1,3,2,2,9,2,1,2,1,18
SF,IH2006,2020-06-17 14:29:29.700,2871.8000,17686,0,14616127500.000,0,-,-,-,-,2871.2000,2871.0000,2870.8000,2870.6000,2870.4000,2871.6000,2871.8000,2872.0000,2872.2000,2872.4000,1,4,2,2,9,2,1,2,1,18
SF,IH2006,2020-06-17 14:29:30.200,2871.8000,17686,0,14616127500.000,0,-,-,-,-,2871.4000,2871.2000,2871.0000,2870.8000,2870.6000,2871.6000,2871.8000,2872.0000,2872.2000,2872.4000,1,1,4,2,2,2,1,6,1,18
SF,IH2006,2020-06-17 14:29:30.700,2871.8000,17686,0,14616127500.000,0,-,-,-,-,2871.4000,2871.2000,2871.0000,2870.8000,2870.6000,2871.6000,2871.8000,2872.0000,2872.2000,2872.4000,1,2,4,2,2,2,1,6,1,19
SF,IH2006,2020-06-17 14:29:32.200,2871.8000,17686,0,14616127500.000,0,-,-,-,-,2871.4000,2871.2000,2871.0000,2870.8000,2870.6000,2871.6000,2871.8000,2872.0000,2872.2000,2872.4000,1,2,3,2,2,2,1,6,1,19
SF,IH2006,2020-06-17 14:29:32.700,2871.8000,17686,0,14616127500.000,0,-,-,-,-,2871.4000,2871.2000,2871.0000,2870.8000,2870.6000,2871.6000,2871.8000,2872.0000,2872.2000,2872.4000,2,2,3,2,2,2,1,6,1,19
SF,IH2006,2020-06-17 14:29:33.200,2871.8000,17686,0,14616127500.000,0,-,-,-,-,2871.4000,2871.2000,2871.0000,2870.8000,2870.6000,2871.6000,2871.8000,2872.0000,2872.2000,2872.4000,1,2,3,2,2,2,1,6,1,19
SF,IH2006,2020-06-17 14:29:33.700,2871.6000,17687,1,14616988980.000,1,1,0,双开,B,2871.4000,2871.2000,2871.0000,2870.8000,2870.6000,2871.6000,2871.8000,2872.0000,2872.2000,2872.4000,1,2,3,2,2,1,1,6,1,19
SF,IH2006,2020-06-17 14:29:34.200,2871.6000,17688,1,14617850460.000,1,1,0,双开,B,2871.6000,2871.4000,2871.2000,2871.0000,2870.8000,2871.8000,2872.0000,2872.2000,2872.4000,2872.6000,1,1,2,3,2,1,6,1,19,1
SF,IH2006,2020-06-17 14:29:34.700,2871.8000,17688,0,14618712000.000,1,0,1,空换,B,2871.6000,2871.4000,2871.2000,2871.0000,2870.8000,2871.8000,2872.0000,2872.2000,2872.4000,2872.6000,1,1,2,3,2,3,6,1,19,1
SF,IH2006,2020-06-17 14:29:35.200,2871.8000,17688,0,14618712000.000,0,-,-,-,-,2871.6000,2871.4000,2871.2000,2871.0000,2870.8000,2871.8000,2872.0000,2872.2000,2872.4000,2872.8000,1,1,2,3,2,3,6,1,19,3
SF,IH2006,2020-06-17 14:29:35.700,2871.6000,17688,0,14619573480.000,1,0,1,空换,B,2871.4000,2871.2000,2871.0000,2870.8000,2870.6000,2871.8000,2872.0000,2872.2000,2872.4000,2872.8000,1,2,3,2,2,3,6,1,20,3
SF,IH2006,2020-06-17 14:29:36.200,2871.6000,17688,0,14619573480.000,0,-,-,-,-,2871.4000,2871.2000,2871.0000,2870.8000,2870.6000,2871.8000,2872.0000,2872.2000,2872.4000,2872.8000,1,2,3,2,1,4,6,1,20,3
SF,IH2006,2020-06-17 14:29:36.700,2871.6000,17688,0,14619573480.000,0,-,-,-,-,2871.4000,2871.2000,2871.0000,2870.8000,2870.6000,2871.8000,2872.0000,2872.2000,2872.4000,2872.8000,1,2,3,2,1,4,6,1,20,3
SF,IH2006,2020-06-17 14:29:39.200,2871.6000,17688,0,14619573480.000,0,-,-,-,-,2871.6000,2871.4000,2871.2000,2871.0000,2870.8000,2871.8000,2872.0000,2872.2000,2872.4000,2872.8000,1,1,2,3,2,4,6,1,20,3
SF,IH2006,2020-06-17 14:29:39.700,2871.8000,17688,0,14621296560.000,2,1,1,空换,B,2871.6000,2871.4000,2871.2000,2871.0000,2870.8000,2871.8000,2872.0000,2872.2000,2872.4000,2872.8000,2,1,2,3,2,1,6,1,20,3
SF,IH2006,2020-06-17 14:29:40.200,2871.8000,17688,0,14622158100.000,1,0,1,空换,B,2871.8000,2871.6000,2871.4000,2871.2000,2871.0000,2872.0000,2872.2000,2872.4000,2872.8000,2873.0000,1,2,1,2,3,5,1,20,3,2
SF,IH2006,2020-06-17 14:29:40.700,2871.8000,17688,0,14622158100.000,0,-,-,-,-,2871.8000,2871.6000,2871.4000,2871.2000,2871.0000,2872.0000,2872.2000,2872.4000,2872.8000,2873.0000,1,2,1,2,3,5,1,20,3,2
SF,IH2006,2020-06-17 14:29:41.200,2871.8000,17688,0,14622158100.000,0,-,-,-,-,2871.8000,2871.6000,2871.2000,2871.0000,2870.8000,2872.0000,2872.2000,2872.4000,2872.8000,2873.0000,2,2,2,3,3,5,1,19,3,2
SF,IH2006,2020-06-17 14:29:41.700,2872.0000,17685,-3,14626466100.000,5,1,4,空平,B,2872.0000,2871.8000,2871.6000,2871.2000,2871.0000,2872.2000,2872.4000,2872.8000,2873.0000,2873.4000,1,2,2,2,3,1,19,3,2,1
SF,IH2006,2020-06-17 14:29:42.200,2872.0000,17685,0,14626466100.000,0,-,-,-,-,2872.0000,2871.8000,2871.6000,2871.2000,2871.0000,2872.2000,2872.4000,2872.8000,2873.0000,2873.4000,1,2,2,2,3,1,19,3,2,1
SF,IH2006,2020-06-17 14:29:42.700,2872.2000,17684,-1,14627327760.000,1,0,1,双平,B,2871.8000,2871.6000,2871.2000,2871.0000,2870.8000,2872.4000,2872.8000,2873.0000,2873.4000,2873.6000,2,2,2,3,3,19,3,2,1,1
SF,IH2006,2020-06-17 14:29:43.200,2872.0000,17685,1,14629051080.000,2,1,1,多开,B,2872.0000,2871.8000,2871.6000,2871.2000,2871.0000,2872.4000,2872.8000,2873.0000,2873.4000,2873.6000,1,1,2,1,3,18,3,2,1,1
SF,IH2006,2020-06-17 14:29:43.700,2872.0000,17685,0,14629051080.000,0,-,-,-,-,2872.0000,2871.8000,2871.6000,2871.2000,2871.0000,2872.4000,2872.8000,2873.0000,2873.4000,2873.6000,2,1,2,1,3,19,2,2,1,1
SF,IH2006,2020-06-17 14:29:44.200,2872.0000,17685,0,14629051080.000,0,-,-,-,-,2872.0000,2871.8000,2871.6000,2871.2000,2871.0000,2872.4000,2872.8000,2873.0000,2873.4000,2873.6000,2,1,2,1,3,19,2,5,1,1
SF,IH2006,2020-06-17 14:29:47.200,2872.4000,17685,0,14629912800.000,1,0,1,空换,B,2872.0000,2871.8000,2871.6000,2871.2000,2871.0000,2872.4000,2872.8000,2873.0000,2873.4000,2873.6000,2,1,2,1,3,18,2,5,1,1
SF,IH2006,2020-06-17 14:29:47.700,2872.2000,17686,1,14630774460.000,1,1,0,双开,B,2872.0000,2871.8000,2871.6000,2871.2000,2871.0000,2872.2000,2872.4000,2872.8000,2873.0000,2873.4000,2,1,1,1,4,1,18,2,5,1
SF,IH2006,2020-06-17 14:29:48.200,2872.2000,17686,0,14630774460.000,0,-,-,-,-,2872.0000,2871.8000,2871.6000,2871.4000,2871.2000,2872.2000,2872.4000,2872.8000,2873.0000,2873.4000,2,1,1,1,1,2,18,2,5,1
SF,IH2006,2020-06-17 14:29:50.700,2872.2000,17686,0,14630774460.000,0,-,-,-,-,2872.0000,2871.8000,2871.6000,2871.4000,2871.2000,2872.2000,2872.4000,2872.8000,2873.0000,2873.4000,2,1,1,1,1,2,18,1,5,1
SF,IH2006,2020-06-17 14:29:51.200,2872.0000,17687,1,14631636060.000,1,1,0,双开,B,2872.0000,2871.8000,2871.6000,2871.4000,2871.2000,2872.2000,2872.4000,2872.8000,2873.0000,2873.4000,1,1,1,1,1,2,18,1,5,1
SF,IH2006,2020-06-17 14:29:51.700,2872.0000,17686,-1,14636805660.000,6,2,4,空平,B,2871.8000,2871.6000,2871.4000,2871.2000,2871.0000,2872.0000,2872.2000,2872.4000,2872.8000,2873.0000,1,1,1,1,4,1,2,18,1,5
SF,IH2006,2020-06-17 14:29:52.200,2872.0000,17686,0,14637667260.000,1,0,1,空换,B,2872.0000,2871.8000,2871.6000,2871.4000,2871.2000,2872.2000,2872.4000,2872.8000,2873.0000,2873.4000,1,1,1,1,1,2,18,1,5,1
SF,IH2006,2020-06-17 14:29:52.700,2872.0000,17685,-1,14638528860.000,1,0,1,双平,B,2871.8000,2871.6000,2871.4000,2871.2000,2871.0000,2872.2000,2872.4000,2872.8000,2873.0000,2873.4000,1,1,1,1,4,2,18,1,5,1
SF,IH2006,2020-06-17 14:29:53.200,2872.0000,17684,-1,14639390460.000,1,0,1,双平,B,2871.8000,2871.6000,2871.4000,2871.2000,2871.0000,2872.0000,2872.2000,2872.4000,2872.8000,2873.0000,1,1,1,1,4,1,3,18,1,5
SF,IH2006,2020-06-17 14:29:54.200,2872.0000,17684,0,14639390460.000,0,-,-,-,-,2871.8000,2871.6000,2871.4000,2871.2000,2871.0000,2872.0000,2872.2000,2872.4000,2872.8000,2873.0000,1,1,1,1,4,1,2,18,1,5
SF,IH2006,2020-06-17 14:29:54.700,2872.0000,17684,0,14641113660.000,2,1,1,空换,B,2871.8000,2871.6000,2871.4000,2871.2000,2871.0000,2872.2000,2872.4000,2872.8000,2873.0000,2873.4000,1,1,1,1,4,2,18,1,4,2
SF,IH2006,2020-06-17 14:29:55.200,2872.0000,17684,0,14641113660.000,0,-,-,-,-,2871.8000,2871.6000,2871.4000,2871.2000,2871.0000,2872.2000,2872.4000,2872.8000,2873.0000,2873.4000,1,2,1,1,4,2,18,1,4,2
SF,IH2006,2020-06-17 14:29:56.700,2872.0000,17684,0,14641113660.000,0,-,-,-,-,2871.8000,2871.6000,2871.4000,2871.2000,2871.0000,2872.2000,2872.4000,2872.8000,2873.0000,2873.4000,1,1,1,1,4,2,18,1,4,2
SF,IH2006,2020-06-17 14:29:57.200,2872.0000,17684,0,14641113660.000,0,-,-,-,-,2871.8000,2871.6000,2871.4000,2871.2000,2871.0000,2872.2000,2872.4000,2872.8000,2873.0000,2873.4000,1,1,1,1,4,2,18,1,4,2
SF,IH2006,2020-06-17 14:29:57.700,2872.2000,17685,1,14641975320.000,1,1,0,双开,B,2871.8000,2871.6000,2871.4000,2871.2000,2871.0000,2872.2000,2872.4000,2872.8000,2873.0000,2873.4000,1,1,1,1,4,1,18,1,4,2
SF,IH2006,2020-06-17 14:29:59.200,2872.2000,17685,0,14641975320.000,0,-,-,-,-,2871.8000,2871.6000,2871.4000,2871.2000,2871.0000,2872.2000,2872.4000,2872.8000,2873.0000,2873.4000,2,1,1,1,4,1,18,1,4,2
SF,IH2006,2020-06-17 14:29:59.700,2872.4000,17685,0,14642837040.000,1,0,1,空换,B,2872.0000,2871.8000,2871.6000,2871.4000,2871.2000,2872.4000,2872.8000,2873.0000,2873.4000,2873.6000,1,2,1,1,1,17,1,4,2,1
SF,IH2006,2020-06-17 14:30:00.200,2872.4000,17685,0,14642837040.000,0,-,-,-,-,2871.8000,2871.6000,2871.4000,2871.2000,2871.0000,2872.4000,2872.8000,2873.0000,2873.4000,2873.6000,2,1,1,1,4,16,1,4,2,1
SF,IH2006,2020-06-17 14:30:00.700,2872.4000,17689,4,14646283920.000,4,4,0,双开,B,2871.8000,2871.6000,2871.4000,2871.2000,2871.0000,2872.4000,2872.8000,2873.0000,2873.4000,2873.6000,2,1,1,1,4,12,1,4,2,1
SF,IH2006,2020-06-17 14:30:01.200,2871.6000,17692,3,14660066520.000,16,9,7,多开,B,2870.8000,2870.6000,2870.4000,2870.2000,2870.0000,2871.8000,2872.2000,2872.4000,2872.8000,2873.0000,2,1,9,3,4,17,12,13,1,4
SF,IH2006,2020-06-17 14:30:01.700,2870.8000,17690,-2,14666957640.000,8,3,5,空平,B,2870.8000,2870.6000,2870.4000,2870.2000,2870.0000,2871.4000,2871.6000,2871.8000,2872.2000,2872.4000,2,3,9,3,4,1,2,8,10,12
SF,IH2006,2020-06-17 14:30:02.200,2871.4000,17691,1,14667819060.000,1,1,0,双开,B,2871.0000,2870.8000,2870.6000,2870.4000,2870.2000,2871.6000,2871.8000,2872.2000,2872.4000,2872.8000,2,6,5,9,3,1,8,10,12,1
SF,IH2006,2020-06-17 14:30:02.700,2871.4000,17691,0,14667819060.000,0,-,-,-,-,2871.0000,2870.8000,2870.6000,2870.4000,2870.2000,2871.6000,2871.8000,2872.2000,2872.4000,2872.8000,1,7,5,9,3,1,8,8,12,1
SF,IH2006,2020-06-17 14:30:03.200,2870.8000,17691,0,14669541600.000,2,1,1,空换,B,2870.8000,2870.6000,2870.4000,2870.2000,2870.0000,2871.6000,2871.8000,2872.2000,2872.4000,2872.8000,7,5,9,3,5,1,8,8,12,1
SF,IH2006,2020-06-17 14:30:03.700,2870.8000,17691,0,14669541600.000,0,-,-,-,-,2870.8000,2870.6000,2870.4000,2870.2000,2870.0000,2871.4000,2871.6000,2871.8000,2872.2000,2872.4000,6,5,9,3,5,2,1,8,8,12
SF,IH2006,2020-06-17 14:30:04.200,2870.8000,17691,0,14669541600.000,0,-,-,-,-,2870.8000,2870.6000,2870.4000,2870.2000,2870.0000,2871.2000,2871.4000,2871.6000,2871.8000,2872.2000,6,5,9,3,5,1,2,1,8,8
SF,IH2006,2020-06-17 14:30:04.700,2871.2000,17691,0,14670402960.000,1,0,1,空换,B,2870.8000,2870.6000,2870.4000,2870.2000,2870.0000,2871.0000,2871.4000,2871.6000,2871.8000,2872.2000,6,5,9,3,5,1,3,1,8,8
SF,IH2006,2020-06-17 14:30:05.200,2871.0000,17692,1,14671264260.000,1,1,0,双开,B,2871.0000,2870.8000,2870.6000,2870.4000,2870.2000,2871.4000,2871.8000,2872.2000,2872.4000,2872.8000,3,7,9,9,3,3,8,8,12,1
SF,IH2006,2020-06-17 14:30:05.700,2871.0000,17692,0,14671264260.000,0,-,-,-,-,2870.8000,2870.6000,2870.4000,2870.2000,2870.0000,2871.2000,2871.4000,2871.8000,2872.2000,2872.4000,7,9,9,3,5,1,4,8,8,12
SF,IH2006,2020-06-17 14:30:06.200,2871.2000,17693,1,14672125620.000,1,1,0,双开,B,2870.8000,2870.6000,2870.4000,2870.2000,2870.0000,2871.2000,2871.4000,2871.8000,2872.2000,2872.4000,7,9,9,3,5,1,4,8,8,12
SF,IH2006,2020-06-17 14:30:06.700,2871.2000,17693,0,14672986980.000,1,0,1,空换,B,2870.8000,2870.6000,2870.4000,2870.2000,2870.0000,2871.4000,2871.8000,2872.2000,2872.4000,2872.8000,7,9,9,3,5,3,8,8,12,1
SF,IH2006,2020-06-17 14:30:07.200,2871.2000,17693,0,14672986980.000,0,-,-,-,-,2870.8000,2870.6000,2870.4000,2870.2000,2870.0000,2871.4000,2871.8000,2872.2000,2872.4000,2872.8000,7,9,9,3,5,2,8,7,12,1
SF,IH2006,2020-06-17 14:30:07.700,2871.2000,17693,0,14672986980.000,0,-,-,-,-,2870.8000,2870.6000,2870.4000,2870.2000,2870.0000,2871.2000,2871.4000,2871.8000,2872.2000,2872.4000,7,9,9,3,5,1,2,8,7,12
SF,IH2006,2020-06-17 14:30:08.200,2871.2000,17694,1,14674709700.000,2,1,1,多开,B,2870.8000,2870.6000,2870.4000,2870.2000,2870.0000,2871.0000,2871.4000,2871.8000,2872.2000,2872.4000,7,9,9,3,5,1,2,8,7,12
SF,IH2006,2020-06-17 14:30:08.700,2871.0000,17695,1,14675571000.000,1,1,0,双开,B,2871.0000,2870.8000,2870.6000,2870.4000,2870.2000,2871.4000,2871.8000,2872.2000,2872.4000,2872.8000,1,7,9,9,4,1,8,7,12,1
SF,IH2006,2020-06-17 14:30:09.200,2871.0000,17695,0,14675571000.000,0,-,-,-,-,2871.0000,2870.8000,2870.6000,2870.4000,2870.2000,2871.4000,2871.8000,2872.2000,2872.4000,2872.8000,1,7,9,9,4,1,6,7,12,1
SF,IH2006,2020-06-17 14:30:10.200,2870.8000,17693,-2,14677293540.000,2,0,2,双平,B,2870.8000,2870.6000,2870.4000,2870.2000,2870.0000,2871.4000,2871.8000,2872.2000,2872.4000,2872.8000,6,9,9,4,5,1,6,7,12,1
SF,IH2006,2020-06-17 14:30:10.700,2870.8000,17693,0,14677293540.000,0,-,-,-,-,2870.8000,2870.6000,2870.4000,2870.2000,2870.0000,2871.2000,2871.8000,2872.2000,2872.4000,2872.8000,6,9,9,4,5,1,6,7,12,1
SF,IH2006,2020-06-17 14:30:11.200,2871.2000,17693,0,14678154900.000,1,0,1,空换,B,2870.8000,2870.6000,2870.4000,2870.2000,2870.0000,2871.6000,2871.8000,2872.2000,2872.4000,2872.8000,6,9,9,4,5,1,6,7,12,1
SF,IH2006,2020-06-17 14:30:11.700,2871.2000,17693,0,14679016260.000,1,0,1,空换,B,2870.8000,2870.6000,2870.4000,2870.2000,2870.0000,2871.0000,2871.2000,2871.4000,2871.6000,2871.8000,6,9,9,4,4,1,1,3,2,6
SF,IH2006,2020-06-17 14:30:12.200,2871.2000,17693,0,14679016260.000,0,-,-,-,-,2870.8000,2870.6000,2870.4000,2870.2000,2870.0000,2871.2000,2871.4000,2871.6000,2871.8000,2872.2000,11,9,9,4,4,1,3,1,6,7
SF,IH2006,2020-06-17 14:30:12.700,2871.2000,17693,0,14679016260.000,0,-,-,-,-,2870.8000,2870.6000,2870.4000,2870.2000,2870.0000,2871.2000,2871.4000,2871.6000,2871.8000,2872.2000,11,9,9,4,4,1,3,1,6,7
SF,IH2006,2020-06-17 14:30:13.200,2870.8000,17694,1,14685044940.000,7,4,3,多开,B,2870.8000,2870.6000,2870.4000,2870.2000,2870.0000,2871.0000,2871.2000,2871.4000,2871.6000,2871.8000,4,9,9,4,4,1,1,3,1,6
SF,IH2006,2020-06-17 14:30:13.700,2870.8000,17693,-1,14686767420.000,2,0,2,空平,B,2870.8000,2870.6000,2870.4000,2870.2000,2870.0000,2871.0000,2871.2000,2871.4000,2871.6000,2871.8000,2,9,9,4,4,1,2,3,1,6
SF,IH2006,2020-06-17 14:30:14.700,2870.8000,17693,0,14686767420.000,0,-,-,-,-,2870.8000,2870.6000,2870.4000,2870.2000,2870.0000,2871.2000,2871.4000,2871.6000,2871.8000,2872.2000,2,9,9,4,4,2,3,1,6,6
SF,IH2006,2020-06-17 14:30:15.200,2871.2000,17692,-1,14688490020.000,2,0,2,空平,B,2870.8000,2870.6000,2870.4000,2870.2000,2870.0000,2871.2000,2871.4000,2871.6000,2871.8000,2872.2000,1,9,9,4,4,1,3,1,6,6
SF,IH2006,2020-06-17 14:30:16.200,2870.8000,17692,0,14690212500.000,2,1,1,空换,B,2870.6000,2870.4000,2870.2000,2870.0000,2869.6000,2871.2000,2871.4000,2871.6000,2871.8000,2872.2000,9,9,4,4,3,1,3,1,6,6
SF,IH2006,2020-06-17 14:30:16.700,2870.8000,17692,0,14690212500.000,0,-,-,-,-,2870.6000,2870.4000,2870.2000,2870.0000,2869.6000,2871.2000,2871.4000,2871.6000,2871.8000,2872.2000,9,9,4,4,3,1,1,1,6,6
SF,IH2006,2020-06-17 14:30:17.200,2871.2000,17692,0,14691073860.000,1,0,1,空换,B,2870.6000,2870.4000,2870.2000,2870.0000,2869.6000,2871.4000,2871.6000,2871.8000,2872.2000,2872.4000,10,9,4,4,3,1,1,6,6,12
SF,IH2006,2020-06-17 14:30:17.700,2871.2000,17692,0,14691073860.000,0,-,-,-,-,2870.6000,2870.4000,2870.2000,2870.0000,2869.6000,2871.4000,2871.6000,2871.8000,2872.2000,2872.4000,10,9,4,4,3,1,1,6,6,12
SF,IH2006,2020-06-17 14:30:18.200,2870.6000,17692,0,14691935040.000,1,0,1,空换,B,2870.6000,2870.4000,2870.2000,2870.0000,2869.6000,2871.4000,2871.6000,2871.8000,2872.2000,2872.4000,9,9,4,4,3,1,1,6,6,12
SF,IH2006,2020-06-17 14:30:18.700,2870.6000,17692,0,14691935040.000,0,-,-,-,-,2870.8000,2870.6000,2870.4000,2870.2000,2870.0000,2871.2000,2871.4000,2871.6000,2871.8000,2872.2000,1,9,9,4,4,2,2,1,6,5
SF,IH2006,2020-06-17 14:30:19.200,2870.6000,17692,0,14691935040.000,0,-,-,-,-,2870.8000,2870.6000,2870.4000,2870.2000,2870.0000,2871.2000,2871.4000,2871.6000,2871.8000,2872.2000,1,9,9,3,4,3,2,1,7,5
SF,IH2006,2020-06-17 14:30:20.200,2871.2000,17692,0,14692796400.000,1,0,1,空换,B,2870.8000,2870.6000,2870.4000,2870.2000,2870.0000,2871.2000,2871.4000,2871.6000,2871.8000,2872.2000,1,9,9,3,4,2,2,1,7,5
SF,IH2006,2020-06-17 14:30:20.700,2870.6000,17693,1,14695380000.000,3,2,1,多开,B,2870.6000,2870.4000,2870.2000,2870.0000,2869.6000,2871.2000,2871.4000,2871.6000,2871.8000,2872.2000,7,9,3,4,3,2,2,1,7,5
SF,IH2006,2020-06-17 14:30:21.200,2870.6000,17693,0,14696241180.000,1,0,1,空换,B,2870.6000,2870.4000,2870.2000,2870.0000,2869.6000,2871.2000,2871.4000,2871.6000,2871.8000,2872.2000,5,9,3,4,3,2,2,1,7,5
SF,IH2006,2020-06-17 14:30:21.700,2870.6000,17694,1,14697102360.000,1,1,0,双开,B,2870.6000,2870.4000,2870.2000,2870.0000,2869.6000,2871.0000,2871.2000,2871.4000,2871.6000,2871.8000,4,9,3,4,3,1,2,2,1,7
SF,IH2006,2020-06-17 14:30:22.200,2870.6000,17694,0,14697102360.000,0,-,-,-,-,2870.8000,2870.6000,2870.4000,2870.2000,2870.0000,2871.0000,2871.2000,2871.4000,2871.6000,2871.8000,1,4,9,3,4,1,2,2,1,7
SF,IH2006,2020-06-17 14:30:22.700,2871.0000,17694,0,14697963660.000,1,0,1,空换,B,2870.8000,2870.6000,2870.4000,2870.2000,2870.0000,2871.2000,2871.4000,2871.6000,2871.8000,2872.2000,1,4,9,3,4,2,2,1,7,5
SF,IH2006,2020-06-17 14:30:23.200,2870.8000,17694,0,14698824900.000,1,0,1,空换,B,2870.6000,2870.4000,2870.2000,2870.0000,2869.6000,2871.2000,2871.4000,2871.6000,2871.8000,2872.2000,4,9,3,4,3,2,2,1,7,6
SF,IH2006,2020-06-17 14:30:23.700,2870.8000,17694,0,14698824900.000,0,-,-,-,-,2870.6000,2870.4000,2870.2000,2870.0000,2869.6000,2871.2000,2871.4000,2871.6000,2871.8000,2872.2000,5,9,3,4,3,2,2,1,7,6
SF,IH2006,2020-06-17 14:30:24.200,2870.8000,17694,0,14698824900.000,0,-,-,-,-,2870.8000,2870.6000,2870.4000,2870.2000,2870.0000,2871.2000,2871.4000,2871.6000,2871.8000,2872.2000,2,5,9,3,4,2,2,1,7,6
SF,IH2006,2020-06-17 14:30:24.700,2870.8000,17694,0,14698824900.000,0,-,-,-,-,2871.0000,2870.8000,2870.6000,2870.4000,2870.2000,2871.2000,2871.4000,2871.6000,2871.8000,2872.2000,1,3,5,9,3,2,2,1,7,6
SF,IH2006,2020-06-17 14:30:25.200,2870.8000,17694,0,14698824900.000,0,-,-,-,-,2870.8000,2870.6000,2870.4000,2870.2000,2870.0000,2871.2000,2871.4000,2871.6000,2871.8000,2872.2000,3,5,9,3,4,2,2,1,7,6
SF,IH2006,2020-06-17 14:30:25.700,2870.8000,17694,0,14698824900.000,0,-,-,-,-,2871.0000,2870.8000,2870.6000,2870.4000,2870.2000,2871.2000,2871.4000,2871.6000,2871.8000,2872.2000,1,2,5,9,3,2,2,1,7,6
SF,IH2006,2020-06-17 14:30:26.700,2871.0000,17694,0,14699686200.000,1,0,1,空换,B,2870.8000,2870.6000,2870.4000,2870.2000,2870.0000,2871.0000,2871.2000,2871.4000,2871.6000,2871.8000,2,5,10,3,4,2,2,2,1,7
SF,IH2006,2020-06-17 14:30:27.200,2871.0000,17694,0,14699686200.000,0,-,-,-,-,2870.8000,2870.6000,2870.4000,2870.2000,2870.0000,2871.0000,2871.2000,2871.4000,2871.6000,2871.8000,2,5,10,3,4,2,1,2,1,7
SF,IH2006,2020-06-17 14:30:27.700,2871.0000,17694,0,14699686200.000,0,-,-,-,-,2870.8000,2870.6000,2870.4000,2870.2000,2870.0000,2871.0000,2871.2000,2871.4000,2871.6000,2871.8000,2,5,10,3,4,1,1,2,1,7
SF,IH2006,2020-06-17 14:30:28.200,2871.0000,17694,0,14700547500.000,1,0,1,空换,B,2871.0000,2870.8000,2870.6000,2870.4000,2870.2000,2871.2000,2871.4000,2871.6000,2871.8000,2872.2000,1,2,5,10,3,1,2,1,7,6
SF,IH2006,2020-06-17 14:30:29.200,2871.0000,17694,0,14700547500.000,0,-,-,-,-,2871.0000,2870.8000,2870.6000,2870.4000,2870.2000,2871.4000,2871.6000,2871.8000,2872.2000,2872.4000,1,2,5,10,3,2,1,7,6,11
SF,IH2006,2020-06-17 14:30:29.700,2871.0000,17694,0,14700547500.000,0,-,-,-,-,2871.0000,2870.8000,2870.6000,2870.4000,2870.2000,2871.4000,2871.8000,2872.2000,2872.4000,2872.8000,2,2,5,10,3,1,7,6,11,1
SF,IH2006,2020-06-17 14:30:30.200,2871.0000,17694,0,14700547500.000,0,-,-,-,-,2871.2000,2871.0000,2870.8000,2870.6000,2870.4000,2871.4000,2871.8000,2872.2000,2872.4000,2872.8000,1,2,2,5,10,1,7,6,11,1
SF,IH2006,2020-06-17 14:30:30.700,2871.0000,17694,0,14700547500.000,0,-,-,-,-,2871.0000,2870.8000,2870.6000,2870.4000,2870.2000,2871.8000,2872.2000,2872.4000,2872.8000,2873.0000,2,2,5,10,3,7,6,11,1,1
SF,IH2006,2020-06-17 14:30:31.200,2871.0000,17694,0,14700547500.000,0,-,-,-,-,2871.0000,2870.8000,2870.6000,2870.4000,2870.2000,2871.6000,2871.8000,2872.2000,2872.4000,2872.8000,1,2,5,10,3,1,7,6,11,1
SF,IH2006,2020-06-17 14:30:31.700,2871.0000,17694,0,14700547500.000,0,-,-,-,-,2871.0000,2870.8000,2870.6000,2870.4000,2870.2000,2871.6000,2871.8000,2872.2000,2872.4000,2872.8000,1,2,5,10,3,1,7,6,11,1
SF,IH2006,2020-06-17 14:30:32.200,2871.0000,17694,0,14700547500.000,0,-,-,-,-,2871.2000,2871.0000,2870.8000,2870.6000,2870.4000,2871.6000,2871.8000,2872.2000,2872.4000,2872.8000,1,1,2,4,10,1,7,6,11,1
SF,IH2006,2020-06-17 14:30:32.700,2871.2000,17695,1,14701408860.000,1,1,0,双开,B,2871.0000,2870.8000,2870.6000,2870.4000,2870.2000,2871.6000,2871.8000,2872.2000,2872.4000,2872.8000,1,2,4,10,3,1,7,6,11,1
SF,IH2006,2020-06-17 14:30:33.200,2871.2000,17695,0,14701408860.000,0,-,-,-,-,2871.0000,2870.8000,2870.6000,2870.4000,2870.2000,2871.6000,2871.8000,2872.2000,2872.4000,2872.8000,1,2,4,10,3,1,6,6,11,1
SF,IH2006,2020-06-17 14:30:33.700,2871.2000,17695,0,14701408860.000,0,-,-,-,-,2871.0000,2870.8000,2870.6000,2870.4000,2870.2000,2871.6000,2871.8000,2872.2000,2872.4000,2872.8000,1,2,4,10,3,2,6,6,11,1
SF,IH2006,2020-06-17 14:30:34.200,2871.2000,17695,0,14701408860.000,0,-,-,-,-,2871.0000,2870.8000,2870.6000,2870.4000,2870.2000,2871.6000,2871.8000,2872.2000,2872.4000,2872.8000,1,2,4,10,3,2,6,6,11,1
SF,IH2006,2020-06-17 14:30:34.700,2871.4000,17695,0,14702270280.000,1,0,1,空换,B,2871.4000,2871.0000,2870.8000,2870.6000,2870.4000,2871.6000,2871.8000,2872.2000,2872.4000,2872.8000,1,1,2,4,10,2,6,6,11,1
SF,IH2006,2020-06-17 14:30:35.200,2871.4000,17695,0,14703131700.000,1,0,1,空换,B,2871.0000,2870.8000,2870.6000,2870.4000,2870.2000,2871.4000,2871.6000,2871.8000,2872.2000,2872.4000,1,2,4,10,3,4,2,6,6,11
SF,IH2006,2020-06-17 14:30:35.700,2871.4000,17695,0,14703131700.000,0,-,-,-,-,2871.0000,2870.8000,2870.6000,2870.4000,2870.2000,2871.4000,2871.6000,2871.8000,2872.2000,2872.4000,1,2,4,10,3,1,2,6,6,11
SF,IH2006,2020-06-17 14:30:36.200,2871.4000,17695,0,14703131700.000,0,-,-,-,-,2871.0000,2870.8000,2870.6000,2870.4000,2870.2000,2871.4000,2871.6000,2871.8000,2872.2000,2872.4000,1,2,4,10,3,1,1,6,6,11
SF,IH2006,2020-06-17 14:30:37.200,2871.4000,17695,0,14703131700.000,0,-,-,-,-,2871.0000,2870.8000,2870.6000,2870.4000,2870.2000,2871.4000,2871.6000,2871.8000,2872.2000,2872.4000,1,3,4,10,3,1,1,6,6,11
SF,IH2006,2020-06-17 14:30:38.700,2871.4000,17695,0,14703131700.000,0,-,-,-,-,2871.0000,2870.8000,2870.6000,2870.4000,2870.2000,2871.4000,2871.6000,2871.8000,2872.2000,2872.4000,1,3,4,10,3,2,1,6,6,10
SF,IH2006,2020-06-17 14:30:39.200,2871.4000,17695,0,14703131700.000,0,-,-,-,-,2870.8000,2870.6000,2870.4000,2870.2000,2870.0000,2871.4000,2871.6000,2871.8000,2872.2000,2872.4000,3,4,10,3,4,2,1,6,6,10
SF,IH2006,2020-06-17 14:30:39.700,2871.4000,17697,2,14704854540.000,2,2,0,双开,B,2870.8000,2870.6000,2870.4000,2870.2000,2870.0000,2871.6000,2871.8000,2872.0000,2872.2000,2872.4000,3,4,10,3,4,1,6,1,6,10
SF,IH2006,2020-06-17 14:30:40.200,2871.4000,17697,0,14704854540.000,0,-,-,-,-,2871.0000,2870.8000,2870.6000,2870.4000,2870.2000,2871.4000,2871.6000,2871.8000,2872.0000,2872.2000,1,3,4,10,3,2,1,6,1,6
SF,IH2006,2020-06-17 14:30:40.700,2871.4000,17697,0,14704854540.000,0,-,-,-,-,2871.0000,2870.8000,2870.6000,2870.4000,2870.2000,2871.4000,2871.6000,2871.8000,2872.0000,2872.2000,1,3,4,10,3,2,1,6,1,5
SF,IH2006,2020-06-17 14:30:41.200,2871.4000,17697,0,14704854540.000,0,-,-,-,-,2871.0000,2870.8000,2870.6000,2870.4000,2870.2000,2871.4000,2871.6000,2871.8000,2872.0000,2872.2000,1,3,4,10,3,2,1,6,2,5
SF,IH2006,2020-06-17 14:30:42.700,2871.4000,17697,0,14704854540.000,0,-,-,-,-,2871.0000,2870.8000,2870.6000,2870.4000,2870.2000,2871.4000,2871.6000,2871.8000,2872.0000,2872.2000,2,3,4,10,3,3,1,6,2,5
SF,IH2006,2020-06-17 14:30:43.200,2871.4000,17697,0,14704854540.000,0,-,-,-,-,2871.0000,2870.8000,2870.4000,2870.2000,2870.0000,2871.4000,2871.6000,2871.8000,2872.0000,2872.2000,2,3,10,3,4,3,1,6,2,5
SF,IH2006,2020-06-17 14:30:44.700,2870.8000,17701,4,14708299620.000,4,4,0,双开,B,2870.8000,2870.4000,2870.2000,2870.0000,2869.6000,2871.4000,2871.6000,2871.8000,2872.0000,2872.2000,1,10,3,4,3,3,1,6,2,5
SF,IH2006,2020-06-17 14:30:45.200,2870.8000,17702,1,14709160860.000,1,1,0,双开,B,2870.4000,2870.2000,2870.0000,2869.6000,2869.2000,2871.2000,2871.4000,2871.6000,2871.8000,2872.0000,10,3,4,3,2,1,3,1,6,2
SF,IH2006,2020-06-17 14:30:45.700,2870.8000,17702,0,14709160860.000,0,-,-,-,-,2870.8000,2870.6000,2870.4000,2870.2000,2870.0000,2871.2000,2871.4000,2871.6000,2871.8000,2872.0000,4,1,11,3,4,1,3,1,6,2
SF,IH2006,2020-06-17 14:30:46.200,2870.8000,17702,0,14709160860.000,0,-,-,-,-,2870.8000,2870.6000,2870.4000,2870.2000,2870.0000,2871.2000,2871.4000,2871.6000,2871.8000,2872.0000,4,1,11,3,4,1,3,1,6,2
SF,IH2006,2020-06-17 14:30:46.700,2870.8000,17702,0,14711744580.000,3,1,2,空换,B,2870.8000,2870.6000,2870.4000,2870.2000,2870.0000,2871.0000,2871.2000,2871.4000,2871.6000,2871.8000,1,1,11,3,4,2,1,3,1,6
SF,IH2006,2020-06-17 14:30:47.200,2870.8000,17702,0,14711744580.000,0,-,-,-,-,2870.8000,2870.6000,2870.4000,2870.2000,2870.0000,2871.0000,2871.2000,2871.4000,2871.6000,2871.8000,1,2,11,3,4,2,1,3,1,6
SF,IH2006,2020-06-17 14:30:47.700,2870.6000,17703,1,14713467000.000,2,1,1,多开,B,2870.6000,2870.4000,2870.2000,2870.0000,2869.6000,2871.0000,2871.2000,2871.4000,2871.6000,2871.8000,1,11,4,3,3,2,1,3,1,6
SF,IH2006,2020-06-17 14:30:48.200,2870.6000,17703,0,14713467000.000,0,-,-,-,-,2870.6000,2870.4000,2870.2000,2870.0000,2869.8000,2870.8000,2871.0000,2871.2000,2871.4000,2871.6000,1,11,4,3,1,1,2,2,3,1
SF,IH2006,2020-06-17 14:30:48.700,2870.6000,17703,0,14714328180.000,1,0,1,空换,B,2870.4000,2870.2000,2870.0000,2869.8000,2869.6000,2871.0000,2871.2000,2871.4000,2871.6000,2871.8000,11,4,3,1,3,2,2,3,1,6
SF,IH2006,2020-06-17 14:30:50.700,2870.4000,17703,0,14715189300.000,1,0,1,空换,B,2870.4000,2870.2000,2870.0000,2869.8000,2869.6000,2871.0000,2871.2000,2871.4000,2871.6000,2871.8000,10,4,3,1,3,2,2,3,1,6
SF,IH2006,2020-06-17 14:30:51.200,2870.4000,17703,0,14715189300.000,0,-,-,-,-,2870.6000,2870.4000,2870.2000,2870.0000,2869.6000,2871.0000,2871.2000,2871.4000,2871.6000,2871.8000,1,10,4,3,3,2,2,3,1,6
SF,IH2006,2020-06-17 14:30:52.700,2870.4000,17703,0,14715189300.000,0,-,-,-,-,2870.6000,2870.4000,2870.2000,2870.0000,2869.6000,2871.0000,2871.2000,2871.4000,2871.6000,2871.8000,1,10,4,3,3,2,2,3,1,6
SF,IH2006,2020-06-17 14:30:53.200,2870.4000,17703,0,14715189300.000,0,-,-,-,-,2870.6000,2870.4000,2870.2000,2870.0000,2869.6000,2871.0000,2871.2000,2871.4000,2871.6000,2871.8000,2,10,4,3,3,2,2,3,1,6
SF,IH2006,2020-06-17 14:30:53.700,2870.6000,17703,0,14716911660.000,2,1,1,空换,B,2870.4000,2870.2000,2870.0000,2869.6000,2869.2000,2870.6000,2871.0000,2871.2000,2871.4000,2871.6000,10,5,3,3,2,18,2,2,3,1
SF,IH2006,2020-06-17 14:30:54.200,2870.6000,17704,1,14717772840.000,1,1,0,双开,B,2870.4000,2870.2000,2870.0000,2869.6000,2869.2000,2870.6000,2871.0000,2871.2000,2871.4000,2871.6000,9,5,3,3,2,17,2,2,3,1
SF,IH2006,2020-06-17 14:30:54.700,2870.6000,17704,0,14717772840.000,0,-,-,-,-,2870.4000,2870.2000,2870.0000,2869.6000,2869.2000,2870.6000,2871.0000,2871.2000,2871.4000,2871.6000,9,5,3,4,2,17,2,2,3,1
SF,IH2006,2020-06-17 14:30:55.200,2870.6000,17704,0,14717772840.000,0,-,-,-,-,2870.4000,2870.2000,2870.0000,2869.6000,2869.2000,2870.6000,2871.0000,2871.2000,2871.4000,2871.6000,10,5,3,4,1,17,2,2,3,1
SF,IH2006,2020-06-17 14:30:55.700,2870.6000,17704,0,14717772840.000,0,-,-,-,-,2870.4000,2870.2000,2870.0000,2869.6000,2869.2000,2870.6000,2871.0000,2871.2000,2871.4000,2871.6000,10,5,3,3,1,17,2,2,3,1
SF,IH2006,2020-06-17 14:30:57.200,2870.6000,17704,0,14717772840.000,0,-,-,-,-,2870.4000,2870.2000,2870.0000,2869.6000,2869.2000,2871.0000,2871.2000,2871.4000,2871.6000,2871.8000,10,5,3,3,1,2,2,3,1,7
SF,IH2006,2020-06-17 14:30:57.700,2870.2000,17709,5,14728967220.000,13,9,4,多开,B,2870.2000,2870.0000,2869.6000,2869.2000,2869.0000,2871.0000,2871.2000,2871.4000,2871.6000,2871.8000,1,3,3,1,1,3,2,3,1,7
SF,IH2006,2020-06-17 14:30:58.200,2870.2000,17709,0,14731550400.000,3,1,2,空换,B,2870.0000,2869.6000,2869.2000,2869.0000,2868.6000,2870.2000,2870.8000,2871.0000,2871.2000,2871.4000,3,3,1,1,2,1,4,3,2,3
SF,IH2006,2020-06-17 14:30:58.700,2870.2000,17710,1,14732411460.000,1,1,0,双开,B,2870.2000,2870.0000,2869.6000,2869.2000,2869.0000,2870.8000,2871.0000,2871.2000,2871.4000,2871.6000,1,3,4,1,1,3,3,2,2,1
SF,IH2006,2020-06-17 14:30:59.200,2870.2000,17710,0,14732411460.000,0,-,-,-,-,2870.4000,2870.0000,2869.6000,2869.2000,2869.0000,2870.6000,2870.8000,2871.0000,2871.2000,2871.4000,1,3,4,1,1,1,3,3,1,2
SF,IH2006,2020-06-17 14:30:59.700,2870.2000,17710,0,14732411460.000,0,-,-,-,-,2870.4000,2870.0000,2869.6000,2869.2000,2869.0000,2870.6000,2870.8000,2871.0000,2871.2000,2871.4000,3,3,4,1,1,1,3,3,1,2
SF,IH2006,2020-06-17 14:31:00.200,2870.2000,17709,-1,14733272520.000,1,0,1,双平,B,2870.4000,2870.0000,2869.6000,2869.2000,2869.0000,2870.6000,2870.8000,2871.0000,2871.2000,2871.4000,2,3,3,1,1,1,3,3,1,2
SF,IH2006,2020-06-17 14:31:00.700,2870.4000,17708,-1,14734133640.000,1,0,1,双平,B,2870.4000,2870.0000,2869.6000,2869.2000,2869.0000,2870.6000,2870.8000,2871.0000,2871.2000,2871.4000,2,3,3,1,1,1,3,3,1,2
SF,IH2006,2020-06-17 14:31:01.200,2870.6000,17708,0,14734994820.000,1,0,1,空换,B,2870.4000,2870.0000,2869.6000,2869.2000,2869.0000,2870.8000,2871.0000,2871.2000,2871.4000,2871.6000,2,3,3,1,1,3,3,1,2,1
SF,IH2006,2020-06-17 14:31:03.700,2870.6000,17708,0,14734994820.000,0,-,-,-,-,2870.4000,2870.0000,2869.6000,2869.2000,2869.0000,2870.8000,2871.0000,2871.2000,2871.4000,2871.6000,2,3,3,1,1,3,3,1,2,1
SF,IH2006,2020-06-17 14:31:04.200,2870.4000,17711,3,14737578180.000,3,3,0,双开,B,2870.0000,2869.6000,2869.2000,2869.0000,2868.6000,2871.0000,2871.2000,2871.4000,2871.6000,2871.8000,4,3,1,1,2,3,1,2,1,7
SF,IH2006,2020-06-17 14:31:04.700,2870.6000,17711,0,14738439360.000,1,0,1,空换,B,2870.2000,2870.0000,2869.6000,2869.2000,2869.0000,2870.6000,2871.0000,2871.2000,2871.4000,2871.6000,7,4,3,2,1,1,3,1,1,1
SF,IH2006,2020-06-17 14:31:05.200,2870.6000,17711,0,14739300540.000,1,0,1,空换,B,2870.6000,2870.4000,2870.2000,2870.0000,2869.6000,2871.0000,2871.2000,2871.4000,2871.6000,2871.8000,1,1,7,4,3,3,1,1,1,7
SF,IH2006,2020-06-17 14:31:05.700,2871.0000,17710,-1,14740161840.000,1,0,1,双平,B,2870.4000,2870.2000,2870.0000,2869.6000,2869.2000,2871.0000,2871.2000,2871.4000,2871.6000,2871.8000,1,4,4,3,2,2,1,1,1,7
SF,IH2006,2020-06-17 14:31:06.200,2871.0000,17710,0,14740161840.000,0,-,-,-,-,2870.6000,2870.4000,2870.2000,2870.0000,2869.6000,2871.0000,2871.2000,2871.4000,2871.6000,2871.8000,1,2,1,4,3,1,1,1,1,7
SF,IH2006,2020-06-17 14:31:06.700,2871.0000,17710,0,14740161840.000,0,-,-,-,-,2870.6000,2870.4000,2870.2000,2870.0000,2869.6000,2871.0000,2871.2000,2871.4000,2871.6000,2871.8000,2,1,1,4,3,2,1,1,1,7
SF,IH2006,2020-06-17 14:31:07.200,2871.0000,17710,0,14740161840.000,0,-,-,-,-,2870.8000,2870.6000,2870.4000,2870.0000,2869.6000,2871.0000,2871.2000,2871.4000,2871.6000,2871.8000,1,2,1,4,3,2,1,1,1,7
SF,IH2006,2020-06-17 14:31:08.200,2871.0000,17710,0,14740161840.000,0,-,-,-,-,2870.8000,2870.6000,2870.0000,2869.6000,2869.2000,2871.0000,2871.2000,2871.4000,2871.6000,2871.8000,1,2,4,3,2,2,1,1,1,7
SF,IH2006,2020-06-17 14:31:08.700,2870.6000,17710,0,14741884260.000,2,1,1,空换,B,2870.6000,2870.0000,2869.6000,2869.2000,2869.0000,2871.0000,2871.2000,2871.4000,2871.6000,2871.8000,1,4,3,2,1,2,1,1,1,7
SF,IH2006,2020-06-17 14:31:09.200,2870.6000,17710,0,14741884260.000,0,-,-,-,-,2870.6000,2870.2000,2870.0000,2869.6000,2869.2000,2871.0000,2871.2000,2871.4000,2871.6000,2871.8000,1,1,4,3,2,2,1,1,1,7
SF,IH2006,2020-06-17 14:31:10.200,2870.6000,17710,0,14741884260.000,0,-,-,-,-,2870.8000,2870.6000,2870.2000,2870.0000,2869.6000,2871.0000,2871.2000,2871.4000,2871.6000,2871.8000,1,1,1,4,3,2,1,1,1,7
SF,IH2006,2020-06-17 14:31:10.700,2870.6000,17710,0,14741884260.000,0,-,-,-,-,2870.8000,2870.6000,2870.2000,2870.0000,2869.6000,2871.0000,2871.2000,2871.4000,2871.6000,2871.8000,1,1,2,4,3,2,1,1,1,7
SF,IH2006,2020-06-17 14:31:11.200,2870.6000,17710,0,14741884260.000,0,-,-,-,-,2870.8000,2870.6000,2870.2000,2870.0000,2869.6000,2871.0000,2871.2000,2871.4000,2871.6000,2871.8000,1,1,2,4,3,3,1,1,1,7
SF,IH2006,2020-06-17 14:31:12.200,2870.6000,17710,0,14741884260.000,0,-,-,-,-,2870.6000,2870.4000,2870.2000,2870.0000,2869.6000,2871.0000,2871.2000,2871.4000,2871.6000,2871.8000,1,1,2,4,3,3,1,1,1,7
SF,IH2006,2020-06-17 14:31:12.700,2871.0000,17709,-1,14742745560.000,1,0,1,双平,B,2870.4000,2870.2000,2870.0000,2869.6000,2869.2000,2871.0000,2871.2000,2871.4000,2871.6000,2871.8000,1,2,4,3,2,2,1,1,1,7
SF,IH2006,2020-06-17 14:31:13.200,2871.0000,17709,0,14742745560.000,0,-,-,-,-,2870.4000,2870.2000,2870.0000,2869.6000,2869.2000,2871.0000,2871.2000,2871.4000,2871.6000,2871.8000,2,1,4,3,2,4,1,1,1,7
SF,IH2006,2020-06-17 14:31:13.700,2871.0000,17709,0,14742745560.000,0,-,-,-,-,2870.4000,2870.2000,2870.0000,2869.6000,2869.2000,2871.0000,2871.2000,2871.4000,2871.6000,2871.8000,2,1,4,3,2,4,1,1,1,7
SF,IH2006,2020-06-17 14:31:14.200,2871.0000,17709,0,14742745560.000,0,-,-,-,-,2870.6000,2870.4000,2870.2000,2870.0000,2869.6000,2871.0000,2871.2000,2871.4000,2871.6000,2871.8000,1,1,1,4,3,3,1,1,1,7
SF,IH2006,2020-06-17 14:31:14.700,2871.0000,17709,0,14742745560.000,0,-,-,-,-,2870.4000,2870.2000,2870.0000,2869.6000,2869.2000,2870.6000,2871.0000,2871.2000,2871.4000,2871.6000,1,1,4,3,2,1,2,1,1,1
SF,IH2006,2020-06-17 14:31:15.200,2871.0000,17709,0,14742745560.000,0,-,-,-,-,2870.4000,2870.2000,2870.0000,2869.6000,2869.2000,2870.6000,2870.8000,2871.0000,2871.2000,2871.4000,1,1,4,3,2,1,1,2,1,1
SF,IH2006,2020-06-17 14:31:16.700,2871.0000,17709,0,14742745560.000,0,-,-,-,-,2870.4000,2870.2000,2870.0000,2869.6000,2869.2000,2870.6000,2870.8000,2871.0000,2871.2000,2871.4000,2,1,4,3,2,1,1,2,1,1
SF,IH2006,2020-06-17 14:31:17.200,2871.0000,17709,0,14742745560.000,0,-,-,-,-,2870.4000,2870.0000,2869.6000,2869.2000,2869.0000,2870.6000,2870.8000,2871.0000,2871.2000,2871.4000,3,4,4,2,1,1,1,2,1,1
SF,IH2006,2020-06-17 14:31:17.700,2871.0000,17709,0,14742745560.000,0,-,-,-,-,2870.4000,2870.0000,2869.6000,2869.2000,2869.0000,2870.8000,2871.0000,2871.2000,2871.4000,2871.6000,3,4,4,2,1,1,2,1,1,1
SF,IH2006,2020-06-17 14:31:18.200,2871.0000,17709,0,14742745560.000,0,-,-,-,-,2870.4000,2870.0000,2869.6000,2869.2000,2869.0000,2870.8000,2871.0000,2871.2000,2871.4000,2871.6000,3,4,4,2,1,2,2,1,1,1
SF,IH2006,2020-06-17 14:31:18.700,2871.0000,17710,1,14743606860.000,1,1,0,双开,B,2870.4000,2870.0000,2869.6000,2869.2000,2869.0000,2870.8000,2871.0000,2871.2000,2871.4000,2871.6000,3,4,4,2,1,1,2,1,1,1
SF,IH2006,2020-06-17 14:31:19.200,2871.0000,17710,0,14743606860.000,0,-,-,-,-,2870.4000,2870.0000,2869.6000,2869.2000,2869.0000,2870.8000,2871.0000,2871.2000,2871.4000,2871.6000,4,4,4,2,1,1,2,1,1,1
SF,IH2006,2020-06-17 14:31:19.700,2871.0000,17710,0,14743606860.000,0,-,-,-,-,2870.4000,2870.0000,2869.6000,2869.2000,2869.0000,2870.8000,2871.0000,2871.2000,2871.4000,2871.6000,3,4,4,1,1,1,2,1,1,1
SF,IH2006,2020-06-17 14:31:20.200,2871.0000,17710,0,14743606860.000,0,-,-,-,-,2870.6000,2870.4000,2870.0000,2869.6000,2869.2000,2870.8000,2871.0000,2871.2000,2871.4000,2871.6000,1,3,4,4,1,1,2,1,1,1
SF,IH2006,2020-06-17 14:31:21.200,2870.6000,17710,0,14744468040.000,1,0,1,空换,B,2870.4000,2870.0000,2869.6000,2869.2000,2869.0000,2870.8000,2871.0000,2871.2000,2871.4000,2871.6000,3,4,4,1,1,1,2,1,1,1
SF,IH2006,2020-06-17 14:31:21.700,2870.6000,17710,0,14744468040.000,0,-,-,-,-,2870.4000,2870.0000,2869.6000,2869.2000,2869.0000,2870.8000,2871.0000,2871.2000,2871.4000,2871.6000,3,4,4,1,1,2,2,1,1,1
SF,IH2006,2020-06-17 14:31:23.700,2870.6000,17710,0,14745329220.000,1,0,1,空换,B,2870.4000,2870.0000,2869.6000,2869.2000,2869.0000,2870.8000,2871.0000,2871.2000,2871.4000,2871.6000,3,4,4,1,1,2,2,1,1,1
SF,IH2006,2020-06-17 14:31:25.200,2870.6000,17710,0,14745329220.000,0,-,-,-,-,2870.4000,2870.2000,2870.0000,2869.6000,2869.2000,2870.8000,2871.0000,2871.2000,2871.4000,2871.6000,3,1,4,4,1,2,2,1,1,1
SF,IH2006,2020-06-17 14:31:25.700,2870.6000,17710,0,14745329220.000,0,-,-,-,-,2870.4000,2870.2000,2870.0000,2869.6000,2869.2000,2870.8000,2871.0000,2871.2000,2871.4000,2871.6000,4,1,4,4,1,2,2,1,1,1
SF,IH2006,2020-06-17 14:31:26.200,2870.6000,17710,0,14745329220.000,0,-,-,-,-,2870.4000,2870.2000,2870.0000,2869.6000,2869.2000,2870.8000,2871.0000,2871.2000,2871.4000,2871.6000,4,1,4,4,1,1,2,1,1,1
SF,IH2006,2020-06-17 14:31:26.700,2870.8000,17711,1,14746190460.000,1,1,0,双开,B,2870.8000,2870.4000,2870.2000,2870.0000,2869.6000,2871.0000,2871.2000,2871.4000,2871.6000,2871.8000,1,6,1,4,4,2,1,1,1,6
SF,IH2006,2020-06-17 14:31:27.200,2870.8000,17711,0,14746190460.000,0,-,-,-,-,2870.4000,2870.2000,2870.0000,2869.6000,2869.2000,2871.0000,2871.2000,2871.4000,2871.6000,2871.8000,6,1,4,4,1,2,1,1,1,6
SF,IH2006,2020-06-17 14:31:27.700,2870.8000,17711,0,14746190460.000,0,-,-,-,-,2870.4000,2870.2000,2870.0000,2869.6000,2869.4000,2871.0000,2871.2000,2871.4000,2871.6000,2871.8000,6,1,4,4,1,2,1,1,1,6
SF,IH2006,2020-06-17 14:31:30.200,2870.4000,17712,1,14747051580.000,1,1,0,双开,B,2870.4000,2870.2000,2870.0000,2869.6000,2869.4000,2871.0000,2871.2000,2871.4000,2871.6000,2871.8000,5,1,4,4,1,2,1,1,1,6
SF,IH2006,2020-06-17 14:31:31.200,2870.4000,17712,0,14747051580.000,0,-,-,-,-,2870.4000,2870.2000,2870.0000,2869.6000,2869.4000,2870.8000,2871.0000,2871.2000,2871.4000,2871.6000,5,1,4,4,1,1,2,1,1,1
SF,IH2006,2020-06-17 14:31:31.700,2870.4000,17712,0,14747051580.000,0,-,-,-,-,2870.4000,2870.2000,2870.0000,2869.6000,2869.4000,2870.8000,2871.0000,2871.2000,2871.4000,2871.6000,5,1,4,4,1,1,3,1,1,1
SF,IH2006,2020-06-17 14:31:32.200,2870.4000,17712,0,14747051580.000,0,-,-,-,-,2870.4000,2870.2000,2870.0000,2869.6000,2869.2000,2870.8000,2871.0000,2871.2000,2871.4000,2871.6000,5,1,4,4,1,1,3,1,1,1
SF,IH2006,2020-06-17 14:31:33.700,2870.4000,17712,0,14747051580.000,0,-,-,-,-,2870.4000,2870.2000,2870.0000,2869.6000,2869.2000,2870.8000,2871.0000,2871.2000,2871.4000,2871.6000,5,1,4,4,1,1,3,1,1,1
SF,IH2006,2020-06-17 14:31:34.200,2870.4000,17713,1,14747912700.000,1,1,0,双开,B,2870.6000,2870.4000,2870.2000,2870.0000,2869.6000,2870.8000,2871.0000,2871.2000,2871.4000,2871.6000,1,4,1,4,4,1,4,1,1,1
SF,IH2006,2020-06-17 14:31:35.200,2870.8000,17713,0,14748773940.000,1,0,1,空换,B,2870.6000,2870.4000,2870.2000,2870.0000,2869.6000,2871.0000,2871.2000,2871.4000,2871.6000,2871.8000,1,4,1,4,4,4,1,1,1,6
SF,IH2006,2020-06-17 14:31:35.700,2870.8000,17713,0,14748773940.000,0,-,-,-,-,2870.6000,2870.4000,2870.2000,2870.0000,2869.6000,2871.0000,2871.2000,2871.4000,2871.6000,2871.8000,1,3,1,4,4,5,1,1,1,6
SF,IH2006,2020-06-17 14:31:36.200,2870.8000,17713,0,14748773940.000,0,-,-,-,-,2870.6000,2870.4000,2870.2000,2870.0000,2869.6000,2871.0000,2871.2000,2871.4000,2871.6000,2871.8000,1,3,1,4,3,5,1,1,1,6
SF,IH2006,2020-06-17 14:31:36.700,2870.8000,17713,0,14748773940.000,0,-,-,-,-,2870.6000,2870.4000,2870.2000,2870.0000,2869.6000,2870.8000,2871.0000,2871.2000,2871.4000,2871.6000,1,3,1,4,3,1,5,1,1,1
SF,IH2006,2020-06-17 14:31:37.200,2870.6000,17713,0,14749635120.000,1,0,1,空换,B,2870.4000,2870.2000,2870.0000,2869.6000,2869.2000,2870.8000,2871.0000,2871.2000,2871.4000,2871.6000,3,1,4,3,1,2,5,1,1,1
SF,IH2006,2020-06-17 14:31:37.700,2870.6000,17713,0,14749635120.000,0,-,-,-,-,2870.4000,2870.2000,2870.0000,2869.6000,2869.4000,2870.8000,2871.0000,2871.2000,2871.4000,2871.6000,3,1,3,3,1,2,5,1,1,1
SF,IH2006,2020-06-17 14:31:39.200,2870.8000,17714,1,14750496360.000,1,1,0,双开,B,2870.4000,2870.2000,2870.0000,2869.6000,2869.4000,2870.8000,2871.0000,2871.2000,2871.4000,2871.6000,3,1,3,2,1,1,5,1,1,1
SF,IH2006,2020-06-17 14:31:39.700,2870.8000,17714,0,14750496360.000,0,-,-,-,-,2870.4000,2870.2000,2870.0000,2869.6000,2869.4000,2870.8000,2871.0000,2871.2000,2871.4000,2871.6000,3,1,3,2,1,1,5,1,1,1
SF,IH2006,2020-06-17 14:31:40.200,2870.8000,17715,1,14751357600.000,1,1,0,双开,B,2870.8000,2870.4000,2870.2000,2870.0000,2869.6000,2871.0000,2871.2000,2871.4000,2871.6000,2871.8000,1,3,1,3,2,5,1,1,1,6
SF,IH2006,2020-06-17 14:31:40.700,2870.8000,17716,1,14752218840.000,1,1,0,双开,B,2870.4000,2870.2000,2870.0000,2869.6000,2869.4000,2870.8000,2871.0000,2871.2000,2871.4000,2871.6000,3,1,3,2,1,3,5,1,1,1
SF,IH2006,2020-06-17 14:31:41.200,2870.8000,17716,0,14752218840.000,0,-,-,-,-,2870.4000,2870.2000,2870.0000,2869.6000,2869.4000,2870.8000,2871.0000,2871.2000,2871.4000,2871.6000,3,1,3,2,1,2,5,1,1,1
SF,IH2006,2020-06-17 14:31:42.200,2870.8000,17716,0,14752218840.000,0,-,-,-,-,2870.4000,2870.2000,2870.0000,2869.6000,2869.4000,2870.8000,2871.0000,2871.2000,2871.4000,2871.6000,3,1,3,2,1,2,5,1,1,1
SF,IH2006,2020-06-17 14:31:42.700,2870.8000,17716,0,14752218840.000,0,-,-,-,-,2870.4000,2870.2000,2870.0000,2869.6000,2869.4000,2870.8000,2871.0000,2871.2000,2871.4000,2871.6000,3,1,3,2,1,3,4,1,1,1
SF,IH2006,2020-06-17 14:31:43.200,2870.8000,17716,0,14752218840.000,0,-,-,-,-,2870.4000,2870.2000,2870.0000,2869.6000,2869.4000,2870.8000,2871.0000,2871.2000,2871.4000,2871.6000,3,1,3,2,1,4,4,1,1,1
SF,IH2006,2020-06-17 14:31:43.700,2870.8000,17716,0,14752218840.000,0,-,-,-,-,2870.4000,2870.2000,2870.0000,2869.6000,2869.4000,2870.6000,2870.8000,2871.0000,2871.2000,2871.4000,3,1,3,2,1,1,3,4,1,1
SF,IH2006,2020-06-17 14:31:44.700,2870.8000,17716,0,14752218840.000,0,-,-,-,-,2870.4000,2870.2000,2870.0000,2869.6000,2869.4000,2870.6000,2870.8000,2871.0000,2871.2000,2871.4000,3,1,3,2,1,1,4,4,1,1
SF,IH2006,2020-06-17 14:31:45.200,2870.4000,17718,2,14754802200.000,3,2,1,多开,B,2870.2000,2870.0000,2869.6000,2869.4000,2869.2000,2870.4000,2870.6000,2870.8000,2871.0000,2871.2000,1,3,2,1,1,1,1,4,4,1
SF,IH2006,2020-06-17 14:31:45.700,2870.4000,17718,0,14755663320.000,1,0,1,空换,B,2870.2000,2870.0000,2869.6000,2869.4000,2869.2000,2870.6000,2870.8000,2871.0000,2871.2000,2871.4000,1,3,2,1,1,1,4,4,1,1
SF,IH2006,2020-06-17 14:31:46.200,2870.4000,17718,0,14755663320.000,0,-,-,-,-,2870.2000,2870.0000,2869.6000,2869.4000,2869.2000,2870.6000,2870.8000,2871.0000,2871.2000,2871.6000,1,3,2,1,1,1,4,4,1,1
SF,IH2006,2020-06-17 14:31:46.700,2870.4000,17718,0,14755663320.000,0,-,-,-,-,2870.2000,2870.0000,2869.6000,2869.4000,2869.2000,2870.4000,2870.6000,2870.8000,2871.0000,2871.2000,1,3,2,1,1,1,1,4,4,1
SF,IH2006,2020-06-17 14:31:47.200,2870.4000,17717,-1,14758246560.000,3,1,2,空平,B,2870.0000,2869.6000,2869.4000,2869.2000,2869.0000,2870.6000,2870.8000,2871.0000,2871.2000,2871.6000,3,2,1,1,1,1,4,4,1,1
SF,IH2006,2020-06-17 14:31:47.700,2870.4000,17717,0,14758246560.000,0,-,-,-,-,2870.0000,2869.6000,2869.4000,2869.2000,2869.0000,2870.6000,2870.8000,2871.0000,2871.2000,2871.6000,4,2,1,1,1,1,4,4,1,1
SF,IH2006,2020-06-17 14:31:48.200,2870.4000,17717,0,14758246560.000,0,-,-,-,-,2870.0000,2869.6000,2869.4000,2869.2000,2869.0000,2870.6000,2870.8000,2871.0000,2871.2000,2871.6000,4,2,1,1,1,2,4,4,1,1
SF,IH2006,2020-06-17 14:31:49.700,2870.6000,17718,1,14759107740.000,1,1,0,双开,B,2870.0000,2869.6000,2869.4000,2869.2000,2869.0000,2870.6000,2870.8000,2871.0000,2871.2000,2871.6000,3,2,1,1,1,1,4,4,1,1
SF,IH2006,2020-06-17 14:31:50.200,2870.6000,17718,0,14759107740.000,0,-,-,-,-,2870.0000,2869.6000,2869.4000,2869.2000,2869.0000,2870.4000,2870.6000,2870.8000,2871.0000,2871.2000,3,2,1,2,1,1,1,3,4,1
SF,IH2006,2020-06-17 14:31:50.700,2870.6000,17718,0,14759107740.000,0,-,-,-,-,2870.0000,2869.6000,2869.4000,2869.2000,2869.0000,2870.4000,2870.6000,2870.8000,2871.0000,2871.2000,3,2,1,2,1,1,1,3,4,1
SF,IH2006,2020-06-17 14:31:52.700,2870.0000,17717,-1,14759968740.000,1,0,1,双平,B,2870.0000,2869.6000,2869.4000,2869.2000,2869.0000,2870.4000,2870.6000,2870.8000,2871.0000,2871.2000,2,2,1,2,1,1,1,3,4,1
SF,IH2006,2020-06-17 14:31:53.200,2870.0000,17717,0,14760829740.000,1,0,1,空换,B,2870.0000,2869.6000,2869.4000,2869.2000,2869.0000,2870.4000,2870.6000,2870.8000,2871.0000,2871.2000,2,2,1,2,1,1,1,3,4,1
SF,IH2006,2020-06-17 14:31:54.200,2870.0000,17717,0,14761690740.000,1,0,1,空换,B,2870.0000,2869.6000,2869.4000,2869.2000,2869.0000,2870.4000,2870.6000,2870.8000,2871.0000,2871.2000,1,2,1,2,1,1,1,3,4,1
SF,IH2006,2020-06-17 14:31:54.700,2870.0000,17717,0,14761690740.000,0,-,-,-,-,2870.0000,2869.6000,2869.4000,2869.2000,2869.0000,2870.2000,2870.4000,2870.6000,2870.8000,2871.0000,1,2,1,2,1,1,1,1,3,3
SF,IH2006,2020-06-17 14:31:55.200,2869.6000,17718,1,14762551620.000,1,1,0,双开,B,2869.6000,2869.4000,2869.2000,2869.0000,2868.6000,2869.8000,2870.2000,2870.4000,2870.6000,2870.8000,1,1,1,1,2,1,1,2,1,3
SF,IH2006,2020-06-17 14:31:55.700,2870.0000,17719,1,14765134500.000,3,2,1,多开,B,2869.8000,2869.6000,2869.4000,2869.2000,2869.0000,2870.0000,2870.2000,2870.4000,2870.6000,2870.8000,1,1,1,1,1,1,1,1,1,3
SF,IH2006,2020-06-17 14:31:56.200,2870.0000,17719,0,14765134500.000,0,-,-,-,-,2869.8000,2869.6000,2869.4000,2869.2000,2869.0000,2870.0000,2870.2000,2870.4000,2870.6000,2870.8000,3,1,1,1,1,1,1,1,1,3
SF,IH2006,2020-06-17 14:31:56.700,2870.0000,17719,0,14765134500.000,0,-,-,-,-,2869.8000,2869.6000,2869.4000,2869.2000,2869.0000,2870.0000,2870.2000,2870.4000,2870.6000,2870.8000,2,1,1,1,1,1,1,1,1,3
SF,IH2006,2020-06-17 14:31:57.700,2870.0000,17720,1,14765995500.000,1,1,0,双开,B,2869.8000,2869.6000,2869.4000,2869.2000,2869.0000,2870.2000,2870.4000,2870.6000,2870.8000,2871.0000,2,1,1,1,1,1,1,1,3,3
SF,IH2006,2020-06-17 14:31:58.200,2870.0000,17720,0,14765995500.000,0,-,-,-,-,2869.8000,2869.6000,2869.4000,2869.2000,2869.0000,2870.2000,2870.4000,2870.6000,2870.8000,2871.0000,2,1,1,1,1,1,1,1,3,2
SF,IH2006,2020-06-17 14:31:58.700,2870.0000,17720,0,14765995500.000,0,-,-,-,-,2869.8000,2869.6000,2869.2000,2869.0000,2868.6000,2870.4000,2870.6000,2870.8000,2871.0000,2871.6000,2,1,1,1,2,1,1,3,2,1
SF,IH2006,2020-06-17 14:31:59.200,2870.0000,17720,0,14765995500.000,0,-,-,-,-,2869.8000,2869.6000,2869.2000,2869.0000,2868.6000,2870.4000,2870.6000,2870.8000,2871.0000,2871.6000,1,1,1,1,2,2,1,3,2,1
SF,IH2006,2020-06-17 14:31:59.700,2870.0000,17720,0,14765995500.000,0,-,-,-,-,2869.8000,2869.6000,2869.2000,2869.0000,2868.6000,2870.4000,2870.6000,2870.8000,2871.0000,2871.6000,1,1,1,1,2,2,1,3,2,1
SF,IH2006,2020-06-17 14:32:00.200,2870.4000,17721,1,14767717680.000,2,1,1,多开,B,2869.8000,2869.6000,2869.2000,2869.0000,2868.8000,2870.4000,2870.6000,2870.8000,2871.0000,2871.6000,1,1,1,2,1,1,1,3,2,1
SF,IH2006,2020-06-17 14:32:00.700,2870.6000,17721,0,14768578860.000,1,0,1,空换,B,2869.8000,2869.6000,2869.2000,2869.0000,2868.8000,2870.8000,2871.0000,2871.6000,2871.8000,2872.0000,1,1,1,2,1,3,2,1,4,7
SF,IH2006,2020-06-17 14:32:01.200,2870.6000,17721,0,14768578860.000,0,-,-,-,-,2870.0000,2869.8000,2869.6000,2869.2000,2869.0000,2870.6000,2870.8000,2871.0000,2871.6000,2871.8000,1,1,1,1,2,2,3,2,1,4
SF,IH2006,2020-06-17 14:32:01.700,2870.6000,17721,0,14768578860.000,0,-,-,-,-,2870.0000,2869.8000,2869.6000,2869.2000,2869.0000,2870.6000,2870.8000,2871.0000,2871.6000,2871.8000,1,1,1,1,2,3,3,2,1,4
SF,IH2006,2020-06-17 14:32:02.200,2870.0000,17721,0,14769439860.000,1,0,1,空换,B,2869.8000,2869.6000,2869.2000,2869.0000,2868.8000,2870.6000,2870.8000,2871.0000,2871.6000,2871.8000,1,1,1,2,1,3,3,2,1,4
SF,IH2006,2020-06-17 14:32:02.700,2870.0000,17721,0,14769439860.000,0,-,-,-,-,2869.8000,2869.6000,2869.2000,2869.0000,2868.8000,2870.6000,2870.8000,2871.0000,2871.6000,2871.8000,7,1,1,2,1,3,3,2,1,4
SF,IH2006,2020-06-17 14:32:03.200,2870.0000,17721,0,14769439860.000,0,-,-,-,-,2869.8000,2869.6000,2869.2000,2869.0000,2868.8000,2870.6000,2870.8000,2871.0000,2871.6000,2871.8000,7,1,1,2,1,3,3,2,1,4
SF,IH2006,2020-06-17 14:32:03.700,2870.0000,17721,0,14769439860.000,0,-,-,-,-,2870.0000,2869.8000,2869.6000,2869.2000,2869.0000,2870.4000,2870.6000,2870.8000,2871.0000,2871.6000,1,6,1,1,2,1,3,3,2,1
SF,IH2006,2020-06-17 14:32:04.700,2870.0000,17722,1,14771161980.000,2,1,1,多开,B,2869.8000,2869.6000,2869.2000,2869.0000,2868.8000,2870.6000,2870.8000,2871.0000,2871.6000,2871.8000,6,1,1,2,1,3,3,2,1,4
SF,IH2006,2020-06-17 14:32:05.200,2869.8000,17722,0,14772022920.000,1,0,1,空换,B,2869.8000,2869.6000,2869.2000,2869.0000,2868.8000,2870.6000,2870.8000,2871.0000,2871.6000,2871.8000,5,1,1,2,1,3,3,2,1,4
SF,IH2006,2020-06-17 14:32:05.700,2869.8000,17722,0,14772022920.000,0,-,-,-,-,2870.0000,2869.8000,2869.6000,2869.2000,2869.0000,2870.4000,2870.6000,2870.8000,2871.0000,2871.6000,1,5,1,1,2,1,3,3,2,1
SF,IH2006,2020-06-17 14:32:06.200,2869.8000,17722,0,14772022920.000,0,-,-,-,-,2870.0000,2869.8000,2869.6000,2869.2000,2869.0000,2870.2000,2870.4000,2870.6000,2870.8000,2871.0000,1,5,1,1,2,1,2,2,3,2
SF,IH2006,2020-06-17 14:32:06.700,2869.8000,17722,0,14772022920.000,0,-,-,-,-,2870.0000,2869.8000,2869.6000,2869.2000,2869.0000,2870.2000,2870.4000,2870.6000,2870.8000,2871.0000,1,5,1,1,2,1,3,1,3,2
SF,IH2006,2020-06-17 14:32:07.200,2869.8000,17727,5,14776327680.000,5,5,0,双开,B,2869.8000,2869.6000,2869.2000,2869.0000,2868.8000,2870.0000,2870.2000,2870.4000,2870.6000,2870.8000,1,1,1,2,1,4,1,3,1,3
SF,IH2006,2020-06-17 14:32:07.700,2869.6000,17728,1,14778049500.000,2,1,1,多开,B,2869.2000,2869.0000,2868.8000,2868.6000,2868.4000,2869.8000,2870.0000,2870.2000,2870.4000,2870.6000,1,2,1,2,2,9,4,1,3,1
SF,IH2006,2020-06-17 14:32:08.200,2869.6000,17728,0,14778049500.000,0,-,-,-,-,2869.2000,2869.0000,2868.8000,2868.6000,2868.4000,2869.8000,2870.0000,2870.2000,2870.4000,2870.6000,1,2,1,2,2,6,4,1,3,1
SF,IH2006,2020-06-17 14:32:08.700,2869.6000,17728,0,14778049500.000,0,-,-,-,-,2869.2000,2869.0000,2868.6000,2868.4000,2868.2000,2869.8000,2870.0000,2870.2000,2870.4000,2870.6000,1,2,2,2,2,6,4,1,2,1
SF,IH2006,2020-06-17 14:32:09.200,2869.6000,17728,0,14778049500.000,0,-,-,-,-,2869.4000,2869.2000,2869.0000,2868.6000,2868.4000,2869.8000,2870.0000,2870.2000,2870.4000,2870.6000,1,1,2,2,2,9,4,1,2,1
SF,IH2006,2020-06-17 14:32:09.700,2869.6000,17728,0,14778049500.000,0,-,-,-,-,2869.4000,2869.2000,2869.0000,2868.6000,2868.4000,2869.8000,2870.0000,2870.2000,2870.4000,2870.6000,1,1,1,2,2,9,4,1,2,1
SF,IH2006,2020-06-17 14:32:10.200,2869.4000,17727,-1,14778910320.000,1,0,1,双平,B,2869.2000,2869.0000,2868.6000,2868.4000,2868.2000,2869.8000,2870.0000,2870.2000,2870.4000,2870.6000,1,1,2,3,2,9,4,1,2,1
SF,IH2006,2020-06-17 14:32:10.700,2869.4000,17727,0,14778910320.000,0,-,-,-,-,2869.6000,2869.2000,2869.0000,2868.6000,2868.4000,2869.8000,2870.0000,2870.2000,2870.4000,2870.6000,1,1,1,2,3,9,4,1,2,1
SF,IH2006,2020-06-17 14:32:11.200,2869.6000,17727,0,14779771200.000,1,0,1,空换,B,2869.2000,2869.0000,2868.6000,2868.4000,2868.2000,2869.6000,2869.8000,2870.0000,2870.2000,2870.4000,1,1,2,3,2,2,7,4,1,2
SF,IH2006,2020-06-17 14:32:11.700,2869.6000,17727,0,14779771200.000,0,-,-,-,-,2869.6000,2869.2000,2869.0000,2868.6000,2868.4000,2869.8000,2870.0000,2870.2000,2870.4000,2870.6000,2,1,2,2,3,7,4,1,2,1
SF,IH2006,2020-06-17 14:32:12.200,2869.6000,17727,0,14779771200.000,0,-,-,-,-,2869.2000,2869.0000,2868.6000,2868.4000,2868.2000,2869.8000,2870.0000,2870.2000,2870.4000,2870.6000,1,2,2,3,2,8,2,1,2,1
SF,IH2006,2020-06-17 14:32:12.700,2869.6000,17728,1,14780632080.000,1,1,0,双开,B,2869.6000,2869.2000,2869.0000,2868.6000,2868.4000,2869.8000,2870.0000,2870.2000,2870.4000,2870.6000,7,2,2,2,3,6,2,1,2,1
SF,IH2006,2020-06-17 14:32:13.200,2869.8000,17730,2,14784936780.000,5,3,2,多开,B,2869.2000,2869.0000,2868.6000,2868.4000,2868.2000,2869.8000,2870.0000,2870.2000,2870.4000,2870.6000,2,2,2,3,3,1,2,1,1,1
SF,IH2006,2020-06-17 14:32:13.700,2870.0000,17733,3,14787519720.000,3,3,0,双开,B,2870.0000,2869.8000,2869.6000,2869.4000,2869.2000,2870.2000,2870.4000,2870.6000,2870.8000,2871.0000,1,5,1,4,2,1,1,1,2,2
SF,IH2006,2020-06-17 14:32:14.200,2870.0000,17733,0,14787519720.000,0,-,-,-,-,2869.8000,2869.4000,2869.2000,2869.0000,2868.6000,2870.2000,2870.4000,2870.6000,2870.8000,2871.0000,2,2,2,2,2,1,1,1,2,2
SF,IH2006,2020-06-17 14:32:14.700,2870.0000,17733,0,14787519720.000,0,-,-,-,-,2869.8000,2869.6000,2869.4000,2869.2000,2869.0000,2870.0000,2870.2000,2870.4000,2870.6000,2870.8000,2,1,1,2,2,1,2,1,1,2
SF,IH2006,2020-06-17 14:32:15.200,2870.0000,17734,1,14788380720.000,1,1,0,双开,B,2869.8000,2869.6000,2869.4000,2869.2000,2869.0000,2870.2000,2870.4000,2870.6000,2870.8000,2871.0000,2,1,1,2,2,2,1,1,3,2
SF,IH2006,2020-06-17 14:32:16.200,2870.0000,17734,0,14788380720.000,0,-,-,-,-,2869.8000,2869.6000,2869.4000,2869.2000,2869.0000,2870.2000,2870.4000,2870.6000,2870.8000,2871.0000,2,1,2,2,2,2,1,1,3,2
SF,IH2006,2020-06-17 14:32:17.200,2870.0000,17734,0,14788380720.000,0,-,-,-,-,2869.8000,2869.6000,2869.4000,2869.2000,2869.0000,2870.2000,2870.4000,2870.6000,2870.8000,2871.0000,2,1,2,2,2,2,1,1,3,2
SF,IH2006,2020-06-17 14:32:17.700,2870.0000,17734,0,14788380720.000,0,-,-,-,-,2869.8000,2869.6000,2869.4000,2869.2000,2869.0000,2870.2000,2870.4000,2870.6000,2870.8000,2871.0000,2,1,2,2,2,3,1,1,3,2
SF,IH2006,2020-06-17 14:32:19.700,2870.0000,17734,0,14788380720.000,0,-,-,-,-,2869.8000,2869.6000,2869.4000,2869.2000,2869.0000,2870.2000,2870.4000,2870.6000,2870.8000,2871.0000,2,1,2,2,3,3,1,1,3,2
SF,IH2006,2020-06-17 14:32:21.700,2870.0000,17734,0,14788380720.000,0,-,-,-,-,2869.6000,2869.4000,2869.2000,2869.0000,2868.8000,2870.2000,2870.4000,2870.6000,2870.8000,2871.0000,1,2,2,3,1,3,1,1,3,2
SF,IH2006,2020-06-17 14:32:26.700,2870.2000,17734,0,14789241780.000,1,0,1,空换,B,2869.6000,2869.4000,2869.2000,2869.0000,2868.8000,2870.2000,2870.4000,2870.6000,2870.8000,2871.0000,1,2,2,3,1,2,1,1,3,2
SF,IH2006,2020-06-17 14:32:27.700,2869.6000,17734,0,14790102660.000,1,0,1,空换,B,2869.4000,2869.2000,2869.0000,2868.8000,2868.6000,2870.2000,2870.4000,2870.6000,2870.8000,2871.0000,2,2,3,1,2,2,1,1,2,2
SF,IH2006,2020-06-17 14:32:28.200,2869.6000,17734,0,14790102660.000,0,-,-,-,-,2869.6000,2869.4000,2869.2000,2869.0000,2868.8000,2870.2000,2870.4000,2870.6000,2870.8000,2871.0000,1,2,2,3,1,2,1,1,2,2
SF,IH2006,2020-06-17 14:32:29.200,2869.6000,17734,0,14790102660.000,0,-,-,-,-,2869.8000,2869.6000,2869.4000,2869.2000,2869.0000,2870.2000,2870.4000,2870.6000,2870.8000,2871.0000,1,1,2,2,3,2,1,1,2,2
SF,IH2006,2020-06-17 14:32:29.700,2870.2000,17734,0,14790963720.000,1,0,1,空换,B,2869.8000,2869.6000,2869.4000,2869.2000,2869.0000,2870.2000,2870.4000,2870.6000,2870.8000,2871.0000,1,1,2,2,3,1,1,1,2,2
SF,IH2006,2020-06-17 14:32:30.200,2870.2000,17734,0,14790963720.000,0,-,-,-,-,2869.4000,2869.2000,2869.0000,2868.8000,2868.6000,2870.2000,2870.4000,2870.6000,2870.8000,2871.0000,3,2,3,1,2,2,1,1,2,2
SF,IH2006,2020-06-17 14:32:30.700,2870.2000,17734,0,14790963720.000,0,-,-,-,-,2870.0000,2869.6000,2869.4000,2869.2000,2869.0000,2870.2000,2870.4000,2870.6000,2870.8000,2871.0000,1,5,3,2,3,2,1,1,2,2
SF,IH2006,2020-06-17 14:32:31.200,2870.2000,17733,-1,14791824780.000,1,0,1,双平,B,2869.6000,2869.4000,2869.2000,2869.0000,2868.8000,2870.2000,2870.4000,2870.6000,2870.8000,2871.0000,4,3,2,3,1,1,1,1,2,2
SF,IH2006,2020-06-17 14:32:32.700,2870.2000,17733,0,14792685840.000,1,0,1,空换,B,2869.6000,2869.4000,2869.2000,2869.0000,2868.8000,2870.4000,2870.6000,2870.8000,2871.0000,2871.6000,4,3,2,3,1,1,1,2,2,2
SF,IH2006,2020-06-17 14:32:33.200,2870.2000,17733,0,14792685840.000,0,-,-,-,-,2869.8000,2869.6000,2869.4000,2869.2000,2869.0000,2870.0000,2870.4000,2870.6000,2870.8000,2871.0000,1,4,3,2,3,1,1,1,2,2
SF,IH2006,2020-06-17 14:32:33.700,2870.2000,17733,0,14792685840.000,0,-,-,-,-,2869.8000,2869.6000,2869.4000,2869.2000,2869.0000,2870.0000,2870.4000,2870.6000,2870.8000,2871.0000,1,4,3,2,3,5,1,1,2,2
SF,IH2006,2020-06-17 14:32:34.700,2870.0000,17733,0,14793546840.000,1,0,1,空换,B,2869.8000,2869.6000,2869.4000,2869.2000,2869.0000,2870.0000,2870.4000,2870.6000,2870.8000,2871.0000,1,3,3,2,3,4,1,1,2,2
SF,IH2006,2020-06-17 14:32:35.200,2870.0000,17733,0,14793546840.000,0,-,-,-,-,2869.8000,2869.6000,2869.4000,2869.2000,2869.0000,2870.0000,2870.4000,2870.6000,2870.8000,2871.0000,1,3,3,2,3,4,1,1,2,2
SF,IH2006,2020-06-17 14:32:36.200,2870.0000,17733,0,14794407840.000,1,0,1,空换,B,2869.8000,2869.6000,2869.4000,2869.2000,2869.0000,2870.0000,2870.4000,2870.6000,2870.8000,2871.0000,1,3,3,2,3,3,1,1,2,2
SF,IH2006,2020-06-17 14:32:36.700,2870.0000,17733,0,14794407840.000,0,-,-,-,-,2869.8000,2869.6000,2869.4000,2869.2000,2869.0000,2870.0000,2870.4000,2870.6000,2870.8000,2871.0000,1,2,3,2,3,3,1,1,2,2
SF,IH2006,2020-06-17 14:32:37.200,2870.0000,17733,0,14794407840.000,0,-,-,-,-,2869.8000,2869.6000,2869.4000,2869.2000,2869.0000,2870.0000,2870.4000,2870.6000,2870.8000,2871.0000,1,1,3,2,3,3,1,1,2,2
SF,IH2006,2020-06-17 14:32:37.700,2870.0000,17733,0,14795268840.000,1,0,1,空换,B,2869.8000,2869.6000,2869.4000,2869.2000,2869.0000,2870.0000,2870.4000,2870.6000,2870.8000,2871.0000,1,1,3,2,3,2,1,1,2,2
SF,IH2006,2020-06-17 14:32:38.200,2870.0000,17733,0,14795268840.000,0,-,-,-,-,2869.8000,2869.6000,2869.4000,2869.2000,2869.0000,2870.0000,2870.4000,2870.6000,2870.8000,2871.0000,1,1,3,2,3,2,1,1,2,2
SF,IH2006,2020-06-17 14:32:38.700,2870.0000,17733,0,14796129840.000,1,0,1,空换,B,2869.8000,2869.6000,2869.4000,2869.2000,2869.0000,2870.0000,2870.4000,2870.6000,2870.8000,2871.0000,1,1,3,2,3,1,1,1,2,2
SF,IH2006,2020-06-17 14:32:39.700,2870.0000,17733,0,14796990840.000,1,0,1,空换,B,2870.0000,2869.8000,2869.6000,2869.4000,2869.2000,2870.4000,2870.6000,2870.8000,2871.0000,2871.6000,3,1,1,3,2,1,1,2,2,2
SF,IH2006,2020-06-17 14:32:40.700,2870.0000,17733,0,14797851840.000,1,0,1,空换,B,2870.0000,2869.8000,2869.6000,2869.4000,2869.2000,2870.4000,2870.6000,2870.8000,2871.0000,2871.6000,2,1,1,3,2,1,1,2,2,2
SF,IH2006,2020-06-17 14:32:41.200,2870.2000,17733,0,14798712900.000,1,0,1,空换,B,2870.0000,2869.6000,2869.4000,2869.2000,2869.0000,2870.4000,2870.6000,2870.8000,2871.0000,2871.6000,2,1,3,2,3,1,1,2,2,2
SF,IH2006,2020-06-17 14:32:42.200,2870.2000,17733,0,14798712900.000,0,-,-,-,-,2870.0000,2869.6000,2869.4000,2869.2000,2869.0000,2870.4000,2870.6000,2870.8000,2871.0000,2871.6000,2,1,3,2,3,1,1,2,2,2
SF,IH2006,2020-06-17 14:32:42.700,2870.2000,17733,0,14798712900.000,0,-,-,-,-,2870.0000,2869.6000,2869.4000,2869.2000,2869.0000,2870.4000,2870.6000,2870.8000,2871.0000,2871.6000,2,1,3,2,3,5,1,2,2,2
SF,IH2006,2020-06-17 14:32:43.700,2870.2000,17733,0,14798712900.000,0,-,-,-,-,2870.0000,2869.6000,2869.4000,2869.2000,2869.0000,2870.2000,2870.4000,2870.6000,2870.8000,2871.0000,2,1,3,2,3,1,5,1,2,2
SF,IH2006,2020-06-17 14:32:49.200,2870.2000,17733,0,14798712900.000,0,-,-,-,-,2870.0000,2869.6000,2869.4000,2869.2000,2869.0000,2870.2000,2870.4000,2870.6000,2870.8000,2871.0000,2,1,3,2,3,1,5,1,2,2
SF,IH2006,2020-06-17 14:32:50.700,2870.0000,17733,0,14800434900.000,2,1,1,空换,B,2869.6000,2869.4000,2869.2000,2869.0000,2868.8000,2870.2000,2870.4000,2870.6000,2870.8000,2871.0000,1,3,2,3,1,1,5,1,2,2
SF,IH2006,2020-06-17 14:32:51.200,2870.0000,17733,0,14800434900.000,0,-,-,-,-,2869.6000,2869.4000,2869.2000,2869.0000,2868.8000,2870.2000,2870.4000,2870.6000,2870.8000,2871.0000,1,3,2,3,1,2,5,1,2,2
SF,IH2006,2020-06-17 14:32:51.700,2870.0000,17733,0,14800434900.000,0,-,-,-,-,2869.6000,2869.4000,2869.2000,2869.0000,2868.8000,2870.2000,2870.4000,2870.6000,2870.8000,2871.0000,2,3,2,3,1,2,5,1,2,2
SF,IH2006,2020-06-17 14:32:52.700,2870.0000,17733,0,14800434900.000,0,-,-,-,-,2869.6000,2869.4000,2869.2000,2869.0000,2868.8000,2870.2000,2870.4000,2870.6000,2870.8000,2871.0000,1,3,2,3,1,2,5,1,2,2
SF,IH2006,2020-06-17 14:32:53.700,2870.0000,17733,0,14800434900.000,0,-,-,-,-,2869.6000,2869.4000,2869.2000,2869.0000,2868.8000,2870.2000,2870.4000,2870.6000,2870.8000,2871.0000,1,3,2,3,1,2,5,1,2,2
SF,IH2006,2020-06-17 14:32:54.200,2870.2000,17734,1,14801295960.000,1,1,0,双开,B,2869.6000,2869.4000,2869.2000,2869.0000,2868.8000,2870.2000,2870.4000,2870.6000,2870.8000,2871.0000,1,3,2,3,1,2,5,1,2,2
SF,IH2006,2020-06-17 14:32:54.700,2870.2000,17734,0,14801295960.000,0,-,-,-,-,2870.0000,2869.6000,2869.4000,2869.2000,2869.0000,2870.2000,2870.4000,2870.6000,2870.8000,2871.0000,2,1,3,2,3,2,5,1,2,2
SF,IH2006,2020-06-17 14:32:56.700,2870.2000,17734,0,14801295960.000,0,-,-,-,-,2870.0000,2869.6000,2869.4000,2869.2000,2869.0000,2870.2000,2870.4000,2870.6000,2870.8000,2871.0000,2,1,3,2,3,2,5,1,2,2
SF,IH2006,2020-06-17 14:32:57.700,2870.2000,17734,0,14801295960.000,0,-,-,-,-,2870.0000,2869.6000,2869.4000,2869.2000,2869.0000,2870.2000,2870.4000,2870.6000,2870.8000,2871.0000,2,1,3,2,3,2,5,1,2,2
SF,IH2006,2020-06-17 14:32:58.700,2870.2000,17734,0,14801295960.000,0,-,-,-,-,2870.0000,2869.6000,2869.4000,2869.2000,2869.0000,2870.2000,2870.4000,2870.6000,2870.8000,2871.0000,2,1,3,2,3,3,5,1,2,2
SF,IH2006,2020-06-17 14:32:59.700,2870.2000,17734,0,14801295960.000,0,-,-,-,-,2870.0000,2869.8000,2869.6000,2869.4000,2869.2000,2870.2000,2870.4000,2870.6000,2870.8000,2871.0000,3,1,1,3,2,3,5,1,2,2
SF,IH2006,2020-06-17 14:33:00.700,2870.2000,17734,0,14801295960.000,0,-,-,-,-,2870.0000,2869.8000,2869.6000,2869.4000,2869.2000,2870.2000,2870.4000,2870.6000,2870.8000,2871.0000,3,1,1,3,2,3,5,1,2,2
SF,IH2006,2020-06-17 14:33:01.200,2870.2000,17734,0,14801295960.000,0,-,-,-,-,2870.0000,2869.8000,2869.6000,2869.4000,2869.2000,2870.2000,2870.4000,2870.6000,2870.8000,2871.0000,3,1,1,3,2,3,4,1,2,2
SF,IH2006,2020-06-17 14:33:01.700,2870.2000,17734,0,14802157020.000,1,0,1,空换,B,2870.0000,2869.8000,2869.6000,2869.4000,2869.2000,2870.2000,2870.4000,2870.6000,2870.8000,2871.0000,4,1,1,3,2,2,4,1,2,2
SF,IH2006,2020-06-17 14:33:03.200,2870.2000,17734,0,14802157020.000,0,-,-,-,-,2870.0000,2869.8000,2869.6000,2869.4000,2869.2000,2870.2000,2870.4000,2870.6000,2870.8000,2871.0000,2,1,1,3,2,2,4,1,2,2
SF,IH2006,2020-06-17 14:33:03.700,2870.4000,17737,3,14804740260.000,3,3,0,双开,B,2870.0000,2869.8000,2869.6000,2869.4000,2869.2000,2870.4000,2870.6000,2870.8000,2871.0000,2871.4000,3,1,1,3,2,3,1,2,2,1
SF,IH2006,2020-06-17 14:33:04.200,2870.4000,17737,0,14804740260.000,0,-,-,-,-,2870.0000,2869.8000,2869.6000,2869.4000,2869.2000,2870.2000,2870.4000,2870.8000,2871.0000,2871.4000,3,1,1,3,2,1,3,2,2,1
SF,IH2006,2020-06-17 14:33:04.700,2870.2000,17737,0,14805601320.000,1,0,1,空换,B,2870.2000,2870.0000,2869.8000,2869.4000,2869.2000,2870.4000,2870.8000,2871.0000,2871.4000,2871.6000,4,3,1,3,2,3,2,2,1,11
SF,IH2006,2020-06-17 14:33:05.200,2870.2000,17737,0,14805601320.000,0,-,-,-,-,2870.2000,2870.0000,2869.8000,2869.4000,2869.2000,2870.4000,2870.8000,2871.0000,2871.4000,2871.6000,3,3,1,3,2,3,2,2,1,11
SF,IH2006,2020-06-17 14:33:05.700,2870.4000,17738,1,14806462440.000,1,1,0,双开,B,2870.2000,2870.0000,2869.8000,2869.4000,2869.2000,2870.4000,2870.8000,2871.0000,2871.4000,2871.6000,4,3,1,3,2,2,2,2,1,11
SF,IH2006,2020-06-17 14:33:06.200,2870.4000,17739,1,14807323560.000,1,1,0,双开,B,2870.2000,2870.0000,2869.8000,2869.4000,2869.2000,2870.4000,2870.8000,2871.0000,2871.4000,2871.6000,4,3,1,3,2,1,2,2,1,11
SF,IH2006,2020-06-17 14:33:06.700,2870.4000,17740,1,14808184680.000,1,1,0,双开,B,2870.6000,2870.4000,2870.2000,2870.0000,2869.8000,2870.8000,2871.0000,2871.4000,2871.6000,2871.8000,1,12,3,2,1,2,2,1,11,4
SF,IH2006,2020-06-17 14:33:07.200,2870.4000,17741,1,14809906980.000,2,1,1,多开,B,2870.4000,2870.2000,2870.0000,2869.8000,2869.4000,2870.6000,2870.8000,2871.0000,2871.4000,2871.6000,5,3,2,1,3,2,2,4,1,11
SF,IH2006,2020-06-17 14:33:07.700,2870.4000,17742,1,14810768100.000,1,1,0,双开,B,2870.4000,2870.2000,2870.0000,2869.8000,2869.4000,2870.6000,2870.8000,2871.0000,2871.4000,2871.6000,2,3,2,1,3,1,2,4,1,11
SF,IH2006,2020-06-17 14:33:08.200,2870.4000,17742,0,14812490340.000,2,1,1,空换,B,2870.2000,2870.0000,2869.8000,2869.4000,2869.2000,2870.6000,2870.8000,2871.0000,2871.4000,2871.6000,3,2,1,3,2,1,2,4,1,11
SF,IH2006,2020-06-17 14:33:08.700,2870.2000,17744,2,14814212460.000,2,2,0,双开,B,2870.2000,2870.0000,2869.8000,2869.4000,2869.2000,2870.6000,2870.8000,2871.0000,2871.4000,2871.6000,2,2,1,3,2,1,2,4,1,11
SF,IH2006,2020-06-17 14:33:09.200,2870.2000,17744,0,14814212460.000,0,-,-,-,-,2870.2000,2870.0000,2869.8000,2869.4000,2869.2000,2870.6000,2870.8000,2871.0000,2871.4000,2871.6000,3,2,1,3,2,1,2,4,1,11
SF,IH2006,2020-06-17 14:33:12.700,2870.2000,17744,0,14814212460.000,0,-,-,-,-,2870.2000,2870.0000,2869.8000,2869.4000,2869.2000,2870.6000,2870.8000,2871.0000,2871.4000,2871.6000,2,2,1,3,2,1,2,4,1,11
SF,IH2006,2020-06-17 14:33:14.200,2870.2000,17744,0,14814212460.000,0,-,-,-,-,2870.2000,2870.0000,2869.4000,2869.2000,2869.0000,2870.6000,2870.8000,2871.0000,2871.4000,2871.6000,2,3,3,2,3,1,2,4,1,11
SF,IH2006,2020-06-17 14:33:14.700,2870.2000,17744,0,14815073520.000,1,0,1,空换,B,2870.2000,2870.0000,2869.4000,2869.2000,2869.0000,2870.6000,2870.8000,2871.0000,2871.4000,2871.6000,2,3,3,2,3,1,2,4,1,11
SF,IH2006,2020-06-17 14:33:15.200,2870.2000,17744,0,14816795640.000,2,1,1,空换,B,2870.0000,2869.4000,2869.2000,2869.0000,2868.6000,2870.2000,2870.6000,2870.8000,2871.0000,2871.4000,3,3,2,3,2,5,1,2,4,1
SF,IH2006,2020-06-17 14:33:15.700,2870.2000,17744,0,14816795640.000,0,-,-,-,-,2870.0000,2869.4000,2869.2000,2869.0000,2868.6000,2870.2000,2870.6000,2870.8000,2871.0000,2871.4000,4,3,2,3,2,5,1,2,4,1
SF,IH2006,2020-06-17 14:33:16.200,2870.2000,17744,0,14817656700.000,1,0,1,空换,B,2870.0000,2869.4000,2869.2000,2869.0000,2868.6000,2870.2000,2870.6000,2870.8000,2871.0000,2871.4000,4,3,2,3,2,4,1,2,4,1
SF,IH2006,2020-06-17 14:33:18.700,2870.2000,17744,0,14817656700.000,0,-,-,-,-,2870.0000,2869.4000,2869.2000,2869.0000,2868.6000,2870.2000,2870.6000,2870.8000,2871.0000,2871.4000,5,3,2,3,2,4,1,2,4,1
SF,IH2006,2020-06-17 14:33:19.200,2870.2000,17744,0,14818517760.000,1,0,1,空换,B,2870.0000,2869.4000,2869.2000,2869.0000,2868.6000,2870.2000,2870.6000,2870.8000,2871.0000,2871.4000,5,3,2,3,2,3,1,2,4,1
SF,IH2006,2020-06-17 14:33:20.200,2870.2000,17744,0,14818517760.000,0,-,-,-,-,2870.0000,2869.8000,2869.4000,2869.2000,2869.0000,2870.2000,2870.6000,2870.8000,2871.0000,2871.4000,5,1,3,2,3,3,1,2,4,1
SF,IH2006,2020-06-17 14:33:20.700,2870.2000,17744,0,14818517760.000,0,-,-,-,-,2870.0000,2869.8000,2869.4000,2869.2000,2869.0000,2870.2000,2870.6000,2870.8000,2871.0000,2871.4000,4,1,3,2,3,3,1,2,4,1
SF,IH2006,2020-06-17 14:33:22.200,2870.2000,17743,-1,14819378820.000,1,0,1,双平,B,2870.0000,2869.8000,2869.4000,2869.2000,2869.0000,2870.2000,2870.6000,2870.8000,2871.0000,2871.4000,4,1,3,2,3,2,1,2,4,1
SF,IH2006,2020-06-17 14:33:26.700,2870.2000,17742,-1,14820239880.000,1,0,1,双平,B,2870.0000,2869.8000,2869.4000,2869.2000,2869.0000,2870.2000,2870.6000,2870.8000,2871.0000,2871.4000,4,1,3,2,3,1,1,2,4,1
SF,IH2006,2020-06-17 14:33:27.200,2870.2000,17742,0,14820239880.000,0,-,-,-,-,2870.0000,2869.8000,2869.4000,2869.2000,2869.0000,2870.2000,2870.6000,2870.8000,2871.0000,2871.4000,4,1,3,2,3,2,1,2,4,1
SF,IH2006,2020-06-17 14:33:28.700,2870.0000,17741,-1,14822822880.000,3,1,2,空平,B,2870.0000,2869.8000,2869.4000,2869.2000,2869.0000,2870.2000,2870.4000,2870.6000,2870.8000,2871.0000,1,1,3,2,3,5,3,1,2,2
SF,IH2006,2020-06-17 14:33:29.200,2869.8000,17741,0,14824544820.000,2,1,1,空换,B,2869.4000,2869.2000,2869.0000,2868.6000,2868.4000,2870.0000,2870.2000,2870.4000,2870.6000,2870.8000,3,2,3,2,4,4,9,3,1,2
SF,IH2006,2020-06-17 14:33:29.700,2869.8000,17741,0,14824544820.000,0,-,-,-,-,2869.4000,2869.2000,2869.0000,2868.6000,2868.4000,2869.8000,2870.0000,2870.2000,2870.4000,2870.6000,3,2,3,2,4,1,2,9,3,1
SF,IH2006,2020-06-17 14:33:30.200,2869.8000,17741,0,14824544820.000,0,-,-,-,-,2869.4000,2869.2000,2869.0000,2868.6000,2868.4000,2869.8000,2870.0000,2870.2000,2870.4000,2870.6000,3,2,3,2,4,4,2,9,3,1
SF,IH2006,2020-06-17 14:33:30.700,2869.8000,17741,0,14824544820.000,0,-,-,-,-,2869.4000,2869.2000,2869.0000,2868.6000,2868.4000,2869.8000,2870.0000,2870.2000,2870.4000,2870.6000,2,2,3,2,4,4,2,9,3,1
SF,IH2006,2020-06-17 14:33:31.200,2869.8000,17741,0,14826266700.000,2,1,1,空换,B,2869.4000,2869.2000,2869.0000,2868.6000,2868.4000,2869.8000,2870.0000,2870.2000,2870.4000,2870.6000,2,2,3,2,4,2,2,9,3,1
SF,IH2006,2020-06-17 14:33:31.700,2869.8000,17741,0,14826266700.000,0,-,-,-,-,2869.4000,2869.2000,2869.0000,2868.6000,2868.4000,2869.6000,2869.8000,2870.0000,2870.2000,2870.4000,2,2,3,2,4,1,4,2,9,3
SF,IH2006,2020-06-17 14:33:32.200,2869.8000,17741,0,14826266700.000,0,-,-,-,-,2869.4000,2869.2000,2869.0000,2868.6000,2868.4000,2869.6000,2869.8000,2870.0000,2870.2000,2870.4000,2,2,3,2,4,4,1,1,9,3
SF,IH2006,2020-06-17 14:33:34.200,2869.8000,17741,0,14826266700.000,0,-,-,-,-,2869.4000,2869.2000,2869.0000,2868.6000,2868.4000,2869.6000,2869.8000,2870.0000,2870.2000,2870.4000,2,2,3,2,3,4,1,1,9,3
SF,IH2006,2020-06-17 14:33:35.700,2869.4000,17741,0,14827988340.000,2,1,1,空换,B,2869.2000,2869.0000,2868.6000,2868.4000,2868.2000,2869.4000,2869.6000,2869.8000,2870.0000,2870.2000,2,3,2,3,4,5,4,1,1,9
SF,IH2006,2020-06-17 14:33:36.200,2869.4000,17741,0,14827988340.000,0,-,-,-,-,2869.2000,2869.0000,2868.6000,2868.4000,2868.2000,2869.4000,2869.6000,2869.8000,2870.0000,2870.2000,1,3,2,3,4,8,1,1,1,9
SF,IH2006,2020-06-17 14:33:38.200,2869.4000,17740,-1,14828849160.000,1,0,1,双平,B,2869.2000,2869.0000,2868.6000,2868.4000,2868.2000,2869.4000,2869.6000,2869.8000,2870.0000,2870.2000,1,3,2,3,4,7,1,1,1,9
SF,IH2006,2020-06-17 14:33:38.700,2869.2000,17740,0,14829709920.000,1,0,1,空换,B,2869.0000,2868.6000,2868.4000,2868.2000,2868.0000,2869.2000,2869.4000,2869.6000,2869.8000,2870.0000,3,2,3,4,2,3,3,1,1,1
SF,IH2006,2020-06-17 14:33:39.200,2869.2000,17740,0,14830570680.000,1,0,1,空换,B,2869.0000,2868.6000,2868.4000,2868.2000,2868.0000,2869.2000,2869.6000,2869.8000,2870.0000,2870.2000,3,2,3,4,2,5,1,1,1,9
SF,IH2006,2020-06-17 14:33:39.700,2869.2000,17739,-1,14832292200.000,2,0,2,空平,B,2869.0000,2868.6000,2868.4000,2868.2000,2868.0000,2869.2000,2869.6000,2869.8000,2870.2000,2870.4000,4,2,3,4,2,3,1,1,9,3
SF,IH2006,2020-06-17 14:33:40.200,2869.2000,17741,2,14834874480.000,3,2,1,多开,B,2869.2000,2869.0000,2868.6000,2868.4000,2868.2000,2869.6000,2869.8000,2870.2000,2870.4000,2870.6000,2,4,2,3,4,1,1,9,3,1
SF,IH2006,2020-06-17 14:33:40.700,2869.2000,17741,0,14834874480.000,0,-,-,-,-,2869.0000,2868.6000,2868.4000,2868.2000,2868.0000,2869.6000,2869.8000,2870.2000,2870.4000,2870.6000,4,2,3,4,2,2,1,6,3,1
SF,IH2006,2020-06-17 14:33:41.200,2869.6000,17741,0,14835735360.000,1,0,1,空换,B,2869.0000,2868.6000,2868.4000,2868.2000,2868.0000,2869.6000,2869.8000,2870.2000,2870.4000,2870.6000,4,2,3,4,2,1,1,6,3,1
SF,IH2006,2020-06-17 14:33:41.700,2869.6000,17741,0,14835735360.000,0,-,-,-,-,2869.0000,2868.6000,2868.4000,2868.2000,2868.0000,2869.6000,2869.8000,2870.2000,2870.4000,2870.6000,4,2,3,3,2,1,1,6,3,1
SF,IH2006,2020-06-17 14:33:42.200,2869.4000,17742,1,14837457060.000,2,1,1,多开,B,2869.4000,2869.0000,2868.6000,2868.4000,2868.2000,2869.8000,2870.2000,2870.4000,2870.6000,2870.8000,1,4,2,3,3,1,6,3,1,2
SF,IH2006,2020-06-17 14:33:42.700,2869.4000,17742,0,14837457060.000,0,-,-,-,-,2869.0000,2868.6000,2868.4000,2868.2000,2868.0000,2869.6000,2869.8000,2870.2000,2870.4000,2870.6000,4,2,3,3,2,2,1,6,3,1
SF,IH2006,2020-06-17 14:33:44.200,2869.4000,17742,0,14837457060.000,0,-,-,-,-,2869.0000,2868.6000,2868.4000,2868.2000,2868.0000,2869.6000,2869.8000,2870.2000,2870.4000,2870.6000,4,2,3,3,2,2,1,6,3,1
SF,IH2006,2020-06-17 14:33:44.700,2869.4000,17742,0,14837457060.000,0,-,-,-,-,2869.0000,2868.6000,2868.4000,2868.2000,2868.0000,2869.6000,2869.8000,2870.2000,2870.4000,2870.6000,5,2,3,3,2,2,1,7,3,1
SF,IH2006,2020-06-17 14:33:45.700,2869.4000,17742,0,14837457060.000,0,-,-,-,-,2869.0000,2868.6000,2868.4000,2868.2000,2868.0000,2869.6000,2869.8000,2870.2000,2870.4000,2870.6000,4,2,3,3,2,2,1,7,3,1
SF,IH2006,2020-06-17 14:33:46.200,2869.4000,17742,0,14837457060.000,0,-,-,-,-,2869.0000,2868.6000,2868.4000,2868.2000,2868.0000,2869.6000,2869.8000,2870.2000,2870.4000,2870.6000,4,2,3,3,2,2,1,7,3,1
SF,IH2006,2020-06-17 14:33:46.700,2869.4000,17742,0,14837457060.000,0,-,-,-,-,2869.0000,2868.6000,2868.4000,2868.2000,2868.0000,2869.4000,2869.6000,2869.8000,2870.2000,2870.4000,2,2,3,3,2,1,2,1,7,3
SF,IH2006,2020-06-17 14:33:48.200,2869.4000,17742,0,14837457060.000,0,-,-,-,-,2869.2000,2869.0000,2868.6000,2868.4000,2868.2000,2869.4000,2869.6000,2869.8000,2870.2000,2870.4000,1,2,2,3,3,1,2,1,7,3
SF,IH2006,2020-06-17 14:33:50.200,2869.4000,17742,0,14837457060.000,0,-,-,-,-,2869.2000,2869.0000,2868.6000,2868.4000,2868.2000,2869.4000,2869.6000,2869.8000,2870.2000,2870.4000,1,2,2,3,5,1,2,1,7,3
SF,IH2006,2020-06-17 14:33:50.700,2869.2000,17742,0,14838317820.000,1,0,1,空换,B,2869.0000,2868.6000,2868.4000,2868.2000,2868.0000,2869.4000,2869.6000,2869.8000,2870.2000,2870.4000,2,2,3,5,2,1,2,1,7,3
SF,IH2006,2020-06-17 14:33:51.200,2869.0000,17743,1,14840899920.000,3,2,1,多开,B,2868.6000,2868.4000,2868.2000,2868.0000,2867.4000,2869.4000,2869.6000,2869.8000,2870.2000,2870.4000,2,3,5,2,1,1,2,1,7,3
SF,IH2006,2020-06-17 14:33:51.700,2868.6000,17746,3,14844342540.000,4,3,1,多开,B,2868.6000,2868.4000,2868.2000,2868.0000,2867.4000,2869.8000,2870.2000,2870.4000,2870.6000,2870.8000,1,3,5,3,1,1,8,3,1,1
SF,IH2006,2020-06-17 14:33:52.200,2868.6000,17746,0,14844342540.000,0,-,-,-,-,2869.0000,2868.8000,2868.6000,2868.4000,2868.2000,2869.6000,2869.8000,2870.2000,2870.4000,2870.6000,1,1,3,3,5,5,5,8,3,1
SF,IH2006,2020-06-17 14:33:52.700,2868.6000,17746,0,14844342540.000,0,-,-,-,-,2869.0000,2868.6000,2868.4000,2868.2000,2868.0000,2869.2000,2869.6000,2869.8000,2870.2000,2870.4000,1,2,3,5,3,2,4,5,8,1
SF,IH2006,2020-06-17 14:33:53.200,2868.6000,17746,0,14844342540.000,0,-,-,-,-,2869.0000,2868.6000,2868.4000,2868.2000,2868.0000,2869.6000,2869.8000,2870.2000,2870.4000,2870.6000,1,2,3,5,3,4,5,8,1,1
SF,IH2006,2020-06-17 14:33:53.700,2868.6000,17746,0,14844342540.000,0,-,-,-,-,2869.0000,2868.6000,2868.4000,2868.2000,2868.0000,2869.2000,2869.6000,2869.8000,2870.2000,2870.4000,1,2,3,5,2,2,4,5,8,1
SF,IH2006,2020-06-17 14:33:54.200,2868.6000,17746,0,14844342540.000,0,-,-,-,-,2869.0000,2868.6000,2868.4000,2868.2000,2868.0000,2869.6000,2869.8000,2870.2000,2870.4000,2870.6000,1,2,3,5,2,4,4,8,1,1
SF,IH2006,2020-06-17 14:33:54.700,2869.0000,17747,1,14845203240.000,1,1,0,双开,B,2868.6000,2868.4000,2868.2000,2868.0000,2867.8000,2869.4000,2869.6000,2869.8000,2870.2000,2870.4000,2,3,5,2,1,3,2,4,7,1
SF,IH2006,2020-06-17 14:33:55.200,2869.0000,17747,0,14845203240.000,0,-,-,-,-,2868.6000,2868.4000,2868.2000,2868.0000,2867.8000,2869.2000,2869.4000,2869.6000,2869.8000,2870.2000,2,3,5,2,1,1,4,2,3,7
SF,IH2006,2020-06-17 14:33:56.700,2869.2000,17747,0,14846064000.000,1,0,1,空换,B,2868.6000,2868.4000,2868.2000,2868.0000,2867.8000,2869.4000,2869.6000,2869.8000,2870.2000,2870.4000,2,3,5,2,1,4,2,3,7,1
SF,IH2006,2020-06-17 14:33:57.200,2869.2000,17747,0,14846064000.000,0,-,-,-,-,2868.8000,2868.6000,2868.4000,2868.2000,2868.0000,2869.4000,2869.6000,2869.8000,2870.2000,2870.4000,1,3,3,5,2,4,2,3,6,1
SF,IH2006,2020-06-17 14:33:57.700,2869.0000,17747,0,14846924700.000,1,0,1,空换,B,2868.8000,2868.6000,2868.4000,2868.2000,2868.0000,2869.4000,2869.6000,2869.8000,2870.2000,2870.4000,2,2,3,5,2,3,1,3,6,1
SF,IH2006,2020-06-17 14:33:58.200,2869.0000,17747,0,14846924700.000,0,-,-,-,-,2868.8000,2868.6000,2868.4000,2868.2000,2868.0000,2869.4000,2869.6000,2869.8000,2870.2000,2870.4000,2,2,3,4,2,3,1,3,6,1
SF,IH2006,2020-06-17 14:33:58.700,2869.0000,17747,0,14846924700.000,0,-,-,-,-,2868.8000,2868.6000,2868.4000,2868.2000,2868.0000,2869.4000,2869.6000,2869.8000,2870.2000,2870.4000,2,2,3,4,2,2,1,3,6,1
SF,IH2006,2020-06-17 14:33:59.200,2869.0000,17747,0,14846924700.000,0,-,-,-,-,2868.8000,2868.6000,2868.4000,2868.2000,2868.0000,2869.4000,2869.6000,2869.8000,2870.2000,2870.4000,2,3,3,4,2,3,1,3,6,1
SF,IH2006,2020-06-17 14:33:59.700,2869.0000,17747,0,14846924700.000,0,-,-,-,-,2868.8000,2868.6000,2868.4000,2868.2000,2868.0000,2869.4000,2869.6000,2869.8000,2870.2000,2870.4000,2,3,3,4,2,3,1,3,6,1
SF,IH2006,2020-06-17 14:34:00.200,2869.2000,17746,-1,14847785460.000,1,0,1,双平,B,2868.8000,2868.6000,2868.4000,2868.2000,2868.0000,2869.4000,2869.6000,2869.8000,2870.2000,2870.4000,2,3,3,4,2,1,1,3,6,1
SF,IH2006,2020-06-17 14:34:01.200,2869.2000,17746,0,14847785460.000,0,-,-,-,-,2868.8000,2868.6000,2868.4000,2868.2000,2868.0000,2869.4000,2869.6000,2869.8000,2870.2000,2870.4000,2,3,3,4,2,1,1,3,6,1
SF,IH2006,2020-06-17 14:34:01.700,2869.2000,17746,0,14847785460.000,0,-,-,-,-,2868.8000,2868.6000,2868.4000,2868.2000,2868.0000,2869.6000,2869.8000,2870.2000,2870.4000,2870.6000,2,3,3,4,2,1,3,6,1,2
SF,IH2006,2020-06-17 14:34:02.200,2869.2000,17746,0,14847785460.000,0,-,-,-,-,2868.8000,2868.6000,2868.4000,2868.2000,2868.0000,2869.6000,2869.8000,2870.2000,2870.4000,2870.6000,2,3,3,4,2,1,3,6,1,2
SF,IH2006,2020-06-17 14:34:02.700,2869.2000,17746,0,14847785460.000,0,-,-,-,-,2868.8000,2868.6000,2868.4000,2868.2000,2868.0000,2869.6000,2870.2000,2870.4000,2870.6000,2870.8000,2,3,3,4,2,1,6,1,2,1
SF,IH2006,2020-06-17 14:34:03.200,2869.2000,17746,0,14847785460.000,0,-,-,-,-,2869.0000,2868.8000,2868.6000,2868.4000,2868.2000,2869.6000,2870.0000,2870.2000,2870.4000,2870.6000,3,1,3,3,4,1,1,6,1,2
SF,IH2006,2020-06-17 14:34:03.700,2869.2000,17746,0,14847785460.000,0,-,-,-,-,2869.0000,2868.8000,2868.6000,2868.4000,2868.2000,2869.6000,2870.0000,2870.2000,2870.4000,2870.6000,3,1,3,3,4,4,1,6,1,2
SF,IH2006,2020-06-17 14:34:05.200,2869.0000,17747,1,14848646160.000,1,1,0,双开,B,2869.0000,2868.8000,2868.6000,2868.4000,2868.2000,2869.6000,2870.0000,2870.2000,2870.4000,2870.6000,2,1,3,3,4,4,1,6,1,2
SF,IH2006,2020-06-17 14:34:05.700,2869.0000,17747,0,14848646160.000,0,-,-,-,-,2869.2000,2869.0000,2868.8000,2868.6000,2868.4000,2869.6000,2870.0000,2870.2000,2870.4000,2870.6000,1,2,1,3,3,4,1,6,1,2
SF,IH2006,2020-06-17 14:34:06.200,2869.2000,17748,1,14849506920.000,1,1,0,双开,B,2869.0000,2868.8000,2868.6000,2868.4000,2868.2000,2869.2000,2869.6000,2870.0000,2870.2000,2870.4000,1,1,3,3,4,1,6,1,6,1
SF,IH2006,2020-06-17 14:34:06.700,2869.2000,17748,0,14849506920.000,0,-,-,-,-,2868.8000,2868.6000,2868.4000,2868.2000,2868.0000,2869.2000,2869.6000,2870.0000,2870.2000,2870.4000,1,3,3,4,2,4,3,1,6,1
SF,IH2006,2020-06-17 14:34:07.200,2869.2000,17748,0,14849506920.000,0,-,-,-,-,2868.8000,2868.6000,2868.4000,2868.2000,2868.0000,2869.2000,2869.6000,2870.0000,2870.2000,2870.4000,1,2,3,4,2,4,3,1,6,1
SF,IH2006,2020-06-17 14:34:09.200,2869.2000,17748,0,14849506920.000,0,-,-,-,-,2868.8000,2868.6000,2868.4000,2868.2000,2868.0000,2869.2000,2869.6000,2870.0000,2870.2000,2870.4000,1,2,3,2,2,4,3,1,6,1
SF,IH2006,2020-06-17 14:34:12.700,2869.2000,17748,0,14849506920.000,0,-,-,-,-,2868.8000,2868.6000,2868.4000,2868.2000,2868.0000,2869.2000,2869.6000,2870.0000,2870.2000,2870.4000,1,2,3,2,2,4,3,1,6,1
SF,IH2006,2020-06-17 14:34:13.200,2869.2000,17748,0,14849506920.000,0,-,-,-,-,2868.8000,2868.6000,2868.4000,2868.2000,2868.0000,2869.2000,2869.6000,2870.0000,2870.2000,2870.4000,1,2,3,2,2,4,3,1,6,1
SF,IH2006,2020-06-17 14:34:14.200,2869.2000,17748,0,14849506920.000,0,-,-,-,-,2868.8000,2868.6000,2868.4000,2868.2000,2868.0000,2869.2000,2869.6000,2870.0000,2870.2000,2870.4000,1,2,3,2,2,3,3,1,6,1
SF,IH2006,2020-06-17 14:34:15.200,2869.2000,17748,0,14849506920.000,0,-,-,-,-,2868.8000,2868.6000,2868.4000,2868.2000,2868.0000,2869.2000,2869.6000,2870.0000,2870.2000,2870.4000,1,2,3,2,2,3,3,1,6,1
SF,IH2006,2020-06-17 14:34:15.700,2869.2000,17748,0,14850367680.000,1,0,1,空换,B,2868.8000,2868.6000,2868.4000,2868.2000,2868.0000,2869.2000,2869.6000,2870.0000,2870.2000,2870.4000,1,2,3,2,2,2,3,1,6,1
SF,IH2006,2020-06-17 14:34:16.200,2869.2000,17748,0,14850367680.000,0,-,-,-,-,2869.0000,2868.8000,2868.6000,2868.4000,2868.2000,2869.2000,2869.6000,2870.0000,2870.2000,2870.4000,1,1,2,3,2,2,3,1,6,1
SF,IH2006,2020-06-17 14:34:16.700,2869.2000,17748,0,14850367680.000,0,-,-,-,-,2869.0000,2868.8000,2868.6000,2868.4000,2868.2000,2869.2000,2869.6000,2870.0000,2870.2000,2870.4000,1,1,2,3,2,2,3,1,5,1
SF,IH2006,2020-06-17 14:34:17.200,2869.2000,17748,0,14852089200.000,2,1,1,空换,B,2869.2000,2869.0000,2868.8000,2868.6000,2868.4000,2869.6000,2870.0000,2870.2000,2870.4000,2870.6000,3,1,1,2,3,3,1,5,1,2
SF,IH2006,2020-06-17 14:34:17.700,2869.6000,17748,0,14852950080.000,1,0,1,空换,B,2869.2000,2869.0000,2868.8000,2868.6000,2868.4000,2869.6000,2870.0000,2870.2000,2870.4000,2870.6000,3,1,1,2,3,3,1,5,1,2
SF,IH2006,2020-06-17 14:34:18.200,2869.6000,17748,0,14852950080.000,0,-,-,-,-,2869.2000,2869.0000,2868.8000,2868.6000,2868.4000,2869.6000,2870.0000,2870.2000,2870.4000,2870.6000,3,2,1,2,3,4,1,5,1,2
SF,IH2006,2020-06-17 14:34:18.700,2869.6000,17748,0,14852950080.000,0,-,-,-,-,2869.2000,2869.0000,2868.8000,2868.6000,2868.4000,2869.6000,2870.0000,2870.2000,2870.4000,2870.6000,3,2,1,3,3,4,1,5,1,2
SF,IH2006,2020-06-17 14:34:19.200,2869.6000,17748,0,14852950080.000,0,-,-,-,-,2869.2000,2869.0000,2868.8000,2868.6000,2868.4000,2869.6000,2870.0000,2870.2000,2870.4000,2870.6000,3,1,1,3,3,4,1,5,1,2
SF,IH2006,2020-06-17 14:34:20.200,2869.6000,17748,0,14853810960.000,1,0,1,空换,B,2869.2000,2869.0000,2868.8000,2868.6000,2868.4000,2869.6000,2870.0000,2870.2000,2870.4000,2870.6000,3,1,1,3,3,2,1,5,1,2
SF,IH2006,2020-06-17 14:34:20.700,2869.6000,17748,0,14853810960.000,0,-,-,-,-,2869.2000,2869.0000,2868.8000,2868.6000,2868.4000,2869.6000,2870.0000,2870.2000,2870.4000,2870.6000,3,1,1,3,3,2,1,5,1,2
SF,IH2006,2020-06-17 14:34:21.200,2869.6000,17748,0,14853810960.000,0,-,-,-,-,2869.2000,2869.0000,2868.8000,2868.6000,2868.4000,2869.6000,2870.0000,2870.2000,2870.4000,2870.6000,3,1,1,3,3,1,1,5,1,2
SF,IH2006,2020-06-17 14:34:21.700,2869.6000,17748,0,14853810960.000,0,-,-,-,-,2869.2000,2869.0000,2868.8000,2868.6000,2868.4000,2869.6000,2870.0000,2870.2000,2870.4000,2870.6000,3,1,1,3,3,2,1,5,1,2
SF,IH2006,2020-06-17 14:34:22.200,2869.6000,17748,0,14853810960.000,0,-,-,-,-,2869.2000,2869.0000,2868.8000,2868.6000,2868.4000,2869.4000,2869.6000,2870.0000,2870.2000,2870.4000,3,1,1,3,3,1,2,1,5,1
SF,IH2006,2020-06-17 14:34:22.700,2869.6000,17748,0,14854671840.000,1,0,1,空换,B,2869.2000,2869.0000,2868.8000,2868.6000,2868.4000,2869.6000,2870.0000,2870.2000,2870.4000,2870.6000,3,1,1,3,3,1,1,5,1,2
SF,IH2006,2020-06-17 14:34:23.700,2869.6000,17748,0,14854671840.000,0,-,-,-,-,2869.4000,2869.2000,2869.0000,2868.8000,2868.6000,2869.6000,2870.0000,2870.2000,2870.4000,2870.6000,1,3,1,1,3,1,1,5,1,2
SF,IH2006,2020-06-17 14:34:24.200,2869.6000,17748,0,14854671840.000,0,-,-,-,-,2869.6000,2869.4000,2869.2000,2869.0000,2868.8000,2870.0000,2870.2000,2870.4000,2870.6000,2870.8000,1,1,3,1,1,1,5,1,2,1
SF,IH2006,2020-06-17 14:34:25.200,2869.6000,17748,0,14854671840.000,0,-,-,-,-,2869.6000,2869.4000,2869.2000,2869.0000,2868.8000,2869.8000,2870.0000,2870.2000,2870.4000,2870.6000,1,1,3,1,1,2,1,5,1,2
SF,IH2006,2020-06-17 14:34:26.200,2869.6000,17748,0,14854671840.000,0,-,-,-,-,2869.6000,2869.4000,2869.2000,2868.8000,2868.6000,2869.8000,2870.0000,2870.2000,2870.4000,2870.6000,1,1,3,1,3,2,1,5,1,2
SF,IH2006,2020-06-17 14:34:26.700,2869.6000,17748,0,14855532720.000,1,0,1,空换,B,2869.4000,2869.2000,2868.8000,2868.6000,2868.4000,2869.8000,2870.0000,2870.2000,2870.4000,2870.6000,1,3,1,3,3,2,1,5,1,2
SF,IH2006,2020-06-17 14:34:27.200,2869.6000,17748,0,14855532720.000,0,-,-,-,-,2869.6000,2869.4000,2869.2000,2868.8000,2868.6000,2869.8000,2870.0000,2870.2000,2870.4000,2870.6000,3,1,3,1,3,3,1,5,1,2
SF,IH2006,2020-06-17 14:34:27.700,2869.6000,17748,0,14857254480.000,2,1,1,空换,B,2869.6000,2869.4000,2869.2000,2868.8000,2868.6000,2869.8000,2870.0000,2870.2000,2870.4000,2870.6000,1,1,3,1,3,3,1,5,1,2
SF,IH2006,2020-06-17 14:34:28.200,2869.6000,17749,1,14858976240.000,2,1,1,多开,B,2869.4000,2869.2000,2868.8000,2868.6000,2868.4000,2869.6000,2869.8000,2870.0000,2870.2000,2870.4000,1,3,1,3,3,12,2,1,5,1
SF,IH2006,2020-06-17 14:34:28.700,2869.4000,17749,0,14859837060.000,1,0,1,空换,B,2869.2000,2868.8000,2868.6000,2868.4000,2868.2000,2869.6000,2869.8000,2870.0000,2870.2000,2870.4000,3,1,3,3,2,6,2,1,5,1
SF,IH2006,2020-06-17 14:34:29.200,2869.4000,17749,0,14859837060.000,0,-,-,-,-,2869.2000,2868.8000,2868.6000,2868.4000,2868.2000,2869.6000,2869.8000,2870.0000,2870.2000,2870.4000,3,1,3,3,2,7,2,1,5,1
SF,IH2006,2020-06-17 14:34:30.200,2869.6000,17749,0,14864141100.000,5,2,3,空换,B,2868.8000,2868.6000,2868.4000,2868.2000,2868.0000,2869.6000,2870.0000,2870.2000,2870.4000,2870.6000,1,3,3,2,2,5,1,5,1,2
SF,IH2006,2020-06-17 14:34:30.700,2869.6000,17749,0,14864141100.000,0,-,-,-,-,2868.8000,2868.6000,2868.4000,2868.2000,2868.0000,2869.6000,2870.0000,2870.2000,2870.4000,2870.6000,2,3,3,2,2,7,1,5,1,2
SF,IH2006,2020-06-17 14:34:31.200,2869.6000,17749,0,14864141100.000,0,-,-,-,-,2868.8000,2868.6000,2868.4000,2868.2000,2868.0000,2869.4000,2869.6000,2870.0000,2870.2000,2870.4000,3,3,3,2,2,3,7,1,5,1
SF,IH2006,2020-06-17 14:34:31.700,2869.6000,17749,0,14864141100.000,0,-,-,-,-,2868.8000,2868.6000,2868.4000,2868.2000,2868.0000,2869.4000,2869.6000,2869.8000,2870.0000,2870.2000,3,3,3,2,2,6,4,1,1,5
SF,IH2006,2020-06-17 14:34:32.700,2869.4000,17749,0,14865001920.000,1,0,1,空换,B,2868.8000,2868.6000,2868.4000,2868.2000,2868.0000,2869.4000,2869.6000,2869.8000,2870.0000,2870.2000,3,3,3,2,2,5,4,1,1,5
SF,IH2006,2020-06-17 14:34:33.200,2869.4000,17749,0,14865001920.000,0,-,-,-,-,2869.0000,2868.8000,2868.6000,2868.4000,2868.2000,2869.4000,2869.6000,2869.8000,2870.0000,2870.2000,1,3,3,3,2,5,4,1,1,5
SF,IH2006,2020-06-17 14:34:33.700,2869.4000,17749,0,14865001920.000,0,-,-,-,-,2869.0000,2868.8000,2868.6000,2868.4000,2868.2000,2869.4000,2869.6000,2869.8000,2870.0000,2870.2000,1,3,3,3,2,5,3,2,1,5
SF,IH2006,2020-06-17 14:34:34.200,2869.4000,17749,0,14865862740.000,1,0,1,空换,B,2869.0000,2868.8000,2868.6000,2868.4000,2868.2000,2869.4000,2869.6000,2869.8000,2870.0000,2870.2000,1,3,3,3,2,5,3,2,1,5
SF,IH2006,2020-06-17 14:34:35.700,2869.0000,17749,0,14866723440.000,1,0,1,空换,B,2868.8000,2868.6000,2868.4000,2868.2000,2868.0000,2869.4000,2869.6000,2869.8000,2870.0000,2870.2000,3,3,3,2,2,5,3,2,1,5
SF,IH2006,2020-06-17 14:34:36.200,2869.0000,17749,0,14866723440.000,0,-,-,-,-,2868.8000,2868.6000,2868.4000,2868.2000,2868.0000,2869.4000,2869.6000,2869.8000,2870.0000,2870.2000,2,3,3,3,2,5,1,2,1,5
SF,IH2006,2020-06-17 14:34:36.700,2869.0000,17749,0,14866723440.000,0,-,-,-,-,2868.8000,2868.6000,2868.4000,2868.2000,2868.0000,2869.4000,2869.6000,2869.8000,2870.0000,2870.2000,2,3,3,3,2,6,1,2,1,5
SF,IH2006,2020-06-17 14:34:37.200,2869.2000,17748,-1,14867584200.000,1,0,1,双平,B,2868.8000,2868.6000,2868.4000,2868.2000,2868.0000,2869.4000,2869.6000,2869.8000,2870.0000,2870.2000,2,3,3,3,2,6,1,1,1,5
SF,IH2006,2020-06-17 14:34:39.200,2869.2000,17748,0,14867584200.000,0,-,-,-,-,2868.8000,2868.6000,2868.4000,2868.2000,2868.0000,2869.4000,2869.6000,2869.8000,2870.0000,2870.2000,2,3,3,3,2,6,1,1,1,5
SF,IH2006,2020-06-17 14:34:39.700,2869.4000,17748,0,14868445020.000,1,0,1,空换,B,2868.8000,2868.6000,2868.4000,2868.2000,2868.0000,2869.4000,2869.6000,2869.8000,2870.0000,2870.2000,2,3,3,3,2,5,1,1,1,5
SF,IH2006,2020-06-17 14:34:40.200,2868.8000,17748,0,14869305660.000,1,0,1,空换,B,2868.8000,2868.6000,2868.4000,2868.2000,2868.0000,2869.4000,2869.6000,2869.8000,2870.0000,2870.2000,2,3,3,3,2,5,1,1,1,5
SF,IH2006,2020-06-17 14:34:41.200,2868.8000,17748,0,14869305660.000,0,-,-,-,-,2868.8000,2868.6000,2868.4000,2868.2000,2868.0000,2869.0000,2869.2000,2869.4000,2869.6000,2869.8000,2,3,3,3,2,3,5,5,1,1
SF,IH2006,2020-06-17 14:34:41.700,2868.8000,17748,0,14869305660.000,0,-,-,-,-,2868.8000,2868.6000,2868.4000,2868.2000,2868.0000,2869.0000,2869.4000,2869.6000,2869.8000,2870.0000,2,3,3,3,2,3,2,1,1,1
SF,IH2006,2020-06-17 14:34:45.700,2868.8000,17748,0,14869305660.000,0,-,-,-,-,2868.8000,2868.6000,2868.4000,2868.2000,2868.0000,2869.0000,2869.4000,2869.6000,2869.8000,2870.0000,2,3,3,3,2,3,2,1,1,2
SF,IH2006,2020-06-17 14:34:46.200,2868.8000,17748,0,14870166300.000,1,0,1,空换,B,2868.6000,2868.4000,2868.2000,2868.0000,2867.8000,2869.0000,2869.4000,2869.6000,2869.8000,2870.0000,3,3,3,2,1,3,2,1,2,2
SF,IH2006,2020-06-17 14:34:46.700,2868.6000,17751,3,14872748040.000,3,3,0,双开,B,2868.4000,2868.2000,2868.0000,2867.8000,2867.6000,2868.6000,2869.0000,2869.4000,2869.6000,2869.8000,3,3,2,1,1,1,3,2,1,2
SF,IH2006,2020-06-17 14:34:47.200,2868.2000,17752,1,14878771560.000,7,4,3,多开,B,2868.0000,2867.8000,2867.6000,2867.4000,2867.2000,2868.2000,2868.6000,2869.4000,2869.6000,2869.8000,2,1,1,1,2,4,3,2,1,2
SF,IH2006,2020-06-17 14:34:47.700,2868.2000,17752,0,14886515580.000,9,4,5,空换,B,2868.8000,2868.2000,2867.8000,2867.6000,2867.4000,2869.4000,2869.6000,2869.8000,2870.0000,2870.2000,1,1,3,1,1,2,1,2,2,5
SF,IH2006,2020-06-17 14:34:48.200,2868.8000,17752,0,14889097500.000,3,1,2,空换,B,2868.2000,2867.8000,2867.6000,2867.4000,2867.2000,2868.8000,2869.0000,2869.2000,2869.4000,2869.8000,1,3,1,1,2,15,1,6,5,2
SF,IH2006,2020-06-17 14:34:48.700,2868.8000,17752,0,14889097500.000,0,-,-,-,-,2868.2000,2868.0000,2867.8000,2867.6000,2867.4000,2868.6000,2868.8000,2869.0000,2869.2000,2869.4000,1,1,3,1,1,1,5,1,3,5
SF,IH2006,2020-06-17 14:34:49.200,2868.2000,17752,0,14889957960.000,1,0,1,空换,B,2868.0000,2867.8000,2867.6000,2867.4000,2867.2000,2868.6000,2868.8000,2869.0000,2869.2000,2869.4000,1,3,1,1,2,1,5,1,3,5
SF,IH2006,2020-06-17 14:34:49.700,2868.2000,17752,0,14889957960.000,0,-,-,-,-,2868.0000,2867.8000,2867.6000,2867.4000,2867.2000,2868.6000,2868.8000,2869.0000,2869.2000,2869.4000,2,2,1,1,2,1,5,1,3,2
SF,IH2006,2020-06-17 14:34:50.200,2868.0000,17753,1,14890818360.000,1,1,0,双开,B,2868.2000,2868.0000,2867.8000,2867.6000,2867.4000,2868.6000,2868.8000,2869.0000,2869.2000,2869.4000,1,1,1,1,2,1,5,1,3,2
SF,IH2006,2020-06-17 14:34:50.700,2868.0000,17753,0,14891678760.000,1,0,1,空换,B,2868.2000,2868.0000,2867.8000,2867.6000,2867.4000,2868.6000,2868.8000,2869.0000,2869.2000,2869.4000,1,1,1,1,2,1,5,1,3,2
SF,IH2006,2020-06-17 14:34:51.200,2868.0000,17753,0,14891678760.000,0,-,-,-,-,2868.2000,2868.0000,2867.8000,2867.6000,2867.4000,2868.6000,2868.8000,2869.0000,2869.2000,2869.4000,1,1,1,1,2,1,5,1,2,2
SF,IH2006,2020-06-17 14:34:52.200,2868.0000,17753,0,14891678760.000,0,-,-,-,-,2868.2000,2868.0000,2867.8000,2867.6000,2867.4000,2868.6000,2868.8000,2869.0000,2869.2000,2869.4000,2,1,1,1,2,1,5,1,2,2
SF,IH2006,2020-06-17 14:34:52.700,2868.0000,17753,0,14891678760.000,0,-,-,-,-,2868.2000,2868.0000,2867.8000,2867.6000,2867.4000,2868.6000,2868.8000,2869.0000,2869.2000,2869.4000,2,1,1,1,3,1,5,1,2,2
SF,IH2006,2020-06-17 14:34:53.200,2868.0000,17753,0,14891678760.000,0,-,-,-,-,2868.4000,2868.2000,2868.0000,2867.8000,2867.6000,2868.8000,2869.0000,2869.2000,2869.4000,2869.8000,1,2,1,1,1,5,1,2,2,2
SF,IH2006,2020-06-17 14:34:53.700,2868.0000,17753,0,14891678760.000,0,-,-,-,-,2868.2000,2868.0000,2867.8000,2867.6000,2867.4000,2868.8000,2869.0000,2869.2000,2869.4000,2869.8000,2,1,1,1,3,4,1,2,2,2
SF,IH2006,2020-06-17 14:34:54.200,2868.0000,17753,0,14891678760.000,0,-,-,-,-,2868.4000,2868.2000,2868.0000,2867.8000,2867.6000,2868.8000,2869.0000,2869.2000,2869.4000,2869.8000,1,5,1,1,1,4,1,2,2,2
SF,IH2006,2020-06-17 14:34:54.700,2868.0000,17753,0,14891678760.000,0,-,-,-,-,2868.4000,2868.2000,2868.0000,2867.8000,2867.6000,2868.8000,2869.0000,2869.2000,2869.4000,2869.8000,1,6,1,1,1,4,1,2,2,2
SF,IH2006,2020-06-17 14:34:55.200,2868.0000,17753,0,14891678760.000,0,-,-,-,-,2868.4000,2868.2000,2868.0000,2867.8000,2867.6000,2868.8000,2869.0000,2869.2000,2869.4000,2869.8000,1,6,1,1,1,4,1,2,2,2
SF,IH2006,2020-06-17 14:34:55.700,2868.4000,17753,0,14892539280.000,1,0,1,空换,B,2868.2000,2868.0000,2867.8000,2867.6000,2867.4000,2868.8000,2869.0000,2869.2000,2869.4000,2869.8000,6,1,1,1,3,4,1,2,2,2
SF,IH2006,2020-06-17 14:34:56.200,2868.4000,17753,0,14892539280.000,0,-,-,-,-,2868.2000,2868.0000,2867.8000,2867.6000,2867.4000,2868.8000,2869.0000,2869.2000,2869.4000,2869.8000,6,1,1,1,3,3,1,2,2,2
SF,IH2006,2020-06-17 14:34:56.700,2868.4000,17753,0,14892539280.000,0,-,-,-,-,2868.2000,2868.0000,2867.6000,2867.4000,2867.2000,2868.8000,2869.0000,2869.2000,2869.4000,2869.6000,6,1,1,3,3,3,1,2,2,1
SF,IH2006,2020-06-17 14:34:57.200,2868.8000,17753,0,14893399920.000,1,0,1,空换,B,2868.2000,2868.0000,2867.6000,2867.4000,2867.2000,2868.8000,2869.0000,2869.2000,2869.4000,2869.6000,6,1,1,3,3,2,1,2,2,1
SF,IH2006,2020-06-17 14:34:57.700,2868.8000,17753,0,14893399920.000,0,-,-,-,-,2868.4000,2868.2000,2867.6000,2867.4000,2867.2000,2868.8000,2869.0000,2869.2000,2869.4000,2869.6000,2,6,1,3,3,2,1,2,3,1
SF,IH2006,2020-06-17 14:34:58.200,2868.8000,17753,0,14893399920.000,0,-,-,-,-,2868.4000,2868.2000,2867.6000,2867.4000,2867.2000,2868.8000,2869.2000,2869.4000,2869.6000,2869.8000,2,6,1,3,3,2,2,3,1,2
SF,IH2006,2020-06-17 14:34:58.700,2868.8000,17753,0,14894260560.000,1,0,1,空换,B,2868.4000,2868.2000,2867.6000,2867.4000,2867.2000,2868.8000,2869.2000,2869.4000,2869.6000,2869.8000,2,6,1,3,3,1,2,3,1,2
SF,IH2006,2020-06-17 14:35:00.200,2868.8000,17753,0,14894260560.000,0,-,-,-,-,2868.4000,2868.2000,2867.6000,2867.4000,2867.2000,2868.8000,2869.2000,2869.4000,2869.6000,2869.8000,2,7,1,3,3,1,2,3,1,2
SF,IH2006,2020-06-17 14:35:00.700,2868.8000,17753,0,14894260560.000,0,-,-,-,-,2868.4000,2868.2000,2867.6000,2867.4000,2867.2000,2868.8000,2869.2000,2869.4000,2869.6000,2869.8000,2,7,1,3,3,1,2,3,1,2
SF,IH2006,2020-06-17 14:35:01.200,2868.8000,17753,0,14894260560.000,0,-,-,-,-,2868.4000,2868.2000,2867.6000,2867.4000,2867.2000,2868.6000,2868.8000,2869.2000,2869.4000,2869.6000,2,6,1,3,3,1,1,2,3,1
SF,IH2006,2020-06-17 14:35:01.700,2868.8000,17753,0,14894260560.000,0,-,-,-,-,2868.4000,2868.2000,2867.6000,2867.4000,2867.2000,2868.8000,2869.2000,2869.4000,2869.6000,2869.8000,3,6,2,3,3,1,2,3,1,2
SF,IH2006,2020-06-17 14:35:02.700,2868.4000,17753,0,14895121080.000,1,0,1,空换,B,2868.4000,2868.2000,2867.6000,2867.4000,2867.2000,2868.8000,2869.2000,2869.4000,2869.6000,2869.8000,2,6,2,3,3,1,2,3,1,2
SF,IH2006,2020-06-17 14:35:03.200,2868.4000,17753,0,14895121080.000,0,-,-,-,-,2868.4000,2868.2000,2867.6000,2867.4000,2867.2000,2868.6000,2868.8000,2869.2000,2869.4000,2869.6000,2,7,2,3,3,1,5,2,3,1
SF,IH2006,2020-06-17 14:35:03.700,2868.4000,17753,0,14896842120.000,2,1,1,空换,B,2868.2000,2867.6000,2867.4000,2867.2000,2867.0000,2868.4000,2868.6000,2868.8000,2869.2000,2869.4000,5,2,3,3,3,2,1,5,2,3
SF,IH2006,2020-06-17 14:35:04.200,2868.2000,17752,-1,14897702580.000,1,0,1,双平,B,2868.2000,2867.6000,2867.4000,2867.2000,2867.0000,2868.4000,2868.6000,2868.8000,2869.2000,2869.4000,4,2,3,3,3,1,1,5,2,3
SF,IH2006,2020-06-17 14:35:04.700,2868.4000,17752,0,14898563100.000,1,0,1,空换,B,2868.2000,2867.6000,2867.4000,2867.2000,2867.0000,2868.6000,2868.8000,2869.2000,2869.4000,2869.6000,4,2,3,3,3,1,5,2,3,1
SF,IH2006,2020-06-17 14:35:05.200,2868.2000,17753,1,14899423560.000,1,1,0,双开,B,2868.2000,2867.6000,2867.4000,2867.2000,2867.0000,2868.8000,2869.2000,2869.4000,2869.6000,2869.8000,3,2,3,3,3,5,2,3,1,2
SF,IH2006,2020-06-17 14:35:06.200,2868.2000,17753,0,14899423560.000,0,-,-,-,-,2868.2000,2867.6000,2867.4000,2867.2000,2867.0000,2868.8000,2869.2000,2869.4000,2869.6000,2869.8000,3,2,3,3,3,5,2,3,1,2
SF,IH2006,2020-06-17 14:35:06.700,2868.2000,17753,0,14899423560.000,0,-,-,-,-,2868.4000,2868.2000,2867.6000,2867.4000,2867.2000,2868.8000,2869.2000,2869.4000,2869.6000,2869.8000,2,3,2,3,3,5,2,3,1,2
SF,IH2006,2020-06-17 14:35:07.200,2868.2000,17753,0,14899423560.000,0,-,-,-,-,2868.4000,2868.2000,2867.6000,2867.4000,2867.2000,2868.8000,2869.2000,2869.4000,2869.6000,2869.8000,2,3,2,3,3,4,2,3,1,2
SF,IH2006,2020-06-17 14:35:07.700,2868.2000,17754,1,14900284020.000,1,1,0,双开,B,2868.4000,2868.2000,2867.6000,2867.4000,2867.2000,2868.8000,2869.2000,2869.4000,2869.6000,2869.8000,1,3,2,3,3,4,2,3,2,3
SF,IH2006,2020-06-17 14:35:08.200,2868.2000,17754,0,14900284020.000,0,-,-,-,-,2868.4000,2868.2000,2867.6000,2867.4000,2867.2000,2868.8000,2869.2000,2869.4000,2869.6000,2869.8000,1,3,2,3,3,1,2,3,2,3
SF,IH2006,2020-06-17 14:35:08.700,2868.2000,17754,0,14900284020.000,0,-,-,-,-,2868.4000,2868.2000,2867.6000,2867.4000,2867.2000,2868.6000,2868.8000,2869.2000,2869.4000,2869.6000,1,3,2,3,3,1,2,2,3,2
SF,IH2006,2020-06-17 14:35:09.700,2868.6000,17755,1,14901144600.000,1,1,0,双开,B,2868.4000,2868.2000,2867.6000,2867.4000,2867.2000,2868.8000,2869.2000,2869.4000,2869.6000,2869.8000,1,3,2,3,3,2,2,3,2,3
SF,IH2006,2020-06-17 14:35:10.200,2868.6000,17755,0,14901144600.000,0,-,-,-,-,2868.4000,2868.2000,2867.6000,2867.4000,2867.2000,2868.8000,2869.2000,2869.4000,2869.6000,2869.8000,1,3,2,3,3,3,2,3,2,3
SF,IH2006,2020-06-17 14:35:10.700,2868.6000,17755,0,14901144600.000,0,-,-,-,-,2868.4000,2868.2000,2867.6000,2867.4000,2867.2000,2868.8000,2869.2000,2869.4000,2869.6000,2869.8000,1,3,2,3,3,3,2,3,1,3
SF,IH2006,2020-06-17 14:35:11.200,2868.8000,17755,0,14902005240.000,1,0,1,空换,B,2868.4000,2868.2000,2867.6000,2867.4000,2867.2000,2868.8000,2869.2000,2869.4000,2869.6000,2869.8000,1,3,2,3,3,3,2,3,1,3
SF,IH2006,2020-06-17 14:35:11.700,2868.8000,17755,0,14902005240.000,0,-,-,-,-,2868.4000,2868.2000,2867.6000,2867.4000,2867.2000,2868.6000,2868.8000,2869.2000,2869.4000,2869.6000,1,3,2,3,3,1,3,2,3,1
SF,IH2006,2020-06-17 14:35:12.200,2868.8000,17755,0,14902005240.000,0,-,-,-,-,2868.4000,2868.2000,2867.6000,2867.4000,2867.2000,2868.6000,2868.8000,2869.2000,2869.4000,2869.6000,1,3,2,3,3,1,3,2,3,1
SF,IH2006,2020-06-17 14:35:13.700,2868.8000,17755,0,14902005240.000,0,-,-,-,-,2868.4000,2868.2000,2867.6000,2867.4000,2867.2000,2868.6000,2868.8000,2869.2000,2869.4000,2869.6000,1,3,2,3,3,1,4,2,3,1
SF,IH2006,2020-06-17 14:35:14.700,2868.6000,17755,0,14902865820.000,1,0,1,空换,B,2868.4000,2868.2000,2867.6000,2867.4000,2867.2000,2868.8000,2869.2000,2869.4000,2869.6000,2869.8000,1,3,2,3,3,4,2,3,1,2
SF,IH2006,2020-06-17 14:35:15.700,2868.6000,17755,0,14902865820.000,0,-,-,-,-,2868.4000,2868.2000,2867.6000,2867.4000,2867.2000,2868.8000,2869.2000,2869.4000,2869.6000,2869.8000,1,3,2,3,3,4,2,3,1,2
SF,IH2006,2020-06-17 14:35:16.200,2868.8000,17756,1,14903726460.000,1,1,0,双开,B,2868.4000,2868.2000,2867.6000,2867.4000,2867.2000,2868.8000,2869.2000,2869.4000,2869.6000,2869.8000,1,3,2,3,3,3,2,3,1,3
SF,IH2006,2020-06-17 14:35:16.700,2868.8000,17756,0,14903726460.000,0,-,-,-,-,2868.4000,2868.2000,2867.6000,2867.4000,2867.2000,2868.8000,2869.2000,2869.4000,2869.6000,2869.8000,2,3,2,3,3,3,2,3,1,3
SF,IH2006,2020-06-17 14:35:18.200,2868.8000,17756,0,14903726460.000,0,-,-,-,-,2868.4000,2868.2000,2867.6000,2867.4000,2867.2000,2868.8000,2869.2000,2869.4000,2869.6000,2869.8000,2,3,2,3,3,3,2,3,1,3
SF,IH2006,2020-06-17 14:35:18.700,2868.8000,17756,0,14903726460.000,0,-,-,-,-,2868.4000,2868.2000,2867.6000,2867.4000,2867.2000,2868.8000,2869.2000,2869.4000,2869.6000,2869.8000,2,3,2,3,3,4,2,3,1,3
SF,IH2006,2020-06-17 14:35:19.200,2868.8000,17756,0,14903726460.000,0,-,-,-,-,2868.4000,2868.2000,2867.6000,2867.4000,2867.2000,2868.8000,2869.2000,2869.4000,2869.6000,2869.8000,2,3,2,3,3,4,2,3,1,3
SF,IH2006,2020-06-17 14:35:21.200,2868.8000,17756,0,14903726460.000,0,-,-,-,-,2868.4000,2868.2000,2867.6000,2867.4000,2867.2000,2868.8000,2869.2000,2869.4000,2869.6000,2869.8000,2,3,2,3,3,4,2,3,1,3
SF,IH2006,2020-06-17 14:35:22.200,2868.8000,17756,0,14903726460.000,0,-,-,-,-,2868.4000,2868.2000,2867.6000,2867.4000,2867.2000,2868.8000,2869.2000,2869.4000,2869.6000,2869.8000,2,3,2,3,6,4,2,3,1,3
SF,IH2006,2020-06-17 14:35:22.700,2868.8000,17756,0,14903726460.000,0,-,-,-,-,2868.4000,2868.2000,2867.6000,2867.4000,2867.2000,2868.8000,2869.2000,2869.4000,2869.6000,2869.8000,2,3,2,3,6,4,2,3,1,3
SF,IH2006,2020-06-17 14:35:24.200,2868.8000,17756,0,14903726460.000,0,-,-,-,-,2868.4000,2868.2000,2867.6000,2867.4000,2867.2000,2868.8000,2869.0000,2869.2000,2869.4000,2869.6000,2,3,2,3,6,4,4,2,3,1
SF,IH2006,2020-06-17 14:35:24.700,2868.8000,17756,0,14903726460.000,0,-,-,-,-,2868.4000,2868.2000,2867.6000,2867.4000,2867.2000,2868.8000,2869.0000,2869.2000,2869.4000,2869.6000,1,3,2,3,6,5,4,2,3,1
SF,IH2006,2020-06-17 14:35:25.200,2868.8000,17756,0,14903726460.000,0,-,-,-,-,2868.4000,2868.2000,2867.6000,2867.4000,2867.2000,2868.8000,2869.0000,2869.2000,2869.4000,2869.6000,1,3,2,3,6,6,4,1,2,1
SF,IH2006,2020-06-17 14:35:26.700,2868.8000,17756,0,14903726460.000,0,-,-,-,-,2868.4000,2868.2000,2867.6000,2867.4000,2867.2000,2868.8000,2869.0000,2869.2000,2869.4000,2869.6000,2,3,2,3,6,6,4,1,2,1
SF,IH2006,2020-06-17 14:35:27.200,2868.8000,17756,0,14903726460.000,0,-,-,-,-,2868.6000,2868.4000,2868.2000,2867.6000,2867.4000,2868.8000,2869.0000,2869.2000,2869.4000,2869.6000,1,3,3,2,3,6,4,1,2,1
SF,IH2006,2020-06-17 14:35:27.700,2868.8000,17756,0,14903726460.000,0,-,-,-,-,2868.6000,2868.4000,2868.2000,2867.6000,2867.4000,2868.8000,2869.0000,2869.2000,2869.4000,2869.6000,1,3,3,2,3,5,4,1,2,1
SF,IH2006,2020-06-17 14:35:28.200,2868.8000,17756,0,14903726460.000,0,-,-,-,-,2868.6000,2868.4000,2868.2000,2867.6000,2867.4000,2868.8000,2869.0000,2869.2000,2869.4000,2869.6000,1,3,3,2,3,5,4,1,2,1
SF,IH2006,2020-06-17 14:35:28.700,2868.8000,17756,0,14904587100.000,1,0,1,空换,B,2868.4000,2868.2000,2867.6000,2867.4000,2867.2000,2868.8000,2869.0000,2869.2000,2869.4000,2869.6000,3,3,2,3,6,4,5,1,2,1
SF,IH2006,2020-06-17 14:35:29.200,2868.8000,17758,2,14907169020.000,3,2,1,多开,B,2868.4000,2868.2000,2867.6000,2867.4000,2867.2000,2868.8000,2869.0000,2869.2000,2869.4000,2869.6000,4,3,2,3,6,1,5,1,2,1
SF,IH2006,2020-06-17 14:35:29.700,2868.8000,17758,0,14907169020.000,0,-,-,-,-,2868.6000,2868.4000,2868.2000,2867.6000,2867.4000,2868.8000,2869.0000,2869.2000,2869.4000,2869.6000,1,4,3,2,3,1,5,1,2,1
SF,IH2006,2020-06-17 14:35:30.200,2868.8000,17758,0,14908029660.000,1,0,1,空换,B,2868.6000,2868.4000,2868.2000,2867.6000,2867.4000,2869.0000,2869.4000,2869.6000,2869.8000,2870.0000,1,4,3,2,3,5,2,1,2,2
SF,IH2006,2020-06-17 14:35:30.700,2869.0000,17757,-1,14908890360.000,1,0,1,双平,B,2868.6000,2868.4000,2868.2000,2867.6000,2867.4000,2869.0000,2869.4000,2869.6000,2869.8000,2870.0000,2,4,3,2,3,4,2,1,2,2
SF,IH2006,2020-06-17 14:35:32.700,2869.0000,17757,0,14908890360.000,0,-,-,-,-,2868.8000,2868.6000,2868.4000,2868.2000,2867.6000,2869.0000,2869.4000,2869.6000,2869.8000,2870.0000,1,1,4,3,2,4,2,1,2,2
SF,IH2006,2020-06-17 14:35:33.200,2868.8000,17758,1,14909751000.000,1,1,0,双开,B,2868.6000,2868.4000,2868.2000,2867.6000,2867.4000,2869.0000,2869.4000,2869.6000,2869.8000,2870.0000,1,4,3,2,3,4,2,1,2,2
SF,IH2006,2020-06-17 14:35:35.700,2869.0000,17757,-1,14910611700.000,1,0,1,双平,B,2868.6000,2868.4000,2868.2000,2867.6000,2867.4000,2869.0000,2869.4000,2869.6000,2869.8000,2870.0000,1,4,3,2,3,4,2,1,2,2
SF,IH2006,2020-06-17 14:35:38.200,2869.0000,17756,-1,14911472400.000,1,0,1,双平,B,2868.6000,2868.4000,2868.2000,2867.6000,2867.4000,2869.0000,2869.4000,2869.6000,2869.8000,2870.0000,1,4,3,2,3,3,2,1,2,2
SF,IH2006,2020-06-17 14:35:39.200,2869.0000,17756,0,14911472400.000,0,-,-,-,-,2868.6000,2868.4000,2868.2000,2867.6000,2867.4000,2868.8000,2869.0000,2869.4000,2869.6000,2869.8000,1,4,3,2,3,1,3,2,1,2
SF,IH2006,2020-06-17 14:35:40.200,2868.8000,17757,1,14912333040.000,1,1,0,双开,B,2868.6000,2868.4000,2868.2000,2867.6000,2867.4000,2869.0000,2869.4000,2869.6000,2869.8000,2870.0000,1,4,3,2,3,3,2,1,2,2
SF,IH2006,2020-06-17 14:35:40.700,2868.8000,17757,0,14912333040.000,0,-,-,-,-,2868.6000,2868.4000,2868.2000,2867.6000,2867.4000,2869.0000,2869.4000,2869.8000,2870.0000,2870.2000,1,4,3,2,3,3,2,2,2,5
SF,IH2006,2020-06-17 14:35:42.200,2869.0000,17756,-1,14913193740.000,1,0,1,双平,B,2868.6000,2868.4000,2868.2000,2867.6000,2867.4000,2869.0000,2869.4000,2869.8000,2870.0000,2870.2000,1,4,3,2,3,2,2,2,2,5
SF,IH2006,2020-06-17 14:35:42.700,2869.0000,17756,0,14913193740.000,0,-,-,-,-,2868.4000,2868.2000,2867.6000,2867.4000,2867.2000,2869.0000,2869.4000,2869.8000,2870.0000,2870.2000,4,3,2,3,6,2,2,2,2,5
SF,IH2006,2020-06-17 14:35:43.200,2869.0000,17756,0,14913193740.000,0,-,-,-,-,2868.4000,2868.2000,2867.6000,2867.4000,2867.2000,2869.0000,2869.4000,2869.8000,2870.0000,2870.2000,4,3,2,3,6,3,2,2,2,5
SF,IH2006,2020-06-17 14:35:43.700,2869.0000,17755,-1,14914054440.000,1,0,1,双平,B,2868.6000,2868.4000,2868.2000,2867.6000,2867.4000,2869.0000,2869.4000,2869.8000,2870.0000,2870.2000,2,4,3,2,3,1,2,2,2,5
SF,IH2006,2020-06-17 14:35:44.700,2869.0000,17755,0,14914915140.000,1,0,1,空换,B,2868.6000,2868.4000,2868.2000,2867.6000,2867.4000,2869.4000,2869.8000,2870.0000,2870.2000,2870.4000,2,4,3,2,3,2,2,2,5,1
SF,IH2006,2020-06-17 14:35:45.200,2869.0000,17755,0,14914915140.000,0,-,-,-,-,2868.6000,2868.4000,2868.2000,2867.6000,2867.4000,2869.2000,2869.4000,2869.6000,2869.8000,2870.0000,3,4,3,2,3,1,3,1,2,2
SF,IH2006,2020-06-17 14:35:45.700,2869.0000,17755,0,14914915140.000,0,-,-,-,-,2868.8000,2868.6000,2868.4000,2868.2000,2867.6000,2869.2000,2869.4000,2869.6000,2869.8000,2870.0000,1,3,4,3,2,1,3,1,2,2
SF,IH2006,2020-06-17 14:35:46.700,2869.2000,17755,0,14915775900.000,1,0,1,空换,B,2868.8000,2868.6000,2868.4000,2868.2000,2867.6000,2869.4000,2869.6000,2869.8000,2870.0000,2870.2000,1,3,4,3,2,3,1,2,2,5
SF,IH2006,2020-06-17 14:35:47.200,2869.2000,17756,1,14916636660.000,1,1,0,双开,B,2868.8000,2868.6000,2868.4000,2868.2000,2867.6000,2869.4000,2869.6000,2869.8000,2870.0000,2870.2000,1,3,4,3,2,4,1,2,2,5
SF,IH2006,2020-06-17 14:35:48.700,2869.2000,17756,0,14916636660.000,0,-,-,-,-,2868.8000,2868.6000,2868.4000,2868.2000,2867.6000,2869.4000,2869.6000,2869.8000,2870.0000,2870.2000,1,3,3,3,2,4,1,2,2,5
SF,IH2006,2020-06-17 14:35:49.200,2869.2000,17756,0,14916636660.000,0,-,-,-,-,2868.8000,2868.6000,2868.4000,2868.2000,2867.6000,2869.4000,2869.6000,2869.8000,2870.0000,2870.2000,1,1,3,3,2,4,1,2,2,5
SF,IH2006,2020-06-17 14:35:50.700,2869.2000,17756,0,14916636660.000,0,-,-,-,-,2868.8000,2868.6000,2868.4000,2868.2000,2867.6000,2869.4000,2869.6000,2869.8000,2870.0000,2870.2000,1,1,3,2,2,4,1,2,2,5
SF,IH2006,2020-06-17 14:35:51.200,2869.2000,17757,1,14917497420.000,1,1,0,双开,B,2868.8000,2868.6000,2868.4000,2868.2000,2867.6000,2869.4000,2869.6000,2869.8000,2870.0000,2870.2000,1,1,3,2,2,3,1,2,2,5
SF,IH2006,2020-06-17 14:35:51.700,2869.2000,17757,0,14917497420.000,0,-,-,-,-,2869.0000,2868.8000,2868.6000,2868.4000,2868.2000,2869.4000,2869.6000,2869.8000,2870.0000,2870.2000,1,1,1,3,2,3,1,2,2,5
SF,IH2006,2020-06-17 14:35:53.200,2869.2000,17757,0,14917497420.000,0,-,-,-,-,2869.0000,2868.8000,2868.6000,2868.4000,2868.2000,2869.4000,2869.6000,2869.8000,2870.0000,2870.2000,1,1,1,3,2,4,1,1,2,5
SF,IH2006,2020-06-17 14:35:53.700,2869.4000,17757,0,14918358240.000,1,0,1,空换,B,2869.0000,2868.8000,2868.6000,2868.4000,2868.2000,2869.4000,2869.6000,2869.8000,2870.0000,2870.2000,1,1,1,3,2,3,1,1,2,5
SF,IH2006,2020-06-17 14:35:55.700,2869.4000,17757,0,14918358240.000,0,-,-,-,-,2869.0000,2868.8000,2868.6000,2868.4000,2868.2000,2869.4000,2869.6000,2869.8000,2870.0000,2870.2000,2,1,1,3,2,3,1,1,2,5
SF,IH2006,2020-06-17 14:35:56.700,2869.4000,17756,-1,14919219060.000,1,0,1,双平,B,2869.0000,2868.8000,2868.6000,2868.4000,2868.2000,2869.4000,2869.6000,2869.8000,2870.0000,2870.2000,2,1,1,3,2,2,1,1,2,5
SF,IH2006,2020-06-17 14:35:57.200,2869.4000,17756,0,14919219060.000,0,-,-,-,-,2869.0000,2868.8000,2868.6000,2868.4000,2868.2000,2869.4000,2869.6000,2869.8000,2870.0000,2870.2000,3,1,1,3,2,2,1,1,2,5
SF,IH2006,2020-06-17 14:35:57.700,2869.4000,17756,0,14919219060.000,0,-,-,-,-,2869.0000,2868.8000,2868.6000,2868.4000,2868.2000,2869.4000,2869.6000,2869.8000,2870.0000,2870.2000,3,1,1,3,2,2,1,1,2,5
SF,IH2006,2020-06-17 14:35:58.200,2869.4000,17756,0,14919219060.000,0,-,-,-,-,2869.0000,2868.8000,2868.6000,2868.4000,2868.2000,2869.4000,2869.6000,2869.8000,2870.0000,2870.2000,3,1,1,3,2,2,1,1,2,5
SF,IH2006,2020-06-17 14:35:58.700,2869.4000,17756,0,14919219060.000,0,-,-,-,-,2869.2000,2869.0000,2868.8000,2868.6000,2868.4000,2869.4000,2869.6000,2869.8000,2870.0000,2870.2000,1,2,1,1,3,2,1,1,2,5
SF,IH2006,2020-06-17 14:35:59.200,2869.2000,17756,0,14920079820.000,1,0,1,空换,B,2869.0000,2868.8000,2868.6000,2868.4000,2868.2000,2869.4000,2869.6000,2869.8000,2870.0000,2870.2000,2,1,1,3,2,2,1,1,2,5
SF,IH2006,2020-06-17 14:35:59.700,2869.2000,17756,0,14920079820.000,0,-,-,-,-,2869.0000,2868.8000,2868.6000,2868.4000,2868.2000,2869.2000,2869.4000,2869.6000,2869.8000,2870.0000,2,1,1,3,2,1,2,1,1,2
SF,IH2006,2020-06-17 14:36:00.200,2869.2000,17756,0,14920079820.000,0,-,-,-,-,2869.0000,2868.8000,2868.6000,2868.4000,2868.2000,2869.2000,2869.4000,2869.6000,2869.8000,2870.0000,2,1,1,3,2,2,2,1,1,2
SF,IH2006,2020-06-17 14:36:00.700,2869.2000,17756,0,14920940580.000,1,0,1,空换,B,2869.0000,2868.8000,2868.6000,2868.4000,2868.2000,2869.2000,2869.4000,2869.6000,2869.8000,2870.0000,1,1,1,3,2,1,2,1,1,2
SF,IH2006,2020-06-17 14:36:02.200,2869.2000,17756,0,14921801340.000,1,0,1,空换,B,2869.0000,2868.8000,2868.6000,2868.4000,2868.2000,2869.4000,2869.6000,2869.8000,2870.0000,2870.2000,1,1,1,3,2,2,1,1,2,5
SF,IH2006,2020-06-17 14:36:02.700,2869.2000,17756,0,14921801340.000,0,-,-,-,-,2869.0000,2868.8000,2868.6000,2868.4000,2868.2000,2869.4000,2869.6000,2869.8000,2870.0000,2870.2000,2,1,1,3,2,2,1,1,2,5
SF,IH2006,2020-06-17 14:36:03.200,2869.2000,17756,0,14921801340.000,0,-,-,-,-,2869.2000,2869.0000,2868.8000,2868.6000,2868.4000,2869.4000,2869.6000,2869.8000,2870.0000,2870.2000,1,2,1,1,3,2,1,1,2,5
SF,IH2006,2020-06-17 14:36:03.700,2869.4000,17756,0,14922662160.000,1,0,1,空换,B,2869.2000,2869.0000,2868.8000,2868.6000,2868.4000,2869.4000,2869.6000,2869.8000,2870.0000,2870.2000,1,2,1,1,3,1,1,1,2,5
SF,IH2006,2020-06-17 14:36:04.200,2868.2000,17752,-4,14930407560.000,9,2,7,空平,B,2868.2000,2867.6000,2867.4000,2867.2000,2867.0000,2869.4000,2869.6000,2869.8000,2870.0000,2870.2000,1,2,3,6,4,1,1,1,2,5
SF,IH2006,2020-06-17 14:36:04.700,2868.2000,17752,0,14930407560.000,0,-,-,-,-,2868.6000,2868.4000,2868.2000,2867.6000,2867.4000,2869.2000,2869.4000,2869.6000,2869.8000,2870.0000,1,10,2,2,3,2,2,1,1,2
SF,IH2006,2020-06-17 14:36:05.200,2868.2000,17752,0,14930407560.000,0,-,-,-,-,2868.6000,2868.4000,2868.2000,2867.6000,2867.4000,2869.2000,2869.4000,2869.6000,2869.8000,2870.0000,1,8,2,2,3,2,2,1,1,2
SF,IH2006,2020-06-17 14:36:05.700,2868.2000,17752,0,14930407560.000,0,-,-,-,-,2868.8000,2868.6000,2868.4000,2868.2000,2867.6000,2869.2000,2869.4000,2869.6000,2869.8000,2870.0000,1,1,5,2,2,2,2,1,1,2
SF,IH2006,2020-06-17 14:36:06.200,2869.2000,17752,0,14931268320.000,1,0,1,空换,B,2868.8000,2868.6000,2868.4000,2868.2000,2867.6000,2869.2000,2869.4000,2869.6000,2869.8000,2870.0000,1,1,5,2,2,2,2,1,1,2
SF,IH2006,2020-06-17 14:36:07.200,2869.2000,17752,0,14931268320.000,0,-,-,-,-,2868.8000,2868.6000,2868.4000,2868.2000,2867.6000,2869.2000,2869.4000,2869.6000,2869.8000,2870.0000,1,1,5,2,2,1,2,1,1,2
SF,IH2006,2020-06-17 14:36:07.700,2869.2000,17752,0,14931268320.000,0,-,-,-,-,2868.8000,2868.6000,2868.4000,2868.2000,2867.6000,2869.2000,2869.4000,2869.6000,2869.8000,2870.0000,1,1,4,2,2,1,2,1,1,2
SF,IH2006,2020-06-17 14:36:08.700,2869.2000,17752,0,14931268320.000,0,-,-,-,-,2868.8000,2868.6000,2868.4000,2868.2000,2867.6000,2869.2000,2869.4000,2869.6000,2869.8000,2870.0000,1,1,4,1,2,1,2,1,1,2
SF,IH2006,2020-06-17 14:36:09.200,2869.2000,17752,0,14931268320.000,0,-,-,-,-,2868.8000,2868.6000,2868.4000,2868.2000,2868.0000,2869.2000,2869.4000,2869.6000,2869.8000,2870.0000,1,1,4,1,1,1,2,1,1,2
SF,IH2006,2020-06-17 14:36:10.700,2869.2000,17752,0,14931268320.000,0,-,-,-,-,2868.8000,2868.6000,2868.4000,2868.2000,2868.0000,2869.2000,2869.4000,2869.6000,2869.8000,2870.0000,1,1,4,1,1,2,2,1,1,2
SF,IH2006,2020-06-17 14:36:11.700,2869.2000,17752,0,14931268320.000,0,-,-,-,-,2868.8000,2868.6000,2868.4000,2868.2000,2868.0000,2869.2000,2869.4000,2869.6000,2869.8000,2870.0000,1,1,4,1,1,3,2,1,1,2
SF,IH2006,2020-06-17 14:36:12.200,2869.2000,17752,0,14931268320.000,0,-,-,-,-,2868.8000,2868.6000,2868.4000,2868.2000,2868.0000,2869.2000,2869.4000,2869.6000,2869.8000,2870.0000,1,1,3,1,1,3,2,1,1,2
SF,IH2006,2020-06-17 14:36:14.700,2869.2000,17752,0,14931268320.000,0,-,-,-,-,2868.8000,2868.6000,2868.4000,2868.2000,2867.6000,2869.2000,2869.4000,2869.6000,2869.8000,2870.0000,1,1,3,1,2,3,2,1,1,2
SF,IH2006,2020-06-17 14:36:15.200,2869.2000,17752,0,14931268320.000,0,-,-,-,-,2868.8000,2868.6000,2868.4000,2868.2000,2867.6000,2869.0000,2869.2000,2869.4000,2869.6000,2869.8000,1,1,3,1,2,1,3,2,1,1
SF,IH2006,2020-06-17 14:36:16.200,2869.0000,17752,0,14932129020.000,1,0,1,空换,B,2868.8000,2868.6000,2868.4000,2868.2000,2867.6000,2869.2000,2869.4000,2869.6000,2869.8000,2870.0000,1,1,3,1,2,3,2,1,1,2
SF,IH2006,2020-06-17 14:36:16.700,2869.0000,17752,0,14932129020.000,0,-,-,-,-,2868.8000,2868.6000,2868.4000,2868.2000,2867.6000,2869.2000,2869.4000,2869.6000,2869.8000,2870.0000,2,1,3,1,2,3,2,1,1,2
SF,IH2006,2020-06-17 14:36:17.200,2869.0000,17752,0,14932129020.000,0,-,-,-,-,2868.8000,2868.6000,2868.4000,2868.2000,2867.6000,2869.2000,2869.4000,2869.6000,2869.8000,2870.0000,2,1,3,1,2,3,1,1,2,2
SF,IH2006,2020-06-17 14:36:20.200,2869.0000,17752,0,14932129020.000,0,-,-,-,-,2868.8000,2868.6000,2868.4000,2868.2000,2867.6000,2869.2000,2869.4000,2869.6000,2869.8000,2870.0000,2,1,3,1,2,3,1,1,2,2
SF,IH2006,2020-06-17 14:36:20.700,2868.8000,17753,1,14933850300.000,2,1,1,多开,B,2868.6000,2868.4000,2868.2000,2867.6000,2867.4000,2868.8000,2869.0000,2869.2000,2869.4000,2869.6000,1,3,1,2,3,10,1,3,1,1
SF,IH2006,2020-06-17 14:36:21.200,2868.6000,17753,0,14934710880.000,1,0,1,空换,B,2868.4000,2868.2000,2867.6000,2867.4000,2867.2000,2868.8000,2869.0000,2869.2000,2869.4000,2869.6000,1,1,2,3,6,3,1,3,1,1
SF,IH2006,2020-06-17 14:36:22.200,2868.6000,17753,0,14934710880.000,0,-,-,-,-,2867.6000,2867.4000,2867.2000,2867.0000,2866.8000,2868.8000,2869.0000,2869.2000,2869.4000,2869.6000,2,3,6,4,1,3,1,3,1,1
SF,IH2006,2020-06-17 14:36:22.700,2868.8000,17755,2,14936432100.000,2,2,0,双开,B,2868.6000,2868.4000,2868.2000,2868.0000,2867.8000,2868.8000,2869.0000,2869.2000,2869.4000,2869.6000,3,12,3,3,13,2,1,3,1,1
SF,IH2006,2020-06-17 14:36:23.200,2868.8000,17757,2,14938153380.000,2,2,0,双开,B,2868.4000,2868.0000,2867.8000,2867.6000,2867.4000,2869.0000,2869.2000,2869.4000,2869.6000,2869.8000,1,1,11,6,3,1,3,1,1,2
SF,IH2006,2020-06-17 14:36:23.700,2868.8000,17757,0,14938153380.000,0,-,-,-,-,2868.6000,2868.0000,2867.8000,2867.6000,2867.4000,2869.0000,2869.2000,2869.4000,2869.6000,2869.8000,1,1,10,6,3,2,3,1,1,2
SF,IH2006,2020-06-17 14:36:24.200,2868.8000,17757,0,14938153380.000,0,-,-,-,-,2868.2000,2868.0000,2867.8000,2867.6000,2867.4000,2868.8000,2869.0000,2869.2000,2869.4000,2869.6000,1,1,9,6,3,1,2,3,1,1
SF,IH2006,2020-06-17 14:36:24.700,2868.8000,17757,0,14939014020.000,1,0,1,空换,B,2868.6000,2868.4000,2868.2000,2868.0000,2867.8000,2869.0000,2869.2000,2869.4000,2869.6000,2869.8000,8,2,1,1,7,2,3,1,1,2
SF,IH2006,2020-06-17 14:36:25.200,2868.8000,17757,0,14939014020.000,0,-,-,-,-,2868.8000,2868.4000,2868.0000,2867.8000,2867.6000,2869.0000,2869.2000,2869.4000,2869.6000,2869.8000,1,2,1,7,6,2,3,1,1,2
SF,IH2006,2020-06-17 14:36:25.700,2867.8000,17757,0,14947618140.000,10,5,5,空换,B,2867.6000,2867.4000,2867.2000,2867.0000,2866.8000,2868.8000,2869.0000,2869.2000,2869.4000,2869.6000,6,3,6,4,1,3,2,3,1,1
SF,IH2006,2020-06-17 14:36:26.200,2868.6000,17757,0,14948478720.000,1,0,1,空换,B,2868.6000,2868.4000,2868.0000,2867.8000,2867.6000,2868.8000,2869.0000,2869.2000,2869.4000,2869.6000,1,4,2,7,4,4,2,3,1,1
SF,IH2006,2020-06-17 14:36:26.700,2868.6000,17757,0,14948478720.000,0,-,-,-,-,2868.6000,2867.8000,2867.6000,2867.4000,2867.2000,2868.8000,2869.0000,2869.2000,2869.4000,2869.6000,1,1,4,3,6,1,2,3,1,1
SF,IH2006,2020-06-17 14:36:27.200,2868.6000,17757,0,14948478720.000,0,-,-,-,-,2868.6000,2867.8000,2867.6000,2867.4000,2867.2000,2868.8000,2869.0000,2869.2000,2869.4000,2869.6000,1,1,4,3,6,1,2,3,1,1
SF,IH2006,2020-06-17 14:36:27.700,2868.6000,17756,-1,14949339300.000,1,0,1,双平,B,2867.8000,2867.6000,2867.4000,2867.2000,2867.0000,2868.8000,2869.0000,2869.2000,2869.4000,2869.6000,1,4,3,6,4,1,2,3,1,1
SF,IH2006,2020-06-17 14:36:28.200,2868.6000,17756,0,14949339300.000,0,-,-,-,-,2868.6000,2868.4000,2868.2000,2868.0000,2867.6000,2868.8000,2869.0000,2869.2000,2869.4000,2869.6000,11,3,3,7,4,4,2,3,1,1
SF,IH2006,2020-06-17 14:36:28.700,2868.6000,17756,0,14949339300.000,0,-,-,-,-,2868.2000,2868.0000,2867.6000,2867.4000,2867.2000,2868.8000,2869.0000,2869.2000,2869.4000,2869.6000,1,3,4,3,6,1,2,3,1,1
SF,IH2006,2020-06-17 14:36:29.200,2868.8000,17757,1,14950199940.000,1,1,0,双开,B,2868.8000,2868.2000,2868.0000,2867.6000,2867.4000,2869.0000,2869.2000,2869.4000,2869.6000,2869.8000,3,1,3,4,3,3,3,1,1,2
SF,IH2006,2020-06-17 14:36:29.700,2868.8000,17759,2,14951921220.000,2,2,0,双开,B,2868.2000,2868.0000,2867.6000,2867.4000,2867.2000,2869.0000,2869.2000,2869.4000,2869.6000,2869.8000,1,3,4,2,6,3,3,1,1,2
SF,IH2006,2020-06-17 14:36:30.200,2868.8000,17759,0,14951921220.000,0,-,-,-,-,2868.2000,2868.0000,2867.8000,2867.6000,2867.4000,2869.0000,2869.2000,2869.4000,2869.6000,2869.8000,1,3,1,4,3,6,3,1,1,2
SF,IH2006,2020-06-17 14:36:30.700,2868.8000,17759,0,14951921220.000,0,-,-,-,-,2868.2000,2868.0000,2867.8000,2867.6000,2867.4000,2869.0000,2869.2000,2869.4000,2869.6000,2869.8000,1,3,1,4,3,6,3,1,1,2
SF,IH2006,2020-06-17 14:36:31.200,2868.8000,17759,0,14951921220.000,0,-,-,-,-,2868.2000,2868.0000,2867.8000,2867.6000,2867.4000,2869.0000,2869.2000,2869.4000,2869.6000,2869.8000,1,3,1,4,3,7,3,1,1,2
SF,IH2006,2020-06-17 14:36:31.700,2868.8000,17759,0,14951921220.000,0,-,-,-,-,2868.2000,2868.0000,2867.8000,2867.6000,2867.4000,2869.0000,2869.2000,2869.4000,2869.6000,2869.8000,1,2,1,4,3,7,3,1,1,2
SF,IH2006,2020-06-17 14:36:32.200,2868.8000,17759,0,14951921220.000,0,-,-,-,-,2868.0000,2867.8000,2867.6000,2867.4000,2867.2000,2868.8000,2869.0000,2869.2000,2869.4000,2869.6000,2,1,4,3,6,2,7,3,1,1
SF,IH2006,2020-06-17 14:36:32.700,2868.8000,17759,0,14951921220.000,0,-,-,-,-,2868.0000,2867.8000,2867.6000,2867.4000,2867.2000,2868.6000,2868.8000,2869.0000,2869.2000,2869.4000,2,1,4,3,6,3,2,4,3,1
SF,IH2006,2020-06-17 14:36:33.200,2868.8000,17759,0,14951921220.000,0,-,-,-,-,2868.4000,2868.0000,2867.8000,2867.6000,2867.4000,2868.8000,2869.0000,2869.2000,2869.4000,2869.6000,2,1,1,4,3,5,4,3,1,1
SF,IH2006,2020-06-17 14:36:33.700,2868.8000,17759,0,14951921220.000,0,-,-,-,-,2868.0000,2867.8000,2867.6000,2867.4000,2867.2000,2868.8000,2869.0000,2869.2000,2869.4000,2869.6000,1,1,4,3,6,5,4,3,1,1
SF,IH2006,2020-06-17 14:36:34.200,2868.8000,17759,0,14951921220.000,0,-,-,-,-,2868.2000,2868.0000,2867.8000,2867.6000,2867.4000,2868.8000,2869.0000,2869.2000,2869.4000,2869.6000,1,1,1,4,3,5,4,3,1,1
SF,IH2006,2020-06-17 14:36:34.700,2868.8000,17759,0,14951921220.000,0,-,-,-,-,2868.2000,2868.0000,2867.6000,2867.4000,2867.2000,2868.8000,2869.0000,2869.2000,2869.4000,2869.6000,1,1,4,3,6,5,4,3,1,1
SF,IH2006,2020-06-17 14:36:35.200,2868.8000,17759,0,14951921220.000,0,-,-,-,-,2868.2000,2867.6000,2867.4000,2867.2000,2867.0000,2868.6000,2868.8000,2869.0000,2869.2000,2869.4000,1,4,3,6,4,1,5,4,3,1
SF,IH2006,2020-06-17 14:36:35.700,2868.8000,17759,0,14951921220.000,0,-,-,-,-,2868.2000,2867.6000,2867.4000,2867.2000,2867.0000,2868.6000,2868.8000,2869.0000,2869.2000,2869.4000,1,4,3,6,4,4,2,4,3,1
SF,IH2006,2020-06-17 14:36:36.200,2868.8000,17759,0,14951921220.000,0,-,-,-,-,2867.6000,2867.4000,2867.2000,2867.0000,2866.8000,2868.2000,2868.6000,2868.8000,2869.0000,2869.2000,4,3,6,4,1,1,4,2,4,3
SF,IH2006,2020-06-17 14:36:36.700,2868.2000,17767,8,14958804900.000,8,8,0,双开,B,2868.4000,2868.2000,2867.8000,2867.6000,2867.4000,2868.6000,2868.8000,2869.0000,2869.2000,2869.4000,1,4,7,3,3,4,2,4,3,1
SF,IH2006,2020-06-17 14:36:37.200,2868.2000,17767,0,14961386280.000,3,1,2,空换,B,2867.8000,2867.6000,2867.4000,2867.2000,2867.0000,2868.2000,2868.6000,2869.0000,2869.2000,2869.4000,2,3,3,6,4,4,1,4,3,1
SF,IH2006,2020-06-17 14:36:37.700,2868.0000,17771,4,14964828060.000,4,4,0,双开,B,2868.0000,2867.8000,2867.6000,2867.4000,2867.2000,2868.6000,2869.0000,2869.2000,2869.4000,2869.6000,1,2,4,3,6,1,4,3,1,1
SF,IH2006,2020-06-17 14:36:38.200,2868.0000,17771,0,14965688460.000,1,0,1,空换,B,2868.0000,2867.8000,2867.6000,2867.4000,2867.2000,2869.0000,2869.2000,2869.4000,2869.6000,2869.8000,1,2,3,3,6,4,4,1,1,2
SF,IH2006,2020-06-17 14:36:38.700,2868.8000,17770,-1,14966549100.000,1,0,1,双平,B,2868.0000,2867.8000,2867.6000,2867.4000,2867.2000,2868.8000,2869.0000,2869.2000,2869.4000,2869.6000,1,2,3,3,6,7,3,4,1,1
SF,IH2006,2020-06-17 14:36:39.700,2868.8000,17770,0,14966549100.000,0,-,-,-,-,2868.0000,2867.8000,2867.6000,2867.4000,2867.2000,2868.8000,2869.0000,2869.2000,2869.4000,2869.6000,1,1,3,3,3,8,3,4,1,1
SF,IH2006,2020-06-17 14:36:40.200,2868.8000,17770,0,14966549100.000,0,-,-,-,-,2868.0000,2867.8000,2867.6000,2867.4000,2867.2000,2868.6000,2868.8000,2869.0000,2869.2000,2869.4000,1,1,3,3,3,1,8,3,4,1
SF,IH2006,2020-06-17 14:36:40.700,2868.8000,17770,0,14966549100.000,0,-,-,-,-,2868.0000,2867.8000,2867.6000,2867.4000,2867.2000,2868.6000,2868.8000,2869.0000,2869.2000,2869.4000,1,1,3,3,3,4,5,3,4,1
SF,IH2006,2020-06-17 14:36:41.200,2868.8000,17770,0,14966549100.000,0,-,-,-,-,2868.0000,2867.8000,2867.6000,2867.4000,2867.2000,2868.6000,2868.8000,2869.0000,2869.2000,2869.4000,1,1,4,3,3,4,5,3,4,1
SF,IH2006,2020-06-17 14:36:42.700,2868.8000,17770,0,14966549100.000,0,-,-,-,-,2868.0000,2867.8000,2867.6000,2867.4000,2867.2000,2868.6000,2868.8000,2869.0000,2869.2000,2869.4000,1,1,4,3,3,4,5,3,4,1
SF,IH2006,2020-06-17 14:36:43.200,2868.8000,17770,0,14966549100.000,0,-,-,-,-,2868.0000,2867.8000,2867.6000,2867.4000,2867.2000,2868.6000,2868.8000,2869.0000,2869.2000,2869.4000,1,1,4,3,6,4,5,3,4,1
SF,IH2006,2020-06-17 14:36:43.700,2868.8000,17770,0,14966549100.000,0,-,-,-,-,2868.4000,2868.2000,2868.0000,2867.8000,2867.6000,2868.8000,2869.0000,2869.2000,2869.4000,2869.6000,4,1,1,1,4,5,3,4,1,1
SF,IH2006,2020-06-17 14:36:44.200,2868.4000,17770,0,14967409620.000,1,0,1,空换,B,2868.2000,2867.8000,2867.6000,2867.4000,2867.2000,2868.8000,2869.0000,2869.2000,2869.4000,2869.6000,1,1,3,3,6,1,3,4,1,1
SF,IH2006,2020-06-17 14:36:44.700,2868.4000,17770,0,14967409620.000,0,-,-,-,-,2868.4000,2868.2000,2867.8000,2867.6000,2867.4000,2868.8000,2869.0000,2869.2000,2869.4000,2869.6000,3,5,1,3,3,1,3,4,1,1
SF,IH2006,2020-06-17 14:36:45.200,2868.4000,17770,0,14967409620.000,0,-,-,-,-,2868.4000,2868.2000,2867.8000,2867.6000,2867.4000,2868.8000,2869.0000,2869.2000,2869.4000,2869.6000,3,3,1,3,3,1,3,4,1,1
SF,IH2006,2020-06-17 14:36:45.700,2868.8000,17771,1,14968270260.000,1,1,0,双开,B,2868.4000,2868.2000,2867.8000,2867.6000,2867.4000,2869.0000,2869.2000,2869.4000,2869.6000,2869.8000,3,3,1,3,3,3,4,1,1,2
SF,IH2006,2020-06-17 14:36:46.200,2868.8000,17771,0,14968270260.000,0,-,-,-,-,2868.4000,2868.2000,2867.8000,2867.6000,2867.4000,2869.0000,2869.2000,2869.4000,2869.6000,2869.8000,3,3,1,3,3,3,4,1,1,2
SF,IH2006,2020-06-17 14:36:46.700,2868.8000,17771,0,14968270260.000,0,-,-,-,-,2868.4000,2868.2000,2867.8000,2867.6000,2867.4000,2869.0000,2869.2000,2869.4000,2869.6000,2869.8000,3,2,1,3,3,3,4,1,1,2
SF,IH2006,2020-06-17 14:36:47.200,2868.8000,17771,0,14968270260.000,0,-,-,-,-,2868.6000,2868.4000,2868.2000,2867.8000,2867.6000,2869.0000,2869.2000,2869.4000,2869.6000,2869.8000,1,2,2,1,3,6,4,1,1,2
SF,IH2006,2020-06-17 14:36:47.700,2868.8000,17771,0,14968270260.000,0,-,-,-,-,2868.6000,2868.4000,2868.2000,2867.8000,2867.6000,2869.0000,2869.2000,2869.4000,2869.6000,2869.8000,1,2,2,1,3,4,4,1,1,2
SF,IH2006,2020-06-17 14:36:48.200,2868.8000,17771,0,14968270260.000,0,-,-,-,-,2868.6000,2868.4000,2868.2000,2867.6000,2867.4000,2869.0000,2869.2000,2869.4000,2869.6000,2869.8000,1,2,2,3,3,4,4,1,1,2
SF,IH2006,2020-06-17 14:36:48.700,2867.6000,17768,-3,14973433080.000,6,1,5,空平,B,2867.6000,2867.4000,2867.2000,2867.0000,2866.8000,2869.0000,2869.2000,2869.4000,2869.6000,2869.8000,2,3,6,4,1,4,4,1,1,2
SF,IH2006,2020-06-17 14:36:49.200,2867.6000,17768,0,14973433080.000,0,-,-,-,-,2868.2000,2868.0000,2867.8000,2867.6000,2867.4000,2868.8000,2869.0000,2869.2000,2869.4000,2869.6000,2,5,4,2,3,7,4,4,1,1
SF,IH2006,2020-06-17 14:36:49.700,2867.6000,17768,0,14973433080.000,0,-,-,-,-,2868.2000,2868.0000,2867.8000,2867.6000,2867.4000,2868.8000,2869.0000,2869.2000,2869.4000,2869.6000,2,3,3,2,3,3,3,3,1,1
SF,IH2006,2020-06-17 14:36:50.200,2867.6000,17768,0,14973433080.000,0,-,-,-,-,2868.2000,2868.0000,2867.8000,2867.6000,2867.4000,2868.8000,2869.0000,2869.2000,2869.4000,2869.6000,2,3,3,2,4,3,3,3,1,1
SF,IH2006,2020-06-17 14:36:50.700,2867.6000,17768,0,14973433080.000,0,-,-,-,-,2868.2000,2868.0000,2867.8000,2867.6000,2867.4000,2868.8000,2869.0000,2869.2000,2869.4000,2869.6000,3,3,3,2,4,3,3,3,1,1
SF,IH2006,2020-06-17 14:36:51.200,2868.4000,17767,-1,14979456900.000,7,3,4,空平,B,2868.4000,2868.2000,2868.0000,2867.8000,2867.6000,2868.8000,2869.0000,2869.2000,2869.4000,2869.6000,4,2,2,3,4,1,3,3,1,1
SF,IH2006,2020-06-17 14:36:51.700,2868.4000,17767,0,14979456900.000,0,-,-,-,-,2868.6000,2868.4000,2868.2000,2868.0000,2867.8000,2868.8000,2869.0000,2869.2000,2869.4000,2869.6000,2,4,1,3,3,2,3,3,1,1
SF,IH2006,2020-06-17 14:36:52.200,2868.8000,17769,2,14981178180.000,2,2,0,双开,B,2868.6000,2868.4000,2868.2000,2868.0000,2867.8000,2869.0000,2869.2000,2869.4000,2869.6000,2869.8000,2,4,1,3,2,3,3,1,1,2
SF,IH2006,2020-06-17 14:36:52.700,2868.8000,17769,0,14981178180.000,0,-,-,-,-,2868.6000,2868.4000,2868.2000,2868.0000,2867.8000,2869.0000,2869.2000,2869.4000,2869.6000,2869.8000,2,4,1,2,2,2,3,1,1,2
SF,IH2006,2020-06-17 14:36:53.700,2868.8000,17769,0,14981178180.000,0,-,-,-,-,2868.6000,2868.4000,2868.2000,2868.0000,2867.8000,2869.0000,2869.2000,2869.4000,2869.6000,2869.8000,2,4,1,2,2,2,3,1,1,2
SF,IH2006,2020-06-17 14:36:54.200,2868.8000,17769,0,14981178180.000,0,-,-,-,-,2868.6000,2868.4000,2868.2000,2868.0000,2867.8000,2869.0000,2869.2000,2869.4000,2869.6000,2869.8000,2,4,1,2,2,3,3,1,1,2
SF,IH2006,2020-06-17 14:36:54.700,2868.8000,17769,0,14981178180.000,0,-,-,-,-,2868.4000,2868.2000,2868.0000,2867.8000,2867.6000,2869.0000,2869.2000,2869.4000,2869.6000,2869.8000,4,1,2,2,5,3,3,1,1,2
SF,IH2006,2020-06-17 14:36:55.200,2868.8000,17769,0,14981178180.000,0,-,-,-,-,2868.4000,2868.2000,2868.0000,2867.8000,2867.6000,2869.0000,2869.2000,2869.4000,2869.6000,2869.8000,4,1,2,2,5,3,3,1,1,2
SF,IH2006,2020-06-17 14:36:55.700,2868.8000,17769,0,14981178180.000,0,-,-,-,-,2868.4000,2868.2000,2868.0000,2867.8000,2867.6000,2869.0000,2869.2000,2869.4000,2869.6000,2869.8000,4,1,2,2,5,3,3,1,1,2
SF,IH2006,2020-06-17 14:36:56.700,2868.8000,17769,0,14981178180.000,0,-,-,-,-,2868.4000,2868.2000,2868.0000,2867.8000,2867.6000,2869.0000,2869.2000,2869.4000,2869.6000,2869.8000,4,1,2,2,4,3,3,1,1,2
SF,IH2006,2020-06-17 14:36:58.200,2868.8000,17769,0,14981178180.000,0,-,-,-,-,2868.4000,2868.2000,2868.0000,2867.8000,2867.6000,2869.0000,2869.2000,2869.4000,2869.6000,2869.8000,4,1,2,2,4,2,3,1,1,2
SF,IH2006,2020-06-17 14:36:58.700,2868.8000,17769,0,14981178180.000,0,-,-,-,-,2868.8000,2868.4000,2868.2000,2868.0000,2867.8000,2869.0000,2869.2000,2869.4000,2869.6000,2869.8000,4,4,1,2,2,2,3,1,1,2
SF,IH2006,2020-06-17 14:36:59.200,2868.8000,17769,0,14981178180.000,0,-,-,-,-,2868.4000,2868.2000,2868.0000,2867.8000,2867.6000,2869.0000,2869.2000,2869.4000,2869.6000,2869.8000,2,1,2,2,4,2,3,1,1,2
SF,IH2006,2020-06-17 14:36:59.700,2869.0000,17771,2,14982899580.000,2,2,0,双开,B,2869.0000,2868.4000,2868.2000,2868.0000,2867.8000,2869.2000,2869.4000,2869.6000,2869.8000,2870.0000,2,2,1,2,2,3,1,1,2,2
SF,IH2006,2020-06-17 14:37:00.200,2869.2000,17773,2,14985481860.000,3,2,1,多开,B,2868.4000,2868.2000,2868.0000,2867.8000,2867.6000,2868.8000,2869.4000,2869.6000,2869.8000,2870.0000,2,1,2,2,4,4,1,1,2,2
SF,IH2006,2020-06-17 14:37:00.700,2868.8000,17773,0,14988924420.000,4,2,2,空换,B,2869.2000,2869.0000,2868.8000,2868.6000,2868.4000,2869.4000,2869.6000,2869.8000,2870.0000,2870.2000,2,1,15,2,1,1,1,2,2,5
SF,IH2006,2020-06-17 14:37:01.200,2868.8000,17773,0,14988924420.000,0,-,-,-,-,2869.0000,2868.8000,2868.6000,2868.2000,2868.0000,2869.4000,2869.6000,2869.8000,2870.0000,2870.2000,1,9,1,1,2,1,1,2,2,5
SF,IH2006,2020-06-17 14:37:01.700,2868.8000,17773,0,14988924420.000,0,-,-,-,-,2869.0000,2868.8000,2868.6000,2868.2000,2868.0000,2869.4000,2869.6000,2869.8000,2870.0000,2870.2000,2,9,1,1,2,1,1,2,2,5
SF,IH2006,2020-06-17 14:37:02.200,2869.4000,17773,0,14989785240.000,1,0,1,空换,B,2869.4000,2869.0000,2868.8000,2868.6000,2868.2000,2869.6000,2869.8000,2870.0000,2870.2000,2870.4000,1,2,9,1,1,1,2,2,5,1
SF,IH2006,2020-06-17 14:37:02.700,2869.4000,17773,0,14989785240.000,0,-,-,-,-,2869.4000,2869.0000,2868.8000,2868.6000,2868.2000,2869.6000,2869.8000,2870.0000,2870.2000,2870.4000,1,2,9,1,1,1,2,2,5,1
SF,IH2006,2020-06-17 14:37:03.200,2869.4000,17774,1,14990646060.000,1,1,0,双开,B,2869.0000,2868.8000,2868.6000,2868.2000,2868.0000,2869.6000,2869.8000,2870.0000,2870.2000,2870.4000,2,9,1,1,2,1,2,2,5,1
SF,IH2006,2020-06-17 14:37:03.700,2869.6000,17774,0,14991506940.000,1,0,1,空换,B,2869.0000,2868.8000,2868.6000,2868.2000,2868.0000,2869.8000,2870.0000,2870.2000,2870.4000,2870.6000,2,9,1,1,2,2,2,5,1,1
SF,IH2006,2020-06-17 14:37:04.200,2869.6000,17774,0,14991506940.000,0,-,-,-,-,2869.2000,2869.0000,2868.8000,2868.6000,2868.2000,2869.8000,2870.0000,2870.2000,2870.4000,2870.6000,1,2,9,1,1,12,2,5,1,1
SF,IH2006,2020-06-17 14:37:04.700,2869.6000,17774,0,14991506940.000,0,-,-,-,-,2869.0000,2868.8000,2868.6000,2868.2000,2868.0000,2869.4000,2869.6000,2869.8000,2870.0000,2870.2000,1,9,1,1,2,2,4,11,2,5
SF,IH2006,2020-06-17 14:37:05.200,2869.6000,17774,0,14991506940.000,0,-,-,-,-,2869.0000,2868.8000,2868.6000,2868.2000,2868.0000,2869.6000,2869.8000,2870.0000,2870.2000,2870.4000,1,9,1,1,2,4,10,2,5,1
SF,IH2006,2020-06-17 14:37:05.700,2869.6000,17774,0,14991506940.000,0,-,-,-,-,2869.0000,2868.8000,2868.6000,2868.2000,2868.0000,2869.4000,2869.6000,2869.8000,2870.0000,2870.2000,1,9,1,1,2,1,7,10,2,5
SF,IH2006,2020-06-17 14:37:06.200,2869.6000,17774,0,14991506940.000,0,-,-,-,-,2869.0000,2868.8000,2868.6000,2868.2000,2868.0000,2869.4000,2869.6000,2869.8000,2870.0000,2870.2000,1,9,1,1,2,1,6,10,2,5
SF,IH2006,2020-06-17 14:37:07.200,2869.6000,17774,0,14991506940.000,0,-,-,-,-,2869.2000,2869.0000,2868.8000,2868.6000,2868.2000,2869.6000,2869.8000,2870.0000,2870.2000,2870.4000,1,1,9,1,1,6,10,2,5,1
SF,IH2006,2020-06-17 14:37:07.700,2869.6000,17774,0,14991506940.000,0,-,-,-,-,2869.2000,2869.0000,2868.8000,2868.6000,2868.2000,2869.6000,2869.8000,2870.0000,2870.2000,2870.4000,1,1,9,1,1,4,9,2,5,1
SF,IH2006,2020-06-17 14:37:08.200,2869.6000,17774,0,14991506940.000,0,-,-,-,-,2869.4000,2869.2000,2869.0000,2868.8000,2868.6000,2869.6000,2869.8000,2870.0000,2870.2000,2870.4000,1,1,1,9,1,4,9,2,5,1
SF,IH2006,2020-06-17 14:37:08.700,2869.6000,17774,0,14992367820.000,1,0,1,空换,B,2869.4000,2869.2000,2869.0000,2868.8000,2868.6000,2869.6000,2869.8000,2870.0000,2870.2000,2870.4000,1,1,1,9,1,3,9,2,5,1
SF,IH2006,2020-06-17 14:37:09.200,2869.6000,17774,0,14992367820.000,0,-,-,-,-,2869.4000,2869.2000,2869.0000,2868.8000,2868.6000,2869.6000,2869.8000,2870.0000,2870.2000,2870.4000,1,1,1,9,1,3,9,2,5,1
SF,IH2006,2020-06-17 14:37:09.700,2869.6000,17776,2,14994089520.000,2,2,0,双开,B,2869.2000,2869.0000,2868.8000,2868.6000,2868.2000,2869.8000,2870.0000,2870.2000,2870.4000,2870.6000,1,1,9,1,1,9,2,5,1,2
SF,IH2006,2020-06-17 14:37:10.200,2869.6000,17776,0,14994089520.000,0,-,-,-,-,2869.2000,2869.0000,2868.8000,2868.6000,2868.2000,2869.8000,2870.0000,2870.2000,2870.4000,2870.6000,2,1,9,1,1,9,2,5,1,2
SF,IH2006,2020-06-17 14:37:11.200,2869.6000,17776,0,14994089520.000,0,-,-,-,-,2869.2000,2869.0000,2868.8000,2868.6000,2868.2000,2869.8000,2870.0000,2870.2000,2870.4000,2870.6000,2,2,9,1,1,9,2,5,1,2
SF,IH2006,2020-06-17 14:37:12.200,2869.6000,17776,0,14994089520.000,0,-,-,-,-,2869.4000,2869.2000,2869.0000,2868.8000,2868.6000,2869.8000,2870.0000,2870.2000,2870.4000,2870.6000,1,2,2,9,1,12,2,5,1,2
SF,IH2006,2020-06-17 14:37:12.700,2869.6000,17776,0,14994089520.000,0,-,-,-,-,2869.4000,2869.2000,2869.0000,2868.8000,2868.6000,2869.8000,2870.0000,2870.2000,2870.4000,2870.6000,1,3,2,9,1,9,2,5,1,2
SF,IH2006,2020-06-17 14:37:13.700,2869.8000,17775,-1,14994950460.000,1,0,1,双平,B,2869.4000,2869.2000,2869.0000,2868.8000,2868.6000,2869.8000,2870.0000,2870.2000,2870.4000,2870.6000,1,3,3,9,1,8,2,5,1,2
SF,IH2006,2020-06-17 14:37:14.200,2869.4000,17775,0,14995811280.000,1,0,1,空换,B,2869.2000,2869.0000,2868.8000,2868.6000,2868.2000,2869.4000,2869.8000,2870.0000,2870.2000,2870.4000,3,3,9,1,2,1,7,2,5,1
SF,IH2006,2020-06-17 14:37:14.700,2869.4000,17775,0,14996672100.000,1,0,1,空换,B,2869.4000,2869.2000,2869.0000,2868.8000,2868.6000,2869.8000,2870.0000,2870.2000,2870.4000,2870.6000,2,3,3,9,1,7,2,5,1,2
SF,IH2006,2020-06-17 14:37:15.200,2869.4000,17775,0,14996672100.000,0,-,-,-,-,2869.4000,2869.2000,2869.0000,2868.8000,2868.6000,2869.8000,2870.0000,2870.2000,2870.4000,2870.6000,2,3,3,9,1,7,2,5,1,2
SF,IH2006,2020-06-17 14:37:15.700,2869.4000,17775,0,14996672100.000,0,-,-,-,-,2869.4000,2869.2000,2869.0000,2868.8000,2868.6000,2869.8000,2870.0000,2870.2000,2870.4000,2870.6000,2,3,3,9,1,7,2,5,1,2
SF,IH2006,2020-06-17 14:37:16.200,2869.8000,17775,0,14997533040.000,1,0,1,空换,B,2869.4000,2869.2000,2869.0000,2868.8000,2868.6000,2869.8000,2870.0000,2870.2000,2870.4000,2870.6000,2,3,3,9,1,6,2,5,1,2
SF,IH2006,2020-06-17 14:37:16.700,2869.8000,17775,0,14997533040.000,0,-,-,-,-,2869.4000,2869.2000,2869.0000,2868.8000,2868.6000,2869.8000,2870.0000,2870.2000,2870.4000,2870.6000,3,3,3,9,1,6,2,5,1,2
SF,IH2006,2020-06-17 14:37:18.200,2869.8000,17775,0,14997533040.000,0,-,-,-,-,2869.4000,2869.2000,2869.0000,2868.8000,2868.6000,2869.6000,2869.8000,2870.0000,2870.2000,2870.4000,3,3,3,9,1,1,6,2,5,1
SF,IH2006,2020-06-17 14:37:18.700,2869.4000,17773,-2,15000976440.000,4,1,3,空平,B,2869.2000,2869.0000,2868.8000,2868.6000,2868.2000,2869.8000,2870.0000,2870.2000,2870.4000,2870.6000,3,3,9,1,2,6,2,5,1,2
SF,IH2006,2020-06-17 14:37:19.200,2869.4000,17773,0,15000976440.000,0,-,-,-,-,2869.2000,2869.0000,2868.8000,2868.6000,2868.2000,2869.8000,2870.0000,2870.2000,2870.4000,2870.6000,3,3,9,1,2,6,2,5,1,2
SF,IH2006,2020-06-17 14:37:19.700,2869.4000,17773,0,15000976440.000,0,-,-,-,-,2869.2000,2869.0000,2868.8000,2868.6000,2868.2000,2869.8000,2870.0000,2870.2000,2870.4000,2870.6000,3,3,9,1,2,6,2,5,1,2
SF,IH2006,2020-06-17 14:37:20.200,2869.4000,17773,0,15000976440.000,0,-,-,-,-,2869.2000,2869.0000,2868.8000,2868.6000,2868.2000,2869.8000,2870.0000,2870.2000,2870.4000,2870.6000,3,3,9,1,2,7,2,5,1,2
SF,IH2006,2020-06-17 14:37:24.200,2869.4000,17773,0,15000976440.000,0,-,-,-,-,2869.2000,2869.0000,2868.8000,2868.6000,2868.2000,2869.8000,2870.0000,2870.2000,2870.4000,2870.6000,3,3,9,1,2,7,2,5,1,2
SF,IH2006,2020-06-17 14:37:24.700,2869.8000,17775,2,15002698320.000,2,2,0,双开,B,2869.2000,2869.0000,2868.8000,2868.6000,2868.2000,2869.8000,2870.0000,2870.2000,2870.4000,2870.6000,3,3,9,1,2,5,2,5,1,2
SF,IH2006,2020-06-17 14:37:25.200,2869.8000,17775,0,15002698320.000,0,-,-,-,-,2869.4000,2869.2000,2869.0000,2868.8000,2868.6000,2869.8000,2870.0000,2870.2000,2870.4000,2870.6000,2,3,3,9,1,4,2,5,1,2
SF,IH2006,2020-06-17 14:37:25.700,2869.4000,17774,-1,15003559140.000,1,0,1,双平,B,2869.4000,2869.2000,2869.0000,2868.8000,2868.6000,2869.8000,2870.0000,2870.2000,2870.4000,2870.6000,1,3,3,9,1,4,2,5,1,2
SF,IH2006,2020-06-17 14:37:26.200,2869.4000,17774,0,15003559140.000,0,-,-,-,-,2869.4000,2869.2000,2869.0000,2868.8000,2868.6000,2869.8000,2870.0000,2870.2000,2870.4000,2870.6000,1,4,3,9,1,4,2,5,1,2
SF,IH2006,2020-06-17 14:37:28.200,2869.4000,17774,0,15003559140.000,0,-,-,-,-,2869.4000,2869.2000,2869.0000,2868.8000,2868.6000,2869.8000,2870.0000,2870.2000,2870.4000,2870.6000,2,4,3,9,1,4,2,5,1,2
SF,IH2006,2020-06-17 14:37:32.700,2869.8000,17774,0,15006141960.000,3,1,2,空换,B,2869.4000,2869.2000,2869.0000,2868.8000,2868.6000,2869.8000,2870.0000,2870.2000,2870.4000,2870.6000,2,4,3,9,1,1,2,5,1,2
SF,IH2006,2020-06-17 14:37:33.200,2869.8000,17775,1,15007002900.000,1,1,0,双开,B,2869.8000,2869.4000,2869.2000,2869.0000,2868.8000,2870.0000,2870.2000,2870.4000,2870.6000,2871.0000,1,3,4,3,9,2,5,1,2,1
SF,IH2006,2020-06-17 14:37:33.700,2869.8000,17775,0,15007002900.000,0,-,-,-,-,2869.8000,2869.4000,2869.2000,2869.0000,2868.8000,2870.0000,2870.2000,2870.4000,2870.6000,2871.0000,1,3,4,3,9,3,5,1,2,1
SF,IH2006,2020-06-17 14:37:34.200,2869.8000,17776,1,15007863840.000,1,1,0,双开,B,2869.4000,2869.2000,2869.0000,2868.8000,2868.6000,2870.0000,2870.2000,2870.4000,2870.6000,2871.0000,3,4,3,9,1,2,5,1,2,1
SF,IH2006,2020-06-17 14:37:34.700,2869.8000,17776,0,15007863840.000,0,-,-,-,-,2869.6000,2869.4000,2869.2000,2869.0000,2868.8000,2870.0000,2870.2000,2870.4000,2870.6000,2871.0000,2,3,3,2,9,1,5,1,2,1
SF,IH2006,2020-06-17 14:37:35.200,2869.8000,17776,0,15007863840.000,0,-,-,-,-,2869.6000,2869.4000,2869.2000,2869.0000,2868.8000,2870.0000,2870.2000,2870.4000,2870.6000,2871.0000,3,2,3,2,9,3,5,1,2,1
SF,IH2006,2020-06-17 14:37:35.700,2869.8000,17776,0,15007863840.000,0,-,-,-,-,2869.6000,2869.4000,2869.2000,2869.0000,2868.8000,2870.0000,2870.2000,2870.4000,2870.6000,2871.0000,3,2,3,2,9,5,5,1,2,1
SF,IH2006,2020-06-17 14:37:36.200,2869.8000,17776,0,15007863840.000,0,-,-,-,-,2869.6000,2869.4000,2869.2000,2869.0000,2868.8000,2870.0000,2870.2000,2870.4000,2870.6000,2871.0000,2,2,3,2,9,5,5,1,2,1
SF,IH2006,2020-06-17 14:37:36.700,2870.0000,17776,0,15008724840.000,1,0,1,空换,B,2869.6000,2869.4000,2869.2000,2869.0000,2868.8000,2870.0000,2870.2000,2870.4000,2870.6000,2871.0000,2,2,3,2,9,4,5,1,2,1
SF,IH2006,2020-06-17 14:37:37.200,2870.0000,17778,2,15010446840.000,2,2,0,双开,B,2869.6000,2869.4000,2869.2000,2869.0000,2868.8000,2870.0000,2870.2000,2870.4000,2870.6000,2871.0000,2,2,3,2,9,2,5,1,2,1
SF,IH2006,2020-06-17 14:37:37.700,2870.0000,17779,1,15011307840.000,1,1,0,双开,B,2869.8000,2869.6000,2869.4000,2869.2000,2869.0000,2870.0000,2870.2000,2870.4000,2870.6000,2871.0000,2,2,2,3,2,1,5,1,2,1
SF,IH2006,2020-06-17 14:37:38.200,2870.0000,17780,1,15012168840.000,1,1,0,双开,B,2870.0000,2869.8000,2869.6000,2869.4000,2869.2000,2870.2000,2870.4000,2870.6000,2871.0000,2871.2000,6,2,1,3,3,5,1,2,1,1
SF,IH2006,2020-06-17 14:37:38.700,2870.2000,17779,-1,15013890960.000,2,0,2,空平,B,2870.0000,2869.8000,2869.6000,2869.4000,2869.2000,2870.2000,2870.4000,2870.6000,2871.0000,2871.2000,6,2,1,3,3,3,1,2,1,1
SF,IH2006,2020-06-17 14:37:39.200,2870.2000,17782,3,15016474140.000,3,3,0,双开,B,2870.2000,2870.0000,2869.8000,2869.6000,2869.4000,2870.4000,2870.6000,2871.0000,2871.2000,2871.4000,4,6,2,1,3,1,2,1,1,2
SF,IH2006,2020-06-17 14:37:39.700,2870.4000,17782,0,15017335260.000,1,0,1,空换,B,2870.2000,2870.0000,2869.8000,2869.6000,2869.4000,2870.6000,2871.0000,2871.2000,2871.4000,2871.6000,3,6,2,1,3,2,1,1,2,10
SF,IH2006,2020-06-17 14:37:40.200,2870.4000,17782,0,15017335260.000,0,-,-,-,-,2870.2000,2870.0000,2869.8000,2869.6000,2869.4000,2870.6000,2871.0000,2871.2000,2871.4000,2871.6000,3,6,2,1,3,2,1,1,2,10
SF,IH2006,2020-06-17 14:37:40.700,2870.4000,17782,0,15017335260.000,0,-,-,-,-,2870.4000,2870.2000,2870.0000,2869.8000,2869.6000,2870.6000,2871.0000,2871.2000,2871.4000,2871.6000,1,3,6,2,2,3,1,1,2,10
SF,IH2006,2020-06-17 14:37:41.200,2870.6000,17783,1,15018196440.000,1,1,0,双开,B,2870.4000,2870.2000,2870.0000,2869.8000,2869.6000,2870.6000,2871.0000,2871.2000,2871.4000,2871.6000,2,3,6,2,2,2,1,1,2,10
SF,IH2006,2020-06-17 14:37:41.700,2870.4000,17785,2,15019918680.000,2,2,0,双开,B,2870.2000,2870.0000,2869.8000,2869.6000,2869.4000,2870.6000,2871.0000,2871.2000,2871.4000,2871.6000,3,6,1,2,3,2,1,1,2,10
SF,IH2006,2020-06-17 14:37:42.200,2870.4000,17785,0,15019918680.000,0,-,-,-,-,2870.2000,2870.0000,2869.8000,2869.6000,2869.4000,2870.6000,2871.0000,2871.2000,2871.4000,2871.6000,3,6,1,2,2,2,1,1,2,10
SF,IH2006,2020-06-17 14:37:42.700,2870.4000,17785,0,15019918680.000,0,-,-,-,-,2870.2000,2870.0000,2869.8000,2869.6000,2869.4000,2870.6000,2871.0000,2871.2000,2871.4000,2871.6000,3,6,1,2,2,2,1,1,2,10
SF,IH2006,2020-06-17 14:37:43.200,2870.4000,17785,0,15019918680.000,0,-,-,-,-,2870.2000,2870.0000,2869.8000,2869.6000,2869.4000,2870.4000,2870.6000,2871.0000,2871.2000,2871.4000,3,6,1,2,2,1,6,1,1,2
SF,IH2006,2020-06-17 14:37:43.700,2870.4000,17785,0,15020779800.000,1,0,1,空换,B,2870.2000,2870.0000,2869.8000,2869.6000,2869.4000,2870.6000,2871.0000,2871.2000,2871.4000,2871.6000,3,6,1,2,2,6,1,1,2,10
SF,IH2006,2020-06-17 14:37:44.200,2870.2000,17787,2,15023363100.000,3,2,1,多开,B,2870.2000,2870.0000,2869.8000,2869.6000,2869.4000,2870.6000,2871.0000,2871.2000,2871.4000,2871.6000,1,6,1,2,2,5,1,1,2,10
SF,IH2006,2020-06-17 14:37:44.700,2870.0000,17789,2,15029390160.000,7,4,3,多开,B,2869.8000,2869.6000,2869.4000,2869.2000,2869.0000,2870.6000,2871.0000,2871.2000,2871.4000,2871.6000,1,2,2,2,1,5,1,1,2,10
SF,IH2006,2020-06-17 14:37:45.200,2870.0000,17789,0,15029390160.000,0,-,-,-,-,2869.8000,2869.6000,2869.4000,2869.2000,2869.0000,2870.4000,2870.6000,2871.0000,2871.2000,2871.4000,1,2,2,2,1,2,6,1,1,2
SF,IH2006,2020-06-17 14:37:45.700,2870.0000,17789,0,15029390160.000,0,-,-,-,-,2869.6000,2869.4000,2869.2000,2869.0000,2868.8000,2870.4000,2870.6000,2871.0000,2871.2000,2871.4000,2,2,2,1,8,8,5,1,1,2
SF,IH2006,2020-06-17 14:37:46.200,2870.0000,17789,0,15029390160.000,0,-,-,-,-,2869.6000,2869.4000,2869.2000,2869.0000,2868.8000,2870.2000,2870.4000,2870.6000,2871.0000,2871.2000,2,2,2,1,8,4,6,5,1,1
SF,IH2006,2020-06-17 14:37:46.700,2869.2000,17786,-3,15033694320.000,5,1,4,空平,B,2869.2000,2869.0000,2868.8000,2868.2000,2868.0000,2870.0000,2870.2000,2870.4000,2870.6000,2871.0000,1,1,8,2,1,1,6,3,5,1
SF,IH2006,2020-06-17 14:37:47.200,2870.0000,17786,0,15034555320.000,1,0,1,空换,B,2869.2000,2869.0000,2868.8000,2868.2000,2868.0000,2870.0000,2870.2000,2870.4000,2870.6000,2871.0000,2,1,8,2,1,3,2,3,5,1
SF,IH2006,2020-06-17 14:37:47.700,2870.0000,17786,0,15034555320.000,0,-,-,-,-,2869.4000,2869.2000,2869.0000,2868.8000,2868.6000,2870.0000,2870.2000,2870.4000,2870.6000,2871.0000,1,2,1,8,1,1,2,3,5,1
SF,IH2006,2020-06-17 14:37:48.200,2870.0000,17786,0,15034555320.000,0,-,-,-,-,2869.4000,2869.2000,2869.0000,2868.8000,2868.6000,2870.2000,2870.4000,2870.6000,2871.0000,2871.2000,1,2,1,8,1,2,3,5,1,1
SF,IH2006,2020-06-17 14:37:48.700,2870.0000,17786,0,15034555320.000,0,-,-,-,-,2869.4000,2869.2000,2869.0000,2868.8000,2868.6000,2870.2000,2870.4000,2870.6000,2871.0000,2871.2000,2,1,1,8,1,2,3,5,1,1
SF,IH2006,2020-06-17 14:37:49.200,2870.0000,17786,0,15034555320.000,0,-,-,-,-,2869.4000,2869.2000,2869.0000,2868.8000,2868.6000,2870.2000,2870.4000,2870.6000,2871.0000,2871.2000,3,1,1,8,1,4,3,5,1,1
SF,IH2006,2020-06-17 14:37:49.700,2870.0000,17786,0,15034555320.000,0,-,-,-,-,2869.4000,2869.2000,2869.0000,2868.8000,2868.6000,2870.2000,2870.4000,2870.6000,2871.0000,2871.2000,3,1,1,8,2,4,3,5,1,1
SF,IH2006,2020-06-17 14:37:50.200,2870.0000,17786,0,15034555320.000,0,-,-,-,-,2869.4000,2869.2000,2869.0000,2868.8000,2868.6000,2870.0000,2870.2000,2870.4000,2870.6000,2871.0000,3,11,1,8,2,3,4,1,5,1
SF,IH2006,2020-06-17 14:37:50.700,2870.0000,17786,0,15034555320.000,0,-,-,-,-,2869.4000,2869.2000,2869.0000,2868.8000,2868.6000,2870.0000,2870.2000,2870.4000,2870.6000,2871.0000,3,14,1,8,2,3,4,1,5,1
SF,IH2006,2020-06-17 14:37:51.700,2870.0000,17786,0,15034555320.000,0,-,-,-,-,2869.4000,2869.2000,2869.0000,2868.8000,2868.6000,2870.0000,2870.2000,2870.4000,2870.6000,2871.0000,3,14,1,8,2,3,4,1,5,1
SF,IH2006,2020-06-17 14:37:52.200,2870.0000,17786,0,15034555320.000,0,-,-,-,-,2869.4000,2869.2000,2869.0000,2868.8000,2868.6000,2870.0000,2870.2000,2870.4000,2870.6000,2871.0000,3,14,1,8,2,3,4,1,5,1
SF,IH2006,2020-06-17 14:37:52.700,2870.0000,17786,0,15034555320.000,0,-,-,-,-,2869.4000,2869.2000,2869.0000,2868.8000,2868.6000,2870.0000,2870.2000,2870.4000,2870.6000,2871.0000,3,14,1,8,1,3,4,1,5,1
SF,IH2006,2020-06-17 14:37:55.200,2870.0000,17786,0,15034555320.000,0,-,-,-,-,2869.4000,2869.2000,2869.0000,2868.8000,2868.6000,2870.0000,2870.2000,2870.4000,2870.6000,2871.0000,4,14,1,8,1,3,4,1,5,1
SF,IH2006,2020-06-17 14:37:55.700,2870.0000,17786,0,15034555320.000,0,-,-,-,-,2869.4000,2869.2000,2869.0000,2868.8000,2868.6000,2870.0000,2870.2000,2870.4000,2870.6000,2871.0000,4,14,1,8,1,1,4,1,5,1
SF,IH2006,2020-06-17 14:37:57.200,2869.4000,17787,1,15035416140.000,1,1,0,双开,B,2869.4000,2869.2000,2869.0000,2868.8000,2868.6000,2870.0000,2870.2000,2870.4000,2870.6000,2871.0000,3,14,1,8,1,1,5,1,5,1
SF,IH2006,2020-06-17 14:37:57.700,2869.4000,17787,0,15035416140.000,0,-,-,-,-,2869.8000,2869.4000,2869.2000,2869.0000,2868.8000,2870.0000,2870.2000,2870.4000,2870.6000,2871.0000,5,3,14,1,8,1,5,1,5,1
SF,IH2006,2020-06-17 14:37:58.200,2870.0000,17787,0,15036277140.000,1,0,1,空换,B,2870.0000,2869.8000,2869.4000,2869.2000,2869.0000,2870.2000,2870.4000,2870.6000,2871.0000,2871.2000,2,5,3,14,1,3,1,5,1,1
SF,IH2006,2020-06-17 14:38:00.200,2870.0000,17787,0,15036277140.000,0,-,-,-,-,2870.0000,2869.8000,2869.4000,2869.2000,2869.0000,2870.2000,2870.4000,2870.6000,2871.0000,2871.2000,2,5,3,14,1,3,1,5,1,1
SF,IH2006,2020-06-17 14:38:00.700,2870.0000,17787,0,15036277140.000,0,-,-,-,-,2870.0000,2869.8000,2869.4000,2869.2000,2869.0000,2870.2000,2870.4000,2870.6000,2871.0000,2871.2000,3,5,3,14,1,2,1,5,1,1
SF,IH2006,2020-06-17 14:38:01.200,2870.0000,17787,0,15036277140.000,0,-,-,-,-,2870.0000,2869.8000,2869.4000,2869.2000,2869.0000,2870.2000,2870.4000,2870.6000,2871.0000,2871.2000,3,5,3,15,1,1,1,5,1,1
SF,IH2006,2020-06-17 14:38:01.700,2870.2000,17788,1,15037138200.000,1,1,0,双开,B,2870.0000,2869.8000,2869.4000,2869.2000,2869.0000,2870.4000,2870.6000,2871.0000,2871.2000,2871.4000,3,5,3,15,1,1,5,1,1,2
SF,IH2006,2020-06-17 14:38:02.200,2870.2000,17788,0,15037138200.000,0,-,-,-,-,2870.0000,2869.8000,2869.4000,2869.2000,2869.0000,2870.4000,2870.6000,2871.0000,2871.2000,2871.4000,3,5,3,15,1,1,5,1,1,2
SF,IH2006,2020-06-17 14:38:03.200,2870.2000,17788,0,15037138200.000,0,-,-,-,-,2870.0000,2869.8000,2869.4000,2869.2000,2869.0000,2870.4000,2870.6000,2871.0000,2871.2000,2871.4000,3,5,2,15,1,1,5,1,1,2
SF,IH2006,2020-06-17 14:38:03.700,2870.0000,17786,-2,15040582200.000,4,1,3,空平,B,2869.8000,2869.4000,2869.2000,2869.0000,2868.8000,2870.0000,2870.4000,2870.6000,2871.0000,2871.2000,5,2,15,1,9,16,1,5,1,1
SF,IH2006,2020-06-17 14:38:04.200,2870.0000,17784,-2,15042304200.000,2,0,2,双平,B,2869.8000,2869.4000,2869.2000,2869.0000,2868.8000,2870.0000,2870.4000,2870.6000,2871.0000,2871.2000,5,2,15,1,9,15,1,5,1,1
SF,IH2006,2020-06-17 14:38:04.700,2870.0000,17783,-1,15043165200.000,1,0,1,双平,B,2869.8000,2869.4000,2869.2000,2869.0000,2868.8000,2870.0000,2870.4000,2870.6000,2871.0000,2871.2000,5,2,15,1,9,14,1,5,1,1
SF,IH2006,2020-06-17 14:38:05.200,2870.0000,17782,-1,15044026200.000,1,0,1,双平,B,2869.8000,2869.4000,2869.2000,2869.0000,2868.8000,2870.0000,2870.4000,2870.6000,2871.0000,2871.2000,5,2,15,1,9,13,1,5,1,1
SF,IH2006,2020-06-17 14:38:06.200,2870.0000,17782,0,15044026200.000,0,-,-,-,-,2869.8000,2869.4000,2869.2000,2869.0000,2868.8000,2870.0000,2870.4000,2870.6000,2871.0000,2871.2000,5,1,15,1,9,13,1,5,1,1
SF,IH2006,2020-06-17 14:38:07.200,2870.0000,17782,0,15044026200.000,0,-,-,-,-,2869.8000,2869.4000,2869.2000,2869.0000,2868.8000,2870.0000,2870.4000,2870.6000,2871.0000,2871.2000,5,1,15,1,9,13,1,5,1,1
SF,IH2006,2020-06-17 14:38:10.200,2870.0000,17782,0,15044026200.000,0,-,-,-,-,2869.8000,2869.4000,2869.2000,2869.0000,2868.8000,2870.0000,2870.4000,2870.6000,2871.0000,2871.2000,6,1,15,1,9,13,1,5,1,1
SF,IH2006,2020-06-17 14:38:10.700,2870.0000,17780,-2,15050053200.000,7,2,5,空平,B,2869.8000,2869.4000,2869.2000,2869.0000,2868.8000,2870.0000,2870.4000,2870.6000,2871.0000,2871.2000,6,1,15,1,9,6,1,5,1,1
SF,IH2006,2020-06-17 14:38:11.200,2869.8000,17778,-2,15056941140.000,8,3,5,空平,B,2870.0000,2869.8000,2869.4000,2869.2000,2869.0000,2870.4000,2870.6000,2871.0000,2871.2000,2871.4000,1,5,1,15,1,1,5,1,1,2
SF,IH2006,2020-06-17 14:38:13.200,2869.8000,17778,0,15056941140.000,0,-,-,-,-,2870.0000,2869.8000,2869.4000,2869.2000,2869.0000,2870.2000,2870.4000,2870.6000,2871.0000,2871.2000,1,5,1,15,1,1,1,5,1,1
SF,IH2006,2020-06-17 14:38:14.700,2869.8000,17778,0,15056941140.000,0,-,-,-,-,2870.0000,2869.8000,2869.4000,2869.2000,2869.0000,2870.2000,2870.4000,2870.6000,2871.0000,2871.2000,1,5,1,15,1,1,1,5,1,1
SF,IH2006,2020-06-17 14:38:15.200,2870.2000,17778,0,15057802200.000,1,0,1,空换,B,2870.2000,2870.0000,2869.8000,2869.4000,2869.2000,2870.4000,2870.6000,2871.0000,2871.2000,2871.4000,1,1,5,1,15,1,5,1,1,2
SF,IH2006,2020-06-17 14:38:16.200,2869.8000,17776,-2,15062107080.000,5,1,4,空平,B,2869.8000,2869.4000,2869.2000,2869.0000,2868.8000,2870.4000,2870.6000,2871.0000,2871.2000,2871.4000,2,1,15,1,9,1,5,1,1,2
SF,IH2006,2020-06-17 14:38:16.700,2870.4000,17775,-1,15062968200.000,1,0,1,双平,B,2870.4000,2869.8000,2869.4000,2869.2000,2869.0000,2870.6000,2871.0000,2871.2000,2871.4000,2871.6000,1,3,1,15,1,5,1,1,2,10
SF,IH2006,2020-06-17 14:38:17.200,2870.4000,17774,-1,15064690440.000,2,0,2,空平,B,2869.8000,2869.4000,2869.2000,2869.0000,2868.8000,2870.4000,2870.6000,2871.0000,2871.2000,2871.4000,3,1,15,1,9,16,5,1,1,2
SF,IH2006,2020-06-17 14:38:17.700,2870.4000,17774,0,15065551560.000,1,0,1,空换,B,2869.8000,2869.6000,2869.4000,2869.2000,2868.8000,2870.0000,2870.4000,2870.6000,2871.0000,2871.2000,2,1,1,15,9,15,5,6,1,1
SF,IH2006,2020-06-17 14:38:18.200,2870.0000,17773,-1,15067273620.000,2,0,2,空平,B,2869.8000,2869.4000,2869.2000,2868.8000,2868.6000,2870.0000,2870.4000,2870.6000,2871.0000,2871.2000,2,1,15,9,1,13,5,6,1,1
SF,IH2006,2020-06-17 14:38:19.200,2870.0000,17773,0,15067273620.000,0,-,-,-,-,2869.8000,2869.4000,2869.2000,2868.8000,2868.6000,2870.0000,2870.4000,2870.6000,2871.0000,2871.2000,2,1,15,9,1,13,4,6,1,1
SF,IH2006,2020-06-17 14:38:19.700,2870.0000,17773,0,15067273620.000,0,-,-,-,-,2869.8000,2869.4000,2869.2000,2868.8000,2868.6000,2870.0000,2870.4000,2870.6000,2871.0000,2871.2000,1,1,15,9,1,13,4,6,1,1
SF,IH2006,2020-06-17 14:38:20.200,2869.2000,17773,0,15071577720.000,5,2,3,空换,B,2869.2000,2868.8000,2868.6000,2868.2000,2868.0000,2870.0000,2870.4000,2870.6000,2871.0000,2871.2000,13,9,1,2,1,13,4,6,1,1
SF,IH2006,2020-06-17 14:38:20.700,2869.2000,17773,0,15071577720.000,0,-,-,-,-,2869.4000,2869.2000,2868.8000,2868.6000,2868.2000,2870.0000,2870.4000,2870.6000,2871.0000,2871.2000,7,15,9,1,2,13,3,6,1,2
SF,IH2006,2020-06-17 14:38:21.200,2869.2000,17773,0,15071577720.000,0,-,-,-,-,2869.6000,2869.4000,2869.2000,2868.8000,2868.6000,2870.0000,2870.4000,2870.6000,2871.0000,2871.2000,1,8,15,8,1,13,3,6,1,2
SF,IH2006,2020-06-17 14:38:21.700,2869.2000,17773,0,15071577720.000,0,-,-,-,-,2869.6000,2869.4000,2869.2000,2868.8000,2868.6000,2870.0000,2870.4000,2870.6000,2871.0000,2871.2000,1,8,15,8,1,13,3,6,1,2
SF,IH2006,2020-06-17 14:38:23.200,2869.2000,17773,0,15071577720.000,0,-,-,-,-,2869.8000,2869.6000,2869.4000,2869.2000,2868.8000,2870.0000,2870.4000,2870.6000,2871.0000,2871.2000,1,1,8,15,8,13,3,6,1,2
SF,IH2006,2020-06-17 14:38:23.700,2869.2000,17773,0,15071577720.000,0,-,-,-,-,2869.8000,2869.6000,2869.4000,2869.2000,2868.8000,2870.0000,2870.4000,2870.6000,2871.0000,2871.2000,2,1,8,15,8,13,2,6,1,2
SF,IH2006,2020-06-17 14:38:24.200,2869.2000,17773,0,15071577720.000,0,-,-,-,-,2869.8000,2869.6000,2869.4000,2869.2000,2868.8000,2870.0000,2870.4000,2870.6000,2871.0000,2871.2000,2,1,6,15,8,13,2,6,1,2
SF,IH2006,2020-06-17 14:38:26.200,2869.2000,17773,0,15071577720.000,0,-,-,-,-,2869.8000,2869.6000,2869.4000,2869.2000,2868.8000,2870.0000,2870.4000,2870.6000,2871.0000,2871.2000,2,1,6,14,8,13,2,6,1,2
SF,IH2006,2020-06-17 14:38:26.700,2869.2000,17773,0,15071577720.000,0,-,-,-,-,2869.8000,2869.6000,2869.4000,2869.2000,2868.8000,2870.0000,2870.4000,2870.6000,2871.0000,2871.2000,2,1,5,14,8,13,2,6,1,2
SF,IH2006,2020-06-17 14:38:27.200,2869.2000,17773,0,15071577720.000,0,-,-,-,-,2869.8000,2869.6000,2869.4000,2869.2000,2868.8000,2870.0000,2870.4000,2870.6000,2871.0000,2871.2000,2,1,4,14,8,13,2,6,1,2
SF,IH2006,2020-06-17 14:38:27.700,2869.2000,17773,0,15071577720.000,0,-,-,-,-,2869.8000,2869.6000,2869.4000,2869.2000,2868.8000,2870.0000,2870.4000,2870.6000,2871.0000,2871.2000,4,1,4,14,8,13,2,6,1,2
SF,IH2006,2020-06-17 14:38:28.200,2870.0000,17773,0,15072438720.000,1,0,1,空换,B,2869.8000,2869.6000,2869.4000,2869.2000,2868.8000,2870.0000,2870.4000,2870.6000,2871.0000,2871.2000,9,1,4,14,8,12,2,6,1,2
SF,IH2006,2020-06-17 14:38:28.700,2870.0000,17773,0,15080187720.000,9,4,5,空换,B,2869.8000,2869.6000,2869.4000,2869.2000,2868.8000,2870.0000,2870.4000,2870.6000,2871.0000,2871.2000,12,1,4,14,8,3,2,6,1,2
SF,IH2006,2020-06-17 14:38:29.200,2870.0000,17772,-1,15082770720.000,3,1,2,空平,B,2870.0000,2869.8000,2869.6000,2869.4000,2869.2000,2870.4000,2870.6000,2871.0000,2871.2000,2871.4000,3,15,1,3,14,2,5,1,2,2
SF,IH2006,2020-06-17 14:38:29.700,2870.0000,17772,0,15082770720.000,0,-,-,-,-,2870.2000,2870.0000,2869.8000,2869.6000,2869.4000,2870.4000,2870.6000,2871.0000,2871.2000,2871.4000,1,3,15,1,1,2,5,1,2,2
SF,IH2006,2020-06-17 14:38:30.700,2870.4000,17772,0,15083631840.000,1,0,1,空换,B,2870.2000,2870.0000,2869.8000,2869.6000,2869.4000,2870.4000,2870.6000,2871.0000,2871.2000,2871.4000,1,3,15,1,1,1,5,1,2,2
SF,IH2006,2020-06-17 14:38:31.700,2870.4000,17772,0,15083631840.000,0,-,-,-,-,2870.2000,2870.0000,2869.8000,2869.6000,2869.4000,2870.4000,2870.6000,2871.0000,2871.2000,2871.4000,2,3,15,1,1,2,5,1,2,2
SF,IH2006,2020-06-17 14:38:32.200,2870.4000,17773,1,15084492960.000,1,1,0,双开,B,2870.2000,2870.0000,2869.8000,2869.6000,2869.4000,2870.4000,2870.6000,2871.0000,2871.2000,2871.4000,2,3,15,1,1,1,6,1,2,2
SF,IH2006,2020-06-17 14:38:32.700,2870.2000,17773,0,15086215080.000,2,1,1,空换,B,2870.0000,2869.8000,2869.6000,2869.4000,2869.2000,2870.2000,2870.4000,2870.6000,2871.0000,2871.2000,3,15,1,1,14,18,1,6,1,2
SF,IH2006,2020-06-17 14:38:33.200,2870.2000,17773,0,15086215080.000,0,-,-,-,-,2870.0000,2869.8000,2869.6000,2869.4000,2869.2000,2870.2000,2870.4000,2870.6000,2871.0000,2871.2000,1,15,1,1,14,18,1,6,1,2
SF,IH2006,2020-06-17 14:38:34.200,2870.2000,17773,0,15086215080.000,0,-,-,-,-,2870.0000,2869.8000,2869.6000,2869.4000,2869.2000,2870.2000,2870.4000,2870.6000,2871.0000,2871.2000,1,15,1,1,14,18,1,6,1,2
SF,IH2006,2020-06-17 14:38:34.700,2870.2000,17773,0,15086215080.000,0,-,-,-,-,2869.8000,2869.6000,2869.4000,2869.2000,2869.0000,2870.2000,2870.4000,2870.6000,2871.0000,2871.2000,15,1,1,14,1,18,1,6,1,2
SF,IH2006,2020-06-17 14:38:35.200,2870.2000,17773,0,15086215080.000,0,-,-,-,-,2869.8000,2869.6000,2869.4000,2869.2000,2869.0000,2870.2000,2870.4000,2870.6000,2871.0000,2871.2000,15,2,1,14,1,18,1,6,1,2
SF,IH2006,2020-06-17 14:38:36.200,2870.2000,17773,0,15086215080.000,0,-,-,-,-,2869.8000,2869.6000,2869.4000,2869.2000,2869.0000,2870.2000,2870.4000,2870.6000,2871.0000,2871.2000,15,2,1,14,1,33,1,6,1,2
SF,IH2006,2020-06-17 14:38:36.700,2869.8000,17772,-1,15088797900.000,3,1,2,空平,B,2869.8000,2869.6000,2869.4000,2869.2000,2869.0000,2870.2000,2870.4000,2870.6000,2871.0000,2871.2000,11,2,1,14,1,33,1,6,1,2
SF,IH2006,2020-06-17 14:38:37.200,2869.8000,17772,0,15088797900.000,0,-,-,-,-,2869.8000,2869.6000,2869.4000,2869.2000,2869.0000,2870.2000,2870.4000,2870.6000,2871.0000,2871.2000,11,2,1,14,1,33,2,6,1,2
SF,IH2006,2020-06-17 14:38:37.700,2869.8000,17772,0,15088797900.000,0,-,-,-,-,2869.8000,2869.6000,2869.4000,2869.2000,2869.0000,2870.2000,2870.4000,2870.6000,2871.0000,2871.2000,11,2,1,14,1,33,2,6,1,2
SF,IH2006,2020-06-17 14:38:38.200,2870.2000,17773,1,15089658960.000,1,1,0,双开,B,2869.8000,2869.6000,2869.4000,2869.2000,2869.0000,2870.2000,2870.4000,2870.6000,2871.0000,2871.2000,11,2,1,14,1,32,2,6,1,2
SF,IH2006,2020-06-17 14:38:39.700,2870.2000,17773,0,15089658960.000,0,-,-,-,-,2869.8000,2869.6000,2869.4000,2869.2000,2869.0000,2870.2000,2870.4000,2870.6000,2871.0000,2871.2000,11,2,1,14,1,33,2,6,1,2
SF,IH2006,2020-06-17 14:38:40.200,2870.2000,17773,0,15089658960.000,0,-,-,-,-,2869.8000,2869.6000,2869.4000,2869.2000,2869.0000,2870.2000,2870.4000,2870.6000,2871.0000,2871.2000,12,1,1,14,1,33,2,6,1,2
SF,IH2006,2020-06-17 14:38:40.700,2870.2000,17774,1,15090520020.000,1,1,0,双开,B,2869.8000,2869.6000,2869.4000,2869.2000,2869.0000,2870.2000,2870.4000,2870.6000,2871.0000,2871.2000,12,1,1,14,1,32,2,6,1,2
SF,IH2006,2020-06-17 14:38:41.200,2869.8000,17775,1,15091380960.000,1,1,0,双开,B,2869.8000,2869.6000,2869.4000,2869.2000,2869.0000,2870.2000,2870.4000,2870.6000,2871.0000,2871.2000,11,1,1,14,1,32,2,6,1,2
SF,IH2006,2020-06-17 14:38:45.200,2869.8000,17775,0,15091380960.000,0,-,-,-,-,2869.8000,2869.6000,2869.4000,2869.2000,2869.0000,2870.2000,2870.4000,2870.6000,2871.0000,2871.2000,11,1,1,14,1,33,2,6,1,2
SF,IH2006,2020-06-17 14:38:46.200,2869.8000,17775,0,15091380960.000,0,-,-,-,-,2869.8000,2869.6000,2869.4000,2869.2000,2869.0000,2870.2000,2870.4000,2870.6000,2870.8000,2871.0000,11,1,1,15,1,33,2,6,1,1
SF,IH2006,2020-06-17 14:38:48.200,2869.8000,17775,0,15091380960.000,0,-,-,-,-,2870.0000,2869.8000,2869.6000,2869.4000,2869.2000,2870.2000,2870.4000,2870.6000,2870.8000,2871.0000,1,11,1,1,15,33,2,6,1,1
SF,IH2006,2020-06-17 14:38:48.700,2869.8000,17775,0,15097407600.000,7,3,4,空换,B,2869.8000,2869.6000,2869.4000,2869.2000,2869.0000,2870.0000,2870.2000,2870.4000,2870.6000,2870.8000,4,1,1,15,1,10,33,2,6,1
SF,IH2006,2020-06-17 14:38:49.200,2869.6000,17773,-2,15105155760.000,9,3,6,空平,B,2869.8000,2869.4000,2869.2000,2869.0000,2868.8000,2870.0000,2870.2000,2870.4000,2870.6000,2870.8000,1,1,15,1,8,3,33,2,6,1
SF,IH2006,2020-06-17 14:38:49.700,2869.8000,17774,1,15107738460.000,3,2,1,多开,B,2869.2000,2869.0000,2868.8000,2868.6000,2868.2000,2870.0000,2870.2000,2870.4000,2870.6000,2870.8000,15,1,8,2,2,3,33,2,6,1
SF,IH2006,2020-06-17 14:38:50.200,2869.8000,17774,0,15107738460.000,0,-,-,-,-,2869.6000,2869.4000,2869.2000,2869.0000,2868.8000,2870.0000,2870.2000,2870.4000,2870.6000,2870.8000,1,1,16,2,8,3,33,2,6,1
SF,IH2006,2020-06-17 14:38:50.700,2869.8000,17774,0,15107738460.000,0,-,-,-,-,2869.6000,2869.4000,2869.2000,2869.0000,2868.8000,2869.8000,2870.0000,2870.2000,2870.4000,2870.6000,1,1,16,2,8,1,3,33,2,6
SF,IH2006,2020-06-17 14:38:51.200,2869.6000,17775,1,15108599340.000,1,1,0,双开,B,2869.4000,2869.2000,2869.0000,2868.8000,2868.6000,2869.8000,2870.0000,2870.2000,2870.4000,2870.6000,1,16,1,8,2,1,2,33,2,6
SF,IH2006,2020-06-17 14:38:51.700,2869.2000,17775,0,15112903200.000,5,2,3,空换,B,2869.2000,2869.0000,2868.8000,2868.6000,2868.2000,2869.8000,2870.0000,2870.2000,2870.4000,2870.6000,12,2,8,2,2,1,2,33,2,6
SF,IH2006,2020-06-17 14:38:52.200,2869.8000,17776,1,15114625080.000,2,1,1,多开,B,2869.2000,2869.0000,2868.8000,2868.6000,2868.2000,2870.0000,2870.2000,2870.4000,2870.6000,2870.8000,12,1,8,2,2,2,33,2,6,1
SF,IH2006,2020-06-17 14:38:52.700,2869.8000,17776,0,15114625080.000,0,-,-,-,-,2869.2000,2869.0000,2868.8000,2868.6000,2868.2000,2870.0000,2870.2000,2870.4000,2870.6000,2870.8000,12,1,8,2,2,2,33,2,6,1
SF,IH2006,2020-06-17 14:38:53.200,2869.8000,17776,0,15114625080.000,0,-,-,-,-,2869.4000,2869.2000,2869.0000,2868.8000,2868.6000,2870.0000,2870.2000,2870.4000,2870.6000,2870.8000,2,12,1,8,2,2,33,2,6,1
SF,IH2006,2020-06-17 14:38:54.200,2869.8000,17776,0,15114625080.000,0,-,-,-,-,2869.4000,2869.2000,2869.0000,2868.8000,2868.6000,2870.0000,2870.2000,2870.4000,2870.6000,2870.8000,2,12,1,8,2,3,33,2,6,1
SF,IH2006,2020-06-17 14:38:54.700,2869.8000,17776,0,15114625080.000,0,-,-,-,-,2869.4000,2869.2000,2869.0000,2868.8000,2868.6000,2869.8000,2870.0000,2870.2000,2870.4000,2870.6000,2,12,1,8,2,1,3,33,2,6
SF,IH2006,2020-06-17 14:38:55.200,2869.8000,17776,0,15114625080.000,0,-,-,-,-,2869.4000,2869.2000,2869.0000,2868.8000,2868.6000,2869.8000,2870.0000,2870.2000,2870.4000,2870.6000,2,13,1,8,2,1,5,33,2,6
SF,IH2006,2020-06-17 14:38:56.200,2869.8000,17776,0,15114625080.000,0,-,-,-,-,2869.4000,2869.2000,2869.0000,2868.8000,2868.6000,2869.8000,2870.0000,2870.2000,2870.4000,2870.6000,2,14,1,8,2,1,5,33,2,6
SF,IH2006,2020-06-17 14:38:58.200,2869.8000,17777,1,15115486020.000,1,1,0,双开,B,2869.4000,2869.2000,2869.0000,2868.8000,2868.6000,2869.8000,2870.0000,2870.2000,2870.4000,2870.6000,2,14,1,8,2,1,5,33,2,6
SF,IH2006,2020-06-17 14:39:01.200,2869.8000,17777,0,15115486020.000,0,-,-,-,-,2869.4000,2869.2000,2869.0000,2868.8000,2868.6000,2869.8000,2870.0000,2870.2000,2870.4000,2870.6000,2,14,1,8,2,1,5,33,2,6
SF,IH2006,2020-06-17 14:39:01.700,2869.8000,17777,0,15115486020.000,0,-,-,-,-,2869.4000,2869.2000,2869.0000,2868.8000,2868.6000,2869.8000,2870.0000,2870.2000,2870.4000,2870.6000,3,14,1,8,2,1,5,33,2,6
SF,IH2006,2020-06-17 14:39:02.200,2869.8000,17778,1,15116346960.000,1,1,0,双开,B,2869.8000,2869.4000,2869.2000,2869.0000,2868.8000,2870.0000,2870.2000,2870.4000,2870.6000,2870.8000,7,3,14,1,8,5,33,2,6,1
SF,IH2006,2020-06-17 14:39:02.700,2869.8000,17778,0,15116346960.000,0,-,-,-,-,2869.8000,2869.4000,2869.2000,2869.0000,2868.8000,2870.0000,2870.2000,2870.4000,2870.6000,2870.8000,7,3,14,1,8,3,33,2,6,1
SF,IH2006,2020-06-17 14:39:04.700,2869.8000,17778,0,15116346960.000,0,-,-,-,-,2869.8000,2869.4000,2869.2000,2869.0000,2868.8000,2870.0000,2870.2000,2870.4000,2870.6000,2870.8000,7,3,14,1,8,5,33,2,6,1
SF,IH2006,2020-06-17 14:39:05.200,2870.0000,17779,1,15118068960.000,2,1,1,多开,B,2869.8000,2869.4000,2869.2000,2869.0000,2868.8000,2870.2000,2870.4000,2870.6000,2870.8000,2871.0000,7,3,14,1,8,33,2,6,1,1
SF,IH2006,2020-06-17 14:39:06.200,2870.0000,17779,0,15118068960.000,0,-,-,-,-,2869.8000,2869.4000,2869.2000,2869.0000,2868.8000,2870.0000,2870.2000,2870.4000,2870.6000,2870.8000,7,3,14,1,8,1,33,2,6,1
SF,IH2006,2020-06-17 14:39:06.700,2870.0000,17779,0,15118068960.000,0,-,-,-,-,2869.8000,2869.4000,2869.2000,2869.0000,2868.8000,2870.0000,2870.2000,2870.4000,2870.6000,2870.8000,8,3,15,1,8,1,33,2,6,1
SF,IH2006,2020-06-17 14:39:07.200,2870.0000,17779,0,15118068960.000,0,-,-,-,-,2869.8000,2869.4000,2869.2000,2869.0000,2868.8000,2870.2000,2870.4000,2870.6000,2870.8000,2871.0000,8,3,15,1,8,33,2,6,1,1
SF,IH2006,2020-06-17 14:39:07.700,2870.0000,17779,0,15118068960.000,0,-,-,-,-,2870.0000,2869.8000,2869.4000,2869.2000,2869.0000,2870.2000,2870.4000,2870.6000,2870.8000,2871.0000,3,8,3,15,1,34,2,6,1,1
SF,IH2006,2020-06-17 14:39:08.200,2870.0000,17779,0,15120651960.000,3,1,2,空换,B,2869.8000,2869.4000,2869.2000,2869.0000,2868.8000,2870.0000,2870.2000,2870.4000,2870.6000,2870.8000,7,3,15,1,8,2,34,2,6,1
SF,IH2006,2020-06-17 14:39:08.700,2870.0000,17781,2,15122373960.000,2,2,0,双开,B,2869.8000,2869.4000,2869.2000,2869.0000,2868.8000,2870.2000,2870.4000,2870.6000,2870.8000,2871.0000,8,3,15,1,8,34,2,6,1,1
SF,IH2006,2020-06-17 14:39:10.200,2870.0000,17781,0,15122373960.000,0,-,-,-,-,2869.8000,2869.4000,2869.2000,2869.0000,2868.8000,2870.2000,2870.4000,2870.6000,2870.8000,2871.0000,9,3,15,1,8,35,2,6,1,1
SF,IH2006,2020-06-17 14:39:10.700,2870.0000,17781,0,15122373960.000,0,-,-,-,-,2869.8000,2869.4000,2869.2000,2869.0000,2868.8000,2870.2000,2870.4000,2870.6000,2870.8000,2871.0000,8,3,15,1,8,35,2,6,1,1
SF,IH2006,2020-06-17 14:39:11.200,2870.0000,17781,0,15122373960.000,0,-,-,-,-,2870.0000,2869.8000,2869.4000,2869.2000,2869.0000,2870.2000,2870.4000,2870.6000,2870.8000,2871.0000,1,9,3,15,1,34,2,6,1,1
SF,IH2006,2020-06-17 14:39:11.700,2870.0000,17781,0,15122373960.000,0,-,-,-,-,2870.0000,2869.8000,2869.4000,2869.2000,2869.0000,2870.2000,2870.4000,2870.6000,2870.8000,2871.0000,1,9,2,15,1,34,2,6,1,1
SF,IH2006,2020-06-17 14:39:12.200,2870.0000,17781,0,15122373960.000,0,-,-,-,-,2870.0000,2869.8000,2869.4000,2869.2000,2869.0000,2870.2000,2870.4000,2870.6000,2870.8000,2871.0000,2,9,2,15,1,34,2,6,1,1
SF,IH2006,2020-06-17 14:39:12.700,2870.0000,17781,0,15122373960.000,0,-,-,-,-,2870.0000,2869.8000,2869.4000,2869.2000,2869.0000,2870.2000,2870.4000,2870.6000,2870.8000,2871.0000,2,9,2,15,1,34,2,6,1,1
SF,IH2006,2020-06-17 14:39:13.700,2870.0000,17782,1,15123234960.000,1,1,0,双开,B,2870.0000,2869.8000,2869.4000,2869.2000,2869.0000,2870.2000,2870.4000,2870.6000,2870.8000,2871.0000,1,9,2,15,1,34,2,6,1,1
SF,IH2006,2020-06-17 14:39:14.200,2870.0000,17783,1,15124095960.000,1,1,0,双开,B,2869.8000,2869.4000,2869.2000,2869.0000,2868.8000,2870.0000,2870.2000,2870.4000,2870.6000,2870.8000,9,2,15,1,8,2,34,2,6,1
SF,IH2006,2020-06-17 14:39:14.700,2870.0000,17783,0,15124095960.000,0,-,-,-,-,2869.8000,2869.4000,2869.2000,2869.0000,2868.8000,2870.2000,2870.4000,2870.6000,2870.8000,2871.0000,9,2,15,1,8,34,2,6,1,1
SF,IH2006,2020-06-17 14:39:15.200,2870.0000,17783,0,15124095960.000,0,-,-,-,-,2869.8000,2869.4000,2869.2000,2869.0000,2868.8000,2870.2000,2870.4000,2870.6000,2870.8000,2871.0000,10,2,14,1,8,34,2,6,1,1
SF,IH2006,2020-06-17 14:39:15.700,2870.0000,17783,0,15124095960.000,0,-,-,-,-,2869.8000,2869.4000,2869.2000,2869.0000,2868.8000,2870.0000,2870.2000,2870.4000,2870.6000,2870.8000,9,2,14,1,8,1,34,2,6,1
SF,IH2006,2020-06-17 14:39:16.200,2870.0000,17784,1,15124956960.000,1,1,0,双开,B,2869.8000,2869.4000,2869.2000,2869.0000,2868.8000,2870.2000,2870.4000,2870.6000,2870.8000,2871.0000,9,2,14,1,8,34,2,6,1,1
SF,IH2006,2020-06-17 14:39:16.700,2870.0000,17784,0,15124956960.000,0,-,-,-,-,2869.8000,2869.4000,2869.2000,2869.0000,2868.8000,2870.2000,2870.4000,2870.6000,2870.8000,2871.0000,9,2,14,1,8,35,2,6,1,1
SF,IH2006,2020-06-17 14:39:17.200,2870.0000,17784,0,15124956960.000,0,-,-,-,-,2869.8000,2869.4000,2869.2000,2869.0000,2868.8000,2870.0000,2870.2000,2870.4000,2870.6000,2870.8000,9,2,14,1,8,1,35,2,6,1
SF,IH2006,2020-06-17 14:39:18.200,2870.0000,17784,0,15124956960.000,0,-,-,-,-,2869.8000,2869.4000,2869.2000,2869.0000,2868.8000,2870.0000,2870.2000,2870.4000,2870.6000,2870.8000,9,2,14,1,8,2,35,2,6,1
SF,IH2006,2020-06-17 14:39:18.700,2870.0000,17784,0,15125817960.000,1,0,1,空换,B,2869.8000,2869.4000,2869.2000,2869.0000,2868.8000,2870.0000,2870.2000,2870.4000,2870.6000,2870.8000,9,2,14,1,8,1,35,2,6,2
SF,IH2006,2020-06-17 14:39:19.700,2870.0000,17785,1,15126678960.000,1,1,0,双开,B,2870.0000,2869.8000,2869.4000,2869.2000,2869.0000,2870.2000,2870.4000,2870.6000,2870.8000,2871.0000,1,9,2,14,1,35,2,6,2,1
SF,IH2006,2020-06-17 14:39:20.200,2870.0000,17786,1,15127539960.000,1,1,0,双开,B,2869.8000,2869.4000,2869.2000,2869.0000,2868.8000,2870.2000,2870.4000,2870.6000,2870.8000,2871.0000,9,2,14,1,8,35,2,6,2,1
SF,IH2006,2020-06-17 14:39:20.700,2870.2000,17787,1,15128401020.000,1,1,0,双开,B,2869.8000,2869.4000,2869.2000,2869.0000,2868.8000,2870.2000,2870.4000,2870.6000,2870.8000,2871.0000,9,2,14,1,8,34,2,6,2,1
SF,IH2006,2020-06-17 14:39:21.200,2870.2000,17787,0,15128401020.000,0,-,-,-,-,2869.8000,2869.4000,2869.2000,2869.0000,2868.8000,2870.0000,2870.2000,2870.4000,2870.6000,2870.8000,9,2,14,1,8,15,19,2,6,2
SF,IH2006,2020-06-17 14:39:22.700,2870.2000,17787,0,15128401020.000,0,-,-,-,-,2869.8000,2869.6000,2869.4000,2869.2000,2869.0000,2870.0000,2870.2000,2870.4000,2870.6000,2870.8000,9,1,2,14,1,15,19,2,6,2
SF,IH2006,2020-06-17 14:39:23.700,2870.2000,17787,0,15129262080.000,1,0,1,空换,B,2869.8000,2869.6000,2869.4000,2869.2000,2869.0000,2870.0000,2870.2000,2870.4000,2870.6000,2870.8000,10,1,2,14,1,14,19,2,6,2
SF,IH2006,2020-06-17 14:39:25.200,2870.2000,17787,0,15130123140.000,1,0,1,空换,B,2869.8000,2869.6000,2869.4000,2869.2000,2869.0000,2870.0000,2870.2000,2870.4000,2870.6000,2870.8000,10,1,2,14,1,13,19,2,6,2
SF,IH2006,2020-06-17 14:39:25.700,2870.0000,17786,-1,15130984140.000,1,0,1,双平,B,2869.8000,2869.6000,2869.4000,2869.2000,2869.0000,2870.0000,2870.2000,2870.4000,2870.6000,2870.8000,10,1,2,14,1,12,19,2,6,2
SF,IH2006,2020-06-17 14:39:26.700,2870.0000,17786,0,15130984140.000,0,-,-,-,-,2869.8000,2869.6000,2869.4000,2869.2000,2869.0000,2870.0000,2870.2000,2870.4000,2870.6000,2870.8000,10,2,2,14,1,12,19,2,6,2
SF,IH2006,2020-06-17 14:39:27.700,2870.0000,17786,0,15130984140.000,0,-,-,-,-,2869.8000,2869.6000,2869.4000,2869.2000,2869.0000,2870.0000,2870.2000,2870.4000,2870.6000,2870.8000,11,2,2,14,1,12,19,2,6,2
SF,IH2006,2020-06-17 14:39:28.200,2870.0000,17786,0,15135289140.000,5,2,3,空换,B,2869.8000,2869.6000,2869.4000,2869.2000,2869.0000,2870.0000,2870.2000,2870.4000,2870.6000,2870.8000,11,2,2,14,1,7,19,2,6,2
SF,IH2006,2020-06-17 14:39:28.700,2870.0000,17780,-6,15141316140.000,7,0,7,空平,B,2870.0000,2869.8000,2869.6000,2869.4000,2869.2000,2870.2000,2870.4000,2870.6000,2870.8000,2871.0000,1,11,2,2,14,19,2,6,2,1
SF,IH2006,2020-06-17 14:39:29.200,2870.2000,17780,0,15142177200.000,1,0,1,空换,B,2870.0000,2869.8000,2869.6000,2869.4000,2869.2000,2870.2000,2870.4000,2870.6000,2870.8000,2871.0000,1,11,2,2,14,17,2,6,2,1
SF,IH2006,2020-06-17 14:39:29.700,2870.2000,17780,0,15143899320.000,2,1,1,空换,B,2870.0000,2869.8000,2869.6000,2869.4000,2869.2000,2870.2000,2870.4000,2870.6000,2870.8000,2871.0000,1,11,2,2,14,15,2,6,2,1
SF,IH2006,2020-06-17 14:39:30.200,2870.2000,17780,0,15143899320.000,0,-,-,-,-,2870.0000,2869.8000,2869.6000,2869.4000,2869.2000,2870.2000,2870.4000,2870.6000,2870.8000,2871.0000,2,11,2,2,14,15,2,6,2,1
SF,IH2006,2020-06-17 14:39:30.700,2870.2000,17780,0,15143899320.000,0,-,-,-,-,2870.0000,2869.8000,2869.6000,2869.4000,2869.2000,2870.2000,2870.4000,2870.6000,2870.8000,2871.0000,3,11,2,2,14,15,2,6,2,1
SF,IH2006,2020-06-17 14:39:32.700,2870.2000,17780,0,15143899320.000,0,-,-,-,-,2870.0000,2869.8000,2869.6000,2869.4000,2869.2000,2870.2000,2870.4000,2870.6000,2870.8000,2871.0000,3,10,2,2,14,15,2,6,2,1
SF,IH2006,2020-06-17 14:39:33.200,2870.2000,17780,0,15143899320.000,0,-,-,-,-,2870.0000,2869.8000,2869.6000,2869.4000,2869.2000,2870.2000,2870.4000,2870.6000,2870.8000,2871.0000,4,10,2,2,14,15,2,6,2,1
SF,IH2006,2020-06-17 14:39:34.200,2870.2000,17780,0,15144760380.000,1,0,1,空换,B,2870.0000,2869.8000,2869.6000,2869.4000,2869.2000,2870.2000,2870.4000,2870.6000,2870.8000,2871.0000,4,10,2,2,14,14,2,6,2,1
SF,IH2006,2020-06-17 14:39:34.700,2870.2000,17784,4,15148204620.000,4,4,0,双开,B,2870.0000,2869.8000,2869.6000,2869.4000,2869.2000,2870.2000,2870.4000,2870.6000,2870.8000,2871.0000,4,10,2,2,14,10,2,6,2,1
SF,IH2006,2020-06-17 14:39:35.200,2870.2000,17785,1,15152509920.000,5,3,2,多开,B,2870.0000,2869.8000,2869.6000,2869.4000,2869.2000,2870.2000,2870.4000,2870.6000,2870.8000,2871.0000,3,10,2,2,14,5,2,6,2,1
SF,IH2006,2020-06-17 14:39:35.700,2870.2000,17790,5,15156815220.000,5,5,0,双开,B,2870.0000,2869.8000,2869.6000,2869.4000,2869.2000,2870.4000,2870.6000,2870.8000,2871.0000,2871.2000,3,10,2,2,14,2,6,2,1,2
SF,IH2006,2020-06-17 14:39:36.200,2870.2000,17791,1,15157676280.000,1,1,0,双开,B,2870.0000,2869.8000,2869.6000,2869.4000,2869.2000,2870.4000,2870.6000,2870.8000,2871.0000,2871.2000,3,10,2,2,14,2,6,2,1,2
SF,IH2006,2020-06-17 14:39:38.200,2870.2000,17791,0,15157676280.000,0,-,-,-,-,2870.2000,2870.0000,2869.8000,2869.6000,2869.4000,2870.4000,2870.6000,2870.8000,2871.0000,2871.2000,1,4,10,2,2,2,6,2,1,2
SF,IH2006,2020-06-17 14:39:40.200,2870.4000,17791,0,15158537400.000,1,0,1,空换,B,2870.2000,2870.0000,2869.8000,2869.6000,2869.4000,2870.4000,2870.6000,2870.8000,2871.0000,2871.2000,1,4,10,2,2,1,6,2,1,2
SF,IH2006,2020-06-17 14:39:40.700,2870.2000,17790,-1,15160259580.000,2,0,2,空平,B,2870.0000,2869.8000,2869.6000,2869.4000,2869.2000,2870.6000,2870.8000,2871.0000,2871.2000,2871.4000,4,10,2,2,14,6,2,1,2,2
SF,IH2006,2020-06-17 14:39:41.200,2870.2000,17790,0,15160259580.000,0,-,-,-,-,2870.2000,2870.0000,2869.8000,2869.6000,2869.4000,2870.6000,2870.8000,2871.0000,2871.2000,2871.4000,1,4,10,2,2,6,2,1,2,2
SF,IH2006,2020-06-17 14:39:41.700,2870.2000,17791,1,15161120640.000,1,1,0,双开,B,2870.0000,2869.8000,2869.6000,2869.4000,2869.2000,2870.2000,2870.6000,2870.8000,2871.0000,2871.2000,4,8,2,2,13,6,6,2,1,2
SF,IH2006,2020-06-17 14:39:42.200,2870.2000,17796,5,15165425940.000,5,5,0,双开,B,2870.0000,2869.8000,2869.6000,2869.4000,2869.2000,2870.2000,2870.6000,2870.8000,2871.0000,2871.2000,4,8,2,2,13,1,6,2,1,2
SF,IH2006,2020-06-17 14:39:42.700,2870.2000,17797,1,15166287000.000,1,1,0,双开,B,2870.0000,2869.8000,2869.6000,2869.4000,2869.2000,2870.6000,2870.8000,2871.0000,2871.2000,2871.4000,4,8,2,2,13,6,2,1,2,2
SF,IH2006,2020-06-17 14:39:43.200,2870.2000,17797,0,15166287000.000,0,-,-,-,-,2870.0000,2869.8000,2869.6000,2869.4000,2869.2000,2870.4000,2870.6000,2870.8000,2871.0000,2871.2000,4,8,2,2,13,2,7,2,1,2
SF,IH2006,2020-06-17 14:39:44.700,2870.2000,17797,0,15166287000.000,0,-,-,-,-,2870.2000,2870.0000,2869.8000,2869.6000,2869.4000,2870.4000,2870.6000,2870.8000,2871.0000,2871.2000,1,4,8,2,2,2,7,2,1,2
SF,IH2006,2020-06-17 14:39:45.200,2870.2000,17797,0,15166287000.000,0,-,-,-,-,2870.2000,2870.0000,2869.8000,2869.6000,2869.4000,2870.4000,2870.6000,2870.8000,2871.0000,2871.2000,1,4,8,2,2,1,7,2,1,2
SF,IH2006,2020-06-17 14:39:46.200,2870.4000,17795,-2,15171453180.000,6,2,4,空平,B,2869.8000,2869.6000,2869.4000,2869.2000,2869.0000,2870.6000,2870.8000,2871.0000,2871.2000,2871.4000,8,2,2,13,1,7,2,1,2,2
SF,IH2006,2020-06-17 14:39:46.700,2870.4000,17795,0,15171453180.000,0,-,-,-,-,2870.0000,2869.8000,2869.6000,2869.4000,2869.2000,2870.6000,2870.8000,2871.0000,2871.2000,2871.4000,1,8,2,2,13,7,2,1,2,2
SF,IH2006,2020-06-17 14:39:47.200,2870.4000,17795,0,15171453180.000,0,-,-,-,-,2870.0000,2869.8000,2869.6000,2869.4000,2869.2000,2870.6000,2870.8000,2871.0000,2871.2000,2871.4000,1,8,2,2,13,7,2,1,2,2
SF,IH2006,2020-06-17 14:39:47.700,2870.4000,17795,0,15171453180.000,0,-,-,-,-,2870.0000,2869.8000,2869.6000,2869.4000,2869.2000,2870.4000,2870.6000,2870.8000,2871.0000,2871.2000,1,8,2,2,13,1,7,2,1,2
SF,IH2006,2020-06-17 14:39:48.700,2870.4000,17795,0,15171453180.000,0,-,-,-,-,2870.0000,2869.8000,2869.6000,2869.4000,2869.2000,2870.4000,2870.6000,2870.8000,2871.0000,2871.2000,2,8,2,2,13,1,7,2,1,2
SF,IH2006,2020-06-17 14:39:49.200,2870.4000,17795,0,15171453180.000,0,-,-,-,-,2870.0000,2869.8000,2869.6000,2869.4000,2869.2000,2870.6000,2870.8000,2871.0000,2871.2000,2871.4000,2,8,2,2,13,7,2,1,2,2
SF,IH2006,2020-06-17 14:39:50.200,2870.4000,17795,0,15171453180.000,0,-,-,-,-,2870.0000,2869.8000,2869.6000,2869.4000,2869.2000,2870.4000,2870.6000,2870.8000,2871.0000,2871.2000,2,8,2,2,13,3,12,2,1,2
SF,IH2006,2020-06-17 14:39:50.700,2870.4000,17795,0,15171453180.000,0,-,-,-,-,2870.0000,2869.8000,2869.6000,2869.4000,2869.2000,2870.4000,2870.6000,2870.8000,2871.0000,2871.2000,2,8,2,2,13,3,12,2,1,2
SF,IH2006,2020-06-17 14:39:51.200,2870.4000,17795,0,15171453180.000,0,-,-,-,-,2870.0000,2869.8000,2869.6000,2869.4000,2869.2000,2870.4000,2870.6000,2870.8000,2871.0000,2871.2000,2,8,2,2,13,4,12,2,1,2
SF,IH2006,2020-06-17 14:39:52.200,2870.4000,17795,0,15171453180.000,0,-,-,-,-,2870.0000,2869.8000,2869.6000,2869.4000,2869.2000,2870.4000,2870.6000,2870.8000,2871.0000,2871.2000,3,8,2,2,13,4,12,2,1,2
SF,IH2006,2020-06-17 14:39:52.700,2870.4000,17795,0,15171453180.000,0,-,-,-,-,2870.0000,2869.8000,2869.6000,2869.4000,2869.2000,2870.4000,2870.6000,2870.8000,2871.0000,2871.2000,3,8,2,2,13,4,7,2,1,2
SF,IH2006,2020-06-17 14:39:53.700,2870.4000,17795,0,15171453180.000,0,-,-,-,-,2870.0000,2869.8000,2869.6000,2869.4000,2869.2000,2870.4000,2870.6000,2870.8000,2871.0000,2871.2000,3,8,2,2,13,1,7,2,1,2
SF,IH2006,2020-06-17 14:39:55.700,2870.4000,17795,0,15171453180.000,0,-,-,-,-,2870.0000,2869.8000,2869.6000,2869.4000,2869.2000,2870.4000,2870.6000,2870.8000,2871.0000,2871.2000,3,8,2,2,13,3,7,2,1,2
SF,IH2006,2020-06-17 14:39:56.200,2870.4000,17795,0,15171453180.000,0,-,-,-,-,2870.0000,2869.8000,2869.6000,2869.4000,2869.2000,2870.2000,2870.4000,2870.6000,2870.8000,2871.0000,3,8,2,2,13,1,3,13,2,1
SF,IH2006,2020-06-17 14:39:57.200,2870.4000,17796,1,15172314300.000,1,1,0,双开,B,2870.0000,2869.8000,2869.6000,2869.4000,2869.2000,2870.4000,2870.6000,2870.8000,2871.0000,2871.2000,3,8,2,2,13,3,13,2,1,2
SF,IH2006,2020-06-17 14:39:58.200,2870.4000,17795,-1,15173175420.000,1,0,1,双平,B,2870.0000,2869.8000,2869.6000,2869.4000,2869.2000,2870.4000,2870.6000,2870.8000,2871.0000,2871.2000,3,8,2,2,13,2,13,2,1,2
SF,IH2006,2020-06-17 14:39:58.700,2870.4000,17795,0,15173175420.000,0,-,-,-,-,2870.0000,2869.8000,2869.6000,2869.4000,2869.2000,2870.4000,2870.6000,2870.8000,2871.0000,2871.2000,3,8,2,2,13,2,13,2,1,2
SF,IH2006,2020-06-17 14:39:59.700,2870.4000,17795,0,15173175420.000,0,-,-,-,-,2870.2000,2870.0000,2869.8000,2869.6000,2869.4000,2870.4000,2870.6000,2870.8000,2871.0000,2871.2000,7,3,8,2,2,2,13,2,1,2
SF,IH2006,2020-06-17 14:40:00.700,2870.4000,17795,0,15173175420.000,0,-,-,-,-,2870.2000,2870.0000,2869.8000,2869.6000,2869.4000,2870.4000,2870.6000,2870.8000,2871.0000,2871.2000,7,3,1,2,2,2,13,2,1,2
SF,IH2006,2020-06-17 14:40:01.700,2870.6000,17799,4,15177481200.000,5,4,1,多开,B,2870.2000,2870.0000,2869.8000,2869.6000,2869.4000,2870.6000,2870.8000,2871.0000,2871.2000,2871.4000,7,3,1,2,2,10,2,1,2,2
SF,IH2006,2020-06-17 14:40:02.200,2870.6000,17799,0,15177481200.000,0,-,-,-,-,2870.4000,2870.2000,2870.0000,2869.8000,2869.6000,2870.6000,2870.8000,2871.0000,2871.2000,2871.4000,6,7,3,1,2,10,2,1,2,2
SF,IH2006,2020-06-17 14:40:02.700,2870.6000,17799,0,15177481200.000,0,-,-,-,-,2870.4000,2870.2000,2870.0000,2869.8000,2869.6000,2870.6000,2870.8000,2871.0000,2871.2000,2871.4000,7,7,3,1,2,9,2,1,2,2
SF,IH2006,2020-06-17 14:40:04.700,2870.6000,17799,0,15177481200.000,0,-,-,-,-,2870.4000,2870.2000,2870.0000,2869.8000,2869.6000,2870.6000,2870.8000,2871.0000,2871.2000,2871.4000,7,7,3,1,1,9,2,1,2,2
SF,IH2006,2020-06-17 14:40:05.700,2870.6000,17799,0,15177481200.000,0,-,-,-,-,2870.4000,2870.2000,2870.0000,2869.8000,2869.6000,2870.6000,2870.8000,2871.0000,2871.2000,2871.4000,8,7,3,1,1,9,2,1,2,2
SF,IH2006,2020-06-17 14:40:06.200,2870.6000,17794,-5,15182648220.000,6,0,6,空平,B,2870.4000,2870.2000,2870.0000,2869.8000,2869.6000,2870.6000,2870.8000,2871.0000,2871.2000,2871.4000,2,7,3,1,1,5,2,1,2,2
SF,IH2006,2020-06-17 14:40:06.700,2870.4000,17796,2,15184370460.000,2,2,0,双开,B,2870.2000,2870.0000,2869.8000,2869.6000,2869.4000,2870.4000,2870.6000,2870.8000,2871.0000,2871.2000,7,4,1,1,2,7,5,2,1,2
SF,IH2006,2020-06-17 14:40:07.200,2870.4000,17800,4,15187814880.000,4,4,0,双开,B,2870.4000,2870.2000,2870.0000,2869.8000,2869.6000,2870.6000,2870.8000,2871.0000,2871.2000,2871.4000,4,6,4,1,1,5,2,1,2,2
SF,IH2006,2020-06-17 14:40:08.200,2870.4000,17800,0,15187814880.000,0,-,-,-,-,2870.4000,2870.0000,2869.8000,2869.6000,2869.4000,2870.6000,2870.8000,2871.0000,2871.2000,2871.4000,4,4,1,1,2,5,2,1,1,2
SF,IH2006,2020-06-17 14:40:09.200,2870.4000,17801,1,15188676000.000,1,1,0,双开,B,2870.4000,2870.0000,2869.8000,2869.6000,2869.4000,2870.6000,2870.8000,2871.0000,2871.2000,2871.4000,3,4,1,1,2,5,2,1,1,2
SF,IH2006,2020-06-17 14:40:09.700,2870.4000,17804,3,15191259360.000,3,3,0,双开,B,2870.0000,2869.8000,2869.6000,2869.4000,2869.2000,2870.6000,2870.8000,2871.0000,2871.2000,2871.4000,3,1,1,2,13,5,2,1,1,2
SF,IH2006,2020-06-17 14:40:10.200,2870.2000,17806,2,15192981420.000,2,2,0,双开,B,2870.0000,2869.8000,2869.6000,2869.4000,2869.2000,2870.2000,2870.6000,2870.8000,2871.0000,2871.2000,2,1,1,2,13,1,7,2,1,1
SF,IH2006,2020-06-17 14:40:10.700,2870.2000,17806,0,15192981420.000,0,-,-,-,-,2870.4000,2870.0000,2869.8000,2869.6000,2869.4000,2870.6000,2870.8000,2871.0000,2871.2000,2871.4000,1,2,1,1,2,7,2,1,1,2
SF,IH2006,2020-06-17 14:40:11.200,2870.0000,17807,1,15194703540.000,2,1,1,多开,B,2870.0000,2869.8000,2869.6000,2869.4000,2869.2000,2870.2000,2870.4000,2870.6000,2870.8000,2871.0000,1,1,1,2,13,13,14,6,2,1
SF,IH2006,2020-06-17 14:40:11.700,2870.0000,17808,1,15195564540.000,1,1,0,双开,B,2869.8000,2869.6000,2869.4000,2869.2000,2869.0000,2870.0000,2870.4000,2870.6000,2870.8000,2871.0000,1,1,2,13,1,1,6,6,2,1
SF,IH2006,2020-06-17 14:40:12.200,2870.0000,17807,-1,15196425540.000,1,0,1,双平,B,2870.2000,2870.0000,2869.8000,2869.6000,2869.4000,2870.4000,2870.6000,2870.8000,2871.0000,2871.2000,1,1,1,1,3,6,4,2,1,1
SF,IH2006,2020-06-17 14:40:12.700,2870.2000,17808,1,15198147660.000,2,1,1,多开,B,2870.0000,2869.8000,2869.6000,2869.4000,2869.2000,2870.2000,2870.4000,2870.6000,2870.8000,2871.0000,1,1,1,3,13,4,6,4,2,1
SF,IH2006,2020-06-17 14:40:13.200,2870.2000,17809,1,15199869780.000,2,1,1,多开,B,2870.0000,2869.8000,2869.6000,2869.4000,2869.2000,2870.4000,2870.6000,2870.8000,2871.0000,2871.4000,1,1,1,3,13,6,4,2,1,2
SF,IH2006,2020-06-17 14:40:13.700,2870.2000,17809,0,15199869780.000,0,-,-,-,-,2870.0000,2869.8000,2869.6000,2869.4000,2869.2000,2870.4000,2870.6000,2870.8000,2871.0000,2871.4000,1,1,2,2,13,5,4,2,1,2
SF,IH2006,2020-06-17 14:40:15.700,2870.2000,17809,0,15199869780.000,0,-,-,-,-,2870.0000,2869.8000,2869.6000,2869.4000,2869.2000,2870.4000,2870.6000,2870.8000,2871.0000,2871.4000,1,1,2,2,13,7,4,2,1,2
SF,IH2006,2020-06-17 14:40:16.200,2870.0000,17809,0,15200730780.000,1,0,1,空换,B,2869.8000,2869.6000,2869.4000,2869.2000,2869.0000,2870.2000,2870.4000,2870.6000,2870.8000,2871.0000,1,2,3,13,1,1,6,4,2,1
SF,IH2006,2020-06-17 14:40:16.700,2870.0000,17809,0,15200730780.000,0,-,-,-,-,2869.8000,2869.6000,2869.4000,2869.2000,2869.0000,2870.2000,2870.4000,2870.6000,2870.8000,2871.0000,2,2,3,13,1,2,7,4,2,1
SF,IH2006,2020-06-17 14:40:17.200,2869.4000,17807,-2,15205896180.000,6,2,4,空平,B,2869.4000,2869.2000,2869.0000,2868.8000,2868.6000,2870.2000,2870.4000,2870.6000,2870.8000,2871.0000,2,13,1,9,2,2,7,4,2,1
SF,IH2006,2020-06-17 14:40:17.700,2869.4000,17807,0,15205896180.000,0,-,-,-,-,2869.6000,2869.4000,2869.2000,2869.0000,2868.8000,2870.0000,2870.2000,2870.4000,2870.6000,2870.8000,1,3,12,1,9,1,4,4,5,2
SF,IH2006,2020-06-17 14:40:18.200,2869.4000,17807,0,15205896180.000,0,-,-,-,-,2869.8000,2869.6000,2869.4000,2869.2000,2869.0000,2870.0000,2870.2000,2870.4000,2870.6000,2870.8000,1,2,3,12,1,1,4,4,5,2
SF,IH2006,2020-06-17 14:40:18.700,2870.0000,17807,0,15206757180.000,1,0,1,空换,B,2869.8000,2869.6000,2869.4000,2869.2000,2869.0000,2870.2000,2870.4000,2870.6000,2870.8000,2871.0000,1,2,3,11,1,4,3,5,2,1
SF,IH2006,2020-06-17 14:40:19.200,2870.0000,17807,0,15206757180.000,0,-,-,-,-,2869.8000,2869.6000,2869.4000,2869.2000,2869.0000,2870.2000,2870.4000,2870.6000,2870.8000,2871.0000,1,2,3,11,1,2,3,5,2,1
SF,IH2006,2020-06-17 14:40:19.700,2870.0000,17807,0,15206757180.000,0,-,-,-,-,2869.8000,2869.6000,2869.4000,2869.2000,2869.0000,2870.2000,2870.4000,2870.6000,2870.8000,2871.0000,1,2,3,11,1,2,3,6,2,1
SF,IH2006,2020-06-17 14:40:20.700,2870.0000,17807,0,15206757180.000,0,-,-,-,-,2869.8000,2869.6000,2869.4000,2869.2000,2869.0000,2870.2000,2870.4000,2870.6000,2870.8000,2871.0000,1,2,3,11,1,3,3,6,2,1
SF,IH2006,2020-06-17 14:40:21.700,2869.4000,17805,-2,15211061520.000,5,1,4,空平,B,2869.4000,2869.2000,2869.0000,2868.8000,2868.6000,2870.2000,2870.4000,2870.6000,2870.8000,2871.0000,1,11,1,9,2,3,3,6,2,1
SF,IH2006,2020-06-17 14:40:22.200,2869.4000,17805,0,15211061520.000,0,-,-,-,-,2869.6000,2869.4000,2869.2000,2869.0000,2868.8000,2870.0000,2870.2000,2870.4000,2870.6000,2870.8000,1,2,11,1,9,1,5,3,6,2
SF,IH2006,2020-06-17 14:40:24.700,2869.4000,17805,0,15211061520.000,0,-,-,-,-,2869.6000,2869.4000,2869.2000,2869.0000,2868.8000,2870.0000,2870.2000,2870.4000,2870.6000,2870.8000,1,2,11,1,9,6,5,3,6,2
SF,IH2006,2020-06-17 14:40:25.200,2869.4000,17805,0,15211061520.000,0,-,-,-,-,2869.6000,2869.4000,2869.2000,2869.0000,2868.8000,2869.8000,2870.0000,2870.2000,2870.4000,2870.6000,1,2,11,1,9,3,6,4,3,6
SF,IH2006,2020-06-17 14:40:25.700,2869.6000,17806,1,15211922400.000,1,1,0,双开,B,2869.4000,2869.2000,2869.0000,2868.8000,2868.6000,2869.8000,2870.0000,2870.2000,2870.4000,2870.6000,1,11,1,9,2,4,6,4,3,6
SF,IH2006,2020-06-17 14:40:26.200,2869.6000,17806,0,15211922400.000,0,-,-,-,-,2869.4000,2869.2000,2869.0000,2868.8000,2868.6000,2869.8000,2870.0000,2870.2000,2870.4000,2870.6000,1,11,2,9,2,4,6,4,3,6
SF,IH2006,2020-06-17 14:40:26.700,2869.6000,17806,0,15211922400.000,0,-,-,-,-,2869.4000,2869.2000,2869.0000,2868.8000,2868.6000,2869.8000,2870.0000,2870.2000,2870.4000,2870.6000,2,8,3,9,2,4,6,4,3,6
SF,IH2006,2020-06-17 14:40:27.200,2869.6000,17806,0,15211922400.000,0,-,-,-,-,2869.4000,2869.2000,2869.0000,2868.8000,2868.6000,2869.8000,2870.0000,2870.2000,2870.4000,2870.6000,3,8,3,9,2,4,6,4,3,6
SF,IH2006,2020-06-17 14:40:27.700,2869.6000,17806,0,15211922400.000,0,-,-,-,-,2869.4000,2869.2000,2869.0000,2868.8000,2868.6000,2869.8000,2870.0000,2870.2000,2870.4000,2870.6000,3,8,2,9,2,5,6,4,3,6
SF,IH2006,2020-06-17 14:40:28.200,2869.8000,17806,0,15213644160.000,2,1,1,空换,B,2869.4000,2869.2000,2869.0000,2868.8000,2868.6000,2869.8000,2870.0000,2870.2000,2870.4000,2870.6000,2,8,2,9,2,4,6,4,3,6
SF,IH2006,2020-06-17 14:40:28.700,2869.8000,17806,0,15213644160.000,0,-,-,-,-,2869.4000,2869.2000,2869.0000,2868.8000,2868.6000,2869.6000,2869.8000,2870.0000,2870.2000,2870.4000,2,8,2,9,2,1,4,6,4,3
SF,IH2006,2020-06-17 14:40:29.200,2869.8000,17808,2,15217087860.000,4,3,1,多开,B,2869.8000,2869.6000,2869.4000,2869.2000,2869.0000,2870.0000,2870.2000,2870.4000,2870.6000,2870.8000,2,3,2,9,2,6,4,2,6,2
SF,IH2006,2020-06-17 14:40:29.700,2869.8000,17808,0,15218809740.000,2,1,1,空换,B,2869.6000,2869.4000,2869.2000,2869.0000,2868.8000,2869.8000,2870.0000,2870.2000,2870.4000,2870.6000,3,2,9,2,9,1,5,3,2,6
SF,IH2006,2020-06-17 14:40:30.200,2869.8000,17808,0,15218809740.000,0,-,-,-,-,2869.6000,2869.4000,2869.2000,2869.0000,2868.8000,2870.2000,2870.4000,2870.6000,2870.8000,2871.0000,3,2,9,2,9,3,2,6,2,1
SF,IH2006,2020-06-17 14:40:30.700,2869.8000,17808,0,15219670680.000,1,0,1,空换,B,2869.6000,2869.4000,2869.2000,2869.0000,2868.8000,2870.2000,2870.4000,2870.6000,2870.8000,2871.0000,4,2,8,2,9,3,2,6,2,1
SF,IH2006,2020-06-17 14:40:31.200,2869.8000,17808,0,15219670680.000,0,-,-,-,-,2869.6000,2869.4000,2869.2000,2869.0000,2868.8000,2870.2000,2870.4000,2870.6000,2870.8000,2871.0000,4,2,8,2,9,1,2,6,2,1
SF,IH2006,2020-06-17 14:40:31.700,2869.8000,17808,0,15219670680.000,0,-,-,-,-,2869.8000,2869.6000,2869.4000,2869.2000,2869.0000,2870.2000,2870.4000,2870.6000,2870.8000,2871.0000,3,4,2,8,2,1,2,6,2,1
SF,IH2006,2020-06-17 14:40:32.200,2869.8000,17808,0,15219670680.000,0,-,-,-,-,2869.8000,2869.6000,2869.4000,2869.2000,2869.0000,2870.2000,2870.4000,2870.6000,2870.8000,2871.0000,3,4,2,8,2,1,2,6,2,1
SF,IH2006,2020-06-17 14:40:33.200,2869.8000,17808,0,15219670680.000,0,-,-,-,-,2869.8000,2869.6000,2869.4000,2869.2000,2869.0000,2870.2000,2870.4000,2870.6000,2870.8000,2871.0000,1,4,2,8,2,1,2,6,2,1
SF,IH2006,2020-06-17 14:40:33.700,2869.8000,17808,0,15219670680.000,0,-,-,-,-,2869.8000,2869.6000,2869.4000,2869.2000,2869.0000,2870.2000,2870.4000,2870.6000,2870.8000,2871.0000,1,4,2,8,2,1,2,6,2,1
SF,IH2006,2020-06-17 14:40:34.200,2869.8000,17808,0,15219670680.000,0,-,-,-,-,2869.8000,2869.6000,2869.4000,2869.2000,2869.0000,2870.2000,2870.4000,2870.6000,2870.8000,2871.0000,1,4,2,8,2,2,2,6,2,1
SF,IH2006,2020-06-17 14:40:35.200,2869.8000,17808,0,15219670680.000,0,-,-,-,-,2869.8000,2869.6000,2869.4000,2869.2000,2869.0000,2870.2000,2870.4000,2870.6000,2870.8000,2871.0000,1,4,2,8,2,2,2,6,2,1
SF,IH2006,2020-06-17 14:40:37.200,2869.8000,17808,0,15219670680.000,0,-,-,-,-,2869.8000,2869.6000,2869.4000,2869.2000,2869.0000,2870.0000,2870.2000,2870.4000,2870.6000,2870.8000,1,4,2,8,2,1,2,2,6,2
SF,IH2006,2020-06-17 14:40:37.700,2870.0000,17807,-1,15220531680.000,1,0,1,双平,B,2869.8000,2869.6000,2869.4000,2869.2000,2869.0000,2870.2000,2870.4000,2870.6000,2870.8000,2871.0000,1,4,2,8,2,2,2,6,2,1
SF,IH2006,2020-06-17 14:40:38.200,2870.0000,17807,0,15220531680.000,0,-,-,-,-,2870.0000,2869.8000,2869.6000,2869.4000,2869.2000,2870.2000,2870.4000,2870.6000,2870.8000,2871.0000,1,1,4,2,8,3,2,6,2,1
SF,IH2006,2020-06-17 14:40:39.200,2870.0000,17807,0,15220531680.000,0,-,-,-,-,2870.0000,2869.8000,2869.6000,2869.4000,2869.2000,2870.2000,2870.4000,2870.6000,2870.8000,2871.0000,1,1,4,2,8,2,2,6,2,1
SF,IH2006,2020-06-17 14:40:39.700,2870.2000,17809,2,15222253800.000,2,2,0,双开,B,2870.0000,2869.8000,2869.6000,2869.4000,2869.2000,2870.4000,2870.6000,2870.8000,2871.0000,2871.4000,1,1,4,2,8,2,6,2,1,1
SF,IH2006,2020-06-17 14:40:40.200,2870.0000,17809,0,15223114800.000,1,0,1,空换,B,2869.8000,2869.6000,2869.4000,2869.2000,2869.0000,2870.4000,2870.6000,2870.8000,2871.0000,2871.4000,1,4,2,8,2,2,6,2,1,1
SF,IH2006,2020-06-17 14:40:41.700,2870.0000,17809,0,15223114800.000,0,-,-,-,-,2870.0000,2869.8000,2869.6000,2869.4000,2869.2000,2870.4000,2870.6000,2870.8000,2871.0000,2871.4000,1,1,4,2,8,2,6,2,1,1
SF,IH2006,2020-06-17 14:40:44.200,2870.0000,17809,0,15223114800.000,0,-,-,-,-,2870.0000,2869.8000,2869.6000,2869.4000,2869.2000,2870.4000,2870.6000,2870.8000,2871.0000,2871.4000,3,1,4,2,8,2,6,2,1,1
SF,IH2006,2020-06-17 14:40:44.700,2870.0000,17809,0,15223114800.000,0,-,-,-,-,2870.0000,2869.8000,2869.6000,2869.4000,2869.2000,2870.4000,2870.6000,2870.8000,2871.0000,2871.4000,3,1,4,2,8,2,6,3,1,1
SF,IH2006,2020-06-17 14:40:46.200,2870.0000,17809,0,15223114800.000,0,-,-,-,-,2870.2000,2870.0000,2869.8000,2869.6000,2869.4000,2870.4000,2870.6000,2870.8000,2871.0000,2871.4000,1,3,1,4,2,2,6,3,1,1
SF,IH2006,2020-06-17 14:40:47.200,2870.0000,17809,0,15223114800.000,0,-,-,-,-,2870.2000,2870.0000,2869.8000,2869.6000,2869.4000,2870.4000,2870.6000,2870.8000,2871.0000,2871.4000,1,2,1,4,2,2,6,3,1,1
SF,IH2006,2020-06-17 14:40:47.700,2870.6000,17811,2,15226559400.000,4,3,1,多开,B,2870.2000,2870.0000,2869.8000,2869.6000,2869.4000,2870.6000,2870.8000,2871.0000,2871.4000,2871.6000,3,2,1,4,2,4,3,1,1,10
SF,IH2006,2020-06-17 14:40:48.200,2870.6000,17811,0,15228281760.000,2,1,1,空换,B,2870.2000,2870.0000,2869.8000,2869.6000,2869.4000,2870.6000,2870.8000,2871.0000,2871.4000,2871.6000,3,2,1,4,2,2,3,1,1,10
SF,IH2006,2020-06-17 14:40:48.700,2870.6000,17810,-1,15230865300.000,3,1,2,空平,B,2870.4000,2870.2000,2870.0000,2869.8000,2869.6000,2870.6000,2870.8000,2871.0000,2871.4000,2871.6000,1,3,3,1,4,1,3,1,1,10
SF,IH2006,2020-06-17 14:40:49.200,2870.6000,17811,1,15231726480.000,1,1,0,双开,B,2870.4000,2870.2000,2870.0000,2869.8000,2869.6000,2870.8000,2871.0000,2871.4000,2871.6000,2871.8000,1,3,3,1,4,3,1,1,10,1
SF,IH2006,2020-06-17 14:40:49.700,2870.8000,17812,1,15232587720.000,1,1,0,双开,B,2870.4000,2870.2000,2870.0000,2869.8000,2869.6000,2870.8000,2871.0000,2871.4000,2871.6000,2871.8000,2,3,3,1,4,2,1,1,10,1
SF,IH2006,2020-06-17 14:40:50.200,2870.8000,17812,0,15232587720.000,0,-,-,-,-,2870.4000,2870.2000,2870.0000,2869.8000,2869.6000,2870.8000,2871.0000,2871.4000,2871.6000,2871.8000,3,3,3,1,3,2,1,1,10,1
SF,IH2006,2020-06-17 14:40:52.200,2870.8000,17812,0,15232587720.000,0,-,-,-,-,2870.4000,2870.2000,2870.0000,2869.8000,2869.6000,2870.8000,2871.0000,2871.4000,2871.6000,2871.8000,3,3,5,1,3,2,1,1,10,1
SF,IH2006,2020-06-17 14:40:52.700,2870.8000,17812,0,15233448960.000,1,0,1,空换,B,2870.4000,2870.2000,2870.0000,2869.8000,2869.6000,2870.8000,2871.0000,2871.4000,2871.6000,2871.8000,3,3,5,1,3,2,1,1,10,1
SF,IH2006,2020-06-17 14:40:53.200,2870.8000,17812,0,15233448960.000,0,-,-,-,-,2870.4000,2870.2000,2870.0000,2869.8000,2869.6000,2870.8000,2871.0000,2871.4000,2871.6000,2871.8000,3,3,5,1,3,2,1,1,10,1
SF,IH2006,2020-06-17 14:40:54.200,2870.8000,17812,0,15233448960.000,0,-,-,-,-,2870.4000,2870.2000,2870.0000,2869.8000,2869.6000,2870.8000,2871.0000,2871.4000,2871.6000,2871.8000,3,3,6,1,3,2,1,1,10,1
SF,IH2006,2020-06-17 14:40:56.200,2870.8000,17812,0,15233448960.000,0,-,-,-,-,2870.4000,2870.2000,2870.0000,2869.8000,2869.6000,2870.8000,2871.0000,2871.4000,2871.6000,2871.8000,3,2,6,1,4,2,1,1,10,1
SF,IH2006,2020-06-17 14:40:57.700,2870.8000,17812,0,15233448960.000,0,-,-,-,-,2870.4000,2870.2000,2870.0000,2869.8000,2869.6000,2870.8000,2871.0000,2871.4000,2871.6000,2871.8000,3,2,6,1,4,2,1,1,10,1
SF,IH2006,2020-06-17 14:40:58.200,2870.8000,17812,0,15233448960.000,0,-,-,-,-,2870.4000,2870.2000,2870.0000,2869.8000,2869.6000,2870.8000,2871.0000,2871.4000,2871.6000,2871.8000,2,2,6,1,4,2,1,1,10,2
SF,IH2006,2020-06-17 14:40:59.200,2870.8000,17813,1,15234310200.000,1,1,0,双开,B,2870.4000,2870.2000,2870.0000,2869.8000,2869.6000,2870.8000,2871.0000,2871.4000,2871.6000,2871.8000,2,2,6,1,4,1,1,1,10,2
SF,IH2006,2020-06-17 14:40:59.700,2870.8000,17813,0,15234310200.000,0,-,-,-,-,2870.4000,2870.2000,2870.0000,2869.8000,2869.6000,2870.8000,2871.0000,2871.2000,2871.4000,2871.6000,2,2,6,1,4,1,1,1,1,10
SF,IH2006,2020-06-17 14:41:00.200,2870.8000,17813,0,15234310200.000,0,-,-,-,-,2870.4000,2870.2000,2870.0000,2869.8000,2869.6000,2870.8000,2871.0000,2871.2000,2871.4000,2871.6000,4,2,6,1,4,1,1,1,1,10
SF,IH2006,2020-06-17 14:41:02.200,2870.8000,17813,0,15234310200.000,0,-,-,-,-,2870.4000,2870.2000,2870.0000,2869.8000,2869.6000,2870.8000,2871.0000,2871.2000,2871.4000,2871.6000,4,2,6,1,4,6,2,1,1,10
SF,IH2006,2020-06-17 14:41:02.700,2870.8000,17813,0,15234310200.000,0,-,-,-,-,2870.4000,2870.2000,2870.0000,2869.8000,2869.6000,2870.8000,2871.0000,2871.2000,2871.4000,2871.6000,3,2,6,1,4,6,2,1,1,10
SF,IH2006,2020-06-17 14:41:03.200,2870.8000,17813,0,15234310200.000,0,-,-,-,-,2870.4000,2870.2000,2870.0000,2869.8000,2869.6000,2870.8000,2871.0000,2871.2000,2871.4000,2871.6000,3,2,6,1,4,7,2,1,1,10
SF,IH2006,2020-06-17 14:41:03.700,2870.8000,17813,0,15234310200.000,0,-,-,-,-,2870.4000,2870.2000,2870.0000,2869.8000,2869.6000,2870.8000,2871.0000,2871.2000,2871.4000,2871.6000,3,2,6,1,4,7,2,1,1,10
SF,IH2006,2020-06-17 14:41:04.200,2870.8000,17813,0,15234310200.000,0,-,-,-,-,2870.4000,2870.2000,2870.0000,2869.8000,2869.6000,2870.6000,2870.8000,2871.0000,2871.2000,2871.4000,3,2,6,1,4,1,2,3,1,1
SF,IH2006,2020-06-17 14:41:04.700,2870.8000,17813,0,15234310200.000,0,-,-,-,-,2870.4000,2870.2000,2870.0000,2869.8000,2869.6000,2870.8000,2871.0000,2871.2000,2871.4000,2871.6000,3,2,6,1,4,2,3,1,1,10
SF,IH2006,2020-06-17 14:41:06.200,2870.8000,17813,0,15234310200.000,0,-,-,-,-,2870.4000,2870.2000,2870.0000,2869.8000,2869.6000,2870.6000,2870.8000,2871.0000,2871.4000,2871.6000,3,2,6,1,4,3,2,3,1,10
SF,IH2006,2020-06-17 14:41:06.700,2870.4000,17815,2,15236893560.000,3,2,1,多开,B,2870.2000,2870.0000,2869.8000,2869.6000,2869.4000,2870.4000,2870.6000,2870.8000,2871.0000,2871.4000,1,6,1,4,2,3,3,2,3,1
SF,IH2006,2020-06-17 14:41:07.200,2870.4000,17815,0,15236893560.000,0,-,-,-,-,2870.2000,2870.0000,2869.8000,2869.6000,2869.4000,2870.6000,2870.8000,2871.0000,2871.4000,2871.6000,1,6,1,4,2,3,2,3,1,10
SF,IH2006,2020-06-17 14:41:07.700,2870.2000,17815,0,15237754620.000,1,0,1,空换,B,2870.0000,2869.8000,2869.6000,2869.4000,2869.2000,2870.6000,2870.8000,2871.0000,2871.4000,2871.6000,6,1,4,2,8,3,2,3,1,10
SF,IH2006,2020-06-17 14:41:08.200,2870.2000,17815,0,15237754620.000,0,-,-,-,-,2870.0000,2869.8000,2869.6000,2869.4000,2869.2000,2870.6000,2870.8000,2871.0000,2871.4000,2871.6000,6,1,4,2,8,4,1,3,1,10
SF,IH2006,2020-06-17 14:41:08.700,2870.2000,17815,0,15237754620.000,0,-,-,-,-,2870.0000,2869.8000,2869.6000,2869.4000,2869.2000,2870.6000,2870.8000,2871.0000,2871.4000,2871.6000,7,1,4,2,8,4,1,3,1,10
SF,IH2006,2020-06-17 14:41:09.200,2870.2000,17815,0,15237754620.000,0,-,-,-,-,2870.0000,2869.8000,2869.6000,2869.4000,2869.2000,2870.6000,2870.8000,2871.0000,2871.4000,2871.6000,8,1,4,2,8,4,1,3,1,10
SF,IH2006,2020-06-17 14:41:10.700,2870.2000,17815,0,15237754620.000,0,-,-,-,-,2870.2000,2870.0000,2869.8000,2869.6000,2869.4000,2870.6000,2870.8000,2871.0000,2871.4000,2871.6000,1,8,1,4,2,4,1,3,1,10
SF,IH2006,2020-06-17 14:41:11.200,2870.2000,17815,0,15237754620.000,0,-,-,-,-,2870.2000,2870.0000,2869.8000,2869.6000,2869.4000,2870.6000,2870.8000,2871.0000,2871.4000,2871.6000,1,8,1,4,2,3,1,3,1,10
SF,IH2006,2020-06-17 14:41:11.700,2870.2000,17815,0,15237754620.000,0,-,-,-,-,2870.2000,2870.0000,2869.8000,2869.6000,2869.4000,2870.6000,2870.8000,2871.0000,2871.4000,2871.6000,2,8,1,4,2,3,1,3,1,10
SF,IH2006,2020-06-17 14:41:12.700,2870.0000,17813,-2,15242059740.000,5,1,4,空平,B,2870.0000,2869.8000,2869.6000,2869.4000,2869.2000,2870.6000,2870.8000,2871.0000,2871.4000,2871.6000,6,1,4,2,8,3,1,3,1,10
SF,IH2006,2020-06-17 14:41:13.200,2870.0000,17813,0,15242920740.000,1,0,1,空换,B,2870.0000,2869.8000,2869.6000,2869.4000,2869.2000,2870.6000,2870.8000,2871.0000,2871.4000,2871.6000,6,1,4,2,8,3,1,3,1,10
SF,IH2006,2020-06-17 14:41:13.700,2870.0000,17813,0,15242920740.000,0,-,-,-,-,2870.0000,2869.8000,2869.6000,2869.4000,2869.2000,2870.6000,2870.8000,2871.0000,2871.4000,2871.6000,6,1,4,2,8,4,1,3,1,10
SF,IH2006,2020-06-17 14:41:14.200,2870.0000,17813,0,15242920740.000,0,-,-,-,-,2870.0000,2869.8000,2869.6000,2869.4000,2869.2000,2870.6000,2870.8000,2871.0000,2871.4000,2871.6000,6,2,4,2,8,4,1,3,1,10
SF,IH2006,2020-06-17 14:41:14.700,2870.6000,17814,1,15243781920.000,1,1,0,双开,B,2870.0000,2869.8000,2869.6000,2869.4000,2869.2000,2870.6000,2870.8000,2871.0000,2871.4000,2871.6000,6,2,4,2,8,3,1,3,1,10
SF,IH2006,2020-06-17 14:41:15.700,2870.0000,17813,-1,15247225920.000,4,1,3,空平,B,2870.0000,2869.8000,2869.6000,2869.4000,2869.2000,2870.6000,2870.8000,2871.0000,2871.4000,2871.6000,2,2,4,1,8,3,1,3,1,10
SF,IH2006,2020-06-17 14:41:16.200,2870.0000,17813,0,15247225920.000,0,-,-,-,-,2870.0000,2869.8000,2869.6000,2869.4000,2869.2000,2870.4000,2870.6000,2870.8000,2871.0000,2871.4000,1,2,4,1,8,1,4,1,3,1
SF,IH2006,2020-06-17 14:41:17.700,2870.0000,17813,0,15247225920.000,0,-,-,-,-,2870.0000,2869.8000,2869.6000,2869.4000,2869.2000,2870.4000,2870.6000,2870.8000,2871.0000,2871.4000,1,2,4,1,8,1,4,1,3,1
SF,IH2006,2020-06-17 14:41:18.200,2870.0000,17814,1,15248086920.000,1,1,0,双开,B,2869.8000,2869.6000,2869.4000,2869.2000,2869.0000,2870.6000,2870.8000,2871.0000,2871.4000,2871.6000,2,4,1,8,1,4,1,3,1,10
SF,IH2006,2020-06-17 14:41:18.700,2869.2000,17812,-2,15255834960.000,9,3,6,空平,B,2869.2000,2869.0000,2868.8000,2868.6000,2868.2000,2870.6000,2870.8000,2871.0000,2871.4000,2871.6000,6,1,8,2,1,3,1,3,1,10
SF,IH2006,2020-06-17 14:41:19.200,2869.2000,17812,0,15255834960.000,0,-,-,-,-,2869.8000,2869.6000,2869.4000,2869.2000,2869.0000,2870.4000,2870.6000,2870.8000,2871.0000,2871.4000,1,7,9,10,1,3,3,1,3,1
SF,IH2006,2020-06-17 14:41:19.700,2869.2000,17812,0,15255834960.000,0,-,-,-,-,2870.0000,2869.8000,2869.6000,2869.4000,2869.2000,2870.4000,2870.6000,2870.8000,2871.0000,2871.4000,1,1,5,6,10,1,3,1,3,1
SF,IH2006,2020-06-17 14:41:20.200,2869.2000,17812,0,15255834960.000,0,-,-,-,-,2870.0000,2869.8000,2869.6000,2869.4000,2869.2000,2870.4000,2870.6000,2870.8000,2871.0000,2871.4000,1,1,3,7,10,1,3,2,3,1
SF,IH2006,2020-06-17 14:41:20.700,2869.2000,17812,0,15255834960.000,0,-,-,-,-,2870.0000,2869.8000,2869.6000,2869.4000,2869.2000,2870.4000,2870.6000,2870.8000,2871.0000,2871.4000,1,1,2,7,10,1,3,2,3,1
SF,IH2006,2020-06-17 14:41:21.200,2869.2000,17812,0,15255834960.000,0,-,-,-,-,2870.0000,2869.8000,2869.6000,2869.4000,2869.2000,2870.4000,2870.6000,2870.8000,2871.0000,2871.4000,1,1,2,7,10,1,2,2,3,1
SF,IH2006,2020-06-17 14:41:21.700,2869.2000,17812,0,15255834960.000,0,-,-,-,-,2870.0000,2869.8000,2869.6000,2869.4000,2869.2000,2870.4000,2870.6000,2870.8000,2871.0000,2871.4000,1,1,2,8,10,1,2,2,3,1
SF,IH2006,2020-06-17 14:41:22.200,2869.2000,17812,0,15255834960.000,0,-,-,-,-,2870.0000,2869.8000,2869.6000,2869.4000,2869.2000,2870.4000,2870.6000,2870.8000,2871.0000,2871.4000,1,1,2,9,10,1,2,2,3,1
SF,IH2006,2020-06-17 14:41:22.700,2869.2000,17812,0,15255834960.000,0,-,-,-,-,2870.0000,2869.8000,2869.6000,2869.4000,2869.2000,2870.4000,2870.6000,2870.8000,2871.0000,2871.4000,1,1,2,9,11,2,2,2,3,2
SF,IH2006,2020-06-17 14:41:23.700,2869.2000,17812,0,15255834960.000,0,-,-,-,-,2870.0000,2869.8000,2869.6000,2869.4000,2869.2000,2870.4000,2870.6000,2870.8000,2871.0000,2871.4000,1,1,2,10,11,2,2,2,3,2
SF,IH2006,2020-06-17 14:41:24.200,2869.2000,17812,0,15255834960.000,0,-,-,-,-,2869.8000,2869.6000,2869.4000,2869.2000,2869.0000,2870.4000,2870.6000,2870.8000,2871.0000,2871.4000,1,2,10,11,1,2,2,2,3,1
SF,IH2006,2020-06-17 14:41:24.700,2869.2000,17812,0,15255834960.000,0,-,-,-,-,2869.8000,2869.6000,2869.4000,2869.2000,2869.0000,2870.4000,2870.6000,2870.8000,2871.0000,2871.4000,1,2,10,11,1,2,2,2,3,1
SF,IH2006,2020-06-17 14:41:25.700,2869.2000,17812,0,15255834960.000,0,-,-,-,-,2870.0000,2869.8000,2869.6000,2869.4000,2869.2000,2870.4000,2870.6000,2870.8000,2871.0000,2871.4000,1,1,2,10,12,2,2,2,3,1
SF,IH2006,2020-06-17 14:41:26.700,2869.2000,17812,0,15255834960.000,0,-,-,-,-,2870.0000,2869.8000,2869.6000,2869.4000,2869.2000,2870.4000,2870.6000,2870.8000,2871.0000,2871.4000,2,1,2,10,12,3,2,2,3,1
SF,IH2006,2020-06-17 14:41:27.200,2870.0000,17814,2,15257556960.000,2,2,0,双开,B,2869.8000,2869.6000,2869.4000,2869.2000,2869.0000,2870.0000,2870.4000,2870.6000,2870.8000,2871.0000,1,2,10,12,1,1,3,2,2,3
SF,IH2006,2020-06-17 14:41:27.700,2870.0000,17814,0,15257556960.000,0,-,-,-,-,2869.8000,2869.6000,2869.4000,2869.2000,2869.0000,2870.0000,2870.4000,2870.6000,2870.8000,2871.0000,1,2,7,12,1,1,3,1,2,3
SF,IH2006,2020-06-17 14:41:28.200,2870.0000,17814,0,15257556960.000,0,-,-,-,-,2869.8000,2869.6000,2869.4000,2869.2000,2869.0000,2870.0000,2870.4000,2870.6000,2870.8000,2871.0000,1,2,6,12,1,1,3,1,2,3
SF,IH2006,2020-06-17 14:41:28.700,2870.0000,17814,0,15257556960.000,0,-,-,-,-,2869.8000,2869.6000,2869.4000,2869.2000,2869.0000,2870.0000,2870.4000,2870.6000,2870.8000,2871.0000,1,2,6,11,1,1,3,1,2,3
SF,IH2006,2020-06-17 14:41:29.200,2870.0000,17814,0,15257556960.000,0,-,-,-,-,2869.6000,2869.4000,2869.2000,2869.0000,2868.8000,2870.0000,2870.4000,2870.6000,2870.8000,2871.0000,2,6,11,1,8,1,3,1,2,3
SF,IH2006,2020-06-17 14:41:29.700,2870.0000,17814,0,15257556960.000,0,-,-,-,-,2869.8000,2869.6000,2869.4000,2869.2000,2869.0000,2870.0000,2870.4000,2870.6000,2870.8000,2871.0000,1,2,6,11,1,1,3,1,2,3
SF,IH2006,2020-06-17 14:41:30.200,2870.0000,17814,0,15257556960.000,0,-,-,-,-,2869.8000,2869.6000,2869.4000,2869.2000,2869.0000,2870.0000,2870.4000,2870.6000,2870.8000,2871.0000,1,2,5,11,1,1,3,1,2,3
SF,IH2006,2020-06-17 14:41:31.200,2870.0000,17814,0,15257556960.000,0,-,-,-,-,2869.8000,2869.6000,2869.4000,2869.2000,2869.0000,2870.0000,2870.4000,2870.6000,2870.8000,2871.0000,1,2,5,11,1,1,3,1,2,3
SF,IH2006,2020-06-17 14:41:31.700,2870.0000,17814,0,15257556960.000,0,-,-,-,-,2869.8000,2869.6000,2869.4000,2869.2000,2869.0000,2870.0000,2870.2000,2870.4000,2870.6000,2870.8000,1,2,5,11,1,1,1,3,1,2
SF,IH2006,2020-06-17 14:41:32.700,2870.0000,17814,0,15257556960.000,0,-,-,-,-,2869.8000,2869.6000,2869.4000,2869.2000,2869.0000,2870.0000,2870.2000,2870.4000,2870.6000,2870.8000,1,2,5,11,1,1,1,3,1,2
SF,IH2006,2020-06-17 14:41:33.200,2870.0000,17814,0,15257556960.000,0,-,-,-,-,2869.8000,2869.6000,2869.4000,2869.2000,2869.0000,2870.0000,2870.2000,2870.4000,2870.6000,2870.8000,1,2,5,11,1,1,1,3,1,2
SF,IH2006,2020-06-17 14:41:33.700,2870.0000,17814,0,15257556960.000,0,-,-,-,-,2869.8000,2869.6000,2869.4000,2869.2000,2869.0000,2870.0000,2870.2000,2870.4000,2870.6000,2870.8000,1,2,5,11,1,2,1,3,1,2
SF,IH2006,2020-06-17 14:41:34.700,2870.0000,17814,0,15257556960.000,0,-,-,-,-,2869.8000,2869.6000,2869.4000,2869.2000,2869.0000,2870.0000,2870.2000,2870.4000,2870.6000,2870.8000,1,3,5,11,1,2,1,3,1,2
SF,IH2006,2020-06-17 14:41:35.200,2870.0000,17814,0,15257556960.000,0,-,-,-,-,2869.8000,2869.6000,2869.4000,2869.2000,2869.0000,2870.0000,2870.2000,2870.4000,2870.6000,2870.8000,1,3,5,11,1,1,1,3,1,2
SF,IH2006,2020-06-17 14:41:36.200,2870.0000,17814,0,15257556960.000,0,-,-,-,-,2869.8000,2869.6000,2869.4000,2869.2000,2869.0000,2870.0000,2870.2000,2870.4000,2870.6000,2870.8000,1,3,5,11,1,1,1,3,1,2
SF,IH2006,2020-06-17 14:41:37.200,2870.0000,17814,0,15257556960.000,0,-,-,-,-,2869.8000,2869.6000,2869.4000,2869.2000,2869.0000,2870.0000,2870.2000,2870.4000,2870.6000,2870.8000,1,4,5,11,1,1,1,3,1,2
SF,IH2006,2020-06-17 14:41:38.700,2870.0000,17814,0,15257556960.000,0,-,-,-,-,2869.8000,2869.6000,2869.4000,2869.2000,2869.0000,2870.0000,2870.2000,2870.4000,2870.6000,2870.8000,1,5,5,11,1,1,1,3,1,2
SF,IH2006,2020-06-17 14:41:40.700,2870.0000,17813,-1,15258417960.000,1,0,1,双平,B,2869.8000,2869.6000,2869.4000,2869.2000,2869.0000,2870.2000,2870.4000,2870.6000,2870.8000,2871.0000,1,5,5,11,1,1,3,1,2,3
SF,IH2006,2020-06-17 14:41:41.200,2870.0000,17813,0,15258417960.000,0,-,-,-,-,2870.0000,2869.8000,2869.6000,2869.4000,2869.2000,2870.2000,2870.4000,2870.6000,2870.8000,2871.0000,1,1,5,5,11,2,3,1,2,3
SF,IH2006,2020-06-17 14:41:42.200,2870.0000,17813,0,15258417960.000,0,-,-,-,-,2869.8000,2869.6000,2869.4000,2869.2000,2869.0000,2870.2000,2870.4000,2870.6000,2870.8000,2871.0000,1,5,5,11,1,2,3,1,2,3
SF,IH2006,2020-06-17 14:41:42.700,2869.8000,17813,0,15259278900.000,1,0,1,空换,B,2869.6000,2869.4000,2869.2000,2869.0000,2868.8000,2870.2000,2870.4000,2870.6000,2870.8000,2871.0000,5,5,11,1,9,2,3,1,2,3
SF,IH2006,2020-06-17 14:41:43.200,2869.8000,17813,0,15259278900.000,0,-,-,-,-,2869.6000,2869.4000,2869.2000,2869.0000,2868.8000,2870.2000,2870.4000,2870.6000,2870.8000,2871.0000,6,5,10,1,9,2,3,1,2,3
SF,IH2006,2020-06-17 14:41:44.200,2869.8000,17813,0,15259278900.000,0,-,-,-,-,2869.8000,2869.6000,2869.4000,2869.2000,2869.0000,2870.2000,2870.4000,2870.6000,2870.8000,2871.0000,1,6,5,10,1,2,3,1,2,3
SF,IH2006,2020-06-17 14:41:45.700,2869.8000,17813,0,15259278900.000,0,-,-,-,-,2869.8000,2869.6000,2869.4000,2869.2000,2869.0000,2870.2000,2870.4000,2870.6000,2870.8000,2871.0000,1,6,5,10,1,2,2,1,2,3
SF,IH2006,2020-06-17 14:41:46.700,2869.8000,17813,0,15259278900.000,0,-,-,-,-,2869.8000,2869.6000,2869.4000,2869.2000,2869.0000,2870.2000,2870.4000,2870.6000,2870.8000,2871.0000,1,6,5,10,1,2,2,1,2,3
SF,IH2006,2020-06-17 14:41:47.200,2869.8000,17813,0,15259278900.000,0,-,-,-,-,2869.8000,2869.6000,2869.4000,2869.2000,2869.0000,2870.2000,2870.4000,2870.6000,2870.8000,2871.0000,1,6,5,10,1,1,2,1,2,3
SF,IH2006,2020-06-17 14:41:50.700,2869.8000,17813,0,15259278900.000,0,-,-,-,-,2869.8000,2869.6000,2869.4000,2869.2000,2869.0000,2870.2000,2870.4000,2870.6000,2870.8000,2871.0000,2,6,5,10,1,1,2,1,2,3
SF,IH2006,2020-06-17 14:41:51.200,2869.8000,17813,0,15259278900.000,0,-,-,-,-,2869.8000,2869.6000,2869.4000,2869.2000,2869.0000,2870.2000,2870.4000,2870.6000,2870.8000,2871.0000,2,6,5,10,1,1,2,1,2,3
SF,IH2006,2020-06-17 14:41:52.700,2869.8000,17813,0,15259278900.000,0,-,-,-,-,2869.8000,2869.6000,2869.4000,2869.2000,2869.0000,2870.2000,2870.4000,2870.6000,2870.8000,2871.0000,2,6,5,10,1,2,2,1,2,3
SF,IH2006,2020-06-17 14:41:54.200,2869.8000,17813,0,15259278900.000,0,-,-,-,-,2869.8000,2869.6000,2869.4000,2869.2000,2869.0000,2870.2000,2870.4000,2870.6000,2870.8000,2871.0000,2,6,5,10,1,3,2,1,2,3
SF,IH2006,2020-06-17 14:41:56.700,2869.8000,17813,0,15259278900.000,0,-,-,-,-,2869.8000,2869.6000,2869.4000,2869.2000,2869.0000,2870.2000,2870.4000,2870.6000,2870.8000,2871.0000,2,6,5,10,2,3,2,1,2,3
SF,IH2006,2020-06-17 14:41:57.200,2869.8000,17813,0,15259278900.000,0,-,-,-,-,2869.8000,2869.6000,2869.4000,2869.2000,2869.0000,2870.2000,2870.4000,2870.6000,2870.8000,2871.0000,2,6,5,10,2,4,2,1,2,3
SF,IH2006,2020-06-17 14:41:59.200,2869.8000,17813,0,15260139840.000,1,0,1,空换,B,2869.8000,2869.6000,2869.4000,2869.2000,2869.0000,2870.2000,2870.4000,2870.6000,2870.8000,2871.0000,1,6,5,10,2,4,2,1,2,3
SF,IH2006,2020-06-17 14:41:59.700,2869.8000,17813,0,15261000780.000,1,0,1,空换,B,2869.6000,2869.4000,2869.2000,2869.0000,2868.8000,2870.2000,2870.4000,2870.6000,2870.8000,2871.0000,6,5,10,2,9,4,2,1,2,3
SF,IH2006,2020-06-17 14:42:00.200,2869.8000,17813,0,15261000780.000,0,-,-,-,-,2869.6000,2869.4000,2869.2000,2869.0000,2868.8000,2870.2000,2870.4000,2870.6000,2870.8000,2871.0000,6,4,10,2,9,4,2,1,2,3
SF,IH2006,2020-06-17 14:42:00.700,2869.6000,17814,1,15261861660.000,1,1,0,双开,B,2869.6000,2869.4000,2869.2000,2869.0000,2868.8000,2870.2000,2870.4000,2870.6000,2870.8000,2871.0000,5,3,10,2,9,4,2,1,2,3
SF,IH2006,2020-06-17 14:42:01.200,2869.6000,17815,1,15262722540.000,1,1,0,双开,B,2869.6000,2869.4000,2869.2000,2869.0000,2868.8000,2870.0000,2870.2000,2870.4000,2870.6000,2870.8000,3,3,10,2,6,2,4,2,1,2
SF,IH2006,2020-06-17 14:42:01.700,2869.4000,17818,3,15267026820.000,5,4,1,多开,B,2869.4000,2869.2000,2869.0000,2868.8000,2868.6000,2869.8000,2870.0000,2870.2000,2870.4000,2870.6000,1,10,2,6,2,3,2,4,2,1
SF,IH2006,2020-06-17 14:42:02.200,2869.4000,17818,0,15267026820.000,0,-,-,-,-,2869.4000,2869.2000,2869.0000,2868.8000,2868.6000,2869.8000,2870.0000,2870.2000,2870.4000,2870.6000,1,8,2,6,2,4,2,4,1,1
SF,IH2006,2020-06-17 14:42:03.700,2869.4000,17818,0,15267026820.000,0,-,-,-,-,2869.4000,2869.2000,2869.0000,2868.8000,2868.6000,2869.8000,2870.0000,2870.2000,2870.4000,2870.6000,1,7,2,6,2,4,2,4,1,1
SF,IH2006,2020-06-17 14:42:04.200,2869.4000,17818,0,15267887640.000,1,0,1,空换,B,2869.2000,2869.0000,2868.8000,2868.6000,2868.2000,2869.4000,2869.8000,2870.0000,2870.2000,2870.4000,7,2,6,2,3,3,4,2,4,1
SF,IH2006,2020-06-17 14:42:04.700,2869.4000,17818,0,15268748460.000,1,0,1,空换,B,2869.2000,2869.0000,2868.8000,2868.6000,2868.2000,2869.4000,2869.8000,2870.0000,2870.2000,2870.4000,7,2,6,2,3,2,4,2,4,1
SF,IH2006,2020-06-17 14:42:05.200,2869.4000,17818,0,15268748460.000,0,-,-,-,-,2869.2000,2869.0000,2868.8000,2868.6000,2868.2000,2869.4000,2869.8000,2870.0000,2870.2000,2870.4000,7,2,5,2,3,2,4,2,4,1
SF,IH2006,2020-06-17 14:42:06.200,2869.4000,17818,0,15268748460.000,0,-,-,-,-,2869.2000,2869.0000,2868.8000,2868.6000,2868.2000,2869.4000,2869.8000,2870.0000,2870.2000,2870.4000,7,2,5,2,2,2,4,2,4,1
SF,IH2006,2020-06-17 14:42:06.700,2869.4000,17818,0,15268748460.000,0,-,-,-,-,2869.2000,2869.0000,2868.8000,2868.6000,2868.2000,2869.4000,2869.8000,2870.0000,2870.2000,2870.4000,7,2,5,2,2,3,4,2,4,1
SF,IH2006,2020-06-17 14:42:07.200,2869.2000,17819,1,15269609220.000,1,1,0,双开,B,2869.2000,2869.0000,2868.8000,2868.6000,2868.2000,2869.4000,2869.8000,2870.0000,2870.2000,2870.4000,6,1,5,2,2,5,2,2,4,1
SF,IH2006,2020-06-17 14:42:07.700,2869.4000,17820,1,15270470040.000,1,1,0,双开,B,2869.2000,2869.0000,2868.8000,2868.6000,2868.2000,2869.4000,2869.8000,2870.0000,2870.2000,2870.4000,6,1,5,2,2,4,2,2,4,1
SF,IH2006,2020-06-17 14:42:08.200,2869.4000,17820,0,15270470040.000,0,-,-,-,-,2869.2000,2869.0000,2868.8000,2868.6000,2868.2000,2869.4000,2869.8000,2870.0000,2870.2000,2870.4000,5,1,5,2,2,4,2,2,4,1
SF,IH2006,2020-06-17 14:42:08.700,2869.4000,17820,0,15270470040.000,0,-,-,-,-,2869.2000,2869.0000,2868.8000,2868.6000,2868.2000,2869.4000,2869.8000,2870.0000,2870.2000,2870.4000,5,1,5,2,2,4,2,2,4,1
SF,IH2006,2020-06-17 14:42:10.200,2869.2000,17820,0,15271330800.000,1,0,1,空换,B,2869.2000,2869.0000,2868.8000,2868.6000,2868.2000,2869.4000,2869.8000,2870.0000,2870.2000,2870.4000,4,1,5,2,2,4,2,2,4,1
SF,IH2006,2020-06-17 14:42:11.700,2869.2000,17821,1,15272191560.000,1,1,0,双开,B,2869.2000,2869.0000,2868.8000,2868.6000,2868.2000,2869.4000,2869.8000,2870.0000,2870.2000,2870.4000,3,1,5,2,2,4,2,2,4,1
SF,IH2006,2020-06-17 14:42:12.200,2869.2000,17821,0,15272191560.000,0,-,-,-,-,2869.2000,2869.0000,2868.8000,2868.6000,2868.2000,2869.4000,2869.8000,2870.0000,2870.2000,2870.4000,3,1,6,2,2,4,2,2,4,1
SF,IH2006,2020-06-17 14:42:12.700,2869.4000,17822,1,15273052380.000,1,1,0,双开,B,2869.2000,2869.0000,2868.8000,2868.6000,2868.2000,2869.4000,2869.8000,2870.0000,2870.2000,2870.4000,3,1,6,2,2,3,2,2,4,1
SF,IH2006,2020-06-17 14:42:14.200,2869.4000,17822,0,15273052380.000,0,-,-,-,-,2869.2000,2869.0000,2868.8000,2868.6000,2868.2000,2869.4000,2869.8000,2870.0000,2870.2000,2870.4000,3,1,6,2,2,4,2,2,3,1
SF,IH2006,2020-06-17 14:42:15.700,2869.4000,17822,0,15273052380.000,0,-,-,-,-,2869.2000,2869.0000,2868.8000,2868.6000,2868.2000,2869.4000,2869.8000,2870.0000,2870.2000,2870.4000,3,1,5,2,2,4,2,2,3,1
SF,IH2006,2020-06-17 14:42:16.200,2869.4000,17822,0,15273052380.000,0,-,-,-,-,2869.2000,2869.0000,2868.8000,2868.6000,2868.2000,2869.4000,2869.8000,2870.0000,2870.2000,2870.4000,3,1,5,2,2,4,2,2,3,1
SF,IH2006,2020-06-17 14:42:17.200,2869.4000,17823,1,15273913200.000,1,1,0,双开,B,2869.2000,2869.0000,2868.8000,2868.6000,2868.2000,2869.4000,2869.8000,2870.0000,2870.2000,2870.4000,3,1,5,2,2,3,2,2,3,1
SF,IH2006,2020-06-17 14:42:17.700,2869.4000,17824,1,15274774020.000,1,1,0,双开,B,2869.2000,2869.0000,2868.8000,2868.6000,2868.2000,2869.4000,2869.8000,2870.0000,2870.2000,2870.4000,3,1,5,2,2,2,2,2,3,1
SF,IH2006,2020-06-17 14:42:18.200,2869.4000,17826,2,15276495660.000,2,2,0,双开,B,2869.2000,2869.0000,2868.8000,2868.6000,2868.2000,2869.8000,2870.0000,2870.2000,2870.4000,2870.6000,3,1,5,2,2,1,2,3,1,1
SF,IH2006,2020-06-17 14:42:19.200,2869.4000,17826,0,15276495660.000,0,-,-,-,-,2869.2000,2869.0000,2868.8000,2868.6000,2868.2000,2869.8000,2870.0000,2870.2000,2870.4000,2870.6000,3,1,5,3,2,2,2,3,1,1
SF,IH2006,2020-06-17 14:42:19.700,2869.6000,17827,1,15277356540.000,1,1,0,双开,B,2869.4000,2869.2000,2869.0000,2868.8000,2868.6000,2869.6000,2869.8000,2870.0000,2870.2000,2870.4000,1,3,1,5,3,2,2,2,3,1
SF,IH2006,2020-06-17 14:42:20.200,2869.6000,17828,1,15278217420.000,1,1,0,双开,B,2869.4000,2869.2000,2869.0000,2868.8000,2868.6000,2869.6000,2869.8000,2870.0000,2870.2000,2870.4000,2,3,2,5,3,3,2,1,3,1
SF,IH2006,2020-06-17 14:42:25.200,2869.4000,17829,1,15279078240.000,1,1,0,双开,B,2869.4000,2869.2000,2869.0000,2868.8000,2868.6000,2869.6000,2869.8000,2870.0000,2870.2000,2870.4000,1,3,2,5,3,3,2,1,3,1
SF,IH2006,2020-06-17 14:42:25.700,2869.4000,17830,1,15279939060.000,1,1,0,双开,B,2869.2000,2869.0000,2868.8000,2868.6000,2868.2000,2869.4000,2869.6000,2869.8000,2870.0000,2870.2000,3,2,5,3,2,1,2,2,1,3
SF,IH2006,2020-06-17 14:42:26.200,2869.2000,17831,1,15280799820.000,1,1,0,双开,B,2869.2000,2869.0000,2868.8000,2868.6000,2868.2000,2869.4000,2869.6000,2869.8000,2870.0000,2870.2000,2,2,5,3,2,1,2,2,1,3
SF,IH2006,2020-06-17 14:42:26.700,2869.2000,17833,2,15282521340.000,2,2,0,双开,B,2869.0000,2868.8000,2868.6000,2868.2000,2868.0000,2869.2000,2869.4000,2869.6000,2869.8000,2870.0000,2,5,3,2,1,1,1,1,2,1
SF,IH2006,2020-06-17 14:42:27.200,2869.2000,17834,1,15283382100.000,1,1,0,双开,B,2869.0000,2868.8000,2868.6000,2868.2000,2868.0000,2869.4000,2869.6000,2869.8000,2870.0000,2870.2000,2,5,3,2,1,1,1,2,1,2
SF,IH2006,2020-06-17 14:42:29.700,2869.0000,17835,1,15285103500.000,2,1,1,多开,B,2868.8000,2868.6000,2868.2000,2868.0000,2867.8000,2869.4000,2869.6000,2869.8000,2870.0000,2870.2000,5,3,2,1,2,1,1,2,1,2
SF,IH2006,2020-06-17 14:42:30.200,2869.0000,17835,0,15285103500.000,0,-,-,-,-,2868.8000,2868.6000,2868.2000,2868.0000,2867.8000,2869.4000,2869.6000,2869.8000,2870.0000,2870.2000,5,3,2,1,2,2,1,2,1,1
SF,IH2006,2020-06-17 14:42:30.700,2869.0000,17835,0,15285103500.000,0,-,-,-,-,2868.8000,2868.6000,2868.2000,2868.0000,2867.8000,2869.2000,2869.4000,2869.6000,2869.8000,2870.0000,5,3,2,1,2,1,2,1,2,1
SF,IH2006,2020-06-17 14:42:31.200,2869.2000,17836,1,15285964260.000,1,1,0,双开,B,2868.8000,2868.6000,2868.2000,2868.0000,2867.8000,2869.4000,2869.6000,2869.8000,2870.0000,2870.2000,5,3,2,1,2,2,1,2,1,1
SF,IH2006,2020-06-17 14:42:31.700,2869.2000,17836,0,15285964260.000,0,-,-,-,-,2868.8000,2868.6000,2868.2000,2868.0000,2867.8000,2869.4000,2869.6000,2869.8000,2870.0000,2870.2000,6,3,2,1,2,2,1,2,1,1
SF,IH2006,2020-06-17 14:42:34.200,2869.2000,17836,0,15285964260.000,0,-,-,-,-,2869.0000,2868.8000,2868.6000,2868.2000,2868.0000,2869.4000,2869.6000,2869.8000,2870.0000,2870.2000,3,6,3,2,1,3,1,2,1,1
SF,IH2006,2020-06-17 14:42:35.200,2869.2000,17836,0,15285964260.000,0,-,-,-,-,2869.0000,2868.8000,2868.6000,2868.2000,2868.0000,2869.2000,2869.4000,2869.6000,2869.8000,2870.0000,3,6,3,2,1,1,3,1,2,1
SF,IH2006,2020-06-17 14:42:35.700,2869.2000,17837,1,15287685780.000,2,1,1,多开,B,2869.2000,2869.0000,2868.8000,2868.6000,2868.2000,2869.4000,2869.6000,2869.8000,2870.0000,2870.2000,2,3,6,3,2,3,1,2,1,1
SF,IH2006,2020-06-17 14:42:36.200,2869.2000,17837,0,15287685780.000,0,-,-,-,-,2869.2000,2869.0000,2868.8000,2868.6000,2868.2000,2869.4000,2869.6000,2869.8000,2870.0000,2870.2000,2,3,6,3,2,1,1,2,1,1
SF,IH2006,2020-06-17 14:42:36.700,2869.2000,17837,0,15287685780.000,0,-,-,-,-,2869.2000,2869.0000,2868.8000,2868.6000,2868.2000,2869.4000,2869.6000,2869.8000,2870.0000,2870.2000,2,3,6,3,2,1,1,2,1,1
SF,IH2006,2020-06-17 14:42:37.700,2869.4000,17838,1,15288546600.000,1,1,0,双开,B,2869.2000,2869.0000,2868.8000,2868.6000,2868.2000,2869.6000,2869.8000,2870.0000,2870.2000,2870.4000,2,3,6,3,2,1,1,1,1,1
SF,IH2006,2020-06-17 14:42:38.200,2869.4000,17838,0,15288546600.000,0,-,-,-,-,2869.2000,2869.0000,2868.8000,2868.6000,2868.2000,2869.6000,2869.8000,2870.0000,2870.2000,2870.4000,3,3,6,3,2,1,1,1,1,1
SF,IH2006,2020-06-17 14:42:38.700,2869.4000,17838,0,15288546600.000,0,-,-,-,-,2869.2000,2869.0000,2868.8000,2868.6000,2868.2000,2869.6000,2869.8000,2870.0000,2870.2000,2870.6000,3,3,6,3,2,1,1,1,1,2
SF,IH2006,2020-06-17 14:42:43.200,2869.4000,17838,0,15288546600.000,0,-,-,-,-,2869.2000,2869.0000,2868.8000,2868.6000,2868.2000,2869.6000,2869.8000,2870.0000,2870.2000,2870.6000,3,3,6,4,2,1,1,1,1,2
SF,IH2006,2020-06-17 14:42:43.700,2869.4000,17838,0,15288546600.000,0,-,-,-,-,2869.2000,2869.0000,2868.8000,2868.6000,2868.2000,2869.4000,2869.6000,2869.8000,2870.0000,2870.2000,3,3,6,4,2,1,1,1,1,1
SF,IH2006,2020-06-17 14:42:45.200,2869.4000,17838,0,15288546600.000,0,-,-,-,-,2869.2000,2869.0000,2868.8000,2868.6000,2868.2000,2869.4000,2869.6000,2869.8000,2870.0000,2870.2000,1,3,6,4,2,1,1,1,1,1
SF,IH2006,2020-06-17 14:42:45.700,2869.2000,17839,1,15289407360.000,1,1,0,双开,B,2869.0000,2868.8000,2868.6000,2868.2000,2868.0000,2869.4000,2869.6000,2869.8000,2870.0000,2870.2000,3,6,4,2,2,1,1,1,1,1
SF,IH2006,2020-06-17 14:42:50.200,2869.4000,17839,0,15290268180.000,1,0,1,空换,B,2869.0000,2868.8000,2868.6000,2868.2000,2868.0000,2869.6000,2869.8000,2870.0000,2870.2000,2870.6000,3,6,4,2,2,1,1,1,1,2
SF,IH2006,2020-06-17 14:42:50.700,2869.6000,17839,0,15291129060.000,1,0,1,空换,B,2869.2000,2869.0000,2868.8000,2868.6000,2868.2000,2869.8000,2870.0000,2870.2000,2870.6000,2870.8000,1,3,6,4,2,1,1,1,2,3
SF,IH2006,2020-06-17 14:42:51.700,2869.8000,17839,0,15291990000.000,1,0,1,空换,B,2869.8000,2869.2000,2869.0000,2868.8000,2868.6000,2870.0000,2870.2000,2870.6000,2870.8000,2871.0000,6,1,3,6,4,1,1,2,3,2
SF,IH2006,2020-06-17 14:42:52.200,2869.8000,17839,0,15291990000.000,0,-,-,-,-,2869.8000,2869.2000,2869.0000,2868.8000,2868.6000,2870.2000,2870.4000,2870.6000,2870.8000,2871.0000,6,1,3,6,4,1,1,2,3,2
SF,IH2006,2020-06-17 14:42:52.700,2869.8000,17839,0,15291990000.000,0,-,-,-,-,2869.8000,2869.2000,2869.0000,2868.8000,2868.6000,2870.0000,2870.2000,2870.4000,2870.6000,2870.8000,6,1,3,6,4,1,2,1,2,3
SF,IH2006,2020-06-17 14:42:54.700,2869.8000,17840,1,15292850940.000,1,1,0,双开,B,2869.8000,2869.2000,2869.0000,2868.8000,2868.6000,2870.0000,2870.2000,2870.4000,2870.6000,2870.8000,5,1,3,6,4,1,2,1,2,3
SF,IH2006,2020-06-17 14:42:55.200,2869.8000,17840,0,15292850940.000,0,-,-,-,-,2869.8000,2869.2000,2869.0000,2868.8000,2868.6000,2870.0000,2870.2000,2870.4000,2870.6000,2870.8000,5,1,3,6,4,1,2,1,1,3
SF,IH2006,2020-06-17 14:42:55.700,2869.8000,17841,1,15293711880.000,1,1,0,双开,B,2869.8000,2869.0000,2868.8000,2868.6000,2868.2000,2870.0000,2870.2000,2870.4000,2870.6000,2870.8000,4,3,6,4,2,1,2,1,1,3
SF,IH2006,2020-06-17 14:42:58.700,2869.8000,17841,0,15293711880.000,0,-,-,-,-,2869.8000,2869.0000,2868.8000,2868.6000,2868.2000,2870.0000,2870.2000,2870.4000,2870.6000,2870.8000,4,3,6,4,2,1,2,1,1,3
SF,IH2006,2020-06-17 14:42:59.200,2869.8000,17841,0,15293711880.000,0,-,-,-,-,2869.8000,2869.0000,2868.8000,2868.6000,2868.2000,2870.0000,2870.2000,2870.4000,2870.6000,2870.8000,4,3,6,4,2,1,2,1,1,3
SF,IH2006,2020-06-17 14:43:02.700,2869.8000,17841,0,15293711880.000,0,-,-,-,-,2869.8000,2869.0000,2868.8000,2868.6000,2868.2000,2870.0000,2870.2000,2870.4000,2870.6000,2870.8000,4,3,6,4,2,1,3,1,1,3
SF,IH2006,2020-06-17 14:43:03.200,2869.8000,17842,1,15294572820.000,1,1,0,双开,B,2869.8000,2869.0000,2868.8000,2868.6000,2868.2000,2870.0000,2870.2000,2870.4000,2870.6000,2870.8000,5,3,6,4,2,1,3,1,1,3
SF,IH2006,2020-06-17 14:43:03.700,2870.0000,17842,0,15295433820.000,1,0,1,空换,B,2869.8000,2869.0000,2868.8000,2868.6000,2868.2000,2870.2000,2870.4000,2870.6000,2870.8000,2871.0000,5,3,6,4,2,3,1,1,3,3
SF,IH2006,2020-06-17 14:43:04.200,2870.0000,17842,0,15295433820.000,0,-,-,-,-,2870.0000,2869.8000,2869.0000,2868.8000,2868.6000,2870.2000,2870.6000,2870.8000,2871.0000,2871.4000,1,6,3,6,4,2,1,3,3,1
SF,IH2006,2020-06-17 14:43:04.700,2870.2000,17843,1,15296294880.000,1,1,0,双开,B,2870.0000,2869.8000,2869.0000,2868.8000,2868.6000,2870.2000,2870.6000,2870.8000,2871.0000,2871.4000,1,7,3,6,4,1,1,3,3,1
SF,IH2006,2020-06-17 14:43:05.200,2870.2000,17844,1,15297155940.000,1,1,0,双开,B,2870.2000,2870.0000,2869.8000,2869.0000,2868.8000,2870.8000,2871.0000,2871.4000,2871.6000,2871.8000,1,2,7,3,6,3,3,1,9,1
SF,IH2006,2020-06-17 14:43:05.700,2870.2000,17844,0,15297155940.000,0,-,-,-,-,2870.4000,2870.2000,2870.0000,2869.8000,2869.0000,2870.6000,2870.8000,2871.0000,2871.4000,2871.6000,1,1,1,7,3,2,3,3,1,9
SF,IH2006,2020-06-17 14:43:06.200,2870.4000,17844,0,15298017060.000,1,0,1,空换,B,2870.2000,2870.0000,2869.8000,2869.0000,2868.8000,2870.4000,2870.6000,2870.8000,2871.0000,2871.4000,1,1,7,3,6,1,2,3,3,1
SF,IH2006,2020-06-17 14:43:06.700,2870.4000,17844,0,15298017060.000,0,-,-,-,-,2870.2000,2870.0000,2869.8000,2869.0000,2868.8000,2870.6000,2870.8000,2871.0000,2871.4000,2871.6000,1,1,7,3,6,2,3,2,1,9
SF,IH2006,2020-06-17 14:43:08.700,2870.4000,17844,0,15298017060.000,0,-,-,-,-,2870.2000,2870.0000,2869.8000,2869.0000,2868.8000,2870.6000,2870.8000,2871.0000,2871.4000,2871.6000,1,1,7,3,5,2,3,2,1,9
SF,IH2006,2020-06-17 14:43:09.200,2870.4000,17844,0,15298017060.000,0,-,-,-,-,2870.2000,2870.0000,2869.8000,2869.0000,2868.8000,2870.6000,2870.8000,2871.0000,2871.4000,2871.6000,1,1,7,3,5,1,3,2,1,9
SF,IH2006,2020-06-17 14:43:09.700,2870.4000,17844,0,15298017060.000,0,-,-,-,-,2870.2000,2870.0000,2869.8000,2869.0000,2868.8000,2870.6000,2870.8000,2871.0000,2871.4000,2871.6000,6,1,7,3,5,1,3,2,1,9
SF,IH2006,2020-06-17 14:43:10.200,2870.4000,17844,0,15298017060.000,0,-,-,-,-,2870.4000,2870.2000,2870.0000,2869.8000,2869.0000,2870.6000,2870.8000,2871.0000,2871.4000,2871.6000,2,7,1,7,3,1,3,2,1,9
SF,IH2006,2020-06-17 14:43:10.700,2870.4000,17844,0,15298017060.000,0,-,-,-,-,2870.4000,2870.2000,2870.0000,2869.8000,2869.0000,2870.8000,2871.0000,2871.4000,2871.6000,2871.8000,2,7,1,7,3,3,2,1,9,1
SF,IH2006,2020-06-17 14:43:11.200,2870.4000,17844,0,15298017060.000,0,-,-,-,-,2870.4000,2870.2000,2870.0000,2869.8000,2869.0000,2870.8000,2871.0000,2871.4000,2871.6000,2871.8000,3,7,1,6,3,3,2,1,9,1
SF,IH2006,2020-06-17 14:43:11.700,2870.4000,17844,0,15298017060.000,0,-,-,-,-,2870.6000,2870.4000,2870.2000,2870.0000,2869.8000,2870.8000,2871.0000,2871.4000,2871.6000,2871.8000,1,4,7,1,6,3,2,1,9,1
SF,IH2006,2020-06-17 14:43:12.200,2870.4000,17844,0,15298017060.000,0,-,-,-,-,2870.6000,2870.4000,2870.2000,2870.0000,2869.8000,2870.8000,2871.0000,2871.4000,2871.6000,2871.8000,2,4,7,1,3,3,2,1,9,1
SF,IH2006,2020-06-17 14:43:12.700,2870.8000,17845,1,15298878300.000,1,1,0,双开,B,2870.6000,2870.4000,2870.2000,2870.0000,2869.8000,2870.8000,2871.0000,2871.4000,2871.6000,2871.8000,2,2,6,1,3,2,2,1,9,1
SF,IH2006,2020-06-17 14:43:13.200,2870.8000,17847,2,15300600780.000,2,2,0,双开,B,2870.6000,2870.4000,2870.2000,2870.0000,2869.8000,2871.0000,2871.4000,2871.6000,2871.8000,2872.0000,2,2,6,1,1,2,1,9,1,2
SF,IH2006,2020-06-17 14:43:13.700,2870.8000,17847,0,15300600780.000,0,-,-,-,-,2870.6000,2870.4000,2870.2000,2869.8000,2869.0000,2871.0000,2871.4000,2871.6000,2871.8000,2872.0000,5,2,6,1,3,2,1,9,1,2
SF,IH2006,2020-06-17 14:43:14.200,2870.8000,17847,0,15300600780.000,0,-,-,-,-,2870.6000,2870.4000,2870.2000,2869.8000,2869.0000,2871.0000,2871.4000,2871.6000,2871.8000,2872.0000,5,2,6,1,3,1,1,9,1,2
SF,IH2006,2020-06-17 14:43:14.700,2871.0000,17848,1,15301462080.000,1,1,0,双开,B,2870.6000,2870.4000,2870.2000,2869.8000,2869.0000,2871.4000,2871.6000,2871.8000,2872.0000,2872.4000,5,2,6,1,3,1,9,1,2,1
SF,IH2006,2020-06-17 14:43:15.200,2871.2000,17848,0,15302323440.000,1,0,1,空换,B,2870.8000,2870.6000,2870.4000,2870.2000,2869.8000,2871.2000,2871.4000,2871.6000,2871.8000,2872.0000,1,5,2,6,1,1,8,9,1,2
SF,IH2006,2020-06-17 14:43:15.700,2870.8000,17849,1,15303184680.000,1,1,0,双开,B,2870.6000,2870.4000,2870.2000,2869.8000,2869.0000,2871.2000,2871.4000,2871.6000,2871.8000,2872.0000,5,2,6,1,3,1,8,9,1,2
SF,IH2006,2020-06-17 14:43:16.200,2870.8000,17850,1,15304045920.000,1,1,0,双开,B,2870.6000,2870.4000,2870.2000,2869.8000,2869.0000,2870.8000,2871.2000,2871.4000,2871.6000,2871.8000,5,2,6,1,3,4,5,2,9,1
SF,IH2006,2020-06-17 14:43:16.700,2870.6000,17852,2,15305768280.000,2,2,0,双开,B,2870.6000,2870.4000,2870.2000,2869.8000,2869.0000,2870.8000,2871.2000,2871.4000,2871.6000,2871.8000,2,2,6,1,3,4,5,2,9,1
SF,IH2006,2020-06-17 14:43:17.200,2870.6000,17854,2,15307490640.000,2,2,0,双开,B,2870.4000,2870.2000,2869.8000,2869.0000,2868.6000,2870.8000,2871.2000,2871.4000,2871.6000,2871.8000,2,6,1,3,4,4,4,2,9,1
SF,IH2006,2020-06-17 14:43:17.700,2870.6000,17854,0,15307490640.000,0,-,-,-,-,2870.8000,2870.4000,2870.2000,2869.8000,2869.0000,2871.2000,2871.4000,2871.6000,2871.8000,2872.0000,3,2,6,1,3,1,2,9,1,2
SF,IH2006,2020-06-17 14:43:18.200,2870.6000,17854,0,15307490640.000,0,-,-,-,-,2870.8000,2870.4000,2870.2000,2869.8000,2869.0000,2871.2000,2871.4000,2871.6000,2871.8000,2872.0000,3,2,6,1,3,2,2,9,1,2
SF,IH2006,2020-06-17 14:43:18.700,2870.6000,17854,0,15307490640.000,0,-,-,-,-,2870.8000,2870.4000,2870.2000,2869.8000,2869.0000,2871.0000,2871.2000,2871.4000,2871.6000,2871.8000,3,2,6,1,3,1,2,2,9,1
SF,IH2006,2020-06-17 14:43:19.200,2870.6000,17854,0,15307490640.000,0,-,-,-,-,2870.8000,2870.4000,2870.2000,2869.8000,2869.0000,2871.0000,2871.2000,2871.4000,2871.6000,2871.8000,3,1,6,1,3,1,2,2,9,1
SF,IH2006,2020-06-17 14:43:21.200,2870.6000,17854,0,15307490640.000,0,-,-,-,-,2870.8000,2870.4000,2870.2000,2869.8000,2869.0000,2871.0000,2871.2000,2871.4000,2871.6000,2871.8000,3,1,6,1,3,2,2,2,9,1
SF,IH2006,2020-06-17 14:43:21.700,2870.6000,17854,0,15307490640.000,0,-,-,-,-,2870.8000,2870.4000,2870.2000,2869.8000,2869.0000,2871.0000,2871.2000,2871.4000,2871.6000,2871.8000,3,1,6,1,3,1,2,2,9,1
SF,IH2006,2020-06-17 14:43:23.700,2870.6000,17854,0,15307490640.000,0,-,-,-,-,2870.8000,2870.4000,2870.2000,2869.8000,2869.0000,2871.0000,2871.2000,2871.4000,2871.6000,2871.8000,3,1,6,1,3,1,2,2,9,1
SF,IH2006,2020-06-17 14:43:24.700,2870.6000,17854,0,15307490640.000,0,-,-,-,-,2870.8000,2870.4000,2870.2000,2869.8000,2869.0000,2871.0000,2871.2000,2871.4000,2871.6000,2871.8000,3,1,6,1,3,1,2,2,9,1
SF,IH2006,2020-06-17 14:43:26.200,2870.8000,17856,2,15309213120.000,2,2,0,双开,B,2870.8000,2870.4000,2870.2000,2869.8000,2869.0000,2871.0000,2871.2000,2871.4000,2871.6000,2871.8000,1,1,6,1,3,1,2,2,9,1
SF,IH2006,2020-06-17 14:43:28.700,2871.0000,17857,1,15310074420.000,1,1,0,双开,B,2870.8000,2870.4000,2870.2000,2869.8000,2869.0000,2871.2000,2871.4000,2871.6000,2871.8000,2872.0000,1,1,6,1,3,2,2,9,1,2
SF,IH2006,2020-06-17 14:43:30.700,2871.0000,17857,0,15310074420.000,0,-,-,-,-,2871.0000,2870.8000,2870.4000,2870.2000,2869.0000,2871.2000,2871.4000,2871.6000,2871.8000,2872.0000,1,1,1,6,3,2,2,9,1,2
SF,IH2006,2020-06-17 14:43:31.200,2870.8000,17856,-1,15312658320.000,3,1,2,空平,B,2870.4000,2870.2000,2869.0000,2868.8000,2868.6000,2870.8000,2871.2000,2871.4000,2871.6000,2871.8000,1,6,3,1,3,3,1,2,9,1
SF,IH2006,2020-06-17 14:43:31.700,2870.8000,17855,-1,15315242040.000,3,1,2,空平,B,2870.8000,2870.4000,2870.2000,2869.0000,2868.8000,2871.2000,2871.4000,2871.6000,2871.8000,2872.0000,5,1,6,3,1,1,2,9,2,2
SF,IH2006,2020-06-17 14:43:32.200,2870.8000,17855,0,15315242040.000,0,-,-,-,-,2870.8000,2870.4000,2870.2000,2869.0000,2868.8000,2871.2000,2871.4000,2871.6000,2871.8000,2872.0000,2,1,6,3,1,1,2,9,2,2
SF,IH2006,2020-06-17 14:43:32.700,2870.8000,17855,0,15315242040.000,0,-,-,-,-,2870.8000,2870.4000,2870.2000,2869.0000,2868.8000,2871.2000,2871.4000,2871.6000,2871.8000,2872.0000,2,1,6,3,1,1,2,9,2,2
SF,IH2006,2020-06-17 14:43:33.200,2870.8000,17855,0,15315242040.000,0,-,-,-,-,2871.0000,2870.8000,2870.4000,2870.2000,2869.0000,2871.2000,2871.4000,2871.6000,2871.8000,2872.0000,1,3,1,6,3,1,2,9,2,2
SF,IH2006,2020-06-17 14:43:33.700,2871.0000,17856,1,15316103340.000,1,1,0,双开,B,2871.0000,2870.8000,2870.4000,2870.2000,2869.0000,2871.2000,2871.4000,2871.6000,2871.8000,2872.0000,1,3,1,6,3,1,2,9,2,2
SF,IH2006,2020-06-17 14:43:34.200,2871.0000,17857,1,15316964640.000,1,1,0,双开,B,2870.8000,2870.4000,2870.2000,2869.0000,2868.8000,2871.2000,2871.4000,2871.6000,2871.8000,2872.0000,3,1,6,3,1,1,2,9,2,2
SF,IH2006,2020-06-17 14:43:35.200,2871.0000,17857,0,15316964640.000,0,-,-,-,-,2870.8000,2870.4000,2870.2000,2869.0000,2868.8000,2871.2000,2871.4000,2871.6000,2871.8000,2872.0000,3,1,6,3,1,2,2,9,2,2
SF,IH2006,2020-06-17 14:43:35.700,2870.8000,17858,1,15317825880.000,1,1,0,双开,B,2870.8000,2870.4000,2870.2000,2869.0000,2868.8000,2871.2000,2871.4000,2871.6000,2871.8000,2872.0000,2,1,6,3,1,2,2,9,2,2
SF,IH2006,2020-06-17 14:43:36.200,2870.8000,17858,0,15317825880.000,0,-,-,-,-,2870.8000,2870.4000,2870.2000,2869.0000,2868.8000,2871.2000,2871.4000,2871.6000,2871.8000,2872.0000,1,1,6,3,1,2,2,9,2,2
SF,IH2006,2020-06-17 14:43:36.700,2870.8000,17859,1,15318687120.000,1,1,0,双开,B,2870.4000,2870.2000,2869.0000,2868.8000,2868.6000,2870.6000,2871.2000,2871.4000,2871.6000,2871.8000,1,6,3,1,3,1,2,2,9,2
SF,IH2006,2020-06-17 14:43:37.200,2870.6000,17860,1,15319548300.000,1,1,0,双开,B,2870.6000,2870.4000,2870.2000,2869.0000,2868.8000,2871.2000,2871.4000,2871.6000,2871.8000,2872.0000,7,1,5,3,1,2,2,9,2,2
SF,IH2006,2020-06-17 14:43:37.700,2870.6000,17860,0,15319548300.000,0,-,-,-,-,2870.6000,2870.4000,2870.2000,2869.4000,2869.0000,2871.2000,2871.4000,2871.6000,2871.8000,2872.0000,2,1,5,3,3,2,2,9,2,2
SF,IH2006,2020-06-17 14:43:38.200,2870.6000,17860,0,15319548300.000,0,-,-,-,-,2870.8000,2870.6000,2870.4000,2870.2000,2869.4000,2871.2000,2871.4000,2871.6000,2871.8000,2872.0000,1,2,1,5,3,2,2,9,2,2
SF,IH2006,2020-06-17 14:43:38.700,2870.6000,17860,0,15319548300.000,0,-,-,-,-,2870.8000,2870.6000,2870.4000,2870.2000,2869.4000,2871.2000,2871.4000,2871.6000,2871.8000,2872.0000,1,2,1,5,3,2,2,9,2,2
SF,IH2006,2020-06-17 14:43:39.700,2870.6000,17860,0,15319548300.000,0,-,-,-,-,2870.8000,2870.6000,2870.4000,2870.2000,2869.8000,2871.2000,2871.4000,2871.6000,2871.8000,2872.0000,1,2,1,5,1,2,2,9,2,2
SF,IH2006,2020-06-17 14:43:41.200,2870.6000,17860,0,15319548300.000,0,-,-,-,-,2870.8000,2870.6000,2870.4000,2870.2000,2869.8000,2871.2000,2871.4000,2871.6000,2871.8000,2872.0000,1,2,2,5,1,2,2,9,2,2
SF,IH2006,2020-06-17 14:43:41.700,2870.6000,17860,0,15319548300.000,0,-,-,-,-,2870.8000,2870.6000,2870.4000,2870.2000,2869.8000,2871.4000,2871.6000,2871.8000,2872.0000,2872.2000,1,2,2,5,1,2,9,2,2,2
SF,IH2006,2020-06-17 14:43:42.200,2870.6000,17860,0,15319548300.000,0,-,-,-,-,2870.8000,2870.6000,2870.4000,2869.8000,2869.4000,2871.4000,2871.6000,2871.8000,2872.0000,2872.2000,1,2,2,1,3,2,9,2,2,2
SF,IH2006,2020-06-17 14:43:42.700,2870.6000,17860,0,15319548300.000,0,-,-,-,-,2870.8000,2870.6000,2870.4000,2869.8000,2869.4000,2871.4000,2871.6000,2871.8000,2872.0000,2872.2000,1,2,2,1,3,2,9,2,2,2
SF,IH2006,2020-06-17 14:43:45.200,2870.6000,17861,1,15322131840.000,3,2,1,多开,B,2870.4000,2869.8000,2869.4000,2868.8000,2868.6000,2871.4000,2871.6000,2871.8000,2872.0000,2872.2000,2,1,3,1,3,2,9,2,2,2
SF,IH2006,2020-06-17 14:43:45.700,2870.6000,17861,0,15322131840.000,0,-,-,-,-,2870.6000,2870.4000,2869.8000,2869.4000,2868.8000,2871.2000,2871.4000,2871.6000,2871.8000,2872.0000,1,2,1,3,1,5,4,9,2,2
SF,IH2006,2020-06-17 14:43:46.200,2870.6000,17861,0,15322131840.000,0,-,-,-,-,2870.6000,2870.4000,2869.8000,2869.4000,2868.8000,2871.2000,2871.4000,2871.6000,2871.8000,2872.0000,2,7,1,3,1,4,4,9,2,2
SF,IH2006,2020-06-17 14:43:46.700,2870.6000,17861,0,15322131840.000,0,-,-,-,-,2870.6000,2870.4000,2869.8000,2869.4000,2868.8000,2871.2000,2871.4000,2871.6000,2871.8000,2872.0000,1,7,1,3,1,4,2,9,2,2
SF,IH2006,2020-06-17 14:43:47.200,2870.6000,17861,0,15322131840.000,0,-,-,-,-,2870.6000,2870.4000,2869.8000,2869.4000,2868.8000,2871.2000,2871.4000,2871.6000,2871.8000,2872.0000,1,7,1,3,1,4,2,9,2,12
SF,IH2006,2020-06-17 14:43:47.700,2870.6000,17861,0,15322131840.000,0,-,-,-,-,2870.6000,2870.4000,2869.8000,2869.4000,2868.8000,2871.0000,2871.2000,2871.4000,2871.6000,2871.8000,1,7,1,3,1,1,4,2,9,2
SF,IH2006,2020-06-17 14:43:48.200,2870.6000,17861,0,15322131840.000,0,-,-,-,-,2870.6000,2870.4000,2869.8000,2869.4000,2868.8000,2871.0000,2871.2000,2871.4000,2871.6000,2871.8000,1,7,1,3,1,1,4,2,9,2
SF,IH2006,2020-06-17 14:43:48.700,2870.6000,17861,0,15322131840.000,0,-,-,-,-,2870.6000,2870.4000,2869.8000,2869.4000,2868.8000,2871.0000,2871.2000,2871.4000,2871.6000,2871.8000,1,7,1,3,1,1,4,2,9,2
SF,IH2006,2020-06-17 14:43:49.200,2870.6000,17861,0,15322131840.000,0,-,-,-,-,2870.6000,2870.4000,2869.8000,2869.4000,2868.8000,2871.0000,2871.2000,2871.4000,2871.6000,2871.8000,1,7,1,3,2,1,4,2,9,2
SF,IH2006,2020-06-17 14:43:50.200,2870.6000,17861,0,15322131840.000,0,-,-,-,-,2870.6000,2870.4000,2869.8000,2869.4000,2868.8000,2871.0000,2871.2000,2871.4000,2871.6000,2871.8000,1,7,1,3,2,1,4,2,9,2
SF,IH2006,2020-06-17 14:43:50.700,2870.6000,17861,0,15322131840.000,0,-,-,-,-,2870.6000,2870.4000,2869.8000,2869.4000,2868.8000,2871.0000,2871.2000,2871.4000,2871.6000,2871.8000,1,7,1,3,2,1,3,2,9,2
SF,IH2006,2020-06-17 14:43:53.700,2871.0000,17861,0,15322993140.000,1,0,1,空换,B,2870.6000,2870.4000,2869.8000,2869.4000,2868.8000,2871.2000,2871.4000,2871.6000,2871.8000,2872.0000,1,7,1,3,2,3,2,9,2,12
SF,IH2006,2020-06-17 14:43:54.200,2871.0000,17861,0,15322993140.000,0,-,-,-,-,2870.6000,2870.4000,2869.8000,2869.4000,2869.2000,2871.2000,2871.4000,2871.6000,2871.8000,2872.0000,2,7,1,3,1,2,2,9,1,12
SF,IH2006,2020-06-17 14:43:54.700,2871.0000,17861,0,15322993140.000,0,-,-,-,-,2870.6000,2870.4000,2869.8000,2869.4000,2869.2000,2871.2000,2871.4000,2871.6000,2871.8000,2872.0000,2,7,1,3,1,2,2,9,1,12
SF,IH2006,2020-06-17 14:43:55.700,2871.0000,17861,0,15322993140.000,0,-,-,-,-,2870.6000,2870.4000,2869.8000,2869.4000,2869.2000,2871.4000,2871.6000,2871.8000,2872.0000,2872.2000,2,7,1,3,1,2,9,1,12,2
SF,IH2006,2020-06-17 14:43:56.200,2871.0000,17861,0,15322993140.000,0,-,-,-,-,2870.6000,2870.4000,2869.8000,2869.4000,2869.2000,2871.4000,2871.6000,2871.8000,2872.0000,2872.2000,2,7,1,3,1,2,9,1,12,2
SF,IH2006,2020-06-17 14:43:56.700,2871.0000,17861,0,15322993140.000,0,-,-,-,-,2870.6000,2870.4000,2869.8000,2869.4000,2869.2000,2871.4000,2871.6000,2871.8000,2872.0000,2872.2000,2,7,1,3,1,2,9,1,12,1
SF,IH2006,2020-06-17 14:43:57.200,2871.0000,17861,0,15322993140.000,0,-,-,-,-,2870.8000,2870.6000,2870.4000,2869.8000,2869.4000,2871.4000,2871.6000,2871.8000,2872.0000,2872.2000,2,2,6,1,3,2,9,1,12,1
SF,IH2006,2020-06-17 14:43:59.700,2871.0000,17861,0,15322993140.000,0,-,-,-,-,2870.8000,2870.6000,2870.4000,2869.8000,2869.4000,2871.4000,2871.6000,2871.8000,2872.0000,2872.2000,2,3,6,1,3,2,9,1,12,1
SF,IH2006,2020-06-17 14:44:00.700,2871.4000,17861,0,15324715980.000,2,1,1,空换,B,2870.8000,2870.6000,2870.4000,2869.8000,2869.4000,2871.6000,2871.8000,2872.0000,2872.2000,2872.4000,2,3,6,1,3,9,1,12,1,1
SF,IH2006,2020-06-17 14:44:01.200,2871.4000,17861,0,15324715980.000,0,-,-,-,-,2871.0000,2870.8000,2870.6000,2870.4000,2869.8000,2871.4000,2871.6000,2871.8000,2872.0000,2872.2000,2,2,3,6,1,1,9,1,12,1
SF,IH2006,2020-06-17 14:44:01.700,2871.0000,17861,0,15325577280.000,1,0,1,空换,B,2871.0000,2870.8000,2870.6000,2870.4000,2869.8000,2871.4000,2871.6000,2871.8000,2872.0000,2872.2000,1,2,3,6,1,1,9,1,12,1
SF,IH2006,2020-06-17 14:44:03.700,2871.0000,17861,0,15325577280.000,0,-,-,-,-,2871.0000,2870.8000,2870.6000,2870.4000,2869.8000,2871.4000,2871.6000,2871.8000,2872.0000,2872.2000,1,2,3,1,1,1,9,1,12,1
SF,IH2006,2020-06-17 14:44:04.200,2871.0000,17861,0,15325577280.000,0,-,-,-,-,2870.8000,2870.6000,2870.4000,2869.8000,2869.4000,2871.0000,2871.2000,2871.4000,2871.6000,2871.8000,2,3,1,1,3,1,1,1,9,1
SF,IH2006,2020-06-17 14:44:04.700,2871.0000,17861,0,15325577280.000,0,-,-,-,-,2870.8000,2870.6000,2870.4000,2869.8000,2869.4000,2871.2000,2871.4000,2871.6000,2871.8000,2872.0000,2,3,1,1,3,1,1,9,1,12
SF,IH2006,2020-06-17 14:44:05.200,2871.0000,17861,0,15325577280.000,0,-,-,-,-,2871.0000,2870.8000,2870.6000,2870.4000,2869.8000,2871.2000,2871.6000,2871.8000,2872.0000,2872.2000,1,2,3,1,1,1,9,1,12,1
SF,IH2006,2020-06-17 14:44:05.700,2871.0000,17862,1,15326438580.000,1,1,0,双开,B,2870.8000,2870.6000,2870.4000,2869.8000,2869.4000,2871.2000,2871.6000,2871.8000,2872.0000,2872.2000,2,3,1,1,3,1,9,1,12,1
SF,IH2006,2020-06-17 14:44:10.200,2871.0000,17862,0,15326438580.000,0,-,-,-,-,2870.8000,2870.6000,2870.4000,2869.8000,2869.4000,2871.2000,2871.4000,2871.6000,2871.8000,2872.0000,7,3,1,1,3,1,1,9,1,12
SF,IH2006,2020-06-17 14:44:10.700,2871.0000,17862,0,15326438580.000,0,-,-,-,-,2870.8000,2870.6000,2870.4000,2869.8000,2869.4000,2871.0000,2871.2000,2871.4000,2871.6000,2871.8000,7,3,1,1,3,1,1,1,9,1
SF,IH2006,2020-06-17 14:44:12.700,2871.0000,17862,0,15327299880.000,1,0,1,空换,B,2871.0000,2870.8000,2870.6000,2870.4000,2869.8000,2871.2000,2871.4000,2871.6000,2871.8000,2872.0000,3,7,3,1,1,1,1,9,1,12
SF,IH2006,2020-06-17 14:44:13.200,2871.0000,17862,0,15327299880.000,0,-,-,-,-,2871.0000,2870.8000,2870.6000,2870.4000,2869.8000,2871.2000,2871.4000,2871.6000,2871.8000,2872.0000,3,7,3,1,1,1,1,9,1,12
SF,IH2006,2020-06-17 14:44:16.200,2871.0000,17860,-2,15329883780.000,3,0,3,空平,B,2870.8000,2870.6000,2870.4000,2869.8000,2869.2000,2871.2000,2871.4000,2871.6000,2871.8000,2872.0000,7,3,1,1,1,1,1,9,1,12
SF,IH2006,2020-06-17 14:44:16.700,2871.0000,17860,0,15329883780.000,0,-,-,-,-,2870.8000,2870.6000,2870.4000,2869.8000,2869.2000,2871.0000,2871.2000,2871.4000,2871.6000,2871.8000,6,3,1,1,1,2,2,1,9,1
SF,IH2006,2020-06-17 14:44:18.200,2871.0000,17860,0,15329883780.000,0,-,-,-,-,2870.8000,2870.6000,2870.4000,2869.8000,2869.2000,2871.0000,2871.2000,2871.4000,2871.6000,2871.8000,6,3,1,1,1,2,2,1,9,1
SF,IH2006,2020-06-17 14:44:18.700,2871.0000,17860,0,15329883780.000,0,-,-,-,-,2870.8000,2870.6000,2870.4000,2869.8000,2869.2000,2871.0000,2871.2000,2871.4000,2871.6000,2871.8000,6,3,1,1,1,3,2,1,9,1
SF,IH2006,2020-06-17 14:44:19.700,2871.0000,17860,0,15329883780.000,0,-,-,-,-,2870.8000,2870.6000,2870.4000,2869.8000,2869.2000,2871.0000,2871.2000,2871.4000,2871.6000,2871.8000,6,3,1,1,1,2,2,1,9,1
SF,IH2006,2020-06-17 14:44:22.200,2871.0000,17860,0,15329883780.000,0,-,-,-,-,2870.8000,2870.6000,2870.4000,2869.8000,2869.2000,2871.0000,2871.2000,2871.4000,2871.6000,2871.8000,6,4,1,1,1,2,2,1,9,1
SF,IH2006,2020-06-17 14:44:22.700,2871.0000,17860,0,15329883780.000,0,-,-,-,-,2870.8000,2870.6000,2870.4000,2869.8000,2869.2000,2871.0000,2871.2000,2871.4000,2871.6000,2871.8000,6,4,1,1,1,1,2,1,9,1
SF,IH2006,2020-06-17 14:44:23.200,2871.0000,17860,0,15329883780.000,0,-,-,-,-,2870.8000,2870.6000,2870.4000,2869.8000,2869.2000,2871.0000,2871.2000,2871.4000,2871.6000,2871.8000,6,4,1,1,1,2,2,1,9,1
SF,IH2006,2020-06-17 14:44:23.700,2871.0000,17860,0,15329883780.000,0,-,-,-,-,2870.8000,2870.6000,2870.4000,2869.8000,2869.2000,2871.0000,2871.2000,2871.4000,2871.6000,2871.8000,5,4,1,1,1,2,2,1,9,1
SF,IH2006,2020-06-17 14:44:24.200,2871.0000,17860,0,15329883780.000,0,-,-,-,-,2870.8000,2870.6000,2870.4000,2869.8000,2869.2000,2871.0000,2871.2000,2871.4000,2871.6000,2871.8000,5,4,1,1,1,2,1,1,9,1
SF,IH2006,2020-06-17 14:44:24.700,2871.0000,17860,0,15329883780.000,0,-,-,-,-,2870.8000,2870.6000,2870.4000,2869.8000,2869.2000,2871.0000,2871.2000,2871.4000,2871.6000,2871.8000,6,4,1,1,1,2,1,1,9,1
SF,IH2006,2020-06-17 14:44:25.200,2871.0000,17860,0,15329883780.000,0,-,-,-,-,2870.8000,2870.6000,2870.4000,2869.8000,2869.2000,2871.0000,2871.2000,2871.4000,2871.6000,2871.8000,5,4,1,1,1,2,1,1,9,1
SF,IH2006,2020-06-17 14:44:25.700,2871.0000,17860,0,15329883780.000,0,-,-,-,-,2870.8000,2870.6000,2870.4000,2869.8000,2869.2000,2871.0000,2871.2000,2871.4000,2871.6000,2871.8000,6,4,1,1,1,2,1,1,9,1
SF,IH2006,2020-06-17 14:44:26.200,2871.0000,17862,2,15331606380.000,2,2,0,双开,B,2870.8000,2870.6000,2870.4000,2869.8000,2869.2000,2871.2000,2871.4000,2871.6000,2871.8000,2872.0000,6,4,1,1,1,1,1,9,1,12
SF,IH2006,2020-06-17 14:44:27.700,2871.0000,17862,0,15331606380.000,0,-,-,-,-,2871.0000,2870.8000,2870.6000,2870.4000,2869.8000,2871.2000,2871.4000,2871.6000,2871.8000,2872.0000,1,6,4,1,1,1,1,9,1,12
SF,IH2006,2020-06-17 14:44:28.200,2871.0000,17862,0,15332467680.000,1,0,1,空换,B,2870.8000,2870.6000,2870.4000,2869.8000,2869.2000,2871.2000,2871.4000,2871.6000,2871.8000,2872.0000,6,4,1,1,1,1,1,9,1,12
SF,IH2006,2020-06-17 14:44:30.200,2871.0000,17862,0,15332467680.000,0,-,-,-,-,2870.8000,2870.6000,2870.4000,2869.8000,2869.2000,2871.2000,2871.4000,2871.6000,2872.0000,2872.4000,6,4,1,1,1,1,1,9,12,1
SF,IH2006,2020-06-17 14:44:31.200,2871.2000,17861,-1,15333329040.000,1,0,1,双平,B,2871.2000,2870.8000,2870.6000,2870.4000,2869.8000,2871.4000,2871.6000,2872.0000,2872.4000,2872.6000,1,6,4,1,1,1,9,12,1,1
SF,IH2006,2020-06-17 14:44:31.700,2871.2000,17861,0,15334190400.000,1,0,1,空换,B,2870.8000,2870.6000,2870.4000,2869.8000,2869.2000,2871.2000,2871.4000,2871.6000,2872.0000,2872.4000,6,4,1,1,1,2,2,9,12,1
SF,IH2006,2020-06-17 14:44:32.200,2871.0000,17862,1,15335051700.000,1,1,0,双开,B,2870.8000,2870.6000,2870.4000,2870.0000,2869.8000,2871.2000,2871.4000,2871.6000,2872.0000,2872.4000,6,4,1,1,1,1,2,9,12,1
SF,IH2006,2020-06-17 14:44:33.200,2871.0000,17862,0,15335051700.000,0,-,-,-,-,2870.8000,2870.6000,2870.4000,2870.0000,2869.8000,2871.2000,2871.4000,2871.6000,2872.0000,2872.4000,6,4,1,1,1,1,3,9,12,1
SF,IH2006,2020-06-17 14:44:34.200,2871.0000,17862,0,15335051700.000,0,-,-,-,-,2870.8000,2870.6000,2870.4000,2870.0000,2869.8000,2871.2000,2871.4000,2871.6000,2872.0000,2872.4000,6,4,1,1,1,1,3,9,12,1
SF,IH2006,2020-06-17 14:44:34.700,2871.0000,17862,0,15335051700.000,0,-,-,-,-,2870.8000,2870.6000,2870.4000,2870.0000,2869.8000,2871.2000,2871.4000,2871.6000,2872.0000,2872.4000,5,4,1,1,1,1,3,9,12,1
SF,IH2006,2020-06-17 14:44:35.700,2871.0000,17862,0,15335051700.000,0,-,-,-,-,2870.8000,2870.6000,2870.4000,2870.2000,2870.0000,2871.2000,2871.4000,2871.6000,2872.0000,2872.4000,5,4,1,1,1,2,3,9,12,1
SF,IH2006,2020-06-17 14:44:36.200,2871.0000,17862,0,15335051700.000,0,-,-,-,-,2870.8000,2870.6000,2870.4000,2870.2000,2870.0000,2871.2000,2871.4000,2871.6000,2872.0000,2872.4000,5,4,1,1,1,7,3,9,12,1
SF,IH2006,2020-06-17 14:44:36.700,2871.0000,17862,0,15335051700.000,0,-,-,-,-,2870.8000,2870.6000,2870.4000,2870.2000,2870.0000,2871.0000,2871.2000,2871.4000,2871.6000,2872.0000,5,4,1,1,1,1,7,3,9,12
SF,IH2006,2020-06-17 14:44:37.200,2870.8000,17863,1,15336774240.000,2,1,1,多开,B,2870.8000,2870.6000,2870.2000,2870.0000,2869.8000,2871.2000,2871.4000,2871.6000,2872.0000,2872.4000,4,4,1,1,1,6,3,9,12,1
SF,IH2006,2020-06-17 14:44:37.700,2870.8000,17863,0,15336774240.000,0,-,-,-,-,2870.8000,2870.6000,2870.2000,2870.0000,2869.8000,2871.2000,2871.4000,2871.6000,2872.0000,2872.4000,5,4,1,1,1,7,3,9,12,1
SF,IH2006,2020-06-17 14:44:38.200,2870.8000,17863,0,15336774240.000,0,-,-,-,-,2870.8000,2870.6000,2870.2000,2870.0000,2869.8000,2871.2000,2871.4000,2871.6000,2872.0000,2872.4000,5,4,1,1,1,2,3,9,12,1
SF,IH2006,2020-06-17 14:44:39.700,2870.8000,17863,0,15336774240.000,0,-,-,-,-,2870.8000,2870.6000,2870.2000,2870.0000,2869.8000,2871.2000,2871.4000,2871.6000,2872.0000,2872.4000,5,4,1,1,1,3,3,9,12,1
SF,IH2006,2020-06-17 14:44:40.200,2870.8000,17863,0,15336774240.000,0,-,-,-,-,2870.8000,2870.6000,2870.2000,2870.0000,2869.8000,2871.0000,2871.2000,2871.4000,2871.6000,2872.0000,5,4,1,1,1,1,3,3,9,12
SF,IH2006,2020-06-17 14:44:42.700,2870.8000,17863,0,15336774240.000,0,-,-,-,-,2870.8000,2870.6000,2870.2000,2870.0000,2869.8000,2871.0000,2871.2000,2871.4000,2871.6000,2872.0000,4,4,1,1,1,1,3,3,9,12
SF,IH2006,2020-06-17 14:44:43.200,2870.8000,17863,0,15336774240.000,0,-,-,-,-,2870.8000,2870.6000,2870.2000,2870.0000,2869.8000,2871.0000,2871.2000,2871.4000,2871.6000,2872.0000,5,4,1,1,1,1,2,3,9,12
SF,IH2006,2020-06-17 14:44:45.200,2870.8000,17863,0,15336774240.000,0,-,-,-,-,2870.8000,2870.6000,2870.2000,2870.0000,2869.8000,2871.0000,2871.2000,2871.4000,2871.6000,2872.0000,5,4,1,1,1,1,2,3,9,12
SF,IH2006,2020-06-17 14:44:45.700,2870.8000,17863,0,15336774240.000,0,-,-,-,-,2870.8000,2870.6000,2870.2000,2870.0000,2869.8000,2871.2000,2871.4000,2871.6000,2872.0000,2872.4000,5,4,1,1,1,2,3,9,12,1
SF,IH2006,2020-06-17 14:44:46.200,2871.0000,17864,1,15337635540.000,1,1,0,双开,B,2870.8000,2870.6000,2870.2000,2870.0000,2869.2000,2871.2000,2871.4000,2871.6000,2872.0000,2872.4000,5,4,1,1,1,2,3,9,12,1
SF,IH2006,2020-06-17 14:44:47.200,2871.0000,17864,0,15337635540.000,0,-,-,-,-,2870.8000,2870.6000,2870.4000,2870.2000,2870.0000,2871.2000,2871.4000,2871.6000,2872.0000,2872.4000,5,4,1,1,1,2,3,9,12,1
SF,IH2006,2020-06-17 14:44:48.200,2871.2000,17864,0,15338496900.000,1,0,1,空换,B,2871.0000,2870.8000,2870.6000,2870.4000,2870.2000,2871.2000,2871.4000,2871.6000,2872.0000,2872.4000,1,5,4,1,1,1,3,9,12,1
SF,IH2006,2020-06-17 14:44:52.200,2871.2000,17864,0,15338496900.000,0,-,-,-,-,2871.0000,2870.8000,2870.6000,2870.4000,2870.2000,2871.2000,2871.4000,2871.6000,2872.0000,2872.4000,3,5,4,1,1,1,3,9,12,1
SF,IH2006,2020-06-17 14:44:52.700,2871.2000,17865,1,15339358260.000,1,1,0,双开,B,2871.0000,2870.8000,2870.6000,2870.4000,2870.2000,2871.2000,2871.4000,2871.6000,2872.0000,2872.4000,4,5,4,1,1,1,3,9,12,1
SF,IH2006,2020-06-17 14:44:54.200,2871.2000,17866,1,15340219620.000,1,1,0,双开,B,2871.2000,2871.0000,2870.8000,2870.6000,2870.4000,2871.4000,2871.6000,2872.0000,2872.4000,2872.6000,1,4,5,4,1,3,9,12,1,1
SF,IH2006,2020-06-17 14:44:55.200,2871.2000,17866,0,15340219620.000,0,-,-,-,-,2871.2000,2871.0000,2870.8000,2870.6000,2870.4000,2871.4000,2871.6000,2872.0000,2872.4000,2872.6000,2,4,5,4,1,3,9,12,1,1
SF,IH2006,2020-06-17 14:44:57.200,2871.2000,17866,0,15340219620.000,0,-,-,-,-,2871.2000,2871.0000,2870.8000,2870.6000,2870.4000,2871.4000,2871.6000,2872.0000,2872.4000,2872.6000,5,4,5,4,1,3,9,12,1,1
SF,IH2006,2020-06-17 14:44:57.700,2871.2000,17866,0,15340219620.000,0,-,-,-,-,2871.2000,2871.0000,2870.8000,2870.6000,2870.4000,2871.4000,2871.6000,2872.0000,2872.4000,2872.6000,6,4,5,3,1,3,9,12,1,1
SF,IH2006,2020-06-17 14:44:58.200,2871.2000,17866,0,15340219620.000,0,-,-,-,-,2871.2000,2871.0000,2870.8000,2870.6000,2870.4000,2871.4000,2871.6000,2872.0000,2872.4000,2872.6000,6,4,1,3,1,3,9,12,1,1
SF,IH2006,2020-06-17 14:44:58.700,2871.2000,17866,0,15340219620.000,0,-,-,-,-,2871.2000,2871.0000,2870.8000,2870.6000,2870.4000,2871.4000,2871.6000,2872.0000,2872.4000,2872.6000,7,4,1,3,1,3,9,12,1,1
SF,IH2006,2020-06-17 14:44:59.200,2871.2000,17866,0,15340219620.000,0,-,-,-,-,2871.2000,2871.0000,2870.8000,2870.6000,2870.4000,2871.4000,2871.6000,2872.0000,2872.4000,2872.6000,5,4,1,3,1,3,9,12,1,1
SF,IH2006,2020-06-17 14:44:59.700,2871.4000,17866,0,15342803880.000,3,1,2,空换,B,2871.2000,2871.0000,2870.8000,2870.6000,2870.4000,2871.6000,2872.0000,2872.4000,2872.6000,2873.8000,5,4,1,3,1,9,12,1,1,2
SF,IH2006,2020-06-17 14:45:00.200,2871.4000,17866,0,15342803880.000,0,-,-,-,-,2871.2000,2871.0000,2870.8000,2870.6000,2870.4000,2871.4000,2871.6000,2872.0000,2872.4000,2872.6000,5,4,1,3,1,1,14,12,1,1
SF,IH2006,2020-06-17 14:45:00.700,2871.4000,17866,0,15343665300.000,1,0,1,空换,B,2871.2000,2871.0000,2870.8000,2870.6000,2870.4000,2871.6000,2872.0000,2872.4000,2872.6000,2873.8000,5,4,1,3,1,9,12,1,1,2
SF,IH2006,2020-06-17 14:45:01.200,2871.6000,17866,0,15344526780.000,1,0,1,空换,B,2871.4000,2871.2000,2871.0000,2870.8000,2870.6000,2871.6000,2872.0000,2872.4000,2872.6000,2873.8000,1,5,4,1,3,8,12,1,1,2
SF,IH2006,2020-06-17 14:45:01.700,2871.6000,17867,1,15346249740.000,2,1,1,多开,B,2871.4000,2871.2000,2871.0000,2870.8000,2870.6000,2871.6000,2872.0000,2872.4000,2872.6000,2873.8000,1,4,4,1,3,6,12,1,1,2
SF,IH2006,2020-06-17 14:45:02.200,2871.6000,17867,0,15346249740.000,0,-,-,-,-,2871.4000,2871.2000,2871.0000,2870.8000,2870.6000,2871.6000,2872.0000,2872.4000,2872.6000,2873.8000,1,5,4,1,3,6,12,1,1,2
SF,IH2006,2020-06-17 14:45:02.700,2871.4000,17867,0,15347111160.000,1,0,1,空换,B,2871.2000,2871.0000,2870.8000,2870.6000,2870.4000,2871.4000,2871.6000,2872.0000,2872.4000,2872.6000,5,4,1,3,1,5,7,12,1,1
SF,IH2006,2020-06-17 14:45:03.200,2871.2000,17867,0,15347972520.000,1,0,1,空换,B,2871.2000,2871.0000,2870.8000,2870.6000,2870.4000,2871.4000,2871.6000,2872.0000,2872.4000,2872.6000,4,3,1,3,1,3,7,12,1,1
SF,IH2006,2020-06-17 14:45:03.700,2871.2000,17868,1,15350556600.000,3,2,1,多开,B,2871.2000,2871.0000,2870.8000,2870.6000,2870.4000,2871.4000,2871.6000,2872.0000,2872.4000,2872.6000,1,3,1,3,1,4,7,12,1,1
SF,IH2006,2020-06-17 14:45:04.200,2871.2000,17869,1,15351417960.000,1,1,0,双开,B,2871.0000,2870.8000,2870.6000,2870.4000,2870.2000,2871.2000,2871.4000,2871.6000,2872.0000,2872.4000,3,1,3,1,1,4,4,7,12,1
SF,IH2006,2020-06-17 14:45:04.700,2871.0000,17869,0,15354001860.000,3,1,2,空换,B,2870.8000,2870.6000,2870.4000,2870.2000,2870.0000,2871.2000,2871.4000,2871.6000,2872.0000,2872.4000,1,3,1,1,1,2,4,7,12,1
SF,IH2006,2020-06-17 14:45:06.200,2871.0000,17869,0,15354001860.000,0,-,-,-,-,2870.8000,2870.6000,2870.4000,2870.2000,2870.0000,2871.2000,2871.4000,2871.6000,2872.0000,2872.4000,1,2,1,1,1,2,4,7,12,1
SF,IH2006,2020-06-17 14:45:06.700,2871.0000,17869,0,15354001860.000,0,-,-,-,-,2870.8000,2870.6000,2870.4000,2870.2000,2870.0000,2871.2000,2871.4000,2871.6000,2872.0000,2872.4000,2,2,1,1,1,2,4,7,12,1
SF,IH2006,2020-06-17 14:45:07.200,2871.0000,17869,0,15354001860.000,0,-,-,-,-,2870.8000,2870.6000,2870.4000,2870.2000,2870.0000,2871.2000,2871.4000,2871.6000,2872.0000,2872.4000,3,2,1,1,1,1,4,7,12,1
SF,IH2006,2020-06-17 14:45:07.700,2871.0000,17869,0,15354001860.000,0,-,-,-,-,2870.8000,2870.6000,2870.4000,2870.2000,2870.0000,2871.2000,2871.4000,2871.6000,2872.0000,2872.4000,2,2,1,1,1,2,3,7,12,1
SF,IH2006,2020-06-17 14:45:08.200,2871.0000,17869,0,15354001860.000,0,-,-,-,-,2870.8000,2870.6000,2870.4000,2870.2000,2870.0000,2871.2000,2871.4000,2871.6000,2872.0000,2872.4000,3,2,1,1,1,2,3,7,12,1
SF,IH2006,2020-06-17 14:45:08.700,2871.2000,17869,0,15355724580.000,2,1,1,空换,B,2871.2000,2870.8000,2870.6000,2870.4000,2870.2000,2871.4000,2871.6000,2872.0000,2872.4000,2872.6000,1,3,2,1,1,3,7,12,1,1
SF,IH2006,2020-06-17 14:45:09.200,2871.2000,17869,0,15357447300.000,2,1,1,空换,B,2870.8000,2870.6000,2870.4000,2870.2000,2870.0000,2871.4000,2871.6000,2872.0000,2872.4000,2872.6000,3,2,1,1,1,3,7,12,1,1
SF,IH2006,2020-06-17 14:45:09.700,2871.2000,17869,0,15357447300.000,0,-,-,-,-,2870.8000,2870.6000,2870.4000,2870.2000,2870.0000,2871.2000,2871.4000,2871.6000,2872.0000,2872.4000,3,2,1,1,1,1,3,7,12,1
SF,IH2006,2020-06-17 14:45:10.200,2871.2000,17869,0,15357447300.000,0,-,-,-,-,2870.8000,2870.6000,2870.4000,2870.0000,2869.2000,2871.2000,2871.4000,2871.6000,2872.0000,2872.4000,3,2,1,1,1,1,3,7,12,1
SF,IH2006,2020-06-17 14:45:10.700,2871.2000,17869,0,15357447300.000,0,-,-,-,-,2870.8000,2870.6000,2870.4000,2870.0000,2869.2000,2871.0000,2871.2000,2871.6000,2872.0000,2872.4000,2,2,1,1,1,1,1,7,12,1
SF,IH2006,2020-06-17 14:45:11.200,2871.2000,17869,0,15357447300.000,0,-,-,-,-,2870.8000,2870.6000,2870.4000,2870.0000,2869.2000,2871.2000,2871.6000,2872.0000,2872.4000,2872.6000,2,2,1,1,1,1,7,12,1,1
SF,IH2006,2020-06-17 14:45:11.700,2871.0000,17869,0,15358308600.000,1,0,1,空换,B,2871.0000,2870.8000,2870.6000,2870.4000,2870.0000,2871.2000,2871.6000,2872.0000,2872.4000,2872.6000,2,2,2,1,1,1,7,12,1,1
SF,IH2006,2020-06-17 14:45:12.700,2871.0000,17869,0,15358308600.000,0,-,-,-,-,2871.0000,2870.8000,2870.6000,2870.4000,2870.0000,2871.6000,2872.0000,2872.4000,2872.6000,2873.8000,2,2,2,1,1,7,12,1,1,2
SF,IH2006,2020-06-17 14:45:13.200,2871.0000,17869,0,15358308600.000,0,-,-,-,-,2871.0000,2870.8000,2870.6000,2870.4000,2870.0000,2871.4000,2871.6000,2872.0000,2872.4000,2872.6000,2,2,2,1,1,6,7,12,1,1
SF,IH2006,2020-06-17 14:45:13.700,2871.0000,17869,0,15359169900.000,1,0,1,空换,B,2871.0000,2870.8000,2870.6000,2870.4000,2870.0000,2871.4000,2871.6000,2872.0000,2872.4000,2872.6000,1,2,2,1,1,6,7,12,1,1
SF,IH2006,2020-06-17 14:45:14.200,2871.0000,17869,0,15360031200.000,1,0,1,空换,B,2870.8000,2870.6000,2870.4000,2870.0000,2869.2000,2871.4000,2871.6000,2872.0000,2872.4000,2872.6000,2,2,1,1,1,6,7,12,1,1
SF,IH2006,2020-06-17 14:45:14.700,2871.0000,17869,0,15360031200.000,0,-,-,-,-,2870.8000,2870.6000,2870.4000,2870.0000,2869.2000,2871.2000,2871.4000,2871.6000,2872.0000,2872.4000,2,2,1,1,1,1,5,7,12,1
SF,IH2006,2020-06-17 14:45:15.700,2871.2000,17869,0,15360892560.000,1,0,1,空换,B,2870.8000,2870.6000,2870.4000,2870.0000,2869.2000,2871.4000,2871.6000,2872.0000,2872.4000,2872.6000,2,2,1,1,1,5,7,12,1,1
SF,IH2006,2020-06-17 14:45:16.200,2871.2000,17869,0,15360892560.000,0,-,-,-,-,2871.0000,2870.8000,2870.6000,2870.4000,2870.0000,2871.4000,2871.6000,2872.0000,2872.4000,2872.6000,1,2,2,1,1,3,7,12,1,1
SF,IH2006,2020-06-17 14:45:16.700,2871.4000,17869,0,15363476820.000,3,1,2,空换,B,2871.0000,2870.8000,2870.6000,2870.4000,2870.0000,2871.6000,2872.0000,2872.4000,2872.6000,2873.8000,1,2,2,1,1,7,12,1,1,2
SF,IH2006,2020-06-17 14:45:18.200,2871.4000,17869,0,15363476820.000,0,-,-,-,-,2871.0000,2870.8000,2870.6000,2870.4000,2870.0000,2871.6000,2871.8000,2872.0000,2872.4000,2872.6000,1,3,2,1,1,7,1,12,1,1
SF,IH2006,2020-06-17 14:45:18.700,2871.0000,17869,0,15364338120.000,1,0,1,空换,B,2870.8000,2870.6000,2870.4000,2870.0000,2869.2000,2871.6000,2871.8000,2872.0000,2872.4000,2872.6000,3,2,1,1,1,7,1,12,1,1
SF,IH2006,2020-06-17 14:45:19.200,2871.0000,17869,0,15364338120.000,0,-,-,-,-,2870.8000,2870.6000,2870.4000,2870.0000,2869.2000,2871.0000,2871.4000,2871.6000,2871.8000,2872.0000,4,2,1,1,1,4,6,8,1,12
SF,IH2006,2020-06-17 14:45:19.700,2871.0000,17869,0,15364338120.000,0,-,-,-,-,2870.8000,2870.6000,2870.4000,2870.0000,2869.2000,2871.4000,2871.6000,2871.8000,2872.0000,2872.4000,4,2,1,1,1,6,8,1,12,1
SF,IH2006,2020-06-17 14:45:20.200,2871.0000,17869,0,15364338120.000,0,-,-,-,-,2870.8000,2870.6000,2870.4000,2870.0000,2869.2000,2871.4000,2871.6000,2871.8000,2872.0000,2872.4000,5,2,1,1,1,6,8,1,12,1
SF,IH2006,2020-06-17 14:45:20.700,2870.8000,17870,1,15365199360.000,1,1,0,双开,B,2870.8000,2870.6000,2870.4000,2870.0000,2869.2000,2871.4000,2871.6000,2871.8000,2872.0000,2872.4000,4,2,4,1,1,6,8,1,12,1
SF,IH2006,2020-06-17 14:45:21.200,2870.8000,17870,0,15365199360.000,0,-,-,-,-,2870.8000,2870.6000,2870.4000,2870.0000,2869.2000,2871.0000,2871.4000,2871.6000,2871.8000,2872.0000,4,2,4,1,1,4,7,8,1,12
SF,IH2006,2020-06-17 14:45:21.700,2870.8000,17870,0,15365199360.000,0,-,-,-,-,2870.8000,2870.6000,2870.4000,2870.0000,2869.2000,2871.4000,2871.6000,2871.8000,2872.0000,2872.4000,3,2,4,1,1,7,8,1,12,1
SF,IH2006,2020-06-17 14:45:22.200,2870.8000,17870,0,15365199360.000,0,-,-,-,-,2870.8000,2870.6000,2870.4000,2870.0000,2869.2000,2871.4000,2871.6000,2871.8000,2872.0000,2872.4000,3,2,4,1,1,7,7,1,12,1
SF,IH2006,2020-06-17 14:45:22.700,2871.4000,17871,1,15366060780.000,1,1,0,双开,B,2870.8000,2870.6000,2870.4000,2870.0000,2869.2000,2871.4000,2871.6000,2871.8000,2872.0000,2872.4000,3,2,4,1,1,6,7,1,12,1
SF,IH2006,2020-06-17 14:45:28.700,2870.6000,17873,2,15370366860.000,5,3,2,多开,B,2870.4000,2870.0000,2869.2000,2868.8000,2868.6000,2870.6000,2871.4000,2871.6000,2871.8000,2872.0000,4,1,1,2,3,2,6,7,1,12
SF,IH2006,2020-06-17 14:45:29.200,2870.6000,17873,0,15370366860.000,0,-,-,-,-,2871.0000,2870.8000,2870.6000,2870.4000,2870.0000,2871.2000,2871.4000,2871.6000,2871.8000,2872.0000,1,1,2,4,1,1,6,7,1,12
SF,IH2006,2020-06-17 14:45:29.700,2870.4000,17876,3,15375534000.000,6,4,2,多开,B,2870.4000,2870.0000,2869.2000,2868.8000,2868.6000,2870.8000,2871.0000,2871.2000,2871.4000,2871.6000,2,1,1,2,3,16,9,2,6,7
SF,IH2006,2020-06-17 14:45:30.200,2870.4000,17876,0,15375534000.000,0,-,-,-,-,2870.4000,2870.0000,2869.2000,2868.8000,2868.6000,2871.0000,2871.2000,2871.4000,2871.6000,2871.8000,2,1,1,2,3,9,3,6,7,1
SF,IH2006,2020-06-17 14:45:30.700,2870.4000,17876,0,15375534000.000,0,-,-,-,-,2870.4000,2870.0000,2869.2000,2868.8000,2868.6000,2871.0000,2871.2000,2871.4000,2871.6000,2871.8000,2,1,1,2,3,8,3,6,7,1
SF,IH2006,2020-06-17 14:45:31.200,2870.4000,17876,0,15375534000.000,0,-,-,-,-,2870.4000,2870.0000,2869.2000,2868.8000,2868.6000,2871.0000,2871.2000,2871.4000,2871.6000,2871.8000,2,1,1,2,3,8,4,6,7,1
SF,IH2006,2020-06-17 14:45:32.200,2870.4000,17876,0,15375534000.000,0,-,-,-,-,2870.4000,2870.0000,2869.2000,2868.8000,2868.6000,2870.8000,2871.0000,2871.2000,2871.4000,2871.6000,2,1,1,2,3,1,8,3,6,7
SF,IH2006,2020-06-17 14:45:32.700,2870.4000,17876,0,15375534000.000,0,-,-,-,-,2870.4000,2870.0000,2869.2000,2868.8000,2868.6000,2870.8000,2871.0000,2871.2000,2871.4000,2871.6000,2,1,1,2,3,2,8,3,6,7
SF,IH2006,2020-06-17 14:45:33.200,2870.4000,17876,0,15375534000.000,0,-,-,-,-,2870.4000,2870.0000,2869.2000,2868.8000,2868.6000,2870.8000,2871.0000,2871.2000,2871.4000,2871.6000,2,1,1,2,3,3,8,3,6,7
SF,IH2006,2020-06-17 14:45:33.700,2870.4000,17876,0,15375534000.000,0,-,-,-,-,2870.6000,2870.4000,2870.0000,2869.2000,2869.0000,2870.8000,2871.0000,2871.2000,2871.4000,2871.6000,2,2,1,1,1,3,8,3,6,7
SF,IH2006,2020-06-17 14:45:34.200,2870.4000,17878,2,15378978600.000,4,3,1,多开,B,2870.0000,2869.2000,2869.0000,2868.8000,2868.6000,2870.4000,2870.8000,2871.0000,2871.2000,2871.4000,1,1,1,2,3,3,3,8,3,6
SF,IH2006,2020-06-17 14:45:34.700,2870.4000,17878,0,15378978600.000,0,-,-,-,-,2870.0000,2869.2000,2869.0000,2868.8000,2868.6000,2870.8000,2871.0000,2871.2000,2871.4000,2871.6000,2,1,1,2,3,3,8,3,6,7
SF,IH2006,2020-06-17 14:45:35.200,2870.4000,17878,0,15378978600.000,0,-,-,-,-,2870.2000,2870.0000,2869.2000,2869.0000,2868.8000,2870.8000,2871.0000,2871.2000,2871.4000,2871.6000,1,2,1,1,2,3,8,3,6,7
SF,IH2006,2020-06-17 14:45:35.700,2870.0000,17879,1,15382422780.000,4,2,2,多开,B,2869.2000,2869.0000,2868.8000,2868.6000,2868.2000,2870.8000,2871.0000,2871.2000,2871.4000,2871.6000,1,1,2,3,2,3,8,3,6,7
SF,IH2006,2020-06-17 14:45:36.200,2870.0000,17879,0,15382422780.000,0,-,-,-,-,2870.2000,2869.8000,2869.6000,2869.4000,2869.2000,2870.6000,2870.8000,2871.0000,2871.2000,2871.4000,2,4,8,8,2,8,3,8,3,6
SF,IH2006,2020-06-17 14:45:36.700,2870.6000,17880,1,15383283960.000,1,1,0,双开,B,2869.8000,2869.6000,2869.4000,2869.2000,2869.0000,2870.4000,2870.6000,2870.8000,2871.0000,2871.2000,2,4,8,2,1,1,1,3,8,3
SF,IH2006,2020-06-17 14:45:37.200,2870.6000,17880,0,15383283960.000,0,-,-,-,-,2870.0000,2869.8000,2869.4000,2869.2000,2869.0000,2870.4000,2870.6000,2870.8000,2871.0000,2871.2000,4,2,4,2,1,1,1,3,8,3
SF,IH2006,2020-06-17 14:45:37.700,2870.6000,17880,0,15383283960.000,0,-,-,-,-,2870.0000,2869.8000,2869.4000,2869.2000,2869.0000,2870.4000,2870.6000,2870.8000,2871.0000,2871.2000,5,1,4,2,1,1,1,3,5,3
SF,IH2006,2020-06-17 14:45:38.200,2870.6000,17880,0,15383283960.000,0,-,-,-,-,2870.0000,2869.8000,2869.4000,2869.2000,2869.0000,2870.4000,2870.6000,2870.8000,2871.0000,2871.2000,5,1,4,2,1,1,1,3,5,2
SF,IH2006,2020-06-17 14:45:39.200,2870.6000,17880,0,15383283960.000,0,-,-,-,-,2870.2000,2870.0000,2869.8000,2869.4000,2869.2000,2870.4000,2870.6000,2870.8000,2871.0000,2871.2000,1,5,1,6,2,1,1,3,5,2
SF,IH2006,2020-06-17 14:45:39.700,2870.4000,17881,1,15384145080.000,1,1,0,双开,B,2870.4000,2870.2000,2870.0000,2869.8000,2869.4000,2870.8000,2871.0000,2871.2000,2871.4000,2871.6000,2,1,4,1,9,3,5,2,1,7
SF,IH2006,2020-06-17 14:45:40.200,2870.4000,17881,0,15384145080.000,0,-,-,-,-,2870.4000,2870.2000,2870.0000,2869.8000,2869.4000,2870.8000,2871.0000,2871.2000,2871.4000,2871.6000,1,3,3,1,9,4,5,2,1,7
SF,IH2006,2020-06-17 14:45:41.700,2870.4000,17882,1,15385006200.000,1,1,0,双开,B,2870.2000,2870.0000,2869.8000,2869.4000,2869.2000,2870.8000,2871.0000,2871.2000,2871.4000,2871.6000,3,3,1,11,2,4,5,2,1,7
SF,IH2006,2020-06-17 14:45:42.200,2870.4000,17882,0,15385006200.000,0,-,-,-,-,2870.2000,2870.0000,2869.8000,2869.4000,2869.2000,2870.8000,2871.0000,2871.2000,2871.4000,2871.6000,3,2,1,11,2,4,5,2,1,7
SF,IH2006,2020-06-17 14:45:42.700,2870.4000,17882,0,15385006200.000,0,-,-,-,-,2870.2000,2869.8000,2869.4000,2869.2000,2869.0000,2870.8000,2871.0000,2871.2000,2871.4000,2871.6000,3,1,11,2,1,4,5,2,1,7
SF,IH2006,2020-06-17 14:45:43.200,2870.4000,17882,0,15385006200.000,0,-,-,-,-,2870.2000,2869.8000,2869.4000,2869.2000,2869.0000,2870.8000,2871.0000,2871.2000,2871.4000,2871.6000,3,1,11,5,1,4,5,2,1,7
SF,IH2006,2020-06-17 14:45:43.700,2870.4000,17882,0,15385006200.000,0,-,-,-,-,2870.4000,2870.2000,2869.8000,2869.4000,2869.2000,2870.8000,2871.0000,2871.2000,2871.4000,2871.6000,1,3,1,10,5,4,5,2,1,7
SF,IH2006,2020-06-17 14:45:45.200,2870.4000,17882,0,15385006200.000,0,-,-,-,-,2870.4000,2870.2000,2870.0000,2869.8000,2869.4000,2870.8000,2871.0000,2871.2000,2871.4000,2871.6000,1,3,1,1,10,4,5,2,1,7
SF,IH2006,2020-06-17 14:45:45.700,2870.8000,17883,1,15385867440.000,1,1,0,双开,B,2870.4000,2870.2000,2870.0000,2869.8000,2869.4000,2870.8000,2871.0000,2871.2000,2871.4000,2871.6000,1,3,1,1,10,2,3,2,1,7
SF,IH2006,2020-06-17 14:45:46.200,2870.8000,17883,0,15385867440.000,0,-,-,-,-,2870.4000,2870.2000,2870.0000,2869.8000,2869.4000,2870.8000,2871.0000,2871.2000,2871.4000,2871.6000,1,3,1,1,10,1,3,2,1,7
SF,IH2006,2020-06-17 14:45:46.700,2870.4000,17884,1,15386728560.000,1,1,0,双开,B,2870.6000,2870.2000,2870.0000,2869.8000,2869.4000,2871.0000,2871.2000,2871.4000,2871.6000,2871.8000,1,3,1,1,10,3,2,1,7,1
SF,IH2006,2020-06-17 14:45:47.200,2870.4000,17884,0,15386728560.000,0,-,-,-,-,2870.8000,2870.6000,2870.2000,2870.0000,2869.8000,2871.0000,2871.2000,2871.4000,2871.6000,2871.8000,1,1,3,1,1,4,2,1,7,1
SF,IH2006,2020-06-17 14:45:47.700,2870.8000,17884,0,15387589800.000,1,0,1,空换,B,2870.6000,2870.2000,2870.0000,2869.8000,2869.4000,2870.8000,2871.0000,2871.2000,2871.4000,2871.6000,1,3,1,1,10,11,4,2,1,7
SF,IH2006,2020-06-17 14:45:48.200,2870.8000,17886,2,15390173400.000,3,2,1,多开,B,2870.2000,2870.0000,2869.8000,2869.4000,2869.2000,2870.8000,2871.0000,2871.2000,2871.4000,2871.6000,3,1,1,10,5,11,4,2,1,7
SF,IH2006,2020-06-17 14:45:48.700,2870.2000,17887,1,15391034460.000,1,1,0,双开,B,2870.2000,2870.0000,2869.8000,2869.6000,2869.4000,2870.8000,2871.0000,2871.2000,2871.4000,2871.6000,1,1,1,1,10,12,4,2,1,7
SF,IH2006,2020-06-17 14:45:49.200,2870.2000,17887,0,15391034460.000,0,-,-,-,-,2870.2000,2870.0000,2869.8000,2869.6000,2869.4000,2870.6000,2870.8000,2871.0000,2871.2000,2871.4000,1,1,1,1,10,1,13,4,2,1
SF,IH2006,2020-06-17 14:45:49.700,2870.2000,17887,0,15391034460.000,0,-,-,-,-,2870.2000,2870.0000,2869.8000,2869.6000,2869.4000,2870.4000,2870.6000,2870.8000,2871.0000,2871.2000,1,1,1,1,10,1,1,12,4,2
SF,IH2006,2020-06-17 14:45:50.200,2870.2000,17887,0,15391895520.000,1,0,1,空换,B,2870.0000,2869.8000,2869.6000,2869.4000,2869.2000,2870.4000,2870.6000,2870.8000,2871.0000,2871.2000,1,1,1,10,5,1,1,12,4,2
SF,IH2006,2020-06-17 14:45:50.700,2870.4000,17887,0,15392756640.000,1,0,1,空换,B,2870.0000,2869.8000,2869.6000,2869.4000,2869.2000,2870.6000,2870.8000,2871.0000,2871.2000,2871.4000,1,1,1,10,5,1,2,4,2,1
SF,IH2006,2020-06-17 14:45:51.200,2870.4000,17887,0,15393617760.000,1,0,1,空换,B,2870.0000,2869.8000,2869.6000,2869.4000,2869.2000,2870.6000,2870.8000,2871.0000,2871.2000,2871.4000,2,1,1,10,5,1,2,4,2,1
SF,IH2006,2020-06-17 14:45:51.700,2870.2000,17888,1,15394478820.000,1,1,0,双开,B,2870.2000,2870.0000,2869.8000,2869.6000,2869.4000,2870.6000,2870.8000,2871.0000,2871.2000,2871.4000,1,2,1,1,10,1,2,4,2,1
SF,IH2006,2020-06-17 14:45:53.700,2870.2000,17888,0,15395339880.000,1,0,1,空换,B,2870.0000,2869.8000,2869.6000,2869.4000,2869.2000,2870.6000,2870.8000,2871.0000,2871.2000,2871.4000,2,1,1,10,5,1,2,4,2,1
SF,IH2006,2020-06-17 14:45:54.200,2870.0000,17888,0,15396200880.000,1,0,1,空换,B,2870.0000,2869.8000,2869.6000,2869.4000,2869.2000,2870.6000,2870.8000,2871.0000,2871.2000,2871.4000,1,1,1,10,5,1,2,4,2,1
SF,IH2006,2020-06-17 14:45:55.700,2870.0000,17888,0,15396200880.000,0,-,-,-,-,2870.0000,2869.8000,2869.6000,2869.4000,2869.2000,2870.6000,2870.8000,2871.0000,2871.2000,2871.4000,1,1,1,10,5,1,3,4,2,1
SF,IH2006,2020-06-17 14:45:56.200,2870.0000,17888,0,15396200880.000,0,-,-,-,-,2870.0000,2869.8000,2869.6000,2869.4000,2869.2000,2870.4000,2870.6000,2870.8000,2871.0000,2871.2000,1,1,1,10,5,1,1,3,4,2
SF,IH2006,2020-06-17 14:45:56.700,2870.0000,17888,0,15396200880.000,0,-,-,-,-,2869.8000,2869.6000,2869.4000,2869.2000,2869.0000,2870.4000,2870.6000,2870.8000,2871.0000,2871.2000,1,1,10,5,1,1,2,3,4,2
SF,IH2006,2020-06-17 14:45:57.200,2870.4000,17888,0,15397062000.000,1,0,1,空换,B,2870.0000,2869.8000,2869.6000,2869.4000,2869.2000,2870.6000,2870.8000,2871.0000,2871.2000,2871.4000,1,2,1,10,5,2,3,4,2,1
SF,IH2006,2020-06-17 14:45:59.200,2870.4000,17888,0,15397062000.000,0,-,-,-,-,2870.0000,2869.8000,2869.6000,2869.4000,2869.2000,2870.6000,2870.8000,2871.0000,2871.2000,2871.4000,1,2,2,10,5,2,3,4,2,1
SF,IH2006,2020-06-17 14:45:59.700,2870.4000,17888,0,15397062000.000,0,-,-,-,-,2870.0000,2869.8000,2869.6000,2869.4000,2869.2000,2870.6000,2870.8000,2871.0000,2871.2000,2871.6000,2,1,2,10,5,2,3,4,2,7
SF,IH2006,2020-06-17 14:46:00.200,2870.4000,17888,0,15397062000.000,0,-,-,-,-,2870.0000,2869.8000,2869.6000,2869.4000,2869.2000,2870.6000,2870.8000,2871.0000,2871.2000,2871.6000,2,1,2,10,5,3,3,4,2,7
SF,IH2006,2020-06-17 14:46:00.700,2870.4000,17888,0,15397062000.000,0,-,-,-,-,2870.0000,2869.8000,2869.6000,2869.4000,2869.2000,2870.6000,2870.8000,2871.0000,2871.2000,2871.6000,2,1,1,10,5,3,3,4,2,7
SF,IH2006,2020-06-17 14:46:01.200,2870.4000,17888,0,15397062000.000,0,-,-,-,-,2870.0000,2869.8000,2869.6000,2869.4000,2869.2000,2870.6000,2870.8000,2871.0000,2871.2000,2871.6000,3,1,1,10,5,3,3,4,2,7
SF,IH2006,2020-06-17 14:46:01.700,2870.4000,17888,0,15397062000.000,0,-,-,-,-,2870.2000,2870.0000,2869.8000,2869.6000,2869.4000,2870.6000,2870.8000,2871.0000,2871.2000,2871.6000,4,2,1,1,10,3,2,4,2,7
SF,IH2006,2020-06-17 14:46:02.200,2870.4000,17888,0,15397062000.000,0,-,-,-,-,2870.2000,2870.0000,2869.8000,2869.6000,2869.4000,2870.6000,2870.8000,2871.0000,2871.2000,2871.6000,4,2,1,1,10,2,2,4,2,7
SF,IH2006,2020-06-17 14:46:02.700,2870.4000,17888,0,15397062000.000,0,-,-,-,-,2870.2000,2870.0000,2869.8000,2869.6000,2869.4000,2870.6000,2870.8000,2871.0000,2871.2000,2871.6000,4,2,1,1,10,2,1,4,2,7
SF,IH2006,2020-06-17 14:46:04.200,2870.6000,17889,1,15397923180.000,1,1,0,双开,B,2870.2000,2870.0000,2869.8000,2869.6000,2869.4000,2870.6000,2870.8000,2871.0000,2871.2000,2871.6000,4,2,1,1,10,1,1,4,2,7
SF,IH2006,2020-06-17 14:46:04.700,2870.6000,17889,0,15397923180.000,0,-,-,-,-,2870.2000,2870.0000,2869.8000,2869.6000,2869.4000,2870.6000,2871.0000,2871.2000,2871.6000,2871.8000,5,1,1,1,10,1,4,2,7,1
SF,IH2006,2020-06-17 14:46:05.200,2870.6000,17889,0,15397923180.000,0,-,-,-,-,2870.2000,2870.0000,2869.8000,2869.6000,2869.4000,2870.6000,2871.0000,2871.2000,2871.6000,2871.8000,5,1,1,1,10,1,4,2,8,1
SF,IH2006,2020-06-17 14:46:11.200,2870.6000,17889,0,15398784360.000,1,0,1,空换,B,2870.2000,2870.0000,2869.8000,2869.6000,2869.4000,2871.0000,2871.2000,2871.6000,2871.8000,2872.0000,5,1,1,1,10,4,2,8,1,12
SF,IH2006,2020-06-17 14:46:11.700,2870.6000,17889,0,15398784360.000,0,-,-,-,-,2870.4000,2870.2000,2869.8000,2869.6000,2869.4000,2870.8000,2871.0000,2871.2000,2871.6000,2871.8000,1,4,1,1,10,4,4,2,8,1
SF,IH2006,2020-06-17 14:46:12.200,2870.6000,17889,0,15398784360.000,0,-,-,-,-,2870.4000,2870.2000,2869.8000,2869.6000,2869.4000,2870.8000,2871.0000,2871.2000,2871.6000,2871.8000,2,4,1,1,10,4,4,2,8,1
SF,IH2006,2020-06-17 14:46:13.700,2870.6000,17889,0,15398784360.000,0,-,-,-,-,2870.6000,2870.4000,2870.2000,2869.8000,2869.6000,2870.8000,2871.0000,2871.2000,2871.6000,2871.8000,4,2,4,1,1,4,4,2,8,1
SF,IH2006,2020-06-17 14:46:14.200,2870.8000,17890,1,15399645600.000,1,1,0,双开,B,2870.6000,2870.4000,2870.2000,2869.8000,2869.6000,2870.8000,2871.0000,2871.2000,2871.6000,2871.8000,4,1,2,1,1,3,4,2,8,1
SF,IH2006,2020-06-17 14:46:14.700,2870.6000,17889,-1,15400506780.000,1,0,1,双平,B,2870.6000,2870.4000,2870.2000,2869.8000,2869.6000,2870.8000,2871.0000,2871.2000,2871.6000,2871.8000,3,1,2,1,1,2,4,2,8,1
SF,IH2006,2020-06-17 14:46:17.200,2870.6000,17889,0,15400506780.000,0,-,-,-,-,2870.6000,2870.4000,2870.2000,2870.0000,2869.8000,2870.8000,2871.0000,2871.2000,2871.6000,2871.8000,3,1,2,1,1,2,4,2,8,1
SF,IH2006,2020-06-17 14:46:17.700,2870.8000,17889,0,15402229200.000,2,1,1,空换,B,2870.6000,2870.4000,2870.2000,2870.0000,2869.8000,2871.0000,2871.2000,2871.6000,2871.8000,2872.0000,2,1,2,1,1,4,2,8,1,12
SF,IH2006,2020-06-17 14:46:18.700,2870.6000,17889,0,15403090380.000,1,0,1,空换,B,2870.6000,2870.4000,2870.2000,2870.0000,2869.8000,2871.0000,2871.2000,2871.6000,2871.8000,2872.0000,1,1,2,1,1,4,2,8,1,12
SF,IH2006,2020-06-17 14:46:19.200,2870.6000,17889,0,15403090380.000,0,-,-,-,-,2870.6000,2870.4000,2870.2000,2870.0000,2869.8000,2871.0000,2871.2000,2871.6000,2871.8000,2872.0000,1,1,2,1,1,4,2,8,1,12
SF,IH2006,2020-06-17 14:46:19.700,2870.6000,17889,0,15403951560.000,1,0,1,空换,B,2870.4000,2870.2000,2870.0000,2869.8000,2869.6000,2871.0000,2871.2000,2871.6000,2871.8000,2872.0000,1,2,1,1,1,4,2,8,1,12
SF,IH2006,2020-06-17 14:46:20.200,2870.6000,17889,0,15403951560.000,0,-,-,-,-,2870.4000,2870.2000,2870.0000,2869.8000,2869.6000,2871.0000,2871.2000,2871.6000,2871.8000,2872.0000,1,2,2,1,1,4,2,8,1,12
SF,IH2006,2020-06-17 14:46:20.700,2870.4000,17889,0,15404812680.000,1,0,1,空换,B,2870.4000,2870.2000,2870.0000,2869.8000,2869.6000,2871.0000,2871.2000,2871.6000,2871.8000,2872.0000,1,2,2,1,1,4,2,8,1,12
SF,IH2006,2020-06-17 14:46:21.200,2870.4000,17889,0,15404812680.000,0,-,-,-,-,2870.2000,2870.0000,2869.8000,2869.6000,2869.4000,2871.0000,2871.2000,2871.6000,2871.8000,2872.0000,2,2,1,1,7,4,2,8,1,12
SF,IH2006,2020-06-17 14:46:21.700,2870.4000,17889,0,15404812680.000,0,-,-,-,-,2870.4000,2870.2000,2870.0000,2869.8000,2869.6000,2870.8000,2871.0000,2871.2000,2871.6000,2871.8000,1,4,2,1,1,1,4,2,8,1
SF,IH2006,2020-06-17 14:46:22.200,2870.4000,17889,0,15404812680.000,0,-,-,-,-,2870.4000,2870.2000,2870.0000,2869.8000,2869.6000,2870.8000,2871.0000,2871.2000,2871.6000,2871.8000,3,2,2,1,1,1,5,2,8,1
SF,IH2006,2020-06-17 14:46:22.700,2870.4000,17889,0,15404812680.000,0,-,-,-,-,2870.4000,2870.2000,2870.0000,2869.8000,2869.6000,2870.8000,2871.0000,2871.2000,2871.6000,2871.8000,3,2,1,1,1,1,5,2,8,1
SF,IH2006,2020-06-17 14:46:23.200,2870.4000,17888,-1,15407396040.000,3,1,2,空平,B,2870.2000,2870.0000,2869.8000,2869.6000,2869.4000,2870.4000,2870.8000,2871.0000,2871.2000,2871.6000,1,1,1,1,7,10,1,5,2,8
SF,IH2006,2020-06-17 14:46:23.700,2870.4000,17886,-2,15416868360.000,11,4,7,空平,B,2870.6000,2870.4000,2870.2000,2870.0000,2869.8000,2870.8000,2871.0000,2871.2000,2871.6000,2871.8000,1,2,1,1,1,1,5,2,8,1
SF,IH2006,2020-06-17 14:46:24.200,2870.6000,17886,0,15417729540.000,1,0,1,空换,B,2870.4000,2870.2000,2870.0000,2869.8000,2869.6000,2870.8000,2871.0000,2871.2000,2871.6000,2871.8000,3,1,1,1,1,1,5,2,8,1
SF,IH2006,2020-06-17 14:46:24.700,2870.8000,17887,1,15418590780.000,1,1,0,双开,B,2870.4000,2870.2000,2870.0000,2869.8000,2869.6000,2870.8000,2871.0000,2871.2000,2871.6000,2871.8000,3,1,1,1,1,1,5,2,8,1
SF,IH2006,2020-06-17 14:46:25.200,2870.8000,17887,0,15418590780.000,0,-,-,-,-,2870.4000,2870.2000,2870.0000,2869.8000,2869.6000,2871.0000,2871.2000,2871.6000,2871.8000,2872.0000,3,1,1,1,1,5,2,8,1,12
SF,IH2006,2020-06-17 14:46:28.700,2870.8000,17887,0,15418590780.000,0,-,-,-,-,2870.4000,2870.2000,2870.0000,2869.8000,2869.6000,2871.0000,2871.2000,2871.6000,2871.8000,2872.0000,3,1,1,1,1,5,2,8,1,12
SF,IH2006,2020-06-17 14:46:29.200,2870.8000,17887,0,15418590780.000,0,-,-,-,-,2870.4000,2870.2000,2870.0000,2869.8000,2869.6000,2871.0000,2871.2000,2871.6000,2871.8000,2872.0000,3,1,1,1,1,5,3,8,1,12
SF,IH2006,2020-06-17 14:46:29.700,2871.0000,17888,1,15420313200.000,2,1,1,多开,B,2870.4000,2870.2000,2870.0000,2869.8000,2869.6000,2871.0000,2871.2000,2871.6000,2871.8000,2872.0000,2,1,1,1,1,4,3,8,1,12
SF,IH2006,2020-06-17 14:46:30.200,2871.0000,17891,3,15423758400.000,4,3,1,多开,B,2871.0000,2870.4000,2870.2000,2870.0000,2869.8000,2871.2000,2871.6000,2871.8000,2872.0000,2872.4000,1,3,1,1,1,3,8,1,12,1
SF,IH2006,2020-06-17 14:46:30.700,2871.0000,17892,1,15424619700.000,1,1,0,双开,B,2871.0000,2870.4000,2870.2000,2870.0000,2869.8000,2871.2000,2871.6000,2871.8000,2872.0000,2872.4000,3,3,1,1,1,3,8,1,12,1
SF,IH2006,2020-06-17 14:46:31.700,2871.2000,17893,1,15425481060.000,1,1,0,双开,B,2871.0000,2870.4000,2870.2000,2870.0000,2869.8000,2871.2000,2871.6000,2871.8000,2872.0000,2872.4000,3,3,1,1,1,2,8,1,12,1
SF,IH2006,2020-06-17 14:46:32.200,2871.2000,17895,2,15428065080.000,3,2,1,多开,B,2871.0000,2870.4000,2870.2000,2870.0000,2869.8000,2871.6000,2871.8000,2872.0000,2872.4000,2872.6000,2,3,1,1,1,8,1,12,1,1
SF,IH2006,2020-06-17 14:46:32.700,2871.2000,17895,0,15428065080.000,0,-,-,-,-,2871.0000,2870.6000,2870.4000,2870.2000,2870.0000,2871.2000,2871.4000,2871.6000,2871.8000,2872.0000,2,1,3,1,1,2,3,8,1,12
SF,IH2006,2020-06-17 14:46:33.200,2871.4000,17897,2,15430649340.000,3,2,1,多开,B,2871.0000,2870.6000,2870.4000,2870.2000,2870.0000,2871.6000,2871.8000,2872.0000,2872.4000,2872.6000,2,1,3,1,1,8,1,12,1,1
SF,IH2006,2020-06-17 14:46:33.700,2871.4000,17897,0,15430649340.000,0,-,-,-,-,2871.0000,2870.6000,2870.4000,2870.2000,2870.0000,2871.6000,2871.8000,2872.0000,2872.4000,2872.6000,2,1,3,1,1,9,2,12,1,1
SF,IH2006,2020-06-17 14:46:34.200,2871.6000,17898,1,15431510820.000,1,1,0,双开,B,2871.2000,2871.0000,2870.6000,2870.4000,2870.2000,2871.6000,2871.8000,2872.0000,2872.4000,2872.6000,2,2,1,3,1,8,2,12,1,1
SF,IH2006,2020-06-17 14:46:34.700,2871.6000,17898,0,15431510820.000,0,-,-,-,-,2871.2000,2871.0000,2870.6000,2870.4000,2870.2000,2871.6000,2871.8000,2872.0000,2872.4000,2872.6000,2,2,1,3,1,7,2,12,1,1
SF,IH2006,2020-06-17 14:46:35.200,2871.6000,17898,0,15431510820.000,0,-,-,-,-,2871.4000,2871.2000,2871.0000,2870.6000,2870.4000,2871.6000,2871.8000,2872.0000,2872.4000,2872.6000,1,3,2,1,3,7,2,12,1,1
SF,IH2006,2020-06-17 14:46:35.700,2871.6000,17898,0,15431510820.000,0,-,-,-,-,2871.4000,2871.2000,2871.0000,2870.6000,2870.4000,2871.6000,2871.8000,2872.0000,2872.4000,2872.6000,1,3,2,1,3,7,2,12,1,1
SF,IH2006,2020-06-17 14:46:36.200,2871.6000,17898,0,15431510820.000,0,-,-,-,-,2871.4000,2871.2000,2871.0000,2870.6000,2870.4000,2871.6000,2871.8000,2872.0000,2872.4000,2872.6000,1,3,3,1,3,8,3,12,1,1
SF,IH2006,2020-06-17 14:46:36.700,2871.2000,17901,3,15434094960.000,3,3,0,双开,B,2871.0000,2870.6000,2870.4000,2870.2000,2870.0000,2871.4000,2871.6000,2871.8000,2872.0000,2872.4000,3,1,3,1,1,1,8,3,12,1
SF,IH2006,2020-06-17 14:46:38.200,2871.4000,17902,1,15434956380.000,1,1,0,双开,B,2871.0000,2870.6000,2870.4000,2870.2000,2870.0000,2871.6000,2871.8000,2872.0000,2872.4000,2872.6000,3,1,3,1,1,8,3,12,1,1
SF,IH2006,2020-06-17 14:46:38.700,2871.4000,17902,0,15434956380.000,0,-,-,-,-,2871.0000,2870.6000,2870.4000,2870.2000,2870.0000,2871.6000,2871.8000,2872.0000,2872.4000,2872.6000,4,1,3,1,1,8,3,12,1,1
SF,IH2006,2020-06-17 14:46:39.200,2871.4000,17902,0,15434956380.000,0,-,-,-,-,2871.2000,2871.0000,2870.6000,2870.4000,2870.2000,2871.6000,2871.8000,2872.0000,2872.4000,2872.6000,1,4,1,3,1,9,3,12,1,1
SF,IH2006,2020-06-17 14:46:40.200,2871.4000,17902,0,15434956380.000,0,-,-,-,-,2871.2000,2871.0000,2870.6000,2870.4000,2870.2000,2871.6000,2871.8000,2872.0000,2872.4000,2872.6000,1,4,1,3,1,9,3,12,1,1
SF,IH2006,2020-06-17 14:46:40.700,2871.4000,17902,0,15434956380.000,0,-,-,-,-,2871.2000,2871.0000,2870.6000,2870.4000,2870.2000,2871.6000,2871.8000,2872.0000,2872.4000,2872.6000,1,8,1,3,1,9,3,12,1,1
SF,IH2006,2020-06-17 14:46:41.200,2871.4000,17902,0,15434956380.000,0,-,-,-,-,2871.2000,2871.0000,2870.6000,2870.4000,2870.2000,2871.6000,2871.8000,2872.0000,2872.4000,2872.6000,1,8,1,3,1,8,3,12,1,1
SF,IH2006,2020-06-17 14:46:45.200,2871.6000,17903,1,15435817860.000,1,1,0,双开,B,2871.4000,2871.2000,2871.0000,2870.6000,2870.4000,2871.6000,2871.8000,2872.0000,2872.4000,2872.6000,1,1,8,1,3,7,3,12,1,1
SF,IH2006,2020-06-17 14:46:45.700,2871.4000,17902,-1,15436679280.000,1,0,1,双平,B,2871.4000,2871.2000,2871.0000,2870.6000,2870.4000,2871.6000,2871.8000,2872.0000,2872.4000,2872.6000,1,5,4,1,3,7,3,12,1,1
SF,IH2006,2020-06-17 14:46:46.200,2871.4000,17902,0,15436679280.000,0,-,-,-,-,2871.4000,2871.2000,2871.0000,2870.6000,2870.4000,2871.6000,2871.8000,2872.0000,2872.4000,2872.6000,2,5,4,1,3,7,3,12,1,1
SF,IH2006,2020-06-17 14:46:46.700,2871.6000,17903,1,15438402240.000,2,1,1,多开,B,2871.4000,2871.2000,2871.0000,2870.6000,2870.4000,2871.6000,2871.8000,2872.0000,2872.4000,2872.6000,2,5,4,1,3,5,3,12,1,1
SF,IH2006,2020-06-17 14:46:47.200,2871.4000,17905,2,15440986620.000,3,2,1,多开,B,2871.4000,2871.2000,2871.0000,2870.6000,2870.4000,2871.6000,2871.8000,2872.0000,2872.4000,2872.6000,1,5,3,1,2,3,3,12,1,1
SF,IH2006,2020-06-17 14:46:47.700,2871.4000,17905,0,15440986620.000,0,-,-,-,-,2871.4000,2871.2000,2871.0000,2870.6000,2870.4000,2871.6000,2871.8000,2872.0000,2872.4000,2872.6000,1,7,3,1,2,3,3,12,1,1
SF,IH2006,2020-06-17 14:46:49.200,2871.4000,17905,0,15440986620.000,0,-,-,-,-,2871.4000,2871.2000,2871.0000,2870.6000,2870.4000,2871.6000,2871.8000,2872.0000,2872.4000,2872.6000,1,7,3,1,2,3,2,12,1,1
SF,IH2006,2020-06-17 14:46:49.700,2871.2000,17904,-1,15441847980.000,1,0,1,双平,B,2871.2000,2871.0000,2870.6000,2870.4000,2870.2000,2871.6000,2871.8000,2872.0000,2872.4000,2872.6000,6,3,1,2,1,3,2,12,1,1
SF,IH2006,2020-06-17 14:46:50.200,2871.6000,17904,0,15442709460.000,1,0,1,空换,B,2871.4000,2871.2000,2871.0000,2870.6000,2870.4000,2871.6000,2871.8000,2872.0000,2872.4000,2872.6000,1,6,3,1,2,2,2,12,1,1
SF,IH2006,2020-06-17 14:46:50.700,2871.6000,17904,0,15442709460.000,0,-,-,-,-,2871.2000,2871.0000,2870.6000,2870.4000,2870.2000,2871.6000,2871.8000,2872.0000,2872.4000,2872.6000,6,3,1,1,1,3,2,12,1,1
SF,IH2006,2020-06-17 14:46:51.200,2871.6000,17904,0,15442709460.000,0,-,-,-,-,2871.4000,2871.2000,2871.0000,2870.6000,2870.4000,2871.6000,2871.8000,2872.0000,2872.4000,2872.6000,1,6,3,1,1,3,2,12,1,1
SF,IH2006,2020-06-17 14:46:51.700,2871.6000,17904,0,15442709460.000,0,-,-,-,-,2871.4000,2871.2000,2871.0000,2870.6000,2870.4000,2871.6000,2871.8000,2872.0000,2872.4000,2872.6000,5,2,3,1,1,3,2,12,1,1
SF,IH2006,2020-06-17 14:46:52.200,2871.6000,17904,0,15443570940.000,1,0,1,空换,B,2871.4000,2871.2000,2871.0000,2870.6000,2870.4000,2871.6000,2871.8000,2872.0000,2872.4000,2872.6000,5,2,3,1,1,2,2,12,1,1
SF,IH2006,2020-06-17 14:46:52.700,2871.6000,17904,0,15443570940.000,0,-,-,-,-,2871.4000,2871.2000,2871.0000,2870.6000,2870.4000,2871.6000,2871.8000,2872.0000,2872.4000,2872.6000,5,2,3,1,1,2,2,12,1,1
SF,IH2006,2020-06-17 14:46:56.200,2871.6000,17904,0,15443570940.000,0,-,-,-,-,2871.4000,2871.2000,2871.0000,2870.8000,2870.6000,2871.6000,2871.8000,2872.0000,2872.4000,2872.6000,5,2,3,3,1,2,2,12,1,1
SF,IH2006,2020-06-17 14:46:56.700,2871.4000,17903,-1,15444432360.000,1,0,1,双平,B,2871.4000,2871.2000,2871.0000,2870.8000,2870.6000,2871.6000,2871.8000,2872.0000,2872.4000,2872.6000,4,2,3,3,1,2,2,12,1,1
SF,IH2006,2020-06-17 14:46:57.200,2871.4000,17903,0,15444432360.000,0,-,-,-,-,2871.4000,2871.2000,2871.0000,2870.8000,2870.6000,2871.6000,2871.8000,2872.0000,2872.4000,2872.6000,4,2,3,3,1,2,2,12,1,1
SF,IH2006,2020-06-17 14:46:58.200,2871.4000,17902,-1,15445293780.000,1,0,1,双平,B,2871.4000,2871.2000,2871.0000,2870.8000,2870.6000,2871.6000,2871.8000,2872.0000,2872.4000,2872.6000,3,2,3,3,1,2,2,12,1,1
SF,IH2006,2020-06-17 14:46:58.700,2871.6000,17902,0,15447878100.000,3,1,2,空换,B,2871.4000,2871.2000,2871.0000,2870.8000,2870.6000,2871.6000,2871.8000,2872.0000,2872.4000,2872.6000,1,2,3,3,1,2,2,12,1,1
SF,IH2006,2020-06-17 14:46:59.200,2871.2000,17904,2,15450462240.000,3,2,1,多开,B,2871.0000,2870.8000,2870.6000,2870.4000,2870.2000,2871.4000,2871.6000,2871.8000,2872.0000,2872.4000,3,3,1,1,2,5,2,2,12,1
SF,IH2006,2020-06-17 14:46:59.700,2871.2000,17904,0,15450462240.000,0,-,-,-,-,2871.0000,2870.8000,2870.6000,2870.4000,2870.2000,2871.2000,2871.4000,2871.6000,2871.8000,2872.0000,3,3,1,1,2,1,7,2,2,12
SF,IH2006,2020-06-17 14:47:00.200,2871.0000,17906,2,15453046140.000,3,2,1,多开,B,2871.0000,2870.8000,2870.6000,2870.4000,2870.2000,2871.2000,2871.4000,2871.6000,2871.8000,2872.0000,1,3,1,1,2,2,7,2,2,12
SF,IH2006,2020-06-17 14:47:00.700,2871.0000,17906,0,15453907440.000,1,0,1,空换,B,2870.8000,2870.4000,2870.2000,2870.0000,2869.8000,2871.0000,2871.2000,2871.4000,2871.6000,2871.8000,3,1,2,1,1,1,3,7,2,2
SF,IH2006,2020-06-17 14:47:01.200,2871.0000,17907,1,15454768740.000,1,1,0,双开,B,2871.0000,2870.8000,2870.4000,2870.2000,2870.0000,2871.2000,2871.4000,2871.6000,2871.8000,2872.0000,1,3,1,2,1,3,7,2,2,12
SF,IH2006,2020-06-17 14:47:01.700,2871.0000,17907,0,15455630040.000,1,0,1,空换,B,2870.8000,2870.4000,2870.2000,2870.0000,2869.4000,2871.2000,2871.4000,2871.6000,2871.8000,2872.0000,3,1,2,1,6,3,7,2,2,12
SF,IH2006,2020-06-17 14:47:02.200,2871.0000,17907,0,15455630040.000,0,-,-,-,-,2870.8000,2870.4000,2870.2000,2870.0000,2869.4000,2871.2000,2871.4000,2871.6000,2871.8000,2872.0000,3,1,2,1,6,4,7,2,2,12
SF,IH2006,2020-06-17 14:47:05.200,2871.0000,17907,0,15455630040.000,0,-,-,-,-,2870.8000,2870.4000,2870.2000,2870.0000,2869.4000,2871.0000,2871.2000,2871.4000,2871.6000,2871.8000,3,1,2,1,6,1,4,6,2,2
SF,IH2006,2020-06-17 14:47:05.700,2871.2000,17906,-1,15459936780.000,5,2,3,空平,B,2870.8000,2870.4000,2870.2000,2870.0000,2869.4000,2871.4000,2871.6000,2871.8000,2872.0000,2872.4000,3,1,2,1,6,6,2,2,12,1
SF,IH2006,2020-06-17 14:47:06.200,2871.2000,17906,0,15459936780.000,0,-,-,-,-,2870.8000,2870.4000,2870.2000,2870.0000,2869.4000,2871.4000,2871.6000,2871.8000,2872.0000,2872.4000,3,1,2,1,6,6,1,2,13,1
SF,IH2006,2020-06-17 14:47:07.200,2871.2000,17906,0,15459936780.000,0,-,-,-,-,2870.8000,2870.4000,2870.2000,2870.0000,2869.4000,2871.4000,2871.6000,2871.8000,2872.0000,2872.4000,3,1,2,1,6,3,1,2,13,1
SF,IH2006,2020-06-17 14:47:08.200,2871.4000,17906,0,15460798200.000,1,0,1,空换,B,2870.8000,2870.4000,2870.2000,2870.0000,2869.4000,2871.4000,2871.6000,2871.8000,2872.0000,2872.4000,3,1,2,1,6,2,1,2,13,1
SF,IH2006,2020-06-17 14:47:08.700,2871.4000,17906,0,15461659620.000,1,0,1,空换,B,2871.2000,2871.0000,2870.8000,2870.4000,2870.2000,2871.4000,2871.6000,2871.8000,2872.0000,2872.4000,2,1,4,1,2,1,1,2,13,1
SF,IH2006,2020-06-17 14:47:09.200,2871.4000,17907,1,15462521040.000,1,1,0,双开,B,2871.4000,2871.0000,2870.8000,2870.4000,2870.2000,2871.6000,2871.8000,2872.0000,2872.4000,2872.6000,5,1,4,1,2,1,2,13,1,1
SF,IH2006,2020-06-17 14:47:09.700,2871.4000,17907,0,15462521040.000,0,-,-,-,-,2871.4000,2871.0000,2870.8000,2870.4000,2870.2000,2871.6000,2871.8000,2872.0000,2872.4000,2872.6000,3,1,4,1,2,1,2,13,1,1
SF,IH2006,2020-06-17 14:47:10.200,2871.4000,17907,0,15462521040.000,0,-,-,-,-,2871.4000,2871.0000,2870.8000,2870.4000,2870.2000,2871.6000,2871.8000,2872.0000,2872.4000,2872.6000,3,1,4,1,2,1,2,13,1,1
SF,IH2006,2020-06-17 14:47:11.200,2871.4000,17907,0,15462521040.000,0,-,-,-,-,2871.4000,2871.0000,2870.8000,2870.4000,2870.2000,2871.6000,2871.8000,2872.0000,2872.4000,2872.6000,3,1,4,1,2,1,1,13,1,1
SF,IH2006,2020-06-17 14:47:11.700,2871.4000,17908,1,15463382460.000,1,1,0,双开,B,2871.0000,2870.8000,2870.4000,2870.2000,2870.0000,2871.6000,2871.8000,2872.0000,2872.4000,2872.6000,1,4,1,2,6,1,1,13,1,1
SF,IH2006,2020-06-17 14:47:12.200,2871.6000,17909,1,15464243940.000,1,1,0,双开,B,2871.2000,2871.0000,2870.8000,2870.4000,2870.2000,2871.8000,2872.0000,2872.4000,2872.6000,2873.8000,1,1,4,1,2,1,13,1,1,1
SF,IH2006,2020-06-17 14:47:12.700,2871.8000,17909,0,15465105480.000,1,0,1,空换,B,2871.2000,2871.0000,2870.8000,2870.4000,2870.2000,2872.0000,2872.4000,2872.6000,2873.8000,2874.2000,1,1,4,2,2,13,1,1,1,6
SF,IH2006,2020-06-17 14:47:13.200,2871.8000,17909,0,15465105480.000,0,-,-,-,-,2871.4000,2871.2000,2871.0000,2870.8000,2870.4000,2871.8000,2872.0000,2872.4000,2872.6000,2873.8000,1,1,1,4,2,1,13,1,1,1
SF,IH2006,2020-06-17 14:47:13.700,2871.8000,17910,1,15465967020.000,1,1,0,双开,B,2871.4000,2871.2000,2871.0000,2870.8000,2870.4000,2871.8000,2872.0000,2872.4000,2872.6000,2873.8000,1,1,1,4,2,1,13,1,1,1
SF,IH2006,2020-06-17 14:47:14.200,2871.8000,17910,0,15465967020.000,0,-,-,-,-,2871.4000,2871.2000,2871.0000,2870.8000,2870.4000,2871.8000,2872.0000,2872.4000,2872.6000,2873.8000,1,2,1,4,2,1,13,1,1,1
SF,IH2006,2020-06-17 14:47:15.200,2871.8000,17910,0,15465967020.000,0,-,-,-,-,2871.4000,2871.2000,2871.0000,2870.8000,2870.4000,2871.8000,2872.0000,2872.4000,2872.6000,2873.8000,1,2,1,4,3,1,13,1,1,1
SF,IH2006,2020-06-17 14:47:17.700,2871.8000,17910,0,15465967020.000,0,-,-,-,-,2871.4000,2871.2000,2871.0000,2870.8000,2870.4000,2871.8000,2872.0000,2872.4000,2872.6000,2873.8000,1,2,2,4,3,1,13,1,1,1
SF,IH2006,2020-06-17 14:47:18.200,2871.8000,17910,0,15465967020.000,0,-,-,-,-,2871.4000,2871.2000,2871.0000,2870.8000,2870.4000,2871.6000,2871.8000,2872.0000,2872.4000,2872.6000,1,2,2,4,3,1,2,13,1,1
SF,IH2006,2020-06-17 14:47:19.200,2871.8000,17910,0,15465967020.000,0,-,-,-,-,2871.4000,2871.2000,2871.0000,2870.8000,2870.4000,2871.6000,2871.8000,2872.0000,2872.4000,2872.6000,1,2,2,4,3,2,2,13,1,1
SF,IH2006,2020-06-17 14:47:20.200,2871.6000,17910,0,15467689920.000,2,1,1,空换,B,2871.2000,2871.0000,2870.8000,2870.4000,2870.2000,2871.6000,2871.8000,2872.0000,2872.4000,2872.6000,2,2,4,3,2,1,2,13,1,1
SF,IH2006,2020-06-17 14:47:20.700,2871.6000,17910,0,15467689920.000,0,-,-,-,-,2871.2000,2871.0000,2870.8000,2870.4000,2870.2000,2871.6000,2871.8000,2872.0000,2872.4000,2872.6000,2,2,4,3,2,1,2,13,1,1
SF,IH2006,2020-06-17 14:47:22.200,2871.6000,17910,0,15467689920.000,0,-,-,-,-,2871.2000,2871.0000,2870.8000,2870.4000,2870.2000,2871.6000,2871.8000,2872.0000,2872.4000,2872.6000,2,2,4,3,2,1,2,13,1,1
SF,IH2006,2020-06-17 14:47:23.200,2871.6000,17910,0,15467689920.000,0,-,-,-,-,2871.4000,2871.2000,2871.0000,2870.8000,2870.4000,2871.6000,2871.8000,2872.0000,2872.4000,2872.6000,1,2,2,4,3,1,2,13,1,1
SF,IH2006,2020-06-17 14:47:24.700,2871.6000,17910,0,15467689920.000,0,-,-,-,-,2871.4000,2871.2000,2871.0000,2870.8000,2870.4000,2871.6000,2871.8000,2872.0000,2872.4000,2872.6000,1,2,3,4,3,1,2,13,1,1
SF,IH2006,2020-06-17 14:47:25.700,2871.6000,17911,1,15468551400.000,1,1,0,双开,B,2871.6000,2871.4000,2871.2000,2871.0000,2870.8000,2871.8000,2872.0000,2872.4000,2872.6000,2873.8000,7,1,2,3,4,2,13,1,1,1
SF,IH2006,2020-06-17 14:47:26.200,2871.6000,17912,1,15469412880.000,1,1,0,双开,B,2871.6000,2871.2000,2871.0000,2870.8000,2870.4000,2871.8000,2872.0000,2872.4000,2872.6000,2873.8000,6,2,3,4,3,2,13,1,1,1
SF,IH2006,2020-06-17 14:47:27.200,2871.6000,17914,2,15471135900.000,2,2,0,双开,B,2871.6000,2871.2000,2871.0000,2870.8000,2870.4000,2871.8000,2872.0000,2872.4000,2872.6000,2873.8000,5,2,3,4,3,1,13,1,1,1
SF,IH2006,2020-06-17 14:47:27.700,2871.6000,17915,1,15471997380.000,1,1,0,双开,B,2871.6000,2871.2000,2871.0000,2870.8000,2870.4000,2871.8000,2872.0000,2872.4000,2872.6000,2873.8000,4,2,3,4,3,1,13,1,1,1
SF,IH2006,2020-06-17 14:47:30.700,2871.6000,17915,0,15471997380.000,0,-,-,-,-,2871.6000,2871.2000,2871.0000,2870.8000,2870.4000,2871.8000,2872.0000,2872.4000,2872.6000,2873.8000,4,2,3,4,3,3,13,1,1,1
SF,IH2006,2020-06-17 14:47:32.200,2871.6000,17919,4,15475443300.000,4,4,0,双开,B,2871.2000,2871.0000,2870.8000,2870.4000,2870.2000,2871.8000,2872.0000,2872.4000,2872.6000,2873.8000,2,3,4,3,1,3,13,1,1,1
SF,IH2006,2020-06-17 14:47:32.700,2871.8000,17919,0,15476304840.000,1,0,1,空换,B,2871.2000,2871.0000,2870.8000,2870.4000,2870.2000,2871.8000,2872.0000,2872.4000,2872.6000,2873.8000,2,3,4,3,1,3,13,1,1,1
SF,IH2006,2020-06-17 14:47:33.200,2871.8000,17919,0,15476304840.000,0,-,-,-,-,2871.2000,2871.0000,2870.8000,2870.4000,2870.2000,2871.8000,2872.0000,2872.4000,2872.6000,2873.8000,2,3,4,3,1,3,13,1,1,1
SF,IH2006,2020-06-17 14:47:33.700,2871.8000,17919,0,15476304840.000,0,-,-,-,-,2871.2000,2871.0000,2870.8000,2870.4000,2870.2000,2871.8000,2872.0000,2872.4000,2872.6000,2873.8000,2,2,4,3,1,3,13,1,1,1
SF,IH2006,2020-06-17 14:47:34.200,2871.8000,17919,0,15477166380.000,1,0,1,空换,B,2871.2000,2871.0000,2870.8000,2870.4000,2870.2000,2871.8000,2872.0000,2872.4000,2872.6000,2873.8000,2,2,4,3,1,2,13,1,1,1
SF,IH2006,2020-06-17 14:47:35.200,2871.8000,17919,0,15477166380.000,0,-,-,-,-,2871.2000,2871.0000,2870.8000,2870.4000,2870.2000,2871.6000,2871.8000,2872.0000,2872.4000,2872.6000,2,2,4,3,1,1,2,13,1,1
SF,IH2006,2020-06-17 14:47:35.700,2871.8000,17919,0,15477166380.000,0,-,-,-,-,2871.2000,2871.0000,2870.8000,2870.4000,2870.2000,2871.6000,2871.8000,2872.0000,2872.2000,2872.4000,2,2,4,3,1,1,2,13,1,1
SF,IH2006,2020-06-17 14:47:37.200,2871.8000,17919,0,15477166380.000,0,-,-,-,-,2871.2000,2871.0000,2870.8000,2870.4000,2870.2000,2871.6000,2871.8000,2872.0000,2872.2000,2872.4000,2,2,4,3,1,6,2,13,1,1
SF,IH2006,2020-06-17 14:47:37.700,2871.8000,17919,0,15477166380.000,0,-,-,-,-,2871.2000,2871.0000,2870.8000,2870.4000,2870.2000,2871.6000,2871.8000,2872.0000,2872.2000,2872.4000,1,3,4,3,1,1,2,13,1,1
SF,IH2006,2020-06-17 14:47:38.200,2871.8000,17919,0,15477166380.000,0,-,-,-,-,2871.2000,2871.0000,2870.8000,2870.4000,2870.2000,2871.6000,2871.8000,2872.0000,2872.2000,2872.4000,1,3,4,3,1,1,3,13,1,1
SF,IH2006,2020-06-17 14:47:38.700,2871.6000,17920,1,15478027860.000,1,1,0,双开,B,2871.2000,2871.0000,2870.8000,2870.4000,2870.2000,2871.8000,2872.0000,2872.2000,2872.4000,2872.6000,1,3,4,3,1,3,13,1,1,1
SF,IH2006,2020-06-17 14:47:39.200,2871.6000,17920,0,15478027860.000,0,-,-,-,-,2871.2000,2871.0000,2870.8000,2870.4000,2870.2000,2871.6000,2871.8000,2872.0000,2872.2000,2872.4000,1,3,4,3,1,1,3,13,1,1
SF,IH2006,2020-06-17 14:47:39.700,2871.6000,17920,0,15478027860.000,0,-,-,-,-,2871.2000,2871.0000,2870.8000,2870.4000,2870.2000,2871.6000,2871.8000,2872.0000,2872.2000,2872.4000,2,3,4,3,1,1,3,13,1,1
SF,IH2006,2020-06-17 14:47:40.200,2871.6000,17920,0,15478027860.000,0,-,-,-,-,2871.2000,2871.0000,2870.8000,2870.4000,2870.2000,2871.4000,2871.6000,2871.8000,2872.0000,2872.2000,2,3,4,3,1,1,1,3,13,1
SF,IH2006,2020-06-17 14:47:40.700,2871.4000,17921,1,15478889280.000,1,1,0,双开,B,2871.4000,2871.2000,2871.0000,2870.8000,2870.4000,2871.6000,2871.8000,2872.0000,2872.2000,2872.4000,1,2,3,4,3,1,3,13,1,1
SF,IH2006,2020-06-17 14:47:41.200,2871.4000,17922,1,15480612180.000,2,1,1,多开,B,2871.2000,2871.0000,2870.8000,2870.4000,2870.2000,2871.8000,2872.0000,2872.2000,2872.4000,2872.6000,2,3,4,3,1,3,13,1,1,1
SF,IH2006,2020-06-17 14:47:41.700,2871.4000,17922,0,15480612180.000,0,-,-,-,-,2871.2000,2871.0000,2870.8000,2870.4000,2870.2000,2871.8000,2872.0000,2872.2000,2872.4000,2872.6000,3,3,4,3,1,3,13,1,1,1
SF,IH2006,2020-06-17 14:47:42.200,2871.4000,17922,0,15480612180.000,0,-,-,-,-,2871.2000,2871.0000,2870.8000,2870.4000,2870.2000,2871.8000,2872.0000,2872.2000,2872.4000,2872.6000,3,3,4,3,1,3,13,1,1,1
SF,IH2006,2020-06-17 14:47:42.700,2871.4000,17922,0,15480612180.000,0,-,-,-,-,2871.2000,2871.0000,2870.8000,2870.4000,2870.2000,2871.8000,2872.0000,2872.2000,2872.4000,2872.6000,3,3,4,3,1,2,13,1,1,1
SF,IH2006,2020-06-17 14:47:43.200,2871.4000,17922,0,15480612180.000,0,-,-,-,-,2871.4000,2871.2000,2871.0000,2870.8000,2870.4000,2871.8000,2872.0000,2872.2000,2872.4000,2872.6000,1,3,3,4,3,2,13,1,1,1
SF,IH2006,2020-06-17 14:47:43.700,2871.4000,17922,0,15480612180.000,0,-,-,-,-,2871.4000,2871.2000,2871.0000,2870.8000,2870.4000,2871.8000,2872.0000,2872.2000,2872.4000,2872.6000,2,3,3,4,3,2,13,1,1,1
SF,IH2006,2020-06-17 14:47:44.200,2871.4000,17922,0,15480612180.000,0,-,-,-,-,2871.4000,2871.2000,2871.0000,2870.8000,2870.4000,2871.8000,2872.0000,2872.2000,2872.4000,2872.6000,2,3,3,4,3,2,13,1,1,1
SF,IH2006,2020-06-17 14:47:44.700,2871.4000,17922,0,15480612180.000,0,-,-,-,-,2871.6000,2871.4000,2871.2000,2871.0000,2870.8000,2871.8000,2872.0000,2872.2000,2872.4000,2872.6000,1,2,3,2,4,3,13,1,1,1
SF,IH2006,2020-06-17 14:47:45.200,2871.4000,17922,0,15481473600.000,1,0,1,空换,B,2871.4000,2871.2000,2871.0000,2870.8000,2870.4000,2871.6000,2871.8000,2872.0000,2872.2000,2872.4000,1,3,2,4,3,3,3,13,1,1
SF,IH2006,2020-06-17 14:47:45.700,2871.4000,17922,0,15481473600.000,0,-,-,-,-,2871.4000,2871.2000,2871.0000,2870.8000,2870.4000,2871.6000,2871.8000,2872.0000,2872.2000,2872.4000,1,3,2,4,3,5,3,13,1,1
SF,IH2006,2020-06-17 14:47:47.200,2871.2000,17923,1,15483196380.000,2,1,1,多开,B,2871.2000,2871.0000,2870.8000,2870.4000,2870.2000,2871.6000,2871.8000,2872.0000,2872.2000,2872.4000,2,2,4,3,1,5,3,13,1,1
SF,IH2006,2020-06-17 14:47:47.700,2871.6000,17924,1,15484057860.000,1,1,0,双开,B,2871.2000,2871.0000,2870.8000,2870.4000,2870.2000,2871.6000,2871.8000,2872.0000,2872.2000,2872.4000,2,2,4,3,1,4,3,13,1,1
SF,IH2006,2020-06-17 14:47:52.700,2871.6000,17924,0,15484057860.000,0,-,-,-,-,2871.2000,2871.0000,2870.8000,2870.4000,2870.2000,2871.6000,2871.8000,2872.0000,2872.2000,2872.4000,2,2,4,3,1,3,3,13,1,1
SF,IH2006,2020-06-17 14:47:53.200,2871.2000,17924,0,15484919220.000,1,0,1,空换,B,2871.2000,2871.0000,2870.8000,2870.4000,2870.2000,2871.6000,2871.8000,2872.0000,2872.2000,2872.4000,1,2,4,3,1,2,3,13,1,1
SF,IH2006,2020-06-17 14:47:54.700,2871.6000,17925,1,15485780700.000,1,1,0,双开,B,2871.2000,2871.0000,2870.8000,2870.4000,2870.2000,2871.6000,2871.8000,2872.0000,2872.2000,2872.4000,1,2,4,3,1,1,3,13,1,1
SF,IH2006,2020-06-17 14:47:59.200,2871.6000,17925,0,15485780700.000,0,-,-,-,-,2871.4000,2871.2000,2871.0000,2870.8000,2870.4000,2871.6000,2871.8000,2872.0000,2872.2000,2872.4000,1,1,2,4,3,1,3,13,1,1
SF,IH2006,2020-06-17 14:47:59.700,2871.4000,17925,0,15486642120.000,1,0,1,空换,B,2871.2000,2871.0000,2870.8000,2870.4000,2870.2000,2871.6000,2871.8000,2872.0000,2872.2000,2872.4000,1,2,4,3,1,1,3,13,1,1
SF,IH2006,2020-06-17 14:48:00.200,2871.6000,17925,0,15487503600.000,1,0,1,空换,B,2871.0000,2870.8000,2870.4000,2870.2000,2870.0000,2871.8000,2872.0000,2872.2000,2872.4000,2872.6000,2,4,3,1,6,3,13,1,1,1
SF,IH2006,2020-06-17 14:48:00.700,2871.6000,17925,0,15487503600.000,0,-,-,-,-,2871.0000,2870.8000,2870.4000,2870.2000,2870.0000,2871.8000,2872.0000,2872.2000,2872.4000,2872.6000,3,4,3,1,6,4,13,1,1,1
SF,IH2006,2020-06-17 14:48:01.200,2871.6000,17925,0,15487503600.000,0,-,-,-,-,2871.0000,2870.8000,2870.4000,2870.2000,2870.0000,2871.6000,2871.8000,2872.0000,2872.2000,2872.4000,4,4,3,1,6,1,4,13,1,1
SF,IH2006,2020-06-17 14:48:01.700,2871.0000,17927,2,15490087740.000,3,2,1,多开,B,2871.0000,2870.8000,2870.4000,2870.2000,2870.0000,2871.8000,2872.0000,2872.2000,2872.4000,2872.6000,3,4,3,1,6,4,13,1,1,1
SF,IH2006,2020-06-17 14:48:02.200,2871.0000,17927,0,15490087740.000,0,-,-,-,-,2871.2000,2871.0000,2870.8000,2870.4000,2870.2000,2871.8000,2872.0000,2872.2000,2872.4000,2872.6000,1,3,4,3,1,4,13,1,1,1
SF,IH2006,2020-06-17 14:48:04.200,2871.0000,17927,0,15490087740.000,0,-,-,-,-,2871.2000,2871.0000,2870.8000,2870.4000,2870.2000,2871.6000,2871.8000,2872.0000,2872.2000,2872.4000,1,3,4,3,1,1,4,13,1,1
SF,IH2006,2020-06-17 14:48:04.700,2871.0000,17927,0,15490949040.000,1,0,1,空换,B,2871.0000,2870.8000,2870.4000,2870.2000,2870.0000,2871.6000,2871.8000,2872.0000,2872.4000,2872.6000,3,4,2,1,6,1,4,13,1,1
SF,IH2006,2020-06-17 14:48:07.700,2871.0000,17927,0,15490949040.000,0,-,-,-,-,2871.0000,2870.8000,2870.4000,2870.2000,2870.0000,2871.6000,2871.8000,2872.0000,2872.4000,2872.6000,3,4,2,1,6,2,4,13,1,1
SF,IH2006,2020-06-17 14:48:08.200,2871.6000,17928,1,15491810520.000,1,1,0,双开,B,2871.0000,2870.8000,2870.4000,2870.2000,2870.0000,2871.6000,2871.8000,2872.0000,2872.4000,2872.6000,3,4,2,1,6,2,3,13,1,1
SF,IH2006,2020-06-17 14:48:08.700,2871.6000,17928,0,15491810520.000,0,-,-,-,-,2871.0000,2870.8000,2870.4000,2870.2000,2870.0000,2871.4000,2871.6000,2871.8000,2872.0000,2872.4000,3,4,2,1,6,1,2,3,13,1
SF,IH2006,2020-06-17 14:48:09.200,2871.6000,17928,0,15491810520.000,0,-,-,-,-,2871.0000,2870.8000,2870.4000,2870.2000,2870.0000,2871.4000,2871.6000,2871.8000,2872.0000,2872.4000,2,4,2,1,6,2,1,3,13,1
SF,IH2006,2020-06-17 14:48:11.200,2871.6000,17928,0,15491810520.000,0,-,-,-,-,2871.0000,2870.8000,2870.4000,2870.2000,2870.0000,2871.4000,2871.6000,2871.8000,2872.0000,2872.4000,2,4,2,1,6,2,1,3,13,1
SF,IH2006,2020-06-17 14:48:11.700,2871.6000,17928,0,15491810520.000,0,-,-,-,-,2871.0000,2870.8000,2870.4000,2870.2000,2870.0000,2871.4000,2871.6000,2871.8000,2872.0000,2872.4000,2,4,2,1,6,2,1,3,13,1
SF,IH2006,2020-06-17 14:48:13.200,2871.0000,17928,0,15493533120.000,2,1,1,空换,B,2870.8000,2870.4000,2870.2000,2870.0000,2869.4000,2871.4000,2871.6000,2871.8000,2872.0000,2872.4000,4,2,1,6,3,2,1,3,13,1
SF,IH2006,2020-06-17 14:48:13.700,2871.0000,17928,0,15493533120.000,0,-,-,-,-,2870.8000,2870.4000,2870.2000,2870.0000,2869.4000,2871.0000,2871.4000,2871.6000,2871.8000,2872.0000,4,2,1,6,3,1,2,1,3,13
SF,IH2006,2020-06-17 14:48:14.200,2871.0000,17929,1,15494394420.000,1,1,0,双开,B,2871.0000,2870.8000,2870.4000,2870.2000,2870.0000,2871.4000,2871.6000,2871.8000,2872.0000,2872.4000,1,4,2,1,6,2,1,3,13,1
SF,IH2006,2020-06-17 14:48:14.700,2871.0000,17929,0,15495255720.000,1,0,1,空换,B,2871.0000,2870.8000,2870.4000,2870.2000,2870.0000,2871.2000,2871.6000,2871.8000,2872.0000,2872.4000,1,4,2,1,6,1,1,3,13,1
SF,IH2006,2020-06-17 14:48:15.200,2871.6000,17931,2,15496978560.000,2,2,0,双开,B,2871.0000,2870.8000,2870.4000,2870.2000,2870.0000,2871.8000,2872.0000,2872.4000,2872.6000,2872.8000,1,4,2,1,6,3,13,1,1,1
SF,IH2006,2020-06-17 14:48:15.700,2871.6000,17931,0,15496978560.000,0,-,-,-,-,2871.0000,2870.8000,2870.4000,2870.2000,2870.0000,2871.8000,2872.0000,2872.4000,2872.6000,2872.8000,2,4,2,1,6,4,13,1,1,1
SF,IH2006,2020-06-17 14:48:16.200,2871.6000,17931,0,15496978560.000,0,-,-,-,-,2871.0000,2870.8000,2870.4000,2870.2000,2870.0000,2871.6000,2871.8000,2872.0000,2872.4000,2872.6000,2,4,2,1,6,1,3,13,1,1
SF,IH2006,2020-06-17 14:48:16.700,2871.6000,17931,0,15496978560.000,0,-,-,-,-,2871.0000,2870.8000,2870.4000,2870.2000,2870.0000,2871.6000,2871.8000,2872.0000,2872.4000,2872.6000,2,4,2,2,6,1,3,13,1,2
SF,IH2006,2020-06-17 14:48:17.700,2871.6000,17931,0,15496978560.000,0,-,-,-,-,2871.0000,2870.8000,2870.4000,2870.2000,2870.0000,2871.6000,2871.8000,2872.0000,2872.4000,2872.6000,1,4,1,2,6,1,3,13,1,2
SF,IH2006,2020-06-17 14:48:19.700,2871.6000,17931,0,15496978560.000,0,-,-,-,-,2871.0000,2870.8000,2870.4000,2870.2000,2870.0000,2871.4000,2871.6000,2871.8000,2872.0000,2872.4000,1,4,1,2,6,1,1,3,13,1
SF,IH2006,2020-06-17 14:48:20.200,2871.6000,17931,0,15496978560.000,0,-,-,-,-,2871.0000,2870.8000,2870.4000,2870.2000,2870.0000,2871.4000,2871.6000,2871.8000,2872.0000,2872.4000,1,4,1,2,6,2,1,2,13,1
SF,IH2006,2020-06-17 14:48:21.200,2871.0000,17931,0,15497839860.000,1,0,1,空换,B,2870.8000,2870.4000,2870.2000,2870.0000,2869.4000,2871.4000,2871.6000,2871.8000,2872.0000,2872.4000,4,1,2,6,3,2,1,2,13,1
SF,IH2006,2020-06-17 14:48:21.700,2871.4000,17932,1,15498701280.000,1,1,0,双开,B,2870.8000,2870.4000,2870.2000,2870.0000,2869.4000,2871.4000,2871.6000,2871.8000,2872.0000,2872.4000,4,1,2,6,3,2,1,2,13,1
SF,IH2006,2020-06-17 14:48:22.200,2871.4000,17932,0,15498701280.000,0,-,-,-,-,2871.2000,2870.8000,2870.4000,2870.2000,2870.0000,2871.4000,2871.6000,2871.8000,2872.0000,2872.4000,2,4,1,2,6,2,1,2,13,1
SF,IH2006,2020-06-17 14:48:22.700,2871.4000,17932,0,15498701280.000,0,-,-,-,-,2871.0000,2870.8000,2870.4000,2870.2000,2870.0000,2871.4000,2871.6000,2871.8000,2872.0000,2872.4000,2,4,1,2,6,1,1,2,13,1
SF,IH2006,2020-06-17 14:48:23.200,2871.4000,17933,1,15499562700.000,1,1,0,双开,B,2871.4000,2871.0000,2870.8000,2870.4000,2870.2000,2871.6000,2871.8000,2872.0000,2872.4000,2872.6000,1,2,4,1,2,1,2,13,1,2
SF,IH2006,2020-06-17 14:48:23.700,2871.8000,17933,0,15500424240.000,1,0,1,空换,B,2871.0000,2870.8000,2870.4000,2870.2000,2870.0000,2871.8000,2872.0000,2872.4000,2872.6000,2872.8000,2,4,1,2,6,1,13,1,2,1
SF,IH2006,2020-06-17 14:48:24.200,2871.8000,17933,0,15500424240.000,0,-,-,-,-,2871.2000,2871.0000,2870.8000,2870.4000,2870.2000,2871.8000,2872.0000,2872.4000,2872.6000,2872.8000,2,1,4,1,2,2,13,1,2,1
SF,IH2006,2020-06-17 14:48:24.700,2871.8000,17933,0,15500424240.000,0,-,-,-,-,2871.2000,2871.0000,2870.8000,2870.4000,2870.2000,2871.6000,2871.8000,2872.0000,2872.4000,2872.6000,2,1,4,1,2,1,2,13,1,2
SF,IH2006,2020-06-17 14:48:25.200,2871.8000,17933,0,15500424240.000,0,-,-,-,-,2871.2000,2871.0000,2870.8000,2870.4000,2870.2000,2871.6000,2871.8000,2872.0000,2872.4000,2872.6000,3,1,4,1,2,1,2,13,1,2
SF,IH2006,2020-06-17 14:48:25.700,2871.8000,17933,0,15500424240.000,0,-,-,-,-,2871.2000,2870.8000,2870.4000,2870.2000,2870.0000,2871.6000,2871.8000,2872.0000,2872.4000,2872.6000,3,4,1,2,6,1,2,13,1,2
SF,IH2006,2020-06-17 14:48:28.700,2871.8000,17934,1,15501285780.000,1,1,0,双开,B,2871.2000,2870.8000,2870.4000,2870.2000,2870.0000,2871.8000,2872.0000,2872.4000,2872.6000,2872.8000,3,4,1,2,6,2,13,1,2,1
SF,IH2006,2020-06-17 14:48:29.200,2871.2000,17933,-1,15502147140.000,1,0,1,双平,B,2871.2000,2870.8000,2870.4000,2870.2000,2870.0000,2871.8000,2872.0000,2872.4000,2872.6000,2872.8000,2,4,1,2,6,2,19,1,2,1
SF,IH2006,2020-06-17 14:48:29.700,2871.2000,17933,0,15502147140.000,0,-,-,-,-,2871.2000,2870.8000,2870.4000,2870.2000,2870.0000,2871.6000,2871.8000,2872.0000,2872.4000,2872.6000,3,4,1,2,6,1,2,19,1,2
SF,IH2006,2020-06-17 14:48:31.700,2871.2000,17933,0,15502147140.000,0,-,-,-,-,2871.2000,2870.8000,2870.4000,2870.2000,2870.0000,2871.6000,2871.8000,2872.0000,2872.4000,2872.6000,2,4,1,2,6,1,2,19,1,2
SF,IH2006,2020-06-17 14:48:34.200,2871.2000,17933,0,15502147140.000,0,-,-,-,-,2871.2000,2870.8000,2870.4000,2870.2000,2870.0000,2871.4000,2871.6000,2871.8000,2872.0000,2872.4000,2,4,1,2,6,1,1,2,20,1
SF,IH2006,2020-06-17 14:48:35.700,2871.4000,17933,0,15503008560.000,1,0,1,空换,B,2871.2000,2870.8000,2870.4000,2870.2000,2870.0000,2871.6000,2871.8000,2872.0000,2872.4000,2872.6000,2,4,1,2,6,1,2,20,1,2
SF,IH2006,2020-06-17 14:48:39.200,2871.6000,17933,0,15503870040.000,1,0,1,空换,B,2871.2000,2870.8000,2870.4000,2870.2000,2870.0000,2871.6000,2871.8000,2872.0000,2872.4000,2872.6000,2,4,1,2,6,1,3,20,1,2
SF,IH2006,2020-06-17 14:48:39.700,2871.6000,17933,0,15503870040.000,0,-,-,-,-,2871.2000,2870.8000,2870.4000,2870.2000,2870.0000,2871.6000,2871.8000,2872.0000,2872.4000,2872.6000,2,4,1,2,6,3,3,20,1,2
SF,IH2006,2020-06-17 14:48:40.200,2871.6000,17933,0,15503870040.000,0,-,-,-,-,2871.2000,2870.8000,2870.4000,2870.2000,2870.0000,2871.4000,2871.6000,2871.8000,2872.0000,2872.4000,2,4,1,2,6,1,3,3,20,1
SF,IH2006,2020-06-17 14:48:40.700,2871.6000,17933,0,15503870040.000,0,-,-,-,-,2871.2000,2870.8000,2870.4000,2870.2000,2870.0000,2871.4000,2871.6000,2871.8000,2872.0000,2872.4000,2,5,1,2,6,1,3,3,20,1
SF,IH2006,2020-06-17 14:48:41.700,2871.2000,17934,1,15504731400.000,1,1,0,双开,B,2871.2000,2870.8000,2870.4000,2870.2000,2870.0000,2871.4000,2871.6000,2871.8000,2872.0000,2872.4000,1,5,1,2,6,1,3,3,20,1
SF,IH2006,2020-06-17 14:48:42.200,2871.2000,17934,0,15504731400.000,0,-,-,-,-,2871.2000,2870.8000,2870.4000,2870.2000,2870.0000,2871.4000,2871.6000,2871.8000,2872.0000,2872.4000,1,5,1,2,6,2,3,3,20,1
SF,IH2006,2020-06-17 14:48:42.700,2871.4000,17935,1,15505592820.000,1,1,0,双开,B,2871.2000,2870.8000,2870.4000,2870.2000,2870.0000,2871.4000,2871.6000,2871.8000,2872.0000,2872.4000,1,5,1,2,6,1,3,3,20,1
SF,IH2006,2020-06-17 14:48:44.200,2871.2000,17936,1,15506454180.000,1,1,0,双开,B,2870.8000,2870.4000,2870.2000,2870.0000,2869.4000,2871.4000,2871.6000,2871.8000,2872.0000,2872.4000,5,1,2,6,3,1,3,3,20,1
SF,IH2006,2020-06-17 14:48:47.700,2871.4000,17936,0,15507315600.000,1,0,1,空换,B,2870.8000,2870.4000,2870.2000,2870.0000,2869.4000,2871.6000,2871.8000,2872.0000,2872.4000,2872.6000,5,1,2,6,3,3,3,20,1,2
SF,IH2006,2020-06-17 14:48:48.200,2871.4000,17936,0,15507315600.000,0,-,-,-,-,2871.0000,2870.8000,2870.4000,2870.2000,2870.0000,2871.6000,2871.8000,2872.0000,2872.4000,2872.6000,2,5,1,2,6,3,3,20,1,2
SF,IH2006,2020-06-17 14:48:48.700,2871.4000,17936,0,15507315600.000,0,-,-,-,-,2871.0000,2870.8000,2870.4000,2870.2000,2870.0000,2871.6000,2871.8000,2872.0000,2872.4000,2872.6000,3,5,1,2,6,3,3,20,1,2
SF,IH2006,2020-06-17 14:48:49.200,2871.4000,17936,0,15507315600.000,0,-,-,-,-,2871.0000,2870.8000,2870.4000,2870.2000,2870.0000,2871.6000,2871.8000,2872.0000,2872.4000,2872.6000,3,4,1,2,6,3,3,20,1,2
SF,IH2006,2020-06-17 14:48:49.700,2871.0000,17936,0,15508176900.000,1,0,1,空换,B,2871.0000,2870.8000,2870.4000,2870.2000,2870.0000,2871.4000,2871.6000,2871.8000,2872.0000,2872.4000,2,4,1,2,6,1,3,2,20,1
SF,IH2006,2020-06-17 14:48:50.200,2871.6000,17937,1,15509899800.000,2,1,1,多开,B,2871.0000,2870.8000,2870.4000,2870.2000,2870.0000,2871.6000,2871.8000,2872.0000,2872.4000,2872.6000,2,4,1,2,6,2,2,20,1,2
SF,IH2006,2020-06-17 14:48:50.700,2871.6000,17937,0,15509899800.000,0,-,-,-,-,2871.0000,2870.8000,2870.4000,2870.2000,2870.0000,2871.4000,2871.6000,2871.8000,2872.0000,2872.4000,2,4,1,2,6,1,2,2,20,1
SF,IH2006,2020-06-17 14:48:51.200,2871.6000,17938,1,15510761280.000,1,1,0,双开,B,2871.0000,2870.8000,2870.4000,2870.2000,2870.0000,2871.4000,2871.6000,2871.8000,2872.0000,2872.4000,2,4,1,2,6,1,1,2,20,1
SF,IH2006,2020-06-17 14:48:52.200,2871.6000,17938,0,15510761280.000,0,-,-,-,-,2871.0000,2870.8000,2870.4000,2870.2000,2870.0000,2871.2000,2871.4000,2871.6000,2871.8000,2872.0000,2,4,1,2,6,1,1,1,2,20
SF,IH2006,2020-06-17 14:48:52.700,2871.2000,17939,1,15511622640.000,1,1,0,双开,B,2871.2000,2871.0000,2870.8000,2870.4000,2870.2000,2871.4000,2871.6000,2871.8000,2872.0000,2872.4000,2,2,4,1,2,1,1,2,20,1
SF,IH2006,2020-06-17 14:48:53.200,2871.2000,17939,0,15511622640.000,0,-,-,-,-,2871.2000,2871.0000,2870.8000,2870.4000,2870.2000,2871.6000,2871.8000,2872.0000,2872.4000,2872.6000,2,2,4,1,2,1,2,20,1,2
SF,IH2006,2020-06-17 14:48:54.200,2871.2000,17940,1,15512484000.000,1,1,0,双开,B,2871.2000,2871.0000,2870.8000,2870.4000,2870.2000,2871.6000,2871.8000,2872.0000,2872.4000,2872.6000,1,2,4,1,2,1,2,20,1,2
SF,IH2006,2020-06-17 14:48:54.700,2871.0000,17943,3,15515929440.000,4,3,1,多开,B,2870.8000,2870.4000,2870.2000,2870.0000,2869.4000,2871.8000,2872.0000,2872.4000,2872.6000,2872.8000,4,1,2,6,3,2,20,1,2,1
SF,IH2006,2020-06-17 14:48:55.200,2871.0000,17943,0,15515929440.000,0,-,-,-,-,2871.0000,2870.8000,2870.4000,2870.2000,2870.0000,2871.6000,2871.8000,2872.0000,2872.4000,2872.6000,4,4,1,2,6,1,2,20,1,2
SF,IH2006,2020-06-17 14:48:55.700,2871.0000,17943,0,15515929440.000,0,-,-,-,-,2871.0000,2870.8000,2870.4000,2870.2000,2870.0000,2871.6000,2871.8000,2872.0000,2872.4000,2872.6000,2,4,1,2,6,1,2,20,1,2
SF,IH2006,2020-06-17 14:48:57.700,2871.0000,17943,0,15515929440.000,0,-,-,-,-,2871.2000,2871.0000,2870.8000,2870.4000,2870.2000,2871.6000,2871.8000,2872.0000,2872.4000,2872.6000,1,2,4,1,2,1,2,20,1,2
SF,IH2006,2020-06-17 14:48:58.200,2871.6000,17944,1,15516790920.000,1,1,0,双开,B,2871.2000,2871.0000,2870.8000,2870.4000,2870.2000,2871.8000,2872.0000,2872.4000,2872.6000,2872.8000,1,2,4,1,2,2,20,1,2,1
SF,IH2006,2020-06-17 14:48:58.700,2871.6000,17944,0,15516790920.000,0,-,-,-,-,2871.2000,2871.0000,2870.8000,2870.4000,2870.2000,2871.8000,2872.0000,2872.4000,2872.6000,2872.8000,1,1,4,1,2,2,20,1,2,1
SF,IH2006,2020-06-17 14:48:59.200,2871.6000,17944,0,15516790920.000,0,-,-,-,-,2871.2000,2871.0000,2870.8000,2870.4000,2870.2000,2871.4000,2871.8000,2872.0000,2872.4000,2872.6000,1,1,4,1,2,2,2,20,1,2
SF,IH2006,2020-06-17 14:48:59.700,2871.6000,17944,0,15517652400.000,1,0,1,空换,B,2871.0000,2870.8000,2870.4000,2870.2000,2870.0000,2871.4000,2871.8000,2872.0000,2872.4000,2872.6000,1,4,1,2,6,2,2,20,1,2
SF,IH2006,2020-06-17 14:49:00.200,2871.6000,17944,0,15518513880.000,1,0,1,空换,B,2871.0000,2870.8000,2870.4000,2870.2000,2870.0000,2871.4000,2871.8000,2872.0000,2872.4000,2872.6000,1,4,1,2,6,1,2,20,1,2
SF,IH2006,2020-06-17 14:49:00.700,2870.8000,17946,2,15520236420.000,2,2,0,双开,B,2870.8000,2870.4000,2870.2000,2870.0000,2869.4000,2871.4000,2871.8000,2872.0000,2872.4000,2872.6000,3,1,2,6,3,1,2,20,1,2
SF,IH2006,2020-06-17 14:49:01.200,2870.8000,17946,0,15520236420.000,0,-,-,-,-,2871.0000,2870.8000,2870.4000,2870.2000,2870.0000,2871.4000,2871.6000,2871.8000,2872.0000,2872.4000,2,4,1,2,6,1,1,2,20,1
SF,IH2006,2020-06-17 14:49:01.700,2871.4000,17946,0,15521097840.000,1,0,1,空换,B,2871.0000,2870.8000,2870.4000,2870.2000,2870.0000,2871.6000,2871.8000,2872.0000,2872.4000,2872.6000,5,4,1,2,6,1,2,20,1,2
SF,IH2006,2020-06-17 14:49:02.200,2871.4000,17946,0,15521097840.000,0,-,-,-,-,2871.2000,2871.0000,2870.8000,2870.4000,2870.2000,2871.6000,2871.8000,2872.0000,2872.4000,2872.6000,1,5,4,1,2,1,2,20,1,2
SF,IH2006,2020-06-17 14:49:02.700,2871.4000,17946,0,15521097840.000,0,-,-,-,-,2871.2000,2871.0000,2870.8000,2870.4000,2870.2000,2871.6000,2871.8000,2872.0000,2872.4000,2872.6000,1,4,4,1,2,1,3,20,1,2
SF,IH2006,2020-06-17 14:49:03.200,2871.4000,17946,0,15521097840.000,0,-,-,-,-,2871.2000,2871.0000,2870.8000,2870.4000,2870.2000,2871.6000,2871.8000,2872.0000,2872.4000,2872.6000,1,4,4,1,2,1,3,20,1,2
SF,IH2006,2020-06-17 14:49:03.700,2871.4000,17946,0,15521097840.000,0,-,-,-,-,2871.2000,2871.0000,2870.8000,2870.4000,2870.2000,2871.6000,2871.8000,2872.0000,2872.4000,2872.6000,2,4,4,1,2,1,3,20,1,2
SF,IH2006,2020-06-17 14:49:05.200,2871.6000,17947,1,15521959320.000,1,1,0,双开,B,2871.2000,2871.0000,2870.8000,2870.4000,2870.2000,2871.8000,2872.0000,2872.4000,2872.6000,2872.8000,2,4,4,1,2,3,20,1,2,1
SF,IH2006,2020-06-17 14:49:05.700,2871.2000,17947,0,15522820680.000,1,0,1,空换,B,2871.2000,2871.0000,2870.8000,2870.4000,2870.2000,2871.8000,2872.0000,2872.4000,2872.6000,2872.8000,1,4,4,1,2,4,20,1,2,1
SF,IH2006,2020-06-17 14:49:06.200,2871.0000,17947,0,15523681980.000,1,0,1,空换,B,2871.0000,2870.8000,2870.4000,2870.2000,2870.0000,2871.6000,2871.8000,2872.0000,2872.4000,2872.6000,3,4,1,2,6,2,4,20,1,2
SF,IH2006,2020-06-17 14:49:06.700,2871.0000,17947,0,15523681980.000,0,-,-,-,-,2871.0000,2870.8000,2870.4000,2870.2000,2870.0000,2871.4000,2871.6000,2871.8000,2872.0000,2872.4000,3,4,1,2,6,1,2,4,20,1
SF,IH2006,2020-06-17 14:49:07.200,2871.0000,17947,0,15523681980.000,0,-,-,-,-,2871.0000,2870.8000,2870.4000,2870.2000,2870.0000,2871.4000,2871.6000,2871.8000,2872.0000,2872.4000,3,4,1,2,6,1,2,4,20,1
SF,IH2006,2020-06-17 14:49:07.700,2871.0000,17947,0,15523681980.000,0,-,-,-,-,2871.0000,2870.8000,2870.4000,2870.2000,2870.0000,2871.4000,2871.6000,2871.8000,2872.0000,2872.4000,3,4,1,2,6,1,3,4,20,1
SF,IH2006,2020-06-17 14:49:08.200,2871.0000,17947,0,15523681980.000,0,-,-,-,-,2871.0000,2870.8000,2870.4000,2870.2000,2870.0000,2871.4000,2871.6000,2871.8000,2872.0000,2872.4000,3,4,1,2,6,1,4,4,20,1
SF,IH2006,2020-06-17 14:49:10.200,2871.4000,17948,1,15524543400.000,1,1,0,双开,B,2871.0000,2870.8000,2870.4000,2870.2000,2870.0000,2871.6000,2871.8000,2872.0000,2872.4000,2872.6000,3,4,1,2,6,4,4,20,1,3
SF,IH2006,2020-06-17 14:49:10.700,2871.4000,17948,0,15524543400.000,0,-,-,-,-,2871.0000,2870.8000,2870.4000,2870.2000,2870.0000,2871.6000,2871.8000,2872.0000,2872.4000,2872.6000,3,4,1,2,6,4,4,20,1,3
SF,IH2006,2020-06-17 14:49:11.200,2871.0000,17949,1,15526266000.000,2,1,1,多开,B,2871.0000,2870.8000,2870.6000,2870.4000,2870.2000,2871.6000,2871.8000,2872.0000,2872.4000,2872.6000,1,4,1,1,2,4,4,20,1,3
SF,IH2006,2020-06-17 14:49:11.700,2871.0000,17949,0,15526266000.000,0,-,-,-,-,2871.0000,2870.8000,2870.6000,2870.4000,2870.2000,2871.2000,2871.6000,2871.8000,2872.0000,2872.4000,1,4,1,1,2,2,4,4,20,1
SF,IH2006,2020-06-17 14:49:12.200,2871.0000,17949,0,15526266000.000,0,-,-,-,-,2871.0000,2870.8000,2870.6000,2870.4000,2870.2000,2871.6000,2871.8000,2872.0000,2872.4000,2872.6000,1,4,1,1,2,4,4,20,1,3
SF,IH2006,2020-06-17 14:49:13.200,2871.0000,17949,0,15526266000.000,0,-,-,-,-,2871.2000,2871.0000,2870.8000,2870.6000,2870.4000,2871.6000,2871.8000,2872.0000,2872.4000,2872.6000,1,1,4,1,1,4,4,20,1,3
SF,IH2006,2020-06-17 14:49:16.200,2871.0000,17949,0,15526266000.000,0,-,-,-,-,2871.2000,2871.0000,2870.8000,2870.6000,2870.4000,2871.6000,2871.8000,2872.0000,2872.4000,2872.6000,1,1,4,1,1,3,4,20,1,3
SF,IH2006,2020-06-17 14:49:17.200,2871.0000,17949,0,15526266000.000,0,-,-,-,-,2871.2000,2871.0000,2870.8000,2870.6000,2870.4000,2871.6000,2871.8000,2872.0000,2872.4000,2872.6000,1,1,4,1,1,3,4,20,1,3
SF,IH2006,2020-06-17 14:49:17.700,2871.0000,17950,1,15527988600.000,2,1,1,多开,B,2870.8000,2870.6000,2870.4000,2870.2000,2870.0000,2871.6000,2871.8000,2872.0000,2872.4000,2872.6000,4,1,1,2,6,3,4,20,1,3
SF,IH2006,2020-06-17 14:49:18.200,2871.0000,17950,0,15527988600.000,0,-,-,-,-,2870.8000,2870.6000,2870.4000,2870.2000,2870.0000,2871.4000,2871.6000,2871.8000,2872.0000,2872.4000,4,1,1,2,6,1,3,4,20,1
SF,IH2006,2020-06-17 14:49:18.700,2870.6000,17955,5,15532294740.000,5,5,0,双开,B,2870.4000,2870.2000,2870.0000,2869.6000,2869.4000,2871.4000,2871.6000,2871.8000,2872.0000,2872.4000,1,2,6,1,3,1,3,4,20,1
SF,IH2006,2020-06-17 14:49:19.200,2870.6000,17957,2,15534017100.000,2,2,0,双开,B,2870.6000,2870.4000,2870.2000,2870.0000,2869.6000,2871.2000,2871.4000,2871.6000,2871.8000,2872.0000,7,2,2,6,1,1,1,3,4,20
SF,IH2006,2020-06-17 14:49:19.700,2870.6000,17957,0,15534017100.000,0,-,-,-,-,2870.6000,2870.4000,2870.2000,2870.0000,2869.6000,2871.2000,2871.4000,2871.6000,2871.8000,2872.0000,5,2,2,6,1,1,1,3,4,20
SF,IH2006,2020-06-17 14:49:21.700,2870.6000,17957,0,15534017100.000,0,-,-,-,-,2870.6000,2870.4000,2870.2000,2870.0000,2869.6000,2871.2000,2871.4000,2871.6000,2871.8000,2872.0000,5,2,2,6,1,1,1,4,4,20
SF,IH2006,2020-06-17 14:49:22.200,2870.6000,17957,0,15534017100.000,0,-,-,-,-,2870.6000,2870.4000,2870.2000,2870.0000,2869.6000,2871.0000,2871.2000,2871.4000,2871.6000,2871.8000,5,2,2,6,1,1,1,1,3,4
SF,IH2006,2020-06-17 14:49:23.200,2870.6000,17957,0,15534017100.000,0,-,-,-,-,2870.6000,2870.4000,2870.2000,2870.0000,2869.6000,2871.0000,2871.2000,2871.4000,2871.6000,2871.8000,4,2,2,6,1,1,1,1,4,4
SF,IH2006,2020-06-17 14:49:23.700,2870.8000,17957,0,15534878340.000,1,0,1,空换,B,2870.8000,2870.6000,2870.4000,2870.2000,2870.0000,2871.2000,2871.4000,2871.6000,2871.8000,2872.0000,1,4,2,2,6,1,1,4,4,20
SF,IH2006,2020-06-17 14:49:24.700,2870.8000,17957,0,15534878340.000,0,-,-,-,-,2870.8000,2870.6000,2870.4000,2870.2000,2870.0000,2871.2000,2871.4000,2871.6000,2871.8000,2872.0000,1,4,4,2,6,1,1,4,4,20
SF,IH2006,2020-06-17 14:49:25.700,2870.8000,17957,0,15534878340.000,0,-,-,-,-,2870.8000,2870.6000,2870.4000,2870.2000,2870.0000,2871.0000,2871.2000,2871.4000,2871.6000,2871.8000,1,4,4,2,6,1,1,1,4,3
SF,IH2006,2020-06-17 14:49:26.700,2870.8000,17957,0,15534878340.000,0,-,-,-,-,2870.8000,2870.6000,2870.4000,2870.2000,2870.0000,2871.0000,2871.2000,2871.4000,2871.6000,2871.8000,1,4,4,2,6,2,1,1,4,3
SF,IH2006,2020-06-17 14:49:27.200,2870.8000,17957,0,15534878340.000,0,-,-,-,-,2870.8000,2870.6000,2870.4000,2870.2000,2870.0000,2871.0000,2871.2000,2871.4000,2871.6000,2871.8000,1,4,4,2,6,2,2,1,4,3
SF,IH2006,2020-06-17 14:49:27.700,2871.0000,17958,1,15535739640.000,1,1,0,双开,B,2870.8000,2870.6000,2870.4000,2870.2000,2870.0000,2871.0000,2871.2000,2871.4000,2871.6000,2871.8000,1,4,4,2,6,1,2,1,4,3
SF,IH2006,2020-06-17 14:49:28.700,2871.0000,17958,0,15535739640.000,0,-,-,-,-,2870.8000,2870.6000,2870.4000,2870.2000,2870.0000,2871.0000,2871.2000,2871.4000,2871.6000,2871.8000,1,4,4,2,6,1,2,1,4,3
SF,IH2006,2020-06-17 14:49:29.200,2871.0000,17958,0,15535739640.000,0,-,-,-,-,2870.8000,2870.6000,2870.4000,2870.2000,2870.0000,2871.0000,2871.2000,2871.4000,2871.6000,2871.8000,1,4,7,2,6,1,2,1,4,3
SF,IH2006,2020-06-17 14:49:29.700,2871.0000,17958,0,15535739640.000,0,-,-,-,-,2870.8000,2870.6000,2870.4000,2870.2000,2870.0000,2871.0000,2871.2000,2871.4000,2871.6000,2871.8000,1,4,7,2,6,1,2,1,4,3
SF,IH2006,2020-06-17 14:49:30.200,2871.0000,17958,0,15536600940.000,1,0,1,空换,B,2870.8000,2870.6000,2870.4000,2870.2000,2870.0000,2871.2000,2871.4000,2871.6000,2871.8000,2872.0000,1,4,7,5,6,2,1,4,3,20
SF,IH2006,2020-06-17 14:49:30.700,2871.2000,17958,0,15537462300.000,1,0,1,空换,B,2870.8000,2870.6000,2870.4000,2870.2000,2870.0000,2871.2000,2871.4000,2871.6000,2871.8000,2872.0000,1,4,7,5,6,1,1,4,3,20
SF,IH2006,2020-06-17 14:49:31.200,2871.2000,17958,0,15537462300.000,0,-,-,-,-,2870.8000,2870.6000,2870.4000,2870.2000,2870.0000,2871.2000,2871.4000,2871.6000,2871.8000,2872.0000,1,4,7,5,6,2,1,4,3,20
SF,IH2006,2020-06-17 14:49:31.700,2871.2000,17958,0,15537462300.000,0,-,-,-,-,2870.8000,2870.6000,2870.4000,2870.2000,2870.0000,2871.2000,2871.4000,2871.6000,2871.8000,2872.0000,1,4,7,5,6,1,1,4,3,20
SF,IH2006,2020-06-17 14:49:33.700,2871.2000,17958,0,15537462300.000,0,-,-,-,-,2870.8000,2870.6000,2870.4000,2870.2000,2870.0000,2871.2000,2871.4000,2871.6000,2871.8000,2872.0000,1,4,7,5,6,1,1,4,3,20
SF,IH2006,2020-06-17 14:49:34.200,2871.2000,17958,0,15537462300.000,0,-,-,-,-,2870.8000,2870.6000,2870.4000,2870.2000,2870.0000,2871.0000,2871.2000,2871.4000,2871.6000,2871.8000,1,4,4,5,6,1,1,1,4,3
SF,IH2006,2020-06-17 14:49:34.700,2871.0000,17958,0,15538323600.000,1,0,1,空换,B,2870.8000,2870.6000,2870.4000,2870.2000,2870.0000,2871.2000,2871.4000,2871.6000,2871.8000,2872.0000,1,4,4,5,6,1,1,4,3,20
SF,IH2006,2020-06-17 14:49:38.700,2871.0000,17958,0,15538323600.000,0,-,-,-,-,2870.8000,2870.6000,2870.4000,2870.2000,2870.0000,2871.2000,2871.4000,2871.6000,2871.8000,2872.0000,1,4,4,5,6,1,1,4,3,20
SF,IH2006,2020-06-17 14:49:39.700,2871.0000,17958,0,15538323600.000,0,-,-,-,-,2870.8000,2870.6000,2870.4000,2870.2000,2870.0000,2871.2000,2871.4000,2871.6000,2871.8000,2872.0000,1,3,4,5,6,1,1,4,3,20
SF,IH2006,2020-06-17 14:49:40.200,2871.0000,17958,0,15538323600.000,0,-,-,-,-,2870.8000,2870.6000,2870.4000,2870.2000,2870.0000,2871.2000,2871.4000,2871.6000,2871.8000,2872.0000,1,3,5,5,6,1,2,4,3,20
SF,IH2006,2020-06-17 14:49:40.700,2870.8000,17961,3,15540907560.000,3,3,0,双开,B,2870.6000,2870.4000,2870.2000,2870.0000,2869.4000,2870.8000,2871.2000,2871.4000,2871.6000,2871.8000,3,5,5,6,3,2,1,2,4,3
SF,IH2006,2020-06-17 14:49:41.200,2871.0000,17961,0,15543491340.000,3,1,2,空换,B,2870.8000,2870.6000,2870.4000,2870.2000,2870.0000,2871.0000,2871.2000,2871.4000,2871.6000,2871.8000,15,3,5,5,6,1,1,2,4,3
SF,IH2006,2020-06-17 14:49:41.700,2871.0000,17961,0,15544352640.000,1,0,1,空换,B,2871.0000,2870.8000,2870.6000,2870.4000,2870.2000,2871.2000,2871.4000,2871.6000,2871.8000,2872.0000,1,5,3,5,5,1,2,4,3,20
SF,IH2006,2020-06-17 14:49:42.200,2871.0000,17962,1,15545213940.000,1,1,0,双开,B,2870.8000,2870.6000,2870.4000,2870.2000,2870.0000,2871.2000,2871.4000,2871.6000,2871.8000,2872.0000,5,3,5,5,6,1,2,4,3,20
SF,IH2006,2020-06-17 14:49:42.700,2871.0000,17962,0,15545213940.000,0,-,-,-,-,2870.8000,2870.6000,2870.4000,2870.2000,2870.0000,2871.2000,2871.4000,2871.6000,2871.8000,2872.0000,5,2,5,5,6,1,2,4,3,20
SF,IH2006,2020-06-17 14:49:43.700,2871.0000,17962,0,15545213940.000,0,-,-,-,-,2870.8000,2870.6000,2870.4000,2870.2000,2870.0000,2871.2000,2871.4000,2871.6000,2871.8000,2872.0000,6,2,5,5,6,1,2,4,3,20
SF,IH2006,2020-06-17 14:49:44.200,2870.8000,17964,2,15546936420.000,2,2,0,双开,B,2870.8000,2870.6000,2870.4000,2870.2000,2870.0000,2871.2000,2871.4000,2871.6000,2871.8000,2872.0000,4,2,5,5,6,1,2,4,3,20
SF,IH2006,2020-06-17 14:49:47.200,2870.8000,17964,0,15546936420.000,0,-,-,-,-,2870.8000,2870.6000,2870.4000,2870.2000,2870.0000,2871.2000,2871.4000,2871.6000,2871.8000,2872.0000,4,3,5,5,6,1,2,4,3,20
SF,IH2006,2020-06-17 14:49:47.700,2870.8000,17965,1,15547797660.000,1,1,0,双开,B,2871.0000,2870.8000,2870.6000,2870.4000,2870.2000,2871.2000,2871.4000,2871.6000,2871.8000,2872.0000,1,3,3,5,5,1,2,4,3,20
SF,IH2006,2020-06-17 14:49:48.200,2870.8000,17965,0,15547797660.000,0,-,-,-,-,2871.0000,2870.8000,2870.6000,2870.4000,2870.2000,2871.2000,2871.4000,2871.6000,2871.8000,2872.0000,4,3,3,5,5,1,2,4,3,20
SF,IH2006,2020-06-17 14:49:49.200,2870.8000,17965,0,15547797660.000,0,-,-,-,-,2871.0000,2870.8000,2870.6000,2870.4000,2870.2000,2871.2000,2871.4000,2871.6000,2871.8000,2872.0000,6,3,3,5,5,1,2,4,3,20
SF,IH2006,2020-06-17 14:49:50.200,2870.8000,17965,0,15548658900.000,1,0,1,空换,B,2871.0000,2870.8000,2870.6000,2870.4000,2870.2000,2871.2000,2871.4000,2871.6000,2871.8000,2872.0000,5,3,3,5,2,1,2,4,3,20
SF,IH2006,2020-06-17 14:49:51.700,2870.8000,17965,0,15548658900.000,0,-,-,-,-,2871.0000,2870.8000,2870.6000,2870.4000,2870.2000,2871.2000,2871.4000,2871.6000,2871.8000,2872.0000,3,3,3,5,2,1,2,4,3,20
SF,IH2006,2020-06-17 14:49:52.200,2871.0000,17966,1,15549520200.000,1,1,0,双开,B,2870.8000,2870.6000,2870.4000,2870.2000,2870.0000,2871.2000,2871.4000,2871.6000,2871.8000,2872.0000,3,3,5,2,6,1,2,4,3,20
SF,IH2006,2020-06-17 14:49:52.700,2871.2000,17966,0,15550381560.000,1,0,1,空换,B,2870.8000,2870.6000,2870.4000,2870.2000,2870.0000,2871.4000,2871.6000,2871.8000,2872.0000,2872.4000,3,3,5,2,6,2,4,3,20,1
SF,IH2006,2020-06-17 14:49:54.200,2871.2000,17966,0,15550381560.000,0,-,-,-,-,2870.8000,2870.6000,2870.4000,2870.2000,2870.0000,2871.4000,2871.6000,2871.8000,2872.0000,2872.4000,5,3,5,2,6,2,4,3,20,1
SF,IH2006,2020-06-17 14:49:54.700,2870.8000,17966,0,15551242800.000,1,0,1,空换,B,2870.8000,2870.6000,2870.4000,2870.2000,2870.0000,2871.4000,2871.6000,2871.8000,2872.0000,2872.4000,4,3,5,2,6,2,4,3,20,1
SF,IH2006,2020-06-17 14:49:55.200,2870.8000,17966,0,15551242800.000,0,-,-,-,-,2870.8000,2870.6000,2870.4000,2870.2000,2870.0000,2871.4000,2871.6000,2871.8000,2872.0000,2872.4000,5,3,5,2,6,2,4,3,20,1
SF,IH2006,2020-06-17 14:49:55.700,2870.8000,17966,0,15551242800.000,0,-,-,-,-,2870.8000,2870.6000,2870.4000,2870.2000,2870.0000,2871.0000,2871.2000,2871.4000,2871.6000,2871.8000,5,3,5,2,6,2,1,2,4,3
SF,IH2006,2020-06-17 14:49:56.200,2870.8000,17966,0,15551242800.000,0,-,-,-,-,2870.8000,2870.6000,2870.4000,2870.2000,2870.0000,2871.2000,2871.4000,2871.6000,2871.8000,2872.0000,5,3,5,2,6,1,2,4,3,20
SF,IH2006,2020-06-17 14:49:56.700,2870.8000,17966,0,15551242800.000,0,-,-,-,-,2871.0000,2870.8000,2870.6000,2870.4000,2870.2000,2871.2000,2871.4000,2871.6000,2871.8000,2872.0000,1,5,3,5,2,1,2,4,3,20
SF,IH2006,2020-06-17 14:49:57.700,2870.8000,17967,1,15552104040.000,1,1,0,双开,B,2870.8000,2870.6000,2870.4000,2870.2000,2870.0000,2871.2000,2871.4000,2871.6000,2871.8000,2872.0000,5,3,5,2,6,1,2,4,3,20
SF,IH2006,2020-06-17 14:49:58.200,2870.8000,17967,0,15552104040.000,0,-,-,-,-,2870.8000,2870.6000,2870.4000,2870.2000,2870.0000,2871.0000,2871.2000,2871.4000,2871.6000,2871.8000,5,3,5,2,6,3,2,1,4,3
SF,IH2006,2020-06-17 14:49:58.700,2870.8000,17968,1,15553826580.000,2,1,1,多开,B,2870.8000,2870.6000,2870.4000,2870.2000,2870.0000,2871.2000,2871.4000,2871.6000,2871.8000,2872.0000,4,3,5,2,6,2,1,4,3,20
SF,IH2006,2020-06-17 14:49:59.200,2870.8000,17968,0,15553826580.000,0,-,-,-,-,2870.8000,2870.6000,2870.4000,2870.2000,2870.0000,2871.2000,2871.4000,2871.6000,2871.8000,2872.0000,3,3,4,2,6,2,1,4,3,20
SF,IH2006,2020-06-17 14:49:59.700,2870.8000,17970,2,15556410300.000,3,2,1,多开,B,2870.6000,2870.4000,2870.2000,2870.0000,2869.4000,2870.8000,2871.0000,2871.2000,2871.4000,2871.6000,3,4,2,6,3,1,2,2,1,4
SF,IH2006,2020-06-17 14:50:00.200,2871.2000,17970,0,15558994260.000,3,1,2,空换,B,2870.8000,2870.6000,2870.4000,2870.2000,2870.0000,2871.2000,2871.4000,2871.6000,2871.8000,2872.0000,3,2,4,2,6,1,1,4,3,20
SF,IH2006,2020-06-17 14:50:00.700,2870.4000,17972,2,15565022700.000,7,4,3,多开,B,2870.4000,2870.2000,2870.0000,2869.6000,2869.4000,2871.2000,2871.4000,2871.6000,2871.8000,2872.0000,3,2,6,1,3,1,1,4,3,20
SF,IH2006,2020-06-17 14:50:01.200,2870.0000,17974,2,15570189180.000,6,4,2,多开,B,2870.0000,2869.6000,2869.4000,2869.2000,2869.0000,2870.6000,2870.8000,2871.0000,2871.2000,2871.4000,5,1,3,5,1,10,2,4,1,1
SF,IH2006,2020-06-17 14:50:01.700,2870.8000,17973,-1,15573633780.000,4,1,3,空平,B,2870.8000,2870.2000,2870.0000,2869.6000,2869.4000,2871.0000,2871.2000,2871.4000,2871.6000,2871.8000,1,1,7,1,3,2,1,1,3,3
SF,IH2006,2020-06-17 14:50:02.200,2870.8000,17972,-1,15574495020.000,1,0,1,双平,B,2870.2000,2870.0000,2869.6000,2869.4000,2869.2000,2870.6000,2870.8000,2871.0000,2871.4000,2871.6000,1,6,1,3,4,4,15,2,1,3
SF,IH2006,2020-06-17 14:50:02.700,2870.2000,17972,0,15575356080.000,1,0,1,空换,B,2870.0000,2869.6000,2869.4000,2869.2000,2869.0000,2870.4000,2870.8000,2871.0000,2871.4000,2871.6000,6,1,3,4,1,1,7,2,1,3
SF,IH2006,2020-06-17 14:50:03.200,2870.4000,17972,0,15577078320.000,2,1,1,空换,B,2870.6000,2870.0000,2869.8000,2869.6000,2869.4000,2870.8000,2871.0000,2871.4000,2871.6000,2871.8000,1,6,1,1,3,7,2,1,3,3
SF,IH2006,2020-06-17 14:50:03.700,2870.6000,17974,2,15578800680.000,2,2,0,双开,B,2870.0000,2869.8000,2869.6000,2869.4000,2869.2000,2870.6000,2870.8000,2871.0000,2871.4000,2871.6000,6,1,1,3,4,2,7,2,1,2
SF,IH2006,2020-06-17 14:50:04.200,2870.6000,17974,0,15578800680.000,0,-,-,-,-,2870.0000,2869.8000,2869.6000,2869.4000,2869.2000,2870.4000,2870.6000,2870.8000,2871.0000,2871.4000,7,1,1,3,4,1,1,7,2,1
SF,IH2006,2020-06-17 14:50:04.700,2870.4000,17974,0,15579661800.000,1,0,1,空换,B,2870.4000,2870.2000,2870.0000,2869.8000,2869.6000,2870.8000,2871.0000,2871.4000,2871.6000,2871.8000,10,4,7,2,1,6,2,1,2,3
SF,IH2006,2020-06-17 14:50:05.200,2870.4000,17974,0,15579661800.000,0,-,-,-,-,2870.4000,2870.2000,2870.0000,2869.8000,2869.6000,2870.8000,2871.0000,2871.4000,2871.6000,2871.8000,1,4,7,1,1,3,2,1,2,3
SF,IH2006,2020-06-17 14:50:06.200,2870.8000,17975,1,15580523040.000,1,1,0,双开,B,2870.2000,2870.0000,2869.8000,2869.6000,2869.4000,2870.8000,2871.0000,2871.4000,2871.6000,2871.8000,4,7,1,1,3,2,2,1,2,3
SF,IH2006,2020-06-17 14:50:06.700,2870.8000,17975,0,15580523040.000,0,-,-,-,-,2870.2000,2870.0000,2869.8000,2869.6000,2869.4000,2870.8000,2871.0000,2871.4000,2871.6000,2871.8000,7,10,1,1,3,2,1,1,2,3
SF,IH2006,2020-06-17 14:50:07.200,2870.8000,17975,0,15580523040.000,0,-,-,-,-,2870.2000,2870.0000,2869.8000,2869.6000,2869.4000,2870.6000,2870.8000,2871.4000,2871.6000,2871.8000,7,13,1,1,3,1,2,1,2,3
SF,IH2006,2020-06-17 14:50:07.700,2870.4000,17974,-1,15581384160.000,1,0,1,双平,B,2870.2000,2870.0000,2869.8000,2869.6000,2869.4000,2870.8000,2871.4000,2871.6000,2871.8000,2872.0000,7,10,1,1,3,2,1,2,3,20
SF,IH2006,2020-06-17 14:50:08.200,2870.4000,17974,0,15581384160.000,0,-,-,-,-,2870.2000,2870.0000,2869.8000,2869.6000,2869.4000,2870.8000,2871.0000,2871.4000,2871.6000,2871.8000,7,10,1,1,3,2,1,1,2,3
SF,IH2006,2020-06-17 14:50:08.700,2870.4000,17974,0,15581384160.000,0,-,-,-,-,2870.4000,2870.2000,2870.0000,2869.8000,2869.6000,2870.8000,2871.0000,2871.4000,2871.6000,2871.8000,1,7,10,1,1,3,1,1,2,3
SF,IH2006,2020-06-17 14:50:09.200,2870.4000,17974,0,15581384160.000,0,-,-,-,-,2870.4000,2870.2000,2870.0000,2869.8000,2869.6000,2870.8000,2871.0000,2871.4000,2871.6000,2871.8000,2,7,11,1,1,3,1,1,2,3
SF,IH2006,2020-06-17 14:50:09.700,2870.4000,17974,0,15581384160.000,0,-,-,-,-,2870.4000,2870.2000,2870.0000,2869.8000,2869.6000,2870.8000,2871.0000,2871.4000,2871.6000,2871.8000,2,7,8,1,1,2,1,1,2,3
SF,IH2006,2020-06-17 14:50:10.200,2870.2000,17976,2,15583967460.000,3,2,1,多开,B,2870.2000,2870.0000,2869.8000,2869.6000,2869.4000,2870.8000,2871.0000,2871.4000,2871.6000,2871.8000,6,8,1,1,3,1,2,1,2,3
SF,IH2006,2020-06-17 14:50:10.700,2870.8000,17977,1,15584828700.000,1,1,0,双开,B,2870.4000,2870.2000,2870.0000,2869.8000,2869.6000,2871.0000,2871.4000,2871.6000,2871.8000,2872.0000,1,6,8,1,1,2,1,2,3,20
SF,IH2006,2020-06-17 14:50:11.200,2870.8000,17977,0,15584828700.000,0,-,-,-,-,2870.2000,2870.0000,2869.8000,2869.6000,2869.4000,2870.6000,2870.8000,2871.0000,2871.4000,2871.6000,6,8,1,1,3,1,5,2,1,2
SF,IH2006,2020-06-17 14:50:11.700,2870.4000,17976,-1,15589995780.000,6,2,4,空平,B,2870.2000,2870.0000,2869.8000,2869.6000,2869.4000,2870.8000,2871.0000,2871.4000,2871.6000,2871.8000,6,9,1,1,3,4,2,1,2,3
SF,IH2006,2020-06-17 14:50:12.200,2870.8000,17975,-1,15591718260.000,2,0,2,空平,B,2870.4000,2870.2000,2870.0000,2869.8000,2869.6000,2870.8000,2871.0000,2871.4000,2871.6000,2871.8000,1,6,9,1,1,2,2,1,2,3
SF,IH2006,2020-06-17 14:50:12.700,2870.8000,17975,0,15591718260.000,0,-,-,-,-,2870.4000,2870.2000,2870.0000,2869.8000,2869.6000,2871.0000,2871.4000,2871.6000,2871.8000,2872.0000,1,6,9,1,1,2,1,2,3,20
SF,IH2006,2020-06-17 14:50:13.200,2870.8000,17975,0,15591718260.000,0,-,-,-,-,2870.2000,2870.0000,2869.8000,2869.6000,2869.4000,2871.0000,2871.4000,2871.6000,2871.8000,2872.0000,6,9,1,1,3,2,1,2,3,20
SF,IH2006,2020-06-17 14:50:13.700,2871.0000,17975,0,15592579560.000,1,0,1,空换,B,2870.4000,2870.2000,2870.0000,2869.8000,2869.6000,2871.0000,2871.4000,2871.6000,2871.8000,2872.0000,8,6,9,1,1,1,1,2,3,20
SF,IH2006,2020-06-17 14:50:14.200,2870.6000,17974,-1,15593440740.000,1,0,1,双平,B,2870.4000,2870.2000,2870.0000,2869.8000,2869.6000,2871.0000,2871.4000,2871.6000,2871.8000,2872.0000,8,7,9,1,1,1,1,2,3,20
SF,IH2006,2020-06-17 14:50:14.700,2870.6000,17974,0,15593440740.000,0,-,-,-,-,2870.6000,2870.4000,2870.2000,2870.0000,2869.8000,2871.0000,2871.4000,2871.6000,2871.8000,2872.0000,1,8,7,7,1,1,1,2,3,20
SF,IH2006,2020-06-17 14:50:15.200,2870.6000,17974,0,15594301920.000,1,0,1,空换,B,2870.4000,2870.2000,2870.0000,2869.8000,2869.6000,2871.0000,2871.4000,2871.6000,2871.8000,2872.0000,7,7,7,1,1,1,1,2,3,20
SF,IH2006,2020-06-17 14:50:16.700,2870.6000,17974,0,15594301920.000,0,-,-,-,-,2870.4000,2870.2000,2870.0000,2869.8000,2869.6000,2871.0000,2871.2000,2871.4000,2871.6000,2871.8000,7,7,7,1,1,1,1,1,2,3
SF,IH2006,2020-06-17 14:50:17.200,2870.4000,17974,0,15595163040.000,1,0,1,空换,B,2870.4000,2870.2000,2870.0000,2869.8000,2869.6000,2871.0000,2871.2000,2871.4000,2871.6000,2871.8000,6,7,7,1,1,2,1,1,2,3
SF,IH2006,2020-06-17 14:50:17.700,2870.4000,17974,0,15595163040.000,0,-,-,-,-,2870.4000,2870.2000,2870.0000,2869.8000,2869.6000,2870.8000,2871.0000,2871.2000,2871.4000,2871.6000,6,7,7,1,1,2,2,1,1,2
SF,IH2006,2020-06-17 14:50:18.200,2870.4000,17974,0,15595163040.000,0,-,-,-,-,2870.4000,2870.2000,2870.0000,2869.8000,2869.6000,2870.8000,2871.0000,2871.2000,2871.4000,2871.6000,5,7,7,1,1,2,2,1,1,2
SF,IH2006,2020-06-17 14:50:20.200,2870.8000,17974,0,15596024280.000,1,0,1,空换,B,2870.4000,2870.2000,2870.0000,2869.8000,2869.6000,2870.8000,2871.0000,2871.2000,2871.4000,2871.6000,5,7,7,1,1,1,2,1,1,2
SF,IH2006,2020-06-17 14:50:20.700,2870.8000,17976,2,15597746760.000,2,2,0,双开,B,2870.4000,2870.2000,2870.0000,2869.8000,2869.6000,2871.0000,2871.2000,2871.4000,2871.6000,2871.8000,5,7,7,1,1,2,1,1,2,3
SF,IH2006,2020-06-17 14:50:21.200,2870.4000,17976,0,15598607880.000,1,0,1,空换,B,2870.4000,2870.2000,2870.0000,2869.8000,2869.6000,2870.6000,2871.0000,2871.2000,2871.6000,2871.8000,4,7,7,1,1,1,2,1,2,3
SF,IH2006,2020-06-17 14:50:21.700,2870.6000,17977,1,15599469060.000,1,1,0,双开,B,2870.8000,2870.6000,2870.4000,2870.2000,2870.0000,2871.0000,2871.2000,2871.6000,2871.8000,2872.0000,1,5,4,7,7,2,1,2,3,20
SF,IH2006,2020-06-17 14:50:22.200,2870.8000,17977,0,15600330300.000,1,0,1,空换,B,2870.6000,2870.4000,2870.2000,2870.0000,2869.8000,2871.0000,2871.2000,2871.6000,2871.8000,2872.0000,5,4,7,7,1,1,1,2,3,20
SF,IH2006,2020-06-17 14:50:22.700,2871.0000,17977,0,15601191600.000,1,0,1,空换,B,2871.0000,2870.6000,2870.4000,2870.2000,2870.0000,2871.2000,2871.6000,2871.8000,2872.0000,2872.4000,10,6,4,7,7,1,2,3,20,1
SF,IH2006,2020-06-17 14:50:23.200,2871.2000,17977,0,15602052960.000,1,0,1,空换,B,2871.2000,2871.0000,2870.8000,2870.6000,2870.4000,2871.6000,2871.8000,2872.0000,2872.4000,2872.6000,2,4,1,6,3,2,3,20,1,3
SF,IH2006,2020-06-17 14:50:23.700,2871.6000,17976,-1,15602914440.000,1,0,1,双平,B,2871.4000,2871.2000,2871.0000,2870.6000,2870.4000,2871.6000,2871.8000,2872.0000,2872.4000,2872.6000,1,1,2,6,3,1,3,20,1,3
SF,IH2006,2020-06-17 14:50:24.200,2871.4000,17975,-1,15604637280.000,2,0,2,空平,B,2871.2000,2871.0000,2870.6000,2870.4000,2870.2000,2871.4000,2871.6000,2871.8000,2872.0000,2872.4000,1,2,5,3,3,4,1,3,20,1
SF,IH2006,2020-06-17 14:50:24.700,2871.4000,17975,0,15604637280.000,0,-,-,-,-,2871.2000,2871.0000,2870.6000,2870.4000,2870.2000,2871.4000,2871.6000,2871.8000,2872.0000,2872.4000,1,2,5,3,3,1,1,3,20,1
SF,IH2006,2020-06-17 14:50:25.200,2871.4000,17975,0,15604637280.000,0,-,-,-,-,2871.2000,2871.0000,2870.6000,2870.4000,2870.2000,2871.4000,2871.6000,2871.8000,2872.0000,2872.4000,1,2,4,3,3,1,1,3,20,1
SF,IH2006,2020-06-17 14:50:26.700,2871.2000,17976,1,15605498640.000,1,1,0,双开,B,2871.0000,2870.6000,2870.4000,2870.2000,2870.0000,2871.4000,2871.6000,2871.8000,2872.0000,2872.4000,2,4,3,3,7,1,1,3,20,1
SF,IH2006,2020-06-17 14:50:27.200,2871.4000,17976,0,15606360060.000,1,0,1,空换,B,2871.2000,2871.0000,2870.6000,2870.4000,2870.2000,2871.6000,2871.8000,2872.0000,2872.4000,2872.6000,1,2,4,3,3,2,3,20,1,3
SF,IH2006,2020-06-17 14:50:27.700,2871.2000,17976,0,15608082780.000,2,1,1,空换,B,2871.0000,2870.6000,2870.4000,2870.2000,2870.0000,2871.6000,2871.8000,2872.0000,2872.4000,2872.6000,2,4,2,3,7,2,3,20,1,3
SF,IH2006,2020-06-17 14:50:28.200,2871.0000,17977,1,15608944080.000,1,1,0,双开,B,2871.0000,2870.6000,2870.4000,2870.2000,2870.0000,2871.4000,2871.6000,2871.8000,2872.0000,2872.4000,1,4,2,3,7,1,2,3,20,1
SF,IH2006,2020-06-17 14:50:28.700,2871.0000,17977,0,15608944080.000,0,-,-,-,-,2870.6000,2870.4000,2870.2000,2870.0000,2869.8000,2871.4000,2871.6000,2871.8000,2872.0000,2872.4000,4,2,3,8,1,1,2,4,20,1
SF,IH2006,2020-06-17 14:50:29.200,2871.0000,17977,0,15608944080.000,0,-,-,-,-,2870.6000,2870.4000,2870.2000,2870.0000,2869.8000,2871.4000,2871.6000,2871.8000,2872.0000,2872.4000,4,2,3,8,1,2,2,4,20,1
SF,IH2006,2020-06-17 14:50:29.700,2871.0000,17977,0,15608944080.000,0,-,-,-,-,2870.6000,2870.4000,2870.2000,2870.0000,2869.8000,2871.4000,2871.6000,2871.8000,2872.0000,2872.4000,3,2,3,8,1,2,2,4,20,1
SF,IH2006,2020-06-17 14:50:30.200,2871.4000,17977,0,15610666860.000,2,1,1,空换,B,2870.6000,2870.4000,2870.2000,2870.0000,2869.8000,2871.4000,2871.6000,2871.8000,2872.0000,2872.4000,3,2,3,8,1,1,2,4,20,1
SF,IH2006,2020-06-17 14:50:30.700,2871.4000,17977,0,15612389700.000,2,1,1,空换,B,2870.6000,2870.4000,2870.2000,2870.0000,2869.8000,2871.4000,2871.6000,2871.8000,2872.0000,2872.4000,3,2,3,8,1,1,2,4,20,1
SF,IH2006,2020-06-17 14:50:31.200,2871.4000,17977,0,15612389700.000,0,-,-,-,-,2870.6000,2870.4000,2870.2000,2870.0000,2869.8000,2871.4000,2871.6000,2871.8000,2872.0000,2872.4000,3,2,3,8,1,1,2,4,20,1
SF,IH2006,2020-06-17 14:50:31.700,2871.4000,17977,0,15612389700.000,0,-,-,-,-,2870.6000,2870.4000,2870.2000,2870.0000,2869.8000,2871.2000,2871.4000,2871.6000,2871.8000,2872.0000,3,2,3,8,1,1,1,2,4,20
SF,IH2006,2020-06-17 14:50:32.200,2871.4000,17977,0,15612389700.000,0,-,-,-,-,2870.6000,2870.4000,2870.2000,2870.0000,2869.8000,2871.2000,2871.4000,2871.6000,2871.8000,2872.0000,3,2,3,9,1,1,1,2,6,20
SF,IH2006,2020-06-17 14:50:32.700,2871.4000,17977,0,15612389700.000,0,-,-,-,-,2870.6000,2870.4000,2870.2000,2870.0000,2869.8000,2871.0000,2871.4000,2871.6000,2871.8000,2872.0000,3,2,2,9,1,1,1,2,6,20
SF,IH2006,2020-06-17 14:50:33.200,2871.4000,17977,0,15612389700.000,0,-,-,-,-,2870.6000,2870.4000,2870.2000,2870.0000,2869.8000,2871.0000,2871.4000,2871.6000,2871.8000,2872.0000,3,2,2,10,1,1,1,2,6,20
SF,IH2006,2020-06-17 14:50:33.700,2871.4000,17977,0,15612389700.000,0,-,-,-,-,2870.6000,2870.4000,2870.2000,2870.0000,2869.8000,2871.0000,2871.4000,2871.6000,2871.8000,2872.0000,3,2,2,10,1,1,1,2,6,20
SF,IH2006,2020-06-17 14:50:34.200,2871.4000,17977,0,15613251120.000,1,0,1,空换,B,2870.6000,2870.4000,2870.2000,2870.0000,2869.8000,2871.4000,2871.6000,2871.8000,2872.0000,2872.4000,3,2,2,10,1,1,2,6,20,1
SF,IH2006,2020-06-17 14:50:34.700,2871.4000,17977,0,15613251120.000,0,-,-,-,-,2870.6000,2870.4000,2870.2000,2870.0000,2869.8000,2871.2000,2871.4000,2871.6000,2871.8000,2872.0000,3,2,2,10,1,1,1,2,6,20
SF,IH2006,2020-06-17 14:50:35.200,2871.4000,17977,0,15613251120.000,0,-,-,-,-,2870.6000,2870.4000,2870.2000,2870.0000,2869.8000,2871.2000,2871.4000,2871.6000,2871.8000,2872.0000,3,2,2,10,1,2,1,2,6,20
SF,IH2006,2020-06-17 14:50:35.700,2870.6000,17977,0,15614112300.000,1,0,1,空换,B,2870.6000,2870.4000,2870.2000,2870.0000,2869.8000,2871.2000,2871.4000,2871.6000,2871.8000,2872.0000,2,2,2,10,1,3,1,2,6,20
SF,IH2006,2020-06-17 14:50:36.200,2870.6000,17977,0,15614112300.000,0,-,-,-,-,2870.6000,2870.4000,2870.2000,2870.0000,2869.8000,2871.2000,2871.4000,2871.6000,2871.8000,2872.0000,1,2,2,10,1,3,1,2,6,20
SF,IH2006,2020-06-17 14:50:36.700,2870.6000,17977,0,15614112300.000,0,-,-,-,-,2870.6000,2870.4000,2870.2000,2870.0000,2869.8000,2871.0000,2871.2000,2871.6000,2871.8000,2872.0000,1,2,2,10,1,1,3,2,6,20
SF,IH2006,2020-06-17 14:50:37.200,2871.0000,17977,0,15614973600.000,1,0,1,空换,B,2870.6000,2870.4000,2870.2000,2870.0000,2869.8000,2871.2000,2871.6000,2871.8000,2872.0000,2872.4000,1,2,2,10,1,3,2,6,20,1
SF,IH2006,2020-06-17 14:50:40.700,2871.2000,17977,0,15615834960.000,1,0,1,空换,B,2870.6000,2870.4000,2870.2000,2870.0000,2869.8000,2871.2000,2871.6000,2871.8000,2872.0000,2872.4000,1,2,2,10,1,2,2,6,20,1
SF,IH2006,2020-06-17 14:50:41.200,2871.2000,17977,0,15615834960.000,0,-,-,-,-,2870.6000,2870.4000,2870.2000,2870.0000,2869.8000,2871.2000,2871.6000,2871.8000,2872.0000,2872.4000,2,2,2,10,1,2,2,6,20,1
SF,IH2006,2020-06-17 14:50:42.700,2871.2000,17977,0,15615834960.000,0,-,-,-,-,2870.8000,2870.6000,2870.4000,2870.2000,2870.0000,2871.2000,2871.6000,2871.8000,2872.0000,2872.4000,1,2,2,2,10,4,2,4,20,1
SF,IH2006,2020-06-17 14:50:43.200,2871.2000,17980,3,15619280400.000,4,3,1,多开,B,2871.2000,2870.8000,2870.6000,2870.4000,2870.2000,2871.6000,2871.8000,2872.0000,2872.4000,2872.6000,4,2,2,2,2,2,4,20,1,3
SF,IH2006,2020-06-17 14:50:43.700,2871.2000,17979,-1,15621864480.000,3,1,2,空平,B,2871.2000,2870.8000,2870.6000,2870.4000,2870.2000,2871.4000,2871.6000,2871.8000,2872.0000,2872.4000,1,2,2,2,2,1,2,4,20,1
SF,IH2006,2020-06-17 14:50:44.200,2871.4000,17979,0,15623587260.000,2,1,1,空换,B,2871.0000,2870.8000,2870.6000,2870.4000,2870.2000,2871.6000,2871.8000,2872.0000,2872.4000,2872.6000,6,2,2,2,2,2,4,20,1,3
SF,IH2006,2020-06-17 14:50:45.200,2871.4000,17979,0,15623587260.000,0,-,-,-,-,2871.2000,2871.0000,2870.8000,2870.6000,2870.4000,2871.6000,2871.8000,2872.0000,2872.4000,2872.6000,2,6,2,2,2,3,4,20,1,3
SF,IH2006,2020-06-17 14:50:45.700,2871.4000,17979,0,15623587260.000,0,-,-,-,-,2871.2000,2871.0000,2870.8000,2870.6000,2870.4000,2871.6000,2871.8000,2872.0000,2872.4000,2872.6000,2,6,2,2,2,3,4,20,1,3
SF,IH2006,2020-06-17 14:50:46.700,2871.4000,17979,0,15623587260.000,0,-,-,-,-,2871.2000,2871.0000,2870.8000,2870.6000,2870.4000,2871.4000,2871.6000,2871.8000,2872.0000,2872.4000,2,6,2,2,2,1,3,4,20,1
SF,IH2006,2020-06-17 14:50:47.200,2871.2000,17978,-1,15624448620.000,1,0,1,双平,B,2871.2000,2871.0000,2870.8000,2870.6000,2870.4000,2871.4000,2871.6000,2871.8000,2872.0000,2872.4000,1,6,2,2,2,1,3,4,20,1
SF,IH2006,2020-06-17 14:50:47.700,2871.2000,17977,-1,15626171400.000,2,0,2,空平,B,2871.0000,2870.8000,2870.6000,2870.4000,2870.2000,2871.6000,2871.8000,2872.0000,2872.4000,2872.6000,6,2,2,2,3,3,4,20,1,3
SF,IH2006,2020-06-17 14:50:48.200,2871.2000,17977,0,15626171400.000,0,-,-,-,-,2871.2000,2871.0000,2870.8000,2870.6000,2870.4000,2871.6000,2871.8000,2872.0000,2872.4000,2872.6000,1,7,2,2,2,3,4,20,1,3
SF,IH2006,2020-06-17 14:50:48.700,2871.2000,17977,0,15626171400.000,0,-,-,-,-,2871.2000,2871.0000,2870.8000,2870.6000,2870.4000,2871.6000,2871.8000,2872.0000,2872.4000,2872.6000,2,7,2,1,2,3,4,20,1,3
SF,IH2006,2020-06-17 14:50:49.200,2871.2000,17977,0,15627032760.000,1,0,1,空换,B,2871.2000,2871.0000,2870.8000,2870.6000,2870.4000,2871.6000,2871.8000,2872.0000,2872.4000,2872.6000,1,7,2,1,2,3,4,20,1,3
SF,IH2006,2020-06-17 14:50:49.700,2871.2000,17977,0,15627032760.000,0,-,-,-,-,2871.2000,2871.0000,2870.8000,2870.6000,2870.4000,2871.4000,2871.6000,2871.8000,2872.0000,2872.4000,1,7,2,1,2,1,3,4,20,1
SF,IH2006,2020-06-17 14:50:50.700,2871.2000,17977,0,15627032760.000,0,-,-,-,-,2871.2000,2871.0000,2870.8000,2870.6000,2870.4000,2871.4000,2871.6000,2871.8000,2872.0000,2872.4000,2,7,2,1,2,1,3,4,20,1
SF,IH2006,2020-06-17 14:50:51.200,2871.4000,17976,-1,15627894180.000,1,0,1,双平,B,2871.2000,2871.0000,2870.8000,2870.6000,2870.4000,2871.6000,2871.8000,2872.0000,2872.4000,2872.6000,2,7,2,1,2,3,4,20,1,3
SF,IH2006,2020-06-17 14:50:51.700,2871.4000,17976,0,15627894180.000,0,-,-,-,-,2871.2000,2871.0000,2870.8000,2870.6000,2870.4000,2871.4000,2871.6000,2871.8000,2872.0000,2872.4000,2,7,2,1,2,1,3,4,20,1
SF,IH2006,2020-06-17 14:50:52.200,2871.4000,17976,0,15628755600.000,1,0,1,空换,B,2871.2000,2871.0000,2870.8000,2870.6000,2870.4000,2871.4000,2871.6000,2871.8000,2872.0000,2872.4000,2,7,1,1,2,1,3,4,20,1
SF,IH2006,2020-06-17 14:50:52.700,2871.4000,17976,0,15628755600.000,0,-,-,-,-,2871.2000,2871.0000,2870.8000,2870.6000,2870.4000,2871.4000,2871.6000,2871.8000,2872.0000,2872.4000,2,7,1,1,2,2,3,4,20,1
SF,IH2006,2020-06-17 14:50:53.200,2871.4000,17976,0,15628755600.000,0,-,-,-,-,2871.2000,2871.0000,2870.8000,2870.6000,2870.4000,2871.4000,2871.6000,2871.8000,2872.0000,2872.4000,2,7,1,1,2,2,4,4,20,1
SF,IH2006,2020-06-17 14:50:54.200,2871.4000,17975,-1,15629617020.000,1,0,1,双平,B,2871.2000,2871.0000,2870.8000,2870.6000,2870.4000,2871.4000,2871.6000,2871.8000,2872.0000,2872.4000,2,7,1,1,2,7,4,4,20,1
SF,IH2006,2020-06-17 14:50:54.700,2871.4000,17975,0,15629617020.000,0,-,-,-,-,2871.2000,2871.0000,2870.8000,2870.6000,2870.4000,2871.4000,2871.6000,2871.8000,2872.0000,2872.4000,1,7,1,1,2,7,4,4,20,1
SF,IH2006,2020-06-17 14:50:55.200,2871.4000,17975,0,15629617020.000,0,-,-,-,-,2871.2000,2871.0000,2870.8000,2870.6000,2870.4000,2871.4000,2871.6000,2871.8000,2872.0000,2872.4000,1,7,1,1,1,8,4,4,20,1
SF,IH2006,2020-06-17 14:50:55.700,2871.4000,17974,-1,15630478440.000,1,0,1,双平,B,2871.2000,2871.0000,2870.8000,2870.6000,2870.4000,2871.4000,2871.6000,2871.8000,2872.0000,2872.4000,1,7,1,1,1,7,4,4,20,1
SF,IH2006,2020-06-17 14:50:56.200,2871.2000,17975,1,15631339800.000,1,1,0,双开,B,2871.0000,2870.8000,2870.6000,2870.4000,2870.2000,2871.2000,2871.4000,2871.6000,2871.8000,2872.0000,7,1,1,1,3,1,7,4,4,20
SF,IH2006,2020-06-17 14:50:57.700,2871.2000,17975,0,15632201160.000,1,0,1,空换,B,2871.0000,2870.8000,2870.6000,2870.4000,2870.2000,2871.2000,2871.4000,2871.6000,2871.8000,2872.0000,7,2,1,1,3,1,7,4,4,20
SF,IH2006,2020-06-17 14:50:58.200,2871.2000,17975,0,15632201160.000,0,-,-,-,-,2871.0000,2870.8000,2870.6000,2870.4000,2870.2000,2871.2000,2871.4000,2871.6000,2871.8000,2872.0000,6,2,1,1,3,1,7,4,4,20
SF,IH2006,2020-06-17 14:50:59.200,2871.0000,17975,0,15636507660.000,5,2,3,空换,B,2871.0000,2870.8000,2870.6000,2870.4000,2870.2000,2871.2000,2871.4000,2871.6000,2871.8000,2872.0000,1,2,1,1,3,1,7,4,4,20
SF,IH2006,2020-06-17 14:50:59.700,2871.0000,17976,1,15637368960.000,1,1,0,双开,B,2870.8000,2870.6000,2870.4000,2870.2000,2870.0000,2871.0000,2871.2000,2871.4000,2871.6000,2871.8000,2,1,1,3,10,2,1,7,4,4
SF,IH2006,2020-06-17 14:51:00.200,2871.0000,17976,0,15639091560.000,2,1,1,空换,B,2870.8000,2870.6000,2870.4000,2870.2000,2870.0000,2871.2000,2871.4000,2871.6000,2871.8000,2872.0000,2,1,1,3,10,1,7,4,4,20
SF,IH2006,2020-06-17 14:51:00.700,2870.8000,17976,0,15640814160.000,2,1,1,空换,B,2871.0000,2870.8000,2870.6000,2870.4000,2870.2000,2871.4000,2871.6000,2871.8000,2872.0000,2872.4000,1,1,1,1,3,7,4,4,20,1
SF,IH2006,2020-06-17 14:51:01.200,2871.4000,17976,0,15641675580.000,1,0,1,空换,B,2871.0000,2870.8000,2870.6000,2870.4000,2870.2000,2871.4000,2871.6000,2871.8000,2872.0000,2872.4000,1,1,1,1,3,6,4,4,20,1
SF,IH2006,2020-06-17 14:51:02.200,2871.0000,17975,-1,15643398180.000,2,0,2,空平,B,2870.8000,2870.6000,2870.4000,2870.2000,2870.0000,2871.4000,2871.6000,2871.8000,2872.0000,2872.4000,1,1,1,3,10,6,4,4,20,1
SF,IH2006,2020-06-17 14:51:02.700,2871.0000,17975,0,15643398180.000,0,-,-,-,-,2870.8000,2870.6000,2870.4000,2870.2000,2870.0000,2871.4000,2871.6000,2871.8000,2872.0000,2872.4000,2,1,1,3,10,6,4,4,20,1
SF,IH2006,2020-06-17 14:51:03.200,2871.0000,17975,0,15643398180.000,0,-,-,-,-,2870.8000,2870.6000,2870.4000,2870.2000,2870.0000,2871.2000,2871.4000,2871.6000,2871.8000,2872.0000,2,1,1,3,10,2,6,4,4,20
SF,IH2006,2020-06-17 14:51:04.700,2871.2000,17975,0,15644259540.000,1,0,1,空换,B,2871.0000,2870.8000,2870.6000,2870.4000,2870.2000,2871.4000,2871.6000,2871.8000,2872.0000,2872.4000,2,2,1,1,3,6,4,4,20,1
SF,IH2006,2020-06-17 14:51:05.200,2871.2000,17975,0,15644259540.000,0,-,-,-,-,2871.0000,2870.8000,2870.6000,2870.4000,2870.2000,2871.4000,2871.6000,2871.8000,2872.0000,2872.4000,3,2,1,1,3,6,4,4,20,1
SF,IH2006,2020-06-17 14:51:07.200,2871.2000,17975,0,15644259540.000,0,-,-,-,-,2871.0000,2870.8000,2870.6000,2870.4000,2870.2000,2871.4000,2871.6000,2871.8000,2872.0000,2872.4000,3,2,2,1,2,6,4,4,20,1
SF,IH2006,2020-06-17 14:51:08.200,2871.4000,17975,0,15645120960.000,1,0,1,空换,B,2871.0000,2870.8000,2870.6000,2870.4000,2870.2000,2871.4000,2871.6000,2871.8000,2872.0000,2872.4000,3,2,2,1,2,5,4,4,20,1
SF,IH2006,2020-06-17 14:51:10.200,2871.4000,17975,0,15645120960.000,0,-,-,-,-,2871.2000,2871.0000,2870.8000,2870.6000,2870.4000,2871.4000,2871.6000,2871.8000,2872.0000,2872.4000,2,3,2,2,1,5,4,4,20,1
SF,IH2006,2020-06-17 14:51:10.700,2871.4000,17978,3,15647705220.000,3,3,0,双开,B,2871.2000,2871.0000,2870.8000,2870.6000,2870.4000,2871.4000,2871.6000,2871.8000,2872.0000,2872.4000,3,4,2,2,1,2,4,4,20,1
SF,IH2006,2020-06-17 14:51:11.200,2871.6000,17980,2,15650289540.000,3,2,1,多开,B,2871.2000,2871.0000,2870.8000,2870.6000,2870.4000,2871.6000,2871.8000,2872.0000,2872.4000,2872.6000,3,2,2,2,1,3,4,20,1,3
SF,IH2006,2020-06-17 14:51:11.700,2871.6000,17982,2,15652873980.000,3,2,1,多开,B,2871.2000,2871.0000,2870.8000,2870.6000,2870.4000,2871.8000,2872.0000,2872.4000,2872.6000,2872.8000,3,2,2,2,1,4,20,1,3,1
SF,IH2006,2020-06-17 14:51:12.700,2871.6000,17982,0,15652873980.000,0,-,-,-,-,2871.2000,2871.0000,2870.8000,2870.6000,2870.4000,2871.8000,2872.0000,2872.4000,2872.6000,2872.8000,3,3,2,1,1,4,20,1,3,1
SF,IH2006,2020-06-17 14:51:13.200,2871.6000,17982,0,15652873980.000,0,-,-,-,-,2871.2000,2871.0000,2870.8000,2870.6000,2870.4000,2871.8000,2872.0000,2872.4000,2872.6000,2872.8000,3,4,2,1,1,5,20,1,3,1
SF,IH2006,2020-06-17 14:51:14.200,2871.6000,17982,0,15652873980.000,0,-,-,-,-,2871.6000,2871.2000,2871.0000,2870.8000,2870.6000,2871.8000,2872.0000,2872.4000,2872.6000,2872.8000,1,3,4,2,1,5,20,1,3,1
SF,IH2006,2020-06-17 14:51:14.700,2871.6000,17982,0,15654596940.000,2,1,1,空换,B,2871.2000,2871.0000,2870.8000,2870.6000,2870.4000,2871.6000,2871.8000,2872.0000,2872.4000,2872.6000,3,4,2,1,1,5,5,20,1,3
SF,IH2006,2020-06-17 14:51:15.200,2871.6000,17982,0,15654596940.000,0,-,-,-,-,2871.4000,2871.2000,2871.0000,2870.8000,2870.6000,2871.6000,2871.8000,2872.0000,2872.4000,2872.6000,1,3,4,2,1,5,5,20,1,3
SF,IH2006,2020-06-17 14:51:16.200,2871.4000,17983,1,15655458360.000,1,1,0,双开,B,2871.4000,2871.2000,2871.0000,2870.8000,2870.6000,2871.6000,2871.8000,2872.0000,2872.4000,2872.6000,6,3,4,2,1,5,5,20,1,3
SF,IH2006,2020-06-17 14:51:18.200,2871.6000,17984,1,15657181320.000,2,1,1,多开,B,2871.4000,2871.2000,2871.0000,2870.8000,2870.6000,2871.6000,2871.8000,2872.0000,2872.4000,2872.6000,7,3,4,2,1,3,5,20,1,3
SF,IH2006,2020-06-17 14:51:19.200,2871.6000,17984,0,15657181320.000,0,-,-,-,-,2871.4000,2871.2000,2871.0000,2870.8000,2870.6000,2871.6000,2871.8000,2872.0000,2872.4000,2872.6000,8,3,4,2,1,3,5,20,1,3
SF,IH2006,2020-06-17 14:51:20.200,2871.6000,17984,0,15657181320.000,0,-,-,-,-,2871.4000,2871.2000,2871.0000,2870.8000,2870.6000,2871.6000,2871.8000,2872.0000,2872.4000,2872.6000,9,3,4,2,1,3,5,20,1,3
SF,IH2006,2020-06-17 14:51:21.700,2871.6000,17985,1,15658904220.000,2,1,1,多开,B,2871.4000,2871.2000,2871.0000,2870.8000,2870.6000,2871.6000,2871.8000,2872.0000,2872.4000,2872.6000,8,3,4,2,1,2,5,20,1,3
SF,IH2006,2020-06-17 14:51:22.200,2871.6000,17985,0,15658904220.000,0,-,-,-,-,2871.4000,2871.2000,2871.0000,2870.8000,2870.6000,2871.6000,2871.8000,2872.0000,2872.4000,2872.6000,8,3,4,2,1,3,5,20,1,3
SF,IH2006,2020-06-17 14:51:22.700,2871.6000,17985,0,15658904220.000,0,-,-,-,-,2871.4000,2871.2000,2871.0000,2870.8000,2870.6000,2871.6000,2871.8000,2872.0000,2872.4000,2872.6000,8,3,4,2,1,4,5,20,1,3
SF,IH2006,2020-06-17 14:51:23.200,2871.6000,17985,0,15660627180.000,2,1,1,空换,B,2871.4000,2871.2000,2871.0000,2870.8000,2870.6000,2871.6000,2871.8000,2872.0000,2872.4000,2872.6000,8,3,4,2,1,2,5,20,1,3
SF,IH2006,2020-06-17 14:51:23.700,2871.6000,17985,0,15660627180.000,0,-,-,-,-,2871.4000,2871.2000,2871.0000,2870.8000,2870.6000,2871.6000,2871.8000,2872.0000,2872.4000,2872.6000,8,3,4,2,1,2,6,20,1,3
SF,IH2006,2020-06-17 14:51:25.200,2871.4000,17985,0,15662350080.000,2,1,1,空换,B,2871.4000,2871.2000,2871.0000,2870.8000,2870.6000,2871.6000,2871.8000,2872.0000,2872.4000,2872.6000,7,3,3,2,1,1,6,20,1,3
SF,IH2006,2020-06-17 14:51:25.700,2871.6000,17985,0,15664934580.000,3,1,2,空换,B,2871.6000,2871.4000,2871.2000,2871.0000,2870.8000,2871.8000,2872.0000,2872.4000,2872.6000,2872.8000,4,7,3,3,2,4,20,1,3,1
SF,IH2006,2020-06-17 14:51:26.200,2871.8000,17986,1,15671826960.000,8,4,4,多开,B,2871.8000,2871.6000,2871.4000,2871.2000,2871.0000,2872.0000,2872.4000,2872.6000,2872.8000,2873.0000,2,3,7,3,3,19,1,3,1,2
SF,IH2006,2020-06-17 14:51:26.700,2871.8000,17986,0,15671826960.000,0,-,-,-,-,2871.8000,2871.6000,2871.4000,2871.2000,2871.0000,2872.0000,2872.4000,2872.6000,2872.8000,2873.0000,1,3,7,3,3,19,1,3,1,2
SF,IH2006,2020-06-17 14:51:27.200,2871.8000,17986,0,15672688500.000,1,0,1,空换,B,2871.6000,2871.4000,2871.2000,2871.0000,2870.8000,2872.0000,2872.4000,2872.6000,2872.8000,2873.0000,3,7,3,3,1,19,1,3,1,2
SF,IH2006,2020-06-17 14:51:27.700,2871.8000,17986,0,15672688500.000,0,-,-,-,-,2871.6000,2871.4000,2871.2000,2871.0000,2870.8000,2872.0000,2872.4000,2872.6000,2872.8000,2873.0000,4,7,3,3,1,19,1,3,1,2
SF,IH2006,2020-06-17 14:51:28.200,2871.8000,17986,0,15672688500.000,0,-,-,-,-,2871.6000,2871.4000,2871.2000,2871.0000,2870.8000,2871.8000,2872.0000,2872.4000,2872.6000,2872.8000,2,7,3,3,1,1,19,1,3,1
SF,IH2006,2020-06-17 14:51:28.700,2871.8000,17986,0,15673550040.000,1,0,1,空换,B,2871.6000,2871.4000,2871.2000,2871.0000,2870.8000,2872.0000,2872.4000,2872.6000,2872.8000,2873.0000,2,7,3,3,1,19,1,3,1,2
SF,IH2006,2020-06-17 14:51:29.700,2871.8000,17986,0,15673550040.000,0,-,-,-,-,2871.6000,2871.4000,2871.2000,2871.0000,2870.8000,2872.0000,2872.4000,2872.6000,2872.8000,2873.0000,2,7,3,3,1,19,1,3,1,2
SF,IH2006,2020-06-17 14:51:30.200,2872.0000,17986,0,15674411640.000,1,0,1,空换,B,2871.6000,2871.4000,2871.2000,2871.0000,2870.8000,2872.0000,2872.4000,2872.6000,2872.8000,2873.0000,2,7,3,3,1,18,1,3,1,2
SF,IH2006,2020-06-17 14:51:30.700,2871.6000,17987,1,15675273120.000,1,1,0,双开,B,2871.6000,2871.4000,2871.2000,2871.0000,2870.8000,2872.0000,2872.4000,2872.6000,2872.8000,2873.0000,1,7,3,3,1,18,1,3,1,2
SF,IH2006,2020-06-17 14:51:31.200,2871.6000,17987,0,15675273120.000,0,-,-,-,-,2871.6000,2871.4000,2871.2000,2871.0000,2870.8000,2872.0000,2872.4000,2872.6000,2872.8000,2873.0000,1,7,3,3,1,18,1,3,1,2
SF,IH2006,2020-06-17 14:51:31.700,2872.0000,17986,-1,15676134720.000,1,0,1,双平,B,2871.8000,2871.6000,2871.4000,2871.2000,2871.0000,2872.0000,2872.4000,2872.6000,2872.8000,2873.0000,1,1,7,3,3,17,1,3,1,2
SF,IH2006,2020-06-17 14:51:32.200,2872.0000,17986,0,15676134720.000,0,-,-,-,-,2871.6000,2871.4000,2871.2000,2871.0000,2870.8000,2871.8000,2872.0000,2872.4000,2872.6000,2872.8000,1,7,3,3,1,1,17,1,3,1
SF,IH2006,2020-06-17 14:51:32.700,2871.8000,17986,0,15676996260.000,1,0,1,空换,B,2871.6000,2871.4000,2871.2000,2871.0000,2870.8000,2872.0000,2872.4000,2872.6000,2872.8000,2873.0000,1,7,3,3,1,17,1,3,1,2
SF,IH2006,2020-06-17 14:51:33.200,2871.8000,17986,0,15676996260.000,0,-,-,-,-,2871.4000,2871.2000,2871.0000,2870.8000,2870.6000,2872.0000,2872.4000,2872.6000,2872.8000,2873.0000,7,3,3,1,1,17,1,3,1,2
SF,IH2006,2020-06-17 14:51:33.700,2871.8000,17986,0,15676996260.000,0,-,-,-,-,2871.4000,2871.2000,2871.0000,2870.8000,2870.6000,2872.0000,2872.4000,2872.6000,2872.8000,2873.0000,8,3,3,1,1,17,1,3,1,2
SF,IH2006,2020-06-17 14:51:35.200,2872.0000,17985,-1,15677857860.000,1,0,1,双平,B,2871.4000,2871.2000,2871.0000,2870.8000,2870.6000,2872.0000,2872.4000,2872.6000,2872.8000,2873.0000,8,3,3,1,1,16,1,3,1,2
SF,IH2006,2020-06-17 14:51:36.200,2872.0000,17984,-1,15678719460.000,1,0,1,双平,B,2871.4000,2871.2000,2871.0000,2870.8000,2870.6000,2872.0000,2872.4000,2872.6000,2872.8000,2873.0000,8,3,3,1,1,15,1,3,1,2
SF,IH2006,2020-06-17 14:51:36.700,2872.0000,17983,-1,15679581060.000,1,0,1,双平,B,2871.4000,2871.2000,2871.0000,2870.8000,2870.6000,2872.0000,2872.4000,2872.6000,2872.8000,2873.0000,8,3,3,1,1,14,1,3,1,2
SF,IH2006,2020-06-17 14:51:37.200,2872.0000,17983,0,15679581060.000,0,-,-,-,-,2871.6000,2871.4000,2871.2000,2871.0000,2870.8000,2872.0000,2872.4000,2872.6000,2872.8000,2873.0000,1,8,3,8,1,14,1,3,1,2
SF,IH2006,2020-06-17 14:51:37.700,2872.0000,17983,0,15679581060.000,0,-,-,-,-,2871.6000,2871.4000,2871.2000,2871.0000,2870.8000,2872.0000,2872.4000,2872.6000,2872.8000,2873.0000,2,8,3,7,1,14,1,3,1,2
SF,IH2006,2020-06-17 14:51:38.700,2872.0000,17982,-1,15680442660.000,1,0,1,双平,B,2871.6000,2871.4000,2871.2000,2871.0000,2870.8000,2872.0000,2872.4000,2872.6000,2872.8000,2873.0000,2,8,3,7,1,13,1,3,1,2
SF,IH2006,2020-06-17 14:51:39.200,2872.0000,17982,0,15680442660.000,0,-,-,-,-,2871.6000,2871.4000,2871.2000,2871.0000,2870.8000,2872.0000,2872.4000,2872.6000,2872.8000,2873.0000,1,8,3,7,1,14,1,3,1,2
SF,IH2006,2020-06-17 14:51:39.700,2872.0000,17982,0,15680442660.000,0,-,-,-,-,2871.6000,2871.4000,2871.2000,2871.0000,2870.8000,2872.0000,2872.4000,2872.6000,2872.8000,2873.0000,1,8,1,7,1,14,1,3,1,2
SF,IH2006,2020-06-17 14:51:40.200,2872.0000,17982,0,15681304260.000,1,0,1,空换,B,2871.6000,2871.4000,2871.2000,2871.0000,2870.8000,2872.0000,2872.4000,2872.6000,2872.8000,2873.0000,1,8,1,6,1,13,1,3,1,2
SF,IH2006,2020-06-17 14:51:40.700,2872.0000,17981,-1,15682165860.000,1,0,1,双平,B,2871.6000,2871.4000,2871.2000,2871.0000,2870.8000,2872.0000,2872.4000,2872.6000,2872.8000,2873.0000,1,8,1,6,1,12,1,3,1,2
SF,IH2006,2020-06-17 14:51:41.200,2872.0000,17981,0,15682165860.000,0,-,-,-,-,2871.6000,2871.4000,2871.2000,2871.0000,2870.8000,2872.0000,2872.4000,2872.6000,2872.8000,2873.0000,1,8,1,6,1,11,1,3,1,2
SF,IH2006,2020-06-17 14:51:41.700,2872.0000,17981,0,15682165860.000,0,-,-,-,-,2871.6000,2871.4000,2871.2000,2871.0000,2870.8000,2872.0000,2872.4000,2872.6000,2872.8000,2873.0000,1,8,1,6,1,12,1,3,1,2
SF,IH2006,2020-06-17 14:51:42.200,2872.0000,17981,0,15686473860.000,5,2,3,空换,B,2871.6000,2871.4000,2871.2000,2871.0000,2870.8000,2872.0000,2872.4000,2872.6000,2872.8000,2873.0000,2,4,1,6,1,7,1,3,1,2
SF,IH2006,2020-06-17 14:51:42.700,2872.0000,17981,0,15686473860.000,0,-,-,-,-,2871.6000,2871.4000,2871.2000,2871.0000,2870.8000,2871.8000,2872.0000,2872.4000,2872.6000,2872.8000,2,4,1,6,1,1,7,1,3,1
SF,IH2006,2020-06-17 14:51:43.200,2871.8000,17982,1,15687335400.000,1,1,0,双开,B,2871.6000,2871.4000,2871.2000,2871.0000,2870.8000,2872.0000,2872.4000,2872.6000,2872.8000,2873.0000,2,4,1,6,1,7,1,3,1,2
SF,IH2006,2020-06-17 14:51:44.700,2871.8000,17982,0,15687335400.000,0,-,-,-,-,2871.6000,2871.4000,2871.2000,2871.0000,2870.8000,2871.8000,2872.0000,2872.4000,2872.6000,2872.8000,2,4,1,6,1,1,7,1,3,1
SF,IH2006,2020-06-17 14:51:45.200,2871.8000,17982,0,15687335400.000,0,-,-,-,-,2871.6000,2871.4000,2871.2000,2871.0000,2870.8000,2871.8000,2872.0000,2872.4000,2872.6000,2872.8000,1,4,1,6,1,1,7,1,3,1
SF,IH2006,2020-06-17 14:51:45.700,2871.8000,17982,0,15689058480.000,2,1,1,空换,B,2871.8000,2871.6000,2871.4000,2871.2000,2871.0000,2872.0000,2872.4000,2872.6000,2872.8000,2873.0000,4,2,4,1,6,7,1,3,1,2
SF,IH2006,2020-06-17 14:51:47.700,2871.8000,17983,1,15689920020.000,1,1,0,双开,B,2871.8000,2871.6000,2871.4000,2871.2000,2871.0000,2872.0000,2872.4000,2872.6000,2872.8000,2873.0000,3,2,4,1,6,7,1,3,1,2
SF,IH2006,2020-06-17 14:51:49.200,2871.8000,17983,0,15689920020.000,0,-,-,-,-,2871.8000,2871.6000,2871.4000,2871.2000,2871.0000,2872.0000,2872.4000,2872.6000,2872.8000,2873.0000,3,2,4,1,6,7,1,3,1,3
SF,IH2006,2020-06-17 14:51:50.200,2872.0000,17983,0,15690781620.000,1,0,1,空换,B,2871.8000,2871.6000,2871.4000,2871.2000,2871.0000,2872.0000,2872.4000,2872.6000,2872.8000,2873.0000,3,2,4,1,6,6,1,3,1,3
SF,IH2006,2020-06-17 14:51:50.700,2872.0000,17983,0,15690781620.000,0,-,-,-,-,2871.8000,2871.6000,2871.4000,2871.2000,2871.0000,2872.0000,2872.4000,2872.6000,2872.8000,2873.0000,4,2,4,1,6,6,1,3,1,3
SF,IH2006,2020-06-17 14:51:52.200,2872.0000,17983,0,15691643220.000,1,0,1,空换,B,2871.8000,2871.6000,2871.4000,2871.2000,2871.0000,2872.0000,2872.4000,2872.6000,2872.8000,2873.0000,4,2,4,1,6,5,1,3,1,3
SF,IH2006,2020-06-17 14:51:54.200,2872.0000,17983,0,15691643220.000,0,-,-,-,-,2871.8000,2871.6000,2871.4000,2871.2000,2871.0000,2872.0000,2872.4000,2872.6000,2872.8000,2873.0000,5,1,4,1,6,5,1,3,1,3
SF,IH2006,2020-06-17 14:51:55.200,2871.8000,17987,4,15696812520.000,6,5,1,多开,B,2871.6000,2871.4000,2871.2000,2871.0000,2870.8000,2871.8000,2872.0000,2872.4000,2872.6000,2872.8000,1,4,1,6,1,1,4,1,3,1
SF,IH2006,2020-06-17 14:51:56.700,2871.8000,17987,0,15697674060.000,1,0,1,空换,B,2871.6000,2871.4000,2871.2000,2871.0000,2870.8000,2872.0000,2872.4000,2872.6000,2872.8000,2873.0000,1,4,1,6,1,4,1,3,1,3
SF,IH2006,2020-06-17 14:51:57.200,2871.8000,17987,0,15697674060.000,0,-,-,-,-,2871.6000,2871.4000,2871.2000,2871.0000,2870.8000,2871.8000,2872.0000,2872.4000,2872.6000,2872.8000,2,1,1,6,1,1,4,1,3,1
SF,IH2006,2020-06-17 14:51:58.200,2871.8000,17987,0,15697674060.000,0,-,-,-,-,2871.6000,2871.4000,2871.2000,2871.0000,2870.8000,2871.8000,2872.0000,2872.4000,2872.6000,2872.8000,3,1,1,6,1,1,4,1,3,1
SF,IH2006,2020-06-17 14:51:59.200,2871.8000,17983,-4,15701981520.000,5,0,5,空平,B,2871.4000,2871.2000,2871.0000,2870.8000,2870.6000,2871.6000,2872.0000,2872.4000,2872.6000,2872.8000,1,1,6,1,1,1,4,1,3,1
SF,IH2006,2020-06-17 14:51:59.700,2872.0000,17984,1,15703704600.000,2,1,1,多开,B,2871.6000,2871.4000,2871.2000,2871.0000,2870.8000,2872.0000,2872.4000,2872.6000,2872.8000,2873.0000,7,1,2,6,1,3,1,3,1,3
SF,IH2006,2020-06-17 14:52:00.200,2872.0000,17984,0,15703704600.000,0,-,-,-,-,2871.6000,2871.4000,2871.2000,2871.0000,2870.8000,2871.8000,2872.0000,2872.4000,2872.6000,2872.8000,5,1,2,6,1,1,3,1,3,1
SF,IH2006,2020-06-17 14:52:00.700,2871.8000,17984,0,15704566140.000,1,0,1,空换,B,2871.6000,2871.4000,2871.2000,2871.0000,2870.8000,2872.0000,2872.4000,2872.6000,2872.8000,2873.0000,6,1,2,6,1,3,1,3,1,3
SF,IH2006,2020-06-17 14:52:01.200,2871.8000,17984,0,15704566140.000,0,-,-,-,-,2871.6000,2871.4000,2871.2000,2871.0000,2870.8000,2872.0000,2872.4000,2872.6000,2872.8000,2873.0000,7,1,2,6,1,3,1,3,1,3
SF,IH2006,2020-06-17 14:52:01.700,2872.0000,17985,1,15705427740.000,1,1,0,双开,B,2871.6000,2871.4000,2871.2000,2871.0000,2870.8000,2872.0000,2872.4000,2872.6000,2872.8000,2873.0000,7,1,2,6,1,2,1,3,1,3
SF,IH2006,2020-06-17 14:52:02.200,2872.0000,17986,1,15706289340.000,1,1,0,双开,B,2871.8000,2871.6000,2871.4000,2871.2000,2871.0000,2872.0000,2872.4000,2872.6000,2872.8000,2873.0000,1,8,1,2,6,1,1,3,1,3
SF,IH2006,2020-06-17 14:52:02.700,2871.8000,17987,1,15707150880.000,1,1,0,双开,B,2871.6000,2871.4000,2871.2000,2871.0000,2870.8000,2872.0000,2872.4000,2872.6000,2872.8000,2873.0000,8,1,2,6,1,1,1,3,1,3
SF,IH2006,2020-06-17 14:52:03.200,2872.0000,17988,1,15708012480.000,1,1,0,双开,B,2871.8000,2871.6000,2871.4000,2871.2000,2871.0000,2872.4000,2872.6000,2872.8000,2873.0000,2873.6000,1,8,1,2,6,1,3,1,3,1
SF,IH2006,2020-06-17 14:52:03.700,2872.4000,17987,-1,15708874200.000,1,0,1,双平,B,2872.2000,2871.8000,2871.6000,2871.4000,2871.2000,2872.6000,2872.8000,2873.0000,2873.6000,2873.8000,1,2,8,1,1,3,1,3,1,2
SF,IH2006,2020-06-17 14:52:04.200,2872.4000,17986,-1,15710597640.000,2,0,2,空平,B,2872.2000,2872.0000,2871.8000,2871.6000,2871.4000,2872.6000,2872.8000,2873.0000,2873.6000,2873.8000,1,1,2,8,1,3,1,3,1,2
SF,IH2006,2020-06-17 14:52:04.700,2872.4000,17987,1,15712321020.000,2,1,1,多开,B,2872.0000,2871.8000,2871.6000,2871.4000,2871.2000,2872.6000,2872.8000,2873.0000,2873.6000,2873.8000,1,3,8,1,1,3,1,3,1,2
SF,IH2006,2020-06-17 14:52:05.200,2872.6000,17987,0,15713182800.000,1,0,1,空换,B,2872.0000,2871.8000,2871.6000,2871.2000,2871.0000,2872.6000,2872.8000,2873.0000,2873.6000,2873.8000,3,3,7,1,6,2,1,3,1,2
SF,IH2006,2020-06-17 14:52:05.700,2872.6000,17987,0,15713182800.000,0,-,-,-,-,2872.0000,2871.8000,2871.6000,2871.2000,2871.0000,2872.6000,2872.8000,2873.0000,2873.6000,2873.8000,3,3,8,1,5,2,1,2,1,2
SF,IH2006,2020-06-17 14:52:06.200,2872.8000,17985,-2,15715768200.000,3,0,3,空平,B,2872.0000,2871.8000,2871.6000,2871.2000,2871.0000,2873.0000,2873.6000,2873.8000,2874.0000,2874.2000,4,3,7,1,5,2,1,2,1,6
SF,IH2006,2020-06-17 14:52:06.700,2872.2000,17986,1,15717491520.000,2,1,1,多开,B,2872.2000,2872.0000,2871.8000,2871.6000,2871.2000,2872.8000,2873.0000,2873.6000,2873.8000,2874.0000,5,4,2,6,1,4,2,1,2,1
SF,IH2006,2020-06-17 14:52:07.200,2872.2000,17986,0,15717491520.000,0,-,-,-,-,2872.2000,2872.0000,2871.8000,2871.6000,2871.2000,2872.4000,2872.8000,2873.0000,2873.6000,2873.8000,6,4,2,5,1,1,4,2,1,2
SF,IH2006,2020-06-17 14:52:07.700,2872.2000,17985,-1,15718353180.000,1,0,1,双平,B,2872.2000,2872.0000,2871.8000,2871.6000,2871.2000,2872.4000,2872.8000,2873.0000,2873.6000,2873.8000,2,5,2,5,1,1,4,7,1,2
SF,IH2006,2020-06-17 14:52:08.200,2872.2000,17985,0,15718353180.000,0,-,-,-,-,2872.2000,2872.0000,2871.8000,2871.6000,2871.2000,2872.4000,2872.8000,2873.0000,2873.6000,2873.8000,3,5,1,5,1,1,4,7,1,2
SF,IH2006,2020-06-17 14:52:08.700,2872.2000,17985,0,15720076500.000,2,1,1,空换,B,2872.2000,2872.0000,2871.8000,2871.6000,2871.2000,2872.4000,2872.8000,2873.0000,2873.6000,2873.8000,1,5,1,5,1,1,4,7,1,2
SF,IH2006,2020-06-17 14:52:09.200,2872.2000,17985,0,15720076500.000,0,-,-,-,-,2872.2000,2872.0000,2871.8000,2871.6000,2871.2000,2872.4000,2872.8000,2873.0000,2873.6000,2873.8000,2,4,1,4,1,2,4,7,1,2
SF,IH2006,2020-06-17 14:52:10.200,2872.4000,17986,1,15720938220.000,1,1,0,双开,B,2872.2000,2872.0000,2871.8000,2871.6000,2871.2000,2872.4000,2872.8000,2873.0000,2873.6000,2873.8000,3,3,1,4,1,1,3,7,1,2
SF,IH2006,2020-06-17 14:52:10.700,2872.4000,17985,-1,15722661600.000,2,0,2,空平,B,2872.2000,2872.0000,2871.8000,2871.6000,2871.2000,2872.8000,2873.0000,2873.6000,2873.8000,2874.0000,2,3,1,4,1,3,7,1,2,1
SF,IH2006,2020-06-17 14:52:11.200,2872.2000,17985,0,15725246580.000,3,1,2,空换,B,2872.0000,2871.8000,2871.6000,2871.2000,2871.0000,2872.2000,2872.6000,2872.8000,2873.0000,2873.6000,2,1,4,1,5,1,1,3,7,1
SF,IH2006,2020-06-17 14:52:11.700,2872.0000,17986,1,15726969780.000,2,1,1,多开,B,2871.8000,2871.6000,2871.2000,2871.0000,2870.8000,2872.6000,2872.8000,2873.0000,2873.6000,2873.8000,1,4,1,5,2,1,2,7,1,2
SF,IH2006,2020-06-17 14:52:12.200,2872.0000,17986,0,15726969780.000,0,-,-,-,-,2871.8000,2871.6000,2871.2000,2871.0000,2870.8000,2872.4000,2872.6000,2872.8000,2873.0000,2873.6000,2,4,1,5,2,2,2,2,7,1
SF,IH2006,2020-06-17 14:52:12.700,2872.4000,17985,-1,15727831500.000,1,0,1,双平,B,2871.8000,2871.6000,2871.2000,2871.0000,2870.8000,2872.4000,2872.6000,2872.8000,2873.0000,2873.6000,2,4,1,5,2,1,2,2,7,1
SF,IH2006,2020-06-17 14:52:13.200,2872.4000,17985,0,15727831500.000,0,-,-,-,-,2872.0000,2871.8000,2871.6000,2871.2000,2871.0000,2872.4000,2872.6000,2872.8000,2873.0000,2873.6000,1,2,4,1,5,1,2,2,7,1
SF,IH2006,2020-06-17 14:52:14.200,2872.4000,17985,0,15727831500.000,0,-,-,-,-,2872.0000,2871.8000,2871.6000,2871.2000,2871.0000,2872.4000,2872.6000,2872.8000,2873.0000,2873.6000,1,2,4,1,5,1,2,2,8,1
SF,IH2006,2020-06-17 14:52:14.700,2872.4000,17985,0,15727831500.000,0,-,-,-,-,2872.0000,2871.8000,2871.6000,2871.2000,2871.0000,2872.4000,2872.6000,2872.8000,2873.0000,2873.6000,1,2,4,1,5,1,2,3,8,1
SF,IH2006,2020-06-17 14:52:16.200,2872.4000,17985,0,15727831500.000,0,-,-,-,-,2872.0000,2871.8000,2871.6000,2871.2000,2871.0000,2872.4000,2872.6000,2872.8000,2873.0000,2873.6000,1,2,4,1,5,1,3,3,8,1
SF,IH2006,2020-06-17 14:52:17.200,2872.4000,17985,0,15727831500.000,0,-,-,-,-,2872.0000,2871.8000,2871.6000,2871.2000,2871.0000,2872.4000,2872.6000,2872.8000,2873.0000,2873.6000,1,2,4,1,5,1,4,3,8,1
SF,IH2006,2020-06-17 14:52:17.700,2872.6000,17985,0,15728693280.000,1,0,1,空换,B,2872.4000,2872.0000,2871.8000,2871.6000,2871.2000,2872.6000,2872.8000,2873.0000,2873.6000,2873.8000,1,1,2,4,1,3,3,8,1,2
SF,IH2006,2020-06-17 14:52:18.200,2872.4000,17985,0,15729555000.000,1,0,1,空换,B,2872.0000,2871.8000,2871.6000,2871.2000,2871.0000,2872.6000,2872.8000,2873.0000,2873.6000,2873.8000,1,2,4,1,5,3,3,8,1,2
SF,IH2006,2020-06-17 14:52:20.700,2872.6000,17985,0,15730416780.000,1,0,1,空换,B,2872.0000,2871.8000,2871.6000,2871.2000,2871.0000,2872.6000,2872.8000,2873.0000,2873.6000,2873.8000,1,2,4,1,5,2,3,8,1,2
SF,IH2006,2020-06-17 14:52:21.200,2872.6000,17985,0,15731278560.000,1,0,1,空换,B,2872.0000,2871.8000,2871.6000,2871.2000,2871.0000,2872.6000,2872.8000,2873.0000,2873.6000,2873.8000,2,2,4,1,5,2,2,8,1,2
SF,IH2006,2020-06-17 14:52:21.700,2872.6000,17985,0,15731278560.000,0,-,-,-,-,2872.0000,2871.8000,2871.6000,2871.2000,2871.0000,2872.6000,2872.8000,2873.0000,2873.6000,2873.8000,2,2,5,1,5,2,2,8,1,2
SF,IH2006,2020-06-17 14:52:22.200,2872.6000,17985,0,15731278560.000,0,-,-,-,-,2872.0000,2871.8000,2871.6000,2871.2000,2871.0000,2872.6000,2872.8000,2873.0000,2873.6000,2873.8000,3,2,5,1,5,2,2,8,1,2
SF,IH2006,2020-06-17 14:52:23.200,2872.6000,17985,0,15731278560.000,0,-,-,-,-,2872.2000,2872.0000,2871.8000,2871.6000,2871.2000,2872.6000,2872.8000,2873.0000,2873.6000,2873.8000,2,2,2,5,1,2,2,8,1,2
SF,IH2006,2020-06-17 14:52:23.700,2872.2000,17986,1,15733001880.000,2,1,1,多开,B,2872.2000,2872.0000,2871.8000,2871.6000,2871.2000,2872.6000,2872.8000,2873.0000,2873.6000,2873.8000,1,2,2,5,1,1,2,8,1,2
SF,IH2006,2020-06-17 14:52:24.200,2872.2000,17986,0,15733001880.000,0,-,-,-,-,2872.2000,2872.0000,2871.8000,2871.6000,2871.2000,2872.6000,2872.8000,2873.0000,2873.6000,2873.8000,1,3,2,5,1,1,2,8,1,2
SF,IH2006,2020-06-17 14:52:24.700,2872.6000,17985,-1,15733863660.000,1,0,1,双平,B,2872.2000,2872.0000,2871.8000,2871.6000,2871.2000,2872.8000,2873.0000,2873.6000,2873.8000,2874.0000,1,3,2,5,1,2,8,1,2,1
SF,IH2006,2020-06-17 14:52:25.700,2872.2000,17986,1,15734725320.000,1,1,0,双开,B,2872.0000,2871.8000,2871.6000,2871.2000,2871.0000,2872.8000,2873.0000,2873.6000,2873.8000,2874.0000,3,2,5,1,5,2,8,1,2,1
SF,IH2006,2020-06-17 14:52:26.200,2872.6000,17985,-1,15735587100.000,1,0,1,双平,B,2872.0000,2871.8000,2871.6000,2871.2000,2871.0000,2872.6000,2872.8000,2873.0000,2873.6000,2873.8000,3,2,5,1,5,1,2,8,1,2
SF,IH2006,2020-06-17 14:52:26.700,2872.6000,17985,0,15735587100.000,0,-,-,-,-,2872.4000,2872.2000,2872.0000,2871.8000,2871.6000,2872.8000,2873.0000,2873.6000,2873.8000,2874.0000,1,4,3,2,5,2,8,1,2,1
SF,IH2006,2020-06-17 14:52:27.200,2872.6000,17985,0,15735587100.000,0,-,-,-,-,2872.2000,2872.0000,2871.8000,2871.6000,2871.2000,2872.4000,2872.8000,2873.0000,2873.6000,2873.8000,4,3,2,5,1,1,2,8,1,2
SF,IH2006,2020-06-17 14:52:27.700,2872.8000,17986,1,15738172500.000,3,2,1,多开,B,2872.4000,2872.2000,2872.0000,2871.8000,2871.6000,2873.0000,2873.4000,2873.6000,2873.8000,2874.0000,3,4,2,1,5,8,1,1,2,1
SF,IH2006,2020-06-17 14:52:28.200,2873.0000,17986,0,15739034400.000,1,0,1,空换,B,2872.6000,2872.4000,2872.2000,2872.0000,2871.8000,2873.0000,2873.4000,2873.6000,2873.8000,2874.0000,1,2,3,2,1,7,1,1,2,1
SF,IH2006,2020-06-17 14:52:28.700,2873.0000,17986,0,15739034400.000,0,-,-,-,-,2872.6000,2872.4000,2872.2000,2872.0000,2871.8000,2873.0000,2873.4000,2873.6000,2873.8000,2874.0000,1,2,2,2,1,7,1,1,2,1
SF,IH2006,2020-06-17 14:52:29.200,2873.0000,17986,0,15739034400.000,0,-,-,-,-,2872.8000,2872.4000,2872.2000,2872.0000,2871.8000,2873.0000,2873.4000,2873.6000,2873.8000,2874.0000,1,2,2,2,1,7,1,1,2,1
SF,IH2006,2020-06-17 14:52:29.700,2872.8000,17987,1,15740758080.000,2,1,1,多开,B,2872.4000,2872.2000,2872.0000,2871.8000,2871.6000,2872.8000,2873.0000,2873.4000,2873.6000,2873.8000,2,1,2,1,5,10,7,1,1,2
SF,IH2006,2020-06-17 14:52:30.200,2872.4000,17987,0,15741619800.000,1,0,1,空换,B,2872.4000,2872.2000,2872.0000,2871.8000,2871.6000,2872.8000,2873.0000,2873.4000,2873.6000,2873.8000,1,1,2,1,5,4,7,1,1,2
SF,IH2006,2020-06-17 14:52:31.200,2872.8000,17987,0,15743343480.000,2,1,1,空换,B,2872.4000,2872.2000,2872.0000,2871.8000,2871.6000,2872.8000,2873.0000,2873.4000,2873.6000,2873.8000,1,1,2,1,5,2,7,1,1,2
SF,IH2006,2020-06-17 14:52:31.700,2872.8000,17986,-1,15744205320.000,1,0,1,双平,B,2872.4000,2872.0000,2871.8000,2871.6000,2871.2000,2872.8000,2873.0000,2873.4000,2873.6000,2873.8000,1,2,1,5,1,1,8,1,1,2
SF,IH2006,2020-06-17 14:52:32.200,2872.8000,17985,-1,15745067160.000,1,0,1,双平,B,2872.8000,2872.4000,2872.2000,2872.0000,2871.8000,2873.0000,2873.4000,2873.6000,2873.8000,2874.0000,1,1,1,2,1,8,1,1,2,1
SF,IH2006,2020-06-17 14:52:32.700,2872.8000,17986,1,15745929000.000,1,1,0,双开,B,2872.4000,2872.2000,2872.0000,2871.6000,2871.2000,2872.8000,2873.0000,2873.4000,2873.6000,2873.8000,1,1,2,5,1,1,8,1,1,2
SF,IH2006,2020-06-17 14:52:33.200,2872.8000,17985,-1,15746790840.000,1,0,1,双平,B,2872.4000,2872.2000,2872.0000,2871.6000,2871.2000,2873.0000,2873.4000,2873.6000,2873.8000,2874.0000,1,1,2,5,1,8,1,1,2,1
SF,IH2006,2020-06-17 14:52:33.700,2872.6000,17986,1,15747652620.000,1,1,0,双开,B,2872.8000,2872.4000,2872.2000,2872.0000,2871.6000,2873.0000,2873.4000,2873.6000,2873.8000,2874.0000,1,1,1,2,5,8,1,1,2,1
SF,IH2006,2020-06-17 14:52:34.200,2872.8000,17985,-1,15748514460.000,1,0,1,双平,B,2872.4000,2872.2000,2872.0000,2871.6000,2871.2000,2873.0000,2873.4000,2873.6000,2873.8000,2874.0000,1,1,2,5,1,8,1,1,2,1
SF,IH2006,2020-06-17 14:52:34.700,2873.0000,17985,0,15749376360.000,1,0,1,空换,B,2872.6000,2872.4000,2872.2000,2872.0000,2871.6000,2873.0000,2873.4000,2873.6000,2873.8000,2874.0000,1,2,1,2,5,7,1,1,2,1
SF,IH2006,2020-06-17 14:52:35.200,2873.0000,17985,0,15749376360.000,0,-,-,-,-,2872.6000,2872.4000,2872.2000,2872.0000,2871.6000,2873.0000,2873.4000,2873.6000,2873.8000,2874.0000,2,1,1,2,5,7,1,1,2,1
SF,IH2006,2020-06-17 14:52:35.700,2873.0000,17985,0,15750238260.000,1,0,1,空换,B,2872.6000,2872.4000,2872.2000,2872.0000,2871.6000,2873.0000,2873.4000,2873.6000,2873.8000,2874.0000,3,1,1,2,5,6,1,1,2,1
SF,IH2006,2020-06-17 14:52:36.200,2873.0000,17985,0,15750238260.000,0,-,-,-,-,2872.6000,2872.4000,2872.2000,2872.0000,2871.6000,2872.8000,2873.0000,2873.4000,2873.6000,2873.8000,3,1,1,2,5,1,7,1,1,2
SF,IH2006,2020-06-17 14:52:36.700,2872.6000,17985,0,15751961820.000,2,1,1,空换,B,2872.4000,2872.2000,2872.0000,2871.6000,2871.2000,2872.6000,2872.8000,2873.0000,2873.4000,2873.6000,1,1,2,5,1,2,1,7,1,1
SF,IH2006,2020-06-17 14:52:37.200,2872.6000,17987,2,15753685380.000,2,2,0,双开,B,2872.4000,2872.2000,2872.0000,2871.6000,2871.2000,2872.8000,2873.0000,2873.4000,2873.6000,2873.8000,1,1,2,5,1,1,7,1,1,2
SF,IH2006,2020-06-17 14:52:37.700,2872.6000,17987,0,15753685380.000,0,-,-,-,-,2872.4000,2872.2000,2872.0000,2871.6000,2871.2000,2872.8000,2873.0000,2873.4000,2873.6000,2873.8000,2,1,2,5,1,1,7,1,1,2
SF,IH2006,2020-06-17 14:52:38.200,2873.0000,17987,0,15755409120.000,2,1,1,空换,B,2872.8000,2872.4000,2872.2000,2872.0000,2871.6000,2873.0000,2873.4000,2873.6000,2873.8000,2874.0000,3,1,1,2,5,6,1,1,2,1
SF,IH2006,2020-06-17 14:52:38.700,2872.8000,17988,1,15757132800.000,2,1,1,多开,B,2872.8000,2872.4000,2872.2000,2872.0000,2871.6000,2873.0000,2873.4000,2873.6000,2873.8000,2874.0000,1,1,1,1,5,6,1,1,2,1
SF,IH2006,2020-06-17 14:52:39.200,2872.8000,17988,0,15757994640.000,1,0,1,空换,B,2872.4000,2872.2000,2872.0000,2871.6000,2871.2000,2872.8000,2873.0000,2873.4000,2873.6000,2873.8000,1,1,1,5,1,7,6,1,1,2
SF,IH2006,2020-06-17 14:52:39.700,2872.8000,17988,0,15757994640.000,0,-,-,-,-,2872.4000,2872.2000,2872.0000,2871.6000,2871.2000,2872.8000,2873.0000,2873.4000,2873.6000,2873.8000,1,1,1,5,1,7,6,1,1,2
SF,IH2006,2020-06-17 14:52:40.700,2872.8000,17988,0,15758856480.000,1,0,1,空换,B,2872.4000,2872.2000,2872.0000,2871.6000,2871.2000,2872.8000,2873.0000,2873.6000,2873.8000,2874.0000,1,2,1,5,1,6,6,1,2,1
SF,IH2006,2020-06-17 14:52:41.200,2872.4000,17988,0,15759718200.000,1,0,1,空换,B,2872.2000,2872.0000,2871.6000,2871.2000,2871.0000,2872.8000,2873.0000,2873.6000,2873.8000,2874.0000,2,1,5,1,5,6,6,1,2,1
SF,IH2006,2020-06-17 14:52:41.700,2872.8000,17988,0,15761441880.000,2,1,1,空换,B,2872.2000,2872.0000,2871.6000,2871.2000,2871.0000,2872.8000,2873.0000,2873.6000,2873.8000,2874.0000,2,1,5,1,5,4,7,1,2,1
SF,IH2006,2020-06-17 14:52:42.200,2872.8000,17988,0,15761441880.000,0,-,-,-,-,2872.2000,2872.0000,2871.6000,2871.2000,2871.0000,2872.8000,2873.0000,2873.6000,2873.8000,2874.0000,2,1,5,1,5,5,7,1,2,1
SF,IH2006,2020-06-17 14:52:42.700,2872.8000,17988,0,15761441880.000,0,-,-,-,-,2872.2000,2872.0000,2871.6000,2871.2000,2871.0000,2872.8000,2873.0000,2873.6000,2873.8000,2874.0000,2,1,5,1,5,6,7,1,2,1
SF,IH2006,2020-06-17 14:52:43.200,2872.8000,17988,0,15761441880.000,0,-,-,-,-,2872.2000,2872.0000,2871.6000,2871.2000,2871.0000,2872.6000,2872.8000,2873.0000,2873.6000,2873.8000,2,1,5,1,5,1,6,7,1,2
SF,IH2006,2020-06-17 14:52:43.700,2872.8000,17988,0,15762303720.000,1,0,1,空换,B,2872.2000,2872.0000,2871.6000,2871.2000,2871.0000,2872.6000,2872.8000,2873.0000,2873.6000,2873.8000,2,1,5,1,5,3,6,7,1,2
SF,IH2006,2020-06-17 14:52:44.200,2872.8000,17991,3,15764889240.000,3,3,0,双开,B,2872.2000,2872.0000,2871.6000,2871.2000,2871.0000,2872.8000,2873.0000,2873.6000,2873.8000,2874.0000,2,1,5,1,5,5,7,1,2,1
SF,IH2006,2020-06-17 14:52:44.700,2872.8000,17991,0,15764889240.000,0,-,-,-,-,2872.4000,2872.2000,2872.0000,2871.6000,2871.2000,2872.8000,2873.0000,2873.6000,2873.8000,2874.0000,2,3,1,5,1,4,7,1,2,1
SF,IH2006,2020-06-17 14:52:45.200,2872.8000,17991,0,15764889240.000,0,-,-,-,-,2872.4000,2872.2000,2872.0000,2871.6000,2871.2000,2872.6000,2872.8000,2873.0000,2873.6000,2873.8000,2,3,1,5,1,10,4,7,1,2
SF,IH2006,2020-06-17 14:52:45.700,2872.8000,17991,0,15764889240.000,0,-,-,-,-,2872.4000,2872.2000,2872.0000,2871.6000,2871.2000,2872.6000,2872.8000,2873.0000,2873.6000,2873.8000,1,3,1,5,1,10,4,7,1,2
SF,IH2006,2020-06-17 14:52:46.200,2872.4000,17992,1,15765750960.000,1,1,0,双开,B,2872.2000,2872.0000,2871.6000,2871.2000,2870.8000,2872.6000,2872.8000,2873.0000,2873.6000,2873.8000,2,1,5,1,1,10,4,7,1,2
SF,IH2006,2020-06-17 14:52:46.700,2872.2000,17993,1,15767474280.000,2,1,1,多开,B,2872.0000,2871.6000,2871.2000,2870.8000,2870.2000,2872.2000,2872.6000,2872.8000,2873.0000,2873.6000,1,5,1,1,1,2,10,4,7,1
SF,IH2006,2020-06-17 14:52:47.200,2871.6000,17994,1,15769197360.000,2,1,1,多开,B,2871.6000,2871.2000,2870.8000,2870.2000,2870.0000,2872.4000,2872.6000,2872.8000,2873.0000,2873.6000,4,1,1,1,6,2,10,5,7,1
SF,IH2006,2020-06-17 14:52:47.700,2872.2000,17995,1,15770059020.000,1,1,0,双开,B,2871.6000,2871.2000,2870.8000,2870.2000,2870.0000,2872.2000,2872.4000,2872.6000,2872.8000,2873.0000,4,1,1,1,6,5,1,10,5,7
SF,IH2006,2020-06-17 14:52:48.200,2872.2000,17994,-1,15770920680.000,1,0,1,双平,B,2871.6000,2871.2000,2870.8000,2870.2000,2870.0000,2872.2000,2872.4000,2872.6000,2872.8000,2873.0000,4,1,1,1,6,5,1,10,5,7
SF,IH2006,2020-06-17 14:52:48.700,2871.6000,17995,1,15772643640.000,2,1,1,多开,B,2871.6000,2871.2000,2870.8000,2870.2000,2870.0000,2872.2000,2872.4000,2872.6000,2872.8000,2873.0000,2,1,1,1,6,5,1,10,5,7
SF,IH2006,2020-06-17 14:52:49.200,2871.6000,17995,0,15773505120.000,1,0,1,空换,B,2871.6000,2871.2000,2870.8000,2870.2000,2870.0000,2872.0000,2872.2000,2872.4000,2872.6000,2872.8000,1,1,1,1,6,1,9,1,10,5
SF,IH2006,2020-06-17 14:52:49.700,2871.6000,17995,0,15773505120.000,0,-,-,-,-,2871.6000,2871.2000,2870.8000,2870.2000,2870.0000,2872.0000,2872.2000,2872.4000,2872.6000,2872.8000,2,1,1,1,6,2,9,1,10,5
SF,IH2006,2020-06-17 14:52:50.200,2871.6000,17995,0,15773505120.000,0,-,-,-,-,2871.6000,2871.2000,2870.8000,2870.2000,2870.0000,2872.0000,2872.2000,2872.4000,2872.6000,2872.8000,2,1,1,1,6,2,9,1,10,6
SF,IH2006,2020-06-17 14:52:51.200,2872.0000,17995,0,15774366720.000,1,0,1,空换,B,2871.6000,2871.2000,2870.8000,2870.2000,2870.0000,2872.0000,2872.2000,2872.4000,2872.6000,2872.8000,2,1,1,1,6,1,9,1,10,6
SF,IH2006,2020-06-17 14:52:52.200,2872.0000,17995,0,15774366720.000,0,-,-,-,-,2871.6000,2871.2000,2871.0000,2870.8000,2870.2000,2871.8000,2872.0000,2872.2000,2872.4000,2872.6000,2,1,5,1,1,1,1,8,1,10
SF,IH2006,2020-06-17 14:52:52.700,2871.6000,17995,0,15775228200.000,1,0,1,空换,B,2871.6000,2871.2000,2871.0000,2870.8000,2870.2000,2872.0000,2872.2000,2872.4000,2872.6000,2872.8000,1,1,5,1,1,1,6,1,10,6
SF,IH2006,2020-06-17 14:52:54.200,2872.0000,17996,1,15776089800.000,1,1,0,双开,B,2871.6000,2871.2000,2871.0000,2870.8000,2870.2000,2872.0000,2872.2000,2872.4000,2872.6000,2872.8000,1,1,5,1,1,1,6,1,10,6
SF,IH2006,2020-06-17 14:52:54.700,2871.6000,17997,1,15776951280.000,1,1,0,双开,B,2871.2000,2871.0000,2870.8000,2870.2000,2870.0000,2871.6000,2871.8000,2872.0000,2872.2000,2872.4000,1,5,1,1,6,1,1,2,6,1
SF,IH2006,2020-06-17 14:52:55.200,2871.8000,17997,0,15777812820.000,1,0,1,空换,B,2871.2000,2871.0000,2870.8000,2870.2000,2870.0000,2872.0000,2872.2000,2872.4000,2872.6000,2872.8000,1,5,1,1,6,2,6,1,10,6
SF,IH2006,2020-06-17 14:52:55.700,2871.8000,17997,0,15777812820.000,0,-,-,-,-,2871.4000,2871.2000,2871.0000,2870.8000,2870.2000,2872.0000,2872.2000,2872.4000,2872.6000,2872.8000,1,2,5,1,1,2,6,1,10,6
SF,IH2006,2020-06-17 14:52:56.200,2871.8000,17997,0,15777812820.000,0,-,-,-,-,2871.8000,2871.4000,2871.2000,2871.0000,2870.8000,2872.0000,2872.2000,2872.4000,2872.6000,2872.8000,1,1,2,5,1,2,6,1,10,7
SF,IH2006,2020-06-17 14:52:56.700,2871.8000,17997,0,15778674360.000,1,0,1,空换,B,2871.4000,2871.2000,2871.0000,2870.8000,2870.2000,2872.0000,2872.2000,2872.4000,2872.6000,2872.8000,1,2,5,1,1,2,6,1,10,7
SF,IH2006,2020-06-17 14:52:57.200,2871.8000,17997,0,15778674360.000,0,-,-,-,-,2871.4000,2871.2000,2871.0000,2870.8000,2870.2000,2872.0000,2872.2000,2872.4000,2872.6000,2872.8000,1,2,5,1,1,2,6,1,10,7
SF,IH2006,2020-06-17 14:52:57.700,2871.8000,17997,0,15778674360.000,0,-,-,-,-,2871.4000,2871.2000,2871.0000,2870.8000,2870.2000,2872.0000,2872.2000,2872.4000,2872.6000,2872.8000,1,2,5,1,1,2,6,1,10,7
SF,IH2006,2020-06-17 14:52:58.200,2871.8000,17997,0,15778674360.000,0,-,-,-,-,2871.4000,2871.2000,2871.0000,2870.8000,2870.2000,2872.0000,2872.2000,2872.4000,2872.6000,2872.8000,1,2,6,1,1,2,6,1,10,7
SF,IH2006,2020-06-17 14:52:58.700,2871.8000,17997,0,15778674360.000,0,-,-,-,-,2871.2000,2871.0000,2870.8000,2870.2000,2870.0000,2871.6000,2871.8000,2872.0000,2872.2000,2872.4000,2,6,1,1,6,1,2,2,6,1
SF,IH2006,2020-06-17 14:52:59.200,2871.8000,17997,0,15778674360.000,0,-,-,-,-,2871.2000,2871.0000,2870.8000,2870.2000,2870.0000,2871.4000,2871.6000,2871.8000,2872.0000,2872.2000,2,6,1,1,6,1,10,2,2,6
SF,IH2006,2020-06-17 14:52:59.700,2871.2000,17998,1,15779535720.000,1,1,0,双开,B,2871.0000,2870.8000,2870.2000,2870.0000,2869.8000,2871.4000,2871.6000,2871.8000,2872.0000,2872.2000,6,1,1,6,1,1,12,2,2,6
SF,IH2006,2020-06-17 14:53:00.200,2871.4000,17997,-1,15780397140.000,1,0,1,双平,B,2871.0000,2870.8000,2870.2000,2870.0000,2869.8000,2871.4000,2871.6000,2871.8000,2872.0000,2872.2000,6,1,1,6,1,1,12,2,2,6
SF,IH2006,2020-06-17 14:53:00.700,2871.4000,17996,-1,15781258560.000,1,0,1,双平,B,2871.0000,2870.8000,2870.2000,2870.0000,2869.8000,2871.6000,2871.8000,2872.0000,2872.2000,2872.4000,9,1,1,6,1,12,2,2,6,1
SF,IH2006,2020-06-17 14:53:01.200,2871.4000,17996,0,15781258560.000,0,-,-,-,-,2871.0000,2870.8000,2870.2000,2870.0000,2869.8000,2871.6000,2871.8000,2872.0000,2872.2000,2872.4000,9,1,1,6,1,12,2,2,6,1
SF,IH2006,2020-06-17 14:53:01.700,2871.2000,17997,1,15782981280.000,2,1,1,多开,B,2871.2000,2871.0000,2870.8000,2870.2000,2870.0000,2871.6000,2871.8000,2872.0000,2872.2000,2872.4000,3,10,1,1,6,12,2,2,6,1
SF,IH2006,2020-06-17 14:53:02.200,2871.2000,17997,0,15782981280.000,0,-,-,-,-,2871.2000,2871.0000,2870.8000,2870.2000,2870.0000,2871.6000,2871.8000,2872.0000,2872.2000,2872.4000,6,10,1,1,6,12,2,2,6,1
SF,IH2006,2020-06-17 14:53:02.700,2871.2000,17997,0,15782981280.000,0,-,-,-,-,2871.4000,2871.2000,2871.0000,2870.8000,2870.2000,2871.6000,2871.8000,2872.0000,2872.2000,2872.4000,1,6,10,1,1,12,2,2,6,1
SF,IH2006,2020-06-17 14:53:03.200,2871.4000,17998,1,15785565540.000,3,2,1,多开,B,2871.2000,2871.0000,2870.8000,2870.2000,2870.0000,2871.6000,2871.8000,2872.0000,2872.2000,2872.4000,6,10,1,1,6,12,2,2,6,1
SF,IH2006,2020-06-17 14:53:03.700,2871.4000,17998,0,15785565540.000,0,-,-,-,-,2871.2000,2871.0000,2870.8000,2870.2000,2870.0000,2871.6000,2871.8000,2872.0000,2872.2000,2872.4000,6,10,1,1,6,12,1,2,6,1
SF,IH2006,2020-06-17 14:53:04.200,2871.4000,17998,0,15785565540.000,0,-,-,-,-,2871.2000,2871.0000,2870.8000,2870.2000,2870.0000,2871.4000,2871.6000,2871.8000,2872.0000,2872.2000,5,10,1,1,6,2,12,1,2,6
SF,IH2006,2020-06-17 14:53:04.700,2871.4000,17998,0,15786426960.000,1,0,1,空换,B,2871.2000,2871.0000,2870.8000,2870.2000,2870.0000,2871.4000,2871.6000,2871.8000,2872.0000,2872.2000,4,10,1,1,6,2,12,2,2,6
SF,IH2006,2020-06-17 14:53:05.200,2871.4000,17997,-1,15787288380.000,1,0,1,双平,B,2871.2000,2871.0000,2870.8000,2870.2000,2870.0000,2871.4000,2871.6000,2871.8000,2872.0000,2872.2000,4,10,1,1,6,1,12,2,2,6
SF,IH2006,2020-06-17 14:53:05.700,2871.2000,17998,1,15788149740.000,1,1,0,双开,B,2871.2000,2871.0000,2870.8000,2870.2000,2870.0000,2871.4000,2871.6000,2871.8000,2872.0000,2872.2000,3,10,1,1,6,1,12,2,2,6
SF,IH2006,2020-06-17 14:53:06.200,2871.2000,17998,0,15788149740.000,0,-,-,-,-,2871.2000,2871.0000,2870.8000,2870.2000,2870.0000,2871.4000,2871.6000,2871.8000,2872.0000,2872.2000,3,9,1,1,6,1,12,2,2,6
SF,IH2006,2020-06-17 14:53:08.200,2871.2000,17998,0,15788149740.000,0,-,-,-,-,2871.2000,2871.0000,2870.8000,2870.2000,2870.0000,2871.4000,2871.6000,2871.8000,2872.0000,2872.2000,3,9,1,1,6,1,12,2,2,6
SF,IH2006,2020-06-17 14:53:08.700,2871.2000,18000,2,15789872460.000,2,2,0,双开,B,2871.2000,2871.0000,2870.8000,2870.2000,2870.0000,2871.4000,2871.6000,2871.8000,2872.0000,2872.2000,1,9,1,1,6,1,12,2,2,6
SF,IH2006,2020-06-17 14:53:09.200,2871.0000,18000,0,15794179020.000,5,2,3,空换,B,2871.0000,2870.8000,2870.2000,2870.0000,2869.8000,2871.4000,2871.6000,2871.8000,2872.0000,2872.2000,5,1,1,6,1,2,3,2,2,6
SF,IH2006,2020-06-17 14:53:09.700,2870.2000,17999,-1,15800207820.000,7,3,4,空平,B,2870.0000,2869.8000,2869.2000,2868.8000,2868.6000,2871.4000,2871.8000,2872.0000,2872.2000,2872.4000,6,1,2,3,2,2,2,2,6,1
SF,IH2006,2020-06-17 14:53:10.200,2870.2000,17999,0,15800207820.000,0,-,-,-,-,2870.6000,2870.4000,2870.2000,2870.0000,2869.8000,2871.2000,2871.4000,2871.8000,2872.0000,2872.2000,7,6,5,8,1,3,2,2,2,5
SF,IH2006,2020-06-17 14:53:10.700,2870.2000,17999,0,15800207820.000,0,-,-,-,-,2871.0000,2870.8000,2870.6000,2870.4000,2870.2000,2871.4000,2871.8000,2872.0000,2872.2000,2872.4000,2,4,4,4,3,2,2,2,5,1
SF,IH2006,2020-06-17 14:53:11.200,2870.2000,17999,0,15800207820.000,0,-,-,-,-,2870.8000,2870.6000,2870.4000,2870.2000,2870.0000,2871.0000,2871.4000,2871.8000,2872.0000,2872.2000,3,3,3,3,9,1,2,2,2,5
SF,IH2006,2020-06-17 14:53:11.700,2871.0000,18000,1,15801069120.000,1,1,0,双开,B,2871.2000,2871.0000,2870.8000,2870.6000,2870.4000,2871.4000,2871.8000,2872.0000,2872.2000,2872.6000,2,1,3,3,1,2,2,2,5,10
SF,IH2006,2020-06-17 14:53:12.200,2871.2000,18000,0,15802791840.000,2,1,1,空换,B,2871.0000,2870.8000,2870.6000,2870.4000,2870.2000,2871.2000,2871.4000,2871.8000,2872.0000,2872.2000,1,3,3,1,5,1,2,2,2,5
SF,IH2006,2020-06-17 14:53:12.700,2871.2000,18000,0,15802791840.000,0,-,-,-,-,2871.0000,2870.8000,2870.6000,2870.4000,2870.2000,2871.2000,2871.4000,2871.8000,2872.0000,2872.2000,1,3,3,1,6,2,2,2,2,5
SF,IH2006,2020-06-17 14:53:13.200,2871.2000,18000,0,15803653200.000,1,0,1,空换,B,2871.0000,2870.8000,2870.6000,2870.4000,2870.2000,2871.2000,2871.4000,2871.8000,2872.0000,2872.2000,1,3,3,1,6,1,2,2,2,5
SF,IH2006,2020-06-17 14:53:14.200,2871.2000,18000,0,15803653200.000,0,-,-,-,-,2871.0000,2870.8000,2870.6000,2870.4000,2870.2000,2871.2000,2871.4000,2871.8000,2872.0000,2872.2000,1,4,3,1,6,1,2,2,2,5
SF,IH2006,2020-06-17 14:53:14.700,2870.8000,18002,2,15805375740.000,2,2,0,双开,B,2870.8000,2870.6000,2870.4000,2870.2000,2870.0000,2871.2000,2871.4000,2871.8000,2872.0000,2872.2000,3,3,1,6,11,2,2,2,2,5
SF,IH2006,2020-06-17 14:53:15.200,2870.8000,18002,0,15805375740.000,0,-,-,-,-,2870.8000,2870.6000,2870.4000,2870.2000,2870.0000,2871.2000,2871.4000,2871.8000,2872.0000,2872.2000,3,3,1,6,11,2,2,1,2,5
SF,IH2006,2020-06-17 14:53:15.700,2870.8000,18002,0,15805375740.000,0,-,-,-,-,2870.8000,2870.6000,2870.4000,2870.2000,2870.0000,2871.2000,2871.4000,2871.8000,2872.0000,2872.2000,3,3,1,6,11,3,2,1,1,5
SF,IH2006,2020-06-17 14:53:16.200,2870.8000,18002,0,15805375740.000,0,-,-,-,-,2870.8000,2870.6000,2870.4000,2870.2000,2870.0000,2871.2000,2871.4000,2871.8000,2872.0000,2872.2000,3,3,1,6,10,3,2,1,1,5
SF,IH2006,2020-06-17 14:53:16.700,2870.8000,18003,1,15806236980.000,1,1,0,双开,B,2870.8000,2870.6000,2870.4000,2870.2000,2870.0000,2871.2000,2871.4000,2871.8000,2872.0000,2872.2000,2,3,1,6,10,3,2,1,1,5
SF,IH2006,2020-06-17 14:53:17.200,2870.8000,18003,0,15806236980.000,0,-,-,-,-,2870.8000,2870.6000,2870.4000,2870.2000,2870.0000,2871.2000,2871.4000,2871.8000,2872.0000,2872.2000,2,3,1,6,8,3,2,1,1,5
SF,IH2006,2020-06-17 14:53:17.700,2870.8000,18004,1,15807098220.000,1,1,0,双开,B,2871.0000,2870.8000,2870.6000,2870.4000,2870.2000,2871.2000,2871.4000,2871.8000,2872.0000,2872.2000,1,4,3,1,6,3,2,1,1,5
SF,IH2006,2020-06-17 14:53:18.200,2871.2000,18005,1,15807959580.000,1,1,0,双开,B,2871.0000,2870.8000,2870.6000,2870.4000,2870.2000,2871.2000,2871.4000,2871.8000,2872.0000,2872.2000,1,4,3,1,6,1,1,1,1,5
SF,IH2006,2020-06-17 14:53:18.700,2871.4000,18005,0,15809682360.000,2,1,1,空换,B,2871.4000,2871.2000,2871.0000,2870.8000,2870.6000,2871.8000,2872.0000,2872.2000,2872.6000,2872.8000,1,4,1,4,3,1,1,5,10,6
SF,IH2006,2020-06-17 14:53:19.200,2871.4000,18005,0,15809682360.000,0,-,-,-,-,2871.0000,2870.8000,2870.6000,2870.4000,2870.2000,2871.8000,2872.0000,2872.2000,2872.6000,2872.8000,1,4,3,1,6,2,1,5,10,6
SF,IH2006,2020-06-17 14:53:19.700,2871.2000,18005,0,15810543720.000,1,0,1,空换,B,2871.0000,2870.8000,2870.6000,2870.4000,2870.2000,2871.6000,2871.8000,2872.0000,2872.2000,2872.6000,1,4,3,1,6,1,2,1,5,10
SF,IH2006,2020-06-17 14:53:20.200,2871.2000,18005,0,15810543720.000,0,-,-,-,-,2871.4000,2871.0000,2870.8000,2870.6000,2870.4000,2871.6000,2871.8000,2872.0000,2872.2000,2872.6000,1,1,4,3,1,1,2,1,5,10
SF,IH2006,2020-06-17 14:53:20.700,2871.2000,18005,0,15810543720.000,0,-,-,-,-,2871.0000,2870.8000,2870.6000,2870.4000,2870.2000,2871.4000,2871.6000,2871.8000,2872.0000,2872.2000,1,4,3,1,7,3,1,2,1,5
SF,IH2006,2020-06-17 14:53:21.200,2871.4000,18006,1,15811405140.000,1,1,0,双开,B,2871.0000,2870.8000,2870.6000,2870.4000,2870.2000,2871.4000,2871.6000,2871.8000,2872.0000,2872.2000,1,4,3,1,6,2,1,3,1,5
SF,IH2006,2020-06-17 14:53:22.200,2871.4000,18006,0,15811405140.000,0,-,-,-,-,2871.0000,2870.8000,2870.6000,2870.4000,2870.2000,2871.4000,2871.6000,2871.8000,2872.0000,2872.2000,2,4,3,1,6,2,1,3,1,5
SF,IH2006,2020-06-17 14:53:22.700,2871.4000,18006,0,15811405140.000,0,-,-,-,-,2871.0000,2870.8000,2870.6000,2870.4000,2870.2000,2871.4000,2871.6000,2871.8000,2872.0000,2872.2000,1,4,3,1,6,3,1,3,1,5
SF,IH2006,2020-06-17 14:53:23.700,2871.4000,18006,0,15811405140.000,0,-,-,-,-,2871.0000,2870.8000,2870.6000,2870.4000,2870.2000,2871.4000,2871.6000,2871.8000,2872.0000,2872.2000,1,4,3,1,6,1,1,3,1,5
SF,IH2006,2020-06-17 14:53:24.200,2871.4000,18007,1,15813127980.000,2,1,1,多开,B,2871.0000,2870.8000,2870.6000,2870.4000,2870.2000,2871.2000,2871.6000,2871.8000,2872.0000,2872.2000,2,4,3,1,6,1,1,3,1,5
SF,IH2006,2020-06-17 14:53:24.700,2871.2000,18008,1,15816573420.000,4,2,2,多开,B,2871.0000,2870.8000,2870.6000,2870.4000,2870.2000,2871.6000,2871.8000,2872.0000,2872.2000,2872.6000,3,4,3,1,7,1,2,1,5,10
SF,IH2006,2020-06-17 14:53:25.200,2871.2000,18008,0,15816573420.000,0,-,-,-,-,2871.0000,2870.8000,2870.6000,2870.4000,2870.2000,2871.4000,2871.6000,2871.8000,2872.2000,2872.6000,4,4,3,1,7,1,1,2,5,10
SF,IH2006,2020-06-17 14:53:25.700,2871.0000,18009,1,15818296020.000,2,1,1,多开,B,2871.0000,2870.8000,2870.6000,2870.4000,2870.2000,2871.4000,2871.6000,2871.8000,2872.2000,2872.6000,2,4,3,1,7,1,1,2,5,10
SF,IH2006,2020-06-17 14:53:26.200,2871.0000,18009,0,15818296020.000,0,-,-,-,-,2871.0000,2870.8000,2870.6000,2870.4000,2870.2000,2871.4000,2871.6000,2871.8000,2872.2000,2872.6000,3,4,3,1,7,1,2,2,5,10
SF,IH2006,2020-06-17 14:53:26.700,2871.0000,18009,0,15818296020.000,0,-,-,-,-,2871.0000,2870.8000,2870.6000,2870.4000,2870.2000,2871.4000,2871.6000,2871.8000,2872.2000,2872.6000,4,4,3,1,7,1,2,2,5,10
SF,IH2006,2020-06-17 14:53:27.200,2871.0000,18009,0,15818296020.000,0,-,-,-,-,2871.0000,2870.8000,2870.6000,2870.4000,2870.2000,2871.4000,2871.6000,2871.8000,2872.2000,2872.6000,5,4,3,1,7,1,2,2,5,10
SF,IH2006,2020-06-17 14:53:27.700,2871.0000,18009,0,15818296020.000,0,-,-,-,-,2871.2000,2871.0000,2870.8000,2870.6000,2870.4000,2871.6000,2871.8000,2872.2000,2872.6000,2872.8000,1,5,4,3,1,2,2,5,10,4
SF,IH2006,2020-06-17 14:53:28.200,2871.0000,18009,0,15818296020.000,0,-,-,-,-,2871.2000,2871.0000,2870.8000,2870.6000,2870.4000,2871.6000,2871.8000,2872.2000,2872.6000,2872.8000,2,5,4,3,1,2,2,5,10,5
SF,IH2006,2020-06-17 14:53:29.200,2871.0000,18009,0,15818296020.000,0,-,-,-,-,2871.2000,2871.0000,2870.8000,2870.6000,2870.4000,2871.6000,2871.8000,2872.2000,2872.6000,2872.8000,3,5,4,3,1,2,2,5,10,5
SF,IH2006,2020-06-17 14:53:29.700,2871.2000,18010,1,15820018740.000,2,1,1,多开,B,2871.2000,2871.0000,2870.8000,2870.6000,2870.4000,2871.4000,2871.6000,2871.8000,2872.2000,2872.6000,1,5,4,3,1,1,2,2,5,10
SF,IH2006,2020-06-17 14:53:30.200,2871.4000,18009,-1,15820880160.000,1,0,1,双平,B,2871.2000,2871.0000,2870.8000,2870.6000,2870.4000,2871.6000,2871.8000,2872.2000,2872.6000,2872.8000,2,4,4,3,1,2,2,5,10,5
SF,IH2006,2020-06-17 14:53:31.200,2871.2000,18009,0,15821741520.000,1,0,1,空换,B,2871.4000,2871.2000,2871.0000,2870.8000,2870.6000,2871.6000,2871.8000,2872.2000,2872.6000,2872.8000,2,2,10,4,3,2,2,5,10,5
SF,IH2006,2020-06-17 14:53:31.700,2871.2000,18009,0,15821741520.000,0,-,-,-,-,2871.4000,2871.2000,2871.0000,2870.8000,2870.6000,2871.6000,2871.8000,2872.2000,2872.6000,2872.8000,2,2,10,4,3,1,2,5,10,5
SF,IH2006,2020-06-17 14:53:32.200,2871.4000,18005,-4,15826048620.000,5,0,5,空平,B,2871.2000,2871.0000,2870.8000,2870.6000,2870.4000,2871.4000,2871.6000,2871.8000,2872.2000,2872.6000,2,3,4,3,1,5,1,3,5,10
SF,IH2006,2020-06-17 14:53:32.700,2871.2000,18005,0,15827771340.000,2,1,1,空换,B,2871.0000,2870.8000,2870.6000,2870.4000,2870.2000,2871.2000,2871.4000,2871.6000,2871.8000,2872.2000,3,4,3,1,7,2,6,1,3,5
SF,IH2006,2020-06-17 14:53:33.200,2871.2000,18005,0,15827771340.000,0,-,-,-,-,2871.0000,2870.8000,2870.6000,2870.4000,2870.2000,2871.4000,2871.6000,2871.8000,2872.2000,2872.6000,4,4,3,1,7,6,1,3,5,10
SF,IH2006,2020-06-17 14:53:33.700,2871.0000,18006,1,15831216540.000,4,2,2,多开,B,2870.8000,2870.6000,2870.4000,2870.2000,2870.0000,2871.4000,2871.6000,2871.8000,2872.2000,2872.6000,4,3,1,7,7,6,1,3,5,10
SF,IH2006,2020-06-17 14:53:34.200,2871.0000,18006,0,15831216540.000,0,-,-,-,-,2870.8000,2870.6000,2870.4000,2870.2000,2870.0000,2871.2000,2871.4000,2871.6000,2871.8000,2872.2000,5,3,1,7,7,1,6,1,3,5
SF,IH2006,2020-06-17 14:53:34.700,2871.0000,18006,0,15831216540.000,0,-,-,-,-,2870.8000,2870.6000,2870.4000,2870.2000,2870.0000,2871.2000,2871.4000,2871.6000,2871.8000,2872.2000,5,9,1,7,7,1,6,1,3,5
SF,IH2006,2020-06-17 14:53:35.200,2871.0000,18006,0,15831216540.000,0,-,-,-,-,2870.8000,2870.6000,2870.4000,2870.2000,2870.0000,2871.2000,2871.4000,2871.6000,2871.8000,2872.2000,6,9,1,6,7,1,6,1,3,5
SF,IH2006,2020-06-17 14:53:35.700,2871.0000,18006,0,15831216540.000,0,-,-,-,-,2870.8000,2870.6000,2870.4000,2870.2000,2870.0000,2871.4000,2871.6000,2871.8000,2872.2000,2872.6000,6,9,1,6,7,6,1,3,5,10
SF,IH2006,2020-06-17 14:53:36.200,2870.8000,18007,1,15832077780.000,1,1,0,双开,B,2870.8000,2870.6000,2870.4000,2870.2000,2870.0000,2871.4000,2871.6000,2871.8000,2872.2000,2872.6000,6,9,1,6,7,6,1,3,5,10
SF,IH2006,2020-06-17 14:53:36.700,2870.8000,18007,0,15832077780.000,0,-,-,-,-,2870.8000,2870.6000,2870.4000,2870.2000,2870.0000,2871.4000,2871.6000,2871.8000,2872.2000,2872.6000,6,9,1,6,7,7,1,3,5,10
SF,IH2006,2020-06-17 14:53:37.200,2870.8000,18007,0,15832077780.000,0,-,-,-,-,2870.8000,2870.6000,2870.4000,2870.2000,2870.0000,2871.4000,2871.6000,2871.8000,2872.2000,2872.6000,7,9,1,6,7,7,1,3,5,10
SF,IH2006,2020-06-17 14:53:37.700,2870.8000,18009,2,15833800260.000,2,2,0,双开,B,2870.8000,2870.6000,2870.4000,2870.2000,2870.0000,2871.2000,2871.4000,2871.6000,2871.8000,2872.2000,5,9,1,6,5,1,7,1,3,5
SF,IH2006,2020-06-17 14:53:38.200,2870.8000,18009,0,15833800260.000,0,-,-,-,-,2870.8000,2870.6000,2870.4000,2870.2000,2870.0000,2871.2000,2871.4000,2871.6000,2871.8000,2872.2000,6,9,1,6,5,2,7,1,3,5
SF,IH2006,2020-06-17 14:53:38.700,2870.8000,18009,0,15833800260.000,0,-,-,-,-,2870.8000,2870.6000,2870.4000,2870.2000,2870.0000,2871.0000,2871.2000,2871.4000,2871.6000,2871.8000,6,9,1,6,5,1,1,7,1,3
SF,IH2006,2020-06-17 14:53:39.200,2871.0000,18010,1,15834661560.000,1,1,0,双开,B,2871.0000,2870.8000,2870.6000,2870.4000,2870.2000,2871.2000,2871.4000,2871.6000,2871.8000,2872.2000,6,7,9,1,6,4,8,1,3,5
SF,IH2006,2020-06-17 14:53:39.700,2871.2000,18010,0,15835522920.000,1,0,1,空换,B,2871.0000,2870.8000,2870.6000,2870.4000,2870.2000,2871.2000,2871.4000,2871.6000,2871.8000,2872.2000,3,7,9,1,6,3,8,1,3,5
SF,IH2006,2020-06-17 14:53:40.200,2871.2000,18010,0,15835522920.000,0,-,-,-,-,2871.0000,2870.8000,2870.6000,2870.4000,2870.2000,2871.2000,2871.4000,2871.6000,2871.8000,2872.2000,4,6,9,1,6,3,8,1,3,5
SF,IH2006,2020-06-17 14:53:40.700,2871.2000,18010,0,15835522920.000,0,-,-,-,-,2871.0000,2870.8000,2870.6000,2870.4000,2870.2000,2871.2000,2871.4000,2871.6000,2871.8000,2872.2000,4,6,9,1,6,3,8,1,3,5
SF,IH2006,2020-06-17 14:53:41.200,2871.2000,18010,0,15835522920.000,0,-,-,-,-,2871.0000,2870.8000,2870.6000,2870.4000,2870.2000,2871.2000,2871.4000,2871.6000,2871.8000,2872.2000,5,5,9,1,6,3,8,1,3,5
SF,IH2006,2020-06-17 14:53:42.200,2871.2000,18010,0,15835522920.000,0,-,-,-,-,2871.0000,2870.8000,2870.6000,2870.4000,2870.2000,2871.2000,2871.4000,2871.6000,2871.8000,2872.2000,5,4,9,1,6,3,8,1,3,5
SF,IH2006,2020-06-17 14:53:43.200,2871.2000,18010,0,15835522920.000,0,-,-,-,-,2871.0000,2870.8000,2870.6000,2870.4000,2870.2000,2871.2000,2871.4000,2871.6000,2871.8000,2872.2000,6,3,9,1,6,3,8,1,3,5
SF,IH2006,2020-06-17 14:53:44.200,2871.2000,18010,0,15835522920.000,0,-,-,-,-,2871.0000,2870.8000,2870.6000,2870.4000,2870.2000,2871.2000,2871.4000,2871.6000,2871.8000,2872.2000,7,1,9,1,6,3,8,1,3,5
SF,IH2006,2020-06-17 14:53:44.700,2871.2000,18013,3,15838107000.000,3,3,0,双开,B,2871.2000,2871.0000,2870.8000,2870.6000,2870.4000,2871.4000,2871.6000,2871.8000,2872.2000,2872.6000,7,7,1,9,1,8,1,3,5,10
SF,IH2006,2020-06-17 14:53:45.200,2871.2000,18016,3,15840691080.000,3,3,0,双开,B,2871.2000,2871.0000,2870.8000,2870.6000,2870.4000,2871.4000,2871.6000,2871.8000,2872.2000,2872.6000,5,6,1,9,1,8,1,3,5,10
SF,IH2006,2020-06-17 14:53:45.700,2871.4000,18015,-1,15842413860.000,2,0,2,空平,B,2871.2000,2871.0000,2870.8000,2870.6000,2870.4000,2871.4000,2871.6000,2871.8000,2872.2000,2872.6000,4,6,1,3,1,7,1,3,5,10
SF,IH2006,2020-06-17 14:53:46.200,2871.4000,18015,0,15842413860.000,0,-,-,-,-,2871.2000,2871.0000,2870.8000,2870.6000,2870.4000,2871.4000,2871.6000,2871.8000,2872.2000,2872.6000,5,5,1,3,1,7,1,3,5,10
SF,IH2006,2020-06-17 14:53:47.200,2871.4000,18015,0,15842413860.000,0,-,-,-,-,2871.2000,2871.0000,2870.8000,2870.6000,2870.4000,2871.4000,2871.6000,2871.8000,2872.2000,2872.6000,6,4,1,3,1,7,1,3,5,10
SF,IH2006,2020-06-17 14:53:48.200,2871.4000,18015,0,15842413860.000,0,-,-,-,-,2871.2000,2871.0000,2870.8000,2870.6000,2870.4000,2871.4000,2871.6000,2871.8000,2872.2000,2872.6000,13,3,1,3,1,7,1,3,5,10
SF,IH2006,2020-06-17 14:53:48.700,2871.4000,18015,0,15842413860.000,0,-,-,-,-,2871.2000,2871.0000,2870.8000,2870.6000,2870.4000,2871.4000,2871.6000,2871.8000,2872.2000,2872.6000,14,3,1,3,1,7,1,3,5,10
SF,IH2006,2020-06-17 14:53:49.200,2871.4000,18015,0,15842413860.000,0,-,-,-,-,2871.2000,2871.0000,2870.8000,2870.6000,2870.4000,2871.4000,2871.6000,2871.8000,2872.2000,2872.6000,15,2,1,3,1,7,1,3,5,10
SF,IH2006,2020-06-17 14:53:49.700,2871.4000,18015,0,15842413860.000,0,-,-,-,-,2871.2000,2871.0000,2870.8000,2870.6000,2870.4000,2871.4000,2871.6000,2871.8000,2872.2000,2872.6000,15,2,1,3,1,7,1,3,5,10
SF,IH2006,2020-06-17 14:53:50.200,2871.4000,18015,0,15842413860.000,0,-,-,-,-,2871.2000,2871.0000,2870.8000,2870.6000,2870.4000,2871.4000,2871.6000,2871.8000,2872.2000,2872.6000,16,2,1,3,1,7,1,3,5,10
SF,IH2006,2020-06-17 14:53:50.700,2871.4000,18014,-1,15843275280.000,1,0,1,双平,B,2871.2000,2871.0000,2870.8000,2870.6000,2870.4000,2871.4000,2871.6000,2871.8000,2872.6000,2872.8000,16,2,1,3,1,6,1,3,10,5
SF,IH2006,2020-06-17 14:53:51.200,2871.4000,18014,0,15843275280.000,0,-,-,-,-,2871.2000,2871.0000,2870.8000,2870.6000,2870.4000,2871.4000,2871.6000,2871.8000,2872.6000,2872.8000,17,2,1,3,1,5,1,3,10,5
SF,IH2006,2020-06-17 14:53:52.200,2871.4000,18014,0,15843275280.000,0,-,-,-,-,2871.2000,2871.0000,2870.8000,2870.6000,2870.4000,2871.4000,2871.6000,2871.8000,2872.6000,2872.8000,18,2,1,3,1,5,1,3,10,5
SF,IH2006,2020-06-17 14:53:52.700,2871.4000,18014,0,15844136700.000,1,0,1,空换,B,2871.2000,2871.0000,2870.8000,2870.6000,2870.4000,2871.4000,2871.6000,2871.8000,2872.6000,2872.8000,18,2,1,3,1,4,1,3,10,5
SF,IH2006,2020-06-17 14:53:53.200,2871.4000,18014,0,15844136700.000,0,-,-,-,-,2871.2000,2871.0000,2870.8000,2870.6000,2870.4000,2871.4000,2871.6000,2871.8000,2872.6000,2872.8000,18,2,1,3,1,7,1,3,10,5
SF,IH2006,2020-06-17 14:53:54.700,2871.4000,18013,-1,15846720960.000,3,1,2,空平,B,2871.2000,2871.0000,2870.8000,2870.6000,2870.4000,2871.4000,2871.6000,2871.8000,2872.6000,2872.8000,18,2,1,3,1,4,1,3,10,5
SF,IH2006,2020-06-17 14:53:55.200,2871.4000,18017,4,15851028060.000,5,4,1,多开,B,2871.4000,2871.2000,2871.0000,2870.8000,2870.6000,2871.6000,2871.8000,2872.6000,2872.8000,2873.0000,3,18,2,1,3,1,3,10,5,5
SF,IH2006,2020-06-17 14:53:55.700,2871.4000,18017,0,15851028060.000,0,-,-,-,-,2871.4000,2871.2000,2871.0000,2870.8000,2870.6000,2871.6000,2871.8000,2872.6000,2872.8000,2873.0000,1,18,2,1,3,1,3,10,5,5
SF,IH2006,2020-06-17 14:53:56.200,2871.4000,18017,0,15851028060.000,0,-,-,-,-,2871.4000,2871.2000,2871.0000,2870.8000,2870.6000,2871.6000,2871.8000,2872.6000,2872.8000,2873.0000,1,16,2,1,3,1,3,10,5,5
SF,IH2006,2020-06-17 14:53:56.700,2871.4000,18017,0,15851889480.000,1,0,1,空换,B,2871.2000,2871.0000,2870.8000,2870.6000,2870.4000,2871.4000,2871.6000,2871.8000,2872.6000,2872.8000,16,2,1,3,1,18,1,3,10,5
SF,IH2006,2020-06-17 14:53:57.200,2871.4000,18016,-1,15852750900.000,1,0,1,双平,B,2871.2000,2871.0000,2870.8000,2870.6000,2870.4000,2871.4000,2871.6000,2871.8000,2872.6000,2872.8000,17,2,1,3,1,17,1,3,10,5
SF,IH2006,2020-06-17 14:53:58.200,2871.4000,18016,0,15852750900.000,0,-,-,-,-,2871.2000,2871.0000,2870.8000,2870.6000,2870.4000,2871.4000,2871.6000,2871.8000,2872.6000,2872.8000,18,2,1,3,1,17,1,3,10,5
SF,IH2006,2020-06-17 14:53:59.200,2871.2000,18016,0,15855334980.000,3,1,2,空换,B,2871.2000,2871.0000,2870.8000,2870.6000,2870.4000,2871.4000,2871.6000,2871.8000,2872.6000,2872.8000,15,2,1,3,1,17,1,3,10,5
SF,IH2006,2020-06-17 14:53:59.700,2871.2000,18015,-1,15856196340.000,1,0,1,双平,B,2871.2000,2871.0000,2870.8000,2870.6000,2870.4000,2871.4000,2871.6000,2871.8000,2872.6000,2872.8000,14,2,1,3,1,17,1,3,10,5
SF,IH2006,2020-06-17 14:54:00.200,2871.2000,18013,-2,15858780420.000,3,0,3,空平,B,2871.2000,2871.0000,2870.8000,2870.6000,2870.4000,2871.4000,2871.6000,2871.8000,2872.6000,2872.8000,11,2,1,3,1,17,1,3,10,5
SF,IH2006,2020-06-17 14:54:00.700,2871.0000,18016,3,15869116680.000,12,7,5,多开,B,2871.0000,2870.8000,2870.6000,2870.4000,2870.2000,2871.2000,2871.4000,2871.6000,2871.8000,2872.6000,1,1,3,1,7,9,17,1,3,10
SF,IH2006,2020-06-17 14:54:01.200,2871.0000,18018,2,15870839280.000,2,2,0,双开,B,2870.8000,2870.6000,2870.4000,2870.2000,2870.0000,2871.0000,2871.2000,2871.4000,2871.6000,2871.8000,1,3,1,7,6,1,3,17,1,3
SF,IH2006,2020-06-17 14:54:01.700,2871.0000,18018,0,15870839280.000,0,-,-,-,-,2870.8000,2870.6000,2870.4000,2870.2000,2870.0000,2871.0000,2871.2000,2871.4000,2871.6000,2871.8000,1,3,1,7,6,1,1,17,1,3
SF,IH2006,2020-06-17 14:54:02.200,2871.0000,18018,0,15870839280.000,0,-,-,-,-,2871.0000,2870.8000,2870.6000,2870.4000,2870.2000,2871.2000,2871.4000,2871.6000,2871.8000,2872.6000,1,1,3,1,7,1,17,1,3,10
SF,IH2006,2020-06-17 14:54:03.700,2871.2000,18019,1,15871700640.000,1,1,0,双开,B,2871.0000,2870.8000,2870.6000,2870.4000,2870.2000,2871.4000,2871.6000,2871.8000,2872.6000,2872.8000,1,1,3,1,7,17,1,3,10,6
SF,IH2006,2020-06-17 14:54:04.200,2871.2000,18019,0,15871700640.000,0,-,-,-,-,2871.0000,2870.8000,2870.6000,2870.4000,2870.2000,2871.4000,2871.6000,2871.8000,2872.6000,2872.8000,1,1,3,1,7,17,1,3,10,6
SF,IH2006,2020-06-17 14:54:06.200,2871.2000,18019,0,15871700640.000,0,-,-,-,-,2871.0000,2870.8000,2870.6000,2870.4000,2870.2000,2871.4000,2871.6000,2871.8000,2872.6000,2872.8000,3,1,3,1,7,17,1,3,10,6
SF,IH2006,2020-06-17 14:54:06.700,2871.2000,18019,0,15871700640.000,0,-,-,-,-,2871.0000,2870.8000,2870.6000,2870.4000,2870.2000,2871.4000,2871.6000,2871.8000,2872.6000,2872.8000,3,1,3,1,7,18,1,3,10,6
SF,IH2006,2020-06-17 14:54:07.700,2871.2000,18019,0,15871700640.000,0,-,-,-,-,2871.0000,2870.8000,2870.6000,2870.4000,2870.2000,2871.4000,2871.6000,2871.8000,2872.6000,2872.8000,13,1,3,1,7,18,1,3,10,6
SF,IH2006,2020-06-17 14:54:08.200,2871.0000,18018,-1,15872561940.000,1,0,1,双平,B,2871.2000,2871.0000,2870.8000,2870.6000,2870.4000,2871.4000,2871.6000,2871.8000,2872.6000,2872.8000,1,12,1,3,1,17,1,3,10,6
SF,IH2006,2020-06-17 14:54:08.700,2871.0000,18018,0,15872561940.000,0,-,-,-,-,2871.2000,2871.0000,2870.8000,2870.6000,2870.4000,2871.4000,2871.6000,2871.8000,2872.0000,2872.6000,1,12,1,3,1,17,1,3,1,10
SF,IH2006,2020-06-17 14:54:10.200,2871.0000,18018,0,15872561940.000,0,-,-,-,-,2871.2000,2871.0000,2870.8000,2870.6000,2870.4000,2871.4000,2871.6000,2871.8000,2872.0000,2872.6000,1,12,1,3,1,17,1,3,1,10
SF,IH2006,2020-06-17 14:54:10.700,2871.4000,18017,-1,15873423360.000,1,0,1,双平,B,2871.2000,2871.0000,2870.8000,2870.6000,2870.4000,2871.4000,2871.6000,2871.8000,2872.0000,2872.6000,1,12,1,3,1,16,1,3,1,10
SF,IH2006,2020-06-17 14:54:11.200,2871.4000,18017,0,15873423360.000,0,-,-,-,-,2871.2000,2871.0000,2870.8000,2870.6000,2870.4000,2871.4000,2871.6000,2871.8000,2872.0000,2872.6000,1,13,1,3,1,16,1,3,1,10
SF,IH2006,2020-06-17 14:54:11.700,2871.2000,18018,1,15875146080.000,2,1,1,多开,B,2871.0000,2870.8000,2870.6000,2870.4000,2870.2000,2871.4000,2871.6000,2871.8000,2872.0000,2872.6000,13,1,3,1,7,17,1,3,1,10
SF,IH2006,2020-06-17 14:54:12.200,2871.2000,18018,0,15875146080.000,0,-,-,-,-,2871.0000,2870.8000,2870.6000,2870.4000,2870.2000,2871.4000,2871.6000,2871.8000,2872.0000,2872.6000,14,1,3,1,7,17,1,3,1,10
SF,IH2006,2020-06-17 14:54:13.200,2871.2000,18018,0,15875146080.000,0,-,-,-,-,2871.0000,2870.8000,2870.6000,2870.4000,2870.2000,2871.2000,2871.4000,2871.6000,2871.8000,2872.0000,14,1,3,1,7,1,17,1,3,1
SF,IH2006,2020-06-17 14:54:13.700,2871.2000,18018,0,15875146080.000,0,-,-,-,-,2871.0000,2870.8000,2870.6000,2870.4000,2870.2000,2871.2000,2871.4000,2871.6000,2871.8000,2872.0000,12,1,3,1,7,1,17,1,3,1
SF,IH2006,2020-06-17 14:54:14.200,2871.2000,18018,0,15875146080.000,0,-,-,-,-,2871.0000,2870.8000,2870.6000,2870.4000,2870.2000,2871.2000,2871.4000,2871.6000,2871.8000,2872.0000,12,1,3,1,8,1,17,1,3,1
SF,IH2006,2020-06-17 14:54:15.200,2871.2000,18019,1,15876007440.000,1,1,0,双开,B,2871.0000,2870.8000,2870.6000,2870.4000,2870.2000,2871.2000,2871.4000,2871.6000,2871.8000,2872.0000,12,1,3,1,8,1,17,1,3,1
SF,IH2006,2020-06-17 14:54:15.700,2871.2000,18019,0,15877730160.000,2,1,1,空换,B,2871.0000,2870.8000,2870.6000,2870.4000,2870.2000,2871.4000,2871.6000,2871.8000,2872.0000,2872.6000,12,1,3,1,8,17,1,3,1,10
SF,IH2006,2020-06-17 14:54:16.200,2871.2000,18019,0,15877730160.000,0,-,-,-,-,2871.0000,2870.8000,2870.6000,2870.4000,2870.2000,2871.4000,2871.6000,2871.8000,2872.0000,2872.6000,14,1,3,1,8,17,1,3,1,10
SF,IH2006,2020-06-17 14:54:16.700,2871.2000,18019,0,15877730160.000,0,-,-,-,-,2871.0000,2870.8000,2870.6000,2870.4000,2870.2000,2871.4000,2871.6000,2871.8000,2872.0000,2872.6000,15,1,3,1,8,17,1,3,1,10
SF,IH2006,2020-06-17 14:54:17.200,2871.4000,18019,0,15882037260.000,5,2,3,空换,B,2871.2000,2871.0000,2870.8000,2870.6000,2870.4000,2871.4000,2871.6000,2871.8000,2872.0000,2872.6000,1,15,1,3,1,12,1,3,1,10
SF,IH2006,2020-06-17 14:54:17.700,2871.4000,18018,-1,15884621520.000,3,1,2,空平,B,2871.0000,2870.8000,2870.6000,2870.4000,2870.2000,2871.4000,2871.6000,2871.8000,2872.0000,2872.6000,16,1,3,1,8,9,1,3,1,10
SF,IH2006,2020-06-17 14:54:18.200,2871.4000,18018,0,15884621520.000,0,-,-,-,-,2871.0000,2870.8000,2870.6000,2870.4000,2870.2000,2871.4000,2871.6000,2871.8000,2872.0000,2872.6000,16,1,3,1,8,9,1,3,1,10
SF,IH2006,2020-06-17 14:54:18.700,2871.4000,18018,0,15885482940.000,1,0,1,空换,B,2871.2000,2871.0000,2870.8000,2870.6000,2870.4000,2871.4000,2871.6000,2871.8000,2872.0000,2872.6000,1,16,1,3,1,8,1,3,1,10
SF,IH2006,2020-06-17 14:54:19.200,2871.4000,18018,0,15886344360.000,1,0,1,空换,B,2871.2000,2871.0000,2870.8000,2870.6000,2870.4000,2871.4000,2871.6000,2871.8000,2872.0000,2872.6000,1,16,1,3,1,7,1,3,1,10
SF,IH2006,2020-06-17 14:54:19.700,2871.4000,18018,0,15888067200.000,2,1,1,空换,B,2871.2000,2871.0000,2870.8000,2870.6000,2870.4000,2871.4000,2871.6000,2871.8000,2872.0000,2872.6000,1,16,1,3,1,5,1,3,1,10
SF,IH2006,2020-06-17 14:54:20.200,2871.4000,18018,0,15889790040.000,2,1,1,空换,B,2871.2000,2871.0000,2870.8000,2870.6000,2870.4000,2871.4000,2871.6000,2871.8000,2872.0000,2872.6000,1,16,1,3,1,3,1,3,1,10
SF,IH2006,2020-06-17 14:54:20.700,2871.4000,18019,1,15892374300.000,3,2,1,多开,B,2871.2000,2871.0000,2870.8000,2870.6000,2870.4000,2871.6000,2871.8000,2872.0000,2872.8000,2873.0000,1,16,1,3,1,1,2,1,6,4
SF,IH2006,2020-06-17 14:54:21.200,2871.4000,18019,0,15892374300.000,0,-,-,-,-,2871.2000,2871.0000,2870.8000,2870.6000,2870.4000,2871.6000,2871.8000,2872.0000,2872.8000,2873.0000,2,15,1,3,1,1,2,1,6,4
SF,IH2006,2020-06-17 14:54:21.700,2871.4000,18019,0,15892374300.000,0,-,-,-,-,2871.4000,2871.2000,2871.0000,2870.8000,2870.6000,2871.6000,2871.8000,2872.0000,2872.8000,2873.0000,2,3,15,1,3,1,2,1,6,4
SF,IH2006,2020-06-17 14:54:22.200,2871.6000,18019,0,15893235780.000,1,0,1,空换,B,2871.6000,2871.4000,2871.2000,2871.0000,2870.8000,2871.8000,2872.0000,2872.8000,2873.0000,2873.2000,2,3,2,15,1,3,1,6,4,1
SF,IH2006,2020-06-17 14:54:22.700,2871.6000,18019,0,15894097260.000,1,0,1,空换,B,2871.4000,2871.2000,2871.0000,2870.8000,2870.6000,2871.8000,2872.0000,2872.8000,2873.0000,2873.2000,3,2,15,1,3,3,1,6,4,1
SF,IH2006,2020-06-17 14:54:23.200,2871.6000,18019,0,15894097260.000,0,-,-,-,-,2871.4000,2871.2000,2871.0000,2870.8000,2870.6000,2871.8000,2872.0000,2872.8000,2873.0000,2873.2000,3,2,15,1,3,3,1,6,4,1
SF,IH2006,2020-06-17 14:54:24.700,2871.4000,18020,1,15894958680.000,1,1,0,双开,B,2871.4000,2871.2000,2871.0000,2870.8000,2870.6000,2871.8000,2872.0000,2872.8000,2873.0000,2873.2000,2,2,15,1,3,4,1,6,4,1
SF,IH2006,2020-06-17 14:54:25.200,2871.8000,18020,0,15896681640.000,2,1,1,空换,B,2871.4000,2871.2000,2871.0000,2870.8000,2870.6000,2871.8000,2872.0000,2872.8000,2873.0000,2873.2000,1,2,15,1,3,4,1,6,4,1
SF,IH2006,2020-06-17 14:54:25.700,2871.4000,18020,0,15897543060.000,1,0,1,空换,B,2871.2000,2871.0000,2870.8000,2870.6000,2870.4000,2871.6000,2871.8000,2872.0000,2872.8000,2873.0000,2,15,1,3,1,1,4,1,6,4
SF,IH2006,2020-06-17 14:54:26.700,2871.6000,18021,1,15898404540.000,1,1,0,双开,B,2871.2000,2871.0000,2870.8000,2870.6000,2870.4000,2871.8000,2872.0000,2872.8000,2873.0000,2873.2000,2,15,1,3,1,4,1,6,4,1
SF,IH2006,2020-06-17 14:54:29.200,2871.6000,18021,0,15898404540.000,0,-,-,-,-,2871.4000,2871.2000,2871.0000,2870.8000,2870.6000,2871.8000,2872.0000,2872.8000,2873.0000,2873.2000,1,2,15,1,3,4,1,6,4,1
SF,IH2006,2020-06-17 14:54:29.700,2871.6000,18021,0,15898404540.000,0,-,-,-,-,2871.4000,2871.2000,2871.0000,2870.8000,2870.6000,2871.8000,2872.0000,2872.8000,2873.0000,2873.2000,2,2,15,1,3,4,1,6,4,1
SF,IH2006,2020-06-17 14:54:30.200,2871.6000,18021,0,15898404540.000,0,-,-,-,-,2871.6000,2871.4000,2871.2000,2871.0000,2870.8000,2871.8000,2872.0000,2872.8000,2873.0000,2873.2000,2,2,2,15,1,4,1,6,4,1
SF,IH2006,2020-06-17 14:54:30.700,2871.6000,18021,0,15898404540.000,0,-,-,-,-,2871.6000,2871.4000,2871.2000,2871.0000,2870.8000,2871.8000,2872.0000,2872.8000,2873.0000,2873.2000,2,2,2,15,1,3,1,6,4,1
SF,IH2006,2020-06-17 14:54:31.200,2871.6000,18021,0,15898404540.000,0,-,-,-,-,2871.6000,2871.4000,2871.2000,2871.0000,2870.8000,2871.8000,2872.0000,2872.8000,2873.0000,2873.2000,2,2,5,15,1,3,1,6,4,1
SF,IH2006,2020-06-17 14:54:31.700,2871.6000,18020,-1,15899266020.000,1,0,1,双平,B,2871.6000,2871.4000,2871.2000,2871.0000,2870.8000,2871.8000,2872.0000,2872.8000,2873.0000,2873.2000,1,2,5,15,1,2,2,6,4,1
SF,IH2006,2020-06-17 14:54:32.200,2872.0000,18022,2,15902712300.000,4,3,1,多开,B,2872.0000,2871.6000,2871.4000,2871.2000,2871.0000,2872.8000,2873.0000,2873.2000,2873.6000,2873.8000,6,1,2,5,15,6,4,1,1,2
SF,IH2006,2020-06-17 14:54:32.700,2872.0000,18024,2,15904435500.000,2,2,0,双开,B,2872.0000,2871.6000,2871.4000,2871.2000,2871.0000,2872.2000,2872.4000,2872.6000,2872.8000,2873.0000,4,1,2,5,15,3,2,9,7,4
SF,IH2006,2020-06-17 14:54:33.200,2871.6000,18028,4,15910466340.000,7,5,2,多开,B,2871.4000,2871.2000,2871.0000,2870.8000,2870.6000,2871.6000,2872.0000,2872.4000,2872.6000,2872.8000,2,5,15,1,1,1,11,1,8,7
SF,IH2006,2020-06-17 14:54:33.700,2871.6000,18028,0,15911327820.000,1,0,1,空换,B,2871.6000,2871.4000,2871.2000,2871.0000,2870.8000,2872.0000,2872.6000,2872.8000,2873.0000,2873.2000,1,2,5,15,2,4,7,7,4,1
SF,IH2006,2020-06-17 14:54:34.200,2871.6000,18028,0,15911327820.000,0,-,-,-,-,2871.6000,2871.4000,2871.2000,2871.0000,2870.8000,2872.0000,2872.6000,2872.8000,2873.0000,2873.2000,1,3,5,15,2,5,7,7,4,1
SF,IH2006,2020-06-17 14:54:34.700,2871.6000,18028,0,15912189300.000,1,0,1,空换,B,2871.4000,2871.2000,2871.0000,2870.8000,2870.6000,2871.6000,2872.0000,2872.6000,2872.8000,2873.0000,3,5,15,2,1,1,5,7,7,4
SF,IH2006,2020-06-17 14:54:35.200,2871.6000,18029,1,15913050780.000,1,1,0,双开,B,2871.4000,2871.2000,2871.0000,2870.8000,2870.6000,2872.0000,2872.4000,2872.6000,2872.8000,2873.0000,3,5,5,2,1,5,1,7,7,4
SF,IH2006,2020-06-17 14:54:35.700,2871.6000,18029,0,15913050780.000,0,-,-,-,-,2871.4000,2871.2000,2871.0000,2870.8000,2870.6000,2872.0000,2872.4000,2872.6000,2872.8000,2873.0000,3,5,5,2,1,5,1,6,7,4
SF,IH2006,2020-06-17 14:54:36.200,2871.6000,18029,0,15913050780.000,0,-,-,-,-,2871.4000,2871.2000,2871.0000,2870.8000,2870.6000,2872.0000,2872.4000,2872.6000,2872.8000,2873.0000,3,2,5,2,1,5,1,6,7,4
SF,IH2006,2020-06-17 14:54:38.200,2871.6000,18029,0,15913050780.000,0,-,-,-,-,2871.4000,2871.2000,2871.0000,2870.8000,2870.6000,2872.0000,2872.4000,2872.6000,2872.8000,2873.0000,3,2,5,2,1,6,1,6,7,4
SF,IH2006,2020-06-17 14:54:38.700,2871.6000,18029,0,15913050780.000,0,-,-,-,-,2871.4000,2871.2000,2871.0000,2870.8000,2870.6000,2872.0000,2872.4000,2872.6000,2872.8000,2873.0000,4,2,5,2,1,6,1,4,7,4
SF,IH2006,2020-06-17 14:54:39.200,2871.6000,18029,0,15913050780.000,0,-,-,-,-,2871.4000,2871.2000,2871.0000,2870.8000,2870.6000,2872.0000,2872.4000,2872.6000,2872.8000,2873.0000,4,4,5,2,1,6,1,4,7,4
SF,IH2006,2020-06-17 14:54:40.700,2871.4000,18029,0,15913912200.000,1,0,1,空换,B,2871.4000,2871.2000,2871.0000,2870.8000,2870.6000,2872.0000,2872.4000,2872.6000,2872.8000,2873.0000,3,4,5,2,1,6,1,4,7,4
SF,IH2006,2020-06-17 14:54:41.200,2871.4000,18029,0,15913912200.000,0,-,-,-,-,2871.4000,2871.2000,2871.0000,2870.8000,2870.6000,2872.0000,2872.4000,2872.6000,2872.8000,2873.0000,3,4,5,2,1,6,1,4,7,4
SF,IH2006,2020-06-17 14:54:41.700,2871.4000,18029,0,15913912200.000,0,-,-,-,-,2871.6000,2871.4000,2871.2000,2871.0000,2870.8000,2872.0000,2872.4000,2872.6000,2872.8000,2873.0000,1,3,4,5,2,6,1,4,7,4
SF,IH2006,2020-06-17 14:54:42.200,2871.4000,18029,0,15913912200.000,0,-,-,-,-,2871.6000,2871.4000,2871.2000,2871.0000,2870.8000,2872.0000,2872.2000,2872.4000,2872.6000,2872.8000,1,3,4,5,2,6,1,1,4,7
SF,IH2006,2020-06-17 14:54:42.700,2871.4000,18029,0,15913912200.000,0,-,-,-,-,2871.6000,2871.4000,2871.2000,2871.0000,2870.8000,2872.0000,2872.2000,2872.4000,2872.6000,2872.8000,1,3,4,5,2,7,1,1,4,7
SF,IH2006,2020-06-17 14:54:43.200,2871.4000,18029,0,15913912200.000,0,-,-,-,-,2871.6000,2871.4000,2871.2000,2871.0000,2870.8000,2871.8000,2872.0000,2872.2000,2872.4000,2872.6000,1,3,4,5,2,1,7,1,1,4
SF,IH2006,2020-06-17 14:54:44.200,2871.6000,18030,1,15914773680.000,1,1,0,双开,B,2871.4000,2871.2000,2871.0000,2870.8000,2870.6000,2871.8000,2872.0000,2872.2000,2872.4000,2872.6000,3,4,5,2,1,1,7,1,1,4
SF,IH2006,2020-06-17 14:54:45.200,2871.6000,18030,0,15914773680.000,0,-,-,-,-,2871.4000,2871.2000,2871.0000,2870.8000,2870.6000,2871.8000,2872.0000,2872.2000,2872.4000,2872.6000,3,4,5,2,1,2,7,1,1,4
SF,IH2006,2020-06-17 14:54:46.200,2871.4000,18030,0,15915635100.000,1,0,1,空换,B,2871.4000,2871.2000,2871.0000,2870.8000,2870.6000,2871.8000,2872.0000,2872.2000,2872.4000,2872.6000,2,4,5,2,1,2,7,1,1,4
SF,IH2006,2020-06-17 14:54:46.700,2871.4000,18030,0,15915635100.000,0,-,-,-,-,2871.4000,2871.2000,2871.0000,2870.8000,2870.6000,2871.8000,2872.0000,2872.2000,2872.4000,2872.6000,1,4,5,2,1,2,7,1,1,4
SF,IH2006,2020-06-17 14:54:47.200,2871.4000,18030,0,15915635100.000,0,-,-,-,-,2871.4000,2871.2000,2871.0000,2870.8000,2870.6000,2871.8000,2872.0000,2872.2000,2872.4000,2872.6000,1,4,5,2,1,3,7,1,1,4
SF,IH2006,2020-06-17 14:54:47.700,2871.4000,18030,0,15916496520.000,1,0,1,空换,B,2871.2000,2871.0000,2870.8000,2870.6000,2870.4000,2871.8000,2872.0000,2872.2000,2872.4000,2872.6000,4,5,2,1,2,2,7,1,1,4
SF,IH2006,2020-06-17 14:54:48.200,2871.4000,18030,0,15916496520.000,0,-,-,-,-,2871.2000,2871.0000,2870.8000,2870.6000,2870.4000,2871.8000,2872.0000,2872.2000,2872.4000,2872.6000,5,5,2,1,2,2,7,1,1,4
SF,IH2006,2020-06-17 14:54:49.200,2871.4000,18030,0,15916496520.000,0,-,-,-,-,2871.2000,2871.0000,2870.8000,2870.6000,2870.4000,2871.8000,2872.0000,2872.2000,2872.4000,2872.6000,4,5,2,1,2,2,7,1,1,4
SF,IH2006,2020-06-17 14:54:49.700,2871.2000,18030,0,15917357880.000,1,0,1,空换,B,2871.2000,2871.0000,2870.8000,2870.6000,2870.4000,2871.6000,2871.8000,2872.0000,2872.2000,2872.4000,3,5,2,1,2,1,3,7,1,1
SF,IH2006,2020-06-17 14:54:50.700,2871.2000,18030,0,15917357880.000,0,-,-,-,-,2871.2000,2871.0000,2870.8000,2870.6000,2870.4000,2871.6000,2871.8000,2872.0000,2872.2000,2872.4000,3,4,2,1,2,1,3,7,1,1
SF,IH2006,2020-06-17 14:54:51.200,2871.2000,18030,0,15918219240.000,1,0,1,空换,B,2871.2000,2871.0000,2870.8000,2870.6000,2870.4000,2871.6000,2871.8000,2872.0000,2872.2000,2872.4000,1,4,2,1,2,1,3,7,1,1
SF,IH2006,2020-06-17 14:54:51.700,2871.2000,18030,0,15919080600.000,1,0,1,空换,B,2871.0000,2870.8000,2870.6000,2870.4000,2870.2000,2871.2000,2871.6000,2871.8000,2872.0000,2872.2000,3,2,1,2,5,1,1,3,7,1
SF,IH2006,2020-06-17 14:54:52.200,2871.2000,18030,0,15919080600.000,0,-,-,-,-,2871.0000,2870.8000,2870.6000,2870.4000,2870.2000,2871.2000,2871.6000,2871.8000,2872.0000,2872.2000,3,2,1,2,5,1,1,3,7,1
SF,IH2006,2020-06-17 14:54:52.700,2871.2000,18030,0,15919080600.000,0,-,-,-,-,2871.0000,2870.8000,2870.6000,2870.4000,2870.2000,2871.2000,2871.6000,2871.8000,2872.0000,2872.2000,4,2,1,2,5,1,1,3,7,1
SF,IH2006,2020-06-17 14:54:53.200,2871.0000,18030,0,15919941900.000,1,0,1,空换,B,2871.0000,2870.8000,2870.6000,2870.4000,2870.2000,2871.2000,2871.6000,2871.8000,2872.0000,2872.2000,3,2,1,2,5,1,1,3,7,1
SF,IH2006,2020-06-17 14:54:53.700,2871.0000,18030,0,15920803200.000,1,0,1,空换,B,2871.0000,2870.8000,2870.6000,2870.4000,2870.2000,2871.2000,2871.6000,2871.8000,2872.0000,2872.2000,1,2,1,2,5,1,1,3,7,1
SF,IH2006,2020-06-17 14:54:54.200,2871.2000,18030,0,15921664560.000,1,0,1,空换,B,2871.2000,2871.0000,2870.8000,2870.6000,2870.4000,2871.6000,2871.8000,2872.0000,2872.2000,2872.4000,2,1,2,1,2,1,3,7,1,1
SF,IH2006,2020-06-17 14:54:54.700,2871.2000,18030,0,15921664560.000,0,-,-,-,-,2871.2000,2871.0000,2870.8000,2870.6000,2870.4000,2871.4000,2871.6000,2871.8000,2872.0000,2872.2000,2,1,2,1,2,2,2,3,7,1
SF,IH2006,2020-06-17 14:54:55.700,2871.4000,18030,0,15923387340.000,2,1,1,空换,B,2871.2000,2871.0000,2870.8000,2870.6000,2870.4000,2871.4000,2871.6000,2871.8000,2872.0000,2872.2000,1,1,2,1,2,1,2,3,7,1
SF,IH2006,2020-06-17 14:54:56.200,2871.2000,18030,0,15924248700.000,1,0,1,空换,B,2871.0000,2870.8000,2870.6000,2870.4000,2870.2000,2871.4000,2871.6000,2871.8000,2872.0000,2872.2000,1,2,1,2,5,1,1,3,7,1
SF,IH2006,2020-06-17 14:54:56.700,2871.2000,18030,0,15924248700.000,0,-,-,-,-,2871.0000,2870.8000,2870.6000,2870.4000,2870.2000,2871.2000,2871.4000,2871.6000,2871.8000,2872.0000,1,2,1,2,5,1,1,1,3,7
SF,IH2006,2020-06-17 14:54:57.200,2871.0000,18029,-1,15925110000.000,1,0,1,双平,B,2870.8000,2870.6000,2870.4000,2870.2000,2870.0000,2871.2000,2871.4000,2871.6000,2871.8000,2872.0000,2,1,2,5,8,1,1,1,3,6
SF,IH2006,2020-06-17 14:54:57.700,2871.0000,18029,0,15925110000.000,0,-,-,-,-,2870.8000,2870.6000,2870.4000,2870.2000,2870.0000,2871.2000,2871.4000,2871.6000,2871.8000,2872.0000,3,1,2,5,8,1,1,1,2,6
SF,IH2006,2020-06-17 14:54:58.200,2871.4000,18030,1,15926832780.000,2,1,1,多开,B,2871.2000,2870.8000,2870.6000,2870.4000,2870.2000,2871.6000,2871.8000,2872.0000,2872.2000,2872.4000,2,3,1,2,5,1,2,6,1,1
SF,IH2006,2020-06-17 14:54:58.700,2871.4000,18030,0,15926832780.000,0,-,-,-,-,2871.2000,2871.0000,2870.8000,2870.6000,2870.4000,2871.6000,2871.8000,2872.0000,2872.2000,2872.4000,2,1,3,1,2,1,2,6,1,1
SF,IH2006,2020-06-17 14:54:59.200,2871.2000,18030,0,15928555500.000,2,1,1,空换,B,2871.0000,2870.8000,2870.6000,2870.4000,2870.2000,2871.2000,2871.6000,2871.8000,2872.0000,2872.2000,1,3,1,2,5,8,1,2,6,1
SF,IH2006,2020-06-17 14:54:59.700,2871.2000,18029,-1,15930278160.000,2,0,2,空平,B,2870.8000,2870.6000,2870.4000,2870.2000,2870.0000,2871.0000,2871.2000,2871.4000,2871.6000,2871.8000,2,1,2,5,8,5,10,1,1,2
SF,IH2006,2020-06-17 14:55:00.200,2871.2000,18029,0,15930278160.000,0,-,-,-,-,2870.8000,2870.6000,2870.4000,2870.2000,2870.0000,2871.0000,2871.2000,2871.4000,2871.6000,2871.8000,5,1,2,5,8,8,10,1,1,2
SF,IH2006,2020-06-17 14:55:00.700,2870.8000,18030,1,15932861880.000,3,2,1,多开,B,2870.8000,2870.6000,2870.4000,2870.2000,2870.0000,2871.0000,2871.2000,2871.4000,2871.6000,2871.8000,2,1,2,4,8,9,10,1,1,2
SF,IH2006,2020-06-17 14:55:01.200,2870.8000,18035,5,15938029260.000,6,5,1,多开,B,2870.4000,2870.2000,2870.0000,2869.8000,2868.8000,2870.8000,2871.0000,2871.2000,2871.4000,2871.6000,1,4,8,1,1,2,10,10,1,1
SF,IH2006,2020-06-17 14:55:01.700,2870.8000,18035,0,15938029260.000,0,-,-,-,-,2870.6000,2870.4000,2870.2000,2870.0000,2869.8000,2870.8000,2871.0000,2871.2000,2871.4000,2871.6000,1,2,4,8,1,3,9,10,1,1
SF,IH2006,2020-06-17 14:55:02.200,2870.6000,18035,0,15938890440.000,1,0,1,空换,B,2870.6000,2870.4000,2870.2000,2870.0000,2869.8000,2870.8000,2871.0000,2871.2000,2871.4000,2871.6000,1,2,4,8,1,3,9,10,1,1
SF,IH2006,2020-06-17 14:55:02.700,2870.6000,18035,0,15938890440.000,0,-,-,-,-,2870.6000,2870.4000,2870.2000,2870.0000,2869.8000,2870.8000,2871.0000,2871.2000,2871.4000,2871.6000,1,2,4,8,1,4,9,10,1,1
SF,IH2006,2020-06-17 14:55:03.700,2870.8000,18036,1,15939751680.000,1,1,0,双开,B,2870.6000,2870.4000,2870.2000,2870.0000,2869.8000,2870.8000,2871.0000,2871.2000,2871.4000,2871.6000,1,2,4,8,1,3,9,10,1,1
SF,IH2006,2020-06-17 14:55:04.200,2871.0000,18036,0,15944058000.000,5,2,3,空换,B,2870.6000,2870.4000,2870.2000,2870.0000,2869.8000,2871.0000,2871.2000,2871.4000,2871.6000,2871.8000,1,2,4,6,1,7,10,1,1,3
SF,IH2006,2020-06-17 14:55:06.200,2871.0000,18036,0,15945780600.000,2,1,1,空换,B,2870.6000,2870.4000,2870.2000,2870.0000,2869.8000,2871.0000,2871.2000,2871.4000,2871.6000,2871.8000,1,2,4,6,1,5,10,1,1,3
SF,IH2006,2020-06-17 14:55:06.700,2871.0000,18036,0,15945780600.000,0,-,-,-,-,2870.6000,2870.4000,2870.2000,2870.0000,2869.8000,2871.0000,2871.2000,2871.4000,2871.6000,2871.8000,1,2,4,6,1,5,10,1,1,3
SF,IH2006,2020-06-17 14:55:07.200,2871.0000,18036,0,15945780600.000,0,-,-,-,-,2870.8000,2870.6000,2870.4000,2870.2000,2870.0000,2871.0000,2871.2000,2871.4000,2871.6000,2871.8000,2,2,2,4,6,5,10,1,1,3
SF,IH2006,2020-06-17 14:55:07.700,2870.8000,18036,0,15946641840.000,1,0,1,空换,B,2870.8000,2870.6000,2870.4000,2870.2000,2870.0000,2871.0000,2871.2000,2871.4000,2871.6000,2871.8000,1,2,2,4,6,5,10,1,1,3
SF,IH2006,2020-06-17 14:55:08.200,2870.8000,18037,1,15947503080.000,1,1,0,双开,B,2870.6000,2870.4000,2870.2000,2870.0000,2869.8000,2870.8000,2871.0000,2871.2000,2871.4000,2871.6000,2,2,4,6,1,3,5,10,1,1
SF,IH2006,2020-06-17 14:55:08.700,2870.8000,18039,2,15950086800.000,3,2,1,多开,B,2870.6000,2870.4000,2870.2000,2870.0000,2869.8000,2871.0000,2871.2000,2871.4000,2871.6000,2871.8000,2,2,4,6,1,5,10,1,1,3
SF,IH2006,2020-06-17 14:55:09.200,2870.2000,18040,1,15954392460.000,5,3,2,多开,B,2870.2000,2870.0000,2869.8000,2868.8000,2868.6000,2871.0000,2871.2000,2871.4000,2871.6000,2871.8000,3,6,1,1,2,5,4,1,1,3
SF,IH2006,2020-06-17 14:55:09.700,2870.0000,18038,-2,15959558700.000,6,2,4,空平,B,2870.0000,2869.8000,2868.8000,2868.6000,2868.2000,2870.8000,2871.0000,2871.2000,2871.4000,2871.6000,4,1,1,2,3,1,4,1,1,1
SF,IH2006,2020-06-17 14:55:10.200,2870.2000,18035,-3,15963864420.000,5,1,4,空平,B,2870.2000,2870.0000,2869.8000,2868.8000,2868.6000,2871.0000,2871.2000,2871.4000,2871.6000,2871.8000,4,5,1,1,2,1,1,1,1,3
SF,IH2006,2020-06-17 14:55:10.700,2870.2000,18035,0,15966447600.000,3,1,2,空换,B,2870.4000,2870.2000,2870.0000,2869.8000,2868.8000,2871.0000,2871.2000,2871.4000,2871.6000,2871.8000,2,1,5,1,1,1,1,1,1,3
SF,IH2006,2020-06-17 14:55:11.200,2870.4000,18035,0,15967308720.000,1,0,1,空换,B,2870.2000,2870.0000,2869.8000,2868.8000,2868.6000,2870.8000,2871.0000,2871.2000,2871.4000,2871.6000,1,5,1,1,2,4,1,1,1,1
SF,IH2006,2020-06-17 14:55:11.700,2870.2000,18036,1,15968169780.000,1,1,0,双开,B,2870.0000,2869.8000,2868.8000,2868.6000,2868.2000,2870.4000,2870.8000,2871.0000,2871.2000,2871.4000,5,1,1,2,3,2,4,1,1,1
SF,IH2006,2020-06-17 14:55:12.200,2870.4000,18036,0,15969030900.000,1,0,1,空换,B,2870.0000,2869.8000,2868.8000,2868.6000,2868.2000,2870.4000,2870.8000,2871.0000,2871.2000,2871.4000,5,1,1,2,3,1,4,1,1,1
SF,IH2006,2020-06-17 14:55:12.700,2870.0000,18036,0,15969891900.000,1,0,1,空换,B,2870.0000,2869.8000,2868.8000,2868.6000,2868.2000,2870.4000,2870.8000,2871.0000,2871.2000,2871.4000,4,1,1,2,3,1,4,2,1,1
SF,IH2006,2020-06-17 14:55:13.200,2870.0000,18036,0,15969891900.000,0,-,-,-,-,2870.0000,2869.8000,2868.8000,2868.6000,2868.2000,2870.4000,2870.8000,2871.0000,2871.2000,2871.4000,3,1,1,2,3,1,4,2,1,1
SF,IH2006,2020-06-17 14:55:13.700,2870.4000,18036,0,15970753020.000,1,0,1,空换,B,2870.0000,2869.8000,2868.8000,2868.6000,2868.2000,2870.8000,2871.0000,2871.2000,2871.4000,2871.6000,3,1,1,2,3,4,2,1,1,1
SF,IH2006,2020-06-17 14:55:14.200,2870.4000,18036,0,15970753020.000,0,-,-,-,-,2870.0000,2869.8000,2868.8000,2868.6000,2868.2000,2870.6000,2870.8000,2871.0000,2871.2000,2871.4000,3,1,1,2,3,1,4,2,1,1
SF,IH2006,2020-06-17 14:55:14.700,2870.4000,18036,0,15970753020.000,0,-,-,-,-,2870.0000,2869.8000,2868.8000,2868.6000,2868.2000,2870.6000,2870.8000,2871.0000,2871.2000,2871.4000,3,1,1,2,3,1,4,2,1,1
SF,IH2006,2020-06-17 14:55:15.200,2870.4000,18037,1,15972475260.000,2,1,1,多开,B,2870.0000,2869.8000,2868.8000,2868.6000,2868.2000,2870.4000,2870.6000,2870.8000,2871.0000,2871.2000,3,1,1,2,3,2,1,2,1,1
SF,IH2006,2020-06-17 14:55:15.700,2870.4000,18036,-1,15974197380.000,2,0,2,空平,B,2870.0000,2869.8000,2868.8000,2868.6000,2868.2000,2870.4000,2870.6000,2870.8000,2871.0000,2871.2000,2,1,1,2,3,1,1,2,1,1
SF,IH2006,2020-06-17 14:55:16.200,2870.0000,18039,3,15976780380.000,3,3,0,双开,B,2869.8000,2869.6000,2868.8000,2868.6000,2868.2000,2870.4000,2870.6000,2870.8000,2871.0000,2871.2000,1,3,1,2,2,2,1,2,1,1
SF,IH2006,2020-06-17 14:55:16.700,2870.0000,18039,0,15976780380.000,0,-,-,-,-,2869.8000,2869.6000,2869.4000,2868.8000,2868.6000,2870.4000,2870.6000,2870.8000,2871.0000,2871.2000,1,3,1,1,2,3,1,2,1,1
SF,IH2006,2020-06-17 14:55:17.200,2870.0000,18039,0,15976780380.000,0,-,-,-,-,2869.8000,2869.6000,2869.4000,2868.8000,2868.6000,2870.0000,2870.4000,2870.6000,2870.8000,2871.0000,1,3,1,1,2,1,3,1,2,1
SF,IH2006,2020-06-17 14:55:17.700,2870.0000,18040,1,15977641380.000,1,1,0,双开,B,2870.2000,2870.0000,2869.8000,2869.6000,2869.4000,2870.4000,2870.6000,2870.8000,2871.0000,2871.2000,6,1,1,3,1,3,1,2,1,1
SF,IH2006,2020-06-17 14:55:18.200,2870.0000,18040,0,15980224380.000,3,1,2,空换,B,2870.0000,2869.8000,2869.6000,2869.4000,2868.8000,2870.4000,2870.6000,2870.8000,2871.0000,2871.2000,1,1,3,1,1,3,1,2,1,1
SF,IH2006,2020-06-17 14:55:18.700,2870.4000,18042,2,15982807740.000,3,2,1,多开,B,2870.0000,2869.8000,2869.6000,2868.8000,2868.6000,2870.6000,2870.8000,2871.0000,2871.2000,2871.4000,1,1,3,1,2,1,2,1,1,1
SF,IH2006,2020-06-17 14:55:19.200,2870.4000,18042,0,15982807740.000,0,-,-,-,-,2870.0000,2869.8000,2869.6000,2868.8000,2868.6000,2870.6000,2870.8000,2871.0000,2871.2000,2871.4000,1,1,3,1,2,1,2,1,1,1
SF,IH2006,2020-06-17 14:55:19.700,2870.0000,18042,0,15983668740.000,1,0,1,空换,B,2869.8000,2869.6000,2868.8000,2868.6000,2868.2000,2870.6000,2870.8000,2871.0000,2871.2000,2871.4000,1,3,1,2,2,1,2,1,1,1
SF,IH2006,2020-06-17 14:55:20.200,2870.0000,18042,0,15983668740.000,0,-,-,-,-,2869.8000,2869.6000,2868.8000,2868.6000,2868.2000,2870.4000,2870.8000,2871.0000,2871.2000,2871.4000,1,3,1,2,2,2,1,1,1,1
SF,IH2006,2020-06-17 14:55:20.700,2870.0000,18042,0,15983668740.000,0,-,-,-,-,2869.8000,2869.6000,2868.8000,2868.6000,2868.2000,2870.4000,2870.6000,2870.8000,2871.0000,2871.2000,1,3,1,2,2,2,1,1,1,2
SF,IH2006,2020-06-17 14:55:21.200,2870.0000,18042,0,15983668740.000,0,-,-,-,-,2869.8000,2869.6000,2869.4000,2868.8000,2868.6000,2870.4000,2870.6000,2870.8000,2871.0000,2871.2000,2,3,1,1,2,2,1,1,1,2
SF,IH2006,2020-06-17 14:55:21.700,2870.4000,18044,2,15985390980.000,2,2,0,双开,B,2870.0000,2869.8000,2869.6000,2868.8000,2868.6000,2870.6000,2870.8000,2871.0000,2871.2000,2871.4000,1,2,3,1,2,1,1,1,2,1
SF,IH2006,2020-06-17 14:55:22.200,2870.4000,18044,0,15985390980.000,0,-,-,-,-,2870.0000,2869.8000,2869.6000,2868.8000,2868.6000,2870.4000,2870.6000,2870.8000,2871.0000,2871.2000,2,2,3,1,2,1,1,1,1,2
SF,IH2006,2020-06-17 14:55:22.700,2870.4000,18044,0,15985390980.000,0,-,-,-,-,2870.2000,2870.0000,2869.8000,2869.6000,2868.8000,2870.4000,2870.6000,2870.8000,2871.0000,2871.2000,1,2,2,3,1,1,1,1,1,2
SF,IH2006,2020-06-17 14:55:23.200,2870.4000,18044,0,15986252100.000,1,0,1,空换,B,2870.2000,2870.0000,2869.8000,2869.6000,2869.2000,2870.6000,2870.8000,2871.0000,2871.2000,2871.4000,1,2,2,3,1,1,1,1,2,1
SF,IH2006,2020-06-17 14:55:23.700,2870.4000,18044,0,15986252100.000,0,-,-,-,-,2870.4000,2870.2000,2870.0000,2869.8000,2869.6000,2870.6000,2870.8000,2871.0000,2871.2000,2871.4000,2,2,1,2,3,1,1,1,2,1
SF,IH2006,2020-06-17 14:55:24.700,2870.6000,18044,0,15987113280.000,1,0,1,空换,B,2870.4000,2870.2000,2870.0000,2869.8000,2869.6000,2870.8000,2871.0000,2871.2000,2871.4000,2871.8000,2,1,1,2,3,1,1,2,1,2
SF,IH2006,2020-06-17 14:55:25.200,2870.6000,18044,0,15987113280.000,0,-,-,-,-,2870.4000,2870.2000,2870.0000,2869.8000,2869.6000,2870.8000,2871.0000,2871.2000,2871.4000,2871.8000,2,1,1,4,3,2,1,2,1,2
SF,IH2006,2020-06-17 14:55:25.700,2870.6000,18044,0,15987113280.000,0,-,-,-,-,2870.6000,2870.4000,2870.2000,2870.0000,2869.8000,2870.8000,2871.0000,2871.2000,2871.4000,2871.8000,1,1,1,1,4,2,1,2,1,2
SF,IH2006,2020-06-17 14:55:26.200,2870.8000,18046,2,15988835700.000,2,2,0,双开,B,2870.4000,2870.2000,2870.0000,2869.8000,2869.6000,2870.8000,2871.0000,2871.2000,2871.4000,2871.8000,1,1,1,4,3,1,1,2,1,2
SF,IH2006,2020-06-17 14:55:26.700,2870.8000,18046,0,15988835700.000,0,-,-,-,-,2870.4000,2870.2000,2870.0000,2869.8000,2869.6000,2870.6000,2870.8000,2871.0000,2871.2000,2871.4000,1,1,1,4,3,1,1,1,2,1
SF,IH2006,2020-06-17 14:55:27.200,2870.8000,18046,0,15988835700.000,0,-,-,-,-,2870.4000,2870.2000,2870.0000,2869.8000,2869.6000,2870.8000,2871.0000,2871.2000,2871.4000,2871.8000,1,1,1,4,3,1,1,2,1,2
SF,IH2006,2020-06-17 14:55:27.700,2870.8000,18046,0,15988835700.000,0,-,-,-,-,2870.4000,2870.2000,2870.0000,2869.8000,2869.6000,2870.8000,2871.0000,2871.2000,2871.4000,2871.8000,2,1,1,3,3,1,1,2,1,2
SF,IH2006,2020-06-17 14:55:28.200,2870.8000,18046,0,15988835700.000,0,-,-,-,-,2870.4000,2870.2000,2870.0000,2869.8000,2869.6000,2870.8000,2871.0000,2871.2000,2871.4000,2871.8000,2,1,1,3,3,1,1,2,1,2
SF,IH2006,2020-06-17 14:55:28.700,2870.6000,18047,1,15989696880.000,1,1,0,双开,B,2870.4000,2870.2000,2870.0000,2869.8000,2869.6000,2870.8000,2871.0000,2871.2000,2871.4000,2871.8000,2,1,1,3,3,1,1,2,1,2
SF,IH2006,2020-06-17 14:55:29.200,2870.6000,18047,0,15989696880.000,0,-,-,-,-,2870.4000,2870.2000,2870.0000,2869.8000,2869.6000,2870.8000,2871.0000,2871.2000,2871.4000,2871.8000,1,1,1,3,3,1,1,2,1,2
SF,IH2006,2020-06-17 14:55:29.700,2870.6000,18047,0,15989696880.000,0,-,-,-,-,2870.6000,2870.4000,2870.2000,2870.0000,2869.8000,2870.8000,2871.0000,2871.2000,2871.4000,2871.8000,1,1,1,1,3,1,1,2,1,2
SF,IH2006,2020-06-17 14:55:30.200,2870.6000,18047,0,15990558060.000,1,0,1,空换,B,2870.4000,2870.2000,2870.0000,2869.8000,2869.6000,2870.6000,2870.8000,2871.0000,2871.2000,2871.4000,1,1,1,3,3,2,1,1,2,1
SF,IH2006,2020-06-17 14:55:30.700,2870.8000,18049,2,15994002780.000,4,3,1,多开,B,2870.6000,2870.4000,2870.2000,2870.0000,2869.8000,2871.0000,2871.2000,2871.4000,2871.8000,2872.0000,2,1,1,1,3,1,2,1,2,3
SF,IH2006,2020-06-17 14:55:31.200,2870.6000,18049,0,15994863960.000,1,0,1,空换,B,2870.6000,2870.4000,2870.2000,2870.0000,2869.8000,2871.0000,2871.2000,2871.4000,2871.8000,2872.0000,1,1,1,1,3,1,2,1,2,3
SF,IH2006,2020-06-17 14:55:31.700,2870.6000,18050,1,15995725140.000,1,1,0,双开,B,2870.4000,2870.2000,2870.0000,2869.8000,2869.2000,2870.6000,2870.8000,2871.0000,2871.2000,2871.4000,1,1,1,3,1,1,1,1,2,1
SF,IH2006,2020-06-17 14:55:33.700,2870.6000,18050,0,15995725140.000,0,-,-,-,-,2870.4000,2870.2000,2870.0000,2869.8000,2869.2000,2870.6000,2870.8000,2871.0000,2871.2000,2871.4000,1,4,1,3,1,1,1,1,2,1
SF,IH2006,2020-06-17 14:55:34.200,2870.6000,18050,0,15996586320.000,1,0,1,空换,B,2870.6000,2870.4000,2870.2000,2870.0000,2869.8000,2870.8000,2871.0000,2871.2000,2871.4000,2871.8000,2,1,4,1,3,1,1,2,1,2
SF,IH2006,2020-06-17 14:55:34.700,2870.6000,18050,0,15997447500.000,1,0,1,空换,B,2870.6000,2870.4000,2870.2000,2870.0000,2869.8000,2870.8000,2871.0000,2871.2000,2871.4000,2871.8000,1,1,4,1,3,1,1,2,1,2
SF,IH2006,2020-06-17 14:55:36.700,2870.6000,18050,0,15997447500.000,0,-,-,-,-,2870.6000,2870.4000,2870.2000,2870.0000,2869.8000,2870.8000,2871.0000,2871.2000,2871.4000,2871.8000,1,1,4,1,3,1,1,2,1,2
SF,IH2006,2020-06-17 14:55:37.200,2870.6000,18050,0,15997447500.000,0,-,-,-,-,2870.6000,2870.4000,2870.2000,2870.0000,2869.8000,2870.8000,2871.0000,2871.2000,2871.4000,2871.8000,1,1,4,1,3,1,1,2,1,2
SF,IH2006,2020-06-17 14:55:37.700,2870.6000,18050,0,15997447500.000,0,-,-,-,-,2870.6000,2870.4000,2870.2000,2870.0000,2869.8000,2870.8000,2871.0000,2871.2000,2871.4000,2871.8000,1,1,9,1,3,1,1,2,1,2
SF,IH2006,2020-06-17 14:55:38.700,2870.6000,18050,0,15997447500.000,0,-,-,-,-,2870.6000,2870.4000,2870.2000,2870.0000,2869.8000,2870.8000,2871.0000,2871.2000,2871.4000,2871.8000,1,1,9,1,3,1,1,2,2,2
SF,IH2006,2020-06-17 14:55:39.200,2870.6000,18050,0,15997447500.000,0,-,-,-,-,2870.6000,2870.4000,2870.2000,2870.0000,2869.8000,2870.8000,2871.0000,2871.2000,2871.4000,2871.8000,1,1,9,1,3,1,1,2,2,2
SF,IH2006,2020-06-17 14:55:40.200,2870.6000,18050,0,15998308680.000,1,0,1,空换,B,2870.4000,2870.2000,2870.0000,2869.8000,2869.2000,2870.6000,2870.8000,2871.0000,2871.2000,2871.4000,1,9,1,3,1,1,1,1,2,2
SF,IH2006,2020-06-17 14:55:40.700,2870.6000,18050,0,15999169860.000,1,0,1,空换,B,2870.4000,2870.2000,2870.0000,2869.8000,2869.2000,2870.8000,2871.0000,2871.2000,2871.4000,2871.8000,1,9,1,3,1,1,1,2,2,2
SF,IH2006,2020-06-17 14:55:41.200,2870.6000,18050,0,15999169860.000,0,-,-,-,-,2870.4000,2870.2000,2870.0000,2869.8000,2869.2000,2870.8000,2871.0000,2871.2000,2871.4000,2871.8000,1,6,1,3,1,1,1,2,2,2
SF,IH2006,2020-06-17 14:55:41.700,2870.6000,18050,0,15999169860.000,0,-,-,-,-,2870.6000,2870.4000,2870.2000,2870.0000,2869.8000,2871.2000,2871.4000,2871.8000,2872.0000,2872.2000,1,1,6,1,3,2,2,2,2,1
SF,IH2006,2020-06-17 14:55:42.200,2870.6000,18050,0,15999169860.000,0,-,-,-,-,2870.6000,2870.4000,2870.2000,2869.8000,2869.2000,2871.2000,2871.4000,2871.8000,2872.0000,2872.2000,1,1,3,3,1,2,2,2,2,1
SF,IH2006,2020-06-17 14:55:42.700,2870.6000,18050,0,15999169860.000,0,-,-,-,-,2870.6000,2870.4000,2870.2000,2869.8000,2869.2000,2871.0000,2871.2000,2871.4000,2871.8000,2872.0000,1,1,3,3,1,2,3,2,2,2
SF,IH2006,2020-06-17 14:55:43.200,2870.6000,18050,0,16000031040.000,1,0,1,空换,B,2870.4000,2870.2000,2869.8000,2869.2000,2869.0000,2870.6000,2871.0000,2871.2000,2871.4000,2871.8000,1,6,3,1,20,5,3,3,2,2
SF,IH2006,2020-06-17 14:55:43.700,2870.6000,18050,0,16000031040.000,0,-,-,-,-,2870.4000,2870.2000,2869.8000,2869.2000,2869.0000,2870.6000,2871.0000,2871.2000,2871.4000,2871.8000,1,6,3,1,20,5,2,3,2,2
SF,IH2006,2020-06-17 14:55:45.700,2870.6000,18050,0,16000031040.000,0,-,-,-,-,2870.4000,2870.2000,2869.8000,2869.2000,2869.0000,2870.6000,2871.0000,2871.2000,2871.4000,2871.8000,2,6,3,1,20,5,3,3,2,2
SF,IH2006,2020-06-17 14:55:46.200,2870.6000,18050,0,16000031040.000,0,-,-,-,-,2870.4000,2870.2000,2869.8000,2869.2000,2869.0000,2870.6000,2870.8000,2871.0000,2871.2000,2871.4000,2,3,3,1,20,5,1,3,3,2
SF,IH2006,2020-06-17 14:55:47.200,2870.6000,18050,0,16000031040.000,0,-,-,-,-,2870.4000,2870.2000,2869.8000,2869.2000,2869.0000,2870.6000,2870.8000,2871.0000,2871.2000,2871.4000,2,3,3,1,20,6,1,3,3,2
SF,IH2006,2020-06-17 14:55:47.700,2870.4000,18050,0,16001753280.000,2,1,1,空换,B,2870.2000,2869.8000,2869.2000,2869.0000,2868.8000,2870.6000,2870.8000,2871.0000,2871.2000,2871.4000,3,3,1,20,1,6,1,3,3,2
SF,IH2006,2020-06-17 14:55:48.200,2870.2000,18050,0,16003475400.000,2,1,1,空换,B,2869.8000,2869.2000,2869.0000,2868.8000,2868.6000,2870.2000,2870.4000,2870.6000,2870.8000,2871.0000,3,1,20,1,3,2,1,1,1,2
SF,IH2006,2020-06-17 14:55:48.700,2870.2000,18050,0,16003475400.000,0,-,-,-,-,2869.8000,2869.2000,2869.0000,2868.8000,2868.6000,2870.2000,2870.4000,2870.6000,2870.8000,2871.0000,4,1,20,1,3,2,1,1,1,2
SF,IH2006,2020-06-17 14:55:49.200,2870.2000,18050,0,16003475400.000,0,-,-,-,-,2870.0000,2869.8000,2869.6000,2869.2000,2869.0000,2870.2000,2870.4000,2870.6000,2870.8000,2871.0000,1,4,1,1,20,2,1,1,1,2
SF,IH2006,2020-06-17 14:55:49.700,2870.2000,18050,0,16005197520.000,2,1,1,空换,B,2870.0000,2869.8000,2869.6000,2869.2000,2869.0000,2870.4000,2870.6000,2870.8000,2871.0000,2871.2000,1,5,1,1,20,1,1,1,2,3
SF,IH2006,2020-06-17 14:55:50.200,2870.2000,18050,0,16005197520.000,0,-,-,-,-,2870.0000,2869.8000,2869.2000,2869.0000,2868.8000,2870.4000,2870.6000,2870.8000,2871.0000,2871.2000,1,5,1,20,1,1,1,1,2,3
SF,IH2006,2020-06-17 14:55:51.700,2870.2000,18050,0,16005197520.000,0,-,-,-,-,2870.0000,2869.8000,2869.2000,2869.0000,2868.8000,2870.4000,2870.6000,2870.8000,2871.0000,2871.2000,1,5,1,20,1,1,1,2,2,3
SF,IH2006,2020-06-17 14:55:52.200,2870.2000,18050,0,16005197520.000,0,-,-,-,-,2870.0000,2869.8000,2869.6000,2869.2000,2869.0000,2870.4000,2870.6000,2870.8000,2871.0000,2871.2000,1,5,3,1,20,1,1,2,2,3
SF,IH2006,2020-06-17 14:55:52.700,2870.0000,18049,-1,16006919520.000,2,0,2,空平,B,2869.8000,2869.6000,2869.2000,2869.0000,2868.8000,2870.0000,2870.6000,2870.8000,2871.0000,2871.2000,5,3,1,20,1,3,1,2,2,3
SF,IH2006,2020-06-17 14:55:53.200,2870.0000,18049,0,16009502520.000,3,1,2,空换,B,2870.4000,2870.2000,2870.0000,2869.8000,2869.6000,2870.6000,2870.8000,2871.0000,2871.2000,2871.4000,3,2,10,4,3,1,2,2,3,2
SF,IH2006,2020-06-17 14:55:53.700,2870.0000,18049,0,16009502520.000,0,-,-,-,-,2870.4000,2870.2000,2870.0000,2869.8000,2869.6000,2870.6000,2870.8000,2871.0000,2871.2000,2871.4000,3,2,8,4,3,1,2,2,3,2
SF,IH2006,2020-06-17 14:55:54.200,2870.4000,18052,3,16012085940.000,3,3,0,双开,B,2870.4000,2870.2000,2870.0000,2869.8000,2869.6000,2870.8000,2871.0000,2871.2000,2871.4000,2871.8000,1,2,7,4,3,2,2,3,2,2
SF,IH2006,2020-06-17 14:55:54.700,2870.4000,18054,2,16013808180.000,2,2,0,双开,B,2870.2000,2870.0000,2869.8000,2869.6000,2869.2000,2870.4000,2870.6000,2870.8000,2871.0000,2871.2000,2,7,4,3,1,3,1,2,2,3
SF,IH2006,2020-06-17 14:55:55.700,2870.4000,18054,0,16013808180.000,0,-,-,-,-,2870.2000,2870.0000,2869.8000,2869.6000,2869.2000,2870.4000,2870.6000,2870.8000,2871.0000,2871.2000,5,7,4,3,1,3,1,2,2,3
SF,IH2006,2020-06-17 14:55:56.200,2870.4000,18054,0,16013808180.000,0,-,-,-,-,2870.2000,2870.0000,2869.8000,2869.6000,2869.2000,2870.4000,2870.8000,2871.0000,2871.2000,2871.4000,5,7,4,3,1,3,3,2,3,2
SF,IH2006,2020-06-17 14:55:56.700,2870.4000,18054,0,16013808180.000,0,-,-,-,-,2870.2000,2870.0000,2869.8000,2869.6000,2869.2000,2870.4000,2870.8000,2871.0000,2871.2000,2871.4000,2,7,4,3,1,3,3,2,3,2
SF,IH2006,2020-06-17 14:55:57.200,2870.4000,18054,0,16013808180.000,0,-,-,-,-,2870.2000,2870.0000,2869.8000,2869.2000,2869.0000,2870.4000,2870.8000,2871.0000,2871.2000,2871.4000,2,7,4,1,20,3,3,2,3,2
SF,IH2006,2020-06-17 14:55:58.700,2870.2000,18053,-1,16014669240.000,1,0,1,双平,B,2870.2000,2870.0000,2869.8000,2869.2000,2869.0000,2870.4000,2870.8000,2871.0000,2871.2000,2871.4000,1,7,4,1,20,3,3,2,3,2
SF,IH2006,2020-06-17 14:55:59.200,2870.0000,18053,0,16016391300.000,2,1,1,空换,B,2870.0000,2869.8000,2869.2000,2869.0000,2868.8000,2870.2000,2870.4000,2870.8000,2871.0000,2871.2000,4,4,1,20,1,4,4,3,2,3
SF,IH2006,2020-06-17 14:55:59.700,2870.0000,18053,0,16017252300.000,1,0,1,空换,B,2870.0000,2869.8000,2869.2000,2869.0000,2868.8000,2870.2000,2870.4000,2870.8000,2871.0000,2871.2000,3,4,1,20,1,3,3,3,2,3
SF,IH2006,2020-06-17 14:56:00.200,2870.2000,18055,2,16023279420.000,7,4,3,多开,B,2870.2000,2869.8000,2869.2000,2869.0000,2868.8000,2870.4000,2870.8000,2871.0000,2871.2000,2871.4000,1,3,1,20,1,3,3,2,3,2
SF,IH2006,2020-06-17 14:56:00.700,2869.8000,18057,2,16025001420.000,2,2,0,双开,B,2869.8000,2869.2000,2869.0000,2868.8000,2868.6000,2870.2000,2870.4000,2870.8000,2871.0000,2871.2000,2,1,20,1,3,3,3,3,2,3
SF,IH2006,2020-06-17 14:56:01.200,2869.8000,18057,0,16025001420.000,0,-,-,-,-,2869.8000,2869.6000,2869.2000,2869.0000,2868.6000,2870.2000,2870.4000,2870.8000,2871.0000,2871.2000,2,1,1,20,3,4,3,3,2,3
SF,IH2006,2020-06-17 14:56:01.700,2869.8000,18059,2,16026723360.000,2,2,0,双开,B,2869.8000,2869.6000,2869.4000,2869.2000,2869.0000,2870.2000,2870.4000,2870.8000,2871.0000,2871.2000,1,1,3,1,20,4,3,3,2,3
SF,IH2006,2020-06-17 14:56:02.200,2869.8000,18059,0,16026723360.000,0,-,-,-,-,2869.8000,2869.6000,2869.4000,2869.2000,2869.0000,2870.2000,2870.4000,2870.8000,2871.0000,2871.2000,1,1,3,1,20,3,3,3,2,3
SF,IH2006,2020-06-17 14:56:02.700,2869.8000,18059,0,16026723360.000,0,-,-,-,-,2869.8000,2869.6000,2869.4000,2869.2000,2869.0000,2870.2000,2870.4000,2870.8000,2871.0000,2871.2000,3,1,3,1,20,3,3,3,2,3
SF,IH2006,2020-06-17 14:56:03.200,2870.2000,18059,0,16027584420.000,1,0,1,空换,B,2870.0000,2869.8000,2869.6000,2869.4000,2869.2000,2870.2000,2870.4000,2870.8000,2871.0000,2871.2000,1,3,1,3,1,2,3,3,2,3
SF,IH2006,2020-06-17 14:56:03.700,2870.2000,18059,0,16027584420.000,0,-,-,-,-,2870.0000,2869.8000,2869.6000,2869.4000,2869.2000,2870.2000,2870.4000,2870.8000,2871.0000,2871.2000,1,3,1,3,1,1,3,3,2,3
SF,IH2006,2020-06-17 14:56:04.700,2870.2000,18059,0,16027584420.000,0,-,-,-,-,2870.0000,2869.8000,2869.6000,2869.4000,2869.2000,2870.2000,2870.4000,2870.8000,2871.0000,2871.2000,2,3,1,3,1,1,3,3,2,3
SF,IH2006,2020-06-17 14:56:05.200,2870.0000,18060,1,16028445420.000,1,1,0,双开,B,2870.0000,2869.8000,2869.6000,2869.4000,2869.2000,2870.2000,2870.4000,2870.8000,2871.0000,2871.2000,1,3,1,3,1,1,3,3,2,3
SF,IH2006,2020-06-17 14:56:07.200,2870.0000,18060,0,16028445420.000,0,-,-,-,-,2870.0000,2869.8000,2869.6000,2869.2000,2869.0000,2870.2000,2870.4000,2870.8000,2871.0000,2871.2000,1,3,1,1,20,1,3,3,2,3
SF,IH2006,2020-06-17 14:56:08.700,2870.0000,18059,-1,16029306420.000,1,0,1,双平,B,2869.8000,2869.6000,2869.2000,2869.0000,2868.6000,2870.2000,2870.4000,2870.8000,2871.0000,2871.2000,3,1,1,20,3,1,3,3,2,3
SF,IH2006,2020-06-17 14:56:09.200,2869.8000,18060,1,16031028300.000,2,1,1,多开,B,2869.8000,2869.6000,2869.2000,2869.0000,2868.6000,2870.2000,2870.4000,2870.8000,2871.0000,2871.2000,1,1,1,20,3,3,3,3,2,3
SF,IH2006,2020-06-17 14:56:10.200,2869.8000,18061,1,16031889240.000,1,1,0,双开,B,2869.6000,2869.2000,2869.0000,2868.6000,2868.2000,2869.8000,2870.2000,2870.4000,2870.8000,2871.0000,1,1,20,3,2,2,3,3,3,2
SF,IH2006,2020-06-17 14:56:10.700,2869.8000,18061,0,16034472060.000,3,1,2,空换,B,2870.0000,2869.8000,2869.6000,2869.2000,2869.0000,2870.2000,2870.4000,2870.8000,2871.0000,2871.2000,1,1,1,2,20,3,3,3,2,3
SF,IH2006,2020-06-17 14:56:11.200,2870.0000,18061,0,16035333060.000,1,0,1,空换,B,2869.8000,2869.6000,2869.2000,2869.0000,2868.6000,2870.0000,2870.2000,2870.4000,2870.8000,2871.0000,1,1,2,20,3,1,3,3,3,2
SF,IH2006,2020-06-17 14:56:11.700,2869.6000,18061,0,16037054880.000,2,1,1,空换,B,2869.2000,2869.0000,2868.6000,2868.2000,2867.8000,2870.2000,2870.4000,2870.8000,2871.0000,2871.2000,2,20,3,2,1,3,3,3,2,3
SF,IH2006,2020-06-17 14:56:12.200,2870.0000,18062,1,16037915880.000,1,1,0,双开,B,2869.4000,2869.2000,2869.0000,2868.6000,2868.2000,2870.0000,2870.2000,2870.4000,2870.8000,2871.0000,9,3,20,3,2,4,3,3,3,2
SF,IH2006,2020-06-17 14:56:12.700,2870.0000,18062,0,16040498880.000,3,1,2,空换,B,2869.6000,2869.4000,2869.2000,2869.0000,2868.6000,2870.0000,2870.2000,2870.4000,2870.8000,2871.0000,1,8,3,20,3,1,3,3,3,2
SF,IH2006,2020-06-17 14:56:13.200,2870.0000,18062,0,16040498880.000,0,-,-,-,-,2869.6000,2869.4000,2869.2000,2869.0000,2868.6000,2870.2000,2870.4000,2870.8000,2871.0000,2871.2000,1,8,3,20,3,3,3,3,2,3
SF,IH2006,2020-06-17 14:56:13.700,2870.2000,18062,0,16041359940.000,1,0,1,空换,B,2869.6000,2869.4000,2869.2000,2869.0000,2868.6000,2870.2000,2870.4000,2870.8000,2871.0000,2871.2000,2,8,6,20,3,2,3,3,2,3
SF,IH2006,2020-06-17 14:56:14.200,2869.8000,18063,1,16042220880.000,1,1,0,双开,B,2870.0000,2869.6000,2869.4000,2869.2000,2869.0000,2870.2000,2870.4000,2870.8000,2871.0000,2871.2000,1,4,4,6,20,1,3,3,2,3
SF,IH2006,2020-06-17 14:56:14.700,2870.0000,18064,1,16043081880.000,1,1,0,双开,B,2869.6000,2869.4000,2869.2000,2869.0000,2868.6000,2870.0000,2870.2000,2870.4000,2870.8000,2871.0000,4,4,6,20,3,1,1,3,3,2
SF,IH2006,2020-06-17 14:56:15.700,2870.0000,18064,0,16043081880.000,0,-,-,-,-,2869.6000,2869.4000,2869.2000,2869.0000,2868.6000,2870.0000,2870.2000,2870.4000,2870.8000,2871.0000,4,4,6,20,3,8,1,3,3,2
SF,IH2006,2020-06-17 14:56:16.200,2870.0000,18064,0,16043081880.000,0,-,-,-,-,2869.8000,2869.6000,2869.4000,2869.2000,2869.0000,2870.0000,2870.2000,2870.4000,2870.8000,2871.0000,1,3,4,6,20,8,1,3,3,2
SF,IH2006,2020-06-17 14:56:16.700,2870.0000,18064,0,16043081880.000,0,-,-,-,-,2869.8000,2869.6000,2869.4000,2869.2000,2869.0000,2870.0000,2870.2000,2870.4000,2870.8000,2871.0000,1,3,4,6,20,9,1,3,3,2
SF,IH2006,2020-06-17 14:56:17.700,2869.8000,18069,5,16049108820.000,7,6,1,多开,B,2869.6000,2869.4000,2869.2000,2869.0000,2868.6000,2870.0000,2870.2000,2870.4000,2870.8000,2871.0000,3,4,6,20,3,2,1,3,3,2
SF,IH2006,2020-06-17 14:56:18.200,2870.0000,18070,1,16049969820.000,1,1,0,双开,B,2869.8000,2869.6000,2869.4000,2869.2000,2869.0000,2870.0000,2870.2000,2870.4000,2870.8000,2871.0000,2,3,2,6,20,1,1,3,3,2
SF,IH2006,2020-06-17 14:56:18.700,2870.0000,18070,0,16050830820.000,1,0,1,空换,B,2869.8000,2869.6000,2869.4000,2869.2000,2869.0000,2870.2000,2870.4000,2870.8000,2871.0000,2871.2000,2,3,2,6,20,1,3,3,2,2
SF,IH2006,2020-06-17 14:56:19.200,2870.0000,18070,0,16050830820.000,0,-,-,-,-,2870.0000,2869.8000,2869.6000,2869.4000,2869.2000,2870.2000,2870.4000,2870.8000,2871.0000,2871.2000,1,2,3,2,6,1,3,3,2,2
SF,IH2006,2020-06-17 14:56:19.700,2870.0000,18071,1,16052552880.000,2,1,1,多开,B,2869.8000,2869.6000,2869.4000,2869.2000,2869.0000,2870.4000,2870.8000,2871.0000,2871.2000,2871.4000,2,3,2,6,20,3,3,2,2,2
SF,IH2006,2020-06-17 14:56:20.700,2870.0000,18071,0,16052552880.000,0,-,-,-,-,2869.8000,2869.6000,2869.4000,2869.2000,2869.0000,2870.4000,2870.8000,2871.0000,2871.2000,2871.4000,2,3,2,6,20,3,3,2,2,2
SF,IH2006,2020-06-17 14:56:21.200,2870.0000,18071,0,16052552880.000,0,-,-,-,-,2869.8000,2869.6000,2869.4000,2869.2000,2869.0000,2870.4000,2870.8000,2871.0000,2871.2000,2871.4000,3,3,2,6,20,3,3,2,2,2
SF,IH2006,2020-06-17 14:56:22.700,2870.0000,18071,0,16052552880.000,0,-,-,-,-,2869.8000,2869.6000,2869.4000,2869.2000,2869.0000,2870.4000,2870.8000,2871.0000,2871.2000,2871.4000,3,2,2,6,20,3,3,2,2,2
SF,IH2006,2020-06-17 14:56:25.700,2870.0000,18071,0,16052552880.000,0,-,-,-,-,2869.8000,2869.6000,2869.4000,2869.2000,2869.0000,2870.4000,2870.8000,2871.0000,2871.2000,2871.4000,3,2,2,6,21,3,3,2,2,2
SF,IH2006,2020-06-17 14:56:26.200,2870.0000,18071,0,16052552880.000,0,-,-,-,-,2869.8000,2869.6000,2869.4000,2869.2000,2869.0000,2870.4000,2870.8000,2871.0000,2871.2000,2871.4000,4,2,2,6,21,3,3,2,2,2
SF,IH2006,2020-06-17 14:56:26.700,2870.0000,18071,0,16052552880.000,0,-,-,-,-,2869.8000,2869.6000,2869.4000,2869.2000,2869.0000,2870.4000,2870.6000,2870.8000,2871.0000,2871.2000,4,2,2,6,21,3,1,3,2,2
SF,IH2006,2020-06-17 14:56:27.200,2870.0000,18071,0,16052552880.000,0,-,-,-,-,2869.8000,2869.6000,2869.4000,2869.2000,2869.0000,2870.4000,2870.6000,2870.8000,2871.0000,2871.2000,4,2,2,6,21,4,1,3,1,2
SF,IH2006,2020-06-17 14:56:27.700,2870.4000,18073,2,16055997360.000,4,3,1,多开,B,2869.8000,2869.6000,2869.4000,2869.2000,2869.0000,2870.6000,2870.8000,2871.0000,2871.2000,2871.4000,4,2,2,8,21,1,3,1,2,2
SF,IH2006,2020-06-17 14:56:28.200,2870.4000,18073,0,16055997360.000,0,-,-,-,-,2870.0000,2869.8000,2869.6000,2869.4000,2869.2000,2870.6000,2870.8000,2871.0000,2871.2000,2871.4000,2,2,2,2,8,1,3,1,2,2
SF,IH2006,2020-06-17 14:56:28.700,2870.2000,18072,-1,16056858420.000,1,0,1,双平,B,2870.4000,2870.2000,2870.0000,2869.8000,2869.4000,2870.6000,2870.8000,2871.0000,2871.2000,2871.4000,1,1,2,2,2,1,3,1,2,2
SF,IH2006,2020-06-17 14:56:29.200,2870.4000,18072,0,16057719540.000,1,0,1,空换,B,2870.2000,2870.0000,2869.8000,2869.4000,2869.2000,2870.4000,2870.6000,2870.8000,2871.0000,2871.2000,1,2,2,2,8,1,1,3,1,2
SF,IH2006,2020-06-17 14:56:29.700,2870.2000,18071,-1,16058580600.000,1,0,1,双平,B,2870.0000,2869.8000,2869.4000,2869.2000,2869.0000,2870.4000,2870.6000,2870.8000,2871.0000,2871.2000,2,2,2,8,21,1,1,3,1,2
SF,IH2006,2020-06-17 14:56:30.200,2870.2000,18071,0,16058580600.000,0,-,-,-,-,2870.0000,2869.8000,2869.4000,2869.2000,2869.0000,2870.4000,2870.6000,2870.8000,2871.0000,2871.2000,2,2,2,8,21,1,2,2,1,2
SF,IH2006,2020-06-17 14:56:31.200,2870.2000,18071,0,16058580600.000,0,-,-,-,-,2870.0000,2869.8000,2869.4000,2869.2000,2869.0000,2870.4000,2870.6000,2870.8000,2871.0000,2871.2000,2,8,2,8,21,1,2,2,1,2
SF,IH2006,2020-06-17 14:56:31.700,2870.2000,18071,0,16058580600.000,0,-,-,-,-,2870.0000,2869.8000,2869.4000,2869.2000,2869.0000,2870.4000,2870.6000,2870.8000,2871.0000,2871.2000,2,8,2,8,21,1,2,2,1,2
SF,IH2006,2020-06-17 14:56:32.200,2870.0000,18070,-1,16059441600.000,1,0,1,双平,B,2870.0000,2869.8000,2869.4000,2869.2000,2869.0000,2870.6000,2870.8000,2871.0000,2871.2000,2871.4000,2,2,2,8,21,2,2,1,2,2
SF,IH2006,2020-06-17 14:56:33.200,2870.0000,18070,0,16059441600.000,0,-,-,-,-,2870.0000,2869.8000,2869.4000,2869.2000,2869.0000,2870.4000,2870.6000,2870.8000,2871.0000,2871.2000,2,2,2,8,21,1,2,2,1,2
SF,IH2006,2020-06-17 14:56:33.700,2870.6000,18069,-1,16062024900.000,3,1,2,空平,B,2870.0000,2869.8000,2869.4000,2869.2000,2869.0000,2870.6000,2870.8000,2871.0000,2871.2000,2871.4000,1,2,2,8,21,1,2,1,2,2
SF,IH2006,2020-06-17 14:56:34.200,2870.6000,18069,0,16062024900.000,0,-,-,-,-,2870.0000,2869.8000,2869.4000,2869.2000,2869.0000,2870.2000,2870.6000,2870.8000,2871.0000,2871.2000,1,2,2,8,21,1,1,2,1,2
SF,IH2006,2020-06-17 14:56:34.700,2870.6000,18069,0,16062024900.000,0,-,-,-,-,2870.0000,2869.8000,2869.4000,2869.2000,2869.0000,2870.2000,2870.6000,2870.8000,2871.0000,2871.2000,1,8,2,8,21,1,1,2,1,2
SF,IH2006,2020-06-17 14:56:35.200,2870.6000,18068,-1,16065469200.000,4,1,3,空平,B,2870.4000,2869.8000,2869.4000,2869.2000,2869.0000,2870.8000,2871.0000,2871.2000,2871.4000,2871.8000,2,8,2,8,21,2,1,2,2,1
SF,IH2006,2020-06-17 14:56:35.700,2870.6000,18068,0,16065469200.000,0,-,-,-,-,2870.4000,2870.2000,2869.8000,2869.4000,2869.2000,2870.6000,2870.8000,2871.0000,2871.2000,2871.4000,2,1,8,2,8,3,3,1,2,2
SF,IH2006,2020-06-17 14:56:36.200,2870.4000,18067,-1,16066330320.000,1,0,1,双平,B,2870.2000,2869.8000,2869.4000,2869.2000,2869.0000,2870.6000,2870.8000,2871.0000,2871.2000,2871.4000,1,8,2,8,21,3,3,1,2,2
SF,IH2006,2020-06-17 14:56:37.700,2870.2000,18066,-1,16067191380.000,1,0,1,双平,B,2869.8000,2869.4000,2869.2000,2869.0000,2868.6000,2870.6000,2870.8000,2871.0000,2871.2000,2871.4000,8,2,8,21,3,3,3,1,2,2
SF,IH2006,2020-06-17 14:56:38.200,2870.6000,18067,1,16068052560.000,1,1,0,双开,B,2870.0000,2869.8000,2869.4000,2869.2000,2869.0000,2870.6000,2870.8000,2871.0000,2871.2000,2871.4000,1,8,2,8,21,2,3,1,2,2
SF,IH2006,2020-06-17 14:56:38.700,2870.0000,18067,0,16068913560.000,1,0,1,空换,B,2869.8000,2869.4000,2869.2000,2869.0000,2868.6000,2870.6000,2870.8000,2871.0000,2871.2000,2871.4000,8,2,8,21,3,1,3,1,2,2
SF,IH2006,2020-06-17 14:56:39.200,2870.0000,18067,0,16068913560.000,0,-,-,-,-,2869.8000,2869.4000,2869.2000,2869.0000,2868.6000,2870.6000,2870.8000,2871.0000,2871.2000,2871.4000,8,2,8,20,3,1,3,1,1,2
SF,IH2006,2020-06-17 14:56:39.700,2870.0000,18067,0,16068913560.000,0,-,-,-,-,2869.8000,2869.4000,2869.2000,2869.0000,2868.6000,2870.6000,2870.8000,2871.0000,2871.2000,2871.4000,8,3,8,20,3,1,7,1,1,2
SF,IH2006,2020-06-17 14:56:40.700,2870.0000,18067,0,16068913560.000,0,-,-,-,-,2870.2000,2870.0000,2869.8000,2869.4000,2869.2000,2870.4000,2870.6000,2870.8000,2871.0000,2871.2000,2,1,8,3,8,1,1,7,1,1
SF,IH2006,2020-06-17 14:56:41.200,2870.0000,18067,0,16068913560.000,0,-,-,-,-,2870.2000,2870.0000,2869.8000,2869.4000,2869.2000,2870.6000,2870.8000,2871.0000,2871.2000,2871.4000,2,1,8,3,8,1,7,1,1,2
SF,IH2006,2020-06-17 14:56:41.700,2870.2000,18067,0,16069774620.000,1,0,1,空换,B,2870.2000,2870.0000,2869.8000,2869.4000,2869.2000,2870.8000,2871.0000,2871.2000,2871.4000,2871.8000,1,4,8,3,8,7,1,1,2,1
SF,IH2006,2020-06-17 14:56:42.200,2870.2000,18067,0,16069774620.000,0,-,-,-,-,2870.2000,2870.0000,2869.8000,2869.4000,2869.2000,2870.8000,2871.0000,2871.2000,2871.4000,2871.8000,1,4,8,3,5,6,1,1,2,1
SF,IH2006,2020-06-17 14:56:42.700,2870.2000,18067,0,16069774620.000,0,-,-,-,-,2870.6000,2870.2000,2870.0000,2869.8000,2869.4000,2870.8000,2871.0000,2871.2000,2871.4000,2871.8000,1,2,5,8,3,6,1,1,2,1
SF,IH2006,2020-06-17 14:56:43.200,2870.2000,18068,1,16070635680.000,1,1,0,双开,B,2870.2000,2870.0000,2869.8000,2869.4000,2869.2000,2870.8000,2871.0000,2871.2000,2871.4000,2871.8000,2,5,8,3,4,6,1,1,2,1
SF,IH2006,2020-06-17 14:56:44.200,2870.2000,18068,0,16070635680.000,0,-,-,-,-,2870.2000,2870.0000,2869.8000,2869.6000,2869.4000,2870.8000,2871.0000,2871.2000,2871.4000,2871.8000,2,5,8,1,3,6,1,1,2,1
SF,IH2006,2020-06-17 14:56:44.700,2870.2000,18068,0,16070635680.000,0,-,-,-,-,2870.2000,2870.0000,2869.8000,2869.6000,2869.4000,2870.6000,2870.8000,2871.0000,2871.2000,2871.4000,2,5,8,1,3,1,6,1,1,2
SF,IH2006,2020-06-17 14:56:45.200,2870.2000,18068,0,16070635680.000,0,-,-,-,-,2870.2000,2870.0000,2869.8000,2869.6000,2869.4000,2870.6000,2870.8000,2871.0000,2871.2000,2871.4000,2,6,8,1,3,2,6,1,1,2
SF,IH2006,2020-06-17 14:56:45.700,2870.2000,18068,0,16070635680.000,0,-,-,-,-,2870.2000,2870.0000,2869.8000,2869.6000,2869.4000,2870.6000,2870.8000,2871.0000,2871.2000,2871.4000,2,6,8,1,3,3,6,1,1,2
SF,IH2006,2020-06-17 14:56:46.200,2870.2000,18068,0,16070635680.000,0,-,-,-,-,2870.2000,2870.0000,2869.8000,2869.6000,2869.4000,2870.6000,2870.8000,2871.0000,2871.2000,2871.4000,3,6,8,1,3,4,6,1,1,2
SF,IH2006,2020-06-17 14:56:46.700,2870.2000,18068,0,16070635680.000,0,-,-,-,-,2870.2000,2870.0000,2869.8000,2869.6000,2869.4000,2870.6000,2870.8000,2871.0000,2871.2000,2871.4000,3,6,2,1,3,6,6,1,1,2
SF,IH2006,2020-06-17 14:56:47.700,2870.2000,18068,0,16070635680.000,0,-,-,-,-,2870.4000,2870.2000,2870.0000,2869.8000,2869.6000,2870.6000,2870.8000,2871.0000,2871.2000,2871.4000,3,3,6,2,1,6,6,2,1,2
SF,IH2006,2020-06-17 14:56:48.200,2870.4000,18068,0,16071496800.000,1,0,1,空换,B,2870.4000,2870.2000,2870.0000,2869.8000,2869.6000,2870.6000,2870.8000,2871.0000,2871.2000,2871.4000,2,3,6,2,1,6,6,2,1,2
SF,IH2006,2020-06-17 14:56:48.700,2870.4000,18070,2,16073219040.000,2,2,0,双开,B,2870.2000,2870.0000,2869.8000,2869.6000,2869.4000,2870.6000,2870.8000,2871.0000,2871.2000,2871.4000,3,6,2,1,3,6,6,2,1,2
SF,IH2006,2020-06-17 14:56:49.200,2870.4000,18070,0,16074080160.000,1,0,1,空换,B,2870.4000,2870.2000,2870.0000,2869.8000,2869.6000,2870.6000,2870.8000,2871.0000,2871.2000,2871.4000,5,3,6,2,1,5,6,2,1,2
SF,IH2006,2020-06-17 14:56:49.700,2870.4000,18070,0,16074080160.000,0,-,-,-,-,2870.4000,2870.2000,2870.0000,2869.8000,2869.6000,2870.6000,2870.8000,2871.0000,2871.2000,2871.4000,6,3,5,2,1,5,6,2,1,2
SF,IH2006,2020-06-17 14:56:52.700,2870.4000,18070,0,16074080160.000,0,-,-,-,-,2870.4000,2870.2000,2870.0000,2869.8000,2869.6000,2870.6000,2870.8000,2871.0000,2871.2000,2871.4000,6,3,5,2,1,5,6,2,2,2
SF,IH2006,2020-06-17 14:56:53.200,2870.4000,18070,0,16074941280.000,1,0,1,空换,B,2870.4000,2870.2000,2870.0000,2869.8000,2869.6000,2870.6000,2870.8000,2871.0000,2871.2000,2871.4000,5,3,5,2,1,5,6,2,2,2
SF,IH2006,2020-06-17 14:56:53.700,2870.4000,18070,0,16074941280.000,0,-,-,-,-,2870.4000,2870.2000,2870.0000,2869.8000,2869.6000,2870.6000,2870.8000,2871.0000,2871.2000,2871.4000,6,3,5,2,1,5,6,3,2,2
SF,IH2006,2020-06-17 14:56:54.200,2870.4000,18070,0,16074941280.000,0,-,-,-,-,2870.4000,2870.2000,2870.0000,2869.8000,2869.6000,2870.6000,2870.8000,2871.0000,2871.2000,2871.4000,6,3,5,2,1,5,7,3,2,2
SF,IH2006,2020-06-17 14:56:54.700,2870.4000,18070,0,16074941280.000,0,-,-,-,-,2870.4000,2870.2000,2870.0000,2869.8000,2869.6000,2870.6000,2870.8000,2871.0000,2871.2000,2871.4000,6,3,5,2,1,5,7,3,2,2
SF,IH2006,2020-06-17 14:56:55.200,2870.4000,18071,1,16075802400.000,1,1,0,双开,B,2870.4000,2870.2000,2870.0000,2869.8000,2869.6000,2870.6000,2870.8000,2871.0000,2871.2000,2871.4000,5,3,2,2,1,6,7,3,2,2
SF,IH2006,2020-06-17 14:56:55.700,2870.8000,18067,-4,16086136920.000,12,4,8,空平,B,2870.4000,2870.2000,2870.0000,2869.8000,2869.6000,2870.8000,2871.0000,2871.2000,2871.4000,2871.8000,5,3,2,2,1,1,3,2,2,1
SF,IH2006,2020-06-17 14:56:56.200,2871.0000,18068,1,16088720760.000,3,2,1,多开,B,2870.4000,2870.2000,2870.0000,2869.8000,2869.6000,2871.0000,2871.2000,2871.4000,2871.8000,2872.0000,5,3,2,2,1,1,1,2,1,1
SF,IH2006,2020-06-17 14:56:56.700,2870.6000,18067,-1,16089581940.000,1,0,1,双平,B,2870.6000,2870.4000,2870.2000,2870.0000,2869.8000,2871.0000,2871.2000,2871.4000,2871.8000,2872.0000,1,5,3,2,2,1,1,2,1,1
SF,IH2006,2020-06-17 14:56:58.700,2870.6000,18067,0,16090443120.000,1,0,1,空换,B,2870.4000,2870.2000,2870.0000,2869.8000,2869.6000,2871.0000,2871.2000,2871.4000,2871.8000,2872.0000,5,3,2,2,1,1,1,2,1,1
SF,IH2006,2020-06-17 14:56:59.200,2870.4000,18067,0,16094748720.000,5,2,3,空换,B,2870.4000,2870.2000,2870.0000,2869.8000,2869.6000,2871.0000,2871.2000,2871.4000,2871.8000,2872.0000,4,2,2,1,1,1,1,2,1,1
SF,IH2006,2020-06-17 14:56:59.700,2870.4000,18068,1,16099054260.000,5,3,2,多开,B,2870.4000,2870.2000,2870.0000,2869.8000,2869.6000,2871.0000,2871.2000,2871.4000,2871.8000,2872.0000,1,1,2,1,1,2,1,2,1,1
SF,IH2006,2020-06-17 14:57:00.200,2870.0000,18068,0,16101637440.000,3,1,2,空换,B,2870.0000,2869.8000,2869.6000,2869.4000,2869.2000,2870.4000,2870.6000,2870.8000,2871.0000,2871.2000,1,1,1,2,4,1,1,6,2,1
SF,IH2006,2020-06-17 14:57:00.700,2870.0000,18068,0,16103359560.000,2,1,1,空换,B,2870.0000,2869.8000,2869.6000,2869.4000,2869.2000,2870.4000,2870.8000,2871.0000,2871.2000,2871.4000,4,1,1,2,4,9,3,2,1,2
SF,IH2006,2020-06-17 14:57:01.200,2870.0000,18068,0,16103359560.000,0,-,-,-,-,2870.0000,2869.8000,2869.6000,2869.4000,2869.2000,2870.4000,2870.8000,2871.0000,2871.2000,2871.4000,7,1,1,2,4,11,3,2,1,2
SF,IH2006,2020-06-17 14:57:01.700,2870.4000,18070,2,16106804040.000,4,3,1,多开,B,2870.0000,2869.8000,2869.6000,2869.4000,2869.2000,2870.4000,2870.8000,2871.0000,2871.2000,2871.4000,17,1,1,2,4,7,3,2,1,2
SF,IH2006,2020-06-17 14:57:02.200,2870.4000,18073,3,16109387400.000,3,3,0,双开,B,2870.0000,2869.8000,2869.6000,2869.4000,2869.2000,2870.4000,2870.6000,2870.8000,2871.0000,2871.2000,20,1,1,2,4,7,1,2,2,1
SF,IH2006,2020-06-17 14:57:02.700,2870.4000,18074,1,16110248520.000,1,1,0,双开,B,2870.0000,2869.8000,2869.6000,2869.4000,2869.2000,2870.4000,2870.6000,2870.8000,2871.0000,2871.2000,21,2,1,2,4,8,1,2,2,1
SF,IH2006,2020-06-17 14:57:03.200,2870.4000,18074,0,16110248520.000,0,-,-,-,-,2870.2000,2870.0000,2869.8000,2869.6000,2869.4000,2870.4000,2870.6000,2870.8000,2871.0000,2871.2000,1,21,2,1,2,9,1,2,2,1
SF,IH2006,2020-06-17 14:57:03.700,2870.2000,18074,0,16111109580.000,1,0,1,空换,B,2870.0000,2869.8000,2869.6000,2869.4000,2869.2000,2870.4000,2870.6000,2870.8000,2871.0000,2871.2000,24,2,1,2,4,10,1,2,2,1
SF,IH2006,2020-06-17 14:57:04.200,2870.0000,18075,1,16111970580.000,1,1,0,双开,B,2870.0000,2869.8000,2869.6000,2869.4000,2869.2000,2870.4000,2870.6000,2870.8000,2871.0000,2871.2000,24,2,1,2,4,10,1,2,2,1
SF,IH2006,2020-06-17 14:57:04.700,2870.0000,18075,0,16111970580.000,0,-,-,-,-,2870.0000,2869.8000,2869.6000,2869.4000,2869.2000,2870.4000,2870.6000,2870.8000,2871.0000,2871.2000,25,2,1,2,4,10,1,2,2,1
SF,IH2006,2020-06-17 14:57:05.200,2870.0000,18075,0,16112831580.000,1,0,1,空换,B,2870.0000,2869.8000,2869.6000,2869.4000,2869.2000,2870.4000,2870.6000,2870.8000,2871.0000,2871.2000,25,2,1,2,4,10,1,2,2,1
SF,IH2006,2020-06-17 14:57:06.200,2870.0000,18075,0,16114553580.000,2,1,1,空换,B,2870.0000,2869.8000,2869.6000,2869.4000,2869.2000,2870.4000,2870.6000,2870.8000,2871.0000,2871.2000,23,2,1,2,4,10,1,2,2,1
SF,IH2006,2020-06-17 14:57:06.700,2870.0000,18075,0,16114553580.000,0,-,-,-,-,2870.0000,2869.8000,2869.6000,2869.4000,2869.2000,2870.4000,2870.6000,2870.8000,2871.0000,2871.2000,27,2,1,2,4,10,1,2,2,1
SF,IH2006,2020-06-17 14:57:07.200,2870.4000,18076,1,16115414700.000,1,1,0,双开,B,2870.2000,2870.0000,2869.8000,2869.6000,2869.4000,2870.4000,2870.6000,2870.8000,2871.0000,2871.2000,1,27,3,1,2,9,1,2,2,1
SF,IH2006,2020-06-17 14:57:07.700,2870.2000,18076,0,16116275760.000,1,0,1,空换,B,2870.0000,2869.8000,2869.6000,2869.4000,2869.2000,2870.4000,2870.6000,2870.8000,2871.0000,2871.2000,24,3,1,2,4,10,1,2,2,1
SF,IH2006,2020-06-17 14:57:08.700,2870.4000,18076,0,16117136880.000,1,0,1,空换,B,2870.0000,2869.8000,2869.6000,2869.4000,2869.2000,2870.4000,2870.6000,2870.8000,2871.0000,2871.2000,24,3,1,2,4,9,1,2,2,1
SF,IH2006,2020-06-17 14:57:09.200,2870.0000,18076,0,16118858880.000,2,1,1,空换,B,2870.0000,2869.8000,2869.6000,2869.4000,2869.2000,2870.4000,2870.6000,2870.8000,2871.0000,2871.2000,22,2,1,2,4,9,1,2,2,1
SF,IH2006,2020-06-17 14:57:09.700,2870.4000,18075,-1,16120581120.000,2,0,2,空平,B,2870.0000,2869.8000,2869.6000,2869.4000,2869.2000,2870.4000,2870.6000,2870.8000,2871.0000,2871.2000,24,2,1,2,4,8,1,3,2,1
SF,IH2006,2020-06-17 14:57:10.200,2870.4000,18074,-1,16121442240.000,1,0,1,双平,B,2870.0000,2869.8000,2869.6000,2869.4000,2869.2000,2870.4000,2870.6000,2870.8000,2871.0000,2871.2000,24,2,1,2,4,9,1,4,2,1
SF,IH2006,2020-06-17 14:57:10.700,2870.4000,18074,0,16121442240.000,0,-,-,-,-,2870.2000,2870.0000,2869.8000,2869.6000,2869.4000,2870.4000,2870.6000,2870.8000,2871.0000,2871.2000,1,22,2,1,2,11,1,4,2,1
SF,IH2006,2020-06-17 14:57:11.200,2870.4000,18074,0,16124025480.000,3,1,2,空换,B,2870.0000,2869.8000,2869.6000,2869.4000,2869.2000,2870.2000,2870.4000,2870.8000,2871.0000,2871.2000,22,2,1,2,4,6,11,4,2,1
SF,IH2006,2020-06-17 14:57:11.700,2870.0000,18074,0,16126608480.000,3,1,2,空换,B,2870.0000,2869.8000,2869.6000,2869.4000,2869.2000,2870.2000,2870.4000,2870.8000,2871.0000,2871.2000,19,2,1,2,4,10,7,4,2,1
SF,IH2006,2020-06-17 14:57:12.200,2870.0000,18067,-7,16135218480.000,10,1,9,空平,B,2870.0000,2869.8000,2869.6000,2869.4000,2869.2000,2870.2000,2870.4000,2870.8000,2871.0000,2871.2000,10,2,1,2,4,10,7,4,2,1
SF,IH2006,2020-06-17 14:57:12.700,2870.2000,18073,6,16146411420.000,13,9,4,多开,B,2869.6000,2869.4000,2869.2000,2869.0000,2868.6000,2870.0000,2870.2000,2870.4000,2870.8000,2871.0000,1,2,4,21,3,2,10,7,4,2
SF,IH2006,2020-06-17 14:57:13.200,2870.2000,18073,0,16146411420.000,0,-,-,-,-,2869.6000,2869.4000,2869.2000,2869.0000,2868.6000,2870.0000,2870.2000,2870.4000,2870.8000,2871.0000,1,2,4,21,3,8,5,7,4,2
SF,IH2006,2020-06-17 14:57:13.700,2870.2000,18073,0,16146411420.000,0,-,-,-,-,2869.8000,2869.6000,2869.4000,2869.2000,2869.0000,2870.0000,2870.2000,2870.4000,2870.8000,2871.0000,3,1,2,4,21,8,5,7,4,2
SF,IH2006,2020-06-17 14:57:14.200,2870.0000,18074,1,16147272420.000,1,1,0,双开,B,2869.8000,2869.6000,2869.4000,2869.2000,2869.0000,2870.0000,2870.2000,2870.4000,2870.8000,2871.0000,3,1,2,4,21,7,5,7,4,2
SF,IH2006,2020-06-17 14:57:14.700,2869.8000,18076,2,16148994300.000,2,2,0,双开,B,2869.8000,2869.6000,2869.4000,2869.2000,2869.0000,2870.0000,2870.2000,2870.4000,2870.8000,2871.0000,1,1,2,4,21,8,5,7,4,2
SF,IH2006,2020-06-17 14:57:15.700,2870.0000,18082,6,16154160300.000,6,6,0,双开,B,2869.8000,2869.6000,2869.4000,2869.2000,2869.0000,2870.0000,2870.2000,2870.4000,2870.8000,2871.0000,1,1,2,4,21,3,5,7,4,2
SF,IH2006,2020-06-17 14:57:16.200,2870.0000,18083,1,16156743240.000,3,2,1,多开,B,2869.6000,2869.4000,2869.2000,2869.0000,2868.8000,2870.0000,2870.2000,2870.4000,2870.8000,2871.0000,1,2,4,21,1,1,5,7,4,2
SF,IH2006,2020-06-17 14:57:16.700,2869.8000,18084,1,16157604180.000,1,1,0,双开,B,2869.8000,2869.6000,2869.4000,2869.2000,2869.0000,2870.0000,2870.2000,2870.4000,2870.8000,2871.0000,2,1,2,4,21,1,5,7,3,2
SF,IH2006,2020-06-17 14:57:17.200,2869.8000,18085,1,16158465120.000,1,1,0,双开,B,2869.8000,2869.6000,2869.4000,2869.2000,2869.0000,2870.0000,2870.2000,2870.4000,2870.8000,2871.0000,1,1,2,4,21,1,5,7,3,2
SF,IH2006,2020-06-17 14:57:17.700,2869.8000,18085,0,16159326060.000,1,0,1,空换,B,2869.6000,2869.4000,2869.2000,2869.0000,2868.8000,2870.0000,2870.2000,2870.4000,2870.8000,2871.0000,1,2,4,21,1,1,5,7,3,2
SF,IH2006,2020-06-17 14:57:18.200,2869.8000,18085,0,16159326060.000,0,-,-,-,-,2869.6000,2869.4000,2869.2000,2869.0000,2868.8000,2870.0000,2870.2000,2870.4000,2870.8000,2871.0000,2,2,4,21,1,1,5,7,3,2
SF,IH2006,2020-06-17 14:57:18.700,2869.8000,18085,0,16159326060.000,0,-,-,-,-,2869.6000,2869.4000,2869.2000,2869.0000,2868.8000,2869.8000,2870.0000,2870.2000,2870.4000,2870.8000,3,1,5,21,1,1,1,5,7,3
SF,IH2006,2020-06-17 14:57:19.200,2869.6000,18085,0,16160186940.000,1,0,1,空换,B,2869.6000,2869.2000,2869.0000,2868.8000,2868.6000,2869.8000,2870.0000,2870.2000,2870.4000,2870.8000,2,5,22,1,3,1,1,5,7,3
SF,IH2006,2020-06-17 14:57:19.700,2869.6000,18085,0,16160186940.000,0,-,-,-,-,2869.6000,2869.2000,2869.0000,2868.8000,2868.6000,2869.8000,2870.0000,2870.2000,2870.4000,2870.8000,2,5,22,1,3,3,1,5,7,3
SF,IH2006,2020-06-17 14:57:20.200,2869.6000,18085,0,16160186940.000,0,-,-,-,-,2869.6000,2869.2000,2869.0000,2868.8000,2868.6000,2869.8000,2870.0000,2870.2000,2870.4000,2870.8000,2,5,22,1,3,3,1,5,7,3
SF,IH2006,2020-06-17 14:57:20.700,2869.8000,18086,1,16161047880.000,1,1,0,双开,B,2869.6000,2869.2000,2869.0000,2868.8000,2868.6000,2869.8000,2870.0000,2870.2000,2870.4000,2870.8000,2,5,22,1,3,2,1,5,7,3
SF,IH2006,2020-06-17 14:57:21.200,2869.6000,18088,2,16162769640.000,2,2,0,双开,B,2869.2000,2869.0000,2868.8000,2868.6000,2868.2000,2869.8000,2870.0000,2870.2000,2870.4000,2870.8000,5,22,1,3,2,2,2,5,7,3
SF,IH2006,2020-06-17 14:57:21.700,2869.6000,18088,0,16162769640.000,0,-,-,-,-,2869.2000,2869.0000,2868.8000,2868.6000,2868.2000,2869.8000,2870.0000,2870.2000,2870.4000,2870.8000,6,22,1,3,2,3,2,5,7,3
SF,IH2006,2020-06-17 14:57:22.700,2870.0000,18091,3,16167074460.000,5,4,1,多开,B,2869.2000,2869.0000,2868.8000,2868.6000,2868.2000,2870.2000,2870.4000,2870.8000,2871.0000,2871.2000,6,22,1,3,2,5,7,3,2,1
SF,IH2006,2020-06-17 14:57:23.200,2870.0000,18091,0,16167074460.000,0,-,-,-,-,2869.4000,2869.2000,2869.0000,2868.8000,2868.6000,2870.0000,2870.2000,2870.4000,2870.8000,2871.0000,6,6,22,1,3,7,6,8,3,2
SF,IH2006,2020-06-17 14:57:23.700,2870.0000,18091,0,16167074460.000,0,-,-,-,-,2869.6000,2869.4000,2869.2000,2869.0000,2868.8000,2870.0000,2870.2000,2870.4000,2870.8000,2871.0000,4,6,6,22,1,7,6,8,3,2
SF,IH2006,2020-06-17 14:57:24.200,2870.2000,18098,7,16174823160.000,9,8,1,多开,B,2869.6000,2869.4000,2869.2000,2869.0000,2868.8000,2870.0000,2870.2000,2870.4000,2870.8000,2871.0000,1,4,9,22,1,1,2,8,3,2
SF,IH2006,2020-06-17 14:57:24.700,2870.0000,18098,0,16175684160.000,1,0,1,空换,B,2869.6000,2869.4000,2869.2000,2869.0000,2868.8000,2870.2000,2870.4000,2870.8000,2871.0000,2871.2000,1,5,9,22,1,2,8,3,2,1
SF,IH2006,2020-06-17 14:57:25.200,2870.0000,18098,0,16175684160.000,0,-,-,-,-,2869.6000,2869.4000,2869.2000,2869.0000,2868.8000,2870.2000,2870.4000,2870.8000,2871.0000,2871.2000,3,5,9,22,1,2,8,3,2,1
SF,IH2006,2020-06-17 14:57:25.700,2870.0000,18098,0,16175684160.000,0,-,-,-,-,2869.8000,2869.6000,2869.4000,2869.2000,2869.0000,2870.2000,2870.4000,2870.8000,2871.0000,2871.2000,1,3,5,10,22,2,8,3,2,1
SF,IH2006,2020-06-17 14:57:26.200,2870.0000,18098,0,16175684160.000,0,-,-,-,-,2870.0000,2869.8000,2869.6000,2869.4000,2869.2000,2870.2000,2870.4000,2870.8000,2871.0000,2871.2000,1,2,2,5,10,2,8,3,2,1
SF,IH2006,2020-06-17 14:57:26.700,2870.0000,18098,0,16176545160.000,1,0,1,空换,B,2869.8000,2869.6000,2869.4000,2869.2000,2869.0000,2870.2000,2870.4000,2870.8000,2871.0000,2871.2000,2,2,5,10,22,2,8,3,2,1
SF,IH2006,2020-06-17 14:57:28.200,2870.0000,18098,0,16176545160.000,0,-,-,-,-,2869.8000,2869.6000,2869.4000,2869.2000,2869.0000,2870.2000,2870.4000,2870.8000,2871.0000,2871.2000,4,2,5,10,22,2,8,3,2,1
SF,IH2006,2020-06-17 14:57:29.200,2869.8000,18099,1,16178267040.000,2,1,1,多开,B,2869.8000,2869.6000,2869.4000,2869.2000,2869.0000,2870.2000,2870.4000,2870.8000,2871.0000,2871.2000,2,2,5,10,22,10,8,3,2,1
SF,IH2006,2020-06-17 14:57:29.700,2869.8000,18099,0,16178267040.000,0,-,-,-,-,2869.8000,2869.6000,2869.4000,2869.2000,2869.0000,2870.2000,2870.4000,2870.8000,2871.0000,2871.2000,3,2,5,10,22,10,8,4,2,1
SF,IH2006,2020-06-17 14:57:30.700,2869.8000,18096,-3,16180849860.000,3,0,3,双平,B,2869.6000,2869.4000,2869.2000,2869.0000,2868.8000,2870.2000,2870.4000,2870.8000,2871.0000,2871.2000,2,5,10,22,1,10,8,4,2,1
SF,IH2006,2020-06-17 14:57:31.200,2869.8000,18096,0,16180849860.000,0,-,-,-,-,2869.6000,2869.4000,2869.2000,2869.0000,2868.8000,2870.2000,2870.4000,2870.8000,2871.0000,2871.2000,4,5,10,22,1,10,9,4,2,1
SF,IH2006,2020-06-17 14:57:31.700,2869.8000,18096,0,16180849860.000,0,-,-,-,-,2869.6000,2869.4000,2869.2000,2869.0000,2868.8000,2870.2000,2870.4000,2870.8000,2871.0000,2871.2000,4,5,10,22,1,10,9,4,2,1
SF,IH2006,2020-06-17 14:57:33.700,2870.2000,18098,2,16183433040.000,3,2,1,多开,B,2869.6000,2869.4000,2869.2000,2869.0000,2868.8000,2870.2000,2870.4000,2870.8000,2871.0000,2871.2000,4,5,10,22,1,7,9,4,2,1
SF,IH2006,2020-06-17 14:57:34.200,2870.2000,18098,0,16183433040.000,0,-,-,-,-,2869.8000,2869.6000,2869.4000,2869.2000,2869.0000,2870.2000,2870.4000,2870.8000,2871.0000,2871.2000,1,4,5,10,22,7,9,4,2,1
SF,IH2006,2020-06-17 14:57:34.700,2870.2000,18098,0,16183433040.000,0,-,-,-,-,2869.8000,2869.6000,2869.4000,2869.2000,2869.0000,2870.0000,2870.2000,2870.4000,2870.8000,2871.0000,1,4,5,10,22,1,7,9,4,2
SF,IH2006,2020-06-17 14:57:35.200,2870.2000,18098,0,16183433040.000,0,-,-,-,-,2869.8000,2869.6000,2869.4000,2869.2000,2869.0000,2870.0000,2870.2000,2870.4000,2870.8000,2871.0000,2,4,5,10,22,1,7,9,4,2
SF,IH2006,2020-06-17 14:57:35.700,2870.2000,18098,0,16183433040.000,0,-,-,-,-,2869.8000,2869.6000,2869.4000,2869.2000,2869.0000,2870.0000,2870.2000,2870.4000,2870.8000,2871.0000,2,4,5,10,22,1,7,10,4,2
SF,IH2006,2020-06-17 14:57:36.200,2870.2000,18098,0,16183433040.000,0,-,-,-,-,2869.8000,2869.6000,2869.4000,2869.2000,2869.0000,2870.0000,2870.2000,2870.4000,2870.8000,2871.0000,3,4,5,10,22,1,7,10,4,2
SF,IH2006,2020-06-17 14:57:37.200,2870.0000,18098,0,16184294040.000,1,0,1,空换,B,2870.0000,2869.8000,2869.6000,2869.4000,2869.2000,2870.2000,2870.4000,2870.8000,2871.0000,2871.2000,3,2,4,5,10,7,10,4,2,1
SF,IH2006,2020-06-17 14:57:38.200,2870.0000,18098,0,16184294040.000,0,-,-,-,-,2870.0000,2869.8000,2869.6000,2869.4000,2869.2000,2870.2000,2870.4000,2870.8000,2871.0000,2871.4000,4,2,4,5,10,8,10,4,2,1
SF,IH2006,2020-06-17 14:57:38.700,2870.2000,18097,-1,16185155100.000,1,0,1,双平,B,2870.0000,2869.8000,2869.6000,2869.4000,2869.2000,2870.2000,2870.4000,2870.8000,2871.0000,2871.4000,4,2,4,5,10,7,10,4,2,1
SF,IH2006,2020-06-17 14:57:40.200,2870.2000,18097,0,16186016160.000,1,0,1,空换,B,2870.0000,2869.8000,2869.6000,2869.4000,2869.2000,2870.2000,2870.4000,2870.8000,2871.0000,2871.4000,5,2,4,5,10,6,10,4,2,1
SF,IH2006,2020-06-17 14:57:41.200,2870.2000,18097,0,16186016160.000,0,-,-,-,-,2870.0000,2869.8000,2869.6000,2869.4000,2869.2000,2870.2000,2870.4000,2870.8000,2871.0000,2871.4000,5,2,4,5,10,7,10,4,2,1
SF,IH2006,2020-06-17 14:57:41.700,2870.0000,18098,1,16186877160.000,1,1,0,双开,B,2870.0000,2869.8000,2869.6000,2869.4000,2869.2000,2870.2000,2870.4000,2870.8000,2871.0000,2871.4000,4,2,4,6,10,7,10,4,2,1
SF,IH2006,2020-06-17 14:57:43.700,2870.0000,18098,0,16191182400.000,5,2,3,空换,B,2870.0000,2869.8000,2869.6000,2869.4000,2869.2000,2870.2000,2870.4000,2870.8000,2871.0000,2871.4000,3,3,4,6,10,3,10,4,2,1
SF,IH2006,2020-06-17 14:57:44.200,2870.0000,18101,3,16195487580.000,5,4,1,多开,B,2870.0000,2869.8000,2869.6000,2869.4000,2869.2000,2870.4000,2870.8000,2871.0000,2871.4000,2872.0000,1,3,4,6,10,10,4,2,1,1
SF,IH2006,2020-06-17 14:57:44.700,2870.0000,18101,0,16195487580.000,0,-,-,-,-,2870.0000,2869.8000,2869.6000,2869.4000,2869.2000,2870.2000,2870.4000,2870.8000,2871.0000,2871.4000,1,3,4,6,10,1,10,4,2,1
SF,IH2006,2020-06-17 14:57:45.200,2869.8000,18101,0,16199792400.000,5,2,3,空换,B,2869.6000,2869.4000,2869.2000,2869.0000,2868.8000,2869.8000,2870.2000,2870.4000,2870.8000,2871.0000,4,6,10,22,1,2,1,10,4,2
SF,IH2006,2020-06-17 14:57:45.700,2869.8000,18100,-1,16202375220.000,3,1,2,空平,B,2869.8000,2869.6000,2869.4000,2869.2000,2869.0000,2870.4000,2870.8000,2871.0000,2871.4000,2872.0000,1,2,3,10,22,10,4,2,1,1
SF,IH2006,2020-06-17 14:57:46.200,2869.8000,18100,0,16202375220.000,0,-,-,-,-,2869.8000,2869.6000,2869.4000,2869.2000,2869.0000,2870.4000,2870.8000,2871.0000,2871.4000,2872.0000,1,2,3,11,21,12,4,2,1,1
SF,IH2006,2020-06-17 14:57:46.700,2870.2000,18100,0,16204097220.000,2,1,1,空换,B,2869.6000,2869.4000,2869.2000,2869.0000,2868.8000,2870.4000,2870.8000,2871.0000,2871.4000,2872.0000,1,3,11,21,1,14,4,2,1,1
SF,IH2006,2020-06-17 14:57:47.200,2870.2000,18100,0,16204097220.000,0,-,-,-,-,2869.6000,2869.4000,2869.2000,2869.0000,2868.8000,2870.4000,2870.8000,2871.0000,2871.4000,2872.0000,1,3,11,21,1,17,4,2,1,1
SF,IH2006,2020-06-17 14:57:47.700,2870.2000,18100,0,16204097220.000,0,-,-,-,-,2869.6000,2869.4000,2869.2000,2869.0000,2868.8000,2870.2000,2870.4000,2870.8000,2871.0000,2871.4000,1,2,11,21,1,2,17,3,1,1
SF,IH2006,2020-06-17 14:57:48.200,2869.6000,18099,-1,16204958100.000,1,0,1,双平,B,2869.8000,2869.4000,2869.2000,2869.0000,2868.8000,2870.2000,2870.4000,2870.8000,2871.0000,2871.4000,1,2,11,21,1,8,11,3,1,1
SF,IH2006,2020-06-17 14:57:48.700,2869.6000,18099,0,16204958100.000,0,-,-,-,-,2869.8000,2869.4000,2869.2000,2869.0000,2868.8000,2870.0000,2870.2000,2870.4000,2870.8000,2871.0000,1,2,11,21,1,1,8,11,3,1
SF,IH2006,2020-06-17 14:57:49.200,2869.8000,18100,1,16205819040.000,1,1,0,双开,B,2869.4000,2869.2000,2869.0000,2868.8000,2868.6000,2869.6000,2869.8000,2870.0000,2870.2000,2870.4000,2,11,21,1,3,1,2,7,2,11
SF,IH2006,2020-06-17 14:57:49.700,2869.2000,18105,5,16210983780.000,6,5,1,多开,B,2869.2000,2869.0000,2868.8000,2868.6000,2868.2000,2869.6000,2869.8000,2870.0000,2870.2000,2870.4000,7,21,1,3,2,1,2,1,2,11
SF,IH2006,2020-06-17 14:57:50.200,2869.4000,18109,4,16216148820.000,6,5,1,多开,B,2869.2000,2869.0000,2868.8000,2868.6000,2868.2000,2869.8000,2870.2000,2870.4000,2870.8000,2871.0000,7,21,1,3,2,1,2,11,3,1
SF,IH2006,2020-06-17 14:57:50.700,2869.4000,18109,0,16216148820.000,0,-,-,-,-,2869.4000,2869.2000,2869.0000,2868.8000,2868.6000,2869.8000,2870.2000,2870.4000,2870.8000,2871.0000,1,8,21,1,3,1,2,11,3,1
SF,IH2006,2020-06-17 14:57:51.200,2869.4000,18109,0,16216148820.000,0,-,-,-,-,2869.4000,2869.2000,2869.0000,2868.8000,2868.6000,2869.8000,2870.2000,2870.4000,2870.8000,2871.0000,1,8,21,1,3,1,1,11,3,1
SF,IH2006,2020-06-17 14:57:51.700,2869.8000,18110,1,16217009760.000,1,1,0,双开,B,2869.4000,2869.2000,2869.0000,2868.8000,2868.6000,2870.2000,2870.4000,2870.8000,2871.0000,2871.4000,1,8,21,2,3,1,11,3,1,1
SF,IH2006,2020-06-17 14:57:52.200,2870.2000,18111,1,16217870820.000,1,1,0,双开,B,2869.2000,2869.0000,2868.8000,2868.6000,2868.2000,2870.4000,2870.8000,2871.0000,2871.4000,2872.0000,8,21,2,3,2,11,3,1,1,1
SF,IH2006,2020-06-17 14:57:52.700,2870.2000,18111,0,16217870820.000,0,-,-,-,-,2869.4000,2869.2000,2869.0000,2868.8000,2868.6000,2870.2000,2870.4000,2870.8000,2871.0000,2871.4000,8,8,21,2,3,3,10,3,1,1
SF,IH2006,2020-06-17 14:57:53.200,2870.2000,18111,0,16217870820.000,0,-,-,-,-,2869.8000,2869.6000,2869.4000,2869.2000,2869.0000,2870.2000,2870.4000,2870.8000,2871.0000,2871.4000,1,1,9,8,21,3,10,3,1,1
SF,IH2006,2020-06-17 14:57:53.700,2869.8000,18113,2,16221315060.000,4,3,1,多开,B,2869.8000,2869.6000,2869.4000,2869.2000,2869.0000,2870.4000,2870.8000,2871.0000,2871.4000,2872.0000,1,1,4,8,21,8,3,1,1,1
SF,IH2006,2020-06-17 14:57:54.200,2869.8000,18115,2,16223036940.000,2,2,0,双开,B,2869.6000,2869.4000,2869.2000,2869.0000,2868.8000,2870.2000,2870.4000,2870.8000,2871.0000,2871.4000,1,3,8,21,2,1,8,3,1,1
SF,IH2006,2020-06-17 14:57:54.700,2869.8000,18115,0,16223036940.000,0,-,-,-,-,2869.4000,2869.2000,2869.0000,2868.8000,2868.6000,2870.0000,2870.2000,2870.4000,2870.8000,2871.0000,3,8,21,2,3,1,1,8,3,1
SF,IH2006,2020-06-17 14:57:55.200,2869.8000,18116,1,16223897880.000,1,1,0,双开,B,2869.4000,2869.2000,2869.0000,2868.8000,2868.6000,2870.0000,2870.2000,2870.4000,2870.8000,2871.0000,3,8,21,2,3,1,1,8,3,1
SF,IH2006,2020-06-17 14:57:55.700,2869.8000,18116,0,16223897880.000,0,-,-,-,-,2869.4000,2869.2000,2869.0000,2868.8000,2868.6000,2870.2000,2870.4000,2870.8000,2871.0000,2871.4000,3,8,21,2,3,1,8,3,1,1
SF,IH2006,2020-06-17 14:57:56.200,2869.8000,18116,0,16223897880.000,0,-,-,-,-,2869.4000,2869.2000,2869.0000,2868.8000,2868.6000,2870.2000,2870.4000,2870.8000,2871.0000,2871.4000,4,8,21,2,3,2,8,2,1,1
SF,IH2006,2020-06-17 14:57:56.700,2869.6000,18116,0,16224758760.000,1,0,1,空换,B,2869.4000,2869.2000,2869.0000,2868.8000,2868.6000,2870.2000,2870.4000,2870.8000,2871.0000,2871.4000,7,8,21,2,3,3,8,2,1,1
SF,IH2006,2020-06-17 14:57:57.200,2869.6000,18116,0,16224758760.000,0,-,-,-,-,2869.4000,2869.2000,2869.0000,2868.8000,2868.6000,2870.2000,2870.4000,2870.8000,2871.0000,2871.4000,7,8,21,2,3,3,8,2,1,1
SF,IH2006,2020-06-17 14:57:57.700,2869.6000,18116,0,16224758760.000,0,-,-,-,-,2869.6000,2869.4000,2869.2000,2869.0000,2868.8000,2870.0000,2870.2000,2870.4000,2870.8000,2871.0000,2,7,8,21,2,1,3,8,2,1
SF,IH2006,2020-06-17 14:57:58.200,2870.0000,18117,1,16225619760.000,1,1,0,双开,B,2869.6000,2869.4000,2869.2000,2869.0000,2868.8000,2870.0000,2870.2000,2870.4000,2870.8000,2871.0000,2,7,8,21,2,2,4,8,2,1
SF,IH2006,2020-06-17 14:57:58.700,2870.2000,18121,4,16229063880.000,4,4,0,双开,B,2869.6000,2869.4000,2869.2000,2869.0000,2868.8000,2869.8000,2870.2000,2870.4000,2870.8000,2871.0000,2,7,8,21,2,1,2,8,2,1
SF,IH2006,2020-06-17 14:57:59.200,2869.8000,18121,0,16229924820.000,1,0,1,空换,B,2869.6000,2869.4000,2869.2000,2869.0000,2868.8000,2869.8000,2870.0000,2870.2000,2870.4000,2870.8000,3,4,8,21,2,1,3,2,8,2
SF,IH2006,2020-06-17 14:57:59.700,2869.6000,18123,2,16232507460.000,3,2,1,多开,B,2869.4000,2869.2000,2869.0000,2868.8000,2868.6000,2869.8000,2870.0000,2870.2000,2870.4000,2870.8000,4,8,21,2,3,1,3,2,9,2
SF,IH2006,2020-06-17 14:58:00.700,2870.2000,18126,3,16238534220.000,7,5,2,多开,B,2869.8000,2869.4000,2869.2000,2869.0000,2868.8000,2870.2000,2870.4000,2870.8000,2871.0000,2871.4000,3,3,8,21,2,1,9,2,1,1
SF,IH2006,2020-06-17 14:58:01.200,2870.2000,18129,3,16245422940.000,8,5,3,多开,B,2869.8000,2869.4000,2869.2000,2869.0000,2868.8000,2870.4000,2870.8000,2871.0000,2871.4000,2872.0000,3,3,8,21,2,5,2,1,1,1
SF,IH2006,2020-06-17 14:58:01.700,2870.4000,18136,7,16251450780.000,7,7,0,双开,B,2869.8000,2869.4000,2869.2000,2869.0000,2868.8000,2870.8000,2871.0000,2871.4000,2872.0000,2872.4000,3,3,8,21,2,2,1,1,1,1
SF,IH2006,2020-06-17 14:58:02.200,2870.8000,18142,6,16257479100.000,7,6,1,多开,B,2870.0000,2869.8000,2869.4000,2869.2000,2869.0000,2870.8000,2871.0000,2871.4000,2872.0000,2872.4000,2,4,3,8,21,2,1,1,1,1
SF,IH2006,2020-06-17 14:58:02.700,2870.8000,18142,0,16259201400.000,2,1,1,空换,B,2870.2000,2870.0000,2869.8000,2869.4000,2869.2000,2870.8000,2871.0000,2871.4000,2872.0000,2872.4000,2,2,4,3,8,2,1,1,1,1
SF,IH2006,2020-06-17 14:58:03.200,2870.8000,18144,2,16261785120.000,3,2,1,多开,B,2870.2000,2870.0000,2869.8000,2869.4000,2869.2000,2871.0000,2871.4000,2872.0000,2872.4000,2872.8000,2,2,2,3,8,1,1,1,1,3
SF,IH2006,2020-06-17 14:58:03.700,2870.2000,18146,2,16266952080.000,6,4,2,多开,B,2870.0000,2869.8000,2869.4000,2869.2000,2869.0000,2870.2000,2870.6000,2870.8000,2871.4000,2872.0000,3,1,3,8,21,1,1,2,1,1
SF,IH2006,2020-06-17 14:58:04.200,2869.4000,18145,-1,16272117900.000,6,2,4,空平,B,2870.0000,2869.4000,2869.2000,2869.0000,2868.8000,2870.6000,2870.8000,2871.4000,2872.0000,2872.4000,1,3,8,21,2,1,2,1,1,1
SF,IH2006,2020-06-17 14:58:04.700,2870.6000,18145,0,16272979080.000,1,0,1,空换,B,2870.0000,2869.4000,2869.2000,2869.0000,2868.8000,2870.2000,2871.4000,2872.0000,2872.4000,2872.8000,1,3,8,21,2,1,1,1,1,3
SF,IH2006,2020-06-17 14:58:05.200,2870.2000,18146,1,16273840140.000,1,1,0,双开,B,2870.0000,2869.4000,2869.2000,2869.0000,2868.8000,2870.4000,2871.4000,2872.0000,2872.4000,2872.8000,1,3,8,21,2,1,1,1,1,3
SF,IH2006,2020-06-17 14:58:05.700,2870.0000,18148,2,16275562140.000,2,2,0,双开,B,2869.4000,2869.2000,2869.0000,2868.8000,2868.6000,2870.4000,2871.4000,2872.0000,2872.4000,2872.8000,3,8,21,2,3,1,1,1,1,3
SF,IH2006,2020-06-17 14:58:06.200,2870.0000,18148,0,16275562140.000,0,-,-,-,-,2869.8000,2869.6000,2869.4000,2869.2000,2869.0000,2870.2000,2870.4000,2871.2000,2871.4000,2872.0000,2,3,3,8,21,2,1,6,1,1
SF,IH2006,2020-06-17 14:58:06.700,2870.0000,18148,0,16275562140.000,0,-,-,-,-,2869.4000,2869.2000,2869.0000,2868.8000,2868.6000,2870.2000,2870.4000,2871.4000,2872.0000,2872.4000,3,8,21,2,3,1,1,1,1,1
SF,IH2006,2020-06-17 14:58:07.200,2870.0000,18148,0,16275562140.000,0,-,-,-,-,2869.8000,2869.4000,2869.2000,2869.0000,2868.8000,2870.2000,2870.4000,2871.4000,2872.0000,2872.4000,1,3,8,21,2,1,1,1,1,1
SF,IH2006,2020-06-17 14:58:07.700,2870.2000,18149,1,16276423200.000,1,1,0,双开,B,2869.8000,2869.4000,2869.2000,2869.0000,2868.8000,2870.4000,2871.4000,2872.0000,2872.4000,2872.8000,1,3,8,21,2,1,1,1,1,3
SF,IH2006,2020-06-17 14:58:08.200,2870.2000,18149,0,16276423200.000,0,-,-,-,-,2869.8000,2869.4000,2869.2000,2869.0000,2868.8000,2870.0000,2870.4000,2871.4000,2872.0000,2872.4000,1,3,8,21,2,1,3,1,1,1
SF,IH2006,2020-06-17 14:58:08.700,2869.8000,18151,2,16278145080.000,2,2,0,双开,B,2869.4000,2869.2000,2869.0000,2868.8000,2868.6000,2869.8000,2870.0000,2871.4000,2872.0000,2872.4000,3,8,21,2,3,1,3,1,1,1
SF,IH2006,2020-06-17 14:58:09.200,2869.8000,18151,0,16278145080.000,0,-,-,-,-,2869.4000,2869.2000,2869.0000,2868.8000,2868.6000,2869.8000,2870.0000,2871.0000,2871.4000,2872.0000,4,8,21,2,3,4,1,1,1,1
SF,IH2006,2020-06-17 14:58:09.700,2869.8000,18151,0,16278145080.000,0,-,-,-,-,2869.4000,2869.2000,2869.0000,2868.8000,2868.6000,2869.8000,2870.0000,2870.2000,2871.0000,2871.4000,4,8,21,2,3,6,1,1,1,1
SF,IH2006,2020-06-17 14:58:10.200,2869.8000,18151,0,16278145080.000,0,-,-,-,-,2869.4000,2869.2000,2869.0000,2868.8000,2868.6000,2869.8000,2870.0000,2870.2000,2871.0000,2871.4000,4,8,21,2,3,6,1,1,1,1
SF,IH2006,2020-06-17 14:58:10.700,2869.4000,18152,1,16279005900.000,1,1,0,双开,B,2869.6000,2869.4000,2869.2000,2869.0000,2868.8000,2869.8000,2870.0000,2870.2000,2871.0000,2871.4000,2,3,8,21,2,7,1,1,1,1
SF,IH2006,2020-06-17 14:58:11.200,2869.4000,18152,0,16279005900.000,0,-,-,-,-,2869.6000,2869.4000,2869.2000,2869.0000,2868.8000,2869.8000,2870.0000,2870.2000,2871.0000,2871.4000,2,6,8,21,2,10,1,1,1,1
SF,IH2006,2020-06-17 14:58:11.700,2869.6000,18156,4,16282449540.000,4,4,0,双开,B,2869.4000,2869.2000,2869.0000,2868.8000,2868.6000,2869.8000,2870.0000,2870.2000,2871.0000,2871.4000,6,8,21,2,3,8,1,1,1,1
SF,IH2006,2020-06-17 14:58:12.200,2869.8000,18157,1,16283310480.000,1,1,0,双开,B,2869.4000,2869.2000,2869.0000,2868.8000,2868.6000,2869.8000,2870.0000,2870.2000,2871.0000,2871.4000,6,8,21,2,3,8,1,1,1,1
SF,IH2006,2020-06-17 14:58:12.700,2869.8000,18156,-1,16284171420.000,1,0,1,双平,B,2869.4000,2869.2000,2869.0000,2868.8000,2868.6000,2869.8000,2870.2000,2871.0000,2871.4000,2871.8000,6,8,21,2,3,10,1,1,1,1
SF,IH2006,2020-06-17 14:58:13.200,2869.8000,18156,0,16284171420.000,0,-,-,-,-,2869.4000,2869.2000,2869.0000,2868.8000,2868.6000,2869.8000,2870.2000,2871.0000,2871.4000,2871.8000,6,8,21,2,3,10,1,1,1,1
SF,IH2006,2020-06-17 14:58:13.700,2869.8000,18159,3,16286754240.000,3,3,0,双开,B,2869.4000,2869.2000,2869.0000,2868.8000,2868.6000,2869.8000,2870.2000,2871.0000,2871.4000,2871.8000,6,9,21,3,3,7,2,1,1,1
SF,IH2006,2020-06-17 14:58:14.200,2869.8000,18159,0,16286754240.000,0,-,-,-,-,2869.4000,2869.2000,2869.0000,2868.8000,2868.6000,2869.8000,2870.2000,2871.0000,2871.4000,2871.8000,6,9,21,3,3,7,2,1,1,1
SF,IH2006,2020-06-17 14:58:14.700,2869.8000,18159,0,16286754240.000,0,-,-,-,-,2869.4000,2869.2000,2869.0000,2868.8000,2868.6000,2869.6000,2869.8000,2870.2000,2871.0000,2871.4000,6,8,21,3,3,1,7,2,1,1
SF,IH2006,2020-06-17 14:58:15.200,2869.8000,18159,0,16286754240.000,0,-,-,-,-,2869.4000,2869.2000,2869.0000,2868.8000,2868.6000,2869.6000,2869.8000,2870.2000,2871.0000,2871.4000,6,8,21,3,3,5,3,2,1,1
SF,IH2006,2020-06-17 14:58:16.200,2869.8000,18159,0,16286754240.000,0,-,-,-,-,2869.4000,2869.2000,2869.0000,2868.8000,2868.6000,2869.6000,2869.8000,2870.2000,2871.0000,2871.4000,6,8,21,3,3,5,4,2,1,1
SF,IH2006,2020-06-17 14:58:16.700,2869.4000,18161,2,16288475880.000,2,2,0,双开,B,2869.4000,2869.2000,2869.0000,2868.8000,2868.6000,2869.6000,2869.8000,2870.2000,2871.0000,2871.4000,4,8,21,3,3,5,5,2,1,1
SF,IH2006,2020-06-17 14:58:17.200,2869.4000,18161,0,16288475880.000,0,-,-,-,-,2869.4000,2869.2000,2869.0000,2868.8000,2868.6000,2869.6000,2869.8000,2870.2000,2871.0000,2871.4000,4,9,21,3,3,4,5,2,1,1
SF,IH2006,2020-06-17 14:58:17.700,2869.4000,18161,0,16288475880.000,0,-,-,-,-,2869.4000,2869.2000,2869.0000,2868.8000,2868.6000,2869.6000,2869.8000,2870.2000,2871.0000,2871.4000,4,9,21,3,3,4,6,2,1,1
SF,IH2006,2020-06-17 14:58:18.200,2869.6000,18162,1,16290197580.000,2,1,1,多开,B,2869.4000,2869.2000,2869.0000,2868.8000,2868.6000,2869.6000,2869.8000,2870.0000,2870.2000,2871.0000,3,9,21,3,3,3,6,1,2,1
SF,IH2006,2020-06-17 14:58:18.700,2869.6000,18162,0,16290197580.000,0,-,-,-,-,2869.4000,2869.2000,2869.0000,2868.8000,2868.6000,2869.6000,2869.8000,2870.0000,2870.2000,2871.0000,3,9,21,4,3,3,6,1,2,1
SF,IH2006,2020-06-17 14:58:19.700,2869.4000,18162,0,16291058400.000,1,0,1,空换,B,2869.4000,2869.2000,2869.0000,2868.8000,2868.6000,2869.6000,2869.8000,2870.0000,2870.2000,2871.0000,2,9,21,4,3,3,6,1,2,1
SF,IH2006,2020-06-17 14:58:20.200,2869.4000,18162,0,16291919220.000,1,0,1,空换,B,2869.4000,2869.2000,2869.0000,2868.8000,2868.6000,2869.6000,2869.8000,2870.0000,2870.2000,2871.0000,1,9,21,4,3,3,6,1,2,1
SF,IH2006,2020-06-17 14:58:20.700,2869.6000,18164,2,16294501800.000,3,2,1,多开,B,2869.2000,2869.0000,2868.8000,2868.6000,2868.4000,2869.6000,2869.8000,2870.0000,2870.2000,2871.0000,9,21,4,3,2,1,6,1,2,1
SF,IH2006,2020-06-17 14:58:23.200,2869.6000,18164,0,16295362680.000,1,0,1,空换,B,2869.2000,2869.0000,2868.8000,2868.6000,2868.4000,2869.8000,2870.0000,2870.2000,2871.0000,2871.4000,9,21,4,3,2,7,1,2,1,1
SF,IH2006,2020-06-17 14:58:23.700,2869.2000,18164,0,16296223440.000,1,0,1,空换,B,2869.2000,2869.0000,2868.8000,2868.6000,2868.4000,2869.8000,2870.0000,2870.2000,2871.0000,2871.4000,8,21,4,3,2,7,1,2,1,1
SF,IH2006,2020-06-17 14:58:25.700,2869.2000,18164,0,16296223440.000,0,-,-,-,-,2869.2000,2869.0000,2868.8000,2868.6000,2868.4000,2869.6000,2869.8000,2870.0000,2870.2000,2871.0000,8,21,4,3,2,1,7,1,2,1
SF,IH2006,2020-06-17 14:58:26.200,2869.6000,18164,0,16297084320.000,1,0,1,空换,B,2869.6000,2869.2000,2869.0000,2868.8000,2868.6000,2869.8000,2870.0000,2870.2000,2871.0000,2871.4000,1,8,21,4,3,7,1,2,1,1
SF,IH2006,2020-06-17 14:58:26.700,2869.2000,18161,-3,16301388240.000,5,1,4,空平,B,2869.2000,2869.0000,2868.8000,2868.6000,2868.4000,2869.8000,2870.0000,2870.2000,2870.4000,2871.0000,4,21,4,3,2,7,1,2,1,1
SF,IH2006,2020-06-17 14:58:27.200,2869.8000,18161,0,16302249180.000,1,0,1,空换,B,2869.2000,2869.0000,2868.8000,2868.6000,2868.4000,2869.8000,2870.0000,2870.2000,2870.4000,2871.0000,4,21,4,3,2,7,1,2,1,1
SF,IH2006,2020-06-17 14:58:27.700,2869.8000,18161,0,16302249180.000,0,-,-,-,-,2869.2000,2869.0000,2868.8000,2868.6000,2868.4000,2869.8000,2870.0000,2870.2000,2870.4000,2871.0000,4,21,4,3,2,7,1,2,1,1
SF,IH2006,2020-06-17 14:58:28.200,2869.8000,18161,0,16302249180.000,0,-,-,-,-,2869.2000,2869.0000,2868.8000,2868.6000,2868.4000,2869.8000,2870.0000,2870.2000,2870.4000,2871.0000,4,21,4,3,2,11,1,2,1,1
SF,IH2006,2020-06-17 14:58:28.700,2869.8000,18161,0,16302249180.000,0,-,-,-,-,2869.4000,2869.2000,2869.0000,2868.8000,2868.6000,2869.8000,2870.0000,2870.2000,2870.4000,2871.0000,1,4,21,4,3,11,1,2,1,1
SF,IH2006,2020-06-17 14:58:29.700,2869.8000,18161,0,16302249180.000,0,-,-,-,-,2869.4000,2869.2000,2869.0000,2868.8000,2868.6000,2869.8000,2870.0000,2870.2000,2870.4000,2871.0000,1,5,21,4,3,11,1,2,1,1
SF,IH2006,2020-06-17 14:58:30.200,2869.8000,18161,0,16303110120.000,1,0,1,空换,B,2869.4000,2869.2000,2869.0000,2868.8000,2868.6000,2869.6000,2869.8000,2870.2000,2870.4000,2871.0000,1,6,21,4,3,1,11,2,1,1
SF,IH2006,2020-06-17 14:58:30.700,2869.8000,18163,2,16308275400.000,6,4,2,多开,B,2869.2000,2869.0000,2868.8000,2868.6000,2868.4000,2869.8000,2870.2000,2870.4000,2871.0000,2871.4000,5,21,4,3,2,9,2,1,1,1
SF,IH2006,2020-06-17 14:58:31.200,2869.8000,18164,1,16309997100.000,2,1,1,多开,B,2869.2000,2869.0000,2868.8000,2868.6000,2868.4000,2869.8000,2870.2000,2870.4000,2871.0000,2871.4000,4,21,4,3,2,8,2,1,1,1
SF,IH2006,2020-06-17 14:58:31.700,2869.8000,18164,0,16310858040.000,1,0,1,空换,B,2869.6000,2869.2000,2869.0000,2868.8000,2868.6000,2869.8000,2870.2000,2870.4000,2871.0000,2871.4000,1,4,21,4,3,8,2,1,1,1
SF,IH2006,2020-06-17 14:58:32.200,2869.8000,18163,-1,16312579920.000,2,0,2,空平,B,2869.6000,2869.2000,2869.0000,2868.8000,2868.6000,2869.8000,2870.2000,2870.4000,2871.0000,2871.4000,1,4,21,4,3,7,2,1,1,1
SF,IH2006,2020-06-17 14:58:32.700,2869.8000,18163,0,16314301800.000,2,1,1,空换,B,2869.6000,2869.2000,2869.0000,2868.8000,2868.6000,2869.8000,2870.2000,2870.4000,2871.0000,2871.4000,1,4,21,4,3,5,2,1,1,1
SF,IH2006,2020-06-17 14:58:33.200,2869.8000,18163,0,16315162740.000,1,0,1,空换,B,2869.6000,2869.2000,2869.0000,2868.8000,2868.6000,2869.8000,2870.2000,2870.4000,2871.0000,2871.4000,1,4,21,4,3,4,2,1,1,1
SF,IH2006,2020-06-17 14:58:33.700,2869.8000,18163,0,16315162740.000,0,-,-,-,-,2869.6000,2869.2000,2869.0000,2868.8000,2868.6000,2869.8000,2870.2000,2870.4000,2870.8000,2871.0000,1,4,21,4,3,4,2,1,1,1
SF,IH2006,2020-06-17 14:58:34.200,2869.8000,18163,0,16315162740.000,0,-,-,-,-,2869.6000,2869.2000,2869.0000,2868.8000,2868.6000,2869.8000,2870.2000,2870.4000,2870.8000,2871.0000,1,5,21,4,3,4,2,1,1,1
SF,IH2006,2020-06-17 14:58:35.700,2869.8000,18163,0,16317745560.000,3,1,2,空换,B,2869.6000,2869.4000,2869.2000,2869.0000,2868.8000,2869.8000,2870.2000,2870.4000,2870.8000,2871.0000,1,1,5,21,4,1,2,1,1,1
SF,IH2006,2020-06-17 14:58:36.200,2869.6000,18164,1,16320328260.000,3,2,1,多开,B,2869.4000,2869.2000,2869.0000,2868.8000,2868.6000,2869.6000,2869.8000,2870.2000,2870.4000,2870.8000,1,5,21,4,3,1,1,2,1,1
SF,IH2006,2020-06-17 14:58:36.700,2869.6000,18164,0,16321189140.000,1,0,1,空换,B,2869.6000,2869.4000,2869.2000,2869.0000,2868.8000,2869.8000,2870.2000,2870.4000,2870.8000,2871.0000,1,1,5,21,4,1,2,1,1,1
SF,IH2006,2020-06-17 14:58:37.200,2869.8000,18165,1,16322050080.000,1,1,0,双开,B,2869.6000,2869.4000,2869.2000,2869.0000,2868.8000,2870.2000,2870.4000,2870.8000,2871.0000,2871.4000,4,1,5,21,4,2,1,1,1,1
SF,IH2006,2020-06-17 14:58:37.700,2869.8000,18165,0,16322050080.000,0,-,-,-,-,2869.8000,2869.6000,2869.4000,2869.2000,2869.0000,2870.2000,2870.4000,2870.8000,2871.0000,2871.4000,1,3,2,5,21,2,1,1,1,1
SF,IH2006,2020-06-17 14:58:38.700,2869.8000,18165,0,16322050080.000,0,-,-,-,-,2869.8000,2869.6000,2869.4000,2869.2000,2869.0000,2870.2000,2870.4000,2870.8000,2871.0000,2871.4000,1,3,2,6,21,2,1,1,1,1
SF,IH2006,2020-06-17 14:58:39.200,2869.8000,18166,1,16322911020.000,1,1,0,双开,B,2869.6000,2869.4000,2869.2000,2869.0000,2868.8000,2870.2000,2870.4000,2870.8000,2871.0000,2871.4000,4,2,6,21,3,1,1,1,1,1
SF,IH2006,2020-06-17 14:58:39.700,2869.8000,18166,0,16322911020.000,0,-,-,-,-,2869.6000,2869.4000,2869.2000,2869.0000,2868.8000,2870.2000,2870.4000,2870.8000,2871.0000,2871.4000,4,2,7,21,3,1,1,2,1,1
SF,IH2006,2020-06-17 14:58:40.200,2869.8000,18166,0,16322911020.000,0,-,-,-,-,2869.6000,2869.4000,2869.2000,2869.0000,2868.8000,2870.2000,2870.4000,2870.8000,2871.0000,2871.4000,4,2,7,21,3,1,1,2,1,1
SF,IH2006,2020-06-17 14:58:41.700,2869.8000,18166,0,16322911020.000,0,-,-,-,-,2869.8000,2869.6000,2869.4000,2869.2000,2869.0000,2870.2000,2870.4000,2870.8000,2871.0000,2871.4000,1,3,2,7,21,1,1,2,1,1
SF,IH2006,2020-06-17 14:58:42.200,2869.8000,18167,1,16323771960.000,1,1,0,双开,B,2869.6000,2869.4000,2869.2000,2869.0000,2868.8000,2870.2000,2870.4000,2870.8000,2871.0000,2871.4000,3,2,7,21,3,5,1,2,1,1
SF,IH2006,2020-06-17 14:58:43.200,2869.8000,18167,0,16323771960.000,0,-,-,-,-,2869.6000,2869.4000,2869.2000,2869.0000,2868.8000,2870.0000,2870.2000,2870.4000,2870.8000,2871.0000,3,2,7,21,3,1,6,1,2,1
SF,IH2006,2020-06-17 14:58:43.700,2869.8000,18167,0,16323771960.000,0,-,-,-,-,2869.6000,2869.4000,2869.2000,2869.0000,2868.8000,2870.0000,2870.2000,2870.4000,2870.8000,2871.0000,3,2,7,21,3,2,5,1,2,1
SF,IH2006,2020-06-17 14:58:44.700,2870.0000,18167,0,16325493960.000,2,1,1,空换,B,2869.6000,2869.4000,2869.2000,2869.0000,2868.8000,2870.0000,2870.2000,2870.4000,2870.8000,2871.0000,3,2,7,21,3,2,5,1,2,1
SF,IH2006,2020-06-17 14:58:45.200,2870.0000,18168,1,16327215960.000,2,1,1,多开,B,2869.6000,2869.4000,2869.2000,2869.0000,2868.8000,2870.0000,2870.2000,2870.4000,2870.8000,2871.0000,3,2,7,21,3,2,5,1,2,1
SF,IH2006,2020-06-17 14:58:45.700,2870.0000,18170,2,16328937960.000,2,2,0,双开,B,2869.8000,2869.6000,2869.4000,2869.2000,2869.0000,2870.0000,2870.2000,2870.4000,2870.8000,2871.0000,2,3,2,7,21,6,5,1,2,1
SF,IH2006,2020-06-17 14:58:46.200,2870.0000,18172,2,16332381960.000,4,3,1,多开,B,2869.8000,2869.6000,2869.4000,2869.2000,2869.0000,2870.0000,2870.2000,2870.4000,2870.8000,2871.0000,2,3,2,7,21,4,4,1,2,1
SF,IH2006,2020-06-17 14:58:46.700,2869.8000,18174,2,16335825900.000,4,3,1,多开,B,2869.8000,2869.6000,2869.4000,2869.2000,2869.0000,2870.0000,2870.2000,2870.4000,2870.8000,2871.0000,1,3,2,7,21,3,4,1,2,1
SF,IH2006,2020-06-17 14:58:47.200,2870.0000,18176,2,16337547900.000,2,2,0,双开,B,2869.8000,2869.6000,2869.4000,2869.2000,2869.0000,2870.0000,2870.2000,2870.4000,2870.8000,2871.0000,1,3,2,7,21,1,4,1,2,1
SF,IH2006,2020-06-17 14:58:47.700,2869.8000,18178,2,16339269840.000,2,2,0,双开,B,2869.6000,2869.4000,2869.2000,2869.0000,2868.8000,2869.8000,2870.0000,2870.2000,2870.4000,2870.8000,3,2,7,21,3,1,4,4,1,2
SF,IH2006,2020-06-17 14:58:48.200,2869.6000,18180,2,16341852600.000,3,2,1,多开,B,2869.6000,2869.4000,2869.2000,2869.0000,2868.8000,2869.8000,2870.0000,2870.2000,2870.4000,2870.8000,2,2,7,21,3,1,4,4,1,2
SF,IH2006,2020-06-17 14:58:48.700,2869.8000,18180,0,16342713540.000,1,0,1,空换,B,2869.6000,2869.4000,2869.2000,2869.0000,2868.8000,2869.8000,2870.0000,2870.2000,2870.4000,2870.8000,2,2,7,21,3,1,7,4,1,2
SF,IH2006,2020-06-17 14:58:49.700,2869.8000,18180,0,16342713540.000,0,-,-,-,-,2869.6000,2869.4000,2869.2000,2869.0000,2868.8000,2869.8000,2870.0000,2870.2000,2870.4000,2870.8000,2,2,7,21,3,1,7,4,1,2
SF,IH2006,2020-06-17 14:58:50.700,2869.8000,18180,0,16342713540.000,0,-,-,-,-,2869.6000,2869.4000,2869.2000,2869.0000,2868.8000,2869.8000,2870.0000,2870.2000,2870.4000,2870.8000,2,2,7,21,3,1,8,4,1,2
SF,IH2006,2020-06-17 14:58:51.200,2870.0000,18182,2,16344435480.000,2,2,0,双开,B,2869.6000,2869.4000,2869.2000,2869.0000,2868.8000,2870.0000,2870.2000,2870.4000,2870.8000,2871.0000,2,2,7,21,3,7,4,1,2,1
SF,IH2006,2020-06-17 14:58:51.700,2870.0000,18183,1,16345296480.000,1,1,0,双开,B,2869.8000,2869.6000,2869.4000,2869.2000,2869.0000,2870.0000,2870.2000,2870.4000,2870.8000,2871.0000,1,2,2,6,21,6,4,1,2,1
SF,IH2006,2020-06-17 14:58:52.200,2870.0000,18183,0,16345296480.000,0,-,-,-,-,2869.8000,2869.6000,2869.4000,2869.2000,2869.0000,2870.0000,2870.2000,2870.4000,2870.8000,2871.0000,1,2,2,6,21,8,4,1,2,1
SF,IH2006,2020-06-17 14:58:53.200,2870.0000,18183,0,16345296480.000,0,-,-,-,-,2869.8000,2869.6000,2869.4000,2869.2000,2869.0000,2870.0000,2870.2000,2870.4000,2870.8000,2871.0000,1,2,2,6,21,8,4,1,2,1
SF,IH2006,2020-06-17 14:58:53.700,2869.8000,18184,1,16346157420.000,1,1,0,双开,B,2869.6000,2869.4000,2869.2000,2869.0000,2868.8000,2870.0000,2870.2000,2870.4000,2870.8000,2871.0000,2,2,6,21,3,8,4,1,2,1
SF,IH2006,2020-06-17 14:58:54.700,2869.8000,18184,0,16346157420.000,0,-,-,-,-,2869.6000,2869.4000,2869.2000,2869.0000,2868.8000,2870.0000,2870.2000,2870.4000,2870.8000,2871.0000,2,2,6,21,3,9,4,1,2,1
SF,IH2006,2020-06-17 14:58:55.200,2869.8000,18184,0,16346157420.000,0,-,-,-,-,2869.6000,2869.4000,2869.2000,2869.0000,2868.8000,2870.0000,2870.2000,2870.4000,2870.8000,2871.0000,3,2,6,21,3,9,4,1,2,1
SF,IH2006,2020-06-17 14:58:55.700,2870.0000,18184,0,16347879420.000,2,1,1,空换,B,2869.6000,2869.4000,2869.2000,2869.0000,2868.8000,2870.0000,2870.2000,2870.4000,2870.8000,2871.0000,3,2,6,21,3,7,4,1,2,1
SF,IH2006,2020-06-17 14:58:56.200,2870.0000,18184,0,16347879420.000,0,-,-,-,-,2869.6000,2869.4000,2869.2000,2869.0000,2868.8000,2870.0000,2870.2000,2870.4000,2870.8000,2871.0000,3,2,6,21,3,7,4,1,3,1
SF,IH2006,2020-06-17 14:58:57.200,2870.0000,18184,0,16347879420.000,0,-,-,-,-,2869.6000,2869.4000,2869.2000,2869.0000,2868.8000,2870.0000,2870.2000,2870.4000,2870.8000,2871.0000,3,3,6,21,3,7,4,1,3,1
SF,IH2006,2020-06-17 14:58:57.700,2870.0000,18184,0,16347879420.000,0,-,-,-,-,2869.6000,2869.4000,2869.2000,2869.0000,2868.8000,2870.0000,2870.2000,2870.4000,2870.8000,2871.0000,3,3,6,21,3,8,4,1,3,1
SF,IH2006,2020-06-17 14:58:58.700,2870.0000,18185,1,16349601420.000,2,1,1,多开,B,2869.6000,2869.4000,2869.2000,2869.0000,2868.8000,2870.0000,2870.2000,2870.4000,2870.8000,2871.0000,3,3,6,21,3,6,4,1,3,1
SF,IH2006,2020-06-17 14:58:59.200,2869.6000,18187,2,16351323300.000,2,2,0,双开,B,2869.6000,2869.4000,2869.2000,2869.0000,2868.8000,2870.0000,2870.2000,2870.4000,2870.8000,2871.0000,4,3,6,21,3,5,4,1,3,1
SF,IH2006,2020-06-17 14:58:59.700,2870.0000,18187,0,16355628180.000,5,2,3,空换,B,2869.8000,2869.6000,2869.4000,2869.2000,2869.0000,2870.0000,2870.2000,2870.4000,2870.8000,2871.0000,1,3,3,6,21,1,4,1,3,1
SF,IH2006,2020-06-17 14:59:00.200,2870.0000,18187,0,16356489180.000,1,0,1,空换,B,2870.0000,2869.8000,2869.6000,2869.4000,2869.2000,2870.2000,2870.4000,2870.8000,2871.0000,2871.4000,1,1,3,3,6,4,1,3,1,2
SF,IH2006,2020-06-17 14:59:00.700,2870.0000,18187,0,16359072300.000,3,1,2,空换,B,2869.8000,2869.6000,2869.4000,2869.2000,2869.0000,2870.2000,2870.4000,2870.8000,2871.0000,2871.4000,1,3,3,6,21,4,1,3,1,2
SF,IH2006,2020-06-17 14:59:01.200,2869.8000,18188,1,16359933240.000,1,1,0,双开,B,2869.6000,2869.4000,2869.2000,2869.0000,2868.8000,2869.8000,2870.2000,2870.4000,2870.8000,2871.0000,3,3,6,21,3,1,4,1,3,1
SF,IH2006,2020-06-17 14:59:01.700,2869.8000,18189,1,16360794180.000,1,1,0,双开,B,2869.6000,2869.4000,2869.2000,2869.0000,2868.8000,2870.2000,2870.4000,2870.8000,2871.0000,2871.4000,3,3,6,21,3,4,1,3,1,2
SF,IH2006,2020-06-17 14:59:02.200,2870.2000,18190,1,16363377360.000,3,2,1,多开,B,2870.0000,2869.6000,2869.4000,2869.2000,2869.0000,2870.2000,2870.4000,2870.8000,2871.0000,2871.4000,1,2,3,6,21,1,1,3,1,2
SF,IH2006,2020-06-17 14:59:02.700,2870.2000,18190,0,16363377360.000,0,-,-,-,-,2870.0000,2869.6000,2869.4000,2869.2000,2869.0000,2870.2000,2870.4000,2870.8000,2871.0000,2871.4000,1,2,3,6,21,1,1,3,1,2
SF,IH2006,2020-06-17 14:59:03.200,2870.0000,18191,1,16364238360.000,1,1,0,双开,B,2869.6000,2869.4000,2869.2000,2869.0000,2868.8000,2870.2000,2870.4000,2870.8000,2871.0000,2871.4000,2,3,5,21,3,1,1,3,1,2
SF,IH2006,2020-06-17 14:59:04.700,2870.2000,18192,1,16365099420.000,1,1,0,双开,B,2869.6000,2869.4000,2869.2000,2869.0000,2868.8000,2870.4000,2870.8000,2871.0000,2871.4000,2871.8000,2,3,5,21,3,1,3,1,2,1
SF,IH2006,2020-06-17 14:59:05.200,2870.2000,18192,0,16365099420.000,0,-,-,-,-,2869.8000,2869.6000,2869.4000,2869.2000,2869.0000,2870.0000,2870.4000,2870.8000,2871.0000,2871.4000,1,3,3,5,21,1,5,3,1,2
SF,IH2006,2020-06-17 14:59:05.700,2869.8000,18193,1,16365960360.000,1,1,0,双开,B,2870.2000,2870.0000,2869.6000,2869.4000,2869.2000,2870.4000,2870.8000,2871.0000,2871.4000,2871.8000,2,1,3,3,5,5,3,1,2,1
SF,IH2006,2020-06-17 14:59:06.200,2870.4000,18195,2,16369404660.000,4,3,1,多开,B,2870.2000,2870.0000,2869.6000,2869.4000,2869.2000,2870.4000,2870.8000,2871.0000,2871.4000,2871.8000,1,1,3,3,5,4,3,1,2,1
SF,IH2006,2020-06-17 14:59:06.700,2870.4000,18197,2,16371126840.000,2,2,0,双开,B,2870.2000,2870.0000,2869.6000,2869.4000,2869.2000,2870.4000,2870.8000,2871.0000,2871.4000,2871.8000,2,1,3,3,5,3,3,1,2,1
SF,IH2006,2020-06-17 14:59:07.200,2870.4000,18197,0,16371987960.000,1,0,1,空换,B,2870.2000,2870.0000,2869.6000,2869.4000,2869.2000,2870.4000,2870.8000,2871.0000,2871.4000,2871.8000,3,1,3,3,5,2,3,1,2,1
SF,IH2006,2020-06-17 14:59:07.700,2870.4000,18198,1,16372849080.000,1,1,0,双开,B,2870.2000,2870.0000,2869.6000,2869.4000,2869.2000,2870.4000,2870.8000,2871.0000,2871.4000,2871.8000,3,1,3,3,5,1,3,1,2,1
SF,IH2006,2020-06-17 14:59:08.200,2870.4000,18198,0,16372849080.000,0,-,-,-,-,2870.2000,2870.0000,2869.6000,2869.4000,2869.2000,2870.4000,2870.8000,2871.0000,2871.4000,2871.8000,3,2,3,3,5,1,3,1,2,1
SF,IH2006,2020-06-17 14:59:08.700,2870.2000,18200,2,16374571200.000,2,2,0,双开,B,2870.2000,2870.0000,2869.6000,2869.4000,2869.2000,2870.4000,2870.8000,2871.0000,2871.4000,2871.8000,1,2,3,3,4,1,3,1,2,1
SF,IH2006,2020-06-17 14:59:09.200,2870.2000,18200,0,16375432260.000,1,0,1,空换,B,2870.0000,2869.6000,2869.4000,2869.2000,2869.0000,2870.4000,2870.8000,2871.0000,2871.4000,2871.8000,2,3,3,4,21,1,3,1,2,1
SF,IH2006,2020-06-17 14:59:09.700,2870.2000,18200,0,16375432260.000,0,-,-,-,-,2870.0000,2869.6000,2869.4000,2869.2000,2869.0000,2870.2000,2870.4000,2870.8000,2871.0000,2871.4000,2,3,3,3,21,3,2,3,1,2
SF,IH2006,2020-06-17 14:59:10.200,2870.2000,18201,1,16376293320.000,1,1,0,双开,B,2870.0000,2869.6000,2869.4000,2869.2000,2869.0000,2870.2000,2870.4000,2870.8000,2871.0000,2871.4000,2,3,3,3,21,3,1,3,1,2
SF,IH2006,2020-06-17 14:59:10.700,2870.2000,18201,0,16376293320.000,0,-,-,-,-,2870.0000,2869.6000,2869.4000,2869.2000,2869.0000,2870.2000,2870.4000,2870.8000,2871.0000,2871.4000,2,3,3,3,21,3,1,3,1,2
SF,IH2006,2020-06-17 14:59:11.700,2870.0000,18202,1,16377154320.000,1,1,0,双开,B,2870.0000,2869.6000,2869.4000,2869.2000,2869.0000,2870.2000,2870.4000,2870.8000,2871.0000,2871.4000,1,3,3,3,21,3,1,3,1,2
SF,IH2006,2020-06-17 14:59:12.200,2870.4000,18205,3,16379737560.000,3,3,0,双开,B,2870.2000,2870.0000,2869.6000,2869.4000,2869.2000,2870.8000,2871.0000,2871.4000,2871.8000,2872.0000,3,2,1,3,3,3,1,2,1,3
SF,IH2006,2020-06-17 14:59:12.700,2870.4000,18205,0,16379737560.000,0,-,-,-,-,2870.6000,2870.2000,2870.0000,2869.6000,2869.4000,2870.8000,2871.0000,2871.4000,2871.8000,2872.0000,1,4,1,1,3,3,1,2,1,3
SF,IH2006,2020-06-17 14:59:13.200,2870.6000,18206,1,16380598740.000,1,1,0,双开,B,2870.6000,2870.2000,2870.0000,2869.8000,2869.6000,2870.8000,2871.0000,2871.4000,2871.8000,2872.0000,1,3,1,1,1,4,1,2,1,3
SF,IH2006,2020-06-17 14:59:13.700,2870.6000,18206,0,16380598740.000,0,-,-,-,-,2870.6000,2870.2000,2870.0000,2869.8000,2869.6000,2870.8000,2871.0000,2871.4000,2871.8000,2872.0000,1,3,1,1,1,4,1,2,1,3
SF,IH2006,2020-06-17 14:59:14.200,2870.6000,18206,0,16380598740.000,0,-,-,-,-,2870.6000,2870.2000,2870.0000,2869.8000,2869.6000,2870.8000,2871.0000,2871.4000,2871.8000,2872.0000,1,3,1,2,1,4,1,2,1,3
SF,IH2006,2020-06-17 14:59:14.700,2870.6000,18207,1,16381459920.000,1,1,0,双开,B,2870.2000,2870.0000,2869.8000,2869.6000,2869.4000,2870.8000,2871.0000,2871.4000,2871.8000,2872.0000,3,1,2,1,3,4,1,2,1,3
SF,IH2006,2020-06-17 14:59:15.200,2870.6000,18207,0,16381459920.000,0,-,-,-,-,2870.2000,2870.0000,2869.8000,2869.6000,2869.4000,2870.8000,2871.0000,2871.4000,2871.8000,2872.0000,3,1,2,1,3,5,1,2,1,3
SF,IH2006,2020-06-17 14:59:15.700,2870.8000,18208,1,16382321160.000,1,1,0,双开,B,2870.2000,2870.0000,2869.8000,2869.6000,2869.4000,2870.8000,2871.0000,2871.4000,2871.8000,2872.0000,3,1,2,2,3,4,1,2,1,3
SF,IH2006,2020-06-17 14:59:16.200,2870.2000,18209,1,16383182220.000,1,1,0,双开,B,2870.2000,2870.0000,2869.8000,2869.6000,2869.4000,2870.8000,2871.0000,2871.4000,2871.8000,2872.0000,2,1,2,2,3,4,1,2,1,3
SF,IH2006,2020-06-17 14:59:16.700,2870.8000,18209,0,16384043460.000,1,0,1,空换,B,2870.4000,2870.2000,2870.0000,2869.8000,2869.6000,2870.8000,2871.0000,2871.4000,2871.8000,2872.0000,1,2,3,2,2,3,1,2,1,3
SF,IH2006,2020-06-17 14:59:17.200,2870.8000,18209,0,16384043460.000,0,-,-,-,-,2870.4000,2870.2000,2870.0000,2869.8000,2869.6000,2870.8000,2871.0000,2871.4000,2871.8000,2872.0000,1,4,3,2,2,3,1,2,1,3
SF,IH2006,2020-06-17 14:59:18.200,2870.4000,18210,1,16384904580.000,1,1,0,双开,B,2870.2000,2870.0000,2869.8000,2869.6000,2869.4000,2870.4000,2870.8000,2871.0000,2871.4000,2871.8000,4,3,2,2,3,1,3,1,2,1
SF,IH2006,2020-06-17 14:59:18.700,2870.4000,18212,2,16386626820.000,2,2,0,双开,B,2870.4000,2870.2000,2870.0000,2869.8000,2869.6000,2870.8000,2871.0000,2871.4000,2871.8000,2872.0000,1,5,3,2,2,2,1,2,1,3
SF,IH2006,2020-06-17 14:59:19.200,2871.0000,18212,0,16389210600.000,3,1,2,空换,B,2870.4000,2870.2000,2870.0000,2869.8000,2869.6000,2871.4000,2871.8000,2872.0000,2872.4000,2872.6000,1,5,3,2,2,2,1,3,1,1
SF,IH2006,2020-06-17 14:59:19.700,2871.0000,18212,0,16389210600.000,0,-,-,-,-,2870.6000,2870.4000,2870.2000,2870.0000,2869.8000,2871.2000,2871.4000,2871.8000,2872.0000,2872.4000,4,1,5,4,2,2,2,1,4,1
SF,IH2006,2020-06-17 14:59:20.200,2871.0000,18214,2,16391794380.000,3,2,1,多开,B,2870.6000,2870.4000,2870.2000,2870.0000,2869.8000,2871.4000,2871.8000,2872.0000,2872.4000,2872.6000,1,1,5,3,2,2,1,4,1,1
SF,IH2006,2020-06-17 14:59:20.700,2870.6000,18214,0,16392655560.000,1,0,1,空换,B,2870.6000,2870.4000,2870.2000,2870.0000,2869.8000,2871.0000,2871.2000,2871.4000,2871.8000,2872.0000,1,1,5,3,2,1,1,7,1,4
SF,IH2006,2020-06-17 14:59:21.200,2870.6000,18214,0,16392655560.000,0,-,-,-,-,2870.6000,2870.4000,2870.2000,2870.0000,2869.8000,2870.8000,2871.0000,2871.2000,2871.4000,2871.8000,1,1,5,3,2,3,1,2,7,1
SF,IH2006,2020-06-17 14:59:21.700,2870.6000,18214,0,16392655560.000,0,-,-,-,-,2870.6000,2870.4000,2870.2000,2870.0000,2869.8000,2870.8000,2871.0000,2871.2000,2871.4000,2871.8000,1,1,5,3,2,4,1,2,7,1
SF,IH2006,2020-06-17 14:59:22.200,2870.8000,18216,2,16394377980.000,2,2,0,双开,B,2870.4000,2870.2000,2870.0000,2869.8000,2869.6000,2870.8000,2871.0000,2871.2000,2871.4000,2871.8000,1,4,3,2,3,3,1,2,7,1
SF,IH2006,2020-06-17 14:59:22.700,2870.8000,18216,0,16394377980.000,0,-,-,-,-,2870.4000,2870.2000,2870.0000,2869.8000,2869.6000,2870.8000,2871.0000,2871.2000,2871.4000,2871.8000,2,4,3,1,3,3,1,1,7,1
SF,IH2006,2020-06-17 14:59:23.200,2870.8000,18216,0,16394377980.000,0,-,-,-,-,2870.4000,2870.2000,2870.0000,2869.8000,2869.6000,2870.6000,2870.8000,2871.0000,2871.2000,2871.4000,2,4,3,1,3,1,3,1,1,7
SF,IH2006,2020-06-17 14:59:23.700,2870.4000,18217,1,16395239100.000,1,1,0,双开,B,2870.2000,2870.0000,2869.8000,2869.6000,2869.4000,2870.6000,2870.8000,2871.0000,2871.2000,2871.4000,4,3,1,3,2,1,3,1,1,7
SF,IH2006,2020-06-17 14:59:24.200,2870.4000,18217,0,16395239100.000,0,-,-,-,-,2870.2000,2870.0000,2869.8000,2869.6000,2869.4000,2870.4000,2870.6000,2870.8000,2871.0000,2871.2000,5,3,1,3,2,1,2,2,1,1
SF,IH2006,2020-06-17 14:59:24.700,2871.0000,18216,-1,16400406360.000,6,2,4,空平,B,2870.2000,2870.0000,2869.8000,2869.6000,2869.4000,2871.2000,2871.4000,2871.6000,2871.8000,2872.0000,4,3,1,3,2,1,7,1,1,4
SF,IH2006,2020-06-17 14:59:25.200,2871.0000,18216,0,16400406360.000,0,-,-,-,-,2870.4000,2870.2000,2870.0000,2869.8000,2869.6000,2870.6000,2870.8000,2871.0000,2871.2000,2871.4000,5,5,3,1,3,1,3,1,1,7
SF,IH2006,2020-06-17 14:59:25.700,2870.2000,18218,2,16402989720.000,3,2,1,多开,B,2870.6000,2870.2000,2870.0000,2869.8000,2869.6000,2871.2000,2871.4000,2871.6000,2871.8000,2872.0000,1,3,3,1,3,1,7,1,1,4
SF,IH2006,2020-06-17 14:59:26.200,2870.2000,18217,-1,16403850780.000,1,0,1,双平,B,2870.6000,2870.2000,2870.0000,2869.8000,2869.6000,2871.2000,2871.4000,2871.6000,2871.8000,2872.0000,1,3,3,1,3,1,7,1,1,4
SF,IH2006,2020-06-17 14:59:26.700,2870.2000,18217,0,16403850780.000,0,-,-,-,-,2870.6000,2870.2000,2870.0000,2869.8000,2869.6000,2871.2000,2871.4000,2871.6000,2871.8000,2872.0000,1,3,3,1,3,1,7,1,1,4
SF,IH2006,2020-06-17 14:59:27.700,2870.2000,18217,0,16403850780.000,0,-,-,-,-,2870.6000,2870.2000,2870.0000,2869.8000,2869.6000,2871.2000,2871.4000,2871.6000,2871.8000,2872.0000,1,3,3,1,3,1,7,1,1,4
SF,IH2006,2020-06-17 14:59:29.700,2870.2000,18217,0,16403850780.000,0,-,-,-,-,2870.6000,2870.2000,2870.0000,2869.8000,2869.6000,2871.0000,2871.2000,2871.4000,2871.6000,2871.8000,1,3,3,1,3,1,2,7,1,1
SF,IH2006,2020-06-17 14:59:30.200,2871.0000,18217,0,16404712080.000,1,0,1,空换,B,2870.6000,2870.2000,2870.0000,2869.8000,2869.6000,2871.2000,2871.4000,2871.6000,2871.8000,2872.0000,1,3,3,1,3,1,7,1,1,4
SF,IH2006,2020-06-17 14:59:30.700,2871.0000,18217,0,16404712080.000,0,-,-,-,-,2870.6000,2870.2000,2870.0000,2869.8000,2869.6000,2870.8000,2871.2000,2871.4000,2871.6000,2871.8000,1,3,3,1,3,1,1,7,1,1
SF,IH2006,2020-06-17 14:59:31.200,2871.4000,18220,3,16407296160.000,3,3,0,双开,B,2871.2000,2870.6000,2870.4000,2870.2000,2870.0000,2871.4000,2871.6000,2871.8000,2872.0000,2872.4000,1,1,2,3,3,7,1,1,4,1
SF,IH2006,2020-06-17 14:59:31.700,2870.6000,18220,0,16409880120.000,3,1,2,空换,B,2870.4000,2870.2000,2870.0000,2869.8000,2869.6000,2870.6000,2871.2000,2871.4000,2871.6000,2871.8000,2,4,3,1,3,5,1,6,1,1
SF,IH2006,2020-06-17 14:59:32.200,2870.6000,18222,2,16415908560.000,7,4,3,多开,B,2870.4000,2870.2000,2870.0000,2869.8000,2869.6000,2870.6000,2871.4000,2871.6000,2871.8000,2872.0000,2,4,3,1,3,1,6,1,1,4
SF,IH2006,2020-06-17 14:59:32.700,2871.4000,18224,2,16419353700.000,4,3,1,多开,B,2870.6000,2870.4000,2870.2000,2870.0000,2869.8000,2871.4000,2871.6000,2871.8000,2872.0000,2872.6000,1,1,4,3,1,4,1,1,4,1
SF,IH2006,2020-06-17 14:59:33.200,2871.4000,18224,0,16419353700.000,0,-,-,-,-,2870.6000,2870.4000,2870.2000,2870.0000,2869.8000,2871.4000,2871.6000,2871.8000,2872.0000,2872.6000,2,1,4,3,1,4,1,1,3,1
SF,IH2006,2020-06-17 14:59:34.200,2871.4000,18224,0,16419353700.000,0,-,-,-,-,2870.6000,2870.4000,2870.2000,2870.0000,2869.8000,2871.4000,2871.6000,2871.8000,2872.0000,2872.8000,4,1,4,3,1,5,1,1,3,4
SF,IH2006,2020-06-17 14:59:35.200,2871.4000,18224,0,16419353700.000,0,-,-,-,-,2870.6000,2870.2000,2870.0000,2869.8000,2869.6000,2871.4000,2871.6000,2871.8000,2872.0000,2872.8000,4,4,3,1,3,5,1,1,3,4
SF,IH2006,2020-06-17 14:59:36.200,2871.4000,18224,0,16420215120.000,1,0,1,空换,B,2870.6000,2870.2000,2870.0000,2869.8000,2869.6000,2871.4000,2871.6000,2871.8000,2872.0000,2872.8000,4,4,3,1,3,4,1,1,3,4
SF,IH2006,2020-06-17 14:59:36.700,2871.4000,18224,0,16420215120.000,0,-,-,-,-,2870.6000,2870.2000,2870.0000,2869.8000,2869.6000,2871.0000,2871.4000,2871.6000,2871.8000,2872.0000,4,4,3,1,4,1,4,1,1,2
SF,IH2006,2020-06-17 14:59:37.200,2871.4000,18224,0,16421937960.000,2,1,1,空换,B,2870.8000,2870.6000,2870.2000,2870.0000,2869.8000,2871.4000,2871.6000,2871.8000,2872.0000,2872.8000,1,4,4,3,1,3,1,1,2,4
SF,IH2006,2020-06-17 14:59:37.700,2871.4000,18225,1,16422799380.000,1,1,0,双开,B,2870.8000,2870.6000,2870.2000,2870.0000,2869.8000,2871.4000,2871.6000,2871.8000,2872.0000,2872.8000,1,4,4,3,1,2,1,1,2,4
SF,IH2006,2020-06-17 14:59:38.200,2871.4000,18226,1,16423660800.000,1,1,0,双开,B,2870.8000,2870.6000,2870.2000,2870.0000,2869.8000,2871.4000,2871.6000,2871.8000,2872.0000,2872.8000,1,4,4,3,1,1,1,1,2,4
SF,IH2006,2020-06-17 14:59:38.700,2871.4000,18226,0,16425383460.000,2,1,1,空换,B,2871.0000,2870.6000,2870.2000,2870.0000,2869.8000,2871.2000,2871.6000,2871.8000,2872.0000,2872.8000,1,4,4,3,1,1,1,1,2,4
SF,IH2006,2020-06-17 14:59:39.200,2871.2000,18227,1,16427106120.000,2,1,1,多开,B,2870.8000,2870.6000,2870.2000,2870.0000,2869.8000,2871.0000,2871.6000,2871.8000,2872.0000,2872.8000,1,4,4,3,1,1,1,1,2,4
SF,IH2006,2020-06-17 14:59:39.700,2871.0000,18228,1,16428828780.000,2,1,1,多开,B,2870.8000,2870.6000,2870.2000,2870.0000,2869.8000,2871.0000,2871.6000,2871.8000,2872.0000,2872.8000,1,4,3,3,1,2,1,1,2,4
SF,IH2006,2020-06-17 14:59:40.200,2871.0000,18231,3,16431412620.000,3,3,0,双开,B,2870.6000,2870.2000,2870.0000,2869.6000,2869.4000,2871.0000,2871.6000,2871.8000,2872.0000,2872.8000,4,4,3,4,1,1,1,1,2,4
SF,IH2006,2020-06-17 14:59:40.700,2870.8000,18231,0,16432273860.000,1,0,1,空换,B,2870.6000,2870.2000,2870.0000,2869.6000,2869.4000,2871.0000,2871.6000,2871.8000,2872.0000,2872.8000,3,4,3,4,1,1,1,1,2,4
SF,IH2006,2020-06-17 14:59:41.200,2870.8000,18231,0,16432273860.000,0,-,-,-,-,2870.8000,2870.6000,2870.2000,2870.0000,2869.6000,2871.0000,2871.6000,2871.8000,2872.0000,2872.8000,2,3,4,3,4,6,1,1,2,4
SF,IH2006,2020-06-17 14:59:41.700,2870.8000,18232,1,16433135100.000,1,1,0,双开,B,2870.8000,2870.6000,2870.2000,2870.0000,2869.6000,2871.0000,2871.6000,2871.8000,2872.0000,2872.8000,1,2,4,3,4,6,1,1,2,4
SF,IH2006,2020-06-17 14:59:42.200,2870.8000,18232,0,16433135100.000,0,-,-,-,-,2870.8000,2870.6000,2870.2000,2870.0000,2869.6000,2871.0000,2871.6000,2871.8000,2872.0000,2872.8000,2,2,4,3,4,6,1,1,2,4
SF,IH2006,2020-06-17 14:59:42.700,2871.0000,18233,1,16433996400.000,1,1,0,双开,B,2870.8000,2870.6000,2870.2000,2870.0000,2869.6000,2871.0000,2871.6000,2871.8000,2872.0000,2872.8000,2,2,4,3,4,10,1,1,2,4
SF,IH2006,2020-06-17 14:59:43.700,2871.0000,18234,1,16434857700.000,1,1,0,双开,B,2870.8000,2870.6000,2870.2000,2870.0000,2869.6000,2871.0000,2871.6000,2871.8000,2872.0000,2872.8000,2,2,4,3,4,9,1,1,2,4
SF,IH2006,2020-06-17 14:59:44.200,2871.0000,18241,7,16441747980.000,8,7,1,多开,B,2870.6000,2870.2000,2870.0000,2869.6000,2869.4000,2870.8000,2871.0000,2871.6000,2871.8000,2872.0000,2,4,3,4,1,1,3,1,1,2
SF,IH2006,2020-06-17 14:59:44.700,2871.0000,18242,1,16442609280.000,1,1,0,双开,B,2870.6000,2870.2000,2870.0000,2869.6000,2869.4000,2870.8000,2871.0000,2871.6000,2871.8000,2872.0000,1,4,3,4,1,1,4,1,1,2
SF,IH2006,2020-06-17 14:59:46.200,2870.8000,18243,1,16444331820.000,2,1,1,多开,B,2870.6000,2870.2000,2870.0000,2869.6000,2869.4000,2871.0000,2871.6000,2871.8000,2872.0000,2872.8000,1,4,3,4,1,4,1,1,2,4
SF,IH2006,2020-06-17 14:59:46.700,2870.8000,18245,2,16446915300.000,3,2,1,多开,B,2870.8000,2870.6000,2870.2000,2870.0000,2869.6000,2871.0000,2871.6000,2871.8000,2872.0000,2872.8000,1,2,3,3,4,4,1,1,2,4
SF,IH2006,2020-06-17 14:59:47.200,2871.0000,18248,3,16450360500.000,4,3,1,多开,B,2870.8000,2870.6000,2870.2000,2870.0000,2869.6000,2871.6000,2871.8000,2872.0000,2872.8000,2873.2000,1,2,3,3,4,1,1,2,4,1
SF,IH2006,2020-06-17 14:59:47.700,2871.6000,18247,-1,16452083460.000,2,0,2,空平,B,2871.0000,2870.8000,2870.6000,2870.2000,2870.0000,2871.8000,2872.0000,2872.8000,2873.2000,2873.6000,1,1,2,3,3,1,2,4,1,1
SF,IH2006,2020-06-17 14:59:48.200,2870.8000,18246,-1,16454667240.000,3,1,2,空平,B,2870.6000,2870.2000,2870.0000,2869.6000,2869.4000,2871.0000,2871.8000,2872.0000,2872.8000,2873.2000,2,3,2,4,2,1,1,2,4,1
SF,IH2006,2020-06-17 14:59:48.700,2870.6000,18247,1,16455528420.000,1,1,0,双开,B,2870.6000,2870.2000,2870.0000,2869.6000,2869.4000,2871.0000,2871.8000,2872.0000,2872.8000,2873.2000,1,3,2,4,2,1,1,2,4,1
SF,IH2006,2020-06-17 14:59:49.200,2870.6000,18248,1,16456389600.000,1,1,0,双开,B,2870.2000,2870.0000,2869.6000,2869.4000,2869.2000,2871.0000,2871.8000,2872.0000,2872.8000,2873.2000,3,2,4,2,1,1,1,2,4,1
SF,IH2006,2020-06-17 14:59:49.700,2870.6000,18248,0,16456389600.000,0,-,-,-,-,2870.4000,2870.2000,2870.0000,2869.6000,2869.4000,2871.0000,2871.8000,2872.0000,2872.8000,2873.2000,1,3,2,4,2,1,1,2,4,1
SF,IH2006,2020-06-17 14:59:50.200,2871.0000,18248,0,16457250900.000,1,0,1,空换,B,2870.4000,2870.2000,2870.0000,2869.6000,2869.4000,2871.8000,2872.0000,2872.8000,2873.2000,2873.6000,1,3,2,4,2,1,2,4,1,1
SF,IH2006,2020-06-17 14:59:50.700,2871.6000,18252,4,16464141240.000,8,6,2,多开,B,2870.2000,2870.0000,2869.6000,2869.4000,2869.2000,2871.6000,2871.8000,2872.0000,2872.8000,2873.2000,1,2,4,2,1,1,1,2,3,1
SF,IH2006,2020-06-17 14:59:51.700,2871.6000,18252,0,16464141240.000,0,-,-,-,-,2870.6000,2870.2000,2870.0000,2869.6000,2869.4000,2871.0000,2871.6000,2871.8000,2872.0000,2872.8000,3,1,2,4,2,1,1,1,2,3
SF,IH2006,2020-06-17 14:59:52.200,2871.0000,18253,1,16465864020.000,2,1,1,多开,B,2870.6000,2870.2000,2870.0000,2869.6000,2869.4000,2871.6000,2871.8000,2872.0000,2872.8000,2873.2000,3,1,2,4,2,2,1,2,3,1
SF,IH2006,2020-06-17 14:59:52.700,2871.4000,18252,-1,16468448400.000,3,1,2,空平,B,2870.8000,2870.6000,2870.2000,2870.0000,2869.6000,2871.8000,2872.0000,2872.8000,2873.2000,2873.6000,1,3,1,2,4,1,2,3,1,1
SF,IH2006,2020-06-17 14:59:53.200,2870.8000,18252,0,16469309640.000,1,0,1,空换,B,2870.6000,2870.2000,2870.0000,2869.6000,2869.4000,2870.8000,2871.8000,2872.0000,2872.8000,2873.2000,3,1,2,4,2,2,1,2,3,1
SF,IH2006,2020-06-17 14:59:53.700,2870.8000,18253,1,16471032120.000,2,1,1,多开,B,2870.6000,2870.2000,2870.0000,2869.6000,2869.4000,2870.8000,2871.8000,2872.0000,2872.8000,2873.2000,3,1,2,4,2,1,1,2,3,1
SF,IH2006,2020-06-17 14:59:54.200,2871.8000,18255,2,16472754900.000,2,2,0,双开,B,2870.8000,2870.6000,2870.2000,2870.0000,2869.6000,2871.2000,2872.0000,2872.8000,2873.2000,2873.6000,2,4,1,2,4,1,2,3,1,1
SF,IH2006,2020-06-17 14:59:54.700,2871.2000,18253,-2,16475338740.000,3,0,3,空平,B,2870.8000,2870.6000,2870.2000,2870.0000,2869.6000,2871.2000,2872.0000,2872.8000,2873.2000,2873.6000,1,4,1,2,4,1,2,3,1,1
SF,IH2006,2020-06-17 14:59:55.200,2870.8000,18254,1,16477061220.000,2,1,1,多开,B,2870.6000,2870.2000,2870.0000,2869.6000,2869.4000,2870.8000,2871.2000,2872.0000,2872.8000,2873.2000,4,1,2,4,2,1,1,2,3,2
SF,IH2006,2020-06-17 14:59:55.700,2870.6000,18258,4,16480505940.000,4,4,0,双开,B,2870.2000,2870.0000,2869.6000,2869.4000,2869.2000,2870.8000,2871.2000,2872.0000,2872.8000,2873.2000,1,2,4,2,1,1,1,2,3,2
SF,IH2006,2020-06-17 14:59:56.200,2870.6000,18258,0,16480505940.000,0,-,-,-,-,2870.2000,2870.0000,2869.6000,2869.4000,2869.2000,2871.2000,2872.0000,2872.8000,2873.2000,2873.6000,1,2,4,2,1,1,2,3,2,1
SF,IH2006,2020-06-17 14:59:57.200,2870.6000,18258,0,16480505940.000,0,-,-,-,-,2870.8000,2870.2000,2870.0000,2869.6000,2869.4000,2871.2000,2872.0000,2872.8000,2873.2000,2873.6000,1,1,2,4,2,1,2,3,2,1
SF,IH2006,2020-06-17 14:59:58.200,2870.6000,18259,1,16482228300.000,2,1,1,多开,B,2870.2000,2870.0000,2869.6000,2869.4000,2869.2000,2870.8000,2871.2000,2871.6000,2872.0000,2872.8000,1,2,4,2,1,1,1,1,2,3
SF,IH2006,2020-06-17 14:59:59.700,2870.8000,18259,0,16483089540.000,1,0,1,空换,B,2870.8000,2870.2000,2870.0000,2869.6000,2869.4000,2871.2000,2871.6000,2872.0000,2872.8000,2873.2000,1,2,2,3,2,1,1,2,3,2
SF,IH2006,2020-06-17 15:00:00.200,2871.2000,18259,0,16483950900.000,1,0,1,空换,B,2870.8000,2870.2000,2870.0000,2869.6000,2869.4000,2871.6000,2872.0000,2872.8000,2873.2000,2873.6000,1,2,2,3,2,1,2,3,2,1
SF,IH2006,2020-06-17 15:29:06.700,2871.2000,18259,0,16483950900.000,0,-,-,-,-,2870.8000,2870.2000,2870.0000,2869.6000,2869.4000,2871.6000,2872.0000,2872.8000,2873.2000,2873.6000,1,2,2,3,2,1,2,3,2,1
SF,IH2006,2020-06-17 15:34:23.700,2871.2000,18259,0,16483950900.000,0,-,-,-,-,2870.8000,2870.2000,2870.0000,2869.6000,2869.4000,2871.6000,2872.0000,2872.8000,2873.2000,2873.6000,1,2,2,3,2,1,2,3,2,1
SF,IH2006,2020-06-17 15:39:51.700,2871.2000,18259,0,16483950900.000,0,-,-,-,-,2870.8000,2870.2000,2870.0000,2869.6000,2869.4000,2871.6000,2872.0000,2872.8000,2873.2000,2873.6000,1,2,2,3,2,1,2,3,2,1
